#class	isLiteral
ForelimbStrengthTest	false
BrainNucleus	false
CompleteTransection	false
RecombinantEPORhEpo	false
NYUImpactor	false
ShamOperation	false
Celebocid	false
NormoxicBreathingTest	false
Nutrition	false
CuttingDevice	false
MagnesiumSulfate	false
NonPathologicalConstraint	false
MesenchymalStemCell	false
DorsalInjuryArea	false
BoneMarrowStemCell	false
Thickness	true
BBBTest	false
EstradiolBenzoate	false
CompoundSource	false
ContactDeliveryMethod	false
NonNumericValue	true
qudt#Quantity	false
MolecularChangesTest	false
VonFreyFilaments	false
MagneticFieldApplication	false
SpatialDimensions	false
StainingArea	false
NuclearTransfection	false
ApplicationInstrument	false
EvansBlue	false
time#TemporalEntity	false
LouisvilleSwimScale	false
SpinalFiberTract	false
Vibraknife	false
DorsalHemisection	false
ImpairmentProgression	false
ForelimbAsymmetryTest	false
DistractorDevices	false
ExperimentalGroup	false
Allogeneic	false
DeliveryMethod	false
CytrexCorporation	false
SpinalVentralHalf	false
Rostral	false
TissueSparingTest	false
InjuryByAccidentType	false
DorsalColumn	false
MotoRater	false
SpinalFiber	false
SelfMutilationObservation	false
LethargyObservation	false
ChondroitinaseABC	false
Length	true
BreathingTest	false
Phenytoine	false
CellDeathInduction	false
SurvivalObservation	false
VentilationNeed	false
ElectromagneticFieldTreatment	false
InfectionExamination	false
Left	false
GeneExpressionAnalysis	false
SubstanceApplicationLocation	false
SignalIntensity	false
Transfection	false
C1	false
CystVolumeTest	false
LaminectomyType	false
C2	false
C3	false
C4	false
Retrovirus	false
Tissue	false
C5	false
C6	false
C7	false
RemovalLatency	false
ChinaShenyangSunshinePharmaceuticalCompany	false
NeurologicScalesTest	false
TShapedLesion	false
RubrospinalTract	false
Diazepam	false
Weight	true
FineMotorControlAbility	false
AnimalSpecies	false
RegularityIndex	false
MASCISImpactor	false
Halothane	false
Latency	false
ProgressivePathology	false
GripStrengthMeter	false
Methanesulfonamide	false
PrintArea	false
Scissors	false
NT3Lentivirus	false
MotorNeurons	false
Perpendicular	false
FunctionalTest	false
InvestigationMethod	false
SwingDuration	false
Contusion	false
Saline	false
RegularWalkingPatternMaintaining	false
HargreavesApparatus	false
UnivOfTriesteImpactor	false
FootprintAnalysisTest	false
ModificationTreatment	false
Dosage	true
Dislocation	false
TreadmillTraining	false
IntramuscularLocation	false
VeinLocation	false
Ventral	false
StepError	false
NNumber	true
OvariectomyTreatment	false
Vehicle	false
MyelinationTest	false
Intrathecal	false
ToxicityTest	false
PBS	false
Neurotrophin3	false
Retransection	false
CompoundTreatment	false
AtorvastatinAT	false
StemCell	false
DistractionType	false
Proliferation	false
Duration	true
PolyethyleneGlycolPEG	false
Mexiletine	false
LesionAdjacentTissue	false
GaitPawRotation	false
Anaesthetic	false
ContactPlacingResponseTest	false
DogSpecies	false
CentralNervousSystem	false
StainingLength	false
OscillatingFieldStimulator	false
Fibroblast	false
LimbRotation	false
RocheMexico	false
TemporalInterval	false
T50MeanArterialPressure	false
Interval	true
ApoptosisTest	false
LadderRungTest	false
DMSO	false
P188	false
StainingDensity	false
CardioVascularFunctionTest	false
WistarRat	false
MotorFunction	false
OralDelivery	false
MeanValue	true
BBBSubscoreTest	false
Matrix	false
SpinalCentralPart	false
InjuryArea	false
HarringtonDistractor	false
Forceps	false
NarrowBeamTest	false
Age	true
AcetylsalicylicAcid	false
MildInjury	false
GuineaPigSpecies	false
ElectrophysiologicalAmplitude	false
LocomotorFunction	false
TotalPopulationSize	true
AxonalDiebackTest	false
Hormone	false
ShortTermCultivaton	false
NonNeuronalCellChangesTest	false
SpinalCordStump	false
ForcedFeedingNeed	false
LithiumChloride	false
DNA	false
Dipyridamol	false
SpasticityObservation	false
FogartyBalloonCatheter	false
IrisClip	false
HeartRate	false
Brain	false
OSUImpactor	false
Erythropoietin	false
VegetableOil	false
AscendingFiberTract	false
SpinalWhiteMatter	false
ElectricFieldStrength	true
PregnenoloneS	false
AntibioticMedication	false
Depth	true
HeatSensation	false
Electrodes	false
MedianValue	true
PhysicalImplantTreatment	false
MeasurementOfIncreasingTemperature	false
MethylprednisoloneMP	false
StandardDeviation	true
Distance	true
Diameter	false
BMSTest	false
ErrorStepRatio	false
Cannula	false
UmbilicalCordBloodStemCell	false
Contrallateral	false
MinipigSpecies	false
UrinePressure	false
CompoundSupplier	false
ContusionType	false
OpenFieldTest	false
Pressure	true
CyclosporineA	false
GlialCell	false
ForelimbHindlimbCouplingAbility	false
SpinalGrayMatter	false
Gelfoam	false
PawWidth	false
Rolipram	false
Differentiation	false
Clodronate	false
CompressionType	false
Melatonin	false
Constraint	false
PostSurgeryCondition	false
Injury	false
VimentinAntiSenseDNA	false
Pregabalin	false
Direction	false
SodiumPentobarbital	false
VertebralArea	false
ThermalHyperalgesiaTest	false
VertebralSegment	false
KeepingCondition	false
Enzyme	false
StepParameter	false
AntiCD11dAntibody	false
NonFunctionalTest	false
CurrentApplication	false
BW755C	false
L1	false
ImplantedDepotPellet	false
Comorbidity	false
L2	false
L3	false
L4	false
Pioglitazone	false
L5	false
WhishawApparatus	false
RunwayScan	false
InflammationTest	false
GaitTest	false
T11	false
T10	false
T13	false
T12	false
DescendingFiberTract	false
PartialTransection	false
Value	true
Lumbar	false
TemporalParameter	false
Distraction	false
LightSource	false
GreenFluorescentProtein	false
Compression	false
Seikagaku	false
RNA	false
Rotarod	false
SerotonergicFibers	false
MeasurementOfDecreasingTemperature	false
IntraperitonealLocation	false
AnalyzedExperimentalGroup	false
BladderSize	false
ArylsulfataseB	false
Penicillinase	false
TouchSensation	false
InjuryByAccident	false
Ibuprofen	false
Cyst	false
AngiogenesisTest	false
MonkeySpecies	false
Cell	false
NektarTherapeuticsInc	false
LewisRat	false
Iloprost	false
ObservationOfAnimalBehaviour	false
BladderWeight	false
MotorTest	false
SpinalDorsalHalf	false
AstrogliosisTest	false
Compound	false
WalkingAnalysisTest	false
SomatosensoryEvokedPotentialsTest	false
Isoflurane	false
Cervical	false
GroomingObservation	false
Progesterone	false
SignalPresence	false
AwarenessLatency	false
CompleteTransectionType	false
Water	false
Embryonic	false
Estrogen	false
MacaqueMonkey	false
Gender	false
UnilateralInjuryArea	false
AirGunImpactor	false
NeuronalActivityTest	false
MeanArterialPressure	false
ImagingTest	false
PartialTransectionType	false
BALB_C_Mouse	false
CorticospinalTract	false
BrainDerivedNeurotrophicFactor	false
PostsurgicalMedication	false
CatWalkGaitAnalysisSystem	false
MechanicalAllodyniaTest	false
P4	false
Ethanol	false
AnimalModel	false
Capsule	false
Glycopyrrolate	false
OrganismSpecies	false
SubcutaneousLocation	false
SpinalCordStrapper	false
Virus	false
ICI182780	false
InhalationDelivery	false
OlfactoryEnsheathingGliaCell	false
Conduit	false
DosageExtracorporal	false
SuperficialDelivery	false
Syringe	false
SurfaceRightingReflexTest	false
WalkingAnalysisParameter	false
InfiniteHorizonImpactor	false
GeneticModificationTreatment	false
Frequency	true
SurgeryTreatment	false
KetamineAsAnaesthetic	false
StandardError	true
SpinalSubduralArea	false
C57_BL6_Mouse	false
AdhesiveRemovalParameter	false
HypothermiaBlanket	false
ChloralHydrate	false
MouseSpecies	false
WeightDrop	false
NOGOReceptorAntagonist	false
Riluzole	false
TailFlickReflexTest	false
CentralCanal	false
NonProgressivePathology	false
ThiopentalSodium	false
PainTest	false
AspirationLesion	false
HeatLesion	false
Function	false
PfizerMexico	false
TyrosineHydroxylase	false
Xenogeneic	false
Hydration	false
IntegratedAmplitude	false
RabbitSpecies	false
SwimmingTest	false
SpragueDawleyRat	false
MotorReflexTest	false
Darbepoetin	false
Volume	true
Autologous	false
ElectrophysiologicalFrequency	false
Transduction	false
SwingSpeed	false
Indomethacin	false
ConductionVelocity	false
StrideLength	false
AxonalRegenerationTest	false
Dexterity	false
Substance	false
AgeCategory	false
Steroid	false
EnrichedEnvironment	false
InjuryDevice	false
Male	false
ReticulospinalTract	false
StanceSwingRatio	false
FluanisoneMidazolamMixture	false
PhysiologicalFunction	false
ProteinLevelAnalysis	false
InjectionDelivery	false
CatSpecies	false
SpinalLesionSite	false
Adult	false
T1	false
HumanSpecies	false
T2	false
T3	false
T4	false
T5	false
DislocationDevice	false
T6	false
Epidural	false
T7	false
Syngenic	false
T8	false
T9	false
LightIntensity	true
GroupNumber	true
LesionVolumeTest	false
Ice	false
Xylazine	false
CompoundBiologicalRelation	false
SchwannCellChangesTest	false
Poloxamer	false
AnimalCareCondition	false
Event	false
LateralHemisection	false
Observation	false
DefinedExperimentalGroup	false
Intraspinal	false
ListerHoodedRat	false
GroupName	true
MicrodialysisDelivery	false
GaleRatingScoreTest	false
SecondaryDegenerationTest	false
LongTermCultivation	false
Right	false
PhysiologyTest	false
FemoralVeinLocation	false
NovartisMexico	false
AneurysmClip	false
Lipopolysaccharide	false
TemperatureTreatment	false
NS398	false
Female	false
BladderExpression	false
HypothermicTreatment	false
TreatmentSite	false
Longitudinal	false
GastricUlcerogenesisTest	false
DehydroEpiandrosteroneSulfate	false
NormothermicTreatment	false
Depression	false
SpinalCord	false
AlbinoSwissRat	false
Vertebrae	false
VentricularLocation	false
SevereInjury	false
UTADistractor	false
Inosine	false
HemorrhageTest	false
TectospinalTract	false
OligodendrogliaChangesTest	false
Location	false
PsychologicalState	false
Force	true
SinglePelletReachingTest	false
NeuroprotectionTest	false
SensoryFunction	false
AdhesiveRemovalTest	false
HartleyGuineaPig	false
SensoryTest	false
Hyperalgesia	false
AxonalDamageTest	false
ModerateInjury	false
HistologicalInvestigationParameter	false
ICOSCorporation	false
ManualDexterityTest	false
Micropump	false
CatWalkBasedBBB	false
TyrosineHydroxylaseFibers	false
AnatomicalLocation	false
OxidativeStressTest	false
PawLength	false
Patient	false
MedicationDuringSurgery	false
RearingTest	false
Housing	false
PhysicalTreatment	false
ElectrophysiologyParameter	false
Young	false
Ketamine	false
Dedifferentiation	false
TreadScan	false
Liposomes	false
AtropineSulfate	false
Current	true
MotorEvokedPotentialsTest	false
BalanceAbility	false
TailFlickApparatus	false
Balloon	false
HReflexTest	false
Laminectomy	false
Catheter	false
MacrophageCell	false
Dorsal	false
MinocyclineMC	false
ScarringTest	false
RehabMedication	false
GaitCoordination	false
TargetCompound	false
VestibulospinalTract	false
Quipazine	false
PEGFITC	false
BladderFunctionTest	false
Sacrifice	false
OrthoBiotech	false
Threshold	false
BodyWeightExamination	false
Sacral	false
Antibody	false
Purification	false
MPSS	false
Hospitalization	false
ElectrophysiologicalDuration	false
RadiofrequencyLesionDevice	false
Tetracycline	false
NeurogenesisTest	false
TailVeinLocation	false
Protein	false
StepHeight	false
StaircaseTest	false
SympatheticPreganglionicNeurons	false
InfusionDelivery	false
ImmuneCell	false
CephalicVeinLocation	false
DigiGait	false
NucleicAcid	false
RatSpecies	false
BaseOfSupport	false
InjuryIntensity	false
AxonalChangesTest	false
PhotochemicalInjury	false
BloodBrainBarrierTest	false
LocomotorTest	false
Caudal	false
HindpawSensationTest	false
OrganismModel	false
BladderFunctionParameter	false
MortalityObservation	false
DosageIntracorporal	false
SC58125	false
SignalAbsence	false
Allodynia	false
UrineVoiding	false
SchwannCell	false
VerticalGrid	false
Lentivirus	false
NewZealandRabbit	false
Micropipette	false
Albumin	false
RelativePawPlacement	false
SigmaAldrich	false
GaitAnalysisParameter	false
Mixed	false
Thoracic	false
VertebralLocation	false
Investigation	false
Aged	false
OsmoticMinipump	false
AutomatedGaitAnalysis	false
UBCMultimechanismDevice	false
DorsolateralInjuryArea	false
StemCellSourceType	false
InVitroExperimentalProcedure	false
StanceLength	false
Extremity	false
DragonPharmaceuticals	false
VentralInjuryArea	false
Clip	false
ElectromyographyTest	false
AxonalSproutingTest	false
AntiNG2Antibody	false
FischerRat	false
ScoutenWireKnife	false
Voltage	true
RingersSolution	false
Magnesium	false
Bilateral	false
AllenWeightDropDevice	false
AsialoEPO	false
AntiNogoAAntibody	false
Apparatus	false
BloodCirculationExamination	false
QuadrantInjuryArea	false
LongEvansRat	false
NeuronalCellLossTest	false
DislocationType	false
Labeling	false
VascularFunctionParameter	false
AvoidanceResponseTest	false
CD1_Mouse	false
Blade	false
RehabilitativeTraining	false
Lateral	false
InclinedPlaneTest	false
17BetaEstradiolE2	false
VoltageApplication	false
NitrousOxide	false
HematopoieticStemCell	false
NeuronalChangesTest	false
NumericValue	true
Treatment	false
HypoxicBreathingTest	false
HistologicalInvestigationTest	false
HematoxyLinEosin	false
GaitControlAbility	false
TakedaPharmaceuticalCompany	false
ExperimentalProcedure	false
Temperature	true
CD2_Mouse	false
BodyTemperatureMeasurement	false
LimbMuscleStrengthTest	false
AutonomicDysreflexiaTest	false
Pregnenolone	false
ElectrolyticLesion	false
EpiduralClip	false
Ipsilateral	false
CompleteInjuryArea	false
VentralHemisection	false
ElectrophysiologyTest	false
SpinalCordEvokedPotentialsTest	false
Sedative	false
ChemicalInjury	false
