#superClass	subClass
LimbMuscleStrengthTest	ForelimbStrengthTest
Location	BrainNucleus
Injury	CompleteTransection
Hormone	RecombinantEPORhEpo
WeightDrop	NYUImpactor
Injury	ShamOperation
Substance	Celebocid
BreathingTest	NormoxicBreathingTest
KeepingCondition	Nutrition
InjuryDevice	CuttingDevice
Substance	MagnesiumSulfate
Constraint	NonPathologicalConstraint
StemCell	MesenchymalStemCell
InjuryArea	DorsalInjuryArea
qudt#Quantity	Thickness
NeurologicScalesTest	BBBTest
Hormone	EstradiolBenzoate
DeliveryMethod	ContactDeliveryMethod
NonFunctionalTest	MolecularChangesTest
Apparatus	VonFreyFilaments
ElectromagneticFieldTreatment	MagneticFieldApplication
HistologicalInvestigationParameter	StainingArea
StemCell	BoneMarrowStemCell
Substance	EvansBlue
SwimmingTest	LouisvilleSwimScale
SpinalFiber	SpinalFiberTract
InVitroExperimentalProcedure	NuclearTransfection
CuttingDevice	Vibraknife
PartialTransection	DorsalHemisection
Constraint	ImpairmentProgression
MotorTest	ForelimbAsymmetryTest
InjuryDevice	DistractorDevices
CompoundBiologicalRelation	Allogeneic
CompoundSupplier	CytrexCorporation
Intraspinal	SpinalVentralHalf
Direction	Rostral
SecondaryDegenerationTest	TissueSparingTest
SpinalDorsalHalf	DorsalColumn
Apparatus	MotoRater
Intraspinal	SpinalFiber
ObservationOfAnimalBehaviour	SelfMutilationObservation
ObservationOfAnimalBehaviour	LethargyObservation
Enzyme	ChondroitinaseABC
qudt#Quantity	Length
PhysiologyTest	BreathingTest
Substance	Phenytoine
InVitroExperimentalProcedure	CellDeathInduction
ObservationOfAnimalBehaviour	SurvivalObservation
Hospitalization	VentilationNeed
PhysicalTreatment	ElectromagneticFieldTreatment
PhysiologyTest	InfectionExamination
Direction	Left
MolecularChangesTest	GeneExpressionAnalysis
Location	SubstanceApplicationLocation
HistologicalInvestigationParameter	SignalIntensity
InVitroExperimentalProcedure	Transfection
Vertebrae	C1
LesionVolumeTest	CystVolumeTest
InjuryByAccidentType	LaminectomyType
Vertebrae	C2
Vertebrae	C3
Vertebrae	C4
Virus	Retrovirus
Compound	Tissue
Vertebrae	C5
Vertebrae	C6
Vertebrae	C7
AdhesiveRemovalParameter	RemovalLatency
CompoundSupplier	ChinaShenyangSunshinePharmaceuticalCompany
FunctionalTest	NeurologicScalesTest
InjuryArea	TShapedLesion
DescendingFiberTract	RubrospinalTract
Anaesthetic	Diazepam
qudt#Quantity	Weight
MotorFunction	FineMotorControlAbility
OrganismSpecies	AnimalSpecies
GaitAnalysisParameter	RegularityIndex
WeightDrop	MASCISImpactor
Anaesthetic	Halothane
TemporalParameter	Latency
ImpairmentProgression	ProgressivePathology
Apparatus	GripStrengthMeter
Substance	Methanesulfonamide
GaitAnalysisParameter	PrintArea
CuttingDevice	Scissors
Lentivirus	NT3Lentivirus
Location	MotorNeurons
Direction	Perpendicular
InvestigationMethod	FunctionalTest
GaitAnalysisParameter	SwingDuration
Injury	Contusion
Vehicle	Saline
LocomotorFunction	RegularWalkingPatternMaintaining
Apparatus	HargreavesApparatus
WeightDrop	UnivOfTriesteImpactor
LocomotorTest	FootprintAnalysisTest
Treatment	ModificationTreatment
qudt#Quantity	Dosage
Injury	Dislocation
RehabilitativeTraining	TreadmillTraining
SubstanceApplicationLocation	IntramuscularLocation
SubstanceApplicationLocation	VeinLocation
Direction	Ventral
StepParameter	StepError
ModificationTreatment	OvariectomyTreatment
Substance	Vehicle
NeuronalChangesTest	MyelinationTest
SpinalCord	Intrathecal
SecondaryDegenerationTest	ToxicityTest
Vehicle	PBS
Protein	Neurotrophin3
Event	Retransection
Treatment	CompoundTreatment
17BetaEstradiolE2	AtorvastatinAT
Cell	StemCell
InjuryByAccidentType	DistractionType
InVitroExperimentalProcedure	Proliferation
qudt#Quantity	Duration
Substance	PolyethyleneGlycolPEG
Substance	Mexiletine
SpinalCord	LesionAdjacentTissue
GaitAnalysisParameter	GaitPawRotation
MedicationDuringSurgery	Anaesthetic
MotorReflexTest	ContactPlacingResponseTest
AnimalSpecies	DogSpecies
AnatomicalLocation	CentralNervousSystem
HistologicalInvestigationParameter	StainingLength
Electrodes	OscillatingFieldStimulator
Cell	Fibroblast
GaitAnalysisParameter	LimbRotation
CompoundSupplier	RocheMexico
time#TemporalEntity	TemporalInterval
VascularFunctionParameter	T50MeanArterialPressure
SecondaryDegenerationTest	ApoptosisTest
LocomotorTest	LadderRungTest
Vehicle	DMSO
Poloxamer	P188
HistologicalInvestigationParameter	StainingDensity
PhysiologyTest	CardioVascularFunctionTest
RatSpecies	WistarRat
Function	MotorFunction
DeliveryMethod	OralDelivery
NumericValue	MeanValue
NeurologicScalesTest	BBBSubscoreTest
Compound	Matrix
Intraspinal	SpinalCentralPart
DistractorDevices	HarringtonDistractor
InjuryDevice	Forceps
GaitTest	NarrowBeamTest
qudt#Quantity	Age
Substance	AcetylsalicylicAcid
InjuryIntensity	MildInjury
AnimalSpecies	GuineaPigSpecies
ElectrophysiologyParameter	ElectrophysiologicalAmplitude
Function	LocomotorFunction
AxonalChangesTest	AxonalDiebackTest
Protein	Hormone
InVitroExperimentalProcedure	ShortTermCultivaton
HistologicalInvestigationTest	NonNeuronalCellChangesTest
Location	SpinalCordStump
Hospitalization	ForcedFeedingNeed
Substance	LithiumChloride
NucleicAcid	DNA
Substance	Dipyridamol
ObservationOfAnimalBehaviour	SpasticityObservation
Balloon	FogartyBalloonCatheter
Clip	IrisClip
VascularFunctionParameter	HeartRate
CentralNervousSystem	Brain
WeightDrop	OSUImpactor
Hormone	Erythropoietin
Vehicle	VegetableOil
SpinalFiberTract	AscendingFiberTract
Intraspinal	SpinalWhiteMatter
qudt#Quantity	ElectricFieldStrength
Hormone	PregnenoloneS
PostsurgicalMedication	AntibioticMedication
qudt#Quantity	Depth
SensoryFunction	HeatSensation
ApplicationInstrument	Electrodes
NumericValue	MedianValue
PhysicalTreatment	PhysicalImplantTreatment
BodyTemperatureMeasurement	MeasurementOfIncreasingTemperature
Substance	MethylprednisoloneMP
qudt#Quantity	Distance
HistologicalInvestigationParameter	Diameter
NeurologicScalesTest	BMSTest
StepParameter	ErrorStepRatio
ApplicationInstrument	Cannula
StemCell	UmbilicalCordBloodStemCell
Direction	Contrallateral
AnimalSpecies	MinipigSpecies
BladderFunctionParameter	UrinePressure
CompoundSource	CompoundSupplier
InjuryByAccidentType	ContusionType
NeurologicScalesTest	OpenFieldTest
qudt#Quantity	Pressure
Substance	CyclosporineA
Cell	GlialCell
LocomotorFunction	ForelimbHindlimbCouplingAbility
Intraspinal	SpinalGrayMatter
ApplicationInstrument	Gelfoam
GaitAnalysisParameter	PawWidth
Substance	Rolipram
InVitroExperimentalProcedure	Differentiation
Substance	Clodronate
InjuryByAccidentType	CompressionType
Hormone	Melatonin
AnimalCareCondition	PostSurgeryCondition
Event	Injury
DNA	VimentinAntiSenseDNA
Substance	Pregabalin
SpatialDimensions	Direction
Anaesthetic	SodiumPentobarbital
VertebralLocation	VertebralArea
PainTest	ThermalHyperalgesiaTest
VertebralLocation	VertebralSegment
AnimalCareCondition	KeepingCondition
Protein	Enzyme
WalkingAnalysisParameter	StepParameter
Antibody	AntiCD11dAntibody
InvestigationMethod	NonFunctionalTest
ElectromagneticFieldTreatment	CurrentApplication
Substance	BW755C
Vertebrae	L1
ApplicationInstrument	ImplantedDepotPellet
Constraint	Comorbidity
Vertebrae	L2
Vertebrae	L3
Vertebrae	L4
Substance	Pioglitazone
Vertebrae	L5
Apparatus	WhishawApparatus
Apparatus	RunwayScan
NonNeuronalCellChangesTest	InflammationTest
FunctionalTest	GaitTest
Vertebrae	T11
Vertebrae	T10
Vertebrae	T13
Vertebrae	T12
SpinalFiberTract	DescendingFiberTract
Injury	PartialTransection
VertebralSegment	Lumbar
ObservedParameter	TemporalParameter
ElectrophysiologyParameter	TemporalParameter
Injury	Distraction
InjuryDevice	LightSource
Protein	GreenFluorescentProtein
Injury	Compression
CompoundSupplier	Seikagaku
NucleicAcid	RNA
Apparatus	Rotarod
SpinalFiber	SerotonergicFibers
BodyTemperatureMeasurement	MeasurementOfDecreasingTemperature
SubstanceApplicationLocation	IntraperitonealLocation
ExperimentalGroup	AnalyzedExperimentalGroup
BladderFunctionParameter	BladderSize
Enzyme	ArylsulfataseB
Enzyme	Penicillinase
SensoryFunction	TouchSensation
Injury	InjuryByAccident
Substance	Ibuprofen
Location	Cyst
NonNeuronalCellChangesTest	AngiogenesisTest
AnimalSpecies	MonkeySpecies
Compound	Cell
CompoundSupplier	NektarTherapeuticsInc
RatSpecies	LewisRat
Substance	Iloprost
InvestigationMethod	ObservationOfAnimalBehaviour
BladderFunctionParameter	BladderWeight
FunctionalTest	MotorTest
Intraspinal	SpinalDorsalHalf
NonNeuronalCellChangesTest	AstrogliosisTest
LocomotorTest	WalkingAnalysisTest
ElectrophysiologyTest	SomatosensoryEvokedPotentialsTest
Anaesthetic	Isoflurane
VertebralSegment	Cervical
ObservationOfAnimalBehaviour	GroomingObservation
Hormone	Progesterone
ElectrophysiologyParameter	SignalPresence
AdhesiveRemovalParameter	AwarenessLatency
InjuryByAccidentType	CompleteTransectionType
Vehicle	Water
StemCellSourceType	Embryonic
Hormone	Estrogen
MonkeySpecies	MacaqueMonkey
InjuryArea	UnilateralInjuryArea
InjuryDevice	AirGunImpactor
NeuronalChangesTest	NeuronalActivityTest
VascularFunctionParameter	MeanArterialPressure
InvestigationMethod	ImagingTest
InjuryByAccidentType	PartialTransectionType
MouseSpecies	BALB_C_Mouse
DescendingFiberTract	CorticospinalTract
Protein	BrainDerivedNeurotrophicFactor
PostSurgeryCondition	PostsurgicalMedication
Apparatus	CatWalkGaitAnalysisSystem
PainTest	MechanicalAllodyniaTest
Hormone	P4
Vehicle	Ethanol
OrganismModel	AnimalModel
ApplicationInstrument	Capsule
MedicationDuringSurgery	Glycopyrrolate
SubstanceApplicationLocation	SubcutaneousLocation
InjuryDevice	SpinalCordStrapper
Compound	Virus
Substance	ICI182780
DeliveryMethod	InhalationDelivery
GlialCell	OlfactoryEnsheathingGliaCell
Compound	Conduit
Dosage	DosageExtracorporal
DeliveryMethod	SuperficialDelivery
ApplicationInstrument	Syringe
MotorReflexTest	SurfaceRightingReflexTest
ObservedParameter	WalkingAnalysisParameter
WeightDrop	InfiniteHorizonImpactor
ModificationTreatment	GeneticModificationTreatment
PhysicalTreatment	SurgeryTreatment
Anaesthetic	KetamineAsAnaesthetic
Intraspinal	SpinalSubduralArea
MouseSpecies	C57_BL6_Mouse
ObservedParameter	AdhesiveRemovalParameter
ApplicationInstrument	HypothermiaBlanket
Sedative	ChloralHydrate
AnimalSpecies	MouseSpecies
InjuryDevice	WeightDrop
Protein	NOGOReceptorAntagonist
Substance	Riluzole
PainTest	TailFlickReflexTest
Location	CentralCanal
ImpairmentProgression	NonProgressivePathology
Anaesthetic	ThiopentalSodium
FunctionalTest	PainTest
Injury	AspirationLesion
Injury	HeatLesion
CompoundSupplier	PfizerMexico
Enzyme	TyrosineHydroxylase
CompoundBiologicalRelation	Xenogeneic
KeepingCondition	Hydration
ElectrophysiologyParameter	IntegratedAmplitude
AnimalSpecies	RabbitSpecies
LocomotorTest	SwimmingTest
RatSpecies	SpragueDawleyRat
FunctionalTest	MotorReflexTest
Substance	Darbepoetin
qudt#Quantity	Volume
CompoundBiologicalRelation	Autologous
ElectrophysiologyParameter	ElectrophysiologicalFrequency
InVitroExperimentalProcedure	Transduction
GaitAnalysisParameter	SwingSpeed
Substance	Indomethacin
ElectrophysiologyParameter	ConductionVelocity
GaitAnalysisParameter	StrideLength
AxonalChangesTest	AxonalRegenerationTest
MotorFunction	Dexterity
Compound	Substance
Hormone	Steroid
RehabilitativeTraining	EnrichedEnvironment
Gender	Male
DescendingFiberTract	ReticulospinalTract
GaitAnalysisParameter	StanceSwingRatio
Anaesthetic	FluanisoneMidazolamMixture
Function	PhysiologicalFunction
MolecularChangesTest	ProteinLevelAnalysis
DeliveryMethod	InjectionDelivery
AnimalSpecies	CatSpecies
Intraspinal	SpinalLesionSite
AgeCategory	Adult
Vertebrae	T1
OrganismSpecies	HumanSpecies
Vertebrae	T2
Vertebrae	T3
Vertebrae	T4
Vertebrae	T5
DistractorDevices	DislocationDevice
Vertebrae	T6
Intrathecal	Epidural
Vertebrae	T7
CompoundBiologicalRelation	Syngenic
Vertebrae	T8
Vertebrae	T9
qudt#Quantity	LightIntensity
SecondaryDegenerationTest	LesionVolumeTest
ApplicationInstrument	Ice
Anaesthetic	Xylazine
CompoundSource	CompoundBiologicalRelation
NonNeuronalCellChangesTest	SchwannCellChangesTest
Substance	Poloxamer
time#TemporalEntity	Event
PartialTransection	LateralHemisection
Event	Observation
ExperimentalGroup	DefinedExperimentalGroup
SpinalCord	Intraspinal
RatSpecies	ListerHoodedRat
DeliveryMethod	MicrodialysisDelivery
NeurologicScalesTest	GaleRatingScoreTest
HistologicalInvestigationTest	SecondaryDegenerationTest
InVitroExperimentalProcedure	LongTermCultivation
Direction	Right
FunctionalTest	PhysiologyTest
SubstanceApplicationLocation	FemoralVeinLocation
CompoundSupplier	NovartisMexico
Clip	AneurysmClip
Substance	Lipopolysaccharide
PhysicalTreatment	TemperatureTreatment
Vehicle	NS398
Gender	Female
PostSurgeryCondition	BladderExpression
TemperatureTreatment	HypothermicTreatment
Location	TreatmentSite
Direction	Longitudinal
PhysiologyTest	GastricUlcerogenesisTest
Hormone	DehydroEpiandrosteroneSulfate
TemperatureTreatment	NormothermicTreatment
PsychologicalState	Depression
CentralNervousSystem	SpinalCord
RatSpecies	AlbinoSwissRat
VertebralLocation	Vertebrae
SubstanceApplicationLocation	VentricularLocation
InjuryIntensity	SevereInjury
DistractorDevices	UTADistractor
Substance	Inosine
SecondaryDegenerationTest	HemorrhageTest
DescendingFiberTract	TectospinalTract
NonNeuronalCellChangesTest	OligodendrogliaChangesTest
Constraint	PsychologicalState
qudt#Quantity	Force
MotorTest	SinglePelletReachingTest
NeuronalChangesTest	NeuroprotectionTest
Function	SensoryFunction
SensoryTest	AdhesiveRemovalTest
GuineaPigSpecies	HartleyGuineaPig
FunctionalTest	SensoryTest
SensoryFunction	Hyperalgesia
AxonalChangesTest	AxonalDamageTest
InjuryIntensity	ModerateInjury
ObservedParameter	HistologicalInvestigationParameter
CompoundSupplier	ICOSCorporation
MotorTest	ManualDexterityTest
ApplicationInstrument	Micropump
ObservedParameter	CatWalkBasedBBB
SpinalFiber	TyrosineHydroxylaseFibers
Location	AnatomicalLocation
SecondaryDegenerationTest	OxidativeStressTest
GaitAnalysisParameter	PawLength
OrganismModel	Patient
AnimalCareCondition	MedicationDuringSurgery
ForelimbAsymmetryTest	RearingTest
KeepingCondition	Housing
Treatment	PhysicalTreatment
ObservedParameter	ElectrophysiologyParameter
AgeCategory	Young
Substance	Ketamine
InVitroExperimentalProcedure	Dedifferentiation
Apparatus	TreadScan
ApplicationInstrument	Liposomes
MedicationDuringSurgery	AtropineSulfate
qudt#Quantity	Current
ElectrophysiologyTest	MotorEvokedPotentialsTest
MotorFunction	BalanceAbility
Apparatus	TailFlickApparatus
InjuryDevice	Balloon
ElectrophysiologyTest	HReflexTest
ShamOperation	Laminectomy
ApplicationInstrument	Catheter
ImmuneCell	MacrophageCell
Direction	Dorsal
Substance	MinocyclineMC
HistologicalInvestigationTest	ScarringTest
GaitAnalysisParameter	GaitCoordination
Compound	TargetCompound
DescendingFiberTract	VestibulospinalTract
RehabMedication	Quipazine
Substance	PEGFITC
PhysiologyTest	BladderFunctionTest
Event	Sacrifice
CompoundSupplier	OrthoBiotech
TemporalParameter	Threshold
PhysiologyTest	BodyWeightExamination
VertebralSegment	Sacral
Protein	Antibody
InVitroExperimentalProcedure	Purification
Substance	MPSS
Constraint	Hospitalization
ElectrophysiologyParameter	ElectrophysiologicalDuration
InjuryDevice	RadiofrequencyLesionDevice
Substance	Tetracycline
NeuronalChangesTest	NeurogenesisTest
SubstanceApplicationLocation	TailVeinLocation
TargetCompound	Protein
GaitAnalysisParameter	StepHeight
MotorTest	StaircaseTest
Location	SympatheticPreganglionicNeurons
DeliveryMethod	InfusionDelivery
Cell	ImmuneCell
SubstanceApplicationLocation	CephalicVeinLocation
Apparatus	DigiGait
TargetCompound	NucleicAcid
AnimalSpecies	RatSpecies
GaitAnalysisParameter	BaseOfSupport
NeuronalChangesTest	AxonalChangesTest
Injury	PhotochemicalInjury
PhysiologyTest	BloodBrainBarrierTest
FunctionalTest	LocomotorTest
Direction	Caudal
SensoryTest	HindpawSensationTest
ObservedParameter	BladderFunctionParameter
ObservationOfAnimalBehaviour	MortalityObservation
Dosage	DosageIntracorporal
Substance	SC58125
ElectrophysiologyParameter	SignalAbsence
SensoryFunction	Allodynia
BladderFunctionParameter	UrineVoiding
GlialCell	SchwannCell
Apparatus	VerticalGrid
Retrovirus	Lentivirus
RabbitSpecies	NewZealandRabbit
ApplicationInstrument	Micropipette
Protein	Albumin
GaitAnalysisParameter	RelativePawPlacement
CompoundSupplier	SigmaAldrich
ObservedParameter	GaitAnalysisParameter
Gender	Mixed
VertebralSegment	Thoracic
Location	VertebralLocation
Event	Investigation
AgeCategory	Aged
ApplicationInstrument	OsmoticMinipump
GaitTest	AutomatedGaitAnalysis
DistractorDevices	UBCMultimechanismDevice
InjuryArea	DorsolateralInjuryArea
ExperimentalProcedure	InVitroExperimentalProcedure
GaitAnalysisParameter	StanceLength
AnatomicalLocation	Extremity
CompoundSupplier	DragonPharmaceuticals
InjuryArea	VentralInjuryArea
InjuryDevice	Clip
ElectrophysiologyTest	ElectromyographyTest
AxonalChangesTest	AxonalSproutingTest
Antibody	AntiNG2Antibody
RatSpecies	FischerRat
CuttingDevice	ScoutenWireKnife
qudt#Quantity	Voltage
Vehicle	RingersSolution
Substance	Magnesium
Direction	Bilateral
WeightDrop	AllenWeightDropDevice
Hormone	AsialoEPO
Antibody	AntiNogoAAntibody
CardioVascularFunctionTest	BloodCirculationExamination
InjuryArea	QuadrantInjuryArea
RatSpecies	LongEvansRat
NeuronalChangesTest	NeuronalCellLossTest
InjuryByAccidentType	DislocationType
InVitroExperimentalProcedure	Labeling
ObservedParameter	VascularFunctionParameter
PainTest	AvoidanceResponseTest
MouseSpecies	CD1_Mouse
CuttingDevice	Blade
PhysicalTreatment	RehabilitativeTraining
Direction	Lateral
MotorTest	InclinedPlaneTest
Hormone	17BetaEstradiolE2
ElectromagneticFieldTreatment	VoltageApplication
Anaesthetic	NitrousOxide
StemCell	HematopoieticStemCell
HistologicalInvestigationTest	NeuronalChangesTest
Event	Treatment
BreathingTest	HypoxicBreathingTest
NonFunctionalTest	HistologicalInvestigationTest
Substance	HematoxyLinEosin
LocomotorFunction	GaitControlAbility
CompoundSupplier	TakedaPharmaceuticalCompany
qudt#Quantity	Temperature
MouseSpecies	CD2_Mouse
AnimalCareCondition	BodyTemperatureMeasurement
MotorTest	LimbMuscleStrengthTest
CardioVascularFunctionTest	AutonomicDysreflexiaTest
Hormone	Pregnenolone
Injury	ElectrolyticLesion
Clip	EpiduralClip
Direction	Ipsilateral
InjuryArea	CompleteInjuryArea
PartialTransection	VentralHemisection
FunctionalTest	ElectrophysiologyTest
ElectrophysiologyTest	SpinalCordEvokedPotentialsTest
MedicationDuringSurgery	Sedative
Injury	ChemicalInjury
