#class	isLiteral
RecombinantEPORhEpo	false
P4	false
Ethanol	false
Celebocid	false
Capsule	false
OrganismSpecies	false
SubcutaneousLocation	false
MagnesiumSulfate	false
Virus	false
ICI182780	false
InhalationDelivery	false
OlfactoryEnsheathingGliaCell	false
Conduit	false
MesenchymalStemCell	false
DosageExtracorporal	false
EstradiolBenzoate	false
SuperficialDelivery	false
Syringe	false
GeneticModificationTreatment	false
Frequency	true
SurgeryTreatment	false
MagneticFieldApplication	false
SpinalSubduralArea	false
C57_BL6_Mouse	false
Intraspinal	false
HypothermiaBlanket	false
MouseSpecies	false
ApplicationInstrument	false
EvansBlue	false
Riluzole	false
NOGOReceptorAntagonist	false
SpinalFiberTract	false
PfizerMexico	false
Allogeneic	false
DeliveryMethod	false
TyrosineHydroxylase	false
Xenogeneic	false
CytrexCorporation	false
SpinalVentralHalf	false
RabbitSpecies	false
Rostral	false
DorsalColumn	false
SpragueDawleyRat	false
ChondroitinaseABC	false
Darbepoetin	false
Autologous	false
Phenytoine	false
Indomethacin	false
ElectromagneticFieldTreatment	false
Left	false
Substance	false
EnrichedEnvironment	false
Steroid	false
SubstanceApplicationLocation	false
C1	false
C2	false
C3	false
C4	false
Retrovirus	false
Tissue	false
C5	false
C6	false
C7	false
ChinaShenyangSunshinePharmaceuticalCompany	false
InjectionDelivery	false
CatSpecies	false
SpinalLesionSite	false
T1	false
T2	false
RubrospinalTract	false
T3	false
T4	false
T5	false
T6	false
Epidural	false
T7	false
Syngenic	false
T8	false
T9	false
AnimalSpecies	false
Ice	false
Methanesulfonamide	false
CompoundBiologicalRelation	false
Poloxamer	false
NT3Lentivirus	false
ListerHoodedRat	false
MicrodialysisDelivery	false
Saline	false
ModificationTreatment	false
Dosage	true
Right	false
TreadmillTraining	false
IntramuscularLocation	false
VeinLocation	false
FemoralVeinLocation	false
NovartisMexico	false
OvariectomyTreatment	false
Vehicle	false
Lipopolysaccharide	false
TemperatureTreatment	false
NS398	false
Intrathecal	false
HypothermicTreatment	false
PBS	false
Neurotrophin3	false
CompoundTreatment	false
AtorvastatinAT	false
DehydroEpiandrosteroneSulfate	false
StemCell	false
NormothermicTreatment	false
SpinalCord	false
Proliferation	false
Duration	true
Vertebrae	false
PolyethyleneGlycolPEG	false
Mexiletine	false
VentricularLocation	false
LesionAdjacentTissue	false
DogSpecies	false
CentralNervousSystem	false
Inosine	false
OscillatingFieldStimulator	false
RocheMexico	false
Location	false
Interval	true
DMSO	false
P188	false
WistarRat	false
OralDelivery	false
HartleyGuineaPig	false
Matrix	false
NuclearTransfection	false
ICOSCorporation	false
SpinalCentralPart	false
Micropump	false
AnatomicalLocation	false
AcetylsalicylicAcid	false
GuineaPigSpecies	false
Hormone	false
PhysicalTreatment	false
Ketamine	false
Dedifferentiation	false
LithiumChloride	false
DNA	false
Dipyridamol	false
Liposomes	false
Current	true
Brain	false
Erythropoietin	false
VegetableOil	false
AscendingFiberTract	false
SpinalWhiteMatter	false
Catheter	false
ElectricFieldStrength	true
MacrophageCell	false
PregnenoloneS	false
MinocyclineMC	false
Depth	true
Electrodes	false
PEGFITC	false
PhysicalImplantTreatment	false
MethylprednisoloneMP	false
OrthoBiotech	false
Distance	true
Sacral	false
Cannula	false
Purification	false
Antibody	false
UmbilicalCordBloodStemCell	false
MPSS	false
MinipigSpecies	false
CompoundSupplier	false
CyclosporineA	false
Tetracycline	false
TailVeinLocation	false
Protein	false
GlialCell	false
InfusionDelivery	false
ImmuneCell	false
SpinalGrayMatter	false
Gelfoam	false
CephalicVeinLocation	false
Rolipram	false
Clodronate	false
NucleicAcid	false
Melatonin	false
RatSpecies	false
VimentinAntiSenseDNA	false
Pregabalin	false
Direction	false
VertebralArea	false
Caudal	false
VertebralSegment	false
Enzyme	false
AntiCD11dAntibody	false
DosageIntracorporal	false
SC58125	false
CurrentApplication	false
BW755C	false
L1	false
ImplantedDepotPellet	false
L2	false
L3	false
SchwannCell	false
L4	false
Pioglitazone	false
L5	false
NewZealandRabbit	false
Lentivirus	false
Micropipette	false
Albumin	false
BoneMarrowStemCell	false
SigmaAldrich	false
T11	false
T10	false
T13	false
T12	false
Lumbar	false
Thoracic	false
VertebralLocation	false
OsmoticMinipump	false
Seikagaku	false
StemCellSourceType	false
RNA	false
InVitroExperimentalProcedure	false
Extremity	false
IntraperitonealLocation	false
DragonPharmaceuticals	false
FischerRat	false
AntiNG2Antibody	false
ArylsulfataseB	false
Penicillinase	false
Voltage	true
Ibuprofen	false
Magnesium	false
RingersSolution	false
AsialoEPO	false
AntiNogoAAntibody	false
LongEvansRat	false
MonkeySpecies	false
Cell	false
NektarTherapeuticsInc	false
LewisRat	false
Iloprost	false
CD1_Mouse	false
SpinalDorsalHalf	false
RehabilitativeTraining	false
Compound	false
17BetaEstradiolE2	false
VoltageApplication	false
Cervical	false
Progesterone	false
Treatment	false
HematoxyLinEosin	false
Water	false
Embryonic	false
TakedaPharmaceuticalCompany	false
ExperimentalProcedure	false
Temperature	true
Estrogen	false
MacaqueMonkey	false
CD2_Mouse	false
Pregnenolone	false
BALB_C_Mouse	false
CorticospinalTract	false
BrainDerivedNeurotrophicFactor	false
CompoundSource	false
