#superClass	subClass
Hormone	RecombinantEPORhEpo
Hormone	P4
Vehicle	Ethanol
Substance	Celebocid
ApplicationInstrument	Capsule
SubstanceApplicationLocation	SubcutaneousLocation
Substance	MagnesiumSulfate
Compound	Virus
Substance	ICI182780
DeliveryMethod	InhalationDelivery
GlialCell	OlfactoryEnsheathingGliaCell
Compound	Conduit
StemCell	MesenchymalStemCell
Dosage	DosageExtracorporal
Hormone	EstradiolBenzoate
DeliveryMethod	SuperficialDelivery
ApplicationInstrument	Syringe
ModificationTreatment	GeneticModificationTreatment
PhysicalTreatment	SurgeryTreatment
ElectromagneticFieldTreatment	MagneticFieldApplication
Intraspinal	SpinalSubduralArea
MouseSpecies	C57_BL6_Mouse
SpinalCord	Intraspinal
ApplicationInstrument	HypothermiaBlanket
AnimalSpecies	MouseSpecies
Substance	EvansBlue
Substance	Riluzole
Protein	NOGOReceptorAntagonist
Intraspinal	SpinalFiberTract
CompoundSupplier	PfizerMexico
CompoundBiologicalRelation	Allogeneic
Enzyme	TyrosineHydroxylase
CompoundBiologicalRelation	Xenogeneic
CompoundSupplier	CytrexCorporation
Intraspinal	SpinalVentralHalf
AnimalSpecies	RabbitSpecies
Direction	Rostral
SpinalDorsalHalf	DorsalColumn
RatSpecies	SpragueDawleyRat
Enzyme	ChondroitinaseABC
Substance	Darbepoetin
CompoundBiologicalRelation	Autologous
Substance	Phenytoine
Substance	Indomethacin
PhysicalTreatment	ElectromagneticFieldTreatment
Direction	Left
Compound	Substance
RehabilitativeTraining	EnrichedEnvironment
Hormone	Steroid
Location	SubstanceApplicationLocation
Vertebrae	C1
Vertebrae	C2
Vertebrae	C3
Vertebrae	C4
Virus	Retrovirus
Compound	Tissue
Vertebrae	C5
Vertebrae	C6
Vertebrae	C7
CompoundSupplier	ChinaShenyangSunshinePharmaceuticalCompany
DeliveryMethod	InjectionDelivery
AnimalSpecies	CatSpecies
Intraspinal	SpinalLesionSite
Vertebrae	T1
Vertebrae	T2
SpinalFiberTract	RubrospinalTract
Vertebrae	T3
Vertebrae	T4
Vertebrae	T5
Vertebrae	T6
Intrathecal	Epidural
Vertebrae	T7
CompoundBiologicalRelation	Syngenic
Vertebrae	T8
Vertebrae	T9
OrganismSpecies	AnimalSpecies
ApplicationInstrument	Ice
Substance	Methanesulfonamide
CompoundSource	CompoundBiologicalRelation
Substance	Poloxamer
Lentivirus	NT3Lentivirus
RatSpecies	ListerHoodedRat
DeliveryMethod	MicrodialysisDelivery
Vehicle	Saline
Treatment	ModificationTreatment
Direction	Right
RehabilitativeTraining	TreadmillTraining
SubstanceApplicationLocation	IntramuscularLocation
SubstanceApplicationLocation	VeinLocation
SubstanceApplicationLocation	FemoralVeinLocation
CompoundSupplier	NovartisMexico
ModificationTreatment	OvariectomyTreatment
Substance	Vehicle
Substance	Lipopolysaccharide
PhysicalTreatment	TemperatureTreatment
Vehicle	NS398
SpinalCord	Intrathecal
TemperatureTreatment	HypothermicTreatment
Vehicle	PBS
Protein	Neurotrophin3
Treatment	CompoundTreatment
17BetaEstradiolE2	AtorvastatinAT
Hormone	DehydroEpiandrosteroneSulfate
Cell	StemCell
TemperatureTreatment	NormothermicTreatment
CentralNervousSystem	SpinalCord
InVitroExperimentalProcedure	Proliferation
VertebralLocation	Vertebrae
Substance	PolyethyleneGlycolPEG
Substance	Mexiletine
SubstanceApplicationLocation	VentricularLocation
SpinalCord	LesionAdjacentTissue
AnimalSpecies	DogSpecies
AnatomicalLocation	CentralNervousSystem
Substance	Inosine
Electrodes	OscillatingFieldStimulator
CompoundSupplier	RocheMexico
Vehicle	DMSO
Poloxamer	P188
RatSpecies	WistarRat
DeliveryMethod	OralDelivery
GuineaPigSpecies	HartleyGuineaPig
Compound	Matrix
InVitroExperimentalProcedure	NuclearTransfection
CompoundSupplier	ICOSCorporation
Intraspinal	SpinalCentralPart
ApplicationInstrument	Micropump
Location	AnatomicalLocation
Substance	AcetylsalicylicAcid
AnimalSpecies	GuineaPigSpecies
Protein	Hormone
Treatment	PhysicalTreatment
Substance	Ketamine
InVitroExperimentalProcedure	Dedifferentiation
Substance	LithiumChloride
NucleicAcid	DNA
Substance	Dipyridamol
ApplicationInstrument	Liposomes
CentralNervousSystem	Brain
Hormone	Erythropoietin
Vehicle	VegetableOil
SpinalFiberTract	AscendingFiberTract
Intraspinal	SpinalWhiteMatter
ApplicationInstrument	Catheter
ImmuneCell	MacrophageCell
Hormone	PregnenoloneS
Substance	MinocyclineMC
ApplicationInstrument	Electrodes
Substance	PEGFITC
PhysicalTreatment	PhysicalImplantTreatment
Substance	MethylprednisoloneMP
CompoundSupplier	OrthoBiotech
VertebralSegment	Sacral
ApplicationInstrument	Cannula
InVitroExperimentalProcedure	Purification
Protein	Antibody
StemCell	UmbilicalCordBloodStemCell
Substance	MPSS
AnimalSpecies	MinipigSpecies
CompoundSource	CompoundSupplier
Substance	CyclosporineA
Substance	Tetracycline
SubstanceApplicationLocation	TailVeinLocation
Compound	Protein
Cell	GlialCell
DeliveryMethod	InfusionDelivery
Cell	ImmuneCell
Intraspinal	SpinalGrayMatter
ApplicationInstrument	Gelfoam
SubstanceApplicationLocation	CephalicVeinLocation
Substance	Rolipram
Substance	Clodronate
Compound	NucleicAcid
Hormone	Melatonin
AnimalSpecies	RatSpecies
DNA	VimentinAntiSenseDNA
Substance	Pregabalin
VertebralLocation	VertebralArea
Direction	Caudal
VertebralLocation	VertebralSegment
Protein	Enzyme
Antibody	AntiCD11dAntibody
Dosage	DosageIntracorporal
Substance	SC58125
ElectromagneticFieldTreatment	CurrentApplication
Substance	BW755C
Vertebrae	L1
ApplicationInstrument	ImplantedDepotPellet
Vertebrae	L2
Vertebrae	L3
GlialCell	SchwannCell
Vertebrae	L4
Substance	Pioglitazone
Vertebrae	L5
RabbitSpecies	NewZealandRabbit
Retrovirus	Lentivirus
ApplicationInstrument	Micropipette
Protein	Albumin
StemCell	BoneMarrowStemCell
CompoundSupplier	SigmaAldrich
Vertebrae	T11
Vertebrae	T10
Vertebrae	T13
Vertebrae	T12
VertebralSegment	Lumbar
VertebralSegment	Thoracic
Location	VertebralLocation
ApplicationInstrument	OsmoticMinipump
CompoundSupplier	Seikagaku
NucleicAcid	RNA
ExperimentalProcedure	InVitroExperimentalProcedure
AnatomicalLocation	Extremity
SubstanceApplicationLocation	IntraperitonealLocation
CompoundSupplier	DragonPharmaceuticals
RatSpecies	FischerRat
Antibody	AntiNG2Antibody
Enzyme	ArylsulfataseB
Enzyme	Penicillinase
Substance	Ibuprofen
Substance	Magnesium
Vehicle	RingersSolution
Hormone	AsialoEPO
Antibody	AntiNogoAAntibody
RatSpecies	LongEvansRat
AnimalSpecies	MonkeySpecies
Compound	Cell
CompoundSupplier	NektarTherapeuticsInc
RatSpecies	LewisRat
Substance	Iloprost
MouseSpecies	CD1_Mouse
Intraspinal	SpinalDorsalHalf
PhysicalTreatment	RehabilitativeTraining
Hormone	17BetaEstradiolE2
ElectromagneticFieldTreatment	VoltageApplication
VertebralSegment	Cervical
Hormone	Progesterone
Substance	HematoxyLinEosin
Vehicle	Water
StemCellSourceType	Embryonic
CompoundSupplier	TakedaPharmaceuticalCompany
Hormone	Estrogen
MonkeySpecies	MacaqueMonkey
MouseSpecies	CD2_Mouse
Hormone	Pregnenolone
MouseSpecies	BALB_C_Mouse
SpinalFiberTract	CorticospinalTract
Protein	BrainDerivedNeurotrophicFactor
