#Entity	Slot	SlotSuperEntityType
Treatment	hasDeliveryMethod	DeliveryMethod
Treatment	hasDuration	Duration
Treatment	hasApplicationInstrument	ApplicationInstrument
Treatment	hasFrequency	Frequency
Treatment	hasInterval	Interval
Treatment	hasLocation	Location
Treatment	hasDirection	Direction
MedicationDuringSurgery	hasDeliveryMethod	DeliveryMethod
Tissue	hasOrganismSpecies	OrganismSpecies
OrganismModel	hasOrganismSpecies	OrganismSpecies
Conduit	hasOrganismSpecies	OrganismSpecies
Cell	hasOrganismSpecies	OrganismSpecies
StemCell	hasStemCellSourceType	StemCellSourceType
LateralHemisection	hasDirection	Direction
AnatomicalLocation	hasDistance	Distance
AnatomicalLocation	hasDepth	Depth
Cell	hasExperimentalProcedure	ExperimentalProcedure
Cell	hasCompoundBiologicalRelation	CompoundBiologicalRelation
Tissue	hasCompoundBiologicalRelation	CompoundBiologicalRelation
ElectromagneticFieldTreatment	hasCurrent	Current
ElectromagneticFieldTreatment	hasElectricFieldStrength	ElectricFieldStrength
ElectromagneticFieldTreatment	hasVoltage	Voltage
Compound	hasSupplier	CompoundSupplier
Compound	hasTissueSourceLocation	AnatomicalLocation
CompoundTreatment	hasDosage	Dosage
CompoundTreatment	hasSuppliedCompositeCompound	Compound
CompoundTreatment	hasCompound	Compound
VertebralArea	hasLowerVertebrae	Vertebrae
VertebralArea	hasUpperVertebrae	Vertebrae
Direction	relativeTo	Location
DeliveryMethod	hasDuration	Duration
DeliveryMethod	hasLocation	Location
PostsurgicalMedication	hasDosage	Dosage
Anaesthetic	hasDosage	Dosage
TemperatureTreatment	hasTemperature	Temperature