#class	isLiteral
DeliveryMethod	false
InfusionDelivery	false
OralDelivery	false
SuperficialDelivery	false
InhalationDelivery	false
InjectionDelivery	false
MicrodialysisDelivery	false
Location	false
Duration	true
AnatomicalLocation	false
Extremity	false
CentralNervousSystem	false
SpinalCord	false
Intrathecal	false
Epidural	false
Intraspinal	false
SpinalDorsalHalf	false
DorsalColumn	false
SpinalWhiteMatter	false
SpinalVentralHalf	false
SpinalGrayMatter	false
SpinalLesionSite	false
SpinalSubduralArea	false
SpinalFiberTract	false
CorticospinalTract	false
RubrospinalTract	false
AscendingFiberTract	false
SpinalCentralPart	false
LesionAdjacentTissue	false
Brain	false
SubstanceApplicationLocation	false
TailVeinLocation	false
IntramuscularLocation	false
SubcutaneousLocation	false
VentricularLocation	false
CephalicVeinLocation	false
VeinLocation	false
IntraperitonealLocation	false
FemoralVeinLocation	false
VertebralLocation	false
VertebralArea	false
Vertebrae	false
T11	false
T10	false
T13	false
T12	false
L3	false
L4	false
L5	false
T7	false
T8	false
L1	false
T9	false
L2	false
T3	false
T4	false
T5	false
T6	false
T1	false
T2	false
C6	false
C7	false
C2	false
C3	false
C4	false
C5	false
C1	false
VertebralSegment	false
Sacral	false
Lumbar	false
Thoracic	false
Cervical	false