#superClass	subClass
DeliveryMethod	InfusionDelivery
DeliveryMethod	OralDelivery
DeliveryMethod	SuperficialDelivery
DeliveryMethod	InhalationDelivery
DeliveryMethod	InjectionDelivery
DeliveryMethod	MicrodialysisDelivery
Location	AnatomicalLocation
AnatomicalLocation	Extremity
AnatomicalLocation	CentralNervousSystem
CentralNervousSystem	SpinalCord
SpinalCord	Intrathecal
Intrathecal	Epidural
SpinalCord	Intraspinal
Intraspinal	SpinalDorsalHalf
SpinalDorsalHalf	DorsalColumn
Intraspinal	SpinalWhiteMatter
Intraspinal	SpinalVentralHalf
Intraspinal	SpinalGrayMatter
Intraspinal	SpinalLesionSite
Intraspinal	SpinalSubduralArea
Intraspinal	SpinalFiberTract
SpinalFiberTract	CorticospinalTract
SpinalFiberTract	RubrospinalTract
SpinalFiberTract	AscendingFiberTract
Intraspinal	SpinalCentralPart
SpinalCord	LesionAdjacentTissue
CentralNervousSystem	Brain
Location	SubstanceApplicationLocation
SubstanceApplicationLocation	TailVeinLocation
SubstanceApplicationLocation	IntramuscularLocation
SubstanceApplicationLocation	SubcutaneousLocation
SubstanceApplicationLocation	VentricularLocation
SubstanceApplicationLocation	CephalicVeinLocation
SubstanceApplicationLocation	VeinLocation
SubstanceApplicationLocation	IntraperitonealLocation
SubstanceApplicationLocation	FemoralVeinLocation
Location	VertebralLocation
VertebralLocation	VertebralArea
VertebralLocation	Vertebrae
Vertebrae	T11
Vertebrae	T10
Vertebrae	T13
Vertebrae	T12
Vertebrae	L3
Vertebrae	L4
Vertebrae	L5
Vertebrae	T7
Vertebrae	T8
Vertebrae	L1
Vertebrae	T9
Vertebrae	L2
Vertebrae	T3
Vertebrae	T4
Vertebrae	T5
Vertebrae	T6
Vertebrae	T1
Vertebrae	T2
Vertebrae	C6
Vertebrae	C7
Vertebrae	C2
Vertebrae	C3
Vertebrae	C4
Vertebrae	C5
Vertebrae	C1
VertebralLocation	VertebralSegment
VertebralSegment	Sacral
VertebralSegment	Lumbar
VertebralSegment	Thoracic
VertebralSegment	Cervical