[
  {
    "docID": "N050 Alilain, Horn et al. 2011",
    "et": "Adult",
    "off": 25527,
    "sff": "Adult"
  },
  {
    "docID": "N050 Alilain, Horn et al. 2011",
    "et": "Female",
    "off": 25533,
    "sff": "female"
  },
  {
    "docID": "N050 Alilain, Horn et al. 2011",
    "et": "SpragueDawleyRat",
    "off": 25540,
    "sff": "Sprague Dawley rats"
  },
  {
    "docID": "N050 Alilain, Horn et al. 2011",
    "et": "Weight",
    "off": 23545,
    "sff": "240-300 g"
  },
  {
    "docID": "N050 Alilain, Horn et al. 2011",
    "et": "Weight",
    "off": 25579,
    "sff": "240-300 g"
  }
]
