[
  {
    "docID": "N076 Andrews 2004",
    "et": "SpragueDawleyRat",
    "off": 9423,
    "sff": "Sprague–Dawley rats"
  },
  {
    "docID": "N076 Andrews 2004",
    "et": "Weight",
    "off": 9405,
    "sff": "180–200 g"
  },
  {
    "docID": "N076 Andrews 2004",
    "et": "Adult",
    "off": 14210,
    "sff": "Adult"
  },
  {
    "docID": "N076 Andrews 2004",
    "et": "Female",
    "off": 14216,
    "sff": "female"
  },
  {
    "docID": "N076 Andrews 2004",
    "et": "Weight",
    "off": 14244,
    "sff": "200–250 g"
  }
]
