[
  {
    "docID": "N088 Cafferty, Yang et al. 2007",
    "et": "Female",
    "off": 6529,
    "sff": "female"
  },
  {
    "docID": "N088 Cafferty, Yang et al. 2007",
    "et": "Female",
    "off": 7922,
    "sff": "female"
  },
  {
    "docID": "N088 Cafferty, Yang et al. 2007",
    "et": "Male",
    "off": 7932,
    "sff": "male"
  },
  {
    "docID": "N088 Cafferty, Yang et al. 2007",
    "et": "Adult",
    "off": 7891,
    "sff": "rhizotomy—Adult"
  },
  {
    "docID": "N088 Cafferty, Yang et al. 2007",
    "et": "Age",
    "off": 7908,
    "sff": "4 – 6 months"
  },
  {
    "docID": "N088 Cafferty, Yang et al. 2007",
    "et": "C57_BL6_Mouse",
    "off": 6348,
    "sff": "C57BL/6J mice"
  },
  {
    "docID": "N088 Cafferty, Yang et al. 2007",
    "et": "Age",
    "off": 6515,
    "sff": "4 – 6 months"
  },
  {
    "docID": "N088 Cafferty, Yang et al. 2007",
    "et": "Adult",
    "off": 6498,
    "sff": "procedure—Adult"
  }
]
