[
  {
    "docID": "N090 Carter, Starkey et al. 2008",
    "et": "Weight",
    "off": 5945,
    "sff": "20-25 g"
  },
  {
    "docID": "N090 Carter, Starkey et al. 2008",
    "et": "Male",
    "off": 5896,
    "sff": "male"
  },
  {
    "docID": "N090 Carter, Starkey et al. 2008",
    "et": "Age",
    "off": 5931,
    "sff": "12 weeks"
  },
  {
    "docID": "N090 Carter, Starkey et al. 2008",
    "et": "Female",
    "off": 5905,
    "sff": "female"
  },
  {
    "docID": "N090 Carter, Starkey et al. 2008",
    "et": "Adult",
    "off": 5890,
    "sff": "adult"
  }
]
