[
  {
    "docID": "N091 Lee, Bian et al. 2012",
    "et": "Female",
    "off": 22300,
    "sff": "female"
  },
  {
    "docID": "N091 Lee, Bian et al. 2012",
    "et": "Female",
    "off": 8396,
    "sff": "Female"
  },
  {
    "docID": "N091 Lee, Bian et al. 2012",
    "et": "Adult",
    "off": 22294,
    "sff": "adult"
  },
  {
    "docID": "N091 Lee, Bian et al. 2012",
    "et": "Age",
    "off": 22461,
    "sff": "3 weeks"
  },
  {
    "docID": "N091 Lee, Bian et al. 2012",
    "et": "C57_BL6_Mouse",
    "off": 8415,
    "sff": "C57BL/6 mice"
  }
]
