[
  {
    "docID": "N136 Centenaro 2011",
    "et": "WistarRat",
    "off": 29257,
    "sff": "Wistar rats"
  },
  {
    "docID": "N136 Centenaro 2011",
    "et": "Weight",
    "off": 29294,
    "sff": "280– 380 g"
  },
  {
    "docID": "N136 Centenaro 2011",
    "et": "Weight",
    "off": 32570,
    "sff": "280–380 g"
  },
  {
    "docID": "N136 Centenaro 2011",
    "et": "Age",
    "off": 32595,
    "sff": "and 13 weeks"
  },
  {
    "docID": "N136 Centenaro 2011",
    "et": "Male",
    "off": 32545,
    "sff": "male"
  },
  {
    "docID": "N136 Centenaro 2011",
    "et": "Age",
    "off": 29325,
    "sff": "13 weeks"
  },
  {
    "docID": "N136 Centenaro 2011",
    "et": "Male",
    "off": 29252,
    "sff": "male"
  }
]
