[
  {
    "docID": "N137 Centenaro 2013",
    "et": "WistarRat",
    "off": 5764,
    "sff": "Wistar rats"
  },
  {
    "docID": "N137 Centenaro 2013",
    "et": "Weight",
    "off": 5815,
    "sff": "280–380 g"
  },
  {
    "docID": "N137 Centenaro 2013",
    "et": "Adult",
    "off": 1082,
    "sff": "adult"
  },
  {
    "docID": "N137 Centenaro 2013",
    "et": "Male",
    "off": 5759,
    "sff": "male"
  },
  {
    "docID": "N137 Centenaro 2013",
    "et": "Age",
    "off": 5834,
    "sff": "13 weeks"
  }
]
