[
  {
    "docID": "N193 Ramer 2004",
    "et": "Weight",
    "off": 9739,
    "sff": "150–200 g"
  },
  {
    "docID": "N193 Ramer 2004",
    "et": "Male",
    "off": 9705,
    "sff": "Male"
  },
  {
    "docID": "N193 Ramer 2004",
    "et": "Male",
    "off": 9791,
    "sff": "male"
  },
  {
    "docID": "N193 Ramer 2004",
    "et": "C57_BL6_Mouse",
    "off": 9796,
    "sff": "C57Bl/6 mice"
  },
  {
    "docID": "N193 Ramer 2004",
    "et": "Weight",
    "off": 9818,
    "sff": "25–30 g"
  }
]
