[
  {
    "docID": "N204 Steward 2006",
    "et": "Weight",
    "off": 8380,
    "sff": "250 g"
  },
  {
    "docID": "N204 Steward 2006",
    "et": "Age",
    "off": 8650,
    "sff": "4 months"
  },
  {
    "docID": "N204 Steward 2006",
    "et": "Female",
    "off": 8302,
    "sff": "female"
  },
  {
    "docID": "N204 Steward 2006",
    "et": "SpragueDawleyRat",
    "off": 8309,
    "sff": "Sprague–Dawley rats"
  },
  {
    "docID": "N204 Steward 2006",
    "et": "Age",
    "off": 8591,
    "sff": "5 months"
  }
]
