[
  {
    "docID": "N212 Torres-Esp¡n 2014",
    "et": "Adult",
    "off": 10469,
    "sff": "Adult"
  },
  {
    "docID": "N212 Torres-Esp¡n 2014",
    "et": "Female",
    "off": 10475,
    "sff": "female"
  },
  {
    "docID": "N212 Torres-Esp¡n 2014",
    "et": "Age",
    "off": 10503,
    "sff": "9 weeks"
  },
  {
    "docID": "N212 Torres-Esp¡n 2014",
    "et": "SpragueDawleyRat",
    "off": 10482,
    "sff": "Sprague–Dawley rats"
  },
  {
    "docID": "N212 Torres-Esp¡n 2014",
    "et": "Weight",
    "off": 10516,
    "sff": "250–300 g"
  }
]
