[
  {
    "docID": "N227 Yamamoto 2009",
    "et": "Female",
    "off": 16693,
    "sff": "female"
  },
  {
    "docID": "N227 Yamamoto 2009",
    "et": "Adult",
    "off": 14588,
    "sff": "adult"
  },
  {
    "docID": "N227 Yamamoto 2009",
    "et": "Female",
    "off": 14619,
    "sff": "female"
  },
  {
    "docID": "N227 Yamamoto 2009",
    "et": "Weight",
    "off": 14608,
    "sff": "200-230 g"
  },
  {
    "docID": "N227 Yamamoto 2009",
    "et": "Adult",
    "off": 16662,
    "sff": "adult"
  },
  {
    "docID": "N227 Yamamoto 2009",
    "et": "Weight",
    "off": 16682,
    "sff": "180-200 g"
  }
]
