[
  {
    "docID": "N004 Bukhari, Torres et al. 2011",
    "et": "Contusion",
    "off": 5723,
    "sff": "contusion"
  },
  {
    "docID": "N004 Bukhari, Torres et al. 2011",
    "et": "VertebralArea",
    "off": 5329,
    "sff": "thoracic levels 8 and 10"
  },
  {
    "docID": "N004 Bukhari, Torres et al. 2011",
    "et": "Laminectomy",
    "off": 5295,
    "sff": "laminectomy"
  },
  {
    "docID": "N004 Bukhari, Torres et al. 2011",
    "et": "Nutrition",
    "off": 5949,
    "sff": "food pellets"
  },
  {
    "docID": "N004 Bukhari, Torres et al. 2011",
    "et": "InfiniteHorizonImpactor",
    "off": 5436,
    "sff": "Infinite Horizon Impactor"
  },
  {
    "docID": "N004 Bukhari, Torres et al. 2011",
    "et": "Contusion",
    "off": 65943,
    "sff": "cord"
  },
  {
    "docID": "N004 Bukhari, Torres et al. 2011",
    "et": "NYUImpactor",
    "off": 66120,
    "sff": "II"
  },
  {
    "docID": "N004 Bukhari, Torres et al. 2011",
    "et": "Isoflurane",
    "off": 5236,
    "sff": "isoflurane"
  },
  {
    "docID": "N004 Bukhari, Torres et al. 2011",
    "et": "Distance",
    "off": 5582,
    "sff": "2 cm"
  },
  {
    "docID": "N004 Bukhari, Torres et al. 2011",
    "et": "Thoracic",
    "off": 7026,
    "sff": "thoracic"
  }
]
