[
  {
    "docID": "N019 Xia 2008  18930033",
    "et": "T9",
    "off": 4412,
    "sff": "T9"
  },
  {
    "docID": "N019 Xia 2008  18930033",
    "et": "Weight",
    "off": 4085,
    "sff": "300 g were"
  },
  {
    "docID": "N019 Xia 2008  18930033",
    "et": "LateralHemisection",
    "off": 4380,
    "sff": "lateral hemisection"
  },
  {
    "docID": "N019 Xia 2008  18930033",
    "et": "IntraperitonealLocation",
    "off": 4299,
    "sff": "i.p."
  },
  {
    "docID": "N019 Xia 2008  18930033",
    "et": "T10",
    "off": 4714,
    "sff": "T10"
  },
  {
    "docID": "N019 Xia 2008  18930033",
    "et": "Weight",
    "off": 4941,
    "sff": "10"
  },
  {
    "docID": "N019 Xia 2008  18930033",
    "et": "DosageExtracorporal",
    "off": 4289,
    "sff": "40 mg/kg"
  },
  {
    "docID": "N019 Xia 2008  18930033",
    "et": "T9",
    "off": 4711,
    "sff": "T9"
  },
  {
    "docID": "N019 Xia 2008  18930033",
    "et": "BladderExpression",
    "off": 5558,
    "sff": "bladder compression"
  },
  {
    "docID": "N019 Xia 2008  18930033",
    "et": "SodiumPentobarbital",
    "off": 4274,
    "sff": "pentobarbital"
  }
]
