[
  {
    "docID": "N021 Yang 2009 19761692",
    "et": "T9",
    "off": 5849,
    "sff": "T9"
  },
  {
    "docID": "N021 Yang 2009 19761692",
    "et": "Housing",
    "off": 6753,
    "sff": "housed singly in cages"
  },
  {
    "docID": "N021 Yang 2009 19761692",
    "et": "Nutrition",
    "off": 6835,
    "sff": "food"
  },
  {
    "docID": "N021 Yang 2009 19761692",
    "et": "Hydration",
    "off": 6801,
    "sff": "free access to drinking water"
  },
  {
    "docID": "N021 Yang 2009 19761692",
    "et": "T8",
    "off": 9304,
    "sff": "T8"
  },
  {
    "docID": "N021 Yang 2009 19761692",
    "et": "InjectionDelivery",
    "off": 5719,
    "sff": "injection"
  },
  {
    "docID": "N021 Yang 2009 19761692",
    "et": "Compression",
    "off": 4279,
    "sff": "compression"
  },
  {
    "docID": "N021 Yang 2009 19761692",
    "et": "ChloralHydrate",
    "off": 5732,
    "sff": "chloral hydrate"
  },
  {
    "docID": "N021 Yang 2009 19761692",
    "et": "ChloralHydrate",
    "off": 10968,
    "sff": "hydrate"
  },
  {
    "docID": "N021 Yang 2009 19761692",
    "et": "MildInjury",
    "off": 2839,
    "sff": "injury"
  }
]
