[
  {
    "docID": "N025 Fouad 2005 15689553",
    "et": "T8",
    "off": 10071,
    "sff": "T8"
  },
  {
    "docID": "N025 Fouad 2005 15689553",
    "et": "Isoflurane",
    "off": 12498,
    "sff": "isoflurane"
  },
  {
    "docID": "N025 Fouad 2005 15689553",
    "et": "MildInjury",
    "off": 8428,
    "sff": "injury"
  },
  {
    "docID": "N025 Fouad 2005 15689553",
    "et": "Hydration",
    "off": 18948,
    "sff": "freely"
  },
  {
    "docID": "N025 Fouad 2005 15689553",
    "et": "CompleteTransection",
    "off": 10013,
    "sff": "transected"
  },
  {
    "docID": "N025 Fouad 2005 15689553",
    "et": "DosageExtracorporal",
    "off": 13558,
    "sff": "5 mg/kg"
  },
  {
    "docID": "N025 Fouad 2005 15689553",
    "et": "AntibioticMedication",
    "off": 13547,
    "sff": "cefazolin"
  },
  {
    "docID": "N025 Fouad 2005 15689553",
    "et": "Hydration",
    "off": 8390,
    "sff": "water"
  },
  {
    "docID": "N025 Fouad 2005 15689553",
    "et": "Nutrition",
    "off": 16391,
    "sff": "floor"
  },
  {
    "docID": "N025 Fouad 2005 15689553",
    "et": "Nutrition",
    "off": 8400,
    "sff": "food"
  }
]
