[
  {
    "docID": "N042 Huang 2010 20079803",
    "et": "T8",
    "off": 19096,
    "sff": "T8"
  },
  {
    "docID": "N042 Huang 2010 20079803",
    "et": "Contusion",
    "off": 23196,
    "sff": "cord"
  },
  {
    "docID": "N042 Huang 2010 20079803",
    "et": "MildInjury",
    "off": 3417,
    "sff": "injury"
  },
  {
    "docID": "N042 Huang 2010 20079803",
    "et": "C3",
    "off": 13442,
    "sff": "third"
  },
  {
    "docID": "N042 Huang 2010 20079803",
    "et": "T8",
    "off": 9034,
    "sff": "8"
  },
  {
    "docID": "N042 Huang 2010 20079803",
    "et": "Weight",
    "off": 5378,
    "sff": "300 g"
  },
  {
    "docID": "N042 Huang 2010 20079803",
    "et": "Hydration",
    "off": 13056,
    "sff": "freely"
  },
  {
    "docID": "N042 Huang 2010 20079803",
    "et": "LateralHemisection",
    "off": 24346,
    "sff": "dorsal"
  },
  {
    "docID": "N042 Huang 2010 20079803",
    "et": "Left",
    "off": 20220,
    "sff": "left"
  },
  {
    "docID": "N042 Huang 2010 20079803",
    "et": "C3",
    "off": 11562,
    "sff": "third"
  }
]
