[
  {
    "docID": "N070 Tom, Houl",
    "et": "Left",
    "off": 6861,
    "sff": "left"
  },
  {
    "docID": "N070 Tom, Houl",
    "et": "C5",
    "off": 7204,
    "sff": "C5"
  },
  {
    "docID": "N070 Tom, Houl",
    "et": "AntibioticMedication",
    "off": 4290,
    "sff": "ampicillin"
  },
  {
    "docID": "N070 Tom, Houl",
    "et": "PartialTransection",
    "off": 3803,
    "sff": "dorsal quadrant lesion"
  },
  {
    "docID": "N070 Tom, Houl",
    "et": "VertebralArea",
    "off": 15378,
    "sff": "and"
  },
  {
    "docID": "N070 Tom, Houl",
    "et": "C3",
    "off": 6510,
    "sff": "C3"
  },
  {
    "docID": "N070 Tom, Houl",
    "et": "Isoflurane",
    "off": 3660,
    "sff": "isoflurane"
  },
  {
    "docID": "N070 Tom, Houl",
    "et": "InjectionDelivery",
    "off": 1480,
    "sff": "injections"
  },
  {
    "docID": "N070 Tom, Houl",
    "et": "DosageExtracorporal",
    "off": 4302,
    "sff": "200mg/kg"
  },
  {
    "docID": "N070 Tom, Houl",
    "et": "C5",
    "off": 3736,
    "sff": "C5"
  }
]
