[
  {
    "docID": "N077 Andrews 2007",
    "et": "T9",
    "off": 32020,
    "sff": "T9"
  },
  {
    "docID": "N077 Andrews 2007",
    "et": "DorsalInjuryArea",
    "off": 68812,
    "sff": "dorsal funiculus"
  },
  {
    "docID": "N077 Andrews 2007",
    "et": "VertebralArea",
    "off": 13452,
    "sff": "T8 and T9"
  },
  {
    "docID": "N077 Andrews 2007",
    "et": "VertebralArea",
    "off": 13418,
    "sff": "T8 and T9"
  },
  {
    "docID": "N077 Andrews 2007",
    "et": "Hydration",
    "off": 11204,
    "sff": "water were provided ad libitum"
  },
  {
    "docID": "N077 Andrews 2007",
    "et": "Xylazine",
    "off": 13338,
    "sff": "Xylazine HCl"
  },
  {
    "docID": "N077 Andrews 2007",
    "et": "Nutrition",
    "off": 11195,
    "sff": "Food"
  },
  {
    "docID": "N077 Andrews 2007",
    "et": "AntibioticMedication",
    "off": 15425,
    "sff": "antibiotic"
  },
  {
    "docID": "N077 Andrews 2007",
    "et": "Compression",
    "off": 13060,
    "sff": "crushes"
  },
  {
    "docID": "N077 Andrews 2007",
    "et": "KetamineAsAnaesthetic",
    "off": 13286,
    "sff": "ketamine"
  }
]
