[
  {
    "docID": "N078 Aoki 2010",
    "et": "Nutrition",
    "off": 5124,
    "sff": "ad libitum"
  },
  {
    "docID": "N078 Aoki 2010",
    "et": "T9",
    "off": 8177,
    "sff": "T9"
  },
  {
    "docID": "N078 Aoki 2010",
    "et": "Laminectomy",
    "off": 5396,
    "sff": "laminectomy"
  },
  {
    "docID": "N078 Aoki 2010",
    "et": "BladderExpression",
    "off": 21300,
    "sff": "bladder"
  },
  {
    "docID": "N078 Aoki 2010",
    "et": "CompleteTransection",
    "off": 5477,
    "sff": "completely transected"
  },
  {
    "docID": "N078 Aoki 2010",
    "et": "DosageExtracorporal",
    "off": 5358,
    "sff": "50 mg/kg"
  },
  {
    "docID": "N078 Aoki 2010",
    "et": "SodiumPentobarbital",
    "off": 5212,
    "sff": "pentobarbital"
  },
  {
    "docID": "N078 Aoki 2010",
    "et": "DorsalInjuryArea",
    "off": 34140,
    "sff": "dorsal funiculus"
  },
  {
    "docID": "N078 Aoki 2010",
    "et": "T9",
    "off": 5436,
    "sff": "T9"
  },
  {
    "docID": "N078 Aoki 2010",
    "et": "Weight",
    "off": 4989,
    "sff": "210 g"
  }
]
