[
  {
    "docID": "N088 Cafferty, Yang et al. 2007",
    "et": "T6",
    "off": 23086,
    "sff": "T6"
  },
  {
    "docID": "N088 Cafferty, Yang et al. 2007",
    "et": "T6",
    "off": 7021,
    "sff": "T6"
  },
  {
    "docID": "N088 Cafferty, Yang et al. 2007",
    "et": "C4",
    "off": 8200,
    "sff": "C4"
  },
  {
    "docID": "N088 Cafferty, Yang et al. 2007",
    "et": "Compression",
    "off": 8466,
    "sff": "crushed"
  },
  {
    "docID": "N088 Cafferty, Yang et al. 2007",
    "et": "KetamineAsAnaesthetic",
    "off": 6654,
    "sff": "ketamine"
  },
  {
    "docID": "N088 Cafferty, Yang et al. 2007",
    "et": "Xylazine",
    "off": 6679,
    "sff": "xylazine"
  },
  {
    "docID": "N088 Cafferty, Yang et al. 2007",
    "et": "DosageExtracorporal",
    "off": 6689,
    "sff": "15 mg/kg"
  },
  {
    "docID": "N088 Cafferty, Yang et al. 2007",
    "et": "T6",
    "off": 6789,
    "sff": "T6"
  },
  {
    "docID": "N088 Cafferty, Yang et al. 2007",
    "et": "No5DumontForeceps",
    "off": 8321,
    "sff": "Dumont"
  },
  {
    "docID": "N088 Cafferty, Yang et al. 2007",
    "et": "SevereInjury",
    "off": 37923,
    "sff": "severe"
  }
]
