[
  {
    "docID": "N106 Xiong",
    "et": "Weight",
    "off": 11265,
    "sff": "8000 g for 10"
  },
  {
    "docID": "N106 Xiong",
    "et": "NYUImpactor",
    "off": 9204,
    "sff": "device"
  },
  {
    "docID": "N106 Xiong",
    "et": "Distance",
    "off": 9379,
    "sff": "4 mm"
  },
  {
    "docID": "N106 Xiong",
    "et": "Left",
    "off": 14415,
    "sff": "left"
  },
  {
    "docID": "N106 Xiong",
    "et": "Nutrition",
    "off": 7608,
    "sff": "food"
  },
  {
    "docID": "N106 Xiong",
    "et": "T10",
    "off": 8143,
    "sff": "T10"
  },
  {
    "docID": "N106 Xiong",
    "et": "Thoracic",
    "off": 24715,
    "sff": "thoracic"
  },
  {
    "docID": "N106 Xiong",
    "et": "Hydration",
    "off": 7583,
    "sff": "free access to water"
  },
  {
    "docID": "N106 Xiong",
    "et": "CompleteTransection",
    "off": 8366,
    "sff": "completely transected"
  },
  {
    "docID": "N106 Xiong",
    "et": "Dislocation",
    "off": 13666,
    "sff": "consequence"
  }
]
