[
  {
    "docID": "N184 Moriwaki 2014",
    "et": "Contusion",
    "off": 2650,
    "sff": "cord"
  },
  {
    "docID": "N184 Moriwaki 2014",
    "et": "T7",
    "off": 5796,
    "sff": "T7"
  },
  {
    "docID": "N184 Moriwaki 2014",
    "et": "Laminectomy",
    "off": 5752,
    "sff": "laminectomy"
  },
  {
    "docID": "N184 Moriwaki 2014",
    "et": "Isoflurane",
    "off": 5653,
    "sff": "isofl urane"
  },
  {
    "docID": "N184 Moriwaki 2014",
    "et": "Weight",
    "off": 8945,
    "sff": "and 10 mg"
  },
  {
    "docID": "N184 Moriwaki 2014",
    "et": "BladderExpression",
    "off": 6201,
    "sff": "manual bladder evacuation"
  },
  {
    "docID": "N184 Moriwaki 2014",
    "et": "Distance",
    "off": 11482,
    "sff": "25 mm"
  },
  {
    "docID": "N184 Moriwaki 2014",
    "et": "Nutrition",
    "off": 5345,
    "sff": "ad libitum"
  },
  {
    "docID": "N184 Moriwaki 2014",
    "et": "InfiniteHorizonImpactor",
    "off": 5971,
    "sff": "Impactor"
  },
  {
    "docID": "N184 Moriwaki 2014",
    "et": "T7",
    "off": 5853,
    "sff": "T7"
  }
]
