[
  {
    "docID": "N200 Sasaki 2004",
    "et": "T9",
    "off": 8410,
    "sff": "T9"
  },
  {
    "docID": "N200 Sasaki 2004",
    "et": "DorsalInjuryArea",
    "off": 8023,
    "sff": "funiculus"
  },
  {
    "docID": "N200 Sasaki 2004",
    "et": "KetamineAsAnaesthetic",
    "off": 8345,
    "sff": "ketamine"
  },
  {
    "docID": "N200 Sasaki 2004",
    "et": "Xylazine",
    "off": 8354,
    "sff": "xylazine"
  },
  {
    "docID": "N200 Sasaki 2004",
    "et": "DorsalInjuryArea",
    "off": 4408,
    "sff": "dorsal funiculus"
  },
  {
    "docID": "N200 Sasaki 2004",
    "et": "DorsalInjuryArea",
    "off": 9016,
    "sff": "dorsal funiculus"
  },
  {
    "docID": "N200 Sasaki 2004",
    "et": "DorsalInjuryArea",
    "off": 34584,
    "sff": "dorsal funiculus"
  },
  {
    "docID": "N200 Sasaki 2004",
    "et": "DorsalInjuryArea",
    "off": 4657,
    "sff": "funiculus"
  },
  {
    "docID": "N200 Sasaki 2004",
    "et": "DorsalHemisection",
    "off": 8546,
    "sff": "dorsal funiculus was transected"
  },
  {
    "docID": "N200 Sasaki 2004",
    "et": "Blade",
    "off": 5522,
    "sff": "scalpel"
  }
]
