[
  {
    "docID": "N219 Ramón-Cueto 1998",
    "et": "T9",
    "off": 13944,
    "sff": "T9"
  },
  {
    "docID": "N219 Ramón-Cueto 1998",
    "et": "InjectionDelivery",
    "off": 13494,
    "sff": "subcutaneously"
  },
  {
    "docID": "N219 Ramón-Cueto 1998",
    "et": "AntibioticMedication",
    "off": 15892,
    "sff": "Bicillin"
  },
  {
    "docID": "N219 Ramón-Cueto 1998",
    "et": "InjectionDelivery",
    "off": 1066,
    "sff": "injected"
  },
  {
    "docID": "N219 Ramón-Cueto 1998",
    "et": "T10",
    "off": 13718,
    "sff": "T10"
  },
  {
    "docID": "N219 Ramón-Cueto 1998",
    "et": "BladderExpression",
    "off": 15919,
    "sff": "bladder expression"
  },
  {
    "docID": "N219 Ramón-Cueto 1998",
    "et": "DosageExtracorporal",
    "off": 15902,
    "sff": "20,000 U/d"
  },
  {
    "docID": "N219 Ramón-Cueto 1998",
    "et": "Laminectomy",
    "off": 13679,
    "sff": "laminectomy"
  },
  {
    "docID": "N219 Ramón-Cueto 1998",
    "et": "NitrousOxide",
    "off": 13417,
    "sff": "N2O"
  },
  {
    "docID": "N219 Ramón-Cueto 1998",
    "et": "DosageExtracorporal",
    "off": 6793,
    "sff": "60"
  }
]
