[
  {
    "docID": "N241 Pan",
    "et": "DosageExtracorporal",
    "off": 9584,
    "sff": "80,000 U/qd"
  },
  {
    "docID": "N241 Pan",
    "et": "IntraperitonealLocation",
    "off": 7435,
    "sff": "abdominally"
  },
  {
    "docID": "N241 Pan",
    "et": "InjectionDelivery",
    "off": 7283,
    "sff": "injected"
  },
  {
    "docID": "N241 Pan",
    "et": "BladderExpression",
    "off": 9491,
    "sff": "pressing the bladder"
  },
  {
    "docID": "N241 Pan",
    "et": "CompleteTransection",
    "off": 6832,
    "sff": "complete transection"
  },
  {
    "docID": "N241 Pan",
    "et": "Weight",
    "off": 250,
    "sff": "10"
  },
  {
    "docID": "N241 Pan",
    "et": "T10",
    "off": 254,
    "sff": "T10"
  },
  {
    "docID": "N241 Pan",
    "et": "AntibioticMedication",
    "off": 9596,
    "sff": "ampicillin"
  },
  {
    "docID": "N241 Pan",
    "et": "ChloralHydrate",
    "off": 7456,
    "sff": "chloral hydrate"
  },
  {
    "docID": "N241 Pan",
    "et": "Weight",
    "off": 14525,
    "sff": "10"
  }
]
