[
  {
    "docID": "N251 Nategh",
    "et": "AneurysmClip",
    "off": 13844,
    "sff": "aneurysm clip"
  },
  {
    "docID": "N251 Nategh",
    "et": "AneurysmClip",
    "off": 4677,
    "sff": "aneurysm clip"
  },
  {
    "docID": "N251 Nategh",
    "et": "T9",
    "off": 4628,
    "sff": "T9"
  },
  {
    "docID": "N251 Nategh",
    "et": "Xylazine",
    "off": 4451,
    "sff": "Xylazine"
  },
  {
    "docID": "N251 Nategh",
    "et": "AntibioticMedication",
    "off": 5278,
    "sff": "Gentamicin"
  },
  {
    "docID": "N251 Nategh",
    "et": "AntibioticMedication",
    "off": 5252,
    "sff": "Cefazolin"
  },
  {
    "docID": "N251 Nategh",
    "et": "DosageExtracorporal",
    "off": 5290,
    "sff": "5 mg/kg"
  },
  {
    "docID": "N251 Nategh",
    "et": "InjectionDelivery",
    "off": 4471,
    "sff": "ip"
  },
  {
    "docID": "N251 Nategh",
    "et": "BladderExpression",
    "off": 15632,
    "sff": "bladder expression"
  },
  {
    "docID": "N251 Nategh",
    "et": "T10",
    "off": 4631,
    "sff": "T10"
  }
]
