[
  {
    "docID": "N001 Yoo, Khaled et al. 2013",
    "et": "C4",
    "off": 3812,
    "sff": "C4"
  },
  {
    "docID": "N001 Yoo, Khaled et al. 2013",
    "et": "DosageExtracorporal",
    "off": 38166,
    "sff": "24 mg/kg"
  },
  {
    "docID": "N001 Yoo, Khaled et al. 2013",
    "et": "Xylazine",
    "off": 40253,
    "sff": "Xylazine"
  },
  {
    "docID": "N001 Yoo, Khaled et al. 2013",
    "et": "Compression",
    "off": 38917,
    "sff": "compressed"
  },
  {
    "docID": "N001 Yoo, Khaled et al. 2013",
    "et": "Xylazine",
    "off": 38156,
    "sff": "Xylazine"
  },
  {
    "docID": "N001 Yoo, Khaled et al. 2013",
    "et": "C4",
    "off": 4568,
    "sff": "C4"
  },
  {
    "docID": "N001 Yoo, Khaled et al. 2013",
    "et": "C4",
    "off": 4846,
    "sff": "C4"
  },
  {
    "docID": "N001 Yoo, Khaled et al. 2013",
    "et": "C4",
    "off": 4751,
    "sff": "C4"
  },
  {
    "docID": "N001 Yoo, Khaled et al. 2013",
    "et": "C4",
    "off": 27408,
    "sff": "C4"
  }
]
