[
  {
    "docID": "N012 Bradbury 2002 11948352",
    "et": "C4",
    "off": 6061,
    "sff": "C4"
  },
  {
    "docID": "N012 Bradbury 2002 11948352",
    "et": "Injury",
    "off": 23844,
    "sff": "injury"
  },
  {
    "docID": "N012 Bradbury 2002 11948352",
    "et": "Injury",
    "off": 10722,
    "sff": "injury"
  },
  {
    "docID": "N012 Bradbury 2002 11948352",
    "et": "Compression",
    "off": 2241,
    "sff": "crush"
  },
  {
    "docID": "N012 Bradbury 2002 11948352",
    "et": "PartialTransection",
    "off": 15334,
    "sff": "bilateral lesion"
  },
  {
    "docID": "N012 Bradbury 2002 11948352",
    "et": "Injury",
    "off": 9311,
    "sff": "injury"
  },
  {
    "docID": "N012 Bradbury 2002 11948352",
    "et": "T7",
    "off": 9411,
    "sff": "–"
  },
  {
    "docID": "N012 Bradbury 2002 11948352",
    "et": "Injury",
    "off": 23706,
    "sff": "injury"
  },
  {
    "docID": "N012 Bradbury 2002 11948352",
    "et": "C1",
    "off": 13314,
    "sff": "segment"
  }
]
