[
  {
    "docID": "N024 Chau 2004 14630702",
    "et": "Injury",
    "off": 11456,
    "sff": "injury"
  },
  {
    "docID": "N024 Chau 2004 14630702",
    "et": "PhotochemicalInjury",
    "off": 12035,
    "sff": "cord"
  },
  {
    "docID": "N024 Chau 2004 14630702",
    "et": "PartialTransection",
    "off": 3270,
    "sff": "hemisection"
  },
  {
    "docID": "N024 Chau 2004 14630702",
    "et": "CompleteTransection",
    "off": 4436,
    "sff": "transected"
  },
  {
    "docID": "N024 Chau 2004 14630702",
    "et": "VertebralArea",
    "off": 11772,
    "sff": "and"
  },
  {
    "docID": "N024 Chau 2004 14630702",
    "et": "UnilateralInjuryArea",
    "off": 4592,
    "sff": "cord"
  },
  {
    "docID": "N024 Chau 2004 14630702",
    "et": "T8",
    "off": 3308,
    "sff": "T8"
  },
  {
    "docID": "N024 Chau 2004 14630702",
    "et": "Injury",
    "off": 12014,
    "sff": "injury"
  },
  {
    "docID": "N024 Chau 2004 14630702",
    "et": "Thoracic",
    "off": 786,
    "sff": "thoracic"
  }
]
