[
  {
    "docID": "N046 Imagama 2011 22114278",
    "et": "KetamineAsAnaesthetic",
    "off": 7923,
    "sff": "ketamine"
  },
  {
    "docID": "N046 Imagama 2011 22114278",
    "et": "BladderExpression",
    "off": 9485,
    "sff": "bladder was compressed"
  },
  {
    "docID": "N046 Imagama 2011 22114278",
    "et": "DosageExtracorporal",
    "off": 7958,
    "sff": "10 mg/kg"
  },
  {
    "docID": "N046 Imagama 2011 22114278",
    "et": "T9",
    "off": 7976,
    "sff": "Th9"
  },
  {
    "docID": "N046 Imagama 2011 22114278",
    "et": "AntibioticMedication",
    "off": 9709,
    "sff": "antibiotics"
  },
  {
    "docID": "N046 Imagama 2011 22114278",
    "et": "InfiniteHorizonImpactor",
    "off": 8108,
    "sff": "Infinite Horizon Impactor"
  },
  {
    "docID": "N046 Imagama 2011 22114278",
    "et": "InjectionDelivery",
    "off": 7910,
    "sff": "injection"
  },
  {
    "docID": "N046 Imagama 2011 22114278",
    "et": "Laminectomy",
    "off": 7980,
    "sff": "laminectomy"
  },
  {
    "docID": "N046 Imagama 2011 22114278",
    "et": "Xylazine",
    "off": 7948,
    "sff": "xylazine"
  }
]
