[
  {
    "docID": "N049 Wang 2011 21299884",
    "et": "AntibioticMedication",
    "off": 8104,
    "sff": "Antibiotics"
  },
  {
    "docID": "N049 Wang 2011 21299884",
    "et": "Weight",
    "off": 15954,
    "sff": "10-gm rod"
  },
  {
    "docID": "N049 Wang 2011 21299884",
    "et": "Weight",
    "off": 7802,
    "sff": "10-g"
  },
  {
    "docID": "N049 Wang 2011 21299884",
    "et": "BladderExpression",
    "off": 8061,
    "sff": "bladder evacuation"
  },
  {
    "docID": "N049 Wang 2011 21299884",
    "et": "T10",
    "off": 7795,
    "sff": "T10"
  },
  {
    "docID": "N049 Wang 2011 21299884",
    "et": "Weight",
    "off": 7800,
    "sff": "A 10-g  rod"
  },
  {
    "docID": "N049 Wang 2011 21299884",
    "et": "Distance",
    "off": 15981,
    "sff": "25 mm"
  },
  {
    "docID": "N049 Wang 2011 21299884",
    "et": "NYUImpactor",
    "off": 6870,
    "sff": "NYU impactor"
  },
  {
    "docID": "N049 Wang 2011 21299884",
    "et": "T10",
    "off": 56861,
    "sff": "T"
  }
]
