[
  {
    "docID": "N059 Ikegami, Nakamura et al. 2005",
    "et": "Hydration",
    "off": 12266,
    "sff": "free access to water"
  },
  {
    "docID": "N059 Ikegami, Nakamura et al. 2005",
    "et": "Distance",
    "off": 12216,
    "sff": "25 mm"
  },
  {
    "docID": "N059 Ikegami, Nakamura et al. 2005",
    "et": "Weight",
    "off": 16994,
    "sff": "10"
  },
  {
    "docID": "N059 Ikegami, Nakamura et al. 2005",
    "et": "Nutrition",
    "off": 12291,
    "sff": "food"
  },
  {
    "docID": "N059 Ikegami, Nakamura et al. 2005",
    "et": "T10",
    "off": 12124,
    "sff": "Th10"
  },
  {
    "docID": "N059 Ikegami, Nakamura et al. 2005",
    "et": "BladderExpression",
    "off": 12304,
    "sff": "bladder expression"
  },
  {
    "docID": "N059 Ikegami, Nakamura et al. 2005",
    "et": "NYUImpactor",
    "off": 11979,
    "sff": "NYU impactor"
  },
  {
    "docID": "N059 Ikegami, Nakamura et al. 2005",
    "et": "NYUImpactor",
    "off": 29542,
    "sff": "NYU"
  },
  {
    "docID": "N059 Ikegami, Nakamura et al. 2005",
    "et": "Weight",
    "off": 12179,
    "sff": "10-g weight"
  }
]
