[
  {
    "docID": "N072 Tom, Sandrow-Feinberg et al. 2009",
    "et": "Isoflurane",
    "off": 8359,
    "sff": "isoflurane"
  },
  {
    "docID": "N072 Tom, Sandrow-Feinberg et al. 2009",
    "et": "Isoflurane",
    "off": 8949,
    "sff": "isoflurane"
  },
  {
    "docID": "N072 Tom, Sandrow-Feinberg et al. 2009",
    "et": "Force",
    "off": 7223,
    "sff": "200 kdyne force"
  },
  {
    "docID": "N072 Tom, Sandrow-Feinberg et al. 2009",
    "et": "Isoflurane",
    "off": 10899,
    "sff": "isoflurane"
  },
  {
    "docID": "N072 Tom, Sandrow-Feinberg et al. 2009",
    "et": "Nutrition",
    "off": 13007,
    "sff": "ad libitum"
  },
  {
    "docID": "N072 Tom, Sandrow-Feinberg et al. 2009",
    "et": "C5",
    "off": 10833,
    "sff": "C5"
  },
  {
    "docID": "N072 Tom, Sandrow-Feinberg et al. 2009",
    "et": "Xylazine",
    "off": 8617,
    "sff": "xylazine"
  },
  {
    "docID": "N072 Tom, Sandrow-Feinberg et al. 2009",
    "et": "InfiniteHorizonImpactor",
    "off": 7099,
    "sff": "impactor tip"
  },
  {
    "docID": "N072 Tom, Sandrow-Feinberg et al. 2009",
    "et": "DosageExtracorporal",
    "off": 8627,
    "sff": "10 mg/kg"
  }
]
