[
  {
    "docID": "N104 Wang, Winsor et al. 2017",
    "et": "C3",
    "off": 44821,
    "sff": "C3"
  },
  {
    "docID": "N104 Wang, Winsor et al. 2017",
    "et": "T8",
    "off": 41637,
    "sff": "T8"
  },
  {
    "docID": "N104 Wang, Winsor et al. 2017",
    "et": "No5DumontForeceps",
    "off": 41658,
    "sff": "Dumont forceps"
  },
  {
    "docID": "N104 Wang, Winsor et al. 2017",
    "et": "KetamineAsAnaesthetic",
    "off": 12288,
    "sff": "Ketamine"
  },
  {
    "docID": "N104 Wang, Winsor et al. 2017",
    "et": "Xylazine",
    "off": 12297,
    "sff": "Xylazine"
  },
  {
    "docID": "N104 Wang, Winsor et al. 2017",
    "et": "Compression",
    "off": 20430,
    "sff": "crushes"
  },
  {
    "docID": "N104 Wang, Winsor et al. 2017",
    "et": "SevereInjury",
    "off": 51533,
    "sff": "severe"
  },
  {
    "docID": "N104 Wang, Winsor et al. 2017",
    "et": "DosageExtracorporal",
    "off": 12311,
    "sff": "10 mg/kg"
  },
  {
    "docID": "N104 Wang, Winsor et al. 2017",
    "et": "C4",
    "off": 14537,
    "sff": "C4"
  }
]
