[
  {
    "docID": "N113 Hyatt, Wang et al. 2010",
    "et": "DosageExtracorporal",
    "off": 13951,
    "sff": "20,000"
  },
  {
    "docID": "N113 Hyatt, Wang et al. 2010",
    "et": "No5DumontForeceps",
    "off": 10892,
    "sff": "forceps"
  },
  {
    "docID": "N113 Hyatt, Wang et al. 2010",
    "et": "Isoflurane",
    "off": 10645,
    "sff": "isoﬂurane"
  },
  {
    "docID": "N113 Hyatt, Wang et al. 2010",
    "et": "MildInjury",
    "off": 5560,
    "sff": "injury"
  },
  {
    "docID": "N113 Hyatt, Wang et al. 2010",
    "et": "C4",
    "off": 10780,
    "sff": "C4"
  },
  {
    "docID": "N113 Hyatt, Wang et al. 2010",
    "et": "No5DumontForeceps",
    "off": 10901,
    "sff": "Dumont"
  },
  {
    "docID": "N113 Hyatt, Wang et al. 2010",
    "et": "Distance",
    "off": 11676,
    "sff": "2 mm"
  },
  {
    "docID": "N113 Hyatt, Wang et al. 2010",
    "et": "Compression",
    "off": 2169,
    "sff": "injury"
  },
  {
    "docID": "N113 Hyatt, Wang et al. 2010",
    "et": "VertebralArea",
    "off": 4610,
    "sff": "and"
  }
]
