[
  {
    "docID": "N118 Wilems, Sakiyama-Elbert 2015",
    "et": "Isoflurane",
    "off": 18467,
    "sff": "isoflurane"
  },
  {
    "docID": "N118 Wilems, Sakiyama-Elbert 2015",
    "et": "MildInjury",
    "off": 39412,
    "sff": "mild injury"
  },
  {
    "docID": "N118 Wilems, Sakiyama-Elbert 2015",
    "et": "AntibioticMedication",
    "off": 20305,
    "sff": "Cefazolin"
  },
  {
    "docID": "N118 Wilems, Sakiyama-Elbert 2015",
    "et": "Xylazine",
    "off": 18494,
    "sff": "xylazine"
  },
  {
    "docID": "N118 Wilems, Sakiyama-Elbert 2015",
    "et": "T11",
    "off": 18682,
    "sff": "T11"
  },
  {
    "docID": "N118 Wilems, Sakiyama-Elbert 2015",
    "et": "T8",
    "off": 18725,
    "sff": "T8"
  },
  {
    "docID": "N118 Wilems, Sakiyama-Elbert 2015",
    "et": "SpringScissors",
    "off": 18846,
    "sff": "scissors"
  },
  {
    "docID": "N118 Wilems, Sakiyama-Elbert 2015",
    "et": "DosageExtracorporal",
    "off": 18486,
    "sff": "5 mg/kg"
  },
  {
    "docID": "N118 Wilems, Sakiyama-Elbert 2015",
    "et": "Laminectomy",
    "off": 18696,
    "sff": "laminectomy"
  }
]
