[
  {
    "docID": "N128 Hwang, Kim et al. 2011",
    "et": "BladderExpression",
    "off": 11270,
    "sff": "bladder expression"
  },
  {
    "docID": "N128 Hwang, Kim et al. 2011",
    "et": "T10",
    "off": 10167,
    "sff": "T10"
  },
  {
    "docID": "N128 Hwang, Kim et al. 2011",
    "et": "T10",
    "off": 563,
    "sff": "T10"
  },
  {
    "docID": "N128 Hwang, Kim et al. 2011",
    "et": "Halothane",
    "off": 10024,
    "sff": "halothane"
  },
  {
    "docID": "N128 Hwang, Kim et al. 2011",
    "et": "Distance",
    "off": 10315,
    "sff": "12.5 mm"
  },
  {
    "docID": "N128 Hwang, Kim et al. 2011",
    "et": "Weight",
    "off": 10296,
    "sff": "10 g weight"
  },
  {
    "docID": "N128 Hwang, Kim et al. 2011",
    "et": "Weight",
    "off": 6872,
    "sff": "g"
  },
  {
    "docID": "N128 Hwang, Kim et al. 2011",
    "et": "NYUImpactor",
    "off": 64191,
    "sff": "NYU"
  },
  {
    "docID": "N128 Hwang, Kim et al. 2011",
    "et": "AntibioticMedication",
    "off": 10900,
    "sff": "penicillin"
  }
]
