[
  {
    "docID": "N148 Gorrie 2010",
    "et": "Distance",
    "off": 35823,
    "sff": "12.5 mm"
  },
  {
    "docID": "N148 Gorrie 2010",
    "et": "DosageExtracorporal",
    "off": 35357,
    "sff": "10 mg/kg"
  },
  {
    "docID": "N148 Gorrie 2010",
    "et": "IntraperitonealLocation",
    "off": 35367,
    "sff": "IP"
  },
  {
    "docID": "N148 Gorrie 2010",
    "et": "AntibioticMedication",
    "off": 36146,
    "sff": "antibiotics"
  },
  {
    "docID": "N148 Gorrie 2010",
    "et": "KetamineAsAnaesthetic",
    "off": 35334,
    "sff": "ketamine"
  },
  {
    "docID": "N148 Gorrie 2010",
    "et": "T10",
    "off": 1215,
    "sff": "T10"
  },
  {
    "docID": "N148 Gorrie 2010",
    "et": "Weight",
    "off": 35832,
    "sff": "10 g"
  },
  {
    "docID": "N148 Gorrie 2010",
    "et": "Xylazine",
    "off": 35343,
    "sff": "xylazine"
  },
  {
    "docID": "N148 Gorrie 2010",
    "et": "DosageExtracorporal",
    "off": 35353,
    "sff": "100"
  }
]
