[
  {
    "docID": "N152 Ibrahim 2009",
    "et": "ScoutenWireKnife",
    "off": 7682,
    "sff": "wire"
  },
  {
    "docID": "N152 Ibrahim 2009",
    "et": "ScoutenWireKnife",
    "off": 7762,
    "sff": "wire"
  },
  {
    "docID": "N152 Ibrahim 2009",
    "et": "C4",
    "off": 4055,
    "sff": "C4"
  },
  {
    "docID": "N152 Ibrahim 2009",
    "et": "UnilateralInjuryArea",
    "off": 27194,
    "sff": "unilateral"
  },
  {
    "docID": "N152 Ibrahim 2009",
    "et": "UnilateralInjuryArea",
    "off": 2267,
    "sff": "unilateral"
  },
  {
    "docID": "N152 Ibrahim 2009",
    "et": "ScoutenWireKnife",
    "off": 7610,
    "sff": "wire"
  },
  {
    "docID": "N152 Ibrahim 2009",
    "et": "Compression",
    "off": 25911,
    "sff": "crush"
  },
  {
    "docID": "N152 Ibrahim 2009",
    "et": "C4",
    "off": 7098,
    "sff": "C4"
  },
  {
    "docID": "N152 Ibrahim 2009",
    "et": "C4",
    "off": 12315,
    "sff": "C4"
  }
]
