[
  {
    "docID": "N154 Iwatsuki 2008",
    "et": "Xylazine",
    "off": 6355,
    "sff": "xylazine"
  },
  {
    "docID": "N154 Iwatsuki 2008",
    "et": "DosageExtracorporal",
    "off": 2735,
    "sff": "10 mg/kg"
  },
  {
    "docID": "N154 Iwatsuki 2008",
    "et": "Right",
    "off": 7968,
    "sff": "right"
  },
  {
    "docID": "N154 Iwatsuki 2008",
    "et": "Xylazine",
    "off": 2716,
    "sff": "rompun"
  },
  {
    "docID": "N154 Iwatsuki 2008",
    "et": "DosageExtracorporal",
    "off": 2732,
    "sff": "90"
  },
  {
    "docID": "N154 Iwatsuki 2008",
    "et": "DosageExtracorporal",
    "off": 6365,
    "sff": "8 mg/kg"
  },
  {
    "docID": "N154 Iwatsuki 2008",
    "et": "KetamineAsAnaesthetic",
    "off": 2707,
    "sff": "ketamine"
  },
  {
    "docID": "N154 Iwatsuki 2008",
    "et": "C3",
    "off": 12047,
    "sff": "third"
  },
  {
    "docID": "N154 Iwatsuki 2008",
    "et": "MildInjury",
    "off": 4521,
    "sff": "injury"
  }
]
