[
  {
    "docID": "N157 Kalincik 2010",
    "et": "Nutrition",
    "off": 5015,
    "sff": "ad-lib food"
  },
  {
    "docID": "N157 Kalincik 2010",
    "et": "T3",
    "off": 6903,
    "sff": "T3"
  },
  {
    "docID": "N157 Kalincik 2010",
    "et": "KetamineAsAnaesthetic",
    "off": 6547,
    "sff": "ketamine hydrochloride"
  },
  {
    "docID": "N157 Kalincik 2010",
    "et": "Hydration",
    "off": 5031,
    "sff": "water"
  },
  {
    "docID": "N157 Kalincik 2010",
    "et": "InjectionDelivery",
    "off": 6668,
    "sff": "i.p."
  },
  {
    "docID": "N157 Kalincik 2010",
    "et": "Xylazine",
    "off": 6650,
    "sff": "xylazine"
  },
  {
    "docID": "N157 Kalincik 2010",
    "et": "DosageExtracorporal",
    "off": 6660,
    "sff": "7 mg/kg"
  },
  {
    "docID": "N157 Kalincik 2010",
    "et": "IntraperitonealLocation",
    "off": 6582,
    "sff": "i.p"
  },
  {
    "docID": "N157 Kalincik 2010",
    "et": "T7",
    "off": 26153,
    "sff": "T7"
  }
]
