[
  {
    "docID": "N159 Keyvan-Fouladi 2003",
    "et": "Injury",
    "off": 20285,
    "sff": "lesion"
  },
  {
    "docID": "N159 Keyvan-Fouladi 2003",
    "et": "C1",
    "off": 490,
    "sff": "first cervical segment"
  },
  {
    "docID": "N159 Keyvan-Fouladi 2003",
    "et": "Injury",
    "off": 4263,
    "sff": "heat lesion"
  },
  {
    "docID": "N159 Keyvan-Fouladi 2003",
    "et": "Injury",
    "off": 19204,
    "sff": "injury"
  },
  {
    "docID": "N159 Keyvan-Fouladi 2003",
    "et": "Injury",
    "off": 16259,
    "sff": "injury"
  },
  {
    "docID": "N159 Keyvan-Fouladi 2003",
    "et": "UnilateralInjuryArea",
    "off": 1399,
    "sff": "unilateral lesions"
  },
  {
    "docID": "N159 Keyvan-Fouladi 2003",
    "et": "PartialTransection",
    "off": 13447,
    "sff": "lesion"
  },
  {
    "docID": "N159 Keyvan-Fouladi 2003",
    "et": "C1",
    "off": 11918,
    "sff": "first"
  },
  {
    "docID": "N159 Keyvan-Fouladi 2003",
    "et": "C1",
    "off": 17695,
    "sff": "cervical"
  }
]
