[
  {
    "docID": "N162 Lebedev 2010",
    "et": "KetamineAsAnaesthetic",
    "off": 5905,
    "sff": "ketamine"
  },
  {
    "docID": "N162 Lebedev 2010",
    "et": "BladderExpression",
    "off": 7257,
    "sff": "voiding"
  },
  {
    "docID": "N162 Lebedev 2010",
    "et": "Diazepam",
    "off": 5935,
    "sff": "seduxen"
  },
  {
    "docID": "N162 Lebedev 2010",
    "et": "T9",
    "off": 5975,
    "sff": "Th9"
  },
  {
    "docID": "N162 Lebedev 2010",
    "et": "Hydration",
    "off": 2936,
    "sff": "water"
  },
  {
    "docID": "N162 Lebedev 2010",
    "et": "ModerateInjury",
    "off": 13677,
    "sff": "medium-severity"
  },
  {
    "docID": "N162 Lebedev 2010",
    "et": "Weight",
    "off": 6166,
    "sff": "10 mg"
  },
  {
    "docID": "N162 Lebedev 2010",
    "et": "T10",
    "off": 6077,
    "sff": "Th10"
  },
  {
    "docID": "N162 Lebedev 2010",
    "et": "DosageExtracorporal",
    "off": 5915,
    "sff": "120 mg/kg"
  }
]
