[
  {
    "docID": "N165 Li 2010",
    "et": "Distance",
    "off": 537,
    "sff": "25 mm"
  },
  {
    "docID": "N165 Li 2010",
    "et": "T10",
    "off": 3766,
    "sff": "T10"
  },
  {
    "docID": "N165 Li 2010",
    "et": "Weight",
    "off": 511,
    "sff": "10 g rod"
  },
  {
    "docID": "N165 Li 2010",
    "et": "BladderExpression",
    "off": 3980,
    "sff": "urination"
  },
  {
    "docID": "N165 Li 2010",
    "et": "NYUImpactor",
    "off": 468,
    "sff": "NYU-impactor"
  },
  {
    "docID": "N165 Li 2010",
    "et": "T10",
    "off": 487,
    "sff": "T10"
  },
  {
    "docID": "N165 Li 2010",
    "et": "NYUImpactor",
    "off": 3833,
    "sff": "NYU-impactor"
  },
  {
    "docID": "N165 Li 2010",
    "et": "Distance",
    "off": 3889,
    "sff": "25 mm.Postoperative"
  },
  {
    "docID": "N165 Li 2010",
    "et": "Weight",
    "off": 3863,
    "sff": "10 g rod"
  }
]
