[
  {
    "docID": "N173 L+¦pez-Vales 2006",
    "et": "PhotochemicalInjury",
    "off": 28077,
    "sff": "photochemical injury"
  },
  {
    "docID": "N173 L+¦pez-Vales 2006",
    "et": "T8",
    "off": 8564,
    "sff": "T8"
  },
  {
    "docID": "N173 L+¦pez-Vales 2006",
    "et": "CompleteTransection",
    "off": 9311,
    "sff": "completely transected"
  },
  {
    "docID": "N173 L+¦pez-Vales 2006",
    "et": "Hydration",
    "off": 11088,
    "sff": "water"
  },
  {
    "docID": "N173 L+¦pez-Vales 2006",
    "et": "InjectionDelivery",
    "off": 8516,
    "sff": "i.p."
  },
  {
    "docID": "N173 L+¦pez-Vales 2006",
    "et": "Nutrition",
    "off": 11103,
    "sff": "ad libitum"
  },
  {
    "docID": "N173 L+¦pez-Vales 2006",
    "et": "PhotochemicalInjury",
    "off": 27497,
    "sff": "photochemical injury"
  },
  {
    "docID": "N173 L+¦pez-Vales 2006",
    "et": "IntraperitonealLocation",
    "off": 11865,
    "sff": "i.p."
  },
  {
    "docID": "N173 L+¦pez-Vales 2006",
    "et": "SodiumPentobarbital",
    "off": 8491,
    "sff": "pentobarbital"
  }
]
