[
  {
    "docID": "N175 L+¦pez-Vales2006 2",
    "et": "SodiumPentobarbital",
    "off": 15218,
    "sff": "2%"
  },
  {
    "docID": "N175 L+¦pez-Vales2006 2",
    "et": "DorsalInjuryArea",
    "off": 13147,
    "sff": "dorsal funiculus"
  },
  {
    "docID": "N175 L+¦pez-Vales2006 2",
    "et": "InjectionDelivery",
    "off": 3811,
    "sff": "intraperitoneal"
  },
  {
    "docID": "N175 L+¦pez-Vales2006 2",
    "et": "LightIntensity",
    "off": 8917,
    "sff": "power"
  },
  {
    "docID": "N175 L+¦pez-Vales2006 2",
    "et": "PhotochemicalInjury",
    "off": 10523,
    "sff": "photochemical injury"
  },
  {
    "docID": "N175 L+¦pez-Vales2006 2",
    "et": "DosageExtracorporal",
    "off": 3801,
    "sff": "40 mg/kg"
  },
  {
    "docID": "N175 L+¦pez-Vales2006 2",
    "et": "SodiumPentobarbital",
    "off": 3775,
    "sff": "pentobarbital"
  },
  {
    "docID": "N175 L+¦pez-Vales2006 2",
    "et": "LightSource",
    "off": 4276,
    "sff": "optic fiber"
  },
  {
    "docID": "N175 L+¦pez-Vales2006 2",
    "et": "T8",
    "off": 896,
    "sff": "T8"
  }
]
