[
  {
    "docID": "N197 Rochkind 2006",
    "et": "C3",
    "off": 20635,
    "sff": "third"
  },
  {
    "docID": "N197 Rochkind 2006",
    "et": "Weight",
    "off": 9754,
    "sff": "250 g"
  },
  {
    "docID": "N197 Rochkind 2006",
    "et": "L4",
    "off": 9168,
    "sff": "4"
  },
  {
    "docID": "N197 Rochkind 2006",
    "et": "T7",
    "off": 10522,
    "sff": "T7"
  },
  {
    "docID": "N197 Rochkind 2006",
    "et": "KetamineAsAnaesthetic",
    "off": 9874,
    "sff": "Ketamine"
  },
  {
    "docID": "N197 Rochkind 2006",
    "et": "SevereInjury",
    "off": 26878,
    "sff": "severe"
  },
  {
    "docID": "N197 Rochkind 2006",
    "et": "BladderExpression",
    "off": 12025,
    "sff": "rats were assisted in urination"
  },
  {
    "docID": "N197 Rochkind 2006",
    "et": "T8",
    "off": 10525,
    "sff": "T8"
  },
  {
    "docID": "N197 Rochkind 2006",
    "et": "InjectionDelivery",
    "off": 9818,
    "sff": "injections"
  }
]
