[
  {
    "docID": "N213 Torres-Espin 2013",
    "et": "Hydration",
    "off": 9116,
    "sff": "water"
  },
  {
    "docID": "N213 Torres-Espin 2013",
    "et": "T8",
    "off": 9528,
    "sff": "T8"
  },
  {
    "docID": "N213 Torres-Espin 2013",
    "et": "InfiniteHorizonImpactor",
    "off": 9612,
    "sff": "Infinite Horizon Impactor"
  },
  {
    "docID": "N213 Torres-Espin 2013",
    "et": "MildInjury",
    "off": 16920,
    "sff": "mild"
  },
  {
    "docID": "N213 Torres-Espin 2013",
    "et": "T9",
    "off": 9531,
    "sff": "T9"
  },
  {
    "docID": "N213 Torres-Espin 2013",
    "et": "KetamineAsAnaesthetic",
    "off": 9363,
    "sff": "ketamine"
  },
  {
    "docID": "N213 Torres-Espin 2013",
    "et": "Xylazine",
    "off": 9387,
    "sff": "xylacine"
  },
  {
    "docID": "N213 Torres-Espin 2013",
    "et": "Nutrition",
    "off": 9092,
    "sff": "free access to food"
  },
  {
    "docID": "N213 Torres-Espin 2013",
    "et": "T6",
    "off": 9481,
    "sff": "T6"
  }
]
