[
  {
    "docID": "N228 Yazdani 2012",
    "et": "Weight",
    "off": 9333,
    "sff": "350 g"
  },
  {
    "docID": "N228 Yazdani 2012",
    "et": "T9",
    "off": 904,
    "sff": "T9"
  },
  {
    "docID": "N228 Yazdani 2012",
    "et": "Weight",
    "off": 9332,
    "sff": "–350 g) received"
  },
  {
    "docID": "N228 Yazdani 2012",
    "et": "T10",
    "off": 9476,
    "sff": "T10"
  },
  {
    "docID": "N228 Yazdani 2012",
    "et": "Xylazine",
    "off": 12578,
    "sff": "xylazine"
  },
  {
    "docID": "N228 Yazdani 2012",
    "et": "T9",
    "off": 9809,
    "sff": "T9"
  },
  {
    "docID": "N228 Yazdani 2012",
    "et": "BladderExpression",
    "off": 10078,
    "sff": "bladder expression"
  },
  {
    "docID": "N228 Yazdani 2012",
    "et": "AntibioticMedication",
    "off": 10170,
    "sff": "Antibiotic"
  },
  {
    "docID": "N228 Yazdani 2012",
    "et": "Weight",
    "off": 6394,
    "sff": "100 g"
  }
]
