[
  {
    "docID": "N236 Akbari",
    "et": "T9",
    "off": 5928,
    "sff": "T9"
  },
  {
    "docID": "N236 Akbari",
    "et": "Xylazine",
    "off": 5802,
    "sff": "xylazine"
  },
  {
    "docID": "N236 Akbari",
    "et": "Hydration",
    "off": 6575,
    "sff": "water were provided ad libitum"
  },
  {
    "docID": "N236 Akbari",
    "et": "Weight",
    "off": 6001,
    "sff": "10 g weight"
  },
  {
    "docID": "N236 Akbari",
    "et": "T10",
    "off": 5931,
    "sff": "T10"
  },
  {
    "docID": "N236 Akbari",
    "et": "Distance",
    "off": 7122,
    "sff": "2 cm"
  },
  {
    "docID": "N236 Akbari",
    "et": "Distance",
    "off": 6030,
    "sff": "25 mm"
  },
  {
    "docID": "N236 Akbari",
    "et": "NYUImpactor",
    "off": 6037,
    "sff": "NYU impactor"
  },
  {
    "docID": "N236 Akbari",
    "et": "IntraperitonealLocation",
    "off": 6388,
    "sff": "IP"
  }
]
