[
  {
    "docID": "N249 Khankan",
    "et": "Isoflurane",
    "off": 11863,
    "sff": "isoflurane gas"
  },
  {
    "docID": "N249 Khankan",
    "et": "BladderExpression",
    "off": 13342,
    "sff": "manual bladder expression"
  },
  {
    "docID": "N249 Khankan",
    "et": "Nutrition",
    "off": 6888,
    "sff": "ad libitum access to food"
  },
  {
    "docID": "N249 Khankan",
    "et": "Left",
    "off": 29589,
    "sff": "left"
  },
  {
    "docID": "N249 Khankan",
    "et": "T9",
    "off": 12038,
    "sff": "T9"
  },
  {
    "docID": "N249 Khankan",
    "et": "T10",
    "off": 12288,
    "sff": "ÄìT10"
  },
  {
    "docID": "N249 Khankan",
    "et": "CompleteTransection",
    "off": 12247,
    "sff": "completely transected"
  },
  {
    "docID": "N249 Khankan",
    "et": "Weight",
    "off": 13564,
    "sff": "10"
  },
  {
    "docID": "N249 Khankan",
    "et": "Hydration",
    "off": 6918,
    "sff": "water.Weestablished"
  }
]
