[
  {
    "docID": "N002 Takeuchi, Yoshioka, N.a  b  c  d et al. 2013",
    "et": "MesenchymalStemCell",
    "off": 48732,
    "sff": "stem"
  },
  {
    "docID": "N002 Takeuchi, Yoshioka, N.a  b  c  d et al. 2013",
    "et": "MesenchymalStemCell",
    "off": 42290,
    "sff": "stem"
  },
  {
    "docID": "N002 Takeuchi, Yoshioka, N.a  b  c  d et al. 2013",
    "et": "MesenchymalStemCell",
    "off": 31608,
    "sff": "stem"
  },
  {
    "docID": "N002 Takeuchi, Yoshioka, N.a  b  c  d et al. 2013",
    "et": "GeneticModificationTreatment",
    "off": 28995,
    "sff": "genetic"
  },
  {
    "docID": "N002 Takeuchi, Yoshioka, N.a  b  c  d et al. 2013",
    "et": "GeneticModificationTreatment",
    "off": 44283,
    "sff": "genetic"
  },
  {
    "docID": "N002 Takeuchi, Yoshioka, N.a  b  c  d et al. 2013",
    "et": "GeneticModificationTreatment",
    "off": 41229,
    "sff": "genetic"
  },
  {
    "docID": "N002 Takeuchi, Yoshioka, N.a  b  c  d et al. 2013",
    "et": "SpinalSubduralArea",
    "off": 45974,
    "sff": "spinal"
  },
  {
    "docID": "N002 Takeuchi, Yoshioka, N.a  b  c  d et al. 2013",
    "et": "SpinalSubduralArea",
    "off": 36371,
    "sff": "Spinal"
  },
  {
    "docID": "N002 Takeuchi, Yoshioka, N.a  b  c  d et al. 2013",
    "et": "SpinalSubduralArea",
    "off": 7506,
    "sff": "spinal"
  },
  {
    "docID": "N002 Takeuchi, Yoshioka, N.a  b  c  d et al. 2013",
    "et": "SpinalSubduralArea",
    "off": 9426,
    "sff": "spinal"
  },
  {
    "docID": "N002 Takeuchi, Yoshioka, N.a  b  c  d et al. 2013",
    "et": "SpinalSubduralArea",
    "off": 43601,
    "sff": "spinal"
  },
  {
    "docID": "N002 Takeuchi, Yoshioka, N.a  b  c  d et al. 2013",
    "et": "SpinalSubduralArea",
    "off": 48590,
    "sff": "spinal"
  },
  {
    "docID": "N002 Takeuchi, Yoshioka, N.a  b  c  d et al. 2013",
    "et": "SpinalSubduralArea",
    "off": 40972,
    "sff": "spinal"
  },
  {
    "docID": "N002 Takeuchi, Yoshioka, N.a  b  c  d et al. 2013",
    "et": "SpinalSubduralArea",
    "off": 43276,
    "sff": "spinal"
  },
  {
    "docID": "N002 Takeuchi, Yoshioka, N.a  b  c  d et al. 2013",
    "et": "SpinalSubduralArea",
    "off": 1482,
    "sff": "spinal"
  },
  {
    "docID": "N002 Takeuchi, Yoshioka, N.a  b  c  d et al. 2013",
    "et": "SpinalSubduralArea",
    "off": 37735,
    "sff": "spinal"
  },
  {
    "docID": "N002 Takeuchi, Yoshioka, N.a  b  c  d et al. 2013",
    "et": "SpinalSubduralArea",
    "off": 37860,
    "sff": "spinal"
  },
  {
    "docID": "N002 Takeuchi, Yoshioka, N.a  b  c  d et al. 2013",
    "et": "SpinalSubduralArea",
    "off": 48356,
    "sff": "spinal"
  },
  {
    "docID": "N002 Takeuchi, Yoshioka, N.a  b  c  d et al. 2013",
    "et": "SpinalSubduralArea",
    "off": 8602,
    "sff": "spinal"
  },
  {
    "docID": "N002 Takeuchi, Yoshioka, N.a  b  c  d et al. 2013",
    "et": "SpinalSubduralArea",
    "off": 49592,
    "sff": "spinal"
  },
  {
    "docID": "N002 Takeuchi, Yoshioka, N.a  b  c  d et al. 2013",
    "et": "SpinalSubduralArea",
    "off": 46647,
    "sff": "spinal"
  },
  {
    "docID": "N002 Takeuchi, Yoshioka, N.a  b  c  d et al. 2013",
    "et": "SpinalSubduralArea",
    "off": 42612,
    "sff": "spinal"
  },
  {
    "docID": "N002 Takeuchi, Yoshioka, N.a  b  c  d et al. 2013",
    "et": "SpinalSubduralArea",
    "off": 49972,
    "sff": "spinal"
  },
  {
    "docID": "N002 Takeuchi, Yoshioka, N.a  b  c  d et al. 2013",
    "et": "SpinalSubduralArea",
    "off": 40431,
    "sff": "spinal"
  },
  {
    "docID": "N002 Takeuchi, Yoshioka, N.a  b  c  d et al. 2013",
    "et": "SpinalSubduralArea",
    "off": 21612,
    "sff": "spinal"
  },
  {
    "docID": "N002 Takeuchi, Yoshioka, N.a  b  c  d et al. 2013",
    "et": "SpinalSubduralArea",
    "off": 18283,
    "sff": "spinal"
  },
  {
    "docID": "N002 Takeuchi, Yoshioka, N.a  b  c  d et al. 2013",
    "et": "SpinalSubduralArea",
    "off": 48747,
    "sff": "spinal"
  },
  {
    "docID": "N002 Takeuchi, Yoshioka, N.a  b  c  d et al. 2013",
    "et": "SpinalSubduralArea",
    "off": 1029,
    "sff": "spinal"
  },
  {
    "docID": "N002 Takeuchi, Yoshioka, N.a  b  c  d et al. 2013",
    "et": "SpinalSubduralArea",
    "off": 46854,
    "sff": "spinal"
  },
  {
    "docID": "N002 Takeuchi, Yoshioka, N.a  b  c  d et al. 2013",
    "et": "SpinalSubduralArea",
    "off": 1668,
    "sff": "spinal"
  },
  {
    "docID": "N002 Takeuchi, Yoshioka, N.a  b  c  d et al. 2013",
    "et": "SpinalSubduralArea",
    "off": 23426,
    "sff": "spinal"
  },
  {
    "docID": "N002 Takeuchi, Yoshioka, N.a  b  c  d et al. 2013",
    "et": "SpinalSubduralArea",
    "off": 43135,
    "sff": "spinal"
  },
  {
    "docID": "N002 Takeuchi, Yoshioka, N.a  b  c  d et al. 2013",
    "et": "SpinalSubduralArea",
    "off": 42429,
    "sff": "spinal"
  },
  {
    "docID": "N002 Takeuchi, Yoshioka, N.a  b  c  d et al. 2013",
    "et": "SpinalSubduralArea",
    "off": 41915,
    "sff": "spinal"
  },
  {
    "docID": "N002 Takeuchi, Yoshioka, N.a  b  c  d et al. 2013",
    "et": "SpinalSubduralArea",
    "off": 48186,
    "sff": "spinal"
  },
  {
    "docID": "N002 Takeuchi, Yoshioka, N.a  b  c  d et al. 2013",
    "et": "MouseSpecies",
    "off": 32885,
    "sff": "mouse"
  },
  {
    "docID": "N002 Takeuchi, Yoshioka, N.a  b  c  d et al. 2013",
    "et": "MouseSpecies",
    "off": 36821,
    "sff": "mouse"
  },
  {
    "docID": "N002 Takeuchi, Yoshioka, N.a  b  c  d et al. 2013",
    "et": "MouseSpecies",
    "off": 47922,
    "sff": "mouse"
  },
  {
    "docID": "N002 Takeuchi, Yoshioka, N.a  b  c  d et al. 2013",
    "et": "MouseSpecies",
    "off": 31295,
    "sff": "mouse"
  },
  {
    "docID": "N002 Takeuchi, Yoshioka, N.a  b  c  d et al. 2013",
    "et": "MouseSpecies",
    "off": 31487,
    "sff": "mouse"
  },
  {
    "docID": "N002 Takeuchi, Yoshioka, N.a  b  c  d et al. 2013",
    "et": "MouseSpecies",
    "off": 15866,
    "sff": "mouse"
  },
  {
    "docID": "N002 Takeuchi, Yoshioka, N.a  b  c  d et al. 2013",
    "et": "MouseSpecies",
    "off": 31242,
    "sff": "mouse"
  },
  {
    "docID": "N002 Takeuchi, Yoshioka, N.a  b  c  d et al. 2013",
    "et": "ApplicationInstrument",
    "off": 2668,
    "sff": "application"
  },
  {
    "docID": "N002 Takeuchi, Yoshioka, N.a  b  c  d et al. 2013",
    "et": "ApplicationInstrument",
    "off": 35657,
    "sff": "application"
  },
  {
    "docID": "N002 Takeuchi, Yoshioka, N.a  b  c  d et al. 2013",
    "et": "NOGOReceptorAntagonist",
    "off": 50630,
    "sff": "receptor"
  },
  {
    "docID": "N002 Takeuchi, Yoshioka, N.a  b  c  d et al. 2013",
    "et": "NOGOReceptorAntagonist",
    "off": 46941,
    "sff": "receptor"
  },
  {
    "docID": "N002 Takeuchi, Yoshioka, N.a  b  c  d et al. 2013",
    "et": "NOGOReceptorAntagonist",
    "off": 24100,
    "sff": "Receptor"
  },
  {
    "docID": "N002 Takeuchi, Yoshioka, N.a  b  c  d et al. 2013",
    "et": "NOGOReceptorAntagonist",
    "off": 24151,
    "sff": "receptor"
  },
  {
    "docID": "N002 Takeuchi, Yoshioka, N.a  b  c  d et al. 2013",
    "et": "NOGOReceptorAntagonist",
    "off": 48887,
    "sff": "receptor"
  },
  {
    "docID": "N002 Takeuchi, Yoshioka, N.a  b  c  d et al. 2013",
    "et": "SpinalFiberTract",
    "off": 23426,
    "sff": "spinal"
  },
  {
    "docID": "N002 Takeuchi, Yoshioka, N.a  b  c  d et al. 2013",
    "et": "SpinalFiberTract",
    "off": 1029,
    "sff": "spinal"
  },
  {
    "docID": "N002 Takeuchi, Yoshioka, N.a  b  c  d et al. 2013",
    "et": "SpinalFiberTract",
    "off": 46854,
    "sff": "spinal"
  },
  {
    "docID": "N002 Takeuchi, Yoshioka, N.a  b  c  d et al. 2013",
    "et": "SpinalFiberTract",
    "off": 1668,
    "sff": "spinal"
  },
  {
    "docID": "N002 Takeuchi, Yoshioka, N.a  b  c  d et al. 2013",
    "et": "SpinalFiberTract",
    "off": 48186,
    "sff": "spinal"
  },
  {
    "docID": "N002 Takeuchi, Yoshioka, N.a  b  c  d et al. 2013",
    "et": "SpinalFiberTract",
    "off": 41915,
    "sff": "spinal"
  },
  {
    "docID": "N002 Takeuchi, Yoshioka, N.a  b  c  d et al. 2013",
    "et": "SpinalFiberTract",
    "off": 49592,
    "sff": "spinal"
  },
  {
    "docID": "N002 Takeuchi, Yoshioka, N.a  b  c  d et al. 2013",
    "et": "SpinalFiberTract",
    "off": 43135,
    "sff": "spinal"
  },
  {
    "docID": "N002 Takeuchi, Yoshioka, N.a  b  c  d et al. 2013",
    "et": "SpinalFiberTract",
    "off": 42429,
    "sff": "spinal"
  },
  {
    "docID": "N002 Takeuchi, Yoshioka, N.a  b  c  d et al. 2013",
    "et": "SpinalFiberTract",
    "off": 7506,
    "sff": "spinal"
  },
  {
    "docID": "N002 Takeuchi, Yoshioka, N.a  b  c  d et al. 2013",
    "et": "SpinalFiberTract",
    "off": 9426,
    "sff": "spinal"
  },
  {
    "docID": "N002 Takeuchi, Yoshioka, N.a  b  c  d et al. 2013",
    "et": "SpinalFiberTract",
    "off": 43601,
    "sff": "spinal"
  },
  {
    "docID": "N002 Takeuchi, Yoshioka, N.a  b  c  d et al. 2013",
    "et": "SpinalFiberTract",
    "off": 45974,
    "sff": "spinal"
  },
  {
    "docID": "N002 Takeuchi, Yoshioka, N.a  b  c  d et al. 2013",
    "et": "SpinalFiberTract",
    "off": 1482,
    "sff": "spinal"
  },
  {
    "docID": "N002 Takeuchi, Yoshioka, N.a  b  c  d et al. 2013",
    "et": "SpinalFiberTract",
    "off": 48590,
    "sff": "spinal"
  },
  {
    "docID": "N002 Takeuchi, Yoshioka, N.a  b  c  d et al. 2013",
    "et": "SpinalFiberTract",
    "off": 40972,
    "sff": "spinal"
  },
  {
    "docID": "N002 Takeuchi, Yoshioka, N.a  b  c  d et al. 2013",
    "et": "SpinalFiberTract",
    "off": 43276,
    "sff": "spinal"
  },
  {
    "docID": "N002 Takeuchi, Yoshioka, N.a  b  c  d et al. 2013",
    "et": "SpinalFiberTract",
    "off": 36371,
    "sff": "Spinal"
  },
  {
    "docID": "N002 Takeuchi, Yoshioka, N.a  b  c  d et al. 2013",
    "et": "SpinalFiberTract",
    "off": 37860,
    "sff": "spinal"
  },
  {
    "docID": "N002 Takeuchi, Yoshioka, N.a  b  c  d et al. 2013",
    "et": "SpinalFiberTract",
    "off": 37735,
    "sff": "spinal"
  },
  {
    "docID": "N002 Takeuchi, Yoshioka, N.a  b  c  d et al. 2013",
    "et": "SpinalFiberTract",
    "off": 48356,
    "sff": "spinal"
  },
  {
    "docID": "N002 Takeuchi, Yoshioka, N.a  b  c  d et al. 2013",
    "et": "SpinalFiberTract",
    "off": 8602,
    "sff": "spinal"
  },
  {
    "docID": "N002 Takeuchi, Yoshioka, N.a  b  c  d et al. 2013",
    "et": "SpinalFiberTract",
    "off": 46647,
    "sff": "spinal"
  },
  {
    "docID": "N002 Takeuchi, Yoshioka, N.a  b  c  d et al. 2013",
    "et": "SpinalFiberTract",
    "off": 42612,
    "sff": "spinal"
  },
  {
    "docID": "N002 Takeuchi, Yoshioka, N.a  b  c  d et al. 2013",
    "et": "SpinalFiberTract",
    "off": 49972,
    "sff": "spinal"
  },
  {
    "docID": "N002 Takeuchi, Yoshioka, N.a  b  c  d et al. 2013",
    "et": "SpinalFiberTract",
    "off": 48747,
    "sff": "spinal"
  },
  {
    "docID": "N002 Takeuchi, Yoshioka, N.a  b  c  d et al. 2013",
    "et": "SpinalFiberTract",
    "off": 18283,
    "sff": "spinal"
  },
  {
    "docID": "N002 Takeuchi, Yoshioka, N.a  b  c  d et al. 2013",
    "et": "SpinalFiberTract",
    "off": 21612,
    "sff": "spinal"
  },
  {
    "docID": "N002 Takeuchi, Yoshioka, N.a  b  c  d et al. 2013",
    "et": "SpinalFiberTract",
    "off": 40431,
    "sff": "spinal"
  },
  {
    "docID": "N002 Takeuchi, Yoshioka, N.a  b  c  d et al. 2013",
    "et": "DeliveryMethod",
    "off": 49350,
    "sff": "delivery"
  },
  {
    "docID": "N002 Takeuchi, Yoshioka, N.a  b  c  d et al. 2013",
    "et": "DeliveryMethod",
    "off": 2907,
    "sff": "delivery"
  },
  {
    "docID": "N002 Takeuchi, Yoshioka, N.a  b  c  d et al. 2013",
    "et": "TyrosineHydroxylase",
    "off": 48904,
    "sff": "tyrosine"
  },
  {
    "docID": "N002 Takeuchi, Yoshioka, N.a  b  c  d et al. 2013",
    "et": "TyrosineHydroxylase",
    "off": 24117,
    "sff": "tyrosine"
  },
  {
    "docID": "N002 Takeuchi, Yoshioka, N.a  b  c  d et al. 2013",
    "et": "SpinalVentralHalf",
    "off": 42612,
    "sff": "spinal"
  },
  {
    "docID": "N002 Takeuchi, Yoshioka, N.a  b  c  d et al. 2013",
    "et": "SpinalVentralHalf",
    "off": 49972,
    "sff": "spinal"
  },
  {
    "docID": "N002 Takeuchi, Yoshioka, N.a  b  c  d et al. 2013",
    "et": "SpinalVentralHalf",
    "off": 46647,
    "sff": "spinal"
  },
  {
    "docID": "N002 Takeuchi, Yoshioka, N.a  b  c  d et al. 2013",
    "et": "SpinalVentralHalf",
    "off": 49592,
    "sff": "spinal"
  },
  {
    "docID": "N002 Takeuchi, Yoshioka, N.a  b  c  d et al. 2013",
    "et": "SpinalVentralHalf",
    "off": 41915,
    "sff": "spinal"
  },
  {
    "docID": "N002 Takeuchi, Yoshioka, N.a  b  c  d et al. 2013",
    "et": "SpinalVentralHalf",
    "off": 48186,
    "sff": "spinal"
  },
  {
    "docID": "N002 Takeuchi, Yoshioka, N.a  b  c  d et al. 2013",
    "et": "SpinalVentralHalf",
    "off": 43135,
    "sff": "spinal"
  },
  {
    "docID": "N002 Takeuchi, Yoshioka, N.a  b  c  d et al. 2013",
    "et": "SpinalVentralHalf",
    "off": 42429,
    "sff": "spinal"
  },
  {
    "docID": "N002 Takeuchi, Yoshioka, N.a  b  c  d et al. 2013",
    "et": "SpinalVentralHalf",
    "off": 1668,
    "sff": "spinal"
  },
  {
    "docID": "N002 Takeuchi, Yoshioka, N.a  b  c  d et al. 2013",
    "et": "SpinalVentralHalf",
    "off": 23426,
    "sff": "spinal"
  },
  {
    "docID": "N002 Takeuchi, Yoshioka, N.a  b  c  d et al. 2013",
    "et": "SpinalVentralHalf",
    "off": 1029,
    "sff": "spinal"
  },
  {
    "docID": "N002 Takeuchi, Yoshioka, N.a  b  c  d et al. 2013",
    "et": "SpinalVentralHalf",
    "off": 46854,
    "sff": "spinal"
  },
  {
    "docID": "N002 Takeuchi, Yoshioka, N.a  b  c  d et al. 2013",
    "et": "SpinalVentralHalf",
    "off": 40972,
    "sff": "spinal"
  },
  {
    "docID": "N002 Takeuchi, Yoshioka, N.a  b  c  d et al. 2013",
    "et": "SpinalVentralHalf",
    "off": 43276,
    "sff": "spinal"
  },
  {
    "docID": "N002 Takeuchi, Yoshioka, N.a  b  c  d et al. 2013",
    "et": "SpinalVentralHalf",
    "off": 1482,
    "sff": "spinal"
  },
  {
    "docID": "N002 Takeuchi, Yoshioka, N.a  b  c  d et al. 2013",
    "et": "SpinalVentralHalf",
    "off": 36371,
    "sff": "Spinal"
  },
  {
    "docID": "N002 Takeuchi, Yoshioka, N.a  b  c  d et al. 2013",
    "et": "SpinalVentralHalf",
    "off": 48590,
    "sff": "spinal"
  },
  {
    "docID": "N002 Takeuchi, Yoshioka, N.a  b  c  d et al. 2013",
    "et": "SpinalVentralHalf",
    "off": 43601,
    "sff": "spinal"
  },
  {
    "docID": "N002 Takeuchi, Yoshioka, N.a  b  c  d et al. 2013",
    "et": "SpinalVentralHalf",
    "off": 7506,
    "sff": "spinal"
  },
  {
    "docID": "N002 Takeuchi, Yoshioka, N.a  b  c  d et al. 2013",
    "et": "SpinalVentralHalf",
    "off": 9426,
    "sff": "spinal"
  },
  {
    "docID": "N002 Takeuchi, Yoshioka, N.a  b  c  d et al. 2013",
    "et": "SpinalVentralHalf",
    "off": 45974,
    "sff": "spinal"
  },
  {
    "docID": "N002 Takeuchi, Yoshioka, N.a  b  c  d et al. 2013",
    "et": "SpinalVentralHalf",
    "off": 8602,
    "sff": "spinal"
  },
  {
    "docID": "N002 Takeuchi, Yoshioka, N.a  b  c  d et al. 2013",
    "et": "SpinalVentralHalf",
    "off": 37860,
    "sff": "spinal"
  },
  {
    "docID": "N002 Takeuchi, Yoshioka, N.a  b  c  d et al. 2013",
    "et": "SpinalVentralHalf",
    "off": 48356,
    "sff": "spinal"
  },
  {
    "docID": "N002 Takeuchi, Yoshioka, N.a  b  c  d et al. 2013",
    "et": "SpinalVentralHalf",
    "off": 37735,
    "sff": "spinal"
  },
  {
    "docID": "N002 Takeuchi, Yoshioka, N.a  b  c  d et al. 2013",
    "et": "SpinalVentralHalf",
    "off": 18283,
    "sff": "spinal"
  },
  {
    "docID": "N002 Takeuchi, Yoshioka, N.a  b  c  d et al. 2013",
    "et": "SpinalVentralHalf",
    "off": 48747,
    "sff": "spinal"
  },
  {
    "docID": "N002 Takeuchi, Yoshioka, N.a  b  c  d et al. 2013",
    "et": "SpinalVentralHalf",
    "off": 21612,
    "sff": "spinal"
  },
  {
    "docID": "N002 Takeuchi, Yoshioka, N.a  b  c  d et al. 2013",
    "et": "SpinalVentralHalf",
    "off": 40431,
    "sff": "spinal"
  },
  {
    "docID": "N002 Takeuchi, Yoshioka, N.a  b  c  d et al. 2013",
    "et": "Rostral",
    "off": 11927,
    "sff": "rostral"
  },
  {
    "docID": "N002 Takeuchi, Yoshioka, N.a  b  c  d et al. 2013",
    "et": "Rostral",
    "off": 12093,
    "sff": "rostral"
  },
  {
    "docID": "N002 Takeuchi, Yoshioka, N.a  b  c  d et al. 2013",
    "et": "Rostral",
    "off": 7608,
    "sff": "rostral"
  },
  {
    "docID": "N002 Takeuchi, Yoshioka, N.a  b  c  d et al. 2013",
    "et": "DorsalColumn",
    "off": 48124,
    "sff": "dorsal"
  },
  {
    "docID": "N002 Takeuchi, Yoshioka, N.a  b  c  d et al. 2013",
    "et": "DorsalColumn",
    "off": 47294,
    "sff": "dorsal"
  },
  {
    "docID": "N002 Takeuchi, Yoshioka, N.a  b  c  d et al. 2013",
    "et": "ChondroitinaseABC",
    "off": 1314,
    "sff": "chondroitinase ABC"
  },
  {
    "docID": "N002 Takeuchi, Yoshioka, N.a  b  c  d et al. 2013",
    "et": "ChondroitinaseABC",
    "off": 40918,
    "sff": "Chondroitinase ABC"
  },
  {
    "docID": "N002 Takeuchi, Yoshioka, N.a  b  c  d et al. 2013",
    "et": "ChondroitinaseABC",
    "off": 42684,
    "sff": "chondroitinase ABC"
  },
  {
    "docID": "N002 Takeuchi, Yoshioka, N.a  b  c  d et al. 2013",
    "et": "ChondroitinaseABC",
    "off": 42824,
    "sff": "Chondroitinase ABC"
  },
  {
    "docID": "N002 Takeuchi, Yoshioka, N.a  b  c  d et al. 2013",
    "et": "ChondroitinaseABC",
    "off": 42250,
    "sff": "Chondroitinase ABC"
  },
  {
    "docID": "N002 Takeuchi, Yoshioka, N.a  b  c  d et al. 2013",
    "et": "ChondroitinaseABC",
    "off": 2683,
    "sff": "chondroitinase ABC"
  },
  {
    "docID": "N002 Takeuchi, Yoshioka, N.a  b  c  d et al. 2013",
    "et": "ChondroitinaseABC",
    "off": 43099,
    "sff": "chondroitinase ABC"
  },
  {
    "docID": "N002 Takeuchi, Yoshioka, N.a  b  c  d et al. 2013",
    "et": "ChondroitinaseABC",
    "off": 46722,
    "sff": "Chondroitinase ABC"
  },
  {
    "docID": "N002 Takeuchi, Yoshioka, N.a  b  c  d et al. 2013",
    "et": "ChondroitinaseABC",
    "off": 50147,
    "sff": "Chondroitinase ABC"
  },
  {
    "docID": "N002 Takeuchi, Yoshioka, N.a  b  c  d et al. 2013",
    "et": "ChondroitinaseABC",
    "off": 42086,
    "sff": "chondroitinase ABC"
  },
  {
    "docID": "N002 Takeuchi, Yoshioka, N.a  b  c  d et al. 2013",
    "et": "ChondroitinaseABC",
    "off": 43254,
    "sff": "chondroitinase ABC"
  },
  {
    "docID": "N002 Takeuchi, Yoshioka, N.a  b  c  d et al. 2013",
    "et": "Left",
    "off": 11959,
    "sff": "left"
  },
  {
    "docID": "N002 Takeuchi, Yoshioka, N.a  b  c  d et al. 2013",
    "et": "EnrichedEnvironment",
    "off": 19974,
    "sff": "enriched"
  },
  {
    "docID": "N002 Takeuchi, Yoshioka, N.a  b  c  d et al. 2013",
    "et": "EnrichedEnvironment",
    "off": 27082,
    "sff": "enriched"
  },
  {
    "docID": "N002 Takeuchi, Yoshioka, N.a  b  c  d et al. 2013",
    "et": "SubstanceApplicationLocation",
    "off": 35657,
    "sff": "application"
  },
  {
    "docID": "N002 Takeuchi, Yoshioka, N.a  b  c  d et al. 2013",
    "et": "SubstanceApplicationLocation",
    "off": 2668,
    "sff": "application"
  },
  {
    "docID": "N002 Takeuchi, Yoshioka, N.a  b  c  d et al. 2013",
    "et": "C3",
    "off": 49938,
    "sff": "C3"
  },
  {
    "docID": "N002 Takeuchi, Yoshioka, N.a  b  c  d et al. 2013",
    "et": "Tissue",
    "off": 46492,
    "sff": "Tissue"
  },
  {
    "docID": "N002 Takeuchi, Yoshioka, N.a  b  c  d et al. 2013",
    "et": "Tissue",
    "off": 37872,
    "sff": "tissue"
  },
  {
    "docID": "N002 Takeuchi, Yoshioka, N.a  b  c  d et al. 2013",
    "et": "Tissue",
    "off": 36057,
    "sff": "Tissue"
  },
  {
    "docID": "N002 Takeuchi, Yoshioka, N.a  b  c  d et al. 2013",
    "et": "Tissue",
    "off": 49623,
    "sff": "tissue"
  },
  {
    "docID": "N002 Takeuchi, Yoshioka, N.a  b  c  d et al. 2013",
    "et": "InjectionDelivery",
    "off": 37072,
    "sff": "injection"
  },
  {
    "docID": "N002 Takeuchi, Yoshioka, N.a  b  c  d et al. 2013",
    "et": "InjectionDelivery",
    "off": 37364,
    "sff": "injection"
  },
  {
    "docID": "N002 Takeuchi, Yoshioka, N.a  b  c  d et al. 2013",
    "et": "SpinalLesionSite",
    "off": 13395,
    "sff": "lesion"
  },
  {
    "docID": "N002 Takeuchi, Yoshioka, N.a  b  c  d et al. 2013",
    "et": "SpinalLesionSite",
    "off": 36755,
    "sff": "lesion"
  },
  {
    "docID": "N002 Takeuchi, Yoshioka, N.a  b  c  d et al. 2013",
    "et": "SpinalLesionSite",
    "off": 7634,
    "sff": "lesion"
  },
  {
    "docID": "N002 Takeuchi, Yoshioka, N.a  b  c  d et al. 2013",
    "et": "SpinalLesionSite",
    "off": 48590,
    "sff": "spinal"
  },
  {
    "docID": "N002 Takeuchi, Yoshioka, N.a  b  c  d et al. 2013",
    "et": "SpinalLesionSite",
    "off": 43601,
    "sff": "spinal"
  },
  {
    "docID": "N002 Takeuchi, Yoshioka, N.a  b  c  d et al. 2013",
    "et": "SpinalLesionSite",
    "off": 7506,
    "sff": "spinal"
  },
  {
    "docID": "N002 Takeuchi, Yoshioka, N.a  b  c  d et al. 2013",
    "et": "SpinalLesionSite",
    "off": 9426,
    "sff": "spinal"
  },
  {
    "docID": "N002 Takeuchi, Yoshioka, N.a  b  c  d et al. 2013",
    "et": "SpinalLesionSite",
    "off": 1029,
    "sff": "spinal"
  },
  {
    "docID": "N002 Takeuchi, Yoshioka, N.a  b  c  d et al. 2013",
    "et": "SpinalLesionSite",
    "off": 16283,
    "sff": "lesion site"
  },
  {
    "docID": "N002 Takeuchi, Yoshioka, N.a  b  c  d et al. 2013",
    "et": "SpinalLesionSite",
    "off": 36371,
    "sff": "Spinal"
  },
  {
    "docID": "N002 Takeuchi, Yoshioka, N.a  b  c  d et al. 2013",
    "et": "SpinalLesionSite",
    "off": 46854,
    "sff": "spinal"
  },
  {
    "docID": "N002 Takeuchi, Yoshioka, N.a  b  c  d et al. 2013",
    "et": "SpinalLesionSite",
    "off": 40972,
    "sff": "spinal"
  },
  {
    "docID": "N002 Takeuchi, Yoshioka, N.a  b  c  d et al. 2013",
    "et": "SpinalLesionSite",
    "off": 43276,
    "sff": "spinal"
  },
  {
    "docID": "N002 Takeuchi, Yoshioka, N.a  b  c  d et al. 2013",
    "et": "SpinalLesionSite",
    "off": 1482,
    "sff": "spinal"
  },
  {
    "docID": "N002 Takeuchi, Yoshioka, N.a  b  c  d et al. 2013",
    "et": "SpinalLesionSite",
    "off": 35166,
    "sff": "lesion"
  },
  {
    "docID": "N002 Takeuchi, Yoshioka, N.a  b  c  d et al. 2013",
    "et": "SpinalLesionSite",
    "off": 37860,
    "sff": "spinal"
  },
  {
    "docID": "N002 Takeuchi, Yoshioka, N.a  b  c  d et al. 2013",
    "et": "SpinalLesionSite",
    "off": 48356,
    "sff": "spinal"
  },
  {
    "docID": "N002 Takeuchi, Yoshioka, N.a  b  c  d et al. 2013",
    "et": "SpinalLesionSite",
    "off": 16283,
    "sff": "lesion"
  },
  {
    "docID": "N002 Takeuchi, Yoshioka, N.a  b  c  d et al. 2013",
    "et": "SpinalLesionSite",
    "off": 45974,
    "sff": "spinal"
  },
  {
    "docID": "N002 Takeuchi, Yoshioka, N.a  b  c  d et al. 2013",
    "et": "SpinalLesionSite",
    "off": 8602,
    "sff": "spinal"
  },
  {
    "docID": "N002 Takeuchi, Yoshioka, N.a  b  c  d et al. 2013",
    "et": "SpinalLesionSite",
    "off": 12017,
    "sff": "lesion"
  },
  {
    "docID": "N002 Takeuchi, Yoshioka, N.a  b  c  d et al. 2013",
    "et": "SpinalLesionSite",
    "off": 40431,
    "sff": "spinal"
  },
  {
    "docID": "N002 Takeuchi, Yoshioka, N.a  b  c  d et al. 2013",
    "et": "SpinalLesionSite",
    "off": 42612,
    "sff": "spinal"
  },
  {
    "docID": "N002 Takeuchi, Yoshioka, N.a  b  c  d et al. 2013",
    "et": "SpinalLesionSite",
    "off": 49972,
    "sff": "spinal"
  },
  {
    "docID": "N002 Takeuchi, Yoshioka, N.a  b  c  d et al. 2013",
    "et": "SpinalLesionSite",
    "off": 10991,
    "sff": "lesion"
  },
  {
    "docID": "N002 Takeuchi, Yoshioka, N.a  b  c  d et al. 2013",
    "et": "SpinalLesionSite",
    "off": 37735,
    "sff": "spinal"
  },
  {
    "docID": "N002 Takeuchi, Yoshioka, N.a  b  c  d et al. 2013",
    "et": "SpinalLesionSite",
    "off": 11944,
    "sff": "lesion"
  },
  {
    "docID": "N002 Takeuchi, Yoshioka, N.a  b  c  d et al. 2013",
    "et": "SpinalLesionSite",
    "off": 50489,
    "sff": "lesion site"
  },
  {
    "docID": "N002 Takeuchi, Yoshioka, N.a  b  c  d et al. 2013",
    "et": "SpinalLesionSite",
    "off": 18283,
    "sff": "spinal"
  },
  {
    "docID": "N002 Takeuchi, Yoshioka, N.a  b  c  d et al. 2013",
    "et": "SpinalLesionSite",
    "off": 48747,
    "sff": "spinal"
  },
  {
    "docID": "N002 Takeuchi, Yoshioka, N.a  b  c  d et al. 2013",
    "et": "SpinalLesionSite",
    "off": 21612,
    "sff": "spinal"
  },
  {
    "docID": "N002 Takeuchi, Yoshioka, N.a  b  c  d et al. 2013",
    "et": "SpinalLesionSite",
    "off": 43135,
    "sff": "spinal"
  },
  {
    "docID": "N002 Takeuchi, Yoshioka, N.a  b  c  d et al. 2013",
    "et": "SpinalLesionSite",
    "off": 19264,
    "sff": "lesion"
  },
  {
    "docID": "N002 Takeuchi, Yoshioka, N.a  b  c  d et al. 2013",
    "et": "SpinalLesionSite",
    "off": 42429,
    "sff": "spinal"
  },
  {
    "docID": "N002 Takeuchi, Yoshioka, N.a  b  c  d et al. 2013",
    "et": "SpinalLesionSite",
    "off": 11970,
    "sff": "lesion"
  },
  {
    "docID": "N002 Takeuchi, Yoshioka, N.a  b  c  d et al. 2013",
    "et": "SpinalLesionSite",
    "off": 36755,
    "sff": "lesion site"
  },
  {
    "docID": "N002 Takeuchi, Yoshioka, N.a  b  c  d et al. 2013",
    "et": "SpinalLesionSite",
    "off": 1668,
    "sff": "spinal"
  },
  {
    "docID": "N002 Takeuchi, Yoshioka, N.a  b  c  d et al. 2013",
    "et": "SpinalLesionSite",
    "off": 23426,
    "sff": "spinal"
  },
  {
    "docID": "N002 Takeuchi, Yoshioka, N.a  b  c  d et al. 2013",
    "et": "SpinalLesionSite",
    "off": 46647,
    "sff": "spinal"
  },
  {
    "docID": "N002 Takeuchi, Yoshioka, N.a  b  c  d et al. 2013",
    "et": "SpinalLesionSite",
    "off": 7352,
    "sff": "lesion"
  },
  {
    "docID": "N002 Takeuchi, Yoshioka, N.a  b  c  d et al. 2013",
    "et": "SpinalLesionSite",
    "off": 49592,
    "sff": "spinal"
  },
  {
    "docID": "N002 Takeuchi, Yoshioka, N.a  b  c  d et al. 2013",
    "et": "SpinalLesionSite",
    "off": 50489,
    "sff": "lesion"
  },
  {
    "docID": "N002 Takeuchi, Yoshioka, N.a  b  c  d et al. 2013",
    "et": "SpinalLesionSite",
    "off": 41915,
    "sff": "spinal"
  },
  {
    "docID": "N002 Takeuchi, Yoshioka, N.a  b  c  d et al. 2013",
    "et": "SpinalLesionSite",
    "off": 48186,
    "sff": "spinal"
  },
  {
    "docID": "N002 Takeuchi, Yoshioka, N.a  b  c  d et al. 2013",
    "et": "T1",
    "off": 20903,
    "sff": "T1"
  },
  {
    "docID": "N002 Takeuchi, Yoshioka, N.a  b  c  d et al. 2013",
    "et": "T1",
    "off": 1445,
    "sff": "T1"
  },
  {
    "docID": "N002 Takeuchi, Yoshioka, N.a  b  c  d et al. 2013",
    "et": "T1",
    "off": 15460,
    "sff": "T1"
  },
  {
    "docID": "N002 Takeuchi, Yoshioka, N.a  b  c  d et al. 2013",
    "et": "T1",
    "off": 20769,
    "sff": "T1"
  },
  {
    "docID": "N002 Takeuchi, Yoshioka, N.a  b  c  d et al. 2013",
    "et": "T1",
    "off": 3936,
    "sff": "T1"
  },
  {
    "docID": "N002 Takeuchi, Yoshioka, N.a  b  c  d et al. 2013",
    "et": "T1",
    "off": 25708,
    "sff": "T1"
  },
  {
    "docID": "N002 Takeuchi, Yoshioka, N.a  b  c  d et al. 2013",
    "et": "T1",
    "off": 29867,
    "sff": "T1"
  },
  {
    "docID": "N002 Takeuchi, Yoshioka, N.a  b  c  d et al. 2013",
    "et": "T1",
    "off": 3735,
    "sff": "T1"
  },
  {
    "docID": "N002 Takeuchi, Yoshioka, N.a  b  c  d et al. 2013",
    "et": "T1",
    "off": 18582,
    "sff": "T1"
  },
  {
    "docID": "N002 Takeuchi, Yoshioka, N.a  b  c  d et al. 2013",
    "et": "T1",
    "off": 27154,
    "sff": "T1"
  },
  {
    "docID": "N002 Takeuchi, Yoshioka, N.a  b  c  d et al. 2013",
    "et": "T1",
    "off": 15377,
    "sff": "T1"
  },
  {
    "docID": "N002 Takeuchi, Yoshioka, N.a  b  c  d et al. 2013",
    "et": "T1",
    "off": 26001,
    "sff": "T1"
  },
  {
    "docID": "N002 Takeuchi, Yoshioka, N.a  b  c  d et al. 2013",
    "et": "T1",
    "off": 25424,
    "sff": "T1"
  },
  {
    "docID": "N002 Takeuchi, Yoshioka, N.a  b  c  d et al. 2013",
    "et": "T1",
    "off": 25502,
    "sff": "T1"
  },
  {
    "docID": "N002 Takeuchi, Yoshioka, N.a  b  c  d et al. 2013",
    "et": "T1",
    "off": 25882,
    "sff": "T1"
  },
  {
    "docID": "N002 Takeuchi, Yoshioka, N.a  b  c  d et al. 2013",
    "et": "T1",
    "off": 29273,
    "sff": "T1"
  },
  {
    "docID": "N002 Takeuchi, Yoshioka, N.a  b  c  d et al. 2013",
    "et": "T1",
    "off": 14341,
    "sff": "T1"
  },
  {
    "docID": "N002 Takeuchi, Yoshioka, N.a  b  c  d et al. 2013",
    "et": "T1",
    "off": 5636,
    "sff": "T1"
  },
  {
    "docID": "N002 Takeuchi, Yoshioka, N.a  b  c  d et al. 2013",
    "et": "T1",
    "off": 962,
    "sff": "T1"
  },
  {
    "docID": "N002 Takeuchi, Yoshioka, N.a  b  c  d et al. 2013",
    "et": "T1",
    "off": 14146,
    "sff": "T1"
  },
  {
    "docID": "N002 Takeuchi, Yoshioka, N.a  b  c  d et al. 2013",
    "et": "T1",
    "off": 18882,
    "sff": "T1"
  },
  {
    "docID": "N002 Takeuchi, Yoshioka, N.a  b  c  d et al. 2013",
    "et": "T1",
    "off": 17869,
    "sff": "T1"
  },
  {
    "docID": "N002 Takeuchi, Yoshioka, N.a  b  c  d et al. 2013",
    "et": "T1",
    "off": 5516,
    "sff": "T1"
  },
  {
    "docID": "N002 Takeuchi, Yoshioka, N.a  b  c  d et al. 2013",
    "et": "T1",
    "off": 18828,
    "sff": "T1"
  },
  {
    "docID": "N002 Takeuchi, Yoshioka, N.a  b  c  d et al. 2013",
    "et": "T1",
    "off": 25417,
    "sff": "T1"
  },
  {
    "docID": "N002 Takeuchi, Yoshioka, N.a  b  c  d et al. 2013",
    "et": "T1",
    "off": 28361,
    "sff": "T1"
  },
  {
    "docID": "N002 Takeuchi, Yoshioka, N.a  b  c  d et al. 2013",
    "et": "T1",
    "off": 4662,
    "sff": "T1"
  },
  {
    "docID": "N002 Takeuchi, Yoshioka, N.a  b  c  d et al. 2013",
    "et": "T1",
    "off": 15028,
    "sff": "T1"
  },
  {
    "docID": "N002 Takeuchi, Yoshioka, N.a  b  c  d et al. 2013",
    "et": "T1",
    "off": 3827,
    "sff": "T1"
  },
  {
    "docID": "N002 Takeuchi, Yoshioka, N.a  b  c  d et al. 2013",
    "et": "T1",
    "off": 13052,
    "sff": "T1"
  },
  {
    "docID": "N002 Takeuchi, Yoshioka, N.a  b  c  d et al. 2013",
    "et": "T1",
    "off": 25596,
    "sff": "T1"
  },
  {
    "docID": "N002 Takeuchi, Yoshioka, N.a  b  c  d et al. 2013",
    "et": "T1",
    "off": 29500,
    "sff": "T1"
  },
  {
    "docID": "N002 Takeuchi, Yoshioka, N.a  b  c  d et al. 2013",
    "et": "T1",
    "off": 5435,
    "sff": "T1"
  },
  {
    "docID": "N002 Takeuchi, Yoshioka, N.a  b  c  d et al. 2013",
    "et": "T1",
    "off": 8635,
    "sff": "T1"
  },
  {
    "docID": "N002 Takeuchi, Yoshioka, N.a  b  c  d et al. 2013",
    "et": "T1",
    "off": 9659,
    "sff": "T1"
  },
  {
    "docID": "N002 Takeuchi, Yoshioka, N.a  b  c  d et al. 2013",
    "et": "T2",
    "off": 15733,
    "sff": "T2"
  },
  {
    "docID": "N002 Takeuchi, Yoshioka, N.a  b  c  d et al. 2013",
    "et": "T2",
    "off": 25892,
    "sff": "T2"
  },
  {
    "docID": "N002 Takeuchi, Yoshioka, N.a  b  c  d et al. 2013",
    "et": "T2",
    "off": 31248,
    "sff": "T2"
  },
  {
    "docID": "N002 Takeuchi, Yoshioka, N.a  b  c  d et al. 2013",
    "et": "T2",
    "off": 12318,
    "sff": "T2"
  },
  {
    "docID": "N002 Takeuchi, Yoshioka, N.a  b  c  d et al. 2013",
    "et": "T2",
    "off": 18589,
    "sff": "T2"
  },
  {
    "docID": "N002 Takeuchi, Yoshioka, N.a  b  c  d et al. 2013",
    "et": "T2",
    "off": 21837,
    "sff": "T2"
  },
  {
    "docID": "N002 Takeuchi, Yoshioka, N.a  b  c  d et al. 2013",
    "et": "T2",
    "off": 15354,
    "sff": "T2"
  },
  {
    "docID": "N002 Takeuchi, Yoshioka, N.a  b  c  d et al. 2013",
    "et": "T2",
    "off": 31301,
    "sff": "T2"
  },
  {
    "docID": "N002 Takeuchi, Yoshioka, N.a  b  c  d et al. 2013",
    "et": "T2",
    "off": 31493,
    "sff": "T2"
  },
  {
    "docID": "N002 Takeuchi, Yoshioka, N.a  b  c  d et al. 2013",
    "et": "AnimalSpecies",
    "off": 32982,
    "sff": "animal"
  },
  {
    "docID": "N002 Takeuchi, Yoshioka, N.a  b  c  d et al. 2013",
    "et": "AnimalSpecies",
    "off": 33087,
    "sff": "animal"
  },
  {
    "docID": "N002 Takeuchi, Yoshioka, N.a  b  c  d et al. 2013",
    "et": "AnimalSpecies",
    "off": 30949,
    "sff": "Animal"
  },
  {
    "docID": "N002 Takeuchi, Yoshioka, N.a  b  c  d et al. 2013",
    "et": "AnimalSpecies",
    "off": 30881,
    "sff": "animal"
  },
  {
    "docID": "N002 Takeuchi, Yoshioka, N.a  b  c  d et al. 2013",
    "et": "Saline",
    "off": 35812,
    "sff": "saline"
  },
  {
    "docID": "N002 Takeuchi, Yoshioka, N.a  b  c  d et al. 2013",
    "et": "Saline",
    "off": 36940,
    "sff": "saline"
  },
  {
    "docID": "N002 Takeuchi, Yoshioka, N.a  b  c  d et al. 2013",
    "et": "Right",
    "off": 12032,
    "sff": "right"
  },
  {
    "docID": "N002 Takeuchi, Yoshioka, N.a  b  c  d et al. 2013",
    "et": "Right",
    "off": 11377,
    "sff": "right"
  },
  {
    "docID": "N002 Takeuchi, Yoshioka, N.a  b  c  d et al. 2013",
    "et": "Vehicle",
    "off": 35843,
    "sff": "vehicle"
  },
  {
    "docID": "N002 Takeuchi, Yoshioka, N.a  b  c  d et al. 2013",
    "et": "PBS",
    "off": 37465,
    "sff": "PBS"
  },
  {
    "docID": "N002 Takeuchi, Yoshioka, N.a  b  c  d et al. 2013",
    "et": "PBS",
    "off": 9908,
    "sff": "PBS"
  },
  {
    "docID": "N002 Takeuchi, Yoshioka, N.a  b  c  d et al. 2013",
    "et": "PBS",
    "off": 37424,
    "sff": "PBS"
  },
  {
    "docID": "N002 Takeuchi, Yoshioka, N.a  b  c  d et al. 2013",
    "et": "StemCell",
    "off": 31608,
    "sff": "stem"
  },
  {
    "docID": "N002 Takeuchi, Yoshioka, N.a  b  c  d et al. 2013",
    "et": "StemCell",
    "off": 42290,
    "sff": "stem"
  },
  {
    "docID": "N002 Takeuchi, Yoshioka, N.a  b  c  d et al. 2013",
    "et": "StemCell",
    "off": 48732,
    "sff": "stem"
  },
  {
    "docID": "N002 Takeuchi, Yoshioka, N.a  b  c  d et al. 2013",
    "et": "SpinalCord",
    "off": 37735,
    "sff": "spinal cord"
  },
  {
    "docID": "N002 Takeuchi, Yoshioka, N.a  b  c  d et al. 2013",
    "et": "SpinalCord",
    "off": 37860,
    "sff": "spinal cord"
  },
  {
    "docID": "N002 Takeuchi, Yoshioka, N.a  b  c  d et al. 2013",
    "et": "SpinalCord",
    "off": 48356,
    "sff": "spinal cord"
  },
  {
    "docID": "N002 Takeuchi, Yoshioka, N.a  b  c  d et al. 2013",
    "et": "SpinalCord",
    "off": 45974,
    "sff": "spinal cord"
  },
  {
    "docID": "N002 Takeuchi, Yoshioka, N.a  b  c  d et al. 2013",
    "et": "SpinalCord",
    "off": 36371,
    "sff": "Spinal cord"
  },
  {
    "docID": "N002 Takeuchi, Yoshioka, N.a  b  c  d et al. 2013",
    "et": "SpinalCord",
    "off": 48590,
    "sff": "spinal cord"
  },
  {
    "docID": "N002 Takeuchi, Yoshioka, N.a  b  c  d et al. 2013",
    "et": "SpinalCord",
    "off": 1482,
    "sff": "spinal cord"
  },
  {
    "docID": "N002 Takeuchi, Yoshioka, N.a  b  c  d et al. 2013",
    "et": "SpinalCord",
    "off": 43601,
    "sff": "spinal cord"
  },
  {
    "docID": "N002 Takeuchi, Yoshioka, N.a  b  c  d et al. 2013",
    "et": "SpinalCord",
    "off": 40972,
    "sff": "spinal cord"
  },
  {
    "docID": "N002 Takeuchi, Yoshioka, N.a  b  c  d et al. 2013",
    "et": "SpinalCord",
    "off": 43276,
    "sff": "spinal cord"
  },
  {
    "docID": "N002 Takeuchi, Yoshioka, N.a  b  c  d et al. 2013",
    "et": "SpinalCord",
    "off": 1029,
    "sff": "spinal cord"
  },
  {
    "docID": "N002 Takeuchi, Yoshioka, N.a  b  c  d et al. 2013",
    "et": "SpinalCord",
    "off": 46854,
    "sff": "spinal cord"
  },
  {
    "docID": "N002 Takeuchi, Yoshioka, N.a  b  c  d et al. 2013",
    "et": "SpinalCord",
    "off": 1668,
    "sff": "spinal cord"
  },
  {
    "docID": "N002 Takeuchi, Yoshioka, N.a  b  c  d et al. 2013",
    "et": "SpinalCord",
    "off": 21612,
    "sff": "spinal"
  },
  {
    "docID": "N002 Takeuchi, Yoshioka, N.a  b  c  d et al. 2013",
    "et": "SpinalCord",
    "off": 18283,
    "sff": "spinal"
  },
  {
    "docID": "N002 Takeuchi, Yoshioka, N.a  b  c  d et al. 2013",
    "et": "SpinalCord",
    "off": 43135,
    "sff": "spinal cord"
  },
  {
    "docID": "N002 Takeuchi, Yoshioka, N.a  b  c  d et al. 2013",
    "et": "SpinalCord",
    "off": 48186,
    "sff": "spinal cord"
  },
  {
    "docID": "N002 Takeuchi, Yoshioka, N.a  b  c  d et al. 2013",
    "et": "SpinalCord",
    "off": 41915,
    "sff": "spinal cord"
  },
  {
    "docID": "N002 Takeuchi, Yoshioka, N.a  b  c  d et al. 2013",
    "et": "SpinalCord",
    "off": 42429,
    "sff": "spinal cord"
  },
  {
    "docID": "N002 Takeuchi, Yoshioka, N.a  b  c  d et al. 2013",
    "et": "SpinalCord",
    "off": 46647,
    "sff": "spinal cord"
  },
  {
    "docID": "N002 Takeuchi, Yoshioka, N.a  b  c  d et al. 2013",
    "et": "SpinalCord",
    "off": 49592,
    "sff": "spinal cord"
  },
  {
    "docID": "N002 Takeuchi, Yoshioka, N.a  b  c  d et al. 2013",
    "et": "SpinalCord",
    "off": 8602,
    "sff": "spinal"
  },
  {
    "docID": "N002 Takeuchi, Yoshioka, N.a  b  c  d et al. 2013",
    "et": "SpinalCord",
    "off": 23426,
    "sff": "spinal"
  },
  {
    "docID": "N002 Takeuchi, Yoshioka, N.a  b  c  d et al. 2013",
    "et": "SpinalCord",
    "off": 42612,
    "sff": "spinal cord"
  },
  {
    "docID": "N002 Takeuchi, Yoshioka, N.a  b  c  d et al. 2013",
    "et": "SpinalCord",
    "off": 49972,
    "sff": "spinal cord"
  },
  {
    "docID": "N002 Takeuchi, Yoshioka, N.a  b  c  d et al. 2013",
    "et": "SpinalCord",
    "off": 40431,
    "sff": "spinal cord"
  },
  {
    "docID": "N002 Takeuchi, Yoshioka, N.a  b  c  d et al. 2013",
    "et": "SpinalCord",
    "off": 7506,
    "sff": "spinal"
  },
  {
    "docID": "N002 Takeuchi, Yoshioka, N.a  b  c  d et al. 2013",
    "et": "SpinalCord",
    "off": 9426,
    "sff": "spinal"
  },
  {
    "docID": "N002 Takeuchi, Yoshioka, N.a  b  c  d et al. 2013",
    "et": "SpinalCord",
    "off": 48747,
    "sff": "spinal cord"
  },
  {
    "docID": "N002 Takeuchi, Yoshioka, N.a  b  c  d et al. 2013",
    "et": "Vertebrae",
    "off": 31990,
    "sff": "vertebrae"
  },
  {
    "docID": "N002 Takeuchi, Yoshioka, N.a  b  c  d et al. 2013",
    "et": "Vertebrae",
    "off": 35574,
    "sff": "vertebrae"
  },
  {
    "docID": "N002 Takeuchi, Yoshioka, N.a  b  c  d et al. 2013",
    "et": "LesionAdjacentTissue",
    "off": 7352,
    "sff": "lesion"
  },
  {
    "docID": "N002 Takeuchi, Yoshioka, N.a  b  c  d et al. 2013",
    "et": "LesionAdjacentTissue",
    "off": 11944,
    "sff": "lesion"
  },
  {
    "docID": "N002 Takeuchi, Yoshioka, N.a  b  c  d et al. 2013",
    "et": "LesionAdjacentTissue",
    "off": 50489,
    "sff": "lesion"
  },
  {
    "docID": "N002 Takeuchi, Yoshioka, N.a  b  c  d et al. 2013",
    "et": "LesionAdjacentTissue",
    "off": 16283,
    "sff": "lesion"
  },
  {
    "docID": "N002 Takeuchi, Yoshioka, N.a  b  c  d et al. 2013",
    "et": "LesionAdjacentTissue",
    "off": 35166,
    "sff": "lesion"
  },
  {
    "docID": "N002 Takeuchi, Yoshioka, N.a  b  c  d et al. 2013",
    "et": "LesionAdjacentTissue",
    "off": 10991,
    "sff": "lesion"
  },
  {
    "docID": "N002 Takeuchi, Yoshioka, N.a  b  c  d et al. 2013",
    "et": "LesionAdjacentTissue",
    "off": 19264,
    "sff": "lesion"
  },
  {
    "docID": "N002 Takeuchi, Yoshioka, N.a  b  c  d et al. 2013",
    "et": "LesionAdjacentTissue",
    "off": 12017,
    "sff": "lesion"
  },
  {
    "docID": "N002 Takeuchi, Yoshioka, N.a  b  c  d et al. 2013",
    "et": "LesionAdjacentTissue",
    "off": 7634,
    "sff": "lesion"
  },
  {
    "docID": "N002 Takeuchi, Yoshioka, N.a  b  c  d et al. 2013",
    "et": "LesionAdjacentTissue",
    "off": 11970,
    "sff": "lesion"
  },
  {
    "docID": "N002 Takeuchi, Yoshioka, N.a  b  c  d et al. 2013",
    "et": "LesionAdjacentTissue",
    "off": 13395,
    "sff": "lesion"
  },
  {
    "docID": "N002 Takeuchi, Yoshioka, N.a  b  c  d et al. 2013",
    "et": "LesionAdjacentTissue",
    "off": 36755,
    "sff": "lesion"
  },
  {
    "docID": "N002 Takeuchi, Yoshioka, N.a  b  c  d et al. 2013",
    "et": "CentralNervousSystem",
    "off": 47344,
    "sff": "central"
  },
  {
    "docID": "N002 Takeuchi, Yoshioka, N.a  b  c  d et al. 2013",
    "et": "CentralNervousSystem",
    "off": 36735,
    "sff": "central"
  },
  {
    "docID": "N002 Takeuchi, Yoshioka, N.a  b  c  d et al. 2013",
    "et": "CentralNervousSystem",
    "off": 1780,
    "sff": "central nervous system"
  },
  {
    "docID": "N002 Takeuchi, Yoshioka, N.a  b  c  d et al. 2013",
    "et": "CentralNervousSystem",
    "off": 1780,
    "sff": "central nervous"
  },
  {
    "docID": "N002 Takeuchi, Yoshioka, N.a  b  c  d et al. 2013",
    "et": "CentralNervousSystem",
    "off": 36535,
    "sff": "central"
  },
  {
    "docID": "N002 Takeuchi, Yoshioka, N.a  b  c  d et al. 2013",
    "et": "Matrix",
    "off": 27122,
    "sff": "matrix"
  },
  {
    "docID": "N002 Takeuchi, Yoshioka, N.a  b  c  d et al. 2013",
    "et": "Matrix",
    "off": 7856,
    "sff": "matrix"
  },
  {
    "docID": "N002 Takeuchi, Yoshioka, N.a  b  c  d et al. 2013",
    "et": "SpinalCentralPart",
    "off": 45974,
    "sff": "spinal"
  },
  {
    "docID": "N002 Takeuchi, Yoshioka, N.a  b  c  d et al. 2013",
    "et": "SpinalCentralPart",
    "off": 8602,
    "sff": "spinal"
  },
  {
    "docID": "N002 Takeuchi, Yoshioka, N.a  b  c  d et al. 2013",
    "et": "SpinalCentralPart",
    "off": 36371,
    "sff": "Spinal"
  },
  {
    "docID": "N002 Takeuchi, Yoshioka, N.a  b  c  d et al. 2013",
    "et": "SpinalCentralPart",
    "off": 48590,
    "sff": "spinal"
  },
  {
    "docID": "N002 Takeuchi, Yoshioka, N.a  b  c  d et al. 2013",
    "et": "SpinalCentralPart",
    "off": 43601,
    "sff": "spinal"
  },
  {
    "docID": "N002 Takeuchi, Yoshioka, N.a  b  c  d et al. 2013",
    "et": "SpinalCentralPart",
    "off": 47344,
    "sff": "central"
  },
  {
    "docID": "N002 Takeuchi, Yoshioka, N.a  b  c  d et al. 2013",
    "et": "SpinalCentralPart",
    "off": 7506,
    "sff": "spinal"
  },
  {
    "docID": "N002 Takeuchi, Yoshioka, N.a  b  c  d et al. 2013",
    "et": "SpinalCentralPart",
    "off": 9426,
    "sff": "spinal"
  },
  {
    "docID": "N002 Takeuchi, Yoshioka, N.a  b  c  d et al. 2013",
    "et": "SpinalCentralPart",
    "off": 1780,
    "sff": "central"
  },
  {
    "docID": "N002 Takeuchi, Yoshioka, N.a  b  c  d et al. 2013",
    "et": "SpinalCentralPart",
    "off": 46854,
    "sff": "spinal"
  },
  {
    "docID": "N002 Takeuchi, Yoshioka, N.a  b  c  d et al. 2013",
    "et": "SpinalCentralPart",
    "off": 1482,
    "sff": "spinal"
  },
  {
    "docID": "N002 Takeuchi, Yoshioka, N.a  b  c  d et al. 2013",
    "et": "SpinalCentralPart",
    "off": 40972,
    "sff": "spinal"
  },
  {
    "docID": "N002 Takeuchi, Yoshioka, N.a  b  c  d et al. 2013",
    "et": "SpinalCentralPart",
    "off": 43276,
    "sff": "spinal"
  },
  {
    "docID": "N002 Takeuchi, Yoshioka, N.a  b  c  d et al. 2013",
    "et": "SpinalCentralPart",
    "off": 43135,
    "sff": "spinal"
  },
  {
    "docID": "N002 Takeuchi, Yoshioka, N.a  b  c  d et al. 2013",
    "et": "SpinalCentralPart",
    "off": 23426,
    "sff": "spinal"
  },
  {
    "docID": "N002 Takeuchi, Yoshioka, N.a  b  c  d et al. 2013",
    "et": "SpinalCentralPart",
    "off": 1668,
    "sff": "spinal"
  },
  {
    "docID": "N002 Takeuchi, Yoshioka, N.a  b  c  d et al. 2013",
    "et": "SpinalCentralPart",
    "off": 1029,
    "sff": "spinal"
  },
  {
    "docID": "N002 Takeuchi, Yoshioka, N.a  b  c  d et al. 2013",
    "et": "SpinalCentralPart",
    "off": 46647,
    "sff": "spinal"
  },
  {
    "docID": "N002 Takeuchi, Yoshioka, N.a  b  c  d et al. 2013",
    "et": "SpinalCentralPart",
    "off": 49592,
    "sff": "spinal"
  },
  {
    "docID": "N002 Takeuchi, Yoshioka, N.a  b  c  d et al. 2013",
    "et": "SpinalCentralPart",
    "off": 41915,
    "sff": "spinal"
  },
  {
    "docID": "N002 Takeuchi, Yoshioka, N.a  b  c  d et al. 2013",
    "et": "SpinalCentralPart",
    "off": 48186,
    "sff": "spinal"
  },
  {
    "docID": "N002 Takeuchi, Yoshioka, N.a  b  c  d et al. 2013",
    "et": "SpinalCentralPart",
    "off": 42429,
    "sff": "spinal"
  },
  {
    "docID": "N002 Takeuchi, Yoshioka, N.a  b  c  d et al. 2013",
    "et": "SpinalCentralPart",
    "off": 40431,
    "sff": "spinal"
  },
  {
    "docID": "N002 Takeuchi, Yoshioka, N.a  b  c  d et al. 2013",
    "et": "SpinalCentralPart",
    "off": 42612,
    "sff": "spinal"
  },
  {
    "docID": "N002 Takeuchi, Yoshioka, N.a  b  c  d et al. 2013",
    "et": "SpinalCentralPart",
    "off": 49972,
    "sff": "spinal"
  },
  {
    "docID": "N002 Takeuchi, Yoshioka, N.a  b  c  d et al. 2013",
    "et": "SpinalCentralPart",
    "off": 36535,
    "sff": "central"
  },
  {
    "docID": "N002 Takeuchi, Yoshioka, N.a  b  c  d et al. 2013",
    "et": "SpinalCentralPart",
    "off": 37735,
    "sff": "spinal"
  },
  {
    "docID": "N002 Takeuchi, Yoshioka, N.a  b  c  d et al. 2013",
    "et": "SpinalCentralPart",
    "off": 18283,
    "sff": "spinal"
  },
  {
    "docID": "N002 Takeuchi, Yoshioka, N.a  b  c  d et al. 2013",
    "et": "SpinalCentralPart",
    "off": 48747,
    "sff": "spinal"
  },
  {
    "docID": "N002 Takeuchi, Yoshioka, N.a  b  c  d et al. 2013",
    "et": "SpinalCentralPart",
    "off": 21612,
    "sff": "spinal"
  },
  {
    "docID": "N002 Takeuchi, Yoshioka, N.a  b  c  d et al. 2013",
    "et": "SpinalCentralPart",
    "off": 36735,
    "sff": "central"
  },
  {
    "docID": "N002 Takeuchi, Yoshioka, N.a  b  c  d et al. 2013",
    "et": "SpinalCentralPart",
    "off": 37860,
    "sff": "spinal"
  },
  {
    "docID": "N002 Takeuchi, Yoshioka, N.a  b  c  d et al. 2013",
    "et": "SpinalCentralPart",
    "off": 48356,
    "sff": "spinal"
  },
  {
    "docID": "N002 Takeuchi, Yoshioka, N.a  b  c  d et al. 2013",
    "et": "PhysicalTreatment",
    "off": 26492,
    "sff": "physical"
  },
  {
    "docID": "N002 Takeuchi, Yoshioka, N.a  b  c  d et al. 2013",
    "et": "DNA",
    "off": 34393,
    "sff": "DNA"
  },
  {
    "docID": "N002 Takeuchi, Yoshioka, N.a  b  c  d et al. 2013",
    "et": "DNA",
    "off": 48033,
    "sff": "DNA"
  },
  {
    "docID": "N002 Takeuchi, Yoshioka, N.a  b  c  d et al. 2013",
    "et": "Brain",
    "off": 44672,
    "sff": "brain"
  },
  {
    "docID": "N002 Takeuchi, Yoshioka, N.a  b  c  d et al. 2013",
    "et": "Brain",
    "off": 47947,
    "sff": "Brain"
  },
  {
    "docID": "N002 Takeuchi, Yoshioka, N.a  b  c  d et al. 2013",
    "et": "Brain",
    "off": 47963,
    "sff": "Brain"
  },
  {
    "docID": "N002 Takeuchi, Yoshioka, N.a  b  c  d et al. 2013",
    "et": "Brain",
    "off": 50691,
    "sff": "brain"
  },
  {
    "docID": "N002 Takeuchi, Yoshioka, N.a  b  c  d et al. 2013",
    "et": "Brain",
    "off": 47585,
    "sff": "brain"
  },
  {
    "docID": "N002 Takeuchi, Yoshioka, N.a  b  c  d et al. 2013",
    "et": "Brain",
    "off": 40805,
    "sff": "brain"
  },
  {
    "docID": "N002 Takeuchi, Yoshioka, N.a  b  c  d et al. 2013",
    "et": "Brain",
    "off": 50260,
    "sff": "brain"
  },
  {
    "docID": "N002 Takeuchi, Yoshioka, N.a  b  c  d et al. 2013",
    "et": "Brain",
    "off": 43155,
    "sff": "Brain"
  },
  {
    "docID": "N002 Takeuchi, Yoshioka, N.a  b  c  d et al. 2013",
    "et": "Brain",
    "off": 47928,
    "sff": "brain"
  },
  {
    "docID": "N002 Takeuchi, Yoshioka, N.a  b  c  d et al. 2013",
    "et": "SpinalWhiteMatter",
    "off": 7506,
    "sff": "spinal"
  },
  {
    "docID": "N002 Takeuchi, Yoshioka, N.a  b  c  d et al. 2013",
    "et": "SpinalWhiteMatter",
    "off": 9426,
    "sff": "spinal"
  },
  {
    "docID": "N002 Takeuchi, Yoshioka, N.a  b  c  d et al. 2013",
    "et": "SpinalWhiteMatter",
    "off": 43601,
    "sff": "spinal"
  },
  {
    "docID": "N002 Takeuchi, Yoshioka, N.a  b  c  d et al. 2013",
    "et": "SpinalWhiteMatter",
    "off": 45974,
    "sff": "spinal"
  },
  {
    "docID": "N002 Takeuchi, Yoshioka, N.a  b  c  d et al. 2013",
    "et": "SpinalWhiteMatter",
    "off": 8602,
    "sff": "spinal"
  },
  {
    "docID": "N002 Takeuchi, Yoshioka, N.a  b  c  d et al. 2013",
    "et": "SpinalWhiteMatter",
    "off": 33361,
    "sff": "white"
  },
  {
    "docID": "N002 Takeuchi, Yoshioka, N.a  b  c  d et al. 2013",
    "et": "SpinalWhiteMatter",
    "off": 23426,
    "sff": "spinal"
  },
  {
    "docID": "N002 Takeuchi, Yoshioka, N.a  b  c  d et al. 2013",
    "et": "SpinalWhiteMatter",
    "off": 1029,
    "sff": "spinal"
  },
  {
    "docID": "N002 Takeuchi, Yoshioka, N.a  b  c  d et al. 2013",
    "et": "SpinalWhiteMatter",
    "off": 46854,
    "sff": "spinal"
  },
  {
    "docID": "N002 Takeuchi, Yoshioka, N.a  b  c  d et al. 2013",
    "et": "SpinalWhiteMatter",
    "off": 1668,
    "sff": "spinal"
  },
  {
    "docID": "N002 Takeuchi, Yoshioka, N.a  b  c  d et al. 2013",
    "et": "SpinalWhiteMatter",
    "off": 1482,
    "sff": "spinal"
  },
  {
    "docID": "N002 Takeuchi, Yoshioka, N.a  b  c  d et al. 2013",
    "et": "SpinalWhiteMatter",
    "off": 48590,
    "sff": "spinal"
  },
  {
    "docID": "N002 Takeuchi, Yoshioka, N.a  b  c  d et al. 2013",
    "et": "SpinalWhiteMatter",
    "off": 40972,
    "sff": "spinal"
  },
  {
    "docID": "N002 Takeuchi, Yoshioka, N.a  b  c  d et al. 2013",
    "et": "SpinalWhiteMatter",
    "off": 43276,
    "sff": "spinal"
  },
  {
    "docID": "N002 Takeuchi, Yoshioka, N.a  b  c  d et al. 2013",
    "et": "SpinalWhiteMatter",
    "off": 36371,
    "sff": "Spinal"
  },
  {
    "docID": "N002 Takeuchi, Yoshioka, N.a  b  c  d et al. 2013",
    "et": "SpinalWhiteMatter",
    "off": 42612,
    "sff": "spinal"
  },
  {
    "docID": "N002 Takeuchi, Yoshioka, N.a  b  c  d et al. 2013",
    "et": "SpinalWhiteMatter",
    "off": 46647,
    "sff": "spinal"
  },
  {
    "docID": "N002 Takeuchi, Yoshioka, N.a  b  c  d et al. 2013",
    "et": "SpinalWhiteMatter",
    "off": 49972,
    "sff": "spinal"
  },
  {
    "docID": "N002 Takeuchi, Yoshioka, N.a  b  c  d et al. 2013",
    "et": "SpinalWhiteMatter",
    "off": 48186,
    "sff": "spinal"
  },
  {
    "docID": "N002 Takeuchi, Yoshioka, N.a  b  c  d et al. 2013",
    "et": "SpinalWhiteMatter",
    "off": 41915,
    "sff": "spinal"
  },
  {
    "docID": "N002 Takeuchi, Yoshioka, N.a  b  c  d et al. 2013",
    "et": "SpinalWhiteMatter",
    "off": 49592,
    "sff": "spinal"
  },
  {
    "docID": "N002 Takeuchi, Yoshioka, N.a  b  c  d et al. 2013",
    "et": "SpinalWhiteMatter",
    "off": 42429,
    "sff": "spinal"
  },
  {
    "docID": "N002 Takeuchi, Yoshioka, N.a  b  c  d et al. 2013",
    "et": "SpinalWhiteMatter",
    "off": 43135,
    "sff": "spinal"
  },
  {
    "docID": "N002 Takeuchi, Yoshioka, N.a  b  c  d et al. 2013",
    "et": "SpinalWhiteMatter",
    "off": 37860,
    "sff": "spinal"
  },
  {
    "docID": "N002 Takeuchi, Yoshioka, N.a  b  c  d et al. 2013",
    "et": "SpinalWhiteMatter",
    "off": 37735,
    "sff": "spinal"
  },
  {
    "docID": "N002 Takeuchi, Yoshioka, N.a  b  c  d et al. 2013",
    "et": "SpinalWhiteMatter",
    "off": 48356,
    "sff": "spinal"
  },
  {
    "docID": "N002 Takeuchi, Yoshioka, N.a  b  c  d et al. 2013",
    "et": "SpinalWhiteMatter",
    "off": 7096,
    "sff": "white"
  },
  {
    "docID": "N002 Takeuchi, Yoshioka, N.a  b  c  d et al. 2013",
    "et": "SpinalWhiteMatter",
    "off": 48747,
    "sff": "spinal"
  },
  {
    "docID": "N002 Takeuchi, Yoshioka, N.a  b  c  d et al. 2013",
    "et": "SpinalWhiteMatter",
    "off": 18283,
    "sff": "spinal"
  },
  {
    "docID": "N002 Takeuchi, Yoshioka, N.a  b  c  d et al. 2013",
    "et": "SpinalWhiteMatter",
    "off": 6722,
    "sff": "white"
  },
  {
    "docID": "N002 Takeuchi, Yoshioka, N.a  b  c  d et al. 2013",
    "et": "SpinalWhiteMatter",
    "off": 21612,
    "sff": "spinal"
  },
  {
    "docID": "N002 Takeuchi, Yoshioka, N.a  b  c  d et al. 2013",
    "et": "SpinalWhiteMatter",
    "off": 40431,
    "sff": "spinal"
  },
  {
    "docID": "N002 Takeuchi, Yoshioka, N.a  b  c  d et al. 2013",
    "et": "Catheter",
    "off": 30590,
    "sff": "catheter"
  },
  {
    "docID": "N002 Takeuchi, Yoshioka, N.a  b  c  d et al. 2013",
    "et": "Electrodes",
    "off": 33846,
    "sff": "electrodes"
  },
  {
    "docID": "N002 Takeuchi, Yoshioka, N.a  b  c  d et al. 2013",
    "et": "PhysicalImplantTreatment",
    "off": 26492,
    "sff": "physical"
  },
  {
    "docID": "N002 Takeuchi, Yoshioka, N.a  b  c  d et al. 2013",
    "et": "Cannula",
    "off": 35902,
    "sff": "cannula"
  },
  {
    "docID": "N002 Takeuchi, Yoshioka, N.a  b  c  d et al. 2013",
    "et": "Antibody",
    "off": 51495,
    "sff": "Antibody"
  },
  {
    "docID": "N002 Takeuchi, Yoshioka, N.a  b  c  d et al. 2013",
    "et": "Antibody",
    "off": 10756,
    "sff": "antibody"
  },
  {
    "docID": "N002 Takeuchi, Yoshioka, N.a  b  c  d et al. 2013",
    "et": "Antibody",
    "off": 36116,
    "sff": "antibody"
  },
  {
    "docID": "N002 Takeuchi, Yoshioka, N.a  b  c  d et al. 2013",
    "et": "Antibody",
    "off": 8390,
    "sff": "antibody"
  },
  {
    "docID": "N002 Takeuchi, Yoshioka, N.a  b  c  d et al. 2013",
    "et": "Antibody",
    "off": 38976,
    "sff": "antibody"
  },
  {
    "docID": "N002 Takeuchi, Yoshioka, N.a  b  c  d et al. 2013",
    "et": "Antibody",
    "off": 36010,
    "sff": "antibody"
  },
  {
    "docID": "N002 Takeuchi, Yoshioka, N.a  b  c  d et al. 2013",
    "et": "UmbilicalCordBloodStemCell",
    "off": 46654,
    "sff": "cord"
  },
  {
    "docID": "N002 Takeuchi, Yoshioka, N.a  b  c  d et al. 2013",
    "et": "UmbilicalCordBloodStemCell",
    "off": 45981,
    "sff": "cord"
  },
  {
    "docID": "N002 Takeuchi, Yoshioka, N.a  b  c  d et al. 2013",
    "et": "UmbilicalCordBloodStemCell",
    "off": 42619,
    "sff": "cord"
  },
  {
    "docID": "N002 Takeuchi, Yoshioka, N.a  b  c  d et al. 2013",
    "et": "UmbilicalCordBloodStemCell",
    "off": 49979,
    "sff": "cord"
  },
  {
    "docID": "N002 Takeuchi, Yoshioka, N.a  b  c  d et al. 2013",
    "et": "UmbilicalCordBloodStemCell",
    "off": 36378,
    "sff": "cord"
  },
  {
    "docID": "N002 Takeuchi, Yoshioka, N.a  b  c  d et al. 2013",
    "et": "UmbilicalCordBloodStemCell",
    "off": 43608,
    "sff": "cord"
  },
  {
    "docID": "N002 Takeuchi, Yoshioka, N.a  b  c  d et al. 2013",
    "et": "UmbilicalCordBloodStemCell",
    "off": 43142,
    "sff": "cord"
  },
  {
    "docID": "N002 Takeuchi, Yoshioka, N.a  b  c  d et al. 2013",
    "et": "UmbilicalCordBloodStemCell",
    "off": 42436,
    "sff": "cord"
  },
  {
    "docID": "N002 Takeuchi, Yoshioka, N.a  b  c  d et al. 2013",
    "et": "UmbilicalCordBloodStemCell",
    "off": 41922,
    "sff": "cord"
  },
  {
    "docID": "N002 Takeuchi, Yoshioka, N.a  b  c  d et al. 2013",
    "et": "UmbilicalCordBloodStemCell",
    "off": 48193,
    "sff": "cord"
  },
  {
    "docID": "N002 Takeuchi, Yoshioka, N.a  b  c  d et al. 2013",
    "et": "UmbilicalCordBloodStemCell",
    "off": 49599,
    "sff": "cord"
  },
  {
    "docID": "N002 Takeuchi, Yoshioka, N.a  b  c  d et al. 2013",
    "et": "UmbilicalCordBloodStemCell",
    "off": 37742,
    "sff": "cord"
  },
  {
    "docID": "N002 Takeuchi, Yoshioka, N.a  b  c  d et al. 2013",
    "et": "UmbilicalCordBloodStemCell",
    "off": 46861,
    "sff": "cord"
  },
  {
    "docID": "N002 Takeuchi, Yoshioka, N.a  b  c  d et al. 2013",
    "et": "UmbilicalCordBloodStemCell",
    "off": 1675,
    "sff": "cord"
  },
  {
    "docID": "N002 Takeuchi, Yoshioka, N.a  b  c  d et al. 2013",
    "et": "UmbilicalCordBloodStemCell",
    "off": 1036,
    "sff": "cord"
  },
  {
    "docID": "N002 Takeuchi, Yoshioka, N.a  b  c  d et al. 2013",
    "et": "UmbilicalCordBloodStemCell",
    "off": 37867,
    "sff": "cord"
  },
  {
    "docID": "N002 Takeuchi, Yoshioka, N.a  b  c  d et al. 2013",
    "et": "UmbilicalCordBloodStemCell",
    "off": 48363,
    "sff": "cord"
  },
  {
    "docID": "N002 Takeuchi, Yoshioka, N.a  b  c  d et al. 2013",
    "et": "UmbilicalCordBloodStemCell",
    "off": 40438,
    "sff": "cord"
  },
  {
    "docID": "N002 Takeuchi, Yoshioka, N.a  b  c  d et al. 2013",
    "et": "UmbilicalCordBloodStemCell",
    "off": 48597,
    "sff": "cord"
  },
  {
    "docID": "N002 Takeuchi, Yoshioka, N.a  b  c  d et al. 2013",
    "et": "UmbilicalCordBloodStemCell",
    "off": 40979,
    "sff": "cord"
  },
  {
    "docID": "N002 Takeuchi, Yoshioka, N.a  b  c  d et al. 2013",
    "et": "UmbilicalCordBloodStemCell",
    "off": 43283,
    "sff": "cord"
  },
  {
    "docID": "N002 Takeuchi, Yoshioka, N.a  b  c  d et al. 2013",
    "et": "UmbilicalCordBloodStemCell",
    "off": 1489,
    "sff": "cord"
  },
  {
    "docID": "N002 Takeuchi, Yoshioka, N.a  b  c  d et al. 2013",
    "et": "UmbilicalCordBloodStemCell",
    "off": 48754,
    "sff": "cord"
  },
  {
    "docID": "N002 Takeuchi, Yoshioka, N.a  b  c  d et al. 2013",
    "et": "Protein",
    "off": 24109,
    "sff": "protein"
  },
  {
    "docID": "N002 Takeuchi, Yoshioka, N.a  b  c  d et al. 2013",
    "et": "Protein",
    "off": 42391,
    "sff": "protein"
  },
  {
    "docID": "N002 Takeuchi, Yoshioka, N.a  b  c  d et al. 2013",
    "et": "Protein",
    "off": 44118,
    "sff": "protein"
  },
  {
    "docID": "N002 Takeuchi, Yoshioka, N.a  b  c  d et al. 2013",
    "et": "Protein",
    "off": 48896,
    "sff": "protein"
  },
  {
    "docID": "N002 Takeuchi, Yoshioka, N.a  b  c  d et al. 2013",
    "et": "Protein",
    "off": 47555,
    "sff": "protein"
  },
  {
    "docID": "N002 Takeuchi, Yoshioka, N.a  b  c  d et al. 2013",
    "et": "Protein",
    "off": 8515,
    "sff": "protein"
  },
  {
    "docID": "N002 Takeuchi, Yoshioka, N.a  b  c  d et al. 2013",
    "et": "GlialCell",
    "off": 7030,
    "sff": "glial"
  },
  {
    "docID": "N002 Takeuchi, Yoshioka, N.a  b  c  d et al. 2013",
    "et": "GlialCell",
    "off": 7285,
    "sff": "Glial"
  },
  {
    "docID": "N002 Takeuchi, Yoshioka, N.a  b  c  d et al. 2013",
    "et": "GlialCell",
    "off": 43421,
    "sff": "glial"
  },
  {
    "docID": "N002 Takeuchi, Yoshioka, N.a  b  c  d et al. 2013",
    "et": "GlialCell",
    "off": 19173,
    "sff": "glial"
  },
  {
    "docID": "N002 Takeuchi, Yoshioka, N.a  b  c  d et al. 2013",
    "et": "GlialCell",
    "off": 40543,
    "sff": "glial"
  },
  {
    "docID": "N002 Takeuchi, Yoshioka, N.a  b  c  d et al. 2013",
    "et": "GlialCell",
    "off": 43087,
    "sff": "glial"
  },
  {
    "docID": "N002 Takeuchi, Yoshioka, N.a  b  c  d et al. 2013",
    "et": "GlialCell",
    "off": 18047,
    "sff": "glial"
  },
  {
    "docID": "N002 Takeuchi, Yoshioka, N.a  b  c  d et al. 2013",
    "et": "GlialCell",
    "off": 23951,
    "sff": "glial"
  },
  {
    "docID": "N002 Takeuchi, Yoshioka, N.a  b  c  d et al. 2013",
    "et": "GlialCell",
    "off": 48084,
    "sff": "glial"
  },
  {
    "docID": "N002 Takeuchi, Yoshioka, N.a  b  c  d et al. 2013",
    "et": "GlialCell",
    "off": 18940,
    "sff": "glial"
  },
  {
    "docID": "N002 Takeuchi, Yoshioka, N.a  b  c  d et al. 2013",
    "et": "InfusionDelivery",
    "off": 30623,
    "sff": "infusion"
  },
  {
    "docID": "N002 Takeuchi, Yoshioka, N.a  b  c  d et al. 2013",
    "et": "SpinalGrayMatter",
    "off": 46647,
    "sff": "spinal"
  },
  {
    "docID": "N002 Takeuchi, Yoshioka, N.a  b  c  d et al. 2013",
    "et": "SpinalGrayMatter",
    "off": 42612,
    "sff": "spinal"
  },
  {
    "docID": "N002 Takeuchi, Yoshioka, N.a  b  c  d et al. 2013",
    "et": "SpinalGrayMatter",
    "off": 49972,
    "sff": "spinal"
  },
  {
    "docID": "N002 Takeuchi, Yoshioka, N.a  b  c  d et al. 2013",
    "et": "SpinalGrayMatter",
    "off": 41915,
    "sff": "spinal"
  },
  {
    "docID": "N002 Takeuchi, Yoshioka, N.a  b  c  d et al. 2013",
    "et": "SpinalGrayMatter",
    "off": 48186,
    "sff": "spinal"
  },
  {
    "docID": "N002 Takeuchi, Yoshioka, N.a  b  c  d et al. 2013",
    "et": "SpinalGrayMatter",
    "off": 49592,
    "sff": "spinal"
  },
  {
    "docID": "N002 Takeuchi, Yoshioka, N.a  b  c  d et al. 2013",
    "et": "SpinalGrayMatter",
    "off": 43135,
    "sff": "spinal"
  },
  {
    "docID": "N002 Takeuchi, Yoshioka, N.a  b  c  d et al. 2013",
    "et": "SpinalGrayMatter",
    "off": 42429,
    "sff": "spinal"
  },
  {
    "docID": "N002 Takeuchi, Yoshioka, N.a  b  c  d et al. 2013",
    "et": "SpinalGrayMatter",
    "off": 23426,
    "sff": "spinal"
  },
  {
    "docID": "N002 Takeuchi, Yoshioka, N.a  b  c  d et al. 2013",
    "et": "SpinalGrayMatter",
    "off": 46854,
    "sff": "spinal"
  },
  {
    "docID": "N002 Takeuchi, Yoshioka, N.a  b  c  d et al. 2013",
    "et": "SpinalGrayMatter",
    "off": 1668,
    "sff": "spinal"
  },
  {
    "docID": "N002 Takeuchi, Yoshioka, N.a  b  c  d et al. 2013",
    "et": "SpinalGrayMatter",
    "off": 1029,
    "sff": "spinal"
  },
  {
    "docID": "N002 Takeuchi, Yoshioka, N.a  b  c  d et al. 2013",
    "et": "SpinalGrayMatter",
    "off": 1482,
    "sff": "spinal"
  },
  {
    "docID": "N002 Takeuchi, Yoshioka, N.a  b  c  d et al. 2013",
    "et": "SpinalGrayMatter",
    "off": 48590,
    "sff": "spinal"
  },
  {
    "docID": "N002 Takeuchi, Yoshioka, N.a  b  c  d et al. 2013",
    "et": "SpinalGrayMatter",
    "off": 40972,
    "sff": "spinal"
  },
  {
    "docID": "N002 Takeuchi, Yoshioka, N.a  b  c  d et al. 2013",
    "et": "SpinalGrayMatter",
    "off": 43276,
    "sff": "spinal"
  },
  {
    "docID": "N002 Takeuchi, Yoshioka, N.a  b  c  d et al. 2013",
    "et": "SpinalGrayMatter",
    "off": 7506,
    "sff": "spinal"
  },
  {
    "docID": "N002 Takeuchi, Yoshioka, N.a  b  c  d et al. 2013",
    "et": "SpinalGrayMatter",
    "off": 9426,
    "sff": "spinal"
  },
  {
    "docID": "N002 Takeuchi, Yoshioka, N.a  b  c  d et al. 2013",
    "et": "SpinalGrayMatter",
    "off": 43601,
    "sff": "spinal"
  },
  {
    "docID": "N002 Takeuchi, Yoshioka, N.a  b  c  d et al. 2013",
    "et": "SpinalGrayMatter",
    "off": 45974,
    "sff": "spinal"
  },
  {
    "docID": "N002 Takeuchi, Yoshioka, N.a  b  c  d et al. 2013",
    "et": "SpinalGrayMatter",
    "off": 36371,
    "sff": "Spinal"
  },
  {
    "docID": "N002 Takeuchi, Yoshioka, N.a  b  c  d et al. 2013",
    "et": "SpinalGrayMatter",
    "off": 8602,
    "sff": "spinal"
  },
  {
    "docID": "N002 Takeuchi, Yoshioka, N.a  b  c  d et al. 2013",
    "et": "SpinalGrayMatter",
    "off": 37735,
    "sff": "spinal"
  },
  {
    "docID": "N002 Takeuchi, Yoshioka, N.a  b  c  d et al. 2013",
    "et": "SpinalGrayMatter",
    "off": 37860,
    "sff": "spinal"
  },
  {
    "docID": "N002 Takeuchi, Yoshioka, N.a  b  c  d et al. 2013",
    "et": "SpinalGrayMatter",
    "off": 48356,
    "sff": "spinal"
  },
  {
    "docID": "N002 Takeuchi, Yoshioka, N.a  b  c  d et al. 2013",
    "et": "SpinalGrayMatter",
    "off": 48747,
    "sff": "spinal"
  },
  {
    "docID": "N002 Takeuchi, Yoshioka, N.a  b  c  d et al. 2013",
    "et": "SpinalGrayMatter",
    "off": 18283,
    "sff": "spinal"
  },
  {
    "docID": "N002 Takeuchi, Yoshioka, N.a  b  c  d et al. 2013",
    "et": "SpinalGrayMatter",
    "off": 40431,
    "sff": "spinal"
  },
  {
    "docID": "N002 Takeuchi, Yoshioka, N.a  b  c  d et al. 2013",
    "et": "SpinalGrayMatter",
    "off": 21612,
    "sff": "spinal"
  },
  {
    "docID": "N002 Takeuchi, Yoshioka, N.a  b  c  d et al. 2013",
    "et": "Gelfoam",
    "off": 35027,
    "sff": "gelfoam"
  },
  {
    "docID": "N002 Takeuchi, Yoshioka, N.a  b  c  d et al. 2013",
    "et": "RatSpecies",
    "off": 47581,
    "sff": "rat"
  },
  {
    "docID": "N002 Takeuchi, Yoshioka, N.a  b  c  d et al. 2013",
    "et": "RatSpecies",
    "off": 50256,
    "sff": "rat"
  },
  {
    "docID": "N002 Takeuchi, Yoshioka, N.a  b  c  d et al. 2013",
    "et": "RatSpecies",
    "off": 42425,
    "sff": "rat"
  },
  {
    "docID": "N002 Takeuchi, Yoshioka, N.a  b  c  d et al. 2013",
    "et": "Caudal",
    "off": 12001,
    "sff": "caudal"
  },
  {
    "docID": "N002 Takeuchi, Yoshioka, N.a  b  c  d et al. 2013",
    "et": "Caudal",
    "off": 7587,
    "sff": "caudal"
  },
  {
    "docID": "N002 Takeuchi, Yoshioka, N.a  b  c  d et al. 2013",
    "et": "Caudal",
    "off": 17395,
    "sff": "caudal"
  },
  {
    "docID": "N002 Takeuchi, Yoshioka, N.a  b  c  d et al. 2013",
    "et": "Caudal",
    "off": 17193,
    "sff": "caudal"
  },
  {
    "docID": "N002 Takeuchi, Yoshioka, N.a  b  c  d et al. 2013",
    "et": "Caudal",
    "off": 4845,
    "sff": "caudal"
  },
  {
    "docID": "N002 Takeuchi, Yoshioka, N.a  b  c  d et al. 2013",
    "et": "Caudal",
    "off": 17519,
    "sff": "caudal"
  },
  {
    "docID": "N002 Takeuchi, Yoshioka, N.a  b  c  d et al. 2013",
    "et": "Enzyme",
    "off": 973,
    "sff": "enzyme"
  },
  {
    "docID": "N002 Takeuchi, Yoshioka, N.a  b  c  d et al. 2013",
    "et": "Enzyme",
    "off": 11562,
    "sff": "enzyme"
  },
  {
    "docID": "N002 Takeuchi, Yoshioka, N.a  b  c  d et al. 2013",
    "et": "Enzyme",
    "off": 15402,
    "sff": "enzyme"
  },
  {
    "docID": "N002 Takeuchi, Yoshioka, N.a  b  c  d et al. 2013",
    "et": "Enzyme",
    "off": 44036,
    "sff": "enzyme"
  },
  {
    "docID": "N002 Takeuchi, Yoshioka, N.a  b  c  d et al. 2013",
    "et": "Enzyme",
    "off": 48037,
    "sff": "enzyme"
  },
  {
    "docID": "N002 Takeuchi, Yoshioka, N.a  b  c  d et al. 2013",
    "et": "Enzyme",
    "off": 29601,
    "sff": "enzyme"
  },
  {
    "docID": "N002 Takeuchi, Yoshioka, N.a  b  c  d et al. 2013",
    "et": "Enzyme",
    "off": 4512,
    "sff": "enzyme"
  },
  {
    "docID": "N002 Takeuchi, Yoshioka, N.a  b  c  d et al. 2013",
    "et": "Enzyme",
    "off": 2723,
    "sff": "enzyme"
  },
  {
    "docID": "N002 Takeuchi, Yoshioka, N.a  b  c  d et al. 2013",
    "et": "Enzyme",
    "off": 5661,
    "sff": "enzyme"
  },
  {
    "docID": "N002 Takeuchi, Yoshioka, N.a  b  c  d et al. 2013",
    "et": "Enzyme",
    "off": 22589,
    "sff": "enzyme"
  },
  {
    "docID": "N002 Takeuchi, Yoshioka, N.a  b  c  d et al. 2013",
    "et": "Enzyme",
    "off": 5748,
    "sff": "enzyme"
  },
  {
    "docID": "N002 Takeuchi, Yoshioka, N.a  b  c  d et al. 2013",
    "et": "Enzyme",
    "off": 29492,
    "sff": "enzyme"
  },
  {
    "docID": "N002 Takeuchi, Yoshioka, N.a  b  c  d et al. 2013",
    "et": "Enzyme",
    "off": 43760,
    "sff": "enzyme"
  },
  {
    "docID": "N002 Takeuchi, Yoshioka, N.a  b  c  d et al. 2013",
    "et": "CurrentApplication",
    "off": 2252,
    "sff": "current"
  },
  {
    "docID": "N002 Takeuchi, Yoshioka, N.a  b  c  d et al. 2013",
    "et": "ImplantedDepotPellet",
    "off": 35729,
    "sff": "implanted"
  },
  {
    "docID": "N002 Takeuchi, Yoshioka, N.a  b  c  d et al. 2013",
    "et": "NewZealandRabbit",
    "off": 29245,
    "sff": "new"
  },
  {
    "docID": "N002 Takeuchi, Yoshioka, N.a  b  c  d et al. 2013",
    "et": "NewZealandRabbit",
    "off": 33995,
    "sff": "New"
  },
  {
    "docID": "N002 Takeuchi, Yoshioka, N.a  b  c  d et al. 2013",
    "et": "NewZealandRabbit",
    "off": 25122,
    "sff": "new"
  },
  {
    "docID": "N002 Takeuchi, Yoshioka, N.a  b  c  d et al. 2013",
    "et": "NewZealandRabbit",
    "off": 40812,
    "sff": "new"
  },
  {
    "docID": "N002 Takeuchi, Yoshioka, N.a  b  c  d et al. 2013",
    "et": "BoneMarrowStemCell",
    "off": 15571,
    "sff": "bone"
  },
  {
    "docID": "N002 Takeuchi, Yoshioka, N.a  b  c  d et al. 2013",
    "et": "SigmaAldrich",
    "off": 48926,
    "sff": "sigma"
  },
  {
    "docID": "N002 Takeuchi, Yoshioka, N.a  b  c  d et al. 2013",
    "et": "Thoracic",
    "off": 31981,
    "sff": "thoracic"
  },
  {
    "docID": "N002 Takeuchi, Yoshioka, N.a  b  c  d et al. 2013",
    "et": "Thoracic",
    "off": 35565,
    "sff": "thoracic"
  },
  {
    "docID": "N002 Takeuchi, Yoshioka, N.a  b  c  d et al. 2013",
    "et": "OsmoticMinipump",
    "off": 35673,
    "sff": "osmotic minipump"
  },
  {
    "docID": "N002 Takeuchi, Yoshioka, N.a  b  c  d et al. 2013",
    "et": "OsmoticMinipump",
    "off": 35531,
    "sff": "osmotic"
  },
  {
    "docID": "N002 Takeuchi, Yoshioka, N.a  b  c  d et al. 2013",
    "et": "OsmoticMinipump",
    "off": 30516,
    "sff": "osmotic minipump"
  },
  {
    "docID": "N002 Takeuchi, Yoshioka, N.a  b  c  d et al. 2013",
    "et": "Seikagaku",
    "off": 30334,
    "sff": "Seikagaku"
  },
  {
    "docID": "N002 Takeuchi, Yoshioka, N.a  b  c  d et al. 2013",
    "et": "RNA",
    "off": 25192,
    "sff": "RNA"
  },
  {
    "docID": "N002 Takeuchi, Yoshioka, N.a  b  c  d et al. 2013",
    "et": "RNA",
    "off": 22522,
    "sff": "RNA"
  },
  {
    "docID": "N002 Takeuchi, Yoshioka, N.a  b  c  d et al. 2013",
    "et": "RNA",
    "off": 28907,
    "sff": "RNA"
  },
  {
    "docID": "N002 Takeuchi, Yoshioka, N.a  b  c  d et al. 2013",
    "et": "RNA",
    "off": 34236,
    "sff": "RNA"
  },
  {
    "docID": "N002 Takeuchi, Yoshioka, N.a  b  c  d et al. 2013",
    "et": "RNA",
    "off": 35184,
    "sff": "RNA"
  },
  {
    "docID": "N002 Takeuchi, Yoshioka, N.a  b  c  d et al. 2013",
    "et": "RNA",
    "off": 34212,
    "sff": "RNA"
  },
  {
    "docID": "N002 Takeuchi, Yoshioka, N.a  b  c  d et al. 2013",
    "et": "RNA",
    "off": 34133,
    "sff": "RNA"
  },
  {
    "docID": "N002 Takeuchi, Yoshioka, N.a  b  c  d et al. 2013",
    "et": "RNA",
    "off": 30310,
    "sff": "RNA"
  },
  {
    "docID": "N002 Takeuchi, Yoshioka, N.a  b  c  d et al. 2013",
    "et": "StemCellSourceType",
    "off": 42342,
    "sff": "cell"
  },
  {
    "docID": "N002 Takeuchi, Yoshioka, N.a  b  c  d et al. 2013",
    "et": "StemCellSourceType",
    "off": 38477,
    "sff": "cell"
  },
  {
    "docID": "N002 Takeuchi, Yoshioka, N.a  b  c  d et al. 2013",
    "et": "StemCellSourceType",
    "off": 31608,
    "sff": "stem"
  },
  {
    "docID": "N002 Takeuchi, Yoshioka, N.a  b  c  d et al. 2013",
    "et": "StemCellSourceType",
    "off": 46487,
    "sff": "Cell"
  },
  {
    "docID": "N002 Takeuchi, Yoshioka, N.a  b  c  d et al. 2013",
    "et": "StemCellSourceType",
    "off": 50055,
    "sff": "Cell"
  },
  {
    "docID": "N002 Takeuchi, Yoshioka, N.a  b  c  d et al. 2013",
    "et": "StemCellSourceType",
    "off": 46347,
    "sff": "cell"
  },
  {
    "docID": "N002 Takeuchi, Yoshioka, N.a  b  c  d et al. 2013",
    "et": "StemCellSourceType",
    "off": 46256,
    "sff": "cell"
  },
  {
    "docID": "N002 Takeuchi, Yoshioka, N.a  b  c  d et al. 2013",
    "et": "StemCellSourceType",
    "off": 42290,
    "sff": "stem"
  },
  {
    "docID": "N002 Takeuchi, Yoshioka, N.a  b  c  d et al. 2013",
    "et": "StemCellSourceType",
    "off": 48732,
    "sff": "stem"
  },
  {
    "docID": "N002 Takeuchi, Yoshioka, N.a  b  c  d et al. 2013",
    "et": "StemCellSourceType",
    "off": 31618,
    "sff": "cell"
  },
  {
    "docID": "N002 Takeuchi, Yoshioka, N.a  b  c  d et al. 2013",
    "et": "StemCellSourceType",
    "off": 42306,
    "sff": "cell"
  },
  {
    "docID": "N002 Takeuchi, Yoshioka, N.a  b  c  d et al. 2013",
    "et": "InVitroExperimentalProcedure",
    "off": 32570,
    "sff": "experimental"
  },
  {
    "docID": "N002 Takeuchi, Yoshioka, N.a  b  c  d et al. 2013",
    "et": "InVitroExperimentalProcedure",
    "off": 9881,
    "sff": "experimental"
  },
  {
    "docID": "N002 Takeuchi, Yoshioka, N.a  b  c  d et al. 2013",
    "et": "InVitroExperimentalProcedure",
    "off": 30888,
    "sff": "experimental"
  },
  {
    "docID": "N002 Takeuchi, Yoshioka, N.a  b  c  d et al. 2013",
    "et": "InVitroExperimentalProcedure",
    "off": 31386,
    "sff": "vitro"
  },
  {
    "docID": "N002 Takeuchi, Yoshioka, N.a  b  c  d et al. 2013",
    "et": "AntiNG2Antibody",
    "off": 11207,
    "sff": "NG2"
  },
  {
    "docID": "N002 Takeuchi, Yoshioka, N.a  b  c  d et al. 2013",
    "et": "AntiNG2Antibody",
    "off": 2508,
    "sff": "NG2"
  },
  {
    "docID": "N002 Takeuchi, Yoshioka, N.a  b  c  d et al. 2013",
    "et": "AntiNG2Antibody",
    "off": 41852,
    "sff": "NG2"
  },
  {
    "docID": "N002 Takeuchi, Yoshioka, N.a  b  c  d et al. 2013",
    "et": "Ibuprofen",
    "off": 49559,
    "sff": "Ibuprofen"
  },
  {
    "docID": "N002 Takeuchi, Yoshioka, N.a  b  c  d et al. 2013",
    "et": "LongEvansRat",
    "off": 33340,
    "sff": "long"
  },
  {
    "docID": "N002 Takeuchi, Yoshioka, N.a  b  c  d et al. 2013",
    "et": "LongEvansRat",
    "off": 30553,
    "sff": "long"
  },
  {
    "docID": "N002 Takeuchi, Yoshioka, N.a  b  c  d et al. 2013",
    "et": "LongEvansRat",
    "off": 30582,
    "sff": "long"
  },
  {
    "docID": "N002 Takeuchi, Yoshioka, N.a  b  c  d et al. 2013",
    "et": "Cell",
    "off": 46347,
    "sff": "cell"
  },
  {
    "docID": "N002 Takeuchi, Yoshioka, N.a  b  c  d et al. 2013",
    "et": "Cell",
    "off": 38477,
    "sff": "cell"
  },
  {
    "docID": "N002 Takeuchi, Yoshioka, N.a  b  c  d et al. 2013",
    "et": "Cell",
    "off": 31618,
    "sff": "cell"
  },
  {
    "docID": "N002 Takeuchi, Yoshioka, N.a  b  c  d et al. 2013",
    "et": "Cell",
    "off": 42306,
    "sff": "cell"
  },
  {
    "docID": "N002 Takeuchi, Yoshioka, N.a  b  c  d et al. 2013",
    "et": "Cell",
    "off": 46487,
    "sff": "Cell"
  },
  {
    "docID": "N002 Takeuchi, Yoshioka, N.a  b  c  d et al. 2013",
    "et": "Cell",
    "off": 50055,
    "sff": "Cell"
  },
  {
    "docID": "N002 Takeuchi, Yoshioka, N.a  b  c  d et al. 2013",
    "et": "Cell",
    "off": 46256,
    "sff": "cell"
  },
  {
    "docID": "N002 Takeuchi, Yoshioka, N.a  b  c  d et al. 2013",
    "et": "Cell",
    "off": 42342,
    "sff": "cell"
  },
  {
    "docID": "N002 Takeuchi, Yoshioka, N.a  b  c  d et al. 2013",
    "et": "SpinalDorsalHalf",
    "off": 48186,
    "sff": "spinal"
  },
  {
    "docID": "N002 Takeuchi, Yoshioka, N.a  b  c  d et al. 2013",
    "et": "SpinalDorsalHalf",
    "off": 41915,
    "sff": "spinal"
  },
  {
    "docID": "N002 Takeuchi, Yoshioka, N.a  b  c  d et al. 2013",
    "et": "SpinalDorsalHalf",
    "off": 42429,
    "sff": "spinal"
  },
  {
    "docID": "N002 Takeuchi, Yoshioka, N.a  b  c  d et al. 2013",
    "et": "SpinalDorsalHalf",
    "off": 43135,
    "sff": "spinal"
  },
  {
    "docID": "N002 Takeuchi, Yoshioka, N.a  b  c  d et al. 2013",
    "et": "SpinalDorsalHalf",
    "off": 47294,
    "sff": "dorsal"
  },
  {
    "docID": "N002 Takeuchi, Yoshioka, N.a  b  c  d et al. 2013",
    "et": "SpinalDorsalHalf",
    "off": 48124,
    "sff": "dorsal"
  },
  {
    "docID": "N002 Takeuchi, Yoshioka, N.a  b  c  d et al. 2013",
    "et": "SpinalDorsalHalf",
    "off": 23426,
    "sff": "spinal"
  },
  {
    "docID": "N002 Takeuchi, Yoshioka, N.a  b  c  d et al. 2013",
    "et": "SpinalDorsalHalf",
    "off": 1668,
    "sff": "spinal"
  },
  {
    "docID": "N002 Takeuchi, Yoshioka, N.a  b  c  d et al. 2013",
    "et": "SpinalDorsalHalf",
    "off": 1029,
    "sff": "spinal"
  },
  {
    "docID": "N002 Takeuchi, Yoshioka, N.a  b  c  d et al. 2013",
    "et": "SpinalDorsalHalf",
    "off": 46854,
    "sff": "spinal"
  },
  {
    "docID": "N002 Takeuchi, Yoshioka, N.a  b  c  d et al. 2013",
    "et": "SpinalDorsalHalf",
    "off": 1482,
    "sff": "spinal"
  },
  {
    "docID": "N002 Takeuchi, Yoshioka, N.a  b  c  d et al. 2013",
    "et": "SpinalDorsalHalf",
    "off": 40972,
    "sff": "spinal"
  },
  {
    "docID": "N002 Takeuchi, Yoshioka, N.a  b  c  d et al. 2013",
    "et": "SpinalDorsalHalf",
    "off": 43276,
    "sff": "spinal"
  },
  {
    "docID": "N002 Takeuchi, Yoshioka, N.a  b  c  d et al. 2013",
    "et": "SpinalDorsalHalf",
    "off": 48590,
    "sff": "spinal"
  },
  {
    "docID": "N002 Takeuchi, Yoshioka, N.a  b  c  d et al. 2013",
    "et": "SpinalDorsalHalf",
    "off": 43601,
    "sff": "spinal"
  },
  {
    "docID": "N002 Takeuchi, Yoshioka, N.a  b  c  d et al. 2013",
    "et": "SpinalDorsalHalf",
    "off": 7506,
    "sff": "spinal"
  },
  {
    "docID": "N002 Takeuchi, Yoshioka, N.a  b  c  d et al. 2013",
    "et": "SpinalDorsalHalf",
    "off": 9426,
    "sff": "spinal"
  },
  {
    "docID": "N002 Takeuchi, Yoshioka, N.a  b  c  d et al. 2013",
    "et": "SpinalDorsalHalf",
    "off": 45974,
    "sff": "spinal"
  },
  {
    "docID": "N002 Takeuchi, Yoshioka, N.a  b  c  d et al. 2013",
    "et": "SpinalDorsalHalf",
    "off": 8602,
    "sff": "spinal"
  },
  {
    "docID": "N002 Takeuchi, Yoshioka, N.a  b  c  d et al. 2013",
    "et": "SpinalDorsalHalf",
    "off": 36371,
    "sff": "Spinal"
  },
  {
    "docID": "N002 Takeuchi, Yoshioka, N.a  b  c  d et al. 2013",
    "et": "SpinalDorsalHalf",
    "off": 37860,
    "sff": "spinal"
  },
  {
    "docID": "N002 Takeuchi, Yoshioka, N.a  b  c  d et al. 2013",
    "et": "SpinalDorsalHalf",
    "off": 48356,
    "sff": "spinal"
  },
  {
    "docID": "N002 Takeuchi, Yoshioka, N.a  b  c  d et al. 2013",
    "et": "SpinalDorsalHalf",
    "off": 37735,
    "sff": "spinal"
  },
  {
    "docID": "N002 Takeuchi, Yoshioka, N.a  b  c  d et al. 2013",
    "et": "SpinalDorsalHalf",
    "off": 18283,
    "sff": "spinal"
  },
  {
    "docID": "N002 Takeuchi, Yoshioka, N.a  b  c  d et al. 2013",
    "et": "SpinalDorsalHalf",
    "off": 48747,
    "sff": "spinal"
  },
  {
    "docID": "N002 Takeuchi, Yoshioka, N.a  b  c  d et al. 2013",
    "et": "SpinalDorsalHalf",
    "off": 21612,
    "sff": "spinal"
  },
  {
    "docID": "N002 Takeuchi, Yoshioka, N.a  b  c  d et al. 2013",
    "et": "SpinalDorsalHalf",
    "off": 40431,
    "sff": "spinal"
  },
  {
    "docID": "N002 Takeuchi, Yoshioka, N.a  b  c  d et al. 2013",
    "et": "SpinalDorsalHalf",
    "off": 42612,
    "sff": "spinal"
  },
  {
    "docID": "N002 Takeuchi, Yoshioka, N.a  b  c  d et al. 2013",
    "et": "SpinalDorsalHalf",
    "off": 49972,
    "sff": "spinal"
  },
  {
    "docID": "N002 Takeuchi, Yoshioka, N.a  b  c  d et al. 2013",
    "et": "SpinalDorsalHalf",
    "off": 46647,
    "sff": "spinal"
  },
  {
    "docID": "N002 Takeuchi, Yoshioka, N.a  b  c  d et al. 2013",
    "et": "SpinalDorsalHalf",
    "off": 49592,
    "sff": "spinal"
  },
  {
    "docID": "N002 Takeuchi, Yoshioka, N.a  b  c  d et al. 2013",
    "et": "17BetaEstradiolE2",
    "off": 43034,
    "sff": "17"
  },
  {
    "docID": "N002 Takeuchi, Yoshioka, N.a  b  c  d et al. 2013",
    "et": "17BetaEstradiolE2",
    "off": 38541,
    "sff": "17"
  },
  {
    "docID": "N002 Takeuchi, Yoshioka, N.a  b  c  d et al. 2013",
    "et": "Cervical",
    "off": 46845,
    "sff": "cervical"
  },
  {
    "docID": "N002 Takeuchi, Yoshioka, N.a  b  c  d et al. 2013",
    "et": "HematoxyLinEosin",
    "off": 47568,
    "sff": "LIN"
  },
  {
    "docID": "N002 Takeuchi, Yoshioka, N.a  b  c  d et al. 2013",
    "et": "HematoxyLinEosin",
    "off": 50094,
    "sff": "Lin"
  },
  {
    "docID": "N002 Takeuchi, Yoshioka, N.a  b  c  d et al. 2013",
    "et": "Embryonic",
    "off": 46337,
    "sff": "embryonic"
  },
  {
    "docID": "N002 Takeuchi, Yoshioka, N.a  b  c  d et al. 2013",
    "et": "Embryonic",
    "off": 31598,
    "sff": "embryonic"
  },
  {
    "docID": "N002 Takeuchi, Yoshioka, N.a  b  c  d et al. 2013",
    "et": "Embryonic",
    "off": 38527,
    "sff": "embryonic"
  },
  {
    "docID": "N002 Takeuchi, Yoshioka, N.a  b  c  d et al. 2013",
    "et": "ExperimentalProcedure",
    "off": 9881,
    "sff": "experimental"
  },
  {
    "docID": "N002 Takeuchi, Yoshioka, N.a  b  c  d et al. 2013",
    "et": "ExperimentalProcedure",
    "off": 32570,
    "sff": "experimental"
  },
  {
    "docID": "N002 Takeuchi, Yoshioka, N.a  b  c  d et al. 2013",
    "et": "ExperimentalProcedure",
    "off": 30888,
    "sff": "experimental"
  },
  {
    "docID": "N002 Takeuchi, Yoshioka, N.a  b  c  d et al. 2013",
    "et": "CorticospinalTract",
    "off": 41474,
    "sff": "corticospinal"
  },
  {
    "docID": "N002 Takeuchi, Yoshioka, N.a  b  c  d et al. 2013",
    "et": "CorticospinalTract",
    "off": 42162,
    "sff": "corticospinal"
  },
  {
    "docID": "N002 Takeuchi, Yoshioka, N.a  b  c  d et al. 2013",
    "et": "CorticospinalTract",
    "off": 42889,
    "sff": "corticospinal tract"
  },
  {
    "docID": "N002 Takeuchi, Yoshioka, N.a  b  c  d et al. 2013",
    "et": "CorticospinalTract",
    "off": 16929,
    "sff": "corticospinal tract"
  },
  {
    "docID": "N002 Takeuchi, Yoshioka, N.a  b  c  d et al. 2013",
    "et": "BrainDerivedNeurotrophicFactor",
    "off": 31019,
    "sff": "derived"
  },
  {
    "docID": "N002 Takeuchi, Yoshioka, N.a  b  c  d et al. 2013",
    "et": "BrainDerivedNeurotrophicFactor",
    "off": 47963,
    "sff": "Brain"
  },
  {
    "docID": "N002 Takeuchi, Yoshioka, N.a  b  c  d et al. 2013",
    "et": "BrainDerivedNeurotrophicFactor",
    "off": 31628,
    "sff": "derived"
  },
  {
    "docID": "N002 Takeuchi, Yoshioka, N.a  b  c  d et al. 2013",
    "et": "BrainDerivedNeurotrophicFactor",
    "off": 50260,
    "sff": "brain"
  },
  {
    "docID": "N002 Takeuchi, Yoshioka, N.a  b  c  d et al. 2013",
    "et": "BrainDerivedNeurotrophicFactor",
    "off": 10447,
    "sff": "derived"
  },
  {
    "docID": "N002 Takeuchi, Yoshioka, N.a  b  c  d et al. 2013",
    "et": "BrainDerivedNeurotrophicFactor",
    "off": 23601,
    "sff": "derived"
  },
  {
    "docID": "N002 Takeuchi, Yoshioka, N.a  b  c  d et al. 2013",
    "et": "BrainDerivedNeurotrophicFactor",
    "off": 47928,
    "sff": "brain"
  },
  {
    "docID": "N002 Takeuchi, Yoshioka, N.a  b  c  d et al. 2013",
    "et": "BrainDerivedNeurotrophicFactor",
    "off": 43155,
    "sff": "Brain"
  },
  {
    "docID": "N002 Takeuchi, Yoshioka, N.a  b  c  d et al. 2013",
    "et": "BrainDerivedNeurotrophicFactor",
    "off": 44672,
    "sff": "brain"
  },
  {
    "docID": "N002 Takeuchi, Yoshioka, N.a  b  c  d et al. 2013",
    "et": "BrainDerivedNeurotrophicFactor",
    "off": 47585,
    "sff": "brain"
  },
  {
    "docID": "N002 Takeuchi, Yoshioka, N.a  b  c  d et al. 2013",
    "et": "BrainDerivedNeurotrophicFactor",
    "off": 47947,
    "sff": "Brain"
  },
  {
    "docID": "N002 Takeuchi, Yoshioka, N.a  b  c  d et al. 2013",
    "et": "BrainDerivedNeurotrophicFactor",
    "off": 50691,
    "sff": "brain"
  },
  {
    "docID": "N002 Takeuchi, Yoshioka, N.a  b  c  d et al. 2013",
    "et": "BrainDerivedNeurotrophicFactor",
    "off": 40805,
    "sff": "brain"
  }
]
