[
  {
    "docID": "N010 Xia 2015 25641132",
    "et": "RecombinantEPORhEpo",
    "off": 20548,
    "sff": "recombinant"
  },
  {
    "docID": "N010 Xia 2015 25641132",
    "et": "RecombinantEPORhEpo",
    "off": 5103,
    "sff": "recombinant"
  },
  {
    "docID": "N010 Xia 2015 25641132",
    "et": "Virus",
    "off": 5505,
    "sff": "virus"
  },
  {
    "docID": "N010 Xia 2015 25641132",
    "et": "InhalationDelivery",
    "off": 6476,
    "sff": "inhalation"
  },
  {
    "docID": "N010 Xia 2015 25641132",
    "et": "Syringe",
    "off": 6689,
    "sff": "syringe"
  },
  {
    "docID": "N010 Xia 2015 25641132",
    "et": "SpinalSubduralArea",
    "off": 7530,
    "sff": "Spinal"
  },
  {
    "docID": "N010 Xia 2015 25641132",
    "et": "SpinalSubduralArea",
    "off": 26479,
    "sff": "spinal"
  },
  {
    "docID": "N010 Xia 2015 25641132",
    "et": "SpinalSubduralArea",
    "off": 2220,
    "sff": "spinal"
  },
  {
    "docID": "N010 Xia 2015 25641132",
    "et": "SpinalSubduralArea",
    "off": 24302,
    "sff": "spinal"
  },
  {
    "docID": "N010 Xia 2015 25641132",
    "et": "SpinalSubduralArea",
    "off": 1581,
    "sff": "spinal"
  },
  {
    "docID": "N010 Xia 2015 25641132",
    "et": "SpinalSubduralArea",
    "off": 11111,
    "sff": "spinal"
  },
  {
    "docID": "N010 Xia 2015 25641132",
    "et": "SpinalSubduralArea",
    "off": 10174,
    "sff": "Spinal"
  },
  {
    "docID": "N010 Xia 2015 25641132",
    "et": "SpinalSubduralArea",
    "off": 23492,
    "sff": "spinal"
  },
  {
    "docID": "N010 Xia 2015 25641132",
    "et": "SpinalSubduralArea",
    "off": 25220,
    "sff": "spinal"
  },
  {
    "docID": "N010 Xia 2015 25641132",
    "et": "SpinalSubduralArea",
    "off": 22915,
    "sff": "spinal"
  },
  {
    "docID": "N010 Xia 2015 25641132",
    "et": "SpinalSubduralArea",
    "off": 1093,
    "sff": "spinal"
  },
  {
    "docID": "N010 Xia 2015 25641132",
    "et": "SpinalSubduralArea",
    "off": 767,
    "sff": "spinal"
  },
  {
    "docID": "N010 Xia 2015 25641132",
    "et": "SpinalSubduralArea",
    "off": 12418,
    "sff": "spinal"
  },
  {
    "docID": "N010 Xia 2015 25641132",
    "et": "SpinalSubduralArea",
    "off": 4796,
    "sff": "spinal"
  },
  {
    "docID": "N010 Xia 2015 25641132",
    "et": "SpinalSubduralArea",
    "off": 23932,
    "sff": "spinal"
  },
  {
    "docID": "N010 Xia 2015 25641132",
    "et": "SpinalSubduralArea",
    "off": 26172,
    "sff": "spinal"
  },
  {
    "docID": "N010 Xia 2015 25641132",
    "et": "SpinalSubduralArea",
    "off": 8901,
    "sff": "Spinal"
  },
  {
    "docID": "N010 Xia 2015 25641132",
    "et": "SpinalSubduralArea",
    "off": 26116,
    "sff": "Spinal"
  },
  {
    "docID": "N010 Xia 2015 25641132",
    "et": "SpinalSubduralArea",
    "off": 23161,
    "sff": "spinal"
  },
  {
    "docID": "N010 Xia 2015 25641132",
    "et": "SpinalSubduralArea",
    "off": 25017,
    "sff": "spinal"
  },
  {
    "docID": "N010 Xia 2015 25641132",
    "et": "SpinalSubduralArea",
    "off": 3222,
    "sff": "spinal"
  },
  {
    "docID": "N010 Xia 2015 25641132",
    "et": "SpinalSubduralArea",
    "off": 13969,
    "sff": "spinal"
  },
  {
    "docID": "N010 Xia 2015 25641132",
    "et": "SpinalSubduralArea",
    "off": 10313,
    "sff": "spinal"
  },
  {
    "docID": "N010 Xia 2015 25641132",
    "et": "SpinalSubduralArea",
    "off": 22052,
    "sff": "spinal"
  },
  {
    "docID": "N010 Xia 2015 25641132",
    "et": "SpinalSubduralArea",
    "off": 290,
    "sff": "spinal"
  },
  {
    "docID": "N010 Xia 2015 25641132",
    "et": "SpinalSubduralArea",
    "off": 14364,
    "sff": "spinal"
  },
  {
    "docID": "N010 Xia 2015 25641132",
    "et": "SpinalSubduralArea",
    "off": 23708,
    "sff": "spinal"
  },
  {
    "docID": "N010 Xia 2015 25641132",
    "et": "SpinalSubduralArea",
    "off": 10526,
    "sff": "spinal"
  },
  {
    "docID": "N010 Xia 2015 25641132",
    "et": "SpinalSubduralArea",
    "off": 25373,
    "sff": "spinal"
  },
  {
    "docID": "N010 Xia 2015 25641132",
    "et": "SpinalSubduralArea",
    "off": 5538,
    "sff": "Spinal"
  },
  {
    "docID": "N010 Xia 2015 25641132",
    "et": "SpinalSubduralArea",
    "off": 22490,
    "sff": "spinal"
  },
  {
    "docID": "N010 Xia 2015 25641132",
    "et": "ApplicationInstrument",
    "off": 25180,
    "sff": "application"
  },
  {
    "docID": "N010 Xia 2015 25641132",
    "et": "NOGOReceptorAntagonist",
    "off": 25795,
    "sff": "receptor"
  },
  {
    "docID": "N010 Xia 2015 25641132",
    "et": "NOGOReceptorAntagonist",
    "off": 24990,
    "sff": "Nogo"
  },
  {
    "docID": "N010 Xia 2015 25641132",
    "et": "NOGOReceptorAntagonist",
    "off": 24998,
    "sff": "receptor"
  },
  {
    "docID": "N010 Xia 2015 25641132",
    "et": "SpinalFiberTract",
    "off": 25373,
    "sff": "spinal"
  },
  {
    "docID": "N010 Xia 2015 25641132",
    "et": "SpinalFiberTract",
    "off": 14364,
    "sff": "spinal"
  },
  {
    "docID": "N010 Xia 2015 25641132",
    "et": "SpinalFiberTract",
    "off": 23708,
    "sff": "spinal"
  },
  {
    "docID": "N010 Xia 2015 25641132",
    "et": "SpinalFiberTract",
    "off": 22490,
    "sff": "spinal"
  },
  {
    "docID": "N010 Xia 2015 25641132",
    "et": "SpinalFiberTract",
    "off": 3222,
    "sff": "spinal"
  },
  {
    "docID": "N010 Xia 2015 25641132",
    "et": "SpinalFiberTract",
    "off": 22052,
    "sff": "spinal"
  },
  {
    "docID": "N010 Xia 2015 25641132",
    "et": "SpinalFiberTract",
    "off": 290,
    "sff": "spinal"
  },
  {
    "docID": "N010 Xia 2015 25641132",
    "et": "SpinalFiberTract",
    "off": 5538,
    "sff": "Spinal"
  },
  {
    "docID": "N010 Xia 2015 25641132",
    "et": "SpinalFiberTract",
    "off": 10526,
    "sff": "spinal"
  },
  {
    "docID": "N010 Xia 2015 25641132",
    "et": "SpinalFiberTract",
    "off": 1581,
    "sff": "spinal"
  },
  {
    "docID": "N010 Xia 2015 25641132",
    "et": "SpinalFiberTract",
    "off": 2220,
    "sff": "spinal"
  },
  {
    "docID": "N010 Xia 2015 25641132",
    "et": "SpinalFiberTract",
    "off": 7530,
    "sff": "Spinal"
  },
  {
    "docID": "N010 Xia 2015 25641132",
    "et": "SpinalFiberTract",
    "off": 11111,
    "sff": "spinal"
  },
  {
    "docID": "N010 Xia 2015 25641132",
    "et": "SpinalFiberTract",
    "off": 26479,
    "sff": "spinal"
  },
  {
    "docID": "N010 Xia 2015 25641132",
    "et": "SpinalFiberTract",
    "off": 24302,
    "sff": "spinal"
  },
  {
    "docID": "N010 Xia 2015 25641132",
    "et": "SpinalFiberTract",
    "off": 4796,
    "sff": "spinal"
  },
  {
    "docID": "N010 Xia 2015 25641132",
    "et": "SpinalFiberTract",
    "off": 23932,
    "sff": "spinal"
  },
  {
    "docID": "N010 Xia 2015 25641132",
    "et": "SpinalFiberTract",
    "off": 26172,
    "sff": "spinal"
  },
  {
    "docID": "N010 Xia 2015 25641132",
    "et": "SpinalFiberTract",
    "off": 23161,
    "sff": "spinal"
  },
  {
    "docID": "N010 Xia 2015 25641132",
    "et": "SpinalFiberTract",
    "off": 25017,
    "sff": "spinal"
  },
  {
    "docID": "N010 Xia 2015 25641132",
    "et": "SpinalFiberTract",
    "off": 1093,
    "sff": "spinal"
  },
  {
    "docID": "N010 Xia 2015 25641132",
    "et": "SpinalFiberTract",
    "off": 10174,
    "sff": "Spinal"
  },
  {
    "docID": "N010 Xia 2015 25641132",
    "et": "SpinalFiberTract",
    "off": 23492,
    "sff": "spinal"
  },
  {
    "docID": "N010 Xia 2015 25641132",
    "et": "SpinalFiberTract",
    "off": 25220,
    "sff": "spinal"
  },
  {
    "docID": "N010 Xia 2015 25641132",
    "et": "SpinalFiberTract",
    "off": 22915,
    "sff": "spinal"
  },
  {
    "docID": "N010 Xia 2015 25641132",
    "et": "SpinalFiberTract",
    "off": 12418,
    "sff": "spinal"
  },
  {
    "docID": "N010 Xia 2015 25641132",
    "et": "SpinalFiberTract",
    "off": 26116,
    "sff": "Spinal"
  },
  {
    "docID": "N010 Xia 2015 25641132",
    "et": "SpinalFiberTract",
    "off": 767,
    "sff": "spinal"
  },
  {
    "docID": "N010 Xia 2015 25641132",
    "et": "SpinalFiberTract",
    "off": 8901,
    "sff": "Spinal"
  },
  {
    "docID": "N010 Xia 2015 25641132",
    "et": "SpinalFiberTract",
    "off": 10313,
    "sff": "spinal"
  },
  {
    "docID": "N010 Xia 2015 25641132",
    "et": "SpinalFiberTract",
    "off": 13969,
    "sff": "spinal"
  },
  {
    "docID": "N010 Xia 2015 25641132",
    "et": "SpinalVentralHalf",
    "off": 13969,
    "sff": "spinal"
  },
  {
    "docID": "N010 Xia 2015 25641132",
    "et": "SpinalVentralHalf",
    "off": 3222,
    "sff": "spinal"
  },
  {
    "docID": "N010 Xia 2015 25641132",
    "et": "SpinalVentralHalf",
    "off": 22490,
    "sff": "spinal"
  },
  {
    "docID": "N010 Xia 2015 25641132",
    "et": "SpinalVentralHalf",
    "off": 8901,
    "sff": "Spinal"
  },
  {
    "docID": "N010 Xia 2015 25641132",
    "et": "SpinalVentralHalf",
    "off": 14364,
    "sff": "spinal"
  },
  {
    "docID": "N010 Xia 2015 25641132",
    "et": "SpinalVentralHalf",
    "off": 23708,
    "sff": "spinal"
  },
  {
    "docID": "N010 Xia 2015 25641132",
    "et": "SpinalVentralHalf",
    "off": 25373,
    "sff": "spinal"
  },
  {
    "docID": "N010 Xia 2015 25641132",
    "et": "SpinalVentralHalf",
    "off": 10526,
    "sff": "spinal"
  },
  {
    "docID": "N010 Xia 2015 25641132",
    "et": "SpinalVentralHalf",
    "off": 26116,
    "sff": "Spinal"
  },
  {
    "docID": "N010 Xia 2015 25641132",
    "et": "SpinalVentralHalf",
    "off": 290,
    "sff": "spinal"
  },
  {
    "docID": "N010 Xia 2015 25641132",
    "et": "SpinalVentralHalf",
    "off": 10174,
    "sff": "Spinal"
  },
  {
    "docID": "N010 Xia 2015 25641132",
    "et": "SpinalVentralHalf",
    "off": 22052,
    "sff": "spinal"
  },
  {
    "docID": "N010 Xia 2015 25641132",
    "et": "SpinalVentralHalf",
    "off": 11111,
    "sff": "spinal"
  },
  {
    "docID": "N010 Xia 2015 25641132",
    "et": "SpinalVentralHalf",
    "off": 2220,
    "sff": "spinal"
  },
  {
    "docID": "N010 Xia 2015 25641132",
    "et": "SpinalVentralHalf",
    "off": 1581,
    "sff": "spinal"
  },
  {
    "docID": "N010 Xia 2015 25641132",
    "et": "SpinalVentralHalf",
    "off": 24302,
    "sff": "spinal"
  },
  {
    "docID": "N010 Xia 2015 25641132",
    "et": "SpinalVentralHalf",
    "off": 26479,
    "sff": "spinal"
  },
  {
    "docID": "N010 Xia 2015 25641132",
    "et": "SpinalVentralHalf",
    "off": 7530,
    "sff": "Spinal"
  },
  {
    "docID": "N010 Xia 2015 25641132",
    "et": "SpinalVentralHalf",
    "off": 5538,
    "sff": "Spinal"
  },
  {
    "docID": "N010 Xia 2015 25641132",
    "et": "SpinalVentralHalf",
    "off": 23161,
    "sff": "spinal"
  },
  {
    "docID": "N010 Xia 2015 25641132",
    "et": "SpinalVentralHalf",
    "off": 25017,
    "sff": "spinal"
  },
  {
    "docID": "N010 Xia 2015 25641132",
    "et": "SpinalVentralHalf",
    "off": 4796,
    "sff": "spinal"
  },
  {
    "docID": "N010 Xia 2015 25641132",
    "et": "SpinalVentralHalf",
    "off": 23932,
    "sff": "spinal"
  },
  {
    "docID": "N010 Xia 2015 25641132",
    "et": "SpinalVentralHalf",
    "off": 26172,
    "sff": "spinal"
  },
  {
    "docID": "N010 Xia 2015 25641132",
    "et": "SpinalVentralHalf",
    "off": 767,
    "sff": "spinal"
  },
  {
    "docID": "N010 Xia 2015 25641132",
    "et": "SpinalVentralHalf",
    "off": 14225,
    "sff": "ventral"
  },
  {
    "docID": "N010 Xia 2015 25641132",
    "et": "SpinalVentralHalf",
    "off": 12418,
    "sff": "spinal"
  },
  {
    "docID": "N010 Xia 2015 25641132",
    "et": "SpinalVentralHalf",
    "off": 22915,
    "sff": "spinal"
  },
  {
    "docID": "N010 Xia 2015 25641132",
    "et": "SpinalVentralHalf",
    "off": 23492,
    "sff": "spinal"
  },
  {
    "docID": "N010 Xia 2015 25641132",
    "et": "SpinalVentralHalf",
    "off": 25220,
    "sff": "spinal"
  },
  {
    "docID": "N010 Xia 2015 25641132",
    "et": "SpinalVentralHalf",
    "off": 1093,
    "sff": "spinal"
  },
  {
    "docID": "N010 Xia 2015 25641132",
    "et": "SpinalVentralHalf",
    "off": 10313,
    "sff": "spinal"
  },
  {
    "docID": "N010 Xia 2015 25641132",
    "et": "Rostral",
    "off": 14802,
    "sff": "rostral"
  },
  {
    "docID": "N010 Xia 2015 25641132",
    "et": "Rostral",
    "off": 12133,
    "sff": "Rostral"
  },
  {
    "docID": "N010 Xia 2015 25641132",
    "et": "Rostral",
    "off": 20816,
    "sff": "rostral"
  },
  {
    "docID": "N010 Xia 2015 25641132",
    "et": "Rostral",
    "off": 12874,
    "sff": "Rostral"
  },
  {
    "docID": "N010 Xia 2015 25641132",
    "et": "Rostral",
    "off": 10854,
    "sff": "Rostral"
  },
  {
    "docID": "N010 Xia 2015 25641132",
    "et": "Rostral",
    "off": 11320,
    "sff": "rostral"
  },
  {
    "docID": "N010 Xia 2015 25641132",
    "et": "Rostral",
    "off": 14952,
    "sff": "rostral"
  },
  {
    "docID": "N010 Xia 2015 25641132",
    "et": "DorsalColumn",
    "off": 10578,
    "sff": "dorsal"
  },
  {
    "docID": "N010 Xia 2015 25641132",
    "et": "DorsalColumn",
    "off": 14738,
    "sff": "dorsal"
  },
  {
    "docID": "N010 Xia 2015 25641132",
    "et": "DorsalColumn",
    "off": 10387,
    "sff": "dorsal"
  },
  {
    "docID": "N010 Xia 2015 25641132",
    "et": "DorsalColumn",
    "off": 9168,
    "sff": "dorsal"
  },
  {
    "docID": "N010 Xia 2015 25641132",
    "et": "DorsalColumn",
    "off": 13999,
    "sff": "dorsal"
  },
  {
    "docID": "N010 Xia 2015 25641132",
    "et": "DorsalColumn",
    "off": 11373,
    "sff": "dorsal"
  },
  {
    "docID": "N010 Xia 2015 25641132",
    "et": "DorsalColumn",
    "off": 10186,
    "sff": "dorsal"
  },
  {
    "docID": "N010 Xia 2015 25641132",
    "et": "DorsalColumn",
    "off": 14507,
    "sff": "dorsal"
  },
  {
    "docID": "N010 Xia 2015 25641132",
    "et": "DorsalColumn",
    "off": 14245,
    "sff": "dorsal"
  },
  {
    "docID": "N010 Xia 2015 25641132",
    "et": "DorsalColumn",
    "off": 15317,
    "sff": "dorsal column"
  },
  {
    "docID": "N010 Xia 2015 25641132",
    "et": "DorsalColumn",
    "off": 13248,
    "sff": "dorsal"
  },
  {
    "docID": "N010 Xia 2015 25641132",
    "et": "DorsalColumn",
    "off": 14268,
    "sff": "dorsal"
  },
  {
    "docID": "N010 Xia 2015 25641132",
    "et": "DorsalColumn",
    "off": 15034,
    "sff": "dorsal"
  },
  {
    "docID": "N010 Xia 2015 25641132",
    "et": "DorsalColumn",
    "off": 17274,
    "sff": "dorsal"
  },
  {
    "docID": "N010 Xia 2015 25641132",
    "et": "DorsalColumn",
    "off": 23099,
    "sff": "dorsal"
  },
  {
    "docID": "N010 Xia 2015 25641132",
    "et": "SpragueDawleyRat",
    "off": 5583,
    "sff": "Sprague-Dawley"
  },
  {
    "docID": "N010 Xia 2015 25641132",
    "et": "ChondroitinaseABC",
    "off": 1265,
    "sff": "Chondroitinase ABC"
  },
  {
    "docID": "N010 Xia 2015 25641132",
    "et": "ChondroitinaseABC",
    "off": 938,
    "sff": "chondroitinase ABC"
  },
  {
    "docID": "N010 Xia 2015 25641132",
    "et": "ChondroitinaseABC",
    "off": 25195,
    "sff": "chondroitinase ABC"
  },
  {
    "docID": "N010 Xia 2015 25641132",
    "et": "ChondroitinaseABC",
    "off": 22816,
    "sff": "chondroitinase ABC"
  },
  {
    "docID": "N010 Xia 2015 25641132",
    "et": "ChondroitinaseABC",
    "off": 820,
    "sff": "chondroitinase ABC"
  },
  {
    "docID": "N010 Xia 2015 25641132",
    "et": "ChondroitinaseABC",
    "off": 3081,
    "sff": "Chondroitinase ABC"
  },
  {
    "docID": "N010 Xia 2015 25641132",
    "et": "ChondroitinaseABC",
    "off": 210,
    "sff": "chondroitinase ABC"
  },
  {
    "docID": "N010 Xia 2015 25641132",
    "et": "ChondroitinaseABC",
    "off": 24226,
    "sff": "chondroitinase ABC"
  },
  {
    "docID": "N010 Xia 2015 25641132",
    "et": "ChondroitinaseABC",
    "off": 25986,
    "sff": "chondroitinase"
  },
  {
    "docID": "N010 Xia 2015 25641132",
    "et": "ChondroitinaseABC",
    "off": 23833,
    "sff": "Chondroitinase"
  },
  {
    "docID": "N010 Xia 2015 25641132",
    "et": "Left",
    "off": 12889,
    "sff": "left"
  },
  {
    "docID": "N010 Xia 2015 25641132",
    "et": "Left",
    "off": 6970,
    "sff": "left"
  },
  {
    "docID": "N010 Xia 2015 25641132",
    "et": "Left",
    "off": 12148,
    "sff": "left"
  },
  {
    "docID": "N010 Xia 2015 25641132",
    "et": "Left",
    "off": 10869,
    "sff": "left"
  },
  {
    "docID": "N010 Xia 2015 25641132",
    "et": "SubstanceApplicationLocation",
    "off": 25180,
    "sff": "application"
  },
  {
    "docID": "N010 Xia 2015 25641132",
    "et": "Retrovirus",
    "off": 20526,
    "sff": "retrovirus"
  },
  {
    "docID": "N010 Xia 2015 25641132",
    "et": "Retrovirus",
    "off": 20678,
    "sff": "retrovirus"
  },
  {
    "docID": "N010 Xia 2015 25641132",
    "et": "Tissue",
    "off": 11696,
    "sff": "tissue"
  },
  {
    "docID": "N010 Xia 2015 25641132",
    "et": "Tissue",
    "off": 11571,
    "sff": "tissue"
  },
  {
    "docID": "N010 Xia 2015 25641132",
    "et": "Tissue",
    "off": 20456,
    "sff": "tissue"
  },
  {
    "docID": "N010 Xia 2015 25641132",
    "et": "Tissue",
    "off": 14089,
    "sff": "tissue"
  },
  {
    "docID": "N010 Xia 2015 25641132",
    "et": "Tissue",
    "off": 14124,
    "sff": "tissue"
  },
  {
    "docID": "N010 Xia 2015 25641132",
    "et": "ChinaShenyangSunshinePharmaceuticalCompany",
    "off": 550,
    "sff": "China"
  },
  {
    "docID": "N010 Xia 2015 25641132",
    "et": "ChinaShenyangSunshinePharmaceuticalCompany",
    "off": 664,
    "sff": "China"
  },
  {
    "docID": "N010 Xia 2015 25641132",
    "et": "ChinaShenyangSunshinePharmaceuticalCompany",
    "off": 22303,
    "sff": "China"
  },
  {
    "docID": "N010 Xia 2015 25641132",
    "et": "InjectionDelivery",
    "off": 7383,
    "sff": "injection"
  },
  {
    "docID": "N010 Xia 2015 25641132",
    "et": "SpinalLesionSite",
    "off": 2220,
    "sff": "spinal"
  },
  {
    "docID": "N010 Xia 2015 25641132",
    "et": "SpinalLesionSite",
    "off": 1581,
    "sff": "spinal"
  },
  {
    "docID": "N010 Xia 2015 25641132",
    "et": "SpinalLesionSite",
    "off": 24302,
    "sff": "spinal"
  },
  {
    "docID": "N010 Xia 2015 25641132",
    "et": "SpinalLesionSite",
    "off": 26479,
    "sff": "spinal"
  },
  {
    "docID": "N010 Xia 2015 25641132",
    "et": "SpinalLesionSite",
    "off": 7530,
    "sff": "Spinal"
  },
  {
    "docID": "N010 Xia 2015 25641132",
    "et": "SpinalLesionSite",
    "off": 22052,
    "sff": "spinal"
  },
  {
    "docID": "N010 Xia 2015 25641132",
    "et": "SpinalLesionSite",
    "off": 11111,
    "sff": "spinal"
  },
  {
    "docID": "N010 Xia 2015 25641132",
    "et": "SpinalLesionSite",
    "off": 4796,
    "sff": "spinal"
  },
  {
    "docID": "N010 Xia 2015 25641132",
    "et": "SpinalLesionSite",
    "off": 23932,
    "sff": "spinal"
  },
  {
    "docID": "N010 Xia 2015 25641132",
    "et": "SpinalLesionSite",
    "off": 26172,
    "sff": "spinal"
  },
  {
    "docID": "N010 Xia 2015 25641132",
    "et": "SpinalLesionSite",
    "off": 767,
    "sff": "spinal"
  },
  {
    "docID": "N010 Xia 2015 25641132",
    "et": "SpinalLesionSite",
    "off": 12418,
    "sff": "spinal"
  },
  {
    "docID": "N010 Xia 2015 25641132",
    "et": "SpinalLesionSite",
    "off": 10174,
    "sff": "Spinal"
  },
  {
    "docID": "N010 Xia 2015 25641132",
    "et": "SpinalLesionSite",
    "off": 23161,
    "sff": "spinal"
  },
  {
    "docID": "N010 Xia 2015 25641132",
    "et": "SpinalLesionSite",
    "off": 25017,
    "sff": "spinal"
  },
  {
    "docID": "N010 Xia 2015 25641132",
    "et": "SpinalLesionSite",
    "off": 8901,
    "sff": "Spinal"
  },
  {
    "docID": "N010 Xia 2015 25641132",
    "et": "SpinalLesionSite",
    "off": 26116,
    "sff": "Spinal"
  },
  {
    "docID": "N010 Xia 2015 25641132",
    "et": "SpinalLesionSite",
    "off": 13969,
    "sff": "spinal"
  },
  {
    "docID": "N010 Xia 2015 25641132",
    "et": "SpinalLesionSite",
    "off": 22915,
    "sff": "spinal"
  },
  {
    "docID": "N010 Xia 2015 25641132",
    "et": "SpinalLesionSite",
    "off": 23492,
    "sff": "spinal"
  },
  {
    "docID": "N010 Xia 2015 25641132",
    "et": "SpinalLesionSite",
    "off": 25220,
    "sff": "spinal"
  },
  {
    "docID": "N010 Xia 2015 25641132",
    "et": "SpinalLesionSite",
    "off": 1093,
    "sff": "spinal"
  },
  {
    "docID": "N010 Xia 2015 25641132",
    "et": "SpinalLesionSite",
    "off": 10313,
    "sff": "spinal"
  },
  {
    "docID": "N010 Xia 2015 25641132",
    "et": "SpinalLesionSite",
    "off": 18756,
    "sff": "lesion"
  },
  {
    "docID": "N010 Xia 2015 25641132",
    "et": "SpinalLesionSite",
    "off": 14364,
    "sff": "spinal"
  },
  {
    "docID": "N010 Xia 2015 25641132",
    "et": "SpinalLesionSite",
    "off": 23708,
    "sff": "spinal"
  },
  {
    "docID": "N010 Xia 2015 25641132",
    "et": "SpinalLesionSite",
    "off": 25373,
    "sff": "spinal"
  },
  {
    "docID": "N010 Xia 2015 25641132",
    "et": "SpinalLesionSite",
    "off": 10526,
    "sff": "spinal"
  },
  {
    "docID": "N010 Xia 2015 25641132",
    "et": "SpinalLesionSite",
    "off": 290,
    "sff": "spinal"
  },
  {
    "docID": "N010 Xia 2015 25641132",
    "et": "SpinalLesionSite",
    "off": 3222,
    "sff": "spinal"
  },
  {
    "docID": "N010 Xia 2015 25641132",
    "et": "SpinalLesionSite",
    "off": 5538,
    "sff": "Spinal"
  },
  {
    "docID": "N010 Xia 2015 25641132",
    "et": "SpinalLesionSite",
    "off": 22490,
    "sff": "spinal"
  },
  {
    "docID": "N010 Xia 2015 25641132",
    "et": "T9",
    "off": 6043,
    "sff": "T9"
  },
  {
    "docID": "N010 Xia 2015 25641132",
    "et": "AnimalSpecies",
    "off": 5637,
    "sff": "animal"
  },
  {
    "docID": "N010 Xia 2015 25641132",
    "et": "Saline",
    "off": 13915,
    "sff": "saline"
  },
  {
    "docID": "N010 Xia 2015 25641132",
    "et": "Saline",
    "off": 15947,
    "sff": "saline"
  },
  {
    "docID": "N010 Xia 2015 25641132",
    "et": "Saline",
    "off": 6424,
    "sff": "saline"
  },
  {
    "docID": "N010 Xia 2015 25641132",
    "et": "Saline",
    "off": 16869,
    "sff": "saline"
  },
  {
    "docID": "N010 Xia 2015 25641132",
    "et": "Saline",
    "off": 17397,
    "sff": "saline"
  },
  {
    "docID": "N010 Xia 2015 25641132",
    "et": "Saline",
    "off": 17187,
    "sff": "saline"
  },
  {
    "docID": "N010 Xia 2015 25641132",
    "et": "Saline",
    "off": 11184,
    "sff": "saline"
  },
  {
    "docID": "N010 Xia 2015 25641132",
    "et": "Saline",
    "off": 13534,
    "sff": "saline"
  },
  {
    "docID": "N010 Xia 2015 25641132",
    "et": "Saline",
    "off": 17518,
    "sff": "saline"
  },
  {
    "docID": "N010 Xia 2015 25641132",
    "et": "Right",
    "off": 6979,
    "sff": "right"
  },
  {
    "docID": "N010 Xia 2015 25641132",
    "et": "Intrathecal",
    "off": 6561,
    "sff": "intrathecal"
  },
  {
    "docID": "N010 Xia 2015 25641132",
    "et": "PBS",
    "off": 8176,
    "sff": "PBS"
  },
  {
    "docID": "N010 Xia 2015 25641132",
    "et": "SpinalCord",
    "off": 12418,
    "sff": "spinal cord"
  },
  {
    "docID": "N010 Xia 2015 25641132",
    "et": "SpinalCord",
    "off": 22915,
    "sff": "spinal cord"
  },
  {
    "docID": "N010 Xia 2015 25641132",
    "et": "SpinalCord",
    "off": 1093,
    "sff": "spinal cord"
  },
  {
    "docID": "N010 Xia 2015 25641132",
    "et": "SpinalCord",
    "off": 7530,
    "sff": "Spinal"
  },
  {
    "docID": "N010 Xia 2015 25641132",
    "et": "SpinalCord",
    "off": 11111,
    "sff": "spinal"
  },
  {
    "docID": "N010 Xia 2015 25641132",
    "et": "SpinalCord",
    "off": 23492,
    "sff": "spinal cord"
  },
  {
    "docID": "N010 Xia 2015 25641132",
    "et": "SpinalCord",
    "off": 25220,
    "sff": "spinal cord"
  },
  {
    "docID": "N010 Xia 2015 25641132",
    "et": "SpinalCord",
    "off": 23161,
    "sff": "spinal cord"
  },
  {
    "docID": "N010 Xia 2015 25641132",
    "et": "SpinalCord",
    "off": 25017,
    "sff": "spinal cord"
  },
  {
    "docID": "N010 Xia 2015 25641132",
    "et": "SpinalCord",
    "off": 4796,
    "sff": "spinal cord"
  },
  {
    "docID": "N010 Xia 2015 25641132",
    "et": "SpinalCord",
    "off": 14364,
    "sff": "spinal"
  },
  {
    "docID": "N010 Xia 2015 25641132",
    "et": "SpinalCord",
    "off": 767,
    "sff": "spinal cord"
  },
  {
    "docID": "N010 Xia 2015 25641132",
    "et": "SpinalCord",
    "off": 23932,
    "sff": "spinal cord"
  },
  {
    "docID": "N010 Xia 2015 25641132",
    "et": "SpinalCord",
    "off": 26172,
    "sff": "spinal cord"
  },
  {
    "docID": "N010 Xia 2015 25641132",
    "et": "SpinalCord",
    "off": 10174,
    "sff": "Spinal cord"
  },
  {
    "docID": "N010 Xia 2015 25641132",
    "et": "SpinalCord",
    "off": 1581,
    "sff": "spinal cord"
  },
  {
    "docID": "N010 Xia 2015 25641132",
    "et": "SpinalCord",
    "off": 24302,
    "sff": "spinal cord"
  },
  {
    "docID": "N010 Xia 2015 25641132",
    "et": "SpinalCord",
    "off": 2220,
    "sff": "spinal cord"
  },
  {
    "docID": "N010 Xia 2015 25641132",
    "et": "SpinalCord",
    "off": 26479,
    "sff": "spinal cord"
  },
  {
    "docID": "N010 Xia 2015 25641132",
    "et": "SpinalCord",
    "off": 26116,
    "sff": "Spinal"
  },
  {
    "docID": "N010 Xia 2015 25641132",
    "et": "SpinalCord",
    "off": 8901,
    "sff": "Spinal"
  },
  {
    "docID": "N010 Xia 2015 25641132",
    "et": "SpinalCord",
    "off": 290,
    "sff": "spinal cord"
  },
  {
    "docID": "N010 Xia 2015 25641132",
    "et": "SpinalCord",
    "off": 5538,
    "sff": "Spinal cord"
  },
  {
    "docID": "N010 Xia 2015 25641132",
    "et": "SpinalCord",
    "off": 22052,
    "sff": "spinal cord"
  },
  {
    "docID": "N010 Xia 2015 25641132",
    "et": "SpinalCord",
    "off": 22490,
    "sff": "spinal cord"
  },
  {
    "docID": "N010 Xia 2015 25641132",
    "et": "SpinalCord",
    "off": 10526,
    "sff": "spinal cord"
  },
  {
    "docID": "N010 Xia 2015 25641132",
    "et": "SpinalCord",
    "off": 23708,
    "sff": "spinal cord"
  },
  {
    "docID": "N010 Xia 2015 25641132",
    "et": "SpinalCord",
    "off": 25373,
    "sff": "spinal cord"
  },
  {
    "docID": "N010 Xia 2015 25641132",
    "et": "SpinalCord",
    "off": 13969,
    "sff": "spinal cord"
  },
  {
    "docID": "N010 Xia 2015 25641132",
    "et": "SpinalCord",
    "off": 3222,
    "sff": "spinal cord"
  },
  {
    "docID": "N010 Xia 2015 25641132",
    "et": "SpinalCord",
    "off": 10313,
    "sff": "spinal cord"
  },
  {
    "docID": "N010 Xia 2015 25641132",
    "et": "LesionAdjacentTissue",
    "off": 18756,
    "sff": "lesion"
  },
  {
    "docID": "N010 Xia 2015 25641132",
    "et": "CentralNervousSystem",
    "off": 9117,
    "sff": "central"
  },
  {
    "docID": "N010 Xia 2015 25641132",
    "et": "CentralNervousSystem",
    "off": 2268,
    "sff": "central nervous system"
  },
  {
    "docID": "N010 Xia 2015 25641132",
    "et": "CentralNervousSystem",
    "off": 10592,
    "sff": "central"
  },
  {
    "docID": "N010 Xia 2015 25641132",
    "et": "CentralNervousSystem",
    "off": 20448,
    "sff": "nervous"
  },
  {
    "docID": "N010 Xia 2015 25641132",
    "et": "CentralNervousSystem",
    "off": 25613,
    "sff": "central nervous system"
  },
  {
    "docID": "N010 Xia 2015 25641132",
    "et": "CentralNervousSystem",
    "off": 2105,
    "sff": "central nervous"
  },
  {
    "docID": "N010 Xia 2015 25641132",
    "et": "CentralNervousSystem",
    "off": 14532,
    "sff": "central"
  },
  {
    "docID": "N010 Xia 2015 25641132",
    "et": "CentralNervousSystem",
    "off": 25613,
    "sff": "central nervous"
  },
  {
    "docID": "N010 Xia 2015 25641132",
    "et": "CentralNervousSystem",
    "off": 2268,
    "sff": "central nervous"
  },
  {
    "docID": "N010 Xia 2015 25641132",
    "et": "CentralNervousSystem",
    "off": 10839,
    "sff": "central"
  },
  {
    "docID": "N010 Xia 2015 25641132",
    "et": "CentralNervousSystem",
    "off": 14282,
    "sff": "central"
  },
  {
    "docID": "N010 Xia 2015 25641132",
    "et": "CentralNervousSystem",
    "off": 2105,
    "sff": "central nervous system"
  },
  {
    "docID": "N010 Xia 2015 25641132",
    "et": "Matrix",
    "off": 2856,
    "sff": "matrix"
  },
  {
    "docID": "N010 Xia 2015 25641132",
    "et": "Matrix",
    "off": 19060,
    "sff": "matrix"
  },
  {
    "docID": "N010 Xia 2015 25641132",
    "et": "SpinalCentralPart",
    "off": 26479,
    "sff": "spinal"
  },
  {
    "docID": "N010 Xia 2015 25641132",
    "et": "SpinalCentralPart",
    "off": 24302,
    "sff": "spinal"
  },
  {
    "docID": "N010 Xia 2015 25641132",
    "et": "SpinalCentralPart",
    "off": 2220,
    "sff": "spinal"
  },
  {
    "docID": "N010 Xia 2015 25641132",
    "et": "SpinalCentralPart",
    "off": 1581,
    "sff": "spinal"
  },
  {
    "docID": "N010 Xia 2015 25641132",
    "et": "SpinalCentralPart",
    "off": 23161,
    "sff": "spinal"
  },
  {
    "docID": "N010 Xia 2015 25641132",
    "et": "SpinalCentralPart",
    "off": 25017,
    "sff": "spinal"
  },
  {
    "docID": "N010 Xia 2015 25641132",
    "et": "SpinalCentralPart",
    "off": 2105,
    "sff": "central"
  },
  {
    "docID": "N010 Xia 2015 25641132",
    "et": "SpinalCentralPart",
    "off": 290,
    "sff": "spinal"
  },
  {
    "docID": "N010 Xia 2015 25641132",
    "et": "SpinalCentralPart",
    "off": 10526,
    "sff": "spinal"
  },
  {
    "docID": "N010 Xia 2015 25641132",
    "et": "SpinalCentralPart",
    "off": 25373,
    "sff": "spinal"
  },
  {
    "docID": "N010 Xia 2015 25641132",
    "et": "SpinalCentralPart",
    "off": 5538,
    "sff": "Spinal"
  },
  {
    "docID": "N010 Xia 2015 25641132",
    "et": "SpinalCentralPart",
    "off": 14364,
    "sff": "spinal"
  },
  {
    "docID": "N010 Xia 2015 25641132",
    "et": "SpinalCentralPart",
    "off": 23708,
    "sff": "spinal"
  },
  {
    "docID": "N010 Xia 2015 25641132",
    "et": "SpinalCentralPart",
    "off": 25613,
    "sff": "central"
  },
  {
    "docID": "N010 Xia 2015 25641132",
    "et": "SpinalCentralPart",
    "off": 14282,
    "sff": "central"
  },
  {
    "docID": "N010 Xia 2015 25641132",
    "et": "SpinalCentralPart",
    "off": 11111,
    "sff": "spinal"
  },
  {
    "docID": "N010 Xia 2015 25641132",
    "et": "SpinalCentralPart",
    "off": 14532,
    "sff": "central"
  },
  {
    "docID": "N010 Xia 2015 25641132",
    "et": "SpinalCentralPart",
    "off": 7530,
    "sff": "Spinal"
  },
  {
    "docID": "N010 Xia 2015 25641132",
    "et": "SpinalCentralPart",
    "off": 22052,
    "sff": "spinal"
  },
  {
    "docID": "N010 Xia 2015 25641132",
    "et": "SpinalCentralPart",
    "off": 10592,
    "sff": "central"
  },
  {
    "docID": "N010 Xia 2015 25641132",
    "et": "SpinalCentralPart",
    "off": 13969,
    "sff": "spinal"
  },
  {
    "docID": "N010 Xia 2015 25641132",
    "et": "SpinalCentralPart",
    "off": 2268,
    "sff": "central"
  },
  {
    "docID": "N010 Xia 2015 25641132",
    "et": "SpinalCentralPart",
    "off": 9117,
    "sff": "central"
  },
  {
    "docID": "N010 Xia 2015 25641132",
    "et": "SpinalCentralPart",
    "off": 22490,
    "sff": "spinal"
  },
  {
    "docID": "N010 Xia 2015 25641132",
    "et": "SpinalCentralPart",
    "off": 3222,
    "sff": "spinal"
  },
  {
    "docID": "N010 Xia 2015 25641132",
    "et": "SpinalCentralPart",
    "off": 10839,
    "sff": "central"
  },
  {
    "docID": "N010 Xia 2015 25641132",
    "et": "SpinalCentralPart",
    "off": 22915,
    "sff": "spinal"
  },
  {
    "docID": "N010 Xia 2015 25641132",
    "et": "SpinalCentralPart",
    "off": 12418,
    "sff": "spinal"
  },
  {
    "docID": "N010 Xia 2015 25641132",
    "et": "SpinalCentralPart",
    "off": 10174,
    "sff": "Spinal"
  },
  {
    "docID": "N010 Xia 2015 25641132",
    "et": "SpinalCentralPart",
    "off": 767,
    "sff": "spinal"
  },
  {
    "docID": "N010 Xia 2015 25641132",
    "et": "SpinalCentralPart",
    "off": 4796,
    "sff": "spinal"
  },
  {
    "docID": "N010 Xia 2015 25641132",
    "et": "SpinalCentralPart",
    "off": 23932,
    "sff": "spinal"
  },
  {
    "docID": "N010 Xia 2015 25641132",
    "et": "SpinalCentralPart",
    "off": 26172,
    "sff": "spinal"
  },
  {
    "docID": "N010 Xia 2015 25641132",
    "et": "SpinalCentralPart",
    "off": 8901,
    "sff": "Spinal"
  },
  {
    "docID": "N010 Xia 2015 25641132",
    "et": "SpinalCentralPart",
    "off": 26116,
    "sff": "Spinal"
  },
  {
    "docID": "N010 Xia 2015 25641132",
    "et": "SpinalCentralPart",
    "off": 10313,
    "sff": "spinal"
  },
  {
    "docID": "N010 Xia 2015 25641132",
    "et": "SpinalCentralPart",
    "off": 1093,
    "sff": "spinal"
  },
  {
    "docID": "N010 Xia 2015 25641132",
    "et": "SpinalCentralPart",
    "off": 23492,
    "sff": "spinal"
  },
  {
    "docID": "N010 Xia 2015 25641132",
    "et": "SpinalCentralPart",
    "off": 25220,
    "sff": "spinal"
  },
  {
    "docID": "N010 Xia 2015 25641132",
    "et": "PhysicalTreatment",
    "off": 21529,
    "sff": "physical"
  },
  {
    "docID": "N010 Xia 2015 25641132",
    "et": "PhysicalTreatment",
    "off": 1904,
    "sff": "physical"
  },
  {
    "docID": "N010 Xia 2015 25641132",
    "et": "PhysicalTreatment",
    "off": 18818,
    "sff": "physical"
  },
  {
    "docID": "N010 Xia 2015 25641132",
    "et": "PhysicalTreatment",
    "off": 4518,
    "sff": "physical"
  },
  {
    "docID": "N010 Xia 2015 25641132",
    "et": "DNA",
    "off": 23008,
    "sff": "DNA"
  },
  {
    "docID": "N010 Xia 2015 25641132",
    "et": "SpinalWhiteMatter",
    "off": 1581,
    "sff": "spinal"
  },
  {
    "docID": "N010 Xia 2015 25641132",
    "et": "SpinalWhiteMatter",
    "off": 2220,
    "sff": "spinal"
  },
  {
    "docID": "N010 Xia 2015 25641132",
    "et": "SpinalWhiteMatter",
    "off": 7530,
    "sff": "Spinal"
  },
  {
    "docID": "N010 Xia 2015 25641132",
    "et": "SpinalWhiteMatter",
    "off": 11111,
    "sff": "spinal"
  },
  {
    "docID": "N010 Xia 2015 25641132",
    "et": "SpinalWhiteMatter",
    "off": 22052,
    "sff": "spinal"
  },
  {
    "docID": "N010 Xia 2015 25641132",
    "et": "SpinalWhiteMatter",
    "off": 290,
    "sff": "spinal"
  },
  {
    "docID": "N010 Xia 2015 25641132",
    "et": "SpinalWhiteMatter",
    "off": 5538,
    "sff": "Spinal"
  },
  {
    "docID": "N010 Xia 2015 25641132",
    "et": "SpinalWhiteMatter",
    "off": 10526,
    "sff": "spinal"
  },
  {
    "docID": "N010 Xia 2015 25641132",
    "et": "SpinalWhiteMatter",
    "off": 4796,
    "sff": "spinal"
  },
  {
    "docID": "N010 Xia 2015 25641132",
    "et": "SpinalWhiteMatter",
    "off": 23932,
    "sff": "spinal"
  },
  {
    "docID": "N010 Xia 2015 25641132",
    "et": "SpinalWhiteMatter",
    "off": 26172,
    "sff": "spinal"
  },
  {
    "docID": "N010 Xia 2015 25641132",
    "et": "SpinalWhiteMatter",
    "off": 23161,
    "sff": "spinal"
  },
  {
    "docID": "N010 Xia 2015 25641132",
    "et": "SpinalWhiteMatter",
    "off": 25017,
    "sff": "spinal"
  },
  {
    "docID": "N010 Xia 2015 25641132",
    "et": "SpinalWhiteMatter",
    "off": 22460,
    "sff": "white"
  },
  {
    "docID": "N010 Xia 2015 25641132",
    "et": "SpinalWhiteMatter",
    "off": 26479,
    "sff": "spinal"
  },
  {
    "docID": "N010 Xia 2015 25641132",
    "et": "SpinalWhiteMatter",
    "off": 24302,
    "sff": "spinal"
  },
  {
    "docID": "N010 Xia 2015 25641132",
    "et": "SpinalWhiteMatter",
    "off": 10313,
    "sff": "spinal"
  },
  {
    "docID": "N010 Xia 2015 25641132",
    "et": "SpinalWhiteMatter",
    "off": 1093,
    "sff": "spinal"
  },
  {
    "docID": "N010 Xia 2015 25641132",
    "et": "SpinalWhiteMatter",
    "off": 10174,
    "sff": "Spinal"
  },
  {
    "docID": "N010 Xia 2015 25641132",
    "et": "SpinalWhiteMatter",
    "off": 23492,
    "sff": "spinal"
  },
  {
    "docID": "N010 Xia 2015 25641132",
    "et": "SpinalWhiteMatter",
    "off": 25220,
    "sff": "spinal"
  },
  {
    "docID": "N010 Xia 2015 25641132",
    "et": "SpinalWhiteMatter",
    "off": 22915,
    "sff": "spinal"
  },
  {
    "docID": "N010 Xia 2015 25641132",
    "et": "SpinalWhiteMatter",
    "off": 12418,
    "sff": "spinal"
  },
  {
    "docID": "N010 Xia 2015 25641132",
    "et": "SpinalWhiteMatter",
    "off": 26116,
    "sff": "Spinal"
  },
  {
    "docID": "N010 Xia 2015 25641132",
    "et": "SpinalWhiteMatter",
    "off": 767,
    "sff": "spinal"
  },
  {
    "docID": "N010 Xia 2015 25641132",
    "et": "SpinalWhiteMatter",
    "off": 8901,
    "sff": "Spinal"
  },
  {
    "docID": "N010 Xia 2015 25641132",
    "et": "SpinalWhiteMatter",
    "off": 25373,
    "sff": "spinal"
  },
  {
    "docID": "N010 Xia 2015 25641132",
    "et": "SpinalWhiteMatter",
    "off": 14364,
    "sff": "spinal"
  },
  {
    "docID": "N010 Xia 2015 25641132",
    "et": "SpinalWhiteMatter",
    "off": 23708,
    "sff": "spinal"
  },
  {
    "docID": "N010 Xia 2015 25641132",
    "et": "SpinalWhiteMatter",
    "off": 22490,
    "sff": "spinal"
  },
  {
    "docID": "N010 Xia 2015 25641132",
    "et": "SpinalWhiteMatter",
    "off": 22460,
    "sff": "white matter"
  },
  {
    "docID": "N010 Xia 2015 25641132",
    "et": "SpinalWhiteMatter",
    "off": 3222,
    "sff": "spinal"
  },
  {
    "docID": "N010 Xia 2015 25641132",
    "et": "SpinalWhiteMatter",
    "off": 13969,
    "sff": "spinal"
  },
  {
    "docID": "N010 Xia 2015 25641132",
    "et": "Catheter",
    "off": 6661,
    "sff": "catheter"
  },
  {
    "docID": "N010 Xia 2015 25641132",
    "et": "Catheter",
    "off": 5983,
    "sff": "catheter"
  },
  {
    "docID": "N010 Xia 2015 25641132",
    "et": "PhysicalImplantTreatment",
    "off": 18818,
    "sff": "physical"
  },
  {
    "docID": "N010 Xia 2015 25641132",
    "et": "PhysicalImplantTreatment",
    "off": 1904,
    "sff": "physical"
  },
  {
    "docID": "N010 Xia 2015 25641132",
    "et": "PhysicalImplantTreatment",
    "off": 4518,
    "sff": "physical"
  },
  {
    "docID": "N010 Xia 2015 25641132",
    "et": "PhysicalImplantTreatment",
    "off": 21529,
    "sff": "physical"
  },
  {
    "docID": "N010 Xia 2015 25641132",
    "et": "MethylprednisoloneMP",
    "off": 24959,
    "sff": "methylprednisolone"
  },
  {
    "docID": "N010 Xia 2015 25641132",
    "et": "Antibody",
    "off": 8227,
    "sff": "antibody"
  },
  {
    "docID": "N010 Xia 2015 25641132",
    "et": "Antibody",
    "off": 8653,
    "sff": "antibody"
  },
  {
    "docID": "N010 Xia 2015 25641132",
    "et": "Antibody",
    "off": 8572,
    "sff": "antibody"
  },
  {
    "docID": "N010 Xia 2015 25641132",
    "et": "UmbilicalCordBloodStemCell",
    "off": 5877,
    "sff": "cord"
  },
  {
    "docID": "N010 Xia 2015 25641132",
    "et": "UmbilicalCordBloodStemCell",
    "off": 24309,
    "sff": "cord"
  },
  {
    "docID": "N010 Xia 2015 25641132",
    "et": "UmbilicalCordBloodStemCell",
    "off": 26486,
    "sff": "cord"
  },
  {
    "docID": "N010 Xia 2015 25641132",
    "et": "UmbilicalCordBloodStemCell",
    "off": 5944,
    "sff": "cord"
  },
  {
    "docID": "N010 Xia 2015 25641132",
    "et": "UmbilicalCordBloodStemCell",
    "off": 15170,
    "sff": "cord"
  },
  {
    "docID": "N010 Xia 2015 25641132",
    "et": "UmbilicalCordBloodStemCell",
    "off": 4803,
    "sff": "cord"
  },
  {
    "docID": "N010 Xia 2015 25641132",
    "et": "UmbilicalCordBloodStemCell",
    "off": 23939,
    "sff": "cord"
  },
  {
    "docID": "N010 Xia 2015 25641132",
    "et": "UmbilicalCordBloodStemCell",
    "off": 26179,
    "sff": "cord"
  },
  {
    "docID": "N010 Xia 2015 25641132",
    "et": "UmbilicalCordBloodStemCell",
    "off": 23168,
    "sff": "cord"
  },
  {
    "docID": "N010 Xia 2015 25641132",
    "et": "UmbilicalCordBloodStemCell",
    "off": 25024,
    "sff": "cord"
  },
  {
    "docID": "N010 Xia 2015 25641132",
    "et": "UmbilicalCordBloodStemCell",
    "off": 297,
    "sff": "cord"
  },
  {
    "docID": "N010 Xia 2015 25641132",
    "et": "UmbilicalCordBloodStemCell",
    "off": 5545,
    "sff": "cord"
  },
  {
    "docID": "N010 Xia 2015 25641132",
    "et": "UmbilicalCordBloodStemCell",
    "off": 22059,
    "sff": "cord"
  },
  {
    "docID": "N010 Xia 2015 25641132",
    "et": "UmbilicalCordBloodStemCell",
    "off": 10533,
    "sff": "cord"
  },
  {
    "docID": "N010 Xia 2015 25641132",
    "et": "UmbilicalCordBloodStemCell",
    "off": 2227,
    "sff": "cord"
  },
  {
    "docID": "N010 Xia 2015 25641132",
    "et": "UmbilicalCordBloodStemCell",
    "off": 1588,
    "sff": "cord"
  },
  {
    "docID": "N010 Xia 2015 25641132",
    "et": "UmbilicalCordBloodStemCell",
    "off": 13976,
    "sff": "cord"
  },
  {
    "docID": "N010 Xia 2015 25641132",
    "et": "UmbilicalCordBloodStemCell",
    "off": 22497,
    "sff": "cord"
  },
  {
    "docID": "N010 Xia 2015 25641132",
    "et": "UmbilicalCordBloodStemCell",
    "off": 23715,
    "sff": "cord"
  },
  {
    "docID": "N010 Xia 2015 25641132",
    "et": "UmbilicalCordBloodStemCell",
    "off": 25380,
    "sff": "cord"
  },
  {
    "docID": "N010 Xia 2015 25641132",
    "et": "UmbilicalCordBloodStemCell",
    "off": 3229,
    "sff": "cord"
  },
  {
    "docID": "N010 Xia 2015 25641132",
    "et": "UmbilicalCordBloodStemCell",
    "off": 12425,
    "sff": "cord"
  },
  {
    "docID": "N010 Xia 2015 25641132",
    "et": "UmbilicalCordBloodStemCell",
    "off": 22922,
    "sff": "cord"
  },
  {
    "docID": "N010 Xia 2015 25641132",
    "et": "UmbilicalCordBloodStemCell",
    "off": 23499,
    "sff": "cord"
  },
  {
    "docID": "N010 Xia 2015 25641132",
    "et": "UmbilicalCordBloodStemCell",
    "off": 25227,
    "sff": "cord"
  },
  {
    "docID": "N010 Xia 2015 25641132",
    "et": "UmbilicalCordBloodStemCell",
    "off": 1100,
    "sff": "cord"
  },
  {
    "docID": "N010 Xia 2015 25641132",
    "et": "UmbilicalCordBloodStemCell",
    "off": 10181,
    "sff": "cord"
  },
  {
    "docID": "N010 Xia 2015 25641132",
    "et": "UmbilicalCordBloodStemCell",
    "off": 774,
    "sff": "cord"
  },
  {
    "docID": "N010 Xia 2015 25641132",
    "et": "UmbilicalCordBloodStemCell",
    "off": 10320,
    "sff": "cord"
  },
  {
    "docID": "N010 Xia 2015 25641132",
    "et": "Protein",
    "off": 1479,
    "sff": "protein"
  },
  {
    "docID": "N010 Xia 2015 25641132",
    "et": "Protein",
    "off": 3575,
    "sff": "protein"
  },
  {
    "docID": "N010 Xia 2015 25641132",
    "et": "Protein",
    "off": 24554,
    "sff": "protein"
  },
  {
    "docID": "N010 Xia 2015 25641132",
    "et": "Protein",
    "off": 3508,
    "sff": "protein"
  },
  {
    "docID": "N010 Xia 2015 25641132",
    "et": "Protein",
    "off": 3010,
    "sff": "protein"
  },
  {
    "docID": "N010 Xia 2015 25641132",
    "et": "GlialCell",
    "off": 24253,
    "sff": "glial"
  },
  {
    "docID": "N010 Xia 2015 25641132",
    "et": "GlialCell",
    "off": 18105,
    "sff": "glial"
  },
  {
    "docID": "N010 Xia 2015 25641132",
    "et": "GlialCell",
    "off": 1989,
    "sff": "glial"
  },
  {
    "docID": "N010 Xia 2015 25641132",
    "et": "GlialCell",
    "off": 2883,
    "sff": "glial"
  },
  {
    "docID": "N010 Xia 2015 25641132",
    "et": "GlialCell",
    "off": 15362,
    "sff": "glial"
  },
  {
    "docID": "N010 Xia 2015 25641132",
    "et": "GlialCell",
    "off": 3895,
    "sff": "Glial"
  },
  {
    "docID": "N010 Xia 2015 25641132",
    "et": "GlialCell",
    "off": 23436,
    "sff": "glial"
  },
  {
    "docID": "N010 Xia 2015 25641132",
    "et": "GlialCell",
    "off": 21577,
    "sff": "glial"
  },
  {
    "docID": "N010 Xia 2015 25641132",
    "et": "GlialCell",
    "off": 4299,
    "sff": "glial"
  },
  {
    "docID": "N010 Xia 2015 25641132",
    "et": "GlialCell",
    "off": 3925,
    "sff": "glial"
  },
  {
    "docID": "N010 Xia 2015 25641132",
    "et": "GlialCell",
    "off": 18260,
    "sff": "glial"
  },
  {
    "docID": "N010 Xia 2015 25641132",
    "et": "GlialCell",
    "off": 1559,
    "sff": "glial"
  },
  {
    "docID": "N010 Xia 2015 25641132",
    "et": "GlialCell",
    "off": 3344,
    "sff": "glial"
  },
  {
    "docID": "N010 Xia 2015 25641132",
    "et": "GlialCell",
    "off": 2387,
    "sff": "glial"
  },
  {
    "docID": "N010 Xia 2015 25641132",
    "et": "GlialCell",
    "off": 23059,
    "sff": "glial"
  },
  {
    "docID": "N010 Xia 2015 25641132",
    "et": "GlialCell",
    "off": 24530,
    "sff": "glial"
  },
  {
    "docID": "N010 Xia 2015 25641132",
    "et": "GlialCell",
    "off": 3484,
    "sff": "glial"
  },
  {
    "docID": "N010 Xia 2015 25641132",
    "et": "GlialCell",
    "off": 17698,
    "sff": "Glial"
  },
  {
    "docID": "N010 Xia 2015 25641132",
    "et": "GlialCell",
    "off": 20889,
    "sff": "glial"
  },
  {
    "docID": "N010 Xia 2015 25641132",
    "et": "GlialCell",
    "off": 1048,
    "sff": "glial"
  },
  {
    "docID": "N010 Xia 2015 25641132",
    "et": "GlialCell",
    "off": 4568,
    "sff": "glial"
  },
  {
    "docID": "N010 Xia 2015 25641132",
    "et": "GlialCell",
    "off": 4760,
    "sff": "glial"
  },
  {
    "docID": "N010 Xia 2015 25641132",
    "et": "GlialCell",
    "off": 21723,
    "sff": "glial"
  },
  {
    "docID": "N010 Xia 2015 25641132",
    "et": "GlialCell",
    "off": 26458,
    "sff": "glial"
  },
  {
    "docID": "N010 Xia 2015 25641132",
    "et": "GlialCell",
    "off": 11685,
    "sff": "glial"
  },
  {
    "docID": "N010 Xia 2015 25641132",
    "et": "GlialCell",
    "off": 3876,
    "sff": "glial"
  },
  {
    "docID": "N010 Xia 2015 25641132",
    "et": "GlialCell",
    "off": 14628,
    "sff": "glial"
  },
  {
    "docID": "N010 Xia 2015 25641132",
    "et": "GlialCell",
    "off": 20387,
    "sff": "glial"
  },
  {
    "docID": "N010 Xia 2015 25641132",
    "et": "GlialCell",
    "off": 21423,
    "sff": "glial"
  },
  {
    "docID": "N010 Xia 2015 25641132",
    "et": "GlialCell",
    "off": 21161,
    "sff": "glial"
  },
  {
    "docID": "N010 Xia 2015 25641132",
    "et": "GlialCell",
    "off": 11560,
    "sff": "glial"
  },
  {
    "docID": "N010 Xia 2015 25641132",
    "et": "GlialCell",
    "off": 2091,
    "sff": "glial"
  },
  {
    "docID": "N010 Xia 2015 25641132",
    "et": "InfusionDelivery",
    "off": 1606,
    "sff": "infusion"
  },
  {
    "docID": "N010 Xia 2015 25641132",
    "et": "SpinalGrayMatter",
    "off": 3222,
    "sff": "spinal"
  },
  {
    "docID": "N010 Xia 2015 25641132",
    "et": "SpinalGrayMatter",
    "off": 15616,
    "sff": "gray matter"
  },
  {
    "docID": "N010 Xia 2015 25641132",
    "et": "SpinalGrayMatter",
    "off": 22490,
    "sff": "spinal"
  },
  {
    "docID": "N010 Xia 2015 25641132",
    "et": "SpinalGrayMatter",
    "off": 8901,
    "sff": "Spinal"
  },
  {
    "docID": "N010 Xia 2015 25641132",
    "et": "SpinalGrayMatter",
    "off": 26116,
    "sff": "Spinal"
  },
  {
    "docID": "N010 Xia 2015 25641132",
    "et": "SpinalGrayMatter",
    "off": 14364,
    "sff": "spinal"
  },
  {
    "docID": "N010 Xia 2015 25641132",
    "et": "SpinalGrayMatter",
    "off": 15616,
    "sff": "gray"
  },
  {
    "docID": "N010 Xia 2015 25641132",
    "et": "SpinalGrayMatter",
    "off": 23708,
    "sff": "spinal"
  },
  {
    "docID": "N010 Xia 2015 25641132",
    "et": "SpinalGrayMatter",
    "off": 25373,
    "sff": "spinal"
  },
  {
    "docID": "N010 Xia 2015 25641132",
    "et": "SpinalGrayMatter",
    "off": 10526,
    "sff": "spinal"
  },
  {
    "docID": "N010 Xia 2015 25641132",
    "et": "SpinalGrayMatter",
    "off": 290,
    "sff": "spinal"
  },
  {
    "docID": "N010 Xia 2015 25641132",
    "et": "SpinalGrayMatter",
    "off": 15462,
    "sff": "gray matter"
  },
  {
    "docID": "N010 Xia 2015 25641132",
    "et": "SpinalGrayMatter",
    "off": 22052,
    "sff": "spinal"
  },
  {
    "docID": "N010 Xia 2015 25641132",
    "et": "SpinalGrayMatter",
    "off": 11111,
    "sff": "spinal"
  },
  {
    "docID": "N010 Xia 2015 25641132",
    "et": "SpinalGrayMatter",
    "off": 10174,
    "sff": "Spinal"
  },
  {
    "docID": "N010 Xia 2015 25641132",
    "et": "SpinalGrayMatter",
    "off": 2220,
    "sff": "spinal"
  },
  {
    "docID": "N010 Xia 2015 25641132",
    "et": "SpinalGrayMatter",
    "off": 1581,
    "sff": "spinal"
  },
  {
    "docID": "N010 Xia 2015 25641132",
    "et": "SpinalGrayMatter",
    "off": 24302,
    "sff": "spinal"
  },
  {
    "docID": "N010 Xia 2015 25641132",
    "et": "SpinalGrayMatter",
    "off": 26479,
    "sff": "spinal"
  },
  {
    "docID": "N010 Xia 2015 25641132",
    "et": "SpinalGrayMatter",
    "off": 7530,
    "sff": "Spinal"
  },
  {
    "docID": "N010 Xia 2015 25641132",
    "et": "SpinalGrayMatter",
    "off": 15462,
    "sff": "gray"
  },
  {
    "docID": "N010 Xia 2015 25641132",
    "et": "SpinalGrayMatter",
    "off": 23161,
    "sff": "spinal"
  },
  {
    "docID": "N010 Xia 2015 25641132",
    "et": "SpinalGrayMatter",
    "off": 25017,
    "sff": "spinal"
  },
  {
    "docID": "N010 Xia 2015 25641132",
    "et": "SpinalGrayMatter",
    "off": 4796,
    "sff": "spinal"
  },
  {
    "docID": "N010 Xia 2015 25641132",
    "et": "SpinalGrayMatter",
    "off": 5538,
    "sff": "Spinal"
  },
  {
    "docID": "N010 Xia 2015 25641132",
    "et": "SpinalGrayMatter",
    "off": 23932,
    "sff": "spinal"
  },
  {
    "docID": "N010 Xia 2015 25641132",
    "et": "SpinalGrayMatter",
    "off": 26172,
    "sff": "spinal"
  },
  {
    "docID": "N010 Xia 2015 25641132",
    "et": "SpinalGrayMatter",
    "off": 767,
    "sff": "spinal"
  },
  {
    "docID": "N010 Xia 2015 25641132",
    "et": "SpinalGrayMatter",
    "off": 12418,
    "sff": "spinal"
  },
  {
    "docID": "N010 Xia 2015 25641132",
    "et": "SpinalGrayMatter",
    "off": 22915,
    "sff": "spinal"
  },
  {
    "docID": "N010 Xia 2015 25641132",
    "et": "SpinalGrayMatter",
    "off": 23492,
    "sff": "spinal"
  },
  {
    "docID": "N010 Xia 2015 25641132",
    "et": "SpinalGrayMatter",
    "off": 25220,
    "sff": "spinal"
  },
  {
    "docID": "N010 Xia 2015 25641132",
    "et": "SpinalGrayMatter",
    "off": 1093,
    "sff": "spinal"
  },
  {
    "docID": "N010 Xia 2015 25641132",
    "et": "SpinalGrayMatter",
    "off": 10313,
    "sff": "spinal"
  },
  {
    "docID": "N010 Xia 2015 25641132",
    "et": "SpinalGrayMatter",
    "off": 13969,
    "sff": "spinal"
  },
  {
    "docID": "N010 Xia 2015 25641132",
    "et": "VimentinAntiSenseDNA",
    "off": 182,
    "sff": "vimentin"
  },
  {
    "docID": "N010 Xia 2015 25641132",
    "et": "VimentinAntiSenseDNA",
    "off": 6455,
    "sff": "vimentin"
  },
  {
    "docID": "N010 Xia 2015 25641132",
    "et": "VimentinAntiSenseDNA",
    "off": 5139,
    "sff": "antisense"
  },
  {
    "docID": "N010 Xia 2015 25641132",
    "et": "VimentinAntiSenseDNA",
    "off": 6264,
    "sff": "vimentin"
  },
  {
    "docID": "N010 Xia 2015 25641132",
    "et": "VimentinAntiSenseDNA",
    "off": 20591,
    "sff": "vimentin antisense"
  },
  {
    "docID": "N010 Xia 2015 25641132",
    "et": "VimentinAntiSenseDNA",
    "off": 24566,
    "sff": "vimentin"
  },
  {
    "docID": "N010 Xia 2015 25641132",
    "et": "VimentinAntiSenseDNA",
    "off": 5233,
    "sff": "vimentin"
  },
  {
    "docID": "N010 Xia 2015 25641132",
    "et": "VimentinAntiSenseDNA",
    "off": 1628,
    "sff": "antisense"
  },
  {
    "docID": "N010 Xia 2015 25641132",
    "et": "VimentinAntiSenseDNA",
    "off": 20784,
    "sff": "vimentin"
  },
  {
    "docID": "N010 Xia 2015 25641132",
    "et": "VimentinAntiSenseDNA",
    "off": 4013,
    "sff": "vimentin"
  },
  {
    "docID": "N010 Xia 2015 25641132",
    "et": "VimentinAntiSenseDNA",
    "off": 22572,
    "sff": "vimentin"
  },
  {
    "docID": "N010 Xia 2015 25641132",
    "et": "VimentinAntiSenseDNA",
    "off": 782,
    "sff": "Antisense"
  },
  {
    "docID": "N010 Xia 2015 25641132",
    "et": "VimentinAntiSenseDNA",
    "off": 1638,
    "sff": "vimentin"
  },
  {
    "docID": "N010 Xia 2015 25641132",
    "et": "VimentinAntiSenseDNA",
    "off": 20643,
    "sff": "vimentin"
  },
  {
    "docID": "N010 Xia 2015 25641132",
    "et": "VimentinAntiSenseDNA",
    "off": 5474,
    "sff": "vimentin"
  },
  {
    "docID": "N010 Xia 2015 25641132",
    "et": "VimentinAntiSenseDNA",
    "off": 900,
    "sff": "Antisense"
  },
  {
    "docID": "N010 Xia 2015 25641132",
    "et": "VimentinAntiSenseDNA",
    "off": 5149,
    "sff": "vimentin"
  },
  {
    "docID": "N010 Xia 2015 25641132",
    "et": "VimentinAntiSenseDNA",
    "off": 8027,
    "sff": "vimentin"
  },
  {
    "docID": "N010 Xia 2015 25641132",
    "et": "VimentinAntiSenseDNA",
    "off": 792,
    "sff": "vimentin"
  },
  {
    "docID": "N010 Xia 2015 25641132",
    "et": "VimentinAntiSenseDNA",
    "off": 24188,
    "sff": "Antisense"
  },
  {
    "docID": "N010 Xia 2015 25641132",
    "et": "VimentinAntiSenseDNA",
    "off": 5050,
    "sff": "antisense"
  },
  {
    "docID": "N010 Xia 2015 25641132",
    "et": "VimentinAntiSenseDNA",
    "off": 910,
    "sff": "vimentin"
  },
  {
    "docID": "N010 Xia 2015 25641132",
    "et": "VimentinAntiSenseDNA",
    "off": 13878,
    "sff": "Antisense"
  },
  {
    "docID": "N010 Xia 2015 25641132",
    "et": "VimentinAntiSenseDNA",
    "off": 4734,
    "sff": "antisense"
  },
  {
    "docID": "N010 Xia 2015 25641132",
    "et": "VimentinAntiSenseDNA",
    "off": 1487,
    "sff": "vimentin"
  },
  {
    "docID": "N010 Xia 2015 25641132",
    "et": "VimentinAntiSenseDNA",
    "off": 3740,
    "sff": "vimentin antisense"
  },
  {
    "docID": "N010 Xia 2015 25641132",
    "et": "VimentinAntiSenseDNA",
    "off": 3527,
    "sff": "vimentin"
  },
  {
    "docID": "N010 Xia 2015 25641132",
    "et": "VimentinAntiSenseDNA",
    "off": 4744,
    "sff": "vimentin"
  },
  {
    "docID": "N010 Xia 2015 25641132",
    "et": "VimentinAntiSenseDNA",
    "off": 172,
    "sff": "Antisense"
  },
  {
    "docID": "N010 Xia 2015 25641132",
    "et": "VimentinAntiSenseDNA",
    "off": 24198,
    "sff": "vimentin"
  },
  {
    "docID": "N010 Xia 2015 25641132",
    "et": "VimentinAntiSenseDNA",
    "off": 5060,
    "sff": "vimentin"
  },
  {
    "docID": "N010 Xia 2015 25641132",
    "et": "VimentinAntiSenseDNA",
    "off": 3537,
    "sff": "Vimentin"
  },
  {
    "docID": "N010 Xia 2015 25641132",
    "et": "VimentinAntiSenseDNA",
    "off": 13888,
    "sff": "vimentin"
  },
  {
    "docID": "N010 Xia 2015 25641132",
    "et": "VimentinAntiSenseDNA",
    "off": 6254,
    "sff": "antisense"
  },
  {
    "docID": "N010 Xia 2015 25641132",
    "et": "VimentinAntiSenseDNA",
    "off": 3772,
    "sff": "vimentin"
  },
  {
    "docID": "N010 Xia 2015 25641132",
    "et": "RatSpecies",
    "off": 25013,
    "sff": "rat"
  },
  {
    "docID": "N010 Xia 2015 25641132",
    "et": "RatSpecies",
    "off": 22486,
    "sff": "rat"
  },
  {
    "docID": "N010 Xia 2015 25641132",
    "et": "RatSpecies",
    "off": 9617,
    "sff": "rat"
  },
  {
    "docID": "N010 Xia 2015 25641132",
    "et": "RatSpecies",
    "off": 4792,
    "sff": "rat"
  },
  {
    "docID": "N010 Xia 2015 25641132",
    "et": "RatSpecies",
    "off": 23928,
    "sff": "rat"
  },
  {
    "docID": "N010 Xia 2015 25641132",
    "et": "RatSpecies",
    "off": 24763,
    "sff": "rat"
  },
  {
    "docID": "N010 Xia 2015 25641132",
    "et": "Caudal",
    "off": 6029,
    "sff": "caudal"
  },
  {
    "docID": "N010 Xia 2015 25641132",
    "et": "Caudal",
    "off": 15175,
    "sff": "caudal"
  },
  {
    "docID": "N010 Xia 2015 25641132",
    "et": "Caudal",
    "off": 11471,
    "sff": "caudal"
  },
  {
    "docID": "N010 Xia 2015 25641132",
    "et": "Caudal",
    "off": 20828,
    "sff": "caudal"
  },
  {
    "docID": "N010 Xia 2015 25641132",
    "et": "Enzyme",
    "off": 23012,
    "sff": "enzyme"
  },
  {
    "docID": "N010 Xia 2015 25641132",
    "et": "NewZealandRabbit",
    "off": 5295,
    "sff": "New"
  },
  {
    "docID": "N010 Xia 2015 25641132",
    "et": "NewZealandRabbit",
    "off": 22110,
    "sff": "new"
  },
  {
    "docID": "N010 Xia 2015 25641132",
    "et": "SigmaAldrich",
    "off": 6134,
    "sff": "Sigma"
  },
  {
    "docID": "N010 Xia 2015 25641132",
    "et": "T10",
    "off": 6047,
    "sff": "T10"
  },
  {
    "docID": "N010 Xia 2015 25641132",
    "et": "StemCellSourceType",
    "off": 19055,
    "sff": "cell"
  },
  {
    "docID": "N010 Xia 2015 25641132",
    "et": "StemCellSourceType",
    "off": 5369,
    "sff": "cell"
  },
  {
    "docID": "N010 Xia 2015 25641132",
    "et": "InVitroExperimentalProcedure",
    "off": 19431,
    "sff": "vitro"
  },
  {
    "docID": "N010 Xia 2015 25641132",
    "et": "InVitroExperimentalProcedure",
    "off": 26439,
    "sff": "vitro"
  },
  {
    "docID": "N010 Xia 2015 25641132",
    "et": "InVitroExperimentalProcedure",
    "off": 3827,
    "sff": "vitro"
  },
  {
    "docID": "N010 Xia 2015 25641132",
    "et": "InVitroExperimentalProcedure",
    "off": 22605,
    "sff": "vitro"
  },
  {
    "docID": "N010 Xia 2015 25641132",
    "et": "AntiNogoAAntibody",
    "off": 24990,
    "sff": "Nogo"
  },
  {
    "docID": "N010 Xia 2015 25641132",
    "et": "LongEvansRat",
    "off": 17780,
    "sff": "long"
  },
  {
    "docID": "N010 Xia 2015 25641132",
    "et": "Cell",
    "off": 5369,
    "sff": "cell"
  },
  {
    "docID": "N010 Xia 2015 25641132",
    "et": "Cell",
    "off": 19055,
    "sff": "cell"
  },
  {
    "docID": "N010 Xia 2015 25641132",
    "et": "SpinalDorsalHalf",
    "off": 3222,
    "sff": "spinal"
  },
  {
    "docID": "N010 Xia 2015 25641132",
    "et": "SpinalDorsalHalf",
    "off": 13969,
    "sff": "spinal"
  },
  {
    "docID": "N010 Xia 2015 25641132",
    "et": "SpinalDorsalHalf",
    "off": 9168,
    "sff": "dorsal"
  },
  {
    "docID": "N010 Xia 2015 25641132",
    "et": "SpinalDorsalHalf",
    "off": 10578,
    "sff": "dorsal"
  },
  {
    "docID": "N010 Xia 2015 25641132",
    "et": "SpinalDorsalHalf",
    "off": 14738,
    "sff": "dorsal"
  },
  {
    "docID": "N010 Xia 2015 25641132",
    "et": "SpinalDorsalHalf",
    "off": 10387,
    "sff": "dorsal"
  },
  {
    "docID": "N010 Xia 2015 25641132",
    "et": "SpinalDorsalHalf",
    "off": 10313,
    "sff": "spinal"
  },
  {
    "docID": "N010 Xia 2015 25641132",
    "et": "SpinalDorsalHalf",
    "off": 15317,
    "sff": "dorsal"
  },
  {
    "docID": "N010 Xia 2015 25641132",
    "et": "SpinalDorsalHalf",
    "off": 23492,
    "sff": "spinal"
  },
  {
    "docID": "N010 Xia 2015 25641132",
    "et": "SpinalDorsalHalf",
    "off": 25220,
    "sff": "spinal"
  },
  {
    "docID": "N010 Xia 2015 25641132",
    "et": "SpinalDorsalHalf",
    "off": 1093,
    "sff": "spinal"
  },
  {
    "docID": "N010 Xia 2015 25641132",
    "et": "SpinalDorsalHalf",
    "off": 12418,
    "sff": "spinal"
  },
  {
    "docID": "N010 Xia 2015 25641132",
    "et": "SpinalDorsalHalf",
    "off": 26116,
    "sff": "Spinal"
  },
  {
    "docID": "N010 Xia 2015 25641132",
    "et": "SpinalDorsalHalf",
    "off": 8901,
    "sff": "Spinal"
  },
  {
    "docID": "N010 Xia 2015 25641132",
    "et": "SpinalDorsalHalf",
    "off": 14507,
    "sff": "dorsal"
  },
  {
    "docID": "N010 Xia 2015 25641132",
    "et": "SpinalDorsalHalf",
    "off": 22915,
    "sff": "spinal"
  },
  {
    "docID": "N010 Xia 2015 25641132",
    "et": "SpinalDorsalHalf",
    "off": 11373,
    "sff": "dorsal"
  },
  {
    "docID": "N010 Xia 2015 25641132",
    "et": "SpinalDorsalHalf",
    "off": 767,
    "sff": "spinal"
  },
  {
    "docID": "N010 Xia 2015 25641132",
    "et": "SpinalDorsalHalf",
    "off": 4796,
    "sff": "spinal"
  },
  {
    "docID": "N010 Xia 2015 25641132",
    "et": "SpinalDorsalHalf",
    "off": 23932,
    "sff": "spinal"
  },
  {
    "docID": "N010 Xia 2015 25641132",
    "et": "SpinalDorsalHalf",
    "off": 26172,
    "sff": "spinal"
  },
  {
    "docID": "N010 Xia 2015 25641132",
    "et": "SpinalDorsalHalf",
    "off": 10174,
    "sff": "Spinal"
  },
  {
    "docID": "N010 Xia 2015 25641132",
    "et": "SpinalDorsalHalf",
    "off": 14245,
    "sff": "dorsal"
  },
  {
    "docID": "N010 Xia 2015 25641132",
    "et": "SpinalDorsalHalf",
    "off": 23161,
    "sff": "spinal"
  },
  {
    "docID": "N010 Xia 2015 25641132",
    "et": "SpinalDorsalHalf",
    "off": 25017,
    "sff": "spinal"
  },
  {
    "docID": "N010 Xia 2015 25641132",
    "et": "SpinalDorsalHalf",
    "off": 15034,
    "sff": "dorsal"
  },
  {
    "docID": "N010 Xia 2015 25641132",
    "et": "SpinalDorsalHalf",
    "off": 17274,
    "sff": "dorsal"
  },
  {
    "docID": "N010 Xia 2015 25641132",
    "et": "SpinalDorsalHalf",
    "off": 23099,
    "sff": "dorsal"
  },
  {
    "docID": "N010 Xia 2015 25641132",
    "et": "SpinalDorsalHalf",
    "off": 14268,
    "sff": "dorsal"
  },
  {
    "docID": "N010 Xia 2015 25641132",
    "et": "SpinalDorsalHalf",
    "off": 24302,
    "sff": "spinal"
  },
  {
    "docID": "N010 Xia 2015 25641132",
    "et": "SpinalDorsalHalf",
    "off": 13999,
    "sff": "dorsal"
  },
  {
    "docID": "N010 Xia 2015 25641132",
    "et": "SpinalDorsalHalf",
    "off": 26479,
    "sff": "spinal"
  },
  {
    "docID": "N010 Xia 2015 25641132",
    "et": "SpinalDorsalHalf",
    "off": 2220,
    "sff": "spinal"
  },
  {
    "docID": "N010 Xia 2015 25641132",
    "et": "SpinalDorsalHalf",
    "off": 7530,
    "sff": "Spinal"
  },
  {
    "docID": "N010 Xia 2015 25641132",
    "et": "SpinalDorsalHalf",
    "off": 1581,
    "sff": "spinal"
  },
  {
    "docID": "N010 Xia 2015 25641132",
    "et": "SpinalDorsalHalf",
    "off": 11111,
    "sff": "spinal"
  },
  {
    "docID": "N010 Xia 2015 25641132",
    "et": "SpinalDorsalHalf",
    "off": 5538,
    "sff": "Spinal"
  },
  {
    "docID": "N010 Xia 2015 25641132",
    "et": "SpinalDorsalHalf",
    "off": 22052,
    "sff": "spinal"
  },
  {
    "docID": "N010 Xia 2015 25641132",
    "et": "SpinalDorsalHalf",
    "off": 290,
    "sff": "spinal"
  },
  {
    "docID": "N010 Xia 2015 25641132",
    "et": "SpinalDorsalHalf",
    "off": 10186,
    "sff": "dorsal"
  },
  {
    "docID": "N010 Xia 2015 25641132",
    "et": "SpinalDorsalHalf",
    "off": 10526,
    "sff": "spinal"
  },
  {
    "docID": "N010 Xia 2015 25641132",
    "et": "SpinalDorsalHalf",
    "off": 13248,
    "sff": "dorsal"
  },
  {
    "docID": "N010 Xia 2015 25641132",
    "et": "SpinalDorsalHalf",
    "off": 14364,
    "sff": "spinal"
  },
  {
    "docID": "N010 Xia 2015 25641132",
    "et": "SpinalDorsalHalf",
    "off": 23708,
    "sff": "spinal"
  },
  {
    "docID": "N010 Xia 2015 25641132",
    "et": "SpinalDorsalHalf",
    "off": 25373,
    "sff": "spinal"
  },
  {
    "docID": "N010 Xia 2015 25641132",
    "et": "SpinalDorsalHalf",
    "off": 22490,
    "sff": "spinal"
  },
  {
    "docID": "N010 Xia 2015 25641132",
    "et": "17BetaEstradiolE2",
    "off": 25915,
    "sff": "17"
  },
  {
    "docID": "N010 Xia 2015 25641132",
    "et": "17BetaEstradiolE2",
    "off": 19151,
    "sff": "17"
  },
  {
    "docID": "N010 Xia 2015 25641132",
    "et": "HematoxyLinEosin",
    "off": 25103,
    "sff": "Lin"
  },
  {
    "docID": "N010 Xia 2015 25641132",
    "et": "HematoxyLinEosin",
    "off": 22549,
    "sff": "Lin"
  },
  {
    "docID": "N010 Xia 2015 25641132",
    "et": "HematoxyLinEosin",
    "off": 9036,
    "sff": "hematoxylin"
  },
  {
    "docID": "N010 Xia 2015 25641132",
    "et": "HematoxyLinEosin",
    "off": 25945,
    "sff": "Lin"
  },
  {
    "docID": "N010 Xia 2015 25641132",
    "et": "HematoxyLinEosin",
    "off": 24183,
    "sff": "Lin"
  },
  {
    "docID": "N010 Xia 2015 25641132",
    "et": "HematoxyLinEosin",
    "off": 429,
    "sff": "Lin"
  },
  {
    "docID": "N010 Xia 2015 25641132",
    "et": "CorticospinalTract",
    "off": 4893,
    "sff": "corticospinal tract"
  }
]
