[
  {
    "docID": "N028 James 2015 26044197",
    "et": "SurgeryTreatment",
    "off": 7554,
    "sff": "surgery"
  },
  {
    "docID": "N028 James 2015 26044197",
    "et": "SurgeryTreatment",
    "off": 9090,
    "sff": "surgery"
  },
  {
    "docID": "N028 James 2015 26044197",
    "et": "SurgeryTreatment",
    "off": 9136,
    "sff": "surgery"
  },
  {
    "docID": "N028 James 2015 26044197",
    "et": "MagneticFieldApplication",
    "off": 2130,
    "sff": "field"
  },
  {
    "docID": "N028 James 2015 26044197",
    "et": "MagneticFieldApplication",
    "off": 4681,
    "sff": "field"
  },
  {
    "docID": "N028 James 2015 26044197",
    "et": "SpinalSubduralArea",
    "off": 26679,
    "sff": "spinal"
  },
  {
    "docID": "N028 James 2015 26044197",
    "et": "SpinalSubduralArea",
    "off": 12661,
    "sff": "spinal"
  },
  {
    "docID": "N028 James 2015 26044197",
    "et": "SpinalSubduralArea",
    "off": 25078,
    "sff": "spinal"
  },
  {
    "docID": "N028 James 2015 26044197",
    "et": "SpinalSubduralArea",
    "off": 24827,
    "sff": "spinal"
  },
  {
    "docID": "N028 James 2015 26044197",
    "et": "SpinalSubduralArea",
    "off": 20412,
    "sff": "spinal"
  },
  {
    "docID": "N028 James 2015 26044197",
    "et": "SpinalSubduralArea",
    "off": 10938,
    "sff": "spinal"
  },
  {
    "docID": "N028 James 2015 26044197",
    "et": "SpinalSubduralArea",
    "off": 12282,
    "sff": "spinal"
  },
  {
    "docID": "N028 James 2015 26044197",
    "et": "SpinalSubduralArea",
    "off": 2111,
    "sff": "spinal"
  },
  {
    "docID": "N028 James 2015 26044197",
    "et": "SpinalSubduralArea",
    "off": 23871,
    "sff": "spinal"
  },
  {
    "docID": "N028 James 2015 26044197",
    "et": "SpinalSubduralArea",
    "off": 1216,
    "sff": "spinal"
  },
  {
    "docID": "N028 James 2015 26044197",
    "et": "SpinalSubduralArea",
    "off": 8190,
    "sff": "spinal"
  },
  {
    "docID": "N028 James 2015 26044197",
    "et": "SpinalSubduralArea",
    "off": 16894,
    "sff": "spinal"
  },
  {
    "docID": "N028 James 2015 26044197",
    "et": "SpinalSubduralArea",
    "off": 12711,
    "sff": "spinal"
  },
  {
    "docID": "N028 James 2015 26044197",
    "et": "SpinalSubduralArea",
    "off": 2024,
    "sff": "spinal"
  },
  {
    "docID": "N028 James 2015 26044197",
    "et": "SpinalSubduralArea",
    "off": 21222,
    "sff": "spinal"
  },
  {
    "docID": "N028 James 2015 26044197",
    "et": "SpinalSubduralArea",
    "off": 4267,
    "sff": "spinal"
  },
  {
    "docID": "N028 James 2015 26044197",
    "et": "SpinalSubduralArea",
    "off": 8107,
    "sff": "spinal"
  },
  {
    "docID": "N028 James 2015 26044197",
    "et": "SpinalSubduralArea",
    "off": 2601,
    "sff": "spinal"
  },
  {
    "docID": "N028 James 2015 26044197",
    "et": "SpinalSubduralArea",
    "off": 25581,
    "sff": "spinal"
  },
  {
    "docID": "N028 James 2015 26044197",
    "et": "SpinalSubduralArea",
    "off": 18932,
    "sff": "spinal"
  },
  {
    "docID": "N028 James 2015 26044197",
    "et": "SpinalSubduralArea",
    "off": 1842,
    "sff": "spinal"
  },
  {
    "docID": "N028 James 2015 26044197",
    "et": "SpinalSubduralArea",
    "off": 24343,
    "sff": "spinal"
  },
  {
    "docID": "N028 James 2015 26044197",
    "et": "SpinalSubduralArea",
    "off": 22997,
    "sff": "spinal"
  },
  {
    "docID": "N028 James 2015 26044197",
    "et": "SpinalSubduralArea",
    "off": 25301,
    "sff": "spinal"
  },
  {
    "docID": "N028 James 2015 26044197",
    "et": "SpinalSubduralArea",
    "off": 2388,
    "sff": "Spinal"
  },
  {
    "docID": "N028 James 2015 26044197",
    "et": "SpinalSubduralArea",
    "off": 13276,
    "sff": "spinal"
  },
  {
    "docID": "N028 James 2015 26044197",
    "et": "SpinalSubduralArea",
    "off": 1310,
    "sff": "spinal"
  },
  {
    "docID": "N028 James 2015 26044197",
    "et": "SpinalSubduralArea",
    "off": 2787,
    "sff": "spinal"
  },
  {
    "docID": "N028 James 2015 26044197",
    "et": "SpinalSubduralArea",
    "off": 7907,
    "sff": "spinal"
  },
  {
    "docID": "N028 James 2015 26044197",
    "et": "SpinalSubduralArea",
    "off": 23395,
    "sff": "spinal"
  },
  {
    "docID": "N028 James 2015 26044197",
    "et": "SpinalSubduralArea",
    "off": 24100,
    "sff": "spinal"
  },
  {
    "docID": "N028 James 2015 26044197",
    "et": "SpinalSubduralArea",
    "off": 25953,
    "sff": "spinal"
  },
  {
    "docID": "N028 James 2015 26044197",
    "et": "SpinalSubduralArea",
    "off": 26849,
    "sff": "spinal"
  },
  {
    "docID": "N028 James 2015 26044197",
    "et": "SpinalSubduralArea",
    "off": 23496,
    "sff": "spinal"
  },
  {
    "docID": "N028 James 2015 26044197",
    "et": "SpinalSubduralArea",
    "off": 3845,
    "sff": "spinal"
  },
  {
    "docID": "N028 James 2015 26044197",
    "et": "SpinalSubduralArea",
    "off": 22085,
    "sff": "spinal"
  },
  {
    "docID": "N028 James 2015 26044197",
    "et": "SpinalSubduralArea",
    "off": 1036,
    "sff": "spinal"
  },
  {
    "docID": "N028 James 2015 26044197",
    "et": "SpinalSubduralArea",
    "off": 26316,
    "sff": "spinal"
  },
  {
    "docID": "N028 James 2015 26044197",
    "et": "SpinalSubduralArea",
    "off": 3472,
    "sff": "spinal"
  },
  {
    "docID": "N028 James 2015 26044197",
    "et": "SpinalSubduralArea",
    "off": 5133,
    "sff": "spinal"
  },
  {
    "docID": "N028 James 2015 26044197",
    "et": "SpinalSubduralArea",
    "off": 23132,
    "sff": "Spinal"
  },
  {
    "docID": "N028 James 2015 26044197",
    "et": "SpinalSubduralArea",
    "off": 26515,
    "sff": "spinal"
  },
  {
    "docID": "N028 James 2015 26044197",
    "et": "SpinalSubduralArea",
    "off": 3153,
    "sff": "spinal"
  },
  {
    "docID": "N028 James 2015 26044197",
    "et": "Intraspinal",
    "off": 6291,
    "sff": "intraspinal"
  },
  {
    "docID": "N028 James 2015 26044197",
    "et": "Intraspinal",
    "off": 8739,
    "sff": "intraspinal"
  },
  {
    "docID": "N028 James 2015 26044197",
    "et": "Intraspinal",
    "off": 8470,
    "sff": "intraspinal"
  },
  {
    "docID": "N028 James 2015 26044197",
    "et": "Intraspinal",
    "off": 25000,
    "sff": "intraspinal"
  },
  {
    "docID": "N028 James 2015 26044197",
    "et": "MouseSpecies",
    "off": 7027,
    "sff": "mouse"
  },
  {
    "docID": "N028 James 2015 26044197",
    "et": "NOGOReceptorAntagonist",
    "off": 25911,
    "sff": "receptor"
  },
  {
    "docID": "N028 James 2015 26044197",
    "et": "SpinalFiberTract",
    "off": 25953,
    "sff": "spinal"
  },
  {
    "docID": "N028 James 2015 26044197",
    "et": "SpinalFiberTract",
    "off": 26849,
    "sff": "spinal"
  },
  {
    "docID": "N028 James 2015 26044197",
    "et": "SpinalFiberTract",
    "off": 7907,
    "sff": "spinal"
  },
  {
    "docID": "N028 James 2015 26044197",
    "et": "SpinalFiberTract",
    "off": 23395,
    "sff": "spinal"
  },
  {
    "docID": "N028 James 2015 26044197",
    "et": "SpinalFiberTract",
    "off": 2787,
    "sff": "spinal"
  },
  {
    "docID": "N028 James 2015 26044197",
    "et": "SpinalFiberTract",
    "off": 13276,
    "sff": "spinal"
  },
  {
    "docID": "N028 James 2015 26044197",
    "et": "SpinalFiberTract",
    "off": 1310,
    "sff": "spinal"
  },
  {
    "docID": "N028 James 2015 26044197",
    "et": "SpinalFiberTract",
    "off": 2388,
    "sff": "Spinal"
  },
  {
    "docID": "N028 James 2015 26044197",
    "et": "SpinalFiberTract",
    "off": 22997,
    "sff": "spinal"
  },
  {
    "docID": "N028 James 2015 26044197",
    "et": "SpinalFiberTract",
    "off": 25301,
    "sff": "spinal"
  },
  {
    "docID": "N028 James 2015 26044197",
    "et": "SpinalFiberTract",
    "off": 24343,
    "sff": "spinal"
  },
  {
    "docID": "N028 James 2015 26044197",
    "et": "SpinalFiberTract",
    "off": 23132,
    "sff": "Spinal"
  },
  {
    "docID": "N028 James 2015 26044197",
    "et": "SpinalFiberTract",
    "off": 1842,
    "sff": "spinal"
  },
  {
    "docID": "N028 James 2015 26044197",
    "et": "SpinalFiberTract",
    "off": 25581,
    "sff": "spinal"
  },
  {
    "docID": "N028 James 2015 26044197",
    "et": "SpinalFiberTract",
    "off": 2024,
    "sff": "spinal"
  },
  {
    "docID": "N028 James 2015 26044197",
    "et": "SpinalFiberTract",
    "off": 2601,
    "sff": "spinal"
  },
  {
    "docID": "N028 James 2015 26044197",
    "et": "SpinalFiberTract",
    "off": 8107,
    "sff": "spinal"
  },
  {
    "docID": "N028 James 2015 26044197",
    "et": "SpinalFiberTract",
    "off": 4267,
    "sff": "spinal"
  },
  {
    "docID": "N028 James 2015 26044197",
    "et": "SpinalFiberTract",
    "off": 24100,
    "sff": "spinal"
  },
  {
    "docID": "N028 James 2015 26044197",
    "et": "SpinalFiberTract",
    "off": 12711,
    "sff": "spinal"
  },
  {
    "docID": "N028 James 2015 26044197",
    "et": "SpinalFiberTract",
    "off": 21222,
    "sff": "spinal"
  },
  {
    "docID": "N028 James 2015 26044197",
    "et": "SpinalFiberTract",
    "off": 1216,
    "sff": "spinal"
  },
  {
    "docID": "N028 James 2015 26044197",
    "et": "SpinalFiberTract",
    "off": 20412,
    "sff": "spinal"
  },
  {
    "docID": "N028 James 2015 26044197",
    "et": "SpinalFiberTract",
    "off": 23871,
    "sff": "spinal"
  },
  {
    "docID": "N028 James 2015 26044197",
    "et": "SpinalFiberTract",
    "off": 2111,
    "sff": "spinal"
  },
  {
    "docID": "N028 James 2015 26044197",
    "et": "SpinalFiberTract",
    "off": 8190,
    "sff": "spinal"
  },
  {
    "docID": "N028 James 2015 26044197",
    "et": "SpinalFiberTract",
    "off": 16894,
    "sff": "spinal"
  },
  {
    "docID": "N028 James 2015 26044197",
    "et": "SpinalFiberTract",
    "off": 24827,
    "sff": "spinal"
  },
  {
    "docID": "N028 James 2015 26044197",
    "et": "SpinalFiberTract",
    "off": 10938,
    "sff": "spinal"
  },
  {
    "docID": "N028 James 2015 26044197",
    "et": "SpinalFiberTract",
    "off": 12282,
    "sff": "spinal"
  },
  {
    "docID": "N028 James 2015 26044197",
    "et": "SpinalFiberTract",
    "off": 12661,
    "sff": "spinal"
  },
  {
    "docID": "N028 James 2015 26044197",
    "et": "SpinalFiberTract",
    "off": 18932,
    "sff": "spinal"
  },
  {
    "docID": "N028 James 2015 26044197",
    "et": "SpinalFiberTract",
    "off": 26679,
    "sff": "spinal"
  },
  {
    "docID": "N028 James 2015 26044197",
    "et": "SpinalFiberTract",
    "off": 25078,
    "sff": "spinal"
  },
  {
    "docID": "N028 James 2015 26044197",
    "et": "SpinalFiberTract",
    "off": 3472,
    "sff": "spinal"
  },
  {
    "docID": "N028 James 2015 26044197",
    "et": "SpinalFiberTract",
    "off": 3153,
    "sff": "spinal"
  },
  {
    "docID": "N028 James 2015 26044197",
    "et": "SpinalFiberTract",
    "off": 26515,
    "sff": "spinal"
  },
  {
    "docID": "N028 James 2015 26044197",
    "et": "SpinalFiberTract",
    "off": 1036,
    "sff": "spinal"
  },
  {
    "docID": "N028 James 2015 26044197",
    "et": "SpinalFiberTract",
    "off": 5133,
    "sff": "spinal"
  },
  {
    "docID": "N028 James 2015 26044197",
    "et": "SpinalFiberTract",
    "off": 26316,
    "sff": "spinal"
  },
  {
    "docID": "N028 James 2015 26044197",
    "et": "SpinalFiberTract",
    "off": 23496,
    "sff": "spinal"
  },
  {
    "docID": "N028 James 2015 26044197",
    "et": "SpinalFiberTract",
    "off": 22085,
    "sff": "spinal"
  },
  {
    "docID": "N028 James 2015 26044197",
    "et": "SpinalFiberTract",
    "off": 3845,
    "sff": "spinal"
  },
  {
    "docID": "N028 James 2015 26044197",
    "et": "DeliveryMethod",
    "off": 4010,
    "sff": "delivery"
  },
  {
    "docID": "N028 James 2015 26044197",
    "et": "DeliveryMethod",
    "off": 1422,
    "sff": "delivery"
  },
  {
    "docID": "N028 James 2015 26044197",
    "et": "DeliveryMethod",
    "off": 19117,
    "sff": "delivery"
  },
  {
    "docID": "N028 James 2015 26044197",
    "et": "SpinalVentralHalf",
    "off": 3153,
    "sff": "spinal"
  },
  {
    "docID": "N028 James 2015 26044197",
    "et": "SpinalVentralHalf",
    "off": 26515,
    "sff": "spinal"
  },
  {
    "docID": "N028 James 2015 26044197",
    "et": "SpinalVentralHalf",
    "off": 5133,
    "sff": "spinal"
  },
  {
    "docID": "N028 James 2015 26044197",
    "et": "SpinalVentralHalf",
    "off": 3472,
    "sff": "spinal"
  },
  {
    "docID": "N028 James 2015 26044197",
    "et": "SpinalVentralHalf",
    "off": 13276,
    "sff": "spinal"
  },
  {
    "docID": "N028 James 2015 26044197",
    "et": "SpinalVentralHalf",
    "off": 22997,
    "sff": "spinal"
  },
  {
    "docID": "N028 James 2015 26044197",
    "et": "SpinalVentralHalf",
    "off": 25301,
    "sff": "spinal"
  },
  {
    "docID": "N028 James 2015 26044197",
    "et": "SpinalVentralHalf",
    "off": 23132,
    "sff": "Spinal"
  },
  {
    "docID": "N028 James 2015 26044197",
    "et": "SpinalVentralHalf",
    "off": 24343,
    "sff": "spinal"
  },
  {
    "docID": "N028 James 2015 26044197",
    "et": "SpinalVentralHalf",
    "off": 25953,
    "sff": "spinal"
  },
  {
    "docID": "N028 James 2015 26044197",
    "et": "SpinalVentralHalf",
    "off": 26849,
    "sff": "spinal"
  },
  {
    "docID": "N028 James 2015 26044197",
    "et": "SpinalVentralHalf",
    "off": 24100,
    "sff": "spinal"
  },
  {
    "docID": "N028 James 2015 26044197",
    "et": "SpinalVentralHalf",
    "off": 2787,
    "sff": "spinal"
  },
  {
    "docID": "N028 James 2015 26044197",
    "et": "SpinalVentralHalf",
    "off": 7907,
    "sff": "spinal"
  },
  {
    "docID": "N028 James 2015 26044197",
    "et": "SpinalVentralHalf",
    "off": 23395,
    "sff": "spinal"
  },
  {
    "docID": "N028 James 2015 26044197",
    "et": "SpinalVentralHalf",
    "off": 1310,
    "sff": "spinal"
  },
  {
    "docID": "N028 James 2015 26044197",
    "et": "SpinalVentralHalf",
    "off": 2601,
    "sff": "spinal"
  },
  {
    "docID": "N028 James 2015 26044197",
    "et": "SpinalVentralHalf",
    "off": 4267,
    "sff": "spinal"
  },
  {
    "docID": "N028 James 2015 26044197",
    "et": "SpinalVentralHalf",
    "off": 8107,
    "sff": "spinal"
  },
  {
    "docID": "N028 James 2015 26044197",
    "et": "SpinalVentralHalf",
    "off": 21222,
    "sff": "spinal"
  },
  {
    "docID": "N028 James 2015 26044197",
    "et": "SpinalVentralHalf",
    "off": 2024,
    "sff": "spinal"
  },
  {
    "docID": "N028 James 2015 26044197",
    "et": "SpinalVentralHalf",
    "off": 12711,
    "sff": "spinal"
  },
  {
    "docID": "N028 James 2015 26044197",
    "et": "SpinalVentralHalf",
    "off": 1842,
    "sff": "spinal"
  },
  {
    "docID": "N028 James 2015 26044197",
    "et": "SpinalVentralHalf",
    "off": 18932,
    "sff": "spinal"
  },
  {
    "docID": "N028 James 2015 26044197",
    "et": "SpinalVentralHalf",
    "off": 25581,
    "sff": "spinal"
  },
  {
    "docID": "N028 James 2015 26044197",
    "et": "SpinalVentralHalf",
    "off": 10938,
    "sff": "spinal"
  },
  {
    "docID": "N028 James 2015 26044197",
    "et": "SpinalVentralHalf",
    "off": 12282,
    "sff": "spinal"
  },
  {
    "docID": "N028 James 2015 26044197",
    "et": "SpinalVentralHalf",
    "off": 20412,
    "sff": "spinal"
  },
  {
    "docID": "N028 James 2015 26044197",
    "et": "SpinalVentralHalf",
    "off": 24827,
    "sff": "spinal"
  },
  {
    "docID": "N028 James 2015 26044197",
    "et": "SpinalVentralHalf",
    "off": 25078,
    "sff": "spinal"
  },
  {
    "docID": "N028 James 2015 26044197",
    "et": "SpinalVentralHalf",
    "off": 12661,
    "sff": "spinal"
  },
  {
    "docID": "N028 James 2015 26044197",
    "et": "SpinalVentralHalf",
    "off": 26679,
    "sff": "spinal"
  },
  {
    "docID": "N028 James 2015 26044197",
    "et": "SpinalVentralHalf",
    "off": 8190,
    "sff": "spinal"
  },
  {
    "docID": "N028 James 2015 26044197",
    "et": "SpinalVentralHalf",
    "off": 16894,
    "sff": "spinal"
  },
  {
    "docID": "N028 James 2015 26044197",
    "et": "SpinalVentralHalf",
    "off": 1216,
    "sff": "spinal"
  },
  {
    "docID": "N028 James 2015 26044197",
    "et": "SpinalVentralHalf",
    "off": 2111,
    "sff": "spinal"
  },
  {
    "docID": "N028 James 2015 26044197",
    "et": "SpinalVentralHalf",
    "off": 23871,
    "sff": "spinal"
  },
  {
    "docID": "N028 James 2015 26044197",
    "et": "SpinalVentralHalf",
    "off": 2388,
    "sff": "Spinal"
  },
  {
    "docID": "N028 James 2015 26044197",
    "et": "SpinalVentralHalf",
    "off": 1036,
    "sff": "spinal"
  },
  {
    "docID": "N028 James 2015 26044197",
    "et": "SpinalVentralHalf",
    "off": 26316,
    "sff": "spinal"
  },
  {
    "docID": "N028 James 2015 26044197",
    "et": "SpinalVentralHalf",
    "off": 3845,
    "sff": "spinal"
  },
  {
    "docID": "N028 James 2015 26044197",
    "et": "SpinalVentralHalf",
    "off": 22085,
    "sff": "spinal"
  },
  {
    "docID": "N028 James 2015 26044197",
    "et": "SpinalVentralHalf",
    "off": 23496,
    "sff": "spinal"
  },
  {
    "docID": "N028 James 2015 26044197",
    "et": "Rostral",
    "off": 18325,
    "sff": "rostral"
  },
  {
    "docID": "N028 James 2015 26044197",
    "et": "Rostral",
    "off": 8534,
    "sff": "rostral"
  },
  {
    "docID": "N028 James 2015 26044197",
    "et": "Rostral",
    "off": 12585,
    "sff": "rostral"
  },
  {
    "docID": "N028 James 2015 26044197",
    "et": "Rostral",
    "off": 16393,
    "sff": "rostral"
  },
  {
    "docID": "N028 James 2015 26044197",
    "et": "Rostral",
    "off": 26826,
    "sff": "rostral"
  },
  {
    "docID": "N028 James 2015 26044197",
    "et": "Rostral",
    "off": 14172,
    "sff": "rostral"
  },
  {
    "docID": "N028 James 2015 26044197",
    "et": "Rostral",
    "off": 18094,
    "sff": "rostral"
  },
  {
    "docID": "N028 James 2015 26044197",
    "et": "DorsalColumn",
    "off": 16260,
    "sff": "dorsal"
  },
  {
    "docID": "N028 James 2015 26044197",
    "et": "DorsalColumn",
    "off": 16484,
    "sff": "dorsal"
  },
  {
    "docID": "N028 James 2015 26044197",
    "et": "DorsalColumn",
    "off": 10809,
    "sff": "dorsal"
  },
  {
    "docID": "N028 James 2015 26044197",
    "et": "DorsalColumn",
    "off": 11209,
    "sff": "dorsal"
  },
  {
    "docID": "N028 James 2015 26044197",
    "et": "DorsalColumn",
    "off": 16132,
    "sff": "dorsal column"
  },
  {
    "docID": "N028 James 2015 26044197",
    "et": "DorsalColumn",
    "off": 11121,
    "sff": "dorsal"
  },
  {
    "docID": "N028 James 2015 26044197",
    "et": "SpragueDawleyRat",
    "off": 5785,
    "sff": "Sprague-Dawley"
  },
  {
    "docID": "N028 James 2015 26044197",
    "et": "ChondroitinaseABC",
    "off": 23771,
    "sff": "chondroitinase"
  },
  {
    "docID": "N028 James 2015 26044197",
    "et": "ChondroitinaseABC",
    "off": 2142,
    "sff": "chondroitinase"
  },
  {
    "docID": "N028 James 2015 26044197",
    "et": "ChondroitinaseABC",
    "off": 3370,
    "sff": "chondroitinase ABC"
  },
  {
    "docID": "N028 James 2015 26044197",
    "et": "ChondroitinaseABC",
    "off": 13181,
    "sff": "Chondroitinase"
  },
  {
    "docID": "N028 James 2015 26044197",
    "et": "ChondroitinaseABC",
    "off": 25025,
    "sff": "chondroitinase"
  },
  {
    "docID": "N028 James 2015 26044197",
    "et": "ChondroitinaseABC",
    "off": 26167,
    "sff": "chondroitinase ABC"
  },
  {
    "docID": "N028 James 2015 26044197",
    "et": "ChondroitinaseABC",
    "off": 26807,
    "sff": "chondroitinase ABC"
  },
  {
    "docID": "N028 James 2015 26044197",
    "et": "ChondroitinaseABC",
    "off": 1653,
    "sff": "chondroitinase"
  },
  {
    "docID": "N028 James 2015 26044197",
    "et": "ChondroitinaseABC",
    "off": 22841,
    "sff": "chondroitinase"
  },
  {
    "docID": "N028 James 2015 26044197",
    "et": "ChondroitinaseABC",
    "off": 180,
    "sff": "Chondroitinase"
  },
  {
    "docID": "N028 James 2015 26044197",
    "et": "ChondroitinaseABC",
    "off": 15828,
    "sff": "Chondroitinase"
  },
  {
    "docID": "N028 James 2015 26044197",
    "et": "ChondroitinaseABC",
    "off": 21272,
    "sff": "chondroitinase"
  },
  {
    "docID": "N028 James 2015 26044197",
    "et": "ChondroitinaseABC",
    "off": 14382,
    "sff": "Chondroitinase"
  },
  {
    "docID": "N028 James 2015 26044197",
    "et": "ChondroitinaseABC",
    "off": 6603,
    "sff": "Chondroitinase"
  },
  {
    "docID": "N028 James 2015 26044197",
    "et": "ChondroitinaseABC",
    "off": 1077,
    "sff": "chondroitinase ABC"
  },
  {
    "docID": "N028 James 2015 26044197",
    "et": "ChondroitinaseABC",
    "off": 21861,
    "sff": "chondroitinase"
  },
  {
    "docID": "N028 James 2015 26044197",
    "et": "ChondroitinaseABC",
    "off": 24046,
    "sff": "Chondroitinase ABC"
  },
  {
    "docID": "N028 James 2015 26044197",
    "et": "ChondroitinaseABC",
    "off": 16994,
    "sff": "Chondroitinase"
  },
  {
    "docID": "N028 James 2015 26044197",
    "et": "ChondroitinaseABC",
    "off": 22440,
    "sff": "chondroitinase"
  },
  {
    "docID": "N028 James 2015 26044197",
    "et": "ChondroitinaseABC",
    "off": 24618,
    "sff": "Chondroitinase ABC"
  },
  {
    "docID": "N028 James 2015 26044197",
    "et": "Left",
    "off": 11144,
    "sff": "left"
  },
  {
    "docID": "N028 James 2015 26044197",
    "et": "C2",
    "off": 10967,
    "sff": "C2"
  },
  {
    "docID": "N028 James 2015 26044197",
    "et": "Tissue",
    "off": 11915,
    "sff": "Tissue"
  },
  {
    "docID": "N028 James 2015 26044197",
    "et": "Tissue",
    "off": 995,
    "sff": "tissue"
  },
  {
    "docID": "N028 James 2015 26044197",
    "et": "Tissue",
    "off": 17299,
    "sff": "tissue"
  },
  {
    "docID": "N028 James 2015 26044197",
    "et": "Tissue",
    "off": 13298,
    "sff": "tissue"
  },
  {
    "docID": "N028 James 2015 26044197",
    "et": "Tissue",
    "off": 4221,
    "sff": "tissue"
  },
  {
    "docID": "N028 James 2015 26044197",
    "et": "Tissue",
    "off": 17039,
    "sff": "tissue"
  },
  {
    "docID": "N028 James 2015 26044197",
    "et": "Tissue",
    "off": 17183,
    "sff": "tissue"
  },
  {
    "docID": "N028 James 2015 26044197",
    "et": "Tissue",
    "off": 18280,
    "sff": "tissue"
  },
  {
    "docID": "N028 James 2015 26044197",
    "et": "C5",
    "off": 8233,
    "sff": "C5"
  },
  {
    "docID": "N028 James 2015 26044197",
    "et": "C5",
    "off": 7879,
    "sff": "C5"
  },
  {
    "docID": "N028 James 2015 26044197",
    "et": "C5",
    "off": 14486,
    "sff": "C5"
  },
  {
    "docID": "N028 James 2015 26044197",
    "et": "InjectionDelivery",
    "off": 25012,
    "sff": "injection"
  },
  {
    "docID": "N028 James 2015 26044197",
    "et": "InjectionDelivery",
    "off": 8582,
    "sff": "injection"
  },
  {
    "docID": "N028 James 2015 26044197",
    "et": "InjectionDelivery",
    "off": 8751,
    "sff": "injection"
  },
  {
    "docID": "N028 James 2015 26044197",
    "et": "SpinalLesionSite",
    "off": 25581,
    "sff": "spinal"
  },
  {
    "docID": "N028 James 2015 26044197",
    "et": "SpinalLesionSite",
    "off": 2024,
    "sff": "spinal"
  },
  {
    "docID": "N028 James 2015 26044197",
    "et": "SpinalLesionSite",
    "off": 21222,
    "sff": "spinal"
  },
  {
    "docID": "N028 James 2015 26044197",
    "et": "SpinalLesionSite",
    "off": 23395,
    "sff": "spinal"
  },
  {
    "docID": "N028 James 2015 26044197",
    "et": "SpinalLesionSite",
    "off": 25953,
    "sff": "spinal"
  },
  {
    "docID": "N028 James 2015 26044197",
    "et": "SpinalLesionSite",
    "off": 26849,
    "sff": "spinal"
  },
  {
    "docID": "N028 James 2015 26044197",
    "et": "SpinalLesionSite",
    "off": 2787,
    "sff": "spinal"
  },
  {
    "docID": "N028 James 2015 26044197",
    "et": "SpinalLesionSite",
    "off": 7907,
    "sff": "spinal"
  },
  {
    "docID": "N028 James 2015 26044197",
    "et": "SpinalLesionSite",
    "off": 8190,
    "sff": "spinal"
  },
  {
    "docID": "N028 James 2015 26044197",
    "et": "SpinalLesionSite",
    "off": 16894,
    "sff": "spinal"
  },
  {
    "docID": "N028 James 2015 26044197",
    "et": "SpinalLesionSite",
    "off": 12282,
    "sff": "spinal"
  },
  {
    "docID": "N028 James 2015 26044197",
    "et": "SpinalLesionSite",
    "off": 24827,
    "sff": "spinal"
  },
  {
    "docID": "N028 James 2015 26044197",
    "et": "SpinalLesionSite",
    "off": 12661,
    "sff": "spinal"
  },
  {
    "docID": "N028 James 2015 26044197",
    "et": "SpinalLesionSite",
    "off": 25078,
    "sff": "spinal"
  },
  {
    "docID": "N028 James 2015 26044197",
    "et": "SpinalLesionSite",
    "off": 18932,
    "sff": "spinal"
  },
  {
    "docID": "N028 James 2015 26044197",
    "et": "SpinalLesionSite",
    "off": 5133,
    "sff": "spinal"
  },
  {
    "docID": "N028 James 2015 26044197",
    "et": "SpinalLesionSite",
    "off": 3472,
    "sff": "spinal"
  },
  {
    "docID": "N028 James 2015 26044197",
    "et": "SpinalLesionSite",
    "off": 1036,
    "sff": "spinal"
  },
  {
    "docID": "N028 James 2015 26044197",
    "et": "SpinalLesionSite",
    "off": 3031,
    "sff": "lesion"
  },
  {
    "docID": "N028 James 2015 26044197",
    "et": "SpinalLesionSite",
    "off": 3845,
    "sff": "spinal"
  },
  {
    "docID": "N028 James 2015 26044197",
    "et": "SpinalLesionSite",
    "off": 1310,
    "sff": "spinal"
  },
  {
    "docID": "N028 James 2015 26044197",
    "et": "SpinalLesionSite",
    "off": 17602,
    "sff": "lesion"
  },
  {
    "docID": "N028 James 2015 26044197",
    "et": "SpinalLesionSite",
    "off": 24343,
    "sff": "spinal"
  },
  {
    "docID": "N028 James 2015 26044197",
    "et": "SpinalLesionSite",
    "off": 26515,
    "sff": "spinal"
  },
  {
    "docID": "N028 James 2015 26044197",
    "et": "SpinalLesionSite",
    "off": 17996,
    "sff": "lesion"
  },
  {
    "docID": "N028 James 2015 26044197",
    "et": "SpinalLesionSite",
    "off": 12162,
    "sff": "lesion site"
  },
  {
    "docID": "N028 James 2015 26044197",
    "et": "SpinalLesionSite",
    "off": 2601,
    "sff": "spinal"
  },
  {
    "docID": "N028 James 2015 26044197",
    "et": "SpinalLesionSite",
    "off": 4267,
    "sff": "spinal"
  },
  {
    "docID": "N028 James 2015 26044197",
    "et": "SpinalLesionSite",
    "off": 8107,
    "sff": "spinal"
  },
  {
    "docID": "N028 James 2015 26044197",
    "et": "SpinalLesionSite",
    "off": 12410,
    "sff": "lesion"
  },
  {
    "docID": "N028 James 2015 26044197",
    "et": "SpinalLesionSite",
    "off": 12711,
    "sff": "spinal"
  },
  {
    "docID": "N028 James 2015 26044197",
    "et": "SpinalLesionSite",
    "off": 24100,
    "sff": "spinal"
  },
  {
    "docID": "N028 James 2015 26044197",
    "et": "SpinalLesionSite",
    "off": 23871,
    "sff": "spinal"
  },
  {
    "docID": "N028 James 2015 26044197",
    "et": "SpinalLesionSite",
    "off": 1216,
    "sff": "spinal"
  },
  {
    "docID": "N028 James 2015 26044197",
    "et": "SpinalLesionSite",
    "off": 2111,
    "sff": "spinal"
  },
  {
    "docID": "N028 James 2015 26044197",
    "et": "SpinalLesionSite",
    "off": 17250,
    "sff": "lesion"
  },
  {
    "docID": "N028 James 2015 26044197",
    "et": "SpinalLesionSite",
    "off": 10938,
    "sff": "spinal"
  },
  {
    "docID": "N028 James 2015 26044197",
    "et": "SpinalLesionSite",
    "off": 20412,
    "sff": "spinal"
  },
  {
    "docID": "N028 James 2015 26044197",
    "et": "SpinalLesionSite",
    "off": 26679,
    "sff": "spinal"
  },
  {
    "docID": "N028 James 2015 26044197",
    "et": "SpinalLesionSite",
    "off": 1896,
    "sff": "lesion"
  },
  {
    "docID": "N028 James 2015 26044197",
    "et": "SpinalLesionSite",
    "off": 1842,
    "sff": "spinal"
  },
  {
    "docID": "N028 James 2015 26044197",
    "et": "SpinalLesionSite",
    "off": 26316,
    "sff": "spinal"
  },
  {
    "docID": "N028 James 2015 26044197",
    "et": "SpinalLesionSite",
    "off": 16408,
    "sff": "lesion"
  },
  {
    "docID": "N028 James 2015 26044197",
    "et": "SpinalLesionSite",
    "off": 23496,
    "sff": "spinal"
  },
  {
    "docID": "N028 James 2015 26044197",
    "et": "SpinalLesionSite",
    "off": 22085,
    "sff": "spinal"
  },
  {
    "docID": "N028 James 2015 26044197",
    "et": "SpinalLesionSite",
    "off": 3031,
    "sff": "lesion site"
  },
  {
    "docID": "N028 James 2015 26044197",
    "et": "SpinalLesionSite",
    "off": 12162,
    "sff": "lesion"
  },
  {
    "docID": "N028 James 2015 26044197",
    "et": "SpinalLesionSite",
    "off": 23132,
    "sff": "Spinal"
  },
  {
    "docID": "N028 James 2015 26044197",
    "et": "SpinalLesionSite",
    "off": 13276,
    "sff": "spinal"
  },
  {
    "docID": "N028 James 2015 26044197",
    "et": "SpinalLesionSite",
    "off": 22997,
    "sff": "spinal"
  },
  {
    "docID": "N028 James 2015 26044197",
    "et": "SpinalLesionSite",
    "off": 25301,
    "sff": "spinal"
  },
  {
    "docID": "N028 James 2015 26044197",
    "et": "SpinalLesionSite",
    "off": 2388,
    "sff": "Spinal"
  },
  {
    "docID": "N028 James 2015 26044197",
    "et": "SpinalLesionSite",
    "off": 3153,
    "sff": "spinal"
  },
  {
    "docID": "N028 James 2015 26044197",
    "et": "T1",
    "off": 10973,
    "sff": "T1"
  },
  {
    "docID": "N028 James 2015 26044197",
    "et": "AnimalSpecies",
    "off": 12464,
    "sff": "animal"
  },
  {
    "docID": "N028 James 2015 26044197",
    "et": "AnimalSpecies",
    "off": 21651,
    "sff": "animal"
  },
  {
    "docID": "N028 James 2015 26044197",
    "et": "AnimalSpecies",
    "off": 3580,
    "sff": "animal species"
  },
  {
    "docID": "N028 James 2015 26044197",
    "et": "AnimalSpecies",
    "off": 9485,
    "sff": "animal"
  },
  {
    "docID": "N028 James 2015 26044197",
    "et": "AnimalSpecies",
    "off": 22669,
    "sff": "animal"
  },
  {
    "docID": "N028 James 2015 26044197",
    "et": "Saline",
    "off": 8889,
    "sff": "saline"
  },
  {
    "docID": "N028 James 2015 26044197",
    "et": "ModificationTreatment",
    "off": 26099,
    "sff": "Modification"
  },
  {
    "docID": "N028 James 2015 26044197",
    "et": "Right",
    "off": 11153,
    "sff": "right"
  },
  {
    "docID": "N028 James 2015 26044197",
    "et": "TemperatureTreatment",
    "off": 7744,
    "sff": "temperature"
  },
  {
    "docID": "N028 James 2015 26044197",
    "et": "SpinalCord",
    "off": 3845,
    "sff": "spinal cord"
  },
  {
    "docID": "N028 James 2015 26044197",
    "et": "SpinalCord",
    "off": 4267,
    "sff": "spinal"
  },
  {
    "docID": "N028 James 2015 26044197",
    "et": "SpinalCord",
    "off": 1216,
    "sff": "spinal cord"
  },
  {
    "docID": "N028 James 2015 26044197",
    "et": "SpinalCord",
    "off": 2111,
    "sff": "spinal cord"
  },
  {
    "docID": "N028 James 2015 26044197",
    "et": "SpinalCord",
    "off": 23871,
    "sff": "spinal cord"
  },
  {
    "docID": "N028 James 2015 26044197",
    "et": "SpinalCord",
    "off": 8190,
    "sff": "spinal cord"
  },
  {
    "docID": "N028 James 2015 26044197",
    "et": "SpinalCord",
    "off": 24827,
    "sff": "spinal cord"
  },
  {
    "docID": "N028 James 2015 26044197",
    "et": "SpinalCord",
    "off": 1842,
    "sff": "spinal"
  },
  {
    "docID": "N028 James 2015 26044197",
    "et": "SpinalCord",
    "off": 10938,
    "sff": "spinal cord"
  },
  {
    "docID": "N028 James 2015 26044197",
    "et": "SpinalCord",
    "off": 12282,
    "sff": "spinal cord"
  },
  {
    "docID": "N028 James 2015 26044197",
    "et": "SpinalCord",
    "off": 26679,
    "sff": "spinal cord"
  },
  {
    "docID": "N028 James 2015 26044197",
    "et": "SpinalCord",
    "off": 23132,
    "sff": "Spinal"
  },
  {
    "docID": "N028 James 2015 26044197",
    "et": "SpinalCord",
    "off": 25078,
    "sff": "spinal cord"
  },
  {
    "docID": "N028 James 2015 26044197",
    "et": "SpinalCord",
    "off": 12661,
    "sff": "spinal cord"
  },
  {
    "docID": "N028 James 2015 26044197",
    "et": "SpinalCord",
    "off": 18932,
    "sff": "spinal cord"
  },
  {
    "docID": "N028 James 2015 26044197",
    "et": "SpinalCord",
    "off": 20412,
    "sff": "spinal"
  },
  {
    "docID": "N028 James 2015 26044197",
    "et": "SpinalCord",
    "off": 22085,
    "sff": "spinal"
  },
  {
    "docID": "N028 James 2015 26044197",
    "et": "SpinalCord",
    "off": 25581,
    "sff": "spinal cord"
  },
  {
    "docID": "N028 James 2015 26044197",
    "et": "SpinalCord",
    "off": 8107,
    "sff": "spinal cord"
  },
  {
    "docID": "N028 James 2015 26044197",
    "et": "SpinalCord",
    "off": 2601,
    "sff": "spinal cord"
  },
  {
    "docID": "N028 James 2015 26044197",
    "et": "SpinalCord",
    "off": 12711,
    "sff": "spinal cord"
  },
  {
    "docID": "N028 James 2015 26044197",
    "et": "SpinalCord",
    "off": 5133,
    "sff": "spinal"
  },
  {
    "docID": "N028 James 2015 26044197",
    "et": "SpinalCord",
    "off": 24100,
    "sff": "spinal cord"
  },
  {
    "docID": "N028 James 2015 26044197",
    "et": "SpinalCord",
    "off": 7907,
    "sff": "spinal cord"
  },
  {
    "docID": "N028 James 2015 26044197",
    "et": "SpinalCord",
    "off": 23395,
    "sff": "spinal cord"
  },
  {
    "docID": "N028 James 2015 26044197",
    "et": "SpinalCord",
    "off": 25953,
    "sff": "spinal cord"
  },
  {
    "docID": "N028 James 2015 26044197",
    "et": "SpinalCord",
    "off": 26849,
    "sff": "spinal cord"
  },
  {
    "docID": "N028 James 2015 26044197",
    "et": "SpinalCord",
    "off": 3472,
    "sff": "spinal"
  },
  {
    "docID": "N028 James 2015 26044197",
    "et": "SpinalCord",
    "off": 24343,
    "sff": "spinal"
  },
  {
    "docID": "N028 James 2015 26044197",
    "et": "SpinalCord",
    "off": 2388,
    "sff": "Spinal cord"
  },
  {
    "docID": "N028 James 2015 26044197",
    "et": "SpinalCord",
    "off": 22997,
    "sff": "spinal cord"
  },
  {
    "docID": "N028 James 2015 26044197",
    "et": "SpinalCord",
    "off": 25301,
    "sff": "spinal cord"
  },
  {
    "docID": "N028 James 2015 26044197",
    "et": "SpinalCord",
    "off": 13276,
    "sff": "spinal"
  },
  {
    "docID": "N028 James 2015 26044197",
    "et": "SpinalCord",
    "off": 26515,
    "sff": "spinal cord"
  },
  {
    "docID": "N028 James 2015 26044197",
    "et": "SpinalCord",
    "off": 3153,
    "sff": "spinal cord"
  },
  {
    "docID": "N028 James 2015 26044197",
    "et": "SpinalCord",
    "off": 1310,
    "sff": "spinal"
  },
  {
    "docID": "N028 James 2015 26044197",
    "et": "SpinalCord",
    "off": 1036,
    "sff": "spinal cord"
  },
  {
    "docID": "N028 James 2015 26044197",
    "et": "SpinalCord",
    "off": 26316,
    "sff": "spinal cord"
  },
  {
    "docID": "N028 James 2015 26044197",
    "et": "SpinalCord",
    "off": 2787,
    "sff": "spinal"
  },
  {
    "docID": "N028 James 2015 26044197",
    "et": "SpinalCord",
    "off": 2024,
    "sff": "spinal"
  },
  {
    "docID": "N028 James 2015 26044197",
    "et": "SpinalCord",
    "off": 21222,
    "sff": "spinal"
  },
  {
    "docID": "N028 James 2015 26044197",
    "et": "LesionAdjacentTissue",
    "off": 12410,
    "sff": "lesion"
  },
  {
    "docID": "N028 James 2015 26044197",
    "et": "LesionAdjacentTissue",
    "off": 1896,
    "sff": "lesion"
  },
  {
    "docID": "N028 James 2015 26044197",
    "et": "LesionAdjacentTissue",
    "off": 16408,
    "sff": "lesion"
  },
  {
    "docID": "N028 James 2015 26044197",
    "et": "LesionAdjacentTissue",
    "off": 3031,
    "sff": "lesion"
  },
  {
    "docID": "N028 James 2015 26044197",
    "et": "LesionAdjacentTissue",
    "off": 17996,
    "sff": "lesion"
  },
  {
    "docID": "N028 James 2015 26044197",
    "et": "LesionAdjacentTissue",
    "off": 12162,
    "sff": "lesion"
  },
  {
    "docID": "N028 James 2015 26044197",
    "et": "LesionAdjacentTissue",
    "off": 17250,
    "sff": "lesion"
  },
  {
    "docID": "N028 James 2015 26044197",
    "et": "LesionAdjacentTissue",
    "off": 17602,
    "sff": "lesion"
  },
  {
    "docID": "N028 James 2015 26044197",
    "et": "CentralNervousSystem",
    "off": 3278,
    "sff": "central nervous system"
  },
  {
    "docID": "N028 James 2015 26044197",
    "et": "CentralNervousSystem",
    "off": 3278,
    "sff": "central nervous"
  },
  {
    "docID": "N028 James 2015 26044197",
    "et": "OscillatingFieldStimulator",
    "off": 4681,
    "sff": "field"
  },
  {
    "docID": "N028 James 2015 26044197",
    "et": "OscillatingFieldStimulator",
    "off": 2130,
    "sff": "field"
  },
  {
    "docID": "N028 James 2015 26044197",
    "et": "Matrix",
    "off": 4096,
    "sff": "matrix"
  },
  {
    "docID": "N028 James 2015 26044197",
    "et": "Matrix",
    "off": 3330,
    "sff": "matrix"
  },
  {
    "docID": "N028 James 2015 26044197",
    "et": "SpinalCentralPart",
    "off": 25078,
    "sff": "spinal"
  },
  {
    "docID": "N028 James 2015 26044197",
    "et": "SpinalCentralPart",
    "off": 26679,
    "sff": "spinal"
  },
  {
    "docID": "N028 James 2015 26044197",
    "et": "SpinalCentralPart",
    "off": 1842,
    "sff": "spinal"
  },
  {
    "docID": "N028 James 2015 26044197",
    "et": "SpinalCentralPart",
    "off": 18932,
    "sff": "spinal"
  },
  {
    "docID": "N028 James 2015 26044197",
    "et": "SpinalCentralPart",
    "off": 12661,
    "sff": "spinal"
  },
  {
    "docID": "N028 James 2015 26044197",
    "et": "SpinalCentralPart",
    "off": 3278,
    "sff": "central"
  },
  {
    "docID": "N028 James 2015 26044197",
    "et": "SpinalCentralPart",
    "off": 4267,
    "sff": "spinal"
  },
  {
    "docID": "N028 James 2015 26044197",
    "et": "SpinalCentralPart",
    "off": 8107,
    "sff": "spinal"
  },
  {
    "docID": "N028 James 2015 26044197",
    "et": "SpinalCentralPart",
    "off": 25581,
    "sff": "spinal"
  },
  {
    "docID": "N028 James 2015 26044197",
    "et": "SpinalCentralPart",
    "off": 21222,
    "sff": "spinal"
  },
  {
    "docID": "N028 James 2015 26044197",
    "et": "SpinalCentralPart",
    "off": 12711,
    "sff": "spinal"
  },
  {
    "docID": "N028 James 2015 26044197",
    "et": "SpinalCentralPart",
    "off": 2024,
    "sff": "spinal"
  },
  {
    "docID": "N028 James 2015 26044197",
    "et": "SpinalCentralPart",
    "off": 2601,
    "sff": "spinal"
  },
  {
    "docID": "N028 James 2015 26044197",
    "et": "SpinalCentralPart",
    "off": 2787,
    "sff": "spinal"
  },
  {
    "docID": "N028 James 2015 26044197",
    "et": "SpinalCentralPart",
    "off": 7907,
    "sff": "spinal"
  },
  {
    "docID": "N028 James 2015 26044197",
    "et": "SpinalCentralPart",
    "off": 23132,
    "sff": "Spinal"
  },
  {
    "docID": "N028 James 2015 26044197",
    "et": "SpinalCentralPart",
    "off": 23395,
    "sff": "spinal"
  },
  {
    "docID": "N028 James 2015 26044197",
    "et": "SpinalCentralPart",
    "off": 24100,
    "sff": "spinal"
  },
  {
    "docID": "N028 James 2015 26044197",
    "et": "SpinalCentralPart",
    "off": 1310,
    "sff": "spinal"
  },
  {
    "docID": "N028 James 2015 26044197",
    "et": "SpinalCentralPart",
    "off": 25953,
    "sff": "spinal"
  },
  {
    "docID": "N028 James 2015 26044197",
    "et": "SpinalCentralPart",
    "off": 26849,
    "sff": "spinal"
  },
  {
    "docID": "N028 James 2015 26044197",
    "et": "SpinalCentralPart",
    "off": 13276,
    "sff": "spinal"
  },
  {
    "docID": "N028 James 2015 26044197",
    "et": "SpinalCentralPart",
    "off": 24343,
    "sff": "spinal"
  },
  {
    "docID": "N028 James 2015 26044197",
    "et": "SpinalCentralPart",
    "off": 26515,
    "sff": "spinal"
  },
  {
    "docID": "N028 James 2015 26044197",
    "et": "SpinalCentralPart",
    "off": 22997,
    "sff": "spinal"
  },
  {
    "docID": "N028 James 2015 26044197",
    "et": "SpinalCentralPart",
    "off": 25301,
    "sff": "spinal"
  },
  {
    "docID": "N028 James 2015 26044197",
    "et": "SpinalCentralPart",
    "off": 3472,
    "sff": "spinal"
  },
  {
    "docID": "N028 James 2015 26044197",
    "et": "SpinalCentralPart",
    "off": 3153,
    "sff": "spinal"
  },
  {
    "docID": "N028 James 2015 26044197",
    "et": "SpinalCentralPart",
    "off": 2388,
    "sff": "Spinal"
  },
  {
    "docID": "N028 James 2015 26044197",
    "et": "SpinalCentralPart",
    "off": 1036,
    "sff": "spinal"
  },
  {
    "docID": "N028 James 2015 26044197",
    "et": "SpinalCentralPart",
    "off": 26316,
    "sff": "spinal"
  },
  {
    "docID": "N028 James 2015 26044197",
    "et": "SpinalCentralPart",
    "off": 5133,
    "sff": "spinal"
  },
  {
    "docID": "N028 James 2015 26044197",
    "et": "SpinalCentralPart",
    "off": 23496,
    "sff": "spinal"
  },
  {
    "docID": "N028 James 2015 26044197",
    "et": "SpinalCentralPart",
    "off": 3845,
    "sff": "spinal"
  },
  {
    "docID": "N028 James 2015 26044197",
    "et": "SpinalCentralPart",
    "off": 22085,
    "sff": "spinal"
  },
  {
    "docID": "N028 James 2015 26044197",
    "et": "SpinalCentralPart",
    "off": 8190,
    "sff": "spinal"
  },
  {
    "docID": "N028 James 2015 26044197",
    "et": "SpinalCentralPart",
    "off": 16894,
    "sff": "spinal"
  },
  {
    "docID": "N028 James 2015 26044197",
    "et": "SpinalCentralPart",
    "off": 2111,
    "sff": "spinal"
  },
  {
    "docID": "N028 James 2015 26044197",
    "et": "SpinalCentralPart",
    "off": 23871,
    "sff": "spinal"
  },
  {
    "docID": "N028 James 2015 26044197",
    "et": "SpinalCentralPart",
    "off": 1216,
    "sff": "spinal"
  },
  {
    "docID": "N028 James 2015 26044197",
    "et": "SpinalCentralPart",
    "off": 10938,
    "sff": "spinal"
  },
  {
    "docID": "N028 James 2015 26044197",
    "et": "SpinalCentralPart",
    "off": 12282,
    "sff": "spinal"
  },
  {
    "docID": "N028 James 2015 26044197",
    "et": "SpinalCentralPart",
    "off": 24827,
    "sff": "spinal"
  },
  {
    "docID": "N028 James 2015 26044197",
    "et": "SpinalCentralPart",
    "off": 20412,
    "sff": "spinal"
  },
  {
    "docID": "N028 James 2015 26044197",
    "et": "Micropump",
    "off": 8671,
    "sff": "micropump"
  },
  {
    "docID": "N028 James 2015 26044197",
    "et": "AnatomicalLocation",
    "off": 25616,
    "sff": "anatomical"
  },
  {
    "docID": "N028 James 2015 26044197",
    "et": "AnatomicalLocation",
    "off": 18996,
    "sff": "anatomical"
  },
  {
    "docID": "N028 James 2015 26044197",
    "et": "AnatomicalLocation",
    "off": 17075,
    "sff": "anatomical"
  },
  {
    "docID": "N028 James 2015 26044197",
    "et": "AnatomicalLocation",
    "off": 21362,
    "sff": "anatomical"
  },
  {
    "docID": "N028 James 2015 26044197",
    "et": "AnatomicalLocation",
    "off": 26882,
    "sff": "anatomical"
  },
  {
    "docID": "N028 James 2015 26044197",
    "et": "AnatomicalLocation",
    "off": 5521,
    "sff": "anatomical"
  },
  {
    "docID": "N028 James 2015 26044197",
    "et": "Ketamine",
    "off": 7612,
    "sff": "ketamine"
  },
  {
    "docID": "N028 James 2015 26044197",
    "et": "Brain",
    "off": 748,
    "sff": "Brain"
  },
  {
    "docID": "N028 James 2015 26044197",
    "et": "AscendingFiberTract",
    "off": 20617,
    "sff": "ascending"
  },
  {
    "docID": "N028 James 2015 26044197",
    "et": "SpinalWhiteMatter",
    "off": 1842,
    "sff": "spinal"
  },
  {
    "docID": "N028 James 2015 26044197",
    "et": "SpinalWhiteMatter",
    "off": 25581,
    "sff": "spinal"
  },
  {
    "docID": "N028 James 2015 26044197",
    "et": "SpinalWhiteMatter",
    "off": 24827,
    "sff": "spinal"
  },
  {
    "docID": "N028 James 2015 26044197",
    "et": "SpinalWhiteMatter",
    "off": 10938,
    "sff": "spinal"
  },
  {
    "docID": "N028 James 2015 26044197",
    "et": "SpinalWhiteMatter",
    "off": 12282,
    "sff": "spinal"
  },
  {
    "docID": "N028 James 2015 26044197",
    "et": "SpinalWhiteMatter",
    "off": 12661,
    "sff": "spinal"
  },
  {
    "docID": "N028 James 2015 26044197",
    "et": "SpinalWhiteMatter",
    "off": 18932,
    "sff": "spinal"
  },
  {
    "docID": "N028 James 2015 26044197",
    "et": "SpinalWhiteMatter",
    "off": 26679,
    "sff": "spinal"
  },
  {
    "docID": "N028 James 2015 26044197",
    "et": "SpinalWhiteMatter",
    "off": 23132,
    "sff": "Spinal"
  },
  {
    "docID": "N028 James 2015 26044197",
    "et": "SpinalWhiteMatter",
    "off": 25078,
    "sff": "spinal"
  },
  {
    "docID": "N028 James 2015 26044197",
    "et": "SpinalWhiteMatter",
    "off": 25953,
    "sff": "spinal"
  },
  {
    "docID": "N028 James 2015 26044197",
    "et": "SpinalWhiteMatter",
    "off": 26849,
    "sff": "spinal"
  },
  {
    "docID": "N028 James 2015 26044197",
    "et": "SpinalWhiteMatter",
    "off": 23395,
    "sff": "spinal"
  },
  {
    "docID": "N028 James 2015 26044197",
    "et": "SpinalWhiteMatter",
    "off": 2787,
    "sff": "spinal"
  },
  {
    "docID": "N028 James 2015 26044197",
    "et": "SpinalWhiteMatter",
    "off": 7907,
    "sff": "spinal"
  },
  {
    "docID": "N028 James 2015 26044197",
    "et": "SpinalWhiteMatter",
    "off": 13276,
    "sff": "spinal"
  },
  {
    "docID": "N028 James 2015 26044197",
    "et": "SpinalWhiteMatter",
    "off": 1310,
    "sff": "spinal"
  },
  {
    "docID": "N028 James 2015 26044197",
    "et": "SpinalWhiteMatter",
    "off": 2024,
    "sff": "spinal"
  },
  {
    "docID": "N028 James 2015 26044197",
    "et": "SpinalWhiteMatter",
    "off": 2601,
    "sff": "spinal"
  },
  {
    "docID": "N028 James 2015 26044197",
    "et": "SpinalWhiteMatter",
    "off": 4267,
    "sff": "spinal"
  },
  {
    "docID": "N028 James 2015 26044197",
    "et": "SpinalWhiteMatter",
    "off": 8107,
    "sff": "spinal"
  },
  {
    "docID": "N028 James 2015 26044197",
    "et": "SpinalWhiteMatter",
    "off": 24100,
    "sff": "spinal"
  },
  {
    "docID": "N028 James 2015 26044197",
    "et": "SpinalWhiteMatter",
    "off": 12711,
    "sff": "spinal"
  },
  {
    "docID": "N028 James 2015 26044197",
    "et": "SpinalWhiteMatter",
    "off": 21222,
    "sff": "spinal"
  },
  {
    "docID": "N028 James 2015 26044197",
    "et": "SpinalWhiteMatter",
    "off": 3472,
    "sff": "spinal"
  },
  {
    "docID": "N028 James 2015 26044197",
    "et": "SpinalWhiteMatter",
    "off": 3153,
    "sff": "spinal"
  },
  {
    "docID": "N028 James 2015 26044197",
    "et": "SpinalWhiteMatter",
    "off": 26515,
    "sff": "spinal"
  },
  {
    "docID": "N028 James 2015 26044197",
    "et": "SpinalWhiteMatter",
    "off": 1036,
    "sff": "spinal"
  },
  {
    "docID": "N028 James 2015 26044197",
    "et": "SpinalWhiteMatter",
    "off": 5133,
    "sff": "spinal"
  },
  {
    "docID": "N028 James 2015 26044197",
    "et": "SpinalWhiteMatter",
    "off": 26316,
    "sff": "spinal"
  },
  {
    "docID": "N028 James 2015 26044197",
    "et": "SpinalWhiteMatter",
    "off": 22997,
    "sff": "spinal"
  },
  {
    "docID": "N028 James 2015 26044197",
    "et": "SpinalWhiteMatter",
    "off": 25301,
    "sff": "spinal"
  },
  {
    "docID": "N028 James 2015 26044197",
    "et": "SpinalWhiteMatter",
    "off": 24343,
    "sff": "spinal"
  },
  {
    "docID": "N028 James 2015 26044197",
    "et": "SpinalWhiteMatter",
    "off": 1216,
    "sff": "spinal"
  },
  {
    "docID": "N028 James 2015 26044197",
    "et": "SpinalWhiteMatter",
    "off": 20412,
    "sff": "spinal"
  },
  {
    "docID": "N028 James 2015 26044197",
    "et": "SpinalWhiteMatter",
    "off": 8190,
    "sff": "spinal"
  },
  {
    "docID": "N028 James 2015 26044197",
    "et": "SpinalWhiteMatter",
    "off": 23871,
    "sff": "spinal"
  },
  {
    "docID": "N028 James 2015 26044197",
    "et": "SpinalWhiteMatter",
    "off": 2111,
    "sff": "spinal"
  },
  {
    "docID": "N028 James 2015 26044197",
    "et": "SpinalWhiteMatter",
    "off": 2388,
    "sff": "Spinal"
  },
  {
    "docID": "N028 James 2015 26044197",
    "et": "SpinalWhiteMatter",
    "off": 16894,
    "sff": "spinal"
  },
  {
    "docID": "N028 James 2015 26044197",
    "et": "SpinalWhiteMatter",
    "off": 23496,
    "sff": "spinal"
  },
  {
    "docID": "N028 James 2015 26044197",
    "et": "SpinalWhiteMatter",
    "off": 22085,
    "sff": "spinal"
  },
  {
    "docID": "N028 James 2015 26044197",
    "et": "SpinalWhiteMatter",
    "off": 3845,
    "sff": "spinal"
  },
  {
    "docID": "N028 James 2015 26044197",
    "et": "MacrophageCell",
    "off": 23840,
    "sff": "macrophage"
  },
  {
    "docID": "N028 James 2015 26044197",
    "et": "Electrodes",
    "off": 22186,
    "sff": "electrodes"
  },
  {
    "docID": "N028 James 2015 26044197",
    "et": "UmbilicalCordBloodStemCell",
    "off": 25085,
    "sff": "cord"
  },
  {
    "docID": "N028 James 2015 26044197",
    "et": "UmbilicalCordBloodStemCell",
    "off": 26686,
    "sff": "cord"
  },
  {
    "docID": "N028 James 2015 26044197",
    "et": "UmbilicalCordBloodStemCell",
    "off": 18939,
    "sff": "cord"
  },
  {
    "docID": "N028 James 2015 26044197",
    "et": "UmbilicalCordBloodStemCell",
    "off": 12668,
    "sff": "cord"
  },
  {
    "docID": "N028 James 2015 26044197",
    "et": "UmbilicalCordBloodStemCell",
    "off": 10945,
    "sff": "cord"
  },
  {
    "docID": "N028 James 2015 26044197",
    "et": "UmbilicalCordBloodStemCell",
    "off": 12289,
    "sff": "cord"
  },
  {
    "docID": "N028 James 2015 26044197",
    "et": "UmbilicalCordBloodStemCell",
    "off": 24834,
    "sff": "cord"
  },
  {
    "docID": "N028 James 2015 26044197",
    "et": "UmbilicalCordBloodStemCell",
    "off": 25588,
    "sff": "cord"
  },
  {
    "docID": "N028 James 2015 26044197",
    "et": "UmbilicalCordBloodStemCell",
    "off": 12718,
    "sff": "cord"
  },
  {
    "docID": "N028 James 2015 26044197",
    "et": "UmbilicalCordBloodStemCell",
    "off": 24107,
    "sff": "cord"
  },
  {
    "docID": "N028 James 2015 26044197",
    "et": "UmbilicalCordBloodStemCell",
    "off": 8114,
    "sff": "cord"
  },
  {
    "docID": "N028 James 2015 26044197",
    "et": "UmbilicalCordBloodStemCell",
    "off": 2608,
    "sff": "cord"
  },
  {
    "docID": "N028 James 2015 26044197",
    "et": "UmbilicalCordBloodStemCell",
    "off": 7914,
    "sff": "cord"
  },
  {
    "docID": "N028 James 2015 26044197",
    "et": "UmbilicalCordBloodStemCell",
    "off": 23402,
    "sff": "cord"
  },
  {
    "docID": "N028 James 2015 26044197",
    "et": "UmbilicalCordBloodStemCell",
    "off": 25960,
    "sff": "cord"
  },
  {
    "docID": "N028 James 2015 26044197",
    "et": "UmbilicalCordBloodStemCell",
    "off": 26856,
    "sff": "cord"
  },
  {
    "docID": "N028 James 2015 26044197",
    "et": "UmbilicalCordBloodStemCell",
    "off": 2395,
    "sff": "cord"
  },
  {
    "docID": "N028 James 2015 26044197",
    "et": "UmbilicalCordBloodStemCell",
    "off": 23004,
    "sff": "cord"
  },
  {
    "docID": "N028 James 2015 26044197",
    "et": "UmbilicalCordBloodStemCell",
    "off": 25308,
    "sff": "cord"
  },
  {
    "docID": "N028 James 2015 26044197",
    "et": "UmbilicalCordBloodStemCell",
    "off": 18261,
    "sff": "cord"
  },
  {
    "docID": "N028 James 2015 26044197",
    "et": "UmbilicalCordBloodStemCell",
    "off": 1043,
    "sff": "cord"
  },
  {
    "docID": "N028 James 2015 26044197",
    "et": "UmbilicalCordBloodStemCell",
    "off": 26323,
    "sff": "cord"
  },
  {
    "docID": "N028 James 2015 26044197",
    "et": "UmbilicalCordBloodStemCell",
    "off": 26522,
    "sff": "cord"
  },
  {
    "docID": "N028 James 2015 26044197",
    "et": "UmbilicalCordBloodStemCell",
    "off": 3160,
    "sff": "cord"
  },
  {
    "docID": "N028 James 2015 26044197",
    "et": "UmbilicalCordBloodStemCell",
    "off": 3852,
    "sff": "cord"
  },
  {
    "docID": "N028 James 2015 26044197",
    "et": "UmbilicalCordBloodStemCell",
    "off": 8197,
    "sff": "cord"
  },
  {
    "docID": "N028 James 2015 26044197",
    "et": "UmbilicalCordBloodStemCell",
    "off": 2118,
    "sff": "cord"
  },
  {
    "docID": "N028 James 2015 26044197",
    "et": "UmbilicalCordBloodStemCell",
    "off": 23878,
    "sff": "cord"
  },
  {
    "docID": "N028 James 2015 26044197",
    "et": "UmbilicalCordBloodStemCell",
    "off": 1223,
    "sff": "cord"
  },
  {
    "docID": "N028 James 2015 26044197",
    "et": "GlialCell",
    "off": 24512,
    "sff": "glial"
  },
  {
    "docID": "N028 James 2015 26044197",
    "et": "SpinalGrayMatter",
    "off": 24343,
    "sff": "spinal"
  },
  {
    "docID": "N028 James 2015 26044197",
    "et": "SpinalGrayMatter",
    "off": 22997,
    "sff": "spinal"
  },
  {
    "docID": "N028 James 2015 26044197",
    "et": "SpinalGrayMatter",
    "off": 25301,
    "sff": "spinal"
  },
  {
    "docID": "N028 James 2015 26044197",
    "et": "SpinalGrayMatter",
    "off": 2388,
    "sff": "Spinal"
  },
  {
    "docID": "N028 James 2015 26044197",
    "et": "SpinalGrayMatter",
    "off": 3153,
    "sff": "spinal"
  },
  {
    "docID": "N028 James 2015 26044197",
    "et": "SpinalGrayMatter",
    "off": 3472,
    "sff": "spinal"
  },
  {
    "docID": "N028 James 2015 26044197",
    "et": "SpinalGrayMatter",
    "off": 26515,
    "sff": "spinal"
  },
  {
    "docID": "N028 James 2015 26044197",
    "et": "SpinalGrayMatter",
    "off": 13276,
    "sff": "spinal"
  },
  {
    "docID": "N028 James 2015 26044197",
    "et": "SpinalGrayMatter",
    "off": 1310,
    "sff": "spinal"
  },
  {
    "docID": "N028 James 2015 26044197",
    "et": "SpinalGrayMatter",
    "off": 23132,
    "sff": "Spinal"
  },
  {
    "docID": "N028 James 2015 26044197",
    "et": "SpinalGrayMatter",
    "off": 21222,
    "sff": "spinal"
  },
  {
    "docID": "N028 James 2015 26044197",
    "et": "SpinalGrayMatter",
    "off": 12711,
    "sff": "spinal"
  },
  {
    "docID": "N028 James 2015 26044197",
    "et": "SpinalGrayMatter",
    "off": 24100,
    "sff": "spinal"
  },
  {
    "docID": "N028 James 2015 26044197",
    "et": "SpinalGrayMatter",
    "off": 7907,
    "sff": "spinal"
  },
  {
    "docID": "N028 James 2015 26044197",
    "et": "SpinalGrayMatter",
    "off": 23395,
    "sff": "spinal"
  },
  {
    "docID": "N028 James 2015 26044197",
    "et": "SpinalGrayMatter",
    "off": 2787,
    "sff": "spinal"
  },
  {
    "docID": "N028 James 2015 26044197",
    "et": "SpinalGrayMatter",
    "off": 25953,
    "sff": "spinal"
  },
  {
    "docID": "N028 James 2015 26044197",
    "et": "SpinalGrayMatter",
    "off": 26849,
    "sff": "spinal"
  },
  {
    "docID": "N028 James 2015 26044197",
    "et": "SpinalGrayMatter",
    "off": 25581,
    "sff": "spinal"
  },
  {
    "docID": "N028 James 2015 26044197",
    "et": "SpinalGrayMatter",
    "off": 2601,
    "sff": "spinal"
  },
  {
    "docID": "N028 James 2015 26044197",
    "et": "SpinalGrayMatter",
    "off": 2024,
    "sff": "spinal"
  },
  {
    "docID": "N028 James 2015 26044197",
    "et": "SpinalGrayMatter",
    "off": 8107,
    "sff": "spinal"
  },
  {
    "docID": "N028 James 2015 26044197",
    "et": "SpinalGrayMatter",
    "off": 4267,
    "sff": "spinal"
  },
  {
    "docID": "N028 James 2015 26044197",
    "et": "SpinalGrayMatter",
    "off": 25078,
    "sff": "spinal"
  },
  {
    "docID": "N028 James 2015 26044197",
    "et": "SpinalGrayMatter",
    "off": 26679,
    "sff": "spinal"
  },
  {
    "docID": "N028 James 2015 26044197",
    "et": "SpinalGrayMatter",
    "off": 18932,
    "sff": "spinal"
  },
  {
    "docID": "N028 James 2015 26044197",
    "et": "SpinalGrayMatter",
    "off": 12661,
    "sff": "spinal"
  },
  {
    "docID": "N028 James 2015 26044197",
    "et": "SpinalGrayMatter",
    "off": 1842,
    "sff": "spinal"
  },
  {
    "docID": "N028 James 2015 26044197",
    "et": "SpinalGrayMatter",
    "off": 8190,
    "sff": "spinal"
  },
  {
    "docID": "N028 James 2015 26044197",
    "et": "SpinalGrayMatter",
    "off": 16894,
    "sff": "spinal"
  },
  {
    "docID": "N028 James 2015 26044197",
    "et": "SpinalGrayMatter",
    "off": 23871,
    "sff": "spinal"
  },
  {
    "docID": "N028 James 2015 26044197",
    "et": "SpinalGrayMatter",
    "off": 2111,
    "sff": "spinal"
  },
  {
    "docID": "N028 James 2015 26044197",
    "et": "SpinalGrayMatter",
    "off": 20412,
    "sff": "spinal"
  },
  {
    "docID": "N028 James 2015 26044197",
    "et": "SpinalGrayMatter",
    "off": 10938,
    "sff": "spinal"
  },
  {
    "docID": "N028 James 2015 26044197",
    "et": "SpinalGrayMatter",
    "off": 12282,
    "sff": "spinal"
  },
  {
    "docID": "N028 James 2015 26044197",
    "et": "SpinalGrayMatter",
    "off": 24827,
    "sff": "spinal"
  },
  {
    "docID": "N028 James 2015 26044197",
    "et": "SpinalGrayMatter",
    "off": 3845,
    "sff": "spinal"
  },
  {
    "docID": "N028 James 2015 26044197",
    "et": "SpinalGrayMatter",
    "off": 22085,
    "sff": "spinal"
  },
  {
    "docID": "N028 James 2015 26044197",
    "et": "SpinalGrayMatter",
    "off": 1216,
    "sff": "spinal"
  },
  {
    "docID": "N028 James 2015 26044197",
    "et": "SpinalGrayMatter",
    "off": 5133,
    "sff": "spinal"
  },
  {
    "docID": "N028 James 2015 26044197",
    "et": "SpinalGrayMatter",
    "off": 1036,
    "sff": "spinal"
  },
  {
    "docID": "N028 James 2015 26044197",
    "et": "SpinalGrayMatter",
    "off": 26316,
    "sff": "spinal"
  },
  {
    "docID": "N028 James 2015 26044197",
    "et": "SpinalGrayMatter",
    "off": 23496,
    "sff": "spinal"
  },
  {
    "docID": "N028 James 2015 26044197",
    "et": "RatSpecies",
    "off": 9853,
    "sff": "rat"
  },
  {
    "docID": "N028 James 2015 26044197",
    "et": "RatSpecies",
    "off": 10033,
    "sff": "rat"
  },
  {
    "docID": "N028 James 2015 26044197",
    "et": "RatSpecies",
    "off": 10613,
    "sff": "rat"
  },
  {
    "docID": "N028 James 2015 26044197",
    "et": "RatSpecies",
    "off": 10484,
    "sff": "rat"
  },
  {
    "docID": "N028 James 2015 26044197",
    "et": "RatSpecies",
    "off": 10307,
    "sff": "rat"
  },
  {
    "docID": "N028 James 2015 26044197",
    "et": "Direction",
    "off": 21818,
    "sff": "direction"
  },
  {
    "docID": "N028 James 2015 26044197",
    "et": "VertebralArea",
    "off": 7863,
    "sff": "vertebral"
  },
  {
    "docID": "N028 James 2015 26044197",
    "et": "VertebralArea",
    "off": 10991,
    "sff": "vertebral"
  },
  {
    "docID": "N028 James 2015 26044197",
    "et": "Caudal",
    "off": 8546,
    "sff": "caudal"
  },
  {
    "docID": "N028 James 2015 26044197",
    "et": "Caudal",
    "off": 16153,
    "sff": "caudal"
  },
  {
    "docID": "N028 James 2015 26044197",
    "et": "Caudal",
    "off": 18105,
    "sff": "caudal"
  },
  {
    "docID": "N028 James 2015 26044197",
    "et": "Caudal",
    "off": 12568,
    "sff": "caudal"
  },
  {
    "docID": "N028 James 2015 26044197",
    "et": "Caudal",
    "off": 26837,
    "sff": "caudal"
  },
  {
    "docID": "N028 James 2015 26044197",
    "et": "VertebralSegment",
    "off": 10991,
    "sff": "vertebral"
  },
  {
    "docID": "N028 James 2015 26044197",
    "et": "VertebralSegment",
    "off": 7863,
    "sff": "vertebral"
  },
  {
    "docID": "N028 James 2015 26044197",
    "et": "Enzyme",
    "off": 3900,
    "sff": "enzyme"
  },
  {
    "docID": "N028 James 2015 26044197",
    "et": "Enzyme",
    "off": 4415,
    "sff": "enzyme"
  },
  {
    "docID": "N028 James 2015 26044197",
    "et": "Enzyme",
    "off": 1070,
    "sff": "enzyme"
  },
  {
    "docID": "N028 James 2015 26044197",
    "et": "Enzyme",
    "off": 1361,
    "sff": "enzyme"
  },
  {
    "docID": "N028 James 2015 26044197",
    "et": "Enzyme",
    "off": 3363,
    "sff": "enzyme"
  },
  {
    "docID": "N028 James 2015 26044197",
    "et": "CurrentApplication",
    "off": 21565,
    "sff": "current"
  },
  {
    "docID": "N028 James 2015 26044197",
    "et": "ImplantedDepotPellet",
    "off": 22176,
    "sff": "implanted"
  },
  {
    "docID": "N028 James 2015 26044197",
    "et": "L3",
    "off": 11159,
    "sff": "L3"
  },
  {
    "docID": "N028 James 2015 26044197",
    "et": "L5",
    "off": 10987,
    "sff": "L5"
  },
  {
    "docID": "N028 James 2015 26044197",
    "et": "NewZealandRabbit",
    "off": 25287,
    "sff": "new"
  },
  {
    "docID": "N028 James 2015 26044197",
    "et": "T13",
    "off": 10980,
    "sff": "T13"
  },
  {
    "docID": "N028 James 2015 26044197",
    "et": "Lumbar",
    "off": 16253,
    "sff": "lumbar"
  },
  {
    "docID": "N028 James 2015 26044197",
    "et": "Thoracic",
    "off": 5032,
    "sff": "thoracic"
  },
  {
    "docID": "N028 James 2015 26044197",
    "et": "Thoracic",
    "off": 19243,
    "sff": "thoracic"
  },
  {
    "docID": "N028 James 2015 26044197",
    "et": "Thoracic",
    "off": 4332,
    "sff": "thoracic"
  },
  {
    "docID": "N028 James 2015 26044197",
    "et": "Thoracic",
    "off": 2237,
    "sff": "thoracic"
  },
  {
    "docID": "N028 James 2015 26044197",
    "et": "Thoracic",
    "off": 22559,
    "sff": "thoracic"
  },
  {
    "docID": "N028 James 2015 26044197",
    "et": "Thoracic",
    "off": 1587,
    "sff": "thoracic"
  },
  {
    "docID": "N028 James 2015 26044197",
    "et": "VertebralLocation",
    "off": 10991,
    "sff": "vertebral"
  },
  {
    "docID": "N028 James 2015 26044197",
    "et": "VertebralLocation",
    "off": 7863,
    "sff": "vertebral"
  },
  {
    "docID": "N028 James 2015 26044197",
    "et": "InVitroExperimentalProcedure",
    "off": 5930,
    "sff": "experimental"
  },
  {
    "docID": "N028 James 2015 26044197",
    "et": "InVitroExperimentalProcedure",
    "off": 25422,
    "sff": "Experimental"
  },
  {
    "docID": "N028 James 2015 26044197",
    "et": "InVitroExperimentalProcedure",
    "off": 87,
    "sff": "Experimental"
  },
  {
    "docID": "N028 James 2015 26044197",
    "et": "InVitroExperimentalProcedure",
    "off": 26368,
    "sff": "experimental"
  },
  {
    "docID": "N028 James 2015 26044197",
    "et": "LongEvansRat",
    "off": 4253,
    "sff": "long"
  },
  {
    "docID": "N028 James 2015 26044197",
    "et": "LongEvansRat",
    "off": 15874,
    "sff": "long"
  },
  {
    "docID": "N028 James 2015 26044197",
    "et": "LongEvansRat",
    "off": 13898,
    "sff": "long"
  },
  {
    "docID": "N028 James 2015 26044197",
    "et": "LongEvansRat",
    "off": 16026,
    "sff": "long"
  },
  {
    "docID": "N028 James 2015 26044197",
    "et": "NektarTherapeuticsInc",
    "off": 22951,
    "sff": "therapeutics"
  },
  {
    "docID": "N028 James 2015 26044197",
    "et": "SpinalDorsalHalf",
    "off": 13276,
    "sff": "spinal"
  },
  {
    "docID": "N028 James 2015 26044197",
    "et": "SpinalDorsalHalf",
    "off": 2787,
    "sff": "spinal"
  },
  {
    "docID": "N028 James 2015 26044197",
    "et": "SpinalDorsalHalf",
    "off": 7907,
    "sff": "spinal"
  },
  {
    "docID": "N028 James 2015 26044197",
    "et": "SpinalDorsalHalf",
    "off": 23395,
    "sff": "spinal"
  },
  {
    "docID": "N028 James 2015 26044197",
    "et": "SpinalDorsalHalf",
    "off": 25953,
    "sff": "spinal"
  },
  {
    "docID": "N028 James 2015 26044197",
    "et": "SpinalDorsalHalf",
    "off": 26849,
    "sff": "spinal"
  },
  {
    "docID": "N028 James 2015 26044197",
    "et": "SpinalDorsalHalf",
    "off": 2024,
    "sff": "spinal"
  },
  {
    "docID": "N028 James 2015 26044197",
    "et": "SpinalDorsalHalf",
    "off": 21222,
    "sff": "spinal"
  },
  {
    "docID": "N028 James 2015 26044197",
    "et": "SpinalDorsalHalf",
    "off": 25581,
    "sff": "spinal"
  },
  {
    "docID": "N028 James 2015 26044197",
    "et": "SpinalDorsalHalf",
    "off": 12661,
    "sff": "spinal"
  },
  {
    "docID": "N028 James 2015 26044197",
    "et": "SpinalDorsalHalf",
    "off": 18932,
    "sff": "spinal"
  },
  {
    "docID": "N028 James 2015 26044197",
    "et": "SpinalDorsalHalf",
    "off": 20412,
    "sff": "spinal"
  },
  {
    "docID": "N028 James 2015 26044197",
    "et": "SpinalDorsalHalf",
    "off": 26679,
    "sff": "spinal"
  },
  {
    "docID": "N028 James 2015 26044197",
    "et": "SpinalDorsalHalf",
    "off": 10938,
    "sff": "spinal"
  },
  {
    "docID": "N028 James 2015 26044197",
    "et": "SpinalDorsalHalf",
    "off": 1216,
    "sff": "spinal"
  },
  {
    "docID": "N028 James 2015 26044197",
    "et": "SpinalDorsalHalf",
    "off": 2111,
    "sff": "spinal"
  },
  {
    "docID": "N028 James 2015 26044197",
    "et": "SpinalDorsalHalf",
    "off": 11121,
    "sff": "dorsal"
  },
  {
    "docID": "N028 James 2015 26044197",
    "et": "SpinalDorsalHalf",
    "off": 22085,
    "sff": "spinal"
  },
  {
    "docID": "N028 James 2015 26044197",
    "et": "SpinalDorsalHalf",
    "off": 23871,
    "sff": "spinal"
  },
  {
    "docID": "N028 James 2015 26044197",
    "et": "SpinalDorsalHalf",
    "off": 23496,
    "sff": "spinal"
  },
  {
    "docID": "N028 James 2015 26044197",
    "et": "SpinalDorsalHalf",
    "off": 26316,
    "sff": "spinal"
  },
  {
    "docID": "N028 James 2015 26044197",
    "et": "SpinalDorsalHalf",
    "off": 16132,
    "sff": "dorsal"
  },
  {
    "docID": "N028 James 2015 26044197",
    "et": "SpinalDorsalHalf",
    "off": 16260,
    "sff": "dorsal"
  },
  {
    "docID": "N028 James 2015 26044197",
    "et": "SpinalDorsalHalf",
    "off": 3153,
    "sff": "spinal"
  },
  {
    "docID": "N028 James 2015 26044197",
    "et": "SpinalDorsalHalf",
    "off": 23132,
    "sff": "Spinal"
  },
  {
    "docID": "N028 James 2015 26044197",
    "et": "SpinalDorsalHalf",
    "off": 25301,
    "sff": "spinal"
  },
  {
    "docID": "N028 James 2015 26044197",
    "et": "SpinalDorsalHalf",
    "off": 22997,
    "sff": "spinal"
  },
  {
    "docID": "N028 James 2015 26044197",
    "et": "SpinalDorsalHalf",
    "off": 2388,
    "sff": "Spinal"
  },
  {
    "docID": "N028 James 2015 26044197",
    "et": "SpinalDorsalHalf",
    "off": 24343,
    "sff": "spinal"
  },
  {
    "docID": "N028 James 2015 26044197",
    "et": "SpinalDorsalHalf",
    "off": 24100,
    "sff": "spinal"
  },
  {
    "docID": "N028 James 2015 26044197",
    "et": "SpinalDorsalHalf",
    "off": 1310,
    "sff": "spinal"
  },
  {
    "docID": "N028 James 2015 26044197",
    "et": "SpinalDorsalHalf",
    "off": 2601,
    "sff": "spinal"
  },
  {
    "docID": "N028 James 2015 26044197",
    "et": "SpinalDorsalHalf",
    "off": 12711,
    "sff": "spinal"
  },
  {
    "docID": "N028 James 2015 26044197",
    "et": "SpinalDorsalHalf",
    "off": 4267,
    "sff": "spinal"
  },
  {
    "docID": "N028 James 2015 26044197",
    "et": "SpinalDorsalHalf",
    "off": 8107,
    "sff": "spinal"
  },
  {
    "docID": "N028 James 2015 26044197",
    "et": "SpinalDorsalHalf",
    "off": 16484,
    "sff": "dorsal"
  },
  {
    "docID": "N028 James 2015 26044197",
    "et": "SpinalDorsalHalf",
    "off": 1842,
    "sff": "spinal"
  },
  {
    "docID": "N028 James 2015 26044197",
    "et": "SpinalDorsalHalf",
    "off": 24827,
    "sff": "spinal"
  },
  {
    "docID": "N028 James 2015 26044197",
    "et": "SpinalDorsalHalf",
    "off": 10809,
    "sff": "dorsal"
  },
  {
    "docID": "N028 James 2015 26044197",
    "et": "SpinalDorsalHalf",
    "off": 25078,
    "sff": "spinal"
  },
  {
    "docID": "N028 James 2015 26044197",
    "et": "SpinalDorsalHalf",
    "off": 12282,
    "sff": "spinal"
  },
  {
    "docID": "N028 James 2015 26044197",
    "et": "SpinalDorsalHalf",
    "off": 8190,
    "sff": "spinal"
  },
  {
    "docID": "N028 James 2015 26044197",
    "et": "SpinalDorsalHalf",
    "off": 16894,
    "sff": "spinal"
  },
  {
    "docID": "N028 James 2015 26044197",
    "et": "SpinalDorsalHalf",
    "off": 3845,
    "sff": "spinal"
  },
  {
    "docID": "N028 James 2015 26044197",
    "et": "SpinalDorsalHalf",
    "off": 11209,
    "sff": "dorsal"
  },
  {
    "docID": "N028 James 2015 26044197",
    "et": "SpinalDorsalHalf",
    "off": 5133,
    "sff": "spinal"
  },
  {
    "docID": "N028 James 2015 26044197",
    "et": "SpinalDorsalHalf",
    "off": 1036,
    "sff": "spinal"
  },
  {
    "docID": "N028 James 2015 26044197",
    "et": "SpinalDorsalHalf",
    "off": 3472,
    "sff": "spinal"
  },
  {
    "docID": "N028 James 2015 26044197",
    "et": "SpinalDorsalHalf",
    "off": 26515,
    "sff": "spinal"
  },
  {
    "docID": "N028 James 2015 26044197",
    "et": "RehabilitativeTraining",
    "off": 21906,
    "sff": "rehabilitative"
  },
  {
    "docID": "N028 James 2015 26044197",
    "et": "RehabilitativeTraining",
    "off": 22264,
    "sff": "rehabilitative"
  },
  {
    "docID": "N028 James 2015 26044197",
    "et": "Cervical",
    "off": 18465,
    "sff": "cervical"
  },
  {
    "docID": "N028 James 2015 26044197",
    "et": "Cervical",
    "off": 19777,
    "sff": "cervical"
  },
  {
    "docID": "N028 James 2015 26044197",
    "et": "Cervical",
    "off": 4605,
    "sff": "cervical"
  },
  {
    "docID": "N028 James 2015 26044197",
    "et": "Cervical",
    "off": 5564,
    "sff": "cervical"
  },
  {
    "docID": "N028 James 2015 26044197",
    "et": "Cervical",
    "off": 8223,
    "sff": "cervical"
  },
  {
    "docID": "N028 James 2015 26044197",
    "et": "Cervical",
    "off": 2249,
    "sff": "cervical"
  },
  {
    "docID": "N028 James 2015 26044197",
    "et": "Cervical",
    "off": 19464,
    "sff": "cervical"
  },
  {
    "docID": "N028 James 2015 26044197",
    "et": "Cervical",
    "off": 5226,
    "sff": "cervical"
  },
  {
    "docID": "N028 James 2015 26044197",
    "et": "Cervical",
    "off": 16070,
    "sff": "cervical"
  },
  {
    "docID": "N028 James 2015 26044197",
    "et": "Cervical",
    "off": 4964,
    "sff": "cervical"
  },
  {
    "docID": "N028 James 2015 26044197",
    "et": "Cervical",
    "off": 1734,
    "sff": "cervical"
  },
  {
    "docID": "N028 James 2015 26044197",
    "et": "Cervical",
    "off": 13938,
    "sff": "cervical"
  },
  {
    "docID": "N028 James 2015 26044197",
    "et": "Cervical",
    "off": 15795,
    "sff": "cervical"
  },
  {
    "docID": "N028 James 2015 26044197",
    "et": "Cervical",
    "off": 7667,
    "sff": "cervical"
  },
  {
    "docID": "N028 James 2015 26044197",
    "et": "Cervical",
    "off": 21424,
    "sff": "cervical"
  },
  {
    "docID": "N028 James 2015 26044197",
    "et": "Cervical",
    "off": 15916,
    "sff": "cervical"
  },
  {
    "docID": "N028 James 2015 26044197",
    "et": "Cervical",
    "off": 16940,
    "sff": "cervical"
  },
  {
    "docID": "N028 James 2015 26044197",
    "et": "Cervical",
    "off": 22572,
    "sff": "cervical"
  },
  {
    "docID": "N028 James 2015 26044197",
    "et": "Cervical",
    "off": 19277,
    "sff": "cervical"
  },
  {
    "docID": "N028 James 2015 26044197",
    "et": "Cervical",
    "off": 247,
    "sff": "cervical"
  },
  {
    "docID": "N028 James 2015 26044197",
    "et": "Water",
    "off": 5918,
    "sff": "water"
  },
  {
    "docID": "N028 James 2015 26044197",
    "et": "ExperimentalProcedure",
    "off": 5930,
    "sff": "experimental"
  },
  {
    "docID": "N028 James 2015 26044197",
    "et": "ExperimentalProcedure",
    "off": 25422,
    "sff": "Experimental"
  },
  {
    "docID": "N028 James 2015 26044197",
    "et": "ExperimentalProcedure",
    "off": 87,
    "sff": "Experimental"
  },
  {
    "docID": "N028 James 2015 26044197",
    "et": "ExperimentalProcedure",
    "off": 26368,
    "sff": "experimental"
  },
  {
    "docID": "N028 James 2015 26044197",
    "et": "CorticospinalTract",
    "off": 20676,
    "sff": "corticospinal tract"
  },
  {
    "docID": "N028 James 2015 26044197",
    "et": "CorticospinalTract",
    "off": 24250,
    "sff": "corticospinal"
  },
  {
    "docID": "N028 James 2015 26044197",
    "et": "CorticospinalTract",
    "off": 22151,
    "sff": "corticospinal tract"
  },
  {
    "docID": "N028 James 2015 26044197",
    "et": "CorticospinalTract",
    "off": 25103,
    "sff": "corticospinal"
  },
  {
    "docID": "N028 James 2015 26044197",
    "et": "BrainDerivedNeurotrophicFactor",
    "off": 748,
    "sff": "Brain"
  }
]
