[
  {
    "docID": "N030 Massey 2006 16624960",
    "et": "OlfactoryEnsheathingGliaCell",
    "off": 44820,
    "sff": "olfactory-ensheathing"
  },
  {
    "docID": "N030 Massey 2006 16624960",
    "et": "OlfactoryEnsheathingGliaCell",
    "off": 44820,
    "sff": "olfactory-ensheathing glia"
  },
  {
    "docID": "N030 Massey 2006 16624960",
    "et": "SurgeryTreatment",
    "off": 495,
    "sff": "Surgery"
  },
  {
    "docID": "N030 Massey 2006 16624960",
    "et": "MagneticFieldApplication",
    "off": 5325,
    "sff": "field"
  },
  {
    "docID": "N030 Massey 2006 16624960",
    "et": "MagneticFieldApplication",
    "off": 16333,
    "sff": "field"
  },
  {
    "docID": "N030 Massey 2006 16624960",
    "et": "MagneticFieldApplication",
    "off": 19820,
    "sff": "field"
  },
  {
    "docID": "N030 Massey 2006 16624960",
    "et": "MagneticFieldApplication",
    "off": 31821,
    "sff": "field"
  },
  {
    "docID": "N030 Massey 2006 16624960",
    "et": "MagneticFieldApplication",
    "off": 8721,
    "sff": "field"
  },
  {
    "docID": "N030 Massey 2006 16624960",
    "et": "MagneticFieldApplication",
    "off": 8883,
    "sff": "field"
  },
  {
    "docID": "N030 Massey 2006 16624960",
    "et": "MagneticFieldApplication",
    "off": 21040,
    "sff": "field"
  },
  {
    "docID": "N030 Massey 2006 16624960",
    "et": "MagneticFieldApplication",
    "off": 10130,
    "sff": "field"
  },
  {
    "docID": "N030 Massey 2006 16624960",
    "et": "MagneticFieldApplication",
    "off": 50630,
    "sff": "field"
  },
  {
    "docID": "N030 Massey 2006 16624960",
    "et": "MagneticFieldApplication",
    "off": 1640,
    "sff": "field"
  },
  {
    "docID": "N030 Massey 2006 16624960",
    "et": "MagneticFieldApplication",
    "off": 14429,
    "sff": "field"
  },
  {
    "docID": "N030 Massey 2006 16624960",
    "et": "MagneticFieldApplication",
    "off": 33762,
    "sff": "field"
  },
  {
    "docID": "N030 Massey 2006 16624960",
    "et": "MagneticFieldApplication",
    "off": 21536,
    "sff": "field"
  },
  {
    "docID": "N030 Massey 2006 16624960",
    "et": "MagneticFieldApplication",
    "off": 11093,
    "sff": "field"
  },
  {
    "docID": "N030 Massey 2006 16624960",
    "et": "MagneticFieldApplication",
    "off": 19991,
    "sff": "field"
  },
  {
    "docID": "N030 Massey 2006 16624960",
    "et": "MagneticFieldApplication",
    "off": 34228,
    "sff": "field"
  },
  {
    "docID": "N030 Massey 2006 16624960",
    "et": "SpinalSubduralArea",
    "off": 47873,
    "sff": "spinal"
  },
  {
    "docID": "N030 Massey 2006 16624960",
    "et": "SpinalSubduralArea",
    "off": 46013,
    "sff": "spinal"
  },
  {
    "docID": "N030 Massey 2006 16624960",
    "et": "SpinalSubduralArea",
    "off": 4298,
    "sff": "spinal"
  },
  {
    "docID": "N030 Massey 2006 16624960",
    "et": "SpinalSubduralArea",
    "off": 35404,
    "sff": "spinal"
  },
  {
    "docID": "N030 Massey 2006 16624960",
    "et": "SpinalSubduralArea",
    "off": 51018,
    "sff": "spinal"
  },
  {
    "docID": "N030 Massey 2006 16624960",
    "et": "SpinalSubduralArea",
    "off": 240,
    "sff": "Spinal"
  },
  {
    "docID": "N030 Massey 2006 16624960",
    "et": "SpinalSubduralArea",
    "off": 25350,
    "sff": "spinal"
  },
  {
    "docID": "N030 Massey 2006 16624960",
    "et": "SpinalSubduralArea",
    "off": 33477,
    "sff": "spinal"
  },
  {
    "docID": "N030 Massey 2006 16624960",
    "et": "SpinalSubduralArea",
    "off": 44936,
    "sff": "spinal"
  },
  {
    "docID": "N030 Massey 2006 16624960",
    "et": "SpinalSubduralArea",
    "off": 2184,
    "sff": "spinal"
  },
  {
    "docID": "N030 Massey 2006 16624960",
    "et": "SpinalSubduralArea",
    "off": 52883,
    "sff": "spinal"
  },
  {
    "docID": "N030 Massey 2006 16624960",
    "et": "SpinalSubduralArea",
    "off": 46164,
    "sff": "spinal"
  },
  {
    "docID": "N030 Massey 2006 16624960",
    "et": "SpinalSubduralArea",
    "off": 47057,
    "sff": "spinal"
  },
  {
    "docID": "N030 Massey 2006 16624960",
    "et": "SpinalSubduralArea",
    "off": 34131,
    "sff": "spinal"
  },
  {
    "docID": "N030 Massey 2006 16624960",
    "et": "SpinalSubduralArea",
    "off": 43024,
    "sff": "spinal"
  },
  {
    "docID": "N030 Massey 2006 16624960",
    "et": "SpinalSubduralArea",
    "off": 49933,
    "sff": "spinal"
  },
  {
    "docID": "N030 Massey 2006 16624960",
    "et": "SpinalSubduralArea",
    "off": 19098,
    "sff": "spinal"
  },
  {
    "docID": "N030 Massey 2006 16624960",
    "et": "SpinalSubduralArea",
    "off": 53019,
    "sff": "spinal"
  },
  {
    "docID": "N030 Massey 2006 16624960",
    "et": "SpinalSubduralArea",
    "off": 44438,
    "sff": "spinal"
  },
  {
    "docID": "N030 Massey 2006 16624960",
    "et": "SpinalSubduralArea",
    "off": 11362,
    "sff": "spinal"
  },
  {
    "docID": "N030 Massey 2006 16624960",
    "et": "SpinalSubduralArea",
    "off": 49764,
    "sff": "spinal"
  },
  {
    "docID": "N030 Massey 2006 16624960",
    "et": "SpinalSubduralArea",
    "off": 44255,
    "sff": "spinal"
  },
  {
    "docID": "N030 Massey 2006 16624960",
    "et": "SpinalSubduralArea",
    "off": 43232,
    "sff": "spinal"
  },
  {
    "docID": "N030 Massey 2006 16624960",
    "et": "SpinalSubduralArea",
    "off": 42270,
    "sff": "spinal"
  },
  {
    "docID": "N030 Massey 2006 16624960",
    "et": "SpinalSubduralArea",
    "off": 20330,
    "sff": "spinal"
  },
  {
    "docID": "N030 Massey 2006 16624960",
    "et": "SpinalSubduralArea",
    "off": 33514,
    "sff": "spinal"
  },
  {
    "docID": "N030 Massey 2006 16624960",
    "et": "SpinalSubduralArea",
    "off": 32873,
    "sff": "spinal"
  },
  {
    "docID": "N030 Massey 2006 16624960",
    "et": "SpinalSubduralArea",
    "off": 51564,
    "sff": "spinal"
  },
  {
    "docID": "N030 Massey 2006 16624960",
    "et": "SpinalSubduralArea",
    "off": 8491,
    "sff": "spinal"
  },
  {
    "docID": "N030 Massey 2006 16624960",
    "et": "SpinalSubduralArea",
    "off": 6438,
    "sff": "spinal"
  },
  {
    "docID": "N030 Massey 2006 16624960",
    "et": "SpinalSubduralArea",
    "off": 25126,
    "sff": "spinal"
  },
  {
    "docID": "N030 Massey 2006 16624960",
    "et": "SpinalSubduralArea",
    "off": 51751,
    "sff": "spinal"
  },
  {
    "docID": "N030 Massey 2006 16624960",
    "et": "SpinalSubduralArea",
    "off": 52006,
    "sff": "spinal"
  },
  {
    "docID": "N030 Massey 2006 16624960",
    "et": "SpinalSubduralArea",
    "off": 518,
    "sff": "Spinal"
  },
  {
    "docID": "N030 Massey 2006 16624960",
    "et": "SpinalSubduralArea",
    "off": 8303,
    "sff": "spinal"
  },
  {
    "docID": "N030 Massey 2006 16624960",
    "et": "SpinalSubduralArea",
    "off": 10927,
    "sff": "spinal"
  },
  {
    "docID": "N030 Massey 2006 16624960",
    "et": "SpinalSubduralArea",
    "off": 36399,
    "sff": "spinal"
  },
  {
    "docID": "N030 Massey 2006 16624960",
    "et": "SpinalSubduralArea",
    "off": 2243,
    "sff": "Spinal"
  },
  {
    "docID": "N030 Massey 2006 16624960",
    "et": "SpinalSubduralArea",
    "off": 24696,
    "sff": "spinal"
  },
  {
    "docID": "N030 Massey 2006 16624960",
    "et": "MouseSpecies",
    "off": 11601,
    "sff": "mouse"
  },
  {
    "docID": "N030 Massey 2006 16624960",
    "et": "MouseSpecies",
    "off": 12383,
    "sff": "mouse"
  },
  {
    "docID": "N030 Massey 2006 16624960",
    "et": "ApplicationInstrument",
    "off": 42647,
    "sff": "Application"
  },
  {
    "docID": "N030 Massey 2006 16624960",
    "et": "ApplicationInstrument",
    "off": 3162,
    "sff": "application"
  },
  {
    "docID": "N030 Massey 2006 16624960",
    "et": "ApplicationInstrument",
    "off": 5376,
    "sff": "application"
  },
  {
    "docID": "N030 Massey 2006 16624960",
    "et": "ApplicationInstrument",
    "off": 1007,
    "sff": "application"
  },
  {
    "docID": "N030 Massey 2006 16624960",
    "et": "ApplicationInstrument",
    "off": 35279,
    "sff": "Application"
  },
  {
    "docID": "N030 Massey 2006 16624960",
    "et": "ApplicationInstrument",
    "off": 35839,
    "sff": "application"
  },
  {
    "docID": "N030 Massey 2006 16624960",
    "et": "ApplicationInstrument",
    "off": 41726,
    "sff": "application"
  },
  {
    "docID": "N030 Massey 2006 16624960",
    "et": "NOGOReceptorAntagonist",
    "off": 50464,
    "sff": "receptor"
  },
  {
    "docID": "N030 Massey 2006 16624960",
    "et": "NOGOReceptorAntagonist",
    "off": 46903,
    "sff": "Nogo"
  },
  {
    "docID": "N030 Massey 2006 16624960",
    "et": "NOGOReceptorAntagonist",
    "off": 47003,
    "sff": "receptor"
  },
  {
    "docID": "N030 Massey 2006 16624960",
    "et": "NOGOReceptorAntagonist",
    "off": 46137,
    "sff": "receptor"
  },
  {
    "docID": "N030 Massey 2006 16624960",
    "et": "NOGOReceptorAntagonist",
    "off": 46995,
    "sff": "Nogo"
  },
  {
    "docID": "N030 Massey 2006 16624960",
    "et": "SpinalFiberTract",
    "off": 8491,
    "sff": "spinal"
  },
  {
    "docID": "N030 Massey 2006 16624960",
    "et": "SpinalFiberTract",
    "off": 51564,
    "sff": "spinal"
  },
  {
    "docID": "N030 Massey 2006 16624960",
    "et": "SpinalFiberTract",
    "off": 10927,
    "sff": "spinal"
  },
  {
    "docID": "N030 Massey 2006 16624960",
    "et": "SpinalFiberTract",
    "off": 36399,
    "sff": "spinal"
  },
  {
    "docID": "N030 Massey 2006 16624960",
    "et": "SpinalFiberTract",
    "off": 6438,
    "sff": "spinal"
  },
  {
    "docID": "N030 Massey 2006 16624960",
    "et": "SpinalFiberTract",
    "off": 24696,
    "sff": "spinal"
  },
  {
    "docID": "N030 Massey 2006 16624960",
    "et": "SpinalFiberTract",
    "off": 46013,
    "sff": "spinal"
  },
  {
    "docID": "N030 Massey 2006 16624960",
    "et": "SpinalFiberTract",
    "off": 47873,
    "sff": "spinal"
  },
  {
    "docID": "N030 Massey 2006 16624960",
    "et": "SpinalFiberTract",
    "off": 33477,
    "sff": "spinal"
  },
  {
    "docID": "N030 Massey 2006 16624960",
    "et": "SpinalFiberTract",
    "off": 25350,
    "sff": "spinal"
  },
  {
    "docID": "N030 Massey 2006 16624960",
    "et": "SpinalFiberTract",
    "off": 44936,
    "sff": "spinal"
  },
  {
    "docID": "N030 Massey 2006 16624960",
    "et": "SpinalFiberTract",
    "off": 51018,
    "sff": "spinal"
  },
  {
    "docID": "N030 Massey 2006 16624960",
    "et": "SpinalFiberTract",
    "off": 52185,
    "sff": "fiber"
  },
  {
    "docID": "N030 Massey 2006 16624960",
    "et": "SpinalFiberTract",
    "off": 518,
    "sff": "Spinal"
  },
  {
    "docID": "N030 Massey 2006 16624960",
    "et": "SpinalFiberTract",
    "off": 35404,
    "sff": "spinal"
  },
  {
    "docID": "N030 Massey 2006 16624960",
    "et": "SpinalFiberTract",
    "off": 4298,
    "sff": "spinal"
  },
  {
    "docID": "N030 Massey 2006 16624960",
    "et": "SpinalFiberTract",
    "off": 49933,
    "sff": "spinal"
  },
  {
    "docID": "N030 Massey 2006 16624960",
    "et": "SpinalFiberTract",
    "off": 2184,
    "sff": "spinal"
  },
  {
    "docID": "N030 Massey 2006 16624960",
    "et": "SpinalFiberTract",
    "off": 43024,
    "sff": "spinal"
  },
  {
    "docID": "N030 Massey 2006 16624960",
    "et": "SpinalFiberTract",
    "off": 47057,
    "sff": "spinal"
  },
  {
    "docID": "N030 Massey 2006 16624960",
    "et": "SpinalFiberTract",
    "off": 34131,
    "sff": "spinal"
  },
  {
    "docID": "N030 Massey 2006 16624960",
    "et": "SpinalFiberTract",
    "off": 52883,
    "sff": "spinal"
  },
  {
    "docID": "N030 Massey 2006 16624960",
    "et": "SpinalFiberTract",
    "off": 46164,
    "sff": "spinal"
  },
  {
    "docID": "N030 Massey 2006 16624960",
    "et": "SpinalFiberTract",
    "off": 44438,
    "sff": "spinal"
  },
  {
    "docID": "N030 Massey 2006 16624960",
    "et": "SpinalFiberTract",
    "off": 2243,
    "sff": "Spinal"
  },
  {
    "docID": "N030 Massey 2006 16624960",
    "et": "SpinalFiberTract",
    "off": 19098,
    "sff": "spinal"
  },
  {
    "docID": "N030 Massey 2006 16624960",
    "et": "SpinalFiberTract",
    "off": 53019,
    "sff": "spinal"
  },
  {
    "docID": "N030 Massey 2006 16624960",
    "et": "SpinalFiberTract",
    "off": 42270,
    "sff": "spinal"
  },
  {
    "docID": "N030 Massey 2006 16624960",
    "et": "SpinalFiberTract",
    "off": 44255,
    "sff": "spinal"
  },
  {
    "docID": "N030 Massey 2006 16624960",
    "et": "SpinalFiberTract",
    "off": 43232,
    "sff": "spinal"
  },
  {
    "docID": "N030 Massey 2006 16624960",
    "et": "SpinalFiberTract",
    "off": 11362,
    "sff": "spinal"
  },
  {
    "docID": "N030 Massey 2006 16624960",
    "et": "SpinalFiberTract",
    "off": 49764,
    "sff": "spinal"
  },
  {
    "docID": "N030 Massey 2006 16624960",
    "et": "SpinalFiberTract",
    "off": 25126,
    "sff": "spinal"
  },
  {
    "docID": "N030 Massey 2006 16624960",
    "et": "SpinalFiberTract",
    "off": 52006,
    "sff": "spinal"
  },
  {
    "docID": "N030 Massey 2006 16624960",
    "et": "SpinalFiberTract",
    "off": 51751,
    "sff": "spinal"
  },
  {
    "docID": "N030 Massey 2006 16624960",
    "et": "SpinalFiberTract",
    "off": 8303,
    "sff": "spinal"
  },
  {
    "docID": "N030 Massey 2006 16624960",
    "et": "SpinalFiberTract",
    "off": 32873,
    "sff": "spinal"
  },
  {
    "docID": "N030 Massey 2006 16624960",
    "et": "SpinalFiberTract",
    "off": 240,
    "sff": "Spinal"
  },
  {
    "docID": "N030 Massey 2006 16624960",
    "et": "SpinalFiberTract",
    "off": 20330,
    "sff": "spinal"
  },
  {
    "docID": "N030 Massey 2006 16624960",
    "et": "SpinalFiberTract",
    "off": 33514,
    "sff": "spinal"
  },
  {
    "docID": "N030 Massey 2006 16624960",
    "et": "DeliveryMethod",
    "off": 6719,
    "sff": "delivery"
  },
  {
    "docID": "N030 Massey 2006 16624960",
    "et": "SpinalVentralHalf",
    "off": 42270,
    "sff": "spinal"
  },
  {
    "docID": "N030 Massey 2006 16624960",
    "et": "SpinalVentralHalf",
    "off": 43232,
    "sff": "spinal"
  },
  {
    "docID": "N030 Massey 2006 16624960",
    "et": "SpinalVentralHalf",
    "off": 44255,
    "sff": "spinal"
  },
  {
    "docID": "N030 Massey 2006 16624960",
    "et": "SpinalVentralHalf",
    "off": 11362,
    "sff": "spinal"
  },
  {
    "docID": "N030 Massey 2006 16624960",
    "et": "SpinalVentralHalf",
    "off": 49764,
    "sff": "spinal"
  },
  {
    "docID": "N030 Massey 2006 16624960",
    "et": "SpinalVentralHalf",
    "off": 44438,
    "sff": "spinal"
  },
  {
    "docID": "N030 Massey 2006 16624960",
    "et": "SpinalVentralHalf",
    "off": 25849,
    "sff": "ventral"
  },
  {
    "docID": "N030 Massey 2006 16624960",
    "et": "SpinalVentralHalf",
    "off": 19098,
    "sff": "spinal"
  },
  {
    "docID": "N030 Massey 2006 16624960",
    "et": "SpinalVentralHalf",
    "off": 53019,
    "sff": "spinal"
  },
  {
    "docID": "N030 Massey 2006 16624960",
    "et": "SpinalVentralHalf",
    "off": 49933,
    "sff": "spinal"
  },
  {
    "docID": "N030 Massey 2006 16624960",
    "et": "SpinalVentralHalf",
    "off": 43024,
    "sff": "spinal"
  },
  {
    "docID": "N030 Massey 2006 16624960",
    "et": "SpinalVentralHalf",
    "off": 518,
    "sff": "Spinal"
  },
  {
    "docID": "N030 Massey 2006 16624960",
    "et": "SpinalVentralHalf",
    "off": 47057,
    "sff": "spinal"
  },
  {
    "docID": "N030 Massey 2006 16624960",
    "et": "SpinalVentralHalf",
    "off": 34131,
    "sff": "spinal"
  },
  {
    "docID": "N030 Massey 2006 16624960",
    "et": "SpinalVentralHalf",
    "off": 46164,
    "sff": "spinal"
  },
  {
    "docID": "N030 Massey 2006 16624960",
    "et": "SpinalVentralHalf",
    "off": 52883,
    "sff": "spinal"
  },
  {
    "docID": "N030 Massey 2006 16624960",
    "et": "SpinalVentralHalf",
    "off": 33477,
    "sff": "spinal"
  },
  {
    "docID": "N030 Massey 2006 16624960",
    "et": "SpinalVentralHalf",
    "off": 25350,
    "sff": "spinal"
  },
  {
    "docID": "N030 Massey 2006 16624960",
    "et": "SpinalVentralHalf",
    "off": 44936,
    "sff": "spinal"
  },
  {
    "docID": "N030 Massey 2006 16624960",
    "et": "SpinalVentralHalf",
    "off": 2184,
    "sff": "spinal"
  },
  {
    "docID": "N030 Massey 2006 16624960",
    "et": "SpinalVentralHalf",
    "off": 51018,
    "sff": "spinal"
  },
  {
    "docID": "N030 Massey 2006 16624960",
    "et": "SpinalVentralHalf",
    "off": 4298,
    "sff": "spinal"
  },
  {
    "docID": "N030 Massey 2006 16624960",
    "et": "SpinalVentralHalf",
    "off": 35404,
    "sff": "spinal"
  },
  {
    "docID": "N030 Massey 2006 16624960",
    "et": "SpinalVentralHalf",
    "off": 46013,
    "sff": "spinal"
  },
  {
    "docID": "N030 Massey 2006 16624960",
    "et": "SpinalVentralHalf",
    "off": 47873,
    "sff": "spinal"
  },
  {
    "docID": "N030 Massey 2006 16624960",
    "et": "SpinalVentralHalf",
    "off": 24696,
    "sff": "spinal"
  },
  {
    "docID": "N030 Massey 2006 16624960",
    "et": "SpinalVentralHalf",
    "off": 2243,
    "sff": "Spinal"
  },
  {
    "docID": "N030 Massey 2006 16624960",
    "et": "SpinalVentralHalf",
    "off": 8303,
    "sff": "spinal"
  },
  {
    "docID": "N030 Massey 2006 16624960",
    "et": "SpinalVentralHalf",
    "off": 10927,
    "sff": "spinal"
  },
  {
    "docID": "N030 Massey 2006 16624960",
    "et": "SpinalVentralHalf",
    "off": 36399,
    "sff": "spinal"
  },
  {
    "docID": "N030 Massey 2006 16624960",
    "et": "SpinalVentralHalf",
    "off": 52006,
    "sff": "spinal"
  },
  {
    "docID": "N030 Massey 2006 16624960",
    "et": "SpinalVentralHalf",
    "off": 240,
    "sff": "Spinal"
  },
  {
    "docID": "N030 Massey 2006 16624960",
    "et": "SpinalVentralHalf",
    "off": 6438,
    "sff": "spinal"
  },
  {
    "docID": "N030 Massey 2006 16624960",
    "et": "SpinalVentralHalf",
    "off": 25126,
    "sff": "spinal"
  },
  {
    "docID": "N030 Massey 2006 16624960",
    "et": "SpinalVentralHalf",
    "off": 51751,
    "sff": "spinal"
  },
  {
    "docID": "N030 Massey 2006 16624960",
    "et": "SpinalVentralHalf",
    "off": 32873,
    "sff": "spinal"
  },
  {
    "docID": "N030 Massey 2006 16624960",
    "et": "SpinalVentralHalf",
    "off": 20330,
    "sff": "spinal"
  },
  {
    "docID": "N030 Massey 2006 16624960",
    "et": "SpinalVentralHalf",
    "off": 33514,
    "sff": "spinal"
  },
  {
    "docID": "N030 Massey 2006 16624960",
    "et": "SpinalVentralHalf",
    "off": 8491,
    "sff": "spinal"
  },
  {
    "docID": "N030 Massey 2006 16624960",
    "et": "SpinalVentralHalf",
    "off": 51564,
    "sff": "spinal"
  },
  {
    "docID": "N030 Massey 2006 16624960",
    "et": "Rostral",
    "off": 6354,
    "sff": "rostral"
  },
  {
    "docID": "N030 Massey 2006 16624960",
    "et": "DorsalColumn",
    "off": 25138,
    "sff": "dorsal column"
  },
  {
    "docID": "N030 Massey 2006 16624960",
    "et": "DorsalColumn",
    "off": 25310,
    "sff": "dorsal"
  },
  {
    "docID": "N030 Massey 2006 16624960",
    "et": "DorsalColumn",
    "off": 32885,
    "sff": "dorsal column"
  },
  {
    "docID": "N030 Massey 2006 16624960",
    "et": "DorsalColumn",
    "off": 6431,
    "sff": "dorsal"
  },
  {
    "docID": "N030 Massey 2006 16624960",
    "et": "DorsalColumn",
    "off": 6365,
    "sff": "dorsal"
  },
  {
    "docID": "N030 Massey 2006 16624960",
    "et": "DorsalColumn",
    "off": 44073,
    "sff": "dorsal"
  },
  {
    "docID": "N030 Massey 2006 16624960",
    "et": "DorsalColumn",
    "off": 49903,
    "sff": "dorsal"
  },
  {
    "docID": "N030 Massey 2006 16624960",
    "et": "DorsalColumn",
    "off": 47171,
    "sff": "dorsal column"
  },
  {
    "docID": "N030 Massey 2006 16624960",
    "et": "DorsalColumn",
    "off": 7341,
    "sff": "dorsal"
  },
  {
    "docID": "N030 Massey 2006 16624960",
    "et": "DorsalColumn",
    "off": 43883,
    "sff": "dorsal"
  },
  {
    "docID": "N030 Massey 2006 16624960",
    "et": "DorsalColumn",
    "off": 6136,
    "sff": "dorsal"
  },
  {
    "docID": "N030 Massey 2006 16624960",
    "et": "DorsalColumn",
    "off": 25528,
    "sff": "dorsal"
  },
  {
    "docID": "N030 Massey 2006 16624960",
    "et": "DorsalColumn",
    "off": 5514,
    "sff": "dorsal column"
  },
  {
    "docID": "N030 Massey 2006 16624960",
    "et": "DorsalColumn",
    "off": 34105,
    "sff": "dorsal"
  },
  {
    "docID": "N030 Massey 2006 16624960",
    "et": "DorsalColumn",
    "off": 23181,
    "sff": "dorsal column"
  },
  {
    "docID": "N030 Massey 2006 16624960",
    "et": "DorsalColumn",
    "off": 24527,
    "sff": "dorsal column"
  },
  {
    "docID": "N030 Massey 2006 16624960",
    "et": "DorsalColumn",
    "off": 25909,
    "sff": "dorsal"
  },
  {
    "docID": "N030 Massey 2006 16624960",
    "et": "DorsalColumn",
    "off": 16592,
    "sff": "dorsal column"
  },
  {
    "docID": "N030 Massey 2006 16624960",
    "et": "DorsalColumn",
    "off": 25971,
    "sff": "dorsal"
  },
  {
    "docID": "N030 Massey 2006 16624960",
    "et": "DorsalColumn",
    "off": 1171,
    "sff": "dorsal column"
  },
  {
    "docID": "N030 Massey 2006 16624960",
    "et": "DorsalColumn",
    "off": 1216,
    "sff": "dorsal"
  },
  {
    "docID": "N030 Massey 2006 16624960",
    "et": "DorsalColumn",
    "off": 9793,
    "sff": "dorsal"
  },
  {
    "docID": "N030 Massey 2006 16624960",
    "et": "DorsalColumn",
    "off": 5013,
    "sff": "dorsal column"
  },
  {
    "docID": "N030 Massey 2006 16624960",
    "et": "DorsalColumn",
    "off": 50648,
    "sff": "dorsal column"
  },
  {
    "docID": "N030 Massey 2006 16624960",
    "et": "DorsalColumn",
    "off": 47833,
    "sff": "dorsal column"
  },
  {
    "docID": "N030 Massey 2006 16624960",
    "et": "DorsalColumn",
    "off": 16570,
    "sff": "dorsal"
  },
  {
    "docID": "N030 Massey 2006 16624960",
    "et": "DorsalColumn",
    "off": 5147,
    "sff": "dorsal column"
  },
  {
    "docID": "N030 Massey 2006 16624960",
    "et": "DorsalColumn",
    "off": 6469,
    "sff": "dorsal"
  },
  {
    "docID": "N030 Massey 2006 16624960",
    "et": "DorsalColumn",
    "off": 51524,
    "sff": "dorsal"
  },
  {
    "docID": "N030 Massey 2006 16624960",
    "et": "DorsalColumn",
    "off": 27074,
    "sff": "dorsal"
  },
  {
    "docID": "N030 Massey 2006 16624960",
    "et": "DorsalColumn",
    "off": 35471,
    "sff": "dorsal"
  },
  {
    "docID": "N030 Massey 2006 16624960",
    "et": "DorsalColumn",
    "off": 45796,
    "sff": "dorsal column"
  },
  {
    "docID": "N030 Massey 2006 16624960",
    "et": "DorsalColumn",
    "off": 16074,
    "sff": "dorsal"
  },
  {
    "docID": "N030 Massey 2006 16624960",
    "et": "DorsalColumn",
    "off": 47597,
    "sff": "dorsal column"
  },
  {
    "docID": "N030 Massey 2006 16624960",
    "et": "DorsalColumn",
    "off": 1135,
    "sff": "dorsal column"
  },
  {
    "docID": "N030 Massey 2006 16624960",
    "et": "DorsalColumn",
    "off": 24405,
    "sff": "dorsal"
  },
  {
    "docID": "N030 Massey 2006 16624960",
    "et": "DorsalColumn",
    "off": 49748,
    "sff": "dorsal"
  },
  {
    "docID": "N030 Massey 2006 16624960",
    "et": "SpragueDawleyRat",
    "off": 5803,
    "sff": "Sprague Dawley"
  },
  {
    "docID": "N030 Massey 2006 16624960",
    "et": "ChondroitinaseABC",
    "off": 52155,
    "sff": "chondroitinase ABC"
  },
  {
    "docID": "N030 Massey 2006 16624960",
    "et": "ChondroitinaseABC",
    "off": 43137,
    "sff": "Chondroitinase ABC"
  },
  {
    "docID": "N030 Massey 2006 16624960",
    "et": "ChondroitinaseABC",
    "off": 42925,
    "sff": "Chondroitinase"
  },
  {
    "docID": "N030 Massey 2006 16624960",
    "et": "ChondroitinaseABC",
    "off": 42496,
    "sff": "chondroitinase ABC"
  },
  {
    "docID": "N030 Massey 2006 16624960",
    "et": "ChondroitinaseABC",
    "off": 49344,
    "sff": "chondroitinase ABC"
  },
  {
    "docID": "N030 Massey 2006 16624960",
    "et": "ChondroitinaseABC",
    "off": 44859,
    "sff": "chondroitinase"
  },
  {
    "docID": "N030 Massey 2006 16624960",
    "et": "ChondroitinaseABC",
    "off": 3080,
    "sff": "chondroitinase ABC"
  },
  {
    "docID": "N030 Massey 2006 16624960",
    "et": "ChondroitinaseABC",
    "off": 108,
    "sff": "Chondroitinase ABC"
  },
  {
    "docID": "N030 Massey 2006 16624960",
    "et": "ChondroitinaseABC",
    "off": 53064,
    "sff": "chondroitinase ABC"
  },
  {
    "docID": "N030 Massey 2006 16624960",
    "et": "ChondroitinaseABC",
    "off": 45397,
    "sff": "Chondroitinase ABC"
  },
  {
    "docID": "N030 Massey 2006 16624960",
    "et": "ChondroitinaseABC",
    "off": 42216,
    "sff": "Chondroitinase ABC"
  },
  {
    "docID": "N030 Massey 2006 16624960",
    "et": "ChondroitinaseABC",
    "off": 1043,
    "sff": "chondroitinase ABC"
  },
  {
    "docID": "N030 Massey 2006 16624960",
    "et": "ChondroitinaseABC",
    "off": 52809,
    "sff": "Chondroitinase ABC"
  },
  {
    "docID": "N030 Massey 2006 16624960",
    "et": "Left",
    "off": 6494,
    "sff": "left"
  },
  {
    "docID": "N030 Massey 2006 16624960",
    "et": "Left",
    "off": 15010,
    "sff": "left"
  },
  {
    "docID": "N030 Massey 2006 16624960",
    "et": "SubstanceApplicationLocation",
    "off": 42647,
    "sff": "Application"
  },
  {
    "docID": "N030 Massey 2006 16624960",
    "et": "SubstanceApplicationLocation",
    "off": 41726,
    "sff": "application"
  },
  {
    "docID": "N030 Massey 2006 16624960",
    "et": "SubstanceApplicationLocation",
    "off": 35839,
    "sff": "application"
  },
  {
    "docID": "N030 Massey 2006 16624960",
    "et": "SubstanceApplicationLocation",
    "off": 5376,
    "sff": "application"
  },
  {
    "docID": "N030 Massey 2006 16624960",
    "et": "SubstanceApplicationLocation",
    "off": 1007,
    "sff": "application"
  },
  {
    "docID": "N030 Massey 2006 16624960",
    "et": "SubstanceApplicationLocation",
    "off": 35279,
    "sff": "Application"
  },
  {
    "docID": "N030 Massey 2006 16624960",
    "et": "SubstanceApplicationLocation",
    "off": 3162,
    "sff": "application"
  },
  {
    "docID": "N030 Massey 2006 16624960",
    "et": "C4",
    "off": 25123,
    "sff": "C4"
  },
  {
    "docID": "N030 Massey 2006 16624960",
    "et": "C4",
    "off": 18695,
    "sff": "C4"
  },
  {
    "docID": "N030 Massey 2006 16624960",
    "et": "C4",
    "off": 12415,
    "sff": "C4"
  },
  {
    "docID": "N030 Massey 2006 16624960",
    "et": "Tissue",
    "off": 48914,
    "sff": "tissue"
  },
  {
    "docID": "N030 Massey 2006 16624960",
    "et": "Tissue",
    "off": 52023,
    "sff": "tissue"
  },
  {
    "docID": "N030 Massey 2006 16624960",
    "et": "Tissue",
    "off": 7111,
    "sff": "tissue"
  },
  {
    "docID": "N030 Massey 2006 16624960",
    "et": "Tissue",
    "off": 45449,
    "sff": "tissue"
  },
  {
    "docID": "N030 Massey 2006 16624960",
    "et": "Tissue",
    "off": 7659,
    "sff": "tissue"
  },
  {
    "docID": "N030 Massey 2006 16624960",
    "et": "C5",
    "off": 6159,
    "sff": "C5"
  },
  {
    "docID": "N030 Massey 2006 16624960",
    "et": "C6",
    "off": 25347,
    "sff": "C6"
  },
  {
    "docID": "N030 Massey 2006 16624960",
    "et": "C6",
    "off": 5507,
    "sff": "C6"
  },
  {
    "docID": "N030 Massey 2006 16624960",
    "et": "C6",
    "off": 20323,
    "sff": "C6"
  },
  {
    "docID": "N030 Massey 2006 16624960",
    "et": "C6",
    "off": 16117,
    "sff": "C6"
  },
  {
    "docID": "N030 Massey 2006 16624960",
    "et": "C6",
    "off": 6166,
    "sff": "C6"
  },
  {
    "docID": "N030 Massey 2006 16624960",
    "et": "C6",
    "off": 1209,
    "sff": "C6"
  },
  {
    "docID": "N030 Massey 2006 16624960",
    "et": "C6",
    "off": 18509,
    "sff": "C6"
  },
  {
    "docID": "N030 Massey 2006 16624960",
    "et": "C6",
    "off": 27343,
    "sff": "C6"
  },
  {
    "docID": "N030 Massey 2006 16624960",
    "et": "C6",
    "off": 19091,
    "sff": "C6"
  },
  {
    "docID": "N030 Massey 2006 16624960",
    "et": "C6",
    "off": 21285,
    "sff": "C6"
  },
  {
    "docID": "N030 Massey 2006 16624960",
    "et": "C6",
    "off": 34153,
    "sff": "C6"
  },
  {
    "docID": "N030 Massey 2006 16624960",
    "et": "C6",
    "off": 30507,
    "sff": "C6"
  },
  {
    "docID": "N030 Massey 2006 16624960",
    "et": "C6",
    "off": 6347,
    "sff": "C6"
  },
  {
    "docID": "N030 Massey 2006 16624960",
    "et": "C7",
    "off": 1213,
    "sff": "C7"
  },
  {
    "docID": "N030 Massey 2006 16624960",
    "et": "C7",
    "off": 16124,
    "sff": "C7"
  },
  {
    "docID": "N030 Massey 2006 16624960",
    "et": "C7",
    "off": 30510,
    "sff": "C7"
  },
  {
    "docID": "N030 Massey 2006 16624960",
    "et": "C7",
    "off": 18513,
    "sff": "C7"
  },
  {
    "docID": "N030 Massey 2006 16624960",
    "et": "C7",
    "off": 27346,
    "sff": "C7"
  },
  {
    "docID": "N030 Massey 2006 16624960",
    "et": "C7",
    "off": 5511,
    "sff": "C7"
  },
  {
    "docID": "N030 Massey 2006 16624960",
    "et": "C7",
    "off": 19095,
    "sff": "C7"
  },
  {
    "docID": "N030 Massey 2006 16624960",
    "et": "C7",
    "off": 20327,
    "sff": "C7"
  },
  {
    "docID": "N030 Massey 2006 16624960",
    "et": "C7",
    "off": 33511,
    "sff": "C7"
  },
  {
    "docID": "N030 Massey 2006 16624960",
    "et": "C7",
    "off": 21289,
    "sff": "C7"
  },
  {
    "docID": "N030 Massey 2006 16624960",
    "et": "C7",
    "off": 6362,
    "sff": "C7"
  },
  {
    "docID": "N030 Massey 2006 16624960",
    "et": "CatSpecies",
    "off": 17900,
    "sff": "Cat"
  },
  {
    "docID": "N030 Massey 2006 16624960",
    "et": "CatSpecies",
    "off": 46300,
    "sff": "Cat"
  },
  {
    "docID": "N030 Massey 2006 16624960",
    "et": "CatSpecies",
    "off": 17043,
    "sff": "Cat"
  },
  {
    "docID": "N030 Massey 2006 16624960",
    "et": "CatSpecies",
    "off": 12679,
    "sff": "Cat"
  },
  {
    "docID": "N030 Massey 2006 16624960",
    "et": "CatSpecies",
    "off": 46694,
    "sff": "cat"
  },
  {
    "docID": "N030 Massey 2006 16624960",
    "et": "InjectionDelivery",
    "off": 7131,
    "sff": "injection"
  },
  {
    "docID": "N030 Massey 2006 16624960",
    "et": "InjectionDelivery",
    "off": 23496,
    "sff": "injection"
  },
  {
    "docID": "N030 Massey 2006 16624960",
    "et": "InjectionDelivery",
    "off": 24926,
    "sff": "injection"
  },
  {
    "docID": "N030 Massey 2006 16624960",
    "et": "InjectionDelivery",
    "off": 1293,
    "sff": "injection"
  },
  {
    "docID": "N030 Massey 2006 16624960",
    "et": "InjectionDelivery",
    "off": 7869,
    "sff": "injection"
  },
  {
    "docID": "N030 Massey 2006 16624960",
    "et": "InjectionDelivery",
    "off": 1458,
    "sff": "injection"
  },
  {
    "docID": "N030 Massey 2006 16624960",
    "et": "InjectionDelivery",
    "off": 24641,
    "sff": "injection"
  },
  {
    "docID": "N030 Massey 2006 16624960",
    "et": "InjectionDelivery",
    "off": 7798,
    "sff": "injection"
  },
  {
    "docID": "N030 Massey 2006 16624960",
    "et": "InjectionDelivery",
    "off": 1509,
    "sff": "injection"
  },
  {
    "docID": "N030 Massey 2006 16624960",
    "et": "InjectionDelivery",
    "off": 42483,
    "sff": "injection"
  },
  {
    "docID": "N030 Massey 2006 16624960",
    "et": "SpinalLesionSite",
    "off": 33022,
    "sff": "lesion"
  },
  {
    "docID": "N030 Massey 2006 16624960",
    "et": "SpinalLesionSite",
    "off": 46013,
    "sff": "spinal"
  },
  {
    "docID": "N030 Massey 2006 16624960",
    "et": "SpinalLesionSite",
    "off": 33156,
    "sff": "lesion"
  },
  {
    "docID": "N030 Massey 2006 16624960",
    "et": "SpinalLesionSite",
    "off": 34308,
    "sff": "lesion"
  },
  {
    "docID": "N030 Massey 2006 16624960",
    "et": "SpinalLesionSite",
    "off": 47873,
    "sff": "spinal"
  },
  {
    "docID": "N030 Massey 2006 16624960",
    "et": "SpinalLesionSite",
    "off": 2054,
    "sff": "lesion"
  },
  {
    "docID": "N030 Massey 2006 16624960",
    "et": "SpinalLesionSite",
    "off": 240,
    "sff": "Spinal"
  },
  {
    "docID": "N030 Massey 2006 16624960",
    "et": "SpinalLesionSite",
    "off": 25350,
    "sff": "spinal"
  },
  {
    "docID": "N030 Massey 2006 16624960",
    "et": "SpinalLesionSite",
    "off": 33477,
    "sff": "spinal"
  },
  {
    "docID": "N030 Massey 2006 16624960",
    "et": "SpinalLesionSite",
    "off": 44936,
    "sff": "spinal"
  },
  {
    "docID": "N030 Massey 2006 16624960",
    "et": "SpinalLesionSite",
    "off": 2184,
    "sff": "spinal"
  },
  {
    "docID": "N030 Massey 2006 16624960",
    "et": "SpinalLesionSite",
    "off": 51018,
    "sff": "spinal"
  },
  {
    "docID": "N030 Massey 2006 16624960",
    "et": "SpinalLesionSite",
    "off": 4298,
    "sff": "spinal"
  },
  {
    "docID": "N030 Massey 2006 16624960",
    "et": "SpinalLesionSite",
    "off": 35404,
    "sff": "spinal"
  },
  {
    "docID": "N030 Massey 2006 16624960",
    "et": "SpinalLesionSite",
    "off": 6536,
    "sff": "lesion"
  },
  {
    "docID": "N030 Massey 2006 16624960",
    "et": "SpinalLesionSite",
    "off": 49933,
    "sff": "spinal"
  },
  {
    "docID": "N030 Massey 2006 16624960",
    "et": "SpinalLesionSite",
    "off": 43024,
    "sff": "spinal"
  },
  {
    "docID": "N030 Massey 2006 16624960",
    "et": "SpinalLesionSite",
    "off": 47057,
    "sff": "spinal"
  },
  {
    "docID": "N030 Massey 2006 16624960",
    "et": "SpinalLesionSite",
    "off": 46164,
    "sff": "spinal"
  },
  {
    "docID": "N030 Massey 2006 16624960",
    "et": "SpinalLesionSite",
    "off": 34131,
    "sff": "spinal"
  },
  {
    "docID": "N030 Massey 2006 16624960",
    "et": "SpinalLesionSite",
    "off": 52883,
    "sff": "spinal"
  },
  {
    "docID": "N030 Massey 2006 16624960",
    "et": "SpinalLesionSite",
    "off": 44438,
    "sff": "spinal"
  },
  {
    "docID": "N030 Massey 2006 16624960",
    "et": "SpinalLesionSite",
    "off": 32988,
    "sff": "lesion"
  },
  {
    "docID": "N030 Massey 2006 16624960",
    "et": "SpinalLesionSite",
    "off": 19098,
    "sff": "spinal"
  },
  {
    "docID": "N030 Massey 2006 16624960",
    "et": "SpinalLesionSite",
    "off": 53019,
    "sff": "spinal"
  },
  {
    "docID": "N030 Massey 2006 16624960",
    "et": "SpinalLesionSite",
    "off": 42270,
    "sff": "spinal"
  },
  {
    "docID": "N030 Massey 2006 16624960",
    "et": "SpinalLesionSite",
    "off": 43232,
    "sff": "spinal"
  },
  {
    "docID": "N030 Massey 2006 16624960",
    "et": "SpinalLesionSite",
    "off": 44255,
    "sff": "spinal"
  },
  {
    "docID": "N030 Massey 2006 16624960",
    "et": "SpinalLesionSite",
    "off": 11362,
    "sff": "spinal"
  },
  {
    "docID": "N030 Massey 2006 16624960",
    "et": "SpinalLesionSite",
    "off": 49764,
    "sff": "spinal"
  },
  {
    "docID": "N030 Massey 2006 16624960",
    "et": "SpinalLesionSite",
    "off": 25126,
    "sff": "spinal"
  },
  {
    "docID": "N030 Massey 2006 16624960",
    "et": "SpinalLesionSite",
    "off": 52006,
    "sff": "spinal"
  },
  {
    "docID": "N030 Massey 2006 16624960",
    "et": "SpinalLesionSite",
    "off": 6438,
    "sff": "spinal"
  },
  {
    "docID": "N030 Massey 2006 16624960",
    "et": "SpinalLesionSite",
    "off": 51751,
    "sff": "spinal"
  },
  {
    "docID": "N030 Massey 2006 16624960",
    "et": "SpinalLesionSite",
    "off": 33514,
    "sff": "spinal"
  },
  {
    "docID": "N030 Massey 2006 16624960",
    "et": "SpinalLesionSite",
    "off": 2243,
    "sff": "Spinal"
  },
  {
    "docID": "N030 Massey 2006 16624960",
    "et": "SpinalLesionSite",
    "off": 20330,
    "sff": "spinal"
  },
  {
    "docID": "N030 Massey 2006 16624960",
    "et": "SpinalLesionSite",
    "off": 32873,
    "sff": "spinal"
  },
  {
    "docID": "N030 Massey 2006 16624960",
    "et": "SpinalLesionSite",
    "off": 8491,
    "sff": "spinal"
  },
  {
    "docID": "N030 Massey 2006 16624960",
    "et": "SpinalLesionSite",
    "off": 51564,
    "sff": "spinal"
  },
  {
    "docID": "N030 Massey 2006 16624960",
    "et": "SpinalLesionSite",
    "off": 518,
    "sff": "Spinal"
  },
  {
    "docID": "N030 Massey 2006 16624960",
    "et": "SpinalLesionSite",
    "off": 8303,
    "sff": "spinal"
  },
  {
    "docID": "N030 Massey 2006 16624960",
    "et": "SpinalLesionSite",
    "off": 10927,
    "sff": "spinal"
  },
  {
    "docID": "N030 Massey 2006 16624960",
    "et": "SpinalLesionSite",
    "off": 36399,
    "sff": "spinal"
  },
  {
    "docID": "N030 Massey 2006 16624960",
    "et": "SpinalLesionSite",
    "off": 33526,
    "sff": "lesion"
  },
  {
    "docID": "N030 Massey 2006 16624960",
    "et": "SpinalLesionSite",
    "off": 24696,
    "sff": "spinal"
  },
  {
    "docID": "N030 Massey 2006 16624960",
    "et": "AnimalSpecies",
    "off": 33667,
    "sff": "animal"
  },
  {
    "docID": "N030 Massey 2006 16624960",
    "et": "AnimalSpecies",
    "off": 5666,
    "sff": "Animal"
  },
  {
    "docID": "N030 Massey 2006 16624960",
    "et": "CompoundBiologicalRelation",
    "off": 11778,
    "sff": "Biological"
  },
  {
    "docID": "N030 Massey 2006 16624960",
    "et": "Saline",
    "off": 11461,
    "sff": "saline"
  },
  {
    "docID": "N030 Massey 2006 16624960",
    "et": "Right",
    "off": 7813,
    "sff": "right"
  },
  {
    "docID": "N030 Massey 2006 16624960",
    "et": "Right",
    "off": 15000,
    "sff": "right"
  },
  {
    "docID": "N030 Massey 2006 16624960",
    "et": "Right",
    "off": 7196,
    "sff": "right"
  },
  {
    "docID": "N030 Massey 2006 16624960",
    "et": "Right",
    "off": 6413,
    "sff": "right"
  },
  {
    "docID": "N030 Massey 2006 16624960",
    "et": "Right",
    "off": 8046,
    "sff": "right"
  },
  {
    "docID": "N030 Massey 2006 16624960",
    "et": "Right",
    "off": 15070,
    "sff": "right"
  },
  {
    "docID": "N030 Massey 2006 16624960",
    "et": "Right",
    "off": 6463,
    "sff": "right"
  },
  {
    "docID": "N030 Massey 2006 16624960",
    "et": "IntramuscularLocation",
    "off": 5846,
    "sff": "intramuscular"
  },
  {
    "docID": "N030 Massey 2006 16624960",
    "et": "SpinalCord",
    "off": 43024,
    "sff": "spinal cord"
  },
  {
    "docID": "N030 Massey 2006 16624960",
    "et": "SpinalCord",
    "off": 46164,
    "sff": "spinal cord"
  },
  {
    "docID": "N030 Massey 2006 16624960",
    "et": "SpinalCord",
    "off": 52883,
    "sff": "spinal cord"
  },
  {
    "docID": "N030 Massey 2006 16624960",
    "et": "SpinalCord",
    "off": 34131,
    "sff": "spinal cord"
  },
  {
    "docID": "N030 Massey 2006 16624960",
    "et": "SpinalCord",
    "off": 19098,
    "sff": "spinal cord"
  },
  {
    "docID": "N030 Massey 2006 16624960",
    "et": "SpinalCord",
    "off": 53019,
    "sff": "spinal cord"
  },
  {
    "docID": "N030 Massey 2006 16624960",
    "et": "SpinalCord",
    "off": 47873,
    "sff": "spinal cord"
  },
  {
    "docID": "N030 Massey 2006 16624960",
    "et": "SpinalCord",
    "off": 2243,
    "sff": "Spinal cord"
  },
  {
    "docID": "N030 Massey 2006 16624960",
    "et": "SpinalCord",
    "off": 33477,
    "sff": "spinal cord"
  },
  {
    "docID": "N030 Massey 2006 16624960",
    "et": "SpinalCord",
    "off": 2184,
    "sff": "spinal cord"
  },
  {
    "docID": "N030 Massey 2006 16624960",
    "et": "SpinalCord",
    "off": 44936,
    "sff": "spinal cord"
  },
  {
    "docID": "N030 Massey 2006 16624960",
    "et": "SpinalCord",
    "off": 25350,
    "sff": "spinal cord"
  },
  {
    "docID": "N030 Massey 2006 16624960",
    "et": "SpinalCord",
    "off": 35404,
    "sff": "spinal cord"
  },
  {
    "docID": "N030 Massey 2006 16624960",
    "et": "SpinalCord",
    "off": 49933,
    "sff": "spinal cord"
  },
  {
    "docID": "N030 Massey 2006 16624960",
    "et": "SpinalCord",
    "off": 518,
    "sff": "Spinal Cord"
  },
  {
    "docID": "N030 Massey 2006 16624960",
    "et": "SpinalCord",
    "off": 4298,
    "sff": "spinal cord"
  },
  {
    "docID": "N030 Massey 2006 16624960",
    "et": "SpinalCord",
    "off": 8491,
    "sff": "spinal"
  },
  {
    "docID": "N030 Massey 2006 16624960",
    "et": "SpinalCord",
    "off": 51018,
    "sff": "spinal cord"
  },
  {
    "docID": "N030 Massey 2006 16624960",
    "et": "SpinalCord",
    "off": 44438,
    "sff": "spinal"
  },
  {
    "docID": "N030 Massey 2006 16624960",
    "et": "SpinalCord",
    "off": 8303,
    "sff": "spinal cord"
  },
  {
    "docID": "N030 Massey 2006 16624960",
    "et": "SpinalCord",
    "off": 10927,
    "sff": "spinal cord"
  },
  {
    "docID": "N030 Massey 2006 16624960",
    "et": "SpinalCord",
    "off": 36399,
    "sff": "spinal cord"
  },
  {
    "docID": "N030 Massey 2006 16624960",
    "et": "SpinalCord",
    "off": 240,
    "sff": "Spinal Cord"
  },
  {
    "docID": "N030 Massey 2006 16624960",
    "et": "SpinalCord",
    "off": 24696,
    "sff": "spinal cord"
  },
  {
    "docID": "N030 Massey 2006 16624960",
    "et": "SpinalCord",
    "off": 46013,
    "sff": "spinal cord"
  },
  {
    "docID": "N030 Massey 2006 16624960",
    "et": "SpinalCord",
    "off": 43232,
    "sff": "spinal cord"
  },
  {
    "docID": "N030 Massey 2006 16624960",
    "et": "SpinalCord",
    "off": 42270,
    "sff": "spinal cord"
  },
  {
    "docID": "N030 Massey 2006 16624960",
    "et": "SpinalCord",
    "off": 44255,
    "sff": "spinal cord"
  },
  {
    "docID": "N030 Massey 2006 16624960",
    "et": "SpinalCord",
    "off": 49764,
    "sff": "spinal cord"
  },
  {
    "docID": "N030 Massey 2006 16624960",
    "et": "SpinalCord",
    "off": 11362,
    "sff": "spinal cord"
  },
  {
    "docID": "N030 Massey 2006 16624960",
    "et": "SpinalCord",
    "off": 32873,
    "sff": "spinal cord"
  },
  {
    "docID": "N030 Massey 2006 16624960",
    "et": "SpinalCord",
    "off": 47057,
    "sff": "spinal"
  },
  {
    "docID": "N030 Massey 2006 16624960",
    "et": "SpinalCord",
    "off": 6438,
    "sff": "spinal cord"
  },
  {
    "docID": "N030 Massey 2006 16624960",
    "et": "SpinalCord",
    "off": 25126,
    "sff": "spinal cord"
  },
  {
    "docID": "N030 Massey 2006 16624960",
    "et": "SpinalCord",
    "off": 51751,
    "sff": "spinal cord"
  },
  {
    "docID": "N030 Massey 2006 16624960",
    "et": "SpinalCord",
    "off": 52006,
    "sff": "spinal cord"
  },
  {
    "docID": "N030 Massey 2006 16624960",
    "et": "SpinalCord",
    "off": 51564,
    "sff": "spinal cord"
  },
  {
    "docID": "N030 Massey 2006 16624960",
    "et": "SpinalCord",
    "off": 20330,
    "sff": "spinal cord"
  },
  {
    "docID": "N030 Massey 2006 16624960",
    "et": "SpinalCord",
    "off": 33514,
    "sff": "spinal cord"
  },
  {
    "docID": "N030 Massey 2006 16624960",
    "et": "Vertebrae",
    "off": 6169,
    "sff": "vertebrae"
  },
  {
    "docID": "N030 Massey 2006 16624960",
    "et": "LesionAdjacentTissue",
    "off": 19534,
    "sff": "adjacent"
  },
  {
    "docID": "N030 Massey 2006 16624960",
    "et": "LesionAdjacentTissue",
    "off": 16264,
    "sff": "adjacent"
  },
  {
    "docID": "N030 Massey 2006 16624960",
    "et": "LesionAdjacentTissue",
    "off": 33526,
    "sff": "lesion"
  },
  {
    "docID": "N030 Massey 2006 16624960",
    "et": "LesionAdjacentTissue",
    "off": 27025,
    "sff": "adjacent"
  },
  {
    "docID": "N030 Massey 2006 16624960",
    "et": "LesionAdjacentTissue",
    "off": 18076,
    "sff": "adjacent"
  },
  {
    "docID": "N030 Massey 2006 16624960",
    "et": "LesionAdjacentTissue",
    "off": 20669,
    "sff": "adjacent"
  },
  {
    "docID": "N030 Massey 2006 16624960",
    "et": "LesionAdjacentTissue",
    "off": 33022,
    "sff": "lesion"
  },
  {
    "docID": "N030 Massey 2006 16624960",
    "et": "LesionAdjacentTissue",
    "off": 23769,
    "sff": "adjacent"
  },
  {
    "docID": "N030 Massey 2006 16624960",
    "et": "LesionAdjacentTissue",
    "off": 32988,
    "sff": "lesion"
  },
  {
    "docID": "N030 Massey 2006 16624960",
    "et": "LesionAdjacentTissue",
    "off": 26851,
    "sff": "adjacent"
  },
  {
    "docID": "N030 Massey 2006 16624960",
    "et": "LesionAdjacentTissue",
    "off": 6536,
    "sff": "lesion"
  },
  {
    "docID": "N030 Massey 2006 16624960",
    "et": "LesionAdjacentTissue",
    "off": 2054,
    "sff": "lesion"
  },
  {
    "docID": "N030 Massey 2006 16624960",
    "et": "LesionAdjacentTissue",
    "off": 33156,
    "sff": "lesion"
  },
  {
    "docID": "N030 Massey 2006 16624960",
    "et": "LesionAdjacentTissue",
    "off": 34308,
    "sff": "lesion"
  },
  {
    "docID": "N030 Massey 2006 16624960",
    "et": "CentralNervousSystem",
    "off": 3778,
    "sff": "nervous"
  },
  {
    "docID": "N030 Massey 2006 16624960",
    "et": "CentralNervousSystem",
    "off": 52363,
    "sff": "central"
  },
  {
    "docID": "N030 Massey 2006 16624960",
    "et": "CentralNervousSystem",
    "off": 6669,
    "sff": "central"
  },
  {
    "docID": "N030 Massey 2006 16624960",
    "et": "CentralNervousSystem",
    "off": 8015,
    "sff": "central"
  },
  {
    "docID": "N030 Massey 2006 16624960",
    "et": "CentralNervousSystem",
    "off": 51200,
    "sff": "nervous system"
  },
  {
    "docID": "N030 Massey 2006 16624960",
    "et": "CentralNervousSystem",
    "off": 51200,
    "sff": "nervous"
  },
  {
    "docID": "N030 Massey 2006 16624960",
    "et": "CentralNervousSystem",
    "off": 3778,
    "sff": "nervous system"
  },
  {
    "docID": "N030 Massey 2006 16624960",
    "et": "CentralNervousSystem",
    "off": 48906,
    "sff": "nervous"
  },
  {
    "docID": "N030 Massey 2006 16624960",
    "et": "OscillatingFieldStimulator",
    "off": 19991,
    "sff": "field"
  },
  {
    "docID": "N030 Massey 2006 16624960",
    "et": "OscillatingFieldStimulator",
    "off": 11093,
    "sff": "field"
  },
  {
    "docID": "N030 Massey 2006 16624960",
    "et": "OscillatingFieldStimulator",
    "off": 8883,
    "sff": "field"
  },
  {
    "docID": "N030 Massey 2006 16624960",
    "et": "OscillatingFieldStimulator",
    "off": 34228,
    "sff": "field"
  },
  {
    "docID": "N030 Massey 2006 16624960",
    "et": "OscillatingFieldStimulator",
    "off": 8721,
    "sff": "field"
  },
  {
    "docID": "N030 Massey 2006 16624960",
    "et": "OscillatingFieldStimulator",
    "off": 10130,
    "sff": "field"
  },
  {
    "docID": "N030 Massey 2006 16624960",
    "et": "OscillatingFieldStimulator",
    "off": 21536,
    "sff": "field"
  },
  {
    "docID": "N030 Massey 2006 16624960",
    "et": "OscillatingFieldStimulator",
    "off": 14429,
    "sff": "field"
  },
  {
    "docID": "N030 Massey 2006 16624960",
    "et": "OscillatingFieldStimulator",
    "off": 1640,
    "sff": "field"
  },
  {
    "docID": "N030 Massey 2006 16624960",
    "et": "OscillatingFieldStimulator",
    "off": 50630,
    "sff": "field"
  },
  {
    "docID": "N030 Massey 2006 16624960",
    "et": "OscillatingFieldStimulator",
    "off": 33762,
    "sff": "field"
  },
  {
    "docID": "N030 Massey 2006 16624960",
    "et": "OscillatingFieldStimulator",
    "off": 21040,
    "sff": "field"
  },
  {
    "docID": "N030 Massey 2006 16624960",
    "et": "OscillatingFieldStimulator",
    "off": 5325,
    "sff": "field"
  },
  {
    "docID": "N030 Massey 2006 16624960",
    "et": "OscillatingFieldStimulator",
    "off": 16333,
    "sff": "field"
  },
  {
    "docID": "N030 Massey 2006 16624960",
    "et": "OscillatingFieldStimulator",
    "off": 31821,
    "sff": "field"
  },
  {
    "docID": "N030 Massey 2006 16624960",
    "et": "OscillatingFieldStimulator",
    "off": 19820,
    "sff": "field"
  },
  {
    "docID": "N030 Massey 2006 16624960",
    "et": "Location",
    "off": 33198,
    "sff": "location"
  },
  {
    "docID": "N030 Massey 2006 16624960",
    "et": "Matrix",
    "off": 17103,
    "sff": "matrix"
  },
  {
    "docID": "N030 Massey 2006 16624960",
    "et": "Matrix",
    "off": 35169,
    "sff": "matrix"
  },
  {
    "docID": "N030 Massey 2006 16624960",
    "et": "Matrix",
    "off": 38049,
    "sff": "matrix"
  },
  {
    "docID": "N030 Massey 2006 16624960",
    "et": "Matrix",
    "off": 37874,
    "sff": "matrix"
  },
  {
    "docID": "N030 Massey 2006 16624960",
    "et": "Matrix",
    "off": 34659,
    "sff": "matrix"
  },
  {
    "docID": "N030 Massey 2006 16624960",
    "et": "Matrix",
    "off": 22180,
    "sff": "matrix"
  },
  {
    "docID": "N030 Massey 2006 16624960",
    "et": "Matrix",
    "off": 52725,
    "sff": "matrix"
  },
  {
    "docID": "N030 Massey 2006 16624960",
    "et": "Matrix",
    "off": 49879,
    "sff": "matrix"
  },
  {
    "docID": "N030 Massey 2006 16624960",
    "et": "Matrix",
    "off": 36263,
    "sff": "matrix"
  },
  {
    "docID": "N030 Massey 2006 16624960",
    "et": "Matrix",
    "off": 3481,
    "sff": "matrix"
  },
  {
    "docID": "N030 Massey 2006 16624960",
    "et": "Matrix",
    "off": 4555,
    "sff": "matrix"
  },
  {
    "docID": "N030 Massey 2006 16624960",
    "et": "NuclearTransfection",
    "off": 11690,
    "sff": "nuclear"
  },
  {
    "docID": "N030 Massey 2006 16624960",
    "et": "SpinalCentralPart",
    "off": 47873,
    "sff": "spinal"
  },
  {
    "docID": "N030 Massey 2006 16624960",
    "et": "SpinalCentralPart",
    "off": 8015,
    "sff": "central"
  },
  {
    "docID": "N030 Massey 2006 16624960",
    "et": "SpinalCentralPart",
    "off": 6669,
    "sff": "central"
  },
  {
    "docID": "N030 Massey 2006 16624960",
    "et": "SpinalCentralPart",
    "off": 46013,
    "sff": "spinal"
  },
  {
    "docID": "N030 Massey 2006 16624960",
    "et": "SpinalCentralPart",
    "off": 52363,
    "sff": "central"
  },
  {
    "docID": "N030 Massey 2006 16624960",
    "et": "SpinalCentralPart",
    "off": 51018,
    "sff": "spinal"
  },
  {
    "docID": "N030 Massey 2006 16624960",
    "et": "SpinalCentralPart",
    "off": 24696,
    "sff": "spinal"
  },
  {
    "docID": "N030 Massey 2006 16624960",
    "et": "SpinalCentralPart",
    "off": 49933,
    "sff": "spinal"
  },
  {
    "docID": "N030 Massey 2006 16624960",
    "et": "SpinalCentralPart",
    "off": 47057,
    "sff": "spinal"
  },
  {
    "docID": "N030 Massey 2006 16624960",
    "et": "SpinalCentralPart",
    "off": 43024,
    "sff": "spinal"
  },
  {
    "docID": "N030 Massey 2006 16624960",
    "et": "SpinalCentralPart",
    "off": 35404,
    "sff": "spinal"
  },
  {
    "docID": "N030 Massey 2006 16624960",
    "et": "SpinalCentralPart",
    "off": 4298,
    "sff": "spinal"
  },
  {
    "docID": "N030 Massey 2006 16624960",
    "et": "SpinalCentralPart",
    "off": 2243,
    "sff": "Spinal"
  },
  {
    "docID": "N030 Massey 2006 16624960",
    "et": "SpinalCentralPart",
    "off": 2184,
    "sff": "spinal"
  },
  {
    "docID": "N030 Massey 2006 16624960",
    "et": "SpinalCentralPart",
    "off": 44936,
    "sff": "spinal"
  },
  {
    "docID": "N030 Massey 2006 16624960",
    "et": "SpinalCentralPart",
    "off": 25350,
    "sff": "spinal"
  },
  {
    "docID": "N030 Massey 2006 16624960",
    "et": "SpinalCentralPart",
    "off": 33477,
    "sff": "spinal"
  },
  {
    "docID": "N030 Massey 2006 16624960",
    "et": "SpinalCentralPart",
    "off": 518,
    "sff": "Spinal"
  },
  {
    "docID": "N030 Massey 2006 16624960",
    "et": "SpinalCentralPart",
    "off": 43232,
    "sff": "spinal"
  },
  {
    "docID": "N030 Massey 2006 16624960",
    "et": "SpinalCentralPart",
    "off": 44255,
    "sff": "spinal"
  },
  {
    "docID": "N030 Massey 2006 16624960",
    "et": "SpinalCentralPart",
    "off": 49764,
    "sff": "spinal"
  },
  {
    "docID": "N030 Massey 2006 16624960",
    "et": "SpinalCentralPart",
    "off": 42270,
    "sff": "spinal"
  },
  {
    "docID": "N030 Massey 2006 16624960",
    "et": "SpinalCentralPart",
    "off": 52006,
    "sff": "spinal"
  },
  {
    "docID": "N030 Massey 2006 16624960",
    "et": "SpinalCentralPart",
    "off": 51751,
    "sff": "spinal"
  },
  {
    "docID": "N030 Massey 2006 16624960",
    "et": "SpinalCentralPart",
    "off": 19098,
    "sff": "spinal"
  },
  {
    "docID": "N030 Massey 2006 16624960",
    "et": "SpinalCentralPart",
    "off": 51564,
    "sff": "spinal"
  },
  {
    "docID": "N030 Massey 2006 16624960",
    "et": "SpinalCentralPart",
    "off": 44438,
    "sff": "spinal"
  },
  {
    "docID": "N030 Massey 2006 16624960",
    "et": "SpinalCentralPart",
    "off": 46164,
    "sff": "spinal"
  },
  {
    "docID": "N030 Massey 2006 16624960",
    "et": "SpinalCentralPart",
    "off": 34131,
    "sff": "spinal"
  },
  {
    "docID": "N030 Massey 2006 16624960",
    "et": "SpinalCentralPart",
    "off": 52883,
    "sff": "spinal"
  },
  {
    "docID": "N030 Massey 2006 16624960",
    "et": "SpinalCentralPart",
    "off": 8303,
    "sff": "spinal"
  },
  {
    "docID": "N030 Massey 2006 16624960",
    "et": "SpinalCentralPart",
    "off": 10927,
    "sff": "spinal"
  },
  {
    "docID": "N030 Massey 2006 16624960",
    "et": "SpinalCentralPart",
    "off": 36399,
    "sff": "spinal"
  },
  {
    "docID": "N030 Massey 2006 16624960",
    "et": "SpinalCentralPart",
    "off": 8491,
    "sff": "spinal"
  },
  {
    "docID": "N030 Massey 2006 16624960",
    "et": "SpinalCentralPart",
    "off": 240,
    "sff": "Spinal"
  },
  {
    "docID": "N030 Massey 2006 16624960",
    "et": "SpinalCentralPart",
    "off": 20330,
    "sff": "spinal"
  },
  {
    "docID": "N030 Massey 2006 16624960",
    "et": "SpinalCentralPart",
    "off": 33514,
    "sff": "spinal"
  },
  {
    "docID": "N030 Massey 2006 16624960",
    "et": "SpinalCentralPart",
    "off": 32873,
    "sff": "spinal"
  },
  {
    "docID": "N030 Massey 2006 16624960",
    "et": "SpinalCentralPart",
    "off": 53019,
    "sff": "spinal"
  },
  {
    "docID": "N030 Massey 2006 16624960",
    "et": "SpinalCentralPart",
    "off": 6438,
    "sff": "spinal"
  },
  {
    "docID": "N030 Massey 2006 16624960",
    "et": "SpinalCentralPart",
    "off": 25126,
    "sff": "spinal"
  },
  {
    "docID": "N030 Massey 2006 16624960",
    "et": "SpinalCentralPart",
    "off": 11362,
    "sff": "spinal"
  },
  {
    "docID": "N030 Massey 2006 16624960",
    "et": "AnatomicalLocation",
    "off": 16839,
    "sff": "anatomical"
  },
  {
    "docID": "N030 Massey 2006 16624960",
    "et": "AnatomicalLocation",
    "off": 8419,
    "sff": "anatomical"
  },
  {
    "docID": "N030 Massey 2006 16624960",
    "et": "AnatomicalLocation",
    "off": 2148,
    "sff": "anatomical"
  },
  {
    "docID": "N030 Massey 2006 16624960",
    "et": "AnatomicalLocation",
    "off": 28481,
    "sff": "anatomical"
  },
  {
    "docID": "N030 Massey 2006 16624960",
    "et": "AnatomicalLocation",
    "off": 5277,
    "sff": "anatomical"
  },
  {
    "docID": "N030 Massey 2006 16624960",
    "et": "AnatomicalLocation",
    "off": 12060,
    "sff": "anatomical"
  },
  {
    "docID": "N030 Massey 2006 16624960",
    "et": "AnatomicalLocation",
    "off": 32917,
    "sff": "anatomical"
  },
  {
    "docID": "N030 Massey 2006 16624960",
    "et": "AnatomicalLocation",
    "off": 1684,
    "sff": "anatomical"
  },
  {
    "docID": "N030 Massey 2006 16624960",
    "et": "AnatomicalLocation",
    "off": 11855,
    "sff": "anatomical"
  },
  {
    "docID": "N030 Massey 2006 16624960",
    "et": "AnatomicalLocation",
    "off": 19951,
    "sff": "anatomical"
  },
  {
    "docID": "N030 Massey 2006 16624960",
    "et": "AnatomicalLocation",
    "off": 27353,
    "sff": "Anatomical"
  },
  {
    "docID": "N030 Massey 2006 16624960",
    "et": "AnatomicalLocation",
    "off": 16461,
    "sff": "anatomical"
  },
  {
    "docID": "N030 Massey 2006 16624960",
    "et": "AnatomicalLocation",
    "off": 47566,
    "sff": "anatomical"
  },
  {
    "docID": "N030 Massey 2006 16624960",
    "et": "AnatomicalLocation",
    "off": 36363,
    "sff": "anatomical"
  },
  {
    "docID": "N030 Massey 2006 16624960",
    "et": "Ketamine",
    "off": 5887,
    "sff": "ketamine"
  },
  {
    "docID": "N030 Massey 2006 16624960",
    "et": "Brain",
    "off": 45639,
    "sff": "Brain"
  },
  {
    "docID": "N030 Massey 2006 16624960",
    "et": "Brain",
    "off": 45215,
    "sff": "brain"
  },
  {
    "docID": "N030 Massey 2006 16624960",
    "et": "Brain",
    "off": 47254,
    "sff": "Brain"
  },
  {
    "docID": "N030 Massey 2006 16624960",
    "et": "Brain",
    "off": 52705,
    "sff": "brain"
  },
  {
    "docID": "N030 Massey 2006 16624960",
    "et": "Brain",
    "off": 42532,
    "sff": "brain"
  },
  {
    "docID": "N030 Massey 2006 16624960",
    "et": "Brain",
    "off": 49333,
    "sff": "brain"
  },
  {
    "docID": "N030 Massey 2006 16624960",
    "et": "Brain",
    "off": 7105,
    "sff": "brain"
  },
  {
    "docID": "N030 Massey 2006 16624960",
    "et": "Brain",
    "off": 42543,
    "sff": "Brain"
  },
  {
    "docID": "N030 Massey 2006 16624960",
    "et": "Brain",
    "off": 4288,
    "sff": "brain"
  },
  {
    "docID": "N030 Massey 2006 16624960",
    "et": "Brain",
    "off": 50674,
    "sff": "Brain"
  },
  {
    "docID": "N030 Massey 2006 16624960",
    "et": "AscendingFiberTract",
    "off": 52185,
    "sff": "fiber"
  },
  {
    "docID": "N030 Massey 2006 16624960",
    "et": "SpinalWhiteMatter",
    "off": 44225,
    "sff": "white matter"
  },
  {
    "docID": "N030 Massey 2006 16624960",
    "et": "SpinalWhiteMatter",
    "off": 46013,
    "sff": "spinal"
  },
  {
    "docID": "N030 Massey 2006 16624960",
    "et": "SpinalWhiteMatter",
    "off": 47873,
    "sff": "spinal"
  },
  {
    "docID": "N030 Massey 2006 16624960",
    "et": "SpinalWhiteMatter",
    "off": 24696,
    "sff": "spinal"
  },
  {
    "docID": "N030 Massey 2006 16624960",
    "et": "SpinalWhiteMatter",
    "off": 2243,
    "sff": "Spinal"
  },
  {
    "docID": "N030 Massey 2006 16624960",
    "et": "SpinalWhiteMatter",
    "off": 518,
    "sff": "Spinal"
  },
  {
    "docID": "N030 Massey 2006 16624960",
    "et": "SpinalWhiteMatter",
    "off": 35404,
    "sff": "spinal"
  },
  {
    "docID": "N030 Massey 2006 16624960",
    "et": "SpinalWhiteMatter",
    "off": 4298,
    "sff": "spinal"
  },
  {
    "docID": "N030 Massey 2006 16624960",
    "et": "SpinalWhiteMatter",
    "off": 49933,
    "sff": "spinal"
  },
  {
    "docID": "N030 Massey 2006 16624960",
    "et": "SpinalWhiteMatter",
    "off": 2184,
    "sff": "spinal"
  },
  {
    "docID": "N030 Massey 2006 16624960",
    "et": "SpinalWhiteMatter",
    "off": 43024,
    "sff": "spinal"
  },
  {
    "docID": "N030 Massey 2006 16624960",
    "et": "SpinalWhiteMatter",
    "off": 47057,
    "sff": "spinal"
  },
  {
    "docID": "N030 Massey 2006 16624960",
    "et": "SpinalWhiteMatter",
    "off": 34131,
    "sff": "spinal"
  },
  {
    "docID": "N030 Massey 2006 16624960",
    "et": "SpinalWhiteMatter",
    "off": 52883,
    "sff": "spinal"
  },
  {
    "docID": "N030 Massey 2006 16624960",
    "et": "SpinalWhiteMatter",
    "off": 33477,
    "sff": "spinal"
  },
  {
    "docID": "N030 Massey 2006 16624960",
    "et": "SpinalWhiteMatter",
    "off": 25350,
    "sff": "spinal"
  },
  {
    "docID": "N030 Massey 2006 16624960",
    "et": "SpinalWhiteMatter",
    "off": 44936,
    "sff": "spinal"
  },
  {
    "docID": "N030 Massey 2006 16624960",
    "et": "SpinalWhiteMatter",
    "off": 51018,
    "sff": "spinal"
  },
  {
    "docID": "N030 Massey 2006 16624960",
    "et": "SpinalWhiteMatter",
    "off": 42270,
    "sff": "spinal"
  },
  {
    "docID": "N030 Massey 2006 16624960",
    "et": "SpinalWhiteMatter",
    "off": 44255,
    "sff": "spinal"
  },
  {
    "docID": "N030 Massey 2006 16624960",
    "et": "SpinalWhiteMatter",
    "off": 43232,
    "sff": "spinal"
  },
  {
    "docID": "N030 Massey 2006 16624960",
    "et": "SpinalWhiteMatter",
    "off": 11362,
    "sff": "spinal"
  },
  {
    "docID": "N030 Massey 2006 16624960",
    "et": "SpinalWhiteMatter",
    "off": 18327,
    "sff": "white"
  },
  {
    "docID": "N030 Massey 2006 16624960",
    "et": "SpinalWhiteMatter",
    "off": 46164,
    "sff": "spinal"
  },
  {
    "docID": "N030 Massey 2006 16624960",
    "et": "SpinalWhiteMatter",
    "off": 44438,
    "sff": "spinal"
  },
  {
    "docID": "N030 Massey 2006 16624960",
    "et": "SpinalWhiteMatter",
    "off": 19098,
    "sff": "spinal"
  },
  {
    "docID": "N030 Massey 2006 16624960",
    "et": "SpinalWhiteMatter",
    "off": 53019,
    "sff": "spinal"
  },
  {
    "docID": "N030 Massey 2006 16624960",
    "et": "SpinalWhiteMatter",
    "off": 8491,
    "sff": "spinal"
  },
  {
    "docID": "N030 Massey 2006 16624960",
    "et": "SpinalWhiteMatter",
    "off": 51564,
    "sff": "spinal"
  },
  {
    "docID": "N030 Massey 2006 16624960",
    "et": "SpinalWhiteMatter",
    "off": 36399,
    "sff": "spinal"
  },
  {
    "docID": "N030 Massey 2006 16624960",
    "et": "SpinalWhiteMatter",
    "off": 44225,
    "sff": "white"
  },
  {
    "docID": "N030 Massey 2006 16624960",
    "et": "SpinalWhiteMatter",
    "off": 6438,
    "sff": "spinal"
  },
  {
    "docID": "N030 Massey 2006 16624960",
    "et": "SpinalWhiteMatter",
    "off": 49764,
    "sff": "spinal"
  },
  {
    "docID": "N030 Massey 2006 16624960",
    "et": "SpinalWhiteMatter",
    "off": 25126,
    "sff": "spinal"
  },
  {
    "docID": "N030 Massey 2006 16624960",
    "et": "SpinalWhiteMatter",
    "off": 52006,
    "sff": "spinal"
  },
  {
    "docID": "N030 Massey 2006 16624960",
    "et": "SpinalWhiteMatter",
    "off": 51751,
    "sff": "spinal"
  },
  {
    "docID": "N030 Massey 2006 16624960",
    "et": "SpinalWhiteMatter",
    "off": 8303,
    "sff": "spinal"
  },
  {
    "docID": "N030 Massey 2006 16624960",
    "et": "SpinalWhiteMatter",
    "off": 10927,
    "sff": "spinal"
  },
  {
    "docID": "N030 Massey 2006 16624960",
    "et": "SpinalWhiteMatter",
    "off": 32873,
    "sff": "spinal"
  },
  {
    "docID": "N030 Massey 2006 16624960",
    "et": "SpinalWhiteMatter",
    "off": 240,
    "sff": "Spinal"
  },
  {
    "docID": "N030 Massey 2006 16624960",
    "et": "SpinalWhiteMatter",
    "off": 20330,
    "sff": "spinal"
  },
  {
    "docID": "N030 Massey 2006 16624960",
    "et": "SpinalWhiteMatter",
    "off": 33514,
    "sff": "spinal"
  },
  {
    "docID": "N030 Massey 2006 16624960",
    "et": "Antibody",
    "off": 17761,
    "sff": "antibody"
  },
  {
    "docID": "N030 Massey 2006 16624960",
    "et": "Antibody",
    "off": 23290,
    "sff": "antibody"
  },
  {
    "docID": "N030 Massey 2006 16624960",
    "et": "Antibody",
    "off": 17051,
    "sff": "antibody"
  },
  {
    "docID": "N030 Massey 2006 16624960",
    "et": "Antibody",
    "off": 12811,
    "sff": "antibody"
  },
  {
    "docID": "N030 Massey 2006 16624960",
    "et": "UmbilicalCordBloodStemCell",
    "off": 47880,
    "sff": "cord"
  },
  {
    "docID": "N030 Massey 2006 16624960",
    "et": "UmbilicalCordBloodStemCell",
    "off": 2250,
    "sff": "cord"
  },
  {
    "docID": "N030 Massey 2006 16624960",
    "et": "UmbilicalCordBloodStemCell",
    "off": 525,
    "sff": "Cord"
  },
  {
    "docID": "N030 Massey 2006 16624960",
    "et": "UmbilicalCordBloodStemCell",
    "off": 46020,
    "sff": "cord"
  },
  {
    "docID": "N030 Massey 2006 16624960",
    "et": "UmbilicalCordBloodStemCell",
    "off": 24703,
    "sff": "cord"
  },
  {
    "docID": "N030 Massey 2006 16624960",
    "et": "UmbilicalCordBloodStemCell",
    "off": 2049,
    "sff": "cord"
  },
  {
    "docID": "N030 Massey 2006 16624960",
    "et": "UmbilicalCordBloodStemCell",
    "off": 43031,
    "sff": "cord"
  },
  {
    "docID": "N030 Massey 2006 16624960",
    "et": "UmbilicalCordBloodStemCell",
    "off": 34138,
    "sff": "cord"
  },
  {
    "docID": "N030 Massey 2006 16624960",
    "et": "UmbilicalCordBloodStemCell",
    "off": 52890,
    "sff": "cord"
  },
  {
    "docID": "N030 Massey 2006 16624960",
    "et": "UmbilicalCordBloodStemCell",
    "off": 49940,
    "sff": "cord"
  },
  {
    "docID": "N030 Massey 2006 16624960",
    "et": "UmbilicalCordBloodStemCell",
    "off": 35411,
    "sff": "cord"
  },
  {
    "docID": "N030 Massey 2006 16624960",
    "et": "UmbilicalCordBloodStemCell",
    "off": 2191,
    "sff": "cord"
  },
  {
    "docID": "N030 Massey 2006 16624960",
    "et": "UmbilicalCordBloodStemCell",
    "off": 44943,
    "sff": "cord"
  },
  {
    "docID": "N030 Massey 2006 16624960",
    "et": "UmbilicalCordBloodStemCell",
    "off": 4305,
    "sff": "cord"
  },
  {
    "docID": "N030 Massey 2006 16624960",
    "et": "UmbilicalCordBloodStemCell",
    "off": 51025,
    "sff": "cord"
  },
  {
    "docID": "N030 Massey 2006 16624960",
    "et": "UmbilicalCordBloodStemCell",
    "off": 33484,
    "sff": "cord"
  },
  {
    "docID": "N030 Massey 2006 16624960",
    "et": "UmbilicalCordBloodStemCell",
    "off": 25357,
    "sff": "cord"
  },
  {
    "docID": "N030 Massey 2006 16624960",
    "et": "UmbilicalCordBloodStemCell",
    "off": 43239,
    "sff": "cord"
  },
  {
    "docID": "N030 Massey 2006 16624960",
    "et": "UmbilicalCordBloodStemCell",
    "off": 11369,
    "sff": "cord"
  },
  {
    "docID": "N030 Massey 2006 16624960",
    "et": "UmbilicalCordBloodStemCell",
    "off": 44262,
    "sff": "cord"
  },
  {
    "docID": "N030 Massey 2006 16624960",
    "et": "UmbilicalCordBloodStemCell",
    "off": 42277,
    "sff": "cord"
  },
  {
    "docID": "N030 Massey 2006 16624960",
    "et": "UmbilicalCordBloodStemCell",
    "off": 53026,
    "sff": "cord"
  },
  {
    "docID": "N030 Massey 2006 16624960",
    "et": "UmbilicalCordBloodStemCell",
    "off": 19105,
    "sff": "cord"
  },
  {
    "docID": "N030 Massey 2006 16624960",
    "et": "UmbilicalCordBloodStemCell",
    "off": 247,
    "sff": "Cord"
  },
  {
    "docID": "N030 Massey 2006 16624960",
    "et": "UmbilicalCordBloodStemCell",
    "off": 18587,
    "sff": "cord"
  },
  {
    "docID": "N030 Massey 2006 16624960",
    "et": "UmbilicalCordBloodStemCell",
    "off": 46171,
    "sff": "cord"
  },
  {
    "docID": "N030 Massey 2006 16624960",
    "et": "UmbilicalCordBloodStemCell",
    "off": 51571,
    "sff": "cord"
  },
  {
    "docID": "N030 Massey 2006 16624960",
    "et": "UmbilicalCordBloodStemCell",
    "off": 8310,
    "sff": "cord"
  },
  {
    "docID": "N030 Massey 2006 16624960",
    "et": "UmbilicalCordBloodStemCell",
    "off": 10934,
    "sff": "cord"
  },
  {
    "docID": "N030 Massey 2006 16624960",
    "et": "UmbilicalCordBloodStemCell",
    "off": 36406,
    "sff": "cord"
  },
  {
    "docID": "N030 Massey 2006 16624960",
    "et": "UmbilicalCordBloodStemCell",
    "off": 32880,
    "sff": "cord"
  },
  {
    "docID": "N030 Massey 2006 16624960",
    "et": "UmbilicalCordBloodStemCell",
    "off": 20337,
    "sff": "cord"
  },
  {
    "docID": "N030 Massey 2006 16624960",
    "et": "UmbilicalCordBloodStemCell",
    "off": 33521,
    "sff": "cord"
  },
  {
    "docID": "N030 Massey 2006 16624960",
    "et": "UmbilicalCordBloodStemCell",
    "off": 49771,
    "sff": "cord"
  },
  {
    "docID": "N030 Massey 2006 16624960",
    "et": "UmbilicalCordBloodStemCell",
    "off": 51758,
    "sff": "cord"
  },
  {
    "docID": "N030 Massey 2006 16624960",
    "et": "UmbilicalCordBloodStemCell",
    "off": 6445,
    "sff": "cord"
  },
  {
    "docID": "N030 Massey 2006 16624960",
    "et": "UmbilicalCordBloodStemCell",
    "off": 25133,
    "sff": "cord"
  },
  {
    "docID": "N030 Massey 2006 16624960",
    "et": "UmbilicalCordBloodStemCell",
    "off": 52013,
    "sff": "cord"
  },
  {
    "docID": "N030 Massey 2006 16624960",
    "et": "Protein",
    "off": 3046,
    "sff": "protein"
  },
  {
    "docID": "N030 Massey 2006 16624960",
    "et": "Protein",
    "off": 17982,
    "sff": "protein"
  },
  {
    "docID": "N030 Massey 2006 16624960",
    "et": "Protein",
    "off": 24163,
    "sff": "protein"
  },
  {
    "docID": "N030 Massey 2006 16624960",
    "et": "Protein",
    "off": 11698,
    "sff": "protein"
  },
  {
    "docID": "N030 Massey 2006 16624960",
    "et": "Protein",
    "off": 51874,
    "sff": "protein"
  },
  {
    "docID": "N030 Massey 2006 16624960",
    "et": "GlialCell",
    "off": 51165,
    "sff": "Glial"
  },
  {
    "docID": "N030 Massey 2006 16624960",
    "et": "GlialCell",
    "off": 50994,
    "sff": "glial"
  },
  {
    "docID": "N030 Massey 2006 16624960",
    "et": "GlialCell",
    "off": 48355,
    "sff": "glial"
  },
  {
    "docID": "N030 Massey 2006 16624960",
    "et": "GlialCell",
    "off": 50750,
    "sff": "glial"
  },
  {
    "docID": "N030 Massey 2006 16624960",
    "et": "GlialCell",
    "off": 48655,
    "sff": "glial"
  },
  {
    "docID": "N030 Massey 2006 16624960",
    "et": "SpinalGrayMatter",
    "off": 43232,
    "sff": "spinal"
  },
  {
    "docID": "N030 Massey 2006 16624960",
    "et": "SpinalGrayMatter",
    "off": 11362,
    "sff": "spinal"
  },
  {
    "docID": "N030 Massey 2006 16624960",
    "et": "SpinalGrayMatter",
    "off": 49764,
    "sff": "spinal"
  },
  {
    "docID": "N030 Massey 2006 16624960",
    "et": "SpinalGrayMatter",
    "off": 6438,
    "sff": "spinal"
  },
  {
    "docID": "N030 Massey 2006 16624960",
    "et": "SpinalGrayMatter",
    "off": 51751,
    "sff": "spinal"
  },
  {
    "docID": "N030 Massey 2006 16624960",
    "et": "SpinalGrayMatter",
    "off": 25126,
    "sff": "spinal"
  },
  {
    "docID": "N030 Massey 2006 16624960",
    "et": "SpinalGrayMatter",
    "off": 52006,
    "sff": "spinal"
  },
  {
    "docID": "N030 Massey 2006 16624960",
    "et": "SpinalGrayMatter",
    "off": 53019,
    "sff": "spinal"
  },
  {
    "docID": "N030 Massey 2006 16624960",
    "et": "SpinalGrayMatter",
    "off": 19098,
    "sff": "spinal"
  },
  {
    "docID": "N030 Massey 2006 16624960",
    "et": "SpinalGrayMatter",
    "off": 44255,
    "sff": "spinal"
  },
  {
    "docID": "N030 Massey 2006 16624960",
    "et": "SpinalGrayMatter",
    "off": 42270,
    "sff": "spinal"
  },
  {
    "docID": "N030 Massey 2006 16624960",
    "et": "SpinalGrayMatter",
    "off": 47957,
    "sff": "Gray"
  },
  {
    "docID": "N030 Massey 2006 16624960",
    "et": "SpinalGrayMatter",
    "off": 47057,
    "sff": "spinal"
  },
  {
    "docID": "N030 Massey 2006 16624960",
    "et": "SpinalGrayMatter",
    "off": 43024,
    "sff": "spinal"
  },
  {
    "docID": "N030 Massey 2006 16624960",
    "et": "SpinalGrayMatter",
    "off": 34131,
    "sff": "spinal"
  },
  {
    "docID": "N030 Massey 2006 16624960",
    "et": "SpinalGrayMatter",
    "off": 52883,
    "sff": "spinal"
  },
  {
    "docID": "N030 Massey 2006 16624960",
    "et": "SpinalGrayMatter",
    "off": 46164,
    "sff": "spinal"
  },
  {
    "docID": "N030 Massey 2006 16624960",
    "et": "SpinalGrayMatter",
    "off": 44438,
    "sff": "spinal"
  },
  {
    "docID": "N030 Massey 2006 16624960",
    "et": "SpinalGrayMatter",
    "off": 2184,
    "sff": "spinal"
  },
  {
    "docID": "N030 Massey 2006 16624960",
    "et": "SpinalGrayMatter",
    "off": 44936,
    "sff": "spinal"
  },
  {
    "docID": "N030 Massey 2006 16624960",
    "et": "SpinalGrayMatter",
    "off": 4298,
    "sff": "spinal"
  },
  {
    "docID": "N030 Massey 2006 16624960",
    "et": "SpinalGrayMatter",
    "off": 51018,
    "sff": "spinal"
  },
  {
    "docID": "N030 Massey 2006 16624960",
    "et": "SpinalGrayMatter",
    "off": 49933,
    "sff": "spinal"
  },
  {
    "docID": "N030 Massey 2006 16624960",
    "et": "SpinalGrayMatter",
    "off": 35404,
    "sff": "spinal"
  },
  {
    "docID": "N030 Massey 2006 16624960",
    "et": "SpinalGrayMatter",
    "off": 47873,
    "sff": "spinal"
  },
  {
    "docID": "N030 Massey 2006 16624960",
    "et": "SpinalGrayMatter",
    "off": 33477,
    "sff": "spinal"
  },
  {
    "docID": "N030 Massey 2006 16624960",
    "et": "SpinalGrayMatter",
    "off": 25350,
    "sff": "spinal"
  },
  {
    "docID": "N030 Massey 2006 16624960",
    "et": "SpinalGrayMatter",
    "off": 2243,
    "sff": "Spinal"
  },
  {
    "docID": "N030 Massey 2006 16624960",
    "et": "SpinalGrayMatter",
    "off": 24696,
    "sff": "spinal"
  },
  {
    "docID": "N030 Massey 2006 16624960",
    "et": "SpinalGrayMatter",
    "off": 46013,
    "sff": "spinal"
  },
  {
    "docID": "N030 Massey 2006 16624960",
    "et": "SpinalGrayMatter",
    "off": 518,
    "sff": "Spinal"
  },
  {
    "docID": "N030 Massey 2006 16624960",
    "et": "SpinalGrayMatter",
    "off": 32873,
    "sff": "spinal"
  },
  {
    "docID": "N030 Massey 2006 16624960",
    "et": "SpinalGrayMatter",
    "off": 8491,
    "sff": "spinal"
  },
  {
    "docID": "N030 Massey 2006 16624960",
    "et": "SpinalGrayMatter",
    "off": 240,
    "sff": "Spinal"
  },
  {
    "docID": "N030 Massey 2006 16624960",
    "et": "SpinalGrayMatter",
    "off": 20330,
    "sff": "spinal"
  },
  {
    "docID": "N030 Massey 2006 16624960",
    "et": "SpinalGrayMatter",
    "off": 33514,
    "sff": "spinal"
  },
  {
    "docID": "N030 Massey 2006 16624960",
    "et": "SpinalGrayMatter",
    "off": 51564,
    "sff": "spinal"
  },
  {
    "docID": "N030 Massey 2006 16624960",
    "et": "SpinalGrayMatter",
    "off": 8303,
    "sff": "spinal"
  },
  {
    "docID": "N030 Massey 2006 16624960",
    "et": "SpinalGrayMatter",
    "off": 10927,
    "sff": "spinal"
  },
  {
    "docID": "N030 Massey 2006 16624960",
    "et": "SpinalGrayMatter",
    "off": 36399,
    "sff": "spinal"
  },
  {
    "docID": "N030 Massey 2006 16624960",
    "et": "RatSpecies",
    "off": 49717,
    "sff": "rat"
  },
  {
    "docID": "N030 Massey 2006 16624960",
    "et": "RatSpecies",
    "off": 10736,
    "sff": "rat"
  },
  {
    "docID": "N030 Massey 2006 16624960",
    "et": "RatSpecies",
    "off": 47344,
    "sff": "rat"
  },
  {
    "docID": "N030 Massey 2006 16624960",
    "et": "RatSpecies",
    "off": 16625,
    "sff": "rat"
  },
  {
    "docID": "N030 Massey 2006 16624960",
    "et": "RatSpecies",
    "off": 49329,
    "sff": "rat"
  },
  {
    "docID": "N030 Massey 2006 16624960",
    "et": "RatSpecies",
    "off": 15915,
    "sff": "rat"
  },
  {
    "docID": "N030 Massey 2006 16624960",
    "et": "RatSpecies",
    "off": 15592,
    "sff": "rat"
  },
  {
    "docID": "N030 Massey 2006 16624960",
    "et": "RatSpecies",
    "off": 33449,
    "sff": "rat"
  },
  {
    "docID": "N030 Massey 2006 16624960",
    "et": "RatSpecies",
    "off": 47593,
    "sff": "rat"
  },
  {
    "docID": "N030 Massey 2006 16624960",
    "et": "RatSpecies",
    "off": 51747,
    "sff": "rat"
  },
  {
    "docID": "N030 Massey 2006 16624960",
    "et": "RatSpecies",
    "off": 42528,
    "sff": "rat"
  },
  {
    "docID": "N030 Massey 2006 16624960",
    "et": "RatSpecies",
    "off": 47199,
    "sff": "rat"
  },
  {
    "docID": "N030 Massey 2006 16624960",
    "et": "RatSpecies",
    "off": 7837,
    "sff": "rat"
  },
  {
    "docID": "N030 Massey 2006 16624960",
    "et": "RatSpecies",
    "off": 10587,
    "sff": "rat"
  },
  {
    "docID": "N030 Massey 2006 16624960",
    "et": "RatSpecies",
    "off": 44251,
    "sff": "rat"
  },
  {
    "docID": "N030 Massey 2006 16624960",
    "et": "RatSpecies",
    "off": 15382,
    "sff": "rat"
  },
  {
    "docID": "N030 Massey 2006 16624960",
    "et": "RatSpecies",
    "off": 12119,
    "sff": "rat"
  },
  {
    "docID": "N030 Massey 2006 16624960",
    "et": "RatSpecies",
    "off": 17495,
    "sff": "rat"
  },
  {
    "docID": "N030 Massey 2006 16624960",
    "et": "RatSpecies",
    "off": 13716,
    "sff": "rat"
  },
  {
    "docID": "N030 Massey 2006 16624960",
    "et": "RatSpecies",
    "off": 5009,
    "sff": "rat"
  },
  {
    "docID": "N030 Massey 2006 16624960",
    "et": "RatSpecies",
    "off": 42769,
    "sff": "rat"
  },
  {
    "docID": "N030 Massey 2006 16624960",
    "et": "RatSpecies",
    "off": 49550,
    "sff": "rat"
  },
  {
    "docID": "N030 Massey 2006 16624960",
    "et": "RatSpecies",
    "off": 43020,
    "sff": "rat"
  },
  {
    "docID": "N030 Massey 2006 16624960",
    "et": "RatSpecies",
    "off": 21962,
    "sff": "rat"
  },
  {
    "docID": "N030 Massey 2006 16624960",
    "et": "RatSpecies",
    "off": 24523,
    "sff": "rat"
  },
  {
    "docID": "N030 Massey 2006 16624960",
    "et": "RatSpecies",
    "off": 47819,
    "sff": "rat"
  },
  {
    "docID": "N030 Massey 2006 16624960",
    "et": "RatSpecies",
    "off": 10567,
    "sff": "rat"
  },
  {
    "docID": "N030 Massey 2006 16624960",
    "et": "RatSpecies",
    "off": 32131,
    "sff": "rat"
  },
  {
    "docID": "N030 Massey 2006 16624960",
    "et": "RatSpecies",
    "off": 43777,
    "sff": "rat"
  },
  {
    "docID": "N030 Massey 2006 16624960",
    "et": "RatSpecies",
    "off": 23929,
    "sff": "rat"
  },
  {
    "docID": "N030 Massey 2006 16624960",
    "et": "RatSpecies",
    "off": 33654,
    "sff": "rat"
  },
  {
    "docID": "N030 Massey 2006 16624960",
    "et": "Caudal",
    "off": 13452,
    "sff": "caudal"
  },
  {
    "docID": "N030 Massey 2006 16624960",
    "et": "Caudal",
    "off": 34542,
    "sff": "caudal"
  },
  {
    "docID": "N030 Massey 2006 16624960",
    "et": "Caudal",
    "off": 29951,
    "sff": "caudal"
  },
  {
    "docID": "N030 Massey 2006 16624960",
    "et": "Caudal",
    "off": 34143,
    "sff": "caudal"
  },
  {
    "docID": "N030 Massey 2006 16624960",
    "et": "Caudal",
    "off": 6340,
    "sff": "caudal"
  },
  {
    "docID": "N030 Massey 2006 16624960",
    "et": "Caudal",
    "off": 17717,
    "sff": "caudal"
  },
  {
    "docID": "N030 Massey 2006 16624960",
    "et": "Caudal",
    "off": 25333,
    "sff": "caudal"
  },
  {
    "docID": "N030 Massey 2006 16624960",
    "et": "Caudal",
    "off": 45542,
    "sff": "caudal"
  },
  {
    "docID": "N030 Massey 2006 16624960",
    "et": "Caudal",
    "off": 22971,
    "sff": "caudal"
  },
  {
    "docID": "N030 Massey 2006 16624960",
    "et": "Enzyme",
    "off": 1451,
    "sff": "enzyme"
  },
  {
    "docID": "N030 Massey 2006 16624960",
    "et": "Enzyme",
    "off": 7163,
    "sff": "enzyme"
  },
  {
    "docID": "N030 Massey 2006 16624960",
    "et": "Enzyme",
    "off": 1350,
    "sff": "enzyme"
  },
  {
    "docID": "N030 Massey 2006 16624960",
    "et": "Enzyme",
    "off": 18630,
    "sff": "enzyme"
  },
  {
    "docID": "N030 Massey 2006 16624960",
    "et": "Enzyme",
    "off": 3073,
    "sff": "enzyme"
  },
  {
    "docID": "N030 Massey 2006 16624960",
    "et": "Enzyme",
    "off": 6712,
    "sff": "Enzyme"
  },
  {
    "docID": "N030 Massey 2006 16624960",
    "et": "Enzyme",
    "off": 1036,
    "sff": "enzyme"
  },
  {
    "docID": "N030 Massey 2006 16624960",
    "et": "Enzyme",
    "off": 7564,
    "sff": "enzyme"
  },
  {
    "docID": "N030 Massey 2006 16624960",
    "et": "Enzyme",
    "off": 8541,
    "sff": "enzyme"
  },
  {
    "docID": "N030 Massey 2006 16624960",
    "et": "Enzyme",
    "off": 24190,
    "sff": "enzyme"
  },
  {
    "docID": "N030 Massey 2006 16624960",
    "et": "Enzyme",
    "off": 7791,
    "sff": "enzyme"
  },
  {
    "docID": "N030 Massey 2006 16624960",
    "et": "CurrentApplication",
    "off": 2854,
    "sff": "current"
  },
  {
    "docID": "N030 Massey 2006 16624960",
    "et": "SchwannCell",
    "off": 37905,
    "sff": "Schwann cell"
  },
  {
    "docID": "N030 Massey 2006 16624960",
    "et": "SchwannCell",
    "off": 35582,
    "sff": "Schwann cell"
  },
  {
    "docID": "N030 Massey 2006 16624960",
    "et": "SchwannCell",
    "off": 44795,
    "sff": "Schwann cell"
  },
  {
    "docID": "N030 Massey 2006 16624960",
    "et": "SchwannCell",
    "off": 43189,
    "sff": "Schwann"
  },
  {
    "docID": "N030 Massey 2006 16624960",
    "et": "NewZealandRabbit",
    "off": 36118,
    "sff": "new"
  },
  {
    "docID": "N030 Massey 2006 16624960",
    "et": "NewZealandRabbit",
    "off": 50820,
    "sff": "New"
  },
  {
    "docID": "N030 Massey 2006 16624960",
    "et": "NewZealandRabbit",
    "off": 12737,
    "sff": "New"
  },
  {
    "docID": "N030 Massey 2006 16624960",
    "et": "SigmaAldrich",
    "off": 8123,
    "sff": "Sigma"
  },
  {
    "docID": "N030 Massey 2006 16624960",
    "et": "SigmaAldrich",
    "off": 6938,
    "sff": "Sigma"
  },
  {
    "docID": "N030 Massey 2006 16624960",
    "et": "SigmaAldrich",
    "off": 11508,
    "sff": "Sigma"
  },
  {
    "docID": "N030 Massey 2006 16624960",
    "et": "SigmaAldrich",
    "off": 11666,
    "sff": "Sigma"
  },
  {
    "docID": "N030 Massey 2006 16624960",
    "et": "Seikagaku",
    "off": 7006,
    "sff": "Seikagaku"
  },
  {
    "docID": "N030 Massey 2006 16624960",
    "et": "Seikagaku",
    "off": 12466,
    "sff": "Seikagaku"
  },
  {
    "docID": "N030 Massey 2006 16624960",
    "et": "StemCellSourceType",
    "off": 44803,
    "sff": "cell"
  },
  {
    "docID": "N030 Massey 2006 16624960",
    "et": "StemCellSourceType",
    "off": 35590,
    "sff": "cell"
  },
  {
    "docID": "N030 Massey 2006 16624960",
    "et": "StemCellSourceType",
    "off": 42824,
    "sff": "cell"
  },
  {
    "docID": "N030 Massey 2006 16624960",
    "et": "StemCellSourceType",
    "off": 43477,
    "sff": "Cell"
  },
  {
    "docID": "N030 Massey 2006 16624960",
    "et": "StemCellSourceType",
    "off": 37913,
    "sff": "cell"
  },
  {
    "docID": "N030 Massey 2006 16624960",
    "et": "StemCellSourceType",
    "off": 49499,
    "sff": "cell"
  },
  {
    "docID": "N030 Massey 2006 16624960",
    "et": "StemCellSourceType",
    "off": 51851,
    "sff": "cell"
  },
  {
    "docID": "N030 Massey 2006 16624960",
    "et": "StemCellSourceType",
    "off": 52733,
    "sff": "Cell"
  },
  {
    "docID": "N030 Massey 2006 16624960",
    "et": "InVitroExperimentalProcedure",
    "off": 15851,
    "sff": "experimental"
  },
  {
    "docID": "N030 Massey 2006 16624960",
    "et": "InVitroExperimentalProcedure",
    "off": 6111,
    "sff": "experimental"
  },
  {
    "docID": "N030 Massey 2006 16624960",
    "et": "AntiNG2Antibody",
    "off": 51903,
    "sff": "NG2"
  },
  {
    "docID": "N030 Massey 2006 16624960",
    "et": "Penicillinase",
    "off": 6908,
    "sff": "penicillinase"
  },
  {
    "docID": "N030 Massey 2006 16624960",
    "et": "Penicillinase",
    "off": 1358,
    "sff": "penicillinase"
  },
  {
    "docID": "N030 Massey 2006 16624960",
    "et": "AntiNogoAAntibody",
    "off": 46995,
    "sff": "Nogo"
  },
  {
    "docID": "N030 Massey 2006 16624960",
    "et": "AntiNogoAAntibody",
    "off": 46903,
    "sff": "Nogo"
  },
  {
    "docID": "N030 Massey 2006 16624960",
    "et": "LongEvansRat",
    "off": 40208,
    "sff": "long"
  },
  {
    "docID": "N030 Massey 2006 16624960",
    "et": "Cell",
    "off": 35590,
    "sff": "cell"
  },
  {
    "docID": "N030 Massey 2006 16624960",
    "et": "Cell",
    "off": 37913,
    "sff": "cell"
  },
  {
    "docID": "N030 Massey 2006 16624960",
    "et": "Cell",
    "off": 42824,
    "sff": "cell"
  },
  {
    "docID": "N030 Massey 2006 16624960",
    "et": "Cell",
    "off": 49499,
    "sff": "cell"
  },
  {
    "docID": "N030 Massey 2006 16624960",
    "et": "Cell",
    "off": 51851,
    "sff": "cell"
  },
  {
    "docID": "N030 Massey 2006 16624960",
    "et": "Cell",
    "off": 43477,
    "sff": "Cell"
  },
  {
    "docID": "N030 Massey 2006 16624960",
    "et": "Cell",
    "off": 44803,
    "sff": "cell"
  },
  {
    "docID": "N030 Massey 2006 16624960",
    "et": "Cell",
    "off": 52733,
    "sff": "Cell"
  },
  {
    "docID": "N030 Massey 2006 16624960",
    "et": "MonkeySpecies",
    "off": 43921,
    "sff": "monkey"
  },
  {
    "docID": "N030 Massey 2006 16624960",
    "et": "SpinalDorsalHalf",
    "off": 49764,
    "sff": "spinal"
  },
  {
    "docID": "N030 Massey 2006 16624960",
    "et": "SpinalDorsalHalf",
    "off": 11362,
    "sff": "spinal"
  },
  {
    "docID": "N030 Massey 2006 16624960",
    "et": "SpinalDorsalHalf",
    "off": 44073,
    "sff": "dorsal"
  },
  {
    "docID": "N030 Massey 2006 16624960",
    "et": "SpinalDorsalHalf",
    "off": 43232,
    "sff": "spinal"
  },
  {
    "docID": "N030 Massey 2006 16624960",
    "et": "SpinalDorsalHalf",
    "off": 44255,
    "sff": "spinal"
  },
  {
    "docID": "N030 Massey 2006 16624960",
    "et": "SpinalDorsalHalf",
    "off": 7341,
    "sff": "dorsal"
  },
  {
    "docID": "N030 Massey 2006 16624960",
    "et": "SpinalDorsalHalf",
    "off": 51564,
    "sff": "spinal"
  },
  {
    "docID": "N030 Massey 2006 16624960",
    "et": "SpinalDorsalHalf",
    "off": 20330,
    "sff": "spinal"
  },
  {
    "docID": "N030 Massey 2006 16624960",
    "et": "SpinalDorsalHalf",
    "off": 33514,
    "sff": "spinal"
  },
  {
    "docID": "N030 Massey 2006 16624960",
    "et": "SpinalDorsalHalf",
    "off": 32873,
    "sff": "spinal"
  },
  {
    "docID": "N030 Massey 2006 16624960",
    "et": "SpinalDorsalHalf",
    "off": 25138,
    "sff": "dorsal"
  },
  {
    "docID": "N030 Massey 2006 16624960",
    "et": "SpinalDorsalHalf",
    "off": 25909,
    "sff": "dorsal"
  },
  {
    "docID": "N030 Massey 2006 16624960",
    "et": "SpinalDorsalHalf",
    "off": 46164,
    "sff": "spinal"
  },
  {
    "docID": "N030 Massey 2006 16624960",
    "et": "SpinalDorsalHalf",
    "off": 34131,
    "sff": "spinal"
  },
  {
    "docID": "N030 Massey 2006 16624960",
    "et": "SpinalDorsalHalf",
    "off": 34105,
    "sff": "dorsal"
  },
  {
    "docID": "N030 Massey 2006 16624960",
    "et": "SpinalDorsalHalf",
    "off": 47057,
    "sff": "spinal"
  },
  {
    "docID": "N030 Massey 2006 16624960",
    "et": "SpinalDorsalHalf",
    "off": 25528,
    "sff": "dorsal"
  },
  {
    "docID": "N030 Massey 2006 16624960",
    "et": "SpinalDorsalHalf",
    "off": 16570,
    "sff": "dorsal"
  },
  {
    "docID": "N030 Massey 2006 16624960",
    "et": "SpinalDorsalHalf",
    "off": 1216,
    "sff": "dorsal"
  },
  {
    "docID": "N030 Massey 2006 16624960",
    "et": "SpinalDorsalHalf",
    "off": 9793,
    "sff": "dorsal"
  },
  {
    "docID": "N030 Massey 2006 16624960",
    "et": "SpinalDorsalHalf",
    "off": 47171,
    "sff": "dorsal"
  },
  {
    "docID": "N030 Massey 2006 16624960",
    "et": "SpinalDorsalHalf",
    "off": 27074,
    "sff": "dorsal"
  },
  {
    "docID": "N030 Massey 2006 16624960",
    "et": "SpinalDorsalHalf",
    "off": 33477,
    "sff": "spinal"
  },
  {
    "docID": "N030 Massey 2006 16624960",
    "et": "SpinalDorsalHalf",
    "off": 6469,
    "sff": "dorsal"
  },
  {
    "docID": "N030 Massey 2006 16624960",
    "et": "SpinalDorsalHalf",
    "off": 51524,
    "sff": "dorsal"
  },
  {
    "docID": "N030 Massey 2006 16624960",
    "et": "SpinalDorsalHalf",
    "off": 2243,
    "sff": "Spinal"
  },
  {
    "docID": "N030 Massey 2006 16624960",
    "et": "SpinalDorsalHalf",
    "off": 16074,
    "sff": "dorsal"
  },
  {
    "docID": "N030 Massey 2006 16624960",
    "et": "SpinalDorsalHalf",
    "off": 35404,
    "sff": "spinal"
  },
  {
    "docID": "N030 Massey 2006 16624960",
    "et": "SpinalDorsalHalf",
    "off": 4298,
    "sff": "spinal"
  },
  {
    "docID": "N030 Massey 2006 16624960",
    "et": "SpinalDorsalHalf",
    "off": 24527,
    "sff": "dorsal"
  },
  {
    "docID": "N030 Massey 2006 16624960",
    "et": "SpinalDorsalHalf",
    "off": 51018,
    "sff": "spinal"
  },
  {
    "docID": "N030 Massey 2006 16624960",
    "et": "SpinalDorsalHalf",
    "off": 16592,
    "sff": "dorsal"
  },
  {
    "docID": "N030 Massey 2006 16624960",
    "et": "SpinalDorsalHalf",
    "off": 24405,
    "sff": "dorsal"
  },
  {
    "docID": "N030 Massey 2006 16624960",
    "et": "SpinalDorsalHalf",
    "off": 49748,
    "sff": "dorsal"
  },
  {
    "docID": "N030 Massey 2006 16624960",
    "et": "SpinalDorsalHalf",
    "off": 47833,
    "sff": "dorsal"
  },
  {
    "docID": "N030 Massey 2006 16624960",
    "et": "SpinalDorsalHalf",
    "off": 50648,
    "sff": "dorsal"
  },
  {
    "docID": "N030 Massey 2006 16624960",
    "et": "SpinalDorsalHalf",
    "off": 36399,
    "sff": "spinal"
  },
  {
    "docID": "N030 Massey 2006 16624960",
    "et": "SpinalDorsalHalf",
    "off": 10927,
    "sff": "spinal"
  },
  {
    "docID": "N030 Massey 2006 16624960",
    "et": "SpinalDorsalHalf",
    "off": 46013,
    "sff": "spinal"
  },
  {
    "docID": "N030 Massey 2006 16624960",
    "et": "SpinalDorsalHalf",
    "off": 6365,
    "sff": "dorsal"
  },
  {
    "docID": "N030 Massey 2006 16624960",
    "et": "SpinalDorsalHalf",
    "off": 25310,
    "sff": "dorsal"
  },
  {
    "docID": "N030 Massey 2006 16624960",
    "et": "SpinalDorsalHalf",
    "off": 45796,
    "sff": "dorsal"
  },
  {
    "docID": "N030 Massey 2006 16624960",
    "et": "SpinalDorsalHalf",
    "off": 43883,
    "sff": "dorsal"
  },
  {
    "docID": "N030 Massey 2006 16624960",
    "et": "SpinalDorsalHalf",
    "off": 42270,
    "sff": "spinal"
  },
  {
    "docID": "N030 Massey 2006 16624960",
    "et": "SpinalDorsalHalf",
    "off": 47597,
    "sff": "dorsal"
  },
  {
    "docID": "N030 Massey 2006 16624960",
    "et": "SpinalDorsalHalf",
    "off": 49903,
    "sff": "dorsal"
  },
  {
    "docID": "N030 Massey 2006 16624960",
    "et": "SpinalDorsalHalf",
    "off": 1135,
    "sff": "dorsal"
  },
  {
    "docID": "N030 Massey 2006 16624960",
    "et": "SpinalDorsalHalf",
    "off": 8491,
    "sff": "spinal"
  },
  {
    "docID": "N030 Massey 2006 16624960",
    "et": "SpinalDorsalHalf",
    "off": 6438,
    "sff": "spinal"
  },
  {
    "docID": "N030 Massey 2006 16624960",
    "et": "SpinalDorsalHalf",
    "off": 25126,
    "sff": "spinal"
  },
  {
    "docID": "N030 Massey 2006 16624960",
    "et": "SpinalDorsalHalf",
    "off": 25971,
    "sff": "dorsal"
  },
  {
    "docID": "N030 Massey 2006 16624960",
    "et": "SpinalDorsalHalf",
    "off": 51751,
    "sff": "spinal"
  },
  {
    "docID": "N030 Massey 2006 16624960",
    "et": "SpinalDorsalHalf",
    "off": 52006,
    "sff": "spinal"
  },
  {
    "docID": "N030 Massey 2006 16624960",
    "et": "SpinalDorsalHalf",
    "off": 32885,
    "sff": "dorsal"
  },
  {
    "docID": "N030 Massey 2006 16624960",
    "et": "SpinalDorsalHalf",
    "off": 52883,
    "sff": "spinal"
  },
  {
    "docID": "N030 Massey 2006 16624960",
    "et": "SpinalDorsalHalf",
    "off": 6136,
    "sff": "dorsal"
  },
  {
    "docID": "N030 Massey 2006 16624960",
    "et": "SpinalDorsalHalf",
    "off": 43024,
    "sff": "spinal"
  },
  {
    "docID": "N030 Massey 2006 16624960",
    "et": "SpinalDorsalHalf",
    "off": 19098,
    "sff": "spinal"
  },
  {
    "docID": "N030 Massey 2006 16624960",
    "et": "SpinalDorsalHalf",
    "off": 53019,
    "sff": "spinal"
  },
  {
    "docID": "N030 Massey 2006 16624960",
    "et": "SpinalDorsalHalf",
    "off": 44438,
    "sff": "spinal"
  },
  {
    "docID": "N030 Massey 2006 16624960",
    "et": "SpinalDorsalHalf",
    "off": 47873,
    "sff": "spinal"
  },
  {
    "docID": "N030 Massey 2006 16624960",
    "et": "SpinalDorsalHalf",
    "off": 5514,
    "sff": "dorsal"
  },
  {
    "docID": "N030 Massey 2006 16624960",
    "et": "SpinalDorsalHalf",
    "off": 23181,
    "sff": "dorsal"
  },
  {
    "docID": "N030 Massey 2006 16624960",
    "et": "SpinalDorsalHalf",
    "off": 49933,
    "sff": "spinal"
  },
  {
    "docID": "N030 Massey 2006 16624960",
    "et": "SpinalDorsalHalf",
    "off": 518,
    "sff": "Spinal"
  },
  {
    "docID": "N030 Massey 2006 16624960",
    "et": "SpinalDorsalHalf",
    "off": 35471,
    "sff": "dorsal"
  },
  {
    "docID": "N030 Massey 2006 16624960",
    "et": "SpinalDorsalHalf",
    "off": 2184,
    "sff": "spinal"
  },
  {
    "docID": "N030 Massey 2006 16624960",
    "et": "SpinalDorsalHalf",
    "off": 44936,
    "sff": "spinal"
  },
  {
    "docID": "N030 Massey 2006 16624960",
    "et": "SpinalDorsalHalf",
    "off": 1171,
    "sff": "dorsal"
  },
  {
    "docID": "N030 Massey 2006 16624960",
    "et": "SpinalDorsalHalf",
    "off": 25350,
    "sff": "spinal"
  },
  {
    "docID": "N030 Massey 2006 16624960",
    "et": "SpinalDorsalHalf",
    "off": 5013,
    "sff": "dorsal"
  },
  {
    "docID": "N030 Massey 2006 16624960",
    "et": "SpinalDorsalHalf",
    "off": 240,
    "sff": "Spinal"
  },
  {
    "docID": "N030 Massey 2006 16624960",
    "et": "SpinalDorsalHalf",
    "off": 5147,
    "sff": "dorsal"
  },
  {
    "docID": "N030 Massey 2006 16624960",
    "et": "SpinalDorsalHalf",
    "off": 8303,
    "sff": "spinal"
  },
  {
    "docID": "N030 Massey 2006 16624960",
    "et": "SpinalDorsalHalf",
    "off": 6431,
    "sff": "dorsal"
  },
  {
    "docID": "N030 Massey 2006 16624960",
    "et": "SpinalDorsalHalf",
    "off": 24696,
    "sff": "spinal"
  },
  {
    "docID": "N030 Massey 2006 16624960",
    "et": "RehabilitativeTraining",
    "off": 41850,
    "sff": "rehabilitative"
  },
  {
    "docID": "N030 Massey 2006 16624960",
    "et": "17BetaEstradiolE2",
    "off": 46724,
    "sff": "17"
  },
  {
    "docID": "N030 Massey 2006 16624960",
    "et": "17BetaEstradiolE2",
    "off": 49158,
    "sff": "beta"
  },
  {
    "docID": "N030 Massey 2006 16624960",
    "et": "Cervical",
    "off": 32864,
    "sff": "cervical"
  },
  {
    "docID": "N030 Massey 2006 16624960",
    "et": "Cervical",
    "off": 44064,
    "sff": "cervical"
  },
  {
    "docID": "N030 Massey 2006 16624960",
    "et": "Cervical",
    "off": 24579,
    "sff": "cervical"
  },
  {
    "docID": "N030 Massey 2006 16624960",
    "et": "Cervical",
    "off": 43874,
    "sff": "cervical"
  },
  {
    "docID": "N030 Massey 2006 16624960",
    "et": "Cervical",
    "off": 231,
    "sff": "Cervical"
  },
  {
    "docID": "N030 Massey 2006 16624960",
    "et": "Cervical",
    "off": 5975,
    "sff": "Cervical"
  },
  {
    "docID": "N030 Massey 2006 16624960",
    "et": "Cervical",
    "off": 10918,
    "sff": "cervical"
  },
  {
    "docID": "N030 Massey 2006 16624960",
    "et": "Cervical",
    "off": 27270,
    "sff": "cervical"
  },
  {
    "docID": "N030 Massey 2006 16624960",
    "et": "Cervical",
    "off": 47864,
    "sff": "cervical"
  },
  {
    "docID": "N030 Massey 2006 16624960",
    "et": "Cervical",
    "off": 49755,
    "sff": "cervical"
  },
  {
    "docID": "N030 Massey 2006 16624960",
    "et": "ExperimentalProcedure",
    "off": 15851,
    "sff": "experimental"
  },
  {
    "docID": "N030 Massey 2006 16624960",
    "et": "ExperimentalProcedure",
    "off": 6111,
    "sff": "experimental"
  },
  {
    "docID": "N030 Massey 2006 16624960",
    "et": "MacaqueMonkey",
    "off": 43913,
    "sff": "macaque monkey"
  },
  {
    "docID": "N030 Massey 2006 16624960",
    "et": "MacaqueMonkey",
    "off": 44044,
    "sff": "macaque"
  },
  {
    "docID": "N030 Massey 2006 16624960",
    "et": "BrainDerivedNeurotrophicFactor",
    "off": 52117,
    "sff": "brain-derived neurotrophic factor"
  },
  {
    "docID": "N030 Massey 2006 16624960",
    "et": "BrainDerivedNeurotrophicFactor",
    "off": 4288,
    "sff": "brain"
  },
  {
    "docID": "N030 Massey 2006 16624960",
    "et": "BrainDerivedNeurotrophicFactor",
    "off": 52705,
    "sff": "brain"
  },
  {
    "docID": "N030 Massey 2006 16624960",
    "et": "BrainDerivedNeurotrophicFactor",
    "off": 7105,
    "sff": "brain"
  },
  {
    "docID": "N030 Massey 2006 16624960",
    "et": "BrainDerivedNeurotrophicFactor",
    "off": 52117,
    "sff": "brain-derived"
  },
  {
    "docID": "N030 Massey 2006 16624960",
    "et": "BrainDerivedNeurotrophicFactor",
    "off": 45215,
    "sff": "brain"
  },
  {
    "docID": "N030 Massey 2006 16624960",
    "et": "BrainDerivedNeurotrophicFactor",
    "off": 45639,
    "sff": "Brain"
  },
  {
    "docID": "N030 Massey 2006 16624960",
    "et": "BrainDerivedNeurotrophicFactor",
    "off": 47254,
    "sff": "Brain"
  },
  {
    "docID": "N030 Massey 2006 16624960",
    "et": "BrainDerivedNeurotrophicFactor",
    "off": 50674,
    "sff": "Brain"
  },
  {
    "docID": "N030 Massey 2006 16624960",
    "et": "BrainDerivedNeurotrophicFactor",
    "off": 42543,
    "sff": "Brain"
  },
  {
    "docID": "N030 Massey 2006 16624960",
    "et": "BrainDerivedNeurotrophicFactor",
    "off": 49333,
    "sff": "brain"
  },
  {
    "docID": "N030 Massey 2006 16624960",
    "et": "BrainDerivedNeurotrophicFactor",
    "off": 42532,
    "sff": "brain"
  }
]
