[
  {
    "docID": "N066 Sarveazad, Babahajian et al. 2017 ",
    "et": "RecombinantEPORhEpo",
    "off": 7216,
    "sff": "recombinant"
  },
  {
    "docID": "N066 Sarveazad, Babahajian et al. 2017 ",
    "et": "RecombinantEPORhEpo",
    "off": 7387,
    "sff": "recombinant"
  },
  {
    "docID": "N066 Sarveazad, Babahajian et al. 2017 ",
    "et": "MesenchymalStemCell",
    "off": 19336,
    "sff": "stem"
  },
  {
    "docID": "N066 Sarveazad, Babahajian et al. 2017 ",
    "et": "MesenchymalStemCell",
    "off": 4224,
    "sff": "stem"
  },
  {
    "docID": "N066 Sarveazad, Babahajian et al. 2017 ",
    "et": "MesenchymalStemCell",
    "off": 20302,
    "sff": "stem"
  },
  {
    "docID": "N066 Sarveazad, Babahajian et al. 2017 ",
    "et": "MesenchymalStemCell",
    "off": 1645,
    "sff": "stem"
  },
  {
    "docID": "N066 Sarveazad, Babahajian et al. 2017 ",
    "et": "MesenchymalStemCell",
    "off": 12877,
    "sff": "stem"
  },
  {
    "docID": "N066 Sarveazad, Babahajian et al. 2017 ",
    "et": "MesenchymalStemCell",
    "off": 1645,
    "sff": "stem cell"
  },
  {
    "docID": "N066 Sarveazad, Babahajian et al. 2017 ",
    "et": "MesenchymalStemCell",
    "off": 19336,
    "sff": "stem cell"
  },
  {
    "docID": "N066 Sarveazad, Babahajian et al. 2017 ",
    "et": "MesenchymalStemCell",
    "off": 13206,
    "sff": "stem"
  },
  {
    "docID": "N066 Sarveazad, Babahajian et al. 2017 ",
    "et": "MesenchymalStemCell",
    "off": 15830,
    "sff": "stem"
  },
  {
    "docID": "N066 Sarveazad, Babahajian et al. 2017 ",
    "et": "MesenchymalStemCell",
    "off": 16329,
    "sff": "mesenchymal"
  },
  {
    "docID": "N066 Sarveazad, Babahajian et al. 2017 ",
    "et": "MesenchymalStemCell",
    "off": 1872,
    "sff": "stem"
  },
  {
    "docID": "N066 Sarveazad, Babahajian et al. 2017 ",
    "et": "MesenchymalStemCell",
    "off": 20423,
    "sff": "mesenchymal stem"
  },
  {
    "docID": "N066 Sarveazad, Babahajian et al. 2017 ",
    "et": "MesenchymalStemCell",
    "off": 4062,
    "sff": "stem"
  },
  {
    "docID": "N066 Sarveazad, Babahajian et al. 2017 ",
    "et": "MesenchymalStemCell",
    "off": 189,
    "sff": "stem"
  },
  {
    "docID": "N066 Sarveazad, Babahajian et al. 2017 ",
    "et": "MesenchymalStemCell",
    "off": 14716,
    "sff": "stem"
  },
  {
    "docID": "N066 Sarveazad, Babahajian et al. 2017 ",
    "et": "MesenchymalStemCell",
    "off": 3931,
    "sff": "stem"
  },
  {
    "docID": "N066 Sarveazad, Babahajian et al. 2017 ",
    "et": "SuperficialDelivery",
    "off": 6014,
    "sff": "superficial"
  },
  {
    "docID": "N066 Sarveazad, Babahajian et al. 2017 ",
    "et": "Syringe",
    "off": 8271,
    "sff": "syringe"
  },
  {
    "docID": "N066 Sarveazad, Babahajian et al. 2017 ",
    "et": "SurgeryTreatment",
    "off": 6060,
    "sff": "surgery"
  },
  {
    "docID": "N066 Sarveazad, Babahajian et al. 2017 ",
    "et": "SurgeryTreatment",
    "off": 7941,
    "sff": "surgery"
  },
  {
    "docID": "N066 Sarveazad, Babahajian et al. 2017 ",
    "et": "SpinalSubduralArea",
    "off": 1941,
    "sff": "spinal"
  },
  {
    "docID": "N066 Sarveazad, Babahajian et al. 2017 ",
    "et": "SpinalSubduralArea",
    "off": 10355,
    "sff": "spinal"
  },
  {
    "docID": "N066 Sarveazad, Babahajian et al. 2017 ",
    "et": "SpinalSubduralArea",
    "off": 241,
    "sff": "spinal"
  },
  {
    "docID": "N066 Sarveazad, Babahajian et al. 2017 ",
    "et": "SpinalSubduralArea",
    "off": 20177,
    "sff": "spinal"
  },
  {
    "docID": "N066 Sarveazad, Babahajian et al. 2017 ",
    "et": "SpinalSubduralArea",
    "off": 3349,
    "sff": "Spinal"
  },
  {
    "docID": "N066 Sarveazad, Babahajian et al. 2017 ",
    "et": "SpinalSubduralArea",
    "off": 1722,
    "sff": "spinal"
  },
  {
    "docID": "N066 Sarveazad, Babahajian et al. 2017 ",
    "et": "SpinalSubduralArea",
    "off": 13728,
    "sff": "Spinal"
  },
  {
    "docID": "N066 Sarveazad, Babahajian et al. 2017 ",
    "et": "SpinalSubduralArea",
    "off": 2884,
    "sff": "Spinal"
  },
  {
    "docID": "N066 Sarveazad, Babahajian et al. 2017 ",
    "et": "SpinalSubduralArea",
    "off": 19198,
    "sff": "spinal"
  },
  {
    "docID": "N066 Sarveazad, Babahajian et al. 2017 ",
    "et": "SpinalSubduralArea",
    "off": 3487,
    "sff": "spinal"
  },
  {
    "docID": "N066 Sarveazad, Babahajian et al. 2017 ",
    "et": "SpinalSubduralArea",
    "off": 9386,
    "sff": "spinal"
  },
  {
    "docID": "N066 Sarveazad, Babahajian et al. 2017 ",
    "et": "SpinalSubduralArea",
    "off": 8427,
    "sff": "spinal"
  },
  {
    "docID": "N066 Sarveazad, Babahajian et al. 2017 ",
    "et": "SpinalSubduralArea",
    "off": 14664,
    "sff": "spinal"
  },
  {
    "docID": "N066 Sarveazad, Babahajian et al. 2017 ",
    "et": "ApplicationInstrument",
    "off": 152,
    "sff": "application"
  },
  {
    "docID": "N066 Sarveazad, Babahajian et al. 2017 ",
    "et": "SpinalFiberTract",
    "off": 19198,
    "sff": "spinal"
  },
  {
    "docID": "N066 Sarveazad, Babahajian et al. 2017 ",
    "et": "SpinalFiberTract",
    "off": 3349,
    "sff": "Spinal"
  },
  {
    "docID": "N066 Sarveazad, Babahajian et al. 2017 ",
    "et": "SpinalFiberTract",
    "off": 3487,
    "sff": "spinal"
  },
  {
    "docID": "N066 Sarveazad, Babahajian et al. 2017 ",
    "et": "SpinalFiberTract",
    "off": 14664,
    "sff": "spinal"
  },
  {
    "docID": "N066 Sarveazad, Babahajian et al. 2017 ",
    "et": "SpinalFiberTract",
    "off": 9386,
    "sff": "spinal"
  },
  {
    "docID": "N066 Sarveazad, Babahajian et al. 2017 ",
    "et": "SpinalFiberTract",
    "off": 8427,
    "sff": "spinal"
  },
  {
    "docID": "N066 Sarveazad, Babahajian et al. 2017 ",
    "et": "SpinalFiberTract",
    "off": 241,
    "sff": "spinal"
  },
  {
    "docID": "N066 Sarveazad, Babahajian et al. 2017 ",
    "et": "SpinalFiberTract",
    "off": 20177,
    "sff": "spinal"
  },
  {
    "docID": "N066 Sarveazad, Babahajian et al. 2017 ",
    "et": "SpinalFiberTract",
    "off": 10355,
    "sff": "spinal"
  },
  {
    "docID": "N066 Sarveazad, Babahajian et al. 2017 ",
    "et": "SpinalFiberTract",
    "off": 13728,
    "sff": "Spinal"
  },
  {
    "docID": "N066 Sarveazad, Babahajian et al. 2017 ",
    "et": "SpinalFiberTract",
    "off": 1941,
    "sff": "spinal"
  },
  {
    "docID": "N066 Sarveazad, Babahajian et al. 2017 ",
    "et": "SpinalFiberTract",
    "off": 1722,
    "sff": "spinal"
  },
  {
    "docID": "N066 Sarveazad, Babahajian et al. 2017 ",
    "et": "SpinalFiberTract",
    "off": 2884,
    "sff": "Spinal"
  },
  {
    "docID": "N066 Sarveazad, Babahajian et al. 2017 ",
    "et": "SpinalVentralHalf",
    "off": 241,
    "sff": "spinal"
  },
  {
    "docID": "N066 Sarveazad, Babahajian et al. 2017 ",
    "et": "SpinalVentralHalf",
    "off": 20177,
    "sff": "spinal"
  },
  {
    "docID": "N066 Sarveazad, Babahajian et al. 2017 ",
    "et": "SpinalVentralHalf",
    "off": 10355,
    "sff": "spinal"
  },
  {
    "docID": "N066 Sarveazad, Babahajian et al. 2017 ",
    "et": "SpinalVentralHalf",
    "off": 1941,
    "sff": "spinal"
  },
  {
    "docID": "N066 Sarveazad, Babahajian et al. 2017 ",
    "et": "SpinalVentralHalf",
    "off": 3349,
    "sff": "Spinal"
  },
  {
    "docID": "N066 Sarveazad, Babahajian et al. 2017 ",
    "et": "SpinalVentralHalf",
    "off": 14664,
    "sff": "spinal"
  },
  {
    "docID": "N066 Sarveazad, Babahajian et al. 2017 ",
    "et": "SpinalVentralHalf",
    "off": 8427,
    "sff": "spinal"
  },
  {
    "docID": "N066 Sarveazad, Babahajian et al. 2017 ",
    "et": "SpinalVentralHalf",
    "off": 9386,
    "sff": "spinal"
  },
  {
    "docID": "N066 Sarveazad, Babahajian et al. 2017 ",
    "et": "SpinalVentralHalf",
    "off": 3487,
    "sff": "spinal"
  },
  {
    "docID": "N066 Sarveazad, Babahajian et al. 2017 ",
    "et": "SpinalVentralHalf",
    "off": 19198,
    "sff": "spinal"
  },
  {
    "docID": "N066 Sarveazad, Babahajian et al. 2017 ",
    "et": "SpinalVentralHalf",
    "off": 2884,
    "sff": "Spinal"
  },
  {
    "docID": "N066 Sarveazad, Babahajian et al. 2017 ",
    "et": "SpinalVentralHalf",
    "off": 1722,
    "sff": "spinal"
  },
  {
    "docID": "N066 Sarveazad, Babahajian et al. 2017 ",
    "et": "SpinalVentralHalf",
    "off": 13728,
    "sff": "Spinal"
  },
  {
    "docID": "N066 Sarveazad, Babahajian et al. 2017 ",
    "et": "ChondroitinaseABC",
    "off": 13798,
    "sff": "Chondroitinase ABC"
  },
  {
    "docID": "N066 Sarveazad, Babahajian et al. 2017 ",
    "et": "ChondroitinaseABC",
    "off": 14741,
    "sff": "Chondroitinase ABC"
  },
  {
    "docID": "N066 Sarveazad, Babahajian et al. 2017 ",
    "et": "ChondroitinaseABC",
    "off": 1896,
    "sff": "Chondroitinase ABC"
  },
  {
    "docID": "N066 Sarveazad, Babahajian et al. 2017 ",
    "et": "ChondroitinaseABC",
    "off": 4999,
    "sff": "Chondroitinase ABC"
  },
  {
    "docID": "N066 Sarveazad, Babahajian et al. 2017 ",
    "et": "ChondroitinaseABC",
    "off": 204,
    "sff": "Chondroitinase ABC"
  },
  {
    "docID": "N066 Sarveazad, Babahajian et al. 2017 ",
    "et": "ChondroitinaseABC",
    "off": 13227,
    "sff": "Chondroitinase ABC"
  },
  {
    "docID": "N066 Sarveazad, Babahajian et al. 2017 ",
    "et": "Autologous",
    "off": 4203,
    "sff": "autologous"
  },
  {
    "docID": "N066 Sarveazad, Babahajian et al. 2017 ",
    "et": "SubstanceApplicationLocation",
    "off": 152,
    "sff": "application"
  },
  {
    "docID": "N066 Sarveazad, Babahajian et al. 2017 ",
    "et": "Tissue",
    "off": 4190,
    "sff": "tissue"
  },
  {
    "docID": "N066 Sarveazad, Babahajian et al. 2017 ",
    "et": "Tissue",
    "off": 20355,
    "sff": "tissue"
  },
  {
    "docID": "N066 Sarveazad, Babahajian et al. 2017 ",
    "et": "Tissue",
    "off": 6277,
    "sff": "tissue"
  },
  {
    "docID": "N066 Sarveazad, Babahajian et al. 2017 ",
    "et": "Tissue",
    "off": 20661,
    "sff": "tissue"
  },
  {
    "docID": "N066 Sarveazad, Babahajian et al. 2017 ",
    "et": "Tissue",
    "off": 29125,
    "sff": "tissue"
  },
  {
    "docID": "N066 Sarveazad, Babahajian et al. 2017 ",
    "et": "Tissue",
    "off": 21416,
    "sff": "tissue"
  },
  {
    "docID": "N066 Sarveazad, Babahajian et al. 2017 ",
    "et": "Tissue",
    "off": 6681,
    "sff": "tissue"
  },
  {
    "docID": "N066 Sarveazad, Babahajian et al. 2017 ",
    "et": "InjectionDelivery",
    "off": 2318,
    "sff": "injection"
  },
  {
    "docID": "N066 Sarveazad, Babahajian et al. 2017 ",
    "et": "InjectionDelivery",
    "off": 23936,
    "sff": "injection"
  },
  {
    "docID": "N066 Sarveazad, Babahajian et al. 2017 ",
    "et": "InjectionDelivery",
    "off": 9754,
    "sff": "injection"
  },
  {
    "docID": "N066 Sarveazad, Babahajian et al. 2017 ",
    "et": "InjectionDelivery",
    "off": 9211,
    "sff": "injection"
  },
  {
    "docID": "N066 Sarveazad, Babahajian et al. 2017 ",
    "et": "InjectionDelivery",
    "off": 2252,
    "sff": "injection"
  },
  {
    "docID": "N066 Sarveazad, Babahajian et al. 2017 ",
    "et": "InjectionDelivery",
    "off": 16719,
    "sff": "Injection"
  },
  {
    "docID": "N066 Sarveazad, Babahajian et al. 2017 ",
    "et": "InjectionDelivery",
    "off": 2198,
    "sff": "injection"
  },
  {
    "docID": "N066 Sarveazad, Babahajian et al. 2017 ",
    "et": "InjectionDelivery",
    "off": 16913,
    "sff": "injection"
  },
  {
    "docID": "N066 Sarveazad, Babahajian et al. 2017 ",
    "et": "InjectionDelivery",
    "off": 2308,
    "sff": "injection"
  },
  {
    "docID": "N066 Sarveazad, Babahajian et al. 2017 ",
    "et": "InjectionDelivery",
    "off": 17748,
    "sff": "injection"
  },
  {
    "docID": "N066 Sarveazad, Babahajian et al. 2017 ",
    "et": "InjectionDelivery",
    "off": 23635,
    "sff": "injection"
  },
  {
    "docID": "N066 Sarveazad, Babahajian et al. 2017 ",
    "et": "SpinalLesionSite",
    "off": 8427,
    "sff": "spinal"
  },
  {
    "docID": "N066 Sarveazad, Babahajian et al. 2017 ",
    "et": "SpinalLesionSite",
    "off": 9386,
    "sff": "spinal"
  },
  {
    "docID": "N066 Sarveazad, Babahajian et al. 2017 ",
    "et": "SpinalLesionSite",
    "off": 21104,
    "sff": "lesion"
  },
  {
    "docID": "N066 Sarveazad, Babahajian et al. 2017 ",
    "et": "SpinalLesionSite",
    "off": 241,
    "sff": "spinal"
  },
  {
    "docID": "N066 Sarveazad, Babahajian et al. 2017 ",
    "et": "SpinalLesionSite",
    "off": 9413,
    "sff": "lesion site"
  },
  {
    "docID": "N066 Sarveazad, Babahajian et al. 2017 ",
    "et": "SpinalLesionSite",
    "off": 10355,
    "sff": "spinal"
  },
  {
    "docID": "N066 Sarveazad, Babahajian et al. 2017 ",
    "et": "SpinalLesionSite",
    "off": 13728,
    "sff": "Spinal"
  },
  {
    "docID": "N066 Sarveazad, Babahajian et al. 2017 ",
    "et": "SpinalLesionSite",
    "off": 9588,
    "sff": "lesion"
  },
  {
    "docID": "N066 Sarveazad, Babahajian et al. 2017 ",
    "et": "SpinalLesionSite",
    "off": 25759,
    "sff": "lesion"
  },
  {
    "docID": "N066 Sarveazad, Babahajian et al. 2017 ",
    "et": "SpinalLesionSite",
    "off": 3487,
    "sff": "spinal"
  },
  {
    "docID": "N066 Sarveazad, Babahajian et al. 2017 ",
    "et": "SpinalLesionSite",
    "off": 20633,
    "sff": "lesion"
  },
  {
    "docID": "N066 Sarveazad, Babahajian et al. 2017 ",
    "et": "SpinalLesionSite",
    "off": 9588,
    "sff": "lesion site"
  },
  {
    "docID": "N066 Sarveazad, Babahajian et al. 2017 ",
    "et": "SpinalLesionSite",
    "off": 20942,
    "sff": "lesion"
  },
  {
    "docID": "N066 Sarveazad, Babahajian et al. 2017 ",
    "et": "SpinalLesionSite",
    "off": 25759,
    "sff": "lesion site"
  },
  {
    "docID": "N066 Sarveazad, Babahajian et al. 2017 ",
    "et": "SpinalLesionSite",
    "off": 20177,
    "sff": "spinal"
  },
  {
    "docID": "N066 Sarveazad, Babahajian et al. 2017 ",
    "et": "SpinalLesionSite",
    "off": 2884,
    "sff": "Spinal"
  },
  {
    "docID": "N066 Sarveazad, Babahajian et al. 2017 ",
    "et": "SpinalLesionSite",
    "off": 10187,
    "sff": "lesion"
  },
  {
    "docID": "N066 Sarveazad, Babahajian et al. 2017 ",
    "et": "SpinalLesionSite",
    "off": 20694,
    "sff": "lesion"
  },
  {
    "docID": "N066 Sarveazad, Babahajian et al. 2017 ",
    "et": "SpinalLesionSite",
    "off": 25366,
    "sff": "lesion"
  },
  {
    "docID": "N066 Sarveazad, Babahajian et al. 2017 ",
    "et": "SpinalLesionSite",
    "off": 1941,
    "sff": "spinal"
  },
  {
    "docID": "N066 Sarveazad, Babahajian et al. 2017 ",
    "et": "SpinalLesionSite",
    "off": 20567,
    "sff": "lesion"
  },
  {
    "docID": "N066 Sarveazad, Babahajian et al. 2017 ",
    "et": "SpinalLesionSite",
    "off": 25559,
    "sff": "lesion"
  },
  {
    "docID": "N066 Sarveazad, Babahajian et al. 2017 ",
    "et": "SpinalLesionSite",
    "off": 4625,
    "sff": "lesion"
  },
  {
    "docID": "N066 Sarveazad, Babahajian et al. 2017 ",
    "et": "SpinalLesionSite",
    "off": 1722,
    "sff": "spinal"
  },
  {
    "docID": "N066 Sarveazad, Babahajian et al. 2017 ",
    "et": "SpinalLesionSite",
    "off": 25216,
    "sff": "lesion"
  },
  {
    "docID": "N066 Sarveazad, Babahajian et al. 2017 ",
    "et": "SpinalLesionSite",
    "off": 4625,
    "sff": "lesion site"
  },
  {
    "docID": "N066 Sarveazad, Babahajian et al. 2017 ",
    "et": "SpinalLesionSite",
    "off": 19198,
    "sff": "spinal"
  },
  {
    "docID": "N066 Sarveazad, Babahajian et al. 2017 ",
    "et": "SpinalLesionSite",
    "off": 3349,
    "sff": "Spinal"
  },
  {
    "docID": "N066 Sarveazad, Babahajian et al. 2017 ",
    "et": "SpinalLesionSite",
    "off": 25559,
    "sff": "lesion site"
  },
  {
    "docID": "N066 Sarveazad, Babahajian et al. 2017 ",
    "et": "SpinalLesionSite",
    "off": 9413,
    "sff": "lesion"
  },
  {
    "docID": "N066 Sarveazad, Babahajian et al. 2017 ",
    "et": "SpinalLesionSite",
    "off": 20485,
    "sff": "lesion"
  },
  {
    "docID": "N066 Sarveazad, Babahajian et al. 2017 ",
    "et": "SpinalLesionSite",
    "off": 25366,
    "sff": "lesion site"
  },
  {
    "docID": "N066 Sarveazad, Babahajian et al. 2017 ",
    "et": "SpinalLesionSite",
    "off": 14664,
    "sff": "spinal"
  },
  {
    "docID": "N066 Sarveazad, Babahajian et al. 2017 ",
    "et": "AnimalSpecies",
    "off": 7734,
    "sff": "animal"
  },
  {
    "docID": "N066 Sarveazad, Babahajian et al. 2017 ",
    "et": "AnimalSpecies",
    "off": 10219,
    "sff": "animal"
  },
  {
    "docID": "N066 Sarveazad, Babahajian et al. 2017 ",
    "et": "AnimalSpecies",
    "off": 10285,
    "sff": "animal"
  },
  {
    "docID": "N066 Sarveazad, Babahajian et al. 2017 ",
    "et": "Vehicle",
    "off": 2190,
    "sff": "vehicle"
  },
  {
    "docID": "N066 Sarveazad, Babahajian et al. 2017 ",
    "et": "TemperatureTreatment",
    "off": 6395,
    "sff": "temperature"
  },
  {
    "docID": "N066 Sarveazad, Babahajian et al. 2017 ",
    "et": "TemperatureTreatment",
    "off": 5869,
    "sff": "temperature"
  },
  {
    "docID": "N066 Sarveazad, Babahajian et al. 2017 ",
    "et": "TemperatureTreatment",
    "off": 7647,
    "sff": "temperature"
  },
  {
    "docID": "N066 Sarveazad, Babahajian et al. 2017 ",
    "et": "TemperatureTreatment",
    "off": 6737,
    "sff": "temperature"
  },
  {
    "docID": "N066 Sarveazad, Babahajian et al. 2017 ",
    "et": "PBS",
    "off": 12181,
    "sff": "PBS"
  },
  {
    "docID": "N066 Sarveazad, Babahajian et al. 2017 ",
    "et": "PBS",
    "off": 12325,
    "sff": "PBS"
  },
  {
    "docID": "N066 Sarveazad, Babahajian et al. 2017 ",
    "et": "PBS",
    "off": 11863,
    "sff": "PBS"
  },
  {
    "docID": "N066 Sarveazad, Babahajian et al. 2017 ",
    "et": "PBS",
    "off": 9633,
    "sff": "PBS"
  },
  {
    "docID": "N066 Sarveazad, Babahajian et al. 2017 ",
    "et": "PBS",
    "off": 11953,
    "sff": "PBS"
  },
  {
    "docID": "N066 Sarveazad, Babahajian et al. 2017 ",
    "et": "PBS",
    "off": 8386,
    "sff": "PBS"
  },
  {
    "docID": "N066 Sarveazad, Babahajian et al. 2017 ",
    "et": "PBS",
    "off": 9540,
    "sff": "PBS"
  },
  {
    "docID": "N066 Sarveazad, Babahajian et al. 2017 ",
    "et": "StemCell",
    "off": 4224,
    "sff": "stem"
  },
  {
    "docID": "N066 Sarveazad, Babahajian et al. 2017 ",
    "et": "StemCell",
    "off": 3931,
    "sff": "stem"
  },
  {
    "docID": "N066 Sarveazad, Babahajian et al. 2017 ",
    "et": "StemCell",
    "off": 14716,
    "sff": "stem"
  },
  {
    "docID": "N066 Sarveazad, Babahajian et al. 2017 ",
    "et": "StemCell",
    "off": 189,
    "sff": "stem"
  },
  {
    "docID": "N066 Sarveazad, Babahajian et al. 2017 ",
    "et": "StemCell",
    "off": 4062,
    "sff": "stem"
  },
  {
    "docID": "N066 Sarveazad, Babahajian et al. 2017 ",
    "et": "StemCell",
    "off": 20435,
    "sff": "stem"
  },
  {
    "docID": "N066 Sarveazad, Babahajian et al. 2017 ",
    "et": "StemCell",
    "off": 13206,
    "sff": "stem"
  },
  {
    "docID": "N066 Sarveazad, Babahajian et al. 2017 ",
    "et": "StemCell",
    "off": 15830,
    "sff": "stem"
  },
  {
    "docID": "N066 Sarveazad, Babahajian et al. 2017 ",
    "et": "StemCell",
    "off": 1872,
    "sff": "stem"
  },
  {
    "docID": "N066 Sarveazad, Babahajian et al. 2017 ",
    "et": "StemCell",
    "off": 19336,
    "sff": "stem cell"
  },
  {
    "docID": "N066 Sarveazad, Babahajian et al. 2017 ",
    "et": "StemCell",
    "off": 12877,
    "sff": "stem"
  },
  {
    "docID": "N066 Sarveazad, Babahajian et al. 2017 ",
    "et": "StemCell",
    "off": 20302,
    "sff": "stem"
  },
  {
    "docID": "N066 Sarveazad, Babahajian et al. 2017 ",
    "et": "StemCell",
    "off": 1645,
    "sff": "stem cell"
  },
  {
    "docID": "N066 Sarveazad, Babahajian et al. 2017 ",
    "et": "SpinalCord",
    "off": 2884,
    "sff": "Spinal"
  },
  {
    "docID": "N066 Sarveazad, Babahajian et al. 2017 ",
    "et": "SpinalCord",
    "off": 3487,
    "sff": "spinal cord"
  },
  {
    "docID": "N066 Sarveazad, Babahajian et al. 2017 ",
    "et": "SpinalCord",
    "off": 13728,
    "sff": "Spinal cord"
  },
  {
    "docID": "N066 Sarveazad, Babahajian et al. 2017 ",
    "et": "SpinalCord",
    "off": 9386,
    "sff": "spinal cord"
  },
  {
    "docID": "N066 Sarveazad, Babahajian et al. 2017 ",
    "et": "SpinalCord",
    "off": 14664,
    "sff": "spinal cord"
  },
  {
    "docID": "N066 Sarveazad, Babahajian et al. 2017 ",
    "et": "SpinalCord",
    "off": 8427,
    "sff": "spinal cord"
  },
  {
    "docID": "N066 Sarveazad, Babahajian et al. 2017 ",
    "et": "SpinalCord",
    "off": 241,
    "sff": "spinal cord"
  },
  {
    "docID": "N066 Sarveazad, Babahajian et al. 2017 ",
    "et": "SpinalCord",
    "off": 20177,
    "sff": "spinal cord"
  },
  {
    "docID": "N066 Sarveazad, Babahajian et al. 2017 ",
    "et": "SpinalCord",
    "off": 3349,
    "sff": "Spinal cord"
  },
  {
    "docID": "N066 Sarveazad, Babahajian et al. 2017 ",
    "et": "SpinalCord",
    "off": 1941,
    "sff": "spinal cord"
  },
  {
    "docID": "N066 Sarveazad, Babahajian et al. 2017 ",
    "et": "SpinalCord",
    "off": 10355,
    "sff": "spinal cord"
  },
  {
    "docID": "N066 Sarveazad, Babahajian et al. 2017 ",
    "et": "SpinalCord",
    "off": 1722,
    "sff": "spinal cord"
  },
  {
    "docID": "N066 Sarveazad, Babahajian et al. 2017 ",
    "et": "SpinalCord",
    "off": 19198,
    "sff": "spinal cord"
  },
  {
    "docID": "N066 Sarveazad, Babahajian et al. 2017 ",
    "et": "Proliferation",
    "off": 27073,
    "sff": "proliferation"
  },
  {
    "docID": "N066 Sarveazad, Babahajian et al. 2017 ",
    "et": "LesionAdjacentTissue",
    "off": 20485,
    "sff": "lesion"
  },
  {
    "docID": "N066 Sarveazad, Babahajian et al. 2017 ",
    "et": "LesionAdjacentTissue",
    "off": 10187,
    "sff": "lesion"
  },
  {
    "docID": "N066 Sarveazad, Babahajian et al. 2017 ",
    "et": "LesionAdjacentTissue",
    "off": 25759,
    "sff": "lesion"
  },
  {
    "docID": "N066 Sarveazad, Babahajian et al. 2017 ",
    "et": "LesionAdjacentTissue",
    "off": 25216,
    "sff": "lesion"
  },
  {
    "docID": "N066 Sarveazad, Babahajian et al. 2017 ",
    "et": "LesionAdjacentTissue",
    "off": 9413,
    "sff": "lesion"
  },
  {
    "docID": "N066 Sarveazad, Babahajian et al. 2017 ",
    "et": "LesionAdjacentTissue",
    "off": 4625,
    "sff": "lesion"
  },
  {
    "docID": "N066 Sarveazad, Babahajian et al. 2017 ",
    "et": "LesionAdjacentTissue",
    "off": 20694,
    "sff": "lesion"
  },
  {
    "docID": "N066 Sarveazad, Babahajian et al. 2017 ",
    "et": "LesionAdjacentTissue",
    "off": 25366,
    "sff": "lesion"
  },
  {
    "docID": "N066 Sarveazad, Babahajian et al. 2017 ",
    "et": "LesionAdjacentTissue",
    "off": 20567,
    "sff": "lesion"
  },
  {
    "docID": "N066 Sarveazad, Babahajian et al. 2017 ",
    "et": "LesionAdjacentTissue",
    "off": 25559,
    "sff": "lesion"
  },
  {
    "docID": "N066 Sarveazad, Babahajian et al. 2017 ",
    "et": "LesionAdjacentTissue",
    "off": 20633,
    "sff": "lesion"
  },
  {
    "docID": "N066 Sarveazad, Babahajian et al. 2017 ",
    "et": "LesionAdjacentTissue",
    "off": 20942,
    "sff": "lesion"
  },
  {
    "docID": "N066 Sarveazad, Babahajian et al. 2017 ",
    "et": "LesionAdjacentTissue",
    "off": 21104,
    "sff": "lesion"
  },
  {
    "docID": "N066 Sarveazad, Babahajian et al. 2017 ",
    "et": "LesionAdjacentTissue",
    "off": 9588,
    "sff": "lesion"
  },
  {
    "docID": "N066 Sarveazad, Babahajian et al. 2017 ",
    "et": "WistarRat",
    "off": 5566,
    "sff": "Wistar"
  },
  {
    "docID": "N066 Sarveazad, Babahajian et al. 2017 ",
    "et": "Matrix",
    "off": 21585,
    "sff": "matrix"
  },
  {
    "docID": "N066 Sarveazad, Babahajian et al. 2017 ",
    "et": "Matrix",
    "off": 23460,
    "sff": "Matrix"
  },
  {
    "docID": "N066 Sarveazad, Babahajian et al. 2017 ",
    "et": "Matrix",
    "off": 19610,
    "sff": "matrix"
  },
  {
    "docID": "N066 Sarveazad, Babahajian et al. 2017 ",
    "et": "SpinalCentralPart",
    "off": 10355,
    "sff": "spinal"
  },
  {
    "docID": "N066 Sarveazad, Babahajian et al. 2017 ",
    "et": "SpinalCentralPart",
    "off": 1941,
    "sff": "spinal"
  },
  {
    "docID": "N066 Sarveazad, Babahajian et al. 2017 ",
    "et": "SpinalCentralPart",
    "off": 1722,
    "sff": "spinal"
  },
  {
    "docID": "N066 Sarveazad, Babahajian et al. 2017 ",
    "et": "SpinalCentralPart",
    "off": 2884,
    "sff": "Spinal"
  },
  {
    "docID": "N066 Sarveazad, Babahajian et al. 2017 ",
    "et": "SpinalCentralPart",
    "off": 19198,
    "sff": "spinal"
  },
  {
    "docID": "N066 Sarveazad, Babahajian et al. 2017 ",
    "et": "SpinalCentralPart",
    "off": 3487,
    "sff": "spinal"
  },
  {
    "docID": "N066 Sarveazad, Babahajian et al. 2017 ",
    "et": "SpinalCentralPart",
    "off": 14664,
    "sff": "spinal"
  },
  {
    "docID": "N066 Sarveazad, Babahajian et al. 2017 ",
    "et": "SpinalCentralPart",
    "off": 13728,
    "sff": "Spinal"
  },
  {
    "docID": "N066 Sarveazad, Babahajian et al. 2017 ",
    "et": "SpinalCentralPart",
    "off": 9386,
    "sff": "spinal"
  },
  {
    "docID": "N066 Sarveazad, Babahajian et al. 2017 ",
    "et": "SpinalCentralPart",
    "off": 3349,
    "sff": "Spinal"
  },
  {
    "docID": "N066 Sarveazad, Babahajian et al. 2017 ",
    "et": "SpinalCentralPart",
    "off": 8427,
    "sff": "spinal"
  },
  {
    "docID": "N066 Sarveazad, Babahajian et al. 2017 ",
    "et": "SpinalCentralPart",
    "off": 241,
    "sff": "spinal"
  },
  {
    "docID": "N066 Sarveazad, Babahajian et al. 2017 ",
    "et": "SpinalCentralPart",
    "off": 20177,
    "sff": "spinal"
  },
  {
    "docID": "N066 Sarveazad, Babahajian et al. 2017 ",
    "et": "Ketamine",
    "off": 7561,
    "sff": "Ketamine"
  },
  {
    "docID": "N066 Sarveazad, Babahajian et al. 2017 ",
    "et": "Ketamine",
    "off": 9264,
    "sff": "ketamine"
  },
  {
    "docID": "N066 Sarveazad, Babahajian et al. 2017 ",
    "et": "SpinalWhiteMatter",
    "off": 241,
    "sff": "spinal"
  },
  {
    "docID": "N066 Sarveazad, Babahajian et al. 2017 ",
    "et": "SpinalWhiteMatter",
    "off": 20177,
    "sff": "spinal"
  },
  {
    "docID": "N066 Sarveazad, Babahajian et al. 2017 ",
    "et": "SpinalWhiteMatter",
    "off": 10355,
    "sff": "spinal"
  },
  {
    "docID": "N066 Sarveazad, Babahajian et al. 2017 ",
    "et": "SpinalWhiteMatter",
    "off": 14664,
    "sff": "spinal"
  },
  {
    "docID": "N066 Sarveazad, Babahajian et al. 2017 ",
    "et": "SpinalWhiteMatter",
    "off": 9386,
    "sff": "spinal"
  },
  {
    "docID": "N066 Sarveazad, Babahajian et al. 2017 ",
    "et": "SpinalWhiteMatter",
    "off": 8427,
    "sff": "spinal"
  },
  {
    "docID": "N066 Sarveazad, Babahajian et al. 2017 ",
    "et": "SpinalWhiteMatter",
    "off": 19198,
    "sff": "spinal"
  },
  {
    "docID": "N066 Sarveazad, Babahajian et al. 2017 ",
    "et": "SpinalWhiteMatter",
    "off": 3349,
    "sff": "Spinal"
  },
  {
    "docID": "N066 Sarveazad, Babahajian et al. 2017 ",
    "et": "SpinalWhiteMatter",
    "off": 3487,
    "sff": "spinal"
  },
  {
    "docID": "N066 Sarveazad, Babahajian et al. 2017 ",
    "et": "SpinalWhiteMatter",
    "off": 1941,
    "sff": "spinal"
  },
  {
    "docID": "N066 Sarveazad, Babahajian et al. 2017 ",
    "et": "SpinalWhiteMatter",
    "off": 13728,
    "sff": "Spinal"
  },
  {
    "docID": "N066 Sarveazad, Babahajian et al. 2017 ",
    "et": "SpinalWhiteMatter",
    "off": 2884,
    "sff": "Spinal"
  },
  {
    "docID": "N066 Sarveazad, Babahajian et al. 2017 ",
    "et": "SpinalWhiteMatter",
    "off": 1722,
    "sff": "spinal"
  },
  {
    "docID": "N066 Sarveazad, Babahajian et al. 2017 ",
    "et": "MacrophageCell",
    "off": 20783,
    "sff": "Macrophage"
  },
  {
    "docID": "N066 Sarveazad, Babahajian et al. 2017 ",
    "et": "Antibody",
    "off": 12081,
    "sff": "antibody"
  },
  {
    "docID": "N066 Sarveazad, Babahajian et al. 2017 ",
    "et": "Antibody",
    "off": 12225,
    "sff": "antibody"
  },
  {
    "docID": "N066 Sarveazad, Babahajian et al. 2017 ",
    "et": "Antibody",
    "off": 13869,
    "sff": "antibody"
  },
  {
    "docID": "N066 Sarveazad, Babahajian et al. 2017 ",
    "et": "Antibody",
    "off": 11420,
    "sff": "antibody"
  },
  {
    "docID": "N066 Sarveazad, Babahajian et al. 2017 ",
    "et": "Antibody",
    "off": 11702,
    "sff": "antibody"
  },
  {
    "docID": "N066 Sarveazad, Babahajian et al. 2017 ",
    "et": "Antibody",
    "off": 11653,
    "sff": "antibody"
  },
  {
    "docID": "N066 Sarveazad, Babahajian et al. 2017 ",
    "et": "Antibody",
    "off": 9944,
    "sff": "antibody"
  },
  {
    "docID": "N066 Sarveazad, Babahajian et al. 2017 ",
    "et": "UmbilicalCordBloodStemCell",
    "off": 10362,
    "sff": "cord"
  },
  {
    "docID": "N066 Sarveazad, Babahajian et al. 2017 ",
    "et": "UmbilicalCordBloodStemCell",
    "off": 248,
    "sff": "cord"
  },
  {
    "docID": "N066 Sarveazad, Babahajian et al. 2017 ",
    "et": "UmbilicalCordBloodStemCell",
    "off": 20184,
    "sff": "cord"
  },
  {
    "docID": "N066 Sarveazad, Babahajian et al. 2017 ",
    "et": "UmbilicalCordBloodStemCell",
    "off": 3494,
    "sff": "cord"
  },
  {
    "docID": "N066 Sarveazad, Babahajian et al. 2017 ",
    "et": "UmbilicalCordBloodStemCell",
    "off": 13735,
    "sff": "cord"
  },
  {
    "docID": "N066 Sarveazad, Babahajian et al. 2017 ",
    "et": "UmbilicalCordBloodStemCell",
    "off": 19205,
    "sff": "cord"
  },
  {
    "docID": "N066 Sarveazad, Babahajian et al. 2017 ",
    "et": "UmbilicalCordBloodStemCell",
    "off": 8434,
    "sff": "cord"
  },
  {
    "docID": "N066 Sarveazad, Babahajian et al. 2017 ",
    "et": "UmbilicalCordBloodStemCell",
    "off": 1729,
    "sff": "cord"
  },
  {
    "docID": "N066 Sarveazad, Babahajian et al. 2017 ",
    "et": "UmbilicalCordBloodStemCell",
    "off": 9393,
    "sff": "cord"
  },
  {
    "docID": "N066 Sarveazad, Babahajian et al. 2017 ",
    "et": "UmbilicalCordBloodStemCell",
    "off": 14671,
    "sff": "cord"
  },
  {
    "docID": "N066 Sarveazad, Babahajian et al. 2017 ",
    "et": "UmbilicalCordBloodStemCell",
    "off": 1948,
    "sff": "cord"
  },
  {
    "docID": "N066 Sarveazad, Babahajian et al. 2017 ",
    "et": "UmbilicalCordBloodStemCell",
    "off": 3356,
    "sff": "cord"
  },
  {
    "docID": "N066 Sarveazad, Babahajian et al. 2017 ",
    "et": "Protein",
    "off": 11397,
    "sff": "protein"
  },
  {
    "docID": "N066 Sarveazad, Babahajian et al. 2017 ",
    "et": "Protein",
    "off": 7046,
    "sff": "protein"
  },
  {
    "docID": "N066 Sarveazad, Babahajian et al. 2017 ",
    "et": "Protein",
    "off": 11520,
    "sff": "protein"
  },
  {
    "docID": "N066 Sarveazad, Babahajian et al. 2017 ",
    "et": "GlialCell",
    "off": 4597,
    "sff": "glial"
  },
  {
    "docID": "N066 Sarveazad, Babahajian et al. 2017 ",
    "et": "GlialCell",
    "off": 11373,
    "sff": "Glial"
  },
  {
    "docID": "N066 Sarveazad, Babahajian et al. 2017 ",
    "et": "GlialCell",
    "off": 22421,
    "sff": "glial"
  },
  {
    "docID": "N066 Sarveazad, Babahajian et al. 2017 ",
    "et": "GlialCell",
    "off": 5314,
    "sff": "glial"
  },
  {
    "docID": "N066 Sarveazad, Babahajian et al. 2017 ",
    "et": "GlialCell",
    "off": 9793,
    "sff": "glial"
  },
  {
    "docID": "N066 Sarveazad, Babahajian et al. 2017 ",
    "et": "GlialCell",
    "off": 23520,
    "sff": "glial"
  },
  {
    "docID": "N066 Sarveazad, Babahajian et al. 2017 ",
    "et": "GlialCell",
    "off": 25984,
    "sff": "glial"
  },
  {
    "docID": "N066 Sarveazad, Babahajian et al. 2017 ",
    "et": "GlialCell",
    "off": 22223,
    "sff": "glial"
  },
  {
    "docID": "N066 Sarveazad, Babahajian et al. 2017 ",
    "et": "GlialCell",
    "off": 28220,
    "sff": "glial"
  },
  {
    "docID": "N066 Sarveazad, Babahajian et al. 2017 ",
    "et": "GlialCell",
    "off": 4937,
    "sff": "glial"
  },
  {
    "docID": "N066 Sarveazad, Babahajian et al. 2017 ",
    "et": "GlialCell",
    "off": 4871,
    "sff": "glial"
  },
  {
    "docID": "N066 Sarveazad, Babahajian et al. 2017 ",
    "et": "GlialCell",
    "off": 22775,
    "sff": "glial"
  },
  {
    "docID": "N066 Sarveazad, Babahajian et al. 2017 ",
    "et": "SpinalGrayMatter",
    "off": 10355,
    "sff": "spinal"
  },
  {
    "docID": "N066 Sarveazad, Babahajian et al. 2017 ",
    "et": "SpinalGrayMatter",
    "off": 241,
    "sff": "spinal"
  },
  {
    "docID": "N066 Sarveazad, Babahajian et al. 2017 ",
    "et": "SpinalGrayMatter",
    "off": 20177,
    "sff": "spinal"
  },
  {
    "docID": "N066 Sarveazad, Babahajian et al. 2017 ",
    "et": "SpinalGrayMatter",
    "off": 1941,
    "sff": "spinal"
  },
  {
    "docID": "N066 Sarveazad, Babahajian et al. 2017 ",
    "et": "SpinalGrayMatter",
    "off": 3349,
    "sff": "Spinal"
  },
  {
    "docID": "N066 Sarveazad, Babahajian et al. 2017 ",
    "et": "SpinalGrayMatter",
    "off": 8427,
    "sff": "spinal"
  },
  {
    "docID": "N066 Sarveazad, Babahajian et al. 2017 ",
    "et": "SpinalGrayMatter",
    "off": 9386,
    "sff": "spinal"
  },
  {
    "docID": "N066 Sarveazad, Babahajian et al. 2017 ",
    "et": "SpinalGrayMatter",
    "off": 13728,
    "sff": "Spinal"
  },
  {
    "docID": "N066 Sarveazad, Babahajian et al. 2017 ",
    "et": "SpinalGrayMatter",
    "off": 14664,
    "sff": "spinal"
  },
  {
    "docID": "N066 Sarveazad, Babahajian et al. 2017 ",
    "et": "SpinalGrayMatter",
    "off": 1722,
    "sff": "spinal"
  },
  {
    "docID": "N066 Sarveazad, Babahajian et al. 2017 ",
    "et": "SpinalGrayMatter",
    "off": 3487,
    "sff": "spinal"
  },
  {
    "docID": "N066 Sarveazad, Babahajian et al. 2017 ",
    "et": "SpinalGrayMatter",
    "off": 2884,
    "sff": "Spinal"
  },
  {
    "docID": "N066 Sarveazad, Babahajian et al. 2017 ",
    "et": "SpinalGrayMatter",
    "off": 19198,
    "sff": "spinal"
  },
  {
    "docID": "N066 Sarveazad, Babahajian et al. 2017 ",
    "et": "VimentinAntiSenseDNA",
    "off": 13894,
    "sff": "Anti"
  },
  {
    "docID": "N066 Sarveazad, Babahajian et al. 2017 ",
    "et": "RatSpecies",
    "off": 5474,
    "sff": "rat"
  },
  {
    "docID": "N066 Sarveazad, Babahajian et al. 2017 ",
    "et": "RatSpecies",
    "off": 10794,
    "sff": "rat"
  },
  {
    "docID": "N066 Sarveazad, Babahajian et al. 2017 ",
    "et": "RatSpecies",
    "off": 1928,
    "sff": "rat"
  },
  {
    "docID": "N066 Sarveazad, Babahajian et al. 2017 ",
    "et": "Caudal",
    "off": 8497,
    "sff": "caudal"
  },
  {
    "docID": "N066 Sarveazad, Babahajian et al. 2017 ",
    "et": "Enzyme",
    "off": 17735,
    "sff": "enzyme"
  },
  {
    "docID": "N066 Sarveazad, Babahajian et al. 2017 ",
    "et": "Enzyme",
    "off": 5041,
    "sff": "enzyme"
  },
  {
    "docID": "N066 Sarveazad, Babahajian et al. 2017 ",
    "et": "Enzyme",
    "off": 9204,
    "sff": "enzyme"
  },
  {
    "docID": "N066 Sarveazad, Babahajian et al. 2017 ",
    "et": "Enzyme",
    "off": 9774,
    "sff": "enzyme"
  },
  {
    "docID": "N066 Sarveazad, Babahajian et al. 2017 ",
    "et": "Enzyme",
    "off": 22352,
    "sff": "enzyme"
  },
  {
    "docID": "N066 Sarveazad, Babahajian et al. 2017 ",
    "et": "AntiCD11dAntibody",
    "off": 13894,
    "sff": "Anti"
  },
  {
    "docID": "N066 Sarveazad, Babahajian et al. 2017 ",
    "et": "SchwannCell",
    "off": 25736,
    "sff": "Schwann"
  },
  {
    "docID": "N066 Sarveazad, Babahajian et al. 2017 ",
    "et": "SchwannCell",
    "off": 25536,
    "sff": "Schwann"
  },
  {
    "docID": "N066 Sarveazad, Babahajian et al. 2017 ",
    "et": "SchwannCell",
    "off": 25172,
    "sff": "Schwann"
  },
  {
    "docID": "N066 Sarveazad, Babahajian et al. 2017 ",
    "et": "NewZealandRabbit",
    "off": 3824,
    "sff": "new"
  },
  {
    "docID": "N066 Sarveazad, Babahajian et al. 2017 ",
    "et": "NewZealandRabbit",
    "off": 1693,
    "sff": "new"
  },
  {
    "docID": "N066 Sarveazad, Babahajian et al. 2017 ",
    "et": "NewZealandRabbit",
    "off": 24460,
    "sff": "new"
  },
  {
    "docID": "N066 Sarveazad, Babahajian et al. 2017 ",
    "et": "NewZealandRabbit",
    "off": 27500,
    "sff": "new"
  },
  {
    "docID": "N066 Sarveazad, Babahajian et al. 2017 ",
    "et": "SigmaAldrich",
    "off": 8326,
    "sff": "Sigma"
  },
  {
    "docID": "N066 Sarveazad, Babahajian et al. 2017 ",
    "et": "SigmaAldrich",
    "off": 11990,
    "sff": "Sigma"
  },
  {
    "docID": "N066 Sarveazad, Babahajian et al. 2017 ",
    "et": "Thoracic",
    "off": 7761,
    "sff": "thoracic"
  },
  {
    "docID": "N066 Sarveazad, Babahajian et al. 2017 ",
    "et": "Thoracic",
    "off": 9377,
    "sff": "thoracic"
  },
  {
    "docID": "N066 Sarveazad, Babahajian et al. 2017 ",
    "et": "StemCellSourceType",
    "off": 3931,
    "sff": "stem"
  },
  {
    "docID": "N066 Sarveazad, Babahajian et al. 2017 ",
    "et": "StemCellSourceType",
    "off": 13206,
    "sff": "stem"
  },
  {
    "docID": "N066 Sarveazad, Babahajian et al. 2017 ",
    "et": "StemCellSourceType",
    "off": 15830,
    "sff": "stem"
  },
  {
    "docID": "N066 Sarveazad, Babahajian et al. 2017 ",
    "et": "StemCellSourceType",
    "off": 2476,
    "sff": "cell"
  },
  {
    "docID": "N066 Sarveazad, Babahajian et al. 2017 ",
    "et": "StemCellSourceType",
    "off": 20435,
    "sff": "stem"
  },
  {
    "docID": "N066 Sarveazad, Babahajian et al. 2017 ",
    "et": "StemCellSourceType",
    "off": 26668,
    "sff": "cell"
  },
  {
    "docID": "N066 Sarveazad, Babahajian et al. 2017 ",
    "et": "StemCellSourceType",
    "off": 26860,
    "sff": "cell"
  },
  {
    "docID": "N066 Sarveazad, Babahajian et al. 2017 ",
    "et": "StemCellSourceType",
    "off": 26411,
    "sff": "cell"
  },
  {
    "docID": "N066 Sarveazad, Babahajian et al. 2017 ",
    "et": "StemCellSourceType",
    "off": 1872,
    "sff": "stem"
  },
  {
    "docID": "N066 Sarveazad, Babahajian et al. 2017 ",
    "et": "StemCellSourceType",
    "off": 17839,
    "sff": "cell"
  },
  {
    "docID": "N066 Sarveazad, Babahajian et al. 2017 ",
    "et": "StemCellSourceType",
    "off": 20302,
    "sff": "stem"
  },
  {
    "docID": "N066 Sarveazad, Babahajian et al. 2017 ",
    "et": "StemCellSourceType",
    "off": 12877,
    "sff": "stem"
  },
  {
    "docID": "N066 Sarveazad, Babahajian et al. 2017 ",
    "et": "StemCellSourceType",
    "off": 3761,
    "sff": "cell"
  },
  {
    "docID": "N066 Sarveazad, Babahajian et al. 2017 ",
    "et": "StemCellSourceType",
    "off": 20149,
    "sff": "cell"
  },
  {
    "docID": "N066 Sarveazad, Babahajian et al. 2017 ",
    "et": "StemCellSourceType",
    "off": 25656,
    "sff": "cell"
  },
  {
    "docID": "N066 Sarveazad, Babahajian et al. 2017 ",
    "et": "StemCellSourceType",
    "off": 28985,
    "sff": "cell"
  },
  {
    "docID": "N066 Sarveazad, Babahajian et al. 2017 ",
    "et": "StemCellSourceType",
    "off": 4224,
    "sff": "stem"
  },
  {
    "docID": "N066 Sarveazad, Babahajian et al. 2017 ",
    "et": "StemCellSourceType",
    "off": 189,
    "sff": "stem"
  },
  {
    "docID": "N066 Sarveazad, Babahajian et al. 2017 ",
    "et": "StemCellSourceType",
    "off": 14716,
    "sff": "stem"
  },
  {
    "docID": "N066 Sarveazad, Babahajian et al. 2017 ",
    "et": "StemCellSourceType",
    "off": 26565,
    "sff": "cell"
  },
  {
    "docID": "N066 Sarveazad, Babahajian et al. 2017 ",
    "et": "StemCellSourceType",
    "off": 27024,
    "sff": "cell"
  },
  {
    "docID": "N066 Sarveazad, Babahajian et al. 2017 ",
    "et": "StemCellSourceType",
    "off": 1645,
    "sff": "stem cell"
  },
  {
    "docID": "N066 Sarveazad, Babahajian et al. 2017 ",
    "et": "StemCellSourceType",
    "off": 19336,
    "sff": "stem cell"
  },
  {
    "docID": "N066 Sarveazad, Babahajian et al. 2017 ",
    "et": "StemCellSourceType",
    "off": 12374,
    "sff": "cell"
  },
  {
    "docID": "N066 Sarveazad, Babahajian et al. 2017 ",
    "et": "StemCellSourceType",
    "off": 26454,
    "sff": "cell"
  },
  {
    "docID": "N066 Sarveazad, Babahajian et al. 2017 ",
    "et": "StemCellSourceType",
    "off": 6489,
    "sff": "cell"
  },
  {
    "docID": "N066 Sarveazad, Babahajian et al. 2017 ",
    "et": "StemCellSourceType",
    "off": 9179,
    "sff": "cell"
  },
  {
    "docID": "N066 Sarveazad, Babahajian et al. 2017 ",
    "et": "StemCellSourceType",
    "off": 4062,
    "sff": "stem"
  },
  {
    "docID": "N066 Sarveazad, Babahajian et al. 2017 ",
    "et": "InVitroExperimentalProcedure",
    "off": 16537,
    "sff": "experimental"
  },
  {
    "docID": "N066 Sarveazad, Babahajian et al. 2017 ",
    "et": "InVitroExperimentalProcedure",
    "off": 22811,
    "sff": "vitro"
  },
  {
    "docID": "N066 Sarveazad, Babahajian et al. 2017 ",
    "et": "InVitroExperimentalProcedure",
    "off": 26689,
    "sff": "vitro"
  },
  {
    "docID": "N066 Sarveazad, Babahajian et al. 2017 ",
    "et": "InVitroExperimentalProcedure",
    "off": 27205,
    "sff": "vitro"
  },
  {
    "docID": "N066 Sarveazad, Babahajian et al. 2017 ",
    "et": "AntiNG2Antibody",
    "off": 13894,
    "sff": "Anti"
  },
  {
    "docID": "N066 Sarveazad, Babahajian et al. 2017 ",
    "et": "AntiNogoAAntibody",
    "off": 13894,
    "sff": "Anti"
  },
  {
    "docID": "N066 Sarveazad, Babahajian et al. 2017 ",
    "et": "LongEvansRat",
    "off": 3438,
    "sff": "long"
  },
  {
    "docID": "N066 Sarveazad, Babahajian et al. 2017 ",
    "et": "Cell",
    "off": 12374,
    "sff": "cell"
  },
  {
    "docID": "N066 Sarveazad, Babahajian et al. 2017 ",
    "et": "Cell",
    "off": 26454,
    "sff": "cell"
  },
  {
    "docID": "N066 Sarveazad, Babahajian et al. 2017 ",
    "et": "Cell",
    "off": 20149,
    "sff": "cell"
  },
  {
    "docID": "N066 Sarveazad, Babahajian et al. 2017 ",
    "et": "Cell",
    "off": 25656,
    "sff": "cell"
  },
  {
    "docID": "N066 Sarveazad, Babahajian et al. 2017 ",
    "et": "Cell",
    "off": 6489,
    "sff": "cell"
  },
  {
    "docID": "N066 Sarveazad, Babahajian et al. 2017 ",
    "et": "Cell",
    "off": 28985,
    "sff": "cell"
  },
  {
    "docID": "N066 Sarveazad, Babahajian et al. 2017 ",
    "et": "Cell",
    "off": 9179,
    "sff": "cell"
  },
  {
    "docID": "N066 Sarveazad, Babahajian et al. 2017 ",
    "et": "Cell",
    "off": 26565,
    "sff": "cell"
  },
  {
    "docID": "N066 Sarveazad, Babahajian et al. 2017 ",
    "et": "Cell",
    "off": 2476,
    "sff": "cell"
  },
  {
    "docID": "N066 Sarveazad, Babahajian et al. 2017 ",
    "et": "Cell",
    "off": 26668,
    "sff": "cell"
  },
  {
    "docID": "N066 Sarveazad, Babahajian et al. 2017 ",
    "et": "Cell",
    "off": 26860,
    "sff": "cell"
  },
  {
    "docID": "N066 Sarveazad, Babahajian et al. 2017 ",
    "et": "Cell",
    "off": 26411,
    "sff": "cell"
  },
  {
    "docID": "N066 Sarveazad, Babahajian et al. 2017 ",
    "et": "Cell",
    "off": 19341,
    "sff": "cell"
  },
  {
    "docID": "N066 Sarveazad, Babahajian et al. 2017 ",
    "et": "Cell",
    "off": 27024,
    "sff": "cell"
  },
  {
    "docID": "N066 Sarveazad, Babahajian et al. 2017 ",
    "et": "Cell",
    "off": 17839,
    "sff": "cell"
  },
  {
    "docID": "N066 Sarveazad, Babahajian et al. 2017 ",
    "et": "Cell",
    "off": 1650,
    "sff": "cell"
  },
  {
    "docID": "N066 Sarveazad, Babahajian et al. 2017 ",
    "et": "Cell",
    "off": 3761,
    "sff": "cell"
  },
  {
    "docID": "N066 Sarveazad, Babahajian et al. 2017 ",
    "et": "SpinalDorsalHalf",
    "off": 1941,
    "sff": "spinal"
  },
  {
    "docID": "N066 Sarveazad, Babahajian et al. 2017 ",
    "et": "SpinalDorsalHalf",
    "off": 10355,
    "sff": "spinal"
  },
  {
    "docID": "N066 Sarveazad, Babahajian et al. 2017 ",
    "et": "SpinalDorsalHalf",
    "off": 3349,
    "sff": "Spinal"
  },
  {
    "docID": "N066 Sarveazad, Babahajian et al. 2017 ",
    "et": "SpinalDorsalHalf",
    "off": 241,
    "sff": "spinal"
  },
  {
    "docID": "N066 Sarveazad, Babahajian et al. 2017 ",
    "et": "SpinalDorsalHalf",
    "off": 19198,
    "sff": "spinal"
  },
  {
    "docID": "N066 Sarveazad, Babahajian et al. 2017 ",
    "et": "SpinalDorsalHalf",
    "off": 20177,
    "sff": "spinal"
  },
  {
    "docID": "N066 Sarveazad, Babahajian et al. 2017 ",
    "et": "SpinalDorsalHalf",
    "off": 1722,
    "sff": "spinal"
  },
  {
    "docID": "N066 Sarveazad, Babahajian et al. 2017 ",
    "et": "SpinalDorsalHalf",
    "off": 13728,
    "sff": "Spinal"
  },
  {
    "docID": "N066 Sarveazad, Babahajian et al. 2017 ",
    "et": "SpinalDorsalHalf",
    "off": 2884,
    "sff": "Spinal"
  },
  {
    "docID": "N066 Sarveazad, Babahajian et al. 2017 ",
    "et": "SpinalDorsalHalf",
    "off": 3487,
    "sff": "spinal"
  },
  {
    "docID": "N066 Sarveazad, Babahajian et al. 2017 ",
    "et": "SpinalDorsalHalf",
    "off": 8427,
    "sff": "spinal"
  },
  {
    "docID": "N066 Sarveazad, Babahajian et al. 2017 ",
    "et": "SpinalDorsalHalf",
    "off": 9386,
    "sff": "spinal"
  },
  {
    "docID": "N066 Sarveazad, Babahajian et al. 2017 ",
    "et": "SpinalDorsalHalf",
    "off": 14664,
    "sff": "spinal"
  },
  {
    "docID": "N066 Sarveazad, Babahajian et al. 2017 ",
    "et": "ExperimentalProcedure",
    "off": 16537,
    "sff": "experimental"
  },
  {
    "docID": "N066 Sarveazad, Babahajian et al. 2017 ",
    "et": "BrainDerivedNeurotrophicFactor",
    "off": 13198,
    "sff": "derived"
  },
  {
    "docID": "N066 Sarveazad, Babahajian et al. 2017 ",
    "et": "BrainDerivedNeurotrophicFactor",
    "off": 15822,
    "sff": "derived"
  },
  {
    "docID": "N066 Sarveazad, Babahajian et al. 2017 ",
    "et": "BrainDerivedNeurotrophicFactor",
    "off": 14708,
    "sff": "derived"
  },
  {
    "docID": "N066 Sarveazad, Babahajian et al. 2017 ",
    "et": "BrainDerivedNeurotrophicFactor",
    "off": 12869,
    "sff": "derived"
  },
  {
    "docID": "N066 Sarveazad, Babahajian et al. 2017 ",
    "et": "BrainDerivedNeurotrophicFactor",
    "off": 181,
    "sff": "derived"
  },
  {
    "docID": "N066 Sarveazad, Babahajian et al. 2017 ",
    "et": "BrainDerivedNeurotrophicFactor",
    "off": 1989,
    "sff": "derived"
  },
  {
    "docID": "N066 Sarveazad, Babahajian et al. 2017 ",
    "et": "BrainDerivedNeurotrophicFactor",
    "off": 13766,
    "sff": "derived"
  },
  {
    "docID": "N066 Sarveazad, Babahajian et al. 2017 ",
    "et": "BrainDerivedNeurotrophicFactor",
    "off": 15450,
    "sff": "derived"
  }
]
