[
  {
    "docID": "N078 Aoki 2010",
    "et": "SubcutaneousLocation",
    "off": 5315,
    "sff": "subcutaneous"
  },
  {
    "docID": "N078 Aoki 2010",
    "et": "OlfactoryEnsheathingGliaCell",
    "off": 107,
    "sff": "olfactory"
  },
  {
    "docID": "N078 Aoki 2010",
    "et": "OlfactoryEnsheathingGliaCell",
    "off": 17125,
    "sff": "olfactory"
  },
  {
    "docID": "N078 Aoki 2010",
    "et": "OlfactoryEnsheathingGliaCell",
    "off": 34276,
    "sff": "olfactory"
  },
  {
    "docID": "N078 Aoki 2010",
    "et": "OlfactoryEnsheathingGliaCell",
    "off": 30091,
    "sff": "olfactory ensheathing"
  },
  {
    "docID": "N078 Aoki 2010",
    "et": "OlfactoryEnsheathingGliaCell",
    "off": 34818,
    "sff": "Olfactory"
  },
  {
    "docID": "N078 Aoki 2010",
    "et": "OlfactoryEnsheathingGliaCell",
    "off": 14037,
    "sff": "olfactory"
  },
  {
    "docID": "N078 Aoki 2010",
    "et": "OlfactoryEnsheathingGliaCell",
    "off": 33902,
    "sff": "Olfactory ensheathing cell"
  },
  {
    "docID": "N078 Aoki 2010",
    "et": "OlfactoryEnsheathingGliaCell",
    "off": 32399,
    "sff": "Olfactory ensheathing"
  },
  {
    "docID": "N078 Aoki 2010",
    "et": "OlfactoryEnsheathingGliaCell",
    "off": 31885,
    "sff": "Olfactory ensheathing"
  },
  {
    "docID": "N078 Aoki 2010",
    "et": "OlfactoryEnsheathingGliaCell",
    "off": 34680,
    "sff": "olfactory ensheathing"
  },
  {
    "docID": "N078 Aoki 2010",
    "et": "OlfactoryEnsheathingGliaCell",
    "off": 27983,
    "sff": "olfactory"
  },
  {
    "docID": "N078 Aoki 2010",
    "et": "OlfactoryEnsheathingGliaCell",
    "off": 31885,
    "sff": "Olfactory ensheathing glia"
  },
  {
    "docID": "N078 Aoki 2010",
    "et": "OlfactoryEnsheathingGliaCell",
    "off": 2650,
    "sff": "Olfactory ensheathing"
  },
  {
    "docID": "N078 Aoki 2010",
    "et": "OlfactoryEnsheathingGliaCell",
    "off": 17216,
    "sff": "olfactory"
  },
  {
    "docID": "N078 Aoki 2010",
    "et": "OlfactoryEnsheathingGliaCell",
    "off": 29531,
    "sff": "Olfactory ensheathing"
  },
  {
    "docID": "N078 Aoki 2010",
    "et": "OlfactoryEnsheathingGliaCell",
    "off": 32603,
    "sff": "Olfactory ensheathing"
  },
  {
    "docID": "N078 Aoki 2010",
    "et": "OlfactoryEnsheathingGliaCell",
    "off": 33049,
    "sff": "olfactory ensheathing glia"
  },
  {
    "docID": "N078 Aoki 2010",
    "et": "OlfactoryEnsheathingGliaCell",
    "off": 6979,
    "sff": "olfactory"
  },
  {
    "docID": "N078 Aoki 2010",
    "et": "OlfactoryEnsheathingGliaCell",
    "off": 2526,
    "sff": "Olfactory ensheathing"
  },
  {
    "docID": "N078 Aoki 2010",
    "et": "OlfactoryEnsheathingGliaCell",
    "off": 34749,
    "sff": "olfactory"
  },
  {
    "docID": "N078 Aoki 2010",
    "et": "OlfactoryEnsheathingGliaCell",
    "off": 2365,
    "sff": "olfactory"
  },
  {
    "docID": "N078 Aoki 2010",
    "et": "OlfactoryEnsheathingGliaCell",
    "off": 33560,
    "sff": "olfactory ensheathing glia"
  },
  {
    "docID": "N078 Aoki 2010",
    "et": "OlfactoryEnsheathingGliaCell",
    "off": 14000,
    "sff": "olfactory"
  },
  {
    "docID": "N078 Aoki 2010",
    "et": "OlfactoryEnsheathingGliaCell",
    "off": 34079,
    "sff": "olfactory ensheathing"
  },
  {
    "docID": "N078 Aoki 2010",
    "et": "OlfactoryEnsheathingGliaCell",
    "off": 33902,
    "sff": "Olfactory ensheathing"
  },
  {
    "docID": "N078 Aoki 2010",
    "et": "OlfactoryEnsheathingGliaCell",
    "off": 33560,
    "sff": "olfactory ensheathing"
  },
  {
    "docID": "N078 Aoki 2010",
    "et": "OlfactoryEnsheathingGliaCell",
    "off": 33049,
    "sff": "olfactory ensheathing"
  },
  {
    "docID": "N078 Aoki 2010",
    "et": "OlfactoryEnsheathingGliaCell",
    "off": 32857,
    "sff": "olfactory ensheathing cell"
  },
  {
    "docID": "N078 Aoki 2010",
    "et": "OlfactoryEnsheathingGliaCell",
    "off": 7853,
    "sff": "Olfactory"
  },
  {
    "docID": "N078 Aoki 2010",
    "et": "OlfactoryEnsheathingGliaCell",
    "off": 27938,
    "sff": "olfactory"
  },
  {
    "docID": "N078 Aoki 2010",
    "et": "OlfactoryEnsheathingGliaCell",
    "off": 29464,
    "sff": "olfactory"
  },
  {
    "docID": "N078 Aoki 2010",
    "et": "OlfactoryEnsheathingGliaCell",
    "off": 34456,
    "sff": "olfactory"
  },
  {
    "docID": "N078 Aoki 2010",
    "et": "OlfactoryEnsheathingGliaCell",
    "off": 539,
    "sff": "olfactory"
  },
  {
    "docID": "N078 Aoki 2010",
    "et": "OlfactoryEnsheathingGliaCell",
    "off": 31387,
    "sff": "olfactory"
  },
  {
    "docID": "N078 Aoki 2010",
    "et": "OlfactoryEnsheathingGliaCell",
    "off": 14101,
    "sff": "olfactory"
  },
  {
    "docID": "N078 Aoki 2010",
    "et": "OlfactoryEnsheathingGliaCell",
    "off": 28054,
    "sff": "olfactory"
  },
  {
    "docID": "N078 Aoki 2010",
    "et": "OlfactoryEnsheathingGliaCell",
    "off": 2123,
    "sff": "Olfactory ensheathing"
  },
  {
    "docID": "N078 Aoki 2010",
    "et": "OlfactoryEnsheathingGliaCell",
    "off": 30815,
    "sff": "ensheathing"
  },
  {
    "docID": "N078 Aoki 2010",
    "et": "OlfactoryEnsheathingGliaCell",
    "off": 32116,
    "sff": "olfactory ensheathing"
  },
  {
    "docID": "N078 Aoki 2010",
    "et": "OlfactoryEnsheathingGliaCell",
    "off": 33269,
    "sff": "olfactory ensheathing"
  },
  {
    "docID": "N078 Aoki 2010",
    "et": "OlfactoryEnsheathingGliaCell",
    "off": 16901,
    "sff": "olfactory"
  },
  {
    "docID": "N078 Aoki 2010",
    "et": "OlfactoryEnsheathingGliaCell",
    "off": 28166,
    "sff": "olfactory"
  },
  {
    "docID": "N078 Aoki 2010",
    "et": "OlfactoryEnsheathingGliaCell",
    "off": 30956,
    "sff": "olfactory ensheathing"
  },
  {
    "docID": "N078 Aoki 2010",
    "et": "OlfactoryEnsheathingGliaCell",
    "off": 2435,
    "sff": "olfactory"
  },
  {
    "docID": "N078 Aoki 2010",
    "et": "OlfactoryEnsheathingGliaCell",
    "off": 2687,
    "sff": "olfactory"
  },
  {
    "docID": "N078 Aoki 2010",
    "et": "OlfactoryEnsheathingGliaCell",
    "off": 31518,
    "sff": "Olfactory"
  },
  {
    "docID": "N078 Aoki 2010",
    "et": "OlfactoryEnsheathingGliaCell",
    "off": 2165,
    "sff": "olfactory"
  },
  {
    "docID": "N078 Aoki 2010",
    "et": "OlfactoryEnsheathingGliaCell",
    "off": 31710,
    "sff": "olfactory ensheathing"
  },
  {
    "docID": "N078 Aoki 2010",
    "et": "OlfactoryEnsheathingGliaCell",
    "off": 30705,
    "sff": "olfactory"
  },
  {
    "docID": "N078 Aoki 2010",
    "et": "OlfactoryEnsheathingGliaCell",
    "off": 28269,
    "sff": "olfactory"
  },
  {
    "docID": "N078 Aoki 2010",
    "et": "OlfactoryEnsheathingGliaCell",
    "off": 731,
    "sff": "olfactory ensheathing"
  },
  {
    "docID": "N078 Aoki 2010",
    "et": "OlfactoryEnsheathingGliaCell",
    "off": 4591,
    "sff": "olfactory"
  },
  {
    "docID": "N078 Aoki 2010",
    "et": "OlfactoryEnsheathingGliaCell",
    "off": 32857,
    "sff": "olfactory ensheathing"
  },
  {
    "docID": "N078 Aoki 2010",
    "et": "MesenchymalStemCell",
    "off": 31409,
    "sff": "Stem"
  },
  {
    "docID": "N078 Aoki 2010",
    "et": "Syringe",
    "off": 11307,
    "sff": "syringe"
  },
  {
    "docID": "N078 Aoki 2010",
    "et": "SurgeryTreatment",
    "off": 5203,
    "sff": "surgery"
  },
  {
    "docID": "N078 Aoki 2010",
    "et": "SurgeryTreatment",
    "off": 22216,
    "sff": "surgery"
  },
  {
    "docID": "N078 Aoki 2010",
    "et": "SurgeryTreatment",
    "off": 5077,
    "sff": "surgery"
  },
  {
    "docID": "N078 Aoki 2010",
    "et": "SurgeryTreatment",
    "off": 21758,
    "sff": "surgery"
  },
  {
    "docID": "N078 Aoki 2010",
    "et": "SurgeryTreatment",
    "off": 5949,
    "sff": "surgery"
  },
  {
    "docID": "N078 Aoki 2010",
    "et": "MagneticFieldApplication",
    "off": 29925,
    "sff": "field"
  },
  {
    "docID": "N078 Aoki 2010",
    "et": "SpinalSubduralArea",
    "off": 15065,
    "sff": "spinal"
  },
  {
    "docID": "N078 Aoki 2010",
    "et": "SpinalSubduralArea",
    "off": 25427,
    "sff": "spinal"
  },
  {
    "docID": "N078 Aoki 2010",
    "et": "SpinalSubduralArea",
    "off": 29777,
    "sff": "spinal"
  },
  {
    "docID": "N078 Aoki 2010",
    "et": "SpinalSubduralArea",
    "off": 33361,
    "sff": "spinal"
  },
  {
    "docID": "N078 Aoki 2010",
    "et": "SpinalSubduralArea",
    "off": 30566,
    "sff": "spinal"
  },
  {
    "docID": "N078 Aoki 2010",
    "et": "SpinalSubduralArea",
    "off": 1386,
    "sff": "spinal"
  },
  {
    "docID": "N078 Aoki 2010",
    "et": "SpinalSubduralArea",
    "off": 15978,
    "sff": "spinal"
  },
  {
    "docID": "N078 Aoki 2010",
    "et": "SpinalSubduralArea",
    "off": 8811,
    "sff": "spinal"
  },
  {
    "docID": "N078 Aoki 2010",
    "et": "SpinalSubduralArea",
    "off": 12264,
    "sff": "spinal"
  },
  {
    "docID": "N078 Aoki 2010",
    "et": "SpinalSubduralArea",
    "off": 15836,
    "sff": "spinal"
  },
  {
    "docID": "N078 Aoki 2010",
    "et": "SpinalSubduralArea",
    "off": 12770,
    "sff": "spinal"
  },
  {
    "docID": "N078 Aoki 2010",
    "et": "SpinalSubduralArea",
    "off": 21346,
    "sff": "spinal"
  },
  {
    "docID": "N078 Aoki 2010",
    "et": "SpinalSubduralArea",
    "off": 21858,
    "sff": "spinal"
  },
  {
    "docID": "N078 Aoki 2010",
    "et": "SpinalSubduralArea",
    "off": 25590,
    "sff": "spinal"
  },
  {
    "docID": "N078 Aoki 2010",
    "et": "SpinalSubduralArea",
    "off": 31601,
    "sff": "Spinal"
  },
  {
    "docID": "N078 Aoki 2010",
    "et": "SpinalSubduralArea",
    "off": 7415,
    "sff": "spinal"
  },
  {
    "docID": "N078 Aoki 2010",
    "et": "SpinalSubduralArea",
    "off": 32500,
    "sff": "spinal"
  },
  {
    "docID": "N078 Aoki 2010",
    "et": "SpinalSubduralArea",
    "off": 16123,
    "sff": "spinal"
  },
  {
    "docID": "N078 Aoki 2010",
    "et": "SpinalSubduralArea",
    "off": 28922,
    "sff": "spinal"
  },
  {
    "docID": "N078 Aoki 2010",
    "et": "SpinalSubduralArea",
    "off": 13422,
    "sff": "spinal"
  },
  {
    "docID": "N078 Aoki 2010",
    "et": "SpinalSubduralArea",
    "off": 14446,
    "sff": "spinal"
  },
  {
    "docID": "N078 Aoki 2010",
    "et": "SpinalSubduralArea",
    "off": 31980,
    "sff": "spinal"
  },
  {
    "docID": "N078 Aoki 2010",
    "et": "SpinalSubduralArea",
    "off": 8951,
    "sff": "Spinal"
  },
  {
    "docID": "N078 Aoki 2010",
    "et": "SpinalSubduralArea",
    "off": 31217,
    "sff": "spinal"
  },
  {
    "docID": "N078 Aoki 2010",
    "et": "SpinalSubduralArea",
    "off": 14597,
    "sff": "spinal"
  },
  {
    "docID": "N078 Aoki 2010",
    "et": "SpinalSubduralArea",
    "off": 29700,
    "sff": "spinal"
  },
  {
    "docID": "N078 Aoki 2010",
    "et": "SpinalSubduralArea",
    "off": 33544,
    "sff": "spinal"
  },
  {
    "docID": "N078 Aoki 2010",
    "et": "SpinalSubduralArea",
    "off": 33154,
    "sff": "spinal"
  },
  {
    "docID": "N078 Aoki 2010",
    "et": "SpinalSubduralArea",
    "off": 30358,
    "sff": "spinal"
  },
  {
    "docID": "N078 Aoki 2010",
    "et": "SpinalSubduralArea",
    "off": 16405,
    "sff": "spinal"
  },
  {
    "docID": "N078 Aoki 2010",
    "et": "SpinalSubduralArea",
    "off": 27534,
    "sff": "spinal"
  },
  {
    "docID": "N078 Aoki 2010",
    "et": "SpinalSubduralArea",
    "off": 20876,
    "sff": "spinal"
  },
  {
    "docID": "N078 Aoki 2010",
    "et": "SpinalSubduralArea",
    "off": 5778,
    "sff": "spinal"
  },
  {
    "docID": "N078 Aoki 2010",
    "et": "SpinalSubduralArea",
    "off": 26131,
    "sff": "spinal"
  },
  {
    "docID": "N078 Aoki 2010",
    "et": "SpinalSubduralArea",
    "off": 22160,
    "sff": "spinal"
  },
  {
    "docID": "N078 Aoki 2010",
    "et": "SpinalSubduralArea",
    "off": 24488,
    "sff": "spinal"
  },
  {
    "docID": "N078 Aoki 2010",
    "et": "SpinalSubduralArea",
    "off": 11689,
    "sff": "spinal"
  },
  {
    "docID": "N078 Aoki 2010",
    "et": "SpinalSubduralArea",
    "off": 31779,
    "sff": "spinal"
  },
  {
    "docID": "N078 Aoki 2010",
    "et": "SpinalSubduralArea",
    "off": 33955,
    "sff": "spinal"
  },
  {
    "docID": "N078 Aoki 2010",
    "et": "SpinalSubduralArea",
    "off": 9123,
    "sff": "spinal"
  },
  {
    "docID": "N078 Aoki 2010",
    "et": "SpinalSubduralArea",
    "off": 1057,
    "sff": "spinal"
  },
  {
    "docID": "N078 Aoki 2010",
    "et": "SpinalSubduralArea",
    "off": 27450,
    "sff": "spinal"
  },
  {
    "docID": "N078 Aoki 2010",
    "et": "SpinalSubduralArea",
    "off": 25147,
    "sff": "spinal"
  },
  {
    "docID": "N078 Aoki 2010",
    "et": "SpinalSubduralArea",
    "off": 4281,
    "sff": "spinal"
  },
  {
    "docID": "N078 Aoki 2010",
    "et": "SpinalSubduralArea",
    "off": 23599,
    "sff": "spinal"
  },
  {
    "docID": "N078 Aoki 2010",
    "et": "SpinalSubduralArea",
    "off": 51,
    "sff": "spinal"
  },
  {
    "docID": "N078 Aoki 2010",
    "et": "SpinalSubduralArea",
    "off": 31025,
    "sff": "spinal"
  },
  {
    "docID": "N078 Aoki 2010",
    "et": "SpinalSubduralArea",
    "off": 689,
    "sff": "spinal"
  },
  {
    "docID": "N078 Aoki 2010",
    "et": "SpinalSubduralArea",
    "off": 34500,
    "sff": "spinal"
  },
  {
    "docID": "N078 Aoki 2010",
    "et": "SpinalSubduralArea",
    "off": 32203,
    "sff": "spinal"
  },
  {
    "docID": "N078 Aoki 2010",
    "et": "SpinalSubduralArea",
    "off": 3787,
    "sff": "spinal"
  },
  {
    "docID": "N078 Aoki 2010",
    "et": "SpinalSubduralArea",
    "off": 33737,
    "sff": "spinal"
  },
  {
    "docID": "N078 Aoki 2010",
    "et": "SpinalSubduralArea",
    "off": 5058,
    "sff": "spinal"
  },
  {
    "docID": "N078 Aoki 2010",
    "et": "SpinalSubduralArea",
    "off": 5442,
    "sff": "spinal"
  },
  {
    "docID": "N078 Aoki 2010",
    "et": "SpinalSubduralArea",
    "off": 31555,
    "sff": "spinal"
  },
  {
    "docID": "N078 Aoki 2010",
    "et": "SpinalSubduralArea",
    "off": 32707,
    "sff": "spinal"
  },
  {
    "docID": "N078 Aoki 2010",
    "et": "MouseSpecies",
    "off": 9704,
    "sff": "mouse"
  },
  {
    "docID": "N078 Aoki 2010",
    "et": "MouseSpecies",
    "off": 9784,
    "sff": "mouse"
  },
  {
    "docID": "N078 Aoki 2010",
    "et": "MouseSpecies",
    "off": 34743,
    "sff": "mouse"
  },
  {
    "docID": "N078 Aoki 2010",
    "et": "MouseSpecies",
    "off": 9886,
    "sff": "mouse"
  },
  {
    "docID": "N078 Aoki 2010",
    "et": "SpinalFiberTract",
    "off": 33154,
    "sff": "spinal"
  },
  {
    "docID": "N078 Aoki 2010",
    "et": "SpinalFiberTract",
    "off": 16123,
    "sff": "spinal"
  },
  {
    "docID": "N078 Aoki 2010",
    "et": "SpinalFiberTract",
    "off": 33544,
    "sff": "spinal"
  },
  {
    "docID": "N078 Aoki 2010",
    "et": "SpinalFiberTract",
    "off": 29700,
    "sff": "spinal"
  },
  {
    "docID": "N078 Aoki 2010",
    "et": "SpinalFiberTract",
    "off": 14597,
    "sff": "spinal"
  },
  {
    "docID": "N078 Aoki 2010",
    "et": "SpinalFiberTract",
    "off": 22160,
    "sff": "spinal"
  },
  {
    "docID": "N078 Aoki 2010",
    "et": "SpinalFiberTract",
    "off": 5778,
    "sff": "spinal"
  },
  {
    "docID": "N078 Aoki 2010",
    "et": "SpinalFiberTract",
    "off": 20876,
    "sff": "spinal"
  },
  {
    "docID": "N078 Aoki 2010",
    "et": "SpinalFiberTract",
    "off": 27534,
    "sff": "spinal"
  },
  {
    "docID": "N078 Aoki 2010",
    "et": "SpinalFiberTract",
    "off": 26131,
    "sff": "spinal"
  },
  {
    "docID": "N078 Aoki 2010",
    "et": "SpinalFiberTract",
    "off": 30358,
    "sff": "spinal"
  },
  {
    "docID": "N078 Aoki 2010",
    "et": "SpinalFiberTract",
    "off": 16405,
    "sff": "spinal"
  },
  {
    "docID": "N078 Aoki 2010",
    "et": "SpinalFiberTract",
    "off": 12770,
    "sff": "spinal"
  },
  {
    "docID": "N078 Aoki 2010",
    "et": "SpinalFiberTract",
    "off": 21346,
    "sff": "spinal"
  },
  {
    "docID": "N078 Aoki 2010",
    "et": "SpinalFiberTract",
    "off": 21858,
    "sff": "spinal"
  },
  {
    "docID": "N078 Aoki 2010",
    "et": "SpinalFiberTract",
    "off": 15836,
    "sff": "spinal"
  },
  {
    "docID": "N078 Aoki 2010",
    "et": "SpinalFiberTract",
    "off": 12264,
    "sff": "spinal"
  },
  {
    "docID": "N078 Aoki 2010",
    "et": "SpinalFiberTract",
    "off": 1386,
    "sff": "spinal"
  },
  {
    "docID": "N078 Aoki 2010",
    "et": "SpinalFiberTract",
    "off": 15978,
    "sff": "spinal"
  },
  {
    "docID": "N078 Aoki 2010",
    "et": "SpinalFiberTract",
    "off": 30566,
    "sff": "spinal"
  },
  {
    "docID": "N078 Aoki 2010",
    "et": "SpinalFiberTract",
    "off": 31217,
    "sff": "spinal"
  },
  {
    "docID": "N078 Aoki 2010",
    "et": "SpinalFiberTract",
    "off": 31980,
    "sff": "spinal"
  },
  {
    "docID": "N078 Aoki 2010",
    "et": "SpinalFiberTract",
    "off": 8811,
    "sff": "spinal"
  },
  {
    "docID": "N078 Aoki 2010",
    "et": "SpinalFiberTract",
    "off": 13422,
    "sff": "spinal"
  },
  {
    "docID": "N078 Aoki 2010",
    "et": "SpinalFiberTract",
    "off": 14446,
    "sff": "spinal"
  },
  {
    "docID": "N078 Aoki 2010",
    "et": "SpinalFiberTract",
    "off": 7415,
    "sff": "spinal"
  },
  {
    "docID": "N078 Aoki 2010",
    "et": "SpinalFiberTract",
    "off": 28922,
    "sff": "spinal"
  },
  {
    "docID": "N078 Aoki 2010",
    "et": "SpinalFiberTract",
    "off": 32500,
    "sff": "spinal"
  },
  {
    "docID": "N078 Aoki 2010",
    "et": "SpinalFiberTract",
    "off": 25590,
    "sff": "spinal"
  },
  {
    "docID": "N078 Aoki 2010",
    "et": "SpinalFiberTract",
    "off": 5058,
    "sff": "spinal"
  },
  {
    "docID": "N078 Aoki 2010",
    "et": "SpinalFiberTract",
    "off": 5442,
    "sff": "spinal"
  },
  {
    "docID": "N078 Aoki 2010",
    "et": "SpinalFiberTract",
    "off": 8951,
    "sff": "Spinal"
  },
  {
    "docID": "N078 Aoki 2010",
    "et": "SpinalFiberTract",
    "off": 25147,
    "sff": "spinal"
  },
  {
    "docID": "N078 Aoki 2010",
    "et": "SpinalFiberTract",
    "off": 31601,
    "sff": "Spinal"
  },
  {
    "docID": "N078 Aoki 2010",
    "et": "SpinalFiberTract",
    "off": 33737,
    "sff": "spinal"
  },
  {
    "docID": "N078 Aoki 2010",
    "et": "SpinalFiberTract",
    "off": 34500,
    "sff": "spinal"
  },
  {
    "docID": "N078 Aoki 2010",
    "et": "SpinalFiberTract",
    "off": 31555,
    "sff": "spinal"
  },
  {
    "docID": "N078 Aoki 2010",
    "et": "SpinalFiberTract",
    "off": 32707,
    "sff": "spinal"
  },
  {
    "docID": "N078 Aoki 2010",
    "et": "SpinalFiberTract",
    "off": 29777,
    "sff": "spinal"
  },
  {
    "docID": "N078 Aoki 2010",
    "et": "SpinalFiberTract",
    "off": 33361,
    "sff": "spinal"
  },
  {
    "docID": "N078 Aoki 2010",
    "et": "SpinalFiberTract",
    "off": 3787,
    "sff": "spinal"
  },
  {
    "docID": "N078 Aoki 2010",
    "et": "SpinalFiberTract",
    "off": 32203,
    "sff": "spinal"
  },
  {
    "docID": "N078 Aoki 2010",
    "et": "SpinalFiberTract",
    "off": 15065,
    "sff": "spinal"
  },
  {
    "docID": "N078 Aoki 2010",
    "et": "SpinalFiberTract",
    "off": 25427,
    "sff": "spinal"
  },
  {
    "docID": "N078 Aoki 2010",
    "et": "SpinalFiberTract",
    "off": 1057,
    "sff": "spinal"
  },
  {
    "docID": "N078 Aoki 2010",
    "et": "SpinalFiberTract",
    "off": 24488,
    "sff": "spinal"
  },
  {
    "docID": "N078 Aoki 2010",
    "et": "SpinalFiberTract",
    "off": 11689,
    "sff": "spinal"
  },
  {
    "docID": "N078 Aoki 2010",
    "et": "SpinalFiberTract",
    "off": 9123,
    "sff": "spinal"
  },
  {
    "docID": "N078 Aoki 2010",
    "et": "SpinalFiberTract",
    "off": 31779,
    "sff": "spinal"
  },
  {
    "docID": "N078 Aoki 2010",
    "et": "SpinalFiberTract",
    "off": 33955,
    "sff": "spinal"
  },
  {
    "docID": "N078 Aoki 2010",
    "et": "SpinalFiberTract",
    "off": 23599,
    "sff": "spinal"
  },
  {
    "docID": "N078 Aoki 2010",
    "et": "SpinalFiberTract",
    "off": 689,
    "sff": "spinal"
  },
  {
    "docID": "N078 Aoki 2010",
    "et": "SpinalFiberTract",
    "off": 31025,
    "sff": "spinal"
  },
  {
    "docID": "N078 Aoki 2010",
    "et": "SpinalFiberTract",
    "off": 27450,
    "sff": "spinal"
  },
  {
    "docID": "N078 Aoki 2010",
    "et": "SpinalFiberTract",
    "off": 4281,
    "sff": "spinal"
  },
  {
    "docID": "N078 Aoki 2010",
    "et": "SpinalFiberTract",
    "off": 51,
    "sff": "spinal"
  },
  {
    "docID": "N078 Aoki 2010",
    "et": "SpinalVentralHalf",
    "off": 689,
    "sff": "spinal"
  },
  {
    "docID": "N078 Aoki 2010",
    "et": "SpinalVentralHalf",
    "off": 51,
    "sff": "spinal"
  },
  {
    "docID": "N078 Aoki 2010",
    "et": "SpinalVentralHalf",
    "off": 31025,
    "sff": "spinal"
  },
  {
    "docID": "N078 Aoki 2010",
    "et": "SpinalVentralHalf",
    "off": 23599,
    "sff": "spinal"
  },
  {
    "docID": "N078 Aoki 2010",
    "et": "SpinalVentralHalf",
    "off": 31601,
    "sff": "Spinal"
  },
  {
    "docID": "N078 Aoki 2010",
    "et": "SpinalVentralHalf",
    "off": 11689,
    "sff": "spinal"
  },
  {
    "docID": "N078 Aoki 2010",
    "et": "SpinalVentralHalf",
    "off": 16249,
    "sff": "ventral"
  },
  {
    "docID": "N078 Aoki 2010",
    "et": "SpinalVentralHalf",
    "off": 24488,
    "sff": "spinal"
  },
  {
    "docID": "N078 Aoki 2010",
    "et": "SpinalVentralHalf",
    "off": 1057,
    "sff": "spinal"
  },
  {
    "docID": "N078 Aoki 2010",
    "et": "SpinalVentralHalf",
    "off": 31779,
    "sff": "spinal"
  },
  {
    "docID": "N078 Aoki 2010",
    "et": "SpinalVentralHalf",
    "off": 33955,
    "sff": "spinal"
  },
  {
    "docID": "N078 Aoki 2010",
    "et": "SpinalVentralHalf",
    "off": 9123,
    "sff": "spinal"
  },
  {
    "docID": "N078 Aoki 2010",
    "et": "SpinalVentralHalf",
    "off": 16405,
    "sff": "spinal"
  },
  {
    "docID": "N078 Aoki 2010",
    "et": "SpinalVentralHalf",
    "off": 30358,
    "sff": "spinal"
  },
  {
    "docID": "N078 Aoki 2010",
    "et": "SpinalVentralHalf",
    "off": 25427,
    "sff": "spinal"
  },
  {
    "docID": "N078 Aoki 2010",
    "et": "SpinalVentralHalf",
    "off": 29777,
    "sff": "spinal"
  },
  {
    "docID": "N078 Aoki 2010",
    "et": "SpinalVentralHalf",
    "off": 33361,
    "sff": "spinal"
  },
  {
    "docID": "N078 Aoki 2010",
    "et": "SpinalVentralHalf",
    "off": 32203,
    "sff": "spinal"
  },
  {
    "docID": "N078 Aoki 2010",
    "et": "SpinalVentralHalf",
    "off": 3787,
    "sff": "spinal"
  },
  {
    "docID": "N078 Aoki 2010",
    "et": "SpinalVentralHalf",
    "off": 33737,
    "sff": "spinal"
  },
  {
    "docID": "N078 Aoki 2010",
    "et": "SpinalVentralHalf",
    "off": 34500,
    "sff": "spinal"
  },
  {
    "docID": "N078 Aoki 2010",
    "et": "SpinalVentralHalf",
    "off": 31555,
    "sff": "spinal"
  },
  {
    "docID": "N078 Aoki 2010",
    "et": "SpinalVentralHalf",
    "off": 32707,
    "sff": "spinal"
  },
  {
    "docID": "N078 Aoki 2010",
    "et": "SpinalVentralHalf",
    "off": 5058,
    "sff": "spinal"
  },
  {
    "docID": "N078 Aoki 2010",
    "et": "SpinalVentralHalf",
    "off": 5442,
    "sff": "spinal"
  },
  {
    "docID": "N078 Aoki 2010",
    "et": "SpinalVentralHalf",
    "off": 4281,
    "sff": "spinal"
  },
  {
    "docID": "N078 Aoki 2010",
    "et": "SpinalVentralHalf",
    "off": 27450,
    "sff": "spinal"
  },
  {
    "docID": "N078 Aoki 2010",
    "et": "SpinalVentralHalf",
    "off": 25147,
    "sff": "spinal"
  },
  {
    "docID": "N078 Aoki 2010",
    "et": "SpinalVentralHalf",
    "off": 31217,
    "sff": "spinal"
  },
  {
    "docID": "N078 Aoki 2010",
    "et": "SpinalVentralHalf",
    "off": 31980,
    "sff": "spinal"
  },
  {
    "docID": "N078 Aoki 2010",
    "et": "SpinalVentralHalf",
    "off": 13422,
    "sff": "spinal"
  },
  {
    "docID": "N078 Aoki 2010",
    "et": "SpinalVentralHalf",
    "off": 14446,
    "sff": "spinal"
  },
  {
    "docID": "N078 Aoki 2010",
    "et": "SpinalVentralHalf",
    "off": 12264,
    "sff": "spinal"
  },
  {
    "docID": "N078 Aoki 2010",
    "et": "SpinalVentralHalf",
    "off": 8811,
    "sff": "spinal"
  },
  {
    "docID": "N078 Aoki 2010",
    "et": "SpinalVentralHalf",
    "off": 1386,
    "sff": "spinal"
  },
  {
    "docID": "N078 Aoki 2010",
    "et": "SpinalVentralHalf",
    "off": 15978,
    "sff": "spinal"
  },
  {
    "docID": "N078 Aoki 2010",
    "et": "SpinalVentralHalf",
    "off": 30566,
    "sff": "spinal"
  },
  {
    "docID": "N078 Aoki 2010",
    "et": "SpinalVentralHalf",
    "off": 12770,
    "sff": "spinal"
  },
  {
    "docID": "N078 Aoki 2010",
    "et": "SpinalVentralHalf",
    "off": 21346,
    "sff": "spinal"
  },
  {
    "docID": "N078 Aoki 2010",
    "et": "SpinalVentralHalf",
    "off": 21858,
    "sff": "spinal"
  },
  {
    "docID": "N078 Aoki 2010",
    "et": "SpinalVentralHalf",
    "off": 15836,
    "sff": "spinal"
  },
  {
    "docID": "N078 Aoki 2010",
    "et": "SpinalVentralHalf",
    "off": 15065,
    "sff": "spinal"
  },
  {
    "docID": "N078 Aoki 2010",
    "et": "SpinalVentralHalf",
    "off": 22160,
    "sff": "spinal"
  },
  {
    "docID": "N078 Aoki 2010",
    "et": "SpinalVentralHalf",
    "off": 26131,
    "sff": "spinal"
  },
  {
    "docID": "N078 Aoki 2010",
    "et": "SpinalVentralHalf",
    "off": 5778,
    "sff": "spinal"
  },
  {
    "docID": "N078 Aoki 2010",
    "et": "SpinalVentralHalf",
    "off": 27534,
    "sff": "spinal"
  },
  {
    "docID": "N078 Aoki 2010",
    "et": "SpinalVentralHalf",
    "off": 20876,
    "sff": "spinal"
  },
  {
    "docID": "N078 Aoki 2010",
    "et": "SpinalVentralHalf",
    "off": 20186,
    "sff": "ventral"
  },
  {
    "docID": "N078 Aoki 2010",
    "et": "SpinalVentralHalf",
    "off": 33544,
    "sff": "spinal"
  },
  {
    "docID": "N078 Aoki 2010",
    "et": "SpinalVentralHalf",
    "off": 14597,
    "sff": "spinal"
  },
  {
    "docID": "N078 Aoki 2010",
    "et": "SpinalVentralHalf",
    "off": 29700,
    "sff": "spinal"
  },
  {
    "docID": "N078 Aoki 2010",
    "et": "SpinalVentralHalf",
    "off": 33154,
    "sff": "spinal"
  },
  {
    "docID": "N078 Aoki 2010",
    "et": "SpinalVentralHalf",
    "off": 28922,
    "sff": "spinal"
  },
  {
    "docID": "N078 Aoki 2010",
    "et": "SpinalVentralHalf",
    "off": 16123,
    "sff": "spinal"
  },
  {
    "docID": "N078 Aoki 2010",
    "et": "SpinalVentralHalf",
    "off": 8951,
    "sff": "Spinal"
  },
  {
    "docID": "N078 Aoki 2010",
    "et": "SpinalVentralHalf",
    "off": 25590,
    "sff": "spinal"
  },
  {
    "docID": "N078 Aoki 2010",
    "et": "SpinalVentralHalf",
    "off": 7415,
    "sff": "spinal"
  },
  {
    "docID": "N078 Aoki 2010",
    "et": "SpinalVentralHalf",
    "off": 32500,
    "sff": "spinal"
  },
  {
    "docID": "N078 Aoki 2010",
    "et": "RabbitSpecies",
    "off": 9531,
    "sff": "rabbit"
  },
  {
    "docID": "N078 Aoki 2010",
    "et": "RabbitSpecies",
    "off": 9622,
    "sff": "rabbit"
  },
  {
    "docID": "N078 Aoki 2010",
    "et": "Rostral",
    "off": 15939,
    "sff": "rostral"
  },
  {
    "docID": "N078 Aoki 2010",
    "et": "Rostral",
    "off": 20227,
    "sff": "rostral"
  },
  {
    "docID": "N078 Aoki 2010",
    "et": "Rostral",
    "off": 5626,
    "sff": "rostral"
  },
  {
    "docID": "N078 Aoki 2010",
    "et": "Rostral",
    "off": 7738,
    "sff": "rostral"
  },
  {
    "docID": "N078 Aoki 2010",
    "et": "Rostral",
    "off": 12426,
    "sff": "rostral"
  },
  {
    "docID": "N078 Aoki 2010",
    "et": "Rostral",
    "off": 16361,
    "sff": "rostral"
  },
  {
    "docID": "N078 Aoki 2010",
    "et": "Rostral",
    "off": 19838,
    "sff": "rostral"
  },
  {
    "docID": "N078 Aoki 2010",
    "et": "DorsalColumn",
    "off": 19910,
    "sff": "dorsal"
  },
  {
    "docID": "N078 Aoki 2010",
    "et": "DorsalColumn",
    "off": 16217,
    "sff": "dorsal"
  },
  {
    "docID": "N078 Aoki 2010",
    "et": "DorsalColumn",
    "off": 30544,
    "sff": "dorsal"
  },
  {
    "docID": "N078 Aoki 2010",
    "et": "DorsalColumn",
    "off": 15709,
    "sff": "dorsal"
  },
  {
    "docID": "N078 Aoki 2010",
    "et": "DorsalColumn",
    "off": 34140,
    "sff": "dorsal"
  },
  {
    "docID": "N078 Aoki 2010",
    "et": "Autologous",
    "off": 4233,
    "sff": "autologous"
  },
  {
    "docID": "N078 Aoki 2010",
    "et": "Autologous",
    "off": 32846,
    "sff": "Autologous"
  },
  {
    "docID": "N078 Aoki 2010",
    "et": "Autologous",
    "off": 3996,
    "sff": "autologous"
  },
  {
    "docID": "N078 Aoki 2010",
    "et": "Left",
    "off": 16183,
    "sff": "left"
  },
  {
    "docID": "N078 Aoki 2010",
    "et": "Left",
    "off": 10932,
    "sff": "left"
  },
  {
    "docID": "N078 Aoki 2010",
    "et": "Tissue",
    "off": 4319,
    "sff": "tissue"
  },
  {
    "docID": "N078 Aoki 2010",
    "et": "Tissue",
    "off": 7311,
    "sff": "tissue"
  },
  {
    "docID": "N078 Aoki 2010",
    "et": "Tissue",
    "off": 7551,
    "sff": "tissue"
  },
  {
    "docID": "N078 Aoki 2010",
    "et": "Tissue",
    "off": 13681,
    "sff": "tissue"
  },
  {
    "docID": "N078 Aoki 2010",
    "et": "Tissue",
    "off": 25483,
    "sff": "tissue"
  },
  {
    "docID": "N078 Aoki 2010",
    "et": "Tissue",
    "off": 12126,
    "sff": "tissue"
  },
  {
    "docID": "N078 Aoki 2010",
    "et": "Tissue",
    "off": 11413,
    "sff": "Tissue"
  },
  {
    "docID": "N078 Aoki 2010",
    "et": "Tissue",
    "off": 6851,
    "sff": "tissue"
  },
  {
    "docID": "N078 Aoki 2010",
    "et": "InjectionDelivery",
    "off": 5328,
    "sff": "injection"
  },
  {
    "docID": "N078 Aoki 2010",
    "et": "InjectionDelivery",
    "off": 11351,
    "sff": "injection"
  },
  {
    "docID": "N078 Aoki 2010",
    "et": "InjectionDelivery",
    "off": 11178,
    "sff": "injection"
  },
  {
    "docID": "N078 Aoki 2010",
    "et": "SpinalLesionSite",
    "off": 10780,
    "sff": "lesion site"
  },
  {
    "docID": "N078 Aoki 2010",
    "et": "SpinalLesionSite",
    "off": 32203,
    "sff": "spinal"
  },
  {
    "docID": "N078 Aoki 2010",
    "et": "SpinalLesionSite",
    "off": 3787,
    "sff": "spinal"
  },
  {
    "docID": "N078 Aoki 2010",
    "et": "SpinalLesionSite",
    "off": 15509,
    "sff": "lesion"
  },
  {
    "docID": "N078 Aoki 2010",
    "et": "SpinalLesionSite",
    "off": 33737,
    "sff": "spinal"
  },
  {
    "docID": "N078 Aoki 2010",
    "et": "SpinalLesionSite",
    "off": 1164,
    "sff": "lesion"
  },
  {
    "docID": "N078 Aoki 2010",
    "et": "SpinalLesionSite",
    "off": 25868,
    "sff": "lesion"
  },
  {
    "docID": "N078 Aoki 2010",
    "et": "SpinalLesionSite",
    "off": 25427,
    "sff": "spinal"
  },
  {
    "docID": "N078 Aoki 2010",
    "et": "SpinalLesionSite",
    "off": 29777,
    "sff": "spinal"
  },
  {
    "docID": "N078 Aoki 2010",
    "et": "SpinalLesionSite",
    "off": 33361,
    "sff": "spinal"
  },
  {
    "docID": "N078 Aoki 2010",
    "et": "SpinalLesionSite",
    "off": 15836,
    "sff": "spinal"
  },
  {
    "docID": "N078 Aoki 2010",
    "et": "SpinalLesionSite",
    "off": 24996,
    "sff": "lesion"
  },
  {
    "docID": "N078 Aoki 2010",
    "et": "SpinalLesionSite",
    "off": 15065,
    "sff": "spinal"
  },
  {
    "docID": "N078 Aoki 2010",
    "et": "SpinalLesionSite",
    "off": 30566,
    "sff": "spinal"
  },
  {
    "docID": "N078 Aoki 2010",
    "et": "SpinalLesionSite",
    "off": 10780,
    "sff": "lesion"
  },
  {
    "docID": "N078 Aoki 2010",
    "et": "SpinalLesionSite",
    "off": 12770,
    "sff": "spinal"
  },
  {
    "docID": "N078 Aoki 2010",
    "et": "SpinalLesionSite",
    "off": 21346,
    "sff": "spinal"
  },
  {
    "docID": "N078 Aoki 2010",
    "et": "SpinalLesionSite",
    "off": 21858,
    "sff": "spinal"
  },
  {
    "docID": "N078 Aoki 2010",
    "et": "SpinalLesionSite",
    "off": 13422,
    "sff": "spinal"
  },
  {
    "docID": "N078 Aoki 2010",
    "et": "SpinalLesionSite",
    "off": 14446,
    "sff": "spinal"
  },
  {
    "docID": "N078 Aoki 2010",
    "et": "SpinalLesionSite",
    "off": 31980,
    "sff": "spinal"
  },
  {
    "docID": "N078 Aoki 2010",
    "et": "SpinalLesionSite",
    "off": 15978,
    "sff": "spinal"
  },
  {
    "docID": "N078 Aoki 2010",
    "et": "SpinalLesionSite",
    "off": 8811,
    "sff": "spinal"
  },
  {
    "docID": "N078 Aoki 2010",
    "et": "SpinalLesionSite",
    "off": 12264,
    "sff": "spinal"
  },
  {
    "docID": "N078 Aoki 2010",
    "et": "SpinalLesionSite",
    "off": 1386,
    "sff": "spinal"
  },
  {
    "docID": "N078 Aoki 2010",
    "et": "SpinalLesionSite",
    "off": 25590,
    "sff": "spinal"
  },
  {
    "docID": "N078 Aoki 2010",
    "et": "SpinalLesionSite",
    "off": 31601,
    "sff": "Spinal"
  },
  {
    "docID": "N078 Aoki 2010",
    "et": "SpinalLesionSite",
    "off": 7415,
    "sff": "spinal"
  },
  {
    "docID": "N078 Aoki 2010",
    "et": "SpinalLesionSite",
    "off": 32500,
    "sff": "spinal"
  },
  {
    "docID": "N078 Aoki 2010",
    "et": "SpinalLesionSite",
    "off": 12457,
    "sff": "lesion"
  },
  {
    "docID": "N078 Aoki 2010",
    "et": "SpinalLesionSite",
    "off": 8951,
    "sff": "Spinal"
  },
  {
    "docID": "N078 Aoki 2010",
    "et": "SpinalLesionSite",
    "off": 31217,
    "sff": "spinal"
  },
  {
    "docID": "N078 Aoki 2010",
    "et": "SpinalLesionSite",
    "off": 13764,
    "sff": "lesion"
  },
  {
    "docID": "N078 Aoki 2010",
    "et": "SpinalLesionSite",
    "off": 28922,
    "sff": "spinal"
  },
  {
    "docID": "N078 Aoki 2010",
    "et": "SpinalLesionSite",
    "off": 16123,
    "sff": "spinal"
  },
  {
    "docID": "N078 Aoki 2010",
    "et": "SpinalLesionSite",
    "off": 24003,
    "sff": "lesion"
  },
  {
    "docID": "N078 Aoki 2010",
    "et": "SpinalLesionSite",
    "off": 25868,
    "sff": "lesion site"
  },
  {
    "docID": "N078 Aoki 2010",
    "et": "SpinalLesionSite",
    "off": 29700,
    "sff": "spinal"
  },
  {
    "docID": "N078 Aoki 2010",
    "et": "SpinalLesionSite",
    "off": 14597,
    "sff": "spinal"
  },
  {
    "docID": "N078 Aoki 2010",
    "et": "SpinalLesionSite",
    "off": 33154,
    "sff": "spinal"
  },
  {
    "docID": "N078 Aoki 2010",
    "et": "SpinalLesionSite",
    "off": 27534,
    "sff": "spinal"
  },
  {
    "docID": "N078 Aoki 2010",
    "et": "SpinalLesionSite",
    "off": 20876,
    "sff": "spinal"
  },
  {
    "docID": "N078 Aoki 2010",
    "et": "SpinalLesionSite",
    "off": 18772,
    "sff": "lesion"
  },
  {
    "docID": "N078 Aoki 2010",
    "et": "SpinalLesionSite",
    "off": 33544,
    "sff": "spinal"
  },
  {
    "docID": "N078 Aoki 2010",
    "et": "SpinalLesionSite",
    "off": 30358,
    "sff": "spinal"
  },
  {
    "docID": "N078 Aoki 2010",
    "et": "SpinalLesionSite",
    "off": 16405,
    "sff": "spinal"
  },
  {
    "docID": "N078 Aoki 2010",
    "et": "SpinalLesionSite",
    "off": 14796,
    "sff": "lesion"
  },
  {
    "docID": "N078 Aoki 2010",
    "et": "SpinalLesionSite",
    "off": 26131,
    "sff": "spinal"
  },
  {
    "docID": "N078 Aoki 2010",
    "et": "SpinalLesionSite",
    "off": 22160,
    "sff": "spinal"
  },
  {
    "docID": "N078 Aoki 2010",
    "et": "SpinalLesionSite",
    "off": 5778,
    "sff": "spinal"
  },
  {
    "docID": "N078 Aoki 2010",
    "et": "SpinalLesionSite",
    "off": 1057,
    "sff": "spinal"
  },
  {
    "docID": "N078 Aoki 2010",
    "et": "SpinalLesionSite",
    "off": 31779,
    "sff": "spinal"
  },
  {
    "docID": "N078 Aoki 2010",
    "et": "SpinalLesionSite",
    "off": 33955,
    "sff": "spinal"
  },
  {
    "docID": "N078 Aoki 2010",
    "et": "SpinalLesionSite",
    "off": 9123,
    "sff": "spinal"
  },
  {
    "docID": "N078 Aoki 2010",
    "et": "SpinalLesionSite",
    "off": 20464,
    "sff": "lesion"
  },
  {
    "docID": "N078 Aoki 2010",
    "et": "SpinalLesionSite",
    "off": 23599,
    "sff": "spinal"
  },
  {
    "docID": "N078 Aoki 2010",
    "et": "SpinalLesionSite",
    "off": 24488,
    "sff": "spinal"
  },
  {
    "docID": "N078 Aoki 2010",
    "et": "SpinalLesionSite",
    "off": 11689,
    "sff": "spinal"
  },
  {
    "docID": "N078 Aoki 2010",
    "et": "SpinalLesionSite",
    "off": 27753,
    "sff": "lesion"
  },
  {
    "docID": "N078 Aoki 2010",
    "et": "SpinalLesionSite",
    "off": 689,
    "sff": "spinal"
  },
  {
    "docID": "N078 Aoki 2010",
    "et": "SpinalLesionSite",
    "off": 51,
    "sff": "spinal"
  },
  {
    "docID": "N078 Aoki 2010",
    "et": "SpinalLesionSite",
    "off": 31025,
    "sff": "spinal"
  },
  {
    "docID": "N078 Aoki 2010",
    "et": "SpinalLesionSite",
    "off": 1793,
    "sff": "lesion"
  },
  {
    "docID": "N078 Aoki 2010",
    "et": "SpinalLesionSite",
    "off": 4281,
    "sff": "spinal"
  },
  {
    "docID": "N078 Aoki 2010",
    "et": "SpinalLesionSite",
    "off": 27450,
    "sff": "spinal"
  },
  {
    "docID": "N078 Aoki 2010",
    "et": "SpinalLesionSite",
    "off": 25147,
    "sff": "spinal"
  },
  {
    "docID": "N078 Aoki 2010",
    "et": "SpinalLesionSite",
    "off": 34168,
    "sff": "lesion"
  },
  {
    "docID": "N078 Aoki 2010",
    "et": "SpinalLesionSite",
    "off": 34500,
    "sff": "spinal"
  },
  {
    "docID": "N078 Aoki 2010",
    "et": "SpinalLesionSite",
    "off": 31555,
    "sff": "spinal"
  },
  {
    "docID": "N078 Aoki 2010",
    "et": "SpinalLesionSite",
    "off": 32707,
    "sff": "spinal"
  },
  {
    "docID": "N078 Aoki 2010",
    "et": "SpinalLesionSite",
    "off": 5058,
    "sff": "spinal"
  },
  {
    "docID": "N078 Aoki 2010",
    "et": "SpinalLesionSite",
    "off": 5442,
    "sff": "spinal"
  },
  {
    "docID": "N078 Aoki 2010",
    "et": "Syngenic",
    "off": 1113,
    "sff": "syngenic"
  },
  {
    "docID": "N078 Aoki 2010",
    "et": "Syngenic",
    "off": 991,
    "sff": "syngenic"
  },
  {
    "docID": "N078 Aoki 2010",
    "et": "Syngenic",
    "off": 6350,
    "sff": "syngenic"
  },
  {
    "docID": "N078 Aoki 2010",
    "et": "T9",
    "off": 8177,
    "sff": "T9"
  },
  {
    "docID": "N078 Aoki 2010",
    "et": "T9",
    "off": 5436,
    "sff": "T9"
  },
  {
    "docID": "N078 Aoki 2010",
    "et": "AnimalSpecies",
    "off": 27782,
    "sff": "animal"
  },
  {
    "docID": "N078 Aoki 2010",
    "et": "AnimalSpecies",
    "off": 838,
    "sff": "animal"
  },
  {
    "docID": "N078 Aoki 2010",
    "et": "Ice",
    "off": 7280,
    "sff": "ice"
  },
  {
    "docID": "N078 Aoki 2010",
    "et": "CompoundBiologicalRelation",
    "off": 25751,
    "sff": "biological"
  },
  {
    "docID": "N078 Aoki 2010",
    "et": "Right",
    "off": 16206,
    "sff": "right"
  },
  {
    "docID": "N078 Aoki 2010",
    "et": "Right",
    "off": 10941,
    "sff": "right"
  },
  {
    "docID": "N078 Aoki 2010",
    "et": "TemperatureTreatment",
    "off": 10270,
    "sff": "temperature"
  },
  {
    "docID": "N078 Aoki 2010",
    "et": "TemperatureTreatment",
    "off": 10157,
    "sff": "temperature"
  },
  {
    "docID": "N078 Aoki 2010",
    "et": "PBS",
    "off": 9280,
    "sff": "PBS"
  },
  {
    "docID": "N078 Aoki 2010",
    "et": "PBS",
    "off": 8802,
    "sff": "PBS"
  },
  {
    "docID": "N078 Aoki 2010",
    "et": "PBS",
    "off": 9314,
    "sff": "PBS"
  },
  {
    "docID": "N078 Aoki 2010",
    "et": "PBS",
    "off": 11602,
    "sff": "PBS"
  },
  {
    "docID": "N078 Aoki 2010",
    "et": "PBS",
    "off": 9987,
    "sff": "PBS"
  },
  {
    "docID": "N078 Aoki 2010",
    "et": "StemCell",
    "off": 31409,
    "sff": "Stem"
  },
  {
    "docID": "N078 Aoki 2010",
    "et": "SpinalCord",
    "off": 9123,
    "sff": "spinal cord"
  },
  {
    "docID": "N078 Aoki 2010",
    "et": "SpinalCord",
    "off": 31779,
    "sff": "spinal cord"
  },
  {
    "docID": "N078 Aoki 2010",
    "et": "SpinalCord",
    "off": 33955,
    "sff": "spinal cord"
  },
  {
    "docID": "N078 Aoki 2010",
    "et": "SpinalCord",
    "off": 1057,
    "sff": "spinal cord"
  },
  {
    "docID": "N078 Aoki 2010",
    "et": "SpinalCord",
    "off": 29700,
    "sff": "spinal"
  },
  {
    "docID": "N078 Aoki 2010",
    "et": "SpinalCord",
    "off": 11689,
    "sff": "spinal cord"
  },
  {
    "docID": "N078 Aoki 2010",
    "et": "SpinalCord",
    "off": 24488,
    "sff": "spinal cord"
  },
  {
    "docID": "N078 Aoki 2010",
    "et": "SpinalCord",
    "off": 33544,
    "sff": "spinal"
  },
  {
    "docID": "N078 Aoki 2010",
    "et": "SpinalCord",
    "off": 26131,
    "sff": "spinal cord"
  },
  {
    "docID": "N078 Aoki 2010",
    "et": "SpinalCord",
    "off": 22160,
    "sff": "spinal cord"
  },
  {
    "docID": "N078 Aoki 2010",
    "et": "SpinalCord",
    "off": 27534,
    "sff": "spinal cord"
  },
  {
    "docID": "N078 Aoki 2010",
    "et": "SpinalCord",
    "off": 30358,
    "sff": "spinal cord"
  },
  {
    "docID": "N078 Aoki 2010",
    "et": "SpinalCord",
    "off": 16405,
    "sff": "spinal cord"
  },
  {
    "docID": "N078 Aoki 2010",
    "et": "SpinalCord",
    "off": 33154,
    "sff": "spinal cord"
  },
  {
    "docID": "N078 Aoki 2010",
    "et": "SpinalCord",
    "off": 20876,
    "sff": "spinal cord"
  },
  {
    "docID": "N078 Aoki 2010",
    "et": "SpinalCord",
    "off": 32500,
    "sff": "spinal cord"
  },
  {
    "docID": "N078 Aoki 2010",
    "et": "SpinalCord",
    "off": 31217,
    "sff": "spinal cord"
  },
  {
    "docID": "N078 Aoki 2010",
    "et": "SpinalCord",
    "off": 13422,
    "sff": "spinal cord"
  },
  {
    "docID": "N078 Aoki 2010",
    "et": "SpinalCord",
    "off": 14446,
    "sff": "spinal cord"
  },
  {
    "docID": "N078 Aoki 2010",
    "et": "SpinalCord",
    "off": 31601,
    "sff": "Spinal Cord"
  },
  {
    "docID": "N078 Aoki 2010",
    "et": "SpinalCord",
    "off": 16123,
    "sff": "spinal cord"
  },
  {
    "docID": "N078 Aoki 2010",
    "et": "SpinalCord",
    "off": 5778,
    "sff": "spinal"
  },
  {
    "docID": "N078 Aoki 2010",
    "et": "SpinalCord",
    "off": 28922,
    "sff": "spinal cord"
  },
  {
    "docID": "N078 Aoki 2010",
    "et": "SpinalCord",
    "off": 8951,
    "sff": "Spinal cord"
  },
  {
    "docID": "N078 Aoki 2010",
    "et": "SpinalCord",
    "off": 7415,
    "sff": "spinal cord"
  },
  {
    "docID": "N078 Aoki 2010",
    "et": "SpinalCord",
    "off": 25590,
    "sff": "spinal cord"
  },
  {
    "docID": "N078 Aoki 2010",
    "et": "SpinalCord",
    "off": 12770,
    "sff": "spinal cord"
  },
  {
    "docID": "N078 Aoki 2010",
    "et": "SpinalCord",
    "off": 21858,
    "sff": "spinal cord"
  },
  {
    "docID": "N078 Aoki 2010",
    "et": "SpinalCord",
    "off": 33737,
    "sff": "spinal"
  },
  {
    "docID": "N078 Aoki 2010",
    "et": "SpinalCord",
    "off": 31980,
    "sff": "spinal cord"
  },
  {
    "docID": "N078 Aoki 2010",
    "et": "SpinalCord",
    "off": 8811,
    "sff": "spinal cord"
  },
  {
    "docID": "N078 Aoki 2010",
    "et": "SpinalCord",
    "off": 5058,
    "sff": "spinal"
  },
  {
    "docID": "N078 Aoki 2010",
    "et": "SpinalCord",
    "off": 15978,
    "sff": "spinal cord"
  },
  {
    "docID": "N078 Aoki 2010",
    "et": "SpinalCord",
    "off": 12264,
    "sff": "spinal cord"
  },
  {
    "docID": "N078 Aoki 2010",
    "et": "SpinalCord",
    "off": 30566,
    "sff": "spinal cord"
  },
  {
    "docID": "N078 Aoki 2010",
    "et": "SpinalCord",
    "off": 25427,
    "sff": "spinal cord"
  },
  {
    "docID": "N078 Aoki 2010",
    "et": "SpinalCord",
    "off": 27450,
    "sff": "spinal"
  },
  {
    "docID": "N078 Aoki 2010",
    "et": "SpinalCord",
    "off": 29777,
    "sff": "spinal cord"
  },
  {
    "docID": "N078 Aoki 2010",
    "et": "SpinalCord",
    "off": 33361,
    "sff": "spinal cord"
  },
  {
    "docID": "N078 Aoki 2010",
    "et": "SpinalCord",
    "off": 15836,
    "sff": "spinal cord"
  },
  {
    "docID": "N078 Aoki 2010",
    "et": "SpinalCord",
    "off": 15065,
    "sff": "spinal cord"
  },
  {
    "docID": "N078 Aoki 2010",
    "et": "SpinalCord",
    "off": 34500,
    "sff": "spinal cord"
  },
  {
    "docID": "N078 Aoki 2010",
    "et": "SpinalCord",
    "off": 31555,
    "sff": "spinal cord"
  },
  {
    "docID": "N078 Aoki 2010",
    "et": "SpinalCord",
    "off": 32707,
    "sff": "spinal cord"
  },
  {
    "docID": "N078 Aoki 2010",
    "et": "SpinalCord",
    "off": 1386,
    "sff": "spinal"
  },
  {
    "docID": "N078 Aoki 2010",
    "et": "SpinalCord",
    "off": 5442,
    "sff": "spinal cord"
  },
  {
    "docID": "N078 Aoki 2010",
    "et": "SpinalCord",
    "off": 3787,
    "sff": "spinal cord"
  },
  {
    "docID": "N078 Aoki 2010",
    "et": "SpinalCord",
    "off": 32203,
    "sff": "spinal cord"
  },
  {
    "docID": "N078 Aoki 2010",
    "et": "SpinalCord",
    "off": 21346,
    "sff": "spinal"
  },
  {
    "docID": "N078 Aoki 2010",
    "et": "SpinalCord",
    "off": 51,
    "sff": "spinal cord"
  },
  {
    "docID": "N078 Aoki 2010",
    "et": "SpinalCord",
    "off": 689,
    "sff": "spinal cord"
  },
  {
    "docID": "N078 Aoki 2010",
    "et": "SpinalCord",
    "off": 31025,
    "sff": "spinal cord"
  },
  {
    "docID": "N078 Aoki 2010",
    "et": "SpinalCord",
    "off": 23599,
    "sff": "spinal cord"
  },
  {
    "docID": "N078 Aoki 2010",
    "et": "SpinalCord",
    "off": 25147,
    "sff": "spinal cord"
  },
  {
    "docID": "N078 Aoki 2010",
    "et": "SpinalCord",
    "off": 4281,
    "sff": "spinal cord"
  },
  {
    "docID": "N078 Aoki 2010",
    "et": "Proliferation",
    "off": 30074,
    "sff": "proliferation"
  },
  {
    "docID": "N078 Aoki 2010",
    "et": "Proliferation",
    "off": 34658,
    "sff": "proliferation"
  },
  {
    "docID": "N078 Aoki 2010",
    "et": "LesionAdjacentTissue",
    "off": 13764,
    "sff": "lesion"
  },
  {
    "docID": "N078 Aoki 2010",
    "et": "LesionAdjacentTissue",
    "off": 27753,
    "sff": "lesion"
  },
  {
    "docID": "N078 Aoki 2010",
    "et": "LesionAdjacentTissue",
    "off": 12457,
    "sff": "lesion"
  },
  {
    "docID": "N078 Aoki 2010",
    "et": "LesionAdjacentTissue",
    "off": 24003,
    "sff": "lesion"
  },
  {
    "docID": "N078 Aoki 2010",
    "et": "LesionAdjacentTissue",
    "off": 24996,
    "sff": "lesion"
  },
  {
    "docID": "N078 Aoki 2010",
    "et": "LesionAdjacentTissue",
    "off": 10780,
    "sff": "lesion"
  },
  {
    "docID": "N078 Aoki 2010",
    "et": "LesionAdjacentTissue",
    "off": 1793,
    "sff": "lesion"
  },
  {
    "docID": "N078 Aoki 2010",
    "et": "LesionAdjacentTissue",
    "off": 15509,
    "sff": "lesion"
  },
  {
    "docID": "N078 Aoki 2010",
    "et": "LesionAdjacentTissue",
    "off": 34168,
    "sff": "lesion"
  },
  {
    "docID": "N078 Aoki 2010",
    "et": "LesionAdjacentTissue",
    "off": 18772,
    "sff": "lesion"
  },
  {
    "docID": "N078 Aoki 2010",
    "et": "LesionAdjacentTissue",
    "off": 1164,
    "sff": "lesion"
  },
  {
    "docID": "N078 Aoki 2010",
    "et": "LesionAdjacentTissue",
    "off": 14796,
    "sff": "lesion"
  },
  {
    "docID": "N078 Aoki 2010",
    "et": "LesionAdjacentTissue",
    "off": 20464,
    "sff": "lesion"
  },
  {
    "docID": "N078 Aoki 2010",
    "et": "LesionAdjacentTissue",
    "off": 25868,
    "sff": "lesion"
  },
  {
    "docID": "N078 Aoki 2010",
    "et": "CentralNervousSystem",
    "off": 22539,
    "sff": "central"
  },
  {
    "docID": "N078 Aoki 2010",
    "et": "CentralNervousSystem",
    "off": 29707,
    "sff": "central"
  },
  {
    "docID": "N078 Aoki 2010",
    "et": "CentralNervousSystem",
    "off": 22058,
    "sff": "central"
  },
  {
    "docID": "N078 Aoki 2010",
    "et": "OscillatingFieldStimulator",
    "off": 29925,
    "sff": "field"
  },
  {
    "docID": "N078 Aoki 2010",
    "et": "WistarRat",
    "off": 6359,
    "sff": "Wistar"
  },
  {
    "docID": "N078 Aoki 2010",
    "et": "WistarRat",
    "off": 4949,
    "sff": "Wistar"
  },
  {
    "docID": "N078 Aoki 2010",
    "et": "WistarRat",
    "off": 1090,
    "sff": "Wistar"
  },
  {
    "docID": "N078 Aoki 2010",
    "et": "WistarRat",
    "off": 10377,
    "sff": "Wistar"
  },
  {
    "docID": "N078 Aoki 2010",
    "et": "SpinalCentralPart",
    "off": 29777,
    "sff": "spinal"
  },
  {
    "docID": "N078 Aoki 2010",
    "et": "SpinalCentralPart",
    "off": 33361,
    "sff": "spinal"
  },
  {
    "docID": "N078 Aoki 2010",
    "et": "SpinalCentralPart",
    "off": 25427,
    "sff": "spinal"
  },
  {
    "docID": "N078 Aoki 2010",
    "et": "SpinalCentralPart",
    "off": 15065,
    "sff": "spinal"
  },
  {
    "docID": "N078 Aoki 2010",
    "et": "SpinalCentralPart",
    "off": 15836,
    "sff": "spinal"
  },
  {
    "docID": "N078 Aoki 2010",
    "et": "SpinalCentralPart",
    "off": 5058,
    "sff": "spinal"
  },
  {
    "docID": "N078 Aoki 2010",
    "et": "SpinalCentralPart",
    "off": 5442,
    "sff": "spinal"
  },
  {
    "docID": "N078 Aoki 2010",
    "et": "SpinalCentralPart",
    "off": 31555,
    "sff": "spinal"
  },
  {
    "docID": "N078 Aoki 2010",
    "et": "SpinalCentralPart",
    "off": 32707,
    "sff": "spinal"
  },
  {
    "docID": "N078 Aoki 2010",
    "et": "SpinalCentralPart",
    "off": 34500,
    "sff": "spinal"
  },
  {
    "docID": "N078 Aoki 2010",
    "et": "SpinalCentralPart",
    "off": 33737,
    "sff": "spinal"
  },
  {
    "docID": "N078 Aoki 2010",
    "et": "SpinalCentralPart",
    "off": 22058,
    "sff": "central"
  },
  {
    "docID": "N078 Aoki 2010",
    "et": "SpinalCentralPart",
    "off": 3787,
    "sff": "spinal"
  },
  {
    "docID": "N078 Aoki 2010",
    "et": "SpinalCentralPart",
    "off": 32203,
    "sff": "spinal"
  },
  {
    "docID": "N078 Aoki 2010",
    "et": "SpinalCentralPart",
    "off": 689,
    "sff": "spinal"
  },
  {
    "docID": "N078 Aoki 2010",
    "et": "SpinalCentralPart",
    "off": 31025,
    "sff": "spinal"
  },
  {
    "docID": "N078 Aoki 2010",
    "et": "SpinalCentralPart",
    "off": 51,
    "sff": "spinal"
  },
  {
    "docID": "N078 Aoki 2010",
    "et": "SpinalCentralPart",
    "off": 4281,
    "sff": "spinal"
  },
  {
    "docID": "N078 Aoki 2010",
    "et": "SpinalCentralPart",
    "off": 27450,
    "sff": "spinal"
  },
  {
    "docID": "N078 Aoki 2010",
    "et": "SpinalCentralPart",
    "off": 25147,
    "sff": "spinal"
  },
  {
    "docID": "N078 Aoki 2010",
    "et": "SpinalCentralPart",
    "off": 24488,
    "sff": "spinal"
  },
  {
    "docID": "N078 Aoki 2010",
    "et": "SpinalCentralPart",
    "off": 1057,
    "sff": "spinal"
  },
  {
    "docID": "N078 Aoki 2010",
    "et": "SpinalCentralPart",
    "off": 9123,
    "sff": "spinal"
  },
  {
    "docID": "N078 Aoki 2010",
    "et": "SpinalCentralPart",
    "off": 31779,
    "sff": "spinal"
  },
  {
    "docID": "N078 Aoki 2010",
    "et": "SpinalCentralPart",
    "off": 33955,
    "sff": "spinal"
  },
  {
    "docID": "N078 Aoki 2010",
    "et": "SpinalCentralPart",
    "off": 29700,
    "sff": "spinal central"
  },
  {
    "docID": "N078 Aoki 2010",
    "et": "SpinalCentralPart",
    "off": 23599,
    "sff": "spinal"
  },
  {
    "docID": "N078 Aoki 2010",
    "et": "SpinalCentralPart",
    "off": 11689,
    "sff": "spinal"
  },
  {
    "docID": "N078 Aoki 2010",
    "et": "SpinalCentralPart",
    "off": 16405,
    "sff": "spinal"
  },
  {
    "docID": "N078 Aoki 2010",
    "et": "SpinalCentralPart",
    "off": 30358,
    "sff": "spinal"
  },
  {
    "docID": "N078 Aoki 2010",
    "et": "SpinalCentralPart",
    "off": 5778,
    "sff": "spinal"
  },
  {
    "docID": "N078 Aoki 2010",
    "et": "SpinalCentralPart",
    "off": 26131,
    "sff": "spinal"
  },
  {
    "docID": "N078 Aoki 2010",
    "et": "SpinalCentralPart",
    "off": 14597,
    "sff": "spinal"
  },
  {
    "docID": "N078 Aoki 2010",
    "et": "SpinalCentralPart",
    "off": 33544,
    "sff": "spinal"
  },
  {
    "docID": "N078 Aoki 2010",
    "et": "SpinalCentralPart",
    "off": 33154,
    "sff": "spinal"
  },
  {
    "docID": "N078 Aoki 2010",
    "et": "SpinalCentralPart",
    "off": 27534,
    "sff": "spinal"
  },
  {
    "docID": "N078 Aoki 2010",
    "et": "SpinalCentralPart",
    "off": 22160,
    "sff": "spinal"
  },
  {
    "docID": "N078 Aoki 2010",
    "et": "SpinalCentralPart",
    "off": 20876,
    "sff": "spinal"
  },
  {
    "docID": "N078 Aoki 2010",
    "et": "SpinalCentralPart",
    "off": 25590,
    "sff": "spinal"
  },
  {
    "docID": "N078 Aoki 2010",
    "et": "SpinalCentralPart",
    "off": 7415,
    "sff": "spinal"
  },
  {
    "docID": "N078 Aoki 2010",
    "et": "SpinalCentralPart",
    "off": 31217,
    "sff": "spinal"
  },
  {
    "docID": "N078 Aoki 2010",
    "et": "SpinalCentralPart",
    "off": 32500,
    "sff": "spinal"
  },
  {
    "docID": "N078 Aoki 2010",
    "et": "SpinalCentralPart",
    "off": 28922,
    "sff": "spinal"
  },
  {
    "docID": "N078 Aoki 2010",
    "et": "SpinalCentralPart",
    "off": 16123,
    "sff": "spinal"
  },
  {
    "docID": "N078 Aoki 2010",
    "et": "SpinalCentralPart",
    "off": 30566,
    "sff": "spinal"
  },
  {
    "docID": "N078 Aoki 2010",
    "et": "SpinalCentralPart",
    "off": 12264,
    "sff": "spinal"
  },
  {
    "docID": "N078 Aoki 2010",
    "et": "SpinalCentralPart",
    "off": 12770,
    "sff": "spinal"
  },
  {
    "docID": "N078 Aoki 2010",
    "et": "SpinalCentralPart",
    "off": 21346,
    "sff": "spinal"
  },
  {
    "docID": "N078 Aoki 2010",
    "et": "SpinalCentralPart",
    "off": 21858,
    "sff": "spinal"
  },
  {
    "docID": "N078 Aoki 2010",
    "et": "SpinalCentralPart",
    "off": 8951,
    "sff": "Spinal"
  },
  {
    "docID": "N078 Aoki 2010",
    "et": "SpinalCentralPart",
    "off": 13422,
    "sff": "spinal"
  },
  {
    "docID": "N078 Aoki 2010",
    "et": "SpinalCentralPart",
    "off": 14446,
    "sff": "spinal"
  },
  {
    "docID": "N078 Aoki 2010",
    "et": "SpinalCentralPart",
    "off": 1386,
    "sff": "spinal"
  },
  {
    "docID": "N078 Aoki 2010",
    "et": "SpinalCentralPart",
    "off": 15978,
    "sff": "spinal"
  },
  {
    "docID": "N078 Aoki 2010",
    "et": "SpinalCentralPart",
    "off": 8811,
    "sff": "spinal"
  },
  {
    "docID": "N078 Aoki 2010",
    "et": "SpinalCentralPart",
    "off": 22539,
    "sff": "central"
  },
  {
    "docID": "N078 Aoki 2010",
    "et": "SpinalCentralPart",
    "off": 31601,
    "sff": "Spinal"
  },
  {
    "docID": "N078 Aoki 2010",
    "et": "SpinalCentralPart",
    "off": 31980,
    "sff": "spinal"
  },
  {
    "docID": "N078 Aoki 2010",
    "et": "Brain",
    "off": 32328,
    "sff": "Brain"
  },
  {
    "docID": "N078 Aoki 2010",
    "et": "Brain",
    "off": 32513,
    "sff": "Brain"
  },
  {
    "docID": "N078 Aoki 2010",
    "et": "Brain",
    "off": 32946,
    "sff": "Brain"
  },
  {
    "docID": "N078 Aoki 2010",
    "et": "Brain",
    "off": 34767,
    "sff": "Brain"
  },
  {
    "docID": "N078 Aoki 2010",
    "et": "AscendingFiberTract",
    "off": 30527,
    "sff": "ascending"
  },
  {
    "docID": "N078 Aoki 2010",
    "et": "SpinalWhiteMatter",
    "off": 22160,
    "sff": "spinal"
  },
  {
    "docID": "N078 Aoki 2010",
    "et": "SpinalWhiteMatter",
    "off": 5778,
    "sff": "spinal"
  },
  {
    "docID": "N078 Aoki 2010",
    "et": "SpinalWhiteMatter",
    "off": 20876,
    "sff": "spinal"
  },
  {
    "docID": "N078 Aoki 2010",
    "et": "SpinalWhiteMatter",
    "off": 27534,
    "sff": "spinal"
  },
  {
    "docID": "N078 Aoki 2010",
    "et": "SpinalWhiteMatter",
    "off": 33544,
    "sff": "spinal"
  },
  {
    "docID": "N078 Aoki 2010",
    "et": "SpinalWhiteMatter",
    "off": 29700,
    "sff": "spinal"
  },
  {
    "docID": "N078 Aoki 2010",
    "et": "SpinalWhiteMatter",
    "off": 14597,
    "sff": "spinal"
  },
  {
    "docID": "N078 Aoki 2010",
    "et": "SpinalWhiteMatter",
    "off": 1057,
    "sff": "spinal"
  },
  {
    "docID": "N078 Aoki 2010",
    "et": "SpinalWhiteMatter",
    "off": 26131,
    "sff": "spinal"
  },
  {
    "docID": "N078 Aoki 2010",
    "et": "SpinalWhiteMatter",
    "off": 30358,
    "sff": "spinal"
  },
  {
    "docID": "N078 Aoki 2010",
    "et": "SpinalWhiteMatter",
    "off": 16405,
    "sff": "spinal"
  },
  {
    "docID": "N078 Aoki 2010",
    "et": "SpinalWhiteMatter",
    "off": 31217,
    "sff": "spinal"
  },
  {
    "docID": "N078 Aoki 2010",
    "et": "SpinalWhiteMatter",
    "off": 31980,
    "sff": "spinal"
  },
  {
    "docID": "N078 Aoki 2010",
    "et": "SpinalWhiteMatter",
    "off": 8811,
    "sff": "spinal"
  },
  {
    "docID": "N078 Aoki 2010",
    "et": "SpinalWhiteMatter",
    "off": 13422,
    "sff": "spinal"
  },
  {
    "docID": "N078 Aoki 2010",
    "et": "SpinalWhiteMatter",
    "off": 14446,
    "sff": "spinal"
  },
  {
    "docID": "N078 Aoki 2010",
    "et": "SpinalWhiteMatter",
    "off": 12264,
    "sff": "spinal"
  },
  {
    "docID": "N078 Aoki 2010",
    "et": "SpinalWhiteMatter",
    "off": 31601,
    "sff": "Spinal"
  },
  {
    "docID": "N078 Aoki 2010",
    "et": "SpinalWhiteMatter",
    "off": 1386,
    "sff": "spinal"
  },
  {
    "docID": "N078 Aoki 2010",
    "et": "SpinalWhiteMatter",
    "off": 15978,
    "sff": "spinal"
  },
  {
    "docID": "N078 Aoki 2010",
    "et": "SpinalWhiteMatter",
    "off": 30566,
    "sff": "spinal"
  },
  {
    "docID": "N078 Aoki 2010",
    "et": "SpinalWhiteMatter",
    "off": 33154,
    "sff": "spinal"
  },
  {
    "docID": "N078 Aoki 2010",
    "et": "SpinalWhiteMatter",
    "off": 8951,
    "sff": "Spinal"
  },
  {
    "docID": "N078 Aoki 2010",
    "et": "SpinalWhiteMatter",
    "off": 16123,
    "sff": "spinal"
  },
  {
    "docID": "N078 Aoki 2010",
    "et": "SpinalWhiteMatter",
    "off": 7415,
    "sff": "spinal"
  },
  {
    "docID": "N078 Aoki 2010",
    "et": "SpinalWhiteMatter",
    "off": 28922,
    "sff": "spinal"
  },
  {
    "docID": "N078 Aoki 2010",
    "et": "SpinalWhiteMatter",
    "off": 32500,
    "sff": "spinal"
  },
  {
    "docID": "N078 Aoki 2010",
    "et": "SpinalWhiteMatter",
    "off": 25590,
    "sff": "spinal"
  },
  {
    "docID": "N078 Aoki 2010",
    "et": "SpinalWhiteMatter",
    "off": 29777,
    "sff": "spinal"
  },
  {
    "docID": "N078 Aoki 2010",
    "et": "SpinalWhiteMatter",
    "off": 33361,
    "sff": "spinal"
  },
  {
    "docID": "N078 Aoki 2010",
    "et": "SpinalWhiteMatter",
    "off": 3787,
    "sff": "spinal"
  },
  {
    "docID": "N078 Aoki 2010",
    "et": "SpinalWhiteMatter",
    "off": 32203,
    "sff": "spinal"
  },
  {
    "docID": "N078 Aoki 2010",
    "et": "SpinalWhiteMatter",
    "off": 33737,
    "sff": "spinal"
  },
  {
    "docID": "N078 Aoki 2010",
    "et": "SpinalWhiteMatter",
    "off": 34500,
    "sff": "spinal"
  },
  {
    "docID": "N078 Aoki 2010",
    "et": "SpinalWhiteMatter",
    "off": 31555,
    "sff": "spinal"
  },
  {
    "docID": "N078 Aoki 2010",
    "et": "SpinalWhiteMatter",
    "off": 32707,
    "sff": "spinal"
  },
  {
    "docID": "N078 Aoki 2010",
    "et": "SpinalWhiteMatter",
    "off": 12770,
    "sff": "spinal"
  },
  {
    "docID": "N078 Aoki 2010",
    "et": "SpinalWhiteMatter",
    "off": 21346,
    "sff": "spinal"
  },
  {
    "docID": "N078 Aoki 2010",
    "et": "SpinalWhiteMatter",
    "off": 21858,
    "sff": "spinal"
  },
  {
    "docID": "N078 Aoki 2010",
    "et": "SpinalWhiteMatter",
    "off": 15836,
    "sff": "spinal"
  },
  {
    "docID": "N078 Aoki 2010",
    "et": "SpinalWhiteMatter",
    "off": 15065,
    "sff": "spinal"
  },
  {
    "docID": "N078 Aoki 2010",
    "et": "SpinalWhiteMatter",
    "off": 25427,
    "sff": "spinal"
  },
  {
    "docID": "N078 Aoki 2010",
    "et": "SpinalWhiteMatter",
    "off": 23599,
    "sff": "spinal"
  },
  {
    "docID": "N078 Aoki 2010",
    "et": "SpinalWhiteMatter",
    "off": 689,
    "sff": "spinal"
  },
  {
    "docID": "N078 Aoki 2010",
    "et": "SpinalWhiteMatter",
    "off": 31025,
    "sff": "spinal"
  },
  {
    "docID": "N078 Aoki 2010",
    "et": "SpinalWhiteMatter",
    "off": 24488,
    "sff": "spinal"
  },
  {
    "docID": "N078 Aoki 2010",
    "et": "SpinalWhiteMatter",
    "off": 11689,
    "sff": "spinal"
  },
  {
    "docID": "N078 Aoki 2010",
    "et": "SpinalWhiteMatter",
    "off": 9123,
    "sff": "spinal"
  },
  {
    "docID": "N078 Aoki 2010",
    "et": "SpinalWhiteMatter",
    "off": 31779,
    "sff": "spinal"
  },
  {
    "docID": "N078 Aoki 2010",
    "et": "SpinalWhiteMatter",
    "off": 33955,
    "sff": "spinal"
  },
  {
    "docID": "N078 Aoki 2010",
    "et": "SpinalWhiteMatter",
    "off": 5058,
    "sff": "spinal"
  },
  {
    "docID": "N078 Aoki 2010",
    "et": "SpinalWhiteMatter",
    "off": 5442,
    "sff": "spinal"
  },
  {
    "docID": "N078 Aoki 2010",
    "et": "SpinalWhiteMatter",
    "off": 25147,
    "sff": "spinal"
  },
  {
    "docID": "N078 Aoki 2010",
    "et": "SpinalWhiteMatter",
    "off": 27450,
    "sff": "spinal"
  },
  {
    "docID": "N078 Aoki 2010",
    "et": "SpinalWhiteMatter",
    "off": 4281,
    "sff": "spinal"
  },
  {
    "docID": "N078 Aoki 2010",
    "et": "SpinalWhiteMatter",
    "off": 51,
    "sff": "spinal"
  },
  {
    "docID": "N078 Aoki 2010",
    "et": "Antibody",
    "off": 9640,
    "sff": "antibody"
  },
  {
    "docID": "N078 Aoki 2010",
    "et": "Antibody",
    "off": 9721,
    "sff": "antibody"
  },
  {
    "docID": "N078 Aoki 2010",
    "et": "Antibody",
    "off": 9801,
    "sff": "antibody"
  },
  {
    "docID": "N078 Aoki 2010",
    "et": "Antibody",
    "off": 9549,
    "sff": "antibody"
  },
  {
    "docID": "N078 Aoki 2010",
    "et": "Antibody",
    "off": 9903,
    "sff": "antibody"
  },
  {
    "docID": "N078 Aoki 2010",
    "et": "Purification",
    "off": 30057,
    "sff": "purification"
  },
  {
    "docID": "N078 Aoki 2010",
    "et": "UmbilicalCordBloodStemCell",
    "off": 16412,
    "sff": "cord"
  },
  {
    "docID": "N078 Aoki 2010",
    "et": "UmbilicalCordBloodStemCell",
    "off": 30365,
    "sff": "cord"
  },
  {
    "docID": "N078 Aoki 2010",
    "et": "UmbilicalCordBloodStemCell",
    "off": 26138,
    "sff": "cord"
  },
  {
    "docID": "N078 Aoki 2010",
    "et": "UmbilicalCordBloodStemCell",
    "off": 20004,
    "sff": "cord"
  },
  {
    "docID": "N078 Aoki 2010",
    "et": "UmbilicalCordBloodStemCell",
    "off": 1064,
    "sff": "cord"
  },
  {
    "docID": "N078 Aoki 2010",
    "et": "UmbilicalCordBloodStemCell",
    "off": 20235,
    "sff": "cord"
  },
  {
    "docID": "N078 Aoki 2010",
    "et": "UmbilicalCordBloodStemCell",
    "off": 27541,
    "sff": "cord"
  },
  {
    "docID": "N078 Aoki 2010",
    "et": "UmbilicalCordBloodStemCell",
    "off": 20883,
    "sff": "cord"
  },
  {
    "docID": "N078 Aoki 2010",
    "et": "UmbilicalCordBloodStemCell",
    "off": 22167,
    "sff": "cord"
  },
  {
    "docID": "N078 Aoki 2010",
    "et": "UmbilicalCordBloodStemCell",
    "off": 20348,
    "sff": "cord"
  },
  {
    "docID": "N078 Aoki 2010",
    "et": "UmbilicalCordBloodStemCell",
    "off": 25597,
    "sff": "cord"
  },
  {
    "docID": "N078 Aoki 2010",
    "et": "UmbilicalCordBloodStemCell",
    "off": 32507,
    "sff": "cord"
  },
  {
    "docID": "N078 Aoki 2010",
    "et": "UmbilicalCordBloodStemCell",
    "off": 28929,
    "sff": "cord"
  },
  {
    "docID": "N078 Aoki 2010",
    "et": "UmbilicalCordBloodStemCell",
    "off": 7422,
    "sff": "cord"
  },
  {
    "docID": "N078 Aoki 2010",
    "et": "UmbilicalCordBloodStemCell",
    "off": 8958,
    "sff": "cord"
  },
  {
    "docID": "N078 Aoki 2010",
    "et": "UmbilicalCordBloodStemCell",
    "off": 23679,
    "sff": "cord"
  },
  {
    "docID": "N078 Aoki 2010",
    "et": "UmbilicalCordBloodStemCell",
    "off": 16130,
    "sff": "cord"
  },
  {
    "docID": "N078 Aoki 2010",
    "et": "UmbilicalCordBloodStemCell",
    "off": 33161,
    "sff": "cord"
  },
  {
    "docID": "N078 Aoki 2010",
    "et": "UmbilicalCordBloodStemCell",
    "off": 19846,
    "sff": "cord"
  },
  {
    "docID": "N078 Aoki 2010",
    "et": "UmbilicalCordBloodStemCell",
    "off": 30573,
    "sff": "cord"
  },
  {
    "docID": "N078 Aoki 2010",
    "et": "UmbilicalCordBloodStemCell",
    "off": 15985,
    "sff": "cord"
  },
  {
    "docID": "N078 Aoki 2010",
    "et": "UmbilicalCordBloodStemCell",
    "off": 12271,
    "sff": "cord"
  },
  {
    "docID": "N078 Aoki 2010",
    "et": "UmbilicalCordBloodStemCell",
    "off": 13429,
    "sff": "cord"
  },
  {
    "docID": "N078 Aoki 2010",
    "et": "UmbilicalCordBloodStemCell",
    "off": 14453,
    "sff": "cord"
  },
  {
    "docID": "N078 Aoki 2010",
    "et": "UmbilicalCordBloodStemCell",
    "off": 31608,
    "sff": "Cord"
  },
  {
    "docID": "N078 Aoki 2010",
    "et": "UmbilicalCordBloodStemCell",
    "off": 8818,
    "sff": "cord"
  },
  {
    "docID": "N078 Aoki 2010",
    "et": "UmbilicalCordBloodStemCell",
    "off": 31987,
    "sff": "cord"
  },
  {
    "docID": "N078 Aoki 2010",
    "et": "UmbilicalCordBloodStemCell",
    "off": 31224,
    "sff": "cord"
  },
  {
    "docID": "N078 Aoki 2010",
    "et": "UmbilicalCordBloodStemCell",
    "off": 5468,
    "sff": "cord"
  },
  {
    "docID": "N078 Aoki 2010",
    "et": "UmbilicalCordBloodStemCell",
    "off": 25434,
    "sff": "cord"
  },
  {
    "docID": "N078 Aoki 2010",
    "et": "UmbilicalCordBloodStemCell",
    "off": 15072,
    "sff": "cord"
  },
  {
    "docID": "N078 Aoki 2010",
    "et": "UmbilicalCordBloodStemCell",
    "off": 24676,
    "sff": "cord"
  },
  {
    "docID": "N078 Aoki 2010",
    "et": "UmbilicalCordBloodStemCell",
    "off": 15843,
    "sff": "cord"
  },
  {
    "docID": "N078 Aoki 2010",
    "et": "UmbilicalCordBloodStemCell",
    "off": 12777,
    "sff": "cord"
  },
  {
    "docID": "N078 Aoki 2010",
    "et": "UmbilicalCordBloodStemCell",
    "off": 21865,
    "sff": "cord"
  },
  {
    "docID": "N078 Aoki 2010",
    "et": "UmbilicalCordBloodStemCell",
    "off": 31562,
    "sff": "cord"
  },
  {
    "docID": "N078 Aoki 2010",
    "et": "UmbilicalCordBloodStemCell",
    "off": 32714,
    "sff": "cord"
  },
  {
    "docID": "N078 Aoki 2010",
    "et": "UmbilicalCordBloodStemCell",
    "off": 34507,
    "sff": "cord"
  },
  {
    "docID": "N078 Aoki 2010",
    "et": "UmbilicalCordBloodStemCell",
    "off": 3794,
    "sff": "cord"
  },
  {
    "docID": "N078 Aoki 2010",
    "et": "UmbilicalCordBloodStemCell",
    "off": 26322,
    "sff": "cord"
  },
  {
    "docID": "N078 Aoki 2010",
    "et": "UmbilicalCordBloodStemCell",
    "off": 32210,
    "sff": "cord"
  },
  {
    "docID": "N078 Aoki 2010",
    "et": "UmbilicalCordBloodStemCell",
    "off": 29784,
    "sff": "cord"
  },
  {
    "docID": "N078 Aoki 2010",
    "et": "UmbilicalCordBloodStemCell",
    "off": 33368,
    "sff": "cord"
  },
  {
    "docID": "N078 Aoki 2010",
    "et": "UmbilicalCordBloodStemCell",
    "off": 58,
    "sff": "cord"
  },
  {
    "docID": "N078 Aoki 2010",
    "et": "UmbilicalCordBloodStemCell",
    "off": 4288,
    "sff": "cord"
  },
  {
    "docID": "N078 Aoki 2010",
    "et": "UmbilicalCordBloodStemCell",
    "off": 25154,
    "sff": "cord"
  },
  {
    "docID": "N078 Aoki 2010",
    "et": "UmbilicalCordBloodStemCell",
    "off": 5449,
    "sff": "cord"
  },
  {
    "docID": "N078 Aoki 2010",
    "et": "UmbilicalCordBloodStemCell",
    "off": 9130,
    "sff": "cord"
  },
  {
    "docID": "N078 Aoki 2010",
    "et": "UmbilicalCordBloodStemCell",
    "off": 31786,
    "sff": "cord"
  },
  {
    "docID": "N078 Aoki 2010",
    "et": "UmbilicalCordBloodStemCell",
    "off": 33962,
    "sff": "cord"
  },
  {
    "docID": "N078 Aoki 2010",
    "et": "UmbilicalCordBloodStemCell",
    "off": 11696,
    "sff": "cord"
  },
  {
    "docID": "N078 Aoki 2010",
    "et": "UmbilicalCordBloodStemCell",
    "off": 24495,
    "sff": "cord"
  },
  {
    "docID": "N078 Aoki 2010",
    "et": "UmbilicalCordBloodStemCell",
    "off": 696,
    "sff": "cord"
  },
  {
    "docID": "N078 Aoki 2010",
    "et": "UmbilicalCordBloodStemCell",
    "off": 31032,
    "sff": "cord"
  },
  {
    "docID": "N078 Aoki 2010",
    "et": "UmbilicalCordBloodStemCell",
    "off": 23606,
    "sff": "cord"
  },
  {
    "docID": "N078 Aoki 2010",
    "et": "Protein",
    "off": 17269,
    "sff": "protein"
  },
  {
    "docID": "N078 Aoki 2010",
    "et": "GlialCell",
    "off": 17245,
    "sff": "Glial"
  },
  {
    "docID": "N078 Aoki 2010",
    "et": "GlialCell",
    "off": 2319,
    "sff": "glial cell"
  },
  {
    "docID": "N078 Aoki 2010",
    "et": "SpinalGrayMatter",
    "off": 51,
    "sff": "spinal"
  },
  {
    "docID": "N078 Aoki 2010",
    "et": "SpinalGrayMatter",
    "off": 31601,
    "sff": "Spinal"
  },
  {
    "docID": "N078 Aoki 2010",
    "et": "SpinalGrayMatter",
    "off": 689,
    "sff": "spinal"
  },
  {
    "docID": "N078 Aoki 2010",
    "et": "SpinalGrayMatter",
    "off": 31025,
    "sff": "spinal"
  },
  {
    "docID": "N078 Aoki 2010",
    "et": "SpinalGrayMatter",
    "off": 23599,
    "sff": "spinal"
  },
  {
    "docID": "N078 Aoki 2010",
    "et": "SpinalGrayMatter",
    "off": 11689,
    "sff": "spinal"
  },
  {
    "docID": "N078 Aoki 2010",
    "et": "SpinalGrayMatter",
    "off": 24488,
    "sff": "spinal"
  },
  {
    "docID": "N078 Aoki 2010",
    "et": "SpinalGrayMatter",
    "off": 9123,
    "sff": "spinal"
  },
  {
    "docID": "N078 Aoki 2010",
    "et": "SpinalGrayMatter",
    "off": 31779,
    "sff": "spinal"
  },
  {
    "docID": "N078 Aoki 2010",
    "et": "SpinalGrayMatter",
    "off": 33955,
    "sff": "spinal"
  },
  {
    "docID": "N078 Aoki 2010",
    "et": "SpinalGrayMatter",
    "off": 1057,
    "sff": "spinal"
  },
  {
    "docID": "N078 Aoki 2010",
    "et": "SpinalGrayMatter",
    "off": 25427,
    "sff": "spinal"
  },
  {
    "docID": "N078 Aoki 2010",
    "et": "SpinalGrayMatter",
    "off": 29777,
    "sff": "spinal"
  },
  {
    "docID": "N078 Aoki 2010",
    "et": "SpinalGrayMatter",
    "off": 33361,
    "sff": "spinal"
  },
  {
    "docID": "N078 Aoki 2010",
    "et": "SpinalGrayMatter",
    "off": 3787,
    "sff": "spinal"
  },
  {
    "docID": "N078 Aoki 2010",
    "et": "SpinalGrayMatter",
    "off": 32203,
    "sff": "spinal"
  },
  {
    "docID": "N078 Aoki 2010",
    "et": "SpinalGrayMatter",
    "off": 33737,
    "sff": "spinal"
  },
  {
    "docID": "N078 Aoki 2010",
    "et": "SpinalGrayMatter",
    "off": 31555,
    "sff": "spinal"
  },
  {
    "docID": "N078 Aoki 2010",
    "et": "SpinalGrayMatter",
    "off": 32707,
    "sff": "spinal"
  },
  {
    "docID": "N078 Aoki 2010",
    "et": "SpinalGrayMatter",
    "off": 34500,
    "sff": "spinal"
  },
  {
    "docID": "N078 Aoki 2010",
    "et": "SpinalGrayMatter",
    "off": 5058,
    "sff": "spinal"
  },
  {
    "docID": "N078 Aoki 2010",
    "et": "SpinalGrayMatter",
    "off": 5442,
    "sff": "spinal"
  },
  {
    "docID": "N078 Aoki 2010",
    "et": "SpinalGrayMatter",
    "off": 25147,
    "sff": "spinal"
  },
  {
    "docID": "N078 Aoki 2010",
    "et": "SpinalGrayMatter",
    "off": 4281,
    "sff": "spinal"
  },
  {
    "docID": "N078 Aoki 2010",
    "et": "SpinalGrayMatter",
    "off": 27450,
    "sff": "spinal"
  },
  {
    "docID": "N078 Aoki 2010",
    "et": "SpinalGrayMatter",
    "off": 25590,
    "sff": "spinal"
  },
  {
    "docID": "N078 Aoki 2010",
    "et": "SpinalGrayMatter",
    "off": 32500,
    "sff": "spinal"
  },
  {
    "docID": "N078 Aoki 2010",
    "et": "SpinalGrayMatter",
    "off": 31217,
    "sff": "spinal"
  },
  {
    "docID": "N078 Aoki 2010",
    "et": "SpinalGrayMatter",
    "off": 13422,
    "sff": "spinal"
  },
  {
    "docID": "N078 Aoki 2010",
    "et": "SpinalGrayMatter",
    "off": 14446,
    "sff": "spinal"
  },
  {
    "docID": "N078 Aoki 2010",
    "et": "SpinalGrayMatter",
    "off": 8811,
    "sff": "spinal"
  },
  {
    "docID": "N078 Aoki 2010",
    "et": "SpinalGrayMatter",
    "off": 31980,
    "sff": "spinal"
  },
  {
    "docID": "N078 Aoki 2010",
    "et": "SpinalGrayMatter",
    "off": 1386,
    "sff": "spinal"
  },
  {
    "docID": "N078 Aoki 2010",
    "et": "SpinalGrayMatter",
    "off": 15978,
    "sff": "spinal"
  },
  {
    "docID": "N078 Aoki 2010",
    "et": "SpinalGrayMatter",
    "off": 12264,
    "sff": "spinal"
  },
  {
    "docID": "N078 Aoki 2010",
    "et": "SpinalGrayMatter",
    "off": 30566,
    "sff": "spinal"
  },
  {
    "docID": "N078 Aoki 2010",
    "et": "SpinalGrayMatter",
    "off": 12770,
    "sff": "spinal"
  },
  {
    "docID": "N078 Aoki 2010",
    "et": "SpinalGrayMatter",
    "off": 21346,
    "sff": "spinal"
  },
  {
    "docID": "N078 Aoki 2010",
    "et": "SpinalGrayMatter",
    "off": 21858,
    "sff": "spinal"
  },
  {
    "docID": "N078 Aoki 2010",
    "et": "SpinalGrayMatter",
    "off": 20370,
    "sff": "gray matter"
  },
  {
    "docID": "N078 Aoki 2010",
    "et": "SpinalGrayMatter",
    "off": 15836,
    "sff": "spinal"
  },
  {
    "docID": "N078 Aoki 2010",
    "et": "SpinalGrayMatter",
    "off": 15065,
    "sff": "spinal"
  },
  {
    "docID": "N078 Aoki 2010",
    "et": "SpinalGrayMatter",
    "off": 16405,
    "sff": "spinal"
  },
  {
    "docID": "N078 Aoki 2010",
    "et": "SpinalGrayMatter",
    "off": 30358,
    "sff": "spinal"
  },
  {
    "docID": "N078 Aoki 2010",
    "et": "SpinalGrayMatter",
    "off": 26131,
    "sff": "spinal"
  },
  {
    "docID": "N078 Aoki 2010",
    "et": "SpinalGrayMatter",
    "off": 5778,
    "sff": "spinal"
  },
  {
    "docID": "N078 Aoki 2010",
    "et": "SpinalGrayMatter",
    "off": 22160,
    "sff": "spinal"
  },
  {
    "docID": "N078 Aoki 2010",
    "et": "SpinalGrayMatter",
    "off": 27534,
    "sff": "spinal"
  },
  {
    "docID": "N078 Aoki 2010",
    "et": "SpinalGrayMatter",
    "off": 20876,
    "sff": "spinal"
  },
  {
    "docID": "N078 Aoki 2010",
    "et": "SpinalGrayMatter",
    "off": 33544,
    "sff": "spinal"
  },
  {
    "docID": "N078 Aoki 2010",
    "et": "SpinalGrayMatter",
    "off": 14597,
    "sff": "spinal"
  },
  {
    "docID": "N078 Aoki 2010",
    "et": "SpinalGrayMatter",
    "off": 29700,
    "sff": "spinal"
  },
  {
    "docID": "N078 Aoki 2010",
    "et": "SpinalGrayMatter",
    "off": 33154,
    "sff": "spinal"
  },
  {
    "docID": "N078 Aoki 2010",
    "et": "SpinalGrayMatter",
    "off": 8951,
    "sff": "Spinal"
  },
  {
    "docID": "N078 Aoki 2010",
    "et": "SpinalGrayMatter",
    "off": 16123,
    "sff": "spinal"
  },
  {
    "docID": "N078 Aoki 2010",
    "et": "SpinalGrayMatter",
    "off": 20370,
    "sff": "gray"
  },
  {
    "docID": "N078 Aoki 2010",
    "et": "SpinalGrayMatter",
    "off": 28922,
    "sff": "spinal"
  },
  {
    "docID": "N078 Aoki 2010",
    "et": "SpinalGrayMatter",
    "off": 7415,
    "sff": "spinal"
  },
  {
    "docID": "N078 Aoki 2010",
    "et": "VimentinAntiSenseDNA",
    "off": 9931,
    "sff": "anti"
  },
  {
    "docID": "N078 Aoki 2010",
    "et": "VimentinAntiSenseDNA",
    "off": 10608,
    "sff": "anti"
  },
  {
    "docID": "N078 Aoki 2010",
    "et": "VimentinAntiSenseDNA",
    "off": 9743,
    "sff": "anti"
  },
  {
    "docID": "N078 Aoki 2010",
    "et": "VimentinAntiSenseDNA",
    "off": 12356,
    "sff": "anti"
  },
  {
    "docID": "N078 Aoki 2010",
    "et": "RatSpecies",
    "off": 7877,
    "sff": "rat"
  },
  {
    "docID": "N078 Aoki 2010",
    "et": "RatSpecies",
    "off": 2732,
    "sff": "rat"
  },
  {
    "docID": "N078 Aoki 2010",
    "et": "RatSpecies",
    "off": 31051,
    "sff": "rat"
  },
  {
    "docID": "N078 Aoki 2010",
    "et": "RatSpecies",
    "off": 13418,
    "sff": "rat"
  },
  {
    "docID": "N078 Aoki 2010",
    "et": "RatSpecies",
    "off": 943,
    "sff": "rat"
  },
  {
    "docID": "N078 Aoki 2010",
    "et": "RatSpecies",
    "off": 30509,
    "sff": "rat"
  },
  {
    "docID": "N078 Aoki 2010",
    "et": "RatSpecies",
    "off": 13842,
    "sff": "rat"
  },
  {
    "docID": "N078 Aoki 2010",
    "et": "RatSpecies",
    "off": 16050,
    "sff": "rat"
  },
  {
    "docID": "N078 Aoki 2010",
    "et": "RatSpecies",
    "off": 28856,
    "sff": "rat"
  },
  {
    "docID": "N078 Aoki 2010",
    "et": "RatSpecies",
    "off": 3420,
    "sff": "rat"
  },
  {
    "docID": "N078 Aoki 2010",
    "et": "RatSpecies",
    "off": 33150,
    "sff": "rat"
  },
  {
    "docID": "N078 Aoki 2010",
    "et": "RatSpecies",
    "off": 3101,
    "sff": "rat"
  },
  {
    "docID": "N078 Aoki 2010",
    "et": "RatSpecies",
    "off": 675,
    "sff": "rat"
  },
  {
    "docID": "N078 Aoki 2010",
    "et": "RatSpecies",
    "off": 2627,
    "sff": "rat"
  },
  {
    "docID": "N078 Aoki 2010",
    "et": "RatSpecies",
    "off": 4866,
    "sff": "rat"
  },
  {
    "docID": "N078 Aoki 2010",
    "et": "RatSpecies",
    "off": 31810,
    "sff": "rat"
  },
  {
    "docID": "N078 Aoki 2010",
    "et": "Caudal",
    "off": 7727,
    "sff": "caudal"
  },
  {
    "docID": "N078 Aoki 2010",
    "et": "Caudal",
    "off": 20594,
    "sff": "caudal"
  },
  {
    "docID": "N078 Aoki 2010",
    "et": "Caudal",
    "off": 23980,
    "sff": "caudal"
  },
  {
    "docID": "N078 Aoki 2010",
    "et": "Caudal",
    "off": 26315,
    "sff": "caudal"
  },
  {
    "docID": "N078 Aoki 2010",
    "et": "Caudal",
    "off": 24461,
    "sff": "caudal"
  },
  {
    "docID": "N078 Aoki 2010",
    "et": "Caudal",
    "off": 24649,
    "sff": "caudal"
  },
  {
    "docID": "N078 Aoki 2010",
    "et": "Caudal",
    "off": 23652,
    "sff": "caudal"
  },
  {
    "docID": "N078 Aoki 2010",
    "et": "Caudal",
    "off": 5638,
    "sff": "caudal"
  },
  {
    "docID": "N078 Aoki 2010",
    "et": "Caudal",
    "off": 23782,
    "sff": "caudal"
  },
  {
    "docID": "N078 Aoki 2010",
    "et": "Caudal",
    "off": 6720,
    "sff": "caudal"
  },
  {
    "docID": "N078 Aoki 2010",
    "et": "Caudal",
    "off": 16192,
    "sff": "caudal"
  },
  {
    "docID": "N078 Aoki 2010",
    "et": "Caudal",
    "off": 12443,
    "sff": "caudal"
  },
  {
    "docID": "N078 Aoki 2010",
    "et": "Caudal",
    "off": 24187,
    "sff": "caudal"
  },
  {
    "docID": "N078 Aoki 2010",
    "et": "Caudal",
    "off": 19997,
    "sff": "caudal"
  },
  {
    "docID": "N078 Aoki 2010",
    "et": "Caudal",
    "off": 20728,
    "sff": "caudal"
  },
  {
    "docID": "N078 Aoki 2010",
    "et": "Caudal",
    "off": 15961,
    "sff": "caudal"
  },
  {
    "docID": "N078 Aoki 2010",
    "et": "Caudal",
    "off": 15732,
    "sff": "caudal"
  },
  {
    "docID": "N078 Aoki 2010",
    "et": "Caudal",
    "off": 16116,
    "sff": "caudal"
  },
  {
    "docID": "N078 Aoki 2010",
    "et": "Caudal",
    "off": 16373,
    "sff": "caudal"
  },
  {
    "docID": "N078 Aoki 2010",
    "et": "Caudal",
    "off": 20341,
    "sff": "caudal"
  },
  {
    "docID": "N078 Aoki 2010",
    "et": "AntiCD11dAntibody",
    "off": 9743,
    "sff": "anti"
  },
  {
    "docID": "N078 Aoki 2010",
    "et": "AntiCD11dAntibody",
    "off": 10608,
    "sff": "anti"
  },
  {
    "docID": "N078 Aoki 2010",
    "et": "AntiCD11dAntibody",
    "off": 12356,
    "sff": "anti"
  },
  {
    "docID": "N078 Aoki 2010",
    "et": "AntiCD11dAntibody",
    "off": 9931,
    "sff": "anti"
  },
  {
    "docID": "N078 Aoki 2010",
    "et": "SchwannCell",
    "off": 30987,
    "sff": "Schwann"
  },
  {
    "docID": "N078 Aoki 2010",
    "et": "SchwannCell",
    "off": 26921,
    "sff": "Schwann"
  },
  {
    "docID": "N078 Aoki 2010",
    "et": "SchwannCell",
    "off": 30277,
    "sff": "Schwann"
  },
  {
    "docID": "N078 Aoki 2010",
    "et": "SchwannCell",
    "off": 25782,
    "sff": "Schwann"
  },
  {
    "docID": "N078 Aoki 2010",
    "et": "NewZealandRabbit",
    "off": 25568,
    "sff": "new"
  },
  {
    "docID": "N078 Aoki 2010",
    "et": "Albumin",
    "off": 11629,
    "sff": "albumin"
  },
  {
    "docID": "N078 Aoki 2010",
    "et": "Albumin",
    "off": 9366,
    "sff": "albumin"
  },
  {
    "docID": "N078 Aoki 2010",
    "et": "BoneMarrowStemCell",
    "off": 6665,
    "sff": "bone"
  },
  {
    "docID": "N078 Aoki 2010",
    "et": "BoneMarrowStemCell",
    "off": 6483,
    "sff": "bone"
  },
  {
    "docID": "N078 Aoki 2010",
    "et": "SigmaAldrich",
    "off": 9375,
    "sff": "Sigma"
  },
  {
    "docID": "N078 Aoki 2010",
    "et": "Lumbar",
    "off": 33829,
    "sff": "lumbar"
  },
  {
    "docID": "N078 Aoki 2010",
    "et": "Thoracic",
    "off": 15827,
    "sff": "thoracic"
  },
  {
    "docID": "N078 Aoki 2010",
    "et": "StemCellSourceType",
    "off": 16790,
    "sff": "cell"
  },
  {
    "docID": "N078 Aoki 2010",
    "et": "StemCellSourceType",
    "off": 2325,
    "sff": "cell"
  },
  {
    "docID": "N078 Aoki 2010",
    "et": "StemCellSourceType",
    "off": 4712,
    "sff": "cell"
  },
  {
    "docID": "N078 Aoki 2010",
    "et": "StemCellSourceType",
    "off": 33924,
    "sff": "cell"
  },
  {
    "docID": "N078 Aoki 2010",
    "et": "StemCellSourceType",
    "off": 16878,
    "sff": "cell"
  },
  {
    "docID": "N078 Aoki 2010",
    "et": "StemCellSourceType",
    "off": 26829,
    "sff": "cell"
  },
  {
    "docID": "N078 Aoki 2010",
    "et": "StemCellSourceType",
    "off": 34637,
    "sff": "cell"
  },
  {
    "docID": "N078 Aoki 2010",
    "et": "StemCellSourceType",
    "off": 28687,
    "sff": "cell"
  },
  {
    "docID": "N078 Aoki 2010",
    "et": "StemCellSourceType",
    "off": 32879,
    "sff": "cell"
  },
  {
    "docID": "N078 Aoki 2010",
    "et": "StemCellSourceType",
    "off": 31239,
    "sff": "Cell"
  },
  {
    "docID": "N078 Aoki 2010",
    "et": "StemCellSourceType",
    "off": 31409,
    "sff": "Stem"
  },
  {
    "docID": "N078 Aoki 2010",
    "et": "InVitroExperimentalProcedure",
    "off": 29596,
    "sff": "vitro"
  },
  {
    "docID": "N078 Aoki 2010",
    "et": "InVitroExperimentalProcedure",
    "off": 7432,
    "sff": "experimental"
  },
  {
    "docID": "N078 Aoki 2010",
    "et": "InVitroExperimentalProcedure",
    "off": 7920,
    "sff": "Experimental"
  },
  {
    "docID": "N078 Aoki 2010",
    "et": "IntraperitonealLocation",
    "off": 6401,
    "sff": "intraperitoneal"
  },
  {
    "docID": "N078 Aoki 2010",
    "et": "IntraperitonealLocation",
    "off": 11074,
    "sff": "intraperitoneal"
  },
  {
    "docID": "N078 Aoki 2010",
    "et": "AntiNG2Antibody",
    "off": 9931,
    "sff": "anti"
  },
  {
    "docID": "N078 Aoki 2010",
    "et": "AntiNG2Antibody",
    "off": 12356,
    "sff": "anti"
  },
  {
    "docID": "N078 Aoki 2010",
    "et": "AntiNG2Antibody",
    "off": 10608,
    "sff": "anti"
  },
  {
    "docID": "N078 Aoki 2010",
    "et": "AntiNG2Antibody",
    "off": 9743,
    "sff": "anti"
  },
  {
    "docID": "N078 Aoki 2010",
    "et": "AntiNogoAAntibody",
    "off": 9931,
    "sff": "anti"
  },
  {
    "docID": "N078 Aoki 2010",
    "et": "AntiNogoAAntibody",
    "off": 9743,
    "sff": "anti"
  },
  {
    "docID": "N078 Aoki 2010",
    "et": "AntiNogoAAntibody",
    "off": 10608,
    "sff": "anti"
  },
  {
    "docID": "N078 Aoki 2010",
    "et": "AntiNogoAAntibody",
    "off": 12356,
    "sff": "anti"
  },
  {
    "docID": "N078 Aoki 2010",
    "et": "Cell",
    "off": 4712,
    "sff": "cell"
  },
  {
    "docID": "N078 Aoki 2010",
    "et": "Cell",
    "off": 16790,
    "sff": "cell"
  },
  {
    "docID": "N078 Aoki 2010",
    "et": "Cell",
    "off": 2325,
    "sff": "cell"
  },
  {
    "docID": "N078 Aoki 2010",
    "et": "Cell",
    "off": 33924,
    "sff": "cell"
  },
  {
    "docID": "N078 Aoki 2010",
    "et": "Cell",
    "off": 28687,
    "sff": "cell"
  },
  {
    "docID": "N078 Aoki 2010",
    "et": "Cell",
    "off": 32879,
    "sff": "cell"
  },
  {
    "docID": "N078 Aoki 2010",
    "et": "Cell",
    "off": 26829,
    "sff": "cell"
  },
  {
    "docID": "N078 Aoki 2010",
    "et": "Cell",
    "off": 34637,
    "sff": "cell"
  },
  {
    "docID": "N078 Aoki 2010",
    "et": "Cell",
    "off": 16878,
    "sff": "cell"
  },
  {
    "docID": "N078 Aoki 2010",
    "et": "Cell",
    "off": 31239,
    "sff": "Cell"
  },
  {
    "docID": "N078 Aoki 2010",
    "et": "SpinalDorsalHalf",
    "off": 27450,
    "sff": "spinal"
  },
  {
    "docID": "N078 Aoki 2010",
    "et": "SpinalDorsalHalf",
    "off": 25147,
    "sff": "spinal"
  },
  {
    "docID": "N078 Aoki 2010",
    "et": "SpinalDorsalHalf",
    "off": 31601,
    "sff": "Spinal"
  },
  {
    "docID": "N078 Aoki 2010",
    "et": "SpinalDorsalHalf",
    "off": 4281,
    "sff": "spinal"
  },
  {
    "docID": "N078 Aoki 2010",
    "et": "SpinalDorsalHalf",
    "off": 31025,
    "sff": "spinal"
  },
  {
    "docID": "N078 Aoki 2010",
    "et": "SpinalDorsalHalf",
    "off": 8951,
    "sff": "Spinal"
  },
  {
    "docID": "N078 Aoki 2010",
    "et": "SpinalDorsalHalf",
    "off": 51,
    "sff": "spinal"
  },
  {
    "docID": "N078 Aoki 2010",
    "et": "SpinalDorsalHalf",
    "off": 23599,
    "sff": "spinal"
  },
  {
    "docID": "N078 Aoki 2010",
    "et": "SpinalDorsalHalf",
    "off": 689,
    "sff": "spinal"
  },
  {
    "docID": "N078 Aoki 2010",
    "et": "SpinalDorsalHalf",
    "off": 11689,
    "sff": "spinal"
  },
  {
    "docID": "N078 Aoki 2010",
    "et": "SpinalDorsalHalf",
    "off": 24488,
    "sff": "spinal"
  },
  {
    "docID": "N078 Aoki 2010",
    "et": "SpinalDorsalHalf",
    "off": 31779,
    "sff": "spinal"
  },
  {
    "docID": "N078 Aoki 2010",
    "et": "SpinalDorsalHalf",
    "off": 33955,
    "sff": "spinal"
  },
  {
    "docID": "N078 Aoki 2010",
    "et": "SpinalDorsalHalf",
    "off": 9123,
    "sff": "spinal"
  },
  {
    "docID": "N078 Aoki 2010",
    "et": "SpinalDorsalHalf",
    "off": 1057,
    "sff": "spinal"
  },
  {
    "docID": "N078 Aoki 2010",
    "et": "SpinalDorsalHalf",
    "off": 15065,
    "sff": "spinal"
  },
  {
    "docID": "N078 Aoki 2010",
    "et": "SpinalDorsalHalf",
    "off": 16217,
    "sff": "dorsal"
  },
  {
    "docID": "N078 Aoki 2010",
    "et": "SpinalDorsalHalf",
    "off": 15836,
    "sff": "spinal"
  },
  {
    "docID": "N078 Aoki 2010",
    "et": "SpinalDorsalHalf",
    "off": 29777,
    "sff": "spinal"
  },
  {
    "docID": "N078 Aoki 2010",
    "et": "SpinalDorsalHalf",
    "off": 33361,
    "sff": "spinal"
  },
  {
    "docID": "N078 Aoki 2010",
    "et": "SpinalDorsalHalf",
    "off": 25427,
    "sff": "spinal"
  },
  {
    "docID": "N078 Aoki 2010",
    "et": "SpinalDorsalHalf",
    "off": 15709,
    "sff": "dorsal"
  },
  {
    "docID": "N078 Aoki 2010",
    "et": "SpinalDorsalHalf",
    "off": 34140,
    "sff": "dorsal"
  },
  {
    "docID": "N078 Aoki 2010",
    "et": "SpinalDorsalHalf",
    "off": 33737,
    "sff": "spinal"
  },
  {
    "docID": "N078 Aoki 2010",
    "et": "SpinalDorsalHalf",
    "off": 32203,
    "sff": "spinal"
  },
  {
    "docID": "N078 Aoki 2010",
    "et": "SpinalDorsalHalf",
    "off": 3787,
    "sff": "spinal"
  },
  {
    "docID": "N078 Aoki 2010",
    "et": "SpinalDorsalHalf",
    "off": 31555,
    "sff": "spinal"
  },
  {
    "docID": "N078 Aoki 2010",
    "et": "SpinalDorsalHalf",
    "off": 32707,
    "sff": "spinal"
  },
  {
    "docID": "N078 Aoki 2010",
    "et": "SpinalDorsalHalf",
    "off": 34500,
    "sff": "spinal"
  },
  {
    "docID": "N078 Aoki 2010",
    "et": "SpinalDorsalHalf",
    "off": 5058,
    "sff": "spinal"
  },
  {
    "docID": "N078 Aoki 2010",
    "et": "SpinalDorsalHalf",
    "off": 5442,
    "sff": "spinal"
  },
  {
    "docID": "N078 Aoki 2010",
    "et": "SpinalDorsalHalf",
    "off": 7415,
    "sff": "spinal"
  },
  {
    "docID": "N078 Aoki 2010",
    "et": "SpinalDorsalHalf",
    "off": 28922,
    "sff": "spinal"
  },
  {
    "docID": "N078 Aoki 2010",
    "et": "SpinalDorsalHalf",
    "off": 16123,
    "sff": "spinal"
  },
  {
    "docID": "N078 Aoki 2010",
    "et": "SpinalDorsalHalf",
    "off": 25590,
    "sff": "spinal"
  },
  {
    "docID": "N078 Aoki 2010",
    "et": "SpinalDorsalHalf",
    "off": 31217,
    "sff": "spinal"
  },
  {
    "docID": "N078 Aoki 2010",
    "et": "SpinalDorsalHalf",
    "off": 13422,
    "sff": "spinal"
  },
  {
    "docID": "N078 Aoki 2010",
    "et": "SpinalDorsalHalf",
    "off": 32500,
    "sff": "spinal"
  },
  {
    "docID": "N078 Aoki 2010",
    "et": "SpinalDorsalHalf",
    "off": 14446,
    "sff": "spinal"
  },
  {
    "docID": "N078 Aoki 2010",
    "et": "SpinalDorsalHalf",
    "off": 12264,
    "sff": "spinal"
  },
  {
    "docID": "N078 Aoki 2010",
    "et": "SpinalDorsalHalf",
    "off": 15978,
    "sff": "spinal"
  },
  {
    "docID": "N078 Aoki 2010",
    "et": "SpinalDorsalHalf",
    "off": 31980,
    "sff": "spinal"
  },
  {
    "docID": "N078 Aoki 2010",
    "et": "SpinalDorsalHalf",
    "off": 8811,
    "sff": "spinal"
  },
  {
    "docID": "N078 Aoki 2010",
    "et": "SpinalDorsalHalf",
    "off": 19910,
    "sff": "dorsal"
  },
  {
    "docID": "N078 Aoki 2010",
    "et": "SpinalDorsalHalf",
    "off": 30566,
    "sff": "spinal"
  },
  {
    "docID": "N078 Aoki 2010",
    "et": "SpinalDorsalHalf",
    "off": 1386,
    "sff": "spinal"
  },
  {
    "docID": "N078 Aoki 2010",
    "et": "SpinalDorsalHalf",
    "off": 21346,
    "sff": "spinal"
  },
  {
    "docID": "N078 Aoki 2010",
    "et": "SpinalDorsalHalf",
    "off": 21858,
    "sff": "spinal"
  },
  {
    "docID": "N078 Aoki 2010",
    "et": "SpinalDorsalHalf",
    "off": 30544,
    "sff": "dorsal"
  },
  {
    "docID": "N078 Aoki 2010",
    "et": "SpinalDorsalHalf",
    "off": 12770,
    "sff": "spinal"
  },
  {
    "docID": "N078 Aoki 2010",
    "et": "SpinalDorsalHalf",
    "off": 16405,
    "sff": "spinal"
  },
  {
    "docID": "N078 Aoki 2010",
    "et": "SpinalDorsalHalf",
    "off": 30358,
    "sff": "spinal"
  },
  {
    "docID": "N078 Aoki 2010",
    "et": "SpinalDorsalHalf",
    "off": 26131,
    "sff": "spinal"
  },
  {
    "docID": "N078 Aoki 2010",
    "et": "SpinalDorsalHalf",
    "off": 27534,
    "sff": "spinal"
  },
  {
    "docID": "N078 Aoki 2010",
    "et": "SpinalDorsalHalf",
    "off": 5778,
    "sff": "spinal"
  },
  {
    "docID": "N078 Aoki 2010",
    "et": "SpinalDorsalHalf",
    "off": 22160,
    "sff": "spinal"
  },
  {
    "docID": "N078 Aoki 2010",
    "et": "SpinalDorsalHalf",
    "off": 20876,
    "sff": "spinal"
  },
  {
    "docID": "N078 Aoki 2010",
    "et": "SpinalDorsalHalf",
    "off": 14597,
    "sff": "spinal"
  },
  {
    "docID": "N078 Aoki 2010",
    "et": "SpinalDorsalHalf",
    "off": 33544,
    "sff": "spinal"
  },
  {
    "docID": "N078 Aoki 2010",
    "et": "SpinalDorsalHalf",
    "off": 33154,
    "sff": "spinal"
  },
  {
    "docID": "N078 Aoki 2010",
    "et": "SpinalDorsalHalf",
    "off": 29700,
    "sff": "spinal"
  },
  {
    "docID": "N078 Aoki 2010",
    "et": "17BetaEstradiolE2",
    "off": 22427,
    "sff": "17"
  },
  {
    "docID": "N078 Aoki 2010",
    "et": "17BetaEstradiolE2",
    "off": 9818,
    "sff": "beta"
  },
  {
    "docID": "N078 Aoki 2010",
    "et": "17BetaEstradiolE2",
    "off": 32356,
    "sff": "17"
  },
  {
    "docID": "N078 Aoki 2010",
    "et": "Water",
    "off": 5118,
    "sff": "water"
  },
  {
    "docID": "N078 Aoki 2010",
    "et": "Embryonic",
    "off": 33783,
    "sff": "embryonic"
  },
  {
    "docID": "N078 Aoki 2010",
    "et": "ExperimentalProcedure",
    "off": 7920,
    "sff": "Experimental"
  },
  {
    "docID": "N078 Aoki 2010",
    "et": "ExperimentalProcedure",
    "off": 7432,
    "sff": "experimental"
  },
  {
    "docID": "N078 Aoki 2010",
    "et": "CorticospinalTract",
    "off": 11489,
    "sff": "corticospinal"
  },
  {
    "docID": "N078 Aoki 2010",
    "et": "CorticospinalTract",
    "off": 19858,
    "sff": "corticospinal"
  },
  {
    "docID": "N078 Aoki 2010",
    "et": "CorticospinalTract",
    "off": 23907,
    "sff": "corticospinal"
  },
  {
    "docID": "N078 Aoki 2010",
    "et": "CorticospinalTract",
    "off": 10732,
    "sff": "corticospinal"
  },
  {
    "docID": "N078 Aoki 2010",
    "et": "BrainDerivedNeurotrophicFactor",
    "off": 34767,
    "sff": "Brain"
  },
  {
    "docID": "N078 Aoki 2010",
    "et": "BrainDerivedNeurotrophicFactor",
    "off": 32513,
    "sff": "Brain"
  },
  {
    "docID": "N078 Aoki 2010",
    "et": "BrainDerivedNeurotrophicFactor",
    "off": 32946,
    "sff": "Brain"
  },
  {
    "docID": "N078 Aoki 2010",
    "et": "BrainDerivedNeurotrophicFactor",
    "off": 32328,
    "sff": "Brain"
  },
  {
    "docID": "N078 Aoki 2010",
    "et": "BrainDerivedNeurotrophicFactor",
    "off": 27142,
    "sff": "derived"
  }
]
