[
  {
    "docID": "N094 Mondello, S.E.a  c  d, Jefferson, S.C.a  c  d et al. 2015",
    "et": "SubcutaneousLocation",
    "off": 13881,
    "sff": "subcutaneous"
  },
  {
    "docID": "N094 Mondello, S.E.a  c  d, Jefferson, S.C.a  c  d et al. 2015",
    "et": "SubcutaneousLocation",
    "off": 11315,
    "sff": "subcutaneous"
  },
  {
    "docID": "N094 Mondello, S.E.a  c  d, Jefferson, S.C.a  c  d et al. 2015",
    "et": "SubcutaneousLocation",
    "off": 9672,
    "sff": "subcutaneous"
  },
  {
    "docID": "N094 Mondello, S.E.a  c  d, Jefferson, S.C.a  c  d et al. 2015",
    "et": "SubcutaneousLocation",
    "off": 10424,
    "sff": "subcutaneous"
  },
  {
    "docID": "N094 Mondello, S.E.a  c  d, Jefferson, S.C.a  c  d et al. 2015",
    "et": "Syringe",
    "off": 12365,
    "sff": "syringe"
  },
  {
    "docID": "N094 Mondello, S.E.a  c  d, Jefferson, S.C.a  c  d et al. 2015",
    "et": "SurgeryTreatment",
    "off": 9732,
    "sff": "surgery"
  },
  {
    "docID": "N094 Mondello, S.E.a  c  d, Jefferson, S.C.a  c  d et al. 2015",
    "et": "SurgeryTreatment",
    "off": 721,
    "sff": "Surgery"
  },
  {
    "docID": "N094 Mondello, S.E.a  c  d, Jefferson, S.C.a  c  d et al. 2015",
    "et": "SurgeryTreatment",
    "off": 12621,
    "sff": "surgery"
  },
  {
    "docID": "N094 Mondello, S.E.a  c  d, Jefferson, S.C.a  c  d et al. 2015",
    "et": "SurgeryTreatment",
    "off": 14131,
    "sff": "surgery"
  },
  {
    "docID": "N094 Mondello, S.E.a  c  d, Jefferson, S.C.a  c  d et al. 2015",
    "et": "SurgeryTreatment",
    "off": 13040,
    "sff": "surgery"
  },
  {
    "docID": "N094 Mondello, S.E.a  c  d, Jefferson, S.C.a  c  d et al. 2015",
    "et": "SurgeryTreatment",
    "off": 13168,
    "sff": "surgery"
  },
  {
    "docID": "N094 Mondello, S.E.a  c  d, Jefferson, S.C.a  c  d et al. 2015",
    "et": "SpinalSubduralArea",
    "off": 53594,
    "sff": "spinal"
  },
  {
    "docID": "N094 Mondello, S.E.a  c  d, Jefferson, S.C.a  c  d et al. 2015",
    "et": "SpinalSubduralArea",
    "off": 13181,
    "sff": "spinal"
  },
  {
    "docID": "N094 Mondello, S.E.a  c  d, Jefferson, S.C.a  c  d et al. 2015",
    "et": "SpinalSubduralArea",
    "off": 9649,
    "sff": "spinal"
  },
  {
    "docID": "N094 Mondello, S.E.a  c  d, Jefferson, S.C.a  c  d et al. 2015",
    "et": "SpinalSubduralArea",
    "off": 604,
    "sff": "Spinal"
  },
  {
    "docID": "N094 Mondello, S.E.a  c  d, Jefferson, S.C.a  c  d et al. 2015",
    "et": "SpinalSubduralArea",
    "off": 44401,
    "sff": "spinal"
  },
  {
    "docID": "N094 Mondello, S.E.a  c  d, Jefferson, S.C.a  c  d et al. 2015",
    "et": "SpinalSubduralArea",
    "off": 6607,
    "sff": "spinal"
  },
  {
    "docID": "N094 Mondello, S.E.a  c  d, Jefferson, S.C.a  c  d et al. 2015",
    "et": "SpinalSubduralArea",
    "off": 12495,
    "sff": "spinal"
  },
  {
    "docID": "N094 Mondello, S.E.a  c  d, Jefferson, S.C.a  c  d et al. 2015",
    "et": "SpinalSubduralArea",
    "off": 44495,
    "sff": "spinal"
  },
  {
    "docID": "N094 Mondello, S.E.a  c  d, Jefferson, S.C.a  c  d et al. 2015",
    "et": "SpinalSubduralArea",
    "off": 61519,
    "sff": "spinal"
  },
  {
    "docID": "N094 Mondello, S.E.a  c  d, Jefferson, S.C.a  c  d et al. 2015",
    "et": "SpinalSubduralArea",
    "off": 23847,
    "sff": "spinal"
  },
  {
    "docID": "N094 Mondello, S.E.a  c  d, Jefferson, S.C.a  c  d et al. 2015",
    "et": "SpinalSubduralArea",
    "off": 14062,
    "sff": "spinal"
  },
  {
    "docID": "N094 Mondello, S.E.a  c  d, Jefferson, S.C.a  c  d et al. 2015",
    "et": "SpinalSubduralArea",
    "off": 2828,
    "sff": "spinal"
  },
  {
    "docID": "N094 Mondello, S.E.a  c  d, Jefferson, S.C.a  c  d et al. 2015",
    "et": "SpinalSubduralArea",
    "off": 10271,
    "sff": "spinal"
  },
  {
    "docID": "N094 Mondello, S.E.a  c  d, Jefferson, S.C.a  c  d et al. 2015",
    "et": "SpinalSubduralArea",
    "off": 16767,
    "sff": "spinal"
  },
  {
    "docID": "N094 Mondello, S.E.a  c  d, Jefferson, S.C.a  c  d et al. 2015",
    "et": "SpinalSubduralArea",
    "off": 13408,
    "sff": "spinal"
  },
  {
    "docID": "N094 Mondello, S.E.a  c  d, Jefferson, S.C.a  c  d et al. 2015",
    "et": "SpinalSubduralArea",
    "off": 53510,
    "sff": "spinal"
  },
  {
    "docID": "N094 Mondello, S.E.a  c  d, Jefferson, S.C.a  c  d et al. 2015",
    "et": "SpinalSubduralArea",
    "off": 13734,
    "sff": "spinal"
  },
  {
    "docID": "N094 Mondello, S.E.a  c  d, Jefferson, S.C.a  c  d et al. 2015",
    "et": "Intraspinal",
    "off": 12640,
    "sff": "intraspinal"
  },
  {
    "docID": "N094 Mondello, S.E.a  c  d, Jefferson, S.C.a  c  d et al. 2015",
    "et": "Intraspinal",
    "off": 9410,
    "sff": "intraspinal"
  },
  {
    "docID": "N094 Mondello, S.E.a  c  d, Jefferson, S.C.a  c  d et al. 2015",
    "et": "Intraspinal",
    "off": 2421,
    "sff": "intraspinal"
  },
  {
    "docID": "N094 Mondello, S.E.a  c  d, Jefferson, S.C.a  c  d et al. 2015",
    "et": "Intraspinal",
    "off": 9032,
    "sff": "intraspinal"
  },
  {
    "docID": "N094 Mondello, S.E.a  c  d, Jefferson, S.C.a  c  d et al. 2015",
    "et": "Intraspinal",
    "off": 52331,
    "sff": "intraspinal"
  },
  {
    "docID": "N094 Mondello, S.E.a  c  d, Jefferson, S.C.a  c  d et al. 2015",
    "et": "SpinalFiberTract",
    "off": 604,
    "sff": "Spinal"
  },
  {
    "docID": "N094 Mondello, S.E.a  c  d, Jefferson, S.C.a  c  d et al. 2015",
    "et": "SpinalFiberTract",
    "off": 10271,
    "sff": "spinal"
  },
  {
    "docID": "N094 Mondello, S.E.a  c  d, Jefferson, S.C.a  c  d et al. 2015",
    "et": "SpinalFiberTract",
    "off": 16767,
    "sff": "spinal"
  },
  {
    "docID": "N094 Mondello, S.E.a  c  d, Jefferson, S.C.a  c  d et al. 2015",
    "et": "SpinalFiberTract",
    "off": 13408,
    "sff": "spinal"
  },
  {
    "docID": "N094 Mondello, S.E.a  c  d, Jefferson, S.C.a  c  d et al. 2015",
    "et": "SpinalFiberTract",
    "off": 2828,
    "sff": "spinal"
  },
  {
    "docID": "N094 Mondello, S.E.a  c  d, Jefferson, S.C.a  c  d et al. 2015",
    "et": "SpinalFiberTract",
    "off": 23847,
    "sff": "spinal"
  },
  {
    "docID": "N094 Mondello, S.E.a  c  d, Jefferson, S.C.a  c  d et al. 2015",
    "et": "SpinalFiberTract",
    "off": 13734,
    "sff": "spinal"
  },
  {
    "docID": "N094 Mondello, S.E.a  c  d, Jefferson, S.C.a  c  d et al. 2015",
    "et": "SpinalFiberTract",
    "off": 53510,
    "sff": "spinal"
  },
  {
    "docID": "N094 Mondello, S.E.a  c  d, Jefferson, S.C.a  c  d et al. 2015",
    "et": "SpinalFiberTract",
    "off": 6607,
    "sff": "spinal"
  },
  {
    "docID": "N094 Mondello, S.E.a  c  d, Jefferson, S.C.a  c  d et al. 2015",
    "et": "SpinalFiberTract",
    "off": 12495,
    "sff": "spinal"
  },
  {
    "docID": "N094 Mondello, S.E.a  c  d, Jefferson, S.C.a  c  d et al. 2015",
    "et": "SpinalFiberTract",
    "off": 44495,
    "sff": "spinal"
  },
  {
    "docID": "N094 Mondello, S.E.a  c  d, Jefferson, S.C.a  c  d et al. 2015",
    "et": "SpinalFiberTract",
    "off": 61519,
    "sff": "spinal"
  },
  {
    "docID": "N094 Mondello, S.E.a  c  d, Jefferson, S.C.a  c  d et al. 2015",
    "et": "SpinalFiberTract",
    "off": 14062,
    "sff": "spinal"
  },
  {
    "docID": "N094 Mondello, S.E.a  c  d, Jefferson, S.C.a  c  d et al. 2015",
    "et": "SpinalFiberTract",
    "off": 9649,
    "sff": "spinal"
  },
  {
    "docID": "N094 Mondello, S.E.a  c  d, Jefferson, S.C.a  c  d et al. 2015",
    "et": "SpinalFiberTract",
    "off": 44401,
    "sff": "spinal"
  },
  {
    "docID": "N094 Mondello, S.E.a  c  d, Jefferson, S.C.a  c  d et al. 2015",
    "et": "SpinalFiberTract",
    "off": 53594,
    "sff": "spinal"
  },
  {
    "docID": "N094 Mondello, S.E.a  c  d, Jefferson, S.C.a  c  d et al. 2015",
    "et": "SpinalFiberTract",
    "off": 13181,
    "sff": "spinal"
  },
  {
    "docID": "N094 Mondello, S.E.a  c  d, Jefferson, S.C.a  c  d et al. 2015",
    "et": "DeliveryMethod",
    "off": 3628,
    "sff": "delivery"
  },
  {
    "docID": "N094 Mondello, S.E.a  c  d, Jefferson, S.C.a  c  d et al. 2015",
    "et": "DeliveryMethod",
    "off": 60557,
    "sff": "delivery"
  },
  {
    "docID": "N094 Mondello, S.E.a  c  d, Jefferson, S.C.a  c  d et al. 2015",
    "et": "DeliveryMethod",
    "off": 58353,
    "sff": "delivery"
  },
  {
    "docID": "N094 Mondello, S.E.a  c  d, Jefferson, S.C.a  c  d et al. 2015",
    "et": "DeliveryMethod",
    "off": 9714,
    "sff": "delivery"
  },
  {
    "docID": "N094 Mondello, S.E.a  c  d, Jefferson, S.C.a  c  d et al. 2015",
    "et": "DeliveryMethod",
    "off": 58111,
    "sff": "delivery"
  },
  {
    "docID": "N094 Mondello, S.E.a  c  d, Jefferson, S.C.a  c  d et al. 2015",
    "et": "SpinalVentralHalf",
    "off": 44401,
    "sff": "spinal"
  },
  {
    "docID": "N094 Mondello, S.E.a  c  d, Jefferson, S.C.a  c  d et al. 2015",
    "et": "SpinalVentralHalf",
    "off": 6607,
    "sff": "spinal"
  },
  {
    "docID": "N094 Mondello, S.E.a  c  d, Jefferson, S.C.a  c  d et al. 2015",
    "et": "SpinalVentralHalf",
    "off": 12495,
    "sff": "spinal"
  },
  {
    "docID": "N094 Mondello, S.E.a  c  d, Jefferson, S.C.a  c  d et al. 2015",
    "et": "SpinalVentralHalf",
    "off": 44495,
    "sff": "spinal"
  },
  {
    "docID": "N094 Mondello, S.E.a  c  d, Jefferson, S.C.a  c  d et al. 2015",
    "et": "SpinalVentralHalf",
    "off": 61519,
    "sff": "spinal"
  },
  {
    "docID": "N094 Mondello, S.E.a  c  d, Jefferson, S.C.a  c  d et al. 2015",
    "et": "SpinalVentralHalf",
    "off": 9649,
    "sff": "spinal"
  },
  {
    "docID": "N094 Mondello, S.E.a  c  d, Jefferson, S.C.a  c  d et al. 2015",
    "et": "SpinalVentralHalf",
    "off": 2828,
    "sff": "spinal"
  },
  {
    "docID": "N094 Mondello, S.E.a  c  d, Jefferson, S.C.a  c  d et al. 2015",
    "et": "SpinalVentralHalf",
    "off": 14062,
    "sff": "spinal"
  },
  {
    "docID": "N094 Mondello, S.E.a  c  d, Jefferson, S.C.a  c  d et al. 2015",
    "et": "SpinalVentralHalf",
    "off": 23847,
    "sff": "spinal"
  },
  {
    "docID": "N094 Mondello, S.E.a  c  d, Jefferson, S.C.a  c  d et al. 2015",
    "et": "SpinalVentralHalf",
    "off": 53510,
    "sff": "spinal"
  },
  {
    "docID": "N094 Mondello, S.E.a  c  d, Jefferson, S.C.a  c  d et al. 2015",
    "et": "SpinalVentralHalf",
    "off": 604,
    "sff": "Spinal"
  },
  {
    "docID": "N094 Mondello, S.E.a  c  d, Jefferson, S.C.a  c  d et al. 2015",
    "et": "SpinalVentralHalf",
    "off": 13734,
    "sff": "spinal"
  },
  {
    "docID": "N094 Mondello, S.E.a  c  d, Jefferson, S.C.a  c  d et al. 2015",
    "et": "SpinalVentralHalf",
    "off": 13408,
    "sff": "spinal"
  },
  {
    "docID": "N094 Mondello, S.E.a  c  d, Jefferson, S.C.a  c  d et al. 2015",
    "et": "SpinalVentralHalf",
    "off": 10271,
    "sff": "spinal"
  },
  {
    "docID": "N094 Mondello, S.E.a  c  d, Jefferson, S.C.a  c  d et al. 2015",
    "et": "SpinalVentralHalf",
    "off": 16767,
    "sff": "spinal"
  },
  {
    "docID": "N094 Mondello, S.E.a  c  d, Jefferson, S.C.a  c  d et al. 2015",
    "et": "SpinalVentralHalf",
    "off": 13679,
    "sff": "ventral half"
  },
  {
    "docID": "N094 Mondello, S.E.a  c  d, Jefferson, S.C.a  c  d et al. 2015",
    "et": "SpinalVentralHalf",
    "off": 13679,
    "sff": "ventral"
  },
  {
    "docID": "N094 Mondello, S.E.a  c  d, Jefferson, S.C.a  c  d et al. 2015",
    "et": "SpinalVentralHalf",
    "off": 13181,
    "sff": "spinal"
  },
  {
    "docID": "N094 Mondello, S.E.a  c  d, Jefferson, S.C.a  c  d et al. 2015",
    "et": "SpinalVentralHalf",
    "off": 53594,
    "sff": "spinal"
  },
  {
    "docID": "N094 Mondello, S.E.a  c  d, Jefferson, S.C.a  c  d et al. 2015",
    "et": "Rostral",
    "off": 16933,
    "sff": "rostral"
  },
  {
    "docID": "N094 Mondello, S.E.a  c  d, Jefferson, S.C.a  c  d et al. 2015",
    "et": "DorsalColumn",
    "off": 13302,
    "sff": "dorsal"
  },
  {
    "docID": "N094 Mondello, S.E.a  c  d, Jefferson, S.C.a  c  d et al. 2015",
    "et": "DorsalColumn",
    "off": 25462,
    "sff": "dorsal"
  },
  {
    "docID": "N094 Mondello, S.E.a  c  d, Jefferson, S.C.a  c  d et al. 2015",
    "et": "DorsalColumn",
    "off": 13332,
    "sff": "dorsal"
  },
  {
    "docID": "N094 Mondello, S.E.a  c  d, Jefferson, S.C.a  c  d et al. 2015",
    "et": "DorsalColumn",
    "off": 13715,
    "sff": "dorsal"
  },
  {
    "docID": "N094 Mondello, S.E.a  c  d, Jefferson, S.C.a  c  d et al. 2015",
    "et": "ChondroitinaseABC",
    "off": 25204,
    "sff": "chondroitinase abc"
  },
  {
    "docID": "N094 Mondello, S.E.a  c  d, Jefferson, S.C.a  c  d et al. 2015",
    "et": "ChondroitinaseABC",
    "off": 25113,
    "sff": "chondroitinase abc"
  },
  {
    "docID": "N094 Mondello, S.E.a  c  d, Jefferson, S.C.a  c  d et al. 2015",
    "et": "ChondroitinaseABC",
    "off": 66,
    "sff": "chondroitinase"
  },
  {
    "docID": "N094 Mondello, S.E.a  c  d, Jefferson, S.C.a  c  d et al. 2015",
    "et": "ChondroitinaseABC",
    "off": 11716,
    "sff": "Chondroitinase ABC"
  },
  {
    "docID": "N094 Mondello, S.E.a  c  d, Jefferson, S.C.a  c  d et al. 2015",
    "et": "ChondroitinaseABC",
    "off": 25596,
    "sff": "chondroitinase abc"
  },
  {
    "docID": "N094 Mondello, S.E.a  c  d, Jefferson, S.C.a  c  d et al. 2015",
    "et": "ChondroitinaseABC",
    "off": 1021,
    "sff": "chondroitinase abc"
  },
  {
    "docID": "N094 Mondello, S.E.a  c  d, Jefferson, S.C.a  c  d et al. 2015",
    "et": "ChondroitinaseABC",
    "off": 3263,
    "sff": "chondroitinase abc"
  },
  {
    "docID": "N094 Mondello, S.E.a  c  d, Jefferson, S.C.a  c  d et al. 2015",
    "et": "ChondroitinaseABC",
    "off": 20699,
    "sff": "chondroitinase"
  },
  {
    "docID": "N094 Mondello, S.E.a  c  d, Jefferson, S.C.a  c  d et al. 2015",
    "et": "Left",
    "off": 13403,
    "sff": "left"
  },
  {
    "docID": "N094 Mondello, S.E.a  c  d, Jefferson, S.C.a  c  d et al. 2015",
    "et": "Left",
    "off": 20232,
    "sff": "left"
  },
  {
    "docID": "N094 Mondello, S.E.a  c  d, Jefferson, S.C.a  c  d et al. 2015",
    "et": "Left",
    "off": 10261,
    "sff": "left"
  },
  {
    "docID": "N094 Mondello, S.E.a  c  d, Jefferson, S.C.a  c  d et al. 2015",
    "et": "Left",
    "off": 10756,
    "sff": "left"
  },
  {
    "docID": "N094 Mondello, S.E.a  c  d, Jefferson, S.C.a  c  d et al. 2015",
    "et": "Left",
    "off": 27488,
    "sff": "left"
  },
  {
    "docID": "N094 Mondello, S.E.a  c  d, Jefferson, S.C.a  c  d et al. 2015",
    "et": "Left",
    "off": 10465,
    "sff": "left"
  },
  {
    "docID": "N094 Mondello, S.E.a  c  d, Jefferson, S.C.a  c  d et al. 2015",
    "et": "Tissue",
    "off": 28514,
    "sff": "tissue"
  },
  {
    "docID": "N094 Mondello, S.E.a  c  d, Jefferson, S.C.a  c  d et al. 2015",
    "et": "Tissue",
    "off": 47013,
    "sff": "tissue"
  },
  {
    "docID": "N094 Mondello, S.E.a  c  d, Jefferson, S.C.a  c  d et al. 2015",
    "et": "Tissue",
    "off": 21541,
    "sff": "tissue"
  },
  {
    "docID": "N094 Mondello, S.E.a  c  d, Jefferson, S.C.a  c  d et al. 2015",
    "et": "Tissue",
    "off": 45411,
    "sff": "tissue"
  },
  {
    "docID": "N094 Mondello, S.E.a  c  d, Jefferson, S.C.a  c  d et al. 2015",
    "et": "Tissue",
    "off": 43872,
    "sff": "tissue"
  },
  {
    "docID": "N094 Mondello, S.E.a  c  d, Jefferson, S.C.a  c  d et al. 2015",
    "et": "Tissue",
    "off": 17888,
    "sff": "tissue"
  },
  {
    "docID": "N094 Mondello, S.E.a  c  d, Jefferson, S.C.a  c  d et al. 2015",
    "et": "Tissue",
    "off": 18144,
    "sff": "tissue"
  },
  {
    "docID": "N094 Mondello, S.E.a  c  d, Jefferson, S.C.a  c  d et al. 2015",
    "et": "Tissue",
    "off": 44255,
    "sff": "tissue"
  },
  {
    "docID": "N094 Mondello, S.E.a  c  d, Jefferson, S.C.a  c  d et al. 2015",
    "et": "Tissue",
    "off": 48415,
    "sff": "tissue"
  },
  {
    "docID": "N094 Mondello, S.E.a  c  d, Jefferson, S.C.a  c  d et al. 2015",
    "et": "Tissue",
    "off": 58975,
    "sff": "tissue"
  },
  {
    "docID": "N094 Mondello, S.E.a  c  d, Jefferson, S.C.a  c  d et al. 2015",
    "et": "Tissue",
    "off": 7132,
    "sff": "tissue"
  },
  {
    "docID": "N094 Mondello, S.E.a  c  d, Jefferson, S.C.a  c  d et al. 2015",
    "et": "Tissue",
    "off": 19347,
    "sff": "tissue"
  },
  {
    "docID": "N094 Mondello, S.E.a  c  d, Jefferson, S.C.a  c  d et al. 2015",
    "et": "Tissue",
    "off": 19475,
    "sff": "tissue"
  },
  {
    "docID": "N094 Mondello, S.E.a  c  d, Jefferson, S.C.a  c  d et al. 2015",
    "et": "Tissue",
    "off": 19794,
    "sff": "tissue"
  },
  {
    "docID": "N094 Mondello, S.E.a  c  d, Jefferson, S.C.a  c  d et al. 2015",
    "et": "Tissue",
    "off": 46037,
    "sff": "tissue"
  },
  {
    "docID": "N094 Mondello, S.E.a  c  d, Jefferson, S.C.a  c  d et al. 2015",
    "et": "Tissue",
    "off": 48213,
    "sff": "tissue"
  },
  {
    "docID": "N094 Mondello, S.E.a  c  d, Jefferson, S.C.a  c  d et al. 2015",
    "et": "Tissue",
    "off": 17492,
    "sff": "tissue"
  },
  {
    "docID": "N094 Mondello, S.E.a  c  d, Jefferson, S.C.a  c  d et al. 2015",
    "et": "Tissue",
    "off": 45011,
    "sff": "tissue"
  },
  {
    "docID": "N094 Mondello, S.E.a  c  d, Jefferson, S.C.a  c  d et al. 2015",
    "et": "Tissue",
    "off": 59795,
    "sff": "tissue"
  },
  {
    "docID": "N094 Mondello, S.E.a  c  d, Jefferson, S.C.a  c  d et al. 2015",
    "et": "Tissue",
    "off": 46480,
    "sff": "tissue"
  },
  {
    "docID": "N094 Mondello, S.E.a  c  d, Jefferson, S.C.a  c  d et al. 2015",
    "et": "Tissue",
    "off": 19150,
    "sff": "tissue"
  },
  {
    "docID": "N094 Mondello, S.E.a  c  d, Jefferson, S.C.a  c  d et al. 2015",
    "et": "Tissue",
    "off": 24587,
    "sff": "tissue"
  },
  {
    "docID": "N094 Mondello, S.E.a  c  d, Jefferson, S.C.a  c  d et al. 2015",
    "et": "Tissue",
    "off": 24458,
    "sff": "tissue"
  },
  {
    "docID": "N094 Mondello, S.E.a  c  d, Jefferson, S.C.a  c  d et al. 2015",
    "et": "Tissue",
    "off": 19021,
    "sff": "tissue"
  },
  {
    "docID": "N094 Mondello, S.E.a  c  d, Jefferson, S.C.a  c  d et al. 2015",
    "et": "Tissue",
    "off": 60043,
    "sff": "tissue"
  },
  {
    "docID": "N094 Mondello, S.E.a  c  d, Jefferson, S.C.a  c  d et al. 2015",
    "et": "Tissue",
    "off": 7367,
    "sff": "tissue"
  },
  {
    "docID": "N094 Mondello, S.E.a  c  d, Jefferson, S.C.a  c  d et al. 2015",
    "et": "Tissue",
    "off": 47049,
    "sff": "tissue"
  },
  {
    "docID": "N094 Mondello, S.E.a  c  d, Jefferson, S.C.a  c  d et al. 2015",
    "et": "Tissue",
    "off": 20553,
    "sff": "tissue"
  },
  {
    "docID": "N094 Mondello, S.E.a  c  d, Jefferson, S.C.a  c  d et al. 2015",
    "et": "Tissue",
    "off": 28616,
    "sff": "tissue"
  },
  {
    "docID": "N094 Mondello, S.E.a  c  d, Jefferson, S.C.a  c  d et al. 2015",
    "et": "Tissue",
    "off": 59653,
    "sff": "tissue"
  },
  {
    "docID": "N094 Mondello, S.E.a  c  d, Jefferson, S.C.a  c  d et al. 2015",
    "et": "Tissue",
    "off": 49214,
    "sff": "tissue"
  },
  {
    "docID": "N094 Mondello, S.E.a  c  d, Jefferson, S.C.a  c  d et al. 2015",
    "et": "Tissue",
    "off": 44923,
    "sff": "tissue"
  },
  {
    "docID": "N094 Mondello, S.E.a  c  d, Jefferson, S.C.a  c  d et al. 2015",
    "et": "Tissue",
    "off": 16247,
    "sff": "tissue"
  },
  {
    "docID": "N094 Mondello, S.E.a  c  d, Jefferson, S.C.a  c  d et al. 2015",
    "et": "Tissue",
    "off": 30327,
    "sff": "tissue"
  },
  {
    "docID": "N094 Mondello, S.E.a  c  d, Jefferson, S.C.a  c  d et al. 2015",
    "et": "Tissue",
    "off": 17405,
    "sff": "Tissue"
  },
  {
    "docID": "N094 Mondello, S.E.a  c  d, Jefferson, S.C.a  c  d et al. 2015",
    "et": "Tissue",
    "off": 28462,
    "sff": "tissue"
  },
  {
    "docID": "N094 Mondello, S.E.a  c  d, Jefferson, S.C.a  c  d et al. 2015",
    "et": "Tissue",
    "off": 19633,
    "sff": "tissue"
  },
  {
    "docID": "N094 Mondello, S.E.a  c  d, Jefferson, S.C.a  c  d et al. 2015",
    "et": "Tissue",
    "off": 21483,
    "sff": "tissue"
  },
  {
    "docID": "N094 Mondello, S.E.a  c  d, Jefferson, S.C.a  c  d et al. 2015",
    "et": "Tissue",
    "off": 28331,
    "sff": "tissue"
  },
  {
    "docID": "N094 Mondello, S.E.a  c  d, Jefferson, S.C.a  c  d et al. 2015",
    "et": "Tissue",
    "off": 46186,
    "sff": "tissue"
  },
  {
    "docID": "N094 Mondello, S.E.a  c  d, Jefferson, S.C.a  c  d et al. 2015",
    "et": "CatSpecies",
    "off": 3432,
    "sff": "cat"
  },
  {
    "docID": "N094 Mondello, S.E.a  c  d, Jefferson, S.C.a  c  d et al. 2015",
    "et": "CatSpecies",
    "off": 4872,
    "sff": "cat"
  },
  {
    "docID": "N094 Mondello, S.E.a  c  d, Jefferson, S.C.a  c  d et al. 2015",
    "et": "CatSpecies",
    "off": 61545,
    "sff": "cat"
  },
  {
    "docID": "N094 Mondello, S.E.a  c  d, Jefferson, S.C.a  c  d et al. 2015",
    "et": "CatSpecies",
    "off": 3561,
    "sff": "cat"
  },
  {
    "docID": "N094 Mondello, S.E.a  c  d, Jefferson, S.C.a  c  d et al. 2015",
    "et": "CatSpecies",
    "off": 15401,
    "sff": "cat"
  },
  {
    "docID": "N094 Mondello, S.E.a  c  d, Jefferson, S.C.a  c  d et al. 2015",
    "et": "CatSpecies",
    "off": 22089,
    "sff": "cat"
  },
  {
    "docID": "N094 Mondello, S.E.a  c  d, Jefferson, S.C.a  c  d et al. 2015",
    "et": "CatSpecies",
    "off": 41865,
    "sff": "cat"
  },
  {
    "docID": "N094 Mondello, S.E.a  c  d, Jefferson, S.C.a  c  d et al. 2015",
    "et": "CatSpecies",
    "off": 38668,
    "sff": "cat"
  },
  {
    "docID": "N094 Mondello, S.E.a  c  d, Jefferson, S.C.a  c  d et al. 2015",
    "et": "CatSpecies",
    "off": 4333,
    "sff": "cat"
  },
  {
    "docID": "N094 Mondello, S.E.a  c  d, Jefferson, S.C.a  c  d et al. 2015",
    "et": "CatSpecies",
    "off": 41749,
    "sff": "cat"
  },
  {
    "docID": "N094 Mondello, S.E.a  c  d, Jefferson, S.C.a  c  d et al. 2015",
    "et": "CatSpecies",
    "off": 48953,
    "sff": "cat"
  },
  {
    "docID": "N094 Mondello, S.E.a  c  d, Jefferson, S.C.a  c  d et al. 2015",
    "et": "CatSpecies",
    "off": 38775,
    "sff": "cat"
  },
  {
    "docID": "N094 Mondello, S.E.a  c  d, Jefferson, S.C.a  c  d et al. 2015",
    "et": "CatSpecies",
    "off": 35642,
    "sff": "cat"
  },
  {
    "docID": "N094 Mondello, S.E.a  c  d, Jefferson, S.C.a  c  d et al. 2015",
    "et": "CatSpecies",
    "off": 42148,
    "sff": "cat"
  },
  {
    "docID": "N094 Mondello, S.E.a  c  d, Jefferson, S.C.a  c  d et al. 2015",
    "et": "InjectionDelivery",
    "off": 18338,
    "sff": "injection"
  },
  {
    "docID": "N094 Mondello, S.E.a  c  d, Jefferson, S.C.a  c  d et al. 2015",
    "et": "InjectionDelivery",
    "off": 18292,
    "sff": "injection"
  },
  {
    "docID": "N094 Mondello, S.E.a  c  d, Jefferson, S.C.a  c  d et al. 2015",
    "et": "InjectionDelivery",
    "off": 16517,
    "sff": "injection"
  },
  {
    "docID": "N094 Mondello, S.E.a  c  d, Jefferson, S.C.a  c  d et al. 2015",
    "et": "InjectionDelivery",
    "off": 13848,
    "sff": "injection"
  },
  {
    "docID": "N094 Mondello, S.E.a  c  d, Jefferson, S.C.a  c  d et al. 2015",
    "et": "InjectionDelivery",
    "off": 13263,
    "sff": "injection"
  },
  {
    "docID": "N094 Mondello, S.E.a  c  d, Jefferson, S.C.a  c  d et al. 2015",
    "et": "InjectionDelivery",
    "off": 16913,
    "sff": "injection"
  },
  {
    "docID": "N094 Mondello, S.E.a  c  d, Jefferson, S.C.a  c  d et al. 2015",
    "et": "SpinalLesionSite",
    "off": 13059,
    "sff": "lesion site"
  },
  {
    "docID": "N094 Mondello, S.E.a  c  d, Jefferson, S.C.a  c  d et al. 2015",
    "et": "SpinalLesionSite",
    "off": 9649,
    "sff": "spinal"
  },
  {
    "docID": "N094 Mondello, S.E.a  c  d, Jefferson, S.C.a  c  d et al. 2015",
    "et": "SpinalLesionSite",
    "off": 60275,
    "sff": "lesion"
  },
  {
    "docID": "N094 Mondello, S.E.a  c  d, Jefferson, S.C.a  c  d et al. 2015",
    "et": "SpinalLesionSite",
    "off": 31224,
    "sff": "lesion"
  },
  {
    "docID": "N094 Mondello, S.E.a  c  d, Jefferson, S.C.a  c  d et al. 2015",
    "et": "SpinalLesionSite",
    "off": 1386,
    "sff": "lesion"
  },
  {
    "docID": "N094 Mondello, S.E.a  c  d, Jefferson, S.C.a  c  d et al. 2015",
    "et": "SpinalLesionSite",
    "off": 9450,
    "sff": "lesion"
  },
  {
    "docID": "N094 Mondello, S.E.a  c  d, Jefferson, S.C.a  c  d et al. 2015",
    "et": "SpinalLesionSite",
    "off": 7533,
    "sff": "lesion"
  },
  {
    "docID": "N094 Mondello, S.E.a  c  d, Jefferson, S.C.a  c  d et al. 2015",
    "et": "SpinalLesionSite",
    "off": 53866,
    "sff": "lesion"
  },
  {
    "docID": "N094 Mondello, S.E.a  c  d, Jefferson, S.C.a  c  d et al. 2015",
    "et": "SpinalLesionSite",
    "off": 28654,
    "sff": "lesion"
  },
  {
    "docID": "N094 Mondello, S.E.a  c  d, Jefferson, S.C.a  c  d et al. 2015",
    "et": "SpinalLesionSite",
    "off": 23921,
    "sff": "lesion"
  },
  {
    "docID": "N094 Mondello, S.E.a  c  d, Jefferson, S.C.a  c  d et al. 2015",
    "et": "SpinalLesionSite",
    "off": 20592,
    "sff": "lesion"
  },
  {
    "docID": "N094 Mondello, S.E.a  c  d, Jefferson, S.C.a  c  d et al. 2015",
    "et": "SpinalLesionSite",
    "off": 49508,
    "sff": "lesion"
  },
  {
    "docID": "N094 Mondello, S.E.a  c  d, Jefferson, S.C.a  c  d et al. 2015",
    "et": "SpinalLesionSite",
    "off": 604,
    "sff": "Spinal"
  },
  {
    "docID": "N094 Mondello, S.E.a  c  d, Jefferson, S.C.a  c  d et al. 2015",
    "et": "SpinalLesionSite",
    "off": 10271,
    "sff": "spinal"
  },
  {
    "docID": "N094 Mondello, S.E.a  c  d, Jefferson, S.C.a  c  d et al. 2015",
    "et": "SpinalLesionSite",
    "off": 21095,
    "sff": "lesion"
  },
  {
    "docID": "N094 Mondello, S.E.a  c  d, Jefferson, S.C.a  c  d et al. 2015",
    "et": "SpinalLesionSite",
    "off": 53737,
    "sff": "lesion"
  },
  {
    "docID": "N094 Mondello, S.E.a  c  d, Jefferson, S.C.a  c  d et al. 2015",
    "et": "SpinalLesionSite",
    "off": 23847,
    "sff": "spinal"
  },
  {
    "docID": "N094 Mondello, S.E.a  c  d, Jefferson, S.C.a  c  d et al. 2015",
    "et": "SpinalLesionSite",
    "off": 5084,
    "sff": "lesion"
  },
  {
    "docID": "N094 Mondello, S.E.a  c  d, Jefferson, S.C.a  c  d et al. 2015",
    "et": "SpinalLesionSite",
    "off": 24415,
    "sff": "lesion"
  },
  {
    "docID": "N094 Mondello, S.E.a  c  d, Jefferson, S.C.a  c  d et al. 2015",
    "et": "SpinalLesionSite",
    "off": 13734,
    "sff": "spinal"
  },
  {
    "docID": "N094 Mondello, S.E.a  c  d, Jefferson, S.C.a  c  d et al. 2015",
    "et": "SpinalLesionSite",
    "off": 31908,
    "sff": "Lesion"
  },
  {
    "docID": "N094 Mondello, S.E.a  c  d, Jefferson, S.C.a  c  d et al. 2015",
    "et": "SpinalLesionSite",
    "off": 32225,
    "sff": "lesion"
  },
  {
    "docID": "N094 Mondello, S.E.a  c  d, Jefferson, S.C.a  c  d et al. 2015",
    "et": "SpinalLesionSite",
    "off": 61151,
    "sff": "lesion"
  },
  {
    "docID": "N094 Mondello, S.E.a  c  d, Jefferson, S.C.a  c  d et al. 2015",
    "et": "SpinalLesionSite",
    "off": 6607,
    "sff": "spinal"
  },
  {
    "docID": "N094 Mondello, S.E.a  c  d, Jefferson, S.C.a  c  d et al. 2015",
    "et": "SpinalLesionSite",
    "off": 12495,
    "sff": "spinal"
  },
  {
    "docID": "N094 Mondello, S.E.a  c  d, Jefferson, S.C.a  c  d et al. 2015",
    "et": "SpinalLesionSite",
    "off": 44495,
    "sff": "spinal"
  },
  {
    "docID": "N094 Mondello, S.E.a  c  d, Jefferson, S.C.a  c  d et al. 2015",
    "et": "SpinalLesionSite",
    "off": 61519,
    "sff": "spinal"
  },
  {
    "docID": "N094 Mondello, S.E.a  c  d, Jefferson, S.C.a  c  d et al. 2015",
    "et": "SpinalLesionSite",
    "off": 21012,
    "sff": "lesion"
  },
  {
    "docID": "N094 Mondello, S.E.a  c  d, Jefferson, S.C.a  c  d et al. 2015",
    "et": "SpinalLesionSite",
    "off": 58905,
    "sff": "lesion"
  },
  {
    "docID": "N094 Mondello, S.E.a  c  d, Jefferson, S.C.a  c  d et al. 2015",
    "et": "SpinalLesionSite",
    "off": 2570,
    "sff": "lesion"
  },
  {
    "docID": "N094 Mondello, S.E.a  c  d, Jefferson, S.C.a  c  d et al. 2015",
    "et": "SpinalLesionSite",
    "off": 53594,
    "sff": "spinal"
  },
  {
    "docID": "N094 Mondello, S.E.a  c  d, Jefferson, S.C.a  c  d et al. 2015",
    "et": "SpinalLesionSite",
    "off": 43918,
    "sff": "lesion"
  },
  {
    "docID": "N094 Mondello, S.E.a  c  d, Jefferson, S.C.a  c  d et al. 2015",
    "et": "SpinalLesionSite",
    "off": 9450,
    "sff": "lesion site"
  },
  {
    "docID": "N094 Mondello, S.E.a  c  d, Jefferson, S.C.a  c  d et al. 2015",
    "et": "SpinalLesionSite",
    "off": 13059,
    "sff": "lesion"
  },
  {
    "docID": "N094 Mondello, S.E.a  c  d, Jefferson, S.C.a  c  d et al. 2015",
    "et": "SpinalLesionSite",
    "off": 51205,
    "sff": "lesion"
  },
  {
    "docID": "N094 Mondello, S.E.a  c  d, Jefferson, S.C.a  c  d et al. 2015",
    "et": "SpinalLesionSite",
    "off": 61576,
    "sff": "lesion"
  },
  {
    "docID": "N094 Mondello, S.E.a  c  d, Jefferson, S.C.a  c  d et al. 2015",
    "et": "SpinalLesionSite",
    "off": 16905,
    "sff": "lesion"
  },
  {
    "docID": "N094 Mondello, S.E.a  c  d, Jefferson, S.C.a  c  d et al. 2015",
    "et": "SpinalLesionSite",
    "off": 48902,
    "sff": "lesion"
  },
  {
    "docID": "N094 Mondello, S.E.a  c  d, Jefferson, S.C.a  c  d et al. 2015",
    "et": "SpinalLesionSite",
    "off": 24573,
    "sff": "lesion"
  },
  {
    "docID": "N094 Mondello, S.E.a  c  d, Jefferson, S.C.a  c  d et al. 2015",
    "et": "SpinalLesionSite",
    "off": 29567,
    "sff": "lesion"
  },
  {
    "docID": "N094 Mondello, S.E.a  c  d, Jefferson, S.C.a  c  d et al. 2015",
    "et": "SpinalLesionSite",
    "off": 48769,
    "sff": "lesion"
  },
  {
    "docID": "N094 Mondello, S.E.a  c  d, Jefferson, S.C.a  c  d et al. 2015",
    "et": "SpinalLesionSite",
    "off": 44401,
    "sff": "spinal"
  },
  {
    "docID": "N094 Mondello, S.E.a  c  d, Jefferson, S.C.a  c  d et al. 2015",
    "et": "SpinalLesionSite",
    "off": 24118,
    "sff": "lesion"
  },
  {
    "docID": "N094 Mondello, S.E.a  c  d, Jefferson, S.C.a  c  d et al. 2015",
    "et": "SpinalLesionSite",
    "off": 14062,
    "sff": "spinal"
  },
  {
    "docID": "N094 Mondello, S.E.a  c  d, Jefferson, S.C.a  c  d et al. 2015",
    "et": "SpinalLesionSite",
    "off": 23993,
    "sff": "lesion"
  },
  {
    "docID": "N094 Mondello, S.E.a  c  d, Jefferson, S.C.a  c  d et al. 2015",
    "et": "SpinalLesionSite",
    "off": 59446,
    "sff": "lesion"
  },
  {
    "docID": "N094 Mondello, S.E.a  c  d, Jefferson, S.C.a  c  d et al. 2015",
    "et": "SpinalLesionSite",
    "off": 6722,
    "sff": "lesion site"
  },
  {
    "docID": "N094 Mondello, S.E.a  c  d, Jefferson, S.C.a  c  d et al. 2015",
    "et": "SpinalLesionSite",
    "off": 44087,
    "sff": "lesion"
  },
  {
    "docID": "N094 Mondello, S.E.a  c  d, Jefferson, S.C.a  c  d et al. 2015",
    "et": "SpinalLesionSite",
    "off": 2990,
    "sff": "lesion"
  },
  {
    "docID": "N094 Mondello, S.E.a  c  d, Jefferson, S.C.a  c  d et al. 2015",
    "et": "SpinalLesionSite",
    "off": 10670,
    "sff": "lesion"
  },
  {
    "docID": "N094 Mondello, S.E.a  c  d, Jefferson, S.C.a  c  d et al. 2015",
    "et": "SpinalLesionSite",
    "off": 33456,
    "sff": "lesion"
  },
  {
    "docID": "N094 Mondello, S.E.a  c  d, Jefferson, S.C.a  c  d et al. 2015",
    "et": "SpinalLesionSite",
    "off": 13408,
    "sff": "spinal"
  },
  {
    "docID": "N094 Mondello, S.E.a  c  d, Jefferson, S.C.a  c  d et al. 2015",
    "et": "SpinalLesionSite",
    "off": 34,
    "sff": "lesion"
  },
  {
    "docID": "N094 Mondello, S.E.a  c  d, Jefferson, S.C.a  c  d et al. 2015",
    "et": "SpinalLesionSite",
    "off": 51363,
    "sff": "lesion"
  },
  {
    "docID": "N094 Mondello, S.E.a  c  d, Jefferson, S.C.a  c  d et al. 2015",
    "et": "SpinalLesionSite",
    "off": 10792,
    "sff": "lesion"
  },
  {
    "docID": "N094 Mondello, S.E.a  c  d, Jefferson, S.C.a  c  d et al. 2015",
    "et": "SpinalLesionSite",
    "off": 17181,
    "sff": "lesion"
  },
  {
    "docID": "N094 Mondello, S.E.a  c  d, Jefferson, S.C.a  c  d et al. 2015",
    "et": "SpinalLesionSite",
    "off": 32488,
    "sff": "Lesion"
  },
  {
    "docID": "N094 Mondello, S.E.a  c  d, Jefferson, S.C.a  c  d et al. 2015",
    "et": "SpinalLesionSite",
    "off": 20636,
    "sff": "lesion"
  },
  {
    "docID": "N094 Mondello, S.E.a  c  d, Jefferson, S.C.a  c  d et al. 2015",
    "et": "SpinalLesionSite",
    "off": 1569,
    "sff": "lesion"
  },
  {
    "docID": "N094 Mondello, S.E.a  c  d, Jefferson, S.C.a  c  d et al. 2015",
    "et": "SpinalLesionSite",
    "off": 12705,
    "sff": "lesion"
  },
  {
    "docID": "N094 Mondello, S.E.a  c  d, Jefferson, S.C.a  c  d et al. 2015",
    "et": "SpinalLesionSite",
    "off": 5459,
    "sff": "lesion"
  },
  {
    "docID": "N094 Mondello, S.E.a  c  d, Jefferson, S.C.a  c  d et al. 2015",
    "et": "SpinalLesionSite",
    "off": 21845,
    "sff": "lesion"
  },
  {
    "docID": "N094 Mondello, S.E.a  c  d, Jefferson, S.C.a  c  d et al. 2015",
    "et": "SpinalLesionSite",
    "off": 45906,
    "sff": "lesion"
  },
  {
    "docID": "N094 Mondello, S.E.a  c  d, Jefferson, S.C.a  c  d et al. 2015",
    "et": "SpinalLesionSite",
    "off": 2828,
    "sff": "spinal"
  },
  {
    "docID": "N094 Mondello, S.E.a  c  d, Jefferson, S.C.a  c  d et al. 2015",
    "et": "SpinalLesionSite",
    "off": 30422,
    "sff": "lesion"
  },
  {
    "docID": "N094 Mondello, S.E.a  c  d, Jefferson, S.C.a  c  d et al. 2015",
    "et": "SpinalLesionSite",
    "off": 12705,
    "sff": "lesion site"
  },
  {
    "docID": "N094 Mondello, S.E.a  c  d, Jefferson, S.C.a  c  d et al. 2015",
    "et": "SpinalLesionSite",
    "off": 2990,
    "sff": "lesion site"
  },
  {
    "docID": "N094 Mondello, S.E.a  c  d, Jefferson, S.C.a  c  d et al. 2015",
    "et": "SpinalLesionSite",
    "off": 10670,
    "sff": "lesion site"
  },
  {
    "docID": "N094 Mondello, S.E.a  c  d, Jefferson, S.C.a  c  d et al. 2015",
    "et": "SpinalLesionSite",
    "off": 29132,
    "sff": "lesion"
  },
  {
    "docID": "N094 Mondello, S.E.a  c  d, Jefferson, S.C.a  c  d et al. 2015",
    "et": "SpinalLesionSite",
    "off": 51536,
    "sff": "lesion"
  },
  {
    "docID": "N094 Mondello, S.E.a  c  d, Jefferson, S.C.a  c  d et al. 2015",
    "et": "SpinalLesionSite",
    "off": 10792,
    "sff": "lesion site"
  },
  {
    "docID": "N094 Mondello, S.E.a  c  d, Jefferson, S.C.a  c  d et al. 2015",
    "et": "SpinalLesionSite",
    "off": 28881,
    "sff": "lesion"
  },
  {
    "docID": "N094 Mondello, S.E.a  c  d, Jefferson, S.C.a  c  d et al. 2015",
    "et": "SpinalLesionSite",
    "off": 2128,
    "sff": "lesion"
  },
  {
    "docID": "N094 Mondello, S.E.a  c  d, Jefferson, S.C.a  c  d et al. 2015",
    "et": "SpinalLesionSite",
    "off": 6722,
    "sff": "lesion"
  },
  {
    "docID": "N094 Mondello, S.E.a  c  d, Jefferson, S.C.a  c  d et al. 2015",
    "et": "SpinalLesionSite",
    "off": 16767,
    "sff": "spinal"
  },
  {
    "docID": "N094 Mondello, S.E.a  c  d, Jefferson, S.C.a  c  d et al. 2015",
    "et": "SpinalLesionSite",
    "off": 28352,
    "sff": "Lesion"
  },
  {
    "docID": "N094 Mondello, S.E.a  c  d, Jefferson, S.C.a  c  d et al. 2015",
    "et": "SpinalLesionSite",
    "off": 28741,
    "sff": "lesion"
  },
  {
    "docID": "N094 Mondello, S.E.a  c  d, Jefferson, S.C.a  c  d et al. 2015",
    "et": "SpinalLesionSite",
    "off": 7494,
    "sff": "lesion"
  },
  {
    "docID": "N094 Mondello, S.E.a  c  d, Jefferson, S.C.a  c  d et al. 2015",
    "et": "SpinalLesionSite",
    "off": 5193,
    "sff": "lesion"
  },
  {
    "docID": "N094 Mondello, S.E.a  c  d, Jefferson, S.C.a  c  d et al. 2015",
    "et": "SpinalLesionSite",
    "off": 35145,
    "sff": "lesion"
  },
  {
    "docID": "N094 Mondello, S.E.a  c  d, Jefferson, S.C.a  c  d et al. 2015",
    "et": "SpinalLesionSite",
    "off": 13181,
    "sff": "spinal"
  },
  {
    "docID": "N094 Mondello, S.E.a  c  d, Jefferson, S.C.a  c  d et al. 2015",
    "et": "SpinalLesionSite",
    "off": 54215,
    "sff": "lesion"
  },
  {
    "docID": "N094 Mondello, S.E.a  c  d, Jefferson, S.C.a  c  d et al. 2015",
    "et": "SpinalLesionSite",
    "off": 20797,
    "sff": "lesion"
  },
  {
    "docID": "N094 Mondello, S.E.a  c  d, Jefferson, S.C.a  c  d et al. 2015",
    "et": "SpinalLesionSite",
    "off": 23103,
    "sff": "lesion"
  },
  {
    "docID": "N094 Mondello, S.E.a  c  d, Jefferson, S.C.a  c  d et al. 2015",
    "et": "SpinalLesionSite",
    "off": 53510,
    "sff": "spinal"
  },
  {
    "docID": "N094 Mondello, S.E.a  c  d, Jefferson, S.C.a  c  d et al. 2015",
    "et": "RubrospinalTract",
    "off": 1515,
    "sff": "rubrospinal tract"
  },
  {
    "docID": "N094 Mondello, S.E.a  c  d, Jefferson, S.C.a  c  d et al. 2015",
    "et": "RubrospinalTract",
    "off": 51122,
    "sff": "Rubrospinal tract"
  },
  {
    "docID": "N094 Mondello, S.E.a  c  d, Jefferson, S.C.a  c  d et al. 2015",
    "et": "RubrospinalTract",
    "off": 4647,
    "sff": "rubrospinal tract"
  },
  {
    "docID": "N094 Mondello, S.E.a  c  d, Jefferson, S.C.a  c  d et al. 2015",
    "et": "AnimalSpecies",
    "off": 31047,
    "sff": "animal"
  },
  {
    "docID": "N094 Mondello, S.E.a  c  d, Jefferson, S.C.a  c  d et al. 2015",
    "et": "AnimalSpecies",
    "off": 29380,
    "sff": "animal"
  },
  {
    "docID": "N094 Mondello, S.E.a  c  d, Jefferson, S.C.a  c  d et al. 2015",
    "et": "AnimalSpecies",
    "off": 25632,
    "sff": "animal"
  },
  {
    "docID": "N094 Mondello, S.E.a  c  d, Jefferson, S.C.a  c  d et al. 2015",
    "et": "AnimalSpecies",
    "off": 46272,
    "sff": "animal"
  },
  {
    "docID": "N094 Mondello, S.E.a  c  d, Jefferson, S.C.a  c  d et al. 2015",
    "et": "AnimalSpecies",
    "off": 5691,
    "sff": "Animal"
  },
  {
    "docID": "N094 Mondello, S.E.a  c  d, Jefferson, S.C.a  c  d et al. 2015",
    "et": "AnimalSpecies",
    "off": 24065,
    "sff": "animal"
  },
  {
    "docID": "N094 Mondello, S.E.a  c  d, Jefferson, S.C.a  c  d et al. 2015",
    "et": "AnimalSpecies",
    "off": 24321,
    "sff": "animal"
  },
  {
    "docID": "N094 Mondello, S.E.a  c  d, Jefferson, S.C.a  c  d et al. 2015",
    "et": "AnimalSpecies",
    "off": 38943,
    "sff": "animal"
  },
  {
    "docID": "N094 Mondello, S.E.a  c  d, Jefferson, S.C.a  c  d et al. 2015",
    "et": "AnimalSpecies",
    "off": 18587,
    "sff": "animal"
  },
  {
    "docID": "N094 Mondello, S.E.a  c  d, Jefferson, S.C.a  c  d et al. 2015",
    "et": "AnimalSpecies",
    "off": 5498,
    "sff": "animal"
  },
  {
    "docID": "N094 Mondello, S.E.a  c  d, Jefferson, S.C.a  c  d et al. 2015",
    "et": "AnimalSpecies",
    "off": 26138,
    "sff": "animal"
  },
  {
    "docID": "N094 Mondello, S.E.a  c  d, Jefferson, S.C.a  c  d et al. 2015",
    "et": "AnimalSpecies",
    "off": 44634,
    "sff": "animal"
  },
  {
    "docID": "N094 Mondello, S.E.a  c  d, Jefferson, S.C.a  c  d et al. 2015",
    "et": "Ice",
    "off": 12945,
    "sff": "ice"
  },
  {
    "docID": "N094 Mondello, S.E.a  c  d, Jefferson, S.C.a  c  d et al. 2015",
    "et": "Saline",
    "off": 17059,
    "sff": "saline"
  },
  {
    "docID": "N094 Mondello, S.E.a  c  d, Jefferson, S.C.a  c  d et al. 2015",
    "et": "Saline",
    "off": 11983,
    "sff": "saline"
  },
  {
    "docID": "N094 Mondello, S.E.a  c  d, Jefferson, S.C.a  c  d et al. 2015",
    "et": "Saline",
    "off": 16687,
    "sff": "saline"
  },
  {
    "docID": "N094 Mondello, S.E.a  c  d, Jefferson, S.C.a  c  d et al. 2015",
    "et": "Saline",
    "off": 10995,
    "sff": "saline"
  },
  {
    "docID": "N094 Mondello, S.E.a  c  d, Jefferson, S.C.a  c  d et al. 2015",
    "et": "Saline",
    "off": 17085,
    "sff": "saline"
  },
  {
    "docID": "N094 Mondello, S.E.a  c  d, Jefferson, S.C.a  c  d et al. 2015",
    "et": "ModificationTreatment",
    "off": 49964,
    "sff": "modification"
  },
  {
    "docID": "N094 Mondello, S.E.a  c  d, Jefferson, S.C.a  c  d et al. 2015",
    "et": "TreadmillTraining",
    "off": 8770,
    "sff": "treadmill"
  },
  {
    "docID": "N094 Mondello, S.E.a  c  d, Jefferson, S.C.a  c  d et al. 2015",
    "et": "TreadmillTraining",
    "off": 14486,
    "sff": "treadmill"
  },
  {
    "docID": "N094 Mondello, S.E.a  c  d, Jefferson, S.C.a  c  d et al. 2015",
    "et": "TreadmillTraining",
    "off": 14286,
    "sff": "treadmill"
  },
  {
    "docID": "N094 Mondello, S.E.a  c  d, Jefferson, S.C.a  c  d et al. 2015",
    "et": "Right",
    "off": 26077,
    "sff": "right"
  },
  {
    "docID": "N094 Mondello, S.E.a  c  d, Jefferson, S.C.a  c  d et al. 2015",
    "et": "Right",
    "off": 20290,
    "sff": "right"
  },
  {
    "docID": "N094 Mondello, S.E.a  c  d, Jefferson, S.C.a  c  d et al. 2015",
    "et": "Right",
    "off": 13393,
    "sff": "right"
  },
  {
    "docID": "N094 Mondello, S.E.a  c  d, Jefferson, S.C.a  c  d et al. 2015",
    "et": "Vehicle",
    "off": 21288,
    "sff": "vehicle"
  },
  {
    "docID": "N094 Mondello, S.E.a  c  d, Jefferson, S.C.a  c  d et al. 2015",
    "et": "Vehicle",
    "off": 6391,
    "sff": "vehicle"
  },
  {
    "docID": "N094 Mondello, S.E.a  c  d, Jefferson, S.C.a  c  d et al. 2015",
    "et": "Vehicle",
    "off": 11956,
    "sff": "vehicle"
  },
  {
    "docID": "N094 Mondello, S.E.a  c  d, Jefferson, S.C.a  c  d et al. 2015",
    "et": "Vehicle",
    "off": 10978,
    "sff": "vehicle"
  },
  {
    "docID": "N094 Mondello, S.E.a  c  d, Jefferson, S.C.a  c  d et al. 2015",
    "et": "Vehicle",
    "off": 21234,
    "sff": "vehicle"
  },
  {
    "docID": "N094 Mondello, S.E.a  c  d, Jefferson, S.C.a  c  d et al. 2015",
    "et": "Vehicle",
    "off": 11968,
    "sff": "vehicle"
  },
  {
    "docID": "N094 Mondello, S.E.a  c  d, Jefferson, S.C.a  c  d et al. 2015",
    "et": "Vehicle",
    "off": 7201,
    "sff": "vehicle"
  },
  {
    "docID": "N094 Mondello, S.E.a  c  d, Jefferson, S.C.a  c  d et al. 2015",
    "et": "Vehicle",
    "off": 10927,
    "sff": "vehicle"
  },
  {
    "docID": "N094 Mondello, S.E.a  c  d, Jefferson, S.C.a  c  d et al. 2015",
    "et": "TemperatureTreatment",
    "off": 10072,
    "sff": "temperature"
  },
  {
    "docID": "N094 Mondello, S.E.a  c  d, Jefferson, S.C.a  c  d et al. 2015",
    "et": "TemperatureTreatment",
    "off": 19119,
    "sff": "temperature"
  },
  {
    "docID": "N094 Mondello, S.E.a  c  d, Jefferson, S.C.a  c  d et al. 2015",
    "et": "PBS",
    "off": 19618,
    "sff": "PBS"
  },
  {
    "docID": "N094 Mondello, S.E.a  c  d, Jefferson, S.C.a  c  d et al. 2015",
    "et": "PBS",
    "off": 18900,
    "sff": "PBS"
  },
  {
    "docID": "N094 Mondello, S.E.a  c  d, Jefferson, S.C.a  c  d et al. 2015",
    "et": "PBS",
    "off": 18970,
    "sff": "PBS"
  },
  {
    "docID": "N094 Mondello, S.E.a  c  d, Jefferson, S.C.a  c  d et al. 2015",
    "et": "PBS",
    "off": 19498,
    "sff": "PBS"
  },
  {
    "docID": "N094 Mondello, S.E.a  c  d, Jefferson, S.C.a  c  d et al. 2015",
    "et": "PBS",
    "off": 17067,
    "sff": "PBS"
  },
  {
    "docID": "N094 Mondello, S.E.a  c  d, Jefferson, S.C.a  c  d et al. 2015",
    "et": "SpinalCord",
    "off": 12495,
    "sff": "spinal"
  },
  {
    "docID": "N094 Mondello, S.E.a  c  d, Jefferson, S.C.a  c  d et al. 2015",
    "et": "SpinalCord",
    "off": 13734,
    "sff": "spinal cord"
  },
  {
    "docID": "N094 Mondello, S.E.a  c  d, Jefferson, S.C.a  c  d et al. 2015",
    "et": "SpinalCord",
    "off": 14062,
    "sff": "spinal"
  },
  {
    "docID": "N094 Mondello, S.E.a  c  d, Jefferson, S.C.a  c  d et al. 2015",
    "et": "SpinalCord",
    "off": 9649,
    "sff": "spinal"
  },
  {
    "docID": "N094 Mondello, S.E.a  c  d, Jefferson, S.C.a  c  d et al. 2015",
    "et": "SpinalCord",
    "off": 44495,
    "sff": "spinal cord"
  },
  {
    "docID": "N094 Mondello, S.E.a  c  d, Jefferson, S.C.a  c  d et al. 2015",
    "et": "SpinalCord",
    "off": 61519,
    "sff": "spinal"
  },
  {
    "docID": "N094 Mondello, S.E.a  c  d, Jefferson, S.C.a  c  d et al. 2015",
    "et": "SpinalCord",
    "off": 6607,
    "sff": "spinal cord"
  },
  {
    "docID": "N094 Mondello, S.E.a  c  d, Jefferson, S.C.a  c  d et al. 2015",
    "et": "SpinalCord",
    "off": 23847,
    "sff": "spinal"
  },
  {
    "docID": "N094 Mondello, S.E.a  c  d, Jefferson, S.C.a  c  d et al. 2015",
    "et": "SpinalCord",
    "off": 2828,
    "sff": "spinal cord"
  },
  {
    "docID": "N094 Mondello, S.E.a  c  d, Jefferson, S.C.a  c  d et al. 2015",
    "et": "SpinalCord",
    "off": 53510,
    "sff": "spinal cord"
  },
  {
    "docID": "N094 Mondello, S.E.a  c  d, Jefferson, S.C.a  c  d et al. 2015",
    "et": "SpinalCord",
    "off": 10271,
    "sff": "spinal"
  },
  {
    "docID": "N094 Mondello, S.E.a  c  d, Jefferson, S.C.a  c  d et al. 2015",
    "et": "SpinalCord",
    "off": 604,
    "sff": "Spinal Cord"
  },
  {
    "docID": "N094 Mondello, S.E.a  c  d, Jefferson, S.C.a  c  d et al. 2015",
    "et": "SpinalCord",
    "off": 13408,
    "sff": "spinal"
  },
  {
    "docID": "N094 Mondello, S.E.a  c  d, Jefferson, S.C.a  c  d et al. 2015",
    "et": "SpinalCord",
    "off": 16767,
    "sff": "spinal cord"
  },
  {
    "docID": "N094 Mondello, S.E.a  c  d, Jefferson, S.C.a  c  d et al. 2015",
    "et": "SpinalCord",
    "off": 44401,
    "sff": "spinal cord"
  },
  {
    "docID": "N094 Mondello, S.E.a  c  d, Jefferson, S.C.a  c  d et al. 2015",
    "et": "SpinalCord",
    "off": 13181,
    "sff": "spinal cord"
  },
  {
    "docID": "N094 Mondello, S.E.a  c  d, Jefferson, S.C.a  c  d et al. 2015",
    "et": "SpinalCord",
    "off": 53594,
    "sff": "spinal"
  },
  {
    "docID": "N094 Mondello, S.E.a  c  d, Jefferson, S.C.a  c  d et al. 2015",
    "et": "LesionAdjacentTissue",
    "off": 35145,
    "sff": "lesion"
  },
  {
    "docID": "N094 Mondello, S.E.a  c  d, Jefferson, S.C.a  c  d et al. 2015",
    "et": "LesionAdjacentTissue",
    "off": 7494,
    "sff": "lesion"
  },
  {
    "docID": "N094 Mondello, S.E.a  c  d, Jefferson, S.C.a  c  d et al. 2015",
    "et": "LesionAdjacentTissue",
    "off": 29132,
    "sff": "lesion"
  },
  {
    "docID": "N094 Mondello, S.E.a  c  d, Jefferson, S.C.a  c  d et al. 2015",
    "et": "LesionAdjacentTissue",
    "off": 28741,
    "sff": "lesion"
  },
  {
    "docID": "N094 Mondello, S.E.a  c  d, Jefferson, S.C.a  c  d et al. 2015",
    "et": "LesionAdjacentTissue",
    "off": 54215,
    "sff": "lesion"
  },
  {
    "docID": "N094 Mondello, S.E.a  c  d, Jefferson, S.C.a  c  d et al. 2015",
    "et": "LesionAdjacentTissue",
    "off": 5193,
    "sff": "lesion"
  },
  {
    "docID": "N094 Mondello, S.E.a  c  d, Jefferson, S.C.a  c  d et al. 2015",
    "et": "LesionAdjacentTissue",
    "off": 20797,
    "sff": "lesion"
  },
  {
    "docID": "N094 Mondello, S.E.a  c  d, Jefferson, S.C.a  c  d et al. 2015",
    "et": "LesionAdjacentTissue",
    "off": 6722,
    "sff": "lesion"
  },
  {
    "docID": "N094 Mondello, S.E.a  c  d, Jefferson, S.C.a  c  d et al. 2015",
    "et": "LesionAdjacentTissue",
    "off": 23103,
    "sff": "lesion"
  },
  {
    "docID": "N094 Mondello, S.E.a  c  d, Jefferson, S.C.a  c  d et al. 2015",
    "et": "LesionAdjacentTissue",
    "off": 23993,
    "sff": "lesion"
  },
  {
    "docID": "N094 Mondello, S.E.a  c  d, Jefferson, S.C.a  c  d et al. 2015",
    "et": "LesionAdjacentTissue",
    "off": 24118,
    "sff": "lesion"
  },
  {
    "docID": "N094 Mondello, S.E.a  c  d, Jefferson, S.C.a  c  d et al. 2015",
    "et": "LesionAdjacentTissue",
    "off": 59446,
    "sff": "lesion"
  },
  {
    "docID": "N094 Mondello, S.E.a  c  d, Jefferson, S.C.a  c  d et al. 2015",
    "et": "LesionAdjacentTissue",
    "off": 44087,
    "sff": "lesion"
  },
  {
    "docID": "N094 Mondello, S.E.a  c  d, Jefferson, S.C.a  c  d et al. 2015",
    "et": "LesionAdjacentTissue",
    "off": 2990,
    "sff": "lesion"
  },
  {
    "docID": "N094 Mondello, S.E.a  c  d, Jefferson, S.C.a  c  d et al. 2015",
    "et": "LesionAdjacentTissue",
    "off": 10670,
    "sff": "lesion"
  },
  {
    "docID": "N094 Mondello, S.E.a  c  d, Jefferson, S.C.a  c  d et al. 2015",
    "et": "LesionAdjacentTissue",
    "off": 33456,
    "sff": "lesion"
  },
  {
    "docID": "N094 Mondello, S.E.a  c  d, Jefferson, S.C.a  c  d et al. 2015",
    "et": "LesionAdjacentTissue",
    "off": 53737,
    "sff": "lesion"
  },
  {
    "docID": "N094 Mondello, S.E.a  c  d, Jefferson, S.C.a  c  d et al. 2015",
    "et": "LesionAdjacentTissue",
    "off": 53866,
    "sff": "lesion"
  },
  {
    "docID": "N094 Mondello, S.E.a  c  d, Jefferson, S.C.a  c  d et al. 2015",
    "et": "LesionAdjacentTissue",
    "off": 1386,
    "sff": "lesion"
  },
  {
    "docID": "N094 Mondello, S.E.a  c  d, Jefferson, S.C.a  c  d et al. 2015",
    "et": "LesionAdjacentTissue",
    "off": 9450,
    "sff": "lesion"
  },
  {
    "docID": "N094 Mondello, S.E.a  c  d, Jefferson, S.C.a  c  d et al. 2015",
    "et": "LesionAdjacentTissue",
    "off": 21095,
    "sff": "lesion"
  },
  {
    "docID": "N094 Mondello, S.E.a  c  d, Jefferson, S.C.a  c  d et al. 2015",
    "et": "LesionAdjacentTissue",
    "off": 32225,
    "sff": "lesion"
  },
  {
    "docID": "N094 Mondello, S.E.a  c  d, Jefferson, S.C.a  c  d et al. 2015",
    "et": "LesionAdjacentTissue",
    "off": 49508,
    "sff": "lesion"
  },
  {
    "docID": "N094 Mondello, S.E.a  c  d, Jefferson, S.C.a  c  d et al. 2015",
    "et": "LesionAdjacentTissue",
    "off": 32488,
    "sff": "Lesion"
  },
  {
    "docID": "N094 Mondello, S.E.a  c  d, Jefferson, S.C.a  c  d et al. 2015",
    "et": "LesionAdjacentTissue",
    "off": 24415,
    "sff": "lesion"
  },
  {
    "docID": "N094 Mondello, S.E.a  c  d, Jefferson, S.C.a  c  d et al. 2015",
    "et": "LesionAdjacentTissue",
    "off": 61151,
    "sff": "lesion"
  },
  {
    "docID": "N094 Mondello, S.E.a  c  d, Jefferson, S.C.a  c  d et al. 2015",
    "et": "LesionAdjacentTissue",
    "off": 5084,
    "sff": "lesion"
  },
  {
    "docID": "N094 Mondello, S.E.a  c  d, Jefferson, S.C.a  c  d et al. 2015",
    "et": "LesionAdjacentTissue",
    "off": 21845,
    "sff": "lesion"
  },
  {
    "docID": "N094 Mondello, S.E.a  c  d, Jefferson, S.C.a  c  d et al. 2015",
    "et": "LesionAdjacentTissue",
    "off": 30422,
    "sff": "lesion"
  },
  {
    "docID": "N094 Mondello, S.E.a  c  d, Jefferson, S.C.a  c  d et al. 2015",
    "et": "LesionAdjacentTissue",
    "off": 10776,
    "sff": "adjacent"
  },
  {
    "docID": "N094 Mondello, S.E.a  c  d, Jefferson, S.C.a  c  d et al. 2015",
    "et": "LesionAdjacentTissue",
    "off": 2128,
    "sff": "lesion"
  },
  {
    "docID": "N094 Mondello, S.E.a  c  d, Jefferson, S.C.a  c  d et al. 2015",
    "et": "LesionAdjacentTissue",
    "off": 28881,
    "sff": "lesion"
  },
  {
    "docID": "N094 Mondello, S.E.a  c  d, Jefferson, S.C.a  c  d et al. 2015",
    "et": "LesionAdjacentTissue",
    "off": 45906,
    "sff": "lesion"
  },
  {
    "docID": "N094 Mondello, S.E.a  c  d, Jefferson, S.C.a  c  d et al. 2015",
    "et": "LesionAdjacentTissue",
    "off": 5459,
    "sff": "lesion"
  },
  {
    "docID": "N094 Mondello, S.E.a  c  d, Jefferson, S.C.a  c  d et al. 2015",
    "et": "LesionAdjacentTissue",
    "off": 51536,
    "sff": "lesion"
  },
  {
    "docID": "N094 Mondello, S.E.a  c  d, Jefferson, S.C.a  c  d et al. 2015",
    "et": "LesionAdjacentTissue",
    "off": 51205,
    "sff": "lesion"
  },
  {
    "docID": "N094 Mondello, S.E.a  c  d, Jefferson, S.C.a  c  d et al. 2015",
    "et": "LesionAdjacentTissue",
    "off": 28352,
    "sff": "Lesion"
  },
  {
    "docID": "N094 Mondello, S.E.a  c  d, Jefferson, S.C.a  c  d et al. 2015",
    "et": "LesionAdjacentTissue",
    "off": 48902,
    "sff": "lesion"
  },
  {
    "docID": "N094 Mondello, S.E.a  c  d, Jefferson, S.C.a  c  d et al. 2015",
    "et": "LesionAdjacentTissue",
    "off": 2570,
    "sff": "lesion"
  },
  {
    "docID": "N094 Mondello, S.E.a  c  d, Jefferson, S.C.a  c  d et al. 2015",
    "et": "LesionAdjacentTissue",
    "off": 16905,
    "sff": "lesion"
  },
  {
    "docID": "N094 Mondello, S.E.a  c  d, Jefferson, S.C.a  c  d et al. 2015",
    "et": "LesionAdjacentTissue",
    "off": 61576,
    "sff": "lesion"
  },
  {
    "docID": "N094 Mondello, S.E.a  c  d, Jefferson, S.C.a  c  d et al. 2015",
    "et": "LesionAdjacentTissue",
    "off": 48769,
    "sff": "lesion"
  },
  {
    "docID": "N094 Mondello, S.E.a  c  d, Jefferson, S.C.a  c  d et al. 2015",
    "et": "LesionAdjacentTissue",
    "off": 24573,
    "sff": "lesion"
  },
  {
    "docID": "N094 Mondello, S.E.a  c  d, Jefferson, S.C.a  c  d et al. 2015",
    "et": "LesionAdjacentTissue",
    "off": 13059,
    "sff": "lesion"
  },
  {
    "docID": "N094 Mondello, S.E.a  c  d, Jefferson, S.C.a  c  d et al. 2015",
    "et": "LesionAdjacentTissue",
    "off": 29567,
    "sff": "lesion"
  },
  {
    "docID": "N094 Mondello, S.E.a  c  d, Jefferson, S.C.a  c  d et al. 2015",
    "et": "LesionAdjacentTissue",
    "off": 31224,
    "sff": "lesion"
  },
  {
    "docID": "N094 Mondello, S.E.a  c  d, Jefferson, S.C.a  c  d et al. 2015",
    "et": "LesionAdjacentTissue",
    "off": 23921,
    "sff": "lesion"
  },
  {
    "docID": "N094 Mondello, S.E.a  c  d, Jefferson, S.C.a  c  d et al. 2015",
    "et": "LesionAdjacentTissue",
    "off": 60275,
    "sff": "lesion"
  },
  {
    "docID": "N094 Mondello, S.E.a  c  d, Jefferson, S.C.a  c  d et al. 2015",
    "et": "LesionAdjacentTissue",
    "off": 7533,
    "sff": "lesion"
  },
  {
    "docID": "N094 Mondello, S.E.a  c  d, Jefferson, S.C.a  c  d et al. 2015",
    "et": "LesionAdjacentTissue",
    "off": 28654,
    "sff": "lesion"
  },
  {
    "docID": "N094 Mondello, S.E.a  c  d, Jefferson, S.C.a  c  d et al. 2015",
    "et": "LesionAdjacentTissue",
    "off": 20592,
    "sff": "lesion"
  },
  {
    "docID": "N094 Mondello, S.E.a  c  d, Jefferson, S.C.a  c  d et al. 2015",
    "et": "LesionAdjacentTissue",
    "off": 10792,
    "sff": "lesion"
  },
  {
    "docID": "N094 Mondello, S.E.a  c  d, Jefferson, S.C.a  c  d et al. 2015",
    "et": "LesionAdjacentTissue",
    "off": 31908,
    "sff": "Lesion"
  },
  {
    "docID": "N094 Mondello, S.E.a  c  d, Jefferson, S.C.a  c  d et al. 2015",
    "et": "LesionAdjacentTissue",
    "off": 51363,
    "sff": "lesion"
  },
  {
    "docID": "N094 Mondello, S.E.a  c  d, Jefferson, S.C.a  c  d et al. 2015",
    "et": "LesionAdjacentTissue",
    "off": 17181,
    "sff": "lesion"
  },
  {
    "docID": "N094 Mondello, S.E.a  c  d, Jefferson, S.C.a  c  d et al. 2015",
    "et": "LesionAdjacentTissue",
    "off": 34,
    "sff": "lesion"
  },
  {
    "docID": "N094 Mondello, S.E.a  c  d, Jefferson, S.C.a  c  d et al. 2015",
    "et": "LesionAdjacentTissue",
    "off": 1569,
    "sff": "lesion"
  },
  {
    "docID": "N094 Mondello, S.E.a  c  d, Jefferson, S.C.a  c  d et al. 2015",
    "et": "LesionAdjacentTissue",
    "off": 12705,
    "sff": "lesion"
  },
  {
    "docID": "N094 Mondello, S.E.a  c  d, Jefferson, S.C.a  c  d et al. 2015",
    "et": "LesionAdjacentTissue",
    "off": 58905,
    "sff": "lesion"
  },
  {
    "docID": "N094 Mondello, S.E.a  c  d, Jefferson, S.C.a  c  d et al. 2015",
    "et": "LesionAdjacentTissue",
    "off": 20636,
    "sff": "lesion"
  },
  {
    "docID": "N094 Mondello, S.E.a  c  d, Jefferson, S.C.a  c  d et al. 2015",
    "et": "LesionAdjacentTissue",
    "off": 21012,
    "sff": "lesion"
  },
  {
    "docID": "N094 Mondello, S.E.a  c  d, Jefferson, S.C.a  c  d et al. 2015",
    "et": "LesionAdjacentTissue",
    "off": 43918,
    "sff": "lesion"
  },
  {
    "docID": "N094 Mondello, S.E.a  c  d, Jefferson, S.C.a  c  d et al. 2015",
    "et": "Matrix",
    "off": 52879,
    "sff": "matrix"
  },
  {
    "docID": "N094 Mondello, S.E.a  c  d, Jefferson, S.C.a  c  d et al. 2015",
    "et": "SpinalCentralPart",
    "off": 53594,
    "sff": "spinal"
  },
  {
    "docID": "N094 Mondello, S.E.a  c  d, Jefferson, S.C.a  c  d et al. 2015",
    "et": "SpinalCentralPart",
    "off": 13408,
    "sff": "spinal"
  },
  {
    "docID": "N094 Mondello, S.E.a  c  d, Jefferson, S.C.a  c  d et al. 2015",
    "et": "SpinalCentralPart",
    "off": 13181,
    "sff": "spinal"
  },
  {
    "docID": "N094 Mondello, S.E.a  c  d, Jefferson, S.C.a  c  d et al. 2015",
    "et": "SpinalCentralPart",
    "off": 10271,
    "sff": "spinal"
  },
  {
    "docID": "N094 Mondello, S.E.a  c  d, Jefferson, S.C.a  c  d et al. 2015",
    "et": "SpinalCentralPart",
    "off": 16767,
    "sff": "spinal"
  },
  {
    "docID": "N094 Mondello, S.E.a  c  d, Jefferson, S.C.a  c  d et al. 2015",
    "et": "SpinalCentralPart",
    "off": 604,
    "sff": "Spinal"
  },
  {
    "docID": "N094 Mondello, S.E.a  c  d, Jefferson, S.C.a  c  d et al. 2015",
    "et": "SpinalCentralPart",
    "off": 13734,
    "sff": "spinal"
  },
  {
    "docID": "N094 Mondello, S.E.a  c  d, Jefferson, S.C.a  c  d et al. 2015",
    "et": "SpinalCentralPart",
    "off": 23847,
    "sff": "spinal"
  },
  {
    "docID": "N094 Mondello, S.E.a  c  d, Jefferson, S.C.a  c  d et al. 2015",
    "et": "SpinalCentralPart",
    "off": 53510,
    "sff": "spinal"
  },
  {
    "docID": "N094 Mondello, S.E.a  c  d, Jefferson, S.C.a  c  d et al. 2015",
    "et": "SpinalCentralPart",
    "off": 44401,
    "sff": "spinal"
  },
  {
    "docID": "N094 Mondello, S.E.a  c  d, Jefferson, S.C.a  c  d et al. 2015",
    "et": "SpinalCentralPart",
    "off": 9649,
    "sff": "spinal"
  },
  {
    "docID": "N094 Mondello, S.E.a  c  d, Jefferson, S.C.a  c  d et al. 2015",
    "et": "SpinalCentralPart",
    "off": 2828,
    "sff": "spinal"
  },
  {
    "docID": "N094 Mondello, S.E.a  c  d, Jefferson, S.C.a  c  d et al. 2015",
    "et": "SpinalCentralPart",
    "off": 14062,
    "sff": "spinal"
  },
  {
    "docID": "N094 Mondello, S.E.a  c  d, Jefferson, S.C.a  c  d et al. 2015",
    "et": "SpinalCentralPart",
    "off": 44495,
    "sff": "spinal"
  },
  {
    "docID": "N094 Mondello, S.E.a  c  d, Jefferson, S.C.a  c  d et al. 2015",
    "et": "SpinalCentralPart",
    "off": 61519,
    "sff": "spinal"
  },
  {
    "docID": "N094 Mondello, S.E.a  c  d, Jefferson, S.C.a  c  d et al. 2015",
    "et": "SpinalCentralPart",
    "off": 6607,
    "sff": "spinal"
  },
  {
    "docID": "N094 Mondello, S.E.a  c  d, Jefferson, S.C.a  c  d et al. 2015",
    "et": "SpinalCentralPart",
    "off": 12495,
    "sff": "spinal"
  },
  {
    "docID": "N094 Mondello, S.E.a  c  d, Jefferson, S.C.a  c  d et al. 2015",
    "et": "AnatomicalLocation",
    "off": 33074,
    "sff": "anatomical"
  },
  {
    "docID": "N094 Mondello, S.E.a  c  d, Jefferson, S.C.a  c  d et al. 2015",
    "et": "AnatomicalLocation",
    "off": 2369,
    "sff": "anatomical"
  },
  {
    "docID": "N094 Mondello, S.E.a  c  d, Jefferson, S.C.a  c  d et al. 2015",
    "et": "AnatomicalLocation",
    "off": 1062,
    "sff": "anatomical"
  },
  {
    "docID": "N094 Mondello, S.E.a  c  d, Jefferson, S.C.a  c  d et al. 2015",
    "et": "AnatomicalLocation",
    "off": 798,
    "sff": "Anatomical"
  },
  {
    "docID": "N094 Mondello, S.E.a  c  d, Jefferson, S.C.a  c  d et al. 2015",
    "et": "AnatomicalLocation",
    "off": 4024,
    "sff": "anatomical"
  },
  {
    "docID": "N094 Mondello, S.E.a  c  d, Jefferson, S.C.a  c  d et al. 2015",
    "et": "AnatomicalLocation",
    "off": 32183,
    "sff": "anatomical"
  },
  {
    "docID": "N094 Mondello, S.E.a  c  d, Jefferson, S.C.a  c  d et al. 2015",
    "et": "Brain",
    "off": 195,
    "sff": "Brain"
  },
  {
    "docID": "N094 Mondello, S.E.a  c  d, Jefferson, S.C.a  c  d et al. 2015",
    "et": "Brain",
    "off": 526,
    "sff": "Brain"
  },
  {
    "docID": "N094 Mondello, S.E.a  c  d, Jefferson, S.C.a  c  d et al. 2015",
    "et": "SpinalWhiteMatter",
    "off": 6607,
    "sff": "spinal"
  },
  {
    "docID": "N094 Mondello, S.E.a  c  d, Jefferson, S.C.a  c  d et al. 2015",
    "et": "SpinalWhiteMatter",
    "off": 12495,
    "sff": "spinal"
  },
  {
    "docID": "N094 Mondello, S.E.a  c  d, Jefferson, S.C.a  c  d et al. 2015",
    "et": "SpinalWhiteMatter",
    "off": 44495,
    "sff": "spinal"
  },
  {
    "docID": "N094 Mondello, S.E.a  c  d, Jefferson, S.C.a  c  d et al. 2015",
    "et": "SpinalWhiteMatter",
    "off": 61519,
    "sff": "spinal"
  },
  {
    "docID": "N094 Mondello, S.E.a  c  d, Jefferson, S.C.a  c  d et al. 2015",
    "et": "SpinalWhiteMatter",
    "off": 14062,
    "sff": "spinal"
  },
  {
    "docID": "N094 Mondello, S.E.a  c  d, Jefferson, S.C.a  c  d et al. 2015",
    "et": "SpinalWhiteMatter",
    "off": 24260,
    "sff": "white"
  },
  {
    "docID": "N094 Mondello, S.E.a  c  d, Jefferson, S.C.a  c  d et al. 2015",
    "et": "SpinalWhiteMatter",
    "off": 9649,
    "sff": "spinal"
  },
  {
    "docID": "N094 Mondello, S.E.a  c  d, Jefferson, S.C.a  c  d et al. 2015",
    "et": "SpinalWhiteMatter",
    "off": 44401,
    "sff": "spinal"
  },
  {
    "docID": "N094 Mondello, S.E.a  c  d, Jefferson, S.C.a  c  d et al. 2015",
    "et": "SpinalWhiteMatter",
    "off": 2828,
    "sff": "spinal"
  },
  {
    "docID": "N094 Mondello, S.E.a  c  d, Jefferson, S.C.a  c  d et al. 2015",
    "et": "SpinalWhiteMatter",
    "off": 23847,
    "sff": "spinal"
  },
  {
    "docID": "N094 Mondello, S.E.a  c  d, Jefferson, S.C.a  c  d et al. 2015",
    "et": "SpinalWhiteMatter",
    "off": 13734,
    "sff": "spinal"
  },
  {
    "docID": "N094 Mondello, S.E.a  c  d, Jefferson, S.C.a  c  d et al. 2015",
    "et": "SpinalWhiteMatter",
    "off": 51516,
    "sff": "white"
  },
  {
    "docID": "N094 Mondello, S.E.a  c  d, Jefferson, S.C.a  c  d et al. 2015",
    "et": "SpinalWhiteMatter",
    "off": 53510,
    "sff": "spinal"
  },
  {
    "docID": "N094 Mondello, S.E.a  c  d, Jefferson, S.C.a  c  d et al. 2015",
    "et": "SpinalWhiteMatter",
    "off": 604,
    "sff": "Spinal"
  },
  {
    "docID": "N094 Mondello, S.E.a  c  d, Jefferson, S.C.a  c  d et al. 2015",
    "et": "SpinalWhiteMatter",
    "off": 10271,
    "sff": "spinal"
  },
  {
    "docID": "N094 Mondello, S.E.a  c  d, Jefferson, S.C.a  c  d et al. 2015",
    "et": "SpinalWhiteMatter",
    "off": 16767,
    "sff": "spinal"
  },
  {
    "docID": "N094 Mondello, S.E.a  c  d, Jefferson, S.C.a  c  d et al. 2015",
    "et": "SpinalWhiteMatter",
    "off": 24260,
    "sff": "white matter"
  },
  {
    "docID": "N094 Mondello, S.E.a  c  d, Jefferson, S.C.a  c  d et al. 2015",
    "et": "SpinalWhiteMatter",
    "off": 13408,
    "sff": "spinal"
  },
  {
    "docID": "N094 Mondello, S.E.a  c  d, Jefferson, S.C.a  c  d et al. 2015",
    "et": "SpinalWhiteMatter",
    "off": 53594,
    "sff": "spinal"
  },
  {
    "docID": "N094 Mondello, S.E.a  c  d, Jefferson, S.C.a  c  d et al. 2015",
    "et": "SpinalWhiteMatter",
    "off": 13181,
    "sff": "spinal"
  },
  {
    "docID": "N094 Mondello, S.E.a  c  d, Jefferson, S.C.a  c  d et al. 2015",
    "et": "SpinalWhiteMatter",
    "off": 51516,
    "sff": "white matter"
  },
  {
    "docID": "N094 Mondello, S.E.a  c  d, Jefferson, S.C.a  c  d et al. 2015",
    "et": "Antibody",
    "off": 18805,
    "sff": "antibody"
  },
  {
    "docID": "N094 Mondello, S.E.a  c  d, Jefferson, S.C.a  c  d et al. 2015",
    "et": "Antibody",
    "off": 19237,
    "sff": "antibody"
  },
  {
    "docID": "N094 Mondello, S.E.a  c  d, Jefferson, S.C.a  c  d et al. 2015",
    "et": "Antibody",
    "off": 19092,
    "sff": "antibody"
  },
  {
    "docID": "N094 Mondello, S.E.a  c  d, Jefferson, S.C.a  c  d et al. 2015",
    "et": "UmbilicalCordBloodStemCell",
    "off": 611,
    "sff": "Cord"
  },
  {
    "docID": "N094 Mondello, S.E.a  c  d, Jefferson, S.C.a  c  d et al. 2015",
    "et": "UmbilicalCordBloodStemCell",
    "off": 13741,
    "sff": "cord"
  },
  {
    "docID": "N094 Mondello, S.E.a  c  d, Jefferson, S.C.a  c  d et al. 2015",
    "et": "UmbilicalCordBloodStemCell",
    "off": 53517,
    "sff": "cord"
  },
  {
    "docID": "N094 Mondello, S.E.a  c  d, Jefferson, S.C.a  c  d et al. 2015",
    "et": "UmbilicalCordBloodStemCell",
    "off": 2835,
    "sff": "cord"
  },
  {
    "docID": "N094 Mondello, S.E.a  c  d, Jefferson, S.C.a  c  d et al. 2015",
    "et": "UmbilicalCordBloodStemCell",
    "off": 13188,
    "sff": "cord"
  },
  {
    "docID": "N094 Mondello, S.E.a  c  d, Jefferson, S.C.a  c  d et al. 2015",
    "et": "UmbilicalCordBloodStemCell",
    "off": 44408,
    "sff": "cord"
  },
  {
    "docID": "N094 Mondello, S.E.a  c  d, Jefferson, S.C.a  c  d et al. 2015",
    "et": "UmbilicalCordBloodStemCell",
    "off": 6614,
    "sff": "cord"
  },
  {
    "docID": "N094 Mondello, S.E.a  c  d, Jefferson, S.C.a  c  d et al. 2015",
    "et": "UmbilicalCordBloodStemCell",
    "off": 16774,
    "sff": "cord"
  },
  {
    "docID": "N094 Mondello, S.E.a  c  d, Jefferson, S.C.a  c  d et al. 2015",
    "et": "UmbilicalCordBloodStemCell",
    "off": 44502,
    "sff": "cord"
  },
  {
    "docID": "N094 Mondello, S.E.a  c  d, Jefferson, S.C.a  c  d et al. 2015",
    "et": "SpinalGrayMatter",
    "off": 31248,
    "sff": "gray"
  },
  {
    "docID": "N094 Mondello, S.E.a  c  d, Jefferson, S.C.a  c  d et al. 2015",
    "et": "SpinalGrayMatter",
    "off": 9649,
    "sff": "spinal"
  },
  {
    "docID": "N094 Mondello, S.E.a  c  d, Jefferson, S.C.a  c  d et al. 2015",
    "et": "SpinalGrayMatter",
    "off": 44401,
    "sff": "spinal"
  },
  {
    "docID": "N094 Mondello, S.E.a  c  d, Jefferson, S.C.a  c  d et al. 2015",
    "et": "SpinalGrayMatter",
    "off": 14062,
    "sff": "spinal"
  },
  {
    "docID": "N094 Mondello, S.E.a  c  d, Jefferson, S.C.a  c  d et al. 2015",
    "et": "SpinalGrayMatter",
    "off": 6607,
    "sff": "spinal"
  },
  {
    "docID": "N094 Mondello, S.E.a  c  d, Jefferson, S.C.a  c  d et al. 2015",
    "et": "SpinalGrayMatter",
    "off": 12495,
    "sff": "spinal"
  },
  {
    "docID": "N094 Mondello, S.E.a  c  d, Jefferson, S.C.a  c  d et al. 2015",
    "et": "SpinalGrayMatter",
    "off": 44495,
    "sff": "spinal"
  },
  {
    "docID": "N094 Mondello, S.E.a  c  d, Jefferson, S.C.a  c  d et al. 2015",
    "et": "SpinalGrayMatter",
    "off": 61519,
    "sff": "spinal"
  },
  {
    "docID": "N094 Mondello, S.E.a  c  d, Jefferson, S.C.a  c  d et al. 2015",
    "et": "SpinalGrayMatter",
    "off": 2828,
    "sff": "spinal"
  },
  {
    "docID": "N094 Mondello, S.E.a  c  d, Jefferson, S.C.a  c  d et al. 2015",
    "et": "SpinalGrayMatter",
    "off": 13734,
    "sff": "spinal"
  },
  {
    "docID": "N094 Mondello, S.E.a  c  d, Jefferson, S.C.a  c  d et al. 2015",
    "et": "SpinalGrayMatter",
    "off": 53510,
    "sff": "spinal"
  },
  {
    "docID": "N094 Mondello, S.E.a  c  d, Jefferson, S.C.a  c  d et al. 2015",
    "et": "SpinalGrayMatter",
    "off": 23847,
    "sff": "spinal"
  },
  {
    "docID": "N094 Mondello, S.E.a  c  d, Jefferson, S.C.a  c  d et al. 2015",
    "et": "SpinalGrayMatter",
    "off": 31612,
    "sff": "gray"
  },
  {
    "docID": "N094 Mondello, S.E.a  c  d, Jefferson, S.C.a  c  d et al. 2015",
    "et": "SpinalGrayMatter",
    "off": 13408,
    "sff": "spinal"
  },
  {
    "docID": "N094 Mondello, S.E.a  c  d, Jefferson, S.C.a  c  d et al. 2015",
    "et": "SpinalGrayMatter",
    "off": 604,
    "sff": "Spinal"
  },
  {
    "docID": "N094 Mondello, S.E.a  c  d, Jefferson, S.C.a  c  d et al. 2015",
    "et": "SpinalGrayMatter",
    "off": 29914,
    "sff": "gray"
  },
  {
    "docID": "N094 Mondello, S.E.a  c  d, Jefferson, S.C.a  c  d et al. 2015",
    "et": "SpinalGrayMatter",
    "off": 10271,
    "sff": "spinal"
  },
  {
    "docID": "N094 Mondello, S.E.a  c  d, Jefferson, S.C.a  c  d et al. 2015",
    "et": "SpinalGrayMatter",
    "off": 16767,
    "sff": "spinal"
  },
  {
    "docID": "N094 Mondello, S.E.a  c  d, Jefferson, S.C.a  c  d et al. 2015",
    "et": "SpinalGrayMatter",
    "off": 24251,
    "sff": "gray"
  },
  {
    "docID": "N094 Mondello, S.E.a  c  d, Jefferson, S.C.a  c  d et al. 2015",
    "et": "SpinalGrayMatter",
    "off": 29585,
    "sff": "Gray"
  },
  {
    "docID": "N094 Mondello, S.E.a  c  d, Jefferson, S.C.a  c  d et al. 2015",
    "et": "SpinalGrayMatter",
    "off": 13181,
    "sff": "spinal"
  },
  {
    "docID": "N094 Mondello, S.E.a  c  d, Jefferson, S.C.a  c  d et al. 2015",
    "et": "SpinalGrayMatter",
    "off": 53594,
    "sff": "spinal"
  },
  {
    "docID": "N094 Mondello, S.E.a  c  d, Jefferson, S.C.a  c  d et al. 2015",
    "et": "Gelfoam",
    "off": 13760,
    "sff": "gelfoam"
  },
  {
    "docID": "N094 Mondello, S.E.a  c  d, Jefferson, S.C.a  c  d et al. 2015",
    "et": "VimentinAntiSenseDNA",
    "off": 18796,
    "sff": "anti"
  },
  {
    "docID": "N094 Mondello, S.E.a  c  d, Jefferson, S.C.a  c  d et al. 2015",
    "et": "RatSpecies",
    "off": 3310,
    "sff": "rat"
  },
  {
    "docID": "N094 Mondello, S.E.a  c  d, Jefferson, S.C.a  c  d et al. 2015",
    "et": "RatSpecies",
    "off": 53281,
    "sff": "rat"
  },
  {
    "docID": "N094 Mondello, S.E.a  c  d, Jefferson, S.C.a  c  d et al. 2015",
    "et": "Caudal",
    "off": 12691,
    "sff": "caudal"
  },
  {
    "docID": "N094 Mondello, S.E.a  c  d, Jefferson, S.C.a  c  d et al. 2015",
    "et": "Caudal",
    "off": 13124,
    "sff": "caudal"
  },
  {
    "docID": "N094 Mondello, S.E.a  c  d, Jefferson, S.C.a  c  d et al. 2015",
    "et": "Caudal",
    "off": 10762,
    "sff": "caudal"
  },
  {
    "docID": "N094 Mondello, S.E.a  c  d, Jefferson, S.C.a  c  d et al. 2015",
    "et": "Caudal",
    "off": 9436,
    "sff": "caudal"
  },
  {
    "docID": "N094 Mondello, S.E.a  c  d, Jefferson, S.C.a  c  d et al. 2015",
    "et": "Enzyme",
    "off": 3256,
    "sff": "enzyme"
  },
  {
    "docID": "N094 Mondello, S.E.a  c  d, Jefferson, S.C.a  c  d et al. 2015",
    "et": "AntiCD11dAntibody",
    "off": 18796,
    "sff": "anti"
  },
  {
    "docID": "N094 Mondello, S.E.a  c  d, Jefferson, S.C.a  c  d et al. 2015",
    "et": "CurrentApplication",
    "off": 5247,
    "sff": "current"
  },
  {
    "docID": "N094 Mondello, S.E.a  c  d, Jefferson, S.C.a  c  d et al. 2015",
    "et": "CurrentApplication",
    "off": 60130,
    "sff": "current"
  },
  {
    "docID": "N094 Mondello, S.E.a  c  d, Jefferson, S.C.a  c  d et al. 2015",
    "et": "CurrentApplication",
    "off": 61333,
    "sff": "current"
  },
  {
    "docID": "N094 Mondello, S.E.a  c  d, Jefferson, S.C.a  c  d et al. 2015",
    "et": "CurrentApplication",
    "off": 54294,
    "sff": "current"
  },
  {
    "docID": "N094 Mondello, S.E.a  c  d, Jefferson, S.C.a  c  d et al. 2015",
    "et": "CurrentApplication",
    "off": 34040,
    "sff": "current"
  },
  {
    "docID": "N094 Mondello, S.E.a  c  d, Jefferson, S.C.a  c  d et al. 2015",
    "et": "CurrentApplication",
    "off": 33007,
    "sff": "current"
  },
  {
    "docID": "N094 Mondello, S.E.a  c  d, Jefferson, S.C.a  c  d et al. 2015",
    "et": "CurrentApplication",
    "off": 59182,
    "sff": "current"
  },
  {
    "docID": "N094 Mondello, S.E.a  c  d, Jefferson, S.C.a  c  d et al. 2015",
    "et": "CurrentApplication",
    "off": 5011,
    "sff": "current"
  },
  {
    "docID": "N094 Mondello, S.E.a  c  d, Jefferson, S.C.a  c  d et al. 2015",
    "et": "CurrentApplication",
    "off": 59493,
    "sff": "current"
  },
  {
    "docID": "N094 Mondello, S.E.a  c  d, Jefferson, S.C.a  c  d et al. 2015",
    "et": "CurrentApplication",
    "off": 4549,
    "sff": "current"
  },
  {
    "docID": "N094 Mondello, S.E.a  c  d, Jefferson, S.C.a  c  d et al. 2015",
    "et": "CurrentApplication",
    "off": 5770,
    "sff": "current"
  },
  {
    "docID": "N094 Mondello, S.E.a  c  d, Jefferson, S.C.a  c  d et al. 2015",
    "et": "CurrentApplication",
    "off": 49355,
    "sff": "current"
  },
  {
    "docID": "N094 Mondello, S.E.a  c  d, Jefferson, S.C.a  c  d et al. 2015",
    "et": "CurrentApplication",
    "off": 54026,
    "sff": "current"
  },
  {
    "docID": "N094 Mondello, S.E.a  c  d, Jefferson, S.C.a  c  d et al. 2015",
    "et": "SigmaAldrich",
    "off": 19944,
    "sff": "Sigma"
  },
  {
    "docID": "N094 Mondello, S.E.a  c  d, Jefferson, S.C.a  c  d et al. 2015",
    "et": "SigmaAldrich",
    "off": 17345,
    "sff": "Sigma"
  },
  {
    "docID": "N094 Mondello, S.E.a  c  d, Jefferson, S.C.a  c  d et al. 2015",
    "et": "SigmaAldrich",
    "off": 17962,
    "sff": "Sigma-Aldrich"
  },
  {
    "docID": "N094 Mondello, S.E.a  c  d, Jefferson, S.C.a  c  d et al. 2015",
    "et": "SigmaAldrich",
    "off": 19549,
    "sff": "Sigma"
  },
  {
    "docID": "N094 Mondello, S.E.a  c  d, Jefferson, S.C.a  c  d et al. 2015",
    "et": "T10",
    "off": 10267,
    "sff": "T10"
  },
  {
    "docID": "N094 Mondello, S.E.a  c  d, Jefferson, S.C.a  c  d et al. 2015",
    "et": "Thoracic",
    "off": 9640,
    "sff": "thoracic"
  },
  {
    "docID": "N094 Mondello, S.E.a  c  d, Jefferson, S.C.a  c  d et al. 2015",
    "et": "Thoracic",
    "off": 27676,
    "sff": "thoracic"
  },
  {
    "docID": "N094 Mondello, S.E.a  c  d, Jefferson, S.C.a  c  d et al. 2015",
    "et": "Seikagaku",
    "off": 10937,
    "sff": "Seikagaku"
  },
  {
    "docID": "N094 Mondello, S.E.a  c  d, Jefferson, S.C.a  c  d et al. 2015",
    "et": "StemCellSourceType",
    "off": 20297,
    "sff": "cell"
  },
  {
    "docID": "N094 Mondello, S.E.a  c  d, Jefferson, S.C.a  c  d et al. 2015",
    "et": "StemCellSourceType",
    "off": 20377,
    "sff": "cell"
  },
  {
    "docID": "N094 Mondello, S.E.a  c  d, Jefferson, S.C.a  c  d et al. 2015",
    "et": "StemCellSourceType",
    "off": 20440,
    "sff": "cell"
  },
  {
    "docID": "N094 Mondello, S.E.a  c  d, Jefferson, S.C.a  c  d et al. 2015",
    "et": "StemCellSourceType",
    "off": 18602,
    "sff": "cell"
  },
  {
    "docID": "N094 Mondello, S.E.a  c  d, Jefferson, S.C.a  c  d et al. 2015",
    "et": "StemCellSourceType",
    "off": 34599,
    "sff": "cell"
  },
  {
    "docID": "N094 Mondello, S.E.a  c  d, Jefferson, S.C.a  c  d et al. 2015",
    "et": "StemCellSourceType",
    "off": 6960,
    "sff": "cell"
  },
  {
    "docID": "N094 Mondello, S.E.a  c  d, Jefferson, S.C.a  c  d et al. 2015",
    "et": "StemCellSourceType",
    "off": 7008,
    "sff": "cell"
  },
  {
    "docID": "N094 Mondello, S.E.a  c  d, Jefferson, S.C.a  c  d et al. 2015",
    "et": "StemCellSourceType",
    "off": 19986,
    "sff": "cell"
  },
  {
    "docID": "N094 Mondello, S.E.a  c  d, Jefferson, S.C.a  c  d et al. 2015",
    "et": "StemCellSourceType",
    "off": 6511,
    "sff": "cell"
  },
  {
    "docID": "N094 Mondello, S.E.a  c  d, Jefferson, S.C.a  c  d et al. 2015",
    "et": "StemCellSourceType",
    "off": 20238,
    "sff": "cell"
  },
  {
    "docID": "N094 Mondello, S.E.a  c  d, Jefferson, S.C.a  c  d et al. 2015",
    "et": "InVitroExperimentalProcedure",
    "off": 23306,
    "sff": "experimental"
  },
  {
    "docID": "N094 Mondello, S.E.a  c  d, Jefferson, S.C.a  c  d et al. 2015",
    "et": "InVitroExperimentalProcedure",
    "off": 5593,
    "sff": "experimental"
  },
  {
    "docID": "N094 Mondello, S.E.a  c  d, Jefferson, S.C.a  c  d et al. 2015",
    "et": "InVitroExperimentalProcedure",
    "off": 23686,
    "sff": "experimental"
  },
  {
    "docID": "N094 Mondello, S.E.a  c  d, Jefferson, S.C.a  c  d et al. 2015",
    "et": "InVitroExperimentalProcedure",
    "off": 5808,
    "sff": "experimental"
  },
  {
    "docID": "N094 Mondello, S.E.a  c  d, Jefferson, S.C.a  c  d et al. 2015",
    "et": "AntiNG2Antibody",
    "off": 18796,
    "sff": "anti"
  },
  {
    "docID": "N094 Mondello, S.E.a  c  d, Jefferson, S.C.a  c  d et al. 2015",
    "et": "RingersSolution",
    "off": 9947,
    "sff": "ringers"
  },
  {
    "docID": "N094 Mondello, S.E.a  c  d, Jefferson, S.C.a  c  d et al. 2015",
    "et": "AntiNogoAAntibody",
    "off": 18796,
    "sff": "anti"
  },
  {
    "docID": "N094 Mondello, S.E.a  c  d, Jefferson, S.C.a  c  d et al. 2015",
    "et": "LongEvansRat",
    "off": 8946,
    "sff": "long"
  },
  {
    "docID": "N094 Mondello, S.E.a  c  d, Jefferson, S.C.a  c  d et al. 2015",
    "et": "LongEvansRat",
    "off": 51699,
    "sff": "long"
  },
  {
    "docID": "N094 Mondello, S.E.a  c  d, Jefferson, S.C.a  c  d et al. 2015",
    "et": "LongEvansRat",
    "off": 52283,
    "sff": "long"
  },
  {
    "docID": "N094 Mondello, S.E.a  c  d, Jefferson, S.C.a  c  d et al. 2015",
    "et": "Cell",
    "off": 18602,
    "sff": "cell"
  },
  {
    "docID": "N094 Mondello, S.E.a  c  d, Jefferson, S.C.a  c  d et al. 2015",
    "et": "Cell",
    "off": 20297,
    "sff": "cell"
  },
  {
    "docID": "N094 Mondello, S.E.a  c  d, Jefferson, S.C.a  c  d et al. 2015",
    "et": "Cell",
    "off": 20377,
    "sff": "cell"
  },
  {
    "docID": "N094 Mondello, S.E.a  c  d, Jefferson, S.C.a  c  d et al. 2015",
    "et": "Cell",
    "off": 20440,
    "sff": "cell"
  },
  {
    "docID": "N094 Mondello, S.E.a  c  d, Jefferson, S.C.a  c  d et al. 2015",
    "et": "Cell",
    "off": 34599,
    "sff": "cell"
  },
  {
    "docID": "N094 Mondello, S.E.a  c  d, Jefferson, S.C.a  c  d et al. 2015",
    "et": "Cell",
    "off": 19986,
    "sff": "cell"
  },
  {
    "docID": "N094 Mondello, S.E.a  c  d, Jefferson, S.C.a  c  d et al. 2015",
    "et": "Cell",
    "off": 6511,
    "sff": "cell"
  },
  {
    "docID": "N094 Mondello, S.E.a  c  d, Jefferson, S.C.a  c  d et al. 2015",
    "et": "Cell",
    "off": 20238,
    "sff": "cell"
  },
  {
    "docID": "N094 Mondello, S.E.a  c  d, Jefferson, S.C.a  c  d et al. 2015",
    "et": "Cell",
    "off": 6960,
    "sff": "cell"
  },
  {
    "docID": "N094 Mondello, S.E.a  c  d, Jefferson, S.C.a  c  d et al. 2015",
    "et": "Cell",
    "off": 7008,
    "sff": "cell"
  },
  {
    "docID": "N094 Mondello, S.E.a  c  d, Jefferson, S.C.a  c  d et al. 2015",
    "et": "SpinalDorsalHalf",
    "off": 10271,
    "sff": "spinal"
  },
  {
    "docID": "N094 Mondello, S.E.a  c  d, Jefferson, S.C.a  c  d et al. 2015",
    "et": "SpinalDorsalHalf",
    "off": 16767,
    "sff": "spinal"
  },
  {
    "docID": "N094 Mondello, S.E.a  c  d, Jefferson, S.C.a  c  d et al. 2015",
    "et": "SpinalDorsalHalf",
    "off": 13181,
    "sff": "spinal"
  },
  {
    "docID": "N094 Mondello, S.E.a  c  d, Jefferson, S.C.a  c  d et al. 2015",
    "et": "SpinalDorsalHalf",
    "off": 13302,
    "sff": "dorsal"
  },
  {
    "docID": "N094 Mondello, S.E.a  c  d, Jefferson, S.C.a  c  d et al. 2015",
    "et": "SpinalDorsalHalf",
    "off": 25462,
    "sff": "dorsal"
  },
  {
    "docID": "N094 Mondello, S.E.a  c  d, Jefferson, S.C.a  c  d et al. 2015",
    "et": "SpinalDorsalHalf",
    "off": 53594,
    "sff": "spinal"
  },
  {
    "docID": "N094 Mondello, S.E.a  c  d, Jefferson, S.C.a  c  d et al. 2015",
    "et": "SpinalDorsalHalf",
    "off": 604,
    "sff": "Spinal"
  },
  {
    "docID": "N094 Mondello, S.E.a  c  d, Jefferson, S.C.a  c  d et al. 2015",
    "et": "SpinalDorsalHalf",
    "off": 9649,
    "sff": "spinal"
  },
  {
    "docID": "N094 Mondello, S.E.a  c  d, Jefferson, S.C.a  c  d et al. 2015",
    "et": "SpinalDorsalHalf",
    "off": 44401,
    "sff": "spinal"
  },
  {
    "docID": "N094 Mondello, S.E.a  c  d, Jefferson, S.C.a  c  d et al. 2015",
    "et": "SpinalDorsalHalf",
    "off": 13715,
    "sff": "dorsal half"
  },
  {
    "docID": "N094 Mondello, S.E.a  c  d, Jefferson, S.C.a  c  d et al. 2015",
    "et": "SpinalDorsalHalf",
    "off": 44495,
    "sff": "spinal"
  },
  {
    "docID": "N094 Mondello, S.E.a  c  d, Jefferson, S.C.a  c  d et al. 2015",
    "et": "SpinalDorsalHalf",
    "off": 61519,
    "sff": "spinal"
  },
  {
    "docID": "N094 Mondello, S.E.a  c  d, Jefferson, S.C.a  c  d et al. 2015",
    "et": "SpinalDorsalHalf",
    "off": 6607,
    "sff": "spinal"
  },
  {
    "docID": "N094 Mondello, S.E.a  c  d, Jefferson, S.C.a  c  d et al. 2015",
    "et": "SpinalDorsalHalf",
    "off": 12495,
    "sff": "spinal"
  },
  {
    "docID": "N094 Mondello, S.E.a  c  d, Jefferson, S.C.a  c  d et al. 2015",
    "et": "SpinalDorsalHalf",
    "off": 14062,
    "sff": "spinal"
  },
  {
    "docID": "N094 Mondello, S.E.a  c  d, Jefferson, S.C.a  c  d et al. 2015",
    "et": "SpinalDorsalHalf",
    "off": 2828,
    "sff": "spinal"
  },
  {
    "docID": "N094 Mondello, S.E.a  c  d, Jefferson, S.C.a  c  d et al. 2015",
    "et": "SpinalDorsalHalf",
    "off": 13332,
    "sff": "dorsal"
  },
  {
    "docID": "N094 Mondello, S.E.a  c  d, Jefferson, S.C.a  c  d et al. 2015",
    "et": "SpinalDorsalHalf",
    "off": 53510,
    "sff": "spinal"
  },
  {
    "docID": "N094 Mondello, S.E.a  c  d, Jefferson, S.C.a  c  d et al. 2015",
    "et": "SpinalDorsalHalf",
    "off": 13408,
    "sff": "spinal"
  },
  {
    "docID": "N094 Mondello, S.E.a  c  d, Jefferson, S.C.a  c  d et al. 2015",
    "et": "SpinalDorsalHalf",
    "off": 13715,
    "sff": "dorsal"
  },
  {
    "docID": "N094 Mondello, S.E.a  c  d, Jefferson, S.C.a  c  d et al. 2015",
    "et": "SpinalDorsalHalf",
    "off": 23847,
    "sff": "spinal"
  },
  {
    "docID": "N094 Mondello, S.E.a  c  d, Jefferson, S.C.a  c  d et al. 2015",
    "et": "SpinalDorsalHalf",
    "off": 13734,
    "sff": "spinal"
  },
  {
    "docID": "N094 Mondello, S.E.a  c  d, Jefferson, S.C.a  c  d et al. 2015",
    "et": "Water",
    "off": 12879,
    "sff": "water"
  },
  {
    "docID": "N094 Mondello, S.E.a  c  d, Jefferson, S.C.a  c  d et al. 2015",
    "et": "Water",
    "off": 17705,
    "sff": "water"
  },
  {
    "docID": "N094 Mondello, S.E.a  c  d, Jefferson, S.C.a  c  d et al. 2015",
    "et": "Water",
    "off": 18024,
    "sff": "water"
  },
  {
    "docID": "N094 Mondello, S.E.a  c  d, Jefferson, S.C.a  c  d et al. 2015",
    "et": "Water",
    "off": 19820,
    "sff": "water"
  },
  {
    "docID": "N094 Mondello, S.E.a  c  d, Jefferson, S.C.a  c  d et al. 2015",
    "et": "ExperimentalProcedure",
    "off": 5808,
    "sff": "experimental"
  },
  {
    "docID": "N094 Mondello, S.E.a  c  d, Jefferson, S.C.a  c  d et al. 2015",
    "et": "ExperimentalProcedure",
    "off": 23306,
    "sff": "experimental"
  },
  {
    "docID": "N094 Mondello, S.E.a  c  d, Jefferson, S.C.a  c  d et al. 2015",
    "et": "ExperimentalProcedure",
    "off": 5593,
    "sff": "experimental"
  },
  {
    "docID": "N094 Mondello, S.E.a  c  d, Jefferson, S.C.a  c  d et al. 2015",
    "et": "ExperimentalProcedure",
    "off": 23686,
    "sff": "experimental"
  },
  {
    "docID": "N094 Mondello, S.E.a  c  d, Jefferson, S.C.a  c  d et al. 2015",
    "et": "CorticospinalTract",
    "off": 1612,
    "sff": "corticospinal tract"
  },
  {
    "docID": "N094 Mondello, S.E.a  c  d, Jefferson, S.C.a  c  d et al. 2015",
    "et": "CorticospinalTract",
    "off": 52566,
    "sff": "Corticospinal tract"
  },
  {
    "docID": "N094 Mondello, S.E.a  c  d, Jefferson, S.C.a  c  d et al. 2015",
    "et": "CorticospinalTract",
    "off": 4799,
    "sff": "corticospinal tract"
  },
  {
    "docID": "N094 Mondello, S.E.a  c  d, Jefferson, S.C.a  c  d et al. 2015",
    "et": "BrainDerivedNeurotrophicFactor",
    "off": 195,
    "sff": "Brain"
  },
  {
    "docID": "N094 Mondello, S.E.a  c  d, Jefferson, S.C.a  c  d et al. 2015",
    "et": "BrainDerivedNeurotrophicFactor",
    "off": 526,
    "sff": "Brain"
  }
]
