[
  {
    "docID": "N106 Xiong",
    "et": "RecombinantEPORhEpo",
    "off": 17489,
    "sff": "recombinant"
  },
  {
    "docID": "N106 Xiong",
    "et": "RecombinantEPORhEpo",
    "off": 12997,
    "sff": "recombinant"
  },
  {
    "docID": "N106 Xiong",
    "et": "RecombinantEPORhEpo",
    "off": 778,
    "sff": "recombinant"
  },
  {
    "docID": "N106 Xiong",
    "et": "RecombinantEPORhEpo",
    "off": 17055,
    "sff": "recombinant"
  },
  {
    "docID": "N106 Xiong",
    "et": "RecombinantEPORhEpo",
    "off": 6525,
    "sff": "recombinant"
  },
  {
    "docID": "N106 Xiong",
    "et": "RecombinantEPORhEpo",
    "off": 17276,
    "sff": "recombinant"
  },
  {
    "docID": "N106 Xiong",
    "et": "Ethanol",
    "off": 4759,
    "sff": "ethanol"
  },
  {
    "docID": "N106 Xiong",
    "et": "MesenchymalStemCell",
    "off": 3211,
    "sff": "stem"
  },
  {
    "docID": "N106 Xiong",
    "et": "MesenchymalStemCell",
    "off": 3317,
    "sff": "mesenchymal stem"
  },
  {
    "docID": "N106 Xiong",
    "et": "MesenchymalStemCell",
    "off": 710,
    "sff": "mesenchymal stem"
  },
  {
    "docID": "N106 Xiong",
    "et": "MesenchymalStemCell",
    "off": 3155,
    "sff": "Mesenchymal stem"
  },
  {
    "docID": "N106 Xiong",
    "et": "MesenchymalStemCell",
    "off": 299,
    "sff": "mesenchymal stem"
  },
  {
    "docID": "N106 Xiong",
    "et": "MesenchymalStemCell",
    "off": 299,
    "sff": "mesenchymal stem cell"
  },
  {
    "docID": "N106 Xiong",
    "et": "Syringe",
    "off": 4997,
    "sff": "syringe"
  },
  {
    "docID": "N106 Xiong",
    "et": "SurgeryTreatment",
    "off": 8716,
    "sff": "surgery"
  },
  {
    "docID": "N106 Xiong",
    "et": "SurgeryTreatment",
    "off": 18427,
    "sff": "surgery"
  },
  {
    "docID": "N106 Xiong",
    "et": "SpinalSubduralArea",
    "off": 22217,
    "sff": "spinal"
  },
  {
    "docID": "N106 Xiong",
    "et": "SpinalSubduralArea",
    "off": 138,
    "sff": "spinal"
  },
  {
    "docID": "N106 Xiong",
    "et": "SpinalSubduralArea",
    "off": 14602,
    "sff": "spinal"
  },
  {
    "docID": "N106 Xiong",
    "et": "SpinalSubduralArea",
    "off": 24458,
    "sff": "spinal"
  },
  {
    "docID": "N106 Xiong",
    "et": "SpinalSubduralArea",
    "off": 396,
    "sff": "spinal"
  },
  {
    "docID": "N106 Xiong",
    "et": "SpinalSubduralArea",
    "off": 21134,
    "sff": "spinal"
  },
  {
    "docID": "N106 Xiong",
    "et": "SpinalSubduralArea",
    "off": 19090,
    "sff": "spinal"
  },
  {
    "docID": "N106 Xiong",
    "et": "SpinalSubduralArea",
    "off": 24724,
    "sff": "spinal"
  },
  {
    "docID": "N106 Xiong",
    "et": "SpinalSubduralArea",
    "off": 8248,
    "sff": "spinal"
  },
  {
    "docID": "N106 Xiong",
    "et": "SpinalSubduralArea",
    "off": 10682,
    "sff": "spinal"
  },
  {
    "docID": "N106 Xiong",
    "et": "SpinalSubduralArea",
    "off": 20539,
    "sff": "spinal"
  },
  {
    "docID": "N106 Xiong",
    "et": "SpinalSubduralArea",
    "off": 15872,
    "sff": "spinal"
  },
  {
    "docID": "N106 Xiong",
    "et": "SpinalSubduralArea",
    "off": 14977,
    "sff": "spinal"
  },
  {
    "docID": "N106 Xiong",
    "et": "SpinalSubduralArea",
    "off": 1673,
    "sff": "Spinal"
  },
  {
    "docID": "N106 Xiong",
    "et": "SpinalSubduralArea",
    "off": 10629,
    "sff": "spinal"
  },
  {
    "docID": "N106 Xiong",
    "et": "SpinalSubduralArea",
    "off": 14214,
    "sff": "spinal"
  },
  {
    "docID": "N106 Xiong",
    "et": "SpinalSubduralArea",
    "off": 23338,
    "sff": "spinal"
  },
  {
    "docID": "N106 Xiong",
    "et": "SpinalSubduralArea",
    "off": 3692,
    "sff": "spinal"
  },
  {
    "docID": "N106 Xiong",
    "et": "SpinalSubduralArea",
    "off": 21038,
    "sff": "spinal"
  },
  {
    "docID": "N106 Xiong",
    "et": "SpinalSubduralArea",
    "off": 23023,
    "sff": "spinal"
  },
  {
    "docID": "N106 Xiong",
    "et": "SpinalSubduralArea",
    "off": 15280,
    "sff": "spinal"
  },
  {
    "docID": "N106 Xiong",
    "et": "SpinalSubduralArea",
    "off": 24371,
    "sff": "spinal"
  },
  {
    "docID": "N106 Xiong",
    "et": "SpinalSubduralArea",
    "off": 23284,
    "sff": "spinal"
  },
  {
    "docID": "N106 Xiong",
    "et": "SpinalSubduralArea",
    "off": 19765,
    "sff": "spinal"
  },
  {
    "docID": "N106 Xiong",
    "et": "SpinalSubduralArea",
    "off": 8345,
    "sff": "spinal"
  },
  {
    "docID": "N106 Xiong",
    "et": "SpinalSubduralArea",
    "off": 14298,
    "sff": "spinal"
  },
  {
    "docID": "N106 Xiong",
    "et": "SpinalSubduralArea",
    "off": 20122,
    "sff": "spinal"
  },
  {
    "docID": "N106 Xiong",
    "et": "SpinalSubduralArea",
    "off": 860,
    "sff": "spinal"
  },
  {
    "docID": "N106 Xiong",
    "et": "SpinalSubduralArea",
    "off": 8030,
    "sff": "spinal"
  },
  {
    "docID": "N106 Xiong",
    "et": "SpinalSubduralArea",
    "off": 8098,
    "sff": "spinal"
  },
  {
    "docID": "N106 Xiong",
    "et": "SpinalSubduralArea",
    "off": 8674,
    "sff": "spinal"
  },
  {
    "docID": "N106 Xiong",
    "et": "SpinalSubduralArea",
    "off": 931,
    "sff": "spinal"
  },
  {
    "docID": "N106 Xiong",
    "et": "SpinalSubduralArea",
    "off": 23588,
    "sff": "spinal"
  },
  {
    "docID": "N106 Xiong",
    "et": "SpinalSubduralArea",
    "off": 18789,
    "sff": "spinal"
  },
  {
    "docID": "N106 Xiong",
    "et": "SpinalSubduralArea",
    "off": 9830,
    "sff": "spinal"
  },
  {
    "docID": "N106 Xiong",
    "et": "ApplicationInstrument",
    "off": 23502,
    "sff": "application"
  },
  {
    "docID": "N106 Xiong",
    "et": "ApplicationInstrument",
    "off": 23153,
    "sff": "application"
  },
  {
    "docID": "N106 Xiong",
    "et": "ApplicationInstrument",
    "off": 22630,
    "sff": "application"
  },
  {
    "docID": "N106 Xiong",
    "et": "ApplicationInstrument",
    "off": 21960,
    "sff": "application"
  },
  {
    "docID": "N106 Xiong",
    "et": "ApplicationInstrument",
    "off": 22840,
    "sff": "application"
  },
  {
    "docID": "N106 Xiong",
    "et": "ApplicationInstrument",
    "off": 25259,
    "sff": "application"
  },
  {
    "docID": "N106 Xiong",
    "et": "SpinalFiberTract",
    "off": 15280,
    "sff": "spinal"
  },
  {
    "docID": "N106 Xiong",
    "et": "SpinalFiberTract",
    "off": 23023,
    "sff": "spinal"
  },
  {
    "docID": "N106 Xiong",
    "et": "SpinalFiberTract",
    "off": 19765,
    "sff": "spinal"
  },
  {
    "docID": "N106 Xiong",
    "et": "SpinalFiberTract",
    "off": 23284,
    "sff": "spinal"
  },
  {
    "docID": "N106 Xiong",
    "et": "SpinalFiberTract",
    "off": 14602,
    "sff": "spinal tract"
  },
  {
    "docID": "N106 Xiong",
    "et": "SpinalFiberTract",
    "off": 24371,
    "sff": "spinal"
  },
  {
    "docID": "N106 Xiong",
    "et": "SpinalFiberTract",
    "off": 23338,
    "sff": "spinal"
  },
  {
    "docID": "N106 Xiong",
    "et": "SpinalFiberTract",
    "off": 21038,
    "sff": "spinal"
  },
  {
    "docID": "N106 Xiong",
    "et": "SpinalFiberTract",
    "off": 3692,
    "sff": "spinal"
  },
  {
    "docID": "N106 Xiong",
    "et": "SpinalFiberTract",
    "off": 14977,
    "sff": "spinal"
  },
  {
    "docID": "N106 Xiong",
    "et": "SpinalFiberTract",
    "off": 15872,
    "sff": "spinal"
  },
  {
    "docID": "N106 Xiong",
    "et": "SpinalFiberTract",
    "off": 10629,
    "sff": "spinal"
  },
  {
    "docID": "N106 Xiong",
    "et": "SpinalFiberTract",
    "off": 14214,
    "sff": "spinal"
  },
  {
    "docID": "N106 Xiong",
    "et": "SpinalFiberTract",
    "off": 10682,
    "sff": "spinal"
  },
  {
    "docID": "N106 Xiong",
    "et": "SpinalFiberTract",
    "off": 8248,
    "sff": "spinal"
  },
  {
    "docID": "N106 Xiong",
    "et": "SpinalFiberTract",
    "off": 20539,
    "sff": "spinal"
  },
  {
    "docID": "N106 Xiong",
    "et": "SpinalFiberTract",
    "off": 931,
    "sff": "spinal tract"
  },
  {
    "docID": "N106 Xiong",
    "et": "SpinalFiberTract",
    "off": 19090,
    "sff": "spinal"
  },
  {
    "docID": "N106 Xiong",
    "et": "SpinalFiberTract",
    "off": 24724,
    "sff": "spinal"
  },
  {
    "docID": "N106 Xiong",
    "et": "SpinalFiberTract",
    "off": 1673,
    "sff": "Spinal"
  },
  {
    "docID": "N106 Xiong",
    "et": "SpinalFiberTract",
    "off": 14602,
    "sff": "spinal"
  },
  {
    "docID": "N106 Xiong",
    "et": "SpinalFiberTract",
    "off": 24458,
    "sff": "spinal"
  },
  {
    "docID": "N106 Xiong",
    "et": "SpinalFiberTract",
    "off": 138,
    "sff": "spinal"
  },
  {
    "docID": "N106 Xiong",
    "et": "SpinalFiberTract",
    "off": 22217,
    "sff": "spinal"
  },
  {
    "docID": "N106 Xiong",
    "et": "SpinalFiberTract",
    "off": 21134,
    "sff": "spinal"
  },
  {
    "docID": "N106 Xiong",
    "et": "SpinalFiberTract",
    "off": 396,
    "sff": "spinal"
  },
  {
    "docID": "N106 Xiong",
    "et": "SpinalFiberTract",
    "off": 8098,
    "sff": "spinal"
  },
  {
    "docID": "N106 Xiong",
    "et": "SpinalFiberTract",
    "off": 8674,
    "sff": "spinal"
  },
  {
    "docID": "N106 Xiong",
    "et": "SpinalFiberTract",
    "off": 9830,
    "sff": "spinal"
  },
  {
    "docID": "N106 Xiong",
    "et": "SpinalFiberTract",
    "off": 14771,
    "sff": "fiber"
  },
  {
    "docID": "N106 Xiong",
    "et": "SpinalFiberTract",
    "off": 18789,
    "sff": "spinal"
  },
  {
    "docID": "N106 Xiong",
    "et": "SpinalFiberTract",
    "off": 931,
    "sff": "spinal"
  },
  {
    "docID": "N106 Xiong",
    "et": "SpinalFiberTract",
    "off": 23588,
    "sff": "spinal"
  },
  {
    "docID": "N106 Xiong",
    "et": "SpinalFiberTract",
    "off": 8345,
    "sff": "spinal"
  },
  {
    "docID": "N106 Xiong",
    "et": "SpinalFiberTract",
    "off": 14298,
    "sff": "spinal"
  },
  {
    "docID": "N106 Xiong",
    "et": "SpinalFiberTract",
    "off": 20122,
    "sff": "spinal"
  },
  {
    "docID": "N106 Xiong",
    "et": "SpinalFiberTract",
    "off": 8030,
    "sff": "spinal"
  },
  {
    "docID": "N106 Xiong",
    "et": "SpinalFiberTract",
    "off": 860,
    "sff": "spinal"
  },
  {
    "docID": "N106 Xiong",
    "et": "SpinalVentralHalf",
    "off": 931,
    "sff": "spinal"
  },
  {
    "docID": "N106 Xiong",
    "et": "SpinalVentralHalf",
    "off": 8098,
    "sff": "spinal"
  },
  {
    "docID": "N106 Xiong",
    "et": "SpinalVentralHalf",
    "off": 8674,
    "sff": "spinal"
  },
  {
    "docID": "N106 Xiong",
    "et": "SpinalVentralHalf",
    "off": 9830,
    "sff": "spinal"
  },
  {
    "docID": "N106 Xiong",
    "et": "SpinalVentralHalf",
    "off": 18789,
    "sff": "spinal"
  },
  {
    "docID": "N106 Xiong",
    "et": "SpinalVentralHalf",
    "off": 23588,
    "sff": "spinal"
  },
  {
    "docID": "N106 Xiong",
    "et": "SpinalVentralHalf",
    "off": 23338,
    "sff": "spinal"
  },
  {
    "docID": "N106 Xiong",
    "et": "SpinalVentralHalf",
    "off": 23023,
    "sff": "spinal"
  },
  {
    "docID": "N106 Xiong",
    "et": "SpinalVentralHalf",
    "off": 21038,
    "sff": "spinal"
  },
  {
    "docID": "N106 Xiong",
    "et": "SpinalVentralHalf",
    "off": 3692,
    "sff": "spinal"
  },
  {
    "docID": "N106 Xiong",
    "et": "SpinalVentralHalf",
    "off": 24371,
    "sff": "spinal"
  },
  {
    "docID": "N106 Xiong",
    "et": "SpinalVentralHalf",
    "off": 15280,
    "sff": "spinal"
  },
  {
    "docID": "N106 Xiong",
    "et": "SpinalVentralHalf",
    "off": 1673,
    "sff": "Spinal"
  },
  {
    "docID": "N106 Xiong",
    "et": "SpinalVentralHalf",
    "off": 19765,
    "sff": "spinal"
  },
  {
    "docID": "N106 Xiong",
    "et": "SpinalVentralHalf",
    "off": 23284,
    "sff": "spinal"
  },
  {
    "docID": "N106 Xiong",
    "et": "SpinalVentralHalf",
    "off": 20539,
    "sff": "spinal"
  },
  {
    "docID": "N106 Xiong",
    "et": "SpinalVentralHalf",
    "off": 10682,
    "sff": "spinal"
  },
  {
    "docID": "N106 Xiong",
    "et": "SpinalVentralHalf",
    "off": 8248,
    "sff": "spinal"
  },
  {
    "docID": "N106 Xiong",
    "et": "SpinalVentralHalf",
    "off": 14977,
    "sff": "spinal"
  },
  {
    "docID": "N106 Xiong",
    "et": "SpinalVentralHalf",
    "off": 15872,
    "sff": "spinal"
  },
  {
    "docID": "N106 Xiong",
    "et": "SpinalVentralHalf",
    "off": 14214,
    "sff": "spinal"
  },
  {
    "docID": "N106 Xiong",
    "et": "SpinalVentralHalf",
    "off": 10629,
    "sff": "spinal"
  },
  {
    "docID": "N106 Xiong",
    "et": "SpinalVentralHalf",
    "off": 138,
    "sff": "spinal"
  },
  {
    "docID": "N106 Xiong",
    "et": "SpinalVentralHalf",
    "off": 14602,
    "sff": "spinal"
  },
  {
    "docID": "N106 Xiong",
    "et": "SpinalVentralHalf",
    "off": 24458,
    "sff": "spinal"
  },
  {
    "docID": "N106 Xiong",
    "et": "SpinalVentralHalf",
    "off": 22217,
    "sff": "spinal"
  },
  {
    "docID": "N106 Xiong",
    "et": "SpinalVentralHalf",
    "off": 21134,
    "sff": "spinal"
  },
  {
    "docID": "N106 Xiong",
    "et": "SpinalVentralHalf",
    "off": 396,
    "sff": "spinal"
  },
  {
    "docID": "N106 Xiong",
    "et": "SpinalVentralHalf",
    "off": 19090,
    "sff": "spinal"
  },
  {
    "docID": "N106 Xiong",
    "et": "SpinalVentralHalf",
    "off": 24724,
    "sff": "spinal"
  },
  {
    "docID": "N106 Xiong",
    "et": "SpinalVentralHalf",
    "off": 14298,
    "sff": "spinal"
  },
  {
    "docID": "N106 Xiong",
    "et": "SpinalVentralHalf",
    "off": 20122,
    "sff": "spinal"
  },
  {
    "docID": "N106 Xiong",
    "et": "SpinalVentralHalf",
    "off": 8345,
    "sff": "spinal"
  },
  {
    "docID": "N106 Xiong",
    "et": "SpinalVentralHalf",
    "off": 8030,
    "sff": "spinal"
  },
  {
    "docID": "N106 Xiong",
    "et": "SpinalVentralHalf",
    "off": 860,
    "sff": "spinal"
  },
  {
    "docID": "N106 Xiong",
    "et": "Rostral",
    "off": 24707,
    "sff": "rostral"
  },
  {
    "docID": "N106 Xiong",
    "et": "DorsalColumn",
    "off": 19674,
    "sff": "dorsal"
  },
  {
    "docID": "N106 Xiong",
    "et": "DorsalColumn",
    "off": 20249,
    "sff": "dorsal"
  },
  {
    "docID": "N106 Xiong",
    "et": "ChondroitinaseABC",
    "off": 2670,
    "sff": "Chondroitinase"
  },
  {
    "docID": "N106 Xiong",
    "et": "ChondroitinaseABC",
    "off": 216,
    "sff": "chondroitinase"
  },
  {
    "docID": "N106 Xiong",
    "et": "Left",
    "off": 14444,
    "sff": "left"
  },
  {
    "docID": "N106 Xiong",
    "et": "Left",
    "off": 14415,
    "sff": "left"
  },
  {
    "docID": "N106 Xiong",
    "et": "Left",
    "off": 14254,
    "sff": "Left"
  },
  {
    "docID": "N106 Xiong",
    "et": "Substance",
    "off": 21622,
    "sff": "substance"
  },
  {
    "docID": "N106 Xiong",
    "et": "SubstanceApplicationLocation",
    "off": 23502,
    "sff": "application"
  },
  {
    "docID": "N106 Xiong",
    "et": "SubstanceApplicationLocation",
    "off": 23153,
    "sff": "application"
  },
  {
    "docID": "N106 Xiong",
    "et": "SubstanceApplicationLocation",
    "off": 22630,
    "sff": "application"
  },
  {
    "docID": "N106 Xiong",
    "et": "SubstanceApplicationLocation",
    "off": 25259,
    "sff": "application"
  },
  {
    "docID": "N106 Xiong",
    "et": "SubstanceApplicationLocation",
    "off": 21622,
    "sff": "substance"
  },
  {
    "docID": "N106 Xiong",
    "et": "SubstanceApplicationLocation",
    "off": 21960,
    "sff": "application"
  },
  {
    "docID": "N106 Xiong",
    "et": "SubstanceApplicationLocation",
    "off": 22840,
    "sff": "application"
  },
  {
    "docID": "N106 Xiong",
    "et": "Tissue",
    "off": 21168,
    "sff": "tissue"
  },
  {
    "docID": "N106 Xiong",
    "et": "Tissue",
    "off": 22229,
    "sff": "tissue"
  },
  {
    "docID": "N106 Xiong",
    "et": "Tissue",
    "off": 3081,
    "sff": "tissue"
  },
  {
    "docID": "N106 Xiong",
    "et": "ChinaShenyangSunshinePharmaceuticalCompany",
    "off": 5626,
    "sff": "China"
  },
  {
    "docID": "N106 Xiong",
    "et": "ChinaShenyangSunshinePharmaceuticalCompany",
    "off": 5943,
    "sff": "China"
  },
  {
    "docID": "N106 Xiong",
    "et": "ChinaShenyangSunshinePharmaceuticalCompany",
    "off": 11206,
    "sff": "China"
  },
  {
    "docID": "N106 Xiong",
    "et": "ChinaShenyangSunshinePharmaceuticalCompany",
    "off": 690,
    "sff": "China"
  },
  {
    "docID": "N106 Xiong",
    "et": "InjectionDelivery",
    "off": 9633,
    "sff": "injection"
  },
  {
    "docID": "N106 Xiong",
    "et": "InjectionDelivery",
    "off": 23365,
    "sff": "injection"
  },
  {
    "docID": "N106 Xiong",
    "et": "SpinalLesionSite",
    "off": 18964,
    "sff": "lesion site"
  },
  {
    "docID": "N106 Xiong",
    "et": "SpinalLesionSite",
    "off": 19765,
    "sff": "spinal"
  },
  {
    "docID": "N106 Xiong",
    "et": "SpinalLesionSite",
    "off": 20539,
    "sff": "spinal"
  },
  {
    "docID": "N106 Xiong",
    "et": "SpinalLesionSite",
    "off": 10682,
    "sff": "spinal"
  },
  {
    "docID": "N106 Xiong",
    "et": "SpinalLesionSite",
    "off": 8564,
    "sff": "lesion"
  },
  {
    "docID": "N106 Xiong",
    "et": "SpinalLesionSite",
    "off": 8248,
    "sff": "spinal"
  },
  {
    "docID": "N106 Xiong",
    "et": "SpinalLesionSite",
    "off": 1673,
    "sff": "Spinal"
  },
  {
    "docID": "N106 Xiong",
    "et": "SpinalLesionSite",
    "off": 19718,
    "sff": "lesion"
  },
  {
    "docID": "N106 Xiong",
    "et": "SpinalLesionSite",
    "off": 22217,
    "sff": "spinal"
  },
  {
    "docID": "N106 Xiong",
    "et": "SpinalLesionSite",
    "off": 931,
    "sff": "spinal"
  },
  {
    "docID": "N106 Xiong",
    "et": "SpinalLesionSite",
    "off": 4190,
    "sff": "lesion"
  },
  {
    "docID": "N106 Xiong",
    "et": "SpinalLesionSite",
    "off": 8098,
    "sff": "spinal"
  },
  {
    "docID": "N106 Xiong",
    "et": "SpinalLesionSite",
    "off": 2268,
    "sff": "lesion"
  },
  {
    "docID": "N106 Xiong",
    "et": "SpinalLesionSite",
    "off": 3676,
    "sff": "lesion"
  },
  {
    "docID": "N106 Xiong",
    "et": "SpinalLesionSite",
    "off": 24724,
    "sff": "spinal"
  },
  {
    "docID": "N106 Xiong",
    "et": "SpinalLesionSite",
    "off": 19502,
    "sff": "lesion site"
  },
  {
    "docID": "N106 Xiong",
    "et": "SpinalLesionSite",
    "off": 20122,
    "sff": "spinal"
  },
  {
    "docID": "N106 Xiong",
    "et": "SpinalLesionSite",
    "off": 8345,
    "sff": "spinal"
  },
  {
    "docID": "N106 Xiong",
    "et": "SpinalLesionSite",
    "off": 21038,
    "sff": "spinal"
  },
  {
    "docID": "N106 Xiong",
    "et": "SpinalLesionSite",
    "off": 24371,
    "sff": "spinal"
  },
  {
    "docID": "N106 Xiong",
    "et": "SpinalLesionSite",
    "off": 19565,
    "sff": "lesion"
  },
  {
    "docID": "N106 Xiong",
    "et": "SpinalLesionSite",
    "off": 15280,
    "sff": "spinal"
  },
  {
    "docID": "N106 Xiong",
    "et": "SpinalLesionSite",
    "off": 23588,
    "sff": "spinal"
  },
  {
    "docID": "N106 Xiong",
    "et": "SpinalLesionSite",
    "off": 23338,
    "sff": "spinal"
  },
  {
    "docID": "N106 Xiong",
    "et": "SpinalLesionSite",
    "off": 20289,
    "sff": "lesion"
  },
  {
    "docID": "N106 Xiong",
    "et": "SpinalLesionSite",
    "off": 14977,
    "sff": "spinal"
  },
  {
    "docID": "N106 Xiong",
    "et": "SpinalLesionSite",
    "off": 15872,
    "sff": "spinal"
  },
  {
    "docID": "N106 Xiong",
    "et": "SpinalLesionSite",
    "off": 19145,
    "sff": "lesion site"
  },
  {
    "docID": "N106 Xiong",
    "et": "SpinalLesionSite",
    "off": 23284,
    "sff": "spinal"
  },
  {
    "docID": "N106 Xiong",
    "et": "SpinalLesionSite",
    "off": 21134,
    "sff": "spinal"
  },
  {
    "docID": "N106 Xiong",
    "et": "SpinalLesionSite",
    "off": 396,
    "sff": "spinal"
  },
  {
    "docID": "N106 Xiong",
    "et": "SpinalLesionSite",
    "off": 19021,
    "sff": "lesion"
  },
  {
    "docID": "N106 Xiong",
    "et": "SpinalLesionSite",
    "off": 19090,
    "sff": "spinal"
  },
  {
    "docID": "N106 Xiong",
    "et": "SpinalLesionSite",
    "off": 14214,
    "sff": "spinal"
  },
  {
    "docID": "N106 Xiong",
    "et": "SpinalLesionSite",
    "off": 19145,
    "sff": "lesion"
  },
  {
    "docID": "N106 Xiong",
    "et": "SpinalLesionSite",
    "off": 10629,
    "sff": "spinal"
  },
  {
    "docID": "N106 Xiong",
    "et": "SpinalLesionSite",
    "off": 138,
    "sff": "spinal"
  },
  {
    "docID": "N106 Xiong",
    "et": "SpinalLesionSite",
    "off": 14602,
    "sff": "spinal"
  },
  {
    "docID": "N106 Xiong",
    "et": "SpinalLesionSite",
    "off": 24458,
    "sff": "spinal"
  },
  {
    "docID": "N106 Xiong",
    "et": "SpinalLesionSite",
    "off": 8030,
    "sff": "spinal"
  },
  {
    "docID": "N106 Xiong",
    "et": "SpinalLesionSite",
    "off": 860,
    "sff": "spinal"
  },
  {
    "docID": "N106 Xiong",
    "et": "SpinalLesionSite",
    "off": 8674,
    "sff": "spinal"
  },
  {
    "docID": "N106 Xiong",
    "et": "SpinalLesionSite",
    "off": 23450,
    "sff": "lesion"
  },
  {
    "docID": "N106 Xiong",
    "et": "SpinalLesionSite",
    "off": 14872,
    "sff": "lesion"
  },
  {
    "docID": "N106 Xiong",
    "et": "SpinalLesionSite",
    "off": 14298,
    "sff": "spinal"
  },
  {
    "docID": "N106 Xiong",
    "et": "SpinalLesionSite",
    "off": 18964,
    "sff": "lesion"
  },
  {
    "docID": "N106 Xiong",
    "et": "SpinalLesionSite",
    "off": 15379,
    "sff": "lesion"
  },
  {
    "docID": "N106 Xiong",
    "et": "SpinalLesionSite",
    "off": 19565,
    "sff": "lesion site"
  },
  {
    "docID": "N106 Xiong",
    "et": "SpinalLesionSite",
    "off": 23023,
    "sff": "spinal"
  },
  {
    "docID": "N106 Xiong",
    "et": "SpinalLesionSite",
    "off": 3692,
    "sff": "spinal"
  },
  {
    "docID": "N106 Xiong",
    "et": "SpinalLesionSite",
    "off": 19502,
    "sff": "lesion"
  },
  {
    "docID": "N106 Xiong",
    "et": "SpinalLesionSite",
    "off": 14634,
    "sff": "lesion"
  },
  {
    "docID": "N106 Xiong",
    "et": "SpinalLesionSite",
    "off": 9830,
    "sff": "spinal"
  },
  {
    "docID": "N106 Xiong",
    "et": "SpinalLesionSite",
    "off": 18789,
    "sff": "spinal"
  },
  {
    "docID": "N106 Xiong",
    "et": "T4",
    "off": 6272,
    "sff": "T4"
  },
  {
    "docID": "N106 Xiong",
    "et": "AnimalSpecies",
    "off": 7454,
    "sff": "Animal"
  },
  {
    "docID": "N106 Xiong",
    "et": "AnimalSpecies",
    "off": 7671,
    "sff": "Animal"
  },
  {
    "docID": "N106 Xiong",
    "et": "AnimalSpecies",
    "off": 10050,
    "sff": "animal"
  },
  {
    "docID": "N106 Xiong",
    "et": "Right",
    "off": 14365,
    "sff": "right"
  },
  {
    "docID": "N106 Xiong",
    "et": "Right",
    "off": 14463,
    "sff": "right"
  },
  {
    "docID": "N106 Xiong",
    "et": "TemperatureTreatment",
    "off": 11861,
    "sff": "temperature"
  },
  {
    "docID": "N106 Xiong",
    "et": "Intrathecal",
    "off": 23353,
    "sff": "intrathecal"
  },
  {
    "docID": "N106 Xiong",
    "et": "StemCell",
    "off": 311,
    "sff": "stem cell"
  },
  {
    "docID": "N106 Xiong",
    "et": "StemCell",
    "off": 3329,
    "sff": "stem"
  },
  {
    "docID": "N106 Xiong",
    "et": "StemCell",
    "off": 722,
    "sff": "stem"
  },
  {
    "docID": "N106 Xiong",
    "et": "StemCell",
    "off": 3167,
    "sff": "stem"
  },
  {
    "docID": "N106 Xiong",
    "et": "StemCell",
    "off": 3211,
    "sff": "stem"
  },
  {
    "docID": "N106 Xiong",
    "et": "SpinalCord",
    "off": 19090,
    "sff": "spinal cord"
  },
  {
    "docID": "N106 Xiong",
    "et": "SpinalCord",
    "off": 21134,
    "sff": "spinal cord"
  },
  {
    "docID": "N106 Xiong",
    "et": "SpinalCord",
    "off": 1673,
    "sff": "Spinal cord"
  },
  {
    "docID": "N106 Xiong",
    "et": "SpinalCord",
    "off": 14602,
    "sff": "spinal"
  },
  {
    "docID": "N106 Xiong",
    "et": "SpinalCord",
    "off": 24458,
    "sff": "spinal"
  },
  {
    "docID": "N106 Xiong",
    "et": "SpinalCord",
    "off": 22217,
    "sff": "spinal cord"
  },
  {
    "docID": "N106 Xiong",
    "et": "SpinalCord",
    "off": 396,
    "sff": "spinal cord"
  },
  {
    "docID": "N106 Xiong",
    "et": "SpinalCord",
    "off": 14214,
    "sff": "spinal cord"
  },
  {
    "docID": "N106 Xiong",
    "et": "SpinalCord",
    "off": 10629,
    "sff": "spinal cord"
  },
  {
    "docID": "N106 Xiong",
    "et": "SpinalCord",
    "off": 14977,
    "sff": "spinal cord"
  },
  {
    "docID": "N106 Xiong",
    "et": "SpinalCord",
    "off": 24724,
    "sff": "spinal"
  },
  {
    "docID": "N106 Xiong",
    "et": "SpinalCord",
    "off": 15872,
    "sff": "spinal cord"
  },
  {
    "docID": "N106 Xiong",
    "et": "SpinalCord",
    "off": 10682,
    "sff": "spinal cord"
  },
  {
    "docID": "N106 Xiong",
    "et": "SpinalCord",
    "off": 20539,
    "sff": "spinal cord"
  },
  {
    "docID": "N106 Xiong",
    "et": "SpinalCord",
    "off": 8030,
    "sff": "spinal"
  },
  {
    "docID": "N106 Xiong",
    "et": "SpinalCord",
    "off": 19765,
    "sff": "spinal cord"
  },
  {
    "docID": "N106 Xiong",
    "et": "SpinalCord",
    "off": 23284,
    "sff": "spinal cord"
  },
  {
    "docID": "N106 Xiong",
    "et": "SpinalCord",
    "off": 931,
    "sff": "spinal"
  },
  {
    "docID": "N106 Xiong",
    "et": "SpinalCord",
    "off": 24371,
    "sff": "spinal cord"
  },
  {
    "docID": "N106 Xiong",
    "et": "SpinalCord",
    "off": 9830,
    "sff": "spinal"
  },
  {
    "docID": "N106 Xiong",
    "et": "SpinalCord",
    "off": 21038,
    "sff": "spinal cord"
  },
  {
    "docID": "N106 Xiong",
    "et": "SpinalCord",
    "off": 15280,
    "sff": "spinal cord"
  },
  {
    "docID": "N106 Xiong",
    "et": "SpinalCord",
    "off": 23023,
    "sff": "spinal cord"
  },
  {
    "docID": "N106 Xiong",
    "et": "SpinalCord",
    "off": 23338,
    "sff": "spinal cord"
  },
  {
    "docID": "N106 Xiong",
    "et": "SpinalCord",
    "off": 3692,
    "sff": "spinal cord"
  },
  {
    "docID": "N106 Xiong",
    "et": "SpinalCord",
    "off": 18789,
    "sff": "spinal cord"
  },
  {
    "docID": "N106 Xiong",
    "et": "SpinalCord",
    "off": 8098,
    "sff": "spinal cord"
  },
  {
    "docID": "N106 Xiong",
    "et": "SpinalCord",
    "off": 8674,
    "sff": "spinal cord"
  },
  {
    "docID": "N106 Xiong",
    "et": "SpinalCord",
    "off": 23588,
    "sff": "spinal cord"
  },
  {
    "docID": "N106 Xiong",
    "et": "SpinalCord",
    "off": 8248,
    "sff": "spinal"
  },
  {
    "docID": "N106 Xiong",
    "et": "SpinalCord",
    "off": 14298,
    "sff": "spinal cord"
  },
  {
    "docID": "N106 Xiong",
    "et": "SpinalCord",
    "off": 20122,
    "sff": "spinal cord"
  },
  {
    "docID": "N106 Xiong",
    "et": "SpinalCord",
    "off": 8345,
    "sff": "spinal cord"
  },
  {
    "docID": "N106 Xiong",
    "et": "SpinalCord",
    "off": 860,
    "sff": "spinal cord"
  },
  {
    "docID": "N106 Xiong",
    "et": "LesionAdjacentTissue",
    "off": 14872,
    "sff": "lesion"
  },
  {
    "docID": "N106 Xiong",
    "et": "LesionAdjacentTissue",
    "off": 23450,
    "sff": "lesion"
  },
  {
    "docID": "N106 Xiong",
    "et": "LesionAdjacentTissue",
    "off": 2268,
    "sff": "lesion"
  },
  {
    "docID": "N106 Xiong",
    "et": "LesionAdjacentTissue",
    "off": 3676,
    "sff": "lesion"
  },
  {
    "docID": "N106 Xiong",
    "et": "LesionAdjacentTissue",
    "off": 4190,
    "sff": "lesion"
  },
  {
    "docID": "N106 Xiong",
    "et": "LesionAdjacentTissue",
    "off": 20289,
    "sff": "lesion"
  },
  {
    "docID": "N106 Xiong",
    "et": "LesionAdjacentTissue",
    "off": 19718,
    "sff": "lesion"
  },
  {
    "docID": "N106 Xiong",
    "et": "LesionAdjacentTissue",
    "off": 19145,
    "sff": "lesion"
  },
  {
    "docID": "N106 Xiong",
    "et": "LesionAdjacentTissue",
    "off": 14634,
    "sff": "lesion"
  },
  {
    "docID": "N106 Xiong",
    "et": "LesionAdjacentTissue",
    "off": 19021,
    "sff": "lesion"
  },
  {
    "docID": "N106 Xiong",
    "et": "LesionAdjacentTissue",
    "off": 19565,
    "sff": "lesion"
  },
  {
    "docID": "N106 Xiong",
    "et": "LesionAdjacentTissue",
    "off": 19502,
    "sff": "lesion"
  },
  {
    "docID": "N106 Xiong",
    "et": "LesionAdjacentTissue",
    "off": 15379,
    "sff": "lesion"
  },
  {
    "docID": "N106 Xiong",
    "et": "LesionAdjacentTissue",
    "off": 8564,
    "sff": "lesion"
  },
  {
    "docID": "N106 Xiong",
    "et": "LesionAdjacentTissue",
    "off": 18964,
    "sff": "lesion"
  },
  {
    "docID": "N106 Xiong",
    "et": "CentralNervousSystem",
    "off": 14350,
    "sff": "central"
  },
  {
    "docID": "N106 Xiong",
    "et": "Location",
    "off": 19344,
    "sff": "location"
  },
  {
    "docID": "N106 Xiong",
    "et": "Matrix",
    "off": 2607,
    "sff": "matrix"
  },
  {
    "docID": "N106 Xiong",
    "et": "SpinalCentralPart",
    "off": 10629,
    "sff": "spinal"
  },
  {
    "docID": "N106 Xiong",
    "et": "SpinalCentralPart",
    "off": 14214,
    "sff": "spinal"
  },
  {
    "docID": "N106 Xiong",
    "et": "SpinalCentralPart",
    "off": 396,
    "sff": "spinal"
  },
  {
    "docID": "N106 Xiong",
    "et": "SpinalCentralPart",
    "off": 22217,
    "sff": "spinal"
  },
  {
    "docID": "N106 Xiong",
    "et": "SpinalCentralPart",
    "off": 138,
    "sff": "spinal"
  },
  {
    "docID": "N106 Xiong",
    "et": "SpinalCentralPart",
    "off": 14602,
    "sff": "spinal"
  },
  {
    "docID": "N106 Xiong",
    "et": "SpinalCentralPart",
    "off": 24458,
    "sff": "spinal"
  },
  {
    "docID": "N106 Xiong",
    "et": "SpinalCentralPart",
    "off": 1673,
    "sff": "Spinal"
  },
  {
    "docID": "N106 Xiong",
    "et": "SpinalCentralPart",
    "off": 15872,
    "sff": "spinal"
  },
  {
    "docID": "N106 Xiong",
    "et": "SpinalCentralPart",
    "off": 14977,
    "sff": "spinal"
  },
  {
    "docID": "N106 Xiong",
    "et": "SpinalCentralPart",
    "off": 8248,
    "sff": "spinal"
  },
  {
    "docID": "N106 Xiong",
    "et": "SpinalCentralPart",
    "off": 19765,
    "sff": "spinal"
  },
  {
    "docID": "N106 Xiong",
    "et": "SpinalCentralPart",
    "off": 20539,
    "sff": "spinal"
  },
  {
    "docID": "N106 Xiong",
    "et": "SpinalCentralPart",
    "off": 10682,
    "sff": "spinal"
  },
  {
    "docID": "N106 Xiong",
    "et": "SpinalCentralPart",
    "off": 23023,
    "sff": "spinal"
  },
  {
    "docID": "N106 Xiong",
    "et": "SpinalCentralPart",
    "off": 15280,
    "sff": "spinal"
  },
  {
    "docID": "N106 Xiong",
    "et": "SpinalCentralPart",
    "off": 14350,
    "sff": "central"
  },
  {
    "docID": "N106 Xiong",
    "et": "SpinalCentralPart",
    "off": 21038,
    "sff": "spinal"
  },
  {
    "docID": "N106 Xiong",
    "et": "SpinalCentralPart",
    "off": 24371,
    "sff": "spinal"
  },
  {
    "docID": "N106 Xiong",
    "et": "SpinalCentralPart",
    "off": 23284,
    "sff": "spinal"
  },
  {
    "docID": "N106 Xiong",
    "et": "SpinalCentralPart",
    "off": 18789,
    "sff": "spinal"
  },
  {
    "docID": "N106 Xiong",
    "et": "SpinalCentralPart",
    "off": 9830,
    "sff": "spinal"
  },
  {
    "docID": "N106 Xiong",
    "et": "SpinalCentralPart",
    "off": 3692,
    "sff": "spinal"
  },
  {
    "docID": "N106 Xiong",
    "et": "SpinalCentralPart",
    "off": 23338,
    "sff": "spinal"
  },
  {
    "docID": "N106 Xiong",
    "et": "SpinalCentralPart",
    "off": 8030,
    "sff": "spinal"
  },
  {
    "docID": "N106 Xiong",
    "et": "SpinalCentralPart",
    "off": 931,
    "sff": "spinal"
  },
  {
    "docID": "N106 Xiong",
    "et": "SpinalCentralPart",
    "off": 23588,
    "sff": "spinal"
  },
  {
    "docID": "N106 Xiong",
    "et": "SpinalCentralPart",
    "off": 8098,
    "sff": "spinal"
  },
  {
    "docID": "N106 Xiong",
    "et": "SpinalCentralPart",
    "off": 8674,
    "sff": "spinal"
  },
  {
    "docID": "N106 Xiong",
    "et": "SpinalCentralPart",
    "off": 860,
    "sff": "spinal"
  },
  {
    "docID": "N106 Xiong",
    "et": "SpinalCentralPart",
    "off": 8345,
    "sff": "spinal"
  },
  {
    "docID": "N106 Xiong",
    "et": "SpinalCentralPart",
    "off": 14298,
    "sff": "spinal"
  },
  {
    "docID": "N106 Xiong",
    "et": "SpinalCentralPart",
    "off": 20122,
    "sff": "spinal"
  },
  {
    "docID": "N106 Xiong",
    "et": "SpinalCentralPart",
    "off": 21134,
    "sff": "spinal"
  },
  {
    "docID": "N106 Xiong",
    "et": "SpinalCentralPart",
    "off": 24724,
    "sff": "spinal"
  },
  {
    "docID": "N106 Xiong",
    "et": "SpinalCentralPart",
    "off": 19090,
    "sff": "spinal"
  },
  {
    "docID": "N106 Xiong",
    "et": "Micropump",
    "off": 8700,
    "sff": "micropump"
  },
  {
    "docID": "N106 Xiong",
    "et": "GuineaPigSpecies",
    "off": 3983,
    "sff": "pig"
  },
  {
    "docID": "N106 Xiong",
    "et": "DNA",
    "off": 6275,
    "sff": "DNA"
  },
  {
    "docID": "N106 Xiong",
    "et": "DNA",
    "off": 6265,
    "sff": "DNA"
  },
  {
    "docID": "N106 Xiong",
    "et": "Brain",
    "off": 3987,
    "sff": "brain"
  },
  {
    "docID": "N106 Xiong",
    "et": "Brain",
    "off": 5450,
    "sff": "brain"
  },
  {
    "docID": "N106 Xiong",
    "et": "AscendingFiberTract",
    "off": 14771,
    "sff": "fiber"
  },
  {
    "docID": "N106 Xiong",
    "et": "SpinalWhiteMatter",
    "off": 14977,
    "sff": "spinal"
  },
  {
    "docID": "N106 Xiong",
    "et": "SpinalWhiteMatter",
    "off": 15872,
    "sff": "spinal"
  },
  {
    "docID": "N106 Xiong",
    "et": "SpinalWhiteMatter",
    "off": 10629,
    "sff": "spinal"
  },
  {
    "docID": "N106 Xiong",
    "et": "SpinalWhiteMatter",
    "off": 14214,
    "sff": "spinal"
  },
  {
    "docID": "N106 Xiong",
    "et": "SpinalWhiteMatter",
    "off": 14323,
    "sff": "white"
  },
  {
    "docID": "N106 Xiong",
    "et": "SpinalWhiteMatter",
    "off": 14602,
    "sff": "spinal"
  },
  {
    "docID": "N106 Xiong",
    "et": "SpinalWhiteMatter",
    "off": 24458,
    "sff": "spinal"
  },
  {
    "docID": "N106 Xiong",
    "et": "SpinalWhiteMatter",
    "off": 138,
    "sff": "spinal"
  },
  {
    "docID": "N106 Xiong",
    "et": "SpinalWhiteMatter",
    "off": 22217,
    "sff": "spinal"
  },
  {
    "docID": "N106 Xiong",
    "et": "SpinalWhiteMatter",
    "off": 21134,
    "sff": "spinal"
  },
  {
    "docID": "N106 Xiong",
    "et": "SpinalWhiteMatter",
    "off": 396,
    "sff": "spinal"
  },
  {
    "docID": "N106 Xiong",
    "et": "SpinalWhiteMatter",
    "off": 25040,
    "sff": "white matter"
  },
  {
    "docID": "N106 Xiong",
    "et": "SpinalWhiteMatter",
    "off": 15280,
    "sff": "spinal"
  },
  {
    "docID": "N106 Xiong",
    "et": "SpinalWhiteMatter",
    "off": 23023,
    "sff": "spinal"
  },
  {
    "docID": "N106 Xiong",
    "et": "SpinalWhiteMatter",
    "off": 19765,
    "sff": "spinal"
  },
  {
    "docID": "N106 Xiong",
    "et": "SpinalWhiteMatter",
    "off": 23284,
    "sff": "spinal"
  },
  {
    "docID": "N106 Xiong",
    "et": "SpinalWhiteMatter",
    "off": 1673,
    "sff": "Spinal"
  },
  {
    "docID": "N106 Xiong",
    "et": "SpinalWhiteMatter",
    "off": 24371,
    "sff": "spinal"
  },
  {
    "docID": "N106 Xiong",
    "et": "SpinalWhiteMatter",
    "off": 10682,
    "sff": "spinal"
  },
  {
    "docID": "N106 Xiong",
    "et": "SpinalWhiteMatter",
    "off": 25040,
    "sff": "white"
  },
  {
    "docID": "N106 Xiong",
    "et": "SpinalWhiteMatter",
    "off": 8248,
    "sff": "spinal"
  },
  {
    "docID": "N106 Xiong",
    "et": "SpinalWhiteMatter",
    "off": 20259,
    "sff": "white matter"
  },
  {
    "docID": "N106 Xiong",
    "et": "SpinalWhiteMatter",
    "off": 20539,
    "sff": "spinal"
  },
  {
    "docID": "N106 Xiong",
    "et": "SpinalWhiteMatter",
    "off": 8098,
    "sff": "spinal"
  },
  {
    "docID": "N106 Xiong",
    "et": "SpinalWhiteMatter",
    "off": 8674,
    "sff": "spinal"
  },
  {
    "docID": "N106 Xiong",
    "et": "SpinalWhiteMatter",
    "off": 19684,
    "sff": "white matter"
  },
  {
    "docID": "N106 Xiong",
    "et": "SpinalWhiteMatter",
    "off": 9830,
    "sff": "spinal"
  },
  {
    "docID": "N106 Xiong",
    "et": "SpinalWhiteMatter",
    "off": 18789,
    "sff": "spinal"
  },
  {
    "docID": "N106 Xiong",
    "et": "SpinalWhiteMatter",
    "off": 931,
    "sff": "spinal"
  },
  {
    "docID": "N106 Xiong",
    "et": "SpinalWhiteMatter",
    "off": 23588,
    "sff": "spinal"
  },
  {
    "docID": "N106 Xiong",
    "et": "SpinalWhiteMatter",
    "off": 23338,
    "sff": "spinal"
  },
  {
    "docID": "N106 Xiong",
    "et": "SpinalWhiteMatter",
    "off": 21038,
    "sff": "spinal"
  },
  {
    "docID": "N106 Xiong",
    "et": "SpinalWhiteMatter",
    "off": 3692,
    "sff": "spinal"
  },
  {
    "docID": "N106 Xiong",
    "et": "SpinalWhiteMatter",
    "off": 19090,
    "sff": "spinal"
  },
  {
    "docID": "N106 Xiong",
    "et": "SpinalWhiteMatter",
    "off": 20259,
    "sff": "white"
  },
  {
    "docID": "N106 Xiong",
    "et": "SpinalWhiteMatter",
    "off": 19684,
    "sff": "white"
  },
  {
    "docID": "N106 Xiong",
    "et": "SpinalWhiteMatter",
    "off": 24724,
    "sff": "spinal"
  },
  {
    "docID": "N106 Xiong",
    "et": "SpinalWhiteMatter",
    "off": 8345,
    "sff": "spinal"
  },
  {
    "docID": "N106 Xiong",
    "et": "SpinalWhiteMatter",
    "off": 14298,
    "sff": "spinal"
  },
  {
    "docID": "N106 Xiong",
    "et": "SpinalWhiteMatter",
    "off": 20122,
    "sff": "spinal"
  },
  {
    "docID": "N106 Xiong",
    "et": "SpinalWhiteMatter",
    "off": 8030,
    "sff": "spinal"
  },
  {
    "docID": "N106 Xiong",
    "et": "SpinalWhiteMatter",
    "off": 860,
    "sff": "spinal"
  },
  {
    "docID": "N106 Xiong",
    "et": "Antibody",
    "off": 11635,
    "sff": "antibody"
  },
  {
    "docID": "N106 Xiong",
    "et": "Antibody",
    "off": 24096,
    "sff": "antibody"
  },
  {
    "docID": "N106 Xiong",
    "et": "Antibody",
    "off": 24167,
    "sff": "antibody"
  },
  {
    "docID": "N106 Xiong",
    "et": "UmbilicalCordBloodStemCell",
    "off": 22224,
    "sff": "cord"
  },
  {
    "docID": "N106 Xiong",
    "et": "UmbilicalCordBloodStemCell",
    "off": 21141,
    "sff": "cord"
  },
  {
    "docID": "N106 Xiong",
    "et": "UmbilicalCordBloodStemCell",
    "off": 15879,
    "sff": "cord"
  },
  {
    "docID": "N106 Xiong",
    "et": "UmbilicalCordBloodStemCell",
    "off": 403,
    "sff": "cord"
  },
  {
    "docID": "N106 Xiong",
    "et": "UmbilicalCordBloodStemCell",
    "off": 14984,
    "sff": "cord"
  },
  {
    "docID": "N106 Xiong",
    "et": "UmbilicalCordBloodStemCell",
    "off": 13898,
    "sff": "cord"
  },
  {
    "docID": "N106 Xiong",
    "et": "UmbilicalCordBloodStemCell",
    "off": 1680,
    "sff": "cord"
  },
  {
    "docID": "N106 Xiong",
    "et": "UmbilicalCordBloodStemCell",
    "off": 10636,
    "sff": "cord"
  },
  {
    "docID": "N106 Xiong",
    "et": "UmbilicalCordBloodStemCell",
    "off": 14221,
    "sff": "cord"
  },
  {
    "docID": "N106 Xiong",
    "et": "UmbilicalCordBloodStemCell",
    "off": 25677,
    "sff": "cord"
  },
  {
    "docID": "N106 Xiong",
    "et": "UmbilicalCordBloodStemCell",
    "off": 10689,
    "sff": "cord"
  },
  {
    "docID": "N106 Xiong",
    "et": "UmbilicalCordBloodStemCell",
    "off": 20546,
    "sff": "cord"
  },
  {
    "docID": "N106 Xiong",
    "et": "UmbilicalCordBloodStemCell",
    "off": 23030,
    "sff": "cord"
  },
  {
    "docID": "N106 Xiong",
    "et": "UmbilicalCordBloodStemCell",
    "off": 15287,
    "sff": "cord"
  },
  {
    "docID": "N106 Xiong",
    "et": "UmbilicalCordBloodStemCell",
    "off": 19130,
    "sff": "cord"
  },
  {
    "docID": "N106 Xiong",
    "et": "UmbilicalCordBloodStemCell",
    "off": 24378,
    "sff": "cord"
  },
  {
    "docID": "N106 Xiong",
    "et": "UmbilicalCordBloodStemCell",
    "off": 23291,
    "sff": "cord"
  },
  {
    "docID": "N106 Xiong",
    "et": "UmbilicalCordBloodStemCell",
    "off": 19772,
    "sff": "cord"
  },
  {
    "docID": "N106 Xiong",
    "et": "UmbilicalCordBloodStemCell",
    "off": 1214,
    "sff": "cord"
  },
  {
    "docID": "N106 Xiong",
    "et": "UmbilicalCordBloodStemCell",
    "off": 23345,
    "sff": "cord"
  },
  {
    "docID": "N106 Xiong",
    "et": "UmbilicalCordBloodStemCell",
    "off": 3699,
    "sff": "cord"
  },
  {
    "docID": "N106 Xiong",
    "et": "UmbilicalCordBloodStemCell",
    "off": 21045,
    "sff": "cord"
  },
  {
    "docID": "N106 Xiong",
    "et": "UmbilicalCordBloodStemCell",
    "off": 8105,
    "sff": "cord"
  },
  {
    "docID": "N106 Xiong",
    "et": "UmbilicalCordBloodStemCell",
    "off": 8681,
    "sff": "cord"
  },
  {
    "docID": "N106 Xiong",
    "et": "UmbilicalCordBloodStemCell",
    "off": 23595,
    "sff": "cord"
  },
  {
    "docID": "N106 Xiong",
    "et": "UmbilicalCordBloodStemCell",
    "off": 18796,
    "sff": "cord"
  },
  {
    "docID": "N106 Xiong",
    "et": "UmbilicalCordBloodStemCell",
    "off": 19550,
    "sff": "cord"
  },
  {
    "docID": "N106 Xiong",
    "et": "UmbilicalCordBloodStemCell",
    "off": 8352,
    "sff": "cord"
  },
  {
    "docID": "N106 Xiong",
    "et": "UmbilicalCordBloodStemCell",
    "off": 14305,
    "sff": "cord"
  },
  {
    "docID": "N106 Xiong",
    "et": "UmbilicalCordBloodStemCell",
    "off": 20129,
    "sff": "cord"
  },
  {
    "docID": "N106 Xiong",
    "et": "UmbilicalCordBloodStemCell",
    "off": 8549,
    "sff": "cord"
  },
  {
    "docID": "N106 Xiong",
    "et": "UmbilicalCordBloodStemCell",
    "off": 867,
    "sff": "cord"
  },
  {
    "docID": "N106 Xiong",
    "et": "UmbilicalCordBloodStemCell",
    "off": 19097,
    "sff": "cord"
  },
  {
    "docID": "N106 Xiong",
    "et": "Protein",
    "off": 10572,
    "sff": "protein"
  },
  {
    "docID": "N106 Xiong",
    "et": "Protein",
    "off": 1176,
    "sff": "protein"
  },
  {
    "docID": "N106 Xiong",
    "et": "Protein",
    "off": 11333,
    "sff": "protein"
  },
  {
    "docID": "N106 Xiong",
    "et": "GlialCell",
    "off": 21459,
    "sff": "glial"
  },
  {
    "docID": "N106 Xiong",
    "et": "SpinalGrayMatter",
    "off": 931,
    "sff": "spinal"
  },
  {
    "docID": "N106 Xiong",
    "et": "SpinalGrayMatter",
    "off": 23338,
    "sff": "spinal"
  },
  {
    "docID": "N106 Xiong",
    "et": "SpinalGrayMatter",
    "off": 23588,
    "sff": "spinal"
  },
  {
    "docID": "N106 Xiong",
    "et": "SpinalGrayMatter",
    "off": 18789,
    "sff": "spinal"
  },
  {
    "docID": "N106 Xiong",
    "et": "SpinalGrayMatter",
    "off": 9830,
    "sff": "spinal"
  },
  {
    "docID": "N106 Xiong",
    "et": "SpinalGrayMatter",
    "off": 23023,
    "sff": "spinal"
  },
  {
    "docID": "N106 Xiong",
    "et": "SpinalGrayMatter",
    "off": 15280,
    "sff": "spinal"
  },
  {
    "docID": "N106 Xiong",
    "et": "SpinalGrayMatter",
    "off": 3692,
    "sff": "spinal"
  },
  {
    "docID": "N106 Xiong",
    "et": "SpinalGrayMatter",
    "off": 21038,
    "sff": "spinal"
  },
  {
    "docID": "N106 Xiong",
    "et": "SpinalGrayMatter",
    "off": 10682,
    "sff": "spinal"
  },
  {
    "docID": "N106 Xiong",
    "et": "SpinalGrayMatter",
    "off": 24371,
    "sff": "spinal"
  },
  {
    "docID": "N106 Xiong",
    "et": "SpinalGrayMatter",
    "off": 23284,
    "sff": "spinal"
  },
  {
    "docID": "N106 Xiong",
    "et": "SpinalGrayMatter",
    "off": 8248,
    "sff": "spinal"
  },
  {
    "docID": "N106 Xiong",
    "et": "SpinalGrayMatter",
    "off": 19765,
    "sff": "spinal"
  },
  {
    "docID": "N106 Xiong",
    "et": "SpinalGrayMatter",
    "off": 1673,
    "sff": "Spinal"
  },
  {
    "docID": "N106 Xiong",
    "et": "SpinalGrayMatter",
    "off": 15872,
    "sff": "spinal"
  },
  {
    "docID": "N106 Xiong",
    "et": "SpinalGrayMatter",
    "off": 14977,
    "sff": "spinal"
  },
  {
    "docID": "N106 Xiong",
    "et": "SpinalGrayMatter",
    "off": 20539,
    "sff": "spinal"
  },
  {
    "docID": "N106 Xiong",
    "et": "SpinalGrayMatter",
    "off": 24183,
    "sff": "gray matter"
  },
  {
    "docID": "N106 Xiong",
    "et": "SpinalGrayMatter",
    "off": 22217,
    "sff": "spinal"
  },
  {
    "docID": "N106 Xiong",
    "et": "SpinalGrayMatter",
    "off": 14602,
    "sff": "spinal"
  },
  {
    "docID": "N106 Xiong",
    "et": "SpinalGrayMatter",
    "off": 24458,
    "sff": "spinal"
  },
  {
    "docID": "N106 Xiong",
    "et": "SpinalGrayMatter",
    "off": 138,
    "sff": "spinal"
  },
  {
    "docID": "N106 Xiong",
    "et": "SpinalGrayMatter",
    "off": 20977,
    "sff": "gray matter"
  },
  {
    "docID": "N106 Xiong",
    "et": "SpinalGrayMatter",
    "off": 10629,
    "sff": "spinal"
  },
  {
    "docID": "N106 Xiong",
    "et": "SpinalGrayMatter",
    "off": 14214,
    "sff": "spinal"
  },
  {
    "docID": "N106 Xiong",
    "et": "SpinalGrayMatter",
    "off": 396,
    "sff": "spinal"
  },
  {
    "docID": "N106 Xiong",
    "et": "SpinalGrayMatter",
    "off": 19090,
    "sff": "spinal"
  },
  {
    "docID": "N106 Xiong",
    "et": "SpinalGrayMatter",
    "off": 21134,
    "sff": "spinal"
  },
  {
    "docID": "N106 Xiong",
    "et": "SpinalGrayMatter",
    "off": 14298,
    "sff": "spinal"
  },
  {
    "docID": "N106 Xiong",
    "et": "SpinalGrayMatter",
    "off": 20122,
    "sff": "spinal"
  },
  {
    "docID": "N106 Xiong",
    "et": "SpinalGrayMatter",
    "off": 8345,
    "sff": "spinal"
  },
  {
    "docID": "N106 Xiong",
    "et": "SpinalGrayMatter",
    "off": 20977,
    "sff": "gray"
  },
  {
    "docID": "N106 Xiong",
    "et": "SpinalGrayMatter",
    "off": 24724,
    "sff": "spinal"
  },
  {
    "docID": "N106 Xiong",
    "et": "SpinalGrayMatter",
    "off": 8030,
    "sff": "spinal"
  },
  {
    "docID": "N106 Xiong",
    "et": "SpinalGrayMatter",
    "off": 24183,
    "sff": "gray"
  },
  {
    "docID": "N106 Xiong",
    "et": "SpinalGrayMatter",
    "off": 860,
    "sff": "spinal"
  },
  {
    "docID": "N106 Xiong",
    "et": "SpinalGrayMatter",
    "off": 8098,
    "sff": "spinal"
  },
  {
    "docID": "N106 Xiong",
    "et": "SpinalGrayMatter",
    "off": 8674,
    "sff": "spinal"
  },
  {
    "docID": "N106 Xiong",
    "et": "RatSpecies",
    "off": 161,
    "sff": "rat"
  },
  {
    "docID": "N106 Xiong",
    "et": "RatSpecies",
    "off": 5446,
    "sff": "rat"
  },
  {
    "docID": "N106 Xiong",
    "et": "RatSpecies",
    "off": 17527,
    "sff": "rat"
  },
  {
    "docID": "N106 Xiong",
    "et": "VertebralArea",
    "off": 8049,
    "sff": "vertebral"
  },
  {
    "docID": "N106 Xiong",
    "et": "Caudal",
    "off": 19746,
    "sff": "caudal"
  },
  {
    "docID": "N106 Xiong",
    "et": "Caudal",
    "off": 22210,
    "sff": "caudal"
  },
  {
    "docID": "N106 Xiong",
    "et": "Caudal",
    "off": 9823,
    "sff": "caudal"
  },
  {
    "docID": "N106 Xiong",
    "et": "Caudal",
    "off": 25670,
    "sff": "caudal"
  },
  {
    "docID": "N106 Xiong",
    "et": "Caudal",
    "off": 15300,
    "sff": "caudal"
  },
  {
    "docID": "N106 Xiong",
    "et": "Caudal",
    "off": 1207,
    "sff": "caudal"
  },
  {
    "docID": "N106 Xiong",
    "et": "Caudal",
    "off": 8542,
    "sff": "caudal"
  },
  {
    "docID": "N106 Xiong",
    "et": "Caudal",
    "off": 20141,
    "sff": "caudal"
  },
  {
    "docID": "N106 Xiong",
    "et": "VertebralSegment",
    "off": 8049,
    "sff": "vertebral"
  },
  {
    "docID": "N106 Xiong",
    "et": "Enzyme",
    "off": 9914,
    "sff": "enzyme"
  },
  {
    "docID": "N106 Xiong",
    "et": "Enzyme",
    "off": 17189,
    "sff": "enzyme"
  },
  {
    "docID": "N106 Xiong",
    "et": "NewZealandRabbit",
    "off": 12436,
    "sff": "New"
  },
  {
    "docID": "N106 Xiong",
    "et": "NewZealandRabbit",
    "off": 26101,
    "sff": "new"
  },
  {
    "docID": "N106 Xiong",
    "et": "BoneMarrowStemCell",
    "off": 3312,
    "sff": "bone"
  },
  {
    "docID": "N106 Xiong",
    "et": "BoneMarrowStemCell",
    "off": 3521,
    "sff": "bone"
  },
  {
    "docID": "N106 Xiong",
    "et": "BoneMarrowStemCell",
    "off": 705,
    "sff": "Bone"
  },
  {
    "docID": "N106 Xiong",
    "et": "BoneMarrowStemCell",
    "off": 9523,
    "sff": "bone"
  },
  {
    "docID": "N106 Xiong",
    "et": "BoneMarrowStemCell",
    "off": 3378,
    "sff": "bone marrow"
  },
  {
    "docID": "N106 Xiong",
    "et": "BoneMarrowStemCell",
    "off": 3399,
    "sff": "bone"
  },
  {
    "docID": "N106 Xiong",
    "et": "BoneMarrowStemCell",
    "off": 4873,
    "sff": "bone marrow"
  },
  {
    "docID": "N106 Xiong",
    "et": "BoneMarrowStemCell",
    "off": 9308,
    "sff": "bone"
  },
  {
    "docID": "N106 Xiong",
    "et": "T10",
    "off": 8143,
    "sff": "T10"
  },
  {
    "docID": "N106 Xiong",
    "et": "T10",
    "off": 7803,
    "sff": "T10"
  },
  {
    "docID": "N106 Xiong",
    "et": "Thoracic",
    "off": 24715,
    "sff": "thoracic"
  },
  {
    "docID": "N106 Xiong",
    "et": "VertebralLocation",
    "off": 8049,
    "sff": "vertebral"
  },
  {
    "docID": "N106 Xiong",
    "et": "RNA",
    "off": 5500,
    "sff": "RNA"
  },
  {
    "docID": "N106 Xiong",
    "et": "RNA",
    "off": 5419,
    "sff": "RNA"
  },
  {
    "docID": "N106 Xiong",
    "et": "RNA",
    "off": 10656,
    "sff": "RNA"
  },
  {
    "docID": "N106 Xiong",
    "et": "StemCellSourceType",
    "off": 722,
    "sff": "stem"
  },
  {
    "docID": "N106 Xiong",
    "et": "StemCellSourceType",
    "off": 8464,
    "sff": "cell"
  },
  {
    "docID": "N106 Xiong",
    "et": "StemCellSourceType",
    "off": 1139,
    "sff": "cell"
  },
  {
    "docID": "N106 Xiong",
    "et": "StemCellSourceType",
    "off": 3211,
    "sff": "stem"
  },
  {
    "docID": "N106 Xiong",
    "et": "StemCellSourceType",
    "off": 13523,
    "sff": "cell"
  },
  {
    "docID": "N106 Xiong",
    "et": "StemCellSourceType",
    "off": 3167,
    "sff": "stem"
  },
  {
    "docID": "N106 Xiong",
    "et": "StemCellSourceType",
    "off": 10535,
    "sff": "cell"
  },
  {
    "docID": "N106 Xiong",
    "et": "StemCellSourceType",
    "off": 3329,
    "sff": "stem"
  },
  {
    "docID": "N106 Xiong",
    "et": "StemCellSourceType",
    "off": 5317,
    "sff": "cell"
  },
  {
    "docID": "N106 Xiong",
    "et": "StemCellSourceType",
    "off": 311,
    "sff": "stem cell"
  },
  {
    "docID": "N106 Xiong",
    "et": "StemCellSourceType",
    "off": 4939,
    "sff": "cell"
  },
  {
    "docID": "N106 Xiong",
    "et": "StemCellSourceType",
    "off": 8587,
    "sff": "cell"
  },
  {
    "docID": "N106 Xiong",
    "et": "StemCellSourceType",
    "off": 24523,
    "sff": "cell"
  },
  {
    "docID": "N106 Xiong",
    "et": "StemCellSourceType",
    "off": 20990,
    "sff": "cell"
  },
  {
    "docID": "N106 Xiong",
    "et": "StemCellSourceType",
    "off": 7298,
    "sff": "cell"
  },
  {
    "docID": "N106 Xiong",
    "et": "InVitroExperimentalProcedure",
    "off": 9020,
    "sff": "experimental"
  },
  {
    "docID": "N106 Xiong",
    "et": "InVitroExperimentalProcedure",
    "off": 18722,
    "sff": "experimental"
  },
  {
    "docID": "N106 Xiong",
    "et": "LongEvansRat",
    "off": 24343,
    "sff": "long"
  },
  {
    "docID": "N106 Xiong",
    "et": "LongEvansRat",
    "off": 5897,
    "sff": "Long"
  },
  {
    "docID": "N106 Xiong",
    "et": "LongEvansRat",
    "off": 16420,
    "sff": "long"
  },
  {
    "docID": "N106 Xiong",
    "et": "Cell",
    "off": 10535,
    "sff": "cell"
  },
  {
    "docID": "N106 Xiong",
    "et": "Cell",
    "off": 20990,
    "sff": "cell"
  },
  {
    "docID": "N106 Xiong",
    "et": "Cell",
    "off": 316,
    "sff": "cell"
  },
  {
    "docID": "N106 Xiong",
    "et": "Cell",
    "off": 4939,
    "sff": "cell"
  },
  {
    "docID": "N106 Xiong",
    "et": "Cell",
    "off": 8587,
    "sff": "cell"
  },
  {
    "docID": "N106 Xiong",
    "et": "Cell",
    "off": 24523,
    "sff": "cell"
  },
  {
    "docID": "N106 Xiong",
    "et": "Cell",
    "off": 7298,
    "sff": "cell"
  },
  {
    "docID": "N106 Xiong",
    "et": "Cell",
    "off": 8464,
    "sff": "cell"
  },
  {
    "docID": "N106 Xiong",
    "et": "Cell",
    "off": 5317,
    "sff": "cell"
  },
  {
    "docID": "N106 Xiong",
    "et": "Cell",
    "off": 1139,
    "sff": "cell"
  },
  {
    "docID": "N106 Xiong",
    "et": "Cell",
    "off": 13523,
    "sff": "cell"
  },
  {
    "docID": "N106 Xiong",
    "et": "SpinalDorsalHalf",
    "off": 23338,
    "sff": "spinal"
  },
  {
    "docID": "N106 Xiong",
    "et": "SpinalDorsalHalf",
    "off": 3692,
    "sff": "spinal"
  },
  {
    "docID": "N106 Xiong",
    "et": "SpinalDorsalHalf",
    "off": 21038,
    "sff": "spinal"
  },
  {
    "docID": "N106 Xiong",
    "et": "SpinalDorsalHalf",
    "off": 15280,
    "sff": "spinal"
  },
  {
    "docID": "N106 Xiong",
    "et": "SpinalDorsalHalf",
    "off": 23023,
    "sff": "spinal"
  },
  {
    "docID": "N106 Xiong",
    "et": "SpinalDorsalHalf",
    "off": 23284,
    "sff": "spinal"
  },
  {
    "docID": "N106 Xiong",
    "et": "SpinalDorsalHalf",
    "off": 24371,
    "sff": "spinal"
  },
  {
    "docID": "N106 Xiong",
    "et": "SpinalDorsalHalf",
    "off": 19765,
    "sff": "spinal"
  },
  {
    "docID": "N106 Xiong",
    "et": "SpinalDorsalHalf",
    "off": 8248,
    "sff": "spinal"
  },
  {
    "docID": "N106 Xiong",
    "et": "SpinalDorsalHalf",
    "off": 10682,
    "sff": "spinal"
  },
  {
    "docID": "N106 Xiong",
    "et": "SpinalDorsalHalf",
    "off": 20539,
    "sff": "spinal"
  },
  {
    "docID": "N106 Xiong",
    "et": "SpinalDorsalHalf",
    "off": 15872,
    "sff": "spinal"
  },
  {
    "docID": "N106 Xiong",
    "et": "SpinalDorsalHalf",
    "off": 14977,
    "sff": "spinal"
  },
  {
    "docID": "N106 Xiong",
    "et": "SpinalDorsalHalf",
    "off": 1673,
    "sff": "Spinal"
  },
  {
    "docID": "N106 Xiong",
    "et": "SpinalDorsalHalf",
    "off": 14214,
    "sff": "spinal"
  },
  {
    "docID": "N106 Xiong",
    "et": "SpinalDorsalHalf",
    "off": 10629,
    "sff": "spinal"
  },
  {
    "docID": "N106 Xiong",
    "et": "SpinalDorsalHalf",
    "off": 138,
    "sff": "spinal"
  },
  {
    "docID": "N106 Xiong",
    "et": "SpinalDorsalHalf",
    "off": 14602,
    "sff": "spinal"
  },
  {
    "docID": "N106 Xiong",
    "et": "SpinalDorsalHalf",
    "off": 24458,
    "sff": "spinal"
  },
  {
    "docID": "N106 Xiong",
    "et": "SpinalDorsalHalf",
    "off": 22217,
    "sff": "spinal"
  },
  {
    "docID": "N106 Xiong",
    "et": "SpinalDorsalHalf",
    "off": 396,
    "sff": "spinal"
  },
  {
    "docID": "N106 Xiong",
    "et": "SpinalDorsalHalf",
    "off": 21134,
    "sff": "spinal"
  },
  {
    "docID": "N106 Xiong",
    "et": "SpinalDorsalHalf",
    "off": 19090,
    "sff": "spinal"
  },
  {
    "docID": "N106 Xiong",
    "et": "SpinalDorsalHalf",
    "off": 24724,
    "sff": "spinal"
  },
  {
    "docID": "N106 Xiong",
    "et": "SpinalDorsalHalf",
    "off": 14298,
    "sff": "spinal"
  },
  {
    "docID": "N106 Xiong",
    "et": "SpinalDorsalHalf",
    "off": 20122,
    "sff": "spinal"
  },
  {
    "docID": "N106 Xiong",
    "et": "SpinalDorsalHalf",
    "off": 8345,
    "sff": "spinal"
  },
  {
    "docID": "N106 Xiong",
    "et": "SpinalDorsalHalf",
    "off": 860,
    "sff": "spinal"
  },
  {
    "docID": "N106 Xiong",
    "et": "SpinalDorsalHalf",
    "off": 8030,
    "sff": "spinal"
  },
  {
    "docID": "N106 Xiong",
    "et": "SpinalDorsalHalf",
    "off": 20249,
    "sff": "dorsal"
  },
  {
    "docID": "N106 Xiong",
    "et": "SpinalDorsalHalf",
    "off": 19674,
    "sff": "dorsal"
  },
  {
    "docID": "N106 Xiong",
    "et": "SpinalDorsalHalf",
    "off": 8098,
    "sff": "spinal"
  },
  {
    "docID": "N106 Xiong",
    "et": "SpinalDorsalHalf",
    "off": 8674,
    "sff": "spinal"
  },
  {
    "docID": "N106 Xiong",
    "et": "SpinalDorsalHalf",
    "off": 23588,
    "sff": "spinal"
  },
  {
    "docID": "N106 Xiong",
    "et": "SpinalDorsalHalf",
    "off": 931,
    "sff": "spinal"
  },
  {
    "docID": "N106 Xiong",
    "et": "SpinalDorsalHalf",
    "off": 9830,
    "sff": "spinal"
  },
  {
    "docID": "N106 Xiong",
    "et": "SpinalDorsalHalf",
    "off": 18789,
    "sff": "spinal"
  },
  {
    "docID": "N106 Xiong",
    "et": "Water",
    "off": 9761,
    "sff": "water"
  },
  {
    "docID": "N106 Xiong",
    "et": "Water",
    "off": 7598,
    "sff": "water"
  },
  {
    "docID": "N106 Xiong",
    "et": "ExperimentalProcedure",
    "off": 9020,
    "sff": "experimental"
  },
  {
    "docID": "N106 Xiong",
    "et": "ExperimentalProcedure",
    "off": 18722,
    "sff": "experimental"
  },
  {
    "docID": "N106 Xiong",
    "et": "CorticospinalTract",
    "off": 25424,
    "sff": "corticospinal"
  },
  {
    "docID": "N106 Xiong",
    "et": "BrainDerivedNeurotrophicFactor",
    "off": 5450,
    "sff": "brain"
  },
  {
    "docID": "N106 Xiong",
    "et": "BrainDerivedNeurotrophicFactor",
    "off": 3926,
    "sff": "Brain-derived neurotrophic"
  },
  {
    "docID": "N106 Xiong",
    "et": "BrainDerivedNeurotrophicFactor",
    "off": 258,
    "sff": "brain-derived neurotrophic factor"
  },
  {
    "docID": "N106 Xiong",
    "et": "BrainDerivedNeurotrophicFactor",
    "off": 3926,
    "sff": "Brain-derived"
  },
  {
    "docID": "N106 Xiong",
    "et": "BrainDerivedNeurotrophicFactor",
    "off": 3987,
    "sff": "brain"
  },
  {
    "docID": "N106 Xiong",
    "et": "BrainDerivedNeurotrophicFactor",
    "off": 258,
    "sff": "brain-derived"
  }
]
