[
  {
    "docID": "N112 Huang, W.-C.a  b  d  e, Kuo et al. 2006",
    "et": "InhalationDelivery",
    "off": 7018,
    "sff": "inhalation"
  },
  {
    "docID": "N112 Huang, W.-C.a  b  d  e, Kuo et al. 2006",
    "et": "InhalationDelivery",
    "off": 5243,
    "sff": "inhalation"
  },
  {
    "docID": "N112 Huang, W.-C.a  b  d  e, Kuo et al. 2006",
    "et": "InhalationDelivery",
    "off": 8135,
    "sff": "inhalation"
  },
  {
    "docID": "N112 Huang, W.-C.a  b  d  e, Kuo et al. 2006",
    "et": "MesenchymalStemCell",
    "off": 21625,
    "sff": "Stem cell"
  },
  {
    "docID": "N112 Huang, W.-C.a  b  d  e, Kuo et al. 2006",
    "et": "MesenchymalStemCell",
    "off": 8612,
    "sff": "stem"
  },
  {
    "docID": "N112 Huang, W.-C.a  b  d  e, Kuo et al. 2006",
    "et": "MesenchymalStemCell",
    "off": 8772,
    "sff": "stem"
  },
  {
    "docID": "N112 Huang, W.-C.a  b  d  e, Kuo et al. 2006",
    "et": "MesenchymalStemCell",
    "off": 21625,
    "sff": "Stem"
  },
  {
    "docID": "N112 Huang, W.-C.a  b  d  e, Kuo et al. 2006",
    "et": "MesenchymalStemCell",
    "off": 19985,
    "sff": "stem"
  },
  {
    "docID": "N112 Huang, W.-C.a  b  d  e, Kuo et al. 2006",
    "et": "MesenchymalStemCell",
    "off": 21987,
    "sff": "Stem"
  },
  {
    "docID": "N112 Huang, W.-C.a  b  d  e, Kuo et al. 2006",
    "et": "MesenchymalStemCell",
    "off": 21987,
    "sff": "Stem cell"
  },
  {
    "docID": "N112 Huang, W.-C.a  b  d  e, Kuo et al. 2006",
    "et": "SurgeryTreatment",
    "off": 6341,
    "sff": "surgery"
  },
  {
    "docID": "N112 Huang, W.-C.a  b  d  e, Kuo et al. 2006",
    "et": "SurgeryTreatment",
    "off": 5220,
    "sff": "surgery"
  },
  {
    "docID": "N112 Huang, W.-C.a  b  d  e, Kuo et al. 2006",
    "et": "SurgeryTreatment",
    "off": 10548,
    "sff": "surgery"
  },
  {
    "docID": "N112 Huang, W.-C.a  b  d  e, Kuo et al. 2006",
    "et": "SpinalSubduralArea",
    "off": 2511,
    "sff": "spinal"
  },
  {
    "docID": "N112 Huang, W.-C.a  b  d  e, Kuo et al. 2006",
    "et": "SpinalSubduralArea",
    "off": 10640,
    "sff": "spinal"
  },
  {
    "docID": "N112 Huang, W.-C.a  b  d  e, Kuo et al. 2006",
    "et": "SpinalSubduralArea",
    "off": 7182,
    "sff": "spinal"
  },
  {
    "docID": "N112 Huang, W.-C.a  b  d  e, Kuo et al. 2006",
    "et": "SpinalSubduralArea",
    "off": 1555,
    "sff": "spinal"
  },
  {
    "docID": "N112 Huang, W.-C.a  b  d  e, Kuo et al. 2006",
    "et": "SpinalSubduralArea",
    "off": 12179,
    "sff": "spinal"
  },
  {
    "docID": "N112 Huang, W.-C.a  b  d  e, Kuo et al. 2006",
    "et": "SpinalSubduralArea",
    "off": 5137,
    "sff": "spinal"
  },
  {
    "docID": "N112 Huang, W.-C.a  b  d  e, Kuo et al. 2006",
    "et": "SpinalSubduralArea",
    "off": 10001,
    "sff": "spinal"
  },
  {
    "docID": "N112 Huang, W.-C.a  b  d  e, Kuo et al. 2006",
    "et": "SpinalSubduralArea",
    "off": 11153,
    "sff": "spinal"
  },
  {
    "docID": "N112 Huang, W.-C.a  b  d  e, Kuo et al. 2006",
    "et": "SpinalSubduralArea",
    "off": 8850,
    "sff": "spinal"
  },
  {
    "docID": "N112 Huang, W.-C.a  b  d  e, Kuo et al. 2006",
    "et": "SpinalSubduralArea",
    "off": 9047,
    "sff": "spinal"
  },
  {
    "docID": "N112 Huang, W.-C.a  b  d  e, Kuo et al. 2006",
    "et": "SpinalSubduralArea",
    "off": 19736,
    "sff": "spinal"
  },
  {
    "docID": "N112 Huang, W.-C.a  b  d  e, Kuo et al. 2006",
    "et": "SpinalSubduralArea",
    "off": 13205,
    "sff": "spinal"
  },
  {
    "docID": "N112 Huang, W.-C.a  b  d  e, Kuo et al. 2006",
    "et": "SpinalSubduralArea",
    "off": 4251,
    "sff": "spinal"
  },
  {
    "docID": "N112 Huang, W.-C.a  b  d  e, Kuo et al. 2006",
    "et": "SpinalSubduralArea",
    "off": 20123,
    "sff": "spinal"
  },
  {
    "docID": "N112 Huang, W.-C.a  b  d  e, Kuo et al. 2006",
    "et": "SpinalSubduralArea",
    "off": 1113,
    "sff": "spinal"
  },
  {
    "docID": "N112 Huang, W.-C.a  b  d  e, Kuo et al. 2006",
    "et": "SpinalSubduralArea",
    "off": 12058,
    "sff": "spinal"
  },
  {
    "docID": "N112 Huang, W.-C.a  b  d  e, Kuo et al. 2006",
    "et": "SpinalSubduralArea",
    "off": 16894,
    "sff": "spinal"
  },
  {
    "docID": "N112 Huang, W.-C.a  b  d  e, Kuo et al. 2006",
    "et": "SpinalSubduralArea",
    "off": 2883,
    "sff": "spinal"
  },
  {
    "docID": "N112 Huang, W.-C.a  b  d  e, Kuo et al. 2006",
    "et": "SpinalSubduralArea",
    "off": 8579,
    "sff": "spinal"
  },
  {
    "docID": "N112 Huang, W.-C.a  b  d  e, Kuo et al. 2006",
    "et": "SpinalSubduralArea",
    "off": 12804,
    "sff": "spinal"
  },
  {
    "docID": "N112 Huang, W.-C.a  b  d  e, Kuo et al. 2006",
    "et": "SpinalSubduralArea",
    "off": 6018,
    "sff": "spinal"
  },
  {
    "docID": "N112 Huang, W.-C.a  b  d  e, Kuo et al. 2006",
    "et": "SpinalSubduralArea",
    "off": 4678,
    "sff": "spinal"
  },
  {
    "docID": "N112 Huang, W.-C.a  b  d  e, Kuo et al. 2006",
    "et": "SpinalSubduralArea",
    "off": 21899,
    "sff": "spinal"
  },
  {
    "docID": "N112 Huang, W.-C.a  b  d  e, Kuo et al. 2006",
    "et": "SpinalSubduralArea",
    "off": 8713,
    "sff": "spinal"
  },
  {
    "docID": "N112 Huang, W.-C.a  b  d  e, Kuo et al. 2006",
    "et": "SpinalSubduralArea",
    "off": 4144,
    "sff": "spinal"
  },
  {
    "docID": "N112 Huang, W.-C.a  b  d  e, Kuo et al. 2006",
    "et": "SpinalSubduralArea",
    "off": 7219,
    "sff": "spinal"
  },
  {
    "docID": "N112 Huang, W.-C.a  b  d  e, Kuo et al. 2006",
    "et": "SpinalSubduralArea",
    "off": 177,
    "sff": "spinal"
  },
  {
    "docID": "N112 Huang, W.-C.a  b  d  e, Kuo et al. 2006",
    "et": "SpinalSubduralArea",
    "off": 9969,
    "sff": "spinal"
  },
  {
    "docID": "N112 Huang, W.-C.a  b  d  e, Kuo et al. 2006",
    "et": "SpinalSubduralArea",
    "off": 6903,
    "sff": "spinal"
  },
  {
    "docID": "N112 Huang, W.-C.a  b  d  e, Kuo et al. 2006",
    "et": "SpinalSubduralArea",
    "off": 4405,
    "sff": "spinal"
  },
  {
    "docID": "N112 Huang, W.-C.a  b  d  e, Kuo et al. 2006",
    "et": "SpinalSubduralArea",
    "off": 14773,
    "sff": "spinal"
  },
  {
    "docID": "N112 Huang, W.-C.a  b  d  e, Kuo et al. 2006",
    "et": "SpinalSubduralArea",
    "off": 5853,
    "sff": "spinal"
  },
  {
    "docID": "N112 Huang, W.-C.a  b  d  e, Kuo et al. 2006",
    "et": "SpinalSubduralArea",
    "off": 6243,
    "sff": "spinal"
  },
  {
    "docID": "N112 Huang, W.-C.a  b  d  e, Kuo et al. 2006",
    "et": "SpinalSubduralArea",
    "off": 11299,
    "sff": "spinal"
  },
  {
    "docID": "N112 Huang, W.-C.a  b  d  e, Kuo et al. 2006",
    "et": "SpinalSubduralArea",
    "off": 12641,
    "sff": "spinal"
  },
  {
    "docID": "N112 Huang, W.-C.a  b  d  e, Kuo et al. 2006",
    "et": "SpinalSubduralArea",
    "off": 11938,
    "sff": "spinal"
  },
  {
    "docID": "N112 Huang, W.-C.a  b  d  e, Kuo et al. 2006",
    "et": "SpinalSubduralArea",
    "off": 8167,
    "sff": "spinal"
  },
  {
    "docID": "N112 Huang, W.-C.a  b  d  e, Kuo et al. 2006",
    "et": "SpinalSubduralArea",
    "off": 5932,
    "sff": "spinal"
  },
  {
    "docID": "N112 Huang, W.-C.a  b  d  e, Kuo et al. 2006",
    "et": "SpinalSubduralArea",
    "off": 6761,
    "sff": "spinal"
  },
  {
    "docID": "N112 Huang, W.-C.a  b  d  e, Kuo et al. 2006",
    "et": "SpinalSubduralArea",
    "off": 22954,
    "sff": "spinal"
  },
  {
    "docID": "N112 Huang, W.-C.a  b  d  e, Kuo et al. 2006",
    "et": "MouseSpecies",
    "off": 20593,
    "sff": "mouse"
  },
  {
    "docID": "N112 Huang, W.-C.a  b  d  e, Kuo et al. 2006",
    "et": "MouseSpecies",
    "off": 21282,
    "sff": "mouse"
  },
  {
    "docID": "N112 Huang, W.-C.a  b  d  e, Kuo et al. 2006",
    "et": "MouseSpecies",
    "off": 22978,
    "sff": "mouse"
  },
  {
    "docID": "N112 Huang, W.-C.a  b  d  e, Kuo et al. 2006",
    "et": "NOGOReceptorAntagonist",
    "off": 23323,
    "sff": "receptor"
  },
  {
    "docID": "N112 Huang, W.-C.a  b  d  e, Kuo et al. 2006",
    "et": "NOGOReceptorAntagonist",
    "off": 15586,
    "sff": "NoGo"
  },
  {
    "docID": "N112 Huang, W.-C.a  b  d  e, Kuo et al. 2006",
    "et": "NOGOReceptorAntagonist",
    "off": 23162,
    "sff": "Nogo receptor"
  },
  {
    "docID": "N112 Huang, W.-C.a  b  d  e, Kuo et al. 2006",
    "et": "NOGOReceptorAntagonist",
    "off": 19145,
    "sff": "receptor"
  },
  {
    "docID": "N112 Huang, W.-C.a  b  d  e, Kuo et al. 2006",
    "et": "SpinalFiberTract",
    "off": 4405,
    "sff": "spinal"
  },
  {
    "docID": "N112 Huang, W.-C.a  b  d  e, Kuo et al. 2006",
    "et": "SpinalFiberTract",
    "off": 14773,
    "sff": "spinal"
  },
  {
    "docID": "N112 Huang, W.-C.a  b  d  e, Kuo et al. 2006",
    "et": "SpinalFiberTract",
    "off": 6903,
    "sff": "spinal"
  },
  {
    "docID": "N112 Huang, W.-C.a  b  d  e, Kuo et al. 2006",
    "et": "SpinalFiberTract",
    "off": 177,
    "sff": "spinal"
  },
  {
    "docID": "N112 Huang, W.-C.a  b  d  e, Kuo et al. 2006",
    "et": "SpinalFiberTract",
    "off": 9969,
    "sff": "spinal"
  },
  {
    "docID": "N112 Huang, W.-C.a  b  d  e, Kuo et al. 2006",
    "et": "SpinalFiberTract",
    "off": 4144,
    "sff": "spinal"
  },
  {
    "docID": "N112 Huang, W.-C.a  b  d  e, Kuo et al. 2006",
    "et": "SpinalFiberTract",
    "off": 7219,
    "sff": "spinal"
  },
  {
    "docID": "N112 Huang, W.-C.a  b  d  e, Kuo et al. 2006",
    "et": "SpinalFiberTract",
    "off": 5932,
    "sff": "spinal"
  },
  {
    "docID": "N112 Huang, W.-C.a  b  d  e, Kuo et al. 2006",
    "et": "SpinalFiberTract",
    "off": 8713,
    "sff": "spinal"
  },
  {
    "docID": "N112 Huang, W.-C.a  b  d  e, Kuo et al. 2006",
    "et": "SpinalFiberTract",
    "off": 21899,
    "sff": "spinal"
  },
  {
    "docID": "N112 Huang, W.-C.a  b  d  e, Kuo et al. 2006",
    "et": "SpinalFiberTract",
    "off": 12804,
    "sff": "spinal"
  },
  {
    "docID": "N112 Huang, W.-C.a  b  d  e, Kuo et al. 2006",
    "et": "SpinalFiberTract",
    "off": 4678,
    "sff": "spinal"
  },
  {
    "docID": "N112 Huang, W.-C.a  b  d  e, Kuo et al. 2006",
    "et": "SpinalFiberTract",
    "off": 2883,
    "sff": "spinal"
  },
  {
    "docID": "N112 Huang, W.-C.a  b  d  e, Kuo et al. 2006",
    "et": "SpinalFiberTract",
    "off": 8579,
    "sff": "spinal"
  },
  {
    "docID": "N112 Huang, W.-C.a  b  d  e, Kuo et al. 2006",
    "et": "SpinalFiberTract",
    "off": 6018,
    "sff": "spinal"
  },
  {
    "docID": "N112 Huang, W.-C.a  b  d  e, Kuo et al. 2006",
    "et": "SpinalFiberTract",
    "off": 16894,
    "sff": "spinal"
  },
  {
    "docID": "N112 Huang, W.-C.a  b  d  e, Kuo et al. 2006",
    "et": "SpinalFiberTract",
    "off": 1113,
    "sff": "spinal"
  },
  {
    "docID": "N112 Huang, W.-C.a  b  d  e, Kuo et al. 2006",
    "et": "SpinalFiberTract",
    "off": 19736,
    "sff": "spinal"
  },
  {
    "docID": "N112 Huang, W.-C.a  b  d  e, Kuo et al. 2006",
    "et": "SpinalFiberTract",
    "off": 4251,
    "sff": "spinal"
  },
  {
    "docID": "N112 Huang, W.-C.a  b  d  e, Kuo et al. 2006",
    "et": "SpinalFiberTract",
    "off": 20123,
    "sff": "spinal"
  },
  {
    "docID": "N112 Huang, W.-C.a  b  d  e, Kuo et al. 2006",
    "et": "SpinalFiberTract",
    "off": 12058,
    "sff": "spinal"
  },
  {
    "docID": "N112 Huang, W.-C.a  b  d  e, Kuo et al. 2006",
    "et": "SpinalFiberTract",
    "off": 13205,
    "sff": "spinal"
  },
  {
    "docID": "N112 Huang, W.-C.a  b  d  e, Kuo et al. 2006",
    "et": "SpinalFiberTract",
    "off": 9047,
    "sff": "spinal"
  },
  {
    "docID": "N112 Huang, W.-C.a  b  d  e, Kuo et al. 2006",
    "et": "SpinalFiberTract",
    "off": 5137,
    "sff": "spinal"
  },
  {
    "docID": "N112 Huang, W.-C.a  b  d  e, Kuo et al. 2006",
    "et": "SpinalFiberTract",
    "off": 10001,
    "sff": "spinal"
  },
  {
    "docID": "N112 Huang, W.-C.a  b  d  e, Kuo et al. 2006",
    "et": "SpinalFiberTract",
    "off": 11153,
    "sff": "spinal"
  },
  {
    "docID": "N112 Huang, W.-C.a  b  d  e, Kuo et al. 2006",
    "et": "SpinalFiberTract",
    "off": 10640,
    "sff": "spinal"
  },
  {
    "docID": "N112 Huang, W.-C.a  b  d  e, Kuo et al. 2006",
    "et": "SpinalFiberTract",
    "off": 1555,
    "sff": "spinal"
  },
  {
    "docID": "N112 Huang, W.-C.a  b  d  e, Kuo et al. 2006",
    "et": "SpinalFiberTract",
    "off": 12179,
    "sff": "spinal"
  },
  {
    "docID": "N112 Huang, W.-C.a  b  d  e, Kuo et al. 2006",
    "et": "SpinalFiberTract",
    "off": 8850,
    "sff": "spinal"
  },
  {
    "docID": "N112 Huang, W.-C.a  b  d  e, Kuo et al. 2006",
    "et": "SpinalFiberTract",
    "off": 2511,
    "sff": "spinal"
  },
  {
    "docID": "N112 Huang, W.-C.a  b  d  e, Kuo et al. 2006",
    "et": "SpinalFiberTract",
    "off": 7182,
    "sff": "spinal"
  },
  {
    "docID": "N112 Huang, W.-C.a  b  d  e, Kuo et al. 2006",
    "et": "SpinalFiberTract",
    "off": 6761,
    "sff": "spinal"
  },
  {
    "docID": "N112 Huang, W.-C.a  b  d  e, Kuo et al. 2006",
    "et": "SpinalFiberTract",
    "off": 22954,
    "sff": "spinal"
  },
  {
    "docID": "N112 Huang, W.-C.a  b  d  e, Kuo et al. 2006",
    "et": "SpinalFiberTract",
    "off": 8167,
    "sff": "spinal"
  },
  {
    "docID": "N112 Huang, W.-C.a  b  d  e, Kuo et al. 2006",
    "et": "SpinalFiberTract",
    "off": 12641,
    "sff": "spinal"
  },
  {
    "docID": "N112 Huang, W.-C.a  b  d  e, Kuo et al. 2006",
    "et": "SpinalFiberTract",
    "off": 6243,
    "sff": "spinal"
  },
  {
    "docID": "N112 Huang, W.-C.a  b  d  e, Kuo et al. 2006",
    "et": "SpinalFiberTract",
    "off": 11299,
    "sff": "spinal"
  },
  {
    "docID": "N112 Huang, W.-C.a  b  d  e, Kuo et al. 2006",
    "et": "SpinalFiberTract",
    "off": 11938,
    "sff": "spinal"
  },
  {
    "docID": "N112 Huang, W.-C.a  b  d  e, Kuo et al. 2006",
    "et": "SpinalFiberTract",
    "off": 5853,
    "sff": "spinal"
  },
  {
    "docID": "N112 Huang, W.-C.a  b  d  e, Kuo et al. 2006",
    "et": "SpinalVentralHalf",
    "off": 6761,
    "sff": "spinal"
  },
  {
    "docID": "N112 Huang, W.-C.a  b  d  e, Kuo et al. 2006",
    "et": "SpinalVentralHalf",
    "off": 5932,
    "sff": "spinal"
  },
  {
    "docID": "N112 Huang, W.-C.a  b  d  e, Kuo et al. 2006",
    "et": "SpinalVentralHalf",
    "off": 22954,
    "sff": "spinal"
  },
  {
    "docID": "N112 Huang, W.-C.a  b  d  e, Kuo et al. 2006",
    "et": "SpinalVentralHalf",
    "off": 8167,
    "sff": "spinal"
  },
  {
    "docID": "N112 Huang, W.-C.a  b  d  e, Kuo et al. 2006",
    "et": "SpinalVentralHalf",
    "off": 177,
    "sff": "spinal"
  },
  {
    "docID": "N112 Huang, W.-C.a  b  d  e, Kuo et al. 2006",
    "et": "SpinalVentralHalf",
    "off": 9969,
    "sff": "spinal"
  },
  {
    "docID": "N112 Huang, W.-C.a  b  d  e, Kuo et al. 2006",
    "et": "SpinalVentralHalf",
    "off": 7219,
    "sff": "spinal"
  },
  {
    "docID": "N112 Huang, W.-C.a  b  d  e, Kuo et al. 2006",
    "et": "SpinalVentralHalf",
    "off": 4144,
    "sff": "spinal"
  },
  {
    "docID": "N112 Huang, W.-C.a  b  d  e, Kuo et al. 2006",
    "et": "SpinalVentralHalf",
    "off": 4405,
    "sff": "spinal"
  },
  {
    "docID": "N112 Huang, W.-C.a  b  d  e, Kuo et al. 2006",
    "et": "SpinalVentralHalf",
    "off": 14773,
    "sff": "spinal"
  },
  {
    "docID": "N112 Huang, W.-C.a  b  d  e, Kuo et al. 2006",
    "et": "SpinalVentralHalf",
    "off": 6903,
    "sff": "spinal"
  },
  {
    "docID": "N112 Huang, W.-C.a  b  d  e, Kuo et al. 2006",
    "et": "SpinalVentralHalf",
    "off": 6018,
    "sff": "spinal"
  },
  {
    "docID": "N112 Huang, W.-C.a  b  d  e, Kuo et al. 2006",
    "et": "SpinalVentralHalf",
    "off": 12804,
    "sff": "spinal"
  },
  {
    "docID": "N112 Huang, W.-C.a  b  d  e, Kuo et al. 2006",
    "et": "SpinalVentralHalf",
    "off": 2883,
    "sff": "spinal"
  },
  {
    "docID": "N112 Huang, W.-C.a  b  d  e, Kuo et al. 2006",
    "et": "SpinalVentralHalf",
    "off": 8579,
    "sff": "spinal"
  },
  {
    "docID": "N112 Huang, W.-C.a  b  d  e, Kuo et al. 2006",
    "et": "SpinalVentralHalf",
    "off": 16894,
    "sff": "spinal"
  },
  {
    "docID": "N112 Huang, W.-C.a  b  d  e, Kuo et al. 2006",
    "et": "SpinalVentralHalf",
    "off": 21899,
    "sff": "spinal"
  },
  {
    "docID": "N112 Huang, W.-C.a  b  d  e, Kuo et al. 2006",
    "et": "SpinalVentralHalf",
    "off": 8713,
    "sff": "spinal"
  },
  {
    "docID": "N112 Huang, W.-C.a  b  d  e, Kuo et al. 2006",
    "et": "SpinalVentralHalf",
    "off": 4678,
    "sff": "spinal"
  },
  {
    "docID": "N112 Huang, W.-C.a  b  d  e, Kuo et al. 2006",
    "et": "SpinalVentralHalf",
    "off": 8850,
    "sff": "spinal"
  },
  {
    "docID": "N112 Huang, W.-C.a  b  d  e, Kuo et al. 2006",
    "et": "SpinalVentralHalf",
    "off": 12179,
    "sff": "spinal"
  },
  {
    "docID": "N112 Huang, W.-C.a  b  d  e, Kuo et al. 2006",
    "et": "SpinalVentralHalf",
    "off": 5137,
    "sff": "spinal"
  },
  {
    "docID": "N112 Huang, W.-C.a  b  d  e, Kuo et al. 2006",
    "et": "SpinalVentralHalf",
    "off": 10001,
    "sff": "spinal"
  },
  {
    "docID": "N112 Huang, W.-C.a  b  d  e, Kuo et al. 2006",
    "et": "SpinalVentralHalf",
    "off": 11153,
    "sff": "spinal"
  },
  {
    "docID": "N112 Huang, W.-C.a  b  d  e, Kuo et al. 2006",
    "et": "SpinalVentralHalf",
    "off": 1555,
    "sff": "spinal"
  },
  {
    "docID": "N112 Huang, W.-C.a  b  d  e, Kuo et al. 2006",
    "et": "SpinalVentralHalf",
    "off": 7182,
    "sff": "spinal"
  },
  {
    "docID": "N112 Huang, W.-C.a  b  d  e, Kuo et al. 2006",
    "et": "SpinalVentralHalf",
    "off": 10640,
    "sff": "spinal"
  },
  {
    "docID": "N112 Huang, W.-C.a  b  d  e, Kuo et al. 2006",
    "et": "SpinalVentralHalf",
    "off": 2511,
    "sff": "spinal"
  },
  {
    "docID": "N112 Huang, W.-C.a  b  d  e, Kuo et al. 2006",
    "et": "SpinalVentralHalf",
    "off": 20123,
    "sff": "spinal"
  },
  {
    "docID": "N112 Huang, W.-C.a  b  d  e, Kuo et al. 2006",
    "et": "SpinalVentralHalf",
    "off": 1113,
    "sff": "spinal"
  },
  {
    "docID": "N112 Huang, W.-C.a  b  d  e, Kuo et al. 2006",
    "et": "SpinalVentralHalf",
    "off": 4251,
    "sff": "spinal"
  },
  {
    "docID": "N112 Huang, W.-C.a  b  d  e, Kuo et al. 2006",
    "et": "SpinalVentralHalf",
    "off": 12058,
    "sff": "spinal"
  },
  {
    "docID": "N112 Huang, W.-C.a  b  d  e, Kuo et al. 2006",
    "et": "SpinalVentralHalf",
    "off": 19736,
    "sff": "spinal"
  },
  {
    "docID": "N112 Huang, W.-C.a  b  d  e, Kuo et al. 2006",
    "et": "SpinalVentralHalf",
    "off": 13205,
    "sff": "spinal"
  },
  {
    "docID": "N112 Huang, W.-C.a  b  d  e, Kuo et al. 2006",
    "et": "SpinalVentralHalf",
    "off": 9047,
    "sff": "spinal"
  },
  {
    "docID": "N112 Huang, W.-C.a  b  d  e, Kuo et al. 2006",
    "et": "SpinalVentralHalf",
    "off": 11299,
    "sff": "spinal"
  },
  {
    "docID": "N112 Huang, W.-C.a  b  d  e, Kuo et al. 2006",
    "et": "SpinalVentralHalf",
    "off": 12641,
    "sff": "spinal"
  },
  {
    "docID": "N112 Huang, W.-C.a  b  d  e, Kuo et al. 2006",
    "et": "SpinalVentralHalf",
    "off": 6243,
    "sff": "spinal"
  },
  {
    "docID": "N112 Huang, W.-C.a  b  d  e, Kuo et al. 2006",
    "et": "SpinalVentralHalf",
    "off": 11938,
    "sff": "spinal"
  },
  {
    "docID": "N112 Huang, W.-C.a  b  d  e, Kuo et al. 2006",
    "et": "SpinalVentralHalf",
    "off": 5853,
    "sff": "spinal"
  },
  {
    "docID": "N112 Huang, W.-C.a  b  d  e, Kuo et al. 2006",
    "et": "Rostral",
    "off": 16671,
    "sff": "rostral"
  },
  {
    "docID": "N112 Huang, W.-C.a  b  d  e, Kuo et al. 2006",
    "et": "Rostral",
    "off": 15240,
    "sff": "Rostral"
  },
  {
    "docID": "N112 Huang, W.-C.a  b  d  e, Kuo et al. 2006",
    "et": "DorsalColumn",
    "off": 20599,
    "sff": "dorsal"
  },
  {
    "docID": "N112 Huang, W.-C.a  b  d  e, Kuo et al. 2006",
    "et": "SpragueDawleyRat",
    "off": 10135,
    "sff": "Sprague–Dawley"
  },
  {
    "docID": "N112 Huang, W.-C.a  b  d  e, Kuo et al. 2006",
    "et": "ChondroitinaseABC",
    "off": 5100,
    "sff": "chondroitinase ABC"
  },
  {
    "docID": "N112 Huang, W.-C.a  b  d  e, Kuo et al. 2006",
    "et": "ChondroitinaseABC",
    "off": 19945,
    "sff": "Chondroitinase ABC"
  },
  {
    "docID": "N112 Huang, W.-C.a  b  d  e, Kuo et al. 2006",
    "et": "ChondroitinaseABC",
    "off": 107,
    "sff": "Chondroitinase ABC"
  },
  {
    "docID": "N112 Huang, W.-C.a  b  d  e, Kuo et al. 2006",
    "et": "ChondroitinaseABC",
    "off": 1456,
    "sff": "chondroitinase ABC"
  },
  {
    "docID": "N112 Huang, W.-C.a  b  d  e, Kuo et al. 2006",
    "et": "ChondroitinaseABC",
    "off": 5682,
    "sff": "chondroitinase ABC"
  },
  {
    "docID": "N112 Huang, W.-C.a  b  d  e, Kuo et al. 2006",
    "et": "ChondroitinaseABC",
    "off": 4006,
    "sff": "Chondroitinase ABC"
  },
  {
    "docID": "N112 Huang, W.-C.a  b  d  e, Kuo et al. 2006",
    "et": "ChondroitinaseABC",
    "off": 9797,
    "sff": "chondroitinase ABC"
  },
  {
    "docID": "N112 Huang, W.-C.a  b  d  e, Kuo et al. 2006",
    "et": "ChondroitinaseABC",
    "off": 2354,
    "sff": "Chondroitinase ABC"
  },
  {
    "docID": "N112 Huang, W.-C.a  b  d  e, Kuo et al. 2006",
    "et": "ChondroitinaseABC",
    "off": 19682,
    "sff": "Chondroitinase ABC"
  },
  {
    "docID": "N112 Huang, W.-C.a  b  d  e, Kuo et al. 2006",
    "et": "C1",
    "off": 5525,
    "sff": "C1"
  },
  {
    "docID": "N112 Huang, W.-C.a  b  d  e, Kuo et al. 2006",
    "et": "C1",
    "off": 5468,
    "sff": "C1"
  },
  {
    "docID": "N112 Huang, W.-C.a  b  d  e, Kuo et al. 2006",
    "et": "Tissue",
    "off": 16777,
    "sff": "tissue"
  },
  {
    "docID": "N112 Huang, W.-C.a  b  d  e, Kuo et al. 2006",
    "et": "Tissue",
    "off": 15839,
    "sff": "tissue"
  },
  {
    "docID": "N112 Huang, W.-C.a  b  d  e, Kuo et al. 2006",
    "et": "SpinalLesionSite",
    "off": 4678,
    "sff": "spinal"
  },
  {
    "docID": "N112 Huang, W.-C.a  b  d  e, Kuo et al. 2006",
    "et": "SpinalLesionSite",
    "off": 2883,
    "sff": "spinal"
  },
  {
    "docID": "N112 Huang, W.-C.a  b  d  e, Kuo et al. 2006",
    "et": "SpinalLesionSite",
    "off": 9742,
    "sff": "lesion"
  },
  {
    "docID": "N112 Huang, W.-C.a  b  d  e, Kuo et al. 2006",
    "et": "SpinalLesionSite",
    "off": 9742,
    "sff": "lesion site"
  },
  {
    "docID": "N112 Huang, W.-C.a  b  d  e, Kuo et al. 2006",
    "et": "SpinalLesionSite",
    "off": 9047,
    "sff": "spinal"
  },
  {
    "docID": "N112 Huang, W.-C.a  b  d  e, Kuo et al. 2006",
    "et": "SpinalLesionSite",
    "off": 2511,
    "sff": "spinal"
  },
  {
    "docID": "N112 Huang, W.-C.a  b  d  e, Kuo et al. 2006",
    "et": "SpinalLesionSite",
    "off": 4740,
    "sff": "lesion"
  },
  {
    "docID": "N112 Huang, W.-C.a  b  d  e, Kuo et al. 2006",
    "et": "SpinalLesionSite",
    "off": 8167,
    "sff": "spinal"
  },
  {
    "docID": "N112 Huang, W.-C.a  b  d  e, Kuo et al. 2006",
    "et": "SpinalLesionSite",
    "off": 6243,
    "sff": "spinal"
  },
  {
    "docID": "N112 Huang, W.-C.a  b  d  e, Kuo et al. 2006",
    "et": "SpinalLesionSite",
    "off": 16685,
    "sff": "lesion"
  },
  {
    "docID": "N112 Huang, W.-C.a  b  d  e, Kuo et al. 2006",
    "et": "SpinalLesionSite",
    "off": 12641,
    "sff": "spinal"
  },
  {
    "docID": "N112 Huang, W.-C.a  b  d  e, Kuo et al. 2006",
    "et": "SpinalLesionSite",
    "off": 5853,
    "sff": "spinal"
  },
  {
    "docID": "N112 Huang, W.-C.a  b  d  e, Kuo et al. 2006",
    "et": "SpinalLesionSite",
    "off": 1113,
    "sff": "spinal"
  },
  {
    "docID": "N112 Huang, W.-C.a  b  d  e, Kuo et al. 2006",
    "et": "SpinalLesionSite",
    "off": 6903,
    "sff": "spinal"
  },
  {
    "docID": "N112 Huang, W.-C.a  b  d  e, Kuo et al. 2006",
    "et": "SpinalLesionSite",
    "off": 9969,
    "sff": "spinal"
  },
  {
    "docID": "N112 Huang, W.-C.a  b  d  e, Kuo et al. 2006",
    "et": "SpinalLesionSite",
    "off": 4740,
    "sff": "lesion site"
  },
  {
    "docID": "N112 Huang, W.-C.a  b  d  e, Kuo et al. 2006",
    "et": "SpinalLesionSite",
    "off": 6761,
    "sff": "spinal"
  },
  {
    "docID": "N112 Huang, W.-C.a  b  d  e, Kuo et al. 2006",
    "et": "SpinalLesionSite",
    "off": 3787,
    "sff": "lesion"
  },
  {
    "docID": "N112 Huang, W.-C.a  b  d  e, Kuo et al. 2006",
    "et": "SpinalLesionSite",
    "off": 8579,
    "sff": "spinal"
  },
  {
    "docID": "N112 Huang, W.-C.a  b  d  e, Kuo et al. 2006",
    "et": "SpinalLesionSite",
    "off": 12804,
    "sff": "spinal"
  },
  {
    "docID": "N112 Huang, W.-C.a  b  d  e, Kuo et al. 2006",
    "et": "SpinalLesionSite",
    "off": 6018,
    "sff": "spinal"
  },
  {
    "docID": "N112 Huang, W.-C.a  b  d  e, Kuo et al. 2006",
    "et": "SpinalLesionSite",
    "off": 16894,
    "sff": "spinal"
  },
  {
    "docID": "N112 Huang, W.-C.a  b  d  e, Kuo et al. 2006",
    "et": "SpinalLesionSite",
    "off": 19736,
    "sff": "spinal"
  },
  {
    "docID": "N112 Huang, W.-C.a  b  d  e, Kuo et al. 2006",
    "et": "SpinalLesionSite",
    "off": 13205,
    "sff": "spinal"
  },
  {
    "docID": "N112 Huang, W.-C.a  b  d  e, Kuo et al. 2006",
    "et": "SpinalLesionSite",
    "off": 1381,
    "sff": "lesion site"
  },
  {
    "docID": "N112 Huang, W.-C.a  b  d  e, Kuo et al. 2006",
    "et": "SpinalLesionSite",
    "off": 1555,
    "sff": "spinal"
  },
  {
    "docID": "N112 Huang, W.-C.a  b  d  e, Kuo et al. 2006",
    "et": "SpinalLesionSite",
    "off": 12179,
    "sff": "spinal"
  },
  {
    "docID": "N112 Huang, W.-C.a  b  d  e, Kuo et al. 2006",
    "et": "SpinalLesionSite",
    "off": 5137,
    "sff": "spinal"
  },
  {
    "docID": "N112 Huang, W.-C.a  b  d  e, Kuo et al. 2006",
    "et": "SpinalLesionSite",
    "off": 10001,
    "sff": "spinal"
  },
  {
    "docID": "N112 Huang, W.-C.a  b  d  e, Kuo et al. 2006",
    "et": "SpinalLesionSite",
    "off": 11153,
    "sff": "spinal"
  },
  {
    "docID": "N112 Huang, W.-C.a  b  d  e, Kuo et al. 2006",
    "et": "SpinalLesionSite",
    "off": 8850,
    "sff": "spinal"
  },
  {
    "docID": "N112 Huang, W.-C.a  b  d  e, Kuo et al. 2006",
    "et": "SpinalLesionSite",
    "off": 10640,
    "sff": "spinal"
  },
  {
    "docID": "N112 Huang, W.-C.a  b  d  e, Kuo et al. 2006",
    "et": "SpinalLesionSite",
    "off": 7182,
    "sff": "spinal"
  },
  {
    "docID": "N112 Huang, W.-C.a  b  d  e, Kuo et al. 2006",
    "et": "SpinalLesionSite",
    "off": 21899,
    "sff": "spinal"
  },
  {
    "docID": "N112 Huang, W.-C.a  b  d  e, Kuo et al. 2006",
    "et": "SpinalLesionSite",
    "off": 8713,
    "sff": "spinal"
  },
  {
    "docID": "N112 Huang, W.-C.a  b  d  e, Kuo et al. 2006",
    "et": "SpinalLesionSite",
    "off": 11299,
    "sff": "spinal"
  },
  {
    "docID": "N112 Huang, W.-C.a  b  d  e, Kuo et al. 2006",
    "et": "SpinalLesionSite",
    "off": 11938,
    "sff": "spinal"
  },
  {
    "docID": "N112 Huang, W.-C.a  b  d  e, Kuo et al. 2006",
    "et": "SpinalLesionSite",
    "off": 4251,
    "sff": "spinal"
  },
  {
    "docID": "N112 Huang, W.-C.a  b  d  e, Kuo et al. 2006",
    "et": "SpinalLesionSite",
    "off": 20123,
    "sff": "spinal"
  },
  {
    "docID": "N112 Huang, W.-C.a  b  d  e, Kuo et al. 2006",
    "et": "SpinalLesionSite",
    "off": 16685,
    "sff": "lesion site"
  },
  {
    "docID": "N112 Huang, W.-C.a  b  d  e, Kuo et al. 2006",
    "et": "SpinalLesionSite",
    "off": 12058,
    "sff": "spinal"
  },
  {
    "docID": "N112 Huang, W.-C.a  b  d  e, Kuo et al. 2006",
    "et": "SpinalLesionSite",
    "off": 4405,
    "sff": "spinal"
  },
  {
    "docID": "N112 Huang, W.-C.a  b  d  e, Kuo et al. 2006",
    "et": "SpinalLesionSite",
    "off": 14773,
    "sff": "spinal"
  },
  {
    "docID": "N112 Huang, W.-C.a  b  d  e, Kuo et al. 2006",
    "et": "SpinalLesionSite",
    "off": 7219,
    "sff": "spinal"
  },
  {
    "docID": "N112 Huang, W.-C.a  b  d  e, Kuo et al. 2006",
    "et": "SpinalLesionSite",
    "off": 177,
    "sff": "spinal"
  },
  {
    "docID": "N112 Huang, W.-C.a  b  d  e, Kuo et al. 2006",
    "et": "SpinalLesionSite",
    "off": 4144,
    "sff": "spinal"
  },
  {
    "docID": "N112 Huang, W.-C.a  b  d  e, Kuo et al. 2006",
    "et": "SpinalLesionSite",
    "off": 1381,
    "sff": "lesion"
  },
  {
    "docID": "N112 Huang, W.-C.a  b  d  e, Kuo et al. 2006",
    "et": "SpinalLesionSite",
    "off": 5932,
    "sff": "spinal"
  },
  {
    "docID": "N112 Huang, W.-C.a  b  d  e, Kuo et al. 2006",
    "et": "SpinalLesionSite",
    "off": 22954,
    "sff": "spinal"
  },
  {
    "docID": "N112 Huang, W.-C.a  b  d  e, Kuo et al. 2006",
    "et": "Epidural",
    "off": 5483,
    "sff": "epidural"
  },
  {
    "docID": "N112 Huang, W.-C.a  b  d  e, Kuo et al. 2006",
    "et": "Epidural",
    "off": 6267,
    "sff": "epidural"
  },
  {
    "docID": "N112 Huang, W.-C.a  b  d  e, Kuo et al. 2006",
    "et": "Epidural",
    "off": 7260,
    "sff": "epidural"
  },
  {
    "docID": "N112 Huang, W.-C.a  b  d  e, Kuo et al. 2006",
    "et": "T8",
    "off": 11554,
    "sff": "T8"
  },
  {
    "docID": "N112 Huang, W.-C.a  b  d  e, Kuo et al. 2006",
    "et": "T8",
    "off": 11586,
    "sff": "T8"
  },
  {
    "docID": "N112 Huang, W.-C.a  b  d  e, Kuo et al. 2006",
    "et": "T8",
    "off": 14048,
    "sff": "T8"
  },
  {
    "docID": "N112 Huang, W.-C.a  b  d  e, Kuo et al. 2006",
    "et": "T8",
    "off": 13242,
    "sff": "T8"
  },
  {
    "docID": "N112 Huang, W.-C.a  b  d  e, Kuo et al. 2006",
    "et": "T8",
    "off": 14810,
    "sff": "T8"
  },
  {
    "docID": "N112 Huang, W.-C.a  b  d  e, Kuo et al. 2006",
    "et": "T8",
    "off": 10102,
    "sff": "T8"
  },
  {
    "docID": "N112 Huang, W.-C.a  b  d  e, Kuo et al. 2006",
    "et": "T8",
    "off": 5812,
    "sff": "T8"
  },
  {
    "docID": "N112 Huang, W.-C.a  b  d  e, Kuo et al. 2006",
    "et": "T8",
    "off": 11604,
    "sff": "T8"
  },
  {
    "docID": "N112 Huang, W.-C.a  b  d  e, Kuo et al. 2006",
    "et": "T8",
    "off": 12085,
    "sff": "T8"
  },
  {
    "docID": "N112 Huang, W.-C.a  b  d  e, Kuo et al. 2006",
    "et": "T8",
    "off": 11571,
    "sff": "T8"
  },
  {
    "docID": "N112 Huang, W.-C.a  b  d  e, Kuo et al. 2006",
    "et": "T8",
    "off": 7216,
    "sff": "T8"
  },
  {
    "docID": "N112 Huang, W.-C.a  b  d  e, Kuo et al. 2006",
    "et": "T8",
    "off": 11537,
    "sff": "T8"
  },
  {
    "docID": "N112 Huang, W.-C.a  b  d  e, Kuo et al. 2006",
    "et": "T8",
    "off": 15249,
    "sff": "T8"
  },
  {
    "docID": "N112 Huang, W.-C.a  b  d  e, Kuo et al. 2006",
    "et": "T8",
    "off": 5583,
    "sff": "T8"
  },
  {
    "docID": "N112 Huang, W.-C.a  b  d  e, Kuo et al. 2006",
    "et": "T8",
    "off": 7179,
    "sff": "T8"
  },
  {
    "docID": "N112 Huang, W.-C.a  b  d  e, Kuo et al. 2006",
    "et": "T8",
    "off": 6121,
    "sff": "T8"
  },
  {
    "docID": "N112 Huang, W.-C.a  b  d  e, Kuo et al. 2006",
    "et": "T8",
    "off": 5894,
    "sff": "T8"
  },
  {
    "docID": "N112 Huang, W.-C.a  b  d  e, Kuo et al. 2006",
    "et": "T8",
    "off": 14663,
    "sff": "T8"
  },
  {
    "docID": "N112 Huang, W.-C.a  b  d  e, Kuo et al. 2006",
    "et": "T8",
    "off": 15463,
    "sff": "T8"
  },
  {
    "docID": "N112 Huang, W.-C.a  b  d  e, Kuo et al. 2006",
    "et": "T8",
    "off": 5125,
    "sff": "T8"
  },
  {
    "docID": "N112 Huang, W.-C.a  b  d  e, Kuo et al. 2006",
    "et": "T9",
    "off": 5586,
    "sff": "T9"
  },
  {
    "docID": "N112 Huang, W.-C.a  b  d  e, Kuo et al. 2006",
    "et": "AnimalSpecies",
    "off": 10020,
    "sff": "animal"
  },
  {
    "docID": "N112 Huang, W.-C.a  b  d  e, Kuo et al. 2006",
    "et": "AnimalSpecies",
    "off": 2016,
    "sff": "animal"
  },
  {
    "docID": "N112 Huang, W.-C.a  b  d  e, Kuo et al. 2006",
    "et": "AnimalSpecies",
    "off": 6640,
    "sff": "animal"
  },
  {
    "docID": "N112 Huang, W.-C.a  b  d  e, Kuo et al. 2006",
    "et": "Saline",
    "off": 12400,
    "sff": "Saline"
  },
  {
    "docID": "N112 Huang, W.-C.a  b  d  e, Kuo et al. 2006",
    "et": "Saline",
    "off": 11579,
    "sff": "saline"
  },
  {
    "docID": "N112 Huang, W.-C.a  b  d  e, Kuo et al. 2006",
    "et": "Saline",
    "off": 12766,
    "sff": "saline"
  },
  {
    "docID": "N112 Huang, W.-C.a  b  d  e, Kuo et al. 2006",
    "et": "Saline",
    "off": 7343,
    "sff": "saline"
  },
  {
    "docID": "N112 Huang, W.-C.a  b  d  e, Kuo et al. 2006",
    "et": "TemperatureTreatment",
    "off": 5329,
    "sff": "temperature"
  },
  {
    "docID": "N112 Huang, W.-C.a  b  d  e, Kuo et al. 2006",
    "et": "Intrathecal",
    "off": 6276,
    "sff": "intrathecal"
  },
  {
    "docID": "N112 Huang, W.-C.a  b  d  e, Kuo et al. 2006",
    "et": "Intrathecal",
    "off": 7269,
    "sff": "intrathecal"
  },
  {
    "docID": "N112 Huang, W.-C.a  b  d  e, Kuo et al. 2006",
    "et": "PBS",
    "off": 9174,
    "sff": "PBS"
  },
  {
    "docID": "N112 Huang, W.-C.a  b  d  e, Kuo et al. 2006",
    "et": "PBS",
    "off": 8514,
    "sff": "PBS"
  },
  {
    "docID": "N112 Huang, W.-C.a  b  d  e, Kuo et al. 2006",
    "et": "StemCell",
    "off": 21987,
    "sff": "Stem cell"
  },
  {
    "docID": "N112 Huang, W.-C.a  b  d  e, Kuo et al. 2006",
    "et": "StemCell",
    "off": 19985,
    "sff": "stem"
  },
  {
    "docID": "N112 Huang, W.-C.a  b  d  e, Kuo et al. 2006",
    "et": "StemCell",
    "off": 8612,
    "sff": "stem"
  },
  {
    "docID": "N112 Huang, W.-C.a  b  d  e, Kuo et al. 2006",
    "et": "StemCell",
    "off": 8772,
    "sff": "stem"
  },
  {
    "docID": "N112 Huang, W.-C.a  b  d  e, Kuo et al. 2006",
    "et": "StemCell",
    "off": 21625,
    "sff": "Stem cell"
  },
  {
    "docID": "N112 Huang, W.-C.a  b  d  e, Kuo et al. 2006",
    "et": "SpinalCord",
    "off": 5853,
    "sff": "spinal cord"
  },
  {
    "docID": "N112 Huang, W.-C.a  b  d  e, Kuo et al. 2006",
    "et": "SpinalCord",
    "off": 4251,
    "sff": "spinal cord"
  },
  {
    "docID": "N112 Huang, W.-C.a  b  d  e, Kuo et al. 2006",
    "et": "SpinalCord",
    "off": 20123,
    "sff": "spinal cord"
  },
  {
    "docID": "N112 Huang, W.-C.a  b  d  e, Kuo et al. 2006",
    "et": "SpinalCord",
    "off": 1113,
    "sff": "spinal cord"
  },
  {
    "docID": "N112 Huang, W.-C.a  b  d  e, Kuo et al. 2006",
    "et": "SpinalCord",
    "off": 19736,
    "sff": "spinal cord"
  },
  {
    "docID": "N112 Huang, W.-C.a  b  d  e, Kuo et al. 2006",
    "et": "SpinalCord",
    "off": 13205,
    "sff": "spinal cord"
  },
  {
    "docID": "N112 Huang, W.-C.a  b  d  e, Kuo et al. 2006",
    "et": "SpinalCord",
    "off": 1555,
    "sff": "spinal cord"
  },
  {
    "docID": "N112 Huang, W.-C.a  b  d  e, Kuo et al. 2006",
    "et": "SpinalCord",
    "off": 12179,
    "sff": "spinal cord"
  },
  {
    "docID": "N112 Huang, W.-C.a  b  d  e, Kuo et al. 2006",
    "et": "SpinalCord",
    "off": 5137,
    "sff": "spinal cord"
  },
  {
    "docID": "N112 Huang, W.-C.a  b  d  e, Kuo et al. 2006",
    "et": "SpinalCord",
    "off": 10001,
    "sff": "spinal cord"
  },
  {
    "docID": "N112 Huang, W.-C.a  b  d  e, Kuo et al. 2006",
    "et": "SpinalCord",
    "off": 11153,
    "sff": "spinal cord"
  },
  {
    "docID": "N112 Huang, W.-C.a  b  d  e, Kuo et al. 2006",
    "et": "SpinalCord",
    "off": 10640,
    "sff": "spinal"
  },
  {
    "docID": "N112 Huang, W.-C.a  b  d  e, Kuo et al. 2006",
    "et": "SpinalCord",
    "off": 2511,
    "sff": "spinal cord"
  },
  {
    "docID": "N112 Huang, W.-C.a  b  d  e, Kuo et al. 2006",
    "et": "SpinalCord",
    "off": 7182,
    "sff": "spinal cord"
  },
  {
    "docID": "N112 Huang, W.-C.a  b  d  e, Kuo et al. 2006",
    "et": "SpinalCord",
    "off": 21899,
    "sff": "spinal cord"
  },
  {
    "docID": "N112 Huang, W.-C.a  b  d  e, Kuo et al. 2006",
    "et": "SpinalCord",
    "off": 8850,
    "sff": "spinal"
  },
  {
    "docID": "N112 Huang, W.-C.a  b  d  e, Kuo et al. 2006",
    "et": "SpinalCord",
    "off": 8713,
    "sff": "spinal cord"
  },
  {
    "docID": "N112 Huang, W.-C.a  b  d  e, Kuo et al. 2006",
    "et": "SpinalCord",
    "off": 9047,
    "sff": "spinal"
  },
  {
    "docID": "N112 Huang, W.-C.a  b  d  e, Kuo et al. 2006",
    "et": "SpinalCord",
    "off": 4678,
    "sff": "spinal cord"
  },
  {
    "docID": "N112 Huang, W.-C.a  b  d  e, Kuo et al. 2006",
    "et": "SpinalCord",
    "off": 12804,
    "sff": "spinal cord"
  },
  {
    "docID": "N112 Huang, W.-C.a  b  d  e, Kuo et al. 2006",
    "et": "SpinalCord",
    "off": 2883,
    "sff": "spinal cord"
  },
  {
    "docID": "N112 Huang, W.-C.a  b  d  e, Kuo et al. 2006",
    "et": "SpinalCord",
    "off": 8579,
    "sff": "spinal cord"
  },
  {
    "docID": "N112 Huang, W.-C.a  b  d  e, Kuo et al. 2006",
    "et": "SpinalCord",
    "off": 6018,
    "sff": "spinal cord"
  },
  {
    "docID": "N112 Huang, W.-C.a  b  d  e, Kuo et al. 2006",
    "et": "SpinalCord",
    "off": 12058,
    "sff": "spinal"
  },
  {
    "docID": "N112 Huang, W.-C.a  b  d  e, Kuo et al. 2006",
    "et": "SpinalCord",
    "off": 16894,
    "sff": "spinal cord"
  },
  {
    "docID": "N112 Huang, W.-C.a  b  d  e, Kuo et al. 2006",
    "et": "SpinalCord",
    "off": 6903,
    "sff": "spinal cord"
  },
  {
    "docID": "N112 Huang, W.-C.a  b  d  e, Kuo et al. 2006",
    "et": "SpinalCord",
    "off": 4405,
    "sff": "spinal cord"
  },
  {
    "docID": "N112 Huang, W.-C.a  b  d  e, Kuo et al. 2006",
    "et": "SpinalCord",
    "off": 14773,
    "sff": "spinal cord"
  },
  {
    "docID": "N112 Huang, W.-C.a  b  d  e, Kuo et al. 2006",
    "et": "SpinalCord",
    "off": 7219,
    "sff": "spinal cord"
  },
  {
    "docID": "N112 Huang, W.-C.a  b  d  e, Kuo et al. 2006",
    "et": "SpinalCord",
    "off": 177,
    "sff": "spinal cord"
  },
  {
    "docID": "N112 Huang, W.-C.a  b  d  e, Kuo et al. 2006",
    "et": "SpinalCord",
    "off": 9969,
    "sff": "spinal cord"
  },
  {
    "docID": "N112 Huang, W.-C.a  b  d  e, Kuo et al. 2006",
    "et": "SpinalCord",
    "off": 4144,
    "sff": "spinal cord"
  },
  {
    "docID": "N112 Huang, W.-C.a  b  d  e, Kuo et al. 2006",
    "et": "SpinalCord",
    "off": 5932,
    "sff": "spinal cord"
  },
  {
    "docID": "N112 Huang, W.-C.a  b  d  e, Kuo et al. 2006",
    "et": "SpinalCord",
    "off": 22954,
    "sff": "spinal cord"
  },
  {
    "docID": "N112 Huang, W.-C.a  b  d  e, Kuo et al. 2006",
    "et": "SpinalCord",
    "off": 6761,
    "sff": "spinal cord"
  },
  {
    "docID": "N112 Huang, W.-C.a  b  d  e, Kuo et al. 2006",
    "et": "SpinalCord",
    "off": 8167,
    "sff": "spinal cord"
  },
  {
    "docID": "N112 Huang, W.-C.a  b  d  e, Kuo et al. 2006",
    "et": "SpinalCord",
    "off": 6243,
    "sff": "spinal cord"
  },
  {
    "docID": "N112 Huang, W.-C.a  b  d  e, Kuo et al. 2006",
    "et": "SpinalCord",
    "off": 11299,
    "sff": "spinal cord"
  },
  {
    "docID": "N112 Huang, W.-C.a  b  d  e, Kuo et al. 2006",
    "et": "SpinalCord",
    "off": 11938,
    "sff": "spinal cord"
  },
  {
    "docID": "N112 Huang, W.-C.a  b  d  e, Kuo et al. 2006",
    "et": "SpinalCord",
    "off": 12641,
    "sff": "spinal cord"
  },
  {
    "docID": "N112 Huang, W.-C.a  b  d  e, Kuo et al. 2006",
    "et": "Proliferation",
    "off": 22632,
    "sff": "proliferation"
  },
  {
    "docID": "N112 Huang, W.-C.a  b  d  e, Kuo et al. 2006",
    "et": "LesionAdjacentTissue",
    "off": 3787,
    "sff": "lesion"
  },
  {
    "docID": "N112 Huang, W.-C.a  b  d  e, Kuo et al. 2006",
    "et": "LesionAdjacentTissue",
    "off": 16685,
    "sff": "lesion"
  },
  {
    "docID": "N112 Huang, W.-C.a  b  d  e, Kuo et al. 2006",
    "et": "LesionAdjacentTissue",
    "off": 9742,
    "sff": "lesion"
  },
  {
    "docID": "N112 Huang, W.-C.a  b  d  e, Kuo et al. 2006",
    "et": "LesionAdjacentTissue",
    "off": 1381,
    "sff": "lesion"
  },
  {
    "docID": "N112 Huang, W.-C.a  b  d  e, Kuo et al. 2006",
    "et": "LesionAdjacentTissue",
    "off": 4740,
    "sff": "lesion"
  },
  {
    "docID": "N112 Huang, W.-C.a  b  d  e, Kuo et al. 2006",
    "et": "CentralNervousSystem",
    "off": 19287,
    "sff": "central nervous system"
  },
  {
    "docID": "N112 Huang, W.-C.a  b  d  e, Kuo et al. 2006",
    "et": "CentralNervousSystem",
    "off": 2740,
    "sff": "central nervous system"
  },
  {
    "docID": "N112 Huang, W.-C.a  b  d  e, Kuo et al. 2006",
    "et": "CentralNervousSystem",
    "off": 19287,
    "sff": "central nervous"
  },
  {
    "docID": "N112 Huang, W.-C.a  b  d  e, Kuo et al. 2006",
    "et": "CentralNervousSystem",
    "off": 16752,
    "sff": "central"
  },
  {
    "docID": "N112 Huang, W.-C.a  b  d  e, Kuo et al. 2006",
    "et": "CentralNervousSystem",
    "off": 21645,
    "sff": "central nervous system"
  },
  {
    "docID": "N112 Huang, W.-C.a  b  d  e, Kuo et al. 2006",
    "et": "CentralNervousSystem",
    "off": 2740,
    "sff": "central nervous"
  },
  {
    "docID": "N112 Huang, W.-C.a  b  d  e, Kuo et al. 2006",
    "et": "CentralNervousSystem",
    "off": 21645,
    "sff": "central nervous"
  },
  {
    "docID": "N112 Huang, W.-C.a  b  d  e, Kuo et al. 2006",
    "et": "CentralNervousSystem",
    "off": 21165,
    "sff": "nervous"
  },
  {
    "docID": "N112 Huang, W.-C.a  b  d  e, Kuo et al. 2006",
    "et": "CentralNervousSystem",
    "off": 21165,
    "sff": "nervous system"
  },
  {
    "docID": "N112 Huang, W.-C.a  b  d  e, Kuo et al. 2006",
    "et": "Matrix",
    "off": 9938,
    "sff": "matrix"
  },
  {
    "docID": "N112 Huang, W.-C.a  b  d  e, Kuo et al. 2006",
    "et": "SpinalCentralPart",
    "off": 7182,
    "sff": "spinal"
  },
  {
    "docID": "N112 Huang, W.-C.a  b  d  e, Kuo et al. 2006",
    "et": "SpinalCentralPart",
    "off": 2511,
    "sff": "spinal"
  },
  {
    "docID": "N112 Huang, W.-C.a  b  d  e, Kuo et al. 2006",
    "et": "SpinalCentralPart",
    "off": 10640,
    "sff": "spinal"
  },
  {
    "docID": "N112 Huang, W.-C.a  b  d  e, Kuo et al. 2006",
    "et": "SpinalCentralPart",
    "off": 5137,
    "sff": "spinal"
  },
  {
    "docID": "N112 Huang, W.-C.a  b  d  e, Kuo et al. 2006",
    "et": "SpinalCentralPart",
    "off": 10001,
    "sff": "spinal"
  },
  {
    "docID": "N112 Huang, W.-C.a  b  d  e, Kuo et al. 2006",
    "et": "SpinalCentralPart",
    "off": 11153,
    "sff": "spinal"
  },
  {
    "docID": "N112 Huang, W.-C.a  b  d  e, Kuo et al. 2006",
    "et": "SpinalCentralPart",
    "off": 21899,
    "sff": "spinal"
  },
  {
    "docID": "N112 Huang, W.-C.a  b  d  e, Kuo et al. 2006",
    "et": "SpinalCentralPart",
    "off": 4678,
    "sff": "spinal"
  },
  {
    "docID": "N112 Huang, W.-C.a  b  d  e, Kuo et al. 2006",
    "et": "SpinalCentralPart",
    "off": 8713,
    "sff": "spinal"
  },
  {
    "docID": "N112 Huang, W.-C.a  b  d  e, Kuo et al. 2006",
    "et": "SpinalCentralPart",
    "off": 6018,
    "sff": "spinal"
  },
  {
    "docID": "N112 Huang, W.-C.a  b  d  e, Kuo et al. 2006",
    "et": "SpinalCentralPart",
    "off": 2883,
    "sff": "spinal"
  },
  {
    "docID": "N112 Huang, W.-C.a  b  d  e, Kuo et al. 2006",
    "et": "SpinalCentralPart",
    "off": 8579,
    "sff": "spinal"
  },
  {
    "docID": "N112 Huang, W.-C.a  b  d  e, Kuo et al. 2006",
    "et": "SpinalCentralPart",
    "off": 12804,
    "sff": "spinal"
  },
  {
    "docID": "N112 Huang, W.-C.a  b  d  e, Kuo et al. 2006",
    "et": "SpinalCentralPart",
    "off": 16894,
    "sff": "spinal"
  },
  {
    "docID": "N112 Huang, W.-C.a  b  d  e, Kuo et al. 2006",
    "et": "SpinalCentralPart",
    "off": 21645,
    "sff": "central"
  },
  {
    "docID": "N112 Huang, W.-C.a  b  d  e, Kuo et al. 2006",
    "et": "SpinalCentralPart",
    "off": 6903,
    "sff": "spinal"
  },
  {
    "docID": "N112 Huang, W.-C.a  b  d  e, Kuo et al. 2006",
    "et": "SpinalCentralPart",
    "off": 19287,
    "sff": "central"
  },
  {
    "docID": "N112 Huang, W.-C.a  b  d  e, Kuo et al. 2006",
    "et": "SpinalCentralPart",
    "off": 7219,
    "sff": "spinal"
  },
  {
    "docID": "N112 Huang, W.-C.a  b  d  e, Kuo et al. 2006",
    "et": "SpinalCentralPart",
    "off": 4405,
    "sff": "spinal"
  },
  {
    "docID": "N112 Huang, W.-C.a  b  d  e, Kuo et al. 2006",
    "et": "SpinalCentralPart",
    "off": 14773,
    "sff": "spinal"
  },
  {
    "docID": "N112 Huang, W.-C.a  b  d  e, Kuo et al. 2006",
    "et": "SpinalCentralPart",
    "off": 4144,
    "sff": "spinal"
  },
  {
    "docID": "N112 Huang, W.-C.a  b  d  e, Kuo et al. 2006",
    "et": "SpinalCentralPart",
    "off": 177,
    "sff": "spinal"
  },
  {
    "docID": "N112 Huang, W.-C.a  b  d  e, Kuo et al. 2006",
    "et": "SpinalCentralPart",
    "off": 9969,
    "sff": "spinal"
  },
  {
    "docID": "N112 Huang, W.-C.a  b  d  e, Kuo et al. 2006",
    "et": "SpinalCentralPart",
    "off": 22954,
    "sff": "spinal"
  },
  {
    "docID": "N112 Huang, W.-C.a  b  d  e, Kuo et al. 2006",
    "et": "SpinalCentralPart",
    "off": 5932,
    "sff": "spinal"
  },
  {
    "docID": "N112 Huang, W.-C.a  b  d  e, Kuo et al. 2006",
    "et": "SpinalCentralPart",
    "off": 8167,
    "sff": "spinal"
  },
  {
    "docID": "N112 Huang, W.-C.a  b  d  e, Kuo et al. 2006",
    "et": "SpinalCentralPart",
    "off": 6761,
    "sff": "spinal"
  },
  {
    "docID": "N112 Huang, W.-C.a  b  d  e, Kuo et al. 2006",
    "et": "SpinalCentralPart",
    "off": 11938,
    "sff": "spinal"
  },
  {
    "docID": "N112 Huang, W.-C.a  b  d  e, Kuo et al. 2006",
    "et": "SpinalCentralPart",
    "off": 6243,
    "sff": "spinal"
  },
  {
    "docID": "N112 Huang, W.-C.a  b  d  e, Kuo et al. 2006",
    "et": "SpinalCentralPart",
    "off": 11299,
    "sff": "spinal"
  },
  {
    "docID": "N112 Huang, W.-C.a  b  d  e, Kuo et al. 2006",
    "et": "SpinalCentralPart",
    "off": 16752,
    "sff": "central"
  },
  {
    "docID": "N112 Huang, W.-C.a  b  d  e, Kuo et al. 2006",
    "et": "SpinalCentralPart",
    "off": 12641,
    "sff": "spinal"
  },
  {
    "docID": "N112 Huang, W.-C.a  b  d  e, Kuo et al. 2006",
    "et": "SpinalCentralPart",
    "off": 12058,
    "sff": "spinal"
  },
  {
    "docID": "N112 Huang, W.-C.a  b  d  e, Kuo et al. 2006",
    "et": "SpinalCentralPart",
    "off": 4251,
    "sff": "spinal"
  },
  {
    "docID": "N112 Huang, W.-C.a  b  d  e, Kuo et al. 2006",
    "et": "SpinalCentralPart",
    "off": 20123,
    "sff": "spinal"
  },
  {
    "docID": "N112 Huang, W.-C.a  b  d  e, Kuo et al. 2006",
    "et": "SpinalCentralPart",
    "off": 5853,
    "sff": "spinal"
  },
  {
    "docID": "N112 Huang, W.-C.a  b  d  e, Kuo et al. 2006",
    "et": "SpinalCentralPart",
    "off": 9047,
    "sff": "spinal"
  },
  {
    "docID": "N112 Huang, W.-C.a  b  d  e, Kuo et al. 2006",
    "et": "SpinalCentralPart",
    "off": 19736,
    "sff": "spinal"
  },
  {
    "docID": "N112 Huang, W.-C.a  b  d  e, Kuo et al. 2006",
    "et": "SpinalCentralPart",
    "off": 1113,
    "sff": "spinal"
  },
  {
    "docID": "N112 Huang, W.-C.a  b  d  e, Kuo et al. 2006",
    "et": "SpinalCentralPart",
    "off": 8850,
    "sff": "spinal"
  },
  {
    "docID": "N112 Huang, W.-C.a  b  d  e, Kuo et al. 2006",
    "et": "SpinalCentralPart",
    "off": 1555,
    "sff": "spinal"
  },
  {
    "docID": "N112 Huang, W.-C.a  b  d  e, Kuo et al. 2006",
    "et": "SpinalCentralPart",
    "off": 12179,
    "sff": "spinal"
  },
  {
    "docID": "N112 Huang, W.-C.a  b  d  e, Kuo et al. 2006",
    "et": "SpinalCentralPart",
    "off": 2740,
    "sff": "central"
  },
  {
    "docID": "N112 Huang, W.-C.a  b  d  e, Kuo et al. 2006",
    "et": "SpinalCentralPart",
    "off": 13205,
    "sff": "spinal"
  },
  {
    "docID": "N112 Huang, W.-C.a  b  d  e, Kuo et al. 2006",
    "et": "Brain",
    "off": 8264,
    "sff": "brain"
  },
  {
    "docID": "N112 Huang, W.-C.a  b  d  e, Kuo et al. 2006",
    "et": "Brain",
    "off": 2502,
    "sff": "brain"
  },
  {
    "docID": "N112 Huang, W.-C.a  b  d  e, Kuo et al. 2006",
    "et": "Brain",
    "off": 8606,
    "sff": "brain"
  },
  {
    "docID": "N112 Huang, W.-C.a  b  d  e, Kuo et al. 2006",
    "et": "Brain",
    "off": 8766,
    "sff": "brain"
  },
  {
    "docID": "N112 Huang, W.-C.a  b  d  e, Kuo et al. 2006",
    "et": "SpinalWhiteMatter",
    "off": 8713,
    "sff": "spinal"
  },
  {
    "docID": "N112 Huang, W.-C.a  b  d  e, Kuo et al. 2006",
    "et": "SpinalWhiteMatter",
    "off": 21899,
    "sff": "spinal"
  },
  {
    "docID": "N112 Huang, W.-C.a  b  d  e, Kuo et al. 2006",
    "et": "SpinalWhiteMatter",
    "off": 12804,
    "sff": "spinal"
  },
  {
    "docID": "N112 Huang, W.-C.a  b  d  e, Kuo et al. 2006",
    "et": "SpinalWhiteMatter",
    "off": 4678,
    "sff": "spinal"
  },
  {
    "docID": "N112 Huang, W.-C.a  b  d  e, Kuo et al. 2006",
    "et": "SpinalWhiteMatter",
    "off": 5137,
    "sff": "spinal"
  },
  {
    "docID": "N112 Huang, W.-C.a  b  d  e, Kuo et al. 2006",
    "et": "SpinalWhiteMatter",
    "off": 10001,
    "sff": "spinal"
  },
  {
    "docID": "N112 Huang, W.-C.a  b  d  e, Kuo et al. 2006",
    "et": "SpinalWhiteMatter",
    "off": 11153,
    "sff": "spinal"
  },
  {
    "docID": "N112 Huang, W.-C.a  b  d  e, Kuo et al. 2006",
    "et": "SpinalWhiteMatter",
    "off": 10640,
    "sff": "spinal"
  },
  {
    "docID": "N112 Huang, W.-C.a  b  d  e, Kuo et al. 2006",
    "et": "SpinalWhiteMatter",
    "off": 1555,
    "sff": "spinal"
  },
  {
    "docID": "N112 Huang, W.-C.a  b  d  e, Kuo et al. 2006",
    "et": "SpinalWhiteMatter",
    "off": 12179,
    "sff": "spinal"
  },
  {
    "docID": "N112 Huang, W.-C.a  b  d  e, Kuo et al. 2006",
    "et": "SpinalWhiteMatter",
    "off": 8850,
    "sff": "spinal"
  },
  {
    "docID": "N112 Huang, W.-C.a  b  d  e, Kuo et al. 2006",
    "et": "SpinalWhiteMatter",
    "off": 2511,
    "sff": "spinal"
  },
  {
    "docID": "N112 Huang, W.-C.a  b  d  e, Kuo et al. 2006",
    "et": "SpinalWhiteMatter",
    "off": 7182,
    "sff": "spinal"
  },
  {
    "docID": "N112 Huang, W.-C.a  b  d  e, Kuo et al. 2006",
    "et": "SpinalWhiteMatter",
    "off": 4405,
    "sff": "spinal"
  },
  {
    "docID": "N112 Huang, W.-C.a  b  d  e, Kuo et al. 2006",
    "et": "SpinalWhiteMatter",
    "off": 14773,
    "sff": "spinal"
  },
  {
    "docID": "N112 Huang, W.-C.a  b  d  e, Kuo et al. 2006",
    "et": "SpinalWhiteMatter",
    "off": 6903,
    "sff": "spinal"
  },
  {
    "docID": "N112 Huang, W.-C.a  b  d  e, Kuo et al. 2006",
    "et": "SpinalWhiteMatter",
    "off": 2883,
    "sff": "spinal"
  },
  {
    "docID": "N112 Huang, W.-C.a  b  d  e, Kuo et al. 2006",
    "et": "SpinalWhiteMatter",
    "off": 8579,
    "sff": "spinal"
  },
  {
    "docID": "N112 Huang, W.-C.a  b  d  e, Kuo et al. 2006",
    "et": "SpinalWhiteMatter",
    "off": 6018,
    "sff": "spinal"
  },
  {
    "docID": "N112 Huang, W.-C.a  b  d  e, Kuo et al. 2006",
    "et": "SpinalWhiteMatter",
    "off": 16894,
    "sff": "spinal"
  },
  {
    "docID": "N112 Huang, W.-C.a  b  d  e, Kuo et al. 2006",
    "et": "SpinalWhiteMatter",
    "off": 6761,
    "sff": "spinal"
  },
  {
    "docID": "N112 Huang, W.-C.a  b  d  e, Kuo et al. 2006",
    "et": "SpinalWhiteMatter",
    "off": 22954,
    "sff": "spinal"
  },
  {
    "docID": "N112 Huang, W.-C.a  b  d  e, Kuo et al. 2006",
    "et": "SpinalWhiteMatter",
    "off": 8167,
    "sff": "spinal"
  },
  {
    "docID": "N112 Huang, W.-C.a  b  d  e, Kuo et al. 2006",
    "et": "SpinalWhiteMatter",
    "off": 177,
    "sff": "spinal"
  },
  {
    "docID": "N112 Huang, W.-C.a  b  d  e, Kuo et al. 2006",
    "et": "SpinalWhiteMatter",
    "off": 9969,
    "sff": "spinal"
  },
  {
    "docID": "N112 Huang, W.-C.a  b  d  e, Kuo et al. 2006",
    "et": "SpinalWhiteMatter",
    "off": 4144,
    "sff": "spinal"
  },
  {
    "docID": "N112 Huang, W.-C.a  b  d  e, Kuo et al. 2006",
    "et": "SpinalWhiteMatter",
    "off": 7219,
    "sff": "spinal"
  },
  {
    "docID": "N112 Huang, W.-C.a  b  d  e, Kuo et al. 2006",
    "et": "SpinalWhiteMatter",
    "off": 5932,
    "sff": "spinal"
  },
  {
    "docID": "N112 Huang, W.-C.a  b  d  e, Kuo et al. 2006",
    "et": "SpinalWhiteMatter",
    "off": 1113,
    "sff": "spinal"
  },
  {
    "docID": "N112 Huang, W.-C.a  b  d  e, Kuo et al. 2006",
    "et": "SpinalWhiteMatter",
    "off": 19736,
    "sff": "spinal"
  },
  {
    "docID": "N112 Huang, W.-C.a  b  d  e, Kuo et al. 2006",
    "et": "SpinalWhiteMatter",
    "off": 4251,
    "sff": "spinal"
  },
  {
    "docID": "N112 Huang, W.-C.a  b  d  e, Kuo et al. 2006",
    "et": "SpinalWhiteMatter",
    "off": 20123,
    "sff": "spinal"
  },
  {
    "docID": "N112 Huang, W.-C.a  b  d  e, Kuo et al. 2006",
    "et": "SpinalWhiteMatter",
    "off": 12058,
    "sff": "spinal"
  },
  {
    "docID": "N112 Huang, W.-C.a  b  d  e, Kuo et al. 2006",
    "et": "SpinalWhiteMatter",
    "off": 13205,
    "sff": "spinal"
  },
  {
    "docID": "N112 Huang, W.-C.a  b  d  e, Kuo et al. 2006",
    "et": "SpinalWhiteMatter",
    "off": 9047,
    "sff": "spinal"
  },
  {
    "docID": "N112 Huang, W.-C.a  b  d  e, Kuo et al. 2006",
    "et": "SpinalWhiteMatter",
    "off": 21288,
    "sff": "white"
  },
  {
    "docID": "N112 Huang, W.-C.a  b  d  e, Kuo et al. 2006",
    "et": "SpinalWhiteMatter",
    "off": 12641,
    "sff": "spinal"
  },
  {
    "docID": "N112 Huang, W.-C.a  b  d  e, Kuo et al. 2006",
    "et": "SpinalWhiteMatter",
    "off": 6243,
    "sff": "spinal"
  },
  {
    "docID": "N112 Huang, W.-C.a  b  d  e, Kuo et al. 2006",
    "et": "SpinalWhiteMatter",
    "off": 11299,
    "sff": "spinal"
  },
  {
    "docID": "N112 Huang, W.-C.a  b  d  e, Kuo et al. 2006",
    "et": "SpinalWhiteMatter",
    "off": 11938,
    "sff": "spinal"
  },
  {
    "docID": "N112 Huang, W.-C.a  b  d  e, Kuo et al. 2006",
    "et": "SpinalWhiteMatter",
    "off": 5853,
    "sff": "spinal"
  },
  {
    "docID": "N112 Huang, W.-C.a  b  d  e, Kuo et al. 2006",
    "et": "Catheter",
    "off": 5640,
    "sff": "catheter"
  },
  {
    "docID": "N112 Huang, W.-C.a  b  d  e, Kuo et al. 2006",
    "et": "Catheter",
    "off": 5882,
    "sff": "catheter"
  },
  {
    "docID": "N112 Huang, W.-C.a  b  d  e, Kuo et al. 2006",
    "et": "Catheter",
    "off": 5717,
    "sff": "catheter"
  },
  {
    "docID": "N112 Huang, W.-C.a  b  d  e, Kuo et al. 2006",
    "et": "Catheter",
    "off": 5543,
    "sff": "catheter"
  },
  {
    "docID": "N112 Huang, W.-C.a  b  d  e, Kuo et al. 2006",
    "et": "Catheter",
    "off": 6288,
    "sff": "catheter"
  },
  {
    "docID": "N112 Huang, W.-C.a  b  d  e, Kuo et al. 2006",
    "et": "Catheter",
    "off": 7312,
    "sff": "catheter"
  },
  {
    "docID": "N112 Huang, W.-C.a  b  d  e, Kuo et al. 2006",
    "et": "Catheter",
    "off": 6097,
    "sff": "catheter"
  },
  {
    "docID": "N112 Huang, W.-C.a  b  d  e, Kuo et al. 2006",
    "et": "Catheter",
    "off": 7281,
    "sff": "catheter"
  },
  {
    "docID": "N112 Huang, W.-C.a  b  d  e, Kuo et al. 2006",
    "et": "Catheter",
    "off": 5075,
    "sff": "catheter"
  },
  {
    "docID": "N112 Huang, W.-C.a  b  d  e, Kuo et al. 2006",
    "et": "Antibody",
    "off": 9517,
    "sff": "antibody"
  },
  {
    "docID": "N112 Huang, W.-C.a  b  d  e, Kuo et al. 2006",
    "et": "Antibody",
    "off": 9628,
    "sff": "antibody"
  },
  {
    "docID": "N112 Huang, W.-C.a  b  d  e, Kuo et al. 2006",
    "et": "Antibody",
    "off": 9359,
    "sff": "antibody"
  },
  {
    "docID": "N112 Huang, W.-C.a  b  d  e, Kuo et al. 2006",
    "et": "Antibody",
    "off": 9391,
    "sff": "antibody"
  },
  {
    "docID": "N112 Huang, W.-C.a  b  d  e, Kuo et al. 2006",
    "et": "Antibody",
    "off": 9201,
    "sff": "antibody"
  },
  {
    "docID": "N112 Huang, W.-C.a  b  d  e, Kuo et al. 2006",
    "et": "UmbilicalCordBloodStemCell",
    "off": 7189,
    "sff": "cord"
  },
  {
    "docID": "N112 Huang, W.-C.a  b  d  e, Kuo et al. 2006",
    "et": "UmbilicalCordBloodStemCell",
    "off": 2518,
    "sff": "cord"
  },
  {
    "docID": "N112 Huang, W.-C.a  b  d  e, Kuo et al. 2006",
    "et": "UmbilicalCordBloodStemCell",
    "off": 1562,
    "sff": "cord"
  },
  {
    "docID": "N112 Huang, W.-C.a  b  d  e, Kuo et al. 2006",
    "et": "UmbilicalCordBloodStemCell",
    "off": 12186,
    "sff": "cord"
  },
  {
    "docID": "N112 Huang, W.-C.a  b  d  e, Kuo et al. 2006",
    "et": "UmbilicalCordBloodStemCell",
    "off": 5144,
    "sff": "cord"
  },
  {
    "docID": "N112 Huang, W.-C.a  b  d  e, Kuo et al. 2006",
    "et": "UmbilicalCordBloodStemCell",
    "off": 10008,
    "sff": "cord"
  },
  {
    "docID": "N112 Huang, W.-C.a  b  d  e, Kuo et al. 2006",
    "et": "UmbilicalCordBloodStemCell",
    "off": 11160,
    "sff": "cord"
  },
  {
    "docID": "N112 Huang, W.-C.a  b  d  e, Kuo et al. 2006",
    "et": "UmbilicalCordBloodStemCell",
    "off": 4685,
    "sff": "cord"
  },
  {
    "docID": "N112 Huang, W.-C.a  b  d  e, Kuo et al. 2006",
    "et": "UmbilicalCordBloodStemCell",
    "off": 12811,
    "sff": "cord"
  },
  {
    "docID": "N112 Huang, W.-C.a  b  d  e, Kuo et al. 2006",
    "et": "UmbilicalCordBloodStemCell",
    "off": 21906,
    "sff": "cord"
  },
  {
    "docID": "N112 Huang, W.-C.a  b  d  e, Kuo et al. 2006",
    "et": "UmbilicalCordBloodStemCell",
    "off": 8720,
    "sff": "cord"
  },
  {
    "docID": "N112 Huang, W.-C.a  b  d  e, Kuo et al. 2006",
    "et": "UmbilicalCordBloodStemCell",
    "off": 16901,
    "sff": "cord"
  },
  {
    "docID": "N112 Huang, W.-C.a  b  d  e, Kuo et al. 2006",
    "et": "UmbilicalCordBloodStemCell",
    "off": 6025,
    "sff": "cord"
  },
  {
    "docID": "N112 Huang, W.-C.a  b  d  e, Kuo et al. 2006",
    "et": "UmbilicalCordBloodStemCell",
    "off": 2890,
    "sff": "cord"
  },
  {
    "docID": "N112 Huang, W.-C.a  b  d  e, Kuo et al. 2006",
    "et": "UmbilicalCordBloodStemCell",
    "off": 8586,
    "sff": "cord"
  },
  {
    "docID": "N112 Huang, W.-C.a  b  d  e, Kuo et al. 2006",
    "et": "UmbilicalCordBloodStemCell",
    "off": 6910,
    "sff": "cord"
  },
  {
    "docID": "N112 Huang, W.-C.a  b  d  e, Kuo et al. 2006",
    "et": "UmbilicalCordBloodStemCell",
    "off": 4412,
    "sff": "cord"
  },
  {
    "docID": "N112 Huang, W.-C.a  b  d  e, Kuo et al. 2006",
    "et": "UmbilicalCordBloodStemCell",
    "off": 14780,
    "sff": "cord"
  },
  {
    "docID": "N112 Huang, W.-C.a  b  d  e, Kuo et al. 2006",
    "et": "UmbilicalCordBloodStemCell",
    "off": 5939,
    "sff": "cord"
  },
  {
    "docID": "N112 Huang, W.-C.a  b  d  e, Kuo et al. 2006",
    "et": "UmbilicalCordBloodStemCell",
    "off": 7226,
    "sff": "cord"
  },
  {
    "docID": "N112 Huang, W.-C.a  b  d  e, Kuo et al. 2006",
    "et": "UmbilicalCordBloodStemCell",
    "off": 4151,
    "sff": "cord"
  },
  {
    "docID": "N112 Huang, W.-C.a  b  d  e, Kuo et al. 2006",
    "et": "UmbilicalCordBloodStemCell",
    "off": 184,
    "sff": "cord"
  },
  {
    "docID": "N112 Huang, W.-C.a  b  d  e, Kuo et al. 2006",
    "et": "UmbilicalCordBloodStemCell",
    "off": 9976,
    "sff": "cord"
  },
  {
    "docID": "N112 Huang, W.-C.a  b  d  e, Kuo et al. 2006",
    "et": "UmbilicalCordBloodStemCell",
    "off": 8174,
    "sff": "cord"
  },
  {
    "docID": "N112 Huang, W.-C.a  b  d  e, Kuo et al. 2006",
    "et": "UmbilicalCordBloodStemCell",
    "off": 6124,
    "sff": "cord"
  },
  {
    "docID": "N112 Huang, W.-C.a  b  d  e, Kuo et al. 2006",
    "et": "UmbilicalCordBloodStemCell",
    "off": 22961,
    "sff": "cord"
  },
  {
    "docID": "N112 Huang, W.-C.a  b  d  e, Kuo et al. 2006",
    "et": "UmbilicalCordBloodStemCell",
    "off": 6768,
    "sff": "cord"
  },
  {
    "docID": "N112 Huang, W.-C.a  b  d  e, Kuo et al. 2006",
    "et": "UmbilicalCordBloodStemCell",
    "off": 10083,
    "sff": "cord"
  },
  {
    "docID": "N112 Huang, W.-C.a  b  d  e, Kuo et al. 2006",
    "et": "UmbilicalCordBloodStemCell",
    "off": 5860,
    "sff": "cord"
  },
  {
    "docID": "N112 Huang, W.-C.a  b  d  e, Kuo et al. 2006",
    "et": "UmbilicalCordBloodStemCell",
    "off": 11945,
    "sff": "cord"
  },
  {
    "docID": "N112 Huang, W.-C.a  b  d  e, Kuo et al. 2006",
    "et": "UmbilicalCordBloodStemCell",
    "off": 6250,
    "sff": "cord"
  },
  {
    "docID": "N112 Huang, W.-C.a  b  d  e, Kuo et al. 2006",
    "et": "UmbilicalCordBloodStemCell",
    "off": 11306,
    "sff": "cord"
  },
  {
    "docID": "N112 Huang, W.-C.a  b  d  e, Kuo et al. 2006",
    "et": "UmbilicalCordBloodStemCell",
    "off": 12648,
    "sff": "cord"
  },
  {
    "docID": "N112 Huang, W.-C.a  b  d  e, Kuo et al. 2006",
    "et": "UmbilicalCordBloodStemCell",
    "off": 13212,
    "sff": "cord"
  },
  {
    "docID": "N112 Huang, W.-C.a  b  d  e, Kuo et al. 2006",
    "et": "UmbilicalCordBloodStemCell",
    "off": 4258,
    "sff": "cord"
  },
  {
    "docID": "N112 Huang, W.-C.a  b  d  e, Kuo et al. 2006",
    "et": "UmbilicalCordBloodStemCell",
    "off": 20130,
    "sff": "cord"
  },
  {
    "docID": "N112 Huang, W.-C.a  b  d  e, Kuo et al. 2006",
    "et": "UmbilicalCordBloodStemCell",
    "off": 19743,
    "sff": "cord"
  },
  {
    "docID": "N112 Huang, W.-C.a  b  d  e, Kuo et al. 2006",
    "et": "UmbilicalCordBloodStemCell",
    "off": 1120,
    "sff": "cord"
  },
  {
    "docID": "N112 Huang, W.-C.a  b  d  e, Kuo et al. 2006",
    "et": "TailVeinLocation",
    "off": 7932,
    "sff": "tail"
  },
  {
    "docID": "N112 Huang, W.-C.a  b  d  e, Kuo et al. 2006",
    "et": "Protein",
    "off": 20087,
    "sff": "protein"
  },
  {
    "docID": "N112 Huang, W.-C.a  b  d  e, Kuo et al. 2006",
    "et": "Protein",
    "off": 3439,
    "sff": "protein"
  },
  {
    "docID": "N112 Huang, W.-C.a  b  d  e, Kuo et al. 2006",
    "et": "Protein",
    "off": 2400,
    "sff": "protein"
  },
  {
    "docID": "N112 Huang, W.-C.a  b  d  e, Kuo et al. 2006",
    "et": "GlialCell",
    "off": 22670,
    "sff": "glial"
  },
  {
    "docID": "N112 Huang, W.-C.a  b  d  e, Kuo et al. 2006",
    "et": "GlialCell",
    "off": 19477,
    "sff": "glial"
  },
  {
    "docID": "N112 Huang, W.-C.a  b  d  e, Kuo et al. 2006",
    "et": "InfusionDelivery",
    "off": 6148,
    "sff": "infusion"
  },
  {
    "docID": "N112 Huang, W.-C.a  b  d  e, Kuo et al. 2006",
    "et": "InfusionDelivery",
    "off": 6789,
    "sff": "infusion"
  },
  {
    "docID": "N112 Huang, W.-C.a  b  d  e, Kuo et al. 2006",
    "et": "InfusionDelivery",
    "off": 5670,
    "sff": "infusion"
  },
  {
    "docID": "N112 Huang, W.-C.a  b  d  e, Kuo et al. 2006",
    "et": "InfusionDelivery",
    "off": 7110,
    "sff": "infusion"
  },
  {
    "docID": "N112 Huang, W.-C.a  b  d  e, Kuo et al. 2006",
    "et": "InfusionDelivery",
    "off": 5088,
    "sff": "infusion"
  },
  {
    "docID": "N112 Huang, W.-C.a  b  d  e, Kuo et al. 2006",
    "et": "InfusionDelivery",
    "off": 11758,
    "sff": "infusion"
  },
  {
    "docID": "N112 Huang, W.-C.a  b  d  e, Kuo et al. 2006",
    "et": "InfusionDelivery",
    "off": 7407,
    "sff": "infusion"
  },
  {
    "docID": "N112 Huang, W.-C.a  b  d  e, Kuo et al. 2006",
    "et": "InfusionDelivery",
    "off": 10984,
    "sff": "infusion"
  },
  {
    "docID": "N112 Huang, W.-C.a  b  d  e, Kuo et al. 2006",
    "et": "InfusionDelivery",
    "off": 10475,
    "sff": "infusion"
  },
  {
    "docID": "N112 Huang, W.-C.a  b  d  e, Kuo et al. 2006",
    "et": "InfusionDelivery",
    "off": 10859,
    "sff": "infusion"
  },
  {
    "docID": "N112 Huang, W.-C.a  b  d  e, Kuo et al. 2006",
    "et": "InfusionDelivery",
    "off": 10891,
    "sff": "infusion"
  },
  {
    "docID": "N112 Huang, W.-C.a  b  d  e, Kuo et al. 2006",
    "et": "InfusionDelivery",
    "off": 13387,
    "sff": "infusion"
  },
  {
    "docID": "N112 Huang, W.-C.a  b  d  e, Kuo et al. 2006",
    "et": "InfusionDelivery",
    "off": 13908,
    "sff": "infusion"
  },
  {
    "docID": "N112 Huang, W.-C.a  b  d  e, Kuo et al. 2006",
    "et": "InfusionDelivery",
    "off": 16821,
    "sff": "infusion"
  },
  {
    "docID": "N112 Huang, W.-C.a  b  d  e, Kuo et al. 2006",
    "et": "InfusionDelivery",
    "off": 7350,
    "sff": "infusion"
  },
  {
    "docID": "N112 Huang, W.-C.a  b  d  e, Kuo et al. 2006",
    "et": "InfusionDelivery",
    "off": 15315,
    "sff": "infusion"
  },
  {
    "docID": "N112 Huang, W.-C.a  b  d  e, Kuo et al. 2006",
    "et": "SpinalGrayMatter",
    "off": 5932,
    "sff": "spinal"
  },
  {
    "docID": "N112 Huang, W.-C.a  b  d  e, Kuo et al. 2006",
    "et": "SpinalGrayMatter",
    "off": 22954,
    "sff": "spinal"
  },
  {
    "docID": "N112 Huang, W.-C.a  b  d  e, Kuo et al. 2006",
    "et": "SpinalGrayMatter",
    "off": 6761,
    "sff": "spinal"
  },
  {
    "docID": "N112 Huang, W.-C.a  b  d  e, Kuo et al. 2006",
    "et": "SpinalGrayMatter",
    "off": 6903,
    "sff": "spinal"
  },
  {
    "docID": "N112 Huang, W.-C.a  b  d  e, Kuo et al. 2006",
    "et": "SpinalGrayMatter",
    "off": 4405,
    "sff": "spinal"
  },
  {
    "docID": "N112 Huang, W.-C.a  b  d  e, Kuo et al. 2006",
    "et": "SpinalGrayMatter",
    "off": 14773,
    "sff": "spinal"
  },
  {
    "docID": "N112 Huang, W.-C.a  b  d  e, Kuo et al. 2006",
    "et": "SpinalGrayMatter",
    "off": 7219,
    "sff": "spinal"
  },
  {
    "docID": "N112 Huang, W.-C.a  b  d  e, Kuo et al. 2006",
    "et": "SpinalGrayMatter",
    "off": 4144,
    "sff": "spinal"
  },
  {
    "docID": "N112 Huang, W.-C.a  b  d  e, Kuo et al. 2006",
    "et": "SpinalGrayMatter",
    "off": 177,
    "sff": "spinal"
  },
  {
    "docID": "N112 Huang, W.-C.a  b  d  e, Kuo et al. 2006",
    "et": "SpinalGrayMatter",
    "off": 9969,
    "sff": "spinal"
  },
  {
    "docID": "N112 Huang, W.-C.a  b  d  e, Kuo et al. 2006",
    "et": "SpinalGrayMatter",
    "off": 16894,
    "sff": "spinal"
  },
  {
    "docID": "N112 Huang, W.-C.a  b  d  e, Kuo et al. 2006",
    "et": "SpinalGrayMatter",
    "off": 4678,
    "sff": "spinal"
  },
  {
    "docID": "N112 Huang, W.-C.a  b  d  e, Kuo et al. 2006",
    "et": "SpinalGrayMatter",
    "off": 12804,
    "sff": "spinal"
  },
  {
    "docID": "N112 Huang, W.-C.a  b  d  e, Kuo et al. 2006",
    "et": "SpinalGrayMatter",
    "off": 6018,
    "sff": "spinal"
  },
  {
    "docID": "N112 Huang, W.-C.a  b  d  e, Kuo et al. 2006",
    "et": "SpinalGrayMatter",
    "off": 2883,
    "sff": "spinal"
  },
  {
    "docID": "N112 Huang, W.-C.a  b  d  e, Kuo et al. 2006",
    "et": "SpinalGrayMatter",
    "off": 8579,
    "sff": "spinal"
  },
  {
    "docID": "N112 Huang, W.-C.a  b  d  e, Kuo et al. 2006",
    "et": "SpinalGrayMatter",
    "off": 7182,
    "sff": "spinal"
  },
  {
    "docID": "N112 Huang, W.-C.a  b  d  e, Kuo et al. 2006",
    "et": "SpinalGrayMatter",
    "off": 2511,
    "sff": "spinal"
  },
  {
    "docID": "N112 Huang, W.-C.a  b  d  e, Kuo et al. 2006",
    "et": "SpinalGrayMatter",
    "off": 21899,
    "sff": "spinal"
  },
  {
    "docID": "N112 Huang, W.-C.a  b  d  e, Kuo et al. 2006",
    "et": "SpinalGrayMatter",
    "off": 8713,
    "sff": "spinal"
  },
  {
    "docID": "N112 Huang, W.-C.a  b  d  e, Kuo et al. 2006",
    "et": "SpinalGrayMatter",
    "off": 9047,
    "sff": "spinal"
  },
  {
    "docID": "N112 Huang, W.-C.a  b  d  e, Kuo et al. 2006",
    "et": "SpinalGrayMatter",
    "off": 13205,
    "sff": "spinal"
  },
  {
    "docID": "N112 Huang, W.-C.a  b  d  e, Kuo et al. 2006",
    "et": "SpinalGrayMatter",
    "off": 8850,
    "sff": "spinal"
  },
  {
    "docID": "N112 Huang, W.-C.a  b  d  e, Kuo et al. 2006",
    "et": "SpinalGrayMatter",
    "off": 1555,
    "sff": "spinal"
  },
  {
    "docID": "N112 Huang, W.-C.a  b  d  e, Kuo et al. 2006",
    "et": "SpinalGrayMatter",
    "off": 12179,
    "sff": "spinal"
  },
  {
    "docID": "N112 Huang, W.-C.a  b  d  e, Kuo et al. 2006",
    "et": "SpinalGrayMatter",
    "off": 10640,
    "sff": "spinal"
  },
  {
    "docID": "N112 Huang, W.-C.a  b  d  e, Kuo et al. 2006",
    "et": "SpinalGrayMatter",
    "off": 5137,
    "sff": "spinal"
  },
  {
    "docID": "N112 Huang, W.-C.a  b  d  e, Kuo et al. 2006",
    "et": "SpinalGrayMatter",
    "off": 10001,
    "sff": "spinal"
  },
  {
    "docID": "N112 Huang, W.-C.a  b  d  e, Kuo et al. 2006",
    "et": "SpinalGrayMatter",
    "off": 11153,
    "sff": "spinal"
  },
  {
    "docID": "N112 Huang, W.-C.a  b  d  e, Kuo et al. 2006",
    "et": "SpinalGrayMatter",
    "off": 5853,
    "sff": "spinal"
  },
  {
    "docID": "N112 Huang, W.-C.a  b  d  e, Kuo et al. 2006",
    "et": "SpinalGrayMatter",
    "off": 12058,
    "sff": "spinal"
  },
  {
    "docID": "N112 Huang, W.-C.a  b  d  e, Kuo et al. 2006",
    "et": "SpinalGrayMatter",
    "off": 4251,
    "sff": "spinal"
  },
  {
    "docID": "N112 Huang, W.-C.a  b  d  e, Kuo et al. 2006",
    "et": "SpinalGrayMatter",
    "off": 20123,
    "sff": "spinal"
  },
  {
    "docID": "N112 Huang, W.-C.a  b  d  e, Kuo et al. 2006",
    "et": "SpinalGrayMatter",
    "off": 19736,
    "sff": "spinal"
  },
  {
    "docID": "N112 Huang, W.-C.a  b  d  e, Kuo et al. 2006",
    "et": "SpinalGrayMatter",
    "off": 1113,
    "sff": "spinal"
  },
  {
    "docID": "N112 Huang, W.-C.a  b  d  e, Kuo et al. 2006",
    "et": "SpinalGrayMatter",
    "off": 8167,
    "sff": "spinal"
  },
  {
    "docID": "N112 Huang, W.-C.a  b  d  e, Kuo et al. 2006",
    "et": "SpinalGrayMatter",
    "off": 11938,
    "sff": "spinal"
  },
  {
    "docID": "N112 Huang, W.-C.a  b  d  e, Kuo et al. 2006",
    "et": "SpinalGrayMatter",
    "off": 6243,
    "sff": "spinal"
  },
  {
    "docID": "N112 Huang, W.-C.a  b  d  e, Kuo et al. 2006",
    "et": "SpinalGrayMatter",
    "off": 11299,
    "sff": "spinal"
  },
  {
    "docID": "N112 Huang, W.-C.a  b  d  e, Kuo et al. 2006",
    "et": "SpinalGrayMatter",
    "off": 12641,
    "sff": "spinal"
  },
  {
    "docID": "N112 Huang, W.-C.a  b  d  e, Kuo et al. 2006",
    "et": "RatSpecies",
    "off": 4674,
    "sff": "rat"
  },
  {
    "docID": "N112 Huang, W.-C.a  b  d  e, Kuo et al. 2006",
    "et": "RatSpecies",
    "off": 16434,
    "sff": "rat"
  },
  {
    "docID": "N112 Huang, W.-C.a  b  d  e, Kuo et al. 2006",
    "et": "RatSpecies",
    "off": 20119,
    "sff": "rat"
  },
  {
    "docID": "N112 Huang, W.-C.a  b  d  e, Kuo et al. 2006",
    "et": "RatSpecies",
    "off": 21895,
    "sff": "rat"
  },
  {
    "docID": "N112 Huang, W.-C.a  b  d  e, Kuo et al. 2006",
    "et": "RatSpecies",
    "off": 21517,
    "sff": "rat"
  },
  {
    "docID": "N112 Huang, W.-C.a  b  d  e, Kuo et al. 2006",
    "et": "RatSpecies",
    "off": 10636,
    "sff": "Rat"
  },
  {
    "docID": "N112 Huang, W.-C.a  b  d  e, Kuo et al. 2006",
    "et": "Caudal",
    "off": 15270,
    "sff": "Caudal"
  },
  {
    "docID": "N112 Huang, W.-C.a  b  d  e, Kuo et al. 2006",
    "et": "Enzyme",
    "off": 6812,
    "sff": "enzyme"
  },
  {
    "docID": "N112 Huang, W.-C.a  b  d  e, Kuo et al. 2006",
    "et": "Enzyme",
    "off": 4046,
    "sff": "enzyme"
  },
  {
    "docID": "N112 Huang, W.-C.a  b  d  e, Kuo et al. 2006",
    "et": "SchwannCell",
    "off": 3311,
    "sff": "Schwann"
  },
  {
    "docID": "N112 Huang, W.-C.a  b  d  e, Kuo et al. 2006",
    "et": "SchwannCell",
    "off": 20763,
    "sff": "Schwann cell"
  },
  {
    "docID": "N112 Huang, W.-C.a  b  d  e, Kuo et al. 2006",
    "et": "Albumin",
    "off": 9163,
    "sff": "albumin"
  },
  {
    "docID": "N112 Huang, W.-C.a  b  d  e, Kuo et al. 2006",
    "et": "SigmaAldrich",
    "off": 9227,
    "sff": "Sigma"
  },
  {
    "docID": "N112 Huang, W.-C.a  b  d  e, Kuo et al. 2006",
    "et": "SigmaAldrich",
    "off": 9303,
    "sff": "Sigma"
  },
  {
    "docID": "N112 Huang, W.-C.a  b  d  e, Kuo et al. 2006",
    "et": "T10",
    "off": 8206,
    "sff": "T10"
  },
  {
    "docID": "N112 Huang, W.-C.a  b  d  e, Kuo et al. 2006",
    "et": "Seikagaku",
    "off": 9263,
    "sff": "Seikagaku"
  },
  {
    "docID": "N112 Huang, W.-C.a  b  d  e, Kuo et al. 2006",
    "et": "StemCellSourceType",
    "off": 20001,
    "sff": "cell"
  },
  {
    "docID": "N112 Huang, W.-C.a  b  d  e, Kuo et al. 2006",
    "et": "StemCellSourceType",
    "off": 21987,
    "sff": "Stem cell"
  },
  {
    "docID": "N112 Huang, W.-C.a  b  d  e, Kuo et al. 2006",
    "et": "StemCellSourceType",
    "off": 22539,
    "sff": "Cell"
  },
  {
    "docID": "N112 Huang, W.-C.a  b  d  e, Kuo et al. 2006",
    "et": "StemCellSourceType",
    "off": 19985,
    "sff": "stem"
  },
  {
    "docID": "N112 Huang, W.-C.a  b  d  e, Kuo et al. 2006",
    "et": "StemCellSourceType",
    "off": 20527,
    "sff": "cell"
  },
  {
    "docID": "N112 Huang, W.-C.a  b  d  e, Kuo et al. 2006",
    "et": "StemCellSourceType",
    "off": 19541,
    "sff": "Cell"
  },
  {
    "docID": "N112 Huang, W.-C.a  b  d  e, Kuo et al. 2006",
    "et": "StemCellSourceType",
    "off": 8612,
    "sff": "stem"
  },
  {
    "docID": "N112 Huang, W.-C.a  b  d  e, Kuo et al. 2006",
    "et": "StemCellSourceType",
    "off": 8772,
    "sff": "stem"
  },
  {
    "docID": "N112 Huang, W.-C.a  b  d  e, Kuo et al. 2006",
    "et": "StemCellSourceType",
    "off": 18001,
    "sff": "cell"
  },
  {
    "docID": "N112 Huang, W.-C.a  b  d  e, Kuo et al. 2006",
    "et": "StemCellSourceType",
    "off": 18827,
    "sff": "cell"
  },
  {
    "docID": "N112 Huang, W.-C.a  b  d  e, Kuo et al. 2006",
    "et": "StemCellSourceType",
    "off": 20771,
    "sff": "cell"
  },
  {
    "docID": "N112 Huang, W.-C.a  b  d  e, Kuo et al. 2006",
    "et": "StemCellSourceType",
    "off": 21625,
    "sff": "Stem cell"
  },
  {
    "docID": "N112 Huang, W.-C.a  b  d  e, Kuo et al. 2006",
    "et": "StemCellSourceType",
    "off": 22627,
    "sff": "cell"
  },
  {
    "docID": "N112 Huang, W.-C.a  b  d  e, Kuo et al. 2006",
    "et": "StemCellSourceType",
    "off": 20037,
    "sff": "cell"
  },
  {
    "docID": "N112 Huang, W.-C.a  b  d  e, Kuo et al. 2006",
    "et": "StemCellSourceType",
    "off": 20804,
    "sff": "cell"
  },
  {
    "docID": "N112 Huang, W.-C.a  b  d  e, Kuo et al. 2006",
    "et": "InVitroExperimentalProcedure",
    "off": 16978,
    "sff": "experimental"
  },
  {
    "docID": "N112 Huang, W.-C.a  b  d  e, Kuo et al. 2006",
    "et": "InVitroExperimentalProcedure",
    "off": 6672,
    "sff": "experimental"
  },
  {
    "docID": "N112 Huang, W.-C.a  b  d  e, Kuo et al. 2006",
    "et": "InVitroExperimentalProcedure",
    "off": 17971,
    "sff": "vitro"
  },
  {
    "docID": "N112 Huang, W.-C.a  b  d  e, Kuo et al. 2006",
    "et": "InVitroExperimentalProcedure",
    "off": 11868,
    "sff": "experimental"
  },
  {
    "docID": "N112 Huang, W.-C.a  b  d  e, Kuo et al. 2006",
    "et": "AntiNG2Antibody",
    "off": 22353,
    "sff": "NG2"
  },
  {
    "docID": "N112 Huang, W.-C.a  b  d  e, Kuo et al. 2006",
    "et": "AntiNG2Antibody",
    "off": 22817,
    "sff": "NG2"
  },
  {
    "docID": "N112 Huang, W.-C.a  b  d  e, Kuo et al. 2006",
    "et": "AntiNG2Antibody",
    "off": 9330,
    "sff": "NG2"
  },
  {
    "docID": "N112 Huang, W.-C.a  b  d  e, Kuo et al. 2006",
    "et": "AntiNG2Antibody",
    "off": 18099,
    "sff": "NG2"
  },
  {
    "docID": "N112 Huang, W.-C.a  b  d  e, Kuo et al. 2006",
    "et": "AntiNG2Antibody",
    "off": 14500,
    "sff": "NG2"
  },
  {
    "docID": "N112 Huang, W.-C.a  b  d  e, Kuo et al. 2006",
    "et": "AntiNG2Antibody",
    "off": 3463,
    "sff": "NG2"
  },
  {
    "docID": "N112 Huang, W.-C.a  b  d  e, Kuo et al. 2006",
    "et": "AntiNG2Antibody",
    "off": 21256,
    "sff": "NG2"
  },
  {
    "docID": "N112 Huang, W.-C.a  b  d  e, Kuo et al. 2006",
    "et": "AntiNG2Antibody",
    "off": 22106,
    "sff": "NG2"
  },
  {
    "docID": "N112 Huang, W.-C.a  b  d  e, Kuo et al. 2006",
    "et": "AntiNogoAAntibody",
    "off": 23162,
    "sff": "Nogo"
  },
  {
    "docID": "N112 Huang, W.-C.a  b  d  e, Kuo et al. 2006",
    "et": "AntiNogoAAntibody",
    "off": 15586,
    "sff": "NoGo"
  },
  {
    "docID": "N112 Huang, W.-C.a  b  d  e, Kuo et al. 2006",
    "et": "Cell",
    "off": 20771,
    "sff": "cell"
  },
  {
    "docID": "N112 Huang, W.-C.a  b  d  e, Kuo et al. 2006",
    "et": "Cell",
    "off": 22627,
    "sff": "cell"
  },
  {
    "docID": "N112 Huang, W.-C.a  b  d  e, Kuo et al. 2006",
    "et": "Cell",
    "off": 19541,
    "sff": "Cell"
  },
  {
    "docID": "N112 Huang, W.-C.a  b  d  e, Kuo et al. 2006",
    "et": "Cell",
    "off": 18001,
    "sff": "cell"
  },
  {
    "docID": "N112 Huang, W.-C.a  b  d  e, Kuo et al. 2006",
    "et": "Cell",
    "off": 20001,
    "sff": "cell"
  },
  {
    "docID": "N112 Huang, W.-C.a  b  d  e, Kuo et al. 2006",
    "et": "Cell",
    "off": 21630,
    "sff": "cell"
  },
  {
    "docID": "N112 Huang, W.-C.a  b  d  e, Kuo et al. 2006",
    "et": "Cell",
    "off": 22539,
    "sff": "Cell"
  },
  {
    "docID": "N112 Huang, W.-C.a  b  d  e, Kuo et al. 2006",
    "et": "Cell",
    "off": 20527,
    "sff": "cell"
  },
  {
    "docID": "N112 Huang, W.-C.a  b  d  e, Kuo et al. 2006",
    "et": "Cell",
    "off": 18827,
    "sff": "cell"
  },
  {
    "docID": "N112 Huang, W.-C.a  b  d  e, Kuo et al. 2006",
    "et": "Cell",
    "off": 21992,
    "sff": "cell"
  },
  {
    "docID": "N112 Huang, W.-C.a  b  d  e, Kuo et al. 2006",
    "et": "Cell",
    "off": 20804,
    "sff": "cell"
  },
  {
    "docID": "N112 Huang, W.-C.a  b  d  e, Kuo et al. 2006",
    "et": "Cell",
    "off": 20037,
    "sff": "cell"
  },
  {
    "docID": "N112 Huang, W.-C.a  b  d  e, Kuo et al. 2006",
    "et": "SpinalDorsalHalf",
    "off": 177,
    "sff": "spinal"
  },
  {
    "docID": "N112 Huang, W.-C.a  b  d  e, Kuo et al. 2006",
    "et": "SpinalDorsalHalf",
    "off": 7219,
    "sff": "spinal"
  },
  {
    "docID": "N112 Huang, W.-C.a  b  d  e, Kuo et al. 2006",
    "et": "SpinalDorsalHalf",
    "off": 4405,
    "sff": "spinal"
  },
  {
    "docID": "N112 Huang, W.-C.a  b  d  e, Kuo et al. 2006",
    "et": "SpinalDorsalHalf",
    "off": 14773,
    "sff": "spinal"
  },
  {
    "docID": "N112 Huang, W.-C.a  b  d  e, Kuo et al. 2006",
    "et": "SpinalDorsalHalf",
    "off": 4144,
    "sff": "spinal"
  },
  {
    "docID": "N112 Huang, W.-C.a  b  d  e, Kuo et al. 2006",
    "et": "SpinalDorsalHalf",
    "off": 9969,
    "sff": "spinal"
  },
  {
    "docID": "N112 Huang, W.-C.a  b  d  e, Kuo et al. 2006",
    "et": "SpinalDorsalHalf",
    "off": 6903,
    "sff": "spinal"
  },
  {
    "docID": "N112 Huang, W.-C.a  b  d  e, Kuo et al. 2006",
    "et": "SpinalDorsalHalf",
    "off": 6018,
    "sff": "spinal"
  },
  {
    "docID": "N112 Huang, W.-C.a  b  d  e, Kuo et al. 2006",
    "et": "SpinalDorsalHalf",
    "off": 2883,
    "sff": "spinal"
  },
  {
    "docID": "N112 Huang, W.-C.a  b  d  e, Kuo et al. 2006",
    "et": "SpinalDorsalHalf",
    "off": 8579,
    "sff": "spinal"
  },
  {
    "docID": "N112 Huang, W.-C.a  b  d  e, Kuo et al. 2006",
    "et": "SpinalDorsalHalf",
    "off": 12804,
    "sff": "spinal"
  },
  {
    "docID": "N112 Huang, W.-C.a  b  d  e, Kuo et al. 2006",
    "et": "SpinalDorsalHalf",
    "off": 16894,
    "sff": "spinal"
  },
  {
    "docID": "N112 Huang, W.-C.a  b  d  e, Kuo et al. 2006",
    "et": "SpinalDorsalHalf",
    "off": 21899,
    "sff": "spinal"
  },
  {
    "docID": "N112 Huang, W.-C.a  b  d  e, Kuo et al. 2006",
    "et": "SpinalDorsalHalf",
    "off": 4678,
    "sff": "spinal"
  },
  {
    "docID": "N112 Huang, W.-C.a  b  d  e, Kuo et al. 2006",
    "et": "SpinalDorsalHalf",
    "off": 20599,
    "sff": "dorsal"
  },
  {
    "docID": "N112 Huang, W.-C.a  b  d  e, Kuo et al. 2006",
    "et": "SpinalDorsalHalf",
    "off": 8713,
    "sff": "spinal"
  },
  {
    "docID": "N112 Huang, W.-C.a  b  d  e, Kuo et al. 2006",
    "et": "SpinalDorsalHalf",
    "off": 8850,
    "sff": "spinal"
  },
  {
    "docID": "N112 Huang, W.-C.a  b  d  e, Kuo et al. 2006",
    "et": "SpinalDorsalHalf",
    "off": 1555,
    "sff": "spinal"
  },
  {
    "docID": "N112 Huang, W.-C.a  b  d  e, Kuo et al. 2006",
    "et": "SpinalDorsalHalf",
    "off": 12179,
    "sff": "spinal"
  },
  {
    "docID": "N112 Huang, W.-C.a  b  d  e, Kuo et al. 2006",
    "et": "SpinalDorsalHalf",
    "off": 13205,
    "sff": "spinal"
  },
  {
    "docID": "N112 Huang, W.-C.a  b  d  e, Kuo et al. 2006",
    "et": "SpinalDorsalHalf",
    "off": 7182,
    "sff": "spinal"
  },
  {
    "docID": "N112 Huang, W.-C.a  b  d  e, Kuo et al. 2006",
    "et": "SpinalDorsalHalf",
    "off": 2511,
    "sff": "spinal"
  },
  {
    "docID": "N112 Huang, W.-C.a  b  d  e, Kuo et al. 2006",
    "et": "SpinalDorsalHalf",
    "off": 10640,
    "sff": "spinal"
  },
  {
    "docID": "N112 Huang, W.-C.a  b  d  e, Kuo et al. 2006",
    "et": "SpinalDorsalHalf",
    "off": 5137,
    "sff": "spinal"
  },
  {
    "docID": "N112 Huang, W.-C.a  b  d  e, Kuo et al. 2006",
    "et": "SpinalDorsalHalf",
    "off": 10001,
    "sff": "spinal"
  },
  {
    "docID": "N112 Huang, W.-C.a  b  d  e, Kuo et al. 2006",
    "et": "SpinalDorsalHalf",
    "off": 11153,
    "sff": "spinal"
  },
  {
    "docID": "N112 Huang, W.-C.a  b  d  e, Kuo et al. 2006",
    "et": "SpinalDorsalHalf",
    "off": 1113,
    "sff": "spinal"
  },
  {
    "docID": "N112 Huang, W.-C.a  b  d  e, Kuo et al. 2006",
    "et": "SpinalDorsalHalf",
    "off": 12058,
    "sff": "spinal"
  },
  {
    "docID": "N112 Huang, W.-C.a  b  d  e, Kuo et al. 2006",
    "et": "SpinalDorsalHalf",
    "off": 4251,
    "sff": "spinal"
  },
  {
    "docID": "N112 Huang, W.-C.a  b  d  e, Kuo et al. 2006",
    "et": "SpinalDorsalHalf",
    "off": 20123,
    "sff": "spinal"
  },
  {
    "docID": "N112 Huang, W.-C.a  b  d  e, Kuo et al. 2006",
    "et": "SpinalDorsalHalf",
    "off": 5853,
    "sff": "spinal"
  },
  {
    "docID": "N112 Huang, W.-C.a  b  d  e, Kuo et al. 2006",
    "et": "SpinalDorsalHalf",
    "off": 9047,
    "sff": "spinal"
  },
  {
    "docID": "N112 Huang, W.-C.a  b  d  e, Kuo et al. 2006",
    "et": "SpinalDorsalHalf",
    "off": 19736,
    "sff": "spinal"
  },
  {
    "docID": "N112 Huang, W.-C.a  b  d  e, Kuo et al. 2006",
    "et": "SpinalDorsalHalf",
    "off": 11938,
    "sff": "spinal"
  },
  {
    "docID": "N112 Huang, W.-C.a  b  d  e, Kuo et al. 2006",
    "et": "SpinalDorsalHalf",
    "off": 6243,
    "sff": "spinal"
  },
  {
    "docID": "N112 Huang, W.-C.a  b  d  e, Kuo et al. 2006",
    "et": "SpinalDorsalHalf",
    "off": 11299,
    "sff": "spinal"
  },
  {
    "docID": "N112 Huang, W.-C.a  b  d  e, Kuo et al. 2006",
    "et": "SpinalDorsalHalf",
    "off": 12641,
    "sff": "spinal"
  },
  {
    "docID": "N112 Huang, W.-C.a  b  d  e, Kuo et al. 2006",
    "et": "SpinalDorsalHalf",
    "off": 22954,
    "sff": "spinal"
  },
  {
    "docID": "N112 Huang, W.-C.a  b  d  e, Kuo et al. 2006",
    "et": "SpinalDorsalHalf",
    "off": 5932,
    "sff": "spinal"
  },
  {
    "docID": "N112 Huang, W.-C.a  b  d  e, Kuo et al. 2006",
    "et": "SpinalDorsalHalf",
    "off": 8167,
    "sff": "spinal"
  },
  {
    "docID": "N112 Huang, W.-C.a  b  d  e, Kuo et al. 2006",
    "et": "SpinalDorsalHalf",
    "off": 6761,
    "sff": "spinal"
  },
  {
    "docID": "N112 Huang, W.-C.a  b  d  e, Kuo et al. 2006",
    "et": "17BetaEstradiolE2",
    "off": 22574,
    "sff": "17"
  },
  {
    "docID": "N112 Huang, W.-C.a  b  d  e, Kuo et al. 2006",
    "et": "ExperimentalProcedure",
    "off": 6672,
    "sff": "experimental"
  },
  {
    "docID": "N112 Huang, W.-C.a  b  d  e, Kuo et al. 2006",
    "et": "ExperimentalProcedure",
    "off": 16978,
    "sff": "experimental"
  },
  {
    "docID": "N112 Huang, W.-C.a  b  d  e, Kuo et al. 2006",
    "et": "ExperimentalProcedure",
    "off": 11868,
    "sff": "experimental"
  },
  {
    "docID": "N112 Huang, W.-C.a  b  d  e, Kuo et al. 2006",
    "et": "BrainDerivedNeurotrophicFactor",
    "off": 8606,
    "sff": "brain"
  },
  {
    "docID": "N112 Huang, W.-C.a  b  d  e, Kuo et al. 2006",
    "et": "BrainDerivedNeurotrophicFactor",
    "off": 8766,
    "sff": "brain"
  },
  {
    "docID": "N112 Huang, W.-C.a  b  d  e, Kuo et al. 2006",
    "et": "BrainDerivedNeurotrophicFactor",
    "off": 8264,
    "sff": "brain"
  },
  {
    "docID": "N112 Huang, W.-C.a  b  d  e, Kuo et al. 2006",
    "et": "BrainDerivedNeurotrophicFactor",
    "off": 2502,
    "sff": "brain"
  }
]
