[
  {
    "docID": "N115 Ni, Xia et al. 2015",
    "et": "MesenchymalStemCell",
    "off": 36906,
    "sff": "stem"
  },
  {
    "docID": "N115 Ni, Xia et al. 2015",
    "et": "MesenchymalStemCell",
    "off": 39431,
    "sff": "mesenchymal stem"
  },
  {
    "docID": "N115 Ni, Xia et al. 2015",
    "et": "MesenchymalStemCell",
    "off": 35375,
    "sff": "stem"
  },
  {
    "docID": "N115 Ni, Xia et al. 2015",
    "et": "SurgeryTreatment",
    "off": 24478,
    "sff": "surgery"
  },
  {
    "docID": "N115 Ni, Xia et al. 2015",
    "et": "SurgeryTreatment",
    "off": 26741,
    "sff": "surgery"
  },
  {
    "docID": "N115 Ni, Xia et al. 2015",
    "et": "MagneticFieldApplication",
    "off": 33705,
    "sff": "field"
  },
  {
    "docID": "N115 Ni, Xia et al. 2015",
    "et": "SpinalSubduralArea",
    "off": 35746,
    "sff": "spinal"
  },
  {
    "docID": "N115 Ni, Xia et al. 2015",
    "et": "SpinalSubduralArea",
    "off": 5728,
    "sff": "spinal"
  },
  {
    "docID": "N115 Ni, Xia et al. 2015",
    "et": "SpinalSubduralArea",
    "off": 39072,
    "sff": "spinal"
  },
  {
    "docID": "N115 Ni, Xia et al. 2015",
    "et": "SpinalSubduralArea",
    "off": 39520,
    "sff": "spinal"
  },
  {
    "docID": "N115 Ni, Xia et al. 2015",
    "et": "SpinalSubduralArea",
    "off": 34401,
    "sff": "spinal"
  },
  {
    "docID": "N115 Ni, Xia et al. 2015",
    "et": "SpinalSubduralArea",
    "off": 1958,
    "sff": "spinal"
  },
  {
    "docID": "N115 Ni, Xia et al. 2015",
    "et": "SpinalSubduralArea",
    "off": 25257,
    "sff": "spinal"
  },
  {
    "docID": "N115 Ni, Xia et al. 2015",
    "et": "SpinalSubduralArea",
    "off": 25685,
    "sff": "spinal"
  },
  {
    "docID": "N115 Ni, Xia et al. 2015",
    "et": "SpinalSubduralArea",
    "off": 31002,
    "sff": "spinal"
  },
  {
    "docID": "N115 Ni, Xia et al. 2015",
    "et": "SpinalSubduralArea",
    "off": 280,
    "sff": "spinal"
  },
  {
    "docID": "N115 Ni, Xia et al. 2015",
    "et": "SpinalSubduralArea",
    "off": 36760,
    "sff": "spinal"
  },
  {
    "docID": "N115 Ni, Xia et al. 2015",
    "et": "SpinalSubduralArea",
    "off": 37657,
    "sff": "spinal"
  },
  {
    "docID": "N115 Ni, Xia et al. 2015",
    "et": "SpinalSubduralArea",
    "off": 37278,
    "sff": "spinal"
  },
  {
    "docID": "N115 Ni, Xia et al. 2015",
    "et": "SpinalSubduralArea",
    "off": 1538,
    "sff": "spinal"
  },
  {
    "docID": "N115 Ni, Xia et al. 2015",
    "et": "SpinalSubduralArea",
    "off": 25603,
    "sff": "spinal"
  },
  {
    "docID": "N115 Ni, Xia et al. 2015",
    "et": "SpinalSubduralArea",
    "off": 13185,
    "sff": "spinal"
  },
  {
    "docID": "N115 Ni, Xia et al. 2015",
    "et": "SpinalSubduralArea",
    "off": 34625,
    "sff": "spinal"
  },
  {
    "docID": "N115 Ni, Xia et al. 2015",
    "et": "SpinalSubduralArea",
    "off": 2936,
    "sff": "Spinal"
  },
  {
    "docID": "N115 Ni, Xia et al. 2015",
    "et": "SpinalSubduralArea",
    "off": 33542,
    "sff": "spinal"
  },
  {
    "docID": "N115 Ni, Xia et al. 2015",
    "et": "SpinalSubduralArea",
    "off": 37893,
    "sff": "spinal"
  },
  {
    "docID": "N115 Ni, Xia et al. 2015",
    "et": "SpinalSubduralArea",
    "off": 38341,
    "sff": "spinal"
  },
  {
    "docID": "N115 Ni, Xia et al. 2015",
    "et": "SpinalSubduralArea",
    "off": 33866,
    "sff": "spinal"
  },
  {
    "docID": "N115 Ni, Xia et al. 2015",
    "et": "SpinalSubduralArea",
    "off": 3016,
    "sff": "spinal"
  },
  {
    "docID": "N115 Ni, Xia et al. 2015",
    "et": "SpinalSubduralArea",
    "off": 27848,
    "sff": "spinal"
  },
  {
    "docID": "N115 Ni, Xia et al. 2015",
    "et": "SpinalSubduralArea",
    "off": 35528,
    "sff": "spinal"
  },
  {
    "docID": "N115 Ni, Xia et al. 2015",
    "et": "SpinalSubduralArea",
    "off": 37937,
    "sff": "Spinal"
  },
  {
    "docID": "N115 Ni, Xia et al. 2015",
    "et": "SpinalSubduralArea",
    "off": 947,
    "sff": "spinal"
  },
  {
    "docID": "N115 Ni, Xia et al. 2015",
    "et": "SpinalSubduralArea",
    "off": 2736,
    "sff": "spinal"
  },
  {
    "docID": "N115 Ni, Xia et al. 2015",
    "et": "SpinalSubduralArea",
    "off": 1423,
    "sff": "Spinal"
  },
  {
    "docID": "N115 Ni, Xia et al. 2015",
    "et": "SpinalSubduralArea",
    "off": 37046,
    "sff": "spinal"
  },
  {
    "docID": "N115 Ni, Xia et al. 2015",
    "et": "SpinalSubduralArea",
    "off": 18999,
    "sff": "spinal"
  },
  {
    "docID": "N115 Ni, Xia et al. 2015",
    "et": "SpinalSubduralArea",
    "off": 13051,
    "sff": "spinal"
  },
  {
    "docID": "N115 Ni, Xia et al. 2015",
    "et": "SpinalSubduralArea",
    "off": 24454,
    "sff": "Spinal"
  },
  {
    "docID": "N115 Ni, Xia et al. 2015",
    "et": "SpinalSubduralArea",
    "off": 36536,
    "sff": "spinal"
  },
  {
    "docID": "N115 Ni, Xia et al. 2015",
    "et": "SpinalSubduralArea",
    "off": 37496,
    "sff": "spinal"
  },
  {
    "docID": "N115 Ni, Xia et al. 2015",
    "et": "SpinalSubduralArea",
    "off": 25342,
    "sff": "spinal"
  },
  {
    "docID": "N115 Ni, Xia et al. 2015",
    "et": "SpinalSubduralArea",
    "off": 27711,
    "sff": "spinal"
  },
  {
    "docID": "N115 Ni, Xia et al. 2015",
    "et": "SpinalSubduralArea",
    "off": 36031,
    "sff": "spinal"
  },
  {
    "docID": "N115 Ni, Xia et al. 2015",
    "et": "MouseSpecies",
    "off": 36314,
    "sff": "mouse"
  },
  {
    "docID": "N115 Ni, Xia et al. 2015",
    "et": "MouseSpecies",
    "off": 36141,
    "sff": "mouse"
  },
  {
    "docID": "N115 Ni, Xia et al. 2015",
    "et": "ApplicationInstrument",
    "off": 28636,
    "sff": "application"
  },
  {
    "docID": "N115 Ni, Xia et al. 2015",
    "et": "ApplicationInstrument",
    "off": 35706,
    "sff": "application"
  },
  {
    "docID": "N115 Ni, Xia et al. 2015",
    "et": "SpinalFiberTract",
    "off": 24454,
    "sff": "Spinal"
  },
  {
    "docID": "N115 Ni, Xia et al. 2015",
    "et": "SpinalFiberTract",
    "off": 27848,
    "sff": "spinal"
  },
  {
    "docID": "N115 Ni, Xia et al. 2015",
    "et": "SpinalFiberTract",
    "off": 35528,
    "sff": "spinal"
  },
  {
    "docID": "N115 Ni, Xia et al. 2015",
    "et": "SpinalFiberTract",
    "off": 3016,
    "sff": "spinal"
  },
  {
    "docID": "N115 Ni, Xia et al. 2015",
    "et": "SpinalFiberTract",
    "off": 33866,
    "sff": "spinal"
  },
  {
    "docID": "N115 Ni, Xia et al. 2015",
    "et": "SpinalFiberTract",
    "off": 25603,
    "sff": "spinal"
  },
  {
    "docID": "N115 Ni, Xia et al. 2015",
    "et": "SpinalFiberTract",
    "off": 33542,
    "sff": "spinal"
  },
  {
    "docID": "N115 Ni, Xia et al. 2015",
    "et": "SpinalFiberTract",
    "off": 37893,
    "sff": "spinal"
  },
  {
    "docID": "N115 Ni, Xia et al. 2015",
    "et": "SpinalFiberTract",
    "off": 38341,
    "sff": "spinal"
  },
  {
    "docID": "N115 Ni, Xia et al. 2015",
    "et": "SpinalFiberTract",
    "off": 27711,
    "sff": "spinal"
  },
  {
    "docID": "N115 Ni, Xia et al. 2015",
    "et": "SpinalFiberTract",
    "off": 36031,
    "sff": "spinal"
  },
  {
    "docID": "N115 Ni, Xia et al. 2015",
    "et": "SpinalFiberTract",
    "off": 13185,
    "sff": "spinal"
  },
  {
    "docID": "N115 Ni, Xia et al. 2015",
    "et": "SpinalFiberTract",
    "off": 1538,
    "sff": "spinal"
  },
  {
    "docID": "N115 Ni, Xia et al. 2015",
    "et": "SpinalFiberTract",
    "off": 34625,
    "sff": "spinal"
  },
  {
    "docID": "N115 Ni, Xia et al. 2015",
    "et": "SpinalFiberTract",
    "off": 37278,
    "sff": "spinal"
  },
  {
    "docID": "N115 Ni, Xia et al. 2015",
    "et": "SpinalFiberTract",
    "off": 36760,
    "sff": "spinal"
  },
  {
    "docID": "N115 Ni, Xia et al. 2015",
    "et": "SpinalFiberTract",
    "off": 280,
    "sff": "spinal"
  },
  {
    "docID": "N115 Ni, Xia et al. 2015",
    "et": "SpinalFiberTract",
    "off": 31002,
    "sff": "spinal"
  },
  {
    "docID": "N115 Ni, Xia et al. 2015",
    "et": "SpinalFiberTract",
    "off": 1423,
    "sff": "Spinal"
  },
  {
    "docID": "N115 Ni, Xia et al. 2015",
    "et": "SpinalFiberTract",
    "off": 37657,
    "sff": "spinal"
  },
  {
    "docID": "N115 Ni, Xia et al. 2015",
    "et": "SpinalFiberTract",
    "off": 25685,
    "sff": "spinal"
  },
  {
    "docID": "N115 Ni, Xia et al. 2015",
    "et": "SpinalFiberTract",
    "off": 25257,
    "sff": "spinal"
  },
  {
    "docID": "N115 Ni, Xia et al. 2015",
    "et": "SpinalFiberTract",
    "off": 1958,
    "sff": "spinal"
  },
  {
    "docID": "N115 Ni, Xia et al. 2015",
    "et": "SpinalFiberTract",
    "off": 39072,
    "sff": "spinal"
  },
  {
    "docID": "N115 Ni, Xia et al. 2015",
    "et": "SpinalFiberTract",
    "off": 39520,
    "sff": "spinal"
  },
  {
    "docID": "N115 Ni, Xia et al. 2015",
    "et": "SpinalFiberTract",
    "off": 5728,
    "sff": "spinal"
  },
  {
    "docID": "N115 Ni, Xia et al. 2015",
    "et": "SpinalFiberTract",
    "off": 35746,
    "sff": "spinal"
  },
  {
    "docID": "N115 Ni, Xia et al. 2015",
    "et": "SpinalFiberTract",
    "off": 23351,
    "sff": "Fiber"
  },
  {
    "docID": "N115 Ni, Xia et al. 2015",
    "et": "SpinalFiberTract",
    "off": 34401,
    "sff": "spinal"
  },
  {
    "docID": "N115 Ni, Xia et al. 2015",
    "et": "SpinalFiberTract",
    "off": 13051,
    "sff": "spinal"
  },
  {
    "docID": "N115 Ni, Xia et al. 2015",
    "et": "SpinalFiberTract",
    "off": 25342,
    "sff": "spinal"
  },
  {
    "docID": "N115 Ni, Xia et al. 2015",
    "et": "SpinalFiberTract",
    "off": 18999,
    "sff": "spinal"
  },
  {
    "docID": "N115 Ni, Xia et al. 2015",
    "et": "SpinalFiberTract",
    "off": 36536,
    "sff": "spinal"
  },
  {
    "docID": "N115 Ni, Xia et al. 2015",
    "et": "SpinalFiberTract",
    "off": 37496,
    "sff": "spinal"
  },
  {
    "docID": "N115 Ni, Xia et al. 2015",
    "et": "SpinalFiberTract",
    "off": 37937,
    "sff": "Spinal"
  },
  {
    "docID": "N115 Ni, Xia et al. 2015",
    "et": "SpinalFiberTract",
    "off": 947,
    "sff": "spinal"
  },
  {
    "docID": "N115 Ni, Xia et al. 2015",
    "et": "SpinalFiberTract",
    "off": 37046,
    "sff": "spinal"
  },
  {
    "docID": "N115 Ni, Xia et al. 2015",
    "et": "SpinalFiberTract",
    "off": 2736,
    "sff": "spinal"
  },
  {
    "docID": "N115 Ni, Xia et al. 2015",
    "et": "SpinalFiberTract",
    "off": 2936,
    "sff": "Spinal"
  },
  {
    "docID": "N115 Ni, Xia et al. 2015",
    "et": "DeliveryMethod",
    "off": 9424,
    "sff": "delivery"
  },
  {
    "docID": "N115 Ni, Xia et al. 2015",
    "et": "DeliveryMethod",
    "off": 16912,
    "sff": "delivery"
  },
  {
    "docID": "N115 Ni, Xia et al. 2015",
    "et": "DeliveryMethod",
    "off": 5781,
    "sff": "delivery"
  },
  {
    "docID": "N115 Ni, Xia et al. 2015",
    "et": "DeliveryMethod",
    "off": 12983,
    "sff": "delivery"
  },
  {
    "docID": "N115 Ni, Xia et al. 2015",
    "et": "DeliveryMethod",
    "off": 4246,
    "sff": "delivery"
  },
  {
    "docID": "N115 Ni, Xia et al. 2015",
    "et": "DeliveryMethod",
    "off": 7722,
    "sff": "delivery"
  },
  {
    "docID": "N115 Ni, Xia et al. 2015",
    "et": "DeliveryMethod",
    "off": 140,
    "sff": "delivery"
  },
  {
    "docID": "N115 Ni, Xia et al. 2015",
    "et": "DeliveryMethod",
    "off": 20142,
    "sff": "delivery"
  },
  {
    "docID": "N115 Ni, Xia et al. 2015",
    "et": "DeliveryMethod",
    "off": 13921,
    "sff": "delivery"
  },
  {
    "docID": "N115 Ni, Xia et al. 2015",
    "et": "DeliveryMethod",
    "off": 864,
    "sff": "delivery"
  },
  {
    "docID": "N115 Ni, Xia et al. 2015",
    "et": "DeliveryMethod",
    "off": 2051,
    "sff": "delivery"
  },
  {
    "docID": "N115 Ni, Xia et al. 2015",
    "et": "DeliveryMethod",
    "off": 15299,
    "sff": "delivery"
  },
  {
    "docID": "N115 Ni, Xia et al. 2015",
    "et": "DeliveryMethod",
    "off": 4965,
    "sff": "delivery"
  },
  {
    "docID": "N115 Ni, Xia et al. 2015",
    "et": "DeliveryMethod",
    "off": 4484,
    "sff": "delivery"
  },
  {
    "docID": "N115 Ni, Xia et al. 2015",
    "et": "DeliveryMethod",
    "off": 13828,
    "sff": "delivery"
  },
  {
    "docID": "N115 Ni, Xia et al. 2015",
    "et": "DeliveryMethod",
    "off": 11719,
    "sff": "delivery"
  },
  {
    "docID": "N115 Ni, Xia et al. 2015",
    "et": "DeliveryMethod",
    "off": 1688,
    "sff": "delivery"
  },
  {
    "docID": "N115 Ni, Xia et al. 2015",
    "et": "DeliveryMethod",
    "off": 10328,
    "sff": "delivery"
  },
  {
    "docID": "N115 Ni, Xia et al. 2015",
    "et": "DeliveryMethod",
    "off": 5306,
    "sff": "delivery"
  },
  {
    "docID": "N115 Ni, Xia et al. 2015",
    "et": "DeliveryMethod",
    "off": 15130,
    "sff": "delivery"
  },
  {
    "docID": "N115 Ni, Xia et al. 2015",
    "et": "DeliveryMethod",
    "off": 38941,
    "sff": "delivery"
  },
  {
    "docID": "N115 Ni, Xia et al. 2015",
    "et": "DeliveryMethod",
    "off": 37183,
    "sff": "delivery"
  },
  {
    "docID": "N115 Ni, Xia et al. 2015",
    "et": "SpinalVentralHalf",
    "off": 27711,
    "sff": "spinal"
  },
  {
    "docID": "N115 Ni, Xia et al. 2015",
    "et": "SpinalVentralHalf",
    "off": 36031,
    "sff": "spinal"
  },
  {
    "docID": "N115 Ni, Xia et al. 2015",
    "et": "SpinalVentralHalf",
    "off": 25342,
    "sff": "spinal"
  },
  {
    "docID": "N115 Ni, Xia et al. 2015",
    "et": "SpinalVentralHalf",
    "off": 10642,
    "sff": "ventral"
  },
  {
    "docID": "N115 Ni, Xia et al. 2015",
    "et": "SpinalVentralHalf",
    "off": 36536,
    "sff": "spinal"
  },
  {
    "docID": "N115 Ni, Xia et al. 2015",
    "et": "SpinalVentralHalf",
    "off": 37496,
    "sff": "spinal"
  },
  {
    "docID": "N115 Ni, Xia et al. 2015",
    "et": "SpinalVentralHalf",
    "off": 13051,
    "sff": "spinal"
  },
  {
    "docID": "N115 Ni, Xia et al. 2015",
    "et": "SpinalVentralHalf",
    "off": 37893,
    "sff": "spinal"
  },
  {
    "docID": "N115 Ni, Xia et al. 2015",
    "et": "SpinalVentralHalf",
    "off": 38341,
    "sff": "spinal"
  },
  {
    "docID": "N115 Ni, Xia et al. 2015",
    "et": "SpinalVentralHalf",
    "off": 33542,
    "sff": "spinal"
  },
  {
    "docID": "N115 Ni, Xia et al. 2015",
    "et": "SpinalVentralHalf",
    "off": 13185,
    "sff": "spinal"
  },
  {
    "docID": "N115 Ni, Xia et al. 2015",
    "et": "SpinalVentralHalf",
    "off": 34625,
    "sff": "spinal"
  },
  {
    "docID": "N115 Ni, Xia et al. 2015",
    "et": "SpinalVentralHalf",
    "off": 25603,
    "sff": "spinal"
  },
  {
    "docID": "N115 Ni, Xia et al. 2015",
    "et": "SpinalVentralHalf",
    "off": 1538,
    "sff": "spinal"
  },
  {
    "docID": "N115 Ni, Xia et al. 2015",
    "et": "SpinalVentralHalf",
    "off": 3016,
    "sff": "spinal"
  },
  {
    "docID": "N115 Ni, Xia et al. 2015",
    "et": "SpinalVentralHalf",
    "off": 27848,
    "sff": "spinal"
  },
  {
    "docID": "N115 Ni, Xia et al. 2015",
    "et": "SpinalVentralHalf",
    "off": 35528,
    "sff": "spinal"
  },
  {
    "docID": "N115 Ni, Xia et al. 2015",
    "et": "SpinalVentralHalf",
    "off": 33866,
    "sff": "spinal"
  },
  {
    "docID": "N115 Ni, Xia et al. 2015",
    "et": "SpinalVentralHalf",
    "off": 25685,
    "sff": "spinal"
  },
  {
    "docID": "N115 Ni, Xia et al. 2015",
    "et": "SpinalVentralHalf",
    "off": 28105,
    "sff": "ventral"
  },
  {
    "docID": "N115 Ni, Xia et al. 2015",
    "et": "SpinalVentralHalf",
    "off": 37278,
    "sff": "spinal"
  },
  {
    "docID": "N115 Ni, Xia et al. 2015",
    "et": "SpinalVentralHalf",
    "off": 37657,
    "sff": "spinal"
  },
  {
    "docID": "N115 Ni, Xia et al. 2015",
    "et": "SpinalVentralHalf",
    "off": 280,
    "sff": "spinal"
  },
  {
    "docID": "N115 Ni, Xia et al. 2015",
    "et": "SpinalVentralHalf",
    "off": 36760,
    "sff": "spinal"
  },
  {
    "docID": "N115 Ni, Xia et al. 2015",
    "et": "SpinalVentralHalf",
    "off": 31002,
    "sff": "spinal"
  },
  {
    "docID": "N115 Ni, Xia et al. 2015",
    "et": "SpinalVentralHalf",
    "off": 1423,
    "sff": "Spinal"
  },
  {
    "docID": "N115 Ni, Xia et al. 2015",
    "et": "SpinalVentralHalf",
    "off": 1958,
    "sff": "spinal"
  },
  {
    "docID": "N115 Ni, Xia et al. 2015",
    "et": "SpinalVentralHalf",
    "off": 34401,
    "sff": "spinal"
  },
  {
    "docID": "N115 Ni, Xia et al. 2015",
    "et": "SpinalVentralHalf",
    "off": 5728,
    "sff": "spinal"
  },
  {
    "docID": "N115 Ni, Xia et al. 2015",
    "et": "SpinalVentralHalf",
    "off": 39072,
    "sff": "spinal"
  },
  {
    "docID": "N115 Ni, Xia et al. 2015",
    "et": "SpinalVentralHalf",
    "off": 39520,
    "sff": "spinal"
  },
  {
    "docID": "N115 Ni, Xia et al. 2015",
    "et": "SpinalVentralHalf",
    "off": 35746,
    "sff": "spinal"
  },
  {
    "docID": "N115 Ni, Xia et al. 2015",
    "et": "SpinalVentralHalf",
    "off": 24454,
    "sff": "Spinal"
  },
  {
    "docID": "N115 Ni, Xia et al. 2015",
    "et": "SpinalVentralHalf",
    "off": 25257,
    "sff": "spinal"
  },
  {
    "docID": "N115 Ni, Xia et al. 2015",
    "et": "SpinalVentralHalf",
    "off": 37937,
    "sff": "Spinal"
  },
  {
    "docID": "N115 Ni, Xia et al. 2015",
    "et": "SpinalVentralHalf",
    "off": 18999,
    "sff": "spinal"
  },
  {
    "docID": "N115 Ni, Xia et al. 2015",
    "et": "SpinalVentralHalf",
    "off": 37046,
    "sff": "spinal"
  },
  {
    "docID": "N115 Ni, Xia et al. 2015",
    "et": "SpinalVentralHalf",
    "off": 2736,
    "sff": "spinal"
  },
  {
    "docID": "N115 Ni, Xia et al. 2015",
    "et": "SpinalVentralHalf",
    "off": 947,
    "sff": "spinal"
  },
  {
    "docID": "N115 Ni, Xia et al. 2015",
    "et": "SpinalVentralHalf",
    "off": 2936,
    "sff": "Spinal"
  },
  {
    "docID": "N115 Ni, Xia et al. 2015",
    "et": "Rostral",
    "off": 10835,
    "sff": "rostral"
  },
  {
    "docID": "N115 Ni, Xia et al. 2015",
    "et": "Rostral",
    "off": 29173,
    "sff": "rostral"
  },
  {
    "docID": "N115 Ni, Xia et al. 2015",
    "et": "Rostral",
    "off": 10696,
    "sff": "rostral"
  },
  {
    "docID": "N115 Ni, Xia et al. 2015",
    "et": "Rostral",
    "off": 17720,
    "sff": "rostral"
  },
  {
    "docID": "N115 Ni, Xia et al. 2015",
    "et": "Rostral",
    "off": 11130,
    "sff": "rostral"
  },
  {
    "docID": "N115 Ni, Xia et al. 2015",
    "et": "Rostral",
    "off": 12748,
    "sff": "Rostral"
  },
  {
    "docID": "N115 Ni, Xia et al. 2015",
    "et": "DorsalColumn",
    "off": 38128,
    "sff": "dorsal"
  },
  {
    "docID": "N115 Ni, Xia et al. 2015",
    "et": "DorsalColumn",
    "off": 28095,
    "sff": "dorsal"
  },
  {
    "docID": "N115 Ni, Xia et al. 2015",
    "et": "DorsalColumn",
    "off": 10632,
    "sff": "dorsal"
  },
  {
    "docID": "N115 Ni, Xia et al. 2015",
    "et": "DorsalColumn",
    "off": 39239,
    "sff": "dorsal"
  },
  {
    "docID": "N115 Ni, Xia et al. 2015",
    "et": "ChondroitinaseABC",
    "off": 35721,
    "sff": "chondroitinase ABC"
  },
  {
    "docID": "N115 Ni, Xia et al. 2015",
    "et": "ChondroitinaseABC",
    "off": 152,
    "sff": "chondroitinase ABC"
  },
  {
    "docID": "N115 Ni, Xia et al. 2015",
    "et": "ChondroitinaseABC",
    "off": 36866,
    "sff": "Chondroitinase ABC"
  },
  {
    "docID": "N115 Ni, Xia et al. 2015",
    "et": "ChondroitinaseABC",
    "off": 38776,
    "sff": "chondroitinase ABC"
  },
  {
    "docID": "N115 Ni, Xia et al. 2015",
    "et": "ChondroitinaseABC",
    "off": 3737,
    "sff": "Chondroitinase ABC"
  },
  {
    "docID": "N115 Ni, Xia et al. 2015",
    "et": "ChondroitinaseABC",
    "off": 6719,
    "sff": "chondroitinase ABC"
  },
  {
    "docID": "N115 Ni, Xia et al. 2015",
    "et": "ChondroitinaseABC",
    "off": 33812,
    "sff": "Chondroitinase ABC"
  },
  {
    "docID": "N115 Ni, Xia et al. 2015",
    "et": "ChondroitinaseABC",
    "off": 35859,
    "sff": "Chondroitinase ABC"
  },
  {
    "docID": "N115 Ni, Xia et al. 2015",
    "et": "ChondroitinaseABC",
    "off": 876,
    "sff": "chondroitinase ABC"
  },
  {
    "docID": "N115 Ni, Xia et al. 2015",
    "et": "Left",
    "off": 25885,
    "sff": "left"
  },
  {
    "docID": "N115 Ni, Xia et al. 2015",
    "et": "SubstanceApplicationLocation",
    "off": 35706,
    "sff": "application"
  },
  {
    "docID": "N115 Ni, Xia et al. 2015",
    "et": "SubstanceApplicationLocation",
    "off": 28636,
    "sff": "application"
  },
  {
    "docID": "N115 Ni, Xia et al. 2015",
    "et": "Tissue",
    "off": 37682,
    "sff": "Tissue"
  },
  {
    "docID": "N115 Ni, Xia et al. 2015",
    "et": "Tissue",
    "off": 27439,
    "sff": "Tissue"
  },
  {
    "docID": "N115 Ni, Xia et al. 2015",
    "et": "Tissue",
    "off": 27420,
    "sff": "Tissue"
  },
  {
    "docID": "N115 Ni, Xia et al. 2015",
    "et": "C6",
    "off": 35200,
    "sff": "C6"
  },
  {
    "docID": "N115 Ni, Xia et al. 2015",
    "et": "ChinaShenyangSunshinePharmaceuticalCompany",
    "off": 33257,
    "sff": "China"
  },
  {
    "docID": "N115 Ni, Xia et al. 2015",
    "et": "ChinaShenyangSunshinePharmaceuticalCompany",
    "off": 20682,
    "sff": "China"
  },
  {
    "docID": "N115 Ni, Xia et al. 2015",
    "et": "ChinaShenyangSunshinePharmaceuticalCompany",
    "off": 20970,
    "sff": "China"
  },
  {
    "docID": "N115 Ni, Xia et al. 2015",
    "et": "ChinaShenyangSunshinePharmaceuticalCompany",
    "off": 21146,
    "sff": "China"
  },
  {
    "docID": "N115 Ni, Xia et al. 2015",
    "et": "ChinaShenyangSunshinePharmaceuticalCompany",
    "off": 781,
    "sff": "China"
  },
  {
    "docID": "N115 Ni, Xia et al. 2015",
    "et": "ChinaShenyangSunshinePharmaceuticalCompany",
    "off": 20813,
    "sff": "China"
  },
  {
    "docID": "N115 Ni, Xia et al. 2015",
    "et": "ChinaShenyangSunshinePharmaceuticalCompany",
    "off": 33089,
    "sff": "China"
  },
  {
    "docID": "N115 Ni, Xia et al. 2015",
    "et": "ChinaShenyangSunshinePharmaceuticalCompany",
    "off": 33297,
    "sff": "China"
  },
  {
    "docID": "N115 Ni, Xia et al. 2015",
    "et": "ChinaShenyangSunshinePharmaceuticalCompany",
    "off": 626,
    "sff": "China"
  },
  {
    "docID": "N115 Ni, Xia et al. 2015",
    "et": "ChinaShenyangSunshinePharmaceuticalCompany",
    "off": 515,
    "sff": "China"
  },
  {
    "docID": "N115 Ni, Xia et al. 2015",
    "et": "InjectionDelivery",
    "off": 26642,
    "sff": "injection"
  },
  {
    "docID": "N115 Ni, Xia et al. 2015",
    "et": "InjectionDelivery",
    "off": 25011,
    "sff": "injection"
  },
  {
    "docID": "N115 Ni, Xia et al. 2015",
    "et": "SpinalLesionSite",
    "off": 37657,
    "sff": "spinal"
  },
  {
    "docID": "N115 Ni, Xia et al. 2015",
    "et": "SpinalLesionSite",
    "off": 280,
    "sff": "spinal"
  },
  {
    "docID": "N115 Ni, Xia et al. 2015",
    "et": "SpinalLesionSite",
    "off": 36760,
    "sff": "spinal"
  },
  {
    "docID": "N115 Ni, Xia et al. 2015",
    "et": "SpinalLesionSite",
    "off": 31002,
    "sff": "spinal"
  },
  {
    "docID": "N115 Ni, Xia et al. 2015",
    "et": "SpinalLesionSite",
    "off": 1423,
    "sff": "Spinal"
  },
  {
    "docID": "N115 Ni, Xia et al. 2015",
    "et": "SpinalLesionSite",
    "off": 25685,
    "sff": "spinal"
  },
  {
    "docID": "N115 Ni, Xia et al. 2015",
    "et": "SpinalLesionSite",
    "off": 27875,
    "sff": "lesion"
  },
  {
    "docID": "N115 Ni, Xia et al. 2015",
    "et": "SpinalLesionSite",
    "off": 9703,
    "sff": "lesion"
  },
  {
    "docID": "N115 Ni, Xia et al. 2015",
    "et": "SpinalLesionSite",
    "off": 25257,
    "sff": "spinal"
  },
  {
    "docID": "N115 Ni, Xia et al. 2015",
    "et": "SpinalLesionSite",
    "off": 10191,
    "sff": "lesion"
  },
  {
    "docID": "N115 Ni, Xia et al. 2015",
    "et": "SpinalLesionSite",
    "off": 1958,
    "sff": "spinal"
  },
  {
    "docID": "N115 Ni, Xia et al. 2015",
    "et": "SpinalLesionSite",
    "off": 34401,
    "sff": "spinal"
  },
  {
    "docID": "N115 Ni, Xia et al. 2015",
    "et": "SpinalLesionSite",
    "off": 5728,
    "sff": "spinal"
  },
  {
    "docID": "N115 Ni, Xia et al. 2015",
    "et": "SpinalLesionSite",
    "off": 39072,
    "sff": "spinal"
  },
  {
    "docID": "N115 Ni, Xia et al. 2015",
    "et": "SpinalLesionSite",
    "off": 39520,
    "sff": "spinal"
  },
  {
    "docID": "N115 Ni, Xia et al. 2015",
    "et": "SpinalLesionSite",
    "off": 35746,
    "sff": "spinal"
  },
  {
    "docID": "N115 Ni, Xia et al. 2015",
    "et": "SpinalLesionSite",
    "off": 37278,
    "sff": "spinal"
  },
  {
    "docID": "N115 Ni, Xia et al. 2015",
    "et": "SpinalLesionSite",
    "off": 36536,
    "sff": "spinal"
  },
  {
    "docID": "N115 Ni, Xia et al. 2015",
    "et": "SpinalLesionSite",
    "off": 37496,
    "sff": "spinal"
  },
  {
    "docID": "N115 Ni, Xia et al. 2015",
    "et": "SpinalLesionSite",
    "off": 13051,
    "sff": "spinal"
  },
  {
    "docID": "N115 Ni, Xia et al. 2015",
    "et": "SpinalLesionSite",
    "off": 10191,
    "sff": "lesion site"
  },
  {
    "docID": "N115 Ni, Xia et al. 2015",
    "et": "SpinalLesionSite",
    "off": 18999,
    "sff": "spinal"
  },
  {
    "docID": "N115 Ni, Xia et al. 2015",
    "et": "SpinalLesionSite",
    "off": 31041,
    "sff": "lesion"
  },
  {
    "docID": "N115 Ni, Xia et al. 2015",
    "et": "SpinalLesionSite",
    "off": 37046,
    "sff": "spinal"
  },
  {
    "docID": "N115 Ni, Xia et al. 2015",
    "et": "SpinalLesionSite",
    "off": 2736,
    "sff": "spinal"
  },
  {
    "docID": "N115 Ni, Xia et al. 2015",
    "et": "SpinalLesionSite",
    "off": 947,
    "sff": "spinal"
  },
  {
    "docID": "N115 Ni, Xia et al. 2015",
    "et": "SpinalLesionSite",
    "off": 2936,
    "sff": "Spinal"
  },
  {
    "docID": "N115 Ni, Xia et al. 2015",
    "et": "SpinalLesionSite",
    "off": 37937,
    "sff": "Spinal"
  },
  {
    "docID": "N115 Ni, Xia et al. 2015",
    "et": "SpinalLesionSite",
    "off": 3016,
    "sff": "spinal"
  },
  {
    "docID": "N115 Ni, Xia et al. 2015",
    "et": "SpinalLesionSite",
    "off": 27848,
    "sff": "spinal"
  },
  {
    "docID": "N115 Ni, Xia et al. 2015",
    "et": "SpinalLesionSite",
    "off": 35528,
    "sff": "spinal"
  },
  {
    "docID": "N115 Ni, Xia et al. 2015",
    "et": "SpinalLesionSite",
    "off": 24454,
    "sff": "Spinal"
  },
  {
    "docID": "N115 Ni, Xia et al. 2015",
    "et": "SpinalLesionSite",
    "off": 33866,
    "sff": "spinal"
  },
  {
    "docID": "N115 Ni, Xia et al. 2015",
    "et": "SpinalLesionSite",
    "off": 37893,
    "sff": "spinal"
  },
  {
    "docID": "N115 Ni, Xia et al. 2015",
    "et": "SpinalLesionSite",
    "off": 38341,
    "sff": "spinal"
  },
  {
    "docID": "N115 Ni, Xia et al. 2015",
    "et": "SpinalLesionSite",
    "off": 33542,
    "sff": "spinal"
  },
  {
    "docID": "N115 Ni, Xia et al. 2015",
    "et": "SpinalLesionSite",
    "off": 13185,
    "sff": "spinal"
  },
  {
    "docID": "N115 Ni, Xia et al. 2015",
    "et": "SpinalLesionSite",
    "off": 34625,
    "sff": "spinal"
  },
  {
    "docID": "N115 Ni, Xia et al. 2015",
    "et": "SpinalLesionSite",
    "off": 25603,
    "sff": "spinal"
  },
  {
    "docID": "N115 Ni, Xia et al. 2015",
    "et": "SpinalLesionSite",
    "off": 1538,
    "sff": "spinal"
  },
  {
    "docID": "N115 Ni, Xia et al. 2015",
    "et": "SpinalLesionSite",
    "off": 27711,
    "sff": "spinal"
  },
  {
    "docID": "N115 Ni, Xia et al. 2015",
    "et": "SpinalLesionSite",
    "off": 36031,
    "sff": "spinal"
  },
  {
    "docID": "N115 Ni, Xia et al. 2015",
    "et": "SpinalLesionSite",
    "off": 25342,
    "sff": "spinal"
  },
  {
    "docID": "N115 Ni, Xia et al. 2015",
    "et": "T7",
    "off": 25105,
    "sff": "T7"
  },
  {
    "docID": "N115 Ni, Xia et al. 2015",
    "et": "T9",
    "off": 25108,
    "sff": "T9"
  },
  {
    "docID": "N115 Ni, Xia et al. 2015",
    "et": "AnimalSpecies",
    "off": 29104,
    "sff": "animal"
  },
  {
    "docID": "N115 Ni, Xia et al. 2015",
    "et": "AnimalSpecies",
    "off": 24653,
    "sff": "Animal"
  },
  {
    "docID": "N115 Ni, Xia et al. 2015",
    "et": "AnimalSpecies",
    "off": 26414,
    "sff": "animal"
  },
  {
    "docID": "N115 Ni, Xia et al. 2015",
    "et": "AnimalSpecies",
    "off": 24562,
    "sff": "Animal"
  },
  {
    "docID": "N115 Ni, Xia et al. 2015",
    "et": "AnimalSpecies",
    "off": 31192,
    "sff": "animal"
  },
  {
    "docID": "N115 Ni, Xia et al. 2015",
    "et": "AnimalSpecies",
    "off": 3930,
    "sff": "animal"
  },
  {
    "docID": "N115 Ni, Xia et al. 2015",
    "et": "AnimalSpecies",
    "off": 32025,
    "sff": "animal"
  },
  {
    "docID": "N115 Ni, Xia et al. 2015",
    "et": "AnimalSpecies",
    "off": 28085,
    "sff": "animal"
  },
  {
    "docID": "N115 Ni, Xia et al. 2015",
    "et": "AnimalSpecies",
    "off": 30373,
    "sff": "animal"
  },
  {
    "docID": "N115 Ni, Xia et al. 2015",
    "et": "Ice",
    "off": 24411,
    "sff": "ice"
  },
  {
    "docID": "N115 Ni, Xia et al. 2015",
    "et": "Saline",
    "off": 27624,
    "sff": "saline"
  },
  {
    "docID": "N115 Ni, Xia et al. 2015",
    "et": "Saline",
    "off": 25794,
    "sff": "saline"
  },
  {
    "docID": "N115 Ni, Xia et al. 2015",
    "et": "Saline",
    "off": 21103,
    "sff": "saline"
  },
  {
    "docID": "N115 Ni, Xia et al. 2015",
    "et": "Right",
    "off": 25667,
    "sff": "right"
  },
  {
    "docID": "N115 Ni, Xia et al. 2015",
    "et": "Right",
    "off": 25474,
    "sff": "right"
  },
  {
    "docID": "N115 Ni, Xia et al. 2015",
    "et": "Right",
    "off": 25644,
    "sff": "right"
  },
  {
    "docID": "N115 Ni, Xia et al. 2015",
    "et": "Right",
    "off": 25274,
    "sff": "right"
  },
  {
    "docID": "N115 Ni, Xia et al. 2015",
    "et": "Right",
    "off": 25418,
    "sff": "right"
  },
  {
    "docID": "N115 Ni, Xia et al. 2015",
    "et": "Right",
    "off": 27049,
    "sff": "right"
  },
  {
    "docID": "N115 Ni, Xia et al. 2015",
    "et": "Vehicle",
    "off": 1084,
    "sff": "vehicle"
  },
  {
    "docID": "N115 Ni, Xia et al. 2015",
    "et": "TemperatureTreatment",
    "off": 31819,
    "sff": "temperature"
  },
  {
    "docID": "N115 Ni, Xia et al. 2015",
    "et": "TemperatureTreatment",
    "off": 30167,
    "sff": "temperature"
  },
  {
    "docID": "N115 Ni, Xia et al. 2015",
    "et": "TemperatureTreatment",
    "off": 38761,
    "sff": "temperature"
  },
  {
    "docID": "N115 Ni, Xia et al. 2015",
    "et": "PBS",
    "off": 24132,
    "sff": "PBS"
  },
  {
    "docID": "N115 Ni, Xia et al. 2015",
    "et": "PBS",
    "off": 24324,
    "sff": "PBS"
  },
  {
    "docID": "N115 Ni, Xia et al. 2015",
    "et": "PBS",
    "off": 6400,
    "sff": "PBS"
  },
  {
    "docID": "N115 Ni, Xia et al. 2015",
    "et": "PBS",
    "off": 28347,
    "sff": "PBS"
  },
  {
    "docID": "N115 Ni, Xia et al. 2015",
    "et": "PBS",
    "off": 23833,
    "sff": "PBS"
  },
  {
    "docID": "N115 Ni, Xia et al. 2015",
    "et": "PBS",
    "off": 24425,
    "sff": "PBS"
  },
  {
    "docID": "N115 Ni, Xia et al. 2015",
    "et": "PBS",
    "off": 23960,
    "sff": "PBS"
  },
  {
    "docID": "N115 Ni, Xia et al. 2015",
    "et": "PBS",
    "off": 21111,
    "sff": "PBS"
  },
  {
    "docID": "N115 Ni, Xia et al. 2015",
    "et": "PBS",
    "off": 24231,
    "sff": "PBS"
  },
  {
    "docID": "N115 Ni, Xia et al. 2015",
    "et": "StemCell",
    "off": 39443,
    "sff": "stem"
  },
  {
    "docID": "N115 Ni, Xia et al. 2015",
    "et": "StemCell",
    "off": 36906,
    "sff": "stem"
  },
  {
    "docID": "N115 Ni, Xia et al. 2015",
    "et": "StemCell",
    "off": 35375,
    "sff": "stem"
  },
  {
    "docID": "N115 Ni, Xia et al. 2015",
    "et": "SpinalCord",
    "off": 2736,
    "sff": "spinal cord"
  },
  {
    "docID": "N115 Ni, Xia et al. 2015",
    "et": "SpinalCord",
    "off": 37937,
    "sff": "Spinal Cord"
  },
  {
    "docID": "N115 Ni, Xia et al. 2015",
    "et": "SpinalCord",
    "off": 31002,
    "sff": "spinal"
  },
  {
    "docID": "N115 Ni, Xia et al. 2015",
    "et": "SpinalCord",
    "off": 1958,
    "sff": "spinal cord"
  },
  {
    "docID": "N115 Ni, Xia et al. 2015",
    "et": "SpinalCord",
    "off": 35746,
    "sff": "spinal cord"
  },
  {
    "docID": "N115 Ni, Xia et al. 2015",
    "et": "SpinalCord",
    "off": 34401,
    "sff": "spinal cord"
  },
  {
    "docID": "N115 Ni, Xia et al. 2015",
    "et": "SpinalCord",
    "off": 5728,
    "sff": "spinal cord"
  },
  {
    "docID": "N115 Ni, Xia et al. 2015",
    "et": "SpinalCord",
    "off": 39072,
    "sff": "spinal cord"
  },
  {
    "docID": "N115 Ni, Xia et al. 2015",
    "et": "SpinalCord",
    "off": 39520,
    "sff": "spinal cord"
  },
  {
    "docID": "N115 Ni, Xia et al. 2015",
    "et": "SpinalCord",
    "off": 37278,
    "sff": "spinal cord"
  },
  {
    "docID": "N115 Ni, Xia et al. 2015",
    "et": "SpinalCord",
    "off": 25257,
    "sff": "spinal"
  },
  {
    "docID": "N115 Ni, Xia et al. 2015",
    "et": "SpinalCord",
    "off": 37657,
    "sff": "spinal cord"
  },
  {
    "docID": "N115 Ni, Xia et al. 2015",
    "et": "SpinalCord",
    "off": 280,
    "sff": "spinal cord"
  },
  {
    "docID": "N115 Ni, Xia et al. 2015",
    "et": "SpinalCord",
    "off": 36760,
    "sff": "spinal cord"
  },
  {
    "docID": "N115 Ni, Xia et al. 2015",
    "et": "SpinalCord",
    "off": 25685,
    "sff": "spinal cord"
  },
  {
    "docID": "N115 Ni, Xia et al. 2015",
    "et": "SpinalCord",
    "off": 1423,
    "sff": "Spinal cord"
  },
  {
    "docID": "N115 Ni, Xia et al. 2015",
    "et": "SpinalCord",
    "off": 33866,
    "sff": "spinal cord"
  },
  {
    "docID": "N115 Ni, Xia et al. 2015",
    "et": "SpinalCord",
    "off": 27848,
    "sff": "spinal cord"
  },
  {
    "docID": "N115 Ni, Xia et al. 2015",
    "et": "SpinalCord",
    "off": 33542,
    "sff": "spinal cord"
  },
  {
    "docID": "N115 Ni, Xia et al. 2015",
    "et": "SpinalCord",
    "off": 24454,
    "sff": "Spinal cord"
  },
  {
    "docID": "N115 Ni, Xia et al. 2015",
    "et": "SpinalCord",
    "off": 37893,
    "sff": "spinal cord"
  },
  {
    "docID": "N115 Ni, Xia et al. 2015",
    "et": "SpinalCord",
    "off": 38341,
    "sff": "spinal cord"
  },
  {
    "docID": "N115 Ni, Xia et al. 2015",
    "et": "SpinalCord",
    "off": 25603,
    "sff": "spinal cord"
  },
  {
    "docID": "N115 Ni, Xia et al. 2015",
    "et": "SpinalCord",
    "off": 1538,
    "sff": "spinal cord"
  },
  {
    "docID": "N115 Ni, Xia et al. 2015",
    "et": "SpinalCord",
    "off": 13185,
    "sff": "spinal cord"
  },
  {
    "docID": "N115 Ni, Xia et al. 2015",
    "et": "SpinalCord",
    "off": 34625,
    "sff": "spinal"
  },
  {
    "docID": "N115 Ni, Xia et al. 2015",
    "et": "SpinalCord",
    "off": 35528,
    "sff": "spinal"
  },
  {
    "docID": "N115 Ni, Xia et al. 2015",
    "et": "SpinalCord",
    "off": 27711,
    "sff": "spinal cord"
  },
  {
    "docID": "N115 Ni, Xia et al. 2015",
    "et": "SpinalCord",
    "off": 36031,
    "sff": "spinal cord"
  },
  {
    "docID": "N115 Ni, Xia et al. 2015",
    "et": "SpinalCord",
    "off": 25342,
    "sff": "spinal cord"
  },
  {
    "docID": "N115 Ni, Xia et al. 2015",
    "et": "SpinalCord",
    "off": 13051,
    "sff": "spinal cord"
  },
  {
    "docID": "N115 Ni, Xia et al. 2015",
    "et": "SpinalCord",
    "off": 36536,
    "sff": "spinal cord"
  },
  {
    "docID": "N115 Ni, Xia et al. 2015",
    "et": "SpinalCord",
    "off": 37496,
    "sff": "spinal cord"
  },
  {
    "docID": "N115 Ni, Xia et al. 2015",
    "et": "SpinalCord",
    "off": 2936,
    "sff": "Spinal cord"
  },
  {
    "docID": "N115 Ni, Xia et al. 2015",
    "et": "SpinalCord",
    "off": 18999,
    "sff": "spinal cord"
  },
  {
    "docID": "N115 Ni, Xia et al. 2015",
    "et": "SpinalCord",
    "off": 37046,
    "sff": "spinal cord"
  },
  {
    "docID": "N115 Ni, Xia et al. 2015",
    "et": "SpinalCord",
    "off": 947,
    "sff": "spinal cord"
  },
  {
    "docID": "N115 Ni, Xia et al. 2015",
    "et": "LesionAdjacentTissue",
    "off": 30459,
    "sff": "adjacent"
  },
  {
    "docID": "N115 Ni, Xia et al. 2015",
    "et": "LesionAdjacentTissue",
    "off": 31041,
    "sff": "lesion"
  },
  {
    "docID": "N115 Ni, Xia et al. 2015",
    "et": "LesionAdjacentTissue",
    "off": 10191,
    "sff": "lesion"
  },
  {
    "docID": "N115 Ni, Xia et al. 2015",
    "et": "LesionAdjacentTissue",
    "off": 27875,
    "sff": "lesion"
  },
  {
    "docID": "N115 Ni, Xia et al. 2015",
    "et": "LesionAdjacentTissue",
    "off": 9703,
    "sff": "lesion"
  },
  {
    "docID": "N115 Ni, Xia et al. 2015",
    "et": "LesionAdjacentTissue",
    "off": 9687,
    "sff": "adjacent"
  },
  {
    "docID": "N115 Ni, Xia et al. 2015",
    "et": "LesionAdjacentTissue",
    "off": 10454,
    "sff": "adjacent"
  },
  {
    "docID": "N115 Ni, Xia et al. 2015",
    "et": "CentralNervousSystem",
    "off": 38455,
    "sff": "central nervous system"
  },
  {
    "docID": "N115 Ni, Xia et al. 2015",
    "et": "CentralNervousSystem",
    "off": 19353,
    "sff": "central nervous system"
  },
  {
    "docID": "N115 Ni, Xia et al. 2015",
    "et": "CentralNervousSystem",
    "off": 38600,
    "sff": "central nervous system"
  },
  {
    "docID": "N115 Ni, Xia et al. 2015",
    "et": "CentralNervousSystem",
    "off": 7863,
    "sff": "nervous system"
  },
  {
    "docID": "N115 Ni, Xia et al. 2015",
    "et": "CentralNervousSystem",
    "off": 7863,
    "sff": "nervous"
  },
  {
    "docID": "N115 Ni, Xia et al. 2015",
    "et": "CentralNervousSystem",
    "off": 19353,
    "sff": "central nervous"
  },
  {
    "docID": "N115 Ni, Xia et al. 2015",
    "et": "CentralNervousSystem",
    "off": 38600,
    "sff": "central nervous"
  },
  {
    "docID": "N115 Ni, Xia et al. 2015",
    "et": "CentralNervousSystem",
    "off": 16575,
    "sff": "nervous system"
  },
  {
    "docID": "N115 Ni, Xia et al. 2015",
    "et": "CentralNervousSystem",
    "off": 38455,
    "sff": "central nervous"
  },
  {
    "docID": "N115 Ni, Xia et al. 2015",
    "et": "CentralNervousSystem",
    "off": 16575,
    "sff": "nervous"
  },
  {
    "docID": "N115 Ni, Xia et al. 2015",
    "et": "OscillatingFieldStimulator",
    "off": 33705,
    "sff": "field"
  },
  {
    "docID": "N115 Ni, Xia et al. 2015",
    "et": "Location",
    "off": 17710,
    "sff": "location"
  },
  {
    "docID": "N115 Ni, Xia et al. 2015",
    "et": "WistarRat",
    "off": 24692,
    "sff": "Wistar"
  },
  {
    "docID": "N115 Ni, Xia et al. 2015",
    "et": "Matrix",
    "off": 19324,
    "sff": "matrix"
  },
  {
    "docID": "N115 Ni, Xia et al. 2015",
    "et": "NuclearTransfection",
    "off": 30180,
    "sff": "Nuclear"
  },
  {
    "docID": "N115 Ni, Xia et al. 2015",
    "et": "NuclearTransfection",
    "off": 31832,
    "sff": "Nuclear"
  },
  {
    "docID": "N115 Ni, Xia et al. 2015",
    "et": "SpinalCentralPart",
    "off": 34401,
    "sff": "spinal"
  },
  {
    "docID": "N115 Ni, Xia et al. 2015",
    "et": "SpinalCentralPart",
    "off": 35746,
    "sff": "spinal"
  },
  {
    "docID": "N115 Ni, Xia et al. 2015",
    "et": "SpinalCentralPart",
    "off": 37278,
    "sff": "spinal"
  },
  {
    "docID": "N115 Ni, Xia et al. 2015",
    "et": "SpinalCentralPart",
    "off": 5728,
    "sff": "spinal"
  },
  {
    "docID": "N115 Ni, Xia et al. 2015",
    "et": "SpinalCentralPart",
    "off": 39072,
    "sff": "spinal"
  },
  {
    "docID": "N115 Ni, Xia et al. 2015",
    "et": "SpinalCentralPart",
    "off": 39520,
    "sff": "spinal"
  },
  {
    "docID": "N115 Ni, Xia et al. 2015",
    "et": "SpinalCentralPart",
    "off": 37657,
    "sff": "spinal"
  },
  {
    "docID": "N115 Ni, Xia et al. 2015",
    "et": "SpinalCentralPart",
    "off": 31002,
    "sff": "spinal"
  },
  {
    "docID": "N115 Ni, Xia et al. 2015",
    "et": "SpinalCentralPart",
    "off": 25685,
    "sff": "spinal"
  },
  {
    "docID": "N115 Ni, Xia et al. 2015",
    "et": "SpinalCentralPart",
    "off": 38455,
    "sff": "central"
  },
  {
    "docID": "N115 Ni, Xia et al. 2015",
    "et": "SpinalCentralPart",
    "off": 280,
    "sff": "spinal"
  },
  {
    "docID": "N115 Ni, Xia et al. 2015",
    "et": "SpinalCentralPart",
    "off": 36760,
    "sff": "spinal"
  },
  {
    "docID": "N115 Ni, Xia et al. 2015",
    "et": "SpinalCentralPart",
    "off": 24454,
    "sff": "Spinal"
  },
  {
    "docID": "N115 Ni, Xia et al. 2015",
    "et": "SpinalCentralPart",
    "off": 33866,
    "sff": "spinal"
  },
  {
    "docID": "N115 Ni, Xia et al. 2015",
    "et": "SpinalCentralPart",
    "off": 1423,
    "sff": "Spinal"
  },
  {
    "docID": "N115 Ni, Xia et al. 2015",
    "et": "SpinalCentralPart",
    "off": 37893,
    "sff": "spinal"
  },
  {
    "docID": "N115 Ni, Xia et al. 2015",
    "et": "SpinalCentralPart",
    "off": 38341,
    "sff": "spinal"
  },
  {
    "docID": "N115 Ni, Xia et al. 2015",
    "et": "SpinalCentralPart",
    "off": 33542,
    "sff": "spinal"
  },
  {
    "docID": "N115 Ni, Xia et al. 2015",
    "et": "SpinalCentralPart",
    "off": 3016,
    "sff": "spinal"
  },
  {
    "docID": "N115 Ni, Xia et al. 2015",
    "et": "SpinalCentralPart",
    "off": 27848,
    "sff": "spinal"
  },
  {
    "docID": "N115 Ni, Xia et al. 2015",
    "et": "SpinalCentralPart",
    "off": 35528,
    "sff": "spinal"
  },
  {
    "docID": "N115 Ni, Xia et al. 2015",
    "et": "SpinalCentralPart",
    "off": 13185,
    "sff": "spinal"
  },
  {
    "docID": "N115 Ni, Xia et al. 2015",
    "et": "SpinalCentralPart",
    "off": 34625,
    "sff": "spinal"
  },
  {
    "docID": "N115 Ni, Xia et al. 2015",
    "et": "SpinalCentralPart",
    "off": 1538,
    "sff": "spinal"
  },
  {
    "docID": "N115 Ni, Xia et al. 2015",
    "et": "SpinalCentralPart",
    "off": 25603,
    "sff": "spinal"
  },
  {
    "docID": "N115 Ni, Xia et al. 2015",
    "et": "SpinalCentralPart",
    "off": 2936,
    "sff": "Spinal"
  },
  {
    "docID": "N115 Ni, Xia et al. 2015",
    "et": "SpinalCentralPart",
    "off": 25342,
    "sff": "spinal"
  },
  {
    "docID": "N115 Ni, Xia et al. 2015",
    "et": "SpinalCentralPart",
    "off": 27711,
    "sff": "spinal"
  },
  {
    "docID": "N115 Ni, Xia et al. 2015",
    "et": "SpinalCentralPart",
    "off": 36031,
    "sff": "spinal"
  },
  {
    "docID": "N115 Ni, Xia et al. 2015",
    "et": "SpinalCentralPart",
    "off": 13051,
    "sff": "spinal"
  },
  {
    "docID": "N115 Ni, Xia et al. 2015",
    "et": "SpinalCentralPart",
    "off": 37046,
    "sff": "spinal"
  },
  {
    "docID": "N115 Ni, Xia et al. 2015",
    "et": "SpinalCentralPart",
    "off": 18999,
    "sff": "spinal"
  },
  {
    "docID": "N115 Ni, Xia et al. 2015",
    "et": "SpinalCentralPart",
    "off": 19353,
    "sff": "central"
  },
  {
    "docID": "N115 Ni, Xia et al. 2015",
    "et": "SpinalCentralPart",
    "off": 36536,
    "sff": "spinal"
  },
  {
    "docID": "N115 Ni, Xia et al. 2015",
    "et": "SpinalCentralPart",
    "off": 37496,
    "sff": "spinal"
  },
  {
    "docID": "N115 Ni, Xia et al. 2015",
    "et": "SpinalCentralPart",
    "off": 947,
    "sff": "spinal"
  },
  {
    "docID": "N115 Ni, Xia et al. 2015",
    "et": "SpinalCentralPart",
    "off": 2736,
    "sff": "spinal"
  },
  {
    "docID": "N115 Ni, Xia et al. 2015",
    "et": "SpinalCentralPart",
    "off": 25257,
    "sff": "spinal"
  },
  {
    "docID": "N115 Ni, Xia et al. 2015",
    "et": "SpinalCentralPart",
    "off": 37937,
    "sff": "Spinal"
  },
  {
    "docID": "N115 Ni, Xia et al. 2015",
    "et": "SpinalCentralPart",
    "off": 1958,
    "sff": "spinal"
  },
  {
    "docID": "N115 Ni, Xia et al. 2015",
    "et": "SpinalCentralPart",
    "off": 38600,
    "sff": "central"
  },
  {
    "docID": "N115 Ni, Xia et al. 2015",
    "et": "AnatomicalLocation",
    "off": 34546,
    "sff": "Anatomical"
  },
  {
    "docID": "N115 Ni, Xia et al. 2015",
    "et": "Brain",
    "off": 16504,
    "sff": "brain"
  },
  {
    "docID": "N115 Ni, Xia et al. 2015",
    "et": "Brain",
    "off": 2886,
    "sff": "brain"
  },
  {
    "docID": "N115 Ni, Xia et al. 2015",
    "et": "Brain",
    "off": 22303,
    "sff": "brain"
  },
  {
    "docID": "N115 Ni, Xia et al. 2015",
    "et": "Brain",
    "off": 28287,
    "sff": "brain"
  },
  {
    "docID": "N115 Ni, Xia et al. 2015",
    "et": "Brain",
    "off": 0,
    "sff": "brain"
  },
  {
    "docID": "N115 Ni, Xia et al. 2015",
    "et": "Brain",
    "off": 6754,
    "sff": "brain"
  },
  {
    "docID": "N115 Ni, Xia et al. 2015",
    "et": "Brain",
    "off": 10507,
    "sff": "brain"
  },
  {
    "docID": "N115 Ni, Xia et al. 2015",
    "et": "Brain",
    "off": 35555,
    "sff": "Brain"
  },
  {
    "docID": "N115 Ni, Xia et al. 2015",
    "et": "Brain",
    "off": 8494,
    "sff": "brain"
  },
  {
    "docID": "N115 Ni, Xia et al. 2015",
    "et": "Brain",
    "off": 13673,
    "sff": "brain"
  },
  {
    "docID": "N115 Ni, Xia et al. 2015",
    "et": "Brain",
    "off": 34326,
    "sff": "brain"
  },
  {
    "docID": "N115 Ni, Xia et al. 2015",
    "et": "Brain",
    "off": 34841,
    "sff": "Brain"
  },
  {
    "docID": "N115 Ni, Xia et al. 2015",
    "et": "Brain",
    "off": 39097,
    "sff": "Brain"
  },
  {
    "docID": "N115 Ni, Xia et al. 2015",
    "et": "AscendingFiberTract",
    "off": 23351,
    "sff": "Fiber"
  },
  {
    "docID": "N115 Ni, Xia et al. 2015",
    "et": "AscendingFiberTract",
    "off": 28892,
    "sff": "ascending"
  },
  {
    "docID": "N115 Ni, Xia et al. 2015",
    "et": "SpinalWhiteMatter",
    "off": 37278,
    "sff": "spinal"
  },
  {
    "docID": "N115 Ni, Xia et al. 2015",
    "et": "SpinalWhiteMatter",
    "off": 36760,
    "sff": "spinal"
  },
  {
    "docID": "N115 Ni, Xia et al. 2015",
    "et": "SpinalWhiteMatter",
    "off": 280,
    "sff": "spinal"
  },
  {
    "docID": "N115 Ni, Xia et al. 2015",
    "et": "SpinalWhiteMatter",
    "off": 1423,
    "sff": "Spinal"
  },
  {
    "docID": "N115 Ni, Xia et al. 2015",
    "et": "SpinalWhiteMatter",
    "off": 31002,
    "sff": "spinal"
  },
  {
    "docID": "N115 Ni, Xia et al. 2015",
    "et": "SpinalWhiteMatter",
    "off": 37657,
    "sff": "spinal"
  },
  {
    "docID": "N115 Ni, Xia et al. 2015",
    "et": "SpinalWhiteMatter",
    "off": 1958,
    "sff": "spinal"
  },
  {
    "docID": "N115 Ni, Xia et al. 2015",
    "et": "SpinalWhiteMatter",
    "off": 39072,
    "sff": "spinal"
  },
  {
    "docID": "N115 Ni, Xia et al. 2015",
    "et": "SpinalWhiteMatter",
    "off": 39520,
    "sff": "spinal"
  },
  {
    "docID": "N115 Ni, Xia et al. 2015",
    "et": "SpinalWhiteMatter",
    "off": 5728,
    "sff": "spinal"
  },
  {
    "docID": "N115 Ni, Xia et al. 2015",
    "et": "SpinalWhiteMatter",
    "off": 35746,
    "sff": "spinal"
  },
  {
    "docID": "N115 Ni, Xia et al. 2015",
    "et": "SpinalWhiteMatter",
    "off": 34401,
    "sff": "spinal"
  },
  {
    "docID": "N115 Ni, Xia et al. 2015",
    "et": "SpinalWhiteMatter",
    "off": 35528,
    "sff": "spinal"
  },
  {
    "docID": "N115 Ni, Xia et al. 2015",
    "et": "SpinalWhiteMatter",
    "off": 3016,
    "sff": "spinal"
  },
  {
    "docID": "N115 Ni, Xia et al. 2015",
    "et": "SpinalWhiteMatter",
    "off": 27848,
    "sff": "spinal"
  },
  {
    "docID": "N115 Ni, Xia et al. 2015",
    "et": "SpinalWhiteMatter",
    "off": 33866,
    "sff": "spinal"
  },
  {
    "docID": "N115 Ni, Xia et al. 2015",
    "et": "SpinalWhiteMatter",
    "off": 25685,
    "sff": "spinal"
  },
  {
    "docID": "N115 Ni, Xia et al. 2015",
    "et": "SpinalWhiteMatter",
    "off": 13051,
    "sff": "spinal"
  },
  {
    "docID": "N115 Ni, Xia et al. 2015",
    "et": "SpinalWhiteMatter",
    "off": 25342,
    "sff": "spinal"
  },
  {
    "docID": "N115 Ni, Xia et al. 2015",
    "et": "SpinalWhiteMatter",
    "off": 18999,
    "sff": "spinal"
  },
  {
    "docID": "N115 Ni, Xia et al. 2015",
    "et": "SpinalWhiteMatter",
    "off": 36536,
    "sff": "spinal"
  },
  {
    "docID": "N115 Ni, Xia et al. 2015",
    "et": "SpinalWhiteMatter",
    "off": 37496,
    "sff": "spinal"
  },
  {
    "docID": "N115 Ni, Xia et al. 2015",
    "et": "SpinalWhiteMatter",
    "off": 37937,
    "sff": "Spinal"
  },
  {
    "docID": "N115 Ni, Xia et al. 2015",
    "et": "SpinalWhiteMatter",
    "off": 25603,
    "sff": "spinal"
  },
  {
    "docID": "N115 Ni, Xia et al. 2015",
    "et": "SpinalWhiteMatter",
    "off": 33542,
    "sff": "spinal"
  },
  {
    "docID": "N115 Ni, Xia et al. 2015",
    "et": "SpinalWhiteMatter",
    "off": 37893,
    "sff": "spinal"
  },
  {
    "docID": "N115 Ni, Xia et al. 2015",
    "et": "SpinalWhiteMatter",
    "off": 38341,
    "sff": "spinal"
  },
  {
    "docID": "N115 Ni, Xia et al. 2015",
    "et": "SpinalWhiteMatter",
    "off": 27711,
    "sff": "spinal"
  },
  {
    "docID": "N115 Ni, Xia et al. 2015",
    "et": "SpinalWhiteMatter",
    "off": 36031,
    "sff": "spinal"
  },
  {
    "docID": "N115 Ni, Xia et al. 2015",
    "et": "SpinalWhiteMatter",
    "off": 13185,
    "sff": "spinal"
  },
  {
    "docID": "N115 Ni, Xia et al. 2015",
    "et": "SpinalWhiteMatter",
    "off": 1538,
    "sff": "spinal"
  },
  {
    "docID": "N115 Ni, Xia et al. 2015",
    "et": "SpinalWhiteMatter",
    "off": 34625,
    "sff": "spinal"
  },
  {
    "docID": "N115 Ni, Xia et al. 2015",
    "et": "SpinalWhiteMatter",
    "off": 24454,
    "sff": "Spinal"
  },
  {
    "docID": "N115 Ni, Xia et al. 2015",
    "et": "SpinalWhiteMatter",
    "off": 25257,
    "sff": "spinal"
  },
  {
    "docID": "N115 Ni, Xia et al. 2015",
    "et": "SpinalWhiteMatter",
    "off": 947,
    "sff": "spinal"
  },
  {
    "docID": "N115 Ni, Xia et al. 2015",
    "et": "SpinalWhiteMatter",
    "off": 37046,
    "sff": "spinal"
  },
  {
    "docID": "N115 Ni, Xia et al. 2015",
    "et": "SpinalWhiteMatter",
    "off": 2736,
    "sff": "spinal"
  },
  {
    "docID": "N115 Ni, Xia et al. 2015",
    "et": "SpinalWhiteMatter",
    "off": 2936,
    "sff": "Spinal"
  },
  {
    "docID": "N115 Ni, Xia et al. 2015",
    "et": "Antibody",
    "off": 28594,
    "sff": "antibody"
  },
  {
    "docID": "N115 Ni, Xia et al. 2015",
    "et": "Antibody",
    "off": 21283,
    "sff": "antibody"
  },
  {
    "docID": "N115 Ni, Xia et al. 2015",
    "et": "Antibody",
    "off": 21173,
    "sff": "antibody"
  },
  {
    "docID": "N115 Ni, Xia et al. 2015",
    "et": "Antibody",
    "off": 21222,
    "sff": "antibody"
  },
  {
    "docID": "N115 Ni, Xia et al. 2015",
    "et": "Antibody",
    "off": 21334,
    "sff": "antibody"
  },
  {
    "docID": "N115 Ni, Xia et al. 2015",
    "et": "Antibody",
    "off": 28488,
    "sff": "antibody"
  },
  {
    "docID": "N115 Ni, Xia et al. 2015",
    "et": "Antibody",
    "off": 30877,
    "sff": "antibody"
  },
  {
    "docID": "N115 Ni, Xia et al. 2015",
    "et": "UmbilicalCordBloodStemCell",
    "off": 5735,
    "sff": "cord"
  },
  {
    "docID": "N115 Ni, Xia et al. 2015",
    "et": "UmbilicalCordBloodStemCell",
    "off": 34408,
    "sff": "cord"
  },
  {
    "docID": "N115 Ni, Xia et al. 2015",
    "et": "UmbilicalCordBloodStemCell",
    "off": 35753,
    "sff": "cord"
  },
  {
    "docID": "N115 Ni, Xia et al. 2015",
    "et": "UmbilicalCordBloodStemCell",
    "off": 39079,
    "sff": "cord"
  },
  {
    "docID": "N115 Ni, Xia et al. 2015",
    "et": "UmbilicalCordBloodStemCell",
    "off": 39527,
    "sff": "cord"
  },
  {
    "docID": "N115 Ni, Xia et al. 2015",
    "et": "UmbilicalCordBloodStemCell",
    "off": 1965,
    "sff": "cord"
  },
  {
    "docID": "N115 Ni, Xia et al. 2015",
    "et": "UmbilicalCordBloodStemCell",
    "off": 287,
    "sff": "cord"
  },
  {
    "docID": "N115 Ni, Xia et al. 2015",
    "et": "UmbilicalCordBloodStemCell",
    "off": 37664,
    "sff": "cord"
  },
  {
    "docID": "N115 Ni, Xia et al. 2015",
    "et": "UmbilicalCordBloodStemCell",
    "off": 36767,
    "sff": "cord"
  },
  {
    "docID": "N115 Ni, Xia et al. 2015",
    "et": "UmbilicalCordBloodStemCell",
    "off": 37285,
    "sff": "cord"
  },
  {
    "docID": "N115 Ni, Xia et al. 2015",
    "et": "UmbilicalCordBloodStemCell",
    "off": 1430,
    "sff": "cord"
  },
  {
    "docID": "N115 Ni, Xia et al. 2015",
    "et": "UmbilicalCordBloodStemCell",
    "off": 25692,
    "sff": "cord"
  },
  {
    "docID": "N115 Ni, Xia et al. 2015",
    "et": "UmbilicalCordBloodStemCell",
    "off": 33873,
    "sff": "cord"
  },
  {
    "docID": "N115 Ni, Xia et al. 2015",
    "et": "UmbilicalCordBloodStemCell",
    "off": 27855,
    "sff": "cord"
  },
  {
    "docID": "N115 Ni, Xia et al. 2015",
    "et": "UmbilicalCordBloodStemCell",
    "off": 1545,
    "sff": "cord"
  },
  {
    "docID": "N115 Ni, Xia et al. 2015",
    "et": "UmbilicalCordBloodStemCell",
    "off": 27718,
    "sff": "cord"
  },
  {
    "docID": "N115 Ni, Xia et al. 2015",
    "et": "UmbilicalCordBloodStemCell",
    "off": 36038,
    "sff": "cord"
  },
  {
    "docID": "N115 Ni, Xia et al. 2015",
    "et": "UmbilicalCordBloodStemCell",
    "off": 13192,
    "sff": "cord"
  },
  {
    "docID": "N115 Ni, Xia et al. 2015",
    "et": "UmbilicalCordBloodStemCell",
    "off": 37900,
    "sff": "cord"
  },
  {
    "docID": "N115 Ni, Xia et al. 2015",
    "et": "UmbilicalCordBloodStemCell",
    "off": 38348,
    "sff": "cord"
  },
  {
    "docID": "N115 Ni, Xia et al. 2015",
    "et": "UmbilicalCordBloodStemCell",
    "off": 24461,
    "sff": "cord"
  },
  {
    "docID": "N115 Ni, Xia et al. 2015",
    "et": "UmbilicalCordBloodStemCell",
    "off": 33549,
    "sff": "cord"
  },
  {
    "docID": "N115 Ni, Xia et al. 2015",
    "et": "UmbilicalCordBloodStemCell",
    "off": 25610,
    "sff": "cord"
  },
  {
    "docID": "N115 Ni, Xia et al. 2015",
    "et": "UmbilicalCordBloodStemCell",
    "off": 2943,
    "sff": "cord"
  },
  {
    "docID": "N115 Ni, Xia et al. 2015",
    "et": "UmbilicalCordBloodStemCell",
    "off": 19006,
    "sff": "cord"
  },
  {
    "docID": "N115 Ni, Xia et al. 2015",
    "et": "UmbilicalCordBloodStemCell",
    "off": 36543,
    "sff": "cord"
  },
  {
    "docID": "N115 Ni, Xia et al. 2015",
    "et": "UmbilicalCordBloodStemCell",
    "off": 37503,
    "sff": "cord"
  },
  {
    "docID": "N115 Ni, Xia et al. 2015",
    "et": "UmbilicalCordBloodStemCell",
    "off": 13058,
    "sff": "cord"
  },
  {
    "docID": "N115 Ni, Xia et al. 2015",
    "et": "UmbilicalCordBloodStemCell",
    "off": 25349,
    "sff": "cord"
  },
  {
    "docID": "N115 Ni, Xia et al. 2015",
    "et": "UmbilicalCordBloodStemCell",
    "off": 2743,
    "sff": "cord"
  },
  {
    "docID": "N115 Ni, Xia et al. 2015",
    "et": "UmbilicalCordBloodStemCell",
    "off": 954,
    "sff": "cord"
  },
  {
    "docID": "N115 Ni, Xia et al. 2015",
    "et": "UmbilicalCordBloodStemCell",
    "off": 37053,
    "sff": "cord"
  },
  {
    "docID": "N115 Ni, Xia et al. 2015",
    "et": "UmbilicalCordBloodStemCell",
    "off": 37944,
    "sff": "Cord"
  },
  {
    "docID": "N115 Ni, Xia et al. 2015",
    "et": "UmbilicalCordBloodStemCell",
    "off": 25265,
    "sff": "cord"
  },
  {
    "docID": "N115 Ni, Xia et al. 2015",
    "et": "TailVeinLocation",
    "off": 27235,
    "sff": "tail"
  },
  {
    "docID": "N115 Ni, Xia et al. 2015",
    "et": "Protein",
    "off": 34023,
    "sff": "protein"
  },
  {
    "docID": "N115 Ni, Xia et al. 2015",
    "et": "Protein",
    "off": 4133,
    "sff": "protein"
  },
  {
    "docID": "N115 Ni, Xia et al. 2015",
    "et": "Protein",
    "off": 9541,
    "sff": "protein"
  },
  {
    "docID": "N115 Ni, Xia et al. 2015",
    "et": "Protein",
    "off": 15009,
    "sff": "protein"
  },
  {
    "docID": "N115 Ni, Xia et al. 2015",
    "et": "Protein",
    "off": 7840,
    "sff": "protein"
  },
  {
    "docID": "N115 Ni, Xia et al. 2015",
    "et": "Protein",
    "off": 30575,
    "sff": "protein"
  },
  {
    "docID": "N115 Ni, Xia et al. 2015",
    "et": "Protein",
    "off": 37009,
    "sff": "protein"
  },
  {
    "docID": "N115 Ni, Xia et al. 2015",
    "et": "Protein",
    "off": 2363,
    "sff": "protein"
  },
  {
    "docID": "N115 Ni, Xia et al. 2015",
    "et": "Protein",
    "off": 2330,
    "sff": "protein"
  },
  {
    "docID": "N115 Ni, Xia et al. 2015",
    "et": "Protein",
    "off": 34772,
    "sff": "protein"
  },
  {
    "docID": "N115 Ni, Xia et al. 2015",
    "et": "Protein",
    "off": 39200,
    "sff": "protein"
  },
  {
    "docID": "N115 Ni, Xia et al. 2015",
    "et": "Protein",
    "off": 5900,
    "sff": "protein"
  },
  {
    "docID": "N115 Ni, Xia et al. 2015",
    "et": "Protein",
    "off": 21260,
    "sff": "protein"
  },
  {
    "docID": "N115 Ni, Xia et al. 2015",
    "et": "Protein",
    "off": 7786,
    "sff": "protein"
  },
  {
    "docID": "N115 Ni, Xia et al. 2015",
    "et": "Protein",
    "off": 16552,
    "sff": "protein"
  },
  {
    "docID": "N115 Ni, Xia et al. 2015",
    "et": "Protein",
    "off": 7815,
    "sff": "protein"
  },
  {
    "docID": "N115 Ni, Xia et al. 2015",
    "et": "GlialCell",
    "off": 11108,
    "sff": "glial"
  },
  {
    "docID": "N115 Ni, Xia et al. 2015",
    "et": "GlialCell",
    "off": 9639,
    "sff": "glial"
  },
  {
    "docID": "N115 Ni, Xia et al. 2015",
    "et": "GlialCell",
    "off": 29146,
    "sff": "glial"
  },
  {
    "docID": "N115 Ni, Xia et al. 2015",
    "et": "GlialCell",
    "off": 29274,
    "sff": "glial"
  },
  {
    "docID": "N115 Ni, Xia et al. 2015",
    "et": "GlialCell",
    "off": 13466,
    "sff": "glial"
  },
  {
    "docID": "N115 Ni, Xia et al. 2015",
    "et": "GlialCell",
    "off": 10079,
    "sff": "glial"
  },
  {
    "docID": "N115 Ni, Xia et al. 2015",
    "et": "GlialCell",
    "off": 30964,
    "sff": "glial"
  },
  {
    "docID": "N115 Ni, Xia et al. 2015",
    "et": "GlialCell",
    "off": 10354,
    "sff": "glial"
  },
  {
    "docID": "N115 Ni, Xia et al. 2015",
    "et": "GlialCell",
    "off": 10807,
    "sff": "glial"
  },
  {
    "docID": "N115 Ni, Xia et al. 2015",
    "et": "GlialCell",
    "off": 1784,
    "sff": "glial"
  },
  {
    "docID": "N115 Ni, Xia et al. 2015",
    "et": "GlialCell",
    "off": 9962,
    "sff": "glial"
  },
  {
    "docID": "N115 Ni, Xia et al. 2015",
    "et": "GlialCell",
    "off": 17450,
    "sff": "glial"
  },
  {
    "docID": "N115 Ni, Xia et al. 2015",
    "et": "GlialCell",
    "off": 18544,
    "sff": "glial"
  },
  {
    "docID": "N115 Ni, Xia et al. 2015",
    "et": "GlialCell",
    "off": 9518,
    "sff": "glial"
  },
  {
    "docID": "N115 Ni, Xia et al. 2015",
    "et": "GlialCell",
    "off": 2307,
    "sff": "glial"
  },
  {
    "docID": "N115 Ni, Xia et al. 2015",
    "et": "GlialCell",
    "off": 28036,
    "sff": "glial"
  },
  {
    "docID": "N115 Ni, Xia et al. 2015",
    "et": "GlialCell",
    "off": 17220,
    "sff": "glial"
  },
  {
    "docID": "N115 Ni, Xia et al. 2015",
    "et": "GlialCell",
    "off": 8647,
    "sff": "glial"
  },
  {
    "docID": "N115 Ni, Xia et al. 2015",
    "et": "GlialCell",
    "off": 17797,
    "sff": "glial"
  },
  {
    "docID": "N115 Ni, Xia et al. 2015",
    "et": "GlialCell",
    "off": 17670,
    "sff": "glial"
  },
  {
    "docID": "N115 Ni, Xia et al. 2015",
    "et": "GlialCell",
    "off": 12665,
    "sff": "glial"
  },
  {
    "docID": "N115 Ni, Xia et al. 2015",
    "et": "GlialCell",
    "off": 19833,
    "sff": "glial"
  },
  {
    "docID": "N115 Ni, Xia et al. 2015",
    "et": "GlialCell",
    "off": 8575,
    "sff": "glial"
  },
  {
    "docID": "N115 Ni, Xia et al. 2015",
    "et": "GlialCell",
    "off": 9472,
    "sff": "glial"
  },
  {
    "docID": "N115 Ni, Xia et al. 2015",
    "et": "GlialCell",
    "off": 17109,
    "sff": "glial"
  },
  {
    "docID": "N115 Ni, Xia et al. 2015",
    "et": "GlialCell",
    "off": 17557,
    "sff": "glial"
  },
  {
    "docID": "N115 Ni, Xia et al. 2015",
    "et": "GlialCell",
    "off": 29422,
    "sff": "Glial"
  },
  {
    "docID": "N115 Ni, Xia et al. 2015",
    "et": "GlialCell",
    "off": 28437,
    "sff": "glial"
  },
  {
    "docID": "N115 Ni, Xia et al. 2015",
    "et": "GlialCell",
    "off": 32140,
    "sff": "glial"
  },
  {
    "docID": "N115 Ni, Xia et al. 2015",
    "et": "GlialCell",
    "off": 10677,
    "sff": "Glial"
  },
  {
    "docID": "N115 Ni, Xia et al. 2015",
    "et": "GlialCell",
    "off": 31373,
    "sff": "glial"
  },
  {
    "docID": "N115 Ni, Xia et al. 2015",
    "et": "ImmuneCell",
    "off": 3145,
    "sff": "immune"
  },
  {
    "docID": "N115 Ni, Xia et al. 2015",
    "et": "SpinalGrayMatter",
    "off": 34625,
    "sff": "spinal"
  },
  {
    "docID": "N115 Ni, Xia et al. 2015",
    "et": "SpinalGrayMatter",
    "off": 1538,
    "sff": "spinal"
  },
  {
    "docID": "N115 Ni, Xia et al. 2015",
    "et": "SpinalGrayMatter",
    "off": 27711,
    "sff": "spinal"
  },
  {
    "docID": "N115 Ni, Xia et al. 2015",
    "et": "SpinalGrayMatter",
    "off": 36031,
    "sff": "spinal"
  },
  {
    "docID": "N115 Ni, Xia et al. 2015",
    "et": "SpinalGrayMatter",
    "off": 13185,
    "sff": "spinal"
  },
  {
    "docID": "N115 Ni, Xia et al. 2015",
    "et": "SpinalGrayMatter",
    "off": 13051,
    "sff": "spinal"
  },
  {
    "docID": "N115 Ni, Xia et al. 2015",
    "et": "SpinalGrayMatter",
    "off": 25342,
    "sff": "spinal"
  },
  {
    "docID": "N115 Ni, Xia et al. 2015",
    "et": "SpinalGrayMatter",
    "off": 3016,
    "sff": "spinal"
  },
  {
    "docID": "N115 Ni, Xia et al. 2015",
    "et": "SpinalGrayMatter",
    "off": 33866,
    "sff": "spinal"
  },
  {
    "docID": "N115 Ni, Xia et al. 2015",
    "et": "SpinalGrayMatter",
    "off": 24454,
    "sff": "Spinal"
  },
  {
    "docID": "N115 Ni, Xia et al. 2015",
    "et": "SpinalGrayMatter",
    "off": 27848,
    "sff": "spinal"
  },
  {
    "docID": "N115 Ni, Xia et al. 2015",
    "et": "SpinalGrayMatter",
    "off": 35528,
    "sff": "spinal"
  },
  {
    "docID": "N115 Ni, Xia et al. 2015",
    "et": "SpinalGrayMatter",
    "off": 37893,
    "sff": "spinal"
  },
  {
    "docID": "N115 Ni, Xia et al. 2015",
    "et": "SpinalGrayMatter",
    "off": 38341,
    "sff": "spinal"
  },
  {
    "docID": "N115 Ni, Xia et al. 2015",
    "et": "SpinalGrayMatter",
    "off": 33542,
    "sff": "spinal"
  },
  {
    "docID": "N115 Ni, Xia et al. 2015",
    "et": "SpinalGrayMatter",
    "off": 25603,
    "sff": "spinal"
  },
  {
    "docID": "N115 Ni, Xia et al. 2015",
    "et": "SpinalGrayMatter",
    "off": 1423,
    "sff": "Spinal"
  },
  {
    "docID": "N115 Ni, Xia et al. 2015",
    "et": "SpinalGrayMatter",
    "off": 280,
    "sff": "spinal"
  },
  {
    "docID": "N115 Ni, Xia et al. 2015",
    "et": "SpinalGrayMatter",
    "off": 37657,
    "sff": "spinal"
  },
  {
    "docID": "N115 Ni, Xia et al. 2015",
    "et": "SpinalGrayMatter",
    "off": 36760,
    "sff": "spinal"
  },
  {
    "docID": "N115 Ni, Xia et al. 2015",
    "et": "SpinalGrayMatter",
    "off": 25685,
    "sff": "spinal"
  },
  {
    "docID": "N115 Ni, Xia et al. 2015",
    "et": "SpinalGrayMatter",
    "off": 5728,
    "sff": "spinal"
  },
  {
    "docID": "N115 Ni, Xia et al. 2015",
    "et": "SpinalGrayMatter",
    "off": 34401,
    "sff": "spinal"
  },
  {
    "docID": "N115 Ni, Xia et al. 2015",
    "et": "SpinalGrayMatter",
    "off": 31002,
    "sff": "spinal gray matter"
  },
  {
    "docID": "N115 Ni, Xia et al. 2015",
    "et": "SpinalGrayMatter",
    "off": 35746,
    "sff": "spinal"
  },
  {
    "docID": "N115 Ni, Xia et al. 2015",
    "et": "SpinalGrayMatter",
    "off": 39072,
    "sff": "spinal"
  },
  {
    "docID": "N115 Ni, Xia et al. 2015",
    "et": "SpinalGrayMatter",
    "off": 39520,
    "sff": "spinal"
  },
  {
    "docID": "N115 Ni, Xia et al. 2015",
    "et": "SpinalGrayMatter",
    "off": 37278,
    "sff": "spinal"
  },
  {
    "docID": "N115 Ni, Xia et al. 2015",
    "et": "SpinalGrayMatter",
    "off": 25257,
    "sff": "spinal"
  },
  {
    "docID": "N115 Ni, Xia et al. 2015",
    "et": "SpinalGrayMatter",
    "off": 1958,
    "sff": "spinal"
  },
  {
    "docID": "N115 Ni, Xia et al. 2015",
    "et": "SpinalGrayMatter",
    "off": 2736,
    "sff": "spinal"
  },
  {
    "docID": "N115 Ni, Xia et al. 2015",
    "et": "SpinalGrayMatter",
    "off": 31002,
    "sff": "spinal gray"
  },
  {
    "docID": "N115 Ni, Xia et al. 2015",
    "et": "SpinalGrayMatter",
    "off": 37937,
    "sff": "Spinal"
  },
  {
    "docID": "N115 Ni, Xia et al. 2015",
    "et": "SpinalGrayMatter",
    "off": 18999,
    "sff": "spinal"
  },
  {
    "docID": "N115 Ni, Xia et al. 2015",
    "et": "SpinalGrayMatter",
    "off": 36536,
    "sff": "spinal"
  },
  {
    "docID": "N115 Ni, Xia et al. 2015",
    "et": "SpinalGrayMatter",
    "off": 37496,
    "sff": "spinal"
  },
  {
    "docID": "N115 Ni, Xia et al. 2015",
    "et": "SpinalGrayMatter",
    "off": 947,
    "sff": "spinal"
  },
  {
    "docID": "N115 Ni, Xia et al. 2015",
    "et": "SpinalGrayMatter",
    "off": 2936,
    "sff": "Spinal"
  },
  {
    "docID": "N115 Ni, Xia et al. 2015",
    "et": "SpinalGrayMatter",
    "off": 37046,
    "sff": "spinal"
  },
  {
    "docID": "N115 Ni, Xia et al. 2015",
    "et": "RatSpecies",
    "off": 37042,
    "sff": "rat"
  },
  {
    "docID": "N115 Ni, Xia et al. 2015",
    "et": "RatSpecies",
    "off": 19431,
    "sff": "rat"
  },
  {
    "docID": "N115 Ni, Xia et al. 2015",
    "et": "RatSpecies",
    "off": 26215,
    "sff": "rat"
  },
  {
    "docID": "N115 Ni, Xia et al. 2015",
    "et": "RatSpecies",
    "off": 27087,
    "sff": "rat"
  },
  {
    "docID": "N115 Ni, Xia et al. 2015",
    "et": "VertebralArea",
    "off": 25567,
    "sff": "vertebral"
  },
  {
    "docID": "N115 Ni, Xia et al. 2015",
    "et": "VertebralArea",
    "off": 25147,
    "sff": "vertebral"
  },
  {
    "docID": "N115 Ni, Xia et al. 2015",
    "et": "Caudal",
    "off": 10844,
    "sff": "caudal"
  },
  {
    "docID": "N115 Ni, Xia et al. 2015",
    "et": "Caudal",
    "off": 29165,
    "sff": "caudal"
  },
  {
    "docID": "N115 Ni, Xia et al. 2015",
    "et": "Caudal",
    "off": 11142,
    "sff": "caudal"
  },
  {
    "docID": "N115 Ni, Xia et al. 2015",
    "et": "Caudal",
    "off": 12762,
    "sff": "Caudal"
  },
  {
    "docID": "N115 Ni, Xia et al. 2015",
    "et": "Caudal",
    "off": 10705,
    "sff": "caudal"
  },
  {
    "docID": "N115 Ni, Xia et al. 2015",
    "et": "Caudal",
    "off": 17729,
    "sff": "caudal"
  },
  {
    "docID": "N115 Ni, Xia et al. 2015",
    "et": "VertebralSegment",
    "off": 25147,
    "sff": "vertebral"
  },
  {
    "docID": "N115 Ni, Xia et al. 2015",
    "et": "VertebralSegment",
    "off": 25567,
    "sff": "vertebral"
  },
  {
    "docID": "N115 Ni, Xia et al. 2015",
    "et": "CurrentApplication",
    "off": 23587,
    "sff": "current"
  },
  {
    "docID": "N115 Ni, Xia et al. 2015",
    "et": "ImplantedDepotPellet",
    "off": 1495,
    "sff": "implanted"
  },
  {
    "docID": "N115 Ni, Xia et al. 2015",
    "et": "ImplantedDepotPellet",
    "off": 4270,
    "sff": "implanted"
  },
  {
    "docID": "N115 Ni, Xia et al. 2015",
    "et": "ImplantedDepotPellet",
    "off": 13138,
    "sff": "implanted"
  },
  {
    "docID": "N115 Ni, Xia et al. 2015",
    "et": "NewZealandRabbit",
    "off": 5464,
    "sff": "new"
  },
  {
    "docID": "N115 Ni, Xia et al. 2015",
    "et": "SigmaAldrich",
    "off": 20846,
    "sff": "Sigma-Aldrich"
  },
  {
    "docID": "N115 Ni, Xia et al. 2015",
    "et": "Thoracic",
    "off": 1529,
    "sff": "thoracic"
  },
  {
    "docID": "N115 Ni, Xia et al. 2015",
    "et": "Thoracic",
    "off": 26826,
    "sff": "thoracic"
  },
  {
    "docID": "N115 Ni, Xia et al. 2015",
    "et": "VertebralLocation",
    "off": 25147,
    "sff": "vertebral"
  },
  {
    "docID": "N115 Ni, Xia et al. 2015",
    "et": "VertebralLocation",
    "off": 25567,
    "sff": "vertebral"
  },
  {
    "docID": "N115 Ni, Xia et al. 2015",
    "et": "StemCellSourceType",
    "off": 35387,
    "sff": "Cell"
  },
  {
    "docID": "N115 Ni, Xia et al. 2015",
    "et": "StemCellSourceType",
    "off": 36958,
    "sff": "cell"
  },
  {
    "docID": "N115 Ni, Xia et al. 2015",
    "et": "StemCellSourceType",
    "off": 36906,
    "sff": "stem"
  },
  {
    "docID": "N115 Ni, Xia et al. 2015",
    "et": "StemCellSourceType",
    "off": 36922,
    "sff": "cell"
  },
  {
    "docID": "N115 Ni, Xia et al. 2015",
    "et": "StemCellSourceType",
    "off": 35375,
    "sff": "stem"
  },
  {
    "docID": "N115 Ni, Xia et al. 2015",
    "et": "StemCellSourceType",
    "off": 37677,
    "sff": "Cell"
  },
  {
    "docID": "N115 Ni, Xia et al. 2015",
    "et": "StemCellSourceType",
    "off": 29576,
    "sff": "cell"
  },
  {
    "docID": "N115 Ni, Xia et al. 2015",
    "et": "StemCellSourceType",
    "off": 39443,
    "sff": "stem"
  },
  {
    "docID": "N115 Ni, Xia et al. 2015",
    "et": "InVitroExperimentalProcedure",
    "off": 18823,
    "sff": "experimental"
  },
  {
    "docID": "N115 Ni, Xia et al. 2015",
    "et": "InVitroExperimentalProcedure",
    "off": 7686,
    "sff": "experimental"
  },
  {
    "docID": "N115 Ni, Xia et al. 2015",
    "et": "InVitroExperimentalProcedure",
    "off": 16421,
    "sff": "Experimental"
  },
  {
    "docID": "N115 Ni, Xia et al. 2015",
    "et": "InVitroExperimentalProcedure",
    "off": 35212,
    "sff": "vitro"
  },
  {
    "docID": "N115 Ni, Xia et al. 2015",
    "et": "InVitroExperimentalProcedure",
    "off": 1254,
    "sff": "vitro"
  },
  {
    "docID": "N115 Ni, Xia et al. 2015",
    "et": "InVitroExperimentalProcedure",
    "off": 8086,
    "sff": "experimental"
  },
  {
    "docID": "N115 Ni, Xia et al. 2015",
    "et": "InVitroExperimentalProcedure",
    "off": 17238,
    "sff": "experimental"
  },
  {
    "docID": "N115 Ni, Xia et al. 2015",
    "et": "InVitroExperimentalProcedure",
    "off": 23779,
    "sff": "vitro"
  },
  {
    "docID": "N115 Ni, Xia et al. 2015",
    "et": "InVitroExperimentalProcedure",
    "off": 15572,
    "sff": "experimental"
  },
  {
    "docID": "N115 Ni, Xia et al. 2015",
    "et": "InVitroExperimentalProcedure",
    "off": 19612,
    "sff": "experimental"
  },
  {
    "docID": "N115 Ni, Xia et al. 2015",
    "et": "InVitroExperimentalProcedure",
    "off": 15392,
    "sff": "vitro"
  },
  {
    "docID": "N115 Ni, Xia et al. 2015",
    "et": "InVitroExperimentalProcedure",
    "off": 20562,
    "sff": "Experimental procedure"
  },
  {
    "docID": "N115 Ni, Xia et al. 2015",
    "et": "InVitroExperimentalProcedure",
    "off": 11048,
    "sff": "experimental"
  },
  {
    "docID": "N115 Ni, Xia et al. 2015",
    "et": "InVitroExperimentalProcedure",
    "off": 11560,
    "sff": "experimental"
  },
  {
    "docID": "N115 Ni, Xia et al. 2015",
    "et": "InVitroExperimentalProcedure",
    "off": 12454,
    "sff": "experimental"
  },
  {
    "docID": "N115 Ni, Xia et al. 2015",
    "et": "InVitroExperimentalProcedure",
    "off": 17062,
    "sff": "experimental"
  },
  {
    "docID": "N115 Ni, Xia et al. 2015",
    "et": "InVitroExperimentalProcedure",
    "off": 15226,
    "sff": "vitro"
  },
  {
    "docID": "N115 Ni, Xia et al. 2015",
    "et": "InVitroExperimentalProcedure",
    "off": 24803,
    "sff": "experimental"
  },
  {
    "docID": "N115 Ni, Xia et al. 2015",
    "et": "InVitroExperimentalProcedure",
    "off": 9889,
    "sff": "experimental"
  },
  {
    "docID": "N115 Ni, Xia et al. 2015",
    "et": "InVitroExperimentalProcedure",
    "off": 8418,
    "sff": "experimental"
  },
  {
    "docID": "N115 Ni, Xia et al. 2015",
    "et": "InVitroExperimentalProcedure",
    "off": 10210,
    "sff": "experimental"
  },
  {
    "docID": "N115 Ni, Xia et al. 2015",
    "et": "InVitroExperimentalProcedure",
    "off": 11170,
    "sff": "experimental"
  },
  {
    "docID": "N115 Ni, Xia et al. 2015",
    "et": "InVitroExperimentalProcedure",
    "off": 26220,
    "sff": "experimental"
  },
  {
    "docID": "N115 Ni, Xia et al. 2015",
    "et": "InVitroExperimentalProcedure",
    "off": 36523,
    "sff": "experimental"
  },
  {
    "docID": "N115 Ni, Xia et al. 2015",
    "et": "InVitroExperimentalProcedure",
    "off": 9079,
    "sff": "experimental"
  },
  {
    "docID": "N115 Ni, Xia et al. 2015",
    "et": "InVitroExperimentalProcedure",
    "off": 10103,
    "sff": "experimental"
  },
  {
    "docID": "N115 Ni, Xia et al. 2015",
    "et": "InVitroExperimentalProcedure",
    "off": 16758,
    "sff": "experimental"
  },
  {
    "docID": "N115 Ni, Xia et al. 2015",
    "et": "InVitroExperimentalProcedure",
    "off": 18741,
    "sff": "experimental"
  },
  {
    "docID": "N115 Ni, Xia et al. 2015",
    "et": "InVitroExperimentalProcedure",
    "off": 23818,
    "sff": "vitro"
  },
  {
    "docID": "N115 Ni, Xia et al. 2015",
    "et": "InVitroExperimentalProcedure",
    "off": 7156,
    "sff": "experimental"
  },
  {
    "docID": "N115 Ni, Xia et al. 2015",
    "et": "InVitroExperimentalProcedure",
    "off": 8242,
    "sff": "experimental"
  },
  {
    "docID": "N115 Ni, Xia et al. 2015",
    "et": "InVitroExperimentalProcedure",
    "off": 13590,
    "sff": "Experimental"
  },
  {
    "docID": "N115 Ni, Xia et al. 2015",
    "et": "InVitroExperimentalProcedure",
    "off": 18494,
    "sff": "experimental"
  },
  {
    "docID": "N115 Ni, Xia et al. 2015",
    "et": "InVitroExperimentalProcedure",
    "off": 13762,
    "sff": "vitro"
  },
  {
    "docID": "N115 Ni, Xia et al. 2015",
    "et": "InVitroExperimentalProcedure",
    "off": 20562,
    "sff": "Experimental"
  },
  {
    "docID": "N115 Ni, Xia et al. 2015",
    "et": "IntraperitonealLocation",
    "off": 24995,
    "sff": "intraperitoneal"
  },
  {
    "docID": "N115 Ni, Xia et al. 2015",
    "et": "IntraperitonealLocation",
    "off": 26626,
    "sff": "intraperitoneal"
  },
  {
    "docID": "N115 Ni, Xia et al. 2015",
    "et": "AntiNG2Antibody",
    "off": 3647,
    "sff": "NG2"
  },
  {
    "docID": "N115 Ni, Xia et al. 2015",
    "et": "LongEvansRat",
    "off": 27706,
    "sff": "long"
  },
  {
    "docID": "N115 Ni, Xia et al. 2015",
    "et": "Cell",
    "off": 37677,
    "sff": "Cell"
  },
  {
    "docID": "N115 Ni, Xia et al. 2015",
    "et": "Cell",
    "off": 35387,
    "sff": "Cell"
  },
  {
    "docID": "N115 Ni, Xia et al. 2015",
    "et": "Cell",
    "off": 36958,
    "sff": "cell"
  },
  {
    "docID": "N115 Ni, Xia et al. 2015",
    "et": "Cell",
    "off": 29576,
    "sff": "cell"
  },
  {
    "docID": "N115 Ni, Xia et al. 2015",
    "et": "Cell",
    "off": 36922,
    "sff": "cell"
  },
  {
    "docID": "N115 Ni, Xia et al. 2015",
    "et": "SpinalDorsalHalf",
    "off": 25603,
    "sff": "spinal"
  },
  {
    "docID": "N115 Ni, Xia et al. 2015",
    "et": "SpinalDorsalHalf",
    "off": 1538,
    "sff": "spinal"
  },
  {
    "docID": "N115 Ni, Xia et al. 2015",
    "et": "SpinalDorsalHalf",
    "off": 13185,
    "sff": "spinal"
  },
  {
    "docID": "N115 Ni, Xia et al. 2015",
    "et": "SpinalDorsalHalf",
    "off": 34625,
    "sff": "spinal"
  },
  {
    "docID": "N115 Ni, Xia et al. 2015",
    "et": "SpinalDorsalHalf",
    "off": 3016,
    "sff": "spinal"
  },
  {
    "docID": "N115 Ni, Xia et al. 2015",
    "et": "SpinalDorsalHalf",
    "off": 27848,
    "sff": "spinal"
  },
  {
    "docID": "N115 Ni, Xia et al. 2015",
    "et": "SpinalDorsalHalf",
    "off": 35528,
    "sff": "spinal"
  },
  {
    "docID": "N115 Ni, Xia et al. 2015",
    "et": "SpinalDorsalHalf",
    "off": 28095,
    "sff": "dorsal"
  },
  {
    "docID": "N115 Ni, Xia et al. 2015",
    "et": "SpinalDorsalHalf",
    "off": 33542,
    "sff": "spinal"
  },
  {
    "docID": "N115 Ni, Xia et al. 2015",
    "et": "SpinalDorsalHalf",
    "off": 37893,
    "sff": "spinal"
  },
  {
    "docID": "N115 Ni, Xia et al. 2015",
    "et": "SpinalDorsalHalf",
    "off": 38341,
    "sff": "spinal"
  },
  {
    "docID": "N115 Ni, Xia et al. 2015",
    "et": "SpinalDorsalHalf",
    "off": 2936,
    "sff": "Spinal"
  },
  {
    "docID": "N115 Ni, Xia et al. 2015",
    "et": "SpinalDorsalHalf",
    "off": 33866,
    "sff": "spinal"
  },
  {
    "docID": "N115 Ni, Xia et al. 2015",
    "et": "SpinalDorsalHalf",
    "off": 37937,
    "sff": "Spinal"
  },
  {
    "docID": "N115 Ni, Xia et al. 2015",
    "et": "SpinalDorsalHalf",
    "off": 280,
    "sff": "spinal"
  },
  {
    "docID": "N115 Ni, Xia et al. 2015",
    "et": "SpinalDorsalHalf",
    "off": 36760,
    "sff": "spinal"
  },
  {
    "docID": "N115 Ni, Xia et al. 2015",
    "et": "SpinalDorsalHalf",
    "off": 25685,
    "sff": "spinal"
  },
  {
    "docID": "N115 Ni, Xia et al. 2015",
    "et": "SpinalDorsalHalf",
    "off": 31002,
    "sff": "spinal"
  },
  {
    "docID": "N115 Ni, Xia et al. 2015",
    "et": "SpinalDorsalHalf",
    "off": 37657,
    "sff": "spinal"
  },
  {
    "docID": "N115 Ni, Xia et al. 2015",
    "et": "SpinalDorsalHalf",
    "off": 5728,
    "sff": "spinal"
  },
  {
    "docID": "N115 Ni, Xia et al. 2015",
    "et": "SpinalDorsalHalf",
    "off": 10632,
    "sff": "dorsal"
  },
  {
    "docID": "N115 Ni, Xia et al. 2015",
    "et": "SpinalDorsalHalf",
    "off": 39072,
    "sff": "spinal"
  },
  {
    "docID": "N115 Ni, Xia et al. 2015",
    "et": "SpinalDorsalHalf",
    "off": 39520,
    "sff": "spinal"
  },
  {
    "docID": "N115 Ni, Xia et al. 2015",
    "et": "SpinalDorsalHalf",
    "off": 37278,
    "sff": "spinal"
  },
  {
    "docID": "N115 Ni, Xia et al. 2015",
    "et": "SpinalDorsalHalf",
    "off": 39239,
    "sff": "dorsal"
  },
  {
    "docID": "N115 Ni, Xia et al. 2015",
    "et": "SpinalDorsalHalf",
    "off": 35746,
    "sff": "spinal"
  },
  {
    "docID": "N115 Ni, Xia et al. 2015",
    "et": "SpinalDorsalHalf",
    "off": 34401,
    "sff": "spinal"
  },
  {
    "docID": "N115 Ni, Xia et al. 2015",
    "et": "SpinalDorsalHalf",
    "off": 1958,
    "sff": "spinal"
  },
  {
    "docID": "N115 Ni, Xia et al. 2015",
    "et": "SpinalDorsalHalf",
    "off": 25257,
    "sff": "spinal"
  },
  {
    "docID": "N115 Ni, Xia et al. 2015",
    "et": "SpinalDorsalHalf",
    "off": 2736,
    "sff": "spinal"
  },
  {
    "docID": "N115 Ni, Xia et al. 2015",
    "et": "SpinalDorsalHalf",
    "off": 947,
    "sff": "spinal"
  },
  {
    "docID": "N115 Ni, Xia et al. 2015",
    "et": "SpinalDorsalHalf",
    "off": 1423,
    "sff": "Spinal"
  },
  {
    "docID": "N115 Ni, Xia et al. 2015",
    "et": "SpinalDorsalHalf",
    "off": 36536,
    "sff": "spinal"
  },
  {
    "docID": "N115 Ni, Xia et al. 2015",
    "et": "SpinalDorsalHalf",
    "off": 37496,
    "sff": "spinal"
  },
  {
    "docID": "N115 Ni, Xia et al. 2015",
    "et": "SpinalDorsalHalf",
    "off": 18999,
    "sff": "spinal"
  },
  {
    "docID": "N115 Ni, Xia et al. 2015",
    "et": "SpinalDorsalHalf",
    "off": 37046,
    "sff": "spinal"
  },
  {
    "docID": "N115 Ni, Xia et al. 2015",
    "et": "SpinalDorsalHalf",
    "off": 38128,
    "sff": "dorsal"
  },
  {
    "docID": "N115 Ni, Xia et al. 2015",
    "et": "SpinalDorsalHalf",
    "off": 13051,
    "sff": "spinal"
  },
  {
    "docID": "N115 Ni, Xia et al. 2015",
    "et": "SpinalDorsalHalf",
    "off": 24454,
    "sff": "Spinal"
  },
  {
    "docID": "N115 Ni, Xia et al. 2015",
    "et": "SpinalDorsalHalf",
    "off": 27711,
    "sff": "spinal"
  },
  {
    "docID": "N115 Ni, Xia et al. 2015",
    "et": "SpinalDorsalHalf",
    "off": 36031,
    "sff": "spinal"
  },
  {
    "docID": "N115 Ni, Xia et al. 2015",
    "et": "SpinalDorsalHalf",
    "off": 25342,
    "sff": "spinal"
  },
  {
    "docID": "N115 Ni, Xia et al. 2015",
    "et": "17BetaEstradiolE2",
    "off": 931,
    "sff": "17"
  },
  {
    "docID": "N115 Ni, Xia et al. 2015",
    "et": "17BetaEstradiolE2",
    "off": 34180,
    "sff": "17"
  },
  {
    "docID": "N115 Ni, Xia et al. 2015",
    "et": "VoltageApplication",
    "off": 23192,
    "sff": "voltage"
  },
  {
    "docID": "N115 Ni, Xia et al. 2015",
    "et": "Cervical",
    "off": 38119,
    "sff": "cervical"
  },
  {
    "docID": "N115 Ni, Xia et al. 2015",
    "et": "HematoxyLinEosin",
    "off": 20622,
    "sff": "hematoxylin"
  },
  {
    "docID": "N115 Ni, Xia et al. 2015",
    "et": "HematoxyLinEosin",
    "off": 35603,
    "sff": "Lin"
  },
  {
    "docID": "N115 Ni, Xia et al. 2015",
    "et": "HematoxyLinEosin",
    "off": 39378,
    "sff": "Lin"
  },
  {
    "docID": "N115 Ni, Xia et al. 2015",
    "et": "HematoxyLinEosin",
    "off": 28786,
    "sff": "Hematoxylin"
  },
  {
    "docID": "N115 Ni, Xia et al. 2015",
    "et": "HematoxyLinEosin",
    "off": 10481,
    "sff": "hematoxylin"
  },
  {
    "docID": "N115 Ni, Xia et al. 2015",
    "et": "Water",
    "off": 4679,
    "sff": "water"
  },
  {
    "docID": "N115 Ni, Xia et al. 2015",
    "et": "Water",
    "off": 22574,
    "sff": "water"
  },
  {
    "docID": "N115 Ni, Xia et al. 2015",
    "et": "Water",
    "off": 26508,
    "sff": "water"
  },
  {
    "docID": "N115 Ni, Xia et al. 2015",
    "et": "Water",
    "off": 21843,
    "sff": "water"
  },
  {
    "docID": "N115 Ni, Xia et al. 2015",
    "et": "ExperimentalProcedure",
    "off": 18823,
    "sff": "experimental"
  },
  {
    "docID": "N115 Ni, Xia et al. 2015",
    "et": "ExperimentalProcedure",
    "off": 7686,
    "sff": "experimental"
  },
  {
    "docID": "N115 Ni, Xia et al. 2015",
    "et": "ExperimentalProcedure",
    "off": 18494,
    "sff": "experimental"
  },
  {
    "docID": "N115 Ni, Xia et al. 2015",
    "et": "ExperimentalProcedure",
    "off": 8086,
    "sff": "experimental"
  },
  {
    "docID": "N115 Ni, Xia et al. 2015",
    "et": "ExperimentalProcedure",
    "off": 17238,
    "sff": "experimental"
  },
  {
    "docID": "N115 Ni, Xia et al. 2015",
    "et": "ExperimentalProcedure",
    "off": 15572,
    "sff": "experimental"
  },
  {
    "docID": "N115 Ni, Xia et al. 2015",
    "et": "ExperimentalProcedure",
    "off": 16421,
    "sff": "Experimental"
  },
  {
    "docID": "N115 Ni, Xia et al. 2015",
    "et": "ExperimentalProcedure",
    "off": 12454,
    "sff": "experimental"
  },
  {
    "docID": "N115 Ni, Xia et al. 2015",
    "et": "ExperimentalProcedure",
    "off": 17062,
    "sff": "experimental"
  },
  {
    "docID": "N115 Ni, Xia et al. 2015",
    "et": "ExperimentalProcedure",
    "off": 20562,
    "sff": "Experimental procedure"
  },
  {
    "docID": "N115 Ni, Xia et al. 2015",
    "et": "ExperimentalProcedure",
    "off": 11048,
    "sff": "experimental"
  },
  {
    "docID": "N115 Ni, Xia et al. 2015",
    "et": "ExperimentalProcedure",
    "off": 11560,
    "sff": "experimental"
  },
  {
    "docID": "N115 Ni, Xia et al. 2015",
    "et": "ExperimentalProcedure",
    "off": 24803,
    "sff": "experimental"
  },
  {
    "docID": "N115 Ni, Xia et al. 2015",
    "et": "ExperimentalProcedure",
    "off": 8418,
    "sff": "experimental"
  },
  {
    "docID": "N115 Ni, Xia et al. 2015",
    "et": "ExperimentalProcedure",
    "off": 10210,
    "sff": "experimental"
  },
  {
    "docID": "N115 Ni, Xia et al. 2015",
    "et": "ExperimentalProcedure",
    "off": 11170,
    "sff": "experimental"
  },
  {
    "docID": "N115 Ni, Xia et al. 2015",
    "et": "ExperimentalProcedure",
    "off": 13590,
    "sff": "Experimental"
  },
  {
    "docID": "N115 Ni, Xia et al. 2015",
    "et": "ExperimentalProcedure",
    "off": 9889,
    "sff": "experimental"
  },
  {
    "docID": "N115 Ni, Xia et al. 2015",
    "et": "ExperimentalProcedure",
    "off": 19612,
    "sff": "experimental"
  },
  {
    "docID": "N115 Ni, Xia et al. 2015",
    "et": "ExperimentalProcedure",
    "off": 9079,
    "sff": "experimental"
  },
  {
    "docID": "N115 Ni, Xia et al. 2015",
    "et": "ExperimentalProcedure",
    "off": 10103,
    "sff": "experimental"
  },
  {
    "docID": "N115 Ni, Xia et al. 2015",
    "et": "ExperimentalProcedure",
    "off": 16758,
    "sff": "experimental"
  },
  {
    "docID": "N115 Ni, Xia et al. 2015",
    "et": "ExperimentalProcedure",
    "off": 8242,
    "sff": "experimental"
  },
  {
    "docID": "N115 Ni, Xia et al. 2015",
    "et": "ExperimentalProcedure",
    "off": 18741,
    "sff": "experimental"
  },
  {
    "docID": "N115 Ni, Xia et al. 2015",
    "et": "ExperimentalProcedure",
    "off": 7156,
    "sff": "experimental"
  },
  {
    "docID": "N115 Ni, Xia et al. 2015",
    "et": "ExperimentalProcedure",
    "off": 36523,
    "sff": "experimental"
  },
  {
    "docID": "N115 Ni, Xia et al. 2015",
    "et": "ExperimentalProcedure",
    "off": 26220,
    "sff": "experimental"
  },
  {
    "docID": "N115 Ni, Xia et al. 2015",
    "et": "BrainDerivedNeurotrophicFactor",
    "off": 34326,
    "sff": "brain"
  },
  {
    "docID": "N115 Ni, Xia et al. 2015",
    "et": "BrainDerivedNeurotrophicFactor",
    "off": 35555,
    "sff": "Brain"
  },
  {
    "docID": "N115 Ni, Xia et al. 2015",
    "et": "BrainDerivedNeurotrophicFactor",
    "off": 16504,
    "sff": "brain"
  },
  {
    "docID": "N115 Ni, Xia et al. 2015",
    "et": "BrainDerivedNeurotrophicFactor",
    "off": 6754,
    "sff": "brain"
  },
  {
    "docID": "N115 Ni, Xia et al. 2015",
    "et": "BrainDerivedNeurotrophicFactor",
    "off": 0,
    "sff": "brain"
  },
  {
    "docID": "N115 Ni, Xia et al. 2015",
    "et": "BrainDerivedNeurotrophicFactor",
    "off": 20359,
    "sff": "brain-derived neurotrophic factor"
  },
  {
    "docID": "N115 Ni, Xia et al. 2015",
    "et": "BrainDerivedNeurotrophicFactor",
    "off": 22303,
    "sff": "brain"
  },
  {
    "docID": "N115 Ni, Xia et al. 2015",
    "et": "BrainDerivedNeurotrophicFactor",
    "off": 28287,
    "sff": "brain"
  },
  {
    "docID": "N115 Ni, Xia et al. 2015",
    "et": "BrainDerivedNeurotrophicFactor",
    "off": 34975,
    "sff": "derived"
  },
  {
    "docID": "N115 Ni, Xia et al. 2015",
    "et": "BrainDerivedNeurotrophicFactor",
    "off": 2886,
    "sff": "brain"
  },
  {
    "docID": "N115 Ni, Xia et al. 2015",
    "et": "BrainDerivedNeurotrophicFactor",
    "off": 34841,
    "sff": "Brain"
  },
  {
    "docID": "N115 Ni, Xia et al. 2015",
    "et": "BrainDerivedNeurotrophicFactor",
    "off": 39097,
    "sff": "Brain"
  },
  {
    "docID": "N115 Ni, Xia et al. 2015",
    "et": "BrainDerivedNeurotrophicFactor",
    "off": 13673,
    "sff": "brain"
  },
  {
    "docID": "N115 Ni, Xia et al. 2015",
    "et": "BrainDerivedNeurotrophicFactor",
    "off": 8494,
    "sff": "brain"
  },
  {
    "docID": "N115 Ni, Xia et al. 2015",
    "et": "BrainDerivedNeurotrophicFactor",
    "off": 20359,
    "sff": "brain-derived"
  },
  {
    "docID": "N115 Ni, Xia et al. 2015",
    "et": "BrainDerivedNeurotrophicFactor",
    "off": 10507,
    "sff": "brain"
  }
]
