[
  {
    "docID": "N131 Boyd 2004",
    "et": "OlfactoryEnsheathingGliaCell",
    "off": 18943,
    "sff": "olfactory"
  },
  {
    "docID": "N131 Boyd 2004",
    "et": "OlfactoryEnsheathingGliaCell",
    "off": 20354,
    "sff": "olfactory"
  },
  {
    "docID": "N131 Boyd 2004",
    "et": "OlfactoryEnsheathingGliaCell",
    "off": 18507,
    "sff": "olfactory"
  },
  {
    "docID": "N131 Boyd 2004",
    "et": "OlfactoryEnsheathingGliaCell",
    "off": 2301,
    "sff": "olfactory"
  },
  {
    "docID": "N131 Boyd 2004",
    "et": "OlfactoryEnsheathingGliaCell",
    "off": 18269,
    "sff": "olfactory"
  },
  {
    "docID": "N131 Boyd 2004",
    "et": "OlfactoryEnsheathingGliaCell",
    "off": 582,
    "sff": "olfactory ensheathing"
  },
  {
    "docID": "N131 Boyd 2004",
    "et": "OlfactoryEnsheathingGliaCell",
    "off": 18823,
    "sff": "olfactory"
  },
  {
    "docID": "N131 Boyd 2004",
    "et": "OlfactoryEnsheathingGliaCell",
    "off": 18906,
    "sff": "olfactory"
  },
  {
    "docID": "N131 Boyd 2004",
    "et": "OlfactoryEnsheathingGliaCell",
    "off": 17,
    "sff": "olfactory ensheathing"
  },
  {
    "docID": "N131 Boyd 2004",
    "et": "OlfactoryEnsheathingGliaCell",
    "off": 5235,
    "sff": "olfactory"
  },
  {
    "docID": "N131 Boyd 2004",
    "et": "OlfactoryEnsheathingGliaCell",
    "off": 2095,
    "sff": "olfactory ensheathing"
  },
  {
    "docID": "N131 Boyd 2004",
    "et": "Syringe",
    "off": 6014,
    "sff": "syringe"
  },
  {
    "docID": "N131 Boyd 2004",
    "et": "GeneticModificationTreatment",
    "off": 16285,
    "sff": "genetic"
  },
  {
    "docID": "N131 Boyd 2004",
    "et": "MagneticFieldApplication",
    "off": 24680,
    "sff": "Field"
  },
  {
    "docID": "N131 Boyd 2004",
    "et": "MagneticFieldApplication",
    "off": 24750,
    "sff": "Field"
  },
  {
    "docID": "N131 Boyd 2004",
    "et": "SpinalSubduralArea",
    "off": 1819,
    "sff": "spinal"
  },
  {
    "docID": "N131 Boyd 2004",
    "et": "SpinalSubduralArea",
    "off": 17121,
    "sff": "spinal"
  },
  {
    "docID": "N131 Boyd 2004",
    "et": "SpinalSubduralArea",
    "off": 17941,
    "sff": "spinal"
  },
  {
    "docID": "N131 Boyd 2004",
    "et": "SpinalSubduralArea",
    "off": 10010,
    "sff": "spinal"
  },
  {
    "docID": "N131 Boyd 2004",
    "et": "SpinalSubduralArea",
    "off": 28059,
    "sff": "Spinal"
  },
  {
    "docID": "N131 Boyd 2004",
    "et": "SpinalSubduralArea",
    "off": 5004,
    "sff": "spinal"
  },
  {
    "docID": "N131 Boyd 2004",
    "et": "SpinalSubduralArea",
    "off": 11020,
    "sff": "spinal"
  },
  {
    "docID": "N131 Boyd 2004",
    "et": "SpinalSubduralArea",
    "off": 15506,
    "sff": "spinal"
  },
  {
    "docID": "N131 Boyd 2004",
    "et": "SpinalSubduralArea",
    "off": 19602,
    "sff": "spinal"
  },
  {
    "docID": "N131 Boyd 2004",
    "et": "SpinalSubduralArea",
    "off": 9551,
    "sff": "spinal"
  },
  {
    "docID": "N131 Boyd 2004",
    "et": "SpinalSubduralArea",
    "off": 9288,
    "sff": "spinal"
  },
  {
    "docID": "N131 Boyd 2004",
    "et": "SpinalSubduralArea",
    "off": 18568,
    "sff": "spinal"
  },
  {
    "docID": "N131 Boyd 2004",
    "et": "SpinalSubduralArea",
    "off": 892,
    "sff": "spinal"
  },
  {
    "docID": "N131 Boyd 2004",
    "et": "SpinalSubduralArea",
    "off": 123,
    "sff": "spinal"
  },
  {
    "docID": "N131 Boyd 2004",
    "et": "SpinalSubduralArea",
    "off": 10817,
    "sff": "spinal"
  },
  {
    "docID": "N131 Boyd 2004",
    "et": "SpinalSubduralArea",
    "off": 20673,
    "sff": "spinal"
  },
  {
    "docID": "N131 Boyd 2004",
    "et": "SpinalSubduralArea",
    "off": 2752,
    "sff": "spinal"
  },
  {
    "docID": "N131 Boyd 2004",
    "et": "SpinalSubduralArea",
    "off": 15936,
    "sff": "spinal"
  },
  {
    "docID": "N131 Boyd 2004",
    "et": "SpinalSubduralArea",
    "off": 694,
    "sff": "spinal"
  },
  {
    "docID": "N131 Boyd 2004",
    "et": "SpinalSubduralArea",
    "off": 4086,
    "sff": "spinal"
  },
  {
    "docID": "N131 Boyd 2004",
    "et": "SpinalSubduralArea",
    "off": 813,
    "sff": "spinal"
  },
  {
    "docID": "N131 Boyd 2004",
    "et": "SpinalSubduralArea",
    "off": 1901,
    "sff": "spinal"
  },
  {
    "docID": "N131 Boyd 2004",
    "et": "SpinalSubduralArea",
    "off": 4525,
    "sff": "spinal"
  },
  {
    "docID": "N131 Boyd 2004",
    "et": "SpinalSubduralArea",
    "off": 11244,
    "sff": "spinal"
  },
  {
    "docID": "N131 Boyd 2004",
    "et": "SpinalSubduralArea",
    "off": 20779,
    "sff": "spinal"
  },
  {
    "docID": "N131 Boyd 2004",
    "et": "SpinalSubduralArea",
    "off": 20143,
    "sff": "spinal"
  },
  {
    "docID": "N131 Boyd 2004",
    "et": "SpinalSubduralArea",
    "off": 3242,
    "sff": "spinal"
  },
  {
    "docID": "N131 Boyd 2004",
    "et": "Intraspinal",
    "off": 7458,
    "sff": "intraspinal"
  },
  {
    "docID": "N131 Boyd 2004",
    "et": "Intraspinal",
    "off": 16021,
    "sff": "intraspinal"
  },
  {
    "docID": "N131 Boyd 2004",
    "et": "Intraspinal",
    "off": 7318,
    "sff": "intraspinal"
  },
  {
    "docID": "N131 Boyd 2004",
    "et": "Intraspinal",
    "off": 4265,
    "sff": "intraspinal"
  },
  {
    "docID": "N131 Boyd 2004",
    "et": "Intraspinal",
    "off": 2571,
    "sff": "intraspinal"
  },
  {
    "docID": "N131 Boyd 2004",
    "et": "Intraspinal",
    "off": 3498,
    "sff": "intraspinal"
  },
  {
    "docID": "N131 Boyd 2004",
    "et": "Intraspinal",
    "off": 7018,
    "sff": "intraspinal"
  },
  {
    "docID": "N131 Boyd 2004",
    "et": "Intraspinal",
    "off": 14970,
    "sff": "intraspinal"
  },
  {
    "docID": "N131 Boyd 2004",
    "et": "Intraspinal",
    "off": 21500,
    "sff": "intraspinal"
  },
  {
    "docID": "N131 Boyd 2004",
    "et": "Intraspinal",
    "off": 22479,
    "sff": "intraspinal"
  },
  {
    "docID": "N131 Boyd 2004",
    "et": "Intraspinal",
    "off": 9825,
    "sff": "intraspinal"
  },
  {
    "docID": "N131 Boyd 2004",
    "et": "NOGOReceptorAntagonist",
    "off": 22251,
    "sff": "receptor"
  },
  {
    "docID": "N131 Boyd 2004",
    "et": "NOGOReceptorAntagonist",
    "off": 10439,
    "sff": "receptor"
  },
  {
    "docID": "N131 Boyd 2004",
    "et": "NOGOReceptorAntagonist",
    "off": 11701,
    "sff": "receptor"
  },
  {
    "docID": "N131 Boyd 2004",
    "et": "SpinalFiberTract",
    "off": 9288,
    "sff": "spinal"
  },
  {
    "docID": "N131 Boyd 2004",
    "et": "SpinalFiberTract",
    "off": 18568,
    "sff": "spinal"
  },
  {
    "docID": "N131 Boyd 2004",
    "et": "SpinalFiberTract",
    "off": 9551,
    "sff": "spinal"
  },
  {
    "docID": "N131 Boyd 2004",
    "et": "SpinalFiberTract",
    "off": 11020,
    "sff": "spinal"
  },
  {
    "docID": "N131 Boyd 2004",
    "et": "SpinalFiberTract",
    "off": 5004,
    "sff": "spinal"
  },
  {
    "docID": "N131 Boyd 2004",
    "et": "SpinalFiberTract",
    "off": 694,
    "sff": "spinal"
  },
  {
    "docID": "N131 Boyd 2004",
    "et": "SpinalFiberTract",
    "off": 4086,
    "sff": "spinal"
  },
  {
    "docID": "N131 Boyd 2004",
    "et": "SpinalFiberTract",
    "off": 15936,
    "sff": "spinal"
  },
  {
    "docID": "N131 Boyd 2004",
    "et": "SpinalFiberTract",
    "off": 10817,
    "sff": "spinal"
  },
  {
    "docID": "N131 Boyd 2004",
    "et": "SpinalFiberTract",
    "off": 20673,
    "sff": "spinal"
  },
  {
    "docID": "N131 Boyd 2004",
    "et": "SpinalFiberTract",
    "off": 2752,
    "sff": "spinal"
  },
  {
    "docID": "N131 Boyd 2004",
    "et": "SpinalFiberTract",
    "off": 123,
    "sff": "spinal"
  },
  {
    "docID": "N131 Boyd 2004",
    "et": "SpinalFiberTract",
    "off": 892,
    "sff": "spinal"
  },
  {
    "docID": "N131 Boyd 2004",
    "et": "SpinalFiberTract",
    "off": 20143,
    "sff": "spinal"
  },
  {
    "docID": "N131 Boyd 2004",
    "et": "SpinalFiberTract",
    "off": 11244,
    "sff": "spinal"
  },
  {
    "docID": "N131 Boyd 2004",
    "et": "SpinalFiberTract",
    "off": 3242,
    "sff": "spinal"
  },
  {
    "docID": "N131 Boyd 2004",
    "et": "SpinalFiberTract",
    "off": 813,
    "sff": "spinal"
  },
  {
    "docID": "N131 Boyd 2004",
    "et": "SpinalFiberTract",
    "off": 1901,
    "sff": "spinal"
  },
  {
    "docID": "N131 Boyd 2004",
    "et": "SpinalFiberTract",
    "off": 4525,
    "sff": "spinal"
  },
  {
    "docID": "N131 Boyd 2004",
    "et": "SpinalFiberTract",
    "off": 20779,
    "sff": "spinal"
  },
  {
    "docID": "N131 Boyd 2004",
    "et": "SpinalFiberTract",
    "off": 17941,
    "sff": "spinal"
  },
  {
    "docID": "N131 Boyd 2004",
    "et": "SpinalFiberTract",
    "off": 15506,
    "sff": "spinal"
  },
  {
    "docID": "N131 Boyd 2004",
    "et": "SpinalFiberTract",
    "off": 19602,
    "sff": "spinal"
  },
  {
    "docID": "N131 Boyd 2004",
    "et": "SpinalFiberTract",
    "off": 17121,
    "sff": "spinal"
  },
  {
    "docID": "N131 Boyd 2004",
    "et": "SpinalFiberTract",
    "off": 28059,
    "sff": "Spinal"
  },
  {
    "docID": "N131 Boyd 2004",
    "et": "SpinalFiberTract",
    "off": 1819,
    "sff": "spinal"
  },
  {
    "docID": "N131 Boyd 2004",
    "et": "SpinalFiberTract",
    "off": 10010,
    "sff": "spinal"
  },
  {
    "docID": "N131 Boyd 2004",
    "et": "TyrosineHydroxylase",
    "off": 10401,
    "sff": "tyrosine hydroxylase"
  },
  {
    "docID": "N131 Boyd 2004",
    "et": "SpinalVentralHalf",
    "off": 694,
    "sff": "spinal"
  },
  {
    "docID": "N131 Boyd 2004",
    "et": "SpinalVentralHalf",
    "off": 4086,
    "sff": "spinal"
  },
  {
    "docID": "N131 Boyd 2004",
    "et": "SpinalVentralHalf",
    "off": 20143,
    "sff": "spinal"
  },
  {
    "docID": "N131 Boyd 2004",
    "et": "SpinalVentralHalf",
    "off": 813,
    "sff": "spinal"
  },
  {
    "docID": "N131 Boyd 2004",
    "et": "SpinalVentralHalf",
    "off": 1901,
    "sff": "spinal"
  },
  {
    "docID": "N131 Boyd 2004",
    "et": "SpinalVentralHalf",
    "off": 4525,
    "sff": "spinal"
  },
  {
    "docID": "N131 Boyd 2004",
    "et": "SpinalVentralHalf",
    "off": 20779,
    "sff": "spinal"
  },
  {
    "docID": "N131 Boyd 2004",
    "et": "SpinalVentralHalf",
    "off": 11244,
    "sff": "spinal"
  },
  {
    "docID": "N131 Boyd 2004",
    "et": "SpinalVentralHalf",
    "off": 9288,
    "sff": "spinal"
  },
  {
    "docID": "N131 Boyd 2004",
    "et": "SpinalVentralHalf",
    "off": 18568,
    "sff": "spinal"
  },
  {
    "docID": "N131 Boyd 2004",
    "et": "SpinalVentralHalf",
    "off": 10817,
    "sff": "spinal"
  },
  {
    "docID": "N131 Boyd 2004",
    "et": "SpinalVentralHalf",
    "off": 20673,
    "sff": "spinal"
  },
  {
    "docID": "N131 Boyd 2004",
    "et": "SpinalVentralHalf",
    "off": 2752,
    "sff": "spinal"
  },
  {
    "docID": "N131 Boyd 2004",
    "et": "SpinalVentralHalf",
    "off": 15936,
    "sff": "spinal"
  },
  {
    "docID": "N131 Boyd 2004",
    "et": "SpinalVentralHalf",
    "off": 123,
    "sff": "spinal"
  },
  {
    "docID": "N131 Boyd 2004",
    "et": "SpinalVentralHalf",
    "off": 892,
    "sff": "spinal"
  },
  {
    "docID": "N131 Boyd 2004",
    "et": "SpinalVentralHalf",
    "off": 10010,
    "sff": "spinal"
  },
  {
    "docID": "N131 Boyd 2004",
    "et": "SpinalVentralHalf",
    "off": 17941,
    "sff": "spinal"
  },
  {
    "docID": "N131 Boyd 2004",
    "et": "SpinalVentralHalf",
    "off": 15506,
    "sff": "spinal"
  },
  {
    "docID": "N131 Boyd 2004",
    "et": "SpinalVentralHalf",
    "off": 19602,
    "sff": "spinal"
  },
  {
    "docID": "N131 Boyd 2004",
    "et": "SpinalVentralHalf",
    "off": 9551,
    "sff": "spinal"
  },
  {
    "docID": "N131 Boyd 2004",
    "et": "SpinalVentralHalf",
    "off": 5004,
    "sff": "spinal"
  },
  {
    "docID": "N131 Boyd 2004",
    "et": "SpinalVentralHalf",
    "off": 11020,
    "sff": "spinal"
  },
  {
    "docID": "N131 Boyd 2004",
    "et": "SpinalVentralHalf",
    "off": 3242,
    "sff": "spinal"
  },
  {
    "docID": "N131 Boyd 2004",
    "et": "SpinalVentralHalf",
    "off": 17121,
    "sff": "spinal"
  },
  {
    "docID": "N131 Boyd 2004",
    "et": "SpinalVentralHalf",
    "off": 28059,
    "sff": "Spinal"
  },
  {
    "docID": "N131 Boyd 2004",
    "et": "SpinalVentralHalf",
    "off": 1819,
    "sff": "spinal"
  },
  {
    "docID": "N131 Boyd 2004",
    "et": "DorsalColumn",
    "off": 17211,
    "sff": "dorsal"
  },
  {
    "docID": "N131 Boyd 2004",
    "et": "DorsalColumn",
    "off": 20497,
    "sff": "dorsal"
  },
  {
    "docID": "N131 Boyd 2004",
    "et": "DorsalColumn",
    "off": 17762,
    "sff": "dorsal"
  },
  {
    "docID": "N131 Boyd 2004",
    "et": "Left",
    "off": 5020,
    "sff": "left"
  },
  {
    "docID": "N131 Boyd 2004",
    "et": "Substance",
    "off": 10347,
    "sff": "substance"
  },
  {
    "docID": "N131 Boyd 2004",
    "et": "SubstanceApplicationLocation",
    "off": 10347,
    "sff": "substance"
  },
  {
    "docID": "N131 Boyd 2004",
    "et": "Retrovirus",
    "off": 11341,
    "sff": "retrovirus"
  },
  {
    "docID": "N131 Boyd 2004",
    "et": "Retrovirus",
    "off": 1125,
    "sff": "retrovirus"
  },
  {
    "docID": "N131 Boyd 2004",
    "et": "Tissue",
    "off": 6424,
    "sff": "Tissue"
  },
  {
    "docID": "N131 Boyd 2004",
    "et": "Tissue",
    "off": 6584,
    "sff": "Tissue"
  },
  {
    "docID": "N131 Boyd 2004",
    "et": "Tissue",
    "off": 5647,
    "sff": "tissue"
  },
  {
    "docID": "N131 Boyd 2004",
    "et": "InjectionDelivery",
    "off": 9370,
    "sff": "injection"
  },
  {
    "docID": "N131 Boyd 2004",
    "et": "InjectionDelivery",
    "off": 9612,
    "sff": "injection"
  },
  {
    "docID": "N131 Boyd 2004",
    "et": "InjectionDelivery",
    "off": 6240,
    "sff": "injection"
  },
  {
    "docID": "N131 Boyd 2004",
    "et": "SpinalLesionSite",
    "off": 17941,
    "sff": "spinal"
  },
  {
    "docID": "N131 Boyd 2004",
    "et": "SpinalLesionSite",
    "off": 19602,
    "sff": "spinal"
  },
  {
    "docID": "N131 Boyd 2004",
    "et": "SpinalLesionSite",
    "off": 15506,
    "sff": "spinal"
  },
  {
    "docID": "N131 Boyd 2004",
    "et": "SpinalLesionSite",
    "off": 9551,
    "sff": "spinal"
  },
  {
    "docID": "N131 Boyd 2004",
    "et": "SpinalLesionSite",
    "off": 1819,
    "sff": "spinal"
  },
  {
    "docID": "N131 Boyd 2004",
    "et": "SpinalLesionSite",
    "off": 10010,
    "sff": "spinal"
  },
  {
    "docID": "N131 Boyd 2004",
    "et": "SpinalLesionSite",
    "off": 28059,
    "sff": "Spinal"
  },
  {
    "docID": "N131 Boyd 2004",
    "et": "SpinalLesionSite",
    "off": 10817,
    "sff": "spinal"
  },
  {
    "docID": "N131 Boyd 2004",
    "et": "SpinalLesionSite",
    "off": 20673,
    "sff": "spinal"
  },
  {
    "docID": "N131 Boyd 2004",
    "et": "SpinalLesionSite",
    "off": 2752,
    "sff": "spinal"
  },
  {
    "docID": "N131 Boyd 2004",
    "et": "SpinalLesionSite",
    "off": 15936,
    "sff": "spinal"
  },
  {
    "docID": "N131 Boyd 2004",
    "et": "SpinalLesionSite",
    "off": 5004,
    "sff": "spinal"
  },
  {
    "docID": "N131 Boyd 2004",
    "et": "SpinalLesionSite",
    "off": 11020,
    "sff": "spinal"
  },
  {
    "docID": "N131 Boyd 2004",
    "et": "SpinalLesionSite",
    "off": 18568,
    "sff": "spinal"
  },
  {
    "docID": "N131 Boyd 2004",
    "et": "SpinalLesionSite",
    "off": 9288,
    "sff": "spinal"
  },
  {
    "docID": "N131 Boyd 2004",
    "et": "SpinalLesionSite",
    "off": 694,
    "sff": "spinal"
  },
  {
    "docID": "N131 Boyd 2004",
    "et": "SpinalLesionSite",
    "off": 4086,
    "sff": "spinal"
  },
  {
    "docID": "N131 Boyd 2004",
    "et": "SpinalLesionSite",
    "off": 20143,
    "sff": "spinal"
  },
  {
    "docID": "N131 Boyd 2004",
    "et": "SpinalLesionSite",
    "off": 123,
    "sff": "spinal"
  },
  {
    "docID": "N131 Boyd 2004",
    "et": "SpinalLesionSite",
    "off": 892,
    "sff": "spinal"
  },
  {
    "docID": "N131 Boyd 2004",
    "et": "SpinalLesionSite",
    "off": 17121,
    "sff": "spinal"
  },
  {
    "docID": "N131 Boyd 2004",
    "et": "SpinalLesionSite",
    "off": 813,
    "sff": "spinal"
  },
  {
    "docID": "N131 Boyd 2004",
    "et": "SpinalLesionSite",
    "off": 1901,
    "sff": "spinal"
  },
  {
    "docID": "N131 Boyd 2004",
    "et": "SpinalLesionSite",
    "off": 4525,
    "sff": "spinal"
  },
  {
    "docID": "N131 Boyd 2004",
    "et": "SpinalLesionSite",
    "off": 11244,
    "sff": "spinal"
  },
  {
    "docID": "N131 Boyd 2004",
    "et": "SpinalLesionSite",
    "off": 20779,
    "sff": "spinal"
  },
  {
    "docID": "N131 Boyd 2004",
    "et": "SpinalLesionSite",
    "off": 3242,
    "sff": "spinal"
  },
  {
    "docID": "N131 Boyd 2004",
    "et": "AnimalSpecies",
    "off": 4796,
    "sff": "animal"
  },
  {
    "docID": "N131 Boyd 2004",
    "et": "AnimalSpecies",
    "off": 6403,
    "sff": "Animal"
  },
  {
    "docID": "N131 Boyd 2004",
    "et": "AnimalSpecies",
    "off": 6563,
    "sff": "Animal"
  },
  {
    "docID": "N131 Boyd 2004",
    "et": "CompoundBiologicalRelation",
    "off": 443,
    "sff": "Biological"
  },
  {
    "docID": "N131 Boyd 2004",
    "et": "Vehicle",
    "off": 12381,
    "sff": "vehicle"
  },
  {
    "docID": "N131 Boyd 2004",
    "et": "Vehicle",
    "off": 6888,
    "sff": "vehicle"
  },
  {
    "docID": "N131 Boyd 2004",
    "et": "Vehicle",
    "off": 21640,
    "sff": "vehicle"
  },
  {
    "docID": "N131 Boyd 2004",
    "et": "Vehicle",
    "off": 9604,
    "sff": "vehicle"
  },
  {
    "docID": "N131 Boyd 2004",
    "et": "Vehicle",
    "off": 19220,
    "sff": "vehicle"
  },
  {
    "docID": "N131 Boyd 2004",
    "et": "Vehicle",
    "off": 9394,
    "sff": "vehicle"
  },
  {
    "docID": "N131 Boyd 2004",
    "et": "SpinalCord",
    "off": 11244,
    "sff": "spinal cord"
  },
  {
    "docID": "N131 Boyd 2004",
    "et": "SpinalCord",
    "off": 813,
    "sff": "spinal cord"
  },
  {
    "docID": "N131 Boyd 2004",
    "et": "SpinalCord",
    "off": 1901,
    "sff": "spinal cord"
  },
  {
    "docID": "N131 Boyd 2004",
    "et": "SpinalCord",
    "off": 4525,
    "sff": "spinal cord"
  },
  {
    "docID": "N131 Boyd 2004",
    "et": "SpinalCord",
    "off": 20143,
    "sff": "spinal cord"
  },
  {
    "docID": "N131 Boyd 2004",
    "et": "SpinalCord",
    "off": 9551,
    "sff": "spinal"
  },
  {
    "docID": "N131 Boyd 2004",
    "et": "SpinalCord",
    "off": 3242,
    "sff": "spinal cord"
  },
  {
    "docID": "N131 Boyd 2004",
    "et": "SpinalCord",
    "off": 20779,
    "sff": "spinal cord"
  },
  {
    "docID": "N131 Boyd 2004",
    "et": "SpinalCord",
    "off": 892,
    "sff": "spinal cord"
  },
  {
    "docID": "N131 Boyd 2004",
    "et": "SpinalCord",
    "off": 2752,
    "sff": "spinal cord"
  },
  {
    "docID": "N131 Boyd 2004",
    "et": "SpinalCord",
    "off": 15936,
    "sff": "spinal cord"
  },
  {
    "docID": "N131 Boyd 2004",
    "et": "SpinalCord",
    "off": 10817,
    "sff": "spinal cord"
  },
  {
    "docID": "N131 Boyd 2004",
    "et": "SpinalCord",
    "off": 20673,
    "sff": "spinal cord"
  },
  {
    "docID": "N131 Boyd 2004",
    "et": "SpinalCord",
    "off": 694,
    "sff": "spinal cord"
  },
  {
    "docID": "N131 Boyd 2004",
    "et": "SpinalCord",
    "off": 4086,
    "sff": "spinal cord"
  },
  {
    "docID": "N131 Boyd 2004",
    "et": "SpinalCord",
    "off": 123,
    "sff": "spinal cord"
  },
  {
    "docID": "N131 Boyd 2004",
    "et": "SpinalCord",
    "off": 5004,
    "sff": "spinal cord"
  },
  {
    "docID": "N131 Boyd 2004",
    "et": "SpinalCord",
    "off": 11020,
    "sff": "spinal cord"
  },
  {
    "docID": "N131 Boyd 2004",
    "et": "SpinalCord",
    "off": 15506,
    "sff": "spinal cord"
  },
  {
    "docID": "N131 Boyd 2004",
    "et": "SpinalCord",
    "off": 19602,
    "sff": "spinal cord"
  },
  {
    "docID": "N131 Boyd 2004",
    "et": "SpinalCord",
    "off": 9288,
    "sff": "spinal cord"
  },
  {
    "docID": "N131 Boyd 2004",
    "et": "SpinalCord",
    "off": 18568,
    "sff": "spinal cord"
  },
  {
    "docID": "N131 Boyd 2004",
    "et": "SpinalCord",
    "off": 17121,
    "sff": "spinal cord"
  },
  {
    "docID": "N131 Boyd 2004",
    "et": "SpinalCord",
    "off": 17941,
    "sff": "spinal cord"
  },
  {
    "docID": "N131 Boyd 2004",
    "et": "SpinalCord",
    "off": 28059,
    "sff": "Spinal Cord"
  },
  {
    "docID": "N131 Boyd 2004",
    "et": "SpinalCord",
    "off": 10010,
    "sff": "spinal cord"
  },
  {
    "docID": "N131 Boyd 2004",
    "et": "SpinalCord",
    "off": 1819,
    "sff": "spinal cord"
  },
  {
    "docID": "N131 Boyd 2004",
    "et": "LesionAdjacentTissue",
    "off": 14623,
    "sff": "adjacent"
  },
  {
    "docID": "N131 Boyd 2004",
    "et": "LesionAdjacentTissue",
    "off": 14398,
    "sff": "adjacent"
  },
  {
    "docID": "N131 Boyd 2004",
    "et": "LesionAdjacentTissue",
    "off": 13441,
    "sff": "adjacent"
  },
  {
    "docID": "N131 Boyd 2004",
    "et": "CentralNervousSystem",
    "off": 28179,
    "sff": "Central Nervous System"
  },
  {
    "docID": "N131 Boyd 2004",
    "et": "CentralNervousSystem",
    "off": 22668,
    "sff": "central"
  },
  {
    "docID": "N131 Boyd 2004",
    "et": "CentralNervousSystem",
    "off": 28179,
    "sff": "Central Nervous"
  },
  {
    "docID": "N131 Boyd 2004",
    "et": "CentralNervousSystem",
    "off": 2339,
    "sff": "nervous"
  },
  {
    "docID": "N131 Boyd 2004",
    "et": "CentralNervousSystem",
    "off": 15203,
    "sff": "central"
  },
  {
    "docID": "N131 Boyd 2004",
    "et": "CentralNervousSystem",
    "off": 21614,
    "sff": "central"
  },
  {
    "docID": "N131 Boyd 2004",
    "et": "CentralNervousSystem",
    "off": 19906,
    "sff": "central"
  },
  {
    "docID": "N131 Boyd 2004",
    "et": "CentralNervousSystem",
    "off": 4427,
    "sff": "central"
  },
  {
    "docID": "N131 Boyd 2004",
    "et": "CentralNervousSystem",
    "off": 19399,
    "sff": "central"
  },
  {
    "docID": "N131 Boyd 2004",
    "et": "OscillatingFieldStimulator",
    "off": 24750,
    "sff": "Field"
  },
  {
    "docID": "N131 Boyd 2004",
    "et": "OscillatingFieldStimulator",
    "off": 24680,
    "sff": "Field"
  },
  {
    "docID": "N131 Boyd 2004",
    "et": "WistarRat",
    "off": 5277,
    "sff": "Wistar"
  },
  {
    "docID": "N131 Boyd 2004",
    "et": "WistarRat",
    "off": 4959,
    "sff": "Wistar"
  },
  {
    "docID": "N131 Boyd 2004",
    "et": "NuclearTransfection",
    "off": 13457,
    "sff": "nuclear"
  },
  {
    "docID": "N131 Boyd 2004",
    "et": "NuclearTransfection",
    "off": 8109,
    "sff": "nuclear"
  },
  {
    "docID": "N131 Boyd 2004",
    "et": "NuclearTransfection",
    "off": 13863,
    "sff": "nuclear"
  },
  {
    "docID": "N131 Boyd 2004",
    "et": "SpinalCentralPart",
    "off": 21614,
    "sff": "central"
  },
  {
    "docID": "N131 Boyd 2004",
    "et": "SpinalCentralPart",
    "off": 28059,
    "sff": "Spinal"
  },
  {
    "docID": "N131 Boyd 2004",
    "et": "SpinalCentralPart",
    "off": 1819,
    "sff": "spinal"
  },
  {
    "docID": "N131 Boyd 2004",
    "et": "SpinalCentralPart",
    "off": 10010,
    "sff": "spinal"
  },
  {
    "docID": "N131 Boyd 2004",
    "et": "SpinalCentralPart",
    "off": 17121,
    "sff": "spinal"
  },
  {
    "docID": "N131 Boyd 2004",
    "et": "SpinalCentralPart",
    "off": 15203,
    "sff": "central"
  },
  {
    "docID": "N131 Boyd 2004",
    "et": "SpinalCentralPart",
    "off": 813,
    "sff": "spinal"
  },
  {
    "docID": "N131 Boyd 2004",
    "et": "SpinalCentralPart",
    "off": 1901,
    "sff": "spinal"
  },
  {
    "docID": "N131 Boyd 2004",
    "et": "SpinalCentralPart",
    "off": 4525,
    "sff": "spinal"
  },
  {
    "docID": "N131 Boyd 2004",
    "et": "SpinalCentralPart",
    "off": 11244,
    "sff": "spinal"
  },
  {
    "docID": "N131 Boyd 2004",
    "et": "SpinalCentralPart",
    "off": 20143,
    "sff": "spinal"
  },
  {
    "docID": "N131 Boyd 2004",
    "et": "SpinalCentralPart",
    "off": 20779,
    "sff": "spinal"
  },
  {
    "docID": "N131 Boyd 2004",
    "et": "SpinalCentralPart",
    "off": 3242,
    "sff": "spinal"
  },
  {
    "docID": "N131 Boyd 2004",
    "et": "SpinalCentralPart",
    "off": 694,
    "sff": "spinal"
  },
  {
    "docID": "N131 Boyd 2004",
    "et": "SpinalCentralPart",
    "off": 4086,
    "sff": "spinal"
  },
  {
    "docID": "N131 Boyd 2004",
    "et": "SpinalCentralPart",
    "off": 892,
    "sff": "spinal"
  },
  {
    "docID": "N131 Boyd 2004",
    "et": "SpinalCentralPart",
    "off": 22668,
    "sff": "central"
  },
  {
    "docID": "N131 Boyd 2004",
    "et": "SpinalCentralPart",
    "off": 123,
    "sff": "spinal"
  },
  {
    "docID": "N131 Boyd 2004",
    "et": "SpinalCentralPart",
    "off": 4427,
    "sff": "central"
  },
  {
    "docID": "N131 Boyd 2004",
    "et": "SpinalCentralPart",
    "off": 19399,
    "sff": "central"
  },
  {
    "docID": "N131 Boyd 2004",
    "et": "SpinalCentralPart",
    "off": 10817,
    "sff": "spinal"
  },
  {
    "docID": "N131 Boyd 2004",
    "et": "SpinalCentralPart",
    "off": 20673,
    "sff": "spinal"
  },
  {
    "docID": "N131 Boyd 2004",
    "et": "SpinalCentralPart",
    "off": 28179,
    "sff": "Central"
  },
  {
    "docID": "N131 Boyd 2004",
    "et": "SpinalCentralPart",
    "off": 2752,
    "sff": "spinal"
  },
  {
    "docID": "N131 Boyd 2004",
    "et": "SpinalCentralPart",
    "off": 15936,
    "sff": "spinal"
  },
  {
    "docID": "N131 Boyd 2004",
    "et": "SpinalCentralPart",
    "off": 19906,
    "sff": "central"
  },
  {
    "docID": "N131 Boyd 2004",
    "et": "SpinalCentralPart",
    "off": 5004,
    "sff": "spinal"
  },
  {
    "docID": "N131 Boyd 2004",
    "et": "SpinalCentralPart",
    "off": 11020,
    "sff": "spinal"
  },
  {
    "docID": "N131 Boyd 2004",
    "et": "SpinalCentralPart",
    "off": 9551,
    "sff": "spinal"
  },
  {
    "docID": "N131 Boyd 2004",
    "et": "SpinalCentralPart",
    "off": 9288,
    "sff": "spinal"
  },
  {
    "docID": "N131 Boyd 2004",
    "et": "SpinalCentralPart",
    "off": 18568,
    "sff": "spinal"
  },
  {
    "docID": "N131 Boyd 2004",
    "et": "SpinalCentralPart",
    "off": 17941,
    "sff": "spinal"
  },
  {
    "docID": "N131 Boyd 2004",
    "et": "SpinalCentralPart",
    "off": 15506,
    "sff": "spinal"
  },
  {
    "docID": "N131 Boyd 2004",
    "et": "SpinalCentralPart",
    "off": 19602,
    "sff": "spinal"
  },
  {
    "docID": "N131 Boyd 2004",
    "et": "Ketamine",
    "off": 4851,
    "sff": "ketamine"
  },
  {
    "docID": "N131 Boyd 2004",
    "et": "Brain",
    "off": 26689,
    "sff": "Brain"
  },
  {
    "docID": "N131 Boyd 2004",
    "et": "Brain",
    "off": 26750,
    "sff": "Brain"
  },
  {
    "docID": "N131 Boyd 2004",
    "et": "Brain",
    "off": 24026,
    "sff": "Brain"
  },
  {
    "docID": "N131 Boyd 2004",
    "et": "Brain",
    "off": 24554,
    "sff": "Brain"
  },
  {
    "docID": "N131 Boyd 2004",
    "et": "Brain",
    "off": 26251,
    "sff": "Brain"
  },
  {
    "docID": "N131 Boyd 2004",
    "et": "Brain",
    "off": 24088,
    "sff": "Brain"
  },
  {
    "docID": "N131 Boyd 2004",
    "et": "Brain",
    "off": 25769,
    "sff": "Brain"
  },
  {
    "docID": "N131 Boyd 2004",
    "et": "Brain",
    "off": 25957,
    "sff": "Brain"
  },
  {
    "docID": "N131 Boyd 2004",
    "et": "Brain",
    "off": 28757,
    "sff": "Brain"
  },
  {
    "docID": "N131 Boyd 2004",
    "et": "Brain",
    "off": 24643,
    "sff": "Brain"
  },
  {
    "docID": "N131 Boyd 2004",
    "et": "SpinalWhiteMatter",
    "off": 17941,
    "sff": "spinal"
  },
  {
    "docID": "N131 Boyd 2004",
    "et": "SpinalWhiteMatter",
    "off": 15506,
    "sff": "spinal"
  },
  {
    "docID": "N131 Boyd 2004",
    "et": "SpinalWhiteMatter",
    "off": 19602,
    "sff": "spinal"
  },
  {
    "docID": "N131 Boyd 2004",
    "et": "SpinalWhiteMatter",
    "off": 9551,
    "sff": "spinal"
  },
  {
    "docID": "N131 Boyd 2004",
    "et": "SpinalWhiteMatter",
    "off": 11020,
    "sff": "spinal"
  },
  {
    "docID": "N131 Boyd 2004",
    "et": "SpinalWhiteMatter",
    "off": 5004,
    "sff": "spinal"
  },
  {
    "docID": "N131 Boyd 2004",
    "et": "SpinalWhiteMatter",
    "off": 9288,
    "sff": "spinal"
  },
  {
    "docID": "N131 Boyd 2004",
    "et": "SpinalWhiteMatter",
    "off": 18568,
    "sff": "spinal"
  },
  {
    "docID": "N131 Boyd 2004",
    "et": "SpinalWhiteMatter",
    "off": 15936,
    "sff": "spinal"
  },
  {
    "docID": "N131 Boyd 2004",
    "et": "SpinalWhiteMatter",
    "off": 10817,
    "sff": "spinal"
  },
  {
    "docID": "N131 Boyd 2004",
    "et": "SpinalWhiteMatter",
    "off": 20673,
    "sff": "spinal"
  },
  {
    "docID": "N131 Boyd 2004",
    "et": "SpinalWhiteMatter",
    "off": 2752,
    "sff": "spinal"
  },
  {
    "docID": "N131 Boyd 2004",
    "et": "SpinalWhiteMatter",
    "off": 123,
    "sff": "spinal"
  },
  {
    "docID": "N131 Boyd 2004",
    "et": "SpinalWhiteMatter",
    "off": 892,
    "sff": "spinal"
  },
  {
    "docID": "N131 Boyd 2004",
    "et": "SpinalWhiteMatter",
    "off": 694,
    "sff": "spinal"
  },
  {
    "docID": "N131 Boyd 2004",
    "et": "SpinalWhiteMatter",
    "off": 4086,
    "sff": "spinal"
  },
  {
    "docID": "N131 Boyd 2004",
    "et": "SpinalWhiteMatter",
    "off": 20143,
    "sff": "spinal"
  },
  {
    "docID": "N131 Boyd 2004",
    "et": "SpinalWhiteMatter",
    "off": 11244,
    "sff": "spinal"
  },
  {
    "docID": "N131 Boyd 2004",
    "et": "SpinalWhiteMatter",
    "off": 3242,
    "sff": "spinal"
  },
  {
    "docID": "N131 Boyd 2004",
    "et": "SpinalWhiteMatter",
    "off": 813,
    "sff": "spinal"
  },
  {
    "docID": "N131 Boyd 2004",
    "et": "SpinalWhiteMatter",
    "off": 1901,
    "sff": "spinal"
  },
  {
    "docID": "N131 Boyd 2004",
    "et": "SpinalWhiteMatter",
    "off": 4525,
    "sff": "spinal"
  },
  {
    "docID": "N131 Boyd 2004",
    "et": "SpinalWhiteMatter",
    "off": 20779,
    "sff": "spinal"
  },
  {
    "docID": "N131 Boyd 2004",
    "et": "SpinalWhiteMatter",
    "off": 17121,
    "sff": "spinal"
  },
  {
    "docID": "N131 Boyd 2004",
    "et": "SpinalWhiteMatter",
    "off": 28059,
    "sff": "Spinal"
  },
  {
    "docID": "N131 Boyd 2004",
    "et": "SpinalWhiteMatter",
    "off": 9075,
    "sff": "white"
  },
  {
    "docID": "N131 Boyd 2004",
    "et": "SpinalWhiteMatter",
    "off": 1819,
    "sff": "spinal"
  },
  {
    "docID": "N131 Boyd 2004",
    "et": "SpinalWhiteMatter",
    "off": 10010,
    "sff": "spinal"
  },
  {
    "docID": "N131 Boyd 2004",
    "et": "Purification",
    "off": 20423,
    "sff": "purification"
  },
  {
    "docID": "N131 Boyd 2004",
    "et": "Purification",
    "off": 17463,
    "sff": "purification"
  },
  {
    "docID": "N131 Boyd 2004",
    "et": "UmbilicalCordBloodStemCell",
    "off": 1826,
    "sff": "cord"
  },
  {
    "docID": "N131 Boyd 2004",
    "et": "UmbilicalCordBloodStemCell",
    "off": 10017,
    "sff": "cord"
  },
  {
    "docID": "N131 Boyd 2004",
    "et": "UmbilicalCordBloodStemCell",
    "off": 17128,
    "sff": "cord"
  },
  {
    "docID": "N131 Boyd 2004",
    "et": "UmbilicalCordBloodStemCell",
    "off": 28066,
    "sff": "Cord"
  },
  {
    "docID": "N131 Boyd 2004",
    "et": "UmbilicalCordBloodStemCell",
    "off": 820,
    "sff": "cord"
  },
  {
    "docID": "N131 Boyd 2004",
    "et": "UmbilicalCordBloodStemCell",
    "off": 1908,
    "sff": "cord"
  },
  {
    "docID": "N131 Boyd 2004",
    "et": "UmbilicalCordBloodStemCell",
    "off": 4532,
    "sff": "cord"
  },
  {
    "docID": "N131 Boyd 2004",
    "et": "UmbilicalCordBloodStemCell",
    "off": 11251,
    "sff": "cord"
  },
  {
    "docID": "N131 Boyd 2004",
    "et": "UmbilicalCordBloodStemCell",
    "off": 20786,
    "sff": "cord"
  },
  {
    "docID": "N131 Boyd 2004",
    "et": "UmbilicalCordBloodStemCell",
    "off": 3249,
    "sff": "cord"
  },
  {
    "docID": "N131 Boyd 2004",
    "et": "UmbilicalCordBloodStemCell",
    "off": 20150,
    "sff": "cord"
  },
  {
    "docID": "N131 Boyd 2004",
    "et": "UmbilicalCordBloodStemCell",
    "off": 16063,
    "sff": "cord"
  },
  {
    "docID": "N131 Boyd 2004",
    "et": "UmbilicalCordBloodStemCell",
    "off": 701,
    "sff": "cord"
  },
  {
    "docID": "N131 Boyd 2004",
    "et": "UmbilicalCordBloodStemCell",
    "off": 4093,
    "sff": "cord"
  },
  {
    "docID": "N131 Boyd 2004",
    "et": "UmbilicalCordBloodStemCell",
    "off": 899,
    "sff": "cord"
  },
  {
    "docID": "N131 Boyd 2004",
    "et": "UmbilicalCordBloodStemCell",
    "off": 130,
    "sff": "cord"
  },
  {
    "docID": "N131 Boyd 2004",
    "et": "UmbilicalCordBloodStemCell",
    "off": 10824,
    "sff": "cord"
  },
  {
    "docID": "N131 Boyd 2004",
    "et": "UmbilicalCordBloodStemCell",
    "off": 20680,
    "sff": "cord"
  },
  {
    "docID": "N131 Boyd 2004",
    "et": "UmbilicalCordBloodStemCell",
    "off": 2759,
    "sff": "cord"
  },
  {
    "docID": "N131 Boyd 2004",
    "et": "UmbilicalCordBloodStemCell",
    "off": 15943,
    "sff": "cord"
  },
  {
    "docID": "N131 Boyd 2004",
    "et": "UmbilicalCordBloodStemCell",
    "off": 9295,
    "sff": "cord"
  },
  {
    "docID": "N131 Boyd 2004",
    "et": "UmbilicalCordBloodStemCell",
    "off": 18575,
    "sff": "cord"
  },
  {
    "docID": "N131 Boyd 2004",
    "et": "UmbilicalCordBloodStemCell",
    "off": 5011,
    "sff": "cord"
  },
  {
    "docID": "N131 Boyd 2004",
    "et": "UmbilicalCordBloodStemCell",
    "off": 11027,
    "sff": "cord"
  },
  {
    "docID": "N131 Boyd 2004",
    "et": "UmbilicalCordBloodStemCell",
    "off": 17948,
    "sff": "cord"
  },
  {
    "docID": "N131 Boyd 2004",
    "et": "UmbilicalCordBloodStemCell",
    "off": 15513,
    "sff": "cord"
  },
  {
    "docID": "N131 Boyd 2004",
    "et": "UmbilicalCordBloodStemCell",
    "off": 19609,
    "sff": "cord"
  },
  {
    "docID": "N131 Boyd 2004",
    "et": "Protein",
    "off": 20838,
    "sff": "protein"
  },
  {
    "docID": "N131 Boyd 2004",
    "et": "Protein",
    "off": 9661,
    "sff": "protein"
  },
  {
    "docID": "N131 Boyd 2004",
    "et": "GlialCell",
    "off": 15087,
    "sff": "glial"
  },
  {
    "docID": "N131 Boyd 2004",
    "et": "GlialCell",
    "off": 20335,
    "sff": "glial"
  },
  {
    "docID": "N131 Boyd 2004",
    "et": "GlialCell",
    "off": 21779,
    "sff": "glial cell"
  },
  {
    "docID": "N131 Boyd 2004",
    "et": "GlialCell",
    "off": 2171,
    "sff": "glial"
  },
  {
    "docID": "N131 Boyd 2004",
    "et": "GlialCell",
    "off": 8373,
    "sff": "glial"
  },
  {
    "docID": "N131 Boyd 2004",
    "et": "SpinalGrayMatter",
    "off": 892,
    "sff": "spinal"
  },
  {
    "docID": "N131 Boyd 2004",
    "et": "SpinalGrayMatter",
    "off": 123,
    "sff": "spinal"
  },
  {
    "docID": "N131 Boyd 2004",
    "et": "SpinalGrayMatter",
    "off": 694,
    "sff": "spinal"
  },
  {
    "docID": "N131 Boyd 2004",
    "et": "SpinalGrayMatter",
    "off": 4086,
    "sff": "spinal"
  },
  {
    "docID": "N131 Boyd 2004",
    "et": "SpinalGrayMatter",
    "off": 20143,
    "sff": "spinal"
  },
  {
    "docID": "N131 Boyd 2004",
    "et": "SpinalGrayMatter",
    "off": 5004,
    "sff": "spinal"
  },
  {
    "docID": "N131 Boyd 2004",
    "et": "SpinalGrayMatter",
    "off": 11020,
    "sff": "spinal"
  },
  {
    "docID": "N131 Boyd 2004",
    "et": "SpinalGrayMatter",
    "off": 9288,
    "sff": "spinal"
  },
  {
    "docID": "N131 Boyd 2004",
    "et": "SpinalGrayMatter",
    "off": 18568,
    "sff": "spinal"
  },
  {
    "docID": "N131 Boyd 2004",
    "et": "SpinalGrayMatter",
    "off": 2752,
    "sff": "spinal"
  },
  {
    "docID": "N131 Boyd 2004",
    "et": "SpinalGrayMatter",
    "off": 10817,
    "sff": "spinal"
  },
  {
    "docID": "N131 Boyd 2004",
    "et": "SpinalGrayMatter",
    "off": 20673,
    "sff": "spinal"
  },
  {
    "docID": "N131 Boyd 2004",
    "et": "SpinalGrayMatter",
    "off": 15936,
    "sff": "spinal"
  },
  {
    "docID": "N131 Boyd 2004",
    "et": "SpinalGrayMatter",
    "off": 1819,
    "sff": "spinal"
  },
  {
    "docID": "N131 Boyd 2004",
    "et": "SpinalGrayMatter",
    "off": 10010,
    "sff": "spinal"
  },
  {
    "docID": "N131 Boyd 2004",
    "et": "SpinalGrayMatter",
    "off": 28059,
    "sff": "Spinal"
  },
  {
    "docID": "N131 Boyd 2004",
    "et": "SpinalGrayMatter",
    "off": 17941,
    "sff": "spinal"
  },
  {
    "docID": "N131 Boyd 2004",
    "et": "SpinalGrayMatter",
    "off": 15506,
    "sff": "spinal"
  },
  {
    "docID": "N131 Boyd 2004",
    "et": "SpinalGrayMatter",
    "off": 19602,
    "sff": "spinal"
  },
  {
    "docID": "N131 Boyd 2004",
    "et": "SpinalGrayMatter",
    "off": 9551,
    "sff": "spinal"
  },
  {
    "docID": "N131 Boyd 2004",
    "et": "SpinalGrayMatter",
    "off": 4525,
    "sff": "spinal"
  },
  {
    "docID": "N131 Boyd 2004",
    "et": "SpinalGrayMatter",
    "off": 813,
    "sff": "spinal"
  },
  {
    "docID": "N131 Boyd 2004",
    "et": "SpinalGrayMatter",
    "off": 1901,
    "sff": "spinal"
  },
  {
    "docID": "N131 Boyd 2004",
    "et": "SpinalGrayMatter",
    "off": 11244,
    "sff": "spinal"
  },
  {
    "docID": "N131 Boyd 2004",
    "et": "SpinalGrayMatter",
    "off": 3242,
    "sff": "spinal"
  },
  {
    "docID": "N131 Boyd 2004",
    "et": "SpinalGrayMatter",
    "off": 20779,
    "sff": "spinal"
  },
  {
    "docID": "N131 Boyd 2004",
    "et": "SpinalGrayMatter",
    "off": 17121,
    "sff": "spinal"
  },
  {
    "docID": "N131 Boyd 2004",
    "et": "RatSpecies",
    "off": 17328,
    "sff": "rat"
  },
  {
    "docID": "N131 Boyd 2004",
    "et": "RatSpecies",
    "off": 6705,
    "sff": "rat"
  },
  {
    "docID": "N131 Boyd 2004",
    "et": "RatSpecies",
    "off": 21555,
    "sff": "rat"
  },
  {
    "docID": "N131 Boyd 2004",
    "et": "RatSpecies",
    "off": 19436,
    "sff": "rat"
  },
  {
    "docID": "N131 Boyd 2004",
    "et": "RatSpecies",
    "off": 9871,
    "sff": "rat"
  },
  {
    "docID": "N131 Boyd 2004",
    "et": "RatSpecies",
    "off": 3833,
    "sff": "rat"
  },
  {
    "docID": "N131 Boyd 2004",
    "et": "RatSpecies",
    "off": 11290,
    "sff": "rat"
  },
  {
    "docID": "N131 Boyd 2004",
    "et": "RatSpecies",
    "off": 20090,
    "sff": "rat"
  },
  {
    "docID": "N131 Boyd 2004",
    "et": "RatSpecies",
    "off": 8661,
    "sff": "rat"
  },
  {
    "docID": "N131 Boyd 2004",
    "et": "RatSpecies",
    "off": 18133,
    "sff": "rat"
  },
  {
    "docID": "N131 Boyd 2004",
    "et": "RatSpecies",
    "off": 3990,
    "sff": "rat"
  },
  {
    "docID": "N131 Boyd 2004",
    "et": "RatSpecies",
    "off": 17600,
    "sff": "rat"
  },
  {
    "docID": "N131 Boyd 2004",
    "et": "RatSpecies",
    "off": 7907,
    "sff": "rat"
  },
  {
    "docID": "N131 Boyd 2004",
    "et": "RatSpecies",
    "off": 20478,
    "sff": "rat"
  },
  {
    "docID": "N131 Boyd 2004",
    "et": "RatSpecies",
    "off": 17738,
    "sff": "rat"
  },
  {
    "docID": "N131 Boyd 2004",
    "et": "RatSpecies",
    "off": 17188,
    "sff": "rat"
  },
  {
    "docID": "N131 Boyd 2004",
    "et": "Enzyme",
    "off": 11412,
    "sff": "enzyme"
  },
  {
    "docID": "N131 Boyd 2004",
    "et": "Enzyme",
    "off": 11531,
    "sff": "enzyme"
  },
  {
    "docID": "N131 Boyd 2004",
    "et": "L1",
    "off": 21963,
    "sff": "L1"
  },
  {
    "docID": "N131 Boyd 2004",
    "et": "ImplantedDepotPellet",
    "off": 17584,
    "sff": "implanted"
  },
  {
    "docID": "N131 Boyd 2004",
    "et": "ImplantedDepotPellet",
    "off": 990,
    "sff": "implanted"
  },
  {
    "docID": "N131 Boyd 2004",
    "et": "ImplantedDepotPellet",
    "off": 16590,
    "sff": "implanted"
  },
  {
    "docID": "N131 Boyd 2004",
    "et": "ImplantedDepotPellet",
    "off": 18142,
    "sff": "implanted"
  },
  {
    "docID": "N131 Boyd 2004",
    "et": "ImplantedDepotPellet",
    "off": 19343,
    "sff": "implanted"
  },
  {
    "docID": "N131 Boyd 2004",
    "et": "ImplantedDepotPellet",
    "off": 3956,
    "sff": "implanted"
  },
  {
    "docID": "N131 Boyd 2004",
    "et": "ImplantedDepotPellet",
    "off": 19844,
    "sff": "implanted"
  },
  {
    "docID": "N131 Boyd 2004",
    "et": "ImplantedDepotPellet",
    "off": 18643,
    "sff": "implanted"
  },
  {
    "docID": "N131 Boyd 2004",
    "et": "ImplantedDepotPellet",
    "off": 19081,
    "sff": "implanted"
  },
  {
    "docID": "N131 Boyd 2004",
    "et": "ImplantedDepotPellet",
    "off": 2733,
    "sff": "implanted"
  },
  {
    "docID": "N131 Boyd 2004",
    "et": "ImplantedDepotPellet",
    "off": 11274,
    "sff": "implanted"
  },
  {
    "docID": "N131 Boyd 2004",
    "et": "SchwannCell",
    "off": 8991,
    "sff": "Schwann"
  },
  {
    "docID": "N131 Boyd 2004",
    "et": "SchwannCell",
    "off": 21151,
    "sff": "Schwann"
  },
  {
    "docID": "N131 Boyd 2004",
    "et": "SchwannCell",
    "off": 22367,
    "sff": "Schwann"
  },
  {
    "docID": "N131 Boyd 2004",
    "et": "SchwannCell",
    "off": 21311,
    "sff": "Schwann cell"
  },
  {
    "docID": "N131 Boyd 2004",
    "et": "SchwannCell",
    "off": 1373,
    "sff": "Schwann"
  },
  {
    "docID": "N131 Boyd 2004",
    "et": "SchwannCell",
    "off": 8220,
    "sff": "Schwann"
  },
  {
    "docID": "N131 Boyd 2004",
    "et": "SchwannCell",
    "off": 8427,
    "sff": "Schwann"
  },
  {
    "docID": "N131 Boyd 2004",
    "et": "SchwannCell",
    "off": 19817,
    "sff": "Schwann"
  },
  {
    "docID": "N131 Boyd 2004",
    "et": "SchwannCell",
    "off": 1636,
    "sff": "Schwann"
  },
  {
    "docID": "N131 Boyd 2004",
    "et": "SchwannCell",
    "off": 10707,
    "sff": "Schwann"
  },
  {
    "docID": "N131 Boyd 2004",
    "et": "SchwannCell",
    "off": 22418,
    "sff": "Schwann"
  },
  {
    "docID": "N131 Boyd 2004",
    "et": "SchwannCell",
    "off": 3153,
    "sff": "Schwann"
  },
  {
    "docID": "N131 Boyd 2004",
    "et": "SchwannCell",
    "off": 8922,
    "sff": "Schwann"
  },
  {
    "docID": "N131 Boyd 2004",
    "et": "SchwannCell",
    "off": 13912,
    "sff": "Schwann"
  },
  {
    "docID": "N131 Boyd 2004",
    "et": "SchwannCell",
    "off": 8194,
    "sff": "Schwann"
  },
  {
    "docID": "N131 Boyd 2004",
    "et": "SchwannCell",
    "off": 21441,
    "sff": "Schwann"
  },
  {
    "docID": "N131 Boyd 2004",
    "et": "SchwannCell",
    "off": 10880,
    "sff": "Schwann"
  },
  {
    "docID": "N131 Boyd 2004",
    "et": "SchwannCell",
    "off": 22272,
    "sff": "Schwann"
  },
  {
    "docID": "N131 Boyd 2004",
    "et": "SchwannCell",
    "off": 21002,
    "sff": "Schwann"
  },
  {
    "docID": "N131 Boyd 2004",
    "et": "SchwannCell",
    "off": 14344,
    "sff": "Schwann"
  },
  {
    "docID": "N131 Boyd 2004",
    "et": "SchwannCell",
    "off": 1479,
    "sff": "Schwann"
  },
  {
    "docID": "N131 Boyd 2004",
    "et": "SchwannCell",
    "off": 18758,
    "sff": "Schwann"
  },
  {
    "docID": "N131 Boyd 2004",
    "et": "SchwannCell",
    "off": 10995,
    "sff": "Schwann"
  },
  {
    "docID": "N131 Boyd 2004",
    "et": "SchwannCell",
    "off": 16955,
    "sff": "Schwann"
  },
  {
    "docID": "N131 Boyd 2004",
    "et": "SchwannCell",
    "off": 22649,
    "sff": "Schwann"
  },
  {
    "docID": "N131 Boyd 2004",
    "et": "SchwannCell",
    "off": 14520,
    "sff": "Schwann"
  },
  {
    "docID": "N131 Boyd 2004",
    "et": "SchwannCell",
    "off": 8823,
    "sff": "Schwann"
  },
  {
    "docID": "N131 Boyd 2004",
    "et": "SchwannCell",
    "off": 22166,
    "sff": "Schwann cell"
  },
  {
    "docID": "N131 Boyd 2004",
    "et": "SchwannCell",
    "off": 7990,
    "sff": "Schwann"
  },
  {
    "docID": "N131 Boyd 2004",
    "et": "SchwannCell",
    "off": 17910,
    "sff": "Schwann"
  },
  {
    "docID": "N131 Boyd 2004",
    "et": "SchwannCell",
    "off": 19380,
    "sff": "Schwann"
  },
  {
    "docID": "N131 Boyd 2004",
    "et": "NewZealandRabbit",
    "off": 2273,
    "sff": "new"
  },
  {
    "docID": "N131 Boyd 2004",
    "et": "NewZealandRabbit",
    "off": 28246,
    "sff": "New"
  },
  {
    "docID": "N131 Boyd 2004",
    "et": "T11",
    "off": 4913,
    "sff": "T11"
  },
  {
    "docID": "N131 Boyd 2004",
    "et": "T10",
    "off": 9269,
    "sff": "T10"
  },
  {
    "docID": "N131 Boyd 2004",
    "et": "T10",
    "off": 875,
    "sff": "T10"
  },
  {
    "docID": "N131 Boyd 2004",
    "et": "T10",
    "off": 4909,
    "sff": "T10"
  },
  {
    "docID": "N131 Boyd 2004",
    "et": "StemCellSourceType",
    "off": 11086,
    "sff": "cell"
  },
  {
    "docID": "N131 Boyd 2004",
    "et": "StemCellSourceType",
    "off": 11086,
    "sff": "cell type"
  },
  {
    "docID": "N131 Boyd 2004",
    "et": "StemCellSourceType",
    "off": 14805,
    "sff": "cell"
  },
  {
    "docID": "N131 Boyd 2004",
    "et": "StemCellSourceType",
    "off": 22174,
    "sff": "cell"
  },
  {
    "docID": "N131 Boyd 2004",
    "et": "StemCellSourceType",
    "off": 3394,
    "sff": "Cell"
  },
  {
    "docID": "N131 Boyd 2004",
    "et": "StemCellSourceType",
    "off": 2075,
    "sff": "cell"
  },
  {
    "docID": "N131 Boyd 2004",
    "et": "StemCellSourceType",
    "off": 229,
    "sff": "Cell"
  },
  {
    "docID": "N131 Boyd 2004",
    "et": "StemCellSourceType",
    "off": 27877,
    "sff": "Cell"
  },
  {
    "docID": "N131 Boyd 2004",
    "et": "StemCellSourceType",
    "off": 324,
    "sff": "Cell"
  },
  {
    "docID": "N131 Boyd 2004",
    "et": "StemCellSourceType",
    "off": 21785,
    "sff": "cell"
  },
  {
    "docID": "N131 Boyd 2004",
    "et": "StemCellSourceType",
    "off": 21926,
    "sff": "cell"
  },
  {
    "docID": "N131 Boyd 2004",
    "et": "StemCellSourceType",
    "off": 21319,
    "sff": "cell"
  },
  {
    "docID": "N131 Boyd 2004",
    "et": "StemCellSourceType",
    "off": 14660,
    "sff": "cell"
  },
  {
    "docID": "N131 Boyd 2004",
    "et": "InVitroExperimentalProcedure",
    "off": 17795,
    "sff": "vitro"
  },
  {
    "docID": "N131 Boyd 2004",
    "et": "InVitroExperimentalProcedure",
    "off": 5450,
    "sff": "Vitro"
  },
  {
    "docID": "N131 Boyd 2004",
    "et": "InVitroExperimentalProcedure",
    "off": 20527,
    "sff": "vitro"
  },
  {
    "docID": "N131 Boyd 2004",
    "et": "InVitroExperimentalProcedure",
    "off": 16750,
    "sff": "vitro"
  },
  {
    "docID": "N131 Boyd 2004",
    "et": "InVitroExperimentalProcedure",
    "off": 22314,
    "sff": "vitro"
  },
  {
    "docID": "N131 Boyd 2004",
    "et": "InVitroExperimentalProcedure",
    "off": 11549,
    "sff": "vitro"
  },
  {
    "docID": "N131 Boyd 2004",
    "et": "InVitroExperimentalProcedure",
    "off": 16972,
    "sff": "vitro"
  },
  {
    "docID": "N131 Boyd 2004",
    "et": "InVitroExperimentalProcedure",
    "off": 17241,
    "sff": "vitro"
  },
  {
    "docID": "N131 Boyd 2004",
    "et": "LongEvansRat",
    "off": 14146,
    "sff": "long"
  },
  {
    "docID": "N131 Boyd 2004",
    "et": "LongEvansRat",
    "off": 15170,
    "sff": "long"
  },
  {
    "docID": "N131 Boyd 2004",
    "et": "LongEvansRat",
    "off": 12591,
    "sff": "long"
  },
  {
    "docID": "N131 Boyd 2004",
    "et": "LongEvansRat",
    "off": 7713,
    "sff": "long"
  },
  {
    "docID": "N131 Boyd 2004",
    "et": "Cell",
    "off": 229,
    "sff": "Cell"
  },
  {
    "docID": "N131 Boyd 2004",
    "et": "Cell",
    "off": 27877,
    "sff": "Cell"
  },
  {
    "docID": "N131 Boyd 2004",
    "et": "Cell",
    "off": 324,
    "sff": "Cell"
  },
  {
    "docID": "N131 Boyd 2004",
    "et": "Cell",
    "off": 11086,
    "sff": "cell"
  },
  {
    "docID": "N131 Boyd 2004",
    "et": "Cell",
    "off": 22174,
    "sff": "cell"
  },
  {
    "docID": "N131 Boyd 2004",
    "et": "Cell",
    "off": 3394,
    "sff": "Cell"
  },
  {
    "docID": "N131 Boyd 2004",
    "et": "Cell",
    "off": 2075,
    "sff": "cell"
  },
  {
    "docID": "N131 Boyd 2004",
    "et": "Cell",
    "off": 21785,
    "sff": "cell"
  },
  {
    "docID": "N131 Boyd 2004",
    "et": "Cell",
    "off": 21926,
    "sff": "cell"
  },
  {
    "docID": "N131 Boyd 2004",
    "et": "Cell",
    "off": 21319,
    "sff": "cell"
  },
  {
    "docID": "N131 Boyd 2004",
    "et": "Cell",
    "off": 14660,
    "sff": "cell"
  },
  {
    "docID": "N131 Boyd 2004",
    "et": "Cell",
    "off": 14805,
    "sff": "cell"
  },
  {
    "docID": "N131 Boyd 2004",
    "et": "SpinalDorsalHalf",
    "off": 2752,
    "sff": "spinal"
  },
  {
    "docID": "N131 Boyd 2004",
    "et": "SpinalDorsalHalf",
    "off": 15936,
    "sff": "spinal"
  },
  {
    "docID": "N131 Boyd 2004",
    "et": "SpinalDorsalHalf",
    "off": 10817,
    "sff": "spinal"
  },
  {
    "docID": "N131 Boyd 2004",
    "et": "SpinalDorsalHalf",
    "off": 20673,
    "sff": "spinal"
  },
  {
    "docID": "N131 Boyd 2004",
    "et": "SpinalDorsalHalf",
    "off": 892,
    "sff": "spinal"
  },
  {
    "docID": "N131 Boyd 2004",
    "et": "SpinalDorsalHalf",
    "off": 17211,
    "sff": "dorsal"
  },
  {
    "docID": "N131 Boyd 2004",
    "et": "SpinalDorsalHalf",
    "off": 123,
    "sff": "spinal"
  },
  {
    "docID": "N131 Boyd 2004",
    "et": "SpinalDorsalHalf",
    "off": 694,
    "sff": "spinal"
  },
  {
    "docID": "N131 Boyd 2004",
    "et": "SpinalDorsalHalf",
    "off": 4086,
    "sff": "spinal"
  },
  {
    "docID": "N131 Boyd 2004",
    "et": "SpinalDorsalHalf",
    "off": 15506,
    "sff": "spinal"
  },
  {
    "docID": "N131 Boyd 2004",
    "et": "SpinalDorsalHalf",
    "off": 19602,
    "sff": "spinal"
  },
  {
    "docID": "N131 Boyd 2004",
    "et": "SpinalDorsalHalf",
    "off": 5004,
    "sff": "spinal"
  },
  {
    "docID": "N131 Boyd 2004",
    "et": "SpinalDorsalHalf",
    "off": 11020,
    "sff": "spinal"
  },
  {
    "docID": "N131 Boyd 2004",
    "et": "SpinalDorsalHalf",
    "off": 9551,
    "sff": "spinal"
  },
  {
    "docID": "N131 Boyd 2004",
    "et": "SpinalDorsalHalf",
    "off": 9288,
    "sff": "spinal"
  },
  {
    "docID": "N131 Boyd 2004",
    "et": "SpinalDorsalHalf",
    "off": 18568,
    "sff": "spinal"
  },
  {
    "docID": "N131 Boyd 2004",
    "et": "SpinalDorsalHalf",
    "off": 28059,
    "sff": "Spinal"
  },
  {
    "docID": "N131 Boyd 2004",
    "et": "SpinalDorsalHalf",
    "off": 17121,
    "sff": "spinal"
  },
  {
    "docID": "N131 Boyd 2004",
    "et": "SpinalDorsalHalf",
    "off": 10010,
    "sff": "spinal"
  },
  {
    "docID": "N131 Boyd 2004",
    "et": "SpinalDorsalHalf",
    "off": 1819,
    "sff": "spinal"
  },
  {
    "docID": "N131 Boyd 2004",
    "et": "SpinalDorsalHalf",
    "off": 17941,
    "sff": "spinal"
  },
  {
    "docID": "N131 Boyd 2004",
    "et": "SpinalDorsalHalf",
    "off": 17762,
    "sff": "dorsal"
  },
  {
    "docID": "N131 Boyd 2004",
    "et": "SpinalDorsalHalf",
    "off": 20497,
    "sff": "dorsal"
  },
  {
    "docID": "N131 Boyd 2004",
    "et": "SpinalDorsalHalf",
    "off": 11244,
    "sff": "spinal"
  },
  {
    "docID": "N131 Boyd 2004",
    "et": "SpinalDorsalHalf",
    "off": 813,
    "sff": "spinal"
  },
  {
    "docID": "N131 Boyd 2004",
    "et": "SpinalDorsalHalf",
    "off": 1901,
    "sff": "spinal"
  },
  {
    "docID": "N131 Boyd 2004",
    "et": "SpinalDorsalHalf",
    "off": 4525,
    "sff": "spinal"
  },
  {
    "docID": "N131 Boyd 2004",
    "et": "SpinalDorsalHalf",
    "off": 20143,
    "sff": "spinal"
  },
  {
    "docID": "N131 Boyd 2004",
    "et": "SpinalDorsalHalf",
    "off": 3242,
    "sff": "spinal"
  },
  {
    "docID": "N131 Boyd 2004",
    "et": "SpinalDorsalHalf",
    "off": 20779,
    "sff": "spinal"
  },
  {
    "docID": "N131 Boyd 2004",
    "et": "17BetaEstradiolE2",
    "off": 3416,
    "sff": "17"
  },
  {
    "docID": "N131 Boyd 2004",
    "et": "17BetaEstradiolE2",
    "off": 17153,
    "sff": "17"
  },
  {
    "docID": "N131 Boyd 2004",
    "et": "17BetaEstradiolE2",
    "off": 25585,
    "sff": "17"
  },
  {
    "docID": "N131 Boyd 2004",
    "et": "17BetaEstradiolE2",
    "off": 20156,
    "sff": "17"
  },
  {
    "docID": "N131 Boyd 2004",
    "et": "17BetaEstradiolE2",
    "off": 24668,
    "sff": "17"
  },
  {
    "docID": "N131 Boyd 2004",
    "et": "Embryonic",
    "off": 963,
    "sff": "embryonic"
  },
  {
    "docID": "N131 Boyd 2004",
    "et": "Embryonic",
    "off": 5260,
    "sff": "embryonic"
  },
  {
    "docID": "N131 Boyd 2004",
    "et": "Embryonic",
    "off": 20220,
    "sff": "embryonic"
  },
  {
    "docID": "N131 Boyd 2004",
    "et": "CorticospinalTract",
    "off": 18170,
    "sff": "corticospinal tract"
  },
  {
    "docID": "N131 Boyd 2004",
    "et": "BrainDerivedNeurotrophicFactor",
    "off": 21744,
    "sff": "brain-derived neurotrophic factor"
  },
  {
    "docID": "N131 Boyd 2004",
    "et": "BrainDerivedNeurotrophicFactor",
    "off": 21744,
    "sff": "brain-derived"
  },
  {
    "docID": "N131 Boyd 2004",
    "et": "BrainDerivedNeurotrophicFactor",
    "off": 25769,
    "sff": "Brain"
  },
  {
    "docID": "N131 Boyd 2004",
    "et": "BrainDerivedNeurotrophicFactor",
    "off": 24088,
    "sff": "Brain"
  },
  {
    "docID": "N131 Boyd 2004",
    "et": "BrainDerivedNeurotrophicFactor",
    "off": 24643,
    "sff": "Brain"
  },
  {
    "docID": "N131 Boyd 2004",
    "et": "BrainDerivedNeurotrophicFactor",
    "off": 25957,
    "sff": "Brain"
  },
  {
    "docID": "N131 Boyd 2004",
    "et": "BrainDerivedNeurotrophicFactor",
    "off": 28757,
    "sff": "Brain"
  },
  {
    "docID": "N131 Boyd 2004",
    "et": "BrainDerivedNeurotrophicFactor",
    "off": 26750,
    "sff": "Brain"
  },
  {
    "docID": "N131 Boyd 2004",
    "et": "BrainDerivedNeurotrophicFactor",
    "off": 26689,
    "sff": "Brain"
  },
  {
    "docID": "N131 Boyd 2004",
    "et": "BrainDerivedNeurotrophicFactor",
    "off": 26251,
    "sff": "Brain"
  },
  {
    "docID": "N131 Boyd 2004",
    "et": "BrainDerivedNeurotrophicFactor",
    "off": 24026,
    "sff": "Brain"
  },
  {
    "docID": "N131 Boyd 2004",
    "et": "BrainDerivedNeurotrophicFactor",
    "off": 24554,
    "sff": "Brain"
  }
]
