[
  {
    "docID": "N146 Fouad 2009",
    "et": "Virus",
    "off": 26260,
    "sff": "virus"
  },
  {
    "docID": "N146 Fouad 2009",
    "et": "Virus",
    "off": 23368,
    "sff": "virus"
  },
  {
    "docID": "N146 Fouad 2009",
    "et": "OlfactoryEnsheathingGliaCell",
    "off": 6153,
    "sff": "olfactory ensheathing glia"
  },
  {
    "docID": "N146 Fouad 2009",
    "et": "OlfactoryEnsheathingGliaCell",
    "off": 3845,
    "sff": "olfactory ensheathing glia"
  },
  {
    "docID": "N146 Fouad 2009",
    "et": "OlfactoryEnsheathingGliaCell",
    "off": 5956,
    "sff": "olfactory ensheathing glia"
  },
  {
    "docID": "N146 Fouad 2009",
    "et": "OlfactoryEnsheathingGliaCell",
    "off": 6153,
    "sff": "olfactory ensheathing"
  },
  {
    "docID": "N146 Fouad 2009",
    "et": "OlfactoryEnsheathingGliaCell",
    "off": 27813,
    "sff": "olfactory ensheathing glia"
  },
  {
    "docID": "N146 Fouad 2009",
    "et": "OlfactoryEnsheathingGliaCell",
    "off": 5141,
    "sff": "olfactory ensheathing"
  },
  {
    "docID": "N146 Fouad 2009",
    "et": "OlfactoryEnsheathingGliaCell",
    "off": 27350,
    "sff": "olfactory-ensheathing"
  },
  {
    "docID": "N146 Fouad 2009",
    "et": "OlfactoryEnsheathingGliaCell",
    "off": 1103,
    "sff": "olfactory ensheathing"
  },
  {
    "docID": "N146 Fouad 2009",
    "et": "OlfactoryEnsheathingGliaCell",
    "off": 27350,
    "sff": "olfactory-ensheathing glia"
  },
  {
    "docID": "N146 Fouad 2009",
    "et": "OlfactoryEnsheathingGliaCell",
    "off": 5141,
    "sff": "olfactory ensheathing glia"
  },
  {
    "docID": "N146 Fouad 2009",
    "et": "OlfactoryEnsheathingGliaCell",
    "off": 5956,
    "sff": "olfactory ensheathing"
  },
  {
    "docID": "N146 Fouad 2009",
    "et": "OlfactoryEnsheathingGliaCell",
    "off": 3845,
    "sff": "olfactory ensheathing"
  },
  {
    "docID": "N146 Fouad 2009",
    "et": "OlfactoryEnsheathingGliaCell",
    "off": 27813,
    "sff": "olfactory ensheathing"
  },
  {
    "docID": "N146 Fouad 2009",
    "et": "OlfactoryEnsheathingGliaCell",
    "off": 1103,
    "sff": "olfactory ensheathing glia"
  },
  {
    "docID": "N146 Fouad 2009",
    "et": "MesenchymalStemCell",
    "off": 4105,
    "sff": "stem"
  },
  {
    "docID": "N146 Fouad 2009",
    "et": "MesenchymalStemCell",
    "off": 28216,
    "sff": "stem"
  },
  {
    "docID": "N146 Fouad 2009",
    "et": "SurgeryTreatment",
    "off": 397,
    "sff": "Surgery"
  },
  {
    "docID": "N146 Fouad 2009",
    "et": "SurgeryTreatment",
    "off": 361,
    "sff": "Surgery"
  },
  {
    "docID": "N146 Fouad 2009",
    "et": "SurgeryTreatment",
    "off": 5213,
    "sff": "surgery"
  },
  {
    "docID": "N146 Fouad 2009",
    "et": "MagneticFieldApplication",
    "off": 4813,
    "sff": "field"
  },
  {
    "docID": "N146 Fouad 2009",
    "et": "SpinalSubduralArea",
    "off": 27181,
    "sff": "spinal"
  },
  {
    "docID": "N146 Fouad 2009",
    "et": "SpinalSubduralArea",
    "off": 10290,
    "sff": "spinal"
  },
  {
    "docID": "N146 Fouad 2009",
    "et": "SpinalSubduralArea",
    "off": 25763,
    "sff": "Spinal"
  },
  {
    "docID": "N146 Fouad 2009",
    "et": "SpinalSubduralArea",
    "off": 27634,
    "sff": "spinal"
  },
  {
    "docID": "N146 Fouad 2009",
    "et": "SpinalSubduralArea",
    "off": 29621,
    "sff": "spinal"
  },
  {
    "docID": "N146 Fouad 2009",
    "et": "SpinalSubduralArea",
    "off": 2230,
    "sff": "spinal"
  },
  {
    "docID": "N146 Fouad 2009",
    "et": "SpinalSubduralArea",
    "off": 5556,
    "sff": "spinal"
  },
  {
    "docID": "N146 Fouad 2009",
    "et": "SpinalSubduralArea",
    "off": 13556,
    "sff": "spinal"
  },
  {
    "docID": "N146 Fouad 2009",
    "et": "SpinalSubduralArea",
    "off": 17204,
    "sff": "spinal"
  },
  {
    "docID": "N146 Fouad 2009",
    "et": "SpinalSubduralArea",
    "off": 9913,
    "sff": "spinal"
  },
  {
    "docID": "N146 Fouad 2009",
    "et": "SpinalSubduralArea",
    "off": 28733,
    "sff": "spinal"
  },
  {
    "docID": "N146 Fouad 2009",
    "et": "SpinalSubduralArea",
    "off": 4222,
    "sff": "spinal"
  },
  {
    "docID": "N146 Fouad 2009",
    "et": "SpinalSubduralArea",
    "off": 26619,
    "sff": "spinal"
  },
  {
    "docID": "N146 Fouad 2009",
    "et": "SpinalSubduralArea",
    "off": 5505,
    "sff": "spinal"
  },
  {
    "docID": "N146 Fouad 2009",
    "et": "SpinalSubduralArea",
    "off": 24257,
    "sff": "spinal"
  },
  {
    "docID": "N146 Fouad 2009",
    "et": "SpinalSubduralArea",
    "off": 24385,
    "sff": "spinal"
  },
  {
    "docID": "N146 Fouad 2009",
    "et": "SpinalSubduralArea",
    "off": 24962,
    "sff": "spinal"
  },
  {
    "docID": "N146 Fouad 2009",
    "et": "SpinalSubduralArea",
    "off": 23237,
    "sff": "spinal"
  },
  {
    "docID": "N146 Fouad 2009",
    "et": "SpinalSubduralArea",
    "off": 2758,
    "sff": "spinal"
  },
  {
    "docID": "N146 Fouad 2009",
    "et": "SpinalSubduralArea",
    "off": 13446,
    "sff": "spinal"
  },
  {
    "docID": "N146 Fouad 2009",
    "et": "SpinalSubduralArea",
    "off": 27466,
    "sff": "spinal"
  },
  {
    "docID": "N146 Fouad 2009",
    "et": "SpinalSubduralArea",
    "off": 11784,
    "sff": "spinal"
  },
  {
    "docID": "N146 Fouad 2009",
    "et": "SpinalSubduralArea",
    "off": 24781,
    "sff": "spinal"
  },
  {
    "docID": "N146 Fouad 2009",
    "et": "SpinalSubduralArea",
    "off": 782,
    "sff": "spinal"
  },
  {
    "docID": "N146 Fouad 2009",
    "et": "SpinalSubduralArea",
    "off": 3982,
    "sff": "spinal"
  },
  {
    "docID": "N146 Fouad 2009",
    "et": "SpinalSubduralArea",
    "off": 18321,
    "sff": "spinal"
  },
  {
    "docID": "N146 Fouad 2009",
    "et": "SpinalSubduralArea",
    "off": 27025,
    "sff": "spinal"
  },
  {
    "docID": "N146 Fouad 2009",
    "et": "SpinalSubduralArea",
    "off": 27858,
    "sff": "spinal"
  },
  {
    "docID": "N146 Fouad 2009",
    "et": "SpinalSubduralArea",
    "off": 2191,
    "sff": "spinal"
  },
  {
    "docID": "N146 Fouad 2009",
    "et": "SpinalSubduralArea",
    "off": 26447,
    "sff": "spinal"
  },
  {
    "docID": "N146 Fouad 2009",
    "et": "SpinalSubduralArea",
    "off": 3731,
    "sff": "spinal"
  },
  {
    "docID": "N146 Fouad 2009",
    "et": "SpinalSubduralArea",
    "off": 29907,
    "sff": "spinal"
  },
  {
    "docID": "N146 Fouad 2009",
    "et": "SpinalSubduralArea",
    "off": 25497,
    "sff": "spinal"
  },
  {
    "docID": "N146 Fouad 2009",
    "et": "SpinalSubduralArea",
    "off": 28887,
    "sff": "spinal"
  },
  {
    "docID": "N146 Fouad 2009",
    "et": "SpinalSubduralArea",
    "off": 152,
    "sff": "spinal"
  },
  {
    "docID": "N146 Fouad 2009",
    "et": "SpinalSubduralArea",
    "off": 18520,
    "sff": "spinal"
  },
  {
    "docID": "N146 Fouad 2009",
    "et": "SpinalSubduralArea",
    "off": 26840,
    "sff": "spinal"
  },
  {
    "docID": "N146 Fouad 2009",
    "et": "SpinalSubduralArea",
    "off": 29944,
    "sff": "Spinal"
  },
  {
    "docID": "N146 Fouad 2009",
    "et": "SpinalSubduralArea",
    "off": 28507,
    "sff": "spinal"
  },
  {
    "docID": "N146 Fouad 2009",
    "et": "SpinalSubduralArea",
    "off": 2972,
    "sff": "spinal"
  },
  {
    "docID": "N146 Fouad 2009",
    "et": "SpinalSubduralArea",
    "off": 23841,
    "sff": "spinal"
  },
  {
    "docID": "N146 Fouad 2009",
    "et": "SpinalSubduralArea",
    "off": 28257,
    "sff": "spinal"
  },
  {
    "docID": "N146 Fouad 2009",
    "et": "SpinalSubduralArea",
    "off": 4843,
    "sff": "Spinal"
  },
  {
    "docID": "N146 Fouad 2009",
    "et": "Intraspinal",
    "off": 28039,
    "sff": "intraspinal"
  },
  {
    "docID": "N146 Fouad 2009",
    "et": "SpinalFiberTract",
    "off": 28887,
    "sff": "spinal"
  },
  {
    "docID": "N146 Fouad 2009",
    "et": "SpinalFiberTract",
    "off": 152,
    "sff": "spinal"
  },
  {
    "docID": "N146 Fouad 2009",
    "et": "SpinalFiberTract",
    "off": 25497,
    "sff": "spinal"
  },
  {
    "docID": "N146 Fouad 2009",
    "et": "SpinalFiberTract",
    "off": 18520,
    "sff": "spinal"
  },
  {
    "docID": "N146 Fouad 2009",
    "et": "SpinalFiberTract",
    "off": 26840,
    "sff": "spinal"
  },
  {
    "docID": "N146 Fouad 2009",
    "et": "SpinalFiberTract",
    "off": 29907,
    "sff": "spinal"
  },
  {
    "docID": "N146 Fouad 2009",
    "et": "SpinalFiberTract",
    "off": 3731,
    "sff": "spinal"
  },
  {
    "docID": "N146 Fouad 2009",
    "et": "SpinalFiberTract",
    "off": 27858,
    "sff": "spinal"
  },
  {
    "docID": "N146 Fouad 2009",
    "et": "SpinalFiberTract",
    "off": 782,
    "sff": "spinal"
  },
  {
    "docID": "N146 Fouad 2009",
    "et": "SpinalFiberTract",
    "off": 3982,
    "sff": "spinal"
  },
  {
    "docID": "N146 Fouad 2009",
    "et": "SpinalFiberTract",
    "off": 26447,
    "sff": "spinal"
  },
  {
    "docID": "N146 Fouad 2009",
    "et": "SpinalFiberTract",
    "off": 2191,
    "sff": "spinal"
  },
  {
    "docID": "N146 Fouad 2009",
    "et": "SpinalFiberTract",
    "off": 11092,
    "sff": "fiber"
  },
  {
    "docID": "N146 Fouad 2009",
    "et": "SpinalFiberTract",
    "off": 18321,
    "sff": "spinal"
  },
  {
    "docID": "N146 Fouad 2009",
    "et": "SpinalFiberTract",
    "off": 27025,
    "sff": "spinal"
  },
  {
    "docID": "N146 Fouad 2009",
    "et": "SpinalFiberTract",
    "off": 27466,
    "sff": "spinal"
  },
  {
    "docID": "N146 Fouad 2009",
    "et": "SpinalFiberTract",
    "off": 24781,
    "sff": "spinal"
  },
  {
    "docID": "N146 Fouad 2009",
    "et": "SpinalFiberTract",
    "off": 2758,
    "sff": "spinal"
  },
  {
    "docID": "N146 Fouad 2009",
    "et": "SpinalFiberTract",
    "off": 13446,
    "sff": "spinal"
  },
  {
    "docID": "N146 Fouad 2009",
    "et": "SpinalFiberTract",
    "off": 11784,
    "sff": "spinal"
  },
  {
    "docID": "N146 Fouad 2009",
    "et": "SpinalFiberTract",
    "off": 24962,
    "sff": "spinal"
  },
  {
    "docID": "N146 Fouad 2009",
    "et": "SpinalFiberTract",
    "off": 23237,
    "sff": "spinal"
  },
  {
    "docID": "N146 Fouad 2009",
    "et": "SpinalFiberTract",
    "off": 4222,
    "sff": "spinal"
  },
  {
    "docID": "N146 Fouad 2009",
    "et": "SpinalFiberTract",
    "off": 24257,
    "sff": "spinal"
  },
  {
    "docID": "N146 Fouad 2009",
    "et": "SpinalFiberTract",
    "off": 24385,
    "sff": "spinal"
  },
  {
    "docID": "N146 Fouad 2009",
    "et": "SpinalFiberTract",
    "off": 5505,
    "sff": "spinal"
  },
  {
    "docID": "N146 Fouad 2009",
    "et": "SpinalFiberTract",
    "off": 26619,
    "sff": "spinal"
  },
  {
    "docID": "N146 Fouad 2009",
    "et": "SpinalFiberTract",
    "off": 28733,
    "sff": "spinal"
  },
  {
    "docID": "N146 Fouad 2009",
    "et": "SpinalFiberTract",
    "off": 2230,
    "sff": "spinal"
  },
  {
    "docID": "N146 Fouad 2009",
    "et": "SpinalFiberTract",
    "off": 9913,
    "sff": "spinal"
  },
  {
    "docID": "N146 Fouad 2009",
    "et": "SpinalFiberTract",
    "off": 10290,
    "sff": "spinal"
  },
  {
    "docID": "N146 Fouad 2009",
    "et": "SpinalFiberTract",
    "off": 13616,
    "sff": "fiber"
  },
  {
    "docID": "N146 Fouad 2009",
    "et": "SpinalFiberTract",
    "off": 27634,
    "sff": "spinal"
  },
  {
    "docID": "N146 Fouad 2009",
    "et": "SpinalFiberTract",
    "off": 4843,
    "sff": "Spinal"
  },
  {
    "docID": "N146 Fouad 2009",
    "et": "SpinalFiberTract",
    "off": 5556,
    "sff": "spinal"
  },
  {
    "docID": "N146 Fouad 2009",
    "et": "SpinalFiberTract",
    "off": 13556,
    "sff": "spinal"
  },
  {
    "docID": "N146 Fouad 2009",
    "et": "SpinalFiberTract",
    "off": 29621,
    "sff": "spinal"
  },
  {
    "docID": "N146 Fouad 2009",
    "et": "SpinalFiberTract",
    "off": 17204,
    "sff": "spinal"
  },
  {
    "docID": "N146 Fouad 2009",
    "et": "SpinalFiberTract",
    "off": 29944,
    "sff": "Spinal"
  },
  {
    "docID": "N146 Fouad 2009",
    "et": "SpinalFiberTract",
    "off": 27181,
    "sff": "spinal"
  },
  {
    "docID": "N146 Fouad 2009",
    "et": "SpinalFiberTract",
    "off": 24442,
    "sff": "fiber"
  },
  {
    "docID": "N146 Fouad 2009",
    "et": "SpinalFiberTract",
    "off": 23841,
    "sff": "spinal"
  },
  {
    "docID": "N146 Fouad 2009",
    "et": "SpinalFiberTract",
    "off": 28257,
    "sff": "spinal"
  },
  {
    "docID": "N146 Fouad 2009",
    "et": "SpinalFiberTract",
    "off": 16039,
    "sff": "fiber"
  },
  {
    "docID": "N146 Fouad 2009",
    "et": "SpinalFiberTract",
    "off": 28507,
    "sff": "spinal"
  },
  {
    "docID": "N146 Fouad 2009",
    "et": "SpinalFiberTract",
    "off": 2972,
    "sff": "spinal"
  },
  {
    "docID": "N146 Fouad 2009",
    "et": "SpinalFiberTract",
    "off": 25763,
    "sff": "Spinal"
  },
  {
    "docID": "N146 Fouad 2009",
    "et": "DeliveryMethod",
    "off": 78,
    "sff": "delivery"
  },
  {
    "docID": "N146 Fouad 2009",
    "et": "DeliveryMethod",
    "off": 3908,
    "sff": "delivery"
  },
  {
    "docID": "N146 Fouad 2009",
    "et": "DeliveryMethod",
    "off": 25304,
    "sff": "delivery"
  },
  {
    "docID": "N146 Fouad 2009",
    "et": "SpinalVentralHalf",
    "off": 11784,
    "sff": "spinal"
  },
  {
    "docID": "N146 Fouad 2009",
    "et": "SpinalVentralHalf",
    "off": 27466,
    "sff": "spinal"
  },
  {
    "docID": "N146 Fouad 2009",
    "et": "SpinalVentralHalf",
    "off": 2758,
    "sff": "spinal"
  },
  {
    "docID": "N146 Fouad 2009",
    "et": "SpinalVentralHalf",
    "off": 13446,
    "sff": "spinal"
  },
  {
    "docID": "N146 Fouad 2009",
    "et": "SpinalVentralHalf",
    "off": 23237,
    "sff": "spinal"
  },
  {
    "docID": "N146 Fouad 2009",
    "et": "SpinalVentralHalf",
    "off": 2191,
    "sff": "spinal"
  },
  {
    "docID": "N146 Fouad 2009",
    "et": "SpinalVentralHalf",
    "off": 26447,
    "sff": "spinal"
  },
  {
    "docID": "N146 Fouad 2009",
    "et": "SpinalVentralHalf",
    "off": 27858,
    "sff": "spinal"
  },
  {
    "docID": "N146 Fouad 2009",
    "et": "SpinalVentralHalf",
    "off": 18321,
    "sff": "spinal"
  },
  {
    "docID": "N146 Fouad 2009",
    "et": "SpinalVentralHalf",
    "off": 27025,
    "sff": "spinal"
  },
  {
    "docID": "N146 Fouad 2009",
    "et": "SpinalVentralHalf",
    "off": 782,
    "sff": "spinal"
  },
  {
    "docID": "N146 Fouad 2009",
    "et": "SpinalVentralHalf",
    "off": 3982,
    "sff": "spinal"
  },
  {
    "docID": "N146 Fouad 2009",
    "et": "SpinalVentralHalf",
    "off": 24781,
    "sff": "spinal"
  },
  {
    "docID": "N146 Fouad 2009",
    "et": "SpinalVentralHalf",
    "off": 9913,
    "sff": "spinal"
  },
  {
    "docID": "N146 Fouad 2009",
    "et": "SpinalVentralHalf",
    "off": 5556,
    "sff": "spinal"
  },
  {
    "docID": "N146 Fouad 2009",
    "et": "SpinalVentralHalf",
    "off": 13556,
    "sff": "spinal"
  },
  {
    "docID": "N146 Fouad 2009",
    "et": "SpinalVentralHalf",
    "off": 17204,
    "sff": "spinal"
  },
  {
    "docID": "N146 Fouad 2009",
    "et": "SpinalVentralHalf",
    "off": 29944,
    "sff": "Spinal"
  },
  {
    "docID": "N146 Fouad 2009",
    "et": "SpinalVentralHalf",
    "off": 2230,
    "sff": "spinal"
  },
  {
    "docID": "N146 Fouad 2009",
    "et": "SpinalVentralHalf",
    "off": 29621,
    "sff": "spinal"
  },
  {
    "docID": "N146 Fouad 2009",
    "et": "SpinalVentralHalf",
    "off": 24962,
    "sff": "spinal"
  },
  {
    "docID": "N146 Fouad 2009",
    "et": "SpinalVentralHalf",
    "off": 5505,
    "sff": "spinal"
  },
  {
    "docID": "N146 Fouad 2009",
    "et": "SpinalVentralHalf",
    "off": 24257,
    "sff": "spinal"
  },
  {
    "docID": "N146 Fouad 2009",
    "et": "SpinalVentralHalf",
    "off": 24385,
    "sff": "spinal"
  },
  {
    "docID": "N146 Fouad 2009",
    "et": "SpinalVentralHalf",
    "off": 26619,
    "sff": "spinal"
  },
  {
    "docID": "N146 Fouad 2009",
    "et": "SpinalVentralHalf",
    "off": 4222,
    "sff": "spinal"
  },
  {
    "docID": "N146 Fouad 2009",
    "et": "SpinalVentralHalf",
    "off": 28733,
    "sff": "spinal"
  },
  {
    "docID": "N146 Fouad 2009",
    "et": "SpinalVentralHalf",
    "off": 25763,
    "sff": "Spinal"
  },
  {
    "docID": "N146 Fouad 2009",
    "et": "SpinalVentralHalf",
    "off": 10290,
    "sff": "spinal"
  },
  {
    "docID": "N146 Fouad 2009",
    "et": "SpinalVentralHalf",
    "off": 27634,
    "sff": "spinal"
  },
  {
    "docID": "N146 Fouad 2009",
    "et": "SpinalVentralHalf",
    "off": 27181,
    "sff": "spinal"
  },
  {
    "docID": "N146 Fouad 2009",
    "et": "SpinalVentralHalf",
    "off": 152,
    "sff": "spinal"
  },
  {
    "docID": "N146 Fouad 2009",
    "et": "SpinalVentralHalf",
    "off": 18520,
    "sff": "spinal"
  },
  {
    "docID": "N146 Fouad 2009",
    "et": "SpinalVentralHalf",
    "off": 26840,
    "sff": "spinal"
  },
  {
    "docID": "N146 Fouad 2009",
    "et": "SpinalVentralHalf",
    "off": 28887,
    "sff": "spinal"
  },
  {
    "docID": "N146 Fouad 2009",
    "et": "SpinalVentralHalf",
    "off": 25497,
    "sff": "spinal"
  },
  {
    "docID": "N146 Fouad 2009",
    "et": "SpinalVentralHalf",
    "off": 3731,
    "sff": "spinal"
  },
  {
    "docID": "N146 Fouad 2009",
    "et": "SpinalVentralHalf",
    "off": 29907,
    "sff": "spinal"
  },
  {
    "docID": "N146 Fouad 2009",
    "et": "SpinalVentralHalf",
    "off": 4843,
    "sff": "Spinal"
  },
  {
    "docID": "N146 Fouad 2009",
    "et": "SpinalVentralHalf",
    "off": 23841,
    "sff": "spinal"
  },
  {
    "docID": "N146 Fouad 2009",
    "et": "SpinalVentralHalf",
    "off": 28257,
    "sff": "spinal"
  },
  {
    "docID": "N146 Fouad 2009",
    "et": "SpinalVentralHalf",
    "off": 2972,
    "sff": "spinal"
  },
  {
    "docID": "N146 Fouad 2009",
    "et": "SpinalVentralHalf",
    "off": 28507,
    "sff": "spinal"
  },
  {
    "docID": "N146 Fouad 2009",
    "et": "Rostral",
    "off": 2216,
    "sff": "rostral"
  },
  {
    "docID": "N146 Fouad 2009",
    "et": "ChondroitinaseABC",
    "off": 3889,
    "sff": "chondroitinase ABC"
  },
  {
    "docID": "N146 Fouad 2009",
    "et": "ChondroitinaseABC",
    "off": 1134,
    "sff": "chondroitinase ABC"
  },
  {
    "docID": "N146 Fouad 2009",
    "et": "ChondroitinaseABC",
    "off": 6217,
    "sff": "Chondroitinase ABC"
  },
  {
    "docID": "N146 Fouad 2009",
    "et": "ChondroitinaseABC",
    "off": 25289,
    "sff": "chondroitinase"
  },
  {
    "docID": "N146 Fouad 2009",
    "et": "ChondroitinaseABC",
    "off": 27389,
    "sff": "chondroitinase"
  },
  {
    "docID": "N146 Fouad 2009",
    "et": "ChondroitinaseABC",
    "off": 63,
    "sff": "chondroitinase"
  },
  {
    "docID": "N146 Fouad 2009",
    "et": "ChondroitinaseABC",
    "off": 28634,
    "sff": "Chondroitinase"
  },
  {
    "docID": "N146 Fouad 2009",
    "et": "Left",
    "off": 6757,
    "sff": "left"
  },
  {
    "docID": "N146 Fouad 2009",
    "et": "Tissue",
    "off": 21897,
    "sff": "tissue"
  },
  {
    "docID": "N146 Fouad 2009",
    "et": "Tissue",
    "off": 10211,
    "sff": "tissue"
  },
  {
    "docID": "N146 Fouad 2009",
    "et": "Tissue",
    "off": 3332,
    "sff": "tissue"
  },
  {
    "docID": "N146 Fouad 2009",
    "et": "Tissue",
    "off": 10052,
    "sff": "tissue"
  },
  {
    "docID": "N146 Fouad 2009",
    "et": "Tissue",
    "off": 15838,
    "sff": "tissue"
  },
  {
    "docID": "N146 Fouad 2009",
    "et": "Tissue",
    "off": 4192,
    "sff": "tissue"
  },
  {
    "docID": "N146 Fouad 2009",
    "et": "Tissue",
    "off": 21738,
    "sff": "tissue"
  },
  {
    "docID": "N146 Fouad 2009",
    "et": "Tissue",
    "off": 10098,
    "sff": "Tissue"
  },
  {
    "docID": "N146 Fouad 2009",
    "et": "CatSpecies",
    "off": 29847,
    "sff": "cat"
  },
  {
    "docID": "N146 Fouad 2009",
    "et": "InjectionDelivery",
    "off": 23320,
    "sff": "injection"
  },
  {
    "docID": "N146 Fouad 2009",
    "et": "SpinalLesionSite",
    "off": 22952,
    "sff": "lesion"
  },
  {
    "docID": "N146 Fouad 2009",
    "et": "SpinalLesionSite",
    "off": 25763,
    "sff": "Spinal"
  },
  {
    "docID": "N146 Fouad 2009",
    "et": "SpinalLesionSite",
    "off": 28257,
    "sff": "spinal"
  },
  {
    "docID": "N146 Fouad 2009",
    "et": "SpinalLesionSite",
    "off": 28507,
    "sff": "spinal"
  },
  {
    "docID": "N146 Fouad 2009",
    "et": "SpinalLesionSite",
    "off": 18520,
    "sff": "spinal"
  },
  {
    "docID": "N146 Fouad 2009",
    "et": "SpinalLesionSite",
    "off": 26840,
    "sff": "spinal"
  },
  {
    "docID": "N146 Fouad 2009",
    "et": "SpinalLesionSite",
    "off": 28887,
    "sff": "spinal"
  },
  {
    "docID": "N146 Fouad 2009",
    "et": "SpinalLesionSite",
    "off": 29907,
    "sff": "spinal"
  },
  {
    "docID": "N146 Fouad 2009",
    "et": "SpinalLesionSite",
    "off": 26447,
    "sff": "spinal"
  },
  {
    "docID": "N146 Fouad 2009",
    "et": "SpinalLesionSite",
    "off": 27858,
    "sff": "spinal"
  },
  {
    "docID": "N146 Fouad 2009",
    "et": "SpinalLesionSite",
    "off": 20289,
    "sff": "lesion"
  },
  {
    "docID": "N146 Fouad 2009",
    "et": "SpinalLesionSite",
    "off": 24781,
    "sff": "spinal"
  },
  {
    "docID": "N146 Fouad 2009",
    "et": "SpinalLesionSite",
    "off": 27466,
    "sff": "spinal"
  },
  {
    "docID": "N146 Fouad 2009",
    "et": "SpinalLesionSite",
    "off": 13446,
    "sff": "spinal"
  },
  {
    "docID": "N146 Fouad 2009",
    "et": "SpinalLesionSite",
    "off": 1160,
    "sff": "lesion"
  },
  {
    "docID": "N146 Fouad 2009",
    "et": "SpinalLesionSite",
    "off": 24962,
    "sff": "spinal"
  },
  {
    "docID": "N146 Fouad 2009",
    "et": "SpinalLesionSite",
    "off": 5505,
    "sff": "spinal"
  },
  {
    "docID": "N146 Fouad 2009",
    "et": "SpinalLesionSite",
    "off": 26619,
    "sff": "spinal"
  },
  {
    "docID": "N146 Fouad 2009",
    "et": "SpinalLesionSite",
    "off": 29944,
    "sff": "Spinal"
  },
  {
    "docID": "N146 Fouad 2009",
    "et": "SpinalLesionSite",
    "off": 4222,
    "sff": "spinal"
  },
  {
    "docID": "N146 Fouad 2009",
    "et": "SpinalLesionSite",
    "off": 13556,
    "sff": "spinal"
  },
  {
    "docID": "N146 Fouad 2009",
    "et": "SpinalLesionSite",
    "off": 1160,
    "sff": "lesion site"
  },
  {
    "docID": "N146 Fouad 2009",
    "et": "SpinalLesionSite",
    "off": 27634,
    "sff": "spinal"
  },
  {
    "docID": "N146 Fouad 2009",
    "et": "SpinalLesionSite",
    "off": 24831,
    "sff": "lesion site"
  },
  {
    "docID": "N146 Fouad 2009",
    "et": "SpinalLesionSite",
    "off": 4843,
    "sff": "Spinal"
  },
  {
    "docID": "N146 Fouad 2009",
    "et": "SpinalLesionSite",
    "off": 23841,
    "sff": "spinal"
  },
  {
    "docID": "N146 Fouad 2009",
    "et": "SpinalLesionSite",
    "off": 2972,
    "sff": "spinal"
  },
  {
    "docID": "N146 Fouad 2009",
    "et": "SpinalLesionSite",
    "off": 152,
    "sff": "spinal"
  },
  {
    "docID": "N146 Fouad 2009",
    "et": "SpinalLesionSite",
    "off": 25497,
    "sff": "spinal"
  },
  {
    "docID": "N146 Fouad 2009",
    "et": "SpinalLesionSite",
    "off": 3731,
    "sff": "spinal"
  },
  {
    "docID": "N146 Fouad 2009",
    "et": "SpinalLesionSite",
    "off": 2191,
    "sff": "spinal"
  },
  {
    "docID": "N146 Fouad 2009",
    "et": "SpinalLesionSite",
    "off": 17380,
    "sff": "lesion site"
  },
  {
    "docID": "N146 Fouad 2009",
    "et": "SpinalLesionSite",
    "off": 18321,
    "sff": "spinal"
  },
  {
    "docID": "N146 Fouad 2009",
    "et": "SpinalLesionSite",
    "off": 27025,
    "sff": "spinal"
  },
  {
    "docID": "N146 Fouad 2009",
    "et": "SpinalLesionSite",
    "off": 24831,
    "sff": "lesion"
  },
  {
    "docID": "N146 Fouad 2009",
    "et": "SpinalLesionSite",
    "off": 782,
    "sff": "spinal"
  },
  {
    "docID": "N146 Fouad 2009",
    "et": "SpinalLesionSite",
    "off": 3982,
    "sff": "spinal"
  },
  {
    "docID": "N146 Fouad 2009",
    "et": "SpinalLesionSite",
    "off": 11784,
    "sff": "spinal"
  },
  {
    "docID": "N146 Fouad 2009",
    "et": "SpinalLesionSite",
    "off": 5762,
    "sff": "lesion"
  },
  {
    "docID": "N146 Fouad 2009",
    "et": "SpinalLesionSite",
    "off": 2758,
    "sff": "spinal"
  },
  {
    "docID": "N146 Fouad 2009",
    "et": "SpinalLesionSite",
    "off": 23237,
    "sff": "spinal"
  },
  {
    "docID": "N146 Fouad 2009",
    "et": "SpinalLesionSite",
    "off": 24257,
    "sff": "spinal"
  },
  {
    "docID": "N146 Fouad 2009",
    "et": "SpinalLesionSite",
    "off": 24385,
    "sff": "spinal"
  },
  {
    "docID": "N146 Fouad 2009",
    "et": "SpinalLesionSite",
    "off": 28733,
    "sff": "spinal"
  },
  {
    "docID": "N146 Fouad 2009",
    "et": "SpinalLesionSite",
    "off": 3794,
    "sff": "lesion"
  },
  {
    "docID": "N146 Fouad 2009",
    "et": "SpinalLesionSite",
    "off": 9913,
    "sff": "spinal"
  },
  {
    "docID": "N146 Fouad 2009",
    "et": "SpinalLesionSite",
    "off": 14804,
    "sff": "lesion"
  },
  {
    "docID": "N146 Fouad 2009",
    "et": "SpinalLesionSite",
    "off": 5556,
    "sff": "spinal"
  },
  {
    "docID": "N146 Fouad 2009",
    "et": "SpinalLesionSite",
    "off": 17204,
    "sff": "spinal"
  },
  {
    "docID": "N146 Fouad 2009",
    "et": "SpinalLesionSite",
    "off": 29621,
    "sff": "spinal"
  },
  {
    "docID": "N146 Fouad 2009",
    "et": "SpinalLesionSite",
    "off": 2230,
    "sff": "spinal"
  },
  {
    "docID": "N146 Fouad 2009",
    "et": "SpinalLesionSite",
    "off": 10290,
    "sff": "spinal"
  },
  {
    "docID": "N146 Fouad 2009",
    "et": "SpinalLesionSite",
    "off": 27181,
    "sff": "spinal"
  },
  {
    "docID": "N146 Fouad 2009",
    "et": "SpinalLesionSite",
    "off": 17380,
    "sff": "lesion"
  },
  {
    "docID": "N146 Fouad 2009",
    "et": "T7",
    "off": 5454,
    "sff": "T7"
  },
  {
    "docID": "N146 Fouad 2009",
    "et": "AnimalSpecies",
    "off": 18378,
    "sff": "animal"
  },
  {
    "docID": "N146 Fouad 2009",
    "et": "AnimalSpecies",
    "off": 12407,
    "sff": "animal"
  },
  {
    "docID": "N146 Fouad 2009",
    "et": "AnimalSpecies",
    "off": 21063,
    "sff": "animal"
  },
  {
    "docID": "N146 Fouad 2009",
    "et": "AnimalSpecies",
    "off": 11375,
    "sff": "animal"
  },
  {
    "docID": "N146 Fouad 2009",
    "et": "AnimalSpecies",
    "off": 5110,
    "sff": "Animal"
  },
  {
    "docID": "N146 Fouad 2009",
    "et": "Ice",
    "off": 10192,
    "sff": "ice"
  },
  {
    "docID": "N146 Fouad 2009",
    "et": "Saline",
    "off": 8345,
    "sff": "saline"
  },
  {
    "docID": "N146 Fouad 2009",
    "et": "Saline",
    "off": 7791,
    "sff": "saline"
  },
  {
    "docID": "N146 Fouad 2009",
    "et": "TemperatureTreatment",
    "off": 8654,
    "sff": "temperature"
  },
  {
    "docID": "N146 Fouad 2009",
    "et": "TemperatureTreatment",
    "off": 8729,
    "sff": "temperature"
  },
  {
    "docID": "N146 Fouad 2009",
    "et": "StemCell",
    "off": 28216,
    "sff": "stem"
  },
  {
    "docID": "N146 Fouad 2009",
    "et": "StemCell",
    "off": 4105,
    "sff": "stem"
  },
  {
    "docID": "N146 Fouad 2009",
    "et": "SpinalCord",
    "off": 26619,
    "sff": "spinal cord"
  },
  {
    "docID": "N146 Fouad 2009",
    "et": "SpinalCord",
    "off": 9913,
    "sff": "spinal cord"
  },
  {
    "docID": "N146 Fouad 2009",
    "et": "SpinalCord",
    "off": 29621,
    "sff": "spinal cord"
  },
  {
    "docID": "N146 Fouad 2009",
    "et": "SpinalCord",
    "off": 5556,
    "sff": "spinal cord"
  },
  {
    "docID": "N146 Fouad 2009",
    "et": "SpinalCord",
    "off": 13556,
    "sff": "spinal cord"
  },
  {
    "docID": "N146 Fouad 2009",
    "et": "SpinalCord",
    "off": 17204,
    "sff": "spinal cord"
  },
  {
    "docID": "N146 Fouad 2009",
    "et": "SpinalCord",
    "off": 10290,
    "sff": "spinal cord"
  },
  {
    "docID": "N146 Fouad 2009",
    "et": "SpinalCord",
    "off": 27634,
    "sff": "spinal cord"
  },
  {
    "docID": "N146 Fouad 2009",
    "et": "SpinalCord",
    "off": 27181,
    "sff": "spinal cord"
  },
  {
    "docID": "N146 Fouad 2009",
    "et": "SpinalCord",
    "off": 27466,
    "sff": "spinal cord"
  },
  {
    "docID": "N146 Fouad 2009",
    "et": "SpinalCord",
    "off": 11784,
    "sff": "spinal cord"
  },
  {
    "docID": "N146 Fouad 2009",
    "et": "SpinalCord",
    "off": 2758,
    "sff": "spinal cord"
  },
  {
    "docID": "N146 Fouad 2009",
    "et": "SpinalCord",
    "off": 13446,
    "sff": "spinal cord"
  },
  {
    "docID": "N146 Fouad 2009",
    "et": "SpinalCord",
    "off": 23237,
    "sff": "spinal cord"
  },
  {
    "docID": "N146 Fouad 2009",
    "et": "SpinalCord",
    "off": 28507,
    "sff": "spinal"
  },
  {
    "docID": "N146 Fouad 2009",
    "et": "SpinalCord",
    "off": 5505,
    "sff": "spinal cord"
  },
  {
    "docID": "N146 Fouad 2009",
    "et": "SpinalCord",
    "off": 24257,
    "sff": "spinal cord"
  },
  {
    "docID": "N146 Fouad 2009",
    "et": "SpinalCord",
    "off": 24385,
    "sff": "spinal cord"
  },
  {
    "docID": "N146 Fouad 2009",
    "et": "SpinalCord",
    "off": 4222,
    "sff": "spinal cord"
  },
  {
    "docID": "N146 Fouad 2009",
    "et": "SpinalCord",
    "off": 25763,
    "sff": "Spinal"
  },
  {
    "docID": "N146 Fouad 2009",
    "et": "SpinalCord",
    "off": 28733,
    "sff": "spinal cord"
  },
  {
    "docID": "N146 Fouad 2009",
    "et": "SpinalCord",
    "off": 2972,
    "sff": "spinal"
  },
  {
    "docID": "N146 Fouad 2009",
    "et": "SpinalCord",
    "off": 24962,
    "sff": "spinal"
  },
  {
    "docID": "N146 Fouad 2009",
    "et": "SpinalCord",
    "off": 25497,
    "sff": "spinal cord"
  },
  {
    "docID": "N146 Fouad 2009",
    "et": "SpinalCord",
    "off": 152,
    "sff": "spinal cord"
  },
  {
    "docID": "N146 Fouad 2009",
    "et": "SpinalCord",
    "off": 18520,
    "sff": "spinal cord"
  },
  {
    "docID": "N146 Fouad 2009",
    "et": "SpinalCord",
    "off": 26840,
    "sff": "spinal cord"
  },
  {
    "docID": "N146 Fouad 2009",
    "et": "SpinalCord",
    "off": 28887,
    "sff": "spinal cord"
  },
  {
    "docID": "N146 Fouad 2009",
    "et": "SpinalCord",
    "off": 29944,
    "sff": "Spinal"
  },
  {
    "docID": "N146 Fouad 2009",
    "et": "SpinalCord",
    "off": 3731,
    "sff": "spinal cord"
  },
  {
    "docID": "N146 Fouad 2009",
    "et": "SpinalCord",
    "off": 29907,
    "sff": "spinal cord"
  },
  {
    "docID": "N146 Fouad 2009",
    "et": "SpinalCord",
    "off": 27858,
    "sff": "spinal cord"
  },
  {
    "docID": "N146 Fouad 2009",
    "et": "SpinalCord",
    "off": 18321,
    "sff": "spinal cord"
  },
  {
    "docID": "N146 Fouad 2009",
    "et": "SpinalCord",
    "off": 27025,
    "sff": "spinal cord"
  },
  {
    "docID": "N146 Fouad 2009",
    "et": "SpinalCord",
    "off": 2191,
    "sff": "spinal cord"
  },
  {
    "docID": "N146 Fouad 2009",
    "et": "SpinalCord",
    "off": 26447,
    "sff": "spinal cord"
  },
  {
    "docID": "N146 Fouad 2009",
    "et": "SpinalCord",
    "off": 782,
    "sff": "spinal cord"
  },
  {
    "docID": "N146 Fouad 2009",
    "et": "SpinalCord",
    "off": 3982,
    "sff": "spinal cord"
  },
  {
    "docID": "N146 Fouad 2009",
    "et": "SpinalCord",
    "off": 24781,
    "sff": "spinal"
  },
  {
    "docID": "N146 Fouad 2009",
    "et": "SpinalCord",
    "off": 4843,
    "sff": "Spinal cord"
  },
  {
    "docID": "N146 Fouad 2009",
    "et": "SpinalCord",
    "off": 2230,
    "sff": "spinal"
  },
  {
    "docID": "N146 Fouad 2009",
    "et": "SpinalCord",
    "off": 23841,
    "sff": "spinal cord"
  },
  {
    "docID": "N146 Fouad 2009",
    "et": "SpinalCord",
    "off": 28257,
    "sff": "spinal cord"
  },
  {
    "docID": "N146 Fouad 2009",
    "et": "LesionAdjacentTissue",
    "off": 24831,
    "sff": "lesion"
  },
  {
    "docID": "N146 Fouad 2009",
    "et": "LesionAdjacentTissue",
    "off": 14804,
    "sff": "lesion"
  },
  {
    "docID": "N146 Fouad 2009",
    "et": "LesionAdjacentTissue",
    "off": 17380,
    "sff": "lesion"
  },
  {
    "docID": "N146 Fouad 2009",
    "et": "LesionAdjacentTissue",
    "off": 3794,
    "sff": "lesion"
  },
  {
    "docID": "N146 Fouad 2009",
    "et": "LesionAdjacentTissue",
    "off": 5762,
    "sff": "lesion"
  },
  {
    "docID": "N146 Fouad 2009",
    "et": "LesionAdjacentTissue",
    "off": 20289,
    "sff": "lesion"
  },
  {
    "docID": "N146 Fouad 2009",
    "et": "LesionAdjacentTissue",
    "off": 1160,
    "sff": "lesion"
  },
  {
    "docID": "N146 Fouad 2009",
    "et": "LesionAdjacentTissue",
    "off": 22952,
    "sff": "lesion"
  },
  {
    "docID": "N146 Fouad 2009",
    "et": "CentralNervousSystem",
    "off": 2364,
    "sff": "central nervous"
  },
  {
    "docID": "N146 Fouad 2009",
    "et": "CentralNervousSystem",
    "off": 2720,
    "sff": "nervous"
  },
  {
    "docID": "N146 Fouad 2009",
    "et": "CentralNervousSystem",
    "off": 29233,
    "sff": "central"
  },
  {
    "docID": "N146 Fouad 2009",
    "et": "CentralNervousSystem",
    "off": 26086,
    "sff": "central nervous"
  },
  {
    "docID": "N146 Fouad 2009",
    "et": "CentralNervousSystem",
    "off": 2364,
    "sff": "central nervous system"
  },
  {
    "docID": "N146 Fouad 2009",
    "et": "CentralNervousSystem",
    "off": 2720,
    "sff": "nervous system"
  },
  {
    "docID": "N146 Fouad 2009",
    "et": "CentralNervousSystem",
    "off": 26086,
    "sff": "central nervous system"
  },
  {
    "docID": "N146 Fouad 2009",
    "et": "OscillatingFieldStimulator",
    "off": 4813,
    "sff": "field"
  },
  {
    "docID": "N146 Fouad 2009",
    "et": "Location",
    "off": 19266,
    "sff": "location"
  },
  {
    "docID": "N146 Fouad 2009",
    "et": "HartleyGuineaPig",
    "off": 6527,
    "sff": "guineapig"
  },
  {
    "docID": "N146 Fouad 2009",
    "et": "SpinalCentralPart",
    "off": 27181,
    "sff": "spinal"
  },
  {
    "docID": "N146 Fouad 2009",
    "et": "SpinalCentralPart",
    "off": 25763,
    "sff": "Spinal"
  },
  {
    "docID": "N146 Fouad 2009",
    "et": "SpinalCentralPart",
    "off": 2364,
    "sff": "central"
  },
  {
    "docID": "N146 Fouad 2009",
    "et": "SpinalCentralPart",
    "off": 4843,
    "sff": "Spinal"
  },
  {
    "docID": "N146 Fouad 2009",
    "et": "SpinalCentralPart",
    "off": 23841,
    "sff": "spinal"
  },
  {
    "docID": "N146 Fouad 2009",
    "et": "SpinalCentralPart",
    "off": 28257,
    "sff": "spinal"
  },
  {
    "docID": "N146 Fouad 2009",
    "et": "SpinalCentralPart",
    "off": 28733,
    "sff": "spinal"
  },
  {
    "docID": "N146 Fouad 2009",
    "et": "SpinalCentralPart",
    "off": 4222,
    "sff": "spinal"
  },
  {
    "docID": "N146 Fouad 2009",
    "et": "SpinalCentralPart",
    "off": 9913,
    "sff": "spinal"
  },
  {
    "docID": "N146 Fouad 2009",
    "et": "SpinalCentralPart",
    "off": 26619,
    "sff": "spinal"
  },
  {
    "docID": "N146 Fouad 2009",
    "et": "SpinalCentralPart",
    "off": 5556,
    "sff": "spinal"
  },
  {
    "docID": "N146 Fouad 2009",
    "et": "SpinalCentralPart",
    "off": 13556,
    "sff": "spinal"
  },
  {
    "docID": "N146 Fouad 2009",
    "et": "SpinalCentralPart",
    "off": 17204,
    "sff": "spinal"
  },
  {
    "docID": "N146 Fouad 2009",
    "et": "SpinalCentralPart",
    "off": 29621,
    "sff": "spinal"
  },
  {
    "docID": "N146 Fouad 2009",
    "et": "SpinalCentralPart",
    "off": 2230,
    "sff": "spinal"
  },
  {
    "docID": "N146 Fouad 2009",
    "et": "SpinalCentralPart",
    "off": 10290,
    "sff": "spinal"
  },
  {
    "docID": "N146 Fouad 2009",
    "et": "SpinalCentralPart",
    "off": 27634,
    "sff": "spinal"
  },
  {
    "docID": "N146 Fouad 2009",
    "et": "SpinalCentralPart",
    "off": 29944,
    "sff": "Spinal"
  },
  {
    "docID": "N146 Fouad 2009",
    "et": "SpinalCentralPart",
    "off": 24781,
    "sff": "spinal"
  },
  {
    "docID": "N146 Fouad 2009",
    "et": "SpinalCentralPart",
    "off": 782,
    "sff": "spinal"
  },
  {
    "docID": "N146 Fouad 2009",
    "et": "SpinalCentralPart",
    "off": 3982,
    "sff": "spinal"
  },
  {
    "docID": "N146 Fouad 2009",
    "et": "SpinalCentralPart",
    "off": 2191,
    "sff": "spinal"
  },
  {
    "docID": "N146 Fouad 2009",
    "et": "SpinalCentralPart",
    "off": 26447,
    "sff": "spinal"
  },
  {
    "docID": "N146 Fouad 2009",
    "et": "SpinalCentralPart",
    "off": 11784,
    "sff": "spinal"
  },
  {
    "docID": "N146 Fouad 2009",
    "et": "SpinalCentralPart",
    "off": 27466,
    "sff": "spinal"
  },
  {
    "docID": "N146 Fouad 2009",
    "et": "SpinalCentralPart",
    "off": 23237,
    "sff": "spinal"
  },
  {
    "docID": "N146 Fouad 2009",
    "et": "SpinalCentralPart",
    "off": 2758,
    "sff": "spinal"
  },
  {
    "docID": "N146 Fouad 2009",
    "et": "SpinalCentralPart",
    "off": 13446,
    "sff": "spinal"
  },
  {
    "docID": "N146 Fouad 2009",
    "et": "SpinalCentralPart",
    "off": 26086,
    "sff": "central"
  },
  {
    "docID": "N146 Fouad 2009",
    "et": "SpinalCentralPart",
    "off": 5505,
    "sff": "spinal"
  },
  {
    "docID": "N146 Fouad 2009",
    "et": "SpinalCentralPart",
    "off": 24257,
    "sff": "spinal"
  },
  {
    "docID": "N146 Fouad 2009",
    "et": "SpinalCentralPart",
    "off": 24385,
    "sff": "spinal"
  },
  {
    "docID": "N146 Fouad 2009",
    "et": "SpinalCentralPart",
    "off": 24962,
    "sff": "spinal"
  },
  {
    "docID": "N146 Fouad 2009",
    "et": "SpinalCentralPart",
    "off": 2972,
    "sff": "spinal"
  },
  {
    "docID": "N146 Fouad 2009",
    "et": "SpinalCentralPart",
    "off": 152,
    "sff": "spinal"
  },
  {
    "docID": "N146 Fouad 2009",
    "et": "SpinalCentralPart",
    "off": 18520,
    "sff": "spinal"
  },
  {
    "docID": "N146 Fouad 2009",
    "et": "SpinalCentralPart",
    "off": 26840,
    "sff": "spinal"
  },
  {
    "docID": "N146 Fouad 2009",
    "et": "SpinalCentralPart",
    "off": 25497,
    "sff": "spinal"
  },
  {
    "docID": "N146 Fouad 2009",
    "et": "SpinalCentralPart",
    "off": 28507,
    "sff": "spinal"
  },
  {
    "docID": "N146 Fouad 2009",
    "et": "SpinalCentralPart",
    "off": 28887,
    "sff": "spinal"
  },
  {
    "docID": "N146 Fouad 2009",
    "et": "SpinalCentralPart",
    "off": 18321,
    "sff": "spinal"
  },
  {
    "docID": "N146 Fouad 2009",
    "et": "SpinalCentralPart",
    "off": 27025,
    "sff": "spinal"
  },
  {
    "docID": "N146 Fouad 2009",
    "et": "SpinalCentralPart",
    "off": 29233,
    "sff": "central"
  },
  {
    "docID": "N146 Fouad 2009",
    "et": "SpinalCentralPart",
    "off": 27858,
    "sff": "spinal"
  },
  {
    "docID": "N146 Fouad 2009",
    "et": "SpinalCentralPart",
    "off": 3731,
    "sff": "spinal"
  },
  {
    "docID": "N146 Fouad 2009",
    "et": "SpinalCentralPart",
    "off": 29907,
    "sff": "spinal"
  },
  {
    "docID": "N146 Fouad 2009",
    "et": "AnatomicalLocation",
    "off": 20736,
    "sff": "anatomical"
  },
  {
    "docID": "N146 Fouad 2009",
    "et": "GuineaPigSpecies",
    "off": 6527,
    "sff": "guineapig"
  },
  {
    "docID": "N146 Fouad 2009",
    "et": "Brain",
    "off": 4099,
    "sff": "brain"
  },
  {
    "docID": "N146 Fouad 2009",
    "et": "Brain",
    "off": 28090,
    "sff": "Brain"
  },
  {
    "docID": "N146 Fouad 2009",
    "et": "Brain",
    "off": 29852,
    "sff": "Brain"
  },
  {
    "docID": "N146 Fouad 2009",
    "et": "Brain",
    "off": 26025,
    "sff": "Brain"
  },
  {
    "docID": "N146 Fouad 2009",
    "et": "AscendingFiberTract",
    "off": 11092,
    "sff": "fiber"
  },
  {
    "docID": "N146 Fouad 2009",
    "et": "AscendingFiberTract",
    "off": 13616,
    "sff": "fiber"
  },
  {
    "docID": "N146 Fouad 2009",
    "et": "AscendingFiberTract",
    "off": 24442,
    "sff": "fiber"
  },
  {
    "docID": "N146 Fouad 2009",
    "et": "AscendingFiberTract",
    "off": 16039,
    "sff": "fiber"
  },
  {
    "docID": "N146 Fouad 2009",
    "et": "AscendingFiberTract",
    "off": 25943,
    "sff": "ascending"
  },
  {
    "docID": "N146 Fouad 2009",
    "et": "SpinalWhiteMatter",
    "off": 27181,
    "sff": "spinal"
  },
  {
    "docID": "N146 Fouad 2009",
    "et": "SpinalWhiteMatter",
    "off": 2230,
    "sff": "spinal"
  },
  {
    "docID": "N146 Fouad 2009",
    "et": "SpinalWhiteMatter",
    "off": 9913,
    "sff": "spinal"
  },
  {
    "docID": "N146 Fouad 2009",
    "et": "SpinalWhiteMatter",
    "off": 10290,
    "sff": "spinal"
  },
  {
    "docID": "N146 Fouad 2009",
    "et": "SpinalWhiteMatter",
    "off": 27634,
    "sff": "spinal"
  },
  {
    "docID": "N146 Fouad 2009",
    "et": "SpinalWhiteMatter",
    "off": 5556,
    "sff": "spinal"
  },
  {
    "docID": "N146 Fouad 2009",
    "et": "SpinalWhiteMatter",
    "off": 13556,
    "sff": "spinal"
  },
  {
    "docID": "N146 Fouad 2009",
    "et": "SpinalWhiteMatter",
    "off": 17204,
    "sff": "spinal"
  },
  {
    "docID": "N146 Fouad 2009",
    "et": "SpinalWhiteMatter",
    "off": 29621,
    "sff": "spinal"
  },
  {
    "docID": "N146 Fouad 2009",
    "et": "SpinalWhiteMatter",
    "off": 4222,
    "sff": "spinal"
  },
  {
    "docID": "N146 Fouad 2009",
    "et": "SpinalWhiteMatter",
    "off": 24257,
    "sff": "spinal"
  },
  {
    "docID": "N146 Fouad 2009",
    "et": "SpinalWhiteMatter",
    "off": 24385,
    "sff": "spinal"
  },
  {
    "docID": "N146 Fouad 2009",
    "et": "SpinalWhiteMatter",
    "off": 5505,
    "sff": "spinal"
  },
  {
    "docID": "N146 Fouad 2009",
    "et": "SpinalWhiteMatter",
    "off": 26619,
    "sff": "spinal"
  },
  {
    "docID": "N146 Fouad 2009",
    "et": "SpinalWhiteMatter",
    "off": 28733,
    "sff": "spinal"
  },
  {
    "docID": "N146 Fouad 2009",
    "et": "SpinalWhiteMatter",
    "off": 2758,
    "sff": "spinal"
  },
  {
    "docID": "N146 Fouad 2009",
    "et": "SpinalWhiteMatter",
    "off": 13446,
    "sff": "spinal"
  },
  {
    "docID": "N146 Fouad 2009",
    "et": "SpinalWhiteMatter",
    "off": 11784,
    "sff": "spinal"
  },
  {
    "docID": "N146 Fouad 2009",
    "et": "SpinalWhiteMatter",
    "off": 24962,
    "sff": "spinal"
  },
  {
    "docID": "N146 Fouad 2009",
    "et": "SpinalWhiteMatter",
    "off": 23237,
    "sff": "spinal"
  },
  {
    "docID": "N146 Fouad 2009",
    "et": "SpinalWhiteMatter",
    "off": 782,
    "sff": "spinal"
  },
  {
    "docID": "N146 Fouad 2009",
    "et": "SpinalWhiteMatter",
    "off": 3982,
    "sff": "spinal"
  },
  {
    "docID": "N146 Fouad 2009",
    "et": "SpinalWhiteMatter",
    "off": 26447,
    "sff": "spinal"
  },
  {
    "docID": "N146 Fouad 2009",
    "et": "SpinalWhiteMatter",
    "off": 2191,
    "sff": "spinal"
  },
  {
    "docID": "N146 Fouad 2009",
    "et": "SpinalWhiteMatter",
    "off": 29944,
    "sff": "Spinal"
  },
  {
    "docID": "N146 Fouad 2009",
    "et": "SpinalWhiteMatter",
    "off": 18321,
    "sff": "spinal"
  },
  {
    "docID": "N146 Fouad 2009",
    "et": "SpinalWhiteMatter",
    "off": 27025,
    "sff": "spinal"
  },
  {
    "docID": "N146 Fouad 2009",
    "et": "SpinalWhiteMatter",
    "off": 27466,
    "sff": "spinal"
  },
  {
    "docID": "N146 Fouad 2009",
    "et": "SpinalWhiteMatter",
    "off": 24781,
    "sff": "spinal"
  },
  {
    "docID": "N146 Fouad 2009",
    "et": "SpinalWhiteMatter",
    "off": 28887,
    "sff": "spinal"
  },
  {
    "docID": "N146 Fouad 2009",
    "et": "SpinalWhiteMatter",
    "off": 152,
    "sff": "spinal"
  },
  {
    "docID": "N146 Fouad 2009",
    "et": "SpinalWhiteMatter",
    "off": 11498,
    "sff": "white"
  },
  {
    "docID": "N146 Fouad 2009",
    "et": "SpinalWhiteMatter",
    "off": 25497,
    "sff": "spinal"
  },
  {
    "docID": "N146 Fouad 2009",
    "et": "SpinalWhiteMatter",
    "off": 18520,
    "sff": "spinal"
  },
  {
    "docID": "N146 Fouad 2009",
    "et": "SpinalWhiteMatter",
    "off": 26840,
    "sff": "spinal"
  },
  {
    "docID": "N146 Fouad 2009",
    "et": "SpinalWhiteMatter",
    "off": 29907,
    "sff": "spinal"
  },
  {
    "docID": "N146 Fouad 2009",
    "et": "SpinalWhiteMatter",
    "off": 3731,
    "sff": "spinal"
  },
  {
    "docID": "N146 Fouad 2009",
    "et": "SpinalWhiteMatter",
    "off": 27858,
    "sff": "spinal"
  },
  {
    "docID": "N146 Fouad 2009",
    "et": "SpinalWhiteMatter",
    "off": 4843,
    "sff": "Spinal"
  },
  {
    "docID": "N146 Fouad 2009",
    "et": "SpinalWhiteMatter",
    "off": 23841,
    "sff": "spinal"
  },
  {
    "docID": "N146 Fouad 2009",
    "et": "SpinalWhiteMatter",
    "off": 28257,
    "sff": "spinal"
  },
  {
    "docID": "N146 Fouad 2009",
    "et": "SpinalWhiteMatter",
    "off": 28507,
    "sff": "spinal"
  },
  {
    "docID": "N146 Fouad 2009",
    "et": "SpinalWhiteMatter",
    "off": 2972,
    "sff": "spinal"
  },
  {
    "docID": "N146 Fouad 2009",
    "et": "SpinalWhiteMatter",
    "off": 25763,
    "sff": "Spinal"
  },
  {
    "docID": "N146 Fouad 2009",
    "et": "Antibody",
    "off": 8844,
    "sff": "antibody"
  },
  {
    "docID": "N146 Fouad 2009",
    "et": "Antibody",
    "off": 8606,
    "sff": "antibody"
  },
  {
    "docID": "N146 Fouad 2009",
    "et": "Antibody",
    "off": 8770,
    "sff": "antibody"
  },
  {
    "docID": "N146 Fouad 2009",
    "et": "Antibody",
    "off": 10598,
    "sff": "antibody"
  },
  {
    "docID": "N146 Fouad 2009",
    "et": "Antibody",
    "off": 10678,
    "sff": "antibody"
  },
  {
    "docID": "N146 Fouad 2009",
    "et": "UmbilicalCordBloodStemCell",
    "off": 4850,
    "sff": "cord"
  },
  {
    "docID": "N146 Fouad 2009",
    "et": "UmbilicalCordBloodStemCell",
    "off": 27188,
    "sff": "cord"
  },
  {
    "docID": "N146 Fouad 2009",
    "et": "UmbilicalCordBloodStemCell",
    "off": 28740,
    "sff": "cord"
  },
  {
    "docID": "N146 Fouad 2009",
    "et": "UmbilicalCordBloodStemCell",
    "off": 26626,
    "sff": "cord"
  },
  {
    "docID": "N146 Fouad 2009",
    "et": "UmbilicalCordBloodStemCell",
    "off": 4229,
    "sff": "cord"
  },
  {
    "docID": "N146 Fouad 2009",
    "et": "UmbilicalCordBloodStemCell",
    "off": 24264,
    "sff": "cord"
  },
  {
    "docID": "N146 Fouad 2009",
    "et": "UmbilicalCordBloodStemCell",
    "off": 24392,
    "sff": "cord"
  },
  {
    "docID": "N146 Fouad 2009",
    "et": "UmbilicalCordBloodStemCell",
    "off": 5512,
    "sff": "cord"
  },
  {
    "docID": "N146 Fouad 2009",
    "et": "UmbilicalCordBloodStemCell",
    "off": 13563,
    "sff": "cord"
  },
  {
    "docID": "N146 Fouad 2009",
    "et": "UmbilicalCordBloodStemCell",
    "off": 17211,
    "sff": "cord"
  },
  {
    "docID": "N146 Fouad 2009",
    "et": "UmbilicalCordBloodStemCell",
    "off": 29628,
    "sff": "cord"
  },
  {
    "docID": "N146 Fouad 2009",
    "et": "UmbilicalCordBloodStemCell",
    "off": 10297,
    "sff": "cord"
  },
  {
    "docID": "N146 Fouad 2009",
    "et": "UmbilicalCordBloodStemCell",
    "off": 27641,
    "sff": "cord"
  },
  {
    "docID": "N146 Fouad 2009",
    "et": "UmbilicalCordBloodStemCell",
    "off": 5563,
    "sff": "cord"
  },
  {
    "docID": "N146 Fouad 2009",
    "et": "UmbilicalCordBloodStemCell",
    "off": 6203,
    "sff": "cord"
  },
  {
    "docID": "N146 Fouad 2009",
    "et": "UmbilicalCordBloodStemCell",
    "off": 9920,
    "sff": "cord"
  },
  {
    "docID": "N146 Fouad 2009",
    "et": "UmbilicalCordBloodStemCell",
    "off": 17361,
    "sff": "cord"
  },
  {
    "docID": "N146 Fouad 2009",
    "et": "UmbilicalCordBloodStemCell",
    "off": 27473,
    "sff": "cord"
  },
  {
    "docID": "N146 Fouad 2009",
    "et": "UmbilicalCordBloodStemCell",
    "off": 2198,
    "sff": "cord"
  },
  {
    "docID": "N146 Fouad 2009",
    "et": "UmbilicalCordBloodStemCell",
    "off": 789,
    "sff": "cord"
  },
  {
    "docID": "N146 Fouad 2009",
    "et": "UmbilicalCordBloodStemCell",
    "off": 3989,
    "sff": "cord"
  },
  {
    "docID": "N146 Fouad 2009",
    "et": "UmbilicalCordBloodStemCell",
    "off": 18328,
    "sff": "cord"
  },
  {
    "docID": "N146 Fouad 2009",
    "et": "UmbilicalCordBloodStemCell",
    "off": 27032,
    "sff": "cord"
  },
  {
    "docID": "N146 Fouad 2009",
    "et": "UmbilicalCordBloodStemCell",
    "off": 26454,
    "sff": "cord"
  },
  {
    "docID": "N146 Fouad 2009",
    "et": "UmbilicalCordBloodStemCell",
    "off": 23244,
    "sff": "cord"
  },
  {
    "docID": "N146 Fouad 2009",
    "et": "UmbilicalCordBloodStemCell",
    "off": 11791,
    "sff": "cord"
  },
  {
    "docID": "N146 Fouad 2009",
    "et": "UmbilicalCordBloodStemCell",
    "off": 2765,
    "sff": "cord"
  },
  {
    "docID": "N146 Fouad 2009",
    "et": "UmbilicalCordBloodStemCell",
    "off": 13453,
    "sff": "cord"
  },
  {
    "docID": "N146 Fouad 2009",
    "et": "UmbilicalCordBloodStemCell",
    "off": 23848,
    "sff": "cord"
  },
  {
    "docID": "N146 Fouad 2009",
    "et": "UmbilicalCordBloodStemCell",
    "off": 28264,
    "sff": "cord"
  },
  {
    "docID": "N146 Fouad 2009",
    "et": "UmbilicalCordBloodStemCell",
    "off": 3738,
    "sff": "cord"
  },
  {
    "docID": "N146 Fouad 2009",
    "et": "UmbilicalCordBloodStemCell",
    "off": 27865,
    "sff": "cord"
  },
  {
    "docID": "N146 Fouad 2009",
    "et": "UmbilicalCordBloodStemCell",
    "off": 29914,
    "sff": "cord"
  },
  {
    "docID": "N146 Fouad 2009",
    "et": "UmbilicalCordBloodStemCell",
    "off": 18527,
    "sff": "cord"
  },
  {
    "docID": "N146 Fouad 2009",
    "et": "UmbilicalCordBloodStemCell",
    "off": 26847,
    "sff": "cord"
  },
  {
    "docID": "N146 Fouad 2009",
    "et": "UmbilicalCordBloodStemCell",
    "off": 25504,
    "sff": "cord"
  },
  {
    "docID": "N146 Fouad 2009",
    "et": "UmbilicalCordBloodStemCell",
    "off": 159,
    "sff": "cord"
  },
  {
    "docID": "N146 Fouad 2009",
    "et": "UmbilicalCordBloodStemCell",
    "off": 28894,
    "sff": "cord"
  },
  {
    "docID": "N146 Fouad 2009",
    "et": "SpinalGrayMatter",
    "off": 24781,
    "sff": "spinal"
  },
  {
    "docID": "N146 Fouad 2009",
    "et": "SpinalGrayMatter",
    "off": 27466,
    "sff": "spinal"
  },
  {
    "docID": "N146 Fouad 2009",
    "et": "SpinalGrayMatter",
    "off": 2758,
    "sff": "spinal"
  },
  {
    "docID": "N146 Fouad 2009",
    "et": "SpinalGrayMatter",
    "off": 13446,
    "sff": "spinal"
  },
  {
    "docID": "N146 Fouad 2009",
    "et": "SpinalGrayMatter",
    "off": 11784,
    "sff": "spinal"
  },
  {
    "docID": "N146 Fouad 2009",
    "et": "SpinalGrayMatter",
    "off": 3731,
    "sff": "spinal"
  },
  {
    "docID": "N146 Fouad 2009",
    "et": "SpinalGrayMatter",
    "off": 27858,
    "sff": "spinal"
  },
  {
    "docID": "N146 Fouad 2009",
    "et": "SpinalGrayMatter",
    "off": 29907,
    "sff": "spinal"
  },
  {
    "docID": "N146 Fouad 2009",
    "et": "SpinalGrayMatter",
    "off": 2191,
    "sff": "spinal"
  },
  {
    "docID": "N146 Fouad 2009",
    "et": "SpinalGrayMatter",
    "off": 782,
    "sff": "spinal"
  },
  {
    "docID": "N146 Fouad 2009",
    "et": "SpinalGrayMatter",
    "off": 3982,
    "sff": "spinal"
  },
  {
    "docID": "N146 Fouad 2009",
    "et": "SpinalGrayMatter",
    "off": 18321,
    "sff": "spinal"
  },
  {
    "docID": "N146 Fouad 2009",
    "et": "SpinalGrayMatter",
    "off": 27025,
    "sff": "spinal"
  },
  {
    "docID": "N146 Fouad 2009",
    "et": "SpinalGrayMatter",
    "off": 26447,
    "sff": "spinal"
  },
  {
    "docID": "N146 Fouad 2009",
    "et": "SpinalGrayMatter",
    "off": 28733,
    "sff": "spinal"
  },
  {
    "docID": "N146 Fouad 2009",
    "et": "SpinalGrayMatter",
    "off": 29944,
    "sff": "Spinal"
  },
  {
    "docID": "N146 Fouad 2009",
    "et": "SpinalGrayMatter",
    "off": 26619,
    "sff": "spinal"
  },
  {
    "docID": "N146 Fouad 2009",
    "et": "SpinalGrayMatter",
    "off": 2230,
    "sff": "spinal"
  },
  {
    "docID": "N146 Fouad 2009",
    "et": "SpinalGrayMatter",
    "off": 9913,
    "sff": "spinal"
  },
  {
    "docID": "N146 Fouad 2009",
    "et": "SpinalGrayMatter",
    "off": 23237,
    "sff": "spinal"
  },
  {
    "docID": "N146 Fouad 2009",
    "et": "SpinalGrayMatter",
    "off": 24962,
    "sff": "spinal"
  },
  {
    "docID": "N146 Fouad 2009",
    "et": "SpinalGrayMatter",
    "off": 4222,
    "sff": "spinal"
  },
  {
    "docID": "N146 Fouad 2009",
    "et": "SpinalGrayMatter",
    "off": 24257,
    "sff": "spinal"
  },
  {
    "docID": "N146 Fouad 2009",
    "et": "SpinalGrayMatter",
    "off": 24385,
    "sff": "spinal"
  },
  {
    "docID": "N146 Fouad 2009",
    "et": "SpinalGrayMatter",
    "off": 5505,
    "sff": "spinal"
  },
  {
    "docID": "N146 Fouad 2009",
    "et": "SpinalGrayMatter",
    "off": 27181,
    "sff": "spinal"
  },
  {
    "docID": "N146 Fouad 2009",
    "et": "SpinalGrayMatter",
    "off": 4843,
    "sff": "Spinal"
  },
  {
    "docID": "N146 Fouad 2009",
    "et": "SpinalGrayMatter",
    "off": 17204,
    "sff": "spinal"
  },
  {
    "docID": "N146 Fouad 2009",
    "et": "SpinalGrayMatter",
    "off": 10290,
    "sff": "spinal"
  },
  {
    "docID": "N146 Fouad 2009",
    "et": "SpinalGrayMatter",
    "off": 29621,
    "sff": "spinal"
  },
  {
    "docID": "N146 Fouad 2009",
    "et": "SpinalGrayMatter",
    "off": 27634,
    "sff": "spinal"
  },
  {
    "docID": "N146 Fouad 2009",
    "et": "SpinalGrayMatter",
    "off": 5556,
    "sff": "spinal"
  },
  {
    "docID": "N146 Fouad 2009",
    "et": "SpinalGrayMatter",
    "off": 13556,
    "sff": "spinal"
  },
  {
    "docID": "N146 Fouad 2009",
    "et": "SpinalGrayMatter",
    "off": 2972,
    "sff": "spinal"
  },
  {
    "docID": "N146 Fouad 2009",
    "et": "SpinalGrayMatter",
    "off": 28507,
    "sff": "spinal"
  },
  {
    "docID": "N146 Fouad 2009",
    "et": "SpinalGrayMatter",
    "off": 18520,
    "sff": "spinal"
  },
  {
    "docID": "N146 Fouad 2009",
    "et": "SpinalGrayMatter",
    "off": 26840,
    "sff": "spinal"
  },
  {
    "docID": "N146 Fouad 2009",
    "et": "SpinalGrayMatter",
    "off": 25497,
    "sff": "spinal"
  },
  {
    "docID": "N146 Fouad 2009",
    "et": "SpinalGrayMatter",
    "off": 152,
    "sff": "spinal"
  },
  {
    "docID": "N146 Fouad 2009",
    "et": "SpinalGrayMatter",
    "off": 28887,
    "sff": "spinal"
  },
  {
    "docID": "N146 Fouad 2009",
    "et": "SpinalGrayMatter",
    "off": 23841,
    "sff": "spinal"
  },
  {
    "docID": "N146 Fouad 2009",
    "et": "SpinalGrayMatter",
    "off": 25763,
    "sff": "Spinal"
  },
  {
    "docID": "N146 Fouad 2009",
    "et": "SpinalGrayMatter",
    "off": 28257,
    "sff": "spinal"
  },
  {
    "docID": "N146 Fouad 2009",
    "et": "RatSpecies",
    "off": 26606,
    "sff": "rat"
  },
  {
    "docID": "N146 Fouad 2009",
    "et": "RatSpecies",
    "off": 6988,
    "sff": "rat"
  },
  {
    "docID": "N146 Fouad 2009",
    "et": "RatSpecies",
    "off": 28845,
    "sff": "rat"
  },
  {
    "docID": "N146 Fouad 2009",
    "et": "RatSpecies",
    "off": 28022,
    "sff": "rat"
  },
  {
    "docID": "N146 Fouad 2009",
    "et": "RatSpecies",
    "off": 1909,
    "sff": "rat"
  },
  {
    "docID": "N146 Fouad 2009",
    "et": "RatSpecies",
    "off": 26020,
    "sff": "rat"
  },
  {
    "docID": "N146 Fouad 2009",
    "et": "RatSpecies",
    "off": 29108,
    "sff": "rat"
  },
  {
    "docID": "N146 Fouad 2009",
    "et": "RatSpecies",
    "off": 29482,
    "sff": "rat"
  },
  {
    "docID": "N146 Fouad 2009",
    "et": "RatSpecies",
    "off": 28313,
    "sff": "rat"
  },
  {
    "docID": "N146 Fouad 2009",
    "et": "RatSpecies",
    "off": 28729,
    "sff": "rat"
  },
  {
    "docID": "N146 Fouad 2009",
    "et": "VertebralArea",
    "off": 5479,
    "sff": "vertebral"
  },
  {
    "docID": "N146 Fouad 2009",
    "et": "Caudal",
    "off": 4215,
    "sff": "caudal"
  },
  {
    "docID": "N146 Fouad 2009",
    "et": "Caudal",
    "off": 17366,
    "sff": "caudal"
  },
  {
    "docID": "N146 Fouad 2009",
    "et": "Caudal",
    "off": 23653,
    "sff": "caudal"
  },
  {
    "docID": "N146 Fouad 2009",
    "et": "Caudal",
    "off": 23249,
    "sff": "caudal"
  },
  {
    "docID": "N146 Fouad 2009",
    "et": "Caudal",
    "off": 24209,
    "sff": "caudal"
  },
  {
    "docID": "N146 Fouad 2009",
    "et": "Caudal",
    "off": 17018,
    "sff": "caudal"
  },
  {
    "docID": "N146 Fouad 2009",
    "et": "VertebralSegment",
    "off": 5479,
    "sff": "vertebral segment"
  },
  {
    "docID": "N146 Fouad 2009",
    "et": "Enzyme",
    "off": 22610,
    "sff": "enzyme"
  },
  {
    "docID": "N146 Fouad 2009",
    "et": "CurrentApplication",
    "off": 25170,
    "sff": "current"
  },
  {
    "docID": "N146 Fouad 2009",
    "et": "CurrentApplication",
    "off": 18777,
    "sff": "current"
  },
  {
    "docID": "N146 Fouad 2009",
    "et": "CurrentApplication",
    "off": 24076,
    "sff": "current"
  },
  {
    "docID": "N146 Fouad 2009",
    "et": "L1",
    "off": 10303,
    "sff": "L1"
  },
  {
    "docID": "N146 Fouad 2009",
    "et": "SchwannCell",
    "off": 5938,
    "sff": "Schwann"
  },
  {
    "docID": "N146 Fouad 2009",
    "et": "SchwannCell",
    "off": 5123,
    "sff": "Schwann"
  },
  {
    "docID": "N146 Fouad 2009",
    "et": "SchwannCell",
    "off": 27792,
    "sff": "Schwann"
  },
  {
    "docID": "N146 Fouad 2009",
    "et": "SchwannCell",
    "off": 1051,
    "sff": "Schwann"
  },
  {
    "docID": "N146 Fouad 2009",
    "et": "SchwannCell",
    "off": 27325,
    "sff": "Schwann cell"
  },
  {
    "docID": "N146 Fouad 2009",
    "et": "NewZealandRabbit",
    "off": 25430,
    "sff": "new"
  },
  {
    "docID": "N146 Fouad 2009",
    "et": "NewZealandRabbit",
    "off": 25748,
    "sff": "New"
  },
  {
    "docID": "N146 Fouad 2009",
    "et": "SigmaAldrich",
    "off": 10616,
    "sff": "Sigma"
  },
  {
    "docID": "N146 Fouad 2009",
    "et": "SigmaAldrich",
    "off": 8116,
    "sff": "Sigma"
  },
  {
    "docID": "N146 Fouad 2009",
    "et": "Lumbar",
    "off": 9906,
    "sff": "lumbar"
  },
  {
    "docID": "N146 Fouad 2009",
    "et": "Lumbar",
    "off": 24916,
    "sff": "lumbar"
  },
  {
    "docID": "N146 Fouad 2009",
    "et": "Lumbar",
    "off": 3975,
    "sff": "lumbar"
  },
  {
    "docID": "N146 Fouad 2009",
    "et": "Lumbar",
    "off": 23834,
    "sff": "lumbar"
  },
  {
    "docID": "N146 Fouad 2009",
    "et": "Lumbar",
    "off": 24250,
    "sff": "lumbar"
  },
  {
    "docID": "N146 Fouad 2009",
    "et": "Lumbar",
    "off": 24378,
    "sff": "lumbar"
  },
  {
    "docID": "N146 Fouad 2009",
    "et": "Lumbar",
    "off": 10283,
    "sff": "lumbar"
  },
  {
    "docID": "N146 Fouad 2009",
    "et": "Lumbar",
    "off": 13549,
    "sff": "lumbar"
  },
  {
    "docID": "N146 Fouad 2009",
    "et": "Lumbar",
    "off": 17197,
    "sff": "lumbar"
  },
  {
    "docID": "N146 Fouad 2009",
    "et": "Lumbar",
    "off": 13439,
    "sff": "lumbar"
  },
  {
    "docID": "N146 Fouad 2009",
    "et": "Thoracic",
    "off": 3716,
    "sff": "thoracic"
  },
  {
    "docID": "N146 Fouad 2009",
    "et": "Thoracic",
    "off": 1191,
    "sff": "thoracic"
  },
  {
    "docID": "N146 Fouad 2009",
    "et": "VertebralLocation",
    "off": 5479,
    "sff": "vertebral"
  },
  {
    "docID": "N146 Fouad 2009",
    "et": "Seikagaku",
    "off": 6263,
    "sff": "Seikagaku"
  },
  {
    "docID": "N146 Fouad 2009",
    "et": "StemCellSourceType",
    "off": 28216,
    "sff": "stem"
  },
  {
    "docID": "N146 Fouad 2009",
    "et": "StemCellSourceType",
    "off": 41,
    "sff": "cell"
  },
  {
    "docID": "N146 Fouad 2009",
    "et": "StemCellSourceType",
    "off": 27333,
    "sff": "cell"
  },
  {
    "docID": "N146 Fouad 2009",
    "et": "StemCellSourceType",
    "off": 22580,
    "sff": "cell"
  },
  {
    "docID": "N146 Fouad 2009",
    "et": "StemCellSourceType",
    "off": 4105,
    "sff": "stem"
  },
  {
    "docID": "N146 Fouad 2009",
    "et": "StemCellSourceType",
    "off": 18454,
    "sff": "cell"
  },
  {
    "docID": "N146 Fouad 2009",
    "et": "StemCellSourceType",
    "off": 25264,
    "sff": "cell"
  },
  {
    "docID": "N146 Fouad 2009",
    "et": "InVitroExperimentalProcedure",
    "off": 21050,
    "sff": "experimental"
  },
  {
    "docID": "N146 Fouad 2009",
    "et": "FischerRat",
    "off": 28362,
    "sff": "Fischer"
  },
  {
    "docID": "N146 Fouad 2009",
    "et": "FischerRat",
    "off": 4953,
    "sff": "Fischer"
  },
  {
    "docID": "N146 Fouad 2009",
    "et": "LongEvansRat",
    "off": 24138,
    "sff": "long"
  },
  {
    "docID": "N146 Fouad 2009",
    "et": "Cell",
    "off": 25264,
    "sff": "cell"
  },
  {
    "docID": "N146 Fouad 2009",
    "et": "Cell",
    "off": 18454,
    "sff": "cell"
  },
  {
    "docID": "N146 Fouad 2009",
    "et": "Cell",
    "off": 41,
    "sff": "cell"
  },
  {
    "docID": "N146 Fouad 2009",
    "et": "Cell",
    "off": 27333,
    "sff": "cell"
  },
  {
    "docID": "N146 Fouad 2009",
    "et": "Cell",
    "off": 22580,
    "sff": "cell"
  },
  {
    "docID": "N146 Fouad 2009",
    "et": "SpinalDorsalHalf",
    "off": 2191,
    "sff": "spinal"
  },
  {
    "docID": "N146 Fouad 2009",
    "et": "SpinalDorsalHalf",
    "off": 26447,
    "sff": "spinal"
  },
  {
    "docID": "N146 Fouad 2009",
    "et": "SpinalDorsalHalf",
    "off": 782,
    "sff": "spinal"
  },
  {
    "docID": "N146 Fouad 2009",
    "et": "SpinalDorsalHalf",
    "off": 3982,
    "sff": "spinal"
  },
  {
    "docID": "N146 Fouad 2009",
    "et": "SpinalDorsalHalf",
    "off": 24781,
    "sff": "spinal"
  },
  {
    "docID": "N146 Fouad 2009",
    "et": "SpinalDorsalHalf",
    "off": 3731,
    "sff": "spinal"
  },
  {
    "docID": "N146 Fouad 2009",
    "et": "SpinalDorsalHalf",
    "off": 29907,
    "sff": "spinal"
  },
  {
    "docID": "N146 Fouad 2009",
    "et": "SpinalDorsalHalf",
    "off": 27858,
    "sff": "spinal"
  },
  {
    "docID": "N146 Fouad 2009",
    "et": "SpinalDorsalHalf",
    "off": 18321,
    "sff": "spinal"
  },
  {
    "docID": "N146 Fouad 2009",
    "et": "SpinalDorsalHalf",
    "off": 27025,
    "sff": "spinal"
  },
  {
    "docID": "N146 Fouad 2009",
    "et": "SpinalDorsalHalf",
    "off": 28887,
    "sff": "spinal"
  },
  {
    "docID": "N146 Fouad 2009",
    "et": "SpinalDorsalHalf",
    "off": 28507,
    "sff": "spinal"
  },
  {
    "docID": "N146 Fouad 2009",
    "et": "SpinalDorsalHalf",
    "off": 25497,
    "sff": "spinal"
  },
  {
    "docID": "N146 Fouad 2009",
    "et": "SpinalDorsalHalf",
    "off": 152,
    "sff": "spinal"
  },
  {
    "docID": "N146 Fouad 2009",
    "et": "SpinalDorsalHalf",
    "off": 18520,
    "sff": "spinal"
  },
  {
    "docID": "N146 Fouad 2009",
    "et": "SpinalDorsalHalf",
    "off": 26840,
    "sff": "spinal"
  },
  {
    "docID": "N146 Fouad 2009",
    "et": "SpinalDorsalHalf",
    "off": 4222,
    "sff": "spinal"
  },
  {
    "docID": "N146 Fouad 2009",
    "et": "SpinalDorsalHalf",
    "off": 28733,
    "sff": "spinal"
  },
  {
    "docID": "N146 Fouad 2009",
    "et": "SpinalDorsalHalf",
    "off": 24962,
    "sff": "spinal"
  },
  {
    "docID": "N146 Fouad 2009",
    "et": "SpinalDorsalHalf",
    "off": 5505,
    "sff": "spinal"
  },
  {
    "docID": "N146 Fouad 2009",
    "et": "SpinalDorsalHalf",
    "off": 24257,
    "sff": "spinal"
  },
  {
    "docID": "N146 Fouad 2009",
    "et": "SpinalDorsalHalf",
    "off": 24385,
    "sff": "spinal"
  },
  {
    "docID": "N146 Fouad 2009",
    "et": "SpinalDorsalHalf",
    "off": 2758,
    "sff": "spinal"
  },
  {
    "docID": "N146 Fouad 2009",
    "et": "SpinalDorsalHalf",
    "off": 13446,
    "sff": "spinal"
  },
  {
    "docID": "N146 Fouad 2009",
    "et": "SpinalDorsalHalf",
    "off": 23237,
    "sff": "spinal"
  },
  {
    "docID": "N146 Fouad 2009",
    "et": "SpinalDorsalHalf",
    "off": 27466,
    "sff": "spinal"
  },
  {
    "docID": "N146 Fouad 2009",
    "et": "SpinalDorsalHalf",
    "off": 11784,
    "sff": "spinal"
  },
  {
    "docID": "N146 Fouad 2009",
    "et": "SpinalDorsalHalf",
    "off": 4843,
    "sff": "Spinal"
  },
  {
    "docID": "N146 Fouad 2009",
    "et": "SpinalDorsalHalf",
    "off": 27181,
    "sff": "spinal"
  },
  {
    "docID": "N146 Fouad 2009",
    "et": "SpinalDorsalHalf",
    "off": 10290,
    "sff": "spinal"
  },
  {
    "docID": "N146 Fouad 2009",
    "et": "SpinalDorsalHalf",
    "off": 27634,
    "sff": "spinal"
  },
  {
    "docID": "N146 Fouad 2009",
    "et": "SpinalDorsalHalf",
    "off": 2230,
    "sff": "spinal"
  },
  {
    "docID": "N146 Fouad 2009",
    "et": "SpinalDorsalHalf",
    "off": 25763,
    "sff": "Spinal"
  },
  {
    "docID": "N146 Fouad 2009",
    "et": "SpinalDorsalHalf",
    "off": 29621,
    "sff": "spinal"
  },
  {
    "docID": "N146 Fouad 2009",
    "et": "SpinalDorsalHalf",
    "off": 5556,
    "sff": "spinal"
  },
  {
    "docID": "N146 Fouad 2009",
    "et": "SpinalDorsalHalf",
    "off": 13556,
    "sff": "spinal"
  },
  {
    "docID": "N146 Fouad 2009",
    "et": "SpinalDorsalHalf",
    "off": 17204,
    "sff": "spinal"
  },
  {
    "docID": "N146 Fouad 2009",
    "et": "SpinalDorsalHalf",
    "off": 26619,
    "sff": "spinal"
  },
  {
    "docID": "N146 Fouad 2009",
    "et": "SpinalDorsalHalf",
    "off": 9913,
    "sff": "spinal"
  },
  {
    "docID": "N146 Fouad 2009",
    "et": "SpinalDorsalHalf",
    "off": 29944,
    "sff": "Spinal"
  },
  {
    "docID": "N146 Fouad 2009",
    "et": "SpinalDorsalHalf",
    "off": 2972,
    "sff": "spinal"
  },
  {
    "docID": "N146 Fouad 2009",
    "et": "SpinalDorsalHalf",
    "off": 23841,
    "sff": "spinal"
  },
  {
    "docID": "N146 Fouad 2009",
    "et": "SpinalDorsalHalf",
    "off": 28257,
    "sff": "spinal"
  },
  {
    "docID": "N146 Fouad 2009",
    "et": "17BetaEstradiolE2",
    "off": 29056,
    "sff": "17"
  },
  {
    "docID": "N146 Fouad 2009",
    "et": "Water",
    "off": 10851,
    "sff": "water"
  },
  {
    "docID": "N146 Fouad 2009",
    "et": "ExperimentalProcedure",
    "off": 21050,
    "sff": "experimental"
  },
  {
    "docID": "N146 Fouad 2009",
    "et": "BrainDerivedNeurotrophicFactor",
    "off": 26025,
    "sff": "Brain"
  },
  {
    "docID": "N146 Fouad 2009",
    "et": "BrainDerivedNeurotrophicFactor",
    "off": 4099,
    "sff": "brain"
  },
  {
    "docID": "N146 Fouad 2009",
    "et": "BrainDerivedNeurotrophicFactor",
    "off": 28090,
    "sff": "Brain"
  },
  {
    "docID": "N146 Fouad 2009",
    "et": "BrainDerivedNeurotrophicFactor",
    "off": 29852,
    "sff": "Brain"
  }
]
