[
  {
    "docID": "N151 Huang 2010",
    "et": "InhalationDelivery",
    "off": 13275,
    "sff": "inhalation"
  },
  {
    "docID": "N151 Huang 2010",
    "et": "OlfactoryEnsheathingGliaCell",
    "off": 6291,
    "sff": "olfactory ensheathing"
  },
  {
    "docID": "N151 Huang 2010",
    "et": "OlfactoryEnsheathingGliaCell",
    "off": 6760,
    "sff": "olfactory"
  },
  {
    "docID": "N151 Huang 2010",
    "et": "OlfactoryEnsheathingGliaCell",
    "off": 1698,
    "sff": "olfactory"
  },
  {
    "docID": "N151 Huang 2010",
    "et": "OlfactoryEnsheathingGliaCell",
    "off": 2495,
    "sff": "olfactory"
  },
  {
    "docID": "N151 Huang 2010",
    "et": "OlfactoryEnsheathingGliaCell",
    "off": 6685,
    "sff": "olfactory"
  },
  {
    "docID": "N151 Huang 2010",
    "et": "OlfactoryEnsheathingGliaCell",
    "off": 90,
    "sff": "olfactory"
  },
  {
    "docID": "N151 Huang 2010",
    "et": "MesenchymalStemCell",
    "off": 6626,
    "sff": "stem cell"
  },
  {
    "docID": "N151 Huang 2010",
    "et": "MesenchymalStemCell",
    "off": 6626,
    "sff": "stem"
  },
  {
    "docID": "N151 Huang 2010",
    "et": "MesenchymalStemCell",
    "off": 18340,
    "sff": "stem"
  },
  {
    "docID": "N151 Huang 2010",
    "et": "MesenchymalStemCell",
    "off": 11647,
    "sff": "stem"
  },
  {
    "docID": "N151 Huang 2010",
    "et": "MesenchymalStemCell",
    "off": 11680,
    "sff": "stem"
  },
  {
    "docID": "N151 Huang 2010",
    "et": "MesenchymalStemCell",
    "off": 11680,
    "sff": "stem cell"
  },
  {
    "docID": "N151 Huang 2010",
    "et": "MesenchymalStemCell",
    "off": 11647,
    "sff": "stem cell"
  },
  {
    "docID": "N151 Huang 2010",
    "et": "Syringe",
    "off": 9333,
    "sff": "syringe"
  },
  {
    "docID": "N151 Huang 2010",
    "et": "Syringe",
    "off": 13096,
    "sff": "syringe"
  },
  {
    "docID": "N151 Huang 2010",
    "et": "SpinalSubduralArea",
    "off": 14215,
    "sff": "spinal"
  },
  {
    "docID": "N151 Huang 2010",
    "et": "SpinalSubduralArea",
    "off": 10888,
    "sff": "spinal"
  },
  {
    "docID": "N151 Huang 2010",
    "et": "SpinalSubduralArea",
    "off": 16386,
    "sff": "spinal"
  },
  {
    "docID": "N151 Huang 2010",
    "et": "SpinalSubduralArea",
    "off": 6404,
    "sff": "spinal"
  },
  {
    "docID": "N151 Huang 2010",
    "et": "SpinalSubduralArea",
    "off": 9533,
    "sff": "spinal"
  },
  {
    "docID": "N151 Huang 2010",
    "et": "SpinalSubduralArea",
    "off": 5694,
    "sff": "spinal"
  },
  {
    "docID": "N151 Huang 2010",
    "et": "SpinalSubduralArea",
    "off": 9475,
    "sff": "Spinal"
  },
  {
    "docID": "N151 Huang 2010",
    "et": "SpinalSubduralArea",
    "off": 16890,
    "sff": "spinal"
  },
  {
    "docID": "N151 Huang 2010",
    "et": "SpinalSubduralArea",
    "off": 1019,
    "sff": "spinal"
  },
  {
    "docID": "N151 Huang 2010",
    "et": "SpinalSubduralArea",
    "off": 10678,
    "sff": "spinal"
  },
  {
    "docID": "N151 Huang 2010",
    "et": "SpinalSubduralArea",
    "off": 2040,
    "sff": "spinal"
  },
  {
    "docID": "N151 Huang 2010",
    "et": "SpinalSubduralArea",
    "off": 4600,
    "sff": "spinal"
  },
  {
    "docID": "N151 Huang 2010",
    "et": "SpinalSubduralArea",
    "off": 3570,
    "sff": "spinal"
  },
  {
    "docID": "N151 Huang 2010",
    "et": "SpinalSubduralArea",
    "off": 3828,
    "sff": "spinal"
  },
  {
    "docID": "N151 Huang 2010",
    "et": "SpinalSubduralArea",
    "off": 11822,
    "sff": "spinal"
  },
  {
    "docID": "N151 Huang 2010",
    "et": "SpinalSubduralArea",
    "off": 4848,
    "sff": "spinal"
  },
  {
    "docID": "N151 Huang 2010",
    "et": "SpinalSubduralArea",
    "off": 12464,
    "sff": "spinal"
  },
  {
    "docID": "N151 Huang 2010",
    "et": "SpinalSubduralArea",
    "off": 17961,
    "sff": "spinal"
  },
  {
    "docID": "N151 Huang 2010",
    "et": "SpinalSubduralArea",
    "off": 2154,
    "sff": "spinal"
  },
  {
    "docID": "N151 Huang 2010",
    "et": "SpinalSubduralArea",
    "off": 12582,
    "sff": "spinal"
  },
  {
    "docID": "N151 Huang 2010",
    "et": "SpinalSubduralArea",
    "off": 10600,
    "sff": "spinal"
  },
  {
    "docID": "N151 Huang 2010",
    "et": "SpinalSubduralArea",
    "off": 1569,
    "sff": "spinal"
  },
  {
    "docID": "N151 Huang 2010",
    "et": "SpinalSubduralArea",
    "off": 12066,
    "sff": "spinal"
  },
  {
    "docID": "N151 Huang 2010",
    "et": "SpinalSubduralArea",
    "off": 4068,
    "sff": "spinal"
  },
  {
    "docID": "N151 Huang 2010",
    "et": "SpinalSubduralArea",
    "off": 5284,
    "sff": "spinal"
  },
  {
    "docID": "N151 Huang 2010",
    "et": "SpinalSubduralArea",
    "off": 3677,
    "sff": "spinal"
  },
  {
    "docID": "N151 Huang 2010",
    "et": "SpinalSubduralArea",
    "off": 17247,
    "sff": "spinal"
  },
  {
    "docID": "N151 Huang 2010",
    "et": "SpinalSubduralArea",
    "off": 1945,
    "sff": "spinal"
  },
  {
    "docID": "N151 Huang 2010",
    "et": "SpinalSubduralArea",
    "off": 3291,
    "sff": "spinal"
  },
  {
    "docID": "N151 Huang 2010",
    "et": "SpinalSubduralArea",
    "off": 11547,
    "sff": "spinal"
  },
  {
    "docID": "N151 Huang 2010",
    "et": "SpinalSubduralArea",
    "off": 2392,
    "sff": "spinal"
  },
  {
    "docID": "N151 Huang 2010",
    "et": "SpinalSubduralArea",
    "off": 9304,
    "sff": "spinal"
  },
  {
    "docID": "N151 Huang 2010",
    "et": "SpinalSubduralArea",
    "off": 11224,
    "sff": "spinal"
  },
  {
    "docID": "N151 Huang 2010",
    "et": "SpinalSubduralArea",
    "off": 18,
    "sff": "spinal"
  },
  {
    "docID": "N151 Huang 2010",
    "et": "SpinalSubduralArea",
    "off": 17807,
    "sff": "spinal"
  },
  {
    "docID": "N151 Huang 2010",
    "et": "SpinalSubduralArea",
    "off": 13067,
    "sff": "spinal"
  },
  {
    "docID": "N151 Huang 2010",
    "et": "SpinalFiberTract",
    "off": 11822,
    "sff": "spinal"
  },
  {
    "docID": "N151 Huang 2010",
    "et": "SpinalFiberTract",
    "off": 2154,
    "sff": "spinal"
  },
  {
    "docID": "N151 Huang 2010",
    "et": "SpinalFiberTract",
    "off": 10600,
    "sff": "spinal"
  },
  {
    "docID": "N151 Huang 2010",
    "et": "SpinalFiberTract",
    "off": 17961,
    "sff": "spinal"
  },
  {
    "docID": "N151 Huang 2010",
    "et": "SpinalFiberTract",
    "off": 10678,
    "sff": "spinal"
  },
  {
    "docID": "N151 Huang 2010",
    "et": "SpinalFiberTract",
    "off": 3828,
    "sff": "spinal"
  },
  {
    "docID": "N151 Huang 2010",
    "et": "SpinalFiberTract",
    "off": 3570,
    "sff": "spinal"
  },
  {
    "docID": "N151 Huang 2010",
    "et": "SpinalFiberTract",
    "off": 4848,
    "sff": "spinal"
  },
  {
    "docID": "N151 Huang 2010",
    "et": "SpinalFiberTract",
    "off": 12464,
    "sff": "spinal"
  },
  {
    "docID": "N151 Huang 2010",
    "et": "SpinalFiberTract",
    "off": 17247,
    "sff": "spinal"
  },
  {
    "docID": "N151 Huang 2010",
    "et": "SpinalFiberTract",
    "off": 3677,
    "sff": "spinal"
  },
  {
    "docID": "N151 Huang 2010",
    "et": "SpinalFiberTract",
    "off": 3291,
    "sff": "spinal"
  },
  {
    "docID": "N151 Huang 2010",
    "et": "SpinalFiberTract",
    "off": 11547,
    "sff": "spinal"
  },
  {
    "docID": "N151 Huang 2010",
    "et": "SpinalFiberTract",
    "off": 2392,
    "sff": "spinal"
  },
  {
    "docID": "N151 Huang 2010",
    "et": "SpinalFiberTract",
    "off": 9304,
    "sff": "spinal"
  },
  {
    "docID": "N151 Huang 2010",
    "et": "SpinalFiberTract",
    "off": 11224,
    "sff": "spinal"
  },
  {
    "docID": "N151 Huang 2010",
    "et": "SpinalFiberTract",
    "off": 1945,
    "sff": "spinal"
  },
  {
    "docID": "N151 Huang 2010",
    "et": "SpinalFiberTract",
    "off": 12582,
    "sff": "spinal"
  },
  {
    "docID": "N151 Huang 2010",
    "et": "SpinalFiberTract",
    "off": 4068,
    "sff": "spinal"
  },
  {
    "docID": "N151 Huang 2010",
    "et": "SpinalFiberTract",
    "off": 5284,
    "sff": "spinal"
  },
  {
    "docID": "N151 Huang 2010",
    "et": "SpinalFiberTract",
    "off": 12066,
    "sff": "spinal"
  },
  {
    "docID": "N151 Huang 2010",
    "et": "SpinalFiberTract",
    "off": 1569,
    "sff": "spinal"
  },
  {
    "docID": "N151 Huang 2010",
    "et": "SpinalFiberTract",
    "off": 17807,
    "sff": "spinal"
  },
  {
    "docID": "N151 Huang 2010",
    "et": "SpinalFiberTract",
    "off": 13067,
    "sff": "spinal"
  },
  {
    "docID": "N151 Huang 2010",
    "et": "SpinalFiberTract",
    "off": 10888,
    "sff": "spinal"
  },
  {
    "docID": "N151 Huang 2010",
    "et": "SpinalFiberTract",
    "off": 18,
    "sff": "spinal"
  },
  {
    "docID": "N151 Huang 2010",
    "et": "SpinalFiberTract",
    "off": 5694,
    "sff": "spinal"
  },
  {
    "docID": "N151 Huang 2010",
    "et": "SpinalFiberTract",
    "off": 9533,
    "sff": "spinal"
  },
  {
    "docID": "N151 Huang 2010",
    "et": "SpinalFiberTract",
    "off": 1019,
    "sff": "spinal"
  },
  {
    "docID": "N151 Huang 2010",
    "et": "SpinalFiberTract",
    "off": 16890,
    "sff": "spinal"
  },
  {
    "docID": "N151 Huang 2010",
    "et": "SpinalFiberTract",
    "off": 2040,
    "sff": "spinal"
  },
  {
    "docID": "N151 Huang 2010",
    "et": "SpinalFiberTract",
    "off": 4600,
    "sff": "spinal"
  },
  {
    "docID": "N151 Huang 2010",
    "et": "SpinalFiberTract",
    "off": 14215,
    "sff": "spinal"
  },
  {
    "docID": "N151 Huang 2010",
    "et": "SpinalFiberTract",
    "off": 6404,
    "sff": "spinal"
  },
  {
    "docID": "N151 Huang 2010",
    "et": "SpinalFiberTract",
    "off": 9475,
    "sff": "Spinal"
  },
  {
    "docID": "N151 Huang 2010",
    "et": "SpinalFiberTract",
    "off": 16386,
    "sff": "spinal"
  },
  {
    "docID": "N151 Huang 2010",
    "et": "DeliveryMethod",
    "off": 16675,
    "sff": "delivery"
  },
  {
    "docID": "N151 Huang 2010",
    "et": "DeliveryMethod",
    "off": 49,
    "sff": "delivery"
  },
  {
    "docID": "N151 Huang 2010",
    "et": "DeliveryMethod",
    "off": 16776,
    "sff": "delivery"
  },
  {
    "docID": "N151 Huang 2010",
    "et": "DeliveryMethod",
    "off": 17672,
    "sff": "delivery"
  },
  {
    "docID": "N151 Huang 2010",
    "et": "DeliveryMethod",
    "off": 5766,
    "sff": "delivery"
  },
  {
    "docID": "N151 Huang 2010",
    "et": "DeliveryMethod",
    "off": 17733,
    "sff": "delivery"
  },
  {
    "docID": "N151 Huang 2010",
    "et": "DeliveryMethod",
    "off": 13452,
    "sff": "delivery"
  },
  {
    "docID": "N151 Huang 2010",
    "et": "DeliveryMethod",
    "off": 1273,
    "sff": "delivery"
  },
  {
    "docID": "N151 Huang 2010",
    "et": "DeliveryMethod",
    "off": 9353,
    "sff": "delivery"
  },
  {
    "docID": "N151 Huang 2010",
    "et": "DeliveryMethod",
    "off": 16191,
    "sff": "delivery"
  },
  {
    "docID": "N151 Huang 2010",
    "et": "DeliveryMethod",
    "off": 4718,
    "sff": "delivery"
  },
  {
    "docID": "N151 Huang 2010",
    "et": "SpinalVentralHalf",
    "off": 17247,
    "sff": "spinal"
  },
  {
    "docID": "N151 Huang 2010",
    "et": "SpinalVentralHalf",
    "off": 3677,
    "sff": "spinal"
  },
  {
    "docID": "N151 Huang 2010",
    "et": "SpinalVentralHalf",
    "off": 3291,
    "sff": "spinal"
  },
  {
    "docID": "N151 Huang 2010",
    "et": "SpinalVentralHalf",
    "off": 11547,
    "sff": "spinal"
  },
  {
    "docID": "N151 Huang 2010",
    "et": "SpinalVentralHalf",
    "off": 1945,
    "sff": "spinal"
  },
  {
    "docID": "N151 Huang 2010",
    "et": "SpinalVentralHalf",
    "off": 2392,
    "sff": "spinal"
  },
  {
    "docID": "N151 Huang 2010",
    "et": "SpinalVentralHalf",
    "off": 9304,
    "sff": "spinal"
  },
  {
    "docID": "N151 Huang 2010",
    "et": "SpinalVentralHalf",
    "off": 11224,
    "sff": "spinal"
  },
  {
    "docID": "N151 Huang 2010",
    "et": "SpinalVentralHalf",
    "off": 18,
    "sff": "spinal"
  },
  {
    "docID": "N151 Huang 2010",
    "et": "SpinalVentralHalf",
    "off": 4848,
    "sff": "spinal"
  },
  {
    "docID": "N151 Huang 2010",
    "et": "SpinalVentralHalf",
    "off": 12464,
    "sff": "spinal"
  },
  {
    "docID": "N151 Huang 2010",
    "et": "SpinalVentralHalf",
    "off": 11822,
    "sff": "spinal"
  },
  {
    "docID": "N151 Huang 2010",
    "et": "SpinalVentralHalf",
    "off": 2154,
    "sff": "spinal"
  },
  {
    "docID": "N151 Huang 2010",
    "et": "SpinalVentralHalf",
    "off": 17961,
    "sff": "spinal"
  },
  {
    "docID": "N151 Huang 2010",
    "et": "SpinalVentralHalf",
    "off": 10600,
    "sff": "spinal"
  },
  {
    "docID": "N151 Huang 2010",
    "et": "SpinalVentralHalf",
    "off": 12582,
    "sff": "spinal"
  },
  {
    "docID": "N151 Huang 2010",
    "et": "SpinalVentralHalf",
    "off": 4068,
    "sff": "spinal"
  },
  {
    "docID": "N151 Huang 2010",
    "et": "SpinalVentralHalf",
    "off": 5284,
    "sff": "spinal"
  },
  {
    "docID": "N151 Huang 2010",
    "et": "SpinalVentralHalf",
    "off": 12066,
    "sff": "spinal"
  },
  {
    "docID": "N151 Huang 2010",
    "et": "SpinalVentralHalf",
    "off": 1569,
    "sff": "spinal"
  },
  {
    "docID": "N151 Huang 2010",
    "et": "SpinalVentralHalf",
    "off": 5694,
    "sff": "spinal"
  },
  {
    "docID": "N151 Huang 2010",
    "et": "SpinalVentralHalf",
    "off": 9533,
    "sff": "spinal"
  },
  {
    "docID": "N151 Huang 2010",
    "et": "SpinalVentralHalf",
    "off": 1019,
    "sff": "spinal"
  },
  {
    "docID": "N151 Huang 2010",
    "et": "SpinalVentralHalf",
    "off": 16890,
    "sff": "spinal"
  },
  {
    "docID": "N151 Huang 2010",
    "et": "SpinalVentralHalf",
    "off": 2040,
    "sff": "spinal"
  },
  {
    "docID": "N151 Huang 2010",
    "et": "SpinalVentralHalf",
    "off": 4600,
    "sff": "spinal"
  },
  {
    "docID": "N151 Huang 2010",
    "et": "SpinalVentralHalf",
    "off": 10678,
    "sff": "spinal"
  },
  {
    "docID": "N151 Huang 2010",
    "et": "SpinalVentralHalf",
    "off": 3828,
    "sff": "spinal"
  },
  {
    "docID": "N151 Huang 2010",
    "et": "SpinalVentralHalf",
    "off": 3570,
    "sff": "spinal"
  },
  {
    "docID": "N151 Huang 2010",
    "et": "SpinalVentralHalf",
    "off": 17807,
    "sff": "spinal"
  },
  {
    "docID": "N151 Huang 2010",
    "et": "SpinalVentralHalf",
    "off": 13067,
    "sff": "spinal"
  },
  {
    "docID": "N151 Huang 2010",
    "et": "SpinalVentralHalf",
    "off": 10888,
    "sff": "spinal"
  },
  {
    "docID": "N151 Huang 2010",
    "et": "SpinalVentralHalf",
    "off": 14215,
    "sff": "spinal"
  },
  {
    "docID": "N151 Huang 2010",
    "et": "SpinalVentralHalf",
    "off": 9475,
    "sff": "Spinal"
  },
  {
    "docID": "N151 Huang 2010",
    "et": "SpinalVentralHalf",
    "off": 6404,
    "sff": "spinal"
  },
  {
    "docID": "N151 Huang 2010",
    "et": "SpinalVentralHalf",
    "off": 16386,
    "sff": "spinal"
  },
  {
    "docID": "N151 Huang 2010",
    "et": "Rostral",
    "off": 3503,
    "sff": "rostral"
  },
  {
    "docID": "N151 Huang 2010",
    "et": "DorsalColumn",
    "off": 17319,
    "sff": "dorsal"
  },
  {
    "docID": "N151 Huang 2010",
    "et": "ChondroitinaseABC",
    "off": 61,
    "sff": "chondroitinase ABC"
  },
  {
    "docID": "N151 Huang 2010",
    "et": "ChondroitinaseABC",
    "off": 5309,
    "sff": "Chondroitinase ABC"
  },
  {
    "docID": "N151 Huang 2010",
    "et": "ChondroitinaseABC",
    "off": 1045,
    "sff": "Chondroitinase ABC"
  },
  {
    "docID": "N151 Huang 2010",
    "et": "Left",
    "off": 4471,
    "sff": "left"
  },
  {
    "docID": "N151 Huang 2010",
    "et": "Left",
    "off": 4561,
    "sff": "left"
  },
  {
    "docID": "N151 Huang 2010",
    "et": "InjectionDelivery",
    "off": 1300,
    "sff": "injection"
  },
  {
    "docID": "N151 Huang 2010",
    "et": "InjectionDelivery",
    "off": 5818,
    "sff": "injection"
  },
  {
    "docID": "N151 Huang 2010",
    "et": "InjectionDelivery",
    "off": 17562,
    "sff": "injection"
  },
  {
    "docID": "N151 Huang 2010",
    "et": "SpinalLesionSite",
    "off": 1019,
    "sff": "spinal"
  },
  {
    "docID": "N151 Huang 2010",
    "et": "SpinalLesionSite",
    "off": 16890,
    "sff": "spinal"
  },
  {
    "docID": "N151 Huang 2010",
    "et": "SpinalLesionSite",
    "off": 12476,
    "sff": "lesion"
  },
  {
    "docID": "N151 Huang 2010",
    "et": "SpinalLesionSite",
    "off": 2040,
    "sff": "spinal"
  },
  {
    "docID": "N151 Huang 2010",
    "et": "SpinalLesionSite",
    "off": 4600,
    "sff": "spinal"
  },
  {
    "docID": "N151 Huang 2010",
    "et": "SpinalLesionSite",
    "off": 10690,
    "sff": "lesion"
  },
  {
    "docID": "N151 Huang 2010",
    "et": "SpinalLesionSite",
    "off": 5184,
    "sff": "lesion"
  },
  {
    "docID": "N151 Huang 2010",
    "et": "SpinalLesionSite",
    "off": 6404,
    "sff": "spinal"
  },
  {
    "docID": "N151 Huang 2010",
    "et": "SpinalLesionSite",
    "off": 16386,
    "sff": "spinal"
  },
  {
    "docID": "N151 Huang 2010",
    "et": "SpinalLesionSite",
    "off": 6100,
    "sff": "lesion site"
  },
  {
    "docID": "N151 Huang 2010",
    "et": "SpinalLesionSite",
    "off": 5184,
    "sff": "lesion site"
  },
  {
    "docID": "N151 Huang 2010",
    "et": "SpinalLesionSite",
    "off": 17070,
    "sff": "lesion"
  },
  {
    "docID": "N151 Huang 2010",
    "et": "SpinalLesionSite",
    "off": 2154,
    "sff": "spinal"
  },
  {
    "docID": "N151 Huang 2010",
    "et": "SpinalLesionSite",
    "off": 10600,
    "sff": "spinal"
  },
  {
    "docID": "N151 Huang 2010",
    "et": "SpinalLesionSite",
    "off": 3828,
    "sff": "spinal"
  },
  {
    "docID": "N151 Huang 2010",
    "et": "SpinalLesionSite",
    "off": 11559,
    "sff": "lesion"
  },
  {
    "docID": "N151 Huang 2010",
    "et": "SpinalLesionSite",
    "off": 3570,
    "sff": "spinal"
  },
  {
    "docID": "N151 Huang 2010",
    "et": "SpinalLesionSite",
    "off": 4848,
    "sff": "spinal"
  },
  {
    "docID": "N151 Huang 2010",
    "et": "SpinalLesionSite",
    "off": 3291,
    "sff": "spinal"
  },
  {
    "docID": "N151 Huang 2010",
    "et": "SpinalLesionSite",
    "off": 4126,
    "sff": "lesion"
  },
  {
    "docID": "N151 Huang 2010",
    "et": "SpinalLesionSite",
    "off": 2392,
    "sff": "spinal"
  },
  {
    "docID": "N151 Huang 2010",
    "et": "SpinalLesionSite",
    "off": 9304,
    "sff": "spinal"
  },
  {
    "docID": "N151 Huang 2010",
    "et": "SpinalLesionSite",
    "off": 11224,
    "sff": "spinal"
  },
  {
    "docID": "N151 Huang 2010",
    "et": "SpinalLesionSite",
    "off": 1001,
    "sff": "lesion site"
  },
  {
    "docID": "N151 Huang 2010",
    "et": "SpinalLesionSite",
    "off": 9505,
    "sff": "lesion"
  },
  {
    "docID": "N151 Huang 2010",
    "et": "SpinalLesionSite",
    "off": 4068,
    "sff": "spinal"
  },
  {
    "docID": "N151 Huang 2010",
    "et": "SpinalLesionSite",
    "off": 6389,
    "sff": "lesion site"
  },
  {
    "docID": "N151 Huang 2010",
    "et": "SpinalLesionSite",
    "off": 17247,
    "sff": "spinal"
  },
  {
    "docID": "N151 Huang 2010",
    "et": "SpinalLesionSite",
    "off": 16753,
    "sff": "lesion site"
  },
  {
    "docID": "N151 Huang 2010",
    "et": "SpinalLesionSite",
    "off": 3677,
    "sff": "spinal"
  },
  {
    "docID": "N151 Huang 2010",
    "et": "SpinalLesionSite",
    "off": 1550,
    "sff": "lesion"
  },
  {
    "docID": "N151 Huang 2010",
    "et": "SpinalLesionSite",
    "off": 16398,
    "sff": "lesion"
  },
  {
    "docID": "N151 Huang 2010",
    "et": "SpinalLesionSite",
    "off": 1550,
    "sff": "lesion site"
  },
  {
    "docID": "N151 Huang 2010",
    "et": "SpinalLesionSite",
    "off": 1794,
    "sff": "lesion"
  },
  {
    "docID": "N151 Huang 2010",
    "et": "SpinalLesionSite",
    "off": 10678,
    "sff": "spinal"
  },
  {
    "docID": "N151 Huang 2010",
    "et": "SpinalLesionSite",
    "off": 6389,
    "sff": "lesion"
  },
  {
    "docID": "N151 Huang 2010",
    "et": "SpinalLesionSite",
    "off": 10612,
    "sff": "lesion"
  },
  {
    "docID": "N151 Huang 2010",
    "et": "SpinalLesionSite",
    "off": 9475,
    "sff": "Spinal"
  },
  {
    "docID": "N151 Huang 2010",
    "et": "SpinalLesionSite",
    "off": 10363,
    "sff": "lesion"
  },
  {
    "docID": "N151 Huang 2010",
    "et": "SpinalLesionSite",
    "off": 5694,
    "sff": "spinal"
  },
  {
    "docID": "N151 Huang 2010",
    "et": "SpinalLesionSite",
    "off": 9533,
    "sff": "spinal"
  },
  {
    "docID": "N151 Huang 2010",
    "et": "SpinalLesionSite",
    "off": 17961,
    "sff": "spinal"
  },
  {
    "docID": "N151 Huang 2010",
    "et": "SpinalLesionSite",
    "off": 10363,
    "sff": "lesion site"
  },
  {
    "docID": "N151 Huang 2010",
    "et": "SpinalLesionSite",
    "off": 12582,
    "sff": "spinal"
  },
  {
    "docID": "N151 Huang 2010",
    "et": "SpinalLesionSite",
    "off": 16753,
    "sff": "lesion"
  },
  {
    "docID": "N151 Huang 2010",
    "et": "SpinalLesionSite",
    "off": 2023,
    "sff": "lesion"
  },
  {
    "docID": "N151 Huang 2010",
    "et": "SpinalLesionSite",
    "off": 11236,
    "sff": "lesion"
  },
  {
    "docID": "N151 Huang 2010",
    "et": "SpinalLesionSite",
    "off": 12464,
    "sff": "spinal"
  },
  {
    "docID": "N151 Huang 2010",
    "et": "SpinalLesionSite",
    "off": 1001,
    "sff": "lesion"
  },
  {
    "docID": "N151 Huang 2010",
    "et": "SpinalLesionSite",
    "off": 3689,
    "sff": "lesion"
  },
  {
    "docID": "N151 Huang 2010",
    "et": "SpinalLesionSite",
    "off": 11822,
    "sff": "spinal"
  },
  {
    "docID": "N151 Huang 2010",
    "et": "SpinalLesionSite",
    "off": 1794,
    "sff": "lesion site"
  },
  {
    "docID": "N151 Huang 2010",
    "et": "SpinalLesionSite",
    "off": 11547,
    "sff": "spinal"
  },
  {
    "docID": "N151 Huang 2010",
    "et": "SpinalLesionSite",
    "off": 1945,
    "sff": "spinal"
  },
  {
    "docID": "N151 Huang 2010",
    "et": "SpinalLesionSite",
    "off": 17070,
    "sff": "lesion site"
  },
  {
    "docID": "N151 Huang 2010",
    "et": "SpinalLesionSite",
    "off": 5284,
    "sff": "spinal"
  },
  {
    "docID": "N151 Huang 2010",
    "et": "SpinalLesionSite",
    "off": 12066,
    "sff": "spinal"
  },
  {
    "docID": "N151 Huang 2010",
    "et": "SpinalLesionSite",
    "off": 1569,
    "sff": "spinal"
  },
  {
    "docID": "N151 Huang 2010",
    "et": "SpinalLesionSite",
    "off": 6100,
    "sff": "lesion"
  },
  {
    "docID": "N151 Huang 2010",
    "et": "SpinalLesionSite",
    "off": 9561,
    "sff": "lesion"
  },
  {
    "docID": "N151 Huang 2010",
    "et": "SpinalLesionSite",
    "off": 13067,
    "sff": "spinal"
  },
  {
    "docID": "N151 Huang 2010",
    "et": "SpinalLesionSite",
    "off": 17230,
    "sff": "lesion"
  },
  {
    "docID": "N151 Huang 2010",
    "et": "SpinalLesionSite",
    "off": 10888,
    "sff": "spinal"
  },
  {
    "docID": "N151 Huang 2010",
    "et": "SpinalLesionSite",
    "off": 14215,
    "sff": "spinal"
  },
  {
    "docID": "N151 Huang 2010",
    "et": "SpinalLesionSite",
    "off": 11559,
    "sff": "lesion site"
  },
  {
    "docID": "N151 Huang 2010",
    "et": "SpinalLesionSite",
    "off": 18,
    "sff": "spinal"
  },
  {
    "docID": "N151 Huang 2010",
    "et": "SpinalLesionSite",
    "off": 5706,
    "sff": "lesion"
  },
  {
    "docID": "N151 Huang 2010",
    "et": "SpinalLesionSite",
    "off": 17807,
    "sff": "spinal"
  },
  {
    "docID": "N151 Huang 2010",
    "et": "T8",
    "off": 3354,
    "sff": "T8"
  },
  {
    "docID": "N151 Huang 2010",
    "et": "AnimalSpecies",
    "off": 1331,
    "sff": "animal"
  },
  {
    "docID": "N151 Huang 2010",
    "et": "AnimalSpecies",
    "off": 15024,
    "sff": "animal"
  },
  {
    "docID": "N151 Huang 2010",
    "et": "AnimalSpecies",
    "off": 4318,
    "sff": "animal"
  },
  {
    "docID": "N151 Huang 2010",
    "et": "AnimalSpecies",
    "off": 15228,
    "sff": "animal"
  },
  {
    "docID": "N151 Huang 2010",
    "et": "AnimalSpecies",
    "off": 5513,
    "sff": "animal"
  },
  {
    "docID": "N151 Huang 2010",
    "et": "AnimalSpecies",
    "off": 5847,
    "sff": "animal"
  },
  {
    "docID": "N151 Huang 2010",
    "et": "AnimalSpecies",
    "off": 13365,
    "sff": "animal"
  },
  {
    "docID": "N151 Huang 2010",
    "et": "ModificationTreatment",
    "off": 12305,
    "sff": "modification"
  },
  {
    "docID": "N151 Huang 2010",
    "et": "ModificationTreatment",
    "off": 16974,
    "sff": "modification"
  },
  {
    "docID": "N151 Huang 2010",
    "et": "TreadmillTraining",
    "off": 4444,
    "sff": "treadmill"
  },
  {
    "docID": "N151 Huang 2010",
    "et": "TreadmillTraining",
    "off": 13372,
    "sff": "treadmill"
  },
  {
    "docID": "N151 Huang 2010",
    "et": "TreadmillTraining",
    "off": 13824,
    "sff": "treadmill training"
  },
  {
    "docID": "N151 Huang 2010",
    "et": "TreadmillTraining",
    "off": 13980,
    "sff": "treadmill"
  },
  {
    "docID": "N151 Huang 2010",
    "et": "TreadmillTraining",
    "off": 15356,
    "sff": "treadmill"
  },
  {
    "docID": "N151 Huang 2010",
    "et": "TreadmillTraining",
    "off": 14461,
    "sff": "treadmill"
  },
  {
    "docID": "N151 Huang 2010",
    "et": "TreadmillTraining",
    "off": 2280,
    "sff": "treadmill"
  },
  {
    "docID": "N151 Huang 2010",
    "et": "TreadmillTraining",
    "off": 16483,
    "sff": "treadmill"
  },
  {
    "docID": "N151 Huang 2010",
    "et": "TreadmillTraining",
    "off": 13775,
    "sff": "treadmill"
  },
  {
    "docID": "N151 Huang 2010",
    "et": "TreadmillTraining",
    "off": 4241,
    "sff": "treadmill"
  },
  {
    "docID": "N151 Huang 2010",
    "et": "TreadmillTraining",
    "off": 4330,
    "sff": "treadmill"
  },
  {
    "docID": "N151 Huang 2010",
    "et": "TreadmillTraining",
    "off": 16018,
    "sff": "treadmill training"
  },
  {
    "docID": "N151 Huang 2010",
    "et": "TreadmillTraining",
    "off": 19307,
    "sff": "treadmill"
  },
  {
    "docID": "N151 Huang 2010",
    "et": "TreadmillTraining",
    "off": 14101,
    "sff": "treadmill training"
  },
  {
    "docID": "N151 Huang 2010",
    "et": "TreadmillTraining",
    "off": 13651,
    "sff": "treadmill"
  },
  {
    "docID": "N151 Huang 2010",
    "et": "TreadmillTraining",
    "off": 14587,
    "sff": "treadmill training"
  },
  {
    "docID": "N151 Huang 2010",
    "et": "TreadmillTraining",
    "off": 15763,
    "sff": "treadmill"
  },
  {
    "docID": "N151 Huang 2010",
    "et": "Right",
    "off": 4480,
    "sff": "right"
  },
  {
    "docID": "N151 Huang 2010",
    "et": "Right",
    "off": 15515,
    "sff": "right"
  },
  {
    "docID": "N151 Huang 2010",
    "et": "Right",
    "off": 4570,
    "sff": "right"
  },
  {
    "docID": "N151 Huang 2010",
    "et": "TemperatureTreatment",
    "off": 8022,
    "sff": "temperature"
  },
  {
    "docID": "N151 Huang 2010",
    "et": "TemperatureTreatment",
    "off": 8137,
    "sff": "temperature"
  },
  {
    "docID": "N151 Huang 2010",
    "et": "Intrathecal",
    "off": 1343,
    "sff": "intrathecal"
  },
  {
    "docID": "N151 Huang 2010",
    "et": "Intrathecal",
    "off": 16834,
    "sff": "intrathecal"
  },
  {
    "docID": "N151 Huang 2010",
    "et": "Intrathecal",
    "off": 17538,
    "sff": "intrathecal"
  },
  {
    "docID": "N151 Huang 2010",
    "et": "Intrathecal",
    "off": 5788,
    "sff": "intrathecal"
  },
  {
    "docID": "N151 Huang 2010",
    "et": "Intrathecal",
    "off": 13176,
    "sff": "intrathecal"
  },
  {
    "docID": "N151 Huang 2010",
    "et": "PBS",
    "off": 8010,
    "sff": "PBS"
  },
  {
    "docID": "N151 Huang 2010",
    "et": "PBS",
    "off": 8093,
    "sff": "PBS"
  },
  {
    "docID": "N151 Huang 2010",
    "et": "PBS",
    "off": 8205,
    "sff": "PBS"
  },
  {
    "docID": "N151 Huang 2010",
    "et": "PBS",
    "off": 9413,
    "sff": "PBS"
  },
  {
    "docID": "N151 Huang 2010",
    "et": "PBS",
    "off": 9828,
    "sff": "PBS"
  },
  {
    "docID": "N151 Huang 2010",
    "et": "StemCell",
    "off": 18340,
    "sff": "stem"
  },
  {
    "docID": "N151 Huang 2010",
    "et": "StemCell",
    "off": 11680,
    "sff": "stem cell"
  },
  {
    "docID": "N151 Huang 2010",
    "et": "StemCell",
    "off": 11647,
    "sff": "stem cell"
  },
  {
    "docID": "N151 Huang 2010",
    "et": "StemCell",
    "off": 6626,
    "sff": "stem cell"
  },
  {
    "docID": "N151 Huang 2010",
    "et": "SpinalCord",
    "off": 18,
    "sff": "spinal cord"
  },
  {
    "docID": "N151 Huang 2010",
    "et": "SpinalCord",
    "off": 9533,
    "sff": "spinal"
  },
  {
    "docID": "N151 Huang 2010",
    "et": "SpinalCord",
    "off": 1945,
    "sff": "spinal cord"
  },
  {
    "docID": "N151 Huang 2010",
    "et": "SpinalCord",
    "off": 2392,
    "sff": "spinal cord"
  },
  {
    "docID": "N151 Huang 2010",
    "et": "SpinalCord",
    "off": 9304,
    "sff": "spinal cord"
  },
  {
    "docID": "N151 Huang 2010",
    "et": "SpinalCord",
    "off": 11224,
    "sff": "spinal cord"
  },
  {
    "docID": "N151 Huang 2010",
    "et": "SpinalCord",
    "off": 13067,
    "sff": "spinal cord"
  },
  {
    "docID": "N151 Huang 2010",
    "et": "SpinalCord",
    "off": 17807,
    "sff": "spinal cord"
  },
  {
    "docID": "N151 Huang 2010",
    "et": "SpinalCord",
    "off": 12066,
    "sff": "spinal cord"
  },
  {
    "docID": "N151 Huang 2010",
    "et": "SpinalCord",
    "off": 4068,
    "sff": "spinal cord"
  },
  {
    "docID": "N151 Huang 2010",
    "et": "SpinalCord",
    "off": 17961,
    "sff": "spinal cord"
  },
  {
    "docID": "N151 Huang 2010",
    "et": "SpinalCord",
    "off": 10600,
    "sff": "spinal cord"
  },
  {
    "docID": "N151 Huang 2010",
    "et": "SpinalCord",
    "off": 3291,
    "sff": "spinal cord"
  },
  {
    "docID": "N151 Huang 2010",
    "et": "SpinalCord",
    "off": 11547,
    "sff": "spinal cord"
  },
  {
    "docID": "N151 Huang 2010",
    "et": "SpinalCord",
    "off": 3677,
    "sff": "spinal cord"
  },
  {
    "docID": "N151 Huang 2010",
    "et": "SpinalCord",
    "off": 17247,
    "sff": "spinal cord"
  },
  {
    "docID": "N151 Huang 2010",
    "et": "SpinalCord",
    "off": 1569,
    "sff": "spinal cord"
  },
  {
    "docID": "N151 Huang 2010",
    "et": "SpinalCord",
    "off": 3570,
    "sff": "spinal cord"
  },
  {
    "docID": "N151 Huang 2010",
    "et": "SpinalCord",
    "off": 3828,
    "sff": "spinal cord"
  },
  {
    "docID": "N151 Huang 2010",
    "et": "SpinalCord",
    "off": 10678,
    "sff": "spinal cord"
  },
  {
    "docID": "N151 Huang 2010",
    "et": "SpinalCord",
    "off": 2040,
    "sff": "spinal cord"
  },
  {
    "docID": "N151 Huang 2010",
    "et": "SpinalCord",
    "off": 4600,
    "sff": "spinal cord"
  },
  {
    "docID": "N151 Huang 2010",
    "et": "SpinalCord",
    "off": 2154,
    "sff": "spinal cord"
  },
  {
    "docID": "N151 Huang 2010",
    "et": "SpinalCord",
    "off": 11822,
    "sff": "spinal cord"
  },
  {
    "docID": "N151 Huang 2010",
    "et": "SpinalCord",
    "off": 4848,
    "sff": "spinal cord"
  },
  {
    "docID": "N151 Huang 2010",
    "et": "SpinalCord",
    "off": 12464,
    "sff": "spinal cord"
  },
  {
    "docID": "N151 Huang 2010",
    "et": "SpinalCord",
    "off": 9475,
    "sff": "Spinal cord"
  },
  {
    "docID": "N151 Huang 2010",
    "et": "SpinalCord",
    "off": 16386,
    "sff": "spinal cord"
  },
  {
    "docID": "N151 Huang 2010",
    "et": "SpinalCord",
    "off": 6404,
    "sff": "spinal cord"
  },
  {
    "docID": "N151 Huang 2010",
    "et": "SpinalCord",
    "off": 14215,
    "sff": "spinal cord"
  },
  {
    "docID": "N151 Huang 2010",
    "et": "SpinalCord",
    "off": 12582,
    "sff": "spinal"
  },
  {
    "docID": "N151 Huang 2010",
    "et": "SpinalCord",
    "off": 10888,
    "sff": "spinal cord"
  },
  {
    "docID": "N151 Huang 2010",
    "et": "SpinalCord",
    "off": 1019,
    "sff": "spinal cord"
  },
  {
    "docID": "N151 Huang 2010",
    "et": "SpinalCord",
    "off": 16890,
    "sff": "spinal cord"
  },
  {
    "docID": "N151 Huang 2010",
    "et": "SpinalCord",
    "off": 5284,
    "sff": "spinal"
  },
  {
    "docID": "N151 Huang 2010",
    "et": "SpinalCord",
    "off": 5694,
    "sff": "spinal cord"
  },
  {
    "docID": "N151 Huang 2010",
    "et": "Proliferation",
    "off": 2472,
    "sff": "proliferation"
  },
  {
    "docID": "N151 Huang 2010",
    "et": "LesionAdjacentTissue",
    "off": 6100,
    "sff": "lesion"
  },
  {
    "docID": "N151 Huang 2010",
    "et": "LesionAdjacentTissue",
    "off": 10612,
    "sff": "lesion"
  },
  {
    "docID": "N151 Huang 2010",
    "et": "LesionAdjacentTissue",
    "off": 6389,
    "sff": "lesion"
  },
  {
    "docID": "N151 Huang 2010",
    "et": "LesionAdjacentTissue",
    "off": 16753,
    "sff": "lesion"
  },
  {
    "docID": "N151 Huang 2010",
    "et": "LesionAdjacentTissue",
    "off": 1550,
    "sff": "lesion"
  },
  {
    "docID": "N151 Huang 2010",
    "et": "LesionAdjacentTissue",
    "off": 16398,
    "sff": "lesion"
  },
  {
    "docID": "N151 Huang 2010",
    "et": "LesionAdjacentTissue",
    "off": 17070,
    "sff": "lesion"
  },
  {
    "docID": "N151 Huang 2010",
    "et": "LesionAdjacentTissue",
    "off": 17230,
    "sff": "lesion"
  },
  {
    "docID": "N151 Huang 2010",
    "et": "LesionAdjacentTissue",
    "off": 2023,
    "sff": "lesion"
  },
  {
    "docID": "N151 Huang 2010",
    "et": "LesionAdjacentTissue",
    "off": 11559,
    "sff": "lesion"
  },
  {
    "docID": "N151 Huang 2010",
    "et": "LesionAdjacentTissue",
    "off": 5706,
    "sff": "lesion"
  },
  {
    "docID": "N151 Huang 2010",
    "et": "LesionAdjacentTissue",
    "off": 1001,
    "sff": "lesion"
  },
  {
    "docID": "N151 Huang 2010",
    "et": "LesionAdjacentTissue",
    "off": 3689,
    "sff": "lesion"
  },
  {
    "docID": "N151 Huang 2010",
    "et": "LesionAdjacentTissue",
    "off": 11236,
    "sff": "lesion"
  },
  {
    "docID": "N151 Huang 2010",
    "et": "LesionAdjacentTissue",
    "off": 5184,
    "sff": "lesion"
  },
  {
    "docID": "N151 Huang 2010",
    "et": "LesionAdjacentTissue",
    "off": 1794,
    "sff": "lesion"
  },
  {
    "docID": "N151 Huang 2010",
    "et": "LesionAdjacentTissue",
    "off": 10690,
    "sff": "lesion"
  },
  {
    "docID": "N151 Huang 2010",
    "et": "LesionAdjacentTissue",
    "off": 9505,
    "sff": "lesion"
  },
  {
    "docID": "N151 Huang 2010",
    "et": "LesionAdjacentTissue",
    "off": 12476,
    "sff": "lesion"
  },
  {
    "docID": "N151 Huang 2010",
    "et": "LesionAdjacentTissue",
    "off": 10363,
    "sff": "lesion"
  },
  {
    "docID": "N151 Huang 2010",
    "et": "LesionAdjacentTissue",
    "off": 4126,
    "sff": "lesion"
  },
  {
    "docID": "N151 Huang 2010",
    "et": "LesionAdjacentTissue",
    "off": 9561,
    "sff": "lesion"
  },
  {
    "docID": "N151 Huang 2010",
    "et": "CentralNervousSystem",
    "off": 12225,
    "sff": "nervous"
  },
  {
    "docID": "N151 Huang 2010",
    "et": "CentralNervousSystem",
    "off": 12225,
    "sff": "nervous system"
  },
  {
    "docID": "N151 Huang 2010",
    "et": "SpinalCentralPart",
    "off": 6404,
    "sff": "spinal"
  },
  {
    "docID": "N151 Huang 2010",
    "et": "SpinalCentralPart",
    "off": 16386,
    "sff": "spinal"
  },
  {
    "docID": "N151 Huang 2010",
    "et": "SpinalCentralPart",
    "off": 9475,
    "sff": "Spinal"
  },
  {
    "docID": "N151 Huang 2010",
    "et": "SpinalCentralPart",
    "off": 5694,
    "sff": "spinal"
  },
  {
    "docID": "N151 Huang 2010",
    "et": "SpinalCentralPart",
    "off": 13067,
    "sff": "spinal"
  },
  {
    "docID": "N151 Huang 2010",
    "et": "SpinalCentralPart",
    "off": 10888,
    "sff": "spinal"
  },
  {
    "docID": "N151 Huang 2010",
    "et": "SpinalCentralPart",
    "off": 14215,
    "sff": "spinal"
  },
  {
    "docID": "N151 Huang 2010",
    "et": "SpinalCentralPart",
    "off": 18,
    "sff": "spinal"
  },
  {
    "docID": "N151 Huang 2010",
    "et": "SpinalCentralPart",
    "off": 17807,
    "sff": "spinal"
  },
  {
    "docID": "N151 Huang 2010",
    "et": "SpinalCentralPart",
    "off": 3677,
    "sff": "spinal"
  },
  {
    "docID": "N151 Huang 2010",
    "et": "SpinalCentralPart",
    "off": 3291,
    "sff": "spinal"
  },
  {
    "docID": "N151 Huang 2010",
    "et": "SpinalCentralPart",
    "off": 11547,
    "sff": "spinal"
  },
  {
    "docID": "N151 Huang 2010",
    "et": "SpinalCentralPart",
    "off": 2392,
    "sff": "spinal"
  },
  {
    "docID": "N151 Huang 2010",
    "et": "SpinalCentralPart",
    "off": 9304,
    "sff": "spinal"
  },
  {
    "docID": "N151 Huang 2010",
    "et": "SpinalCentralPart",
    "off": 11224,
    "sff": "spinal"
  },
  {
    "docID": "N151 Huang 2010",
    "et": "SpinalCentralPart",
    "off": 1945,
    "sff": "spinal"
  },
  {
    "docID": "N151 Huang 2010",
    "et": "SpinalCentralPart",
    "off": 4068,
    "sff": "spinal"
  },
  {
    "docID": "N151 Huang 2010",
    "et": "SpinalCentralPart",
    "off": 5284,
    "sff": "spinal"
  },
  {
    "docID": "N151 Huang 2010",
    "et": "SpinalCentralPart",
    "off": 12066,
    "sff": "spinal"
  },
  {
    "docID": "N151 Huang 2010",
    "et": "SpinalCentralPart",
    "off": 1569,
    "sff": "spinal"
  },
  {
    "docID": "N151 Huang 2010",
    "et": "SpinalCentralPart",
    "off": 17247,
    "sff": "spinal"
  },
  {
    "docID": "N151 Huang 2010",
    "et": "SpinalCentralPart",
    "off": 2154,
    "sff": "spinal"
  },
  {
    "docID": "N151 Huang 2010",
    "et": "SpinalCentralPart",
    "off": 10600,
    "sff": "spinal"
  },
  {
    "docID": "N151 Huang 2010",
    "et": "SpinalCentralPart",
    "off": 17961,
    "sff": "spinal"
  },
  {
    "docID": "N151 Huang 2010",
    "et": "SpinalCentralPart",
    "off": 12582,
    "sff": "spinal"
  },
  {
    "docID": "N151 Huang 2010",
    "et": "SpinalCentralPart",
    "off": 3828,
    "sff": "spinal"
  },
  {
    "docID": "N151 Huang 2010",
    "et": "SpinalCentralPart",
    "off": 3570,
    "sff": "spinal"
  },
  {
    "docID": "N151 Huang 2010",
    "et": "SpinalCentralPart",
    "off": 4848,
    "sff": "spinal"
  },
  {
    "docID": "N151 Huang 2010",
    "et": "SpinalCentralPart",
    "off": 12464,
    "sff": "spinal"
  },
  {
    "docID": "N151 Huang 2010",
    "et": "SpinalCentralPart",
    "off": 11822,
    "sff": "spinal"
  },
  {
    "docID": "N151 Huang 2010",
    "et": "SpinalCentralPart",
    "off": 9533,
    "sff": "spinal"
  },
  {
    "docID": "N151 Huang 2010",
    "et": "SpinalCentralPart",
    "off": 16890,
    "sff": "spinal"
  },
  {
    "docID": "N151 Huang 2010",
    "et": "SpinalCentralPart",
    "off": 1019,
    "sff": "spinal"
  },
  {
    "docID": "N151 Huang 2010",
    "et": "SpinalCentralPart",
    "off": 2040,
    "sff": "spinal"
  },
  {
    "docID": "N151 Huang 2010",
    "et": "SpinalCentralPart",
    "off": 4600,
    "sff": "spinal"
  },
  {
    "docID": "N151 Huang 2010",
    "et": "SpinalCentralPart",
    "off": 10678,
    "sff": "spinal"
  },
  {
    "docID": "N151 Huang 2010",
    "et": "SpinalWhiteMatter",
    "off": 5694,
    "sff": "spinal"
  },
  {
    "docID": "N151 Huang 2010",
    "et": "SpinalWhiteMatter",
    "off": 9533,
    "sff": "spinal"
  },
  {
    "docID": "N151 Huang 2010",
    "et": "SpinalWhiteMatter",
    "off": 1019,
    "sff": "spinal"
  },
  {
    "docID": "N151 Huang 2010",
    "et": "SpinalWhiteMatter",
    "off": 16890,
    "sff": "spinal"
  },
  {
    "docID": "N151 Huang 2010",
    "et": "SpinalWhiteMatter",
    "off": 2040,
    "sff": "spinal"
  },
  {
    "docID": "N151 Huang 2010",
    "et": "SpinalWhiteMatter",
    "off": 4600,
    "sff": "spinal"
  },
  {
    "docID": "N151 Huang 2010",
    "et": "SpinalWhiteMatter",
    "off": 3515,
    "sff": "white"
  },
  {
    "docID": "N151 Huang 2010",
    "et": "SpinalWhiteMatter",
    "off": 10678,
    "sff": "spinal"
  },
  {
    "docID": "N151 Huang 2010",
    "et": "SpinalWhiteMatter",
    "off": 3828,
    "sff": "spinal"
  },
  {
    "docID": "N151 Huang 2010",
    "et": "SpinalWhiteMatter",
    "off": 3570,
    "sff": "spinal"
  },
  {
    "docID": "N151 Huang 2010",
    "et": "SpinalWhiteMatter",
    "off": 4848,
    "sff": "spinal"
  },
  {
    "docID": "N151 Huang 2010",
    "et": "SpinalWhiteMatter",
    "off": 12464,
    "sff": "spinal"
  },
  {
    "docID": "N151 Huang 2010",
    "et": "SpinalWhiteMatter",
    "off": 11822,
    "sff": "spinal"
  },
  {
    "docID": "N151 Huang 2010",
    "et": "SpinalWhiteMatter",
    "off": 2154,
    "sff": "spinal"
  },
  {
    "docID": "N151 Huang 2010",
    "et": "SpinalWhiteMatter",
    "off": 10600,
    "sff": "spinal"
  },
  {
    "docID": "N151 Huang 2010",
    "et": "SpinalWhiteMatter",
    "off": 17961,
    "sff": "spinal"
  },
  {
    "docID": "N151 Huang 2010",
    "et": "SpinalWhiteMatter",
    "off": 12582,
    "sff": "spinal"
  },
  {
    "docID": "N151 Huang 2010",
    "et": "SpinalWhiteMatter",
    "off": 4068,
    "sff": "spinal"
  },
  {
    "docID": "N151 Huang 2010",
    "et": "SpinalWhiteMatter",
    "off": 5284,
    "sff": "spinal"
  },
  {
    "docID": "N151 Huang 2010",
    "et": "SpinalWhiteMatter",
    "off": 12066,
    "sff": "spinal"
  },
  {
    "docID": "N151 Huang 2010",
    "et": "SpinalWhiteMatter",
    "off": 1569,
    "sff": "spinal"
  },
  {
    "docID": "N151 Huang 2010",
    "et": "SpinalWhiteMatter",
    "off": 17247,
    "sff": "spinal"
  },
  {
    "docID": "N151 Huang 2010",
    "et": "SpinalWhiteMatter",
    "off": 3677,
    "sff": "spinal"
  },
  {
    "docID": "N151 Huang 2010",
    "et": "SpinalWhiteMatter",
    "off": 3291,
    "sff": "spinal"
  },
  {
    "docID": "N151 Huang 2010",
    "et": "SpinalWhiteMatter",
    "off": 11547,
    "sff": "spinal"
  },
  {
    "docID": "N151 Huang 2010",
    "et": "SpinalWhiteMatter",
    "off": 2392,
    "sff": "spinal"
  },
  {
    "docID": "N151 Huang 2010",
    "et": "SpinalWhiteMatter",
    "off": 9304,
    "sff": "spinal"
  },
  {
    "docID": "N151 Huang 2010",
    "et": "SpinalWhiteMatter",
    "off": 11224,
    "sff": "spinal"
  },
  {
    "docID": "N151 Huang 2010",
    "et": "SpinalWhiteMatter",
    "off": 1945,
    "sff": "spinal"
  },
  {
    "docID": "N151 Huang 2010",
    "et": "SpinalWhiteMatter",
    "off": 3550,
    "sff": "white"
  },
  {
    "docID": "N151 Huang 2010",
    "et": "SpinalWhiteMatter",
    "off": 18,
    "sff": "spinal"
  },
  {
    "docID": "N151 Huang 2010",
    "et": "SpinalWhiteMatter",
    "off": 3332,
    "sff": "white"
  },
  {
    "docID": "N151 Huang 2010",
    "et": "SpinalWhiteMatter",
    "off": 17807,
    "sff": "spinal"
  },
  {
    "docID": "N151 Huang 2010",
    "et": "SpinalWhiteMatter",
    "off": 13067,
    "sff": "spinal"
  },
  {
    "docID": "N151 Huang 2010",
    "et": "SpinalWhiteMatter",
    "off": 10888,
    "sff": "spinal"
  },
  {
    "docID": "N151 Huang 2010",
    "et": "SpinalWhiteMatter",
    "off": 14215,
    "sff": "spinal"
  },
  {
    "docID": "N151 Huang 2010",
    "et": "SpinalWhiteMatter",
    "off": 6404,
    "sff": "spinal"
  },
  {
    "docID": "N151 Huang 2010",
    "et": "SpinalWhiteMatter",
    "off": 9475,
    "sff": "Spinal"
  },
  {
    "docID": "N151 Huang 2010",
    "et": "SpinalWhiteMatter",
    "off": 16386,
    "sff": "spinal"
  },
  {
    "docID": "N151 Huang 2010",
    "et": "Catheter",
    "off": 16846,
    "sff": "catheter"
  },
  {
    "docID": "N151 Huang 2010",
    "et": "Catheter",
    "off": 17550,
    "sff": "catheter"
  },
  {
    "docID": "N151 Huang 2010",
    "et": "Catheter",
    "off": 1355,
    "sff": "catheter"
  },
  {
    "docID": "N151 Huang 2010",
    "et": "Catheter",
    "off": 5800,
    "sff": "catheter"
  },
  {
    "docID": "N151 Huang 2010",
    "et": "Catheter",
    "off": 13188,
    "sff": "catheter"
  },
  {
    "docID": "N151 Huang 2010",
    "et": "MacrophageCell",
    "off": 17012,
    "sff": "macrophage"
  },
  {
    "docID": "N151 Huang 2010",
    "et": "Antibody",
    "off": 10043,
    "sff": "antibody"
  },
  {
    "docID": "N151 Huang 2010",
    "et": "Antibody",
    "off": 9855,
    "sff": "antibody"
  },
  {
    "docID": "N151 Huang 2010",
    "et": "UmbilicalCordBloodStemCell",
    "off": 6411,
    "sff": "cord"
  },
  {
    "docID": "N151 Huang 2010",
    "et": "UmbilicalCordBloodStemCell",
    "off": 14222,
    "sff": "cord"
  },
  {
    "docID": "N151 Huang 2010",
    "et": "UmbilicalCordBloodStemCell",
    "off": 16393,
    "sff": "cord"
  },
  {
    "docID": "N151 Huang 2010",
    "et": "UmbilicalCordBloodStemCell",
    "off": 9482,
    "sff": "cord"
  },
  {
    "docID": "N151 Huang 2010",
    "et": "UmbilicalCordBloodStemCell",
    "off": 17814,
    "sff": "cord"
  },
  {
    "docID": "N151 Huang 2010",
    "et": "UmbilicalCordBloodStemCell",
    "off": 10895,
    "sff": "cord"
  },
  {
    "docID": "N151 Huang 2010",
    "et": "UmbilicalCordBloodStemCell",
    "off": 13074,
    "sff": "cord"
  },
  {
    "docID": "N151 Huang 2010",
    "et": "UmbilicalCordBloodStemCell",
    "off": 25,
    "sff": "cord"
  },
  {
    "docID": "N151 Huang 2010",
    "et": "UmbilicalCordBloodStemCell",
    "off": 3298,
    "sff": "cord"
  },
  {
    "docID": "N151 Huang 2010",
    "et": "UmbilicalCordBloodStemCell",
    "off": 1952,
    "sff": "cord"
  },
  {
    "docID": "N151 Huang 2010",
    "et": "UmbilicalCordBloodStemCell",
    "off": 2399,
    "sff": "cord"
  },
  {
    "docID": "N151 Huang 2010",
    "et": "UmbilicalCordBloodStemCell",
    "off": 17254,
    "sff": "cord"
  },
  {
    "docID": "N151 Huang 2010",
    "et": "UmbilicalCordBloodStemCell",
    "off": 9311,
    "sff": "cord"
  },
  {
    "docID": "N151 Huang 2010",
    "et": "UmbilicalCordBloodStemCell",
    "off": 11231,
    "sff": "cord"
  },
  {
    "docID": "N151 Huang 2010",
    "et": "UmbilicalCordBloodStemCell",
    "off": 3684,
    "sff": "cord"
  },
  {
    "docID": "N151 Huang 2010",
    "et": "UmbilicalCordBloodStemCell",
    "off": 11554,
    "sff": "cord"
  },
  {
    "docID": "N151 Huang 2010",
    "et": "UmbilicalCordBloodStemCell",
    "off": 1576,
    "sff": "cord"
  },
  {
    "docID": "N151 Huang 2010",
    "et": "UmbilicalCordBloodStemCell",
    "off": 12073,
    "sff": "cord"
  },
  {
    "docID": "N151 Huang 2010",
    "et": "UmbilicalCordBloodStemCell",
    "off": 4075,
    "sff": "cord"
  },
  {
    "docID": "N151 Huang 2010",
    "et": "UmbilicalCordBloodStemCell",
    "off": 2161,
    "sff": "cord"
  },
  {
    "docID": "N151 Huang 2010",
    "et": "UmbilicalCordBloodStemCell",
    "off": 11829,
    "sff": "cord"
  },
  {
    "docID": "N151 Huang 2010",
    "et": "UmbilicalCordBloodStemCell",
    "off": 10607,
    "sff": "cord"
  },
  {
    "docID": "N151 Huang 2010",
    "et": "UmbilicalCordBloodStemCell",
    "off": 17968,
    "sff": "cord"
  },
  {
    "docID": "N151 Huang 2010",
    "et": "UmbilicalCordBloodStemCell",
    "off": 3577,
    "sff": "cord"
  },
  {
    "docID": "N151 Huang 2010",
    "et": "UmbilicalCordBloodStemCell",
    "off": 10685,
    "sff": "cord"
  },
  {
    "docID": "N151 Huang 2010",
    "et": "UmbilicalCordBloodStemCell",
    "off": 4855,
    "sff": "cord"
  },
  {
    "docID": "N151 Huang 2010",
    "et": "UmbilicalCordBloodStemCell",
    "off": 12471,
    "sff": "cord"
  },
  {
    "docID": "N151 Huang 2010",
    "et": "UmbilicalCordBloodStemCell",
    "off": 3835,
    "sff": "cord"
  },
  {
    "docID": "N151 Huang 2010",
    "et": "UmbilicalCordBloodStemCell",
    "off": 1026,
    "sff": "cord"
  },
  {
    "docID": "N151 Huang 2010",
    "et": "UmbilicalCordBloodStemCell",
    "off": 2047,
    "sff": "cord"
  },
  {
    "docID": "N151 Huang 2010",
    "et": "UmbilicalCordBloodStemCell",
    "off": 4607,
    "sff": "cord"
  },
  {
    "docID": "N151 Huang 2010",
    "et": "UmbilicalCordBloodStemCell",
    "off": 5701,
    "sff": "cord"
  },
  {
    "docID": "N151 Huang 2010",
    "et": "UmbilicalCordBloodStemCell",
    "off": 16897,
    "sff": "cord"
  },
  {
    "docID": "N151 Huang 2010",
    "et": "GlialCell",
    "off": 17879,
    "sff": "glial"
  },
  {
    "docID": "N151 Huang 2010",
    "et": "GlialCell",
    "off": 951,
    "sff": "glial"
  },
  {
    "docID": "N151 Huang 2010",
    "et": "GlialCell",
    "off": 6923,
    "sff": "glial cell"
  },
  {
    "docID": "N151 Huang 2010",
    "et": "GlialCell",
    "off": 5261,
    "sff": "glial"
  },
  {
    "docID": "N151 Huang 2010",
    "et": "InfusionDelivery",
    "off": 17506,
    "sff": "infusion"
  },
  {
    "docID": "N151 Huang 2010",
    "et": "SpinalGrayMatter",
    "off": 12066,
    "sff": "spinal"
  },
  {
    "docID": "N151 Huang 2010",
    "et": "SpinalGrayMatter",
    "off": 1569,
    "sff": "spinal"
  },
  {
    "docID": "N151 Huang 2010",
    "et": "SpinalGrayMatter",
    "off": 17961,
    "sff": "spinal"
  },
  {
    "docID": "N151 Huang 2010",
    "et": "SpinalGrayMatter",
    "off": 3677,
    "sff": "spinal"
  },
  {
    "docID": "N151 Huang 2010",
    "et": "SpinalGrayMatter",
    "off": 3291,
    "sff": "spinal"
  },
  {
    "docID": "N151 Huang 2010",
    "et": "SpinalGrayMatter",
    "off": 11547,
    "sff": "spinal"
  },
  {
    "docID": "N151 Huang 2010",
    "et": "SpinalGrayMatter",
    "off": 1945,
    "sff": "spinal"
  },
  {
    "docID": "N151 Huang 2010",
    "et": "SpinalGrayMatter",
    "off": 2392,
    "sff": "spinal"
  },
  {
    "docID": "N151 Huang 2010",
    "et": "SpinalGrayMatter",
    "off": 9304,
    "sff": "spinal"
  },
  {
    "docID": "N151 Huang 2010",
    "et": "SpinalGrayMatter",
    "off": 11224,
    "sff": "spinal"
  },
  {
    "docID": "N151 Huang 2010",
    "et": "SpinalGrayMatter",
    "off": 3570,
    "sff": "spinal"
  },
  {
    "docID": "N151 Huang 2010",
    "et": "SpinalGrayMatter",
    "off": 4848,
    "sff": "spinal"
  },
  {
    "docID": "N151 Huang 2010",
    "et": "SpinalGrayMatter",
    "off": 12464,
    "sff": "spinal"
  },
  {
    "docID": "N151 Huang 2010",
    "et": "SpinalGrayMatter",
    "off": 11822,
    "sff": "spinal"
  },
  {
    "docID": "N151 Huang 2010",
    "et": "SpinalGrayMatter",
    "off": 2154,
    "sff": "spinal"
  },
  {
    "docID": "N151 Huang 2010",
    "et": "SpinalGrayMatter",
    "off": 10600,
    "sff": "spinal"
  },
  {
    "docID": "N151 Huang 2010",
    "et": "SpinalGrayMatter",
    "off": 17247,
    "sff": "spinal"
  },
  {
    "docID": "N151 Huang 2010",
    "et": "SpinalGrayMatter",
    "off": 12582,
    "sff": "spinal"
  },
  {
    "docID": "N151 Huang 2010",
    "et": "SpinalGrayMatter",
    "off": 4068,
    "sff": "spinal"
  },
  {
    "docID": "N151 Huang 2010",
    "et": "SpinalGrayMatter",
    "off": 5284,
    "sff": "spinal"
  },
  {
    "docID": "N151 Huang 2010",
    "et": "SpinalGrayMatter",
    "off": 14215,
    "sff": "spinal"
  },
  {
    "docID": "N151 Huang 2010",
    "et": "SpinalGrayMatter",
    "off": 5694,
    "sff": "spinal"
  },
  {
    "docID": "N151 Huang 2010",
    "et": "SpinalGrayMatter",
    "off": 9475,
    "sff": "Spinal"
  },
  {
    "docID": "N151 Huang 2010",
    "et": "SpinalGrayMatter",
    "off": 9533,
    "sff": "spinal"
  },
  {
    "docID": "N151 Huang 2010",
    "et": "SpinalGrayMatter",
    "off": 13067,
    "sff": "spinal"
  },
  {
    "docID": "N151 Huang 2010",
    "et": "SpinalGrayMatter",
    "off": 1019,
    "sff": "spinal"
  },
  {
    "docID": "N151 Huang 2010",
    "et": "SpinalGrayMatter",
    "off": 2040,
    "sff": "spinal"
  },
  {
    "docID": "N151 Huang 2010",
    "et": "SpinalGrayMatter",
    "off": 4600,
    "sff": "spinal"
  },
  {
    "docID": "N151 Huang 2010",
    "et": "SpinalGrayMatter",
    "off": 17807,
    "sff": "spinal"
  },
  {
    "docID": "N151 Huang 2010",
    "et": "SpinalGrayMatter",
    "off": 10678,
    "sff": "spinal"
  },
  {
    "docID": "N151 Huang 2010",
    "et": "SpinalGrayMatter",
    "off": 3828,
    "sff": "spinal"
  },
  {
    "docID": "N151 Huang 2010",
    "et": "SpinalGrayMatter",
    "off": 18,
    "sff": "spinal"
  },
  {
    "docID": "N151 Huang 2010",
    "et": "SpinalGrayMatter",
    "off": 16890,
    "sff": "spinal"
  },
  {
    "docID": "N151 Huang 2010",
    "et": "SpinalGrayMatter",
    "off": 10888,
    "sff": "spinal"
  },
  {
    "docID": "N151 Huang 2010",
    "et": "SpinalGrayMatter",
    "off": 16386,
    "sff": "spinal"
  },
  {
    "docID": "N151 Huang 2010",
    "et": "SpinalGrayMatter",
    "off": 6404,
    "sff": "spinal"
  },
  {
    "docID": "N151 Huang 2010",
    "et": "RatSpecies",
    "off": 6756,
    "sff": "rat"
  },
  {
    "docID": "N151 Huang 2010",
    "et": "RatSpecies",
    "off": 14805,
    "sff": "rat"
  },
  {
    "docID": "N151 Huang 2010",
    "et": "RatSpecies",
    "off": 4206,
    "sff": "rat"
  },
  {
    "docID": "N151 Huang 2010",
    "et": "Caudal",
    "off": 9598,
    "sff": "caudal"
  },
  {
    "docID": "N151 Huang 2010",
    "et": "Caudal",
    "off": 3532,
    "sff": "caudal"
  },
  {
    "docID": "N151 Huang 2010",
    "et": "Enzyme",
    "off": 1084,
    "sff": "enzyme"
  },
  {
    "docID": "N151 Huang 2010",
    "et": "Enzyme",
    "off": 5350,
    "sff": "enzyme"
  },
  {
    "docID": "N151 Huang 2010",
    "et": "SchwannCell",
    "off": 6329,
    "sff": "Schwann"
  },
  {
    "docID": "N151 Huang 2010",
    "et": "Albumin",
    "off": 9817,
    "sff": "albumin"
  },
  {
    "docID": "N151 Huang 2010",
    "et": "Albumin",
    "off": 8081,
    "sff": "albumin"
  },
  {
    "docID": "N151 Huang 2010",
    "et": "SigmaAldrich",
    "off": 9883,
    "sff": "Sigma"
  },
  {
    "docID": "N151 Huang 2010",
    "et": "SigmaAldrich",
    "off": 7987,
    "sff": "Sigma"
  },
  {
    "docID": "N151 Huang 2010",
    "et": "SigmaAldrich",
    "off": 9958,
    "sff": "Sigma"
  },
  {
    "docID": "N151 Huang 2010",
    "et": "Seikagaku",
    "off": 9920,
    "sff": "Seikagaku"
  },
  {
    "docID": "N151 Huang 2010",
    "et": "StemCellSourceType",
    "off": 6929,
    "sff": "cell"
  },
  {
    "docID": "N151 Huang 2010",
    "et": "StemCellSourceType",
    "off": 8656,
    "sff": "cell"
  },
  {
    "docID": "N151 Huang 2010",
    "et": "StemCellSourceType",
    "off": 1902,
    "sff": "cell"
  },
  {
    "docID": "N151 Huang 2010",
    "et": "StemCellSourceType",
    "off": 11950,
    "sff": "cell"
  },
  {
    "docID": "N151 Huang 2010",
    "et": "StemCellSourceType",
    "off": 11485,
    "sff": "cell"
  },
  {
    "docID": "N151 Huang 2010",
    "et": "StemCellSourceType",
    "off": 118,
    "sff": "cell"
  },
  {
    "docID": "N151 Huang 2010",
    "et": "StemCellSourceType",
    "off": 6500,
    "sff": "cell"
  },
  {
    "docID": "N151 Huang 2010",
    "et": "StemCellSourceType",
    "off": 18156,
    "sff": "Cell"
  },
  {
    "docID": "N151 Huang 2010",
    "et": "StemCellSourceType",
    "off": 18015,
    "sff": "cell"
  },
  {
    "docID": "N151 Huang 2010",
    "et": "StemCellSourceType",
    "off": 1726,
    "sff": "cell"
  },
  {
    "docID": "N151 Huang 2010",
    "et": "StemCellSourceType",
    "off": 10494,
    "sff": "cell"
  },
  {
    "docID": "N151 Huang 2010",
    "et": "StemCellSourceType",
    "off": 18340,
    "sff": "stem"
  },
  {
    "docID": "N151 Huang 2010",
    "et": "StemCellSourceType",
    "off": 6626,
    "sff": "stem cell"
  },
  {
    "docID": "N151 Huang 2010",
    "et": "StemCellSourceType",
    "off": 11647,
    "sff": "stem cell"
  },
  {
    "docID": "N151 Huang 2010",
    "et": "StemCellSourceType",
    "off": 11680,
    "sff": "stem cell"
  },
  {
    "docID": "N151 Huang 2010",
    "et": "StemCellSourceType",
    "off": 16328,
    "sff": "cell"
  },
  {
    "docID": "N151 Huang 2010",
    "et": "InVitroExperimentalProcedure",
    "off": 13740,
    "sff": "experimental"
  },
  {
    "docID": "N151 Huang 2010",
    "et": "InVitroExperimentalProcedure",
    "off": 8645,
    "sff": "vitro"
  },
  {
    "docID": "N151 Huang 2010",
    "et": "InVitroExperimentalProcedure",
    "off": 11001,
    "sff": "experimental"
  },
  {
    "docID": "N151 Huang 2010",
    "et": "InVitroExperimentalProcedure",
    "off": 13865,
    "sff": "experimental"
  },
  {
    "docID": "N151 Huang 2010",
    "et": "AntiNG2Antibody",
    "off": 10562,
    "sff": "NG2"
  },
  {
    "docID": "N151 Huang 2010",
    "et": "AntiNG2Antibody",
    "off": 18632,
    "sff": "NG2"
  },
  {
    "docID": "N151 Huang 2010",
    "et": "AntiNG2Antibody",
    "off": 1897,
    "sff": "NG2"
  },
  {
    "docID": "N151 Huang 2010",
    "et": "AntiNG2Antibody",
    "off": 11209,
    "sff": "NG2"
  },
  {
    "docID": "N151 Huang 2010",
    "et": "AntiNG2Antibody",
    "off": 8808,
    "sff": "NG2"
  },
  {
    "docID": "N151 Huang 2010",
    "et": "AntiNG2Antibody",
    "off": 3179,
    "sff": "NG2"
  },
  {
    "docID": "N151 Huang 2010",
    "et": "AntiNG2Antibody",
    "off": 8235,
    "sff": "NG2"
  },
  {
    "docID": "N151 Huang 2010",
    "et": "AntiNG2Antibody",
    "off": 2989,
    "sff": "NG2"
  },
  {
    "docID": "N151 Huang 2010",
    "et": "AntiNG2Antibody",
    "off": 9005,
    "sff": "NG2"
  },
  {
    "docID": "N151 Huang 2010",
    "et": "AntiNG2Antibody",
    "off": 10351,
    "sff": "NG2"
  },
  {
    "docID": "N151 Huang 2010",
    "et": "AntiNG2Antibody",
    "off": 9969,
    "sff": "NG2"
  },
  {
    "docID": "N151 Huang 2010",
    "et": "AntiNG2Antibody",
    "off": 3061,
    "sff": "NG2"
  },
  {
    "docID": "N151 Huang 2010",
    "et": "AntiNG2Antibody",
    "off": 10261,
    "sff": "NG2"
  },
  {
    "docID": "N151 Huang 2010",
    "et": "AntiNG2Antibody",
    "off": 3485,
    "sff": "NG2"
  },
  {
    "docID": "N151 Huang 2010",
    "et": "AntiNG2Antibody",
    "off": 2912,
    "sff": "NG2"
  },
  {
    "docID": "N151 Huang 2010",
    "et": "LongEvansRat",
    "off": 18699,
    "sff": "long"
  },
  {
    "docID": "N151 Huang 2010",
    "et": "Cell",
    "off": 6631,
    "sff": "cell"
  },
  {
    "docID": "N151 Huang 2010",
    "et": "Cell",
    "off": 18156,
    "sff": "Cell"
  },
  {
    "docID": "N151 Huang 2010",
    "et": "Cell",
    "off": 11685,
    "sff": "cell"
  },
  {
    "docID": "N151 Huang 2010",
    "et": "Cell",
    "off": 6500,
    "sff": "cell"
  },
  {
    "docID": "N151 Huang 2010",
    "et": "Cell",
    "off": 11652,
    "sff": "cell"
  },
  {
    "docID": "N151 Huang 2010",
    "et": "Cell",
    "off": 1902,
    "sff": "cell"
  },
  {
    "docID": "N151 Huang 2010",
    "et": "Cell",
    "off": 11950,
    "sff": "cell"
  },
  {
    "docID": "N151 Huang 2010",
    "et": "Cell",
    "off": 16328,
    "sff": "cell"
  },
  {
    "docID": "N151 Huang 2010",
    "et": "Cell",
    "off": 118,
    "sff": "cell"
  },
  {
    "docID": "N151 Huang 2010",
    "et": "Cell",
    "off": 6929,
    "sff": "cell"
  },
  {
    "docID": "N151 Huang 2010",
    "et": "Cell",
    "off": 8656,
    "sff": "cell"
  },
  {
    "docID": "N151 Huang 2010",
    "et": "Cell",
    "off": 18015,
    "sff": "cell"
  },
  {
    "docID": "N151 Huang 2010",
    "et": "Cell",
    "off": 1726,
    "sff": "cell"
  },
  {
    "docID": "N151 Huang 2010",
    "et": "Cell",
    "off": 10494,
    "sff": "cell"
  },
  {
    "docID": "N151 Huang 2010",
    "et": "Cell",
    "off": 11485,
    "sff": "cell"
  },
  {
    "docID": "N151 Huang 2010",
    "et": "SpinalDorsalHalf",
    "off": 12582,
    "sff": "spinal"
  },
  {
    "docID": "N151 Huang 2010",
    "et": "SpinalDorsalHalf",
    "off": 17961,
    "sff": "spinal"
  },
  {
    "docID": "N151 Huang 2010",
    "et": "SpinalDorsalHalf",
    "off": 10600,
    "sff": "spinal"
  },
  {
    "docID": "N151 Huang 2010",
    "et": "SpinalDorsalHalf",
    "off": 12066,
    "sff": "spinal"
  },
  {
    "docID": "N151 Huang 2010",
    "et": "SpinalDorsalHalf",
    "off": 4068,
    "sff": "spinal"
  },
  {
    "docID": "N151 Huang 2010",
    "et": "SpinalDorsalHalf",
    "off": 5284,
    "sff": "spinal"
  },
  {
    "docID": "N151 Huang 2010",
    "et": "SpinalDorsalHalf",
    "off": 17247,
    "sff": "spinal"
  },
  {
    "docID": "N151 Huang 2010",
    "et": "SpinalDorsalHalf",
    "off": 1569,
    "sff": "spinal"
  },
  {
    "docID": "N151 Huang 2010",
    "et": "SpinalDorsalHalf",
    "off": 3291,
    "sff": "spinal"
  },
  {
    "docID": "N151 Huang 2010",
    "et": "SpinalDorsalHalf",
    "off": 11547,
    "sff": "spinal"
  },
  {
    "docID": "N151 Huang 2010",
    "et": "SpinalDorsalHalf",
    "off": 3677,
    "sff": "spinal"
  },
  {
    "docID": "N151 Huang 2010",
    "et": "SpinalDorsalHalf",
    "off": 17319,
    "sff": "dorsal"
  },
  {
    "docID": "N151 Huang 2010",
    "et": "SpinalDorsalHalf",
    "off": 10678,
    "sff": "spinal"
  },
  {
    "docID": "N151 Huang 2010",
    "et": "SpinalDorsalHalf",
    "off": 2040,
    "sff": "spinal"
  },
  {
    "docID": "N151 Huang 2010",
    "et": "SpinalDorsalHalf",
    "off": 4600,
    "sff": "spinal"
  },
  {
    "docID": "N151 Huang 2010",
    "et": "SpinalDorsalHalf",
    "off": 3570,
    "sff": "spinal"
  },
  {
    "docID": "N151 Huang 2010",
    "et": "SpinalDorsalHalf",
    "off": 3828,
    "sff": "spinal"
  },
  {
    "docID": "N151 Huang 2010",
    "et": "SpinalDorsalHalf",
    "off": 11822,
    "sff": "spinal"
  },
  {
    "docID": "N151 Huang 2010",
    "et": "SpinalDorsalHalf",
    "off": 4848,
    "sff": "spinal"
  },
  {
    "docID": "N151 Huang 2010",
    "et": "SpinalDorsalHalf",
    "off": 12464,
    "sff": "spinal"
  },
  {
    "docID": "N151 Huang 2010",
    "et": "SpinalDorsalHalf",
    "off": 2154,
    "sff": "spinal"
  },
  {
    "docID": "N151 Huang 2010",
    "et": "SpinalDorsalHalf",
    "off": 14215,
    "sff": "spinal"
  },
  {
    "docID": "N151 Huang 2010",
    "et": "SpinalDorsalHalf",
    "off": 9475,
    "sff": "Spinal"
  },
  {
    "docID": "N151 Huang 2010",
    "et": "SpinalDorsalHalf",
    "off": 10888,
    "sff": "spinal"
  },
  {
    "docID": "N151 Huang 2010",
    "et": "SpinalDorsalHalf",
    "off": 16386,
    "sff": "spinal"
  },
  {
    "docID": "N151 Huang 2010",
    "et": "SpinalDorsalHalf",
    "off": 6404,
    "sff": "spinal"
  },
  {
    "docID": "N151 Huang 2010",
    "et": "SpinalDorsalHalf",
    "off": 5694,
    "sff": "spinal"
  },
  {
    "docID": "N151 Huang 2010",
    "et": "SpinalDorsalHalf",
    "off": 1019,
    "sff": "spinal"
  },
  {
    "docID": "N151 Huang 2010",
    "et": "SpinalDorsalHalf",
    "off": 16890,
    "sff": "spinal"
  },
  {
    "docID": "N151 Huang 2010",
    "et": "SpinalDorsalHalf",
    "off": 9533,
    "sff": "spinal"
  },
  {
    "docID": "N151 Huang 2010",
    "et": "SpinalDorsalHalf",
    "off": 1945,
    "sff": "spinal"
  },
  {
    "docID": "N151 Huang 2010",
    "et": "SpinalDorsalHalf",
    "off": 2392,
    "sff": "spinal"
  },
  {
    "docID": "N151 Huang 2010",
    "et": "SpinalDorsalHalf",
    "off": 9304,
    "sff": "spinal"
  },
  {
    "docID": "N151 Huang 2010",
    "et": "SpinalDorsalHalf",
    "off": 11224,
    "sff": "spinal"
  },
  {
    "docID": "N151 Huang 2010",
    "et": "SpinalDorsalHalf",
    "off": 18,
    "sff": "spinal"
  },
  {
    "docID": "N151 Huang 2010",
    "et": "SpinalDorsalHalf",
    "off": 17807,
    "sff": "spinal"
  },
  {
    "docID": "N151 Huang 2010",
    "et": "SpinalDorsalHalf",
    "off": 13067,
    "sff": "spinal"
  },
  {
    "docID": "N151 Huang 2010",
    "et": "ExperimentalProcedure",
    "off": 11001,
    "sff": "experimental"
  },
  {
    "docID": "N151 Huang 2010",
    "et": "ExperimentalProcedure",
    "off": 13865,
    "sff": "experimental"
  },
  {
    "docID": "N151 Huang 2010",
    "et": "ExperimentalProcedure",
    "off": 13740,
    "sff": "experimental"
  }
]
