[
  {
    "docID": "N156 Kalincik 2010 2",
    "et": "Ethanol",
    "off": 19453,
    "sff": "ethanol"
  },
  {
    "docID": "N156 Kalincik 2010 2",
    "et": "Ethanol",
    "off": 21470,
    "sff": "ethanol"
  },
  {
    "docID": "N156 Kalincik 2010 2",
    "et": "Virus",
    "off": 11025,
    "sff": "Virus"
  },
  {
    "docID": "N156 Kalincik 2010 2",
    "et": "OlfactoryEnsheathingGliaCell",
    "off": 38509,
    "sff": "olfactory"
  },
  {
    "docID": "N156 Kalincik 2010 2",
    "et": "OlfactoryEnsheathingGliaCell",
    "off": 665,
    "sff": "olfactory ensheathing"
  },
  {
    "docID": "N156 Kalincik 2010 2",
    "et": "OlfactoryEnsheathingGliaCell",
    "off": 920,
    "sff": "Olfactory ensheathing"
  },
  {
    "docID": "N156 Kalincik 2010 2",
    "et": "OlfactoryEnsheathingGliaCell",
    "off": 45391,
    "sff": "olfactory"
  },
  {
    "docID": "N156 Kalincik 2010 2",
    "et": "OlfactoryEnsheathingGliaCell",
    "off": 2056,
    "sff": "olfactory ensheathing"
  },
  {
    "docID": "N156 Kalincik 2010 2",
    "et": "OlfactoryEnsheathingGliaCell",
    "off": 3902,
    "sff": "Olfactory ensheathing"
  },
  {
    "docID": "N156 Kalincik 2010 2",
    "et": "OlfactoryEnsheathingGliaCell",
    "off": 10194,
    "sff": "olfactory"
  },
  {
    "docID": "N156 Kalincik 2010 2",
    "et": "OlfactoryEnsheathingGliaCell",
    "off": 45457,
    "sff": "olfactory"
  },
  {
    "docID": "N156 Kalincik 2010 2",
    "et": "OlfactoryEnsheathingGliaCell",
    "off": 45955,
    "sff": "olfactory"
  },
  {
    "docID": "N156 Kalincik 2010 2",
    "et": "MesenchymalStemCell",
    "off": 2865,
    "sff": "stem"
  },
  {
    "docID": "N156 Kalincik 2010 2",
    "et": "SurgeryTreatment",
    "off": 15467,
    "sff": "surgery"
  },
  {
    "docID": "N156 Kalincik 2010 2",
    "et": "SurgeryTreatment",
    "off": 14622,
    "sff": "surgery"
  },
  {
    "docID": "N156 Kalincik 2010 2",
    "et": "MagneticFieldApplication",
    "off": 13070,
    "sff": "field"
  },
  {
    "docID": "N156 Kalincik 2010 2",
    "et": "SpinalSubduralArea",
    "off": 32752,
    "sff": "spinal"
  },
  {
    "docID": "N156 Kalincik 2010 2",
    "et": "SpinalSubduralArea",
    "off": 46817,
    "sff": "spinal"
  },
  {
    "docID": "N156 Kalincik 2010 2",
    "et": "SpinalSubduralArea",
    "off": 7399,
    "sff": "spinal"
  },
  {
    "docID": "N156 Kalincik 2010 2",
    "et": "SpinalSubduralArea",
    "off": 6888,
    "sff": "spinal"
  },
  {
    "docID": "N156 Kalincik 2010 2",
    "et": "SpinalSubduralArea",
    "off": 20968,
    "sff": "spinal"
  },
  {
    "docID": "N156 Kalincik 2010 2",
    "et": "SpinalSubduralArea",
    "off": 12517,
    "sff": "spinal"
  },
  {
    "docID": "N156 Kalincik 2010 2",
    "et": "SpinalSubduralArea",
    "off": 48997,
    "sff": "spinal"
  },
  {
    "docID": "N156 Kalincik 2010 2",
    "et": "SpinalSubduralArea",
    "off": 4348,
    "sff": "spinal"
  },
  {
    "docID": "N156 Kalincik 2010 2",
    "et": "SpinalSubduralArea",
    "off": 32700,
    "sff": "spinal"
  },
  {
    "docID": "N156 Kalincik 2010 2",
    "et": "SpinalSubduralArea",
    "off": 38585,
    "sff": "spinal"
  },
  {
    "docID": "N156 Kalincik 2010 2",
    "et": "SpinalSubduralArea",
    "off": 39737,
    "sff": "spinal"
  },
  {
    "docID": "N156 Kalincik 2010 2",
    "et": "SpinalSubduralArea",
    "off": 46137,
    "sff": "spinal"
  },
  {
    "docID": "N156 Kalincik 2010 2",
    "et": "SpinalSubduralArea",
    "off": 31999,
    "sff": "spinal"
  },
  {
    "docID": "N156 Kalincik 2010 2",
    "et": "SpinalSubduralArea",
    "off": 18227,
    "sff": "Spinal"
  },
  {
    "docID": "N156 Kalincik 2010 2",
    "et": "SpinalSubduralArea",
    "off": 38772,
    "sff": "spinal"
  },
  {
    "docID": "N156 Kalincik 2010 2",
    "et": "SpinalSubduralArea",
    "off": 39220,
    "sff": "spinal"
  },
  {
    "docID": "N156 Kalincik 2010 2",
    "et": "SpinalSubduralArea",
    "off": 7991,
    "sff": "spinal"
  },
  {
    "docID": "N156 Kalincik 2010 2",
    "et": "SpinalSubduralArea",
    "off": 32951,
    "sff": "spinal"
  },
  {
    "docID": "N156 Kalincik 2010 2",
    "et": "SpinalSubduralArea",
    "off": 11448,
    "sff": "spinal"
  },
  {
    "docID": "N156 Kalincik 2010 2",
    "et": "SpinalSubduralArea",
    "off": 14200,
    "sff": "spinal"
  },
  {
    "docID": "N156 Kalincik 2010 2",
    "et": "SpinalSubduralArea",
    "off": 21707,
    "sff": "spinal"
  },
  {
    "docID": "N156 Kalincik 2010 2",
    "et": "SpinalSubduralArea",
    "off": 7753,
    "sff": "spinal"
  },
  {
    "docID": "N156 Kalincik 2010 2",
    "et": "SpinalSubduralArea",
    "off": 13327,
    "sff": "spinal"
  },
  {
    "docID": "N156 Kalincik 2010 2",
    "et": "SpinalSubduralArea",
    "off": 2243,
    "sff": "Spinal"
  },
  {
    "docID": "N156 Kalincik 2010 2",
    "et": "SpinalSubduralArea",
    "off": 20494,
    "sff": "spinal"
  },
  {
    "docID": "N156 Kalincik 2010 2",
    "et": "SpinalSubduralArea",
    "off": 41997,
    "sff": "spinal"
  },
  {
    "docID": "N156 Kalincik 2010 2",
    "et": "SpinalSubduralArea",
    "off": 4929,
    "sff": "spinal"
  },
  {
    "docID": "N156 Kalincik 2010 2",
    "et": "SpinalSubduralArea",
    "off": 32257,
    "sff": "spinal"
  },
  {
    "docID": "N156 Kalincik 2010 2",
    "et": "SpinalSubduralArea",
    "off": 40391,
    "sff": "spinal"
  },
  {
    "docID": "N156 Kalincik 2010 2",
    "et": "SpinalSubduralArea",
    "off": 26117,
    "sff": "spinal"
  },
  {
    "docID": "N156 Kalincik 2010 2",
    "et": "SpinalSubduralArea",
    "off": 27333,
    "sff": "spinal"
  },
  {
    "docID": "N156 Kalincik 2010 2",
    "et": "SpinalSubduralArea",
    "off": 3334,
    "sff": "spinal"
  },
  {
    "docID": "N156 Kalincik 2010 2",
    "et": "SpinalSubduralArea",
    "off": 6406,
    "sff": "spinal"
  },
  {
    "docID": "N156 Kalincik 2010 2",
    "et": "SpinalSubduralArea",
    "off": 1947,
    "sff": "spinal"
  },
  {
    "docID": "N156 Kalincik 2010 2",
    "et": "SpinalSubduralArea",
    "off": 39964,
    "sff": "spinal"
  },
  {
    "docID": "N156 Kalincik 2010 2",
    "et": "SpinalSubduralArea",
    "off": 27551,
    "sff": "spinal"
  },
  {
    "docID": "N156 Kalincik 2010 2",
    "et": "SpinalSubduralArea",
    "off": 22801,
    "sff": "Spinal"
  },
  {
    "docID": "N156 Kalincik 2010 2",
    "et": "SpinalSubduralArea",
    "off": 39583,
    "sff": "spinal"
  },
  {
    "docID": "N156 Kalincik 2010 2",
    "et": "SpinalSubduralArea",
    "off": 34078,
    "sff": "spinal"
  },
  {
    "docID": "N156 Kalincik 2010 2",
    "et": "SpinalSubduralArea",
    "off": 20435,
    "sff": "spinal"
  },
  {
    "docID": "N156 Kalincik 2010 2",
    "et": "SpinalSubduralArea",
    "off": 31837,
    "sff": "Spinal"
  },
  {
    "docID": "N156 Kalincik 2010 2",
    "et": "SpinalSubduralArea",
    "off": 14610,
    "sff": "spinal"
  },
  {
    "docID": "N156 Kalincik 2010 2",
    "et": "SpinalSubduralArea",
    "off": 45073,
    "sff": "spinal"
  },
  {
    "docID": "N156 Kalincik 2010 2",
    "et": "SpinalSubduralArea",
    "off": 535,
    "sff": "spinal"
  },
  {
    "docID": "N156 Kalincik 2010 2",
    "et": "SpinalSubduralArea",
    "off": 88,
    "sff": "spinal"
  },
  {
    "docID": "N156 Kalincik 2010 2",
    "et": "SpinalSubduralArea",
    "off": 13528,
    "sff": "spinal"
  },
  {
    "docID": "N156 Kalincik 2010 2",
    "et": "SpinalSubduralArea",
    "off": 4117,
    "sff": "spinal"
  },
  {
    "docID": "N156 Kalincik 2010 2",
    "et": "SpinalSubduralArea",
    "off": 20758,
    "sff": "spinal"
  },
  {
    "docID": "N156 Kalincik 2010 2",
    "et": "MouseSpecies",
    "off": 18828,
    "sff": "mouse"
  },
  {
    "docID": "N156 Kalincik 2010 2",
    "et": "SpinalFiberTract",
    "off": 4117,
    "sff": "spinal"
  },
  {
    "docID": "N156 Kalincik 2010 2",
    "et": "SpinalFiberTract",
    "off": 535,
    "sff": "spinal"
  },
  {
    "docID": "N156 Kalincik 2010 2",
    "et": "SpinalFiberTract",
    "off": 20758,
    "sff": "spinal"
  },
  {
    "docID": "N156 Kalincik 2010 2",
    "et": "SpinalFiberTract",
    "off": 45073,
    "sff": "spinal"
  },
  {
    "docID": "N156 Kalincik 2010 2",
    "et": "SpinalFiberTract",
    "off": 20435,
    "sff": "spinal"
  },
  {
    "docID": "N156 Kalincik 2010 2",
    "et": "SpinalFiberTract",
    "off": 14610,
    "sff": "spinal"
  },
  {
    "docID": "N156 Kalincik 2010 2",
    "et": "SpinalFiberTract",
    "off": 39964,
    "sff": "spinal"
  },
  {
    "docID": "N156 Kalincik 2010 2",
    "et": "SpinalFiberTract",
    "off": 27551,
    "sff": "spinal"
  },
  {
    "docID": "N156 Kalincik 2010 2",
    "et": "SpinalFiberTract",
    "off": 39583,
    "sff": "spinal"
  },
  {
    "docID": "N156 Kalincik 2010 2",
    "et": "SpinalFiberTract",
    "off": 34078,
    "sff": "spinal"
  },
  {
    "docID": "N156 Kalincik 2010 2",
    "et": "SpinalFiberTract",
    "off": 88,
    "sff": "spinal"
  },
  {
    "docID": "N156 Kalincik 2010 2",
    "et": "SpinalFiberTract",
    "off": 2243,
    "sff": "Spinal"
  },
  {
    "docID": "N156 Kalincik 2010 2",
    "et": "SpinalFiberTract",
    "off": 13528,
    "sff": "spinal"
  },
  {
    "docID": "N156 Kalincik 2010 2",
    "et": "SpinalFiberTract",
    "off": 1947,
    "sff": "spinal"
  },
  {
    "docID": "N156 Kalincik 2010 2",
    "et": "SpinalFiberTract",
    "off": 12517,
    "sff": "spinal"
  },
  {
    "docID": "N156 Kalincik 2010 2",
    "et": "SpinalFiberTract",
    "off": 48997,
    "sff": "spinal"
  },
  {
    "docID": "N156 Kalincik 2010 2",
    "et": "SpinalFiberTract",
    "off": 7399,
    "sff": "spinal"
  },
  {
    "docID": "N156 Kalincik 2010 2",
    "et": "SpinalFiberTract",
    "off": 46817,
    "sff": "spinal"
  },
  {
    "docID": "N156 Kalincik 2010 2",
    "et": "SpinalFiberTract",
    "off": 6888,
    "sff": "spinal"
  },
  {
    "docID": "N156 Kalincik 2010 2",
    "et": "SpinalFiberTract",
    "off": 18227,
    "sff": "Spinal"
  },
  {
    "docID": "N156 Kalincik 2010 2",
    "et": "SpinalFiberTract",
    "off": 20968,
    "sff": "spinal"
  },
  {
    "docID": "N156 Kalincik 2010 2",
    "et": "SpinalFiberTract",
    "off": 38772,
    "sff": "spinal"
  },
  {
    "docID": "N156 Kalincik 2010 2",
    "et": "SpinalFiberTract",
    "off": 39220,
    "sff": "spinal"
  },
  {
    "docID": "N156 Kalincik 2010 2",
    "et": "SpinalFiberTract",
    "off": 7991,
    "sff": "spinal"
  },
  {
    "docID": "N156 Kalincik 2010 2",
    "et": "SpinalFiberTract",
    "off": 32951,
    "sff": "spinal"
  },
  {
    "docID": "N156 Kalincik 2010 2",
    "et": "SpinalFiberTract",
    "off": 32752,
    "sff": "spinal"
  },
  {
    "docID": "N156 Kalincik 2010 2",
    "et": "SpinalFiberTract",
    "off": 4348,
    "sff": "spinal"
  },
  {
    "docID": "N156 Kalincik 2010 2",
    "et": "SpinalFiberTract",
    "off": 32700,
    "sff": "spinal"
  },
  {
    "docID": "N156 Kalincik 2010 2",
    "et": "SpinalFiberTract",
    "off": 31999,
    "sff": "spinal"
  },
  {
    "docID": "N156 Kalincik 2010 2",
    "et": "SpinalFiberTract",
    "off": 38585,
    "sff": "spinal"
  },
  {
    "docID": "N156 Kalincik 2010 2",
    "et": "SpinalFiberTract",
    "off": 39737,
    "sff": "spinal"
  },
  {
    "docID": "N156 Kalincik 2010 2",
    "et": "SpinalFiberTract",
    "off": 46137,
    "sff": "spinal"
  },
  {
    "docID": "N156 Kalincik 2010 2",
    "et": "SpinalFiberTract",
    "off": 11448,
    "sff": "spinal"
  },
  {
    "docID": "N156 Kalincik 2010 2",
    "et": "SpinalFiberTract",
    "off": 14200,
    "sff": "spinal"
  },
  {
    "docID": "N156 Kalincik 2010 2",
    "et": "SpinalFiberTract",
    "off": 26117,
    "sff": "spinal"
  },
  {
    "docID": "N156 Kalincik 2010 2",
    "et": "SpinalFiberTract",
    "off": 27333,
    "sff": "spinal"
  },
  {
    "docID": "N156 Kalincik 2010 2",
    "et": "SpinalFiberTract",
    "off": 3334,
    "sff": "spinal"
  },
  {
    "docID": "N156 Kalincik 2010 2",
    "et": "SpinalFiberTract",
    "off": 6406,
    "sff": "spinal"
  },
  {
    "docID": "N156 Kalincik 2010 2",
    "et": "SpinalFiberTract",
    "off": 31837,
    "sff": "Spinal"
  },
  {
    "docID": "N156 Kalincik 2010 2",
    "et": "SpinalFiberTract",
    "off": 40391,
    "sff": "spinal"
  },
  {
    "docID": "N156 Kalincik 2010 2",
    "et": "SpinalFiberTract",
    "off": 32257,
    "sff": "spinal"
  },
  {
    "docID": "N156 Kalincik 2010 2",
    "et": "SpinalFiberTract",
    "off": 4929,
    "sff": "spinal"
  },
  {
    "docID": "N156 Kalincik 2010 2",
    "et": "SpinalFiberTract",
    "off": 41997,
    "sff": "spinal"
  },
  {
    "docID": "N156 Kalincik 2010 2",
    "et": "SpinalFiberTract",
    "off": 13327,
    "sff": "spinal"
  },
  {
    "docID": "N156 Kalincik 2010 2",
    "et": "SpinalFiberTract",
    "off": 20494,
    "sff": "spinal"
  },
  {
    "docID": "N156 Kalincik 2010 2",
    "et": "SpinalFiberTract",
    "off": 7753,
    "sff": "spinal"
  },
  {
    "docID": "N156 Kalincik 2010 2",
    "et": "SpinalFiberTract",
    "off": 21707,
    "sff": "spinal"
  },
  {
    "docID": "N156 Kalincik 2010 2",
    "et": "SpinalFiberTract",
    "off": 22801,
    "sff": "Spinal"
  },
  {
    "docID": "N156 Kalincik 2010 2",
    "et": "DeliveryMethod",
    "off": 38833,
    "sff": "delivery"
  },
  {
    "docID": "N156 Kalincik 2010 2",
    "et": "SpinalVentralHalf",
    "off": 3334,
    "sff": "spinal"
  },
  {
    "docID": "N156 Kalincik 2010 2",
    "et": "SpinalVentralHalf",
    "off": 6406,
    "sff": "spinal"
  },
  {
    "docID": "N156 Kalincik 2010 2",
    "et": "SpinalVentralHalf",
    "off": 40391,
    "sff": "spinal"
  },
  {
    "docID": "N156 Kalincik 2010 2",
    "et": "SpinalVentralHalf",
    "off": 26117,
    "sff": "spinal"
  },
  {
    "docID": "N156 Kalincik 2010 2",
    "et": "SpinalVentralHalf",
    "off": 27333,
    "sff": "spinal"
  },
  {
    "docID": "N156 Kalincik 2010 2",
    "et": "SpinalVentralHalf",
    "off": 4929,
    "sff": "spinal"
  },
  {
    "docID": "N156 Kalincik 2010 2",
    "et": "SpinalVentralHalf",
    "off": 32257,
    "sff": "spinal"
  },
  {
    "docID": "N156 Kalincik 2010 2",
    "et": "SpinalVentralHalf",
    "off": 31999,
    "sff": "spinal"
  },
  {
    "docID": "N156 Kalincik 2010 2",
    "et": "SpinalVentralHalf",
    "off": 2243,
    "sff": "Spinal"
  },
  {
    "docID": "N156 Kalincik 2010 2",
    "et": "SpinalVentralHalf",
    "off": 32700,
    "sff": "spinal"
  },
  {
    "docID": "N156 Kalincik 2010 2",
    "et": "SpinalVentralHalf",
    "off": 4348,
    "sff": "spinal"
  },
  {
    "docID": "N156 Kalincik 2010 2",
    "et": "SpinalVentralHalf",
    "off": 38585,
    "sff": "spinal"
  },
  {
    "docID": "N156 Kalincik 2010 2",
    "et": "SpinalVentralHalf",
    "off": 39737,
    "sff": "spinal"
  },
  {
    "docID": "N156 Kalincik 2010 2",
    "et": "SpinalVentralHalf",
    "off": 46137,
    "sff": "spinal"
  },
  {
    "docID": "N156 Kalincik 2010 2",
    "et": "SpinalVentralHalf",
    "off": 32951,
    "sff": "spinal"
  },
  {
    "docID": "N156 Kalincik 2010 2",
    "et": "SpinalVentralHalf",
    "off": 11448,
    "sff": "spinal"
  },
  {
    "docID": "N156 Kalincik 2010 2",
    "et": "SpinalVentralHalf",
    "off": 14200,
    "sff": "spinal"
  },
  {
    "docID": "N156 Kalincik 2010 2",
    "et": "SpinalVentralHalf",
    "off": 18227,
    "sff": "Spinal"
  },
  {
    "docID": "N156 Kalincik 2010 2",
    "et": "SpinalVentralHalf",
    "off": 7991,
    "sff": "spinal"
  },
  {
    "docID": "N156 Kalincik 2010 2",
    "et": "SpinalVentralHalf",
    "off": 38772,
    "sff": "spinal"
  },
  {
    "docID": "N156 Kalincik 2010 2",
    "et": "SpinalVentralHalf",
    "off": 39220,
    "sff": "spinal"
  },
  {
    "docID": "N156 Kalincik 2010 2",
    "et": "SpinalVentralHalf",
    "off": 32752,
    "sff": "spinal"
  },
  {
    "docID": "N156 Kalincik 2010 2",
    "et": "SpinalVentralHalf",
    "off": 12517,
    "sff": "spinal"
  },
  {
    "docID": "N156 Kalincik 2010 2",
    "et": "SpinalVentralHalf",
    "off": 6888,
    "sff": "spinal"
  },
  {
    "docID": "N156 Kalincik 2010 2",
    "et": "SpinalVentralHalf",
    "off": 20968,
    "sff": "spinal"
  },
  {
    "docID": "N156 Kalincik 2010 2",
    "et": "SpinalVentralHalf",
    "off": 48997,
    "sff": "spinal"
  },
  {
    "docID": "N156 Kalincik 2010 2",
    "et": "SpinalVentralHalf",
    "off": 7399,
    "sff": "spinal"
  },
  {
    "docID": "N156 Kalincik 2010 2",
    "et": "SpinalVentralHalf",
    "off": 46817,
    "sff": "spinal"
  },
  {
    "docID": "N156 Kalincik 2010 2",
    "et": "SpinalVentralHalf",
    "off": 39583,
    "sff": "spinal"
  },
  {
    "docID": "N156 Kalincik 2010 2",
    "et": "SpinalVentralHalf",
    "off": 27551,
    "sff": "spinal"
  },
  {
    "docID": "N156 Kalincik 2010 2",
    "et": "SpinalVentralHalf",
    "off": 34078,
    "sff": "spinal"
  },
  {
    "docID": "N156 Kalincik 2010 2",
    "et": "SpinalVentralHalf",
    "off": 31837,
    "sff": "Spinal"
  },
  {
    "docID": "N156 Kalincik 2010 2",
    "et": "SpinalVentralHalf",
    "off": 39964,
    "sff": "spinal"
  },
  {
    "docID": "N156 Kalincik 2010 2",
    "et": "SpinalVentralHalf",
    "off": 1947,
    "sff": "spinal"
  },
  {
    "docID": "N156 Kalincik 2010 2",
    "et": "SpinalVentralHalf",
    "off": 20758,
    "sff": "spinal"
  },
  {
    "docID": "N156 Kalincik 2010 2",
    "et": "SpinalVentralHalf",
    "off": 22801,
    "sff": "Spinal"
  },
  {
    "docID": "N156 Kalincik 2010 2",
    "et": "SpinalVentralHalf",
    "off": 4117,
    "sff": "spinal"
  },
  {
    "docID": "N156 Kalincik 2010 2",
    "et": "SpinalVentralHalf",
    "off": 88,
    "sff": "spinal"
  },
  {
    "docID": "N156 Kalincik 2010 2",
    "et": "SpinalVentralHalf",
    "off": 13528,
    "sff": "spinal"
  },
  {
    "docID": "N156 Kalincik 2010 2",
    "et": "SpinalVentralHalf",
    "off": 535,
    "sff": "spinal"
  },
  {
    "docID": "N156 Kalincik 2010 2",
    "et": "SpinalVentralHalf",
    "off": 14610,
    "sff": "spinal"
  },
  {
    "docID": "N156 Kalincik 2010 2",
    "et": "SpinalVentralHalf",
    "off": 45073,
    "sff": "spinal"
  },
  {
    "docID": "N156 Kalincik 2010 2",
    "et": "SpinalVentralHalf",
    "off": 20435,
    "sff": "spinal"
  },
  {
    "docID": "N156 Kalincik 2010 2",
    "et": "SpinalVentralHalf",
    "off": 20494,
    "sff": "spinal"
  },
  {
    "docID": "N156 Kalincik 2010 2",
    "et": "SpinalVentralHalf",
    "off": 41997,
    "sff": "spinal"
  },
  {
    "docID": "N156 Kalincik 2010 2",
    "et": "SpinalVentralHalf",
    "off": 13327,
    "sff": "spinal"
  },
  {
    "docID": "N156 Kalincik 2010 2",
    "et": "SpinalVentralHalf",
    "off": 7753,
    "sff": "spinal"
  },
  {
    "docID": "N156 Kalincik 2010 2",
    "et": "SpinalVentralHalf",
    "off": 21707,
    "sff": "spinal"
  },
  {
    "docID": "N156 Kalincik 2010 2",
    "et": "RabbitSpecies",
    "off": 19165,
    "sff": "rabbit"
  },
  {
    "docID": "N156 Kalincik 2010 2",
    "et": "Rostral",
    "off": 25065,
    "sff": "rostral"
  },
  {
    "docID": "N156 Kalincik 2010 2",
    "et": "Rostral",
    "off": 47976,
    "sff": "rostral"
  },
  {
    "docID": "N156 Kalincik 2010 2",
    "et": "Rostral",
    "off": 41391,
    "sff": "rostral"
  },
  {
    "docID": "N156 Kalincik 2010 2",
    "et": "Rostral",
    "off": 48591,
    "sff": "rostral"
  },
  {
    "docID": "N156 Kalincik 2010 2",
    "et": "Rostral",
    "off": 21936,
    "sff": "rostral"
  },
  {
    "docID": "N156 Kalincik 2010 2",
    "et": "Rostral",
    "off": 28370,
    "sff": "rostral"
  },
  {
    "docID": "N156 Kalincik 2010 2",
    "et": "Rostral",
    "off": 26293,
    "sff": "rostral"
  },
  {
    "docID": "N156 Kalincik 2010 2",
    "et": "Rostral",
    "off": 34260,
    "sff": "rostral"
  },
  {
    "docID": "N156 Kalincik 2010 2",
    "et": "Rostral",
    "off": 36056,
    "sff": "rostral"
  },
  {
    "docID": "N156 Kalincik 2010 2",
    "et": "Rostral",
    "off": 35643,
    "sff": "rostral"
  },
  {
    "docID": "N156 Kalincik 2010 2",
    "et": "Rostral",
    "off": 43288,
    "sff": "rostral"
  },
  {
    "docID": "N156 Kalincik 2010 2",
    "et": "Rostral",
    "off": 44568,
    "sff": "rostral"
  },
  {
    "docID": "N156 Kalincik 2010 2",
    "et": "Rostral",
    "off": 27519,
    "sff": "rostral"
  },
  {
    "docID": "N156 Kalincik 2010 2",
    "et": "Rostral",
    "off": 24257,
    "sff": "rostral"
  },
  {
    "docID": "N156 Kalincik 2010 2",
    "et": "Rostral",
    "off": 36129,
    "sff": "rostral"
  },
  {
    "docID": "N156 Kalincik 2010 2",
    "et": "Rostral",
    "off": 42083,
    "sff": "rostral"
  },
  {
    "docID": "N156 Kalincik 2010 2",
    "et": "Rostral",
    "off": 34754,
    "sff": "rostral"
  },
  {
    "docID": "N156 Kalincik 2010 2",
    "et": "Rostral",
    "off": 25701,
    "sff": "rostral"
  },
  {
    "docID": "N156 Kalincik 2010 2",
    "et": "Rostral",
    "off": 34052,
    "sff": "rostral"
  },
  {
    "docID": "N156 Kalincik 2010 2",
    "et": "DorsalColumn",
    "off": 44696,
    "sff": "dorsal"
  },
  {
    "docID": "N156 Kalincik 2010 2",
    "et": "DorsalColumn",
    "off": 14178,
    "sff": "dorsal"
  },
  {
    "docID": "N156 Kalincik 2010 2",
    "et": "Left",
    "off": 21302,
    "sff": "left"
  },
  {
    "docID": "N156 Kalincik 2010 2",
    "et": "Left",
    "off": 18608,
    "sff": "left"
  },
  {
    "docID": "N156 Kalincik 2010 2",
    "et": "Left",
    "off": 22480,
    "sff": "left"
  },
  {
    "docID": "N156 Kalincik 2010 2",
    "et": "Retrovirus",
    "off": 10976,
    "sff": "retrovirus"
  },
  {
    "docID": "N156 Kalincik 2010 2",
    "et": "Tissue",
    "off": 33525,
    "sff": "tissue"
  },
  {
    "docID": "N156 Kalincik 2010 2",
    "et": "Tissue",
    "off": 9264,
    "sff": "tissue"
  },
  {
    "docID": "N156 Kalincik 2010 2",
    "et": "Tissue",
    "off": 37456,
    "sff": "tissue"
  },
  {
    "docID": "N156 Kalincik 2010 2",
    "et": "Tissue",
    "off": 7411,
    "sff": "tissue"
  },
  {
    "docID": "N156 Kalincik 2010 2",
    "et": "Tissue",
    "off": 6418,
    "sff": "tissue"
  },
  {
    "docID": "N156 Kalincik 2010 2",
    "et": "Tissue",
    "off": 19405,
    "sff": "tissue"
  },
  {
    "docID": "N156 Kalincik 2010 2",
    "et": "Tissue",
    "off": 20557,
    "sff": "tissue"
  },
  {
    "docID": "N156 Kalincik 2010 2",
    "et": "Tissue",
    "off": 31849,
    "sff": "tissue"
  },
  {
    "docID": "N156 Kalincik 2010 2",
    "et": "Tissue",
    "off": 33641,
    "sff": "tissue"
  },
  {
    "docID": "N156 Kalincik 2010 2",
    "et": "Tissue",
    "off": 27563,
    "sff": "tissue"
  },
  {
    "docID": "N156 Kalincik 2010 2",
    "et": "Tissue",
    "off": 21249,
    "sff": "tissue"
  },
  {
    "docID": "N156 Kalincik 2010 2",
    "et": "Tissue",
    "off": 14272,
    "sff": "tissue"
  },
  {
    "docID": "N156 Kalincik 2010 2",
    "et": "Tissue",
    "off": 38080,
    "sff": "tissue"
  },
  {
    "docID": "N156 Kalincik 2010 2",
    "et": "Tissue",
    "off": 39232,
    "sff": "tissue"
  },
  {
    "docID": "N156 Kalincik 2010 2",
    "et": "Tissue",
    "off": 17848,
    "sff": "Tissue"
  },
  {
    "docID": "N156 Kalincik 2010 2",
    "et": "Tissue",
    "off": 14237,
    "sff": "tissue"
  },
  {
    "docID": "N156 Kalincik 2010 2",
    "et": "Tissue",
    "off": 3999,
    "sff": "tissue"
  },
  {
    "docID": "N156 Kalincik 2010 2",
    "et": "Tissue",
    "off": 20377,
    "sff": "tissue"
  },
  {
    "docID": "N156 Kalincik 2010 2",
    "et": "Tissue",
    "off": 37976,
    "sff": "tissue"
  },
  {
    "docID": "N156 Kalincik 2010 2",
    "et": "Tissue",
    "off": 20506,
    "sff": "tissue"
  },
  {
    "docID": "N156 Kalincik 2010 2",
    "et": "InjectionDelivery",
    "off": 11429,
    "sff": "injection"
  },
  {
    "docID": "N156 Kalincik 2010 2",
    "et": "InjectionDelivery",
    "off": 38201,
    "sff": "injection"
  },
  {
    "docID": "N156 Kalincik 2010 2",
    "et": "InjectionDelivery",
    "off": 39546,
    "sff": "injection"
  },
  {
    "docID": "N156 Kalincik 2010 2",
    "et": "InjectionDelivery",
    "off": 37260,
    "sff": "injection"
  },
  {
    "docID": "N156 Kalincik 2010 2",
    "et": "InjectionDelivery",
    "off": 37436,
    "sff": "injection"
  },
  {
    "docID": "N156 Kalincik 2010 2",
    "et": "InjectionDelivery",
    "off": 37746,
    "sff": "injection"
  },
  {
    "docID": "N156 Kalincik 2010 2",
    "et": "SpinalLesionSite",
    "off": 31837,
    "sff": "Spinal"
  },
  {
    "docID": "N156 Kalincik 2010 2",
    "et": "SpinalLesionSite",
    "off": 27551,
    "sff": "spinal"
  },
  {
    "docID": "N156 Kalincik 2010 2",
    "et": "SpinalLesionSite",
    "off": 39583,
    "sff": "spinal"
  },
  {
    "docID": "N156 Kalincik 2010 2",
    "et": "SpinalLesionSite",
    "off": 34078,
    "sff": "spinal"
  },
  {
    "docID": "N156 Kalincik 2010 2",
    "et": "SpinalLesionSite",
    "off": 39220,
    "sff": "spinal"
  },
  {
    "docID": "N156 Kalincik 2010 2",
    "et": "SpinalLesionSite",
    "off": 32700,
    "sff": "spinal"
  },
  {
    "docID": "N156 Kalincik 2010 2",
    "et": "SpinalLesionSite",
    "off": 38585,
    "sff": "spinal"
  },
  {
    "docID": "N156 Kalincik 2010 2",
    "et": "SpinalLesionSite",
    "off": 39737,
    "sff": "spinal"
  },
  {
    "docID": "N156 Kalincik 2010 2",
    "et": "SpinalLesionSite",
    "off": 46137,
    "sff": "spinal"
  },
  {
    "docID": "N156 Kalincik 2010 2",
    "et": "SpinalLesionSite",
    "off": 32951,
    "sff": "spinal"
  },
  {
    "docID": "N156 Kalincik 2010 2",
    "et": "SpinalLesionSite",
    "off": 11448,
    "sff": "spinal"
  },
  {
    "docID": "N156 Kalincik 2010 2",
    "et": "SpinalLesionSite",
    "off": 7991,
    "sff": "spinal"
  },
  {
    "docID": "N156 Kalincik 2010 2",
    "et": "SpinalLesionSite",
    "off": 4929,
    "sff": "spinal"
  },
  {
    "docID": "N156 Kalincik 2010 2",
    "et": "SpinalLesionSite",
    "off": 2243,
    "sff": "Spinal"
  },
  {
    "docID": "N156 Kalincik 2010 2",
    "et": "SpinalLesionSite",
    "off": 21707,
    "sff": "spinal"
  },
  {
    "docID": "N156 Kalincik 2010 2",
    "et": "SpinalLesionSite",
    "off": 7753,
    "sff": "spinal"
  },
  {
    "docID": "N156 Kalincik 2010 2",
    "et": "SpinalLesionSite",
    "off": 40391,
    "sff": "spinal"
  },
  {
    "docID": "N156 Kalincik 2010 2",
    "et": "SpinalLesionSite",
    "off": 33280,
    "sff": "lesion"
  },
  {
    "docID": "N156 Kalincik 2010 2",
    "et": "SpinalLesionSite",
    "off": 27333,
    "sff": "spinal"
  },
  {
    "docID": "N156 Kalincik 2010 2",
    "et": "SpinalLesionSite",
    "off": 20435,
    "sff": "spinal"
  },
  {
    "docID": "N156 Kalincik 2010 2",
    "et": "SpinalLesionSite",
    "off": 38039,
    "sff": "lesion"
  },
  {
    "docID": "N156 Kalincik 2010 2",
    "et": "SpinalLesionSite",
    "off": 13466,
    "sff": "lesion"
  },
  {
    "docID": "N156 Kalincik 2010 2",
    "et": "SpinalLesionSite",
    "off": 38286,
    "sff": "lesion"
  },
  {
    "docID": "N156 Kalincik 2010 2",
    "et": "SpinalLesionSite",
    "off": 88,
    "sff": "spinal"
  },
  {
    "docID": "N156 Kalincik 2010 2",
    "et": "SpinalLesionSite",
    "off": 13528,
    "sff": "spinal"
  },
  {
    "docID": "N156 Kalincik 2010 2",
    "et": "SpinalLesionSite",
    "off": 46817,
    "sff": "spinal"
  },
  {
    "docID": "N156 Kalincik 2010 2",
    "et": "SpinalLesionSite",
    "off": 27817,
    "sff": "lesion"
  },
  {
    "docID": "N156 Kalincik 2010 2",
    "et": "SpinalLesionSite",
    "off": 12517,
    "sff": "spinal"
  },
  {
    "docID": "N156 Kalincik 2010 2",
    "et": "SpinalLesionSite",
    "off": 20968,
    "sff": "spinal"
  },
  {
    "docID": "N156 Kalincik 2010 2",
    "et": "SpinalLesionSite",
    "off": 6888,
    "sff": "spinal"
  },
  {
    "docID": "N156 Kalincik 2010 2",
    "et": "SpinalLesionSite",
    "off": 48997,
    "sff": "spinal"
  },
  {
    "docID": "N156 Kalincik 2010 2",
    "et": "SpinalLesionSite",
    "off": 7399,
    "sff": "spinal"
  },
  {
    "docID": "N156 Kalincik 2010 2",
    "et": "SpinalLesionSite",
    "off": 38772,
    "sff": "spinal"
  },
  {
    "docID": "N156 Kalincik 2010 2",
    "et": "SpinalLesionSite",
    "off": 32752,
    "sff": "spinal"
  },
  {
    "docID": "N156 Kalincik 2010 2",
    "et": "SpinalLesionSite",
    "off": 18227,
    "sff": "Spinal"
  },
  {
    "docID": "N156 Kalincik 2010 2",
    "et": "SpinalLesionSite",
    "off": 38330,
    "sff": "lesion"
  },
  {
    "docID": "N156 Kalincik 2010 2",
    "et": "SpinalLesionSite",
    "off": 4348,
    "sff": "spinal"
  },
  {
    "docID": "N156 Kalincik 2010 2",
    "et": "SpinalLesionSite",
    "off": 26319,
    "sff": "lesion site"
  },
  {
    "docID": "N156 Kalincik 2010 2",
    "et": "SpinalLesionSite",
    "off": 14200,
    "sff": "spinal"
  },
  {
    "docID": "N156 Kalincik 2010 2",
    "et": "SpinalLesionSite",
    "off": 32257,
    "sff": "spinal"
  },
  {
    "docID": "N156 Kalincik 2010 2",
    "et": "SpinalLesionSite",
    "off": 38039,
    "sff": "lesion site"
  },
  {
    "docID": "N156 Kalincik 2010 2",
    "et": "SpinalLesionSite",
    "off": 31999,
    "sff": "spinal"
  },
  {
    "docID": "N156 Kalincik 2010 2",
    "et": "SpinalLesionSite",
    "off": 3334,
    "sff": "spinal"
  },
  {
    "docID": "N156 Kalincik 2010 2",
    "et": "SpinalLesionSite",
    "off": 6406,
    "sff": "spinal"
  },
  {
    "docID": "N156 Kalincik 2010 2",
    "et": "SpinalLesionSite",
    "off": 13466,
    "sff": "lesion site"
  },
  {
    "docID": "N156 Kalincik 2010 2",
    "et": "SpinalLesionSite",
    "off": 26117,
    "sff": "spinal"
  },
  {
    "docID": "N156 Kalincik 2010 2",
    "et": "SpinalLesionSite",
    "off": 14610,
    "sff": "spinal"
  },
  {
    "docID": "N156 Kalincik 2010 2",
    "et": "SpinalLesionSite",
    "off": 45073,
    "sff": "spinal"
  },
  {
    "docID": "N156 Kalincik 2010 2",
    "et": "SpinalLesionSite",
    "off": 22801,
    "sff": "Spinal"
  },
  {
    "docID": "N156 Kalincik 2010 2",
    "et": "SpinalLesionSite",
    "off": 41997,
    "sff": "spinal"
  },
  {
    "docID": "N156 Kalincik 2010 2",
    "et": "SpinalLesionSite",
    "off": 13327,
    "sff": "spinal"
  },
  {
    "docID": "N156 Kalincik 2010 2",
    "et": "SpinalLesionSite",
    "off": 20494,
    "sff": "spinal"
  },
  {
    "docID": "N156 Kalincik 2010 2",
    "et": "SpinalLesionSite",
    "off": 39964,
    "sff": "spinal"
  },
  {
    "docID": "N156 Kalincik 2010 2",
    "et": "SpinalLesionSite",
    "off": 26319,
    "sff": "lesion"
  },
  {
    "docID": "N156 Kalincik 2010 2",
    "et": "SpinalLesionSite",
    "off": 1947,
    "sff": "spinal"
  },
  {
    "docID": "N156 Kalincik 2010 2",
    "et": "SpinalLesionSite",
    "off": 4117,
    "sff": "spinal"
  },
  {
    "docID": "N156 Kalincik 2010 2",
    "et": "SpinalLesionSite",
    "off": 535,
    "sff": "spinal"
  },
  {
    "docID": "N156 Kalincik 2010 2",
    "et": "SpinalLesionSite",
    "off": 20758,
    "sff": "spinal"
  },
  {
    "docID": "N156 Kalincik 2010 2",
    "et": "T2",
    "off": 21945,
    "sff": "T2"
  },
  {
    "docID": "N156 Kalincik 2010 2",
    "et": "T2",
    "off": 28457,
    "sff": "T2"
  },
  {
    "docID": "N156 Kalincik 2010 2",
    "et": "T2",
    "off": 18248,
    "sff": "T2"
  },
  {
    "docID": "N156 Kalincik 2010 2",
    "et": "T3",
    "off": 21948,
    "sff": "T3"
  },
  {
    "docID": "N156 Kalincik 2010 2",
    "et": "T3",
    "off": 13235,
    "sff": "T3"
  },
  {
    "docID": "N156 Kalincik 2010 2",
    "et": "T4",
    "off": 4926,
    "sff": "T4"
  },
  {
    "docID": "N156 Kalincik 2010 2",
    "et": "T4",
    "off": 41231,
    "sff": "T4"
  },
  {
    "docID": "N156 Kalincik 2010 2",
    "et": "T4",
    "off": 13400,
    "sff": "T4"
  },
  {
    "docID": "N156 Kalincik 2010 2",
    "et": "T4",
    "off": 6885,
    "sff": "T4"
  },
  {
    "docID": "N156 Kalincik 2010 2",
    "et": "T4",
    "off": 7750,
    "sff": "T4"
  },
  {
    "docID": "N156 Kalincik 2010 2",
    "et": "T4",
    "off": 1175,
    "sff": "T4"
  },
  {
    "docID": "N156 Kalincik 2010 2",
    "et": "T4",
    "off": 736,
    "sff": "T4"
  },
  {
    "docID": "N156 Kalincik 2010 2",
    "et": "T4",
    "off": 42880,
    "sff": "T4"
  },
  {
    "docID": "N156 Kalincik 2010 2",
    "et": "T4",
    "off": 12514,
    "sff": "T4"
  },
  {
    "docID": "N156 Kalincik 2010 2",
    "et": "T4",
    "off": 36323,
    "sff": "T4"
  },
  {
    "docID": "N156 Kalincik 2010 2",
    "et": "T5",
    "off": 21985,
    "sff": "T5"
  },
  {
    "docID": "N156 Kalincik 2010 2",
    "et": "T5",
    "off": 28466,
    "sff": "T5"
  },
  {
    "docID": "N156 Kalincik 2010 2",
    "et": "T6",
    "off": 2735,
    "sff": "T6"
  },
  {
    "docID": "N156 Kalincik 2010 2",
    "et": "T6",
    "off": 18251,
    "sff": "T6"
  },
  {
    "docID": "N156 Kalincik 2010 2",
    "et": "T6",
    "off": 21988,
    "sff": "T6"
  },
  {
    "docID": "N156 Kalincik 2010 2",
    "et": "AnimalSpecies",
    "off": 5448,
    "sff": "Animal"
  },
  {
    "docID": "N156 Kalincik 2010 2",
    "et": "AnimalSpecies",
    "off": 17477,
    "sff": "animal"
  },
  {
    "docID": "N156 Kalincik 2010 2",
    "et": "AnimalSpecies",
    "off": 21828,
    "sff": "animal"
  },
  {
    "docID": "N156 Kalincik 2010 2",
    "et": "AnimalSpecies",
    "off": 25094,
    "sff": "animal"
  },
  {
    "docID": "N156 Kalincik 2010 2",
    "et": "AnimalSpecies",
    "off": 17344,
    "sff": "animal"
  },
  {
    "docID": "N156 Kalincik 2010 2",
    "et": "AnimalSpecies",
    "off": 28253,
    "sff": "animal"
  },
  {
    "docID": "N156 Kalincik 2010 2",
    "et": "AnimalSpecies",
    "off": 34239,
    "sff": "animal"
  },
  {
    "docID": "N156 Kalincik 2010 2",
    "et": "AnimalSpecies",
    "off": 25371,
    "sff": "animal"
  },
  {
    "docID": "N156 Kalincik 2010 2",
    "et": "AnimalSpecies",
    "off": 18516,
    "sff": "animal"
  },
  {
    "docID": "N156 Kalincik 2010 2",
    "et": "AnimalSpecies",
    "off": 17111,
    "sff": "animal"
  },
  {
    "docID": "N156 Kalincik 2010 2",
    "et": "AnimalSpecies",
    "off": 25559,
    "sff": "animal"
  },
  {
    "docID": "N156 Kalincik 2010 2",
    "et": "AnimalSpecies",
    "off": 5558,
    "sff": "animal"
  },
  {
    "docID": "N156 Kalincik 2010 2",
    "et": "AnimalSpecies",
    "off": 9298,
    "sff": "Animal"
  },
  {
    "docID": "N156 Kalincik 2010 2",
    "et": "CompoundBiologicalRelation",
    "off": 5670,
    "sff": "Biological"
  },
  {
    "docID": "N156 Kalincik 2010 2",
    "et": "NT3Lentivirus",
    "off": 10690,
    "sff": "NT3"
  },
  {
    "docID": "N156 Kalincik 2010 2",
    "et": "Saline",
    "off": 19518,
    "sff": "saline"
  },
  {
    "docID": "N156 Kalincik 2010 2",
    "et": "Saline",
    "off": 21023,
    "sff": "saline"
  },
  {
    "docID": "N156 Kalincik 2010 2",
    "et": "Saline",
    "off": 19818,
    "sff": "saline"
  },
  {
    "docID": "N156 Kalincik 2010 2",
    "et": "Right",
    "off": 22489,
    "sff": "right"
  },
  {
    "docID": "N156 Kalincik 2010 2",
    "et": "TemperatureTreatment",
    "off": 13017,
    "sff": "temperature"
  },
  {
    "docID": "N156 Kalincik 2010 2",
    "et": "TemperatureTreatment",
    "off": 20052,
    "sff": "temperature"
  },
  {
    "docID": "N156 Kalincik 2010 2",
    "et": "TemperatureTreatment",
    "off": 21315,
    "sff": "temperature"
  },
  {
    "docID": "N156 Kalincik 2010 2",
    "et": "TemperatureTreatment",
    "off": 14514,
    "sff": "temperature"
  },
  {
    "docID": "N156 Kalincik 2010 2",
    "et": "TemperatureTreatment",
    "off": 14546,
    "sff": "temperature"
  },
  {
    "docID": "N156 Kalincik 2010 2",
    "et": "StemCell",
    "off": 2865,
    "sff": "stem"
  },
  {
    "docID": "N156 Kalincik 2010 2",
    "et": "SpinalCord",
    "off": 38585,
    "sff": "spinal cord"
  },
  {
    "docID": "N156 Kalincik 2010 2",
    "et": "SpinalCord",
    "off": 39737,
    "sff": "spinal cord"
  },
  {
    "docID": "N156 Kalincik 2010 2",
    "et": "SpinalCord",
    "off": 11448,
    "sff": "spinal cord"
  },
  {
    "docID": "N156 Kalincik 2010 2",
    "et": "SpinalCord",
    "off": 14200,
    "sff": "spinal cord"
  },
  {
    "docID": "N156 Kalincik 2010 2",
    "et": "SpinalCord",
    "off": 32951,
    "sff": "spinal cord"
  },
  {
    "docID": "N156 Kalincik 2010 2",
    "et": "SpinalCord",
    "off": 38772,
    "sff": "spinal cord"
  },
  {
    "docID": "N156 Kalincik 2010 2",
    "et": "SpinalCord",
    "off": 39220,
    "sff": "spinal cord"
  },
  {
    "docID": "N156 Kalincik 2010 2",
    "et": "SpinalCord",
    "off": 18227,
    "sff": "Spinal cord"
  },
  {
    "docID": "N156 Kalincik 2010 2",
    "et": "SpinalCord",
    "off": 4929,
    "sff": "spinal cord"
  },
  {
    "docID": "N156 Kalincik 2010 2",
    "et": "SpinalCord",
    "off": 20758,
    "sff": "spinal"
  },
  {
    "docID": "N156 Kalincik 2010 2",
    "et": "SpinalCord",
    "off": 4348,
    "sff": "spinal cord"
  },
  {
    "docID": "N156 Kalincik 2010 2",
    "et": "SpinalCord",
    "off": 45073,
    "sff": "spinal"
  },
  {
    "docID": "N156 Kalincik 2010 2",
    "et": "SpinalCord",
    "off": 6888,
    "sff": "spinal cord"
  },
  {
    "docID": "N156 Kalincik 2010 2",
    "et": "SpinalCord",
    "off": 20968,
    "sff": "spinal cord"
  },
  {
    "docID": "N156 Kalincik 2010 2",
    "et": "SpinalCord",
    "off": 7399,
    "sff": "spinal cord"
  },
  {
    "docID": "N156 Kalincik 2010 2",
    "et": "SpinalCord",
    "off": 12517,
    "sff": "spinal cord"
  },
  {
    "docID": "N156 Kalincik 2010 2",
    "et": "SpinalCord",
    "off": 3334,
    "sff": "spinal"
  },
  {
    "docID": "N156 Kalincik 2010 2",
    "et": "SpinalCord",
    "off": 48997,
    "sff": "spinal cord"
  },
  {
    "docID": "N156 Kalincik 2010 2",
    "et": "SpinalCord",
    "off": 21707,
    "sff": "spinal"
  },
  {
    "docID": "N156 Kalincik 2010 2",
    "et": "SpinalCord",
    "off": 22801,
    "sff": "Spinal"
  },
  {
    "docID": "N156 Kalincik 2010 2",
    "et": "SpinalCord",
    "off": 32257,
    "sff": "spinal"
  },
  {
    "docID": "N156 Kalincik 2010 2",
    "et": "SpinalCord",
    "off": 88,
    "sff": "spinal cord"
  },
  {
    "docID": "N156 Kalincik 2010 2",
    "et": "SpinalCord",
    "off": 13528,
    "sff": "spinal cord"
  },
  {
    "docID": "N156 Kalincik 2010 2",
    "et": "SpinalCord",
    "off": 535,
    "sff": "spinal cord"
  },
  {
    "docID": "N156 Kalincik 2010 2",
    "et": "SpinalCord",
    "off": 31999,
    "sff": "spinal"
  },
  {
    "docID": "N156 Kalincik 2010 2",
    "et": "SpinalCord",
    "off": 4117,
    "sff": "spinal cord"
  },
  {
    "docID": "N156 Kalincik 2010 2",
    "et": "SpinalCord",
    "off": 20435,
    "sff": "spinal cord"
  },
  {
    "docID": "N156 Kalincik 2010 2",
    "et": "SpinalCord",
    "off": 14610,
    "sff": "spinal cord"
  },
  {
    "docID": "N156 Kalincik 2010 2",
    "et": "SpinalCord",
    "off": 46817,
    "sff": "spinal cord"
  },
  {
    "docID": "N156 Kalincik 2010 2",
    "et": "SpinalCord",
    "off": 46137,
    "sff": "spinal"
  },
  {
    "docID": "N156 Kalincik 2010 2",
    "et": "SpinalCord",
    "off": 7991,
    "sff": "spinal"
  },
  {
    "docID": "N156 Kalincik 2010 2",
    "et": "SpinalCord",
    "off": 27551,
    "sff": "spinal cord"
  },
  {
    "docID": "N156 Kalincik 2010 2",
    "et": "SpinalCord",
    "off": 39583,
    "sff": "spinal cord"
  },
  {
    "docID": "N156 Kalincik 2010 2",
    "et": "SpinalCord",
    "off": 34078,
    "sff": "spinal cord"
  },
  {
    "docID": "N156 Kalincik 2010 2",
    "et": "SpinalCord",
    "off": 31837,
    "sff": "Spinal cord"
  },
  {
    "docID": "N156 Kalincik 2010 2",
    "et": "SpinalCord",
    "off": 32700,
    "sff": "spinal"
  },
  {
    "docID": "N156 Kalincik 2010 2",
    "et": "SpinalCord",
    "off": 39964,
    "sff": "spinal cord"
  },
  {
    "docID": "N156 Kalincik 2010 2",
    "et": "SpinalCord",
    "off": 1947,
    "sff": "spinal cord"
  },
  {
    "docID": "N156 Kalincik 2010 2",
    "et": "SpinalCord",
    "off": 7753,
    "sff": "spinal cord"
  },
  {
    "docID": "N156 Kalincik 2010 2",
    "et": "SpinalCord",
    "off": 32752,
    "sff": "spinal"
  },
  {
    "docID": "N156 Kalincik 2010 2",
    "et": "SpinalCord",
    "off": 40391,
    "sff": "spinal cord"
  },
  {
    "docID": "N156 Kalincik 2010 2",
    "et": "SpinalCord",
    "off": 6406,
    "sff": "spinal cord"
  },
  {
    "docID": "N156 Kalincik 2010 2",
    "et": "SpinalCord",
    "off": 26117,
    "sff": "spinal cord"
  },
  {
    "docID": "N156 Kalincik 2010 2",
    "et": "SpinalCord",
    "off": 27333,
    "sff": "spinal cord"
  },
  {
    "docID": "N156 Kalincik 2010 2",
    "et": "SpinalCord",
    "off": 2243,
    "sff": "Spinal cord"
  },
  {
    "docID": "N156 Kalincik 2010 2",
    "et": "SpinalCord",
    "off": 13327,
    "sff": "spinal cord"
  },
  {
    "docID": "N156 Kalincik 2010 2",
    "et": "SpinalCord",
    "off": 20494,
    "sff": "spinal cord"
  },
  {
    "docID": "N156 Kalincik 2010 2",
    "et": "SpinalCord",
    "off": 41997,
    "sff": "spinal cord"
  },
  {
    "docID": "N156 Kalincik 2010 2",
    "et": "LesionAdjacentTissue",
    "off": 13466,
    "sff": "lesion"
  },
  {
    "docID": "N156 Kalincik 2010 2",
    "et": "LesionAdjacentTissue",
    "off": 38286,
    "sff": "lesion"
  },
  {
    "docID": "N156 Kalincik 2010 2",
    "et": "LesionAdjacentTissue",
    "off": 38039,
    "sff": "lesion"
  },
  {
    "docID": "N156 Kalincik 2010 2",
    "et": "LesionAdjacentTissue",
    "off": 27817,
    "sff": "lesion"
  },
  {
    "docID": "N156 Kalincik 2010 2",
    "et": "LesionAdjacentTissue",
    "off": 46439,
    "sff": "adjacent"
  },
  {
    "docID": "N156 Kalincik 2010 2",
    "et": "LesionAdjacentTissue",
    "off": 38330,
    "sff": "lesion"
  },
  {
    "docID": "N156 Kalincik 2010 2",
    "et": "LesionAdjacentTissue",
    "off": 38270,
    "sff": "adjacent"
  },
  {
    "docID": "N156 Kalincik 2010 2",
    "et": "LesionAdjacentTissue",
    "off": 26319,
    "sff": "lesion"
  },
  {
    "docID": "N156 Kalincik 2010 2",
    "et": "LesionAdjacentTissue",
    "off": 46193,
    "sff": "adjacent"
  },
  {
    "docID": "N156 Kalincik 2010 2",
    "et": "LesionAdjacentTissue",
    "off": 33280,
    "sff": "lesion"
  },
  {
    "docID": "N156 Kalincik 2010 2",
    "et": "LesionAdjacentTissue",
    "off": 38066,
    "sff": "adjacent"
  },
  {
    "docID": "N156 Kalincik 2010 2",
    "et": "CentralNervousSystem",
    "off": 2918,
    "sff": "nervous system"
  },
  {
    "docID": "N156 Kalincik 2010 2",
    "et": "CentralNervousSystem",
    "off": 33517,
    "sff": "nervous"
  },
  {
    "docID": "N156 Kalincik 2010 2",
    "et": "CentralNervousSystem",
    "off": 14229,
    "sff": "nervous"
  },
  {
    "docID": "N156 Kalincik 2010 2",
    "et": "CentralNervousSystem",
    "off": 3991,
    "sff": "nervous"
  },
  {
    "docID": "N156 Kalincik 2010 2",
    "et": "CentralNervousSystem",
    "off": 2918,
    "sff": "nervous"
  },
  {
    "docID": "N156 Kalincik 2010 2",
    "et": "OscillatingFieldStimulator",
    "off": 13070,
    "sff": "field"
  },
  {
    "docID": "N156 Kalincik 2010 2",
    "et": "Location",
    "off": 35385,
    "sff": "location"
  },
  {
    "docID": "N156 Kalincik 2010 2",
    "et": "WistarRat",
    "off": 5657,
    "sff": "Wistar"
  },
  {
    "docID": "N156 Kalincik 2010 2",
    "et": "Matrix",
    "off": 33621,
    "sff": "matrix"
  },
  {
    "docID": "N156 Kalincik 2010 2",
    "et": "Matrix",
    "off": 32400,
    "sff": "matrix"
  },
  {
    "docID": "N156 Kalincik 2010 2",
    "et": "SpinalCentralPart",
    "off": 7399,
    "sff": "spinal"
  },
  {
    "docID": "N156 Kalincik 2010 2",
    "et": "SpinalCentralPart",
    "off": 6888,
    "sff": "spinal"
  },
  {
    "docID": "N156 Kalincik 2010 2",
    "et": "SpinalCentralPart",
    "off": 20968,
    "sff": "spinal"
  },
  {
    "docID": "N156 Kalincik 2010 2",
    "et": "SpinalCentralPart",
    "off": 31837,
    "sff": "Spinal"
  },
  {
    "docID": "N156 Kalincik 2010 2",
    "et": "SpinalCentralPart",
    "off": 38772,
    "sff": "spinal"
  },
  {
    "docID": "N156 Kalincik 2010 2",
    "et": "SpinalCentralPart",
    "off": 39220,
    "sff": "spinal"
  },
  {
    "docID": "N156 Kalincik 2010 2",
    "et": "SpinalCentralPart",
    "off": 32752,
    "sff": "spinal"
  },
  {
    "docID": "N156 Kalincik 2010 2",
    "et": "SpinalCentralPart",
    "off": 1947,
    "sff": "spinal"
  },
  {
    "docID": "N156 Kalincik 2010 2",
    "et": "SpinalCentralPart",
    "off": 39964,
    "sff": "spinal"
  },
  {
    "docID": "N156 Kalincik 2010 2",
    "et": "SpinalCentralPart",
    "off": 18227,
    "sff": "Spinal"
  },
  {
    "docID": "N156 Kalincik 2010 2",
    "et": "SpinalCentralPart",
    "off": 20758,
    "sff": "spinal"
  },
  {
    "docID": "N156 Kalincik 2010 2",
    "et": "SpinalCentralPart",
    "off": 535,
    "sff": "spinal"
  },
  {
    "docID": "N156 Kalincik 2010 2",
    "et": "SpinalCentralPart",
    "off": 88,
    "sff": "spinal"
  },
  {
    "docID": "N156 Kalincik 2010 2",
    "et": "SpinalCentralPart",
    "off": 13528,
    "sff": "spinal"
  },
  {
    "docID": "N156 Kalincik 2010 2",
    "et": "SpinalCentralPart",
    "off": 48997,
    "sff": "spinal"
  },
  {
    "docID": "N156 Kalincik 2010 2",
    "et": "SpinalCentralPart",
    "off": 12517,
    "sff": "spinal"
  },
  {
    "docID": "N156 Kalincik 2010 2",
    "et": "SpinalCentralPart",
    "off": 34078,
    "sff": "spinal"
  },
  {
    "docID": "N156 Kalincik 2010 2",
    "et": "SpinalCentralPart",
    "off": 27551,
    "sff": "spinal"
  },
  {
    "docID": "N156 Kalincik 2010 2",
    "et": "SpinalCentralPart",
    "off": 39583,
    "sff": "spinal"
  },
  {
    "docID": "N156 Kalincik 2010 2",
    "et": "SpinalCentralPart",
    "off": 46817,
    "sff": "spinal"
  },
  {
    "docID": "N156 Kalincik 2010 2",
    "et": "SpinalCentralPart",
    "off": 21707,
    "sff": "spinal"
  },
  {
    "docID": "N156 Kalincik 2010 2",
    "et": "SpinalCentralPart",
    "off": 2243,
    "sff": "Spinal"
  },
  {
    "docID": "N156 Kalincik 2010 2",
    "et": "SpinalCentralPart",
    "off": 41997,
    "sff": "spinal"
  },
  {
    "docID": "N156 Kalincik 2010 2",
    "et": "SpinalCentralPart",
    "off": 3334,
    "sff": "spinal"
  },
  {
    "docID": "N156 Kalincik 2010 2",
    "et": "SpinalCentralPart",
    "off": 6406,
    "sff": "spinal"
  },
  {
    "docID": "N156 Kalincik 2010 2",
    "et": "SpinalCentralPart",
    "off": 40391,
    "sff": "spinal"
  },
  {
    "docID": "N156 Kalincik 2010 2",
    "et": "SpinalCentralPart",
    "off": 7753,
    "sff": "spinal"
  },
  {
    "docID": "N156 Kalincik 2010 2",
    "et": "SpinalCentralPart",
    "off": 14610,
    "sff": "spinal"
  },
  {
    "docID": "N156 Kalincik 2010 2",
    "et": "SpinalCentralPart",
    "off": 20435,
    "sff": "spinal"
  },
  {
    "docID": "N156 Kalincik 2010 2",
    "et": "SpinalCentralPart",
    "off": 4117,
    "sff": "spinal"
  },
  {
    "docID": "N156 Kalincik 2010 2",
    "et": "SpinalCentralPart",
    "off": 20494,
    "sff": "spinal"
  },
  {
    "docID": "N156 Kalincik 2010 2",
    "et": "SpinalCentralPart",
    "off": 13327,
    "sff": "spinal"
  },
  {
    "docID": "N156 Kalincik 2010 2",
    "et": "SpinalCentralPart",
    "off": 45073,
    "sff": "spinal"
  },
  {
    "docID": "N156 Kalincik 2010 2",
    "et": "SpinalCentralPart",
    "off": 4348,
    "sff": "spinal"
  },
  {
    "docID": "N156 Kalincik 2010 2",
    "et": "SpinalCentralPart",
    "off": 32700,
    "sff": "spinal"
  },
  {
    "docID": "N156 Kalincik 2010 2",
    "et": "SpinalCentralPart",
    "off": 22801,
    "sff": "Spinal"
  },
  {
    "docID": "N156 Kalincik 2010 2",
    "et": "SpinalCentralPart",
    "off": 7991,
    "sff": "spinal"
  },
  {
    "docID": "N156 Kalincik 2010 2",
    "et": "SpinalCentralPart",
    "off": 32951,
    "sff": "spinal"
  },
  {
    "docID": "N156 Kalincik 2010 2",
    "et": "SpinalCentralPart",
    "off": 11448,
    "sff": "spinal"
  },
  {
    "docID": "N156 Kalincik 2010 2",
    "et": "SpinalCentralPart",
    "off": 14200,
    "sff": "spinal"
  },
  {
    "docID": "N156 Kalincik 2010 2",
    "et": "SpinalCentralPart",
    "off": 46137,
    "sff": "spinal"
  },
  {
    "docID": "N156 Kalincik 2010 2",
    "et": "SpinalCentralPart",
    "off": 38585,
    "sff": "spinal"
  },
  {
    "docID": "N156 Kalincik 2010 2",
    "et": "SpinalCentralPart",
    "off": 39737,
    "sff": "spinal"
  },
  {
    "docID": "N156 Kalincik 2010 2",
    "et": "SpinalCentralPart",
    "off": 26117,
    "sff": "spinal"
  },
  {
    "docID": "N156 Kalincik 2010 2",
    "et": "SpinalCentralPart",
    "off": 27333,
    "sff": "spinal"
  },
  {
    "docID": "N156 Kalincik 2010 2",
    "et": "SpinalCentralPart",
    "off": 31999,
    "sff": "spinal"
  },
  {
    "docID": "N156 Kalincik 2010 2",
    "et": "SpinalCentralPart",
    "off": 4929,
    "sff": "spinal"
  },
  {
    "docID": "N156 Kalincik 2010 2",
    "et": "SpinalCentralPart",
    "off": 32257,
    "sff": "spinal"
  },
  {
    "docID": "N156 Kalincik 2010 2",
    "et": "Ketamine",
    "off": 12781,
    "sff": "ketamine"
  },
  {
    "docID": "N156 Kalincik 2010 2",
    "et": "Ketamine",
    "off": 8345,
    "sff": "Ketamine"
  },
  {
    "docID": "N156 Kalincik 2010 2",
    "et": "Ketamine",
    "off": 8305,
    "sff": "ketamine"
  },
  {
    "docID": "N156 Kalincik 2010 2",
    "et": "SpinalWhiteMatter",
    "off": 12517,
    "sff": "spinal"
  },
  {
    "docID": "N156 Kalincik 2010 2",
    "et": "SpinalWhiteMatter",
    "off": 48997,
    "sff": "spinal"
  },
  {
    "docID": "N156 Kalincik 2010 2",
    "et": "SpinalWhiteMatter",
    "off": 7399,
    "sff": "spinal"
  },
  {
    "docID": "N156 Kalincik 2010 2",
    "et": "SpinalWhiteMatter",
    "off": 46817,
    "sff": "spinal"
  },
  {
    "docID": "N156 Kalincik 2010 2",
    "et": "SpinalWhiteMatter",
    "off": 88,
    "sff": "spinal"
  },
  {
    "docID": "N156 Kalincik 2010 2",
    "et": "SpinalWhiteMatter",
    "off": 13528,
    "sff": "spinal"
  },
  {
    "docID": "N156 Kalincik 2010 2",
    "et": "SpinalWhiteMatter",
    "off": 38772,
    "sff": "spinal"
  },
  {
    "docID": "N156 Kalincik 2010 2",
    "et": "SpinalWhiteMatter",
    "off": 32752,
    "sff": "spinal"
  },
  {
    "docID": "N156 Kalincik 2010 2",
    "et": "SpinalWhiteMatter",
    "off": 6888,
    "sff": "spinal"
  },
  {
    "docID": "N156 Kalincik 2010 2",
    "et": "SpinalWhiteMatter",
    "off": 18227,
    "sff": "Spinal"
  },
  {
    "docID": "N156 Kalincik 2010 2",
    "et": "SpinalWhiteMatter",
    "off": 20968,
    "sff": "spinal"
  },
  {
    "docID": "N156 Kalincik 2010 2",
    "et": "SpinalWhiteMatter",
    "off": 27333,
    "sff": "spinal"
  },
  {
    "docID": "N156 Kalincik 2010 2",
    "et": "SpinalWhiteMatter",
    "off": 40391,
    "sff": "spinal"
  },
  {
    "docID": "N156 Kalincik 2010 2",
    "et": "SpinalWhiteMatter",
    "off": 4929,
    "sff": "spinal"
  },
  {
    "docID": "N156 Kalincik 2010 2",
    "et": "SpinalWhiteMatter",
    "off": 32700,
    "sff": "spinal"
  },
  {
    "docID": "N156 Kalincik 2010 2",
    "et": "SpinalWhiteMatter",
    "off": 2243,
    "sff": "Spinal"
  },
  {
    "docID": "N156 Kalincik 2010 2",
    "et": "SpinalWhiteMatter",
    "off": 38585,
    "sff": "spinal"
  },
  {
    "docID": "N156 Kalincik 2010 2",
    "et": "SpinalWhiteMatter",
    "off": 39737,
    "sff": "spinal"
  },
  {
    "docID": "N156 Kalincik 2010 2",
    "et": "SpinalWhiteMatter",
    "off": 46137,
    "sff": "spinal"
  },
  {
    "docID": "N156 Kalincik 2010 2",
    "et": "SpinalWhiteMatter",
    "off": 11448,
    "sff": "spinal"
  },
  {
    "docID": "N156 Kalincik 2010 2",
    "et": "SpinalWhiteMatter",
    "off": 20435,
    "sff": "spinal"
  },
  {
    "docID": "N156 Kalincik 2010 2",
    "et": "SpinalWhiteMatter",
    "off": 7753,
    "sff": "spinal"
  },
  {
    "docID": "N156 Kalincik 2010 2",
    "et": "SpinalWhiteMatter",
    "off": 21707,
    "sff": "spinal"
  },
  {
    "docID": "N156 Kalincik 2010 2",
    "et": "SpinalWhiteMatter",
    "off": 31837,
    "sff": "Spinal"
  },
  {
    "docID": "N156 Kalincik 2010 2",
    "et": "SpinalWhiteMatter",
    "off": 25881,
    "sff": "white"
  },
  {
    "docID": "N156 Kalincik 2010 2",
    "et": "SpinalWhiteMatter",
    "off": 39964,
    "sff": "spinal"
  },
  {
    "docID": "N156 Kalincik 2010 2",
    "et": "SpinalWhiteMatter",
    "off": 27551,
    "sff": "spinal"
  },
  {
    "docID": "N156 Kalincik 2010 2",
    "et": "SpinalWhiteMatter",
    "off": 39583,
    "sff": "spinal"
  },
  {
    "docID": "N156 Kalincik 2010 2",
    "et": "SpinalWhiteMatter",
    "off": 34078,
    "sff": "spinal"
  },
  {
    "docID": "N156 Kalincik 2010 2",
    "et": "SpinalWhiteMatter",
    "off": 1947,
    "sff": "spinal"
  },
  {
    "docID": "N156 Kalincik 2010 2",
    "et": "SpinalWhiteMatter",
    "off": 39220,
    "sff": "spinal"
  },
  {
    "docID": "N156 Kalincik 2010 2",
    "et": "SpinalWhiteMatter",
    "off": 32951,
    "sff": "spinal"
  },
  {
    "docID": "N156 Kalincik 2010 2",
    "et": "SpinalWhiteMatter",
    "off": 7991,
    "sff": "spinal"
  },
  {
    "docID": "N156 Kalincik 2010 2",
    "et": "SpinalWhiteMatter",
    "off": 26117,
    "sff": "spinal"
  },
  {
    "docID": "N156 Kalincik 2010 2",
    "et": "SpinalWhiteMatter",
    "off": 3334,
    "sff": "spinal"
  },
  {
    "docID": "N156 Kalincik 2010 2",
    "et": "SpinalWhiteMatter",
    "off": 6406,
    "sff": "spinal"
  },
  {
    "docID": "N156 Kalincik 2010 2",
    "et": "SpinalWhiteMatter",
    "off": 32257,
    "sff": "spinal"
  },
  {
    "docID": "N156 Kalincik 2010 2",
    "et": "SpinalWhiteMatter",
    "off": 4348,
    "sff": "spinal"
  },
  {
    "docID": "N156 Kalincik 2010 2",
    "et": "SpinalWhiteMatter",
    "off": 31999,
    "sff": "spinal"
  },
  {
    "docID": "N156 Kalincik 2010 2",
    "et": "SpinalWhiteMatter",
    "off": 14200,
    "sff": "spinal"
  },
  {
    "docID": "N156 Kalincik 2010 2",
    "et": "SpinalWhiteMatter",
    "off": 4117,
    "sff": "spinal"
  },
  {
    "docID": "N156 Kalincik 2010 2",
    "et": "SpinalWhiteMatter",
    "off": 535,
    "sff": "spinal"
  },
  {
    "docID": "N156 Kalincik 2010 2",
    "et": "SpinalWhiteMatter",
    "off": 20758,
    "sff": "spinal"
  },
  {
    "docID": "N156 Kalincik 2010 2",
    "et": "SpinalWhiteMatter",
    "off": 45073,
    "sff": "spinal"
  },
  {
    "docID": "N156 Kalincik 2010 2",
    "et": "SpinalWhiteMatter",
    "off": 14610,
    "sff": "spinal"
  },
  {
    "docID": "N156 Kalincik 2010 2",
    "et": "SpinalWhiteMatter",
    "off": 41997,
    "sff": "spinal"
  },
  {
    "docID": "N156 Kalincik 2010 2",
    "et": "SpinalWhiteMatter",
    "off": 13327,
    "sff": "spinal"
  },
  {
    "docID": "N156 Kalincik 2010 2",
    "et": "SpinalWhiteMatter",
    "off": 20494,
    "sff": "spinal"
  },
  {
    "docID": "N156 Kalincik 2010 2",
    "et": "SpinalWhiteMatter",
    "off": 22801,
    "sff": "Spinal"
  },
  {
    "docID": "N156 Kalincik 2010 2",
    "et": "Catheter",
    "off": 9156,
    "sff": "catheter"
  },
  {
    "docID": "N156 Kalincik 2010 2",
    "et": "Catheter",
    "off": 16339,
    "sff": "catheter"
  },
  {
    "docID": "N156 Kalincik 2010 2",
    "et": "Catheter",
    "off": 9032,
    "sff": "catheter"
  },
  {
    "docID": "N156 Kalincik 2010 2",
    "et": "Antibody",
    "off": 19896,
    "sff": "antibody"
  },
  {
    "docID": "N156 Kalincik 2010 2",
    "et": "Antibody",
    "off": 19739,
    "sff": "antibody"
  },
  {
    "docID": "N156 Kalincik 2010 2",
    "et": "Antibody",
    "off": 20524,
    "sff": "antibody"
  },
  {
    "docID": "N156 Kalincik 2010 2",
    "et": "Antibody",
    "off": 20399,
    "sff": "antibody"
  },
  {
    "docID": "N156 Kalincik 2010 2",
    "et": "Antibody",
    "off": 11952,
    "sff": "antibody"
  },
  {
    "docID": "N156 Kalincik 2010 2",
    "et": "Antibody",
    "off": 18865,
    "sff": "antibody"
  },
  {
    "docID": "N156 Kalincik 2010 2",
    "et": "Antibody",
    "off": 20001,
    "sff": "antibody"
  },
  {
    "docID": "N156 Kalincik 2010 2",
    "et": "Antibody",
    "off": 31877,
    "sff": "antibody"
  },
  {
    "docID": "N156 Kalincik 2010 2",
    "et": "Antibody",
    "off": 19172,
    "sff": "antibody"
  },
  {
    "docID": "N156 Kalincik 2010 2",
    "et": "Antibody",
    "off": 20452,
    "sff": "antibody"
  },
  {
    "docID": "N156 Kalincik 2010 2",
    "et": "Antibody",
    "off": 23063,
    "sff": "antibody"
  },
  {
    "docID": "N156 Kalincik 2010 2",
    "et": "UmbilicalCordBloodStemCell",
    "off": 6895,
    "sff": "cord"
  },
  {
    "docID": "N156 Kalincik 2010 2",
    "et": "UmbilicalCordBloodStemCell",
    "off": 20975,
    "sff": "cord"
  },
  {
    "docID": "N156 Kalincik 2010 2",
    "et": "UmbilicalCordBloodStemCell",
    "off": 18234,
    "sff": "cord"
  },
  {
    "docID": "N156 Kalincik 2010 2",
    "et": "UmbilicalCordBloodStemCell",
    "off": 6327,
    "sff": "cord"
  },
  {
    "docID": "N156 Kalincik 2010 2",
    "et": "UmbilicalCordBloodStemCell",
    "off": 32958,
    "sff": "cord"
  },
  {
    "docID": "N156 Kalincik 2010 2",
    "et": "UmbilicalCordBloodStemCell",
    "off": 38075,
    "sff": "cord"
  },
  {
    "docID": "N156 Kalincik 2010 2",
    "et": "UmbilicalCordBloodStemCell",
    "off": 38779,
    "sff": "cord"
  },
  {
    "docID": "N156 Kalincik 2010 2",
    "et": "UmbilicalCordBloodStemCell",
    "off": 39227,
    "sff": "cord"
  },
  {
    "docID": "N156 Kalincik 2010 2",
    "et": "UmbilicalCordBloodStemCell",
    "off": 1954,
    "sff": "cord"
  },
  {
    "docID": "N156 Kalincik 2010 2",
    "et": "UmbilicalCordBloodStemCell",
    "off": 95,
    "sff": "cord"
  },
  {
    "docID": "N156 Kalincik 2010 2",
    "et": "UmbilicalCordBloodStemCell",
    "off": 13535,
    "sff": "cord"
  },
  {
    "docID": "N156 Kalincik 2010 2",
    "et": "UmbilicalCordBloodStemCell",
    "off": 37279,
    "sff": "cord"
  },
  {
    "docID": "N156 Kalincik 2010 2",
    "et": "UmbilicalCordBloodStemCell",
    "off": 34085,
    "sff": "cord"
  },
  {
    "docID": "N156 Kalincik 2010 2",
    "et": "UmbilicalCordBloodStemCell",
    "off": 27558,
    "sff": "cord"
  },
  {
    "docID": "N156 Kalincik 2010 2",
    "et": "UmbilicalCordBloodStemCell",
    "off": 39590,
    "sff": "cord"
  },
  {
    "docID": "N156 Kalincik 2010 2",
    "et": "UmbilicalCordBloodStemCell",
    "off": 39971,
    "sff": "cord"
  },
  {
    "docID": "N156 Kalincik 2010 2",
    "et": "UmbilicalCordBloodStemCell",
    "off": 31844,
    "sff": "cord"
  },
  {
    "docID": "N156 Kalincik 2010 2",
    "et": "UmbilicalCordBloodStemCell",
    "off": 3815,
    "sff": "cord"
  },
  {
    "docID": "N156 Kalincik 2010 2",
    "et": "UmbilicalCordBloodStemCell",
    "off": 13992,
    "sff": "cord"
  },
  {
    "docID": "N156 Kalincik 2010 2",
    "et": "UmbilicalCordBloodStemCell",
    "off": 46824,
    "sff": "cord"
  },
  {
    "docID": "N156 Kalincik 2010 2",
    "et": "UmbilicalCordBloodStemCell",
    "off": 7406,
    "sff": "cord"
  },
  {
    "docID": "N156 Kalincik 2010 2",
    "et": "UmbilicalCordBloodStemCell",
    "off": 37675,
    "sff": "cord"
  },
  {
    "docID": "N156 Kalincik 2010 2",
    "et": "UmbilicalCordBloodStemCell",
    "off": 12524,
    "sff": "cord"
  },
  {
    "docID": "N156 Kalincik 2010 2",
    "et": "UmbilicalCordBloodStemCell",
    "off": 49004,
    "sff": "cord"
  },
  {
    "docID": "N156 Kalincik 2010 2",
    "et": "UmbilicalCordBloodStemCell",
    "off": 7760,
    "sff": "cord"
  },
  {
    "docID": "N156 Kalincik 2010 2",
    "et": "UmbilicalCordBloodStemCell",
    "off": 20501,
    "sff": "cord"
  },
  {
    "docID": "N156 Kalincik 2010 2",
    "et": "UmbilicalCordBloodStemCell",
    "off": 13334,
    "sff": "cord"
  },
  {
    "docID": "N156 Kalincik 2010 2",
    "et": "UmbilicalCordBloodStemCell",
    "off": 42004,
    "sff": "cord"
  },
  {
    "docID": "N156 Kalincik 2010 2",
    "et": "UmbilicalCordBloodStemCell",
    "off": 14617,
    "sff": "cord"
  },
  {
    "docID": "N156 Kalincik 2010 2",
    "et": "UmbilicalCordBloodStemCell",
    "off": 20442,
    "sff": "cord"
  },
  {
    "docID": "N156 Kalincik 2010 2",
    "et": "UmbilicalCordBloodStemCell",
    "off": 542,
    "sff": "cord"
  },
  {
    "docID": "N156 Kalincik 2010 2",
    "et": "UmbilicalCordBloodStemCell",
    "off": 45150,
    "sff": "cord"
  },
  {
    "docID": "N156 Kalincik 2010 2",
    "et": "UmbilicalCordBloodStemCell",
    "off": 4124,
    "sff": "cord"
  },
  {
    "docID": "N156 Kalincik 2010 2",
    "et": "UmbilicalCordBloodStemCell",
    "off": 11455,
    "sff": "cord"
  },
  {
    "docID": "N156 Kalincik 2010 2",
    "et": "UmbilicalCordBloodStemCell",
    "off": 14207,
    "sff": "cord"
  },
  {
    "docID": "N156 Kalincik 2010 2",
    "et": "UmbilicalCordBloodStemCell",
    "off": 38592,
    "sff": "cord"
  },
  {
    "docID": "N156 Kalincik 2010 2",
    "et": "UmbilicalCordBloodStemCell",
    "off": 39744,
    "sff": "cord"
  },
  {
    "docID": "N156 Kalincik 2010 2",
    "et": "UmbilicalCordBloodStemCell",
    "off": 4355,
    "sff": "cord"
  },
  {
    "docID": "N156 Kalincik 2010 2",
    "et": "UmbilicalCordBloodStemCell",
    "off": 2250,
    "sff": "cord"
  },
  {
    "docID": "N156 Kalincik 2010 2",
    "et": "UmbilicalCordBloodStemCell",
    "off": 4936,
    "sff": "cord"
  },
  {
    "docID": "N156 Kalincik 2010 2",
    "et": "UmbilicalCordBloodStemCell",
    "off": 6413,
    "sff": "cord"
  },
  {
    "docID": "N156 Kalincik 2010 2",
    "et": "UmbilicalCordBloodStemCell",
    "off": 40398,
    "sff": "cord"
  },
  {
    "docID": "N156 Kalincik 2010 2",
    "et": "UmbilicalCordBloodStemCell",
    "off": 37451,
    "sff": "cord"
  },
  {
    "docID": "N156 Kalincik 2010 2",
    "et": "UmbilicalCordBloodStemCell",
    "off": 26124,
    "sff": "cord"
  },
  {
    "docID": "N156 Kalincik 2010 2",
    "et": "UmbilicalCordBloodStemCell",
    "off": 27340,
    "sff": "cord"
  },
  {
    "docID": "N156 Kalincik 2010 2",
    "et": "Protein",
    "off": 7042,
    "sff": "protein"
  },
  {
    "docID": "N156 Kalincik 2010 2",
    "et": "Protein",
    "off": 11699,
    "sff": "protein"
  },
  {
    "docID": "N156 Kalincik 2010 2",
    "et": "Protein",
    "off": 18788,
    "sff": "protein"
  },
  {
    "docID": "N156 Kalincik 2010 2",
    "et": "Protein",
    "off": 47278,
    "sff": "protein"
  },
  {
    "docID": "N156 Kalincik 2010 2",
    "et": "GlialCell",
    "off": 11675,
    "sff": "glial"
  },
  {
    "docID": "N156 Kalincik 2010 2",
    "et": "ImmuneCell",
    "off": 37869,
    "sff": "immune"
  },
  {
    "docID": "N156 Kalincik 2010 2",
    "et": "SpinalGrayMatter",
    "off": 21707,
    "sff": "spinal"
  },
  {
    "docID": "N156 Kalincik 2010 2",
    "et": "SpinalGrayMatter",
    "off": 7753,
    "sff": "spinal"
  },
  {
    "docID": "N156 Kalincik 2010 2",
    "et": "SpinalGrayMatter",
    "off": 6406,
    "sff": "spinal"
  },
  {
    "docID": "N156 Kalincik 2010 2",
    "et": "SpinalGrayMatter",
    "off": 40391,
    "sff": "spinal"
  },
  {
    "docID": "N156 Kalincik 2010 2",
    "et": "SpinalGrayMatter",
    "off": 3334,
    "sff": "spinal"
  },
  {
    "docID": "N156 Kalincik 2010 2",
    "et": "SpinalGrayMatter",
    "off": 26117,
    "sff": "spinal"
  },
  {
    "docID": "N156 Kalincik 2010 2",
    "et": "SpinalGrayMatter",
    "off": 27333,
    "sff": "spinal"
  },
  {
    "docID": "N156 Kalincik 2010 2",
    "et": "SpinalGrayMatter",
    "off": 4929,
    "sff": "spinal"
  },
  {
    "docID": "N156 Kalincik 2010 2",
    "et": "SpinalGrayMatter",
    "off": 32257,
    "sff": "spinal"
  },
  {
    "docID": "N156 Kalincik 2010 2",
    "et": "SpinalGrayMatter",
    "off": 4348,
    "sff": "spinal"
  },
  {
    "docID": "N156 Kalincik 2010 2",
    "et": "SpinalGrayMatter",
    "off": 31999,
    "sff": "spinal"
  },
  {
    "docID": "N156 Kalincik 2010 2",
    "et": "SpinalGrayMatter",
    "off": 32700,
    "sff": "spinal"
  },
  {
    "docID": "N156 Kalincik 2010 2",
    "et": "SpinalGrayMatter",
    "off": 2243,
    "sff": "Spinal"
  },
  {
    "docID": "N156 Kalincik 2010 2",
    "et": "SpinalGrayMatter",
    "off": 11448,
    "sff": "spinal"
  },
  {
    "docID": "N156 Kalincik 2010 2",
    "et": "SpinalGrayMatter",
    "off": 14200,
    "sff": "spinal"
  },
  {
    "docID": "N156 Kalincik 2010 2",
    "et": "SpinalGrayMatter",
    "off": 38585,
    "sff": "spinal"
  },
  {
    "docID": "N156 Kalincik 2010 2",
    "et": "SpinalGrayMatter",
    "off": 39737,
    "sff": "spinal"
  },
  {
    "docID": "N156 Kalincik 2010 2",
    "et": "SpinalGrayMatter",
    "off": 46137,
    "sff": "spinal"
  },
  {
    "docID": "N156 Kalincik 2010 2",
    "et": "SpinalGrayMatter",
    "off": 7991,
    "sff": "spinal"
  },
  {
    "docID": "N156 Kalincik 2010 2",
    "et": "SpinalGrayMatter",
    "off": 32951,
    "sff": "spinal"
  },
  {
    "docID": "N156 Kalincik 2010 2",
    "et": "SpinalGrayMatter",
    "off": 38772,
    "sff": "spinal"
  },
  {
    "docID": "N156 Kalincik 2010 2",
    "et": "SpinalGrayMatter",
    "off": 39220,
    "sff": "spinal"
  },
  {
    "docID": "N156 Kalincik 2010 2",
    "et": "SpinalGrayMatter",
    "off": 32752,
    "sff": "spinal"
  },
  {
    "docID": "N156 Kalincik 2010 2",
    "et": "SpinalGrayMatter",
    "off": 18227,
    "sff": "Spinal"
  },
  {
    "docID": "N156 Kalincik 2010 2",
    "et": "SpinalGrayMatter",
    "off": 6888,
    "sff": "spinal"
  },
  {
    "docID": "N156 Kalincik 2010 2",
    "et": "SpinalGrayMatter",
    "off": 20968,
    "sff": "spinal"
  },
  {
    "docID": "N156 Kalincik 2010 2",
    "et": "SpinalGrayMatter",
    "off": 7399,
    "sff": "spinal"
  },
  {
    "docID": "N156 Kalincik 2010 2",
    "et": "SpinalGrayMatter",
    "off": 12517,
    "sff": "spinal"
  },
  {
    "docID": "N156 Kalincik 2010 2",
    "et": "SpinalGrayMatter",
    "off": 48997,
    "sff": "spinal"
  },
  {
    "docID": "N156 Kalincik 2010 2",
    "et": "SpinalGrayMatter",
    "off": 31837,
    "sff": "Spinal"
  },
  {
    "docID": "N156 Kalincik 2010 2",
    "et": "SpinalGrayMatter",
    "off": 46817,
    "sff": "spinal"
  },
  {
    "docID": "N156 Kalincik 2010 2",
    "et": "SpinalGrayMatter",
    "off": 34078,
    "sff": "spinal"
  },
  {
    "docID": "N156 Kalincik 2010 2",
    "et": "SpinalGrayMatter",
    "off": 27551,
    "sff": "spinal"
  },
  {
    "docID": "N156 Kalincik 2010 2",
    "et": "SpinalGrayMatter",
    "off": 39583,
    "sff": "spinal"
  },
  {
    "docID": "N156 Kalincik 2010 2",
    "et": "SpinalGrayMatter",
    "off": 39964,
    "sff": "spinal"
  },
  {
    "docID": "N156 Kalincik 2010 2",
    "et": "SpinalGrayMatter",
    "off": 88,
    "sff": "spinal"
  },
  {
    "docID": "N156 Kalincik 2010 2",
    "et": "SpinalGrayMatter",
    "off": 1947,
    "sff": "spinal"
  },
  {
    "docID": "N156 Kalincik 2010 2",
    "et": "SpinalGrayMatter",
    "off": 13528,
    "sff": "spinal"
  },
  {
    "docID": "N156 Kalincik 2010 2",
    "et": "SpinalGrayMatter",
    "off": 4117,
    "sff": "spinal"
  },
  {
    "docID": "N156 Kalincik 2010 2",
    "et": "SpinalGrayMatter",
    "off": 20758,
    "sff": "spinal"
  },
  {
    "docID": "N156 Kalincik 2010 2",
    "et": "SpinalGrayMatter",
    "off": 535,
    "sff": "spinal"
  },
  {
    "docID": "N156 Kalincik 2010 2",
    "et": "SpinalGrayMatter",
    "off": 14610,
    "sff": "spinal"
  },
  {
    "docID": "N156 Kalincik 2010 2",
    "et": "SpinalGrayMatter",
    "off": 20435,
    "sff": "spinal"
  },
  {
    "docID": "N156 Kalincik 2010 2",
    "et": "SpinalGrayMatter",
    "off": 45073,
    "sff": "spinal"
  },
  {
    "docID": "N156 Kalincik 2010 2",
    "et": "SpinalGrayMatter",
    "off": 20494,
    "sff": "spinal"
  },
  {
    "docID": "N156 Kalincik 2010 2",
    "et": "SpinalGrayMatter",
    "off": 13327,
    "sff": "spinal"
  },
  {
    "docID": "N156 Kalincik 2010 2",
    "et": "SpinalGrayMatter",
    "off": 22801,
    "sff": "Spinal"
  },
  {
    "docID": "N156 Kalincik 2010 2",
    "et": "SpinalGrayMatter",
    "off": 41997,
    "sff": "spinal"
  },
  {
    "docID": "N156 Kalincik 2010 2",
    "et": "Gelfoam",
    "off": 27574,
    "sff": "Gelfoam"
  },
  {
    "docID": "N156 Kalincik 2010 2",
    "et": "Gelfoam",
    "off": 37105,
    "sff": "Gelfoam"
  },
  {
    "docID": "N156 Kalincik 2010 2",
    "et": "Gelfoam",
    "off": 32658,
    "sff": "Gelfoam"
  },
  {
    "docID": "N156 Kalincik 2010 2",
    "et": "Gelfoam",
    "off": 27755,
    "sff": "Gelfoam"
  },
  {
    "docID": "N156 Kalincik 2010 2",
    "et": "Gelfoam",
    "off": 14090,
    "sff": "Gelfoam"
  },
  {
    "docID": "N156 Kalincik 2010 2",
    "et": "Gelfoam",
    "off": 33092,
    "sff": "Gelfoam"
  },
  {
    "docID": "N156 Kalincik 2010 2",
    "et": "Gelfoam",
    "off": 37924,
    "sff": "Gelfoam"
  },
  {
    "docID": "N156 Kalincik 2010 2",
    "et": "Gelfoam",
    "off": 14146,
    "sff": "Gelfoam"
  },
  {
    "docID": "N156 Kalincik 2010 2",
    "et": "Gelfoam",
    "off": 27362,
    "sff": "Gelfoam"
  },
  {
    "docID": "N156 Kalincik 2010 2",
    "et": "Gelfoam",
    "off": 37408,
    "sff": "Gelfoam"
  },
  {
    "docID": "N156 Kalincik 2010 2",
    "et": "Gelfoam",
    "off": 38913,
    "sff": "Gelfoam"
  },
  {
    "docID": "N156 Kalincik 2010 2",
    "et": "Gelfoam",
    "off": 13755,
    "sff": "Gelfoam"
  },
  {
    "docID": "N156 Kalincik 2010 2",
    "et": "Gelfoam",
    "off": 46780,
    "sff": "Gelfoam"
  },
  {
    "docID": "N156 Kalincik 2010 2",
    "et": "Gelfoam",
    "off": 32573,
    "sff": "Gelfoam"
  },
  {
    "docID": "N156 Kalincik 2010 2",
    "et": "Gelfoam",
    "off": 32889,
    "sff": "Gelfoam"
  },
  {
    "docID": "N156 Kalincik 2010 2",
    "et": "Gelfoam",
    "off": 37818,
    "sff": "Gelfoam"
  },
  {
    "docID": "N156 Kalincik 2010 2",
    "et": "RatSpecies",
    "off": 12909,
    "sff": "rat"
  },
  {
    "docID": "N156 Kalincik 2010 2",
    "et": "RatSpecies",
    "off": 17598,
    "sff": "rat"
  },
  {
    "docID": "N156 Kalincik 2010 2",
    "et": "RatSpecies",
    "off": 11444,
    "sff": "rat"
  },
  {
    "docID": "N156 Kalincik 2010 2",
    "et": "RatSpecies",
    "off": 20356,
    "sff": "rat"
  },
  {
    "docID": "N156 Kalincik 2010 2",
    "et": "Caudal",
    "off": 34277,
    "sff": "caudal"
  },
  {
    "docID": "N156 Kalincik 2010 2",
    "et": "Caudal",
    "off": 36229,
    "sff": "caudal"
  },
  {
    "docID": "N156 Kalincik 2010 2",
    "et": "Caudal",
    "off": 3556,
    "sff": "caudal"
  },
  {
    "docID": "N156 Kalincik 2010 2",
    "et": "Caudal",
    "off": 36068,
    "sff": "caudal"
  },
  {
    "docID": "N156 Kalincik 2010 2",
    "et": "Caudal",
    "off": 43300,
    "sff": "caudal"
  },
  {
    "docID": "N156 Kalincik 2010 2",
    "et": "Caudal",
    "off": 44580,
    "sff": "caudal"
  },
  {
    "docID": "N156 Kalincik 2010 2",
    "et": "Caudal",
    "off": 26305,
    "sff": "caudal"
  },
  {
    "docID": "N156 Kalincik 2010 2",
    "et": "Caudal",
    "off": 35009,
    "sff": "caudal"
  },
  {
    "docID": "N156 Kalincik 2010 2",
    "et": "Caudal",
    "off": 28382,
    "sff": "caudal"
  },
  {
    "docID": "N156 Kalincik 2010 2",
    "et": "Caudal",
    "off": 21977,
    "sff": "caudal"
  },
  {
    "docID": "N156 Kalincik 2010 2",
    "et": "Caudal",
    "off": 48603,
    "sff": "caudal"
  },
  {
    "docID": "N156 Kalincik 2010 2",
    "et": "Caudal",
    "off": 25076,
    "sff": "caudal"
  },
  {
    "docID": "N156 Kalincik 2010 2",
    "et": "Caudal",
    "off": 47988,
    "sff": "caudal"
  },
  {
    "docID": "N156 Kalincik 2010 2",
    "et": "Caudal",
    "off": 25712,
    "sff": "caudal"
  },
  {
    "docID": "N156 Kalincik 2010 2",
    "et": "Caudal",
    "off": 34064,
    "sff": "caudal"
  },
  {
    "docID": "N156 Kalincik 2010 2",
    "et": "Caudal",
    "off": 24269,
    "sff": "caudal"
  },
  {
    "docID": "N156 Kalincik 2010 2",
    "et": "Caudal",
    "off": 34765,
    "sff": "caudal"
  },
  {
    "docID": "N156 Kalincik 2010 2",
    "et": "Caudal",
    "off": 42281,
    "sff": "Caudal"
  },
  {
    "docID": "N156 Kalincik 2010 2",
    "et": "ImplantedDepotPellet",
    "off": 8163,
    "sff": "implanted"
  },
  {
    "docID": "N156 Kalincik 2010 2",
    "et": "ImplantedDepotPellet",
    "off": 6651,
    "sff": "implanted"
  },
  {
    "docID": "N156 Kalincik 2010 2",
    "et": "SchwannCell",
    "off": 11888,
    "sff": "Schwann"
  },
  {
    "docID": "N156 Kalincik 2010 2",
    "et": "SchwannCell",
    "off": 12112,
    "sff": "Schwann"
  },
  {
    "docID": "N156 Kalincik 2010 2",
    "et": "NewZealandRabbit",
    "off": 29145,
    "sff": "new"
  },
  {
    "docID": "N156 Kalincik 2010 2",
    "et": "NewZealandRabbit",
    "off": 36553,
    "sff": "new"
  },
  {
    "docID": "N156 Kalincik 2010 2",
    "et": "NewZealandRabbit",
    "off": 5713,
    "sff": "New"
  },
  {
    "docID": "N156 Kalincik 2010 2",
    "et": "NewZealandRabbit",
    "off": 10045,
    "sff": "New Zealand"
  },
  {
    "docID": "N156 Kalincik 2010 2",
    "et": "NewZealandRabbit",
    "off": 315,
    "sff": "New"
  },
  {
    "docID": "N156 Kalincik 2010 2",
    "et": "BoneMarrowStemCell",
    "off": 13308,
    "sff": "bone"
  },
  {
    "docID": "N156 Kalincik 2010 2",
    "et": "SigmaAldrich",
    "off": 21168,
    "sff": "Sigma"
  },
  {
    "docID": "N156 Kalincik 2010 2",
    "et": "SigmaAldrich",
    "off": 11969,
    "sff": "Sigma"
  },
  {
    "docID": "N156 Kalincik 2010 2",
    "et": "SigmaAldrich",
    "off": 21095,
    "sff": "Sigma-Aldrich"
  },
  {
    "docID": "N156 Kalincik 2010 2",
    "et": "SigmaAldrich",
    "off": 18893,
    "sff": "Sigma"
  },
  {
    "docID": "N156 Kalincik 2010 2",
    "et": "Thoracic",
    "off": 2293,
    "sff": "thoracic"
  },
  {
    "docID": "N156 Kalincik 2010 2",
    "et": "RNA",
    "off": 47270,
    "sff": "RNA"
  },
  {
    "docID": "N156 Kalincik 2010 2",
    "et": "StemCellSourceType",
    "off": 384,
    "sff": "Cell"
  },
  {
    "docID": "N156 Kalincik 2010 2",
    "et": "StemCellSourceType",
    "off": 1403,
    "sff": "cell"
  },
  {
    "docID": "N156 Kalincik 2010 2",
    "et": "StemCellSourceType",
    "off": 2865,
    "sff": "stem"
  },
  {
    "docID": "N156 Kalincik 2010 2",
    "et": "StemCellSourceType",
    "off": 38555,
    "sff": "cell"
  },
  {
    "docID": "N156 Kalincik 2010 2",
    "et": "StemCellSourceType",
    "off": 18010,
    "sff": "cell"
  },
  {
    "docID": "N156 Kalincik 2010 2",
    "et": "StemCellSourceType",
    "off": 10454,
    "sff": "cell"
  },
  {
    "docID": "N156 Kalincik 2010 2",
    "et": "StemCellSourceType",
    "off": 39513,
    "sff": "cell"
  },
  {
    "docID": "N156 Kalincik 2010 2",
    "et": "StemCellSourceType",
    "off": 39428,
    "sff": "cell"
  },
  {
    "docID": "N156 Kalincik 2010 2",
    "et": "StemCellSourceType",
    "off": 6270,
    "sff": "cell"
  },
  {
    "docID": "N156 Kalincik 2010 2",
    "et": "StemCellSourceType",
    "off": 37694,
    "sff": "cell"
  },
  {
    "docID": "N156 Kalincik 2010 2",
    "et": "StemCellSourceType",
    "off": 47654,
    "sff": "cell"
  },
  {
    "docID": "N156 Kalincik 2010 2",
    "et": "StemCellSourceType",
    "off": 7720,
    "sff": "cell"
  },
  {
    "docID": "N156 Kalincik 2010 2",
    "et": "StemCellSourceType",
    "off": 13653,
    "sff": "cell"
  },
  {
    "docID": "N156 Kalincik 2010 2",
    "et": "StemCellSourceType",
    "off": 11220,
    "sff": "cell"
  },
  {
    "docID": "N156 Kalincik 2010 2",
    "et": "StemCellSourceType",
    "off": 38420,
    "sff": "cell"
  },
  {
    "docID": "N156 Kalincik 2010 2",
    "et": "StemCellSourceType",
    "off": 22927,
    "sff": "cell"
  },
  {
    "docID": "N156 Kalincik 2010 2",
    "et": "StemCellSourceType",
    "off": 45679,
    "sff": "cell"
  },
  {
    "docID": "N156 Kalincik 2010 2",
    "et": "StemCellSourceType",
    "off": 9645,
    "sff": "Cell"
  },
  {
    "docID": "N156 Kalincik 2010 2",
    "et": "StemCellSourceType",
    "off": 12686,
    "sff": "cell"
  },
  {
    "docID": "N156 Kalincik 2010 2",
    "et": "StemCellSourceType",
    "off": 10417,
    "sff": "cell"
  },
  {
    "docID": "N156 Kalincik 2010 2",
    "et": "StemCellSourceType",
    "off": 39472,
    "sff": "cell"
  },
  {
    "docID": "N156 Kalincik 2010 2",
    "et": "InVitroExperimentalProcedure",
    "off": 5389,
    "sff": "experimental"
  },
  {
    "docID": "N156 Kalincik 2010 2",
    "et": "InVitroExperimentalProcedure",
    "off": 12185,
    "sff": "vitro"
  },
  {
    "docID": "N156 Kalincik 2010 2",
    "et": "InVitroExperimentalProcedure",
    "off": 6107,
    "sff": "Experimental"
  },
  {
    "docID": "N156 Kalincik 2010 2",
    "et": "InVitroExperimentalProcedure",
    "off": 13594,
    "sff": "Experimental"
  },
  {
    "docID": "N156 Kalincik 2010 2",
    "et": "Cell",
    "off": 45679,
    "sff": "cell"
  },
  {
    "docID": "N156 Kalincik 2010 2",
    "et": "Cell",
    "off": 22927,
    "sff": "cell"
  },
  {
    "docID": "N156 Kalincik 2010 2",
    "et": "Cell",
    "off": 12686,
    "sff": "cell"
  },
  {
    "docID": "N156 Kalincik 2010 2",
    "et": "Cell",
    "off": 7720,
    "sff": "cell"
  },
  {
    "docID": "N156 Kalincik 2010 2",
    "et": "Cell",
    "off": 13653,
    "sff": "cell"
  },
  {
    "docID": "N156 Kalincik 2010 2",
    "et": "Cell",
    "off": 11220,
    "sff": "cell"
  },
  {
    "docID": "N156 Kalincik 2010 2",
    "et": "Cell",
    "off": 38420,
    "sff": "cell"
  },
  {
    "docID": "N156 Kalincik 2010 2",
    "et": "Cell",
    "off": 10454,
    "sff": "cell"
  },
  {
    "docID": "N156 Kalincik 2010 2",
    "et": "Cell",
    "off": 10417,
    "sff": "cell"
  },
  {
    "docID": "N156 Kalincik 2010 2",
    "et": "Cell",
    "off": 39472,
    "sff": "cell"
  },
  {
    "docID": "N156 Kalincik 2010 2",
    "et": "Cell",
    "off": 9645,
    "sff": "Cell"
  },
  {
    "docID": "N156 Kalincik 2010 2",
    "et": "Cell",
    "off": 37694,
    "sff": "cell"
  },
  {
    "docID": "N156 Kalincik 2010 2",
    "et": "Cell",
    "off": 384,
    "sff": "Cell"
  },
  {
    "docID": "N156 Kalincik 2010 2",
    "et": "Cell",
    "off": 6270,
    "sff": "cell"
  },
  {
    "docID": "N156 Kalincik 2010 2",
    "et": "Cell",
    "off": 38555,
    "sff": "cell"
  },
  {
    "docID": "N156 Kalincik 2010 2",
    "et": "Cell",
    "off": 1403,
    "sff": "cell"
  },
  {
    "docID": "N156 Kalincik 2010 2",
    "et": "Cell",
    "off": 18010,
    "sff": "cell"
  },
  {
    "docID": "N156 Kalincik 2010 2",
    "et": "Cell",
    "off": 39513,
    "sff": "cell"
  },
  {
    "docID": "N156 Kalincik 2010 2",
    "et": "Cell",
    "off": 47654,
    "sff": "cell"
  },
  {
    "docID": "N156 Kalincik 2010 2",
    "et": "Cell",
    "off": 39428,
    "sff": "cell"
  },
  {
    "docID": "N156 Kalincik 2010 2",
    "et": "SpinalDorsalHalf",
    "off": 45073,
    "sff": "spinal"
  },
  {
    "docID": "N156 Kalincik 2010 2",
    "et": "SpinalDorsalHalf",
    "off": 13327,
    "sff": "spinal"
  },
  {
    "docID": "N156 Kalincik 2010 2",
    "et": "SpinalDorsalHalf",
    "off": 2243,
    "sff": "Spinal"
  },
  {
    "docID": "N156 Kalincik 2010 2",
    "et": "SpinalDorsalHalf",
    "off": 20494,
    "sff": "spinal"
  },
  {
    "docID": "N156 Kalincik 2010 2",
    "et": "SpinalDorsalHalf",
    "off": 41997,
    "sff": "spinal"
  },
  {
    "docID": "N156 Kalincik 2010 2",
    "et": "SpinalDorsalHalf",
    "off": 3334,
    "sff": "spinal"
  },
  {
    "docID": "N156 Kalincik 2010 2",
    "et": "SpinalDorsalHalf",
    "off": 6406,
    "sff": "spinal"
  },
  {
    "docID": "N156 Kalincik 2010 2",
    "et": "SpinalDorsalHalf",
    "off": 26117,
    "sff": "spinal"
  },
  {
    "docID": "N156 Kalincik 2010 2",
    "et": "SpinalDorsalHalf",
    "off": 4348,
    "sff": "spinal"
  },
  {
    "docID": "N156 Kalincik 2010 2",
    "et": "SpinalDorsalHalf",
    "off": 31999,
    "sff": "spinal"
  },
  {
    "docID": "N156 Kalincik 2010 2",
    "et": "SpinalDorsalHalf",
    "off": 32257,
    "sff": "spinal"
  },
  {
    "docID": "N156 Kalincik 2010 2",
    "et": "SpinalDorsalHalf",
    "off": 18227,
    "sff": "Spinal"
  },
  {
    "docID": "N156 Kalincik 2010 2",
    "et": "SpinalDorsalHalf",
    "off": 14178,
    "sff": "dorsal"
  },
  {
    "docID": "N156 Kalincik 2010 2",
    "et": "SpinalDorsalHalf",
    "off": 14200,
    "sff": "spinal"
  },
  {
    "docID": "N156 Kalincik 2010 2",
    "et": "SpinalDorsalHalf",
    "off": 38772,
    "sff": "spinal"
  },
  {
    "docID": "N156 Kalincik 2010 2",
    "et": "SpinalDorsalHalf",
    "off": 34078,
    "sff": "spinal"
  },
  {
    "docID": "N156 Kalincik 2010 2",
    "et": "SpinalDorsalHalf",
    "off": 27551,
    "sff": "spinal"
  },
  {
    "docID": "N156 Kalincik 2010 2",
    "et": "SpinalDorsalHalf",
    "off": 39583,
    "sff": "spinal"
  },
  {
    "docID": "N156 Kalincik 2010 2",
    "et": "SpinalDorsalHalf",
    "off": 1947,
    "sff": "spinal"
  },
  {
    "docID": "N156 Kalincik 2010 2",
    "et": "SpinalDorsalHalf",
    "off": 39964,
    "sff": "spinal"
  },
  {
    "docID": "N156 Kalincik 2010 2",
    "et": "SpinalDorsalHalf",
    "off": 4117,
    "sff": "spinal"
  },
  {
    "docID": "N156 Kalincik 2010 2",
    "et": "SpinalDorsalHalf",
    "off": 14610,
    "sff": "spinal"
  },
  {
    "docID": "N156 Kalincik 2010 2",
    "et": "SpinalDorsalHalf",
    "off": 535,
    "sff": "spinal"
  },
  {
    "docID": "N156 Kalincik 2010 2",
    "et": "SpinalDorsalHalf",
    "off": 20758,
    "sff": "spinal"
  },
  {
    "docID": "N156 Kalincik 2010 2",
    "et": "SpinalDorsalHalf",
    "off": 21707,
    "sff": "spinal"
  },
  {
    "docID": "N156 Kalincik 2010 2",
    "et": "SpinalDorsalHalf",
    "off": 22801,
    "sff": "Spinal"
  },
  {
    "docID": "N156 Kalincik 2010 2",
    "et": "SpinalDorsalHalf",
    "off": 40391,
    "sff": "spinal"
  },
  {
    "docID": "N156 Kalincik 2010 2",
    "et": "SpinalDorsalHalf",
    "off": 7753,
    "sff": "spinal"
  },
  {
    "docID": "N156 Kalincik 2010 2",
    "et": "SpinalDorsalHalf",
    "off": 27333,
    "sff": "spinal"
  },
  {
    "docID": "N156 Kalincik 2010 2",
    "et": "SpinalDorsalHalf",
    "off": 4929,
    "sff": "spinal"
  },
  {
    "docID": "N156 Kalincik 2010 2",
    "et": "SpinalDorsalHalf",
    "off": 32700,
    "sff": "spinal"
  },
  {
    "docID": "N156 Kalincik 2010 2",
    "et": "SpinalDorsalHalf",
    "off": 44696,
    "sff": "dorsal"
  },
  {
    "docID": "N156 Kalincik 2010 2",
    "et": "SpinalDorsalHalf",
    "off": 32951,
    "sff": "spinal"
  },
  {
    "docID": "N156 Kalincik 2010 2",
    "et": "SpinalDorsalHalf",
    "off": 38585,
    "sff": "spinal"
  },
  {
    "docID": "N156 Kalincik 2010 2",
    "et": "SpinalDorsalHalf",
    "off": 39737,
    "sff": "spinal"
  },
  {
    "docID": "N156 Kalincik 2010 2",
    "et": "SpinalDorsalHalf",
    "off": 46137,
    "sff": "spinal"
  },
  {
    "docID": "N156 Kalincik 2010 2",
    "et": "SpinalDorsalHalf",
    "off": 11448,
    "sff": "spinal"
  },
  {
    "docID": "N156 Kalincik 2010 2",
    "et": "SpinalDorsalHalf",
    "off": 7991,
    "sff": "spinal"
  },
  {
    "docID": "N156 Kalincik 2010 2",
    "et": "SpinalDorsalHalf",
    "off": 39220,
    "sff": "spinal"
  },
  {
    "docID": "N156 Kalincik 2010 2",
    "et": "SpinalDorsalHalf",
    "off": 32752,
    "sff": "spinal"
  },
  {
    "docID": "N156 Kalincik 2010 2",
    "et": "SpinalDorsalHalf",
    "off": 12517,
    "sff": "spinal"
  },
  {
    "docID": "N156 Kalincik 2010 2",
    "et": "SpinalDorsalHalf",
    "off": 6888,
    "sff": "spinal"
  },
  {
    "docID": "N156 Kalincik 2010 2",
    "et": "SpinalDorsalHalf",
    "off": 20968,
    "sff": "spinal"
  },
  {
    "docID": "N156 Kalincik 2010 2",
    "et": "SpinalDorsalHalf",
    "off": 7399,
    "sff": "spinal"
  },
  {
    "docID": "N156 Kalincik 2010 2",
    "et": "SpinalDorsalHalf",
    "off": 48997,
    "sff": "spinal"
  },
  {
    "docID": "N156 Kalincik 2010 2",
    "et": "SpinalDorsalHalf",
    "off": 46817,
    "sff": "spinal"
  },
  {
    "docID": "N156 Kalincik 2010 2",
    "et": "SpinalDorsalHalf",
    "off": 20435,
    "sff": "spinal"
  },
  {
    "docID": "N156 Kalincik 2010 2",
    "et": "SpinalDorsalHalf",
    "off": 88,
    "sff": "spinal"
  },
  {
    "docID": "N156 Kalincik 2010 2",
    "et": "SpinalDorsalHalf",
    "off": 13528,
    "sff": "spinal"
  },
  {
    "docID": "N156 Kalincik 2010 2",
    "et": "SpinalDorsalHalf",
    "off": 31837,
    "sff": "Spinal"
  },
  {
    "docID": "N156 Kalincik 2010 2",
    "et": "Cervical",
    "off": 2275,
    "sff": "cervical"
  },
  {
    "docID": "N156 Kalincik 2010 2",
    "et": "Water",
    "off": 21408,
    "sff": "water"
  },
  {
    "docID": "N156 Kalincik 2010 2",
    "et": "Water",
    "off": 6053,
    "sff": "water"
  },
  {
    "docID": "N156 Kalincik 2010 2",
    "et": "Water",
    "off": 16644,
    "sff": "water"
  },
  {
    "docID": "N156 Kalincik 2010 2",
    "et": "ExperimentalProcedure",
    "off": 13594,
    "sff": "Experimental"
  },
  {
    "docID": "N156 Kalincik 2010 2",
    "et": "ExperimentalProcedure",
    "off": 5389,
    "sff": "experimental"
  },
  {
    "docID": "N156 Kalincik 2010 2",
    "et": "ExperimentalProcedure",
    "off": 6107,
    "sff": "Experimental"
  }
]
