[
  {
    "docID": "N158 Kang 2015",
    "et": "OrganismSpecies",
    "off": 22182,
    "sff": "organism"
  },
  {
    "docID": "N158 Kang 2015",
    "et": "OlfactoryEnsheathingGliaCell",
    "off": 69,
    "sff": "olfactory ensheathing"
  },
  {
    "docID": "N158 Kang 2015",
    "et": "OlfactoryEnsheathingGliaCell",
    "off": 424,
    "sff": "olfactory ensheathing"
  },
  {
    "docID": "N158 Kang 2015",
    "et": "OlfactoryEnsheathingGliaCell",
    "off": 6190,
    "sff": "olfactory"
  },
  {
    "docID": "N158 Kang 2015",
    "et": "OlfactoryEnsheathingGliaCell",
    "off": 23419,
    "sff": "olfactory"
  },
  {
    "docID": "N158 Kang 2015",
    "et": "OlfactoryEnsheathingGliaCell",
    "off": 2055,
    "sff": "olfactory ensheathing"
  },
  {
    "docID": "N158 Kang 2015",
    "et": "OlfactoryEnsheathingGliaCell",
    "off": 6118,
    "sff": "olfactory"
  },
  {
    "docID": "N158 Kang 2015",
    "et": "OlfactoryEnsheathingGliaCell",
    "off": 23444,
    "sff": "olfactory"
  },
  {
    "docID": "N158 Kang 2015",
    "et": "MesenchymalStemCell",
    "off": 20365,
    "sff": "stem"
  },
  {
    "docID": "N158 Kang 2015",
    "et": "MesenchymalStemCell",
    "off": 27775,
    "sff": "stem"
  },
  {
    "docID": "N158 Kang 2015",
    "et": "MesenchymalStemCell",
    "off": 2036,
    "sff": "stem"
  },
  {
    "docID": "N158 Kang 2015",
    "et": "MesenchymalStemCell",
    "off": 402,
    "sff": "stem"
  },
  {
    "docID": "N158 Kang 2015",
    "et": "MesenchymalStemCell",
    "off": 1827,
    "sff": "stem"
  },
  {
    "docID": "N158 Kang 2015",
    "et": "MesenchymalStemCell",
    "off": 29369,
    "sff": "stem"
  },
  {
    "docID": "N158 Kang 2015",
    "et": "MesenchymalStemCell",
    "off": 54,
    "sff": "stem"
  },
  {
    "docID": "N158 Kang 2015",
    "et": "SurgeryTreatment",
    "off": 12792,
    "sff": "surgery"
  },
  {
    "docID": "N158 Kang 2015",
    "et": "SurgeryTreatment",
    "off": 15480,
    "sff": "surgery"
  },
  {
    "docID": "N158 Kang 2015",
    "et": "SurgeryTreatment",
    "off": 16374,
    "sff": "surgery"
  },
  {
    "docID": "N158 Kang 2015",
    "et": "SurgeryTreatment",
    "off": 15580,
    "sff": "surgery"
  },
  {
    "docID": "N158 Kang 2015",
    "et": "SurgeryTreatment",
    "off": 16317,
    "sff": "surgery"
  },
  {
    "docID": "N158 Kang 2015",
    "et": "SurgeryTreatment",
    "off": 21186,
    "sff": "surgery"
  },
  {
    "docID": "N158 Kang 2015",
    "et": "SurgeryTreatment",
    "off": 15336,
    "sff": "surgery"
  },
  {
    "docID": "N158 Kang 2015",
    "et": "SurgeryTreatment",
    "off": 15849,
    "sff": "surgery"
  },
  {
    "docID": "N158 Kang 2015",
    "et": "SurgeryTreatment",
    "off": 14253,
    "sff": "surgery"
  },
  {
    "docID": "N158 Kang 2015",
    "et": "SurgeryTreatment",
    "off": 15947,
    "sff": "surgery"
  },
  {
    "docID": "N158 Kang 2015",
    "et": "SurgeryTreatment",
    "off": 15408,
    "sff": "surgery"
  },
  {
    "docID": "N158 Kang 2015",
    "et": "SurgeryTreatment",
    "off": 15726,
    "sff": "surgery"
  },
  {
    "docID": "N158 Kang 2015",
    "et": "SurgeryTreatment",
    "off": 21108,
    "sff": "surgery"
  },
  {
    "docID": "N158 Kang 2015",
    "et": "SurgeryTreatment",
    "off": 1267,
    "sff": "surgery"
  },
  {
    "docID": "N158 Kang 2015",
    "et": "MagneticFieldApplication",
    "off": 14419,
    "sff": "field"
  },
  {
    "docID": "N158 Kang 2015",
    "et": "SpinalSubduralArea",
    "off": 12939,
    "sff": "spinal"
  },
  {
    "docID": "N158 Kang 2015",
    "et": "SpinalSubduralArea",
    "off": 462,
    "sff": "spinal"
  },
  {
    "docID": "N158 Kang 2015",
    "et": "SpinalSubduralArea",
    "off": 11632,
    "sff": "spinal"
  },
  {
    "docID": "N158 Kang 2015",
    "et": "SpinalSubduralArea",
    "off": 1986,
    "sff": "spinal"
  },
  {
    "docID": "N158 Kang 2015",
    "et": "SpinalSubduralArea",
    "off": 100,
    "sff": "spinal"
  },
  {
    "docID": "N158 Kang 2015",
    "et": "SpinalSubduralArea",
    "off": 1444,
    "sff": "spinal"
  },
  {
    "docID": "N158 Kang 2015",
    "et": "SpinalSubduralArea",
    "off": 11844,
    "sff": "spinal"
  },
  {
    "docID": "N158 Kang 2015",
    "et": "SpinalSubduralArea",
    "off": 11491,
    "sff": "spinal"
  },
  {
    "docID": "N158 Kang 2015",
    "et": "SpinalSubduralArea",
    "off": 13064,
    "sff": "spinal"
  },
  {
    "docID": "N158 Kang 2015",
    "et": "SpinalSubduralArea",
    "off": 12807,
    "sff": "spinal"
  },
  {
    "docID": "N158 Kang 2015",
    "et": "SpinalSubduralArea",
    "off": 11578,
    "sff": "spinal"
  },
  {
    "docID": "N158 Kang 2015",
    "et": "SpinalSubduralArea",
    "off": 25916,
    "sff": "spinal"
  },
  {
    "docID": "N158 Kang 2015",
    "et": "SpinalSubduralArea",
    "off": 539,
    "sff": "spinal"
  },
  {
    "docID": "N158 Kang 2015",
    "et": "SpinalSubduralArea",
    "off": 21914,
    "sff": "spinal"
  },
  {
    "docID": "N158 Kang 2015",
    "et": "SpinalSubduralArea",
    "off": 640,
    "sff": "spinal"
  },
  {
    "docID": "N158 Kang 2015",
    "et": "SpinalSubduralArea",
    "off": 13696,
    "sff": "spinal"
  },
  {
    "docID": "N158 Kang 2015",
    "et": "SpinalSubduralArea",
    "off": 20733,
    "sff": "spinal"
  },
  {
    "docID": "N158 Kang 2015",
    "et": "SpinalSubduralArea",
    "off": 21875,
    "sff": "spinal"
  },
  {
    "docID": "N158 Kang 2015",
    "et": "SpinalSubduralArea",
    "off": 24469,
    "sff": "spinal"
  },
  {
    "docID": "N158 Kang 2015",
    "et": "SpinalFiberTract",
    "off": 24469,
    "sff": "spinal"
  },
  {
    "docID": "N158 Kang 2015",
    "et": "SpinalFiberTract",
    "off": 11632,
    "sff": "spinal"
  },
  {
    "docID": "N158 Kang 2015",
    "et": "SpinalFiberTract",
    "off": 19939,
    "sff": "fiber"
  },
  {
    "docID": "N158 Kang 2015",
    "et": "SpinalFiberTract",
    "off": 21875,
    "sff": "spinal"
  },
  {
    "docID": "N158 Kang 2015",
    "et": "SpinalFiberTract",
    "off": 25916,
    "sff": "spinal"
  },
  {
    "docID": "N158 Kang 2015",
    "et": "SpinalFiberTract",
    "off": 20733,
    "sff": "spinal"
  },
  {
    "docID": "N158 Kang 2015",
    "et": "SpinalFiberTract",
    "off": 19726,
    "sff": "fiber"
  },
  {
    "docID": "N158 Kang 2015",
    "et": "SpinalFiberTract",
    "off": 11578,
    "sff": "spinal"
  },
  {
    "docID": "N158 Kang 2015",
    "et": "SpinalFiberTract",
    "off": 21914,
    "sff": "spinal"
  },
  {
    "docID": "N158 Kang 2015",
    "et": "SpinalFiberTract",
    "off": 539,
    "sff": "spinal"
  },
  {
    "docID": "N158 Kang 2015",
    "et": "SpinalFiberTract",
    "off": 100,
    "sff": "spinal"
  },
  {
    "docID": "N158 Kang 2015",
    "et": "SpinalFiberTract",
    "off": 1444,
    "sff": "spinal"
  },
  {
    "docID": "N158 Kang 2015",
    "et": "SpinalFiberTract",
    "off": 11844,
    "sff": "spinal"
  },
  {
    "docID": "N158 Kang 2015",
    "et": "SpinalFiberTract",
    "off": 12807,
    "sff": "spinal"
  },
  {
    "docID": "N158 Kang 2015",
    "et": "SpinalFiberTract",
    "off": 640,
    "sff": "spinal"
  },
  {
    "docID": "N158 Kang 2015",
    "et": "SpinalFiberTract",
    "off": 13696,
    "sff": "spinal"
  },
  {
    "docID": "N158 Kang 2015",
    "et": "SpinalFiberTract",
    "off": 22100,
    "sff": "fiber"
  },
  {
    "docID": "N158 Kang 2015",
    "et": "SpinalFiberTract",
    "off": 1986,
    "sff": "spinal"
  },
  {
    "docID": "N158 Kang 2015",
    "et": "SpinalFiberTract",
    "off": 11491,
    "sff": "spinal"
  },
  {
    "docID": "N158 Kang 2015",
    "et": "SpinalFiberTract",
    "off": 462,
    "sff": "spinal"
  },
  {
    "docID": "N158 Kang 2015",
    "et": "SpinalFiberTract",
    "off": 18877,
    "sff": "fiber"
  },
  {
    "docID": "N158 Kang 2015",
    "et": "SpinalFiberTract",
    "off": 13064,
    "sff": "spinal"
  },
  {
    "docID": "N158 Kang 2015",
    "et": "SpinalFiberTract",
    "off": 20762,
    "sff": "fiber"
  },
  {
    "docID": "N158 Kang 2015",
    "et": "SpinalFiberTract",
    "off": 12939,
    "sff": "spinal"
  },
  {
    "docID": "N158 Kang 2015",
    "et": "SpinalVentralHalf",
    "off": 12807,
    "sff": "spinal"
  },
  {
    "docID": "N158 Kang 2015",
    "et": "SpinalVentralHalf",
    "off": 13064,
    "sff": "spinal"
  },
  {
    "docID": "N158 Kang 2015",
    "et": "SpinalVentralHalf",
    "off": 1986,
    "sff": "spinal"
  },
  {
    "docID": "N158 Kang 2015",
    "et": "SpinalVentralHalf",
    "off": 11491,
    "sff": "spinal"
  },
  {
    "docID": "N158 Kang 2015",
    "et": "SpinalVentralHalf",
    "off": 100,
    "sff": "spinal"
  },
  {
    "docID": "N158 Kang 2015",
    "et": "SpinalVentralHalf",
    "off": 1444,
    "sff": "spinal"
  },
  {
    "docID": "N158 Kang 2015",
    "et": "SpinalVentralHalf",
    "off": 11844,
    "sff": "spinal"
  },
  {
    "docID": "N158 Kang 2015",
    "et": "SpinalVentralHalf",
    "off": 20733,
    "sff": "spinal"
  },
  {
    "docID": "N158 Kang 2015",
    "et": "SpinalVentralHalf",
    "off": 640,
    "sff": "spinal"
  },
  {
    "docID": "N158 Kang 2015",
    "et": "SpinalVentralHalf",
    "off": 13696,
    "sff": "spinal"
  },
  {
    "docID": "N158 Kang 2015",
    "et": "SpinalVentralHalf",
    "off": 21914,
    "sff": "spinal"
  },
  {
    "docID": "N158 Kang 2015",
    "et": "SpinalVentralHalf",
    "off": 11578,
    "sff": "spinal"
  },
  {
    "docID": "N158 Kang 2015",
    "et": "SpinalVentralHalf",
    "off": 539,
    "sff": "spinal"
  },
  {
    "docID": "N158 Kang 2015",
    "et": "SpinalVentralHalf",
    "off": 25916,
    "sff": "spinal"
  },
  {
    "docID": "N158 Kang 2015",
    "et": "SpinalVentralHalf",
    "off": 24469,
    "sff": "spinal"
  },
  {
    "docID": "N158 Kang 2015",
    "et": "SpinalVentralHalf",
    "off": 21875,
    "sff": "spinal"
  },
  {
    "docID": "N158 Kang 2015",
    "et": "SpinalVentralHalf",
    "off": 462,
    "sff": "spinal"
  },
  {
    "docID": "N158 Kang 2015",
    "et": "SpinalVentralHalf",
    "off": 11632,
    "sff": "spinal"
  },
  {
    "docID": "N158 Kang 2015",
    "et": "SpinalVentralHalf",
    "off": 12939,
    "sff": "spinal"
  },
  {
    "docID": "N158 Kang 2015",
    "et": "DorsalColumn",
    "off": 11400,
    "sff": "dorsal"
  },
  {
    "docID": "N158 Kang 2015",
    "et": "SpragueDawleyRat",
    "off": 501,
    "sff": "Sprague-Dawley"
  },
  {
    "docID": "N158 Kang 2015",
    "et": "SpragueDawleyRat",
    "off": 3215,
    "sff": "Sprague-Dawley"
  },
  {
    "docID": "N158 Kang 2015",
    "et": "Tissue",
    "off": 19554,
    "sff": "tissue"
  },
  {
    "docID": "N158 Kang 2015",
    "et": "Tissue",
    "off": 23084,
    "sff": "tissue"
  },
  {
    "docID": "N158 Kang 2015",
    "et": "Tissue",
    "off": 4493,
    "sff": "tissue"
  },
  {
    "docID": "N158 Kang 2015",
    "et": "Tissue",
    "off": 18584,
    "sff": "tissue"
  },
  {
    "docID": "N158 Kang 2015",
    "et": "ChinaShenyangSunshinePharmaceuticalCompany",
    "off": 243,
    "sff": "China"
  },
  {
    "docID": "N158 Kang 2015",
    "et": "ChinaShenyangSunshinePharmaceuticalCompany",
    "off": 319,
    "sff": "China"
  },
  {
    "docID": "N158 Kang 2015",
    "et": "InjectionDelivery",
    "off": 10592,
    "sff": "injection"
  },
  {
    "docID": "N158 Kang 2015",
    "et": "InjectionDelivery",
    "off": 11328,
    "sff": "injection"
  },
  {
    "docID": "N158 Kang 2015",
    "et": "InjectionDelivery",
    "off": 7541,
    "sff": "injection"
  },
  {
    "docID": "N158 Kang 2015",
    "et": "SpinalLesionSite",
    "off": 1986,
    "sff": "spinal"
  },
  {
    "docID": "N158 Kang 2015",
    "et": "SpinalLesionSite",
    "off": 1444,
    "sff": "spinal"
  },
  {
    "docID": "N158 Kang 2015",
    "et": "SpinalLesionSite",
    "off": 11844,
    "sff": "spinal"
  },
  {
    "docID": "N158 Kang 2015",
    "et": "SpinalLesionSite",
    "off": 100,
    "sff": "spinal"
  },
  {
    "docID": "N158 Kang 2015",
    "et": "SpinalLesionSite",
    "off": 11491,
    "sff": "spinal"
  },
  {
    "docID": "N158 Kang 2015",
    "et": "SpinalLesionSite",
    "off": 20733,
    "sff": "spinal"
  },
  {
    "docID": "N158 Kang 2015",
    "et": "SpinalLesionSite",
    "off": 13696,
    "sff": "spinal"
  },
  {
    "docID": "N158 Kang 2015",
    "et": "SpinalLesionSite",
    "off": 640,
    "sff": "spinal"
  },
  {
    "docID": "N158 Kang 2015",
    "et": "SpinalLesionSite",
    "off": 12939,
    "sff": "spinal"
  },
  {
    "docID": "N158 Kang 2015",
    "et": "SpinalLesionSite",
    "off": 13064,
    "sff": "spinal"
  },
  {
    "docID": "N158 Kang 2015",
    "et": "SpinalLesionSite",
    "off": 12807,
    "sff": "spinal"
  },
  {
    "docID": "N158 Kang 2015",
    "et": "SpinalLesionSite",
    "off": 21875,
    "sff": "spinal"
  },
  {
    "docID": "N158 Kang 2015",
    "et": "SpinalLesionSite",
    "off": 462,
    "sff": "spinal"
  },
  {
    "docID": "N158 Kang 2015",
    "et": "SpinalLesionSite",
    "off": 11632,
    "sff": "spinal"
  },
  {
    "docID": "N158 Kang 2015",
    "et": "SpinalLesionSite",
    "off": 11578,
    "sff": "spinal"
  },
  {
    "docID": "N158 Kang 2015",
    "et": "SpinalLesionSite",
    "off": 21914,
    "sff": "spinal"
  },
  {
    "docID": "N158 Kang 2015",
    "et": "SpinalLesionSite",
    "off": 539,
    "sff": "spinal"
  },
  {
    "docID": "N158 Kang 2015",
    "et": "SpinalLesionSite",
    "off": 25916,
    "sff": "spinal"
  },
  {
    "docID": "N158 Kang 2015",
    "et": "SpinalLesionSite",
    "off": 24469,
    "sff": "spinal"
  },
  {
    "docID": "N158 Kang 2015",
    "et": "AnimalSpecies",
    "off": 3326,
    "sff": "Animal"
  },
  {
    "docID": "N158 Kang 2015",
    "et": "AnimalSpecies",
    "off": 22011,
    "sff": "Animal"
  },
  {
    "docID": "N158 Kang 2015",
    "et": "Saline",
    "off": 4544,
    "sff": "saline"
  },
  {
    "docID": "N158 Kang 2015",
    "et": "Saline",
    "off": 8069,
    "sff": "saline"
  },
  {
    "docID": "N158 Kang 2015",
    "et": "Saline",
    "off": 9231,
    "sff": "saline"
  },
  {
    "docID": "N158 Kang 2015",
    "et": "Saline",
    "off": 11743,
    "sff": "saline"
  },
  {
    "docID": "N158 Kang 2015",
    "et": "Saline",
    "off": 702,
    "sff": "saline"
  },
  {
    "docID": "N158 Kang 2015",
    "et": "Right",
    "off": 11572,
    "sff": "right"
  },
  {
    "docID": "N158 Kang 2015",
    "et": "StemCell",
    "off": 54,
    "sff": "stem"
  },
  {
    "docID": "N158 Kang 2015",
    "et": "StemCell",
    "off": 2036,
    "sff": "stem"
  },
  {
    "docID": "N158 Kang 2015",
    "et": "StemCell",
    "off": 27775,
    "sff": "stem"
  },
  {
    "docID": "N158 Kang 2015",
    "et": "StemCell",
    "off": 1827,
    "sff": "stem"
  },
  {
    "docID": "N158 Kang 2015",
    "et": "StemCell",
    "off": 402,
    "sff": "stem"
  },
  {
    "docID": "N158 Kang 2015",
    "et": "StemCell",
    "off": 20365,
    "sff": "stem"
  },
  {
    "docID": "N158 Kang 2015",
    "et": "StemCell",
    "off": 29369,
    "sff": "stem"
  },
  {
    "docID": "N158 Kang 2015",
    "et": "SpinalCord",
    "off": 24469,
    "sff": "spinal cord"
  },
  {
    "docID": "N158 Kang 2015",
    "et": "SpinalCord",
    "off": 11491,
    "sff": "spinal"
  },
  {
    "docID": "N158 Kang 2015",
    "et": "SpinalCord",
    "off": 21875,
    "sff": "spinal cord"
  },
  {
    "docID": "N158 Kang 2015",
    "et": "SpinalCord",
    "off": 640,
    "sff": "spinal cord"
  },
  {
    "docID": "N158 Kang 2015",
    "et": "SpinalCord",
    "off": 13696,
    "sff": "spinal cord"
  },
  {
    "docID": "N158 Kang 2015",
    "et": "SpinalCord",
    "off": 20733,
    "sff": "spinal cord"
  },
  {
    "docID": "N158 Kang 2015",
    "et": "SpinalCord",
    "off": 25916,
    "sff": "spinal cord"
  },
  {
    "docID": "N158 Kang 2015",
    "et": "SpinalCord",
    "off": 11578,
    "sff": "spinal cord"
  },
  {
    "docID": "N158 Kang 2015",
    "et": "SpinalCord",
    "off": 21914,
    "sff": "spinal cord"
  },
  {
    "docID": "N158 Kang 2015",
    "et": "SpinalCord",
    "off": 539,
    "sff": "spinal cord"
  },
  {
    "docID": "N158 Kang 2015",
    "et": "SpinalCord",
    "off": 100,
    "sff": "spinal cord"
  },
  {
    "docID": "N158 Kang 2015",
    "et": "SpinalCord",
    "off": 1444,
    "sff": "spinal cord"
  },
  {
    "docID": "N158 Kang 2015",
    "et": "SpinalCord",
    "off": 11844,
    "sff": "spinal cord"
  },
  {
    "docID": "N158 Kang 2015",
    "et": "SpinalCord",
    "off": 1986,
    "sff": "spinal cord"
  },
  {
    "docID": "N158 Kang 2015",
    "et": "SpinalCord",
    "off": 11632,
    "sff": "spinal cord"
  },
  {
    "docID": "N158 Kang 2015",
    "et": "SpinalCord",
    "off": 13064,
    "sff": "spinal"
  },
  {
    "docID": "N158 Kang 2015",
    "et": "SpinalCord",
    "off": 462,
    "sff": "spinal cord"
  },
  {
    "docID": "N158 Kang 2015",
    "et": "SpinalCord",
    "off": 12807,
    "sff": "spinal"
  },
  {
    "docID": "N158 Kang 2015",
    "et": "SpinalCord",
    "off": 12939,
    "sff": "spinal"
  },
  {
    "docID": "N158 Kang 2015",
    "et": "Proliferation",
    "off": 2836,
    "sff": "proliferation"
  },
  {
    "docID": "N158 Kang 2015",
    "et": "Proliferation",
    "off": 10258,
    "sff": "proliferation"
  },
  {
    "docID": "N158 Kang 2015",
    "et": "LesionAdjacentTissue",
    "off": 17408,
    "sff": "adjacent"
  },
  {
    "docID": "N158 Kang 2015",
    "et": "CentralNervousSystem",
    "off": 23546,
    "sff": "central nervous"
  },
  {
    "docID": "N158 Kang 2015",
    "et": "CentralNervousSystem",
    "off": 23076,
    "sff": "nervous"
  },
  {
    "docID": "N158 Kang 2015",
    "et": "CentralNervousSystem",
    "off": 23546,
    "sff": "central nervous system"
  },
  {
    "docID": "N158 Kang 2015",
    "et": "CentralNervousSystem",
    "off": 23527,
    "sff": "nervous system"
  },
  {
    "docID": "N158 Kang 2015",
    "et": "CentralNervousSystem",
    "off": 23527,
    "sff": "nervous"
  },
  {
    "docID": "N158 Kang 2015",
    "et": "OscillatingFieldStimulator",
    "off": 14419,
    "sff": "field"
  },
  {
    "docID": "N158 Kang 2015",
    "et": "Location",
    "off": 22546,
    "sff": "location"
  },
  {
    "docID": "N158 Kang 2015",
    "et": "Location",
    "off": 21560,
    "sff": "location"
  },
  {
    "docID": "N158 Kang 2015",
    "et": "Matrix",
    "off": 26268,
    "sff": "matrix"
  },
  {
    "docID": "N158 Kang 2015",
    "et": "SpinalCentralPart",
    "off": 13064,
    "sff": "spinal"
  },
  {
    "docID": "N158 Kang 2015",
    "et": "SpinalCentralPart",
    "off": 12807,
    "sff": "spinal"
  },
  {
    "docID": "N158 Kang 2015",
    "et": "SpinalCentralPart",
    "off": 12939,
    "sff": "spinal"
  },
  {
    "docID": "N158 Kang 2015",
    "et": "SpinalCentralPart",
    "off": 23546,
    "sff": "central"
  },
  {
    "docID": "N158 Kang 2015",
    "et": "SpinalCentralPart",
    "off": 11632,
    "sff": "spinal"
  },
  {
    "docID": "N158 Kang 2015",
    "et": "SpinalCentralPart",
    "off": 462,
    "sff": "spinal"
  },
  {
    "docID": "N158 Kang 2015",
    "et": "SpinalCentralPart",
    "off": 24469,
    "sff": "spinal"
  },
  {
    "docID": "N158 Kang 2015",
    "et": "SpinalCentralPart",
    "off": 21875,
    "sff": "spinal"
  },
  {
    "docID": "N158 Kang 2015",
    "et": "SpinalCentralPart",
    "off": 20733,
    "sff": "spinal"
  },
  {
    "docID": "N158 Kang 2015",
    "et": "SpinalCentralPart",
    "off": 25916,
    "sff": "spinal"
  },
  {
    "docID": "N158 Kang 2015",
    "et": "SpinalCentralPart",
    "off": 539,
    "sff": "spinal"
  },
  {
    "docID": "N158 Kang 2015",
    "et": "SpinalCentralPart",
    "off": 11578,
    "sff": "spinal"
  },
  {
    "docID": "N158 Kang 2015",
    "et": "SpinalCentralPart",
    "off": 21914,
    "sff": "spinal"
  },
  {
    "docID": "N158 Kang 2015",
    "et": "SpinalCentralPart",
    "off": 640,
    "sff": "spinal"
  },
  {
    "docID": "N158 Kang 2015",
    "et": "SpinalCentralPart",
    "off": 13696,
    "sff": "spinal"
  },
  {
    "docID": "N158 Kang 2015",
    "et": "SpinalCentralPart",
    "off": 100,
    "sff": "spinal"
  },
  {
    "docID": "N158 Kang 2015",
    "et": "SpinalCentralPart",
    "off": 1444,
    "sff": "spinal"
  },
  {
    "docID": "N158 Kang 2015",
    "et": "SpinalCentralPart",
    "off": 11844,
    "sff": "spinal"
  },
  {
    "docID": "N158 Kang 2015",
    "et": "SpinalCentralPart",
    "off": 11491,
    "sff": "spinal"
  },
  {
    "docID": "N158 Kang 2015",
    "et": "SpinalCentralPart",
    "off": 1986,
    "sff": "spinal"
  },
  {
    "docID": "N158 Kang 2015",
    "et": "Brain",
    "off": 4358,
    "sff": "brain"
  },
  {
    "docID": "N158 Kang 2015",
    "et": "AscendingFiberTract",
    "off": 19939,
    "sff": "fiber"
  },
  {
    "docID": "N158 Kang 2015",
    "et": "AscendingFiberTract",
    "off": 18877,
    "sff": "fiber"
  },
  {
    "docID": "N158 Kang 2015",
    "et": "AscendingFiberTract",
    "off": 19726,
    "sff": "fiber"
  },
  {
    "docID": "N158 Kang 2015",
    "et": "AscendingFiberTract",
    "off": 20762,
    "sff": "fiber"
  },
  {
    "docID": "N158 Kang 2015",
    "et": "AscendingFiberTract",
    "off": 22100,
    "sff": "fiber"
  },
  {
    "docID": "N158 Kang 2015",
    "et": "SpinalWhiteMatter",
    "off": 100,
    "sff": "spinal"
  },
  {
    "docID": "N158 Kang 2015",
    "et": "SpinalWhiteMatter",
    "off": 1444,
    "sff": "spinal"
  },
  {
    "docID": "N158 Kang 2015",
    "et": "SpinalWhiteMatter",
    "off": 11844,
    "sff": "spinal"
  },
  {
    "docID": "N158 Kang 2015",
    "et": "SpinalWhiteMatter",
    "off": 12807,
    "sff": "spinal"
  },
  {
    "docID": "N158 Kang 2015",
    "et": "SpinalWhiteMatter",
    "off": 640,
    "sff": "spinal"
  },
  {
    "docID": "N158 Kang 2015",
    "et": "SpinalWhiteMatter",
    "off": 13696,
    "sff": "spinal"
  },
  {
    "docID": "N158 Kang 2015",
    "et": "SpinalWhiteMatter",
    "off": 1986,
    "sff": "spinal"
  },
  {
    "docID": "N158 Kang 2015",
    "et": "SpinalWhiteMatter",
    "off": 11491,
    "sff": "spinal"
  },
  {
    "docID": "N158 Kang 2015",
    "et": "SpinalWhiteMatter",
    "off": 25916,
    "sff": "spinal"
  },
  {
    "docID": "N158 Kang 2015",
    "et": "SpinalWhiteMatter",
    "off": 20733,
    "sff": "spinal"
  },
  {
    "docID": "N158 Kang 2015",
    "et": "SpinalWhiteMatter",
    "off": 19326,
    "sff": "white matter"
  },
  {
    "docID": "N158 Kang 2015",
    "et": "SpinalWhiteMatter",
    "off": 11578,
    "sff": "spinal"
  },
  {
    "docID": "N158 Kang 2015",
    "et": "SpinalWhiteMatter",
    "off": 21914,
    "sff": "spinal"
  },
  {
    "docID": "N158 Kang 2015",
    "et": "SpinalWhiteMatter",
    "off": 539,
    "sff": "spinal"
  },
  {
    "docID": "N158 Kang 2015",
    "et": "SpinalWhiteMatter",
    "off": 24469,
    "sff": "spinal"
  },
  {
    "docID": "N158 Kang 2015",
    "et": "SpinalWhiteMatter",
    "off": 11632,
    "sff": "spinal"
  },
  {
    "docID": "N158 Kang 2015",
    "et": "SpinalWhiteMatter",
    "off": 21875,
    "sff": "spinal"
  },
  {
    "docID": "N158 Kang 2015",
    "et": "SpinalWhiteMatter",
    "off": 462,
    "sff": "spinal"
  },
  {
    "docID": "N158 Kang 2015",
    "et": "SpinalWhiteMatter",
    "off": 13064,
    "sff": "spinal"
  },
  {
    "docID": "N158 Kang 2015",
    "et": "SpinalWhiteMatter",
    "off": 19326,
    "sff": "white"
  },
  {
    "docID": "N158 Kang 2015",
    "et": "SpinalWhiteMatter",
    "off": 12939,
    "sff": "spinal"
  },
  {
    "docID": "N158 Kang 2015",
    "et": "Antibody",
    "off": 3801,
    "sff": "antibody"
  },
  {
    "docID": "N158 Kang 2015",
    "et": "Antibody",
    "off": 5945,
    "sff": "antibody"
  },
  {
    "docID": "N158 Kang 2015",
    "et": "Antibody",
    "off": 9628,
    "sff": "antibody"
  },
  {
    "docID": "N158 Kang 2015",
    "et": "Antibody",
    "off": 9724,
    "sff": "antibody"
  },
  {
    "docID": "N158 Kang 2015",
    "et": "Antibody",
    "off": 5885,
    "sff": "antibody"
  },
  {
    "docID": "N158 Kang 2015",
    "et": "Antibody",
    "off": 9566,
    "sff": "antibody"
  },
  {
    "docID": "N158 Kang 2015",
    "et": "Antibody",
    "off": 4033,
    "sff": "antibody"
  },
  {
    "docID": "N158 Kang 2015",
    "et": "Antibody",
    "off": 9798,
    "sff": "antibody"
  },
  {
    "docID": "N158 Kang 2015",
    "et": "Antibody",
    "off": 14534,
    "sff": "antibody"
  },
  {
    "docID": "N158 Kang 2015",
    "et": "Antibody",
    "off": 7303,
    "sff": "antibody"
  },
  {
    "docID": "N158 Kang 2015",
    "et": "Antibody",
    "off": 3949,
    "sff": "antibody"
  },
  {
    "docID": "N158 Kang 2015",
    "et": "Antibody",
    "off": 3726,
    "sff": "antibody"
  },
  {
    "docID": "N158 Kang 2015",
    "et": "Antibody",
    "off": 5998,
    "sff": "antibody"
  },
  {
    "docID": "N158 Kang 2015",
    "et": "Antibody",
    "off": 7250,
    "sff": "antibody"
  },
  {
    "docID": "N158 Kang 2015",
    "et": "Antibody",
    "off": 3700,
    "sff": "antibody"
  },
  {
    "docID": "N158 Kang 2015",
    "et": "UmbilicalCordBloodStemCell",
    "off": 469,
    "sff": "cord"
  },
  {
    "docID": "N158 Kang 2015",
    "et": "UmbilicalCordBloodStemCell",
    "off": 11639,
    "sff": "cord"
  },
  {
    "docID": "N158 Kang 2015",
    "et": "UmbilicalCordBloodStemCell",
    "off": 21882,
    "sff": "cord"
  },
  {
    "docID": "N158 Kang 2015",
    "et": "UmbilicalCordBloodStemCell",
    "off": 24476,
    "sff": "cord"
  },
  {
    "docID": "N158 Kang 2015",
    "et": "UmbilicalCordBloodStemCell",
    "off": 546,
    "sff": "cord"
  },
  {
    "docID": "N158 Kang 2015",
    "et": "UmbilicalCordBloodStemCell",
    "off": 11585,
    "sff": "cord"
  },
  {
    "docID": "N158 Kang 2015",
    "et": "UmbilicalCordBloodStemCell",
    "off": 21921,
    "sff": "cord"
  },
  {
    "docID": "N158 Kang 2015",
    "et": "UmbilicalCordBloodStemCell",
    "off": 20740,
    "sff": "cord"
  },
  {
    "docID": "N158 Kang 2015",
    "et": "UmbilicalCordBloodStemCell",
    "off": 25923,
    "sff": "cord"
  },
  {
    "docID": "N158 Kang 2015",
    "et": "UmbilicalCordBloodStemCell",
    "off": 647,
    "sff": "cord"
  },
  {
    "docID": "N158 Kang 2015",
    "et": "UmbilicalCordBloodStemCell",
    "off": 13703,
    "sff": "cord"
  },
  {
    "docID": "N158 Kang 2015",
    "et": "UmbilicalCordBloodStemCell",
    "off": 1993,
    "sff": "cord"
  },
  {
    "docID": "N158 Kang 2015",
    "et": "UmbilicalCordBloodStemCell",
    "off": 107,
    "sff": "cord"
  },
  {
    "docID": "N158 Kang 2015",
    "et": "UmbilicalCordBloodStemCell",
    "off": 1451,
    "sff": "cord"
  },
  {
    "docID": "N158 Kang 2015",
    "et": "UmbilicalCordBloodStemCell",
    "off": 11851,
    "sff": "cord"
  },
  {
    "docID": "N158 Kang 2015",
    "et": "Protein",
    "off": 22987,
    "sff": "protein"
  },
  {
    "docID": "N158 Kang 2015",
    "et": "GlialCell",
    "off": 23392,
    "sff": "glial cell"
  },
  {
    "docID": "N158 Kang 2015",
    "et": "GlialCell",
    "off": 2362,
    "sff": "glial"
  },
  {
    "docID": "N158 Kang 2015",
    "et": "GlialCell",
    "off": 2830,
    "sff": "glial"
  },
  {
    "docID": "N158 Kang 2015",
    "et": "GlialCell",
    "off": 23704,
    "sff": "glial cell"
  },
  {
    "docID": "N158 Kang 2015",
    "et": "GlialCell",
    "off": 24132,
    "sff": "glial"
  },
  {
    "docID": "N158 Kang 2015",
    "et": "GlialCell",
    "off": 27032,
    "sff": "glial cell"
  },
  {
    "docID": "N158 Kang 2015",
    "et": "GlialCell",
    "off": 2210,
    "sff": "glial"
  },
  {
    "docID": "N158 Kang 2015",
    "et": "GlialCell",
    "off": 2521,
    "sff": "glial"
  },
  {
    "docID": "N158 Kang 2015",
    "et": "SpinalGrayMatter",
    "off": 13064,
    "sff": "spinal"
  },
  {
    "docID": "N158 Kang 2015",
    "et": "SpinalGrayMatter",
    "off": 12939,
    "sff": "spinal"
  },
  {
    "docID": "N158 Kang 2015",
    "et": "SpinalGrayMatter",
    "off": 100,
    "sff": "spinal"
  },
  {
    "docID": "N158 Kang 2015",
    "et": "SpinalGrayMatter",
    "off": 1444,
    "sff": "spinal"
  },
  {
    "docID": "N158 Kang 2015",
    "et": "SpinalGrayMatter",
    "off": 11844,
    "sff": "spinal"
  },
  {
    "docID": "N158 Kang 2015",
    "et": "SpinalGrayMatter",
    "off": 12807,
    "sff": "spinal"
  },
  {
    "docID": "N158 Kang 2015",
    "et": "SpinalGrayMatter",
    "off": 640,
    "sff": "spinal"
  },
  {
    "docID": "N158 Kang 2015",
    "et": "SpinalGrayMatter",
    "off": 13696,
    "sff": "spinal"
  },
  {
    "docID": "N158 Kang 2015",
    "et": "SpinalGrayMatter",
    "off": 11491,
    "sff": "spinal"
  },
  {
    "docID": "N158 Kang 2015",
    "et": "SpinalGrayMatter",
    "off": 1986,
    "sff": "spinal"
  },
  {
    "docID": "N158 Kang 2015",
    "et": "SpinalGrayMatter",
    "off": 20733,
    "sff": "spinal"
  },
  {
    "docID": "N158 Kang 2015",
    "et": "SpinalGrayMatter",
    "off": 25916,
    "sff": "spinal"
  },
  {
    "docID": "N158 Kang 2015",
    "et": "SpinalGrayMatter",
    "off": 539,
    "sff": "spinal"
  },
  {
    "docID": "N158 Kang 2015",
    "et": "SpinalGrayMatter",
    "off": 11578,
    "sff": "spinal"
  },
  {
    "docID": "N158 Kang 2015",
    "et": "SpinalGrayMatter",
    "off": 21914,
    "sff": "spinal"
  },
  {
    "docID": "N158 Kang 2015",
    "et": "SpinalGrayMatter",
    "off": 24469,
    "sff": "spinal"
  },
  {
    "docID": "N158 Kang 2015",
    "et": "SpinalGrayMatter",
    "off": 11632,
    "sff": "spinal"
  },
  {
    "docID": "N158 Kang 2015",
    "et": "SpinalGrayMatter",
    "off": 21875,
    "sff": "spinal"
  },
  {
    "docID": "N158 Kang 2015",
    "et": "SpinalGrayMatter",
    "off": 462,
    "sff": "spinal"
  },
  {
    "docID": "N158 Kang 2015",
    "et": "RatSpecies",
    "off": 4669,
    "sff": "rat"
  },
  {
    "docID": "N158 Kang 2015",
    "et": "RatSpecies",
    "off": 9533,
    "sff": "rat"
  },
  {
    "docID": "N158 Kang 2015",
    "et": "RatSpecies",
    "off": 21197,
    "sff": "rat"
  },
  {
    "docID": "N158 Kang 2015",
    "et": "RatSpecies",
    "off": 29741,
    "sff": "rat"
  },
  {
    "docID": "N158 Kang 2015",
    "et": "RatSpecies",
    "off": 7221,
    "sff": "rat"
  },
  {
    "docID": "N158 Kang 2015",
    "et": "RatSpecies",
    "off": 13669,
    "sff": "rat"
  },
  {
    "docID": "N158 Kang 2015",
    "et": "RatSpecies",
    "off": 29848,
    "sff": "rat"
  },
  {
    "docID": "N158 Kang 2015",
    "et": "RatSpecies",
    "off": 3494,
    "sff": "rat"
  },
  {
    "docID": "N158 Kang 2015",
    "et": "VertebralArea",
    "off": 11454,
    "sff": "vertebral"
  },
  {
    "docID": "N158 Kang 2015",
    "et": "Caudal",
    "off": 19122,
    "sff": "caudal"
  },
  {
    "docID": "N158 Kang 2015",
    "et": "Caudal",
    "off": 25868,
    "sff": "caudal"
  },
  {
    "docID": "N158 Kang 2015",
    "et": "Caudal",
    "off": 19242,
    "sff": "caudal"
  },
  {
    "docID": "N158 Kang 2015",
    "et": "VertebralSegment",
    "off": 11454,
    "sff": "vertebral"
  },
  {
    "docID": "N158 Kang 2015",
    "et": "ImplantedDepotPellet",
    "off": 981,
    "sff": "implanted"
  },
  {
    "docID": "N158 Kang 2015",
    "et": "SchwannCell",
    "off": 23595,
    "sff": "Schwann cell"
  },
  {
    "docID": "N158 Kang 2015",
    "et": "NewZealandRabbit",
    "off": 22122,
    "sff": "new"
  },
  {
    "docID": "N158 Kang 2015",
    "et": "NewZealandRabbit",
    "off": 22842,
    "sff": "new"
  },
  {
    "docID": "N158 Kang 2015",
    "et": "NewZealandRabbit",
    "off": 1703,
    "sff": "new"
  },
  {
    "docID": "N158 Kang 2015",
    "et": "NewZealandRabbit",
    "off": 2325,
    "sff": "new"
  },
  {
    "docID": "N158 Kang 2015",
    "et": "NewZealandRabbit",
    "off": 20641,
    "sff": "New"
  },
  {
    "docID": "N158 Kang 2015",
    "et": "SigmaAldrich",
    "off": 3909,
    "sff": "Sigma"
  },
  {
    "docID": "N158 Kang 2015",
    "et": "SigmaAldrich",
    "off": 4088,
    "sff": "Sigma"
  },
  {
    "docID": "N158 Kang 2015",
    "et": "SigmaAldrich",
    "off": 3863,
    "sff": "Sigma"
  },
  {
    "docID": "N158 Kang 2015",
    "et": "T10",
    "off": 11473,
    "sff": "T10"
  },
  {
    "docID": "N158 Kang 2015",
    "et": "VertebralLocation",
    "off": 11454,
    "sff": "vertebral"
  },
  {
    "docID": "N158 Kang 2015",
    "et": "StemCellSourceType",
    "off": 402,
    "sff": "stem"
  },
  {
    "docID": "N158 Kang 2015",
    "et": "StemCellSourceType",
    "off": 6998,
    "sff": "cell"
  },
  {
    "docID": "N158 Kang 2015",
    "et": "StemCellSourceType",
    "off": 26338,
    "sff": "cell"
  },
  {
    "docID": "N158 Kang 2015",
    "et": "StemCellSourceType",
    "off": 4638,
    "sff": "cell"
  },
  {
    "docID": "N158 Kang 2015",
    "et": "StemCellSourceType",
    "off": 23710,
    "sff": "cell"
  },
  {
    "docID": "N158 Kang 2015",
    "et": "StemCellSourceType",
    "off": 27038,
    "sff": "cell"
  },
  {
    "docID": "N158 Kang 2015",
    "et": "StemCellSourceType",
    "off": 6241,
    "sff": "cell"
  },
  {
    "docID": "N158 Kang 2015",
    "et": "StemCellSourceType",
    "off": 26538,
    "sff": "cell"
  },
  {
    "docID": "N158 Kang 2015",
    "et": "StemCellSourceType",
    "off": 3819,
    "sff": "cell"
  },
  {
    "docID": "N158 Kang 2015",
    "et": "StemCellSourceType",
    "off": 23398,
    "sff": "cell"
  },
  {
    "docID": "N158 Kang 2015",
    "et": "StemCellSourceType",
    "off": 1827,
    "sff": "stem"
  },
  {
    "docID": "N158 Kang 2015",
    "et": "StemCellSourceType",
    "off": 23603,
    "sff": "cell"
  },
  {
    "docID": "N158 Kang 2015",
    "et": "StemCellSourceType",
    "off": 5173,
    "sff": "cell"
  },
  {
    "docID": "N158 Kang 2015",
    "et": "StemCellSourceType",
    "off": 4721,
    "sff": "cell"
  },
  {
    "docID": "N158 Kang 2015",
    "et": "StemCellSourceType",
    "off": 1338,
    "sff": "cell"
  },
  {
    "docID": "N158 Kang 2015",
    "et": "StemCellSourceType",
    "off": 4794,
    "sff": "cell"
  },
  {
    "docID": "N158 Kang 2015",
    "et": "StemCellSourceType",
    "off": 6652,
    "sff": "cell"
  },
  {
    "docID": "N158 Kang 2015",
    "et": "StemCellSourceType",
    "off": 18940,
    "sff": "cell"
  },
  {
    "docID": "N158 Kang 2015",
    "et": "StemCellSourceType",
    "off": 5629,
    "sff": "cell"
  },
  {
    "docID": "N158 Kang 2015",
    "et": "StemCellSourceType",
    "off": 54,
    "sff": "stem"
  },
  {
    "docID": "N158 Kang 2015",
    "et": "StemCellSourceType",
    "off": 26808,
    "sff": "cell"
  },
  {
    "docID": "N158 Kang 2015",
    "et": "StemCellSourceType",
    "off": 2036,
    "sff": "stem"
  },
  {
    "docID": "N158 Kang 2015",
    "et": "StemCellSourceType",
    "off": 29369,
    "sff": "stem"
  },
  {
    "docID": "N158 Kang 2015",
    "et": "StemCellSourceType",
    "off": 10627,
    "sff": "cell"
  },
  {
    "docID": "N158 Kang 2015",
    "et": "StemCellSourceType",
    "off": 30211,
    "sff": "cell"
  },
  {
    "docID": "N158 Kang 2015",
    "et": "StemCellSourceType",
    "off": 23934,
    "sff": "cell"
  },
  {
    "docID": "N158 Kang 2015",
    "et": "StemCellSourceType",
    "off": 27775,
    "sff": "stem"
  },
  {
    "docID": "N158 Kang 2015",
    "et": "StemCellSourceType",
    "off": 18765,
    "sff": "cell"
  },
  {
    "docID": "N158 Kang 2015",
    "et": "StemCellSourceType",
    "off": 24264,
    "sff": "cell"
  },
  {
    "docID": "N158 Kang 2015",
    "et": "StemCellSourceType",
    "off": 6931,
    "sff": "cell"
  },
  {
    "docID": "N158 Kang 2015",
    "et": "StemCellSourceType",
    "off": 1492,
    "sff": "cell"
  },
  {
    "docID": "N158 Kang 2015",
    "et": "StemCellSourceType",
    "off": 6421,
    "sff": "cell"
  },
  {
    "docID": "N158 Kang 2015",
    "et": "StemCellSourceType",
    "off": 20365,
    "sff": "stem"
  },
  {
    "docID": "N158 Kang 2015",
    "et": "InVitroExperimentalProcedure",
    "off": 10015,
    "sff": "vitro"
  },
  {
    "docID": "N158 Kang 2015",
    "et": "InVitroExperimentalProcedure",
    "off": 8844,
    "sff": "vitro"
  },
  {
    "docID": "N158 Kang 2015",
    "et": "InVitroExperimentalProcedure",
    "off": 3333,
    "sff": "Experimental"
  },
  {
    "docID": "N158 Kang 2015",
    "et": "InVitroExperimentalProcedure",
    "off": 10501,
    "sff": "vitro"
  },
  {
    "docID": "N158 Kang 2015",
    "et": "IntraperitonealLocation",
    "off": 11312,
    "sff": "intraperitoneal"
  },
  {
    "docID": "N158 Kang 2015",
    "et": "IntraperitonealLocation",
    "off": 7525,
    "sff": "intraperitoneal"
  },
  {
    "docID": "N158 Kang 2015",
    "et": "LongEvansRat",
    "off": 17645,
    "sff": "long"
  },
  {
    "docID": "N158 Kang 2015",
    "et": "LongEvansRat",
    "off": 11627,
    "sff": "long"
  },
  {
    "docID": "N158 Kang 2015",
    "et": "Cell",
    "off": 18765,
    "sff": "cell"
  },
  {
    "docID": "N158 Kang 2015",
    "et": "Cell",
    "off": 24264,
    "sff": "cell"
  },
  {
    "docID": "N158 Kang 2015",
    "et": "Cell",
    "off": 1492,
    "sff": "cell"
  },
  {
    "docID": "N158 Kang 2015",
    "et": "Cell",
    "off": 6421,
    "sff": "cell"
  },
  {
    "docID": "N158 Kang 2015",
    "et": "Cell",
    "off": 6998,
    "sff": "cell"
  },
  {
    "docID": "N158 Kang 2015",
    "et": "Cell",
    "off": 6931,
    "sff": "cell"
  },
  {
    "docID": "N158 Kang 2015",
    "et": "Cell",
    "off": 6652,
    "sff": "cell"
  },
  {
    "docID": "N158 Kang 2015",
    "et": "Cell",
    "off": 5629,
    "sff": "cell"
  },
  {
    "docID": "N158 Kang 2015",
    "et": "Cell",
    "off": 18940,
    "sff": "cell"
  },
  {
    "docID": "N158 Kang 2015",
    "et": "Cell",
    "off": 23934,
    "sff": "cell"
  },
  {
    "docID": "N158 Kang 2015",
    "et": "Cell",
    "off": 26808,
    "sff": "cell"
  },
  {
    "docID": "N158 Kang 2015",
    "et": "Cell",
    "off": 1338,
    "sff": "cell"
  },
  {
    "docID": "N158 Kang 2015",
    "et": "Cell",
    "off": 4794,
    "sff": "cell"
  },
  {
    "docID": "N158 Kang 2015",
    "et": "Cell",
    "off": 30211,
    "sff": "cell"
  },
  {
    "docID": "N158 Kang 2015",
    "et": "Cell",
    "off": 10627,
    "sff": "cell"
  },
  {
    "docID": "N158 Kang 2015",
    "et": "Cell",
    "off": 3819,
    "sff": "cell"
  },
  {
    "docID": "N158 Kang 2015",
    "et": "Cell",
    "off": 26538,
    "sff": "cell"
  },
  {
    "docID": "N158 Kang 2015",
    "et": "Cell",
    "off": 5173,
    "sff": "cell"
  },
  {
    "docID": "N158 Kang 2015",
    "et": "Cell",
    "off": 4721,
    "sff": "cell"
  },
  {
    "docID": "N158 Kang 2015",
    "et": "Cell",
    "off": 23603,
    "sff": "cell"
  },
  {
    "docID": "N158 Kang 2015",
    "et": "Cell",
    "off": 4638,
    "sff": "cell"
  },
  {
    "docID": "N158 Kang 2015",
    "et": "Cell",
    "off": 23710,
    "sff": "cell"
  },
  {
    "docID": "N158 Kang 2015",
    "et": "Cell",
    "off": 27038,
    "sff": "cell"
  },
  {
    "docID": "N158 Kang 2015",
    "et": "Cell",
    "off": 23398,
    "sff": "cell"
  },
  {
    "docID": "N158 Kang 2015",
    "et": "Cell",
    "off": 6241,
    "sff": "cell"
  },
  {
    "docID": "N158 Kang 2015",
    "et": "Cell",
    "off": 26338,
    "sff": "cell"
  },
  {
    "docID": "N158 Kang 2015",
    "et": "SpinalDorsalHalf",
    "off": 12939,
    "sff": "spinal"
  },
  {
    "docID": "N158 Kang 2015",
    "et": "SpinalDorsalHalf",
    "off": 11400,
    "sff": "dorsal"
  },
  {
    "docID": "N158 Kang 2015",
    "et": "SpinalDorsalHalf",
    "off": 11632,
    "sff": "spinal"
  },
  {
    "docID": "N158 Kang 2015",
    "et": "SpinalDorsalHalf",
    "off": 462,
    "sff": "spinal"
  },
  {
    "docID": "N158 Kang 2015",
    "et": "SpinalDorsalHalf",
    "off": 100,
    "sff": "spinal"
  },
  {
    "docID": "N158 Kang 2015",
    "et": "SpinalDorsalHalf",
    "off": 1444,
    "sff": "spinal"
  },
  {
    "docID": "N158 Kang 2015",
    "et": "SpinalDorsalHalf",
    "off": 11844,
    "sff": "spinal"
  },
  {
    "docID": "N158 Kang 2015",
    "et": "SpinalDorsalHalf",
    "off": 1986,
    "sff": "spinal"
  },
  {
    "docID": "N158 Kang 2015",
    "et": "SpinalDorsalHalf",
    "off": 11491,
    "sff": "spinal"
  },
  {
    "docID": "N158 Kang 2015",
    "et": "SpinalDorsalHalf",
    "off": 13064,
    "sff": "spinal"
  },
  {
    "docID": "N158 Kang 2015",
    "et": "SpinalDorsalHalf",
    "off": 12807,
    "sff": "spinal"
  },
  {
    "docID": "N158 Kang 2015",
    "et": "SpinalDorsalHalf",
    "off": 20733,
    "sff": "spinal"
  },
  {
    "docID": "N158 Kang 2015",
    "et": "SpinalDorsalHalf",
    "off": 25916,
    "sff": "spinal"
  },
  {
    "docID": "N158 Kang 2015",
    "et": "SpinalDorsalHalf",
    "off": 539,
    "sff": "spinal"
  },
  {
    "docID": "N158 Kang 2015",
    "et": "SpinalDorsalHalf",
    "off": 11578,
    "sff": "spinal"
  },
  {
    "docID": "N158 Kang 2015",
    "et": "SpinalDorsalHalf",
    "off": 21914,
    "sff": "spinal"
  },
  {
    "docID": "N158 Kang 2015",
    "et": "SpinalDorsalHalf",
    "off": 640,
    "sff": "spinal"
  },
  {
    "docID": "N158 Kang 2015",
    "et": "SpinalDorsalHalf",
    "off": 13696,
    "sff": "spinal"
  },
  {
    "docID": "N158 Kang 2015",
    "et": "SpinalDorsalHalf",
    "off": 24469,
    "sff": "spinal"
  },
  {
    "docID": "N158 Kang 2015",
    "et": "SpinalDorsalHalf",
    "off": 21875,
    "sff": "spinal"
  },
  {
    "docID": "N158 Kang 2015",
    "et": "17BetaEstradiolE2",
    "off": 16044,
    "sff": "17"
  },
  {
    "docID": "N158 Kang 2015",
    "et": "17BetaEstradiolE2",
    "off": 20186,
    "sff": "17"
  },
  {
    "docID": "N158 Kang 2015",
    "et": "HematoxyLinEosin",
    "off": 9353,
    "sff": "hematoxylin"
  },
  {
    "docID": "N158 Kang 2015",
    "et": "HematoxyLinEosin",
    "off": 10840,
    "sff": "hematoxylin"
  },
  {
    "docID": "N158 Kang 2015",
    "et": "HematoxyLinEosin",
    "off": 8332,
    "sff": "hematoxylin"
  },
  {
    "docID": "N158 Kang 2015",
    "et": "HematoxyLinEosin",
    "off": 14741,
    "sff": "hematoxylin"
  },
  {
    "docID": "N158 Kang 2015",
    "et": "HematoxyLinEosin",
    "off": 14853,
    "sff": "hematoxylin"
  },
  {
    "docID": "N158 Kang 2015",
    "et": "Water",
    "off": 7745,
    "sff": "water"
  },
  {
    "docID": "N158 Kang 2015",
    "et": "Water",
    "off": 8017,
    "sff": "water"
  },
  {
    "docID": "N158 Kang 2015",
    "et": "Embryonic",
    "off": 4235,
    "sff": "Embryonic"
  },
  {
    "docID": "N158 Kang 2015",
    "et": "Embryonic",
    "off": 4323,
    "sff": "embryonic"
  },
  {
    "docID": "N158 Kang 2015",
    "et": "ExperimentalProcedure",
    "off": 3333,
    "sff": "Experimental"
  },
  {
    "docID": "N158 Kang 2015",
    "et": "BrainDerivedNeurotrophicFactor",
    "off": 23666,
    "sff": "brain-derived neurotrophic factor"
  },
  {
    "docID": "N158 Kang 2015",
    "et": "BrainDerivedNeurotrophicFactor",
    "off": 26994,
    "sff": "brain-derived neurotrophic factor"
  },
  {
    "docID": "N158 Kang 2015",
    "et": "BrainDerivedNeurotrophicFactor",
    "off": 4358,
    "sff": "brain"
  },
  {
    "docID": "N158 Kang 2015",
    "et": "BrainDerivedNeurotrophicFactor",
    "off": 23666,
    "sff": "brain-derived"
  },
  {
    "docID": "N158 Kang 2015",
    "et": "BrainDerivedNeurotrophicFactor",
    "off": 26994,
    "sff": "brain-derived"
  }
]
