[
  {
    "docID": "N166 Li 2011",
    "et": "OlfactoryEnsheathingGliaCell",
    "off": 5779,
    "sff": "olfactory"
  },
  {
    "docID": "N166 Li 2011",
    "et": "OlfactoryEnsheathingGliaCell",
    "off": 2962,
    "sff": "olfactory"
  },
  {
    "docID": "N166 Li 2011",
    "et": "OlfactoryEnsheathingGliaCell",
    "off": 3065,
    "sff": "olfactory ensheathing"
  },
  {
    "docID": "N166 Li 2011",
    "et": "OlfactoryEnsheathingGliaCell",
    "off": 6240,
    "sff": "olfactory"
  },
  {
    "docID": "N166 Li 2011",
    "et": "OlfactoryEnsheathingGliaCell",
    "off": 6352,
    "sff": "olfactory"
  },
  {
    "docID": "N166 Li 2011",
    "et": "OlfactoryEnsheathingGliaCell",
    "off": 641,
    "sff": "olfactory ensheathing"
  },
  {
    "docID": "N166 Li 2011",
    "et": "SurgeryTreatment",
    "off": 225,
    "sff": "Surgery"
  },
  {
    "docID": "N166 Li 2011",
    "et": "SurgeryTreatment",
    "off": 8693,
    "sff": "surgery"
  },
  {
    "docID": "N166 Li 2011",
    "et": "SpinalSubduralArea",
    "off": 957,
    "sff": "spinal"
  },
  {
    "docID": "N166 Li 2011",
    "et": "SpinalSubduralArea",
    "off": 30077,
    "sff": "spinal"
  },
  {
    "docID": "N166 Li 2011",
    "et": "SpinalSubduralArea",
    "off": 18879,
    "sff": "spinal"
  },
  {
    "docID": "N166 Li 2011",
    "et": "SpinalSubduralArea",
    "off": 24385,
    "sff": "spinal"
  },
  {
    "docID": "N166 Li 2011",
    "et": "SpinalSubduralArea",
    "off": 8706,
    "sff": "spinal"
  },
  {
    "docID": "N166 Li 2011",
    "et": "SpinalSubduralArea",
    "off": 1543,
    "sff": "spinal"
  },
  {
    "docID": "N166 Li 2011",
    "et": "SpinalSubduralArea",
    "off": 18823,
    "sff": "spinal"
  },
  {
    "docID": "N166 Li 2011",
    "et": "SpinalSubduralArea",
    "off": 25864,
    "sff": "spinal"
  },
  {
    "docID": "N166 Li 2011",
    "et": "SpinalSubduralArea",
    "off": 23563,
    "sff": "spinal"
  },
  {
    "docID": "N166 Li 2011",
    "et": "SpinalSubduralArea",
    "off": 11151,
    "sff": "spinal"
  },
  {
    "docID": "N166 Li 2011",
    "et": "SpinalSubduralArea",
    "off": 15829,
    "sff": "spinal"
  },
  {
    "docID": "N166 Li 2011",
    "et": "SpinalSubduralArea",
    "off": 26133,
    "sff": "spinal"
  },
  {
    "docID": "N166 Li 2011",
    "et": "SpinalSubduralArea",
    "off": 3540,
    "sff": "spinal"
  },
  {
    "docID": "N166 Li 2011",
    "et": "SpinalSubduralArea",
    "off": 13716,
    "sff": "spinal"
  },
  {
    "docID": "N166 Li 2011",
    "et": "SpinalSubduralArea",
    "off": 5015,
    "sff": "spinal"
  },
  {
    "docID": "N166 Li 2011",
    "et": "SpinalSubduralArea",
    "off": 6039,
    "sff": "spinal"
  },
  {
    "docID": "N166 Li 2011",
    "et": "SpinalSubduralArea",
    "off": 24279,
    "sff": "spinal"
  },
  {
    "docID": "N166 Li 2011",
    "et": "SpinalSubduralArea",
    "off": 2584,
    "sff": "spinal"
  },
  {
    "docID": "N166 Li 2011",
    "et": "SpinalSubduralArea",
    "off": 16216,
    "sff": "spinal"
  },
  {
    "docID": "N166 Li 2011",
    "et": "SpinalSubduralArea",
    "off": 30299,
    "sff": "spinal"
  },
  {
    "docID": "N166 Li 2011",
    "et": "SpinalSubduralArea",
    "off": 797,
    "sff": "spinal"
  },
  {
    "docID": "N166 Li 2011",
    "et": "SpinalSubduralArea",
    "off": 8223,
    "sff": "spinal"
  },
  {
    "docID": "N166 Li 2011",
    "et": "SpinalSubduralArea",
    "off": 97,
    "sff": "spinal"
  },
  {
    "docID": "N166 Li 2011",
    "et": "SpinalSubduralArea",
    "off": 9703,
    "sff": "spinal"
  },
  {
    "docID": "N166 Li 2011",
    "et": "SpinalSubduralArea",
    "off": 12070,
    "sff": "spinal"
  },
  {
    "docID": "N166 Li 2011",
    "et": "SpinalSubduralArea",
    "off": 3498,
    "sff": "spinal"
  },
  {
    "docID": "N166 Li 2011",
    "et": "SpinalSubduralArea",
    "off": 29482,
    "sff": "spinal"
  },
  {
    "docID": "N166 Li 2011",
    "et": "SpinalSubduralArea",
    "off": 23853,
    "sff": "spinal"
  },
  {
    "docID": "N166 Li 2011",
    "et": "SpinalSubduralArea",
    "off": 26541,
    "sff": "spinal"
  },
  {
    "docID": "N166 Li 2011",
    "et": "SpinalSubduralArea",
    "off": 1068,
    "sff": "spinal"
  },
  {
    "docID": "N166 Li 2011",
    "et": "SpinalSubduralArea",
    "off": 17708,
    "sff": "spinal"
  },
  {
    "docID": "N166 Li 2011",
    "et": "SpinalSubduralArea",
    "off": 27500,
    "sff": "spinal"
  },
  {
    "docID": "N166 Li 2011",
    "et": "SpinalSubduralArea",
    "off": 4270,
    "sff": "spinal"
  },
  {
    "docID": "N166 Li 2011",
    "et": "SpinalSubduralArea",
    "off": 23470,
    "sff": "spinal"
  },
  {
    "docID": "N166 Li 2011",
    "et": "SpinalSubduralArea",
    "off": 25710,
    "sff": "spinal"
  },
  {
    "docID": "N166 Li 2011",
    "et": "SpinalSubduralArea",
    "off": 18928,
    "sff": "spinal"
  },
  {
    "docID": "N166 Li 2011",
    "et": "SpinalSubduralArea",
    "off": 20912,
    "sff": "spinal"
  },
  {
    "docID": "N166 Li 2011",
    "et": "SpinalSubduralArea",
    "off": 30005,
    "sff": "spinal"
  },
  {
    "docID": "N166 Li 2011",
    "et": "SpinalSubduralArea",
    "off": 887,
    "sff": "spinal"
  },
  {
    "docID": "N166 Li 2011",
    "et": "SpinalSubduralArea",
    "off": 25207,
    "sff": "spinal"
  },
  {
    "docID": "N166 Li 2011",
    "et": "SpinalSubduralArea",
    "off": 25590,
    "sff": "spinal"
  },
  {
    "docID": "N166 Li 2011",
    "et": "SpinalSubduralArea",
    "off": 23672,
    "sff": "spinal"
  },
  {
    "docID": "N166 Li 2011",
    "et": "SpinalSubduralArea",
    "off": 1211,
    "sff": "spinal"
  },
  {
    "docID": "N166 Li 2011",
    "et": "SpinalSubduralArea",
    "off": 2427,
    "sff": "spinal"
  },
  {
    "docID": "N166 Li 2011",
    "et": "SpinalSubduralArea",
    "off": 5627,
    "sff": "spinal"
  },
  {
    "docID": "N166 Li 2011",
    "et": "SpinalSubduralArea",
    "off": 24507,
    "sff": "spinal"
  },
  {
    "docID": "N166 Li 2011",
    "et": "MouseSpecies",
    "off": 7350,
    "sff": "mouse"
  },
  {
    "docID": "N166 Li 2011",
    "et": "SpinalFiberTract",
    "off": 12070,
    "sff": "spinal"
  },
  {
    "docID": "N166 Li 2011",
    "et": "SpinalFiberTract",
    "off": 29482,
    "sff": "spinal"
  },
  {
    "docID": "N166 Li 2011",
    "et": "SpinalFiberTract",
    "off": 3498,
    "sff": "spinal"
  },
  {
    "docID": "N166 Li 2011",
    "et": "SpinalFiberTract",
    "off": 797,
    "sff": "spinal"
  },
  {
    "docID": "N166 Li 2011",
    "et": "SpinalFiberTract",
    "off": 8223,
    "sff": "spinal"
  },
  {
    "docID": "N166 Li 2011",
    "et": "SpinalFiberTract",
    "off": 13716,
    "sff": "spinal"
  },
  {
    "docID": "N166 Li 2011",
    "et": "SpinalFiberTract",
    "off": 2584,
    "sff": "spinal"
  },
  {
    "docID": "N166 Li 2011",
    "et": "SpinalFiberTract",
    "off": 26133,
    "sff": "spinal"
  },
  {
    "docID": "N166 Li 2011",
    "et": "SpinalFiberTract",
    "off": 5015,
    "sff": "spinal"
  },
  {
    "docID": "N166 Li 2011",
    "et": "SpinalFiberTract",
    "off": 6039,
    "sff": "spinal"
  },
  {
    "docID": "N166 Li 2011",
    "et": "SpinalFiberTract",
    "off": 23563,
    "sff": "spinal"
  },
  {
    "docID": "N166 Li 2011",
    "et": "SpinalFiberTract",
    "off": 11151,
    "sff": "spinal"
  },
  {
    "docID": "N166 Li 2011",
    "et": "SpinalFiberTract",
    "off": 18823,
    "sff": "spinal"
  },
  {
    "docID": "N166 Li 2011",
    "et": "SpinalFiberTract",
    "off": 25864,
    "sff": "spinal"
  },
  {
    "docID": "N166 Li 2011",
    "et": "SpinalFiberTract",
    "off": 1543,
    "sff": "spinal"
  },
  {
    "docID": "N166 Li 2011",
    "et": "SpinalFiberTract",
    "off": 2427,
    "sff": "spinal"
  },
  {
    "docID": "N166 Li 2011",
    "et": "SpinalFiberTract",
    "off": 5627,
    "sff": "spinal"
  },
  {
    "docID": "N166 Li 2011",
    "et": "SpinalFiberTract",
    "off": 8706,
    "sff": "spinal"
  },
  {
    "docID": "N166 Li 2011",
    "et": "SpinalFiberTract",
    "off": 30077,
    "sff": "spinal"
  },
  {
    "docID": "N166 Li 2011",
    "et": "SpinalFiberTract",
    "off": 25207,
    "sff": "spinal"
  },
  {
    "docID": "N166 Li 2011",
    "et": "SpinalFiberTract",
    "off": 23672,
    "sff": "spinal"
  },
  {
    "docID": "N166 Li 2011",
    "et": "SpinalFiberTract",
    "off": 887,
    "sff": "spinal"
  },
  {
    "docID": "N166 Li 2011",
    "et": "SpinalFiberTract",
    "off": 25590,
    "sff": "spinal"
  },
  {
    "docID": "N166 Li 2011",
    "et": "SpinalFiberTract",
    "off": 18928,
    "sff": "spinal"
  },
  {
    "docID": "N166 Li 2011",
    "et": "SpinalFiberTract",
    "off": 27500,
    "sff": "spinal"
  },
  {
    "docID": "N166 Li 2011",
    "et": "SpinalFiberTract",
    "off": 25710,
    "sff": "spinal"
  },
  {
    "docID": "N166 Li 2011",
    "et": "SpinalFiberTract",
    "off": 9703,
    "sff": "spinal"
  },
  {
    "docID": "N166 Li 2011",
    "et": "SpinalFiberTract",
    "off": 30299,
    "sff": "spinal"
  },
  {
    "docID": "N166 Li 2011",
    "et": "SpinalFiberTract",
    "off": 97,
    "sff": "spinal"
  },
  {
    "docID": "N166 Li 2011",
    "et": "SpinalFiberTract",
    "off": 6221,
    "sff": "fiber"
  },
  {
    "docID": "N166 Li 2011",
    "et": "SpinalFiberTract",
    "off": 24279,
    "sff": "spinal"
  },
  {
    "docID": "N166 Li 2011",
    "et": "SpinalFiberTract",
    "off": 15829,
    "sff": "spinal"
  },
  {
    "docID": "N166 Li 2011",
    "et": "SpinalFiberTract",
    "off": 3540,
    "sff": "spinal"
  },
  {
    "docID": "N166 Li 2011",
    "et": "SpinalFiberTract",
    "off": 16216,
    "sff": "spinal"
  },
  {
    "docID": "N166 Li 2011",
    "et": "SpinalFiberTract",
    "off": 18879,
    "sff": "spinal"
  },
  {
    "docID": "N166 Li 2011",
    "et": "SpinalFiberTract",
    "off": 957,
    "sff": "spinal"
  },
  {
    "docID": "N166 Li 2011",
    "et": "SpinalFiberTract",
    "off": 24385,
    "sff": "spinal"
  },
  {
    "docID": "N166 Li 2011",
    "et": "SpinalFiberTract",
    "off": 1211,
    "sff": "spinal"
  },
  {
    "docID": "N166 Li 2011",
    "et": "SpinalFiberTract",
    "off": 24507,
    "sff": "spinal"
  },
  {
    "docID": "N166 Li 2011",
    "et": "SpinalFiberTract",
    "off": 30005,
    "sff": "spinal"
  },
  {
    "docID": "N166 Li 2011",
    "et": "SpinalFiberTract",
    "off": 4270,
    "sff": "spinal"
  },
  {
    "docID": "N166 Li 2011",
    "et": "SpinalFiberTract",
    "off": 20912,
    "sff": "spinal"
  },
  {
    "docID": "N166 Li 2011",
    "et": "SpinalFiberTract",
    "off": 1068,
    "sff": "spinal"
  },
  {
    "docID": "N166 Li 2011",
    "et": "SpinalFiberTract",
    "off": 15937,
    "sff": "fiber"
  },
  {
    "docID": "N166 Li 2011",
    "et": "SpinalFiberTract",
    "off": 17708,
    "sff": "spinal"
  },
  {
    "docID": "N166 Li 2011",
    "et": "SpinalFiberTract",
    "off": 5568,
    "sff": "fiber"
  },
  {
    "docID": "N166 Li 2011",
    "et": "SpinalFiberTract",
    "off": 23853,
    "sff": "spinal"
  },
  {
    "docID": "N166 Li 2011",
    "et": "SpinalFiberTract",
    "off": 26541,
    "sff": "spinal"
  },
  {
    "docID": "N166 Li 2011",
    "et": "SpinalFiberTract",
    "off": 23470,
    "sff": "spinal"
  },
  {
    "docID": "N166 Li 2011",
    "et": "SpinalVentralHalf",
    "off": 16216,
    "sff": "spinal"
  },
  {
    "docID": "N166 Li 2011",
    "et": "SpinalVentralHalf",
    "off": 30299,
    "sff": "spinal"
  },
  {
    "docID": "N166 Li 2011",
    "et": "SpinalVentralHalf",
    "off": 3540,
    "sff": "spinal"
  },
  {
    "docID": "N166 Li 2011",
    "et": "SpinalVentralHalf",
    "off": 15829,
    "sff": "spinal"
  },
  {
    "docID": "N166 Li 2011",
    "et": "SpinalVentralHalf",
    "off": 24279,
    "sff": "spinal"
  },
  {
    "docID": "N166 Li 2011",
    "et": "SpinalVentralHalf",
    "off": 97,
    "sff": "spinal"
  },
  {
    "docID": "N166 Li 2011",
    "et": "SpinalVentralHalf",
    "off": 1211,
    "sff": "spinal"
  },
  {
    "docID": "N166 Li 2011",
    "et": "SpinalVentralHalf",
    "off": 24507,
    "sff": "spinal"
  },
  {
    "docID": "N166 Li 2011",
    "et": "SpinalVentralHalf",
    "off": 30005,
    "sff": "spinal"
  },
  {
    "docID": "N166 Li 2011",
    "et": "SpinalVentralHalf",
    "off": 24385,
    "sff": "spinal"
  },
  {
    "docID": "N166 Li 2011",
    "et": "SpinalVentralHalf",
    "off": 957,
    "sff": "spinal"
  },
  {
    "docID": "N166 Li 2011",
    "et": "SpinalVentralHalf",
    "off": 18879,
    "sff": "spinal"
  },
  {
    "docID": "N166 Li 2011",
    "et": "SpinalVentralHalf",
    "off": 3498,
    "sff": "spinal"
  },
  {
    "docID": "N166 Li 2011",
    "et": "SpinalVentralHalf",
    "off": 29482,
    "sff": "spinal"
  },
  {
    "docID": "N166 Li 2011",
    "et": "SpinalVentralHalf",
    "off": 12070,
    "sff": "spinal"
  },
  {
    "docID": "N166 Li 2011",
    "et": "SpinalVentralHalf",
    "off": 20912,
    "sff": "spinal"
  },
  {
    "docID": "N166 Li 2011",
    "et": "SpinalVentralHalf",
    "off": 1068,
    "sff": "spinal"
  },
  {
    "docID": "N166 Li 2011",
    "et": "SpinalVentralHalf",
    "off": 17708,
    "sff": "spinal"
  },
  {
    "docID": "N166 Li 2011",
    "et": "SpinalVentralHalf",
    "off": 23853,
    "sff": "spinal"
  },
  {
    "docID": "N166 Li 2011",
    "et": "SpinalVentralHalf",
    "off": 26541,
    "sff": "spinal"
  },
  {
    "docID": "N166 Li 2011",
    "et": "SpinalVentralHalf",
    "off": 4270,
    "sff": "spinal"
  },
  {
    "docID": "N166 Li 2011",
    "et": "SpinalVentralHalf",
    "off": 23470,
    "sff": "spinal"
  },
  {
    "docID": "N166 Li 2011",
    "et": "SpinalVentralHalf",
    "off": 2584,
    "sff": "spinal"
  },
  {
    "docID": "N166 Li 2011",
    "et": "SpinalVentralHalf",
    "off": 13716,
    "sff": "spinal"
  },
  {
    "docID": "N166 Li 2011",
    "et": "SpinalVentralHalf",
    "off": 26133,
    "sff": "spinal"
  },
  {
    "docID": "N166 Li 2011",
    "et": "SpinalVentralHalf",
    "off": 5015,
    "sff": "spinal"
  },
  {
    "docID": "N166 Li 2011",
    "et": "SpinalVentralHalf",
    "off": 6039,
    "sff": "spinal"
  },
  {
    "docID": "N166 Li 2011",
    "et": "SpinalVentralHalf",
    "off": 11633,
    "sff": "ventral"
  },
  {
    "docID": "N166 Li 2011",
    "et": "SpinalVentralHalf",
    "off": 797,
    "sff": "spinal"
  },
  {
    "docID": "N166 Li 2011",
    "et": "SpinalVentralHalf",
    "off": 15479,
    "sff": "ventral"
  },
  {
    "docID": "N166 Li 2011",
    "et": "SpinalVentralHalf",
    "off": 8223,
    "sff": "spinal"
  },
  {
    "docID": "N166 Li 2011",
    "et": "SpinalVentralHalf",
    "off": 25864,
    "sff": "spinal"
  },
  {
    "docID": "N166 Li 2011",
    "et": "SpinalVentralHalf",
    "off": 23563,
    "sff": "spinal"
  },
  {
    "docID": "N166 Li 2011",
    "et": "SpinalVentralHalf",
    "off": 1543,
    "sff": "spinal"
  },
  {
    "docID": "N166 Li 2011",
    "et": "SpinalVentralHalf",
    "off": 18823,
    "sff": "spinal"
  },
  {
    "docID": "N166 Li 2011",
    "et": "SpinalVentralHalf",
    "off": 11151,
    "sff": "spinal"
  },
  {
    "docID": "N166 Li 2011",
    "et": "SpinalVentralHalf",
    "off": 23672,
    "sff": "spinal"
  },
  {
    "docID": "N166 Li 2011",
    "et": "SpinalVentralHalf",
    "off": 2427,
    "sff": "spinal"
  },
  {
    "docID": "N166 Li 2011",
    "et": "SpinalVentralHalf",
    "off": 5627,
    "sff": "spinal"
  },
  {
    "docID": "N166 Li 2011",
    "et": "SpinalVentralHalf",
    "off": 25590,
    "sff": "spinal"
  },
  {
    "docID": "N166 Li 2011",
    "et": "SpinalVentralHalf",
    "off": 887,
    "sff": "spinal"
  },
  {
    "docID": "N166 Li 2011",
    "et": "SpinalVentralHalf",
    "off": 19408,
    "sff": "ventral"
  },
  {
    "docID": "N166 Li 2011",
    "et": "SpinalVentralHalf",
    "off": 25207,
    "sff": "spinal"
  },
  {
    "docID": "N166 Li 2011",
    "et": "SpinalVentralHalf",
    "off": 8706,
    "sff": "spinal"
  },
  {
    "docID": "N166 Li 2011",
    "et": "SpinalVentralHalf",
    "off": 30077,
    "sff": "spinal"
  },
  {
    "docID": "N166 Li 2011",
    "et": "SpinalVentralHalf",
    "off": 9703,
    "sff": "spinal"
  },
  {
    "docID": "N166 Li 2011",
    "et": "SpinalVentralHalf",
    "off": 18928,
    "sff": "spinal"
  },
  {
    "docID": "N166 Li 2011",
    "et": "SpinalVentralHalf",
    "off": 27500,
    "sff": "spinal"
  },
  {
    "docID": "N166 Li 2011",
    "et": "SpinalVentralHalf",
    "off": 25710,
    "sff": "spinal"
  },
  {
    "docID": "N166 Li 2011",
    "et": "RabbitSpecies",
    "off": 7300,
    "sff": "rabbit"
  },
  {
    "docID": "N166 Li 2011",
    "et": "Rostral",
    "off": 8913,
    "sff": "rostral"
  },
  {
    "docID": "N166 Li 2011",
    "et": "Rostral",
    "off": 25457,
    "sff": "rostral"
  },
  {
    "docID": "N166 Li 2011",
    "et": "Rostral",
    "off": 12247,
    "sff": "rostral"
  },
  {
    "docID": "N166 Li 2011",
    "et": "Rostral",
    "off": 20889,
    "sff": "rostral"
  },
  {
    "docID": "N166 Li 2011",
    "et": "Rostral",
    "off": 17962,
    "sff": "rostral"
  },
  {
    "docID": "N166 Li 2011",
    "et": "DorsalColumn",
    "off": 921,
    "sff": "dorsal"
  },
  {
    "docID": "N166 Li 2011",
    "et": "DorsalColumn",
    "off": 18977,
    "sff": "dorsal"
  },
  {
    "docID": "N166 Li 2011",
    "et": "SpragueDawleyRat",
    "off": 7753,
    "sff": "Sprague Dawley"
  },
  {
    "docID": "N166 Li 2011",
    "et": "Left",
    "off": 24592,
    "sff": "left"
  },
  {
    "docID": "N166 Li 2011",
    "et": "Left",
    "off": 13212,
    "sff": "left"
  },
  {
    "docID": "N166 Li 2011",
    "et": "Left",
    "off": 11721,
    "sff": "left"
  },
  {
    "docID": "N166 Li 2011",
    "et": "C1",
    "off": 18069,
    "sff": "C1"
  },
  {
    "docID": "N166 Li 2011",
    "et": "C4",
    "off": 28788,
    "sff": "C4"
  },
  {
    "docID": "N166 Li 2011",
    "et": "Tissue",
    "off": 5096,
    "sff": "tissue"
  },
  {
    "docID": "N166 Li 2011",
    "et": "Tissue",
    "off": 19619,
    "sff": "tissue"
  },
  {
    "docID": "N166 Li 2011",
    "et": "Tissue",
    "off": 25188,
    "sff": "tissue"
  },
  {
    "docID": "N166 Li 2011",
    "et": "Tissue",
    "off": 18800,
    "sff": "tissue"
  },
  {
    "docID": "N166 Li 2011",
    "et": "Tissue",
    "off": 44,
    "sff": "tissue"
  },
  {
    "docID": "N166 Li 2011",
    "et": "Tissue",
    "off": 10477,
    "sff": "tissue"
  },
  {
    "docID": "N166 Li 2011",
    "et": "Tissue",
    "off": 29165,
    "sff": "tissue"
  },
  {
    "docID": "N166 Li 2011",
    "et": "Tissue",
    "off": 5934,
    "sff": "tissue"
  },
  {
    "docID": "N166 Li 2011",
    "et": "Tissue",
    "off": 18606,
    "sff": "tissue"
  },
  {
    "docID": "N166 Li 2011",
    "et": "Tissue",
    "off": 20270,
    "sff": "tissue"
  },
  {
    "docID": "N166 Li 2011",
    "et": "Tissue",
    "off": 25838,
    "sff": "tissue"
  },
  {
    "docID": "N166 Li 2011",
    "et": "Tissue",
    "off": 5239,
    "sff": "tissue"
  },
  {
    "docID": "N166 Li 2011",
    "et": "Tissue",
    "off": 5496,
    "sff": "tissue"
  },
  {
    "docID": "N166 Li 2011",
    "et": "Tissue",
    "off": 1273,
    "sff": "tissue"
  },
  {
    "docID": "N166 Li 2011",
    "et": "Tissue",
    "off": 23865,
    "sff": "tissue"
  },
  {
    "docID": "N166 Li 2011",
    "et": "Tissue",
    "off": 19829,
    "sff": "tissue"
  },
  {
    "docID": "N166 Li 2011",
    "et": "Tissue",
    "off": 26111,
    "sff": "tissue"
  },
  {
    "docID": "N166 Li 2011",
    "et": "Tissue",
    "off": 20481,
    "sff": "tissue"
  },
  {
    "docID": "N166 Li 2011",
    "et": "Tissue",
    "off": 1852,
    "sff": "tissue"
  },
  {
    "docID": "N166 Li 2011",
    "et": "Tissue",
    "off": 18364,
    "sff": "tissue"
  },
  {
    "docID": "N166 Li 2011",
    "et": "Tissue",
    "off": 30204,
    "sff": "tissue"
  },
  {
    "docID": "N166 Li 2011",
    "et": "Tissue",
    "off": 1725,
    "sff": "tissue"
  },
  {
    "docID": "N166 Li 2011",
    "et": "Tissue",
    "off": 14461,
    "sff": "tissue"
  },
  {
    "docID": "N166 Li 2011",
    "et": "Tissue",
    "off": 25597,
    "sff": "tissue"
  },
  {
    "docID": "N166 Li 2011",
    "et": "Tissue",
    "off": 27581,
    "sff": "tissue"
  },
  {
    "docID": "N166 Li 2011",
    "et": "Tissue",
    "off": 14590,
    "sff": "tissue"
  },
  {
    "docID": "N166 Li 2011",
    "et": "Tissue",
    "off": 18183,
    "sff": "tissue"
  },
  {
    "docID": "N166 Li 2011",
    "et": "Tissue",
    "off": 30277,
    "sff": "tissue"
  },
  {
    "docID": "N166 Li 2011",
    "et": "Tissue",
    "off": 18255,
    "sff": "tissue"
  },
  {
    "docID": "N166 Li 2011",
    "et": "Tissue",
    "off": 30159,
    "sff": "tissue"
  },
  {
    "docID": "N166 Li 2011",
    "et": "Tissue",
    "off": 1294,
    "sff": "tissue"
  },
  {
    "docID": "N166 Li 2011",
    "et": "Tissue",
    "off": 1690,
    "sff": "tissue"
  },
  {
    "docID": "N166 Li 2011",
    "et": "Tissue",
    "off": 30613,
    "sff": "tissue"
  },
  {
    "docID": "N166 Li 2011",
    "et": "Tissue",
    "off": 20383,
    "sff": "tissue"
  },
  {
    "docID": "N166 Li 2011",
    "et": "Tissue",
    "off": 24672,
    "sff": "tissue"
  },
  {
    "docID": "N166 Li 2011",
    "et": "Tissue",
    "off": 2401,
    "sff": "tissue"
  },
  {
    "docID": "N166 Li 2011",
    "et": "Tissue",
    "off": 6759,
    "sff": "Tissue"
  },
  {
    "docID": "N166 Li 2011",
    "et": "Tissue",
    "off": 23772,
    "sff": "tissue"
  },
  {
    "docID": "N166 Li 2011",
    "et": "ChinaShenyangSunshinePharmaceuticalCompany",
    "off": 304,
    "sff": "China"
  },
  {
    "docID": "N166 Li 2011",
    "et": "ChinaShenyangSunshinePharmaceuticalCompany",
    "off": 600,
    "sff": "China"
  },
  {
    "docID": "N166 Li 2011",
    "et": "ChinaShenyangSunshinePharmaceuticalCompany",
    "off": 519,
    "sff": "China"
  },
  {
    "docID": "N166 Li 2011",
    "et": "ChinaShenyangSunshinePharmaceuticalCompany",
    "off": 388,
    "sff": "China"
  },
  {
    "docID": "N166 Li 2011",
    "et": "ChinaShenyangSunshinePharmaceuticalCompany",
    "off": 3729,
    "sff": "China"
  },
  {
    "docID": "N166 Li 2011",
    "et": "InjectionDelivery",
    "off": 9222,
    "sff": "injection"
  },
  {
    "docID": "N166 Li 2011",
    "et": "InjectionDelivery",
    "off": 13131,
    "sff": "injection"
  },
  {
    "docID": "N166 Li 2011",
    "et": "InjectionDelivery",
    "off": 24858,
    "sff": "injection"
  },
  {
    "docID": "N166 Li 2011",
    "et": "InjectionDelivery",
    "off": 9129,
    "sff": "injection"
  },
  {
    "docID": "N166 Li 2011",
    "et": "InjectionDelivery",
    "off": 8071,
    "sff": "injection"
  },
  {
    "docID": "N166 Li 2011",
    "et": "InjectionDelivery",
    "off": 16679,
    "sff": "injection"
  },
  {
    "docID": "N166 Li 2011",
    "et": "SpinalLesionSite",
    "off": 25590,
    "sff": "spinal"
  },
  {
    "docID": "N166 Li 2011",
    "et": "SpinalLesionSite",
    "off": 887,
    "sff": "spinal"
  },
  {
    "docID": "N166 Li 2011",
    "et": "SpinalLesionSite",
    "off": 25207,
    "sff": "spinal"
  },
  {
    "docID": "N166 Li 2011",
    "et": "SpinalLesionSite",
    "off": 18928,
    "sff": "spinal"
  },
  {
    "docID": "N166 Li 2011",
    "et": "SpinalLesionSite",
    "off": 1980,
    "sff": "lesion"
  },
  {
    "docID": "N166 Li 2011",
    "et": "SpinalLesionSite",
    "off": 17738,
    "sff": "lesion site"
  },
  {
    "docID": "N166 Li 2011",
    "et": "SpinalLesionSite",
    "off": 18109,
    "sff": "lesion"
  },
  {
    "docID": "N166 Li 2011",
    "et": "SpinalLesionSite",
    "off": 27500,
    "sff": "spinal"
  },
  {
    "docID": "N166 Li 2011",
    "et": "SpinalLesionSite",
    "off": 14400,
    "sff": "lesion"
  },
  {
    "docID": "N166 Li 2011",
    "et": "SpinalLesionSite",
    "off": 8897,
    "sff": "lesion"
  },
  {
    "docID": "N166 Li 2011",
    "et": "SpinalLesionSite",
    "off": 18109,
    "sff": "lesion site"
  },
  {
    "docID": "N166 Li 2011",
    "et": "SpinalLesionSite",
    "off": 25710,
    "sff": "spinal"
  },
  {
    "docID": "N166 Li 2011",
    "et": "SpinalLesionSite",
    "off": 30401,
    "sff": "lesion"
  },
  {
    "docID": "N166 Li 2011",
    "et": "SpinalLesionSite",
    "off": 1980,
    "sff": "lesion site"
  },
  {
    "docID": "N166 Li 2011",
    "et": "SpinalLesionSite",
    "off": 17988,
    "sff": "lesion"
  },
  {
    "docID": "N166 Li 2011",
    "et": "SpinalLesionSite",
    "off": 14400,
    "sff": "lesion site"
  },
  {
    "docID": "N166 Li 2011",
    "et": "SpinalLesionSite",
    "off": 9703,
    "sff": "spinal"
  },
  {
    "docID": "N166 Li 2011",
    "et": "SpinalLesionSite",
    "off": 17738,
    "sff": "lesion"
  },
  {
    "docID": "N166 Li 2011",
    "et": "SpinalLesionSite",
    "off": 97,
    "sff": "spinal"
  },
  {
    "docID": "N166 Li 2011",
    "et": "SpinalLesionSite",
    "off": 10702,
    "sff": "lesion"
  },
  {
    "docID": "N166 Li 2011",
    "et": "SpinalLesionSite",
    "off": 16216,
    "sff": "spinal"
  },
  {
    "docID": "N166 Li 2011",
    "et": "SpinalLesionSite",
    "off": 30299,
    "sff": "spinal"
  },
  {
    "docID": "N166 Li 2011",
    "et": "SpinalLesionSite",
    "off": 13716,
    "sff": "spinal"
  },
  {
    "docID": "N166 Li 2011",
    "et": "SpinalLesionSite",
    "off": 26133,
    "sff": "spinal"
  },
  {
    "docID": "N166 Li 2011",
    "et": "SpinalLesionSite",
    "off": 24869,
    "sff": "lesion site"
  },
  {
    "docID": "N166 Li 2011",
    "et": "SpinalLesionSite",
    "off": 5015,
    "sff": "spinal"
  },
  {
    "docID": "N166 Li 2011",
    "et": "SpinalLesionSite",
    "off": 6039,
    "sff": "spinal"
  },
  {
    "docID": "N166 Li 2011",
    "et": "SpinalLesionSite",
    "off": 17946,
    "sff": "lesion"
  },
  {
    "docID": "N166 Li 2011",
    "et": "SpinalLesionSite",
    "off": 3483,
    "sff": "lesion"
  },
  {
    "docID": "N166 Li 2011",
    "et": "SpinalLesionSite",
    "off": 11151,
    "sff": "spinal"
  },
  {
    "docID": "N166 Li 2011",
    "et": "SpinalLesionSite",
    "off": 25864,
    "sff": "spinal"
  },
  {
    "docID": "N166 Li 2011",
    "et": "SpinalLesionSite",
    "off": 24869,
    "sff": "lesion"
  },
  {
    "docID": "N166 Li 2011",
    "et": "SpinalLesionSite",
    "off": 23563,
    "sff": "spinal"
  },
  {
    "docID": "N166 Li 2011",
    "et": "SpinalLesionSite",
    "off": 1543,
    "sff": "spinal"
  },
  {
    "docID": "N166 Li 2011",
    "et": "SpinalLesionSite",
    "off": 1706,
    "sff": "lesion"
  },
  {
    "docID": "N166 Li 2011",
    "et": "SpinalLesionSite",
    "off": 18823,
    "sff": "spinal"
  },
  {
    "docID": "N166 Li 2011",
    "et": "SpinalLesionSite",
    "off": 3483,
    "sff": "lesion site"
  },
  {
    "docID": "N166 Li 2011",
    "et": "SpinalLesionSite",
    "off": 8706,
    "sff": "spinal"
  },
  {
    "docID": "N166 Li 2011",
    "et": "SpinalLesionSite",
    "off": 30509,
    "sff": "lesion"
  },
  {
    "docID": "N166 Li 2011",
    "et": "SpinalLesionSite",
    "off": 18574,
    "sff": "lesion site"
  },
  {
    "docID": "N166 Li 2011",
    "et": "SpinalLesionSite",
    "off": 30077,
    "sff": "spinal"
  },
  {
    "docID": "N166 Li 2011",
    "et": "SpinalLesionSite",
    "off": 23672,
    "sff": "spinal"
  },
  {
    "docID": "N166 Li 2011",
    "et": "SpinalLesionSite",
    "off": 30260,
    "sff": "lesion"
  },
  {
    "docID": "N166 Li 2011",
    "et": "SpinalLesionSite",
    "off": 2427,
    "sff": "spinal"
  },
  {
    "docID": "N166 Li 2011",
    "et": "SpinalLesionSite",
    "off": 5627,
    "sff": "spinal"
  },
  {
    "docID": "N166 Li 2011",
    "et": "SpinalLesionSite",
    "off": 25079,
    "sff": "lesion"
  },
  {
    "docID": "N166 Li 2011",
    "et": "SpinalLesionSite",
    "off": 30005,
    "sff": "spinal"
  },
  {
    "docID": "N166 Li 2011",
    "et": "SpinalLesionSite",
    "off": 3578,
    "sff": "lesion"
  },
  {
    "docID": "N166 Li 2011",
    "et": "SpinalLesionSite",
    "off": 23940,
    "sff": "lesion site"
  },
  {
    "docID": "N166 Li 2011",
    "et": "SpinalLesionSite",
    "off": 20912,
    "sff": "spinal"
  },
  {
    "docID": "N166 Li 2011",
    "et": "SpinalLesionSite",
    "off": 24955,
    "sff": "lesion"
  },
  {
    "docID": "N166 Li 2011",
    "et": "SpinalLesionSite",
    "off": 1674,
    "sff": "lesion site"
  },
  {
    "docID": "N166 Li 2011",
    "et": "SpinalLesionSite",
    "off": 24701,
    "sff": "lesion"
  },
  {
    "docID": "N166 Li 2011",
    "et": "SpinalLesionSite",
    "off": 1068,
    "sff": "spinal"
  },
  {
    "docID": "N166 Li 2011",
    "et": "SpinalLesionSite",
    "off": 17708,
    "sff": "spinal"
  },
  {
    "docID": "N166 Li 2011",
    "et": "SpinalLesionSite",
    "off": 23853,
    "sff": "spinal"
  },
  {
    "docID": "N166 Li 2011",
    "et": "SpinalLesionSite",
    "off": 26541,
    "sff": "spinal"
  },
  {
    "docID": "N166 Li 2011",
    "et": "SpinalLesionSite",
    "off": 4270,
    "sff": "spinal"
  },
  {
    "docID": "N166 Li 2011",
    "et": "SpinalLesionSite",
    "off": 23470,
    "sff": "spinal"
  },
  {
    "docID": "N166 Li 2011",
    "et": "SpinalLesionSite",
    "off": 23940,
    "sff": "lesion"
  },
  {
    "docID": "N166 Li 2011",
    "et": "SpinalLesionSite",
    "off": 3498,
    "sff": "spinal"
  },
  {
    "docID": "N166 Li 2011",
    "et": "SpinalLesionSite",
    "off": 29482,
    "sff": "spinal"
  },
  {
    "docID": "N166 Li 2011",
    "et": "SpinalLesionSite",
    "off": 25480,
    "sff": "lesion"
  },
  {
    "docID": "N166 Li 2011",
    "et": "SpinalLesionSite",
    "off": 12070,
    "sff": "spinal"
  },
  {
    "docID": "N166 Li 2011",
    "et": "SpinalLesionSite",
    "off": 1674,
    "sff": "lesion"
  },
  {
    "docID": "N166 Li 2011",
    "et": "SpinalLesionSite",
    "off": 18574,
    "sff": "lesion"
  },
  {
    "docID": "N166 Li 2011",
    "et": "SpinalLesionSite",
    "off": 797,
    "sff": "spinal"
  },
  {
    "docID": "N166 Li 2011",
    "et": "SpinalLesionSite",
    "off": 8223,
    "sff": "spinal"
  },
  {
    "docID": "N166 Li 2011",
    "et": "SpinalLesionSite",
    "off": 2584,
    "sff": "spinal"
  },
  {
    "docID": "N166 Li 2011",
    "et": "SpinalLesionSite",
    "off": 20848,
    "sff": "lesion site"
  },
  {
    "docID": "N166 Li 2011",
    "et": "SpinalLesionSite",
    "off": 28272,
    "sff": "lesion site"
  },
  {
    "docID": "N166 Li 2011",
    "et": "SpinalLesionSite",
    "off": 3540,
    "sff": "spinal"
  },
  {
    "docID": "N166 Li 2011",
    "et": "SpinalLesionSite",
    "off": 15829,
    "sff": "spinal"
  },
  {
    "docID": "N166 Li 2011",
    "et": "SpinalLesionSite",
    "off": 24279,
    "sff": "spinal"
  },
  {
    "docID": "N166 Li 2011",
    "et": "SpinalLesionSite",
    "off": 24808,
    "sff": "lesion site"
  },
  {
    "docID": "N166 Li 2011",
    "et": "SpinalLesionSite",
    "off": 24927,
    "sff": "lesion site"
  },
  {
    "docID": "N166 Li 2011",
    "et": "SpinalLesionSite",
    "off": 24927,
    "sff": "lesion"
  },
  {
    "docID": "N166 Li 2011",
    "et": "SpinalLesionSite",
    "off": 24808,
    "sff": "lesion"
  },
  {
    "docID": "N166 Li 2011",
    "et": "SpinalLesionSite",
    "off": 24385,
    "sff": "spinal"
  },
  {
    "docID": "N166 Li 2011",
    "et": "SpinalLesionSite",
    "off": 957,
    "sff": "spinal"
  },
  {
    "docID": "N166 Li 2011",
    "et": "SpinalLesionSite",
    "off": 10702,
    "sff": "lesion site"
  },
  {
    "docID": "N166 Li 2011",
    "et": "SpinalLesionSite",
    "off": 20848,
    "sff": "lesion"
  },
  {
    "docID": "N166 Li 2011",
    "et": "SpinalLesionSite",
    "off": 28272,
    "sff": "lesion"
  },
  {
    "docID": "N166 Li 2011",
    "et": "SpinalLesionSite",
    "off": 18879,
    "sff": "spinal"
  },
  {
    "docID": "N166 Li 2011",
    "et": "SpinalLesionSite",
    "off": 1211,
    "sff": "spinal"
  },
  {
    "docID": "N166 Li 2011",
    "et": "SpinalLesionSite",
    "off": 24507,
    "sff": "spinal"
  },
  {
    "docID": "N166 Li 2011",
    "et": "RubrospinalTract",
    "off": 26191,
    "sff": "rubrospinal"
  },
  {
    "docID": "N166 Li 2011",
    "et": "RubrospinalTract",
    "off": 26312,
    "sff": "rubrospinal"
  },
  {
    "docID": "N166 Li 2011",
    "et": "RubrospinalTract",
    "off": 26359,
    "sff": "rubrospinal"
  },
  {
    "docID": "N166 Li 2011",
    "et": "RubrospinalTract",
    "off": 4700,
    "sff": "rubrospinal"
  },
  {
    "docID": "N166 Li 2011",
    "et": "RubrospinalTract",
    "off": 4747,
    "sff": "rubrospinal"
  },
  {
    "docID": "N166 Li 2011",
    "et": "RubrospinalTract",
    "off": 4601,
    "sff": "rubrospinal"
  },
  {
    "docID": "N166 Li 2011",
    "et": "T8",
    "off": 2017,
    "sff": "T8"
  },
  {
    "docID": "N166 Li 2011",
    "et": "T8",
    "off": 1387,
    "sff": "T8"
  },
  {
    "docID": "N166 Li 2011",
    "et": "T8",
    "off": 21772,
    "sff": "T8"
  },
  {
    "docID": "N166 Li 2011",
    "et": "T8",
    "off": 12492,
    "sff": "T8"
  },
  {
    "docID": "N166 Li 2011",
    "et": "T9",
    "off": 28761,
    "sff": "T9"
  },
  {
    "docID": "N166 Li 2011",
    "et": "AnimalSpecies",
    "off": 7987,
    "sff": "Animal"
  },
  {
    "docID": "N166 Li 2011",
    "et": "AnimalSpecies",
    "off": 11111,
    "sff": "animal"
  },
  {
    "docID": "N166 Li 2011",
    "et": "AnimalSpecies",
    "off": 20655,
    "sff": "animal"
  },
  {
    "docID": "N166 Li 2011",
    "et": "AnimalSpecies",
    "off": 817,
    "sff": "animal"
  },
  {
    "docID": "N166 Li 2011",
    "et": "AnimalSpecies",
    "off": 10833,
    "sff": "animal"
  },
  {
    "docID": "N166 Li 2011",
    "et": "CompoundBiologicalRelation",
    "off": 11460,
    "sff": "Biological"
  },
  {
    "docID": "N166 Li 2011",
    "et": "Saline",
    "off": 6675,
    "sff": "saline"
  },
  {
    "docID": "N166 Li 2011",
    "et": "Saline",
    "off": 9529,
    "sff": "saline"
  },
  {
    "docID": "N166 Li 2011",
    "et": "Right",
    "off": 13221,
    "sff": "right"
  },
  {
    "docID": "N166 Li 2011",
    "et": "PBS",
    "off": 9639,
    "sff": "PBS"
  },
  {
    "docID": "N166 Li 2011",
    "et": "PBS",
    "off": 11976,
    "sff": "PBS"
  },
  {
    "docID": "N166 Li 2011",
    "et": "PBS",
    "off": 12182,
    "sff": "PBS"
  },
  {
    "docID": "N166 Li 2011",
    "et": "PBS",
    "off": 12035,
    "sff": "PBS"
  },
  {
    "docID": "N166 Li 2011",
    "et": "SpinalCord",
    "off": 23563,
    "sff": "spinal cord"
  },
  {
    "docID": "N166 Li 2011",
    "et": "SpinalCord",
    "off": 887,
    "sff": "spinal"
  },
  {
    "docID": "N166 Li 2011",
    "et": "SpinalCord",
    "off": 1543,
    "sff": "spinal cord"
  },
  {
    "docID": "N166 Li 2011",
    "et": "SpinalCord",
    "off": 18823,
    "sff": "spinal cord"
  },
  {
    "docID": "N166 Li 2011",
    "et": "SpinalCord",
    "off": 25864,
    "sff": "spinal cord"
  },
  {
    "docID": "N166 Li 2011",
    "et": "SpinalCord",
    "off": 25590,
    "sff": "spinal"
  },
  {
    "docID": "N166 Li 2011",
    "et": "SpinalCord",
    "off": 24385,
    "sff": "spinal cord"
  },
  {
    "docID": "N166 Li 2011",
    "et": "SpinalCord",
    "off": 18879,
    "sff": "spinal cord"
  },
  {
    "docID": "N166 Li 2011",
    "et": "SpinalCord",
    "off": 957,
    "sff": "spinal cord"
  },
  {
    "docID": "N166 Li 2011",
    "et": "SpinalCord",
    "off": 30077,
    "sff": "spinal cord"
  },
  {
    "docID": "N166 Li 2011",
    "et": "SpinalCord",
    "off": 30299,
    "sff": "spinal cord"
  },
  {
    "docID": "N166 Li 2011",
    "et": "SpinalCord",
    "off": 5015,
    "sff": "spinal cord"
  },
  {
    "docID": "N166 Li 2011",
    "et": "SpinalCord",
    "off": 6039,
    "sff": "spinal cord"
  },
  {
    "docID": "N166 Li 2011",
    "et": "SpinalCord",
    "off": 9703,
    "sff": "spinal"
  },
  {
    "docID": "N166 Li 2011",
    "et": "SpinalCord",
    "off": 24279,
    "sff": "spinal cord"
  },
  {
    "docID": "N166 Li 2011",
    "et": "SpinalCord",
    "off": 2584,
    "sff": "spinal cord"
  },
  {
    "docID": "N166 Li 2011",
    "et": "SpinalCord",
    "off": 16216,
    "sff": "spinal cord"
  },
  {
    "docID": "N166 Li 2011",
    "et": "SpinalCord",
    "off": 15829,
    "sff": "spinal cord"
  },
  {
    "docID": "N166 Li 2011",
    "et": "SpinalCord",
    "off": 26133,
    "sff": "spinal cord"
  },
  {
    "docID": "N166 Li 2011",
    "et": "SpinalCord",
    "off": 1068,
    "sff": "spinal cord"
  },
  {
    "docID": "N166 Li 2011",
    "et": "SpinalCord",
    "off": 3540,
    "sff": "spinal"
  },
  {
    "docID": "N166 Li 2011",
    "et": "SpinalCord",
    "off": 13716,
    "sff": "spinal"
  },
  {
    "docID": "N166 Li 2011",
    "et": "SpinalCord",
    "off": 17708,
    "sff": "spinal cord"
  },
  {
    "docID": "N166 Li 2011",
    "et": "SpinalCord",
    "off": 27500,
    "sff": "spinal cord"
  },
  {
    "docID": "N166 Li 2011",
    "et": "SpinalCord",
    "off": 3498,
    "sff": "spinal cord"
  },
  {
    "docID": "N166 Li 2011",
    "et": "SpinalCord",
    "off": 29482,
    "sff": "spinal cord"
  },
  {
    "docID": "N166 Li 2011",
    "et": "SpinalCord",
    "off": 12070,
    "sff": "spinal cord"
  },
  {
    "docID": "N166 Li 2011",
    "et": "SpinalCord",
    "off": 97,
    "sff": "spinal cord"
  },
  {
    "docID": "N166 Li 2011",
    "et": "SpinalCord",
    "off": 8223,
    "sff": "spinal"
  },
  {
    "docID": "N166 Li 2011",
    "et": "SpinalCord",
    "off": 797,
    "sff": "spinal cord"
  },
  {
    "docID": "N166 Li 2011",
    "et": "SpinalCord",
    "off": 1211,
    "sff": "spinal cord"
  },
  {
    "docID": "N166 Li 2011",
    "et": "SpinalCord",
    "off": 2427,
    "sff": "spinal cord"
  },
  {
    "docID": "N166 Li 2011",
    "et": "SpinalCord",
    "off": 5627,
    "sff": "spinal cord"
  },
  {
    "docID": "N166 Li 2011",
    "et": "SpinalCord",
    "off": 24507,
    "sff": "spinal cord"
  },
  {
    "docID": "N166 Li 2011",
    "et": "SpinalCord",
    "off": 8706,
    "sff": "spinal"
  },
  {
    "docID": "N166 Li 2011",
    "et": "SpinalCord",
    "off": 25207,
    "sff": "spinal cord"
  },
  {
    "docID": "N166 Li 2011",
    "et": "SpinalCord",
    "off": 23672,
    "sff": "spinal cord"
  },
  {
    "docID": "N166 Li 2011",
    "et": "SpinalCord",
    "off": 30005,
    "sff": "spinal cord"
  },
  {
    "docID": "N166 Li 2011",
    "et": "SpinalCord",
    "off": 11151,
    "sff": "spinal"
  },
  {
    "docID": "N166 Li 2011",
    "et": "SpinalCord",
    "off": 18928,
    "sff": "spinal cord"
  },
  {
    "docID": "N166 Li 2011",
    "et": "SpinalCord",
    "off": 20912,
    "sff": "spinal cord"
  },
  {
    "docID": "N166 Li 2011",
    "et": "SpinalCord",
    "off": 23853,
    "sff": "spinal cord"
  },
  {
    "docID": "N166 Li 2011",
    "et": "SpinalCord",
    "off": 26541,
    "sff": "spinal cord"
  },
  {
    "docID": "N166 Li 2011",
    "et": "SpinalCord",
    "off": 4270,
    "sff": "spinal cord"
  },
  {
    "docID": "N166 Li 2011",
    "et": "SpinalCord",
    "off": 23470,
    "sff": "spinal cord"
  },
  {
    "docID": "N166 Li 2011",
    "et": "SpinalCord",
    "off": 25710,
    "sff": "spinal cord"
  },
  {
    "docID": "N166 Li 2011",
    "et": "LesionAdjacentTissue",
    "off": 1674,
    "sff": "lesion"
  },
  {
    "docID": "N166 Li 2011",
    "et": "LesionAdjacentTissue",
    "off": 17738,
    "sff": "lesion"
  },
  {
    "docID": "N166 Li 2011",
    "et": "LesionAdjacentTissue",
    "off": 10702,
    "sff": "lesion"
  },
  {
    "docID": "N166 Li 2011",
    "et": "LesionAdjacentTissue",
    "off": 18574,
    "sff": "lesion"
  },
  {
    "docID": "N166 Li 2011",
    "et": "LesionAdjacentTissue",
    "off": 17946,
    "sff": "lesion"
  },
  {
    "docID": "N166 Li 2011",
    "et": "LesionAdjacentTissue",
    "off": 3483,
    "sff": "lesion"
  },
  {
    "docID": "N166 Li 2011",
    "et": "LesionAdjacentTissue",
    "off": 24927,
    "sff": "lesion"
  },
  {
    "docID": "N166 Li 2011",
    "et": "LesionAdjacentTissue",
    "off": 24869,
    "sff": "lesion"
  },
  {
    "docID": "N166 Li 2011",
    "et": "LesionAdjacentTissue",
    "off": 24808,
    "sff": "lesion"
  },
  {
    "docID": "N166 Li 2011",
    "et": "LesionAdjacentTissue",
    "off": 30509,
    "sff": "lesion"
  },
  {
    "docID": "N166 Li 2011",
    "et": "LesionAdjacentTissue",
    "off": 1706,
    "sff": "lesion"
  },
  {
    "docID": "N166 Li 2011",
    "et": "LesionAdjacentTissue",
    "off": 12232,
    "sff": "adjacent"
  },
  {
    "docID": "N166 Li 2011",
    "et": "LesionAdjacentTissue",
    "off": 20848,
    "sff": "lesion"
  },
  {
    "docID": "N166 Li 2011",
    "et": "LesionAdjacentTissue",
    "off": 28272,
    "sff": "lesion"
  },
  {
    "docID": "N166 Li 2011",
    "et": "LesionAdjacentTissue",
    "off": 30260,
    "sff": "lesion"
  },
  {
    "docID": "N166 Li 2011",
    "et": "LesionAdjacentTissue",
    "off": 25079,
    "sff": "lesion"
  },
  {
    "docID": "N166 Li 2011",
    "et": "LesionAdjacentTissue",
    "off": 1980,
    "sff": "lesion"
  },
  {
    "docID": "N166 Li 2011",
    "et": "LesionAdjacentTissue",
    "off": 18109,
    "sff": "lesion"
  },
  {
    "docID": "N166 Li 2011",
    "et": "LesionAdjacentTissue",
    "off": 24701,
    "sff": "lesion"
  },
  {
    "docID": "N166 Li 2011",
    "et": "LesionAdjacentTissue",
    "off": 3578,
    "sff": "lesion"
  },
  {
    "docID": "N166 Li 2011",
    "et": "LesionAdjacentTissue",
    "off": 24955,
    "sff": "lesion"
  },
  {
    "docID": "N166 Li 2011",
    "et": "LesionAdjacentTissue",
    "off": 14400,
    "sff": "lesion"
  },
  {
    "docID": "N166 Li 2011",
    "et": "LesionAdjacentTissue",
    "off": 8897,
    "sff": "lesion"
  },
  {
    "docID": "N166 Li 2011",
    "et": "LesionAdjacentTissue",
    "off": 30401,
    "sff": "lesion"
  },
  {
    "docID": "N166 Li 2011",
    "et": "LesionAdjacentTissue",
    "off": 17988,
    "sff": "lesion"
  },
  {
    "docID": "N166 Li 2011",
    "et": "LesionAdjacentTissue",
    "off": 23940,
    "sff": "lesion"
  },
  {
    "docID": "N166 Li 2011",
    "et": "LesionAdjacentTissue",
    "off": 25480,
    "sff": "lesion"
  },
  {
    "docID": "N166 Li 2011",
    "et": "CentralNervousSystem",
    "off": 2649,
    "sff": "nervous"
  },
  {
    "docID": "N166 Li 2011",
    "et": "CentralNervousSystem",
    "off": 19032,
    "sff": "central"
  },
  {
    "docID": "N166 Li 2011",
    "et": "CentralNervousSystem",
    "off": 2649,
    "sff": "nervous system"
  },
  {
    "docID": "N166 Li 2011",
    "et": "CentralNervousSystem",
    "off": 4226,
    "sff": "central"
  },
  {
    "docID": "N166 Li 2011",
    "et": "CentralNervousSystem",
    "off": 2697,
    "sff": "central nervous"
  },
  {
    "docID": "N166 Li 2011",
    "et": "CentralNervousSystem",
    "off": 2697,
    "sff": "central nervous system"
  },
  {
    "docID": "N166 Li 2011",
    "et": "RocheMexico",
    "off": 6499,
    "sff": "Roche"
  },
  {
    "docID": "N166 Li 2011",
    "et": "RocheMexico",
    "off": 6561,
    "sff": "Roche"
  },
  {
    "docID": "N166 Li 2011",
    "et": "Matrix",
    "off": 3313,
    "sff": "matrix"
  },
  {
    "docID": "N166 Li 2011",
    "et": "SpinalCentralPart",
    "off": 2427,
    "sff": "spinal"
  },
  {
    "docID": "N166 Li 2011",
    "et": "SpinalCentralPart",
    "off": 5627,
    "sff": "spinal"
  },
  {
    "docID": "N166 Li 2011",
    "et": "SpinalCentralPart",
    "off": 30077,
    "sff": "spinal"
  },
  {
    "docID": "N166 Li 2011",
    "et": "SpinalCentralPart",
    "off": 19032,
    "sff": "central"
  },
  {
    "docID": "N166 Li 2011",
    "et": "SpinalCentralPart",
    "off": 23672,
    "sff": "spinal"
  },
  {
    "docID": "N166 Li 2011",
    "et": "SpinalCentralPart",
    "off": 887,
    "sff": "spinal"
  },
  {
    "docID": "N166 Li 2011",
    "et": "SpinalCentralPart",
    "off": 25207,
    "sff": "spinal"
  },
  {
    "docID": "N166 Li 2011",
    "et": "SpinalCentralPart",
    "off": 25590,
    "sff": "spinal"
  },
  {
    "docID": "N166 Li 2011",
    "et": "SpinalCentralPart",
    "off": 23563,
    "sff": "spinal"
  },
  {
    "docID": "N166 Li 2011",
    "et": "SpinalCentralPart",
    "off": 11151,
    "sff": "spinal"
  },
  {
    "docID": "N166 Li 2011",
    "et": "SpinalCentralPart",
    "off": 8706,
    "sff": "spinal"
  },
  {
    "docID": "N166 Li 2011",
    "et": "SpinalCentralPart",
    "off": 25864,
    "sff": "spinal"
  },
  {
    "docID": "N166 Li 2011",
    "et": "SpinalCentralPart",
    "off": 1543,
    "sff": "spinal"
  },
  {
    "docID": "N166 Li 2011",
    "et": "SpinalCentralPart",
    "off": 18823,
    "sff": "spinal"
  },
  {
    "docID": "N166 Li 2011",
    "et": "SpinalCentralPart",
    "off": 8223,
    "sff": "spinal"
  },
  {
    "docID": "N166 Li 2011",
    "et": "SpinalCentralPart",
    "off": 797,
    "sff": "spinal"
  },
  {
    "docID": "N166 Li 2011",
    "et": "SpinalCentralPart",
    "off": 13716,
    "sff": "spinal"
  },
  {
    "docID": "N166 Li 2011",
    "et": "SpinalCentralPart",
    "off": 2584,
    "sff": "spinal"
  },
  {
    "docID": "N166 Li 2011",
    "et": "SpinalCentralPart",
    "off": 5015,
    "sff": "spinal"
  },
  {
    "docID": "N166 Li 2011",
    "et": "SpinalCentralPart",
    "off": 6039,
    "sff": "spinal"
  },
  {
    "docID": "N166 Li 2011",
    "et": "SpinalCentralPart",
    "off": 26133,
    "sff": "spinal"
  },
  {
    "docID": "N166 Li 2011",
    "et": "SpinalCentralPart",
    "off": 1068,
    "sff": "spinal"
  },
  {
    "docID": "N166 Li 2011",
    "et": "SpinalCentralPart",
    "off": 17708,
    "sff": "spinal"
  },
  {
    "docID": "N166 Li 2011",
    "et": "SpinalCentralPart",
    "off": 3498,
    "sff": "spinal"
  },
  {
    "docID": "N166 Li 2011",
    "et": "SpinalCentralPart",
    "off": 29482,
    "sff": "spinal"
  },
  {
    "docID": "N166 Li 2011",
    "et": "SpinalCentralPart",
    "off": 20912,
    "sff": "spinal"
  },
  {
    "docID": "N166 Li 2011",
    "et": "SpinalCentralPart",
    "off": 4270,
    "sff": "spinal"
  },
  {
    "docID": "N166 Li 2011",
    "et": "SpinalCentralPart",
    "off": 23470,
    "sff": "spinal"
  },
  {
    "docID": "N166 Li 2011",
    "et": "SpinalCentralPart",
    "off": 23853,
    "sff": "spinal"
  },
  {
    "docID": "N166 Li 2011",
    "et": "SpinalCentralPart",
    "off": 26541,
    "sff": "spinal"
  },
  {
    "docID": "N166 Li 2011",
    "et": "SpinalCentralPart",
    "off": 12070,
    "sff": "spinal"
  },
  {
    "docID": "N166 Li 2011",
    "et": "SpinalCentralPart",
    "off": 1211,
    "sff": "spinal"
  },
  {
    "docID": "N166 Li 2011",
    "et": "SpinalCentralPart",
    "off": 24507,
    "sff": "spinal"
  },
  {
    "docID": "N166 Li 2011",
    "et": "SpinalCentralPart",
    "off": 2697,
    "sff": "central"
  },
  {
    "docID": "N166 Li 2011",
    "et": "SpinalCentralPart",
    "off": 18879,
    "sff": "spinal"
  },
  {
    "docID": "N166 Li 2011",
    "et": "SpinalCentralPart",
    "off": 957,
    "sff": "spinal"
  },
  {
    "docID": "N166 Li 2011",
    "et": "SpinalCentralPart",
    "off": 30005,
    "sff": "spinal"
  },
  {
    "docID": "N166 Li 2011",
    "et": "SpinalCentralPart",
    "off": 24385,
    "sff": "spinal"
  },
  {
    "docID": "N166 Li 2011",
    "et": "SpinalCentralPart",
    "off": 30299,
    "sff": "spinal"
  },
  {
    "docID": "N166 Li 2011",
    "et": "SpinalCentralPart",
    "off": 3540,
    "sff": "spinal"
  },
  {
    "docID": "N166 Li 2011",
    "et": "SpinalCentralPart",
    "off": 16216,
    "sff": "spinal"
  },
  {
    "docID": "N166 Li 2011",
    "et": "SpinalCentralPart",
    "off": 24279,
    "sff": "spinal"
  },
  {
    "docID": "N166 Li 2011",
    "et": "SpinalCentralPart",
    "off": 15829,
    "sff": "spinal"
  },
  {
    "docID": "N166 Li 2011",
    "et": "SpinalCentralPart",
    "off": 27500,
    "sff": "spinal"
  },
  {
    "docID": "N166 Li 2011",
    "et": "SpinalCentralPart",
    "off": 18928,
    "sff": "spinal"
  },
  {
    "docID": "N166 Li 2011",
    "et": "SpinalCentralPart",
    "off": 25710,
    "sff": "spinal"
  },
  {
    "docID": "N166 Li 2011",
    "et": "SpinalCentralPart",
    "off": 97,
    "sff": "spinal"
  },
  {
    "docID": "N166 Li 2011",
    "et": "SpinalCentralPart",
    "off": 4226,
    "sff": "central"
  },
  {
    "docID": "N166 Li 2011",
    "et": "SpinalCentralPart",
    "off": 9703,
    "sff": "spinal"
  },
  {
    "docID": "N166 Li 2011",
    "et": "AnatomicalLocation",
    "off": 5809,
    "sff": "anatomical"
  },
  {
    "docID": "N166 Li 2011",
    "et": "AnatomicalLocation",
    "off": 27221,
    "sff": "anatomical"
  },
  {
    "docID": "N166 Li 2011",
    "et": "AnatomicalLocation",
    "off": 731,
    "sff": "anatomical"
  },
  {
    "docID": "N166 Li 2011",
    "et": "AnatomicalLocation",
    "off": 28456,
    "sff": "anatomical"
  },
  {
    "docID": "N166 Li 2011",
    "et": "AscendingFiberTract",
    "off": 15937,
    "sff": "fiber"
  },
  {
    "docID": "N166 Li 2011",
    "et": "AscendingFiberTract",
    "off": 5568,
    "sff": "fiber"
  },
  {
    "docID": "N166 Li 2011",
    "et": "AscendingFiberTract",
    "off": 26166,
    "sff": "ascending"
  },
  {
    "docID": "N166 Li 2011",
    "et": "AscendingFiberTract",
    "off": 4499,
    "sff": "ascending"
  },
  {
    "docID": "N166 Li 2011",
    "et": "AscendingFiberTract",
    "off": 6221,
    "sff": "fiber"
  },
  {
    "docID": "N166 Li 2011",
    "et": "SpinalWhiteMatter",
    "off": 30005,
    "sff": "spinal"
  },
  {
    "docID": "N166 Li 2011",
    "et": "SpinalWhiteMatter",
    "off": 25641,
    "sff": "white"
  },
  {
    "docID": "N166 Li 2011",
    "et": "SpinalWhiteMatter",
    "off": 6403,
    "sff": "white matter"
  },
  {
    "docID": "N166 Li 2011",
    "et": "SpinalWhiteMatter",
    "off": 957,
    "sff": "spinal"
  },
  {
    "docID": "N166 Li 2011",
    "et": "SpinalWhiteMatter",
    "off": 24385,
    "sff": "spinal"
  },
  {
    "docID": "N166 Li 2011",
    "et": "SpinalWhiteMatter",
    "off": 1211,
    "sff": "spinal"
  },
  {
    "docID": "N166 Li 2011",
    "et": "SpinalWhiteMatter",
    "off": 24507,
    "sff": "spinal"
  },
  {
    "docID": "N166 Li 2011",
    "et": "SpinalWhiteMatter",
    "off": 18879,
    "sff": "spinal"
  },
  {
    "docID": "N166 Li 2011",
    "et": "SpinalWhiteMatter",
    "off": 24279,
    "sff": "spinal"
  },
  {
    "docID": "N166 Li 2011",
    "et": "SpinalWhiteMatter",
    "off": 15829,
    "sff": "spinal"
  },
  {
    "docID": "N166 Li 2011",
    "et": "SpinalWhiteMatter",
    "off": 3540,
    "sff": "spinal"
  },
  {
    "docID": "N166 Li 2011",
    "et": "SpinalWhiteMatter",
    "off": 16216,
    "sff": "spinal"
  },
  {
    "docID": "N166 Li 2011",
    "et": "SpinalWhiteMatter",
    "off": 30299,
    "sff": "spinal"
  },
  {
    "docID": "N166 Li 2011",
    "et": "SpinalWhiteMatter",
    "off": 97,
    "sff": "spinal"
  },
  {
    "docID": "N166 Li 2011",
    "et": "SpinalWhiteMatter",
    "off": 9703,
    "sff": "spinal"
  },
  {
    "docID": "N166 Li 2011",
    "et": "SpinalWhiteMatter",
    "off": 6403,
    "sff": "white"
  },
  {
    "docID": "N166 Li 2011",
    "et": "SpinalWhiteMatter",
    "off": 27500,
    "sff": "spinal"
  },
  {
    "docID": "N166 Li 2011",
    "et": "SpinalWhiteMatter",
    "off": 18928,
    "sff": "spinal"
  },
  {
    "docID": "N166 Li 2011",
    "et": "SpinalWhiteMatter",
    "off": 25710,
    "sff": "spinal"
  },
  {
    "docID": "N166 Li 2011",
    "et": "SpinalWhiteMatter",
    "off": 25207,
    "sff": "spinal"
  },
  {
    "docID": "N166 Li 2011",
    "et": "SpinalWhiteMatter",
    "off": 23672,
    "sff": "spinal"
  },
  {
    "docID": "N166 Li 2011",
    "et": "SpinalWhiteMatter",
    "off": 887,
    "sff": "spinal"
  },
  {
    "docID": "N166 Li 2011",
    "et": "SpinalWhiteMatter",
    "off": 25590,
    "sff": "spinal"
  },
  {
    "docID": "N166 Li 2011",
    "et": "SpinalWhiteMatter",
    "off": 2427,
    "sff": "spinal"
  },
  {
    "docID": "N166 Li 2011",
    "et": "SpinalWhiteMatter",
    "off": 5627,
    "sff": "spinal"
  },
  {
    "docID": "N166 Li 2011",
    "et": "SpinalWhiteMatter",
    "off": 8706,
    "sff": "spinal"
  },
  {
    "docID": "N166 Li 2011",
    "et": "SpinalWhiteMatter",
    "off": 30077,
    "sff": "spinal"
  },
  {
    "docID": "N166 Li 2011",
    "et": "SpinalWhiteMatter",
    "off": 25864,
    "sff": "spinal"
  },
  {
    "docID": "N166 Li 2011",
    "et": "SpinalWhiteMatter",
    "off": 25641,
    "sff": "white matter"
  },
  {
    "docID": "N166 Li 2011",
    "et": "SpinalWhiteMatter",
    "off": 1543,
    "sff": "spinal"
  },
  {
    "docID": "N166 Li 2011",
    "et": "SpinalWhiteMatter",
    "off": 18823,
    "sff": "spinal"
  },
  {
    "docID": "N166 Li 2011",
    "et": "SpinalWhiteMatter",
    "off": 23563,
    "sff": "spinal"
  },
  {
    "docID": "N166 Li 2011",
    "et": "SpinalWhiteMatter",
    "off": 11151,
    "sff": "spinal"
  },
  {
    "docID": "N166 Li 2011",
    "et": "SpinalWhiteMatter",
    "off": 13716,
    "sff": "spinal"
  },
  {
    "docID": "N166 Li 2011",
    "et": "SpinalWhiteMatter",
    "off": 2584,
    "sff": "spinal"
  },
  {
    "docID": "N166 Li 2011",
    "et": "SpinalWhiteMatter",
    "off": 26133,
    "sff": "spinal"
  },
  {
    "docID": "N166 Li 2011",
    "et": "SpinalWhiteMatter",
    "off": 5015,
    "sff": "spinal"
  },
  {
    "docID": "N166 Li 2011",
    "et": "SpinalWhiteMatter",
    "off": 6039,
    "sff": "spinal"
  },
  {
    "docID": "N166 Li 2011",
    "et": "SpinalWhiteMatter",
    "off": 797,
    "sff": "spinal"
  },
  {
    "docID": "N166 Li 2011",
    "et": "SpinalWhiteMatter",
    "off": 16723,
    "sff": "white"
  },
  {
    "docID": "N166 Li 2011",
    "et": "SpinalWhiteMatter",
    "off": 8223,
    "sff": "spinal"
  },
  {
    "docID": "N166 Li 2011",
    "et": "SpinalWhiteMatter",
    "off": 12070,
    "sff": "spinal"
  },
  {
    "docID": "N166 Li 2011",
    "et": "SpinalWhiteMatter",
    "off": 29482,
    "sff": "spinal"
  },
  {
    "docID": "N166 Li 2011",
    "et": "SpinalWhiteMatter",
    "off": 3498,
    "sff": "spinal"
  },
  {
    "docID": "N166 Li 2011",
    "et": "SpinalWhiteMatter",
    "off": 4270,
    "sff": "spinal"
  },
  {
    "docID": "N166 Li 2011",
    "et": "SpinalWhiteMatter",
    "off": 20912,
    "sff": "spinal"
  },
  {
    "docID": "N166 Li 2011",
    "et": "SpinalWhiteMatter",
    "off": 1068,
    "sff": "spinal"
  },
  {
    "docID": "N166 Li 2011",
    "et": "SpinalWhiteMatter",
    "off": 17708,
    "sff": "spinal"
  },
  {
    "docID": "N166 Li 2011",
    "et": "SpinalWhiteMatter",
    "off": 23853,
    "sff": "spinal"
  },
  {
    "docID": "N166 Li 2011",
    "et": "SpinalWhiteMatter",
    "off": 26541,
    "sff": "spinal"
  },
  {
    "docID": "N166 Li 2011",
    "et": "SpinalWhiteMatter",
    "off": 23470,
    "sff": "spinal"
  },
  {
    "docID": "N166 Li 2011",
    "et": "MacrophageCell",
    "off": 18136,
    "sff": "macrophage"
  },
  {
    "docID": "N166 Li 2011",
    "et": "MacrophageCell",
    "off": 23619,
    "sff": "macrophage"
  },
  {
    "docID": "N166 Li 2011",
    "et": "Antibody",
    "off": 7611,
    "sff": "Antibody"
  },
  {
    "docID": "N166 Li 2011",
    "et": "UmbilicalCordBloodStemCell",
    "off": 1218,
    "sff": "cord"
  },
  {
    "docID": "N166 Li 2011",
    "et": "UmbilicalCordBloodStemCell",
    "off": 24514,
    "sff": "cord"
  },
  {
    "docID": "N166 Li 2011",
    "et": "UmbilicalCordBloodStemCell",
    "off": 964,
    "sff": "cord"
  },
  {
    "docID": "N166 Li 2011",
    "et": "UmbilicalCordBloodStemCell",
    "off": 28484,
    "sff": "cord"
  },
  {
    "docID": "N166 Li 2011",
    "et": "UmbilicalCordBloodStemCell",
    "off": 18886,
    "sff": "cord"
  },
  {
    "docID": "N166 Li 2011",
    "et": "UmbilicalCordBloodStemCell",
    "off": 24392,
    "sff": "cord"
  },
  {
    "docID": "N166 Li 2011",
    "et": "UmbilicalCordBloodStemCell",
    "off": 16827,
    "sff": "cord"
  },
  {
    "docID": "N166 Li 2011",
    "et": "UmbilicalCordBloodStemCell",
    "off": 30012,
    "sff": "cord"
  },
  {
    "docID": "N166 Li 2011",
    "et": "UmbilicalCordBloodStemCell",
    "off": 14930,
    "sff": "cord"
  },
  {
    "docID": "N166 Li 2011",
    "et": "UmbilicalCordBloodStemCell",
    "off": 15447,
    "sff": "cord"
  },
  {
    "docID": "N166 Li 2011",
    "et": "UmbilicalCordBloodStemCell",
    "off": 23767,
    "sff": "cord"
  },
  {
    "docID": "N166 Li 2011",
    "et": "UmbilicalCordBloodStemCell",
    "off": 27980,
    "sff": "cord"
  },
  {
    "docID": "N166 Li 2011",
    "et": "UmbilicalCordBloodStemCell",
    "off": 30306,
    "sff": "cord"
  },
  {
    "docID": "N166 Li 2011",
    "et": "UmbilicalCordBloodStemCell",
    "off": 104,
    "sff": "cord"
  },
  {
    "docID": "N166 Li 2011",
    "et": "UmbilicalCordBloodStemCell",
    "off": 15836,
    "sff": "cord"
  },
  {
    "docID": "N166 Li 2011",
    "et": "UmbilicalCordBloodStemCell",
    "off": 16223,
    "sff": "cord"
  },
  {
    "docID": "N166 Li 2011",
    "et": "UmbilicalCordBloodStemCell",
    "off": 24286,
    "sff": "cord"
  },
  {
    "docID": "N166 Li 2011",
    "et": "UmbilicalCordBloodStemCell",
    "off": 27507,
    "sff": "cord"
  },
  {
    "docID": "N166 Li 2011",
    "et": "UmbilicalCordBloodStemCell",
    "off": 25717,
    "sff": "cord"
  },
  {
    "docID": "N166 Li 2011",
    "et": "UmbilicalCordBloodStemCell",
    "off": 18935,
    "sff": "cord"
  },
  {
    "docID": "N166 Li 2011",
    "et": "UmbilicalCordBloodStemCell",
    "off": 5870,
    "sff": "cord"
  },
  {
    "docID": "N166 Li 2011",
    "et": "UmbilicalCordBloodStemCell",
    "off": 2434,
    "sff": "cord"
  },
  {
    "docID": "N166 Li 2011",
    "et": "UmbilicalCordBloodStemCell",
    "off": 5634,
    "sff": "cord"
  },
  {
    "docID": "N166 Li 2011",
    "et": "UmbilicalCordBloodStemCell",
    "off": 30084,
    "sff": "cord"
  },
  {
    "docID": "N166 Li 2011",
    "et": "UmbilicalCordBloodStemCell",
    "off": 23679,
    "sff": "cord"
  },
  {
    "docID": "N166 Li 2011",
    "et": "UmbilicalCordBloodStemCell",
    "off": 25214,
    "sff": "cord"
  },
  {
    "docID": "N166 Li 2011",
    "et": "UmbilicalCordBloodStemCell",
    "off": 23570,
    "sff": "cord"
  },
  {
    "docID": "N166 Li 2011",
    "et": "UmbilicalCordBloodStemCell",
    "off": 1049,
    "sff": "cord"
  },
  {
    "docID": "N166 Li 2011",
    "et": "UmbilicalCordBloodStemCell",
    "off": 16650,
    "sff": "cord"
  },
  {
    "docID": "N166 Li 2011",
    "et": "UmbilicalCordBloodStemCell",
    "off": 28810,
    "sff": "cord"
  },
  {
    "docID": "N166 Li 2011",
    "et": "UmbilicalCordBloodStemCell",
    "off": 1550,
    "sff": "cord"
  },
  {
    "docID": "N166 Li 2011",
    "et": "UmbilicalCordBloodStemCell",
    "off": 25871,
    "sff": "cord"
  },
  {
    "docID": "N166 Li 2011",
    "et": "UmbilicalCordBloodStemCell",
    "off": 8335,
    "sff": "cord"
  },
  {
    "docID": "N166 Li 2011",
    "et": "UmbilicalCordBloodStemCell",
    "off": 8847,
    "sff": "cord"
  },
  {
    "docID": "N166 Li 2011",
    "et": "UmbilicalCordBloodStemCell",
    "off": 18830,
    "sff": "cord"
  },
  {
    "docID": "N166 Li 2011",
    "et": "UmbilicalCordBloodStemCell",
    "off": 804,
    "sff": "cord"
  },
  {
    "docID": "N166 Li 2011",
    "et": "UmbilicalCordBloodStemCell",
    "off": 19354,
    "sff": "cord"
  },
  {
    "docID": "N166 Li 2011",
    "et": "UmbilicalCordBloodStemCell",
    "off": 15261,
    "sff": "cord"
  },
  {
    "docID": "N166 Li 2011",
    "et": "UmbilicalCordBloodStemCell",
    "off": 26140,
    "sff": "cord"
  },
  {
    "docID": "N166 Li 2011",
    "et": "UmbilicalCordBloodStemCell",
    "off": 5022,
    "sff": "cord"
  },
  {
    "docID": "N166 Li 2011",
    "et": "UmbilicalCordBloodStemCell",
    "off": 6046,
    "sff": "cord"
  },
  {
    "docID": "N166 Li 2011",
    "et": "UmbilicalCordBloodStemCell",
    "off": 2591,
    "sff": "cord"
  },
  {
    "docID": "N166 Li 2011",
    "et": "UmbilicalCordBloodStemCell",
    "off": 19230,
    "sff": "cord"
  },
  {
    "docID": "N166 Li 2011",
    "et": "UmbilicalCordBloodStemCell",
    "off": 21790,
    "sff": "cord"
  },
  {
    "docID": "N166 Li 2011",
    "et": "UmbilicalCordBloodStemCell",
    "off": 17715,
    "sff": "cord"
  },
  {
    "docID": "N166 Li 2011",
    "et": "UmbilicalCordBloodStemCell",
    "off": 1075,
    "sff": "cord"
  },
  {
    "docID": "N166 Li 2011",
    "et": "UmbilicalCordBloodStemCell",
    "off": 23477,
    "sff": "cord"
  },
  {
    "docID": "N166 Li 2011",
    "et": "UmbilicalCordBloodStemCell",
    "off": 4277,
    "sff": "cord"
  },
  {
    "docID": "N166 Li 2011",
    "et": "UmbilicalCordBloodStemCell",
    "off": 19380,
    "sff": "cord"
  },
  {
    "docID": "N166 Li 2011",
    "et": "UmbilicalCordBloodStemCell",
    "off": 23860,
    "sff": "cord"
  },
  {
    "docID": "N166 Li 2011",
    "et": "UmbilicalCordBloodStemCell",
    "off": 26548,
    "sff": "cord"
  },
  {
    "docID": "N166 Li 2011",
    "et": "UmbilicalCordBloodStemCell",
    "off": 20919,
    "sff": "cord"
  },
  {
    "docID": "N166 Li 2011",
    "et": "UmbilicalCordBloodStemCell",
    "off": 23735,
    "sff": "cord"
  },
  {
    "docID": "N166 Li 2011",
    "et": "UmbilicalCordBloodStemCell",
    "off": 14262,
    "sff": "cord"
  },
  {
    "docID": "N166 Li 2011",
    "et": "UmbilicalCordBloodStemCell",
    "off": 27705,
    "sff": "cord"
  },
  {
    "docID": "N166 Li 2011",
    "et": "UmbilicalCordBloodStemCell",
    "off": 26680,
    "sff": "cord"
  },
  {
    "docID": "N166 Li 2011",
    "et": "UmbilicalCordBloodStemCell",
    "off": 12077,
    "sff": "cord"
  },
  {
    "docID": "N166 Li 2011",
    "et": "UmbilicalCordBloodStemCell",
    "off": 29489,
    "sff": "cord"
  },
  {
    "docID": "N166 Li 2011",
    "et": "UmbilicalCordBloodStemCell",
    "off": 3505,
    "sff": "cord"
  },
  {
    "docID": "N166 Li 2011",
    "et": "Protein",
    "off": 5726,
    "sff": "protein"
  },
  {
    "docID": "N166 Li 2011",
    "et": "GlialCell",
    "off": 3124,
    "sff": "glial"
  },
  {
    "docID": "N166 Li 2011",
    "et": "GlialCell",
    "off": 4400,
    "sff": "glial cell"
  },
  {
    "docID": "N166 Li 2011",
    "et": "SpinalGrayMatter",
    "off": 30299,
    "sff": "spinal"
  },
  {
    "docID": "N166 Li 2011",
    "et": "SpinalGrayMatter",
    "off": 797,
    "sff": "spinal"
  },
  {
    "docID": "N166 Li 2011",
    "et": "SpinalGrayMatter",
    "off": 5015,
    "sff": "spinal"
  },
  {
    "docID": "N166 Li 2011",
    "et": "SpinalGrayMatter",
    "off": 6039,
    "sff": "spinal"
  },
  {
    "docID": "N166 Li 2011",
    "et": "SpinalGrayMatter",
    "off": 16216,
    "sff": "spinal"
  },
  {
    "docID": "N166 Li 2011",
    "et": "SpinalGrayMatter",
    "off": 2584,
    "sff": "spinal"
  },
  {
    "docID": "N166 Li 2011",
    "et": "SpinalGrayMatter",
    "off": 24279,
    "sff": "spinal"
  },
  {
    "docID": "N166 Li 2011",
    "et": "SpinalGrayMatter",
    "off": 12070,
    "sff": "spinal"
  },
  {
    "docID": "N166 Li 2011",
    "et": "SpinalGrayMatter",
    "off": 8223,
    "sff": "spinal"
  },
  {
    "docID": "N166 Li 2011",
    "et": "SpinalGrayMatter",
    "off": 97,
    "sff": "spinal"
  },
  {
    "docID": "N166 Li 2011",
    "et": "SpinalGrayMatter",
    "off": 23563,
    "sff": "spinal"
  },
  {
    "docID": "N166 Li 2011",
    "et": "SpinalGrayMatter",
    "off": 1543,
    "sff": "spinal"
  },
  {
    "docID": "N166 Li 2011",
    "et": "SpinalGrayMatter",
    "off": 25864,
    "sff": "spinal"
  },
  {
    "docID": "N166 Li 2011",
    "et": "SpinalGrayMatter",
    "off": 18823,
    "sff": "spinal"
  },
  {
    "docID": "N166 Li 2011",
    "et": "SpinalGrayMatter",
    "off": 3540,
    "sff": "spinal"
  },
  {
    "docID": "N166 Li 2011",
    "et": "SpinalGrayMatter",
    "off": 13716,
    "sff": "spinal"
  },
  {
    "docID": "N166 Li 2011",
    "et": "SpinalGrayMatter",
    "off": 15829,
    "sff": "spinal"
  },
  {
    "docID": "N166 Li 2011",
    "et": "SpinalGrayMatter",
    "off": 26133,
    "sff": "spinal"
  },
  {
    "docID": "N166 Li 2011",
    "et": "SpinalGrayMatter",
    "off": 11151,
    "sff": "spinal"
  },
  {
    "docID": "N166 Li 2011",
    "et": "SpinalGrayMatter",
    "off": 1211,
    "sff": "spinal"
  },
  {
    "docID": "N166 Li 2011",
    "et": "SpinalGrayMatter",
    "off": 2427,
    "sff": "spinal"
  },
  {
    "docID": "N166 Li 2011",
    "et": "SpinalGrayMatter",
    "off": 5627,
    "sff": "spinal"
  },
  {
    "docID": "N166 Li 2011",
    "et": "SpinalGrayMatter",
    "off": 24507,
    "sff": "spinal"
  },
  {
    "docID": "N166 Li 2011",
    "et": "SpinalGrayMatter",
    "off": 957,
    "sff": "spinal"
  },
  {
    "docID": "N166 Li 2011",
    "et": "SpinalGrayMatter",
    "off": 30077,
    "sff": "spinal"
  },
  {
    "docID": "N166 Li 2011",
    "et": "SpinalGrayMatter",
    "off": 887,
    "sff": "spinal"
  },
  {
    "docID": "N166 Li 2011",
    "et": "SpinalGrayMatter",
    "off": 23672,
    "sff": "spinal"
  },
  {
    "docID": "N166 Li 2011",
    "et": "SpinalGrayMatter",
    "off": 25207,
    "sff": "spinal"
  },
  {
    "docID": "N166 Li 2011",
    "et": "SpinalGrayMatter",
    "off": 18879,
    "sff": "spinal"
  },
  {
    "docID": "N166 Li 2011",
    "et": "SpinalGrayMatter",
    "off": 8706,
    "sff": "spinal"
  },
  {
    "docID": "N166 Li 2011",
    "et": "SpinalGrayMatter",
    "off": 24385,
    "sff": "spinal"
  },
  {
    "docID": "N166 Li 2011",
    "et": "SpinalGrayMatter",
    "off": 17708,
    "sff": "spinal"
  },
  {
    "docID": "N166 Li 2011",
    "et": "SpinalGrayMatter",
    "off": 27500,
    "sff": "spinal"
  },
  {
    "docID": "N166 Li 2011",
    "et": "SpinalGrayMatter",
    "off": 1068,
    "sff": "spinal"
  },
  {
    "docID": "N166 Li 2011",
    "et": "SpinalGrayMatter",
    "off": 23470,
    "sff": "spinal"
  },
  {
    "docID": "N166 Li 2011",
    "et": "SpinalGrayMatter",
    "off": 25710,
    "sff": "spinal"
  },
  {
    "docID": "N166 Li 2011",
    "et": "SpinalGrayMatter",
    "off": 4270,
    "sff": "spinal"
  },
  {
    "docID": "N166 Li 2011",
    "et": "SpinalGrayMatter",
    "off": 23853,
    "sff": "spinal"
  },
  {
    "docID": "N166 Li 2011",
    "et": "SpinalGrayMatter",
    "off": 26541,
    "sff": "spinal"
  },
  {
    "docID": "N166 Li 2011",
    "et": "SpinalGrayMatter",
    "off": 9703,
    "sff": "spinal"
  },
  {
    "docID": "N166 Li 2011",
    "et": "SpinalGrayMatter",
    "off": 29482,
    "sff": "spinal"
  },
  {
    "docID": "N166 Li 2011",
    "et": "SpinalGrayMatter",
    "off": 3498,
    "sff": "spinal"
  },
  {
    "docID": "N166 Li 2011",
    "et": "SpinalGrayMatter",
    "off": 16737,
    "sff": "graymatter"
  },
  {
    "docID": "N166 Li 2011",
    "et": "SpinalGrayMatter",
    "off": 25590,
    "sff": "spinal"
  },
  {
    "docID": "N166 Li 2011",
    "et": "SpinalGrayMatter",
    "off": 30005,
    "sff": "spinal"
  },
  {
    "docID": "N166 Li 2011",
    "et": "SpinalGrayMatter",
    "off": 18928,
    "sff": "spinal"
  },
  {
    "docID": "N166 Li 2011",
    "et": "SpinalGrayMatter",
    "off": 20912,
    "sff": "spinal"
  },
  {
    "docID": "N166 Li 2011",
    "et": "VimentinAntiSenseDNA",
    "off": 7356,
    "sff": "anti"
  },
  {
    "docID": "N166 Li 2011",
    "et": "RatSpecies",
    "off": 26308,
    "sff": "rat"
  },
  {
    "docID": "N166 Li 2011",
    "et": "RatSpecies",
    "off": 4696,
    "sff": "rat"
  },
  {
    "docID": "N166 Li 2011",
    "et": "RatSpecies",
    "off": 28806,
    "sff": "rat"
  },
  {
    "docID": "N166 Li 2011",
    "et": "VertebralArea",
    "off": 8169,
    "sff": "vertebral"
  },
  {
    "docID": "N166 Li 2011",
    "et": "VertebralArea",
    "off": 11296,
    "sff": "vertebral"
  },
  {
    "docID": "N166 Li 2011",
    "et": "Caudal",
    "off": 12259,
    "sff": "caudal"
  },
  {
    "docID": "N166 Li 2011",
    "et": "Caudal",
    "off": 28019,
    "sff": "caudal"
  },
  {
    "docID": "N166 Li 2011",
    "et": "Caudal",
    "off": 17974,
    "sff": "caudal"
  },
  {
    "docID": "N166 Li 2011",
    "et": "Caudal",
    "off": 8925,
    "sff": "caudal"
  },
  {
    "docID": "N166 Li 2011",
    "et": "Caudal",
    "off": 6334,
    "sff": "caudal"
  },
  {
    "docID": "N166 Li 2011",
    "et": "VertebralSegment",
    "off": 8169,
    "sff": "vertebral"
  },
  {
    "docID": "N166 Li 2011",
    "et": "VertebralSegment",
    "off": 11296,
    "sff": "vertebral"
  },
  {
    "docID": "N166 Li 2011",
    "et": "AntiCD11dAntibody",
    "off": 7356,
    "sff": "anti"
  },
  {
    "docID": "N166 Li 2011",
    "et": "CurrentApplication",
    "off": 13325,
    "sff": "current"
  },
  {
    "docID": "N166 Li 2011",
    "et": "CurrentApplication",
    "off": 29288,
    "sff": "current"
  },
  {
    "docID": "N166 Li 2011",
    "et": "L3",
    "off": 11313,
    "sff": "L3"
  },
  {
    "docID": "N166 Li 2011",
    "et": "SchwannCell",
    "off": 3204,
    "sff": "Schwann"
  },
  {
    "docID": "N166 Li 2011",
    "et": "SchwannCell",
    "off": 26996,
    "sff": "Schwann"
  },
  {
    "docID": "N166 Li 2011",
    "et": "Micropipette",
    "off": 9060,
    "sff": "micropipette"
  },
  {
    "docID": "N166 Li 2011",
    "et": "SigmaAldrich",
    "off": 12396,
    "sff": "Sigma"
  },
  {
    "docID": "N166 Li 2011",
    "et": "T10",
    "off": 8186,
    "sff": "T10"
  },
  {
    "docID": "N166 Li 2011",
    "et": "T10",
    "off": 28764,
    "sff": "T10"
  },
  {
    "docID": "N166 Li 2011",
    "et": "T10",
    "off": 943,
    "sff": "T10"
  },
  {
    "docID": "N166 Li 2011",
    "et": "Thoracic",
    "off": 3531,
    "sff": "thoracic"
  },
  {
    "docID": "N166 Li 2011",
    "et": "VertebralLocation",
    "off": 8169,
    "sff": "vertebral"
  },
  {
    "docID": "N166 Li 2011",
    "et": "VertebralLocation",
    "off": 11296,
    "sff": "vertebral"
  },
  {
    "docID": "N166 Li 2011",
    "et": "StemCellSourceType",
    "off": 8972,
    "sff": "cell"
  },
  {
    "docID": "N166 Li 2011",
    "et": "StemCellSourceType",
    "off": 4406,
    "sff": "cell"
  },
  {
    "docID": "N166 Li 2011",
    "et": "StemCellSourceType",
    "off": 29366,
    "sff": "cell"
  },
  {
    "docID": "N166 Li 2011",
    "et": "StemCellSourceType",
    "off": 9009,
    "sff": "cell"
  },
  {
    "docID": "N166 Li 2011",
    "et": "InVitroExperimentalProcedure",
    "off": 24189,
    "sff": "vitro"
  },
  {
    "docID": "N166 Li 2011",
    "et": "IntraperitonealLocation",
    "off": 8055,
    "sff": "intraperitoneal"
  },
  {
    "docID": "N166 Li 2011",
    "et": "AntiNG2Antibody",
    "off": 7356,
    "sff": "anti"
  },
  {
    "docID": "N166 Li 2011",
    "et": "AntiNogoAAntibody",
    "off": 7356,
    "sff": "anti"
  },
  {
    "docID": "N166 Li 2011",
    "et": "Cell",
    "off": 9009,
    "sff": "cell"
  },
  {
    "docID": "N166 Li 2011",
    "et": "Cell",
    "off": 8972,
    "sff": "cell"
  },
  {
    "docID": "N166 Li 2011",
    "et": "Cell",
    "off": 4406,
    "sff": "cell"
  },
  {
    "docID": "N166 Li 2011",
    "et": "Cell",
    "off": 29366,
    "sff": "cell"
  },
  {
    "docID": "N166 Li 2011",
    "et": "SpinalDorsalHalf",
    "off": 8223,
    "sff": "spinal"
  },
  {
    "docID": "N166 Li 2011",
    "et": "SpinalDorsalHalf",
    "off": 797,
    "sff": "spinal"
  },
  {
    "docID": "N166 Li 2011",
    "et": "SpinalDorsalHalf",
    "off": 18977,
    "sff": "dorsal"
  },
  {
    "docID": "N166 Li 2011",
    "et": "SpinalDorsalHalf",
    "off": 97,
    "sff": "spinal"
  },
  {
    "docID": "N166 Li 2011",
    "et": "SpinalDorsalHalf",
    "off": 9703,
    "sff": "spinal"
  },
  {
    "docID": "N166 Li 2011",
    "et": "SpinalDorsalHalf",
    "off": 921,
    "sff": "dorsal"
  },
  {
    "docID": "N166 Li 2011",
    "et": "SpinalDorsalHalf",
    "off": 12070,
    "sff": "spinal"
  },
  {
    "docID": "N166 Li 2011",
    "et": "SpinalDorsalHalf",
    "off": 1068,
    "sff": "spinal"
  },
  {
    "docID": "N166 Li 2011",
    "et": "SpinalDorsalHalf",
    "off": 17708,
    "sff": "spinal"
  },
  {
    "docID": "N166 Li 2011",
    "et": "SpinalDorsalHalf",
    "off": 27500,
    "sff": "spinal"
  },
  {
    "docID": "N166 Li 2011",
    "et": "SpinalDorsalHalf",
    "off": 3498,
    "sff": "spinal"
  },
  {
    "docID": "N166 Li 2011",
    "et": "SpinalDorsalHalf",
    "off": 29482,
    "sff": "spinal"
  },
  {
    "docID": "N166 Li 2011",
    "et": "SpinalDorsalHalf",
    "off": 11151,
    "sff": "spinal"
  },
  {
    "docID": "N166 Li 2011",
    "et": "SpinalDorsalHalf",
    "off": 3540,
    "sff": "spinal"
  },
  {
    "docID": "N166 Li 2011",
    "et": "SpinalDorsalHalf",
    "off": 13716,
    "sff": "spinal"
  },
  {
    "docID": "N166 Li 2011",
    "et": "SpinalDorsalHalf",
    "off": 5015,
    "sff": "spinal"
  },
  {
    "docID": "N166 Li 2011",
    "et": "SpinalDorsalHalf",
    "off": 6039,
    "sff": "spinal"
  },
  {
    "docID": "N166 Li 2011",
    "et": "SpinalDorsalHalf",
    "off": 24279,
    "sff": "spinal"
  },
  {
    "docID": "N166 Li 2011",
    "et": "SpinalDorsalHalf",
    "off": 2584,
    "sff": "spinal"
  },
  {
    "docID": "N166 Li 2011",
    "et": "SpinalDorsalHalf",
    "off": 16216,
    "sff": "spinal"
  },
  {
    "docID": "N166 Li 2011",
    "et": "SpinalDorsalHalf",
    "off": 15829,
    "sff": "spinal"
  },
  {
    "docID": "N166 Li 2011",
    "et": "SpinalDorsalHalf",
    "off": 26133,
    "sff": "spinal"
  },
  {
    "docID": "N166 Li 2011",
    "et": "SpinalDorsalHalf",
    "off": 30299,
    "sff": "spinal"
  },
  {
    "docID": "N166 Li 2011",
    "et": "SpinalDorsalHalf",
    "off": 18879,
    "sff": "spinal"
  },
  {
    "docID": "N166 Li 2011",
    "et": "SpinalDorsalHalf",
    "off": 957,
    "sff": "spinal"
  },
  {
    "docID": "N166 Li 2011",
    "et": "SpinalDorsalHalf",
    "off": 30077,
    "sff": "spinal"
  },
  {
    "docID": "N166 Li 2011",
    "et": "SpinalDorsalHalf",
    "off": 24385,
    "sff": "spinal"
  },
  {
    "docID": "N166 Li 2011",
    "et": "SpinalDorsalHalf",
    "off": 8706,
    "sff": "spinal"
  },
  {
    "docID": "N166 Li 2011",
    "et": "SpinalDorsalHalf",
    "off": 1543,
    "sff": "spinal"
  },
  {
    "docID": "N166 Li 2011",
    "et": "SpinalDorsalHalf",
    "off": 18823,
    "sff": "spinal"
  },
  {
    "docID": "N166 Li 2011",
    "et": "SpinalDorsalHalf",
    "off": 25864,
    "sff": "spinal"
  },
  {
    "docID": "N166 Li 2011",
    "et": "SpinalDorsalHalf",
    "off": 23563,
    "sff": "spinal"
  },
  {
    "docID": "N166 Li 2011",
    "et": "SpinalDorsalHalf",
    "off": 18928,
    "sff": "spinal"
  },
  {
    "docID": "N166 Li 2011",
    "et": "SpinalDorsalHalf",
    "off": 20912,
    "sff": "spinal"
  },
  {
    "docID": "N166 Li 2011",
    "et": "SpinalDorsalHalf",
    "off": 23853,
    "sff": "spinal"
  },
  {
    "docID": "N166 Li 2011",
    "et": "SpinalDorsalHalf",
    "off": 26541,
    "sff": "spinal"
  },
  {
    "docID": "N166 Li 2011",
    "et": "SpinalDorsalHalf",
    "off": 4270,
    "sff": "spinal"
  },
  {
    "docID": "N166 Li 2011",
    "et": "SpinalDorsalHalf",
    "off": 23470,
    "sff": "spinal"
  },
  {
    "docID": "N166 Li 2011",
    "et": "SpinalDorsalHalf",
    "off": 25710,
    "sff": "spinal"
  },
  {
    "docID": "N166 Li 2011",
    "et": "SpinalDorsalHalf",
    "off": 887,
    "sff": "spinal"
  },
  {
    "docID": "N166 Li 2011",
    "et": "SpinalDorsalHalf",
    "off": 25207,
    "sff": "spinal"
  },
  {
    "docID": "N166 Li 2011",
    "et": "SpinalDorsalHalf",
    "off": 23672,
    "sff": "spinal"
  },
  {
    "docID": "N166 Li 2011",
    "et": "SpinalDorsalHalf",
    "off": 30005,
    "sff": "spinal"
  },
  {
    "docID": "N166 Li 2011",
    "et": "SpinalDorsalHalf",
    "off": 25590,
    "sff": "spinal"
  },
  {
    "docID": "N166 Li 2011",
    "et": "SpinalDorsalHalf",
    "off": 1211,
    "sff": "spinal"
  },
  {
    "docID": "N166 Li 2011",
    "et": "SpinalDorsalHalf",
    "off": 2427,
    "sff": "spinal"
  },
  {
    "docID": "N166 Li 2011",
    "et": "SpinalDorsalHalf",
    "off": 5627,
    "sff": "spinal"
  },
  {
    "docID": "N166 Li 2011",
    "et": "SpinalDorsalHalf",
    "off": 24507,
    "sff": "spinal"
  },
  {
    "docID": "N166 Li 2011",
    "et": "Water",
    "off": 11518,
    "sff": "water"
  },
  {
    "docID": "N166 Li 2011",
    "et": "CorticospinalTract",
    "off": 4617,
    "sff": "corticospinal"
  },
  {
    "docID": "N166 Li 2011",
    "et": "BrainDerivedNeurotrophicFactor",
    "off": 4358,
    "sff": "brain-derived neurotrophic factor"
  },
  {
    "docID": "N166 Li 2011",
    "et": "BrainDerivedNeurotrophicFactor",
    "off": 4358,
    "sff": "brain-derived"
  }
]
