[
  {
    "docID": "N185 Munoz-Quiles 2009",
    "et": "MagnesiumSulfate",
    "off": 7138,
    "sff": "magnesium"
  },
  {
    "docID": "N185 Munoz-Quiles 2009",
    "et": "OlfactoryEnsheathingGliaCell",
    "off": 2375,
    "sff": "olfactory"
  },
  {
    "docID": "N185 Munoz-Quiles 2009",
    "et": "OlfactoryEnsheathingGliaCell",
    "off": 18002,
    "sff": "ensheathing glia"
  },
  {
    "docID": "N185 Munoz-Quiles 2009",
    "et": "OlfactoryEnsheathingGliaCell",
    "off": 20436,
    "sff": "ensheathing glia"
  },
  {
    "docID": "N185 Munoz-Quiles 2009",
    "et": "OlfactoryEnsheathingGliaCell",
    "off": 48,
    "sff": "Ensheathing"
  },
  {
    "docID": "N185 Munoz-Quiles 2009",
    "et": "OlfactoryEnsheathingGliaCell",
    "off": 17280,
    "sff": "olfactory"
  },
  {
    "docID": "N185 Munoz-Quiles 2009",
    "et": "OlfactoryEnsheathingGliaCell",
    "off": 17588,
    "sff": "ensheathing"
  },
  {
    "docID": "N185 Munoz-Quiles 2009",
    "et": "OlfactoryEnsheathingGliaCell",
    "off": 17987,
    "sff": "olfactory"
  },
  {
    "docID": "N185 Munoz-Quiles 2009",
    "et": "OlfactoryEnsheathingGliaCell",
    "off": 19459,
    "sff": "olfactory"
  },
  {
    "docID": "N185 Munoz-Quiles 2009",
    "et": "OlfactoryEnsheathingGliaCell",
    "off": 20421,
    "sff": "olfactory"
  },
  {
    "docID": "N185 Munoz-Quiles 2009",
    "et": "OlfactoryEnsheathingGliaCell",
    "off": 33,
    "sff": "Olfactory"
  },
  {
    "docID": "N185 Munoz-Quiles 2009",
    "et": "OlfactoryEnsheathingGliaCell",
    "off": 250,
    "sff": "ensheathing"
  },
  {
    "docID": "N185 Munoz-Quiles 2009",
    "et": "OlfactoryEnsheathingGliaCell",
    "off": 41657,
    "sff": "olfactory"
  },
  {
    "docID": "N185 Munoz-Quiles 2009",
    "et": "OlfactoryEnsheathingGliaCell",
    "off": 2169,
    "sff": "olfactory"
  },
  {
    "docID": "N185 Munoz-Quiles 2009",
    "et": "OlfactoryEnsheathingGliaCell",
    "off": 235,
    "sff": "Olfactory"
  },
  {
    "docID": "N185 Munoz-Quiles 2009",
    "et": "OlfactoryEnsheathingGliaCell",
    "off": 17588,
    "sff": "ensheathing glia"
  },
  {
    "docID": "N185 Munoz-Quiles 2009",
    "et": "OlfactoryEnsheathingGliaCell",
    "off": 250,
    "sff": "ensheathing glia"
  },
  {
    "docID": "N185 Munoz-Quiles 2009",
    "et": "OlfactoryEnsheathingGliaCell",
    "off": 17295,
    "sff": "ensheathing"
  },
  {
    "docID": "N185 Munoz-Quiles 2009",
    "et": "OlfactoryEnsheathingGliaCell",
    "off": 18002,
    "sff": "ensheathing"
  },
  {
    "docID": "N185 Munoz-Quiles 2009",
    "et": "OlfactoryEnsheathingGliaCell",
    "off": 19474,
    "sff": "ensheathing"
  },
  {
    "docID": "N185 Munoz-Quiles 2009",
    "et": "OlfactoryEnsheathingGliaCell",
    "off": 4258,
    "sff": "olfactory"
  },
  {
    "docID": "N185 Munoz-Quiles 2009",
    "et": "OlfactoryEnsheathingGliaCell",
    "off": 20436,
    "sff": "ensheathing"
  },
  {
    "docID": "N185 Munoz-Quiles 2009",
    "et": "OlfactoryEnsheathingGliaCell",
    "off": 17573,
    "sff": "olfactory"
  },
  {
    "docID": "N185 Munoz-Quiles 2009",
    "et": "OlfactoryEnsheathingGliaCell",
    "off": 1660,
    "sff": "olfactory ensheathing glia"
  },
  {
    "docID": "N185 Munoz-Quiles 2009",
    "et": "OlfactoryEnsheathingGliaCell",
    "off": 48,
    "sff": "Ensheathing Glia"
  },
  {
    "docID": "N185 Munoz-Quiles 2009",
    "et": "OlfactoryEnsheathingGliaCell",
    "off": 1660,
    "sff": "olfactory ensheathing"
  },
  {
    "docID": "N185 Munoz-Quiles 2009",
    "et": "OlfactoryEnsheathingGliaCell",
    "off": 17295,
    "sff": "ensheathing glia"
  },
  {
    "docID": "N185 Munoz-Quiles 2009",
    "et": "SurgeryTreatment",
    "off": 7970,
    "sff": "surgery"
  },
  {
    "docID": "N185 Munoz-Quiles 2009",
    "et": "SurgeryTreatment",
    "off": 8769,
    "sff": "surgery"
  },
  {
    "docID": "N185 Munoz-Quiles 2009",
    "et": "SurgeryTreatment",
    "off": 21598,
    "sff": "surgery"
  },
  {
    "docID": "N185 Munoz-Quiles 2009",
    "et": "SurgeryTreatment",
    "off": 21691,
    "sff": "surgery"
  },
  {
    "docID": "N185 Munoz-Quiles 2009",
    "et": "SurgeryTreatment",
    "off": 25942,
    "sff": "surgery"
  },
  {
    "docID": "N185 Munoz-Quiles 2009",
    "et": "SurgeryTreatment",
    "off": 5651,
    "sff": "surgery"
  },
  {
    "docID": "N185 Munoz-Quiles 2009",
    "et": "SurgeryTreatment",
    "off": 7954,
    "sff": "surgery"
  },
  {
    "docID": "N185 Munoz-Quiles 2009",
    "et": "SurgeryTreatment",
    "off": 8306,
    "sff": "surgery"
  },
  {
    "docID": "N185 Munoz-Quiles 2009",
    "et": "SurgeryTreatment",
    "off": 5096,
    "sff": "Surgery"
  },
  {
    "docID": "N185 Munoz-Quiles 2009",
    "et": "SurgeryTreatment",
    "off": 41719,
    "sff": "surgery"
  },
  {
    "docID": "N185 Munoz-Quiles 2009",
    "et": "SurgeryTreatment",
    "off": 5965,
    "sff": "surgery"
  },
  {
    "docID": "N185 Munoz-Quiles 2009",
    "et": "SurgeryTreatment",
    "off": 8972,
    "sff": "surgery"
  },
  {
    "docID": "N185 Munoz-Quiles 2009",
    "et": "SurgeryTreatment",
    "off": 6025,
    "sff": "surgery"
  },
  {
    "docID": "N185 Munoz-Quiles 2009",
    "et": "SurgeryTreatment",
    "off": 7081,
    "sff": "surgery"
  },
  {
    "docID": "N185 Munoz-Quiles 2009",
    "et": "SurgeryTreatment",
    "off": 16873,
    "sff": "surgery"
  },
  {
    "docID": "N185 Munoz-Quiles 2009",
    "et": "SurgeryTreatment",
    "off": 22313,
    "sff": "surgery"
  },
  {
    "docID": "N185 Munoz-Quiles 2009",
    "et": "SurgeryTreatment",
    "off": 8871,
    "sff": "surgery"
  },
  {
    "docID": "N185 Munoz-Quiles 2009",
    "et": "SurgeryTreatment",
    "off": 22598,
    "sff": "surgery"
  },
  {
    "docID": "N185 Munoz-Quiles 2009",
    "et": "SurgeryTreatment",
    "off": 8004,
    "sff": "surgery"
  },
  {
    "docID": "N185 Munoz-Quiles 2009",
    "et": "MagneticFieldApplication",
    "off": 16601,
    "sff": "field"
  },
  {
    "docID": "N185 Munoz-Quiles 2009",
    "et": "SpinalSubduralArea",
    "off": 16750,
    "sff": "Spinal"
  },
  {
    "docID": "N185 Munoz-Quiles 2009",
    "et": "SpinalSubduralArea",
    "off": 19892,
    "sff": "spinal"
  },
  {
    "docID": "N185 Munoz-Quiles 2009",
    "et": "SpinalSubduralArea",
    "off": 30067,
    "sff": "spinal"
  },
  {
    "docID": "N185 Munoz-Quiles 2009",
    "et": "SpinalSubduralArea",
    "off": 20082,
    "sff": "spinal"
  },
  {
    "docID": "N185 Munoz-Quiles 2009",
    "et": "SpinalSubduralArea",
    "off": 17201,
    "sff": "spinal"
  },
  {
    "docID": "N185 Munoz-Quiles 2009",
    "et": "SpinalSubduralArea",
    "off": 29117,
    "sff": "spinal"
  },
  {
    "docID": "N185 Munoz-Quiles 2009",
    "et": "SpinalSubduralArea",
    "off": 31804,
    "sff": "spinal"
  },
  {
    "docID": "N185 Munoz-Quiles 2009",
    "et": "SpinalSubduralArea",
    "off": 40764,
    "sff": "spinal"
  },
  {
    "docID": "N185 Munoz-Quiles 2009",
    "et": "SpinalSubduralArea",
    "off": 10877,
    "sff": "Spinal"
  },
  {
    "docID": "N185 Munoz-Quiles 2009",
    "et": "SpinalSubduralArea",
    "off": 28855,
    "sff": "spinal"
  },
  {
    "docID": "N185 Munoz-Quiles 2009",
    "et": "SpinalSubduralArea",
    "off": 30454,
    "sff": "spinal"
  },
  {
    "docID": "N185 Munoz-Quiles 2009",
    "et": "SpinalSubduralArea",
    "off": 5381,
    "sff": "spinal"
  },
  {
    "docID": "N185 Munoz-Quiles 2009",
    "et": "SpinalSubduralArea",
    "off": 17154,
    "sff": "spinal"
  },
  {
    "docID": "N185 Munoz-Quiles 2009",
    "et": "SpinalSubduralArea",
    "off": 28994,
    "sff": "spinal"
  },
  {
    "docID": "N185 Munoz-Quiles 2009",
    "et": "SpinalSubduralArea",
    "off": 16896,
    "sff": "spinal"
  },
  {
    "docID": "N185 Munoz-Quiles 2009",
    "et": "SpinalSubduralArea",
    "off": 30271,
    "sff": "spinal"
  },
  {
    "docID": "N185 Munoz-Quiles 2009",
    "et": "SpinalSubduralArea",
    "off": 9,
    "sff": "Spinal"
  },
  {
    "docID": "N185 Munoz-Quiles 2009",
    "et": "SpinalSubduralArea",
    "off": 1418,
    "sff": "spinal"
  },
  {
    "docID": "N185 Munoz-Quiles 2009",
    "et": "SpinalSubduralArea",
    "off": 6218,
    "sff": "spinal"
  },
  {
    "docID": "N185 Munoz-Quiles 2009",
    "et": "SpinalSubduralArea",
    "off": 12298,
    "sff": "spinal"
  },
  {
    "docID": "N185 Munoz-Quiles 2009",
    "et": "SpinalSubduralArea",
    "off": 19656,
    "sff": "spinal"
  },
  {
    "docID": "N185 Munoz-Quiles 2009",
    "et": "SpinalSubduralArea",
    "off": 19527,
    "sff": "spinal"
  },
  {
    "docID": "N185 Munoz-Quiles 2009",
    "et": "SpinalSubduralArea",
    "off": 6342,
    "sff": "spinal"
  },
  {
    "docID": "N185 Munoz-Quiles 2009",
    "et": "SpinalSubduralArea",
    "off": 16659,
    "sff": "spinal"
  },
  {
    "docID": "N185 Munoz-Quiles 2009",
    "et": "SpinalSubduralArea",
    "off": 1875,
    "sff": "spinal"
  },
  {
    "docID": "N185 Munoz-Quiles 2009",
    "et": "SpinalSubduralArea",
    "off": 9807,
    "sff": "spinal"
  },
  {
    "docID": "N185 Munoz-Quiles 2009",
    "et": "SpinalSubduralArea",
    "off": 40475,
    "sff": "spinal"
  },
  {
    "docID": "N185 Munoz-Quiles 2009",
    "et": "SpinalSubduralArea",
    "off": 31396,
    "sff": "spinal"
  },
  {
    "docID": "N185 Munoz-Quiles 2009",
    "et": "SpinalSubduralArea",
    "off": 9954,
    "sff": "spinal"
  },
  {
    "docID": "N185 Munoz-Quiles 2009",
    "et": "SpinalSubduralArea",
    "off": 6751,
    "sff": "spinal"
  },
  {
    "docID": "N185 Munoz-Quiles 2009",
    "et": "SpinalSubduralArea",
    "off": 6110,
    "sff": "spinal"
  },
  {
    "docID": "N185 Munoz-Quiles 2009",
    "et": "SpinalSubduralArea",
    "off": 28766,
    "sff": "spinal"
  },
  {
    "docID": "N185 Munoz-Quiles 2009",
    "et": "SpinalSubduralArea",
    "off": 11111,
    "sff": "Spinal"
  },
  {
    "docID": "N185 Munoz-Quiles 2009",
    "et": "SpinalSubduralArea",
    "off": 294,
    "sff": "spinal"
  },
  {
    "docID": "N185 Munoz-Quiles 2009",
    "et": "SpinalSubduralArea",
    "off": 19686,
    "sff": "spinal"
  },
  {
    "docID": "N185 Munoz-Quiles 2009",
    "et": "MouseSpecies",
    "off": 11657,
    "sff": "mouse"
  },
  {
    "docID": "N185 Munoz-Quiles 2009",
    "et": "SpinalFiberTract",
    "off": 6110,
    "sff": "spinal"
  },
  {
    "docID": "N185 Munoz-Quiles 2009",
    "et": "SpinalFiberTract",
    "off": 28766,
    "sff": "spinal"
  },
  {
    "docID": "N185 Munoz-Quiles 2009",
    "et": "SpinalFiberTract",
    "off": 6751,
    "sff": "spinal"
  },
  {
    "docID": "N185 Munoz-Quiles 2009",
    "et": "SpinalFiberTract",
    "off": 9954,
    "sff": "spinal"
  },
  {
    "docID": "N185 Munoz-Quiles 2009",
    "et": "SpinalFiberTract",
    "off": 31396,
    "sff": "spinal"
  },
  {
    "docID": "N185 Munoz-Quiles 2009",
    "et": "SpinalFiberTract",
    "off": 294,
    "sff": "spinal"
  },
  {
    "docID": "N185 Munoz-Quiles 2009",
    "et": "SpinalFiberTract",
    "off": 19686,
    "sff": "spinal"
  },
  {
    "docID": "N185 Munoz-Quiles 2009",
    "et": "SpinalFiberTract",
    "off": 20082,
    "sff": "spinal"
  },
  {
    "docID": "N185 Munoz-Quiles 2009",
    "et": "SpinalFiberTract",
    "off": 17201,
    "sff": "spinal"
  },
  {
    "docID": "N185 Munoz-Quiles 2009",
    "et": "SpinalFiberTract",
    "off": 19892,
    "sff": "spinal"
  },
  {
    "docID": "N185 Munoz-Quiles 2009",
    "et": "SpinalFiberTract",
    "off": 9,
    "sff": "Spinal"
  },
  {
    "docID": "N185 Munoz-Quiles 2009",
    "et": "SpinalFiberTract",
    "off": 30067,
    "sff": "spinal"
  },
  {
    "docID": "N185 Munoz-Quiles 2009",
    "et": "SpinalFiberTract",
    "off": 30454,
    "sff": "spinal"
  },
  {
    "docID": "N185 Munoz-Quiles 2009",
    "et": "SpinalFiberTract",
    "off": 10877,
    "sff": "Spinal"
  },
  {
    "docID": "N185 Munoz-Quiles 2009",
    "et": "SpinalFiberTract",
    "off": 28855,
    "sff": "spinal"
  },
  {
    "docID": "N185 Munoz-Quiles 2009",
    "et": "SpinalFiberTract",
    "off": 40764,
    "sff": "spinal"
  },
  {
    "docID": "N185 Munoz-Quiles 2009",
    "et": "SpinalFiberTract",
    "off": 31804,
    "sff": "spinal"
  },
  {
    "docID": "N185 Munoz-Quiles 2009",
    "et": "SpinalFiberTract",
    "off": 29117,
    "sff": "spinal"
  },
  {
    "docID": "N185 Munoz-Quiles 2009",
    "et": "SpinalFiberTract",
    "off": 16896,
    "sff": "spinal"
  },
  {
    "docID": "N185 Munoz-Quiles 2009",
    "et": "SpinalFiberTract",
    "off": 30271,
    "sff": "spinal"
  },
  {
    "docID": "N185 Munoz-Quiles 2009",
    "et": "SpinalFiberTract",
    "off": 17154,
    "sff": "spinal"
  },
  {
    "docID": "N185 Munoz-Quiles 2009",
    "et": "SpinalFiberTract",
    "off": 28994,
    "sff": "spinal"
  },
  {
    "docID": "N185 Munoz-Quiles 2009",
    "et": "SpinalFiberTract",
    "off": 6342,
    "sff": "spinal"
  },
  {
    "docID": "N185 Munoz-Quiles 2009",
    "et": "SpinalFiberTract",
    "off": 5381,
    "sff": "spinal"
  },
  {
    "docID": "N185 Munoz-Quiles 2009",
    "et": "SpinalFiberTract",
    "off": 19656,
    "sff": "spinal"
  },
  {
    "docID": "N185 Munoz-Quiles 2009",
    "et": "SpinalFiberTract",
    "off": 19527,
    "sff": "spinal"
  },
  {
    "docID": "N185 Munoz-Quiles 2009",
    "et": "SpinalFiberTract",
    "off": 1418,
    "sff": "spinal"
  },
  {
    "docID": "N185 Munoz-Quiles 2009",
    "et": "SpinalFiberTract",
    "off": 6218,
    "sff": "spinal"
  },
  {
    "docID": "N185 Munoz-Quiles 2009",
    "et": "SpinalFiberTract",
    "off": 12298,
    "sff": "spinal"
  },
  {
    "docID": "N185 Munoz-Quiles 2009",
    "et": "SpinalFiberTract",
    "off": 16750,
    "sff": "Spinal"
  },
  {
    "docID": "N185 Munoz-Quiles 2009",
    "et": "SpinalFiberTract",
    "off": 11111,
    "sff": "Spinal"
  },
  {
    "docID": "N185 Munoz-Quiles 2009",
    "et": "SpinalFiberTract",
    "off": 9807,
    "sff": "spinal"
  },
  {
    "docID": "N185 Munoz-Quiles 2009",
    "et": "SpinalFiberTract",
    "off": 1875,
    "sff": "spinal"
  },
  {
    "docID": "N185 Munoz-Quiles 2009",
    "et": "SpinalFiberTract",
    "off": 16659,
    "sff": "spinal"
  },
  {
    "docID": "N185 Munoz-Quiles 2009",
    "et": "SpinalFiberTract",
    "off": 40475,
    "sff": "spinal"
  },
  {
    "docID": "N185 Munoz-Quiles 2009",
    "et": "SpinalVentralHalf",
    "off": 9807,
    "sff": "spinal"
  },
  {
    "docID": "N185 Munoz-Quiles 2009",
    "et": "SpinalVentralHalf",
    "off": 6491,
    "sff": "ventral"
  },
  {
    "docID": "N185 Munoz-Quiles 2009",
    "et": "SpinalVentralHalf",
    "off": 9,
    "sff": "Spinal"
  },
  {
    "docID": "N185 Munoz-Quiles 2009",
    "et": "SpinalVentralHalf",
    "off": 1875,
    "sff": "spinal"
  },
  {
    "docID": "N185 Munoz-Quiles 2009",
    "et": "SpinalVentralHalf",
    "off": 16659,
    "sff": "spinal"
  },
  {
    "docID": "N185 Munoz-Quiles 2009",
    "et": "SpinalVentralHalf",
    "off": 19656,
    "sff": "spinal"
  },
  {
    "docID": "N185 Munoz-Quiles 2009",
    "et": "SpinalVentralHalf",
    "off": 6342,
    "sff": "spinal"
  },
  {
    "docID": "N185 Munoz-Quiles 2009",
    "et": "SpinalVentralHalf",
    "off": 19527,
    "sff": "spinal"
  },
  {
    "docID": "N185 Munoz-Quiles 2009",
    "et": "SpinalVentralHalf",
    "off": 1418,
    "sff": "spinal"
  },
  {
    "docID": "N185 Munoz-Quiles 2009",
    "et": "SpinalVentralHalf",
    "off": 6218,
    "sff": "spinal"
  },
  {
    "docID": "N185 Munoz-Quiles 2009",
    "et": "SpinalVentralHalf",
    "off": 12298,
    "sff": "spinal"
  },
  {
    "docID": "N185 Munoz-Quiles 2009",
    "et": "SpinalVentralHalf",
    "off": 16896,
    "sff": "spinal"
  },
  {
    "docID": "N185 Munoz-Quiles 2009",
    "et": "SpinalVentralHalf",
    "off": 10877,
    "sff": "Spinal"
  },
  {
    "docID": "N185 Munoz-Quiles 2009",
    "et": "SpinalVentralHalf",
    "off": 30271,
    "sff": "spinal"
  },
  {
    "docID": "N185 Munoz-Quiles 2009",
    "et": "SpinalVentralHalf",
    "off": 5381,
    "sff": "spinal"
  },
  {
    "docID": "N185 Munoz-Quiles 2009",
    "et": "SpinalVentralHalf",
    "off": 17154,
    "sff": "spinal"
  },
  {
    "docID": "N185 Munoz-Quiles 2009",
    "et": "SpinalVentralHalf",
    "off": 28994,
    "sff": "spinal"
  },
  {
    "docID": "N185 Munoz-Quiles 2009",
    "et": "SpinalVentralHalf",
    "off": 20716,
    "sff": "ventral"
  },
  {
    "docID": "N185 Munoz-Quiles 2009",
    "et": "SpinalVentralHalf",
    "off": 30454,
    "sff": "spinal"
  },
  {
    "docID": "N185 Munoz-Quiles 2009",
    "et": "SpinalVentralHalf",
    "off": 28855,
    "sff": "spinal"
  },
  {
    "docID": "N185 Munoz-Quiles 2009",
    "et": "SpinalVentralHalf",
    "off": 31804,
    "sff": "spinal"
  },
  {
    "docID": "N185 Munoz-Quiles 2009",
    "et": "SpinalVentralHalf",
    "off": 40764,
    "sff": "spinal"
  },
  {
    "docID": "N185 Munoz-Quiles 2009",
    "et": "SpinalVentralHalf",
    "off": 29117,
    "sff": "spinal"
  },
  {
    "docID": "N185 Munoz-Quiles 2009",
    "et": "SpinalVentralHalf",
    "off": 17201,
    "sff": "spinal"
  },
  {
    "docID": "N185 Munoz-Quiles 2009",
    "et": "SpinalVentralHalf",
    "off": 19892,
    "sff": "spinal"
  },
  {
    "docID": "N185 Munoz-Quiles 2009",
    "et": "SpinalVentralHalf",
    "off": 11111,
    "sff": "Spinal"
  },
  {
    "docID": "N185 Munoz-Quiles 2009",
    "et": "SpinalVentralHalf",
    "off": 20082,
    "sff": "spinal"
  },
  {
    "docID": "N185 Munoz-Quiles 2009",
    "et": "SpinalVentralHalf",
    "off": 30067,
    "sff": "spinal"
  },
  {
    "docID": "N185 Munoz-Quiles 2009",
    "et": "SpinalVentralHalf",
    "off": 294,
    "sff": "spinal"
  },
  {
    "docID": "N185 Munoz-Quiles 2009",
    "et": "SpinalVentralHalf",
    "off": 19686,
    "sff": "spinal"
  },
  {
    "docID": "N185 Munoz-Quiles 2009",
    "et": "SpinalVentralHalf",
    "off": 16750,
    "sff": "Spinal"
  },
  {
    "docID": "N185 Munoz-Quiles 2009",
    "et": "SpinalVentralHalf",
    "off": 6110,
    "sff": "spinal"
  },
  {
    "docID": "N185 Munoz-Quiles 2009",
    "et": "SpinalVentralHalf",
    "off": 28766,
    "sff": "spinal"
  },
  {
    "docID": "N185 Munoz-Quiles 2009",
    "et": "SpinalVentralHalf",
    "off": 6751,
    "sff": "spinal"
  },
  {
    "docID": "N185 Munoz-Quiles 2009",
    "et": "SpinalVentralHalf",
    "off": 31396,
    "sff": "spinal"
  },
  {
    "docID": "N185 Munoz-Quiles 2009",
    "et": "SpinalVentralHalf",
    "off": 9954,
    "sff": "spinal"
  },
  {
    "docID": "N185 Munoz-Quiles 2009",
    "et": "SpinalVentralHalf",
    "off": 40475,
    "sff": "spinal"
  },
  {
    "docID": "N185 Munoz-Quiles 2009",
    "et": "RabbitSpecies",
    "off": 11504,
    "sff": "rabbit"
  },
  {
    "docID": "N185 Munoz-Quiles 2009",
    "et": "RabbitSpecies",
    "off": 11765,
    "sff": "rabbit"
  },
  {
    "docID": "N185 Munoz-Quiles 2009",
    "et": "Rostral",
    "off": 19703,
    "sff": "Rostral"
  },
  {
    "docID": "N185 Munoz-Quiles 2009",
    "et": "Rostral",
    "off": 20321,
    "sff": "rostral"
  },
  {
    "docID": "N185 Munoz-Quiles 2009",
    "et": "Rostral",
    "off": 31666,
    "sff": "rostral"
  },
  {
    "docID": "N185 Munoz-Quiles 2009",
    "et": "Rostral",
    "off": 6327,
    "sff": "rostral"
  },
  {
    "docID": "N185 Munoz-Quiles 2009",
    "et": "DorsalColumn",
    "off": 17179,
    "sff": "Dorsal"
  },
  {
    "docID": "N185 Munoz-Quiles 2009",
    "et": "DorsalColumn",
    "off": 6502,
    "sff": "dorsal"
  },
  {
    "docID": "N185 Munoz-Quiles 2009",
    "et": "DorsalColumn",
    "off": 20700,
    "sff": "dorsal"
  },
  {
    "docID": "N185 Munoz-Quiles 2009",
    "et": "Autologous",
    "off": 3017,
    "sff": "autologous"
  },
  {
    "docID": "N185 Munoz-Quiles 2009",
    "et": "Autologous",
    "off": 1147,
    "sff": "autologous"
  },
  {
    "docID": "N185 Munoz-Quiles 2009",
    "et": "Autologous",
    "off": 2662,
    "sff": "autologous"
  },
  {
    "docID": "N185 Munoz-Quiles 2009",
    "et": "Autologous",
    "off": 40435,
    "sff": "autologous"
  },
  {
    "docID": "N185 Munoz-Quiles 2009",
    "et": "Autologous",
    "off": 41795,
    "sff": "autologous"
  },
  {
    "docID": "N185 Munoz-Quiles 2009",
    "et": "Autologous",
    "off": 40740,
    "sff": "autologous"
  },
  {
    "docID": "N185 Munoz-Quiles 2009",
    "et": "Autologous",
    "off": 41556,
    "sff": "autologous"
  },
  {
    "docID": "N185 Munoz-Quiles 2009",
    "et": "Autologous",
    "off": 39375,
    "sff": "autologous"
  },
  {
    "docID": "N185 Munoz-Quiles 2009",
    "et": "Autologous",
    "off": 85,
    "sff": "Autologous"
  },
  {
    "docID": "N185 Munoz-Quiles 2009",
    "et": "Autologous",
    "off": 39920,
    "sff": "autologous"
  },
  {
    "docID": "N185 Munoz-Quiles 2009",
    "et": "Left",
    "off": 9351,
    "sff": "left"
  },
  {
    "docID": "N185 Munoz-Quiles 2009",
    "et": "Left",
    "off": 14215,
    "sff": "left"
  },
  {
    "docID": "N185 Munoz-Quiles 2009",
    "et": "Left",
    "off": 9467,
    "sff": "left"
  },
  {
    "docID": "N185 Munoz-Quiles 2009",
    "et": "Left",
    "off": 14289,
    "sff": "left"
  },
  {
    "docID": "N185 Munoz-Quiles 2009",
    "et": "Left",
    "off": 14338,
    "sff": "left"
  },
  {
    "docID": "N185 Munoz-Quiles 2009",
    "et": "Tissue",
    "off": 12511,
    "sff": "tissue"
  },
  {
    "docID": "N185 Munoz-Quiles 2009",
    "et": "Tissue",
    "off": 6049,
    "sff": "tissue"
  },
  {
    "docID": "N185 Munoz-Quiles 2009",
    "et": "Tissue",
    "off": 20002,
    "sff": "tissue"
  },
  {
    "docID": "N185 Munoz-Quiles 2009",
    "et": "Tissue",
    "off": 29591,
    "sff": "tissue"
  },
  {
    "docID": "N185 Munoz-Quiles 2009",
    "et": "Tissue",
    "off": 31515,
    "sff": "tissue"
  },
  {
    "docID": "N185 Munoz-Quiles 2009",
    "et": "Tissue",
    "off": 38042,
    "sff": "tissue"
  },
  {
    "docID": "N185 Munoz-Quiles 2009",
    "et": "Tissue",
    "off": 22701,
    "sff": "tissue"
  },
  {
    "docID": "N185 Munoz-Quiles 2009",
    "et": "Tissue",
    "off": 36785,
    "sff": "tissue"
  },
  {
    "docID": "N185 Munoz-Quiles 2009",
    "et": "Tissue",
    "off": 36456,
    "sff": "tissue"
  },
  {
    "docID": "N185 Munoz-Quiles 2009",
    "et": "Tissue",
    "off": 28336,
    "sff": "Tissue"
  },
  {
    "docID": "N185 Munoz-Quiles 2009",
    "et": "Tissue",
    "off": 30717,
    "sff": "tissue"
  },
  {
    "docID": "N185 Munoz-Quiles 2009",
    "et": "Tissue",
    "off": 15672,
    "sff": "tissue"
  },
  {
    "docID": "N185 Munoz-Quiles 2009",
    "et": "Tissue",
    "off": 12411,
    "sff": "tissue"
  },
  {
    "docID": "N185 Munoz-Quiles 2009",
    "et": "Tissue",
    "off": 35328,
    "sff": "Tissue"
  },
  {
    "docID": "N185 Munoz-Quiles 2009",
    "et": "Tissue",
    "off": 12688,
    "sff": "tissue"
  },
  {
    "docID": "N185 Munoz-Quiles 2009",
    "et": "Tissue",
    "off": 28499,
    "sff": "tissue"
  },
  {
    "docID": "N185 Munoz-Quiles 2009",
    "et": "Tissue",
    "off": 30164,
    "sff": "tissue"
  },
  {
    "docID": "N185 Munoz-Quiles 2009",
    "et": "Tissue",
    "off": 37780,
    "sff": "tissue"
  },
  {
    "docID": "N185 Munoz-Quiles 2009",
    "et": "Tissue",
    "off": 29521,
    "sff": "tissue"
  },
  {
    "docID": "N185 Munoz-Quiles 2009",
    "et": "Tissue",
    "off": 19784,
    "sff": "tissue"
  },
  {
    "docID": "N185 Munoz-Quiles 2009",
    "et": "Tissue",
    "off": 12244,
    "sff": "Tissue"
  },
  {
    "docID": "N185 Munoz-Quiles 2009",
    "et": "Tissue",
    "off": 28614,
    "sff": "tissue"
  },
  {
    "docID": "N185 Munoz-Quiles 2009",
    "et": "Tissue",
    "off": 29830,
    "sff": "tissue"
  },
  {
    "docID": "N185 Munoz-Quiles 2009",
    "et": "Tissue",
    "off": 30219,
    "sff": "tissue"
  },
  {
    "docID": "N185 Munoz-Quiles 2009",
    "et": "Tissue",
    "off": 13068,
    "sff": "tissue"
  },
  {
    "docID": "N185 Munoz-Quiles 2009",
    "et": "Tissue",
    "off": 36812,
    "sff": "tissue"
  },
  {
    "docID": "N185 Munoz-Quiles 2009",
    "et": "Tissue",
    "off": 17097,
    "sff": "tissue"
  },
  {
    "docID": "N185 Munoz-Quiles 2009",
    "et": "InjectionDelivery",
    "off": 9645,
    "sff": "injection"
  },
  {
    "docID": "N185 Munoz-Quiles 2009",
    "et": "InjectionDelivery",
    "off": 26125,
    "sff": "injection"
  },
  {
    "docID": "N185 Munoz-Quiles 2009",
    "et": "InjectionDelivery",
    "off": 8271,
    "sff": "injection"
  },
  {
    "docID": "N185 Munoz-Quiles 2009",
    "et": "InjectionDelivery",
    "off": 8991,
    "sff": "injection"
  },
  {
    "docID": "N185 Munoz-Quiles 2009",
    "et": "InjectionDelivery",
    "off": 21535,
    "sff": "injection"
  },
  {
    "docID": "N185 Munoz-Quiles 2009",
    "et": "InjectionDelivery",
    "off": 22538,
    "sff": "injection"
  },
  {
    "docID": "N185 Munoz-Quiles 2009",
    "et": "InjectionDelivery",
    "off": 21612,
    "sff": "injection"
  },
  {
    "docID": "N185 Munoz-Quiles 2009",
    "et": "InjectionDelivery",
    "off": 22614,
    "sff": "injection"
  },
  {
    "docID": "N185 Munoz-Quiles 2009",
    "et": "InjectionDelivery",
    "off": 8023,
    "sff": "injection"
  },
  {
    "docID": "N185 Munoz-Quiles 2009",
    "et": "InjectionDelivery",
    "off": 29249,
    "sff": "injection"
  },
  {
    "docID": "N185 Munoz-Quiles 2009",
    "et": "InjectionDelivery",
    "off": 8905,
    "sff": "Injection"
  },
  {
    "docID": "N185 Munoz-Quiles 2009",
    "et": "SpinalLesionSite",
    "off": 8880,
    "sff": "lesion"
  },
  {
    "docID": "N185 Munoz-Quiles 2009",
    "et": "SpinalLesionSite",
    "off": 20082,
    "sff": "spinal"
  },
  {
    "docID": "N185 Munoz-Quiles 2009",
    "et": "SpinalLesionSite",
    "off": 30067,
    "sff": "spinal"
  },
  {
    "docID": "N185 Munoz-Quiles 2009",
    "et": "SpinalLesionSite",
    "off": 30454,
    "sff": "spinal"
  },
  {
    "docID": "N185 Munoz-Quiles 2009",
    "et": "SpinalLesionSite",
    "off": 32818,
    "sff": "lesion"
  },
  {
    "docID": "N185 Munoz-Quiles 2009",
    "et": "SpinalLesionSite",
    "off": 16896,
    "sff": "spinal"
  },
  {
    "docID": "N185 Munoz-Quiles 2009",
    "et": "SpinalLesionSite",
    "off": 5381,
    "sff": "spinal"
  },
  {
    "docID": "N185 Munoz-Quiles 2009",
    "et": "SpinalLesionSite",
    "off": 17154,
    "sff": "spinal"
  },
  {
    "docID": "N185 Munoz-Quiles 2009",
    "et": "SpinalLesionSite",
    "off": 30297,
    "sff": "lesion site"
  },
  {
    "docID": "N185 Munoz-Quiles 2009",
    "et": "SpinalLesionSite",
    "off": 6218,
    "sff": "spinal"
  },
  {
    "docID": "N185 Munoz-Quiles 2009",
    "et": "SpinalLesionSite",
    "off": 9,
    "sff": "Spinal"
  },
  {
    "docID": "N185 Munoz-Quiles 2009",
    "et": "SpinalLesionSite",
    "off": 9807,
    "sff": "spinal"
  },
  {
    "docID": "N185 Munoz-Quiles 2009",
    "et": "SpinalLesionSite",
    "off": 8085,
    "sff": "lesion"
  },
  {
    "docID": "N185 Munoz-Quiles 2009",
    "et": "SpinalLesionSite",
    "off": 1875,
    "sff": "spinal"
  },
  {
    "docID": "N185 Munoz-Quiles 2009",
    "et": "SpinalLesionSite",
    "off": 10877,
    "sff": "Spinal"
  },
  {
    "docID": "N185 Munoz-Quiles 2009",
    "et": "SpinalLesionSite",
    "off": 28832,
    "sff": "lesion"
  },
  {
    "docID": "N185 Munoz-Quiles 2009",
    "et": "SpinalLesionSite",
    "off": 12571,
    "sff": "lesion"
  },
  {
    "docID": "N185 Munoz-Quiles 2009",
    "et": "SpinalLesionSite",
    "off": 6110,
    "sff": "spinal"
  },
  {
    "docID": "N185 Munoz-Quiles 2009",
    "et": "SpinalLesionSite",
    "off": 28766,
    "sff": "spinal"
  },
  {
    "docID": "N185 Munoz-Quiles 2009",
    "et": "SpinalLesionSite",
    "off": 6751,
    "sff": "spinal"
  },
  {
    "docID": "N185 Munoz-Quiles 2009",
    "et": "SpinalLesionSite",
    "off": 7963,
    "sff": "lesion"
  },
  {
    "docID": "N185 Munoz-Quiles 2009",
    "et": "SpinalLesionSite",
    "off": 16750,
    "sff": "Spinal"
  },
  {
    "docID": "N185 Munoz-Quiles 2009",
    "et": "SpinalLesionSite",
    "off": 9954,
    "sff": "spinal"
  },
  {
    "docID": "N185 Munoz-Quiles 2009",
    "et": "SpinalLesionSite",
    "off": 37027,
    "sff": "lesion"
  },
  {
    "docID": "N185 Munoz-Quiles 2009",
    "et": "SpinalLesionSite",
    "off": 31780,
    "sff": "lesion"
  },
  {
    "docID": "N185 Munoz-Quiles 2009",
    "et": "SpinalLesionSite",
    "off": 19686,
    "sff": "spinal"
  },
  {
    "docID": "N185 Munoz-Quiles 2009",
    "et": "SpinalLesionSite",
    "off": 11111,
    "sff": "Spinal"
  },
  {
    "docID": "N185 Munoz-Quiles 2009",
    "et": "SpinalLesionSite",
    "off": 17201,
    "sff": "spinal"
  },
  {
    "docID": "N185 Munoz-Quiles 2009",
    "et": "SpinalLesionSite",
    "off": 37100,
    "sff": "lesion"
  },
  {
    "docID": "N185 Munoz-Quiles 2009",
    "et": "SpinalLesionSite",
    "off": 5494,
    "sff": "lesion"
  },
  {
    "docID": "N185 Munoz-Quiles 2009",
    "et": "SpinalLesionSite",
    "off": 19892,
    "sff": "spinal"
  },
  {
    "docID": "N185 Munoz-Quiles 2009",
    "et": "SpinalLesionSite",
    "off": 31605,
    "sff": "lesion"
  },
  {
    "docID": "N185 Munoz-Quiles 2009",
    "et": "SpinalLesionSite",
    "off": 28855,
    "sff": "spinal"
  },
  {
    "docID": "N185 Munoz-Quiles 2009",
    "et": "SpinalLesionSite",
    "off": 31804,
    "sff": "spinal"
  },
  {
    "docID": "N185 Munoz-Quiles 2009",
    "et": "SpinalLesionSite",
    "off": 40764,
    "sff": "spinal"
  },
  {
    "docID": "N185 Munoz-Quiles 2009",
    "et": "SpinalLesionSite",
    "off": 29117,
    "sff": "spinal"
  },
  {
    "docID": "N185 Munoz-Quiles 2009",
    "et": "SpinalLesionSite",
    "off": 9723,
    "sff": "lesion"
  },
  {
    "docID": "N185 Munoz-Quiles 2009",
    "et": "SpinalLesionSite",
    "off": 30271,
    "sff": "spinal"
  },
  {
    "docID": "N185 Munoz-Quiles 2009",
    "et": "SpinalLesionSite",
    "off": 28994,
    "sff": "spinal"
  },
  {
    "docID": "N185 Munoz-Quiles 2009",
    "et": "SpinalLesionSite",
    "off": 19656,
    "sff": "spinal"
  },
  {
    "docID": "N185 Munoz-Quiles 2009",
    "et": "SpinalLesionSite",
    "off": 6342,
    "sff": "spinal"
  },
  {
    "docID": "N185 Munoz-Quiles 2009",
    "et": "SpinalLesionSite",
    "off": 19527,
    "sff": "spinal"
  },
  {
    "docID": "N185 Munoz-Quiles 2009",
    "et": "SpinalLesionSite",
    "off": 16841,
    "sff": "Lesion"
  },
  {
    "docID": "N185 Munoz-Quiles 2009",
    "et": "SpinalLesionSite",
    "off": 1418,
    "sff": "spinal"
  },
  {
    "docID": "N185 Munoz-Quiles 2009",
    "et": "SpinalLesionSite",
    "off": 12298,
    "sff": "spinal"
  },
  {
    "docID": "N185 Munoz-Quiles 2009",
    "et": "SpinalLesionSite",
    "off": 32088,
    "sff": "lesion"
  },
  {
    "docID": "N185 Munoz-Quiles 2009",
    "et": "SpinalLesionSite",
    "off": 16659,
    "sff": "spinal"
  },
  {
    "docID": "N185 Munoz-Quiles 2009",
    "et": "SpinalLesionSite",
    "off": 30806,
    "sff": "lesion"
  },
  {
    "docID": "N185 Munoz-Quiles 2009",
    "et": "SpinalLesionSite",
    "off": 40475,
    "sff": "spinal"
  },
  {
    "docID": "N185 Munoz-Quiles 2009",
    "et": "SpinalLesionSite",
    "off": 30297,
    "sff": "lesion"
  },
  {
    "docID": "N185 Munoz-Quiles 2009",
    "et": "SpinalLesionSite",
    "off": 8934,
    "sff": "lesion"
  },
  {
    "docID": "N185 Munoz-Quiles 2009",
    "et": "SpinalLesionSite",
    "off": 31396,
    "sff": "spinal"
  },
  {
    "docID": "N185 Munoz-Quiles 2009",
    "et": "SpinalLesionSite",
    "off": 22245,
    "sff": "lesion"
  },
  {
    "docID": "N185 Munoz-Quiles 2009",
    "et": "SpinalLesionSite",
    "off": 19556,
    "sff": "lesion"
  },
  {
    "docID": "N185 Munoz-Quiles 2009",
    "et": "SpinalLesionSite",
    "off": 36836,
    "sff": "lesion"
  },
  {
    "docID": "N185 Munoz-Quiles 2009",
    "et": "SpinalLesionSite",
    "off": 294,
    "sff": "spinal"
  },
  {
    "docID": "N185 Munoz-Quiles 2009",
    "et": "SpinalLesionSite",
    "off": 16738,
    "sff": "lesion"
  },
  {
    "docID": "N185 Munoz-Quiles 2009",
    "et": "T6",
    "off": 11210,
    "sff": "T6"
  },
  {
    "docID": "N185 Munoz-Quiles 2009",
    "et": "T8",
    "off": 5298,
    "sff": "T8"
  },
  {
    "docID": "N185 Munoz-Quiles 2009",
    "et": "T9",
    "off": 5304,
    "sff": "T9"
  },
  {
    "docID": "N185 Munoz-Quiles 2009",
    "et": "AnimalSpecies",
    "off": 17844,
    "sff": "animal"
  },
  {
    "docID": "N185 Munoz-Quiles 2009",
    "et": "AnimalSpecies",
    "off": 8383,
    "sff": "Animal"
  },
  {
    "docID": "N185 Munoz-Quiles 2009",
    "et": "AnimalSpecies",
    "off": 12338,
    "sff": "animal"
  },
  {
    "docID": "N185 Munoz-Quiles 2009",
    "et": "AnimalSpecies",
    "off": 21960,
    "sff": "animal"
  },
  {
    "docID": "N185 Munoz-Quiles 2009",
    "et": "AnimalSpecies",
    "off": 16245,
    "sff": "animal"
  },
  {
    "docID": "N185 Munoz-Quiles 2009",
    "et": "AnimalSpecies",
    "off": 21126,
    "sff": "animal"
  },
  {
    "docID": "N185 Munoz-Quiles 2009",
    "et": "AnimalSpecies",
    "off": 35798,
    "sff": "animal"
  },
  {
    "docID": "N185 Munoz-Quiles 2009",
    "et": "AnimalSpecies",
    "off": 7016,
    "sff": "Animal"
  },
  {
    "docID": "N185 Munoz-Quiles 2009",
    "et": "Right",
    "off": 14229,
    "sff": "right"
  },
  {
    "docID": "N185 Munoz-Quiles 2009",
    "et": "Right",
    "off": 14303,
    "sff": "right"
  },
  {
    "docID": "N185 Munoz-Quiles 2009",
    "et": "Right",
    "off": 9360,
    "sff": "right"
  },
  {
    "docID": "N185 Munoz-Quiles 2009",
    "et": "Right",
    "off": 14352,
    "sff": "right"
  },
  {
    "docID": "N185 Munoz-Quiles 2009",
    "et": "Right",
    "off": 9476,
    "sff": "right"
  },
  {
    "docID": "N185 Munoz-Quiles 2009",
    "et": "TemperatureTreatment",
    "off": 12072,
    "sff": "temperature"
  },
  {
    "docID": "N185 Munoz-Quiles 2009",
    "et": "SpinalCord",
    "off": 6342,
    "sff": "spinal cord"
  },
  {
    "docID": "N185 Munoz-Quiles 2009",
    "et": "SpinalCord",
    "off": 30271,
    "sff": "spinal cord"
  },
  {
    "docID": "N185 Munoz-Quiles 2009",
    "et": "SpinalCord",
    "off": 16896,
    "sff": "spinal cord"
  },
  {
    "docID": "N185 Munoz-Quiles 2009",
    "et": "SpinalCord",
    "off": 17154,
    "sff": "spinal cord"
  },
  {
    "docID": "N185 Munoz-Quiles 2009",
    "et": "SpinalCord",
    "off": 20082,
    "sff": "spinal"
  },
  {
    "docID": "N185 Munoz-Quiles 2009",
    "et": "SpinalCord",
    "off": 1418,
    "sff": "spinal cord"
  },
  {
    "docID": "N185 Munoz-Quiles 2009",
    "et": "SpinalCord",
    "off": 6218,
    "sff": "spinal cord"
  },
  {
    "docID": "N185 Munoz-Quiles 2009",
    "et": "SpinalCord",
    "off": 31396,
    "sff": "spinal"
  },
  {
    "docID": "N185 Munoz-Quiles 2009",
    "et": "SpinalCord",
    "off": 12298,
    "sff": "spinal cord"
  },
  {
    "docID": "N185 Munoz-Quiles 2009",
    "et": "SpinalCord",
    "off": 40475,
    "sff": "spinal"
  },
  {
    "docID": "N185 Munoz-Quiles 2009",
    "et": "SpinalCord",
    "off": 19892,
    "sff": "spinal cord"
  },
  {
    "docID": "N185 Munoz-Quiles 2009",
    "et": "SpinalCord",
    "off": 28766,
    "sff": "spinal"
  },
  {
    "docID": "N185 Munoz-Quiles 2009",
    "et": "SpinalCord",
    "off": 30454,
    "sff": "spinal cord"
  },
  {
    "docID": "N185 Munoz-Quiles 2009",
    "et": "SpinalCord",
    "off": 17201,
    "sff": "spinal cord"
  },
  {
    "docID": "N185 Munoz-Quiles 2009",
    "et": "SpinalCord",
    "off": 9954,
    "sff": "spinal"
  },
  {
    "docID": "N185 Munoz-Quiles 2009",
    "et": "SpinalCord",
    "off": 40764,
    "sff": "spinal cord"
  },
  {
    "docID": "N185 Munoz-Quiles 2009",
    "et": "SpinalCord",
    "off": 29117,
    "sff": "spinal cord"
  },
  {
    "docID": "N185 Munoz-Quiles 2009",
    "et": "SpinalCord",
    "off": 6751,
    "sff": "spinal"
  },
  {
    "docID": "N185 Munoz-Quiles 2009",
    "et": "SpinalCord",
    "off": 28855,
    "sff": "spinal cord"
  },
  {
    "docID": "N185 Munoz-Quiles 2009",
    "et": "SpinalCord",
    "off": 10877,
    "sff": "Spinal cord"
  },
  {
    "docID": "N185 Munoz-Quiles 2009",
    "et": "SpinalCord",
    "off": 19686,
    "sff": "spinal cord"
  },
  {
    "docID": "N185 Munoz-Quiles 2009",
    "et": "SpinalCord",
    "off": 9,
    "sff": "Spinal"
  },
  {
    "docID": "N185 Munoz-Quiles 2009",
    "et": "SpinalCord",
    "off": 294,
    "sff": "spinal cord"
  },
  {
    "docID": "N185 Munoz-Quiles 2009",
    "et": "SpinalCord",
    "off": 5381,
    "sff": "spinal"
  },
  {
    "docID": "N185 Munoz-Quiles 2009",
    "et": "SpinalCord",
    "off": 9807,
    "sff": "spinal"
  },
  {
    "docID": "N185 Munoz-Quiles 2009",
    "et": "SpinalCord",
    "off": 11111,
    "sff": "Spinal cord"
  },
  {
    "docID": "N185 Munoz-Quiles 2009",
    "et": "SpinalCord",
    "off": 16750,
    "sff": "Spinal cord"
  },
  {
    "docID": "N185 Munoz-Quiles 2009",
    "et": "SpinalCord",
    "off": 19527,
    "sff": "spinal"
  },
  {
    "docID": "N185 Munoz-Quiles 2009",
    "et": "SpinalCord",
    "off": 19656,
    "sff": "spinal"
  },
  {
    "docID": "N185 Munoz-Quiles 2009",
    "et": "SpinalCord",
    "off": 16659,
    "sff": "spinal cord"
  },
  {
    "docID": "N185 Munoz-Quiles 2009",
    "et": "SpinalCord",
    "off": 31804,
    "sff": "spinal"
  },
  {
    "docID": "N185 Munoz-Quiles 2009",
    "et": "SpinalCord",
    "off": 1875,
    "sff": "spinal cord"
  },
  {
    "docID": "N185 Munoz-Quiles 2009",
    "et": "SpinalCord",
    "off": 28994,
    "sff": "spinal"
  },
  {
    "docID": "N185 Munoz-Quiles 2009",
    "et": "SpinalCord",
    "off": 30067,
    "sff": "spinal"
  },
  {
    "docID": "N185 Munoz-Quiles 2009",
    "et": "SpinalCord",
    "off": 6110,
    "sff": "spinal cord"
  },
  {
    "docID": "N185 Munoz-Quiles 2009",
    "et": "Vertebrae",
    "off": 17032,
    "sff": "vertebrae"
  },
  {
    "docID": "N185 Munoz-Quiles 2009",
    "et": "Vertebrae",
    "off": 6889,
    "sff": "vertebrae"
  },
  {
    "docID": "N185 Munoz-Quiles 2009",
    "et": "LesionAdjacentTissue",
    "off": 13019,
    "sff": "adjacent"
  },
  {
    "docID": "N185 Munoz-Quiles 2009",
    "et": "LesionAdjacentTissue",
    "off": 6880,
    "sff": "adjacent"
  },
  {
    "docID": "N185 Munoz-Quiles 2009",
    "et": "LesionAdjacentTissue",
    "off": 16841,
    "sff": "Lesion"
  },
  {
    "docID": "N185 Munoz-Quiles 2009",
    "et": "LesionAdjacentTissue",
    "off": 8085,
    "sff": "lesion"
  },
  {
    "docID": "N185 Munoz-Quiles 2009",
    "et": "LesionAdjacentTissue",
    "off": 13964,
    "sff": "adjacent"
  },
  {
    "docID": "N185 Munoz-Quiles 2009",
    "et": "LesionAdjacentTissue",
    "off": 30806,
    "sff": "lesion"
  },
  {
    "docID": "N185 Munoz-Quiles 2009",
    "et": "LesionAdjacentTissue",
    "off": 32088,
    "sff": "lesion"
  },
  {
    "docID": "N185 Munoz-Quiles 2009",
    "et": "LesionAdjacentTissue",
    "off": 30297,
    "sff": "lesion"
  },
  {
    "docID": "N185 Munoz-Quiles 2009",
    "et": "LesionAdjacentTissue",
    "off": 7963,
    "sff": "lesion"
  },
  {
    "docID": "N185 Munoz-Quiles 2009",
    "et": "LesionAdjacentTissue",
    "off": 12571,
    "sff": "lesion"
  },
  {
    "docID": "N185 Munoz-Quiles 2009",
    "et": "LesionAdjacentTissue",
    "off": 19556,
    "sff": "lesion"
  },
  {
    "docID": "N185 Munoz-Quiles 2009",
    "et": "LesionAdjacentTissue",
    "off": 31780,
    "sff": "lesion"
  },
  {
    "docID": "N185 Munoz-Quiles 2009",
    "et": "LesionAdjacentTissue",
    "off": 36836,
    "sff": "lesion"
  },
  {
    "docID": "N185 Munoz-Quiles 2009",
    "et": "LesionAdjacentTissue",
    "off": 22245,
    "sff": "lesion"
  },
  {
    "docID": "N185 Munoz-Quiles 2009",
    "et": "LesionAdjacentTissue",
    "off": 8934,
    "sff": "lesion"
  },
  {
    "docID": "N185 Munoz-Quiles 2009",
    "et": "LesionAdjacentTissue",
    "off": 17016,
    "sff": "adjacent"
  },
  {
    "docID": "N185 Munoz-Quiles 2009",
    "et": "LesionAdjacentTissue",
    "off": 28832,
    "sff": "lesion"
  },
  {
    "docID": "N185 Munoz-Quiles 2009",
    "et": "LesionAdjacentTissue",
    "off": 16738,
    "sff": "lesion"
  },
  {
    "docID": "N185 Munoz-Quiles 2009",
    "et": "LesionAdjacentTissue",
    "off": 37027,
    "sff": "lesion"
  },
  {
    "docID": "N185 Munoz-Quiles 2009",
    "et": "LesionAdjacentTissue",
    "off": 31605,
    "sff": "lesion"
  },
  {
    "docID": "N185 Munoz-Quiles 2009",
    "et": "LesionAdjacentTissue",
    "off": 5494,
    "sff": "lesion"
  },
  {
    "docID": "N185 Munoz-Quiles 2009",
    "et": "LesionAdjacentTissue",
    "off": 9723,
    "sff": "lesion"
  },
  {
    "docID": "N185 Munoz-Quiles 2009",
    "et": "LesionAdjacentTissue",
    "off": 37100,
    "sff": "lesion"
  },
  {
    "docID": "N185 Munoz-Quiles 2009",
    "et": "LesionAdjacentTissue",
    "off": 8880,
    "sff": "lesion"
  },
  {
    "docID": "N185 Munoz-Quiles 2009",
    "et": "LesionAdjacentTissue",
    "off": 32818,
    "sff": "lesion"
  },
  {
    "docID": "N185 Munoz-Quiles 2009",
    "et": "CentralNervousSystem",
    "off": 38829,
    "sff": "central"
  },
  {
    "docID": "N185 Munoz-Quiles 2009",
    "et": "CentralNervousSystem",
    "off": 2391,
    "sff": "central"
  },
  {
    "docID": "N185 Munoz-Quiles 2009",
    "et": "OscillatingFieldStimulator",
    "off": 16601,
    "sff": "field"
  },
  {
    "docID": "N185 Munoz-Quiles 2009",
    "et": "Location",
    "off": 13728,
    "sff": "location"
  },
  {
    "docID": "N185 Munoz-Quiles 2009",
    "et": "Location",
    "off": 11334,
    "sff": "location"
  },
  {
    "docID": "N185 Munoz-Quiles 2009",
    "et": "WistarRat",
    "off": 5144,
    "sff": "Wistar"
  },
  {
    "docID": "N185 Munoz-Quiles 2009",
    "et": "WistarRat",
    "off": 4303,
    "sff": "Wistar"
  },
  {
    "docID": "N185 Munoz-Quiles 2009",
    "et": "Matrix",
    "off": 38278,
    "sff": "matrix"
  },
  {
    "docID": "N185 Munoz-Quiles 2009",
    "et": "SpinalCentralPart",
    "off": 16750,
    "sff": "Spinal"
  },
  {
    "docID": "N185 Munoz-Quiles 2009",
    "et": "SpinalCentralPart",
    "off": 19892,
    "sff": "spinal"
  },
  {
    "docID": "N185 Munoz-Quiles 2009",
    "et": "SpinalCentralPart",
    "off": 30067,
    "sff": "spinal"
  },
  {
    "docID": "N185 Munoz-Quiles 2009",
    "et": "SpinalCentralPart",
    "off": 30454,
    "sff": "spinal"
  },
  {
    "docID": "N185 Munoz-Quiles 2009",
    "et": "SpinalCentralPart",
    "off": 28855,
    "sff": "spinal"
  },
  {
    "docID": "N185 Munoz-Quiles 2009",
    "et": "SpinalCentralPart",
    "off": 31804,
    "sff": "spinal"
  },
  {
    "docID": "N185 Munoz-Quiles 2009",
    "et": "SpinalCentralPart",
    "off": 40764,
    "sff": "spinal"
  },
  {
    "docID": "N185 Munoz-Quiles 2009",
    "et": "SpinalCentralPart",
    "off": 29117,
    "sff": "spinal"
  },
  {
    "docID": "N185 Munoz-Quiles 2009",
    "et": "SpinalCentralPart",
    "off": 16896,
    "sff": "spinal"
  },
  {
    "docID": "N185 Munoz-Quiles 2009",
    "et": "SpinalCentralPart",
    "off": 30271,
    "sff": "spinal"
  },
  {
    "docID": "N185 Munoz-Quiles 2009",
    "et": "SpinalCentralPart",
    "off": 17154,
    "sff": "spinal"
  },
  {
    "docID": "N185 Munoz-Quiles 2009",
    "et": "SpinalCentralPart",
    "off": 28994,
    "sff": "spinal"
  },
  {
    "docID": "N185 Munoz-Quiles 2009",
    "et": "SpinalCentralPart",
    "off": 11111,
    "sff": "Spinal"
  },
  {
    "docID": "N185 Munoz-Quiles 2009",
    "et": "SpinalCentralPart",
    "off": 31396,
    "sff": "spinal"
  },
  {
    "docID": "N185 Munoz-Quiles 2009",
    "et": "SpinalCentralPart",
    "off": 10877,
    "sff": "Spinal"
  },
  {
    "docID": "N185 Munoz-Quiles 2009",
    "et": "SpinalCentralPart",
    "off": 19686,
    "sff": "spinal"
  },
  {
    "docID": "N185 Munoz-Quiles 2009",
    "et": "SpinalCentralPart",
    "off": 294,
    "sff": "spinal"
  },
  {
    "docID": "N185 Munoz-Quiles 2009",
    "et": "SpinalCentralPart",
    "off": 2391,
    "sff": "central"
  },
  {
    "docID": "N185 Munoz-Quiles 2009",
    "et": "SpinalCentralPart",
    "off": 20082,
    "sff": "spinal"
  },
  {
    "docID": "N185 Munoz-Quiles 2009",
    "et": "SpinalCentralPart",
    "off": 17201,
    "sff": "spinal"
  },
  {
    "docID": "N185 Munoz-Quiles 2009",
    "et": "SpinalCentralPart",
    "off": 1875,
    "sff": "spinal"
  },
  {
    "docID": "N185 Munoz-Quiles 2009",
    "et": "SpinalCentralPart",
    "off": 16659,
    "sff": "spinal"
  },
  {
    "docID": "N185 Munoz-Quiles 2009",
    "et": "SpinalCentralPart",
    "off": 40475,
    "sff": "spinal"
  },
  {
    "docID": "N185 Munoz-Quiles 2009",
    "et": "SpinalCentralPart",
    "off": 28766,
    "sff": "spinal"
  },
  {
    "docID": "N185 Munoz-Quiles 2009",
    "et": "SpinalCentralPart",
    "off": 6110,
    "sff": "spinal"
  },
  {
    "docID": "N185 Munoz-Quiles 2009",
    "et": "SpinalCentralPart",
    "off": 6751,
    "sff": "spinal"
  },
  {
    "docID": "N185 Munoz-Quiles 2009",
    "et": "SpinalCentralPart",
    "off": 9,
    "sff": "Spinal"
  },
  {
    "docID": "N185 Munoz-Quiles 2009",
    "et": "SpinalCentralPart",
    "off": 9954,
    "sff": "spinal"
  },
  {
    "docID": "N185 Munoz-Quiles 2009",
    "et": "SpinalCentralPart",
    "off": 5381,
    "sff": "spinal"
  },
  {
    "docID": "N185 Munoz-Quiles 2009",
    "et": "SpinalCentralPart",
    "off": 6342,
    "sff": "spinal"
  },
  {
    "docID": "N185 Munoz-Quiles 2009",
    "et": "SpinalCentralPart",
    "off": 19656,
    "sff": "spinal"
  },
  {
    "docID": "N185 Munoz-Quiles 2009",
    "et": "SpinalCentralPart",
    "off": 19527,
    "sff": "spinal"
  },
  {
    "docID": "N185 Munoz-Quiles 2009",
    "et": "SpinalCentralPart",
    "off": 12298,
    "sff": "spinal"
  },
  {
    "docID": "N185 Munoz-Quiles 2009",
    "et": "SpinalCentralPart",
    "off": 1418,
    "sff": "spinal"
  },
  {
    "docID": "N185 Munoz-Quiles 2009",
    "et": "SpinalCentralPart",
    "off": 6218,
    "sff": "spinal"
  },
  {
    "docID": "N185 Munoz-Quiles 2009",
    "et": "SpinalCentralPart",
    "off": 38829,
    "sff": "central"
  },
  {
    "docID": "N185 Munoz-Quiles 2009",
    "et": "SpinalCentralPart",
    "off": 9807,
    "sff": "spinal"
  },
  {
    "docID": "N185 Munoz-Quiles 2009",
    "et": "SpinalWhiteMatter",
    "off": 11111,
    "sff": "Spinal"
  },
  {
    "docID": "N185 Munoz-Quiles 2009",
    "et": "SpinalWhiteMatter",
    "off": 20082,
    "sff": "spinal"
  },
  {
    "docID": "N185 Munoz-Quiles 2009",
    "et": "SpinalWhiteMatter",
    "off": 17201,
    "sff": "spinal"
  },
  {
    "docID": "N185 Munoz-Quiles 2009",
    "et": "SpinalWhiteMatter",
    "off": 19892,
    "sff": "spinal"
  },
  {
    "docID": "N185 Munoz-Quiles 2009",
    "et": "SpinalWhiteMatter",
    "off": 30067,
    "sff": "spinal"
  },
  {
    "docID": "N185 Munoz-Quiles 2009",
    "et": "SpinalWhiteMatter",
    "off": 294,
    "sff": "spinal"
  },
  {
    "docID": "N185 Munoz-Quiles 2009",
    "et": "SpinalWhiteMatter",
    "off": 19686,
    "sff": "spinal"
  },
  {
    "docID": "N185 Munoz-Quiles 2009",
    "et": "SpinalWhiteMatter",
    "off": 16750,
    "sff": "Spinal"
  },
  {
    "docID": "N185 Munoz-Quiles 2009",
    "et": "SpinalWhiteMatter",
    "off": 29117,
    "sff": "spinal"
  },
  {
    "docID": "N185 Munoz-Quiles 2009",
    "et": "SpinalWhiteMatter",
    "off": 16896,
    "sff": "spinal"
  },
  {
    "docID": "N185 Munoz-Quiles 2009",
    "et": "SpinalWhiteMatter",
    "off": 30271,
    "sff": "spinal"
  },
  {
    "docID": "N185 Munoz-Quiles 2009",
    "et": "SpinalWhiteMatter",
    "off": 17154,
    "sff": "spinal"
  },
  {
    "docID": "N185 Munoz-Quiles 2009",
    "et": "SpinalWhiteMatter",
    "off": 28994,
    "sff": "spinal"
  },
  {
    "docID": "N185 Munoz-Quiles 2009",
    "et": "SpinalWhiteMatter",
    "off": 30454,
    "sff": "spinal"
  },
  {
    "docID": "N185 Munoz-Quiles 2009",
    "et": "SpinalWhiteMatter",
    "off": 10877,
    "sff": "Spinal"
  },
  {
    "docID": "N185 Munoz-Quiles 2009",
    "et": "SpinalWhiteMatter",
    "off": 28855,
    "sff": "spinal"
  },
  {
    "docID": "N185 Munoz-Quiles 2009",
    "et": "SpinalWhiteMatter",
    "off": 40764,
    "sff": "spinal"
  },
  {
    "docID": "N185 Munoz-Quiles 2009",
    "et": "SpinalWhiteMatter",
    "off": 31804,
    "sff": "spinal"
  },
  {
    "docID": "N185 Munoz-Quiles 2009",
    "et": "SpinalWhiteMatter",
    "off": 28482,
    "sff": "white"
  },
  {
    "docID": "N185 Munoz-Quiles 2009",
    "et": "SpinalWhiteMatter",
    "off": 9807,
    "sff": "spinal"
  },
  {
    "docID": "N185 Munoz-Quiles 2009",
    "et": "SpinalWhiteMatter",
    "off": 9,
    "sff": "Spinal"
  },
  {
    "docID": "N185 Munoz-Quiles 2009",
    "et": "SpinalWhiteMatter",
    "off": 1875,
    "sff": "spinal"
  },
  {
    "docID": "N185 Munoz-Quiles 2009",
    "et": "SpinalWhiteMatter",
    "off": 16659,
    "sff": "spinal"
  },
  {
    "docID": "N185 Munoz-Quiles 2009",
    "et": "SpinalWhiteMatter",
    "off": 6342,
    "sff": "spinal"
  },
  {
    "docID": "N185 Munoz-Quiles 2009",
    "et": "SpinalWhiteMatter",
    "off": 5381,
    "sff": "spinal"
  },
  {
    "docID": "N185 Munoz-Quiles 2009",
    "et": "SpinalWhiteMatter",
    "off": 19771,
    "sff": "white"
  },
  {
    "docID": "N185 Munoz-Quiles 2009",
    "et": "SpinalWhiteMatter",
    "off": 19656,
    "sff": "spinal"
  },
  {
    "docID": "N185 Munoz-Quiles 2009",
    "et": "SpinalWhiteMatter",
    "off": 19527,
    "sff": "spinal"
  },
  {
    "docID": "N185 Munoz-Quiles 2009",
    "et": "SpinalWhiteMatter",
    "off": 1418,
    "sff": "spinal"
  },
  {
    "docID": "N185 Munoz-Quiles 2009",
    "et": "SpinalWhiteMatter",
    "off": 6218,
    "sff": "spinal"
  },
  {
    "docID": "N185 Munoz-Quiles 2009",
    "et": "SpinalWhiteMatter",
    "off": 12298,
    "sff": "spinal"
  },
  {
    "docID": "N185 Munoz-Quiles 2009",
    "et": "SpinalWhiteMatter",
    "off": 6110,
    "sff": "spinal"
  },
  {
    "docID": "N185 Munoz-Quiles 2009",
    "et": "SpinalWhiteMatter",
    "off": 28766,
    "sff": "spinal"
  },
  {
    "docID": "N185 Munoz-Quiles 2009",
    "et": "SpinalWhiteMatter",
    "off": 6751,
    "sff": "spinal"
  },
  {
    "docID": "N185 Munoz-Quiles 2009",
    "et": "SpinalWhiteMatter",
    "off": 9954,
    "sff": "spinal"
  },
  {
    "docID": "N185 Munoz-Quiles 2009",
    "et": "SpinalWhiteMatter",
    "off": 31396,
    "sff": "spinal"
  },
  {
    "docID": "N185 Munoz-Quiles 2009",
    "et": "SpinalWhiteMatter",
    "off": 40475,
    "sff": "spinal"
  },
  {
    "docID": "N185 Munoz-Quiles 2009",
    "et": "Antibody",
    "off": 10610,
    "sff": "antibody"
  },
  {
    "docID": "N185 Munoz-Quiles 2009",
    "et": "Antibody",
    "off": 10743,
    "sff": "antibody"
  },
  {
    "docID": "N185 Munoz-Quiles 2009",
    "et": "Purification",
    "off": 4615,
    "sff": "purification"
  },
  {
    "docID": "N185 Munoz-Quiles 2009",
    "et": "UmbilicalCordBloodStemCell",
    "off": 19899,
    "sff": "cord"
  },
  {
    "docID": "N185 Munoz-Quiles 2009",
    "et": "UmbilicalCordBloodStemCell",
    "off": 28539,
    "sff": "cord"
  },
  {
    "docID": "N185 Munoz-Quiles 2009",
    "et": "UmbilicalCordBloodStemCell",
    "off": 17208,
    "sff": "cord"
  },
  {
    "docID": "N185 Munoz-Quiles 2009",
    "et": "UmbilicalCordBloodStemCell",
    "off": 16757,
    "sff": "cord"
  },
  {
    "docID": "N185 Munoz-Quiles 2009",
    "et": "UmbilicalCordBloodStemCell",
    "off": 11118,
    "sff": "cord"
  },
  {
    "docID": "N185 Munoz-Quiles 2009",
    "et": "UmbilicalCordBloodStemCell",
    "off": 301,
    "sff": "cord"
  },
  {
    "docID": "N185 Munoz-Quiles 2009",
    "et": "UmbilicalCordBloodStemCell",
    "off": 19693,
    "sff": "cord"
  },
  {
    "docID": "N185 Munoz-Quiles 2009",
    "et": "UmbilicalCordBloodStemCell",
    "off": 17161,
    "sff": "cord"
  },
  {
    "docID": "N185 Munoz-Quiles 2009",
    "et": "UmbilicalCordBloodStemCell",
    "off": 16903,
    "sff": "cord"
  },
  {
    "docID": "N185 Munoz-Quiles 2009",
    "et": "UmbilicalCordBloodStemCell",
    "off": 30278,
    "sff": "cord"
  },
  {
    "docID": "N185 Munoz-Quiles 2009",
    "et": "UmbilicalCordBloodStemCell",
    "off": 10884,
    "sff": "cord"
  },
  {
    "docID": "N185 Munoz-Quiles 2009",
    "et": "UmbilicalCordBloodStemCell",
    "off": 29124,
    "sff": "cord"
  },
  {
    "docID": "N185 Munoz-Quiles 2009",
    "et": "UmbilicalCordBloodStemCell",
    "off": 40771,
    "sff": "cord"
  },
  {
    "docID": "N185 Munoz-Quiles 2009",
    "et": "UmbilicalCordBloodStemCell",
    "off": 28862,
    "sff": "cord"
  },
  {
    "docID": "N185 Munoz-Quiles 2009",
    "et": "UmbilicalCordBloodStemCell",
    "off": 30461,
    "sff": "cord"
  },
  {
    "docID": "N185 Munoz-Quiles 2009",
    "et": "UmbilicalCordBloodStemCell",
    "off": 1882,
    "sff": "cord"
  },
  {
    "docID": "N185 Munoz-Quiles 2009",
    "et": "UmbilicalCordBloodStemCell",
    "off": 16666,
    "sff": "cord"
  },
  {
    "docID": "N185 Munoz-Quiles 2009",
    "et": "UmbilicalCordBloodStemCell",
    "off": 31963,
    "sff": "cord"
  },
  {
    "docID": "N185 Munoz-Quiles 2009",
    "et": "UmbilicalCordBloodStemCell",
    "off": 19799,
    "sff": "cord"
  },
  {
    "docID": "N185 Munoz-Quiles 2009",
    "et": "UmbilicalCordBloodStemCell",
    "off": 1425,
    "sff": "cord"
  },
  {
    "docID": "N185 Munoz-Quiles 2009",
    "et": "UmbilicalCordBloodStemCell",
    "off": 6225,
    "sff": "cord"
  },
  {
    "docID": "N185 Munoz-Quiles 2009",
    "et": "UmbilicalCordBloodStemCell",
    "off": 12305,
    "sff": "cord"
  },
  {
    "docID": "N185 Munoz-Quiles 2009",
    "et": "UmbilicalCordBloodStemCell",
    "off": 26190,
    "sff": "cord"
  },
  {
    "docID": "N185 Munoz-Quiles 2009",
    "et": "UmbilicalCordBloodStemCell",
    "off": 6349,
    "sff": "cord"
  },
  {
    "docID": "N185 Munoz-Quiles 2009",
    "et": "UmbilicalCordBloodStemCell",
    "off": 6117,
    "sff": "cord"
  },
  {
    "docID": "N185 Munoz-Quiles 2009",
    "et": "Protein",
    "off": 19978,
    "sff": "protein"
  },
  {
    "docID": "N185 Munoz-Quiles 2009",
    "et": "Protein",
    "off": 11540,
    "sff": "protein"
  },
  {
    "docID": "N185 Munoz-Quiles 2009",
    "et": "GlialCell",
    "off": 11634,
    "sff": "glial"
  },
  {
    "docID": "N185 Munoz-Quiles 2009",
    "et": "GlialCell",
    "off": 19954,
    "sff": "glial"
  },
  {
    "docID": "N185 Munoz-Quiles 2009",
    "et": "GlialCell",
    "off": 13201,
    "sff": "glial"
  },
  {
    "docID": "N185 Munoz-Quiles 2009",
    "et": "GlialCell",
    "off": 29281,
    "sff": "glial"
  },
  {
    "docID": "N185 Munoz-Quiles 2009",
    "et": "GlialCell",
    "off": 6173,
    "sff": "Glial"
  },
  {
    "docID": "N185 Munoz-Quiles 2009",
    "et": "SpinalGrayMatter",
    "off": 1875,
    "sff": "spinal"
  },
  {
    "docID": "N185 Munoz-Quiles 2009",
    "et": "SpinalGrayMatter",
    "off": 16659,
    "sff": "spinal"
  },
  {
    "docID": "N185 Munoz-Quiles 2009",
    "et": "SpinalGrayMatter",
    "off": 9,
    "sff": "Spinal"
  },
  {
    "docID": "N185 Munoz-Quiles 2009",
    "et": "SpinalGrayMatter",
    "off": 1418,
    "sff": "spinal"
  },
  {
    "docID": "N185 Munoz-Quiles 2009",
    "et": "SpinalGrayMatter",
    "off": 6218,
    "sff": "spinal"
  },
  {
    "docID": "N185 Munoz-Quiles 2009",
    "et": "SpinalGrayMatter",
    "off": 12298,
    "sff": "spinal"
  },
  {
    "docID": "N185 Munoz-Quiles 2009",
    "et": "SpinalGrayMatter",
    "off": 9807,
    "sff": "spinal"
  },
  {
    "docID": "N185 Munoz-Quiles 2009",
    "et": "SpinalGrayMatter",
    "off": 10877,
    "sff": "Spinal"
  },
  {
    "docID": "N185 Munoz-Quiles 2009",
    "et": "SpinalGrayMatter",
    "off": 17154,
    "sff": "spinal"
  },
  {
    "docID": "N185 Munoz-Quiles 2009",
    "et": "SpinalGrayMatter",
    "off": 28994,
    "sff": "spinal"
  },
  {
    "docID": "N185 Munoz-Quiles 2009",
    "et": "SpinalGrayMatter",
    "off": 19527,
    "sff": "spinal"
  },
  {
    "docID": "N185 Munoz-Quiles 2009",
    "et": "SpinalGrayMatter",
    "off": 19656,
    "sff": "spinal"
  },
  {
    "docID": "N185 Munoz-Quiles 2009",
    "et": "SpinalGrayMatter",
    "off": 5381,
    "sff": "spinal"
  },
  {
    "docID": "N185 Munoz-Quiles 2009",
    "et": "SpinalGrayMatter",
    "off": 6342,
    "sff": "spinal"
  },
  {
    "docID": "N185 Munoz-Quiles 2009",
    "et": "SpinalGrayMatter",
    "off": 40764,
    "sff": "spinal"
  },
  {
    "docID": "N185 Munoz-Quiles 2009",
    "et": "SpinalGrayMatter",
    "off": 31804,
    "sff": "spinal"
  },
  {
    "docID": "N185 Munoz-Quiles 2009",
    "et": "SpinalGrayMatter",
    "off": 30271,
    "sff": "spinal"
  },
  {
    "docID": "N185 Munoz-Quiles 2009",
    "et": "SpinalGrayMatter",
    "off": 16896,
    "sff": "spinal"
  },
  {
    "docID": "N185 Munoz-Quiles 2009",
    "et": "SpinalGrayMatter",
    "off": 29117,
    "sff": "spinal"
  },
  {
    "docID": "N185 Munoz-Quiles 2009",
    "et": "SpinalGrayMatter",
    "off": 16750,
    "sff": "Spinal"
  },
  {
    "docID": "N185 Munoz-Quiles 2009",
    "et": "SpinalGrayMatter",
    "off": 30067,
    "sff": "spinal"
  },
  {
    "docID": "N185 Munoz-Quiles 2009",
    "et": "SpinalGrayMatter",
    "off": 19892,
    "sff": "spinal"
  },
  {
    "docID": "N185 Munoz-Quiles 2009",
    "et": "SpinalGrayMatter",
    "off": 17201,
    "sff": "spinal"
  },
  {
    "docID": "N185 Munoz-Quiles 2009",
    "et": "SpinalGrayMatter",
    "off": 20082,
    "sff": "spinal"
  },
  {
    "docID": "N185 Munoz-Quiles 2009",
    "et": "SpinalGrayMatter",
    "off": 28855,
    "sff": "spinal"
  },
  {
    "docID": "N185 Munoz-Quiles 2009",
    "et": "SpinalGrayMatter",
    "off": 30454,
    "sff": "spinal"
  },
  {
    "docID": "N185 Munoz-Quiles 2009",
    "et": "SpinalGrayMatter",
    "off": 31396,
    "sff": "spinal"
  },
  {
    "docID": "N185 Munoz-Quiles 2009",
    "et": "SpinalGrayMatter",
    "off": 9954,
    "sff": "spinal"
  },
  {
    "docID": "N185 Munoz-Quiles 2009",
    "et": "SpinalGrayMatter",
    "off": 294,
    "sff": "spinal"
  },
  {
    "docID": "N185 Munoz-Quiles 2009",
    "et": "SpinalGrayMatter",
    "off": 19686,
    "sff": "spinal"
  },
  {
    "docID": "N185 Munoz-Quiles 2009",
    "et": "SpinalGrayMatter",
    "off": 40475,
    "sff": "spinal"
  },
  {
    "docID": "N185 Munoz-Quiles 2009",
    "et": "SpinalGrayMatter",
    "off": 11111,
    "sff": "Spinal"
  },
  {
    "docID": "N185 Munoz-Quiles 2009",
    "et": "SpinalGrayMatter",
    "off": 6751,
    "sff": "spinal"
  },
  {
    "docID": "N185 Munoz-Quiles 2009",
    "et": "SpinalGrayMatter",
    "off": 19001,
    "sff": "gray"
  },
  {
    "docID": "N185 Munoz-Quiles 2009",
    "et": "SpinalGrayMatter",
    "off": 6110,
    "sff": "spinal"
  },
  {
    "docID": "N185 Munoz-Quiles 2009",
    "et": "SpinalGrayMatter",
    "off": 28766,
    "sff": "spinal"
  },
  {
    "docID": "N185 Munoz-Quiles 2009",
    "et": "RatSpecies",
    "off": 36007,
    "sff": "rat"
  },
  {
    "docID": "N185 Munoz-Quiles 2009",
    "et": "RatSpecies",
    "off": 14181,
    "sff": "rat"
  },
  {
    "docID": "N185 Munoz-Quiles 2009",
    "et": "RatSpecies",
    "off": 35768,
    "sff": "rat"
  },
  {
    "docID": "N185 Munoz-Quiles 2009",
    "et": "RatSpecies",
    "off": 13491,
    "sff": "rat"
  },
  {
    "docID": "N185 Munoz-Quiles 2009",
    "et": "RatSpecies",
    "off": 17747,
    "sff": "rat"
  },
  {
    "docID": "N185 Munoz-Quiles 2009",
    "et": "RatSpecies",
    "off": 21761,
    "sff": "rat"
  },
  {
    "docID": "N185 Munoz-Quiles 2009",
    "et": "RatSpecies",
    "off": 16223,
    "sff": "rat"
  },
  {
    "docID": "N185 Munoz-Quiles 2009",
    "et": "RatSpecies",
    "off": 17551,
    "sff": "rat"
  },
  {
    "docID": "N185 Munoz-Quiles 2009",
    "et": "RatSpecies",
    "off": 21566,
    "sff": "rat"
  },
  {
    "docID": "N185 Munoz-Quiles 2009",
    "et": "RatSpecies",
    "off": 35392,
    "sff": "rat"
  },
  {
    "docID": "N185 Munoz-Quiles 2009",
    "et": "RatSpecies",
    "off": 24167,
    "sff": "rat"
  },
  {
    "docID": "N185 Munoz-Quiles 2009",
    "et": "VertebralArea",
    "off": 16795,
    "sff": "vertebral"
  },
  {
    "docID": "N185 Munoz-Quiles 2009",
    "et": "VertebralArea",
    "off": 6815,
    "sff": "Vertebral"
  },
  {
    "docID": "N185 Munoz-Quiles 2009",
    "et": "Caudal",
    "off": 34768,
    "sff": "caudal"
  },
  {
    "docID": "N185 Munoz-Quiles 2009",
    "et": "Caudal",
    "off": 31918,
    "sff": "caudal"
  },
  {
    "docID": "N185 Munoz-Quiles 2009",
    "et": "Caudal",
    "off": 20338,
    "sff": "caudal"
  },
  {
    "docID": "N185 Munoz-Quiles 2009",
    "et": "Caudal",
    "off": 31956,
    "sff": "caudal"
  },
  {
    "docID": "N185 Munoz-Quiles 2009",
    "et": "Caudal",
    "off": 32148,
    "sff": "caudal"
  },
  {
    "docID": "N185 Munoz-Quiles 2009",
    "et": "Caudal",
    "off": 9171,
    "sff": "caudal"
  },
  {
    "docID": "N185 Munoz-Quiles 2009",
    "et": "Caudal",
    "off": 19715,
    "sff": "caudal"
  },
  {
    "docID": "N185 Munoz-Quiles 2009",
    "et": "Caudal",
    "off": 32338,
    "sff": "caudal"
  },
  {
    "docID": "N185 Munoz-Quiles 2009",
    "et": "Caudal",
    "off": 31688,
    "sff": "caudal"
  },
  {
    "docID": "N185 Munoz-Quiles 2009",
    "et": "Caudal",
    "off": 37013,
    "sff": "caudal"
  },
  {
    "docID": "N185 Munoz-Quiles 2009",
    "et": "Caudal",
    "off": 6316,
    "sff": "caudal"
  },
  {
    "docID": "N185 Munoz-Quiles 2009",
    "et": "VertebralSegment",
    "off": 6815,
    "sff": "Vertebral"
  },
  {
    "docID": "N185 Munoz-Quiles 2009",
    "et": "VertebralSegment",
    "off": 16795,
    "sff": "vertebral"
  },
  {
    "docID": "N185 Munoz-Quiles 2009",
    "et": "ImplantedDepotPellet",
    "off": 36351,
    "sff": "implanted"
  },
  {
    "docID": "N185 Munoz-Quiles 2009",
    "et": "ImplantedDepotPellet",
    "off": 41806,
    "sff": "implanted"
  },
  {
    "docID": "N185 Munoz-Quiles 2009",
    "et": "NewZealandRabbit",
    "off": 30160,
    "sff": "new"
  },
  {
    "docID": "N185 Munoz-Quiles 2009",
    "et": "NewZealandRabbit",
    "off": 1343,
    "sff": "new"
  },
  {
    "docID": "N185 Munoz-Quiles 2009",
    "et": "BoneMarrowStemCell",
    "off": 7870,
    "sff": "bone"
  },
  {
    "docID": "N185 Munoz-Quiles 2009",
    "et": "SigmaAldrich",
    "off": 4939,
    "sff": "Sigma-Aldrich"
  },
  {
    "docID": "N185 Munoz-Quiles 2009",
    "et": "SigmaAldrich",
    "off": 9096,
    "sff": "Sigma-Aldrich"
  },
  {
    "docID": "N185 Munoz-Quiles 2009",
    "et": "SigmaAldrich",
    "off": 4649,
    "sff": "Sigma"
  },
  {
    "docID": "N185 Munoz-Quiles 2009",
    "et": "T10",
    "off": 11216,
    "sff": "T10"
  },
  {
    "docID": "N185 Munoz-Quiles 2009",
    "et": "VertebralLocation",
    "off": 6815,
    "sff": "Vertebral"
  },
  {
    "docID": "N185 Munoz-Quiles 2009",
    "et": "VertebralLocation",
    "off": 16795,
    "sff": "vertebral"
  },
  {
    "docID": "N185 Munoz-Quiles 2009",
    "et": "StemCellSourceType",
    "off": 2307,
    "sff": "cell"
  },
  {
    "docID": "N185 Munoz-Quiles 2009",
    "et": "StemCellSourceType",
    "off": 3059,
    "sff": "cell"
  },
  {
    "docID": "N185 Munoz-Quiles 2009",
    "et": "StemCellSourceType",
    "off": 21110,
    "sff": "cell"
  },
  {
    "docID": "N185 Munoz-Quiles 2009",
    "et": "StemCellSourceType",
    "off": 21158,
    "sff": "cell"
  },
  {
    "docID": "N185 Munoz-Quiles 2009",
    "et": "StemCellSourceType",
    "off": 36100,
    "sff": "cell"
  },
  {
    "docID": "N185 Munoz-Quiles 2009",
    "et": "StemCellSourceType",
    "off": 40633,
    "sff": "cell"
  },
  {
    "docID": "N185 Munoz-Quiles 2009",
    "et": "StemCellSourceType",
    "off": 39386,
    "sff": "cell"
  },
  {
    "docID": "N185 Munoz-Quiles 2009",
    "et": "StemCellSourceType",
    "off": 38315,
    "sff": "cell"
  },
  {
    "docID": "N185 Munoz-Quiles 2009",
    "et": "InVitroExperimentalProcedure",
    "off": 3169,
    "sff": "Experimental"
  },
  {
    "docID": "N185 Munoz-Quiles 2009",
    "et": "InVitroExperimentalProcedure",
    "off": 33595,
    "sff": "experimental"
  },
  {
    "docID": "N185 Munoz-Quiles 2009",
    "et": "InVitroExperimentalProcedure",
    "off": 15831,
    "sff": "experimental"
  },
  {
    "docID": "N185 Munoz-Quiles 2009",
    "et": "InVitroExperimentalProcedure",
    "off": 3947,
    "sff": "experimental"
  },
  {
    "docID": "N185 Munoz-Quiles 2009",
    "et": "InVitroExperimentalProcedure",
    "off": 41130,
    "sff": "experimental"
  },
  {
    "docID": "N185 Munoz-Quiles 2009",
    "et": "InVitroExperimentalProcedure",
    "off": 39810,
    "sff": "vitro"
  },
  {
    "docID": "N185 Munoz-Quiles 2009",
    "et": "InVitroExperimentalProcedure",
    "off": 2149,
    "sff": "vitro"
  },
  {
    "docID": "N185 Munoz-Quiles 2009",
    "et": "InVitroExperimentalProcedure",
    "off": 40087,
    "sff": "vitro"
  },
  {
    "docID": "N185 Munoz-Quiles 2009",
    "et": "Magnesium",
    "off": 7138,
    "sff": "magnesium"
  },
  {
    "docID": "N185 Munoz-Quiles 2009",
    "et": "LongEvansRat",
    "off": 18880,
    "sff": "long"
  },
  {
    "docID": "N185 Munoz-Quiles 2009",
    "et": "Cell",
    "off": 21110,
    "sff": "cell"
  },
  {
    "docID": "N185 Munoz-Quiles 2009",
    "et": "Cell",
    "off": 21158,
    "sff": "cell"
  },
  {
    "docID": "N185 Munoz-Quiles 2009",
    "et": "Cell",
    "off": 38315,
    "sff": "cell"
  },
  {
    "docID": "N185 Munoz-Quiles 2009",
    "et": "Cell",
    "off": 40633,
    "sff": "cell"
  },
  {
    "docID": "N185 Munoz-Quiles 2009",
    "et": "Cell",
    "off": 39386,
    "sff": "cell"
  },
  {
    "docID": "N185 Munoz-Quiles 2009",
    "et": "Cell",
    "off": 2307,
    "sff": "cell"
  },
  {
    "docID": "N185 Munoz-Quiles 2009",
    "et": "Cell",
    "off": 3059,
    "sff": "cell"
  },
  {
    "docID": "N185 Munoz-Quiles 2009",
    "et": "Cell",
    "off": 36100,
    "sff": "cell"
  },
  {
    "docID": "N185 Munoz-Quiles 2009",
    "et": "SpinalDorsalHalf",
    "off": 40475,
    "sff": "spinal"
  },
  {
    "docID": "N185 Munoz-Quiles 2009",
    "et": "SpinalDorsalHalf",
    "off": 20700,
    "sff": "dorsal"
  },
  {
    "docID": "N185 Munoz-Quiles 2009",
    "et": "SpinalDorsalHalf",
    "off": 6110,
    "sff": "spinal"
  },
  {
    "docID": "N185 Munoz-Quiles 2009",
    "et": "SpinalDorsalHalf",
    "off": 28766,
    "sff": "spinal"
  },
  {
    "docID": "N185 Munoz-Quiles 2009",
    "et": "SpinalDorsalHalf",
    "off": 9807,
    "sff": "spinal"
  },
  {
    "docID": "N185 Munoz-Quiles 2009",
    "et": "SpinalDorsalHalf",
    "off": 1875,
    "sff": "spinal"
  },
  {
    "docID": "N185 Munoz-Quiles 2009",
    "et": "SpinalDorsalHalf",
    "off": 16659,
    "sff": "spinal"
  },
  {
    "docID": "N185 Munoz-Quiles 2009",
    "et": "SpinalDorsalHalf",
    "off": 19527,
    "sff": "spinal"
  },
  {
    "docID": "N185 Munoz-Quiles 2009",
    "et": "SpinalDorsalHalf",
    "off": 19656,
    "sff": "spinal"
  },
  {
    "docID": "N185 Munoz-Quiles 2009",
    "et": "SpinalDorsalHalf",
    "off": 1418,
    "sff": "spinal"
  },
  {
    "docID": "N185 Munoz-Quiles 2009",
    "et": "SpinalDorsalHalf",
    "off": 6218,
    "sff": "spinal"
  },
  {
    "docID": "N185 Munoz-Quiles 2009",
    "et": "SpinalDorsalHalf",
    "off": 6502,
    "sff": "dorsal"
  },
  {
    "docID": "N185 Munoz-Quiles 2009",
    "et": "SpinalDorsalHalf",
    "off": 12298,
    "sff": "spinal"
  },
  {
    "docID": "N185 Munoz-Quiles 2009",
    "et": "SpinalDorsalHalf",
    "off": 9,
    "sff": "Spinal"
  },
  {
    "docID": "N185 Munoz-Quiles 2009",
    "et": "SpinalDorsalHalf",
    "off": 30271,
    "sff": "spinal"
  },
  {
    "docID": "N185 Munoz-Quiles 2009",
    "et": "SpinalDorsalHalf",
    "off": 16896,
    "sff": "spinal"
  },
  {
    "docID": "N185 Munoz-Quiles 2009",
    "et": "SpinalDorsalHalf",
    "off": 17154,
    "sff": "spinal"
  },
  {
    "docID": "N185 Munoz-Quiles 2009",
    "et": "SpinalDorsalHalf",
    "off": 28994,
    "sff": "spinal"
  },
  {
    "docID": "N185 Munoz-Quiles 2009",
    "et": "SpinalDorsalHalf",
    "off": 5381,
    "sff": "spinal"
  },
  {
    "docID": "N185 Munoz-Quiles 2009",
    "et": "SpinalDorsalHalf",
    "off": 6342,
    "sff": "spinal"
  },
  {
    "docID": "N185 Munoz-Quiles 2009",
    "et": "SpinalDorsalHalf",
    "off": 28855,
    "sff": "spinal"
  },
  {
    "docID": "N185 Munoz-Quiles 2009",
    "et": "SpinalDorsalHalf",
    "off": 31804,
    "sff": "spinal"
  },
  {
    "docID": "N185 Munoz-Quiles 2009",
    "et": "SpinalDorsalHalf",
    "off": 40764,
    "sff": "spinal"
  },
  {
    "docID": "N185 Munoz-Quiles 2009",
    "et": "SpinalDorsalHalf",
    "off": 29117,
    "sff": "spinal"
  },
  {
    "docID": "N185 Munoz-Quiles 2009",
    "et": "SpinalDorsalHalf",
    "off": 17201,
    "sff": "spinal"
  },
  {
    "docID": "N185 Munoz-Quiles 2009",
    "et": "SpinalDorsalHalf",
    "off": 20082,
    "sff": "spinal"
  },
  {
    "docID": "N185 Munoz-Quiles 2009",
    "et": "SpinalDorsalHalf",
    "off": 10877,
    "sff": "Spinal"
  },
  {
    "docID": "N185 Munoz-Quiles 2009",
    "et": "SpinalDorsalHalf",
    "off": 30067,
    "sff": "spinal"
  },
  {
    "docID": "N185 Munoz-Quiles 2009",
    "et": "SpinalDorsalHalf",
    "off": 19892,
    "sff": "spinal"
  },
  {
    "docID": "N185 Munoz-Quiles 2009",
    "et": "SpinalDorsalHalf",
    "off": 30454,
    "sff": "spinal"
  },
  {
    "docID": "N185 Munoz-Quiles 2009",
    "et": "SpinalDorsalHalf",
    "off": 6751,
    "sff": "spinal"
  },
  {
    "docID": "N185 Munoz-Quiles 2009",
    "et": "SpinalDorsalHalf",
    "off": 11111,
    "sff": "Spinal"
  },
  {
    "docID": "N185 Munoz-Quiles 2009",
    "et": "SpinalDorsalHalf",
    "off": 9954,
    "sff": "spinal"
  },
  {
    "docID": "N185 Munoz-Quiles 2009",
    "et": "SpinalDorsalHalf",
    "off": 17179,
    "sff": "Dorsal"
  },
  {
    "docID": "N185 Munoz-Quiles 2009",
    "et": "SpinalDorsalHalf",
    "off": 16750,
    "sff": "Spinal"
  },
  {
    "docID": "N185 Munoz-Quiles 2009",
    "et": "SpinalDorsalHalf",
    "off": 31396,
    "sff": "spinal"
  },
  {
    "docID": "N185 Munoz-Quiles 2009",
    "et": "SpinalDorsalHalf",
    "off": 294,
    "sff": "spinal"
  },
  {
    "docID": "N185 Munoz-Quiles 2009",
    "et": "SpinalDorsalHalf",
    "off": 19686,
    "sff": "spinal"
  },
  {
    "docID": "N185 Munoz-Quiles 2009",
    "et": "ExperimentalProcedure",
    "off": 41130,
    "sff": "experimental"
  },
  {
    "docID": "N185 Munoz-Quiles 2009",
    "et": "ExperimentalProcedure",
    "off": 3169,
    "sff": "Experimental"
  },
  {
    "docID": "N185 Munoz-Quiles 2009",
    "et": "ExperimentalProcedure",
    "off": 33595,
    "sff": "experimental"
  },
  {
    "docID": "N185 Munoz-Quiles 2009",
    "et": "ExperimentalProcedure",
    "off": 3947,
    "sff": "experimental"
  },
  {
    "docID": "N185 Munoz-Quiles 2009",
    "et": "ExperimentalProcedure",
    "off": 15831,
    "sff": "experimental"
  },
  {
    "docID": "N185 Munoz-Quiles 2009",
    "et": "BrainDerivedNeurotrophicFactor",
    "off": 2472,
    "sff": "derived"
  }
]
