[
  {
    "docID": "N197 Rochkind 2006",
    "et": "OlfactoryEnsheathingGliaCell",
    "off": 17568,
    "sff": "olfactory"
  },
  {
    "docID": "N197 Rochkind 2006",
    "et": "OlfactoryEnsheathingGliaCell",
    "off": 321,
    "sff": "olfactory"
  },
  {
    "docID": "N197 Rochkind 2006",
    "et": "OlfactoryEnsheathingGliaCell",
    "off": 7451,
    "sff": "olfactory"
  },
  {
    "docID": "N197 Rochkind 2006",
    "et": "OlfactoryEnsheathingGliaCell",
    "off": 4221,
    "sff": "olfactory"
  },
  {
    "docID": "N197 Rochkind 2006",
    "et": "OlfactoryEnsheathingGliaCell",
    "off": 16450,
    "sff": "Olfactory"
  },
  {
    "docID": "N197 Rochkind 2006",
    "et": "MesenchymalStemCell",
    "off": 24690,
    "sff": "stem"
  },
  {
    "docID": "N197 Rochkind 2006",
    "et": "MesenchymalStemCell",
    "off": 26071,
    "sff": "stem"
  },
  {
    "docID": "N197 Rochkind 2006",
    "et": "MesenchymalStemCell",
    "off": 26071,
    "sff": "stem cell"
  },
  {
    "docID": "N197 Rochkind 2006",
    "et": "MesenchymalStemCell",
    "off": 4411,
    "sff": "stem"
  },
  {
    "docID": "N197 Rochkind 2006",
    "et": "MesenchymalStemCell",
    "off": 3983,
    "sff": "stem"
  },
  {
    "docID": "N197 Rochkind 2006",
    "et": "MesenchymalStemCell",
    "off": 3806,
    "sff": "stem"
  },
  {
    "docID": "N197 Rochkind 2006",
    "et": "MagneticFieldApplication",
    "off": 14028,
    "sff": "Magnetic"
  },
  {
    "docID": "N197 Rochkind 2006",
    "et": "MagneticFieldApplication",
    "off": 22264,
    "sff": "Magnetic"
  },
  {
    "docID": "N197 Rochkind 2006",
    "et": "SpinalSubduralArea",
    "off": 26399,
    "sff": "spinal"
  },
  {
    "docID": "N197 Rochkind 2006",
    "et": "SpinalSubduralArea",
    "off": 11165,
    "sff": "spinal"
  },
  {
    "docID": "N197 Rochkind 2006",
    "et": "SpinalSubduralArea",
    "off": 11282,
    "sff": "spinal"
  },
  {
    "docID": "N197 Rochkind 2006",
    "et": "SpinalSubduralArea",
    "off": 24335,
    "sff": "spinal"
  },
  {
    "docID": "N197 Rochkind 2006",
    "et": "SpinalSubduralArea",
    "off": 29449,
    "sff": "spinal"
  },
  {
    "docID": "N197 Rochkind 2006",
    "et": "SpinalSubduralArea",
    "off": 1034,
    "sff": "spinal"
  },
  {
    "docID": "N197 Rochkind 2006",
    "et": "SpinalSubduralArea",
    "off": 11402,
    "sff": "spinal"
  },
  {
    "docID": "N197 Rochkind 2006",
    "et": "SpinalSubduralArea",
    "off": 14090,
    "sff": "spinal"
  },
  {
    "docID": "N197 Rochkind 2006",
    "et": "SpinalSubduralArea",
    "off": 17804,
    "sff": "spinal"
  },
  {
    "docID": "N197 Rochkind 2006",
    "et": "SpinalSubduralArea",
    "off": 21388,
    "sff": "spinal"
  },
  {
    "docID": "N197 Rochkind 2006",
    "et": "SpinalSubduralArea",
    "off": 27137,
    "sff": "spinal"
  },
  {
    "docID": "N197 Rochkind 2006",
    "et": "SpinalSubduralArea",
    "off": 2684,
    "sff": "Spinal"
  },
  {
    "docID": "N197 Rochkind 2006",
    "et": "SpinalSubduralArea",
    "off": 25079,
    "sff": "spinal"
  },
  {
    "docID": "N197 Rochkind 2006",
    "et": "SpinalSubduralArea",
    "off": 21632,
    "sff": "Spinal"
  },
  {
    "docID": "N197 Rochkind 2006",
    "et": "SpinalSubduralArea",
    "off": 3057,
    "sff": "spinal"
  },
  {
    "docID": "N197 Rochkind 2006",
    "et": "SpinalSubduralArea",
    "off": 7409,
    "sff": "spinal"
  },
  {
    "docID": "N197 Rochkind 2006",
    "et": "SpinalSubduralArea",
    "off": 11505,
    "sff": "spinal"
  },
  {
    "docID": "N197 Rochkind 2006",
    "et": "SpinalSubduralArea",
    "off": 11122,
    "sff": "spinal"
  },
  {
    "docID": "N197 Rochkind 2006",
    "et": "SpinalSubduralArea",
    "off": 26991,
    "sff": "spinal"
  },
  {
    "docID": "N197 Rochkind 2006",
    "et": "SpinalSubduralArea",
    "off": 29552,
    "sff": "spinal"
  },
  {
    "docID": "N197 Rochkind 2006",
    "et": "SpinalSubduralArea",
    "off": 1140,
    "sff": "spinal"
  },
  {
    "docID": "N197 Rochkind 2006",
    "et": "SpinalSubduralArea",
    "off": 10740,
    "sff": "spinal"
  },
  {
    "docID": "N197 Rochkind 2006",
    "et": "SpinalSubduralArea",
    "off": 18408,
    "sff": "spinal"
  },
  {
    "docID": "N197 Rochkind 2006",
    "et": "SpinalSubduralArea",
    "off": 4589,
    "sff": "spinal"
  },
  {
    "docID": "N197 Rochkind 2006",
    "et": "SpinalSubduralArea",
    "off": 5613,
    "sff": "spinal"
  },
  {
    "docID": "N197 Rochkind 2006",
    "et": "SpinalSubduralArea",
    "off": 364,
    "sff": "spinal"
  },
  {
    "docID": "N197 Rochkind 2006",
    "et": "SpinalSubduralArea",
    "off": 5740,
    "sff": "spinal"
  },
  {
    "docID": "N197 Rochkind 2006",
    "et": "SpinalSubduralArea",
    "off": 3935,
    "sff": "spinal"
  },
  {
    "docID": "N197 Rochkind 2006",
    "et": "SpinalSubduralArea",
    "off": 10847,
    "sff": "spinal"
  },
  {
    "docID": "N197 Rochkind 2006",
    "et": "SpinalSubduralArea",
    "off": 15967,
    "sff": "spinal"
  },
  {
    "docID": "N197 Rochkind 2006",
    "et": "SpinalSubduralArea",
    "off": 24928,
    "sff": "spinal"
  },
  {
    "docID": "N197 Rochkind 2006",
    "et": "SpinalSubduralArea",
    "off": 3302,
    "sff": "spinal"
  },
  {
    "docID": "N197 Rochkind 2006",
    "et": "SpinalSubduralArea",
    "off": 15462,
    "sff": "spinal"
  },
  {
    "docID": "N197 Rochkind 2006",
    "et": "SpinalSubduralArea",
    "off": 12633,
    "sff": "spinal"
  },
  {
    "docID": "N197 Rochkind 2006",
    "et": "SpinalSubduralArea",
    "off": 22362,
    "sff": "spinal"
  },
  {
    "docID": "N197 Rochkind 2006",
    "et": "SpinalSubduralArea",
    "off": 15837,
    "sff": "spinal"
  },
  {
    "docID": "N197 Rochkind 2006",
    "et": "SpinalSubduralArea",
    "off": 2139,
    "sff": "spinal"
  },
  {
    "docID": "N197 Rochkind 2006",
    "et": "SpinalSubduralArea",
    "off": 22225,
    "sff": "spinal"
  },
  {
    "docID": "N197 Rochkind 2006",
    "et": "SpinalSubduralArea",
    "off": 1487,
    "sff": "spinal"
  },
  {
    "docID": "N197 Rochkind 2006",
    "et": "SpinalSubduralArea",
    "off": 23247,
    "sff": "spinal"
  },
  {
    "docID": "N197 Rochkind 2006",
    "et": "SpinalSubduralArea",
    "off": 18256,
    "sff": "spinal"
  },
  {
    "docID": "N197 Rochkind 2006",
    "et": "SpinalSubduralArea",
    "off": 22485,
    "sff": "spinal"
  },
  {
    "docID": "N197 Rochkind 2006",
    "et": "SpinalSubduralArea",
    "off": 969,
    "sff": "spinal"
  },
  {
    "docID": "N197 Rochkind 2006",
    "et": "SpinalSubduralArea",
    "off": 23885,
    "sff": "spinal"
  },
  {
    "docID": "N197 Rochkind 2006",
    "et": "SpinalSubduralArea",
    "off": 18638,
    "sff": "spinal"
  },
  {
    "docID": "N197 Rochkind 2006",
    "et": "SpinalSubduralArea",
    "off": 1740,
    "sff": "spinal"
  },
  {
    "docID": "N197 Rochkind 2006",
    "et": "SpinalSubduralArea",
    "off": 14145,
    "sff": "spinal"
  },
  {
    "docID": "N197 Rochkind 2006",
    "et": "SpinalSubduralArea",
    "off": 1980,
    "sff": "Spinal"
  },
  {
    "docID": "N197 Rochkind 2006",
    "et": "SpinalSubduralArea",
    "off": 3266,
    "sff": "spinal"
  },
  {
    "docID": "N197 Rochkind 2006",
    "et": "SpinalSubduralArea",
    "off": 18751,
    "sff": "spinal"
  },
  {
    "docID": "N197 Rochkind 2006",
    "et": "SpinalSubduralArea",
    "off": 20415,
    "sff": "spinal"
  },
  {
    "docID": "N197 Rochkind 2006",
    "et": "SpinalSubduralArea",
    "off": 23743,
    "sff": "spinal"
  },
  {
    "docID": "N197 Rochkind 2006",
    "et": "SpinalSubduralArea",
    "off": 7488,
    "sff": "spinal"
  },
  {
    "docID": "N197 Rochkind 2006",
    "et": "SpinalSubduralArea",
    "off": 29376,
    "sff": "spinal"
  },
  {
    "docID": "N197 Rochkind 2006",
    "et": "SpinalSubduralArea",
    "off": 10437,
    "sff": "spinal"
  },
  {
    "docID": "N197 Rochkind 2006",
    "et": "SpinalSubduralArea",
    "off": 198,
    "sff": "spinal"
  },
  {
    "docID": "N197 Rochkind 2006",
    "et": "SpinalSubduralArea",
    "off": 3654,
    "sff": "spinal"
  },
  {
    "docID": "N197 Rochkind 2006",
    "et": "SpinalSubduralArea",
    "off": 1849,
    "sff": "spinal"
  },
  {
    "docID": "N197 Rochkind 2006",
    "et": "SpinalSubduralArea",
    "off": 4664,
    "sff": "spinal"
  },
  {
    "docID": "N197 Rochkind 2006",
    "et": "SpinalSubduralArea",
    "off": 14008,
    "sff": "spinal"
  },
  {
    "docID": "N197 Rochkind 2006",
    "et": "SpinalSubduralArea",
    "off": 21691,
    "sff": "spinal"
  },
  {
    "docID": "N197 Rochkind 2006",
    "et": "SpinalSubduralArea",
    "off": 18223,
    "sff": "spinal"
  },
  {
    "docID": "N197 Rochkind 2006",
    "et": "SpinalSubduralArea",
    "off": 5173,
    "sff": "spinal"
  },
  {
    "docID": "N197 Rochkind 2006",
    "et": "SpinalSubduralArea",
    "off": 10549,
    "sff": "spinal"
  },
  {
    "docID": "N197 Rochkind 2006",
    "et": "SpinalSubduralArea",
    "off": 17974,
    "sff": "spinal"
  },
  {
    "docID": "N197 Rochkind 2006",
    "et": "SpinalSubduralArea",
    "off": 5927,
    "sff": "spinal"
  },
  {
    "docID": "N197 Rochkind 2006",
    "et": "SpinalSubduralArea",
    "off": 2349,
    "sff": "spinal"
  },
  {
    "docID": "N197 Rochkind 2006",
    "et": "SpinalSubduralArea",
    "off": 10797,
    "sff": "spinal"
  },
  {
    "docID": "N197 Rochkind 2006",
    "et": "SpinalSubduralArea",
    "off": 18350,
    "sff": "spinal"
  },
  {
    "docID": "N197 Rochkind 2006",
    "et": "SpinalFiberTract",
    "off": 1740,
    "sff": "spinal"
  },
  {
    "docID": "N197 Rochkind 2006",
    "et": "SpinalFiberTract",
    "off": 23885,
    "sff": "spinal"
  },
  {
    "docID": "N197 Rochkind 2006",
    "et": "SpinalFiberTract",
    "off": 198,
    "sff": "spinal"
  },
  {
    "docID": "N197 Rochkind 2006",
    "et": "SpinalFiberTract",
    "off": 3654,
    "sff": "spinal"
  },
  {
    "docID": "N197 Rochkind 2006",
    "et": "SpinalFiberTract",
    "off": 21632,
    "sff": "Spinal"
  },
  {
    "docID": "N197 Rochkind 2006",
    "et": "SpinalFiberTract",
    "off": 969,
    "sff": "spinal"
  },
  {
    "docID": "N197 Rochkind 2006",
    "et": "SpinalFiberTract",
    "off": 2684,
    "sff": "Spinal"
  },
  {
    "docID": "N197 Rochkind 2006",
    "et": "SpinalFiberTract",
    "off": 22485,
    "sff": "spinal"
  },
  {
    "docID": "N197 Rochkind 2006",
    "et": "SpinalFiberTract",
    "off": 18638,
    "sff": "spinal"
  },
  {
    "docID": "N197 Rochkind 2006",
    "et": "SpinalFiberTract",
    "off": 23247,
    "sff": "spinal"
  },
  {
    "docID": "N197 Rochkind 2006",
    "et": "SpinalFiberTract",
    "off": 1487,
    "sff": "spinal"
  },
  {
    "docID": "N197 Rochkind 2006",
    "et": "SpinalFiberTract",
    "off": 18256,
    "sff": "spinal"
  },
  {
    "docID": "N197 Rochkind 2006",
    "et": "SpinalFiberTract",
    "off": 22225,
    "sff": "spinal"
  },
  {
    "docID": "N197 Rochkind 2006",
    "et": "SpinalFiberTract",
    "off": 21691,
    "sff": "spinal"
  },
  {
    "docID": "N197 Rochkind 2006",
    "et": "SpinalFiberTract",
    "off": 17974,
    "sff": "spinal"
  },
  {
    "docID": "N197 Rochkind 2006",
    "et": "SpinalFiberTract",
    "off": 4664,
    "sff": "spinal"
  },
  {
    "docID": "N197 Rochkind 2006",
    "et": "SpinalFiberTract",
    "off": 14008,
    "sff": "spinal"
  },
  {
    "docID": "N197 Rochkind 2006",
    "et": "SpinalFiberTract",
    "off": 1849,
    "sff": "spinal"
  },
  {
    "docID": "N197 Rochkind 2006",
    "et": "SpinalFiberTract",
    "off": 3266,
    "sff": "spinal"
  },
  {
    "docID": "N197 Rochkind 2006",
    "et": "SpinalFiberTract",
    "off": 10437,
    "sff": "spinal"
  },
  {
    "docID": "N197 Rochkind 2006",
    "et": "SpinalFiberTract",
    "off": 23743,
    "sff": "spinal"
  },
  {
    "docID": "N197 Rochkind 2006",
    "et": "SpinalFiberTract",
    "off": 18751,
    "sff": "spinal"
  },
  {
    "docID": "N197 Rochkind 2006",
    "et": "SpinalFiberTract",
    "off": 20415,
    "sff": "spinal"
  },
  {
    "docID": "N197 Rochkind 2006",
    "et": "SpinalFiberTract",
    "off": 7488,
    "sff": "spinal"
  },
  {
    "docID": "N197 Rochkind 2006",
    "et": "SpinalFiberTract",
    "off": 14145,
    "sff": "spinal"
  },
  {
    "docID": "N197 Rochkind 2006",
    "et": "SpinalFiberTract",
    "off": 29376,
    "sff": "spinal"
  },
  {
    "docID": "N197 Rochkind 2006",
    "et": "SpinalFiberTract",
    "off": 364,
    "sff": "spinal"
  },
  {
    "docID": "N197 Rochkind 2006",
    "et": "SpinalFiberTract",
    "off": 5740,
    "sff": "spinal"
  },
  {
    "docID": "N197 Rochkind 2006",
    "et": "SpinalFiberTract",
    "off": 4589,
    "sff": "spinal"
  },
  {
    "docID": "N197 Rochkind 2006",
    "et": "SpinalFiberTract",
    "off": 5613,
    "sff": "spinal"
  },
  {
    "docID": "N197 Rochkind 2006",
    "et": "SpinalFiberTract",
    "off": 3302,
    "sff": "spinal"
  },
  {
    "docID": "N197 Rochkind 2006",
    "et": "SpinalFiberTract",
    "off": 15462,
    "sff": "spinal"
  },
  {
    "docID": "N197 Rochkind 2006",
    "et": "SpinalFiberTract",
    "off": 18408,
    "sff": "spinal"
  },
  {
    "docID": "N197 Rochkind 2006",
    "et": "SpinalFiberTract",
    "off": 11122,
    "sff": "spinal"
  },
  {
    "docID": "N197 Rochkind 2006",
    "et": "SpinalFiberTract",
    "off": 1140,
    "sff": "spinal"
  },
  {
    "docID": "N197 Rochkind 2006",
    "et": "SpinalFiberTract",
    "off": 10740,
    "sff": "spinal"
  },
  {
    "docID": "N197 Rochkind 2006",
    "et": "SpinalFiberTract",
    "off": 26991,
    "sff": "spinal"
  },
  {
    "docID": "N197 Rochkind 2006",
    "et": "SpinalFiberTract",
    "off": 3057,
    "sff": "spinal"
  },
  {
    "docID": "N197 Rochkind 2006",
    "et": "SpinalFiberTract",
    "off": 7409,
    "sff": "spinal"
  },
  {
    "docID": "N197 Rochkind 2006",
    "et": "SpinalFiberTract",
    "off": 11505,
    "sff": "spinal"
  },
  {
    "docID": "N197 Rochkind 2006",
    "et": "SpinalFiberTract",
    "off": 29552,
    "sff": "spinal"
  },
  {
    "docID": "N197 Rochkind 2006",
    "et": "SpinalFiberTract",
    "off": 2139,
    "sff": "spinal"
  },
  {
    "docID": "N197 Rochkind 2006",
    "et": "SpinalFiberTract",
    "off": 22362,
    "sff": "spinal"
  },
  {
    "docID": "N197 Rochkind 2006",
    "et": "SpinalFiberTract",
    "off": 15837,
    "sff": "spinal"
  },
  {
    "docID": "N197 Rochkind 2006",
    "et": "SpinalFiberTract",
    "off": 12633,
    "sff": "spinal"
  },
  {
    "docID": "N197 Rochkind 2006",
    "et": "SpinalFiberTract",
    "off": 3935,
    "sff": "spinal"
  },
  {
    "docID": "N197 Rochkind 2006",
    "et": "SpinalFiberTract",
    "off": 10847,
    "sff": "spinal"
  },
  {
    "docID": "N197 Rochkind 2006",
    "et": "SpinalFiberTract",
    "off": 15967,
    "sff": "spinal"
  },
  {
    "docID": "N197 Rochkind 2006",
    "et": "SpinalFiberTract",
    "off": 24928,
    "sff": "spinal"
  },
  {
    "docID": "N197 Rochkind 2006",
    "et": "SpinalFiberTract",
    "off": 1034,
    "sff": "spinal"
  },
  {
    "docID": "N197 Rochkind 2006",
    "et": "SpinalFiberTract",
    "off": 11402,
    "sff": "spinal"
  },
  {
    "docID": "N197 Rochkind 2006",
    "et": "SpinalFiberTract",
    "off": 14090,
    "sff": "spinal"
  },
  {
    "docID": "N197 Rochkind 2006",
    "et": "SpinalFiberTract",
    "off": 17804,
    "sff": "spinal"
  },
  {
    "docID": "N197 Rochkind 2006",
    "et": "SpinalFiberTract",
    "off": 21388,
    "sff": "spinal"
  },
  {
    "docID": "N197 Rochkind 2006",
    "et": "SpinalFiberTract",
    "off": 29449,
    "sff": "spinal"
  },
  {
    "docID": "N197 Rochkind 2006",
    "et": "SpinalFiberTract",
    "off": 11282,
    "sff": "spinal"
  },
  {
    "docID": "N197 Rochkind 2006",
    "et": "SpinalFiberTract",
    "off": 1980,
    "sff": "Spinal"
  },
  {
    "docID": "N197 Rochkind 2006",
    "et": "SpinalFiberTract",
    "off": 28154,
    "sff": "fiber"
  },
  {
    "docID": "N197 Rochkind 2006",
    "et": "SpinalFiberTract",
    "off": 24335,
    "sff": "spinal"
  },
  {
    "docID": "N197 Rochkind 2006",
    "et": "SpinalFiberTract",
    "off": 25079,
    "sff": "spinal"
  },
  {
    "docID": "N197 Rochkind 2006",
    "et": "SpinalFiberTract",
    "off": 27137,
    "sff": "spinal"
  },
  {
    "docID": "N197 Rochkind 2006",
    "et": "SpinalFiberTract",
    "off": 2349,
    "sff": "spinal"
  },
  {
    "docID": "N197 Rochkind 2006",
    "et": "SpinalFiberTract",
    "off": 10797,
    "sff": "spinal"
  },
  {
    "docID": "N197 Rochkind 2006",
    "et": "SpinalFiberTract",
    "off": 5927,
    "sff": "spinal"
  },
  {
    "docID": "N197 Rochkind 2006",
    "et": "SpinalFiberTract",
    "off": 5173,
    "sff": "spinal"
  },
  {
    "docID": "N197 Rochkind 2006",
    "et": "SpinalFiberTract",
    "off": 10549,
    "sff": "spinal"
  },
  {
    "docID": "N197 Rochkind 2006",
    "et": "SpinalFiberTract",
    "off": 18350,
    "sff": "spinal"
  },
  {
    "docID": "N197 Rochkind 2006",
    "et": "SpinalFiberTract",
    "off": 18223,
    "sff": "spinal"
  },
  {
    "docID": "N197 Rochkind 2006",
    "et": "SpinalFiberTract",
    "off": 11165,
    "sff": "spinal"
  },
  {
    "docID": "N197 Rochkind 2006",
    "et": "SpinalFiberTract",
    "off": 26399,
    "sff": "spinal"
  },
  {
    "docID": "N197 Rochkind 2006",
    "et": "Allogeneic",
    "off": 24593,
    "sff": "allogeneic"
  },
  {
    "docID": "N197 Rochkind 2006",
    "et": "Allogeneic",
    "off": 25057,
    "sff": "allogeneic"
  },
  {
    "docID": "N197 Rochkind 2006",
    "et": "Allogeneic",
    "off": 3157,
    "sff": "allogeneic"
  },
  {
    "docID": "N197 Rochkind 2006",
    "et": "Allogeneic",
    "off": 4020,
    "sff": "allogeneic"
  },
  {
    "docID": "N197 Rochkind 2006",
    "et": "Xenogeneic",
    "off": 24950,
    "sff": "xenogeneic"
  },
  {
    "docID": "N197 Rochkind 2006",
    "et": "Xenogeneic",
    "off": 26535,
    "sff": "xenogeneic"
  },
  {
    "docID": "N197 Rochkind 2006",
    "et": "Xenogeneic",
    "off": 275,
    "sff": "xenogeneic"
  },
  {
    "docID": "N197 Rochkind 2006",
    "et": "SpinalVentralHalf",
    "off": 25079,
    "sff": "spinal"
  },
  {
    "docID": "N197 Rochkind 2006",
    "et": "SpinalVentralHalf",
    "off": 1140,
    "sff": "spinal"
  },
  {
    "docID": "N197 Rochkind 2006",
    "et": "SpinalVentralHalf",
    "off": 10740,
    "sff": "spinal"
  },
  {
    "docID": "N197 Rochkind 2006",
    "et": "SpinalVentralHalf",
    "off": 1980,
    "sff": "Spinal"
  },
  {
    "docID": "N197 Rochkind 2006",
    "et": "SpinalVentralHalf",
    "off": 29552,
    "sff": "spinal"
  },
  {
    "docID": "N197 Rochkind 2006",
    "et": "SpinalVentralHalf",
    "off": 26991,
    "sff": "spinal"
  },
  {
    "docID": "N197 Rochkind 2006",
    "et": "SpinalVentralHalf",
    "off": 11122,
    "sff": "spinal"
  },
  {
    "docID": "N197 Rochkind 2006",
    "et": "SpinalVentralHalf",
    "off": 3057,
    "sff": "spinal"
  },
  {
    "docID": "N197 Rochkind 2006",
    "et": "SpinalVentralHalf",
    "off": 7409,
    "sff": "spinal"
  },
  {
    "docID": "N197 Rochkind 2006",
    "et": "SpinalVentralHalf",
    "off": 11505,
    "sff": "spinal"
  },
  {
    "docID": "N197 Rochkind 2006",
    "et": "SpinalVentralHalf",
    "off": 17804,
    "sff": "spinal"
  },
  {
    "docID": "N197 Rochkind 2006",
    "et": "SpinalVentralHalf",
    "off": 21388,
    "sff": "spinal"
  },
  {
    "docID": "N197 Rochkind 2006",
    "et": "SpinalVentralHalf",
    "off": 1034,
    "sff": "spinal"
  },
  {
    "docID": "N197 Rochkind 2006",
    "et": "SpinalVentralHalf",
    "off": 11402,
    "sff": "spinal"
  },
  {
    "docID": "N197 Rochkind 2006",
    "et": "SpinalVentralHalf",
    "off": 14090,
    "sff": "spinal"
  },
  {
    "docID": "N197 Rochkind 2006",
    "et": "SpinalVentralHalf",
    "off": 29449,
    "sff": "spinal"
  },
  {
    "docID": "N197 Rochkind 2006",
    "et": "SpinalVentralHalf",
    "off": 27137,
    "sff": "spinal"
  },
  {
    "docID": "N197 Rochkind 2006",
    "et": "SpinalVentralHalf",
    "off": 11165,
    "sff": "spinal"
  },
  {
    "docID": "N197 Rochkind 2006",
    "et": "SpinalVentralHalf",
    "off": 24335,
    "sff": "spinal"
  },
  {
    "docID": "N197 Rochkind 2006",
    "et": "SpinalVentralHalf",
    "off": 11282,
    "sff": "spinal"
  },
  {
    "docID": "N197 Rochkind 2006",
    "et": "SpinalVentralHalf",
    "off": 18350,
    "sff": "spinal"
  },
  {
    "docID": "N197 Rochkind 2006",
    "et": "SpinalVentralHalf",
    "off": 2349,
    "sff": "spinal"
  },
  {
    "docID": "N197 Rochkind 2006",
    "et": "SpinalVentralHalf",
    "off": 10797,
    "sff": "spinal"
  },
  {
    "docID": "N197 Rochkind 2006",
    "et": "SpinalVentralHalf",
    "off": 5927,
    "sff": "spinal"
  },
  {
    "docID": "N197 Rochkind 2006",
    "et": "SpinalVentralHalf",
    "off": 26399,
    "sff": "spinal"
  },
  {
    "docID": "N197 Rochkind 2006",
    "et": "SpinalVentralHalf",
    "off": 21691,
    "sff": "spinal"
  },
  {
    "docID": "N197 Rochkind 2006",
    "et": "SpinalVentralHalf",
    "off": 4664,
    "sff": "spinal"
  },
  {
    "docID": "N197 Rochkind 2006",
    "et": "SpinalVentralHalf",
    "off": 14008,
    "sff": "spinal"
  },
  {
    "docID": "N197 Rochkind 2006",
    "et": "SpinalVentralHalf",
    "off": 1849,
    "sff": "spinal"
  },
  {
    "docID": "N197 Rochkind 2006",
    "et": "SpinalVentralHalf",
    "off": 2684,
    "sff": "Spinal"
  },
  {
    "docID": "N197 Rochkind 2006",
    "et": "SpinalVentralHalf",
    "off": 17974,
    "sff": "spinal"
  },
  {
    "docID": "N197 Rochkind 2006",
    "et": "SpinalVentralHalf",
    "off": 5173,
    "sff": "spinal"
  },
  {
    "docID": "N197 Rochkind 2006",
    "et": "SpinalVentralHalf",
    "off": 10549,
    "sff": "spinal"
  },
  {
    "docID": "N197 Rochkind 2006",
    "et": "SpinalVentralHalf",
    "off": 18223,
    "sff": "spinal"
  },
  {
    "docID": "N197 Rochkind 2006",
    "et": "SpinalVentralHalf",
    "off": 1740,
    "sff": "spinal"
  },
  {
    "docID": "N197 Rochkind 2006",
    "et": "SpinalVentralHalf",
    "off": 18638,
    "sff": "spinal"
  },
  {
    "docID": "N197 Rochkind 2006",
    "et": "SpinalVentralHalf",
    "off": 23885,
    "sff": "spinal"
  },
  {
    "docID": "N197 Rochkind 2006",
    "et": "SpinalVentralHalf",
    "off": 21632,
    "sff": "Spinal"
  },
  {
    "docID": "N197 Rochkind 2006",
    "et": "SpinalVentralHalf",
    "off": 969,
    "sff": "spinal"
  },
  {
    "docID": "N197 Rochkind 2006",
    "et": "SpinalVentralHalf",
    "off": 198,
    "sff": "spinal"
  },
  {
    "docID": "N197 Rochkind 2006",
    "et": "SpinalVentralHalf",
    "off": 3654,
    "sff": "spinal"
  },
  {
    "docID": "N197 Rochkind 2006",
    "et": "SpinalVentralHalf",
    "off": 10437,
    "sff": "spinal"
  },
  {
    "docID": "N197 Rochkind 2006",
    "et": "SpinalVentralHalf",
    "off": 7488,
    "sff": "spinal"
  },
  {
    "docID": "N197 Rochkind 2006",
    "et": "SpinalVentralHalf",
    "off": 29376,
    "sff": "spinal"
  },
  {
    "docID": "N197 Rochkind 2006",
    "et": "SpinalVentralHalf",
    "off": 18751,
    "sff": "spinal"
  },
  {
    "docID": "N197 Rochkind 2006",
    "et": "SpinalVentralHalf",
    "off": 20415,
    "sff": "spinal"
  },
  {
    "docID": "N197 Rochkind 2006",
    "et": "SpinalVentralHalf",
    "off": 23743,
    "sff": "spinal"
  },
  {
    "docID": "N197 Rochkind 2006",
    "et": "SpinalVentralHalf",
    "off": 3266,
    "sff": "spinal"
  },
  {
    "docID": "N197 Rochkind 2006",
    "et": "SpinalVentralHalf",
    "off": 14145,
    "sff": "spinal"
  },
  {
    "docID": "N197 Rochkind 2006",
    "et": "SpinalVentralHalf",
    "off": 2139,
    "sff": "spinal"
  },
  {
    "docID": "N197 Rochkind 2006",
    "et": "SpinalVentralHalf",
    "off": 15837,
    "sff": "spinal"
  },
  {
    "docID": "N197 Rochkind 2006",
    "et": "SpinalVentralHalf",
    "off": 22362,
    "sff": "spinal"
  },
  {
    "docID": "N197 Rochkind 2006",
    "et": "SpinalVentralHalf",
    "off": 12633,
    "sff": "spinal"
  },
  {
    "docID": "N197 Rochkind 2006",
    "et": "SpinalVentralHalf",
    "off": 22485,
    "sff": "spinal"
  },
  {
    "docID": "N197 Rochkind 2006",
    "et": "SpinalVentralHalf",
    "off": 18256,
    "sff": "spinal"
  },
  {
    "docID": "N197 Rochkind 2006",
    "et": "SpinalVentralHalf",
    "off": 1487,
    "sff": "spinal"
  },
  {
    "docID": "N197 Rochkind 2006",
    "et": "SpinalVentralHalf",
    "off": 23247,
    "sff": "spinal"
  },
  {
    "docID": "N197 Rochkind 2006",
    "et": "SpinalVentralHalf",
    "off": 22225,
    "sff": "spinal"
  },
  {
    "docID": "N197 Rochkind 2006",
    "et": "SpinalVentralHalf",
    "off": 364,
    "sff": "spinal"
  },
  {
    "docID": "N197 Rochkind 2006",
    "et": "SpinalVentralHalf",
    "off": 5740,
    "sff": "spinal"
  },
  {
    "docID": "N197 Rochkind 2006",
    "et": "SpinalVentralHalf",
    "off": 4589,
    "sff": "spinal"
  },
  {
    "docID": "N197 Rochkind 2006",
    "et": "SpinalVentralHalf",
    "off": 5613,
    "sff": "spinal"
  },
  {
    "docID": "N197 Rochkind 2006",
    "et": "SpinalVentralHalf",
    "off": 18408,
    "sff": "spinal"
  },
  {
    "docID": "N197 Rochkind 2006",
    "et": "SpinalVentralHalf",
    "off": 3302,
    "sff": "spinal"
  },
  {
    "docID": "N197 Rochkind 2006",
    "et": "SpinalVentralHalf",
    "off": 15462,
    "sff": "spinal"
  },
  {
    "docID": "N197 Rochkind 2006",
    "et": "SpinalVentralHalf",
    "off": 24928,
    "sff": "spinal"
  },
  {
    "docID": "N197 Rochkind 2006",
    "et": "SpinalVentralHalf",
    "off": 3935,
    "sff": "spinal"
  },
  {
    "docID": "N197 Rochkind 2006",
    "et": "SpinalVentralHalf",
    "off": 10847,
    "sff": "spinal"
  },
  {
    "docID": "N197 Rochkind 2006",
    "et": "SpinalVentralHalf",
    "off": 15967,
    "sff": "spinal"
  },
  {
    "docID": "N197 Rochkind 2006",
    "et": "RabbitSpecies",
    "off": 16702,
    "sff": "rabbit"
  },
  {
    "docID": "N197 Rochkind 2006",
    "et": "DorsalColumn",
    "off": 10467,
    "sff": "dorsal"
  },
  {
    "docID": "N197 Rochkind 2006",
    "et": "Autologous",
    "off": 24579,
    "sff": "autologous"
  },
  {
    "docID": "N197 Rochkind 2006",
    "et": "Autologous",
    "off": 4156,
    "sff": "autologous"
  },
  {
    "docID": "N197 Rochkind 2006",
    "et": "Autologous",
    "off": 3143,
    "sff": "autologous"
  },
  {
    "docID": "N197 Rochkind 2006",
    "et": "Autologous",
    "off": 25030,
    "sff": "autologous"
  },
  {
    "docID": "N197 Rochkind 2006",
    "et": "EnrichedEnvironment",
    "off": 9010,
    "sff": "enriched"
  },
  {
    "docID": "N197 Rochkind 2006",
    "et": "EnrichedEnvironment",
    "off": 25336,
    "sff": "enriched"
  },
  {
    "docID": "N197 Rochkind 2006",
    "et": "Tissue",
    "off": 4253,
    "sff": "tissue"
  },
  {
    "docID": "N197 Rochkind 2006",
    "et": "Tissue",
    "off": 22237,
    "sff": "tissue"
  },
  {
    "docID": "N197 Rochkind 2006",
    "et": "Tissue",
    "off": 22889,
    "sff": "tissue"
  },
  {
    "docID": "N197 Rochkind 2006",
    "et": "Tissue",
    "off": 22969,
    "sff": "tissue"
  },
  {
    "docID": "N197 Rochkind 2006",
    "et": "Tissue",
    "off": 27250,
    "sff": "tissue"
  },
  {
    "docID": "N197 Rochkind 2006",
    "et": "Tissue",
    "off": 29630,
    "sff": "tissue"
  },
  {
    "docID": "N197 Rochkind 2006",
    "et": "Tissue",
    "off": 22401,
    "sff": "tissue"
  },
  {
    "docID": "N197 Rochkind 2006",
    "et": "Tissue",
    "off": 22928,
    "sff": "tissue"
  },
  {
    "docID": "N197 Rochkind 2006",
    "et": "Tissue",
    "off": 25664,
    "sff": "tissue"
  },
  {
    "docID": "N197 Rochkind 2006",
    "et": "InjectionDelivery",
    "off": 2875,
    "sff": "injection"
  },
  {
    "docID": "N197 Rochkind 2006",
    "et": "SpinalLesionSite",
    "off": 26399,
    "sff": "spinal"
  },
  {
    "docID": "N197 Rochkind 2006",
    "et": "SpinalLesionSite",
    "off": 11165,
    "sff": "spinal"
  },
  {
    "docID": "N197 Rochkind 2006",
    "et": "SpinalLesionSite",
    "off": 11595,
    "sff": "lesion"
  },
  {
    "docID": "N197 Rochkind 2006",
    "et": "SpinalLesionSite",
    "off": 1034,
    "sff": "spinal"
  },
  {
    "docID": "N197 Rochkind 2006",
    "et": "SpinalLesionSite",
    "off": 11402,
    "sff": "spinal"
  },
  {
    "docID": "N197 Rochkind 2006",
    "et": "SpinalLesionSite",
    "off": 14090,
    "sff": "spinal"
  },
  {
    "docID": "N197 Rochkind 2006",
    "et": "SpinalLesionSite",
    "off": 29449,
    "sff": "spinal"
  },
  {
    "docID": "N197 Rochkind 2006",
    "et": "SpinalLesionSite",
    "off": 24335,
    "sff": "spinal"
  },
  {
    "docID": "N197 Rochkind 2006",
    "et": "SpinalLesionSite",
    "off": 11282,
    "sff": "spinal"
  },
  {
    "docID": "N197 Rochkind 2006",
    "et": "SpinalLesionSite",
    "off": 17804,
    "sff": "spinal"
  },
  {
    "docID": "N197 Rochkind 2006",
    "et": "SpinalLesionSite",
    "off": 21388,
    "sff": "spinal"
  },
  {
    "docID": "N197 Rochkind 2006",
    "et": "SpinalLesionSite",
    "off": 25079,
    "sff": "spinal"
  },
  {
    "docID": "N197 Rochkind 2006",
    "et": "SpinalLesionSite",
    "off": 1140,
    "sff": "spinal"
  },
  {
    "docID": "N197 Rochkind 2006",
    "et": "SpinalLesionSite",
    "off": 10740,
    "sff": "spinal"
  },
  {
    "docID": "N197 Rochkind 2006",
    "et": "SpinalLesionSite",
    "off": 27137,
    "sff": "spinal"
  },
  {
    "docID": "N197 Rochkind 2006",
    "et": "SpinalLesionSite",
    "off": 21632,
    "sff": "Spinal"
  },
  {
    "docID": "N197 Rochkind 2006",
    "et": "SpinalLesionSite",
    "off": 18408,
    "sff": "spinal"
  },
  {
    "docID": "N197 Rochkind 2006",
    "et": "SpinalLesionSite",
    "off": 2684,
    "sff": "Spinal"
  },
  {
    "docID": "N197 Rochkind 2006",
    "et": "SpinalLesionSite",
    "off": 3302,
    "sff": "spinal"
  },
  {
    "docID": "N197 Rochkind 2006",
    "et": "SpinalLesionSite",
    "off": 15462,
    "sff": "spinal"
  },
  {
    "docID": "N197 Rochkind 2006",
    "et": "SpinalLesionSite",
    "off": 29552,
    "sff": "spinal"
  },
  {
    "docID": "N197 Rochkind 2006",
    "et": "SpinalLesionSite",
    "off": 26991,
    "sff": "spinal"
  },
  {
    "docID": "N197 Rochkind 2006",
    "et": "SpinalLesionSite",
    "off": 11122,
    "sff": "spinal"
  },
  {
    "docID": "N197 Rochkind 2006",
    "et": "SpinalLesionSite",
    "off": 3057,
    "sff": "spinal"
  },
  {
    "docID": "N197 Rochkind 2006",
    "et": "SpinalLesionSite",
    "off": 7409,
    "sff": "spinal"
  },
  {
    "docID": "N197 Rochkind 2006",
    "et": "SpinalLesionSite",
    "off": 11505,
    "sff": "spinal"
  },
  {
    "docID": "N197 Rochkind 2006",
    "et": "SpinalLesionSite",
    "off": 364,
    "sff": "spinal"
  },
  {
    "docID": "N197 Rochkind 2006",
    "et": "SpinalLesionSite",
    "off": 5740,
    "sff": "spinal"
  },
  {
    "docID": "N197 Rochkind 2006",
    "et": "SpinalLesionSite",
    "off": 4589,
    "sff": "spinal"
  },
  {
    "docID": "N197 Rochkind 2006",
    "et": "SpinalLesionSite",
    "off": 5613,
    "sff": "spinal"
  },
  {
    "docID": "N197 Rochkind 2006",
    "et": "SpinalLesionSite",
    "off": 22362,
    "sff": "spinal"
  },
  {
    "docID": "N197 Rochkind 2006",
    "et": "SpinalLesionSite",
    "off": 12633,
    "sff": "spinal"
  },
  {
    "docID": "N197 Rochkind 2006",
    "et": "SpinalLesionSite",
    "off": 22485,
    "sff": "spinal"
  },
  {
    "docID": "N197 Rochkind 2006",
    "et": "SpinalLesionSite",
    "off": 24928,
    "sff": "spinal"
  },
  {
    "docID": "N197 Rochkind 2006",
    "et": "SpinalLesionSite",
    "off": 3935,
    "sff": "spinal"
  },
  {
    "docID": "N197 Rochkind 2006",
    "et": "SpinalLesionSite",
    "off": 10847,
    "sff": "spinal"
  },
  {
    "docID": "N197 Rochkind 2006",
    "et": "SpinalLesionSite",
    "off": 15967,
    "sff": "spinal"
  },
  {
    "docID": "N197 Rochkind 2006",
    "et": "SpinalLesionSite",
    "off": 2139,
    "sff": "spinal"
  },
  {
    "docID": "N197 Rochkind 2006",
    "et": "SpinalLesionSite",
    "off": 15837,
    "sff": "spinal"
  },
  {
    "docID": "N197 Rochkind 2006",
    "et": "SpinalLesionSite",
    "off": 969,
    "sff": "spinal"
  },
  {
    "docID": "N197 Rochkind 2006",
    "et": "SpinalLesionSite",
    "off": 198,
    "sff": "spinal"
  },
  {
    "docID": "N197 Rochkind 2006",
    "et": "SpinalLesionSite",
    "off": 3654,
    "sff": "spinal"
  },
  {
    "docID": "N197 Rochkind 2006",
    "et": "SpinalLesionSite",
    "off": 10437,
    "sff": "spinal"
  },
  {
    "docID": "N197 Rochkind 2006",
    "et": "SpinalLesionSite",
    "off": 18256,
    "sff": "spinal"
  },
  {
    "docID": "N197 Rochkind 2006",
    "et": "SpinalLesionSite",
    "off": 1487,
    "sff": "spinal"
  },
  {
    "docID": "N197 Rochkind 2006",
    "et": "SpinalLesionSite",
    "off": 23247,
    "sff": "spinal"
  },
  {
    "docID": "N197 Rochkind 2006",
    "et": "SpinalLesionSite",
    "off": 22225,
    "sff": "spinal"
  },
  {
    "docID": "N197 Rochkind 2006",
    "et": "SpinalLesionSite",
    "off": 1740,
    "sff": "spinal"
  },
  {
    "docID": "N197 Rochkind 2006",
    "et": "SpinalLesionSite",
    "off": 18638,
    "sff": "spinal"
  },
  {
    "docID": "N197 Rochkind 2006",
    "et": "SpinalLesionSite",
    "off": 23885,
    "sff": "spinal"
  },
  {
    "docID": "N197 Rochkind 2006",
    "et": "SpinalLesionSite",
    "off": 4664,
    "sff": "spinal"
  },
  {
    "docID": "N197 Rochkind 2006",
    "et": "SpinalLesionSite",
    "off": 14008,
    "sff": "spinal"
  },
  {
    "docID": "N197 Rochkind 2006",
    "et": "SpinalLesionSite",
    "off": 1849,
    "sff": "spinal"
  },
  {
    "docID": "N197 Rochkind 2006",
    "et": "SpinalLesionSite",
    "off": 17974,
    "sff": "spinal"
  },
  {
    "docID": "N197 Rochkind 2006",
    "et": "SpinalLesionSite",
    "off": 5173,
    "sff": "spinal"
  },
  {
    "docID": "N197 Rochkind 2006",
    "et": "SpinalLesionSite",
    "off": 10549,
    "sff": "spinal"
  },
  {
    "docID": "N197 Rochkind 2006",
    "et": "SpinalLesionSite",
    "off": 7488,
    "sff": "spinal"
  },
  {
    "docID": "N197 Rochkind 2006",
    "et": "SpinalLesionSite",
    "off": 29376,
    "sff": "spinal"
  },
  {
    "docID": "N197 Rochkind 2006",
    "et": "SpinalLesionSite",
    "off": 18751,
    "sff": "spinal"
  },
  {
    "docID": "N197 Rochkind 2006",
    "et": "SpinalLesionSite",
    "off": 20415,
    "sff": "spinal"
  },
  {
    "docID": "N197 Rochkind 2006",
    "et": "SpinalLesionSite",
    "off": 23743,
    "sff": "spinal"
  },
  {
    "docID": "N197 Rochkind 2006",
    "et": "SpinalLesionSite",
    "off": 3266,
    "sff": "spinal"
  },
  {
    "docID": "N197 Rochkind 2006",
    "et": "SpinalLesionSite",
    "off": 14145,
    "sff": "spinal"
  },
  {
    "docID": "N197 Rochkind 2006",
    "et": "SpinalLesionSite",
    "off": 21691,
    "sff": "spinal"
  },
  {
    "docID": "N197 Rochkind 2006",
    "et": "SpinalLesionSite",
    "off": 5927,
    "sff": "spinal"
  },
  {
    "docID": "N197 Rochkind 2006",
    "et": "SpinalLesionSite",
    "off": 1980,
    "sff": "Spinal"
  },
  {
    "docID": "N197 Rochkind 2006",
    "et": "SpinalLesionSite",
    "off": 18223,
    "sff": "spinal"
  },
  {
    "docID": "N197 Rochkind 2006",
    "et": "SpinalLesionSite",
    "off": 18350,
    "sff": "spinal"
  },
  {
    "docID": "N197 Rochkind 2006",
    "et": "SpinalLesionSite",
    "off": 2349,
    "sff": "spinal"
  },
  {
    "docID": "N197 Rochkind 2006",
    "et": "SpinalLesionSite",
    "off": 10797,
    "sff": "spinal"
  },
  {
    "docID": "N197 Rochkind 2006",
    "et": "T7",
    "off": 10522,
    "sff": "T7"
  },
  {
    "docID": "N197 Rochkind 2006",
    "et": "T8",
    "off": 10525,
    "sff": "T8"
  },
  {
    "docID": "N197 Rochkind 2006",
    "et": "AnimalSpecies",
    "off": 9333,
    "sff": "Animal"
  },
  {
    "docID": "N197 Rochkind 2006",
    "et": "AnimalSpecies",
    "off": 11883,
    "sff": "animal"
  },
  {
    "docID": "N197 Rochkind 2006",
    "et": "AnimalSpecies",
    "off": 10410,
    "sff": "animal"
  },
  {
    "docID": "N197 Rochkind 2006",
    "et": "AnimalSpecies",
    "off": 9461,
    "sff": "animal"
  },
  {
    "docID": "N197 Rochkind 2006",
    "et": "CompoundBiologicalRelation",
    "off": 6126,
    "sff": "biological"
  },
  {
    "docID": "N197 Rochkind 2006",
    "et": "CompoundBiologicalRelation",
    "off": 11688,
    "sff": "biological"
  },
  {
    "docID": "N197 Rochkind 2006",
    "et": "Saline",
    "off": 8118,
    "sff": "saline"
  },
  {
    "docID": "N197 Rochkind 2006",
    "et": "Right",
    "off": 23492,
    "sff": "right"
  },
  {
    "docID": "N197 Rochkind 2006",
    "et": "Right",
    "off": 18090,
    "sff": "right"
  },
  {
    "docID": "N197 Rochkind 2006",
    "et": "TemperatureTreatment",
    "off": 14346,
    "sff": "temperature"
  },
  {
    "docID": "N197 Rochkind 2006",
    "et": "PBS",
    "off": 8126,
    "sff": "PBS"
  },
  {
    "docID": "N197 Rochkind 2006",
    "et": "PBS",
    "off": 8182,
    "sff": "PBS"
  },
  {
    "docID": "N197 Rochkind 2006",
    "et": "StemCell",
    "off": 24690,
    "sff": "stem"
  },
  {
    "docID": "N197 Rochkind 2006",
    "et": "StemCell",
    "off": 26071,
    "sff": "stem cell"
  },
  {
    "docID": "N197 Rochkind 2006",
    "et": "StemCell",
    "off": 4411,
    "sff": "stem"
  },
  {
    "docID": "N197 Rochkind 2006",
    "et": "StemCell",
    "off": 3806,
    "sff": "stem"
  },
  {
    "docID": "N197 Rochkind 2006",
    "et": "StemCell",
    "off": 3983,
    "sff": "stem"
  },
  {
    "docID": "N197 Rochkind 2006",
    "et": "SpinalCord",
    "off": 26991,
    "sff": "spinal cord"
  },
  {
    "docID": "N197 Rochkind 2006",
    "et": "SpinalCord",
    "off": 4589,
    "sff": "spinal cord"
  },
  {
    "docID": "N197 Rochkind 2006",
    "et": "SpinalCord",
    "off": 5613,
    "sff": "spinal cord"
  },
  {
    "docID": "N197 Rochkind 2006",
    "et": "SpinalCord",
    "off": 22485,
    "sff": "spinal"
  },
  {
    "docID": "N197 Rochkind 2006",
    "et": "SpinalCord",
    "off": 5740,
    "sff": "spinal cord"
  },
  {
    "docID": "N197 Rochkind 2006",
    "et": "SpinalCord",
    "off": 22362,
    "sff": "spinal"
  },
  {
    "docID": "N197 Rochkind 2006",
    "et": "SpinalCord",
    "off": 18408,
    "sff": "spinal cord"
  },
  {
    "docID": "N197 Rochkind 2006",
    "et": "SpinalCord",
    "off": 25079,
    "sff": "spinal cord"
  },
  {
    "docID": "N197 Rochkind 2006",
    "et": "SpinalCord",
    "off": 18638,
    "sff": "spinal"
  },
  {
    "docID": "N197 Rochkind 2006",
    "et": "SpinalCord",
    "off": 1140,
    "sff": "spinal cord"
  },
  {
    "docID": "N197 Rochkind 2006",
    "et": "SpinalCord",
    "off": 10740,
    "sff": "spinal cord"
  },
  {
    "docID": "N197 Rochkind 2006",
    "et": "SpinalCord",
    "off": 3057,
    "sff": "spinal cord"
  },
  {
    "docID": "N197 Rochkind 2006",
    "et": "SpinalCord",
    "off": 7409,
    "sff": "spinal cord"
  },
  {
    "docID": "N197 Rochkind 2006",
    "et": "SpinalCord",
    "off": 11505,
    "sff": "spinal cord"
  },
  {
    "docID": "N197 Rochkind 2006",
    "et": "SpinalCord",
    "off": 29552,
    "sff": "spinal cord"
  },
  {
    "docID": "N197 Rochkind 2006",
    "et": "SpinalCord",
    "off": 1980,
    "sff": "Spinal cord"
  },
  {
    "docID": "N197 Rochkind 2006",
    "et": "SpinalCord",
    "off": 27137,
    "sff": "spinal cord"
  },
  {
    "docID": "N197 Rochkind 2006",
    "et": "SpinalCord",
    "off": 1487,
    "sff": "spinal cord"
  },
  {
    "docID": "N197 Rochkind 2006",
    "et": "SpinalCord",
    "off": 23247,
    "sff": "spinal cord"
  },
  {
    "docID": "N197 Rochkind 2006",
    "et": "SpinalCord",
    "off": 23885,
    "sff": "spinal cord"
  },
  {
    "docID": "N197 Rochkind 2006",
    "et": "SpinalCord",
    "off": 1740,
    "sff": "spinal cord"
  },
  {
    "docID": "N197 Rochkind 2006",
    "et": "SpinalCord",
    "off": 969,
    "sff": "spinal cord"
  },
  {
    "docID": "N197 Rochkind 2006",
    "et": "SpinalCord",
    "off": 364,
    "sff": "spinal"
  },
  {
    "docID": "N197 Rochkind 2006",
    "et": "SpinalCord",
    "off": 22225,
    "sff": "spinal cord"
  },
  {
    "docID": "N197 Rochkind 2006",
    "et": "SpinalCord",
    "off": 18256,
    "sff": "spinal cord"
  },
  {
    "docID": "N197 Rochkind 2006",
    "et": "SpinalCord",
    "off": 3935,
    "sff": "spinal cord"
  },
  {
    "docID": "N197 Rochkind 2006",
    "et": "SpinalCord",
    "off": 10847,
    "sff": "spinal cord"
  },
  {
    "docID": "N197 Rochkind 2006",
    "et": "SpinalCord",
    "off": 15967,
    "sff": "spinal cord"
  },
  {
    "docID": "N197 Rochkind 2006",
    "et": "SpinalCord",
    "off": 15837,
    "sff": "spinal cord"
  },
  {
    "docID": "N197 Rochkind 2006",
    "et": "SpinalCord",
    "off": 1034,
    "sff": "spinal"
  },
  {
    "docID": "N197 Rochkind 2006",
    "et": "SpinalCord",
    "off": 2139,
    "sff": "spinal cord"
  },
  {
    "docID": "N197 Rochkind 2006",
    "et": "SpinalCord",
    "off": 14090,
    "sff": "spinal"
  },
  {
    "docID": "N197 Rochkind 2006",
    "et": "SpinalCord",
    "off": 12633,
    "sff": "spinal cord"
  },
  {
    "docID": "N197 Rochkind 2006",
    "et": "SpinalCord",
    "off": 3302,
    "sff": "spinal cord"
  },
  {
    "docID": "N197 Rochkind 2006",
    "et": "SpinalCord",
    "off": 15462,
    "sff": "spinal cord"
  },
  {
    "docID": "N197 Rochkind 2006",
    "et": "SpinalCord",
    "off": 24928,
    "sff": "spinal cord"
  },
  {
    "docID": "N197 Rochkind 2006",
    "et": "SpinalCord",
    "off": 18223,
    "sff": "spinal cord"
  },
  {
    "docID": "N197 Rochkind 2006",
    "et": "SpinalCord",
    "off": 18350,
    "sff": "spinal cord"
  },
  {
    "docID": "N197 Rochkind 2006",
    "et": "SpinalCord",
    "off": 2349,
    "sff": "spinal cord"
  },
  {
    "docID": "N197 Rochkind 2006",
    "et": "SpinalCord",
    "off": 10797,
    "sff": "spinal cord"
  },
  {
    "docID": "N197 Rochkind 2006",
    "et": "SpinalCord",
    "off": 17974,
    "sff": "spinal cord"
  },
  {
    "docID": "N197 Rochkind 2006",
    "et": "SpinalCord",
    "off": 5173,
    "sff": "spinal cord"
  },
  {
    "docID": "N197 Rochkind 2006",
    "et": "SpinalCord",
    "off": 10549,
    "sff": "spinal cord"
  },
  {
    "docID": "N197 Rochkind 2006",
    "et": "SpinalCord",
    "off": 5927,
    "sff": "spinal"
  },
  {
    "docID": "N197 Rochkind 2006",
    "et": "SpinalCord",
    "off": 18751,
    "sff": "spinal cord"
  },
  {
    "docID": "N197 Rochkind 2006",
    "et": "SpinalCord",
    "off": 20415,
    "sff": "spinal cord"
  },
  {
    "docID": "N197 Rochkind 2006",
    "et": "SpinalCord",
    "off": 23743,
    "sff": "spinal cord"
  },
  {
    "docID": "N197 Rochkind 2006",
    "et": "SpinalCord",
    "off": 2684,
    "sff": "Spinal cord"
  },
  {
    "docID": "N197 Rochkind 2006",
    "et": "SpinalCord",
    "off": 21691,
    "sff": "spinal cord"
  },
  {
    "docID": "N197 Rochkind 2006",
    "et": "SpinalCord",
    "off": 1849,
    "sff": "spinal cord"
  },
  {
    "docID": "N197 Rochkind 2006",
    "et": "SpinalCord",
    "off": 4664,
    "sff": "spinal cord"
  },
  {
    "docID": "N197 Rochkind 2006",
    "et": "SpinalCord",
    "off": 14008,
    "sff": "spinal cord"
  },
  {
    "docID": "N197 Rochkind 2006",
    "et": "SpinalCord",
    "off": 198,
    "sff": "spinal cord"
  },
  {
    "docID": "N197 Rochkind 2006",
    "et": "SpinalCord",
    "off": 3654,
    "sff": "spinal cord"
  },
  {
    "docID": "N197 Rochkind 2006",
    "et": "SpinalCord",
    "off": 10437,
    "sff": "spinal cord"
  },
  {
    "docID": "N197 Rochkind 2006",
    "et": "SpinalCord",
    "off": 21632,
    "sff": "Spinal cord"
  },
  {
    "docID": "N197 Rochkind 2006",
    "et": "SpinalCord",
    "off": 29376,
    "sff": "spinal cord"
  },
  {
    "docID": "N197 Rochkind 2006",
    "et": "SpinalCord",
    "off": 24335,
    "sff": "spinal cord"
  },
  {
    "docID": "N197 Rochkind 2006",
    "et": "SpinalCord",
    "off": 17804,
    "sff": "spinal cord"
  },
  {
    "docID": "N197 Rochkind 2006",
    "et": "SpinalCord",
    "off": 21388,
    "sff": "spinal cord"
  },
  {
    "docID": "N197 Rochkind 2006",
    "et": "SpinalCord",
    "off": 11402,
    "sff": "spinal cord"
  },
  {
    "docID": "N197 Rochkind 2006",
    "et": "SpinalCord",
    "off": 29449,
    "sff": "spinal cord"
  },
  {
    "docID": "N197 Rochkind 2006",
    "et": "SpinalCord",
    "off": 11282,
    "sff": "spinal cord"
  },
  {
    "docID": "N197 Rochkind 2006",
    "et": "SpinalCord",
    "off": 26399,
    "sff": "spinal cord"
  },
  {
    "docID": "N197 Rochkind 2006",
    "et": "SpinalCord",
    "off": 11165,
    "sff": "spinal cord"
  },
  {
    "docID": "N197 Rochkind 2006",
    "et": "SpinalCord",
    "off": 3266,
    "sff": "spinal"
  },
  {
    "docID": "N197 Rochkind 2006",
    "et": "SpinalCord",
    "off": 14145,
    "sff": "spinal"
  },
  {
    "docID": "N197 Rochkind 2006",
    "et": "SpinalCord",
    "off": 7488,
    "sff": "spinal"
  },
  {
    "docID": "N197 Rochkind 2006",
    "et": "Proliferation",
    "off": 4377,
    "sff": "proliferation"
  },
  {
    "docID": "N197 Rochkind 2006",
    "et": "LesionAdjacentTissue",
    "off": 11595,
    "sff": "lesion"
  },
  {
    "docID": "N197 Rochkind 2006",
    "et": "CentralNervousSystem",
    "off": 2073,
    "sff": "central nervous system"
  },
  {
    "docID": "N197 Rochkind 2006",
    "et": "CentralNervousSystem",
    "off": 27870,
    "sff": "central nervous"
  },
  {
    "docID": "N197 Rochkind 2006",
    "et": "CentralNervousSystem",
    "off": 2073,
    "sff": "central nervous"
  },
  {
    "docID": "N197 Rochkind 2006",
    "et": "CentralNervousSystem",
    "off": 27870,
    "sff": "central nervous system"
  },
  {
    "docID": "N197 Rochkind 2006",
    "et": "Matrix",
    "off": 4990,
    "sff": "matrix"
  },
  {
    "docID": "N197 Rochkind 2006",
    "et": "SpinalCentralPart",
    "off": 11165,
    "sff": "spinal"
  },
  {
    "docID": "N197 Rochkind 2006",
    "et": "SpinalCentralPart",
    "off": 26399,
    "sff": "spinal"
  },
  {
    "docID": "N197 Rochkind 2006",
    "et": "SpinalCentralPart",
    "off": 5927,
    "sff": "spinal"
  },
  {
    "docID": "N197 Rochkind 2006",
    "et": "SpinalCentralPart",
    "off": 2349,
    "sff": "spinal"
  },
  {
    "docID": "N197 Rochkind 2006",
    "et": "SpinalCentralPart",
    "off": 10797,
    "sff": "spinal"
  },
  {
    "docID": "N197 Rochkind 2006",
    "et": "SpinalCentralPart",
    "off": 18350,
    "sff": "spinal"
  },
  {
    "docID": "N197 Rochkind 2006",
    "et": "SpinalCentralPart",
    "off": 27870,
    "sff": "central"
  },
  {
    "docID": "N197 Rochkind 2006",
    "et": "SpinalCentralPart",
    "off": 18223,
    "sff": "spinal"
  },
  {
    "docID": "N197 Rochkind 2006",
    "et": "SpinalCentralPart",
    "off": 4664,
    "sff": "spinal"
  },
  {
    "docID": "N197 Rochkind 2006",
    "et": "SpinalCentralPart",
    "off": 14008,
    "sff": "spinal"
  },
  {
    "docID": "N197 Rochkind 2006",
    "et": "SpinalCentralPart",
    "off": 1849,
    "sff": "spinal"
  },
  {
    "docID": "N197 Rochkind 2006",
    "et": "SpinalCentralPart",
    "off": 21691,
    "sff": "spinal"
  },
  {
    "docID": "N197 Rochkind 2006",
    "et": "SpinalCentralPart",
    "off": 5173,
    "sff": "spinal"
  },
  {
    "docID": "N197 Rochkind 2006",
    "et": "SpinalCentralPart",
    "off": 10549,
    "sff": "spinal"
  },
  {
    "docID": "N197 Rochkind 2006",
    "et": "SpinalCentralPart",
    "off": 1980,
    "sff": "Spinal"
  },
  {
    "docID": "N197 Rochkind 2006",
    "et": "SpinalCentralPart",
    "off": 17974,
    "sff": "spinal"
  },
  {
    "docID": "N197 Rochkind 2006",
    "et": "SpinalCentralPart",
    "off": 27137,
    "sff": "spinal"
  },
  {
    "docID": "N197 Rochkind 2006",
    "et": "SpinalCentralPart",
    "off": 29449,
    "sff": "spinal"
  },
  {
    "docID": "N197 Rochkind 2006",
    "et": "SpinalCentralPart",
    "off": 1034,
    "sff": "spinal"
  },
  {
    "docID": "N197 Rochkind 2006",
    "et": "SpinalCentralPart",
    "off": 11402,
    "sff": "spinal"
  },
  {
    "docID": "N197 Rochkind 2006",
    "et": "SpinalCentralPart",
    "off": 14090,
    "sff": "spinal"
  },
  {
    "docID": "N197 Rochkind 2006",
    "et": "SpinalCentralPart",
    "off": 11282,
    "sff": "spinal"
  },
  {
    "docID": "N197 Rochkind 2006",
    "et": "SpinalCentralPart",
    "off": 17804,
    "sff": "spinal"
  },
  {
    "docID": "N197 Rochkind 2006",
    "et": "SpinalCentralPart",
    "off": 21388,
    "sff": "spinal"
  },
  {
    "docID": "N197 Rochkind 2006",
    "et": "SpinalCentralPart",
    "off": 24335,
    "sff": "spinal"
  },
  {
    "docID": "N197 Rochkind 2006",
    "et": "SpinalCentralPart",
    "off": 24928,
    "sff": "spinal"
  },
  {
    "docID": "N197 Rochkind 2006",
    "et": "SpinalCentralPart",
    "off": 15837,
    "sff": "spinal"
  },
  {
    "docID": "N197 Rochkind 2006",
    "et": "SpinalCentralPart",
    "off": 3935,
    "sff": "spinal"
  },
  {
    "docID": "N197 Rochkind 2006",
    "et": "SpinalCentralPart",
    "off": 10847,
    "sff": "spinal"
  },
  {
    "docID": "N197 Rochkind 2006",
    "et": "SpinalCentralPart",
    "off": 15967,
    "sff": "spinal"
  },
  {
    "docID": "N197 Rochkind 2006",
    "et": "SpinalCentralPart",
    "off": 18408,
    "sff": "spinal"
  },
  {
    "docID": "N197 Rochkind 2006",
    "et": "SpinalCentralPart",
    "off": 3302,
    "sff": "spinal"
  },
  {
    "docID": "N197 Rochkind 2006",
    "et": "SpinalCentralPart",
    "off": 15462,
    "sff": "spinal"
  },
  {
    "docID": "N197 Rochkind 2006",
    "et": "SpinalCentralPart",
    "off": 29552,
    "sff": "spinal"
  },
  {
    "docID": "N197 Rochkind 2006",
    "et": "SpinalCentralPart",
    "off": 3057,
    "sff": "spinal"
  },
  {
    "docID": "N197 Rochkind 2006",
    "et": "SpinalCentralPart",
    "off": 7409,
    "sff": "spinal"
  },
  {
    "docID": "N197 Rochkind 2006",
    "et": "SpinalCentralPart",
    "off": 11505,
    "sff": "spinal"
  },
  {
    "docID": "N197 Rochkind 2006",
    "et": "SpinalCentralPart",
    "off": 11122,
    "sff": "spinal"
  },
  {
    "docID": "N197 Rochkind 2006",
    "et": "SpinalCentralPart",
    "off": 364,
    "sff": "spinal"
  },
  {
    "docID": "N197 Rochkind 2006",
    "et": "SpinalCentralPart",
    "off": 5740,
    "sff": "spinal"
  },
  {
    "docID": "N197 Rochkind 2006",
    "et": "SpinalCentralPart",
    "off": 4589,
    "sff": "spinal"
  },
  {
    "docID": "N197 Rochkind 2006",
    "et": "SpinalCentralPart",
    "off": 5613,
    "sff": "spinal"
  },
  {
    "docID": "N197 Rochkind 2006",
    "et": "SpinalCentralPart",
    "off": 26991,
    "sff": "spinal"
  },
  {
    "docID": "N197 Rochkind 2006",
    "et": "SpinalCentralPart",
    "off": 21632,
    "sff": "Spinal"
  },
  {
    "docID": "N197 Rochkind 2006",
    "et": "SpinalCentralPart",
    "off": 1140,
    "sff": "spinal"
  },
  {
    "docID": "N197 Rochkind 2006",
    "et": "SpinalCentralPart",
    "off": 10740,
    "sff": "spinal"
  },
  {
    "docID": "N197 Rochkind 2006",
    "et": "SpinalCentralPart",
    "off": 2073,
    "sff": "central"
  },
  {
    "docID": "N197 Rochkind 2006",
    "et": "SpinalCentralPart",
    "off": 2684,
    "sff": "Spinal"
  },
  {
    "docID": "N197 Rochkind 2006",
    "et": "SpinalCentralPart",
    "off": 25079,
    "sff": "spinal"
  },
  {
    "docID": "N197 Rochkind 2006",
    "et": "SpinalCentralPart",
    "off": 7488,
    "sff": "spinal"
  },
  {
    "docID": "N197 Rochkind 2006",
    "et": "SpinalCentralPart",
    "off": 29376,
    "sff": "spinal"
  },
  {
    "docID": "N197 Rochkind 2006",
    "et": "SpinalCentralPart",
    "off": 14145,
    "sff": "spinal"
  },
  {
    "docID": "N197 Rochkind 2006",
    "et": "SpinalCentralPart",
    "off": 3266,
    "sff": "spinal"
  },
  {
    "docID": "N197 Rochkind 2006",
    "et": "SpinalCentralPart",
    "off": 18751,
    "sff": "spinal"
  },
  {
    "docID": "N197 Rochkind 2006",
    "et": "SpinalCentralPart",
    "off": 20415,
    "sff": "spinal"
  },
  {
    "docID": "N197 Rochkind 2006",
    "et": "SpinalCentralPart",
    "off": 23743,
    "sff": "spinal"
  },
  {
    "docID": "N197 Rochkind 2006",
    "et": "SpinalCentralPart",
    "off": 969,
    "sff": "spinal"
  },
  {
    "docID": "N197 Rochkind 2006",
    "et": "SpinalCentralPart",
    "off": 10437,
    "sff": "spinal"
  },
  {
    "docID": "N197 Rochkind 2006",
    "et": "SpinalCentralPart",
    "off": 198,
    "sff": "spinal"
  },
  {
    "docID": "N197 Rochkind 2006",
    "et": "SpinalCentralPart",
    "off": 3654,
    "sff": "spinal"
  },
  {
    "docID": "N197 Rochkind 2006",
    "et": "SpinalCentralPart",
    "off": 18256,
    "sff": "spinal"
  },
  {
    "docID": "N197 Rochkind 2006",
    "et": "SpinalCentralPart",
    "off": 22225,
    "sff": "spinal"
  },
  {
    "docID": "N197 Rochkind 2006",
    "et": "SpinalCentralPart",
    "off": 1740,
    "sff": "spinal"
  },
  {
    "docID": "N197 Rochkind 2006",
    "et": "SpinalCentralPart",
    "off": 23885,
    "sff": "spinal"
  },
  {
    "docID": "N197 Rochkind 2006",
    "et": "SpinalCentralPart",
    "off": 18638,
    "sff": "spinal"
  },
  {
    "docID": "N197 Rochkind 2006",
    "et": "SpinalCentralPart",
    "off": 1487,
    "sff": "spinal"
  },
  {
    "docID": "N197 Rochkind 2006",
    "et": "SpinalCentralPart",
    "off": 23247,
    "sff": "spinal"
  },
  {
    "docID": "N197 Rochkind 2006",
    "et": "SpinalCentralPart",
    "off": 12633,
    "sff": "spinal"
  },
  {
    "docID": "N197 Rochkind 2006",
    "et": "SpinalCentralPart",
    "off": 22362,
    "sff": "spinal"
  },
  {
    "docID": "N197 Rochkind 2006",
    "et": "SpinalCentralPart",
    "off": 2139,
    "sff": "spinal"
  },
  {
    "docID": "N197 Rochkind 2006",
    "et": "SpinalCentralPart",
    "off": 22485,
    "sff": "spinal"
  },
  {
    "docID": "N197 Rochkind 2006",
    "et": "PhysicalTreatment",
    "off": 19745,
    "sff": "physical"
  },
  {
    "docID": "N197 Rochkind 2006",
    "et": "PhysicalTreatment",
    "off": 5344,
    "sff": "physical"
  },
  {
    "docID": "N197 Rochkind 2006",
    "et": "Ketamine",
    "off": 10041,
    "sff": "Ketamine"
  },
  {
    "docID": "N197 Rochkind 2006",
    "et": "Ketamine",
    "off": 10145,
    "sff": "Ketamine"
  },
  {
    "docID": "N197 Rochkind 2006",
    "et": "Ketamine",
    "off": 9874,
    "sff": "Ketamine"
  },
  {
    "docID": "N197 Rochkind 2006",
    "et": "Brain",
    "off": 1613,
    "sff": "brain"
  },
  {
    "docID": "N197 Rochkind 2006",
    "et": "AscendingFiberTract",
    "off": 28154,
    "sff": "fiber"
  },
  {
    "docID": "N197 Rochkind 2006",
    "et": "SpinalWhiteMatter",
    "off": 22362,
    "sff": "spinal"
  },
  {
    "docID": "N197 Rochkind 2006",
    "et": "SpinalWhiteMatter",
    "off": 2139,
    "sff": "spinal"
  },
  {
    "docID": "N197 Rochkind 2006",
    "et": "SpinalWhiteMatter",
    "off": 15837,
    "sff": "spinal"
  },
  {
    "docID": "N197 Rochkind 2006",
    "et": "SpinalWhiteMatter",
    "off": 12633,
    "sff": "spinal"
  },
  {
    "docID": "N197 Rochkind 2006",
    "et": "SpinalWhiteMatter",
    "off": 22485,
    "sff": "spinal"
  },
  {
    "docID": "N197 Rochkind 2006",
    "et": "SpinalWhiteMatter",
    "off": 18638,
    "sff": "spinal"
  },
  {
    "docID": "N197 Rochkind 2006",
    "et": "SpinalWhiteMatter",
    "off": 1487,
    "sff": "spinal"
  },
  {
    "docID": "N197 Rochkind 2006",
    "et": "SpinalWhiteMatter",
    "off": 23247,
    "sff": "spinal"
  },
  {
    "docID": "N197 Rochkind 2006",
    "et": "SpinalWhiteMatter",
    "off": 18256,
    "sff": "spinal"
  },
  {
    "docID": "N197 Rochkind 2006",
    "et": "SpinalWhiteMatter",
    "off": 22225,
    "sff": "spinal"
  },
  {
    "docID": "N197 Rochkind 2006",
    "et": "SpinalWhiteMatter",
    "off": 1740,
    "sff": "spinal"
  },
  {
    "docID": "N197 Rochkind 2006",
    "et": "SpinalWhiteMatter",
    "off": 23885,
    "sff": "spinal"
  },
  {
    "docID": "N197 Rochkind 2006",
    "et": "SpinalWhiteMatter",
    "off": 198,
    "sff": "spinal"
  },
  {
    "docID": "N197 Rochkind 2006",
    "et": "SpinalWhiteMatter",
    "off": 3654,
    "sff": "spinal"
  },
  {
    "docID": "N197 Rochkind 2006",
    "et": "SpinalWhiteMatter",
    "off": 21632,
    "sff": "Spinal"
  },
  {
    "docID": "N197 Rochkind 2006",
    "et": "SpinalWhiteMatter",
    "off": 969,
    "sff": "spinal"
  },
  {
    "docID": "N197 Rochkind 2006",
    "et": "SpinalWhiteMatter",
    "off": 3266,
    "sff": "spinal"
  },
  {
    "docID": "N197 Rochkind 2006",
    "et": "SpinalWhiteMatter",
    "off": 10437,
    "sff": "spinal"
  },
  {
    "docID": "N197 Rochkind 2006",
    "et": "SpinalWhiteMatter",
    "off": 23743,
    "sff": "spinal"
  },
  {
    "docID": "N197 Rochkind 2006",
    "et": "SpinalWhiteMatter",
    "off": 18751,
    "sff": "spinal"
  },
  {
    "docID": "N197 Rochkind 2006",
    "et": "SpinalWhiteMatter",
    "off": 20415,
    "sff": "spinal"
  },
  {
    "docID": "N197 Rochkind 2006",
    "et": "SpinalWhiteMatter",
    "off": 7488,
    "sff": "spinal"
  },
  {
    "docID": "N197 Rochkind 2006",
    "et": "SpinalWhiteMatter",
    "off": 14145,
    "sff": "spinal"
  },
  {
    "docID": "N197 Rochkind 2006",
    "et": "SpinalWhiteMatter",
    "off": 29376,
    "sff": "spinal"
  },
  {
    "docID": "N197 Rochkind 2006",
    "et": "SpinalWhiteMatter",
    "off": 25079,
    "sff": "spinal"
  },
  {
    "docID": "N197 Rochkind 2006",
    "et": "SpinalWhiteMatter",
    "off": 11122,
    "sff": "spinal"
  },
  {
    "docID": "N197 Rochkind 2006",
    "et": "SpinalWhiteMatter",
    "off": 2684,
    "sff": "Spinal"
  },
  {
    "docID": "N197 Rochkind 2006",
    "et": "SpinalWhiteMatter",
    "off": 1140,
    "sff": "spinal"
  },
  {
    "docID": "N197 Rochkind 2006",
    "et": "SpinalWhiteMatter",
    "off": 10740,
    "sff": "spinal"
  },
  {
    "docID": "N197 Rochkind 2006",
    "et": "SpinalWhiteMatter",
    "off": 26991,
    "sff": "spinal"
  },
  {
    "docID": "N197 Rochkind 2006",
    "et": "SpinalWhiteMatter",
    "off": 22709,
    "sff": "white matter"
  },
  {
    "docID": "N197 Rochkind 2006",
    "et": "SpinalWhiteMatter",
    "off": 3057,
    "sff": "spinal"
  },
  {
    "docID": "N197 Rochkind 2006",
    "et": "SpinalWhiteMatter",
    "off": 7409,
    "sff": "spinal"
  },
  {
    "docID": "N197 Rochkind 2006",
    "et": "SpinalWhiteMatter",
    "off": 11505,
    "sff": "spinal"
  },
  {
    "docID": "N197 Rochkind 2006",
    "et": "SpinalWhiteMatter",
    "off": 29552,
    "sff": "spinal"
  },
  {
    "docID": "N197 Rochkind 2006",
    "et": "SpinalWhiteMatter",
    "off": 364,
    "sff": "spinal"
  },
  {
    "docID": "N197 Rochkind 2006",
    "et": "SpinalWhiteMatter",
    "off": 5740,
    "sff": "spinal"
  },
  {
    "docID": "N197 Rochkind 2006",
    "et": "SpinalWhiteMatter",
    "off": 4589,
    "sff": "spinal"
  },
  {
    "docID": "N197 Rochkind 2006",
    "et": "SpinalWhiteMatter",
    "off": 5613,
    "sff": "spinal"
  },
  {
    "docID": "N197 Rochkind 2006",
    "et": "SpinalWhiteMatter",
    "off": 3302,
    "sff": "spinal"
  },
  {
    "docID": "N197 Rochkind 2006",
    "et": "SpinalWhiteMatter",
    "off": 15462,
    "sff": "spinal"
  },
  {
    "docID": "N197 Rochkind 2006",
    "et": "SpinalWhiteMatter",
    "off": 18408,
    "sff": "spinal"
  },
  {
    "docID": "N197 Rochkind 2006",
    "et": "SpinalWhiteMatter",
    "off": 3935,
    "sff": "spinal"
  },
  {
    "docID": "N197 Rochkind 2006",
    "et": "SpinalWhiteMatter",
    "off": 10847,
    "sff": "spinal"
  },
  {
    "docID": "N197 Rochkind 2006",
    "et": "SpinalWhiteMatter",
    "off": 15967,
    "sff": "spinal"
  },
  {
    "docID": "N197 Rochkind 2006",
    "et": "SpinalWhiteMatter",
    "off": 24928,
    "sff": "spinal"
  },
  {
    "docID": "N197 Rochkind 2006",
    "et": "SpinalWhiteMatter",
    "off": 11165,
    "sff": "spinal"
  },
  {
    "docID": "N197 Rochkind 2006",
    "et": "SpinalWhiteMatter",
    "off": 11282,
    "sff": "spinal"
  },
  {
    "docID": "N197 Rochkind 2006",
    "et": "SpinalWhiteMatter",
    "off": 24335,
    "sff": "spinal"
  },
  {
    "docID": "N197 Rochkind 2006",
    "et": "SpinalWhiteMatter",
    "off": 1034,
    "sff": "spinal"
  },
  {
    "docID": "N197 Rochkind 2006",
    "et": "SpinalWhiteMatter",
    "off": 11402,
    "sff": "spinal"
  },
  {
    "docID": "N197 Rochkind 2006",
    "et": "SpinalWhiteMatter",
    "off": 14090,
    "sff": "spinal"
  },
  {
    "docID": "N197 Rochkind 2006",
    "et": "SpinalWhiteMatter",
    "off": 17804,
    "sff": "spinal"
  },
  {
    "docID": "N197 Rochkind 2006",
    "et": "SpinalWhiteMatter",
    "off": 21388,
    "sff": "spinal"
  },
  {
    "docID": "N197 Rochkind 2006",
    "et": "SpinalWhiteMatter",
    "off": 29449,
    "sff": "spinal"
  },
  {
    "docID": "N197 Rochkind 2006",
    "et": "SpinalWhiteMatter",
    "off": 27137,
    "sff": "spinal"
  },
  {
    "docID": "N197 Rochkind 2006",
    "et": "SpinalWhiteMatter",
    "off": 21691,
    "sff": "spinal"
  },
  {
    "docID": "N197 Rochkind 2006",
    "et": "SpinalWhiteMatter",
    "off": 17974,
    "sff": "spinal"
  },
  {
    "docID": "N197 Rochkind 2006",
    "et": "SpinalWhiteMatter",
    "off": 4664,
    "sff": "spinal"
  },
  {
    "docID": "N197 Rochkind 2006",
    "et": "SpinalWhiteMatter",
    "off": 14008,
    "sff": "spinal"
  },
  {
    "docID": "N197 Rochkind 2006",
    "et": "SpinalWhiteMatter",
    "off": 1849,
    "sff": "spinal"
  },
  {
    "docID": "N197 Rochkind 2006",
    "et": "SpinalWhiteMatter",
    "off": 1980,
    "sff": "Spinal"
  },
  {
    "docID": "N197 Rochkind 2006",
    "et": "SpinalWhiteMatter",
    "off": 5173,
    "sff": "spinal"
  },
  {
    "docID": "N197 Rochkind 2006",
    "et": "SpinalWhiteMatter",
    "off": 10549,
    "sff": "spinal"
  },
  {
    "docID": "N197 Rochkind 2006",
    "et": "SpinalWhiteMatter",
    "off": 18350,
    "sff": "spinal"
  },
  {
    "docID": "N197 Rochkind 2006",
    "et": "SpinalWhiteMatter",
    "off": 18223,
    "sff": "spinal"
  },
  {
    "docID": "N197 Rochkind 2006",
    "et": "SpinalWhiteMatter",
    "off": 2349,
    "sff": "spinal"
  },
  {
    "docID": "N197 Rochkind 2006",
    "et": "SpinalWhiteMatter",
    "off": 10797,
    "sff": "spinal"
  },
  {
    "docID": "N197 Rochkind 2006",
    "et": "SpinalWhiteMatter",
    "off": 5927,
    "sff": "spinal"
  },
  {
    "docID": "N197 Rochkind 2006",
    "et": "SpinalWhiteMatter",
    "off": 26399,
    "sff": "spinal"
  },
  {
    "docID": "N197 Rochkind 2006",
    "et": "SpinalWhiteMatter",
    "off": 22709,
    "sff": "white"
  },
  {
    "docID": "N197 Rochkind 2006",
    "et": "Electrodes",
    "off": 12731,
    "sff": "electrodes"
  },
  {
    "docID": "N197 Rochkind 2006",
    "et": "Electrodes",
    "off": 12799,
    "sff": "electrodes"
  },
  {
    "docID": "N197 Rochkind 2006",
    "et": "PhysicalImplantTreatment",
    "off": 19745,
    "sff": "physical"
  },
  {
    "docID": "N197 Rochkind 2006",
    "et": "PhysicalImplantTreatment",
    "off": 5344,
    "sff": "physical"
  },
  {
    "docID": "N197 Rochkind 2006",
    "et": "UmbilicalCordBloodStemCell",
    "off": 3942,
    "sff": "cord"
  },
  {
    "docID": "N197 Rochkind 2006",
    "et": "UmbilicalCordBloodStemCell",
    "off": 10854,
    "sff": "cord"
  },
  {
    "docID": "N197 Rochkind 2006",
    "et": "UmbilicalCordBloodStemCell",
    "off": 24935,
    "sff": "cord"
  },
  {
    "docID": "N197 Rochkind 2006",
    "et": "UmbilicalCordBloodStemCell",
    "off": 15974,
    "sff": "cord"
  },
  {
    "docID": "N197 Rochkind 2006",
    "et": "UmbilicalCordBloodStemCell",
    "off": 18415,
    "sff": "cord"
  },
  {
    "docID": "N197 Rochkind 2006",
    "et": "UmbilicalCordBloodStemCell",
    "off": 3309,
    "sff": "cord"
  },
  {
    "docID": "N197 Rochkind 2006",
    "et": "UmbilicalCordBloodStemCell",
    "off": 15469,
    "sff": "cord"
  },
  {
    "docID": "N197 Rochkind 2006",
    "et": "UmbilicalCordBloodStemCell",
    "off": 4596,
    "sff": "cord"
  },
  {
    "docID": "N197 Rochkind 2006",
    "et": "UmbilicalCordBloodStemCell",
    "off": 5620,
    "sff": "cord"
  },
  {
    "docID": "N197 Rochkind 2006",
    "et": "UmbilicalCordBloodStemCell",
    "off": 5747,
    "sff": "cord"
  },
  {
    "docID": "N197 Rochkind 2006",
    "et": "UmbilicalCordBloodStemCell",
    "off": 29559,
    "sff": "cord"
  },
  {
    "docID": "N197 Rochkind 2006",
    "et": "UmbilicalCordBloodStemCell",
    "off": 248,
    "sff": "cord"
  },
  {
    "docID": "N197 Rochkind 2006",
    "et": "UmbilicalCordBloodStemCell",
    "off": 3064,
    "sff": "cord"
  },
  {
    "docID": "N197 Rochkind 2006",
    "et": "UmbilicalCordBloodStemCell",
    "off": 7416,
    "sff": "cord"
  },
  {
    "docID": "N197 Rochkind 2006",
    "et": "UmbilicalCordBloodStemCell",
    "off": 11512,
    "sff": "cord"
  },
  {
    "docID": "N197 Rochkind 2006",
    "et": "UmbilicalCordBloodStemCell",
    "off": 26998,
    "sff": "cord"
  },
  {
    "docID": "N197 Rochkind 2006",
    "et": "UmbilicalCordBloodStemCell",
    "off": 1147,
    "sff": "cord"
  },
  {
    "docID": "N197 Rochkind 2006",
    "et": "UmbilicalCordBloodStemCell",
    "off": 10747,
    "sff": "cord"
  },
  {
    "docID": "N197 Rochkind 2006",
    "et": "UmbilicalCordBloodStemCell",
    "off": 25086,
    "sff": "cord"
  },
  {
    "docID": "N197 Rochkind 2006",
    "et": "UmbilicalCordBloodStemCell",
    "off": 2691,
    "sff": "cord"
  },
  {
    "docID": "N197 Rochkind 2006",
    "et": "UmbilicalCordBloodStemCell",
    "off": 29383,
    "sff": "cord"
  },
  {
    "docID": "N197 Rochkind 2006",
    "et": "UmbilicalCordBloodStemCell",
    "off": 18758,
    "sff": "cord"
  },
  {
    "docID": "N197 Rochkind 2006",
    "et": "UmbilicalCordBloodStemCell",
    "off": 20422,
    "sff": "cord"
  },
  {
    "docID": "N197 Rochkind 2006",
    "et": "UmbilicalCordBloodStemCell",
    "off": 23750,
    "sff": "cord"
  },
  {
    "docID": "N197 Rochkind 2006",
    "et": "UmbilicalCordBloodStemCell",
    "off": 26026,
    "sff": "umbilical cord"
  },
  {
    "docID": "N197 Rochkind 2006",
    "et": "UmbilicalCordBloodStemCell",
    "off": 10444,
    "sff": "cord"
  },
  {
    "docID": "N197 Rochkind 2006",
    "et": "UmbilicalCordBloodStemCell",
    "off": 205,
    "sff": "cord"
  },
  {
    "docID": "N197 Rochkind 2006",
    "et": "UmbilicalCordBloodStemCell",
    "off": 3661,
    "sff": "cord"
  },
  {
    "docID": "N197 Rochkind 2006",
    "et": "UmbilicalCordBloodStemCell",
    "off": 976,
    "sff": "cord"
  },
  {
    "docID": "N197 Rochkind 2006",
    "et": "UmbilicalCordBloodStemCell",
    "off": 23892,
    "sff": "cord"
  },
  {
    "docID": "N197 Rochkind 2006",
    "et": "UmbilicalCordBloodStemCell",
    "off": 1747,
    "sff": "cord"
  },
  {
    "docID": "N197 Rochkind 2006",
    "et": "UmbilicalCordBloodStemCell",
    "off": 1494,
    "sff": "cord"
  },
  {
    "docID": "N197 Rochkind 2006",
    "et": "UmbilicalCordBloodStemCell",
    "off": 18263,
    "sff": "cord"
  },
  {
    "docID": "N197 Rochkind 2006",
    "et": "UmbilicalCordBloodStemCell",
    "off": 22232,
    "sff": "cord"
  },
  {
    "docID": "N197 Rochkind 2006",
    "et": "UmbilicalCordBloodStemCell",
    "off": 23254,
    "sff": "cord"
  },
  {
    "docID": "N197 Rochkind 2006",
    "et": "UmbilicalCordBloodStemCell",
    "off": 26026,
    "sff": "umbilical cord blood"
  },
  {
    "docID": "N197 Rochkind 2006",
    "et": "UmbilicalCordBloodStemCell",
    "off": 12640,
    "sff": "cord"
  },
  {
    "docID": "N197 Rochkind 2006",
    "et": "UmbilicalCordBloodStemCell",
    "off": 2146,
    "sff": "cord"
  },
  {
    "docID": "N197 Rochkind 2006",
    "et": "UmbilicalCordBloodStemCell",
    "off": 15844,
    "sff": "cord"
  },
  {
    "docID": "N197 Rochkind 2006",
    "et": "UmbilicalCordBloodStemCell",
    "off": 26406,
    "sff": "cord"
  },
  {
    "docID": "N197 Rochkind 2006",
    "et": "UmbilicalCordBloodStemCell",
    "off": 2356,
    "sff": "cord"
  },
  {
    "docID": "N197 Rochkind 2006",
    "et": "UmbilicalCordBloodStemCell",
    "off": 10804,
    "sff": "cord"
  },
  {
    "docID": "N197 Rochkind 2006",
    "et": "UmbilicalCordBloodStemCell",
    "off": 18357,
    "sff": "cord"
  },
  {
    "docID": "N197 Rochkind 2006",
    "et": "UmbilicalCordBloodStemCell",
    "off": 18230,
    "sff": "cord"
  },
  {
    "docID": "N197 Rochkind 2006",
    "et": "UmbilicalCordBloodStemCell",
    "off": 5180,
    "sff": "cord"
  },
  {
    "docID": "N197 Rochkind 2006",
    "et": "UmbilicalCordBloodStemCell",
    "off": 10556,
    "sff": "cord"
  },
  {
    "docID": "N197 Rochkind 2006",
    "et": "UmbilicalCordBloodStemCell",
    "off": 14015,
    "sff": "cord"
  },
  {
    "docID": "N197 Rochkind 2006",
    "et": "UmbilicalCordBloodStemCell",
    "off": 1856,
    "sff": "cord"
  },
  {
    "docID": "N197 Rochkind 2006",
    "et": "UmbilicalCordBloodStemCell",
    "off": 17981,
    "sff": "cord"
  },
  {
    "docID": "N197 Rochkind 2006",
    "et": "UmbilicalCordBloodStemCell",
    "off": 4671,
    "sff": "cord"
  },
  {
    "docID": "N197 Rochkind 2006",
    "et": "UmbilicalCordBloodStemCell",
    "off": 1987,
    "sff": "cord"
  },
  {
    "docID": "N197 Rochkind 2006",
    "et": "UmbilicalCordBloodStemCell",
    "off": 21698,
    "sff": "cord"
  },
  {
    "docID": "N197 Rochkind 2006",
    "et": "UmbilicalCordBloodStemCell",
    "off": 21639,
    "sff": "cord"
  },
  {
    "docID": "N197 Rochkind 2006",
    "et": "UmbilicalCordBloodStemCell",
    "off": 27144,
    "sff": "cord"
  },
  {
    "docID": "N197 Rochkind 2006",
    "et": "UmbilicalCordBloodStemCell",
    "off": 10634,
    "sff": "cord"
  },
  {
    "docID": "N197 Rochkind 2006",
    "et": "UmbilicalCordBloodStemCell",
    "off": 22923,
    "sff": "cord"
  },
  {
    "docID": "N197 Rochkind 2006",
    "et": "UmbilicalCordBloodStemCell",
    "off": 29456,
    "sff": "cord"
  },
  {
    "docID": "N197 Rochkind 2006",
    "et": "UmbilicalCordBloodStemCell",
    "off": 17811,
    "sff": "cord"
  },
  {
    "docID": "N197 Rochkind 2006",
    "et": "UmbilicalCordBloodStemCell",
    "off": 21395,
    "sff": "cord"
  },
  {
    "docID": "N197 Rochkind 2006",
    "et": "UmbilicalCordBloodStemCell",
    "off": 11409,
    "sff": "cord"
  },
  {
    "docID": "N197 Rochkind 2006",
    "et": "UmbilicalCordBloodStemCell",
    "off": 24342,
    "sff": "cord"
  },
  {
    "docID": "N197 Rochkind 2006",
    "et": "UmbilicalCordBloodStemCell",
    "off": 11289,
    "sff": "cord"
  },
  {
    "docID": "N197 Rochkind 2006",
    "et": "UmbilicalCordBloodStemCell",
    "off": 11172,
    "sff": "cord"
  },
  {
    "docID": "N197 Rochkind 2006",
    "et": "Protein",
    "off": 16594,
    "sff": "protein"
  },
  {
    "docID": "N197 Rochkind 2006",
    "et": "Protein",
    "off": 17585,
    "sff": "protein"
  },
  {
    "docID": "N197 Rochkind 2006",
    "et": "Protein",
    "off": 16467,
    "sff": "Protein"
  },
  {
    "docID": "N197 Rochkind 2006",
    "et": "GlialCell",
    "off": 5394,
    "sff": "glial"
  },
  {
    "docID": "N197 Rochkind 2006",
    "et": "GlialCell",
    "off": 22989,
    "sff": "glial"
  },
  {
    "docID": "N197 Rochkind 2006",
    "et": "SpinalGrayMatter",
    "off": 27137,
    "sff": "spinal"
  },
  {
    "docID": "N197 Rochkind 2006",
    "et": "SpinalGrayMatter",
    "off": 1980,
    "sff": "Spinal"
  },
  {
    "docID": "N197 Rochkind 2006",
    "et": "SpinalGrayMatter",
    "off": 25079,
    "sff": "spinal"
  },
  {
    "docID": "N197 Rochkind 2006",
    "et": "SpinalGrayMatter",
    "off": 11122,
    "sff": "spinal"
  },
  {
    "docID": "N197 Rochkind 2006",
    "et": "SpinalGrayMatter",
    "off": 1140,
    "sff": "spinal"
  },
  {
    "docID": "N197 Rochkind 2006",
    "et": "SpinalGrayMatter",
    "off": 10740,
    "sff": "spinal"
  },
  {
    "docID": "N197 Rochkind 2006",
    "et": "SpinalGrayMatter",
    "off": 24335,
    "sff": "spinal"
  },
  {
    "docID": "N197 Rochkind 2006",
    "et": "SpinalGrayMatter",
    "off": 21388,
    "sff": "spinal"
  },
  {
    "docID": "N197 Rochkind 2006",
    "et": "SpinalGrayMatter",
    "off": 1034,
    "sff": "spinal"
  },
  {
    "docID": "N197 Rochkind 2006",
    "et": "SpinalGrayMatter",
    "off": 11402,
    "sff": "spinal"
  },
  {
    "docID": "N197 Rochkind 2006",
    "et": "SpinalGrayMatter",
    "off": 14090,
    "sff": "spinal"
  },
  {
    "docID": "N197 Rochkind 2006",
    "et": "SpinalGrayMatter",
    "off": 17804,
    "sff": "spinal"
  },
  {
    "docID": "N197 Rochkind 2006",
    "et": "SpinalGrayMatter",
    "off": 29449,
    "sff": "spinal"
  },
  {
    "docID": "N197 Rochkind 2006",
    "et": "SpinalGrayMatter",
    "off": 26399,
    "sff": "spinal"
  },
  {
    "docID": "N197 Rochkind 2006",
    "et": "SpinalGrayMatter",
    "off": 11165,
    "sff": "spinal"
  },
  {
    "docID": "N197 Rochkind 2006",
    "et": "SpinalGrayMatter",
    "off": 11282,
    "sff": "spinal"
  },
  {
    "docID": "N197 Rochkind 2006",
    "et": "SpinalGrayMatter",
    "off": 18223,
    "sff": "spinal"
  },
  {
    "docID": "N197 Rochkind 2006",
    "et": "SpinalGrayMatter",
    "off": 18350,
    "sff": "spinal"
  },
  {
    "docID": "N197 Rochkind 2006",
    "et": "SpinalGrayMatter",
    "off": 2349,
    "sff": "spinal"
  },
  {
    "docID": "N197 Rochkind 2006",
    "et": "SpinalGrayMatter",
    "off": 10797,
    "sff": "spinal"
  },
  {
    "docID": "N197 Rochkind 2006",
    "et": "SpinalGrayMatter",
    "off": 5927,
    "sff": "spinal"
  },
  {
    "docID": "N197 Rochkind 2006",
    "et": "SpinalGrayMatter",
    "off": 18751,
    "sff": "spinal"
  },
  {
    "docID": "N197 Rochkind 2006",
    "et": "SpinalGrayMatter",
    "off": 29376,
    "sff": "spinal"
  },
  {
    "docID": "N197 Rochkind 2006",
    "et": "SpinalGrayMatter",
    "off": 2684,
    "sff": "Spinal"
  },
  {
    "docID": "N197 Rochkind 2006",
    "et": "SpinalGrayMatter",
    "off": 14145,
    "sff": "spinal"
  },
  {
    "docID": "N197 Rochkind 2006",
    "et": "SpinalGrayMatter",
    "off": 7488,
    "sff": "spinal"
  },
  {
    "docID": "N197 Rochkind 2006",
    "et": "SpinalGrayMatter",
    "off": 20415,
    "sff": "spinal"
  },
  {
    "docID": "N197 Rochkind 2006",
    "et": "SpinalGrayMatter",
    "off": 23743,
    "sff": "spinal"
  },
  {
    "docID": "N197 Rochkind 2006",
    "et": "SpinalGrayMatter",
    "off": 21632,
    "sff": "Spinal"
  },
  {
    "docID": "N197 Rochkind 2006",
    "et": "SpinalGrayMatter",
    "off": 21691,
    "sff": "spinal"
  },
  {
    "docID": "N197 Rochkind 2006",
    "et": "SpinalGrayMatter",
    "off": 17974,
    "sff": "spinal"
  },
  {
    "docID": "N197 Rochkind 2006",
    "et": "SpinalGrayMatter",
    "off": 1849,
    "sff": "spinal"
  },
  {
    "docID": "N197 Rochkind 2006",
    "et": "SpinalGrayMatter",
    "off": 4664,
    "sff": "spinal"
  },
  {
    "docID": "N197 Rochkind 2006",
    "et": "SpinalGrayMatter",
    "off": 14008,
    "sff": "spinal"
  },
  {
    "docID": "N197 Rochkind 2006",
    "et": "SpinalGrayMatter",
    "off": 5173,
    "sff": "spinal"
  },
  {
    "docID": "N197 Rochkind 2006",
    "et": "SpinalGrayMatter",
    "off": 10549,
    "sff": "spinal"
  },
  {
    "docID": "N197 Rochkind 2006",
    "et": "SpinalGrayMatter",
    "off": 1487,
    "sff": "spinal"
  },
  {
    "docID": "N197 Rochkind 2006",
    "et": "SpinalGrayMatter",
    "off": 18638,
    "sff": "spinal"
  },
  {
    "docID": "N197 Rochkind 2006",
    "et": "SpinalGrayMatter",
    "off": 22225,
    "sff": "spinal"
  },
  {
    "docID": "N197 Rochkind 2006",
    "et": "SpinalGrayMatter",
    "off": 18256,
    "sff": "spinal"
  },
  {
    "docID": "N197 Rochkind 2006",
    "et": "SpinalGrayMatter",
    "off": 23247,
    "sff": "spinal"
  },
  {
    "docID": "N197 Rochkind 2006",
    "et": "SpinalGrayMatter",
    "off": 23885,
    "sff": "spinal"
  },
  {
    "docID": "N197 Rochkind 2006",
    "et": "SpinalGrayMatter",
    "off": 1740,
    "sff": "spinal"
  },
  {
    "docID": "N197 Rochkind 2006",
    "et": "SpinalGrayMatter",
    "off": 198,
    "sff": "spinal"
  },
  {
    "docID": "N197 Rochkind 2006",
    "et": "SpinalGrayMatter",
    "off": 3654,
    "sff": "spinal"
  },
  {
    "docID": "N197 Rochkind 2006",
    "et": "SpinalGrayMatter",
    "off": 969,
    "sff": "spinal"
  },
  {
    "docID": "N197 Rochkind 2006",
    "et": "SpinalGrayMatter",
    "off": 3266,
    "sff": "spinal"
  },
  {
    "docID": "N197 Rochkind 2006",
    "et": "SpinalGrayMatter",
    "off": 10437,
    "sff": "spinal"
  },
  {
    "docID": "N197 Rochkind 2006",
    "et": "SpinalGrayMatter",
    "off": 3935,
    "sff": "spinal"
  },
  {
    "docID": "N197 Rochkind 2006",
    "et": "SpinalGrayMatter",
    "off": 10847,
    "sff": "spinal"
  },
  {
    "docID": "N197 Rochkind 2006",
    "et": "SpinalGrayMatter",
    "off": 15967,
    "sff": "spinal"
  },
  {
    "docID": "N197 Rochkind 2006",
    "et": "SpinalGrayMatter",
    "off": 24928,
    "sff": "spinal"
  },
  {
    "docID": "N197 Rochkind 2006",
    "et": "SpinalGrayMatter",
    "off": 2139,
    "sff": "spinal"
  },
  {
    "docID": "N197 Rochkind 2006",
    "et": "SpinalGrayMatter",
    "off": 15837,
    "sff": "spinal"
  },
  {
    "docID": "N197 Rochkind 2006",
    "et": "SpinalGrayMatter",
    "off": 22362,
    "sff": "spinal"
  },
  {
    "docID": "N197 Rochkind 2006",
    "et": "SpinalGrayMatter",
    "off": 12633,
    "sff": "spinal"
  },
  {
    "docID": "N197 Rochkind 2006",
    "et": "SpinalGrayMatter",
    "off": 22485,
    "sff": "spinal"
  },
  {
    "docID": "N197 Rochkind 2006",
    "et": "SpinalGrayMatter",
    "off": 29552,
    "sff": "spinal"
  },
  {
    "docID": "N197 Rochkind 2006",
    "et": "SpinalGrayMatter",
    "off": 3057,
    "sff": "spinal"
  },
  {
    "docID": "N197 Rochkind 2006",
    "et": "SpinalGrayMatter",
    "off": 7409,
    "sff": "spinal"
  },
  {
    "docID": "N197 Rochkind 2006",
    "et": "SpinalGrayMatter",
    "off": 11505,
    "sff": "spinal"
  },
  {
    "docID": "N197 Rochkind 2006",
    "et": "SpinalGrayMatter",
    "off": 26991,
    "sff": "spinal"
  },
  {
    "docID": "N197 Rochkind 2006",
    "et": "SpinalGrayMatter",
    "off": 4589,
    "sff": "spinal"
  },
  {
    "docID": "N197 Rochkind 2006",
    "et": "SpinalGrayMatter",
    "off": 5613,
    "sff": "spinal"
  },
  {
    "docID": "N197 Rochkind 2006",
    "et": "SpinalGrayMatter",
    "off": 364,
    "sff": "spinal"
  },
  {
    "docID": "N197 Rochkind 2006",
    "et": "SpinalGrayMatter",
    "off": 5740,
    "sff": "spinal"
  },
  {
    "docID": "N197 Rochkind 2006",
    "et": "SpinalGrayMatter",
    "off": 3302,
    "sff": "spinal"
  },
  {
    "docID": "N197 Rochkind 2006",
    "et": "SpinalGrayMatter",
    "off": 15462,
    "sff": "spinal"
  },
  {
    "docID": "N197 Rochkind 2006",
    "et": "SpinalGrayMatter",
    "off": 18408,
    "sff": "spinal"
  },
  {
    "docID": "N197 Rochkind 2006",
    "et": "RatSpecies",
    "off": 16948,
    "sff": "rat"
  },
  {
    "docID": "N197 Rochkind 2006",
    "et": "RatSpecies",
    "off": 24924,
    "sff": "rat"
  },
  {
    "docID": "N197 Rochkind 2006",
    "et": "RatSpecies",
    "off": 20163,
    "sff": "rat"
  },
  {
    "docID": "N197 Rochkind 2006",
    "et": "RatSpecies",
    "off": 20256,
    "sff": "rat"
  },
  {
    "docID": "N197 Rochkind 2006",
    "et": "RatSpecies",
    "off": 17927,
    "sff": "rat"
  },
  {
    "docID": "N197 Rochkind 2006",
    "et": "RatSpecies",
    "off": 20647,
    "sff": "rat"
  },
  {
    "docID": "N197 Rochkind 2006",
    "et": "RatSpecies",
    "off": 23463,
    "sff": "rat"
  },
  {
    "docID": "N197 Rochkind 2006",
    "et": "RatSpecies",
    "off": 20741,
    "sff": "rat"
  },
  {
    "docID": "N197 Rochkind 2006",
    "et": "RatSpecies",
    "off": 20491,
    "sff": "rat"
  },
  {
    "docID": "N197 Rochkind 2006",
    "et": "RatSpecies",
    "off": 18312,
    "sff": "rat"
  },
  {
    "docID": "N197 Rochkind 2006",
    "et": "RatSpecies",
    "off": 18030,
    "sff": "rat"
  },
  {
    "docID": "N197 Rochkind 2006",
    "et": "RatSpecies",
    "off": 20557,
    "sff": "rat"
  },
  {
    "docID": "N197 Rochkind 2006",
    "et": "RatSpecies",
    "off": 19852,
    "sff": "rat"
  },
  {
    "docID": "N197 Rochkind 2006",
    "et": "Direction",
    "off": 18550,
    "sff": "direction"
  },
  {
    "docID": "N197 Rochkind 2006",
    "et": "Direction",
    "off": 14248,
    "sff": "direction"
  },
  {
    "docID": "N197 Rochkind 2006",
    "et": "CurrentApplication",
    "off": 29204,
    "sff": "current"
  },
  {
    "docID": "N197 Rochkind 2006",
    "et": "CurrentApplication",
    "off": 26374,
    "sff": "current"
  },
  {
    "docID": "N197 Rochkind 2006",
    "et": "CurrentApplication",
    "off": 26567,
    "sff": "current"
  },
  {
    "docID": "N197 Rochkind 2006",
    "et": "CurrentApplication",
    "off": 28455,
    "sff": "current"
  },
  {
    "docID": "N197 Rochkind 2006",
    "et": "CurrentApplication",
    "off": 24827,
    "sff": "current"
  },
  {
    "docID": "N197 Rochkind 2006",
    "et": "CurrentApplication",
    "off": 5773,
    "sff": "current"
  },
  {
    "docID": "N197 Rochkind 2006",
    "et": "ImplantedDepotPellet",
    "off": 22035,
    "sff": "implanted"
  },
  {
    "docID": "N197 Rochkind 2006",
    "et": "ImplantedDepotPellet",
    "off": 1396,
    "sff": "implanted"
  },
  {
    "docID": "N197 Rochkind 2006",
    "et": "ImplantedDepotPellet",
    "off": 1077,
    "sff": "implanted"
  },
  {
    "docID": "N197 Rochkind 2006",
    "et": "ImplantedDepotPellet",
    "off": 3180,
    "sff": "implanted"
  },
  {
    "docID": "N197 Rochkind 2006",
    "et": "ImplantedDepotPellet",
    "off": 22765,
    "sff": "implanted"
  },
  {
    "docID": "N197 Rochkind 2006",
    "et": "ImplantedDepotPellet",
    "off": 29101,
    "sff": "implanted"
  },
  {
    "docID": "N197 Rochkind 2006",
    "et": "ImplantedDepotPellet",
    "off": 909,
    "sff": "implanted"
  },
  {
    "docID": "N197 Rochkind 2006",
    "et": "ImplantedDepotPellet",
    "off": 11363,
    "sff": "implanted"
  },
  {
    "docID": "N197 Rochkind 2006",
    "et": "ImplantedDepotPellet",
    "off": 27299,
    "sff": "implanted"
  },
  {
    "docID": "N197 Rochkind 2006",
    "et": "ImplantedDepotPellet",
    "off": 23138,
    "sff": "implanted"
  },
  {
    "docID": "N197 Rochkind 2006",
    "et": "ImplantedDepotPellet",
    "off": 18628,
    "sff": "implanted"
  },
  {
    "docID": "N197 Rochkind 2006",
    "et": "ImplantedDepotPellet",
    "off": 1447,
    "sff": "implanted"
  },
  {
    "docID": "N197 Rochkind 2006",
    "et": "ImplantedDepotPellet",
    "off": 23197,
    "sff": "implanted"
  },
  {
    "docID": "N197 Rochkind 2006",
    "et": "ImplantedDepotPellet",
    "off": 3454,
    "sff": "implanted"
  },
  {
    "docID": "N197 Rochkind 2006",
    "et": "ImplantedDepotPellet",
    "off": 26847,
    "sff": "implanted"
  },
  {
    "docID": "N197 Rochkind 2006",
    "et": "ImplantedDepotPellet",
    "off": 23584,
    "sff": "implanted"
  },
  {
    "docID": "N197 Rochkind 2006",
    "et": "NewZealandRabbit",
    "off": 142,
    "sff": "new"
  },
  {
    "docID": "N197 Rochkind 2006",
    "et": "NewZealandRabbit",
    "off": 23049,
    "sff": "new"
  },
  {
    "docID": "N197 Rochkind 2006",
    "et": "BoneMarrowStemCell",
    "off": 25981,
    "sff": "bone marrow"
  },
  {
    "docID": "N197 Rochkind 2006",
    "et": "SigmaAldrich",
    "off": 14301,
    "sff": "Sigma"
  },
  {
    "docID": "N197 Rochkind 2006",
    "et": "StemCellSourceType",
    "off": 24273,
    "sff": "cell"
  },
  {
    "docID": "N197 Rochkind 2006",
    "et": "StemCellSourceType",
    "off": 24849,
    "sff": "cell"
  },
  {
    "docID": "N197 Rochkind 2006",
    "et": "StemCellSourceType",
    "off": 25136,
    "sff": "cell"
  },
  {
    "docID": "N197 Rochkind 2006",
    "et": "StemCellSourceType",
    "off": 8979,
    "sff": "cell"
  },
  {
    "docID": "N197 Rochkind 2006",
    "et": "StemCellSourceType",
    "off": 19372,
    "sff": "cell"
  },
  {
    "docID": "N197 Rochkind 2006",
    "et": "StemCellSourceType",
    "off": 26124,
    "sff": "cell"
  },
  {
    "docID": "N197 Rochkind 2006",
    "et": "StemCellSourceType",
    "off": 7566,
    "sff": "cell"
  },
  {
    "docID": "N197 Rochkind 2006",
    "et": "StemCellSourceType",
    "off": 3983,
    "sff": "stem"
  },
  {
    "docID": "N197 Rochkind 2006",
    "et": "StemCellSourceType",
    "off": 26489,
    "sff": "cell"
  },
  {
    "docID": "N197 Rochkind 2006",
    "et": "StemCellSourceType",
    "off": 7220,
    "sff": "cell"
  },
  {
    "docID": "N197 Rochkind 2006",
    "et": "StemCellSourceType",
    "off": 24690,
    "sff": "stem"
  },
  {
    "docID": "N197 Rochkind 2006",
    "et": "StemCellSourceType",
    "off": 19190,
    "sff": "cell"
  },
  {
    "docID": "N197 Rochkind 2006",
    "et": "StemCellSourceType",
    "off": 24961,
    "sff": "cell"
  },
  {
    "docID": "N197 Rochkind 2006",
    "et": "StemCellSourceType",
    "off": 24643,
    "sff": "cell"
  },
  {
    "docID": "N197 Rochkind 2006",
    "et": "StemCellSourceType",
    "off": 26071,
    "sff": "stem cell"
  },
  {
    "docID": "N197 Rochkind 2006",
    "et": "StemCellSourceType",
    "off": 4411,
    "sff": "stem"
  },
  {
    "docID": "N197 Rochkind 2006",
    "et": "StemCellSourceType",
    "off": 26205,
    "sff": "cell"
  },
  {
    "docID": "N197 Rochkind 2006",
    "et": "StemCellSourceType",
    "off": 3881,
    "sff": "cell"
  },
  {
    "docID": "N197 Rochkind 2006",
    "et": "StemCellSourceType",
    "off": 2922,
    "sff": "cell"
  },
  {
    "docID": "N197 Rochkind 2006",
    "et": "StemCellSourceType",
    "off": 3806,
    "sff": "stem"
  },
  {
    "docID": "N197 Rochkind 2006",
    "et": "StemCellSourceType",
    "off": 25258,
    "sff": "cell"
  },
  {
    "docID": "N197 Rochkind 2006",
    "et": "StemCellSourceType",
    "off": 29254,
    "sff": "cell"
  },
  {
    "docID": "N197 Rochkind 2006",
    "et": "InVitroExperimentalProcedure",
    "off": 17090,
    "sff": "experimental"
  },
  {
    "docID": "N197 Rochkind 2006",
    "et": "InVitroExperimentalProcedure",
    "off": 12512,
    "sff": "experimental"
  },
  {
    "docID": "N197 Rochkind 2006",
    "et": "InVitroExperimentalProcedure",
    "off": 23806,
    "sff": "experimental"
  },
  {
    "docID": "N197 Rochkind 2006",
    "et": "IntraperitonealLocation",
    "off": 9802,
    "sff": "intraperitoneal"
  },
  {
    "docID": "N197 Rochkind 2006",
    "et": "LongEvansRat",
    "off": 14202,
    "sff": "long"
  },
  {
    "docID": "N197 Rochkind 2006",
    "et": "LongEvansRat",
    "off": 29724,
    "sff": "long"
  },
  {
    "docID": "N197 Rochkind 2006",
    "et": "LongEvansRat",
    "off": 11197,
    "sff": "long"
  },
  {
    "docID": "N197 Rochkind 2006",
    "et": "LongEvansRat",
    "off": 15070,
    "sff": "long"
  },
  {
    "docID": "N197 Rochkind 2006",
    "et": "LongEvansRat",
    "off": 11439,
    "sff": "long"
  },
  {
    "docID": "N197 Rochkind 2006",
    "et": "Cell",
    "off": 24643,
    "sff": "cell"
  },
  {
    "docID": "N197 Rochkind 2006",
    "et": "Cell",
    "off": 24961,
    "sff": "cell"
  },
  {
    "docID": "N197 Rochkind 2006",
    "et": "Cell",
    "off": 2922,
    "sff": "cell"
  },
  {
    "docID": "N197 Rochkind 2006",
    "et": "Cell",
    "off": 25258,
    "sff": "cell"
  },
  {
    "docID": "N197 Rochkind 2006",
    "et": "Cell",
    "off": 19372,
    "sff": "cell"
  },
  {
    "docID": "N197 Rochkind 2006",
    "et": "Cell",
    "off": 26124,
    "sff": "cell"
  },
  {
    "docID": "N197 Rochkind 2006",
    "et": "Cell",
    "off": 29254,
    "sff": "cell"
  },
  {
    "docID": "N197 Rochkind 2006",
    "et": "Cell",
    "off": 3881,
    "sff": "cell"
  },
  {
    "docID": "N197 Rochkind 2006",
    "et": "Cell",
    "off": 8979,
    "sff": "cell"
  },
  {
    "docID": "N197 Rochkind 2006",
    "et": "Cell",
    "off": 7220,
    "sff": "cell"
  },
  {
    "docID": "N197 Rochkind 2006",
    "et": "Cell",
    "off": 7566,
    "sff": "cell"
  },
  {
    "docID": "N197 Rochkind 2006",
    "et": "Cell",
    "off": 24273,
    "sff": "cell"
  },
  {
    "docID": "N197 Rochkind 2006",
    "et": "Cell",
    "off": 24849,
    "sff": "cell"
  },
  {
    "docID": "N197 Rochkind 2006",
    "et": "Cell",
    "off": 25136,
    "sff": "cell"
  },
  {
    "docID": "N197 Rochkind 2006",
    "et": "Cell",
    "off": 26205,
    "sff": "cell"
  },
  {
    "docID": "N197 Rochkind 2006",
    "et": "Cell",
    "off": 26076,
    "sff": "cell"
  },
  {
    "docID": "N197 Rochkind 2006",
    "et": "Cell",
    "off": 19190,
    "sff": "cell"
  },
  {
    "docID": "N197 Rochkind 2006",
    "et": "Cell",
    "off": 26489,
    "sff": "cell"
  },
  {
    "docID": "N197 Rochkind 2006",
    "et": "SpinalDorsalHalf",
    "off": 1980,
    "sff": "Spinal"
  },
  {
    "docID": "N197 Rochkind 2006",
    "et": "SpinalDorsalHalf",
    "off": 27137,
    "sff": "spinal"
  },
  {
    "docID": "N197 Rochkind 2006",
    "et": "SpinalDorsalHalf",
    "off": 11282,
    "sff": "spinal"
  },
  {
    "docID": "N197 Rochkind 2006",
    "et": "SpinalDorsalHalf",
    "off": 1034,
    "sff": "spinal"
  },
  {
    "docID": "N197 Rochkind 2006",
    "et": "SpinalDorsalHalf",
    "off": 11402,
    "sff": "spinal"
  },
  {
    "docID": "N197 Rochkind 2006",
    "et": "SpinalDorsalHalf",
    "off": 14090,
    "sff": "spinal"
  },
  {
    "docID": "N197 Rochkind 2006",
    "et": "SpinalDorsalHalf",
    "off": 29449,
    "sff": "spinal"
  },
  {
    "docID": "N197 Rochkind 2006",
    "et": "SpinalDorsalHalf",
    "off": 24335,
    "sff": "spinal"
  },
  {
    "docID": "N197 Rochkind 2006",
    "et": "SpinalDorsalHalf",
    "off": 17804,
    "sff": "spinal"
  },
  {
    "docID": "N197 Rochkind 2006",
    "et": "SpinalDorsalHalf",
    "off": 21388,
    "sff": "spinal"
  },
  {
    "docID": "N197 Rochkind 2006",
    "et": "SpinalDorsalHalf",
    "off": 10467,
    "sff": "dorsal"
  },
  {
    "docID": "N197 Rochkind 2006",
    "et": "SpinalDorsalHalf",
    "off": 5927,
    "sff": "spinal"
  },
  {
    "docID": "N197 Rochkind 2006",
    "et": "SpinalDorsalHalf",
    "off": 26399,
    "sff": "spinal"
  },
  {
    "docID": "N197 Rochkind 2006",
    "et": "SpinalDorsalHalf",
    "off": 11165,
    "sff": "spinal"
  },
  {
    "docID": "N197 Rochkind 2006",
    "et": "SpinalDorsalHalf",
    "off": 17974,
    "sff": "spinal"
  },
  {
    "docID": "N197 Rochkind 2006",
    "et": "SpinalDorsalHalf",
    "off": 5173,
    "sff": "spinal"
  },
  {
    "docID": "N197 Rochkind 2006",
    "et": "SpinalDorsalHalf",
    "off": 10549,
    "sff": "spinal"
  },
  {
    "docID": "N197 Rochkind 2006",
    "et": "SpinalDorsalHalf",
    "off": 18223,
    "sff": "spinal"
  },
  {
    "docID": "N197 Rochkind 2006",
    "et": "SpinalDorsalHalf",
    "off": 18350,
    "sff": "spinal"
  },
  {
    "docID": "N197 Rochkind 2006",
    "et": "SpinalDorsalHalf",
    "off": 2349,
    "sff": "spinal"
  },
  {
    "docID": "N197 Rochkind 2006",
    "et": "SpinalDorsalHalf",
    "off": 10797,
    "sff": "spinal"
  },
  {
    "docID": "N197 Rochkind 2006",
    "et": "SpinalDorsalHalf",
    "off": 2684,
    "sff": "Spinal"
  },
  {
    "docID": "N197 Rochkind 2006",
    "et": "SpinalDorsalHalf",
    "off": 3266,
    "sff": "spinal"
  },
  {
    "docID": "N197 Rochkind 2006",
    "et": "SpinalDorsalHalf",
    "off": 14145,
    "sff": "spinal"
  },
  {
    "docID": "N197 Rochkind 2006",
    "et": "SpinalDorsalHalf",
    "off": 7488,
    "sff": "spinal"
  },
  {
    "docID": "N197 Rochkind 2006",
    "et": "SpinalDorsalHalf",
    "off": 29376,
    "sff": "spinal"
  },
  {
    "docID": "N197 Rochkind 2006",
    "et": "SpinalDorsalHalf",
    "off": 198,
    "sff": "spinal"
  },
  {
    "docID": "N197 Rochkind 2006",
    "et": "SpinalDorsalHalf",
    "off": 3654,
    "sff": "spinal"
  },
  {
    "docID": "N197 Rochkind 2006",
    "et": "SpinalDorsalHalf",
    "off": 10437,
    "sff": "spinal"
  },
  {
    "docID": "N197 Rochkind 2006",
    "et": "SpinalDorsalHalf",
    "off": 21691,
    "sff": "spinal"
  },
  {
    "docID": "N197 Rochkind 2006",
    "et": "SpinalDorsalHalf",
    "off": 1849,
    "sff": "spinal"
  },
  {
    "docID": "N197 Rochkind 2006",
    "et": "SpinalDorsalHalf",
    "off": 4664,
    "sff": "spinal"
  },
  {
    "docID": "N197 Rochkind 2006",
    "et": "SpinalDorsalHalf",
    "off": 14008,
    "sff": "spinal"
  },
  {
    "docID": "N197 Rochkind 2006",
    "et": "SpinalDorsalHalf",
    "off": 18751,
    "sff": "spinal"
  },
  {
    "docID": "N197 Rochkind 2006",
    "et": "SpinalDorsalHalf",
    "off": 20415,
    "sff": "spinal"
  },
  {
    "docID": "N197 Rochkind 2006",
    "et": "SpinalDorsalHalf",
    "off": 23743,
    "sff": "spinal"
  },
  {
    "docID": "N197 Rochkind 2006",
    "et": "SpinalDorsalHalf",
    "off": 21632,
    "sff": "Spinal"
  },
  {
    "docID": "N197 Rochkind 2006",
    "et": "SpinalDorsalHalf",
    "off": 22225,
    "sff": "spinal"
  },
  {
    "docID": "N197 Rochkind 2006",
    "et": "SpinalDorsalHalf",
    "off": 18256,
    "sff": "spinal"
  },
  {
    "docID": "N197 Rochkind 2006",
    "et": "SpinalDorsalHalf",
    "off": 22485,
    "sff": "spinal"
  },
  {
    "docID": "N197 Rochkind 2006",
    "et": "SpinalDorsalHalf",
    "off": 969,
    "sff": "spinal"
  },
  {
    "docID": "N197 Rochkind 2006",
    "et": "SpinalDorsalHalf",
    "off": 1487,
    "sff": "spinal"
  },
  {
    "docID": "N197 Rochkind 2006",
    "et": "SpinalDorsalHalf",
    "off": 23247,
    "sff": "spinal"
  },
  {
    "docID": "N197 Rochkind 2006",
    "et": "SpinalDorsalHalf",
    "off": 18638,
    "sff": "spinal"
  },
  {
    "docID": "N197 Rochkind 2006",
    "et": "SpinalDorsalHalf",
    "off": 23885,
    "sff": "spinal"
  },
  {
    "docID": "N197 Rochkind 2006",
    "et": "SpinalDorsalHalf",
    "off": 1740,
    "sff": "spinal"
  },
  {
    "docID": "N197 Rochkind 2006",
    "et": "SpinalDorsalHalf",
    "off": 24928,
    "sff": "spinal"
  },
  {
    "docID": "N197 Rochkind 2006",
    "et": "SpinalDorsalHalf",
    "off": 3302,
    "sff": "spinal"
  },
  {
    "docID": "N197 Rochkind 2006",
    "et": "SpinalDorsalHalf",
    "off": 15462,
    "sff": "spinal"
  },
  {
    "docID": "N197 Rochkind 2006",
    "et": "SpinalDorsalHalf",
    "off": 2139,
    "sff": "spinal"
  },
  {
    "docID": "N197 Rochkind 2006",
    "et": "SpinalDorsalHalf",
    "off": 22362,
    "sff": "spinal"
  },
  {
    "docID": "N197 Rochkind 2006",
    "et": "SpinalDorsalHalf",
    "off": 12633,
    "sff": "spinal"
  },
  {
    "docID": "N197 Rochkind 2006",
    "et": "SpinalDorsalHalf",
    "off": 3935,
    "sff": "spinal"
  },
  {
    "docID": "N197 Rochkind 2006",
    "et": "SpinalDorsalHalf",
    "off": 10847,
    "sff": "spinal"
  },
  {
    "docID": "N197 Rochkind 2006",
    "et": "SpinalDorsalHalf",
    "off": 15967,
    "sff": "spinal"
  },
  {
    "docID": "N197 Rochkind 2006",
    "et": "SpinalDorsalHalf",
    "off": 15837,
    "sff": "spinal"
  },
  {
    "docID": "N197 Rochkind 2006",
    "et": "SpinalDorsalHalf",
    "off": 11122,
    "sff": "spinal"
  },
  {
    "docID": "N197 Rochkind 2006",
    "et": "SpinalDorsalHalf",
    "off": 3057,
    "sff": "spinal"
  },
  {
    "docID": "N197 Rochkind 2006",
    "et": "SpinalDorsalHalf",
    "off": 7409,
    "sff": "spinal"
  },
  {
    "docID": "N197 Rochkind 2006",
    "et": "SpinalDorsalHalf",
    "off": 11505,
    "sff": "spinal"
  },
  {
    "docID": "N197 Rochkind 2006",
    "et": "SpinalDorsalHalf",
    "off": 29552,
    "sff": "spinal"
  },
  {
    "docID": "N197 Rochkind 2006",
    "et": "SpinalDorsalHalf",
    "off": 25079,
    "sff": "spinal"
  },
  {
    "docID": "N197 Rochkind 2006",
    "et": "SpinalDorsalHalf",
    "off": 1140,
    "sff": "spinal"
  },
  {
    "docID": "N197 Rochkind 2006",
    "et": "SpinalDorsalHalf",
    "off": 10740,
    "sff": "spinal"
  },
  {
    "docID": "N197 Rochkind 2006",
    "et": "SpinalDorsalHalf",
    "off": 18408,
    "sff": "spinal"
  },
  {
    "docID": "N197 Rochkind 2006",
    "et": "SpinalDorsalHalf",
    "off": 26991,
    "sff": "spinal"
  },
  {
    "docID": "N197 Rochkind 2006",
    "et": "SpinalDorsalHalf",
    "off": 4589,
    "sff": "spinal"
  },
  {
    "docID": "N197 Rochkind 2006",
    "et": "SpinalDorsalHalf",
    "off": 5613,
    "sff": "spinal"
  },
  {
    "docID": "N197 Rochkind 2006",
    "et": "SpinalDorsalHalf",
    "off": 364,
    "sff": "spinal"
  },
  {
    "docID": "N197 Rochkind 2006",
    "et": "SpinalDorsalHalf",
    "off": 5740,
    "sff": "spinal"
  },
  {
    "docID": "N197 Rochkind 2006",
    "et": "17BetaEstradiolE2",
    "off": 5411,
    "sff": "17"
  },
  {
    "docID": "N197 Rochkind 2006",
    "et": "Progesterone",
    "off": 8619,
    "sff": "progesterone"
  },
  {
    "docID": "N197 Rochkind 2006",
    "et": "HematoxyLinEosin",
    "off": 18770,
    "sff": "Hematoxylin"
  },
  {
    "docID": "N197 Rochkind 2006",
    "et": "HematoxyLinEosin",
    "off": 16265,
    "sff": "hematoxylin-eosin"
  },
  {
    "docID": "N197 Rochkind 2006",
    "et": "Water",
    "off": 15226,
    "sff": "water"
  },
  {
    "docID": "N197 Rochkind 2006",
    "et": "Water",
    "off": 16113,
    "sff": "water"
  },
  {
    "docID": "N197 Rochkind 2006",
    "et": "Water",
    "off": 27900,
    "sff": "Water"
  },
  {
    "docID": "N197 Rochkind 2006",
    "et": "Embryonic",
    "off": 1130,
    "sff": "embryonic"
  },
  {
    "docID": "N197 Rochkind 2006",
    "et": "Embryonic",
    "off": 25069,
    "sff": "embryonic"
  },
  {
    "docID": "N197 Rochkind 2006",
    "et": "Embryonic",
    "off": 7399,
    "sff": "embryonic"
  },
  {
    "docID": "N197 Rochkind 2006",
    "et": "Embryonic",
    "off": 17250,
    "sff": "embryonic"
  },
  {
    "docID": "N197 Rochkind 2006",
    "et": "Embryonic",
    "off": 17794,
    "sff": "embryonic"
  },
  {
    "docID": "N197 Rochkind 2006",
    "et": "Embryonic",
    "off": 21378,
    "sff": "embryonic"
  },
  {
    "docID": "N197 Rochkind 2006",
    "et": "Embryonic",
    "off": 3973,
    "sff": "embryonic"
  },
  {
    "docID": "N197 Rochkind 2006",
    "et": "Embryonic",
    "off": 23237,
    "sff": "embryonic"
  },
  {
    "docID": "N197 Rochkind 2006",
    "et": "Embryonic",
    "off": 1477,
    "sff": "embryonic"
  },
  {
    "docID": "N197 Rochkind 2006",
    "et": "Embryonic",
    "off": 7478,
    "sff": "embryonic"
  },
  {
    "docID": "N197 Rochkind 2006",
    "et": "Embryonic",
    "off": 11149,
    "sff": "Embryonic"
  },
  {
    "docID": "N197 Rochkind 2006",
    "et": "Embryonic",
    "off": 18741,
    "sff": "embryonic"
  },
  {
    "docID": "N197 Rochkind 2006",
    "et": "Embryonic",
    "off": 20405,
    "sff": "embryonic"
  },
  {
    "docID": "N197 Rochkind 2006",
    "et": "Embryonic",
    "off": 26389,
    "sff": "embryonic"
  },
  {
    "docID": "N197 Rochkind 2006",
    "et": "Embryonic",
    "off": 3796,
    "sff": "embryonic"
  },
  {
    "docID": "N197 Rochkind 2006",
    "et": "ExperimentalProcedure",
    "off": 17090,
    "sff": "experimental"
  },
  {
    "docID": "N197 Rochkind 2006",
    "et": "ExperimentalProcedure",
    "off": 23806,
    "sff": "experimental"
  },
  {
    "docID": "N197 Rochkind 2006",
    "et": "ExperimentalProcedure",
    "off": 12512,
    "sff": "experimental"
  },
  {
    "docID": "N197 Rochkind 2006",
    "et": "BrainDerivedNeurotrophicFactor",
    "off": 1613,
    "sff": "brain"
  },
  {
    "docID": "N197 Rochkind 2006",
    "et": "BrainDerivedNeurotrophicFactor",
    "off": 7637,
    "sff": "derived"
  }
]
