[
  {
    "docID": "N203 Stamegna 2011",
    "et": "OlfactoryEnsheathingGliaCell",
    "off": 3445,
    "sff": "olfactory ensheathing"
  },
  {
    "docID": "N203 Stamegna 2011",
    "et": "OlfactoryEnsheathingGliaCell",
    "off": 3811,
    "sff": "olfactory"
  },
  {
    "docID": "N203 Stamegna 2011",
    "et": "OlfactoryEnsheathingGliaCell",
    "off": 29618,
    "sff": "olfactory ensheathing"
  },
  {
    "docID": "N203 Stamegna 2011",
    "et": "OlfactoryEnsheathingGliaCell",
    "off": 4061,
    "sff": "olfactory"
  },
  {
    "docID": "N203 Stamegna 2011",
    "et": "OlfactoryEnsheathingGliaCell",
    "off": 23468,
    "sff": "olfactory ensheathing"
  },
  {
    "docID": "N203 Stamegna 2011",
    "et": "OlfactoryEnsheathingGliaCell",
    "off": 3617,
    "sff": "olfactory"
  },
  {
    "docID": "N203 Stamegna 2011",
    "et": "OlfactoryEnsheathingGliaCell",
    "off": 3711,
    "sff": "olfactory"
  },
  {
    "docID": "N203 Stamegna 2011",
    "et": "OlfactoryEnsheathingGliaCell",
    "off": 2051,
    "sff": "olfactory ensheathing"
  },
  {
    "docID": "N203 Stamegna 2011",
    "et": "OlfactoryEnsheathingGliaCell",
    "off": 2245,
    "sff": "olfactory ensheathing"
  },
  {
    "docID": "N203 Stamegna 2011",
    "et": "OlfactoryEnsheathingGliaCell",
    "off": 742,
    "sff": "olfactory ensheathing"
  },
  {
    "docID": "N203 Stamegna 2011",
    "et": "OlfactoryEnsheathingGliaCell",
    "off": 27682,
    "sff": "olfactory ensheathing"
  },
  {
    "docID": "N203 Stamegna 2011",
    "et": "OlfactoryEnsheathingGliaCell",
    "off": 24791,
    "sff": "olfactory ensheathing"
  },
  {
    "docID": "N203 Stamegna 2011",
    "et": "OlfactoryEnsheathingGliaCell",
    "off": 2245,
    "sff": "olfactory ensheathing glia"
  },
  {
    "docID": "N203 Stamegna 2011",
    "et": "MesenchymalStemCell",
    "off": 37285,
    "sff": "stem"
  },
  {
    "docID": "N203 Stamegna 2011",
    "et": "Syringe",
    "off": 8527,
    "sff": "syringe"
  },
  {
    "docID": "N203 Stamegna 2011",
    "et": "Syringe",
    "off": 9299,
    "sff": "syringe"
  },
  {
    "docID": "N203 Stamegna 2011",
    "et": "SurgeryTreatment",
    "off": 5174,
    "sff": "surgery"
  },
  {
    "docID": "N203 Stamegna 2011",
    "et": "SurgeryTreatment",
    "off": 12201,
    "sff": "surgery"
  },
  {
    "docID": "N203 Stamegna 2011",
    "et": "SpinalSubduralArea",
    "off": 21718,
    "sff": "spinal"
  },
  {
    "docID": "N203 Stamegna 2011",
    "et": "SpinalSubduralArea",
    "off": 35666,
    "sff": "Spinal"
  },
  {
    "docID": "N203 Stamegna 2011",
    "et": "SpinalSubduralArea",
    "off": 26969,
    "sff": "spinal"
  },
  {
    "docID": "N203 Stamegna 2011",
    "et": "SpinalSubduralArea",
    "off": 21516,
    "sff": "spinal"
  },
  {
    "docID": "N203 Stamegna 2011",
    "et": "SpinalSubduralArea",
    "off": 4173,
    "sff": "spinal"
  },
  {
    "docID": "N203 Stamegna 2011",
    "et": "SpinalSubduralArea",
    "off": 7823,
    "sff": "spinal"
  },
  {
    "docID": "N203 Stamegna 2011",
    "et": "SpinalSubduralArea",
    "off": 14607,
    "sff": "spinal"
  },
  {
    "docID": "N203 Stamegna 2011",
    "et": "SpinalSubduralArea",
    "off": 18898,
    "sff": "spinal"
  },
  {
    "docID": "N203 Stamegna 2011",
    "et": "SpinalSubduralArea",
    "off": 16978,
    "sff": "spinal"
  },
  {
    "docID": "N203 Stamegna 2011",
    "et": "SpinalSubduralArea",
    "off": 9027,
    "sff": "spinal"
  },
  {
    "docID": "N203 Stamegna 2011",
    "et": "SpinalSubduralArea",
    "off": 20675,
    "sff": "spinal"
  },
  {
    "docID": "N203 Stamegna 2011",
    "et": "SpinalSubduralArea",
    "off": 11654,
    "sff": "spinal"
  },
  {
    "docID": "N203 Stamegna 2011",
    "et": "SpinalSubduralArea",
    "off": 830,
    "sff": "spinal"
  },
  {
    "docID": "N203 Stamegna 2011",
    "et": "SpinalSubduralArea",
    "off": 19840,
    "sff": "spinal"
  },
  {
    "docID": "N203 Stamegna 2011",
    "et": "SpinalSubduralArea",
    "off": 26562,
    "sff": "spinal"
  },
  {
    "docID": "N203 Stamegna 2011",
    "et": "SpinalSubduralArea",
    "off": 26818,
    "sff": "spinal"
  },
  {
    "docID": "N203 Stamegna 2011",
    "et": "SpinalSubduralArea",
    "off": 31682,
    "sff": "spinal"
  },
  {
    "docID": "N203 Stamegna 2011",
    "et": "SpinalSubduralArea",
    "off": 7094,
    "sff": "spinal"
  },
  {
    "docID": "N203 Stamegna 2011",
    "et": "SpinalSubduralArea",
    "off": 11958,
    "sff": "spinal"
  },
  {
    "docID": "N203 Stamegna 2011",
    "et": "SpinalSubduralArea",
    "off": 27445,
    "sff": "spinal"
  },
  {
    "docID": "N203 Stamegna 2011",
    "et": "SpinalSubduralArea",
    "off": 26360,
    "sff": "spinal"
  },
  {
    "docID": "N203 Stamegna 2011",
    "et": "SpinalSubduralArea",
    "off": 25899,
    "sff": "spinal"
  },
  {
    "docID": "N203 Stamegna 2011",
    "et": "SpinalSubduralArea",
    "off": 8750,
    "sff": "spinal"
  },
  {
    "docID": "N203 Stamegna 2011",
    "et": "SpinalSubduralArea",
    "off": 8817,
    "sff": "spinal"
  },
  {
    "docID": "N203 Stamegna 2011",
    "et": "SpinalSubduralArea",
    "off": 16882,
    "sff": "spinal"
  },
  {
    "docID": "N203 Stamegna 2011",
    "et": "SpinalSubduralArea",
    "off": 2332,
    "sff": "Spinal"
  },
  {
    "docID": "N203 Stamegna 2011",
    "et": "SpinalSubduralArea",
    "off": 12901,
    "sff": "spinal"
  },
  {
    "docID": "N203 Stamegna 2011",
    "et": "SpinalSubduralArea",
    "off": 38758,
    "sff": "spinal"
  },
  {
    "docID": "N203 Stamegna 2011",
    "et": "SpinalSubduralArea",
    "off": 26088,
    "sff": "spinal"
  },
  {
    "docID": "N203 Stamegna 2011",
    "et": "SpinalSubduralArea",
    "off": 11753,
    "sff": "spinal"
  },
  {
    "docID": "N203 Stamegna 2011",
    "et": "SpinalSubduralArea",
    "off": 26218,
    "sff": "spinal"
  },
  {
    "docID": "N203 Stamegna 2011",
    "et": "SpinalSubduralArea",
    "off": 17385,
    "sff": "spinal"
  },
  {
    "docID": "N203 Stamegna 2011",
    "et": "SpinalSubduralArea",
    "off": 38558,
    "sff": "spinal"
  },
  {
    "docID": "N203 Stamegna 2011",
    "et": "SpinalSubduralArea",
    "off": 1438,
    "sff": "spinal"
  },
  {
    "docID": "N203 Stamegna 2011",
    "et": "SpinalSubduralArea",
    "off": 95,
    "sff": "spinal"
  },
  {
    "docID": "N203 Stamegna 2011",
    "et": "MouseSpecies",
    "off": 14974,
    "sff": "mouse"
  },
  {
    "docID": "N203 Stamegna 2011",
    "et": "ApplicationInstrument",
    "off": 2099,
    "sff": "application"
  },
  {
    "docID": "N203 Stamegna 2011",
    "et": "SpinalFiberTract",
    "off": 19840,
    "sff": "spinal"
  },
  {
    "docID": "N203 Stamegna 2011",
    "et": "SpinalFiberTract",
    "off": 830,
    "sff": "spinal"
  },
  {
    "docID": "N203 Stamegna 2011",
    "et": "SpinalFiberTract",
    "off": 9027,
    "sff": "spinal"
  },
  {
    "docID": "N203 Stamegna 2011",
    "et": "SpinalFiberTract",
    "off": 20675,
    "sff": "spinal"
  },
  {
    "docID": "N203 Stamegna 2011",
    "et": "SpinalFiberTract",
    "off": 26562,
    "sff": "spinal"
  },
  {
    "docID": "N203 Stamegna 2011",
    "et": "SpinalFiberTract",
    "off": 26818,
    "sff": "spinal"
  },
  {
    "docID": "N203 Stamegna 2011",
    "et": "SpinalFiberTract",
    "off": 31682,
    "sff": "spinal"
  },
  {
    "docID": "N203 Stamegna 2011",
    "et": "SpinalFiberTract",
    "off": 11654,
    "sff": "spinal"
  },
  {
    "docID": "N203 Stamegna 2011",
    "et": "SpinalFiberTract",
    "off": 25899,
    "sff": "spinal"
  },
  {
    "docID": "N203 Stamegna 2011",
    "et": "SpinalFiberTract",
    "off": 26218,
    "sff": "spinal"
  },
  {
    "docID": "N203 Stamegna 2011",
    "et": "SpinalFiberTract",
    "off": 8817,
    "sff": "spinal"
  },
  {
    "docID": "N203 Stamegna 2011",
    "et": "SpinalFiberTract",
    "off": 8750,
    "sff": "spinal"
  },
  {
    "docID": "N203 Stamegna 2011",
    "et": "SpinalFiberTract",
    "off": 27445,
    "sff": "spinal"
  },
  {
    "docID": "N203 Stamegna 2011",
    "et": "SpinalFiberTract",
    "off": 16882,
    "sff": "spinal"
  },
  {
    "docID": "N203 Stamegna 2011",
    "et": "SpinalFiberTract",
    "off": 26360,
    "sff": "spinal"
  },
  {
    "docID": "N203 Stamegna 2011",
    "et": "SpinalFiberTract",
    "off": 7094,
    "sff": "spinal"
  },
  {
    "docID": "N203 Stamegna 2011",
    "et": "SpinalFiberTract",
    "off": 11958,
    "sff": "spinal"
  },
  {
    "docID": "N203 Stamegna 2011",
    "et": "SpinalFiberTract",
    "off": 95,
    "sff": "spinal"
  },
  {
    "docID": "N203 Stamegna 2011",
    "et": "SpinalFiberTract",
    "off": 35666,
    "sff": "Spinal"
  },
  {
    "docID": "N203 Stamegna 2011",
    "et": "SpinalFiberTract",
    "off": 1438,
    "sff": "spinal"
  },
  {
    "docID": "N203 Stamegna 2011",
    "et": "SpinalFiberTract",
    "off": 38558,
    "sff": "spinal"
  },
  {
    "docID": "N203 Stamegna 2011",
    "et": "SpinalFiberTract",
    "off": 12901,
    "sff": "spinal"
  },
  {
    "docID": "N203 Stamegna 2011",
    "et": "SpinalFiberTract",
    "off": 11753,
    "sff": "spinal"
  },
  {
    "docID": "N203 Stamegna 2011",
    "et": "SpinalFiberTract",
    "off": 17385,
    "sff": "spinal"
  },
  {
    "docID": "N203 Stamegna 2011",
    "et": "SpinalFiberTract",
    "off": 26088,
    "sff": "spinal"
  },
  {
    "docID": "N203 Stamegna 2011",
    "et": "SpinalFiberTract",
    "off": 38758,
    "sff": "spinal"
  },
  {
    "docID": "N203 Stamegna 2011",
    "et": "SpinalFiberTract",
    "off": 4173,
    "sff": "spinal"
  },
  {
    "docID": "N203 Stamegna 2011",
    "et": "SpinalFiberTract",
    "off": 21516,
    "sff": "spinal"
  },
  {
    "docID": "N203 Stamegna 2011",
    "et": "SpinalFiberTract",
    "off": 7823,
    "sff": "spinal"
  },
  {
    "docID": "N203 Stamegna 2011",
    "et": "SpinalFiberTract",
    "off": 14607,
    "sff": "spinal"
  },
  {
    "docID": "N203 Stamegna 2011",
    "et": "SpinalFiberTract",
    "off": 16978,
    "sff": "spinal"
  },
  {
    "docID": "N203 Stamegna 2011",
    "et": "SpinalFiberTract",
    "off": 18898,
    "sff": "spinal"
  },
  {
    "docID": "N203 Stamegna 2011",
    "et": "SpinalFiberTract",
    "off": 26969,
    "sff": "spinal"
  },
  {
    "docID": "N203 Stamegna 2011",
    "et": "SpinalFiberTract",
    "off": 2332,
    "sff": "Spinal"
  },
  {
    "docID": "N203 Stamegna 2011",
    "et": "SpinalFiberTract",
    "off": 21718,
    "sff": "spinal"
  },
  {
    "docID": "N203 Stamegna 2011",
    "et": "SpinalVentralHalf",
    "off": 8750,
    "sff": "spinal"
  },
  {
    "docID": "N203 Stamegna 2011",
    "et": "SpinalVentralHalf",
    "off": 11839,
    "sff": "ventral"
  },
  {
    "docID": "N203 Stamegna 2011",
    "et": "SpinalVentralHalf",
    "off": 16882,
    "sff": "spinal"
  },
  {
    "docID": "N203 Stamegna 2011",
    "et": "SpinalVentralHalf",
    "off": 25899,
    "sff": "spinal"
  },
  {
    "docID": "N203 Stamegna 2011",
    "et": "SpinalVentralHalf",
    "off": 8817,
    "sff": "spinal"
  },
  {
    "docID": "N203 Stamegna 2011",
    "et": "SpinalVentralHalf",
    "off": 27015,
    "sff": "ventral"
  },
  {
    "docID": "N203 Stamegna 2011",
    "et": "SpinalVentralHalf",
    "off": 17223,
    "sff": "ventral"
  },
  {
    "docID": "N203 Stamegna 2011",
    "et": "SpinalVentralHalf",
    "off": 12901,
    "sff": "spinal"
  },
  {
    "docID": "N203 Stamegna 2011",
    "et": "SpinalVentralHalf",
    "off": 16134,
    "sff": "ventral"
  },
  {
    "docID": "N203 Stamegna 2011",
    "et": "SpinalVentralHalf",
    "off": 26088,
    "sff": "spinal"
  },
  {
    "docID": "N203 Stamegna 2011",
    "et": "SpinalVentralHalf",
    "off": 17385,
    "sff": "spinal"
  },
  {
    "docID": "N203 Stamegna 2011",
    "et": "SpinalVentralHalf",
    "off": 26218,
    "sff": "spinal"
  },
  {
    "docID": "N203 Stamegna 2011",
    "et": "SpinalVentralHalf",
    "off": 11753,
    "sff": "spinal"
  },
  {
    "docID": "N203 Stamegna 2011",
    "et": "SpinalVentralHalf",
    "off": 38758,
    "sff": "spinal"
  },
  {
    "docID": "N203 Stamegna 2011",
    "et": "SpinalVentralHalf",
    "off": 830,
    "sff": "spinal"
  },
  {
    "docID": "N203 Stamegna 2011",
    "et": "SpinalVentralHalf",
    "off": 19840,
    "sff": "spinal"
  },
  {
    "docID": "N203 Stamegna 2011",
    "et": "SpinalVentralHalf",
    "off": 26562,
    "sff": "spinal"
  },
  {
    "docID": "N203 Stamegna 2011",
    "et": "SpinalVentralHalf",
    "off": 26818,
    "sff": "spinal"
  },
  {
    "docID": "N203 Stamegna 2011",
    "et": "SpinalVentralHalf",
    "off": 31682,
    "sff": "spinal"
  },
  {
    "docID": "N203 Stamegna 2011",
    "et": "SpinalVentralHalf",
    "off": 7094,
    "sff": "spinal"
  },
  {
    "docID": "N203 Stamegna 2011",
    "et": "SpinalVentralHalf",
    "off": 11958,
    "sff": "spinal"
  },
  {
    "docID": "N203 Stamegna 2011",
    "et": "SpinalVentralHalf",
    "off": 26360,
    "sff": "spinal"
  },
  {
    "docID": "N203 Stamegna 2011",
    "et": "SpinalVentralHalf",
    "off": 27445,
    "sff": "spinal"
  },
  {
    "docID": "N203 Stamegna 2011",
    "et": "SpinalVentralHalf",
    "off": 14607,
    "sff": "spinal"
  },
  {
    "docID": "N203 Stamegna 2011",
    "et": "SpinalVentralHalf",
    "off": 4173,
    "sff": "spinal"
  },
  {
    "docID": "N203 Stamegna 2011",
    "et": "SpinalVentralHalf",
    "off": 16978,
    "sff": "spinal"
  },
  {
    "docID": "N203 Stamegna 2011",
    "et": "SpinalVentralHalf",
    "off": 18898,
    "sff": "spinal"
  },
  {
    "docID": "N203 Stamegna 2011",
    "et": "SpinalVentralHalf",
    "off": 21516,
    "sff": "spinal"
  },
  {
    "docID": "N203 Stamegna 2011",
    "et": "SpinalVentralHalf",
    "off": 7823,
    "sff": "spinal"
  },
  {
    "docID": "N203 Stamegna 2011",
    "et": "SpinalVentralHalf",
    "off": 11654,
    "sff": "spinal"
  },
  {
    "docID": "N203 Stamegna 2011",
    "et": "SpinalVentralHalf",
    "off": 35666,
    "sff": "Spinal"
  },
  {
    "docID": "N203 Stamegna 2011",
    "et": "SpinalVentralHalf",
    "off": 8932,
    "sff": "ventral"
  },
  {
    "docID": "N203 Stamegna 2011",
    "et": "SpinalVentralHalf",
    "off": 9027,
    "sff": "spinal"
  },
  {
    "docID": "N203 Stamegna 2011",
    "et": "SpinalVentralHalf",
    "off": 20675,
    "sff": "spinal"
  },
  {
    "docID": "N203 Stamegna 2011",
    "et": "SpinalVentralHalf",
    "off": 1438,
    "sff": "spinal"
  },
  {
    "docID": "N203 Stamegna 2011",
    "et": "SpinalVentralHalf",
    "off": 95,
    "sff": "spinal"
  },
  {
    "docID": "N203 Stamegna 2011",
    "et": "SpinalVentralHalf",
    "off": 38558,
    "sff": "spinal"
  },
  {
    "docID": "N203 Stamegna 2011",
    "et": "SpinalVentralHalf",
    "off": 26969,
    "sff": "spinal"
  },
  {
    "docID": "N203 Stamegna 2011",
    "et": "SpinalVentralHalf",
    "off": 2332,
    "sff": "Spinal"
  },
  {
    "docID": "N203 Stamegna 2011",
    "et": "SpinalVentralHalf",
    "off": 21718,
    "sff": "spinal"
  },
  {
    "docID": "N203 Stamegna 2011",
    "et": "RabbitSpecies",
    "off": 15051,
    "sff": "rabbit"
  },
  {
    "docID": "N203 Stamegna 2011",
    "et": "RabbitSpecies",
    "off": 14930,
    "sff": "rabbit"
  },
  {
    "docID": "N203 Stamegna 2011",
    "et": "RabbitSpecies",
    "off": 15096,
    "sff": "rabbit"
  },
  {
    "docID": "N203 Stamegna 2011",
    "et": "Rostral",
    "off": 38898,
    "sff": "rostral"
  },
  {
    "docID": "N203 Stamegna 2011",
    "et": "Rostral",
    "off": 31350,
    "sff": "rostral"
  },
  {
    "docID": "N203 Stamegna 2011",
    "et": "Rostral",
    "off": 13356,
    "sff": "rostral"
  },
  {
    "docID": "N203 Stamegna 2011",
    "et": "Rostral",
    "off": 13386,
    "sff": "rostral"
  },
  {
    "docID": "N203 Stamegna 2011",
    "et": "Rostral",
    "off": 30186,
    "sff": "rostral"
  },
  {
    "docID": "N203 Stamegna 2011",
    "et": "Rostral",
    "off": 29343,
    "sff": "rostral"
  },
  {
    "docID": "N203 Stamegna 2011",
    "et": "DorsalColumn",
    "off": 7681,
    "sff": "dorsal"
  },
  {
    "docID": "N203 Stamegna 2011",
    "et": "DorsalColumn",
    "off": 7184,
    "sff": "dorsal"
  },
  {
    "docID": "N203 Stamegna 2011",
    "et": "DorsalColumn",
    "off": 9107,
    "sff": "dorsal"
  },
  {
    "docID": "N203 Stamegna 2011",
    "et": "DorsalColumn",
    "off": 6890,
    "sff": "dorsal"
  },
  {
    "docID": "N203 Stamegna 2011",
    "et": "DorsalColumn",
    "off": 31822,
    "sff": "dorsal"
  },
  {
    "docID": "N203 Stamegna 2011",
    "et": "SpragueDawleyRat",
    "off": 5317,
    "sff": "Sprague Dawley"
  },
  {
    "docID": "N203 Stamegna 2011",
    "et": "SpragueDawleyRat",
    "off": 6394,
    "sff": "Sprague Dawley"
  },
  {
    "docID": "N203 Stamegna 2011",
    "et": "Autologous",
    "off": 32293,
    "sff": "autologous"
  },
  {
    "docID": "N203 Stamegna 2011",
    "et": "Autologous",
    "off": 32421,
    "sff": "autologous"
  },
  {
    "docID": "N203 Stamegna 2011",
    "et": "Left",
    "off": 18871,
    "sff": "left"
  },
  {
    "docID": "N203 Stamegna 2011",
    "et": "Left",
    "off": 13625,
    "sff": "left"
  },
  {
    "docID": "N203 Stamegna 2011",
    "et": "Left",
    "off": 25395,
    "sff": "left"
  },
  {
    "docID": "N203 Stamegna 2011",
    "et": "Left",
    "off": 27188,
    "sff": "left"
  },
  {
    "docID": "N203 Stamegna 2011",
    "et": "Left",
    "off": 25920,
    "sff": "left"
  },
  {
    "docID": "N203 Stamegna 2011",
    "et": "Left",
    "off": 13889,
    "sff": "left"
  },
  {
    "docID": "N203 Stamegna 2011",
    "et": "Left",
    "off": 11452,
    "sff": "left"
  },
  {
    "docID": "N203 Stamegna 2011",
    "et": "Left",
    "off": 25532,
    "sff": "left"
  },
  {
    "docID": "N203 Stamegna 2011",
    "et": "Left",
    "off": 27068,
    "sff": "left"
  },
  {
    "docID": "N203 Stamegna 2011",
    "et": "Left",
    "off": 26918,
    "sff": "left"
  },
  {
    "docID": "N203 Stamegna 2011",
    "et": "Left",
    "off": 14370,
    "sff": "left"
  },
  {
    "docID": "N203 Stamegna 2011",
    "et": "Left",
    "off": 18722,
    "sff": "left"
  },
  {
    "docID": "N203 Stamegna 2011",
    "et": "Left",
    "off": 17955,
    "sff": "left"
  },
  {
    "docID": "N203 Stamegna 2011",
    "et": "Left",
    "off": 27428,
    "sff": "left"
  },
  {
    "docID": "N203 Stamegna 2011",
    "et": "Left",
    "off": 7089,
    "sff": "left"
  },
  {
    "docID": "N203 Stamegna 2011",
    "et": "Left",
    "off": 26801,
    "sff": "left"
  },
  {
    "docID": "N203 Stamegna 2011",
    "et": "Left",
    "off": 27821,
    "sff": "left"
  },
  {
    "docID": "N203 Stamegna 2011",
    "et": "Left",
    "off": 27478,
    "sff": "left"
  },
  {
    "docID": "N203 Stamegna 2011",
    "et": "Left",
    "off": 28886,
    "sff": "left"
  },
  {
    "docID": "N203 Stamegna 2011",
    "et": "Left",
    "off": 27608,
    "sff": "left"
  },
  {
    "docID": "N203 Stamegna 2011",
    "et": "Left",
    "off": 27221,
    "sff": "left"
  },
  {
    "docID": "N203 Stamegna 2011",
    "et": "Left",
    "off": 9311,
    "sff": "left"
  },
  {
    "docID": "N203 Stamegna 2011",
    "et": "Left",
    "off": 12866,
    "sff": "left"
  },
  {
    "docID": "N203 Stamegna 2011",
    "et": "Left",
    "off": 25026,
    "sff": "left"
  },
  {
    "docID": "N203 Stamegna 2011",
    "et": "Left",
    "off": 13763,
    "sff": "left"
  },
  {
    "docID": "N203 Stamegna 2011",
    "et": "Left",
    "off": 25155,
    "sff": "left"
  },
  {
    "docID": "N203 Stamegna 2011",
    "et": "Left",
    "off": 25423,
    "sff": "left"
  },
  {
    "docID": "N203 Stamegna 2011",
    "et": "Left",
    "off": 26961,
    "sff": "left"
  },
  {
    "docID": "N203 Stamegna 2011",
    "et": "Left",
    "off": 7673,
    "sff": "left"
  },
  {
    "docID": "N203 Stamegna 2011",
    "et": "Left",
    "off": 19065,
    "sff": "left"
  },
  {
    "docID": "N203 Stamegna 2011",
    "et": "Left",
    "off": 25973,
    "sff": "left"
  },
  {
    "docID": "N203 Stamegna 2011",
    "et": "Left",
    "off": 26869,
    "sff": "left"
  },
  {
    "docID": "N203 Stamegna 2011",
    "et": "Left",
    "off": 24703,
    "sff": "left"
  },
  {
    "docID": "N203 Stamegna 2011",
    "et": "Left",
    "off": 7418,
    "sff": "left"
  },
  {
    "docID": "N203 Stamegna 2011",
    "et": "Left",
    "off": 29562,
    "sff": "left"
  },
  {
    "docID": "N203 Stamegna 2011",
    "et": "Left",
    "off": 21499,
    "sff": "left"
  },
  {
    "docID": "N203 Stamegna 2011",
    "et": "Left",
    "off": 27645,
    "sff": "left"
  },
  {
    "docID": "N203 Stamegna 2011",
    "et": "Left",
    "off": 7012,
    "sff": "left"
  },
  {
    "docID": "N203 Stamegna 2011",
    "et": "Left",
    "off": 13934,
    "sff": "left"
  },
  {
    "docID": "N203 Stamegna 2011",
    "et": "Left",
    "off": 24046,
    "sff": "left"
  },
  {
    "docID": "N203 Stamegna 2011",
    "et": "Left",
    "off": 13802,
    "sff": "left"
  },
  {
    "docID": "N203 Stamegna 2011",
    "et": "Left",
    "off": 29421,
    "sff": "left"
  },
  {
    "docID": "N203 Stamegna 2011",
    "et": "Left",
    "off": 28440,
    "sff": "left"
  },
  {
    "docID": "N203 Stamegna 2011",
    "et": "Left",
    "off": 24852,
    "sff": "left"
  },
  {
    "docID": "N203 Stamegna 2011",
    "et": "Left",
    "off": 28702,
    "sff": "left"
  },
  {
    "docID": "N203 Stamegna 2011",
    "et": "Left",
    "off": 28320,
    "sff": "left"
  },
  {
    "docID": "N203 Stamegna 2011",
    "et": "Left",
    "off": 8090,
    "sff": "left"
  },
  {
    "docID": "N203 Stamegna 2011",
    "et": "Left",
    "off": 19225,
    "sff": "Left"
  },
  {
    "docID": "N203 Stamegna 2011",
    "et": "Left",
    "off": 14214,
    "sff": "left"
  },
  {
    "docID": "N203 Stamegna 2011",
    "et": "Left",
    "off": 7815,
    "sff": "left"
  },
  {
    "docID": "N203 Stamegna 2011",
    "et": "Left",
    "off": 7176,
    "sff": "left"
  },
  {
    "docID": "N203 Stamegna 2011",
    "et": "Left",
    "off": 14473,
    "sff": "left"
  },
  {
    "docID": "N203 Stamegna 2011",
    "et": "Left",
    "off": 25993,
    "sff": "left"
  },
  {
    "docID": "N203 Stamegna 2011",
    "et": "Left",
    "off": 29058,
    "sff": "left"
  },
  {
    "docID": "N203 Stamegna 2011",
    "et": "Left",
    "off": 20100,
    "sff": "left"
  },
  {
    "docID": "N203 Stamegna 2011",
    "et": "Left",
    "off": 10764,
    "sff": "left"
  },
  {
    "docID": "N203 Stamegna 2011",
    "et": "SubstanceApplicationLocation",
    "off": 2099,
    "sff": "application"
  },
  {
    "docID": "N203 Stamegna 2011",
    "et": "C1",
    "off": 28746,
    "sff": "C1"
  },
  {
    "docID": "N203 Stamegna 2011",
    "et": "C1",
    "off": 12140,
    "sff": "C1"
  },
  {
    "docID": "N203 Stamegna 2011",
    "et": "C1",
    "off": 19970,
    "sff": "C1"
  },
  {
    "docID": "N203 Stamegna 2011",
    "et": "C1",
    "off": 28642,
    "sff": "C1"
  },
  {
    "docID": "N203 Stamegna 2011",
    "et": "C1",
    "off": 29155,
    "sff": "C1"
  },
  {
    "docID": "N203 Stamegna 2011",
    "et": "C1",
    "off": 35560,
    "sff": "C1"
  },
  {
    "docID": "N203 Stamegna 2011",
    "et": "C1",
    "off": 27433,
    "sff": "C1"
  },
  {
    "docID": "N203 Stamegna 2011",
    "et": "C1",
    "off": 34918,
    "sff": "C1"
  },
  {
    "docID": "N203 Stamegna 2011",
    "et": "C1",
    "off": 11836,
    "sff": "C1"
  },
  {
    "docID": "N203 Stamegna 2011",
    "et": "C1",
    "off": 18911,
    "sff": "C1"
  },
  {
    "docID": "N203 Stamegna 2011",
    "et": "C1",
    "off": 35136,
    "sff": "C1"
  },
  {
    "docID": "N203 Stamegna 2011",
    "et": "C1",
    "off": 28001,
    "sff": "C1"
  },
  {
    "docID": "N203 Stamegna 2011",
    "et": "C1",
    "off": 29503,
    "sff": "C1"
  },
  {
    "docID": "N203 Stamegna 2011",
    "et": "C1",
    "off": 20179,
    "sff": "C1"
  },
  {
    "docID": "N203 Stamegna 2011",
    "et": "C1",
    "off": 35221,
    "sff": "C1"
  },
  {
    "docID": "N203 Stamegna 2011",
    "et": "C1",
    "off": 26550,
    "sff": "C1"
  },
  {
    "docID": "N203 Stamegna 2011",
    "et": "C1",
    "off": 26806,
    "sff": "C1"
  },
  {
    "docID": "N203 Stamegna 2011",
    "et": "C1",
    "off": 26966,
    "sff": "C1"
  },
  {
    "docID": "N203 Stamegna 2011",
    "et": "C1",
    "off": 26391,
    "sff": "C1"
  },
  {
    "docID": "N203 Stamegna 2011",
    "et": "C2",
    "off": 7820,
    "sff": "C2"
  },
  {
    "docID": "N203 Stamegna 2011",
    "et": "C2",
    "off": 7181,
    "sff": "C2"
  },
  {
    "docID": "N203 Stamegna 2011",
    "et": "C2",
    "off": 7678,
    "sff": "C2"
  },
  {
    "docID": "N203 Stamegna 2011",
    "et": "C2",
    "off": 7423,
    "sff": "C2"
  },
  {
    "docID": "N203 Stamegna 2011",
    "et": "C2",
    "off": 21535,
    "sff": "C2"
  },
  {
    "docID": "N203 Stamegna 2011",
    "et": "C2",
    "off": 16901,
    "sff": "C2"
  },
  {
    "docID": "N203 Stamegna 2011",
    "et": "C2",
    "off": 15714,
    "sff": "C2"
  },
  {
    "docID": "N203 Stamegna 2011",
    "et": "C2",
    "off": 7939,
    "sff": "C2"
  },
  {
    "docID": "N203 Stamegna 2011",
    "et": "C2",
    "off": 6937,
    "sff": "C2"
  },
  {
    "docID": "N203 Stamegna 2011",
    "et": "C3",
    "off": 2758,
    "sff": "C3"
  },
  {
    "docID": "N203 Stamegna 2011",
    "et": "C5",
    "off": 2761,
    "sff": "C5"
  },
  {
    "docID": "N203 Stamegna 2011",
    "et": "InjectionDelivery",
    "off": 9260,
    "sff": "injection"
  },
  {
    "docID": "N203 Stamegna 2011",
    "et": "InjectionDelivery",
    "off": 9323,
    "sff": "injection"
  },
  {
    "docID": "N203 Stamegna 2011",
    "et": "InjectionDelivery",
    "off": 22248,
    "sff": "injection"
  },
  {
    "docID": "N203 Stamegna 2011",
    "et": "InjectionDelivery",
    "off": 8627,
    "sff": "injection"
  },
  {
    "docID": "N203 Stamegna 2011",
    "et": "SpinalLesionSite",
    "off": 8781,
    "sff": "lesion"
  },
  {
    "docID": "N203 Stamegna 2011",
    "et": "SpinalLesionSite",
    "off": 21516,
    "sff": "spinal"
  },
  {
    "docID": "N203 Stamegna 2011",
    "et": "SpinalLesionSite",
    "off": 11477,
    "sff": "lesion"
  },
  {
    "docID": "N203 Stamegna 2011",
    "et": "SpinalLesionSite",
    "off": 7823,
    "sff": "spinal"
  },
  {
    "docID": "N203 Stamegna 2011",
    "et": "SpinalLesionSite",
    "off": 14607,
    "sff": "spinal"
  },
  {
    "docID": "N203 Stamegna 2011",
    "et": "SpinalLesionSite",
    "off": 8911,
    "sff": "lesion"
  },
  {
    "docID": "N203 Stamegna 2011",
    "et": "SpinalLesionSite",
    "off": 9027,
    "sff": "spinal site"
  },
  {
    "docID": "N203 Stamegna 2011",
    "et": "SpinalLesionSite",
    "off": 17209,
    "sff": "lesion"
  },
  {
    "docID": "N203 Stamegna 2011",
    "et": "SpinalLesionSite",
    "off": 26360,
    "sff": "spinal"
  },
  {
    "docID": "N203 Stamegna 2011",
    "et": "SpinalLesionSite",
    "off": 35666,
    "sff": "Spinal"
  },
  {
    "docID": "N203 Stamegna 2011",
    "et": "SpinalLesionSite",
    "off": 11654,
    "sff": "spinal"
  },
  {
    "docID": "N203 Stamegna 2011",
    "et": "SpinalLesionSite",
    "off": 19840,
    "sff": "spinal"
  },
  {
    "docID": "N203 Stamegna 2011",
    "et": "SpinalLesionSite",
    "off": 21183,
    "sff": "lesion"
  },
  {
    "docID": "N203 Stamegna 2011",
    "et": "SpinalLesionSite",
    "off": 25899,
    "sff": "spinal"
  },
  {
    "docID": "N203 Stamegna 2011",
    "et": "SpinalLesionSite",
    "off": 8750,
    "sff": "spinal"
  },
  {
    "docID": "N203 Stamegna 2011",
    "et": "SpinalLesionSite",
    "off": 29681,
    "sff": "lesion"
  },
  {
    "docID": "N203 Stamegna 2011",
    "et": "SpinalLesionSite",
    "off": 21183,
    "sff": "lesion site"
  },
  {
    "docID": "N203 Stamegna 2011",
    "et": "SpinalLesionSite",
    "off": 15733,
    "sff": "lesion"
  },
  {
    "docID": "N203 Stamegna 2011",
    "et": "SpinalLesionSite",
    "off": 27445,
    "sff": "spinal"
  },
  {
    "docID": "N203 Stamegna 2011",
    "et": "SpinalLesionSite",
    "off": 2332,
    "sff": "Spinal"
  },
  {
    "docID": "N203 Stamegna 2011",
    "et": "SpinalLesionSite",
    "off": 7094,
    "sff": "spinal"
  },
  {
    "docID": "N203 Stamegna 2011",
    "et": "SpinalLesionSite",
    "off": 11958,
    "sff": "spinal"
  },
  {
    "docID": "N203 Stamegna 2011",
    "et": "SpinalLesionSite",
    "off": 1438,
    "sff": "spinal"
  },
  {
    "docID": "N203 Stamegna 2011",
    "et": "SpinalLesionSite",
    "off": 38558,
    "sff": "spinal"
  },
  {
    "docID": "N203 Stamegna 2011",
    "et": "SpinalLesionSite",
    "off": 16303,
    "sff": "lesion site"
  },
  {
    "docID": "N203 Stamegna 2011",
    "et": "SpinalLesionSite",
    "off": 4173,
    "sff": "spinal"
  },
  {
    "docID": "N203 Stamegna 2011",
    "et": "SpinalLesionSite",
    "off": 31376,
    "sff": "lesion"
  },
  {
    "docID": "N203 Stamegna 2011",
    "et": "SpinalLesionSite",
    "off": 13972,
    "sff": "lesion"
  },
  {
    "docID": "N203 Stamegna 2011",
    "et": "SpinalLesionSite",
    "off": 21718,
    "sff": "spinal"
  },
  {
    "docID": "N203 Stamegna 2011",
    "et": "SpinalLesionSite",
    "off": 16978,
    "sff": "spinal"
  },
  {
    "docID": "N203 Stamegna 2011",
    "et": "SpinalLesionSite",
    "off": 18898,
    "sff": "spinal"
  },
  {
    "docID": "N203 Stamegna 2011",
    "et": "SpinalLesionSite",
    "off": 830,
    "sff": "spinal"
  },
  {
    "docID": "N203 Stamegna 2011",
    "et": "SpinalLesionSite",
    "off": 31376,
    "sff": "lesion site"
  },
  {
    "docID": "N203 Stamegna 2011",
    "et": "SpinalLesionSite",
    "off": 9027,
    "sff": "spinal"
  },
  {
    "docID": "N203 Stamegna 2011",
    "et": "SpinalLesionSite",
    "off": 20675,
    "sff": "spinal"
  },
  {
    "docID": "N203 Stamegna 2011",
    "et": "SpinalLesionSite",
    "off": 20356,
    "sff": "lesion"
  },
  {
    "docID": "N203 Stamegna 2011",
    "et": "SpinalLesionSite",
    "off": 26562,
    "sff": "spinal"
  },
  {
    "docID": "N203 Stamegna 2011",
    "et": "SpinalLesionSite",
    "off": 26818,
    "sff": "spinal"
  },
  {
    "docID": "N203 Stamegna 2011",
    "et": "SpinalLesionSite",
    "off": 31682,
    "sff": "spinal"
  },
  {
    "docID": "N203 Stamegna 2011",
    "et": "SpinalLesionSite",
    "off": 26088,
    "sff": "spinal"
  },
  {
    "docID": "N203 Stamegna 2011",
    "et": "SpinalLesionSite",
    "off": 11753,
    "sff": "spinal"
  },
  {
    "docID": "N203 Stamegna 2011",
    "et": "SpinalLesionSite",
    "off": 17385,
    "sff": "spinal"
  },
  {
    "docID": "N203 Stamegna 2011",
    "et": "SpinalLesionSite",
    "off": 26218,
    "sff": "spinal"
  },
  {
    "docID": "N203 Stamegna 2011",
    "et": "SpinalLesionSite",
    "off": 20356,
    "sff": "lesion site"
  },
  {
    "docID": "N203 Stamegna 2011",
    "et": "SpinalLesionSite",
    "off": 8817,
    "sff": "spinal"
  },
  {
    "docID": "N203 Stamegna 2011",
    "et": "SpinalLesionSite",
    "off": 16303,
    "sff": "lesion"
  },
  {
    "docID": "N203 Stamegna 2011",
    "et": "SpinalLesionSite",
    "off": 16882,
    "sff": "spinal"
  },
  {
    "docID": "N203 Stamegna 2011",
    "et": "SpinalLesionSite",
    "off": 35373,
    "sff": "lesion"
  },
  {
    "docID": "N203 Stamegna 2011",
    "et": "SpinalLesionSite",
    "off": 29681,
    "sff": "lesion site"
  },
  {
    "docID": "N203 Stamegna 2011",
    "et": "SpinalLesionSite",
    "off": 26969,
    "sff": "spinal"
  },
  {
    "docID": "N203 Stamegna 2011",
    "et": "SpinalLesionSite",
    "off": 10789,
    "sff": "lesion"
  },
  {
    "docID": "N203 Stamegna 2011",
    "et": "SpinalLesionSite",
    "off": 15733,
    "sff": "lesion site"
  },
  {
    "docID": "N203 Stamegna 2011",
    "et": "SpinalLesionSite",
    "off": 12901,
    "sff": "spinal"
  },
  {
    "docID": "N203 Stamegna 2011",
    "et": "SpinalLesionSite",
    "off": 95,
    "sff": "spinal"
  },
  {
    "docID": "N203 Stamegna 2011",
    "et": "SpinalLesionSite",
    "off": 38758,
    "sff": "spinal"
  },
  {
    "docID": "N203 Stamegna 2011",
    "et": "AnimalSpecies",
    "off": 22163,
    "sff": "animal"
  },
  {
    "docID": "N203 Stamegna 2011",
    "et": "AnimalSpecies",
    "off": 5151,
    "sff": "animal"
  },
  {
    "docID": "N203 Stamegna 2011",
    "et": "AnimalSpecies",
    "off": 9140,
    "sff": "animal"
  },
  {
    "docID": "N203 Stamegna 2011",
    "et": "AnimalSpecies",
    "off": 4947,
    "sff": "Animal"
  },
  {
    "docID": "N203 Stamegna 2011",
    "et": "AnimalSpecies",
    "off": 9702,
    "sff": "animal"
  },
  {
    "docID": "N203 Stamegna 2011",
    "et": "AnimalSpecies",
    "off": 14391,
    "sff": "animal"
  },
  {
    "docID": "N203 Stamegna 2011",
    "et": "AnimalSpecies",
    "off": 12297,
    "sff": "animal"
  },
  {
    "docID": "N203 Stamegna 2011",
    "et": "AnimalSpecies",
    "off": 13785,
    "sff": "animal"
  },
  {
    "docID": "N203 Stamegna 2011",
    "et": "NT3Lentivirus",
    "off": 5768,
    "sff": "NT3"
  },
  {
    "docID": "N203 Stamegna 2011",
    "et": "Right",
    "off": 26584,
    "sff": "right"
  },
  {
    "docID": "N203 Stamegna 2011",
    "et": "Right",
    "off": 29016,
    "sff": "right"
  },
  {
    "docID": "N203 Stamegna 2011",
    "et": "Right",
    "off": 13721,
    "sff": "right"
  },
  {
    "docID": "N203 Stamegna 2011",
    "et": "Right",
    "off": 25045,
    "sff": "right"
  },
  {
    "docID": "N203 Stamegna 2011",
    "et": "Right",
    "off": 28501,
    "sff": "right"
  },
  {
    "docID": "N203 Stamegna 2011",
    "et": "Right",
    "off": 29278,
    "sff": "right"
  },
  {
    "docID": "N203 Stamegna 2011",
    "et": "Right",
    "off": 11489,
    "sff": "right"
  },
  {
    "docID": "N203 Stamegna 2011",
    "et": "Right",
    "off": 26459,
    "sff": "right"
  },
  {
    "docID": "N203 Stamegna 2011",
    "et": "Right",
    "off": 13894,
    "sff": "right"
  },
  {
    "docID": "N203 Stamegna 2011",
    "et": "Right",
    "off": 19271,
    "sff": "right"
  },
  {
    "docID": "N203 Stamegna 2011",
    "et": "Right",
    "off": 13768,
    "sff": "right"
  },
  {
    "docID": "N203 Stamegna 2011",
    "et": "Right",
    "off": 10754,
    "sff": "right"
  },
  {
    "docID": "N203 Stamegna 2011",
    "et": "Right",
    "off": 25481,
    "sff": "right"
  },
  {
    "docID": "N203 Stamegna 2011",
    "et": "Right",
    "off": 25609,
    "sff": "right"
  },
  {
    "docID": "N203 Stamegna 2011",
    "et": "Right",
    "off": 14403,
    "sff": "right"
  },
  {
    "docID": "N203 Stamegna 2011",
    "et": "Right",
    "off": 27587,
    "sff": "right"
  },
  {
    "docID": "N203 Stamegna 2011",
    "et": "Right",
    "off": 28740,
    "sff": "right"
  },
  {
    "docID": "N203 Stamegna 2011",
    "et": "Right",
    "off": 28549,
    "sff": "right"
  },
  {
    "docID": "N203 Stamegna 2011",
    "et": "Right",
    "off": 24271,
    "sff": "right"
  },
  {
    "docID": "N203 Stamegna 2011",
    "et": "Right",
    "off": 25164,
    "sff": "right"
  },
  {
    "docID": "N203 Stamegna 2011",
    "et": "Right",
    "off": 28790,
    "sff": "right"
  },
  {
    "docID": "N203 Stamegna 2011",
    "et": "Right",
    "off": 28087,
    "sff": "right"
  },
  {
    "docID": "N203 Stamegna 2011",
    "et": "Right",
    "off": 14328,
    "sff": "right"
  },
  {
    "docID": "N203 Stamegna 2011",
    "et": "Right",
    "off": 18880,
    "sff": "right"
  },
  {
    "docID": "N203 Stamegna 2011",
    "et": "Right",
    "off": 20090,
    "sff": "right"
  },
  {
    "docID": "N203 Stamegna 2011",
    "et": "Right",
    "off": 29158,
    "sff": "right"
  },
  {
    "docID": "N203 Stamegna 2011",
    "et": "Right",
    "off": 14375,
    "sff": "right"
  },
  {
    "docID": "N203 Stamegna 2011",
    "et": "Right",
    "off": 20003,
    "sff": "right"
  },
  {
    "docID": "N203 Stamegna 2011",
    "et": "Right",
    "off": 28389,
    "sff": "right"
  },
  {
    "docID": "N203 Stamegna 2011",
    "et": "Right",
    "off": 28645,
    "sff": "right"
  },
  {
    "docID": "N203 Stamegna 2011",
    "et": "Right",
    "off": 26544,
    "sff": "right"
  },
  {
    "docID": "N203 Stamegna 2011",
    "et": "Right",
    "off": 20017,
    "sff": "right"
  },
  {
    "docID": "N203 Stamegna 2011",
    "et": "Right",
    "off": 18731,
    "sff": "right"
  },
  {
    "docID": "N203 Stamegna 2011",
    "et": "Right",
    "off": 25195,
    "sff": "right"
  },
  {
    "docID": "N203 Stamegna 2011",
    "et": "Right",
    "off": 17964,
    "sff": "right"
  },
  {
    "docID": "N203 Stamegna 2011",
    "et": "VeinLocation",
    "off": 13461,
    "sff": "vein"
  },
  {
    "docID": "N203 Stamegna 2011",
    "et": "FemoralVeinLocation",
    "off": 13461,
    "sff": "vein"
  },
  {
    "docID": "N203 Stamegna 2011",
    "et": "TemperatureTreatment",
    "off": 12269,
    "sff": "temperature"
  },
  {
    "docID": "N203 Stamegna 2011",
    "et": "TemperatureTreatment",
    "off": 15214,
    "sff": "temperature"
  },
  {
    "docID": "N203 Stamegna 2011",
    "et": "PBS",
    "off": 14825,
    "sff": "PBS"
  },
  {
    "docID": "N203 Stamegna 2011",
    "et": "PBS",
    "off": 14682,
    "sff": "PBS"
  },
  {
    "docID": "N203 Stamegna 2011",
    "et": "StemCell",
    "off": 37285,
    "sff": "stem"
  },
  {
    "docID": "N203 Stamegna 2011",
    "et": "SpinalCord",
    "off": 2332,
    "sff": "Spinal cord"
  },
  {
    "docID": "N203 Stamegna 2011",
    "et": "SpinalCord",
    "off": 38558,
    "sff": "spinal cord"
  },
  {
    "docID": "N203 Stamegna 2011",
    "et": "SpinalCord",
    "off": 95,
    "sff": "spinal cord"
  },
  {
    "docID": "N203 Stamegna 2011",
    "et": "SpinalCord",
    "off": 1438,
    "sff": "spinal cord"
  },
  {
    "docID": "N203 Stamegna 2011",
    "et": "SpinalCord",
    "off": 11753,
    "sff": "spinal cord"
  },
  {
    "docID": "N203 Stamegna 2011",
    "et": "SpinalCord",
    "off": 17385,
    "sff": "spinal cord"
  },
  {
    "docID": "N203 Stamegna 2011",
    "et": "SpinalCord",
    "off": 26218,
    "sff": "spinal cord"
  },
  {
    "docID": "N203 Stamegna 2011",
    "et": "SpinalCord",
    "off": 9027,
    "sff": "spinal"
  },
  {
    "docID": "N203 Stamegna 2011",
    "et": "SpinalCord",
    "off": 26088,
    "sff": "spinal cord"
  },
  {
    "docID": "N203 Stamegna 2011",
    "et": "SpinalCord",
    "off": 38758,
    "sff": "spinal cord"
  },
  {
    "docID": "N203 Stamegna 2011",
    "et": "SpinalCord",
    "off": 16882,
    "sff": "spinal cord"
  },
  {
    "docID": "N203 Stamegna 2011",
    "et": "SpinalCord",
    "off": 8750,
    "sff": "spinal cord"
  },
  {
    "docID": "N203 Stamegna 2011",
    "et": "SpinalCord",
    "off": 26360,
    "sff": "spinal cord"
  },
  {
    "docID": "N203 Stamegna 2011",
    "et": "SpinalCord",
    "off": 7094,
    "sff": "spinal cord"
  },
  {
    "docID": "N203 Stamegna 2011",
    "et": "SpinalCord",
    "off": 27445,
    "sff": "spinal cord"
  },
  {
    "docID": "N203 Stamegna 2011",
    "et": "SpinalCord",
    "off": 26562,
    "sff": "spinal cord"
  },
  {
    "docID": "N203 Stamegna 2011",
    "et": "SpinalCord",
    "off": 26818,
    "sff": "spinal cord"
  },
  {
    "docID": "N203 Stamegna 2011",
    "et": "SpinalCord",
    "off": 31682,
    "sff": "spinal cord"
  },
  {
    "docID": "N203 Stamegna 2011",
    "et": "SpinalCord",
    "off": 19840,
    "sff": "spinal cord"
  },
  {
    "docID": "N203 Stamegna 2011",
    "et": "SpinalCord",
    "off": 20675,
    "sff": "spinal cord"
  },
  {
    "docID": "N203 Stamegna 2011",
    "et": "SpinalCord",
    "off": 25899,
    "sff": "spinal"
  },
  {
    "docID": "N203 Stamegna 2011",
    "et": "SpinalCord",
    "off": 830,
    "sff": "spinal cord"
  },
  {
    "docID": "N203 Stamegna 2011",
    "et": "SpinalCord",
    "off": 12901,
    "sff": "spinal"
  },
  {
    "docID": "N203 Stamegna 2011",
    "et": "SpinalCord",
    "off": 11654,
    "sff": "spinal cord"
  },
  {
    "docID": "N203 Stamegna 2011",
    "et": "SpinalCord",
    "off": 16978,
    "sff": "spinal cord"
  },
  {
    "docID": "N203 Stamegna 2011",
    "et": "SpinalCord",
    "off": 18898,
    "sff": "spinal cord"
  },
  {
    "docID": "N203 Stamegna 2011",
    "et": "SpinalCord",
    "off": 35666,
    "sff": "Spinal cord"
  },
  {
    "docID": "N203 Stamegna 2011",
    "et": "SpinalCord",
    "off": 4173,
    "sff": "spinal cord"
  },
  {
    "docID": "N203 Stamegna 2011",
    "et": "SpinalCord",
    "off": 21516,
    "sff": "spinal cord"
  },
  {
    "docID": "N203 Stamegna 2011",
    "et": "SpinalCord",
    "off": 7823,
    "sff": "spinal cord"
  },
  {
    "docID": "N203 Stamegna 2011",
    "et": "SpinalCord",
    "off": 14607,
    "sff": "spinal cord"
  },
  {
    "docID": "N203 Stamegna 2011",
    "et": "SpinalCord",
    "off": 8817,
    "sff": "spinal"
  },
  {
    "docID": "N203 Stamegna 2011",
    "et": "SpinalCord",
    "off": 26969,
    "sff": "spinal cord"
  },
  {
    "docID": "N203 Stamegna 2011",
    "et": "SpinalCord",
    "off": 11958,
    "sff": "spinal"
  },
  {
    "docID": "N203 Stamegna 2011",
    "et": "SpinalCord",
    "off": 21718,
    "sff": "spinal cord"
  },
  {
    "docID": "N203 Stamegna 2011",
    "et": "LesionAdjacentTissue",
    "off": 20356,
    "sff": "lesion"
  },
  {
    "docID": "N203 Stamegna 2011",
    "et": "LesionAdjacentTissue",
    "off": 10789,
    "sff": "lesion"
  },
  {
    "docID": "N203 Stamegna 2011",
    "et": "LesionAdjacentTissue",
    "off": 17209,
    "sff": "lesion"
  },
  {
    "docID": "N203 Stamegna 2011",
    "et": "LesionAdjacentTissue",
    "off": 21183,
    "sff": "lesion"
  },
  {
    "docID": "N203 Stamegna 2011",
    "et": "LesionAdjacentTissue",
    "off": 13972,
    "sff": "lesion"
  },
  {
    "docID": "N203 Stamegna 2011",
    "et": "LesionAdjacentTissue",
    "off": 29681,
    "sff": "lesion"
  },
  {
    "docID": "N203 Stamegna 2011",
    "et": "LesionAdjacentTissue",
    "off": 11477,
    "sff": "lesion"
  },
  {
    "docID": "N203 Stamegna 2011",
    "et": "LesionAdjacentTissue",
    "off": 15733,
    "sff": "lesion"
  },
  {
    "docID": "N203 Stamegna 2011",
    "et": "LesionAdjacentTissue",
    "off": 8911,
    "sff": "lesion"
  },
  {
    "docID": "N203 Stamegna 2011",
    "et": "LesionAdjacentTissue",
    "off": 16303,
    "sff": "lesion"
  },
  {
    "docID": "N203 Stamegna 2011",
    "et": "LesionAdjacentTissue",
    "off": 31376,
    "sff": "lesion"
  },
  {
    "docID": "N203 Stamegna 2011",
    "et": "LesionAdjacentTissue",
    "off": 8781,
    "sff": "lesion"
  },
  {
    "docID": "N203 Stamegna 2011",
    "et": "LesionAdjacentTissue",
    "off": 35373,
    "sff": "lesion"
  },
  {
    "docID": "N203 Stamegna 2011",
    "et": "CentralNervousSystem",
    "off": 3646,
    "sff": "central"
  },
  {
    "docID": "N203 Stamegna 2011",
    "et": "CentralNervousSystem",
    "off": 34864,
    "sff": "central"
  },
  {
    "docID": "N203 Stamegna 2011",
    "et": "CentralNervousSystem",
    "off": 39179,
    "sff": "central"
  },
  {
    "docID": "N203 Stamegna 2011",
    "et": "CentralNervousSystem",
    "off": 39096,
    "sff": "central"
  },
  {
    "docID": "N203 Stamegna 2011",
    "et": "CentralNervousSystem",
    "off": 2295,
    "sff": "nervous"
  },
  {
    "docID": "N203 Stamegna 2011",
    "et": "CentralNervousSystem",
    "off": 2295,
    "sff": "nervous system"
  },
  {
    "docID": "N203 Stamegna 2011",
    "et": "SpinalCentralPart",
    "off": 16978,
    "sff": "spinal"
  },
  {
    "docID": "N203 Stamegna 2011",
    "et": "SpinalCentralPart",
    "off": 18898,
    "sff": "spinal"
  },
  {
    "docID": "N203 Stamegna 2011",
    "et": "SpinalCentralPart",
    "off": 21718,
    "sff": "spinal"
  },
  {
    "docID": "N203 Stamegna 2011",
    "et": "SpinalCentralPart",
    "off": 26969,
    "sff": "spinal"
  },
  {
    "docID": "N203 Stamegna 2011",
    "et": "SpinalCentralPart",
    "off": 1438,
    "sff": "spinal"
  },
  {
    "docID": "N203 Stamegna 2011",
    "et": "SpinalCentralPart",
    "off": 95,
    "sff": "spinal"
  },
  {
    "docID": "N203 Stamegna 2011",
    "et": "SpinalCentralPart",
    "off": 38558,
    "sff": "spinal"
  },
  {
    "docID": "N203 Stamegna 2011",
    "et": "SpinalCentralPart",
    "off": 38758,
    "sff": "spinal"
  },
  {
    "docID": "N203 Stamegna 2011",
    "et": "SpinalCentralPart",
    "off": 12901,
    "sff": "spinal"
  },
  {
    "docID": "N203 Stamegna 2011",
    "et": "SpinalCentralPart",
    "off": 25899,
    "sff": "spinal"
  },
  {
    "docID": "N203 Stamegna 2011",
    "et": "SpinalCentralPart",
    "off": 26218,
    "sff": "spinal"
  },
  {
    "docID": "N203 Stamegna 2011",
    "et": "SpinalCentralPart",
    "off": 39179,
    "sff": "central"
  },
  {
    "docID": "N203 Stamegna 2011",
    "et": "SpinalCentralPart",
    "off": 11753,
    "sff": "spinal"
  },
  {
    "docID": "N203 Stamegna 2011",
    "et": "SpinalCentralPart",
    "off": 17385,
    "sff": "spinal"
  },
  {
    "docID": "N203 Stamegna 2011",
    "et": "SpinalCentralPart",
    "off": 26088,
    "sff": "spinal"
  },
  {
    "docID": "N203 Stamegna 2011",
    "et": "SpinalCentralPart",
    "off": 8750,
    "sff": "spinal"
  },
  {
    "docID": "N203 Stamegna 2011",
    "et": "SpinalCentralPart",
    "off": 16882,
    "sff": "spinal"
  },
  {
    "docID": "N203 Stamegna 2011",
    "et": "SpinalCentralPart",
    "off": 8817,
    "sff": "spinal"
  },
  {
    "docID": "N203 Stamegna 2011",
    "et": "SpinalCentralPart",
    "off": 7094,
    "sff": "spinal"
  },
  {
    "docID": "N203 Stamegna 2011",
    "et": "SpinalCentralPart",
    "off": 11958,
    "sff": "spinal"
  },
  {
    "docID": "N203 Stamegna 2011",
    "et": "SpinalCentralPart",
    "off": 27445,
    "sff": "spinal"
  },
  {
    "docID": "N203 Stamegna 2011",
    "et": "SpinalCentralPart",
    "off": 39096,
    "sff": "central"
  },
  {
    "docID": "N203 Stamegna 2011",
    "et": "SpinalCentralPart",
    "off": 26360,
    "sff": "spinal"
  },
  {
    "docID": "N203 Stamegna 2011",
    "et": "SpinalCentralPart",
    "off": 830,
    "sff": "spinal"
  },
  {
    "docID": "N203 Stamegna 2011",
    "et": "SpinalCentralPart",
    "off": 3646,
    "sff": "central"
  },
  {
    "docID": "N203 Stamegna 2011",
    "et": "SpinalCentralPart",
    "off": 2332,
    "sff": "Spinal"
  },
  {
    "docID": "N203 Stamegna 2011",
    "et": "SpinalCentralPart",
    "off": 9027,
    "sff": "spinal"
  },
  {
    "docID": "N203 Stamegna 2011",
    "et": "SpinalCentralPart",
    "off": 20675,
    "sff": "spinal"
  },
  {
    "docID": "N203 Stamegna 2011",
    "et": "SpinalCentralPart",
    "off": 26562,
    "sff": "spinal"
  },
  {
    "docID": "N203 Stamegna 2011",
    "et": "SpinalCentralPart",
    "off": 26818,
    "sff": "spinal"
  },
  {
    "docID": "N203 Stamegna 2011",
    "et": "SpinalCentralPart",
    "off": 31682,
    "sff": "spinal"
  },
  {
    "docID": "N203 Stamegna 2011",
    "et": "SpinalCentralPart",
    "off": 19840,
    "sff": "spinal"
  },
  {
    "docID": "N203 Stamegna 2011",
    "et": "SpinalCentralPart",
    "off": 34864,
    "sff": "central"
  },
  {
    "docID": "N203 Stamegna 2011",
    "et": "SpinalCentralPart",
    "off": 11654,
    "sff": "spinal"
  },
  {
    "docID": "N203 Stamegna 2011",
    "et": "SpinalCentralPart",
    "off": 7823,
    "sff": "spinal"
  },
  {
    "docID": "N203 Stamegna 2011",
    "et": "SpinalCentralPart",
    "off": 14607,
    "sff": "spinal"
  },
  {
    "docID": "N203 Stamegna 2011",
    "et": "SpinalCentralPart",
    "off": 21516,
    "sff": "spinal"
  },
  {
    "docID": "N203 Stamegna 2011",
    "et": "SpinalCentralPart",
    "off": 4173,
    "sff": "spinal"
  },
  {
    "docID": "N203 Stamegna 2011",
    "et": "SpinalCentralPart",
    "off": 35666,
    "sff": "Spinal"
  },
  {
    "docID": "N203 Stamegna 2011",
    "et": "AnatomicalLocation",
    "off": 35590,
    "sff": "Anatomical"
  },
  {
    "docID": "N203 Stamegna 2011",
    "et": "AnatomicalLocation",
    "off": 29725,
    "sff": "anatomical"
  },
  {
    "docID": "N203 Stamegna 2011",
    "et": "SpinalWhiteMatter",
    "off": 4173,
    "sff": "spinal"
  },
  {
    "docID": "N203 Stamegna 2011",
    "et": "SpinalWhiteMatter",
    "off": 7618,
    "sff": "white"
  },
  {
    "docID": "N203 Stamegna 2011",
    "et": "SpinalWhiteMatter",
    "off": 21516,
    "sff": "spinal"
  },
  {
    "docID": "N203 Stamegna 2011",
    "et": "SpinalWhiteMatter",
    "off": 7823,
    "sff": "spinal"
  },
  {
    "docID": "N203 Stamegna 2011",
    "et": "SpinalWhiteMatter",
    "off": 14607,
    "sff": "spinal"
  },
  {
    "docID": "N203 Stamegna 2011",
    "et": "SpinalWhiteMatter",
    "off": 9027,
    "sff": "spinal"
  },
  {
    "docID": "N203 Stamegna 2011",
    "et": "SpinalWhiteMatter",
    "off": 20675,
    "sff": "spinal"
  },
  {
    "docID": "N203 Stamegna 2011",
    "et": "SpinalWhiteMatter",
    "off": 26562,
    "sff": "spinal"
  },
  {
    "docID": "N203 Stamegna 2011",
    "et": "SpinalWhiteMatter",
    "off": 26818,
    "sff": "spinal"
  },
  {
    "docID": "N203 Stamegna 2011",
    "et": "SpinalWhiteMatter",
    "off": 31682,
    "sff": "spinal"
  },
  {
    "docID": "N203 Stamegna 2011",
    "et": "SpinalWhiteMatter",
    "off": 11654,
    "sff": "spinal"
  },
  {
    "docID": "N203 Stamegna 2011",
    "et": "SpinalWhiteMatter",
    "off": 19840,
    "sff": "spinal"
  },
  {
    "docID": "N203 Stamegna 2011",
    "et": "SpinalWhiteMatter",
    "off": 830,
    "sff": "spinal"
  },
  {
    "docID": "N203 Stamegna 2011",
    "et": "SpinalWhiteMatter",
    "off": 27445,
    "sff": "spinal"
  },
  {
    "docID": "N203 Stamegna 2011",
    "et": "SpinalWhiteMatter",
    "off": 16089,
    "sff": "white matter"
  },
  {
    "docID": "N203 Stamegna 2011",
    "et": "SpinalWhiteMatter",
    "off": 16882,
    "sff": "spinal"
  },
  {
    "docID": "N203 Stamegna 2011",
    "et": "SpinalWhiteMatter",
    "off": 26360,
    "sff": "spinal"
  },
  {
    "docID": "N203 Stamegna 2011",
    "et": "SpinalWhiteMatter",
    "off": 31068,
    "sff": "white matter"
  },
  {
    "docID": "N203 Stamegna 2011",
    "et": "SpinalWhiteMatter",
    "off": 7094,
    "sff": "spinal"
  },
  {
    "docID": "N203 Stamegna 2011",
    "et": "SpinalWhiteMatter",
    "off": 11958,
    "sff": "spinal"
  },
  {
    "docID": "N203 Stamegna 2011",
    "et": "SpinalWhiteMatter",
    "off": 25899,
    "sff": "spinal"
  },
  {
    "docID": "N203 Stamegna 2011",
    "et": "SpinalWhiteMatter",
    "off": 26218,
    "sff": "spinal"
  },
  {
    "docID": "N203 Stamegna 2011",
    "et": "SpinalWhiteMatter",
    "off": 8817,
    "sff": "spinal"
  },
  {
    "docID": "N203 Stamegna 2011",
    "et": "SpinalWhiteMatter",
    "off": 8750,
    "sff": "spinal"
  },
  {
    "docID": "N203 Stamegna 2011",
    "et": "SpinalWhiteMatter",
    "off": 12901,
    "sff": "spinal"
  },
  {
    "docID": "N203 Stamegna 2011",
    "et": "SpinalWhiteMatter",
    "off": 31068,
    "sff": "white"
  },
  {
    "docID": "N203 Stamegna 2011",
    "et": "SpinalWhiteMatter",
    "off": 11753,
    "sff": "spinal"
  },
  {
    "docID": "N203 Stamegna 2011",
    "et": "SpinalWhiteMatter",
    "off": 17385,
    "sff": "spinal"
  },
  {
    "docID": "N203 Stamegna 2011",
    "et": "SpinalWhiteMatter",
    "off": 26088,
    "sff": "spinal"
  },
  {
    "docID": "N203 Stamegna 2011",
    "et": "SpinalWhiteMatter",
    "off": 16089,
    "sff": "white"
  },
  {
    "docID": "N203 Stamegna 2011",
    "et": "SpinalWhiteMatter",
    "off": 38758,
    "sff": "spinal"
  },
  {
    "docID": "N203 Stamegna 2011",
    "et": "SpinalWhiteMatter",
    "off": 7618,
    "sff": "white matter"
  },
  {
    "docID": "N203 Stamegna 2011",
    "et": "SpinalWhiteMatter",
    "off": 95,
    "sff": "spinal"
  },
  {
    "docID": "N203 Stamegna 2011",
    "et": "SpinalWhiteMatter",
    "off": 35666,
    "sff": "Spinal"
  },
  {
    "docID": "N203 Stamegna 2011",
    "et": "SpinalWhiteMatter",
    "off": 1438,
    "sff": "spinal"
  },
  {
    "docID": "N203 Stamegna 2011",
    "et": "SpinalWhiteMatter",
    "off": 38558,
    "sff": "spinal"
  },
  {
    "docID": "N203 Stamegna 2011",
    "et": "SpinalWhiteMatter",
    "off": 16978,
    "sff": "spinal"
  },
  {
    "docID": "N203 Stamegna 2011",
    "et": "SpinalWhiteMatter",
    "off": 18898,
    "sff": "spinal"
  },
  {
    "docID": "N203 Stamegna 2011",
    "et": "SpinalWhiteMatter",
    "off": 26969,
    "sff": "spinal"
  },
  {
    "docID": "N203 Stamegna 2011",
    "et": "SpinalWhiteMatter",
    "off": 2332,
    "sff": "Spinal"
  },
  {
    "docID": "N203 Stamegna 2011",
    "et": "SpinalWhiteMatter",
    "off": 21718,
    "sff": "spinal"
  },
  {
    "docID": "N203 Stamegna 2011",
    "et": "Electrodes",
    "off": 11795,
    "sff": "electrodes"
  },
  {
    "docID": "N203 Stamegna 2011",
    "et": "Antibody",
    "off": 6093,
    "sff": "antibody"
  },
  {
    "docID": "N203 Stamegna 2011",
    "et": "Antibody",
    "off": 15257,
    "sff": "antibody"
  },
  {
    "docID": "N203 Stamegna 2011",
    "et": "Antibody",
    "off": 14920,
    "sff": "antibody"
  },
  {
    "docID": "N203 Stamegna 2011",
    "et": "Antibody",
    "off": 15157,
    "sff": "antibody"
  },
  {
    "docID": "N203 Stamegna 2011",
    "et": "Antibody",
    "off": 20802,
    "sff": "antibody"
  },
  {
    "docID": "N203 Stamegna 2011",
    "et": "Purification",
    "off": 5273,
    "sff": "purification"
  },
  {
    "docID": "N203 Stamegna 2011",
    "et": "UmbilicalCordBloodStemCell",
    "off": 16985,
    "sff": "cord"
  },
  {
    "docID": "N203 Stamegna 2011",
    "et": "UmbilicalCordBloodStemCell",
    "off": 18905,
    "sff": "cord"
  },
  {
    "docID": "N203 Stamegna 2011",
    "et": "UmbilicalCordBloodStemCell",
    "off": 35673,
    "sff": "cord"
  },
  {
    "docID": "N203 Stamegna 2011",
    "et": "UmbilicalCordBloodStemCell",
    "off": 21725,
    "sff": "cord"
  },
  {
    "docID": "N203 Stamegna 2011",
    "et": "UmbilicalCordBloodStemCell",
    "off": 26976,
    "sff": "cord"
  },
  {
    "docID": "N203 Stamegna 2011",
    "et": "UmbilicalCordBloodStemCell",
    "off": 2339,
    "sff": "cord"
  },
  {
    "docID": "N203 Stamegna 2011",
    "et": "UmbilicalCordBloodStemCell",
    "off": 1445,
    "sff": "cord"
  },
  {
    "docID": "N203 Stamegna 2011",
    "et": "UmbilicalCordBloodStemCell",
    "off": 38565,
    "sff": "cord"
  },
  {
    "docID": "N203 Stamegna 2011",
    "et": "UmbilicalCordBloodStemCell",
    "off": 102,
    "sff": "cord"
  },
  {
    "docID": "N203 Stamegna 2011",
    "et": "UmbilicalCordBloodStemCell",
    "off": 9129,
    "sff": "cord"
  },
  {
    "docID": "N203 Stamegna 2011",
    "et": "UmbilicalCordBloodStemCell",
    "off": 38765,
    "sff": "cord"
  },
  {
    "docID": "N203 Stamegna 2011",
    "et": "UmbilicalCordBloodStemCell",
    "off": 21935,
    "sff": "cord"
  },
  {
    "docID": "N203 Stamegna 2011",
    "et": "UmbilicalCordBloodStemCell",
    "off": 26095,
    "sff": "cord"
  },
  {
    "docID": "N203 Stamegna 2011",
    "et": "UmbilicalCordBloodStemCell",
    "off": 11760,
    "sff": "cord"
  },
  {
    "docID": "N203 Stamegna 2011",
    "et": "UmbilicalCordBloodStemCell",
    "off": 17392,
    "sff": "cord"
  },
  {
    "docID": "N203 Stamegna 2011",
    "et": "UmbilicalCordBloodStemCell",
    "off": 26225,
    "sff": "cord"
  },
  {
    "docID": "N203 Stamegna 2011",
    "et": "UmbilicalCordBloodStemCell",
    "off": 8757,
    "sff": "cord"
  },
  {
    "docID": "N203 Stamegna 2011",
    "et": "UmbilicalCordBloodStemCell",
    "off": 4918,
    "sff": "cord"
  },
  {
    "docID": "N203 Stamegna 2011",
    "et": "UmbilicalCordBloodStemCell",
    "off": 24760,
    "sff": "cord"
  },
  {
    "docID": "N203 Stamegna 2011",
    "et": "UmbilicalCordBloodStemCell",
    "off": 16889,
    "sff": "cord"
  },
  {
    "docID": "N203 Stamegna 2011",
    "et": "UmbilicalCordBloodStemCell",
    "off": 27452,
    "sff": "cord"
  },
  {
    "docID": "N203 Stamegna 2011",
    "et": "UmbilicalCordBloodStemCell",
    "off": 7101,
    "sff": "cord"
  },
  {
    "docID": "N203 Stamegna 2011",
    "et": "UmbilicalCordBloodStemCell",
    "off": 26367,
    "sff": "cord"
  },
  {
    "docID": "N203 Stamegna 2011",
    "et": "UmbilicalCordBloodStemCell",
    "off": 837,
    "sff": "cord"
  },
  {
    "docID": "N203 Stamegna 2011",
    "et": "UmbilicalCordBloodStemCell",
    "off": 19847,
    "sff": "cord"
  },
  {
    "docID": "N203 Stamegna 2011",
    "et": "UmbilicalCordBloodStemCell",
    "off": 26569,
    "sff": "cord"
  },
  {
    "docID": "N203 Stamegna 2011",
    "et": "UmbilicalCordBloodStemCell",
    "off": 26825,
    "sff": "cord"
  },
  {
    "docID": "N203 Stamegna 2011",
    "et": "UmbilicalCordBloodStemCell",
    "off": 31689,
    "sff": "cord"
  },
  {
    "docID": "N203 Stamegna 2011",
    "et": "UmbilicalCordBloodStemCell",
    "off": 20682,
    "sff": "cord"
  },
  {
    "docID": "N203 Stamegna 2011",
    "et": "UmbilicalCordBloodStemCell",
    "off": 39690,
    "sff": "cord"
  },
  {
    "docID": "N203 Stamegna 2011",
    "et": "UmbilicalCordBloodStemCell",
    "off": 7437,
    "sff": "cord"
  },
  {
    "docID": "N203 Stamegna 2011",
    "et": "UmbilicalCordBloodStemCell",
    "off": 11661,
    "sff": "cord"
  },
  {
    "docID": "N203 Stamegna 2011",
    "et": "UmbilicalCordBloodStemCell",
    "off": 28113,
    "sff": "cord"
  },
  {
    "docID": "N203 Stamegna 2011",
    "et": "UmbilicalCordBloodStemCell",
    "off": 21523,
    "sff": "cord"
  },
  {
    "docID": "N203 Stamegna 2011",
    "et": "UmbilicalCordBloodStemCell",
    "off": 4180,
    "sff": "cord"
  },
  {
    "docID": "N203 Stamegna 2011",
    "et": "UmbilicalCordBloodStemCell",
    "off": 7830,
    "sff": "cord"
  },
  {
    "docID": "N203 Stamegna 2011",
    "et": "UmbilicalCordBloodStemCell",
    "off": 14614,
    "sff": "cord"
  },
  {
    "docID": "N203 Stamegna 2011",
    "et": "TailVeinLocation",
    "off": 13461,
    "sff": "vein"
  },
  {
    "docID": "N203 Stamegna 2011",
    "et": "Protein",
    "off": 37563,
    "sff": "protein"
  },
  {
    "docID": "N203 Stamegna 2011",
    "et": "GlialCell",
    "off": 36874,
    "sff": "glial"
  },
  {
    "docID": "N203 Stamegna 2011",
    "et": "GlialCell",
    "off": 33314,
    "sff": "glial"
  },
  {
    "docID": "N203 Stamegna 2011",
    "et": "SpinalGrayMatter",
    "off": 16882,
    "sff": "spinal"
  },
  {
    "docID": "N203 Stamegna 2011",
    "et": "SpinalGrayMatter",
    "off": 27445,
    "sff": "spinal"
  },
  {
    "docID": "N203 Stamegna 2011",
    "et": "SpinalGrayMatter",
    "off": 8750,
    "sff": "spinal"
  },
  {
    "docID": "N203 Stamegna 2011",
    "et": "SpinalGrayMatter",
    "off": 8817,
    "sff": "spinal"
  },
  {
    "docID": "N203 Stamegna 2011",
    "et": "SpinalGrayMatter",
    "off": 26218,
    "sff": "spinal"
  },
  {
    "docID": "N203 Stamegna 2011",
    "et": "SpinalGrayMatter",
    "off": 25899,
    "sff": "spinal"
  },
  {
    "docID": "N203 Stamegna 2011",
    "et": "SpinalGrayMatter",
    "off": 38758,
    "sff": "spinal"
  },
  {
    "docID": "N203 Stamegna 2011",
    "et": "SpinalGrayMatter",
    "off": 26088,
    "sff": "spinal"
  },
  {
    "docID": "N203 Stamegna 2011",
    "et": "SpinalGrayMatter",
    "off": 11753,
    "sff": "spinal"
  },
  {
    "docID": "N203 Stamegna 2011",
    "et": "SpinalGrayMatter",
    "off": 17385,
    "sff": "spinal"
  },
  {
    "docID": "N203 Stamegna 2011",
    "et": "SpinalGrayMatter",
    "off": 26562,
    "sff": "spinal"
  },
  {
    "docID": "N203 Stamegna 2011",
    "et": "SpinalGrayMatter",
    "off": 26818,
    "sff": "spinal"
  },
  {
    "docID": "N203 Stamegna 2011",
    "et": "SpinalGrayMatter",
    "off": 31682,
    "sff": "spinal"
  },
  {
    "docID": "N203 Stamegna 2011",
    "et": "SpinalGrayMatter",
    "off": 9027,
    "sff": "spinal"
  },
  {
    "docID": "N203 Stamegna 2011",
    "et": "SpinalGrayMatter",
    "off": 20675,
    "sff": "spinal"
  },
  {
    "docID": "N203 Stamegna 2011",
    "et": "SpinalGrayMatter",
    "off": 830,
    "sff": "spinal"
  },
  {
    "docID": "N203 Stamegna 2011",
    "et": "SpinalGrayMatter",
    "off": 19840,
    "sff": "spinal"
  },
  {
    "docID": "N203 Stamegna 2011",
    "et": "SpinalGrayMatter",
    "off": 7094,
    "sff": "spinal"
  },
  {
    "docID": "N203 Stamegna 2011",
    "et": "SpinalGrayMatter",
    "off": 11958,
    "sff": "spinal"
  },
  {
    "docID": "N203 Stamegna 2011",
    "et": "SpinalGrayMatter",
    "off": 26360,
    "sff": "spinal"
  },
  {
    "docID": "N203 Stamegna 2011",
    "et": "SpinalGrayMatter",
    "off": 16978,
    "sff": "spinal"
  },
  {
    "docID": "N203 Stamegna 2011",
    "et": "SpinalGrayMatter",
    "off": 18898,
    "sff": "spinal"
  },
  {
    "docID": "N203 Stamegna 2011",
    "et": "SpinalGrayMatter",
    "off": 7823,
    "sff": "spinal"
  },
  {
    "docID": "N203 Stamegna 2011",
    "et": "SpinalGrayMatter",
    "off": 14607,
    "sff": "spinal"
  },
  {
    "docID": "N203 Stamegna 2011",
    "et": "SpinalGrayMatter",
    "off": 21516,
    "sff": "spinal"
  },
  {
    "docID": "N203 Stamegna 2011",
    "et": "SpinalGrayMatter",
    "off": 4173,
    "sff": "spinal"
  },
  {
    "docID": "N203 Stamegna 2011",
    "et": "SpinalGrayMatter",
    "off": 35666,
    "sff": "Spinal"
  },
  {
    "docID": "N203 Stamegna 2011",
    "et": "SpinalGrayMatter",
    "off": 11654,
    "sff": "spinal"
  },
  {
    "docID": "N203 Stamegna 2011",
    "et": "SpinalGrayMatter",
    "off": 2332,
    "sff": "Spinal"
  },
  {
    "docID": "N203 Stamegna 2011",
    "et": "SpinalGrayMatter",
    "off": 12901,
    "sff": "spinal"
  },
  {
    "docID": "N203 Stamegna 2011",
    "et": "SpinalGrayMatter",
    "off": 1438,
    "sff": "spinal"
  },
  {
    "docID": "N203 Stamegna 2011",
    "et": "SpinalGrayMatter",
    "off": 38558,
    "sff": "spinal"
  },
  {
    "docID": "N203 Stamegna 2011",
    "et": "SpinalGrayMatter",
    "off": 95,
    "sff": "spinal"
  },
  {
    "docID": "N203 Stamegna 2011",
    "et": "SpinalGrayMatter",
    "off": 21718,
    "sff": "spinal"
  },
  {
    "docID": "N203 Stamegna 2011",
    "et": "SpinalGrayMatter",
    "off": 26969,
    "sff": "spinal"
  },
  {
    "docID": "N203 Stamegna 2011",
    "et": "CephalicVeinLocation",
    "off": 13461,
    "sff": "vein"
  },
  {
    "docID": "N203 Stamegna 2011",
    "et": "VimentinAntiSenseDNA",
    "off": 20792,
    "sff": "anti"
  },
  {
    "docID": "N203 Stamegna 2011",
    "et": "RatSpecies",
    "off": 73,
    "sff": "rat"
  },
  {
    "docID": "N203 Stamegna 2011",
    "et": "RatSpecies",
    "off": 10057,
    "sff": "rat"
  },
  {
    "docID": "N203 Stamegna 2011",
    "et": "RatSpecies",
    "off": 33449,
    "sff": "rat"
  },
  {
    "docID": "N203 Stamegna 2011",
    "et": "RatSpecies",
    "off": 22508,
    "sff": "rat"
  },
  {
    "docID": "N203 Stamegna 2011",
    "et": "RatSpecies",
    "off": 6830,
    "sff": "rat"
  },
  {
    "docID": "N203 Stamegna 2011",
    "et": "RatSpecies",
    "off": 16878,
    "sff": "rat"
  },
  {
    "docID": "N203 Stamegna 2011",
    "et": "RatSpecies",
    "off": 9747,
    "sff": "rat"
  },
  {
    "docID": "N203 Stamegna 2011",
    "et": "RatSpecies",
    "off": 25113,
    "sff": "rat"
  },
  {
    "docID": "N203 Stamegna 2011",
    "et": "RatSpecies",
    "off": 32729,
    "sff": "rat"
  },
  {
    "docID": "N203 Stamegna 2011",
    "et": "RatSpecies",
    "off": 14168,
    "sff": "rat"
  },
  {
    "docID": "N203 Stamegna 2011",
    "et": "RatSpecies",
    "off": 37688,
    "sff": "rat"
  },
  {
    "docID": "N203 Stamegna 2011",
    "et": "RatSpecies",
    "off": 1180,
    "sff": "rat"
  },
  {
    "docID": "N203 Stamegna 2011",
    "et": "RatSpecies",
    "off": 4286,
    "sff": "rat"
  },
  {
    "docID": "N203 Stamegna 2011",
    "et": "RatSpecies",
    "off": 33954,
    "sff": "rat"
  },
  {
    "docID": "N203 Stamegna 2011",
    "et": "VertebralArea",
    "off": 7942,
    "sff": "vertebral"
  },
  {
    "docID": "N203 Stamegna 2011",
    "et": "VertebralArea",
    "off": 16018,
    "sff": "vertebral"
  },
  {
    "docID": "N203 Stamegna 2011",
    "et": "Caudal",
    "off": 30209,
    "sff": "caudal"
  },
  {
    "docID": "N203 Stamegna 2011",
    "et": "Caudal",
    "off": 38537,
    "sff": "caudal"
  },
  {
    "docID": "N203 Stamegna 2011",
    "et": "Caudal",
    "off": 31415,
    "sff": "caudal"
  },
  {
    "docID": "N203 Stamegna 2011",
    "et": "VertebralSegment",
    "off": 7942,
    "sff": "vertebral"
  },
  {
    "docID": "N203 Stamegna 2011",
    "et": "VertebralSegment",
    "off": 16018,
    "sff": "vertebral"
  },
  {
    "docID": "N203 Stamegna 2011",
    "et": "AntiCD11dAntibody",
    "off": 20792,
    "sff": "anti"
  },
  {
    "docID": "N203 Stamegna 2011",
    "et": "CurrentApplication",
    "off": 4548,
    "sff": "current"
  },
  {
    "docID": "N203 Stamegna 2011",
    "et": "CurrentApplication",
    "off": 39470,
    "sff": "current"
  },
  {
    "docID": "N203 Stamegna 2011",
    "et": "SchwannCell",
    "off": 6005,
    "sff": "Schwann"
  },
  {
    "docID": "N203 Stamegna 2011",
    "et": "SchwannCell",
    "off": 6243,
    "sff": "Schwann"
  },
  {
    "docID": "N203 Stamegna 2011",
    "et": "NewZealandRabbit",
    "off": 39539,
    "sff": "new"
  },
  {
    "docID": "N203 Stamegna 2011",
    "et": "Lentivirus",
    "off": 37584,
    "sff": "lentivirus"
  },
  {
    "docID": "N203 Stamegna 2011",
    "et": "SigmaAldrich",
    "off": 14961,
    "sff": "Sigma"
  },
  {
    "docID": "N203 Stamegna 2011",
    "et": "SigmaAldrich",
    "off": 6103,
    "sff": "Sigma"
  },
  {
    "docID": "N203 Stamegna 2011",
    "et": "Lumbar",
    "off": 13406,
    "sff": "lumbar"
  },
  {
    "docID": "N203 Stamegna 2011",
    "et": "Thoracic",
    "off": 31813,
    "sff": "thoracic"
  },
  {
    "docID": "N203 Stamegna 2011",
    "et": "Thoracic",
    "off": 32020,
    "sff": "thoracic"
  },
  {
    "docID": "N203 Stamegna 2011",
    "et": "VertebralLocation",
    "off": 7942,
    "sff": "vertebral"
  },
  {
    "docID": "N203 Stamegna 2011",
    "et": "VertebralLocation",
    "off": 16018,
    "sff": "vertebral"
  },
  {
    "docID": "N203 Stamegna 2011",
    "et": "StemCellSourceType",
    "off": 38694,
    "sff": "cell"
  },
  {
    "docID": "N203 Stamegna 2011",
    "et": "StemCellSourceType",
    "off": 6518,
    "sff": "cell"
  },
  {
    "docID": "N203 Stamegna 2011",
    "et": "StemCellSourceType",
    "off": 37067,
    "sff": "cell"
  },
  {
    "docID": "N203 Stamegna 2011",
    "et": "StemCellSourceType",
    "off": 36968,
    "sff": "cell"
  },
  {
    "docID": "N203 Stamegna 2011",
    "et": "StemCellSourceType",
    "off": 4478,
    "sff": "cell"
  },
  {
    "docID": "N203 Stamegna 2011",
    "et": "StemCellSourceType",
    "off": 37285,
    "sff": "stem"
  },
  {
    "docID": "N203 Stamegna 2011",
    "et": "StemCellSourceType",
    "off": 8295,
    "sff": "Cell"
  },
  {
    "docID": "N203 Stamegna 2011",
    "et": "StemCellSourceType",
    "off": 31244,
    "sff": "cell"
  },
  {
    "docID": "N203 Stamegna 2011",
    "et": "StemCellSourceType",
    "off": 36968,
    "sff": "cell type"
  },
  {
    "docID": "N203 Stamegna 2011",
    "et": "InVitroExperimentalProcedure",
    "off": 4394,
    "sff": "experimental"
  },
  {
    "docID": "N203 Stamegna 2011",
    "et": "AntiNG2Antibody",
    "off": 20792,
    "sff": "anti"
  },
  {
    "docID": "N203 Stamegna 2011",
    "et": "AntiNogoAAntibody",
    "off": 20792,
    "sff": "anti"
  },
  {
    "docID": "N203 Stamegna 2011",
    "et": "Cell",
    "off": 38694,
    "sff": "cell"
  },
  {
    "docID": "N203 Stamegna 2011",
    "et": "Cell",
    "off": 36968,
    "sff": "cell"
  },
  {
    "docID": "N203 Stamegna 2011",
    "et": "Cell",
    "off": 6518,
    "sff": "cell"
  },
  {
    "docID": "N203 Stamegna 2011",
    "et": "Cell",
    "off": 8295,
    "sff": "Cell"
  },
  {
    "docID": "N203 Stamegna 2011",
    "et": "Cell",
    "off": 37067,
    "sff": "cell"
  },
  {
    "docID": "N203 Stamegna 2011",
    "et": "Cell",
    "off": 31244,
    "sff": "cell"
  },
  {
    "docID": "N203 Stamegna 2011",
    "et": "Cell",
    "off": 4478,
    "sff": "cell"
  },
  {
    "docID": "N203 Stamegna 2011",
    "et": "SpinalDorsalHalf",
    "off": 7094,
    "sff": "spinal"
  },
  {
    "docID": "N203 Stamegna 2011",
    "et": "SpinalDorsalHalf",
    "off": 11958,
    "sff": "spinal"
  },
  {
    "docID": "N203 Stamegna 2011",
    "et": "SpinalDorsalHalf",
    "off": 27445,
    "sff": "spinal"
  },
  {
    "docID": "N203 Stamegna 2011",
    "et": "SpinalDorsalHalf",
    "off": 26360,
    "sff": "spinal"
  },
  {
    "docID": "N203 Stamegna 2011",
    "et": "SpinalDorsalHalf",
    "off": 8750,
    "sff": "spinal"
  },
  {
    "docID": "N203 Stamegna 2011",
    "et": "SpinalDorsalHalf",
    "off": 7681,
    "sff": "dorsal"
  },
  {
    "docID": "N203 Stamegna 2011",
    "et": "SpinalDorsalHalf",
    "off": 16882,
    "sff": "spinal"
  },
  {
    "docID": "N203 Stamegna 2011",
    "et": "SpinalDorsalHalf",
    "off": 8817,
    "sff": "spinal"
  },
  {
    "docID": "N203 Stamegna 2011",
    "et": "SpinalDorsalHalf",
    "off": 11654,
    "sff": "spinal"
  },
  {
    "docID": "N203 Stamegna 2011",
    "et": "SpinalDorsalHalf",
    "off": 830,
    "sff": "spinal"
  },
  {
    "docID": "N203 Stamegna 2011",
    "et": "SpinalDorsalHalf",
    "off": 6890,
    "sff": "dorsal"
  },
  {
    "docID": "N203 Stamegna 2011",
    "et": "SpinalDorsalHalf",
    "off": 26562,
    "sff": "spinal"
  },
  {
    "docID": "N203 Stamegna 2011",
    "et": "SpinalDorsalHalf",
    "off": 26818,
    "sff": "spinal"
  },
  {
    "docID": "N203 Stamegna 2011",
    "et": "SpinalDorsalHalf",
    "off": 31682,
    "sff": "spinal"
  },
  {
    "docID": "N203 Stamegna 2011",
    "et": "SpinalDorsalHalf",
    "off": 9027,
    "sff": "spinal"
  },
  {
    "docID": "N203 Stamegna 2011",
    "et": "SpinalDorsalHalf",
    "off": 20675,
    "sff": "spinal"
  },
  {
    "docID": "N203 Stamegna 2011",
    "et": "SpinalDorsalHalf",
    "off": 19840,
    "sff": "spinal"
  },
  {
    "docID": "N203 Stamegna 2011",
    "et": "SpinalDorsalHalf",
    "off": 21718,
    "sff": "spinal"
  },
  {
    "docID": "N203 Stamegna 2011",
    "et": "SpinalDorsalHalf",
    "off": 35666,
    "sff": "Spinal"
  },
  {
    "docID": "N203 Stamegna 2011",
    "et": "SpinalDorsalHalf",
    "off": 9107,
    "sff": "dorsal"
  },
  {
    "docID": "N203 Stamegna 2011",
    "et": "SpinalDorsalHalf",
    "off": 26969,
    "sff": "spinal"
  },
  {
    "docID": "N203 Stamegna 2011",
    "et": "SpinalDorsalHalf",
    "off": 7823,
    "sff": "spinal"
  },
  {
    "docID": "N203 Stamegna 2011",
    "et": "SpinalDorsalHalf",
    "off": 14607,
    "sff": "spinal"
  },
  {
    "docID": "N203 Stamegna 2011",
    "et": "SpinalDorsalHalf",
    "off": 21516,
    "sff": "spinal"
  },
  {
    "docID": "N203 Stamegna 2011",
    "et": "SpinalDorsalHalf",
    "off": 4173,
    "sff": "spinal"
  },
  {
    "docID": "N203 Stamegna 2011",
    "et": "SpinalDorsalHalf",
    "off": 16978,
    "sff": "spinal"
  },
  {
    "docID": "N203 Stamegna 2011",
    "et": "SpinalDorsalHalf",
    "off": 18898,
    "sff": "spinal"
  },
  {
    "docID": "N203 Stamegna 2011",
    "et": "SpinalDorsalHalf",
    "off": 38758,
    "sff": "spinal"
  },
  {
    "docID": "N203 Stamegna 2011",
    "et": "SpinalDorsalHalf",
    "off": 12901,
    "sff": "spinal"
  },
  {
    "docID": "N203 Stamegna 2011",
    "et": "SpinalDorsalHalf",
    "off": 2332,
    "sff": "Spinal"
  },
  {
    "docID": "N203 Stamegna 2011",
    "et": "SpinalDorsalHalf",
    "off": 26218,
    "sff": "spinal"
  },
  {
    "docID": "N203 Stamegna 2011",
    "et": "SpinalDorsalHalf",
    "off": 25899,
    "sff": "spinal"
  },
  {
    "docID": "N203 Stamegna 2011",
    "et": "SpinalDorsalHalf",
    "off": 26088,
    "sff": "spinal"
  },
  {
    "docID": "N203 Stamegna 2011",
    "et": "SpinalDorsalHalf",
    "off": 11753,
    "sff": "spinal"
  },
  {
    "docID": "N203 Stamegna 2011",
    "et": "SpinalDorsalHalf",
    "off": 17385,
    "sff": "spinal"
  },
  {
    "docID": "N203 Stamegna 2011",
    "et": "SpinalDorsalHalf",
    "off": 31822,
    "sff": "dorsal"
  },
  {
    "docID": "N203 Stamegna 2011",
    "et": "SpinalDorsalHalf",
    "off": 38558,
    "sff": "spinal"
  },
  {
    "docID": "N203 Stamegna 2011",
    "et": "SpinalDorsalHalf",
    "off": 95,
    "sff": "spinal"
  },
  {
    "docID": "N203 Stamegna 2011",
    "et": "SpinalDorsalHalf",
    "off": 7184,
    "sff": "dorsal"
  },
  {
    "docID": "N203 Stamegna 2011",
    "et": "SpinalDorsalHalf",
    "off": 1438,
    "sff": "spinal"
  },
  {
    "docID": "N203 Stamegna 2011",
    "et": "RehabilitativeTraining",
    "off": 3284,
    "sff": "rehabilitative"
  },
  {
    "docID": "N203 Stamegna 2011",
    "et": "Cervical",
    "off": 39681,
    "sff": "cervical"
  },
  {
    "docID": "N203 Stamegna 2011",
    "et": "Cervical",
    "off": 6701,
    "sff": "Cervical"
  },
  {
    "docID": "N203 Stamegna 2011",
    "et": "Cervical",
    "off": 33462,
    "sff": "cervical"
  },
  {
    "docID": "N203 Stamegna 2011",
    "et": "Cervical",
    "off": 19831,
    "sff": "cervical"
  },
  {
    "docID": "N203 Stamegna 2011",
    "et": "Cervical",
    "off": 26553,
    "sff": "cervical"
  },
  {
    "docID": "N203 Stamegna 2011",
    "et": "Cervical",
    "off": 26809,
    "sff": "cervical"
  },
  {
    "docID": "N203 Stamegna 2011",
    "et": "Cervical",
    "off": 2560,
    "sff": "Cervical"
  },
  {
    "docID": "N203 Stamegna 2011",
    "et": "Cervical",
    "off": 4527,
    "sff": "cervical"
  },
  {
    "docID": "N203 Stamegna 2011",
    "et": "Cervical",
    "off": 12143,
    "sff": "cervical"
  },
  {
    "docID": "N203 Stamegna 2011",
    "et": "Cervical",
    "off": 24751,
    "sff": "cervical"
  },
  {
    "docID": "N203 Stamegna 2011",
    "et": "Cervical",
    "off": 6897,
    "sff": "cervical"
  },
  {
    "docID": "N203 Stamegna 2011",
    "et": "Cervical",
    "off": 27436,
    "sff": "cervical"
  },
  {
    "docID": "N203 Stamegna 2011",
    "et": "Cervical",
    "off": 4909,
    "sff": "cervical"
  },
  {
    "docID": "N203 Stamegna 2011",
    "et": "Cervical",
    "off": 32742,
    "sff": "cervical"
  },
  {
    "docID": "N203 Stamegna 2011",
    "et": "Cervical",
    "off": 21538,
    "sff": "cervical"
  },
  {
    "docID": "N203 Stamegna 2011",
    "et": "Cervical",
    "off": 28004,
    "sff": "cervical"
  },
  {
    "docID": "N203 Stamegna 2011",
    "et": "Cervical",
    "off": 17376,
    "sff": "cervical"
  },
  {
    "docID": "N203 Stamegna 2011",
    "et": "Cervical",
    "off": 26394,
    "sff": "cervical"
  },
  {
    "docID": "N203 Stamegna 2011",
    "et": "Cervical",
    "off": 86,
    "sff": "cervical"
  },
  {
    "docID": "N203 Stamegna 2011",
    "et": "Cervical",
    "off": 33815,
    "sff": "cervical"
  },
  {
    "docID": "N203 Stamegna 2011",
    "et": "Cervical",
    "off": 1237,
    "sff": "cervical"
  },
  {
    "docID": "N203 Stamegna 2011",
    "et": "Cervical",
    "off": 32143,
    "sff": "cervical"
  },
  {
    "docID": "N203 Stamegna 2011",
    "et": "Cervical",
    "off": 14598,
    "sff": "cervical"
  },
  {
    "docID": "N203 Stamegna 2011",
    "et": "Cervical",
    "off": 16904,
    "sff": "cervical"
  },
  {
    "docID": "N203 Stamegna 2011",
    "et": "Cervical",
    "off": 16969,
    "sff": "cervical"
  },
  {
    "docID": "N203 Stamegna 2011",
    "et": "Cervical",
    "off": 4164,
    "sff": "cervical"
  },
  {
    "docID": "N203 Stamegna 2011",
    "et": "Cervical",
    "off": 4421,
    "sff": "cervical"
  },
  {
    "docID": "N203 Stamegna 2011",
    "et": "Cervical",
    "off": 33029,
    "sff": "cervical"
  },
  {
    "docID": "N203 Stamegna 2011",
    "et": "Embryonic",
    "off": 38221,
    "sff": "embryonic"
  },
  {
    "docID": "N203 Stamegna 2011",
    "et": "ExperimentalProcedure",
    "off": 4394,
    "sff": "experimental"
  }
]
