[
  {
    "docID": "N209 Tharion 2011",
    "et": "OlfactoryEnsheathingGliaCell",
    "off": 4815,
    "sff": "olfactory"
  },
  {
    "docID": "N209 Tharion 2011",
    "et": "OlfactoryEnsheathingGliaCell",
    "off": 17094,
    "sff": "olfactory"
  },
  {
    "docID": "N209 Tharion 2011",
    "et": "OlfactoryEnsheathingGliaCell",
    "off": 1805,
    "sff": "olfactory"
  },
  {
    "docID": "N209 Tharion 2011",
    "et": "OlfactoryEnsheathingGliaCell",
    "off": 3146,
    "sff": "olfactory"
  },
  {
    "docID": "N209 Tharion 2011",
    "et": "OlfactoryEnsheathingGliaCell",
    "off": 16222,
    "sff": "olfactory"
  },
  {
    "docID": "N209 Tharion 2011",
    "et": "OlfactoryEnsheathingGliaCell",
    "off": 13919,
    "sff": "olfactory"
  },
  {
    "docID": "N209 Tharion 2011",
    "et": "OlfactoryEnsheathingGliaCell",
    "off": 2700,
    "sff": "Olfactory"
  },
  {
    "docID": "N209 Tharion 2011",
    "et": "OlfactoryEnsheathingGliaCell",
    "off": 12121,
    "sff": "olfactory"
  },
  {
    "docID": "N209 Tharion 2011",
    "et": "OlfactoryEnsheathingGliaCell",
    "off": 13529,
    "sff": "olfactory"
  },
  {
    "docID": "N209 Tharion 2011",
    "et": "OlfactoryEnsheathingGliaCell",
    "off": 3286,
    "sff": "olfactory"
  },
  {
    "docID": "N209 Tharion 2011",
    "et": "OlfactoryEnsheathingGliaCell",
    "off": 405,
    "sff": "Olfactory ensheathing"
  },
  {
    "docID": "N209 Tharion 2011",
    "et": "OlfactoryEnsheathingGliaCell",
    "off": 12055,
    "sff": "olfactory"
  },
  {
    "docID": "N209 Tharion 2011",
    "et": "OlfactoryEnsheathingGliaCell",
    "off": 12439,
    "sff": "olfactory"
  },
  {
    "docID": "N209 Tharion 2011",
    "et": "OlfactoryEnsheathingGliaCell",
    "off": 17367,
    "sff": "olfactory"
  },
  {
    "docID": "N209 Tharion 2011",
    "et": "OlfactoryEnsheathingGliaCell",
    "off": 13318,
    "sff": "olfactory ensheathing"
  },
  {
    "docID": "N209 Tharion 2011",
    "et": "OlfactoryEnsheathingGliaCell",
    "off": 13659,
    "sff": "olfactory"
  },
  {
    "docID": "N209 Tharion 2011",
    "et": "OlfactoryEnsheathingGliaCell",
    "off": 17179,
    "sff": "olfactory"
  },
  {
    "docID": "N209 Tharion 2011",
    "et": "OlfactoryEnsheathingGliaCell",
    "off": 13809,
    "sff": "olfactory"
  },
  {
    "docID": "N209 Tharion 2011",
    "et": "OlfactoryEnsheathingGliaCell",
    "off": 19441,
    "sff": "olfactory"
  },
  {
    "docID": "N209 Tharion 2011",
    "et": "OlfactoryEnsheathingGliaCell",
    "off": 3118,
    "sff": "olfactory"
  },
  {
    "docID": "N209 Tharion 2011",
    "et": "OlfactoryEnsheathingGliaCell",
    "off": 26,
    "sff": "olfactory ensheathing"
  },
  {
    "docID": "N209 Tharion 2011",
    "et": "OlfactoryEnsheathingGliaCell",
    "off": 2927,
    "sff": "olfactory"
  },
  {
    "docID": "N209 Tharion 2011",
    "et": "OlfactoryEnsheathingGliaCell",
    "off": 17263,
    "sff": "olfactory"
  },
  {
    "docID": "N209 Tharion 2011",
    "et": "OlfactoryEnsheathingGliaCell",
    "off": 2784,
    "sff": "olfactory ensheathing"
  },
  {
    "docID": "N209 Tharion 2011",
    "et": "OlfactoryEnsheathingGliaCell",
    "off": 13941,
    "sff": "olfactory"
  },
  {
    "docID": "N209 Tharion 2011",
    "et": "OlfactoryEnsheathingGliaCell",
    "off": 5234,
    "sff": "olfactory"
  },
  {
    "docID": "N209 Tharion 2011",
    "et": "OlfactoryEnsheathingGliaCell",
    "off": 19506,
    "sff": "olfactory"
  },
  {
    "docID": "N209 Tharion 2011",
    "et": "OlfactoryEnsheathingGliaCell",
    "off": 26,
    "sff": "olfactory ensheathing cell"
  },
  {
    "docID": "N209 Tharion 2011",
    "et": "OlfactoryEnsheathingGliaCell",
    "off": 3241,
    "sff": "olfactory"
  },
  {
    "docID": "N209 Tharion 2011",
    "et": "OlfactoryEnsheathingGliaCell",
    "off": 5353,
    "sff": "olfactory"
  },
  {
    "docID": "N209 Tharion 2011",
    "et": "OlfactoryEnsheathingGliaCell",
    "off": 870,
    "sff": "olfactory"
  },
  {
    "docID": "N209 Tharion 2011",
    "et": "OlfactoryEnsheathingGliaCell",
    "off": 2860,
    "sff": "olfactory"
  },
  {
    "docID": "N209 Tharion 2011",
    "et": "OlfactoryEnsheathingGliaCell",
    "off": 4588,
    "sff": "olfactory"
  },
  {
    "docID": "N209 Tharion 2011",
    "et": "OlfactoryEnsheathingGliaCell",
    "off": 19178,
    "sff": "olfactory"
  },
  {
    "docID": "N209 Tharion 2011",
    "et": "OlfactoryEnsheathingGliaCell",
    "off": 12416,
    "sff": "olfactory"
  },
  {
    "docID": "N209 Tharion 2011",
    "et": "OlfactoryEnsheathingGliaCell",
    "off": 11905,
    "sff": "olfactory"
  },
  {
    "docID": "N209 Tharion 2011",
    "et": "OlfactoryEnsheathingGliaCell",
    "off": 12164,
    "sff": "olfactory"
  },
  {
    "docID": "N209 Tharion 2011",
    "et": "OlfactoryEnsheathingGliaCell",
    "off": 4997,
    "sff": "olfactory"
  },
  {
    "docID": "N209 Tharion 2011",
    "et": "OlfactoryEnsheathingGliaCell",
    "off": 5176,
    "sff": "olfactory"
  },
  {
    "docID": "N209 Tharion 2011",
    "et": "OlfactoryEnsheathingGliaCell",
    "off": 12024,
    "sff": "olfactory"
  },
  {
    "docID": "N209 Tharion 2011",
    "et": "OlfactoryEnsheathingGliaCell",
    "off": 3644,
    "sff": "olfactory"
  },
  {
    "docID": "N209 Tharion 2011",
    "et": "OlfactoryEnsheathingGliaCell",
    "off": 4093,
    "sff": "olfactory"
  },
  {
    "docID": "N209 Tharion 2011",
    "et": "OlfactoryEnsheathingGliaCell",
    "off": 19261,
    "sff": "olfactory"
  },
  {
    "docID": "N209 Tharion 2011",
    "et": "OlfactoryEnsheathingGliaCell",
    "off": 13498,
    "sff": "olfactory"
  },
  {
    "docID": "N209 Tharion 2011",
    "et": "DosageExtracorporal",
    "off": 11346,
    "sff": "dosage"
  },
  {
    "docID": "N209 Tharion 2011",
    "et": "DosageExtracorporal",
    "off": 20618,
    "sff": "dosage"
  },
  {
    "docID": "N209 Tharion 2011",
    "et": "Syringe",
    "off": 8121,
    "sff": "syringe"
  },
  {
    "docID": "N209 Tharion 2011",
    "et": "Syringe",
    "off": 8183,
    "sff": "syringe"
  },
  {
    "docID": "N209 Tharion 2011",
    "et": "MagneticFieldApplication",
    "off": 15896,
    "sff": "field"
  },
  {
    "docID": "N209 Tharion 2011",
    "et": "SpinalSubduralArea",
    "off": 6787,
    "sff": "spinal"
  },
  {
    "docID": "N209 Tharion 2011",
    "et": "SpinalSubduralArea",
    "off": 13302,
    "sff": "spinal"
  },
  {
    "docID": "N209 Tharion 2011",
    "et": "SpinalSubduralArea",
    "off": 18487,
    "sff": "spinal"
  },
  {
    "docID": "N209 Tharion 2011",
    "et": "SpinalSubduralArea",
    "off": 16443,
    "sff": "spinal"
  },
  {
    "docID": "N209 Tharion 2011",
    "et": "SpinalSubduralArea",
    "off": 15854,
    "sff": "spinal"
  },
  {
    "docID": "N209 Tharion 2011",
    "et": "SpinalSubduralArea",
    "off": 15601,
    "sff": "spinal"
  },
  {
    "docID": "N209 Tharion 2011",
    "et": "SpinalSubduralArea",
    "off": 1899,
    "sff": "Spinal"
  },
  {
    "docID": "N209 Tharion 2011",
    "et": "SpinalSubduralArea",
    "off": 13478,
    "sff": "spinal"
  },
  {
    "docID": "N209 Tharion 2011",
    "et": "SpinalSubduralArea",
    "off": 18216,
    "sff": "spinal"
  },
  {
    "docID": "N209 Tharion 2011",
    "et": "SpinalSubduralArea",
    "off": 9323,
    "sff": "spinal"
  },
  {
    "docID": "N209 Tharion 2011",
    "et": "SpinalSubduralArea",
    "off": 11755,
    "sff": "spinal"
  },
  {
    "docID": "N209 Tharion 2011",
    "et": "SpinalSubduralArea",
    "off": 3052,
    "sff": "spinal"
  },
  {
    "docID": "N209 Tharion 2011",
    "et": "SpinalSubduralArea",
    "off": 3692,
    "sff": "spinal"
  },
  {
    "docID": "N209 Tharion 2011",
    "et": "SpinalSubduralArea",
    "off": 13164,
    "sff": "spinal"
  },
  {
    "docID": "N209 Tharion 2011",
    "et": "SpinalSubduralArea",
    "off": 21600,
    "sff": "spinal"
  },
  {
    "docID": "N209 Tharion 2011",
    "et": "SpinalSubduralArea",
    "off": 929,
    "sff": "Spinal"
  },
  {
    "docID": "N209 Tharion 2011",
    "et": "SpinalSubduralArea",
    "off": 6557,
    "sff": "spinal"
  },
  {
    "docID": "N209 Tharion 2011",
    "et": "SpinalSubduralArea",
    "off": 21518,
    "sff": "spinal"
  },
  {
    "docID": "N209 Tharion 2011",
    "et": "SpinalSubduralArea",
    "off": 8399,
    "sff": "spinal"
  },
  {
    "docID": "N209 Tharion 2011",
    "et": "SpinalSubduralArea",
    "off": 10639,
    "sff": "spinal"
  },
  {
    "docID": "N209 Tharion 2011",
    "et": "SpinalSubduralArea",
    "off": 82,
    "sff": "spinal"
  },
  {
    "docID": "N209 Tharion 2011",
    "et": "SpinalSubduralArea",
    "off": 10387,
    "sff": "spinal"
  },
  {
    "docID": "N209 Tharion 2011",
    "et": "SpinalSubduralArea",
    "off": 8277,
    "sff": "spinal"
  },
  {
    "docID": "N209 Tharion 2011",
    "et": "SpinalSubduralArea",
    "off": 17033,
    "sff": "spinal"
  },
  {
    "docID": "N209 Tharion 2011",
    "et": "SpinalSubduralArea",
    "off": 1098,
    "sff": "spinal"
  },
  {
    "docID": "N209 Tharion 2011",
    "et": "SpinalSubduralArea",
    "off": 11660,
    "sff": "spinal"
  },
  {
    "docID": "N209 Tharion 2011",
    "et": "MouseSpecies",
    "off": 6270,
    "sff": "mouse"
  },
  {
    "docID": "N209 Tharion 2011",
    "et": "NOGOReceptorAntagonist",
    "off": 10615,
    "sff": "receptor"
  },
  {
    "docID": "N209 Tharion 2011",
    "et": "NOGOReceptorAntagonist",
    "off": 14228,
    "sff": "receptor"
  },
  {
    "docID": "N209 Tharion 2011",
    "et": "NOGOReceptorAntagonist",
    "off": 6161,
    "sff": "receptor"
  },
  {
    "docID": "N209 Tharion 2011",
    "et": "SpinalFiberTract",
    "off": 929,
    "sff": "Spinal"
  },
  {
    "docID": "N209 Tharion 2011",
    "et": "SpinalFiberTract",
    "off": 18216,
    "sff": "spinal"
  },
  {
    "docID": "N209 Tharion 2011",
    "et": "SpinalFiberTract",
    "off": 13478,
    "sff": "spinal"
  },
  {
    "docID": "N209 Tharion 2011",
    "et": "SpinalFiberTract",
    "off": 9323,
    "sff": "spinal"
  },
  {
    "docID": "N209 Tharion 2011",
    "et": "SpinalFiberTract",
    "off": 11755,
    "sff": "spinal"
  },
  {
    "docID": "N209 Tharion 2011",
    "et": "SpinalFiberTract",
    "off": 3052,
    "sff": "spinal"
  },
  {
    "docID": "N209 Tharion 2011",
    "et": "SpinalFiberTract",
    "off": 3692,
    "sff": "spinal"
  },
  {
    "docID": "N209 Tharion 2011",
    "et": "SpinalFiberTract",
    "off": 13164,
    "sff": "spinal"
  },
  {
    "docID": "N209 Tharion 2011",
    "et": "SpinalFiberTract",
    "off": 15854,
    "sff": "spinal"
  },
  {
    "docID": "N209 Tharion 2011",
    "et": "SpinalFiberTract",
    "off": 15601,
    "sff": "spinal"
  },
  {
    "docID": "N209 Tharion 2011",
    "et": "SpinalFiberTract",
    "off": 8277,
    "sff": "spinal"
  },
  {
    "docID": "N209 Tharion 2011",
    "et": "SpinalFiberTract",
    "off": 21600,
    "sff": "spinal"
  },
  {
    "docID": "N209 Tharion 2011",
    "et": "SpinalFiberTract",
    "off": 6557,
    "sff": "spinal"
  },
  {
    "docID": "N209 Tharion 2011",
    "et": "SpinalFiberTract",
    "off": 1899,
    "sff": "Spinal"
  },
  {
    "docID": "N209 Tharion 2011",
    "et": "SpinalFiberTract",
    "off": 11660,
    "sff": "spinal"
  },
  {
    "docID": "N209 Tharion 2011",
    "et": "SpinalFiberTract",
    "off": 17033,
    "sff": "spinal"
  },
  {
    "docID": "N209 Tharion 2011",
    "et": "SpinalFiberTract",
    "off": 1098,
    "sff": "spinal"
  },
  {
    "docID": "N209 Tharion 2011",
    "et": "SpinalFiberTract",
    "off": 8399,
    "sff": "spinal"
  },
  {
    "docID": "N209 Tharion 2011",
    "et": "SpinalFiberTract",
    "off": 10639,
    "sff": "spinal"
  },
  {
    "docID": "N209 Tharion 2011",
    "et": "SpinalFiberTract",
    "off": 21518,
    "sff": "spinal"
  },
  {
    "docID": "N209 Tharion 2011",
    "et": "SpinalFiberTract",
    "off": 10387,
    "sff": "spinal"
  },
  {
    "docID": "N209 Tharion 2011",
    "et": "SpinalFiberTract",
    "off": 82,
    "sff": "spinal"
  },
  {
    "docID": "N209 Tharion 2011",
    "et": "SpinalFiberTract",
    "off": 18487,
    "sff": "spinal"
  },
  {
    "docID": "N209 Tharion 2011",
    "et": "SpinalFiberTract",
    "off": 13302,
    "sff": "spinal"
  },
  {
    "docID": "N209 Tharion 2011",
    "et": "SpinalFiberTract",
    "off": 16443,
    "sff": "spinal"
  },
  {
    "docID": "N209 Tharion 2011",
    "et": "SpinalFiberTract",
    "off": 6787,
    "sff": "spinal"
  },
  {
    "docID": "N209 Tharion 2011",
    "et": "SpinalVentralHalf",
    "off": 6557,
    "sff": "spinal"
  },
  {
    "docID": "N209 Tharion 2011",
    "et": "SpinalVentralHalf",
    "off": 8399,
    "sff": "spinal"
  },
  {
    "docID": "N209 Tharion 2011",
    "et": "SpinalVentralHalf",
    "off": 10639,
    "sff": "spinal"
  },
  {
    "docID": "N209 Tharion 2011",
    "et": "SpinalVentralHalf",
    "off": 21518,
    "sff": "spinal"
  },
  {
    "docID": "N209 Tharion 2011",
    "et": "SpinalVentralHalf",
    "off": 8277,
    "sff": "spinal"
  },
  {
    "docID": "N209 Tharion 2011",
    "et": "SpinalVentralHalf",
    "off": 10387,
    "sff": "spinal"
  },
  {
    "docID": "N209 Tharion 2011",
    "et": "SpinalVentralHalf",
    "off": 82,
    "sff": "spinal"
  },
  {
    "docID": "N209 Tharion 2011",
    "et": "SpinalVentralHalf",
    "off": 18216,
    "sff": "spinal"
  },
  {
    "docID": "N209 Tharion 2011",
    "et": "SpinalVentralHalf",
    "off": 13478,
    "sff": "spinal"
  },
  {
    "docID": "N209 Tharion 2011",
    "et": "SpinalVentralHalf",
    "off": 3052,
    "sff": "spinal"
  },
  {
    "docID": "N209 Tharion 2011",
    "et": "SpinalVentralHalf",
    "off": 3692,
    "sff": "spinal"
  },
  {
    "docID": "N209 Tharion 2011",
    "et": "SpinalVentralHalf",
    "off": 13164,
    "sff": "spinal"
  },
  {
    "docID": "N209 Tharion 2011",
    "et": "SpinalVentralHalf",
    "off": 929,
    "sff": "Spinal"
  },
  {
    "docID": "N209 Tharion 2011",
    "et": "SpinalVentralHalf",
    "off": 9323,
    "sff": "spinal"
  },
  {
    "docID": "N209 Tharion 2011",
    "et": "SpinalVentralHalf",
    "off": 11755,
    "sff": "spinal"
  },
  {
    "docID": "N209 Tharion 2011",
    "et": "SpinalVentralHalf",
    "off": 1899,
    "sff": "Spinal"
  },
  {
    "docID": "N209 Tharion 2011",
    "et": "SpinalVentralHalf",
    "off": 21600,
    "sff": "spinal"
  },
  {
    "docID": "N209 Tharion 2011",
    "et": "SpinalVentralHalf",
    "off": 18487,
    "sff": "spinal"
  },
  {
    "docID": "N209 Tharion 2011",
    "et": "SpinalVentralHalf",
    "off": 13302,
    "sff": "spinal"
  },
  {
    "docID": "N209 Tharion 2011",
    "et": "SpinalVentralHalf",
    "off": 16443,
    "sff": "spinal"
  },
  {
    "docID": "N209 Tharion 2011",
    "et": "SpinalVentralHalf",
    "off": 15601,
    "sff": "spinal"
  },
  {
    "docID": "N209 Tharion 2011",
    "et": "SpinalVentralHalf",
    "off": 15854,
    "sff": "spinal"
  },
  {
    "docID": "N209 Tharion 2011",
    "et": "SpinalVentralHalf",
    "off": 17033,
    "sff": "spinal"
  },
  {
    "docID": "N209 Tharion 2011",
    "et": "SpinalVentralHalf",
    "off": 11660,
    "sff": "spinal"
  },
  {
    "docID": "N209 Tharion 2011",
    "et": "SpinalVentralHalf",
    "off": 1098,
    "sff": "spinal"
  },
  {
    "docID": "N209 Tharion 2011",
    "et": "SpinalVentralHalf",
    "off": 6787,
    "sff": "spinal"
  },
  {
    "docID": "N209 Tharion 2011",
    "et": "RabbitSpecies",
    "off": 6192,
    "sff": "rabbit"
  },
  {
    "docID": "N209 Tharion 2011",
    "et": "Tissue",
    "off": 18084,
    "sff": "tissue"
  },
  {
    "docID": "N209 Tharion 2011",
    "et": "InjectionDelivery",
    "off": 8211,
    "sff": "injection"
  },
  {
    "docID": "N209 Tharion 2011",
    "et": "InjectionDelivery",
    "off": 4657,
    "sff": "injection"
  },
  {
    "docID": "N209 Tharion 2011",
    "et": "SpinalLesionSite",
    "off": 1899,
    "sff": "Spinal"
  },
  {
    "docID": "N209 Tharion 2011",
    "et": "SpinalLesionSite",
    "off": 18487,
    "sff": "spinal"
  },
  {
    "docID": "N209 Tharion 2011",
    "et": "SpinalLesionSite",
    "off": 13302,
    "sff": "spinal"
  },
  {
    "docID": "N209 Tharion 2011",
    "et": "SpinalLesionSite",
    "off": 16443,
    "sff": "spinal"
  },
  {
    "docID": "N209 Tharion 2011",
    "et": "SpinalLesionSite",
    "off": 16675,
    "sff": "lesion"
  },
  {
    "docID": "N209 Tharion 2011",
    "et": "SpinalLesionSite",
    "off": 18216,
    "sff": "spinal"
  },
  {
    "docID": "N209 Tharion 2011",
    "et": "SpinalLesionSite",
    "off": 13478,
    "sff": "spinal"
  },
  {
    "docID": "N209 Tharion 2011",
    "et": "SpinalLesionSite",
    "off": 3052,
    "sff": "spinal"
  },
  {
    "docID": "N209 Tharion 2011",
    "et": "SpinalLesionSite",
    "off": 3692,
    "sff": "spinal"
  },
  {
    "docID": "N209 Tharion 2011",
    "et": "SpinalLesionSite",
    "off": 13164,
    "sff": "spinal"
  },
  {
    "docID": "N209 Tharion 2011",
    "et": "SpinalLesionSite",
    "off": 9323,
    "sff": "spinal"
  },
  {
    "docID": "N209 Tharion 2011",
    "et": "SpinalLesionSite",
    "off": 11755,
    "sff": "spinal"
  },
  {
    "docID": "N209 Tharion 2011",
    "et": "SpinalLesionSite",
    "off": 15601,
    "sff": "spinal"
  },
  {
    "docID": "N209 Tharion 2011",
    "et": "SpinalLesionSite",
    "off": 15854,
    "sff": "spinal"
  },
  {
    "docID": "N209 Tharion 2011",
    "et": "SpinalLesionSite",
    "off": 8277,
    "sff": "spinal"
  },
  {
    "docID": "N209 Tharion 2011",
    "et": "SpinalLesionSite",
    "off": 10387,
    "sff": "spinal"
  },
  {
    "docID": "N209 Tharion 2011",
    "et": "SpinalLesionSite",
    "off": 82,
    "sff": "spinal"
  },
  {
    "docID": "N209 Tharion 2011",
    "et": "SpinalLesionSite",
    "off": 6547,
    "sff": "lesion"
  },
  {
    "docID": "N209 Tharion 2011",
    "et": "SpinalLesionSite",
    "off": 6557,
    "sff": "spinal"
  },
  {
    "docID": "N209 Tharion 2011",
    "et": "SpinalLesionSite",
    "off": 21600,
    "sff": "spinal"
  },
  {
    "docID": "N209 Tharion 2011",
    "et": "SpinalLesionSite",
    "off": 929,
    "sff": "Spinal"
  },
  {
    "docID": "N209 Tharion 2011",
    "et": "SpinalLesionSite",
    "off": 6787,
    "sff": "spinal"
  },
  {
    "docID": "N209 Tharion 2011",
    "et": "SpinalLesionSite",
    "off": 17033,
    "sff": "spinal"
  },
  {
    "docID": "N209 Tharion 2011",
    "et": "SpinalLesionSite",
    "off": 11660,
    "sff": "spinal"
  },
  {
    "docID": "N209 Tharion 2011",
    "et": "SpinalLesionSite",
    "off": 1098,
    "sff": "spinal"
  },
  {
    "docID": "N209 Tharion 2011",
    "et": "SpinalLesionSite",
    "off": 8399,
    "sff": "spinal"
  },
  {
    "docID": "N209 Tharion 2011",
    "et": "SpinalLesionSite",
    "off": 10639,
    "sff": "spinal"
  },
  {
    "docID": "N209 Tharion 2011",
    "et": "SpinalLesionSite",
    "off": 21518,
    "sff": "spinal"
  },
  {
    "docID": "N209 Tharion 2011",
    "et": "AnimalSpecies",
    "off": 4556,
    "sff": "animal"
  },
  {
    "docID": "N209 Tharion 2011",
    "et": "AnimalSpecies",
    "off": 11014,
    "sff": "Animal"
  },
  {
    "docID": "N209 Tharion 2011",
    "et": "AnimalSpecies",
    "off": 4388,
    "sff": "animal"
  },
  {
    "docID": "N209 Tharion 2011",
    "et": "AnimalSpecies",
    "off": 16436,
    "sff": "animal"
  },
  {
    "docID": "N209 Tharion 2011",
    "et": "AnimalSpecies",
    "off": 9058,
    "sff": "animal"
  },
  {
    "docID": "N209 Tharion 2011",
    "et": "AnimalSpecies",
    "off": 4609,
    "sff": "animal"
  },
  {
    "docID": "N209 Tharion 2011",
    "et": "AnimalSpecies",
    "off": 4456,
    "sff": "animal"
  },
  {
    "docID": "N209 Tharion 2011",
    "et": "AnimalSpecies",
    "off": 13077,
    "sff": "animal"
  },
  {
    "docID": "N209 Tharion 2011",
    "et": "Saline",
    "off": 8044,
    "sff": "saline"
  },
  {
    "docID": "N209 Tharion 2011",
    "et": "PBS",
    "off": 8052,
    "sff": "PBS"
  },
  {
    "docID": "N209 Tharion 2011",
    "et": "PBS",
    "off": 8164,
    "sff": "PBS"
  },
  {
    "docID": "N209 Tharion 2011",
    "et": "PBS",
    "off": 10316,
    "sff": "PBS"
  },
  {
    "docID": "N209 Tharion 2011",
    "et": "SpinalCord",
    "off": 11660,
    "sff": "spinal cord"
  },
  {
    "docID": "N209 Tharion 2011",
    "et": "SpinalCord",
    "off": 21518,
    "sff": "spinal cord"
  },
  {
    "docID": "N209 Tharion 2011",
    "et": "SpinalCord",
    "off": 18487,
    "sff": "spinal"
  },
  {
    "docID": "N209 Tharion 2011",
    "et": "SpinalCord",
    "off": 1098,
    "sff": "spinal cord"
  },
  {
    "docID": "N209 Tharion 2011",
    "et": "SpinalCord",
    "off": 17033,
    "sff": "spinal cord"
  },
  {
    "docID": "N209 Tharion 2011",
    "et": "SpinalCord",
    "off": 10387,
    "sff": "spinal cord"
  },
  {
    "docID": "N209 Tharion 2011",
    "et": "SpinalCord",
    "off": 8277,
    "sff": "spinal cord"
  },
  {
    "docID": "N209 Tharion 2011",
    "et": "SpinalCord",
    "off": 8399,
    "sff": "spinal cord"
  },
  {
    "docID": "N209 Tharion 2011",
    "et": "SpinalCord",
    "off": 10639,
    "sff": "spinal cord"
  },
  {
    "docID": "N209 Tharion 2011",
    "et": "SpinalCord",
    "off": 82,
    "sff": "spinal cord"
  },
  {
    "docID": "N209 Tharion 2011",
    "et": "SpinalCord",
    "off": 6557,
    "sff": "spinal cord"
  },
  {
    "docID": "N209 Tharion 2011",
    "et": "SpinalCord",
    "off": 13478,
    "sff": "spinal cord"
  },
  {
    "docID": "N209 Tharion 2011",
    "et": "SpinalCord",
    "off": 21600,
    "sff": "spinal cord"
  },
  {
    "docID": "N209 Tharion 2011",
    "et": "SpinalCord",
    "off": 929,
    "sff": "Spinal cord"
  },
  {
    "docID": "N209 Tharion 2011",
    "et": "SpinalCord",
    "off": 1899,
    "sff": "Spinal cord"
  },
  {
    "docID": "N209 Tharion 2011",
    "et": "SpinalCord",
    "off": 3052,
    "sff": "spinal cord"
  },
  {
    "docID": "N209 Tharion 2011",
    "et": "SpinalCord",
    "off": 3692,
    "sff": "spinal cord"
  },
  {
    "docID": "N209 Tharion 2011",
    "et": "SpinalCord",
    "off": 13164,
    "sff": "spinal cord"
  },
  {
    "docID": "N209 Tharion 2011",
    "et": "SpinalCord",
    "off": 9323,
    "sff": "spinal cord"
  },
  {
    "docID": "N209 Tharion 2011",
    "et": "SpinalCord",
    "off": 11755,
    "sff": "spinal cord"
  },
  {
    "docID": "N209 Tharion 2011",
    "et": "SpinalCord",
    "off": 15854,
    "sff": "spinal cord"
  },
  {
    "docID": "N209 Tharion 2011",
    "et": "SpinalCord",
    "off": 18216,
    "sff": "spinal cord"
  },
  {
    "docID": "N209 Tharion 2011",
    "et": "SpinalCord",
    "off": 13302,
    "sff": "spinal cord"
  },
  {
    "docID": "N209 Tharion 2011",
    "et": "SpinalCord",
    "off": 15601,
    "sff": "spinal cord"
  },
  {
    "docID": "N209 Tharion 2011",
    "et": "SpinalCord",
    "off": 16443,
    "sff": "spinal cord"
  },
  {
    "docID": "N209 Tharion 2011",
    "et": "SpinalCord",
    "off": 6787,
    "sff": "spinal cord"
  },
  {
    "docID": "N209 Tharion 2011",
    "et": "LesionAdjacentTissue",
    "off": 10453,
    "sff": "adjacent"
  },
  {
    "docID": "N209 Tharion 2011",
    "et": "LesionAdjacentTissue",
    "off": 6547,
    "sff": "lesion"
  },
  {
    "docID": "N209 Tharion 2011",
    "et": "LesionAdjacentTissue",
    "off": 16675,
    "sff": "lesion"
  },
  {
    "docID": "N209 Tharion 2011",
    "et": "CentralNervousSystem",
    "off": 519,
    "sff": "central nervous system"
  },
  {
    "docID": "N209 Tharion 2011",
    "et": "CentralNervousSystem",
    "off": 2954,
    "sff": "central nervous"
  },
  {
    "docID": "N209 Tharion 2011",
    "et": "CentralNervousSystem",
    "off": 519,
    "sff": "central nervous"
  },
  {
    "docID": "N209 Tharion 2011",
    "et": "CentralNervousSystem",
    "off": 2954,
    "sff": "central nervous system"
  },
  {
    "docID": "N209 Tharion 2011",
    "et": "CentralNervousSystem",
    "off": 3203,
    "sff": "nervous"
  },
  {
    "docID": "N209 Tharion 2011",
    "et": "CentralNervousSystem",
    "off": 3203,
    "sff": "nervous system"
  },
  {
    "docID": "N209 Tharion 2011",
    "et": "CentralNervousSystem",
    "off": 3332,
    "sff": "central nervous"
  },
  {
    "docID": "N209 Tharion 2011",
    "et": "OscillatingFieldStimulator",
    "off": 15896,
    "sff": "field"
  },
  {
    "docID": "N209 Tharion 2011",
    "et": "Location",
    "off": 13633,
    "sff": "location"
  },
  {
    "docID": "N209 Tharion 2011",
    "et": "Location",
    "off": 4864,
    "sff": "location"
  },
  {
    "docID": "N209 Tharion 2011",
    "et": "Location",
    "off": 17517,
    "sff": "location"
  },
  {
    "docID": "N209 Tharion 2011",
    "et": "WistarRat",
    "off": 4283,
    "sff": "Wistar"
  },
  {
    "docID": "N209 Tharion 2011",
    "et": "WistarRat",
    "off": 6596,
    "sff": "Wistar"
  },
  {
    "docID": "N209 Tharion 2011",
    "et": "SpinalCentralPart",
    "off": 16443,
    "sff": "spinal"
  },
  {
    "docID": "N209 Tharion 2011",
    "et": "SpinalCentralPart",
    "off": 3332,
    "sff": "central"
  },
  {
    "docID": "N209 Tharion 2011",
    "et": "SpinalCentralPart",
    "off": 6787,
    "sff": "spinal"
  },
  {
    "docID": "N209 Tharion 2011",
    "et": "SpinalCentralPart",
    "off": 1899,
    "sff": "Spinal"
  },
  {
    "docID": "N209 Tharion 2011",
    "et": "SpinalCentralPart",
    "off": 17033,
    "sff": "spinal"
  },
  {
    "docID": "N209 Tharion 2011",
    "et": "SpinalCentralPart",
    "off": 519,
    "sff": "central"
  },
  {
    "docID": "N209 Tharion 2011",
    "et": "SpinalCentralPart",
    "off": 1098,
    "sff": "spinal"
  },
  {
    "docID": "N209 Tharion 2011",
    "et": "SpinalCentralPart",
    "off": 2954,
    "sff": "central"
  },
  {
    "docID": "N209 Tharion 2011",
    "et": "SpinalCentralPart",
    "off": 21518,
    "sff": "spinal"
  },
  {
    "docID": "N209 Tharion 2011",
    "et": "SpinalCentralPart",
    "off": 11660,
    "sff": "spinal"
  },
  {
    "docID": "N209 Tharion 2011",
    "et": "SpinalCentralPart",
    "off": 82,
    "sff": "spinal"
  },
  {
    "docID": "N209 Tharion 2011",
    "et": "SpinalCentralPart",
    "off": 8399,
    "sff": "spinal"
  },
  {
    "docID": "N209 Tharion 2011",
    "et": "SpinalCentralPart",
    "off": 10639,
    "sff": "spinal"
  },
  {
    "docID": "N209 Tharion 2011",
    "et": "SpinalCentralPart",
    "off": 8277,
    "sff": "spinal"
  },
  {
    "docID": "N209 Tharion 2011",
    "et": "SpinalCentralPart",
    "off": 929,
    "sff": "Spinal"
  },
  {
    "docID": "N209 Tharion 2011",
    "et": "SpinalCentralPart",
    "off": 10387,
    "sff": "spinal"
  },
  {
    "docID": "N209 Tharion 2011",
    "et": "SpinalCentralPart",
    "off": 6557,
    "sff": "spinal"
  },
  {
    "docID": "N209 Tharion 2011",
    "et": "SpinalCentralPart",
    "off": 21600,
    "sff": "spinal"
  },
  {
    "docID": "N209 Tharion 2011",
    "et": "SpinalCentralPart",
    "off": 13478,
    "sff": "spinal"
  },
  {
    "docID": "N209 Tharion 2011",
    "et": "SpinalCentralPart",
    "off": 18216,
    "sff": "spinal"
  },
  {
    "docID": "N209 Tharion 2011",
    "et": "SpinalCentralPart",
    "off": 15854,
    "sff": "spinal"
  },
  {
    "docID": "N209 Tharion 2011",
    "et": "SpinalCentralPart",
    "off": 9323,
    "sff": "spinal"
  },
  {
    "docID": "N209 Tharion 2011",
    "et": "SpinalCentralPart",
    "off": 11755,
    "sff": "spinal"
  },
  {
    "docID": "N209 Tharion 2011",
    "et": "SpinalCentralPart",
    "off": 3052,
    "sff": "spinal"
  },
  {
    "docID": "N209 Tharion 2011",
    "et": "SpinalCentralPart",
    "off": 3692,
    "sff": "spinal"
  },
  {
    "docID": "N209 Tharion 2011",
    "et": "SpinalCentralPart",
    "off": 13164,
    "sff": "spinal"
  },
  {
    "docID": "N209 Tharion 2011",
    "et": "SpinalCentralPart",
    "off": 15601,
    "sff": "spinal"
  },
  {
    "docID": "N209 Tharion 2011",
    "et": "SpinalCentralPart",
    "off": 13302,
    "sff": "spinal"
  },
  {
    "docID": "N209 Tharion 2011",
    "et": "SpinalCentralPart",
    "off": 18487,
    "sff": "spinal"
  },
  {
    "docID": "N209 Tharion 2011",
    "et": "AnatomicalLocation",
    "off": 19973,
    "sff": "anatomical"
  },
  {
    "docID": "N209 Tharion 2011",
    "et": "PhysicalTreatment",
    "off": 261,
    "sff": "Physical"
  },
  {
    "docID": "N209 Tharion 2011",
    "et": "Ketamine",
    "off": 6643,
    "sff": "ketamine"
  },
  {
    "docID": "N209 Tharion 2011",
    "et": "Ketamine",
    "off": 4670,
    "sff": "ketamine"
  },
  {
    "docID": "N209 Tharion 2011",
    "et": "SpinalWhiteMatter",
    "off": 18487,
    "sff": "spinal"
  },
  {
    "docID": "N209 Tharion 2011",
    "et": "SpinalWhiteMatter",
    "off": 13302,
    "sff": "spinal"
  },
  {
    "docID": "N209 Tharion 2011",
    "et": "SpinalWhiteMatter",
    "off": 16443,
    "sff": "spinal"
  },
  {
    "docID": "N209 Tharion 2011",
    "et": "SpinalWhiteMatter",
    "off": 15854,
    "sff": "spinal"
  },
  {
    "docID": "N209 Tharion 2011",
    "et": "SpinalWhiteMatter",
    "off": 15601,
    "sff": "spinal"
  },
  {
    "docID": "N209 Tharion 2011",
    "et": "SpinalWhiteMatter",
    "off": 929,
    "sff": "Spinal"
  },
  {
    "docID": "N209 Tharion 2011",
    "et": "SpinalWhiteMatter",
    "off": 18216,
    "sff": "spinal"
  },
  {
    "docID": "N209 Tharion 2011",
    "et": "SpinalWhiteMatter",
    "off": 896,
    "sff": "white"
  },
  {
    "docID": "N209 Tharion 2011",
    "et": "SpinalWhiteMatter",
    "off": 13478,
    "sff": "spinal"
  },
  {
    "docID": "N209 Tharion 2011",
    "et": "SpinalWhiteMatter",
    "off": 9323,
    "sff": "spinal"
  },
  {
    "docID": "N209 Tharion 2011",
    "et": "SpinalWhiteMatter",
    "off": 11755,
    "sff": "spinal"
  },
  {
    "docID": "N209 Tharion 2011",
    "et": "SpinalWhiteMatter",
    "off": 3052,
    "sff": "spinal"
  },
  {
    "docID": "N209 Tharion 2011",
    "et": "SpinalWhiteMatter",
    "off": 3692,
    "sff": "spinal"
  },
  {
    "docID": "N209 Tharion 2011",
    "et": "SpinalWhiteMatter",
    "off": 13164,
    "sff": "spinal"
  },
  {
    "docID": "N209 Tharion 2011",
    "et": "SpinalWhiteMatter",
    "off": 21600,
    "sff": "spinal"
  },
  {
    "docID": "N209 Tharion 2011",
    "et": "SpinalWhiteMatter",
    "off": 6557,
    "sff": "spinal"
  },
  {
    "docID": "N209 Tharion 2011",
    "et": "SpinalWhiteMatter",
    "off": 1899,
    "sff": "Spinal"
  },
  {
    "docID": "N209 Tharion 2011",
    "et": "SpinalWhiteMatter",
    "off": 8277,
    "sff": "spinal"
  },
  {
    "docID": "N209 Tharion 2011",
    "et": "SpinalWhiteMatter",
    "off": 8399,
    "sff": "spinal"
  },
  {
    "docID": "N209 Tharion 2011",
    "et": "SpinalWhiteMatter",
    "off": 10639,
    "sff": "spinal"
  },
  {
    "docID": "N209 Tharion 2011",
    "et": "SpinalWhiteMatter",
    "off": 21518,
    "sff": "spinal"
  },
  {
    "docID": "N209 Tharion 2011",
    "et": "SpinalWhiteMatter",
    "off": 10387,
    "sff": "spinal"
  },
  {
    "docID": "N209 Tharion 2011",
    "et": "SpinalWhiteMatter",
    "off": 82,
    "sff": "spinal"
  },
  {
    "docID": "N209 Tharion 2011",
    "et": "SpinalWhiteMatter",
    "off": 11660,
    "sff": "spinal"
  },
  {
    "docID": "N209 Tharion 2011",
    "et": "SpinalWhiteMatter",
    "off": 17033,
    "sff": "spinal"
  },
  {
    "docID": "N209 Tharion 2011",
    "et": "SpinalWhiteMatter",
    "off": 1098,
    "sff": "spinal"
  },
  {
    "docID": "N209 Tharion 2011",
    "et": "SpinalWhiteMatter",
    "off": 6787,
    "sff": "spinal"
  },
  {
    "docID": "N209 Tharion 2011",
    "et": "Electrodes",
    "off": 9791,
    "sff": "electrodes"
  },
  {
    "docID": "N209 Tharion 2011",
    "et": "Electrodes",
    "off": 9687,
    "sff": "electrodes"
  },
  {
    "docID": "N209 Tharion 2011",
    "et": "PhysicalImplantTreatment",
    "off": 261,
    "sff": "Physical"
  },
  {
    "docID": "N209 Tharion 2011",
    "et": "Antibody",
    "off": 14460,
    "sff": "antibody"
  },
  {
    "docID": "N209 Tharion 2011",
    "et": "Antibody",
    "off": 6340,
    "sff": "antibody"
  },
  {
    "docID": "N209 Tharion 2011",
    "et": "UmbilicalCordBloodStemCell",
    "off": 16450,
    "sff": "cord"
  },
  {
    "docID": "N209 Tharion 2011",
    "et": "UmbilicalCordBloodStemCell",
    "off": 13309,
    "sff": "cord"
  },
  {
    "docID": "N209 Tharion 2011",
    "et": "UmbilicalCordBloodStemCell",
    "off": 15608,
    "sff": "cord"
  },
  {
    "docID": "N209 Tharion 2011",
    "et": "UmbilicalCordBloodStemCell",
    "off": 15861,
    "sff": "cord"
  },
  {
    "docID": "N209 Tharion 2011",
    "et": "UmbilicalCordBloodStemCell",
    "off": 3059,
    "sff": "cord"
  },
  {
    "docID": "N209 Tharion 2011",
    "et": "UmbilicalCordBloodStemCell",
    "off": 3699,
    "sff": "cord"
  },
  {
    "docID": "N209 Tharion 2011",
    "et": "UmbilicalCordBloodStemCell",
    "off": 13171,
    "sff": "cord"
  },
  {
    "docID": "N209 Tharion 2011",
    "et": "UmbilicalCordBloodStemCell",
    "off": 1906,
    "sff": "cord"
  },
  {
    "docID": "N209 Tharion 2011",
    "et": "UmbilicalCordBloodStemCell",
    "off": 9330,
    "sff": "cord"
  },
  {
    "docID": "N209 Tharion 2011",
    "et": "UmbilicalCordBloodStemCell",
    "off": 11762,
    "sff": "cord"
  },
  {
    "docID": "N209 Tharion 2011",
    "et": "UmbilicalCordBloodStemCell",
    "off": 21525,
    "sff": "cord"
  },
  {
    "docID": "N209 Tharion 2011",
    "et": "UmbilicalCordBloodStemCell",
    "off": 13485,
    "sff": "cord"
  },
  {
    "docID": "N209 Tharion 2011",
    "et": "UmbilicalCordBloodStemCell",
    "off": 13226,
    "sff": "cord"
  },
  {
    "docID": "N209 Tharion 2011",
    "et": "UmbilicalCordBloodStemCell",
    "off": 936,
    "sff": "cord"
  },
  {
    "docID": "N209 Tharion 2011",
    "et": "UmbilicalCordBloodStemCell",
    "off": 6564,
    "sff": "cord"
  },
  {
    "docID": "N209 Tharion 2011",
    "et": "UmbilicalCordBloodStemCell",
    "off": 8929,
    "sff": "cord"
  },
  {
    "docID": "N209 Tharion 2011",
    "et": "UmbilicalCordBloodStemCell",
    "off": 21607,
    "sff": "cord"
  },
  {
    "docID": "N209 Tharion 2011",
    "et": "UmbilicalCordBloodStemCell",
    "off": 8284,
    "sff": "cord"
  },
  {
    "docID": "N209 Tharion 2011",
    "et": "UmbilicalCordBloodStemCell",
    "off": 10394,
    "sff": "cord"
  },
  {
    "docID": "N209 Tharion 2011",
    "et": "UmbilicalCordBloodStemCell",
    "off": 89,
    "sff": "cord"
  },
  {
    "docID": "N209 Tharion 2011",
    "et": "UmbilicalCordBloodStemCell",
    "off": 18223,
    "sff": "cord"
  },
  {
    "docID": "N209 Tharion 2011",
    "et": "UmbilicalCordBloodStemCell",
    "off": 8406,
    "sff": "cord"
  },
  {
    "docID": "N209 Tharion 2011",
    "et": "UmbilicalCordBloodStemCell",
    "off": 10646,
    "sff": "cord"
  },
  {
    "docID": "N209 Tharion 2011",
    "et": "UmbilicalCordBloodStemCell",
    "off": 11667,
    "sff": "cord"
  },
  {
    "docID": "N209 Tharion 2011",
    "et": "UmbilicalCordBloodStemCell",
    "off": 1105,
    "sff": "cord"
  },
  {
    "docID": "N209 Tharion 2011",
    "et": "UmbilicalCordBloodStemCell",
    "off": 17040,
    "sff": "cord"
  },
  {
    "docID": "N209 Tharion 2011",
    "et": "UmbilicalCordBloodStemCell",
    "off": 6794,
    "sff": "cord"
  },
  {
    "docID": "N209 Tharion 2011",
    "et": "UmbilicalCordBloodStemCell",
    "off": 15752,
    "sff": "cord"
  },
  {
    "docID": "N209 Tharion 2011",
    "et": "GlialCell",
    "off": 2292,
    "sff": "glial"
  },
  {
    "docID": "N209 Tharion 2011",
    "et": "GlialCell",
    "off": 2830,
    "sff": "glial"
  },
  {
    "docID": "N209 Tharion 2011",
    "et": "SpinalGrayMatter",
    "off": 21600,
    "sff": "spinal"
  },
  {
    "docID": "N209 Tharion 2011",
    "et": "SpinalGrayMatter",
    "off": 6557,
    "sff": "spinal"
  },
  {
    "docID": "N209 Tharion 2011",
    "et": "SpinalGrayMatter",
    "off": 10387,
    "sff": "spinal"
  },
  {
    "docID": "N209 Tharion 2011",
    "et": "SpinalGrayMatter",
    "off": 82,
    "sff": "spinal"
  },
  {
    "docID": "N209 Tharion 2011",
    "et": "SpinalGrayMatter",
    "off": 8277,
    "sff": "spinal"
  },
  {
    "docID": "N209 Tharion 2011",
    "et": "SpinalGrayMatter",
    "off": 3052,
    "sff": "spinal"
  },
  {
    "docID": "N209 Tharion 2011",
    "et": "SpinalGrayMatter",
    "off": 3692,
    "sff": "spinal"
  },
  {
    "docID": "N209 Tharion 2011",
    "et": "SpinalGrayMatter",
    "off": 13164,
    "sff": "spinal"
  },
  {
    "docID": "N209 Tharion 2011",
    "et": "SpinalGrayMatter",
    "off": 9323,
    "sff": "spinal"
  },
  {
    "docID": "N209 Tharion 2011",
    "et": "SpinalGrayMatter",
    "off": 11755,
    "sff": "spinal"
  },
  {
    "docID": "N209 Tharion 2011",
    "et": "SpinalGrayMatter",
    "off": 929,
    "sff": "Spinal"
  },
  {
    "docID": "N209 Tharion 2011",
    "et": "SpinalGrayMatter",
    "off": 15854,
    "sff": "spinal"
  },
  {
    "docID": "N209 Tharion 2011",
    "et": "SpinalGrayMatter",
    "off": 1899,
    "sff": "Spinal"
  },
  {
    "docID": "N209 Tharion 2011",
    "et": "SpinalGrayMatter",
    "off": 18216,
    "sff": "spinal"
  },
  {
    "docID": "N209 Tharion 2011",
    "et": "SpinalGrayMatter",
    "off": 13478,
    "sff": "spinal"
  },
  {
    "docID": "N209 Tharion 2011",
    "et": "SpinalGrayMatter",
    "off": 16443,
    "sff": "spinal"
  },
  {
    "docID": "N209 Tharion 2011",
    "et": "SpinalGrayMatter",
    "off": 15601,
    "sff": "spinal"
  },
  {
    "docID": "N209 Tharion 2011",
    "et": "SpinalGrayMatter",
    "off": 18487,
    "sff": "spinal"
  },
  {
    "docID": "N209 Tharion 2011",
    "et": "SpinalGrayMatter",
    "off": 13302,
    "sff": "spinal"
  },
  {
    "docID": "N209 Tharion 2011",
    "et": "SpinalGrayMatter",
    "off": 11660,
    "sff": "spinal"
  },
  {
    "docID": "N209 Tharion 2011",
    "et": "SpinalGrayMatter",
    "off": 1098,
    "sff": "spinal"
  },
  {
    "docID": "N209 Tharion 2011",
    "et": "SpinalGrayMatter",
    "off": 17033,
    "sff": "spinal"
  },
  {
    "docID": "N209 Tharion 2011",
    "et": "SpinalGrayMatter",
    "off": 8399,
    "sff": "spinal"
  },
  {
    "docID": "N209 Tharion 2011",
    "et": "SpinalGrayMatter",
    "off": 10639,
    "sff": "spinal"
  },
  {
    "docID": "N209 Tharion 2011",
    "et": "SpinalGrayMatter",
    "off": 21518,
    "sff": "spinal"
  },
  {
    "docID": "N209 Tharion 2011",
    "et": "SpinalGrayMatter",
    "off": 6787,
    "sff": "spinal"
  },
  {
    "docID": "N209 Tharion 2011",
    "et": "RatSpecies",
    "off": 783,
    "sff": "rat"
  },
  {
    "docID": "N209 Tharion 2011",
    "et": "RatSpecies",
    "off": 7153,
    "sff": "rat"
  },
  {
    "docID": "N209 Tharion 2011",
    "et": "RatSpecies",
    "off": 13298,
    "sff": "rat"
  },
  {
    "docID": "N209 Tharion 2011",
    "et": "RatSpecies",
    "off": 17363,
    "sff": "rat"
  },
  {
    "docID": "N209 Tharion 2011",
    "et": "RatSpecies",
    "off": 21014,
    "sff": "rat"
  },
  {
    "docID": "N209 Tharion 2011",
    "et": "RatSpecies",
    "off": 14550,
    "sff": "rat"
  },
  {
    "docID": "N209 Tharion 2011",
    "et": "RatSpecies",
    "off": 16118,
    "sff": "rat"
  },
  {
    "docID": "N209 Tharion 2011",
    "et": "RatSpecies",
    "off": 17175,
    "sff": "rat"
  },
  {
    "docID": "N209 Tharion 2011",
    "et": "RatSpecies",
    "off": 17048,
    "sff": "rat"
  },
  {
    "docID": "N209 Tharion 2011",
    "et": "RatSpecies",
    "off": 13602,
    "sff": "rat"
  },
  {
    "docID": "N209 Tharion 2011",
    "et": "RatSpecies",
    "off": 17090,
    "sff": "rat"
  },
  {
    "docID": "N209 Tharion 2011",
    "et": "RatSpecies",
    "off": 11866,
    "sff": "Rat"
  },
  {
    "docID": "N209 Tharion 2011",
    "et": "RatSpecies",
    "off": 12741,
    "sff": "rat"
  },
  {
    "docID": "N209 Tharion 2011",
    "et": "RatSpecies",
    "off": 21190,
    "sff": "rat"
  },
  {
    "docID": "N209 Tharion 2011",
    "et": "RatSpecies",
    "off": 11751,
    "sff": "rat"
  },
  {
    "docID": "N209 Tharion 2011",
    "et": "RatSpecies",
    "off": 1864,
    "sff": "rat"
  },
  {
    "docID": "N209 Tharion 2011",
    "et": "RatSpecies",
    "off": 4584,
    "sff": "rat"
  },
  {
    "docID": "N209 Tharion 2011",
    "et": "RatSpecies",
    "off": 12051,
    "sff": "Rat"
  },
  {
    "docID": "N209 Tharion 2011",
    "et": "RatSpecies",
    "off": 13494,
    "sff": "Rat"
  },
  {
    "docID": "N209 Tharion 2011",
    "et": "RatSpecies",
    "off": 4170,
    "sff": "rat"
  },
  {
    "docID": "N209 Tharion 2011",
    "et": "RatSpecies",
    "off": 12714,
    "sff": "rat"
  },
  {
    "docID": "N209 Tharion 2011",
    "et": "RatSpecies",
    "off": 17259,
    "sff": "rat"
  },
  {
    "docID": "N209 Tharion 2011",
    "et": "RatSpecies",
    "off": 6572,
    "sff": "rat"
  },
  {
    "docID": "N209 Tharion 2011",
    "et": "VertebralArea",
    "off": 2033,
    "sff": "vertebral"
  },
  {
    "docID": "N209 Tharion 2011",
    "et": "Caudal",
    "off": 10474,
    "sff": "caudal"
  },
  {
    "docID": "N209 Tharion 2011",
    "et": "VertebralSegment",
    "off": 2033,
    "sff": "vertebral"
  },
  {
    "docID": "N209 Tharion 2011",
    "et": "DosageIntracorporal",
    "off": 20618,
    "sff": "dosage"
  },
  {
    "docID": "N209 Tharion 2011",
    "et": "DosageIntracorporal",
    "off": 11346,
    "sff": "dosage"
  },
  {
    "docID": "N209 Tharion 2011",
    "et": "CurrentApplication",
    "off": 1984,
    "sff": "current"
  },
  {
    "docID": "N209 Tharion 2011",
    "et": "SchwannCell",
    "off": 3171,
    "sff": "Schwann"
  },
  {
    "docID": "N209 Tharion 2011",
    "et": "SchwannCell",
    "off": 3383,
    "sff": "Schwann"
  },
  {
    "docID": "N209 Tharion 2011",
    "et": "T10",
    "off": 6711,
    "sff": "T10"
  },
  {
    "docID": "N209 Tharion 2011",
    "et": "Thoracic",
    "off": 8920,
    "sff": "thoracic"
  },
  {
    "docID": "N209 Tharion 2011",
    "et": "Thoracic",
    "off": 981,
    "sff": "thoracic"
  },
  {
    "docID": "N209 Tharion 2011",
    "et": "Thoracic",
    "off": 21472,
    "sff": "thoracic"
  },
  {
    "docID": "N209 Tharion 2011",
    "et": "VertebralLocation",
    "off": 2033,
    "sff": "vertebral"
  },
  {
    "docID": "N209 Tharion 2011",
    "et": "StemCellSourceType",
    "off": 7341,
    "sff": "cell"
  },
  {
    "docID": "N209 Tharion 2011",
    "et": "StemCellSourceType",
    "off": 14828,
    "sff": "cell"
  },
  {
    "docID": "N209 Tharion 2011",
    "et": "StemCellSourceType",
    "off": 20465,
    "sff": "cell"
  },
  {
    "docID": "N209 Tharion 2011",
    "et": "StemCellSourceType",
    "off": 48,
    "sff": "cell"
  },
  {
    "docID": "N209 Tharion 2011",
    "et": "StemCellSourceType",
    "off": 14709,
    "sff": "cell"
  },
  {
    "docID": "N209 Tharion 2011",
    "et": "StemCellSourceType",
    "off": 14964,
    "sff": "cell"
  },
  {
    "docID": "N209 Tharion 2011",
    "et": "StemCellSourceType",
    "off": 7290,
    "sff": "cell"
  },
  {
    "docID": "N209 Tharion 2011",
    "et": "StemCellSourceType",
    "off": 8439,
    "sff": "cell"
  },
  {
    "docID": "N209 Tharion 2011",
    "et": "StemCellSourceType",
    "off": 14526,
    "sff": "cell"
  },
  {
    "docID": "N209 Tharion 2011",
    "et": "StemCellSourceType",
    "off": 13058,
    "sff": "cell"
  },
  {
    "docID": "N209 Tharion 2011",
    "et": "StemCellSourceType",
    "off": 7612,
    "sff": "Cell"
  },
  {
    "docID": "N209 Tharion 2011",
    "et": "StemCellSourceType",
    "off": 20613,
    "sff": "cell"
  },
  {
    "docID": "N209 Tharion 2011",
    "et": "StemCellSourceType",
    "off": 8519,
    "sff": "Cell"
  },
  {
    "docID": "N209 Tharion 2011",
    "et": "StemCellSourceType",
    "off": 10823,
    "sff": "cell"
  },
  {
    "docID": "N209 Tharion 2011",
    "et": "StemCellSourceType",
    "off": 11341,
    "sff": "cell"
  },
  {
    "docID": "N209 Tharion 2011",
    "et": "StemCellSourceType",
    "off": 16972,
    "sff": "cell"
  },
  {
    "docID": "N209 Tharion 2011",
    "et": "StemCellSourceType",
    "off": 8725,
    "sff": "cell"
  },
  {
    "docID": "N209 Tharion 2011",
    "et": "StemCellSourceType",
    "off": 5331,
    "sff": "cell"
  },
  {
    "docID": "N209 Tharion 2011",
    "et": "StemCellSourceType",
    "off": 3929,
    "sff": "cell"
  },
  {
    "docID": "N209 Tharion 2011",
    "et": "StemCellSourceType",
    "off": 13146,
    "sff": "cell"
  },
  {
    "docID": "N209 Tharion 2011",
    "et": "StemCellSourceType",
    "off": 8602,
    "sff": "cell"
  },
  {
    "docID": "N209 Tharion 2011",
    "et": "StemCellSourceType",
    "off": 14167,
    "sff": "cell"
  },
  {
    "docID": "N209 Tharion 2011",
    "et": "StemCellSourceType",
    "off": 4957,
    "sff": "cell"
  },
  {
    "docID": "N209 Tharion 2011",
    "et": "StemCellSourceType",
    "off": 19484,
    "sff": "cell"
  },
  {
    "docID": "N209 Tharion 2011",
    "et": "StemCellSourceType",
    "off": 7772,
    "sff": "cell"
  },
  {
    "docID": "N209 Tharion 2011",
    "et": "StemCellSourceType",
    "off": 20642,
    "sff": "cell"
  },
  {
    "docID": "N209 Tharion 2011",
    "et": "StemCellSourceType",
    "off": 10015,
    "sff": "cell"
  },
  {
    "docID": "N209 Tharion 2011",
    "et": "StemCellSourceType",
    "off": 4197,
    "sff": "cell"
  },
  {
    "docID": "N209 Tharion 2011",
    "et": "StemCellSourceType",
    "off": 7591,
    "sff": "Cell"
  },
  {
    "docID": "N209 Tharion 2011",
    "et": "StemCellSourceType",
    "off": 810,
    "sff": "cell"
  },
  {
    "docID": "N209 Tharion 2011",
    "et": "StemCellSourceType",
    "off": 3562,
    "sff": "cell"
  },
  {
    "docID": "N209 Tharion 2011",
    "et": "StemCellSourceType",
    "off": 5544,
    "sff": "cell"
  },
  {
    "docID": "N209 Tharion 2011",
    "et": "InVitroExperimentalProcedure",
    "off": 4233,
    "sff": "Experimental"
  },
  {
    "docID": "N209 Tharion 2011",
    "et": "InVitroExperimentalProcedure",
    "off": 16560,
    "sff": "experimental"
  },
  {
    "docID": "N209 Tharion 2011",
    "et": "InVitroExperimentalProcedure",
    "off": 2459,
    "sff": "experimental"
  },
  {
    "docID": "N209 Tharion 2011",
    "et": "InVitroExperimentalProcedure",
    "off": 11051,
    "sff": "experimental"
  },
  {
    "docID": "N209 Tharion 2011",
    "et": "InVitroExperimentalProcedure",
    "off": 6534,
    "sff": "Experimental"
  },
  {
    "docID": "N209 Tharion 2011",
    "et": "InVitroExperimentalProcedure",
    "off": 9145,
    "sff": "experimental"
  },
  {
    "docID": "N209 Tharion 2011",
    "et": "IntraperitonealLocation",
    "off": 4641,
    "sff": "intraperitoneal"
  },
  {
    "docID": "N209 Tharion 2011",
    "et": "Cell",
    "off": 10015,
    "sff": "cell"
  },
  {
    "docID": "N209 Tharion 2011",
    "et": "Cell",
    "off": 7591,
    "sff": "Cell"
  },
  {
    "docID": "N209 Tharion 2011",
    "et": "Cell",
    "off": 4957,
    "sff": "cell"
  },
  {
    "docID": "N209 Tharion 2011",
    "et": "Cell",
    "off": 20642,
    "sff": "cell"
  },
  {
    "docID": "N209 Tharion 2011",
    "et": "Cell",
    "off": 5544,
    "sff": "cell"
  },
  {
    "docID": "N209 Tharion 2011",
    "et": "Cell",
    "off": 4197,
    "sff": "cell"
  },
  {
    "docID": "N209 Tharion 2011",
    "et": "Cell",
    "off": 14828,
    "sff": "cell"
  },
  {
    "docID": "N209 Tharion 2011",
    "et": "Cell",
    "off": 810,
    "sff": "cell"
  },
  {
    "docID": "N209 Tharion 2011",
    "et": "Cell",
    "off": 3562,
    "sff": "cell"
  },
  {
    "docID": "N209 Tharion 2011",
    "et": "Cell",
    "off": 11341,
    "sff": "cell"
  },
  {
    "docID": "N209 Tharion 2011",
    "et": "Cell",
    "off": 5331,
    "sff": "cell"
  },
  {
    "docID": "N209 Tharion 2011",
    "et": "Cell",
    "off": 14167,
    "sff": "cell"
  },
  {
    "docID": "N209 Tharion 2011",
    "et": "Cell",
    "off": 8725,
    "sff": "cell"
  },
  {
    "docID": "N209 Tharion 2011",
    "et": "Cell",
    "off": 7772,
    "sff": "cell"
  },
  {
    "docID": "N209 Tharion 2011",
    "et": "Cell",
    "off": 19484,
    "sff": "cell"
  },
  {
    "docID": "N209 Tharion 2011",
    "et": "Cell",
    "off": 8602,
    "sff": "cell"
  },
  {
    "docID": "N209 Tharion 2011",
    "et": "Cell",
    "off": 13146,
    "sff": "cell"
  },
  {
    "docID": "N209 Tharion 2011",
    "et": "Cell",
    "off": 3929,
    "sff": "cell"
  },
  {
    "docID": "N209 Tharion 2011",
    "et": "Cell",
    "off": 8519,
    "sff": "Cell"
  },
  {
    "docID": "N209 Tharion 2011",
    "et": "Cell",
    "off": 14526,
    "sff": "cell"
  },
  {
    "docID": "N209 Tharion 2011",
    "et": "Cell",
    "off": 13058,
    "sff": "cell"
  },
  {
    "docID": "N209 Tharion 2011",
    "et": "Cell",
    "off": 10823,
    "sff": "cell"
  },
  {
    "docID": "N209 Tharion 2011",
    "et": "Cell",
    "off": 20613,
    "sff": "cell"
  },
  {
    "docID": "N209 Tharion 2011",
    "et": "Cell",
    "off": 16972,
    "sff": "cell"
  },
  {
    "docID": "N209 Tharion 2011",
    "et": "Cell",
    "off": 48,
    "sff": "cell"
  },
  {
    "docID": "N209 Tharion 2011",
    "et": "Cell",
    "off": 7341,
    "sff": "cell"
  },
  {
    "docID": "N209 Tharion 2011",
    "et": "Cell",
    "off": 14964,
    "sff": "cell"
  },
  {
    "docID": "N209 Tharion 2011",
    "et": "Cell",
    "off": 7612,
    "sff": "Cell"
  },
  {
    "docID": "N209 Tharion 2011",
    "et": "Cell",
    "off": 20465,
    "sff": "cell"
  },
  {
    "docID": "N209 Tharion 2011",
    "et": "Cell",
    "off": 8439,
    "sff": "cell"
  },
  {
    "docID": "N209 Tharion 2011",
    "et": "Cell",
    "off": 14709,
    "sff": "cell"
  },
  {
    "docID": "N209 Tharion 2011",
    "et": "Cell",
    "off": 7290,
    "sff": "cell"
  },
  {
    "docID": "N209 Tharion 2011",
    "et": "SpinalDorsalHalf",
    "off": 21600,
    "sff": "spinal"
  },
  {
    "docID": "N209 Tharion 2011",
    "et": "SpinalDorsalHalf",
    "off": 13478,
    "sff": "spinal"
  },
  {
    "docID": "N209 Tharion 2011",
    "et": "SpinalDorsalHalf",
    "off": 929,
    "sff": "Spinal"
  },
  {
    "docID": "N209 Tharion 2011",
    "et": "SpinalDorsalHalf",
    "off": 6557,
    "sff": "spinal"
  },
  {
    "docID": "N209 Tharion 2011",
    "et": "SpinalDorsalHalf",
    "off": 15601,
    "sff": "spinal"
  },
  {
    "docID": "N209 Tharion 2011",
    "et": "SpinalDorsalHalf",
    "off": 13302,
    "sff": "spinal"
  },
  {
    "docID": "N209 Tharion 2011",
    "et": "SpinalDorsalHalf",
    "off": 1899,
    "sff": "Spinal"
  },
  {
    "docID": "N209 Tharion 2011",
    "et": "SpinalDorsalHalf",
    "off": 18216,
    "sff": "spinal"
  },
  {
    "docID": "N209 Tharion 2011",
    "et": "SpinalDorsalHalf",
    "off": 3052,
    "sff": "spinal"
  },
  {
    "docID": "N209 Tharion 2011",
    "et": "SpinalDorsalHalf",
    "off": 3692,
    "sff": "spinal"
  },
  {
    "docID": "N209 Tharion 2011",
    "et": "SpinalDorsalHalf",
    "off": 13164,
    "sff": "spinal"
  },
  {
    "docID": "N209 Tharion 2011",
    "et": "SpinalDorsalHalf",
    "off": 9323,
    "sff": "spinal"
  },
  {
    "docID": "N209 Tharion 2011",
    "et": "SpinalDorsalHalf",
    "off": 11755,
    "sff": "spinal"
  },
  {
    "docID": "N209 Tharion 2011",
    "et": "SpinalDorsalHalf",
    "off": 15854,
    "sff": "spinal"
  },
  {
    "docID": "N209 Tharion 2011",
    "et": "SpinalDorsalHalf",
    "off": 6787,
    "sff": "spinal"
  },
  {
    "docID": "N209 Tharion 2011",
    "et": "SpinalDorsalHalf",
    "off": 18487,
    "sff": "spinal"
  },
  {
    "docID": "N209 Tharion 2011",
    "et": "SpinalDorsalHalf",
    "off": 16443,
    "sff": "spinal"
  },
  {
    "docID": "N209 Tharion 2011",
    "et": "SpinalDorsalHalf",
    "off": 8399,
    "sff": "spinal"
  },
  {
    "docID": "N209 Tharion 2011",
    "et": "SpinalDorsalHalf",
    "off": 10639,
    "sff": "spinal"
  },
  {
    "docID": "N209 Tharion 2011",
    "et": "SpinalDorsalHalf",
    "off": 82,
    "sff": "spinal"
  },
  {
    "docID": "N209 Tharion 2011",
    "et": "SpinalDorsalHalf",
    "off": 10387,
    "sff": "spinal"
  },
  {
    "docID": "N209 Tharion 2011",
    "et": "SpinalDorsalHalf",
    "off": 8277,
    "sff": "spinal"
  },
  {
    "docID": "N209 Tharion 2011",
    "et": "SpinalDorsalHalf",
    "off": 1098,
    "sff": "spinal"
  },
  {
    "docID": "N209 Tharion 2011",
    "et": "SpinalDorsalHalf",
    "off": 17033,
    "sff": "spinal"
  },
  {
    "docID": "N209 Tharion 2011",
    "et": "SpinalDorsalHalf",
    "off": 11660,
    "sff": "spinal"
  },
  {
    "docID": "N209 Tharion 2011",
    "et": "SpinalDorsalHalf",
    "off": 21518,
    "sff": "spinal"
  },
  {
    "docID": "N209 Tharion 2011",
    "et": "17BetaEstradiolE2",
    "off": 20288,
    "sff": "17"
  },
  {
    "docID": "N209 Tharion 2011",
    "et": "17BetaEstradiolE2",
    "off": 21266,
    "sff": "17"
  },
  {
    "docID": "N209 Tharion 2011",
    "et": "HematoxyLinEosin",
    "off": 12332,
    "sff": "hematoxylin"
  },
  {
    "docID": "N209 Tharion 2011",
    "et": "HematoxyLinEosin",
    "off": 6493,
    "sff": "Hematoxylin"
  },
  {
    "docID": "N209 Tharion 2011",
    "et": "HematoxyLinEosin",
    "off": 15627,
    "sff": "hematoxylin–eosin"
  },
  {
    "docID": "N209 Tharion 2011",
    "et": "ExperimentalProcedure",
    "off": 4233,
    "sff": "Experimental"
  },
  {
    "docID": "N209 Tharion 2011",
    "et": "ExperimentalProcedure",
    "off": 16560,
    "sff": "experimental"
  },
  {
    "docID": "N209 Tharion 2011",
    "et": "ExperimentalProcedure",
    "off": 2459,
    "sff": "experimental"
  },
  {
    "docID": "N209 Tharion 2011",
    "et": "ExperimentalProcedure",
    "off": 11051,
    "sff": "experimental"
  },
  {
    "docID": "N209 Tharion 2011",
    "et": "ExperimentalProcedure",
    "off": 9145,
    "sff": "experimental"
  },
  {
    "docID": "N209 Tharion 2011",
    "et": "ExperimentalProcedure",
    "off": 6534,
    "sff": "Experimental"
  }
]
