[
  {
    "docID": "N215 Verdu 2001",
    "et": "Ethanol",
    "off": 7762,
    "sff": "ethanol"
  },
  {
    "docID": "N215 Verdu 2001",
    "et": "OlfactoryEnsheathingGliaCell",
    "off": 12,
    "sff": "ensheathing"
  },
  {
    "docID": "N215 Verdu 2001",
    "et": "OlfactoryEnsheathingGliaCell",
    "off": 10129,
    "sff": "ensheathing"
  },
  {
    "docID": "N215 Verdu 2001",
    "et": "OlfactoryEnsheathingGliaCell",
    "off": 2017,
    "sff": "olfactory ensheathing"
  },
  {
    "docID": "N215 Verdu 2001",
    "et": "OlfactoryEnsheathingGliaCell",
    "off": 259,
    "sff": "olfactory ensheathing"
  },
  {
    "docID": "N215 Verdu 2001",
    "et": "MagneticFieldApplication",
    "off": 11016,
    "sff": "FIeld"
  },
  {
    "docID": "N215 Verdu 2001",
    "et": "MagneticFieldApplication",
    "off": 10780,
    "sff": "FIeld"
  },
  {
    "docID": "N215 Verdu 2001",
    "et": "MagneticFieldApplication",
    "off": 10639,
    "sff": "FIeld"
  },
  {
    "docID": "N215 Verdu 2001",
    "et": "SpinalSubduralArea",
    "off": 16905,
    "sff": "spinal"
  },
  {
    "docID": "N215 Verdu 2001",
    "et": "SpinalSubduralArea",
    "off": 11524,
    "sff": "spinal"
  },
  {
    "docID": "N215 Verdu 2001",
    "et": "SpinalSubduralArea",
    "off": 4352,
    "sff": "spinal"
  },
  {
    "docID": "N215 Verdu 2001",
    "et": "SpinalSubduralArea",
    "off": 18067,
    "sff": "spinal"
  },
  {
    "docID": "N215 Verdu 2001",
    "et": "SpinalSubduralArea",
    "off": 3089,
    "sff": "spinal"
  },
  {
    "docID": "N215 Verdu 2001",
    "et": "SpinalSubduralArea",
    "off": 15250,
    "sff": "spinal"
  },
  {
    "docID": "N215 Verdu 2001",
    "et": "SpinalSubduralArea",
    "off": 17552,
    "sff": "spinal"
  },
  {
    "docID": "N215 Verdu 2001",
    "et": "SpinalSubduralArea",
    "off": 7947,
    "sff": "spinal"
  },
  {
    "docID": "N215 Verdu 2001",
    "et": "SpinalSubduralArea",
    "off": 12044,
    "sff": "spinal"
  },
  {
    "docID": "N215 Verdu 2001",
    "et": "SpinalSubduralArea",
    "off": 16613,
    "sff": "spinal"
  },
  {
    "docID": "N215 Verdu 2001",
    "et": "SpinalSubduralArea",
    "off": 14564,
    "sff": "spinal"
  },
  {
    "docID": "N215 Verdu 2001",
    "et": "SpinalSubduralArea",
    "off": 10335,
    "sff": "spinal"
  },
  {
    "docID": "N215 Verdu 2001",
    "et": "SpinalSubduralArea",
    "off": 11231,
    "sff": "spinal"
  },
  {
    "docID": "N215 Verdu 2001",
    "et": "SpinalSubduralArea",
    "off": 9438,
    "sff": "spinal"
  },
  {
    "docID": "N215 Verdu 2001",
    "et": "SpinalSubduralArea",
    "off": 476,
    "sff": "spinal"
  },
  {
    "docID": "N215 Verdu 2001",
    "et": "SpinalSubduralArea",
    "off": 4601,
    "sff": "spinal"
  },
  {
    "docID": "N215 Verdu 2001",
    "et": "SpinalSubduralArea",
    "off": 9461,
    "sff": "Spinal"
  },
  {
    "docID": "N215 Verdu 2001",
    "et": "SpinalSubduralArea",
    "off": 2680,
    "sff": "spinal"
  },
  {
    "docID": "N215 Verdu 2001",
    "et": "SpinalSubduralArea",
    "off": 21621,
    "sff": "spinal"
  },
  {
    "docID": "N215 Verdu 2001",
    "et": "SpinalSubduralArea",
    "off": 8561,
    "sff": "spinal"
  },
  {
    "docID": "N215 Verdu 2001",
    "et": "SpinalSubduralArea",
    "off": 327,
    "sff": "spinal"
  },
  {
    "docID": "N215 Verdu 2001",
    "et": "SpinalSubduralArea",
    "off": 8775,
    "sff": "spinal"
  },
  {
    "docID": "N215 Verdu 2001",
    "et": "SpinalSubduralArea",
    "off": 72,
    "sff": "spinal"
  },
  {
    "docID": "N215 Verdu 2001",
    "et": "SpinalSubduralArea",
    "off": 1350,
    "sff": "spinal"
  },
  {
    "docID": "N215 Verdu 2001",
    "et": "SpinalSubduralArea",
    "off": 5058,
    "sff": "spinal"
  },
  {
    "docID": "N215 Verdu 2001",
    "et": "SpinalSubduralArea",
    "off": 18882,
    "sff": "spinal"
  },
  {
    "docID": "N215 Verdu 2001",
    "et": "SpinalSubduralArea",
    "off": 19899,
    "sff": "spinal"
  },
  {
    "docID": "N215 Verdu 2001",
    "et": "SpinalSubduralArea",
    "off": 2905,
    "sff": "spinal"
  },
  {
    "docID": "N215 Verdu 2001",
    "et": "SpinalSubduralArea",
    "off": 12759,
    "sff": "spinal"
  },
  {
    "docID": "N215 Verdu 2001",
    "et": "SpinalSubduralArea",
    "off": 19544,
    "sff": "spinal"
  },
  {
    "docID": "N215 Verdu 2001",
    "et": "SpinalSubduralArea",
    "off": 16979,
    "sff": "spinal"
  },
  {
    "docID": "N215 Verdu 2001",
    "et": "SpinalSubduralArea",
    "off": 15527,
    "sff": "spinal"
  },
  {
    "docID": "N215 Verdu 2001",
    "et": "SpinalSubduralArea",
    "off": 11688,
    "sff": "spinal"
  },
  {
    "docID": "N215 Verdu 2001",
    "et": "SpinalSubduralArea",
    "off": 2342,
    "sff": "spinal"
  },
  {
    "docID": "N215 Verdu 2001",
    "et": "SpinalSubduralArea",
    "off": 13734,
    "sff": "spinal"
  },
  {
    "docID": "N215 Verdu 2001",
    "et": "SpinalSubduralArea",
    "off": 8225,
    "sff": "spinal"
  },
  {
    "docID": "N215 Verdu 2001",
    "et": "SpinalSubduralArea",
    "off": 15649,
    "sff": "spinal"
  },
  {
    "docID": "N215 Verdu 2001",
    "et": "SpinalSubduralArea",
    "off": 4893,
    "sff": "Spinal"
  },
  {
    "docID": "N215 Verdu 2001",
    "et": "SpinalSubduralArea",
    "off": 13600,
    "sff": "spinal"
  },
  {
    "docID": "N215 Verdu 2001",
    "et": "SpinalSubduralArea",
    "off": 4765,
    "sff": "spinal"
  },
  {
    "docID": "N215 Verdu 2001",
    "et": "SpinalSubduralArea",
    "off": 16285,
    "sff": "spinal"
  },
  {
    "docID": "N215 Verdu 2001",
    "et": "SpinalSubduralArea",
    "off": 10014,
    "sff": "spinal"
  },
  {
    "docID": "N215 Verdu 2001",
    "et": "SpinalSubduralArea",
    "off": 17182,
    "sff": "spinal"
  },
  {
    "docID": "N215 Verdu 2001",
    "et": "SpinalSubduralArea",
    "off": 3612,
    "sff": "spinal"
  },
  {
    "docID": "N215 Verdu 2001",
    "et": "SpinalSubduralArea",
    "off": 12316,
    "sff": "spinal"
  },
  {
    "docID": "N215 Verdu 2001",
    "et": "SpinalSubduralArea",
    "off": 12473,
    "sff": "spinal"
  },
  {
    "docID": "N215 Verdu 2001",
    "et": "SpinalSubduralArea",
    "off": 2104,
    "sff": "spinal"
  },
  {
    "docID": "N215 Verdu 2001",
    "et": "SpinalSubduralArea",
    "off": 8373,
    "sff": "spinal"
  },
  {
    "docID": "N215 Verdu 2001",
    "et": "SpinalSubduralArea",
    "off": 12981,
    "sff": "spinal"
  },
  {
    "docID": "N215 Verdu 2001",
    "et": "SpinalSubduralArea",
    "off": 13877,
    "sff": "spinal"
  },
  {
    "docID": "N215 Verdu 2001",
    "et": "SpinalSubduralArea",
    "off": 6835,
    "sff": "spinal"
  },
  {
    "docID": "N215 Verdu 2001",
    "et": "SpinalSubduralArea",
    "off": 2228,
    "sff": "spinal"
  },
  {
    "docID": "N215 Verdu 2001",
    "et": "SpinalSubduralArea",
    "off": 7098,
    "sff": "Spinal"
  },
  {
    "docID": "N215 Verdu 2001",
    "et": "SpinalSubduralArea",
    "off": 20401,
    "sff": "spinal"
  },
  {
    "docID": "N215 Verdu 2001",
    "et": "SpinalSubduralArea",
    "off": 16560,
    "sff": "spinal"
  },
  {
    "docID": "N215 Verdu 2001",
    "et": "MouseSpecies",
    "off": 7433,
    "sff": "mouse"
  },
  {
    "docID": "N215 Verdu 2001",
    "et": "NOGOReceptorAntagonist",
    "off": 20972,
    "sff": "receptor"
  },
  {
    "docID": "N215 Verdu 2001",
    "et": "SpinalFiberTract",
    "off": 6835,
    "sff": "spinal"
  },
  {
    "docID": "N215 Verdu 2001",
    "et": "SpinalFiberTract",
    "off": 2228,
    "sff": "spinal"
  },
  {
    "docID": "N215 Verdu 2001",
    "et": "SpinalFiberTract",
    "off": 8373,
    "sff": "spinal"
  },
  {
    "docID": "N215 Verdu 2001",
    "et": "SpinalFiberTract",
    "off": 12981,
    "sff": "spinal"
  },
  {
    "docID": "N215 Verdu 2001",
    "et": "SpinalFiberTract",
    "off": 13877,
    "sff": "spinal"
  },
  {
    "docID": "N215 Verdu 2001",
    "et": "SpinalFiberTract",
    "off": 2104,
    "sff": "spinal"
  },
  {
    "docID": "N215 Verdu 2001",
    "et": "SpinalFiberTract",
    "off": 12473,
    "sff": "spinal"
  },
  {
    "docID": "N215 Verdu 2001",
    "et": "SpinalFiberTract",
    "off": 9461,
    "sff": "Spinal"
  },
  {
    "docID": "N215 Verdu 2001",
    "et": "SpinalFiberTract",
    "off": 16560,
    "sff": "spinal"
  },
  {
    "docID": "N215 Verdu 2001",
    "et": "SpinalFiberTract",
    "off": 20401,
    "sff": "spinal"
  },
  {
    "docID": "N215 Verdu 2001",
    "et": "SpinalFiberTract",
    "off": 5058,
    "sff": "spinal"
  },
  {
    "docID": "N215 Verdu 2001",
    "et": "SpinalFiberTract",
    "off": 18882,
    "sff": "spinal"
  },
  {
    "docID": "N215 Verdu 2001",
    "et": "SpinalFiberTract",
    "off": 1350,
    "sff": "spinal"
  },
  {
    "docID": "N215 Verdu 2001",
    "et": "SpinalFiberTract",
    "off": 327,
    "sff": "spinal"
  },
  {
    "docID": "N215 Verdu 2001",
    "et": "SpinalFiberTract",
    "off": 8775,
    "sff": "spinal"
  },
  {
    "docID": "N215 Verdu 2001",
    "et": "SpinalFiberTract",
    "off": 72,
    "sff": "spinal"
  },
  {
    "docID": "N215 Verdu 2001",
    "et": "SpinalFiberTract",
    "off": 19899,
    "sff": "spinal"
  },
  {
    "docID": "N215 Verdu 2001",
    "et": "SpinalFiberTract",
    "off": 16979,
    "sff": "spinal"
  },
  {
    "docID": "N215 Verdu 2001",
    "et": "SpinalFiberTract",
    "off": 12759,
    "sff": "spinal"
  },
  {
    "docID": "N215 Verdu 2001",
    "et": "SpinalFiberTract",
    "off": 19544,
    "sff": "spinal"
  },
  {
    "docID": "N215 Verdu 2001",
    "et": "SpinalFiberTract",
    "off": 2905,
    "sff": "spinal"
  },
  {
    "docID": "N215 Verdu 2001",
    "et": "SpinalFiberTract",
    "off": 14564,
    "sff": "spinal"
  },
  {
    "docID": "N215 Verdu 2001",
    "et": "SpinalFiberTract",
    "off": 16613,
    "sff": "spinal"
  },
  {
    "docID": "N215 Verdu 2001",
    "et": "SpinalFiberTract",
    "off": 476,
    "sff": "spinal"
  },
  {
    "docID": "N215 Verdu 2001",
    "et": "SpinalFiberTract",
    "off": 9438,
    "sff": "spinal"
  },
  {
    "docID": "N215 Verdu 2001",
    "et": "SpinalFiberTract",
    "off": 10335,
    "sff": "spinal"
  },
  {
    "docID": "N215 Verdu 2001",
    "et": "SpinalFiberTract",
    "off": 11231,
    "sff": "spinal"
  },
  {
    "docID": "N215 Verdu 2001",
    "et": "SpinalFiberTract",
    "off": 21621,
    "sff": "spinal"
  },
  {
    "docID": "N215 Verdu 2001",
    "et": "SpinalFiberTract",
    "off": 2680,
    "sff": "spinal"
  },
  {
    "docID": "N215 Verdu 2001",
    "et": "SpinalFiberTract",
    "off": 4601,
    "sff": "spinal"
  },
  {
    "docID": "N215 Verdu 2001",
    "et": "SpinalFiberTract",
    "off": 8561,
    "sff": "spinal"
  },
  {
    "docID": "N215 Verdu 2001",
    "et": "SpinalFiberTract",
    "off": 11524,
    "sff": "spinal"
  },
  {
    "docID": "N215 Verdu 2001",
    "et": "SpinalFiberTract",
    "off": 7098,
    "sff": "Spinal"
  },
  {
    "docID": "N215 Verdu 2001",
    "et": "SpinalFiberTract",
    "off": 16905,
    "sff": "spinal"
  },
  {
    "docID": "N215 Verdu 2001",
    "et": "SpinalFiberTract",
    "off": 4352,
    "sff": "spinal"
  },
  {
    "docID": "N215 Verdu 2001",
    "et": "SpinalFiberTract",
    "off": 15250,
    "sff": "spinal"
  },
  {
    "docID": "N215 Verdu 2001",
    "et": "SpinalFiberTract",
    "off": 18067,
    "sff": "spinal"
  },
  {
    "docID": "N215 Verdu 2001",
    "et": "SpinalFiberTract",
    "off": 7947,
    "sff": "spinal"
  },
  {
    "docID": "N215 Verdu 2001",
    "et": "SpinalFiberTract",
    "off": 12044,
    "sff": "spinal"
  },
  {
    "docID": "N215 Verdu 2001",
    "et": "SpinalFiberTract",
    "off": 17552,
    "sff": "spinal"
  },
  {
    "docID": "N215 Verdu 2001",
    "et": "SpinalFiberTract",
    "off": 3089,
    "sff": "spinal"
  },
  {
    "docID": "N215 Verdu 2001",
    "et": "SpinalFiberTract",
    "off": 4893,
    "sff": "Spinal"
  },
  {
    "docID": "N215 Verdu 2001",
    "et": "SpinalFiberTract",
    "off": 2342,
    "sff": "spinal"
  },
  {
    "docID": "N215 Verdu 2001",
    "et": "SpinalFiberTract",
    "off": 13734,
    "sff": "spinal"
  },
  {
    "docID": "N215 Verdu 2001",
    "et": "SpinalFiberTract",
    "off": 15527,
    "sff": "spinal"
  },
  {
    "docID": "N215 Verdu 2001",
    "et": "SpinalFiberTract",
    "off": 11688,
    "sff": "spinal"
  },
  {
    "docID": "N215 Verdu 2001",
    "et": "SpinalFiberTract",
    "off": 3612,
    "sff": "spinal"
  },
  {
    "docID": "N215 Verdu 2001",
    "et": "SpinalFiberTract",
    "off": 12316,
    "sff": "spinal"
  },
  {
    "docID": "N215 Verdu 2001",
    "et": "SpinalFiberTract",
    "off": 4765,
    "sff": "spinal"
  },
  {
    "docID": "N215 Verdu 2001",
    "et": "SpinalFiberTract",
    "off": 16285,
    "sff": "spinal"
  },
  {
    "docID": "N215 Verdu 2001",
    "et": "SpinalFiberTract",
    "off": 10014,
    "sff": "spinal"
  },
  {
    "docID": "N215 Verdu 2001",
    "et": "SpinalFiberTract",
    "off": 17182,
    "sff": "spinal"
  },
  {
    "docID": "N215 Verdu 2001",
    "et": "SpinalFiberTract",
    "off": 13600,
    "sff": "spinal"
  },
  {
    "docID": "N215 Verdu 2001",
    "et": "SpinalFiberTract",
    "off": 8225,
    "sff": "spinal"
  },
  {
    "docID": "N215 Verdu 2001",
    "et": "SpinalFiberTract",
    "off": 15649,
    "sff": "spinal"
  },
  {
    "docID": "N215 Verdu 2001",
    "et": "TyrosineHydroxylase",
    "off": 21279,
    "sff": "tyrosine"
  },
  {
    "docID": "N215 Verdu 2001",
    "et": "SpinalVentralHalf",
    "off": 14564,
    "sff": "spinal"
  },
  {
    "docID": "N215 Verdu 2001",
    "et": "SpinalVentralHalf",
    "off": 4893,
    "sff": "Spinal"
  },
  {
    "docID": "N215 Verdu 2001",
    "et": "SpinalVentralHalf",
    "off": 16613,
    "sff": "spinal"
  },
  {
    "docID": "N215 Verdu 2001",
    "et": "SpinalVentralHalf",
    "off": 8561,
    "sff": "spinal"
  },
  {
    "docID": "N215 Verdu 2001",
    "et": "SpinalVentralHalf",
    "off": 21621,
    "sff": "spinal"
  },
  {
    "docID": "N215 Verdu 2001",
    "et": "SpinalVentralHalf",
    "off": 2680,
    "sff": "spinal"
  },
  {
    "docID": "N215 Verdu 2001",
    "et": "SpinalVentralHalf",
    "off": 4601,
    "sff": "spinal"
  },
  {
    "docID": "N215 Verdu 2001",
    "et": "SpinalVentralHalf",
    "off": 13117,
    "sff": "ventral"
  },
  {
    "docID": "N215 Verdu 2001",
    "et": "SpinalVentralHalf",
    "off": 12732,
    "sff": "ventral"
  },
  {
    "docID": "N215 Verdu 2001",
    "et": "SpinalVentralHalf",
    "off": 4352,
    "sff": "spinal"
  },
  {
    "docID": "N215 Verdu 2001",
    "et": "SpinalVentralHalf",
    "off": 11524,
    "sff": "spinal"
  },
  {
    "docID": "N215 Verdu 2001",
    "et": "SpinalVentralHalf",
    "off": 13459,
    "sff": "ventral"
  },
  {
    "docID": "N215 Verdu 2001",
    "et": "SpinalVentralHalf",
    "off": 16905,
    "sff": "spinal"
  },
  {
    "docID": "N215 Verdu 2001",
    "et": "SpinalVentralHalf",
    "off": 12044,
    "sff": "spinal"
  },
  {
    "docID": "N215 Verdu 2001",
    "et": "SpinalVentralHalf",
    "off": 7947,
    "sff": "spinal"
  },
  {
    "docID": "N215 Verdu 2001",
    "et": "SpinalVentralHalf",
    "off": 7098,
    "sff": "Spinal"
  },
  {
    "docID": "N215 Verdu 2001",
    "et": "SpinalVentralHalf",
    "off": 17552,
    "sff": "spinal"
  },
  {
    "docID": "N215 Verdu 2001",
    "et": "SpinalVentralHalf",
    "off": 15250,
    "sff": "spinal"
  },
  {
    "docID": "N215 Verdu 2001",
    "et": "SpinalVentralHalf",
    "off": 3089,
    "sff": "spinal"
  },
  {
    "docID": "N215 Verdu 2001",
    "et": "SpinalVentralHalf",
    "off": 18067,
    "sff": "spinal"
  },
  {
    "docID": "N215 Verdu 2001",
    "et": "SpinalVentralHalf",
    "off": 3612,
    "sff": "spinal"
  },
  {
    "docID": "N215 Verdu 2001",
    "et": "SpinalVentralHalf",
    "off": 12316,
    "sff": "spinal"
  },
  {
    "docID": "N215 Verdu 2001",
    "et": "SpinalVentralHalf",
    "off": 10014,
    "sff": "spinal"
  },
  {
    "docID": "N215 Verdu 2001",
    "et": "SpinalVentralHalf",
    "off": 17182,
    "sff": "spinal"
  },
  {
    "docID": "N215 Verdu 2001",
    "et": "SpinalVentralHalf",
    "off": 4765,
    "sff": "spinal"
  },
  {
    "docID": "N215 Verdu 2001",
    "et": "SpinalVentralHalf",
    "off": 16285,
    "sff": "spinal"
  },
  {
    "docID": "N215 Verdu 2001",
    "et": "SpinalVentralHalf",
    "off": 13600,
    "sff": "spinal"
  },
  {
    "docID": "N215 Verdu 2001",
    "et": "SpinalVentralHalf",
    "off": 8225,
    "sff": "spinal"
  },
  {
    "docID": "N215 Verdu 2001",
    "et": "SpinalVentralHalf",
    "off": 15649,
    "sff": "spinal"
  },
  {
    "docID": "N215 Verdu 2001",
    "et": "SpinalVentralHalf",
    "off": 2342,
    "sff": "spinal"
  },
  {
    "docID": "N215 Verdu 2001",
    "et": "SpinalVentralHalf",
    "off": 13734,
    "sff": "spinal"
  },
  {
    "docID": "N215 Verdu 2001",
    "et": "SpinalVentralHalf",
    "off": 11688,
    "sff": "spinal"
  },
  {
    "docID": "N215 Verdu 2001",
    "et": "SpinalVentralHalf",
    "off": 15527,
    "sff": "spinal"
  },
  {
    "docID": "N215 Verdu 2001",
    "et": "SpinalVentralHalf",
    "off": 16560,
    "sff": "spinal"
  },
  {
    "docID": "N215 Verdu 2001",
    "et": "SpinalVentralHalf",
    "off": 20401,
    "sff": "spinal"
  },
  {
    "docID": "N215 Verdu 2001",
    "et": "SpinalVentralHalf",
    "off": 2228,
    "sff": "spinal"
  },
  {
    "docID": "N215 Verdu 2001",
    "et": "SpinalVentralHalf",
    "off": 6835,
    "sff": "spinal"
  },
  {
    "docID": "N215 Verdu 2001",
    "et": "SpinalVentralHalf",
    "off": 8373,
    "sff": "spinal"
  },
  {
    "docID": "N215 Verdu 2001",
    "et": "SpinalVentralHalf",
    "off": 12981,
    "sff": "spinal"
  },
  {
    "docID": "N215 Verdu 2001",
    "et": "SpinalVentralHalf",
    "off": 13877,
    "sff": "spinal"
  },
  {
    "docID": "N215 Verdu 2001",
    "et": "SpinalVentralHalf",
    "off": 2104,
    "sff": "spinal"
  },
  {
    "docID": "N215 Verdu 2001",
    "et": "SpinalVentralHalf",
    "off": 12473,
    "sff": "spinal"
  },
  {
    "docID": "N215 Verdu 2001",
    "et": "SpinalVentralHalf",
    "off": 19899,
    "sff": "spinal"
  },
  {
    "docID": "N215 Verdu 2001",
    "et": "SpinalVentralHalf",
    "off": 5058,
    "sff": "spinal"
  },
  {
    "docID": "N215 Verdu 2001",
    "et": "SpinalVentralHalf",
    "off": 18882,
    "sff": "spinal"
  },
  {
    "docID": "N215 Verdu 2001",
    "et": "SpinalVentralHalf",
    "off": 1350,
    "sff": "spinal"
  },
  {
    "docID": "N215 Verdu 2001",
    "et": "SpinalVentralHalf",
    "off": 72,
    "sff": "spinal"
  },
  {
    "docID": "N215 Verdu 2001",
    "et": "SpinalVentralHalf",
    "off": 327,
    "sff": "spinal"
  },
  {
    "docID": "N215 Verdu 2001",
    "et": "SpinalVentralHalf",
    "off": 8775,
    "sff": "spinal"
  },
  {
    "docID": "N215 Verdu 2001",
    "et": "SpinalVentralHalf",
    "off": 9461,
    "sff": "Spinal"
  },
  {
    "docID": "N215 Verdu 2001",
    "et": "SpinalVentralHalf",
    "off": 16979,
    "sff": "spinal"
  },
  {
    "docID": "N215 Verdu 2001",
    "et": "SpinalVentralHalf",
    "off": 19544,
    "sff": "spinal"
  },
  {
    "docID": "N215 Verdu 2001",
    "et": "SpinalVentralHalf",
    "off": 12759,
    "sff": "spinal"
  },
  {
    "docID": "N215 Verdu 2001",
    "et": "SpinalVentralHalf",
    "off": 2905,
    "sff": "spinal"
  },
  {
    "docID": "N215 Verdu 2001",
    "et": "SpinalVentralHalf",
    "off": 476,
    "sff": "spinal"
  },
  {
    "docID": "N215 Verdu 2001",
    "et": "SpinalVentralHalf",
    "off": 9438,
    "sff": "spinal"
  },
  {
    "docID": "N215 Verdu 2001",
    "et": "SpinalVentralHalf",
    "off": 10335,
    "sff": "spinal"
  },
  {
    "docID": "N215 Verdu 2001",
    "et": "SpinalVentralHalf",
    "off": 11231,
    "sff": "spinal"
  },
  {
    "docID": "N215 Verdu 2001",
    "et": "RabbitSpecies",
    "off": 7330,
    "sff": "rabbit"
  },
  {
    "docID": "N215 Verdu 2001",
    "et": "Rostral",
    "off": 17669,
    "sff": "rostral"
  },
  {
    "docID": "N215 Verdu 2001",
    "et": "Rostral",
    "off": 9616,
    "sff": "rostral"
  },
  {
    "docID": "N215 Verdu 2001",
    "et": "Rostral",
    "off": 13197,
    "sff": "rostral"
  },
  {
    "docID": "N215 Verdu 2001",
    "et": "Rostral",
    "off": 13581,
    "sff": "rostral"
  },
  {
    "docID": "N215 Verdu 2001",
    "et": "DorsalColumn",
    "off": 4402,
    "sff": "dorsal"
  },
  {
    "docID": "N215 Verdu 2001",
    "et": "DorsalColumn",
    "off": 10210,
    "sff": "dorsal"
  },
  {
    "docID": "N215 Verdu 2001",
    "et": "DorsalColumn",
    "off": 11778,
    "sff": "dorsal"
  },
  {
    "docID": "N215 Verdu 2001",
    "et": "DorsalColumn",
    "off": 13106,
    "sff": "dorsal"
  },
  {
    "docID": "N215 Verdu 2001",
    "et": "DorsalColumn",
    "off": 11809,
    "sff": "dorsal"
  },
  {
    "docID": "N215 Verdu 2001",
    "et": "DorsalColumn",
    "off": 12721,
    "sff": "dorsal"
  },
  {
    "docID": "N215 Verdu 2001",
    "et": "DorsalColumn",
    "off": 11344,
    "sff": "dorsal"
  },
  {
    "docID": "N215 Verdu 2001",
    "et": "DorsalColumn",
    "off": 11600,
    "sff": "dorsal"
  },
  {
    "docID": "N215 Verdu 2001",
    "et": "DorsalColumn",
    "off": 11962,
    "sff": "dorsal"
  },
  {
    "docID": "N215 Verdu 2001",
    "et": "DorsalColumn",
    "off": 13353,
    "sff": "dorsal"
  },
  {
    "docID": "N215 Verdu 2001",
    "et": "DorsalColumn",
    "off": 16297,
    "sff": "dorsal"
  },
  {
    "docID": "N215 Verdu 2001",
    "et": "DorsalColumn",
    "off": 13448,
    "sff": "dorsal"
  },
  {
    "docID": "N215 Verdu 2001",
    "et": "SpragueDawleyRat",
    "off": 4130,
    "sff": "Sprague±Dawley"
  },
  {
    "docID": "N215 Verdu 2001",
    "et": "Tissue",
    "off": 14679,
    "sff": "tissue"
  },
  {
    "docID": "N215 Verdu 2001",
    "et": "Tissue",
    "off": 19015,
    "sff": "tissue"
  },
  {
    "docID": "N215 Verdu 2001",
    "et": "Tissue",
    "off": 2601,
    "sff": "tissue"
  },
  {
    "docID": "N215 Verdu 2001",
    "et": "Tissue",
    "off": 18079,
    "sff": "tissue"
  },
  {
    "docID": "N215 Verdu 2001",
    "et": "Tissue",
    "off": 18673,
    "sff": "tissue"
  },
  {
    "docID": "N215 Verdu 2001",
    "et": "Tissue",
    "off": 14640,
    "sff": "tissue"
  },
  {
    "docID": "N215 Verdu 2001",
    "et": "InjectionDelivery",
    "off": 4992,
    "sff": "injection"
  },
  {
    "docID": "N215 Verdu 2001",
    "et": "InjectionDelivery",
    "off": 15512,
    "sff": "injection"
  },
  {
    "docID": "N215 Verdu 2001",
    "et": "SpinalLesionSite",
    "off": 4352,
    "sff": "spinal"
  },
  {
    "docID": "N215 Verdu 2001",
    "et": "SpinalLesionSite",
    "off": 7098,
    "sff": "Spinal"
  },
  {
    "docID": "N215 Verdu 2001",
    "et": "SpinalLesionSite",
    "off": 11524,
    "sff": "spinal"
  },
  {
    "docID": "N215 Verdu 2001",
    "et": "SpinalLesionSite",
    "off": 2680,
    "sff": "spinal"
  },
  {
    "docID": "N215 Verdu 2001",
    "et": "SpinalLesionSite",
    "off": 4601,
    "sff": "spinal"
  },
  {
    "docID": "N215 Verdu 2001",
    "et": "SpinalLesionSite",
    "off": 13138,
    "sff": "lesion site"
  },
  {
    "docID": "N215 Verdu 2001",
    "et": "SpinalLesionSite",
    "off": 17552,
    "sff": "spinal"
  },
  {
    "docID": "N215 Verdu 2001",
    "et": "SpinalLesionSite",
    "off": 13138,
    "sff": "lesion"
  },
  {
    "docID": "N215 Verdu 2001",
    "et": "SpinalLesionSite",
    "off": 15314,
    "sff": "lesion"
  },
  {
    "docID": "N215 Verdu 2001",
    "et": "SpinalLesionSite",
    "off": 15250,
    "sff": "spinal"
  },
  {
    "docID": "N215 Verdu 2001",
    "et": "SpinalLesionSite",
    "off": 742,
    "sff": "lesion site"
  },
  {
    "docID": "N215 Verdu 2001",
    "et": "SpinalLesionSite",
    "off": 3089,
    "sff": "spinal"
  },
  {
    "docID": "N215 Verdu 2001",
    "et": "SpinalLesionSite",
    "off": 18067,
    "sff": "spinal"
  },
  {
    "docID": "N215 Verdu 2001",
    "et": "SpinalLesionSite",
    "off": 18894,
    "sff": "lesion"
  },
  {
    "docID": "N215 Verdu 2001",
    "et": "SpinalLesionSite",
    "off": 14925,
    "sff": "lesion"
  },
  {
    "docID": "N215 Verdu 2001",
    "et": "SpinalLesionSite",
    "off": 16905,
    "sff": "spinal"
  },
  {
    "docID": "N215 Verdu 2001",
    "et": "SpinalLesionSite",
    "off": 12044,
    "sff": "spinal"
  },
  {
    "docID": "N215 Verdu 2001",
    "et": "SpinalLesionSite",
    "off": 7947,
    "sff": "spinal"
  },
  {
    "docID": "N215 Verdu 2001",
    "et": "SpinalLesionSite",
    "off": 10335,
    "sff": "spinal"
  },
  {
    "docID": "N215 Verdu 2001",
    "et": "SpinalLesionSite",
    "off": 11231,
    "sff": "spinal"
  },
  {
    "docID": "N215 Verdu 2001",
    "et": "SpinalLesionSite",
    "off": 14564,
    "sff": "spinal"
  },
  {
    "docID": "N215 Verdu 2001",
    "et": "SpinalLesionSite",
    "off": 416,
    "sff": "lesion"
  },
  {
    "docID": "N215 Verdu 2001",
    "et": "SpinalLesionSite",
    "off": 16613,
    "sff": "spinal"
  },
  {
    "docID": "N215 Verdu 2001",
    "et": "SpinalLesionSite",
    "off": 19544,
    "sff": "spinal"
  },
  {
    "docID": "N215 Verdu 2001",
    "et": "SpinalLesionSite",
    "off": 12759,
    "sff": "spinal"
  },
  {
    "docID": "N215 Verdu 2001",
    "et": "SpinalLesionSite",
    "off": 2905,
    "sff": "spinal"
  },
  {
    "docID": "N215 Verdu 2001",
    "et": "SpinalLesionSite",
    "off": 476,
    "sff": "spinal"
  },
  {
    "docID": "N215 Verdu 2001",
    "et": "SpinalLesionSite",
    "off": 9438,
    "sff": "spinal"
  },
  {
    "docID": "N215 Verdu 2001",
    "et": "SpinalLesionSite",
    "off": 17845,
    "sff": "lesion"
  },
  {
    "docID": "N215 Verdu 2001",
    "et": "SpinalLesionSite",
    "off": 8561,
    "sff": "spinal"
  },
  {
    "docID": "N215 Verdu 2001",
    "et": "SpinalLesionSite",
    "off": 14512,
    "sff": "lesion"
  },
  {
    "docID": "N215 Verdu 2001",
    "et": "SpinalLesionSite",
    "off": 21621,
    "sff": "spinal"
  },
  {
    "docID": "N215 Verdu 2001",
    "et": "SpinalLesionSite",
    "off": 9461,
    "sff": "Spinal"
  },
  {
    "docID": "N215 Verdu 2001",
    "et": "SpinalLesionSite",
    "off": 15148,
    "sff": "lesion"
  },
  {
    "docID": "N215 Verdu 2001",
    "et": "SpinalLesionSite",
    "off": 20008,
    "sff": "lesion"
  },
  {
    "docID": "N215 Verdu 2001",
    "et": "SpinalLesionSite",
    "off": 5058,
    "sff": "spinal"
  },
  {
    "docID": "N215 Verdu 2001",
    "et": "SpinalLesionSite",
    "off": 18882,
    "sff": "spinal"
  },
  {
    "docID": "N215 Verdu 2001",
    "et": "SpinalLesionSite",
    "off": 1350,
    "sff": "spinal"
  },
  {
    "docID": "N215 Verdu 2001",
    "et": "SpinalLesionSite",
    "off": 2104,
    "sff": "spinal"
  },
  {
    "docID": "N215 Verdu 2001",
    "et": "SpinalLesionSite",
    "off": 12473,
    "sff": "spinal"
  },
  {
    "docID": "N215 Verdu 2001",
    "et": "SpinalLesionSite",
    "off": 19899,
    "sff": "spinal"
  },
  {
    "docID": "N215 Verdu 2001",
    "et": "SpinalLesionSite",
    "off": 17426,
    "sff": "lesion"
  },
  {
    "docID": "N215 Verdu 2001",
    "et": "SpinalLesionSite",
    "off": 16979,
    "sff": "spinal"
  },
  {
    "docID": "N215 Verdu 2001",
    "et": "SpinalLesionSite",
    "off": 72,
    "sff": "spinal"
  },
  {
    "docID": "N215 Verdu 2001",
    "et": "SpinalLesionSite",
    "off": 8203,
    "sff": "lesion"
  },
  {
    "docID": "N215 Verdu 2001",
    "et": "SpinalLesionSite",
    "off": 327,
    "sff": "spinal"
  },
  {
    "docID": "N215 Verdu 2001",
    "et": "SpinalLesionSite",
    "off": 8775,
    "sff": "spinal"
  },
  {
    "docID": "N215 Verdu 2001",
    "et": "SpinalLesionSite",
    "off": 13600,
    "sff": "spinal"
  },
  {
    "docID": "N215 Verdu 2001",
    "et": "SpinalLesionSite",
    "off": 17845,
    "sff": "lesion site"
  },
  {
    "docID": "N215 Verdu 2001",
    "et": "SpinalLesionSite",
    "off": 8225,
    "sff": "spinal"
  },
  {
    "docID": "N215 Verdu 2001",
    "et": "SpinalLesionSite",
    "off": 15649,
    "sff": "spinal"
  },
  {
    "docID": "N215 Verdu 2001",
    "et": "SpinalLesionSite",
    "off": 4893,
    "sff": "Spinal"
  },
  {
    "docID": "N215 Verdu 2001",
    "et": "SpinalLesionSite",
    "off": 2342,
    "sff": "spinal"
  },
  {
    "docID": "N215 Verdu 2001",
    "et": "SpinalLesionSite",
    "off": 8289,
    "sff": "lesion"
  },
  {
    "docID": "N215 Verdu 2001",
    "et": "SpinalLesionSite",
    "off": 13734,
    "sff": "spinal"
  },
  {
    "docID": "N215 Verdu 2001",
    "et": "SpinalLesionSite",
    "off": 3612,
    "sff": "spinal"
  },
  {
    "docID": "N215 Verdu 2001",
    "et": "SpinalLesionSite",
    "off": 12316,
    "sff": "spinal"
  },
  {
    "docID": "N215 Verdu 2001",
    "et": "SpinalLesionSite",
    "off": 17367,
    "sff": "lesion"
  },
  {
    "docID": "N215 Verdu 2001",
    "et": "SpinalLesionSite",
    "off": 14512,
    "sff": "lesion site"
  },
  {
    "docID": "N215 Verdu 2001",
    "et": "SpinalLesionSite",
    "off": 10014,
    "sff": "spinal"
  },
  {
    "docID": "N215 Verdu 2001",
    "et": "SpinalLesionSite",
    "off": 17182,
    "sff": "spinal"
  },
  {
    "docID": "N215 Verdu 2001",
    "et": "SpinalLesionSite",
    "off": 17881,
    "sff": "lesion"
  },
  {
    "docID": "N215 Verdu 2001",
    "et": "SpinalLesionSite",
    "off": 4765,
    "sff": "spinal"
  },
  {
    "docID": "N215 Verdu 2001",
    "et": "SpinalLesionSite",
    "off": 16285,
    "sff": "spinal"
  },
  {
    "docID": "N215 Verdu 2001",
    "et": "SpinalLesionSite",
    "off": 16560,
    "sff": "spinal"
  },
  {
    "docID": "N215 Verdu 2001",
    "et": "SpinalLesionSite",
    "off": 20401,
    "sff": "spinal"
  },
  {
    "docID": "N215 Verdu 2001",
    "et": "SpinalLesionSite",
    "off": 2228,
    "sff": "spinal"
  },
  {
    "docID": "N215 Verdu 2001",
    "et": "SpinalLesionSite",
    "off": 6835,
    "sff": "spinal"
  },
  {
    "docID": "N215 Verdu 2001",
    "et": "SpinalLesionSite",
    "off": 8373,
    "sff": "spinal"
  },
  {
    "docID": "N215 Verdu 2001",
    "et": "SpinalLesionSite",
    "off": 12981,
    "sff": "spinal"
  },
  {
    "docID": "N215 Verdu 2001",
    "et": "SpinalLesionSite",
    "off": 13877,
    "sff": "spinal"
  },
  {
    "docID": "N215 Verdu 2001",
    "et": "SpinalLesionSite",
    "off": 10347,
    "sff": "lesion"
  },
  {
    "docID": "N215 Verdu 2001",
    "et": "SpinalLesionSite",
    "off": 11688,
    "sff": "spinal"
  },
  {
    "docID": "N215 Verdu 2001",
    "et": "SpinalLesionSite",
    "off": 15527,
    "sff": "spinal"
  },
  {
    "docID": "N215 Verdu 2001",
    "et": "SpinalLesionSite",
    "off": 742,
    "sff": "lesion"
  },
  {
    "docID": "N215 Verdu 2001",
    "et": "T8",
    "off": 15543,
    "sff": "T8"
  },
  {
    "docID": "N215 Verdu 2001",
    "et": "T9",
    "off": 10061,
    "sff": "T9"
  },
  {
    "docID": "N215 Verdu 2001",
    "et": "T9",
    "off": 11562,
    "sff": "T9"
  },
  {
    "docID": "N215 Verdu 2001",
    "et": "T9",
    "off": 12187,
    "sff": "T9"
  },
  {
    "docID": "N215 Verdu 2001",
    "et": "T9",
    "off": 21691,
    "sff": "T9"
  },
  {
    "docID": "N215 Verdu 2001",
    "et": "T9",
    "off": 9633,
    "sff": "T9"
  },
  {
    "docID": "N215 Verdu 2001",
    "et": "T9",
    "off": 6942,
    "sff": "T9"
  },
  {
    "docID": "N215 Verdu 2001",
    "et": "T9",
    "off": 12431,
    "sff": "T9"
  },
  {
    "docID": "N215 Verdu 2001",
    "et": "T9",
    "off": 952,
    "sff": "T9"
  },
  {
    "docID": "N215 Verdu 2001",
    "et": "T9",
    "off": 11913,
    "sff": "T9"
  },
  {
    "docID": "N215 Verdu 2001",
    "et": "T9",
    "off": 13206,
    "sff": "T9"
  },
  {
    "docID": "N215 Verdu 2001",
    "et": "T9",
    "off": 775,
    "sff": "T9"
  },
  {
    "docID": "N215 Verdu 2001",
    "et": "AnimalSpecies",
    "off": 8764,
    "sff": "animal"
  },
  {
    "docID": "N215 Verdu 2001",
    "et": "AnimalSpecies",
    "off": 5872,
    "sff": "animal"
  },
  {
    "docID": "N215 Verdu 2001",
    "et": "AnimalSpecies",
    "off": 4243,
    "sff": "animal"
  },
  {
    "docID": "N215 Verdu 2001",
    "et": "Saline",
    "off": 4669,
    "sff": "saline"
  },
  {
    "docID": "N215 Verdu 2001",
    "et": "Saline",
    "off": 4550,
    "sff": "saline"
  },
  {
    "docID": "N215 Verdu 2001",
    "et": "Saline",
    "off": 6802,
    "sff": "saline"
  },
  {
    "docID": "N215 Verdu 2001",
    "et": "VeinLocation",
    "off": 15418,
    "sff": "vein"
  },
  {
    "docID": "N215 Verdu 2001",
    "et": "FemoralVeinLocation",
    "off": 15418,
    "sff": "vein"
  },
  {
    "docID": "N215 Verdu 2001",
    "et": "PBS",
    "off": 7052,
    "sff": "PBS"
  },
  {
    "docID": "N215 Verdu 2001",
    "et": "PBS",
    "off": 6810,
    "sff": "PBS"
  },
  {
    "docID": "N215 Verdu 2001",
    "et": "PBS",
    "off": 7215,
    "sff": "PBS"
  },
  {
    "docID": "N215 Verdu 2001",
    "et": "SpinalCord",
    "off": 12759,
    "sff": "spinal cord"
  },
  {
    "docID": "N215 Verdu 2001",
    "et": "SpinalCord",
    "off": 2905,
    "sff": "spinal cord"
  },
  {
    "docID": "N215 Verdu 2001",
    "et": "SpinalCord",
    "off": 19544,
    "sff": "spinal cord"
  },
  {
    "docID": "N215 Verdu 2001",
    "et": "SpinalCord",
    "off": 13877,
    "sff": "spinal"
  },
  {
    "docID": "N215 Verdu 2001",
    "et": "SpinalCord",
    "off": 6835,
    "sff": "spinal"
  },
  {
    "docID": "N215 Verdu 2001",
    "et": "SpinalCord",
    "off": 16979,
    "sff": "spinal cord"
  },
  {
    "docID": "N215 Verdu 2001",
    "et": "SpinalCord",
    "off": 327,
    "sff": "spinal cord"
  },
  {
    "docID": "N215 Verdu 2001",
    "et": "SpinalCord",
    "off": 1350,
    "sff": "spinal cord"
  },
  {
    "docID": "N215 Verdu 2001",
    "et": "SpinalCord",
    "off": 72,
    "sff": "spinal cord"
  },
  {
    "docID": "N215 Verdu 2001",
    "et": "SpinalCord",
    "off": 5058,
    "sff": "spinal cord"
  },
  {
    "docID": "N215 Verdu 2001",
    "et": "SpinalCord",
    "off": 18882,
    "sff": "spinal cord"
  },
  {
    "docID": "N215 Verdu 2001",
    "et": "SpinalCord",
    "off": 21621,
    "sff": "spinal cord"
  },
  {
    "docID": "N215 Verdu 2001",
    "et": "SpinalCord",
    "off": 9461,
    "sff": "Spinal cord"
  },
  {
    "docID": "N215 Verdu 2001",
    "et": "SpinalCord",
    "off": 4601,
    "sff": "spinal cord"
  },
  {
    "docID": "N215 Verdu 2001",
    "et": "SpinalCord",
    "off": 2680,
    "sff": "spinal cord"
  },
  {
    "docID": "N215 Verdu 2001",
    "et": "SpinalCord",
    "off": 8561,
    "sff": "spinal cord"
  },
  {
    "docID": "N215 Verdu 2001",
    "et": "SpinalCord",
    "off": 16613,
    "sff": "spinal cord"
  },
  {
    "docID": "N215 Verdu 2001",
    "et": "SpinalCord",
    "off": 14564,
    "sff": "spinal cord"
  },
  {
    "docID": "N215 Verdu 2001",
    "et": "SpinalCord",
    "off": 10335,
    "sff": "spinal cord"
  },
  {
    "docID": "N215 Verdu 2001",
    "et": "SpinalCord",
    "off": 11231,
    "sff": "spinal cord"
  },
  {
    "docID": "N215 Verdu 2001",
    "et": "SpinalCord",
    "off": 476,
    "sff": "spinal cord"
  },
  {
    "docID": "N215 Verdu 2001",
    "et": "SpinalCord",
    "off": 11524,
    "sff": "spinal"
  },
  {
    "docID": "N215 Verdu 2001",
    "et": "SpinalCord",
    "off": 12044,
    "sff": "spinal cord"
  },
  {
    "docID": "N215 Verdu 2001",
    "et": "SpinalCord",
    "off": 18067,
    "sff": "spinal cord"
  },
  {
    "docID": "N215 Verdu 2001",
    "et": "SpinalCord",
    "off": 15250,
    "sff": "spinal cord"
  },
  {
    "docID": "N215 Verdu 2001",
    "et": "SpinalCord",
    "off": 3089,
    "sff": "spinal cord"
  },
  {
    "docID": "N215 Verdu 2001",
    "et": "SpinalCord",
    "off": 17552,
    "sff": "spinal cord"
  },
  {
    "docID": "N215 Verdu 2001",
    "et": "SpinalCord",
    "off": 7947,
    "sff": "spinal cord"
  },
  {
    "docID": "N215 Verdu 2001",
    "et": "SpinalCord",
    "off": 16905,
    "sff": "spinal cord"
  },
  {
    "docID": "N215 Verdu 2001",
    "et": "SpinalCord",
    "off": 4352,
    "sff": "spinal cord"
  },
  {
    "docID": "N215 Verdu 2001",
    "et": "SpinalCord",
    "off": 9438,
    "sff": "spinal"
  },
  {
    "docID": "N215 Verdu 2001",
    "et": "SpinalCord",
    "off": 8373,
    "sff": "spinal cord"
  },
  {
    "docID": "N215 Verdu 2001",
    "et": "SpinalCord",
    "off": 12981,
    "sff": "spinal cord"
  },
  {
    "docID": "N215 Verdu 2001",
    "et": "SpinalCord",
    "off": 2228,
    "sff": "spinal cord"
  },
  {
    "docID": "N215 Verdu 2001",
    "et": "SpinalCord",
    "off": 7098,
    "sff": "Spinal cord"
  },
  {
    "docID": "N215 Verdu 2001",
    "et": "SpinalCord",
    "off": 19899,
    "sff": "spinal cord"
  },
  {
    "docID": "N215 Verdu 2001",
    "et": "SpinalCord",
    "off": 12473,
    "sff": "spinal cord"
  },
  {
    "docID": "N215 Verdu 2001",
    "et": "SpinalCord",
    "off": 2104,
    "sff": "spinal cord"
  },
  {
    "docID": "N215 Verdu 2001",
    "et": "SpinalCord",
    "off": 20401,
    "sff": "spinal cord"
  },
  {
    "docID": "N215 Verdu 2001",
    "et": "SpinalCord",
    "off": 16560,
    "sff": "spinal cord"
  },
  {
    "docID": "N215 Verdu 2001",
    "et": "SpinalCord",
    "off": 15527,
    "sff": "spinal cord"
  },
  {
    "docID": "N215 Verdu 2001",
    "et": "SpinalCord",
    "off": 2342,
    "sff": "spinal cord"
  },
  {
    "docID": "N215 Verdu 2001",
    "et": "SpinalCord",
    "off": 13734,
    "sff": "spinal cord"
  },
  {
    "docID": "N215 Verdu 2001",
    "et": "SpinalCord",
    "off": 11688,
    "sff": "spinal cord"
  },
  {
    "docID": "N215 Verdu 2001",
    "et": "SpinalCord",
    "off": 8775,
    "sff": "spinal"
  },
  {
    "docID": "N215 Verdu 2001",
    "et": "SpinalCord",
    "off": 10014,
    "sff": "spinal cord"
  },
  {
    "docID": "N215 Verdu 2001",
    "et": "SpinalCord",
    "off": 17182,
    "sff": "spinal cord"
  },
  {
    "docID": "N215 Verdu 2001",
    "et": "SpinalCord",
    "off": 4765,
    "sff": "spinal cord"
  },
  {
    "docID": "N215 Verdu 2001",
    "et": "SpinalCord",
    "off": 16285,
    "sff": "spinal cord"
  },
  {
    "docID": "N215 Verdu 2001",
    "et": "SpinalCord",
    "off": 3612,
    "sff": "spinal cord"
  },
  {
    "docID": "N215 Verdu 2001",
    "et": "SpinalCord",
    "off": 4893,
    "sff": "Spinal cord"
  },
  {
    "docID": "N215 Verdu 2001",
    "et": "SpinalCord",
    "off": 12316,
    "sff": "spinal cord"
  },
  {
    "docID": "N215 Verdu 2001",
    "et": "SpinalCord",
    "off": 8225,
    "sff": "spinal cord"
  },
  {
    "docID": "N215 Verdu 2001",
    "et": "SpinalCord",
    "off": 15649,
    "sff": "spinal cord"
  },
  {
    "docID": "N215 Verdu 2001",
    "et": "SpinalCord",
    "off": 13600,
    "sff": "spinal cord"
  },
  {
    "docID": "N215 Verdu 2001",
    "et": "Proliferation",
    "off": 1712,
    "sff": "proliferation"
  },
  {
    "docID": "N215 Verdu 2001",
    "et": "LesionAdjacentTissue",
    "off": 17367,
    "sff": "lesion"
  },
  {
    "docID": "N215 Verdu 2001",
    "et": "LesionAdjacentTissue",
    "off": 17845,
    "sff": "lesion"
  },
  {
    "docID": "N215 Verdu 2001",
    "et": "LesionAdjacentTissue",
    "off": 13138,
    "sff": "lesion"
  },
  {
    "docID": "N215 Verdu 2001",
    "et": "LesionAdjacentTissue",
    "off": 15314,
    "sff": "lesion"
  },
  {
    "docID": "N215 Verdu 2001",
    "et": "LesionAdjacentTissue",
    "off": 17426,
    "sff": "lesion"
  },
  {
    "docID": "N215 Verdu 2001",
    "et": "LesionAdjacentTissue",
    "off": 14512,
    "sff": "lesion"
  },
  {
    "docID": "N215 Verdu 2001",
    "et": "LesionAdjacentTissue",
    "off": 18894,
    "sff": "lesion"
  },
  {
    "docID": "N215 Verdu 2001",
    "et": "LesionAdjacentTissue",
    "off": 14925,
    "sff": "lesion"
  },
  {
    "docID": "N215 Verdu 2001",
    "et": "LesionAdjacentTissue",
    "off": 15148,
    "sff": "lesion"
  },
  {
    "docID": "N215 Verdu 2001",
    "et": "LesionAdjacentTissue",
    "off": 8203,
    "sff": "lesion"
  },
  {
    "docID": "N215 Verdu 2001",
    "et": "LesionAdjacentTissue",
    "off": 10347,
    "sff": "lesion"
  },
  {
    "docID": "N215 Verdu 2001",
    "et": "LesionAdjacentTissue",
    "off": 20008,
    "sff": "lesion"
  },
  {
    "docID": "N215 Verdu 2001",
    "et": "LesionAdjacentTissue",
    "off": 742,
    "sff": "lesion"
  },
  {
    "docID": "N215 Verdu 2001",
    "et": "LesionAdjacentTissue",
    "off": 8289,
    "sff": "lesion"
  },
  {
    "docID": "N215 Verdu 2001",
    "et": "LesionAdjacentTissue",
    "off": 416,
    "sff": "lesion"
  },
  {
    "docID": "N215 Verdu 2001",
    "et": "LesionAdjacentTissue",
    "off": 17881,
    "sff": "lesion"
  },
  {
    "docID": "N215 Verdu 2001",
    "et": "CentralNervousSystem",
    "off": 10259,
    "sff": "central"
  },
  {
    "docID": "N215 Verdu 2001",
    "et": "CentralNervousSystem",
    "off": 11632,
    "sff": "central"
  },
  {
    "docID": "N215 Verdu 2001",
    "et": "CentralNervousSystem",
    "off": 13405,
    "sff": "central"
  },
  {
    "docID": "N215 Verdu 2001",
    "et": "OscillatingFieldStimulator",
    "off": 10780,
    "sff": "FIeld"
  },
  {
    "docID": "N215 Verdu 2001",
    "et": "OscillatingFieldStimulator",
    "off": 11016,
    "sff": "FIeld"
  },
  {
    "docID": "N215 Verdu 2001",
    "et": "OscillatingFieldStimulator",
    "off": 10639,
    "sff": "FIeld"
  },
  {
    "docID": "N215 Verdu 2001",
    "et": "WistarRat",
    "off": 3706,
    "sff": "Wistar"
  },
  {
    "docID": "N215 Verdu 2001",
    "et": "Matrix",
    "off": 1574,
    "sff": "matrix"
  },
  {
    "docID": "N215 Verdu 2001",
    "et": "Matrix",
    "off": 21994,
    "sff": "matrix"
  },
  {
    "docID": "N215 Verdu 2001",
    "et": "SpinalCentralPart",
    "off": 16905,
    "sff": "spinal"
  },
  {
    "docID": "N215 Verdu 2001",
    "et": "SpinalCentralPart",
    "off": 7947,
    "sff": "spinal"
  },
  {
    "docID": "N215 Verdu 2001",
    "et": "SpinalCentralPart",
    "off": 12044,
    "sff": "spinal"
  },
  {
    "docID": "N215 Verdu 2001",
    "et": "SpinalCentralPart",
    "off": 4352,
    "sff": "spinal"
  },
  {
    "docID": "N215 Verdu 2001",
    "et": "SpinalCentralPart",
    "off": 11524,
    "sff": "spinal"
  },
  {
    "docID": "N215 Verdu 2001",
    "et": "SpinalCentralPart",
    "off": 2680,
    "sff": "spinal"
  },
  {
    "docID": "N215 Verdu 2001",
    "et": "SpinalCentralPart",
    "off": 4601,
    "sff": "spinal"
  },
  {
    "docID": "N215 Verdu 2001",
    "et": "SpinalCentralPart",
    "off": 7098,
    "sff": "Spinal"
  },
  {
    "docID": "N215 Verdu 2001",
    "et": "SpinalCentralPart",
    "off": 8561,
    "sff": "spinal"
  },
  {
    "docID": "N215 Verdu 2001",
    "et": "SpinalCentralPart",
    "off": 13405,
    "sff": "central"
  },
  {
    "docID": "N215 Verdu 2001",
    "et": "SpinalCentralPart",
    "off": 21621,
    "sff": "spinal"
  },
  {
    "docID": "N215 Verdu 2001",
    "et": "SpinalCentralPart",
    "off": 11688,
    "sff": "spinal"
  },
  {
    "docID": "N215 Verdu 2001",
    "et": "SpinalCentralPart",
    "off": 13600,
    "sff": "spinal"
  },
  {
    "docID": "N215 Verdu 2001",
    "et": "SpinalCentralPart",
    "off": 8225,
    "sff": "spinal"
  },
  {
    "docID": "N215 Verdu 2001",
    "et": "SpinalCentralPart",
    "off": 15649,
    "sff": "spinal"
  },
  {
    "docID": "N215 Verdu 2001",
    "et": "SpinalCentralPart",
    "off": 2342,
    "sff": "spinal"
  },
  {
    "docID": "N215 Verdu 2001",
    "et": "SpinalCentralPart",
    "off": 13734,
    "sff": "spinal"
  },
  {
    "docID": "N215 Verdu 2001",
    "et": "SpinalCentralPart",
    "off": 15527,
    "sff": "spinal"
  },
  {
    "docID": "N215 Verdu 2001",
    "et": "SpinalCentralPart",
    "off": 3612,
    "sff": "spinal"
  },
  {
    "docID": "N215 Verdu 2001",
    "et": "SpinalCentralPart",
    "off": 12316,
    "sff": "spinal"
  },
  {
    "docID": "N215 Verdu 2001",
    "et": "SpinalCentralPart",
    "off": 4765,
    "sff": "spinal"
  },
  {
    "docID": "N215 Verdu 2001",
    "et": "SpinalCentralPart",
    "off": 16285,
    "sff": "spinal"
  },
  {
    "docID": "N215 Verdu 2001",
    "et": "SpinalCentralPart",
    "off": 10014,
    "sff": "spinal"
  },
  {
    "docID": "N215 Verdu 2001",
    "et": "SpinalCentralPart",
    "off": 17182,
    "sff": "spinal"
  },
  {
    "docID": "N215 Verdu 2001",
    "et": "SpinalCentralPart",
    "off": 17552,
    "sff": "spinal"
  },
  {
    "docID": "N215 Verdu 2001",
    "et": "SpinalCentralPart",
    "off": 3089,
    "sff": "spinal"
  },
  {
    "docID": "N215 Verdu 2001",
    "et": "SpinalCentralPart",
    "off": 15250,
    "sff": "spinal"
  },
  {
    "docID": "N215 Verdu 2001",
    "et": "SpinalCentralPart",
    "off": 18067,
    "sff": "spinal"
  },
  {
    "docID": "N215 Verdu 2001",
    "et": "SpinalCentralPart",
    "off": 4893,
    "sff": "Spinal"
  },
  {
    "docID": "N215 Verdu 2001",
    "et": "SpinalCentralPart",
    "off": 72,
    "sff": "spinal"
  },
  {
    "docID": "N215 Verdu 2001",
    "et": "SpinalCentralPart",
    "off": 10259,
    "sff": "central"
  },
  {
    "docID": "N215 Verdu 2001",
    "et": "SpinalCentralPart",
    "off": 5058,
    "sff": "spinal"
  },
  {
    "docID": "N215 Verdu 2001",
    "et": "SpinalCentralPart",
    "off": 18882,
    "sff": "spinal"
  },
  {
    "docID": "N215 Verdu 2001",
    "et": "SpinalCentralPart",
    "off": 1350,
    "sff": "spinal"
  },
  {
    "docID": "N215 Verdu 2001",
    "et": "SpinalCentralPart",
    "off": 327,
    "sff": "spinal"
  },
  {
    "docID": "N215 Verdu 2001",
    "et": "SpinalCentralPart",
    "off": 8775,
    "sff": "spinal"
  },
  {
    "docID": "N215 Verdu 2001",
    "et": "SpinalCentralPart",
    "off": 2104,
    "sff": "spinal"
  },
  {
    "docID": "N215 Verdu 2001",
    "et": "SpinalCentralPart",
    "off": 12473,
    "sff": "spinal"
  },
  {
    "docID": "N215 Verdu 2001",
    "et": "SpinalCentralPart",
    "off": 19899,
    "sff": "spinal"
  },
  {
    "docID": "N215 Verdu 2001",
    "et": "SpinalCentralPart",
    "off": 9461,
    "sff": "Spinal"
  },
  {
    "docID": "N215 Verdu 2001",
    "et": "SpinalCentralPart",
    "off": 16560,
    "sff": "spinal"
  },
  {
    "docID": "N215 Verdu 2001",
    "et": "SpinalCentralPart",
    "off": 20401,
    "sff": "spinal"
  },
  {
    "docID": "N215 Verdu 2001",
    "et": "SpinalCentralPart",
    "off": 6835,
    "sff": "spinal"
  },
  {
    "docID": "N215 Verdu 2001",
    "et": "SpinalCentralPart",
    "off": 2228,
    "sff": "spinal"
  },
  {
    "docID": "N215 Verdu 2001",
    "et": "SpinalCentralPart",
    "off": 8373,
    "sff": "spinal"
  },
  {
    "docID": "N215 Verdu 2001",
    "et": "SpinalCentralPart",
    "off": 12981,
    "sff": "spinal"
  },
  {
    "docID": "N215 Verdu 2001",
    "et": "SpinalCentralPart",
    "off": 13877,
    "sff": "spinal"
  },
  {
    "docID": "N215 Verdu 2001",
    "et": "SpinalCentralPart",
    "off": 11632,
    "sff": "central"
  },
  {
    "docID": "N215 Verdu 2001",
    "et": "SpinalCentralPart",
    "off": 14564,
    "sff": "spinal"
  },
  {
    "docID": "N215 Verdu 2001",
    "et": "SpinalCentralPart",
    "off": 16613,
    "sff": "spinal"
  },
  {
    "docID": "N215 Verdu 2001",
    "et": "SpinalCentralPart",
    "off": 19544,
    "sff": "spinal"
  },
  {
    "docID": "N215 Verdu 2001",
    "et": "SpinalCentralPart",
    "off": 2905,
    "sff": "spinal"
  },
  {
    "docID": "N215 Verdu 2001",
    "et": "SpinalCentralPart",
    "off": 476,
    "sff": "spinal"
  },
  {
    "docID": "N215 Verdu 2001",
    "et": "SpinalCentralPart",
    "off": 9438,
    "sff": "spinal"
  },
  {
    "docID": "N215 Verdu 2001",
    "et": "SpinalCentralPart",
    "off": 10335,
    "sff": "spinal"
  },
  {
    "docID": "N215 Verdu 2001",
    "et": "SpinalCentralPart",
    "off": 11231,
    "sff": "spinal"
  },
  {
    "docID": "N215 Verdu 2001",
    "et": "SpinalCentralPart",
    "off": 16979,
    "sff": "spinal"
  },
  {
    "docID": "N215 Verdu 2001",
    "et": "SpinalCentralPart",
    "off": 12759,
    "sff": "spinal"
  },
  {
    "docID": "N215 Verdu 2001",
    "et": "PhysicalTreatment",
    "off": 1803,
    "sff": "physical"
  },
  {
    "docID": "N215 Verdu 2001",
    "et": "Brain",
    "off": 14111,
    "sff": "brain"
  },
  {
    "docID": "N215 Verdu 2001",
    "et": "SpinalWhiteMatter",
    "off": 5058,
    "sff": "spinal"
  },
  {
    "docID": "N215 Verdu 2001",
    "et": "SpinalWhiteMatter",
    "off": 18882,
    "sff": "spinal"
  },
  {
    "docID": "N215 Verdu 2001",
    "et": "SpinalWhiteMatter",
    "off": 1350,
    "sff": "spinal"
  },
  {
    "docID": "N215 Verdu 2001",
    "et": "SpinalWhiteMatter",
    "off": 327,
    "sff": "spinal"
  },
  {
    "docID": "N215 Verdu 2001",
    "et": "SpinalWhiteMatter",
    "off": 8775,
    "sff": "spinal"
  },
  {
    "docID": "N215 Verdu 2001",
    "et": "SpinalWhiteMatter",
    "off": 72,
    "sff": "spinal"
  },
  {
    "docID": "N215 Verdu 2001",
    "et": "SpinalWhiteMatter",
    "off": 9461,
    "sff": "Spinal"
  },
  {
    "docID": "N215 Verdu 2001",
    "et": "SpinalWhiteMatter",
    "off": 15762,
    "sff": "white matter"
  },
  {
    "docID": "N215 Verdu 2001",
    "et": "SpinalWhiteMatter",
    "off": 6835,
    "sff": "spinal"
  },
  {
    "docID": "N215 Verdu 2001",
    "et": "SpinalWhiteMatter",
    "off": 2228,
    "sff": "spinal"
  },
  {
    "docID": "N215 Verdu 2001",
    "et": "SpinalWhiteMatter",
    "off": 8373,
    "sff": "spinal"
  },
  {
    "docID": "N215 Verdu 2001",
    "et": "SpinalWhiteMatter",
    "off": 12981,
    "sff": "spinal"
  },
  {
    "docID": "N215 Verdu 2001",
    "et": "SpinalWhiteMatter",
    "off": 13877,
    "sff": "spinal"
  },
  {
    "docID": "N215 Verdu 2001",
    "et": "SpinalWhiteMatter",
    "off": 14363,
    "sff": "white matter"
  },
  {
    "docID": "N215 Verdu 2001",
    "et": "SpinalWhiteMatter",
    "off": 2104,
    "sff": "spinal"
  },
  {
    "docID": "N215 Verdu 2001",
    "et": "SpinalWhiteMatter",
    "off": 12473,
    "sff": "spinal"
  },
  {
    "docID": "N215 Verdu 2001",
    "et": "SpinalWhiteMatter",
    "off": 19899,
    "sff": "spinal"
  },
  {
    "docID": "N215 Verdu 2001",
    "et": "SpinalWhiteMatter",
    "off": 10190,
    "sff": "white"
  },
  {
    "docID": "N215 Verdu 2001",
    "et": "SpinalWhiteMatter",
    "off": 14564,
    "sff": "spinal"
  },
  {
    "docID": "N215 Verdu 2001",
    "et": "SpinalWhiteMatter",
    "off": 16613,
    "sff": "spinal"
  },
  {
    "docID": "N215 Verdu 2001",
    "et": "SpinalWhiteMatter",
    "off": 8561,
    "sff": "spinal"
  },
  {
    "docID": "N215 Verdu 2001",
    "et": "SpinalWhiteMatter",
    "off": 16979,
    "sff": "spinal"
  },
  {
    "docID": "N215 Verdu 2001",
    "et": "SpinalWhiteMatter",
    "off": 12759,
    "sff": "spinal"
  },
  {
    "docID": "N215 Verdu 2001",
    "et": "SpinalWhiteMatter",
    "off": 19544,
    "sff": "spinal"
  },
  {
    "docID": "N215 Verdu 2001",
    "et": "SpinalWhiteMatter",
    "off": 2905,
    "sff": "spinal"
  },
  {
    "docID": "N215 Verdu 2001",
    "et": "SpinalWhiteMatter",
    "off": 476,
    "sff": "spinal"
  },
  {
    "docID": "N215 Verdu 2001",
    "et": "SpinalWhiteMatter",
    "off": 9438,
    "sff": "spinal"
  },
  {
    "docID": "N215 Verdu 2001",
    "et": "SpinalWhiteMatter",
    "off": 10335,
    "sff": "spinal"
  },
  {
    "docID": "N215 Verdu 2001",
    "et": "SpinalWhiteMatter",
    "off": 11231,
    "sff": "spinal"
  },
  {
    "docID": "N215 Verdu 2001",
    "et": "SpinalWhiteMatter",
    "off": 11524,
    "sff": "spinal"
  },
  {
    "docID": "N215 Verdu 2001",
    "et": "SpinalWhiteMatter",
    "off": 7098,
    "sff": "Spinal"
  },
  {
    "docID": "N215 Verdu 2001",
    "et": "SpinalWhiteMatter",
    "off": 13565,
    "sff": "white"
  },
  {
    "docID": "N215 Verdu 2001",
    "et": "SpinalWhiteMatter",
    "off": 10190,
    "sff": "white matter"
  },
  {
    "docID": "N215 Verdu 2001",
    "et": "SpinalWhiteMatter",
    "off": 16905,
    "sff": "spinal"
  },
  {
    "docID": "N215 Verdu 2001",
    "et": "SpinalWhiteMatter",
    "off": 7947,
    "sff": "spinal"
  },
  {
    "docID": "N215 Verdu 2001",
    "et": "SpinalWhiteMatter",
    "off": 12044,
    "sff": "spinal"
  },
  {
    "docID": "N215 Verdu 2001",
    "et": "SpinalWhiteMatter",
    "off": 17552,
    "sff": "spinal"
  },
  {
    "docID": "N215 Verdu 2001",
    "et": "SpinalWhiteMatter",
    "off": 3089,
    "sff": "spinal"
  },
  {
    "docID": "N215 Verdu 2001",
    "et": "SpinalWhiteMatter",
    "off": 21621,
    "sff": "spinal"
  },
  {
    "docID": "N215 Verdu 2001",
    "et": "SpinalWhiteMatter",
    "off": 2680,
    "sff": "spinal"
  },
  {
    "docID": "N215 Verdu 2001",
    "et": "SpinalWhiteMatter",
    "off": 4601,
    "sff": "spinal"
  },
  {
    "docID": "N215 Verdu 2001",
    "et": "SpinalWhiteMatter",
    "off": 4352,
    "sff": "spinal"
  },
  {
    "docID": "N215 Verdu 2001",
    "et": "SpinalWhiteMatter",
    "off": 15762,
    "sff": "white"
  },
  {
    "docID": "N215 Verdu 2001",
    "et": "SpinalWhiteMatter",
    "off": 4893,
    "sff": "Spinal"
  },
  {
    "docID": "N215 Verdu 2001",
    "et": "SpinalWhiteMatter",
    "off": 2342,
    "sff": "spinal"
  },
  {
    "docID": "N215 Verdu 2001",
    "et": "SpinalWhiteMatter",
    "off": 13734,
    "sff": "spinal"
  },
  {
    "docID": "N215 Verdu 2001",
    "et": "SpinalWhiteMatter",
    "off": 15527,
    "sff": "spinal"
  },
  {
    "docID": "N215 Verdu 2001",
    "et": "SpinalWhiteMatter",
    "off": 11688,
    "sff": "spinal"
  },
  {
    "docID": "N215 Verdu 2001",
    "et": "SpinalWhiteMatter",
    "off": 14363,
    "sff": "white"
  },
  {
    "docID": "N215 Verdu 2001",
    "et": "SpinalWhiteMatter",
    "off": 16560,
    "sff": "spinal"
  },
  {
    "docID": "N215 Verdu 2001",
    "et": "SpinalWhiteMatter",
    "off": 20401,
    "sff": "spinal"
  },
  {
    "docID": "N215 Verdu 2001",
    "et": "SpinalWhiteMatter",
    "off": 15250,
    "sff": "spinal"
  },
  {
    "docID": "N215 Verdu 2001",
    "et": "SpinalWhiteMatter",
    "off": 18067,
    "sff": "spinal"
  },
  {
    "docID": "N215 Verdu 2001",
    "et": "SpinalWhiteMatter",
    "off": 10154,
    "sff": "white"
  },
  {
    "docID": "N215 Verdu 2001",
    "et": "SpinalWhiteMatter",
    "off": 13565,
    "sff": "white matter"
  },
  {
    "docID": "N215 Verdu 2001",
    "et": "SpinalWhiteMatter",
    "off": 3612,
    "sff": "spinal"
  },
  {
    "docID": "N215 Verdu 2001",
    "et": "SpinalWhiteMatter",
    "off": 12316,
    "sff": "spinal"
  },
  {
    "docID": "N215 Verdu 2001",
    "et": "SpinalWhiteMatter",
    "off": 4765,
    "sff": "spinal"
  },
  {
    "docID": "N215 Verdu 2001",
    "et": "SpinalWhiteMatter",
    "off": 16285,
    "sff": "spinal"
  },
  {
    "docID": "N215 Verdu 2001",
    "et": "SpinalWhiteMatter",
    "off": 10014,
    "sff": "spinal"
  },
  {
    "docID": "N215 Verdu 2001",
    "et": "SpinalWhiteMatter",
    "off": 17182,
    "sff": "spinal"
  },
  {
    "docID": "N215 Verdu 2001",
    "et": "SpinalWhiteMatter",
    "off": 13600,
    "sff": "spinal"
  },
  {
    "docID": "N215 Verdu 2001",
    "et": "SpinalWhiteMatter",
    "off": 8225,
    "sff": "spinal"
  },
  {
    "docID": "N215 Verdu 2001",
    "et": "SpinalWhiteMatter",
    "off": 15649,
    "sff": "spinal"
  },
  {
    "docID": "N215 Verdu 2001",
    "et": "PhysicalImplantTreatment",
    "off": 1803,
    "sff": "physical"
  },
  {
    "docID": "N215 Verdu 2001",
    "et": "UmbilicalCordBloodStemCell",
    "off": 334,
    "sff": "cord"
  },
  {
    "docID": "N215 Verdu 2001",
    "et": "UmbilicalCordBloodStemCell",
    "off": 1357,
    "sff": "cord"
  },
  {
    "docID": "N215 Verdu 2001",
    "et": "UmbilicalCordBloodStemCell",
    "off": 20301,
    "sff": "cord"
  },
  {
    "docID": "N215 Verdu 2001",
    "et": "UmbilicalCordBloodStemCell",
    "off": 79,
    "sff": "cord"
  },
  {
    "docID": "N215 Verdu 2001",
    "et": "UmbilicalCordBloodStemCell",
    "off": 5065,
    "sff": "cord"
  },
  {
    "docID": "N215 Verdu 2001",
    "et": "UmbilicalCordBloodStemCell",
    "off": 18889,
    "sff": "cord"
  },
  {
    "docID": "N215 Verdu 2001",
    "et": "UmbilicalCordBloodStemCell",
    "off": 12480,
    "sff": "cord"
  },
  {
    "docID": "N215 Verdu 2001",
    "et": "UmbilicalCordBloodStemCell",
    "off": 2111,
    "sff": "cord"
  },
  {
    "docID": "N215 Verdu 2001",
    "et": "UmbilicalCordBloodStemCell",
    "off": 12988,
    "sff": "cord"
  },
  {
    "docID": "N215 Verdu 2001",
    "et": "UmbilicalCordBloodStemCell",
    "off": 8380,
    "sff": "cord"
  },
  {
    "docID": "N215 Verdu 2001",
    "et": "UmbilicalCordBloodStemCell",
    "off": 2235,
    "sff": "cord"
  },
  {
    "docID": "N215 Verdu 2001",
    "et": "UmbilicalCordBloodStemCell",
    "off": 7105,
    "sff": "cord"
  },
  {
    "docID": "N215 Verdu 2001",
    "et": "UmbilicalCordBloodStemCell",
    "off": 19906,
    "sff": "cord"
  },
  {
    "docID": "N215 Verdu 2001",
    "et": "UmbilicalCordBloodStemCell",
    "off": 14571,
    "sff": "cord"
  },
  {
    "docID": "N215 Verdu 2001",
    "et": "UmbilicalCordBloodStemCell",
    "off": 16620,
    "sff": "cord"
  },
  {
    "docID": "N215 Verdu 2001",
    "et": "UmbilicalCordBloodStemCell",
    "off": 8568,
    "sff": "cord"
  },
  {
    "docID": "N215 Verdu 2001",
    "et": "UmbilicalCordBloodStemCell",
    "off": 19551,
    "sff": "cord"
  },
  {
    "docID": "N215 Verdu 2001",
    "et": "UmbilicalCordBloodStemCell",
    "off": 2912,
    "sff": "cord"
  },
  {
    "docID": "N215 Verdu 2001",
    "et": "UmbilicalCordBloodStemCell",
    "off": 12766,
    "sff": "cord"
  },
  {
    "docID": "N215 Verdu 2001",
    "et": "UmbilicalCordBloodStemCell",
    "off": 16986,
    "sff": "cord"
  },
  {
    "docID": "N215 Verdu 2001",
    "et": "UmbilicalCordBloodStemCell",
    "off": 10342,
    "sff": "cord"
  },
  {
    "docID": "N215 Verdu 2001",
    "et": "UmbilicalCordBloodStemCell",
    "off": 11238,
    "sff": "cord"
  },
  {
    "docID": "N215 Verdu 2001",
    "et": "UmbilicalCordBloodStemCell",
    "off": 483,
    "sff": "cord"
  },
  {
    "docID": "N215 Verdu 2001",
    "et": "UmbilicalCordBloodStemCell",
    "off": 16912,
    "sff": "cord"
  },
  {
    "docID": "N215 Verdu 2001",
    "et": "UmbilicalCordBloodStemCell",
    "off": 17559,
    "sff": "cord"
  },
  {
    "docID": "N215 Verdu 2001",
    "et": "UmbilicalCordBloodStemCell",
    "off": 792,
    "sff": "cord"
  },
  {
    "docID": "N215 Verdu 2001",
    "et": "UmbilicalCordBloodStemCell",
    "off": 3096,
    "sff": "cord"
  },
  {
    "docID": "N215 Verdu 2001",
    "et": "UmbilicalCordBloodStemCell",
    "off": 7954,
    "sff": "cord"
  },
  {
    "docID": "N215 Verdu 2001",
    "et": "UmbilicalCordBloodStemCell",
    "off": 12051,
    "sff": "cord"
  },
  {
    "docID": "N215 Verdu 2001",
    "et": "UmbilicalCordBloodStemCell",
    "off": 4608,
    "sff": "cord"
  },
  {
    "docID": "N215 Verdu 2001",
    "et": "UmbilicalCordBloodStemCell",
    "off": 2687,
    "sff": "cord"
  },
  {
    "docID": "N215 Verdu 2001",
    "et": "UmbilicalCordBloodStemCell",
    "off": 21628,
    "sff": "cord"
  },
  {
    "docID": "N215 Verdu 2001",
    "et": "UmbilicalCordBloodStemCell",
    "off": 9468,
    "sff": "cord"
  },
  {
    "docID": "N215 Verdu 2001",
    "et": "UmbilicalCordBloodStemCell",
    "off": 4359,
    "sff": "cord"
  },
  {
    "docID": "N215 Verdu 2001",
    "et": "UmbilicalCordBloodStemCell",
    "off": 2349,
    "sff": "cord"
  },
  {
    "docID": "N215 Verdu 2001",
    "et": "UmbilicalCordBloodStemCell",
    "off": 13741,
    "sff": "cord"
  },
  {
    "docID": "N215 Verdu 2001",
    "et": "UmbilicalCordBloodStemCell",
    "off": 11695,
    "sff": "cord"
  },
  {
    "docID": "N215 Verdu 2001",
    "et": "UmbilicalCordBloodStemCell",
    "off": 15534,
    "sff": "cord"
  },
  {
    "docID": "N215 Verdu 2001",
    "et": "UmbilicalCordBloodStemCell",
    "off": 16567,
    "sff": "cord"
  },
  {
    "docID": "N215 Verdu 2001",
    "et": "UmbilicalCordBloodStemCell",
    "off": 20408,
    "sff": "cord"
  },
  {
    "docID": "N215 Verdu 2001",
    "et": "UmbilicalCordBloodStemCell",
    "off": 13233,
    "sff": "cord"
  },
  {
    "docID": "N215 Verdu 2001",
    "et": "UmbilicalCordBloodStemCell",
    "off": 15257,
    "sff": "cord"
  },
  {
    "docID": "N215 Verdu 2001",
    "et": "UmbilicalCordBloodStemCell",
    "off": 18074,
    "sff": "cord"
  },
  {
    "docID": "N215 Verdu 2001",
    "et": "UmbilicalCordBloodStemCell",
    "off": 13607,
    "sff": "cord"
  },
  {
    "docID": "N215 Verdu 2001",
    "et": "UmbilicalCordBloodStemCell",
    "off": 10021,
    "sff": "cord"
  },
  {
    "docID": "N215 Verdu 2001",
    "et": "UmbilicalCordBloodStemCell",
    "off": 15656,
    "sff": "cord"
  },
  {
    "docID": "N215 Verdu 2001",
    "et": "UmbilicalCordBloodStemCell",
    "off": 8232,
    "sff": "cord"
  },
  {
    "docID": "N215 Verdu 2001",
    "et": "UmbilicalCordBloodStemCell",
    "off": 17189,
    "sff": "cord"
  },
  {
    "docID": "N215 Verdu 2001",
    "et": "UmbilicalCordBloodStemCell",
    "off": 12323,
    "sff": "cord"
  },
  {
    "docID": "N215 Verdu 2001",
    "et": "UmbilicalCordBloodStemCell",
    "off": 16292,
    "sff": "cord"
  },
  {
    "docID": "N215 Verdu 2001",
    "et": "UmbilicalCordBloodStemCell",
    "off": 4772,
    "sff": "cord"
  },
  {
    "docID": "N215 Verdu 2001",
    "et": "UmbilicalCordBloodStemCell",
    "off": 4900,
    "sff": "cord"
  },
  {
    "docID": "N215 Verdu 2001",
    "et": "UmbilicalCordBloodStemCell",
    "off": 3619,
    "sff": "cord"
  },
  {
    "docID": "N215 Verdu 2001",
    "et": "TailVeinLocation",
    "off": 15413,
    "sff": "tail vein"
  },
  {
    "docID": "N215 Verdu 2001",
    "et": "Protein",
    "off": 7374,
    "sff": "protein"
  },
  {
    "docID": "N215 Verdu 2001",
    "et": "GlialCell",
    "off": 19131,
    "sff": "glial"
  },
  {
    "docID": "N215 Verdu 2001",
    "et": "GlialCell",
    "off": 7350,
    "sff": "glial"
  },
  {
    "docID": "N215 Verdu 2001",
    "et": "GlialCell",
    "off": 1924,
    "sff": "glial"
  },
  {
    "docID": "N215 Verdu 2001",
    "et": "GlialCell",
    "off": 1778,
    "sff": "glial"
  },
  {
    "docID": "N215 Verdu 2001",
    "et": "GlialCell",
    "off": 18736,
    "sff": "glial"
  },
  {
    "docID": "N215 Verdu 2001",
    "et": "GlialCell",
    "off": 1535,
    "sff": "glial"
  },
  {
    "docID": "N215 Verdu 2001",
    "et": "GlialCell",
    "off": 21118,
    "sff": "glial"
  },
  {
    "docID": "N215 Verdu 2001",
    "et": "GlialCell",
    "off": 18253,
    "sff": "glial"
  },
  {
    "docID": "N215 Verdu 2001",
    "et": "GlialCell",
    "off": 10141,
    "sff": "glial"
  },
  {
    "docID": "N215 Verdu 2001",
    "et": "GlialCell",
    "off": 22060,
    "sff": "glial"
  },
  {
    "docID": "N215 Verdu 2001",
    "et": "InfusionDelivery",
    "off": 1858,
    "sff": "Infusion"
  },
  {
    "docID": "N215 Verdu 2001",
    "et": "SpinalGrayMatter",
    "off": 8561,
    "sff": "spinal"
  },
  {
    "docID": "N215 Verdu 2001",
    "et": "SpinalGrayMatter",
    "off": 4893,
    "sff": "Spinal"
  },
  {
    "docID": "N215 Verdu 2001",
    "et": "SpinalGrayMatter",
    "off": 21621,
    "sff": "spinal"
  },
  {
    "docID": "N215 Verdu 2001",
    "et": "SpinalGrayMatter",
    "off": 4601,
    "sff": "spinal"
  },
  {
    "docID": "N215 Verdu 2001",
    "et": "SpinalGrayMatter",
    "off": 2680,
    "sff": "spinal"
  },
  {
    "docID": "N215 Verdu 2001",
    "et": "SpinalGrayMatter",
    "off": 4352,
    "sff": "spinal"
  },
  {
    "docID": "N215 Verdu 2001",
    "et": "SpinalGrayMatter",
    "off": 11524,
    "sff": "spinal"
  },
  {
    "docID": "N215 Verdu 2001",
    "et": "SpinalGrayMatter",
    "off": 16905,
    "sff": "spinal"
  },
  {
    "docID": "N215 Verdu 2001",
    "et": "SpinalGrayMatter",
    "off": 7947,
    "sff": "spinal"
  },
  {
    "docID": "N215 Verdu 2001",
    "et": "SpinalGrayMatter",
    "off": 12044,
    "sff": "spinal"
  },
  {
    "docID": "N215 Verdu 2001",
    "et": "SpinalGrayMatter",
    "off": 7098,
    "sff": "Spinal"
  },
  {
    "docID": "N215 Verdu 2001",
    "et": "SpinalGrayMatter",
    "off": 3089,
    "sff": "spinal"
  },
  {
    "docID": "N215 Verdu 2001",
    "et": "SpinalGrayMatter",
    "off": 17552,
    "sff": "spinal"
  },
  {
    "docID": "N215 Verdu 2001",
    "et": "SpinalGrayMatter",
    "off": 18067,
    "sff": "spinal"
  },
  {
    "docID": "N215 Verdu 2001",
    "et": "SpinalGrayMatter",
    "off": 15250,
    "sff": "spinal"
  },
  {
    "docID": "N215 Verdu 2001",
    "et": "SpinalGrayMatter",
    "off": 4765,
    "sff": "spinal"
  },
  {
    "docID": "N215 Verdu 2001",
    "et": "SpinalGrayMatter",
    "off": 16285,
    "sff": "spinal"
  },
  {
    "docID": "N215 Verdu 2001",
    "et": "SpinalGrayMatter",
    "off": 3612,
    "sff": "spinal"
  },
  {
    "docID": "N215 Verdu 2001",
    "et": "SpinalGrayMatter",
    "off": 12316,
    "sff": "spinal"
  },
  {
    "docID": "N215 Verdu 2001",
    "et": "SpinalGrayMatter",
    "off": 10014,
    "sff": "spinal"
  },
  {
    "docID": "N215 Verdu 2001",
    "et": "SpinalGrayMatter",
    "off": 17182,
    "sff": "spinal"
  },
  {
    "docID": "N215 Verdu 2001",
    "et": "SpinalGrayMatter",
    "off": 8225,
    "sff": "spinal"
  },
  {
    "docID": "N215 Verdu 2001",
    "et": "SpinalGrayMatter",
    "off": 15649,
    "sff": "spinal"
  },
  {
    "docID": "N215 Verdu 2001",
    "et": "SpinalGrayMatter",
    "off": 13600,
    "sff": "spinal"
  },
  {
    "docID": "N215 Verdu 2001",
    "et": "SpinalGrayMatter",
    "off": 15527,
    "sff": "spinal"
  },
  {
    "docID": "N215 Verdu 2001",
    "et": "SpinalGrayMatter",
    "off": 2342,
    "sff": "spinal"
  },
  {
    "docID": "N215 Verdu 2001",
    "et": "SpinalGrayMatter",
    "off": 13734,
    "sff": "spinal"
  },
  {
    "docID": "N215 Verdu 2001",
    "et": "SpinalGrayMatter",
    "off": 11688,
    "sff": "spinal"
  },
  {
    "docID": "N215 Verdu 2001",
    "et": "SpinalGrayMatter",
    "off": 20401,
    "sff": "spinal"
  },
  {
    "docID": "N215 Verdu 2001",
    "et": "SpinalGrayMatter",
    "off": 16560,
    "sff": "spinal"
  },
  {
    "docID": "N215 Verdu 2001",
    "et": "SpinalGrayMatter",
    "off": 6835,
    "sff": "spinal"
  },
  {
    "docID": "N215 Verdu 2001",
    "et": "SpinalGrayMatter",
    "off": 8373,
    "sff": "spinal"
  },
  {
    "docID": "N215 Verdu 2001",
    "et": "SpinalGrayMatter",
    "off": 12981,
    "sff": "spinal"
  },
  {
    "docID": "N215 Verdu 2001",
    "et": "SpinalGrayMatter",
    "off": 13877,
    "sff": "spinal"
  },
  {
    "docID": "N215 Verdu 2001",
    "et": "SpinalGrayMatter",
    "off": 2228,
    "sff": "spinal"
  },
  {
    "docID": "N215 Verdu 2001",
    "et": "SpinalGrayMatter",
    "off": 12473,
    "sff": "spinal"
  },
  {
    "docID": "N215 Verdu 2001",
    "et": "SpinalGrayMatter",
    "off": 2104,
    "sff": "spinal"
  },
  {
    "docID": "N215 Verdu 2001",
    "et": "SpinalGrayMatter",
    "off": 19899,
    "sff": "spinal"
  },
  {
    "docID": "N215 Verdu 2001",
    "et": "SpinalGrayMatter",
    "off": 5058,
    "sff": "spinal"
  },
  {
    "docID": "N215 Verdu 2001",
    "et": "SpinalGrayMatter",
    "off": 18882,
    "sff": "spinal"
  },
  {
    "docID": "N215 Verdu 2001",
    "et": "SpinalGrayMatter",
    "off": 327,
    "sff": "spinal"
  },
  {
    "docID": "N215 Verdu 2001",
    "et": "SpinalGrayMatter",
    "off": 8775,
    "sff": "spinal"
  },
  {
    "docID": "N215 Verdu 2001",
    "et": "SpinalGrayMatter",
    "off": 1350,
    "sff": "spinal"
  },
  {
    "docID": "N215 Verdu 2001",
    "et": "SpinalGrayMatter",
    "off": 72,
    "sff": "spinal"
  },
  {
    "docID": "N215 Verdu 2001",
    "et": "SpinalGrayMatter",
    "off": 16979,
    "sff": "spinal"
  },
  {
    "docID": "N215 Verdu 2001",
    "et": "SpinalGrayMatter",
    "off": 12759,
    "sff": "spinal"
  },
  {
    "docID": "N215 Verdu 2001",
    "et": "SpinalGrayMatter",
    "off": 19544,
    "sff": "spinal"
  },
  {
    "docID": "N215 Verdu 2001",
    "et": "SpinalGrayMatter",
    "off": 2905,
    "sff": "spinal"
  },
  {
    "docID": "N215 Verdu 2001",
    "et": "SpinalGrayMatter",
    "off": 9461,
    "sff": "Spinal"
  },
  {
    "docID": "N215 Verdu 2001",
    "et": "SpinalGrayMatter",
    "off": 476,
    "sff": "spinal"
  },
  {
    "docID": "N215 Verdu 2001",
    "et": "SpinalGrayMatter",
    "off": 10335,
    "sff": "spinal"
  },
  {
    "docID": "N215 Verdu 2001",
    "et": "SpinalGrayMatter",
    "off": 11231,
    "sff": "spinal"
  },
  {
    "docID": "N215 Verdu 2001",
    "et": "SpinalGrayMatter",
    "off": 9438,
    "sff": "spinal"
  },
  {
    "docID": "N215 Verdu 2001",
    "et": "SpinalGrayMatter",
    "off": 16613,
    "sff": "spinal"
  },
  {
    "docID": "N215 Verdu 2001",
    "et": "SpinalGrayMatter",
    "off": 14564,
    "sff": "spinal"
  },
  {
    "docID": "N215 Verdu 2001",
    "et": "CephalicVeinLocation",
    "off": 15418,
    "sff": "vein"
  },
  {
    "docID": "N215 Verdu 2001",
    "et": "VimentinAntiSenseDNA",
    "off": 18510,
    "sff": "vimentin"
  },
  {
    "docID": "N215 Verdu 2001",
    "et": "RatSpecies",
    "off": 3608,
    "sff": "rat"
  },
  {
    "docID": "N215 Verdu 2001",
    "et": "RatSpecies",
    "off": 2901,
    "sff": "rat"
  },
  {
    "docID": "N215 Verdu 2001",
    "et": "RatSpecies",
    "off": 1346,
    "sff": "rat"
  },
  {
    "docID": "N215 Verdu 2001",
    "et": "RatSpecies",
    "off": 323,
    "sff": "rat"
  },
  {
    "docID": "N215 Verdu 2001",
    "et": "RatSpecies",
    "off": 13730,
    "sff": "rat"
  },
  {
    "docID": "N215 Verdu 2001",
    "et": "Caudal",
    "off": 13218,
    "sff": "caudal"
  },
  {
    "docID": "N215 Verdu 2001",
    "et": "Caudal",
    "off": 13593,
    "sff": "caudal"
  },
  {
    "docID": "N215 Verdu 2001",
    "et": "Caudal",
    "off": 17681,
    "sff": "caudal"
  },
  {
    "docID": "N215 Verdu 2001",
    "et": "Caudal",
    "off": 20224,
    "sff": "caudal"
  },
  {
    "docID": "N215 Verdu 2001",
    "et": "L1",
    "off": 869,
    "sff": "L1"
  },
  {
    "docID": "N215 Verdu 2001",
    "et": "L1",
    "off": 739,
    "sff": "L1"
  },
  {
    "docID": "N215 Verdu 2001",
    "et": "L1",
    "off": 12397,
    "sff": "L1"
  },
  {
    "docID": "N215 Verdu 2001",
    "et": "L1",
    "off": 20813,
    "sff": "L1"
  },
  {
    "docID": "N215 Verdu 2001",
    "et": "L1",
    "off": 6954,
    "sff": "L1"
  },
  {
    "docID": "N215 Verdu 2001",
    "et": "L1",
    "off": 11854,
    "sff": "L1"
  },
  {
    "docID": "N215 Verdu 2001",
    "et": "L1",
    "off": 21618,
    "sff": "L1"
  },
  {
    "docID": "N215 Verdu 2001",
    "et": "L1",
    "off": 440,
    "sff": "L1"
  },
  {
    "docID": "N215 Verdu 2001",
    "et": "L1",
    "off": 13527,
    "sff": "L1"
  },
  {
    "docID": "N215 Verdu 2001",
    "et": "L1",
    "off": 11259,
    "sff": "L1"
  },
  {
    "docID": "N215 Verdu 2001",
    "et": "L1",
    "off": 5088,
    "sff": "L1"
  },
  {
    "docID": "N215 Verdu 2001",
    "et": "L1",
    "off": 9600,
    "sff": "L1"
  },
  {
    "docID": "N215 Verdu 2001",
    "et": "L1",
    "off": 10078,
    "sff": "L1"
  },
  {
    "docID": "N215 Verdu 2001",
    "et": "L1",
    "off": 4383,
    "sff": "L1"
  },
  {
    "docID": "N215 Verdu 2001",
    "et": "ImplantedDepotPellet",
    "off": 2856,
    "sff": "implanted"
  },
  {
    "docID": "N215 Verdu 2001",
    "et": "SchwannCell",
    "off": 2831,
    "sff": "Schwann cell"
  },
  {
    "docID": "N215 Verdu 2001",
    "et": "L4",
    "off": 11924,
    "sff": "L4"
  },
  {
    "docID": "N215 Verdu 2001",
    "et": "L4",
    "off": 12404,
    "sff": "L4"
  },
  {
    "docID": "N215 Verdu 2001",
    "et": "L4",
    "off": 786,
    "sff": "L4"
  },
  {
    "docID": "N215 Verdu 2001",
    "et": "L4",
    "off": 21698,
    "sff": "L4"
  },
  {
    "docID": "N215 Verdu 2001",
    "et": "L4",
    "off": 12198,
    "sff": "L4"
  },
  {
    "docID": "N215 Verdu 2001",
    "et": "L4",
    "off": 876,
    "sff": "L4"
  },
  {
    "docID": "N215 Verdu 2001",
    "et": "L4",
    "off": 10092,
    "sff": "L4"
  },
  {
    "docID": "N215 Verdu 2001",
    "et": "L4",
    "off": 13226,
    "sff": "L4"
  },
  {
    "docID": "N215 Verdu 2001",
    "et": "L4",
    "off": 6961,
    "sff": "L4"
  },
  {
    "docID": "N215 Verdu 2001",
    "et": "L4",
    "off": 11712,
    "sff": "L4"
  },
  {
    "docID": "N215 Verdu 2001",
    "et": "Micropipette",
    "off": 5155,
    "sff": "micropipette"
  },
  {
    "docID": "N215 Verdu 2001",
    "et": "SigmaAldrich",
    "off": 4558,
    "sff": "Sigma"
  },
  {
    "docID": "N215 Verdu 2001",
    "et": "SigmaAldrich",
    "off": 3781,
    "sff": "Sigma"
  },
  {
    "docID": "N215 Verdu 2001",
    "et": "T10",
    "off": 6945,
    "sff": "T10"
  },
  {
    "docID": "N215 Verdu 2001",
    "et": "T10",
    "off": 10064,
    "sff": "T10"
  },
  {
    "docID": "N215 Verdu 2001",
    "et": "T10",
    "off": 12190,
    "sff": "T10"
  },
  {
    "docID": "N215 Verdu 2001",
    "et": "T10",
    "off": 11565,
    "sff": "T10"
  },
  {
    "docID": "N215 Verdu 2001",
    "et": "T10",
    "off": 11916,
    "sff": "T10"
  },
  {
    "docID": "N215 Verdu 2001",
    "et": "T10",
    "off": 955,
    "sff": "T10"
  },
  {
    "docID": "N215 Verdu 2001",
    "et": "T10",
    "off": 778,
    "sff": "T10"
  },
  {
    "docID": "N215 Verdu 2001",
    "et": "T10",
    "off": 13209,
    "sff": "T10"
  },
  {
    "docID": "N215 Verdu 2001",
    "et": "T10",
    "off": 9636,
    "sff": "T10"
  },
  {
    "docID": "N215 Verdu 2001",
    "et": "T10",
    "off": 12434,
    "sff": "T10"
  },
  {
    "docID": "N215 Verdu 2001",
    "et": "T12",
    "off": 13523,
    "sff": "T12"
  },
  {
    "docID": "N215 Verdu 2001",
    "et": "T12",
    "off": 436,
    "sff": "T12"
  },
  {
    "docID": "N215 Verdu 2001",
    "et": "T12",
    "off": 11255,
    "sff": "T12"
  },
  {
    "docID": "N215 Verdu 2001",
    "et": "T12",
    "off": 5081,
    "sff": "T12"
  },
  {
    "docID": "N215 Verdu 2001",
    "et": "T12",
    "off": 10074,
    "sff": "T12"
  },
  {
    "docID": "N215 Verdu 2001",
    "et": "T12",
    "off": 4379,
    "sff": "T12"
  },
  {
    "docID": "N215 Verdu 2001",
    "et": "T12",
    "off": 9595,
    "sff": "T12"
  },
  {
    "docID": "N215 Verdu 2001",
    "et": "T12",
    "off": 735,
    "sff": "T12"
  },
  {
    "docID": "N215 Verdu 2001",
    "et": "T12",
    "off": 865,
    "sff": "T12"
  },
  {
    "docID": "N215 Verdu 2001",
    "et": "T12",
    "off": 6950,
    "sff": "T12"
  },
  {
    "docID": "N215 Verdu 2001",
    "et": "T12",
    "off": 12393,
    "sff": "T12"
  },
  {
    "docID": "N215 Verdu 2001",
    "et": "T12",
    "off": 11850,
    "sff": "T12"
  },
  {
    "docID": "N215 Verdu 2001",
    "et": "T12",
    "off": 21614,
    "sff": "T12"
  },
  {
    "docID": "N215 Verdu 2001",
    "et": "Lumbar",
    "off": 2203,
    "sff": "lumbar"
  },
  {
    "docID": "N215 Verdu 2001",
    "et": "StemCellSourceType",
    "off": 3768,
    "sff": "cell"
  },
  {
    "docID": "N215 Verdu 2001",
    "et": "StemCellSourceType",
    "off": 18544,
    "sff": "cell type"
  },
  {
    "docID": "N215 Verdu 2001",
    "et": "StemCellSourceType",
    "off": 8669,
    "sff": "cell"
  },
  {
    "docID": "N215 Verdu 2001",
    "et": "StemCellSourceType",
    "off": 3888,
    "sff": "cell"
  },
  {
    "docID": "N215 Verdu 2001",
    "et": "StemCellSourceType",
    "off": 14480,
    "sff": "cell"
  },
  {
    "docID": "N215 Verdu 2001",
    "et": "StemCellSourceType",
    "off": 18544,
    "sff": "cell"
  },
  {
    "docID": "N215 Verdu 2001",
    "et": "StemCellSourceType",
    "off": 1890,
    "sff": "cell"
  },
  {
    "docID": "N215 Verdu 2001",
    "et": "StemCellSourceType",
    "off": 12899,
    "sff": "cell"
  },
  {
    "docID": "N215 Verdu 2001",
    "et": "StemCellSourceType",
    "off": 20883,
    "sff": "cell"
  },
  {
    "docID": "N215 Verdu 2001",
    "et": "StemCellSourceType",
    "off": 18402,
    "sff": "cell"
  },
  {
    "docID": "N215 Verdu 2001",
    "et": "StemCellSourceType",
    "off": 2839,
    "sff": "cell"
  },
  {
    "docID": "N215 Verdu 2001",
    "et": "StemCellSourceType",
    "off": 5111,
    "sff": "cell"
  },
  {
    "docID": "N215 Verdu 2001",
    "et": "InVitroExperimentalProcedure",
    "off": 19154,
    "sff": "vitro"
  },
  {
    "docID": "N215 Verdu 2001",
    "et": "InVitroExperimentalProcedure",
    "off": 8835,
    "sff": "experimental"
  },
  {
    "docID": "N215 Verdu 2001",
    "et": "InVitroExperimentalProcedure",
    "off": 11139,
    "sff": "experimental"
  },
  {
    "docID": "N215 Verdu 2001",
    "et": "LongEvansRat",
    "off": 1055,
    "sff": "long"
  },
  {
    "docID": "N215 Verdu 2001",
    "et": "LongEvansRat",
    "off": 21455,
    "sff": "long"
  },
  {
    "docID": "N215 Verdu 2001",
    "et": "LongEvansRat",
    "off": 3408,
    "sff": "long"
  },
  {
    "docID": "N215 Verdu 2001",
    "et": "LongEvansRat",
    "off": 12573,
    "sff": "long"
  },
  {
    "docID": "N215 Verdu 2001",
    "et": "Cell",
    "off": 8669,
    "sff": "cell"
  },
  {
    "docID": "N215 Verdu 2001",
    "et": "Cell",
    "off": 3888,
    "sff": "cell"
  },
  {
    "docID": "N215 Verdu 2001",
    "et": "Cell",
    "off": 14480,
    "sff": "cell"
  },
  {
    "docID": "N215 Verdu 2001",
    "et": "Cell",
    "off": 18544,
    "sff": "cell"
  },
  {
    "docID": "N215 Verdu 2001",
    "et": "Cell",
    "off": 12899,
    "sff": "cell"
  },
  {
    "docID": "N215 Verdu 2001",
    "et": "Cell",
    "off": 20883,
    "sff": "cell"
  },
  {
    "docID": "N215 Verdu 2001",
    "et": "Cell",
    "off": 1890,
    "sff": "cell"
  },
  {
    "docID": "N215 Verdu 2001",
    "et": "Cell",
    "off": 18402,
    "sff": "cell"
  },
  {
    "docID": "N215 Verdu 2001",
    "et": "Cell",
    "off": 2839,
    "sff": "cell"
  },
  {
    "docID": "N215 Verdu 2001",
    "et": "Cell",
    "off": 5111,
    "sff": "cell"
  },
  {
    "docID": "N215 Verdu 2001",
    "et": "Cell",
    "off": 3768,
    "sff": "cell"
  },
  {
    "docID": "N215 Verdu 2001",
    "et": "SpinalDorsalHalf",
    "off": 12721,
    "sff": "dorsal"
  },
  {
    "docID": "N215 Verdu 2001",
    "et": "SpinalDorsalHalf",
    "off": 16613,
    "sff": "spinal"
  },
  {
    "docID": "N215 Verdu 2001",
    "et": "SpinalDorsalHalf",
    "off": 14564,
    "sff": "spinal"
  },
  {
    "docID": "N215 Verdu 2001",
    "et": "SpinalDorsalHalf",
    "off": 4893,
    "sff": "Spinal"
  },
  {
    "docID": "N215 Verdu 2001",
    "et": "SpinalDorsalHalf",
    "off": 10335,
    "sff": "spinal"
  },
  {
    "docID": "N215 Verdu 2001",
    "et": "SpinalDorsalHalf",
    "off": 11231,
    "sff": "spinal"
  },
  {
    "docID": "N215 Verdu 2001",
    "et": "SpinalDorsalHalf",
    "off": 9438,
    "sff": "spinal"
  },
  {
    "docID": "N215 Verdu 2001",
    "et": "SpinalDorsalHalf",
    "off": 13353,
    "sff": "dorsal"
  },
  {
    "docID": "N215 Verdu 2001",
    "et": "SpinalDorsalHalf",
    "off": 16297,
    "sff": "dorsal"
  },
  {
    "docID": "N215 Verdu 2001",
    "et": "SpinalDorsalHalf",
    "off": 476,
    "sff": "spinal"
  },
  {
    "docID": "N215 Verdu 2001",
    "et": "SpinalDorsalHalf",
    "off": 11962,
    "sff": "dorsal"
  },
  {
    "docID": "N215 Verdu 2001",
    "et": "SpinalDorsalHalf",
    "off": 2905,
    "sff": "spinal"
  },
  {
    "docID": "N215 Verdu 2001",
    "et": "SpinalDorsalHalf",
    "off": 19544,
    "sff": "spinal"
  },
  {
    "docID": "N215 Verdu 2001",
    "et": "SpinalDorsalHalf",
    "off": 12759,
    "sff": "spinal"
  },
  {
    "docID": "N215 Verdu 2001",
    "et": "SpinalDorsalHalf",
    "off": 16979,
    "sff": "spinal"
  },
  {
    "docID": "N215 Verdu 2001",
    "et": "SpinalDorsalHalf",
    "off": 4402,
    "sff": "dorsal"
  },
  {
    "docID": "N215 Verdu 2001",
    "et": "SpinalDorsalHalf",
    "off": 13106,
    "sff": "dorsal"
  },
  {
    "docID": "N215 Verdu 2001",
    "et": "SpinalDorsalHalf",
    "off": 72,
    "sff": "spinal"
  },
  {
    "docID": "N215 Verdu 2001",
    "et": "SpinalDorsalHalf",
    "off": 327,
    "sff": "spinal"
  },
  {
    "docID": "N215 Verdu 2001",
    "et": "SpinalDorsalHalf",
    "off": 8775,
    "sff": "spinal"
  },
  {
    "docID": "N215 Verdu 2001",
    "et": "SpinalDorsalHalf",
    "off": 1350,
    "sff": "spinal"
  },
  {
    "docID": "N215 Verdu 2001",
    "et": "SpinalDorsalHalf",
    "off": 11344,
    "sff": "dorsal"
  },
  {
    "docID": "N215 Verdu 2001",
    "et": "SpinalDorsalHalf",
    "off": 11600,
    "sff": "dorsal"
  },
  {
    "docID": "N215 Verdu 2001",
    "et": "SpinalDorsalHalf",
    "off": 5058,
    "sff": "spinal"
  },
  {
    "docID": "N215 Verdu 2001",
    "et": "SpinalDorsalHalf",
    "off": 18882,
    "sff": "spinal"
  },
  {
    "docID": "N215 Verdu 2001",
    "et": "SpinalDorsalHalf",
    "off": 19899,
    "sff": "spinal"
  },
  {
    "docID": "N215 Verdu 2001",
    "et": "SpinalDorsalHalf",
    "off": 12473,
    "sff": "spinal"
  },
  {
    "docID": "N215 Verdu 2001",
    "et": "SpinalDorsalHalf",
    "off": 2104,
    "sff": "spinal"
  },
  {
    "docID": "N215 Verdu 2001",
    "et": "SpinalDorsalHalf",
    "off": 8373,
    "sff": "spinal"
  },
  {
    "docID": "N215 Verdu 2001",
    "et": "SpinalDorsalHalf",
    "off": 12981,
    "sff": "spinal"
  },
  {
    "docID": "N215 Verdu 2001",
    "et": "SpinalDorsalHalf",
    "off": 13877,
    "sff": "spinal"
  },
  {
    "docID": "N215 Verdu 2001",
    "et": "SpinalDorsalHalf",
    "off": 2228,
    "sff": "spinal"
  },
  {
    "docID": "N215 Verdu 2001",
    "et": "SpinalDorsalHalf",
    "off": 7098,
    "sff": "Spinal"
  },
  {
    "docID": "N215 Verdu 2001",
    "et": "SpinalDorsalHalf",
    "off": 6835,
    "sff": "spinal"
  },
  {
    "docID": "N215 Verdu 2001",
    "et": "SpinalDorsalHalf",
    "off": 20401,
    "sff": "spinal"
  },
  {
    "docID": "N215 Verdu 2001",
    "et": "SpinalDorsalHalf",
    "off": 16560,
    "sff": "spinal"
  },
  {
    "docID": "N215 Verdu 2001",
    "et": "SpinalDorsalHalf",
    "off": 11688,
    "sff": "spinal"
  },
  {
    "docID": "N215 Verdu 2001",
    "et": "SpinalDorsalHalf",
    "off": 15527,
    "sff": "spinal"
  },
  {
    "docID": "N215 Verdu 2001",
    "et": "SpinalDorsalHalf",
    "off": 2342,
    "sff": "spinal"
  },
  {
    "docID": "N215 Verdu 2001",
    "et": "SpinalDorsalHalf",
    "off": 13734,
    "sff": "spinal"
  },
  {
    "docID": "N215 Verdu 2001",
    "et": "SpinalDorsalHalf",
    "off": 10210,
    "sff": "dorsal"
  },
  {
    "docID": "N215 Verdu 2001",
    "et": "SpinalDorsalHalf",
    "off": 8225,
    "sff": "spinal"
  },
  {
    "docID": "N215 Verdu 2001",
    "et": "SpinalDorsalHalf",
    "off": 15649,
    "sff": "spinal"
  },
  {
    "docID": "N215 Verdu 2001",
    "et": "SpinalDorsalHalf",
    "off": 13600,
    "sff": "spinal"
  },
  {
    "docID": "N215 Verdu 2001",
    "et": "SpinalDorsalHalf",
    "off": 10014,
    "sff": "spinal"
  },
  {
    "docID": "N215 Verdu 2001",
    "et": "SpinalDorsalHalf",
    "off": 17182,
    "sff": "spinal"
  },
  {
    "docID": "N215 Verdu 2001",
    "et": "SpinalDorsalHalf",
    "off": 4765,
    "sff": "spinal"
  },
  {
    "docID": "N215 Verdu 2001",
    "et": "SpinalDorsalHalf",
    "off": 16285,
    "sff": "spinal"
  },
  {
    "docID": "N215 Verdu 2001",
    "et": "SpinalDorsalHalf",
    "off": 3612,
    "sff": "spinal"
  },
  {
    "docID": "N215 Verdu 2001",
    "et": "SpinalDorsalHalf",
    "off": 12316,
    "sff": "spinal"
  },
  {
    "docID": "N215 Verdu 2001",
    "et": "SpinalDorsalHalf",
    "off": 18067,
    "sff": "spinal"
  },
  {
    "docID": "N215 Verdu 2001",
    "et": "SpinalDorsalHalf",
    "off": 15250,
    "sff": "spinal"
  },
  {
    "docID": "N215 Verdu 2001",
    "et": "SpinalDorsalHalf",
    "off": 3089,
    "sff": "spinal"
  },
  {
    "docID": "N215 Verdu 2001",
    "et": "SpinalDorsalHalf",
    "off": 17552,
    "sff": "spinal"
  },
  {
    "docID": "N215 Verdu 2001",
    "et": "SpinalDorsalHalf",
    "off": 12044,
    "sff": "spinal"
  },
  {
    "docID": "N215 Verdu 2001",
    "et": "SpinalDorsalHalf",
    "off": 7947,
    "sff": "spinal"
  },
  {
    "docID": "N215 Verdu 2001",
    "et": "SpinalDorsalHalf",
    "off": 16905,
    "sff": "spinal"
  },
  {
    "docID": "N215 Verdu 2001",
    "et": "SpinalDorsalHalf",
    "off": 11524,
    "sff": "spinal"
  },
  {
    "docID": "N215 Verdu 2001",
    "et": "SpinalDorsalHalf",
    "off": 11778,
    "sff": "dorsal"
  },
  {
    "docID": "N215 Verdu 2001",
    "et": "SpinalDorsalHalf",
    "off": 4352,
    "sff": "spinal"
  },
  {
    "docID": "N215 Verdu 2001",
    "et": "SpinalDorsalHalf",
    "off": 13448,
    "sff": "dorsal"
  },
  {
    "docID": "N215 Verdu 2001",
    "et": "SpinalDorsalHalf",
    "off": 9461,
    "sff": "Spinal"
  },
  {
    "docID": "N215 Verdu 2001",
    "et": "SpinalDorsalHalf",
    "off": 4601,
    "sff": "spinal"
  },
  {
    "docID": "N215 Verdu 2001",
    "et": "SpinalDorsalHalf",
    "off": 2680,
    "sff": "spinal"
  },
  {
    "docID": "N215 Verdu 2001",
    "et": "SpinalDorsalHalf",
    "off": 11809,
    "sff": "dorsal"
  },
  {
    "docID": "N215 Verdu 2001",
    "et": "SpinalDorsalHalf",
    "off": 21621,
    "sff": "spinal"
  },
  {
    "docID": "N215 Verdu 2001",
    "et": "SpinalDorsalHalf",
    "off": 8561,
    "sff": "spinal"
  },
  {
    "docID": "N215 Verdu 2001",
    "et": "17BetaEstradiolE2",
    "off": 5813,
    "sff": "17"
  },
  {
    "docID": "N215 Verdu 2001",
    "et": "17BetaEstradiolE2",
    "off": 2801,
    "sff": "17"
  },
  {
    "docID": "N215 Verdu 2001",
    "et": "Water",
    "off": 5593,
    "sff": "water"
  },
  {
    "docID": "N215 Verdu 2001",
    "et": "ExperimentalProcedure",
    "off": 8835,
    "sff": "experimental"
  },
  {
    "docID": "N215 Verdu 2001",
    "et": "ExperimentalProcedure",
    "off": 11139,
    "sff": "experimental"
  },
  {
    "docID": "N215 Verdu 2001",
    "et": "CorticospinalTract",
    "off": 20319,
    "sff": "corticospinal"
  },
  {
    "docID": "N215 Verdu 2001",
    "et": "CorticospinalTract",
    "off": 19936,
    "sff": "corticospinal"
  },
  {
    "docID": "N215 Verdu 2001",
    "et": "CorticospinalTract",
    "off": 20089,
    "sff": "corticospinal tract"
  },
  {
    "docID": "N215 Verdu 2001",
    "et": "CorticospinalTract",
    "off": 20248,
    "sff": "corticospinal tract"
  },
  {
    "docID": "N215 Verdu 2001",
    "et": "CorticospinalTract",
    "off": 20022,
    "sff": "corticospinal tract"
  },
  {
    "docID": "N215 Verdu 2001",
    "et": "BrainDerivedNeurotrophicFactor",
    "off": 14111,
    "sff": "brain"
  }
]
