[
  {
    "docID": "N223 Wu 2008",
    "et": "RecombinantEPORhEpo",
    "off": 17676,
    "sff": "recombinant"
  },
  {
    "docID": "N223 Wu 2008",
    "et": "RecombinantEPORhEpo",
    "off": 18857,
    "sff": "recombinant"
  },
  {
    "docID": "N223 Wu 2008",
    "et": "RecombinantEPORhEpo",
    "off": 7864,
    "sff": "recombinant"
  },
  {
    "docID": "N223 Wu 2008",
    "et": "RecombinantEPORhEpo",
    "off": 549,
    "sff": "recombinant"
  },
  {
    "docID": "N223 Wu 2008",
    "et": "RecombinantEPORhEpo",
    "off": 17812,
    "sff": "recombinant"
  },
  {
    "docID": "N223 Wu 2008",
    "et": "RecombinantEPORhEpo",
    "off": 23172,
    "sff": "recombinant"
  },
  {
    "docID": "N223 Wu 2008",
    "et": "RecombinantEPORhEpo",
    "off": 21296,
    "sff": "recombinant"
  },
  {
    "docID": "N223 Wu 2008",
    "et": "RecombinantEPORhEpo",
    "off": 4047,
    "sff": "Recombinant"
  },
  {
    "docID": "N223 Wu 2008",
    "et": "SubcutaneousLocation",
    "off": 11522,
    "sff": "subcutaneous"
  },
  {
    "docID": "N223 Wu 2008",
    "et": "Virus",
    "off": 22718,
    "sff": "virus"
  },
  {
    "docID": "N223 Wu 2008",
    "et": "OlfactoryEnsheathingGliaCell",
    "off": 283,
    "sff": "olfactory ensheathing glia"
  },
  {
    "docID": "N223 Wu 2008",
    "et": "OlfactoryEnsheathingGliaCell",
    "off": 283,
    "sff": "olfactory ensheathing"
  },
  {
    "docID": "N223 Wu 2008",
    "et": "OlfactoryEnsheathingGliaCell",
    "off": 4686,
    "sff": "olfactory"
  },
  {
    "docID": "N223 Wu 2008",
    "et": "OlfactoryEnsheathingGliaCell",
    "off": 15589,
    "sff": "olfactory ensheathing glia"
  },
  {
    "docID": "N223 Wu 2008",
    "et": "OlfactoryEnsheathingGliaCell",
    "off": 4428,
    "sff": "olfactory"
  },
  {
    "docID": "N223 Wu 2008",
    "et": "OlfactoryEnsheathingGliaCell",
    "off": 67,
    "sff": "olfactory ensheathing glia"
  },
  {
    "docID": "N223 Wu 2008",
    "et": "OlfactoryEnsheathingGliaCell",
    "off": 2149,
    "sff": "olfactory"
  },
  {
    "docID": "N223 Wu 2008",
    "et": "OlfactoryEnsheathingGliaCell",
    "off": 4706,
    "sff": "olfactory"
  },
  {
    "docID": "N223 Wu 2008",
    "et": "OlfactoryEnsheathingGliaCell",
    "off": 2448,
    "sff": "olfactory ensheathing"
  },
  {
    "docID": "N223 Wu 2008",
    "et": "OlfactoryEnsheathingGliaCell",
    "off": 2339,
    "sff": "olfactory"
  },
  {
    "docID": "N223 Wu 2008",
    "et": "OlfactoryEnsheathingGliaCell",
    "off": 15589,
    "sff": "olfactory ensheathing"
  },
  {
    "docID": "N223 Wu 2008",
    "et": "OlfactoryEnsheathingGliaCell",
    "off": 67,
    "sff": "olfactory ensheathing"
  },
  {
    "docID": "N223 Wu 2008",
    "et": "OlfactoryEnsheathingGliaCell",
    "off": 2448,
    "sff": "olfactory ensheathing glia"
  },
  {
    "docID": "N223 Wu 2008",
    "et": "Syringe",
    "off": 11452,
    "sff": "syringe"
  },
  {
    "docID": "N223 Wu 2008",
    "et": "GeneticModificationTreatment",
    "off": 21613,
    "sff": "genetic"
  },
  {
    "docID": "N223 Wu 2008",
    "et": "GeneticModificationTreatment",
    "off": 1393,
    "sff": "genetic"
  },
  {
    "docID": "N223 Wu 2008",
    "et": "SurgeryTreatment",
    "off": 12551,
    "sff": "surgery"
  },
  {
    "docID": "N223 Wu 2008",
    "et": "MagneticFieldApplication",
    "off": 20175,
    "sff": "field"
  },
  {
    "docID": "N223 Wu 2008",
    "et": "MagneticFieldApplication",
    "off": 12595,
    "sff": "field"
  },
  {
    "docID": "N223 Wu 2008",
    "et": "SpinalSubduralArea",
    "off": 1216,
    "sff": "spinal"
  },
  {
    "docID": "N223 Wu 2008",
    "et": "SpinalSubduralArea",
    "off": 2623,
    "sff": "spinal"
  },
  {
    "docID": "N223 Wu 2008",
    "et": "SpinalSubduralArea",
    "off": 23294,
    "sff": "spinal"
  },
  {
    "docID": "N223 Wu 2008",
    "et": "SpinalSubduralArea",
    "off": 19709,
    "sff": "spinal"
  },
  {
    "docID": "N223 Wu 2008",
    "et": "SpinalSubduralArea",
    "off": 19618,
    "sff": "spinal"
  },
  {
    "docID": "N223 Wu 2008",
    "et": "SpinalSubduralArea",
    "off": 663,
    "sff": "spinal"
  },
  {
    "docID": "N223 Wu 2008",
    "et": "SpinalSubduralArea",
    "off": 9815,
    "sff": "spinal"
  },
  {
    "docID": "N223 Wu 2008",
    "et": "SpinalSubduralArea",
    "off": 10871,
    "sff": "spinal"
  },
  {
    "docID": "N223 Wu 2008",
    "et": "SpinalSubduralArea",
    "off": 25175,
    "sff": "spinal"
  },
  {
    "docID": "N223 Wu 2008",
    "et": "SpinalSubduralArea",
    "off": 182,
    "sff": "spinal"
  },
  {
    "docID": "N223 Wu 2008",
    "et": "SpinalSubduralArea",
    "off": 21589,
    "sff": "spinal"
  },
  {
    "docID": "N223 Wu 2008",
    "et": "SpinalSubduralArea",
    "off": 24853,
    "sff": "spinal"
  },
  {
    "docID": "N223 Wu 2008",
    "et": "SpinalSubduralArea",
    "off": 21657,
    "sff": "spinal"
  },
  {
    "docID": "N223 Wu 2008",
    "et": "SpinalSubduralArea",
    "off": 10704,
    "sff": "spinal"
  },
  {
    "docID": "N223 Wu 2008",
    "et": "SpinalSubduralArea",
    "off": 13706,
    "sff": "Spinal"
  },
  {
    "docID": "N223 Wu 2008",
    "et": "SpinalSubduralArea",
    "off": 13236,
    "sff": "spinal"
  },
  {
    "docID": "N223 Wu 2008",
    "et": "SpinalSubduralArea",
    "off": 8689,
    "sff": "spinal"
  },
  {
    "docID": "N223 Wu 2008",
    "et": "SpinalSubduralArea",
    "off": 13480,
    "sff": "spinal"
  },
  {
    "docID": "N223 Wu 2008",
    "et": "SpinalSubduralArea",
    "off": 454,
    "sff": "spinal"
  },
  {
    "docID": "N223 Wu 2008",
    "et": "SpinalSubduralArea",
    "off": 25964,
    "sff": "spinal"
  },
  {
    "docID": "N223 Wu 2008",
    "et": "SpinalSubduralArea",
    "off": 1609,
    "sff": "spinal"
  },
  {
    "docID": "N223 Wu 2008",
    "et": "SpinalSubduralArea",
    "off": 25513,
    "sff": "spinal"
  },
  {
    "docID": "N223 Wu 2008",
    "et": "MouseSpecies",
    "off": 14035,
    "sff": "mouse"
  },
  {
    "docID": "N223 Wu 2008",
    "et": "ApplicationInstrument",
    "off": 3426,
    "sff": "application"
  },
  {
    "docID": "N223 Wu 2008",
    "et": "NOGOReceptorAntagonist",
    "off": 23395,
    "sff": "receptor"
  },
  {
    "docID": "N223 Wu 2008",
    "et": "NOGOReceptorAntagonist",
    "off": 25017,
    "sff": "Nogo"
  },
  {
    "docID": "N223 Wu 2008",
    "et": "SpinalFiberTract",
    "off": 1609,
    "sff": "spinal"
  },
  {
    "docID": "N223 Wu 2008",
    "et": "SpinalFiberTract",
    "off": 13480,
    "sff": "spinal"
  },
  {
    "docID": "N223 Wu 2008",
    "et": "SpinalFiberTract",
    "off": 25513,
    "sff": "spinal"
  },
  {
    "docID": "N223 Wu 2008",
    "et": "SpinalFiberTract",
    "off": 13706,
    "sff": "Spinal"
  },
  {
    "docID": "N223 Wu 2008",
    "et": "SpinalFiberTract",
    "off": 454,
    "sff": "spinal"
  },
  {
    "docID": "N223 Wu 2008",
    "et": "SpinalFiberTract",
    "off": 10704,
    "sff": "spinal"
  },
  {
    "docID": "N223 Wu 2008",
    "et": "SpinalFiberTract",
    "off": 8689,
    "sff": "spinal"
  },
  {
    "docID": "N223 Wu 2008",
    "et": "SpinalFiberTract",
    "off": 25964,
    "sff": "spinal"
  },
  {
    "docID": "N223 Wu 2008",
    "et": "SpinalFiberTract",
    "off": 21657,
    "sff": "spinal"
  },
  {
    "docID": "N223 Wu 2008",
    "et": "SpinalFiberTract",
    "off": 9815,
    "sff": "spinal"
  },
  {
    "docID": "N223 Wu 2008",
    "et": "SpinalFiberTract",
    "off": 10871,
    "sff": "spinal"
  },
  {
    "docID": "N223 Wu 2008",
    "et": "SpinalFiberTract",
    "off": 25175,
    "sff": "spinal"
  },
  {
    "docID": "N223 Wu 2008",
    "et": "SpinalFiberTract",
    "off": 663,
    "sff": "spinal"
  },
  {
    "docID": "N223 Wu 2008",
    "et": "SpinalFiberTract",
    "off": 13236,
    "sff": "spinal"
  },
  {
    "docID": "N223 Wu 2008",
    "et": "SpinalFiberTract",
    "off": 182,
    "sff": "spinal"
  },
  {
    "docID": "N223 Wu 2008",
    "et": "SpinalFiberTract",
    "off": 21589,
    "sff": "spinal"
  },
  {
    "docID": "N223 Wu 2008",
    "et": "SpinalFiberTract",
    "off": 24853,
    "sff": "spinal"
  },
  {
    "docID": "N223 Wu 2008",
    "et": "SpinalFiberTract",
    "off": 19618,
    "sff": "spinal"
  },
  {
    "docID": "N223 Wu 2008",
    "et": "SpinalFiberTract",
    "off": 1216,
    "sff": "spinal"
  },
  {
    "docID": "N223 Wu 2008",
    "et": "SpinalFiberTract",
    "off": 23294,
    "sff": "spinal"
  },
  {
    "docID": "N223 Wu 2008",
    "et": "SpinalFiberTract",
    "off": 2623,
    "sff": "spinal"
  },
  {
    "docID": "N223 Wu 2008",
    "et": "SpinalFiberTract",
    "off": 19709,
    "sff": "spinal"
  },
  {
    "docID": "N223 Wu 2008",
    "et": "DeliveryMethod",
    "off": 21839,
    "sff": "delivery"
  },
  {
    "docID": "N223 Wu 2008",
    "et": "DeliveryMethod",
    "off": 23160,
    "sff": "delivery"
  },
  {
    "docID": "N223 Wu 2008",
    "et": "DeliveryMethod",
    "off": 25414,
    "sff": "delivery"
  },
  {
    "docID": "N223 Wu 2008",
    "et": "DeliveryMethod",
    "off": 22277,
    "sff": "delivery"
  },
  {
    "docID": "N223 Wu 2008",
    "et": "DeliveryMethod",
    "off": 22475,
    "sff": "delivery"
  },
  {
    "docID": "N223 Wu 2008",
    "et": "DeliveryMethod",
    "off": 3241,
    "sff": "delivery"
  },
  {
    "docID": "N223 Wu 2008",
    "et": "SpinalVentralHalf",
    "off": 21657,
    "sff": "spinal"
  },
  {
    "docID": "N223 Wu 2008",
    "et": "SpinalVentralHalf",
    "off": 663,
    "sff": "spinal"
  },
  {
    "docID": "N223 Wu 2008",
    "et": "SpinalVentralHalf",
    "off": 9815,
    "sff": "spinal"
  },
  {
    "docID": "N223 Wu 2008",
    "et": "SpinalVentralHalf",
    "off": 10871,
    "sff": "spinal"
  },
  {
    "docID": "N223 Wu 2008",
    "et": "SpinalVentralHalf",
    "off": 25175,
    "sff": "spinal"
  },
  {
    "docID": "N223 Wu 2008",
    "et": "SpinalVentralHalf",
    "off": 21589,
    "sff": "spinal"
  },
  {
    "docID": "N223 Wu 2008",
    "et": "SpinalVentralHalf",
    "off": 24853,
    "sff": "spinal"
  },
  {
    "docID": "N223 Wu 2008",
    "et": "SpinalVentralHalf",
    "off": 182,
    "sff": "spinal"
  },
  {
    "docID": "N223 Wu 2008",
    "et": "SpinalVentralHalf",
    "off": 13236,
    "sff": "spinal"
  },
  {
    "docID": "N223 Wu 2008",
    "et": "SpinalVentralHalf",
    "off": 8689,
    "sff": "spinal"
  },
  {
    "docID": "N223 Wu 2008",
    "et": "SpinalVentralHalf",
    "off": 10704,
    "sff": "spinal"
  },
  {
    "docID": "N223 Wu 2008",
    "et": "SpinalVentralHalf",
    "off": 25964,
    "sff": "spinal"
  },
  {
    "docID": "N223 Wu 2008",
    "et": "SpinalVentralHalf",
    "off": 1609,
    "sff": "spinal"
  },
  {
    "docID": "N223 Wu 2008",
    "et": "SpinalVentralHalf",
    "off": 25513,
    "sff": "spinal"
  },
  {
    "docID": "N223 Wu 2008",
    "et": "SpinalVentralHalf",
    "off": 13706,
    "sff": "Spinal"
  },
  {
    "docID": "N223 Wu 2008",
    "et": "SpinalVentralHalf",
    "off": 13480,
    "sff": "spinal"
  },
  {
    "docID": "N223 Wu 2008",
    "et": "SpinalVentralHalf",
    "off": 454,
    "sff": "spinal"
  },
  {
    "docID": "N223 Wu 2008",
    "et": "SpinalVentralHalf",
    "off": 11060,
    "sff": "ventral"
  },
  {
    "docID": "N223 Wu 2008",
    "et": "SpinalVentralHalf",
    "off": 19618,
    "sff": "spinal"
  },
  {
    "docID": "N223 Wu 2008",
    "et": "SpinalVentralHalf",
    "off": 2623,
    "sff": "spinal"
  },
  {
    "docID": "N223 Wu 2008",
    "et": "SpinalVentralHalf",
    "off": 1216,
    "sff": "spinal"
  },
  {
    "docID": "N223 Wu 2008",
    "et": "SpinalVentralHalf",
    "off": 19709,
    "sff": "spinal"
  },
  {
    "docID": "N223 Wu 2008",
    "et": "SpinalVentralHalf",
    "off": 10967,
    "sff": "ventral"
  },
  {
    "docID": "N223 Wu 2008",
    "et": "SpinalVentralHalf",
    "off": 23294,
    "sff": "spinal"
  },
  {
    "docID": "N223 Wu 2008",
    "et": "DorsalColumn",
    "off": 11104,
    "sff": "dorsal"
  },
  {
    "docID": "N223 Wu 2008",
    "et": "DorsalColumn",
    "off": 24121,
    "sff": "dorsal"
  },
  {
    "docID": "N223 Wu 2008",
    "et": "DorsalColumn",
    "off": 10978,
    "sff": "dorsal"
  },
  {
    "docID": "N223 Wu 2008",
    "et": "Left",
    "off": 7550,
    "sff": "left"
  },
  {
    "docID": "N223 Wu 2008",
    "et": "Left",
    "off": 13294,
    "sff": "left"
  },
  {
    "docID": "N223 Wu 2008",
    "et": "Left",
    "off": 12826,
    "sff": "left"
  },
  {
    "docID": "N223 Wu 2008",
    "et": "Left",
    "off": 8987,
    "sff": "left"
  },
  {
    "docID": "N223 Wu 2008",
    "et": "SubstanceApplicationLocation",
    "off": 3426,
    "sff": "application"
  },
  {
    "docID": "N223 Wu 2008",
    "et": "Tissue",
    "off": 19044,
    "sff": "tissue"
  },
  {
    "docID": "N223 Wu 2008",
    "et": "Tissue",
    "off": 4933,
    "sff": "tissue"
  },
  {
    "docID": "N223 Wu 2008",
    "et": "Tissue",
    "off": 14173,
    "sff": "tissue"
  },
  {
    "docID": "N223 Wu 2008",
    "et": "InjectionDelivery",
    "off": 11535,
    "sff": "injection"
  },
  {
    "docID": "N223 Wu 2008",
    "et": "InjectionDelivery",
    "off": 11184,
    "sff": "injection"
  },
  {
    "docID": "N223 Wu 2008",
    "et": "InjectionDelivery",
    "off": 4551,
    "sff": "injection"
  },
  {
    "docID": "N223 Wu 2008",
    "et": "SpinalLesionSite",
    "off": 10871,
    "sff": "spinal"
  },
  {
    "docID": "N223 Wu 2008",
    "et": "SpinalLesionSite",
    "off": 19642,
    "sff": "lesion"
  },
  {
    "docID": "N223 Wu 2008",
    "et": "SpinalLesionSite",
    "off": 182,
    "sff": "spinal"
  },
  {
    "docID": "N223 Wu 2008",
    "et": "SpinalLesionSite",
    "off": 13236,
    "sff": "spinal"
  },
  {
    "docID": "N223 Wu 2008",
    "et": "SpinalLesionSite",
    "off": 8689,
    "sff": "spinal"
  },
  {
    "docID": "N223 Wu 2008",
    "et": "SpinalLesionSite",
    "off": 2623,
    "sff": "spinal"
  },
  {
    "docID": "N223 Wu 2008",
    "et": "SpinalLesionSite",
    "off": 1216,
    "sff": "spinal"
  },
  {
    "docID": "N223 Wu 2008",
    "et": "SpinalLesionSite",
    "off": 14835,
    "sff": "lesion"
  },
  {
    "docID": "N223 Wu 2008",
    "et": "SpinalLesionSite",
    "off": 23294,
    "sff": "spinal"
  },
  {
    "docID": "N223 Wu 2008",
    "et": "SpinalLesionSite",
    "off": 19709,
    "sff": "spinal"
  },
  {
    "docID": "N223 Wu 2008",
    "et": "SpinalLesionSite",
    "off": 13480,
    "sff": "spinal"
  },
  {
    "docID": "N223 Wu 2008",
    "et": "SpinalLesionSite",
    "off": 19618,
    "sff": "spinal"
  },
  {
    "docID": "N223 Wu 2008",
    "et": "SpinalLesionSite",
    "off": 25964,
    "sff": "spinal"
  },
  {
    "docID": "N223 Wu 2008",
    "et": "SpinalLesionSite",
    "off": 25513,
    "sff": "spinal"
  },
  {
    "docID": "N223 Wu 2008",
    "et": "SpinalLesionSite",
    "off": 663,
    "sff": "spinal"
  },
  {
    "docID": "N223 Wu 2008",
    "et": "SpinalLesionSite",
    "off": 9815,
    "sff": "spinal"
  },
  {
    "docID": "N223 Wu 2008",
    "et": "SpinalLesionSite",
    "off": 25175,
    "sff": "spinal"
  },
  {
    "docID": "N223 Wu 2008",
    "et": "SpinalLesionSite",
    "off": 21589,
    "sff": "spinal"
  },
  {
    "docID": "N223 Wu 2008",
    "et": "SpinalLesionSite",
    "off": 24853,
    "sff": "spinal"
  },
  {
    "docID": "N223 Wu 2008",
    "et": "SpinalLesionSite",
    "off": 21657,
    "sff": "spinal"
  },
  {
    "docID": "N223 Wu 2008",
    "et": "SpinalLesionSite",
    "off": 454,
    "sff": "spinal"
  },
  {
    "docID": "N223 Wu 2008",
    "et": "SpinalLesionSite",
    "off": 13262,
    "sff": "lesion"
  },
  {
    "docID": "N223 Wu 2008",
    "et": "SpinalLesionSite",
    "off": 13706,
    "sff": "Spinal"
  },
  {
    "docID": "N223 Wu 2008",
    "et": "SpinalLesionSite",
    "off": 10704,
    "sff": "spinal"
  },
  {
    "docID": "N223 Wu 2008",
    "et": "SpinalLesionSite",
    "off": 1609,
    "sff": "spinal"
  },
  {
    "docID": "N223 Wu 2008",
    "et": "SpinalLesionSite",
    "off": 10949,
    "sff": "lesion"
  },
  {
    "docID": "N223 Wu 2008",
    "et": "T9",
    "off": 10656,
    "sff": "T9"
  },
  {
    "docID": "N223 Wu 2008",
    "et": "T9",
    "off": 676,
    "sff": "T9"
  },
  {
    "docID": "N223 Wu 2008",
    "et": "AnimalSpecies",
    "off": 9690,
    "sff": "Animal"
  },
  {
    "docID": "N223 Wu 2008",
    "et": "AnimalSpecies",
    "off": 12778,
    "sff": "animal"
  },
  {
    "docID": "N223 Wu 2008",
    "et": "AnimalSpecies",
    "off": 15306,
    "sff": "animal"
  },
  {
    "docID": "N223 Wu 2008",
    "et": "AnimalSpecies",
    "off": 12902,
    "sff": "animal"
  },
  {
    "docID": "N223 Wu 2008",
    "et": "Ice",
    "off": 4778,
    "sff": "ice"
  },
  {
    "docID": "N223 Wu 2008",
    "et": "Ice",
    "off": 4857,
    "sff": "ice"
  },
  {
    "docID": "N223 Wu 2008",
    "et": "CompoundBiologicalRelation",
    "off": 23327,
    "sff": "biological"
  },
  {
    "docID": "N223 Wu 2008",
    "et": "CompoundBiologicalRelation",
    "off": 7792,
    "sff": "Biological"
  },
  {
    "docID": "N223 Wu 2008",
    "et": "CompoundBiologicalRelation",
    "off": 17904,
    "sff": "Biological"
  },
  {
    "docID": "N223 Wu 2008",
    "et": "CompoundBiologicalRelation",
    "off": 21326,
    "sff": "biological"
  },
  {
    "docID": "N223 Wu 2008",
    "et": "NT3Lentivirus",
    "off": 8952,
    "sff": "NT3"
  },
  {
    "docID": "N223 Wu 2008",
    "et": "NT3Lentivirus",
    "off": 1050,
    "sff": "NT3"
  },
  {
    "docID": "N223 Wu 2008",
    "et": "NT3Lentivirus",
    "off": 20764,
    "sff": "NT3"
  },
  {
    "docID": "N223 Wu 2008",
    "et": "NT3Lentivirus",
    "off": 17598,
    "sff": "NT3"
  },
  {
    "docID": "N223 Wu 2008",
    "et": "NT3Lentivirus",
    "off": 19966,
    "sff": "NT3"
  },
  {
    "docID": "N223 Wu 2008",
    "et": "NT3Lentivirus",
    "off": 19357,
    "sff": "NT3"
  },
  {
    "docID": "N223 Wu 2008",
    "et": "NT3Lentivirus",
    "off": 4079,
    "sff": "NT3"
  },
  {
    "docID": "N223 Wu 2008",
    "et": "NT3Lentivirus",
    "off": 20688,
    "sff": "NT3"
  },
  {
    "docID": "N223 Wu 2008",
    "et": "NT3Lentivirus",
    "off": 8468,
    "sff": "NT3"
  },
  {
    "docID": "N223 Wu 2008",
    "et": "NT3Lentivirus",
    "off": 16374,
    "sff": "NT3"
  },
  {
    "docID": "N223 Wu 2008",
    "et": "NT3Lentivirus",
    "off": 16135,
    "sff": "NT3"
  },
  {
    "docID": "N223 Wu 2008",
    "et": "NT3Lentivirus",
    "off": 809,
    "sff": "NT3"
  },
  {
    "docID": "N223 Wu 2008",
    "et": "NT3Lentivirus",
    "off": 21355,
    "sff": "NT3"
  },
  {
    "docID": "N223 Wu 2008",
    "et": "NT3Lentivirus",
    "off": 20386,
    "sff": "NT3"
  },
  {
    "docID": "N223 Wu 2008",
    "et": "NT3Lentivirus",
    "off": 21506,
    "sff": "NT3"
  },
  {
    "docID": "N223 Wu 2008",
    "et": "NT3Lentivirus",
    "off": 10116,
    "sff": "NT3"
  },
  {
    "docID": "N223 Wu 2008",
    "et": "NT3Lentivirus",
    "off": 581,
    "sff": "NT3"
  },
  {
    "docID": "N223 Wu 2008",
    "et": "NT3Lentivirus",
    "off": 16166,
    "sff": "NT3"
  },
  {
    "docID": "N223 Wu 2008",
    "et": "NT3Lentivirus",
    "off": 19077,
    "sff": "NT3"
  },
  {
    "docID": "N223 Wu 2008",
    "et": "Right",
    "off": 12835,
    "sff": "right"
  },
  {
    "docID": "N223 Wu 2008",
    "et": "TemperatureTreatment",
    "off": 14403,
    "sff": "temperature"
  },
  {
    "docID": "N223 Wu 2008",
    "et": "TemperatureTreatment",
    "off": 6873,
    "sff": "temperature"
  },
  {
    "docID": "N223 Wu 2008",
    "et": "TemperatureTreatment",
    "off": 7017,
    "sff": "temperature"
  },
  {
    "docID": "N223 Wu 2008",
    "et": "PBS",
    "off": 13620,
    "sff": "PBS"
  },
  {
    "docID": "N223 Wu 2008",
    "et": "SpinalCord",
    "off": 10704,
    "sff": "spinal cord"
  },
  {
    "docID": "N223 Wu 2008",
    "et": "SpinalCord",
    "off": 13706,
    "sff": "Spinal cord"
  },
  {
    "docID": "N223 Wu 2008",
    "et": "SpinalCord",
    "off": 13236,
    "sff": "spinal cord"
  },
  {
    "docID": "N223 Wu 2008",
    "et": "SpinalCord",
    "off": 21589,
    "sff": "spinal cord"
  },
  {
    "docID": "N223 Wu 2008",
    "et": "SpinalCord",
    "off": 24853,
    "sff": "spinal cord"
  },
  {
    "docID": "N223 Wu 2008",
    "et": "SpinalCord",
    "off": 454,
    "sff": "spinal cord"
  },
  {
    "docID": "N223 Wu 2008",
    "et": "SpinalCord",
    "off": 1609,
    "sff": "spinal cord"
  },
  {
    "docID": "N223 Wu 2008",
    "et": "SpinalCord",
    "off": 8689,
    "sff": "spinal"
  },
  {
    "docID": "N223 Wu 2008",
    "et": "SpinalCord",
    "off": 25513,
    "sff": "spinal cord"
  },
  {
    "docID": "N223 Wu 2008",
    "et": "SpinalCord",
    "off": 25964,
    "sff": "spinal cord"
  },
  {
    "docID": "N223 Wu 2008",
    "et": "SpinalCord",
    "off": 23294,
    "sff": "spinal cord"
  },
  {
    "docID": "N223 Wu 2008",
    "et": "SpinalCord",
    "off": 2623,
    "sff": "spinal cord"
  },
  {
    "docID": "N223 Wu 2008",
    "et": "SpinalCord",
    "off": 13480,
    "sff": "spinal"
  },
  {
    "docID": "N223 Wu 2008",
    "et": "SpinalCord",
    "off": 19618,
    "sff": "spinal cord"
  },
  {
    "docID": "N223 Wu 2008",
    "et": "SpinalCord",
    "off": 182,
    "sff": "spinal cord"
  },
  {
    "docID": "N223 Wu 2008",
    "et": "SpinalCord",
    "off": 663,
    "sff": "spinal cord"
  },
  {
    "docID": "N223 Wu 2008",
    "et": "SpinalCord",
    "off": 9815,
    "sff": "spinal cord"
  },
  {
    "docID": "N223 Wu 2008",
    "et": "SpinalCord",
    "off": 10871,
    "sff": "spinal cord"
  },
  {
    "docID": "N223 Wu 2008",
    "et": "SpinalCord",
    "off": 25175,
    "sff": "spinal cord"
  },
  {
    "docID": "N223 Wu 2008",
    "et": "SpinalCord",
    "off": 1216,
    "sff": "spinal"
  },
  {
    "docID": "N223 Wu 2008",
    "et": "SpinalCord",
    "off": 21657,
    "sff": "spinal cord"
  },
  {
    "docID": "N223 Wu 2008",
    "et": "SpinalCord",
    "off": 19709,
    "sff": "spinal cord"
  },
  {
    "docID": "N223 Wu 2008",
    "et": "LesionAdjacentTissue",
    "off": 13262,
    "sff": "lesion"
  },
  {
    "docID": "N223 Wu 2008",
    "et": "LesionAdjacentTissue",
    "off": 19642,
    "sff": "lesion"
  },
  {
    "docID": "N223 Wu 2008",
    "et": "LesionAdjacentTissue",
    "off": 14835,
    "sff": "lesion"
  },
  {
    "docID": "N223 Wu 2008",
    "et": "LesionAdjacentTissue",
    "off": 10949,
    "sff": "lesion"
  },
  {
    "docID": "N223 Wu 2008",
    "et": "CentralNervousSystem",
    "off": 3104,
    "sff": "nervous"
  },
  {
    "docID": "N223 Wu 2008",
    "et": "CentralNervousSystem",
    "off": 1800,
    "sff": "central nervous"
  },
  {
    "docID": "N223 Wu 2008",
    "et": "CentralNervousSystem",
    "off": 3104,
    "sff": "nervous system"
  },
  {
    "docID": "N223 Wu 2008",
    "et": "CentralNervousSystem",
    "off": 1800,
    "sff": "central nervous system"
  },
  {
    "docID": "N223 Wu 2008",
    "et": "OscillatingFieldStimulator",
    "off": 12595,
    "sff": "field"
  },
  {
    "docID": "N223 Wu 2008",
    "et": "OscillatingFieldStimulator",
    "off": 20175,
    "sff": "field"
  },
  {
    "docID": "N223 Wu 2008",
    "et": "WistarRat",
    "off": 623,
    "sff": "Wistar"
  },
  {
    "docID": "N223 Wu 2008",
    "et": "WistarRat",
    "off": 4508,
    "sff": "Wistar"
  },
  {
    "docID": "N223 Wu 2008",
    "et": "WistarRat",
    "off": 9462,
    "sff": "Wistar"
  },
  {
    "docID": "N223 Wu 2008",
    "et": "SpinalCentralPart",
    "off": 2623,
    "sff": "spinal"
  },
  {
    "docID": "N223 Wu 2008",
    "et": "SpinalCentralPart",
    "off": 23294,
    "sff": "spinal"
  },
  {
    "docID": "N223 Wu 2008",
    "et": "SpinalCentralPart",
    "off": 1216,
    "sff": "spinal"
  },
  {
    "docID": "N223 Wu 2008",
    "et": "SpinalCentralPart",
    "off": 19709,
    "sff": "spinal"
  },
  {
    "docID": "N223 Wu 2008",
    "et": "SpinalCentralPart",
    "off": 454,
    "sff": "spinal"
  },
  {
    "docID": "N223 Wu 2008",
    "et": "SpinalCentralPart",
    "off": 1609,
    "sff": "spinal"
  },
  {
    "docID": "N223 Wu 2008",
    "et": "SpinalCentralPart",
    "off": 25513,
    "sff": "spinal"
  },
  {
    "docID": "N223 Wu 2008",
    "et": "SpinalCentralPart",
    "off": 1800,
    "sff": "central"
  },
  {
    "docID": "N223 Wu 2008",
    "et": "SpinalCentralPart",
    "off": 13480,
    "sff": "spinal"
  },
  {
    "docID": "N223 Wu 2008",
    "et": "SpinalCentralPart",
    "off": 19618,
    "sff": "spinal"
  },
  {
    "docID": "N223 Wu 2008",
    "et": "SpinalCentralPart",
    "off": 13706,
    "sff": "Spinal"
  },
  {
    "docID": "N223 Wu 2008",
    "et": "SpinalCentralPart",
    "off": 8689,
    "sff": "spinal"
  },
  {
    "docID": "N223 Wu 2008",
    "et": "SpinalCentralPart",
    "off": 10704,
    "sff": "spinal"
  },
  {
    "docID": "N223 Wu 2008",
    "et": "SpinalCentralPart",
    "off": 25964,
    "sff": "spinal"
  },
  {
    "docID": "N223 Wu 2008",
    "et": "SpinalCentralPart",
    "off": 663,
    "sff": "spinal"
  },
  {
    "docID": "N223 Wu 2008",
    "et": "SpinalCentralPart",
    "off": 9815,
    "sff": "spinal"
  },
  {
    "docID": "N223 Wu 2008",
    "et": "SpinalCentralPart",
    "off": 10871,
    "sff": "spinal"
  },
  {
    "docID": "N223 Wu 2008",
    "et": "SpinalCentralPart",
    "off": 25175,
    "sff": "spinal"
  },
  {
    "docID": "N223 Wu 2008",
    "et": "SpinalCentralPart",
    "off": 182,
    "sff": "spinal"
  },
  {
    "docID": "N223 Wu 2008",
    "et": "SpinalCentralPart",
    "off": 21657,
    "sff": "spinal"
  },
  {
    "docID": "N223 Wu 2008",
    "et": "SpinalCentralPart",
    "off": 21589,
    "sff": "spinal"
  },
  {
    "docID": "N223 Wu 2008",
    "et": "SpinalCentralPart",
    "off": 24853,
    "sff": "spinal"
  },
  {
    "docID": "N223 Wu 2008",
    "et": "SpinalCentralPart",
    "off": 13236,
    "sff": "spinal"
  },
  {
    "docID": "N223 Wu 2008",
    "et": "AnatomicalLocation",
    "off": 3904,
    "sff": "Anatomical"
  },
  {
    "docID": "N223 Wu 2008",
    "et": "DNA",
    "off": 6934,
    "sff": "DNA"
  },
  {
    "docID": "N223 Wu 2008",
    "et": "DNA",
    "off": 4277,
    "sff": "DNA"
  },
  {
    "docID": "N223 Wu 2008",
    "et": "Brain",
    "off": 3356,
    "sff": "brain"
  },
  {
    "docID": "N223 Wu 2008",
    "et": "AscendingFiberTract",
    "off": 1701,
    "sff": "ascending"
  },
  {
    "docID": "N223 Wu 2008",
    "et": "SpinalWhiteMatter",
    "off": 21657,
    "sff": "spinal"
  },
  {
    "docID": "N223 Wu 2008",
    "et": "SpinalWhiteMatter",
    "off": 9815,
    "sff": "spinal"
  },
  {
    "docID": "N223 Wu 2008",
    "et": "SpinalWhiteMatter",
    "off": 10871,
    "sff": "spinal"
  },
  {
    "docID": "N223 Wu 2008",
    "et": "SpinalWhiteMatter",
    "off": 25175,
    "sff": "spinal"
  },
  {
    "docID": "N223 Wu 2008",
    "et": "SpinalWhiteMatter",
    "off": 663,
    "sff": "spinal"
  },
  {
    "docID": "N223 Wu 2008",
    "et": "SpinalWhiteMatter",
    "off": 13236,
    "sff": "spinal"
  },
  {
    "docID": "N223 Wu 2008",
    "et": "SpinalWhiteMatter",
    "off": 182,
    "sff": "spinal"
  },
  {
    "docID": "N223 Wu 2008",
    "et": "SpinalWhiteMatter",
    "off": 21589,
    "sff": "spinal"
  },
  {
    "docID": "N223 Wu 2008",
    "et": "SpinalWhiteMatter",
    "off": 24853,
    "sff": "spinal"
  },
  {
    "docID": "N223 Wu 2008",
    "et": "SpinalWhiteMatter",
    "off": 10704,
    "sff": "spinal"
  },
  {
    "docID": "N223 Wu 2008",
    "et": "SpinalWhiteMatter",
    "off": 8689,
    "sff": "spinal"
  },
  {
    "docID": "N223 Wu 2008",
    "et": "SpinalWhiteMatter",
    "off": 25964,
    "sff": "spinal"
  },
  {
    "docID": "N223 Wu 2008",
    "et": "SpinalWhiteMatter",
    "off": 1609,
    "sff": "spinal"
  },
  {
    "docID": "N223 Wu 2008",
    "et": "SpinalWhiteMatter",
    "off": 13480,
    "sff": "spinal"
  },
  {
    "docID": "N223 Wu 2008",
    "et": "SpinalWhiteMatter",
    "off": 25513,
    "sff": "spinal"
  },
  {
    "docID": "N223 Wu 2008",
    "et": "SpinalWhiteMatter",
    "off": 13706,
    "sff": "Spinal"
  },
  {
    "docID": "N223 Wu 2008",
    "et": "SpinalWhiteMatter",
    "off": 454,
    "sff": "spinal"
  },
  {
    "docID": "N223 Wu 2008",
    "et": "SpinalWhiteMatter",
    "off": 19618,
    "sff": "spinal"
  },
  {
    "docID": "N223 Wu 2008",
    "et": "SpinalWhiteMatter",
    "off": 1216,
    "sff": "spinal"
  },
  {
    "docID": "N223 Wu 2008",
    "et": "SpinalWhiteMatter",
    "off": 23294,
    "sff": "spinal"
  },
  {
    "docID": "N223 Wu 2008",
    "et": "SpinalWhiteMatter",
    "off": 2623,
    "sff": "spinal"
  },
  {
    "docID": "N223 Wu 2008",
    "et": "SpinalWhiteMatter",
    "off": 19709,
    "sff": "spinal"
  },
  {
    "docID": "N223 Wu 2008",
    "et": "Antibody",
    "off": 14301,
    "sff": "antibody"
  },
  {
    "docID": "N223 Wu 2008",
    "et": "UmbilicalCordBloodStemCell",
    "off": 2630,
    "sff": "cord"
  },
  {
    "docID": "N223 Wu 2008",
    "et": "UmbilicalCordBloodStemCell",
    "off": 23301,
    "sff": "cord"
  },
  {
    "docID": "N223 Wu 2008",
    "et": "UmbilicalCordBloodStemCell",
    "off": 11044,
    "sff": "cord"
  },
  {
    "docID": "N223 Wu 2008",
    "et": "UmbilicalCordBloodStemCell",
    "off": 19716,
    "sff": "cord"
  },
  {
    "docID": "N223 Wu 2008",
    "et": "UmbilicalCordBloodStemCell",
    "off": 11369,
    "sff": "cord"
  },
  {
    "docID": "N223 Wu 2008",
    "et": "UmbilicalCordBloodStemCell",
    "off": 19625,
    "sff": "cord"
  },
  {
    "docID": "N223 Wu 2008",
    "et": "UmbilicalCordBloodStemCell",
    "off": 461,
    "sff": "cord"
  },
  {
    "docID": "N223 Wu 2008",
    "et": "UmbilicalCordBloodStemCell",
    "off": 13713,
    "sff": "cord"
  },
  {
    "docID": "N223 Wu 2008",
    "et": "UmbilicalCordBloodStemCell",
    "off": 1616,
    "sff": "cord"
  },
  {
    "docID": "N223 Wu 2008",
    "et": "UmbilicalCordBloodStemCell",
    "off": 25520,
    "sff": "cord"
  },
  {
    "docID": "N223 Wu 2008",
    "et": "UmbilicalCordBloodStemCell",
    "off": 25971,
    "sff": "cord"
  },
  {
    "docID": "N223 Wu 2008",
    "et": "UmbilicalCordBloodStemCell",
    "off": 10711,
    "sff": "cord"
  },
  {
    "docID": "N223 Wu 2008",
    "et": "UmbilicalCordBloodStemCell",
    "off": 670,
    "sff": "cord"
  },
  {
    "docID": "N223 Wu 2008",
    "et": "UmbilicalCordBloodStemCell",
    "off": 9822,
    "sff": "cord"
  },
  {
    "docID": "N223 Wu 2008",
    "et": "UmbilicalCordBloodStemCell",
    "off": 10878,
    "sff": "cord"
  },
  {
    "docID": "N223 Wu 2008",
    "et": "UmbilicalCordBloodStemCell",
    "off": 25182,
    "sff": "cord"
  },
  {
    "docID": "N223 Wu 2008",
    "et": "UmbilicalCordBloodStemCell",
    "off": 189,
    "sff": "cord"
  },
  {
    "docID": "N223 Wu 2008",
    "et": "UmbilicalCordBloodStemCell",
    "off": 21596,
    "sff": "cord"
  },
  {
    "docID": "N223 Wu 2008",
    "et": "UmbilicalCordBloodStemCell",
    "off": 24860,
    "sff": "cord"
  },
  {
    "docID": "N223 Wu 2008",
    "et": "UmbilicalCordBloodStemCell",
    "off": 13243,
    "sff": "cord"
  },
  {
    "docID": "N223 Wu 2008",
    "et": "UmbilicalCordBloodStemCell",
    "off": 21664,
    "sff": "cord"
  },
  {
    "docID": "N223 Wu 2008",
    "et": "Protein",
    "off": 7881,
    "sff": "protein"
  },
  {
    "docID": "N223 Wu 2008",
    "et": "Protein",
    "off": 23275,
    "sff": "protein"
  },
  {
    "docID": "N223 Wu 2008",
    "et": "Protein",
    "off": 21313,
    "sff": "protein"
  },
  {
    "docID": "N223 Wu 2008",
    "et": "GlialCell",
    "off": 19572,
    "sff": "glial"
  },
  {
    "docID": "N223 Wu 2008",
    "et": "SpinalGrayMatter",
    "off": 2623,
    "sff": "spinal"
  },
  {
    "docID": "N223 Wu 2008",
    "et": "SpinalGrayMatter",
    "off": 23294,
    "sff": "spinal"
  },
  {
    "docID": "N223 Wu 2008",
    "et": "SpinalGrayMatter",
    "off": 19709,
    "sff": "spinal"
  },
  {
    "docID": "N223 Wu 2008",
    "et": "SpinalGrayMatter",
    "off": 21657,
    "sff": "spinal"
  },
  {
    "docID": "N223 Wu 2008",
    "et": "SpinalGrayMatter",
    "off": 182,
    "sff": "spinal"
  },
  {
    "docID": "N223 Wu 2008",
    "et": "SpinalGrayMatter",
    "off": 9815,
    "sff": "spinal"
  },
  {
    "docID": "N223 Wu 2008",
    "et": "SpinalGrayMatter",
    "off": 10871,
    "sff": "spinal"
  },
  {
    "docID": "N223 Wu 2008",
    "et": "SpinalGrayMatter",
    "off": 25175,
    "sff": "spinal"
  },
  {
    "docID": "N223 Wu 2008",
    "et": "SpinalGrayMatter",
    "off": 663,
    "sff": "spinal"
  },
  {
    "docID": "N223 Wu 2008",
    "et": "SpinalGrayMatter",
    "off": 21589,
    "sff": "spinal"
  },
  {
    "docID": "N223 Wu 2008",
    "et": "SpinalGrayMatter",
    "off": 24853,
    "sff": "spinal"
  },
  {
    "docID": "N223 Wu 2008",
    "et": "SpinalGrayMatter",
    "off": 13236,
    "sff": "spinal"
  },
  {
    "docID": "N223 Wu 2008",
    "et": "SpinalGrayMatter",
    "off": 11083,
    "sff": "gray"
  },
  {
    "docID": "N223 Wu 2008",
    "et": "SpinalGrayMatter",
    "off": 8689,
    "sff": "spinal"
  },
  {
    "docID": "N223 Wu 2008",
    "et": "SpinalGrayMatter",
    "off": 10704,
    "sff": "spinal"
  },
  {
    "docID": "N223 Wu 2008",
    "et": "SpinalGrayMatter",
    "off": 13706,
    "sff": "Spinal"
  },
  {
    "docID": "N223 Wu 2008",
    "et": "SpinalGrayMatter",
    "off": 25964,
    "sff": "spinal"
  },
  {
    "docID": "N223 Wu 2008",
    "et": "SpinalGrayMatter",
    "off": 1609,
    "sff": "spinal"
  },
  {
    "docID": "N223 Wu 2008",
    "et": "SpinalGrayMatter",
    "off": 25513,
    "sff": "spinal"
  },
  {
    "docID": "N223 Wu 2008",
    "et": "SpinalGrayMatter",
    "off": 13480,
    "sff": "spinal"
  },
  {
    "docID": "N223 Wu 2008",
    "et": "SpinalGrayMatter",
    "off": 454,
    "sff": "spinal"
  },
  {
    "docID": "N223 Wu 2008",
    "et": "SpinalGrayMatter",
    "off": 19618,
    "sff": "spinal"
  },
  {
    "docID": "N223 Wu 2008",
    "et": "SpinalGrayMatter",
    "off": 1216,
    "sff": "spinal"
  },
  {
    "docID": "N223 Wu 2008",
    "et": "NucleicAcid",
    "off": 22129,
    "sff": "nucleic"
  },
  {
    "docID": "N223 Wu 2008",
    "et": "NucleicAcid",
    "off": 22487,
    "sff": "nucleic"
  },
  {
    "docID": "N223 Wu 2008",
    "et": "NucleicAcid",
    "off": 21851,
    "sff": "nucleic"
  },
  {
    "docID": "N223 Wu 2008",
    "et": "RatSpecies",
    "off": 4158,
    "sff": "rat"
  },
  {
    "docID": "N223 Wu 2008",
    "et": "Enzyme",
    "off": 4256,
    "sff": "enzyme"
  },
  {
    "docID": "N223 Wu 2008",
    "et": "CurrentApplication",
    "off": 22032,
    "sff": "current"
  },
  {
    "docID": "N223 Wu 2008",
    "et": "ImplantedDepotPellet",
    "off": 20359,
    "sff": "implanted"
  },
  {
    "docID": "N223 Wu 2008",
    "et": "ImplantedDepotPellet",
    "off": 602,
    "sff": "implanted"
  },
  {
    "docID": "N223 Wu 2008",
    "et": "ImplantedDepotPellet",
    "off": 956,
    "sff": "implanted"
  },
  {
    "docID": "N223 Wu 2008",
    "et": "NewZealandRabbit",
    "off": 3409,
    "sff": "new"
  },
  {
    "docID": "N223 Wu 2008",
    "et": "NewZealandRabbit",
    "off": 3605,
    "sff": "new"
  },
  {
    "docID": "N223 Wu 2008",
    "et": "NewZealandRabbit",
    "off": 697,
    "sff": "New"
  },
  {
    "docID": "N223 Wu 2008",
    "et": "NewZealandRabbit",
    "off": 10736,
    "sff": "New"
  },
  {
    "docID": "N223 Wu 2008",
    "et": "Micropipette",
    "off": 11429,
    "sff": "micropipette"
  },
  {
    "docID": "N223 Wu 2008",
    "et": "SigmaAldrich",
    "off": 5060,
    "sff": "Sigma"
  },
  {
    "docID": "N223 Wu 2008",
    "et": "SigmaAldrich",
    "off": 5108,
    "sff": "Sigma"
  },
  {
    "docID": "N223 Wu 2008",
    "et": "SigmaAldrich",
    "off": 8195,
    "sff": "Sigma"
  },
  {
    "docID": "N223 Wu 2008",
    "et": "SigmaAldrich",
    "off": 14451,
    "sff": "Sigma"
  },
  {
    "docID": "N223 Wu 2008",
    "et": "SigmaAldrich",
    "off": 8223,
    "sff": "Sigma"
  },
  {
    "docID": "N223 Wu 2008",
    "et": "T10",
    "off": 10659,
    "sff": "T10"
  },
  {
    "docID": "N223 Wu 2008",
    "et": "Thoracic",
    "off": 445,
    "sff": "thoracic"
  },
  {
    "docID": "N223 Wu 2008",
    "et": "Thoracic",
    "off": 9806,
    "sff": "thoracic"
  },
  {
    "docID": "N223 Wu 2008",
    "et": "Thoracic",
    "off": 3887,
    "sff": "thoracic"
  },
  {
    "docID": "N223 Wu 2008",
    "et": "Thoracic",
    "off": 654,
    "sff": "thoracic"
  },
  {
    "docID": "N223 Wu 2008",
    "et": "Thoracic",
    "off": 10517,
    "sff": "thoracic"
  },
  {
    "docID": "N223 Wu 2008",
    "et": "StemCellSourceType",
    "off": 2438,
    "sff": "cell"
  },
  {
    "docID": "N223 Wu 2008",
    "et": "StemCellSourceType",
    "off": 5620,
    "sff": "cell"
  },
  {
    "docID": "N223 Wu 2008",
    "et": "InVitroExperimentalProcedure",
    "off": 16707,
    "sff": "vitro"
  },
  {
    "docID": "N223 Wu 2008",
    "et": "InVitroExperimentalProcedure",
    "off": 9442,
    "sff": "Experimental"
  },
  {
    "docID": "N223 Wu 2008",
    "et": "InVitroExperimentalProcedure",
    "off": 9604,
    "sff": "experimental"
  },
  {
    "docID": "N223 Wu 2008",
    "et": "IntraperitonealLocation",
    "off": 4535,
    "sff": "intraperitoneal"
  },
  {
    "docID": "N223 Wu 2008",
    "et": "AntiNogoAAntibody",
    "off": 25017,
    "sff": "Nogo"
  },
  {
    "docID": "N223 Wu 2008",
    "et": "Cell",
    "off": 2438,
    "sff": "cell"
  },
  {
    "docID": "N223 Wu 2008",
    "et": "Cell",
    "off": 5620,
    "sff": "cell"
  },
  {
    "docID": "N223 Wu 2008",
    "et": "SpinalDorsalHalf",
    "off": 10978,
    "sff": "dorsal"
  },
  {
    "docID": "N223 Wu 2008",
    "et": "SpinalDorsalHalf",
    "off": 19618,
    "sff": "spinal"
  },
  {
    "docID": "N223 Wu 2008",
    "et": "SpinalDorsalHalf",
    "off": 11104,
    "sff": "dorsal"
  },
  {
    "docID": "N223 Wu 2008",
    "et": "SpinalDorsalHalf",
    "off": 25175,
    "sff": "spinal"
  },
  {
    "docID": "N223 Wu 2008",
    "et": "SpinalDorsalHalf",
    "off": 663,
    "sff": "spinal"
  },
  {
    "docID": "N223 Wu 2008",
    "et": "SpinalDorsalHalf",
    "off": 9815,
    "sff": "spinal"
  },
  {
    "docID": "N223 Wu 2008",
    "et": "SpinalDorsalHalf",
    "off": 21657,
    "sff": "spinal"
  },
  {
    "docID": "N223 Wu 2008",
    "et": "SpinalDorsalHalf",
    "off": 13236,
    "sff": "spinal"
  },
  {
    "docID": "N223 Wu 2008",
    "et": "SpinalDorsalHalf",
    "off": 8689,
    "sff": "spinal"
  },
  {
    "docID": "N223 Wu 2008",
    "et": "SpinalDorsalHalf",
    "off": 25964,
    "sff": "spinal"
  },
  {
    "docID": "N223 Wu 2008",
    "et": "SpinalDorsalHalf",
    "off": 13480,
    "sff": "spinal"
  },
  {
    "docID": "N223 Wu 2008",
    "et": "SpinalDorsalHalf",
    "off": 25513,
    "sff": "spinal"
  },
  {
    "docID": "N223 Wu 2008",
    "et": "SpinalDorsalHalf",
    "off": 2623,
    "sff": "spinal"
  },
  {
    "docID": "N223 Wu 2008",
    "et": "SpinalDorsalHalf",
    "off": 23294,
    "sff": "spinal"
  },
  {
    "docID": "N223 Wu 2008",
    "et": "SpinalDorsalHalf",
    "off": 1216,
    "sff": "spinal"
  },
  {
    "docID": "N223 Wu 2008",
    "et": "SpinalDorsalHalf",
    "off": 19709,
    "sff": "spinal"
  },
  {
    "docID": "N223 Wu 2008",
    "et": "SpinalDorsalHalf",
    "off": 182,
    "sff": "spinal"
  },
  {
    "docID": "N223 Wu 2008",
    "et": "SpinalDorsalHalf",
    "off": 10871,
    "sff": "spinal"
  },
  {
    "docID": "N223 Wu 2008",
    "et": "SpinalDorsalHalf",
    "off": 21589,
    "sff": "spinal"
  },
  {
    "docID": "N223 Wu 2008",
    "et": "SpinalDorsalHalf",
    "off": 24853,
    "sff": "spinal"
  },
  {
    "docID": "N223 Wu 2008",
    "et": "SpinalDorsalHalf",
    "off": 13706,
    "sff": "Spinal"
  },
  {
    "docID": "N223 Wu 2008",
    "et": "SpinalDorsalHalf",
    "off": 10704,
    "sff": "spinal"
  },
  {
    "docID": "N223 Wu 2008",
    "et": "SpinalDorsalHalf",
    "off": 24121,
    "sff": "dorsal"
  },
  {
    "docID": "N223 Wu 2008",
    "et": "SpinalDorsalHalf",
    "off": 454,
    "sff": "spinal"
  },
  {
    "docID": "N223 Wu 2008",
    "et": "SpinalDorsalHalf",
    "off": 1609,
    "sff": "spinal"
  },
  {
    "docID": "N223 Wu 2008",
    "et": "17BetaEstradiolE2",
    "off": 10765,
    "sff": "17"
  },
  {
    "docID": "N223 Wu 2008",
    "et": "Cervical",
    "off": 19700,
    "sff": "cervical"
  },
  {
    "docID": "N223 Wu 2008",
    "et": "HematoxyLinEosin",
    "off": 14558,
    "sff": "hematoxylin"
  },
  {
    "docID": "N223 Wu 2008",
    "et": "Water",
    "off": 9573,
    "sff": "water"
  },
  {
    "docID": "N223 Wu 2008",
    "et": "TakedaPharmaceuticalCompany",
    "off": 22602,
    "sff": "pharmaceutical"
  },
  {
    "docID": "N223 Wu 2008",
    "et": "ExperimentalProcedure",
    "off": 9604,
    "sff": "experimental"
  },
  {
    "docID": "N223 Wu 2008",
    "et": "ExperimentalProcedure",
    "off": 9442,
    "sff": "Experimental"
  },
  {
    "docID": "N223 Wu 2008",
    "et": "CorticospinalTract",
    "off": 23508,
    "sff": "corticospinal tract"
  },
  {
    "docID": "N223 Wu 2008",
    "et": "CorticospinalTract",
    "off": 11111,
    "sff": "corticospinal tract"
  },
  {
    "docID": "N223 Wu 2008",
    "et": "BrainDerivedNeurotrophicFactor",
    "off": 3356,
    "sff": "brain"
  },
  {
    "docID": "N223 Wu 2008",
    "et": "BrainDerivedNeurotrophicFactor",
    "off": 23929,
    "sff": "brain-derived neurotrophic factor"
  },
  {
    "docID": "N223 Wu 2008",
    "et": "BrainDerivedNeurotrophicFactor",
    "off": 23929,
    "sff": "brain-derived"
  }
]
