[
  {
    "docID": "N228 Yazdani 2012",
    "et": "RecombinantEPORhEpo",
    "off": 7697,
    "sff": "recombinant"
  },
  {
    "docID": "N228 Yazdani 2012",
    "et": "Virus",
    "off": 7915,
    "sff": "virus"
  },
  {
    "docID": "N228 Yazdani 2012",
    "et": "Virus",
    "off": 8059,
    "sff": "virus"
  },
  {
    "docID": "N228 Yazdani 2012",
    "et": "OlfactoryEnsheathingGliaCell",
    "off": 675,
    "sff": "olfactory ensheathing"
  },
  {
    "docID": "N228 Yazdani 2012",
    "et": "OlfactoryEnsheathingGliaCell",
    "off": 86,
    "sff": "olfactory ensheathing"
  },
  {
    "docID": "N228 Yazdani 2012",
    "et": "OlfactoryEnsheathingGliaCell",
    "off": 4289,
    "sff": "olfactory ensheathing"
  },
  {
    "docID": "N228 Yazdani 2012",
    "et": "OlfactoryEnsheathingGliaCell",
    "off": 4670,
    "sff": "olfactory"
  },
  {
    "docID": "N228 Yazdani 2012",
    "et": "OlfactoryEnsheathingGliaCell",
    "off": 4561,
    "sff": "olfactory"
  },
  {
    "docID": "N228 Yazdani 2012",
    "et": "OlfactoryEnsheathingGliaCell",
    "off": 4592,
    "sff": "olfactory"
  },
  {
    "docID": "N228 Yazdani 2012",
    "et": "OlfactoryEnsheathingGliaCell",
    "off": 5248,
    "sff": "olfactory"
  },
  {
    "docID": "N228 Yazdani 2012",
    "et": "MesenchymalStemCell",
    "off": 25687,
    "sff": "stem"
  },
  {
    "docID": "N228 Yazdani 2012",
    "et": "MesenchymalStemCell",
    "off": 28502,
    "sff": "stem"
  },
  {
    "docID": "N228 Yazdani 2012",
    "et": "MesenchymalStemCell",
    "off": 25300,
    "sff": "stem"
  },
  {
    "docID": "N228 Yazdani 2012",
    "et": "MesenchymalStemCell",
    "off": 27226,
    "sff": "stem"
  },
  {
    "docID": "N228 Yazdani 2012",
    "et": "MesenchymalStemCell",
    "off": 27930,
    "sff": "stem"
  },
  {
    "docID": "N228 Yazdani 2012",
    "et": "MesenchymalStemCell",
    "off": 3928,
    "sff": "stem"
  },
  {
    "docID": "N228 Yazdani 2012",
    "et": "MesenchymalStemCell",
    "off": 27930,
    "sff": "stem cell"
  },
  {
    "docID": "N228 Yazdani 2012",
    "et": "MesenchymalStemCell",
    "off": 25624,
    "sff": "stem"
  },
  {
    "docID": "N228 Yazdani 2012",
    "et": "MesenchymalStemCell",
    "off": 3519,
    "sff": "stem"
  },
  {
    "docID": "N228 Yazdani 2012",
    "et": "MesenchymalStemCell",
    "off": 25981,
    "sff": "stem"
  },
  {
    "docID": "N228 Yazdani 2012",
    "et": "MesenchymalStemCell",
    "off": 632,
    "sff": "mesenchymal stem"
  },
  {
    "docID": "N228 Yazdani 2012",
    "et": "MesenchymalStemCell",
    "off": 59,
    "sff": "mesenchymal stem"
  },
  {
    "docID": "N228 Yazdani 2012",
    "et": "MesenchymalStemCell",
    "off": 24525,
    "sff": "Stem"
  },
  {
    "docID": "N228 Yazdani 2012",
    "et": "MesenchymalStemCell",
    "off": 26373,
    "sff": "stem cell"
  },
  {
    "docID": "N228 Yazdani 2012",
    "et": "MesenchymalStemCell",
    "off": 3396,
    "sff": "stem"
  },
  {
    "docID": "N228 Yazdani 2012",
    "et": "MesenchymalStemCell",
    "off": 26373,
    "sff": "stem"
  },
  {
    "docID": "N228 Yazdani 2012",
    "et": "MesenchymalStemCell",
    "off": 17531,
    "sff": "mesenchymal"
  },
  {
    "docID": "N228 Yazdani 2012",
    "et": "MesenchymalStemCell",
    "off": 3143,
    "sff": "Stem"
  },
  {
    "docID": "N228 Yazdani 2012",
    "et": "MesenchymalStemCell",
    "off": 3884,
    "sff": "stem"
  },
  {
    "docID": "N228 Yazdani 2012",
    "et": "MesenchymalStemCell",
    "off": 3432,
    "sff": "mesenchymal stem"
  },
  {
    "docID": "N228 Yazdani 2012",
    "et": "MesenchymalStemCell",
    "off": 3345,
    "sff": "stem"
  },
  {
    "docID": "N228 Yazdani 2012",
    "et": "Syringe",
    "off": 11135,
    "sff": "syringe"
  },
  {
    "docID": "N228 Yazdani 2012",
    "et": "Syringe",
    "off": 10848,
    "sff": "syringe"
  },
  {
    "docID": "N228 Yazdani 2012",
    "et": "Syringe",
    "off": 9635,
    "sff": "syringe"
  },
  {
    "docID": "N228 Yazdani 2012",
    "et": "SurgeryTreatment",
    "off": 10678,
    "sff": "surgery"
  },
  {
    "docID": "N228 Yazdani 2012",
    "et": "SurgeryTreatment",
    "off": 10025,
    "sff": "surgery"
  },
  {
    "docID": "N228 Yazdani 2012",
    "et": "SpinalSubduralArea",
    "off": 9349,
    "sff": "spinal"
  },
  {
    "docID": "N228 Yazdani 2012",
    "et": "SpinalSubduralArea",
    "off": 22917,
    "sff": "spinal"
  },
  {
    "docID": "N228 Yazdani 2012",
    "et": "SpinalSubduralArea",
    "off": 23048,
    "sff": "spinal"
  },
  {
    "docID": "N228 Yazdani 2012",
    "et": "SpinalSubduralArea",
    "off": 13385,
    "sff": "spinal"
  },
  {
    "docID": "N228 Yazdani 2012",
    "et": "SpinalSubduralArea",
    "off": 1996,
    "sff": "spinal"
  },
  {
    "docID": "N228 Yazdani 2012",
    "et": "SpinalSubduralArea",
    "off": 25355,
    "sff": "spinal"
  },
  {
    "docID": "N228 Yazdani 2012",
    "et": "SpinalSubduralArea",
    "off": 25995,
    "sff": "spinal"
  },
  {
    "docID": "N228 Yazdani 2012",
    "et": "SpinalSubduralArea",
    "off": 2035,
    "sff": "Spinal"
  },
  {
    "docID": "N228 Yazdani 2012",
    "et": "SpinalSubduralArea",
    "off": 1552,
    "sff": "spinal"
  },
  {
    "docID": "N228 Yazdani 2012",
    "et": "SpinalSubduralArea",
    "off": 29456,
    "sff": "spinal"
  },
  {
    "docID": "N228 Yazdani 2012",
    "et": "SpinalSubduralArea",
    "off": 916,
    "sff": "spinal"
  },
  {
    "docID": "N228 Yazdani 2012",
    "et": "SpinalSubduralArea",
    "off": 19156,
    "sff": "spinal"
  },
  {
    "docID": "N228 Yazdani 2012",
    "et": "SpinalSubduralArea",
    "off": 2966,
    "sff": "spinal"
  },
  {
    "docID": "N228 Yazdani 2012",
    "et": "SpinalSubduralArea",
    "off": 25493,
    "sff": "spinal"
  },
  {
    "docID": "N228 Yazdani 2012",
    "et": "SpinalSubduralArea",
    "off": 24859,
    "sff": "spinal"
  },
  {
    "docID": "N228 Yazdani 2012",
    "et": "SpinalSubduralArea",
    "off": 27419,
    "sff": "spinal"
  },
  {
    "docID": "N228 Yazdani 2012",
    "et": "SpinalSubduralArea",
    "off": 13789,
    "sff": "spinal"
  },
  {
    "docID": "N228 Yazdani 2012",
    "et": "SpinalSubduralArea",
    "off": 30300,
    "sff": "spinal"
  },
  {
    "docID": "N228 Yazdani 2012",
    "et": "SpinalSubduralArea",
    "off": 29344,
    "sff": "spinal"
  },
  {
    "docID": "N228 Yazdani 2012",
    "et": "SpinalSubduralArea",
    "off": 9825,
    "sff": "spinal"
  },
  {
    "docID": "N228 Yazdani 2012",
    "et": "SpinalSubduralArea",
    "off": 13733,
    "sff": "spinal"
  },
  {
    "docID": "N228 Yazdani 2012",
    "et": "SpinalSubduralArea",
    "off": 30756,
    "sff": "spinal"
  },
  {
    "docID": "N228 Yazdani 2012",
    "et": "SpinalSubduralArea",
    "off": 12780,
    "sff": "spinal"
  },
  {
    "docID": "N228 Yazdani 2012",
    "et": "SpinalSubduralArea",
    "off": 756,
    "sff": "spinal"
  },
  {
    "docID": "N228 Yazdani 2012",
    "et": "SpinalSubduralArea",
    "off": 27123,
    "sff": "spinal"
  },
  {
    "docID": "N228 Yazdani 2012",
    "et": "SpinalSubduralArea",
    "off": 9269,
    "sff": "spinal"
  },
  {
    "docID": "N228 Yazdani 2012",
    "et": "SpinalSubduralArea",
    "off": 24247,
    "sff": "spinal"
  },
  {
    "docID": "N228 Yazdani 2012",
    "et": "SpinalSubduralArea",
    "off": 12667,
    "sff": "spinal"
  },
  {
    "docID": "N228 Yazdani 2012",
    "et": "SpinalSubduralArea",
    "off": 4351,
    "sff": "spinal"
  },
  {
    "docID": "N228 Yazdani 2012",
    "et": "SpinalSubduralArea",
    "off": 130,
    "sff": "spinal"
  },
  {
    "docID": "N228 Yazdani 2012",
    "et": "MouseSpecies",
    "off": 14036,
    "sff": "mouse"
  },
  {
    "docID": "N228 Yazdani 2012",
    "et": "MouseSpecies",
    "off": 9046,
    "sff": "mouse"
  },
  {
    "docID": "N228 Yazdani 2012",
    "et": "MouseSpecies",
    "off": 7197,
    "sff": "mouse"
  },
  {
    "docID": "N228 Yazdani 2012",
    "et": "MouseSpecies",
    "off": 7295,
    "sff": "mouse"
  },
  {
    "docID": "N228 Yazdani 2012",
    "et": "MouseSpecies",
    "off": 9105,
    "sff": "mouse"
  },
  {
    "docID": "N228 Yazdani 2012",
    "et": "NOGOReceptorAntagonist",
    "off": 17592,
    "sff": "receptor"
  },
  {
    "docID": "N228 Yazdani 2012",
    "et": "SpinalFiberTract",
    "off": 12780,
    "sff": "spinal"
  },
  {
    "docID": "N228 Yazdani 2012",
    "et": "SpinalFiberTract",
    "off": 30756,
    "sff": "spinal"
  },
  {
    "docID": "N228 Yazdani 2012",
    "et": "SpinalFiberTract",
    "off": 13733,
    "sff": "spinal"
  },
  {
    "docID": "N228 Yazdani 2012",
    "et": "SpinalFiberTract",
    "off": 29344,
    "sff": "spinal"
  },
  {
    "docID": "N228 Yazdani 2012",
    "et": "SpinalFiberTract",
    "off": 9825,
    "sff": "spinal"
  },
  {
    "docID": "N228 Yazdani 2012",
    "et": "SpinalFiberTract",
    "off": 5229,
    "sff": "fiber"
  },
  {
    "docID": "N228 Yazdani 2012",
    "et": "SpinalFiberTract",
    "off": 24859,
    "sff": "spinal"
  },
  {
    "docID": "N228 Yazdani 2012",
    "et": "SpinalFiberTract",
    "off": 27419,
    "sff": "spinal"
  },
  {
    "docID": "N228 Yazdani 2012",
    "et": "SpinalFiberTract",
    "off": 30300,
    "sff": "spinal"
  },
  {
    "docID": "N228 Yazdani 2012",
    "et": "SpinalFiberTract",
    "off": 13789,
    "sff": "spinal"
  },
  {
    "docID": "N228 Yazdani 2012",
    "et": "SpinalFiberTract",
    "off": 2966,
    "sff": "spinal"
  },
  {
    "docID": "N228 Yazdani 2012",
    "et": "SpinalFiberTract",
    "off": 5478,
    "sff": "fiber"
  },
  {
    "docID": "N228 Yazdani 2012",
    "et": "SpinalFiberTract",
    "off": 916,
    "sff": "spinal"
  },
  {
    "docID": "N228 Yazdani 2012",
    "et": "SpinalFiberTract",
    "off": 19156,
    "sff": "spinal"
  },
  {
    "docID": "N228 Yazdani 2012",
    "et": "SpinalFiberTract",
    "off": 25493,
    "sff": "spinal"
  },
  {
    "docID": "N228 Yazdani 2012",
    "et": "SpinalFiberTract",
    "off": 1552,
    "sff": "spinal"
  },
  {
    "docID": "N228 Yazdani 2012",
    "et": "SpinalFiberTract",
    "off": 29456,
    "sff": "spinal"
  },
  {
    "docID": "N228 Yazdani 2012",
    "et": "SpinalFiberTract",
    "off": 25355,
    "sff": "spinal"
  },
  {
    "docID": "N228 Yazdani 2012",
    "et": "SpinalFiberTract",
    "off": 25995,
    "sff": "spinal"
  },
  {
    "docID": "N228 Yazdani 2012",
    "et": "SpinalFiberTract",
    "off": 1996,
    "sff": "spinal"
  },
  {
    "docID": "N228 Yazdani 2012",
    "et": "SpinalFiberTract",
    "off": 23048,
    "sff": "spinal"
  },
  {
    "docID": "N228 Yazdani 2012",
    "et": "SpinalFiberTract",
    "off": 13385,
    "sff": "spinal"
  },
  {
    "docID": "N228 Yazdani 2012",
    "et": "SpinalFiberTract",
    "off": 130,
    "sff": "spinal"
  },
  {
    "docID": "N228 Yazdani 2012",
    "et": "SpinalFiberTract",
    "off": 9349,
    "sff": "spinal"
  },
  {
    "docID": "N228 Yazdani 2012",
    "et": "SpinalFiberTract",
    "off": 22917,
    "sff": "spinal"
  },
  {
    "docID": "N228 Yazdani 2012",
    "et": "SpinalFiberTract",
    "off": 4351,
    "sff": "spinal"
  },
  {
    "docID": "N228 Yazdani 2012",
    "et": "SpinalFiberTract",
    "off": 12667,
    "sff": "spinal"
  },
  {
    "docID": "N228 Yazdani 2012",
    "et": "SpinalFiberTract",
    "off": 2035,
    "sff": "Spinal"
  },
  {
    "docID": "N228 Yazdani 2012",
    "et": "SpinalFiberTract",
    "off": 24247,
    "sff": "spinal"
  },
  {
    "docID": "N228 Yazdani 2012",
    "et": "SpinalFiberTract",
    "off": 27123,
    "sff": "spinal"
  },
  {
    "docID": "N228 Yazdani 2012",
    "et": "SpinalFiberTract",
    "off": 756,
    "sff": "spinal"
  },
  {
    "docID": "N228 Yazdani 2012",
    "et": "SpinalFiberTract",
    "off": 9269,
    "sff": "spinal"
  },
  {
    "docID": "N228 Yazdani 2012",
    "et": "SpinalVentralHalf",
    "off": 29344,
    "sff": "spinal"
  },
  {
    "docID": "N228 Yazdani 2012",
    "et": "SpinalVentralHalf",
    "off": 9825,
    "sff": "spinal"
  },
  {
    "docID": "N228 Yazdani 2012",
    "et": "SpinalVentralHalf",
    "off": 24859,
    "sff": "spinal"
  },
  {
    "docID": "N228 Yazdani 2012",
    "et": "SpinalVentralHalf",
    "off": 30300,
    "sff": "spinal"
  },
  {
    "docID": "N228 Yazdani 2012",
    "et": "SpinalVentralHalf",
    "off": 27419,
    "sff": "spinal"
  },
  {
    "docID": "N228 Yazdani 2012",
    "et": "SpinalVentralHalf",
    "off": 13789,
    "sff": "spinal"
  },
  {
    "docID": "N228 Yazdani 2012",
    "et": "SpinalVentralHalf",
    "off": 30756,
    "sff": "spinal"
  },
  {
    "docID": "N228 Yazdani 2012",
    "et": "SpinalVentralHalf",
    "off": 13733,
    "sff": "spinal"
  },
  {
    "docID": "N228 Yazdani 2012",
    "et": "SpinalVentralHalf",
    "off": 29456,
    "sff": "spinal"
  },
  {
    "docID": "N228 Yazdani 2012",
    "et": "SpinalVentralHalf",
    "off": 1552,
    "sff": "spinal"
  },
  {
    "docID": "N228 Yazdani 2012",
    "et": "SpinalVentralHalf",
    "off": 25355,
    "sff": "spinal"
  },
  {
    "docID": "N228 Yazdani 2012",
    "et": "SpinalVentralHalf",
    "off": 1996,
    "sff": "spinal"
  },
  {
    "docID": "N228 Yazdani 2012",
    "et": "SpinalVentralHalf",
    "off": 25995,
    "sff": "spinal"
  },
  {
    "docID": "N228 Yazdani 2012",
    "et": "SpinalVentralHalf",
    "off": 916,
    "sff": "spinal"
  },
  {
    "docID": "N228 Yazdani 2012",
    "et": "SpinalVentralHalf",
    "off": 19156,
    "sff": "spinal"
  },
  {
    "docID": "N228 Yazdani 2012",
    "et": "SpinalVentralHalf",
    "off": 2966,
    "sff": "spinal"
  },
  {
    "docID": "N228 Yazdani 2012",
    "et": "SpinalVentralHalf",
    "off": 25493,
    "sff": "spinal"
  },
  {
    "docID": "N228 Yazdani 2012",
    "et": "SpinalVentralHalf",
    "off": 4351,
    "sff": "spinal"
  },
  {
    "docID": "N228 Yazdani 2012",
    "et": "SpinalVentralHalf",
    "off": 130,
    "sff": "spinal"
  },
  {
    "docID": "N228 Yazdani 2012",
    "et": "SpinalVentralHalf",
    "off": 12667,
    "sff": "spinal"
  },
  {
    "docID": "N228 Yazdani 2012",
    "et": "SpinalVentralHalf",
    "off": 2035,
    "sff": "Spinal"
  },
  {
    "docID": "N228 Yazdani 2012",
    "et": "SpinalVentralHalf",
    "off": 23048,
    "sff": "spinal"
  },
  {
    "docID": "N228 Yazdani 2012",
    "et": "SpinalVentralHalf",
    "off": 13385,
    "sff": "spinal"
  },
  {
    "docID": "N228 Yazdani 2012",
    "et": "SpinalVentralHalf",
    "off": 9349,
    "sff": "spinal"
  },
  {
    "docID": "N228 Yazdani 2012",
    "et": "SpinalVentralHalf",
    "off": 22917,
    "sff": "spinal"
  },
  {
    "docID": "N228 Yazdani 2012",
    "et": "SpinalVentralHalf",
    "off": 12780,
    "sff": "spinal"
  },
  {
    "docID": "N228 Yazdani 2012",
    "et": "SpinalVentralHalf",
    "off": 24247,
    "sff": "spinal"
  },
  {
    "docID": "N228 Yazdani 2012",
    "et": "SpinalVentralHalf",
    "off": 756,
    "sff": "spinal"
  },
  {
    "docID": "N228 Yazdani 2012",
    "et": "SpinalVentralHalf",
    "off": 27123,
    "sff": "spinal"
  },
  {
    "docID": "N228 Yazdani 2012",
    "et": "SpinalVentralHalf",
    "off": 9269,
    "sff": "spinal"
  },
  {
    "docID": "N228 Yazdani 2012",
    "et": "RabbitSpecies",
    "off": 5933,
    "sff": "Rabbit"
  },
  {
    "docID": "N228 Yazdani 2012",
    "et": "Rostral",
    "off": 13662,
    "sff": "rostral"
  },
  {
    "docID": "N228 Yazdani 2012",
    "et": "EnrichedEnvironment",
    "off": 17665,
    "sff": "enriched"
  },
  {
    "docID": "N228 Yazdani 2012",
    "et": "Tissue",
    "off": 11694,
    "sff": "tissue"
  },
  {
    "docID": "N228 Yazdani 2012",
    "et": "Tissue",
    "off": 20912,
    "sff": "tissue"
  },
  {
    "docID": "N228 Yazdani 2012",
    "et": "Tissue",
    "off": 24874,
    "sff": "tissue"
  },
  {
    "docID": "N228 Yazdani 2012",
    "et": "Tissue",
    "off": 20971,
    "sff": "tissue"
  },
  {
    "docID": "N228 Yazdani 2012",
    "et": "Tissue",
    "off": 5068,
    "sff": "tissue"
  },
  {
    "docID": "N228 Yazdani 2012",
    "et": "Tissue",
    "off": 16044,
    "sff": "tissue"
  },
  {
    "docID": "N228 Yazdani 2012",
    "et": "Tissue",
    "off": 15917,
    "sff": "tissue"
  },
  {
    "docID": "N228 Yazdani 2012",
    "et": "Tissue",
    "off": 26968,
    "sff": "tissue"
  },
  {
    "docID": "N228 Yazdani 2012",
    "et": "Tissue",
    "off": 1266,
    "sff": "tissue"
  },
  {
    "docID": "N228 Yazdani 2012",
    "et": "Tissue",
    "off": 2738,
    "sff": "tissue"
  },
  {
    "docID": "N228 Yazdani 2012",
    "et": "Tissue",
    "off": 4722,
    "sff": "tissue"
  },
  {
    "docID": "N228 Yazdani 2012",
    "et": "Tissue",
    "off": 27058,
    "sff": "tissue"
  },
  {
    "docID": "N228 Yazdani 2012",
    "et": "Tissue",
    "off": 13525,
    "sff": "tissue"
  },
  {
    "docID": "N228 Yazdani 2012",
    "et": "Tissue",
    "off": 22677,
    "sff": "tissue"
  },
  {
    "docID": "N228 Yazdani 2012",
    "et": "Tissue",
    "off": 27130,
    "sff": "tissue"
  },
  {
    "docID": "N228 Yazdani 2012",
    "et": "Tissue",
    "off": 13597,
    "sff": "tissue"
  },
  {
    "docID": "N228 Yazdani 2012",
    "et": "Tissue",
    "off": 5485,
    "sff": "Tissue"
  },
  {
    "docID": "N228 Yazdani 2012",
    "et": "Tissue",
    "off": 28675,
    "sff": "tissue"
  },
  {
    "docID": "N228 Yazdani 2012",
    "et": "InjectionDelivery",
    "off": 26894,
    "sff": "injection"
  },
  {
    "docID": "N228 Yazdani 2012",
    "et": "InjectionDelivery",
    "off": 11098,
    "sff": "injection"
  },
  {
    "docID": "N228 Yazdani 2012",
    "et": "InjectionDelivery",
    "off": 28780,
    "sff": "Injection"
  },
  {
    "docID": "N228 Yazdani 2012",
    "et": "InjectionDelivery",
    "off": 23686,
    "sff": "injection"
  },
  {
    "docID": "N228 Yazdani 2012",
    "et": "InjectionDelivery",
    "off": 2868,
    "sff": "injection"
  },
  {
    "docID": "N228 Yazdani 2012",
    "et": "InjectionDelivery",
    "off": 29303,
    "sff": "injection"
  },
  {
    "docID": "N228 Yazdani 2012",
    "et": "InjectionDelivery",
    "off": 11409,
    "sff": "injection"
  },
  {
    "docID": "N228 Yazdani 2012",
    "et": "InjectionDelivery",
    "off": 30267,
    "sff": "injection"
  },
  {
    "docID": "N228 Yazdani 2012",
    "et": "SpinalLesionSite",
    "off": 12667,
    "sff": "spinal"
  },
  {
    "docID": "N228 Yazdani 2012",
    "et": "SpinalLesionSite",
    "off": 2035,
    "sff": "Spinal"
  },
  {
    "docID": "N228 Yazdani 2012",
    "et": "SpinalLesionSite",
    "off": 24247,
    "sff": "spinal"
  },
  {
    "docID": "N228 Yazdani 2012",
    "et": "SpinalLesionSite",
    "off": 1029,
    "sff": "lesion"
  },
  {
    "docID": "N228 Yazdani 2012",
    "et": "SpinalLesionSite",
    "off": 756,
    "sff": "spinal"
  },
  {
    "docID": "N228 Yazdani 2012",
    "et": "SpinalLesionSite",
    "off": 23751,
    "sff": "lesion"
  },
  {
    "docID": "N228 Yazdani 2012",
    "et": "SpinalLesionSite",
    "off": 27123,
    "sff": "spinal"
  },
  {
    "docID": "N228 Yazdani 2012",
    "et": "SpinalLesionSite",
    "off": 9269,
    "sff": "spinal"
  },
  {
    "docID": "N228 Yazdani 2012",
    "et": "SpinalLesionSite",
    "off": 13579,
    "sff": "lesion"
  },
  {
    "docID": "N228 Yazdani 2012",
    "et": "SpinalLesionSite",
    "off": 10956,
    "sff": "lesion"
  },
  {
    "docID": "N228 Yazdani 2012",
    "et": "SpinalLesionSite",
    "off": 12780,
    "sff": "spinal"
  },
  {
    "docID": "N228 Yazdani 2012",
    "et": "SpinalLesionSite",
    "off": 30756,
    "sff": "spinal"
  },
  {
    "docID": "N228 Yazdani 2012",
    "et": "SpinalLesionSite",
    "off": 25367,
    "sff": "lesion"
  },
  {
    "docID": "N228 Yazdani 2012",
    "et": "SpinalLesionSite",
    "off": 13733,
    "sff": "spinal"
  },
  {
    "docID": "N228 Yazdani 2012",
    "et": "SpinalLesionSite",
    "off": 29344,
    "sff": "spinal"
  },
  {
    "docID": "N228 Yazdani 2012",
    "et": "SpinalLesionSite",
    "off": 9825,
    "sff": "spinal"
  },
  {
    "docID": "N228 Yazdani 2012",
    "et": "SpinalLesionSite",
    "off": 30300,
    "sff": "spinal"
  },
  {
    "docID": "N228 Yazdani 2012",
    "et": "SpinalLesionSite",
    "off": 11359,
    "sff": "lesion"
  },
  {
    "docID": "N228 Yazdani 2012",
    "et": "SpinalLesionSite",
    "off": 24859,
    "sff": "spinal"
  },
  {
    "docID": "N228 Yazdani 2012",
    "et": "SpinalLesionSite",
    "off": 27419,
    "sff": "spinal"
  },
  {
    "docID": "N228 Yazdani 2012",
    "et": "SpinalLesionSite",
    "off": 13789,
    "sff": "spinal"
  },
  {
    "docID": "N228 Yazdani 2012",
    "et": "SpinalLesionSite",
    "off": 19156,
    "sff": "spinal"
  },
  {
    "docID": "N228 Yazdani 2012",
    "et": "SpinalLesionSite",
    "off": 916,
    "sff": "spinal"
  },
  {
    "docID": "N228 Yazdani 2012",
    "et": "SpinalLesionSite",
    "off": 2966,
    "sff": "spinal"
  },
  {
    "docID": "N228 Yazdani 2012",
    "et": "SpinalLesionSite",
    "off": 25493,
    "sff": "spinal"
  },
  {
    "docID": "N228 Yazdani 2012",
    "et": "SpinalLesionSite",
    "off": 29456,
    "sff": "spinal"
  },
  {
    "docID": "N228 Yazdani 2012",
    "et": "SpinalLesionSite",
    "off": 1552,
    "sff": "spinal"
  },
  {
    "docID": "N228 Yazdani 2012",
    "et": "SpinalLesionSite",
    "off": 1996,
    "sff": "spinal"
  },
  {
    "docID": "N228 Yazdani 2012",
    "et": "SpinalLesionSite",
    "off": 25355,
    "sff": "spinal"
  },
  {
    "docID": "N228 Yazdani 2012",
    "et": "SpinalLesionSite",
    "off": 25995,
    "sff": "spinal"
  },
  {
    "docID": "N228 Yazdani 2012",
    "et": "SpinalLesionSite",
    "off": 23048,
    "sff": "spinal"
  },
  {
    "docID": "N228 Yazdani 2012",
    "et": "SpinalLesionSite",
    "off": 11359,
    "sff": "lesion site"
  },
  {
    "docID": "N228 Yazdani 2012",
    "et": "SpinalLesionSite",
    "off": 13385,
    "sff": "spinal"
  },
  {
    "docID": "N228 Yazdani 2012",
    "et": "SpinalLesionSite",
    "off": 9349,
    "sff": "spinal"
  },
  {
    "docID": "N228 Yazdani 2012",
    "et": "SpinalLesionSite",
    "off": 22917,
    "sff": "spinal"
  },
  {
    "docID": "N228 Yazdani 2012",
    "et": "SpinalLesionSite",
    "off": 4351,
    "sff": "spinal"
  },
  {
    "docID": "N228 Yazdani 2012",
    "et": "SpinalLesionSite",
    "off": 130,
    "sff": "spinal"
  },
  {
    "docID": "N228 Yazdani 2012",
    "et": "RubrospinalTract",
    "off": 29946,
    "sff": "rubrospinal"
  },
  {
    "docID": "N228 Yazdani 2012",
    "et": "RubrospinalTract",
    "off": 29839,
    "sff": "rubrospinal"
  },
  {
    "docID": "N228 Yazdani 2012",
    "et": "T3",
    "off": 12341,
    "sff": "T3"
  },
  {
    "docID": "N228 Yazdani 2012",
    "et": "Epidural",
    "off": 9714,
    "sff": "epidural"
  },
  {
    "docID": "N228 Yazdani 2012",
    "et": "T8",
    "off": 10787,
    "sff": "T8"
  },
  {
    "docID": "N228 Yazdani 2012",
    "et": "T8",
    "off": 901,
    "sff": "T8"
  },
  {
    "docID": "N228 Yazdani 2012",
    "et": "T8",
    "off": 9806,
    "sff": "T8"
  },
  {
    "docID": "N228 Yazdani 2012",
    "et": "T9",
    "off": 904,
    "sff": "T9"
  },
  {
    "docID": "N228 Yazdani 2012",
    "et": "T9",
    "off": 9809,
    "sff": "T9"
  },
  {
    "docID": "N228 Yazdani 2012",
    "et": "T9",
    "off": 10797,
    "sff": "T9"
  },
  {
    "docID": "N228 Yazdani 2012",
    "et": "AnimalSpecies",
    "off": 10312,
    "sff": "Animal"
  },
  {
    "docID": "N228 Yazdani 2012",
    "et": "AnimalSpecies",
    "off": 15472,
    "sff": "animal"
  },
  {
    "docID": "N228 Yazdani 2012",
    "et": "AnimalSpecies",
    "off": 29361,
    "sff": "animal"
  },
  {
    "docID": "N228 Yazdani 2012",
    "et": "AnimalSpecies",
    "off": 10390,
    "sff": "animal"
  },
  {
    "docID": "N228 Yazdani 2012",
    "et": "AnimalSpecies",
    "off": 22934,
    "sff": "animal"
  },
  {
    "docID": "N228 Yazdani 2012",
    "et": "Ice",
    "off": 6742,
    "sff": "ice"
  },
  {
    "docID": "N228 Yazdani 2012",
    "et": "Ice",
    "off": 10665,
    "sff": "ice"
  },
  {
    "docID": "N228 Yazdani 2012",
    "et": "Saline",
    "off": 9901,
    "sff": "saline"
  },
  {
    "docID": "N228 Yazdani 2012",
    "et": "Saline",
    "off": 9583,
    "sff": "saline"
  },
  {
    "docID": "N228 Yazdani 2012",
    "et": "StemCell",
    "off": 3345,
    "sff": "stem"
  },
  {
    "docID": "N228 Yazdani 2012",
    "et": "StemCell",
    "off": 3884,
    "sff": "stem"
  },
  {
    "docID": "N228 Yazdani 2012",
    "et": "StemCell",
    "off": 27226,
    "sff": "stem"
  },
  {
    "docID": "N228 Yazdani 2012",
    "et": "StemCell",
    "off": 27930,
    "sff": "stem cell"
  },
  {
    "docID": "N228 Yazdani 2012",
    "et": "StemCell",
    "off": 3928,
    "sff": "stem"
  },
  {
    "docID": "N228 Yazdani 2012",
    "et": "StemCell",
    "off": 25624,
    "sff": "stem"
  },
  {
    "docID": "N228 Yazdani 2012",
    "et": "StemCell",
    "off": 25687,
    "sff": "stem"
  },
  {
    "docID": "N228 Yazdani 2012",
    "et": "StemCell",
    "off": 24525,
    "sff": "Stem"
  },
  {
    "docID": "N228 Yazdani 2012",
    "et": "StemCell",
    "off": 28502,
    "sff": "stem"
  },
  {
    "docID": "N228 Yazdani 2012",
    "et": "StemCell",
    "off": 3444,
    "sff": "stem"
  },
  {
    "docID": "N228 Yazdani 2012",
    "et": "StemCell",
    "off": 25300,
    "sff": "stem"
  },
  {
    "docID": "N228 Yazdani 2012",
    "et": "StemCell",
    "off": 3519,
    "sff": "stem"
  },
  {
    "docID": "N228 Yazdani 2012",
    "et": "StemCell",
    "off": 25981,
    "sff": "stem"
  },
  {
    "docID": "N228 Yazdani 2012",
    "et": "StemCell",
    "off": 3143,
    "sff": "Stem"
  },
  {
    "docID": "N228 Yazdani 2012",
    "et": "StemCell",
    "off": 71,
    "sff": "stem"
  },
  {
    "docID": "N228 Yazdani 2012",
    "et": "StemCell",
    "off": 26373,
    "sff": "stem cell"
  },
  {
    "docID": "N228 Yazdani 2012",
    "et": "StemCell",
    "off": 644,
    "sff": "stem"
  },
  {
    "docID": "N228 Yazdani 2012",
    "et": "StemCell",
    "off": 3396,
    "sff": "stem"
  },
  {
    "docID": "N228 Yazdani 2012",
    "et": "SpinalCord",
    "off": 1552,
    "sff": "spinal cord"
  },
  {
    "docID": "N228 Yazdani 2012",
    "et": "SpinalCord",
    "off": 1996,
    "sff": "spinal cord"
  },
  {
    "docID": "N228 Yazdani 2012",
    "et": "SpinalCord",
    "off": 25355,
    "sff": "spinal cord"
  },
  {
    "docID": "N228 Yazdani 2012",
    "et": "SpinalCord",
    "off": 25995,
    "sff": "spinal cord"
  },
  {
    "docID": "N228 Yazdani 2012",
    "et": "SpinalCord",
    "off": 13385,
    "sff": "spinal cord"
  },
  {
    "docID": "N228 Yazdani 2012",
    "et": "SpinalCord",
    "off": 9349,
    "sff": "spinal"
  },
  {
    "docID": "N228 Yazdani 2012",
    "et": "SpinalCord",
    "off": 22917,
    "sff": "spinal"
  },
  {
    "docID": "N228 Yazdani 2012",
    "et": "SpinalCord",
    "off": 9825,
    "sff": "spinal cord"
  },
  {
    "docID": "N228 Yazdani 2012",
    "et": "SpinalCord",
    "off": 30300,
    "sff": "spinal cord"
  },
  {
    "docID": "N228 Yazdani 2012",
    "et": "SpinalCord",
    "off": 13789,
    "sff": "spinal cord"
  },
  {
    "docID": "N228 Yazdani 2012",
    "et": "SpinalCord",
    "off": 27123,
    "sff": "spinal"
  },
  {
    "docID": "N228 Yazdani 2012",
    "et": "SpinalCord",
    "off": 27419,
    "sff": "spinal cord"
  },
  {
    "docID": "N228 Yazdani 2012",
    "et": "SpinalCord",
    "off": 916,
    "sff": "spinal cord"
  },
  {
    "docID": "N228 Yazdani 2012",
    "et": "SpinalCord",
    "off": 19156,
    "sff": "spinal cord"
  },
  {
    "docID": "N228 Yazdani 2012",
    "et": "SpinalCord",
    "off": 25493,
    "sff": "spinal cord"
  },
  {
    "docID": "N228 Yazdani 2012",
    "et": "SpinalCord",
    "off": 24859,
    "sff": "spinal"
  },
  {
    "docID": "N228 Yazdani 2012",
    "et": "SpinalCord",
    "off": 2035,
    "sff": "Spinal cord"
  },
  {
    "docID": "N228 Yazdani 2012",
    "et": "SpinalCord",
    "off": 12780,
    "sff": "spinal cord"
  },
  {
    "docID": "N228 Yazdani 2012",
    "et": "SpinalCord",
    "off": 29344,
    "sff": "spinal"
  },
  {
    "docID": "N228 Yazdani 2012",
    "et": "SpinalCord",
    "off": 30756,
    "sff": "spinal cord"
  },
  {
    "docID": "N228 Yazdani 2012",
    "et": "SpinalCord",
    "off": 13733,
    "sff": "spinal cord"
  },
  {
    "docID": "N228 Yazdani 2012",
    "et": "SpinalCord",
    "off": 130,
    "sff": "spinal cord"
  },
  {
    "docID": "N228 Yazdani 2012",
    "et": "SpinalCord",
    "off": 23048,
    "sff": "spinal"
  },
  {
    "docID": "N228 Yazdani 2012",
    "et": "SpinalCord",
    "off": 4351,
    "sff": "spinal cord"
  },
  {
    "docID": "N228 Yazdani 2012",
    "et": "SpinalCord",
    "off": 12667,
    "sff": "spinal cord"
  },
  {
    "docID": "N228 Yazdani 2012",
    "et": "SpinalCord",
    "off": 29456,
    "sff": "spinal"
  },
  {
    "docID": "N228 Yazdani 2012",
    "et": "SpinalCord",
    "off": 2966,
    "sff": "spinal"
  },
  {
    "docID": "N228 Yazdani 2012",
    "et": "SpinalCord",
    "off": 24247,
    "sff": "spinal cord"
  },
  {
    "docID": "N228 Yazdani 2012",
    "et": "SpinalCord",
    "off": 756,
    "sff": "spinal cord"
  },
  {
    "docID": "N228 Yazdani 2012",
    "et": "SpinalCord",
    "off": 9269,
    "sff": "spinal cord"
  },
  {
    "docID": "N228 Yazdani 2012",
    "et": "LesionAdjacentTissue",
    "off": 23751,
    "sff": "lesion"
  },
  {
    "docID": "N228 Yazdani 2012",
    "et": "LesionAdjacentTissue",
    "off": 25367,
    "sff": "lesion"
  },
  {
    "docID": "N228 Yazdani 2012",
    "et": "LesionAdjacentTissue",
    "off": 1029,
    "sff": "lesion"
  },
  {
    "docID": "N228 Yazdani 2012",
    "et": "LesionAdjacentTissue",
    "off": 13579,
    "sff": "lesion"
  },
  {
    "docID": "N228 Yazdani 2012",
    "et": "LesionAdjacentTissue",
    "off": 10956,
    "sff": "lesion"
  },
  {
    "docID": "N228 Yazdani 2012",
    "et": "LesionAdjacentTissue",
    "off": 11359,
    "sff": "lesion"
  },
  {
    "docID": "N228 Yazdani 2012",
    "et": "CentralNervousSystem",
    "off": 23807,
    "sff": "central"
  },
  {
    "docID": "N228 Yazdani 2012",
    "et": "CentralNervousSystem",
    "off": 2472,
    "sff": "nervous"
  },
  {
    "docID": "N228 Yazdani 2012",
    "et": "CentralNervousSystem",
    "off": 24705,
    "sff": "central nervous"
  },
  {
    "docID": "N228 Yazdani 2012",
    "et": "CentralNervousSystem",
    "off": 2498,
    "sff": "central nervous"
  },
  {
    "docID": "N228 Yazdani 2012",
    "et": "CentralNervousSystem",
    "off": 556,
    "sff": "central"
  },
  {
    "docID": "N228 Yazdani 2012",
    "et": "CentralNervousSystem",
    "off": 2498,
    "sff": "central nervous system"
  },
  {
    "docID": "N228 Yazdani 2012",
    "et": "CentralNervousSystem",
    "off": 2472,
    "sff": "nervous system"
  },
  {
    "docID": "N228 Yazdani 2012",
    "et": "CentralNervousSystem",
    "off": 579,
    "sff": "nervous system"
  },
  {
    "docID": "N228 Yazdani 2012",
    "et": "CentralNervousSystem",
    "off": 24705,
    "sff": "central nervous system"
  },
  {
    "docID": "N228 Yazdani 2012",
    "et": "CentralNervousSystem",
    "off": 579,
    "sff": "nervous"
  },
  {
    "docID": "N228 Yazdani 2012",
    "et": "WistarRat",
    "off": 6370,
    "sff": "wistar rat"
  },
  {
    "docID": "N228 Yazdani 2012",
    "et": "WistarRat",
    "off": 9301,
    "sff": "wistar"
  },
  {
    "docID": "N228 Yazdani 2012",
    "et": "NuclearTransfection",
    "off": 17988,
    "sff": "nuclear"
  },
  {
    "docID": "N228 Yazdani 2012",
    "et": "NuclearTransfection",
    "off": 15009,
    "sff": "Nuclear"
  },
  {
    "docID": "N228 Yazdani 2012",
    "et": "SpinalCentralPart",
    "off": 130,
    "sff": "spinal"
  },
  {
    "docID": "N228 Yazdani 2012",
    "et": "SpinalCentralPart",
    "off": 9349,
    "sff": "spinal"
  },
  {
    "docID": "N228 Yazdani 2012",
    "et": "SpinalCentralPart",
    "off": 22917,
    "sff": "spinal"
  },
  {
    "docID": "N228 Yazdani 2012",
    "et": "SpinalCentralPart",
    "off": 12667,
    "sff": "spinal"
  },
  {
    "docID": "N228 Yazdani 2012",
    "et": "SpinalCentralPart",
    "off": 4351,
    "sff": "spinal"
  },
  {
    "docID": "N228 Yazdani 2012",
    "et": "SpinalCentralPart",
    "off": 1552,
    "sff": "spinal"
  },
  {
    "docID": "N228 Yazdani 2012",
    "et": "SpinalCentralPart",
    "off": 29456,
    "sff": "spinal"
  },
  {
    "docID": "N228 Yazdani 2012",
    "et": "SpinalCentralPart",
    "off": 2966,
    "sff": "spinal"
  },
  {
    "docID": "N228 Yazdani 2012",
    "et": "SpinalCentralPart",
    "off": 25493,
    "sff": "spinal"
  },
  {
    "docID": "N228 Yazdani 2012",
    "et": "SpinalCentralPart",
    "off": 916,
    "sff": "spinal"
  },
  {
    "docID": "N228 Yazdani 2012",
    "et": "SpinalCentralPart",
    "off": 19156,
    "sff": "spinal"
  },
  {
    "docID": "N228 Yazdani 2012",
    "et": "SpinalCentralPart",
    "off": 25355,
    "sff": "spinal"
  },
  {
    "docID": "N228 Yazdani 2012",
    "et": "SpinalCentralPart",
    "off": 25995,
    "sff": "spinal"
  },
  {
    "docID": "N228 Yazdani 2012",
    "et": "SpinalCentralPart",
    "off": 13385,
    "sff": "spinal"
  },
  {
    "docID": "N228 Yazdani 2012",
    "et": "SpinalCentralPart",
    "off": 23048,
    "sff": "spinal"
  },
  {
    "docID": "N228 Yazdani 2012",
    "et": "SpinalCentralPart",
    "off": 556,
    "sff": "central"
  },
  {
    "docID": "N228 Yazdani 2012",
    "et": "SpinalCentralPart",
    "off": 1996,
    "sff": "spinal"
  },
  {
    "docID": "N228 Yazdani 2012",
    "et": "SpinalCentralPart",
    "off": 9825,
    "sff": "spinal"
  },
  {
    "docID": "N228 Yazdani 2012",
    "et": "SpinalCentralPart",
    "off": 29344,
    "sff": "spinal"
  },
  {
    "docID": "N228 Yazdani 2012",
    "et": "SpinalCentralPart",
    "off": 13733,
    "sff": "spinal"
  },
  {
    "docID": "N228 Yazdani 2012",
    "et": "SpinalCentralPart",
    "off": 30756,
    "sff": "spinal"
  },
  {
    "docID": "N228 Yazdani 2012",
    "et": "SpinalCentralPart",
    "off": 24859,
    "sff": "spinal"
  },
  {
    "docID": "N228 Yazdani 2012",
    "et": "SpinalCentralPart",
    "off": 27419,
    "sff": "spinal"
  },
  {
    "docID": "N228 Yazdani 2012",
    "et": "SpinalCentralPart",
    "off": 23807,
    "sff": "central"
  },
  {
    "docID": "N228 Yazdani 2012",
    "et": "SpinalCentralPart",
    "off": 13789,
    "sff": "spinal"
  },
  {
    "docID": "N228 Yazdani 2012",
    "et": "SpinalCentralPart",
    "off": 30300,
    "sff": "spinal"
  },
  {
    "docID": "N228 Yazdani 2012",
    "et": "SpinalCentralPart",
    "off": 27123,
    "sff": "spinal"
  },
  {
    "docID": "N228 Yazdani 2012",
    "et": "SpinalCentralPart",
    "off": 2498,
    "sff": "central"
  },
  {
    "docID": "N228 Yazdani 2012",
    "et": "SpinalCentralPart",
    "off": 24705,
    "sff": "central"
  },
  {
    "docID": "N228 Yazdani 2012",
    "et": "SpinalCentralPart",
    "off": 24247,
    "sff": "spinal"
  },
  {
    "docID": "N228 Yazdani 2012",
    "et": "SpinalCentralPart",
    "off": 9269,
    "sff": "spinal"
  },
  {
    "docID": "N228 Yazdani 2012",
    "et": "SpinalCentralPart",
    "off": 756,
    "sff": "spinal"
  },
  {
    "docID": "N228 Yazdani 2012",
    "et": "SpinalCentralPart",
    "off": 2035,
    "sff": "Spinal"
  },
  {
    "docID": "N228 Yazdani 2012",
    "et": "SpinalCentralPart",
    "off": 12780,
    "sff": "spinal"
  },
  {
    "docID": "N228 Yazdani 2012",
    "et": "Ketamine",
    "off": 12559,
    "sff": "ketamine"
  },
  {
    "docID": "N228 Yazdani 2012",
    "et": "DNA",
    "off": 6223,
    "sff": "DNA"
  },
  {
    "docID": "N228 Yazdani 2012",
    "et": "Brain",
    "off": 26242,
    "sff": "brain"
  },
  {
    "docID": "N228 Yazdani 2012",
    "et": "AscendingFiberTract",
    "off": 5478,
    "sff": "fiber"
  },
  {
    "docID": "N228 Yazdani 2012",
    "et": "AscendingFiberTract",
    "off": 5229,
    "sff": "fiber"
  },
  {
    "docID": "N228 Yazdani 2012",
    "et": "SpinalWhiteMatter",
    "off": 4351,
    "sff": "spinal"
  },
  {
    "docID": "N228 Yazdani 2012",
    "et": "SpinalWhiteMatter",
    "off": 12667,
    "sff": "spinal"
  },
  {
    "docID": "N228 Yazdani 2012",
    "et": "SpinalWhiteMatter",
    "off": 2035,
    "sff": "Spinal"
  },
  {
    "docID": "N228 Yazdani 2012",
    "et": "SpinalWhiteMatter",
    "off": 23048,
    "sff": "spinal"
  },
  {
    "docID": "N228 Yazdani 2012",
    "et": "SpinalWhiteMatter",
    "off": 130,
    "sff": "spinal"
  },
  {
    "docID": "N228 Yazdani 2012",
    "et": "SpinalWhiteMatter",
    "off": 13385,
    "sff": "spinal"
  },
  {
    "docID": "N228 Yazdani 2012",
    "et": "SpinalWhiteMatter",
    "off": 9349,
    "sff": "spinal"
  },
  {
    "docID": "N228 Yazdani 2012",
    "et": "SpinalWhiteMatter",
    "off": 22917,
    "sff": "spinal"
  },
  {
    "docID": "N228 Yazdani 2012",
    "et": "SpinalWhiteMatter",
    "off": 29456,
    "sff": "spinal"
  },
  {
    "docID": "N228 Yazdani 2012",
    "et": "SpinalWhiteMatter",
    "off": 1552,
    "sff": "spinal"
  },
  {
    "docID": "N228 Yazdani 2012",
    "et": "SpinalWhiteMatter",
    "off": 25355,
    "sff": "spinal"
  },
  {
    "docID": "N228 Yazdani 2012",
    "et": "SpinalWhiteMatter",
    "off": 25995,
    "sff": "spinal"
  },
  {
    "docID": "N228 Yazdani 2012",
    "et": "SpinalWhiteMatter",
    "off": 1996,
    "sff": "spinal"
  },
  {
    "docID": "N228 Yazdani 2012",
    "et": "SpinalWhiteMatter",
    "off": 2966,
    "sff": "spinal"
  },
  {
    "docID": "N228 Yazdani 2012",
    "et": "SpinalWhiteMatter",
    "off": 916,
    "sff": "spinal"
  },
  {
    "docID": "N228 Yazdani 2012",
    "et": "SpinalWhiteMatter",
    "off": 19156,
    "sff": "spinal"
  },
  {
    "docID": "N228 Yazdani 2012",
    "et": "SpinalWhiteMatter",
    "off": 25493,
    "sff": "spinal"
  },
  {
    "docID": "N228 Yazdani 2012",
    "et": "SpinalWhiteMatter",
    "off": 29344,
    "sff": "spinal"
  },
  {
    "docID": "N228 Yazdani 2012",
    "et": "SpinalWhiteMatter",
    "off": 9825,
    "sff": "spinal"
  },
  {
    "docID": "N228 Yazdani 2012",
    "et": "SpinalWhiteMatter",
    "off": 24859,
    "sff": "spinal"
  },
  {
    "docID": "N228 Yazdani 2012",
    "et": "SpinalWhiteMatter",
    "off": 27419,
    "sff": "spinal"
  },
  {
    "docID": "N228 Yazdani 2012",
    "et": "SpinalWhiteMatter",
    "off": 30300,
    "sff": "spinal"
  },
  {
    "docID": "N228 Yazdani 2012",
    "et": "SpinalWhiteMatter",
    "off": 13789,
    "sff": "spinal"
  },
  {
    "docID": "N228 Yazdani 2012",
    "et": "SpinalWhiteMatter",
    "off": 30756,
    "sff": "spinal"
  },
  {
    "docID": "N228 Yazdani 2012",
    "et": "SpinalWhiteMatter",
    "off": 13733,
    "sff": "spinal"
  },
  {
    "docID": "N228 Yazdani 2012",
    "et": "SpinalWhiteMatter",
    "off": 12780,
    "sff": "spinal"
  },
  {
    "docID": "N228 Yazdani 2012",
    "et": "SpinalWhiteMatter",
    "off": 756,
    "sff": "spinal"
  },
  {
    "docID": "N228 Yazdani 2012",
    "et": "SpinalWhiteMatter",
    "off": 24247,
    "sff": "spinal"
  },
  {
    "docID": "N228 Yazdani 2012",
    "et": "SpinalWhiteMatter",
    "off": 27123,
    "sff": "spinal"
  },
  {
    "docID": "N228 Yazdani 2012",
    "et": "SpinalWhiteMatter",
    "off": 9269,
    "sff": "spinal"
  },
  {
    "docID": "N228 Yazdani 2012",
    "et": "Catheter",
    "off": 9387,
    "sff": "catheter"
  },
  {
    "docID": "N228 Yazdani 2012",
    "et": "Catheter",
    "off": 9683,
    "sff": "catheter"
  },
  {
    "docID": "N228 Yazdani 2012",
    "et": "Catheter",
    "off": 9939,
    "sff": "catheter"
  },
  {
    "docID": "N228 Yazdani 2012",
    "et": "Catheter",
    "off": 23011,
    "sff": "catheter"
  },
  {
    "docID": "N228 Yazdani 2012",
    "et": "Catheter",
    "off": 9558,
    "sff": "catheter"
  },
  {
    "docID": "N228 Yazdani 2012",
    "et": "Antibody",
    "off": 21683,
    "sff": "antibody"
  },
  {
    "docID": "N228 Yazdani 2012",
    "et": "Antibody",
    "off": 9221,
    "sff": "antibody"
  },
  {
    "docID": "N228 Yazdani 2012",
    "et": "Antibody",
    "off": 14166,
    "sff": "antibody"
  },
  {
    "docID": "N228 Yazdani 2012",
    "et": "Antibody",
    "off": 21078,
    "sff": "antibody"
  },
  {
    "docID": "N228 Yazdani 2012",
    "et": "Antibody",
    "off": 17719,
    "sff": "antibody"
  },
  {
    "docID": "N228 Yazdani 2012",
    "et": "Antibody",
    "off": 16106,
    "sff": "antibody"
  },
  {
    "docID": "N228 Yazdani 2012",
    "et": "Antibody",
    "off": 13115,
    "sff": "antibody"
  },
  {
    "docID": "N228 Yazdani 2012",
    "et": "Antibody",
    "off": 14847,
    "sff": "antibody"
  },
  {
    "docID": "N228 Yazdani 2012",
    "et": "Antibody",
    "off": 5923,
    "sff": "antibody"
  },
  {
    "docID": "N228 Yazdani 2012",
    "et": "Antibody",
    "off": 13009,
    "sff": "antibody"
  },
  {
    "docID": "N228 Yazdani 2012",
    "et": "Purification",
    "off": 5739,
    "sff": "purification"
  },
  {
    "docID": "N228 Yazdani 2012",
    "et": "Purification",
    "off": 17645,
    "sff": "purification"
  },
  {
    "docID": "N228 Yazdani 2012",
    "et": "UmbilicalCordBloodStemCell",
    "off": 137,
    "sff": "cord"
  },
  {
    "docID": "N228 Yazdani 2012",
    "et": "UmbilicalCordBloodStemCell",
    "off": 13740,
    "sff": "cord"
  },
  {
    "docID": "N228 Yazdani 2012",
    "et": "UmbilicalCordBloodStemCell",
    "off": 30763,
    "sff": "cord"
  },
  {
    "docID": "N228 Yazdani 2012",
    "et": "UmbilicalCordBloodStemCell",
    "off": 13392,
    "sff": "cord"
  },
  {
    "docID": "N228 Yazdani 2012",
    "et": "UmbilicalCordBloodStemCell",
    "off": 12674,
    "sff": "cord"
  },
  {
    "docID": "N228 Yazdani 2012",
    "et": "UmbilicalCordBloodStemCell",
    "off": 27426,
    "sff": "cord"
  },
  {
    "docID": "N228 Yazdani 2012",
    "et": "UmbilicalCordBloodStemCell",
    "off": 13796,
    "sff": "cord"
  },
  {
    "docID": "N228 Yazdani 2012",
    "et": "UmbilicalCordBloodStemCell",
    "off": 30307,
    "sff": "cord"
  },
  {
    "docID": "N228 Yazdani 2012",
    "et": "UmbilicalCordBloodStemCell",
    "off": 4358,
    "sff": "cord"
  },
  {
    "docID": "N228 Yazdani 2012",
    "et": "UmbilicalCordBloodStemCell",
    "off": 9832,
    "sff": "cord"
  },
  {
    "docID": "N228 Yazdani 2012",
    "et": "UmbilicalCordBloodStemCell",
    "off": 2042,
    "sff": "cord"
  },
  {
    "docID": "N228 Yazdani 2012",
    "et": "UmbilicalCordBloodStemCell",
    "off": 9276,
    "sff": "cord"
  },
  {
    "docID": "N228 Yazdani 2012",
    "et": "UmbilicalCordBloodStemCell",
    "off": 25500,
    "sff": "cord"
  },
  {
    "docID": "N228 Yazdani 2012",
    "et": "UmbilicalCordBloodStemCell",
    "off": 763,
    "sff": "cord"
  },
  {
    "docID": "N228 Yazdani 2012",
    "et": "UmbilicalCordBloodStemCell",
    "off": 923,
    "sff": "cord"
  },
  {
    "docID": "N228 Yazdani 2012",
    "et": "UmbilicalCordBloodStemCell",
    "off": 19163,
    "sff": "cord"
  },
  {
    "docID": "N228 Yazdani 2012",
    "et": "UmbilicalCordBloodStemCell",
    "off": 24254,
    "sff": "cord"
  },
  {
    "docID": "N228 Yazdani 2012",
    "et": "UmbilicalCordBloodStemCell",
    "off": 25362,
    "sff": "cord"
  },
  {
    "docID": "N228 Yazdani 2012",
    "et": "UmbilicalCordBloodStemCell",
    "off": 26002,
    "sff": "cord"
  },
  {
    "docID": "N228 Yazdani 2012",
    "et": "UmbilicalCordBloodStemCell",
    "off": 2003,
    "sff": "cord"
  },
  {
    "docID": "N228 Yazdani 2012",
    "et": "UmbilicalCordBloodStemCell",
    "off": 12787,
    "sff": "cord"
  },
  {
    "docID": "N228 Yazdani 2012",
    "et": "UmbilicalCordBloodStemCell",
    "off": 1559,
    "sff": "cord"
  },
  {
    "docID": "N228 Yazdani 2012",
    "et": "Protein",
    "off": 9145,
    "sff": "protein"
  },
  {
    "docID": "N228 Yazdani 2012",
    "et": "Protein",
    "off": 7751,
    "sff": "protein"
  },
  {
    "docID": "N228 Yazdani 2012",
    "et": "GlialCell",
    "off": 24949,
    "sff": "glial"
  },
  {
    "docID": "N228 Yazdani 2012",
    "et": "GlialCell",
    "off": 24363,
    "sff": "glial"
  },
  {
    "docID": "N228 Yazdani 2012",
    "et": "GlialCell",
    "off": 4536,
    "sff": "glial"
  },
  {
    "docID": "N228 Yazdani 2012",
    "et": "GlialCell",
    "off": 18793,
    "sff": "glial"
  },
  {
    "docID": "N228 Yazdani 2012",
    "et": "GlialCell",
    "off": 108,
    "sff": "glial"
  },
  {
    "docID": "N228 Yazdani 2012",
    "et": "GlialCell",
    "off": 4251,
    "sff": "Glial"
  },
  {
    "docID": "N228 Yazdani 2012",
    "et": "SpinalGrayMatter",
    "off": 13733,
    "sff": "spinal"
  },
  {
    "docID": "N228 Yazdani 2012",
    "et": "SpinalGrayMatter",
    "off": 30756,
    "sff": "spinal"
  },
  {
    "docID": "N228 Yazdani 2012",
    "et": "SpinalGrayMatter",
    "off": 9825,
    "sff": "spinal"
  },
  {
    "docID": "N228 Yazdani 2012",
    "et": "SpinalGrayMatter",
    "off": 29344,
    "sff": "spinal"
  },
  {
    "docID": "N228 Yazdani 2012",
    "et": "SpinalGrayMatter",
    "off": 12780,
    "sff": "spinal"
  },
  {
    "docID": "N228 Yazdani 2012",
    "et": "SpinalGrayMatter",
    "off": 25493,
    "sff": "spinal"
  },
  {
    "docID": "N228 Yazdani 2012",
    "et": "SpinalGrayMatter",
    "off": 916,
    "sff": "spinal"
  },
  {
    "docID": "N228 Yazdani 2012",
    "et": "SpinalGrayMatter",
    "off": 19156,
    "sff": "spinal"
  },
  {
    "docID": "N228 Yazdani 2012",
    "et": "SpinalGrayMatter",
    "off": 1552,
    "sff": "spinal"
  },
  {
    "docID": "N228 Yazdani 2012",
    "et": "SpinalGrayMatter",
    "off": 29456,
    "sff": "spinal"
  },
  {
    "docID": "N228 Yazdani 2012",
    "et": "SpinalGrayMatter",
    "off": 24859,
    "sff": "spinal"
  },
  {
    "docID": "N228 Yazdani 2012",
    "et": "SpinalGrayMatter",
    "off": 27419,
    "sff": "spinal"
  },
  {
    "docID": "N228 Yazdani 2012",
    "et": "SpinalGrayMatter",
    "off": 13789,
    "sff": "spinal"
  },
  {
    "docID": "N228 Yazdani 2012",
    "et": "SpinalGrayMatter",
    "off": 30300,
    "sff": "spinal"
  },
  {
    "docID": "N228 Yazdani 2012",
    "et": "SpinalGrayMatter",
    "off": 2966,
    "sff": "spinal"
  },
  {
    "docID": "N228 Yazdani 2012",
    "et": "SpinalGrayMatter",
    "off": 130,
    "sff": "spinal"
  },
  {
    "docID": "N228 Yazdani 2012",
    "et": "SpinalGrayMatter",
    "off": 9349,
    "sff": "spinal"
  },
  {
    "docID": "N228 Yazdani 2012",
    "et": "SpinalGrayMatter",
    "off": 22917,
    "sff": "spinal"
  },
  {
    "docID": "N228 Yazdani 2012",
    "et": "SpinalGrayMatter",
    "off": 4351,
    "sff": "spinal"
  },
  {
    "docID": "N228 Yazdani 2012",
    "et": "SpinalGrayMatter",
    "off": 25355,
    "sff": "spinal"
  },
  {
    "docID": "N228 Yazdani 2012",
    "et": "SpinalGrayMatter",
    "off": 25995,
    "sff": "spinal"
  },
  {
    "docID": "N228 Yazdani 2012",
    "et": "SpinalGrayMatter",
    "off": 2035,
    "sff": "Spinal"
  },
  {
    "docID": "N228 Yazdani 2012",
    "et": "SpinalGrayMatter",
    "off": 1996,
    "sff": "spinal"
  },
  {
    "docID": "N228 Yazdani 2012",
    "et": "SpinalGrayMatter",
    "off": 13385,
    "sff": "spinal"
  },
  {
    "docID": "N228 Yazdani 2012",
    "et": "SpinalGrayMatter",
    "off": 23048,
    "sff": "spinal"
  },
  {
    "docID": "N228 Yazdani 2012",
    "et": "SpinalGrayMatter",
    "off": 27123,
    "sff": "spinal"
  },
  {
    "docID": "N228 Yazdani 2012",
    "et": "SpinalGrayMatter",
    "off": 9269,
    "sff": "spinal"
  },
  {
    "docID": "N228 Yazdani 2012",
    "et": "SpinalGrayMatter",
    "off": 756,
    "sff": "spinal"
  },
  {
    "docID": "N228 Yazdani 2012",
    "et": "SpinalGrayMatter",
    "off": 12667,
    "sff": "spinal"
  },
  {
    "docID": "N228 Yazdani 2012",
    "et": "SpinalGrayMatter",
    "off": 24247,
    "sff": "spinal"
  },
  {
    "docID": "N228 Yazdani 2012",
    "et": "VimentinAntiSenseDNA",
    "off": 12960,
    "sff": "anti"
  },
  {
    "docID": "N228 Yazdani 2012",
    "et": "VimentinAntiSenseDNA",
    "off": 13090,
    "sff": "anti"
  },
  {
    "docID": "N228 Yazdani 2012",
    "et": "VimentinAntiSenseDNA",
    "off": 14053,
    "sff": "anti"
  },
  {
    "docID": "N228 Yazdani 2012",
    "et": "RatSpecies",
    "off": 26342,
    "sff": "rat"
  },
  {
    "docID": "N228 Yazdani 2012",
    "et": "RatSpecies",
    "off": 5159,
    "sff": "rat"
  },
  {
    "docID": "N228 Yazdani 2012",
    "et": "RatSpecies",
    "off": 20631,
    "sff": "rat"
  },
  {
    "docID": "N228 Yazdani 2012",
    "et": "RatSpecies",
    "off": 6324,
    "sff": "rat"
  },
  {
    "docID": "N228 Yazdani 2012",
    "et": "RatSpecies",
    "off": 154,
    "sff": "rat"
  },
  {
    "docID": "N228 Yazdani 2012",
    "et": "RatSpecies",
    "off": 6377,
    "sff": "rat"
  },
  {
    "docID": "N228 Yazdani 2012",
    "et": "RatSpecies",
    "off": 18681,
    "sff": "rat"
  },
  {
    "docID": "N228 Yazdani 2012",
    "et": "RatSpecies",
    "off": 733,
    "sff": "rat"
  },
  {
    "docID": "N228 Yazdani 2012",
    "et": "RatSpecies",
    "off": 20674,
    "sff": "rat"
  },
  {
    "docID": "N228 Yazdani 2012",
    "et": "RatSpecies",
    "off": 22435,
    "sff": "rat"
  },
  {
    "docID": "N228 Yazdani 2012",
    "et": "VertebralArea",
    "off": 10767,
    "sff": "vertebral"
  },
  {
    "docID": "N228 Yazdani 2012",
    "et": "VertebralArea",
    "off": 9480,
    "sff": "vertebral"
  },
  {
    "docID": "N228 Yazdani 2012",
    "et": "Caudal",
    "off": 10993,
    "sff": "caudal"
  },
  {
    "docID": "N228 Yazdani 2012",
    "et": "Caudal",
    "off": 1066,
    "sff": "caudal"
  },
  {
    "docID": "N228 Yazdani 2012",
    "et": "Caudal",
    "off": 13674,
    "sff": "caudal"
  },
  {
    "docID": "N228 Yazdani 2012",
    "et": "VertebralSegment",
    "off": 10767,
    "sff": "vertebral"
  },
  {
    "docID": "N228 Yazdani 2012",
    "et": "VertebralSegment",
    "off": 9480,
    "sff": "vertebral"
  },
  {
    "docID": "N228 Yazdani 2012",
    "et": "AntiCD11dAntibody",
    "off": 14053,
    "sff": "anti"
  },
  {
    "docID": "N228 Yazdani 2012",
    "et": "AntiCD11dAntibody",
    "off": 13090,
    "sff": "anti"
  },
  {
    "docID": "N228 Yazdani 2012",
    "et": "AntiCD11dAntibody",
    "off": 12960,
    "sff": "anti"
  },
  {
    "docID": "N228 Yazdani 2012",
    "et": "SchwannCell",
    "off": 26292,
    "sff": "schwann"
  },
  {
    "docID": "N228 Yazdani 2012",
    "et": "SchwannCell",
    "off": 4271,
    "sff": "schwann"
  },
  {
    "docID": "N228 Yazdani 2012",
    "et": "SchwannCell",
    "off": 25405,
    "sff": "schwann"
  },
  {
    "docID": "N228 Yazdani 2012",
    "et": "NewZealandRabbit",
    "off": 27156,
    "sff": "New"
  },
  {
    "docID": "N228 Yazdani 2012",
    "et": "NewZealandRabbit",
    "off": 6992,
    "sff": "new"
  },
  {
    "docID": "N228 Yazdani 2012",
    "et": "NewZealandRabbit",
    "off": 28582,
    "sff": "new"
  },
  {
    "docID": "N228 Yazdani 2012",
    "et": "BoneMarrowStemCell",
    "off": 7467,
    "sff": "bone marrow"
  },
  {
    "docID": "N228 Yazdani 2012",
    "et": "BoneMarrowStemCell",
    "off": 17148,
    "sff": "bone marrow"
  },
  {
    "docID": "N228 Yazdani 2012",
    "et": "BoneMarrowStemCell",
    "off": 6757,
    "sff": "bone marrow"
  },
  {
    "docID": "N228 Yazdani 2012",
    "et": "BoneMarrowStemCell",
    "off": 6686,
    "sff": "marrow"
  },
  {
    "docID": "N228 Yazdani 2012",
    "et": "BoneMarrowStemCell",
    "off": 39,
    "sff": "bone marrow"
  },
  {
    "docID": "N228 Yazdani 2012",
    "et": "BoneMarrowStemCell",
    "off": 612,
    "sff": "bone marrow"
  },
  {
    "docID": "N228 Yazdani 2012",
    "et": "BoneMarrowStemCell",
    "off": 26173,
    "sff": "bone marrow"
  },
  {
    "docID": "N228 Yazdani 2012",
    "et": "BoneMarrowStemCell",
    "off": 6677,
    "sff": "bone"
  },
  {
    "docID": "N228 Yazdani 2012",
    "et": "SigmaAldrich",
    "off": 14096,
    "sff": "Sigma"
  },
  {
    "docID": "N228 Yazdani 2012",
    "et": "SigmaAldrich",
    "off": 8638,
    "sff": "Sigma"
  },
  {
    "docID": "N228 Yazdani 2012",
    "et": "SigmaAldrich",
    "off": 13234,
    "sff": "Sigma"
  },
  {
    "docID": "N228 Yazdani 2012",
    "et": "SigmaAldrich",
    "off": 5702,
    "sff": "Sigma"
  },
  {
    "docID": "N228 Yazdani 2012",
    "et": "SigmaAldrich",
    "off": 8598,
    "sff": "Sigma"
  },
  {
    "docID": "N228 Yazdani 2012",
    "et": "SigmaAldrich",
    "off": 9238,
    "sff": "Sigma"
  },
  {
    "docID": "N228 Yazdani 2012",
    "et": "SigmaAldrich",
    "off": 5637,
    "sff": "Sigma"
  },
  {
    "docID": "N228 Yazdani 2012",
    "et": "SigmaAldrich",
    "off": 6092,
    "sff": "Sigma"
  },
  {
    "docID": "N228 Yazdani 2012",
    "et": "T10",
    "off": 9476,
    "sff": "T10"
  },
  {
    "docID": "N228 Yazdani 2012",
    "et": "VertebralLocation",
    "off": 10767,
    "sff": "vertebral"
  },
  {
    "docID": "N228 Yazdani 2012",
    "et": "VertebralLocation",
    "off": 9480,
    "sff": "vertebral"
  },
  {
    "docID": "N228 Yazdani 2012",
    "et": "StemCellSourceType",
    "off": 3884,
    "sff": "stem"
  },
  {
    "docID": "N228 Yazdani 2012",
    "et": "StemCellSourceType",
    "off": 14581,
    "sff": "cell"
  },
  {
    "docID": "N228 Yazdani 2012",
    "et": "StemCellSourceType",
    "off": 29045,
    "sff": "cell"
  },
  {
    "docID": "N228 Yazdani 2012",
    "et": "StemCellSourceType",
    "off": 1969,
    "sff": "cell"
  },
  {
    "docID": "N228 Yazdani 2012",
    "et": "StemCellSourceType",
    "off": 20402,
    "sff": "cell"
  },
  {
    "docID": "N228 Yazdani 2012",
    "et": "StemCellSourceType",
    "off": 20787,
    "sff": "cell"
  },
  {
    "docID": "N228 Yazdani 2012",
    "et": "StemCellSourceType",
    "off": 362,
    "sff": "Cell"
  },
  {
    "docID": "N228 Yazdani 2012",
    "et": "StemCellSourceType",
    "off": 3519,
    "sff": "stem"
  },
  {
    "docID": "N228 Yazdani 2012",
    "et": "StemCellSourceType",
    "off": 25981,
    "sff": "stem"
  },
  {
    "docID": "N228 Yazdani 2012",
    "et": "StemCellSourceType",
    "off": 18307,
    "sff": "cell"
  },
  {
    "docID": "N228 Yazdani 2012",
    "et": "StemCellSourceType",
    "off": 3444,
    "sff": "stem"
  },
  {
    "docID": "N228 Yazdani 2012",
    "et": "StemCellSourceType",
    "off": 11966,
    "sff": "cell"
  },
  {
    "docID": "N228 Yazdani 2012",
    "et": "StemCellSourceType",
    "off": 27930,
    "sff": "stem cell"
  },
  {
    "docID": "N228 Yazdani 2012",
    "et": "StemCellSourceType",
    "off": 2998,
    "sff": "Cell"
  },
  {
    "docID": "N228 Yazdani 2012",
    "et": "StemCellSourceType",
    "off": 18235,
    "sff": "cell"
  },
  {
    "docID": "N228 Yazdani 2012",
    "et": "StemCellSourceType",
    "off": 3221,
    "sff": "cell"
  },
  {
    "docID": "N228 Yazdani 2012",
    "et": "StemCellSourceType",
    "off": 7062,
    "sff": "cell"
  },
  {
    "docID": "N228 Yazdani 2012",
    "et": "StemCellSourceType",
    "off": 17239,
    "sff": "cell"
  },
  {
    "docID": "N228 Yazdani 2012",
    "et": "StemCellSourceType",
    "off": 24525,
    "sff": "Stem"
  },
  {
    "docID": "N228 Yazdani 2012",
    "et": "StemCellSourceType",
    "off": 26373,
    "sff": "stem cell"
  },
  {
    "docID": "N228 Yazdani 2012",
    "et": "StemCellSourceType",
    "off": 17616,
    "sff": "cell"
  },
  {
    "docID": "N228 Yazdani 2012",
    "et": "StemCellSourceType",
    "off": 3143,
    "sff": "Stem"
  },
  {
    "docID": "N228 Yazdani 2012",
    "et": "StemCellSourceType",
    "off": 3396,
    "sff": "stem"
  },
  {
    "docID": "N228 Yazdani 2012",
    "et": "StemCellSourceType",
    "off": 644,
    "sff": "stem"
  },
  {
    "docID": "N228 Yazdani 2012",
    "et": "StemCellSourceType",
    "off": 26830,
    "sff": "cell"
  },
  {
    "docID": "N228 Yazdani 2012",
    "et": "StemCellSourceType",
    "off": 3663,
    "sff": "cell"
  },
  {
    "docID": "N228 Yazdani 2012",
    "et": "StemCellSourceType",
    "off": 3849,
    "sff": "cell"
  },
  {
    "docID": "N228 Yazdani 2012",
    "et": "StemCellSourceType",
    "off": 30729,
    "sff": "cell"
  },
  {
    "docID": "N228 Yazdani 2012",
    "et": "StemCellSourceType",
    "off": 71,
    "sff": "stem"
  },
  {
    "docID": "N228 Yazdani 2012",
    "et": "StemCellSourceType",
    "off": 27226,
    "sff": "stem"
  },
  {
    "docID": "N228 Yazdani 2012",
    "et": "StemCellSourceType",
    "off": 25300,
    "sff": "stem"
  },
  {
    "docID": "N228 Yazdani 2012",
    "et": "StemCellSourceType",
    "off": 3345,
    "sff": "stem"
  },
  {
    "docID": "N228 Yazdani 2012",
    "et": "StemCellSourceType",
    "off": 23071,
    "sff": "cell"
  },
  {
    "docID": "N228 Yazdani 2012",
    "et": "StemCellSourceType",
    "off": 25687,
    "sff": "stem"
  },
  {
    "docID": "N228 Yazdani 2012",
    "et": "StemCellSourceType",
    "off": 30616,
    "sff": "cell"
  },
  {
    "docID": "N228 Yazdani 2012",
    "et": "StemCellSourceType",
    "off": 3928,
    "sff": "stem"
  },
  {
    "docID": "N228 Yazdani 2012",
    "et": "StemCellSourceType",
    "off": 24020,
    "sff": "Cell"
  },
  {
    "docID": "N228 Yazdani 2012",
    "et": "StemCellSourceType",
    "off": 25624,
    "sff": "stem"
  },
  {
    "docID": "N228 Yazdani 2012",
    "et": "StemCellSourceType",
    "off": 3098,
    "sff": "cell"
  },
  {
    "docID": "N228 Yazdani 2012",
    "et": "StemCellSourceType",
    "off": 15323,
    "sff": "cell"
  },
  {
    "docID": "N228 Yazdani 2012",
    "et": "StemCellSourceType",
    "off": 28502,
    "sff": "stem"
  },
  {
    "docID": "N228 Yazdani 2012",
    "et": "InVitroExperimentalProcedure",
    "off": 12234,
    "sff": "experimental"
  },
  {
    "docID": "N228 Yazdani 2012",
    "et": "InVitroExperimentalProcedure",
    "off": 26791,
    "sff": "vitro"
  },
  {
    "docID": "N228 Yazdani 2012",
    "et": "InVitroExperimentalProcedure",
    "off": 25229,
    "sff": "vitro"
  },
  {
    "docID": "N228 Yazdani 2012",
    "et": "InVitroExperimentalProcedure",
    "off": 30143,
    "sff": "vitro"
  },
  {
    "docID": "N228 Yazdani 2012",
    "et": "InVitroExperimentalProcedure",
    "off": 29749,
    "sff": "vitro"
  },
  {
    "docID": "N228 Yazdani 2012",
    "et": "InVitroExperimentalProcedure",
    "off": 14351,
    "sff": "experimental"
  },
  {
    "docID": "N228 Yazdani 2012",
    "et": "InVitroExperimentalProcedure",
    "off": 30067,
    "sff": "vitro"
  },
  {
    "docID": "N228 Yazdani 2012",
    "et": "InVitroExperimentalProcedure",
    "off": 29794,
    "sff": "vitro"
  },
  {
    "docID": "N228 Yazdani 2012",
    "et": "AntiNG2Antibody",
    "off": 14053,
    "sff": "anti"
  },
  {
    "docID": "N228 Yazdani 2012",
    "et": "AntiNG2Antibody",
    "off": 12960,
    "sff": "anti"
  },
  {
    "docID": "N228 Yazdani 2012",
    "et": "AntiNG2Antibody",
    "off": 13090,
    "sff": "anti"
  },
  {
    "docID": "N228 Yazdani 2012",
    "et": "AntiNogoAAntibody",
    "off": 12960,
    "sff": "anti"
  },
  {
    "docID": "N228 Yazdani 2012",
    "et": "AntiNogoAAntibody",
    "off": 13090,
    "sff": "anti"
  },
  {
    "docID": "N228 Yazdani 2012",
    "et": "AntiNogoAAntibody",
    "off": 14053,
    "sff": "anti"
  },
  {
    "docID": "N228 Yazdani 2012",
    "et": "LongEvansRat",
    "off": 29722,
    "sff": "long"
  },
  {
    "docID": "N228 Yazdani 2012",
    "et": "LongEvansRat",
    "off": 26424,
    "sff": "long"
  },
  {
    "docID": "N228 Yazdani 2012",
    "et": "LongEvansRat",
    "off": 26683,
    "sff": "long"
  },
  {
    "docID": "N228 Yazdani 2012",
    "et": "Cell",
    "off": 362,
    "sff": "Cell"
  },
  {
    "docID": "N228 Yazdani 2012",
    "et": "Cell",
    "off": 23071,
    "sff": "cell"
  },
  {
    "docID": "N228 Yazdani 2012",
    "et": "Cell",
    "off": 27935,
    "sff": "cell"
  },
  {
    "docID": "N228 Yazdani 2012",
    "et": "Cell",
    "off": 3098,
    "sff": "cell"
  },
  {
    "docID": "N228 Yazdani 2012",
    "et": "Cell",
    "off": 2998,
    "sff": "Cell"
  },
  {
    "docID": "N228 Yazdani 2012",
    "et": "Cell",
    "off": 15323,
    "sff": "cell"
  },
  {
    "docID": "N228 Yazdani 2012",
    "et": "Cell",
    "off": 7062,
    "sff": "cell"
  },
  {
    "docID": "N228 Yazdani 2012",
    "et": "Cell",
    "off": 17239,
    "sff": "cell"
  },
  {
    "docID": "N228 Yazdani 2012",
    "et": "Cell",
    "off": 30616,
    "sff": "cell"
  },
  {
    "docID": "N228 Yazdani 2012",
    "et": "Cell",
    "off": 3221,
    "sff": "cell"
  },
  {
    "docID": "N228 Yazdani 2012",
    "et": "Cell",
    "off": 26830,
    "sff": "cell"
  },
  {
    "docID": "N228 Yazdani 2012",
    "et": "Cell",
    "off": 3663,
    "sff": "cell"
  },
  {
    "docID": "N228 Yazdani 2012",
    "et": "Cell",
    "off": 17616,
    "sff": "cell"
  },
  {
    "docID": "N228 Yazdani 2012",
    "et": "Cell",
    "off": 26378,
    "sff": "cell"
  },
  {
    "docID": "N228 Yazdani 2012",
    "et": "Cell",
    "off": 30729,
    "sff": "cell"
  },
  {
    "docID": "N228 Yazdani 2012",
    "et": "Cell",
    "off": 3849,
    "sff": "cell"
  },
  {
    "docID": "N228 Yazdani 2012",
    "et": "Cell",
    "off": 18307,
    "sff": "cell"
  },
  {
    "docID": "N228 Yazdani 2012",
    "et": "Cell",
    "off": 11966,
    "sff": "cell"
  },
  {
    "docID": "N228 Yazdani 2012",
    "et": "Cell",
    "off": 24020,
    "sff": "Cell"
  },
  {
    "docID": "N228 Yazdani 2012",
    "et": "Cell",
    "off": 18235,
    "sff": "cell"
  },
  {
    "docID": "N228 Yazdani 2012",
    "et": "Cell",
    "off": 20402,
    "sff": "cell"
  },
  {
    "docID": "N228 Yazdani 2012",
    "et": "Cell",
    "off": 20787,
    "sff": "cell"
  },
  {
    "docID": "N228 Yazdani 2012",
    "et": "Cell",
    "off": 29045,
    "sff": "cell"
  },
  {
    "docID": "N228 Yazdani 2012",
    "et": "Cell",
    "off": 14581,
    "sff": "cell"
  },
  {
    "docID": "N228 Yazdani 2012",
    "et": "Cell",
    "off": 1969,
    "sff": "cell"
  },
  {
    "docID": "N228 Yazdani 2012",
    "et": "SpinalDorsalHalf",
    "off": 13733,
    "sff": "spinal"
  },
  {
    "docID": "N228 Yazdani 2012",
    "et": "SpinalDorsalHalf",
    "off": 30756,
    "sff": "spinal"
  },
  {
    "docID": "N228 Yazdani 2012",
    "et": "SpinalDorsalHalf",
    "off": 12780,
    "sff": "spinal"
  },
  {
    "docID": "N228 Yazdani 2012",
    "et": "SpinalDorsalHalf",
    "off": 27123,
    "sff": "spinal"
  },
  {
    "docID": "N228 Yazdani 2012",
    "et": "SpinalDorsalHalf",
    "off": 2966,
    "sff": "spinal"
  },
  {
    "docID": "N228 Yazdani 2012",
    "et": "SpinalDorsalHalf",
    "off": 916,
    "sff": "spinal"
  },
  {
    "docID": "N228 Yazdani 2012",
    "et": "SpinalDorsalHalf",
    "off": 2035,
    "sff": "Spinal"
  },
  {
    "docID": "N228 Yazdani 2012",
    "et": "SpinalDorsalHalf",
    "off": 25493,
    "sff": "spinal"
  },
  {
    "docID": "N228 Yazdani 2012",
    "et": "SpinalDorsalHalf",
    "off": 19156,
    "sff": "spinal"
  },
  {
    "docID": "N228 Yazdani 2012",
    "et": "SpinalDorsalHalf",
    "off": 24859,
    "sff": "spinal"
  },
  {
    "docID": "N228 Yazdani 2012",
    "et": "SpinalDorsalHalf",
    "off": 27419,
    "sff": "spinal"
  },
  {
    "docID": "N228 Yazdani 2012",
    "et": "SpinalDorsalHalf",
    "off": 13789,
    "sff": "spinal"
  },
  {
    "docID": "N228 Yazdani 2012",
    "et": "SpinalDorsalHalf",
    "off": 30300,
    "sff": "spinal"
  },
  {
    "docID": "N228 Yazdani 2012",
    "et": "SpinalDorsalHalf",
    "off": 9825,
    "sff": "spinal"
  },
  {
    "docID": "N228 Yazdani 2012",
    "et": "SpinalDorsalHalf",
    "off": 29344,
    "sff": "spinal"
  },
  {
    "docID": "N228 Yazdani 2012",
    "et": "SpinalDorsalHalf",
    "off": 22917,
    "sff": "spinal"
  },
  {
    "docID": "N228 Yazdani 2012",
    "et": "SpinalDorsalHalf",
    "off": 9349,
    "sff": "spinal"
  },
  {
    "docID": "N228 Yazdani 2012",
    "et": "SpinalDorsalHalf",
    "off": 25355,
    "sff": "spinal"
  },
  {
    "docID": "N228 Yazdani 2012",
    "et": "SpinalDorsalHalf",
    "off": 25995,
    "sff": "spinal"
  },
  {
    "docID": "N228 Yazdani 2012",
    "et": "SpinalDorsalHalf",
    "off": 13385,
    "sff": "spinal"
  },
  {
    "docID": "N228 Yazdani 2012",
    "et": "SpinalDorsalHalf",
    "off": 23048,
    "sff": "spinal"
  },
  {
    "docID": "N228 Yazdani 2012",
    "et": "SpinalDorsalHalf",
    "off": 1996,
    "sff": "spinal"
  },
  {
    "docID": "N228 Yazdani 2012",
    "et": "SpinalDorsalHalf",
    "off": 1552,
    "sff": "spinal"
  },
  {
    "docID": "N228 Yazdani 2012",
    "et": "SpinalDorsalHalf",
    "off": 29456,
    "sff": "spinal"
  },
  {
    "docID": "N228 Yazdani 2012",
    "et": "SpinalDorsalHalf",
    "off": 24247,
    "sff": "spinal"
  },
  {
    "docID": "N228 Yazdani 2012",
    "et": "SpinalDorsalHalf",
    "off": 756,
    "sff": "spinal"
  },
  {
    "docID": "N228 Yazdani 2012",
    "et": "SpinalDorsalHalf",
    "off": 9269,
    "sff": "spinal"
  },
  {
    "docID": "N228 Yazdani 2012",
    "et": "SpinalDorsalHalf",
    "off": 12667,
    "sff": "spinal"
  },
  {
    "docID": "N228 Yazdani 2012",
    "et": "SpinalDorsalHalf",
    "off": 4351,
    "sff": "spinal"
  },
  {
    "docID": "N228 Yazdani 2012",
    "et": "SpinalDorsalHalf",
    "off": 130,
    "sff": "spinal"
  },
  {
    "docID": "N228 Yazdani 2012",
    "et": "HematoxyLinEosin",
    "off": 26518,
    "sff": "Lin"
  },
  {
    "docID": "N228 Yazdani 2012",
    "et": "HematoxyLinEosin",
    "off": 26274,
    "sff": "Lin"
  },
  {
    "docID": "N228 Yazdani 2012",
    "et": "Embryonic",
    "off": 3386,
    "sff": "embryonic"
  },
  {
    "docID": "N228 Yazdani 2012",
    "et": "Embryonic",
    "off": 25949,
    "sff": "embryonic"
  },
  {
    "docID": "N228 Yazdani 2012",
    "et": "ExperimentalProcedure",
    "off": 12234,
    "sff": "experimental"
  },
  {
    "docID": "N228 Yazdani 2012",
    "et": "ExperimentalProcedure",
    "off": 14351,
    "sff": "experimental"
  },
  {
    "docID": "N228 Yazdani 2012",
    "et": "BrainDerivedNeurotrophicFactor",
    "off": 26242,
    "sff": "brain"
  },
  {
    "docID": "N228 Yazdani 2012",
    "et": "BrainDerivedNeurotrophicFactor",
    "off": 29050,
    "sff": "derived factor"
  },
  {
    "docID": "N228 Yazdani 2012",
    "et": "BrainDerivedNeurotrophicFactor",
    "off": 624,
    "sff": "derived"
  },
  {
    "docID": "N228 Yazdani 2012",
    "et": "BrainDerivedNeurotrophicFactor",
    "off": 51,
    "sff": "derived"
  },
  {
    "docID": "N228 Yazdani 2012",
    "et": "BrainDerivedNeurotrophicFactor",
    "off": 28289,
    "sff": "brain-derived"
  },
  {
    "docID": "N228 Yazdani 2012",
    "et": "BrainDerivedNeurotrophicFactor",
    "off": 29050,
    "sff": "derived"
  },
  {
    "docID": "N228 Yazdani 2012",
    "et": "BrainDerivedNeurotrophicFactor",
    "off": 28289,
    "sff": "brain-derived neurotrophic factor"
  },
  {
    "docID": "N228 Yazdani 2012",
    "et": "BrainDerivedNeurotrophicFactor",
    "off": 7479,
    "sff": "derived"
  }
]
