[
  {
    "docID": "N244 Cloutier 2016",
    "et": "OlfactoryEnsheathingGliaCell",
    "off": 28417,
    "sff": "Olfactory ensheathing cell"
  },
  {
    "docID": "N244 Cloutier 2016",
    "et": "OlfactoryEnsheathingGliaCell",
    "off": 1703,
    "sff": "Olfactory ensheathing"
  },
  {
    "docID": "N244 Cloutier 2016",
    "et": "OlfactoryEnsheathingGliaCell",
    "off": 7553,
    "sff": "olfactory ensheathing"
  },
  {
    "docID": "N244 Cloutier 2016",
    "et": "OlfactoryEnsheathingGliaCell",
    "off": 27217,
    "sff": "Olfactory ensheathing"
  },
  {
    "docID": "N244 Cloutier 2016",
    "et": "OlfactoryEnsheathingGliaCell",
    "off": 900,
    "sff": "olfactory ensheathing"
  },
  {
    "docID": "N244 Cloutier 2016",
    "et": "OlfactoryEnsheathingGliaCell",
    "off": 2020,
    "sff": "olfactory ensheathing"
  },
  {
    "docID": "N244 Cloutier 2016",
    "et": "OlfactoryEnsheathingGliaCell",
    "off": 2847,
    "sff": "Olfactory ensheathing"
  },
  {
    "docID": "N244 Cloutier 2016",
    "et": "OlfactoryEnsheathingGliaCell",
    "off": 7960,
    "sff": "olfactory"
  },
  {
    "docID": "N244 Cloutier 2016",
    "et": "OlfactoryEnsheathingGliaCell",
    "off": 30660,
    "sff": "Olfactory ensheathing cell"
  },
  {
    "docID": "N244 Cloutier 2016",
    "et": "OlfactoryEnsheathingGliaCell",
    "off": 607,
    "sff": "olfactory"
  },
  {
    "docID": "N244 Cloutier 2016",
    "et": "OlfactoryEnsheathingGliaCell",
    "off": 6476,
    "sff": "olfactory ensheathing"
  },
  {
    "docID": "N244 Cloutier 2016",
    "et": "OlfactoryEnsheathingGliaCell",
    "off": 27217,
    "sff": "Olfactory ensheathing cell"
  },
  {
    "docID": "N244 Cloutier 2016",
    "et": "OlfactoryEnsheathingGliaCell",
    "off": 689,
    "sff": "olfactory ensheathing"
  },
  {
    "docID": "N244 Cloutier 2016",
    "et": "OlfactoryEnsheathingGliaCell",
    "off": 1422,
    "sff": "olfactory ensheathing"
  },
  {
    "docID": "N244 Cloutier 2016",
    "et": "OlfactoryEnsheathingGliaCell",
    "off": 28417,
    "sff": "Olfactory ensheathing"
  },
  {
    "docID": "N244 Cloutier 2016",
    "et": "OlfactoryEnsheathingGliaCell",
    "off": 6836,
    "sff": "olfactory ensheathing"
  },
  {
    "docID": "N244 Cloutier 2016",
    "et": "OlfactoryEnsheathingGliaCell",
    "off": 30660,
    "sff": "Olfactory ensheathing"
  },
  {
    "docID": "N244 Cloutier 2016",
    "et": "OlfactoryEnsheathingGliaCell",
    "off": 310,
    "sff": "olfactory ensheathing"
  },
  {
    "docID": "N244 Cloutier 2016",
    "et": "MesenchymalStemCell",
    "off": 30880,
    "sff": "stem"
  },
  {
    "docID": "N244 Cloutier 2016",
    "et": "Syringe",
    "off": 9179,
    "sff": "syringe"
  },
  {
    "docID": "N244 Cloutier 2016",
    "et": "SurgeryTreatment",
    "off": 10317,
    "sff": "surgery"
  },
  {
    "docID": "N244 Cloutier 2016",
    "et": "SpinalSubduralArea",
    "off": 24160,
    "sff": "spinal"
  },
  {
    "docID": "N244 Cloutier 2016",
    "et": "SpinalSubduralArea",
    "off": 31715,
    "sff": "spinal"
  },
  {
    "docID": "N244 Cloutier 2016",
    "et": "SpinalSubduralArea",
    "off": 31012,
    "sff": "spinal"
  },
  {
    "docID": "N244 Cloutier 2016",
    "et": "SpinalSubduralArea",
    "off": 11414,
    "sff": "spinal"
  },
  {
    "docID": "N244 Cloutier 2016",
    "et": "SpinalSubduralArea",
    "off": 469,
    "sff": "spinal"
  },
  {
    "docID": "N244 Cloutier 2016",
    "et": "SpinalSubduralArea",
    "off": 9045,
    "sff": "spinal"
  },
  {
    "docID": "N244 Cloutier 2016",
    "et": "SpinalSubduralArea",
    "off": 24103,
    "sff": "spinal"
  },
  {
    "docID": "N244 Cloutier 2016",
    "et": "SpinalSubduralArea",
    "off": 2259,
    "sff": "spinal"
  },
  {
    "docID": "N244 Cloutier 2016",
    "et": "SpinalSubduralArea",
    "off": 2963,
    "sff": "spinal"
  },
  {
    "docID": "N244 Cloutier 2016",
    "et": "SpinalSubduralArea",
    "off": 14355,
    "sff": "spinal"
  },
  {
    "docID": "N244 Cloutier 2016",
    "et": "SpinalSubduralArea",
    "off": 401,
    "sff": "spinal"
  },
  {
    "docID": "N244 Cloutier 2016",
    "et": "SpinalSubduralArea",
    "off": 16938,
    "sff": "spinal"
  },
  {
    "docID": "N244 Cloutier 2016",
    "et": "SpinalSubduralArea",
    "off": 1678,
    "sff": "spinal"
  },
  {
    "docID": "N244 Cloutier 2016",
    "et": "SpinalSubduralArea",
    "off": 26767,
    "sff": "spinal"
  },
  {
    "docID": "N244 Cloutier 2016",
    "et": "SpinalSubduralArea",
    "off": 27343,
    "sff": "spinal"
  },
  {
    "docID": "N244 Cloutier 2016",
    "et": "SpinalSubduralArea",
    "off": 27535,
    "sff": "spinal"
  },
  {
    "docID": "N244 Cloutier 2016",
    "et": "SpinalSubduralArea",
    "off": 4842,
    "sff": "spinal"
  },
  {
    "docID": "N244 Cloutier 2016",
    "et": "SpinalSubduralArea",
    "off": 5607,
    "sff": "spinal"
  },
  {
    "docID": "N244 Cloutier 2016",
    "et": "SpinalSubduralArea",
    "off": 12901,
    "sff": "spinal"
  },
  {
    "docID": "N244 Cloutier 2016",
    "et": "SpinalSubduralArea",
    "off": 5155,
    "sff": "spinal"
  },
  {
    "docID": "N244 Cloutier 2016",
    "et": "SpinalSubduralArea",
    "off": 97,
    "sff": "spinal"
  },
  {
    "docID": "N244 Cloutier 2016",
    "et": "SpinalSubduralArea",
    "off": 3744,
    "sff": "spinal"
  },
  {
    "docID": "N244 Cloutier 2016",
    "et": "SpinalSubduralArea",
    "off": 21339,
    "sff": "spinal"
  },
  {
    "docID": "N244 Cloutier 2016",
    "et": "SpinalSubduralArea",
    "off": 27804,
    "sff": "spinal"
  },
  {
    "docID": "N244 Cloutier 2016",
    "et": "SpinalSubduralArea",
    "off": 2334,
    "sff": "spinal"
  },
  {
    "docID": "N244 Cloutier 2016",
    "et": "SpinalSubduralArea",
    "off": 27710,
    "sff": "spinal"
  },
  {
    "docID": "N244 Cloutier 2016",
    "et": "SpinalSubduralArea",
    "off": 8569,
    "sff": "Spinal"
  },
  {
    "docID": "N244 Cloutier 2016",
    "et": "SpinalSubduralArea",
    "off": 26687,
    "sff": "spinal"
  },
  {
    "docID": "N244 Cloutier 2016",
    "et": "SpinalSubduralArea",
    "off": 14134,
    "sff": "Spinal"
  },
  {
    "docID": "N244 Cloutier 2016",
    "et": "SpinalSubduralArea",
    "off": 8950,
    "sff": "spinal"
  },
  {
    "docID": "N244 Cloutier 2016",
    "et": "SpinalSubduralArea",
    "off": 4084,
    "sff": "spinal"
  },
  {
    "docID": "N244 Cloutier 2016",
    "et": "SpinalSubduralArea",
    "off": 19527,
    "sff": "spinal"
  },
  {
    "docID": "N244 Cloutier 2016",
    "et": "SpinalSubduralArea",
    "off": 3570,
    "sff": "spinal"
  },
  {
    "docID": "N244 Cloutier 2016",
    "et": "SpinalSubduralArea",
    "off": 19658,
    "sff": "spinal"
  },
  {
    "docID": "N244 Cloutier 2016",
    "et": "SpinalSubduralArea",
    "off": 30894,
    "sff": "spinal"
  },
  {
    "docID": "N244 Cloutier 2016",
    "et": "SpinalSubduralArea",
    "off": 204,
    "sff": "spinal"
  },
  {
    "docID": "N244 Cloutier 2016",
    "et": "SpinalSubduralArea",
    "off": 9673,
    "sff": "spinal"
  },
  {
    "docID": "N244 Cloutier 2016",
    "et": "SpinalSubduralArea",
    "off": 11785,
    "sff": "spinal"
  },
  {
    "docID": "N244 Cloutier 2016",
    "et": "SpinalSubduralArea",
    "off": 22838,
    "sff": "spinal"
  },
  {
    "docID": "N244 Cloutier 2016",
    "et": "SpinalSubduralArea",
    "off": 22966,
    "sff": "spinal"
  },
  {
    "docID": "N244 Cloutier 2016",
    "et": "SpinalSubduralArea",
    "off": 3523,
    "sff": "spinal"
  },
  {
    "docID": "N244 Cloutier 2016",
    "et": "SpinalSubduralArea",
    "off": 28856,
    "sff": "spinal"
  },
  {
    "docID": "N244 Cloutier 2016",
    "et": "SpinalSubduralArea",
    "off": 31864,
    "sff": "spinal"
  },
  {
    "docID": "N244 Cloutier 2016",
    "et": "SpinalSubduralArea",
    "off": 26361,
    "sff": "spinal"
  },
  {
    "docID": "N244 Cloutier 2016",
    "et": "SpinalSubduralArea",
    "off": 28538,
    "sff": "spinal"
  },
  {
    "docID": "N244 Cloutier 2016",
    "et": "MouseSpecies",
    "off": 14979,
    "sff": "mouse"
  },
  {
    "docID": "N244 Cloutier 2016",
    "et": "ApplicationInstrument",
    "off": 32130,
    "sff": "application"
  },
  {
    "docID": "N244 Cloutier 2016",
    "et": "SpinalFiberTract",
    "off": 19527,
    "sff": "spinal"
  },
  {
    "docID": "N244 Cloutier 2016",
    "et": "SpinalFiberTract",
    "off": 204,
    "sff": "spinal"
  },
  {
    "docID": "N244 Cloutier 2016",
    "et": "SpinalFiberTract",
    "off": 9673,
    "sff": "spinal"
  },
  {
    "docID": "N244 Cloutier 2016",
    "et": "SpinalFiberTract",
    "off": 11785,
    "sff": "spinal"
  },
  {
    "docID": "N244 Cloutier 2016",
    "et": "SpinalFiberTract",
    "off": 19658,
    "sff": "spinal"
  },
  {
    "docID": "N244 Cloutier 2016",
    "et": "SpinalFiberTract",
    "off": 26687,
    "sff": "spinal"
  },
  {
    "docID": "N244 Cloutier 2016",
    "et": "SpinalFiberTract",
    "off": 27710,
    "sff": "spinal"
  },
  {
    "docID": "N244 Cloutier 2016",
    "et": "SpinalFiberTract",
    "off": 3523,
    "sff": "spinal"
  },
  {
    "docID": "N244 Cloutier 2016",
    "et": "SpinalFiberTract",
    "off": 469,
    "sff": "spinal"
  },
  {
    "docID": "N244 Cloutier 2016",
    "et": "SpinalFiberTract",
    "off": 9045,
    "sff": "spinal"
  },
  {
    "docID": "N244 Cloutier 2016",
    "et": "SpinalFiberTract",
    "off": 11414,
    "sff": "spinal"
  },
  {
    "docID": "N244 Cloutier 2016",
    "et": "SpinalFiberTract",
    "off": 21339,
    "sff": "spinal"
  },
  {
    "docID": "N244 Cloutier 2016",
    "et": "SpinalFiberTract",
    "off": 27804,
    "sff": "spinal"
  },
  {
    "docID": "N244 Cloutier 2016",
    "et": "SpinalFiberTract",
    "off": 26767,
    "sff": "spinal"
  },
  {
    "docID": "N244 Cloutier 2016",
    "et": "SpinalFiberTract",
    "off": 27343,
    "sff": "spinal"
  },
  {
    "docID": "N244 Cloutier 2016",
    "et": "SpinalFiberTract",
    "off": 27535,
    "sff": "spinal"
  },
  {
    "docID": "N244 Cloutier 2016",
    "et": "SpinalFiberTract",
    "off": 1678,
    "sff": "spinal"
  },
  {
    "docID": "N244 Cloutier 2016",
    "et": "SpinalFiberTract",
    "off": 2259,
    "sff": "spinal"
  },
  {
    "docID": "N244 Cloutier 2016",
    "et": "SpinalFiberTract",
    "off": 2963,
    "sff": "spinal"
  },
  {
    "docID": "N244 Cloutier 2016",
    "et": "SpinalFiberTract",
    "off": 14355,
    "sff": "spinal"
  },
  {
    "docID": "N244 Cloutier 2016",
    "et": "SpinalFiberTract",
    "off": 401,
    "sff": "spinal"
  },
  {
    "docID": "N244 Cloutier 2016",
    "et": "SpinalFiberTract",
    "off": 5607,
    "sff": "spinal"
  },
  {
    "docID": "N244 Cloutier 2016",
    "et": "SpinalFiberTract",
    "off": 24103,
    "sff": "spinal"
  },
  {
    "docID": "N244 Cloutier 2016",
    "et": "SpinalFiberTract",
    "off": 12901,
    "sff": "spinal"
  },
  {
    "docID": "N244 Cloutier 2016",
    "et": "SpinalFiberTract",
    "off": 4842,
    "sff": "spinal"
  },
  {
    "docID": "N244 Cloutier 2016",
    "et": "SpinalFiberTract",
    "off": 16938,
    "sff": "spinal"
  },
  {
    "docID": "N244 Cloutier 2016",
    "et": "SpinalFiberTract",
    "off": 3744,
    "sff": "spinal"
  },
  {
    "docID": "N244 Cloutier 2016",
    "et": "SpinalFiberTract",
    "off": 24160,
    "sff": "spinal"
  },
  {
    "docID": "N244 Cloutier 2016",
    "et": "SpinalFiberTract",
    "off": 2334,
    "sff": "spinal"
  },
  {
    "docID": "N244 Cloutier 2016",
    "et": "SpinalFiberTract",
    "off": 5155,
    "sff": "spinal"
  },
  {
    "docID": "N244 Cloutier 2016",
    "et": "SpinalFiberTract",
    "off": 31715,
    "sff": "spinal"
  },
  {
    "docID": "N244 Cloutier 2016",
    "et": "SpinalFiberTract",
    "off": 31012,
    "sff": "spinal"
  },
  {
    "docID": "N244 Cloutier 2016",
    "et": "SpinalFiberTract",
    "off": 97,
    "sff": "spinal"
  },
  {
    "docID": "N244 Cloutier 2016",
    "et": "SpinalFiberTract",
    "off": 28856,
    "sff": "spinal"
  },
  {
    "docID": "N244 Cloutier 2016",
    "et": "SpinalFiberTract",
    "off": 31864,
    "sff": "spinal"
  },
  {
    "docID": "N244 Cloutier 2016",
    "et": "SpinalFiberTract",
    "off": 8950,
    "sff": "spinal"
  },
  {
    "docID": "N244 Cloutier 2016",
    "et": "SpinalFiberTract",
    "off": 22838,
    "sff": "spinal"
  },
  {
    "docID": "N244 Cloutier 2016",
    "et": "SpinalFiberTract",
    "off": 22966,
    "sff": "spinal"
  },
  {
    "docID": "N244 Cloutier 2016",
    "et": "SpinalFiberTract",
    "off": 26361,
    "sff": "spinal"
  },
  {
    "docID": "N244 Cloutier 2016",
    "et": "SpinalFiberTract",
    "off": 28538,
    "sff": "spinal"
  },
  {
    "docID": "N244 Cloutier 2016",
    "et": "SpinalFiberTract",
    "off": 8569,
    "sff": "Spinal"
  },
  {
    "docID": "N244 Cloutier 2016",
    "et": "SpinalFiberTract",
    "off": 30894,
    "sff": "spinal"
  },
  {
    "docID": "N244 Cloutier 2016",
    "et": "SpinalFiberTract",
    "off": 4084,
    "sff": "spinal"
  },
  {
    "docID": "N244 Cloutier 2016",
    "et": "SpinalFiberTract",
    "off": 14134,
    "sff": "Spinal"
  },
  {
    "docID": "N244 Cloutier 2016",
    "et": "SpinalFiberTract",
    "off": 3570,
    "sff": "spinal"
  },
  {
    "docID": "N244 Cloutier 2016",
    "et": "SpinalVentralHalf",
    "off": 26361,
    "sff": "spinal"
  },
  {
    "docID": "N244 Cloutier 2016",
    "et": "SpinalVentralHalf",
    "off": 28856,
    "sff": "spinal"
  },
  {
    "docID": "N244 Cloutier 2016",
    "et": "SpinalVentralHalf",
    "off": 31864,
    "sff": "spinal"
  },
  {
    "docID": "N244 Cloutier 2016",
    "et": "SpinalVentralHalf",
    "off": 8950,
    "sff": "spinal"
  },
  {
    "docID": "N244 Cloutier 2016",
    "et": "SpinalVentralHalf",
    "off": 22838,
    "sff": "spinal"
  },
  {
    "docID": "N244 Cloutier 2016",
    "et": "SpinalVentralHalf",
    "off": 22966,
    "sff": "spinal"
  },
  {
    "docID": "N244 Cloutier 2016",
    "et": "SpinalVentralHalf",
    "off": 28538,
    "sff": "spinal"
  },
  {
    "docID": "N244 Cloutier 2016",
    "et": "SpinalVentralHalf",
    "off": 26687,
    "sff": "spinal"
  },
  {
    "docID": "N244 Cloutier 2016",
    "et": "SpinalVentralHalf",
    "off": 27710,
    "sff": "spinal"
  },
  {
    "docID": "N244 Cloutier 2016",
    "et": "SpinalVentralHalf",
    "off": 3523,
    "sff": "spinal"
  },
  {
    "docID": "N244 Cloutier 2016",
    "et": "SpinalVentralHalf",
    "off": 9673,
    "sff": "spinal"
  },
  {
    "docID": "N244 Cloutier 2016",
    "et": "SpinalVentralHalf",
    "off": 11785,
    "sff": "spinal"
  },
  {
    "docID": "N244 Cloutier 2016",
    "et": "SpinalVentralHalf",
    "off": 19527,
    "sff": "spinal"
  },
  {
    "docID": "N244 Cloutier 2016",
    "et": "SpinalVentralHalf",
    "off": 204,
    "sff": "spinal"
  },
  {
    "docID": "N244 Cloutier 2016",
    "et": "SpinalVentralHalf",
    "off": 19658,
    "sff": "spinal"
  },
  {
    "docID": "N244 Cloutier 2016",
    "et": "SpinalVentralHalf",
    "off": 401,
    "sff": "spinal"
  },
  {
    "docID": "N244 Cloutier 2016",
    "et": "SpinalVentralHalf",
    "off": 1678,
    "sff": "spinal"
  },
  {
    "docID": "N244 Cloutier 2016",
    "et": "SpinalVentralHalf",
    "off": 26767,
    "sff": "spinal"
  },
  {
    "docID": "N244 Cloutier 2016",
    "et": "SpinalVentralHalf",
    "off": 27343,
    "sff": "spinal"
  },
  {
    "docID": "N244 Cloutier 2016",
    "et": "SpinalVentralHalf",
    "off": 27535,
    "sff": "spinal"
  },
  {
    "docID": "N244 Cloutier 2016",
    "et": "SpinalVentralHalf",
    "off": 469,
    "sff": "spinal"
  },
  {
    "docID": "N244 Cloutier 2016",
    "et": "SpinalVentralHalf",
    "off": 9045,
    "sff": "spinal"
  },
  {
    "docID": "N244 Cloutier 2016",
    "et": "SpinalVentralHalf",
    "off": 14355,
    "sff": "spinal"
  },
  {
    "docID": "N244 Cloutier 2016",
    "et": "SpinalVentralHalf",
    "off": 2259,
    "sff": "spinal"
  },
  {
    "docID": "N244 Cloutier 2016",
    "et": "SpinalVentralHalf",
    "off": 2963,
    "sff": "spinal"
  },
  {
    "docID": "N244 Cloutier 2016",
    "et": "SpinalVentralHalf",
    "off": 11414,
    "sff": "spinal"
  },
  {
    "docID": "N244 Cloutier 2016",
    "et": "SpinalVentralHalf",
    "off": 27804,
    "sff": "spinal"
  },
  {
    "docID": "N244 Cloutier 2016",
    "et": "SpinalVentralHalf",
    "off": 21339,
    "sff": "spinal"
  },
  {
    "docID": "N244 Cloutier 2016",
    "et": "SpinalVentralHalf",
    "off": 3744,
    "sff": "spinal"
  },
  {
    "docID": "N244 Cloutier 2016",
    "et": "SpinalVentralHalf",
    "off": 97,
    "sff": "spinal"
  },
  {
    "docID": "N244 Cloutier 2016",
    "et": "SpinalVentralHalf",
    "off": 24160,
    "sff": "spinal"
  },
  {
    "docID": "N244 Cloutier 2016",
    "et": "SpinalVentralHalf",
    "off": 2334,
    "sff": "spinal"
  },
  {
    "docID": "N244 Cloutier 2016",
    "et": "SpinalVentralHalf",
    "off": 12901,
    "sff": "spinal"
  },
  {
    "docID": "N244 Cloutier 2016",
    "et": "SpinalVentralHalf",
    "off": 31012,
    "sff": "spinal"
  },
  {
    "docID": "N244 Cloutier 2016",
    "et": "SpinalVentralHalf",
    "off": 31715,
    "sff": "spinal"
  },
  {
    "docID": "N244 Cloutier 2016",
    "et": "SpinalVentralHalf",
    "off": 5155,
    "sff": "spinal"
  },
  {
    "docID": "N244 Cloutier 2016",
    "et": "SpinalVentralHalf",
    "off": 24103,
    "sff": "spinal"
  },
  {
    "docID": "N244 Cloutier 2016",
    "et": "SpinalVentralHalf",
    "off": 5607,
    "sff": "spinal"
  },
  {
    "docID": "N244 Cloutier 2016",
    "et": "SpinalVentralHalf",
    "off": 4842,
    "sff": "spinal"
  },
  {
    "docID": "N244 Cloutier 2016",
    "et": "SpinalVentralHalf",
    "off": 16938,
    "sff": "spinal"
  },
  {
    "docID": "N244 Cloutier 2016",
    "et": "SpinalVentralHalf",
    "off": 30894,
    "sff": "spinal"
  },
  {
    "docID": "N244 Cloutier 2016",
    "et": "SpinalVentralHalf",
    "off": 4084,
    "sff": "spinal"
  },
  {
    "docID": "N244 Cloutier 2016",
    "et": "SpinalVentralHalf",
    "off": 14134,
    "sff": "Spinal"
  },
  {
    "docID": "N244 Cloutier 2016",
    "et": "SpinalVentralHalf",
    "off": 3570,
    "sff": "spinal"
  },
  {
    "docID": "N244 Cloutier 2016",
    "et": "SpinalVentralHalf",
    "off": 8569,
    "sff": "Spinal"
  },
  {
    "docID": "N244 Cloutier 2016",
    "et": "RabbitSpecies",
    "off": 14917,
    "sff": "rabbit"
  },
  {
    "docID": "N244 Cloutier 2016",
    "et": "Rostral",
    "off": 25659,
    "sff": "rostral"
  },
  {
    "docID": "N244 Cloutier 2016",
    "et": "Rostral",
    "off": 18313,
    "sff": "rostral"
  },
  {
    "docID": "N244 Cloutier 2016",
    "et": "Rostral",
    "off": 24698,
    "sff": "rostral"
  },
  {
    "docID": "N244 Cloutier 2016",
    "et": "Rostral",
    "off": 29226,
    "sff": "rostral"
  },
  {
    "docID": "N244 Cloutier 2016",
    "et": "Rostral",
    "off": 9959,
    "sff": "rostral"
  },
  {
    "docID": "N244 Cloutier 2016",
    "et": "Rostral",
    "off": 23016,
    "sff": "rostral"
  },
  {
    "docID": "N244 Cloutier 2016",
    "et": "Rostral",
    "off": 18645,
    "sff": "rostral"
  },
  {
    "docID": "N244 Cloutier 2016",
    "et": "Rostral",
    "off": 24454,
    "sff": "rostral"
  },
  {
    "docID": "N244 Cloutier 2016",
    "et": "Rostral",
    "off": 9060,
    "sff": "rostral"
  },
  {
    "docID": "N244 Cloutier 2016",
    "et": "Rostral",
    "off": 24077,
    "sff": "rostral"
  },
  {
    "docID": "N244 Cloutier 2016",
    "et": "DorsalColumn",
    "off": 30074,
    "sff": "dorsal column"
  },
  {
    "docID": "N244 Cloutier 2016",
    "et": "DorsalColumn",
    "off": 10217,
    "sff": "dorsal"
  },
  {
    "docID": "N244 Cloutier 2016",
    "et": "Autologous",
    "off": 31792,
    "sff": "autologous"
  },
  {
    "docID": "N244 Cloutier 2016",
    "et": "Left",
    "off": 9553,
    "sff": "left"
  },
  {
    "docID": "N244 Cloutier 2016",
    "et": "SubstanceApplicationLocation",
    "off": 32130,
    "sff": "application"
  },
  {
    "docID": "N244 Cloutier 2016",
    "et": "Tissue",
    "off": 3128,
    "sff": "tissue"
  },
  {
    "docID": "N244 Cloutier 2016",
    "et": "Tissue",
    "off": 30278,
    "sff": "tissue"
  },
  {
    "docID": "N244 Cloutier 2016",
    "et": "Tissue",
    "off": 26373,
    "sff": "tissue"
  },
  {
    "docID": "N244 Cloutier 2016",
    "et": "Tissue",
    "off": 15994,
    "sff": "tissue"
  },
  {
    "docID": "N244 Cloutier 2016",
    "et": "Tissue",
    "off": 8495,
    "sff": "tissue"
  },
  {
    "docID": "N244 Cloutier 2016",
    "et": "Tissue",
    "off": 10259,
    "sff": "tissue"
  },
  {
    "docID": "N244 Cloutier 2016",
    "et": "InjectionDelivery",
    "off": 9527,
    "sff": "injection"
  },
  {
    "docID": "N244 Cloutier 2016",
    "et": "InjectionDelivery",
    "off": 14194,
    "sff": "injection"
  },
  {
    "docID": "N244 Cloutier 2016",
    "et": "InjectionDelivery",
    "off": 9760,
    "sff": "injection"
  },
  {
    "docID": "N244 Cloutier 2016",
    "et": "SpinalLesionSite",
    "off": 469,
    "sff": "spinal"
  },
  {
    "docID": "N244 Cloutier 2016",
    "et": "SpinalLesionSite",
    "off": 9045,
    "sff": "spinal"
  },
  {
    "docID": "N244 Cloutier 2016",
    "et": "SpinalLesionSite",
    "off": 2259,
    "sff": "spinal"
  },
  {
    "docID": "N244 Cloutier 2016",
    "et": "SpinalLesionSite",
    "off": 204,
    "sff": "spinal"
  },
  {
    "docID": "N244 Cloutier 2016",
    "et": "SpinalLesionSite",
    "off": 19658,
    "sff": "spinal"
  },
  {
    "docID": "N244 Cloutier 2016",
    "et": "SpinalLesionSite",
    "off": 27343,
    "sff": "spinal"
  },
  {
    "docID": "N244 Cloutier 2016",
    "et": "SpinalLesionSite",
    "off": 27299,
    "sff": "lesion site"
  },
  {
    "docID": "N244 Cloutier 2016",
    "et": "SpinalLesionSite",
    "off": 12901,
    "sff": "spinal"
  },
  {
    "docID": "N244 Cloutier 2016",
    "et": "SpinalLesionSite",
    "off": 31715,
    "sff": "spinal"
  },
  {
    "docID": "N244 Cloutier 2016",
    "et": "SpinalLesionSite",
    "off": 27299,
    "sff": "lesion"
  },
  {
    "docID": "N244 Cloutier 2016",
    "et": "SpinalLesionSite",
    "off": 5607,
    "sff": "spinal"
  },
  {
    "docID": "N244 Cloutier 2016",
    "et": "SpinalLesionSite",
    "off": 21339,
    "sff": "spinal"
  },
  {
    "docID": "N244 Cloutier 2016",
    "et": "SpinalLesionSite",
    "off": 97,
    "sff": "spinal"
  },
  {
    "docID": "N244 Cloutier 2016",
    "et": "SpinalLesionSite",
    "off": 26396,
    "sff": "lesion"
  },
  {
    "docID": "N244 Cloutier 2016",
    "et": "SpinalLesionSite",
    "off": 1948,
    "sff": "lesion"
  },
  {
    "docID": "N244 Cloutier 2016",
    "et": "SpinalLesionSite",
    "off": 24160,
    "sff": "spinal"
  },
  {
    "docID": "N244 Cloutier 2016",
    "et": "SpinalLesionSite",
    "off": 3656,
    "sff": "lesion site"
  },
  {
    "docID": "N244 Cloutier 2016",
    "et": "SpinalLesionSite",
    "off": 4808,
    "sff": "lesion site"
  },
  {
    "docID": "N244 Cloutier 2016",
    "et": "SpinalLesionSite",
    "off": 28856,
    "sff": "spinal"
  },
  {
    "docID": "N244 Cloutier 2016",
    "et": "SpinalLesionSite",
    "off": 22838,
    "sff": "spinal"
  },
  {
    "docID": "N244 Cloutier 2016",
    "et": "SpinalLesionSite",
    "off": 22966,
    "sff": "spinal"
  },
  {
    "docID": "N244 Cloutier 2016",
    "et": "SpinalLesionSite",
    "off": 14134,
    "sff": "Spinal"
  },
  {
    "docID": "N244 Cloutier 2016",
    "et": "SpinalLesionSite",
    "off": 5183,
    "sff": "lesion site"
  },
  {
    "docID": "N244 Cloutier 2016",
    "et": "SpinalLesionSite",
    "off": 9454,
    "sff": "lesion"
  },
  {
    "docID": "N244 Cloutier 2016",
    "et": "SpinalLesionSite",
    "off": 16938,
    "sff": "spinal"
  },
  {
    "docID": "N244 Cloutier 2016",
    "et": "SpinalLesionSite",
    "off": 30894,
    "sff": "spinal"
  },
  {
    "docID": "N244 Cloutier 2016",
    "et": "SpinalLesionSite",
    "off": 3523,
    "sff": "spinal"
  },
  {
    "docID": "N244 Cloutier 2016",
    "et": "SpinalLesionSite",
    "off": 347,
    "sff": "lesion site"
  },
  {
    "docID": "N244 Cloutier 2016",
    "et": "SpinalLesionSite",
    "off": 9673,
    "sff": "spinal"
  },
  {
    "docID": "N244 Cloutier 2016",
    "et": "SpinalLesionSite",
    "off": 19527,
    "sff": "spinal"
  },
  {
    "docID": "N244 Cloutier 2016",
    "et": "SpinalLesionSite",
    "off": 27856,
    "sff": "lesion site"
  },
  {
    "docID": "N244 Cloutier 2016",
    "et": "SpinalLesionSite",
    "off": 26687,
    "sff": "spinal"
  },
  {
    "docID": "N244 Cloutier 2016",
    "et": "SpinalLesionSite",
    "off": 27710,
    "sff": "spinal"
  },
  {
    "docID": "N244 Cloutier 2016",
    "et": "SpinalLesionSite",
    "off": 2963,
    "sff": "spinal"
  },
  {
    "docID": "N244 Cloutier 2016",
    "et": "SpinalLesionSite",
    "off": 14355,
    "sff": "spinal"
  },
  {
    "docID": "N244 Cloutier 2016",
    "et": "SpinalLesionSite",
    "off": 20563,
    "sff": "lesion"
  },
  {
    "docID": "N244 Cloutier 2016",
    "et": "SpinalLesionSite",
    "off": 11414,
    "sff": "spinal"
  },
  {
    "docID": "N244 Cloutier 2016",
    "et": "SpinalLesionSite",
    "off": 27856,
    "sff": "lesion"
  },
  {
    "docID": "N244 Cloutier 2016",
    "et": "SpinalLesionSite",
    "off": 401,
    "sff": "spinal"
  },
  {
    "docID": "N244 Cloutier 2016",
    "et": "SpinalLesionSite",
    "off": 26767,
    "sff": "spinal"
  },
  {
    "docID": "N244 Cloutier 2016",
    "et": "SpinalLesionSite",
    "off": 27535,
    "sff": "spinal"
  },
  {
    "docID": "N244 Cloutier 2016",
    "et": "SpinalLesionSite",
    "off": 1678,
    "sff": "spinal"
  },
  {
    "docID": "N244 Cloutier 2016",
    "et": "SpinalLesionSite",
    "off": 4323,
    "sff": "lesion site"
  },
  {
    "docID": "N244 Cloutier 2016",
    "et": "SpinalLesionSite",
    "off": 31012,
    "sff": "spinal"
  },
  {
    "docID": "N244 Cloutier 2016",
    "et": "SpinalLesionSite",
    "off": 5155,
    "sff": "spinal"
  },
  {
    "docID": "N244 Cloutier 2016",
    "et": "SpinalLesionSite",
    "off": 4323,
    "sff": "lesion"
  },
  {
    "docID": "N244 Cloutier 2016",
    "et": "SpinalLesionSite",
    "off": 24103,
    "sff": "spinal"
  },
  {
    "docID": "N244 Cloutier 2016",
    "et": "SpinalLesionSite",
    "off": 27804,
    "sff": "spinal"
  },
  {
    "docID": "N244 Cloutier 2016",
    "et": "SpinalLesionSite",
    "off": 9454,
    "sff": "lesion site"
  },
  {
    "docID": "N244 Cloutier 2016",
    "et": "SpinalLesionSite",
    "off": 347,
    "sff": "lesion"
  },
  {
    "docID": "N244 Cloutier 2016",
    "et": "SpinalLesionSite",
    "off": 3744,
    "sff": "spinal"
  },
  {
    "docID": "N244 Cloutier 2016",
    "et": "SpinalLesionSite",
    "off": 2334,
    "sff": "spinal"
  },
  {
    "docID": "N244 Cloutier 2016",
    "et": "SpinalLesionSite",
    "off": 26457,
    "sff": "lesion"
  },
  {
    "docID": "N244 Cloutier 2016",
    "et": "SpinalLesionSite",
    "off": 4084,
    "sff": "spinal"
  },
  {
    "docID": "N244 Cloutier 2016",
    "et": "SpinalLesionSite",
    "off": 3570,
    "sff": "spinal"
  },
  {
    "docID": "N244 Cloutier 2016",
    "et": "SpinalLesionSite",
    "off": 26361,
    "sff": "spinal"
  },
  {
    "docID": "N244 Cloutier 2016",
    "et": "SpinalLesionSite",
    "off": 31864,
    "sff": "spinal"
  },
  {
    "docID": "N244 Cloutier 2016",
    "et": "SpinalLesionSite",
    "off": 8950,
    "sff": "spinal"
  },
  {
    "docID": "N244 Cloutier 2016",
    "et": "SpinalLesionSite",
    "off": 8569,
    "sff": "Spinal"
  },
  {
    "docID": "N244 Cloutier 2016",
    "et": "SpinalLesionSite",
    "off": 4842,
    "sff": "spinal"
  },
  {
    "docID": "N244 Cloutier 2016",
    "et": "SpinalLesionSite",
    "off": 4522,
    "sff": "lesion"
  },
  {
    "docID": "N244 Cloutier 2016",
    "et": "SpinalLesionSite",
    "off": 3656,
    "sff": "lesion"
  },
  {
    "docID": "N244 Cloutier 2016",
    "et": "SpinalLesionSite",
    "off": 4808,
    "sff": "lesion"
  },
  {
    "docID": "N244 Cloutier 2016",
    "et": "SpinalLesionSite",
    "off": 4421,
    "sff": "lesion"
  },
  {
    "docID": "N244 Cloutier 2016",
    "et": "SpinalLesionSite",
    "off": 11785,
    "sff": "spinal"
  },
  {
    "docID": "N244 Cloutier 2016",
    "et": "SpinalLesionSite",
    "off": 26396,
    "sff": "lesion site"
  },
  {
    "docID": "N244 Cloutier 2016",
    "et": "SpinalLesionSite",
    "off": 5183,
    "sff": "lesion"
  },
  {
    "docID": "N244 Cloutier 2016",
    "et": "SpinalLesionSite",
    "off": 28538,
    "sff": "spinal"
  },
  {
    "docID": "N244 Cloutier 2016",
    "et": "SpinalLesionSite",
    "off": 29241,
    "sff": "lesion"
  },
  {
    "docID": "N244 Cloutier 2016",
    "et": "T2",
    "off": 17072,
    "sff": "T2"
  },
  {
    "docID": "N244 Cloutier 2016",
    "et": "T3",
    "off": 17075,
    "sff": "T3"
  },
  {
    "docID": "N244 Cloutier 2016",
    "et": "T3",
    "off": 8907,
    "sff": "T3"
  },
  {
    "docID": "N244 Cloutier 2016",
    "et": "T4",
    "off": 4029,
    "sff": "T4"
  },
  {
    "docID": "N244 Cloutier 2016",
    "et": "T4",
    "off": 5602,
    "sff": "T4"
  },
  {
    "docID": "N244 Cloutier 2016",
    "et": "T4",
    "off": 4081,
    "sff": "T4"
  },
  {
    "docID": "N244 Cloutier 2016",
    "et": "T4",
    "off": 8947,
    "sff": "T4"
  },
  {
    "docID": "N244 Cloutier 2016",
    "et": "T4",
    "off": 3589,
    "sff": "T4"
  },
  {
    "docID": "N244 Cloutier 2016",
    "et": "T4",
    "off": 18149,
    "sff": "T4"
  },
  {
    "docID": "N244 Cloutier 2016",
    "et": "T4",
    "off": 21177,
    "sff": "T4"
  },
  {
    "docID": "N244 Cloutier 2016",
    "et": "T4",
    "off": 26764,
    "sff": "T4"
  },
  {
    "docID": "N244 Cloutier 2016",
    "et": "T4",
    "off": 1675,
    "sff": "T4"
  },
  {
    "docID": "N244 Cloutier 2016",
    "et": "T5",
    "off": 17140,
    "sff": "T5"
  },
  {
    "docID": "N244 Cloutier 2016",
    "et": "T6",
    "off": 17143,
    "sff": "T6"
  },
  {
    "docID": "N244 Cloutier 2016",
    "et": "AnimalSpecies",
    "off": 7335,
    "sff": "Animal"
  },
  {
    "docID": "N244 Cloutier 2016",
    "et": "AnimalSpecies",
    "off": 18895,
    "sff": "animal"
  },
  {
    "docID": "N244 Cloutier 2016",
    "et": "AnimalSpecies",
    "off": 21143,
    "sff": "animal"
  },
  {
    "docID": "N244 Cloutier 2016",
    "et": "CompoundBiologicalRelation",
    "off": 7075,
    "sff": "Biological"
  },
  {
    "docID": "N244 Cloutier 2016",
    "et": "CompoundBiologicalRelation",
    "off": 7650,
    "sff": "Biological"
  },
  {
    "docID": "N244 Cloutier 2016",
    "et": "Saline",
    "off": 14010,
    "sff": "saline"
  },
  {
    "docID": "N244 Cloutier 2016",
    "et": "Saline",
    "off": 15337,
    "sff": "saline"
  },
  {
    "docID": "N244 Cloutier 2016",
    "et": "Saline",
    "off": 14751,
    "sff": "saline"
  },
  {
    "docID": "N244 Cloutier 2016",
    "et": "Saline",
    "off": 15156,
    "sff": "saline"
  },
  {
    "docID": "N244 Cloutier 2016",
    "et": "Saline",
    "off": 15236,
    "sff": "saline"
  },
  {
    "docID": "N244 Cloutier 2016",
    "et": "ModificationTreatment",
    "off": 3189,
    "sff": "modification"
  },
  {
    "docID": "N244 Cloutier 2016",
    "et": "FemoralVeinLocation",
    "off": 13827,
    "sff": "femoral"
  },
  {
    "docID": "N244 Cloutier 2016",
    "et": "TemperatureTreatment",
    "off": 11198,
    "sff": "temperature"
  },
  {
    "docID": "N244 Cloutier 2016",
    "et": "TemperatureTreatment",
    "off": 11246,
    "sff": "temperature"
  },
  {
    "docID": "N244 Cloutier 2016",
    "et": "TemperatureTreatment",
    "off": 11283,
    "sff": "temperature"
  },
  {
    "docID": "N244 Cloutier 2016",
    "et": "TemperatureTreatment",
    "off": 11122,
    "sff": "temperature"
  },
  {
    "docID": "N244 Cloutier 2016",
    "et": "TemperatureTreatment",
    "off": 15275,
    "sff": "temperature"
  },
  {
    "docID": "N244 Cloutier 2016",
    "et": "StemCell",
    "off": 30880,
    "sff": "stem"
  },
  {
    "docID": "N244 Cloutier 2016",
    "et": "SpinalCord",
    "off": 14355,
    "sff": "spinal"
  },
  {
    "docID": "N244 Cloutier 2016",
    "et": "SpinalCord",
    "off": 9045,
    "sff": "spinal"
  },
  {
    "docID": "N244 Cloutier 2016",
    "et": "SpinalCord",
    "off": 5607,
    "sff": "spinal cord"
  },
  {
    "docID": "N244 Cloutier 2016",
    "et": "SpinalCord",
    "off": 24103,
    "sff": "spinal cord"
  },
  {
    "docID": "N244 Cloutier 2016",
    "et": "SpinalCord",
    "off": 4842,
    "sff": "spinal cord"
  },
  {
    "docID": "N244 Cloutier 2016",
    "et": "SpinalCord",
    "off": 5155,
    "sff": "spinal cord"
  },
  {
    "docID": "N244 Cloutier 2016",
    "et": "SpinalCord",
    "off": 31012,
    "sff": "spinal cord"
  },
  {
    "docID": "N244 Cloutier 2016",
    "et": "SpinalCord",
    "off": 31715,
    "sff": "spinal cord"
  },
  {
    "docID": "N244 Cloutier 2016",
    "et": "SpinalCord",
    "off": 12901,
    "sff": "spinal cord"
  },
  {
    "docID": "N244 Cloutier 2016",
    "et": "SpinalCord",
    "off": 24160,
    "sff": "spinal cord"
  },
  {
    "docID": "N244 Cloutier 2016",
    "et": "SpinalCord",
    "off": 3744,
    "sff": "spinal cord"
  },
  {
    "docID": "N244 Cloutier 2016",
    "et": "SpinalCord",
    "off": 97,
    "sff": "spinal cord"
  },
  {
    "docID": "N244 Cloutier 2016",
    "et": "SpinalCord",
    "off": 21339,
    "sff": "spinal cord"
  },
  {
    "docID": "N244 Cloutier 2016",
    "et": "SpinalCord",
    "off": 27804,
    "sff": "spinal cord"
  },
  {
    "docID": "N244 Cloutier 2016",
    "et": "SpinalCord",
    "off": 2334,
    "sff": "spinal cord"
  },
  {
    "docID": "N244 Cloutier 2016",
    "et": "SpinalCord",
    "off": 16938,
    "sff": "spinal"
  },
  {
    "docID": "N244 Cloutier 2016",
    "et": "SpinalCord",
    "off": 2259,
    "sff": "spinal cord"
  },
  {
    "docID": "N244 Cloutier 2016",
    "et": "SpinalCord",
    "off": 2963,
    "sff": "spinal cord"
  },
  {
    "docID": "N244 Cloutier 2016",
    "et": "SpinalCord",
    "off": 469,
    "sff": "spinal cord"
  },
  {
    "docID": "N244 Cloutier 2016",
    "et": "SpinalCord",
    "off": 11414,
    "sff": "spinal cord"
  },
  {
    "docID": "N244 Cloutier 2016",
    "et": "SpinalCord",
    "off": 30894,
    "sff": "spinal"
  },
  {
    "docID": "N244 Cloutier 2016",
    "et": "SpinalCord",
    "off": 26767,
    "sff": "spinal cord"
  },
  {
    "docID": "N244 Cloutier 2016",
    "et": "SpinalCord",
    "off": 27343,
    "sff": "spinal cord"
  },
  {
    "docID": "N244 Cloutier 2016",
    "et": "SpinalCord",
    "off": 27535,
    "sff": "spinal cord"
  },
  {
    "docID": "N244 Cloutier 2016",
    "et": "SpinalCord",
    "off": 401,
    "sff": "spinal cord"
  },
  {
    "docID": "N244 Cloutier 2016",
    "et": "SpinalCord",
    "off": 204,
    "sff": "spinal cord"
  },
  {
    "docID": "N244 Cloutier 2016",
    "et": "SpinalCord",
    "off": 1678,
    "sff": "spinal cord"
  },
  {
    "docID": "N244 Cloutier 2016",
    "et": "SpinalCord",
    "off": 8950,
    "sff": "spinal"
  },
  {
    "docID": "N244 Cloutier 2016",
    "et": "SpinalCord",
    "off": 19527,
    "sff": "spinal cord"
  },
  {
    "docID": "N244 Cloutier 2016",
    "et": "SpinalCord",
    "off": 9673,
    "sff": "spinal cord"
  },
  {
    "docID": "N244 Cloutier 2016",
    "et": "SpinalCord",
    "off": 11785,
    "sff": "spinal cord"
  },
  {
    "docID": "N244 Cloutier 2016",
    "et": "SpinalCord",
    "off": 19658,
    "sff": "spinal cord"
  },
  {
    "docID": "N244 Cloutier 2016",
    "et": "SpinalCord",
    "off": 3523,
    "sff": "spinal cord"
  },
  {
    "docID": "N244 Cloutier 2016",
    "et": "SpinalCord",
    "off": 26687,
    "sff": "spinal cord"
  },
  {
    "docID": "N244 Cloutier 2016",
    "et": "SpinalCord",
    "off": 8569,
    "sff": "Spinal cord"
  },
  {
    "docID": "N244 Cloutier 2016",
    "et": "SpinalCord",
    "off": 27710,
    "sff": "spinal cord"
  },
  {
    "docID": "N244 Cloutier 2016",
    "et": "SpinalCord",
    "off": 28856,
    "sff": "spinal cord"
  },
  {
    "docID": "N244 Cloutier 2016",
    "et": "SpinalCord",
    "off": 31864,
    "sff": "spinal cord"
  },
  {
    "docID": "N244 Cloutier 2016",
    "et": "SpinalCord",
    "off": 28538,
    "sff": "spinal cord"
  },
  {
    "docID": "N244 Cloutier 2016",
    "et": "SpinalCord",
    "off": 26361,
    "sff": "spinal cord"
  },
  {
    "docID": "N244 Cloutier 2016",
    "et": "SpinalCord",
    "off": 4084,
    "sff": "spinal cord"
  },
  {
    "docID": "N244 Cloutier 2016",
    "et": "SpinalCord",
    "off": 14134,
    "sff": "Spinal cord"
  },
  {
    "docID": "N244 Cloutier 2016",
    "et": "SpinalCord",
    "off": 22838,
    "sff": "spinal cord"
  },
  {
    "docID": "N244 Cloutier 2016",
    "et": "SpinalCord",
    "off": 22966,
    "sff": "spinal cord"
  },
  {
    "docID": "N244 Cloutier 2016",
    "et": "SpinalCord",
    "off": 3570,
    "sff": "spinal cord"
  },
  {
    "docID": "N244 Cloutier 2016",
    "et": "LesionAdjacentTissue",
    "off": 9454,
    "sff": "lesion"
  },
  {
    "docID": "N244 Cloutier 2016",
    "et": "LesionAdjacentTissue",
    "off": 27856,
    "sff": "lesion"
  },
  {
    "docID": "N244 Cloutier 2016",
    "et": "LesionAdjacentTissue",
    "off": 20563,
    "sff": "lesion"
  },
  {
    "docID": "N244 Cloutier 2016",
    "et": "LesionAdjacentTissue",
    "off": 26457,
    "sff": "lesion"
  },
  {
    "docID": "N244 Cloutier 2016",
    "et": "LesionAdjacentTissue",
    "off": 29241,
    "sff": "lesion"
  },
  {
    "docID": "N244 Cloutier 2016",
    "et": "LesionAdjacentTissue",
    "off": 347,
    "sff": "lesion"
  },
  {
    "docID": "N244 Cloutier 2016",
    "et": "LesionAdjacentTissue",
    "off": 1948,
    "sff": "lesion"
  },
  {
    "docID": "N244 Cloutier 2016",
    "et": "LesionAdjacentTissue",
    "off": 26396,
    "sff": "lesion"
  },
  {
    "docID": "N244 Cloutier 2016",
    "et": "LesionAdjacentTissue",
    "off": 5183,
    "sff": "lesion"
  },
  {
    "docID": "N244 Cloutier 2016",
    "et": "LesionAdjacentTissue",
    "off": 1779,
    "sff": "adjacent"
  },
  {
    "docID": "N244 Cloutier 2016",
    "et": "LesionAdjacentTissue",
    "off": 4323,
    "sff": "lesion"
  },
  {
    "docID": "N244 Cloutier 2016",
    "et": "LesionAdjacentTissue",
    "off": 27299,
    "sff": "lesion"
  },
  {
    "docID": "N244 Cloutier 2016",
    "et": "LesionAdjacentTissue",
    "off": 4421,
    "sff": "lesion"
  },
  {
    "docID": "N244 Cloutier 2016",
    "et": "LesionAdjacentTissue",
    "off": 5167,
    "sff": "adjacent"
  },
  {
    "docID": "N244 Cloutier 2016",
    "et": "LesionAdjacentTissue",
    "off": 26380,
    "sff": "adjacent"
  },
  {
    "docID": "N244 Cloutier 2016",
    "et": "LesionAdjacentTissue",
    "off": 3656,
    "sff": "lesion"
  },
  {
    "docID": "N244 Cloutier 2016",
    "et": "LesionAdjacentTissue",
    "off": 4808,
    "sff": "lesion"
  },
  {
    "docID": "N244 Cloutier 2016",
    "et": "LesionAdjacentTissue",
    "off": 4522,
    "sff": "lesion"
  },
  {
    "docID": "N244 Cloutier 2016",
    "et": "CentralNervousSystem",
    "off": 3818,
    "sff": "central"
  },
  {
    "docID": "N244 Cloutier 2016",
    "et": "CentralNervousSystem",
    "off": 16113,
    "sff": "central"
  },
  {
    "docID": "N244 Cloutier 2016",
    "et": "WistarRat",
    "off": 7637,
    "sff": "Wistar"
  },
  {
    "docID": "N244 Cloutier 2016",
    "et": "WistarRat",
    "off": 7062,
    "sff": "Wistar"
  },
  {
    "docID": "N244 Cloutier 2016",
    "et": "SpinalCentralPart",
    "off": 21339,
    "sff": "spinal"
  },
  {
    "docID": "N244 Cloutier 2016",
    "et": "SpinalCentralPart",
    "off": 2334,
    "sff": "spinal"
  },
  {
    "docID": "N244 Cloutier 2016",
    "et": "SpinalCentralPart",
    "off": 27804,
    "sff": "spinal"
  },
  {
    "docID": "N244 Cloutier 2016",
    "et": "SpinalCentralPart",
    "off": 3744,
    "sff": "spinal"
  },
  {
    "docID": "N244 Cloutier 2016",
    "et": "SpinalCentralPart",
    "off": 24160,
    "sff": "spinal"
  },
  {
    "docID": "N244 Cloutier 2016",
    "et": "SpinalCentralPart",
    "off": 97,
    "sff": "spinal"
  },
  {
    "docID": "N244 Cloutier 2016",
    "et": "SpinalCentralPart",
    "off": 16113,
    "sff": "central"
  },
  {
    "docID": "N244 Cloutier 2016",
    "et": "SpinalCentralPart",
    "off": 2259,
    "sff": "spinal"
  },
  {
    "docID": "N244 Cloutier 2016",
    "et": "SpinalCentralPart",
    "off": 2963,
    "sff": "spinal"
  },
  {
    "docID": "N244 Cloutier 2016",
    "et": "SpinalCentralPart",
    "off": 14355,
    "sff": "spinal"
  },
  {
    "docID": "N244 Cloutier 2016",
    "et": "SpinalCentralPart",
    "off": 11414,
    "sff": "spinal"
  },
  {
    "docID": "N244 Cloutier 2016",
    "et": "SpinalCentralPart",
    "off": 469,
    "sff": "spinal"
  },
  {
    "docID": "N244 Cloutier 2016",
    "et": "SpinalCentralPart",
    "off": 9045,
    "sff": "spinal"
  },
  {
    "docID": "N244 Cloutier 2016",
    "et": "SpinalCentralPart",
    "off": 204,
    "sff": "spinal"
  },
  {
    "docID": "N244 Cloutier 2016",
    "et": "SpinalCentralPart",
    "off": 1678,
    "sff": "spinal"
  },
  {
    "docID": "N244 Cloutier 2016",
    "et": "SpinalCentralPart",
    "off": 26767,
    "sff": "spinal"
  },
  {
    "docID": "N244 Cloutier 2016",
    "et": "SpinalCentralPart",
    "off": 27343,
    "sff": "spinal"
  },
  {
    "docID": "N244 Cloutier 2016",
    "et": "SpinalCentralPart",
    "off": 27535,
    "sff": "spinal"
  },
  {
    "docID": "N244 Cloutier 2016",
    "et": "SpinalCentralPart",
    "off": 401,
    "sff": "spinal"
  },
  {
    "docID": "N244 Cloutier 2016",
    "et": "SpinalCentralPart",
    "off": 3523,
    "sff": "spinal"
  },
  {
    "docID": "N244 Cloutier 2016",
    "et": "SpinalCentralPart",
    "off": 19527,
    "sff": "spinal"
  },
  {
    "docID": "N244 Cloutier 2016",
    "et": "SpinalCentralPart",
    "off": 3818,
    "sff": "central"
  },
  {
    "docID": "N244 Cloutier 2016",
    "et": "SpinalCentralPart",
    "off": 19658,
    "sff": "spinal"
  },
  {
    "docID": "N244 Cloutier 2016",
    "et": "SpinalCentralPart",
    "off": 9673,
    "sff": "spinal"
  },
  {
    "docID": "N244 Cloutier 2016",
    "et": "SpinalCentralPart",
    "off": 11785,
    "sff": "spinal"
  },
  {
    "docID": "N244 Cloutier 2016",
    "et": "SpinalCentralPart",
    "off": 27710,
    "sff": "spinal"
  },
  {
    "docID": "N244 Cloutier 2016",
    "et": "SpinalCentralPart",
    "off": 8569,
    "sff": "Spinal"
  },
  {
    "docID": "N244 Cloutier 2016",
    "et": "SpinalCentralPart",
    "off": 26687,
    "sff": "spinal"
  },
  {
    "docID": "N244 Cloutier 2016",
    "et": "SpinalCentralPart",
    "off": 14134,
    "sff": "Spinal"
  },
  {
    "docID": "N244 Cloutier 2016",
    "et": "SpinalCentralPart",
    "off": 4084,
    "sff": "spinal"
  },
  {
    "docID": "N244 Cloutier 2016",
    "et": "SpinalCentralPart",
    "off": 8950,
    "sff": "spinal"
  },
  {
    "docID": "N244 Cloutier 2016",
    "et": "SpinalCentralPart",
    "off": 22838,
    "sff": "spinal"
  },
  {
    "docID": "N244 Cloutier 2016",
    "et": "SpinalCentralPart",
    "off": 22966,
    "sff": "spinal"
  },
  {
    "docID": "N244 Cloutier 2016",
    "et": "SpinalCentralPart",
    "off": 26361,
    "sff": "spinal"
  },
  {
    "docID": "N244 Cloutier 2016",
    "et": "SpinalCentralPart",
    "off": 28538,
    "sff": "spinal"
  },
  {
    "docID": "N244 Cloutier 2016",
    "et": "SpinalCentralPart",
    "off": 28856,
    "sff": "spinal"
  },
  {
    "docID": "N244 Cloutier 2016",
    "et": "SpinalCentralPart",
    "off": 31864,
    "sff": "spinal"
  },
  {
    "docID": "N244 Cloutier 2016",
    "et": "SpinalCentralPart",
    "off": 30894,
    "sff": "spinal"
  },
  {
    "docID": "N244 Cloutier 2016",
    "et": "SpinalCentralPart",
    "off": 3570,
    "sff": "spinal"
  },
  {
    "docID": "N244 Cloutier 2016",
    "et": "SpinalCentralPart",
    "off": 5155,
    "sff": "spinal"
  },
  {
    "docID": "N244 Cloutier 2016",
    "et": "SpinalCentralPart",
    "off": 31715,
    "sff": "spinal"
  },
  {
    "docID": "N244 Cloutier 2016",
    "et": "SpinalCentralPart",
    "off": 12901,
    "sff": "spinal"
  },
  {
    "docID": "N244 Cloutier 2016",
    "et": "SpinalCentralPart",
    "off": 31012,
    "sff": "spinal"
  },
  {
    "docID": "N244 Cloutier 2016",
    "et": "SpinalCentralPart",
    "off": 5607,
    "sff": "spinal"
  },
  {
    "docID": "N244 Cloutier 2016",
    "et": "SpinalCentralPart",
    "off": 24103,
    "sff": "spinal"
  },
  {
    "docID": "N244 Cloutier 2016",
    "et": "SpinalCentralPart",
    "off": 4842,
    "sff": "spinal"
  },
  {
    "docID": "N244 Cloutier 2016",
    "et": "SpinalCentralPart",
    "off": 16938,
    "sff": "spinal"
  },
  {
    "docID": "N244 Cloutier 2016",
    "et": "AnatomicalLocation",
    "off": 19901,
    "sff": "anatomical"
  },
  {
    "docID": "N244 Cloutier 2016",
    "et": "Ketamine",
    "off": 8722,
    "sff": "Ketamine"
  },
  {
    "docID": "N244 Cloutier 2016",
    "et": "Ketamine",
    "off": 13750,
    "sff": "ketamine"
  },
  {
    "docID": "N244 Cloutier 2016",
    "et": "Ketamine",
    "off": 8667,
    "sff": "ketamine"
  },
  {
    "docID": "N244 Cloutier 2016",
    "et": "Brain",
    "off": 30874,
    "sff": "brain"
  },
  {
    "docID": "N244 Cloutier 2016",
    "et": "SpinalWhiteMatter",
    "off": 469,
    "sff": "spinal"
  },
  {
    "docID": "N244 Cloutier 2016",
    "et": "SpinalWhiteMatter",
    "off": 9045,
    "sff": "spinal"
  },
  {
    "docID": "N244 Cloutier 2016",
    "et": "SpinalWhiteMatter",
    "off": 11414,
    "sff": "spinal"
  },
  {
    "docID": "N244 Cloutier 2016",
    "et": "SpinalWhiteMatter",
    "off": 21339,
    "sff": "spinal"
  },
  {
    "docID": "N244 Cloutier 2016",
    "et": "SpinalWhiteMatter",
    "off": 27804,
    "sff": "spinal"
  },
  {
    "docID": "N244 Cloutier 2016",
    "et": "SpinalWhiteMatter",
    "off": 3744,
    "sff": "spinal"
  },
  {
    "docID": "N244 Cloutier 2016",
    "et": "SpinalWhiteMatter",
    "off": 24160,
    "sff": "spinal"
  },
  {
    "docID": "N244 Cloutier 2016",
    "et": "SpinalWhiteMatter",
    "off": 2334,
    "sff": "spinal"
  },
  {
    "docID": "N244 Cloutier 2016",
    "et": "SpinalWhiteMatter",
    "off": 5155,
    "sff": "spinal"
  },
  {
    "docID": "N244 Cloutier 2016",
    "et": "SpinalWhiteMatter",
    "off": 31715,
    "sff": "spinal"
  },
  {
    "docID": "N244 Cloutier 2016",
    "et": "SpinalWhiteMatter",
    "off": 31012,
    "sff": "spinal"
  },
  {
    "docID": "N244 Cloutier 2016",
    "et": "SpinalWhiteMatter",
    "off": 97,
    "sff": "spinal"
  },
  {
    "docID": "N244 Cloutier 2016",
    "et": "SpinalWhiteMatter",
    "off": 19527,
    "sff": "spinal"
  },
  {
    "docID": "N244 Cloutier 2016",
    "et": "SpinalWhiteMatter",
    "off": 204,
    "sff": "spinal"
  },
  {
    "docID": "N244 Cloutier 2016",
    "et": "SpinalWhiteMatter",
    "off": 9673,
    "sff": "spinal"
  },
  {
    "docID": "N244 Cloutier 2016",
    "et": "SpinalWhiteMatter",
    "off": 11785,
    "sff": "spinal"
  },
  {
    "docID": "N244 Cloutier 2016",
    "et": "SpinalWhiteMatter",
    "off": 19658,
    "sff": "spinal"
  },
  {
    "docID": "N244 Cloutier 2016",
    "et": "SpinalWhiteMatter",
    "off": 26767,
    "sff": "spinal"
  },
  {
    "docID": "N244 Cloutier 2016",
    "et": "SpinalWhiteMatter",
    "off": 27343,
    "sff": "spinal"
  },
  {
    "docID": "N244 Cloutier 2016",
    "et": "SpinalWhiteMatter",
    "off": 27535,
    "sff": "spinal"
  },
  {
    "docID": "N244 Cloutier 2016",
    "et": "SpinalWhiteMatter",
    "off": 1678,
    "sff": "spinal"
  },
  {
    "docID": "N244 Cloutier 2016",
    "et": "SpinalWhiteMatter",
    "off": 2259,
    "sff": "spinal"
  },
  {
    "docID": "N244 Cloutier 2016",
    "et": "SpinalWhiteMatter",
    "off": 2963,
    "sff": "spinal"
  },
  {
    "docID": "N244 Cloutier 2016",
    "et": "SpinalWhiteMatter",
    "off": 14355,
    "sff": "spinal"
  },
  {
    "docID": "N244 Cloutier 2016",
    "et": "SpinalWhiteMatter",
    "off": 401,
    "sff": "spinal"
  },
  {
    "docID": "N244 Cloutier 2016",
    "et": "SpinalWhiteMatter",
    "off": 28856,
    "sff": "spinal"
  },
  {
    "docID": "N244 Cloutier 2016",
    "et": "SpinalWhiteMatter",
    "off": 31864,
    "sff": "spinal"
  },
  {
    "docID": "N244 Cloutier 2016",
    "et": "SpinalWhiteMatter",
    "off": 8950,
    "sff": "spinal"
  },
  {
    "docID": "N244 Cloutier 2016",
    "et": "SpinalWhiteMatter",
    "off": 22838,
    "sff": "spinal"
  },
  {
    "docID": "N244 Cloutier 2016",
    "et": "SpinalWhiteMatter",
    "off": 22966,
    "sff": "spinal"
  },
  {
    "docID": "N244 Cloutier 2016",
    "et": "SpinalWhiteMatter",
    "off": 26361,
    "sff": "spinal"
  },
  {
    "docID": "N244 Cloutier 2016",
    "et": "SpinalWhiteMatter",
    "off": 28538,
    "sff": "spinal"
  },
  {
    "docID": "N244 Cloutier 2016",
    "et": "SpinalWhiteMatter",
    "off": 26687,
    "sff": "spinal"
  },
  {
    "docID": "N244 Cloutier 2016",
    "et": "SpinalWhiteMatter",
    "off": 27710,
    "sff": "spinal"
  },
  {
    "docID": "N244 Cloutier 2016",
    "et": "SpinalWhiteMatter",
    "off": 3523,
    "sff": "spinal"
  },
  {
    "docID": "N244 Cloutier 2016",
    "et": "SpinalWhiteMatter",
    "off": 5607,
    "sff": "spinal"
  },
  {
    "docID": "N244 Cloutier 2016",
    "et": "SpinalWhiteMatter",
    "off": 24103,
    "sff": "spinal"
  },
  {
    "docID": "N244 Cloutier 2016",
    "et": "SpinalWhiteMatter",
    "off": 12901,
    "sff": "spinal"
  },
  {
    "docID": "N244 Cloutier 2016",
    "et": "SpinalWhiteMatter",
    "off": 4842,
    "sff": "spinal"
  },
  {
    "docID": "N244 Cloutier 2016",
    "et": "SpinalWhiteMatter",
    "off": 16938,
    "sff": "spinal"
  },
  {
    "docID": "N244 Cloutier 2016",
    "et": "SpinalWhiteMatter",
    "off": 8569,
    "sff": "Spinal"
  },
  {
    "docID": "N244 Cloutier 2016",
    "et": "SpinalWhiteMatter",
    "off": 30894,
    "sff": "spinal"
  },
  {
    "docID": "N244 Cloutier 2016",
    "et": "SpinalWhiteMatter",
    "off": 4084,
    "sff": "spinal"
  },
  {
    "docID": "N244 Cloutier 2016",
    "et": "SpinalWhiteMatter",
    "off": 14134,
    "sff": "Spinal"
  },
  {
    "docID": "N244 Cloutier 2016",
    "et": "SpinalWhiteMatter",
    "off": 3570,
    "sff": "spinal"
  },
  {
    "docID": "N244 Cloutier 2016",
    "et": "Catheter",
    "off": 21566,
    "sff": "catheter"
  },
  {
    "docID": "N244 Cloutier 2016",
    "et": "Purification",
    "off": 8064,
    "sff": "purification"
  },
  {
    "docID": "N244 Cloutier 2016",
    "et": "UmbilicalCordBloodStemCell",
    "off": 27811,
    "sff": "cord"
  },
  {
    "docID": "N244 Cloutier 2016",
    "et": "UmbilicalCordBloodStemCell",
    "off": 21346,
    "sff": "cord"
  },
  {
    "docID": "N244 Cloutier 2016",
    "et": "UmbilicalCordBloodStemCell",
    "off": 11421,
    "sff": "cord"
  },
  {
    "docID": "N244 Cloutier 2016",
    "et": "UmbilicalCordBloodStemCell",
    "off": 476,
    "sff": "cord"
  },
  {
    "docID": "N244 Cloutier 2016",
    "et": "UmbilicalCordBloodStemCell",
    "off": 31019,
    "sff": "cord"
  },
  {
    "docID": "N244 Cloutier 2016",
    "et": "UmbilicalCordBloodStemCell",
    "off": 5162,
    "sff": "cord"
  },
  {
    "docID": "N244 Cloutier 2016",
    "et": "UmbilicalCordBloodStemCell",
    "off": 31722,
    "sff": "cord"
  },
  {
    "docID": "N244 Cloutier 2016",
    "et": "UmbilicalCordBloodStemCell",
    "off": 104,
    "sff": "cord"
  },
  {
    "docID": "N244 Cloutier 2016",
    "et": "UmbilicalCordBloodStemCell",
    "off": 3751,
    "sff": "cord"
  },
  {
    "docID": "N244 Cloutier 2016",
    "et": "UmbilicalCordBloodStemCell",
    "off": 24167,
    "sff": "cord"
  },
  {
    "docID": "N244 Cloutier 2016",
    "et": "UmbilicalCordBloodStemCell",
    "off": 2341,
    "sff": "cord"
  },
  {
    "docID": "N244 Cloutier 2016",
    "et": "UmbilicalCordBloodStemCell",
    "off": 211,
    "sff": "cord"
  },
  {
    "docID": "N244 Cloutier 2016",
    "et": "UmbilicalCordBloodStemCell",
    "off": 19665,
    "sff": "cord"
  },
  {
    "docID": "N244 Cloutier 2016",
    "et": "UmbilicalCordBloodStemCell",
    "off": 9680,
    "sff": "cord"
  },
  {
    "docID": "N244 Cloutier 2016",
    "et": "UmbilicalCordBloodStemCell",
    "off": 11792,
    "sff": "cord"
  },
  {
    "docID": "N244 Cloutier 2016",
    "et": "UmbilicalCordBloodStemCell",
    "off": 19534,
    "sff": "cord"
  },
  {
    "docID": "N244 Cloutier 2016",
    "et": "UmbilicalCordBloodStemCell",
    "off": 2266,
    "sff": "cord"
  },
  {
    "docID": "N244 Cloutier 2016",
    "et": "UmbilicalCordBloodStemCell",
    "off": 2970,
    "sff": "cord"
  },
  {
    "docID": "N244 Cloutier 2016",
    "et": "UmbilicalCordBloodStemCell",
    "off": 408,
    "sff": "cord"
  },
  {
    "docID": "N244 Cloutier 2016",
    "et": "UmbilicalCordBloodStemCell",
    "off": 26774,
    "sff": "cord"
  },
  {
    "docID": "N244 Cloutier 2016",
    "et": "UmbilicalCordBloodStemCell",
    "off": 27350,
    "sff": "cord"
  },
  {
    "docID": "N244 Cloutier 2016",
    "et": "UmbilicalCordBloodStemCell",
    "off": 27542,
    "sff": "cord"
  },
  {
    "docID": "N244 Cloutier 2016",
    "et": "UmbilicalCordBloodStemCell",
    "off": 1685,
    "sff": "cord"
  },
  {
    "docID": "N244 Cloutier 2016",
    "et": "UmbilicalCordBloodStemCell",
    "off": 28545,
    "sff": "cord"
  },
  {
    "docID": "N244 Cloutier 2016",
    "et": "UmbilicalCordBloodStemCell",
    "off": 8576,
    "sff": "cord"
  },
  {
    "docID": "N244 Cloutier 2016",
    "et": "UmbilicalCordBloodStemCell",
    "off": 26368,
    "sff": "cord"
  },
  {
    "docID": "N244 Cloutier 2016",
    "et": "UmbilicalCordBloodStemCell",
    "off": 10239,
    "sff": "cord"
  },
  {
    "docID": "N244 Cloutier 2016",
    "et": "UmbilicalCordBloodStemCell",
    "off": 28863,
    "sff": "cord"
  },
  {
    "docID": "N244 Cloutier 2016",
    "et": "UmbilicalCordBloodStemCell",
    "off": 31871,
    "sff": "cord"
  },
  {
    "docID": "N244 Cloutier 2016",
    "et": "UmbilicalCordBloodStemCell",
    "off": 14141,
    "sff": "cord"
  },
  {
    "docID": "N244 Cloutier 2016",
    "et": "UmbilicalCordBloodStemCell",
    "off": 22845,
    "sff": "cord"
  },
  {
    "docID": "N244 Cloutier 2016",
    "et": "UmbilicalCordBloodStemCell",
    "off": 22973,
    "sff": "cord"
  },
  {
    "docID": "N244 Cloutier 2016",
    "et": "UmbilicalCordBloodStemCell",
    "off": 3530,
    "sff": "cord"
  },
  {
    "docID": "N244 Cloutier 2016",
    "et": "UmbilicalCordBloodStemCell",
    "off": 9990,
    "sff": "cord"
  },
  {
    "docID": "N244 Cloutier 2016",
    "et": "UmbilicalCordBloodStemCell",
    "off": 26694,
    "sff": "cord"
  },
  {
    "docID": "N244 Cloutier 2016",
    "et": "UmbilicalCordBloodStemCell",
    "off": 27717,
    "sff": "cord"
  },
  {
    "docID": "N244 Cloutier 2016",
    "et": "UmbilicalCordBloodStemCell",
    "off": 4849,
    "sff": "cord"
  },
  {
    "docID": "N244 Cloutier 2016",
    "et": "UmbilicalCordBloodStemCell",
    "off": 5614,
    "sff": "cord"
  },
  {
    "docID": "N244 Cloutier 2016",
    "et": "UmbilicalCordBloodStemCell",
    "off": 24110,
    "sff": "cord"
  },
  {
    "docID": "N244 Cloutier 2016",
    "et": "UmbilicalCordBloodStemCell",
    "off": 12908,
    "sff": "cord"
  },
  {
    "docID": "N244 Cloutier 2016",
    "et": "UmbilicalCordBloodStemCell",
    "off": 4091,
    "sff": "cord"
  },
  {
    "docID": "N244 Cloutier 2016",
    "et": "UmbilicalCordBloodStemCell",
    "off": 3577,
    "sff": "cord"
  },
  {
    "docID": "N244 Cloutier 2016",
    "et": "Protein",
    "off": 8395,
    "sff": "protein"
  },
  {
    "docID": "N244 Cloutier 2016",
    "et": "GlialCell",
    "off": 3209,
    "sff": "glial"
  },
  {
    "docID": "N244 Cloutier 2016",
    "et": "ImmuneCell",
    "off": 30227,
    "sff": "immune-cell"
  },
  {
    "docID": "N244 Cloutier 2016",
    "et": "SpinalGrayMatter",
    "off": 14134,
    "sff": "Spinal"
  },
  {
    "docID": "N244 Cloutier 2016",
    "et": "SpinalGrayMatter",
    "off": 28538,
    "sff": "spinal"
  },
  {
    "docID": "N244 Cloutier 2016",
    "et": "SpinalGrayMatter",
    "off": 26361,
    "sff": "spinal"
  },
  {
    "docID": "N244 Cloutier 2016",
    "et": "SpinalGrayMatter",
    "off": 26687,
    "sff": "spinal"
  },
  {
    "docID": "N244 Cloutier 2016",
    "et": "SpinalGrayMatter",
    "off": 27710,
    "sff": "spinal"
  },
  {
    "docID": "N244 Cloutier 2016",
    "et": "SpinalGrayMatter",
    "off": 3523,
    "sff": "spinal"
  },
  {
    "docID": "N244 Cloutier 2016",
    "et": "SpinalGrayMatter",
    "off": 19527,
    "sff": "spinal"
  },
  {
    "docID": "N244 Cloutier 2016",
    "et": "SpinalGrayMatter",
    "off": 204,
    "sff": "spinal"
  },
  {
    "docID": "N244 Cloutier 2016",
    "et": "SpinalGrayMatter",
    "off": 19658,
    "sff": "spinal"
  },
  {
    "docID": "N244 Cloutier 2016",
    "et": "SpinalGrayMatter",
    "off": 9673,
    "sff": "spinal"
  },
  {
    "docID": "N244 Cloutier 2016",
    "et": "SpinalGrayMatter",
    "off": 11785,
    "sff": "spinal"
  },
  {
    "docID": "N244 Cloutier 2016",
    "et": "SpinalGrayMatter",
    "off": 26767,
    "sff": "spinal"
  },
  {
    "docID": "N244 Cloutier 2016",
    "et": "SpinalGrayMatter",
    "off": 27343,
    "sff": "spinal"
  },
  {
    "docID": "N244 Cloutier 2016",
    "et": "SpinalGrayMatter",
    "off": 27535,
    "sff": "spinal"
  },
  {
    "docID": "N244 Cloutier 2016",
    "et": "SpinalGrayMatter",
    "off": 1678,
    "sff": "spinal"
  },
  {
    "docID": "N244 Cloutier 2016",
    "et": "SpinalGrayMatter",
    "off": 2259,
    "sff": "spinal"
  },
  {
    "docID": "N244 Cloutier 2016",
    "et": "SpinalGrayMatter",
    "off": 2963,
    "sff": "spinal"
  },
  {
    "docID": "N244 Cloutier 2016",
    "et": "SpinalGrayMatter",
    "off": 14355,
    "sff": "spinal"
  },
  {
    "docID": "N244 Cloutier 2016",
    "et": "SpinalGrayMatter",
    "off": 401,
    "sff": "spinal"
  },
  {
    "docID": "N244 Cloutier 2016",
    "et": "SpinalGrayMatter",
    "off": 11414,
    "sff": "spinal"
  },
  {
    "docID": "N244 Cloutier 2016",
    "et": "SpinalGrayMatter",
    "off": 469,
    "sff": "spinal"
  },
  {
    "docID": "N244 Cloutier 2016",
    "et": "SpinalGrayMatter",
    "off": 9045,
    "sff": "spinal"
  },
  {
    "docID": "N244 Cloutier 2016",
    "et": "SpinalGrayMatter",
    "off": 27804,
    "sff": "spinal"
  },
  {
    "docID": "N244 Cloutier 2016",
    "et": "SpinalGrayMatter",
    "off": 21339,
    "sff": "spinal"
  },
  {
    "docID": "N244 Cloutier 2016",
    "et": "SpinalGrayMatter",
    "off": 3744,
    "sff": "spinal"
  },
  {
    "docID": "N244 Cloutier 2016",
    "et": "SpinalGrayMatter",
    "off": 24160,
    "sff": "spinal"
  },
  {
    "docID": "N244 Cloutier 2016",
    "et": "SpinalGrayMatter",
    "off": 2334,
    "sff": "spinal"
  },
  {
    "docID": "N244 Cloutier 2016",
    "et": "SpinalGrayMatter",
    "off": 31012,
    "sff": "spinal"
  },
  {
    "docID": "N244 Cloutier 2016",
    "et": "SpinalGrayMatter",
    "off": 5155,
    "sff": "spinal"
  },
  {
    "docID": "N244 Cloutier 2016",
    "et": "SpinalGrayMatter",
    "off": 31715,
    "sff": "spinal"
  },
  {
    "docID": "N244 Cloutier 2016",
    "et": "SpinalGrayMatter",
    "off": 97,
    "sff": "spinal"
  },
  {
    "docID": "N244 Cloutier 2016",
    "et": "SpinalGrayMatter",
    "off": 5607,
    "sff": "spinal"
  },
  {
    "docID": "N244 Cloutier 2016",
    "et": "SpinalGrayMatter",
    "off": 24103,
    "sff": "spinal"
  },
  {
    "docID": "N244 Cloutier 2016",
    "et": "SpinalGrayMatter",
    "off": 12901,
    "sff": "spinal"
  },
  {
    "docID": "N244 Cloutier 2016",
    "et": "SpinalGrayMatter",
    "off": 4842,
    "sff": "spinal"
  },
  {
    "docID": "N244 Cloutier 2016",
    "et": "SpinalGrayMatter",
    "off": 16938,
    "sff": "spinal"
  },
  {
    "docID": "N244 Cloutier 2016",
    "et": "SpinalGrayMatter",
    "off": 30894,
    "sff": "spinal"
  },
  {
    "docID": "N244 Cloutier 2016",
    "et": "SpinalGrayMatter",
    "off": 4084,
    "sff": "spinal"
  },
  {
    "docID": "N244 Cloutier 2016",
    "et": "SpinalGrayMatter",
    "off": 3570,
    "sff": "spinal"
  },
  {
    "docID": "N244 Cloutier 2016",
    "et": "SpinalGrayMatter",
    "off": 28856,
    "sff": "spinal"
  },
  {
    "docID": "N244 Cloutier 2016",
    "et": "SpinalGrayMatter",
    "off": 31864,
    "sff": "spinal"
  },
  {
    "docID": "N244 Cloutier 2016",
    "et": "SpinalGrayMatter",
    "off": 8569,
    "sff": "Spinal"
  },
  {
    "docID": "N244 Cloutier 2016",
    "et": "SpinalGrayMatter",
    "off": 8950,
    "sff": "spinal"
  },
  {
    "docID": "N244 Cloutier 2016",
    "et": "SpinalGrayMatter",
    "off": 22838,
    "sff": "spinal"
  },
  {
    "docID": "N244 Cloutier 2016",
    "et": "SpinalGrayMatter",
    "off": 22966,
    "sff": "spinal"
  },
  {
    "docID": "N244 Cloutier 2016",
    "et": "RatSpecies",
    "off": 20751,
    "sff": "rat"
  },
  {
    "docID": "N244 Cloutier 2016",
    "et": "RatSpecies",
    "off": 3473,
    "sff": "rat"
  },
  {
    "docID": "N244 Cloutier 2016",
    "et": "RatSpecies",
    "off": 8229,
    "sff": "rat"
  },
  {
    "docID": "N244 Cloutier 2016",
    "et": "RatSpecies",
    "off": 11189,
    "sff": "rat"
  },
  {
    "docID": "N244 Cloutier 2016",
    "et": "RatSpecies",
    "off": 20902,
    "sff": "rat"
  },
  {
    "docID": "N244 Cloutier 2016",
    "et": "RatSpecies",
    "off": 4043,
    "sff": "rat"
  },
  {
    "docID": "N244 Cloutier 2016",
    "et": "RatSpecies",
    "off": 12699,
    "sff": "rat"
  },
  {
    "docID": "N244 Cloutier 2016",
    "et": "RatSpecies",
    "off": 13437,
    "sff": "rat"
  },
  {
    "docID": "N244 Cloutier 2016",
    "et": "Caudal",
    "off": 18325,
    "sff": "caudal"
  },
  {
    "docID": "N244 Cloutier 2016",
    "et": "Caudal",
    "off": 24443,
    "sff": "caudal"
  },
  {
    "docID": "N244 Cloutier 2016",
    "et": "Caudal",
    "off": 9433,
    "sff": "caudal"
  },
  {
    "docID": "N244 Cloutier 2016",
    "et": "Caudal",
    "off": 24089,
    "sff": "caudal"
  },
  {
    "docID": "N244 Cloutier 2016",
    "et": "Caudal",
    "off": 20698,
    "sff": "caudal"
  },
  {
    "docID": "N244 Cloutier 2016",
    "et": "Caudal",
    "off": 31002,
    "sff": "caudal"
  },
  {
    "docID": "N244 Cloutier 2016",
    "et": "Caudal",
    "off": 25856,
    "sff": "caudal"
  },
  {
    "docID": "N244 Cloutier 2016",
    "et": "Caudal",
    "off": 23005,
    "sff": "caudal"
  },
  {
    "docID": "N244 Cloutier 2016",
    "et": "Caudal",
    "off": 25284,
    "sff": "caudal"
  },
  {
    "docID": "N244 Cloutier 2016",
    "et": "Caudal",
    "off": 18657,
    "sff": "caudal"
  },
  {
    "docID": "N244 Cloutier 2016",
    "et": "Caudal",
    "off": 31201,
    "sff": "caudal"
  },
  {
    "docID": "N244 Cloutier 2016",
    "et": "Caudal",
    "off": 25671,
    "sff": "caudal"
  },
  {
    "docID": "N244 Cloutier 2016",
    "et": "Caudal",
    "off": 20549,
    "sff": "caudal"
  },
  {
    "docID": "N244 Cloutier 2016",
    "et": "Caudal",
    "off": 28524,
    "sff": "caudal"
  },
  {
    "docID": "N244 Cloutier 2016",
    "et": "Caudal",
    "off": 26665,
    "sff": "caudal"
  },
  {
    "docID": "N244 Cloutier 2016",
    "et": "Caudal",
    "off": 28842,
    "sff": "caudal"
  },
  {
    "docID": "N244 Cloutier 2016",
    "et": "Caudal",
    "off": 24687,
    "sff": "caudal"
  },
  {
    "docID": "N244 Cloutier 2016",
    "et": "Caudal",
    "off": 1934,
    "sff": "caudal"
  },
  {
    "docID": "N244 Cloutier 2016",
    "et": "Caudal",
    "off": 20846,
    "sff": "caudal"
  },
  {
    "docID": "N244 Cloutier 2016",
    "et": "Caudal",
    "off": 9971,
    "sff": "caudal"
  },
  {
    "docID": "N244 Cloutier 2016",
    "et": "Caudal",
    "off": 24788,
    "sff": "caudal"
  },
  {
    "docID": "N244 Cloutier 2016",
    "et": "ImplantedDepotPellet",
    "off": 11465,
    "sff": "implanted"
  },
  {
    "docID": "N244 Cloutier 2016",
    "et": "NewZealandRabbit",
    "off": 7390,
    "sff": "New"
  },
  {
    "docID": "N244 Cloutier 2016",
    "et": "NewZealandRabbit",
    "off": 26955,
    "sff": "new"
  },
  {
    "docID": "N244 Cloutier 2016",
    "et": "NewZealandRabbit",
    "off": 7111,
    "sff": "New"
  },
  {
    "docID": "N244 Cloutier 2016",
    "et": "NewZealandRabbit",
    "off": 7686,
    "sff": "New"
  },
  {
    "docID": "N244 Cloutier 2016",
    "et": "SigmaAldrich",
    "off": 10435,
    "sff": "Sigma"
  },
  {
    "docID": "N244 Cloutier 2016",
    "et": "Thoracic",
    "off": 3561,
    "sff": "thoracic"
  },
  {
    "docID": "N244 Cloutier 2016",
    "et": "Thoracic",
    "off": 392,
    "sff": "thoracic"
  },
  {
    "docID": "N244 Cloutier 2016",
    "et": "StemCellSourceType",
    "off": 2157,
    "sff": "cell"
  },
  {
    "docID": "N244 Cloutier 2016",
    "et": "StemCellSourceType",
    "off": 6443,
    "sff": "cell"
  },
  {
    "docID": "N244 Cloutier 2016",
    "et": "StemCellSourceType",
    "off": 16428,
    "sff": "cell"
  },
  {
    "docID": "N244 Cloutier 2016",
    "et": "StemCellSourceType",
    "off": 29672,
    "sff": "cell type"
  },
  {
    "docID": "N244 Cloutier 2016",
    "et": "StemCellSourceType",
    "off": 16656,
    "sff": "cell"
  },
  {
    "docID": "N244 Cloutier 2016",
    "et": "StemCellSourceType",
    "off": 30880,
    "sff": "stem"
  },
  {
    "docID": "N244 Cloutier 2016",
    "et": "StemCellSourceType",
    "off": 27239,
    "sff": "cell"
  },
  {
    "docID": "N244 Cloutier 2016",
    "et": "StemCellSourceType",
    "off": 29576,
    "sff": "cell"
  },
  {
    "docID": "N244 Cloutier 2016",
    "et": "StemCellSourceType",
    "off": 29672,
    "sff": "cell"
  },
  {
    "docID": "N244 Cloutier 2016",
    "et": "StemCellSourceType",
    "off": 29750,
    "sff": "cell type"
  },
  {
    "docID": "N244 Cloutier 2016",
    "et": "StemCellSourceType",
    "off": 6940,
    "sff": "cell"
  },
  {
    "docID": "N244 Cloutier 2016",
    "et": "StemCellSourceType",
    "off": 16226,
    "sff": "cell"
  },
  {
    "docID": "N244 Cloutier 2016",
    "et": "StemCellSourceType",
    "off": 1397,
    "sff": "cell"
  },
  {
    "docID": "N244 Cloutier 2016",
    "et": "StemCellSourceType",
    "off": 8597,
    "sff": "cell"
  },
  {
    "docID": "N244 Cloutier 2016",
    "et": "StemCellSourceType",
    "off": 16181,
    "sff": "cell"
  },
  {
    "docID": "N244 Cloutier 2016",
    "et": "StemCellSourceType",
    "off": 29750,
    "sff": "cell"
  },
  {
    "docID": "N244 Cloutier 2016",
    "et": "StemCellSourceType",
    "off": 16564,
    "sff": "cell"
  },
  {
    "docID": "N244 Cloutier 2016",
    "et": "StemCellSourceType",
    "off": 13689,
    "sff": "cell"
  },
  {
    "docID": "N244 Cloutier 2016",
    "et": "StemCellSourceType",
    "off": 26041,
    "sff": "cell"
  },
  {
    "docID": "N244 Cloutier 2016",
    "et": "StemCellSourceType",
    "off": 30682,
    "sff": "cell"
  },
  {
    "docID": "N244 Cloutier 2016",
    "et": "StemCellSourceType",
    "off": 28439,
    "sff": "cell"
  },
  {
    "docID": "N244 Cloutier 2016",
    "et": "StemCellSourceType",
    "off": 16472,
    "sff": "cell"
  },
  {
    "docID": "N244 Cloutier 2016",
    "et": "StemCellSourceType",
    "off": 16696,
    "sff": "cell"
  },
  {
    "docID": "N244 Cloutier 2016",
    "et": "StemCellSourceType",
    "off": 28632,
    "sff": "cell"
  },
  {
    "docID": "N244 Cloutier 2016",
    "et": "InVitroExperimentalProcedure",
    "off": 12983,
    "sff": "experimental"
  },
  {
    "docID": "N244 Cloutier 2016",
    "et": "InVitroExperimentalProcedure",
    "off": 7290,
    "sff": "experimental"
  },
  {
    "docID": "N244 Cloutier 2016",
    "et": "LongEvansRat",
    "off": 1981,
    "sff": "long"
  },
  {
    "docID": "N244 Cloutier 2016",
    "et": "Cell",
    "off": 16226,
    "sff": "cell"
  },
  {
    "docID": "N244 Cloutier 2016",
    "et": "Cell",
    "off": 16472,
    "sff": "cell"
  },
  {
    "docID": "N244 Cloutier 2016",
    "et": "Cell",
    "off": 16696,
    "sff": "cell"
  },
  {
    "docID": "N244 Cloutier 2016",
    "et": "Cell",
    "off": 28632,
    "sff": "cell"
  },
  {
    "docID": "N244 Cloutier 2016",
    "et": "Cell",
    "off": 28439,
    "sff": "cell"
  },
  {
    "docID": "N244 Cloutier 2016",
    "et": "Cell",
    "off": 1397,
    "sff": "cell"
  },
  {
    "docID": "N244 Cloutier 2016",
    "et": "Cell",
    "off": 8597,
    "sff": "cell"
  },
  {
    "docID": "N244 Cloutier 2016",
    "et": "Cell",
    "off": 29750,
    "sff": "cell"
  },
  {
    "docID": "N244 Cloutier 2016",
    "et": "Cell",
    "off": 16181,
    "sff": "cell"
  },
  {
    "docID": "N244 Cloutier 2016",
    "et": "Cell",
    "off": 6940,
    "sff": "cell"
  },
  {
    "docID": "N244 Cloutier 2016",
    "et": "Cell",
    "off": 13689,
    "sff": "cell"
  },
  {
    "docID": "N244 Cloutier 2016",
    "et": "Cell",
    "off": 30682,
    "sff": "cell"
  },
  {
    "docID": "N244 Cloutier 2016",
    "et": "Cell",
    "off": 26041,
    "sff": "cell"
  },
  {
    "docID": "N244 Cloutier 2016",
    "et": "Cell",
    "off": 16656,
    "sff": "cell"
  },
  {
    "docID": "N244 Cloutier 2016",
    "et": "Cell",
    "off": 2157,
    "sff": "cell"
  },
  {
    "docID": "N244 Cloutier 2016",
    "et": "Cell",
    "off": 16564,
    "sff": "cell"
  },
  {
    "docID": "N244 Cloutier 2016",
    "et": "Cell",
    "off": 29576,
    "sff": "cell"
  },
  {
    "docID": "N244 Cloutier 2016",
    "et": "Cell",
    "off": 29672,
    "sff": "cell"
  },
  {
    "docID": "N244 Cloutier 2016",
    "et": "Cell",
    "off": 27239,
    "sff": "cell"
  },
  {
    "docID": "N244 Cloutier 2016",
    "et": "Cell",
    "off": 6443,
    "sff": "cell"
  },
  {
    "docID": "N244 Cloutier 2016",
    "et": "Cell",
    "off": 16428,
    "sff": "cell"
  },
  {
    "docID": "N244 Cloutier 2016",
    "et": "SpinalDorsalHalf",
    "off": 8569,
    "sff": "Spinal"
  },
  {
    "docID": "N244 Cloutier 2016",
    "et": "SpinalDorsalHalf",
    "off": 26687,
    "sff": "spinal"
  },
  {
    "docID": "N244 Cloutier 2016",
    "et": "SpinalDorsalHalf",
    "off": 3523,
    "sff": "spinal"
  },
  {
    "docID": "N244 Cloutier 2016",
    "et": "SpinalDorsalHalf",
    "off": 19527,
    "sff": "spinal"
  },
  {
    "docID": "N244 Cloutier 2016",
    "et": "SpinalDorsalHalf",
    "off": 19658,
    "sff": "spinal"
  },
  {
    "docID": "N244 Cloutier 2016",
    "et": "SpinalDorsalHalf",
    "off": 9673,
    "sff": "spinal"
  },
  {
    "docID": "N244 Cloutier 2016",
    "et": "SpinalDorsalHalf",
    "off": 11785,
    "sff": "spinal"
  },
  {
    "docID": "N244 Cloutier 2016",
    "et": "SpinalDorsalHalf",
    "off": 14134,
    "sff": "Spinal"
  },
  {
    "docID": "N244 Cloutier 2016",
    "et": "SpinalDorsalHalf",
    "off": 204,
    "sff": "spinal"
  },
  {
    "docID": "N244 Cloutier 2016",
    "et": "SpinalDorsalHalf",
    "off": 30074,
    "sff": "dorsal"
  },
  {
    "docID": "N244 Cloutier 2016",
    "et": "SpinalDorsalHalf",
    "off": 1678,
    "sff": "spinal"
  },
  {
    "docID": "N244 Cloutier 2016",
    "et": "SpinalDorsalHalf",
    "off": 26767,
    "sff": "spinal"
  },
  {
    "docID": "N244 Cloutier 2016",
    "et": "SpinalDorsalHalf",
    "off": 27343,
    "sff": "spinal"
  },
  {
    "docID": "N244 Cloutier 2016",
    "et": "SpinalDorsalHalf",
    "off": 27535,
    "sff": "spinal"
  },
  {
    "docID": "N244 Cloutier 2016",
    "et": "SpinalDorsalHalf",
    "off": 401,
    "sff": "spinal"
  },
  {
    "docID": "N244 Cloutier 2016",
    "et": "SpinalDorsalHalf",
    "off": 2259,
    "sff": "spinal"
  },
  {
    "docID": "N244 Cloutier 2016",
    "et": "SpinalDorsalHalf",
    "off": 2963,
    "sff": "spinal"
  },
  {
    "docID": "N244 Cloutier 2016",
    "et": "SpinalDorsalHalf",
    "off": 14355,
    "sff": "spinal"
  },
  {
    "docID": "N244 Cloutier 2016",
    "et": "SpinalDorsalHalf",
    "off": 469,
    "sff": "spinal"
  },
  {
    "docID": "N244 Cloutier 2016",
    "et": "SpinalDorsalHalf",
    "off": 11414,
    "sff": "spinal"
  },
  {
    "docID": "N244 Cloutier 2016",
    "et": "SpinalDorsalHalf",
    "off": 9045,
    "sff": "spinal"
  },
  {
    "docID": "N244 Cloutier 2016",
    "et": "SpinalDorsalHalf",
    "off": 27804,
    "sff": "spinal"
  },
  {
    "docID": "N244 Cloutier 2016",
    "et": "SpinalDorsalHalf",
    "off": 21339,
    "sff": "spinal"
  },
  {
    "docID": "N244 Cloutier 2016",
    "et": "SpinalDorsalHalf",
    "off": 2334,
    "sff": "spinal"
  },
  {
    "docID": "N244 Cloutier 2016",
    "et": "SpinalDorsalHalf",
    "off": 3744,
    "sff": "spinal"
  },
  {
    "docID": "N244 Cloutier 2016",
    "et": "SpinalDorsalHalf",
    "off": 24160,
    "sff": "spinal"
  },
  {
    "docID": "N244 Cloutier 2016",
    "et": "SpinalDorsalHalf",
    "off": 97,
    "sff": "spinal"
  },
  {
    "docID": "N244 Cloutier 2016",
    "et": "SpinalDorsalHalf",
    "off": 31012,
    "sff": "spinal"
  },
  {
    "docID": "N244 Cloutier 2016",
    "et": "SpinalDorsalHalf",
    "off": 5155,
    "sff": "spinal"
  },
  {
    "docID": "N244 Cloutier 2016",
    "et": "SpinalDorsalHalf",
    "off": 31715,
    "sff": "spinal"
  },
  {
    "docID": "N244 Cloutier 2016",
    "et": "SpinalDorsalHalf",
    "off": 12901,
    "sff": "spinal"
  },
  {
    "docID": "N244 Cloutier 2016",
    "et": "SpinalDorsalHalf",
    "off": 5607,
    "sff": "spinal"
  },
  {
    "docID": "N244 Cloutier 2016",
    "et": "SpinalDorsalHalf",
    "off": 24103,
    "sff": "spinal"
  },
  {
    "docID": "N244 Cloutier 2016",
    "et": "SpinalDorsalHalf",
    "off": 4842,
    "sff": "spinal"
  },
  {
    "docID": "N244 Cloutier 2016",
    "et": "SpinalDorsalHalf",
    "off": 16938,
    "sff": "spinal"
  },
  {
    "docID": "N244 Cloutier 2016",
    "et": "SpinalDorsalHalf",
    "off": 30894,
    "sff": "spinal"
  },
  {
    "docID": "N244 Cloutier 2016",
    "et": "SpinalDorsalHalf",
    "off": 3570,
    "sff": "spinal"
  },
  {
    "docID": "N244 Cloutier 2016",
    "et": "SpinalDorsalHalf",
    "off": 4084,
    "sff": "spinal"
  },
  {
    "docID": "N244 Cloutier 2016",
    "et": "SpinalDorsalHalf",
    "off": 8950,
    "sff": "spinal"
  },
  {
    "docID": "N244 Cloutier 2016",
    "et": "SpinalDorsalHalf",
    "off": 22838,
    "sff": "spinal"
  },
  {
    "docID": "N244 Cloutier 2016",
    "et": "SpinalDorsalHalf",
    "off": 22966,
    "sff": "spinal"
  },
  {
    "docID": "N244 Cloutier 2016",
    "et": "SpinalDorsalHalf",
    "off": 28856,
    "sff": "spinal"
  },
  {
    "docID": "N244 Cloutier 2016",
    "et": "SpinalDorsalHalf",
    "off": 31864,
    "sff": "spinal"
  },
  {
    "docID": "N244 Cloutier 2016",
    "et": "SpinalDorsalHalf",
    "off": 28538,
    "sff": "spinal"
  },
  {
    "docID": "N244 Cloutier 2016",
    "et": "SpinalDorsalHalf",
    "off": 26361,
    "sff": "spinal"
  },
  {
    "docID": "N244 Cloutier 2016",
    "et": "SpinalDorsalHalf",
    "off": 27710,
    "sff": "spinal"
  },
  {
    "docID": "N244 Cloutier 2016",
    "et": "SpinalDorsalHalf",
    "off": 10217,
    "sff": "dorsal"
  },
  {
    "docID": "N244 Cloutier 2016",
    "et": "Water",
    "off": 7234,
    "sff": "water"
  },
  {
    "docID": "N244 Cloutier 2016",
    "et": "ExperimentalProcedure",
    "off": 12983,
    "sff": "experimental"
  },
  {
    "docID": "N244 Cloutier 2016",
    "et": "ExperimentalProcedure",
    "off": 7290,
    "sff": "experimental"
  },
  {
    "docID": "N244 Cloutier 2016",
    "et": "BrainDerivedNeurotrophicFactor",
    "off": 30874,
    "sff": "brain"
  }
]
