[
  {
    "docID": "N246 Gu 2017",
    "et": "Ethanol",
    "off": 35784,
    "sff": "ethanol"
  },
  {
    "docID": "N246 Gu 2017",
    "et": "Ethanol",
    "off": 36042,
    "sff": "ethanol"
  },
  {
    "docID": "N246 Gu 2017",
    "et": "Ethanol",
    "off": 35180,
    "sff": "ethanol"
  },
  {
    "docID": "N246 Gu 2017",
    "et": "Ethanol",
    "off": 35916,
    "sff": "ethanol"
  },
  {
    "docID": "N246 Gu 2017",
    "et": "Ethanol",
    "off": 36255,
    "sff": "ethanol"
  },
  {
    "docID": "N246 Gu 2017",
    "et": "SubcutaneousLocation",
    "off": 32473,
    "sff": "subcutaneous"
  },
  {
    "docID": "N246 Gu 2017",
    "et": "OlfactoryEnsheathingGliaCell",
    "off": 5637,
    "sff": "Olfactory ensheathing cell"
  },
  {
    "docID": "N246 Gu 2017",
    "et": "OlfactoryEnsheathingGliaCell",
    "off": 230,
    "sff": "olfactory ensheathing cell"
  },
  {
    "docID": "N246 Gu 2017",
    "et": "OlfactoryEnsheathingGliaCell",
    "off": 10021,
    "sff": "olfactory ensheathing"
  },
  {
    "docID": "N246 Gu 2017",
    "et": "OlfactoryEnsheathingGliaCell",
    "off": 2681,
    "sff": "olfactory"
  },
  {
    "docID": "N246 Gu 2017",
    "et": "OlfactoryEnsheathingGliaCell",
    "off": 2458,
    "sff": "olfactory"
  },
  {
    "docID": "N246 Gu 2017",
    "et": "OlfactoryEnsheathingGliaCell",
    "off": 230,
    "sff": "olfactory ensheathing"
  },
  {
    "docID": "N246 Gu 2017",
    "et": "OlfactoryEnsheathingGliaCell",
    "off": 29025,
    "sff": "Olfactory"
  },
  {
    "docID": "N246 Gu 2017",
    "et": "OlfactoryEnsheathingGliaCell",
    "off": 2653,
    "sff": "olfactory"
  },
  {
    "docID": "N246 Gu 2017",
    "et": "OlfactoryEnsheathingGliaCell",
    "off": 5637,
    "sff": "Olfactory ensheathing"
  },
  {
    "docID": "N246 Gu 2017",
    "et": "OlfactoryEnsheathingGliaCell",
    "off": 28169,
    "sff": "olfactory ensheathing"
  },
  {
    "docID": "N246 Gu 2017",
    "et": "OlfactoryEnsheathingGliaCell",
    "off": 2188,
    "sff": "olfactory ensheathing"
  },
  {
    "docID": "N246 Gu 2017",
    "et": "OlfactoryEnsheathingGliaCell",
    "off": 23,
    "sff": "olfactory ensheathing"
  },
  {
    "docID": "N246 Gu 2017",
    "et": "OlfactoryEnsheathingGliaCell",
    "off": 17814,
    "sff": "Olfactory ensheathing"
  },
  {
    "docID": "N246 Gu 2017",
    "et": "OlfactoryEnsheathingGliaCell",
    "off": 29260,
    "sff": "olfactory"
  },
  {
    "docID": "N246 Gu 2017",
    "et": "OlfactoryEnsheathingGliaCell",
    "off": 2542,
    "sff": "olfactory"
  },
  {
    "docID": "N246 Gu 2017",
    "et": "MesenchymalStemCell",
    "off": 2308,
    "sff": "stem"
  },
  {
    "docID": "N246 Gu 2017",
    "et": "MesenchymalStemCell",
    "off": 20054,
    "sff": "stem cell"
  },
  {
    "docID": "N246 Gu 2017",
    "et": "MesenchymalStemCell",
    "off": 20054,
    "sff": "stem"
  },
  {
    "docID": "N246 Gu 2017",
    "et": "SurgeryTreatment",
    "off": 13136,
    "sff": "surgery"
  },
  {
    "docID": "N246 Gu 2017",
    "et": "SurgeryTreatment",
    "off": 15024,
    "sff": "surgery"
  },
  {
    "docID": "N246 Gu 2017",
    "et": "SurgeryTreatment",
    "off": 15440,
    "sff": "surgery"
  },
  {
    "docID": "N246 Gu 2017",
    "et": "SurgeryTreatment",
    "off": 32365,
    "sff": "surgery"
  },
  {
    "docID": "N246 Gu 2017",
    "et": "SurgeryTreatment",
    "off": 10827,
    "sff": "surgery"
  },
  {
    "docID": "N246 Gu 2017",
    "et": "SurgeryTreatment",
    "off": 20426,
    "sff": "surgery"
  },
  {
    "docID": "N246 Gu 2017",
    "et": "SurgeryTreatment",
    "off": 13673,
    "sff": "surgery"
  },
  {
    "docID": "N246 Gu 2017",
    "et": "SurgeryTreatment",
    "off": 27401,
    "sff": "surgery"
  },
  {
    "docID": "N246 Gu 2017",
    "et": "SurgeryTreatment",
    "off": 11254,
    "sff": "surgery"
  },
  {
    "docID": "N246 Gu 2017",
    "et": "SurgeryTreatment",
    "off": 8053,
    "sff": "surgery"
  },
  {
    "docID": "N246 Gu 2017",
    "et": "SurgeryTreatment",
    "off": 32915,
    "sff": "surgery"
  },
  {
    "docID": "N246 Gu 2017",
    "et": "SurgeryTreatment",
    "off": 6866,
    "sff": "surgery"
  },
  {
    "docID": "N246 Gu 2017",
    "et": "SurgeryTreatment",
    "off": 9777,
    "sff": "surgery"
  },
  {
    "docID": "N246 Gu 2017",
    "et": "SurgeryTreatment",
    "off": 33329,
    "sff": "surgery"
  },
  {
    "docID": "N246 Gu 2017",
    "et": "SurgeryTreatment",
    "off": 10976,
    "sff": "surgery"
  },
  {
    "docID": "N246 Gu 2017",
    "et": "SurgeryTreatment",
    "off": 10623,
    "sff": "surgery"
  },
  {
    "docID": "N246 Gu 2017",
    "et": "SurgeryTreatment",
    "off": 13407,
    "sff": "surgery"
  },
  {
    "docID": "N246 Gu 2017",
    "et": "SurgeryTreatment",
    "off": 22044,
    "sff": "surgery"
  },
  {
    "docID": "N246 Gu 2017",
    "et": "SurgeryTreatment",
    "off": 31515,
    "sff": "surgery"
  },
  {
    "docID": "N246 Gu 2017",
    "et": "SurgeryTreatment",
    "off": 6021,
    "sff": "surgery"
  },
  {
    "docID": "N246 Gu 2017",
    "et": "SurgeryTreatment",
    "off": 33571,
    "sff": "surgery"
  },
  {
    "docID": "N246 Gu 2017",
    "et": "SurgeryTreatment",
    "off": 13282,
    "sff": "surgery"
  },
  {
    "docID": "N246 Gu 2017",
    "et": "SurgeryTreatment",
    "off": 33505,
    "sff": "surgery"
  },
  {
    "docID": "N246 Gu 2017",
    "et": "MagneticFieldApplication",
    "off": 6622,
    "sff": "field"
  },
  {
    "docID": "N246 Gu 2017",
    "et": "MagneticFieldApplication",
    "off": 10518,
    "sff": "field"
  },
  {
    "docID": "N246 Gu 2017",
    "et": "SpinalSubduralArea",
    "off": 12738,
    "sff": "spinal"
  },
  {
    "docID": "N246 Gu 2017",
    "et": "SpinalSubduralArea",
    "off": 24451,
    "sff": "spinal"
  },
  {
    "docID": "N246 Gu 2017",
    "et": "SpinalSubduralArea",
    "off": 18432,
    "sff": "spinal"
  },
  {
    "docID": "N246 Gu 2017",
    "et": "SpinalSubduralArea",
    "off": 22785,
    "sff": "spinal"
  },
  {
    "docID": "N246 Gu 2017",
    "et": "SpinalSubduralArea",
    "off": 124,
    "sff": "spinal"
  },
  {
    "docID": "N246 Gu 2017",
    "et": "SpinalSubduralArea",
    "off": 1981,
    "sff": "spinal"
  },
  {
    "docID": "N246 Gu 2017",
    "et": "SpinalSubduralArea",
    "off": 2106,
    "sff": "spinal"
  },
  {
    "docID": "N246 Gu 2017",
    "et": "SpinalSubduralArea",
    "off": 1781,
    "sff": "Spinal"
  },
  {
    "docID": "N246 Gu 2017",
    "et": "SpinalSubduralArea",
    "off": 15542,
    "sff": "spinal"
  },
  {
    "docID": "N246 Gu 2017",
    "et": "SpinalSubduralArea",
    "off": 5556,
    "sff": "spinal"
  },
  {
    "docID": "N246 Gu 2017",
    "et": "SpinalSubduralArea",
    "off": 31503,
    "sff": "Spinal"
  },
  {
    "docID": "N246 Gu 2017",
    "et": "SpinalSubduralArea",
    "off": 15313,
    "sff": "spinal"
  },
  {
    "docID": "N246 Gu 2017",
    "et": "SpinalSubduralArea",
    "off": 8782,
    "sff": "spinal"
  },
  {
    "docID": "N246 Gu 2017",
    "et": "SpinalSubduralArea",
    "off": 7887,
    "sff": "spinal"
  },
  {
    "docID": "N246 Gu 2017",
    "et": "SpinalSubduralArea",
    "off": 8335,
    "sff": "spinal"
  },
  {
    "docID": "N246 Gu 2017",
    "et": "SpinalSubduralArea",
    "off": 25359,
    "sff": "spinal"
  },
  {
    "docID": "N246 Gu 2017",
    "et": "SpinalSubduralArea",
    "off": 31885,
    "sff": "spinal"
  },
  {
    "docID": "N246 Gu 2017",
    "et": "SpinalSubduralArea",
    "off": 4422,
    "sff": "spinal"
  },
  {
    "docID": "N246 Gu 2017",
    "et": "SpinalSubduralArea",
    "off": 24774,
    "sff": "spinal"
  },
  {
    "docID": "N246 Gu 2017",
    "et": "SpinalSubduralArea",
    "off": 25607,
    "sff": "spinal"
  },
  {
    "docID": "N246 Gu 2017",
    "et": "SpinalSubduralArea",
    "off": 15044,
    "sff": "spinal"
  },
  {
    "docID": "N246 Gu 2017",
    "et": "SpinalSubduralArea",
    "off": 34948,
    "sff": "spinal"
  },
  {
    "docID": "N246 Gu 2017",
    "et": "SpinalSubduralArea",
    "off": 22177,
    "sff": "spinal"
  },
  {
    "docID": "N246 Gu 2017",
    "et": "SpinalSubduralArea",
    "off": 31902,
    "sff": "spinal"
  },
  {
    "docID": "N246 Gu 2017",
    "et": "SpinalSubduralArea",
    "off": 13016,
    "sff": "spinal"
  },
  {
    "docID": "N246 Gu 2017",
    "et": "SpinalSubduralArea",
    "off": 14168,
    "sff": "spinal"
  },
  {
    "docID": "N246 Gu 2017",
    "et": "SpinalSubduralArea",
    "off": 15128,
    "sff": "spinal"
  },
  {
    "docID": "N246 Gu 2017",
    "et": "SpinalSubduralArea",
    "off": 26391,
    "sff": "spinal"
  },
  {
    "docID": "N246 Gu 2017",
    "et": "SpinalSubduralArea",
    "off": 32212,
    "sff": "spinal"
  },
  {
    "docID": "N246 Gu 2017",
    "et": "SpinalSubduralArea",
    "off": 5141,
    "sff": "spinal"
  },
  {
    "docID": "N246 Gu 2017",
    "et": "SpinalSubduralArea",
    "off": 13717,
    "sff": "spinal"
  },
  {
    "docID": "N246 Gu 2017",
    "et": "SpinalSubduralArea",
    "off": 8562,
    "sff": "spinal"
  },
  {
    "docID": "N246 Gu 2017",
    "et": "SpinalSubduralArea",
    "off": 2926,
    "sff": "spinal"
  },
  {
    "docID": "N246 Gu 2017",
    "et": "SpinalSubduralArea",
    "off": 303,
    "sff": "spinal"
  },
  {
    "docID": "N246 Gu 2017",
    "et": "SpinalSubduralArea",
    "off": 24236,
    "sff": "spinal"
  },
  {
    "docID": "N246 Gu 2017",
    "et": "SpinalSubduralArea",
    "off": 8490,
    "sff": "spinal"
  },
  {
    "docID": "N246 Gu 2017",
    "et": "SpinalSubduralArea",
    "off": 26090,
    "sff": "spinal"
  },
  {
    "docID": "N246 Gu 2017",
    "et": "SpinalSubduralArea",
    "off": 6376,
    "sff": "spinal"
  },
  {
    "docID": "N246 Gu 2017",
    "et": "SpinalSubduralArea",
    "off": 5799,
    "sff": "spinal"
  },
  {
    "docID": "N246 Gu 2017",
    "et": "SpinalSubduralArea",
    "off": 25895,
    "sff": "spinal"
  },
  {
    "docID": "N246 Gu 2017",
    "et": "SpinalSubduralArea",
    "off": 14884,
    "sff": "spinal"
  },
  {
    "docID": "N246 Gu 2017",
    "et": "SpinalSubduralArea",
    "off": 16741,
    "sff": "spinal"
  },
  {
    "docID": "N246 Gu 2017",
    "et": "MouseSpecies",
    "off": 16803,
    "sff": "mouse"
  },
  {
    "docID": "N246 Gu 2017",
    "et": "MouseSpecies",
    "off": 36857,
    "sff": "mouse"
  },
  {
    "docID": "N246 Gu 2017",
    "et": "SpinalFiberTract",
    "off": 24236,
    "sff": "spinal"
  },
  {
    "docID": "N246 Gu 2017",
    "et": "SpinalFiberTract",
    "off": 303,
    "sff": "spinal"
  },
  {
    "docID": "N246 Gu 2017",
    "et": "SpinalFiberTract",
    "off": 15263,
    "sff": "fiber"
  },
  {
    "docID": "N246 Gu 2017",
    "et": "SpinalFiberTract",
    "off": 14884,
    "sff": "spinal"
  },
  {
    "docID": "N246 Gu 2017",
    "et": "SpinalFiberTract",
    "off": 5799,
    "sff": "spinal"
  },
  {
    "docID": "N246 Gu 2017",
    "et": "SpinalFiberTract",
    "off": 25895,
    "sff": "spinal"
  },
  {
    "docID": "N246 Gu 2017",
    "et": "SpinalFiberTract",
    "off": 8490,
    "sff": "spinal"
  },
  {
    "docID": "N246 Gu 2017",
    "et": "SpinalFiberTract",
    "off": 1781,
    "sff": "Spinal"
  },
  {
    "docID": "N246 Gu 2017",
    "et": "SpinalFiberTract",
    "off": 1981,
    "sff": "spinal"
  },
  {
    "docID": "N246 Gu 2017",
    "et": "SpinalFiberTract",
    "off": 12738,
    "sff": "spinal"
  },
  {
    "docID": "N246 Gu 2017",
    "et": "SpinalFiberTract",
    "off": 5556,
    "sff": "spinal"
  },
  {
    "docID": "N246 Gu 2017",
    "et": "SpinalFiberTract",
    "off": 15542,
    "sff": "spinal"
  },
  {
    "docID": "N246 Gu 2017",
    "et": "SpinalFiberTract",
    "off": 2443,
    "sff": "fiber"
  },
  {
    "docID": "N246 Gu 2017",
    "et": "SpinalFiberTract",
    "off": 2106,
    "sff": "spinal"
  },
  {
    "docID": "N246 Gu 2017",
    "et": "SpinalFiberTract",
    "off": 8782,
    "sff": "spinal"
  },
  {
    "docID": "N246 Gu 2017",
    "et": "SpinalFiberTract",
    "off": 7887,
    "sff": "spinal"
  },
  {
    "docID": "N246 Gu 2017",
    "et": "SpinalFiberTract",
    "off": 15313,
    "sff": "spinal"
  },
  {
    "docID": "N246 Gu 2017",
    "et": "SpinalFiberTract",
    "off": 15044,
    "sff": "spinal"
  },
  {
    "docID": "N246 Gu 2017",
    "et": "SpinalFiberTract",
    "off": 14970,
    "sff": "fiber"
  },
  {
    "docID": "N246 Gu 2017",
    "et": "SpinalFiberTract",
    "off": 24774,
    "sff": "spinal"
  },
  {
    "docID": "N246 Gu 2017",
    "et": "SpinalFiberTract",
    "off": 4422,
    "sff": "spinal"
  },
  {
    "docID": "N246 Gu 2017",
    "et": "SpinalFiberTract",
    "off": 25723,
    "sff": "fiber"
  },
  {
    "docID": "N246 Gu 2017",
    "et": "SpinalFiberTract",
    "off": 8822,
    "sff": "fiber"
  },
  {
    "docID": "N246 Gu 2017",
    "et": "SpinalFiberTract",
    "off": 15724,
    "sff": "fiber"
  },
  {
    "docID": "N246 Gu 2017",
    "et": "SpinalFiberTract",
    "off": 32212,
    "sff": "spinal"
  },
  {
    "docID": "N246 Gu 2017",
    "et": "SpinalFiberTract",
    "off": 13016,
    "sff": "spinal"
  },
  {
    "docID": "N246 Gu 2017",
    "et": "SpinalFiberTract",
    "off": 14168,
    "sff": "spinal"
  },
  {
    "docID": "N246 Gu 2017",
    "et": "SpinalFiberTract",
    "off": 2926,
    "sff": "spinal"
  },
  {
    "docID": "N246 Gu 2017",
    "et": "SpinalFiberTract",
    "off": 8562,
    "sff": "spinal"
  },
  {
    "docID": "N246 Gu 2017",
    "et": "SpinalFiberTract",
    "off": 16741,
    "sff": "spinal"
  },
  {
    "docID": "N246 Gu 2017",
    "et": "SpinalFiberTract",
    "off": 6376,
    "sff": "spinal"
  },
  {
    "docID": "N246 Gu 2017",
    "et": "SpinalFiberTract",
    "off": 26090,
    "sff": "spinal"
  },
  {
    "docID": "N246 Gu 2017",
    "et": "SpinalFiberTract",
    "off": 124,
    "sff": "spinal"
  },
  {
    "docID": "N246 Gu 2017",
    "et": "SpinalFiberTract",
    "off": 18432,
    "sff": "spinal"
  },
  {
    "docID": "N246 Gu 2017",
    "et": "SpinalFiberTract",
    "off": 22785,
    "sff": "spinal"
  },
  {
    "docID": "N246 Gu 2017",
    "et": "SpinalFiberTract",
    "off": 31885,
    "sff": "spinal"
  },
  {
    "docID": "N246 Gu 2017",
    "et": "SpinalFiberTract",
    "off": 8335,
    "sff": "spinal"
  },
  {
    "docID": "N246 Gu 2017",
    "et": "SpinalFiberTract",
    "off": 25359,
    "sff": "spinal"
  },
  {
    "docID": "N246 Gu 2017",
    "et": "SpinalFiberTract",
    "off": 34948,
    "sff": "spinal"
  },
  {
    "docID": "N246 Gu 2017",
    "et": "SpinalFiberTract",
    "off": 24451,
    "sff": "spinal"
  },
  {
    "docID": "N246 Gu 2017",
    "et": "SpinalFiberTract",
    "off": 25607,
    "sff": "spinal"
  },
  {
    "docID": "N246 Gu 2017",
    "et": "SpinalFiberTract",
    "off": 31503,
    "sff": "Spinal"
  },
  {
    "docID": "N246 Gu 2017",
    "et": "SpinalFiberTract",
    "off": 31902,
    "sff": "spinal"
  },
  {
    "docID": "N246 Gu 2017",
    "et": "SpinalFiberTract",
    "off": 22177,
    "sff": "spinal"
  },
  {
    "docID": "N246 Gu 2017",
    "et": "SpinalFiberTract",
    "off": 5141,
    "sff": "spinal"
  },
  {
    "docID": "N246 Gu 2017",
    "et": "SpinalFiberTract",
    "off": 15402,
    "sff": "fiber"
  },
  {
    "docID": "N246 Gu 2017",
    "et": "SpinalFiberTract",
    "off": 13717,
    "sff": "spinal"
  },
  {
    "docID": "N246 Gu 2017",
    "et": "SpinalFiberTract",
    "off": 15128,
    "sff": "spinal"
  },
  {
    "docID": "N246 Gu 2017",
    "et": "SpinalFiberTract",
    "off": 26391,
    "sff": "spinal"
  },
  {
    "docID": "N246 Gu 2017",
    "et": "DeliveryMethod",
    "off": 11712,
    "sff": "delivery"
  },
  {
    "docID": "N246 Gu 2017",
    "et": "DeliveryMethod",
    "off": 14288,
    "sff": "delivery"
  },
  {
    "docID": "N246 Gu 2017",
    "et": "DeliveryMethod",
    "off": 1036,
    "sff": "delivery"
  },
  {
    "docID": "N246 Gu 2017",
    "et": "DeliveryMethod",
    "off": 28157,
    "sff": "delivery"
  },
  {
    "docID": "N246 Gu 2017",
    "et": "DeliveryMethod",
    "off": 5925,
    "sff": "delivery"
  },
  {
    "docID": "N246 Gu 2017",
    "et": "DeliveryMethod",
    "off": 18597,
    "sff": "delivery"
  },
  {
    "docID": "N246 Gu 2017",
    "et": "SpinalVentralHalf",
    "off": 31902,
    "sff": "spinal"
  },
  {
    "docID": "N246 Gu 2017",
    "et": "SpinalVentralHalf",
    "off": 22177,
    "sff": "spinal"
  },
  {
    "docID": "N246 Gu 2017",
    "et": "SpinalVentralHalf",
    "off": 16741,
    "sff": "spinal"
  },
  {
    "docID": "N246 Gu 2017",
    "et": "SpinalVentralHalf",
    "off": 14884,
    "sff": "spinal"
  },
  {
    "docID": "N246 Gu 2017",
    "et": "SpinalVentralHalf",
    "off": 5799,
    "sff": "spinal"
  },
  {
    "docID": "N246 Gu 2017",
    "et": "SpinalVentralHalf",
    "off": 25895,
    "sff": "spinal"
  },
  {
    "docID": "N246 Gu 2017",
    "et": "SpinalVentralHalf",
    "off": 6376,
    "sff": "spinal"
  },
  {
    "docID": "N246 Gu 2017",
    "et": "SpinalVentralHalf",
    "off": 8490,
    "sff": "spinal"
  },
  {
    "docID": "N246 Gu 2017",
    "et": "SpinalVentralHalf",
    "off": 26090,
    "sff": "spinal"
  },
  {
    "docID": "N246 Gu 2017",
    "et": "SpinalVentralHalf",
    "off": 31503,
    "sff": "Spinal"
  },
  {
    "docID": "N246 Gu 2017",
    "et": "SpinalVentralHalf",
    "off": 24236,
    "sff": "spinal"
  },
  {
    "docID": "N246 Gu 2017",
    "et": "SpinalVentralHalf",
    "off": 303,
    "sff": "spinal"
  },
  {
    "docID": "N246 Gu 2017",
    "et": "SpinalVentralHalf",
    "off": 2926,
    "sff": "spinal"
  },
  {
    "docID": "N246 Gu 2017",
    "et": "SpinalVentralHalf",
    "off": 8562,
    "sff": "spinal"
  },
  {
    "docID": "N246 Gu 2017",
    "et": "SpinalVentralHalf",
    "off": 5556,
    "sff": "spinal"
  },
  {
    "docID": "N246 Gu 2017",
    "et": "SpinalVentralHalf",
    "off": 15542,
    "sff": "spinal"
  },
  {
    "docID": "N246 Gu 2017",
    "et": "SpinalVentralHalf",
    "off": 2106,
    "sff": "spinal"
  },
  {
    "docID": "N246 Gu 2017",
    "et": "SpinalVentralHalf",
    "off": 1981,
    "sff": "spinal"
  },
  {
    "docID": "N246 Gu 2017",
    "et": "SpinalVentralHalf",
    "off": 124,
    "sff": "spinal"
  },
  {
    "docID": "N246 Gu 2017",
    "et": "SpinalVentralHalf",
    "off": 1781,
    "sff": "Spinal"
  },
  {
    "docID": "N246 Gu 2017",
    "et": "SpinalVentralHalf",
    "off": 22785,
    "sff": "spinal"
  },
  {
    "docID": "N246 Gu 2017",
    "et": "SpinalVentralHalf",
    "off": 18432,
    "sff": "spinal"
  },
  {
    "docID": "N246 Gu 2017",
    "et": "SpinalVentralHalf",
    "off": 24451,
    "sff": "spinal"
  },
  {
    "docID": "N246 Gu 2017",
    "et": "SpinalVentralHalf",
    "off": 12738,
    "sff": "spinal"
  },
  {
    "docID": "N246 Gu 2017",
    "et": "SpinalVentralHalf",
    "off": 15044,
    "sff": "spinal"
  },
  {
    "docID": "N246 Gu 2017",
    "et": "SpinalVentralHalf",
    "off": 25607,
    "sff": "spinal"
  },
  {
    "docID": "N246 Gu 2017",
    "et": "SpinalVentralHalf",
    "off": 34948,
    "sff": "spinal"
  },
  {
    "docID": "N246 Gu 2017",
    "et": "SpinalVentralHalf",
    "off": 4422,
    "sff": "spinal"
  },
  {
    "docID": "N246 Gu 2017",
    "et": "SpinalVentralHalf",
    "off": 24774,
    "sff": "spinal"
  },
  {
    "docID": "N246 Gu 2017",
    "et": "SpinalVentralHalf",
    "off": 31885,
    "sff": "spinal"
  },
  {
    "docID": "N246 Gu 2017",
    "et": "SpinalVentralHalf",
    "off": 7887,
    "sff": "spinal"
  },
  {
    "docID": "N246 Gu 2017",
    "et": "SpinalVentralHalf",
    "off": 8335,
    "sff": "spinal"
  },
  {
    "docID": "N246 Gu 2017",
    "et": "SpinalVentralHalf",
    "off": 25359,
    "sff": "spinal"
  },
  {
    "docID": "N246 Gu 2017",
    "et": "SpinalVentralHalf",
    "off": 8782,
    "sff": "spinal"
  },
  {
    "docID": "N246 Gu 2017",
    "et": "SpinalVentralHalf",
    "off": 15313,
    "sff": "spinal"
  },
  {
    "docID": "N246 Gu 2017",
    "et": "SpinalVentralHalf",
    "off": 5141,
    "sff": "spinal"
  },
  {
    "docID": "N246 Gu 2017",
    "et": "SpinalVentralHalf",
    "off": 13717,
    "sff": "spinal"
  },
  {
    "docID": "N246 Gu 2017",
    "et": "SpinalVentralHalf",
    "off": 32212,
    "sff": "spinal"
  },
  {
    "docID": "N246 Gu 2017",
    "et": "SpinalVentralHalf",
    "off": 26391,
    "sff": "spinal"
  },
  {
    "docID": "N246 Gu 2017",
    "et": "SpinalVentralHalf",
    "off": 13016,
    "sff": "spinal"
  },
  {
    "docID": "N246 Gu 2017",
    "et": "SpinalVentralHalf",
    "off": 14168,
    "sff": "spinal"
  },
  {
    "docID": "N246 Gu 2017",
    "et": "SpinalVentralHalf",
    "off": 15128,
    "sff": "spinal"
  },
  {
    "docID": "N246 Gu 2017",
    "et": "RabbitSpecies",
    "off": 16889,
    "sff": "rabbit"
  },
  {
    "docID": "N246 Gu 2017",
    "et": "RabbitSpecies",
    "off": 10302,
    "sff": "rabbit"
  },
  {
    "docID": "N246 Gu 2017",
    "et": "RabbitSpecies",
    "off": 30407,
    "sff": "rabbit"
  },
  {
    "docID": "N246 Gu 2017",
    "et": "RabbitSpecies",
    "off": 36967,
    "sff": "rabbit"
  },
  {
    "docID": "N246 Gu 2017",
    "et": "Rostral",
    "off": 14658,
    "sff": "rostral"
  },
  {
    "docID": "N246 Gu 2017",
    "et": "Rostral",
    "off": 34993,
    "sff": "rostral"
  },
  {
    "docID": "N246 Gu 2017",
    "et": "Rostral",
    "off": 25225,
    "sff": "rostral"
  },
  {
    "docID": "N246 Gu 2017",
    "et": "SpragueDawleyRat",
    "off": 31556,
    "sff": "Sprague-Dawley"
  },
  {
    "docID": "N246 Gu 2017",
    "et": "SpragueDawleyRat",
    "off": 427,
    "sff": "Sprague-Dawley"
  },
  {
    "docID": "N246 Gu 2017",
    "et": "Tissue",
    "off": 3854,
    "sff": "tissue"
  },
  {
    "docID": "N246 Gu 2017",
    "et": "Tissue",
    "off": 35857,
    "sff": "tissue"
  },
  {
    "docID": "N246 Gu 2017",
    "et": "Tissue",
    "off": 3027,
    "sff": "tissue"
  },
  {
    "docID": "N246 Gu 2017",
    "et": "Tissue",
    "off": 34521,
    "sff": "tissue"
  },
  {
    "docID": "N246 Gu 2017",
    "et": "ChinaShenyangSunshinePharmaceuticalCompany",
    "off": 11494,
    "sff": "China"
  },
  {
    "docID": "N246 Gu 2017",
    "et": "ChinaShenyangSunshinePharmaceuticalCompany",
    "off": 30576,
    "sff": "China"
  },
  {
    "docID": "N246 Gu 2017",
    "et": "ChinaShenyangSunshinePharmaceuticalCompany",
    "off": 35519,
    "sff": "China"
  },
  {
    "docID": "N246 Gu 2017",
    "et": "ChinaShenyangSunshinePharmaceuticalCompany",
    "off": 16955,
    "sff": "China"
  },
  {
    "docID": "N246 Gu 2017",
    "et": "InjectionDelivery",
    "off": 23996,
    "sff": "injection"
  },
  {
    "docID": "N246 Gu 2017",
    "et": "InjectionDelivery",
    "off": 18487,
    "sff": "injection"
  },
  {
    "docID": "N246 Gu 2017",
    "et": "InjectionDelivery",
    "off": 31768,
    "sff": "injection"
  },
  {
    "docID": "N246 Gu 2017",
    "et": "InjectionDelivery",
    "off": 472,
    "sff": "injection"
  },
  {
    "docID": "N246 Gu 2017",
    "et": "InjectionDelivery",
    "off": 20026,
    "sff": "injection"
  },
  {
    "docID": "N246 Gu 2017",
    "et": "InjectionDelivery",
    "off": 18803,
    "sff": "injection"
  },
  {
    "docID": "N246 Gu 2017",
    "et": "InjectionDelivery",
    "off": 21907,
    "sff": "injection"
  },
  {
    "docID": "N246 Gu 2017",
    "et": "InjectionDelivery",
    "off": 32486,
    "sff": "injection"
  },
  {
    "docID": "N246 Gu 2017",
    "et": "InjectionDelivery",
    "off": 21361,
    "sff": "injection"
  },
  {
    "docID": "N246 Gu 2017",
    "et": "SpinalLesionSite",
    "off": 1487,
    "sff": "lesion site"
  },
  {
    "docID": "N246 Gu 2017",
    "et": "SpinalLesionSite",
    "off": 124,
    "sff": "spinal"
  },
  {
    "docID": "N246 Gu 2017",
    "et": "SpinalLesionSite",
    "off": 15826,
    "sff": "lesion site"
  },
  {
    "docID": "N246 Gu 2017",
    "et": "SpinalLesionSite",
    "off": 7737,
    "sff": "lesion"
  },
  {
    "docID": "N246 Gu 2017",
    "et": "SpinalLesionSite",
    "off": 8884,
    "sff": "lesion"
  },
  {
    "docID": "N246 Gu 2017",
    "et": "SpinalLesionSite",
    "off": 16052,
    "sff": "lesion"
  },
  {
    "docID": "N246 Gu 2017",
    "et": "SpinalLesionSite",
    "off": 8562,
    "sff": "spinal"
  },
  {
    "docID": "N246 Gu 2017",
    "et": "SpinalLesionSite",
    "off": 25359,
    "sff": "spinal"
  },
  {
    "docID": "N246 Gu 2017",
    "et": "SpinalLesionSite",
    "off": 8335,
    "sff": "spinal"
  },
  {
    "docID": "N246 Gu 2017",
    "et": "SpinalLesionSite",
    "off": 26723,
    "sff": "lesion site"
  },
  {
    "docID": "N246 Gu 2017",
    "et": "SpinalLesionSite",
    "off": 31885,
    "sff": "spinal"
  },
  {
    "docID": "N246 Gu 2017",
    "et": "SpinalLesionSite",
    "off": 18432,
    "sff": "spinal"
  },
  {
    "docID": "N246 Gu 2017",
    "et": "SpinalLesionSite",
    "off": 24451,
    "sff": "spinal"
  },
  {
    "docID": "N246 Gu 2017",
    "et": "SpinalLesionSite",
    "off": 12998,
    "sff": "lesion"
  },
  {
    "docID": "N246 Gu 2017",
    "et": "SpinalLesionSite",
    "off": 22785,
    "sff": "spinal"
  },
  {
    "docID": "N246 Gu 2017",
    "et": "SpinalLesionSite",
    "off": 25607,
    "sff": "spinal"
  },
  {
    "docID": "N246 Gu 2017",
    "et": "SpinalLesionSite",
    "off": 34948,
    "sff": "spinal"
  },
  {
    "docID": "N246 Gu 2017",
    "et": "SpinalLesionSite",
    "off": 13016,
    "sff": "spinal"
  },
  {
    "docID": "N246 Gu 2017",
    "et": "SpinalLesionSite",
    "off": 14168,
    "sff": "spinal"
  },
  {
    "docID": "N246 Gu 2017",
    "et": "SpinalLesionSite",
    "off": 15986,
    "sff": "lesion site"
  },
  {
    "docID": "N246 Gu 2017",
    "et": "SpinalLesionSite",
    "off": 15313,
    "sff": "spinal"
  },
  {
    "docID": "N246 Gu 2017",
    "et": "SpinalLesionSite",
    "off": 27621,
    "sff": "lesion site"
  },
  {
    "docID": "N246 Gu 2017",
    "et": "SpinalLesionSite",
    "off": 32212,
    "sff": "spinal"
  },
  {
    "docID": "N246 Gu 2017",
    "et": "SpinalLesionSite",
    "off": 26090,
    "sff": "spinal"
  },
  {
    "docID": "N246 Gu 2017",
    "et": "SpinalLesionSite",
    "off": 6376,
    "sff": "spinal"
  },
  {
    "docID": "N246 Gu 2017",
    "et": "SpinalLesionSite",
    "off": 16299,
    "sff": "lesion"
  },
  {
    "docID": "N246 Gu 2017",
    "et": "SpinalLesionSite",
    "off": 2926,
    "sff": "spinal"
  },
  {
    "docID": "N246 Gu 2017",
    "et": "SpinalLesionSite",
    "off": 16741,
    "sff": "spinal"
  },
  {
    "docID": "N246 Gu 2017",
    "et": "SpinalLesionSite",
    "off": 16543,
    "sff": "lesion"
  },
  {
    "docID": "N246 Gu 2017",
    "et": "SpinalLesionSite",
    "off": 1781,
    "sff": "Spinal"
  },
  {
    "docID": "N246 Gu 2017",
    "et": "SpinalLesionSite",
    "off": 2106,
    "sff": "spinal"
  },
  {
    "docID": "N246 Gu 2017",
    "et": "SpinalLesionSite",
    "off": 1981,
    "sff": "spinal"
  },
  {
    "docID": "N246 Gu 2017",
    "et": "SpinalLesionSite",
    "off": 5556,
    "sff": "spinal"
  },
  {
    "docID": "N246 Gu 2017",
    "et": "SpinalLesionSite",
    "off": 15986,
    "sff": "lesion"
  },
  {
    "docID": "N246 Gu 2017",
    "et": "SpinalLesionSite",
    "off": 15542,
    "sff": "spinal"
  },
  {
    "docID": "N246 Gu 2017",
    "et": "SpinalLesionSite",
    "off": 16543,
    "sff": "lesion site"
  },
  {
    "docID": "N246 Gu 2017",
    "et": "SpinalLesionSite",
    "off": 2567,
    "sff": "lesion"
  },
  {
    "docID": "N246 Gu 2017",
    "et": "SpinalLesionSite",
    "off": 7887,
    "sff": "spinal"
  },
  {
    "docID": "N246 Gu 2017",
    "et": "SpinalLesionSite",
    "off": 8782,
    "sff": "spinal"
  },
  {
    "docID": "N246 Gu 2017",
    "et": "SpinalLesionSite",
    "off": 12738,
    "sff": "spinal"
  },
  {
    "docID": "N246 Gu 2017",
    "et": "SpinalLesionSite",
    "off": 26245,
    "sff": "lesion"
  },
  {
    "docID": "N246 Gu 2017",
    "et": "SpinalLesionSite",
    "off": 31503,
    "sff": "Spinal"
  },
  {
    "docID": "N246 Gu 2017",
    "et": "SpinalLesionSite",
    "off": 24774,
    "sff": "spinal"
  },
  {
    "docID": "N246 Gu 2017",
    "et": "SpinalLesionSite",
    "off": 15044,
    "sff": "spinal"
  },
  {
    "docID": "N246 Gu 2017",
    "et": "SpinalLesionSite",
    "off": 4422,
    "sff": "spinal"
  },
  {
    "docID": "N246 Gu 2017",
    "et": "SpinalLesionSite",
    "off": 15128,
    "sff": "spinal"
  },
  {
    "docID": "N246 Gu 2017",
    "et": "SpinalLesionSite",
    "off": 31902,
    "sff": "spinal"
  },
  {
    "docID": "N246 Gu 2017",
    "et": "SpinalLesionSite",
    "off": 27861,
    "sff": "lesion"
  },
  {
    "docID": "N246 Gu 2017",
    "et": "SpinalLesionSite",
    "off": 5141,
    "sff": "spinal"
  },
  {
    "docID": "N246 Gu 2017",
    "et": "SpinalLesionSite",
    "off": 13717,
    "sff": "spinal"
  },
  {
    "docID": "N246 Gu 2017",
    "et": "SpinalLesionSite",
    "off": 1487,
    "sff": "lesion"
  },
  {
    "docID": "N246 Gu 2017",
    "et": "SpinalLesionSite",
    "off": 26391,
    "sff": "spinal"
  },
  {
    "docID": "N246 Gu 2017",
    "et": "SpinalLesionSite",
    "off": 15826,
    "sff": "lesion"
  },
  {
    "docID": "N246 Gu 2017",
    "et": "SpinalLesionSite",
    "off": 16299,
    "sff": "lesion site"
  },
  {
    "docID": "N246 Gu 2017",
    "et": "SpinalLesionSite",
    "off": 8490,
    "sff": "spinal"
  },
  {
    "docID": "N246 Gu 2017",
    "et": "SpinalLesionSite",
    "off": 303,
    "sff": "spinal"
  },
  {
    "docID": "N246 Gu 2017",
    "et": "SpinalLesionSite",
    "off": 24236,
    "sff": "spinal"
  },
  {
    "docID": "N246 Gu 2017",
    "et": "SpinalLesionSite",
    "off": 8884,
    "sff": "lesion site"
  },
  {
    "docID": "N246 Gu 2017",
    "et": "SpinalLesionSite",
    "off": 16052,
    "sff": "lesion site"
  },
  {
    "docID": "N246 Gu 2017",
    "et": "SpinalLesionSite",
    "off": 26723,
    "sff": "lesion"
  },
  {
    "docID": "N246 Gu 2017",
    "et": "SpinalLesionSite",
    "off": 22177,
    "sff": "spinal"
  },
  {
    "docID": "N246 Gu 2017",
    "et": "SpinalLesionSite",
    "off": 27621,
    "sff": "lesion"
  },
  {
    "docID": "N246 Gu 2017",
    "et": "SpinalLesionSite",
    "off": 14884,
    "sff": "spinal"
  },
  {
    "docID": "N246 Gu 2017",
    "et": "SpinalLesionSite",
    "off": 25895,
    "sff": "spinal"
  },
  {
    "docID": "N246 Gu 2017",
    "et": "SpinalLesionSite",
    "off": 5799,
    "sff": "spinal"
  },
  {
    "docID": "N246 Gu 2017",
    "et": "T1",
    "off": 8302,
    "sff": "T1"
  },
  {
    "docID": "N246 Gu 2017",
    "et": "T1",
    "off": 13817,
    "sff": "T1"
  },
  {
    "docID": "N246 Gu 2017",
    "et": "T1",
    "off": 33928,
    "sff": "T1"
  },
  {
    "docID": "N246 Gu 2017",
    "et": "T2",
    "off": 13851,
    "sff": "T2"
  },
  {
    "docID": "N246 Gu 2017",
    "et": "T2",
    "off": 8457,
    "sff": "T2"
  },
  {
    "docID": "N246 Gu 2017",
    "et": "T2",
    "off": 33944,
    "sff": "T2"
  },
  {
    "docID": "N246 Gu 2017",
    "et": "T9",
    "off": 20726,
    "sff": "T9"
  },
  {
    "docID": "N246 Gu 2017",
    "et": "T9",
    "off": 31865,
    "sff": "T9"
  },
  {
    "docID": "N246 Gu 2017",
    "et": "AnimalSpecies",
    "off": 28794,
    "sff": "animal"
  },
  {
    "docID": "N246 Gu 2017",
    "et": "Saline",
    "off": 30187,
    "sff": "saline"
  },
  {
    "docID": "N246 Gu 2017",
    "et": "Saline",
    "off": 34904,
    "sff": "saline"
  },
  {
    "docID": "N246 Gu 2017",
    "et": "Right",
    "off": 32349,
    "sff": "right"
  },
  {
    "docID": "N246 Gu 2017",
    "et": "TemperatureTreatment",
    "off": 36755,
    "sff": "temperature"
  },
  {
    "docID": "N246 Gu 2017",
    "et": "TemperatureTreatment",
    "off": 30666,
    "sff": "temperature"
  },
  {
    "docID": "N246 Gu 2017",
    "et": "TemperatureTreatment",
    "off": 30349,
    "sff": "temperature"
  },
  {
    "docID": "N246 Gu 2017",
    "et": "TemperatureTreatment",
    "off": 31711,
    "sff": "temperature"
  },
  {
    "docID": "N246 Gu 2017",
    "et": "TemperatureTreatment",
    "off": 30753,
    "sff": "temperature"
  },
  {
    "docID": "N246 Gu 2017",
    "et": "PBS",
    "off": 30195,
    "sff": "PBS"
  },
  {
    "docID": "N246 Gu 2017",
    "et": "PBS",
    "off": 30517,
    "sff": "PBS"
  },
  {
    "docID": "N246 Gu 2017",
    "et": "PBS",
    "off": 35807,
    "sff": "PBS"
  },
  {
    "docID": "N246 Gu 2017",
    "et": "PBS",
    "off": 36960,
    "sff": "PBS"
  },
  {
    "docID": "N246 Gu 2017",
    "et": "PBS",
    "off": 36668,
    "sff": "PBS"
  },
  {
    "docID": "N246 Gu 2017",
    "et": "PBS",
    "off": 30702,
    "sff": "PBS"
  },
  {
    "docID": "N246 Gu 2017",
    "et": "StemCell",
    "off": 2308,
    "sff": "stem"
  },
  {
    "docID": "N246 Gu 2017",
    "et": "StemCell",
    "off": 20054,
    "sff": "stem cell"
  },
  {
    "docID": "N246 Gu 2017",
    "et": "SpinalCord",
    "off": 31503,
    "sff": "Spinal cord"
  },
  {
    "docID": "N246 Gu 2017",
    "et": "SpinalCord",
    "off": 7887,
    "sff": "spinal cord"
  },
  {
    "docID": "N246 Gu 2017",
    "et": "SpinalCord",
    "off": 8335,
    "sff": "spinal cord"
  },
  {
    "docID": "N246 Gu 2017",
    "et": "SpinalCord",
    "off": 25359,
    "sff": "spinal cord"
  },
  {
    "docID": "N246 Gu 2017",
    "et": "SpinalCord",
    "off": 8782,
    "sff": "spinal cord"
  },
  {
    "docID": "N246 Gu 2017",
    "et": "SpinalCord",
    "off": 31885,
    "sff": "spinal cord"
  },
  {
    "docID": "N246 Gu 2017",
    "et": "SpinalCord",
    "off": 32212,
    "sff": "spinal cord"
  },
  {
    "docID": "N246 Gu 2017",
    "et": "SpinalCord",
    "off": 15313,
    "sff": "spinal cord"
  },
  {
    "docID": "N246 Gu 2017",
    "et": "SpinalCord",
    "off": 25607,
    "sff": "spinal cord"
  },
  {
    "docID": "N246 Gu 2017",
    "et": "SpinalCord",
    "off": 4422,
    "sff": "spinal cord"
  },
  {
    "docID": "N246 Gu 2017",
    "et": "SpinalCord",
    "off": 24774,
    "sff": "spinal cord"
  },
  {
    "docID": "N246 Gu 2017",
    "et": "SpinalCord",
    "off": 18432,
    "sff": "spinal cord"
  },
  {
    "docID": "N246 Gu 2017",
    "et": "SpinalCord",
    "off": 1981,
    "sff": "spinal cord"
  },
  {
    "docID": "N246 Gu 2017",
    "et": "SpinalCord",
    "off": 15044,
    "sff": "spinal cord"
  },
  {
    "docID": "N246 Gu 2017",
    "et": "SpinalCord",
    "off": 34948,
    "sff": "spinal cord"
  },
  {
    "docID": "N246 Gu 2017",
    "et": "SpinalCord",
    "off": 24451,
    "sff": "spinal cord"
  },
  {
    "docID": "N246 Gu 2017",
    "et": "SpinalCord",
    "off": 22785,
    "sff": "spinal cord"
  },
  {
    "docID": "N246 Gu 2017",
    "et": "SpinalCord",
    "off": 1781,
    "sff": "Spinal cord"
  },
  {
    "docID": "N246 Gu 2017",
    "et": "SpinalCord",
    "off": 15542,
    "sff": "spinal cord"
  },
  {
    "docID": "N246 Gu 2017",
    "et": "SpinalCord",
    "off": 124,
    "sff": "spinal cord"
  },
  {
    "docID": "N246 Gu 2017",
    "et": "SpinalCord",
    "off": 2106,
    "sff": "spinal cord"
  },
  {
    "docID": "N246 Gu 2017",
    "et": "SpinalCord",
    "off": 303,
    "sff": "spinal cord"
  },
  {
    "docID": "N246 Gu 2017",
    "et": "SpinalCord",
    "off": 2926,
    "sff": "spinal cord"
  },
  {
    "docID": "N246 Gu 2017",
    "et": "SpinalCord",
    "off": 5556,
    "sff": "spinal cord"
  },
  {
    "docID": "N246 Gu 2017",
    "et": "SpinalCord",
    "off": 8562,
    "sff": "spinal cord"
  },
  {
    "docID": "N246 Gu 2017",
    "et": "SpinalCord",
    "off": 6376,
    "sff": "spinal cord"
  },
  {
    "docID": "N246 Gu 2017",
    "et": "SpinalCord",
    "off": 5799,
    "sff": "spinal cord"
  },
  {
    "docID": "N246 Gu 2017",
    "et": "SpinalCord",
    "off": 25895,
    "sff": "spinal cord"
  },
  {
    "docID": "N246 Gu 2017",
    "et": "SpinalCord",
    "off": 16741,
    "sff": "spinal cord"
  },
  {
    "docID": "N246 Gu 2017",
    "et": "SpinalCord",
    "off": 24236,
    "sff": "spinal cord"
  },
  {
    "docID": "N246 Gu 2017",
    "et": "SpinalCord",
    "off": 8490,
    "sff": "spinal cord"
  },
  {
    "docID": "N246 Gu 2017",
    "et": "SpinalCord",
    "off": 26090,
    "sff": "spinal cord"
  },
  {
    "docID": "N246 Gu 2017",
    "et": "SpinalCord",
    "off": 31902,
    "sff": "spinal cord"
  },
  {
    "docID": "N246 Gu 2017",
    "et": "SpinalCord",
    "off": 14884,
    "sff": "spinal cord"
  },
  {
    "docID": "N246 Gu 2017",
    "et": "SpinalCord",
    "off": 12738,
    "sff": "spinal"
  },
  {
    "docID": "N246 Gu 2017",
    "et": "SpinalCord",
    "off": 22177,
    "sff": "spinal cord"
  },
  {
    "docID": "N246 Gu 2017",
    "et": "SpinalCord",
    "off": 13016,
    "sff": "spinal cord"
  },
  {
    "docID": "N246 Gu 2017",
    "et": "SpinalCord",
    "off": 14168,
    "sff": "spinal cord"
  },
  {
    "docID": "N246 Gu 2017",
    "et": "SpinalCord",
    "off": 15128,
    "sff": "spinal cord"
  },
  {
    "docID": "N246 Gu 2017",
    "et": "SpinalCord",
    "off": 26391,
    "sff": "spinal cord"
  },
  {
    "docID": "N246 Gu 2017",
    "et": "SpinalCord",
    "off": 5141,
    "sff": "spinal cord"
  },
  {
    "docID": "N246 Gu 2017",
    "et": "SpinalCord",
    "off": 13717,
    "sff": "spinal cord"
  },
  {
    "docID": "N246 Gu 2017",
    "et": "LesionAdjacentTissue",
    "off": 1487,
    "sff": "lesion"
  },
  {
    "docID": "N246 Gu 2017",
    "et": "LesionAdjacentTissue",
    "off": 27861,
    "sff": "lesion"
  },
  {
    "docID": "N246 Gu 2017",
    "et": "LesionAdjacentTissue",
    "off": 16299,
    "sff": "lesion"
  },
  {
    "docID": "N246 Gu 2017",
    "et": "LesionAdjacentTissue",
    "off": 2567,
    "sff": "lesion"
  },
  {
    "docID": "N246 Gu 2017",
    "et": "LesionAdjacentTissue",
    "off": 12998,
    "sff": "lesion"
  },
  {
    "docID": "N246 Gu 2017",
    "et": "LesionAdjacentTissue",
    "off": 26723,
    "sff": "lesion"
  },
  {
    "docID": "N246 Gu 2017",
    "et": "LesionAdjacentTissue",
    "off": 16543,
    "sff": "lesion"
  },
  {
    "docID": "N246 Gu 2017",
    "et": "LesionAdjacentTissue",
    "off": 26245,
    "sff": "lesion"
  },
  {
    "docID": "N246 Gu 2017",
    "et": "LesionAdjacentTissue",
    "off": 27621,
    "sff": "lesion"
  },
  {
    "docID": "N246 Gu 2017",
    "et": "LesionAdjacentTissue",
    "off": 7737,
    "sff": "lesion"
  },
  {
    "docID": "N246 Gu 2017",
    "et": "LesionAdjacentTissue",
    "off": 8884,
    "sff": "lesion"
  },
  {
    "docID": "N246 Gu 2017",
    "et": "LesionAdjacentTissue",
    "off": 16052,
    "sff": "lesion"
  },
  {
    "docID": "N246 Gu 2017",
    "et": "LesionAdjacentTissue",
    "off": 15826,
    "sff": "lesion"
  },
  {
    "docID": "N246 Gu 2017",
    "et": "LesionAdjacentTissue",
    "off": 15986,
    "sff": "lesion"
  },
  {
    "docID": "N246 Gu 2017",
    "et": "CentralNervousSystem",
    "off": 1954,
    "sff": "central"
  },
  {
    "docID": "N246 Gu 2017",
    "et": "CentralNervousSystem",
    "off": 23127,
    "sff": "nervous system"
  },
  {
    "docID": "N246 Gu 2017",
    "et": "CentralNervousSystem",
    "off": 23127,
    "sff": "nervous"
  },
  {
    "docID": "N246 Gu 2017",
    "et": "OscillatingFieldStimulator",
    "off": 10518,
    "sff": "field"
  },
  {
    "docID": "N246 Gu 2017",
    "et": "OscillatingFieldStimulator",
    "off": 6622,
    "sff": "field"
  },
  {
    "docID": "N246 Gu 2017",
    "et": "Matrix",
    "off": 18048,
    "sff": "matrix"
  },
  {
    "docID": "N246 Gu 2017",
    "et": "Matrix",
    "off": 22719,
    "sff": "matrix"
  },
  {
    "docID": "N246 Gu 2017",
    "et": "Matrix",
    "off": 3426,
    "sff": "matrix"
  },
  {
    "docID": "N246 Gu 2017",
    "et": "Matrix",
    "off": 18185,
    "sff": "matrix"
  },
  {
    "docID": "N246 Gu 2017",
    "et": "NuclearTransfection",
    "off": 6442,
    "sff": "nuclear"
  },
  {
    "docID": "N246 Gu 2017",
    "et": "SpinalCentralPart",
    "off": 22785,
    "sff": "spinal"
  },
  {
    "docID": "N246 Gu 2017",
    "et": "SpinalCentralPart",
    "off": 12738,
    "sff": "spinal"
  },
  {
    "docID": "N246 Gu 2017",
    "et": "SpinalCentralPart",
    "off": 24451,
    "sff": "spinal"
  },
  {
    "docID": "N246 Gu 2017",
    "et": "SpinalCentralPart",
    "off": 15044,
    "sff": "spinal"
  },
  {
    "docID": "N246 Gu 2017",
    "et": "SpinalCentralPart",
    "off": 34948,
    "sff": "spinal"
  },
  {
    "docID": "N246 Gu 2017",
    "et": "SpinalCentralPart",
    "off": 4422,
    "sff": "spinal"
  },
  {
    "docID": "N246 Gu 2017",
    "et": "SpinalCentralPart",
    "off": 24774,
    "sff": "spinal"
  },
  {
    "docID": "N246 Gu 2017",
    "et": "SpinalCentralPart",
    "off": 25607,
    "sff": "spinal"
  },
  {
    "docID": "N246 Gu 2017",
    "et": "SpinalCentralPart",
    "off": 2106,
    "sff": "spinal"
  },
  {
    "docID": "N246 Gu 2017",
    "et": "SpinalCentralPart",
    "off": 124,
    "sff": "spinal"
  },
  {
    "docID": "N246 Gu 2017",
    "et": "SpinalCentralPart",
    "off": 1981,
    "sff": "spinal"
  },
  {
    "docID": "N246 Gu 2017",
    "et": "SpinalCentralPart",
    "off": 18432,
    "sff": "spinal"
  },
  {
    "docID": "N246 Gu 2017",
    "et": "SpinalCentralPart",
    "off": 8562,
    "sff": "spinal"
  },
  {
    "docID": "N246 Gu 2017",
    "et": "SpinalCentralPart",
    "off": 5556,
    "sff": "spinal"
  },
  {
    "docID": "N246 Gu 2017",
    "et": "SpinalCentralPart",
    "off": 15542,
    "sff": "spinal"
  },
  {
    "docID": "N246 Gu 2017",
    "et": "SpinalCentralPart",
    "off": 8490,
    "sff": "spinal"
  },
  {
    "docID": "N246 Gu 2017",
    "et": "SpinalCentralPart",
    "off": 26090,
    "sff": "spinal"
  },
  {
    "docID": "N246 Gu 2017",
    "et": "SpinalCentralPart",
    "off": 24236,
    "sff": "spinal"
  },
  {
    "docID": "N246 Gu 2017",
    "et": "SpinalCentralPart",
    "off": 2926,
    "sff": "spinal"
  },
  {
    "docID": "N246 Gu 2017",
    "et": "SpinalCentralPart",
    "off": 303,
    "sff": "spinal"
  },
  {
    "docID": "N246 Gu 2017",
    "et": "SpinalCentralPart",
    "off": 1781,
    "sff": "Spinal"
  },
  {
    "docID": "N246 Gu 2017",
    "et": "SpinalCentralPart",
    "off": 22177,
    "sff": "spinal"
  },
  {
    "docID": "N246 Gu 2017",
    "et": "SpinalCentralPart",
    "off": 14884,
    "sff": "spinal"
  },
  {
    "docID": "N246 Gu 2017",
    "et": "SpinalCentralPart",
    "off": 16741,
    "sff": "spinal"
  },
  {
    "docID": "N246 Gu 2017",
    "et": "SpinalCentralPart",
    "off": 5799,
    "sff": "spinal"
  },
  {
    "docID": "N246 Gu 2017",
    "et": "SpinalCentralPart",
    "off": 25895,
    "sff": "spinal"
  },
  {
    "docID": "N246 Gu 2017",
    "et": "SpinalCentralPart",
    "off": 6376,
    "sff": "spinal"
  },
  {
    "docID": "N246 Gu 2017",
    "et": "SpinalCentralPart",
    "off": 31902,
    "sff": "spinal"
  },
  {
    "docID": "N246 Gu 2017",
    "et": "SpinalCentralPart",
    "off": 15313,
    "sff": "spinal"
  },
  {
    "docID": "N246 Gu 2017",
    "et": "SpinalCentralPart",
    "off": 1954,
    "sff": "central"
  },
  {
    "docID": "N246 Gu 2017",
    "et": "SpinalCentralPart",
    "off": 32212,
    "sff": "spinal"
  },
  {
    "docID": "N246 Gu 2017",
    "et": "SpinalCentralPart",
    "off": 5141,
    "sff": "spinal"
  },
  {
    "docID": "N246 Gu 2017",
    "et": "SpinalCentralPart",
    "off": 13717,
    "sff": "spinal"
  },
  {
    "docID": "N246 Gu 2017",
    "et": "SpinalCentralPart",
    "off": 31503,
    "sff": "Spinal"
  },
  {
    "docID": "N246 Gu 2017",
    "et": "SpinalCentralPart",
    "off": 26391,
    "sff": "spinal"
  },
  {
    "docID": "N246 Gu 2017",
    "et": "SpinalCentralPart",
    "off": 13016,
    "sff": "spinal"
  },
  {
    "docID": "N246 Gu 2017",
    "et": "SpinalCentralPart",
    "off": 14168,
    "sff": "spinal"
  },
  {
    "docID": "N246 Gu 2017",
    "et": "SpinalCentralPart",
    "off": 15128,
    "sff": "spinal"
  },
  {
    "docID": "N246 Gu 2017",
    "et": "SpinalCentralPart",
    "off": 31885,
    "sff": "spinal"
  },
  {
    "docID": "N246 Gu 2017",
    "et": "SpinalCentralPart",
    "off": 8782,
    "sff": "spinal"
  },
  {
    "docID": "N246 Gu 2017",
    "et": "SpinalCentralPart",
    "off": 7887,
    "sff": "spinal"
  },
  {
    "docID": "N246 Gu 2017",
    "et": "SpinalCentralPart",
    "off": 8335,
    "sff": "spinal"
  },
  {
    "docID": "N246 Gu 2017",
    "et": "SpinalCentralPart",
    "off": 25359,
    "sff": "spinal"
  },
  {
    "docID": "N246 Gu 2017",
    "et": "Brain",
    "off": 11294,
    "sff": "brain"
  },
  {
    "docID": "N246 Gu 2017",
    "et": "AscendingFiberTract",
    "off": 14970,
    "sff": "fiber"
  },
  {
    "docID": "N246 Gu 2017",
    "et": "AscendingFiberTract",
    "off": 15402,
    "sff": "fiber"
  },
  {
    "docID": "N246 Gu 2017",
    "et": "AscendingFiberTract",
    "off": 2443,
    "sff": "fiber"
  },
  {
    "docID": "N246 Gu 2017",
    "et": "AscendingFiberTract",
    "off": 15724,
    "sff": "fiber"
  },
  {
    "docID": "N246 Gu 2017",
    "et": "AscendingFiberTract",
    "off": 25723,
    "sff": "fiber"
  },
  {
    "docID": "N246 Gu 2017",
    "et": "AscendingFiberTract",
    "off": 15263,
    "sff": "fiber"
  },
  {
    "docID": "N246 Gu 2017",
    "et": "AscendingFiberTract",
    "off": 35160,
    "sff": "ascending"
  },
  {
    "docID": "N246 Gu 2017",
    "et": "AscendingFiberTract",
    "off": 8822,
    "sff": "fiber"
  },
  {
    "docID": "N246 Gu 2017",
    "et": "SpinalWhiteMatter",
    "off": 124,
    "sff": "spinal"
  },
  {
    "docID": "N246 Gu 2017",
    "et": "SpinalWhiteMatter",
    "off": 1781,
    "sff": "Spinal"
  },
  {
    "docID": "N246 Gu 2017",
    "et": "SpinalWhiteMatter",
    "off": 1981,
    "sff": "spinal"
  },
  {
    "docID": "N246 Gu 2017",
    "et": "SpinalWhiteMatter",
    "off": 18432,
    "sff": "spinal"
  },
  {
    "docID": "N246 Gu 2017",
    "et": "SpinalWhiteMatter",
    "off": 12738,
    "sff": "spinal"
  },
  {
    "docID": "N246 Gu 2017",
    "et": "SpinalWhiteMatter",
    "off": 22785,
    "sff": "spinal"
  },
  {
    "docID": "N246 Gu 2017",
    "et": "SpinalWhiteMatter",
    "off": 15044,
    "sff": "spinal"
  },
  {
    "docID": "N246 Gu 2017",
    "et": "SpinalWhiteMatter",
    "off": 34948,
    "sff": "spinal"
  },
  {
    "docID": "N246 Gu 2017",
    "et": "SpinalWhiteMatter",
    "off": 24451,
    "sff": "spinal"
  },
  {
    "docID": "N246 Gu 2017",
    "et": "SpinalWhiteMatter",
    "off": 15159,
    "sff": "white"
  },
  {
    "docID": "N246 Gu 2017",
    "et": "SpinalWhiteMatter",
    "off": 24774,
    "sff": "spinal"
  },
  {
    "docID": "N246 Gu 2017",
    "et": "SpinalWhiteMatter",
    "off": 4422,
    "sff": "spinal"
  },
  {
    "docID": "N246 Gu 2017",
    "et": "SpinalWhiteMatter",
    "off": 25607,
    "sff": "spinal"
  },
  {
    "docID": "N246 Gu 2017",
    "et": "SpinalWhiteMatter",
    "off": 24236,
    "sff": "spinal"
  },
  {
    "docID": "N246 Gu 2017",
    "et": "SpinalWhiteMatter",
    "off": 2926,
    "sff": "spinal"
  },
  {
    "docID": "N246 Gu 2017",
    "et": "SpinalWhiteMatter",
    "off": 303,
    "sff": "spinal"
  },
  {
    "docID": "N246 Gu 2017",
    "et": "SpinalWhiteMatter",
    "off": 8562,
    "sff": "spinal"
  },
  {
    "docID": "N246 Gu 2017",
    "et": "SpinalWhiteMatter",
    "off": 5556,
    "sff": "spinal"
  },
  {
    "docID": "N246 Gu 2017",
    "et": "SpinalWhiteMatter",
    "off": 15542,
    "sff": "spinal"
  },
  {
    "docID": "N246 Gu 2017",
    "et": "SpinalWhiteMatter",
    "off": 2106,
    "sff": "spinal"
  },
  {
    "docID": "N246 Gu 2017",
    "et": "SpinalWhiteMatter",
    "off": 31902,
    "sff": "spinal"
  },
  {
    "docID": "N246 Gu 2017",
    "et": "SpinalWhiteMatter",
    "off": 22177,
    "sff": "spinal"
  },
  {
    "docID": "N246 Gu 2017",
    "et": "SpinalWhiteMatter",
    "off": 14884,
    "sff": "spinal"
  },
  {
    "docID": "N246 Gu 2017",
    "et": "SpinalWhiteMatter",
    "off": 16741,
    "sff": "spinal"
  },
  {
    "docID": "N246 Gu 2017",
    "et": "SpinalWhiteMatter",
    "off": 5799,
    "sff": "spinal"
  },
  {
    "docID": "N246 Gu 2017",
    "et": "SpinalWhiteMatter",
    "off": 6376,
    "sff": "spinal"
  },
  {
    "docID": "N246 Gu 2017",
    "et": "SpinalWhiteMatter",
    "off": 25895,
    "sff": "spinal"
  },
  {
    "docID": "N246 Gu 2017",
    "et": "SpinalWhiteMatter",
    "off": 26090,
    "sff": "spinal"
  },
  {
    "docID": "N246 Gu 2017",
    "et": "SpinalWhiteMatter",
    "off": 8490,
    "sff": "spinal"
  },
  {
    "docID": "N246 Gu 2017",
    "et": "SpinalWhiteMatter",
    "off": 31503,
    "sff": "Spinal"
  },
  {
    "docID": "N246 Gu 2017",
    "et": "SpinalWhiteMatter",
    "off": 8782,
    "sff": "spinal"
  },
  {
    "docID": "N246 Gu 2017",
    "et": "SpinalWhiteMatter",
    "off": 31885,
    "sff": "spinal"
  },
  {
    "docID": "N246 Gu 2017",
    "et": "SpinalWhiteMatter",
    "off": 7887,
    "sff": "spinal"
  },
  {
    "docID": "N246 Gu 2017",
    "et": "SpinalWhiteMatter",
    "off": 8335,
    "sff": "spinal"
  },
  {
    "docID": "N246 Gu 2017",
    "et": "SpinalWhiteMatter",
    "off": 25359,
    "sff": "spinal"
  },
  {
    "docID": "N246 Gu 2017",
    "et": "SpinalWhiteMatter",
    "off": 15159,
    "sff": "white matter"
  },
  {
    "docID": "N246 Gu 2017",
    "et": "SpinalWhiteMatter",
    "off": 15313,
    "sff": "spinal"
  },
  {
    "docID": "N246 Gu 2017",
    "et": "SpinalWhiteMatter",
    "off": 32212,
    "sff": "spinal"
  },
  {
    "docID": "N246 Gu 2017",
    "et": "SpinalWhiteMatter",
    "off": 5141,
    "sff": "spinal"
  },
  {
    "docID": "N246 Gu 2017",
    "et": "SpinalWhiteMatter",
    "off": 13717,
    "sff": "spinal"
  },
  {
    "docID": "N246 Gu 2017",
    "et": "SpinalWhiteMatter",
    "off": 13016,
    "sff": "spinal"
  },
  {
    "docID": "N246 Gu 2017",
    "et": "SpinalWhiteMatter",
    "off": 14168,
    "sff": "spinal"
  },
  {
    "docID": "N246 Gu 2017",
    "et": "SpinalWhiteMatter",
    "off": 15128,
    "sff": "spinal"
  },
  {
    "docID": "N246 Gu 2017",
    "et": "SpinalWhiteMatter",
    "off": 26391,
    "sff": "spinal"
  },
  {
    "docID": "N246 Gu 2017",
    "et": "Antibody",
    "off": 17008,
    "sff": "antibody"
  },
  {
    "docID": "N246 Gu 2017",
    "et": "Antibody",
    "off": 10336,
    "sff": "antibody"
  },
  {
    "docID": "N246 Gu 2017",
    "et": "Antibody",
    "off": 37010,
    "sff": "antibody"
  },
  {
    "docID": "N246 Gu 2017",
    "et": "Antibody",
    "off": 30609,
    "sff": "antibody"
  },
  {
    "docID": "N246 Gu 2017",
    "et": "Antibody",
    "off": 30539,
    "sff": "antibody"
  },
  {
    "docID": "N246 Gu 2017",
    "et": "Antibody",
    "off": 16922,
    "sff": "antibody"
  },
  {
    "docID": "N246 Gu 2017",
    "et": "Antibody",
    "off": 30441,
    "sff": "antibody"
  },
  {
    "docID": "N246 Gu 2017",
    "et": "Antibody",
    "off": 36889,
    "sff": "antibody"
  },
  {
    "docID": "N246 Gu 2017",
    "et": "Antibody",
    "off": 16837,
    "sff": "antibody"
  },
  {
    "docID": "N246 Gu 2017",
    "et": "Purification",
    "off": 30947,
    "sff": "purification"
  },
  {
    "docID": "N246 Gu 2017",
    "et": "Purification",
    "off": 29975,
    "sff": "purification"
  },
  {
    "docID": "N246 Gu 2017",
    "et": "UmbilicalCordBloodStemCell",
    "off": 22792,
    "sff": "cord"
  },
  {
    "docID": "N246 Gu 2017",
    "et": "UmbilicalCordBloodStemCell",
    "off": 18439,
    "sff": "cord"
  },
  {
    "docID": "N246 Gu 2017",
    "et": "UmbilicalCordBloodStemCell",
    "off": 1988,
    "sff": "cord"
  },
  {
    "docID": "N246 Gu 2017",
    "et": "UmbilicalCordBloodStemCell",
    "off": 131,
    "sff": "cord"
  },
  {
    "docID": "N246 Gu 2017",
    "et": "UmbilicalCordBloodStemCell",
    "off": 25614,
    "sff": "cord"
  },
  {
    "docID": "N246 Gu 2017",
    "et": "UmbilicalCordBloodStemCell",
    "off": 4429,
    "sff": "cord"
  },
  {
    "docID": "N246 Gu 2017",
    "et": "UmbilicalCordBloodStemCell",
    "off": 24781,
    "sff": "cord"
  },
  {
    "docID": "N246 Gu 2017",
    "et": "UmbilicalCordBloodStemCell",
    "off": 24458,
    "sff": "cord"
  },
  {
    "docID": "N246 Gu 2017",
    "et": "UmbilicalCordBloodStemCell",
    "off": 15051,
    "sff": "cord"
  },
  {
    "docID": "N246 Gu 2017",
    "et": "UmbilicalCordBloodStemCell",
    "off": 34955,
    "sff": "cord"
  },
  {
    "docID": "N246 Gu 2017",
    "et": "UmbilicalCordBloodStemCell",
    "off": 8569,
    "sff": "cord"
  },
  {
    "docID": "N246 Gu 2017",
    "et": "UmbilicalCordBloodStemCell",
    "off": 310,
    "sff": "cord"
  },
  {
    "docID": "N246 Gu 2017",
    "et": "UmbilicalCordBloodStemCell",
    "off": 2933,
    "sff": "cord"
  },
  {
    "docID": "N246 Gu 2017",
    "et": "UmbilicalCordBloodStemCell",
    "off": 24243,
    "sff": "cord"
  },
  {
    "docID": "N246 Gu 2017",
    "et": "UmbilicalCordBloodStemCell",
    "off": 2113,
    "sff": "cord"
  },
  {
    "docID": "N246 Gu 2017",
    "et": "UmbilicalCordBloodStemCell",
    "off": 1788,
    "sff": "cord"
  },
  {
    "docID": "N246 Gu 2017",
    "et": "UmbilicalCordBloodStemCell",
    "off": 15549,
    "sff": "cord"
  },
  {
    "docID": "N246 Gu 2017",
    "et": "UmbilicalCordBloodStemCell",
    "off": 5563,
    "sff": "cord"
  },
  {
    "docID": "N246 Gu 2017",
    "et": "UmbilicalCordBloodStemCell",
    "off": 22184,
    "sff": "cord"
  },
  {
    "docID": "N246 Gu 2017",
    "et": "UmbilicalCordBloodStemCell",
    "off": 31909,
    "sff": "cord"
  },
  {
    "docID": "N246 Gu 2017",
    "et": "UmbilicalCordBloodStemCell",
    "off": 8497,
    "sff": "cord"
  },
  {
    "docID": "N246 Gu 2017",
    "et": "UmbilicalCordBloodStemCell",
    "off": 26097,
    "sff": "cord"
  },
  {
    "docID": "N246 Gu 2017",
    "et": "UmbilicalCordBloodStemCell",
    "off": 5806,
    "sff": "cord"
  },
  {
    "docID": "N246 Gu 2017",
    "et": "UmbilicalCordBloodStemCell",
    "off": 25902,
    "sff": "cord"
  },
  {
    "docID": "N246 Gu 2017",
    "et": "UmbilicalCordBloodStemCell",
    "off": 6383,
    "sff": "cord"
  },
  {
    "docID": "N246 Gu 2017",
    "et": "UmbilicalCordBloodStemCell",
    "off": 16748,
    "sff": "cord"
  },
  {
    "docID": "N246 Gu 2017",
    "et": "UmbilicalCordBloodStemCell",
    "off": 14891,
    "sff": "cord"
  },
  {
    "docID": "N246 Gu 2017",
    "et": "UmbilicalCordBloodStemCell",
    "off": 15320,
    "sff": "cord"
  },
  {
    "docID": "N246 Gu 2017",
    "et": "UmbilicalCordBloodStemCell",
    "off": 7894,
    "sff": "cord"
  },
  {
    "docID": "N246 Gu 2017",
    "et": "UmbilicalCordBloodStemCell",
    "off": 8342,
    "sff": "cord"
  },
  {
    "docID": "N246 Gu 2017",
    "et": "UmbilicalCordBloodStemCell",
    "off": 25366,
    "sff": "cord"
  },
  {
    "docID": "N246 Gu 2017",
    "et": "UmbilicalCordBloodStemCell",
    "off": 31510,
    "sff": "cord"
  },
  {
    "docID": "N246 Gu 2017",
    "et": "UmbilicalCordBloodStemCell",
    "off": 31892,
    "sff": "cord"
  },
  {
    "docID": "N246 Gu 2017",
    "et": "UmbilicalCordBloodStemCell",
    "off": 8789,
    "sff": "cord"
  },
  {
    "docID": "N246 Gu 2017",
    "et": "UmbilicalCordBloodStemCell",
    "off": 22099,
    "sff": "cord"
  },
  {
    "docID": "N246 Gu 2017",
    "et": "UmbilicalCordBloodStemCell",
    "off": 26398,
    "sff": "cord"
  },
  {
    "docID": "N246 Gu 2017",
    "et": "UmbilicalCordBloodStemCell",
    "off": 13023,
    "sff": "cord"
  },
  {
    "docID": "N246 Gu 2017",
    "et": "UmbilicalCordBloodStemCell",
    "off": 14175,
    "sff": "cord"
  },
  {
    "docID": "N246 Gu 2017",
    "et": "UmbilicalCordBloodStemCell",
    "off": 15135,
    "sff": "cord"
  },
  {
    "docID": "N246 Gu 2017",
    "et": "UmbilicalCordBloodStemCell",
    "off": 5148,
    "sff": "cord"
  },
  {
    "docID": "N246 Gu 2017",
    "et": "UmbilicalCordBloodStemCell",
    "off": 13724,
    "sff": "cord"
  },
  {
    "docID": "N246 Gu 2017",
    "et": "UmbilicalCordBloodStemCell",
    "off": 32219,
    "sff": "cord"
  },
  {
    "docID": "N246 Gu 2017",
    "et": "TailVeinLocation",
    "off": 32126,
    "sff": "tail"
  },
  {
    "docID": "N246 Gu 2017",
    "et": "Protein",
    "off": 36793,
    "sff": "protein"
  },
  {
    "docID": "N246 Gu 2017",
    "et": "Protein",
    "off": 18141,
    "sff": "protein"
  },
  {
    "docID": "N246 Gu 2017",
    "et": "Protein",
    "off": 30254,
    "sff": "protein"
  },
  {
    "docID": "N246 Gu 2017",
    "et": "GlialCell",
    "off": 28015,
    "sff": "glial"
  },
  {
    "docID": "N246 Gu 2017",
    "et": "GlialCell",
    "off": 2266,
    "sff": "glial"
  },
  {
    "docID": "N246 Gu 2017",
    "et": "ImmuneCell",
    "off": 5110,
    "sff": "immune"
  },
  {
    "docID": "N246 Gu 2017",
    "et": "ImmuneCell",
    "off": 4196,
    "sff": "immune"
  },
  {
    "docID": "N246 Gu 2017",
    "et": "ImmuneCell",
    "off": 5999,
    "sff": "immune"
  },
  {
    "docID": "N246 Gu 2017",
    "et": "ImmuneCell",
    "off": 27359,
    "sff": "immune"
  },
  {
    "docID": "N246 Gu 2017",
    "et": "SpinalGrayMatter",
    "off": 16741,
    "sff": "spinal"
  },
  {
    "docID": "N246 Gu 2017",
    "et": "SpinalGrayMatter",
    "off": 37341,
    "sff": "gray"
  },
  {
    "docID": "N246 Gu 2017",
    "et": "SpinalGrayMatter",
    "off": 17491,
    "sff": "gray"
  },
  {
    "docID": "N246 Gu 2017",
    "et": "SpinalGrayMatter",
    "off": 17618,
    "sff": "gray"
  },
  {
    "docID": "N246 Gu 2017",
    "et": "SpinalGrayMatter",
    "off": 26090,
    "sff": "spinal"
  },
  {
    "docID": "N246 Gu 2017",
    "et": "SpinalGrayMatter",
    "off": 37474,
    "sff": "gray"
  },
  {
    "docID": "N246 Gu 2017",
    "et": "SpinalGrayMatter",
    "off": 6376,
    "sff": "spinal"
  },
  {
    "docID": "N246 Gu 2017",
    "et": "SpinalGrayMatter",
    "off": 31503,
    "sff": "Spinal"
  },
  {
    "docID": "N246 Gu 2017",
    "et": "SpinalGrayMatter",
    "off": 2926,
    "sff": "spinal"
  },
  {
    "docID": "N246 Gu 2017",
    "et": "SpinalGrayMatter",
    "off": 8562,
    "sff": "spinal"
  },
  {
    "docID": "N246 Gu 2017",
    "et": "SpinalGrayMatter",
    "off": 9701,
    "sff": "gray"
  },
  {
    "docID": "N246 Gu 2017",
    "et": "SpinalGrayMatter",
    "off": 124,
    "sff": "spinal"
  },
  {
    "docID": "N246 Gu 2017",
    "et": "SpinalGrayMatter",
    "off": 22785,
    "sff": "spinal"
  },
  {
    "docID": "N246 Gu 2017",
    "et": "SpinalGrayMatter",
    "off": 18432,
    "sff": "spinal"
  },
  {
    "docID": "N246 Gu 2017",
    "et": "SpinalGrayMatter",
    "off": 24451,
    "sff": "spinal"
  },
  {
    "docID": "N246 Gu 2017",
    "et": "SpinalGrayMatter",
    "off": 34948,
    "sff": "spinal"
  },
  {
    "docID": "N246 Gu 2017",
    "et": "SpinalGrayMatter",
    "off": 25607,
    "sff": "spinal"
  },
  {
    "docID": "N246 Gu 2017",
    "et": "SpinalGrayMatter",
    "off": 31885,
    "sff": "spinal"
  },
  {
    "docID": "N246 Gu 2017",
    "et": "SpinalGrayMatter",
    "off": 8335,
    "sff": "spinal"
  },
  {
    "docID": "N246 Gu 2017",
    "et": "SpinalGrayMatter",
    "off": 25359,
    "sff": "spinal"
  },
  {
    "docID": "N246 Gu 2017",
    "et": "SpinalGrayMatter",
    "off": 13717,
    "sff": "spinal"
  },
  {
    "docID": "N246 Gu 2017",
    "et": "SpinalGrayMatter",
    "off": 9410,
    "sff": "gray"
  },
  {
    "docID": "N246 Gu 2017",
    "et": "SpinalGrayMatter",
    "off": 20636,
    "sff": "gray matter"
  },
  {
    "docID": "N246 Gu 2017",
    "et": "SpinalGrayMatter",
    "off": 5141,
    "sff": "spinal"
  },
  {
    "docID": "N246 Gu 2017",
    "et": "SpinalGrayMatter",
    "off": 26391,
    "sff": "spinal"
  },
  {
    "docID": "N246 Gu 2017",
    "et": "SpinalGrayMatter",
    "off": 15128,
    "sff": "spinal"
  },
  {
    "docID": "N246 Gu 2017",
    "et": "SpinalGrayMatter",
    "off": 31902,
    "sff": "spinal"
  },
  {
    "docID": "N246 Gu 2017",
    "et": "SpinalGrayMatter",
    "off": 22177,
    "sff": "spinal"
  },
  {
    "docID": "N246 Gu 2017",
    "et": "SpinalGrayMatter",
    "off": 20636,
    "sff": "gray"
  },
  {
    "docID": "N246 Gu 2017",
    "et": "SpinalGrayMatter",
    "off": 14884,
    "sff": "spinal"
  },
  {
    "docID": "N246 Gu 2017",
    "et": "SpinalGrayMatter",
    "off": 5799,
    "sff": "spinal"
  },
  {
    "docID": "N246 Gu 2017",
    "et": "SpinalGrayMatter",
    "off": 8490,
    "sff": "spinal"
  },
  {
    "docID": "N246 Gu 2017",
    "et": "SpinalGrayMatter",
    "off": 25895,
    "sff": "spinal"
  },
  {
    "docID": "N246 Gu 2017",
    "et": "SpinalGrayMatter",
    "off": 9410,
    "sff": "gray matter"
  },
  {
    "docID": "N246 Gu 2017",
    "et": "SpinalGrayMatter",
    "off": 24236,
    "sff": "spinal"
  },
  {
    "docID": "N246 Gu 2017",
    "et": "SpinalGrayMatter",
    "off": 303,
    "sff": "spinal"
  },
  {
    "docID": "N246 Gu 2017",
    "et": "SpinalGrayMatter",
    "off": 5556,
    "sff": "spinal"
  },
  {
    "docID": "N246 Gu 2017",
    "et": "SpinalGrayMatter",
    "off": 15542,
    "sff": "spinal"
  },
  {
    "docID": "N246 Gu 2017",
    "et": "SpinalGrayMatter",
    "off": 2106,
    "sff": "spinal"
  },
  {
    "docID": "N246 Gu 2017",
    "et": "SpinalGrayMatter",
    "off": 1981,
    "sff": "spinal"
  },
  {
    "docID": "N246 Gu 2017",
    "et": "SpinalGrayMatter",
    "off": 12738,
    "sff": "spinal"
  },
  {
    "docID": "N246 Gu 2017",
    "et": "SpinalGrayMatter",
    "off": 24774,
    "sff": "spinal"
  },
  {
    "docID": "N246 Gu 2017",
    "et": "SpinalGrayMatter",
    "off": 4422,
    "sff": "spinal"
  },
  {
    "docID": "N246 Gu 2017",
    "et": "SpinalGrayMatter",
    "off": 9453,
    "sff": "gray matter"
  },
  {
    "docID": "N246 Gu 2017",
    "et": "SpinalGrayMatter",
    "off": 15044,
    "sff": "spinal"
  },
  {
    "docID": "N246 Gu 2017",
    "et": "SpinalGrayMatter",
    "off": 1781,
    "sff": "Spinal"
  },
  {
    "docID": "N246 Gu 2017",
    "et": "SpinalGrayMatter",
    "off": 9453,
    "sff": "gray"
  },
  {
    "docID": "N246 Gu 2017",
    "et": "SpinalGrayMatter",
    "off": 8782,
    "sff": "spinal"
  },
  {
    "docID": "N246 Gu 2017",
    "et": "SpinalGrayMatter",
    "off": 37474,
    "sff": "gray matter"
  },
  {
    "docID": "N246 Gu 2017",
    "et": "SpinalGrayMatter",
    "off": 15313,
    "sff": "spinal"
  },
  {
    "docID": "N246 Gu 2017",
    "et": "SpinalGrayMatter",
    "off": 7887,
    "sff": "spinal"
  },
  {
    "docID": "N246 Gu 2017",
    "et": "SpinalGrayMatter",
    "off": 37341,
    "sff": "gray matter"
  },
  {
    "docID": "N246 Gu 2017",
    "et": "SpinalGrayMatter",
    "off": 32212,
    "sff": "spinal"
  },
  {
    "docID": "N246 Gu 2017",
    "et": "SpinalGrayMatter",
    "off": 13016,
    "sff": "spinal"
  },
  {
    "docID": "N246 Gu 2017",
    "et": "SpinalGrayMatter",
    "off": 14168,
    "sff": "spinal"
  },
  {
    "docID": "N246 Gu 2017",
    "et": "SpinalGrayMatter",
    "off": 17618,
    "sff": "gray matter"
  },
  {
    "docID": "N246 Gu 2017",
    "et": "SpinalGrayMatter",
    "off": 17491,
    "sff": "gray matter"
  },
  {
    "docID": "N246 Gu 2017",
    "et": "RatSpecies",
    "off": 32899,
    "sff": "rat"
  },
  {
    "docID": "N246 Gu 2017",
    "et": "RatSpecies",
    "off": 35483,
    "sff": "rat"
  },
  {
    "docID": "N246 Gu 2017",
    "et": "RatSpecies",
    "off": 11978,
    "sff": "rat"
  },
  {
    "docID": "N246 Gu 2017",
    "et": "VertebralArea",
    "off": 35048,
    "sff": "vertebral"
  },
  {
    "docID": "N246 Gu 2017",
    "et": "Caudal",
    "off": 14670,
    "sff": "caudal"
  },
  {
    "docID": "N246 Gu 2017",
    "et": "Caudal",
    "off": 34978,
    "sff": "caudal"
  },
  {
    "docID": "N246 Gu 2017",
    "et": "Caudal",
    "off": 25237,
    "sff": "caudal"
  },
  {
    "docID": "N246 Gu 2017",
    "et": "VertebralSegment",
    "off": 35048,
    "sff": "vertebral"
  },
  {
    "docID": "N246 Gu 2017",
    "et": "SchwannCell",
    "off": 2224,
    "sff": "Schwann"
  },
  {
    "docID": "N246 Gu 2017",
    "et": "NewZealandRabbit",
    "off": 31983,
    "sff": "New"
  },
  {
    "docID": "N246 Gu 2017",
    "et": "NewZealandRabbit",
    "off": 2628,
    "sff": "new"
  },
  {
    "docID": "N246 Gu 2017",
    "et": "NewZealandRabbit",
    "off": 6339,
    "sff": "new"
  },
  {
    "docID": "N246 Gu 2017",
    "et": "NewZealandRabbit",
    "off": 32004,
    "sff": "New"
  },
  {
    "docID": "N246 Gu 2017",
    "et": "NewZealandRabbit",
    "off": 28444,
    "sff": "new"
  },
  {
    "docID": "N246 Gu 2017",
    "et": "Albumin",
    "off": 30325,
    "sff": "albumin"
  },
  {
    "docID": "N246 Gu 2017",
    "et": "Albumin",
    "off": 36720,
    "sff": "albumin"
  },
  {
    "docID": "N246 Gu 2017",
    "et": "BoneMarrowStemCell",
    "off": 2324,
    "sff": "bone marrow"
  },
  {
    "docID": "N246 Gu 2017",
    "et": "SigmaAldrich",
    "off": 30334,
    "sff": "Sigma"
  },
  {
    "docID": "N246 Gu 2017",
    "et": "SigmaAldrich",
    "off": 29729,
    "sff": "Sigma"
  },
  {
    "docID": "N246 Gu 2017",
    "et": "SigmaAldrich",
    "off": 29384,
    "sff": "Sigma"
  },
  {
    "docID": "N246 Gu 2017",
    "et": "SigmaAldrich",
    "off": 36729,
    "sff": "Sigma"
  },
  {
    "docID": "N246 Gu 2017",
    "et": "T10",
    "off": 409,
    "sff": "T10"
  },
  {
    "docID": "N246 Gu 2017",
    "et": "T10",
    "off": 20733,
    "sff": "T10"
  },
  {
    "docID": "N246 Gu 2017",
    "et": "T10",
    "off": 31935,
    "sff": "T10"
  },
  {
    "docID": "N246 Gu 2017",
    "et": "VertebralLocation",
    "off": 35048,
    "sff": "vertebral"
  },
  {
    "docID": "N246 Gu 2017",
    "et": "StemCellSourceType",
    "off": 27380,
    "sff": "cell"
  },
  {
    "docID": "N246 Gu 2017",
    "et": "StemCellSourceType",
    "off": 31124,
    "sff": "cell"
  },
  {
    "docID": "N246 Gu 2017",
    "et": "StemCellSourceType",
    "off": 2166,
    "sff": "cell"
  },
  {
    "docID": "N246 Gu 2017",
    "et": "StemCellSourceType",
    "off": 2308,
    "sff": "stem"
  },
  {
    "docID": "N246 Gu 2017",
    "et": "StemCellSourceType",
    "off": 6090,
    "sff": "cell"
  },
  {
    "docID": "N246 Gu 2017",
    "et": "StemCellSourceType",
    "off": 19787,
    "sff": "cell"
  },
  {
    "docID": "N246 Gu 2017",
    "et": "StemCellSourceType",
    "off": 27344,
    "sff": "cell"
  },
  {
    "docID": "N246 Gu 2017",
    "et": "StemCellSourceType",
    "off": 20054,
    "sff": "stem cell"
  },
  {
    "docID": "N246 Gu 2017",
    "et": "StemCellSourceType",
    "off": 19140,
    "sff": "cell"
  },
  {
    "docID": "N246 Gu 2017",
    "et": "StemCellSourceType",
    "off": 29763,
    "sff": "cell"
  },
  {
    "docID": "N246 Gu 2017",
    "et": "StemCellSourceType",
    "off": 8901,
    "sff": "cell"
  },
  {
    "docID": "N246 Gu 2017",
    "et": "StemCellSourceType",
    "off": 9114,
    "sff": "cell"
  },
  {
    "docID": "N246 Gu 2017",
    "et": "StemCellSourceType",
    "off": 252,
    "sff": "cell"
  },
  {
    "docID": "N246 Gu 2017",
    "et": "StemCellSourceType",
    "off": 6044,
    "sff": "cell"
  },
  {
    "docID": "N246 Gu 2017",
    "et": "StemCellSourceType",
    "off": 5659,
    "sff": "cell"
  },
  {
    "docID": "N246 Gu 2017",
    "et": "StemCellSourceType",
    "off": 9311,
    "sff": "cell"
  },
  {
    "docID": "N246 Gu 2017",
    "et": "InVitroExperimentalProcedure",
    "off": 28814,
    "sff": "experimental"
  },
  {
    "docID": "N246 Gu 2017",
    "et": "IntraperitonealLocation",
    "off": 456,
    "sff": "intraperitoneal"
  },
  {
    "docID": "N246 Gu 2017",
    "et": "IntraperitonealLocation",
    "off": 31752,
    "sff": "intraperitoneal"
  },
  {
    "docID": "N246 Gu 2017",
    "et": "IntraperitonealLocation",
    "off": 20010,
    "sff": "intraperitoneal"
  },
  {
    "docID": "N246 Gu 2017",
    "et": "Cell",
    "off": 19140,
    "sff": "cell"
  },
  {
    "docID": "N246 Gu 2017",
    "et": "Cell",
    "off": 29763,
    "sff": "cell"
  },
  {
    "docID": "N246 Gu 2017",
    "et": "Cell",
    "off": 8901,
    "sff": "cell"
  },
  {
    "docID": "N246 Gu 2017",
    "et": "Cell",
    "off": 6090,
    "sff": "cell"
  },
  {
    "docID": "N246 Gu 2017",
    "et": "Cell",
    "off": 252,
    "sff": "cell"
  },
  {
    "docID": "N246 Gu 2017",
    "et": "Cell",
    "off": 6044,
    "sff": "cell"
  },
  {
    "docID": "N246 Gu 2017",
    "et": "Cell",
    "off": 5659,
    "sff": "cell"
  },
  {
    "docID": "N246 Gu 2017",
    "et": "Cell",
    "off": 20059,
    "sff": "cell"
  },
  {
    "docID": "N246 Gu 2017",
    "et": "Cell",
    "off": 9311,
    "sff": "cell"
  },
  {
    "docID": "N246 Gu 2017",
    "et": "Cell",
    "off": 27380,
    "sff": "cell"
  },
  {
    "docID": "N246 Gu 2017",
    "et": "Cell",
    "off": 31124,
    "sff": "cell"
  },
  {
    "docID": "N246 Gu 2017",
    "et": "Cell",
    "off": 2166,
    "sff": "cell"
  },
  {
    "docID": "N246 Gu 2017",
    "et": "Cell",
    "off": 9114,
    "sff": "cell"
  },
  {
    "docID": "N246 Gu 2017",
    "et": "Cell",
    "off": 19787,
    "sff": "cell"
  },
  {
    "docID": "N246 Gu 2017",
    "et": "Cell",
    "off": 27344,
    "sff": "cell"
  },
  {
    "docID": "N246 Gu 2017",
    "et": "SpinalDorsalHalf",
    "off": 14884,
    "sff": "spinal"
  },
  {
    "docID": "N246 Gu 2017",
    "et": "SpinalDorsalHalf",
    "off": 25895,
    "sff": "spinal"
  },
  {
    "docID": "N246 Gu 2017",
    "et": "SpinalDorsalHalf",
    "off": 22177,
    "sff": "spinal"
  },
  {
    "docID": "N246 Gu 2017",
    "et": "SpinalDorsalHalf",
    "off": 26090,
    "sff": "spinal"
  },
  {
    "docID": "N246 Gu 2017",
    "et": "SpinalDorsalHalf",
    "off": 24236,
    "sff": "spinal"
  },
  {
    "docID": "N246 Gu 2017",
    "et": "SpinalDorsalHalf",
    "off": 13016,
    "sff": "spinal"
  },
  {
    "docID": "N246 Gu 2017",
    "et": "SpinalDorsalHalf",
    "off": 14168,
    "sff": "spinal"
  },
  {
    "docID": "N246 Gu 2017",
    "et": "SpinalDorsalHalf",
    "off": 15128,
    "sff": "spinal"
  },
  {
    "docID": "N246 Gu 2017",
    "et": "SpinalDorsalHalf",
    "off": 5141,
    "sff": "spinal"
  },
  {
    "docID": "N246 Gu 2017",
    "et": "SpinalDorsalHalf",
    "off": 13717,
    "sff": "spinal"
  },
  {
    "docID": "N246 Gu 2017",
    "et": "SpinalDorsalHalf",
    "off": 31503,
    "sff": "Spinal"
  },
  {
    "docID": "N246 Gu 2017",
    "et": "SpinalDorsalHalf",
    "off": 15313,
    "sff": "spinal"
  },
  {
    "docID": "N246 Gu 2017",
    "et": "SpinalDorsalHalf",
    "off": 7887,
    "sff": "spinal"
  },
  {
    "docID": "N246 Gu 2017",
    "et": "SpinalDorsalHalf",
    "off": 8335,
    "sff": "spinal"
  },
  {
    "docID": "N246 Gu 2017",
    "et": "SpinalDorsalHalf",
    "off": 8782,
    "sff": "spinal"
  },
  {
    "docID": "N246 Gu 2017",
    "et": "SpinalDorsalHalf",
    "off": 4422,
    "sff": "spinal"
  },
  {
    "docID": "N246 Gu 2017",
    "et": "SpinalDorsalHalf",
    "off": 24451,
    "sff": "spinal"
  },
  {
    "docID": "N246 Gu 2017",
    "et": "SpinalDorsalHalf",
    "off": 34948,
    "sff": "spinal"
  },
  {
    "docID": "N246 Gu 2017",
    "et": "SpinalDorsalHalf",
    "off": 15044,
    "sff": "spinal"
  },
  {
    "docID": "N246 Gu 2017",
    "et": "SpinalDorsalHalf",
    "off": 24774,
    "sff": "spinal"
  },
  {
    "docID": "N246 Gu 2017",
    "et": "SpinalDorsalHalf",
    "off": 12738,
    "sff": "spinal"
  },
  {
    "docID": "N246 Gu 2017",
    "et": "SpinalDorsalHalf",
    "off": 25607,
    "sff": "spinal"
  },
  {
    "docID": "N246 Gu 2017",
    "et": "SpinalDorsalHalf",
    "off": 22785,
    "sff": "spinal"
  },
  {
    "docID": "N246 Gu 2017",
    "et": "SpinalDorsalHalf",
    "off": 18432,
    "sff": "spinal"
  },
  {
    "docID": "N246 Gu 2017",
    "et": "SpinalDorsalHalf",
    "off": 1981,
    "sff": "spinal"
  },
  {
    "docID": "N246 Gu 2017",
    "et": "SpinalDorsalHalf",
    "off": 124,
    "sff": "spinal"
  },
  {
    "docID": "N246 Gu 2017",
    "et": "SpinalDorsalHalf",
    "off": 31885,
    "sff": "spinal"
  },
  {
    "docID": "N246 Gu 2017",
    "et": "SpinalDorsalHalf",
    "off": 1781,
    "sff": "Spinal"
  },
  {
    "docID": "N246 Gu 2017",
    "et": "SpinalDorsalHalf",
    "off": 2106,
    "sff": "spinal"
  },
  {
    "docID": "N246 Gu 2017",
    "et": "SpinalDorsalHalf",
    "off": 25359,
    "sff": "spinal"
  },
  {
    "docID": "N246 Gu 2017",
    "et": "SpinalDorsalHalf",
    "off": 15542,
    "sff": "spinal"
  },
  {
    "docID": "N246 Gu 2017",
    "et": "SpinalDorsalHalf",
    "off": 32212,
    "sff": "spinal"
  },
  {
    "docID": "N246 Gu 2017",
    "et": "SpinalDorsalHalf",
    "off": 5556,
    "sff": "spinal"
  },
  {
    "docID": "N246 Gu 2017",
    "et": "SpinalDorsalHalf",
    "off": 8562,
    "sff": "spinal"
  },
  {
    "docID": "N246 Gu 2017",
    "et": "SpinalDorsalHalf",
    "off": 26391,
    "sff": "spinal"
  },
  {
    "docID": "N246 Gu 2017",
    "et": "SpinalDorsalHalf",
    "off": 303,
    "sff": "spinal"
  },
  {
    "docID": "N246 Gu 2017",
    "et": "SpinalDorsalHalf",
    "off": 2926,
    "sff": "spinal"
  },
  {
    "docID": "N246 Gu 2017",
    "et": "SpinalDorsalHalf",
    "off": 31902,
    "sff": "spinal"
  },
  {
    "docID": "N246 Gu 2017",
    "et": "SpinalDorsalHalf",
    "off": 8490,
    "sff": "spinal"
  },
  {
    "docID": "N246 Gu 2017",
    "et": "SpinalDorsalHalf",
    "off": 6376,
    "sff": "spinal"
  },
  {
    "docID": "N246 Gu 2017",
    "et": "SpinalDorsalHalf",
    "off": 5799,
    "sff": "spinal"
  },
  {
    "docID": "N246 Gu 2017",
    "et": "SpinalDorsalHalf",
    "off": 16741,
    "sff": "spinal"
  },
  {
    "docID": "N246 Gu 2017",
    "et": "HematoxyLinEosin",
    "off": 8845,
    "sff": "Hematoxylin"
  },
  {
    "docID": "N246 Gu 2017",
    "et": "HematoxyLinEosin",
    "off": 37188,
    "sff": "hematoxylin"
  },
  {
    "docID": "N246 Gu 2017",
    "et": "HematoxyLinEosin",
    "off": 15915,
    "sff": "hematoxylin"
  },
  {
    "docID": "N246 Gu 2017",
    "et": "HematoxyLinEosin",
    "off": 35830,
    "sff": "hematoxylin"
  },
  {
    "docID": "N246 Gu 2017",
    "et": "HematoxyLinEosin",
    "off": 15850,
    "sff": "hematoxylin"
  },
  {
    "docID": "N246 Gu 2017",
    "et": "HematoxyLinEosin",
    "off": 35667,
    "sff": "Hematoxylin-eosin"
  },
  {
    "docID": "N246 Gu 2017",
    "et": "Water",
    "off": 36315,
    "sff": "water"
  },
  {
    "docID": "N246 Gu 2017",
    "et": "Water",
    "off": 32558,
    "sff": "water"
  },
  {
    "docID": "N246 Gu 2017",
    "et": "Water",
    "off": 35888,
    "sff": "water"
  },
  {
    "docID": "N246 Gu 2017",
    "et": "Water",
    "off": 31697,
    "sff": "water"
  },
  {
    "docID": "N246 Gu 2017",
    "et": "Water",
    "off": 23024,
    "sff": "water"
  },
  {
    "docID": "N246 Gu 2017",
    "et": "Water",
    "off": 36631,
    "sff": "water"
  },
  {
    "docID": "N246 Gu 2017",
    "et": "Water",
    "off": 22924,
    "sff": "water"
  },
  {
    "docID": "N246 Gu 2017",
    "et": "Embryonic",
    "off": 20044,
    "sff": "embryonic"
  },
  {
    "docID": "N246 Gu 2017",
    "et": "ExperimentalProcedure",
    "off": 28814,
    "sff": "experimental"
  },
  {
    "docID": "N246 Gu 2017",
    "et": "BrainDerivedNeurotrophicFactor",
    "off": 2420,
    "sff": "derived"
  },
  {
    "docID": "N246 Gu 2017",
    "et": "BrainDerivedNeurotrophicFactor",
    "off": 11294,
    "sff": "brain derived neurotrophic factor"
  },
  {
    "docID": "N246 Gu 2017",
    "et": "BrainDerivedNeurotrophicFactor",
    "off": 11294,
    "sff": "brain derived"
  }
]
