[
  {
    "docID": "N248 Imaizumi",
    "et": "OlfactoryEnsheathingGliaCell",
    "off": 7707,
    "sff": "ensheathing"
  },
  {
    "docID": "N248 Imaizumi",
    "et": "OlfactoryEnsheathingGliaCell",
    "off": 23172,
    "sff": "olfactory"
  },
  {
    "docID": "N248 Imaizumi",
    "et": "OlfactoryEnsheathingGliaCell",
    "off": 161,
    "sff": "olfactory ensheathing"
  },
  {
    "docID": "N248 Imaizumi",
    "et": "OlfactoryEnsheathingGliaCell",
    "off": 2636,
    "sff": "olfactory"
  },
  {
    "docID": "N248 Imaizumi",
    "et": "OlfactoryEnsheathingGliaCell",
    "off": 2716,
    "sff": "olfactory"
  },
  {
    "docID": "N248 Imaizumi",
    "et": "OlfactoryEnsheathingGliaCell",
    "off": 3565,
    "sff": "olfactory ensheathing"
  },
  {
    "docID": "N248 Imaizumi",
    "et": "OlfactoryEnsheathingGliaCell",
    "off": 39,
    "sff": "olfactory ensheathing"
  },
  {
    "docID": "N248 Imaizumi",
    "et": "OlfactoryEnsheathingGliaCell",
    "off": 2058,
    "sff": "olfactory ensheathing"
  },
  {
    "docID": "N248 Imaizumi",
    "et": "SurgeryTreatment",
    "off": 25659,
    "sff": "surgery"
  },
  {
    "docID": "N248 Imaizumi",
    "et": "MagneticFieldApplication",
    "off": 4454,
    "sff": "Field"
  },
  {
    "docID": "N248 Imaizumi",
    "et": "MagneticFieldApplication",
    "off": 8932,
    "sff": "field"
  },
  {
    "docID": "N248 Imaizumi",
    "et": "SpinalSubduralArea",
    "off": 3029,
    "sff": "spinal"
  },
  {
    "docID": "N248 Imaizumi",
    "et": "SpinalSubduralArea",
    "off": 16982,
    "sff": "spinal"
  },
  {
    "docID": "N248 Imaizumi",
    "et": "SpinalSubduralArea",
    "off": 13588,
    "sff": "spinal"
  },
  {
    "docID": "N248 Imaizumi",
    "et": "SpinalSubduralArea",
    "off": 22548,
    "sff": "spinal"
  },
  {
    "docID": "N248 Imaizumi",
    "et": "SpinalSubduralArea",
    "off": 21400,
    "sff": "spinal"
  },
  {
    "docID": "N248 Imaizumi",
    "et": "SpinalSubduralArea",
    "off": 26328,
    "sff": "spinal"
  },
  {
    "docID": "N248 Imaizumi",
    "et": "SpinalSubduralArea",
    "off": 12827,
    "sff": "spinal"
  },
  {
    "docID": "N248 Imaizumi",
    "et": "SpinalSubduralArea",
    "off": 9820,
    "sff": "spinal"
  },
  {
    "docID": "N248 Imaizumi",
    "et": "SpinalSubduralArea",
    "off": 10716,
    "sff": "spinal"
  },
  {
    "docID": "N248 Imaizumi",
    "et": "SpinalSubduralArea",
    "off": 5407,
    "sff": "spinal"
  },
  {
    "docID": "N248 Imaizumi",
    "et": "SpinalSubduralArea",
    "off": 18911,
    "sff": "spinal"
  },
  {
    "docID": "N248 Imaizumi",
    "et": "SpinalSubduralArea",
    "off": 353,
    "sff": "spinal"
  },
  {
    "docID": "N248 Imaizumi",
    "et": "SpinalSubduralArea",
    "off": 13344,
    "sff": "spinal"
  },
  {
    "docID": "N248 Imaizumi",
    "et": "SpinalSubduralArea",
    "off": 2278,
    "sff": "spinal"
  },
  {
    "docID": "N248 Imaizumi",
    "et": "SpinalSubduralArea",
    "off": 3302,
    "sff": "spinal"
  },
  {
    "docID": "N248 Imaizumi",
    "et": "SpinalSubduralArea",
    "off": 20198,
    "sff": "spinal"
  },
  {
    "docID": "N248 Imaizumi",
    "et": "SpinalSubduralArea",
    "off": 7780,
    "sff": "spinal"
  },
  {
    "docID": "N248 Imaizumi",
    "et": "SpinalSubduralArea",
    "off": 28731,
    "sff": "Spinal"
  },
  {
    "docID": "N248 Imaizumi",
    "et": "SpinalSubduralArea",
    "off": 103,
    "sff": "spinal"
  },
  {
    "docID": "N248 Imaizumi",
    "et": "SpinalSubduralArea",
    "off": 28394,
    "sff": "spinal"
  },
  {
    "docID": "N248 Imaizumi",
    "et": "SpinalSubduralArea",
    "off": 25324,
    "sff": "spinal"
  },
  {
    "docID": "N248 Imaizumi",
    "et": "SpinalSubduralArea",
    "off": 8497,
    "sff": "spinal"
  },
  {
    "docID": "N248 Imaizumi",
    "et": "SpinalSubduralArea",
    "off": 21937,
    "sff": "spinal"
  },
  {
    "docID": "N248 Imaizumi",
    "et": "SpinalSubduralArea",
    "off": 13746,
    "sff": "spinal"
  },
  {
    "docID": "N248 Imaizumi",
    "et": "SpinalSubduralArea",
    "off": 2416,
    "sff": "spinal"
  },
  {
    "docID": "N248 Imaizumi",
    "et": "SpinalSubduralArea",
    "off": 26678,
    "sff": "spinal"
  },
  {
    "docID": "N248 Imaizumi",
    "et": "SpinalSubduralArea",
    "off": 27126,
    "sff": "spinal"
  },
  {
    "docID": "N248 Imaizumi",
    "et": "SpinalSubduralArea",
    "off": 25843,
    "sff": "spinal"
  },
  {
    "docID": "N248 Imaizumi",
    "et": "SpinalSubduralArea",
    "off": 16628,
    "sff": "spinal"
  },
  {
    "docID": "N248 Imaizumi",
    "et": "SpinalSubduralArea",
    "off": 16505,
    "sff": "spinal"
  },
  {
    "docID": "N248 Imaizumi",
    "et": "SpinalSubduralArea",
    "off": 19705,
    "sff": "spinal"
  },
  {
    "docID": "N248 Imaizumi",
    "et": "SpinalSubduralArea",
    "off": 27257,
    "sff": "spinal"
  },
  {
    "docID": "N248 Imaizumi",
    "et": "SpinalSubduralArea",
    "off": 4663,
    "sff": "spinal"
  },
  {
    "docID": "N248 Imaizumi",
    "et": "SpinalSubduralArea",
    "off": 2174,
    "sff": "spinal"
  },
  {
    "docID": "N248 Imaizumi",
    "et": "SpinalSubduralArea",
    "off": 19647,
    "sff": "spinal"
  },
  {
    "docID": "N248 Imaizumi",
    "et": "SpinalSubduralArea",
    "off": 15109,
    "sff": "spinal"
  },
  {
    "docID": "N248 Imaizumi",
    "et": "SpinalSubduralArea",
    "off": 1283,
    "sff": "spinal"
  },
  {
    "docID": "N248 Imaizumi",
    "et": "SpinalSubduralArea",
    "off": 11975,
    "sff": "spinal"
  },
  {
    "docID": "N248 Imaizumi",
    "et": "SpinalSubduralArea",
    "off": 25611,
    "sff": "spinal"
  },
  {
    "docID": "N248 Imaizumi",
    "et": "SpinalSubduralArea",
    "off": 15052,
    "sff": "spinal"
  },
  {
    "docID": "N248 Imaizumi",
    "et": "SpinalSubduralArea",
    "off": 8274,
    "sff": "spinal"
  },
  {
    "docID": "N248 Imaizumi",
    "et": "SpinalSubduralArea",
    "off": 10512,
    "sff": "spinal"
  },
  {
    "docID": "N248 Imaizumi",
    "et": "SpinalSubduralArea",
    "off": 29078,
    "sff": "Spinal"
  },
  {
    "docID": "N248 Imaizumi",
    "et": "MouseSpecies",
    "off": 24371,
    "sff": "mouse"
  },
  {
    "docID": "N248 Imaizumi",
    "et": "NOGOReceptorAntagonist",
    "off": 20985,
    "sff": "receptor"
  },
  {
    "docID": "N248 Imaizumi",
    "et": "SpinalFiberTract",
    "off": 2174,
    "sff": "spinal"
  },
  {
    "docID": "N248 Imaizumi",
    "et": "SpinalFiberTract",
    "off": 19647,
    "sff": "spinal"
  },
  {
    "docID": "N248 Imaizumi",
    "et": "SpinalFiberTract",
    "off": 26678,
    "sff": "spinal"
  },
  {
    "docID": "N248 Imaizumi",
    "et": "SpinalFiberTract",
    "off": 27126,
    "sff": "spinal"
  },
  {
    "docID": "N248 Imaizumi",
    "et": "SpinalFiberTract",
    "off": 4663,
    "sff": "spinal"
  },
  {
    "docID": "N248 Imaizumi",
    "et": "SpinalFiberTract",
    "off": 16505,
    "sff": "spinal"
  },
  {
    "docID": "N248 Imaizumi",
    "et": "SpinalFiberTract",
    "off": 19705,
    "sff": "spinal"
  },
  {
    "docID": "N248 Imaizumi",
    "et": "SpinalFiberTract",
    "off": 27257,
    "sff": "spinal"
  },
  {
    "docID": "N248 Imaizumi",
    "et": "SpinalFiberTract",
    "off": 13746,
    "sff": "spinal"
  },
  {
    "docID": "N248 Imaizumi",
    "et": "SpinalFiberTract",
    "off": 25843,
    "sff": "spinal"
  },
  {
    "docID": "N248 Imaizumi",
    "et": "SpinalFiberTract",
    "off": 16628,
    "sff": "spinal"
  },
  {
    "docID": "N248 Imaizumi",
    "et": "SpinalFiberTract",
    "off": 28731,
    "sff": "Spinal"
  },
  {
    "docID": "N248 Imaizumi",
    "et": "SpinalFiberTract",
    "off": 2416,
    "sff": "spinal"
  },
  {
    "docID": "N248 Imaizumi",
    "et": "SpinalFiberTract",
    "off": 8497,
    "sff": "spinal"
  },
  {
    "docID": "N248 Imaizumi",
    "et": "SpinalFiberTract",
    "off": 21937,
    "sff": "spinal"
  },
  {
    "docID": "N248 Imaizumi",
    "et": "SpinalFiberTract",
    "off": 28394,
    "sff": "spinal"
  },
  {
    "docID": "N248 Imaizumi",
    "et": "SpinalFiberTract",
    "off": 25324,
    "sff": "spinal"
  },
  {
    "docID": "N248 Imaizumi",
    "et": "SpinalFiberTract",
    "off": 2278,
    "sff": "spinal"
  },
  {
    "docID": "N248 Imaizumi",
    "et": "SpinalFiberTract",
    "off": 3302,
    "sff": "spinal"
  },
  {
    "docID": "N248 Imaizumi",
    "et": "SpinalFiberTract",
    "off": 20198,
    "sff": "spinal"
  },
  {
    "docID": "N248 Imaizumi",
    "et": "SpinalFiberTract",
    "off": 103,
    "sff": "spinal"
  },
  {
    "docID": "N248 Imaizumi",
    "et": "SpinalFiberTract",
    "off": 7780,
    "sff": "spinal"
  },
  {
    "docID": "N248 Imaizumi",
    "et": "SpinalFiberTract",
    "off": 5407,
    "sff": "spinal"
  },
  {
    "docID": "N248 Imaizumi",
    "et": "SpinalFiberTract",
    "off": 18911,
    "sff": "spinal"
  },
  {
    "docID": "N248 Imaizumi",
    "et": "SpinalFiberTract",
    "off": 13344,
    "sff": "spinal"
  },
  {
    "docID": "N248 Imaizumi",
    "et": "SpinalFiberTract",
    "off": 353,
    "sff": "spinal"
  },
  {
    "docID": "N248 Imaizumi",
    "et": "SpinalFiberTract",
    "off": 29078,
    "sff": "Spinal"
  },
  {
    "docID": "N248 Imaizumi",
    "et": "SpinalFiberTract",
    "off": 12827,
    "sff": "spinal"
  },
  {
    "docID": "N248 Imaizumi",
    "et": "SpinalFiberTract",
    "off": 9820,
    "sff": "spinal"
  },
  {
    "docID": "N248 Imaizumi",
    "et": "SpinalFiberTract",
    "off": 10716,
    "sff": "spinal"
  },
  {
    "docID": "N248 Imaizumi",
    "et": "SpinalFiberTract",
    "off": 16982,
    "sff": "spinal"
  },
  {
    "docID": "N248 Imaizumi",
    "et": "SpinalFiberTract",
    "off": 21400,
    "sff": "spinal"
  },
  {
    "docID": "N248 Imaizumi",
    "et": "SpinalFiberTract",
    "off": 26328,
    "sff": "spinal"
  },
  {
    "docID": "N248 Imaizumi",
    "et": "SpinalFiberTract",
    "off": 8274,
    "sff": "spinal"
  },
  {
    "docID": "N248 Imaizumi",
    "et": "SpinalFiberTract",
    "off": 13588,
    "sff": "spinal"
  },
  {
    "docID": "N248 Imaizumi",
    "et": "SpinalFiberTract",
    "off": 22548,
    "sff": "spinal"
  },
  {
    "docID": "N248 Imaizumi",
    "et": "SpinalFiberTract",
    "off": 3029,
    "sff": "spinal"
  },
  {
    "docID": "N248 Imaizumi",
    "et": "SpinalFiberTract",
    "off": 10512,
    "sff": "spinal"
  },
  {
    "docID": "N248 Imaizumi",
    "et": "SpinalFiberTract",
    "off": 25611,
    "sff": "spinal"
  },
  {
    "docID": "N248 Imaizumi",
    "et": "SpinalFiberTract",
    "off": 15052,
    "sff": "spinal"
  },
  {
    "docID": "N248 Imaizumi",
    "et": "SpinalFiberTract",
    "off": 11975,
    "sff": "spinal"
  },
  {
    "docID": "N248 Imaizumi",
    "et": "SpinalFiberTract",
    "off": 1283,
    "sff": "spinal"
  },
  {
    "docID": "N248 Imaizumi",
    "et": "SpinalFiberTract",
    "off": 15109,
    "sff": "spinal"
  },
  {
    "docID": "N248 Imaizumi",
    "et": "Allogeneic",
    "off": 16315,
    "sff": "allogeneic"
  },
  {
    "docID": "N248 Imaizumi",
    "et": "Xenogeneic",
    "off": 21336,
    "sff": "xenogeneic"
  },
  {
    "docID": "N248 Imaizumi",
    "et": "SpinalVentralHalf",
    "off": 2416,
    "sff": "spinal"
  },
  {
    "docID": "N248 Imaizumi",
    "et": "SpinalVentralHalf",
    "off": 13746,
    "sff": "spinal"
  },
  {
    "docID": "N248 Imaizumi",
    "et": "SpinalVentralHalf",
    "off": 8497,
    "sff": "spinal"
  },
  {
    "docID": "N248 Imaizumi",
    "et": "SpinalVentralHalf",
    "off": 21937,
    "sff": "spinal"
  },
  {
    "docID": "N248 Imaizumi",
    "et": "SpinalVentralHalf",
    "off": 25324,
    "sff": "spinal"
  },
  {
    "docID": "N248 Imaizumi",
    "et": "SpinalVentralHalf",
    "off": 4663,
    "sff": "spinal"
  },
  {
    "docID": "N248 Imaizumi",
    "et": "SpinalVentralHalf",
    "off": 16505,
    "sff": "spinal"
  },
  {
    "docID": "N248 Imaizumi",
    "et": "SpinalVentralHalf",
    "off": 19705,
    "sff": "spinal"
  },
  {
    "docID": "N248 Imaizumi",
    "et": "SpinalVentralHalf",
    "off": 27257,
    "sff": "spinal"
  },
  {
    "docID": "N248 Imaizumi",
    "et": "SpinalVentralHalf",
    "off": 16628,
    "sff": "spinal"
  },
  {
    "docID": "N248 Imaizumi",
    "et": "SpinalVentralHalf",
    "off": 25843,
    "sff": "spinal"
  },
  {
    "docID": "N248 Imaizumi",
    "et": "SpinalVentralHalf",
    "off": 26678,
    "sff": "spinal"
  },
  {
    "docID": "N248 Imaizumi",
    "et": "SpinalVentralHalf",
    "off": 27126,
    "sff": "spinal"
  },
  {
    "docID": "N248 Imaizumi",
    "et": "SpinalVentralHalf",
    "off": 13344,
    "sff": "spinal"
  },
  {
    "docID": "N248 Imaizumi",
    "et": "SpinalVentralHalf",
    "off": 5407,
    "sff": "spinal"
  },
  {
    "docID": "N248 Imaizumi",
    "et": "SpinalVentralHalf",
    "off": 18911,
    "sff": "spinal"
  },
  {
    "docID": "N248 Imaizumi",
    "et": "SpinalVentralHalf",
    "off": 353,
    "sff": "spinal"
  },
  {
    "docID": "N248 Imaizumi",
    "et": "SpinalVentralHalf",
    "off": 9820,
    "sff": "spinal"
  },
  {
    "docID": "N248 Imaizumi",
    "et": "SpinalVentralHalf",
    "off": 10716,
    "sff": "spinal"
  },
  {
    "docID": "N248 Imaizumi",
    "et": "SpinalVentralHalf",
    "off": 12827,
    "sff": "spinal"
  },
  {
    "docID": "N248 Imaizumi",
    "et": "SpinalVentralHalf",
    "off": 103,
    "sff": "spinal"
  },
  {
    "docID": "N248 Imaizumi",
    "et": "SpinalVentralHalf",
    "off": 28394,
    "sff": "spinal"
  },
  {
    "docID": "N248 Imaizumi",
    "et": "SpinalVentralHalf",
    "off": 7780,
    "sff": "spinal"
  },
  {
    "docID": "N248 Imaizumi",
    "et": "SpinalVentralHalf",
    "off": 2278,
    "sff": "spinal"
  },
  {
    "docID": "N248 Imaizumi",
    "et": "SpinalVentralHalf",
    "off": 3302,
    "sff": "spinal"
  },
  {
    "docID": "N248 Imaizumi",
    "et": "SpinalVentralHalf",
    "off": 20198,
    "sff": "spinal"
  },
  {
    "docID": "N248 Imaizumi",
    "et": "SpinalVentralHalf",
    "off": 10512,
    "sff": "spinal"
  },
  {
    "docID": "N248 Imaizumi",
    "et": "SpinalVentralHalf",
    "off": 8274,
    "sff": "spinal"
  },
  {
    "docID": "N248 Imaizumi",
    "et": "SpinalVentralHalf",
    "off": 15052,
    "sff": "spinal"
  },
  {
    "docID": "N248 Imaizumi",
    "et": "SpinalVentralHalf",
    "off": 25611,
    "sff": "spinal"
  },
  {
    "docID": "N248 Imaizumi",
    "et": "SpinalVentralHalf",
    "off": 21400,
    "sff": "spinal"
  },
  {
    "docID": "N248 Imaizumi",
    "et": "SpinalVentralHalf",
    "off": 26328,
    "sff": "spinal"
  },
  {
    "docID": "N248 Imaizumi",
    "et": "SpinalVentralHalf",
    "off": 13588,
    "sff": "spinal"
  },
  {
    "docID": "N248 Imaizumi",
    "et": "SpinalVentralHalf",
    "off": 22548,
    "sff": "spinal"
  },
  {
    "docID": "N248 Imaizumi",
    "et": "SpinalVentralHalf",
    "off": 14060,
    "sff": "ventral"
  },
  {
    "docID": "N248 Imaizumi",
    "et": "SpinalVentralHalf",
    "off": 16982,
    "sff": "spinal"
  },
  {
    "docID": "N248 Imaizumi",
    "et": "SpinalVentralHalf",
    "off": 3029,
    "sff": "spinal"
  },
  {
    "docID": "N248 Imaizumi",
    "et": "SpinalVentralHalf",
    "off": 28731,
    "sff": "Spinal"
  },
  {
    "docID": "N248 Imaizumi",
    "et": "SpinalVentralHalf",
    "off": 19647,
    "sff": "spinal"
  },
  {
    "docID": "N248 Imaizumi",
    "et": "SpinalVentralHalf",
    "off": 29078,
    "sff": "Spinal"
  },
  {
    "docID": "N248 Imaizumi",
    "et": "SpinalVentralHalf",
    "off": 2174,
    "sff": "spinal"
  },
  {
    "docID": "N248 Imaizumi",
    "et": "SpinalVentralHalf",
    "off": 11975,
    "sff": "spinal"
  },
  {
    "docID": "N248 Imaizumi",
    "et": "SpinalVentralHalf",
    "off": 1283,
    "sff": "spinal"
  },
  {
    "docID": "N248 Imaizumi",
    "et": "SpinalVentralHalf",
    "off": 15109,
    "sff": "spinal"
  },
  {
    "docID": "N248 Imaizumi",
    "et": "Rostral",
    "off": 6002,
    "sff": "rostral"
  },
  {
    "docID": "N248 Imaizumi",
    "et": "Rostral",
    "off": 17460,
    "sff": "rostral"
  },
  {
    "docID": "N248 Imaizumi",
    "et": "Rostral",
    "off": 26084,
    "sff": "rostral"
  },
  {
    "docID": "N248 Imaizumi",
    "et": "Rostral",
    "off": 17079,
    "sff": "rostral"
  },
  {
    "docID": "N248 Imaizumi",
    "et": "Rostral",
    "off": 29209,
    "sff": "rostral"
  },
  {
    "docID": "N248 Imaizumi",
    "et": "Rostral",
    "off": 27562,
    "sff": "rostral"
  },
  {
    "docID": "N248 Imaizumi",
    "et": "Rostral",
    "off": 4300,
    "sff": "rostral"
  },
  {
    "docID": "N248 Imaizumi",
    "et": "Rostral",
    "off": 15628,
    "sff": "rostral"
  },
  {
    "docID": "N248 Imaizumi",
    "et": "Rostral",
    "off": 14448,
    "sff": "rostral"
  },
  {
    "docID": "N248 Imaizumi",
    "et": "DorsalColumn",
    "off": 324,
    "sff": "dorsal column"
  },
  {
    "docID": "N248 Imaizumi",
    "et": "DorsalColumn",
    "off": 15303,
    "sff": "dorsal column"
  },
  {
    "docID": "N248 Imaizumi",
    "et": "DorsalColumn",
    "off": 10998,
    "sff": "dorsal"
  },
  {
    "docID": "N248 Imaizumi",
    "et": "DorsalColumn",
    "off": 27331,
    "sff": "dorsal column"
  },
  {
    "docID": "N248 Imaizumi",
    "et": "DorsalColumn",
    "off": 4405,
    "sff": "dorsal"
  },
  {
    "docID": "N248 Imaizumi",
    "et": "DorsalColumn",
    "off": 7875,
    "sff": "dorsal column"
  },
  {
    "docID": "N248 Imaizumi",
    "et": "DorsalColumn",
    "off": 9018,
    "sff": "dorsal"
  },
  {
    "docID": "N248 Imaizumi",
    "et": "DorsalColumn",
    "off": 25981,
    "sff": "dorsal column"
  },
  {
    "docID": "N248 Imaizumi",
    "et": "DorsalColumn",
    "off": 14079,
    "sff": "dorsal"
  },
  {
    "docID": "N248 Imaizumi",
    "et": "DorsalColumn",
    "off": 8254,
    "sff": "dorsal"
  },
  {
    "docID": "N248 Imaizumi",
    "et": "DorsalColumn",
    "off": 25336,
    "sff": "dorsal column"
  },
  {
    "docID": "N248 Imaizumi",
    "et": "DorsalColumn",
    "off": 5500,
    "sff": "dorsal"
  },
  {
    "docID": "N248 Imaizumi",
    "et": "DorsalColumn",
    "off": 14204,
    "sff": "dorsal"
  },
  {
    "docID": "N248 Imaizumi",
    "et": "DorsalColumn",
    "off": 14018,
    "sff": "dorsal"
  },
  {
    "docID": "N248 Imaizumi",
    "et": "DorsalColumn",
    "off": 27511,
    "sff": "dorsal column"
  },
  {
    "docID": "N248 Imaizumi",
    "et": "DorsalColumn",
    "off": 18485,
    "sff": "dorsal column"
  },
  {
    "docID": "N248 Imaizumi",
    "et": "DorsalColumn",
    "off": 4933,
    "sff": "dorsal"
  },
  {
    "docID": "N248 Imaizumi",
    "et": "DorsalColumn",
    "off": 16778,
    "sff": "dorsal"
  },
  {
    "docID": "N248 Imaizumi",
    "et": "DorsalColumn",
    "off": 8648,
    "sff": "dorsal"
  },
  {
    "docID": "N248 Imaizumi",
    "et": "DorsalColumn",
    "off": 8590,
    "sff": "dorsal"
  },
  {
    "docID": "N248 Imaizumi",
    "et": "DorsalColumn",
    "off": 15374,
    "sff": "dorsal"
  },
  {
    "docID": "N248 Imaizumi",
    "et": "DorsalColumn",
    "off": 5901,
    "sff": "dorsal"
  },
  {
    "docID": "N248 Imaizumi",
    "et": "DorsalColumn",
    "off": 17441,
    "sff": "dorsal column"
  },
  {
    "docID": "N248 Imaizumi",
    "et": "DorsalColumn",
    "off": 13210,
    "sff": "dorsal column"
  },
  {
    "docID": "N248 Imaizumi",
    "et": "DorsalColumn",
    "off": 17114,
    "sff": "dorsal column"
  },
  {
    "docID": "N248 Imaizumi",
    "et": "DorsalColumn",
    "off": 4123,
    "sff": "dorsal column"
  },
  {
    "docID": "N248 Imaizumi",
    "et": "DorsalColumn",
    "off": 25433,
    "sff": "dorsal column"
  },
  {
    "docID": "N248 Imaizumi",
    "et": "DorsalColumn",
    "off": 20003,
    "sff": "dorsal"
  },
  {
    "docID": "N248 Imaizumi",
    "et": "DorsalColumn",
    "off": 27235,
    "sff": "dorsal"
  },
  {
    "docID": "N248 Imaizumi",
    "et": "DorsalColumn",
    "off": 8800,
    "sff": "dorsal"
  },
  {
    "docID": "N248 Imaizumi",
    "et": "DorsalColumn",
    "off": 4492,
    "sff": "dorsal column"
  },
  {
    "docID": "N248 Imaizumi",
    "et": "DorsalColumn",
    "off": 8874,
    "sff": "dorsal"
  },
  {
    "docID": "N248 Imaizumi",
    "et": "DorsalColumn",
    "off": 4751,
    "sff": "dorsal column"
  },
  {
    "docID": "N248 Imaizumi",
    "et": "DorsalColumn",
    "off": 6061,
    "sff": "dorsal"
  },
  {
    "docID": "N248 Imaizumi",
    "et": "Tissue",
    "off": 22974,
    "sff": "tissue"
  },
  {
    "docID": "N248 Imaizumi",
    "et": "Tissue",
    "off": 28885,
    "sff": "Tissue"
  },
  {
    "docID": "N248 Imaizumi",
    "et": "Tissue",
    "off": 5725,
    "sff": "tissue"
  },
  {
    "docID": "N248 Imaizumi",
    "et": "Tissue",
    "off": 23868,
    "sff": "tissue"
  },
  {
    "docID": "N248 Imaizumi",
    "et": "Tissue",
    "off": 22407,
    "sff": "tissue"
  },
  {
    "docID": "N248 Imaizumi",
    "et": "Tissue",
    "off": 28406,
    "sff": "tissue"
  },
  {
    "docID": "N248 Imaizumi",
    "et": "Tissue",
    "off": 28618,
    "sff": "Tissue"
  },
  {
    "docID": "N248 Imaizumi",
    "et": "InjectionDelivery",
    "off": 19676,
    "sff": "injection"
  },
  {
    "docID": "N248 Imaizumi",
    "et": "InjectionDelivery",
    "off": 26061,
    "sff": "injection"
  },
  {
    "docID": "N248 Imaizumi",
    "et": "SpinalLesionSite",
    "off": 15052,
    "sff": "spinal"
  },
  {
    "docID": "N248 Imaizumi",
    "et": "SpinalLesionSite",
    "off": 20369,
    "sff": "lesion"
  },
  {
    "docID": "N248 Imaizumi",
    "et": "SpinalLesionSite",
    "off": 9106,
    "sff": "lesion"
  },
  {
    "docID": "N248 Imaizumi",
    "et": "SpinalLesionSite",
    "off": 11975,
    "sff": "spinal"
  },
  {
    "docID": "N248 Imaizumi",
    "et": "SpinalLesionSite",
    "off": 9623,
    "sff": "lesion site"
  },
  {
    "docID": "N248 Imaizumi",
    "et": "SpinalLesionSite",
    "off": 9623,
    "sff": "lesion"
  },
  {
    "docID": "N248 Imaizumi",
    "et": "SpinalLesionSite",
    "off": 4506,
    "sff": "lesion"
  },
  {
    "docID": "N248 Imaizumi",
    "et": "SpinalLesionSite",
    "off": 15643,
    "sff": "lesion"
  },
  {
    "docID": "N248 Imaizumi",
    "et": "SpinalLesionSite",
    "off": 19647,
    "sff": "spinal"
  },
  {
    "docID": "N248 Imaizumi",
    "et": "SpinalLesionSite",
    "off": 9106,
    "sff": "lesion site"
  },
  {
    "docID": "N248 Imaizumi",
    "et": "SpinalLesionSite",
    "off": 4663,
    "sff": "spinal"
  },
  {
    "docID": "N248 Imaizumi",
    "et": "SpinalLesionSite",
    "off": 19213,
    "sff": "lesion site"
  },
  {
    "docID": "N248 Imaizumi",
    "et": "SpinalLesionSite",
    "off": 4263,
    "sff": "lesion"
  },
  {
    "docID": "N248 Imaizumi",
    "et": "SpinalLesionSite",
    "off": 26678,
    "sff": "spinal"
  },
  {
    "docID": "N248 Imaizumi",
    "et": "SpinalLesionSite",
    "off": 9354,
    "sff": "lesion site"
  },
  {
    "docID": "N248 Imaizumi",
    "et": "SpinalLesionSite",
    "off": 645,
    "sff": "lesion site"
  },
  {
    "docID": "N248 Imaizumi",
    "et": "SpinalLesionSite",
    "off": 13613,
    "sff": "lesion"
  },
  {
    "docID": "N248 Imaizumi",
    "et": "SpinalLesionSite",
    "off": 13746,
    "sff": "spinal"
  },
  {
    "docID": "N248 Imaizumi",
    "et": "SpinalLesionSite",
    "off": 8497,
    "sff": "spinal"
  },
  {
    "docID": "N248 Imaizumi",
    "et": "SpinalLesionSite",
    "off": 21937,
    "sff": "spinal"
  },
  {
    "docID": "N248 Imaizumi",
    "et": "SpinalLesionSite",
    "off": 25324,
    "sff": "spinal"
  },
  {
    "docID": "N248 Imaizumi",
    "et": "SpinalLesionSite",
    "off": 6017,
    "sff": "lesion site"
  },
  {
    "docID": "N248 Imaizumi",
    "et": "SpinalLesionSite",
    "off": 16112,
    "sff": "lesion"
  },
  {
    "docID": "N248 Imaizumi",
    "et": "SpinalLesionSite",
    "off": 4219,
    "sff": "lesion site"
  },
  {
    "docID": "N248 Imaizumi",
    "et": "SpinalLesionSite",
    "off": 103,
    "sff": "spinal"
  },
  {
    "docID": "N248 Imaizumi",
    "et": "SpinalLesionSite",
    "off": 9212,
    "sff": "lesion site"
  },
  {
    "docID": "N248 Imaizumi",
    "et": "SpinalLesionSite",
    "off": 28394,
    "sff": "spinal"
  },
  {
    "docID": "N248 Imaizumi",
    "et": "SpinalLesionSite",
    "off": 7780,
    "sff": "spinal"
  },
  {
    "docID": "N248 Imaizumi",
    "et": "SpinalLesionSite",
    "off": 17654,
    "sff": "lesion"
  },
  {
    "docID": "N248 Imaizumi",
    "et": "SpinalLesionSite",
    "off": 2278,
    "sff": "spinal"
  },
  {
    "docID": "N248 Imaizumi",
    "et": "SpinalLesionSite",
    "off": 3302,
    "sff": "spinal"
  },
  {
    "docID": "N248 Imaizumi",
    "et": "SpinalLesionSite",
    "off": 20198,
    "sff": "spinal"
  },
  {
    "docID": "N248 Imaizumi",
    "et": "SpinalLesionSite",
    "off": 4219,
    "sff": "lesion"
  },
  {
    "docID": "N248 Imaizumi",
    "et": "SpinalLesionSite",
    "off": 15994,
    "sff": "lesion"
  },
  {
    "docID": "N248 Imaizumi",
    "et": "SpinalLesionSite",
    "off": 18911,
    "sff": "spinal"
  },
  {
    "docID": "N248 Imaizumi",
    "et": "SpinalLesionSite",
    "off": 9212,
    "sff": "lesion"
  },
  {
    "docID": "N248 Imaizumi",
    "et": "SpinalLesionSite",
    "off": 353,
    "sff": "spinal"
  },
  {
    "docID": "N248 Imaizumi",
    "et": "SpinalLesionSite",
    "off": 17654,
    "sff": "lesion site"
  },
  {
    "docID": "N248 Imaizumi",
    "et": "SpinalLesionSite",
    "off": 9820,
    "sff": "spinal"
  },
  {
    "docID": "N248 Imaizumi",
    "et": "SpinalLesionSite",
    "off": 10716,
    "sff": "spinal"
  },
  {
    "docID": "N248 Imaizumi",
    "et": "SpinalLesionSite",
    "off": 17278,
    "sff": "lesion"
  },
  {
    "docID": "N248 Imaizumi",
    "et": "SpinalLesionSite",
    "off": 26110,
    "sff": "lesion"
  },
  {
    "docID": "N248 Imaizumi",
    "et": "SpinalLesionSite",
    "off": 6017,
    "sff": "lesion"
  },
  {
    "docID": "N248 Imaizumi",
    "et": "SpinalLesionSite",
    "off": 26328,
    "sff": "spinal"
  },
  {
    "docID": "N248 Imaizumi",
    "et": "SpinalLesionSite",
    "off": 11117,
    "sff": "lesion site"
  },
  {
    "docID": "N248 Imaizumi",
    "et": "SpinalLesionSite",
    "off": 645,
    "sff": "lesion"
  },
  {
    "docID": "N248 Imaizumi",
    "et": "SpinalLesionSite",
    "off": 16982,
    "sff": "spinal"
  },
  {
    "docID": "N248 Imaizumi",
    "et": "SpinalLesionSite",
    "off": 3029,
    "sff": "spinal"
  },
  {
    "docID": "N248 Imaizumi",
    "et": "SpinalLesionSite",
    "off": 9354,
    "sff": "lesion"
  },
  {
    "docID": "N248 Imaizumi",
    "et": "SpinalLesionSite",
    "off": 8274,
    "sff": "spinal"
  },
  {
    "docID": "N248 Imaizumi",
    "et": "SpinalLesionSite",
    "off": 19213,
    "sff": "lesion"
  },
  {
    "docID": "N248 Imaizumi",
    "et": "SpinalLesionSite",
    "off": 20109,
    "sff": "lesion"
  },
  {
    "docID": "N248 Imaizumi",
    "et": "SpinalLesionSite",
    "off": 25611,
    "sff": "spinal"
  },
  {
    "docID": "N248 Imaizumi",
    "et": "SpinalLesionSite",
    "off": 7889,
    "sff": "lesion"
  },
  {
    "docID": "N248 Imaizumi",
    "et": "SpinalLesionSite",
    "off": 1283,
    "sff": "spinal"
  },
  {
    "docID": "N248 Imaizumi",
    "et": "SpinalLesionSite",
    "off": 12378,
    "sff": "lesion site"
  },
  {
    "docID": "N248 Imaizumi",
    "et": "SpinalLesionSite",
    "off": 15109,
    "sff": "spinal"
  },
  {
    "docID": "N248 Imaizumi",
    "et": "SpinalLesionSite",
    "off": 10074,
    "sff": "lesion"
  },
  {
    "docID": "N248 Imaizumi",
    "et": "SpinalLesionSite",
    "off": 12378,
    "sff": "lesion"
  },
  {
    "docID": "N248 Imaizumi",
    "et": "SpinalLesionSite",
    "off": 2174,
    "sff": "spinal"
  },
  {
    "docID": "N248 Imaizumi",
    "et": "SpinalLesionSite",
    "off": 28731,
    "sff": "Spinal"
  },
  {
    "docID": "N248 Imaizumi",
    "et": "SpinalLesionSite",
    "off": 8420,
    "sff": "lesion"
  },
  {
    "docID": "N248 Imaizumi",
    "et": "SpinalLesionSite",
    "off": 16505,
    "sff": "spinal"
  },
  {
    "docID": "N248 Imaizumi",
    "et": "SpinalLesionSite",
    "off": 19705,
    "sff": "spinal"
  },
  {
    "docID": "N248 Imaizumi",
    "et": "SpinalLesionSite",
    "off": 27257,
    "sff": "spinal"
  },
  {
    "docID": "N248 Imaizumi",
    "et": "SpinalLesionSite",
    "off": 16628,
    "sff": "spinal"
  },
  {
    "docID": "N248 Imaizumi",
    "et": "SpinalLesionSite",
    "off": 25843,
    "sff": "spinal"
  },
  {
    "docID": "N248 Imaizumi",
    "et": "SpinalLesionSite",
    "off": 27126,
    "sff": "spinal"
  },
  {
    "docID": "N248 Imaizumi",
    "et": "SpinalLesionSite",
    "off": 2416,
    "sff": "spinal"
  },
  {
    "docID": "N248 Imaizumi",
    "et": "SpinalLesionSite",
    "off": 11117,
    "sff": "lesion"
  },
  {
    "docID": "N248 Imaizumi",
    "et": "SpinalLesionSite",
    "off": 11696,
    "sff": "lesion"
  },
  {
    "docID": "N248 Imaizumi",
    "et": "SpinalLesionSite",
    "off": 9655,
    "sff": "lesion site"
  },
  {
    "docID": "N248 Imaizumi",
    "et": "SpinalLesionSite",
    "off": 9655,
    "sff": "lesion"
  },
  {
    "docID": "N248 Imaizumi",
    "et": "SpinalLesionSite",
    "off": 27577,
    "sff": "lesion site"
  },
  {
    "docID": "N248 Imaizumi",
    "et": "SpinalLesionSite",
    "off": 27577,
    "sff": "lesion"
  },
  {
    "docID": "N248 Imaizumi",
    "et": "SpinalLesionSite",
    "off": 13344,
    "sff": "spinal"
  },
  {
    "docID": "N248 Imaizumi",
    "et": "SpinalLesionSite",
    "off": 5407,
    "sff": "spinal"
  },
  {
    "docID": "N248 Imaizumi",
    "et": "SpinalLesionSite",
    "off": 11696,
    "sff": "lesion site"
  },
  {
    "docID": "N248 Imaizumi",
    "et": "SpinalLesionSite",
    "off": 12827,
    "sff": "spinal"
  },
  {
    "docID": "N248 Imaizumi",
    "et": "SpinalLesionSite",
    "off": 5056,
    "sff": "lesion"
  },
  {
    "docID": "N248 Imaizumi",
    "et": "SpinalLesionSite",
    "off": 17475,
    "sff": "lesion"
  },
  {
    "docID": "N248 Imaizumi",
    "et": "SpinalLesionSite",
    "off": 18499,
    "sff": "lesion"
  },
  {
    "docID": "N248 Imaizumi",
    "et": "SpinalLesionSite",
    "off": 21400,
    "sff": "spinal"
  },
  {
    "docID": "N248 Imaizumi",
    "et": "SpinalLesionSite",
    "off": 13511,
    "sff": "lesion"
  },
  {
    "docID": "N248 Imaizumi",
    "et": "SpinalLesionSite",
    "off": 13588,
    "sff": "spinal"
  },
  {
    "docID": "N248 Imaizumi",
    "et": "SpinalLesionSite",
    "off": 22548,
    "sff": "spinal"
  },
  {
    "docID": "N248 Imaizumi",
    "et": "SpinalLesionSite",
    "off": 20296,
    "sff": "lesion"
  },
  {
    "docID": "N248 Imaizumi",
    "et": "SpinalLesionSite",
    "off": 10512,
    "sff": "spinal"
  },
  {
    "docID": "N248 Imaizumi",
    "et": "SpinalLesionSite",
    "off": 29078,
    "sff": "Spinal"
  },
  {
    "docID": "N248 Imaizumi",
    "et": "T5",
    "off": 26496,
    "sff": "T5"
  },
  {
    "docID": "N248 Imaizumi",
    "et": "T6",
    "off": 26705,
    "sff": "T6"
  },
  {
    "docID": "N248 Imaizumi",
    "et": "AnimalSpecies",
    "off": 25716,
    "sff": "animal"
  },
  {
    "docID": "N248 Imaizumi",
    "et": "AnimalSpecies",
    "off": 26244,
    "sff": "animal"
  },
  {
    "docID": "N248 Imaizumi",
    "et": "AnimalSpecies",
    "off": 26481,
    "sff": "animal"
  },
  {
    "docID": "N248 Imaizumi",
    "et": "CompoundBiologicalRelation",
    "off": 11023,
    "sff": "compound"
  },
  {
    "docID": "N248 Imaizumi",
    "et": "CompoundBiologicalRelation",
    "off": 12239,
    "sff": "compound"
  },
  {
    "docID": "N248 Imaizumi",
    "et": "CompoundBiologicalRelation",
    "off": 9475,
    "sff": "compound"
  },
  {
    "docID": "N248 Imaizumi",
    "et": "CompoundBiologicalRelation",
    "off": 9667,
    "sff": "compound"
  },
  {
    "docID": "N248 Imaizumi",
    "et": "CompoundBiologicalRelation",
    "off": 10837,
    "sff": "compound"
  },
  {
    "docID": "N248 Imaizumi",
    "et": "CompoundBiologicalRelation",
    "off": 16995,
    "sff": "Compound"
  },
  {
    "docID": "N248 Imaizumi",
    "et": "CompoundBiologicalRelation",
    "off": 27671,
    "sff": "compound"
  },
  {
    "docID": "N248 Imaizumi",
    "et": "VeinLocation",
    "off": 25648,
    "sff": "vein"
  },
  {
    "docID": "N248 Imaizumi",
    "et": "FemoralVeinLocation",
    "off": 25648,
    "sff": "vein"
  },
  {
    "docID": "N248 Imaizumi",
    "et": "Vehicle",
    "off": 8013,
    "sff": "vehicle"
  },
  {
    "docID": "N248 Imaizumi",
    "et": "TemperatureTreatment",
    "off": 26974,
    "sff": "temperature"
  },
  {
    "docID": "N248 Imaizumi",
    "et": "PBS",
    "off": 29145,
    "sff": "PBS"
  },
  {
    "docID": "N248 Imaizumi",
    "et": "PBS",
    "off": 24812,
    "sff": "PBS"
  },
  {
    "docID": "N248 Imaizumi",
    "et": "CompoundTreatment",
    "off": 10837,
    "sff": "compound"
  },
  {
    "docID": "N248 Imaizumi",
    "et": "CompoundTreatment",
    "off": 27671,
    "sff": "compound"
  },
  {
    "docID": "N248 Imaizumi",
    "et": "CompoundTreatment",
    "off": 11023,
    "sff": "compound"
  },
  {
    "docID": "N248 Imaizumi",
    "et": "CompoundTreatment",
    "off": 12239,
    "sff": "compound"
  },
  {
    "docID": "N248 Imaizumi",
    "et": "CompoundTreatment",
    "off": 16995,
    "sff": "Compound"
  },
  {
    "docID": "N248 Imaizumi",
    "et": "CompoundTreatment",
    "off": 9475,
    "sff": "compound"
  },
  {
    "docID": "N248 Imaizumi",
    "et": "CompoundTreatment",
    "off": 9667,
    "sff": "compound"
  },
  {
    "docID": "N248 Imaizumi",
    "et": "SpinalCord",
    "off": 353,
    "sff": "spinal cord"
  },
  {
    "docID": "N248 Imaizumi",
    "et": "SpinalCord",
    "off": 13344,
    "sff": "spinal cord"
  },
  {
    "docID": "N248 Imaizumi",
    "et": "SpinalCord",
    "off": 18911,
    "sff": "spinal cord"
  },
  {
    "docID": "N248 Imaizumi",
    "et": "SpinalCord",
    "off": 5407,
    "sff": "spinal cord"
  },
  {
    "docID": "N248 Imaizumi",
    "et": "SpinalCord",
    "off": 15052,
    "sff": "spinal"
  },
  {
    "docID": "N248 Imaizumi",
    "et": "SpinalCord",
    "off": 8274,
    "sff": "spinal"
  },
  {
    "docID": "N248 Imaizumi",
    "et": "SpinalCord",
    "off": 10512,
    "sff": "spinal"
  },
  {
    "docID": "N248 Imaizumi",
    "et": "SpinalCord",
    "off": 21400,
    "sff": "spinal cord"
  },
  {
    "docID": "N248 Imaizumi",
    "et": "SpinalCord",
    "off": 26328,
    "sff": "spinal cord"
  },
  {
    "docID": "N248 Imaizumi",
    "et": "SpinalCord",
    "off": 16982,
    "sff": "spinal cord"
  },
  {
    "docID": "N248 Imaizumi",
    "et": "SpinalCord",
    "off": 3029,
    "sff": "spinal cord"
  },
  {
    "docID": "N248 Imaizumi",
    "et": "SpinalCord",
    "off": 13588,
    "sff": "spinal cord"
  },
  {
    "docID": "N248 Imaizumi",
    "et": "SpinalCord",
    "off": 22548,
    "sff": "spinal cord"
  },
  {
    "docID": "N248 Imaizumi",
    "et": "SpinalCord",
    "off": 25843,
    "sff": "spinal cord"
  },
  {
    "docID": "N248 Imaizumi",
    "et": "SpinalCord",
    "off": 21937,
    "sff": "spinal cord"
  },
  {
    "docID": "N248 Imaizumi",
    "et": "SpinalCord",
    "off": 16505,
    "sff": "spinal"
  },
  {
    "docID": "N248 Imaizumi",
    "et": "SpinalCord",
    "off": 29078,
    "sff": "Spinal"
  },
  {
    "docID": "N248 Imaizumi",
    "et": "SpinalCord",
    "off": 19647,
    "sff": "spinal"
  },
  {
    "docID": "N248 Imaizumi",
    "et": "SpinalCord",
    "off": 25324,
    "sff": "spinal cord"
  },
  {
    "docID": "N248 Imaizumi",
    "et": "SpinalCord",
    "off": 28394,
    "sff": "spinal cord"
  },
  {
    "docID": "N248 Imaizumi",
    "et": "SpinalCord",
    "off": 2278,
    "sff": "spinal cord"
  },
  {
    "docID": "N248 Imaizumi",
    "et": "SpinalCord",
    "off": 3302,
    "sff": "spinal cord"
  },
  {
    "docID": "N248 Imaizumi",
    "et": "SpinalCord",
    "off": 103,
    "sff": "spinal cord"
  },
  {
    "docID": "N248 Imaizumi",
    "et": "SpinalCord",
    "off": 20198,
    "sff": "spinal cord"
  },
  {
    "docID": "N248 Imaizumi",
    "et": "SpinalCord",
    "off": 7780,
    "sff": "spinal cord"
  },
  {
    "docID": "N248 Imaizumi",
    "et": "SpinalCord",
    "off": 15109,
    "sff": "spinal"
  },
  {
    "docID": "N248 Imaizumi",
    "et": "SpinalCord",
    "off": 1283,
    "sff": "spinal cord"
  },
  {
    "docID": "N248 Imaizumi",
    "et": "SpinalCord",
    "off": 2174,
    "sff": "spinal cord"
  },
  {
    "docID": "N248 Imaizumi",
    "et": "SpinalCord",
    "off": 13746,
    "sff": "spinal"
  },
  {
    "docID": "N248 Imaizumi",
    "et": "SpinalCord",
    "off": 28731,
    "sff": "Spinal cord"
  },
  {
    "docID": "N248 Imaizumi",
    "et": "SpinalCord",
    "off": 2416,
    "sff": "spinal"
  },
  {
    "docID": "N248 Imaizumi",
    "et": "SpinalCord",
    "off": 19705,
    "sff": "spinal cord"
  },
  {
    "docID": "N248 Imaizumi",
    "et": "SpinalCord",
    "off": 27257,
    "sff": "spinal cord"
  },
  {
    "docID": "N248 Imaizumi",
    "et": "SpinalCord",
    "off": 8497,
    "sff": "spinal"
  },
  {
    "docID": "N248 Imaizumi",
    "et": "SpinalCord",
    "off": 4663,
    "sff": "spinal cord"
  },
  {
    "docID": "N248 Imaizumi",
    "et": "SpinalCord",
    "off": 26678,
    "sff": "spinal cord"
  },
  {
    "docID": "N248 Imaizumi",
    "et": "SpinalCord",
    "off": 27126,
    "sff": "spinal cord"
  },
  {
    "docID": "N248 Imaizumi",
    "et": "SpinalCord",
    "off": 16628,
    "sff": "spinal"
  },
  {
    "docID": "N248 Imaizumi",
    "et": "SpinalCord",
    "off": 12827,
    "sff": "spinal"
  },
  {
    "docID": "N248 Imaizumi",
    "et": "SpinalCord",
    "off": 9820,
    "sff": "spinal"
  },
  {
    "docID": "N248 Imaizumi",
    "et": "SpinalCord",
    "off": 10716,
    "sff": "spinal"
  },
  {
    "docID": "N248 Imaizumi",
    "et": "SpinalCord",
    "off": 25611,
    "sff": "spinal cord"
  },
  {
    "docID": "N248 Imaizumi",
    "et": "SpinalCord",
    "off": 11975,
    "sff": "spinal cord"
  },
  {
    "docID": "N248 Imaizumi",
    "et": "LesionAdjacentTissue",
    "off": 8420,
    "sff": "lesion"
  },
  {
    "docID": "N248 Imaizumi",
    "et": "LesionAdjacentTissue",
    "off": 4263,
    "sff": "lesion"
  },
  {
    "docID": "N248 Imaizumi",
    "et": "LesionAdjacentTissue",
    "off": 11696,
    "sff": "lesion"
  },
  {
    "docID": "N248 Imaizumi",
    "et": "LesionAdjacentTissue",
    "off": 16112,
    "sff": "lesion"
  },
  {
    "docID": "N248 Imaizumi",
    "et": "LesionAdjacentTissue",
    "off": 11117,
    "sff": "lesion"
  },
  {
    "docID": "N248 Imaizumi",
    "et": "LesionAdjacentTissue",
    "off": 13613,
    "sff": "lesion"
  },
  {
    "docID": "N248 Imaizumi",
    "et": "LesionAdjacentTissue",
    "off": 15535,
    "sff": "adjacent"
  },
  {
    "docID": "N248 Imaizumi",
    "et": "LesionAdjacentTissue",
    "off": 9655,
    "sff": "lesion"
  },
  {
    "docID": "N248 Imaizumi",
    "et": "LesionAdjacentTissue",
    "off": 17654,
    "sff": "lesion"
  },
  {
    "docID": "N248 Imaizumi",
    "et": "LesionAdjacentTissue",
    "off": 9212,
    "sff": "lesion"
  },
  {
    "docID": "N248 Imaizumi",
    "et": "LesionAdjacentTissue",
    "off": 4219,
    "sff": "lesion"
  },
  {
    "docID": "N248 Imaizumi",
    "et": "LesionAdjacentTissue",
    "off": 15994,
    "sff": "lesion"
  },
  {
    "docID": "N248 Imaizumi",
    "et": "LesionAdjacentTissue",
    "off": 27577,
    "sff": "lesion"
  },
  {
    "docID": "N248 Imaizumi",
    "et": "LesionAdjacentTissue",
    "off": 5056,
    "sff": "lesion"
  },
  {
    "docID": "N248 Imaizumi",
    "et": "LesionAdjacentTissue",
    "off": 17278,
    "sff": "lesion"
  },
  {
    "docID": "N248 Imaizumi",
    "et": "LesionAdjacentTissue",
    "off": 26110,
    "sff": "lesion"
  },
  {
    "docID": "N248 Imaizumi",
    "et": "LesionAdjacentTissue",
    "off": 17475,
    "sff": "lesion"
  },
  {
    "docID": "N248 Imaizumi",
    "et": "LesionAdjacentTissue",
    "off": 18499,
    "sff": "lesion"
  },
  {
    "docID": "N248 Imaizumi",
    "et": "LesionAdjacentTissue",
    "off": 6017,
    "sff": "lesion"
  },
  {
    "docID": "N248 Imaizumi",
    "et": "LesionAdjacentTissue",
    "off": 20296,
    "sff": "lesion"
  },
  {
    "docID": "N248 Imaizumi",
    "et": "LesionAdjacentTissue",
    "off": 13511,
    "sff": "lesion"
  },
  {
    "docID": "N248 Imaizumi",
    "et": "LesionAdjacentTissue",
    "off": 645,
    "sff": "lesion"
  },
  {
    "docID": "N248 Imaizumi",
    "et": "LesionAdjacentTissue",
    "off": 9354,
    "sff": "lesion"
  },
  {
    "docID": "N248 Imaizumi",
    "et": "LesionAdjacentTissue",
    "off": 19213,
    "sff": "lesion"
  },
  {
    "docID": "N248 Imaizumi",
    "et": "LesionAdjacentTissue",
    "off": 20109,
    "sff": "lesion"
  },
  {
    "docID": "N248 Imaizumi",
    "et": "LesionAdjacentTissue",
    "off": 9106,
    "sff": "lesion"
  },
  {
    "docID": "N248 Imaizumi",
    "et": "LesionAdjacentTissue",
    "off": 7889,
    "sff": "lesion"
  },
  {
    "docID": "N248 Imaizumi",
    "et": "LesionAdjacentTissue",
    "off": 20369,
    "sff": "lesion"
  },
  {
    "docID": "N248 Imaizumi",
    "et": "LesionAdjacentTissue",
    "off": 9623,
    "sff": "lesion"
  },
  {
    "docID": "N248 Imaizumi",
    "et": "LesionAdjacentTissue",
    "off": 15643,
    "sff": "lesion"
  },
  {
    "docID": "N248 Imaizumi",
    "et": "LesionAdjacentTissue",
    "off": 4506,
    "sff": "lesion"
  },
  {
    "docID": "N248 Imaizumi",
    "et": "LesionAdjacentTissue",
    "off": 10074,
    "sff": "lesion"
  },
  {
    "docID": "N248 Imaizumi",
    "et": "LesionAdjacentTissue",
    "off": 12378,
    "sff": "lesion"
  },
  {
    "docID": "N248 Imaizumi",
    "et": "CentralNervousSystem",
    "off": 2692,
    "sff": "nervous"
  },
  {
    "docID": "N248 Imaizumi",
    "et": "CentralNervousSystem",
    "off": 2738,
    "sff": "central nervous"
  },
  {
    "docID": "N248 Imaizumi",
    "et": "CentralNervousSystem",
    "off": 2738,
    "sff": "central nervous system"
  },
  {
    "docID": "N248 Imaizumi",
    "et": "CentralNervousSystem",
    "off": 25640,
    "sff": "central"
  },
  {
    "docID": "N248 Imaizumi",
    "et": "CentralNervousSystem",
    "off": 2692,
    "sff": "nervous system"
  },
  {
    "docID": "N248 Imaizumi",
    "et": "OscillatingFieldStimulator",
    "off": 4454,
    "sff": "Field"
  },
  {
    "docID": "N248 Imaizumi",
    "et": "OscillatingFieldStimulator",
    "off": 8932,
    "sff": "field"
  },
  {
    "docID": "N248 Imaizumi",
    "et": "Location",
    "off": 27855,
    "sff": "location"
  },
  {
    "docID": "N248 Imaizumi",
    "et": "WistarRat",
    "off": 7798,
    "sff": "Wistar"
  },
  {
    "docID": "N248 Imaizumi",
    "et": "WistarRat",
    "off": 25202,
    "sff": "Wistar"
  },
  {
    "docID": "N248 Imaizumi",
    "et": "NuclearTransfection",
    "off": 14375,
    "sff": "nuclear"
  },
  {
    "docID": "N248 Imaizumi",
    "et": "NuclearTransfection",
    "off": 18658,
    "sff": "nuclear"
  },
  {
    "docID": "N248 Imaizumi",
    "et": "SpinalCentralPart",
    "off": 13588,
    "sff": "spinal"
  },
  {
    "docID": "N248 Imaizumi",
    "et": "SpinalCentralPart",
    "off": 22548,
    "sff": "spinal"
  },
  {
    "docID": "N248 Imaizumi",
    "et": "SpinalCentralPart",
    "off": 8274,
    "sff": "spinal"
  },
  {
    "docID": "N248 Imaizumi",
    "et": "SpinalCentralPart",
    "off": 16982,
    "sff": "spinal"
  },
  {
    "docID": "N248 Imaizumi",
    "et": "SpinalCentralPart",
    "off": 10512,
    "sff": "spinal"
  },
  {
    "docID": "N248 Imaizumi",
    "et": "SpinalCentralPart",
    "off": 3029,
    "sff": "spinal"
  },
  {
    "docID": "N248 Imaizumi",
    "et": "SpinalCentralPart",
    "off": 15052,
    "sff": "spinal"
  },
  {
    "docID": "N248 Imaizumi",
    "et": "SpinalCentralPart",
    "off": 29078,
    "sff": "Spinal"
  },
  {
    "docID": "N248 Imaizumi",
    "et": "SpinalCentralPart",
    "off": 25640,
    "sff": "central"
  },
  {
    "docID": "N248 Imaizumi",
    "et": "SpinalCentralPart",
    "off": 25611,
    "sff": "spinal"
  },
  {
    "docID": "N248 Imaizumi",
    "et": "SpinalCentralPart",
    "off": 2738,
    "sff": "central"
  },
  {
    "docID": "N248 Imaizumi",
    "et": "SpinalCentralPart",
    "off": 353,
    "sff": "spinal"
  },
  {
    "docID": "N248 Imaizumi",
    "et": "SpinalCentralPart",
    "off": 20198,
    "sff": "spinal"
  },
  {
    "docID": "N248 Imaizumi",
    "et": "SpinalCentralPart",
    "off": 103,
    "sff": "spinal"
  },
  {
    "docID": "N248 Imaizumi",
    "et": "SpinalCentralPart",
    "off": 13344,
    "sff": "spinal"
  },
  {
    "docID": "N248 Imaizumi",
    "et": "SpinalCentralPart",
    "off": 2278,
    "sff": "spinal"
  },
  {
    "docID": "N248 Imaizumi",
    "et": "SpinalCentralPart",
    "off": 3302,
    "sff": "spinal"
  },
  {
    "docID": "N248 Imaizumi",
    "et": "SpinalCentralPart",
    "off": 7780,
    "sff": "spinal"
  },
  {
    "docID": "N248 Imaizumi",
    "et": "SpinalCentralPart",
    "off": 10716,
    "sff": "spinal"
  },
  {
    "docID": "N248 Imaizumi",
    "et": "SpinalCentralPart",
    "off": 18911,
    "sff": "spinal"
  },
  {
    "docID": "N248 Imaizumi",
    "et": "SpinalCentralPart",
    "off": 5407,
    "sff": "spinal"
  },
  {
    "docID": "N248 Imaizumi",
    "et": "SpinalCentralPart",
    "off": 21400,
    "sff": "spinal"
  },
  {
    "docID": "N248 Imaizumi",
    "et": "SpinalCentralPart",
    "off": 26328,
    "sff": "spinal"
  },
  {
    "docID": "N248 Imaizumi",
    "et": "SpinalCentralPart",
    "off": 9820,
    "sff": "spinal"
  },
  {
    "docID": "N248 Imaizumi",
    "et": "SpinalCentralPart",
    "off": 12827,
    "sff": "spinal"
  },
  {
    "docID": "N248 Imaizumi",
    "et": "SpinalCentralPart",
    "off": 16628,
    "sff": "spinal"
  },
  {
    "docID": "N248 Imaizumi",
    "et": "SpinalCentralPart",
    "off": 8497,
    "sff": "spinal"
  },
  {
    "docID": "N248 Imaizumi",
    "et": "SpinalCentralPart",
    "off": 26678,
    "sff": "spinal"
  },
  {
    "docID": "N248 Imaizumi",
    "et": "SpinalCentralPart",
    "off": 27126,
    "sff": "spinal"
  },
  {
    "docID": "N248 Imaizumi",
    "et": "SpinalCentralPart",
    "off": 2416,
    "sff": "spinal"
  },
  {
    "docID": "N248 Imaizumi",
    "et": "SpinalCentralPart",
    "off": 4663,
    "sff": "spinal"
  },
  {
    "docID": "N248 Imaizumi",
    "et": "SpinalCentralPart",
    "off": 21937,
    "sff": "spinal"
  },
  {
    "docID": "N248 Imaizumi",
    "et": "SpinalCentralPart",
    "off": 13746,
    "sff": "spinal"
  },
  {
    "docID": "N248 Imaizumi",
    "et": "SpinalCentralPart",
    "off": 25843,
    "sff": "spinal"
  },
  {
    "docID": "N248 Imaizumi",
    "et": "SpinalCentralPart",
    "off": 25324,
    "sff": "spinal"
  },
  {
    "docID": "N248 Imaizumi",
    "et": "SpinalCentralPart",
    "off": 28394,
    "sff": "spinal"
  },
  {
    "docID": "N248 Imaizumi",
    "et": "SpinalCentralPart",
    "off": 1283,
    "sff": "spinal"
  },
  {
    "docID": "N248 Imaizumi",
    "et": "SpinalCentralPart",
    "off": 15109,
    "sff": "spinal"
  },
  {
    "docID": "N248 Imaizumi",
    "et": "SpinalCentralPart",
    "off": 11975,
    "sff": "spinal"
  },
  {
    "docID": "N248 Imaizumi",
    "et": "SpinalCentralPart",
    "off": 28731,
    "sff": "Spinal"
  },
  {
    "docID": "N248 Imaizumi",
    "et": "SpinalCentralPart",
    "off": 19647,
    "sff": "spinal"
  },
  {
    "docID": "N248 Imaizumi",
    "et": "SpinalCentralPart",
    "off": 2174,
    "sff": "spinal"
  },
  {
    "docID": "N248 Imaizumi",
    "et": "SpinalCentralPart",
    "off": 16505,
    "sff": "spinal"
  },
  {
    "docID": "N248 Imaizumi",
    "et": "SpinalCentralPart",
    "off": 19705,
    "sff": "spinal"
  },
  {
    "docID": "N248 Imaizumi",
    "et": "SpinalCentralPart",
    "off": 27257,
    "sff": "spinal"
  },
  {
    "docID": "N248 Imaizumi",
    "et": "AnatomicalLocation",
    "off": 8459,
    "sff": "anatomical"
  },
  {
    "docID": "N248 Imaizumi",
    "et": "AnatomicalLocation",
    "off": 19467,
    "sff": "anatomical"
  },
  {
    "docID": "N248 Imaizumi",
    "et": "GuineaPigSpecies",
    "off": 19574,
    "sff": "pig"
  },
  {
    "docID": "N248 Imaizumi",
    "et": "GuineaPigSpecies",
    "off": 565,
    "sff": "pig"
  },
  {
    "docID": "N248 Imaizumi",
    "et": "GuineaPigSpecies",
    "off": 9906,
    "sff": "pig"
  },
  {
    "docID": "N248 Imaizumi",
    "et": "GuineaPigSpecies",
    "off": 25906,
    "sff": "pig"
  },
  {
    "docID": "N248 Imaizumi",
    "et": "GuineaPigSpecies",
    "off": 5678,
    "sff": "pig"
  },
  {
    "docID": "N248 Imaizumi",
    "et": "GuineaPigSpecies",
    "off": 9421,
    "sff": "pig"
  },
  {
    "docID": "N248 Imaizumi",
    "et": "GuineaPigSpecies",
    "off": 3183,
    "sff": "pig"
  },
  {
    "docID": "N248 Imaizumi",
    "et": "GuineaPigSpecies",
    "off": 15791,
    "sff": "pig"
  },
  {
    "docID": "N248 Imaizumi",
    "et": "GuineaPigSpecies",
    "off": 1386,
    "sff": "pig"
  },
  {
    "docID": "N248 Imaizumi",
    "et": "GuineaPigSpecies",
    "off": 1865,
    "sff": "pig"
  },
  {
    "docID": "N248 Imaizumi",
    "et": "GuineaPigSpecies",
    "off": 14603,
    "sff": "pig"
  },
  {
    "docID": "N248 Imaizumi",
    "et": "GuineaPigSpecies",
    "off": 14248,
    "sff": "pig"
  },
  {
    "docID": "N248 Imaizumi",
    "et": "GuineaPigSpecies",
    "off": 16872,
    "sff": "pig"
  },
  {
    "docID": "N248 Imaizumi",
    "et": "GuineaPigSpecies",
    "off": 1575,
    "sff": "pig"
  },
  {
    "docID": "N248 Imaizumi",
    "et": "GuineaPigSpecies",
    "off": 18439,
    "sff": "pig"
  },
  {
    "docID": "N248 Imaizumi",
    "et": "GuineaPigSpecies",
    "off": 21639,
    "sff": "pig"
  },
  {
    "docID": "N248 Imaizumi",
    "et": "GuineaPigSpecies",
    "off": 15844,
    "sff": "pig"
  },
  {
    "docID": "N248 Imaizumi",
    "et": "GuineaPigSpecies",
    "off": 35,
    "sff": "pig"
  },
  {
    "docID": "N248 Imaizumi",
    "et": "GuineaPigSpecies",
    "off": 7299,
    "sff": "pig"
  },
  {
    "docID": "N248 Imaizumi",
    "et": "GuineaPigSpecies",
    "off": 5375,
    "sff": "pig"
  },
  {
    "docID": "N248 Imaizumi",
    "et": "Ketamine",
    "off": 25244,
    "sff": "ketamine"
  },
  {
    "docID": "N248 Imaizumi",
    "et": "AscendingFiberTract",
    "off": 8750,
    "sff": "ascending"
  },
  {
    "docID": "N248 Imaizumi",
    "et": "AscendingFiberTract",
    "off": 6100,
    "sff": "ascending"
  },
  {
    "docID": "N248 Imaizumi",
    "et": "SpinalWhiteMatter",
    "off": 10512,
    "sff": "spinal"
  },
  {
    "docID": "N248 Imaizumi",
    "et": "SpinalWhiteMatter",
    "off": 25611,
    "sff": "spinal"
  },
  {
    "docID": "N248 Imaizumi",
    "et": "SpinalWhiteMatter",
    "off": 15052,
    "sff": "spinal"
  },
  {
    "docID": "N248 Imaizumi",
    "et": "SpinalWhiteMatter",
    "off": 16982,
    "sff": "spinal"
  },
  {
    "docID": "N248 Imaizumi",
    "et": "SpinalWhiteMatter",
    "off": 21400,
    "sff": "spinal"
  },
  {
    "docID": "N248 Imaizumi",
    "et": "SpinalWhiteMatter",
    "off": 26328,
    "sff": "spinal"
  },
  {
    "docID": "N248 Imaizumi",
    "et": "SpinalWhiteMatter",
    "off": 8274,
    "sff": "spinal"
  },
  {
    "docID": "N248 Imaizumi",
    "et": "SpinalWhiteMatter",
    "off": 13588,
    "sff": "spinal"
  },
  {
    "docID": "N248 Imaizumi",
    "et": "SpinalWhiteMatter",
    "off": 22548,
    "sff": "spinal"
  },
  {
    "docID": "N248 Imaizumi",
    "et": "SpinalWhiteMatter",
    "off": 28731,
    "sff": "Spinal"
  },
  {
    "docID": "N248 Imaizumi",
    "et": "SpinalWhiteMatter",
    "off": 3029,
    "sff": "spinal"
  },
  {
    "docID": "N248 Imaizumi",
    "et": "SpinalWhiteMatter",
    "off": 5407,
    "sff": "spinal"
  },
  {
    "docID": "N248 Imaizumi",
    "et": "SpinalWhiteMatter",
    "off": 18911,
    "sff": "spinal"
  },
  {
    "docID": "N248 Imaizumi",
    "et": "SpinalWhiteMatter",
    "off": 13344,
    "sff": "spinal"
  },
  {
    "docID": "N248 Imaizumi",
    "et": "SpinalWhiteMatter",
    "off": 353,
    "sff": "spinal"
  },
  {
    "docID": "N248 Imaizumi",
    "et": "SpinalWhiteMatter",
    "off": 12827,
    "sff": "spinal"
  },
  {
    "docID": "N248 Imaizumi",
    "et": "SpinalWhiteMatter",
    "off": 9820,
    "sff": "spinal"
  },
  {
    "docID": "N248 Imaizumi",
    "et": "SpinalWhiteMatter",
    "off": 10716,
    "sff": "spinal"
  },
  {
    "docID": "N248 Imaizumi",
    "et": "SpinalWhiteMatter",
    "off": 2278,
    "sff": "spinal"
  },
  {
    "docID": "N248 Imaizumi",
    "et": "SpinalWhiteMatter",
    "off": 3302,
    "sff": "spinal"
  },
  {
    "docID": "N248 Imaizumi",
    "et": "SpinalWhiteMatter",
    "off": 20198,
    "sff": "spinal"
  },
  {
    "docID": "N248 Imaizumi",
    "et": "SpinalWhiteMatter",
    "off": 103,
    "sff": "spinal"
  },
  {
    "docID": "N248 Imaizumi",
    "et": "SpinalWhiteMatter",
    "off": 7780,
    "sff": "spinal"
  },
  {
    "docID": "N248 Imaizumi",
    "et": "SpinalWhiteMatter",
    "off": 2416,
    "sff": "spinal"
  },
  {
    "docID": "N248 Imaizumi",
    "et": "SpinalWhiteMatter",
    "off": 8497,
    "sff": "spinal"
  },
  {
    "docID": "N248 Imaizumi",
    "et": "SpinalWhiteMatter",
    "off": 21937,
    "sff": "spinal"
  },
  {
    "docID": "N248 Imaizumi",
    "et": "SpinalWhiteMatter",
    "off": 28394,
    "sff": "spinal"
  },
  {
    "docID": "N248 Imaizumi",
    "et": "SpinalWhiteMatter",
    "off": 25324,
    "sff": "spinal"
  },
  {
    "docID": "N248 Imaizumi",
    "et": "SpinalWhiteMatter",
    "off": 26678,
    "sff": "spinal"
  },
  {
    "docID": "N248 Imaizumi",
    "et": "SpinalWhiteMatter",
    "off": 27126,
    "sff": "spinal"
  },
  {
    "docID": "N248 Imaizumi",
    "et": "SpinalWhiteMatter",
    "off": 4663,
    "sff": "spinal"
  },
  {
    "docID": "N248 Imaizumi",
    "et": "SpinalWhiteMatter",
    "off": 16505,
    "sff": "spinal"
  },
  {
    "docID": "N248 Imaizumi",
    "et": "SpinalWhiteMatter",
    "off": 19705,
    "sff": "spinal"
  },
  {
    "docID": "N248 Imaizumi",
    "et": "SpinalWhiteMatter",
    "off": 27257,
    "sff": "spinal"
  },
  {
    "docID": "N248 Imaizumi",
    "et": "SpinalWhiteMatter",
    "off": 13746,
    "sff": "spinal"
  },
  {
    "docID": "N248 Imaizumi",
    "et": "SpinalWhiteMatter",
    "off": 25843,
    "sff": "spinal"
  },
  {
    "docID": "N248 Imaizumi",
    "et": "SpinalWhiteMatter",
    "off": 16628,
    "sff": "spinal"
  },
  {
    "docID": "N248 Imaizumi",
    "et": "SpinalWhiteMatter",
    "off": 2174,
    "sff": "spinal"
  },
  {
    "docID": "N248 Imaizumi",
    "et": "SpinalWhiteMatter",
    "off": 19647,
    "sff": "spinal"
  },
  {
    "docID": "N248 Imaizumi",
    "et": "SpinalWhiteMatter",
    "off": 29078,
    "sff": "Spinal"
  },
  {
    "docID": "N248 Imaizumi",
    "et": "SpinalWhiteMatter",
    "off": 11975,
    "sff": "spinal"
  },
  {
    "docID": "N248 Imaizumi",
    "et": "SpinalWhiteMatter",
    "off": 1283,
    "sff": "spinal"
  },
  {
    "docID": "N248 Imaizumi",
    "et": "SpinalWhiteMatter",
    "off": 15109,
    "sff": "spinal"
  },
  {
    "docID": "N248 Imaizumi",
    "et": "Electrodes",
    "off": 4077,
    "sff": "electrodes"
  },
  {
    "docID": "N248 Imaizumi",
    "et": "Electrodes",
    "off": 4053,
    "sff": "electrodes"
  },
  {
    "docID": "N248 Imaizumi",
    "et": "Antibody",
    "off": 24388,
    "sff": "antibody"
  },
  {
    "docID": "N248 Imaizumi",
    "et": "Antibody",
    "off": 24485,
    "sff": "antibody"
  },
  {
    "docID": "N248 Imaizumi",
    "et": "Antibody",
    "off": 25047,
    "sff": "antibody"
  },
  {
    "docID": "N248 Imaizumi",
    "et": "Antibody",
    "off": 1704,
    "sff": "antibody"
  },
  {
    "docID": "N248 Imaizumi",
    "et": "Antibody",
    "off": 6795,
    "sff": "antibody"
  },
  {
    "docID": "N248 Imaizumi",
    "et": "Antibody",
    "off": 3774,
    "sff": "antibody"
  },
  {
    "docID": "N248 Imaizumi",
    "et": "Antibody",
    "off": 24657,
    "sff": "antibody"
  },
  {
    "docID": "N248 Imaizumi",
    "et": "UmbilicalCordBloodStemCell",
    "off": 3036,
    "sff": "cord"
  },
  {
    "docID": "N248 Imaizumi",
    "et": "UmbilicalCordBloodStemCell",
    "off": 11675,
    "sff": "cord"
  },
  {
    "docID": "N248 Imaizumi",
    "et": "UmbilicalCordBloodStemCell",
    "off": 13595,
    "sff": "cord"
  },
  {
    "docID": "N248 Imaizumi",
    "et": "UmbilicalCordBloodStemCell",
    "off": 22555,
    "sff": "cord"
  },
  {
    "docID": "N248 Imaizumi",
    "et": "UmbilicalCordBloodStemCell",
    "off": 16989,
    "sff": "cord"
  },
  {
    "docID": "N248 Imaizumi",
    "et": "UmbilicalCordBloodStemCell",
    "off": 21407,
    "sff": "cord"
  },
  {
    "docID": "N248 Imaizumi",
    "et": "UmbilicalCordBloodStemCell",
    "off": 26335,
    "sff": "cord"
  },
  {
    "docID": "N248 Imaizumi",
    "et": "UmbilicalCordBloodStemCell",
    "off": 25618,
    "sff": "cord"
  },
  {
    "docID": "N248 Imaizumi",
    "et": "UmbilicalCordBloodStemCell",
    "off": 7787,
    "sff": "cord"
  },
  {
    "docID": "N248 Imaizumi",
    "et": "UmbilicalCordBloodStemCell",
    "off": 110,
    "sff": "cord"
  },
  {
    "docID": "N248 Imaizumi",
    "et": "UmbilicalCordBloodStemCell",
    "off": 2285,
    "sff": "cord"
  },
  {
    "docID": "N248 Imaizumi",
    "et": "UmbilicalCordBloodStemCell",
    "off": 3309,
    "sff": "cord"
  },
  {
    "docID": "N248 Imaizumi",
    "et": "UmbilicalCordBloodStemCell",
    "off": 20205,
    "sff": "cord"
  },
  {
    "docID": "N248 Imaizumi",
    "et": "UmbilicalCordBloodStemCell",
    "off": 5414,
    "sff": "cord"
  },
  {
    "docID": "N248 Imaizumi",
    "et": "UmbilicalCordBloodStemCell",
    "off": 18918,
    "sff": "cord"
  },
  {
    "docID": "N248 Imaizumi",
    "et": "UmbilicalCordBloodStemCell",
    "off": 360,
    "sff": "cord"
  },
  {
    "docID": "N248 Imaizumi",
    "et": "UmbilicalCordBloodStemCell",
    "off": 13351,
    "sff": "cord"
  },
  {
    "docID": "N248 Imaizumi",
    "et": "UmbilicalCordBloodStemCell",
    "off": 25850,
    "sff": "cord"
  },
  {
    "docID": "N248 Imaizumi",
    "et": "UmbilicalCordBloodStemCell",
    "off": 4670,
    "sff": "cord"
  },
  {
    "docID": "N248 Imaizumi",
    "et": "UmbilicalCordBloodStemCell",
    "off": 26685,
    "sff": "cord"
  },
  {
    "docID": "N248 Imaizumi",
    "et": "UmbilicalCordBloodStemCell",
    "off": 27133,
    "sff": "cord"
  },
  {
    "docID": "N248 Imaizumi",
    "et": "UmbilicalCordBloodStemCell",
    "off": 19712,
    "sff": "cord"
  },
  {
    "docID": "N248 Imaizumi",
    "et": "UmbilicalCordBloodStemCell",
    "off": 27264,
    "sff": "cord"
  },
  {
    "docID": "N248 Imaizumi",
    "et": "UmbilicalCordBloodStemCell",
    "off": 28401,
    "sff": "cord"
  },
  {
    "docID": "N248 Imaizumi",
    "et": "UmbilicalCordBloodStemCell",
    "off": 25331,
    "sff": "cord"
  },
  {
    "docID": "N248 Imaizumi",
    "et": "UmbilicalCordBloodStemCell",
    "off": 21944,
    "sff": "cord"
  },
  {
    "docID": "N248 Imaizumi",
    "et": "UmbilicalCordBloodStemCell",
    "off": 1290,
    "sff": "cord"
  },
  {
    "docID": "N248 Imaizumi",
    "et": "UmbilicalCordBloodStemCell",
    "off": 13449,
    "sff": "cord"
  },
  {
    "docID": "N248 Imaizumi",
    "et": "UmbilicalCordBloodStemCell",
    "off": 11982,
    "sff": "cord"
  },
  {
    "docID": "N248 Imaizumi",
    "et": "UmbilicalCordBloodStemCell",
    "off": 28738,
    "sff": "cord"
  },
  {
    "docID": "N248 Imaizumi",
    "et": "UmbilicalCordBloodStemCell",
    "off": 2181,
    "sff": "cord"
  },
  {
    "docID": "N248 Imaizumi",
    "et": "CompoundSupplier",
    "off": 27671,
    "sff": "compound"
  },
  {
    "docID": "N248 Imaizumi",
    "et": "CompoundSupplier",
    "off": 16995,
    "sff": "Compound"
  },
  {
    "docID": "N248 Imaizumi",
    "et": "CompoundSupplier",
    "off": 11023,
    "sff": "compound"
  },
  {
    "docID": "N248 Imaizumi",
    "et": "CompoundSupplier",
    "off": 12239,
    "sff": "compound"
  },
  {
    "docID": "N248 Imaizumi",
    "et": "CompoundSupplier",
    "off": 10837,
    "sff": "compound"
  },
  {
    "docID": "N248 Imaizumi",
    "et": "CompoundSupplier",
    "off": 9475,
    "sff": "compound"
  },
  {
    "docID": "N248 Imaizumi",
    "et": "CompoundSupplier",
    "off": 9667,
    "sff": "compound"
  },
  {
    "docID": "N248 Imaizumi",
    "et": "TailVeinLocation",
    "off": 25648,
    "sff": "vein"
  },
  {
    "docID": "N248 Imaizumi",
    "et": "Protein",
    "off": 2047,
    "sff": "protein"
  },
  {
    "docID": "N248 Imaizumi",
    "et": "Protein",
    "off": 285,
    "sff": "protein"
  },
  {
    "docID": "N248 Imaizumi",
    "et": "Protein",
    "off": 1916,
    "sff": "protein"
  },
  {
    "docID": "N248 Imaizumi",
    "et": "GlialCell",
    "off": 20619,
    "sff": "glial"
  },
  {
    "docID": "N248 Imaizumi",
    "et": "ImmuneCell",
    "off": 22620,
    "sff": "immune"
  },
  {
    "docID": "N248 Imaizumi",
    "et": "SpinalGrayMatter",
    "off": 25843,
    "sff": "spinal"
  },
  {
    "docID": "N248 Imaizumi",
    "et": "SpinalGrayMatter",
    "off": 13746,
    "sff": "spinal"
  },
  {
    "docID": "N248 Imaizumi",
    "et": "SpinalGrayMatter",
    "off": 16628,
    "sff": "spinal"
  },
  {
    "docID": "N248 Imaizumi",
    "et": "SpinalGrayMatter",
    "off": 8497,
    "sff": "spinal"
  },
  {
    "docID": "N248 Imaizumi",
    "et": "SpinalGrayMatter",
    "off": 21937,
    "sff": "spinal"
  },
  {
    "docID": "N248 Imaizumi",
    "et": "SpinalGrayMatter",
    "off": 2416,
    "sff": "spinal"
  },
  {
    "docID": "N248 Imaizumi",
    "et": "SpinalGrayMatter",
    "off": 4663,
    "sff": "spinal"
  },
  {
    "docID": "N248 Imaizumi",
    "et": "SpinalGrayMatter",
    "off": 26678,
    "sff": "spinal"
  },
  {
    "docID": "N248 Imaizumi",
    "et": "SpinalGrayMatter",
    "off": 27126,
    "sff": "spinal"
  },
  {
    "docID": "N248 Imaizumi",
    "et": "SpinalGrayMatter",
    "off": 28731,
    "sff": "Spinal"
  },
  {
    "docID": "N248 Imaizumi",
    "et": "SpinalGrayMatter",
    "off": 16505,
    "sff": "spinal"
  },
  {
    "docID": "N248 Imaizumi",
    "et": "SpinalGrayMatter",
    "off": 19705,
    "sff": "spinal"
  },
  {
    "docID": "N248 Imaizumi",
    "et": "SpinalGrayMatter",
    "off": 27257,
    "sff": "spinal"
  },
  {
    "docID": "N248 Imaizumi",
    "et": "SpinalGrayMatter",
    "off": 7780,
    "sff": "spinal"
  },
  {
    "docID": "N248 Imaizumi",
    "et": "SpinalGrayMatter",
    "off": 5407,
    "sff": "spinal"
  },
  {
    "docID": "N248 Imaizumi",
    "et": "SpinalGrayMatter",
    "off": 18911,
    "sff": "spinal"
  },
  {
    "docID": "N248 Imaizumi",
    "et": "SpinalGrayMatter",
    "off": 353,
    "sff": "spinal"
  },
  {
    "docID": "N248 Imaizumi",
    "et": "SpinalGrayMatter",
    "off": 13344,
    "sff": "spinal"
  },
  {
    "docID": "N248 Imaizumi",
    "et": "SpinalGrayMatter",
    "off": 28394,
    "sff": "spinal"
  },
  {
    "docID": "N248 Imaizumi",
    "et": "SpinalGrayMatter",
    "off": 25324,
    "sff": "spinal"
  },
  {
    "docID": "N248 Imaizumi",
    "et": "SpinalGrayMatter",
    "off": 103,
    "sff": "spinal"
  },
  {
    "docID": "N248 Imaizumi",
    "et": "SpinalGrayMatter",
    "off": 2278,
    "sff": "spinal"
  },
  {
    "docID": "N248 Imaizumi",
    "et": "SpinalGrayMatter",
    "off": 3302,
    "sff": "spinal"
  },
  {
    "docID": "N248 Imaizumi",
    "et": "SpinalGrayMatter",
    "off": 20198,
    "sff": "spinal"
  },
  {
    "docID": "N248 Imaizumi",
    "et": "SpinalGrayMatter",
    "off": 8274,
    "sff": "spinal"
  },
  {
    "docID": "N248 Imaizumi",
    "et": "SpinalGrayMatter",
    "off": 3029,
    "sff": "spinal"
  },
  {
    "docID": "N248 Imaizumi",
    "et": "SpinalGrayMatter",
    "off": 13588,
    "sff": "spinal"
  },
  {
    "docID": "N248 Imaizumi",
    "et": "SpinalGrayMatter",
    "off": 22548,
    "sff": "spinal"
  },
  {
    "docID": "N248 Imaizumi",
    "et": "SpinalGrayMatter",
    "off": 10512,
    "sff": "spinal"
  },
  {
    "docID": "N248 Imaizumi",
    "et": "SpinalGrayMatter",
    "off": 12827,
    "sff": "spinal"
  },
  {
    "docID": "N248 Imaizumi",
    "et": "SpinalGrayMatter",
    "off": 29078,
    "sff": "Spinal"
  },
  {
    "docID": "N248 Imaizumi",
    "et": "SpinalGrayMatter",
    "off": 9820,
    "sff": "spinal"
  },
  {
    "docID": "N248 Imaizumi",
    "et": "SpinalGrayMatter",
    "off": 10716,
    "sff": "spinal"
  },
  {
    "docID": "N248 Imaizumi",
    "et": "SpinalGrayMatter",
    "off": 16982,
    "sff": "spinal"
  },
  {
    "docID": "N248 Imaizumi",
    "et": "SpinalGrayMatter",
    "off": 21400,
    "sff": "spinal"
  },
  {
    "docID": "N248 Imaizumi",
    "et": "SpinalGrayMatter",
    "off": 26328,
    "sff": "spinal"
  },
  {
    "docID": "N248 Imaizumi",
    "et": "SpinalGrayMatter",
    "off": 1283,
    "sff": "spinal"
  },
  {
    "docID": "N248 Imaizumi",
    "et": "SpinalGrayMatter",
    "off": 15109,
    "sff": "spinal"
  },
  {
    "docID": "N248 Imaizumi",
    "et": "SpinalGrayMatter",
    "off": 19647,
    "sff": "spinal"
  },
  {
    "docID": "N248 Imaizumi",
    "et": "SpinalGrayMatter",
    "off": 2174,
    "sff": "spinal"
  },
  {
    "docID": "N248 Imaizumi",
    "et": "SpinalGrayMatter",
    "off": 25611,
    "sff": "spinal"
  },
  {
    "docID": "N248 Imaizumi",
    "et": "SpinalGrayMatter",
    "off": 15052,
    "sff": "spinal"
  },
  {
    "docID": "N248 Imaizumi",
    "et": "SpinalGrayMatter",
    "off": 11975,
    "sff": "spinal"
  },
  {
    "docID": "N248 Imaizumi",
    "et": "CephalicVeinLocation",
    "off": 25648,
    "sff": "vein"
  },
  {
    "docID": "N248 Imaizumi",
    "et": "RatSpecies",
    "off": 2294,
    "sff": "rat"
  },
  {
    "docID": "N248 Imaizumi",
    "et": "RatSpecies",
    "off": 3350,
    "sff": "rat"
  },
  {
    "docID": "N248 Imaizumi",
    "et": "RatSpecies",
    "off": 28324,
    "sff": "rat"
  },
  {
    "docID": "N248 Imaizumi",
    "et": "RatSpecies",
    "off": 389,
    "sff": "rat"
  },
  {
    "docID": "N248 Imaizumi",
    "et": "RatSpecies",
    "off": 16501,
    "sff": "rat"
  },
  {
    "docID": "N248 Imaizumi",
    "et": "RatSpecies",
    "off": 2170,
    "sff": "rat"
  },
  {
    "docID": "N248 Imaizumi",
    "et": "RatSpecies",
    "off": 17784,
    "sff": "rat"
  },
  {
    "docID": "N248 Imaizumi",
    "et": "RatSpecies",
    "off": 99,
    "sff": "rat"
  },
  {
    "docID": "N248 Imaizumi",
    "et": "RatSpecies",
    "off": 16624,
    "sff": "rat"
  },
  {
    "docID": "N248 Imaizumi",
    "et": "VertebralArea",
    "off": 26454,
    "sff": "vertebral"
  },
  {
    "docID": "N248 Imaizumi",
    "et": "VertebralArea",
    "off": 25365,
    "sff": "vertebral"
  },
  {
    "docID": "N248 Imaizumi",
    "et": "Caudal",
    "off": 29217,
    "sff": "caudal"
  },
  {
    "docID": "N248 Imaizumi",
    "et": "Caudal",
    "off": 26096,
    "sff": "caudal"
  },
  {
    "docID": "N248 Imaizumi",
    "et": "Caudal",
    "off": 4109,
    "sff": "caudal"
  },
  {
    "docID": "N248 Imaizumi",
    "et": "Caudal",
    "off": 27350,
    "sff": "caudal"
  },
  {
    "docID": "N248 Imaizumi",
    "et": "Caudal",
    "off": 8707,
    "sff": "caudal"
  },
  {
    "docID": "N248 Imaizumi",
    "et": "VertebralSegment",
    "off": 25365,
    "sff": "vertebral"
  },
  {
    "docID": "N248 Imaizumi",
    "et": "VertebralSegment",
    "off": 26454,
    "sff": "vertebral"
  },
  {
    "docID": "N248 Imaizumi",
    "et": "L1",
    "off": 26712,
    "sff": "L1"
  },
  {
    "docID": "N248 Imaizumi",
    "et": "L2",
    "off": 26503,
    "sff": "L2"
  },
  {
    "docID": "N248 Imaizumi",
    "et": "SchwannCell",
    "off": 10971,
    "sff": "Schwann"
  },
  {
    "docID": "N248 Imaizumi",
    "et": "SchwannCell",
    "off": 7512,
    "sff": "Schwann"
  },
  {
    "docID": "N248 Imaizumi",
    "et": "SchwannCell",
    "off": 10199,
    "sff": "Schwann"
  },
  {
    "docID": "N248 Imaizumi",
    "et": "SchwannCell",
    "off": 3536,
    "sff": "Schwann"
  },
  {
    "docID": "N248 Imaizumi",
    "et": "SchwannCell",
    "off": 20816,
    "sff": "Schwann"
  },
  {
    "docID": "N248 Imaizumi",
    "et": "SchwannCell",
    "off": 5938,
    "sff": "Schwann cell"
  },
  {
    "docID": "N248 Imaizumi",
    "et": "SchwannCell",
    "off": 7241,
    "sff": "Schwann"
  },
  {
    "docID": "N248 Imaizumi",
    "et": "SchwannCell",
    "off": 2884,
    "sff": "Schwann"
  },
  {
    "docID": "N248 Imaizumi",
    "et": "SchwannCell",
    "off": 199,
    "sff": "Schwann"
  },
  {
    "docID": "N248 Imaizumi",
    "et": "SchwannCell",
    "off": 577,
    "sff": "Schwann"
  },
  {
    "docID": "N248 Imaizumi",
    "et": "SchwannCell",
    "off": 9918,
    "sff": "Schwann"
  },
  {
    "docID": "N248 Imaizumi",
    "et": "SchwannCell",
    "off": 25916,
    "sff": "Schwann"
  },
  {
    "docID": "N248 Imaizumi",
    "et": "SchwannCell",
    "off": 15803,
    "sff": "Schwann"
  },
  {
    "docID": "N248 Imaizumi",
    "et": "SchwannCell",
    "off": 13112,
    "sff": "Schwann"
  },
  {
    "docID": "N248 Imaizumi",
    "et": "SchwannCell",
    "off": 5690,
    "sff": "Schwann"
  },
  {
    "docID": "N248 Imaizumi",
    "et": "SchwannCell",
    "off": 14260,
    "sff": "Schwann"
  },
  {
    "docID": "N248 Imaizumi",
    "et": "SchwannCell",
    "off": 2097,
    "sff": "Schwann"
  },
  {
    "docID": "N248 Imaizumi",
    "et": "SchwannCell",
    "off": 22701,
    "sff": "Schwann"
  },
  {
    "docID": "N248 Imaizumi",
    "et": "SchwannCell",
    "off": 10409,
    "sff": "Schwann"
  },
  {
    "docID": "N248 Imaizumi",
    "et": "SchwannCell",
    "off": 12321,
    "sff": "Schwann"
  },
  {
    "docID": "N248 Imaizumi",
    "et": "SchwannCell",
    "off": 20255,
    "sff": "Schwann"
  },
  {
    "docID": "N248 Imaizumi",
    "et": "SchwannCell",
    "off": 15554,
    "sff": "Schwann cell"
  },
  {
    "docID": "N248 Imaizumi",
    "et": "SchwannCell",
    "off": 2806,
    "sff": "Schwann cell"
  },
  {
    "docID": "N248 Imaizumi",
    "et": "SchwannCell",
    "off": 11160,
    "sff": "Schwann"
  },
  {
    "docID": "N248 Imaizumi",
    "et": "SchwannCell",
    "off": 21652,
    "sff": "Schwann"
  },
  {
    "docID": "N248 Imaizumi",
    "et": "SchwannCell",
    "off": 8085,
    "sff": "Schwann"
  },
  {
    "docID": "N248 Imaizumi",
    "et": "SchwannCell",
    "off": 18451,
    "sff": "Schwann"
  },
  {
    "docID": "N248 Imaizumi",
    "et": "SchwannCell",
    "off": 11408,
    "sff": "Schwann"
  },
  {
    "docID": "N248 Imaizumi",
    "et": "SchwannCell",
    "off": 6255,
    "sff": "Schwann cell"
  },
  {
    "docID": "N248 Imaizumi",
    "et": "SchwannCell",
    "off": 19060,
    "sff": "Schwann cell"
  },
  {
    "docID": "N248 Imaizumi",
    "et": "SchwannCell",
    "off": 26127,
    "sff": "Schwann"
  },
  {
    "docID": "N248 Imaizumi",
    "et": "SchwannCell",
    "off": 21106,
    "sff": "Schwann cell"
  },
  {
    "docID": "N248 Imaizumi",
    "et": "SchwannCell",
    "off": 20874,
    "sff": "Schwann"
  },
  {
    "docID": "N248 Imaizumi",
    "et": "SchwannCell",
    "off": 18566,
    "sff": "Schwann"
  },
  {
    "docID": "N248 Imaizumi",
    "et": "SchwannCell",
    "off": 28164,
    "sff": "Schwann"
  },
  {
    "docID": "N248 Imaizumi",
    "et": "SchwannCell",
    "off": 4992,
    "sff": "Schwann"
  },
  {
    "docID": "N248 Imaizumi",
    "et": "SchwannCell",
    "off": 14945,
    "sff": "Schwann cell"
  },
  {
    "docID": "N248 Imaizumi",
    "et": "SchwannCell",
    "off": 27900,
    "sff": "Schwann"
  },
  {
    "docID": "N248 Imaizumi",
    "et": "SchwannCell",
    "off": 6654,
    "sff": "Schwann"
  },
  {
    "docID": "N248 Imaizumi",
    "et": "SchwannCell",
    "off": 10618,
    "sff": "Schwann"
  },
  {
    "docID": "N248 Imaizumi",
    "et": "SchwannCell",
    "off": 14615,
    "sff": "Schwann cell"
  },
  {
    "docID": "N248 Imaizumi",
    "et": "SchwannCell",
    "off": 22521,
    "sff": "Schwann"
  },
  {
    "docID": "N248 Imaizumi",
    "et": "SchwannCell",
    "off": 4855,
    "sff": "Schwann"
  },
  {
    "docID": "N248 Imaizumi",
    "et": "SchwannCell",
    "off": 6519,
    "sff": "Schwann"
  },
  {
    "docID": "N248 Imaizumi",
    "et": "SchwannCell",
    "off": 16884,
    "sff": "Schwann"
  },
  {
    "docID": "N248 Imaizumi",
    "et": "SchwannCell",
    "off": 15856,
    "sff": "Schwann"
  },
  {
    "docID": "N248 Imaizumi",
    "et": "SchwannCell",
    "off": 24213,
    "sff": "Schwann cell"
  },
  {
    "docID": "N248 Imaizumi",
    "et": "SchwannCell",
    "off": 19434,
    "sff": "Schwann"
  },
  {
    "docID": "N248 Imaizumi",
    "et": "SchwannCell",
    "off": 20710,
    "sff": "Schwann"
  },
  {
    "docID": "N248 Imaizumi",
    "et": "SchwannCell",
    "off": 14721,
    "sff": "Schwann cell"
  },
  {
    "docID": "N248 Imaizumi",
    "et": "SchwannCell",
    "off": 19585,
    "sff": "Schwann cell"
  },
  {
    "docID": "N248 Imaizumi",
    "et": "SchwannCell",
    "off": 6371,
    "sff": "Schwann"
  },
  {
    "docID": "N248 Imaizumi",
    "et": "SchwannCell",
    "off": 16351,
    "sff": "Schwann"
  },
  {
    "docID": "N248 Imaizumi",
    "et": "SchwannCell",
    "off": 16130,
    "sff": "Schwann cell"
  },
  {
    "docID": "N248 Imaizumi",
    "et": "NewZealandRabbit",
    "off": 2229,
    "sff": "new"
  },
  {
    "docID": "N248 Imaizumi",
    "et": "Micropipette",
    "off": 26013,
    "sff": "micropipette"
  },
  {
    "docID": "N248 Imaizumi",
    "et": "T11",
    "off": 25425,
    "sff": "T11"
  },
  {
    "docID": "N248 Imaizumi",
    "et": "T11",
    "off": 25381,
    "sff": "T11"
  },
  {
    "docID": "N248 Imaizumi",
    "et": "Lumbar",
    "off": 25317,
    "sff": "lumbar"
  },
  {
    "docID": "N248 Imaizumi",
    "et": "VertebralLocation",
    "off": 26454,
    "sff": "vertebral"
  },
  {
    "docID": "N248 Imaizumi",
    "et": "VertebralLocation",
    "off": 25365,
    "sff": "vertebral"
  },
  {
    "docID": "N248 Imaizumi",
    "et": "StemCellSourceType",
    "off": 17159,
    "sff": "cell"
  },
  {
    "docID": "N248 Imaizumi",
    "et": "StemCellSourceType",
    "off": 27715,
    "sff": "cell"
  },
  {
    "docID": "N248 Imaizumi",
    "et": "StemCellSourceType",
    "off": 1795,
    "sff": "cell"
  },
  {
    "docID": "N248 Imaizumi",
    "et": "StemCellSourceType",
    "off": 23118,
    "sff": "Cell"
  },
  {
    "docID": "N248 Imaizumi",
    "et": "StemCellSourceType",
    "off": 19068,
    "sff": "cell"
  },
  {
    "docID": "N248 Imaizumi",
    "et": "StemCellSourceType",
    "off": 2814,
    "sff": "cell"
  },
  {
    "docID": "N248 Imaizumi",
    "et": "StemCellSourceType",
    "off": 5946,
    "sff": "cell"
  },
  {
    "docID": "N248 Imaizumi",
    "et": "StemCellSourceType",
    "off": 21114,
    "sff": "cell"
  },
  {
    "docID": "N248 Imaizumi",
    "et": "StemCellSourceType",
    "off": 2837,
    "sff": "cell"
  },
  {
    "docID": "N248 Imaizumi",
    "et": "StemCellSourceType",
    "off": 1616,
    "sff": "cell"
  },
  {
    "docID": "N248 Imaizumi",
    "et": "StemCellSourceType",
    "off": 25085,
    "sff": "Cell"
  },
  {
    "docID": "N248 Imaizumi",
    "et": "StemCellSourceType",
    "off": 23058,
    "sff": "cell"
  },
  {
    "docID": "N248 Imaizumi",
    "et": "StemCellSourceType",
    "off": 4428,
    "sff": "cell"
  },
  {
    "docID": "N248 Imaizumi",
    "et": "StemCellSourceType",
    "off": 2958,
    "sff": "cell"
  },
  {
    "docID": "N248 Imaizumi",
    "et": "StemCellSourceType",
    "off": 14729,
    "sff": "cell"
  },
  {
    "docID": "N248 Imaizumi",
    "et": "StemCellSourceType",
    "off": 19593,
    "sff": "cell"
  },
  {
    "docID": "N248 Imaizumi",
    "et": "StemCellSourceType",
    "off": 1418,
    "sff": "cell"
  },
  {
    "docID": "N248 Imaizumi",
    "et": "StemCellSourceType",
    "off": 15562,
    "sff": "cell"
  },
  {
    "docID": "N248 Imaizumi",
    "et": "StemCellSourceType",
    "off": 16138,
    "sff": "cell"
  },
  {
    "docID": "N248 Imaizumi",
    "et": "StemCellSourceType",
    "off": 685,
    "sff": "Cell"
  },
  {
    "docID": "N248 Imaizumi",
    "et": "StemCellSourceType",
    "off": 6048,
    "sff": "cell"
  },
  {
    "docID": "N248 Imaizumi",
    "et": "StemCellSourceType",
    "off": 4956,
    "sff": "cell"
  },
  {
    "docID": "N248 Imaizumi",
    "et": "StemCellSourceType",
    "off": 22428,
    "sff": "cell"
  },
  {
    "docID": "N248 Imaizumi",
    "et": "StemCellSourceType",
    "off": 24221,
    "sff": "cell"
  },
  {
    "docID": "N248 Imaizumi",
    "et": "StemCellSourceType",
    "off": 9374,
    "sff": "cell"
  },
  {
    "docID": "N248 Imaizumi",
    "et": "StemCellSourceType",
    "off": 14623,
    "sff": "cell"
  },
  {
    "docID": "N248 Imaizumi",
    "et": "StemCellSourceType",
    "off": 5529,
    "sff": "cell"
  },
  {
    "docID": "N248 Imaizumi",
    "et": "StemCellSourceType",
    "off": 8027,
    "sff": "cell"
  },
  {
    "docID": "N248 Imaizumi",
    "et": "StemCellSourceType",
    "off": 7220,
    "sff": "cell"
  },
  {
    "docID": "N248 Imaizumi",
    "et": "StemCellSourceType",
    "off": 26356,
    "sff": "cell"
  },
  {
    "docID": "N248 Imaizumi",
    "et": "StemCellSourceType",
    "off": 6263,
    "sff": "cell"
  },
  {
    "docID": "N248 Imaizumi",
    "et": "StemCellSourceType",
    "off": 1006,
    "sff": "cell type"
  },
  {
    "docID": "N248 Imaizumi",
    "et": "StemCellSourceType",
    "off": 23647,
    "sff": "Cell"
  },
  {
    "docID": "N248 Imaizumi",
    "et": "StemCellSourceType",
    "off": 7603,
    "sff": "cell"
  },
  {
    "docID": "N248 Imaizumi",
    "et": "StemCellSourceType",
    "off": 21875,
    "sff": "cell"
  },
  {
    "docID": "N248 Imaizumi",
    "et": "StemCellSourceType",
    "off": 7405,
    "sff": "cell"
  },
  {
    "docID": "N248 Imaizumi",
    "et": "StemCellSourceType",
    "off": 1006,
    "sff": "cell"
  },
  {
    "docID": "N248 Imaizumi",
    "et": "StemCellSourceType",
    "off": 25071,
    "sff": "cell"
  },
  {
    "docID": "N248 Imaizumi",
    "et": "StemCellSourceType",
    "off": 21295,
    "sff": "cell"
  },
  {
    "docID": "N248 Imaizumi",
    "et": "StemCellSourceType",
    "off": 8104,
    "sff": "cell"
  },
  {
    "docID": "N248 Imaizumi",
    "et": "StemCellSourceType",
    "off": 14953,
    "sff": "cell"
  },
  {
    "docID": "N248 Imaizumi",
    "et": "StemCellSourceType",
    "off": 21866,
    "sff": "cell"
  },
  {
    "docID": "N248 Imaizumi",
    "et": "InVitroExperimentalProcedure",
    "off": 5751,
    "sff": "vitro"
  },
  {
    "docID": "N248 Imaizumi",
    "et": "InVitroExperimentalProcedure",
    "off": 13858,
    "sff": "Experimental"
  },
  {
    "docID": "N248 Imaizumi",
    "et": "InVitroExperimentalProcedure",
    "off": 15394,
    "sff": "Experimental"
  },
  {
    "docID": "N248 Imaizumi",
    "et": "InVitroExperimentalProcedure",
    "off": 13707,
    "sff": "vitro"
  },
  {
    "docID": "N248 Imaizumi",
    "et": "InVitroExperimentalProcedure",
    "off": 23096,
    "sff": "Experimental"
  },
  {
    "docID": "N248 Imaizumi",
    "et": "InVitroExperimentalProcedure",
    "off": 8187,
    "sff": "Experimental"
  },
  {
    "docID": "N248 Imaizumi",
    "et": "InVitroExperimentalProcedure",
    "off": 6698,
    "sff": "Experimental"
  },
  {
    "docID": "N248 Imaizumi",
    "et": "InVitroExperimentalProcedure",
    "off": 8308,
    "sff": "vitro"
  },
  {
    "docID": "N248 Imaizumi",
    "et": "InVitroExperimentalProcedure",
    "off": 8372,
    "sff": "Experimental"
  },
  {
    "docID": "N248 Imaizumi",
    "et": "InVitroExperimentalProcedure",
    "off": 12903,
    "sff": "Experimental"
  },
  {
    "docID": "N248 Imaizumi",
    "et": "CompoundSource",
    "off": 11023,
    "sff": "compound"
  },
  {
    "docID": "N248 Imaizumi",
    "et": "CompoundSource",
    "off": 12239,
    "sff": "compound"
  },
  {
    "docID": "N248 Imaizumi",
    "et": "CompoundSource",
    "off": 16995,
    "sff": "Compound"
  },
  {
    "docID": "N248 Imaizumi",
    "et": "CompoundSource",
    "off": 9475,
    "sff": "compound"
  },
  {
    "docID": "N248 Imaizumi",
    "et": "CompoundSource",
    "off": 9667,
    "sff": "compound"
  },
  {
    "docID": "N248 Imaizumi",
    "et": "CompoundSource",
    "off": 27671,
    "sff": "compound"
  },
  {
    "docID": "N248 Imaizumi",
    "et": "CompoundSource",
    "off": 10837,
    "sff": "compound"
  },
  {
    "docID": "N248 Imaizumi",
    "et": "LongEvansRat",
    "off": 16909,
    "sff": "long"
  },
  {
    "docID": "N248 Imaizumi",
    "et": "LongEvansRat",
    "off": 21501,
    "sff": "long"
  },
  {
    "docID": "N248 Imaizumi",
    "et": "Cell",
    "off": 6263,
    "sff": "cell"
  },
  {
    "docID": "N248 Imaizumi",
    "et": "Cell",
    "off": 25085,
    "sff": "Cell"
  },
  {
    "docID": "N248 Imaizumi",
    "et": "Cell",
    "off": 7603,
    "sff": "cell"
  },
  {
    "docID": "N248 Imaizumi",
    "et": "Cell",
    "off": 21875,
    "sff": "cell"
  },
  {
    "docID": "N248 Imaizumi",
    "et": "Cell",
    "off": 7220,
    "sff": "cell"
  },
  {
    "docID": "N248 Imaizumi",
    "et": "Cell",
    "off": 26356,
    "sff": "cell"
  },
  {
    "docID": "N248 Imaizumi",
    "et": "Cell",
    "off": 21295,
    "sff": "cell"
  },
  {
    "docID": "N248 Imaizumi",
    "et": "Cell",
    "off": 25071,
    "sff": "cell"
  },
  {
    "docID": "N248 Imaizumi",
    "et": "Cell",
    "off": 1006,
    "sff": "cell"
  },
  {
    "docID": "N248 Imaizumi",
    "et": "Cell",
    "off": 21866,
    "sff": "cell"
  },
  {
    "docID": "N248 Imaizumi",
    "et": "Cell",
    "off": 7405,
    "sff": "cell"
  },
  {
    "docID": "N248 Imaizumi",
    "et": "Cell",
    "off": 14953,
    "sff": "cell"
  },
  {
    "docID": "N248 Imaizumi",
    "et": "Cell",
    "off": 8104,
    "sff": "cell"
  },
  {
    "docID": "N248 Imaizumi",
    "et": "Cell",
    "off": 23118,
    "sff": "Cell"
  },
  {
    "docID": "N248 Imaizumi",
    "et": "Cell",
    "off": 14623,
    "sff": "cell"
  },
  {
    "docID": "N248 Imaizumi",
    "et": "Cell",
    "off": 9374,
    "sff": "cell"
  },
  {
    "docID": "N248 Imaizumi",
    "et": "Cell",
    "off": 6048,
    "sff": "cell"
  },
  {
    "docID": "N248 Imaizumi",
    "et": "Cell",
    "off": 8027,
    "sff": "cell"
  },
  {
    "docID": "N248 Imaizumi",
    "et": "Cell",
    "off": 24221,
    "sff": "cell"
  },
  {
    "docID": "N248 Imaizumi",
    "et": "Cell",
    "off": 4956,
    "sff": "cell"
  },
  {
    "docID": "N248 Imaizumi",
    "et": "Cell",
    "off": 22428,
    "sff": "cell"
  },
  {
    "docID": "N248 Imaizumi",
    "et": "Cell",
    "off": 5529,
    "sff": "cell"
  },
  {
    "docID": "N248 Imaizumi",
    "et": "Cell",
    "off": 23058,
    "sff": "cell"
  },
  {
    "docID": "N248 Imaizumi",
    "et": "Cell",
    "off": 2837,
    "sff": "cell"
  },
  {
    "docID": "N248 Imaizumi",
    "et": "Cell",
    "off": 23647,
    "sff": "Cell"
  },
  {
    "docID": "N248 Imaizumi",
    "et": "Cell",
    "off": 2958,
    "sff": "cell"
  },
  {
    "docID": "N248 Imaizumi",
    "et": "Cell",
    "off": 1616,
    "sff": "cell"
  },
  {
    "docID": "N248 Imaizumi",
    "et": "Cell",
    "off": 1418,
    "sff": "cell"
  },
  {
    "docID": "N248 Imaizumi",
    "et": "Cell",
    "off": 15562,
    "sff": "cell"
  },
  {
    "docID": "N248 Imaizumi",
    "et": "Cell",
    "off": 16138,
    "sff": "cell"
  },
  {
    "docID": "N248 Imaizumi",
    "et": "Cell",
    "off": 4428,
    "sff": "cell"
  },
  {
    "docID": "N248 Imaizumi",
    "et": "Cell",
    "off": 17159,
    "sff": "cell"
  },
  {
    "docID": "N248 Imaizumi",
    "et": "Cell",
    "off": 685,
    "sff": "Cell"
  },
  {
    "docID": "N248 Imaizumi",
    "et": "Cell",
    "off": 14729,
    "sff": "cell"
  },
  {
    "docID": "N248 Imaizumi",
    "et": "Cell",
    "off": 19593,
    "sff": "cell"
  },
  {
    "docID": "N248 Imaizumi",
    "et": "Cell",
    "off": 1795,
    "sff": "cell"
  },
  {
    "docID": "N248 Imaizumi",
    "et": "Cell",
    "off": 27715,
    "sff": "cell"
  },
  {
    "docID": "N248 Imaizumi",
    "et": "Cell",
    "off": 2814,
    "sff": "cell"
  },
  {
    "docID": "N248 Imaizumi",
    "et": "Cell",
    "off": 5946,
    "sff": "cell"
  },
  {
    "docID": "N248 Imaizumi",
    "et": "Cell",
    "off": 21114,
    "sff": "cell"
  },
  {
    "docID": "N248 Imaizumi",
    "et": "Cell",
    "off": 19068,
    "sff": "cell"
  },
  {
    "docID": "N248 Imaizumi",
    "et": "SpinalDorsalHalf",
    "off": 4663,
    "sff": "spinal"
  },
  {
    "docID": "N248 Imaizumi",
    "et": "SpinalDorsalHalf",
    "off": 27511,
    "sff": "dorsal"
  },
  {
    "docID": "N248 Imaizumi",
    "et": "SpinalDorsalHalf",
    "off": 10998,
    "sff": "dorsal"
  },
  {
    "docID": "N248 Imaizumi",
    "et": "SpinalDorsalHalf",
    "off": 26678,
    "sff": "spinal"
  },
  {
    "docID": "N248 Imaizumi",
    "et": "SpinalDorsalHalf",
    "off": 25336,
    "sff": "dorsal"
  },
  {
    "docID": "N248 Imaizumi",
    "et": "SpinalDorsalHalf",
    "off": 19647,
    "sff": "spinal"
  },
  {
    "docID": "N248 Imaizumi",
    "et": "SpinalDorsalHalf",
    "off": 27235,
    "sff": "dorsal"
  },
  {
    "docID": "N248 Imaizumi",
    "et": "SpinalDorsalHalf",
    "off": 8800,
    "sff": "dorsal"
  },
  {
    "docID": "N248 Imaizumi",
    "et": "SpinalDorsalHalf",
    "off": 13746,
    "sff": "spinal"
  },
  {
    "docID": "N248 Imaizumi",
    "et": "SpinalDorsalHalf",
    "off": 17114,
    "sff": "dorsal"
  },
  {
    "docID": "N248 Imaizumi",
    "et": "SpinalDorsalHalf",
    "off": 8497,
    "sff": "spinal"
  },
  {
    "docID": "N248 Imaizumi",
    "et": "SpinalDorsalHalf",
    "off": 21937,
    "sff": "spinal"
  },
  {
    "docID": "N248 Imaizumi",
    "et": "SpinalDorsalHalf",
    "off": 25433,
    "sff": "dorsal"
  },
  {
    "docID": "N248 Imaizumi",
    "et": "SpinalDorsalHalf",
    "off": 13588,
    "sff": "spinal"
  },
  {
    "docID": "N248 Imaizumi",
    "et": "SpinalDorsalHalf",
    "off": 22548,
    "sff": "spinal"
  },
  {
    "docID": "N248 Imaizumi",
    "et": "SpinalDorsalHalf",
    "off": 12827,
    "sff": "spinal"
  },
  {
    "docID": "N248 Imaizumi",
    "et": "SpinalDorsalHalf",
    "off": 21400,
    "sff": "spinal"
  },
  {
    "docID": "N248 Imaizumi",
    "et": "SpinalDorsalHalf",
    "off": 5407,
    "sff": "spinal"
  },
  {
    "docID": "N248 Imaizumi",
    "et": "SpinalDorsalHalf",
    "off": 13344,
    "sff": "spinal"
  },
  {
    "docID": "N248 Imaizumi",
    "et": "SpinalDorsalHalf",
    "off": 15303,
    "sff": "dorsal"
  },
  {
    "docID": "N248 Imaizumi",
    "et": "SpinalDorsalHalf",
    "off": 15109,
    "sff": "spinal"
  },
  {
    "docID": "N248 Imaizumi",
    "et": "SpinalDorsalHalf",
    "off": 8648,
    "sff": "dorsal"
  },
  {
    "docID": "N248 Imaizumi",
    "et": "SpinalDorsalHalf",
    "off": 7875,
    "sff": "dorsal"
  },
  {
    "docID": "N248 Imaizumi",
    "et": "SpinalDorsalHalf",
    "off": 25611,
    "sff": "spinal"
  },
  {
    "docID": "N248 Imaizumi",
    "et": "SpinalDorsalHalf",
    "off": 27331,
    "sff": "dorsal"
  },
  {
    "docID": "N248 Imaizumi",
    "et": "SpinalDorsalHalf",
    "off": 14018,
    "sff": "dorsal"
  },
  {
    "docID": "N248 Imaizumi",
    "et": "SpinalDorsalHalf",
    "off": 4933,
    "sff": "dorsal"
  },
  {
    "docID": "N248 Imaizumi",
    "et": "SpinalDorsalHalf",
    "off": 324,
    "sff": "dorsal"
  },
  {
    "docID": "N248 Imaizumi",
    "et": "SpinalDorsalHalf",
    "off": 8254,
    "sff": "dorsal"
  },
  {
    "docID": "N248 Imaizumi",
    "et": "SpinalDorsalHalf",
    "off": 29078,
    "sff": "Spinal"
  },
  {
    "docID": "N248 Imaizumi",
    "et": "SpinalDorsalHalf",
    "off": 9018,
    "sff": "dorsal"
  },
  {
    "docID": "N248 Imaizumi",
    "et": "SpinalDorsalHalf",
    "off": 10512,
    "sff": "spinal"
  },
  {
    "docID": "N248 Imaizumi",
    "et": "SpinalDorsalHalf",
    "off": 27126,
    "sff": "spinal"
  },
  {
    "docID": "N248 Imaizumi",
    "et": "SpinalDorsalHalf",
    "off": 16628,
    "sff": "spinal"
  },
  {
    "docID": "N248 Imaizumi",
    "et": "SpinalDorsalHalf",
    "off": 4405,
    "sff": "dorsal"
  },
  {
    "docID": "N248 Imaizumi",
    "et": "SpinalDorsalHalf",
    "off": 16505,
    "sff": "spinal"
  },
  {
    "docID": "N248 Imaizumi",
    "et": "SpinalDorsalHalf",
    "off": 18485,
    "sff": "dorsal"
  },
  {
    "docID": "N248 Imaizumi",
    "et": "SpinalDorsalHalf",
    "off": 19705,
    "sff": "spinal"
  },
  {
    "docID": "N248 Imaizumi",
    "et": "SpinalDorsalHalf",
    "off": 27257,
    "sff": "spinal"
  },
  {
    "docID": "N248 Imaizumi",
    "et": "SpinalDorsalHalf",
    "off": 2174,
    "sff": "spinal"
  },
  {
    "docID": "N248 Imaizumi",
    "et": "SpinalDorsalHalf",
    "off": 1283,
    "sff": "spinal"
  },
  {
    "docID": "N248 Imaizumi",
    "et": "SpinalDorsalHalf",
    "off": 8874,
    "sff": "dorsal"
  },
  {
    "docID": "N248 Imaizumi",
    "et": "SpinalDorsalHalf",
    "off": 6061,
    "sff": "dorsal"
  },
  {
    "docID": "N248 Imaizumi",
    "et": "SpinalDorsalHalf",
    "off": 103,
    "sff": "spinal"
  },
  {
    "docID": "N248 Imaizumi",
    "et": "SpinalDorsalHalf",
    "off": 2278,
    "sff": "spinal"
  },
  {
    "docID": "N248 Imaizumi",
    "et": "SpinalDorsalHalf",
    "off": 3302,
    "sff": "spinal"
  },
  {
    "docID": "N248 Imaizumi",
    "et": "SpinalDorsalHalf",
    "off": 20198,
    "sff": "spinal"
  },
  {
    "docID": "N248 Imaizumi",
    "et": "SpinalDorsalHalf",
    "off": 7780,
    "sff": "spinal"
  },
  {
    "docID": "N248 Imaizumi",
    "et": "SpinalDorsalHalf",
    "off": 20003,
    "sff": "dorsal"
  },
  {
    "docID": "N248 Imaizumi",
    "et": "SpinalDorsalHalf",
    "off": 28394,
    "sff": "spinal"
  },
  {
    "docID": "N248 Imaizumi",
    "et": "SpinalDorsalHalf",
    "off": 28731,
    "sff": "Spinal"
  },
  {
    "docID": "N248 Imaizumi",
    "et": "SpinalDorsalHalf",
    "off": 17441,
    "sff": "dorsal"
  },
  {
    "docID": "N248 Imaizumi",
    "et": "SpinalDorsalHalf",
    "off": 25324,
    "sff": "spinal"
  },
  {
    "docID": "N248 Imaizumi",
    "et": "SpinalDorsalHalf",
    "off": 4123,
    "sff": "dorsal"
  },
  {
    "docID": "N248 Imaizumi",
    "et": "SpinalDorsalHalf",
    "off": 25843,
    "sff": "spinal"
  },
  {
    "docID": "N248 Imaizumi",
    "et": "SpinalDorsalHalf",
    "off": 13210,
    "sff": "dorsal"
  },
  {
    "docID": "N248 Imaizumi",
    "et": "SpinalDorsalHalf",
    "off": 2416,
    "sff": "spinal"
  },
  {
    "docID": "N248 Imaizumi",
    "et": "SpinalDorsalHalf",
    "off": 16982,
    "sff": "spinal"
  },
  {
    "docID": "N248 Imaizumi",
    "et": "SpinalDorsalHalf",
    "off": 3029,
    "sff": "spinal"
  },
  {
    "docID": "N248 Imaizumi",
    "et": "SpinalDorsalHalf",
    "off": 26328,
    "sff": "spinal"
  },
  {
    "docID": "N248 Imaizumi",
    "et": "SpinalDorsalHalf",
    "off": 4751,
    "sff": "dorsal"
  },
  {
    "docID": "N248 Imaizumi",
    "et": "SpinalDorsalHalf",
    "off": 18911,
    "sff": "spinal"
  },
  {
    "docID": "N248 Imaizumi",
    "et": "SpinalDorsalHalf",
    "off": 8590,
    "sff": "dorsal"
  },
  {
    "docID": "N248 Imaizumi",
    "et": "SpinalDorsalHalf",
    "off": 15374,
    "sff": "dorsal"
  },
  {
    "docID": "N248 Imaizumi",
    "et": "SpinalDorsalHalf",
    "off": 9820,
    "sff": "spinal"
  },
  {
    "docID": "N248 Imaizumi",
    "et": "SpinalDorsalHalf",
    "off": 10716,
    "sff": "spinal"
  },
  {
    "docID": "N248 Imaizumi",
    "et": "SpinalDorsalHalf",
    "off": 16778,
    "sff": "dorsal"
  },
  {
    "docID": "N248 Imaizumi",
    "et": "SpinalDorsalHalf",
    "off": 353,
    "sff": "spinal"
  },
  {
    "docID": "N248 Imaizumi",
    "et": "SpinalDorsalHalf",
    "off": 5901,
    "sff": "dorsal"
  },
  {
    "docID": "N248 Imaizumi",
    "et": "SpinalDorsalHalf",
    "off": 4492,
    "sff": "dorsal"
  },
  {
    "docID": "N248 Imaizumi",
    "et": "SpinalDorsalHalf",
    "off": 11975,
    "sff": "spinal"
  },
  {
    "docID": "N248 Imaizumi",
    "et": "SpinalDorsalHalf",
    "off": 14079,
    "sff": "dorsal"
  },
  {
    "docID": "N248 Imaizumi",
    "et": "SpinalDorsalHalf",
    "off": 15052,
    "sff": "spinal"
  },
  {
    "docID": "N248 Imaizumi",
    "et": "SpinalDorsalHalf",
    "off": 8274,
    "sff": "spinal"
  },
  {
    "docID": "N248 Imaizumi",
    "et": "SpinalDorsalHalf",
    "off": 25981,
    "sff": "dorsal"
  },
  {
    "docID": "N248 Imaizumi",
    "et": "SpinalDorsalHalf",
    "off": 5500,
    "sff": "dorsal"
  },
  {
    "docID": "N248 Imaizumi",
    "et": "SpinalDorsalHalf",
    "off": 14204,
    "sff": "dorsal"
  },
  {
    "docID": "N248 Imaizumi",
    "et": "Compound",
    "off": 9475,
    "sff": "compound"
  },
  {
    "docID": "N248 Imaizumi",
    "et": "Compound",
    "off": 9667,
    "sff": "compound"
  },
  {
    "docID": "N248 Imaizumi",
    "et": "Compound",
    "off": 10837,
    "sff": "compound"
  },
  {
    "docID": "N248 Imaizumi",
    "et": "Compound",
    "off": 16995,
    "sff": "Compound"
  },
  {
    "docID": "N248 Imaizumi",
    "et": "Compound",
    "off": 27671,
    "sff": "compound"
  },
  {
    "docID": "N248 Imaizumi",
    "et": "Compound",
    "off": 11023,
    "sff": "compound"
  },
  {
    "docID": "N248 Imaizumi",
    "et": "Compound",
    "off": 12239,
    "sff": "compound"
  },
  {
    "docID": "N248 Imaizumi",
    "et": "ExperimentalProcedure",
    "off": 8372,
    "sff": "Experimental"
  },
  {
    "docID": "N248 Imaizumi",
    "et": "ExperimentalProcedure",
    "off": 13858,
    "sff": "Experimental"
  },
  {
    "docID": "N248 Imaizumi",
    "et": "ExperimentalProcedure",
    "off": 15394,
    "sff": "Experimental"
  },
  {
    "docID": "N248 Imaizumi",
    "et": "ExperimentalProcedure",
    "off": 12903,
    "sff": "Experimental"
  },
  {
    "docID": "N248 Imaizumi",
    "et": "ExperimentalProcedure",
    "off": 8187,
    "sff": "Experimental"
  },
  {
    "docID": "N248 Imaizumi",
    "et": "ExperimentalProcedure",
    "off": 6698,
    "sff": "Experimental"
  },
  {
    "docID": "N248 Imaizumi",
    "et": "ExperimentalProcedure",
    "off": 23096,
    "sff": "Experimental"
  },
  {
    "docID": "N248 Imaizumi",
    "et": "CorticospinalTract",
    "off": 19199,
    "sff": "corticospinal"
  },
  {
    "docID": "N248 Imaizumi",
    "et": "CorticospinalTract",
    "off": 2348,
    "sff": "corticospinal"
  },
  {
    "docID": "N248 Imaizumi",
    "et": "BrainDerivedNeurotrophicFactor",
    "off": 6637,
    "sff": "derived"
  },
  {
    "docID": "N248 Imaizumi",
    "et": "BrainDerivedNeurotrophicFactor",
    "off": 213,
    "sff": "derived"
  },
  {
    "docID": "N248 Imaizumi",
    "et": "BrainDerivedNeurotrophicFactor",
    "off": 21172,
    "sff": "derived"
  }
]
