[
  {
    "docID": "N251 Nategh",
    "et": "SubcutaneousLocation",
    "off": 5226,
    "sff": "subcutaneous"
  },
  {
    "docID": "N251 Nategh",
    "et": "OlfactoryEnsheathingGliaCell",
    "off": 54,
    "sff": "Olfactory Ensheathing"
  },
  {
    "docID": "N251 Nategh",
    "et": "OlfactoryEnsheathingGliaCell",
    "off": 1544,
    "sff": "Olfactory Ensheathing"
  },
  {
    "docID": "N251 Nategh",
    "et": "OlfactoryEnsheathingGliaCell",
    "off": 14735,
    "sff": "olfactory"
  },
  {
    "docID": "N251 Nategh",
    "et": "OlfactoryEnsheathingGliaCell",
    "off": 278,
    "sff": "Olfactory ensheathing"
  },
  {
    "docID": "N251 Nategh",
    "et": "OlfactoryEnsheathingGliaCell",
    "off": 1544,
    "sff": "Olfactory Ensheathing Cell"
  },
  {
    "docID": "N251 Nategh",
    "et": "OlfactoryEnsheathingGliaCell",
    "off": 14818,
    "sff": "olfactory"
  },
  {
    "docID": "N251 Nategh",
    "et": "OlfactoryEnsheathingGliaCell",
    "off": 17284,
    "sff": "olfactory"
  },
  {
    "docID": "N251 Nategh",
    "et": "OlfactoryEnsheathingGliaCell",
    "off": 5493,
    "sff": "olfactory"
  },
  {
    "docID": "N251 Nategh",
    "et": "OlfactoryEnsheathingGliaCell",
    "off": 17189,
    "sff": "olfactory"
  },
  {
    "docID": "N251 Nategh",
    "et": "OlfactoryEnsheathingGliaCell",
    "off": 6423,
    "sff": "olfactory"
  },
  {
    "docID": "N251 Nategh",
    "et": "OlfactoryEnsheathingGliaCell",
    "off": 1171,
    "sff": "olfactory ensheathing"
  },
  {
    "docID": "N251 Nategh",
    "et": "OlfactoryEnsheathingGliaCell",
    "off": 536,
    "sff": "olfactory ensheathing"
  },
  {
    "docID": "N251 Nategh",
    "et": "Syringe",
    "off": 7322,
    "sff": "syringe"
  },
  {
    "docID": "N251 Nategh",
    "et": "SurgeryTreatment",
    "off": 5006,
    "sff": "surgery"
  },
  {
    "docID": "N251 Nategh",
    "et": "MagneticFieldApplication",
    "off": 18751,
    "sff": "field"
  },
  {
    "docID": "N251 Nategh",
    "et": "SpinalSubduralArea",
    "off": 16618,
    "sff": "spinal"
  },
  {
    "docID": "N251 Nategh",
    "et": "SpinalSubduralArea",
    "off": 14118,
    "sff": "spinal"
  },
  {
    "docID": "N251 Nategh",
    "et": "SpinalSubduralArea",
    "off": 4319,
    "sff": "Spinal"
  },
  {
    "docID": "N251 Nategh",
    "et": "SpinalSubduralArea",
    "off": 11937,
    "sff": "spinal"
  },
  {
    "docID": "N251 Nategh",
    "et": "SpinalSubduralArea",
    "off": 13410,
    "sff": "spinal"
  },
  {
    "docID": "N251 Nategh",
    "et": "SpinalSubduralArea",
    "off": 671,
    "sff": "spinal"
  },
  {
    "docID": "N251 Nategh",
    "et": "SpinalSubduralArea",
    "off": 1952,
    "sff": "spinal"
  },
  {
    "docID": "N251 Nategh",
    "et": "SpinalSubduralArea",
    "off": 17632,
    "sff": "spinal"
  },
  {
    "docID": "N251 Nategh",
    "et": "SpinalSubduralArea",
    "off": 99,
    "sff": "Spinal"
  },
  {
    "docID": "N251 Nategh",
    "et": "SpinalSubduralArea",
    "off": 862,
    "sff": "spinal"
  },
  {
    "docID": "N251 Nategh",
    "et": "SpinalSubduralArea",
    "off": 2299,
    "sff": "spinal"
  },
  {
    "docID": "N251 Nategh",
    "et": "SpinalSubduralArea",
    "off": 2489,
    "sff": "spinal"
  },
  {
    "docID": "N251 Nategh",
    "et": "SpinalSubduralArea",
    "off": 186,
    "sff": "spinal"
  },
  {
    "docID": "N251 Nategh",
    "et": "SpinalSubduralArea",
    "off": 2040,
    "sff": "spinal"
  },
  {
    "docID": "N251 Nategh",
    "et": "SpinalSubduralArea",
    "off": 3320,
    "sff": "spinal"
  },
  {
    "docID": "N251 Nategh",
    "et": "SpinalSubduralArea",
    "off": 3638,
    "sff": "spinal"
  },
  {
    "docID": "N251 Nategh",
    "et": "SpinalSubduralArea",
    "off": 13622,
    "sff": "spinal"
  },
  {
    "docID": "N251 Nategh",
    "et": "SpinalSubduralArea",
    "off": 18228,
    "sff": "spinal"
  },
  {
    "docID": "N251 Nategh",
    "et": "SpinalSubduralArea",
    "off": 8237,
    "sff": "spinal"
  },
  {
    "docID": "N251 Nategh",
    "et": "SpinalSubduralArea",
    "off": 6830,
    "sff": "spinal"
  },
  {
    "docID": "N251 Nategh",
    "et": "SpinalSubduralArea",
    "off": 12300,
    "sff": "spinal"
  },
  {
    "docID": "N251 Nategh",
    "et": "SpinalSubduralArea",
    "off": 18314,
    "sff": "spinal"
  },
  {
    "docID": "N251 Nategh",
    "et": "SpinalSubduralArea",
    "off": 1279,
    "sff": "spinal"
  },
  {
    "docID": "N251 Nategh",
    "et": "SpinalSubduralArea",
    "off": 446,
    "sff": "spinal"
  },
  {
    "docID": "N251 Nategh",
    "et": "SpinalSubduralArea",
    "off": 13787,
    "sff": "spinal"
  },
  {
    "docID": "N251 Nategh",
    "et": "SpinalSubduralArea",
    "off": 17883,
    "sff": "spinal"
  },
  {
    "docID": "N251 Nategh",
    "et": "SpinalSubduralArea",
    "off": 1625,
    "sff": "spinal"
  },
  {
    "docID": "N251 Nategh",
    "et": "SpinalSubduralArea",
    "off": 3482,
    "sff": "spinal"
  },
  {
    "docID": "N251 Nategh",
    "et": "SpinalSubduralArea",
    "off": 727,
    "sff": "spinal"
  },
  {
    "docID": "N251 Nategh",
    "et": "SpinalSubduralArea",
    "off": 2647,
    "sff": "spinal"
  },
  {
    "docID": "N251 Nategh",
    "et": "SpinalSubduralArea",
    "off": 10072,
    "sff": "spinal"
  },
  {
    "docID": "N251 Nategh",
    "et": "SpinalSubduralArea",
    "off": 15699,
    "sff": "spinal"
  },
  {
    "docID": "N251 Nategh",
    "et": "SpinalSubduralArea",
    "off": 15757,
    "sff": "spinal"
  },
  {
    "docID": "N251 Nategh",
    "et": "SpinalFiberTract",
    "off": 727,
    "sff": "spinal"
  },
  {
    "docID": "N251 Nategh",
    "et": "SpinalFiberTract",
    "off": 2647,
    "sff": "spinal"
  },
  {
    "docID": "N251 Nategh",
    "et": "SpinalFiberTract",
    "off": 10072,
    "sff": "spinal"
  },
  {
    "docID": "N251 Nategh",
    "et": "SpinalFiberTract",
    "off": 1625,
    "sff": "spinal"
  },
  {
    "docID": "N251 Nategh",
    "et": "SpinalFiberTract",
    "off": 3482,
    "sff": "spinal"
  },
  {
    "docID": "N251 Nategh",
    "et": "SpinalFiberTract",
    "off": 13787,
    "sff": "spinal"
  },
  {
    "docID": "N251 Nategh",
    "et": "SpinalFiberTract",
    "off": 17883,
    "sff": "spinal"
  },
  {
    "docID": "N251 Nategh",
    "et": "SpinalFiberTract",
    "off": 12300,
    "sff": "spinal"
  },
  {
    "docID": "N251 Nategh",
    "et": "SpinalFiberTract",
    "off": 15757,
    "sff": "spinal"
  },
  {
    "docID": "N251 Nategh",
    "et": "SpinalFiberTract",
    "off": 15699,
    "sff": "spinal"
  },
  {
    "docID": "N251 Nategh",
    "et": "SpinalFiberTract",
    "off": 4319,
    "sff": "Spinal"
  },
  {
    "docID": "N251 Nategh",
    "et": "SpinalFiberTract",
    "off": 14118,
    "sff": "spinal"
  },
  {
    "docID": "N251 Nategh",
    "et": "SpinalFiberTract",
    "off": 99,
    "sff": "Spinal"
  },
  {
    "docID": "N251 Nategh",
    "et": "SpinalFiberTract",
    "off": 16618,
    "sff": "spinal"
  },
  {
    "docID": "N251 Nategh",
    "et": "SpinalFiberTract",
    "off": 862,
    "sff": "spinal"
  },
  {
    "docID": "N251 Nategh",
    "et": "SpinalFiberTract",
    "off": 671,
    "sff": "spinal"
  },
  {
    "docID": "N251 Nategh",
    "et": "SpinalFiberTract",
    "off": 1952,
    "sff": "spinal"
  },
  {
    "docID": "N251 Nategh",
    "et": "SpinalFiberTract",
    "off": 17632,
    "sff": "spinal"
  },
  {
    "docID": "N251 Nategh",
    "et": "SpinalFiberTract",
    "off": 11937,
    "sff": "spinal"
  },
  {
    "docID": "N251 Nategh",
    "et": "SpinalFiberTract",
    "off": 13410,
    "sff": "spinal"
  },
  {
    "docID": "N251 Nategh",
    "et": "SpinalFiberTract",
    "off": 18228,
    "sff": "spinal"
  },
  {
    "docID": "N251 Nategh",
    "et": "SpinalFiberTract",
    "off": 3638,
    "sff": "spinal"
  },
  {
    "docID": "N251 Nategh",
    "et": "SpinalFiberTract",
    "off": 13622,
    "sff": "spinal"
  },
  {
    "docID": "N251 Nategh",
    "et": "SpinalFiberTract",
    "off": 2040,
    "sff": "spinal"
  },
  {
    "docID": "N251 Nategh",
    "et": "SpinalFiberTract",
    "off": 3320,
    "sff": "spinal"
  },
  {
    "docID": "N251 Nategh",
    "et": "SpinalFiberTract",
    "off": 2489,
    "sff": "spinal"
  },
  {
    "docID": "N251 Nategh",
    "et": "SpinalFiberTract",
    "off": 186,
    "sff": "spinal"
  },
  {
    "docID": "N251 Nategh",
    "et": "SpinalFiberTract",
    "off": 2299,
    "sff": "spinal"
  },
  {
    "docID": "N251 Nategh",
    "et": "SpinalFiberTract",
    "off": 8237,
    "sff": "spinal"
  },
  {
    "docID": "N251 Nategh",
    "et": "SpinalFiberTract",
    "off": 6830,
    "sff": "spinal"
  },
  {
    "docID": "N251 Nategh",
    "et": "SpinalFiberTract",
    "off": 18314,
    "sff": "spinal"
  },
  {
    "docID": "N251 Nategh",
    "et": "SpinalFiberTract",
    "off": 446,
    "sff": "spinal"
  },
  {
    "docID": "N251 Nategh",
    "et": "SpinalFiberTract",
    "off": 6483,
    "sff": "fiber"
  },
  {
    "docID": "N251 Nategh",
    "et": "SpinalFiberTract",
    "off": 1279,
    "sff": "spinal"
  },
  {
    "docID": "N251 Nategh",
    "et": "SpinalVentralHalf",
    "off": 18314,
    "sff": "spinal"
  },
  {
    "docID": "N251 Nategh",
    "et": "SpinalVentralHalf",
    "off": 4821,
    "sff": "ventral"
  },
  {
    "docID": "N251 Nategh",
    "et": "SpinalVentralHalf",
    "off": 12300,
    "sff": "spinal"
  },
  {
    "docID": "N251 Nategh",
    "et": "SpinalVentralHalf",
    "off": 15757,
    "sff": "spinal"
  },
  {
    "docID": "N251 Nategh",
    "et": "SpinalVentralHalf",
    "off": 14097,
    "sff": "ventral"
  },
  {
    "docID": "N251 Nategh",
    "et": "SpinalVentralHalf",
    "off": 15699,
    "sff": "spinal"
  },
  {
    "docID": "N251 Nategh",
    "et": "SpinalVentralHalf",
    "off": 10072,
    "sff": "spinal"
  },
  {
    "docID": "N251 Nategh",
    "et": "SpinalVentralHalf",
    "off": 727,
    "sff": "spinal"
  },
  {
    "docID": "N251 Nategh",
    "et": "SpinalVentralHalf",
    "off": 2647,
    "sff": "spinal"
  },
  {
    "docID": "N251 Nategh",
    "et": "SpinalVentralHalf",
    "off": 3482,
    "sff": "spinal"
  },
  {
    "docID": "N251 Nategh",
    "et": "SpinalVentralHalf",
    "off": 1625,
    "sff": "spinal"
  },
  {
    "docID": "N251 Nategh",
    "et": "SpinalVentralHalf",
    "off": 13787,
    "sff": "spinal"
  },
  {
    "docID": "N251 Nategh",
    "et": "SpinalVentralHalf",
    "off": 17883,
    "sff": "spinal"
  },
  {
    "docID": "N251 Nategh",
    "et": "SpinalVentralHalf",
    "off": 862,
    "sff": "spinal"
  },
  {
    "docID": "N251 Nategh",
    "et": "SpinalVentralHalf",
    "off": 1952,
    "sff": "spinal"
  },
  {
    "docID": "N251 Nategh",
    "et": "SpinalVentralHalf",
    "off": 17632,
    "sff": "spinal"
  },
  {
    "docID": "N251 Nategh",
    "et": "SpinalVentralHalf",
    "off": 671,
    "sff": "spinal"
  },
  {
    "docID": "N251 Nategh",
    "et": "SpinalVentralHalf",
    "off": 13410,
    "sff": "spinal"
  },
  {
    "docID": "N251 Nategh",
    "et": "SpinalVentralHalf",
    "off": 11937,
    "sff": "spinal"
  },
  {
    "docID": "N251 Nategh",
    "et": "SpinalVentralHalf",
    "off": 13916,
    "sff": "ventral"
  },
  {
    "docID": "N251 Nategh",
    "et": "SpinalVentralHalf",
    "off": 14118,
    "sff": "spinal"
  },
  {
    "docID": "N251 Nategh",
    "et": "SpinalVentralHalf",
    "off": 4319,
    "sff": "Spinal"
  },
  {
    "docID": "N251 Nategh",
    "et": "SpinalVentralHalf",
    "off": 16618,
    "sff": "spinal"
  },
  {
    "docID": "N251 Nategh",
    "et": "SpinalVentralHalf",
    "off": 99,
    "sff": "Spinal"
  },
  {
    "docID": "N251 Nategh",
    "et": "SpinalVentralHalf",
    "off": 6830,
    "sff": "spinal"
  },
  {
    "docID": "N251 Nategh",
    "et": "SpinalVentralHalf",
    "off": 8237,
    "sff": "spinal"
  },
  {
    "docID": "N251 Nategh",
    "et": "SpinalVentralHalf",
    "off": 18228,
    "sff": "spinal"
  },
  {
    "docID": "N251 Nategh",
    "et": "SpinalVentralHalf",
    "off": 3638,
    "sff": "spinal"
  },
  {
    "docID": "N251 Nategh",
    "et": "SpinalVentralHalf",
    "off": 13622,
    "sff": "spinal"
  },
  {
    "docID": "N251 Nategh",
    "et": "SpinalVentralHalf",
    "off": 2040,
    "sff": "spinal"
  },
  {
    "docID": "N251 Nategh",
    "et": "SpinalVentralHalf",
    "off": 3320,
    "sff": "spinal"
  },
  {
    "docID": "N251 Nategh",
    "et": "SpinalVentralHalf",
    "off": 186,
    "sff": "spinal"
  },
  {
    "docID": "N251 Nategh",
    "et": "SpinalVentralHalf",
    "off": 2489,
    "sff": "spinal"
  },
  {
    "docID": "N251 Nategh",
    "et": "SpinalVentralHalf",
    "off": 2299,
    "sff": "spinal"
  },
  {
    "docID": "N251 Nategh",
    "et": "SpinalVentralHalf",
    "off": 446,
    "sff": "spinal"
  },
  {
    "docID": "N251 Nategh",
    "et": "SpinalVentralHalf",
    "off": 1279,
    "sff": "spinal"
  },
  {
    "docID": "N251 Nategh",
    "et": "RabbitSpecies",
    "off": 8797,
    "sff": "rabbit"
  },
  {
    "docID": "N251 Nategh",
    "et": "RabbitSpecies",
    "off": 8742,
    "sff": "rabbit"
  },
  {
    "docID": "N251 Nategh",
    "et": "Rostral",
    "off": 15968,
    "sff": "rostral"
  },
  {
    "docID": "N251 Nategh",
    "et": "DorsalColumn",
    "off": 4833,
    "sff": "dorsal"
  },
  {
    "docID": "N251 Nategh",
    "et": "DorsalColumn",
    "off": 13905,
    "sff": "dorsal"
  },
  {
    "docID": "N251 Nategh",
    "et": "DorsalColumn",
    "off": 2263,
    "sff": "dorsal column"
  },
  {
    "docID": "N251 Nategh",
    "et": "Autologous",
    "off": 13254,
    "sff": "autologous"
  },
  {
    "docID": "N251 Nategh",
    "et": "Left",
    "off": 15915,
    "sff": "left"
  },
  {
    "docID": "N251 Nategh",
    "et": "Tissue",
    "off": 15863,
    "sff": "tissue"
  },
  {
    "docID": "N251 Nategh",
    "et": "Tissue",
    "off": 7398,
    "sff": "tissue"
  },
  {
    "docID": "N251 Nategh",
    "et": "Tissue",
    "off": 6907,
    "sff": "tissue"
  },
  {
    "docID": "N251 Nategh",
    "et": "Tissue",
    "off": 16122,
    "sff": "tissue"
  },
  {
    "docID": "N251 Nategh",
    "et": "InjectionDelivery",
    "off": 7557,
    "sff": "injection"
  },
  {
    "docID": "N251 Nategh",
    "et": "InjectionDelivery",
    "off": 5239,
    "sff": "injection"
  },
  {
    "docID": "N251 Nategh",
    "et": "InjectionDelivery",
    "off": 18434,
    "sff": "injection"
  },
  {
    "docID": "N251 Nategh",
    "et": "InjectionDelivery",
    "off": 7004,
    "sff": "injection"
  },
  {
    "docID": "N251 Nategh",
    "et": "SpinalLesionSite",
    "off": 13410,
    "sff": "spinal"
  },
  {
    "docID": "N251 Nategh",
    "et": "SpinalLesionSite",
    "off": 11937,
    "sff": "spinal"
  },
  {
    "docID": "N251 Nategh",
    "et": "SpinalLesionSite",
    "off": 14118,
    "sff": "spinal"
  },
  {
    "docID": "N251 Nategh",
    "et": "SpinalLesionSite",
    "off": 4319,
    "sff": "Spinal"
  },
  {
    "docID": "N251 Nategh",
    "et": "SpinalLesionSite",
    "off": 3482,
    "sff": "spinal"
  },
  {
    "docID": "N251 Nategh",
    "et": "SpinalLesionSite",
    "off": 99,
    "sff": "Spinal"
  },
  {
    "docID": "N251 Nategh",
    "et": "SpinalLesionSite",
    "off": 1625,
    "sff": "spinal"
  },
  {
    "docID": "N251 Nategh",
    "et": "SpinalLesionSite",
    "off": 13787,
    "sff": "spinal"
  },
  {
    "docID": "N251 Nategh",
    "et": "SpinalLesionSite",
    "off": 17883,
    "sff": "spinal"
  },
  {
    "docID": "N251 Nategh",
    "et": "SpinalLesionSite",
    "off": 862,
    "sff": "spinal"
  },
  {
    "docID": "N251 Nategh",
    "et": "SpinalLesionSite",
    "off": 1952,
    "sff": "spinal"
  },
  {
    "docID": "N251 Nategh",
    "et": "SpinalLesionSite",
    "off": 17632,
    "sff": "spinal"
  },
  {
    "docID": "N251 Nategh",
    "et": "SpinalLesionSite",
    "off": 671,
    "sff": "spinal"
  },
  {
    "docID": "N251 Nategh",
    "et": "SpinalLesionSite",
    "off": 18228,
    "sff": "spinal"
  },
  {
    "docID": "N251 Nategh",
    "et": "SpinalLesionSite",
    "off": 3638,
    "sff": "spinal"
  },
  {
    "docID": "N251 Nategh",
    "et": "SpinalLesionSite",
    "off": 13622,
    "sff": "spinal"
  },
  {
    "docID": "N251 Nategh",
    "et": "SpinalLesionSite",
    "off": 2040,
    "sff": "spinal"
  },
  {
    "docID": "N251 Nategh",
    "et": "SpinalLesionSite",
    "off": 3320,
    "sff": "spinal"
  },
  {
    "docID": "N251 Nategh",
    "et": "SpinalLesionSite",
    "off": 16618,
    "sff": "spinal"
  },
  {
    "docID": "N251 Nategh",
    "et": "SpinalLesionSite",
    "off": 6830,
    "sff": "spinal"
  },
  {
    "docID": "N251 Nategh",
    "et": "SpinalLesionSite",
    "off": 8237,
    "sff": "spinal"
  },
  {
    "docID": "N251 Nategh",
    "et": "SpinalLesionSite",
    "off": 186,
    "sff": "spinal"
  },
  {
    "docID": "N251 Nategh",
    "et": "SpinalLesionSite",
    "off": 2489,
    "sff": "spinal"
  },
  {
    "docID": "N251 Nategh",
    "et": "SpinalLesionSite",
    "off": 2299,
    "sff": "spinal"
  },
  {
    "docID": "N251 Nategh",
    "et": "SpinalLesionSite",
    "off": 446,
    "sff": "spinal"
  },
  {
    "docID": "N251 Nategh",
    "et": "SpinalLesionSite",
    "off": 1279,
    "sff": "spinal"
  },
  {
    "docID": "N251 Nategh",
    "et": "SpinalLesionSite",
    "off": 8278,
    "sff": "lesion"
  },
  {
    "docID": "N251 Nategh",
    "et": "SpinalLesionSite",
    "off": 15699,
    "sff": "spinal"
  },
  {
    "docID": "N251 Nategh",
    "et": "SpinalLesionSite",
    "off": 10072,
    "sff": "spinal"
  },
  {
    "docID": "N251 Nategh",
    "et": "SpinalLesionSite",
    "off": 727,
    "sff": "spinal"
  },
  {
    "docID": "N251 Nategh",
    "et": "SpinalLesionSite",
    "off": 2647,
    "sff": "spinal"
  },
  {
    "docID": "N251 Nategh",
    "et": "SpinalLesionSite",
    "off": 18314,
    "sff": "spinal"
  },
  {
    "docID": "N251 Nategh",
    "et": "SpinalLesionSite",
    "off": 12300,
    "sff": "spinal"
  },
  {
    "docID": "N251 Nategh",
    "et": "SpinalLesionSite",
    "off": 15757,
    "sff": "spinal"
  },
  {
    "docID": "N251 Nategh",
    "et": "T4",
    "off": 4569,
    "sff": "T4"
  },
  {
    "docID": "N251 Nategh",
    "et": "T9",
    "off": 4628,
    "sff": "T9"
  },
  {
    "docID": "N251 Nategh",
    "et": "AnimalSpecies",
    "off": 7929,
    "sff": "animal"
  },
  {
    "docID": "N251 Nategh",
    "et": "AnimalSpecies",
    "off": 10537,
    "sff": "animal"
  },
  {
    "docID": "N251 Nategh",
    "et": "AnimalSpecies",
    "off": 1608,
    "sff": "animal"
  },
  {
    "docID": "N251 Nategh",
    "et": "AnimalSpecies",
    "off": 2283,
    "sff": "animal"
  },
  {
    "docID": "N251 Nategh",
    "et": "AnimalSpecies",
    "off": 10331,
    "sff": "animal"
  },
  {
    "docID": "N251 Nategh",
    "et": "AnimalSpecies",
    "off": 10438,
    "sff": "animal"
  },
  {
    "docID": "N251 Nategh",
    "et": "Saline",
    "off": 4967,
    "sff": "saline"
  },
  {
    "docID": "N251 Nategh",
    "et": "TemperatureTreatment",
    "off": 9047,
    "sff": "temperature"
  },
  {
    "docID": "N251 Nategh",
    "et": "TemperatureTreatment",
    "off": 8870,
    "sff": "temperature"
  },
  {
    "docID": "N251 Nategh",
    "et": "SpinalCord",
    "off": 2489,
    "sff": "spinal cord"
  },
  {
    "docID": "N251 Nategh",
    "et": "SpinalCord",
    "off": 2040,
    "sff": "spinal cord"
  },
  {
    "docID": "N251 Nategh",
    "et": "SpinalCord",
    "off": 3320,
    "sff": "spinal cord"
  },
  {
    "docID": "N251 Nategh",
    "et": "SpinalCord",
    "off": 3638,
    "sff": "spinal cord"
  },
  {
    "docID": "N251 Nategh",
    "et": "SpinalCord",
    "off": 13622,
    "sff": "spinal cord"
  },
  {
    "docID": "N251 Nategh",
    "et": "SpinalCord",
    "off": 2299,
    "sff": "spinal cord"
  },
  {
    "docID": "N251 Nategh",
    "et": "SpinalCord",
    "off": 186,
    "sff": "spinal cord"
  },
  {
    "docID": "N251 Nategh",
    "et": "SpinalCord",
    "off": 6830,
    "sff": "spinal cord"
  },
  {
    "docID": "N251 Nategh",
    "et": "SpinalCord",
    "off": 18228,
    "sff": "spinal cord"
  },
  {
    "docID": "N251 Nategh",
    "et": "SpinalCord",
    "off": 14118,
    "sff": "spinal cord"
  },
  {
    "docID": "N251 Nategh",
    "et": "SpinalCord",
    "off": 8237,
    "sff": "spinal cord"
  },
  {
    "docID": "N251 Nategh",
    "et": "SpinalCord",
    "off": 16618,
    "sff": "spinal cord"
  },
  {
    "docID": "N251 Nategh",
    "et": "SpinalCord",
    "off": 11937,
    "sff": "spinal cord"
  },
  {
    "docID": "N251 Nategh",
    "et": "SpinalCord",
    "off": 1952,
    "sff": "spinal cord"
  },
  {
    "docID": "N251 Nategh",
    "et": "SpinalCord",
    "off": 17632,
    "sff": "spinal cord"
  },
  {
    "docID": "N251 Nategh",
    "et": "SpinalCord",
    "off": 99,
    "sff": "Spinal Cord"
  },
  {
    "docID": "N251 Nategh",
    "et": "SpinalCord",
    "off": 671,
    "sff": "spinal cord"
  },
  {
    "docID": "N251 Nategh",
    "et": "SpinalCord",
    "off": 862,
    "sff": "spinal cord"
  },
  {
    "docID": "N251 Nategh",
    "et": "SpinalCord",
    "off": 4319,
    "sff": "Spinal cord"
  },
  {
    "docID": "N251 Nategh",
    "et": "SpinalCord",
    "off": 13410,
    "sff": "spinal cord"
  },
  {
    "docID": "N251 Nategh",
    "et": "SpinalCord",
    "off": 1625,
    "sff": "spinal cord"
  },
  {
    "docID": "N251 Nategh",
    "et": "SpinalCord",
    "off": 10072,
    "sff": "spinal cord"
  },
  {
    "docID": "N251 Nategh",
    "et": "SpinalCord",
    "off": 727,
    "sff": "spinal cord"
  },
  {
    "docID": "N251 Nategh",
    "et": "SpinalCord",
    "off": 2647,
    "sff": "spinal cord"
  },
  {
    "docID": "N251 Nategh",
    "et": "SpinalCord",
    "off": 13787,
    "sff": "spinal cord"
  },
  {
    "docID": "N251 Nategh",
    "et": "SpinalCord",
    "off": 17883,
    "sff": "spinal cord"
  },
  {
    "docID": "N251 Nategh",
    "et": "SpinalCord",
    "off": 3482,
    "sff": "spinal cord"
  },
  {
    "docID": "N251 Nategh",
    "et": "SpinalCord",
    "off": 15699,
    "sff": "spinal cord"
  },
  {
    "docID": "N251 Nategh",
    "et": "SpinalCord",
    "off": 15757,
    "sff": "spinal cord"
  },
  {
    "docID": "N251 Nategh",
    "et": "SpinalCord",
    "off": 12300,
    "sff": "spinal cord"
  },
  {
    "docID": "N251 Nategh",
    "et": "SpinalCord",
    "off": 18314,
    "sff": "spinal cord"
  },
  {
    "docID": "N251 Nategh",
    "et": "SpinalCord",
    "off": 1279,
    "sff": "spinal cord"
  },
  {
    "docID": "N251 Nategh",
    "et": "SpinalCord",
    "off": 446,
    "sff": "spinal cord"
  },
  {
    "docID": "N251 Nategh",
    "et": "Proliferation",
    "off": 16692,
    "sff": "proliferation"
  },
  {
    "docID": "N251 Nategh",
    "et": "LesionAdjacentTissue",
    "off": 8278,
    "sff": "lesion"
  },
  {
    "docID": "N251 Nategh",
    "et": "OscillatingFieldStimulator",
    "off": 18751,
    "sff": "field"
  },
  {
    "docID": "N251 Nategh",
    "et": "WistarRat",
    "off": 3780,
    "sff": "Wistar"
  },
  {
    "docID": "N251 Nategh",
    "et": "SpinalCentralPart",
    "off": 16618,
    "sff": "spinal"
  },
  {
    "docID": "N251 Nategh",
    "et": "SpinalCentralPart",
    "off": 99,
    "sff": "Spinal"
  },
  {
    "docID": "N251 Nategh",
    "et": "SpinalCentralPart",
    "off": 8237,
    "sff": "spinal"
  },
  {
    "docID": "N251 Nategh",
    "et": "SpinalCentralPart",
    "off": 6830,
    "sff": "spinal"
  },
  {
    "docID": "N251 Nategh",
    "et": "SpinalCentralPart",
    "off": 13410,
    "sff": "spinal"
  },
  {
    "docID": "N251 Nategh",
    "et": "SpinalCentralPart",
    "off": 14118,
    "sff": "spinal"
  },
  {
    "docID": "N251 Nategh",
    "et": "SpinalCentralPart",
    "off": 3482,
    "sff": "spinal"
  },
  {
    "docID": "N251 Nategh",
    "et": "SpinalCentralPart",
    "off": 13787,
    "sff": "spinal"
  },
  {
    "docID": "N251 Nategh",
    "et": "SpinalCentralPart",
    "off": 17883,
    "sff": "spinal"
  },
  {
    "docID": "N251 Nategh",
    "et": "SpinalCentralPart",
    "off": 862,
    "sff": "spinal"
  },
  {
    "docID": "N251 Nategh",
    "et": "SpinalCentralPart",
    "off": 671,
    "sff": "spinal"
  },
  {
    "docID": "N251 Nategh",
    "et": "SpinalCentralPart",
    "off": 1952,
    "sff": "spinal"
  },
  {
    "docID": "N251 Nategh",
    "et": "SpinalCentralPart",
    "off": 17632,
    "sff": "spinal"
  },
  {
    "docID": "N251 Nategh",
    "et": "SpinalCentralPart",
    "off": 11937,
    "sff": "spinal"
  },
  {
    "docID": "N251 Nategh",
    "et": "SpinalCentralPart",
    "off": 15699,
    "sff": "spinal"
  },
  {
    "docID": "N251 Nategh",
    "et": "SpinalCentralPart",
    "off": 727,
    "sff": "spinal"
  },
  {
    "docID": "N251 Nategh",
    "et": "SpinalCentralPart",
    "off": 2647,
    "sff": "spinal"
  },
  {
    "docID": "N251 Nategh",
    "et": "SpinalCentralPart",
    "off": 10072,
    "sff": "spinal"
  },
  {
    "docID": "N251 Nategh",
    "et": "SpinalCentralPart",
    "off": 1625,
    "sff": "spinal"
  },
  {
    "docID": "N251 Nategh",
    "et": "SpinalCentralPart",
    "off": 4319,
    "sff": "Spinal"
  },
  {
    "docID": "N251 Nategh",
    "et": "SpinalCentralPart",
    "off": 18314,
    "sff": "spinal"
  },
  {
    "docID": "N251 Nategh",
    "et": "SpinalCentralPart",
    "off": 12300,
    "sff": "spinal"
  },
  {
    "docID": "N251 Nategh",
    "et": "SpinalCentralPart",
    "off": 15757,
    "sff": "spinal"
  },
  {
    "docID": "N251 Nategh",
    "et": "SpinalCentralPart",
    "off": 186,
    "sff": "spinal"
  },
  {
    "docID": "N251 Nategh",
    "et": "SpinalCentralPart",
    "off": 2299,
    "sff": "spinal"
  },
  {
    "docID": "N251 Nategh",
    "et": "SpinalCentralPart",
    "off": 446,
    "sff": "spinal"
  },
  {
    "docID": "N251 Nategh",
    "et": "SpinalCentralPart",
    "off": 1279,
    "sff": "spinal"
  },
  {
    "docID": "N251 Nategh",
    "et": "SpinalCentralPart",
    "off": 18228,
    "sff": "spinal"
  },
  {
    "docID": "N251 Nategh",
    "et": "SpinalCentralPart",
    "off": 3638,
    "sff": "spinal"
  },
  {
    "docID": "N251 Nategh",
    "et": "SpinalCentralPart",
    "off": 13622,
    "sff": "spinal"
  },
  {
    "docID": "N251 Nategh",
    "et": "SpinalCentralPart",
    "off": 2040,
    "sff": "spinal"
  },
  {
    "docID": "N251 Nategh",
    "et": "SpinalCentralPart",
    "off": 3320,
    "sff": "spinal"
  },
  {
    "docID": "N251 Nategh",
    "et": "SpinalCentralPart",
    "off": 2489,
    "sff": "spinal"
  },
  {
    "docID": "N251 Nategh",
    "et": "Ketamine",
    "off": 4422,
    "sff": "Ketamine"
  },
  {
    "docID": "N251 Nategh",
    "et": "AscendingFiberTract",
    "off": 6483,
    "sff": "fiber"
  },
  {
    "docID": "N251 Nategh",
    "et": "SpinalWhiteMatter",
    "off": 4319,
    "sff": "Spinal"
  },
  {
    "docID": "N251 Nategh",
    "et": "SpinalWhiteMatter",
    "off": 14118,
    "sff": "spinal"
  },
  {
    "docID": "N251 Nategh",
    "et": "SpinalWhiteMatter",
    "off": 99,
    "sff": "Spinal"
  },
  {
    "docID": "N251 Nategh",
    "et": "SpinalWhiteMatter",
    "off": 12014,
    "sff": "white matter"
  },
  {
    "docID": "N251 Nategh",
    "et": "SpinalWhiteMatter",
    "off": 16618,
    "sff": "spinal"
  },
  {
    "docID": "N251 Nategh",
    "et": "SpinalWhiteMatter",
    "off": 8237,
    "sff": "spinal"
  },
  {
    "docID": "N251 Nategh",
    "et": "SpinalWhiteMatter",
    "off": 6830,
    "sff": "spinal"
  },
  {
    "docID": "N251 Nategh",
    "et": "SpinalWhiteMatter",
    "off": 727,
    "sff": "spinal"
  },
  {
    "docID": "N251 Nategh",
    "et": "SpinalWhiteMatter",
    "off": 2647,
    "sff": "spinal"
  },
  {
    "docID": "N251 Nategh",
    "et": "SpinalWhiteMatter",
    "off": 16828,
    "sff": "white matter"
  },
  {
    "docID": "N251 Nategh",
    "et": "SpinalWhiteMatter",
    "off": 10072,
    "sff": "spinal"
  },
  {
    "docID": "N251 Nategh",
    "et": "SpinalWhiteMatter",
    "off": 10109,
    "sff": "white matter"
  },
  {
    "docID": "N251 Nategh",
    "et": "SpinalWhiteMatter",
    "off": 12014,
    "sff": "white"
  },
  {
    "docID": "N251 Nategh",
    "et": "SpinalWhiteMatter",
    "off": 1625,
    "sff": "spinal"
  },
  {
    "docID": "N251 Nategh",
    "et": "SpinalWhiteMatter",
    "off": 3482,
    "sff": "spinal"
  },
  {
    "docID": "N251 Nategh",
    "et": "SpinalWhiteMatter",
    "off": 13787,
    "sff": "spinal"
  },
  {
    "docID": "N251 Nategh",
    "et": "SpinalWhiteMatter",
    "off": 17883,
    "sff": "spinal"
  },
  {
    "docID": "N251 Nategh",
    "et": "SpinalWhiteMatter",
    "off": 862,
    "sff": "spinal"
  },
  {
    "docID": "N251 Nategh",
    "et": "SpinalWhiteMatter",
    "off": 671,
    "sff": "spinal"
  },
  {
    "docID": "N251 Nategh",
    "et": "SpinalWhiteMatter",
    "off": 1952,
    "sff": "spinal"
  },
  {
    "docID": "N251 Nategh",
    "et": "SpinalWhiteMatter",
    "off": 17632,
    "sff": "spinal"
  },
  {
    "docID": "N251 Nategh",
    "et": "SpinalWhiteMatter",
    "off": 11937,
    "sff": "spinal"
  },
  {
    "docID": "N251 Nategh",
    "et": "SpinalWhiteMatter",
    "off": 13410,
    "sff": "spinal"
  },
  {
    "docID": "N251 Nategh",
    "et": "SpinalWhiteMatter",
    "off": 16828,
    "sff": "white"
  },
  {
    "docID": "N251 Nategh",
    "et": "SpinalWhiteMatter",
    "off": 18314,
    "sff": "spinal"
  },
  {
    "docID": "N251 Nategh",
    "et": "SpinalWhiteMatter",
    "off": 10109,
    "sff": "white"
  },
  {
    "docID": "N251 Nategh",
    "et": "SpinalWhiteMatter",
    "off": 12300,
    "sff": "spinal"
  },
  {
    "docID": "N251 Nategh",
    "et": "SpinalWhiteMatter",
    "off": 15757,
    "sff": "spinal"
  },
  {
    "docID": "N251 Nategh",
    "et": "SpinalWhiteMatter",
    "off": 15699,
    "sff": "spinal"
  },
  {
    "docID": "N251 Nategh",
    "et": "SpinalWhiteMatter",
    "off": 18228,
    "sff": "spinal"
  },
  {
    "docID": "N251 Nategh",
    "et": "SpinalWhiteMatter",
    "off": 3638,
    "sff": "spinal"
  },
  {
    "docID": "N251 Nategh",
    "et": "SpinalWhiteMatter",
    "off": 13622,
    "sff": "spinal"
  },
  {
    "docID": "N251 Nategh",
    "et": "SpinalWhiteMatter",
    "off": 2040,
    "sff": "spinal"
  },
  {
    "docID": "N251 Nategh",
    "et": "SpinalWhiteMatter",
    "off": 3320,
    "sff": "spinal"
  },
  {
    "docID": "N251 Nategh",
    "et": "SpinalWhiteMatter",
    "off": 2489,
    "sff": "spinal"
  },
  {
    "docID": "N251 Nategh",
    "et": "SpinalWhiteMatter",
    "off": 186,
    "sff": "spinal"
  },
  {
    "docID": "N251 Nategh",
    "et": "SpinalWhiteMatter",
    "off": 2299,
    "sff": "spinal"
  },
  {
    "docID": "N251 Nategh",
    "et": "SpinalWhiteMatter",
    "off": 446,
    "sff": "spinal"
  },
  {
    "docID": "N251 Nategh",
    "et": "SpinalWhiteMatter",
    "off": 1279,
    "sff": "spinal"
  },
  {
    "docID": "N251 Nategh",
    "et": "Antibody",
    "off": 6200,
    "sff": "antibody"
  },
  {
    "docID": "N251 Nategh",
    "et": "Antibody",
    "off": 8981,
    "sff": "antibody"
  },
  {
    "docID": "N251 Nategh",
    "et": "Antibody",
    "off": 10213,
    "sff": "antibody"
  },
  {
    "docID": "N251 Nategh",
    "et": "Purification",
    "off": 6345,
    "sff": "Purification"
  },
  {
    "docID": "N251 Nategh",
    "et": "UmbilicalCordBloodStemCell",
    "off": 16625,
    "sff": "cord"
  },
  {
    "docID": "N251 Nategh",
    "et": "UmbilicalCordBloodStemCell",
    "off": 13810,
    "sff": "cord"
  },
  {
    "docID": "N251 Nategh",
    "et": "UmbilicalCordBloodStemCell",
    "off": 14125,
    "sff": "cord"
  },
  {
    "docID": "N251 Nategh",
    "et": "UmbilicalCordBloodStemCell",
    "off": 4856,
    "sff": "cord"
  },
  {
    "docID": "N251 Nategh",
    "et": "UmbilicalCordBloodStemCell",
    "off": 8244,
    "sff": "cord"
  },
  {
    "docID": "N251 Nategh",
    "et": "UmbilicalCordBloodStemCell",
    "off": 6837,
    "sff": "cord"
  },
  {
    "docID": "N251 Nategh",
    "et": "UmbilicalCordBloodStemCell",
    "off": 1632,
    "sff": "cord"
  },
  {
    "docID": "N251 Nategh",
    "et": "UmbilicalCordBloodStemCell",
    "off": 10079,
    "sff": "cord"
  },
  {
    "docID": "N251 Nategh",
    "et": "UmbilicalCordBloodStemCell",
    "off": 17890,
    "sff": "cord"
  },
  {
    "docID": "N251 Nategh",
    "et": "UmbilicalCordBloodStemCell",
    "off": 13794,
    "sff": "cord"
  },
  {
    "docID": "N251 Nategh",
    "et": "UmbilicalCordBloodStemCell",
    "off": 3489,
    "sff": "cord"
  },
  {
    "docID": "N251 Nategh",
    "et": "UmbilicalCordBloodStemCell",
    "off": 12577,
    "sff": "cord"
  },
  {
    "docID": "N251 Nategh",
    "et": "UmbilicalCordBloodStemCell",
    "off": 106,
    "sff": "Cord"
  },
  {
    "docID": "N251 Nategh",
    "et": "UmbilicalCordBloodStemCell",
    "off": 734,
    "sff": "cord"
  },
  {
    "docID": "N251 Nategh",
    "et": "UmbilicalCordBloodStemCell",
    "off": 2654,
    "sff": "cord"
  },
  {
    "docID": "N251 Nategh",
    "et": "UmbilicalCordBloodStemCell",
    "off": 11944,
    "sff": "cord"
  },
  {
    "docID": "N251 Nategh",
    "et": "UmbilicalCordBloodStemCell",
    "off": 1959,
    "sff": "cord"
  },
  {
    "docID": "N251 Nategh",
    "et": "UmbilicalCordBloodStemCell",
    "off": 17639,
    "sff": "cord"
  },
  {
    "docID": "N251 Nategh",
    "et": "UmbilicalCordBloodStemCell",
    "off": 13417,
    "sff": "cord"
  },
  {
    "docID": "N251 Nategh",
    "et": "UmbilicalCordBloodStemCell",
    "off": 678,
    "sff": "cord"
  },
  {
    "docID": "N251 Nategh",
    "et": "UmbilicalCordBloodStemCell",
    "off": 4326,
    "sff": "cord"
  },
  {
    "docID": "N251 Nategh",
    "et": "UmbilicalCordBloodStemCell",
    "off": 869,
    "sff": "cord"
  },
  {
    "docID": "N251 Nategh",
    "et": "UmbilicalCordBloodStemCell",
    "off": 18321,
    "sff": "cord"
  },
  {
    "docID": "N251 Nategh",
    "et": "UmbilicalCordBloodStemCell",
    "off": 15706,
    "sff": "cord"
  },
  {
    "docID": "N251 Nategh",
    "et": "UmbilicalCordBloodStemCell",
    "off": 15764,
    "sff": "cord"
  },
  {
    "docID": "N251 Nategh",
    "et": "UmbilicalCordBloodStemCell",
    "off": 12307,
    "sff": "cord"
  },
  {
    "docID": "N251 Nategh",
    "et": "UmbilicalCordBloodStemCell",
    "off": 2496,
    "sff": "cord"
  },
  {
    "docID": "N251 Nategh",
    "et": "UmbilicalCordBloodStemCell",
    "off": 2047,
    "sff": "cord"
  },
  {
    "docID": "N251 Nategh",
    "et": "UmbilicalCordBloodStemCell",
    "off": 3327,
    "sff": "cord"
  },
  {
    "docID": "N251 Nategh",
    "et": "UmbilicalCordBloodStemCell",
    "off": 2306,
    "sff": "cord"
  },
  {
    "docID": "N251 Nategh",
    "et": "UmbilicalCordBloodStemCell",
    "off": 193,
    "sff": "cord"
  },
  {
    "docID": "N251 Nategh",
    "et": "UmbilicalCordBloodStemCell",
    "off": 18235,
    "sff": "cord"
  },
  {
    "docID": "N251 Nategh",
    "et": "UmbilicalCordBloodStemCell",
    "off": 3645,
    "sff": "cord"
  },
  {
    "docID": "N251 Nategh",
    "et": "UmbilicalCordBloodStemCell",
    "off": 13629,
    "sff": "cord"
  },
  {
    "docID": "N251 Nategh",
    "et": "UmbilicalCordBloodStemCell",
    "off": 4745,
    "sff": "cord"
  },
  {
    "docID": "N251 Nategh",
    "et": "UmbilicalCordBloodStemCell",
    "off": 1286,
    "sff": "cord"
  },
  {
    "docID": "N251 Nategh",
    "et": "UmbilicalCordBloodStemCell",
    "off": 453,
    "sff": "cord"
  },
  {
    "docID": "N251 Nategh",
    "et": "SpinalGrayMatter",
    "off": 18314,
    "sff": "spinal"
  },
  {
    "docID": "N251 Nategh",
    "et": "SpinalGrayMatter",
    "off": 15757,
    "sff": "spinal"
  },
  {
    "docID": "N251 Nategh",
    "et": "SpinalGrayMatter",
    "off": 12300,
    "sff": "spinal"
  },
  {
    "docID": "N251 Nategh",
    "et": "SpinalGrayMatter",
    "off": 15699,
    "sff": "spinal"
  },
  {
    "docID": "N251 Nategh",
    "et": "SpinalGrayMatter",
    "off": 727,
    "sff": "spinal"
  },
  {
    "docID": "N251 Nategh",
    "et": "SpinalGrayMatter",
    "off": 2647,
    "sff": "spinal"
  },
  {
    "docID": "N251 Nategh",
    "et": "SpinalGrayMatter",
    "off": 1625,
    "sff": "spinal"
  },
  {
    "docID": "N251 Nategh",
    "et": "SpinalGrayMatter",
    "off": 10072,
    "sff": "spinal"
  },
  {
    "docID": "N251 Nategh",
    "et": "SpinalGrayMatter",
    "off": 13787,
    "sff": "spinal"
  },
  {
    "docID": "N251 Nategh",
    "et": "SpinalGrayMatter",
    "off": 17883,
    "sff": "spinal"
  },
  {
    "docID": "N251 Nategh",
    "et": "SpinalGrayMatter",
    "off": 3482,
    "sff": "spinal"
  },
  {
    "docID": "N251 Nategh",
    "et": "SpinalGrayMatter",
    "off": 671,
    "sff": "spinal"
  },
  {
    "docID": "N251 Nategh",
    "et": "SpinalGrayMatter",
    "off": 862,
    "sff": "spinal"
  },
  {
    "docID": "N251 Nategh",
    "et": "SpinalGrayMatter",
    "off": 11937,
    "sff": "spinal"
  },
  {
    "docID": "N251 Nategh",
    "et": "SpinalGrayMatter",
    "off": 1952,
    "sff": "spinal"
  },
  {
    "docID": "N251 Nategh",
    "et": "SpinalGrayMatter",
    "off": 17632,
    "sff": "spinal"
  },
  {
    "docID": "N251 Nategh",
    "et": "SpinalGrayMatter",
    "off": 13410,
    "sff": "spinal"
  },
  {
    "docID": "N251 Nategh",
    "et": "SpinalGrayMatter",
    "off": 14118,
    "sff": "spinal"
  },
  {
    "docID": "N251 Nategh",
    "et": "SpinalGrayMatter",
    "off": 16618,
    "sff": "spinal"
  },
  {
    "docID": "N251 Nategh",
    "et": "SpinalGrayMatter",
    "off": 8237,
    "sff": "spinal"
  },
  {
    "docID": "N251 Nategh",
    "et": "SpinalGrayMatter",
    "off": 99,
    "sff": "Spinal"
  },
  {
    "docID": "N251 Nategh",
    "et": "SpinalGrayMatter",
    "off": 6830,
    "sff": "spinal"
  },
  {
    "docID": "N251 Nategh",
    "et": "SpinalGrayMatter",
    "off": 4319,
    "sff": "Spinal"
  },
  {
    "docID": "N251 Nategh",
    "et": "SpinalGrayMatter",
    "off": 18228,
    "sff": "spinal"
  },
  {
    "docID": "N251 Nategh",
    "et": "SpinalGrayMatter",
    "off": 3638,
    "sff": "spinal"
  },
  {
    "docID": "N251 Nategh",
    "et": "SpinalGrayMatter",
    "off": 13622,
    "sff": "spinal"
  },
  {
    "docID": "N251 Nategh",
    "et": "SpinalGrayMatter",
    "off": 2489,
    "sff": "spinal"
  },
  {
    "docID": "N251 Nategh",
    "et": "SpinalGrayMatter",
    "off": 2040,
    "sff": "spinal"
  },
  {
    "docID": "N251 Nategh",
    "et": "SpinalGrayMatter",
    "off": 3320,
    "sff": "spinal"
  },
  {
    "docID": "N251 Nategh",
    "et": "SpinalGrayMatter",
    "off": 2299,
    "sff": "spinal"
  },
  {
    "docID": "N251 Nategh",
    "et": "SpinalGrayMatter",
    "off": 186,
    "sff": "spinal"
  },
  {
    "docID": "N251 Nategh",
    "et": "SpinalGrayMatter",
    "off": 1279,
    "sff": "spinal"
  },
  {
    "docID": "N251 Nategh",
    "et": "SpinalGrayMatter",
    "off": 446,
    "sff": "spinal"
  },
  {
    "docID": "N251 Nategh",
    "et": "RatSpecies",
    "off": 3653,
    "sff": "rat"
  },
  {
    "docID": "N251 Nategh",
    "et": "Caudal",
    "off": 7468,
    "sff": "caudal"
  },
  {
    "docID": "N251 Nategh",
    "et": "CurrentApplication",
    "off": 13743,
    "sff": "current"
  },
  {
    "docID": "N251 Nategh",
    "et": "CurrentApplication",
    "off": 14188,
    "sff": "current"
  },
  {
    "docID": "N251 Nategh",
    "et": "CurrentApplication",
    "off": 14454,
    "sff": "current"
  },
  {
    "docID": "N251 Nategh",
    "et": "CurrentApplication",
    "off": 17015,
    "sff": "Current"
  },
  {
    "docID": "N251 Nategh",
    "et": "CurrentApplication",
    "off": 15604,
    "sff": "current"
  },
  {
    "docID": "N251 Nategh",
    "et": "CurrentApplication",
    "off": 16020,
    "sff": "current"
  },
  {
    "docID": "N251 Nategh",
    "et": "SchwannCell",
    "off": 12917,
    "sff": "Schwann"
  },
  {
    "docID": "N251 Nategh",
    "et": "SchwannCell",
    "off": 1928,
    "sff": "Schwann cell"
  },
  {
    "docID": "N251 Nategh",
    "et": "SchwannCell",
    "off": 5448,
    "sff": "Schwann cell"
  },
  {
    "docID": "N251 Nategh",
    "et": "SchwannCell",
    "off": 17928,
    "sff": "Schwann cell"
  },
  {
    "docID": "N251 Nategh",
    "et": "SchwannCell",
    "off": 2452,
    "sff": "Schwann cell"
  },
  {
    "docID": "N251 Nategh",
    "et": "SchwannCell",
    "off": 12756,
    "sff": "Schwann cell"
  },
  {
    "docID": "N251 Nategh",
    "et": "SchwannCell",
    "off": 39,
    "sff": "Schwann"
  },
  {
    "docID": "N251 Nategh",
    "et": "SchwannCell",
    "off": 14930,
    "sff": "Schwann cell"
  },
  {
    "docID": "N251 Nategh",
    "et": "SchwannCell",
    "off": 11358,
    "sff": "Schwann cell"
  },
  {
    "docID": "N251 Nategh",
    "et": "SchwannCell",
    "off": 16513,
    "sff": "Schwann"
  },
  {
    "docID": "N251 Nategh",
    "et": "SchwannCell",
    "off": 1150,
    "sff": "Schwann"
  },
  {
    "docID": "N251 Nategh",
    "et": "SchwannCell",
    "off": 13597,
    "sff": "Schwann cell"
  },
  {
    "docID": "N251 Nategh",
    "et": "SchwannCell",
    "off": 16347,
    "sff": "Schwann cell"
  },
  {
    "docID": "N251 Nategh",
    "et": "SchwannCell",
    "off": 18139,
    "sff": "Schwann cell"
  },
  {
    "docID": "N251 Nategh",
    "et": "SchwannCell",
    "off": 3139,
    "sff": "Schwann"
  },
  {
    "docID": "N251 Nategh",
    "et": "SchwannCell",
    "off": 2872,
    "sff": "Schwann"
  },
  {
    "docID": "N251 Nategh",
    "et": "SchwannCell",
    "off": 310,
    "sff": "Schwann"
  },
  {
    "docID": "N251 Nategh",
    "et": "SchwannCell",
    "off": 7031,
    "sff": "Schwann"
  },
  {
    "docID": "N251 Nategh",
    "et": "SchwannCell",
    "off": 12194,
    "sff": "Schwann cell"
  },
  {
    "docID": "N251 Nategh",
    "et": "SchwannCell",
    "off": 17085,
    "sff": "Schwann"
  },
  {
    "docID": "N251 Nategh",
    "et": "SchwannCell",
    "off": 3041,
    "sff": "Schwann cell"
  },
  {
    "docID": "N251 Nategh",
    "et": "SchwannCell",
    "off": 5588,
    "sff": "Schwann"
  },
  {
    "docID": "N251 Nategh",
    "et": "SchwannCell",
    "off": 3241,
    "sff": "Schwann cell"
  },
  {
    "docID": "N251 Nategh",
    "et": "SchwannCell",
    "off": 1527,
    "sff": "Schwann cell"
  },
  {
    "docID": "N251 Nategh",
    "et": "SchwannCell",
    "off": 16311,
    "sff": "Schwann cell"
  },
  {
    "docID": "N251 Nategh",
    "et": "SchwannCell",
    "off": 519,
    "sff": "Schwann"
  },
  {
    "docID": "N251 Nategh",
    "et": "SchwannCell",
    "off": 17228,
    "sff": "Schwann"
  },
  {
    "docID": "N251 Nategh",
    "et": "SchwannCell",
    "off": 3914,
    "sff": "Schwann"
  },
  {
    "docID": "N251 Nategh",
    "et": "SchwannCell",
    "off": 2891,
    "sff": "Schwann"
  },
  {
    "docID": "N251 Nategh",
    "et": "SchwannCell",
    "off": 6091,
    "sff": "Schwann"
  },
  {
    "docID": "N251 Nategh",
    "et": "SchwannCell",
    "off": 2622,
    "sff": "Schwann cell"
  },
  {
    "docID": "N251 Nategh",
    "et": "SchwannCell",
    "off": 10559,
    "sff": "Schwann cell"
  },
  {
    "docID": "N251 Nategh",
    "et": "SchwannCell",
    "off": 11391,
    "sff": "Schwann cell"
  },
  {
    "docID": "N251 Nategh",
    "et": "SchwannCell",
    "off": 17311,
    "sff": "Schwann"
  },
  {
    "docID": "N251 Nategh",
    "et": "SchwannCell",
    "off": 3941,
    "sff": "Schwann"
  },
  {
    "docID": "N251 Nategh",
    "et": "SchwannCell",
    "off": 12056,
    "sff": "Schwann"
  },
  {
    "docID": "N251 Nategh",
    "et": "SchwannCell",
    "off": 3587,
    "sff": "Schwann cell"
  },
  {
    "docID": "N251 Nategh",
    "et": "SigmaAldrich",
    "off": 8768,
    "sff": "Sigma"
  },
  {
    "docID": "N251 Nategh",
    "et": "SigmaAldrich",
    "off": 8823,
    "sff": "Sigma"
  },
  {
    "docID": "N251 Nategh",
    "et": "T10",
    "off": 4631,
    "sff": "T10"
  },
  {
    "docID": "N251 Nategh",
    "et": "T12",
    "off": 4572,
    "sff": "T12"
  },
  {
    "docID": "N251 Nategh",
    "et": "Thoracic",
    "off": 4576,
    "sff": "thoracic"
  },
  {
    "docID": "N251 Nategh",
    "et": "StemCellSourceType",
    "off": 18587,
    "sff": "cell"
  },
  {
    "docID": "N251 Nategh",
    "et": "StemCellSourceType",
    "off": 1566,
    "sff": "Cell"
  },
  {
    "docID": "N251 Nategh",
    "et": "StemCellSourceType",
    "off": 14938,
    "sff": "cell"
  },
  {
    "docID": "N251 Nategh",
    "et": "StemCellSourceType",
    "off": 2460,
    "sff": "cell"
  },
  {
    "docID": "N251 Nategh",
    "et": "StemCellSourceType",
    "off": 12764,
    "sff": "cell"
  },
  {
    "docID": "N251 Nategh",
    "et": "StemCellSourceType",
    "off": 6880,
    "sff": "cell"
  },
  {
    "docID": "N251 Nategh",
    "et": "StemCellSourceType",
    "off": 1810,
    "sff": "cell"
  },
  {
    "docID": "N251 Nategh",
    "et": "StemCellSourceType",
    "off": 3595,
    "sff": "cell"
  },
  {
    "docID": "N251 Nategh",
    "et": "StemCellSourceType",
    "off": 15306,
    "sff": "cell"
  },
  {
    "docID": "N251 Nategh",
    "et": "StemCellSourceType",
    "off": 2574,
    "sff": "cell"
  },
  {
    "docID": "N251 Nategh",
    "et": "StemCellSourceType",
    "off": 6794,
    "sff": "Cell"
  },
  {
    "docID": "N251 Nategh",
    "et": "StemCellSourceType",
    "off": 1936,
    "sff": "cell"
  },
  {
    "docID": "N251 Nategh",
    "et": "StemCellSourceType",
    "off": 5456,
    "sff": "cell"
  },
  {
    "docID": "N251 Nategh",
    "et": "StemCellSourceType",
    "off": 17936,
    "sff": "cell"
  },
  {
    "docID": "N251 Nategh",
    "et": "StemCellSourceType",
    "off": 17348,
    "sff": "cell"
  },
  {
    "docID": "N251 Nategh",
    "et": "StemCellSourceType",
    "off": 2630,
    "sff": "cell"
  },
  {
    "docID": "N251 Nategh",
    "et": "StemCellSourceType",
    "off": 6531,
    "sff": "Cell"
  },
  {
    "docID": "N251 Nategh",
    "et": "StemCellSourceType",
    "off": 10567,
    "sff": "cell"
  },
  {
    "docID": "N251 Nategh",
    "et": "StemCellSourceType",
    "off": 11399,
    "sff": "cell"
  },
  {
    "docID": "N251 Nategh",
    "et": "StemCellSourceType",
    "off": 585,
    "sff": "cell"
  },
  {
    "docID": "N251 Nategh",
    "et": "StemCellSourceType",
    "off": 10427,
    "sff": "cell"
  },
  {
    "docID": "N251 Nategh",
    "et": "StemCellSourceType",
    "off": 17725,
    "sff": "cell"
  },
  {
    "docID": "N251 Nategh",
    "et": "StemCellSourceType",
    "off": 14975,
    "sff": "cell"
  },
  {
    "docID": "N251 Nategh",
    "et": "StemCellSourceType",
    "off": 16319,
    "sff": "cell"
  },
  {
    "docID": "N251 Nategh",
    "et": "StemCellSourceType",
    "off": 1535,
    "sff": "cell"
  },
  {
    "docID": "N251 Nategh",
    "et": "StemCellSourceType",
    "off": 7228,
    "sff": "Cell"
  },
  {
    "docID": "N251 Nategh",
    "et": "StemCellSourceType",
    "off": 14645,
    "sff": "cell"
  },
  {
    "docID": "N251 Nategh",
    "et": "StemCellSourceType",
    "off": 5423,
    "sff": "Cell"
  },
  {
    "docID": "N251 Nategh",
    "et": "StemCellSourceType",
    "off": 12202,
    "sff": "cell"
  },
  {
    "docID": "N251 Nategh",
    "et": "StemCellSourceType",
    "off": 3249,
    "sff": "cell"
  },
  {
    "docID": "N251 Nategh",
    "et": "StemCellSourceType",
    "off": 15139,
    "sff": "cell"
  },
  {
    "docID": "N251 Nategh",
    "et": "StemCellSourceType",
    "off": 16355,
    "sff": "cell"
  },
  {
    "docID": "N251 Nategh",
    "et": "StemCellSourceType",
    "off": 18147,
    "sff": "cell"
  },
  {
    "docID": "N251 Nategh",
    "et": "StemCellSourceType",
    "off": 13605,
    "sff": "cell"
  },
  {
    "docID": "N251 Nategh",
    "et": "StemCellSourceType",
    "off": 11366,
    "sff": "cell"
  },
  {
    "docID": "N251 Nategh",
    "et": "StemCellSourceType",
    "off": 3049,
    "sff": "cell"
  },
  {
    "docID": "N251 Nategh",
    "et": "InVitroExperimentalProcedure",
    "off": 2815,
    "sff": "vitro"
  },
  {
    "docID": "N251 Nategh",
    "et": "InVitroExperimentalProcedure",
    "off": 9554,
    "sff": "experimental"
  },
  {
    "docID": "N251 Nategh",
    "et": "InVitroExperimentalProcedure",
    "off": 10008,
    "sff": "experimental"
  },
  {
    "docID": "N251 Nategh",
    "et": "InVitroExperimentalProcedure",
    "off": 11014,
    "sff": "experimental"
  },
  {
    "docID": "N251 Nategh",
    "et": "InVitroExperimentalProcedure",
    "off": 1843,
    "sff": "vitro"
  },
  {
    "docID": "N251 Nategh",
    "et": "InVitroExperimentalProcedure",
    "off": 2476,
    "sff": "experimental"
  },
  {
    "docID": "N251 Nategh",
    "et": "InVitroExperimentalProcedure",
    "off": 9757,
    "sff": "experimental"
  },
  {
    "docID": "N251 Nategh",
    "et": "Cell",
    "off": 2574,
    "sff": "cell"
  },
  {
    "docID": "N251 Nategh",
    "et": "Cell",
    "off": 1936,
    "sff": "cell"
  },
  {
    "docID": "N251 Nategh",
    "et": "Cell",
    "off": 5456,
    "sff": "cell"
  },
  {
    "docID": "N251 Nategh",
    "et": "Cell",
    "off": 17936,
    "sff": "cell"
  },
  {
    "docID": "N251 Nategh",
    "et": "Cell",
    "off": 1810,
    "sff": "cell"
  },
  {
    "docID": "N251 Nategh",
    "et": "Cell",
    "off": 6794,
    "sff": "Cell"
  },
  {
    "docID": "N251 Nategh",
    "et": "Cell",
    "off": 17348,
    "sff": "cell"
  },
  {
    "docID": "N251 Nategh",
    "et": "Cell",
    "off": 10567,
    "sff": "cell"
  },
  {
    "docID": "N251 Nategh",
    "et": "Cell",
    "off": 11399,
    "sff": "cell"
  },
  {
    "docID": "N251 Nategh",
    "et": "Cell",
    "off": 2630,
    "sff": "cell"
  },
  {
    "docID": "N251 Nategh",
    "et": "Cell",
    "off": 585,
    "sff": "cell"
  },
  {
    "docID": "N251 Nategh",
    "et": "Cell",
    "off": 3595,
    "sff": "cell"
  },
  {
    "docID": "N251 Nategh",
    "et": "Cell",
    "off": 15306,
    "sff": "cell"
  },
  {
    "docID": "N251 Nategh",
    "et": "Cell",
    "off": 2460,
    "sff": "cell"
  },
  {
    "docID": "N251 Nategh",
    "et": "Cell",
    "off": 12764,
    "sff": "cell"
  },
  {
    "docID": "N251 Nategh",
    "et": "Cell",
    "off": 1566,
    "sff": "Cell"
  },
  {
    "docID": "N251 Nategh",
    "et": "Cell",
    "off": 6880,
    "sff": "cell"
  },
  {
    "docID": "N251 Nategh",
    "et": "Cell",
    "off": 15139,
    "sff": "cell"
  },
  {
    "docID": "N251 Nategh",
    "et": "Cell",
    "off": 16355,
    "sff": "cell"
  },
  {
    "docID": "N251 Nategh",
    "et": "Cell",
    "off": 18147,
    "sff": "cell"
  },
  {
    "docID": "N251 Nategh",
    "et": "Cell",
    "off": 18587,
    "sff": "cell"
  },
  {
    "docID": "N251 Nategh",
    "et": "Cell",
    "off": 14938,
    "sff": "cell"
  },
  {
    "docID": "N251 Nategh",
    "et": "Cell",
    "off": 3249,
    "sff": "cell"
  },
  {
    "docID": "N251 Nategh",
    "et": "Cell",
    "off": 5423,
    "sff": "Cell"
  },
  {
    "docID": "N251 Nategh",
    "et": "Cell",
    "off": 13605,
    "sff": "cell"
  },
  {
    "docID": "N251 Nategh",
    "et": "Cell",
    "off": 11366,
    "sff": "cell"
  },
  {
    "docID": "N251 Nategh",
    "et": "Cell",
    "off": 3049,
    "sff": "cell"
  },
  {
    "docID": "N251 Nategh",
    "et": "Cell",
    "off": 12202,
    "sff": "cell"
  },
  {
    "docID": "N251 Nategh",
    "et": "Cell",
    "off": 17725,
    "sff": "cell"
  },
  {
    "docID": "N251 Nategh",
    "et": "Cell",
    "off": 6531,
    "sff": "Cell"
  },
  {
    "docID": "N251 Nategh",
    "et": "Cell",
    "off": 1535,
    "sff": "cell"
  },
  {
    "docID": "N251 Nategh",
    "et": "Cell",
    "off": 14975,
    "sff": "cell"
  },
  {
    "docID": "N251 Nategh",
    "et": "Cell",
    "off": 16319,
    "sff": "cell"
  },
  {
    "docID": "N251 Nategh",
    "et": "Cell",
    "off": 7228,
    "sff": "Cell"
  },
  {
    "docID": "N251 Nategh",
    "et": "Cell",
    "off": 14645,
    "sff": "cell"
  },
  {
    "docID": "N251 Nategh",
    "et": "Cell",
    "off": 10427,
    "sff": "cell"
  },
  {
    "docID": "N251 Nategh",
    "et": "SpinalDorsalHalf",
    "off": 15757,
    "sff": "spinal"
  },
  {
    "docID": "N251 Nategh",
    "et": "SpinalDorsalHalf",
    "off": 12300,
    "sff": "spinal"
  },
  {
    "docID": "N251 Nategh",
    "et": "SpinalDorsalHalf",
    "off": 18314,
    "sff": "spinal"
  },
  {
    "docID": "N251 Nategh",
    "et": "SpinalDorsalHalf",
    "off": 13905,
    "sff": "dorsal"
  },
  {
    "docID": "N251 Nategh",
    "et": "SpinalDorsalHalf",
    "off": 1279,
    "sff": "spinal"
  },
  {
    "docID": "N251 Nategh",
    "et": "SpinalDorsalHalf",
    "off": 446,
    "sff": "spinal"
  },
  {
    "docID": "N251 Nategh",
    "et": "SpinalDorsalHalf",
    "off": 2299,
    "sff": "spinal"
  },
  {
    "docID": "N251 Nategh",
    "et": "SpinalDorsalHalf",
    "off": 186,
    "sff": "spinal"
  },
  {
    "docID": "N251 Nategh",
    "et": "SpinalDorsalHalf",
    "off": 2489,
    "sff": "spinal"
  },
  {
    "docID": "N251 Nategh",
    "et": "SpinalDorsalHalf",
    "off": 4833,
    "sff": "dorsal"
  },
  {
    "docID": "N251 Nategh",
    "et": "SpinalDorsalHalf",
    "off": 2040,
    "sff": "spinal"
  },
  {
    "docID": "N251 Nategh",
    "et": "SpinalDorsalHalf",
    "off": 3320,
    "sff": "spinal"
  },
  {
    "docID": "N251 Nategh",
    "et": "SpinalDorsalHalf",
    "off": 3638,
    "sff": "spinal"
  },
  {
    "docID": "N251 Nategh",
    "et": "SpinalDorsalHalf",
    "off": 13622,
    "sff": "spinal"
  },
  {
    "docID": "N251 Nategh",
    "et": "SpinalDorsalHalf",
    "off": 18228,
    "sff": "spinal"
  },
  {
    "docID": "N251 Nategh",
    "et": "SpinalDorsalHalf",
    "off": 2263,
    "sff": "dorsal"
  },
  {
    "docID": "N251 Nategh",
    "et": "SpinalDorsalHalf",
    "off": 6830,
    "sff": "spinal"
  },
  {
    "docID": "N251 Nategh",
    "et": "SpinalDorsalHalf",
    "off": 8237,
    "sff": "spinal"
  },
  {
    "docID": "N251 Nategh",
    "et": "SpinalDorsalHalf",
    "off": 16618,
    "sff": "spinal"
  },
  {
    "docID": "N251 Nategh",
    "et": "SpinalDorsalHalf",
    "off": 14118,
    "sff": "spinal"
  },
  {
    "docID": "N251 Nategh",
    "et": "SpinalDorsalHalf",
    "off": 4319,
    "sff": "Spinal"
  },
  {
    "docID": "N251 Nategh",
    "et": "SpinalDorsalHalf",
    "off": 13410,
    "sff": "spinal"
  },
  {
    "docID": "N251 Nategh",
    "et": "SpinalDorsalHalf",
    "off": 99,
    "sff": "Spinal"
  },
  {
    "docID": "N251 Nategh",
    "et": "SpinalDorsalHalf",
    "off": 11937,
    "sff": "spinal"
  },
  {
    "docID": "N251 Nategh",
    "et": "SpinalDorsalHalf",
    "off": 1952,
    "sff": "spinal"
  },
  {
    "docID": "N251 Nategh",
    "et": "SpinalDorsalHalf",
    "off": 17632,
    "sff": "spinal"
  },
  {
    "docID": "N251 Nategh",
    "et": "SpinalDorsalHalf",
    "off": 671,
    "sff": "spinal"
  },
  {
    "docID": "N251 Nategh",
    "et": "SpinalDorsalHalf",
    "off": 862,
    "sff": "spinal"
  },
  {
    "docID": "N251 Nategh",
    "et": "SpinalDorsalHalf",
    "off": 13787,
    "sff": "spinal"
  },
  {
    "docID": "N251 Nategh",
    "et": "SpinalDorsalHalf",
    "off": 17883,
    "sff": "spinal"
  },
  {
    "docID": "N251 Nategh",
    "et": "SpinalDorsalHalf",
    "off": 3482,
    "sff": "spinal"
  },
  {
    "docID": "N251 Nategh",
    "et": "SpinalDorsalHalf",
    "off": 1625,
    "sff": "spinal"
  },
  {
    "docID": "N251 Nategh",
    "et": "SpinalDorsalHalf",
    "off": 10072,
    "sff": "spinal"
  },
  {
    "docID": "N251 Nategh",
    "et": "SpinalDorsalHalf",
    "off": 727,
    "sff": "spinal"
  },
  {
    "docID": "N251 Nategh",
    "et": "SpinalDorsalHalf",
    "off": 2647,
    "sff": "spinal"
  },
  {
    "docID": "N251 Nategh",
    "et": "SpinalDorsalHalf",
    "off": 15699,
    "sff": "spinal"
  },
  {
    "docID": "N251 Nategh",
    "et": "HematoxyLinEosin",
    "off": 9395,
    "sff": "Hematoxylin"
  },
  {
    "docID": "N251 Nategh",
    "et": "HematoxyLinEosin",
    "off": 9245,
    "sff": "Hematoxylin"
  },
  {
    "docID": "N251 Nategh",
    "et": "Water",
    "off": 5107,
    "sff": "water"
  },
  {
    "docID": "N251 Nategh",
    "et": "Water",
    "off": 8584,
    "sff": "water"
  },
  {
    "docID": "N251 Nategh",
    "et": "ExperimentalProcedure",
    "off": 9554,
    "sff": "experimental"
  },
  {
    "docID": "N251 Nategh",
    "et": "ExperimentalProcedure",
    "off": 11014,
    "sff": "experimental"
  },
  {
    "docID": "N251 Nategh",
    "et": "ExperimentalProcedure",
    "off": 10008,
    "sff": "experimental"
  },
  {
    "docID": "N251 Nategh",
    "et": "ExperimentalProcedure",
    "off": 2476,
    "sff": "experimental"
  },
  {
    "docID": "N251 Nategh",
    "et": "ExperimentalProcedure",
    "off": 9757,
    "sff": "experimental"
  }
]
