#Entity	Slot	SlotSuperEntityType
InclinedPlaneTest	hasDirection	Direction
MedicationDuringSurgery	hasDeliveryMethod	DeliveryMethod
AnatomicalLocation	hasDistance	Distance
AnatomicalLocation	hasDepth	Depth
TemperatureTreatment	hasTemperature	Temperature
PostsurgicalMedication	hasDosage	Dosage
Compound	hasSupplier	CompoundSupplier
Compound	hasTissueSourceLocation	AnatomicalLocation
LateralHemisection	hasDirection	Direction
Direction	relativeTo	Location
InjuryByAccident	hasInjuryByAccidentType	InjuryByAccidentType
Cell	hasOrganismSpecies	OrganismSpecies
Cell	hasExperimentalProcedure	ExperimentalProcedure
Cell	hasCompoundBiologicalRelation	CompoundBiologicalRelation
DeliveryMethod	hasDuration	Duration
DeliveryMethod	hasLocation	Location
NonFunctionalTest	hasLocation	Location
ElectromagneticFieldTreatment	hasCurrent	Current
ElectromagneticFieldTreatment	hasElectricFieldStrength	ElectricFieldStrength
ElectromagneticFieldTreatment	hasVoltage	Voltage
StemCell	hasStemCellSourceType	StemCellSourceType
Anaesthetic	hasDosage	Dosage
Trend	hasSignificance	Significance
Trend	hasDifference	ObservedDifference
InvestigationMethod	makesUseOf	Apparatus
PhotochemicalInjury	hasLightIntensity	LightIntensity
NumericValue	hasStandardError	StandardError
NumericValue	hasValue	Value
NumericValue	hasStandardDeviation	StandardDeviation
Blade	hasLongitude	Length
Blade	hasThickness	Thickness
Person	hasName	Name
ChemicalInjury	hasChemicalCompound	Compound
Treatment	hasDeliveryMethod	DeliveryMethod
Treatment	hasDuration	Duration
Treatment	hasApplicationInstrument	ApplicationInstrument
Treatment	hasFrequency	Frequency
Treatment	hasInterval	Interval
Treatment	hasLocation	Location
Treatment	hasDirection	Direction
FunctionalTest	testsFor	Function
FunctionalTest	hasDuration	Duration
Tissue	hasOrganismSpecies	OrganismSpecies
Tissue	hasCompoundBiologicalRelation	CompoundBiologicalRelation
OrganismModel	hasAge	Age
OrganismModel	hasWeight	Weight
OrganismModel	hasOrganismSpecies	OrganismSpecies
OrganismModel	hasAgeCategory	AgeCategory
OrganismModel	hasGender	Gender
Observation	hasNonNumericValue	NonNumericValue
Observation	hasNumericValue	NumericValue
Observation	belongsTo	ExperimentalGroup
VertebralArea	hasLowerVertebrae	Vertebrae
VertebralArea	hasUpperVertebrae	Vertebrae
Clip	hasForce	Force
Clip	hasWeight	Weight
Clip	hasDuration	Duration
Balloon	hasForce	Force
Conduit	hasOrganismSpecies	OrganismSpecies
Balloon	hasVolume	Volume
Balloon	hasPressure	Pressure
CompoundTreatment	hasDosage	Dosage
CompoundTreatment	hasSuppliedCompositeCompound	Compound
CompoundTreatment	hasCompound	Compound
