[
  {
    "docID": "N001 Yoo, Khaled et al. 2013",
    "et": "T7",
    "off": 38538,
    "sff": "T7"
  },
  {
    "docID": "N001 Yoo, Khaled et al. 2013",
    "et": "L1",
    "off": 5521,
    "sff": "L1"
  },
  {
    "docID": "N001 Yoo, Khaled et al. 2013",
    "et": "T9",
    "off": 38541,
    "sff": "T9"
  },
  {
    "docID": "N001 Yoo, Khaled et al. 2013",
    "et": "C2",
    "off": 3787,
    "sff": "C2"
  },
  {
    "docID": "N001 Yoo, Khaled et al. 2013",
    "et": "C4",
    "off": 6753,
    "sff": "C4"
  },
  {
    "docID": "N001 Yoo, Khaled et al. 2013",
    "et": "C4",
    "off": 3812,
    "sff": "C4"
  },
  {
    "docID": "N001 Yoo, Khaled et al. 2013",
    "et": "C4",
    "off": 4568,
    "sff": "C4"
  },
  {
    "docID": "N001 Yoo, Khaled et al. 2013",
    "et": "C4",
    "off": 4846,
    "sff": "C4"
  },
  {
    "docID": "N001 Yoo, Khaled et al. 2013",
    "et": "C4",
    "off": 27408,
    "sff": "C4"
  },
  {
    "docID": "N001 Yoo, Khaled et al. 2013",
    "et": "C4",
    "off": 4751,
    "sff": "C4"
  },
  {
    "docID": "N001 Yoo, Khaled et al. 2013",
    "et": "VertebralArea",
    "off": 38538,
    "sff": "T7–T9"
  }
]
