[
  {
    "docID": "N002 Takeuchi, Yoshioka, N.a  b  c  d et al. 2013",
    "et": "Vertebrae",
    "off": 31990,
    "sff": "vertebrae"
  },
  {
    "docID": "N002 Takeuchi, Yoshioka, N.a  b  c  d et al. 2013",
    "et": "Vertebrae",
    "off": 35574,
    "sff": "vertebrae"
  },
  {
    "docID": "N002 Takeuchi, Yoshioka, N.a  b  c  d et al. 2013",
    "et": "C3",
    "off": 49938,
    "sff": "C3"
  },
  {
    "docID": "N002 Takeuchi, Yoshioka, N.a  b  c  d et al. 2013",
    "et": "VertebralArea",
    "off": 32001,
    "sff": "Th10"
  },
  {
    "docID": "N002 Takeuchi, Yoshioka, N.a  b  c  d et al. 2013",
    "et": "VertebralArea",
    "off": 18582,
    "sff": "T1 and T2"
  },
  {
    "docID": "N002 Takeuchi, Yoshioka, N.a  b  c  d et al. 2013",
    "et": "T1",
    "off": 3827,
    "sff": "T1"
  },
  {
    "docID": "N002 Takeuchi, Yoshioka, N.a  b  c  d et al. 2013",
    "et": "T1",
    "off": 4662,
    "sff": "T1"
  },
  {
    "docID": "N002 Takeuchi, Yoshioka, N.a  b  c  d et al. 2013",
    "et": "T1",
    "off": 15028,
    "sff": "T1"
  },
  {
    "docID": "N002 Takeuchi, Yoshioka, N.a  b  c  d et al. 2013",
    "et": "T1",
    "off": 29867,
    "sff": "T1"
  },
  {
    "docID": "N002 Takeuchi, Yoshioka, N.a  b  c  d et al. 2013",
    "et": "T1",
    "off": 25708,
    "sff": "T1"
  },
  {
    "docID": "N002 Takeuchi, Yoshioka, N.a  b  c  d et al. 2013",
    "et": "T1",
    "off": 962,
    "sff": "T1"
  },
  {
    "docID": "N002 Takeuchi, Yoshioka, N.a  b  c  d et al. 2013",
    "et": "T1",
    "off": 14146,
    "sff": "T1"
  },
  {
    "docID": "N002 Takeuchi, Yoshioka, N.a  b  c  d et al. 2013",
    "et": "T1",
    "off": 18882,
    "sff": "T1"
  },
  {
    "docID": "N002 Takeuchi, Yoshioka, N.a  b  c  d et al. 2013",
    "et": "T1",
    "off": 5636,
    "sff": "T1"
  },
  {
    "docID": "N002 Takeuchi, Yoshioka, N.a  b  c  d et al. 2013",
    "et": "T1",
    "off": 14341,
    "sff": "T1"
  },
  {
    "docID": "N002 Takeuchi, Yoshioka, N.a  b  c  d et al. 2013",
    "et": "T1",
    "off": 8635,
    "sff": "T1"
  },
  {
    "docID": "N002 Takeuchi, Yoshioka, N.a  b  c  d et al. 2013",
    "et": "T1",
    "off": 9659,
    "sff": "T1"
  },
  {
    "docID": "N002 Takeuchi, Yoshioka, N.a  b  c  d et al. 2013",
    "et": "T1",
    "off": 5435,
    "sff": "T1"
  },
  {
    "docID": "N002 Takeuchi, Yoshioka, N.a  b  c  d et al. 2013",
    "et": "T1",
    "off": 13052,
    "sff": "T1"
  },
  {
    "docID": "N002 Takeuchi, Yoshioka, N.a  b  c  d et al. 2013",
    "et": "T1",
    "off": 25596,
    "sff": "T1"
  },
  {
    "docID": "N002 Takeuchi, Yoshioka, N.a  b  c  d et al. 2013",
    "et": "T1",
    "off": 29500,
    "sff": "T1"
  },
  {
    "docID": "N002 Takeuchi, Yoshioka, N.a  b  c  d et al. 2013",
    "et": "T1",
    "off": 27154,
    "sff": "T1"
  },
  {
    "docID": "N002 Takeuchi, Yoshioka, N.a  b  c  d et al. 2013",
    "et": "T1",
    "off": 15377,
    "sff": "T1"
  },
  {
    "docID": "N002 Takeuchi, Yoshioka, N.a  b  c  d et al. 2013",
    "et": "T1",
    "off": 26001,
    "sff": "T1"
  },
  {
    "docID": "N002 Takeuchi, Yoshioka, N.a  b  c  d et al. 2013",
    "et": "T1",
    "off": 25424,
    "sff": "T1"
  },
  {
    "docID": "N002 Takeuchi, Yoshioka, N.a  b  c  d et al. 2013",
    "et": "T1",
    "off": 3735,
    "sff": "T1"
  },
  {
    "docID": "N002 Takeuchi, Yoshioka, N.a  b  c  d et al. 2013",
    "et": "T1",
    "off": 18582,
    "sff": "T1"
  },
  {
    "docID": "N002 Takeuchi, Yoshioka, N.a  b  c  d et al. 2013",
    "et": "T1",
    "off": 25417,
    "sff": "T1"
  },
  {
    "docID": "N002 Takeuchi, Yoshioka, N.a  b  c  d et al. 2013",
    "et": "T1",
    "off": 28361,
    "sff": "T1"
  },
  {
    "docID": "N002 Takeuchi, Yoshioka, N.a  b  c  d et al. 2013",
    "et": "T1",
    "off": 5516,
    "sff": "T1"
  },
  {
    "docID": "N002 Takeuchi, Yoshioka, N.a  b  c  d et al. 2013",
    "et": "T1",
    "off": 17869,
    "sff": "T1"
  },
  {
    "docID": "N002 Takeuchi, Yoshioka, N.a  b  c  d et al. 2013",
    "et": "T1",
    "off": 18828,
    "sff": "T1"
  },
  {
    "docID": "N002 Takeuchi, Yoshioka, N.a  b  c  d et al. 2013",
    "et": "T1",
    "off": 3936,
    "sff": "T1"
  },
  {
    "docID": "N002 Takeuchi, Yoshioka, N.a  b  c  d et al. 2013",
    "et": "T1",
    "off": 20769,
    "sff": "T1"
  },
  {
    "docID": "N002 Takeuchi, Yoshioka, N.a  b  c  d et al. 2013",
    "et": "T1",
    "off": 20903,
    "sff": "T1"
  },
  {
    "docID": "N002 Takeuchi, Yoshioka, N.a  b  c  d et al. 2013",
    "et": "T1",
    "off": 1445,
    "sff": "T1"
  },
  {
    "docID": "N002 Takeuchi, Yoshioka, N.a  b  c  d et al. 2013",
    "et": "T1",
    "off": 15460,
    "sff": "T1"
  },
  {
    "docID": "N002 Takeuchi, Yoshioka, N.a  b  c  d et al. 2013",
    "et": "T1",
    "off": 25882,
    "sff": "T1"
  },
  {
    "docID": "N002 Takeuchi, Yoshioka, N.a  b  c  d et al. 2013",
    "et": "T1",
    "off": 29273,
    "sff": "T1"
  },
  {
    "docID": "N002 Takeuchi, Yoshioka, N.a  b  c  d et al. 2013",
    "et": "T1",
    "off": 25502,
    "sff": "T1"
  },
  {
    "docID": "N002 Takeuchi, Yoshioka, N.a  b  c  d et al. 2013",
    "et": "T2",
    "off": 31248,
    "sff": "T2"
  },
  {
    "docID": "N002 Takeuchi, Yoshioka, N.a  b  c  d et al. 2013",
    "et": "T2",
    "off": 15733,
    "sff": "T2"
  },
  {
    "docID": "N002 Takeuchi, Yoshioka, N.a  b  c  d et al. 2013",
    "et": "T2",
    "off": 31301,
    "sff": "T2"
  },
  {
    "docID": "N002 Takeuchi, Yoshioka, N.a  b  c  d et al. 2013",
    "et": "T2",
    "off": 31493,
    "sff": "T2"
  },
  {
    "docID": "N002 Takeuchi, Yoshioka, N.a  b  c  d et al. 2013",
    "et": "T2",
    "off": 25892,
    "sff": "T2"
  },
  {
    "docID": "N002 Takeuchi, Yoshioka, N.a  b  c  d et al. 2013",
    "et": "T2",
    "off": 15354,
    "sff": "T2"
  },
  {
    "docID": "N002 Takeuchi, Yoshioka, N.a  b  c  d et al. 2013",
    "et": "T2",
    "off": 12318,
    "sff": "T2"
  },
  {
    "docID": "N002 Takeuchi, Yoshioka, N.a  b  c  d et al. 2013",
    "et": "T2",
    "off": 18589,
    "sff": "T2"
  },
  {
    "docID": "N002 Takeuchi, Yoshioka, N.a  b  c  d et al. 2013",
    "et": "T2",
    "off": 21837,
    "sff": "T2"
  }
]
