[
  {
    "docID": "N003 Starkey, Bartus et al. 2012",
    "et": "C1",
    "off": 58861,
    "sff": "C1"
  },
  {
    "docID": "N003 Starkey, Bartus et al. 2012",
    "et": "C1",
    "off": 33281,
    "sff": "C1"
  },
  {
    "docID": "N003 Starkey, Bartus et al. 2012",
    "et": "C1",
    "off": 32919,
    "sff": "C1"
  },
  {
    "docID": "N003 Starkey, Bartus et al. 2012",
    "et": "C5",
    "off": 27530,
    "sff": "C5"
  },
  {
    "docID": "N003 Starkey, Bartus et al. 2012",
    "et": "C5",
    "off": 23497,
    "sff": "C5"
  },
  {
    "docID": "N003 Starkey, Bartus et al. 2012",
    "et": "C5",
    "off": 31264,
    "sff": "C5"
  },
  {
    "docID": "N003 Starkey, Bartus et al. 2012",
    "et": "C5",
    "off": 33296,
    "sff": "C5"
  },
  {
    "docID": "N003 Starkey, Bartus et al. 2012",
    "et": "C5",
    "off": 32934,
    "sff": "C5"
  },
  {
    "docID": "N003 Starkey, Bartus et al. 2012",
    "et": "C5",
    "off": 20676,
    "sff": "C5"
  },
  {
    "docID": "N003 Starkey, Bartus et al. 2012",
    "et": "C5",
    "off": 20756,
    "sff": "C5"
  },
  {
    "docID": "N003 Starkey, Bartus et al. 2012",
    "et": "C6",
    "off": 20760,
    "sff": "C6"
  },
  {
    "docID": "N003 Starkey, Bartus et al. 2012",
    "et": "C6",
    "off": 23501,
    "sff": "C6"
  },
  {
    "docID": "N003 Starkey, Bartus et al. 2012",
    "et": "VertebralArea",
    "off": 23501,
    "sff": "C6 and C7"
  },
  {
    "docID": "N003 Starkey, Bartus et al. 2012",
    "et": "VertebralArea",
    "off": 20676,
    "sff": "C5–C7"
  },
  {
    "docID": "N003 Starkey, Bartus et al. 2012",
    "et": "C7",
    "off": 58873,
    "sff": "C7"
  },
  {
    "docID": "N003 Starkey, Bartus et al. 2012",
    "et": "C7",
    "off": 20764,
    "sff": "C7"
  },
  {
    "docID": "N003 Starkey, Bartus et al. 2012",
    "et": "C7",
    "off": 20679,
    "sff": "C7"
  },
  {
    "docID": "N003 Starkey, Bartus et al. 2012",
    "et": "C7",
    "off": 23508,
    "sff": "C7"
  }
]
