[
  {
    "docID": "N004 Bukhari, Torres et al. 2011",
    "et": "T8",
    "off": 5616,
    "sff": "T8"
  },
  {
    "docID": "N004 Bukhari, Torres et al. 2011",
    "et": "T10",
    "off": 5623,
    "sff": "T10"
  },
  {
    "docID": "N004 Bukhari, Torres et al. 2011",
    "et": "VertebralArea",
    "off": 5616,
    "sff": "T8 and T10"
  },
  {
    "docID": "N004 Bukhari, Torres et al. 2011",
    "et": "VertebralArea",
    "off": 5351,
    "sff": "10"
  },
  {
    "docID": "N004 Bukhari, Torres et al. 2011",
    "et": "VertebralArea",
    "off": 5329,
    "sff": "thoracic levels 8 and 10"
  }
]
