[
  {
    "docID": "N005 DePaul, Lin et al. 2015",
    "et": "T8",
    "off": 1124,
    "sff": "T8"
  },
  {
    "docID": "N005 DePaul, Lin et al. 2015",
    "et": "T8",
    "off": 6885,
    "sff": "T8"
  },
  {
    "docID": "N005 DePaul, Lin et al. 2015",
    "et": "T8",
    "off": 5846,
    "sff": "T8"
  },
  {
    "docID": "N005 DePaul, Lin et al. 2015",
    "et": "T8",
    "off": 57830,
    "sff": "T8"
  },
  {
    "docID": "N005 DePaul, Lin et al. 2015",
    "et": "T8",
    "off": 905,
    "sff": "T8"
  },
  {
    "docID": "N005 DePaul, Lin et al. 2015",
    "et": "T8",
    "off": 52603,
    "sff": "T8"
  },
  {
    "docID": "N005 DePaul, Lin et al. 2015",
    "et": "T8",
    "off": 57885,
    "sff": "T8"
  },
  {
    "docID": "N005 DePaul, Lin et al. 2015",
    "et": "T8",
    "off": 59069,
    "sff": "T8"
  },
  {
    "docID": "N005 DePaul, Lin et al. 2015",
    "et": "T8",
    "off": 5791,
    "sff": "T8"
  },
  {
    "docID": "N005 DePaul, Lin et al. 2015",
    "et": "T8",
    "off": 52384,
    "sff": "T8"
  }
]
