[
  {
    "docID": "N007 Ishikawa 2015",
    "et": "C2",
    "off": 10570,
    "sff": "C2"
  },
  {
    "docID": "N007 Ishikawa 2015",
    "et": "C2",
    "off": 13172,
    "sff": "C2"
  },
  {
    "docID": "N007 Ishikawa 2015",
    "et": "C2",
    "off": 16610,
    "sff": "C2"
  },
  {
    "docID": "N007 Ishikawa 2015",
    "et": "C2",
    "off": 11840,
    "sff": "C2"
  },
  {
    "docID": "N007 Ishikawa 2015",
    "et": "C3",
    "off": 7452,
    "sff": "C3"
  },
  {
    "docID": "N007 Ishikawa 2015",
    "et": "C3",
    "off": 6884,
    "sff": "C3"
  },
  {
    "docID": "N007 Ishikawa 2015",
    "et": "C3",
    "off": 7908,
    "sff": "C3"
  },
  {
    "docID": "N007 Ishikawa 2015",
    "et": "C3",
    "off": 12514,
    "sff": "C3"
  },
  {
    "docID": "N007 Ishikawa 2015",
    "et": "C3",
    "off": 2433,
    "sff": "C3"
  },
  {
    "docID": "N007 Ishikawa 2015",
    "et": "C3",
    "off": 6272,
    "sff": "C3"
  },
  {
    "docID": "N007 Ishikawa 2015",
    "et": "C4",
    "off": 7363,
    "sff": "C4"
  },
  {
    "docID": "N007 Ishikawa 2015",
    "et": "C4",
    "off": 7459,
    "sff": "C4"
  },
  {
    "docID": "N007 Ishikawa 2015",
    "et": "C6",
    "off": 7765,
    "sff": "C6"
  },
  {
    "docID": "N007 Ishikawa 2015",
    "et": "C6",
    "off": 13288,
    "sff": "C6"
  },
  {
    "docID": "N007 Ishikawa 2015",
    "et": "C6",
    "off": 7098,
    "sff": "C6"
  },
  {
    "docID": "N007 Ishikawa 2015",
    "et": "C6",
    "off": 10606,
    "sff": "C6"
  },
  {
    "docID": "N007 Ishikawa 2015",
    "et": "VertebralArea",
    "off": 7452,
    "sff": "C3 and C4"
  },
  {
    "docID": "N007 Ishikawa 2015",
    "et": "VertebralArea",
    "off": 2433,
    "sff": "C3/4"
  },
  {
    "docID": "N007 Ishikawa 2015",
    "et": "VertebralArea",
    "off": 6272,
    "sff": "C3/4"
  },
  {
    "docID": "N007 Ishikawa 2015",
    "et": "VertebralArea",
    "off": 6884,
    "sff": "C3/4"
  },
  {
    "docID": "N007 Ishikawa 2015",
    "et": "VertebralArea",
    "off": 12514,
    "sff": "C3/4"
  }
]
