[
  {
    "docID": "N008 Jin 2016 26852702",
    "et": "T10",
    "off": 802,
    "sff": "T10"
  },
  {
    "docID": "N008 Jin 2016 26852702",
    "et": "T10",
    "off": 39137,
    "sff": "T10"
  },
  {
    "docID": "N008 Jin 2016 26852702",
    "et": "T10",
    "off": 38861,
    "sff": "T10"
  },
  {
    "docID": "N008 Jin 2016 26852702",
    "et": "T10",
    "off": 13720,
    "sff": "T10"
  },
  {
    "docID": "N008 Jin 2016 26852702",
    "et": "VertebralArea",
    "off": 39137,
    "sff": "T10"
  },
  {
    "docID": "N008 Jin 2016 26852702",
    "et": "VertebralArea",
    "off": 802,
    "sff": "T10"
  },
  {
    "docID": "N008 Jin 2016 26852702",
    "et": "VertebralArea",
    "off": 13720,
    "sff": "T10"
  },
  {
    "docID": "N008 Jin 2016 26852702",
    "et": "VertebralArea",
    "off": 38861,
    "sff": "T10"
  }
]
