[
  {
    "docID": "N009 Lee 2013 23804083",
    "et": "T5",
    "off": 14700,
    "sff": "T5"
  },
  {
    "docID": "N009 Lee 2013 23804083",
    "et": "T5",
    "off": 13637,
    "sff": "T5"
  },
  {
    "docID": "N009 Lee 2013 23804083",
    "et": "T5",
    "off": 17477,
    "sff": "T5"
  },
  {
    "docID": "N009 Lee 2013 23804083",
    "et": "T5",
    "off": 52067,
    "sff": "T5"
  },
  {
    "docID": "N009 Lee 2013 23804083",
    "et": "T5",
    "off": 32595,
    "sff": "T5"
  },
  {
    "docID": "N009 Lee 2013 23804083",
    "et": "T5",
    "off": 49648,
    "sff": "T5"
  },
  {
    "docID": "N009 Lee 2013 23804083",
    "et": "T7",
    "off": 9137,
    "sff": "T7"
  },
  {
    "docID": "N009 Lee 2013 23804083",
    "et": "T8",
    "off": 37196,
    "sff": "T8"
  },
  {
    "docID": "N009 Lee 2013 23804083",
    "et": "T8",
    "off": 6860,
    "sff": "T8"
  },
  {
    "docID": "N009 Lee 2013 23804083",
    "et": "T8",
    "off": 54442,
    "sff": "T8"
  },
  {
    "docID": "N009 Lee 2013 23804083",
    "et": "T8",
    "off": 9895,
    "sff": "T8"
  },
  {
    "docID": "N009 Lee 2013 23804083",
    "et": "T8",
    "off": 6644,
    "sff": "T8"
  },
  {
    "docID": "N009 Lee 2013 23804083",
    "et": "T8",
    "off": 8017,
    "sff": "T8"
  },
  {
    "docID": "N009 Lee 2013 23804083",
    "et": "T8",
    "off": 21937,
    "sff": "T8"
  },
  {
    "docID": "N009 Lee 2013 23804083",
    "et": "T8",
    "off": 6714,
    "sff": "T8"
  },
  {
    "docID": "N009 Lee 2013 23804083",
    "et": "T8",
    "off": 6583,
    "sff": "T8"
  },
  {
    "docID": "N009 Lee 2013 23804083",
    "et": "T8",
    "off": 8163,
    "sff": "T8"
  },
  {
    "docID": "N009 Lee 2013 23804083",
    "et": "T8",
    "off": 49700,
    "sff": "T8"
  },
  {
    "docID": "N009 Lee 2013 23804083",
    "et": "T8",
    "off": 6532,
    "sff": "T8"
  },
  {
    "docID": "N009 Lee 2013 23804083",
    "et": "T8",
    "off": 42303,
    "sff": "T8"
  },
  {
    "docID": "N009 Lee 2013 23804083",
    "et": "T8",
    "off": 6781,
    "sff": "T8"
  },
  {
    "docID": "N009 Lee 2013 23804083",
    "et": "T9",
    "off": 21944,
    "sff": "T9"
  },
  {
    "docID": "N009 Lee 2013 23804083",
    "et": "L4",
    "off": 56870,
    "sff": "L4"
  },
  {
    "docID": "N009 Lee 2013 23804083",
    "et": "L4",
    "off": 50592,
    "sff": "L4"
  },
  {
    "docID": "N009 Lee 2013 23804083",
    "et": "L4",
    "off": 18036,
    "sff": "L4"
  },
  {
    "docID": "N009 Lee 2013 23804083",
    "et": "Vertebrae",
    "off": 21927,
    "sff": "Vertebrae"
  },
  {
    "docID": "N009 Lee 2013 23804083",
    "et": "T10",
    "off": 9144,
    "sff": "T10"
  },
  {
    "docID": "N009 Lee 2013 23804083",
    "et": "VertebralArea",
    "off": 21937,
    "sff": "T8 and T9"
  },
  {
    "docID": "N009 Lee 2013 23804083",
    "et": "VertebralArea",
    "off": 9137,
    "sff": "T7 and T10"
  }
]
