[
  {
    "docID": "N011 Arsen 2010",
    "et": "T5",
    "off": 14041,
    "sff": "T5"
  },
  {
    "docID": "N011 Arsen 2010",
    "et": "T6",
    "off": 9131,
    "sff": "T6"
  },
  {
    "docID": "N011 Arsen 2010",
    "et": "T6",
    "off": 12295,
    "sff": "T6"
  },
  {
    "docID": "N011 Arsen 2010",
    "et": "T7",
    "off": 35272,
    "sff": "T7"
  },
  {
    "docID": "N011 Arsen 2010",
    "et": "T7",
    "off": 12345,
    "sff": "T7"
  },
  {
    "docID": "N011 Arsen 2010",
    "et": "T7",
    "off": 26790,
    "sff": "T7"
  },
  {
    "docID": "N011 Arsen 2010",
    "et": "T7",
    "off": 13284,
    "sff": "T7"
  },
  {
    "docID": "N011 Arsen 2010",
    "et": "T7",
    "off": 31493,
    "sff": "T7"
  },
  {
    "docID": "N011 Arsen 2010",
    "et": "T7",
    "off": 9587,
    "sff": "T7"
  },
  {
    "docID": "N011 Arsen 2010",
    "et": "T7",
    "off": 19139,
    "sff": "T7"
  },
  {
    "docID": "N011 Arsen 2010",
    "et": "T7",
    "off": 35763,
    "sff": "T7"
  },
  {
    "docID": "N011 Arsen 2010",
    "et": "T7",
    "off": 31024,
    "sff": "T7"
  },
  {
    "docID": "N011 Arsen 2010",
    "et": "T7",
    "off": 33809,
    "sff": "T7"
  },
  {
    "docID": "N011 Arsen 2010",
    "et": "T8",
    "off": 9135,
    "sff": "T8"
  },
  {
    "docID": "N011 Arsen 2010",
    "et": "T8",
    "off": 12299,
    "sff": "T8"
  },
  {
    "docID": "N011 Arsen 2010",
    "et": "L1",
    "off": 9187,
    "sff": "L1"
  },
  {
    "docID": "N011 Arsen 2010",
    "et": "L1",
    "off": 12398,
    "sff": "L1"
  },
  {
    "docID": "N011 Arsen 2010",
    "et": "T9",
    "off": 6781,
    "sff": "T9"
  },
  {
    "docID": "N011 Arsen 2010",
    "et": "L2",
    "off": 14044,
    "sff": "L2"
  },
  {
    "docID": "N011 Arsen 2010",
    "et": "L4",
    "off": 35214,
    "sff": "L4"
  },
  {
    "docID": "N011 Arsen 2010",
    "et": "L5",
    "off": 35449,
    "sff": "L5"
  },
  {
    "docID": "N011 Arsen 2010",
    "et": "L5",
    "off": 30971,
    "sff": "L5"
  },
  {
    "docID": "N011 Arsen 2010",
    "et": "L5",
    "off": 34140,
    "sff": "L5"
  },
  {
    "docID": "N011 Arsen 2010",
    "et": "L5",
    "off": 12446,
    "sff": "L5"
  },
  {
    "docID": "N011 Arsen 2010",
    "et": "L5",
    "off": 35265,
    "sff": "L5"
  },
  {
    "docID": "N011 Arsen 2010",
    "et": "L5",
    "off": 29317,
    "sff": "L5"
  },
  {
    "docID": "N011 Arsen 2010",
    "et": "L5",
    "off": 32324,
    "sff": "L5"
  },
  {
    "docID": "N011 Arsen 2010",
    "et": "L5",
    "off": 9353,
    "sff": "L5"
  },
  {
    "docID": "N011 Arsen 2010",
    "et": "L5",
    "off": 33832,
    "sff": "L5"
  },
  {
    "docID": "N011 Arsen 2010",
    "et": "L5",
    "off": 34445,
    "sff": "L5"
  },
  {
    "docID": "N011 Arsen 2010",
    "et": "L5",
    "off": 9550,
    "sff": "L5"
  },
  {
    "docID": "N011 Arsen 2010",
    "et": "L5",
    "off": 10127,
    "sff": "L5"
  },
  {
    "docID": "N011 Arsen 2010",
    "et": "L5",
    "off": 20495,
    "sff": "L5"
  },
  {
    "docID": "N011 Arsen 2010",
    "et": "L5",
    "off": 9872,
    "sff": "L5"
  },
  {
    "docID": "N011 Arsen 2010",
    "et": "L5",
    "off": 32721,
    "sff": "L5"
  },
  {
    "docID": "N011 Arsen 2010",
    "et": "L5",
    "off": 9235,
    "sff": "L5"
  },
  {
    "docID": "N011 Arsen 2010",
    "et": "L5",
    "off": 19059,
    "sff": "L5"
  },
  {
    "docID": "N011 Arsen 2010",
    "et": "L5",
    "off": 35218,
    "sff": "L5"
  },
  {
    "docID": "N011 Arsen 2010",
    "et": "L5",
    "off": 9462,
    "sff": "L5"
  },
  {
    "docID": "N011 Arsen 2010",
    "et": "L5",
    "off": 31447,
    "sff": "L5"
  },
  {
    "docID": "N011 Arsen 2010",
    "et": "L5",
    "off": 26742,
    "sff": "L5"
  },
  {
    "docID": "N011 Arsen 2010",
    "et": "T11",
    "off": 6785,
    "sff": "T11"
  },
  {
    "docID": "N011 Arsen 2010",
    "et": "T10",
    "off": 12900,
    "sff": "T10"
  },
  {
    "docID": "N011 Arsen 2010",
    "et": "T10",
    "off": 35684,
    "sff": "T10"
  },
  {
    "docID": "N011 Arsen 2010",
    "et": "T10",
    "off": 34597,
    "sff": "T10"
  },
  {
    "docID": "N011 Arsen 2010",
    "et": "T10",
    "off": 30823,
    "sff": "T10"
  },
  {
    "docID": "N011 Arsen 2010",
    "et": "T10",
    "off": 27234,
    "sff": "T10"
  },
  {
    "docID": "N011 Arsen 2010",
    "et": "T10",
    "off": 2013,
    "sff": "T10"
  },
  {
    "docID": "N011 Arsen 2010",
    "et": "T10",
    "off": 12350,
    "sff": "T10"
  },
  {
    "docID": "N011 Arsen 2010",
    "et": "T10",
    "off": 13246,
    "sff": "T10"
  },
  {
    "docID": "N011 Arsen 2010",
    "et": "T10",
    "off": 29438,
    "sff": "T10"
  },
  {
    "docID": "N011 Arsen 2010",
    "et": "T10",
    "off": 36319,
    "sff": "T10"
  },
  {
    "docID": "N011 Arsen 2010",
    "et": "T10",
    "off": 6648,
    "sff": "T10"
  },
  {
    "docID": "N011 Arsen 2010",
    "et": "T10",
    "off": 32248,
    "sff": "T10"
  },
  {
    "docID": "N011 Arsen 2010",
    "et": "T10",
    "off": 32664,
    "sff": "T10"
  },
  {
    "docID": "N011 Arsen 2010",
    "et": "T10",
    "off": 31387,
    "sff": "T10"
  },
  {
    "docID": "N011 Arsen 2010",
    "et": "T10",
    "off": 9524,
    "sff": "T10"
  },
  {
    "docID": "N011 Arsen 2010",
    "et": "T10",
    "off": 31540,
    "sff": "T10"
  },
  {
    "docID": "N011 Arsen 2010",
    "et": "T10",
    "off": 2389,
    "sff": "T10"
  },
  {
    "docID": "N011 Arsen 2010",
    "et": "T10",
    "off": 18421,
    "sff": "T10"
  },
  {
    "docID": "N011 Arsen 2010",
    "et": "T10",
    "off": 26707,
    "sff": "T10"
  },
  {
    "docID": "N011 Arsen 2010",
    "et": "T10",
    "off": 33100,
    "sff": "T10"
  },
  {
    "docID": "N011 Arsen 2010",
    "et": "T10",
    "off": 33868,
    "sff": "T10"
  },
  {
    "docID": "N011 Arsen 2010",
    "et": "T10",
    "off": 19338,
    "sff": "T10"
  },
  {
    "docID": "N011 Arsen 2010",
    "et": "T10",
    "off": 33323,
    "sff": "T10"
  },
  {
    "docID": "N011 Arsen 2010",
    "et": "VertebralArea",
    "off": 36319,
    "sff": "T10"
  },
  {
    "docID": "N011 Arsen 2010",
    "et": "VertebralArea",
    "off": 2013,
    "sff": "T10"
  },
  {
    "docID": "N011 Arsen 2010",
    "et": "VertebralArea",
    "off": 31387,
    "sff": "T10"
  },
  {
    "docID": "N011 Arsen 2010",
    "et": "VertebralArea",
    "off": 32664,
    "sff": "T10"
  },
  {
    "docID": "N011 Arsen 2010",
    "et": "VertebralArea",
    "off": 2389,
    "sff": "T10"
  },
  {
    "docID": "N011 Arsen 2010",
    "et": "VertebralArea",
    "off": 26707,
    "sff": "T10"
  },
  {
    "docID": "N011 Arsen 2010",
    "et": "VertebralArea",
    "off": 33100,
    "sff": "T10"
  },
  {
    "docID": "N011 Arsen 2010",
    "et": "VertebralArea",
    "off": 33868,
    "sff": "T10"
  },
  {
    "docID": "N011 Arsen 2010",
    "et": "VertebralArea",
    "off": 19338,
    "sff": "T10"
  },
  {
    "docID": "N011 Arsen 2010",
    "et": "VertebralArea",
    "off": 6785,
    "sff": "T11"
  },
  {
    "docID": "N011 Arsen 2010",
    "et": "VertebralArea",
    "off": 12350,
    "sff": "T10"
  },
  {
    "docID": "N011 Arsen 2010",
    "et": "VertebralArea",
    "off": 13246,
    "sff": "T10"
  },
  {
    "docID": "N011 Arsen 2010",
    "et": "VertebralArea",
    "off": 29438,
    "sff": "T10"
  },
  {
    "docID": "N011 Arsen 2010",
    "et": "VertebralArea",
    "off": 6648,
    "sff": "T10"
  },
  {
    "docID": "N011 Arsen 2010",
    "et": "VertebralArea",
    "off": 32248,
    "sff": "T10"
  },
  {
    "docID": "N011 Arsen 2010",
    "et": "VertebralArea",
    "off": 18421,
    "sff": "T10"
  },
  {
    "docID": "N011 Arsen 2010",
    "et": "VertebralArea",
    "off": 9524,
    "sff": "T10"
  },
  {
    "docID": "N011 Arsen 2010",
    "et": "VertebralArea",
    "off": 31540,
    "sff": "T10"
  },
  {
    "docID": "N011 Arsen 2010",
    "et": "VertebralArea",
    "off": 12398,
    "sff": "L1-L6"
  },
  {
    "docID": "N011 Arsen 2010",
    "et": "VertebralArea",
    "off": 33323,
    "sff": "T10"
  },
  {
    "docID": "N011 Arsen 2010",
    "et": "VertebralArea",
    "off": 14041,
    "sff": "T5-L2"
  },
  {
    "docID": "N011 Arsen 2010",
    "et": "VertebralArea",
    "off": 30823,
    "sff": "T10"
  },
  {
    "docID": "N011 Arsen 2010",
    "et": "VertebralArea",
    "off": 9187,
    "sff": "L1-L6"
  },
  {
    "docID": "N011 Arsen 2010",
    "et": "VertebralArea",
    "off": 34597,
    "sff": "T10"
  },
  {
    "docID": "N011 Arsen 2010",
    "et": "VertebralArea",
    "off": 12900,
    "sff": "T10"
  },
  {
    "docID": "N011 Arsen 2010",
    "et": "VertebralArea",
    "off": 35684,
    "sff": "T10"
  },
  {
    "docID": "N011 Arsen 2010",
    "et": "VertebralArea",
    "off": 27234,
    "sff": "T10"
  }
]
