[
  {
    "docID": "N012 Bradbury 2002 11948352",
    "et": "C3",
    "off": 6469,
    "sff": "C3"
  },
  {
    "docID": "N012 Bradbury 2002 11948352",
    "et": "C4",
    "off": 13329,
    "sff": "C4"
  },
  {
    "docID": "N012 Bradbury 2002 11948352",
    "et": "C4",
    "off": 19408,
    "sff": "C4"
  },
  {
    "docID": "N012 Bradbury 2002 11948352",
    "et": "C4",
    "off": 2223,
    "sff": "C4"
  },
  {
    "docID": "N012 Bradbury 2002 11948352",
    "et": "C4",
    "off": 15391,
    "sff": "C4"
  },
  {
    "docID": "N012 Bradbury 2002 11948352",
    "et": "C4",
    "off": 6061,
    "sff": "C4"
  },
  {
    "docID": "N012 Bradbury 2002 11948352",
    "et": "C5",
    "off": 17004,
    "sff": "C5"
  },
  {
    "docID": "N012 Bradbury 2002 11948352",
    "et": "C5",
    "off": 3303,
    "sff": "C5"
  },
  {
    "docID": "N012 Bradbury 2002 11948352",
    "et": "C6",
    "off": 17011,
    "sff": "C6"
  },
  {
    "docID": "N012 Bradbury 2002 11948352",
    "et": "VertebralArea",
    "off": 3303,
    "sff": "C5/6"
  },
  {
    "docID": "N012 Bradbury 2002 11948352",
    "et": "VertebralArea",
    "off": 17004,
    "sff": "C5 and C6"
  }
]
