[
  {
    "docID": "N013 CaffertyCafferty",
    "et": "L1",
    "off": 55780,
    "sff": "L1"
  },
  {
    "docID": "N013 CaffertyCafferty",
    "et": "C2",
    "off": 12496,
    "sff": "C2"
  },
  {
    "docID": "N013 CaffertyCafferty",
    "et": "C2",
    "off": 45982,
    "sff": "C2"
  },
  {
    "docID": "N013 CaffertyCafferty",
    "et": "C2",
    "off": 45973,
    "sff": "C2"
  },
  {
    "docID": "N013 CaffertyCafferty",
    "et": "C2",
    "off": 45958,
    "sff": "C2"
  },
  {
    "docID": "N013 CaffertyCafferty",
    "et": "C3",
    "off": 12420,
    "sff": "C3"
  },
  {
    "docID": "N013 CaffertyCafferty",
    "et": "C3",
    "off": 45985,
    "sff": "C3"
  },
  {
    "docID": "N013 CaffertyCafferty",
    "et": "C3",
    "off": 45976,
    "sff": "C3"
  },
  {
    "docID": "N013 CaffertyCafferty",
    "et": "C3",
    "off": 45961,
    "sff": "C3"
  },
  {
    "docID": "N013 CaffertyCafferty",
    "et": "C4",
    "off": 45988,
    "sff": "C4"
  },
  {
    "docID": "N013 CaffertyCafferty",
    "et": "C4",
    "off": 45964,
    "sff": "C4"
  },
  {
    "docID": "N013 CaffertyCafferty",
    "et": "C4",
    "off": 45979,
    "sff": "C4"
  },
  {
    "docID": "N013 CaffertyCafferty",
    "et": "C4",
    "off": 26009,
    "sff": "C4"
  },
  {
    "docID": "N013 CaffertyCafferty",
    "et": "C5",
    "off": 45954,
    "sff": "C5"
  },
  {
    "docID": "N013 CaffertyCafferty",
    "et": "C5",
    "off": 30083,
    "sff": "C5"
  },
  {
    "docID": "N013 CaffertyCafferty",
    "et": "C5",
    "off": 1117,
    "sff": "C5"
  },
  {
    "docID": "N013 CaffertyCafferty",
    "et": "C5",
    "off": 9378,
    "sff": "C5"
  },
  {
    "docID": "N013 CaffertyCafferty",
    "et": "C5",
    "off": 33407,
    "sff": "C5"
  },
  {
    "docID": "N013 CaffertyCafferty",
    "et": "C5",
    "off": 21895,
    "sff": "C5"
  },
  {
    "docID": "N013 CaffertyCafferty",
    "et": "C5",
    "off": 13612,
    "sff": "C5"
  },
  {
    "docID": "N013 CaffertyCafferty",
    "et": "C5",
    "off": 29318,
    "sff": "C5"
  },
  {
    "docID": "N013 CaffertyCafferty",
    "et": "C5",
    "off": 54246,
    "sff": "C5"
  },
  {
    "docID": "N013 CaffertyCafferty",
    "et": "C5",
    "off": 30183,
    "sff": "C5"
  },
  {
    "docID": "N013 CaffertyCafferty",
    "et": "C5",
    "off": 45991,
    "sff": "C5"
  },
  {
    "docID": "N013 CaffertyCafferty",
    "et": "C5",
    "off": 30088,
    "sff": "C5"
  },
  {
    "docID": "N013 CaffertyCafferty",
    "et": "C5",
    "off": 51693,
    "sff": "C5"
  },
  {
    "docID": "N013 CaffertyCafferty",
    "et": "C5",
    "off": 7155,
    "sff": "C5"
  },
  {
    "docID": "N013 CaffertyCafferty",
    "et": "C5",
    "off": 45967,
    "sff": "C5"
  },
  {
    "docID": "N013 CaffertyCafferty",
    "et": "C5",
    "off": 16049,
    "sff": "C5"
  },
  {
    "docID": "N013 CaffertyCafferty",
    "et": "C5",
    "off": 7132,
    "sff": "C5"
  },
  {
    "docID": "N013 CaffertyCafferty",
    "et": "C5",
    "off": 23260,
    "sff": "C5"
  },
  {
    "docID": "N013 CaffertyCafferty",
    "et": "C5",
    "off": 15706,
    "sff": "C5"
  },
  {
    "docID": "N013 CaffertyCafferty",
    "et": "C6",
    "off": 1121,
    "sff": "C6"
  },
  {
    "docID": "N013 CaffertyCafferty",
    "et": "C6",
    "off": 30275,
    "sff": "C6"
  },
  {
    "docID": "N013 CaffertyCafferty",
    "et": "C6",
    "off": 30272,
    "sff": "C6"
  },
  {
    "docID": "N013 CaffertyCafferty",
    "et": "C6",
    "off": 29449,
    "sff": "C6"
  },
  {
    "docID": "N013 CaffertyCafferty",
    "et": "C6",
    "off": 45994,
    "sff": "C6"
  },
  {
    "docID": "N013 CaffertyCafferty",
    "et": "C6",
    "off": 21899,
    "sff": "C6"
  },
  {
    "docID": "N013 CaffertyCafferty",
    "et": "C6",
    "off": 29446,
    "sff": "C6"
  },
  {
    "docID": "N013 CaffertyCafferty",
    "et": "C6",
    "off": 31238,
    "sff": "C6"
  },
  {
    "docID": "N013 CaffertyCafferty",
    "et": "C6",
    "off": 45970,
    "sff": "C6"
  },
  {
    "docID": "N013 CaffertyCafferty",
    "et": "C6",
    "off": 53231,
    "sff": "C6"
  },
  {
    "docID": "N013 CaffertyCafferty",
    "et": "C6",
    "off": 29498,
    "sff": "C6"
  },
  {
    "docID": "N013 CaffertyCafferty",
    "et": "C6",
    "off": 16053,
    "sff": "C6"
  },
  {
    "docID": "N013 CaffertyCafferty",
    "et": "C6",
    "off": 30325,
    "sff": "C6"
  },
  {
    "docID": "N013 CaffertyCafferty",
    "et": "C6",
    "off": 7159,
    "sff": "C6"
  },
  {
    "docID": "N013 CaffertyCafferty",
    "et": "VertebralArea",
    "off": 9378,
    "sff": "C5-T1"
  },
  {
    "docID": "N013 CaffertyCafferty",
    "et": "VertebralArea",
    "off": 45988,
    "sff": "C4 C5"
  },
  {
    "docID": "N013 CaffertyCafferty",
    "et": "VertebralArea",
    "off": 46170,
    "sff": "T1 C7"
  },
  {
    "docID": "N013 CaffertyCafferty",
    "et": "VertebralArea",
    "off": 45970,
    "sff": "C6 C2"
  },
  {
    "docID": "N013 CaffertyCafferty",
    "et": "VertebralArea",
    "off": 45982,
    "sff": "C2 C3"
  },
  {
    "docID": "N013 CaffertyCafferty",
    "et": "VertebralArea",
    "off": 20755,
    "sff": "C7 and C8"
  },
  {
    "docID": "N013 CaffertyCafferty",
    "et": "VertebralArea",
    "off": 29849,
    "sff": "C8 7"
  },
  {
    "docID": "N013 CaffertyCafferty",
    "et": "VertebralArea",
    "off": 45958,
    "sff": "C2 C3"
  },
  {
    "docID": "N013 CaffertyCafferty",
    "et": "VertebralArea",
    "off": 30272,
    "sff": "C6 C6"
  },
  {
    "docID": "N013 CaffertyCafferty",
    "et": "VertebralArea",
    "off": 46164,
    "sff": "C7 C8"
  },
  {
    "docID": "N013 CaffertyCafferty",
    "et": "VertebralArea",
    "off": 12496,
    "sff": "C2 and T2"
  },
  {
    "docID": "N013 CaffertyCafferty",
    "et": "VertebralArea",
    "off": 53234,
    "sff": "C7 C8"
  },
  {
    "docID": "N013 CaffertyCafferty",
    "et": "VertebralArea",
    "off": 45976,
    "sff": "C3 C4"
  },
  {
    "docID": "N013 CaffertyCafferty",
    "et": "VertebralArea",
    "off": 15706,
    "sff": "C5-T1"
  },
  {
    "docID": "N013 CaffertyCafferty",
    "et": "VertebralArea",
    "off": 45964,
    "sff": "C4 C5"
  },
  {
    "docID": "N013 CaffertyCafferty",
    "et": "VertebralArea",
    "off": 26009,
    "sff": "C4 and T2"
  },
  {
    "docID": "N013 CaffertyCafferty",
    "et": "VertebralArea",
    "off": 29446,
    "sff": "C6 C6"
  },
  {
    "docID": "N013 CaffertyCafferty",
    "et": "VertebralArea",
    "off": 31241,
    "sff": "C7 C8"
  },
  {
    "docID": "N013 CaffertyCafferty",
    "et": "VertebralArea",
    "off": 23260,
    "sff": "C5-T1"
  },
  {
    "docID": "N013 CaffertyCafferty",
    "et": "VertebralArea",
    "off": 46217,
    "sff": "C7 C7"
  },
  {
    "docID": "N013 CaffertyCafferty",
    "et": "VertebralArea",
    "off": 30582,
    "sff": "C8 C8"
  },
  {
    "docID": "N013 CaffertyCafferty",
    "et": "C7",
    "off": 37283,
    "sff": "C7"
  },
  {
    "docID": "N013 CaffertyCafferty",
    "et": "C7",
    "off": 52894,
    "sff": "C7"
  },
  {
    "docID": "N013 CaffertyCafferty",
    "et": "C7",
    "off": 56477,
    "sff": "C7"
  },
  {
    "docID": "N013 CaffertyCafferty",
    "et": "C7",
    "off": 15532,
    "sff": "C7"
  },
  {
    "docID": "N013 CaffertyCafferty",
    "et": "C7",
    "off": 50091,
    "sff": "C7"
  },
  {
    "docID": "N013 CaffertyCafferty",
    "et": "C7",
    "off": 28453,
    "sff": "C7"
  },
  {
    "docID": "N013 CaffertyCafferty",
    "et": "C7",
    "off": 30501,
    "sff": "C7"
  },
  {
    "docID": "N013 CaffertyCafferty",
    "et": "C7",
    "off": 46117,
    "sff": "C7"
  },
  {
    "docID": "N013 CaffertyCafferty",
    "et": "C7",
    "off": 52389,
    "sff": "C7"
  },
  {
    "docID": "N013 CaffertyCafferty",
    "et": "C7",
    "off": 16690,
    "sff": "C7"
  },
  {
    "docID": "N013 CaffertyCafferty",
    "et": "C7",
    "off": 29620,
    "sff": "C7"
  },
  {
    "docID": "N013 CaffertyCafferty",
    "et": "C7",
    "off": 53177,
    "sff": "C7"
  },
  {
    "docID": "N013 CaffertyCafferty",
    "et": "C7",
    "off": 13628,
    "sff": "C7"
  },
  {
    "docID": "N013 CaffertyCafferty",
    "et": "C7",
    "off": 20790,
    "sff": "C7"
  },
  {
    "docID": "N013 CaffertyCafferty",
    "et": "C7",
    "off": 29239,
    "sff": "C7"
  },
  {
    "docID": "N013 CaffertyCafferty",
    "et": "C7",
    "off": 33976,
    "sff": "C7"
  },
  {
    "docID": "N013 CaffertyCafferty",
    "et": "C7",
    "off": 44216,
    "sff": "C7"
  },
  {
    "docID": "N013 CaffertyCafferty",
    "et": "C7",
    "off": 21944,
    "sff": "C7"
  },
  {
    "docID": "N013 CaffertyCafferty",
    "et": "C7",
    "off": 25473,
    "sff": "C7"
  },
  {
    "docID": "N013 CaffertyCafferty",
    "et": "C7",
    "off": 47872,
    "sff": "C7"
  },
  {
    "docID": "N013 CaffertyCafferty",
    "et": "C7",
    "off": 17152,
    "sff": "C7"
  },
  {
    "docID": "N013 CaffertyCafferty",
    "et": "C7",
    "off": 36351,
    "sff": "C7"
  },
  {
    "docID": "N013 CaffertyCafferty",
    "et": "C7",
    "off": 20233,
    "sff": "C7"
  },
  {
    "docID": "N013 CaffertyCafferty",
    "et": "C7",
    "off": 31241,
    "sff": "C7"
  },
  {
    "docID": "N013 CaffertyCafferty",
    "et": "C7",
    "off": 40074,
    "sff": "C7"
  },
  {
    "docID": "N013 CaffertyCafferty",
    "et": "C7",
    "off": 46217,
    "sff": "C7"
  },
  {
    "docID": "N013 CaffertyCafferty",
    "et": "C7",
    "off": 46220,
    "sff": "C7"
  },
  {
    "docID": "N013 CaffertyCafferty",
    "et": "C7",
    "off": 1541,
    "sff": "C7"
  },
  {
    "docID": "N013 CaffertyCafferty",
    "et": "C7",
    "off": 34438,
    "sff": "C7"
  },
  {
    "docID": "N013 CaffertyCafferty",
    "et": "C7",
    "off": 13959,
    "sff": "C7"
  },
  {
    "docID": "N013 CaffertyCafferty",
    "et": "C7",
    "off": 34578,
    "sff": "C7"
  },
  {
    "docID": "N013 CaffertyCafferty",
    "et": "C7",
    "off": 30354,
    "sff": "C7"
  },
  {
    "docID": "N013 CaffertyCafferty",
    "et": "C7",
    "off": 33937,
    "sff": "C7"
  },
  {
    "docID": "N013 CaffertyCafferty",
    "et": "C7",
    "off": 20755,
    "sff": "C7"
  },
  {
    "docID": "N013 CaffertyCafferty",
    "et": "C7",
    "off": 52755,
    "sff": "C7"
  },
  {
    "docID": "N013 CaffertyCafferty",
    "et": "C7",
    "off": 7438,
    "sff": "C7"
  },
  {
    "docID": "N013 CaffertyCafferty",
    "et": "C7",
    "off": 36237,
    "sff": "C7"
  },
  {
    "docID": "N013 CaffertyCafferty",
    "et": "C7",
    "off": 53517,
    "sff": "C7"
  },
  {
    "docID": "N013 CaffertyCafferty",
    "et": "C7",
    "off": 16783,
    "sff": "C7"
  },
  {
    "docID": "N013 CaffertyCafferty",
    "et": "C7",
    "off": 14490,
    "sff": "C7"
  },
  {
    "docID": "N013 CaffertyCafferty",
    "et": "C7",
    "off": 13340,
    "sff": "C7"
  },
  {
    "docID": "N013 CaffertyCafferty",
    "et": "C7",
    "off": 26264,
    "sff": "C7"
  },
  {
    "docID": "N013 CaffertyCafferty",
    "et": "C7",
    "off": 46173,
    "sff": "C7"
  },
  {
    "docID": "N013 CaffertyCafferty",
    "et": "C7",
    "off": 33631,
    "sff": "C7"
  },
  {
    "docID": "N013 CaffertyCafferty",
    "et": "C7",
    "off": 57194,
    "sff": "C7"
  },
  {
    "docID": "N013 CaffertyCafferty",
    "et": "C7",
    "off": 15978,
    "sff": "C7"
  },
  {
    "docID": "N013 CaffertyCafferty",
    "et": "C7",
    "off": 26343,
    "sff": "C7"
  },
  {
    "docID": "N013 CaffertyCafferty",
    "et": "C7",
    "off": 53234,
    "sff": "C7"
  },
  {
    "docID": "N013 CaffertyCafferty",
    "et": "C7",
    "off": 44145,
    "sff": "C7"
  },
  {
    "docID": "N013 CaffertyCafferty",
    "et": "C7",
    "off": 19565,
    "sff": "C7"
  },
  {
    "docID": "N013 CaffertyCafferty",
    "et": "C7",
    "off": 19822,
    "sff": "C7"
  },
  {
    "docID": "N013 CaffertyCafferty",
    "et": "C7",
    "off": 23278,
    "sff": "C7"
  },
  {
    "docID": "N013 CaffertyCafferty",
    "et": "C7",
    "off": 1145,
    "sff": "C7"
  },
  {
    "docID": "N013 CaffertyCafferty",
    "et": "C7",
    "off": 29945,
    "sff": "C7"
  },
  {
    "docID": "N013 CaffertyCafferty",
    "et": "C7",
    "off": 38521,
    "sff": "C7"
  },
  {
    "docID": "N013 CaffertyCafferty",
    "et": "C7",
    "off": 50041,
    "sff": "C7"
  },
  {
    "docID": "N013 CaffertyCafferty",
    "et": "C7",
    "off": 20092,
    "sff": "C7"
  },
  {
    "docID": "N013 CaffertyCafferty",
    "et": "C7",
    "off": 27640,
    "sff": "C7"
  },
  {
    "docID": "N013 CaffertyCafferty",
    "et": "C7",
    "off": 46018,
    "sff": "C7"
  },
  {
    "docID": "N013 CaffertyCafferty",
    "et": "C7",
    "off": 7230,
    "sff": "C7"
  },
  {
    "docID": "N013 CaffertyCafferty",
    "et": "C7",
    "off": 31933,
    "sff": "C7"
  },
  {
    "docID": "N013 CaffertyCafferty",
    "et": "C7",
    "off": 31040,
    "sff": "C7"
  },
  {
    "docID": "N013 CaffertyCafferty",
    "et": "C7",
    "off": 49612,
    "sff": "C7"
  },
  {
    "docID": "N013 CaffertyCafferty",
    "et": "C7",
    "off": 17612,
    "sff": "C7"
  },
  {
    "docID": "N013 CaffertyCafferty",
    "et": "C7",
    "off": 17478,
    "sff": "C7"
  },
  {
    "docID": "N013 CaffertyCafferty",
    "et": "C7",
    "off": 7751,
    "sff": "C7"
  },
  {
    "docID": "N013 CaffertyCafferty",
    "et": "C7",
    "off": 27975,
    "sff": "C7"
  },
  {
    "docID": "N013 CaffertyCafferty",
    "et": "C7",
    "off": 36552,
    "sff": "C7"
  },
  {
    "docID": "N013 CaffertyCafferty",
    "et": "C7",
    "off": 56647,
    "sff": "C7"
  },
  {
    "docID": "N013 CaffertyCafferty",
    "et": "C7",
    "off": 58055,
    "sff": "C7"
  },
  {
    "docID": "N013 CaffertyCafferty",
    "et": "C7",
    "off": 46164,
    "sff": "C7"
  },
  {
    "docID": "N013 CaffertyCafferty",
    "et": "C7",
    "off": 12756,
    "sff": "C7"
  },
  {
    "docID": "N013 CaffertyCafferty",
    "et": "C7",
    "off": 30415,
    "sff": "C7"
  },
  {
    "docID": "N013 CaffertyCafferty",
    "et": "C7",
    "off": 13264,
    "sff": "C7"
  },
  {
    "docID": "N013 CaffertyCafferty",
    "et": "C7",
    "off": 41690,
    "sff": "C7"
  },
  {
    "docID": "N013 CaffertyCafferty",
    "et": "C7",
    "off": 25948,
    "sff": "C7"
  },
  {
    "docID": "N013 CaffertyCafferty",
    "et": "C7",
    "off": 20056,
    "sff": "C7"
  },
  {
    "docID": "N013 CaffertyCafferty",
    "et": "T1",
    "off": 46006,
    "sff": "T1"
  },
  {
    "docID": "N013 CaffertyCafferty",
    "et": "T1",
    "off": 16789,
    "sff": "T1"
  },
  {
    "docID": "N013 CaffertyCafferty",
    "et": "T1",
    "off": 53240,
    "sff": "T1"
  },
  {
    "docID": "N013 CaffertyCafferty",
    "et": "T1",
    "off": 46170,
    "sff": "T1"
  },
  {
    "docID": "N013 CaffertyCafferty",
    "et": "T1",
    "off": 21915,
    "sff": "T1"
  },
  {
    "docID": "N013 CaffertyCafferty",
    "et": "T1",
    "off": 1133,
    "sff": "T1"
  },
  {
    "docID": "N013 CaffertyCafferty",
    "et": "T1",
    "off": 13618,
    "sff": "T1"
  },
  {
    "docID": "N013 CaffertyCafferty",
    "et": "T1",
    "off": 9381,
    "sff": "T1"
  },
  {
    "docID": "N013 CaffertyCafferty",
    "et": "T1",
    "off": 54252,
    "sff": "T1"
  },
  {
    "docID": "N013 CaffertyCafferty",
    "et": "T1",
    "off": 33483,
    "sff": "T1"
  },
  {
    "docID": "N013 CaffertyCafferty",
    "et": "T1",
    "off": 15709,
    "sff": "T1"
  },
  {
    "docID": "N013 CaffertyCafferty",
    "et": "T1",
    "off": 23263,
    "sff": "T1"
  },
  {
    "docID": "N013 CaffertyCafferty",
    "et": "T1",
    "off": 7138,
    "sff": "T1"
  },
  {
    "docID": "N013 CaffertyCafferty",
    "et": "T1",
    "off": 20802,
    "sff": "T1"
  },
  {
    "docID": "N013 CaffertyCafferty",
    "et": "T1",
    "off": 16065,
    "sff": "T1"
  },
  {
    "docID": "N013 CaffertyCafferty",
    "et": "T1",
    "off": 7171,
    "sff": "T1"
  },
  {
    "docID": "N013 CaffertyCafferty",
    "et": "T2",
    "off": 12503,
    "sff": "T2"
  },
  {
    "docID": "N013 CaffertyCafferty",
    "et": "T2",
    "off": 26016,
    "sff": "T2"
  },
  {
    "docID": "N013 CaffertyCafferty",
    "et": "T3",
    "off": 12426,
    "sff": "T3"
  }
]
