[
  {
    "docID": "N014 Didangelos 2014 25471580",
    "et": "T8",
    "off": 12570,
    "sff": "T8"
  },
  {
    "docID": "N014 Didangelos 2014 25471580",
    "et": "T9",
    "off": 12156,
    "sff": "T9"
  },
  {
    "docID": "N014 Didangelos 2014 25471580",
    "et": "T9",
    "off": 22845,
    "sff": "T9"
  },
  {
    "docID": "N014 Didangelos 2014 25471580",
    "et": "T11",
    "off": 3259,
    "sff": "T11"
  },
  {
    "docID": "N014 Didangelos 2014 25471580",
    "et": "T10",
    "off": 10047,
    "sff": "T10"
  },
  {
    "docID": "N014 Didangelos 2014 25471580",
    "et": "T10",
    "off": 14719,
    "sff": "T10"
  },
  {
    "docID": "N014 Didangelos 2014 25471580",
    "et": "T10",
    "off": 11110,
    "sff": "T10"
  },
  {
    "docID": "N014 Didangelos 2014 25471580",
    "et": "T10",
    "off": 9418,
    "sff": "T10"
  },
  {
    "docID": "N014 Didangelos 2014 25471580",
    "et": "T10",
    "off": 17287,
    "sff": "T10"
  },
  {
    "docID": "N014 Didangelos 2014 25471580",
    "et": "T10",
    "off": 12013,
    "sff": "T10"
  },
  {
    "docID": "N014 Didangelos 2014 25471580",
    "et": "T10",
    "off": 19725,
    "sff": "T10"
  },
  {
    "docID": "N014 Didangelos 2014 25471580",
    "et": "T10",
    "off": 25901,
    "sff": "T10"
  },
  {
    "docID": "N014 Didangelos 2014 25471580",
    "et": "T10",
    "off": 14827,
    "sff": "T10"
  },
  {
    "docID": "N014 Didangelos 2014 25471580",
    "et": "T10",
    "off": 7282,
    "sff": "T10"
  },
  {
    "docID": "N014 Didangelos 2014 25471580",
    "et": "T10",
    "off": 12945,
    "sff": "T10"
  },
  {
    "docID": "N014 Didangelos 2014 25471580",
    "et": "T10",
    "off": 7764,
    "sff": "T10"
  },
  {
    "docID": "N014 Didangelos 2014 25471580",
    "et": "T10",
    "off": 15449,
    "sff": "T10"
  },
  {
    "docID": "N014 Didangelos 2014 25471580",
    "et": "T10",
    "off": 3255,
    "sff": "T10"
  },
  {
    "docID": "N014 Didangelos 2014 25471580",
    "et": "T10",
    "off": 8669,
    "sff": "T10"
  },
  {
    "docID": "N014 Didangelos 2014 25471580",
    "et": "T10",
    "off": 15038,
    "sff": "T10"
  },
  {
    "docID": "N014 Didangelos 2014 25471580",
    "et": "T10",
    "off": 22715,
    "sff": "T10"
  },
  {
    "docID": "N014 Didangelos 2014 25471580",
    "et": "T10",
    "off": 25371,
    "sff": "T10"
  },
  {
    "docID": "N014 Didangelos 2014 25471580",
    "et": "VertebralArea",
    "off": 3255,
    "sff": "T10/T11"
  },
  {
    "docID": "N014 Didangelos 2014 25471580",
    "et": "VertebralArea",
    "off": 12570,
    "sff": "T8 -10"
  },
  {
    "docID": "N014 Didangelos 2014 25471580",
    "et": "T1",
    "off": 14876,
    "sff": "T1"
  },
  {
    "docID": "N014 Didangelos 2014 25471580",
    "et": "T1",
    "off": 9540,
    "sff": "T1"
  }
]
