[
  {
    "docID": "N015 Garc%C3%ADa-Al%C3%ADas 2008 18158149",
    "et": "C2",
    "off": 11468,
    "sff": "C2"
  },
  {
    "docID": "N015 Garc%C3%ADa-Al%C3%ADas 2008 18158149",
    "et": "C2",
    "off": 10875,
    "sff": "C2"
  },
  {
    "docID": "N015 Garc%C3%ADa-Al%C3%ADas 2008 18158149",
    "et": "C2",
    "off": 10545,
    "sff": "C2"
  },
  {
    "docID": "N015 Garc%C3%ADa-Al%C3%ADas 2008 18158149",
    "et": "C2",
    "off": 10328,
    "sff": "C2"
  },
  {
    "docID": "N015 Garc%C3%ADa-Al%C3%ADas 2008 18158149",
    "et": "C3",
    "off": 10332,
    "sff": "C3"
  },
  {
    "docID": "N015 Garc%C3%ADa-Al%C3%ADas 2008 18158149",
    "et": "C3",
    "off": 12201,
    "sff": "C3"
  },
  {
    "docID": "N015 Garc%C3%ADa-Al%C3%ADas 2008 18158149",
    "et": "C3",
    "off": 10610,
    "sff": "C3"
  },
  {
    "docID": "N015 Garc%C3%ADa-Al%C3%ADas 2008 18158149",
    "et": "C4",
    "off": 717,
    "sff": "C4"
  },
  {
    "docID": "N015 Garc%C3%ADa-Al%C3%ADas 2008 18158149",
    "et": "C4",
    "off": 14447,
    "sff": "C4"
  },
  {
    "docID": "N015 Garc%C3%ADa-Al%C3%ADas 2008 18158149",
    "et": "C4",
    "off": 5226,
    "sff": "C4"
  },
  {
    "docID": "N015 Garc%C3%ADa-Al%C3%ADas 2008 18158149",
    "et": "C4",
    "off": 11669,
    "sff": "C4"
  },
  {
    "docID": "N015 Garc%C3%ADa-Al%C3%ADas 2008 18158149",
    "et": "C4",
    "off": 4152,
    "sff": "C4"
  },
  {
    "docID": "N015 Garc%C3%ADa-Al%C3%ADas 2008 18158149",
    "et": "C5",
    "off": 10335,
    "sff": "C5"
  },
  {
    "docID": "N015 Garc%C3%ADa-Al%C3%ADas 2008 18158149",
    "et": "C5",
    "off": 12204,
    "sff": "C5"
  },
  {
    "docID": "N015 Garc%C3%ADa-Al%C3%ADas 2008 18158149",
    "et": "C5",
    "off": 10613,
    "sff": "C5"
  },
  {
    "docID": "N015 Garc%C3%ADa-Al%C3%ADas 2008 18158149",
    "et": "VertebralArea",
    "off": 11468,
    "sff": "C2 and T2"
  },
  {
    "docID": "N015 Garc%C3%ADa-Al%C3%ADas 2008 18158149",
    "et": "VertebralArea",
    "off": 12201,
    "sff": "C3-C5"
  },
  {
    "docID": "N015 Garc%C3%ADa-Al%C3%ADas 2008 18158149",
    "et": "VertebralArea",
    "off": 10332,
    "sff": "C3-C5"
  },
  {
    "docID": "N015 Garc%C3%ADa-Al%C3%ADas 2008 18158149",
    "et": "VertebralArea",
    "off": 10335,
    "sff": "C5 and T2"
  },
  {
    "docID": "N015 Garc%C3%ADa-Al%C3%ADas 2008 18158149",
    "et": "VertebralArea",
    "off": 10545,
    "sff": "C2 and T2"
  },
  {
    "docID": "N015 Garc%C3%ADa-Al%C3%ADas 2008 18158149",
    "et": "VertebralArea",
    "off": 10610,
    "sff": "C3-C5"
  },
  {
    "docID": "N015 Garc%C3%ADa-Al%C3%ADas 2008 18158149",
    "et": "T2",
    "off": 11475,
    "sff": "T2"
  },
  {
    "docID": "N015 Garc%C3%ADa-Al%C3%ADas 2008 18158149",
    "et": "T2",
    "off": 10552,
    "sff": "T2"
  },
  {
    "docID": "N015 Garc%C3%ADa-Al%C3%ADas 2008 18158149",
    "et": "T2",
    "off": 10342,
    "sff": "T2"
  }
]
