[
  {
    "docID": "N017 Karimi-Abdolrezaee 2012  22629425",
    "et": "T6",
    "off": 7744,
    "sff": "T6"
  },
  {
    "docID": "N017 Karimi-Abdolrezaee 2012  22629425",
    "et": "T7",
    "off": 7878,
    "sff": "T7"
  },
  {
    "docID": "N017 Karimi-Abdolrezaee 2012  22629425",
    "et": "T8",
    "off": 7747,
    "sff": "T8"
  },
  {
    "docID": "N017 Karimi-Abdolrezaee 2012  22629425",
    "et": "T9",
    "off": 7670,
    "sff": "T9"
  },
  {
    "docID": "N017 Karimi-Abdolrezaee 2012  22629425",
    "et": "VertebralArea",
    "off": 7744,
    "sff": "T6-T8"
  },
  {
    "docID": "N017 Karimi-Abdolrezaee 2012  22629425",
    "et": "VertebralArea",
    "off": 7667,
    "sff": "T4-T9"
  },
  {
    "docID": "N017 Karimi-Abdolrezaee 2012  22629425",
    "et": "T4",
    "off": 7667,
    "sff": "T4"
  }
]
