[
  {
    "docID": "N018 Wang 2012 22728374",
    "et": "T7",
    "off": 25436,
    "sff": "T7"
  },
  {
    "docID": "N018 Wang 2012 22728374",
    "et": "T7",
    "off": 35965,
    "sff": "T7"
  },
  {
    "docID": "N018 Wang 2012 22728374",
    "et": "T7",
    "off": 12269,
    "sff": "T7"
  },
  {
    "docID": "N018 Wang 2012 22728374",
    "et": "T7",
    "off": 21119,
    "sff": "T7"
  },
  {
    "docID": "N018 Wang 2012 22728374",
    "et": "T7",
    "off": 11032,
    "sff": "T7"
  },
  {
    "docID": "N018 Wang 2012 22728374",
    "et": "T7",
    "off": 23146,
    "sff": "T7"
  },
  {
    "docID": "N018 Wang 2012 22728374",
    "et": "T8",
    "off": 13890,
    "sff": "T8"
  }
]
