[
  {
    "docID": "N019 Xia 2008  18930033",
    "et": "T9",
    "off": 4412,
    "sff": "T9"
  },
  {
    "docID": "N019 Xia 2008  18930033",
    "et": "T9",
    "off": 4711,
    "sff": "T9"
  },
  {
    "docID": "N019 Xia 2008  18930033",
    "et": "T10",
    "off": 4714,
    "sff": "T10"
  },
  {
    "docID": "N019 Xia 2008  18930033",
    "et": "T10",
    "off": 4415,
    "sff": "T10"
  },
  {
    "docID": "N019 Xia 2008  18930033",
    "et": "VertebralArea",
    "off": 4711,
    "sff": "T9–T10"
  },
  {
    "docID": "N019 Xia 2008  18930033",
    "et": "VertebralArea",
    "off": 4412,
    "sff": "T9–T10"
  }
]
