[
  {
    "docID": "N021 Yang 2009 19761692",
    "et": "T8",
    "off": 8856,
    "sff": "T8"
  },
  {
    "docID": "N021 Yang 2009 19761692",
    "et": "T8",
    "off": 9160,
    "sff": "T8"
  },
  {
    "docID": "N021 Yang 2009 19761692",
    "et": "T8",
    "off": 9304,
    "sff": "T8"
  },
  {
    "docID": "N021 Yang 2009 19761692",
    "et": "T8",
    "off": 10176,
    "sff": "T8"
  },
  {
    "docID": "N021 Yang 2009 19761692",
    "et": "T8",
    "off": 5801,
    "sff": "T8"
  },
  {
    "docID": "N021 Yang 2009 19761692",
    "et": "T9",
    "off": 6367,
    "sff": "T9"
  },
  {
    "docID": "N021 Yang 2009 19761692",
    "et": "T9",
    "off": 5849,
    "sff": "T9"
  },
  {
    "docID": "N021 Yang 2009 19761692",
    "et": "T10",
    "off": 9369,
    "sff": "T10"
  },
  {
    "docID": "N021 Yang 2009 19761692",
    "et": "T10",
    "off": 9167,
    "sff": "T10"
  },
  {
    "docID": "N021 Yang 2009 19761692",
    "et": "T10",
    "off": 5806,
    "sff": "T10"
  },
  {
    "docID": "N021 Yang 2009 19761692",
    "et": "T10",
    "off": 11038,
    "sff": "T10"
  },
  {
    "docID": "N021 Yang 2009 19761692",
    "et": "T10",
    "off": 8861,
    "sff": "T10"
  },
  {
    "docID": "N021 Yang 2009 19761692",
    "et": "T10",
    "off": 6373,
    "sff": "T10"
  },
  {
    "docID": "N021 Yang 2009 19761692",
    "et": "T10",
    "off": 10181,
    "sff": "T10"
  },
  {
    "docID": "N021 Yang 2009 19761692",
    "et": "VertebralArea",
    "off": 9369,
    "sff": "T10"
  },
  {
    "docID": "N021 Yang 2009 19761692",
    "et": "VertebralArea",
    "off": 6373,
    "sff": "T10"
  },
  {
    "docID": "N021 Yang 2009 19761692",
    "et": "VertebralArea",
    "off": 7568,
    "sff": "C2905"
  },
  {
    "docID": "N021 Yang 2009 19761692",
    "et": "VertebralArea",
    "off": 10181,
    "sff": "T10"
  },
  {
    "docID": "N021 Yang 2009 19761692",
    "et": "VertebralArea",
    "off": 9167,
    "sff": "T10"
  },
  {
    "docID": "N021 Yang 2009 19761692",
    "et": "VertebralArea",
    "off": 5806,
    "sff": "T10"
  },
  {
    "docID": "N021 Yang 2009 19761692",
    "et": "VertebralArea",
    "off": 11038,
    "sff": "T10"
  },
  {
    "docID": "N021 Yang 2009 19761692",
    "et": "VertebralArea",
    "off": 8861,
    "sff": "T10"
  },
  {
    "docID": "N021 Yang 2009 19761692",
    "et": "VertebralArea",
    "off": 9160,
    "sff": "T8 and T10"
  }
]
