[
  {
    "docID": "N022 Yick 2003 12821386",
    "et": "L1",
    "off": 12672,
    "sff": "L1"
  },
  {
    "docID": "N022 Yick 2003 12821386",
    "et": "L1",
    "off": 19553,
    "sff": "L1"
  },
  {
    "docID": "N022 Yick 2003 12821386",
    "et": "L1",
    "off": 8391,
    "sff": "L1"
  },
  {
    "docID": "N022 Yick 2003 12821386",
    "et": "L1",
    "off": 16505,
    "sff": "L1"
  },
  {
    "docID": "N022 Yick 2003 12821386",
    "et": "L1",
    "off": 11450,
    "sff": "L1"
  },
  {
    "docID": "N022 Yick 2003 12821386",
    "et": "L1",
    "off": 7580,
    "sff": "L1"
  },
  {
    "docID": "N022 Yick 2003 12821386",
    "et": "L1",
    "off": 10653,
    "sff": "L1"
  },
  {
    "docID": "N022 Yick 2003 12821386",
    "et": "L1",
    "off": 11967,
    "sff": "L1"
  },
  {
    "docID": "N022 Yick 2003 12821386",
    "et": "L1",
    "off": 14769,
    "sff": "L1"
  },
  {
    "docID": "N022 Yick 2003 12821386",
    "et": "L1",
    "off": 29905,
    "sff": "L1"
  },
  {
    "docID": "N022 Yick 2003 12821386",
    "et": "L1",
    "off": 14483,
    "sff": "L1"
  },
  {
    "docID": "N022 Yick 2003 12821386",
    "et": "L1",
    "off": 11701,
    "sff": "L1"
  },
  {
    "docID": "N022 Yick 2003 12821386",
    "et": "L1",
    "off": 13288,
    "sff": "L1"
  },
  {
    "docID": "N022 Yick 2003 12821386",
    "et": "L1",
    "off": 20041,
    "sff": "L1"
  },
  {
    "docID": "N022 Yick 2003 12821386",
    "et": "L1",
    "off": 16331,
    "sff": "L1"
  },
  {
    "docID": "N022 Yick 2003 12821386",
    "et": "L1",
    "off": 20237,
    "sff": "L1"
  },
  {
    "docID": "N022 Yick 2003 12821386",
    "et": "L1",
    "off": 15247,
    "sff": "L1"
  },
  {
    "docID": "N022 Yick 2003 12821386",
    "et": "L3",
    "off": 4605,
    "sff": "L3"
  },
  {
    "docID": "N022 Yick 2003 12821386",
    "et": "T11",
    "off": 11534,
    "sff": "T11"
  },
  {
    "docID": "N022 Yick 2003 12821386",
    "et": "T11",
    "off": 1055,
    "sff": "T11"
  },
  {
    "docID": "N022 Yick 2003 12821386",
    "et": "T11",
    "off": 11277,
    "sff": "T11"
  },
  {
    "docID": "N022 Yick 2003 12821386",
    "et": "T11",
    "off": 6235,
    "sff": "T11"
  },
  {
    "docID": "N022 Yick 2003 12821386",
    "et": "T11",
    "off": 19464,
    "sff": "T11"
  },
  {
    "docID": "N022 Yick 2003 12821386",
    "et": "T11",
    "off": 12613,
    "sff": "T11"
  },
  {
    "docID": "N022 Yick 2003 12821386",
    "et": "T11",
    "off": 11858,
    "sff": "T11"
  },
  {
    "docID": "N022 Yick 2003 12821386",
    "et": "T11",
    "off": 19938,
    "sff": "T11"
  },
  {
    "docID": "N022 Yick 2003 12821386",
    "et": "T11",
    "off": 6355,
    "sff": "T11"
  },
  {
    "docID": "N022 Yick 2003 12821386",
    "et": "T11",
    "off": 14851,
    "sff": "T11"
  },
  {
    "docID": "N022 Yick 2003 12821386",
    "et": "C7",
    "off": 14643,
    "sff": "C7"
  },
  {
    "docID": "N022 Yick 2003 12821386",
    "et": "C7",
    "off": 1284,
    "sff": "C7"
  },
  {
    "docID": "N022 Yick 2003 12821386",
    "et": "C7",
    "off": 7909,
    "sff": "C7"
  },
  {
    "docID": "N022 Yick 2003 12821386",
    "et": "C7",
    "off": 7974,
    "sff": "C7"
  },
  {
    "docID": "N022 Yick 2003 12821386",
    "et": "C7",
    "off": 19898,
    "sff": "C7"
  },
  {
    "docID": "N022 Yick 2003 12821386",
    "et": "C7",
    "off": 20154,
    "sff": "C7"
  },
  {
    "docID": "N022 Yick 2003 12821386",
    "et": "C7",
    "off": 19932,
    "sff": "C7"
  },
  {
    "docID": "N022 Yick 2003 12821386",
    "et": "C7",
    "off": 14413,
    "sff": "C7"
  },
  {
    "docID": "N022 Yick 2003 12821386",
    "et": "C7",
    "off": 11582,
    "sff": "C7"
  },
  {
    "docID": "N022 Yick 2003 12821386",
    "et": "C7",
    "off": 14990,
    "sff": "C7"
  }
]
