[
  {
    "docID": "N023 Hunanyan 2013 23864374",
    "et": "T6",
    "off": 22400,
    "sff": "T6"
  },
  {
    "docID": "N023 Hunanyan 2013 23864374",
    "et": "T6",
    "off": 26335,
    "sff": "T6"
  },
  {
    "docID": "N023 Hunanyan 2013 23864374",
    "et": "T6",
    "off": 7455,
    "sff": "T6"
  },
  {
    "docID": "N023 Hunanyan 2013 23864374",
    "et": "T6",
    "off": 19309,
    "sff": "T6"
  },
  {
    "docID": "N023 Hunanyan 2013 23864374",
    "et": "T6",
    "off": 17434,
    "sff": "T6"
  },
  {
    "docID": "N023 Hunanyan 2013 23864374",
    "et": "T6",
    "off": 22090,
    "sff": "T6"
  },
  {
    "docID": "N023 Hunanyan 2013 23864374",
    "et": "T6",
    "off": 8617,
    "sff": "T6"
  },
  {
    "docID": "N023 Hunanyan 2013 23864374",
    "et": "T8",
    "off": 22403,
    "sff": "T8"
  },
  {
    "docID": "N023 Hunanyan 2013 23864374",
    "et": "T8",
    "off": 20385,
    "sff": "T8"
  },
  {
    "docID": "N023 Hunanyan 2013 23864374",
    "et": "T8",
    "off": 30697,
    "sff": "T8"
  },
  {
    "docID": "N023 Hunanyan 2013 23864374",
    "et": "T8",
    "off": 9213,
    "sff": "T8"
  },
  {
    "docID": "N023 Hunanyan 2013 23864374",
    "et": "T8",
    "off": 17437,
    "sff": "T8"
  },
  {
    "docID": "N023 Hunanyan 2013 23864374",
    "et": "T8",
    "off": 22093,
    "sff": "T8"
  },
  {
    "docID": "N023 Hunanyan 2013 23864374",
    "et": "T8",
    "off": 31218,
    "sff": "T8"
  },
  {
    "docID": "N023 Hunanyan 2013 23864374",
    "et": "T8",
    "off": 13572,
    "sff": "T8"
  },
  {
    "docID": "N023 Hunanyan 2013 23864374",
    "et": "L1",
    "off": 17549,
    "sff": "L1"
  },
  {
    "docID": "N023 Hunanyan 2013 23864374",
    "et": "L1",
    "off": 17599,
    "sff": "L1"
  },
  {
    "docID": "N023 Hunanyan 2013 23864374",
    "et": "L1",
    "off": 35907,
    "sff": "L1"
  },
  {
    "docID": "N023 Hunanyan 2013 23864374",
    "et": "L1",
    "off": 23653,
    "sff": "L1"
  },
  {
    "docID": "N023 Hunanyan 2013 23864374",
    "et": "L1",
    "off": 12567,
    "sff": "L1"
  },
  {
    "docID": "N023 Hunanyan 2013 23864374",
    "et": "L1",
    "off": 22105,
    "sff": "L1"
  },
  {
    "docID": "N023 Hunanyan 2013 23864374",
    "et": "L1",
    "off": 22457,
    "sff": "L1"
  },
  {
    "docID": "N023 Hunanyan 2013 23864374",
    "et": "T9",
    "off": 22244,
    "sff": "T9"
  },
  {
    "docID": "N023 Hunanyan 2013 23864374",
    "et": "T9",
    "off": 12424,
    "sff": "T9"
  },
  {
    "docID": "N023 Hunanyan 2013 23864374",
    "et": "T9",
    "off": 15323,
    "sff": "T9"
  },
  {
    "docID": "N023 Hunanyan 2013 23864374",
    "et": "T9",
    "off": 22097,
    "sff": "T9"
  },
  {
    "docID": "N023 Hunanyan 2013 23864374",
    "et": "L5",
    "off": 26798,
    "sff": "L5"
  },
  {
    "docID": "N023 Hunanyan 2013 23864374",
    "et": "L5",
    "off": 40403,
    "sff": "L5"
  },
  {
    "docID": "N023 Hunanyan 2013 23864374",
    "et": "L5",
    "off": 40496,
    "sff": "L5"
  },
  {
    "docID": "N023 Hunanyan 2013 23864374",
    "et": "L5",
    "off": 31734,
    "sff": "L5"
  },
  {
    "docID": "N023 Hunanyan 2013 23864374",
    "et": "L5",
    "off": 8251,
    "sff": "L5"
  },
  {
    "docID": "N023 Hunanyan 2013 23864374",
    "et": "L5",
    "off": 22108,
    "sff": "L5"
  },
  {
    "docID": "N023 Hunanyan 2013 23864374",
    "et": "L5",
    "off": 22460,
    "sff": "L5"
  },
  {
    "docID": "N023 Hunanyan 2013 23864374",
    "et": "L5",
    "off": 17821,
    "sff": "L5"
  },
  {
    "docID": "N023 Hunanyan 2013 23864374",
    "et": "L5",
    "off": 8545,
    "sff": "L5"
  },
  {
    "docID": "N023 Hunanyan 2013 23864374",
    "et": "L5",
    "off": 9888,
    "sff": "L5"
  },
  {
    "docID": "N023 Hunanyan 2013 23864374",
    "et": "L5",
    "off": 35910,
    "sff": "L5"
  },
  {
    "docID": "N023 Hunanyan 2013 23864374",
    "et": "L5",
    "off": 40742,
    "sff": "L5"
  },
  {
    "docID": "N023 Hunanyan 2013 23864374",
    "et": "L5",
    "off": 10820,
    "sff": "L5"
  },
  {
    "docID": "N023 Hunanyan 2013 23864374",
    "et": "L5",
    "off": 18661,
    "sff": "L5"
  },
  {
    "docID": "N023 Hunanyan 2013 23864374",
    "et": "L5",
    "off": 7499,
    "sff": "L5"
  },
  {
    "docID": "N023 Hunanyan 2013 23864374",
    "et": "L5",
    "off": 8203,
    "sff": "L5"
  },
  {
    "docID": "N023 Hunanyan 2013 23864374",
    "et": "L5",
    "off": 23656,
    "sff": "L5"
  },
  {
    "docID": "N023 Hunanyan 2013 23864374",
    "et": "T11",
    "off": 12427,
    "sff": "T11"
  },
  {
    "docID": "N023 Hunanyan 2013 23864374",
    "et": "T11",
    "off": 22247,
    "sff": "T11"
  },
  {
    "docID": "N023 Hunanyan 2013 23864374",
    "et": "T11",
    "off": 22100,
    "sff": "T11"
  },
  {
    "docID": "N023 Hunanyan 2013 23864374",
    "et": "T11",
    "off": 15326,
    "sff": "T11"
  },
  {
    "docID": "N023 Hunanyan 2013 23864374",
    "et": "T10",
    "off": 1624,
    "sff": "T10"
  },
  {
    "docID": "N023 Hunanyan 2013 23864374",
    "et": "T10",
    "off": 13579,
    "sff": "T10"
  },
  {
    "docID": "N023 Hunanyan 2013 23864374",
    "et": "T10",
    "off": 7210,
    "sff": "T10"
  },
  {
    "docID": "N023 Hunanyan 2013 23864374",
    "et": "T10",
    "off": 8778,
    "sff": "T10"
  },
  {
    "docID": "N023 Hunanyan 2013 23864374",
    "et": "T10",
    "off": 8005,
    "sff": "T10"
  },
  {
    "docID": "N023 Hunanyan 2013 23864374",
    "et": "T10",
    "off": 12164,
    "sff": "T10"
  },
  {
    "docID": "N023 Hunanyan 2013 23864374",
    "et": "T10",
    "off": 13524,
    "sff": "T10"
  },
  {
    "docID": "N023 Hunanyan 2013 23864374",
    "et": "T10",
    "off": 13315,
    "sff": "T10"
  },
  {
    "docID": "N023 Hunanyan 2013 23864374",
    "et": "T10",
    "off": 7517,
    "sff": "T10"
  },
  {
    "docID": "N023 Hunanyan 2013 23864374",
    "et": "VertebralArea",
    "off": 13524,
    "sff": "T10"
  },
  {
    "docID": "N023 Hunanyan 2013 23864374",
    "et": "VertebralArea",
    "off": 12424,
    "sff": "T9-T11"
  },
  {
    "docID": "N023 Hunanyan 2013 23864374",
    "et": "VertebralArea",
    "off": 22244,
    "sff": "T9-T11"
  },
  {
    "docID": "N023 Hunanyan 2013 23864374",
    "et": "VertebralArea",
    "off": 13579,
    "sff": "T10"
  },
  {
    "docID": "N023 Hunanyan 2013 23864374",
    "et": "VertebralArea",
    "off": 7210,
    "sff": "T10"
  },
  {
    "docID": "N023 Hunanyan 2013 23864374",
    "et": "VertebralArea",
    "off": 8778,
    "sff": "T10"
  },
  {
    "docID": "N023 Hunanyan 2013 23864374",
    "et": "VertebralArea",
    "off": 17549,
    "sff": "L1-L6"
  },
  {
    "docID": "N023 Hunanyan 2013 23864374",
    "et": "VertebralArea",
    "off": 22090,
    "sff": "T6-T8"
  },
  {
    "docID": "N023 Hunanyan 2013 23864374",
    "et": "VertebralArea",
    "off": 8005,
    "sff": "T10"
  },
  {
    "docID": "N023 Hunanyan 2013 23864374",
    "et": "VertebralArea",
    "off": 12164,
    "sff": "T10"
  },
  {
    "docID": "N023 Hunanyan 2013 23864374",
    "et": "VertebralArea",
    "off": 15323,
    "sff": "T9-T11"
  },
  {
    "docID": "N023 Hunanyan 2013 23864374",
    "et": "VertebralArea",
    "off": 13315,
    "sff": "T10"
  },
  {
    "docID": "N023 Hunanyan 2013 23864374",
    "et": "VertebralArea",
    "off": 35907,
    "sff": "L1-L5"
  },
  {
    "docID": "N023 Hunanyan 2013 23864374",
    "et": "VertebralArea",
    "off": 13572,
    "sff": "T8 and T10"
  },
  {
    "docID": "N023 Hunanyan 2013 23864374",
    "et": "VertebralArea",
    "off": 23653,
    "sff": "L1-L5"
  },
  {
    "docID": "N023 Hunanyan 2013 23864374",
    "et": "VertebralArea",
    "off": 17599,
    "sff": "L1-L6"
  },
  {
    "docID": "N023 Hunanyan 2013 23864374",
    "et": "VertebralArea",
    "off": 7517,
    "sff": "T10"
  },
  {
    "docID": "N023 Hunanyan 2013 23864374",
    "et": "VertebralArea",
    "off": 17434,
    "sff": "T6-T8"
  },
  {
    "docID": "N023 Hunanyan 2013 23864374",
    "et": "VertebralArea",
    "off": 22097,
    "sff": "T9-T11"
  },
  {
    "docID": "N023 Hunanyan 2013 23864374",
    "et": "VertebralArea",
    "off": 1624,
    "sff": "T10"
  },
  {
    "docID": "N023 Hunanyan 2013 23864374",
    "et": "VertebralArea",
    "off": 12567,
    "sff": "L1-L6"
  },
  {
    "docID": "N023 Hunanyan 2013 23864374",
    "et": "VertebralArea",
    "off": 22400,
    "sff": "T6-T8"
  },
  {
    "docID": "N023 Hunanyan 2013 23864374",
    "et": "VertebralArea",
    "off": 22105,
    "sff": "L1-L5"
  },
  {
    "docID": "N023 Hunanyan 2013 23864374",
    "et": "VertebralArea",
    "off": 22457,
    "sff": "L1-L5"
  }
]
