[
  {
    "docID": "N026 Garcia-Alias 2009 19668200",
    "et": "C1",
    "off": 9195,
    "sff": "C1"
  },
  {
    "docID": "N026 Garcia-Alias 2009 19668200",
    "et": "C1",
    "off": 11980,
    "sff": "C1"
  },
  {
    "docID": "N026 Garcia-Alias 2009 19668200",
    "et": "C1",
    "off": 12176,
    "sff": "C1"
  },
  {
    "docID": "N026 Garcia-Alias 2009 19668200",
    "et": "C1",
    "off": 9373,
    "sff": "C1"
  },
  {
    "docID": "N026 Garcia-Alias 2009 19668200",
    "et": "C1",
    "off": 22589,
    "sff": "C1"
  },
  {
    "docID": "N026 Garcia-Alias 2009 19668200",
    "et": "C1",
    "off": 9191,
    "sff": "C1"
  },
  {
    "docID": "N026 Garcia-Alias 2009 19668200",
    "et": "C1",
    "off": 20439,
    "sff": "C1"
  },
  {
    "docID": "N026 Garcia-Alias 2009 19668200",
    "et": "C1",
    "off": 22711,
    "sff": "C1"
  },
  {
    "docID": "N026 Garcia-Alias 2009 19668200",
    "et": "C1",
    "off": 10006,
    "sff": "C1"
  },
  {
    "docID": "N026 Garcia-Alias 2009 19668200",
    "et": "C2",
    "off": 15571,
    "sff": "C2"
  },
  {
    "docID": "N026 Garcia-Alias 2009 19668200",
    "et": "C2",
    "off": 13320,
    "sff": "C2"
  },
  {
    "docID": "N026 Garcia-Alias 2009 19668200",
    "et": "C3",
    "off": 10601,
    "sff": "C3"
  },
  {
    "docID": "N026 Garcia-Alias 2009 19668200",
    "et": "C3",
    "off": 11503,
    "sff": "C3"
  },
  {
    "docID": "N026 Garcia-Alias 2009 19668200",
    "et": "C3",
    "off": 11983,
    "sff": "C3"
  },
  {
    "docID": "N026 Garcia-Alias 2009 19668200",
    "et": "C3",
    "off": 20442,
    "sff": "C3"
  },
  {
    "docID": "N026 Garcia-Alias 2009 19668200",
    "et": "C3",
    "off": 9198,
    "sff": "C3"
  },
  {
    "docID": "N026 Garcia-Alias 2009 19668200",
    "et": "C3",
    "off": 11987,
    "sff": "C3"
  },
  {
    "docID": "N026 Garcia-Alias 2009 19668200",
    "et": "C3",
    "off": 12179,
    "sff": "C3"
  },
  {
    "docID": "N026 Garcia-Alias 2009 19668200",
    "et": "C3",
    "off": 9202,
    "sff": "C3"
  },
  {
    "docID": "N026 Garcia-Alias 2009 19668200",
    "et": "C3",
    "off": 12183,
    "sff": "C3"
  },
  {
    "docID": "N026 Garcia-Alias 2009 19668200",
    "et": "C4",
    "off": 6286,
    "sff": "C4"
  },
  {
    "docID": "N026 Garcia-Alias 2009 19668200",
    "et": "C4",
    "off": 496,
    "sff": "C4"
  },
  {
    "docID": "N026 Garcia-Alias 2009 19668200",
    "et": "C4",
    "off": 4617,
    "sff": "C4"
  },
  {
    "docID": "N026 Garcia-Alias 2009 19668200",
    "et": "C4",
    "off": 3755,
    "sff": "C4"
  },
  {
    "docID": "N026 Garcia-Alias 2009 19668200",
    "et": "C4",
    "off": 24443,
    "sff": "C4"
  },
  {
    "docID": "N026 Garcia-Alias 2009 19668200",
    "et": "C4",
    "off": 21100,
    "sff": "C4"
  },
  {
    "docID": "N026 Garcia-Alias 2009 19668200",
    "et": "C4",
    "off": 20421,
    "sff": "C4"
  },
  {
    "docID": "N026 Garcia-Alias 2009 19668200",
    "et": "C4",
    "off": 22804,
    "sff": "C4"
  },
  {
    "docID": "N026 Garcia-Alias 2009 19668200",
    "et": "C5",
    "off": 11997,
    "sff": "C5"
  },
  {
    "docID": "N026 Garcia-Alias 2009 19668200",
    "et": "C5",
    "off": 9209,
    "sff": "C5"
  },
  {
    "docID": "N026 Garcia-Alias 2009 19668200",
    "et": "C5",
    "off": 15577,
    "sff": "C5"
  },
  {
    "docID": "N026 Garcia-Alias 2009 19668200",
    "et": "C5",
    "off": 12186,
    "sff": "C5"
  },
  {
    "docID": "N026 Garcia-Alias 2009 19668200",
    "et": "C5",
    "off": 10604,
    "sff": "C5"
  },
  {
    "docID": "N026 Garcia-Alias 2009 19668200",
    "et": "C5",
    "off": 9205,
    "sff": "C5"
  },
  {
    "docID": "N026 Garcia-Alias 2009 19668200",
    "et": "C5",
    "off": 11990,
    "sff": "C5"
  },
  {
    "docID": "N026 Garcia-Alias 2009 19668200",
    "et": "C5",
    "off": 20424,
    "sff": "C5"
  },
  {
    "docID": "N026 Garcia-Alias 2009 19668200",
    "et": "C5",
    "off": 12193,
    "sff": "C5"
  },
  {
    "docID": "N026 Garcia-Alias 2009 19668200",
    "et": "C5",
    "off": 11506,
    "sff": "C5"
  },
  {
    "docID": "N026 Garcia-Alias 2009 19668200",
    "et": "C6",
    "off": 20457,
    "sff": "C6"
  },
  {
    "docID": "N026 Garcia-Alias 2009 19668200",
    "et": "C6",
    "off": 31414,
    "sff": "C6"
  },
  {
    "docID": "N026 Garcia-Alias 2009 19668200",
    "et": "VertebralArea",
    "off": 9212,
    "sff": "T1 and T2"
  },
  {
    "docID": "N026 Garcia-Alias 2009 19668200",
    "et": "VertebralArea",
    "off": 9373,
    "sff": "C1 and T2"
  },
  {
    "docID": "N026 Garcia-Alias 2009 19668200",
    "et": "VertebralArea",
    "off": 10601,
    "sff": "C3-C5"
  },
  {
    "docID": "N026 Garcia-Alias 2009 19668200",
    "et": "VertebralArea",
    "off": 12176,
    "sff": "C1-C3"
  },
  {
    "docID": "N026 Garcia-Alias 2009 19668200",
    "et": "VertebralArea",
    "off": 11980,
    "sff": "C1-C3"
  },
  {
    "docID": "N026 Garcia-Alias 2009 19668200",
    "et": "VertebralArea",
    "off": 11997,
    "sff": "C5-T1"
  },
  {
    "docID": "N026 Garcia-Alias 2009 19668200",
    "et": "VertebralArea",
    "off": 12183,
    "sff": "C3-C5"
  },
  {
    "docID": "N026 Garcia-Alias 2009 19668200",
    "et": "VertebralArea",
    "off": 9195,
    "sff": "C1-C3"
  },
  {
    "docID": "N026 Garcia-Alias 2009 19668200",
    "et": "VertebralArea",
    "off": 20421,
    "sff": "C4–C5"
  },
  {
    "docID": "N026 Garcia-Alias 2009 19668200",
    "et": "VertebralArea",
    "off": 12193,
    "sff": "C5-T1"
  },
  {
    "docID": "N026 Garcia-Alias 2009 19668200",
    "et": "VertebralArea",
    "off": 11503,
    "sff": "C3-C5"
  },
  {
    "docID": "N026 Garcia-Alias 2009 19668200",
    "et": "VertebralArea",
    "off": 20457,
    "sff": "C6–C7"
  },
  {
    "docID": "N026 Garcia-Alias 2009 19668200",
    "et": "VertebralArea",
    "off": 11990,
    "sff": "C5 and C5"
  },
  {
    "docID": "N026 Garcia-Alias 2009 19668200",
    "et": "VertebralArea",
    "off": 9202,
    "sff": "C3-C5"
  },
  {
    "docID": "N026 Garcia-Alias 2009 19668200",
    "et": "VertebralArea",
    "off": 9209,
    "sff": "C5-T1"
  },
  {
    "docID": "N026 Garcia-Alias 2009 19668200",
    "et": "VertebralArea",
    "off": 11987,
    "sff": "C3-C5"
  },
  {
    "docID": "N026 Garcia-Alias 2009 19668200",
    "et": "VertebralArea",
    "off": 20439,
    "sff": "C1–C3"
  },
  {
    "docID": "N026 Garcia-Alias 2009 19668200",
    "et": "VertebralArea",
    "off": 12186,
    "sff": "C5 and C5"
  },
  {
    "docID": "N026 Garcia-Alias 2009 19668200",
    "et": "C7",
    "off": 20460,
    "sff": "C7"
  },
  {
    "docID": "N026 Garcia-Alias 2009 19668200",
    "et": "T1",
    "off": 12196,
    "sff": "T1"
  },
  {
    "docID": "N026 Garcia-Alias 2009 19668200",
    "et": "T1",
    "off": 9212,
    "sff": "T1"
  },
  {
    "docID": "N026 Garcia-Alias 2009 19668200",
    "et": "T1",
    "off": 12000,
    "sff": "T1"
  },
  {
    "docID": "N026 Garcia-Alias 2009 19668200",
    "et": "T1",
    "off": 22717,
    "sff": "T1"
  },
  {
    "docID": "N026 Garcia-Alias 2009 19668200",
    "et": "T2",
    "off": 9219,
    "sff": "T2"
  },
  {
    "docID": "N026 Garcia-Alias 2009 19668200",
    "et": "T2",
    "off": 13331,
    "sff": "T2"
  },
  {
    "docID": "N026 Garcia-Alias 2009 19668200",
    "et": "T2",
    "off": 9380,
    "sff": "T2"
  },
  {
    "docID": "N026 Garcia-Alias 2009 19668200",
    "et": "T2",
    "off": 13428,
    "sff": "T2"
  }
]
