[
  {
    "docID": "N027 Houle 2006",
    "et": "C2",
    "off": 10910,
    "sff": "C2"
  },
  {
    "docID": "N027 Houle 2006",
    "et": "C2",
    "off": 12173,
    "sff": "C2"
  },
  {
    "docID": "N027 Houle 2006",
    "et": "C2",
    "off": 11372,
    "sff": "C2"
  },
  {
    "docID": "N027 Houle 2006",
    "et": "C3",
    "off": 13595,
    "sff": "C3"
  },
  {
    "docID": "N027 Houle 2006",
    "et": "C3",
    "off": 31419,
    "sff": "C3"
  },
  {
    "docID": "N027 Houle 2006",
    "et": "C3",
    "off": 39772,
    "sff": "C3"
  },
  {
    "docID": "N027 Houle 2006",
    "et": "C3",
    "off": 1152,
    "sff": "C3"
  },
  {
    "docID": "N027 Houle 2006",
    "et": "C3",
    "off": 42816,
    "sff": "C3"
  },
  {
    "docID": "N027 Houle 2006",
    "et": "C3",
    "off": 21266,
    "sff": "C3"
  },
  {
    "docID": "N027 Houle 2006",
    "et": "C3",
    "off": 45170,
    "sff": "C3"
  },
  {
    "docID": "N027 Houle 2006",
    "et": "C3",
    "off": 11603,
    "sff": "C3"
  },
  {
    "docID": "N027 Houle 2006",
    "et": "C3",
    "off": 18739,
    "sff": "C3"
  },
  {
    "docID": "N027 Houle 2006",
    "et": "C3",
    "off": 8140,
    "sff": "C3"
  },
  {
    "docID": "N027 Houle 2006",
    "et": "C3",
    "off": 12078,
    "sff": "C3"
  },
  {
    "docID": "N027 Houle 2006",
    "et": "C3",
    "off": 12239,
    "sff": "C3"
  },
  {
    "docID": "N027 Houle 2006",
    "et": "C3",
    "off": 30223,
    "sff": "C3"
  },
  {
    "docID": "N027 Houle 2006",
    "et": "C3",
    "off": 5744,
    "sff": "C3"
  },
  {
    "docID": "N027 Houle 2006",
    "et": "C3",
    "off": 30116,
    "sff": "C3"
  },
  {
    "docID": "N027 Houle 2006",
    "et": "C3",
    "off": 8583,
    "sff": "C3"
  },
  {
    "docID": "N027 Houle 2006",
    "et": "C3",
    "off": 21415,
    "sff": "C3"
  },
  {
    "docID": "N027 Houle 2006",
    "et": "C4",
    "off": 11658,
    "sff": "C4"
  },
  {
    "docID": "N027 Houle 2006",
    "et": "C4",
    "off": 6974,
    "sff": "C4"
  },
  {
    "docID": "N027 Houle 2006",
    "et": "C4",
    "off": 11985,
    "sff": "C4"
  },
  {
    "docID": "N027 Houle 2006",
    "et": "C4",
    "off": 10914,
    "sff": "C4"
  },
  {
    "docID": "N027 Houle 2006",
    "et": "C4",
    "off": 12211,
    "sff": "C4"
  },
  {
    "docID": "N027 Houle 2006",
    "et": "C4",
    "off": 11510,
    "sff": "C4"
  },
  {
    "docID": "N027 Houle 2006",
    "et": "C5",
    "off": 11803,
    "sff": "C5"
  },
  {
    "docID": "N027 Houle 2006",
    "et": "C5",
    "off": 39835,
    "sff": "C5"
  },
  {
    "docID": "N027 Houle 2006",
    "et": "C5",
    "off": 22044,
    "sff": "C5"
  },
  {
    "docID": "N027 Houle 2006",
    "et": "C5",
    "off": 33500,
    "sff": "C5"
  },
  {
    "docID": "N027 Houle 2006",
    "et": "C5",
    "off": 37535,
    "sff": "C5"
  },
  {
    "docID": "N027 Houle 2006",
    "et": "C5",
    "off": 9504,
    "sff": "C5"
  },
  {
    "docID": "N027 Houle 2006",
    "et": "C5",
    "off": 10528,
    "sff": "C5"
  },
  {
    "docID": "N027 Houle 2006",
    "et": "C5",
    "off": 16448,
    "sff": "C5"
  },
  {
    "docID": "N027 Houle 2006",
    "et": "C5",
    "off": 818,
    "sff": "C5"
  },
  {
    "docID": "N027 Houle 2006",
    "et": "C5",
    "off": 12085,
    "sff": "C5"
  },
  {
    "docID": "N027 Houle 2006",
    "et": "C5",
    "off": 13623,
    "sff": "C5"
  },
  {
    "docID": "N027 Houle 2006",
    "et": "C5",
    "off": 14038,
    "sff": "C5"
  },
  {
    "docID": "N027 Houle 2006",
    "et": "C5",
    "off": 7705,
    "sff": "C5"
  },
  {
    "docID": "N027 Houle 2006",
    "et": "C5",
    "off": 26361,
    "sff": "C5"
  },
  {
    "docID": "N027 Houle 2006",
    "et": "C5",
    "off": 10040,
    "sff": "C5"
  },
  {
    "docID": "N027 Houle 2006",
    "et": "C5",
    "off": 10922,
    "sff": "C5"
  },
  {
    "docID": "N027 Houle 2006",
    "et": "C5",
    "off": 21290,
    "sff": "C5"
  },
  {
    "docID": "N027 Houle 2006",
    "et": "C5",
    "off": 12589,
    "sff": "C5"
  },
  {
    "docID": "N027 Houle 2006",
    "et": "C5",
    "off": 21452,
    "sff": "C5"
  },
  {
    "docID": "N027 Houle 2006",
    "et": "C5",
    "off": 42883,
    "sff": "C5"
  },
  {
    "docID": "N027 Houle 2006",
    "et": "C5",
    "off": 14820,
    "sff": "C5"
  },
  {
    "docID": "N027 Houle 2006",
    "et": "C5",
    "off": 6503,
    "sff": "C5"
  },
  {
    "docID": "N027 Houle 2006",
    "et": "C5",
    "off": 1096,
    "sff": "C5"
  },
  {
    "docID": "N027 Houle 2006",
    "et": "C5",
    "off": 13096,
    "sff": "C5"
  },
  {
    "docID": "N027 Houle 2006",
    "et": "C6",
    "off": 6981,
    "sff": "C6"
  },
  {
    "docID": "N027 Houle 2006",
    "et": "VertebralArea",
    "off": 6974,
    "sff": "C4 and C6"
  },
  {
    "docID": "N027 Houle 2006",
    "et": "VertebralArea",
    "off": 12078,
    "sff": "C3 and C5"
  }
]
