[
  {
    "docID": "N028 James 2015 26044197",
    "et": "L3",
    "off": 11159,
    "sff": "L3"
  },
  {
    "docID": "N028 James 2015 26044197",
    "et": "L5",
    "off": 10987,
    "sff": "L5"
  },
  {
    "docID": "N028 James 2015 26044197",
    "et": "T13",
    "off": 10980,
    "sff": "T13"
  },
  {
    "docID": "N028 James 2015 26044197",
    "et": "C2",
    "off": 10967,
    "sff": "C2"
  },
  {
    "docID": "N028 James 2015 26044197",
    "et": "C5",
    "off": 7879,
    "sff": "C5"
  },
  {
    "docID": "N028 James 2015 26044197",
    "et": "C5",
    "off": 14486,
    "sff": "C5"
  },
  {
    "docID": "N028 James 2015 26044197",
    "et": "C5",
    "off": 8233,
    "sff": "C5"
  },
  {
    "docID": "N028 James 2015 26044197",
    "et": "VertebralArea",
    "off": 10980,
    "sff": "T13"
  },
  {
    "docID": "N028 James 2015 26044197",
    "et": "VertebralArea",
    "off": 10973,
    "sff": "T1 and T13"
  },
  {
    "docID": "N028 James 2015 26044197",
    "et": "T1",
    "off": 10973,
    "sff": "T1"
  }
]
