[
  {
    "docID": "N029 Kanno 2014 24478364",
    "et": "T6",
    "off": 18715,
    "sff": "T6"
  },
  {
    "docID": "N029 Kanno 2014 24478364",
    "et": "T7",
    "off": 19736,
    "sff": "T7"
  },
  {
    "docID": "N029 Kanno 2014 24478364",
    "et": "T8",
    "off": 15639,
    "sff": "T8"
  },
  {
    "docID": "N029 Kanno 2014 24478364",
    "et": "T8",
    "off": 17512,
    "sff": "T8"
  },
  {
    "docID": "N029 Kanno 2014 24478364",
    "et": "T10",
    "off": 19123,
    "sff": "T10"
  },
  {
    "docID": "N029 Kanno 2014 24478364",
    "et": "VertebralArea",
    "off": 19736,
    "sff": "T7-9"
  }
]
