[
  {
    "docID": "N030 Massey 2006 16624960",
    "et": "Vertebrae",
    "off": 6169,
    "sff": "vertebrae"
  },
  {
    "docID": "N030 Massey 2006 16624960",
    "et": "C4",
    "off": 12415,
    "sff": "C4"
  },
  {
    "docID": "N030 Massey 2006 16624960",
    "et": "C4",
    "off": 18695,
    "sff": "C4"
  },
  {
    "docID": "N030 Massey 2006 16624960",
    "et": "C4",
    "off": 25123,
    "sff": "C4"
  },
  {
    "docID": "N030 Massey 2006 16624960",
    "et": "C5",
    "off": 6159,
    "sff": "C5"
  },
  {
    "docID": "N030 Massey 2006 16624960",
    "et": "C6",
    "off": 1209,
    "sff": "C6"
  },
  {
    "docID": "N030 Massey 2006 16624960",
    "et": "C6",
    "off": 21285,
    "sff": "C6"
  },
  {
    "docID": "N030 Massey 2006 16624960",
    "et": "C6",
    "off": 5507,
    "sff": "C6"
  },
  {
    "docID": "N030 Massey 2006 16624960",
    "et": "C6",
    "off": 20323,
    "sff": "C6"
  },
  {
    "docID": "N030 Massey 2006 16624960",
    "et": "C6",
    "off": 25347,
    "sff": "C6"
  },
  {
    "docID": "N030 Massey 2006 16624960",
    "et": "C6",
    "off": 27343,
    "sff": "C6"
  },
  {
    "docID": "N030 Massey 2006 16624960",
    "et": "C6",
    "off": 18509,
    "sff": "C6"
  },
  {
    "docID": "N030 Massey 2006 16624960",
    "et": "C6",
    "off": 6347,
    "sff": "C6"
  },
  {
    "docID": "N030 Massey 2006 16624960",
    "et": "C6",
    "off": 30507,
    "sff": "C6"
  },
  {
    "docID": "N030 Massey 2006 16624960",
    "et": "C6",
    "off": 34153,
    "sff": "C6"
  },
  {
    "docID": "N030 Massey 2006 16624960",
    "et": "C6",
    "off": 16117,
    "sff": "C6"
  },
  {
    "docID": "N030 Massey 2006 16624960",
    "et": "C6",
    "off": 6166,
    "sff": "C6"
  },
  {
    "docID": "N030 Massey 2006 16624960",
    "et": "C6",
    "off": 19091,
    "sff": "C6"
  },
  {
    "docID": "N030 Massey 2006 16624960",
    "et": "VertebralArea",
    "off": 6159,
    "sff": "C5 and C6 vertebrae"
  },
  {
    "docID": "N030 Massey 2006 16624960",
    "et": "VertebralArea",
    "off": 16117,
    "sff": "C6 and C7"
  },
  {
    "docID": "N030 Massey 2006 16624960",
    "et": "VertebralArea",
    "off": 30507,
    "sff": "C6–C7"
  },
  {
    "docID": "N030 Massey 2006 16624960",
    "et": "VertebralArea",
    "off": 27343,
    "sff": "C6–C7"
  },
  {
    "docID": "N030 Massey 2006 16624960",
    "et": "C7",
    "off": 1213,
    "sff": "C7"
  },
  {
    "docID": "N030 Massey 2006 16624960",
    "et": "C7",
    "off": 30510,
    "sff": "C7"
  },
  {
    "docID": "N030 Massey 2006 16624960",
    "et": "C7",
    "off": 16124,
    "sff": "C7"
  },
  {
    "docID": "N030 Massey 2006 16624960",
    "et": "C7",
    "off": 6362,
    "sff": "C7"
  },
  {
    "docID": "N030 Massey 2006 16624960",
    "et": "C7",
    "off": 21289,
    "sff": "C7"
  },
  {
    "docID": "N030 Massey 2006 16624960",
    "et": "C7",
    "off": 5511,
    "sff": "C7"
  },
  {
    "docID": "N030 Massey 2006 16624960",
    "et": "C7",
    "off": 19095,
    "sff": "C7"
  },
  {
    "docID": "N030 Massey 2006 16624960",
    "et": "C7",
    "off": 20327,
    "sff": "C7"
  },
  {
    "docID": "N030 Massey 2006 16624960",
    "et": "C7",
    "off": 33511,
    "sff": "C7"
  },
  {
    "docID": "N030 Massey 2006 16624960",
    "et": "C7",
    "off": 27346,
    "sff": "C7"
  },
  {
    "docID": "N030 Massey 2006 16624960",
    "et": "C7",
    "off": 18513,
    "sff": "C7"
  }
]
