[
  {
    "docID": "N031 Sarveazad 2013 25691946",
    "et": "T8",
    "off": 2081,
    "sff": "T8"
  },
  {
    "docID": "N031 Sarveazad 2013 25691946",
    "et": "T8",
    "off": 17556,
    "sff": "T8"
  },
  {
    "docID": "N031 Sarveazad 2013 25691946",
    "et": "T8",
    "off": 11634,
    "sff": "T8"
  },
  {
    "docID": "N031 Sarveazad 2013 25691946",
    "et": "T9",
    "off": 11637,
    "sff": "T9"
  },
  {
    "docID": "N031 Sarveazad 2013 25691946",
    "et": "Vertebrae",
    "off": 22384,
    "sff": "vertebrae"
  },
  {
    "docID": "N031 Sarveazad 2013 25691946",
    "et": "Vertebrae",
    "off": 22440,
    "sff": "vertebrae"
  },
  {
    "docID": "N031 Sarveazad 2013 25691946",
    "et": "VertebralArea",
    "off": 11634,
    "sff": "T8-T9"
  },
  {
    "docID": "N031 Sarveazad 2013 25691946",
    "et": "VertebralArea",
    "off": 13130,
    "sff": "C3667"
  },
  {
    "docID": "N031 Sarveazad 2013 25691946",
    "et": "VertebralArea",
    "off": 17556,
    "sff": "T8-9"
  },
  {
    "docID": "N031 Sarveazad 2013 25691946",
    "et": "VertebralArea",
    "off": 2081,
    "sff": "T8-9"
  }
]
