[
  {
    "docID": "N032 Wang 2011  21697383",
    "et": "C1",
    "off": 12011,
    "sff": "C1"
  },
  {
    "docID": "N032 Wang 2011  21697383",
    "et": "C1",
    "off": 14923,
    "sff": "C1"
  },
  {
    "docID": "N032 Wang 2011  21697383",
    "et": "C1",
    "off": 11583,
    "sff": "C1"
  },
  {
    "docID": "N032 Wang 2011  21697383",
    "et": "C1",
    "off": 16103,
    "sff": "C1"
  },
  {
    "docID": "N032 Wang 2011  21697383",
    "et": "C2",
    "off": 14113,
    "sff": "C2"
  },
  {
    "docID": "N032 Wang 2011  21697383",
    "et": "C2",
    "off": 13381,
    "sff": "C2"
  },
  {
    "docID": "N032 Wang 2011  21697383",
    "et": "C3",
    "off": 11587,
    "sff": "C3"
  },
  {
    "docID": "N032 Wang 2011  21697383",
    "et": "C3",
    "off": 11848,
    "sff": "C3"
  },
  {
    "docID": "N032 Wang 2011  21697383",
    "et": "C3",
    "off": 14824,
    "sff": "C3"
  },
  {
    "docID": "N032 Wang 2011  21697383",
    "et": "C3",
    "off": 15592,
    "sff": "C3"
  },
  {
    "docID": "N032 Wang 2011  21697383",
    "et": "C3",
    "off": 6199,
    "sff": "C3"
  },
  {
    "docID": "N032 Wang 2011  21697383",
    "et": "C4",
    "off": 6048,
    "sff": "C4"
  },
  {
    "docID": "N032 Wang 2011  21697383",
    "et": "C4",
    "off": 32192,
    "sff": "C4"
  },
  {
    "docID": "N032 Wang 2011  21697383",
    "et": "C4",
    "off": 5566,
    "sff": "C4"
  },
  {
    "docID": "N032 Wang 2011  21697383",
    "et": "C4",
    "off": 33107,
    "sff": "C4"
  },
  {
    "docID": "N032 Wang 2011  21697383",
    "et": "C4",
    "off": 21202,
    "sff": "C4"
  },
  {
    "docID": "N032 Wang 2011  21697383",
    "et": "C4",
    "off": 41938,
    "sff": "C4"
  },
  {
    "docID": "N032 Wang 2011  21697383",
    "et": "C4",
    "off": 872,
    "sff": "C4"
  },
  {
    "docID": "N032 Wang 2011  21697383",
    "et": "C5",
    "off": 11851,
    "sff": "C5"
  },
  {
    "docID": "N032 Wang 2011  21697383",
    "et": "C5",
    "off": 14827,
    "sff": "C5"
  },
  {
    "docID": "N032 Wang 2011  21697383",
    "et": "C5",
    "off": 15599,
    "sff": "C5"
  },
  {
    "docID": "N032 Wang 2011  21697383",
    "et": "C5",
    "off": 6206,
    "sff": "C5"
  },
  {
    "docID": "N032 Wang 2011  21697383",
    "et": "C5",
    "off": 11590,
    "sff": "C5"
  },
  {
    "docID": "N032 Wang 2011  21697383",
    "et": "C6",
    "off": 13387,
    "sff": "C6"
  },
  {
    "docID": "N032 Wang 2011  21697383",
    "et": "C6",
    "off": 14119,
    "sff": "C6"
  },
  {
    "docID": "N032 Wang 2011  21697383",
    "et": "VertebralArea",
    "off": 6199,
    "sff": "C3 and C5"
  },
  {
    "docID": "N032 Wang 2011  21697383",
    "et": "VertebralArea",
    "off": 11587,
    "sff": "C3-C5"
  },
  {
    "docID": "N032 Wang 2011  21697383",
    "et": "VertebralArea",
    "off": 15592,
    "sff": "C3 and C5"
  },
  {
    "docID": "N032 Wang 2011  21697383",
    "et": "VertebralArea",
    "off": 14824,
    "sff": "C3–C5"
  },
  {
    "docID": "N032 Wang 2011  21697383",
    "et": "VertebralArea",
    "off": 12011,
    "sff": "C1 and T2"
  },
  {
    "docID": "N032 Wang 2011  21697383",
    "et": "VertebralArea",
    "off": 11848,
    "sff": "C3-C5"
  },
  {
    "docID": "N032 Wang 2011  21697383",
    "et": "T1",
    "off": 32536,
    "sff": "T1"
  },
  {
    "docID": "N032 Wang 2011  21697383",
    "et": "T2",
    "off": 12018,
    "sff": "T2"
  },
  {
    "docID": "N032 Wang 2011  21697383",
    "et": "T2",
    "off": 11594,
    "sff": "T2"
  }
]
