[
  {
    "docID": "N033 Wang 2014 23810979",
    "et": "C3",
    "off": 9981,
    "sff": "C3"
  },
  {
    "docID": "N033 Wang 2014 23810979",
    "et": "C3",
    "off": 13777,
    "sff": "C3"
  },
  {
    "docID": "N033 Wang 2014 23810979",
    "et": "C4",
    "off": 25014,
    "sff": "C4"
  },
  {
    "docID": "N033 Wang 2014 23810979",
    "et": "C4",
    "off": 19109,
    "sff": "C4"
  },
  {
    "docID": "N033 Wang 2014 23810979",
    "et": "C4",
    "off": 9796,
    "sff": "C4"
  },
  {
    "docID": "N033 Wang 2014 23810979",
    "et": "C4",
    "off": 10084,
    "sff": "C4"
  },
  {
    "docID": "N033 Wang 2014 23810979",
    "et": "C4",
    "off": 20711,
    "sff": "C4"
  },
  {
    "docID": "N033 Wang 2014 23810979",
    "et": "C4",
    "off": 10461,
    "sff": "C4"
  },
  {
    "docID": "N033 Wang 2014 23810979",
    "et": "C4",
    "off": 28465,
    "sff": "C4"
  },
  {
    "docID": "N033 Wang 2014 23810979",
    "et": "C4",
    "off": 21202,
    "sff": "C4"
  },
  {
    "docID": "N033 Wang 2014 23810979",
    "et": "C4",
    "off": 27291,
    "sff": "C4"
  },
  {
    "docID": "N033 Wang 2014 23810979",
    "et": "C4",
    "off": 1489,
    "sff": "C4"
  },
  {
    "docID": "N033 Wang 2014 23810979",
    "et": "C5",
    "off": 13784,
    "sff": "C5"
  },
  {
    "docID": "N033 Wang 2014 23810979",
    "et": "VertebralArea",
    "off": 9981,
    "sff": "C3-4"
  },
  {
    "docID": "N033 Wang 2014 23810979",
    "et": "VertebralArea",
    "off": 13777,
    "sff": "C3 and C5"
  },
  {
    "docID": "N033 Wang 2014 23810979",
    "et": "VertebralArea",
    "off": 9954,
    "sff": "third and fourth cervical"
  },
  {
    "docID": "N033 Wang 2014 23810979",
    "et": "VertebralArea",
    "off": 9964,
    "sff": "fourth"
  },
  {
    "docID": "N033 Wang 2014 23810979",
    "et": "VertebralArea",
    "off": 9954,
    "sff": "third"
  },
  {
    "docID": "N033 Wang 2014 23810979",
    "et": "T2",
    "off": 8865,
    "sff": "T2"
  },
  {
    "docID": "N033 Wang 2014 23810979",
    "et": "T2",
    "off": 23961,
    "sff": "T2"
  }
]
