[
  {
    "docID": "N034 Wilems 2015 26384702",
    "et": "T6",
    "off": 17082,
    "sff": "T6"
  },
  {
    "docID": "N034 Wilems 2015 26384702",
    "et": "T7",
    "off": 17267,
    "sff": "T7"
  },
  {
    "docID": "N034 Wilems 2015 26384702",
    "et": "T8",
    "off": 17153,
    "sff": "T8"
  },
  {
    "docID": "N034 Wilems 2015 26384702",
    "et": "T9",
    "off": 17274,
    "sff": "T9"
  },
  {
    "docID": "N034 Wilems 2015 26384702",
    "et": "T10",
    "off": 17088,
    "sff": "T10"
  },
  {
    "docID": "N034 Wilems 2015 26384702",
    "et": "VertebralArea",
    "off": 17088,
    "sff": "T10"
  },
  {
    "docID": "N034 Wilems 2015 26384702",
    "et": "VertebralArea",
    "off": 10414,
    "sff": "T-25"
  },
  {
    "docID": "N034 Wilems 2015 26384702",
    "et": "VertebralArea",
    "off": 17267,
    "sff": "T7 and T9"
  }
]
