[
  {
    "docID": "N036 Shields 2008 18486695",
    "et": "C3",
    "off": 7388,
    "sff": "C3"
  },
  {
    "docID": "N036 Shields 2008 18486695",
    "et": "C3",
    "off": 8508,
    "sff": "C3"
  },
  {
    "docID": "N036 Shields 2008 18486695",
    "et": "C3",
    "off": 7983,
    "sff": "C3"
  },
  {
    "docID": "N036 Shields 2008 18486695",
    "et": "C3",
    "off": 7294,
    "sff": "C3"
  },
  {
    "docID": "N036 Shields 2008 18486695",
    "et": "C3",
    "off": 7237,
    "sff": "C3"
  },
  {
    "docID": "N036 Shields 2008 18486695",
    "et": "C3",
    "off": 8727,
    "sff": "C3"
  },
  {
    "docID": "N036 Shields 2008 18486695",
    "et": "C3",
    "off": 15559,
    "sff": "C3"
  },
  {
    "docID": "N036 Shields 2008 18486695",
    "et": "C3",
    "off": 17719,
    "sff": "C3"
  },
  {
    "docID": "N036 Shields 2008 18486695",
    "et": "C3",
    "off": 8633,
    "sff": "C3"
  },
  {
    "docID": "N036 Shields 2008 18486695",
    "et": "C3",
    "off": 15496,
    "sff": "C3"
  },
  {
    "docID": "N036 Shields 2008 18486695",
    "et": "C4",
    "off": 7921,
    "sff": "C4"
  },
  {
    "docID": "N036 Shields 2008 18486695",
    "et": "C4",
    "off": 8772,
    "sff": "C4"
  },
  {
    "docID": "N036 Shields 2008 18486695",
    "et": "C5",
    "off": 15553,
    "sff": "C5"
  },
  {
    "docID": "N036 Shields 2008 18486695",
    "et": "VertebralArea",
    "off": 7237,
    "sff": "C3-5"
  },
  {
    "docID": "N036 Shields 2008 18486695",
    "et": "VertebralArea",
    "off": 8772,
    "sff": "C4-5"
  },
  {
    "docID": "N036 Shields 2008 18486695",
    "et": "VertebralArea",
    "off": 7921,
    "sff": "C4-5"
  }
]
