[
  {
    "docID": "N038 Garcia-Alias 2011 22159095",
    "et": "T6",
    "off": 39658,
    "sff": "T6"
  },
  {
    "docID": "N038 Garcia-Alias 2011 22159095",
    "et": "T6",
    "off": 31857,
    "sff": "T6"
  },
  {
    "docID": "N038 Garcia-Alias 2011 22159095",
    "et": "T6",
    "off": 38515,
    "sff": "T6"
  },
  {
    "docID": "N038 Garcia-Alias 2011 22159095",
    "et": "T6",
    "off": 45650,
    "sff": "T6"
  },
  {
    "docID": "N038 Garcia-Alias 2011 22159095",
    "et": "T6",
    "off": 23252,
    "sff": "T6"
  },
  {
    "docID": "N038 Garcia-Alias 2011 22159095",
    "et": "T6",
    "off": 38293,
    "sff": "T6"
  },
  {
    "docID": "N038 Garcia-Alias 2011 22159095",
    "et": "T6",
    "off": 22999,
    "sff": "T6"
  },
  {
    "docID": "N038 Garcia-Alias 2011 22159095",
    "et": "T6",
    "off": 23607,
    "sff": "T6"
  },
  {
    "docID": "N038 Garcia-Alias 2011 22159095",
    "et": "T6",
    "off": 40697,
    "sff": "T6"
  },
  {
    "docID": "N038 Garcia-Alias 2011 22159095",
    "et": "T6",
    "off": 39038,
    "sff": "T6"
  },
  {
    "docID": "N038 Garcia-Alias 2011 22159095",
    "et": "T6",
    "off": 1920,
    "sff": "T6"
  },
  {
    "docID": "N038 Garcia-Alias 2011 22159095",
    "et": "T6",
    "off": 21250,
    "sff": "T6"
  },
  {
    "docID": "N038 Garcia-Alias 2011 22159095",
    "et": "T6",
    "off": 24069,
    "sff": "T6"
  },
  {
    "docID": "N038 Garcia-Alias 2011 22159095",
    "et": "T6",
    "off": 20583,
    "sff": "T6"
  },
  {
    "docID": "N038 Garcia-Alias 2011 22159095",
    "et": "T6",
    "off": 39558,
    "sff": "T6"
  },
  {
    "docID": "N038 Garcia-Alias 2011 22159095",
    "et": "T6",
    "off": 46982,
    "sff": "T6"
  },
  {
    "docID": "N038 Garcia-Alias 2011 22159095",
    "et": "T8",
    "off": 1514,
    "sff": "T8"
  },
  {
    "docID": "N038 Garcia-Alias 2011 22159095",
    "et": "T8",
    "off": 20586,
    "sff": "T8"
  },
  {
    "docID": "N038 Garcia-Alias 2011 22159095",
    "et": "T8",
    "off": 44570,
    "sff": "T8"
  },
  {
    "docID": "N038 Garcia-Alias 2011 22159095",
    "et": "T8",
    "off": 32913,
    "sff": "T8"
  },
  {
    "docID": "N038 Garcia-Alias 2011 22159095",
    "et": "T8",
    "off": 10992,
    "sff": "T8"
  },
  {
    "docID": "N038 Garcia-Alias 2011 22159095",
    "et": "L1",
    "off": 20643,
    "sff": "L1"
  },
  {
    "docID": "N038 Garcia-Alias 2011 22159095",
    "et": "T9",
    "off": 24072,
    "sff": "T9"
  },
  {
    "docID": "N038 Garcia-Alias 2011 22159095",
    "et": "L5",
    "off": 39351,
    "sff": "L5"
  },
  {
    "docID": "N038 Garcia-Alias 2011 22159095",
    "et": "L5",
    "off": 20691,
    "sff": "L5"
  },
  {
    "docID": "N038 Garcia-Alias 2011 22159095",
    "et": "L5",
    "off": 39475,
    "sff": "L5"
  },
  {
    "docID": "N038 Garcia-Alias 2011 22159095",
    "et": "L5",
    "off": 1974,
    "sff": "L5"
  },
  {
    "docID": "N038 Garcia-Alias 2011 22159095",
    "et": "L5",
    "off": 48750,
    "sff": "L5"
  },
  {
    "docID": "N038 Garcia-Alias 2011 22159095",
    "et": "L5",
    "off": 13196,
    "sff": "L5"
  },
  {
    "docID": "N038 Garcia-Alias 2011 22159095",
    "et": "L5",
    "off": 38575,
    "sff": "L5"
  },
  {
    "docID": "N038 Garcia-Alias 2011 22159095",
    "et": "L5",
    "off": 39887,
    "sff": "L5"
  },
  {
    "docID": "N038 Garcia-Alias 2011 22159095",
    "et": "L5",
    "off": 40719,
    "sff": "L5"
  },
  {
    "docID": "N038 Garcia-Alias 2011 22159095",
    "et": "L5",
    "off": 48523,
    "sff": "L5"
  },
  {
    "docID": "N038 Garcia-Alias 2011 22159095",
    "et": "L5",
    "off": 27244,
    "sff": "L5"
  },
  {
    "docID": "N038 Garcia-Alias 2011 22159095",
    "et": "L5",
    "off": 20937,
    "sff": "L5"
  },
  {
    "docID": "N038 Garcia-Alias 2011 22159095",
    "et": "L5",
    "off": 29346,
    "sff": "L5"
  },
  {
    "docID": "N038 Garcia-Alias 2011 22159095",
    "et": "L5",
    "off": 39780,
    "sff": "L5"
  },
  {
    "docID": "N038 Garcia-Alias 2011 22159095",
    "et": "L5",
    "off": 41476,
    "sff": "L5"
  },
  {
    "docID": "N038 Garcia-Alias 2011 22159095",
    "et": "L5",
    "off": 39136,
    "sff": "L5"
  },
  {
    "docID": "N038 Garcia-Alias 2011 22159095",
    "et": "L5",
    "off": 29180,
    "sff": "L5"
  },
  {
    "docID": "N038 Garcia-Alias 2011 22159095",
    "et": "L5",
    "off": 38108,
    "sff": "L5"
  },
  {
    "docID": "N038 Garcia-Alias 2011 22159095",
    "et": "T11",
    "off": 13490,
    "sff": "T11"
  },
  {
    "docID": "N038 Garcia-Alias 2011 22159095",
    "et": "T11",
    "off": 27251,
    "sff": "T11"
  },
  {
    "docID": "N038 Garcia-Alias 2011 22159095",
    "et": "T11",
    "off": 13188,
    "sff": "T11"
  },
  {
    "docID": "N038 Garcia-Alias 2011 22159095",
    "et": "VertebralArea",
    "off": 20583,
    "sff": "T6–T8"
  },
  {
    "docID": "N038 Garcia-Alias 2011 22159095",
    "et": "VertebralArea",
    "off": 24069,
    "sff": "T6–T9"
  },
  {
    "docID": "N038 Garcia-Alias 2011 22159095",
    "et": "VertebralArea",
    "off": 13188,
    "sff": "T11 and L5"
  },
  {
    "docID": "N038 Garcia-Alias 2011 22159095",
    "et": "VertebralArea",
    "off": 20643,
    "sff": "L1–L6"
  },
  {
    "docID": "N038 Garcia-Alias 2011 22159095",
    "et": "VertebralArea",
    "off": 27244,
    "sff": "L5 and T11"
  }
]
