[
  {
    "docID": "N040 Kim 2006 16705682",
    "et": "C1",
    "off": 18472,
    "sff": "C1"
  },
  {
    "docID": "N040 Kim 2006 16705682",
    "et": "C2",
    "off": 18475,
    "sff": "C2"
  },
  {
    "docID": "N040 Kim 2006 16705682",
    "et": "C4",
    "off": 6903,
    "sff": "C4"
  },
  {
    "docID": "N040 Kim 2006 16705682",
    "et": "C4",
    "off": 39937,
    "sff": "C4"
  },
  {
    "docID": "N040 Kim 2006 16705682",
    "et": "C4",
    "off": 1443,
    "sff": "C4"
  },
  {
    "docID": "N040 Kim 2006 16705682",
    "et": "C4",
    "off": 38863,
    "sff": "C4"
  },
  {
    "docID": "N040 Kim 2006 16705682",
    "et": "C4",
    "off": 40671,
    "sff": "C4"
  },
  {
    "docID": "N040 Kim 2006 16705682",
    "et": "C4",
    "off": 51487,
    "sff": "C4"
  },
  {
    "docID": "N040 Kim 2006 16705682",
    "et": "C6",
    "off": 46100,
    "sff": "C6"
  },
  {
    "docID": "N040 Kim 2006 16705682",
    "et": "VertebralArea",
    "off": 46100,
    "sff": "C6/7"
  },
  {
    "docID": "N040 Kim 2006 16705682",
    "et": "VertebralArea",
    "off": 10944,
    "sff": "C8/T1"
  },
  {
    "docID": "N040 Kim 2006 16705682",
    "et": "VertebralArea",
    "off": 18472,
    "sff": "C1/C2"
  },
  {
    "docID": "N040 Kim 2006 16705682",
    "et": "VertebralArea",
    "off": 51451,
    "sff": "C8/T1"
  },
  {
    "docID": "N040 Kim 2006 16705682",
    "et": "VertebralArea",
    "off": 12784,
    "sff": "C8035"
  },
  {
    "docID": "N040 Kim 2006 16705682",
    "et": "VertebralArea",
    "off": 30790,
    "sff": "C8/T1"
  },
  {
    "docID": "N040 Kim 2006 16705682",
    "et": "T1",
    "off": 30793,
    "sff": "T1"
  },
  {
    "docID": "N040 Kim 2006 16705682",
    "et": "T1",
    "off": 51454,
    "sff": "T1"
  },
  {
    "docID": "N040 Kim 2006 16705682",
    "et": "T1",
    "off": 10947,
    "sff": "T1"
  }
]
