[
  {
    "docID": "N041 Alluin 2014 25350665",
    "et": "T5",
    "off": 14591,
    "sff": "T5"
  },
  {
    "docID": "N041 Alluin 2014 25350665",
    "et": "T6",
    "off": 14673,
    "sff": "T6"
  },
  {
    "docID": "N041 Alluin 2014 25350665",
    "et": "T6",
    "off": 14958,
    "sff": "T6"
  },
  {
    "docID": "N041 Alluin 2014 25350665",
    "et": "T7",
    "off": 64083,
    "sff": "T7"
  },
  {
    "docID": "N041 Alluin 2014 25350665",
    "et": "T7",
    "off": 14812,
    "sff": "T7"
  },
  {
    "docID": "N041 Alluin 2014 25350665",
    "et": "T8",
    "off": 14676,
    "sff": "T8"
  },
  {
    "docID": "N041 Alluin 2014 25350665",
    "et": "T8",
    "off": 14961,
    "sff": "T8"
  },
  {
    "docID": "N041 Alluin 2014 25350665",
    "et": "T9",
    "off": 14594,
    "sff": "T9"
  },
  {
    "docID": "N041 Alluin 2014 25350665",
    "et": "Vertebrae",
    "off": 14580,
    "sff": "vertebrae"
  },
  {
    "docID": "N041 Alluin 2014 25350665",
    "et": "C1",
    "off": 61262,
    "sff": "C1"
  },
  {
    "docID": "N041 Alluin 2014 25350665",
    "et": "C1",
    "off": 42106,
    "sff": "C1"
  },
  {
    "docID": "N041 Alluin 2014 25350665",
    "et": "C1",
    "off": 41532,
    "sff": "C1"
  },
  {
    "docID": "N041 Alluin 2014 25350665",
    "et": "C1",
    "off": 42760,
    "sff": "C1"
  },
  {
    "docID": "N041 Alluin 2014 25350665",
    "et": "C1",
    "off": 59905,
    "sff": "C1"
  },
  {
    "docID": "N041 Alluin 2014 25350665",
    "et": "C2",
    "off": 42029,
    "sff": "C2"
  },
  {
    "docID": "N041 Alluin 2014 25350665",
    "et": "C3",
    "off": 42033,
    "sff": "C3"
  },
  {
    "docID": "N041 Alluin 2014 25350665",
    "et": "C4",
    "off": 61359,
    "sff": "C4"
  },
  {
    "docID": "N041 Alluin 2014 25350665",
    "et": "C4",
    "off": 42040,
    "sff": "C4"
  },
  {
    "docID": "N041 Alluin 2014 25350665",
    "et": "VertebralArea",
    "off": 14591,
    "sff": "T5-T9"
  },
  {
    "docID": "N041 Alluin 2014 25350665",
    "et": "VertebralArea",
    "off": 42033,
    "sff": "C3 and C4"
  },
  {
    "docID": "N041 Alluin 2014 25350665",
    "et": "VertebralArea",
    "off": 14673,
    "sff": "T6-T8"
  },
  {
    "docID": "N041 Alluin 2014 25350665",
    "et": "VertebralArea",
    "off": 14958,
    "sff": "T6-T8"
  }
]
