[
  {
    "docID": "N043 Massey 2008 17540369",
    "et": "Vertebrae",
    "off": 9037,
    "sff": "vertebrae"
  },
  {
    "docID": "N043 Massey 2008 17540369",
    "et": "C3",
    "off": 8964,
    "sff": "C3"
  },
  {
    "docID": "N043 Massey 2008 17540369",
    "et": "C3",
    "off": 9026,
    "sff": "C3"
  },
  {
    "docID": "N043 Massey 2008 17540369",
    "et": "C3",
    "off": 9139,
    "sff": "C3"
  },
  {
    "docID": "N043 Massey 2008 17540369",
    "et": "C3",
    "off": 10414,
    "sff": "C3"
  },
  {
    "docID": "N043 Massey 2008 17540369",
    "et": "C3",
    "off": 59532,
    "sff": "C3"
  },
  {
    "docID": "N043 Massey 2008 17540369",
    "et": "C4",
    "off": 9033,
    "sff": "C4"
  },
  {
    "docID": "N043 Massey 2008 17540369",
    "et": "C4",
    "off": 59535,
    "sff": "C4"
  },
  {
    "docID": "N043 Massey 2008 17540369",
    "et": "C4",
    "off": 9146,
    "sff": "C4"
  },
  {
    "docID": "N043 Massey 2008 17540369",
    "et": "VertebralArea",
    "off": 8964,
    "sff": "C3-4"
  },
  {
    "docID": "N043 Massey 2008 17540369",
    "et": "VertebralArea",
    "off": 10414,
    "sff": "C3-4"
  },
  {
    "docID": "N043 Massey 2008 17540369",
    "et": "VertebralArea",
    "off": 9139,
    "sff": "C3 and C4"
  },
  {
    "docID": "N043 Massey 2008 17540369",
    "et": "VertebralArea",
    "off": 59532,
    "sff": "C3-C4"
  },
  {
    "docID": "N043 Massey 2008 17540369",
    "et": "VertebralArea",
    "off": 9026,
    "sff": "C3 and C4"
  },
  {
    "docID": "N043 Massey 2008 17540369",
    "et": "T1",
    "off": 51329,
    "sff": "T1"
  },
  {
    "docID": "N043 Massey 2008 17540369",
    "et": "T1",
    "off": 9446,
    "sff": "T1"
  },
  {
    "docID": "N043 Massey 2008 17540369",
    "et": "T2",
    "off": 9354,
    "sff": "T2"
  }
]
