[
  {
    "docID": "N047 Zhao 2011 21855577",
    "et": "C1",
    "off": 22059,
    "sff": "C1"
  },
  {
    "docID": "N047 Zhao 2011 21855577",
    "et": "C1",
    "off": 20703,
    "sff": "C1"
  },
  {
    "docID": "N047 Zhao 2011 21855577",
    "et": "C1",
    "off": 28975,
    "sff": "C1"
  },
  {
    "docID": "N047 Zhao 2011 21855577",
    "et": "C1",
    "off": 20582,
    "sff": "C1"
  },
  {
    "docID": "N047 Zhao 2011 21855577",
    "et": "C3",
    "off": 28927,
    "sff": "C3"
  },
  {
    "docID": "N047 Zhao 2011 21855577",
    "et": "C3",
    "off": 30592,
    "sff": "C3"
  },
  {
    "docID": "N047 Zhao 2011 21855577",
    "et": "C4",
    "off": 39996,
    "sff": "C4"
  },
  {
    "docID": "N047 Zhao 2011 21855577",
    "et": "C4",
    "off": 39631,
    "sff": "C4"
  },
  {
    "docID": "N047 Zhao 2011 21855577",
    "et": "C4",
    "off": 30595,
    "sff": "C4"
  },
  {
    "docID": "N047 Zhao 2011 21855577",
    "et": "C4",
    "off": 28930,
    "sff": "C4"
  },
  {
    "docID": "N047 Zhao 2011 21855577",
    "et": "C4",
    "off": 42005,
    "sff": "C4"
  },
  {
    "docID": "N047 Zhao 2011 21855577",
    "et": "C4",
    "off": 17654,
    "sff": "C4"
  },
  {
    "docID": "N047 Zhao 2011 21855577",
    "et": "VertebralArea",
    "off": 28927,
    "sff": "C3-C4"
  },
  {
    "docID": "N047 Zhao 2011 21855577",
    "et": "VertebralArea",
    "off": 30592,
    "sff": "C3-C4"
  }
]
