[
  {
    "docID": "N048 Garcia-Alias 2015 25666586",
    "et": "C2",
    "off": 25146,
    "sff": "C2"
  },
  {
    "docID": "N048 Garcia-Alias 2015 25666586",
    "et": "C2",
    "off": 15996,
    "sff": "C2"
  },
  {
    "docID": "N048 Garcia-Alias 2015 25666586",
    "et": "C2",
    "off": 31517,
    "sff": "C2"
  },
  {
    "docID": "N048 Garcia-Alias 2015 25666586",
    "et": "C2",
    "off": 32109,
    "sff": "C2"
  },
  {
    "docID": "N048 Garcia-Alias 2015 25666586",
    "et": "C4",
    "off": 17275,
    "sff": "C4"
  },
  {
    "docID": "N048 Garcia-Alias 2015 25666586",
    "et": "C4",
    "off": 16797,
    "sff": "C4"
  },
  {
    "docID": "N048 Garcia-Alias 2015 25666586",
    "et": "C4",
    "off": 1637,
    "sff": "C4"
  },
  {
    "docID": "N048 Garcia-Alias 2015 25666586",
    "et": "C4",
    "off": 32115,
    "sff": "C4"
  },
  {
    "docID": "N048 Garcia-Alias 2015 25666586",
    "et": "C4",
    "off": 8047,
    "sff": "C4"
  },
  {
    "docID": "N048 Garcia-Alias 2015 25666586",
    "et": "C4",
    "off": 17150,
    "sff": "C4"
  },
  {
    "docID": "N048 Garcia-Alias 2015 25666586",
    "et": "C4",
    "off": 20033,
    "sff": "C4"
  },
  {
    "docID": "N048 Garcia-Alias 2015 25666586",
    "et": "C5",
    "off": 32265,
    "sff": "C5"
  },
  {
    "docID": "N048 Garcia-Alias 2015 25666586",
    "et": "C5",
    "off": 8050,
    "sff": "C5"
  },
  {
    "docID": "N048 Garcia-Alias 2015 25666586",
    "et": "C6",
    "off": 25684,
    "sff": "C6"
  },
  {
    "docID": "N048 Garcia-Alias 2015 25666586",
    "et": "VertebralArea",
    "off": 8047,
    "sff": "C4-C5"
  },
  {
    "docID": "N048 Garcia-Alias 2015 25666586",
    "et": "VertebralArea",
    "off": 15996,
    "sff": "C2 and T1"
  },
  {
    "docID": "N048 Garcia-Alias 2015 25666586",
    "et": "C7",
    "off": 20681,
    "sff": "C7"
  },
  {
    "docID": "N048 Garcia-Alias 2015 25666586",
    "et": "C7",
    "off": 25688,
    "sff": "C7"
  },
  {
    "docID": "N048 Garcia-Alias 2015 25666586",
    "et": "C7",
    "off": 1732,
    "sff": "C7"
  },
  {
    "docID": "N048 Garcia-Alias 2015 25666586",
    "et": "C7",
    "off": 8367,
    "sff": "C7"
  },
  {
    "docID": "N048 Garcia-Alias 2015 25666586",
    "et": "C7",
    "off": 19070,
    "sff": "C7"
  },
  {
    "docID": "N048 Garcia-Alias 2015 25666586",
    "et": "T1",
    "off": 16003,
    "sff": "T1"
  },
  {
    "docID": "N048 Garcia-Alias 2015 25666586",
    "et": "T1",
    "off": 31523,
    "sff": "T1"
  }
]
