[
  {
    "docID": "N049 Wang 2011 21299884",
    "et": "T9",
    "off": 38900,
    "sff": "T9"
  },
  {
    "docID": "N049 Wang 2011 21299884",
    "et": "T9",
    "off": 7792,
    "sff": "T9"
  },
  {
    "docID": "N049 Wang 2011 21299884",
    "et": "T10",
    "off": 7795,
    "sff": "T10"
  },
  {
    "docID": "N049 Wang 2011 21299884",
    "et": "C1",
    "off": 27885,
    "sff": "c1"
  },
  {
    "docID": "N049 Wang 2011 21299884",
    "et": "C1",
    "off": 44926,
    "sff": "C1"
  },
  {
    "docID": "N049 Wang 2011 21299884",
    "et": "C4",
    "off": 46206,
    "sff": "C4"
  },
  {
    "docID": "N049 Wang 2011 21299884",
    "et": "VertebralArea",
    "off": 38900,
    "sff": "T9/10"
  },
  {
    "docID": "N049 Wang 2011 21299884",
    "et": "VertebralArea",
    "off": 7792,
    "sff": "T9/T10"
  },
  {
    "docID": "N049 Wang 2011 21299884",
    "et": "VertebralArea",
    "off": 44917,
    "sff": "C0.5"
  }
]
