[
  {
    "docID": "N050 Alilain, Horn et al. 2011",
    "et": "C2",
    "off": 10599,
    "sff": "C2"
  },
  {
    "docID": "N050 Alilain, Horn et al. 2011",
    "et": "C2",
    "off": 23848,
    "sff": "C2"
  },
  {
    "docID": "N050 Alilain, Horn et al. 2011",
    "et": "C2",
    "off": 14756,
    "sff": "C2"
  },
  {
    "docID": "N050 Alilain, Horn et al. 2011",
    "et": "C2",
    "off": 7969,
    "sff": "C2"
  },
  {
    "docID": "N050 Alilain, Horn et al. 2011",
    "et": "C2",
    "off": 9570,
    "sff": "C2"
  },
  {
    "docID": "N050 Alilain, Horn et al. 2011",
    "et": "C2",
    "off": 5536,
    "sff": "C2"
  },
  {
    "docID": "N050 Alilain, Horn et al. 2011",
    "et": "C2",
    "off": 26655,
    "sff": "C2"
  },
  {
    "docID": "N050 Alilain, Horn et al. 2011",
    "et": "C2",
    "off": 3614,
    "sff": "C2"
  },
  {
    "docID": "N050 Alilain, Horn et al. 2011",
    "et": "C2",
    "off": 26524,
    "sff": "C2"
  },
  {
    "docID": "N050 Alilain, Horn et al. 2011",
    "et": "C2",
    "off": 25499,
    "sff": "C2"
  },
  {
    "docID": "N050 Alilain, Horn et al. 2011",
    "et": "C2",
    "off": 2199,
    "sff": "C2"
  },
  {
    "docID": "N050 Alilain, Horn et al. 2011",
    "et": "C2",
    "off": 37079,
    "sff": "C2"
  },
  {
    "docID": "N050 Alilain, Horn et al. 2011",
    "et": "C2",
    "off": 11157,
    "sff": "C2"
  },
  {
    "docID": "N050 Alilain, Horn et al. 2011",
    "et": "C2",
    "off": 13654,
    "sff": "C2"
  },
  {
    "docID": "N050 Alilain, Horn et al. 2011",
    "et": "C2",
    "off": 21524,
    "sff": "C2"
  },
  {
    "docID": "N050 Alilain, Horn et al. 2011",
    "et": "C2",
    "off": 3153,
    "sff": "C2"
  },
  {
    "docID": "N050 Alilain, Horn et al. 2011",
    "et": "C2",
    "off": 18895,
    "sff": "C2"
  },
  {
    "docID": "N050 Alilain, Horn et al. 2011",
    "et": "C2",
    "off": 26576,
    "sff": "C2"
  },
  {
    "docID": "N050 Alilain, Horn et al. 2011",
    "et": "C2",
    "off": 5264,
    "sff": "C2"
  },
  {
    "docID": "N050 Alilain, Horn et al. 2011",
    "et": "C2",
    "off": 23567,
    "sff": "C2"
  },
  {
    "docID": "N050 Alilain, Horn et al. 2011",
    "et": "C2",
    "off": 12493,
    "sff": "C2"
  },
  {
    "docID": "N050 Alilain, Horn et al. 2011",
    "et": "C2",
    "off": 27726,
    "sff": "C2"
  },
  {
    "docID": "N050 Alilain, Horn et al. 2011",
    "et": "C2",
    "off": 3212,
    "sff": "C2"
  },
  {
    "docID": "N050 Alilain, Horn et al. 2011",
    "et": "C2",
    "off": 10057,
    "sff": "C2"
  },
  {
    "docID": "N050 Alilain, Horn et al. 2011",
    "et": "C2",
    "off": 4803,
    "sff": "C2"
  },
  {
    "docID": "N050 Alilain, Horn et al. 2011",
    "et": "C2",
    "off": 4607,
    "sff": "C2"
  },
  {
    "docID": "N050 Alilain, Horn et al. 2011",
    "et": "C2",
    "off": 12671,
    "sff": "C2"
  },
  {
    "docID": "N050 Alilain, Horn et al. 2011",
    "et": "C2",
    "off": 14386,
    "sff": "C2"
  },
  {
    "docID": "N050 Alilain, Horn et al. 2011",
    "et": "C2",
    "off": 26225,
    "sff": "C2"
  },
  {
    "docID": "N050 Alilain, Horn et al. 2011",
    "et": "C3",
    "off": 27625,
    "sff": "C3"
  },
  {
    "docID": "N050 Alilain, Horn et al. 2011",
    "et": "C3",
    "off": 2339,
    "sff": "C3"
  },
  {
    "docID": "N050 Alilain, Horn et al. 2011",
    "et": "C4",
    "off": 16685,
    "sff": "C4"
  },
  {
    "docID": "N050 Alilain, Horn et al. 2011",
    "et": "C4",
    "off": 21708,
    "sff": "C4"
  },
  {
    "docID": "N050 Alilain, Horn et al. 2011",
    "et": "C4",
    "off": 24044,
    "sff": "C4"
  },
  {
    "docID": "N050 Alilain, Horn et al. 2011",
    "et": "C4",
    "off": 27946,
    "sff": "C4"
  },
  {
    "docID": "N050 Alilain, Horn et al. 2011",
    "et": "C4",
    "off": 7490,
    "sff": "C4"
  },
  {
    "docID": "N050 Alilain, Horn et al. 2011",
    "et": "C4",
    "off": 26815,
    "sff": "C4"
  },
  {
    "docID": "N050 Alilain, Horn et al. 2011",
    "et": "C5",
    "off": 27631,
    "sff": "C5"
  },
  {
    "docID": "N050 Alilain, Horn et al. 2011",
    "et": "C6",
    "off": 2342,
    "sff": "C6"
  },
  {
    "docID": "N050 Alilain, Horn et al. 2011",
    "et": "VertebralArea",
    "off": 2339,
    "sff": "C3-C6"
  }
]
