[
  {
    "docID": "N051 Bai, Peng et al. 2010",
    "et": "T9",
    "off": 6477,
    "sff": "T9"
  },
  {
    "docID": "N051 Bai, Peng et al. 2010",
    "et": "T9",
    "off": 10173,
    "sff": "T9"
  },
  {
    "docID": "N051 Bai, Peng et al. 2010",
    "et": "T11",
    "off": 10179,
    "sff": "T11"
  },
  {
    "docID": "N051 Bai, Peng et al. 2010",
    "et": "T10",
    "off": 15676,
    "sff": "T10"
  },
  {
    "docID": "N051 Bai, Peng et al. 2010",
    "et": "T10",
    "off": 19677,
    "sff": "T10"
  },
  {
    "docID": "N051 Bai, Peng et al. 2010",
    "et": "T10",
    "off": 6480,
    "sff": "T10"
  },
  {
    "docID": "N051 Bai, Peng et al. 2010",
    "et": "T10",
    "off": 6567,
    "sff": "T10"
  },
  {
    "docID": "N051 Bai, Peng et al. 2010",
    "et": "T13",
    "off": 12318,
    "sff": "T13"
  },
  {
    "docID": "N051 Bai, Peng et al. 2010",
    "et": "T13",
    "off": 12394,
    "sff": "T13"
  },
  {
    "docID": "N051 Bai, Peng et al. 2010",
    "et": "VertebralArea",
    "off": 6477,
    "sff": "T9-T10"
  }
]
