[
  {
    "docID": "N052 Bartus, James et al. 2014",
    "et": "T7",
    "off": 11840,
    "sff": "T7"
  },
  {
    "docID": "N052 Bartus, James et al. 2014",
    "et": "L2",
    "off": 23819,
    "sff": "L2"
  },
  {
    "docID": "N052 Bartus, James et al. 2014",
    "et": "L3",
    "off": 14107,
    "sff": "L3"
  },
  {
    "docID": "N052 Bartus, James et al. 2014",
    "et": "L3",
    "off": 12017,
    "sff": "L3"
  },
  {
    "docID": "N052 Bartus, James et al. 2014",
    "et": "L5",
    "off": 11846,
    "sff": "L5"
  },
  {
    "docID": "N052 Bartus, James et al. 2014",
    "et": "T10",
    "off": 36530,
    "sff": "T10"
  },
  {
    "docID": "N052 Bartus, James et al. 2014",
    "et": "T10",
    "off": 44577,
    "sff": "T10"
  },
  {
    "docID": "N052 Bartus, James et al. 2014",
    "et": "T10",
    "off": 23695,
    "sff": "T10"
  },
  {
    "docID": "N052 Bartus, James et al. 2014",
    "et": "T10",
    "off": 34975,
    "sff": "T10"
  },
  {
    "docID": "N052 Bartus, James et al. 2014",
    "et": "T10",
    "off": 31597,
    "sff": "T10"
  },
  {
    "docID": "N052 Bartus, James et al. 2014",
    "et": "T10",
    "off": 50781,
    "sff": "T10"
  },
  {
    "docID": "N052 Bartus, James et al. 2014",
    "et": "T10",
    "off": 20667,
    "sff": "T10"
  },
  {
    "docID": "N052 Bartus, James et al. 2014",
    "et": "T10",
    "off": 27515,
    "sff": "T10"
  },
  {
    "docID": "N052 Bartus, James et al. 2014",
    "et": "T10",
    "off": 17976,
    "sff": "T10"
  },
  {
    "docID": "N052 Bartus, James et al. 2014",
    "et": "T10",
    "off": 28313,
    "sff": "T10"
  },
  {
    "docID": "N052 Bartus, James et al. 2014",
    "et": "T10",
    "off": 8279,
    "sff": "T10"
  },
  {
    "docID": "N052 Bartus, James et al. 2014",
    "et": "T10",
    "off": 44951,
    "sff": "T10"
  },
  {
    "docID": "N052 Bartus, James et al. 2014",
    "et": "C4",
    "off": 23837,
    "sff": "C4"
  },
  {
    "docID": "N052 Bartus, James et al. 2014",
    "et": "C5",
    "off": 34235,
    "sff": "C5"
  },
  {
    "docID": "N052 Bartus, James et al. 2014",
    "et": "VertebralArea",
    "off": 8279,
    "sff": "T10/11"
  },
  {
    "docID": "N052 Bartus, James et al. 2014",
    "et": "VertebralArea",
    "off": 14107,
    "sff": "L3-L6"
  }
]
