[
  {
    "docID": "N053 Caggiano, Zimber et al. 2005",
    "et": "L1",
    "off": 9135,
    "sff": "L1"
  },
  {
    "docID": "N053 Caggiano, Zimber et al. 2005",
    "et": "L1",
    "off": 9028,
    "sff": "L1"
  },
  {
    "docID": "N053 Caggiano, Zimber et al. 2005",
    "et": "T9",
    "off": 8952,
    "sff": "T9"
  },
  {
    "docID": "N053 Caggiano, Zimber et al. 2005",
    "et": "T9",
    "off": 21403,
    "sff": "T9"
  },
  {
    "docID": "N053 Caggiano, Zimber et al. 2005",
    "et": "T9",
    "off": 959,
    "sff": "T9"
  },
  {
    "docID": "N053 Caggiano, Zimber et al. 2005",
    "et": "T9",
    "off": 9375,
    "sff": "T9"
  },
  {
    "docID": "N053 Caggiano, Zimber et al. 2005",
    "et": "Vertebrae",
    "off": 14950,
    "sff": "vertebrae"
  },
  {
    "docID": "N053 Caggiano, Zimber et al. 2005",
    "et": "Vertebrae",
    "off": 8970,
    "sff": "vertebrae"
  },
  {
    "docID": "N053 Caggiano, Zimber et al. 2005",
    "et": "Vertebrae",
    "off": 9631,
    "sff": "vertebrae"
  },
  {
    "docID": "N053 Caggiano, Zimber et al. 2005",
    "et": "T10",
    "off": 962,
    "sff": "T10"
  },
  {
    "docID": "N053 Caggiano, Zimber et al. 2005",
    "et": "T10",
    "off": 9378,
    "sff": "T10"
  },
  {
    "docID": "N053 Caggiano, Zimber et al. 2005",
    "et": "T10",
    "off": 8959,
    "sff": "T10"
  },
  {
    "docID": "N053 Caggiano, Zimber et al. 2005",
    "et": "T10",
    "off": 21406,
    "sff": "T10"
  },
  {
    "docID": "N053 Caggiano, Zimber et al. 2005",
    "et": "T13",
    "off": 9131,
    "sff": "T13"
  },
  {
    "docID": "N053 Caggiano, Zimber et al. 2005",
    "et": "T13",
    "off": 9024,
    "sff": "T13"
  },
  {
    "docID": "N053 Caggiano, Zimber et al. 2005",
    "et": "VertebralArea",
    "off": 21403,
    "sff": "T9/T10"
  },
  {
    "docID": "N053 Caggiano, Zimber et al. 2005",
    "et": "VertebralArea",
    "off": 38337,
    "sff": "C923"
  },
  {
    "docID": "N053 Caggiano, Zimber et al. 2005",
    "et": "VertebralArea",
    "off": 9024,
    "sff": "T13/L1"
  },
  {
    "docID": "N053 Caggiano, Zimber et al. 2005",
    "et": "VertebralArea",
    "off": 959,
    "sff": "T9/T10"
  },
  {
    "docID": "N053 Caggiano, Zimber et al. 2005",
    "et": "VertebralArea",
    "off": 8959,
    "sff": "T10"
  },
  {
    "docID": "N053 Caggiano, Zimber et al. 2005",
    "et": "VertebralArea",
    "off": 9375,
    "sff": "T9/T10"
  },
  {
    "docID": "N053 Caggiano, Zimber et al. 2005",
    "et": "VertebralArea",
    "off": 9131,
    "sff": "T13/L1"
  },
  {
    "docID": "N053 Caggiano, Zimber et al. 2005",
    "et": "VertebralArea",
    "off": 8952,
    "sff": "T9 and T10"
  }
]
