[
  {
    "docID": "N054 Cholas, Hsu et al. 2012",
    "et": "T8",
    "off": 16843,
    "sff": "T8"
  },
  {
    "docID": "N054 Cholas, Hsu et al. 2012",
    "et": "T9",
    "off": 16850,
    "sff": "T9"
  },
  {
    "docID": "N054 Cholas, Hsu et al. 2012",
    "et": "Vertebrae",
    "off": 16957,
    "sff": "vertebrae"
  },
  {
    "docID": "N054 Cholas, Hsu et al. 2012",
    "et": "VertebralArea",
    "off": 15339,
    "sff": "C3667"
  },
  {
    "docID": "N054 Cholas, Hsu et al. 2012",
    "et": "VertebralArea",
    "off": 16843,
    "sff": "T8 and T9"
  }
]
