[
  {
    "docID": "N058 Iaci, Vecchione et al. 2007",
    "et": "L1",
    "off": 9091,
    "sff": "L1"
  },
  {
    "docID": "N058 Iaci, Vecchione et al. 2007",
    "et": "L1",
    "off": 8984,
    "sff": "L1"
  },
  {
    "docID": "N058 Iaci, Vecchione et al. 2007",
    "et": "T9",
    "off": 8908,
    "sff": "T9"
  },
  {
    "docID": "N058 Iaci, Vecchione et al. 2007",
    "et": "T9",
    "off": 20029,
    "sff": "T9"
  },
  {
    "docID": "N058 Iaci, Vecchione et al. 2007",
    "et": "T9",
    "off": 19305,
    "sff": "T9"
  },
  {
    "docID": "N058 Iaci, Vecchione et al. 2007",
    "et": "T9",
    "off": 9317,
    "sff": "T9"
  },
  {
    "docID": "N058 Iaci, Vecchione et al. 2007",
    "et": "Vertebrae",
    "off": 8926,
    "sff": "vertebrae"
  },
  {
    "docID": "N058 Iaci, Vecchione et al. 2007",
    "et": "Vertebrae",
    "off": 9573,
    "sff": "vertebrae"
  },
  {
    "docID": "N058 Iaci, Vecchione et al. 2007",
    "et": "T10",
    "off": 20032,
    "sff": "T10"
  },
  {
    "docID": "N058 Iaci, Vecchione et al. 2007",
    "et": "T10",
    "off": 8915,
    "sff": "T10"
  },
  {
    "docID": "N058 Iaci, Vecchione et al. 2007",
    "et": "T10",
    "off": 9320,
    "sff": "T10"
  },
  {
    "docID": "N058 Iaci, Vecchione et al. 2007",
    "et": "T10",
    "off": 19308,
    "sff": "T10"
  },
  {
    "docID": "N058 Iaci, Vecchione et al. 2007",
    "et": "T13",
    "off": 8980,
    "sff": "T13"
  },
  {
    "docID": "N058 Iaci, Vecchione et al. 2007",
    "et": "T13",
    "off": 9087,
    "sff": "T13"
  },
  {
    "docID": "N058 Iaci, Vecchione et al. 2007",
    "et": "C1",
    "off": 28720,
    "sff": "C1"
  },
  {
    "docID": "N058 Iaci, Vecchione et al. 2007",
    "et": "C1",
    "off": 26486,
    "sff": "C1"
  },
  {
    "docID": "N058 Iaci, Vecchione et al. 2007",
    "et": "C1",
    "off": 19754,
    "sff": "C1"
  },
  {
    "docID": "N058 Iaci, Vecchione et al. 2007",
    "et": "C1",
    "off": 24139,
    "sff": "C1"
  },
  {
    "docID": "N058 Iaci, Vecchione et al. 2007",
    "et": "C1",
    "off": 23148,
    "sff": "C1"
  },
  {
    "docID": "N058 Iaci, Vecchione et al. 2007",
    "et": "C1",
    "off": 28001,
    "sff": "C1"
  },
  {
    "docID": "N058 Iaci, Vecchione et al. 2007",
    "et": "C1",
    "off": 38111,
    "sff": "C1"
  },
  {
    "docID": "N058 Iaci, Vecchione et al. 2007",
    "et": "C1",
    "off": 27206,
    "sff": "C1"
  },
  {
    "docID": "N058 Iaci, Vecchione et al. 2007",
    "et": "C1",
    "off": 22499,
    "sff": "C1"
  },
  {
    "docID": "N058 Iaci, Vecchione et al. 2007",
    "et": "C1",
    "off": 19549,
    "sff": "C1"
  },
  {
    "docID": "N058 Iaci, Vecchione et al. 2007",
    "et": "C1",
    "off": 24766,
    "sff": "C1"
  },
  {
    "docID": "N058 Iaci, Vecchione et al. 2007",
    "et": "C1",
    "off": 20507,
    "sff": "C1"
  },
  {
    "docID": "N058 Iaci, Vecchione et al. 2007",
    "et": "C1",
    "off": 25819,
    "sff": "C1"
  },
  {
    "docID": "N058 Iaci, Vecchione et al. 2007",
    "et": "C2",
    "off": 33455,
    "sff": "C2"
  },
  {
    "docID": "N058 Iaci, Vecchione et al. 2007",
    "et": "C2",
    "off": 26515,
    "sff": "C2"
  },
  {
    "docID": "N058 Iaci, Vecchione et al. 2007",
    "et": "C2",
    "off": 23177,
    "sff": "C2"
  },
  {
    "docID": "N058 Iaci, Vecchione et al. 2007",
    "et": "C2",
    "off": 24168,
    "sff": "C2"
  },
  {
    "docID": "N058 Iaci, Vecchione et al. 2007",
    "et": "C2",
    "off": 31534,
    "sff": "C2"
  },
  {
    "docID": "N058 Iaci, Vecchione et al. 2007",
    "et": "C2",
    "off": 28749,
    "sff": "C2"
  },
  {
    "docID": "N058 Iaci, Vecchione et al. 2007",
    "et": "C2",
    "off": 22528,
    "sff": "C2"
  },
  {
    "docID": "N058 Iaci, Vecchione et al. 2007",
    "et": "C2",
    "off": 30533,
    "sff": "C2"
  },
  {
    "docID": "N058 Iaci, Vecchione et al. 2007",
    "et": "C2",
    "off": 19556,
    "sff": "C2"
  },
  {
    "docID": "N058 Iaci, Vecchione et al. 2007",
    "et": "C2",
    "off": 27235,
    "sff": "C2"
  },
  {
    "docID": "N058 Iaci, Vecchione et al. 2007",
    "et": "C2",
    "off": 20376,
    "sff": "C2"
  },
  {
    "docID": "N058 Iaci, Vecchione et al. 2007",
    "et": "C2",
    "off": 20536,
    "sff": "C2"
  },
  {
    "docID": "N058 Iaci, Vecchione et al. 2007",
    "et": "C2",
    "off": 25848,
    "sff": "C2"
  },
  {
    "docID": "N058 Iaci, Vecchione et al. 2007",
    "et": "C2",
    "off": 38040,
    "sff": "C2"
  },
  {
    "docID": "N058 Iaci, Vecchione et al. 2007",
    "et": "C2",
    "off": 19831,
    "sff": "C2"
  },
  {
    "docID": "N058 Iaci, Vecchione et al. 2007",
    "et": "C2",
    "off": 28030,
    "sff": "C2"
  },
  {
    "docID": "N058 Iaci, Vecchione et al. 2007",
    "et": "C2",
    "off": 24795,
    "sff": "C2"
  },
  {
    "docID": "N058 Iaci, Vecchione et al. 2007",
    "et": "VertebralArea",
    "off": 9087,
    "sff": "T13/L1"
  },
  {
    "docID": "N058 Iaci, Vecchione et al. 2007",
    "et": "VertebralArea",
    "off": 8908,
    "sff": "T9 and T10"
  },
  {
    "docID": "N058 Iaci, Vecchione et al. 2007",
    "et": "VertebralArea",
    "off": 8980,
    "sff": "T13/L1"
  },
  {
    "docID": "N058 Iaci, Vecchione et al. 2007",
    "et": "VertebralArea",
    "off": 20029,
    "sff": "T9/T10"
  },
  {
    "docID": "N058 Iaci, Vecchione et al. 2007",
    "et": "VertebralArea",
    "off": 19549,
    "sff": "C1 and C2"
  },
  {
    "docID": "N058 Iaci, Vecchione et al. 2007",
    "et": "VertebralArea",
    "off": 19305,
    "sff": "T9/T10"
  },
  {
    "docID": "N058 Iaci, Vecchione et al. 2007",
    "et": "VertebralArea",
    "off": 9317,
    "sff": "T9/T10"
  }
]
