[
  {
    "docID": "N059 Ikegami, Nakamura et al. 2005",
    "et": "T11",
    "off": 15062,
    "sff": "T11"
  },
  {
    "docID": "N059 Ikegami, Nakamura et al. 2005",
    "et": "T13",
    "off": 14774,
    "sff": "T13"
  },
  {
    "docID": "N059 Ikegami, Nakamura et al. 2005",
    "et": "C1",
    "off": 28239,
    "sff": "C1"
  },
  {
    "docID": "N059 Ikegami, Nakamura et al. 2005",
    "et": "C2",
    "off": 21680,
    "sff": "C2"
  },
  {
    "docID": "N059 Ikegami, Nakamura et al. 2005",
    "et": "C3",
    "off": 21737,
    "sff": "C3"
  },
  {
    "docID": "N059 Ikegami, Nakamura et al. 2005",
    "et": "C4",
    "off": 28569,
    "sff": "C4"
  },
  {
    "docID": "N059 Ikegami, Nakamura et al. 2005",
    "et": "C4",
    "off": 21864,
    "sff": "C4"
  }
]
