[
  {
    "docID": "N060 Karimi-Abdolrezaee. 2010",
    "et": "T6",
    "off": 8523,
    "sff": "T6"
  },
  {
    "docID": "N060 Karimi-Abdolrezaee. 2010",
    "et": "T7",
    "off": 8627,
    "sff": "T7"
  },
  {
    "docID": "N060 Karimi-Abdolrezaee. 2010",
    "et": "T9",
    "off": 8448,
    "sff": "T9"
  },
  {
    "docID": "N060 Karimi-Abdolrezaee. 2010",
    "et": "VertebralArea",
    "off": 8445,
    "sff": "T4-T9"
  },
  {
    "docID": "N060 Karimi-Abdolrezaee. 2010",
    "et": "T4",
    "off": 8445,
    "sff": "T4"
  }
]
