[
  {
    "docID": "N064 Mountney, Zahner et al. 2013",
    "et": "T9",
    "off": 6154,
    "sff": "T9"
  },
  {
    "docID": "N064 Mountney, Zahner et al. 2013",
    "et": "T9",
    "off": 6415,
    "sff": "T9"
  },
  {
    "docID": "N064 Mountney, Zahner et al. 2013",
    "et": "T10",
    "off": 6279,
    "sff": "T10"
  },
  {
    "docID": "N064 Mountney, Zahner et al. 2013",
    "et": "T13",
    "off": 6161,
    "sff": "T13"
  },
  {
    "docID": "N064 Mountney, Zahner et al. 2013",
    "et": "VertebralArea",
    "off": 6161,
    "sff": "T13"
  },
  {
    "docID": "N064 Mountney, Zahner et al. 2013",
    "et": "VertebralArea",
    "off": 6279,
    "sff": "T10"
  }
]
