[
  {
    "docID": "N067 Shinozaki, Iwanami et al. 2016",
    "et": "T10",
    "off": 7603,
    "sff": "T10"
  },
  {
    "docID": "N067 Shinozaki, Iwanami et al. 2016",
    "et": "T10",
    "off": 9185,
    "sff": "T10"
  },
  {
    "docID": "N067 Shinozaki, Iwanami et al. 2016",
    "et": "T10",
    "off": 18977,
    "sff": "T10"
  },
  {
    "docID": "N067 Shinozaki, Iwanami et al. 2016",
    "et": "T12",
    "off": 9303,
    "sff": "T12"
  },
  {
    "docID": "N067 Shinozaki, Iwanami et al. 2016",
    "et": "VertebralArea",
    "off": 18977,
    "sff": "T10"
  },
  {
    "docID": "N067 Shinozaki, Iwanami et al. 2016",
    "et": "VertebralArea",
    "off": 9185,
    "sff": "T10"
  },
  {
    "docID": "N067 Shinozaki, Iwanami et al. 2016",
    "et": "VertebralArea",
    "off": 7603,
    "sff": "T10"
  },
  {
    "docID": "N067 Shinozaki, Iwanami et al. 2016",
    "et": "VertebralArea",
    "off": 9303,
    "sff": "T12"
  }
]
