[
  {
    "docID": "N068 Siebert, Stelzner et al. 2011",
    "et": "T8",
    "off": 7801,
    "sff": "T8"
  },
  {
    "docID": "N068 Siebert, Stelzner et al. 2011",
    "et": "T9",
    "off": 7687,
    "sff": "T9"
  },
  {
    "docID": "N068 Siebert, Stelzner et al. 2011",
    "et": "T9",
    "off": 15115,
    "sff": "T9"
  },
  {
    "docID": "N068 Siebert, Stelzner et al. 2011",
    "et": "T11",
    "off": 7808,
    "sff": "T11"
  },
  {
    "docID": "N068 Siebert, Stelzner et al. 2011",
    "et": "VertebralArea",
    "off": 7801,
    "sff": "T8 and T11"
  },
  {
    "docID": "N068 Siebert, Stelzner et al. 2011",
    "et": "VertebralArea",
    "off": 7808,
    "sff": "T11"
  }
]
