[
  {
    "docID": "N070 Tom, Houl",
    "et": "Vertebrae",
    "off": 6916,
    "sff": "vertebrae"
  },
  {
    "docID": "N070 Tom, Houl",
    "et": "Vertebrae",
    "off": 6398,
    "sff": "vertebrae"
  },
  {
    "docID": "N070 Tom, Houl",
    "et": "C3",
    "off": 6409,
    "sff": "C3"
  },
  {
    "docID": "N070 Tom, Houl",
    "et": "C3",
    "off": 6510,
    "sff": "C3"
  },
  {
    "docID": "N070 Tom, Houl",
    "et": "C3",
    "off": 6754,
    "sff": "C3"
  },
  {
    "docID": "N070 Tom, Houl",
    "et": "C4",
    "off": 6910,
    "sff": "C4"
  },
  {
    "docID": "N070 Tom, Houl",
    "et": "C5",
    "off": 3736,
    "sff": "C5"
  },
  {
    "docID": "N070 Tom, Houl",
    "et": "C5",
    "off": 7204,
    "sff": "C5"
  },
  {
    "docID": "N070 Tom, Houl",
    "et": "VertebralArea",
    "off": 6910,
    "sff": "C4-C8"
  }
]
