[
  {
    "docID": "N071 Tom, Kadakia et al. 2009 ",
    "et": "Vertebrae",
    "off": 6134,
    "sff": "vertebrae"
  },
  {
    "docID": "N071 Tom, Kadakia et al. 2009 ",
    "et": "C3",
    "off": 5723,
    "sff": "C3"
  },
  {
    "docID": "N071 Tom, Kadakia et al. 2009 ",
    "et": "C3",
    "off": 27315,
    "sff": "C3"
  },
  {
    "docID": "N071 Tom, Kadakia et al. 2009 ",
    "et": "C3",
    "off": 6849,
    "sff": "C3"
  },
  {
    "docID": "N071 Tom, Kadakia et al. 2009 ",
    "et": "C3",
    "off": 16388,
    "sff": "C3"
  },
  {
    "docID": "N071 Tom, Kadakia et al. 2009 ",
    "et": "C3",
    "off": 5847,
    "sff": "C3"
  },
  {
    "docID": "N071 Tom, Kadakia et al. 2009 ",
    "et": "C3",
    "off": 14183,
    "sff": "C3"
  },
  {
    "docID": "N071 Tom, Kadakia et al. 2009 ",
    "et": "C4",
    "off": 5850,
    "sff": "C4"
  },
  {
    "docID": "N071 Tom, Kadakia et al. 2009 ",
    "et": "C4",
    "off": 14186,
    "sff": "C4"
  },
  {
    "docID": "N071 Tom, Kadakia et al. 2009 ",
    "et": "C4",
    "off": 14269,
    "sff": "C4"
  },
  {
    "docID": "N071 Tom, Kadakia et al. 2009 ",
    "et": "C4",
    "off": 11300,
    "sff": "C4"
  },
  {
    "docID": "N071 Tom, Kadakia et al. 2009 ",
    "et": "C4",
    "off": 5730,
    "sff": "C4"
  },
  {
    "docID": "N071 Tom, Kadakia et al. 2009 ",
    "et": "C4",
    "off": 16391,
    "sff": "C4"
  },
  {
    "docID": "N071 Tom, Kadakia et al. 2009 ",
    "et": "C5",
    "off": 5452,
    "sff": "C5"
  },
  {
    "docID": "N071 Tom, Kadakia et al. 2009 ",
    "et": "C5",
    "off": 6057,
    "sff": "C5"
  },
  {
    "docID": "N071 Tom, Kadakia et al. 2009 ",
    "et": "C5",
    "off": 16425,
    "sff": "C5"
  },
  {
    "docID": "N071 Tom, Kadakia et al. 2009 ",
    "et": "C5",
    "off": 5674,
    "sff": "C5"
  },
  {
    "docID": "N071 Tom, Kadakia et al. 2009 ",
    "et": "C5",
    "off": 14634,
    "sff": "C5"
  },
  {
    "docID": "N071 Tom, Kadakia et al. 2009 ",
    "et": "C5",
    "off": 14127,
    "sff": "C5"
  },
  {
    "docID": "N071 Tom, Kadakia et al. 2009 ",
    "et": "C5",
    "off": 6766,
    "sff": "C5"
  },
  {
    "docID": "N071 Tom, Kadakia et al. 2009 ",
    "et": "C5",
    "off": 27395,
    "sff": "C5"
  },
  {
    "docID": "N071 Tom, Kadakia et al. 2009 ",
    "et": "C5",
    "off": 1060,
    "sff": "C5"
  },
  {
    "docID": "N071 Tom, Kadakia et al. 2009 ",
    "et": "C5",
    "off": 14980,
    "sff": "C5"
  },
  {
    "docID": "N071 Tom, Kadakia et al. 2009 ",
    "et": "C5",
    "off": 5319,
    "sff": "C5"
  },
  {
    "docID": "N071 Tom, Kadakia et al. 2009 ",
    "et": "C5",
    "off": 12551,
    "sff": "C5"
  },
  {
    "docID": "N071 Tom, Kadakia et al. 2009 ",
    "et": "C5",
    "off": 16679,
    "sff": "C5"
  },
  {
    "docID": "N071 Tom, Kadakia et al. 2009 ",
    "et": "C5",
    "off": 27336,
    "sff": "C5"
  },
  {
    "docID": "N071 Tom, Kadakia et al. 2009 ",
    "et": "C5",
    "off": 13989,
    "sff": "C5"
  },
  {
    "docID": "N071 Tom, Kadakia et al. 2009 ",
    "et": "C5",
    "off": 16443,
    "sff": "C5"
  },
  {
    "docID": "N071 Tom, Kadakia et al. 2009 ",
    "et": "C5",
    "off": 15441,
    "sff": "C5"
  },
  {
    "docID": "N071 Tom, Kadakia et al. 2009 ",
    "et": "C5",
    "off": 7159,
    "sff": "C5"
  },
  {
    "docID": "N071 Tom, Kadakia et al. 2009 ",
    "et": "C6",
    "off": 6288,
    "sff": "C6"
  },
  {
    "docID": "N071 Tom, Kadakia et al. 2009 ",
    "et": "C6",
    "off": 11328,
    "sff": "C6"
  },
  {
    "docID": "N071 Tom, Kadakia et al. 2009 ",
    "et": "C6",
    "off": 12608,
    "sff": "C6"
  },
  {
    "docID": "N071 Tom, Kadakia et al. 2009 ",
    "et": "C6",
    "off": 18735,
    "sff": "C6"
  },
  {
    "docID": "N071 Tom, Kadakia et al. 2009 ",
    "et": "C6",
    "off": 16397,
    "sff": "C6"
  },
  {
    "docID": "N071 Tom, Kadakia et al. 2009 ",
    "et": "C6",
    "off": 7332,
    "sff": "C6"
  },
  {
    "docID": "N071 Tom, Kadakia et al. 2009 ",
    "et": "C6",
    "off": 13044,
    "sff": "C6"
  },
  {
    "docID": "N071 Tom, Kadakia et al. 2009 ",
    "et": "C6",
    "off": 15411,
    "sff": "C6"
  },
  {
    "docID": "N071 Tom, Kadakia et al. 2009 ",
    "et": "C6",
    "off": 6120,
    "sff": "C6"
  },
  {
    "docID": "N071 Tom, Kadakia et al. 2009 ",
    "et": "VertebralArea",
    "off": 15411,
    "sff": "C6-C8"
  },
  {
    "docID": "N071 Tom, Kadakia et al. 2009 ",
    "et": "VertebralArea",
    "off": 7332,
    "sff": "C6-C8"
  },
  {
    "docID": "N071 Tom, Kadakia et al. 2009 ",
    "et": "VertebralArea",
    "off": 16388,
    "sff": "C3-C4"
  },
  {
    "docID": "N071 Tom, Kadakia et al. 2009 ",
    "et": "VertebralArea",
    "off": 6849,
    "sff": "C3 and C7"
  },
  {
    "docID": "N071 Tom, Kadakia et al. 2009 ",
    "et": "VertebralArea",
    "off": 6288,
    "sff": "C6-C8"
  },
  {
    "docID": "N071 Tom, Kadakia et al. 2009 ",
    "et": "VertebralArea",
    "off": 16397,
    "sff": "C6-C8"
  },
  {
    "docID": "N071 Tom, Kadakia et al. 2009 ",
    "et": "VertebralArea",
    "off": 5723,
    "sff": "C3 and C4"
  },
  {
    "docID": "N071 Tom, Kadakia et al. 2009 ",
    "et": "VertebralArea",
    "off": 5847,
    "sff": "C3-C4"
  },
  {
    "docID": "N071 Tom, Kadakia et al. 2009 ",
    "et": "VertebralArea",
    "off": 14183,
    "sff": "C3-C4"
  },
  {
    "docID": "N071 Tom, Kadakia et al. 2009 ",
    "et": "C7",
    "off": 6856,
    "sff": "C7"
  }
]
