[
  {
    "docID": "N072 Tom, Sandrow-Feinberg et al. 2009",
    "et": "Vertebrae",
    "off": 11555,
    "sff": "vertebrae"
  },
  {
    "docID": "N072 Tom, Sandrow-Feinberg et al. 2009",
    "et": "C3",
    "off": 6887,
    "sff": "C3"
  },
  {
    "docID": "N072 Tom, Sandrow-Feinberg et al. 2009",
    "et": "C5",
    "off": 12245,
    "sff": "C5"
  },
  {
    "docID": "N072 Tom, Sandrow-Feinberg et al. 2009",
    "et": "C5",
    "off": 7512,
    "sff": "C5"
  },
  {
    "docID": "N072 Tom, Sandrow-Feinberg et al. 2009",
    "et": "C5",
    "off": 11354,
    "sff": "C5"
  },
  {
    "docID": "N072 Tom, Sandrow-Feinberg et al. 2009",
    "et": "C5",
    "off": 21916,
    "sff": "C5"
  },
  {
    "docID": "N072 Tom, Sandrow-Feinberg et al. 2009",
    "et": "C5",
    "off": 67486,
    "sff": "C5"
  },
  {
    "docID": "N072 Tom, Sandrow-Feinberg et al. 2009",
    "et": "C5",
    "off": 34141,
    "sff": "C5"
  },
  {
    "docID": "N072 Tom, Sandrow-Feinberg et al. 2009",
    "et": "C5",
    "off": 22048,
    "sff": "C5"
  },
  {
    "docID": "N072 Tom, Sandrow-Feinberg et al. 2009",
    "et": "C5",
    "off": 39712,
    "sff": "C5"
  },
  {
    "docID": "N072 Tom, Sandrow-Feinberg et al. 2009",
    "et": "C5",
    "off": 69086,
    "sff": "C5"
  },
  {
    "docID": "N072 Tom, Sandrow-Feinberg et al. 2009",
    "et": "C5",
    "off": 34082,
    "sff": "C5"
  },
  {
    "docID": "N072 Tom, Sandrow-Feinberg et al. 2009",
    "et": "C5",
    "off": 65633,
    "sff": "C5"
  },
  {
    "docID": "N072 Tom, Sandrow-Feinberg et al. 2009",
    "et": "C5",
    "off": 68323,
    "sff": "C5"
  },
  {
    "docID": "N072 Tom, Sandrow-Feinberg et al. 2009",
    "et": "C5",
    "off": 12422,
    "sff": "C5"
  },
  {
    "docID": "N072 Tom, Sandrow-Feinberg et al. 2009",
    "et": "C5",
    "off": 8965,
    "sff": "C5"
  },
  {
    "docID": "N072 Tom, Sandrow-Feinberg et al. 2009",
    "et": "C5",
    "off": 18632,
    "sff": "C5"
  },
  {
    "docID": "N072 Tom, Sandrow-Feinberg et al. 2009",
    "et": "C5",
    "off": 67660,
    "sff": "C5"
  },
  {
    "docID": "N072 Tom, Sandrow-Feinberg et al. 2009",
    "et": "C5",
    "off": 19979,
    "sff": "C5"
  },
  {
    "docID": "N072 Tom, Sandrow-Feinberg et al. 2009",
    "et": "C5",
    "off": 22925,
    "sff": "C5"
  },
  {
    "docID": "N072 Tom, Sandrow-Feinberg et al. 2009",
    "et": "C5",
    "off": 24143,
    "sff": "C5"
  },
  {
    "docID": "N072 Tom, Sandrow-Feinberg et al. 2009",
    "et": "C5",
    "off": 7186,
    "sff": "C5"
  },
  {
    "docID": "N072 Tom, Sandrow-Feinberg et al. 2009",
    "et": "C5",
    "off": 10833,
    "sff": "C5"
  },
  {
    "docID": "N072 Tom, Sandrow-Feinberg et al. 2009",
    "et": "C5",
    "off": 69844,
    "sff": "C5"
  },
  {
    "docID": "N072 Tom, Sandrow-Feinberg et al. 2009",
    "et": "C5",
    "off": 6804,
    "sff": "C5"
  },
  {
    "docID": "N072 Tom, Sandrow-Feinberg et al. 2009",
    "et": "C5",
    "off": 13268,
    "sff": "C5"
  },
  {
    "docID": "N072 Tom, Sandrow-Feinberg et al. 2009",
    "et": "C5",
    "off": 23636,
    "sff": "C5"
  },
  {
    "docID": "N072 Tom, Sandrow-Feinberg et al. 2009",
    "et": "C5",
    "off": 32119,
    "sff": "C5"
  },
  {
    "docID": "N072 Tom, Sandrow-Feinberg et al. 2009",
    "et": "C5",
    "off": 24761,
    "sff": "C5"
  },
  {
    "docID": "N072 Tom, Sandrow-Feinberg et al. 2009",
    "et": "C5",
    "off": 7614,
    "sff": "C5"
  },
  {
    "docID": "N072 Tom, Sandrow-Feinberg et al. 2009",
    "et": "C5",
    "off": 66941,
    "sff": "C5"
  },
  {
    "docID": "N072 Tom, Sandrow-Feinberg et al. 2009",
    "et": "C5",
    "off": 10687,
    "sff": "C5"
  },
  {
    "docID": "N072 Tom, Sandrow-Feinberg et al. 2009",
    "et": "C5",
    "off": 20609,
    "sff": "C5"
  },
  {
    "docID": "N072 Tom, Sandrow-Feinberg et al. 2009",
    "et": "C5",
    "off": 15654,
    "sff": "C5"
  },
  {
    "docID": "N072 Tom, Sandrow-Feinberg et al. 2009",
    "et": "C5",
    "off": 16293,
    "sff": "C5"
  },
  {
    "docID": "N072 Tom, Sandrow-Feinberg et al. 2009",
    "et": "C5",
    "off": 65765,
    "sff": "C5"
  },
  {
    "docID": "N072 Tom, Sandrow-Feinberg et al. 2009",
    "et": "C5",
    "off": 23464,
    "sff": "C5"
  },
  {
    "docID": "N072 Tom, Sandrow-Feinberg et al. 2009",
    "et": "C5",
    "off": 25326,
    "sff": "C5"
  },
  {
    "docID": "N072 Tom, Sandrow-Feinberg et al. 2009",
    "et": "C5",
    "off": 16557,
    "sff": "C5"
  },
  {
    "docID": "N072 Tom, Sandrow-Feinberg et al. 2009",
    "et": "C6",
    "off": 11548,
    "sff": "C6"
  },
  {
    "docID": "N072 Tom, Sandrow-Feinberg et al. 2009",
    "et": "VertebralArea",
    "off": 6887,
    "sff": "C3 and C7"
  },
  {
    "docID": "N072 Tom, Sandrow-Feinberg et al. 2009",
    "et": "C7",
    "off": 12070,
    "sff": "C7"
  },
  {
    "docID": "N072 Tom, Sandrow-Feinberg et al. 2009",
    "et": "C7",
    "off": 39862,
    "sff": "C7"
  },
  {
    "docID": "N072 Tom, Sandrow-Feinberg et al. 2009",
    "et": "C7",
    "off": 22107,
    "sff": "C7"
  },
  {
    "docID": "N072 Tom, Sandrow-Feinberg et al. 2009",
    "et": "C7",
    "off": 67674,
    "sff": "C7"
  },
  {
    "docID": "N072 Tom, Sandrow-Feinberg et al. 2009",
    "et": "C7",
    "off": 6894,
    "sff": "C7"
  },
  {
    "docID": "N072 Tom, Sandrow-Feinberg et al. 2009",
    "et": "C7",
    "off": 65824,
    "sff": "C7"
  },
  {
    "docID": "N072 Tom, Sandrow-Feinberg et al. 2009",
    "et": "C7",
    "off": 11774,
    "sff": "C7"
  },
  {
    "docID": "N072 Tom, Sandrow-Feinberg et al. 2009",
    "et": "C7",
    "off": 20691,
    "sff": "C7"
  },
  {
    "docID": "N072 Tom, Sandrow-Feinberg et al. 2009",
    "et": "C7",
    "off": 10722,
    "sff": "C7"
  },
  {
    "docID": "N072 Tom, Sandrow-Feinberg et al. 2009",
    "et": "C7",
    "off": 23650,
    "sff": "C7"
  }
]
