[
  {
    "docID": "N073 Tom, Sandrow-Feinberg et al. 2013",
    "et": "Vertebrae",
    "off": 47442,
    "sff": "vertebrae"
  },
  {
    "docID": "N073 Tom, Sandrow-Feinberg et al. 2013",
    "et": "Vertebrae",
    "off": 8620,
    "sff": "vertebrae"
  },
  {
    "docID": "N073 Tom, Sandrow-Feinberg et al. 2013",
    "et": "C3",
    "off": 45050,
    "sff": "C3"
  },
  {
    "docID": "N073 Tom, Sandrow-Feinberg et al. 2013",
    "et": "C3",
    "off": 6284,
    "sff": "C3"
  },
  {
    "docID": "N073 Tom, Sandrow-Feinberg et al. 2013",
    "et": "C5",
    "off": 6201,
    "sff": "C5"
  },
  {
    "docID": "N073 Tom, Sandrow-Feinberg et al. 2013",
    "et": "C5",
    "off": 10556,
    "sff": "C5"
  },
  {
    "docID": "N073 Tom, Sandrow-Feinberg et al. 2013",
    "et": "C5",
    "off": 8420,
    "sff": "C5"
  },
  {
    "docID": "N073 Tom, Sandrow-Feinberg et al. 2013",
    "et": "C5",
    "off": 6595,
    "sff": "C5"
  },
  {
    "docID": "N073 Tom, Sandrow-Feinberg et al. 2013",
    "et": "C5",
    "off": 47240,
    "sff": "C5"
  },
  {
    "docID": "N073 Tom, Sandrow-Feinberg et al. 2013",
    "et": "C5",
    "off": 44967,
    "sff": "C5"
  },
  {
    "docID": "N073 Tom, Sandrow-Feinberg et al. 2013",
    "et": "C5",
    "off": 44649,
    "sff": "C5"
  },
  {
    "docID": "N073 Tom, Sandrow-Feinberg et al. 2013",
    "et": "C5",
    "off": 7342,
    "sff": "C5"
  },
  {
    "docID": "N073 Tom, Sandrow-Feinberg et al. 2013",
    "et": "C5",
    "off": 46157,
    "sff": "C5"
  },
  {
    "docID": "N073 Tom, Sandrow-Feinberg et al. 2013",
    "et": "C5",
    "off": 45361,
    "sff": "C5"
  },
  {
    "docID": "N073 Tom, Sandrow-Feinberg et al. 2013",
    "et": "C5",
    "off": 5907,
    "sff": "C5"
  },
  {
    "docID": "N073 Tom, Sandrow-Feinberg et al. 2013",
    "et": "C5",
    "off": 7254,
    "sff": "C5"
  },
  {
    "docID": "N073 Tom, Sandrow-Feinberg et al. 2013",
    "et": "C5",
    "off": 49526,
    "sff": "C5"
  },
  {
    "docID": "N073 Tom, Sandrow-Feinberg et al. 2013",
    "et": "C5",
    "off": 46069,
    "sff": "C5"
  },
  {
    "docID": "N073 Tom, Sandrow-Feinberg et al. 2013",
    "et": "C6",
    "off": 47434,
    "sff": "C6"
  },
  {
    "docID": "N073 Tom, Sandrow-Feinberg et al. 2013",
    "et": "C6",
    "off": 8614,
    "sff": "C6"
  },
  {
    "docID": "N073 Tom, Sandrow-Feinberg et al. 2013",
    "et": "VertebralArea",
    "off": 45050,
    "sff": "C3 and C7"
  },
  {
    "docID": "N073 Tom, Sandrow-Feinberg et al. 2013",
    "et": "VertebralArea",
    "off": 8614,
    "sff": "C6–C8"
  },
  {
    "docID": "N073 Tom, Sandrow-Feinberg et al. 2013",
    "et": "VertebralArea",
    "off": 6284,
    "sff": "C3 and C7"
  },
  {
    "docID": "N073 Tom, Sandrow-Feinberg et al. 2013",
    "et": "C7",
    "off": 19292,
    "sff": "C7"
  },
  {
    "docID": "N073 Tom, Sandrow-Feinberg et al. 2013",
    "et": "C7",
    "off": 23193,
    "sff": "C7"
  },
  {
    "docID": "N073 Tom, Sandrow-Feinberg et al. 2013",
    "et": "C7",
    "off": 47865,
    "sff": "C7"
  },
  {
    "docID": "N073 Tom, Sandrow-Feinberg et al. 2013",
    "et": "C7",
    "off": 9344,
    "sff": "C7"
  },
  {
    "docID": "N073 Tom, Sandrow-Feinberg et al. 2013",
    "et": "C7",
    "off": 15261,
    "sff": "C7"
  },
  {
    "docID": "N073 Tom, Sandrow-Feinberg et al. 2013",
    "et": "C7",
    "off": 9023,
    "sff": "C7"
  },
  {
    "docID": "N073 Tom, Sandrow-Feinberg et al. 2013",
    "et": "C7",
    "off": 48292,
    "sff": "C7"
  },
  {
    "docID": "N073 Tom, Sandrow-Feinberg et al. 2013",
    "et": "C7",
    "off": 45057,
    "sff": "C7"
  },
  {
    "docID": "N073 Tom, Sandrow-Feinberg et al. 2013",
    "et": "C7",
    "off": 47625,
    "sff": "C7"
  },
  {
    "docID": "N073 Tom, Sandrow-Feinberg et al. 2013",
    "et": "C7",
    "off": 47530,
    "sff": "C7"
  },
  {
    "docID": "N073 Tom, Sandrow-Feinberg et al. 2013",
    "et": "C7",
    "off": 54448,
    "sff": "C7"
  },
  {
    "docID": "N073 Tom, Sandrow-Feinberg et al. 2013",
    "et": "C7",
    "off": 8688,
    "sff": "C7"
  },
  {
    "docID": "N073 Tom, Sandrow-Feinberg et al. 2013",
    "et": "C7",
    "off": 55853,
    "sff": "C7"
  },
  {
    "docID": "N073 Tom, Sandrow-Feinberg et al. 2013",
    "et": "C7",
    "off": 8783,
    "sff": "C7"
  },
  {
    "docID": "N073 Tom, Sandrow-Feinberg et al. 2013",
    "et": "C7",
    "off": 22995,
    "sff": "C7"
  },
  {
    "docID": "N073 Tom, Sandrow-Feinberg et al. 2013",
    "et": "C7",
    "off": 16500,
    "sff": "C7"
  },
  {
    "docID": "N073 Tom, Sandrow-Feinberg et al. 2013",
    "et": "C7",
    "off": 6291,
    "sff": "C7"
  },
  {
    "docID": "N073 Tom, Sandrow-Feinberg et al. 2013",
    "et": "C7",
    "off": 58706,
    "sff": "C7"
  },
  {
    "docID": "N073 Tom, Sandrow-Feinberg et al. 2013",
    "et": "C7",
    "off": 58904,
    "sff": "C7"
  },
  {
    "docID": "N073 Tom, Sandrow-Feinberg et al. 2013",
    "et": "C7",
    "off": 93846,
    "sff": "C7"
  }
]
