[
  {
    "docID": "N076 Andrews 2004",
    "et": "T8",
    "off": 14434,
    "sff": "T8"
  },
  {
    "docID": "N076 Andrews 2004",
    "et": "L1",
    "off": 67630,
    "sff": "L1"
  },
  {
    "docID": "N076 Andrews 2004",
    "et": "L1",
    "off": 5211,
    "sff": "L1"
  },
  {
    "docID": "N076 Andrews 2004",
    "et": "T9",
    "off": 14441,
    "sff": "T9"
  },
  {
    "docID": "N076 Andrews 2004",
    "et": "VertebralArea",
    "off": 19955,
    "sff": "C8035"
  },
  {
    "docID": "N076 Andrews 2004",
    "et": "VertebralArea",
    "off": 14434,
    "sff": "T8 and T9"
  }
]
