[
  {
    "docID": "N077 Andrews 2007",
    "et": "T8",
    "off": 13452,
    "sff": "T8"
  },
  {
    "docID": "N077 Andrews 2007",
    "et": "T8",
    "off": 13418,
    "sff": "T8"
  },
  {
    "docID": "N077 Andrews 2007",
    "et": "T9",
    "off": 13425,
    "sff": "T9"
  },
  {
    "docID": "N077 Andrews 2007",
    "et": "T9",
    "off": 32020,
    "sff": "T9"
  },
  {
    "docID": "N077 Andrews 2007",
    "et": "T9",
    "off": 13459,
    "sff": "T9"
  },
  {
    "docID": "N077 Andrews 2007",
    "et": "T10",
    "off": 13783,
    "sff": "T10"
  },
  {
    "docID": "N077 Andrews 2007",
    "et": "VertebralArea",
    "off": 13418,
    "sff": "T8 and T9"
  },
  {
    "docID": "N077 Andrews 2007",
    "et": "VertebralArea",
    "off": 13452,
    "sff": "T8 and T9"
  }
]
