[
  {
    "docID": "N078 Aoki 2010",
    "et": "T9",
    "off": 5436,
    "sff": "T9"
  },
  {
    "docID": "N078 Aoki 2010",
    "et": "T9",
    "off": 8177,
    "sff": "T9"
  },
  {
    "docID": "N078 Aoki 2010",
    "et": "VertebralArea",
    "off": 1076,
    "sff": "T-10"
  },
  {
    "docID": "N078 Aoki 2010",
    "et": "VertebralArea",
    "off": 5506,
    "sff": "T-10"
  },
  {
    "docID": "N078 Aoki 2010",
    "et": "VertebralArea",
    "off": 8835,
    "sff": "T-12"
  },
  {
    "docID": "N078 Aoki 2010",
    "et": "VertebralArea",
    "off": 8177,
    "sff": "T9–11"
  },
  {
    "docID": "N078 Aoki 2010",
    "et": "VertebralArea",
    "off": 22751,
    "sff": "T-10"
  },
  {
    "docID": "N078 Aoki 2010",
    "et": "VertebralArea",
    "off": 5436,
    "sff": "T9–11"
  },
  {
    "docID": "N078 Aoki 2010",
    "et": "VertebralArea",
    "off": 13456,
    "sff": "T-10"
  }
]
