[
  {
    "docID": "N088 Cafferty, Yang et al. 2007",
    "et": "T6",
    "off": 6789,
    "sff": "T6"
  },
  {
    "docID": "N088 Cafferty, Yang et al. 2007",
    "et": "T6",
    "off": 23086,
    "sff": "T6"
  },
  {
    "docID": "N088 Cafferty, Yang et al. 2007",
    "et": "T6",
    "off": 7021,
    "sff": "T6"
  },
  {
    "docID": "N088 Cafferty, Yang et al. 2007",
    "et": "T7",
    "off": 6796,
    "sff": "T7"
  },
  {
    "docID": "N088 Cafferty, Yang et al. 2007",
    "et": "C4",
    "off": 8200,
    "sff": "C4"
  },
  {
    "docID": "N088 Cafferty, Yang et al. 2007",
    "et": "C5",
    "off": 29953,
    "sff": "C5"
  },
  {
    "docID": "N088 Cafferty, Yang et al. 2007",
    "et": "C5",
    "off": 23149,
    "sff": "C5"
  },
  {
    "docID": "N088 Cafferty, Yang et al. 2007",
    "et": "C5",
    "off": 17512,
    "sff": "C5"
  },
  {
    "docID": "N088 Cafferty, Yang et al. 2007",
    "et": "C5",
    "off": 24963,
    "sff": "C5"
  },
  {
    "docID": "N088 Cafferty, Yang et al. 2007",
    "et": "C5",
    "off": 8260,
    "sff": "C5"
  },
  {
    "docID": "N088 Cafferty, Yang et al. 2007",
    "et": "VertebralArea",
    "off": 5795,
    "sff": "C-3123"
  },
  {
    "docID": "N088 Cafferty, Yang et al. 2007",
    "et": "VertebralArea",
    "off": 23149,
    "sff": "C5–C8"
  },
  {
    "docID": "N088 Cafferty, Yang et al. 2007",
    "et": "VertebralArea",
    "off": 17512,
    "sff": "C5–C8"
  },
  {
    "docID": "N088 Cafferty, Yang et al. 2007",
    "et": "VertebralArea",
    "off": 8260,
    "sff": "C5–C8"
  },
  {
    "docID": "N088 Cafferty, Yang et al. 2007",
    "et": "VertebralArea",
    "off": 6789,
    "sff": "T6 and T7"
  },
  {
    "docID": "N088 Cafferty, Yang et al. 2007",
    "et": "VertebralArea",
    "off": 29953,
    "sff": "C5–C8"
  },
  {
    "docID": "N088 Cafferty, Yang et al. 2007",
    "et": "VertebralArea",
    "off": 24963,
    "sff": "C5–C8"
  },
  {
    "docID": "N088 Cafferty, Yang et al. 2007",
    "et": "C7",
    "off": 18754,
    "sff": "C7"
  },
  {
    "docID": "N088 Cafferty, Yang et al. 2007",
    "et": "C7",
    "off": 20418,
    "sff": "C7"
  },
  {
    "docID": "N088 Cafferty, Yang et al. 2007",
    "et": "T1",
    "off": 8204,
    "sff": "T1"
  }
]
