[
  {
    "docID": "N089 Carter, McMahon et al. 2011",
    "et": "C4",
    "off": 28825,
    "sff": "C4"
  },
  {
    "docID": "N089 Carter, McMahon et al. 2011",
    "et": "C4",
    "off": 7130,
    "sff": "C4"
  },
  {
    "docID": "N089 Carter, McMahon et al. 2011",
    "et": "C4",
    "off": 6891,
    "sff": "C4"
  },
  {
    "docID": "N089 Carter, McMahon et al. 2011",
    "et": "C4",
    "off": 15341,
    "sff": "C4"
  },
  {
    "docID": "N089 Carter, McMahon et al. 2011",
    "et": "C4",
    "off": 17505,
    "sff": "C4"
  },
  {
    "docID": "N089 Carter, McMahon et al. 2011",
    "et": "C4",
    "off": 5779,
    "sff": "C4"
  },
  {
    "docID": "N089 Carter, McMahon et al. 2011",
    "et": "C4",
    "off": 16005,
    "sff": "C4"
  }
]
