[
  {
    "docID": "N090 Carter, Starkey et al. 2008",
    "et": "Vertebrae",
    "off": 9347,
    "sff": "vertebrae"
  },
  {
    "docID": "N090 Carter, Starkey et al. 2008",
    "et": "T10",
    "off": 8368,
    "sff": "T10"
  },
  {
    "docID": "N090 Carter, Starkey et al. 2008",
    "et": "T12",
    "off": 13540,
    "sff": "T12"
  },
  {
    "docID": "N090 Carter, Starkey et al. 2008",
    "et": "T12",
    "off": 35320,
    "sff": "T12"
  },
  {
    "docID": "N090 Carter, Starkey et al. 2008",
    "et": "T12",
    "off": 8650,
    "sff": "T12"
  },
  {
    "docID": "N090 Carter, Starkey et al. 2008",
    "et": "T12",
    "off": 11055,
    "sff": "T12"
  },
  {
    "docID": "N090 Carter, Starkey et al. 2008",
    "et": "T12",
    "off": 9425,
    "sff": "T12"
  },
  {
    "docID": "N090 Carter, Starkey et al. 2008",
    "et": "VertebralArea",
    "off": 8368,
    "sff": "T10"
  },
  {
    "docID": "N090 Carter, Starkey et al. 2008",
    "et": "VertebralArea",
    "off": 5314,
    "sff": "C57"
  },
  {
    "docID": "N090 Carter, Starkey et al. 2008",
    "et": "VertebralArea",
    "off": 11055,
    "sff": "T12"
  },
  {
    "docID": "N090 Carter, Starkey et al. 2008",
    "et": "VertebralArea",
    "off": 9425,
    "sff": "T12"
  },
  {
    "docID": "N090 Carter, Starkey et al. 2008",
    "et": "VertebralArea",
    "off": 13540,
    "sff": "T12"
  },
  {
    "docID": "N090 Carter, Starkey et al. 2008",
    "et": "VertebralArea",
    "off": 8650,
    "sff": "T12"
  },
  {
    "docID": "N090 Carter, Starkey et al. 2008",
    "et": "VertebralArea",
    "off": 35320,
    "sff": "T12"
  }
]
