[
  {
    "docID": "N092 Cote, Hanna et al. 2010",
    "et": "C7",
    "off": 915,
    "sff": "C7"
  },
  {
    "docID": "N092 Cote, Hanna et al. 2010",
    "et": "C7",
    "off": 8162,
    "sff": "C7"
  },
  {
    "docID": "N092 Cote, Hanna et al. 2010",
    "et": "T1",
    "off": 9785,
    "sff": "T1"
  },
  {
    "docID": "N092 Cote, Hanna et al. 2010",
    "et": "T1",
    "off": 1069,
    "sff": "T1"
  },
  {
    "docID": "N092 Cote, Hanna et al. 2010",
    "et": "T1",
    "off": 9614,
    "sff": "T1"
  }
]
