[
  {
    "docID": "N093 Jefferson, S.C.a  b  c, Tester, N.J.a  b  c  d et al. 2011",
    "et": "T9",
    "off": 6357,
    "sff": "T9"
  },
  {
    "docID": "N093 Jefferson, S.C.a  b  c, Tester, N.J.a  b  c  d et al. 2011",
    "et": "T9",
    "off": 7108,
    "sff": "T9"
  },
  {
    "docID": "N093 Jefferson, S.C.a  b  c, Tester, N.J.a  b  c  d et al. 2011",
    "et": "T9",
    "off": 40807,
    "sff": "T9"
  },
  {
    "docID": "N093 Jefferson, S.C.a  b  c, Tester, N.J.a  b  c  d et al. 2011",
    "et": "T9",
    "off": 11098,
    "sff": "T9"
  },
  {
    "docID": "N093 Jefferson, S.C.a  b  c, Tester, N.J.a  b  c  d et al. 2011",
    "et": "T10",
    "off": 1050,
    "sff": "T10"
  },
  {
    "docID": "N093 Jefferson, S.C.a  b  c, Tester, N.J.a  b  c  d et al. 2011",
    "et": "T10",
    "off": 7114,
    "sff": "T10"
  },
  {
    "docID": "N093 Jefferson, S.C.a  b  c, Tester, N.J.a  b  c  d et al. 2011",
    "et": "VertebralArea",
    "off": 6357,
    "sff": "T9/10"
  },
  {
    "docID": "N093 Jefferson, S.C.a  b  c, Tester, N.J.a  b  c  d et al. 2011",
    "et": "VertebralArea",
    "off": 11098,
    "sff": "T9/10"
  },
  {
    "docID": "N093 Jefferson, S.C.a  b  c, Tester, N.J.a  b  c  d et al. 2011",
    "et": "VertebralArea",
    "off": 40807,
    "sff": "T9/10"
  }
]
