[
  {
    "docID": "N095 Tester,2008",
    "et": "T10",
    "off": 8901,
    "sff": "T10"
  },
  {
    "docID": "N095 Tester,2008",
    "et": "T10",
    "off": 10696,
    "sff": "T10"
  },
  {
    "docID": "N095 Tester,2008",
    "et": "T10",
    "off": 902,
    "sff": "T10"
  },
  {
    "docID": "N095 Tester,2008",
    "et": "T10",
    "off": 5130,
    "sff": "T10"
  },
  {
    "docID": "N095 Tester,2008",
    "et": "VertebralArea",
    "off": 5130,
    "sff": "T10"
  },
  {
    "docID": "N095 Tester,2008",
    "et": "VertebralArea",
    "off": 10696,
    "sff": "T10"
  },
  {
    "docID": "N095 Tester,2008",
    "et": "VertebralArea",
    "off": 902,
    "sff": "T10"
  },
  {
    "docID": "N095 Tester,2008",
    "et": "VertebralArea",
    "off": 8901,
    "sff": "T10"
  },
  {
    "docID": "N095 Tester,2008",
    "et": "VertebralArea",
    "off": 55489,
    "sff": "T32"
  }
]
