[
  {
    "docID": "N098 Lee, Kim et al. 2016",
    "et": "L1",
    "off": 14220,
    "sff": "L1"
  },
  {
    "docID": "N098 Lee, Kim et al. 2016",
    "et": "L1",
    "off": 13293,
    "sff": "L1"
  },
  {
    "docID": "N098 Lee, Kim et al. 2016",
    "et": "L3",
    "off": 15689,
    "sff": "L3"
  },
  {
    "docID": "N098 Lee, Kim et al. 2016",
    "et": "L4",
    "off": 13098,
    "sff": "L4"
  },
  {
    "docID": "N098 Lee, Kim et al. 2016",
    "et": "L4",
    "off": 13178,
    "sff": "L4"
  },
  {
    "docID": "N098 Lee, Kim et al. 2016",
    "et": "T11",
    "off": 15655,
    "sff": "T11"
  },
  {
    "docID": "N098 Lee, Kim et al. 2016",
    "et": "VertebralArea",
    "off": 15655,
    "sff": "T11"
  }
]
