[
  {
    "docID": "N099 Orlando, Raineteau 2015",
    "et": "T8",
    "off": 27929,
    "sff": "T8"
  },
  {
    "docID": "N099 Orlando, Raineteau 2015",
    "et": "T8",
    "off": 19208,
    "sff": "T8"
  },
  {
    "docID": "N099 Orlando, Raineteau 2015",
    "et": "T8",
    "off": 15750,
    "sff": "T8"
  },
  {
    "docID": "N099 Orlando, Raineteau 2015",
    "et": "T8",
    "off": 26614,
    "sff": "T8"
  },
  {
    "docID": "N099 Orlando, Raineteau 2015",
    "et": "T8",
    "off": 7855,
    "sff": "T8"
  },
  {
    "docID": "N099 Orlando, Raineteau 2015",
    "et": "T8",
    "off": 33902,
    "sff": "T8"
  },
  {
    "docID": "N099 Orlando, Raineteau 2015",
    "et": "L1",
    "off": 13534,
    "sff": "L1"
  },
  {
    "docID": "N099 Orlando, Raineteau 2015",
    "et": "L4",
    "off": 19937,
    "sff": "L4"
  },
  {
    "docID": "N099 Orlando, Raineteau 2015",
    "et": "L5",
    "off": 13537,
    "sff": "L5"
  },
  {
    "docID": "N099 Orlando, Raineteau 2015",
    "et": "C1",
    "off": 13754,
    "sff": "C1"
  },
  {
    "docID": "N099 Orlando, Raineteau 2015",
    "et": "C1",
    "off": 13502,
    "sff": "C1"
  },
  {
    "docID": "N099 Orlando, Raineteau 2015",
    "et": "C1",
    "off": 18353,
    "sff": "C1"
  },
  {
    "docID": "N099 Orlando, Raineteau 2015",
    "et": "C1",
    "off": 38928,
    "sff": "C1"
  },
  {
    "docID": "N099 Orlando, Raineteau 2015",
    "et": "C2",
    "off": 13757,
    "sff": "C2"
  },
  {
    "docID": "N099 Orlando, Raineteau 2015",
    "et": "C2",
    "off": 13505,
    "sff": "C2"
  },
  {
    "docID": "N099 Orlando, Raineteau 2015",
    "et": "C2",
    "off": 18356,
    "sff": "C2"
  },
  {
    "docID": "N099 Orlando, Raineteau 2015",
    "et": "C3",
    "off": 17963,
    "sff": "C3"
  },
  {
    "docID": "N099 Orlando, Raineteau 2015",
    "et": "C3",
    "off": 39104,
    "sff": "C3"
  },
  {
    "docID": "N099 Orlando, Raineteau 2015",
    "et": "C3",
    "off": 13518,
    "sff": "C3"
  },
  {
    "docID": "N099 Orlando, Raineteau 2015",
    "et": "C3",
    "off": 13889,
    "sff": "C3"
  },
  {
    "docID": "N099 Orlando, Raineteau 2015",
    "et": "C3",
    "off": 25831,
    "sff": "C3"
  },
  {
    "docID": "N099 Orlando, Raineteau 2015",
    "et": "VertebralArea",
    "off": 13518,
    "sff": "C3–C8"
  },
  {
    "docID": "N099 Orlando, Raineteau 2015",
    "et": "VertebralArea",
    "off": 33830,
    "sff": "C57"
  },
  {
    "docID": "N099 Orlando, Raineteau 2015",
    "et": "VertebralArea",
    "off": 39104,
    "sff": "C3–C8"
  },
  {
    "docID": "N099 Orlando, Raineteau 2015",
    "et": "VertebralArea",
    "off": 13889,
    "sff": "C3–C8"
  },
  {
    "docID": "N099 Orlando, Raineteau 2015",
    "et": "VertebralArea",
    "off": 18353,
    "sff": "C1–C2"
  },
  {
    "docID": "N099 Orlando, Raineteau 2015",
    "et": "VertebralArea",
    "off": 25831,
    "sff": "C3–C8"
  },
  {
    "docID": "N099 Orlando, Raineteau 2015",
    "et": "VertebralArea",
    "off": 13502,
    "sff": "C1–C2"
  },
  {
    "docID": "N099 Orlando, Raineteau 2015",
    "et": "VertebralArea",
    "off": 13534,
    "sff": "L1–L5"
  },
  {
    "docID": "N099 Orlando, Raineteau 2015",
    "et": "VertebralArea",
    "off": 17963,
    "sff": "C3–C8"
  },
  {
    "docID": "N099 Orlando, Raineteau 2015",
    "et": "VertebralArea",
    "off": 13754,
    "sff": "C1–C2"
  },
  {
    "docID": "N099 Orlando, Raineteau 2015",
    "et": "VertebralArea",
    "off": 38928,
    "sff": "C1–2"
  }
]
