[
  {
    "docID": "N104 Wang, Winsor et al. 2017",
    "et": "T5",
    "off": 13951,
    "sff": "T5"
  },
  {
    "docID": "N104 Wang, Winsor et al. 2017",
    "et": "T7",
    "off": 14031,
    "sff": "T7"
  },
  {
    "docID": "N104 Wang, Winsor et al. 2017",
    "et": "T7",
    "off": 14319,
    "sff": "T7"
  },
  {
    "docID": "N104 Wang, Winsor et al. 2017",
    "et": "T8",
    "off": 41637,
    "sff": "T8"
  },
  {
    "docID": "N104 Wang, Winsor et al. 2017",
    "et": "T8",
    "off": 14109,
    "sff": "T8"
  },
  {
    "docID": "N104 Wang, Winsor et al. 2017",
    "et": "T9",
    "off": 13954,
    "sff": "T9"
  },
  {
    "docID": "N104 Wang, Winsor et al. 2017",
    "et": "T9",
    "off": 14034,
    "sff": "T9"
  },
  {
    "docID": "N104 Wang, Winsor et al. 2017",
    "et": "T9",
    "off": 14322,
    "sff": "T9"
  },
  {
    "docID": "N104 Wang, Winsor et al. 2017",
    "et": "Vertebrae",
    "off": 13940,
    "sff": "vertebrae"
  },
  {
    "docID": "N104 Wang, Winsor et al. 2017",
    "et": "Vertebrae",
    "off": 13322,
    "sff": "vertebrae"
  },
  {
    "docID": "N104 Wang, Winsor et al. 2017",
    "et": "C3",
    "off": 44821,
    "sff": "C3"
  },
  {
    "docID": "N104 Wang, Winsor et al. 2017",
    "et": "C3",
    "off": 26723,
    "sff": "C3"
  },
  {
    "docID": "N104 Wang, Winsor et al. 2017",
    "et": "C4",
    "off": 44828,
    "sff": "C4"
  },
  {
    "docID": "N104 Wang, Winsor et al. 2017",
    "et": "C4",
    "off": 14537,
    "sff": "C4"
  },
  {
    "docID": "N104 Wang, Winsor et al. 2017",
    "et": "C5",
    "off": 36688,
    "sff": "C5"
  },
  {
    "docID": "N104 Wang, Winsor et al. 2017",
    "et": "VertebralArea",
    "off": 13951,
    "sff": "T5–T9"
  },
  {
    "docID": "N104 Wang, Winsor et al. 2017",
    "et": "VertebralArea",
    "off": 14537,
    "sff": "C4/5"
  },
  {
    "docID": "N104 Wang, Winsor et al. 2017",
    "et": "VertebralArea",
    "off": 11000,
    "sff": "T2200"
  },
  {
    "docID": "N104 Wang, Winsor et al. 2017",
    "et": "VertebralArea",
    "off": 14031,
    "sff": "T7–T9"
  },
  {
    "docID": "N104 Wang, Winsor et al. 2017",
    "et": "VertebralArea",
    "off": 14319,
    "sff": "T7–T9"
  },
  {
    "docID": "N104 Wang, Winsor et al. 2017",
    "et": "VertebralArea",
    "off": 26723,
    "sff": "C3/4"
  },
  {
    "docID": "N104 Wang, Winsor et al. 2017",
    "et": "VertebralArea",
    "off": 44821,
    "sff": "C3 and C4"
  },
  {
    "docID": "N104 Wang, Winsor et al. 2017",
    "et": "VertebralArea",
    "off": 12936,
    "sff": "C57"
  }
]
