[
  {
    "docID": "N109 Barritt, Davies et al. 2006",
    "et": "L1",
    "off": 32755,
    "sff": "L1"
  },
  {
    "docID": "N109 Barritt, Davies et al. 2006",
    "et": "T9",
    "off": 10757,
    "sff": "T9"
  },
  {
    "docID": "N109 Barritt, Davies et al. 2006",
    "et": "L2",
    "off": 39651,
    "sff": "L2"
  },
  {
    "docID": "N109 Barritt, Davies et al. 2006",
    "et": "L2",
    "off": 76851,
    "sff": "L2"
  },
  {
    "docID": "N109 Barritt, Davies et al. 2006",
    "et": "L2",
    "off": 38519,
    "sff": "L2"
  },
  {
    "docID": "N109 Barritt, Davies et al. 2006",
    "et": "L2",
    "off": 37355,
    "sff": "L2"
  },
  {
    "docID": "N109 Barritt, Davies et al. 2006",
    "et": "L2",
    "off": 10694,
    "sff": "L2"
  },
  {
    "docID": "N109 Barritt, Davies et al. 2006",
    "et": "L2",
    "off": 76080,
    "sff": "L2"
  },
  {
    "docID": "N109 Barritt, Davies et al. 2006",
    "et": "L3",
    "off": 77700,
    "sff": "L3"
  },
  {
    "docID": "N109 Barritt, Davies et al. 2006",
    "et": "L3",
    "off": 38869,
    "sff": "L3"
  },
  {
    "docID": "N109 Barritt, Davies et al. 2006",
    "et": "L3",
    "off": 19751,
    "sff": "L3"
  },
  {
    "docID": "N109 Barritt, Davies et al. 2006",
    "et": "L3",
    "off": 39159,
    "sff": "L3"
  },
  {
    "docID": "N109 Barritt, Davies et al. 2006",
    "et": "L3",
    "off": 77485,
    "sff": "L3"
  },
  {
    "docID": "N109 Barritt, Davies et al. 2006",
    "et": "L3",
    "off": 14528,
    "sff": "L3"
  },
  {
    "docID": "N109 Barritt, Davies et al. 2006",
    "et": "L4",
    "off": 38613,
    "sff": "L4"
  },
  {
    "docID": "N109 Barritt, Davies et al. 2006",
    "et": "L4",
    "off": 76935,
    "sff": "L4"
  },
  {
    "docID": "N109 Barritt, Davies et al. 2006",
    "et": "L4",
    "off": 39069,
    "sff": "L4"
  },
  {
    "docID": "N109 Barritt, Davies et al. 2006",
    "et": "L4",
    "off": 77645,
    "sff": "L4"
  },
  {
    "docID": "N109 Barritt, Davies et al. 2006",
    "et": "L4",
    "off": 38369,
    "sff": "L4"
  },
  {
    "docID": "N109 Barritt, Davies et al. 2006",
    "et": "L5",
    "off": 39076,
    "sff": "L5"
  },
  {
    "docID": "N109 Barritt, Davies et al. 2006",
    "et": "C2",
    "off": 23506,
    "sff": "C2"
  },
  {
    "docID": "N109 Barritt, Davies et al. 2006",
    "et": "C2",
    "off": 66833,
    "sff": "C2"
  },
  {
    "docID": "N109 Barritt, Davies et al. 2006",
    "et": "C2",
    "off": 23662,
    "sff": "C2"
  },
  {
    "docID": "N109 Barritt, Davies et al. 2006",
    "et": "C2",
    "off": 18263,
    "sff": "C2"
  },
  {
    "docID": "N109 Barritt, Davies et al. 2006",
    "et": "C2",
    "off": 67735,
    "sff": "C2"
  },
  {
    "docID": "N109 Barritt, Davies et al. 2006",
    "et": "C2",
    "off": 68986,
    "sff": "C2"
  },
  {
    "docID": "N109 Barritt, Davies et al. 2006",
    "et": "C2",
    "off": 20435,
    "sff": "C2"
  },
  {
    "docID": "N109 Barritt, Davies et al. 2006",
    "et": "C2",
    "off": 20915,
    "sff": "C2"
  },
  {
    "docID": "N109 Barritt, Davies et al. 2006",
    "et": "C2",
    "off": 17663,
    "sff": "C2"
  },
  {
    "docID": "N109 Barritt, Davies et al. 2006",
    "et": "C2",
    "off": 68799,
    "sff": "C2"
  },
  {
    "docID": "N109 Barritt, Davies et al. 2006",
    "et": "C2",
    "off": 16353,
    "sff": "C2"
  },
  {
    "docID": "N109 Barritt, Davies et al. 2006",
    "et": "C2",
    "off": 22344,
    "sff": "C2"
  },
  {
    "docID": "N109 Barritt, Davies et al. 2006",
    "et": "C2",
    "off": 25704,
    "sff": "C2"
  },
  {
    "docID": "N109 Barritt, Davies et al. 2006",
    "et": "C2",
    "off": 21479,
    "sff": "C2"
  },
  {
    "docID": "N109 Barritt, Davies et al. 2006",
    "et": "C2",
    "off": 70410,
    "sff": "C2"
  },
  {
    "docID": "N109 Barritt, Davies et al. 2006",
    "et": "C3",
    "off": 68993,
    "sff": "C3"
  },
  {
    "docID": "N109 Barritt, Davies et al. 2006",
    "et": "C3",
    "off": 67746,
    "sff": "C3"
  },
  {
    "docID": "N109 Barritt, Davies et al. 2006",
    "et": "C3",
    "off": 67679,
    "sff": "C3"
  },
  {
    "docID": "N109 Barritt, Davies et al. 2006",
    "et": "C3",
    "off": 21486,
    "sff": "C3"
  },
  {
    "docID": "N109 Barritt, Davies et al. 2006",
    "et": "C3",
    "off": 20442,
    "sff": "C3"
  },
  {
    "docID": "N109 Barritt, Davies et al. 2006",
    "et": "C3",
    "off": 26154,
    "sff": "C3"
  },
  {
    "docID": "N109 Barritt, Davies et al. 2006",
    "et": "C3",
    "off": 66853,
    "sff": "C3"
  },
  {
    "docID": "N109 Barritt, Davies et al. 2006",
    "et": "C3",
    "off": 17670,
    "sff": "C3"
  },
  {
    "docID": "N109 Barritt, Davies et al. 2006",
    "et": "C3",
    "off": 20918,
    "sff": "C3"
  },
  {
    "docID": "N109 Barritt, Davies et al. 2006",
    "et": "C3",
    "off": 22389,
    "sff": "C3"
  },
  {
    "docID": "N109 Barritt, Davies et al. 2006",
    "et": "C3",
    "off": 23669,
    "sff": "C3"
  },
  {
    "docID": "N109 Barritt, Davies et al. 2006",
    "et": "C3",
    "off": 25829,
    "sff": "C3"
  },
  {
    "docID": "N109 Barritt, Davies et al. 2006",
    "et": "C4",
    "off": 20786,
    "sff": "C4"
  },
  {
    "docID": "N109 Barritt, Davies et al. 2006",
    "et": "C4",
    "off": 23538,
    "sff": "C4"
  },
  {
    "docID": "N109 Barritt, Davies et al. 2006",
    "et": "C4",
    "off": 27631,
    "sff": "C4"
  },
  {
    "docID": "N109 Barritt, Davies et al. 2006",
    "et": "C4",
    "off": 67051,
    "sff": "C4"
  },
  {
    "docID": "N109 Barritt, Davies et al. 2006",
    "et": "C4",
    "off": 68396,
    "sff": "C4"
  },
  {
    "docID": "N109 Barritt, Davies et al. 2006",
    "et": "C4",
    "off": 71020,
    "sff": "C4"
  },
  {
    "docID": "N109 Barritt, Davies et al. 2006",
    "et": "C4",
    "off": 18745,
    "sff": "C4"
  },
  {
    "docID": "N109 Barritt, Davies et al. 2006",
    "et": "C4",
    "off": 69302,
    "sff": "C4"
  },
  {
    "docID": "N109 Barritt, Davies et al. 2006",
    "et": "C4",
    "off": 7157,
    "sff": "C4"
  },
  {
    "docID": "N109 Barritt, Davies et al. 2006",
    "et": "C4",
    "off": 24481,
    "sff": "C4"
  },
  {
    "docID": "N109 Barritt, Davies et al. 2006",
    "et": "C4",
    "off": 70178,
    "sff": "C4"
  },
  {
    "docID": "N109 Barritt, Davies et al. 2006",
    "et": "C4",
    "off": 66720,
    "sff": "C4"
  },
  {
    "docID": "N109 Barritt, Davies et al. 2006",
    "et": "C4",
    "off": 71516,
    "sff": "C4"
  },
  {
    "docID": "N109 Barritt, Davies et al. 2006",
    "et": "C4",
    "off": 70630,
    "sff": "C4"
  },
  {
    "docID": "N109 Barritt, Davies et al. 2006",
    "et": "C4",
    "off": 75302,
    "sff": "C4"
  },
  {
    "docID": "N109 Barritt, Davies et al. 2006",
    "et": "C4",
    "off": 73251,
    "sff": "C4"
  },
  {
    "docID": "N109 Barritt, Davies et al. 2006",
    "et": "C4",
    "off": 27343,
    "sff": "C4"
  },
  {
    "docID": "N109 Barritt, Davies et al. 2006",
    "et": "C4",
    "off": 71440,
    "sff": "C4"
  },
  {
    "docID": "N109 Barritt, Davies et al. 2006",
    "et": "C4",
    "off": 28186,
    "sff": "C4"
  },
  {
    "docID": "N109 Barritt, Davies et al. 2006",
    "et": "C4",
    "off": 23893,
    "sff": "C4"
  },
  {
    "docID": "N109 Barritt, Davies et al. 2006",
    "et": "C4",
    "off": 28993,
    "sff": "C4"
  },
  {
    "docID": "N109 Barritt, Davies et al. 2006",
    "et": "C4",
    "off": 20992,
    "sff": "C4"
  },
  {
    "docID": "N109 Barritt, Davies et al. 2006",
    "et": "C4",
    "off": 31818,
    "sff": "C4"
  },
  {
    "docID": "N109 Barritt, Davies et al. 2006",
    "et": "C4",
    "off": 31623,
    "sff": "C4"
  },
  {
    "docID": "N109 Barritt, Davies et al. 2006",
    "et": "C4",
    "off": 72773,
    "sff": "C4"
  },
  {
    "docID": "N109 Barritt, Davies et al. 2006",
    "et": "C4",
    "off": 73541,
    "sff": "C4"
  },
  {
    "docID": "N109 Barritt, Davies et al. 2006",
    "et": "C4",
    "off": 19011,
    "sff": "C4"
  },
  {
    "docID": "N109 Barritt, Davies et al. 2006",
    "et": "C4",
    "off": 70467,
    "sff": "C4"
  },
  {
    "docID": "N109 Barritt, Davies et al. 2006",
    "et": "C5",
    "off": 32945,
    "sff": "C5"
  },
  {
    "docID": "N109 Barritt, Davies et al. 2006",
    "et": "C5",
    "off": 69714,
    "sff": "C5"
  },
  {
    "docID": "N109 Barritt, Davies et al. 2006",
    "et": "C5",
    "off": 26157,
    "sff": "C5"
  },
  {
    "docID": "N109 Barritt, Davies et al. 2006",
    "et": "C5",
    "off": 74700,
    "sff": "C5"
  },
  {
    "docID": "N109 Barritt, Davies et al. 2006",
    "et": "C5",
    "off": 25324,
    "sff": "C5"
  },
  {
    "docID": "N109 Barritt, Davies et al. 2006",
    "et": "C5",
    "off": 31028,
    "sff": "C5"
  },
  {
    "docID": "N109 Barritt, Davies et al. 2006",
    "et": "C5",
    "off": 31732,
    "sff": "C5"
  },
  {
    "docID": "N109 Barritt, Davies et al. 2006",
    "et": "C5",
    "off": 73363,
    "sff": "C5"
  },
  {
    "docID": "N109 Barritt, Davies et al. 2006",
    "et": "C5",
    "off": 73632,
    "sff": "C5"
  },
  {
    "docID": "N109 Barritt, Davies et al. 2006",
    "et": "C5",
    "off": 25832,
    "sff": "C5"
  },
  {
    "docID": "N109 Barritt, Davies et al. 2006",
    "et": "C5",
    "off": 32520,
    "sff": "C5"
  },
  {
    "docID": "N109 Barritt, Davies et al. 2006",
    "et": "C5",
    "off": 19302,
    "sff": "C5"
  },
  {
    "docID": "N109 Barritt, Davies et al. 2006",
    "et": "C5",
    "off": 25158,
    "sff": "C5"
  },
  {
    "docID": "N109 Barritt, Davies et al. 2006",
    "et": "C6",
    "off": 25165,
    "sff": "C6"
  },
  {
    "docID": "N109 Barritt, Davies et al. 2006",
    "et": "C6",
    "off": 69773,
    "sff": "C6"
  },
  {
    "docID": "N109 Barritt, Davies et al. 2006",
    "et": "C6",
    "off": 70413,
    "sff": "C6"
  },
  {
    "docID": "N109 Barritt, Davies et al. 2006",
    "et": "C6",
    "off": 19116,
    "sff": "C6"
  },
  {
    "docID": "N109 Barritt, Davies et al. 2006",
    "et": "C6",
    "off": 28524,
    "sff": "C6"
  },
  {
    "docID": "N109 Barritt, Davies et al. 2006",
    "et": "C6",
    "off": 19051,
    "sff": "C6"
  },
  {
    "docID": "N109 Barritt, Davies et al. 2006",
    "et": "C6",
    "off": 25707,
    "sff": "C6"
  },
  {
    "docID": "N109 Barritt, Davies et al. 2006",
    "et": "C6",
    "off": 18266,
    "sff": "C6"
  },
  {
    "docID": "N109 Barritt, Davies et al. 2006",
    "et": "C6",
    "off": 18777,
    "sff": "C6"
  },
  {
    "docID": "N109 Barritt, Davies et al. 2006",
    "et": "C6",
    "off": 29016,
    "sff": "C6"
  },
  {
    "docID": "N109 Barritt, Davies et al. 2006",
    "et": "C6",
    "off": 25399,
    "sff": "C6"
  },
  {
    "docID": "N109 Barritt, Davies et al. 2006",
    "et": "C6",
    "off": 23509,
    "sff": "C6"
  },
  {
    "docID": "N109 Barritt, Davies et al. 2006",
    "et": "C6",
    "off": 68802,
    "sff": "C6"
  },
  {
    "docID": "N109 Barritt, Davies et al. 2006",
    "et": "C6",
    "off": 32704,
    "sff": "C6"
  },
  {
    "docID": "N109 Barritt, Davies et al. 2006",
    "et": "C6",
    "off": 72511,
    "sff": "C6"
  },
  {
    "docID": "N109 Barritt, Davies et al. 2006",
    "et": "C6",
    "off": 72286,
    "sff": "C6"
  },
  {
    "docID": "N109 Barritt, Davies et al. 2006",
    "et": "C6",
    "off": 16356,
    "sff": "C6"
  },
  {
    "docID": "N109 Barritt, Davies et al. 2006",
    "et": "C6",
    "off": 72803,
    "sff": "C6"
  },
  {
    "docID": "N109 Barritt, Davies et al. 2006",
    "et": "VertebralArea",
    "off": 26154,
    "sff": "C3-C5"
  },
  {
    "docID": "N109 Barritt, Davies et al. 2006",
    "et": "VertebralArea",
    "off": 77645,
    "sff": "L4/5"
  },
  {
    "docID": "N109 Barritt, Davies et al. 2006",
    "et": "VertebralArea",
    "off": 23506,
    "sff": "C2-C6"
  },
  {
    "docID": "N109 Barritt, Davies et al. 2006",
    "et": "VertebralArea",
    "off": 20435,
    "sff": "C2 and C3"
  },
  {
    "docID": "N109 Barritt, Davies et al. 2006",
    "et": "VertebralArea",
    "off": 70410,
    "sff": "C2-C6"
  },
  {
    "docID": "N109 Barritt, Davies et al. 2006",
    "et": "VertebralArea",
    "off": 38613,
    "sff": "L4/5"
  },
  {
    "docID": "N109 Barritt, Davies et al. 2006",
    "et": "VertebralArea",
    "off": 38869,
    "sff": "L3-L6"
  },
  {
    "docID": "N109 Barritt, Davies et al. 2006",
    "et": "VertebralArea",
    "off": 16353,
    "sff": "C2-C6"
  },
  {
    "docID": "N109 Barritt, Davies et al. 2006",
    "et": "VertebralArea",
    "off": 39069,
    "sff": "L4 and L5"
  },
  {
    "docID": "N109 Barritt, Davies et al. 2006",
    "et": "VertebralArea",
    "off": 38369,
    "sff": "L4/5"
  },
  {
    "docID": "N109 Barritt, Davies et al. 2006",
    "et": "VertebralArea",
    "off": 18263,
    "sff": "C2-C6"
  },
  {
    "docID": "N109 Barritt, Davies et al. 2006",
    "et": "VertebralArea",
    "off": 21479,
    "sff": "C2 and C3"
  },
  {
    "docID": "N109 Barritt, Davies et al. 2006",
    "et": "VertebralArea",
    "off": 32704,
    "sff": "C6-8"
  },
  {
    "docID": "N109 Barritt, Davies et al. 2006",
    "et": "VertebralArea",
    "off": 23662,
    "sff": "C2 and C3"
  },
  {
    "docID": "N109 Barritt, Davies et al. 2006",
    "et": "VertebralArea",
    "off": 77700,
    "sff": "L3 and L6"
  },
  {
    "docID": "N109 Barritt, Davies et al. 2006",
    "et": "VertebralArea",
    "off": 14528,
    "sff": "L3-L6"
  },
  {
    "docID": "N109 Barritt, Davies et al. 2006",
    "et": "VertebralArea",
    "off": 20915,
    "sff": "C2-C3"
  },
  {
    "docID": "N109 Barritt, Davies et al. 2006",
    "et": "VertebralArea",
    "off": 68986,
    "sff": "C2 and C3"
  },
  {
    "docID": "N109 Barritt, Davies et al. 2006",
    "et": "VertebralArea",
    "off": 25704,
    "sff": "C2-C6"
  },
  {
    "docID": "N109 Barritt, Davies et al. 2006",
    "et": "VertebralArea",
    "off": 17663,
    "sff": "C2 and C3"
  },
  {
    "docID": "N109 Barritt, Davies et al. 2006",
    "et": "VertebralArea",
    "off": 68799,
    "sff": "C2-C6"
  },
  {
    "docID": "N109 Barritt, Davies et al. 2006",
    "et": "VertebralArea",
    "off": 77485,
    "sff": "L3-L6"
  },
  {
    "docID": "N109 Barritt, Davies et al. 2006",
    "et": "VertebralArea",
    "off": 76935,
    "sff": "L4/5"
  },
  {
    "docID": "N109 Barritt, Davies et al. 2006",
    "et": "VertebralArea",
    "off": 25158,
    "sff": "C5 and C6"
  },
  {
    "docID": "N109 Barritt, Davies et al. 2006",
    "et": "VertebralArea",
    "off": 19751,
    "sff": "L3-L6"
  },
  {
    "docID": "N109 Barritt, Davies et al. 2006",
    "et": "VertebralArea",
    "off": 25829,
    "sff": "C3-C5"
  },
  {
    "docID": "N109 Barritt, Davies et al. 2006",
    "et": "VertebralArea",
    "off": 32755,
    "sff": "L1-3"
  }
]
