[
  {
    "docID": "N110 Cheng, C.-H.a  b  c, Lin et al. 2015",
    "et": "T8",
    "off": 14360,
    "sff": "T8"
  },
  {
    "docID": "N110 Cheng, C.-H.a  b  c, Lin et al. 2015",
    "et": "T8",
    "off": 29382,
    "sff": "T8"
  },
  {
    "docID": "N110 Cheng, C.-H.a  b  c, Lin et al. 2015",
    "et": "T8",
    "off": 54551,
    "sff": "T8"
  },
  {
    "docID": "N110 Cheng, C.-H.a  b  c, Lin et al. 2015",
    "et": "T8",
    "off": 54424,
    "sff": "T8"
  },
  {
    "docID": "N110 Cheng, C.-H.a  b  c, Lin et al. 2015",
    "et": "T8",
    "off": 29087,
    "sff": "T8"
  },
  {
    "docID": "N110 Cheng, C.-H.a  b  c, Lin et al. 2015",
    "et": "T8",
    "off": 16558,
    "sff": "T8"
  },
  {
    "docID": "N110 Cheng, C.-H.a  b  c, Lin et al. 2015",
    "et": "T8",
    "off": 54675,
    "sff": "T8"
  },
  {
    "docID": "N110 Cheng, C.-H.a  b  c, Lin et al. 2015",
    "et": "T8",
    "off": 38441,
    "sff": "T8"
  },
  {
    "docID": "N110 Cheng, C.-H.a  b  c, Lin et al. 2015",
    "et": "T8",
    "off": 16693,
    "sff": "T8"
  },
  {
    "docID": "N110 Cheng, C.-H.a  b  c, Lin et al. 2015",
    "et": "T8",
    "off": 16756,
    "sff": "T8"
  },
  {
    "docID": "N110 Cheng, C.-H.a  b  c, Lin et al. 2015",
    "et": "T8",
    "off": 15795,
    "sff": "T8"
  },
  {
    "docID": "N110 Cheng, C.-H.a  b  c, Lin et al. 2015",
    "et": "T8",
    "off": 14514,
    "sff": "T8"
  },
  {
    "docID": "N110 Cheng, C.-H.a  b  c, Lin et al. 2015",
    "et": "T8",
    "off": 15634,
    "sff": "T8"
  },
  {
    "docID": "N110 Cheng, C.-H.a  b  c, Lin et al. 2015",
    "et": "T9",
    "off": 15690,
    "sff": "T9"
  },
  {
    "docID": "N110 Cheng, C.-H.a  b  c, Lin et al. 2015",
    "et": "T9",
    "off": 15958,
    "sff": "T9"
  },
  {
    "docID": "N110 Cheng, C.-H.a  b  c, Lin et al. 2015",
    "et": "T9",
    "off": 16561,
    "sff": "T9"
  },
  {
    "docID": "N110 Cheng, C.-H.a  b  c, Lin et al. 2015",
    "et": "Vertebrae",
    "off": 18030,
    "sff": "vertebrae"
  },
  {
    "docID": "N110 Cheng, C.-H.a  b  c, Lin et al. 2015",
    "et": "Vertebrae",
    "off": 15641,
    "sff": "vertebrae"
  },
  {
    "docID": "N110 Cheng, C.-H.a  b  c, Lin et al. 2015",
    "et": "T11",
    "off": 15802,
    "sff": "T11"
  },
  {
    "docID": "N110 Cheng, C.-H.a  b  c, Lin et al. 2015",
    "et": "T10",
    "off": 15693,
    "sff": "T10"
  },
  {
    "docID": "N110 Cheng, C.-H.a  b  c, Lin et al. 2015",
    "et": "T13",
    "off": 47544,
    "sff": "T13"
  },
  {
    "docID": "N110 Cheng, C.-H.a  b  c, Lin et al. 2015",
    "et": "T12",
    "off": 15637,
    "sff": "T12"
  },
  {
    "docID": "N110 Cheng, C.-H.a  b  c, Lin et al. 2015",
    "et": "VertebralArea",
    "off": 15634,
    "sff": "T8-T12"
  },
  {
    "docID": "N110 Cheng, C.-H.a  b  c, Lin et al. 2015",
    "et": "VertebralArea",
    "off": 15802,
    "sff": "T11/12"
  },
  {
    "docID": "N110 Cheng, C.-H.a  b  c, Lin et al. 2015",
    "et": "VertebralArea",
    "off": 15795,
    "sff": "T8 and T11"
  },
  {
    "docID": "N110 Cheng, C.-H.a  b  c, Lin et al. 2015",
    "et": "VertebralArea",
    "off": 15690,
    "sff": "T9-T10"
  },
  {
    "docID": "N110 Cheng, C.-H.a  b  c, Lin et al. 2015",
    "et": "VertebralArea",
    "off": 16558,
    "sff": "T8-T9"
  }
]
