[
  {
    "docID": "N111 Colello, Chow et al. 2016",
    "et": "T8",
    "off": 37047,
    "sff": "T8"
  },
  {
    "docID": "N111 Colello, Chow et al. 2016",
    "et": "T9",
    "off": 26956,
    "sff": "T9"
  },
  {
    "docID": "N111 Colello, Chow et al. 2016",
    "et": "T9",
    "off": 36524,
    "sff": "T9"
  },
  {
    "docID": "N111 Colello, Chow et al. 2016",
    "et": "T9",
    "off": 27034,
    "sff": "T9"
  },
  {
    "docID": "N111 Colello, Chow et al. 2016",
    "et": "T10",
    "off": 27037,
    "sff": "T10"
  },
  {
    "docID": "N111 Colello, Chow et al. 2016",
    "et": "T10",
    "off": 26959,
    "sff": "T10"
  },
  {
    "docID": "N111 Colello, Chow et al. 2016",
    "et": "T10",
    "off": 36527,
    "sff": "T10"
  },
  {
    "docID": "N111 Colello, Chow et al. 2016",
    "et": "VertebralArea",
    "off": 26956,
    "sff": "T9/T10"
  },
  {
    "docID": "N111 Colello, Chow et al. 2016",
    "et": "VertebralArea",
    "off": 36524,
    "sff": "T9/T10"
  },
  {
    "docID": "N111 Colello, Chow et al. 2016",
    "et": "VertebralArea",
    "off": 27034,
    "sff": "T9/T10"
  }
]
