[
  {
    "docID": "N112 Huang, W.-C.a  b  d  e, Kuo et al. 2006",
    "et": "T8",
    "off": 14048,
    "sff": "T8"
  },
  {
    "docID": "N112 Huang, W.-C.a  b  d  e, Kuo et al. 2006",
    "et": "T8",
    "off": 11554,
    "sff": "T8"
  },
  {
    "docID": "N112 Huang, W.-C.a  b  d  e, Kuo et al. 2006",
    "et": "T8",
    "off": 11586,
    "sff": "T8"
  },
  {
    "docID": "N112 Huang, W.-C.a  b  d  e, Kuo et al. 2006",
    "et": "T8",
    "off": 6121,
    "sff": "T8"
  },
  {
    "docID": "N112 Huang, W.-C.a  b  d  e, Kuo et al. 2006",
    "et": "T8",
    "off": 7179,
    "sff": "T8"
  },
  {
    "docID": "N112 Huang, W.-C.a  b  d  e, Kuo et al. 2006",
    "et": "T8",
    "off": 5125,
    "sff": "T8"
  },
  {
    "docID": "N112 Huang, W.-C.a  b  d  e, Kuo et al. 2006",
    "et": "T8",
    "off": 5894,
    "sff": "T8"
  },
  {
    "docID": "N112 Huang, W.-C.a  b  d  e, Kuo et al. 2006",
    "et": "T8",
    "off": 14663,
    "sff": "T8"
  },
  {
    "docID": "N112 Huang, W.-C.a  b  d  e, Kuo et al. 2006",
    "et": "T8",
    "off": 15463,
    "sff": "T8"
  },
  {
    "docID": "N112 Huang, W.-C.a  b  d  e, Kuo et al. 2006",
    "et": "T8",
    "off": 7216,
    "sff": "T8"
  },
  {
    "docID": "N112 Huang, W.-C.a  b  d  e, Kuo et al. 2006",
    "et": "T8",
    "off": 11537,
    "sff": "T8"
  },
  {
    "docID": "N112 Huang, W.-C.a  b  d  e, Kuo et al. 2006",
    "et": "T8",
    "off": 15249,
    "sff": "T8"
  },
  {
    "docID": "N112 Huang, W.-C.a  b  d  e, Kuo et al. 2006",
    "et": "T8",
    "off": 11571,
    "sff": "T8"
  },
  {
    "docID": "N112 Huang, W.-C.a  b  d  e, Kuo et al. 2006",
    "et": "T8",
    "off": 5583,
    "sff": "T8"
  },
  {
    "docID": "N112 Huang, W.-C.a  b  d  e, Kuo et al. 2006",
    "et": "T8",
    "off": 13242,
    "sff": "T8"
  },
  {
    "docID": "N112 Huang, W.-C.a  b  d  e, Kuo et al. 2006",
    "et": "T8",
    "off": 14810,
    "sff": "T8"
  },
  {
    "docID": "N112 Huang, W.-C.a  b  d  e, Kuo et al. 2006",
    "et": "T8",
    "off": 5812,
    "sff": "T8"
  },
  {
    "docID": "N112 Huang, W.-C.a  b  d  e, Kuo et al. 2006",
    "et": "T8",
    "off": 11604,
    "sff": "T8"
  },
  {
    "docID": "N112 Huang, W.-C.a  b  d  e, Kuo et al. 2006",
    "et": "T8",
    "off": 12085,
    "sff": "T8"
  },
  {
    "docID": "N112 Huang, W.-C.a  b  d  e, Kuo et al. 2006",
    "et": "T8",
    "off": 10102,
    "sff": "T8"
  },
  {
    "docID": "N112 Huang, W.-C.a  b  d  e, Kuo et al. 2006",
    "et": "T9",
    "off": 5586,
    "sff": "T9"
  },
  {
    "docID": "N112 Huang, W.-C.a  b  d  e, Kuo et al. 2006",
    "et": "T10",
    "off": 8206,
    "sff": "T10"
  },
  {
    "docID": "N112 Huang, W.-C.a  b  d  e, Kuo et al. 2006",
    "et": "C1",
    "off": 5525,
    "sff": "C1"
  },
  {
    "docID": "N112 Huang, W.-C.a  b  d  e, Kuo et al. 2006",
    "et": "C1",
    "off": 5468,
    "sff": "C1"
  },
  {
    "docID": "N112 Huang, W.-C.a  b  d  e, Kuo et al. 2006",
    "et": "VertebralArea",
    "off": 5583,
    "sff": "T8–T9"
  }
]
