[
  {
    "docID": "N114 Iseda, Okuda et al. 2008",
    "et": "T9",
    "off": 6208,
    "sff": "T9"
  },
  {
    "docID": "N114 Iseda, Okuda et al. 2008",
    "et": "T11",
    "off": 6174,
    "sff": "T11"
  },
  {
    "docID": "N114 Iseda, Okuda et al. 2008",
    "et": "T11",
    "off": 6630,
    "sff": "T11"
  },
  {
    "docID": "N114 Iseda, Okuda et al. 2008",
    "et": "VertebralArea",
    "off": 6630,
    "sff": "T11"
  },
  {
    "docID": "N114 Iseda, Okuda et al. 2008",
    "et": "VertebralArea",
    "off": 6208,
    "sff": "T9–10"
  },
  {
    "docID": "N114 Iseda, Okuda et al. 2008",
    "et": "VertebralArea",
    "off": 6174,
    "sff": "T11"
  }
]
