[
  {
    "docID": "N118 Wilems, Sakiyama-Elbert 2015",
    "et": "T5",
    "off": 18679,
    "sff": "T5"
  },
  {
    "docID": "N118 Wilems, Sakiyama-Elbert 2015",
    "et": "T8",
    "off": 18831,
    "sff": "T8"
  },
  {
    "docID": "N118 Wilems, Sakiyama-Elbert 2015",
    "et": "T8",
    "off": 18725,
    "sff": "T8"
  },
  {
    "docID": "N118 Wilems, Sakiyama-Elbert 2015",
    "et": "T11",
    "off": 18682,
    "sff": "T11"
  },
  {
    "docID": "N118 Wilems, Sakiyama-Elbert 2015",
    "et": "VertebralArea",
    "off": 18679,
    "sff": "T5-T11"
  }
]
