[
  {
    "docID": "N119 Wu, Klaw et al. 2015",
    "et": "T5",
    "off": 35717,
    "sff": "T5"
  },
  {
    "docID": "N119 Wu, Klaw et al. 2015",
    "et": "T6",
    "off": 12295,
    "sff": "T6"
  },
  {
    "docID": "N119 Wu, Klaw et al. 2015",
    "et": "T6",
    "off": 35789,
    "sff": "T6"
  },
  {
    "docID": "N119 Wu, Klaw et al. 2015",
    "et": "T7",
    "off": 19681,
    "sff": "T7"
  },
  {
    "docID": "N119 Wu, Klaw et al. 2015",
    "et": "T7",
    "off": 39556,
    "sff": "T7"
  },
  {
    "docID": "N119 Wu, Klaw et al. 2015",
    "et": "T7",
    "off": 32503,
    "sff": "T7"
  },
  {
    "docID": "N119 Wu, Klaw et al. 2015",
    "et": "T7",
    "off": 48694,
    "sff": "T7"
  },
  {
    "docID": "N119 Wu, Klaw et al. 2015",
    "et": "T7",
    "off": 52826,
    "sff": "T7"
  },
  {
    "docID": "N119 Wu, Klaw et al. 2015",
    "et": "T7",
    "off": 14877,
    "sff": "T7"
  },
  {
    "docID": "N119 Wu, Klaw et al. 2015",
    "et": "T7",
    "off": 12302,
    "sff": "T7"
  },
  {
    "docID": "N119 Wu, Klaw et al. 2015",
    "et": "T7",
    "off": 12334,
    "sff": "T7"
  },
  {
    "docID": "N119 Wu, Klaw et al. 2015",
    "et": "T7",
    "off": 21201,
    "sff": "T7"
  },
  {
    "docID": "N119 Wu, Klaw et al. 2015",
    "et": "T7",
    "off": 44465,
    "sff": "T7"
  },
  {
    "docID": "N119 Wu, Klaw et al. 2015",
    "et": "T7",
    "off": 19541,
    "sff": "T7"
  },
  {
    "docID": "N119 Wu, Klaw et al. 2015",
    "et": "T7",
    "off": 30644,
    "sff": "T7"
  },
  {
    "docID": "N119 Wu, Klaw et al. 2015",
    "et": "T7",
    "off": 12679,
    "sff": "T7"
  },
  {
    "docID": "N119 Wu, Klaw et al. 2015",
    "et": "T7",
    "off": 31879,
    "sff": "T7"
  },
  {
    "docID": "N119 Wu, Klaw et al. 2015",
    "et": "T7",
    "off": 25094,
    "sff": "T7"
  },
  {
    "docID": "N119 Wu, Klaw et al. 2015",
    "et": "T7",
    "off": 45542,
    "sff": "T7"
  },
  {
    "docID": "N119 Wu, Klaw et al. 2015",
    "et": "T7",
    "off": 12457,
    "sff": "T7"
  },
  {
    "docID": "N119 Wu, Klaw et al. 2015",
    "et": "T7",
    "off": 15593,
    "sff": "T7"
  },
  {
    "docID": "N119 Wu, Klaw et al. 2015",
    "et": "T7",
    "off": 33129,
    "sff": "T7"
  },
  {
    "docID": "N119 Wu, Klaw et al. 2015",
    "et": "T7",
    "off": 26090,
    "sff": "T7"
  },
  {
    "docID": "N119 Wu, Klaw et al. 2015",
    "et": "T7",
    "off": 49578,
    "sff": "T7"
  },
  {
    "docID": "N119 Wu, Klaw et al. 2015",
    "et": "T7",
    "off": 28109,
    "sff": "T7"
  },
  {
    "docID": "N119 Wu, Klaw et al. 2015",
    "et": "T7",
    "off": 50317,
    "sff": "T7"
  },
  {
    "docID": "N119 Wu, Klaw et al. 2015",
    "et": "T7",
    "off": 18988,
    "sff": "T7"
  },
  {
    "docID": "N119 Wu, Klaw et al. 2015",
    "et": "T8",
    "off": 14014,
    "sff": "T8"
  },
  {
    "docID": "N119 Wu, Klaw et al. 2015",
    "et": "T8",
    "off": 12337,
    "sff": "T8"
  },
  {
    "docID": "N119 Wu, Klaw et al. 2015",
    "et": "L1",
    "off": 65325,
    "sff": "L1"
  },
  {
    "docID": "N119 Wu, Klaw et al. 2015",
    "et": "T9",
    "off": 19820,
    "sff": "T9"
  },
  {
    "docID": "N119 Wu, Klaw et al. 2015",
    "et": "C5",
    "off": 44430,
    "sff": "C5"
  },
  {
    "docID": "N119 Wu, Klaw et al. 2015",
    "et": "C5",
    "off": 52768,
    "sff": "C5"
  },
  {
    "docID": "N119 Wu, Klaw et al. 2015",
    "et": "VertebralArea",
    "off": 12295,
    "sff": "T6 and T7"
  },
  {
    "docID": "N119 Wu, Klaw et al. 2015",
    "et": "VertebralArea",
    "off": 12334,
    "sff": "T7–T8"
  }
]
