[
  {
    "docID": "N121 Xu, Klaw et al. 2015",
    "et": "T9",
    "off": 10744,
    "sff": "T9"
  },
  {
    "docID": "N121 Xu, Klaw et al. 2015",
    "et": "T9",
    "off": 4306,
    "sff": "T9"
  },
  {
    "docID": "N121 Xu, Klaw et al. 2015",
    "et": "T11",
    "off": 10750,
    "sff": "T11"
  },
  {
    "docID": "N121 Xu, Klaw et al. 2015",
    "et": "T10",
    "off": 4396,
    "sff": "T10"
  },
  {
    "docID": "N121 Xu, Klaw et al. 2015",
    "et": "T10",
    "off": 17563,
    "sff": "T10"
  },
  {
    "docID": "N121 Xu, Klaw et al. 2015",
    "et": "T10",
    "off": 4309,
    "sff": "T10"
  },
  {
    "docID": "N121 Xu, Klaw et al. 2015",
    "et": "T10",
    "off": 16037,
    "sff": "T10"
  },
  {
    "docID": "N121 Xu, Klaw et al. 2015",
    "et": "T13",
    "off": 12889,
    "sff": "T13"
  },
  {
    "docID": "N121 Xu, Klaw et al. 2015",
    "et": "T13",
    "off": 12965,
    "sff": "T13"
  },
  {
    "docID": "N121 Xu, Klaw et al. 2015",
    "et": "VertebralArea",
    "off": 12965,
    "sff": "T13"
  },
  {
    "docID": "N121 Xu, Klaw et al. 2015",
    "et": "VertebralArea",
    "off": 16037,
    "sff": "T10"
  },
  {
    "docID": "N121 Xu, Klaw et al. 2015",
    "et": "VertebralArea",
    "off": 10750,
    "sff": "T11"
  },
  {
    "docID": "N121 Xu, Klaw et al. 2015",
    "et": "VertebralArea",
    "off": 4396,
    "sff": "T10"
  },
  {
    "docID": "N121 Xu, Klaw et al. 2015",
    "et": "VertebralArea",
    "off": 12889,
    "sff": "T13"
  },
  {
    "docID": "N121 Xu, Klaw et al. 2015",
    "et": "VertebralArea",
    "off": 17563,
    "sff": "T10"
  },
  {
    "docID": "N121 Xu, Klaw et al. 2015",
    "et": "VertebralArea",
    "off": 4306,
    "sff": "T9–T10"
  }
]
