[
  {
    "docID": "N122 Yick, So et al. 2004",
    "et": "C7",
    "off": 6165,
    "sff": "C7"
  },
  {
    "docID": "N122 Yick, So et al. 2004",
    "et": "C7",
    "off": 18965,
    "sff": "C7"
  },
  {
    "docID": "N122 Yick, So et al. 2004",
    "et": "C7",
    "off": 25384,
    "sff": "C7"
  },
  {
    "docID": "N122 Yick, So et al. 2004",
    "et": "C7",
    "off": 9385,
    "sff": "C7"
  },
  {
    "docID": "N122 Yick, So et al. 2004",
    "et": "C7",
    "off": 860,
    "sff": "C7"
  },
  {
    "docID": "N122 Yick, So et al. 2004",
    "et": "C7",
    "off": 9132,
    "sff": "C7"
  },
  {
    "docID": "N122 Yick, So et al. 2004",
    "et": "C7",
    "off": 19772,
    "sff": "C7"
  },
  {
    "docID": "N122 Yick, So et al. 2004",
    "et": "C7",
    "off": 23614,
    "sff": "C7"
  },
  {
    "docID": "N122 Yick, So et al. 2004",
    "et": "C7",
    "off": 23085,
    "sff": "C7"
  },
  {
    "docID": "N122 Yick, So et al. 2004",
    "et": "C7",
    "off": 15409,
    "sff": "C7"
  },
  {
    "docID": "N122 Yick, So et al. 2004",
    "et": "T2",
    "off": 8553,
    "sff": "T2"
  },
  {
    "docID": "N122 Yick, So et al. 2004",
    "et": "T2",
    "off": 8650,
    "sff": "T2"
  },
  {
    "docID": "N122 Yick, So et al. 2004",
    "et": "T2",
    "off": 9352,
    "sff": "T2"
  },
  {
    "docID": "N122 Yick, So et al. 2004",
    "et": "T2",
    "off": 1012,
    "sff": "T2"
  },
  {
    "docID": "N122 Yick, So et al. 2004",
    "et": "T2",
    "off": 19140,
    "sff": "T2"
  }
]
