[
  {
    "docID": "N123 Yick, Wu et al. 2000",
    "et": "L1",
    "off": 11349,
    "sff": "L1"
  },
  {
    "docID": "N123 Yick, Wu et al. 2000",
    "et": "L1",
    "off": 7103,
    "sff": "L1"
  },
  {
    "docID": "N123 Yick, Wu et al. 2000",
    "et": "L1",
    "off": 8575,
    "sff": "L1"
  },
  {
    "docID": "N123 Yick, Wu et al. 2000",
    "et": "L1",
    "off": 9951,
    "sff": "L1"
  },
  {
    "docID": "N123 Yick, Wu et al. 2000",
    "et": "L1",
    "off": 10335,
    "sff": "L1"
  },
  {
    "docID": "N123 Yick, Wu et al. 2000",
    "et": "L1",
    "off": 11535,
    "sff": "L1"
  },
  {
    "docID": "N123 Yick, Wu et al. 2000",
    "et": "L1",
    "off": 9088,
    "sff": "L1"
  },
  {
    "docID": "N123 Yick, Wu et al. 2000",
    "et": "L1",
    "off": 12480,
    "sff": "L1"
  },
  {
    "docID": "N123 Yick, Wu et al. 2000",
    "et": "L1",
    "off": 6478,
    "sff": "L1"
  },
  {
    "docID": "N123 Yick, Wu et al. 2000",
    "et": "T11",
    "off": 9544,
    "sff": "T11"
  },
  {
    "docID": "N123 Yick, Wu et al. 2000",
    "et": "T11",
    "off": 4953,
    "sff": "T11"
  },
  {
    "docID": "N123 Yick, Wu et al. 2000",
    "et": "T11",
    "off": 5177,
    "sff": "T11"
  },
  {
    "docID": "N123 Yick, Wu et al. 2000",
    "et": "T11",
    "off": 858,
    "sff": "T11"
  },
  {
    "docID": "N123 Yick, Wu et al. 2000",
    "et": "T11",
    "off": 7706,
    "sff": "T11"
  },
  {
    "docID": "N123 Yick, Wu et al. 2000",
    "et": "T11",
    "off": 11392,
    "sff": "T11"
  },
  {
    "docID": "N123 Yick, Wu et al. 2000",
    "et": "T11",
    "off": 12386,
    "sff": "T11"
  },
  {
    "docID": "N123 Yick, Wu et al. 2000",
    "et": "T11",
    "off": 4852,
    "sff": "T11"
  }
]
