[
  {
    "docID": "N124 Yuan, Jin et al. 2016",
    "et": "C3",
    "off": 9486,
    "sff": "C3"
  },
  {
    "docID": "N124 Yuan, Jin et al. 2016",
    "et": "C4",
    "off": 9489,
    "sff": "C4"
  },
  {
    "docID": "N124 Yuan, Jin et al. 2016",
    "et": "C4",
    "off": 25865,
    "sff": "C4"
  },
  {
    "docID": "N124 Yuan, Jin et al. 2016",
    "et": "C4",
    "off": 25037,
    "sff": "C4"
  },
  {
    "docID": "N124 Yuan, Jin et al. 2016",
    "et": "C4",
    "off": 9199,
    "sff": "C4"
  },
  {
    "docID": "N124 Yuan, Jin et al. 2016",
    "et": "VertebralArea",
    "off": 9486,
    "sff": "C3/C4"
  }
]
