[
  {
    "docID": "N127 Bowes, Massey et al. 2012",
    "et": "C5",
    "off": 21895,
    "sff": "C5"
  },
  {
    "docID": "N127 Bowes, Massey et al. 2012",
    "et": "C5",
    "off": 22735,
    "sff": "C5"
  },
  {
    "docID": "N127 Bowes, Massey et al. 2012",
    "et": "C5",
    "off": 6640,
    "sff": "C5"
  },
  {
    "docID": "N127 Bowes, Massey et al. 2012",
    "et": "C5",
    "off": 12957,
    "sff": "C5"
  },
  {
    "docID": "N127 Bowes, Massey et al. 2012",
    "et": "C5",
    "off": 1228,
    "sff": "C5"
  },
  {
    "docID": "N127 Bowes, Massey et al. 2012",
    "et": "C5",
    "off": 4124,
    "sff": "C5"
  },
  {
    "docID": "N127 Bowes, Massey et al. 2012",
    "et": "C6",
    "off": 22738,
    "sff": "C6"
  },
  {
    "docID": "N127 Bowes, Massey et al. 2012",
    "et": "C6",
    "off": 6643,
    "sff": "C6"
  },
  {
    "docID": "N127 Bowes, Massey et al. 2012",
    "et": "C6",
    "off": 1231,
    "sff": "C6"
  },
  {
    "docID": "N127 Bowes, Massey et al. 2012",
    "et": "C6",
    "off": 12960,
    "sff": "C6"
  },
  {
    "docID": "N127 Bowes, Massey et al. 2012",
    "et": "C6",
    "off": 4127,
    "sff": "C6"
  },
  {
    "docID": "N127 Bowes, Massey et al. 2012",
    "et": "C6",
    "off": 21898,
    "sff": "C6"
  },
  {
    "docID": "N127 Bowes, Massey et al. 2012",
    "et": "VertebralArea",
    "off": 22735,
    "sff": "C5/C6"
  },
  {
    "docID": "N127 Bowes, Massey et al. 2012",
    "et": "VertebralArea",
    "off": 12957,
    "sff": "C5/C6"
  },
  {
    "docID": "N127 Bowes, Massey et al. 2012",
    "et": "VertebralArea",
    "off": 1228,
    "sff": "C5/C6"
  },
  {
    "docID": "N127 Bowes, Massey et al. 2012",
    "et": "VertebralArea",
    "off": 4124,
    "sff": "C5/C6"
  },
  {
    "docID": "N127 Bowes, Massey et al. 2012",
    "et": "VertebralArea",
    "off": 6640,
    "sff": "C5-C6"
  },
  {
    "docID": "N127 Bowes, Massey et al. 2012",
    "et": "VertebralArea",
    "off": 21895,
    "sff": "C5/C6"
  }
]
