[
  {
    "docID": "N128 Hwang, Kim et al. 2011",
    "et": "T8",
    "off": 10499,
    "sff": "T8"
  },
  {
    "docID": "N128 Hwang, Kim et al. 2011",
    "et": "T11",
    "off": 10506,
    "sff": "T11"
  },
  {
    "docID": "N128 Hwang, Kim et al. 2011",
    "et": "T10",
    "off": 563,
    "sff": "T10"
  },
  {
    "docID": "N128 Hwang, Kim et al. 2011",
    "et": "T10",
    "off": 10167,
    "sff": "T10"
  },
  {
    "docID": "N128 Hwang, Kim et al. 2011",
    "et": "T12",
    "off": 13630,
    "sff": "T12"
  },
  {
    "docID": "N128 Hwang, Kim et al. 2011",
    "et": "VertebralArea",
    "off": 10506,
    "sff": "T11/12"
  },
  {
    "docID": "N128 Hwang, Kim et al. 2011",
    "et": "VertebralArea",
    "off": 10499,
    "sff": "T8 and T11"
  }
]
