[
  {
    "docID": "N130 Barbour 2013",
    "et": "T8",
    "off": 10485,
    "sff": "T8"
  },
  {
    "docID": "N130 Barbour 2013",
    "et": "T11",
    "off": 10492,
    "sff": "T11"
  },
  {
    "docID": "N130 Barbour 2013",
    "et": "T10",
    "off": 560,
    "sff": "T10"
  },
  {
    "docID": "N130 Barbour 2013",
    "et": "T10",
    "off": 10153,
    "sff": "T10"
  },
  {
    "docID": "N130 Barbour 2013",
    "et": "T12",
    "off": 13611,
    "sff": "T12"
  },
  {
    "docID": "N130 Barbour 2013",
    "et": "VertebralArea",
    "off": 10485,
    "sff": "T8 and T11"
  },
  {
    "docID": "N130 Barbour 2013",
    "et": "VertebralArea",
    "off": 10492,
    "sff": "T11/12"
  }
]
