[
  {
    "docID": "N131 Boyd 2004",
    "et": "L1",
    "off": 21963,
    "sff": "L1"
  },
  {
    "docID": "N131 Boyd 2004",
    "et": "T11",
    "off": 4913,
    "sff": "T11"
  },
  {
    "docID": "N131 Boyd 2004",
    "et": "T10",
    "off": 9269,
    "sff": "T10"
  },
  {
    "docID": "N131 Boyd 2004",
    "et": "T10",
    "off": 875,
    "sff": "T10"
  },
  {
    "docID": "N131 Boyd 2004",
    "et": "T10",
    "off": 4909,
    "sff": "T10"
  },
  {
    "docID": "N131 Boyd 2004",
    "et": "VertebralArea",
    "off": 4909,
    "sff": "T10-T11"
  },
  {
    "docID": "N131 Boyd 2004",
    "et": "VertebralArea",
    "off": 875,
    "sff": "T10"
  },
  {
    "docID": "N131 Boyd 2004",
    "et": "VertebralArea",
    "off": 9269,
    "sff": "T10"
  }
]
