[
  {
    "docID": "N133 Bretzner 2008",
    "et": "C2",
    "off": 15748,
    "sff": "C2"
  },
  {
    "docID": "N133 Bretzner 2008",
    "et": "C2",
    "off": 17721,
    "sff": "C2"
  },
  {
    "docID": "N133 Bretzner 2008",
    "et": "C2",
    "off": 18459,
    "sff": "C2"
  },
  {
    "docID": "N133 Bretzner 2008",
    "et": "C2",
    "off": 24481,
    "sff": "C2"
  },
  {
    "docID": "N133 Bretzner 2008",
    "et": "C2",
    "off": 24240,
    "sff": "C2"
  },
  {
    "docID": "N133 Bretzner 2008",
    "et": "C2",
    "off": 32131,
    "sff": "C2"
  },
  {
    "docID": "N133 Bretzner 2008",
    "et": "C3",
    "off": 15832,
    "sff": "C3"
  },
  {
    "docID": "N133 Bretzner 2008",
    "et": "C4",
    "off": 21235,
    "sff": "C4"
  },
  {
    "docID": "N133 Bretzner 2008",
    "et": "C5",
    "off": 21238,
    "sff": "C5"
  },
  {
    "docID": "N133 Bretzner 2008",
    "et": "C6",
    "off": 15838,
    "sff": "C6"
  },
  {
    "docID": "N133 Bretzner 2008",
    "et": "VertebralArea",
    "off": 9207,
    "sff": "fourth and fifth cervical"
  },
  {
    "docID": "N133 Bretzner 2008",
    "et": "VertebralArea",
    "off": 15748,
    "sff": "C2 and C7"
  },
  {
    "docID": "N133 Bretzner 2008",
    "et": "VertebralArea",
    "off": 9218,
    "sff": "fifth"
  },
  {
    "docID": "N133 Bretzner 2008",
    "et": "VertebralArea",
    "off": 21235,
    "sff": "C4–C5"
  },
  {
    "docID": "N133 Bretzner 2008",
    "et": "VertebralArea",
    "off": 9207,
    "sff": "fourth"
  },
  {
    "docID": "N133 Bretzner 2008",
    "et": "C7",
    "off": 15755,
    "sff": "C7"
  }
]
