[
  {
    "docID": "N134 Cao 2004",
    "et": "T7",
    "off": 16710,
    "sff": "T7"
  },
  {
    "docID": "N134 Cao 2004",
    "et": "T8",
    "off": 15572,
    "sff": "T8"
  },
  {
    "docID": "N134 Cao 2004",
    "et": "T8",
    "off": 26451,
    "sff": "T8"
  },
  {
    "docID": "N134 Cao 2004",
    "et": "T8",
    "off": 35166,
    "sff": "T8"
  },
  {
    "docID": "N134 Cao 2004",
    "et": "T8",
    "off": 15615,
    "sff": "T8"
  },
  {
    "docID": "N134 Cao 2004",
    "et": "VertebralArea",
    "off": 15572,
    "sff": "T8±9"
  },
  {
    "docID": "N134 Cao 2004",
    "et": "VertebralArea",
    "off": 16710,
    "sff": "T7±9"
  }
]
