[
  {
    "docID": "N136 Centenaro 2011",
    "et": "T8",
    "off": 31022,
    "sff": "T8"
  },
  {
    "docID": "N136 Centenaro 2011",
    "et": "T9",
    "off": 31025,
    "sff": "T9"
  },
  {
    "docID": "N136 Centenaro 2011",
    "et": "Vertebrae",
    "off": 31028,
    "sff": "vertebrae"
  },
  {
    "docID": "N136 Centenaro 2011",
    "et": "Vertebrae",
    "off": 37092,
    "sff": "vertebrae"
  },
  {
    "docID": "N136 Centenaro 2011",
    "et": "T12",
    "off": 37088,
    "sff": "T12"
  },
  {
    "docID": "N136 Centenaro 2011",
    "et": "C3",
    "off": 24093,
    "sff": "C3"
  },
  {
    "docID": "N136 Centenaro 2011",
    "et": "C3",
    "off": 22704,
    "sff": "C3"
  },
  {
    "docID": "N136 Centenaro 2011",
    "et": "C4",
    "off": 22707,
    "sff": "C4"
  },
  {
    "docID": "N136 Centenaro 2011",
    "et": "VertebralArea",
    "off": 31022,
    "sff": "T8-T9"
  },
  {
    "docID": "N136 Centenaro 2011",
    "et": "VertebralArea",
    "off": 37088,
    "sff": "T12"
  },
  {
    "docID": "N136 Centenaro 2011",
    "et": "VertebralArea",
    "off": 22704,
    "sff": "C3–C4"
  }
]
