[
  {
    "docID": "N138 Chuah 2004",
    "et": "T6",
    "off": 8899,
    "sff": "T6"
  },
  {
    "docID": "N138 Chuah 2004",
    "et": "T7",
    "off": 8961,
    "sff": "T7"
  },
  {
    "docID": "N138 Chuah 2004",
    "et": "T8",
    "off": 4161,
    "sff": "T8"
  },
  {
    "docID": "N138 Chuah 2004",
    "et": "T8",
    "off": 9047,
    "sff": "T8"
  },
  {
    "docID": "N138 Chuah 2004",
    "et": "T8",
    "off": 726,
    "sff": "T8"
  },
  {
    "docID": "N138 Chuah 2004",
    "et": "T9",
    "off": 9054,
    "sff": "T9"
  },
  {
    "docID": "N138 Chuah 2004",
    "et": "Vertebrae",
    "off": 8883,
    "sff": "vertebrae"
  },
  {
    "docID": "N138 Chuah 2004",
    "et": "T11",
    "off": 8903,
    "sff": "T11"
  },
  {
    "docID": "N138 Chuah 2004",
    "et": "T10",
    "off": 8964,
    "sff": "T10"
  },
  {
    "docID": "N138 Chuah 2004",
    "et": "VertebralArea",
    "off": 9047,
    "sff": "T8 and T9"
  },
  {
    "docID": "N138 Chuah 2004",
    "et": "VertebralArea",
    "off": 4161,
    "sff": "T8–9"
  },
  {
    "docID": "N138 Chuah 2004",
    "et": "VertebralArea",
    "off": 8961,
    "sff": "T7–T10"
  },
  {
    "docID": "N138 Chuah 2004",
    "et": "VertebralArea",
    "off": 726,
    "sff": "T8–9"
  }
]
