[
  {
    "docID": "N141 Deng 2008",
    "et": "T9",
    "off": 7752,
    "sff": "T9"
  },
  {
    "docID": "N141 Deng 2008",
    "et": "T9",
    "off": 11523,
    "sff": "T9"
  },
  {
    "docID": "N141 Deng 2008",
    "et": "T11",
    "off": 11526,
    "sff": "T11"
  },
  {
    "docID": "N141 Deng 2008",
    "et": "T10",
    "off": 7755,
    "sff": "T10"
  },
  {
    "docID": "N141 Deng 2008",
    "et": "T10",
    "off": 7851,
    "sff": "T10"
  },
  {
    "docID": "N141 Deng 2008",
    "et": "VertebralArea",
    "off": 11523,
    "sff": "T9\u0002T11"
  },
  {
    "docID": "N141 Deng 2008",
    "et": "VertebralArea",
    "off": 7752,
    "sff": "T9-T10"
  },
  {
    "docID": "N141 Deng 2008",
    "et": "VertebralArea",
    "off": 7851,
    "sff": "T10"
  }
]
