[
  {
    "docID": "N142 Deumens 2006 2",
    "et": "T11",
    "off": 6471,
    "sff": "T11"
  },
  {
    "docID": "N142 Deumens 2006 2",
    "et": "T11",
    "off": 11323,
    "sff": "T11"
  },
  {
    "docID": "N142 Deumens 2006 2",
    "et": "T12",
    "off": 11327,
    "sff": "T12"
  },
  {
    "docID": "N142 Deumens 2006 2",
    "et": "T12",
    "off": 6475,
    "sff": "T12"
  },
  {
    "docID": "N142 Deumens 2006 2",
    "et": "C1",
    "off": 30214,
    "sff": "C1"
  },
  {
    "docID": "N142 Deumens 2006 2",
    "et": "C2",
    "off": 30217,
    "sff": "C2"
  },
  {
    "docID": "N142 Deumens 2006 2",
    "et": "VertebralArea",
    "off": 30214,
    "sff": "C1/C2"
  },
  {
    "docID": "N142 Deumens 2006 2",
    "et": "VertebralArea",
    "off": 6471,
    "sff": "T11/T12"
  },
  {
    "docID": "N142 Deumens 2006 2",
    "et": "VertebralArea",
    "off": 11323,
    "sff": "T11/T12"
  }
]
