[
  {
    "docID": "N143 Deumens 2006",
    "et": "L1",
    "off": 64276,
    "sff": "L1"
  },
  {
    "docID": "N143 Deumens 2006",
    "et": "T11",
    "off": 30238,
    "sff": "T11"
  },
  {
    "docID": "N143 Deumens 2006",
    "et": "T11",
    "off": 7608,
    "sff": "T11"
  },
  {
    "docID": "N143 Deumens 2006",
    "et": "T11",
    "off": 13508,
    "sff": "T11"
  },
  {
    "docID": "N143 Deumens 2006",
    "et": "T12",
    "off": 30242,
    "sff": "T12"
  },
  {
    "docID": "N143 Deumens 2006",
    "et": "T12",
    "off": 7612,
    "sff": "T12"
  },
  {
    "docID": "N143 Deumens 2006",
    "et": "T12",
    "off": 13512,
    "sff": "T12"
  },
  {
    "docID": "N143 Deumens 2006",
    "et": "VertebralArea",
    "off": 7608,
    "sff": "T11/T12"
  },
  {
    "docID": "N143 Deumens 2006",
    "et": "VertebralArea",
    "off": 30238,
    "sff": "T11/T12"
  },
  {
    "docID": "N143 Deumens 2006",
    "et": "VertebralArea",
    "off": 13508,
    "sff": "T11/T12"
  }
]
