[
  {
    "docID": "N147 Garc%2B¡a-Al%2B¡as 2004",
    "et": "T8",
    "off": 7187,
    "sff": "T8"
  },
  {
    "docID": "N147 Garc%2B¡a-Al%2B¡as 2004",
    "et": "T8",
    "off": 837,
    "sff": "T8"
  },
  {
    "docID": "N147 Garc%2B¡a-Al%2B¡as 2004",
    "et": "T8",
    "off": 13974,
    "sff": "T8"
  },
  {
    "docID": "N147 Garc%2B¡a-Al%2B¡as 2004",
    "et": "T8",
    "off": 16642,
    "sff": "T8"
  },
  {
    "docID": "N147 Garc%2B¡a-Al%2B¡as 2004",
    "et": "T8",
    "off": 14699,
    "sff": "T8"
  },
  {
    "docID": "N147 Garc%2B¡a-Al%2B¡as 2004",
    "et": "T8",
    "off": 16221,
    "sff": "T8"
  },
  {
    "docID": "N147 Garc%2B¡a-Al%2B¡as 2004",
    "et": "T8",
    "off": 24090,
    "sff": "T8"
  },
  {
    "docID": "N147 Garc%2B¡a-Al%2B¡as 2004",
    "et": "Vertebrae",
    "off": 7108,
    "sff": "vertebrae"
  },
  {
    "docID": "N147 Garc%2B¡a-Al%2B¡as 2004",
    "et": "T13",
    "off": 26107,
    "sff": "T13"
  },
  {
    "docID": "N147 Garc%2B¡a-Al%2B¡as 2004",
    "et": "T13",
    "off": 13982,
    "sff": "T13"
  },
  {
    "docID": "N147 Garc%2B¡a-Al%2B¡as 2004",
    "et": "T13",
    "off": 31223,
    "sff": "T13"
  },
  {
    "docID": "N147 Garc%2B¡a-Al%2B¡as 2004",
    "et": "T13",
    "off": 19680,
    "sff": "T13"
  },
  {
    "docID": "N147 Garc%2B¡a-Al%2B¡as 2004",
    "et": "T13",
    "off": 26534,
    "sff": "T13"
  },
  {
    "docID": "N147 Garc%2B¡a-Al%2B¡as 2004",
    "et": "T13",
    "off": 15844,
    "sff": "T13"
  },
  {
    "docID": "N147 Garc%2B¡a-Al%2B¡as 2004",
    "et": "T13",
    "off": 19539,
    "sff": "T13"
  },
  {
    "docID": "N147 Garc%2B¡a-Al%2B¡as 2004",
    "et": "T1",
    "off": 13970,
    "sff": "T1"
  },
  {
    "docID": "N147 Garc%2B¡a-Al%2B¡as 2004",
    "et": "T1",
    "off": 26374,
    "sff": "T1"
  }
]
