[
  {
    "docID": "N148 Gorrie 2010",
    "et": "T9",
    "off": 11144,
    "sff": "T9"
  },
  {
    "docID": "N148 Gorrie 2010",
    "et": "T9",
    "off": 36661,
    "sff": "T9"
  },
  {
    "docID": "N148 Gorrie 2010",
    "et": "Vertebrae",
    "off": 35688,
    "sff": "vertebrae"
  },
  {
    "docID": "N148 Gorrie 2010",
    "et": "T11",
    "off": 11151,
    "sff": "T11"
  },
  {
    "docID": "N148 Gorrie 2010",
    "et": "T11",
    "off": 36668,
    "sff": "T11"
  },
  {
    "docID": "N148 Gorrie 2010",
    "et": "T10",
    "off": 35684,
    "sff": "T10"
  },
  {
    "docID": "N148 Gorrie 2010",
    "et": "T10",
    "off": 1215,
    "sff": "T10"
  },
  {
    "docID": "N148 Gorrie 2010",
    "et": "T10",
    "off": 36577,
    "sff": "T10"
  },
  {
    "docID": "N148 Gorrie 2010",
    "et": "VertebralArea",
    "off": 36661,
    "sff": "T9 and T11"
  },
  {
    "docID": "N148 Gorrie 2010",
    "et": "VertebralArea",
    "off": 11144,
    "sff": "T9 and T11"
  }
]
