[
  {
    "docID": "N149 Granger 2012",
    "et": "L4",
    "off": 6899,
    "sff": "L4"
  },
  {
    "docID": "N149 Granger 2012",
    "et": "L5",
    "off": 6983,
    "sff": "L5"
  },
  {
    "docID": "N149 Granger 2012",
    "et": "Vertebrae",
    "off": 17412,
    "sff": "vertebrae"
  },
  {
    "docID": "N149 Granger 2012",
    "et": "T10",
    "off": 6891,
    "sff": "T10"
  },
  {
    "docID": "N149 Granger 2012",
    "et": "VertebralArea",
    "off": 6891,
    "sff": "T10 and L4"
  },
  {
    "docID": "N149 Granger 2012",
    "et": "T1",
    "off": 10556,
    "sff": "T1"
  },
  {
    "docID": "N149 Granger 2012",
    "et": "T2",
    "off": 10564,
    "sff": "T2"
  }
]
