[
  {
    "docID": "N150 Guest 2008",
    "et": "T9",
    "off": 13635,
    "sff": "T9"
  },
  {
    "docID": "N150 Guest 2008",
    "et": "T9",
    "off": 36042,
    "sff": "T9"
  },
  {
    "docID": "N150 Guest 2008",
    "et": "T9",
    "off": 15306,
    "sff": "T9"
  },
  {
    "docID": "N150 Guest 2008",
    "et": "T9",
    "off": 1147,
    "sff": "T9"
  },
  {
    "docID": "N150 Guest 2008",
    "et": "T9",
    "off": 13698,
    "sff": "T9"
  },
  {
    "docID": "N150 Guest 2008",
    "et": "T10",
    "off": 13701,
    "sff": "T10"
  },
  {
    "docID": "N150 Guest 2008",
    "et": "T10",
    "off": 13642,
    "sff": "T10"
  },
  {
    "docID": "N150 Guest 2008",
    "et": "VertebralArea",
    "off": 1147,
    "sff": "T9/10"
  },
  {
    "docID": "N150 Guest 2008",
    "et": "VertebralArea",
    "off": 15306,
    "sff": "T9/10"
  },
  {
    "docID": "N150 Guest 2008",
    "et": "VertebralArea",
    "off": 36042,
    "sff": "T9/10"
  },
  {
    "docID": "N150 Guest 2008",
    "et": "VertebralArea",
    "off": 13698,
    "sff": "T9/T10"
  },
  {
    "docID": "N150 Guest 2008",
    "et": "VertebralArea",
    "off": 13635,
    "sff": "T9 and T10"
  }
]
