[
  {
    "docID": "N152 Ibrahim 2009",
    "et": "L4",
    "off": 27932,
    "sff": "L4"
  },
  {
    "docID": "N152 Ibrahim 2009",
    "et": "C1",
    "off": 7210,
    "sff": "C1"
  },
  {
    "docID": "N152 Ibrahim 2009",
    "et": "C4",
    "off": 7098,
    "sff": "C4"
  },
  {
    "docID": "N152 Ibrahim 2009",
    "et": "C4",
    "off": 12315,
    "sff": "C4"
  },
  {
    "docID": "N152 Ibrahim 2009",
    "et": "C4",
    "off": 18789,
    "sff": "C4"
  },
  {
    "docID": "N152 Ibrahim 2009",
    "et": "C4",
    "off": 4055,
    "sff": "C4"
  },
  {
    "docID": "N152 Ibrahim 2009",
    "et": "C4",
    "off": 8498,
    "sff": "C4"
  },
  {
    "docID": "N152 Ibrahim 2009",
    "et": "C4",
    "off": 18435,
    "sff": "C4"
  },
  {
    "docID": "N152 Ibrahim 2009",
    "et": "C5",
    "off": 8744,
    "sff": "C5"
  },
  {
    "docID": "N152 Ibrahim 2009",
    "et": "C5",
    "off": 21544,
    "sff": "C5"
  },
  {
    "docID": "N152 Ibrahim 2009",
    "et": "C5",
    "off": 13045,
    "sff": "C5"
  },
  {
    "docID": "N152 Ibrahim 2009",
    "et": "C5",
    "off": 8391,
    "sff": "C5"
  },
  {
    "docID": "N152 Ibrahim 2009",
    "et": "C5",
    "off": 20343,
    "sff": "C5"
  },
  {
    "docID": "N152 Ibrahim 2009",
    "et": "C5",
    "off": 19216,
    "sff": "C5"
  },
  {
    "docID": "N152 Ibrahim 2009",
    "et": "C5",
    "off": 8675,
    "sff": "C5"
  },
  {
    "docID": "N152 Ibrahim 2009",
    "et": "C5",
    "off": 12834,
    "sff": "C5"
  },
  {
    "docID": "N152 Ibrahim 2009",
    "et": "C5",
    "off": 4973,
    "sff": "C5"
  },
  {
    "docID": "N152 Ibrahim 2009",
    "et": "C5",
    "off": 20188,
    "sff": "C5"
  },
  {
    "docID": "N152 Ibrahim 2009",
    "et": "C6",
    "off": 3787,
    "sff": "C6"
  },
  {
    "docID": "N152 Ibrahim 2009",
    "et": "C6",
    "off": 21866,
    "sff": "C6"
  },
  {
    "docID": "N152 Ibrahim 2009",
    "et": "C6",
    "off": 4356,
    "sff": "C6"
  },
  {
    "docID": "N152 Ibrahim 2009",
    "et": "C6",
    "off": 16960,
    "sff": "C6"
  },
  {
    "docID": "N152 Ibrahim 2009",
    "et": "C6",
    "off": 19584,
    "sff": "C6"
  },
  {
    "docID": "N152 Ibrahim 2009",
    "et": "C6",
    "off": 19330,
    "sff": "C6"
  },
  {
    "docID": "N152 Ibrahim 2009",
    "et": "C6",
    "off": 18813,
    "sff": "C6"
  },
  {
    "docID": "N152 Ibrahim 2009",
    "et": "C6",
    "off": 12764,
    "sff": "C6"
  },
  {
    "docID": "N152 Ibrahim 2009",
    "et": "C6",
    "off": 22655,
    "sff": "C6"
  },
  {
    "docID": "N152 Ibrahim 2009",
    "et": "C6",
    "off": 16344,
    "sff": "C6"
  },
  {
    "docID": "N152 Ibrahim 2009",
    "et": "C6",
    "off": 5018,
    "sff": "C6"
  },
  {
    "docID": "N152 Ibrahim 2009",
    "et": "C6",
    "off": 2293,
    "sff": "C6"
  },
  {
    "docID": "N152 Ibrahim 2009",
    "et": "C6",
    "off": 3767,
    "sff": "C6"
  },
  {
    "docID": "N152 Ibrahim 2009",
    "et": "C6",
    "off": 27250,
    "sff": "C6"
  },
  {
    "docID": "N152 Ibrahim 2009",
    "et": "C6",
    "off": 27443,
    "sff": "C6"
  },
  {
    "docID": "N152 Ibrahim 2009",
    "et": "C6",
    "off": 20364,
    "sff": "C6"
  },
  {
    "docID": "N152 Ibrahim 2009",
    "et": "C6",
    "off": 12175,
    "sff": "C6"
  },
  {
    "docID": "N152 Ibrahim 2009",
    "et": "VertebralArea",
    "off": 21544,
    "sff": "C5-T1"
  },
  {
    "docID": "N152 Ibrahim 2009",
    "et": "VertebralArea",
    "off": 3787,
    "sff": "C6-T1"
  },
  {
    "docID": "N152 Ibrahim 2009",
    "et": "VertebralArea",
    "off": 12315,
    "sff": "C4-T2"
  },
  {
    "docID": "N152 Ibrahim 2009",
    "et": "VertebralArea",
    "off": 12834,
    "sff": "C5-T1"
  },
  {
    "docID": "N152 Ibrahim 2009",
    "et": "VertebralArea",
    "off": 3767,
    "sff": "C6-T1"
  },
  {
    "docID": "N152 Ibrahim 2009",
    "et": "VertebralArea",
    "off": 7098,
    "sff": "C4-T2"
  },
  {
    "docID": "N152 Ibrahim 2009",
    "et": "VertebralArea",
    "off": 13045,
    "sff": "C5/6"
  },
  {
    "docID": "N152 Ibrahim 2009",
    "et": "VertebralArea",
    "off": 4055,
    "sff": "C4-T2"
  },
  {
    "docID": "N152 Ibrahim 2009",
    "et": "VertebralArea",
    "off": 4356,
    "sff": "C6-T1"
  },
  {
    "docID": "N152 Ibrahim 2009",
    "et": "VertebralArea",
    "off": 5198,
    "sff": "C7 and C8"
  },
  {
    "docID": "N152 Ibrahim 2009",
    "et": "C7",
    "off": 12965,
    "sff": "C7"
  },
  {
    "docID": "N152 Ibrahim 2009",
    "et": "C7",
    "off": 12882,
    "sff": "C7"
  },
  {
    "docID": "N152 Ibrahim 2009",
    "et": "C7",
    "off": 20370,
    "sff": "C7"
  },
  {
    "docID": "N152 Ibrahim 2009",
    "et": "C7",
    "off": 18819,
    "sff": "C7"
  },
  {
    "docID": "N152 Ibrahim 2009",
    "et": "C7",
    "off": 21635,
    "sff": "C7"
  },
  {
    "docID": "N152 Ibrahim 2009",
    "et": "C7",
    "off": 24563,
    "sff": "C7"
  },
  {
    "docID": "N152 Ibrahim 2009",
    "et": "C7",
    "off": 5198,
    "sff": "C7"
  },
  {
    "docID": "N152 Ibrahim 2009",
    "et": "T1",
    "off": 16350,
    "sff": "T1"
  },
  {
    "docID": "N152 Ibrahim 2009",
    "et": "T1",
    "off": 20349,
    "sff": "T1"
  },
  {
    "docID": "N152 Ibrahim 2009",
    "et": "T1",
    "off": 5024,
    "sff": "T1"
  },
  {
    "docID": "N152 Ibrahim 2009",
    "et": "T1",
    "off": 16966,
    "sff": "T1"
  },
  {
    "docID": "N152 Ibrahim 2009",
    "et": "T1",
    "off": 19590,
    "sff": "T1"
  },
  {
    "docID": "N152 Ibrahim 2009",
    "et": "T1",
    "off": 4359,
    "sff": "T1"
  },
  {
    "docID": "N152 Ibrahim 2009",
    "et": "T1",
    "off": 12837,
    "sff": "T1"
  },
  {
    "docID": "N152 Ibrahim 2009",
    "et": "T1",
    "off": 22661,
    "sff": "T1"
  },
  {
    "docID": "N152 Ibrahim 2009",
    "et": "T1",
    "off": 21547,
    "sff": "T1"
  },
  {
    "docID": "N152 Ibrahim 2009",
    "et": "T1",
    "off": 3790,
    "sff": "T1"
  },
  {
    "docID": "N152 Ibrahim 2009",
    "et": "T1",
    "off": 8397,
    "sff": "T1"
  },
  {
    "docID": "N152 Ibrahim 2009",
    "et": "T1",
    "off": 19222,
    "sff": "T1"
  },
  {
    "docID": "N152 Ibrahim 2009",
    "et": "T1",
    "off": 3770,
    "sff": "T1"
  },
  {
    "docID": "N152 Ibrahim 2009",
    "et": "T1",
    "off": 2299,
    "sff": "T1"
  },
  {
    "docID": "N152 Ibrahim 2009",
    "et": "T1",
    "off": 27449,
    "sff": "T1"
  },
  {
    "docID": "N152 Ibrahim 2009",
    "et": "T1",
    "off": 27256,
    "sff": "T1"
  },
  {
    "docID": "N152 Ibrahim 2009",
    "et": "T2",
    "off": 18783,
    "sff": "T2"
  },
  {
    "docID": "N152 Ibrahim 2009",
    "et": "T2",
    "off": 12318,
    "sff": "T2"
  },
  {
    "docID": "N152 Ibrahim 2009",
    "et": "T2",
    "off": 7101,
    "sff": "T2"
  },
  {
    "docID": "N152 Ibrahim 2009",
    "et": "T2",
    "off": 8508,
    "sff": "T2"
  },
  {
    "docID": "N152 Ibrahim 2009",
    "et": "T2",
    "off": 4979,
    "sff": "T2"
  },
  {
    "docID": "N152 Ibrahim 2009",
    "et": "T2",
    "off": 4058,
    "sff": "T2"
  },
  {
    "docID": "N152 Ibrahim 2009",
    "et": "T2",
    "off": 18441,
    "sff": "T2"
  },
  {
    "docID": "N152 Ibrahim 2009",
    "et": "T3",
    "off": 6983,
    "sff": "T3"
  }
]
