[
  {
    "docID": "N153 Imaizumi 2000",
    "et": "T5",
    "off": 6546,
    "sff": "T5"
  },
  {
    "docID": "N153 Imaizumi 2000",
    "et": "T6",
    "off": 6759,
    "sff": "T6"
  },
  {
    "docID": "N153 Imaizumi 2000",
    "et": "L1",
    "off": 6766,
    "sff": "L1"
  },
  {
    "docID": "N153 Imaizumi 2000",
    "et": "L2",
    "off": 6553,
    "sff": "L2"
  },
  {
    "docID": "N153 Imaizumi 2000",
    "et": "L4",
    "off": 21287,
    "sff": "L4"
  },
  {
    "docID": "N153 Imaizumi 2000",
    "et": "L4",
    "off": 32004,
    "sff": "L4"
  },
  {
    "docID": "N153 Imaizumi 2000",
    "et": "L4",
    "off": 5925,
    "sff": "L4"
  },
  {
    "docID": "N153 Imaizumi 2000",
    "et": "L5",
    "off": 5932,
    "sff": "L5"
  },
  {
    "docID": "N153 Imaizumi 2000",
    "et": "L5",
    "off": 21290,
    "sff": "L5"
  },
  {
    "docID": "N153 Imaizumi 2000",
    "et": "T11",
    "off": 5038,
    "sff": "T11"
  },
  {
    "docID": "N153 Imaizumi 2000",
    "et": "T11",
    "off": 4994,
    "sff": "T11"
  },
  {
    "docID": "N153 Imaizumi 2000",
    "et": "VertebralArea",
    "off": 5925,
    "sff": "L4 and L5"
  },
  {
    "docID": "N153 Imaizumi 2000",
    "et": "VertebralArea",
    "off": 21287,
    "sff": "L4-L5"
  },
  {
    "docID": "N153 Imaizumi 2000",
    "et": "VertebralArea",
    "off": 6759,
    "sff": "T6 and L1"
  },
  {
    "docID": "N153 Imaizumi 2000",
    "et": "VertebralArea",
    "off": 6546,
    "sff": "T5 and L2"
  }
]
