[
  {
    "docID": "N155 Jeffery 2005",
    "et": "T12",
    "off": 19853,
    "sff": "T12"
  },
  {
    "docID": "N155 Jeffery 2005",
    "et": "VertebralArea",
    "off": 19853,
    "sff": "T12"
  },
  {
    "docID": "N155 Jeffery 2005",
    "et": "VertebralArea",
    "off": 11399,
    "sff": "L-15"
  },
  {
    "docID": "N155 Jeffery 2005",
    "et": "VertebralArea",
    "off": 11845,
    "sff": "L-15"
  },
  {
    "docID": "N155 Jeffery 2005",
    "et": "VertebralArea",
    "off": 13200,
    "sff": "T75"
  },
  {
    "docID": "N155 Jeffery 2005",
    "et": "T1",
    "off": 19939,
    "sff": "T1"
  }
]
