[
  {
    "docID": "N156 Kalincik 2010 2",
    "et": "T5",
    "off": 28466,
    "sff": "T5"
  },
  {
    "docID": "N156 Kalincik 2010 2",
    "et": "T5",
    "off": 21985,
    "sff": "T5"
  },
  {
    "docID": "N156 Kalincik 2010 2",
    "et": "T6",
    "off": 2735,
    "sff": "T6"
  },
  {
    "docID": "N156 Kalincik 2010 2",
    "et": "T6",
    "off": 21988,
    "sff": "T6"
  },
  {
    "docID": "N156 Kalincik 2010 2",
    "et": "T6",
    "off": 18251,
    "sff": "T6"
  },
  {
    "docID": "N156 Kalincik 2010 2",
    "et": "VertebralArea",
    "off": 21945,
    "sff": "T2–T3"
  },
  {
    "docID": "N156 Kalincik 2010 2",
    "et": "VertebralArea",
    "off": 18248,
    "sff": "T2–T6"
  },
  {
    "docID": "N156 Kalincik 2010 2",
    "et": "VertebralArea",
    "off": 28466,
    "sff": "T5–6"
  },
  {
    "docID": "N156 Kalincik 2010 2",
    "et": "VertebralArea",
    "off": 18886,
    "sff": "T8660"
  },
  {
    "docID": "N156 Kalincik 2010 2",
    "et": "VertebralArea",
    "off": 21985,
    "sff": "T5–T6"
  },
  {
    "docID": "N156 Kalincik 2010 2",
    "et": "VertebralArea",
    "off": 28457,
    "sff": "T2–3"
  },
  {
    "docID": "N156 Kalincik 2010 2",
    "et": "T2",
    "off": 18248,
    "sff": "T2"
  },
  {
    "docID": "N156 Kalincik 2010 2",
    "et": "T2",
    "off": 21945,
    "sff": "T2"
  },
  {
    "docID": "N156 Kalincik 2010 2",
    "et": "T2",
    "off": 28457,
    "sff": "T2"
  },
  {
    "docID": "N156 Kalincik 2010 2",
    "et": "T3",
    "off": 13235,
    "sff": "T3"
  },
  {
    "docID": "N156 Kalincik 2010 2",
    "et": "T3",
    "off": 21948,
    "sff": "T3"
  },
  {
    "docID": "N156 Kalincik 2010 2",
    "et": "T4",
    "off": 4926,
    "sff": "T4"
  },
  {
    "docID": "N156 Kalincik 2010 2",
    "et": "T4",
    "off": 42880,
    "sff": "T4"
  },
  {
    "docID": "N156 Kalincik 2010 2",
    "et": "T4",
    "off": 736,
    "sff": "T4"
  },
  {
    "docID": "N156 Kalincik 2010 2",
    "et": "T4",
    "off": 41231,
    "sff": "T4"
  },
  {
    "docID": "N156 Kalincik 2010 2",
    "et": "T4",
    "off": 12514,
    "sff": "T4"
  },
  {
    "docID": "N156 Kalincik 2010 2",
    "et": "T4",
    "off": 36323,
    "sff": "T4"
  },
  {
    "docID": "N156 Kalincik 2010 2",
    "et": "T4",
    "off": 7750,
    "sff": "T4"
  },
  {
    "docID": "N156 Kalincik 2010 2",
    "et": "T4",
    "off": 6885,
    "sff": "T4"
  },
  {
    "docID": "N156 Kalincik 2010 2",
    "et": "T4",
    "off": 1175,
    "sff": "T4"
  },
  {
    "docID": "N156 Kalincik 2010 2",
    "et": "T4",
    "off": 13400,
    "sff": "T4"
  }
]
