[
  {
    "docID": "N157 Kalincik 2010",
    "et": "T5",
    "off": 26761,
    "sff": "t5"
  },
  {
    "docID": "N157 Kalincik 2010",
    "et": "T5",
    "off": 19758,
    "sff": "T5"
  },
  {
    "docID": "N157 Kalincik 2010",
    "et": "T5",
    "off": 19604,
    "sff": "T5"
  },
  {
    "docID": "N157 Kalincik 2010",
    "et": "T5",
    "off": 30119,
    "sff": "T5"
  },
  {
    "docID": "N157 Kalincik 2010",
    "et": "T5",
    "off": 13573,
    "sff": "T5"
  },
  {
    "docID": "N157 Kalincik 2010",
    "et": "T5",
    "off": 34968,
    "sff": "t5"
  },
  {
    "docID": "N157 Kalincik 2010",
    "et": "T6",
    "off": 8749,
    "sff": "T6"
  },
  {
    "docID": "N157 Kalincik 2010",
    "et": "T6",
    "off": 13576,
    "sff": "T6"
  },
  {
    "docID": "N157 Kalincik 2010",
    "et": "T7",
    "off": 8634,
    "sff": "T7"
  },
  {
    "docID": "N157 Kalincik 2010",
    "et": "T7",
    "off": 16090,
    "sff": "T7"
  },
  {
    "docID": "N157 Kalincik 2010",
    "et": "T7",
    "off": 9129,
    "sff": "T7"
  },
  {
    "docID": "N157 Kalincik 2010",
    "et": "T7",
    "off": 20073,
    "sff": "T7"
  },
  {
    "docID": "N157 Kalincik 2010",
    "et": "T7",
    "off": 26153,
    "sff": "T7"
  },
  {
    "docID": "N157 Kalincik 2010",
    "et": "T7",
    "off": 26719,
    "sff": "T7"
  },
  {
    "docID": "N157 Kalincik 2010",
    "et": "T7",
    "off": 14510,
    "sff": "T7"
  },
  {
    "docID": "N157 Kalincik 2010",
    "et": "T7",
    "off": 35950,
    "sff": "T7"
  },
  {
    "docID": "N157 Kalincik 2010",
    "et": "T7",
    "off": 31409,
    "sff": "T7"
  },
  {
    "docID": "N157 Kalincik 2010",
    "et": "T7",
    "off": 31863,
    "sff": "T7"
  },
  {
    "docID": "N157 Kalincik 2010",
    "et": "VertebralArea",
    "off": 16083,
    "sff": "T1 and T7"
  },
  {
    "docID": "N157 Kalincik 2010",
    "et": "VertebralArea",
    "off": 8746,
    "sff": "T2–T6"
  },
  {
    "docID": "N157 Kalincik 2010",
    "et": "VertebralArea",
    "off": 8631,
    "sff": "T1–T7"
  },
  {
    "docID": "N157 Kalincik 2010",
    "et": "VertebralArea",
    "off": 19752,
    "sff": "T2–3"
  },
  {
    "docID": "N157 Kalincik 2010",
    "et": "VertebralArea",
    "off": 19595,
    "sff": "T2–3"
  },
  {
    "docID": "N157 Kalincik 2010",
    "et": "VertebralArea",
    "off": 9122,
    "sff": "T1 and T7"
  },
  {
    "docID": "N157 Kalincik 2010",
    "et": "VertebralArea",
    "off": 20066,
    "sff": "T1 and T7"
  },
  {
    "docID": "N157 Kalincik 2010",
    "et": "VertebralArea",
    "off": 19758,
    "sff": "T5–6"
  },
  {
    "docID": "N157 Kalincik 2010",
    "et": "VertebralArea",
    "off": 26146,
    "sff": "T1 and T7"
  },
  {
    "docID": "N157 Kalincik 2010",
    "et": "VertebralArea",
    "off": 13573,
    "sff": "T5–T6"
  },
  {
    "docID": "N157 Kalincik 2010",
    "et": "VertebralArea",
    "off": 19604,
    "sff": "T5–6"
  },
  {
    "docID": "N157 Kalincik 2010",
    "et": "VertebralArea",
    "off": 14503,
    "sff": "T1 and T7"
  },
  {
    "docID": "N157 Kalincik 2010",
    "et": "VertebralArea",
    "off": 13533,
    "sff": "T2–T3"
  },
  {
    "docID": "N157 Kalincik 2010",
    "et": "VertebralArea",
    "off": 10232,
    "sff": "C8198"
  },
  {
    "docID": "N157 Kalincik 2010",
    "et": "T1",
    "off": 9122,
    "sff": "T1"
  },
  {
    "docID": "N157 Kalincik 2010",
    "et": "T1",
    "off": 20066,
    "sff": "T1"
  },
  {
    "docID": "N157 Kalincik 2010",
    "et": "T1",
    "off": 26146,
    "sff": "T1"
  },
  {
    "docID": "N157 Kalincik 2010",
    "et": "T1",
    "off": 16083,
    "sff": "T1"
  },
  {
    "docID": "N157 Kalincik 2010",
    "et": "T1",
    "off": 8631,
    "sff": "T1"
  },
  {
    "docID": "N157 Kalincik 2010",
    "et": "T1",
    "off": 14503,
    "sff": "T1"
  },
  {
    "docID": "N157 Kalincik 2010",
    "et": "T2",
    "off": 8746,
    "sff": "T2"
  },
  {
    "docID": "N157 Kalincik 2010",
    "et": "T2",
    "off": 19595,
    "sff": "T2"
  },
  {
    "docID": "N157 Kalincik 2010",
    "et": "T2",
    "off": 13533,
    "sff": "T2"
  },
  {
    "docID": "N157 Kalincik 2010",
    "et": "T2",
    "off": 19752,
    "sff": "T2"
  },
  {
    "docID": "N157 Kalincik 2010",
    "et": "T3",
    "off": 13536,
    "sff": "T3"
  },
  {
    "docID": "N157 Kalincik 2010",
    "et": "T3",
    "off": 6903,
    "sff": "T3"
  },
  {
    "docID": "N157 Kalincik 2010",
    "et": "T4",
    "off": 6330,
    "sff": "T4"
  },
  {
    "docID": "N157 Kalincik 2010",
    "et": "T4",
    "off": 6425,
    "sff": "T4"
  },
  {
    "docID": "N157 Kalincik 2010",
    "et": "T4",
    "off": 27130,
    "sff": "T4"
  },
  {
    "docID": "N157 Kalincik 2010",
    "et": "T4",
    "off": 30110,
    "sff": "T4"
  },
  {
    "docID": "N157 Kalincik 2010",
    "et": "T4",
    "off": 50,
    "sff": "T4"
  },
  {
    "docID": "N157 Kalincik 2010",
    "et": "T4",
    "off": 20466,
    "sff": "T4"
  },
  {
    "docID": "N157 Kalincik 2010",
    "et": "T4",
    "off": 27893,
    "sff": "T4"
  },
  {
    "docID": "N157 Kalincik 2010",
    "et": "T4",
    "off": 1225,
    "sff": "T4"
  },
  {
    "docID": "N157 Kalincik 2010",
    "et": "T4",
    "off": 17833,
    "sff": "T4"
  },
  {
    "docID": "N157 Kalincik 2010",
    "et": "T4",
    "off": 31244,
    "sff": "T4"
  },
  {
    "docID": "N157 Kalincik 2010",
    "et": "T4",
    "off": 3791,
    "sff": "T4"
  },
  {
    "docID": "N157 Kalincik 2010",
    "et": "T4",
    "off": 7012,
    "sff": "T4"
  },
  {
    "docID": "N157 Kalincik 2010",
    "et": "T4",
    "off": 1315,
    "sff": "T4"
  },
  {
    "docID": "N157 Kalincik 2010",
    "et": "T4",
    "off": 520,
    "sff": "T4"
  },
  {
    "docID": "N157 Kalincik 2010",
    "et": "T4",
    "off": 4359,
    "sff": "T4"
  }
]
