[
  {
    "docID": "N160 Kubasak 2008",
    "et": "T8",
    "off": 8488,
    "sff": "T8"
  },
  {
    "docID": "N160 Kubasak 2008",
    "et": "T8",
    "off": 6871,
    "sff": "T8"
  },
  {
    "docID": "N160 Kubasak 2008",
    "et": "T9",
    "off": 6878,
    "sff": "T9"
  },
  {
    "docID": "N160 Kubasak 2008",
    "et": "T9",
    "off": 8495,
    "sff": "T9"
  },
  {
    "docID": "N160 Kubasak 2008",
    "et": "T9",
    "off": 27282,
    "sff": "T9"
  },
  {
    "docID": "N160 Kubasak 2008",
    "et": "T9",
    "off": 7061,
    "sff": "T9"
  },
  {
    "docID": "N160 Kubasak 2008",
    "et": "Vertebrae",
    "off": 6881,
    "sff": "vertebrae"
  },
  {
    "docID": "N160 Kubasak 2008",
    "et": "Vertebrae",
    "off": 8498,
    "sff": "vertebrae"
  },
  {
    "docID": "N160 Kubasak 2008",
    "et": "T10",
    "off": 26672,
    "sff": "T10"
  },
  {
    "docID": "N160 Kubasak 2008",
    "et": "VertebralArea",
    "off": 8488,
    "sff": "T8 and T9 vertebrae"
  },
  {
    "docID": "N160 Kubasak 2008",
    "et": "VertebralArea",
    "off": 6871,
    "sff": "T8 and T9 vertebrae"
  }
]
