[
  {
    "docID": "N162 Lebedev 2010",
    "et": "T9",
    "off": 583,
    "sff": "T9"
  },
  {
    "docID": "N162 Lebedev 2010",
    "et": "Vertebrae",
    "off": 7875,
    "sff": "vertebrae"
  },
  {
    "docID": "N162 Lebedev 2010",
    "et": "Vertebrae",
    "off": 6059,
    "sff": "vertebrae"
  },
  {
    "docID": "N162 Lebedev 2010",
    "et": "VertebralArea",
    "off": 6469,
    "sff": "Th7 and Th10"
  },
  {
    "docID": "N162 Lebedev 2010",
    "et": "VertebralArea",
    "off": 6069,
    "sff": "Th8 and Th10"
  }
]
