[
  {
    "docID": "N163 Lee 2004",
    "et": "T8",
    "off": 6034,
    "sff": "T8"
  },
  {
    "docID": "N163 Lee 2004",
    "et": "T2",
    "off": 11302,
    "sff": "T2"
  },
  {
    "docID": "N163 Lee 2004",
    "et": "T2",
    "off": 8837,
    "sff": "T2"
  },
  {
    "docID": "N163 Lee 2004",
    "et": "T2",
    "off": 16067,
    "sff": "T2"
  },
  {
    "docID": "N163 Lee 2004",
    "et": "T2",
    "off": 14801,
    "sff": "T2"
  },
  {
    "docID": "N163 Lee 2004",
    "et": "T2",
    "off": 15630,
    "sff": "T2"
  },
  {
    "docID": "N163 Lee 2004",
    "et": "T2",
    "off": 22893,
    "sff": "T2"
  },
  {
    "docID": "N163 Lee 2004",
    "et": "T2",
    "off": 3804,
    "sff": "T2"
  }
]
