[
  {
    "docID": "N166 Li 2011",
    "et": "T8",
    "off": 1387,
    "sff": "T8"
  },
  {
    "docID": "N166 Li 2011",
    "et": "T8",
    "off": 12492,
    "sff": "T8"
  },
  {
    "docID": "N166 Li 2011",
    "et": "T8",
    "off": 21772,
    "sff": "T8"
  },
  {
    "docID": "N166 Li 2011",
    "et": "T8",
    "off": 2017,
    "sff": "T8"
  },
  {
    "docID": "N166 Li 2011",
    "et": "T9",
    "off": 28761,
    "sff": "T9"
  },
  {
    "docID": "N166 Li 2011",
    "et": "L3",
    "off": 11313,
    "sff": "L3"
  },
  {
    "docID": "N166 Li 2011",
    "et": "T10",
    "off": 8186,
    "sff": "T10"
  },
  {
    "docID": "N166 Li 2011",
    "et": "T10",
    "off": 943,
    "sff": "T10"
  },
  {
    "docID": "N166 Li 2011",
    "et": "T10",
    "off": 28764,
    "sff": "T10"
  },
  {
    "docID": "N166 Li 2011",
    "et": "C1",
    "off": 18069,
    "sff": "C1"
  },
  {
    "docID": "N166 Li 2011",
    "et": "C4",
    "off": 28788,
    "sff": "C4"
  },
  {
    "docID": "N166 Li 2011",
    "et": "VertebralArea",
    "off": 28761,
    "sff": "T9–T10"
  }
]
