[
  {
    "docID": "N168 Li 2016",
    "et": "Vertebrae",
    "off": 5557,
    "sff": "vertebrae"
  },
  {
    "docID": "N168 Li 2016",
    "et": "C1",
    "off": 1033,
    "sff": "C1"
  },
  {
    "docID": "N168 Li 2016",
    "et": "C1",
    "off": 2249,
    "sff": "C1"
  },
  {
    "docID": "N168 Li 2016",
    "et": "C1",
    "off": 10649,
    "sff": "C1"
  },
  {
    "docID": "N168 Li 2016",
    "et": "C1",
    "off": 5547,
    "sff": "C1"
  },
  {
    "docID": "N168 Li 2016",
    "et": "C1",
    "off": 18691,
    "sff": "C1"
  },
  {
    "docID": "N168 Li 2016",
    "et": "C1",
    "off": 12049,
    "sff": "C1"
  },
  {
    "docID": "N168 Li 2016",
    "et": "C2",
    "off": 5554,
    "sff": "C2"
  },
  {
    "docID": "N168 Li 2016",
    "et": "VertebralArea",
    "off": 5547,
    "sff": "C1 and C2 vertebrae"
  },
  {
    "docID": "N168 Li 2016",
    "et": "VertebralArea",
    "off": 18691,
    "sff": "C1/2"
  },
  {
    "docID": "N168 Li 2016",
    "et": "VertebralArea",
    "off": 12049,
    "sff": "C1/2"
  },
  {
    "docID": "N168 Li 2016",
    "et": "VertebralArea",
    "off": 1033,
    "sff": "C1/2"
  },
  {
    "docID": "N168 Li 2016",
    "et": "VertebralArea",
    "off": 2249,
    "sff": "C1/2"
  },
  {
    "docID": "N168 Li 2016",
    "et": "VertebralArea",
    "off": 10649,
    "sff": "C1/2"
  }
]
