[
  {
    "docID": "N171 L+¦pez Vales 2007",
    "et": "T6",
    "off": 11740,
    "sff": "T6"
  },
  {
    "docID": "N171 L+¦pez Vales 2007",
    "et": "T6",
    "off": 13088,
    "sff": "T6"
  },
  {
    "docID": "N171 L+¦pez Vales 2007",
    "et": "T6",
    "off": 11958,
    "sff": "T6"
  },
  {
    "docID": "N171 L+¦pez Vales 2007",
    "et": "T8",
    "off": 6796,
    "sff": "T8"
  },
  {
    "docID": "N171 L+¦pez Vales 2007",
    "et": "T8",
    "off": 6873,
    "sff": "T8"
  },
  {
    "docID": "N171 L+¦pez Vales 2007",
    "et": "L5",
    "off": 11990,
    "sff": "L5"
  },
  {
    "docID": "N171 L+¦pez Vales 2007",
    "et": "L5",
    "off": 11751,
    "sff": "L5"
  },
  {
    "docID": "N171 L+¦pez Vales 2007",
    "et": "L5",
    "off": 23175,
    "sff": "L5"
  },
  {
    "docID": "N171 L+¦pez Vales 2007",
    "et": "L5",
    "off": 1315,
    "sff": "L5"
  },
  {
    "docID": "N171 L+¦pez Vales 2007",
    "et": "L5",
    "off": 17113,
    "sff": "L5"
  },
  {
    "docID": "N171 L+¦pez Vales 2007",
    "et": "T10",
    "off": 11743,
    "sff": "T10"
  },
  {
    "docID": "N171 L+¦pez Vales 2007",
    "et": "VertebralArea",
    "off": 11740,
    "sff": "T6-T10"
  },
  {
    "docID": "N171 L+¦pez Vales 2007",
    "et": "VertebralArea",
    "off": 11743,
    "sff": "T10 and L5"
  }
]
