[
  {
    "docID": "N172 L+¦pez-Vales 2004",
    "et": "T7",
    "off": 14332,
    "sff": "T7"
  },
  {
    "docID": "N172 L+¦pez-Vales 2004",
    "et": "T7",
    "off": 28087,
    "sff": "T7"
  },
  {
    "docID": "N172 L+¦pez-Vales 2004",
    "et": "T8",
    "off": 13900,
    "sff": "T8"
  },
  {
    "docID": "N172 L+¦pez-Vales 2004",
    "et": "T8",
    "off": 8330,
    "sff": "T8"
  },
  {
    "docID": "N172 L+¦pez-Vales 2004",
    "et": "T8",
    "off": 14336,
    "sff": "T8"
  },
  {
    "docID": "N172 L+¦pez-Vales 2004",
    "et": "T8",
    "off": 23118,
    "sff": "T8"
  },
  {
    "docID": "N172 L+¦pez-Vales 2004",
    "et": "T8",
    "off": 24098,
    "sff": "T8"
  },
  {
    "docID": "N172 L+¦pez-Vales 2004",
    "et": "T8",
    "off": 27522,
    "sff": "T8"
  },
  {
    "docID": "N172 L+¦pez-Vales 2004",
    "et": "T9",
    "off": 28528,
    "sff": "T9"
  },
  {
    "docID": "N172 L+¦pez-Vales 2004",
    "et": "T9",
    "off": 14343,
    "sff": "T9"
  },
  {
    "docID": "N172 L+¦pez-Vales 2004",
    "et": "Vertebrae",
    "off": 14346,
    "sff": "vertebrae"
  },
  {
    "docID": "N172 L+¦pez-Vales 2004",
    "et": "Vertebrae",
    "off": 8255,
    "sff": "vertebrae"
  },
  {
    "docID": "N172 L+¦pez-Vales 2004",
    "et": "VertebralArea",
    "off": 6610,
    "sff": "C-6295"
  },
  {
    "docID": "N172 L+¦pez-Vales 2004",
    "et": "VertebralArea",
    "off": 14336,
    "sff": "T8 and T9 vertebrae"
  },
  {
    "docID": "N172 L+¦pez-Vales 2004",
    "et": "VertebralArea",
    "off": 14916,
    "sff": "L0651"
  }
]
