[
  {
    "docID": "N173 L+¦pez-Vales 2006",
    "et": "T6",
    "off": 14967,
    "sff": "T6"
  },
  {
    "docID": "N173 L+¦pez-Vales 2006",
    "et": "T8",
    "off": 8564,
    "sff": "T8"
  },
  {
    "docID": "N173 L+¦pez-Vales 2006",
    "et": "T8",
    "off": 19965,
    "sff": "T8"
  },
  {
    "docID": "N173 L+¦pez-Vales 2006",
    "et": "T8",
    "off": 9258,
    "sff": "T8"
  },
  {
    "docID": "N173 L+¦pez-Vales 2006",
    "et": "T8",
    "off": 9336,
    "sff": "T8"
  },
  {
    "docID": "N173 L+¦pez-Vales 2006",
    "et": "T9",
    "off": 9262,
    "sff": "T9"
  },
  {
    "docID": "N173 L+¦pez-Vales 2006",
    "et": "T10",
    "off": 14970,
    "sff": "T10"
  },
  {
    "docID": "N173 L+¦pez-Vales 2006",
    "et": "VertebralArea",
    "off": 7636,
    "sff": "C-6295"
  },
  {
    "docID": "N173 L+¦pez-Vales 2006",
    "et": "VertebralArea",
    "off": 14967,
    "sff": "T6-T10"
  }
]
