[
  {
    "docID": "N174 L+¦pez-Vales 2006 3",
    "et": "T6",
    "off": 12479,
    "sff": "T6"
  },
  {
    "docID": "N174 L+¦pez-Vales 2006 3",
    "et": "T8",
    "off": 759,
    "sff": "T8"
  },
  {
    "docID": "N174 L+¦pez-Vales 2006 3",
    "et": "T8",
    "off": 7553,
    "sff": "T8"
  },
  {
    "docID": "N174 L+¦pez-Vales 2006 3",
    "et": "T8",
    "off": 7628,
    "sff": "T8"
  },
  {
    "docID": "N174 L+¦pez-Vales 2006 3",
    "et": "L1",
    "off": 12500,
    "sff": "L1"
  },
  {
    "docID": "N174 L+¦pez-Vales 2006 3",
    "et": "T9",
    "off": 7556,
    "sff": "T9"
  },
  {
    "docID": "N174 L+¦pez-Vales 2006 3",
    "et": "T11",
    "off": 19587,
    "sff": "T11"
  },
  {
    "docID": "N174 L+¦pez-Vales 2006 3",
    "et": "T10",
    "off": 12482,
    "sff": "T10"
  },
  {
    "docID": "N174 L+¦pez-Vales 2006 3",
    "et": "T10",
    "off": 12487,
    "sff": "T10"
  },
  {
    "docID": "N174 L+¦pez-Vales 2006 3",
    "et": "T13",
    "off": 12491,
    "sff": "T13"
  },
  {
    "docID": "N174 L+¦pez-Vales 2006 3",
    "et": "VertebralArea",
    "off": 7553,
    "sff": "T8–T9"
  },
  {
    "docID": "N174 L+¦pez-Vales 2006 3",
    "et": "VertebralArea",
    "off": 12487,
    "sff": "T10–T13"
  },
  {
    "docID": "N174 L+¦pez-Vales 2006 3",
    "et": "VertebralArea",
    "off": 12479,
    "sff": "T6–T10"
  }
]
