[
  {
    "docID": "N175 L+¦pez-Vales2006 2",
    "et": "T8",
    "off": 7000,
    "sff": "T8"
  },
  {
    "docID": "N175 L+¦pez-Vales2006 2",
    "et": "T8",
    "off": 10520,
    "sff": "T8"
  },
  {
    "docID": "N175 L+¦pez-Vales2006 2",
    "et": "T8",
    "off": 896,
    "sff": "T8"
  },
  {
    "docID": "N175 L+¦pez-Vales2006 2",
    "et": "T8",
    "off": 3919,
    "sff": "T8"
  },
  {
    "docID": "N175 L+¦pez-Vales2006 2",
    "et": "VertebralArea",
    "off": 7659,
    "sff": "L0651"
  }
]
