[
  {
    "docID": "N176 Lu 2006",
    "et": "C4",
    "off": 9991,
    "sff": "C4"
  },
  {
    "docID": "N176 Lu 2006",
    "et": "C4",
    "off": 777,
    "sff": "C4"
  },
  {
    "docID": "N176 Lu 2006",
    "et": "C4",
    "off": 28969,
    "sff": "C4"
  },
  {
    "docID": "N176 Lu 2006",
    "et": "C4",
    "off": 36110,
    "sff": "C4"
  },
  {
    "docID": "N176 Lu 2006",
    "et": "C4",
    "off": 13776,
    "sff": "C4"
  },
  {
    "docID": "N176 Lu 2006",
    "et": "C4",
    "off": 14241,
    "sff": "C4"
  }
]
