[
  {
    "docID": "N182 Moon 2006",
    "et": "T8",
    "off": 42216,
    "sff": "T8"
  },
  {
    "docID": "N182 Moon 2006",
    "et": "T8",
    "off": 8119,
    "sff": "T8"
  },
  {
    "docID": "N182 Moon 2006",
    "et": "L3",
    "off": 41977,
    "sff": "L3"
  },
  {
    "docID": "N182 Moon 2006",
    "et": "L3",
    "off": 42125,
    "sff": "L3"
  },
  {
    "docID": "N182 Moon 2006",
    "et": "Vertebrae",
    "off": 8021,
    "sff": "vertebrae"
  },
  {
    "docID": "N182 Moon 2006",
    "et": "T10",
    "off": 9155,
    "sff": "T10"
  },
  {
    "docID": "N182 Moon 2006",
    "et": "T10",
    "off": 8125,
    "sff": "T10"
  },
  {
    "docID": "N182 Moon 2006",
    "et": "T10",
    "off": 8303,
    "sff": "T10"
  },
  {
    "docID": "N182 Moon 2006",
    "et": "T10",
    "off": 42219,
    "sff": "T10"
  },
  {
    "docID": "N182 Moon 2006",
    "et": "T10",
    "off": 8469,
    "sff": "T10"
  },
  {
    "docID": "N182 Moon 2006",
    "et": "VertebralArea",
    "off": 8469,
    "sff": "T10"
  },
  {
    "docID": "N182 Moon 2006",
    "et": "VertebralArea",
    "off": 42125,
    "sff": "L3-L6"
  },
  {
    "docID": "N182 Moon 2006",
    "et": "VertebralArea",
    "off": 42216,
    "sff": "T8-T10"
  },
  {
    "docID": "N182 Moon 2006",
    "et": "VertebralArea",
    "off": 9155,
    "sff": "T10"
  },
  {
    "docID": "N182 Moon 2006",
    "et": "VertebralArea",
    "off": 41977,
    "sff": "L3-L6"
  },
  {
    "docID": "N182 Moon 2006",
    "et": "VertebralArea",
    "off": 8125,
    "sff": "T10"
  },
  {
    "docID": "N182 Moon 2006",
    "et": "VertebralArea",
    "off": 8303,
    "sff": "T10"
  }
]
