[
  {
    "docID": "N184 Moriwaki 2014",
    "et": "T6",
    "off": 5850,
    "sff": "T6"
  },
  {
    "docID": "N184 Moriwaki 2014",
    "et": "T6",
    "off": 936,
    "sff": "T6"
  },
  {
    "docID": "N184 Moriwaki 2014",
    "et": "T6",
    "off": 5792,
    "sff": "T6"
  },
  {
    "docID": "N184 Moriwaki 2014",
    "et": "T6",
    "off": 11011,
    "sff": "T6"
  },
  {
    "docID": "N184 Moriwaki 2014",
    "et": "T7",
    "off": 5853,
    "sff": "T7"
  },
  {
    "docID": "N184 Moriwaki 2014",
    "et": "T7",
    "off": 939,
    "sff": "T7"
  },
  {
    "docID": "N184 Moriwaki 2014",
    "et": "T7",
    "off": 11014,
    "sff": "T7"
  },
  {
    "docID": "N184 Moriwaki 2014",
    "et": "T7",
    "off": 5796,
    "sff": "T7"
  },
  {
    "docID": "N184 Moriwaki 2014",
    "et": "L1",
    "off": 1237,
    "sff": "L1"
  },
  {
    "docID": "N184 Moriwaki 2014",
    "et": "L1",
    "off": 10289,
    "sff": "L1"
  },
  {
    "docID": "N184 Moriwaki 2014",
    "et": "L1",
    "off": 10366,
    "sff": "L1"
  },
  {
    "docID": "N184 Moriwaki 2014",
    "et": "L1",
    "off": 10442,
    "sff": "L1"
  },
  {
    "docID": "N184 Moriwaki 2014",
    "et": "L2",
    "off": 10292,
    "sff": "L2"
  },
  {
    "docID": "N184 Moriwaki 2014",
    "et": "L2",
    "off": 10369,
    "sff": "L2"
  },
  {
    "docID": "N184 Moriwaki 2014",
    "et": "L2",
    "off": 1240,
    "sff": "L2"
  },
  {
    "docID": "N184 Moriwaki 2014",
    "et": "VertebralArea",
    "off": 936,
    "sff": "T6–T7"
  },
  {
    "docID": "N184 Moriwaki 2014",
    "et": "VertebralArea",
    "off": 5850,
    "sff": "T6–T7"
  },
  {
    "docID": "N184 Moriwaki 2014",
    "et": "VertebralArea",
    "off": 10366,
    "sff": "L1–L2"
  },
  {
    "docID": "N184 Moriwaki 2014",
    "et": "VertebralArea",
    "off": 10289,
    "sff": "L1–L2"
  },
  {
    "docID": "N184 Moriwaki 2014",
    "et": "VertebralArea",
    "off": 1237,
    "sff": "L1–L2"
  },
  {
    "docID": "N184 Moriwaki 2014",
    "et": "VertebralArea",
    "off": 11011,
    "sff": "T6–T7"
  }
]
