[
  {
    "docID": "N185 Munoz-Quiles 2009",
    "et": "T6",
    "off": 11210,
    "sff": "T6"
  },
  {
    "docID": "N185 Munoz-Quiles 2009",
    "et": "T8",
    "off": 5298,
    "sff": "T8"
  },
  {
    "docID": "N185 Munoz-Quiles 2009",
    "et": "T9",
    "off": 5304,
    "sff": "T9"
  },
  {
    "docID": "N185 Munoz-Quiles 2009",
    "et": "Vertebrae",
    "off": 6889,
    "sff": "vertebrae"
  },
  {
    "docID": "N185 Munoz-Quiles 2009",
    "et": "Vertebrae",
    "off": 17032,
    "sff": "vertebrae"
  },
  {
    "docID": "N185 Munoz-Quiles 2009",
    "et": "T10",
    "off": 11216,
    "sff": "T10"
  }
]
