[
  {
    "docID": "N187 Nash 2002",
    "et": "C2",
    "off": 8415,
    "sff": "C2"
  },
  {
    "docID": "N187 Nash 2002",
    "et": "C3",
    "off": 21208,
    "sff": "C3"
  },
  {
    "docID": "N187 Nash 2002",
    "et": "C3",
    "off": 18935,
    "sff": "C3"
  },
  {
    "docID": "N187 Nash 2002",
    "et": "C4",
    "off": 8422,
    "sff": "C4"
  },
  {
    "docID": "N187 Nash 2002",
    "et": "VertebralArea",
    "off": 8415,
    "sff": "C2 and C4"
  },
  {
    "docID": "N187 Nash 2002",
    "et": "T1",
    "off": 18890,
    "sff": "T1"
  }
]
