[
  {
    "docID": "N189 Novikova 2011",
    "et": "L1",
    "off": 17216,
    "sff": "L1"
  },
  {
    "docID": "N189 Novikova 2011",
    "et": "C2",
    "off": 22567,
    "sff": "C2"
  },
  {
    "docID": "N189 Novikova 2011",
    "et": "C2",
    "off": 22750,
    "sff": "C2"
  },
  {
    "docID": "N189 Novikova 2011",
    "et": "C2",
    "off": 32416,
    "sff": "C2"
  },
  {
    "docID": "N189 Novikova 2011",
    "et": "C3",
    "off": 19065,
    "sff": "C3"
  },
  {
    "docID": "N189 Novikova 2011",
    "et": "C3",
    "off": 19195,
    "sff": "C3"
  },
  {
    "docID": "N189 Novikova 2011",
    "et": "C3",
    "off": 19942,
    "sff": "C3"
  },
  {
    "docID": "N189 Novikova 2011",
    "et": "C4",
    "off": 1165,
    "sff": "C4"
  },
  {
    "docID": "N189 Novikova 2011",
    "et": "C4",
    "off": 19994,
    "sff": "C4"
  },
  {
    "docID": "N189 Novikova 2011",
    "et": "C4",
    "off": 15104,
    "sff": "C4"
  },
  {
    "docID": "N189 Novikova 2011",
    "et": "C4",
    "off": 31858,
    "sff": "C4"
  },
  {
    "docID": "N189 Novikova 2011",
    "et": "C5",
    "off": 19068,
    "sff": "C5"
  },
  {
    "docID": "N189 Novikova 2011",
    "et": "C5",
    "off": 19997,
    "sff": "C5"
  },
  {
    "docID": "N189 Novikova 2011",
    "et": "C5",
    "off": 19198,
    "sff": "C5"
  },
  {
    "docID": "N189 Novikova 2011",
    "et": "VertebralArea",
    "off": 19065,
    "sff": "C3–C5"
  },
  {
    "docID": "N189 Novikova 2011",
    "et": "VertebralArea",
    "off": 19195,
    "sff": "C3–C5"
  },
  {
    "docID": "N189 Novikova 2011",
    "et": "VertebralArea",
    "off": 19994,
    "sff": "C4–C5"
  }
]
