[
  {
    "docID": "N190 Pearse 2004",
    "et": "T6",
    "off": 9506,
    "sff": "T6"
  },
  {
    "docID": "N190 Pearse 2004",
    "et": "T8",
    "off": 9349,
    "sff": "T8"
  },
  {
    "docID": "N190 Pearse 2004",
    "et": "T9",
    "off": 9410,
    "sff": "T9"
  },
  {
    "docID": "N190 Pearse 2004",
    "et": "Vertebrae",
    "off": 13638,
    "sff": "vertebrae"
  },
  {
    "docID": "N190 Pearse 2004",
    "et": "Vertebrae",
    "off": 9493,
    "sff": "vertebrae"
  },
  {
    "docID": "N190 Pearse 2004",
    "et": "T11",
    "off": 13656,
    "sff": "T11"
  },
  {
    "docID": "N190 Pearse 2004",
    "et": "T10",
    "off": 13648,
    "sff": "T10"
  },
  {
    "docID": "N190 Pearse 2004",
    "et": "T12",
    "off": 9513,
    "sff": "T12"
  },
  {
    "docID": "N190 Pearse 2004",
    "et": "VertebralArea",
    "off": 30015,
    "sff": "T8Ð10"
  },
  {
    "docID": "N190 Pearse 2004",
    "et": "VertebralArea",
    "off": 11468,
    "sff": "10"
  },
  {
    "docID": "N190 Pearse 2004",
    "et": "VertebralArea",
    "off": 17277,
    "sff": "T8Ð10"
  },
  {
    "docID": "N190 Pearse 2004",
    "et": "VertebralArea",
    "off": 15580,
    "sff": "T8Ð10"
  },
  {
    "docID": "N190 Pearse 2004",
    "et": "VertebralArea",
    "off": 9506,
    "sff": "T6 and T12"
  },
  {
    "docID": "N190 Pearse 2004",
    "et": "VertebralArea",
    "off": 14280,
    "sff": "T8Ð10"
  },
  {
    "docID": "N190 Pearse 2004",
    "et": "VertebralArea",
    "off": 11525,
    "sff": "10"
  },
  {
    "docID": "N190 Pearse 2004",
    "et": "VertebralArea",
    "off": 13648,
    "sff": "T10 and T11"
  },
  {
    "docID": "N190 Pearse 2004",
    "et": "VertebralArea",
    "off": 17138,
    "sff": "T8Ð10"
  }
]
