[
  {
    "docID": "N191 Pearse 2007",
    "et": "T7",
    "off": 15494,
    "sff": "T7"
  },
  {
    "docID": "N191 Pearse 2007",
    "et": "T8",
    "off": 24783,
    "sff": "T8"
  },
  {
    "docID": "N191 Pearse 2007",
    "et": "T8",
    "off": 10934,
    "sff": "T8"
  },
  {
    "docID": "N191 Pearse 2007",
    "et": "L1",
    "off": 5633,
    "sff": "L1"
  },
  {
    "docID": "N191 Pearse 2007",
    "et": "L1",
    "off": 91245,
    "sff": "L1"
  },
  {
    "docID": "N191 Pearse 2007",
    "et": "T9",
    "off": 10995,
    "sff": "T9"
  },
  {
    "docID": "N191 Pearse 2007",
    "et": "L5",
    "off": 25875,
    "sff": "L5"
  },
  {
    "docID": "N191 Pearse 2007",
    "et": "C2",
    "off": 25869,
    "sff": "C2"
  },
  {
    "docID": "N191 Pearse 2007",
    "et": "VertebralArea",
    "off": 15494,
    "sff": "T7-11"
  },
  {
    "docID": "N191 Pearse 2007",
    "et": "VertebralArea",
    "off": 24783,
    "sff": "T8–10"
  }
]
