[
  {
    "docID": "N192 Polentes 2004",
    "et": "T5",
    "off": 41101,
    "sff": "T5"
  },
  {
    "docID": "N192 Polentes 2004",
    "et": "T5",
    "off": 41433,
    "sff": "T5"
  },
  {
    "docID": "N192 Polentes 2004",
    "et": "T5",
    "off": 45478,
    "sff": "T5"
  },
  {
    "docID": "N192 Polentes 2004",
    "et": "T6",
    "off": 41502,
    "sff": "T6"
  },
  {
    "docID": "N192 Polentes 2004",
    "et": "T7",
    "off": 41505,
    "sff": "T7"
  },
  {
    "docID": "N192 Polentes 2004",
    "et": "T8",
    "off": 33858,
    "sff": "T8"
  },
  {
    "docID": "N192 Polentes 2004",
    "et": "T8",
    "off": 34144,
    "sff": "T8"
  },
  {
    "docID": "N192 Polentes 2004",
    "et": "T8",
    "off": 44359,
    "sff": "T8"
  },
  {
    "docID": "N192 Polentes 2004",
    "et": "T8",
    "off": 49447,
    "sff": "T8"
  },
  {
    "docID": "N192 Polentes 2004",
    "et": "T8",
    "off": 41674,
    "sff": "T8"
  },
  {
    "docID": "N192 Polentes 2004",
    "et": "T8",
    "off": 41965,
    "sff": "T8"
  },
  {
    "docID": "N192 Polentes 2004",
    "et": "T8",
    "off": 49603,
    "sff": "T8"
  },
  {
    "docID": "N192 Polentes 2004",
    "et": "C1",
    "off": 17673,
    "sff": "C1"
  },
  {
    "docID": "N192 Polentes 2004",
    "et": "C1",
    "off": 32521,
    "sff": "C1"
  },
  {
    "docID": "N192 Polentes 2004",
    "et": "C1",
    "off": 45833,
    "sff": "C1"
  },
  {
    "docID": "N192 Polentes 2004",
    "et": "C1",
    "off": 14856,
    "sff": "C1"
  },
  {
    "docID": "N192 Polentes 2004",
    "et": "C1",
    "off": 49672,
    "sff": "C1"
  },
  {
    "docID": "N192 Polentes 2004",
    "et": "C1",
    "off": 59908,
    "sff": "C1"
  },
  {
    "docID": "N192 Polentes 2004",
    "et": "C1",
    "off": 28947,
    "sff": "C1"
  },
  {
    "docID": "N192 Polentes 2004",
    "et": "C1",
    "off": 62611,
    "sff": "C1"
  },
  {
    "docID": "N192 Polentes 2004",
    "et": "C1",
    "off": 61196,
    "sff": "C1"
  },
  {
    "docID": "N192 Polentes 2004",
    "et": "C1",
    "off": 52366,
    "sff": "C1"
  },
  {
    "docID": "N192 Polentes 2004",
    "et": "C1",
    "off": 63374,
    "sff": "C1"
  },
  {
    "docID": "N192 Polentes 2004",
    "et": "C1",
    "off": 51224,
    "sff": "C1"
  },
  {
    "docID": "N192 Polentes 2004",
    "et": "C1",
    "off": 67227,
    "sff": "C1"
  },
  {
    "docID": "N192 Polentes 2004",
    "et": "C1",
    "off": 38165,
    "sff": "C1"
  },
  {
    "docID": "N192 Polentes 2004",
    "et": "C1",
    "off": 35092,
    "sff": "C1"
  },
  {
    "docID": "N192 Polentes 2004",
    "et": "C1",
    "off": 50838,
    "sff": "C1"
  },
  {
    "docID": "N192 Polentes 2004",
    "et": "C1",
    "off": 18973,
    "sff": "C1"
  },
  {
    "docID": "N192 Polentes 2004",
    "et": "C1",
    "off": 49181,
    "sff": "C1"
  },
  {
    "docID": "N192 Polentes 2004",
    "et": "C1",
    "off": 36252,
    "sff": "C1"
  },
  {
    "docID": "N192 Polentes 2004",
    "et": "C1",
    "off": 31263,
    "sff": "C1"
  },
  {
    "docID": "N192 Polentes 2004",
    "et": "C1",
    "off": 48798,
    "sff": "C1"
  },
  {
    "docID": "N192 Polentes 2004",
    "et": "C1",
    "off": 30250,
    "sff": "C1"
  },
  {
    "docID": "N192 Polentes 2004",
    "et": "C1",
    "off": 44964,
    "sff": "C1"
  },
  {
    "docID": "N192 Polentes 2004",
    "et": "C1",
    "off": 32167,
    "sff": "C1"
  },
  {
    "docID": "N192 Polentes 2004",
    "et": "C1",
    "off": 32934,
    "sff": "C1"
  },
  {
    "docID": "N192 Polentes 2004",
    "et": "C1",
    "off": 32049,
    "sff": "C1"
  },
  {
    "docID": "N192 Polentes 2004",
    "et": "C1",
    "off": 28851,
    "sff": "C1"
  },
  {
    "docID": "N192 Polentes 2004",
    "et": "C1",
    "off": 48686,
    "sff": "C1"
  },
  {
    "docID": "N192 Polentes 2004",
    "et": "C1",
    "off": 49975,
    "sff": "C1"
  },
  {
    "docID": "N192 Polentes 2004",
    "et": "C1",
    "off": 34620,
    "sff": "C1"
  },
  {
    "docID": "N192 Polentes 2004",
    "et": "C1",
    "off": 43068,
    "sff": "C1"
  },
  {
    "docID": "N192 Polentes 2004",
    "et": "C1",
    "off": 51134,
    "sff": "C1"
  },
  {
    "docID": "N192 Polentes 2004",
    "et": "C1",
    "off": 29769,
    "sff": "C1"
  },
  {
    "docID": "N192 Polentes 2004",
    "et": "C1",
    "off": 59723,
    "sff": "C1"
  },
  {
    "docID": "N192 Polentes 2004",
    "et": "C1",
    "off": 48842,
    "sff": "C1"
  },
  {
    "docID": "N192 Polentes 2004",
    "et": "C1",
    "off": 32593,
    "sff": "C1"
  },
  {
    "docID": "N192 Polentes 2004",
    "et": "C1",
    "off": 44883,
    "sff": "C1"
  },
  {
    "docID": "N192 Polentes 2004",
    "et": "C1",
    "off": 46931,
    "sff": "C1"
  },
  {
    "docID": "N192 Polentes 2004",
    "et": "C1",
    "off": 43981,
    "sff": "C1"
  },
  {
    "docID": "N192 Polentes 2004",
    "et": "C1",
    "off": 46413,
    "sff": "C1"
  },
  {
    "docID": "N192 Polentes 2004",
    "et": "C1",
    "off": 53964,
    "sff": "C1"
  },
  {
    "docID": "N192 Polentes 2004",
    "et": "C1",
    "off": 17108,
    "sff": "C1"
  },
  {
    "docID": "N192 Polentes 2004",
    "et": "C1",
    "off": 29652,
    "sff": "C1"
  },
  {
    "docID": "N192 Polentes 2004",
    "et": "C1",
    "off": 49761,
    "sff": "C1"
  },
  {
    "docID": "N192 Polentes 2004",
    "et": "C1",
    "off": 34784,
    "sff": "C1"
  },
  {
    "docID": "N192 Polentes 2004",
    "et": "C1",
    "off": 45539,
    "sff": "C1"
  },
  {
    "docID": "N192 Polentes 2004",
    "et": "C1",
    "off": 61667,
    "sff": "C1"
  },
  {
    "docID": "N192 Polentes 2004",
    "et": "C1",
    "off": 50783,
    "sff": "C1"
  },
  {
    "docID": "N192 Polentes 2004",
    "et": "C1",
    "off": 25577,
    "sff": "C1"
  },
  {
    "docID": "N192 Polentes 2004",
    "et": "C1",
    "off": 38120,
    "sff": "C1"
  },
  {
    "docID": "N192 Polentes 2004",
    "et": "C1",
    "off": 64497,
    "sff": "C1"
  },
  {
    "docID": "N192 Polentes 2004",
    "et": "C1",
    "off": 32364,
    "sff": "C1"
  },
  {
    "docID": "N192 Polentes 2004",
    "et": "C1",
    "off": 55407,
    "sff": "C1"
  },
  {
    "docID": "N192 Polentes 2004",
    "et": "C1",
    "off": 55800,
    "sff": "C1"
  },
  {
    "docID": "N192 Polentes 2004",
    "et": "C1",
    "off": 31099,
    "sff": "C1"
  },
  {
    "docID": "N192 Polentes 2004",
    "et": "C1",
    "off": 48762,
    "sff": "C1"
  },
  {
    "docID": "N192 Polentes 2004",
    "et": "C1",
    "off": 29941,
    "sff": "C1"
  },
  {
    "docID": "N192 Polentes 2004",
    "et": "C1",
    "off": 1014,
    "sff": "C1"
  },
  {
    "docID": "N192 Polentes 2004",
    "et": "C1",
    "off": 33654,
    "sff": "C1"
  },
  {
    "docID": "N192 Polentes 2004",
    "et": "C1",
    "off": 64630,
    "sff": "C1"
  },
  {
    "docID": "N192 Polentes 2004",
    "et": "C1",
    "off": 45564,
    "sff": "C1"
  },
  {
    "docID": "N192 Polentes 2004",
    "et": "C1",
    "off": 49534,
    "sff": "C1"
  },
  {
    "docID": "N192 Polentes 2004",
    "et": "C2",
    "off": 26120,
    "sff": "C2"
  },
  {
    "docID": "N192 Polentes 2004",
    "et": "C2",
    "off": 54155,
    "sff": "C2"
  },
  {
    "docID": "N192 Polentes 2004",
    "et": "C2",
    "off": 51176,
    "sff": "C2"
  },
  {
    "docID": "N192 Polentes 2004",
    "et": "C2",
    "off": 59977,
    "sff": "C2"
  },
  {
    "docID": "N192 Polentes 2004",
    "et": "C2",
    "off": 10500,
    "sff": "C2"
  },
  {
    "docID": "N192 Polentes 2004",
    "et": "C2",
    "off": 28561,
    "sff": "C2"
  },
  {
    "docID": "N192 Polentes 2004",
    "et": "C2",
    "off": 46448,
    "sff": "C2"
  },
  {
    "docID": "N192 Polentes 2004",
    "et": "C2",
    "off": 34674,
    "sff": "C2"
  },
  {
    "docID": "N192 Polentes 2004",
    "et": "C2",
    "off": 10764,
    "sff": "C2"
  },
  {
    "docID": "N192 Polentes 2004",
    "et": "C2",
    "off": 25580,
    "sff": "C2"
  },
  {
    "docID": "N192 Polentes 2004",
    "et": "C2",
    "off": 53068,
    "sff": "C2"
  },
  {
    "docID": "N192 Polentes 2004",
    "et": "C2",
    "off": 24174,
    "sff": "C2"
  },
  {
    "docID": "N192 Polentes 2004",
    "et": "C2",
    "off": 30809,
    "sff": "C2"
  },
  {
    "docID": "N192 Polentes 2004",
    "et": "C2",
    "off": 38168,
    "sff": "C2"
  },
  {
    "docID": "N192 Polentes 2004",
    "et": "C2",
    "off": 50715,
    "sff": "C2"
  },
  {
    "docID": "N192 Polentes 2004",
    "et": "C2",
    "off": 10720,
    "sff": "C2"
  },
  {
    "docID": "N192 Polentes 2004",
    "et": "C2",
    "off": 27808,
    "sff": "C2"
  },
  {
    "docID": "N192 Polentes 2004",
    "et": "C2",
    "off": 33533,
    "sff": "C2"
  },
  {
    "docID": "N192 Polentes 2004",
    "et": "C2",
    "off": 61951,
    "sff": "C2"
  },
  {
    "docID": "N192 Polentes 2004",
    "et": "C2",
    "off": 52733,
    "sff": "C2"
  },
  {
    "docID": "N192 Polentes 2004",
    "et": "C3",
    "off": 10968,
    "sff": "C3"
  },
  {
    "docID": "N192 Polentes 2004",
    "et": "C3",
    "off": 61979,
    "sff": "C3"
  },
  {
    "docID": "N192 Polentes 2004",
    "et": "C3",
    "off": 23878,
    "sff": "C3"
  },
  {
    "docID": "N192 Polentes 2004",
    "et": "C3",
    "off": 64531,
    "sff": "C3"
  },
  {
    "docID": "N192 Polentes 2004",
    "et": "C3",
    "off": 10723,
    "sff": "C3"
  },
  {
    "docID": "N192 Polentes 2004",
    "et": "C3",
    "off": 60206,
    "sff": "C3"
  },
  {
    "docID": "N192 Polentes 2004",
    "et": "C4",
    "off": 14499,
    "sff": "C4"
  },
  {
    "docID": "N192 Polentes 2004",
    "et": "C6",
    "off": 10971,
    "sff": "C6"
  },
  {
    "docID": "N192 Polentes 2004",
    "et": "C6",
    "off": 14859,
    "sff": "C6"
  },
  {
    "docID": "N192 Polentes 2004",
    "et": "C6",
    "off": 64636,
    "sff": "C6"
  },
  {
    "docID": "N192 Polentes 2004",
    "et": "C6",
    "off": 23881,
    "sff": "C6"
  },
  {
    "docID": "N192 Polentes 2004",
    "et": "C6",
    "off": 45545,
    "sff": "C6"
  },
  {
    "docID": "N192 Polentes 2004",
    "et": "VertebralArea",
    "off": 38165,
    "sff": "C1/C2"
  },
  {
    "docID": "N192 Polentes 2004",
    "et": "VertebralArea",
    "off": 41209,
    "sff": "T1–T3"
  },
  {
    "docID": "N192 Polentes 2004",
    "et": "VertebralArea",
    "off": 46026,
    "sff": "T1–7"
  },
  {
    "docID": "N192 Polentes 2004",
    "et": "VertebralArea",
    "off": 41502,
    "sff": "T6–T7"
  },
  {
    "docID": "N192 Polentes 2004",
    "et": "VertebralArea",
    "off": 23878,
    "sff": "C3–C6"
  },
  {
    "docID": "N192 Polentes 2004",
    "et": "VertebralArea",
    "off": 10968,
    "sff": "C3–C6"
  },
  {
    "docID": "N192 Polentes 2004",
    "et": "VertebralArea",
    "off": 14856,
    "sff": "C1–C6"
  },
  {
    "docID": "N192 Polentes 2004",
    "et": "VertebralArea",
    "off": 10720,
    "sff": "C2–C3"
  },
  {
    "docID": "N192 Polentes 2004",
    "et": "VertebralArea",
    "off": 25577,
    "sff": "C1/C2"
  },
  {
    "docID": "N192 Polentes 2004",
    "et": "VertebralArea",
    "off": 41098,
    "sff": "T1–T5"
  },
  {
    "docID": "N192 Polentes 2004",
    "et": "VertebralArea",
    "off": 41426,
    "sff": "T4 and T5"
  },
  {
    "docID": "N192 Polentes 2004",
    "et": "VertebralArea",
    "off": 49440,
    "sff": "T4 and T8"
  },
  {
    "docID": "N192 Polentes 2004",
    "et": "T1",
    "off": 34716,
    "sff": "T1"
  },
  {
    "docID": "N192 Polentes 2004",
    "et": "T1",
    "off": 41209,
    "sff": "T1"
  },
  {
    "docID": "N192 Polentes 2004",
    "et": "T1",
    "off": 41098,
    "sff": "T1"
  },
  {
    "docID": "N192 Polentes 2004",
    "et": "T1",
    "off": 46026,
    "sff": "T1"
  },
  {
    "docID": "N192 Polentes 2004",
    "et": "T1",
    "off": 34452,
    "sff": "T1"
  },
  {
    "docID": "N192 Polentes 2004",
    "et": "T1",
    "off": 45399,
    "sff": "T1"
  },
  {
    "docID": "N192 Polentes 2004",
    "et": "T2",
    "off": 30735,
    "sff": "T2"
  },
  {
    "docID": "N192 Polentes 2004",
    "et": "T3",
    "off": 41212,
    "sff": "T3"
  },
  {
    "docID": "N192 Polentes 2004",
    "et": "T3",
    "off": 51016,
    "sff": "T3"
  },
  {
    "docID": "N192 Polentes 2004",
    "et": "T3",
    "off": 27115,
    "sff": "T3"
  },
  {
    "docID": "N192 Polentes 2004",
    "et": "T3",
    "off": 45451,
    "sff": "T3"
  },
  {
    "docID": "N192 Polentes 2004",
    "et": "T4",
    "off": 33954,
    "sff": "T4"
  },
  {
    "docID": "N192 Polentes 2004",
    "et": "T4",
    "off": 41426,
    "sff": "T4"
  },
  {
    "docID": "N192 Polentes 2004",
    "et": "T4",
    "off": 46130,
    "sff": "T4"
  },
  {
    "docID": "N192 Polentes 2004",
    "et": "T4",
    "off": 49440,
    "sff": "T4"
  },
  {
    "docID": "N192 Polentes 2004",
    "et": "T4",
    "off": 45279,
    "sff": "T4"
  },
  {
    "docID": "N192 Polentes 2004",
    "et": "T4",
    "off": 49688,
    "sff": "T4"
  }
]
