[
  {
    "docID": "N193 Ramer 2004",
    "et": "C2",
    "off": 12915,
    "sff": "C2"
  },
  {
    "docID": "N193 Ramer 2004",
    "et": "C4",
    "off": 10404,
    "sff": "C4"
  },
  {
    "docID": "N193 Ramer 2004",
    "et": "C6",
    "off": 12921,
    "sff": "C6"
  },
  {
    "docID": "N193 Ramer 2004",
    "et": "VertebralArea",
    "off": 8421,
    "sff": "T75"
  },
  {
    "docID": "N193 Ramer 2004",
    "et": "VertebralArea",
    "off": 54756,
    "sff": "C57"
  },
  {
    "docID": "N193 Ramer 2004",
    "et": "VertebralArea",
    "off": 8414,
    "sff": "T25"
  },
  {
    "docID": "N193 Ramer 2004",
    "et": "VertebralArea",
    "off": 41560,
    "sff": "C57"
  }
]
