[
  {
    "docID": "N196 Richter 2005",
    "et": "VertebralArea",
    "off": 8790,
    "sff": "T75"
  },
  {
    "docID": "N196 Richter 2005",
    "et": "VertebralArea",
    "off": 12333,
    "sff": "third and fourth cervical"
  },
  {
    "docID": "N196 Richter 2005",
    "et": "VertebralArea",
    "off": 12333,
    "sff": "third"
  },
  {
    "docID": "N196 Richter 2005",
    "et": "VertebralArea",
    "off": 8610,
    "sff": "T75"
  },
  {
    "docID": "N196 Richter 2005",
    "et": "VertebralArea",
    "off": 12343,
    "sff": "fourth"
  },
  {
    "docID": "N196 Richter 2005",
    "et": "VertebralArea",
    "off": 6851,
    "sff": "T75"
  }
]
