[
  {
    "docID": "N198 Ruitenberg 2002",
    "et": "C4",
    "off": 19971,
    "sff": "C4"
  },
  {
    "docID": "N198 Ruitenberg 2002",
    "et": "C4",
    "off": 40309,
    "sff": "C4"
  },
  {
    "docID": "N198 Ruitenberg 2002",
    "et": "C4",
    "off": 10449,
    "sff": "C4"
  },
  {
    "docID": "N198 Ruitenberg 2002",
    "et": "C4",
    "off": 17025,
    "sff": "C4"
  },
  {
    "docID": "N198 Ruitenberg 2002",
    "et": "VertebralArea",
    "off": 39454,
    "sff": "L-15"
  },
  {
    "docID": "N198 Ruitenberg 2002",
    "et": "VertebralArea",
    "off": 37149,
    "sff": "L-15"
  },
  {
    "docID": "N198 Ruitenberg 2002",
    "et": "VertebralArea",
    "off": 37361,
    "sff": "L-15"
  },
  {
    "docID": "N198 Ruitenberg 2002",
    "et": "VertebralArea",
    "off": 36564,
    "sff": "L-15"
  },
  {
    "docID": "N198 Ruitenberg 2002",
    "et": "VertebralArea",
    "off": 36885,
    "sff": "L-15"
  },
  {
    "docID": "N198 Ruitenberg 2002",
    "et": "VertebralArea",
    "off": 37048,
    "sff": "L-15"
  }
]
