[
  {
    "docID": "N200 Sasaki 2004",
    "et": "T9",
    "off": 8410,
    "sff": "T9"
  },
  {
    "docID": "N200 Sasaki 2004",
    "et": "C1",
    "off": 16637,
    "sff": "C1"
  },
  {
    "docID": "N200 Sasaki 2004",
    "et": "C1",
    "off": 17133,
    "sff": "C1"
  },
  {
    "docID": "N200 Sasaki 2004",
    "et": "C1",
    "off": 24034,
    "sff": "C1"
  },
  {
    "docID": "N200 Sasaki 2004",
    "et": "C1",
    "off": 16724,
    "sff": "C1"
  },
  {
    "docID": "N200 Sasaki 2004",
    "et": "C2",
    "off": 13832,
    "sff": "C2"
  },
  {
    "docID": "N200 Sasaki 2004",
    "et": "C2",
    "off": 17146,
    "sff": "C2"
  },
  {
    "docID": "N200 Sasaki 2004",
    "et": "C2",
    "off": 16687,
    "sff": "C2"
  },
  {
    "docID": "N200 Sasaki 2004",
    "et": "C2",
    "off": 13939,
    "sff": "C2"
  },
  {
    "docID": "N200 Sasaki 2004",
    "et": "C2",
    "off": 24037,
    "sff": "C2"
  },
  {
    "docID": "N200 Sasaki 2004",
    "et": "C3",
    "off": 13836,
    "sff": "C3"
  },
  {
    "docID": "N200 Sasaki 2004",
    "et": "C3",
    "off": 13954,
    "sff": "C3"
  },
  {
    "docID": "N200 Sasaki 2004",
    "et": "C4",
    "off": 13895,
    "sff": "C4"
  },
  {
    "docID": "N200 Sasaki 2004",
    "et": "C4",
    "off": 13962,
    "sff": "C4"
  },
  {
    "docID": "N200 Sasaki 2004",
    "et": "C5",
    "off": 13975,
    "sff": "C5"
  },
  {
    "docID": "N200 Sasaki 2004",
    "et": "C5",
    "off": 13899,
    "sff": "C5"
  },
  {
    "docID": "N200 Sasaki 2004",
    "et": "C5",
    "off": 13919,
    "sff": "C5"
  },
  {
    "docID": "N200 Sasaki 2004",
    "et": "C5",
    "off": 19668,
    "sff": "C5"
  },
  {
    "docID": "N200 Sasaki 2004",
    "et": "VertebralArea",
    "off": 24034,
    "sff": "C1,C2"
  }
]
