[
  {
    "docID": "N203 Stamegna 2011",
    "et": "C1",
    "off": 29155,
    "sff": "C1"
  },
  {
    "docID": "N203 Stamegna 2011",
    "et": "C1",
    "off": 19970,
    "sff": "C1"
  },
  {
    "docID": "N203 Stamegna 2011",
    "et": "C1",
    "off": 28642,
    "sff": "C1"
  },
  {
    "docID": "N203 Stamegna 2011",
    "et": "C1",
    "off": 28001,
    "sff": "C1"
  },
  {
    "docID": "N203 Stamegna 2011",
    "et": "C1",
    "off": 35136,
    "sff": "C1"
  },
  {
    "docID": "N203 Stamegna 2011",
    "et": "C1",
    "off": 18911,
    "sff": "C1"
  },
  {
    "docID": "N203 Stamegna 2011",
    "et": "C1",
    "off": 29503,
    "sff": "C1"
  },
  {
    "docID": "N203 Stamegna 2011",
    "et": "C1",
    "off": 12140,
    "sff": "C1"
  },
  {
    "docID": "N203 Stamegna 2011",
    "et": "C1",
    "off": 28746,
    "sff": "C1"
  },
  {
    "docID": "N203 Stamegna 2011",
    "et": "C1",
    "off": 27433,
    "sff": "C1"
  },
  {
    "docID": "N203 Stamegna 2011",
    "et": "C1",
    "off": 35560,
    "sff": "C1"
  },
  {
    "docID": "N203 Stamegna 2011",
    "et": "C1",
    "off": 34918,
    "sff": "C1"
  },
  {
    "docID": "N203 Stamegna 2011",
    "et": "C1",
    "off": 20179,
    "sff": "C1"
  },
  {
    "docID": "N203 Stamegna 2011",
    "et": "C1",
    "off": 11836,
    "sff": "C1"
  },
  {
    "docID": "N203 Stamegna 2011",
    "et": "C1",
    "off": 26391,
    "sff": "C1"
  },
  {
    "docID": "N203 Stamegna 2011",
    "et": "C1",
    "off": 26550,
    "sff": "C1"
  },
  {
    "docID": "N203 Stamegna 2011",
    "et": "C1",
    "off": 26806,
    "sff": "C1"
  },
  {
    "docID": "N203 Stamegna 2011",
    "et": "C1",
    "off": 26966,
    "sff": "C1"
  },
  {
    "docID": "N203 Stamegna 2011",
    "et": "C1",
    "off": 35221,
    "sff": "C1"
  },
  {
    "docID": "N203 Stamegna 2011",
    "et": "C2",
    "off": 7939,
    "sff": "C2"
  },
  {
    "docID": "N203 Stamegna 2011",
    "et": "C2",
    "off": 15714,
    "sff": "C2"
  },
  {
    "docID": "N203 Stamegna 2011",
    "et": "C2",
    "off": 7423,
    "sff": "C2"
  },
  {
    "docID": "N203 Stamegna 2011",
    "et": "C2",
    "off": 7678,
    "sff": "C2"
  },
  {
    "docID": "N203 Stamegna 2011",
    "et": "C2",
    "off": 7181,
    "sff": "C2"
  },
  {
    "docID": "N203 Stamegna 2011",
    "et": "C2",
    "off": 7820,
    "sff": "C2"
  },
  {
    "docID": "N203 Stamegna 2011",
    "et": "C2",
    "off": 21535,
    "sff": "C2"
  },
  {
    "docID": "N203 Stamegna 2011",
    "et": "C2",
    "off": 6937,
    "sff": "C2"
  },
  {
    "docID": "N203 Stamegna 2011",
    "et": "C2",
    "off": 16901,
    "sff": "C2"
  },
  {
    "docID": "N203 Stamegna 2011",
    "et": "C3",
    "off": 2758,
    "sff": "C3"
  },
  {
    "docID": "N203 Stamegna 2011",
    "et": "C5",
    "off": 2761,
    "sff": "C5"
  },
  {
    "docID": "N203 Stamegna 2011",
    "et": "VertebralArea",
    "off": 2758,
    "sff": "C3–C5"
  }
]
