[
  {
    "docID": "N204 Steward 2006",
    "et": "T9",
    "off": 9821,
    "sff": "T9"
  },
  {
    "docID": "N204 Steward 2006",
    "et": "T9",
    "off": 18215,
    "sff": "T9"
  },
  {
    "docID": "N204 Steward 2006",
    "et": "T9",
    "off": 18262,
    "sff": "T9"
  },
  {
    "docID": "N204 Steward 2006",
    "et": "Vertebrae",
    "off": 9828,
    "sff": "vertebrae"
  },
  {
    "docID": "N204 Steward 2006",
    "et": "Vertebrae",
    "off": 18273,
    "sff": "vertebrae"
  },
  {
    "docID": "N204 Steward 2006",
    "et": "T11",
    "off": 9824,
    "sff": "T11"
  },
  {
    "docID": "N204 Steward 2006",
    "et": "T11",
    "off": 18269,
    "sff": "T11"
  },
  {
    "docID": "N204 Steward 2006",
    "et": "T11",
    "off": 18218,
    "sff": "T11"
  },
  {
    "docID": "N204 Steward 2006",
    "et": "T10",
    "off": 1043,
    "sff": "T10"
  },
  {
    "docID": "N204 Steward 2006",
    "et": "T10",
    "off": 9841,
    "sff": "T10"
  },
  {
    "docID": "N204 Steward 2006",
    "et": "T10",
    "off": 7209,
    "sff": "T10"
  },
  {
    "docID": "N204 Steward 2006",
    "et": "T10",
    "off": 9593,
    "sff": "T10"
  },
  {
    "docID": "N204 Steward 2006",
    "et": "T10",
    "off": 8842,
    "sff": "T10"
  },
  {
    "docID": "N204 Steward 2006",
    "et": "T12",
    "off": 20401,
    "sff": "T12"
  },
  {
    "docID": "N204 Steward 2006",
    "et": "VertebralArea",
    "off": 18269,
    "sff": "T11"
  },
  {
    "docID": "N204 Steward 2006",
    "et": "VertebralArea",
    "off": 8842,
    "sff": "T10"
  },
  {
    "docID": "N204 Steward 2006",
    "et": "VertebralArea",
    "off": 9821,
    "sff": "T9–T11"
  },
  {
    "docID": "N204 Steward 2006",
    "et": "VertebralArea",
    "off": 7209,
    "sff": "T10"
  },
  {
    "docID": "N204 Steward 2006",
    "et": "VertebralArea",
    "off": 9593,
    "sff": "T10"
  },
  {
    "docID": "N204 Steward 2006",
    "et": "VertebralArea",
    "off": 18262,
    "sff": "T9 and T11 vertebrae"
  },
  {
    "docID": "N204 Steward 2006",
    "et": "VertebralArea",
    "off": 1043,
    "sff": "T10"
  },
  {
    "docID": "N204 Steward 2006",
    "et": "VertebralArea",
    "off": 20401,
    "sff": "T12"
  },
  {
    "docID": "N204 Steward 2006",
    "et": "VertebralArea",
    "off": 18215,
    "sff": "T9–T11"
  },
  {
    "docID": "N204 Steward 2006",
    "et": "VertebralArea",
    "off": 9841,
    "sff": "T10"
  }
]
