[
  {
    "docID": "N208 Takeoka 2011",
    "et": "T6",
    "off": 27185,
    "sff": "T6"
  },
  {
    "docID": "N208 Takeoka 2011",
    "et": "T7",
    "off": 6691,
    "sff": "T7"
  },
  {
    "docID": "N208 Takeoka 2011",
    "et": "T9",
    "off": 28087,
    "sff": "T9"
  },
  {
    "docID": "N208 Takeoka 2011",
    "et": "T9",
    "off": 6273,
    "sff": "T9"
  },
  {
    "docID": "N208 Takeoka 2011",
    "et": "T9",
    "off": 26447,
    "sff": "T9"
  },
  {
    "docID": "N208 Takeoka 2011",
    "et": "T13",
    "off": 6698,
    "sff": "T13"
  },
  {
    "docID": "N208 Takeoka 2011",
    "et": "VertebralArea",
    "off": 6691,
    "sff": "T7 and T13"
  }
]
