[
  {
    "docID": "N210 Toft 2007",
    "et": "L1",
    "off": 12214,
    "sff": "L1"
  },
  {
    "docID": "N210 Toft 2007",
    "et": "L3",
    "off": 28760,
    "sff": "L3"
  },
  {
    "docID": "N210 Toft 2007",
    "et": "L3",
    "off": 51946,
    "sff": "L3"
  },
  {
    "docID": "N210 Toft 2007",
    "et": "L3",
    "off": 13053,
    "sff": "L3"
  },
  {
    "docID": "N210 Toft 2007",
    "et": "L3",
    "off": 27788,
    "sff": "L3"
  },
  {
    "docID": "N210 Toft 2007",
    "et": "L3",
    "off": 12287,
    "sff": "L3"
  },
  {
    "docID": "N210 Toft 2007",
    "et": "L3",
    "off": 32063,
    "sff": "L3"
  },
  {
    "docID": "N210 Toft 2007",
    "et": "L3",
    "off": 40383,
    "sff": "L3"
  },
  {
    "docID": "N210 Toft 2007",
    "et": "L3",
    "off": 46878,
    "sff": "L3"
  },
  {
    "docID": "N210 Toft 2007",
    "et": "L3",
    "off": 20257,
    "sff": "L3"
  },
  {
    "docID": "N210 Toft 2007",
    "et": "L3",
    "off": 28880,
    "sff": "L3"
  },
  {
    "docID": "N210 Toft 2007",
    "et": "L3",
    "off": 29303,
    "sff": "L3"
  },
  {
    "docID": "N210 Toft 2007",
    "et": "L4",
    "off": 51838,
    "sff": "L4"
  },
  {
    "docID": "N210 Toft 2007",
    "et": "L4",
    "off": 19836,
    "sff": "L4"
  },
  {
    "docID": "N210 Toft 2007",
    "et": "L4",
    "off": 40386,
    "sff": "L4"
  },
  {
    "docID": "N210 Toft 2007",
    "et": "L4",
    "off": 41349,
    "sff": "L4"
  },
  {
    "docID": "N210 Toft 2007",
    "et": "L4",
    "off": 40718,
    "sff": "L4"
  },
  {
    "docID": "N210 Toft 2007",
    "et": "L4",
    "off": 19536,
    "sff": "L4"
  },
  {
    "docID": "N210 Toft 2007",
    "et": "L4",
    "off": 27856,
    "sff": "L4"
  },
  {
    "docID": "N210 Toft 2007",
    "et": "L4",
    "off": 51985,
    "sff": "L4"
  },
  {
    "docID": "N210 Toft 2007",
    "et": "L4",
    "off": 20310,
    "sff": "L4"
  },
  {
    "docID": "N210 Toft 2007",
    "et": "L4",
    "off": 36507,
    "sff": "L4"
  },
  {
    "docID": "N210 Toft 2007",
    "et": "L4",
    "off": 21019,
    "sff": "L4"
  },
  {
    "docID": "N210 Toft 2007",
    "et": "L4",
    "off": 1818,
    "sff": "L4"
  },
  {
    "docID": "N210 Toft 2007",
    "et": "L4",
    "off": 39577,
    "sff": "L4"
  },
  {
    "docID": "N210 Toft 2007",
    "et": "L4",
    "off": 56159,
    "sff": "L4"
  },
  {
    "docID": "N210 Toft 2007",
    "et": "L4",
    "off": 19871,
    "sff": "L4"
  },
  {
    "docID": "N210 Toft 2007",
    "et": "L4",
    "off": 28572,
    "sff": "L4"
  },
  {
    "docID": "N210 Toft 2007",
    "et": "L4",
    "off": 29088,
    "sff": "L4"
  },
  {
    "docID": "N210 Toft 2007",
    "et": "L4",
    "off": 44260,
    "sff": "L4"
  },
  {
    "docID": "N210 Toft 2007",
    "et": "L4",
    "off": 29931,
    "sff": "L4"
  },
  {
    "docID": "N210 Toft 2007",
    "et": "L4",
    "off": 15531,
    "sff": "L4"
  },
  {
    "docID": "N210 Toft 2007",
    "et": "L4",
    "off": 51886,
    "sff": "L4"
  },
  {
    "docID": "N210 Toft 2007",
    "et": "L4",
    "off": 29359,
    "sff": "L4"
  },
  {
    "docID": "N210 Toft 2007",
    "et": "L4",
    "off": 22065,
    "sff": "L4"
  },
  {
    "docID": "N210 Toft 2007",
    "et": "L4",
    "off": 15344,
    "sff": "L4"
  },
  {
    "docID": "N210 Toft 2007",
    "et": "L4",
    "off": 30645,
    "sff": "L4"
  },
  {
    "docID": "N210 Toft 2007",
    "et": "L5",
    "off": 19903,
    "sff": "L5"
  },
  {
    "docID": "N210 Toft 2007",
    "et": "L5",
    "off": 30652,
    "sff": "L5"
  },
  {
    "docID": "N210 Toft 2007",
    "et": "L5",
    "off": 1821,
    "sff": "L5"
  },
  {
    "docID": "N210 Toft 2007",
    "et": "L5",
    "off": 56162,
    "sff": "L5"
  },
  {
    "docID": "N210 Toft 2007",
    "et": "L5",
    "off": 28579,
    "sff": "L5"
  },
  {
    "docID": "N210 Toft 2007",
    "et": "L5",
    "off": 39584,
    "sff": "L5"
  },
  {
    "docID": "N210 Toft 2007",
    "et": "L5",
    "off": 40768,
    "sff": "L5"
  },
  {
    "docID": "N210 Toft 2007",
    "et": "L5",
    "off": 22081,
    "sff": "L5"
  },
  {
    "docID": "N210 Toft 2007",
    "et": "L5",
    "off": 29094,
    "sff": "L5"
  },
  {
    "docID": "N210 Toft 2007",
    "et": "L5",
    "off": 29415,
    "sff": "L5"
  },
  {
    "docID": "N210 Toft 2007",
    "et": "L5",
    "off": 51845,
    "sff": "L5"
  },
  {
    "docID": "N210 Toft 2007",
    "et": "L5",
    "off": 21035,
    "sff": "L5"
  },
  {
    "docID": "N210 Toft 2007",
    "et": "L5",
    "off": 44267,
    "sff": "L5"
  },
  {
    "docID": "N210 Toft 2007",
    "et": "L5",
    "off": 41356,
    "sff": "L5"
  },
  {
    "docID": "N210 Toft 2007",
    "et": "L5",
    "off": 15538,
    "sff": "L5"
  },
  {
    "docID": "N210 Toft 2007",
    "et": "L5",
    "off": 51889,
    "sff": "L5"
  },
  {
    "docID": "N210 Toft 2007",
    "et": "L5",
    "off": 29942,
    "sff": "L5"
  },
  {
    "docID": "N210 Toft 2007",
    "et": "L5",
    "off": 27863,
    "sff": "L5"
  },
  {
    "docID": "N210 Toft 2007",
    "et": "Vertebrae",
    "off": 19539,
    "sff": "vertebrae"
  },
  {
    "docID": "N210 Toft 2007",
    "et": "T13",
    "off": 12217,
    "sff": "T13"
  },
  {
    "docID": "N210 Toft 2007",
    "et": "VertebralArea",
    "off": 56159,
    "sff": "L4/L5"
  },
  {
    "docID": "N210 Toft 2007",
    "et": "VertebralArea",
    "off": 28572,
    "sff": "L4 and L5"
  },
  {
    "docID": "N210 Toft 2007",
    "et": "VertebralArea",
    "off": 51838,
    "sff": "L4 and L5"
  },
  {
    "docID": "N210 Toft 2007",
    "et": "VertebralArea",
    "off": 20257,
    "sff": "L3/4"
  },
  {
    "docID": "N210 Toft 2007",
    "et": "VertebralArea",
    "off": 51985,
    "sff": "L4/5"
  },
  {
    "docID": "N210 Toft 2007",
    "et": "VertebralArea",
    "off": 12287,
    "sff": "L3/4"
  },
  {
    "docID": "N210 Toft 2007",
    "et": "VertebralArea",
    "off": 41349,
    "sff": "L4 and L5"
  },
  {
    "docID": "N210 Toft 2007",
    "et": "VertebralArea",
    "off": 44260,
    "sff": "L4 and L5"
  },
  {
    "docID": "N210 Toft 2007",
    "et": "VertebralArea",
    "off": 1818,
    "sff": "L4/L5"
  },
  {
    "docID": "N210 Toft 2007",
    "et": "VertebralArea",
    "off": 28760,
    "sff": "L3/4"
  },
  {
    "docID": "N210 Toft 2007",
    "et": "VertebralArea",
    "off": 12214,
    "sff": "L1/T13"
  },
  {
    "docID": "N210 Toft 2007",
    "et": "VertebralArea",
    "off": 15531,
    "sff": "L4 and L5"
  },
  {
    "docID": "N210 Toft 2007",
    "et": "VertebralArea",
    "off": 29303,
    "sff": "L3/4"
  },
  {
    "docID": "N210 Toft 2007",
    "et": "VertebralArea",
    "off": 51886,
    "sff": "L4/L5"
  },
  {
    "docID": "N210 Toft 2007",
    "et": "VertebralArea",
    "off": 28880,
    "sff": "L3/4"
  },
  {
    "docID": "N210 Toft 2007",
    "et": "VertebralArea",
    "off": 27856,
    "sff": "L4 and L5"
  },
  {
    "docID": "N210 Toft 2007",
    "et": "VertebralArea",
    "off": 40383,
    "sff": "L3/L4"
  },
  {
    "docID": "N210 Toft 2007",
    "et": "VertebralArea",
    "off": 27788,
    "sff": "L3/4"
  },
  {
    "docID": "N210 Toft 2007",
    "et": "VertebralArea",
    "off": 30645,
    "sff": "L4 and L5"
  },
  {
    "docID": "N210 Toft 2007",
    "et": "VertebralArea",
    "off": 51946,
    "sff": "L3/4"
  },
  {
    "docID": "N210 Toft 2007",
    "et": "VertebralArea",
    "off": 39577,
    "sff": "L4 and L5"
  }
]
