[
  {
    "docID": "N211 Toft 2012",
    "et": "L1",
    "off": 16458,
    "sff": "L1"
  },
  {
    "docID": "N211 Toft 2012",
    "et": "L3",
    "off": 14610,
    "sff": "L3"
  },
  {
    "docID": "N211 Toft 2012",
    "et": "L3",
    "off": 15040,
    "sff": "L3"
  },
  {
    "docID": "N211 Toft 2012",
    "et": "L4",
    "off": 17220,
    "sff": "L4"
  },
  {
    "docID": "N211 Toft 2012",
    "et": "L4",
    "off": 32979,
    "sff": "L4"
  },
  {
    "docID": "N211 Toft 2012",
    "et": "L4",
    "off": 24976,
    "sff": "L4"
  },
  {
    "docID": "N211 Toft 2012",
    "et": "L5",
    "off": 17227,
    "sff": "L5"
  },
  {
    "docID": "N211 Toft 2012",
    "et": "L5",
    "off": 24983,
    "sff": "L5"
  },
  {
    "docID": "N211 Toft 2012",
    "et": "L5",
    "off": 32986,
    "sff": "L5"
  },
  {
    "docID": "N211 Toft 2012",
    "et": "T13",
    "off": 16454,
    "sff": "T13"
  },
  {
    "docID": "N211 Toft 2012",
    "et": "VertebralArea",
    "off": 8255,
    "sff": "T25"
  },
  {
    "docID": "N211 Toft 2012",
    "et": "VertebralArea",
    "off": 16454,
    "sff": "T13/L1"
  },
  {
    "docID": "N211 Toft 2012",
    "et": "VertebralArea",
    "off": 8115,
    "sff": "L15"
  },
  {
    "docID": "N211 Toft 2012",
    "et": "VertebralArea",
    "off": 32979,
    "sff": "L4 and L5"
  },
  {
    "docID": "N211 Toft 2012",
    "et": "VertebralArea",
    "off": 17220,
    "sff": "L4 and L5"
  },
  {
    "docID": "N211 Toft 2012",
    "et": "VertebralArea",
    "off": 14610,
    "sff": "L3/4"
  },
  {
    "docID": "N211 Toft 2012",
    "et": "VertebralArea",
    "off": 24976,
    "sff": "L4 and L5"
  }
]
