[
  {
    "docID": "N212 Torres-Esp¡n 2014",
    "et": "T6",
    "off": 11029,
    "sff": "T6"
  },
  {
    "docID": "N212 Torres-Esp¡n 2014",
    "et": "T8",
    "off": 11086,
    "sff": "T8"
  },
  {
    "docID": "N212 Torres-Esp¡n 2014",
    "et": "T9",
    "off": 11089,
    "sff": "T9"
  },
  {
    "docID": "N212 Torres-Esp¡n 2014",
    "et": "T10",
    "off": 11032,
    "sff": "T10"
  },
  {
    "docID": "N212 Torres-Esp¡n 2014",
    "et": "VertebralArea",
    "off": 11029,
    "sff": "T6–T10"
  },
  {
    "docID": "N212 Torres-Esp¡n 2014",
    "et": "VertebralArea",
    "off": 11086,
    "sff": "T8–T9"
  },
  {
    "docID": "N212 Torres-Esp¡n 2014",
    "et": "VertebralArea",
    "off": 12426,
    "sff": "L15"
  },
  {
    "docID": "N212 Torres-Esp¡n 2014",
    "et": "VertebralArea",
    "off": 11997,
    "sff": "L15"
  }
]
