[
  {
    "docID": "N213 Torres-Espin 2013",
    "et": "T6",
    "off": 9481,
    "sff": "T6"
  },
  {
    "docID": "N213 Torres-Espin 2013",
    "et": "T8",
    "off": 9528,
    "sff": "T8"
  },
  {
    "docID": "N213 Torres-Espin 2013",
    "et": "T9",
    "off": 9531,
    "sff": "T9"
  },
  {
    "docID": "N213 Torres-Espin 2013",
    "et": "T9",
    "off": 16696,
    "sff": "T9"
  },
  {
    "docID": "N213 Torres-Espin 2013",
    "et": "T10",
    "off": 9484,
    "sff": "T10"
  },
  {
    "docID": "N213 Torres-Espin 2013",
    "et": "C1",
    "off": 30505,
    "sff": "C1"
  },
  {
    "docID": "N213 Torres-Espin 2013",
    "et": "C1",
    "off": 24082,
    "sff": "C1"
  },
  {
    "docID": "N213 Torres-Espin 2013",
    "et": "C2",
    "off": 30512,
    "sff": "C2"
  },
  {
    "docID": "N213 Torres-Espin 2013",
    "et": "C2",
    "off": 24110,
    "sff": "C2"
  },
  {
    "docID": "N213 Torres-Espin 2013",
    "et": "C3",
    "off": 24986,
    "sff": "C3"
  },
  {
    "docID": "N213 Torres-Espin 2013",
    "et": "C3",
    "off": 33249,
    "sff": "C3"
  },
  {
    "docID": "N213 Torres-Espin 2013",
    "et": "VertebralArea",
    "off": 24223,
    "sff": "C2.2"
  },
  {
    "docID": "N213 Torres-Espin 2013",
    "et": "VertebralArea",
    "off": 30505,
    "sff": "C1 and C2"
  },
  {
    "docID": "N213 Torres-Espin 2013",
    "et": "VertebralArea",
    "off": 24193,
    "sff": "C2.1"
  },
  {
    "docID": "N213 Torres-Espin 2013",
    "et": "VertebralArea",
    "off": 30783,
    "sff": "C1.2"
  },
  {
    "docID": "N213 Torres-Espin 2013",
    "et": "VertebralArea",
    "off": 30652,
    "sff": "C1.1"
  },
  {
    "docID": "N213 Torres-Espin 2013",
    "et": "VertebralArea",
    "off": 9528,
    "sff": "T8–T9"
  },
  {
    "docID": "N213 Torres-Espin 2013",
    "et": "VertebralArea",
    "off": 24184,
    "sff": "C1.1"
  },
  {
    "docID": "N213 Torres-Espin 2013",
    "et": "VertebralArea",
    "off": 30792,
    "sff": "C2.2"
  },
  {
    "docID": "N213 Torres-Espin 2013",
    "et": "VertebralArea",
    "off": 9481,
    "sff": "T6–T10"
  },
  {
    "docID": "N213 Torres-Espin 2013",
    "et": "VertebralArea",
    "off": 24214,
    "sff": "C1.2"
  },
  {
    "docID": "N213 Torres-Espin 2013",
    "et": "VertebralArea",
    "off": 30661,
    "sff": "C2.1"
  }
]
