[
  {
    "docID": "N215 Verdu 2001",
    "et": "T8",
    "off": 15543,
    "sff": "T8"
  },
  {
    "docID": "N215 Verdu 2001",
    "et": "L1",
    "off": 869,
    "sff": "L1"
  },
  {
    "docID": "N215 Verdu 2001",
    "et": "L1",
    "off": 739,
    "sff": "L1"
  },
  {
    "docID": "N215 Verdu 2001",
    "et": "L1",
    "off": 11854,
    "sff": "L1"
  },
  {
    "docID": "N215 Verdu 2001",
    "et": "L1",
    "off": 12397,
    "sff": "L1"
  },
  {
    "docID": "N215 Verdu 2001",
    "et": "L1",
    "off": 20813,
    "sff": "L1"
  },
  {
    "docID": "N215 Verdu 2001",
    "et": "L1",
    "off": 6954,
    "sff": "L1"
  },
  {
    "docID": "N215 Verdu 2001",
    "et": "L1",
    "off": 440,
    "sff": "L1"
  },
  {
    "docID": "N215 Verdu 2001",
    "et": "L1",
    "off": 13527,
    "sff": "L1"
  },
  {
    "docID": "N215 Verdu 2001",
    "et": "L1",
    "off": 21618,
    "sff": "L1"
  },
  {
    "docID": "N215 Verdu 2001",
    "et": "L1",
    "off": 5088,
    "sff": "L1"
  },
  {
    "docID": "N215 Verdu 2001",
    "et": "L1",
    "off": 9600,
    "sff": "L1"
  },
  {
    "docID": "N215 Verdu 2001",
    "et": "L1",
    "off": 10078,
    "sff": "L1"
  },
  {
    "docID": "N215 Verdu 2001",
    "et": "L1",
    "off": 4383,
    "sff": "L1"
  },
  {
    "docID": "N215 Verdu 2001",
    "et": "L1",
    "off": 11259,
    "sff": "L1"
  },
  {
    "docID": "N215 Verdu 2001",
    "et": "T9",
    "off": 9633,
    "sff": "T9"
  },
  {
    "docID": "N215 Verdu 2001",
    "et": "T9",
    "off": 6942,
    "sff": "T9"
  },
  {
    "docID": "N215 Verdu 2001",
    "et": "T9",
    "off": 12431,
    "sff": "T9"
  },
  {
    "docID": "N215 Verdu 2001",
    "et": "T9",
    "off": 10061,
    "sff": "T9"
  },
  {
    "docID": "N215 Verdu 2001",
    "et": "T9",
    "off": 11562,
    "sff": "T9"
  },
  {
    "docID": "N215 Verdu 2001",
    "et": "T9",
    "off": 12187,
    "sff": "T9"
  },
  {
    "docID": "N215 Verdu 2001",
    "et": "T9",
    "off": 21691,
    "sff": "T9"
  },
  {
    "docID": "N215 Verdu 2001",
    "et": "T9",
    "off": 952,
    "sff": "T9"
  },
  {
    "docID": "N215 Verdu 2001",
    "et": "T9",
    "off": 11913,
    "sff": "T9"
  },
  {
    "docID": "N215 Verdu 2001",
    "et": "T9",
    "off": 13206,
    "sff": "T9"
  },
  {
    "docID": "N215 Verdu 2001",
    "et": "T9",
    "off": 775,
    "sff": "T9"
  },
  {
    "docID": "N215 Verdu 2001",
    "et": "L4",
    "off": 13226,
    "sff": "L4"
  },
  {
    "docID": "N215 Verdu 2001",
    "et": "L4",
    "off": 12198,
    "sff": "L4"
  },
  {
    "docID": "N215 Verdu 2001",
    "et": "L4",
    "off": 11924,
    "sff": "L4"
  },
  {
    "docID": "N215 Verdu 2001",
    "et": "L4",
    "off": 12404,
    "sff": "L4"
  },
  {
    "docID": "N215 Verdu 2001",
    "et": "L4",
    "off": 786,
    "sff": "L4"
  },
  {
    "docID": "N215 Verdu 2001",
    "et": "L4",
    "off": 6961,
    "sff": "L4"
  },
  {
    "docID": "N215 Verdu 2001",
    "et": "L4",
    "off": 21698,
    "sff": "L4"
  },
  {
    "docID": "N215 Verdu 2001",
    "et": "L4",
    "off": 11712,
    "sff": "L4"
  },
  {
    "docID": "N215 Verdu 2001",
    "et": "L4",
    "off": 876,
    "sff": "L4"
  },
  {
    "docID": "N215 Verdu 2001",
    "et": "L4",
    "off": 10092,
    "sff": "L4"
  },
  {
    "docID": "N215 Verdu 2001",
    "et": "T10",
    "off": 13209,
    "sff": "T10"
  },
  {
    "docID": "N215 Verdu 2001",
    "et": "T10",
    "off": 12434,
    "sff": "T10"
  },
  {
    "docID": "N215 Verdu 2001",
    "et": "T10",
    "off": 9636,
    "sff": "T10"
  },
  {
    "docID": "N215 Verdu 2001",
    "et": "T10",
    "off": 12190,
    "sff": "T10"
  },
  {
    "docID": "N215 Verdu 2001",
    "et": "T10",
    "off": 955,
    "sff": "T10"
  },
  {
    "docID": "N215 Verdu 2001",
    "et": "T10",
    "off": 10064,
    "sff": "T10"
  },
  {
    "docID": "N215 Verdu 2001",
    "et": "T10",
    "off": 778,
    "sff": "T10"
  },
  {
    "docID": "N215 Verdu 2001",
    "et": "T10",
    "off": 6945,
    "sff": "T10"
  },
  {
    "docID": "N215 Verdu 2001",
    "et": "T10",
    "off": 11916,
    "sff": "T10"
  },
  {
    "docID": "N215 Verdu 2001",
    "et": "T10",
    "off": 11565,
    "sff": "T10"
  },
  {
    "docID": "N215 Verdu 2001",
    "et": "T12",
    "off": 11255,
    "sff": "T12"
  },
  {
    "docID": "N215 Verdu 2001",
    "et": "T12",
    "off": 5081,
    "sff": "T12"
  },
  {
    "docID": "N215 Verdu 2001",
    "et": "T12",
    "off": 13523,
    "sff": "T12"
  },
  {
    "docID": "N215 Verdu 2001",
    "et": "T12",
    "off": 436,
    "sff": "T12"
  },
  {
    "docID": "N215 Verdu 2001",
    "et": "T12",
    "off": 735,
    "sff": "T12"
  },
  {
    "docID": "N215 Verdu 2001",
    "et": "T12",
    "off": 865,
    "sff": "T12"
  },
  {
    "docID": "N215 Verdu 2001",
    "et": "T12",
    "off": 9595,
    "sff": "T12"
  },
  {
    "docID": "N215 Verdu 2001",
    "et": "T12",
    "off": 4379,
    "sff": "T12"
  },
  {
    "docID": "N215 Verdu 2001",
    "et": "T12",
    "off": 10074,
    "sff": "T12"
  },
  {
    "docID": "N215 Verdu 2001",
    "et": "T12",
    "off": 6950,
    "sff": "T12"
  },
  {
    "docID": "N215 Verdu 2001",
    "et": "T12",
    "off": 12393,
    "sff": "T12"
  },
  {
    "docID": "N215 Verdu 2001",
    "et": "T12",
    "off": 21614,
    "sff": "T12"
  },
  {
    "docID": "N215 Verdu 2001",
    "et": "T12",
    "off": 11850,
    "sff": "T12"
  },
  {
    "docID": "N215 Verdu 2001",
    "et": "VertebralArea",
    "off": 12397,
    "sff": "L1 and L4"
  },
  {
    "docID": "N215 Verdu 2001",
    "et": "VertebralArea",
    "off": 436,
    "sff": "T12-L1"
  },
  {
    "docID": "N215 Verdu 2001",
    "et": "VertebralArea",
    "off": 786,
    "sff": "L4-L6"
  },
  {
    "docID": "N215 Verdu 2001",
    "et": "VertebralArea",
    "off": 11562,
    "sff": "T9-T10"
  },
  {
    "docID": "N215 Verdu 2001",
    "et": "VertebralArea",
    "off": 6954,
    "sff": "L1 and L4"
  },
  {
    "docID": "N215 Verdu 2001",
    "et": "VertebralArea",
    "off": 12190,
    "sff": "T10 and L4"
  },
  {
    "docID": "N215 Verdu 2001",
    "et": "VertebralArea",
    "off": 11255,
    "sff": "T12-L1"
  },
  {
    "docID": "N215 Verdu 2001",
    "et": "VertebralArea",
    "off": 21614,
    "sff": "T12±L1"
  },
  {
    "docID": "N215 Verdu 2001",
    "et": "VertebralArea",
    "off": 11924,
    "sff": "L4-L6"
  },
  {
    "docID": "N215 Verdu 2001",
    "et": "VertebralArea",
    "off": 869,
    "sff": "L1 and L4"
  },
  {
    "docID": "N215 Verdu 2001",
    "et": "VertebralArea",
    "off": 952,
    "sff": "T9-T10"
  },
  {
    "docID": "N215 Verdu 2001",
    "et": "VertebralArea",
    "off": 11712,
    "sff": "L4-L6"
  },
  {
    "docID": "N215 Verdu 2001",
    "et": "VertebralArea",
    "off": 11850,
    "sff": "T12-L1"
  },
  {
    "docID": "N215 Verdu 2001",
    "et": "VertebralArea",
    "off": 6961,
    "sff": "L4±L6"
  },
  {
    "docID": "N215 Verdu 2001",
    "et": "VertebralArea",
    "off": 13523,
    "sff": "T12-L1"
  },
  {
    "docID": "N215 Verdu 2001",
    "et": "VertebralArea",
    "off": 775,
    "sff": "T9-T10"
  },
  {
    "docID": "N215 Verdu 2001",
    "et": "VertebralArea",
    "off": 10061,
    "sff": "T9±T10"
  },
  {
    "docID": "N215 Verdu 2001",
    "et": "VertebralArea",
    "off": 11913,
    "sff": "T9-T10"
  },
  {
    "docID": "N215 Verdu 2001",
    "et": "VertebralArea",
    "off": 21691,
    "sff": "T9 and L4"
  },
  {
    "docID": "N215 Verdu 2001",
    "et": "VertebralArea",
    "off": 12404,
    "sff": "L4-L6"
  },
  {
    "docID": "N215 Verdu 2001",
    "et": "VertebralArea",
    "off": 4379,
    "sff": "T12±L1"
  },
  {
    "docID": "N215 Verdu 2001",
    "et": "VertebralArea",
    "off": 12431,
    "sff": "T9-T10"
  },
  {
    "docID": "N215 Verdu 2001",
    "et": "VertebralArea",
    "off": 10074,
    "sff": "T12-L1"
  },
  {
    "docID": "N215 Verdu 2001",
    "et": "VertebralArea",
    "off": 735,
    "sff": "T12-L1"
  },
  {
    "docID": "N215 Verdu 2001",
    "et": "VertebralArea",
    "off": 11916,
    "sff": "T10 and L4"
  },
  {
    "docID": "N215 Verdu 2001",
    "et": "VertebralArea",
    "off": 865,
    "sff": "T12±L1"
  },
  {
    "docID": "N215 Verdu 2001",
    "et": "VertebralArea",
    "off": 12198,
    "sff": "L4-L6"
  },
  {
    "docID": "N215 Verdu 2001",
    "et": "VertebralArea",
    "off": 13206,
    "sff": "T9-T10"
  },
  {
    "docID": "N215 Verdu 2001",
    "et": "VertebralArea",
    "off": 778,
    "sff": "T10 and L4"
  },
  {
    "docID": "N215 Verdu 2001",
    "et": "VertebralArea",
    "off": 6950,
    "sff": "T12-L1"
  },
  {
    "docID": "N215 Verdu 2001",
    "et": "VertebralArea",
    "off": 13226,
    "sff": "L4-L6"
  },
  {
    "docID": "N215 Verdu 2001",
    "et": "VertebralArea",
    "off": 12393,
    "sff": "T12-L1"
  },
  {
    "docID": "N215 Verdu 2001",
    "et": "VertebralArea",
    "off": 9633,
    "sff": "T9-T10"
  },
  {
    "docID": "N215 Verdu 2001",
    "et": "VertebralArea",
    "off": 12187,
    "sff": "T9-T10"
  },
  {
    "docID": "N215 Verdu 2001",
    "et": "VertebralArea",
    "off": 6942,
    "sff": "T9-T10"
  },
  {
    "docID": "N215 Verdu 2001",
    "et": "VertebralArea",
    "off": 876,
    "sff": "L4-L6"
  },
  {
    "docID": "N215 Verdu 2001",
    "et": "VertebralArea",
    "off": 10092,
    "sff": "L4-L6"
  }
]
