[
  {
    "docID": "N216 Verdu 2003",
    "et": "T8",
    "off": 411,
    "sff": "T8"
  },
  {
    "docID": "N216 Verdu 2003",
    "et": "T8",
    "off": 8795,
    "sff": "T8"
  },
  {
    "docID": "N216 Verdu 2003",
    "et": "T8",
    "off": 21275,
    "sff": "T8"
  },
  {
    "docID": "N216 Verdu 2003",
    "et": "T8",
    "off": 14311,
    "sff": "T8"
  },
  {
    "docID": "N216 Verdu 2003",
    "et": "L1",
    "off": 32673,
    "sff": "L1"
  },
  {
    "docID": "N216 Verdu 2003",
    "et": "L1",
    "off": 30220,
    "sff": "L1"
  },
  {
    "docID": "N216 Verdu 2003",
    "et": "T9",
    "off": 32731,
    "sff": "T9"
  },
  {
    "docID": "N216 Verdu 2003",
    "et": "L4",
    "off": 32751,
    "sff": "L4"
  },
  {
    "docID": "N216 Verdu 2003",
    "et": "Vertebrae",
    "off": 8720,
    "sff": "vertebrae"
  },
  {
    "docID": "N216 Verdu 2003",
    "et": "T10",
    "off": 28339,
    "sff": "T10"
  },
  {
    "docID": "N216 Verdu 2003",
    "et": "T10",
    "off": 32734,
    "sff": "T10"
  },
  {
    "docID": "N216 Verdu 2003",
    "et": "T12",
    "off": 32669,
    "sff": "T12"
  },
  {
    "docID": "N216 Verdu 2003",
    "et": "VertebralArea",
    "off": 32731,
    "sff": "T9–T10"
  },
  {
    "docID": "N216 Verdu 2003",
    "et": "VertebralArea",
    "off": 28339,
    "sff": "T10"
  },
  {
    "docID": "N216 Verdu 2003",
    "et": "VertebralArea",
    "off": 32751,
    "sff": "L4–L6"
  },
  {
    "docID": "N216 Verdu 2003",
    "et": "VertebralArea",
    "off": 32669,
    "sff": "T12-L1"
  }
]
