[
  {
    "docID": "N218 Plant 2003",
    "et": "T8",
    "off": 43202,
    "sff": "T8"
  },
  {
    "docID": "N218 Plant 2003",
    "et": "L1",
    "off": 43034,
    "sff": "L1"
  },
  {
    "docID": "N218 Plant 2003",
    "et": "T9",
    "off": 9085,
    "sff": "T9"
  },
  {
    "docID": "N218 Plant 2003",
    "et": "T11",
    "off": 43183,
    "sff": "T11"
  },
  {
    "docID": "N218 Plant 2003",
    "et": "T10",
    "off": 9088,
    "sff": "T10"
  },
  {
    "docID": "N218 Plant 2003",
    "et": "VertebralArea",
    "off": 7508,
    "sff": "L-15"
  },
  {
    "docID": "N218 Plant 2003",
    "et": "VertebralArea",
    "off": 43183,
    "sff": "T11"
  },
  {
    "docID": "N218 Plant 2003",
    "et": "VertebralArea",
    "off": 6011,
    "sff": "L-15"
  },
  {
    "docID": "N218 Plant 2003",
    "et": "VertebralArea",
    "off": 7259,
    "sff": "L-15"
  },
  {
    "docID": "N218 Plant 2003",
    "et": "VertebralArea",
    "off": 6985,
    "sff": "L-15"
  },
  {
    "docID": "N218 Plant 2003",
    "et": "VertebralArea",
    "off": 9085,
    "sff": "T9-T10"
  },
  {
    "docID": "N218 Plant 2003",
    "et": "VertebralArea",
    "off": 7314,
    "sff": "L-15"
  }
]
