[
  {
    "docID": "N219 Ramón-Cueto 1998",
    "et": "T8",
    "off": 47986,
    "sff": "T8"
  },
  {
    "docID": "N219 Ramón-Cueto 1998",
    "et": "T8",
    "off": 48039,
    "sff": "T8"
  },
  {
    "docID": "N219 Ramón-Cueto 1998",
    "et": "T8",
    "off": 13715,
    "sff": "T8"
  },
  {
    "docID": "N219 Ramón-Cueto 1998",
    "et": "T8",
    "off": 22035,
    "sff": "T8"
  },
  {
    "docID": "N219 Ramón-Cueto 1998",
    "et": "T8",
    "off": 22883,
    "sff": "T8"
  },
  {
    "docID": "N219 Ramón-Cueto 1998",
    "et": "L1",
    "off": 28632,
    "sff": "L1"
  },
  {
    "docID": "N219 Ramón-Cueto 1998",
    "et": "L1",
    "off": 39813,
    "sff": "L1"
  },
  {
    "docID": "N219 Ramón-Cueto 1998",
    "et": "L1",
    "off": 51955,
    "sff": "L1"
  },
  {
    "docID": "N219 Ramón-Cueto 1998",
    "et": "L1",
    "off": 48205,
    "sff": "L1"
  },
  {
    "docID": "N219 Ramón-Cueto 1998",
    "et": "L1",
    "off": 28763,
    "sff": "L1"
  },
  {
    "docID": "N219 Ramón-Cueto 1998",
    "et": "T9",
    "off": 13944,
    "sff": "T9"
  },
  {
    "docID": "N219 Ramón-Cueto 1998",
    "et": "L2",
    "off": 26558,
    "sff": "L2"
  },
  {
    "docID": "N219 Ramón-Cueto 1998",
    "et": "L2",
    "off": 26495,
    "sff": "L2"
  },
  {
    "docID": "N219 Ramón-Cueto 1998",
    "et": "L2",
    "off": 46017,
    "sff": "L2"
  },
  {
    "docID": "N219 Ramón-Cueto 1998",
    "et": "L3",
    "off": 22861,
    "sff": "L3"
  },
  {
    "docID": "N219 Ramón-Cueto 1998",
    "et": "L3",
    "off": 48208,
    "sff": "L3"
  },
  {
    "docID": "N219 Ramón-Cueto 1998",
    "et": "L3",
    "off": 45843,
    "sff": "L3"
  },
  {
    "docID": "N219 Ramón-Cueto 1998",
    "et": "L3",
    "off": 46020,
    "sff": "L3"
  },
  {
    "docID": "N219 Ramón-Cueto 1998",
    "et": "L3",
    "off": 28774,
    "sff": "L3"
  },
  {
    "docID": "N219 Ramón-Cueto 1998",
    "et": "L3",
    "off": 39816,
    "sff": "L3"
  },
  {
    "docID": "N219 Ramón-Cueto 1998",
    "et": "Vertebrae",
    "off": 16257,
    "sff": "vertebrae"
  },
  {
    "docID": "N219 Ramón-Cueto 1998",
    "et": "T11",
    "off": 39673,
    "sff": "T11"
  },
  {
    "docID": "N219 Ramón-Cueto 1998",
    "et": "T11",
    "off": 28620,
    "sff": "T11"
  },
  {
    "docID": "N219 Ramón-Cueto 1998",
    "et": "T10",
    "off": 22042,
    "sff": "T10"
  },
  {
    "docID": "N219 Ramón-Cueto 1998",
    "et": "T10",
    "off": 22890,
    "sff": "T10"
  },
  {
    "docID": "N219 Ramón-Cueto 1998",
    "et": "T10",
    "off": 47993,
    "sff": "T10"
  },
  {
    "docID": "N219 Ramón-Cueto 1998",
    "et": "T10",
    "off": 13718,
    "sff": "T10"
  },
  {
    "docID": "N219 Ramón-Cueto 1998",
    "et": "T10",
    "off": 39669,
    "sff": "T10"
  },
  {
    "docID": "N219 Ramón-Cueto 1998",
    "et": "T10",
    "off": 45839,
    "sff": "T10"
  },
  {
    "docID": "N219 Ramón-Cueto 1998",
    "et": "T10",
    "off": 48178,
    "sff": "T10"
  },
  {
    "docID": "N219 Ramón-Cueto 1998",
    "et": "T12",
    "off": 48182,
    "sff": "T12"
  },
  {
    "docID": "N219 Ramón-Cueto 1998",
    "et": "C5",
    "off": 16267,
    "sff": "C5"
  },
  {
    "docID": "N219 Ramón-Cueto 1998",
    "et": "C6",
    "off": 16313,
    "sff": "C6"
  },
  {
    "docID": "N219 Ramón-Cueto 1998",
    "et": "VertebralArea",
    "off": 47986,
    "sff": "T8 and T10"
  },
  {
    "docID": "N219 Ramón-Cueto 1998",
    "et": "VertebralArea",
    "off": 48039,
    "sff": "T8 and C7"
  },
  {
    "docID": "N219 Ramón-Cueto 1998",
    "et": "VertebralArea",
    "off": 16267,
    "sff": "C5 and C7"
  },
  {
    "docID": "N219 Ramón-Cueto 1998",
    "et": "VertebralArea",
    "off": 48205,
    "sff": "L1–L3"
  },
  {
    "docID": "N219 Ramón-Cueto 1998",
    "et": "VertebralArea",
    "off": 48178,
    "sff": "T10–T12"
  },
  {
    "docID": "N219 Ramón-Cueto 1998",
    "et": "VertebralArea",
    "off": 39669,
    "sff": "T10–T11"
  },
  {
    "docID": "N219 Ramón-Cueto 1998",
    "et": "VertebralArea",
    "off": 45839,
    "sff": "T10–L3"
  },
  {
    "docID": "N219 Ramón-Cueto 1998",
    "et": "VertebralArea",
    "off": 39813,
    "sff": "L1–L3"
  },
  {
    "docID": "N219 Ramón-Cueto 1998",
    "et": "VertebralArea",
    "off": 46017,
    "sff": "L2–L3"
  },
  {
    "docID": "N219 Ramón-Cueto 1998",
    "et": "VertebralArea",
    "off": 22035,
    "sff": "T8 and T10"
  },
  {
    "docID": "N219 Ramón-Cueto 1998",
    "et": "VertebralArea",
    "off": 22883,
    "sff": "T8 and T10"
  },
  {
    "docID": "N219 Ramón-Cueto 1998",
    "et": "VertebralArea",
    "off": 13715,
    "sff": "T8–T10"
  },
  {
    "docID": "N219 Ramón-Cueto 1998",
    "et": "C7",
    "off": 16761,
    "sff": "C7"
  },
  {
    "docID": "N219 Ramón-Cueto 1998",
    "et": "C7",
    "off": 47704,
    "sff": "C7"
  },
  {
    "docID": "N219 Ramón-Cueto 1998",
    "et": "C7",
    "off": 22821,
    "sff": "C7"
  },
  {
    "docID": "N219 Ramón-Cueto 1998",
    "et": "C7",
    "off": 21923,
    "sff": "C7"
  },
  {
    "docID": "N219 Ramón-Cueto 1998",
    "et": "C7",
    "off": 16274,
    "sff": "C7"
  },
  {
    "docID": "N219 Ramón-Cueto 1998",
    "et": "C7",
    "off": 48046,
    "sff": "C7"
  },
  {
    "docID": "N219 Ramón-Cueto 1998",
    "et": "C7",
    "off": 16317,
    "sff": "C7"
  },
  {
    "docID": "N219 Ramón-Cueto 1998",
    "et": "C7",
    "off": 37419,
    "sff": "C7"
  },
  {
    "docID": "N219 Ramón-Cueto 1998",
    "et": "C7",
    "off": 47947,
    "sff": "C7"
  }
]
