[
  {
    "docID": "N220 Ruitenberg 2003",
    "et": "Vertebrae",
    "off": 26069,
    "sff": "vertebrae"
  },
  {
    "docID": "N220 Ruitenberg 2003",
    "et": "C2",
    "off": 27658,
    "sff": "C2"
  },
  {
    "docID": "N220 Ruitenberg 2003",
    "et": "C3",
    "off": 26079,
    "sff": "C3"
  },
  {
    "docID": "N220 Ruitenberg 2003",
    "et": "C5",
    "off": 25577,
    "sff": "C5"
  },
  {
    "docID": "N220 Ruitenberg 2003",
    "et": "C6",
    "off": 27661,
    "sff": "C6"
  },
  {
    "docID": "N220 Ruitenberg 2003",
    "et": "C6",
    "off": 57402,
    "sff": "C6"
  },
  {
    "docID": "N220 Ruitenberg 2003",
    "et": "VertebralArea",
    "off": 27658,
    "sff": "C2–C6"
  }
]
