[
  {
    "docID": "N221 Takami 2002",
    "et": "T7",
    "off": 15704,
    "sff": "T7"
  },
  {
    "docID": "N221 Takami 2002",
    "et": "T7",
    "off": 14287,
    "sff": "T7"
  },
  {
    "docID": "N221 Takami 2002",
    "et": "T7",
    "off": 15215,
    "sff": "T7"
  },
  {
    "docID": "N221 Takami 2002",
    "et": "T7",
    "off": 14833,
    "sff": "T7"
  },
  {
    "docID": "N221 Takami 2002",
    "et": "T7",
    "off": 15891,
    "sff": "T7"
  },
  {
    "docID": "N221 Takami 2002",
    "et": "T7",
    "off": 12149,
    "sff": "T7"
  },
  {
    "docID": "N221 Takami 2002",
    "et": "T8",
    "off": 9514,
    "sff": "T8"
  },
  {
    "docID": "N221 Takami 2002",
    "et": "T8",
    "off": 35418,
    "sff": "T8"
  },
  {
    "docID": "N221 Takami 2002",
    "et": "T8",
    "off": 35314,
    "sff": "T8"
  },
  {
    "docID": "N221 Takami 2002",
    "et": "T8",
    "off": 23875,
    "sff": "T8"
  },
  {
    "docID": "N221 Takami 2002",
    "et": "T9",
    "off": 26841,
    "sff": "T9"
  },
  {
    "docID": "N221 Takami 2002",
    "et": "T9",
    "off": 26952,
    "sff": "T9"
  },
  {
    "docID": "N221 Takami 2002",
    "et": "T9",
    "off": 20157,
    "sff": "T9"
  },
  {
    "docID": "N221 Takami 2002",
    "et": "T9",
    "off": 22238,
    "sff": "T9"
  },
  {
    "docID": "N221 Takami 2002",
    "et": "T9",
    "off": 653,
    "sff": "T9"
  },
  {
    "docID": "N221 Takami 2002",
    "et": "T9",
    "off": 15701,
    "sff": "T9"
  },
  {
    "docID": "N221 Takami 2002",
    "et": "T9",
    "off": 9443,
    "sff": "T9"
  },
  {
    "docID": "N221 Takami 2002",
    "et": "T9",
    "off": 19510,
    "sff": "T9"
  },
  {
    "docID": "N221 Takami 2002",
    "et": "T11",
    "off": 11522,
    "sff": "T11"
  },
  {
    "docID": "N221 Takami 2002",
    "et": "T10",
    "off": 11514,
    "sff": "T10"
  },
  {
    "docID": "N221 Takami 2002",
    "et": "C2",
    "off": 12397,
    "sff": "C2"
  },
  {
    "docID": "N221 Takami 2002",
    "et": "C2",
    "off": 15724,
    "sff": "C2"
  },
  {
    "docID": "N221 Takami 2002",
    "et": "C2",
    "off": 35436,
    "sff": "C2"
  },
  {
    "docID": "N221 Takami 2002",
    "et": "C2",
    "off": 15347,
    "sff": "C2"
  },
  {
    "docID": "N221 Takami 2002",
    "et": "C6",
    "off": 15716,
    "sff": "C6"
  },
  {
    "docID": "N221 Takami 2002",
    "et": "C6",
    "off": 35428,
    "sff": "C6"
  },
  {
    "docID": "N221 Takami 2002",
    "et": "C6",
    "off": 12389,
    "sff": "C6"
  },
  {
    "docID": "N221 Takami 2002",
    "et": "C6",
    "off": 15339,
    "sff": "C6"
  },
  {
    "docID": "N221 Takami 2002",
    "et": "VertebralArea",
    "off": 14833,
    "sff": "T7–9"
  },
  {
    "docID": "N221 Takami 2002",
    "et": "VertebralArea",
    "off": 14287,
    "sff": "T7–9"
  },
  {
    "docID": "N221 Takami 2002",
    "et": "VertebralArea",
    "off": 15215,
    "sff": "T7–9"
  },
  {
    "docID": "N221 Takami 2002",
    "et": "VertebralArea",
    "off": 35314,
    "sff": "T8–7"
  },
  {
    "docID": "N221 Takami 2002",
    "et": "VertebralArea",
    "off": 11514,
    "sff": "T10 and T11"
  },
  {
    "docID": "N221 Takami 2002",
    "et": "VertebralArea",
    "off": 35418,
    "sff": "T8–7"
  },
  {
    "docID": "N221 Takami 2002",
    "et": "VertebralArea",
    "off": 23875,
    "sff": "T8–7"
  },
  {
    "docID": "N221 Takami 2002",
    "et": "VertebralArea",
    "off": 12149,
    "sff": "T7–9"
  },
  {
    "docID": "N221 Takami 2002",
    "et": "VertebralArea",
    "off": 15701,
    "sff": "T9-T7"
  },
  {
    "docID": "N221 Takami 2002",
    "et": "VertebralArea",
    "off": 15891,
    "sff": "T7–9"
  },
  {
    "docID": "N221 Takami 2002",
    "et": "T2",
    "off": 12385,
    "sff": "T2"
  },
  {
    "docID": "N221 Takami 2002",
    "et": "T2",
    "off": 35424,
    "sff": "T2"
  },
  {
    "docID": "N221 Takami 2002",
    "et": "T2",
    "off": 15712,
    "sff": "T2"
  },
  {
    "docID": "N221 Takami 2002",
    "et": "T2",
    "off": 15335,
    "sff": "T2"
  }
]
