[
  {
    "docID": "N224 Wu 2015",
    "et": "T9",
    "off": 8432,
    "sff": "T9"
  },
  {
    "docID": "N224 Wu 2015",
    "et": "T11",
    "off": 8435,
    "sff": "T11"
  },
  {
    "docID": "N224 Wu 2015",
    "et": "T10",
    "off": 8531,
    "sff": "T10"
  },
  {
    "docID": "N224 Wu 2015",
    "et": "T10",
    "off": 17322,
    "sff": "T10"
  },
  {
    "docID": "N224 Wu 2015",
    "et": "C1",
    "off": 21397,
    "sff": "c1"
  },
  {
    "docID": "N224 Wu 2015",
    "et": "C1",
    "off": 26461,
    "sff": "c1"
  },
  {
    "docID": "N224 Wu 2015",
    "et": "C2",
    "off": 21401,
    "sff": "c2"
  },
  {
    "docID": "N224 Wu 2015",
    "et": "C2",
    "off": 26905,
    "sff": "c2"
  },
  {
    "docID": "N224 Wu 2015",
    "et": "VertebralArea",
    "off": 8432,
    "sff": "T9–T11"
  },
  {
    "docID": "N224 Wu 2015",
    "et": "VertebralArea",
    "off": 17322,
    "sff": "T10"
  },
  {
    "docID": "N224 Wu 2015",
    "et": "VertebralArea",
    "off": 8531,
    "sff": "T10"
  }
]
