[
  {
    "docID": "N225 Xiao 2005",
    "et": "Vertebrae",
    "off": 12508,
    "sff": "vertebrae"
  },
  {
    "docID": "N225 Xiao 2005",
    "et": "C1",
    "off": 46061,
    "sff": "C1"
  },
  {
    "docID": "N225 Xiao 2005",
    "et": "C1",
    "off": 43972,
    "sff": "C1"
  },
  {
    "docID": "N225 Xiao 2005",
    "et": "C2",
    "off": 30666,
    "sff": "C2"
  },
  {
    "docID": "N225 Xiao 2005",
    "et": "C3",
    "off": 45362,
    "sff": "C3"
  },
  {
    "docID": "N225 Xiao 2005",
    "et": "C3",
    "off": 55302,
    "sff": "C3"
  },
  {
    "docID": "N225 Xiao 2005",
    "et": "C3",
    "off": 12133,
    "sff": "C3"
  },
  {
    "docID": "N225 Xiao 2005",
    "et": "C3",
    "off": 37929,
    "sff": "C3"
  },
  {
    "docID": "N225 Xiao 2005",
    "et": "C3",
    "off": 12498,
    "sff": "C3"
  },
  {
    "docID": "N225 Xiao 2005",
    "et": "C4",
    "off": 45366,
    "sff": "C4"
  },
  {
    "docID": "N225 Xiao 2005",
    "et": "C4",
    "off": 12505,
    "sff": "C4"
  },
  {
    "docID": "N225 Xiao 2005",
    "et": "C6",
    "off": 32992,
    "sff": "C6"
  },
  {
    "docID": "N225 Xiao 2005",
    "et": "C6",
    "off": 45992,
    "sff": "C6"
  },
  {
    "docID": "N225 Xiao 2005",
    "et": "C6",
    "off": 32842,
    "sff": "C6"
  },
  {
    "docID": "N225 Xiao 2005",
    "et": "C6",
    "off": 32683,
    "sff": "C6"
  },
  {
    "docID": "N225 Xiao 2005",
    "et": "VertebralArea",
    "off": 45992,
    "sff": "C6–8"
  },
  {
    "docID": "N225 Xiao 2005",
    "et": "VertebralArea",
    "off": 14882,
    "sff": "T1–2"
  },
  {
    "docID": "N225 Xiao 2005",
    "et": "VertebralArea",
    "off": 32683,
    "sff": "C6–7"
  },
  {
    "docID": "N225 Xiao 2005",
    "et": "VertebralArea",
    "off": 32842,
    "sff": "C6–7"
  },
  {
    "docID": "N225 Xiao 2005",
    "et": "VertebralArea",
    "off": 45828,
    "sff": "T1–3"
  },
  {
    "docID": "N225 Xiao 2005",
    "et": "VertebralArea",
    "off": 32992,
    "sff": "C6–7"
  },
  {
    "docID": "N225 Xiao 2005",
    "et": "VertebralArea",
    "off": 43972,
    "sff": "C1–2"
  },
  {
    "docID": "N225 Xiao 2005",
    "et": "VertebralArea",
    "off": 12133,
    "sff": "C3–4"
  },
  {
    "docID": "N225 Xiao 2005",
    "et": "VertebralArea",
    "off": 46061,
    "sff": "C1–2"
  },
  {
    "docID": "N225 Xiao 2005",
    "et": "VertebralArea",
    "off": 12498,
    "sff": "C3 and C4 vertebrae"
  },
  {
    "docID": "N225 Xiao 2005",
    "et": "VertebralArea",
    "off": 11025,
    "sff": "T1–2"
  },
  {
    "docID": "N225 Xiao 2005",
    "et": "VertebralArea",
    "off": 46801,
    "sff": "T1–2"
  },
  {
    "docID": "N225 Xiao 2005",
    "et": "VertebralArea",
    "off": 37929,
    "sff": "C3–4"
  },
  {
    "docID": "N225 Xiao 2005",
    "et": "VertebralArea",
    "off": 55302,
    "sff": "C3–4"
  },
  {
    "docID": "N225 Xiao 2005",
    "et": "T1",
    "off": 45828,
    "sff": "T1"
  },
  {
    "docID": "N225 Xiao 2005",
    "et": "T1",
    "off": 11025,
    "sff": "T1"
  },
  {
    "docID": "N225 Xiao 2005",
    "et": "T1",
    "off": 46801,
    "sff": "T1"
  },
  {
    "docID": "N225 Xiao 2005",
    "et": "T1",
    "off": 14882,
    "sff": "T1"
  }
]
