[
  {
    "docID": "N226 Xiao 2007",
    "et": "T5",
    "off": 19429,
    "sff": "T5"
  },
  {
    "docID": "N226 Xiao 2007",
    "et": "T5",
    "off": 27238,
    "sff": "T5"
  },
  {
    "docID": "N226 Xiao 2007",
    "et": "T5",
    "off": 19064,
    "sff": "T5"
  },
  {
    "docID": "N226 Xiao 2007",
    "et": "T5",
    "off": 19960,
    "sff": "T5"
  },
  {
    "docID": "N226 Xiao 2007",
    "et": "T8",
    "off": 16029,
    "sff": "T8"
  },
  {
    "docID": "N226 Xiao 2007",
    "et": "L1",
    "off": 16041,
    "sff": "L1"
  },
  {
    "docID": "N226 Xiao 2007",
    "et": "L1",
    "off": 40586,
    "sff": "L1"
  },
  {
    "docID": "N226 Xiao 2007",
    "et": "Vertebrae",
    "off": 8521,
    "sff": "vertebrae"
  },
  {
    "docID": "N226 Xiao 2007",
    "et": "T12",
    "off": 16033,
    "sff": "T12"
  },
  {
    "docID": "N226 Xiao 2007",
    "et": "C2",
    "off": 22401,
    "sff": "C2"
  },
  {
    "docID": "N226 Xiao 2007",
    "et": "C2",
    "off": 37825,
    "sff": "C2"
  },
  {
    "docID": "N226 Xiao 2007",
    "et": "C2",
    "off": 24355,
    "sff": "C2"
  },
  {
    "docID": "N226 Xiao 2007",
    "et": "C2",
    "off": 9533,
    "sff": "C2"
  },
  {
    "docID": "N226 Xiao 2007",
    "et": "C2",
    "off": 31709,
    "sff": "C2"
  },
  {
    "docID": "N226 Xiao 2007",
    "et": "C2",
    "off": 41418,
    "sff": "C2"
  },
  {
    "docID": "N226 Xiao 2007",
    "et": "C2",
    "off": 7302,
    "sff": "C2"
  },
  {
    "docID": "N226 Xiao 2007",
    "et": "C3",
    "off": 8511,
    "sff": "C3"
  },
  {
    "docID": "N226 Xiao 2007",
    "et": "C3",
    "off": 6699,
    "sff": "C3"
  },
  {
    "docID": "N226 Xiao 2007",
    "et": "C3",
    "off": 8248,
    "sff": "C3"
  },
  {
    "docID": "N226 Xiao 2007",
    "et": "C4",
    "off": 8518,
    "sff": "C4"
  },
  {
    "docID": "N226 Xiao 2007",
    "et": "C6",
    "off": 16017,
    "sff": "C6"
  },
  {
    "docID": "N226 Xiao 2007",
    "et": "C6",
    "off": 21076,
    "sff": "C6"
  },
  {
    "docID": "N226 Xiao 2007",
    "et": "C6",
    "off": 14627,
    "sff": "C6"
  },
  {
    "docID": "N226 Xiao 2007",
    "et": "C6",
    "off": 35263,
    "sff": "C6"
  },
  {
    "docID": "N226 Xiao 2007",
    "et": "C6",
    "off": 34896,
    "sff": "C6"
  },
  {
    "docID": "N226 Xiao 2007",
    "et": "C6",
    "off": 21519,
    "sff": "C6"
  },
  {
    "docID": "N226 Xiao 2007",
    "et": "C6",
    "off": 27406,
    "sff": "C6"
  },
  {
    "docID": "N226 Xiao 2007",
    "et": "C6",
    "off": 29006,
    "sff": "C6"
  },
  {
    "docID": "N226 Xiao 2007",
    "et": "C6",
    "off": 29292,
    "sff": "C6"
  },
  {
    "docID": "N226 Xiao 2007",
    "et": "C6",
    "off": 28168,
    "sff": "C6"
  },
  {
    "docID": "N226 Xiao 2007",
    "et": "C6",
    "off": 29462,
    "sff": "C6"
  },
  {
    "docID": "N226 Xiao 2007",
    "et": "VertebralArea",
    "off": 14627,
    "sff": "C6–7"
  },
  {
    "docID": "N226 Xiao 2007",
    "et": "VertebralArea",
    "off": 16023,
    "sff": "T1–4"
  },
  {
    "docID": "N226 Xiao 2007",
    "et": "VertebralArea",
    "off": 28168,
    "sff": "C6–C7"
  },
  {
    "docID": "N226 Xiao 2007",
    "et": "VertebralArea",
    "off": 27522,
    "sff": "T4–5"
  },
  {
    "docID": "N226 Xiao 2007",
    "et": "VertebralArea",
    "off": 8248,
    "sff": "C3–4"
  },
  {
    "docID": "N226 Xiao 2007",
    "et": "VertebralArea",
    "off": 27238,
    "sff": "T5–6"
  },
  {
    "docID": "N226 Xiao 2007",
    "et": "VertebralArea",
    "off": 29292,
    "sff": "C6–7"
  },
  {
    "docID": "N226 Xiao 2007",
    "et": "VertebralArea",
    "off": 34896,
    "sff": "C6–7"
  },
  {
    "docID": "N226 Xiao 2007",
    "et": "VertebralArea",
    "off": 27406,
    "sff": "C6–7"
  },
  {
    "docID": "N226 Xiao 2007",
    "et": "VertebralArea",
    "off": 16017,
    "sff": "C6–8"
  },
  {
    "docID": "N226 Xiao 2007",
    "et": "VertebralArea",
    "off": 6699,
    "sff": "C3–4"
  },
  {
    "docID": "N226 Xiao 2007",
    "et": "VertebralArea",
    "off": 8511,
    "sff": "C3 and C4 vertebrae"
  },
  {
    "docID": "N226 Xiao 2007",
    "et": "VertebralArea",
    "off": 16033,
    "sff": "T12 and L1"
  },
  {
    "docID": "N226 Xiao 2007",
    "et": "VertebralArea",
    "off": 35263,
    "sff": "C6–7"
  },
  {
    "docID": "N226 Xiao 2007",
    "et": "C7",
    "off": 19412,
    "sff": "C7"
  },
  {
    "docID": "N226 Xiao 2007",
    "et": "C7",
    "off": 28171,
    "sff": "C7"
  },
  {
    "docID": "N226 Xiao 2007",
    "et": "C7",
    "off": 19500,
    "sff": "C7"
  },
  {
    "docID": "N226 Xiao 2007",
    "et": "C7",
    "off": 19047,
    "sff": "C7"
  },
  {
    "docID": "N226 Xiao 2007",
    "et": "T1",
    "off": 16023,
    "sff": "T1"
  },
  {
    "docID": "N226 Xiao 2007",
    "et": "T4",
    "off": 27522,
    "sff": "T4"
  }
]
