[
  {
    "docID": "N227 Yamamoto 2009",
    "et": "Vertebrae",
    "off": 17602,
    "sff": "vertebrae"
  },
  {
    "docID": "N227 Yamamoto 2009",
    "et": "C1",
    "off": 6910,
    "sff": "C1"
  },
  {
    "docID": "N227 Yamamoto 2009",
    "et": "C2",
    "off": 6913,
    "sff": "C2"
  },
  {
    "docID": "N227 Yamamoto 2009",
    "et": "VertebralArea",
    "off": 17576,
    "sff": "first and second cervical"
  },
  {
    "docID": "N227 Yamamoto 2009",
    "et": "VertebralArea",
    "off": 17576,
    "sff": "first"
  },
  {
    "docID": "N227 Yamamoto 2009",
    "et": "VertebralArea",
    "off": 6910,
    "sff": "C1/C2"
  },
  {
    "docID": "N227 Yamamoto 2009",
    "et": "VertebralArea",
    "off": 17586,
    "sff": "second"
  }
]
