[
  {
    "docID": "N228 Yazdani 2012",
    "et": "T8",
    "off": 9806,
    "sff": "T8"
  },
  {
    "docID": "N228 Yazdani 2012",
    "et": "T8",
    "off": 10787,
    "sff": "T8"
  },
  {
    "docID": "N228 Yazdani 2012",
    "et": "T8",
    "off": 901,
    "sff": "T8"
  },
  {
    "docID": "N228 Yazdani 2012",
    "et": "T9",
    "off": 10797,
    "sff": "T9"
  },
  {
    "docID": "N228 Yazdani 2012",
    "et": "T9",
    "off": 9809,
    "sff": "T9"
  },
  {
    "docID": "N228 Yazdani 2012",
    "et": "T9",
    "off": 904,
    "sff": "T9"
  },
  {
    "docID": "N228 Yazdani 2012",
    "et": "T10",
    "off": 9476,
    "sff": "T10"
  },
  {
    "docID": "N228 Yazdani 2012",
    "et": "VertebralArea",
    "off": 901,
    "sff": "T8–T9"
  },
  {
    "docID": "N228 Yazdani 2012",
    "et": "VertebralArea",
    "off": 6796,
    "sff": "T25"
  },
  {
    "docID": "N228 Yazdani 2012",
    "et": "VertebralArea",
    "off": 9476,
    "sff": "T10"
  },
  {
    "docID": "N228 Yazdani 2012",
    "et": "VertebralArea",
    "off": 9806,
    "sff": "T8–T9"
  },
  {
    "docID": "N228 Yazdani 2012",
    "et": "T3",
    "off": 12341,
    "sff": "T3"
  }
]
