[
  {
    "docID": "N229 Yui 2014",
    "et": "T8",
    "off": 14718,
    "sff": "T8"
  },
  {
    "docID": "N229 Yui 2014",
    "et": "T9",
    "off": 21014,
    "sff": "T9"
  },
  {
    "docID": "N229 Yui 2014",
    "et": "T10",
    "off": 11952,
    "sff": "T10"
  },
  {
    "docID": "N229 Yui 2014",
    "et": "T10",
    "off": 12955,
    "sff": "T10"
  },
  {
    "docID": "N229 Yui 2014",
    "et": "T10",
    "off": 21017,
    "sff": "T10"
  },
  {
    "docID": "N229 Yui 2014",
    "et": "T12",
    "off": 14721,
    "sff": "T12"
  },
  {
    "docID": "N229 Yui 2014",
    "et": "VertebralArea",
    "off": 12955,
    "sff": "T10"
  },
  {
    "docID": "N229 Yui 2014",
    "et": "VertebralArea",
    "off": 21014,
    "sff": "T9-T10"
  },
  {
    "docID": "N229 Yui 2014",
    "et": "VertebralArea",
    "off": 6117,
    "sff": "L-15"
  },
  {
    "docID": "N229 Yui 2014",
    "et": "VertebralArea",
    "off": 11952,
    "sff": "T10"
  },
  {
    "docID": "N229 Yui 2014",
    "et": "VertebralArea",
    "off": 14718,
    "sff": "T8-T12"
  }
]
