[
  {
    "docID": "N230 Zhang 2011 2",
    "et": "T10",
    "off": 6068,
    "sff": "T10"
  },
  {
    "docID": "N230 Zhang 2011 2",
    "et": "T10",
    "off": 794,
    "sff": "T10"
  },
  {
    "docID": "N230 Zhang 2011 2",
    "et": "VertebralArea",
    "off": 794,
    "sff": "T10"
  },
  {
    "docID": "N230 Zhang 2011 2",
    "et": "VertebralArea",
    "off": 7546,
    "sff": "L-15"
  },
  {
    "docID": "N230 Zhang 2011 2",
    "et": "VertebralArea",
    "off": 6068,
    "sff": "T10"
  }
]
