[
  {
    "docID": "N231 Zhang 2011",
    "et": "T7",
    "off": 37568,
    "sff": "T7"
  },
  {
    "docID": "N231 Zhang 2011",
    "et": "T10",
    "off": 37729,
    "sff": "T10"
  },
  {
    "docID": "N231 Zhang 2011",
    "et": "T10",
    "off": 898,
    "sff": "T10"
  },
  {
    "docID": "N231 Zhang 2011",
    "et": "T10",
    "off": 37575,
    "sff": "T10"
  },
  {
    "docID": "N231 Zhang 2011",
    "et": "VertebralArea",
    "off": 35740,
    "sff": "T25"
  },
  {
    "docID": "N231 Zhang 2011",
    "et": "VertebralArea",
    "off": 37575,
    "sff": "T10"
  },
  {
    "docID": "N231 Zhang 2011",
    "et": "VertebralArea",
    "off": 35183,
    "sff": "L-15"
  },
  {
    "docID": "N231 Zhang 2011",
    "et": "VertebralArea",
    "off": 898,
    "sff": "T10"
  },
  {
    "docID": "N231 Zhang 2011",
    "et": "VertebralArea",
    "off": 37729,
    "sff": "T10"
  },
  {
    "docID": "N231 Zhang 2011",
    "et": "VertebralArea",
    "off": 37568,
    "sff": "T7 and T10"
  }
]
