[
  {
    "docID": "N232 Zhang 2012",
    "et": "T7",
    "off": 34346,
    "sff": "T7"
  },
  {
    "docID": "N232 Zhang 2012",
    "et": "T8",
    "off": 34402,
    "sff": "T8"
  },
  {
    "docID": "N232 Zhang 2012",
    "et": "L1",
    "off": 25372,
    "sff": "L1"
  },
  {
    "docID": "N232 Zhang 2012",
    "et": "T9",
    "off": 34438,
    "sff": "T9"
  },
  {
    "docID": "N232 Zhang 2012",
    "et": "T9",
    "off": 34409,
    "sff": "T9"
  },
  {
    "docID": "N232 Zhang 2012",
    "et": "T10",
    "off": 34353,
    "sff": "T10"
  },
  {
    "docID": "N232 Zhang 2012",
    "et": "T10",
    "off": 34445,
    "sff": "T10"
  },
  {
    "docID": "N232 Zhang 2012",
    "et": "T10",
    "off": 25451,
    "sff": "T10"
  },
  {
    "docID": "N232 Zhang 2012",
    "et": "T10",
    "off": 761,
    "sff": "T10"
  },
  {
    "docID": "N232 Zhang 2012",
    "et": "T10",
    "off": 34550,
    "sff": "T10"
  },
  {
    "docID": "N232 Zhang 2012",
    "et": "VertebralArea",
    "off": 34346,
    "sff": "T7 and T10"
  },
  {
    "docID": "N232 Zhang 2012",
    "et": "VertebralArea",
    "off": 25372,
    "sff": "L1-2"
  },
  {
    "docID": "N232 Zhang 2012",
    "et": "VertebralArea",
    "off": 34438,
    "sff": "T9 and T10"
  },
  {
    "docID": "N232 Zhang 2012",
    "et": "VertebralArea",
    "off": 34402,
    "sff": "T8 and T9"
  }
]
