[
  {
    "docID": "N233 Zhang 2015",
    "et": "T9",
    "off": 9318,
    "sff": "T9"
  },
  {
    "docID": "N233 Zhang 2015",
    "et": "T11",
    "off": 9325,
    "sff": "T11"
  },
  {
    "docID": "N233 Zhang 2015",
    "et": "T10",
    "off": 7491,
    "sff": "T10"
  },
  {
    "docID": "N233 Zhang 2015",
    "et": "C1",
    "off": 14460,
    "sff": "C1"
  },
  {
    "docID": "N233 Zhang 2015",
    "et": "C2",
    "off": 14491,
    "sff": "C2"
  },
  {
    "docID": "N233 Zhang 2015",
    "et": "C3",
    "off": 14541,
    "sff": "C3"
  },
  {
    "docID": "N233 Zhang 2015",
    "et": "C3",
    "off": 14709,
    "sff": "C3"
  },
  {
    "docID": "N233 Zhang 2015",
    "et": "C3",
    "off": 14406,
    "sff": "C3"
  },
  {
    "docID": "N233 Zhang 2015",
    "et": "VertebralArea",
    "off": 14709,
    "sff": "C3=50"
  },
  {
    "docID": "N233 Zhang 2015",
    "et": "VertebralArea",
    "off": 9318,
    "sff": "T9 and T11"
  }
]
