[
  {
    "docID": "N235 Ziegler 2011",
    "et": "T8",
    "off": 4843,
    "sff": "T8"
  },
  {
    "docID": "N235 Ziegler 2011",
    "et": "T8",
    "off": 4718,
    "sff": "T8"
  },
  {
    "docID": "N235 Ziegler 2011",
    "et": "T9",
    "off": 4721,
    "sff": "T9"
  },
  {
    "docID": "N235 Ziegler 2011",
    "et": "T9",
    "off": 4850,
    "sff": "T9"
  },
  {
    "docID": "N235 Ziegler 2011",
    "et": "L2",
    "off": 9030,
    "sff": "L2"
  },
  {
    "docID": "N235 Ziegler 2011",
    "et": "L3",
    "off": 9033,
    "sff": "L3"
  },
  {
    "docID": "N235 Ziegler 2011",
    "et": "Vertebrae",
    "off": 4853,
    "sff": "vertebrae"
  },
  {
    "docID": "N235 Ziegler 2011",
    "et": "T11",
    "off": 8927,
    "sff": "T11"
  },
  {
    "docID": "N235 Ziegler 2011",
    "et": "VertebralArea",
    "off": 4718,
    "sff": "T8–T9"
  },
  {
    "docID": "N235 Ziegler 2011",
    "et": "VertebralArea",
    "off": 4843,
    "sff": "T8 and T9 vertebrae"
  },
  {
    "docID": "N235 Ziegler 2011",
    "et": "VertebralArea",
    "off": 9030,
    "sff": "L2–L3"
  }
]
