[
  {
    "docID": "N237 dePaul",
    "et": "T7",
    "off": 39721,
    "sff": "T7"
  },
  {
    "docID": "N237 dePaul",
    "et": "T7",
    "off": 39606,
    "sff": "T7"
  },
  {
    "docID": "N237 dePaul",
    "et": "T8",
    "off": 37936,
    "sff": "T8"
  },
  {
    "docID": "N237 dePaul",
    "et": "T8",
    "off": 39638,
    "sff": "T8"
  },
  {
    "docID": "N237 dePaul",
    "et": "T8",
    "off": 15622,
    "sff": "T8"
  },
  {
    "docID": "N237 dePaul",
    "et": "T8",
    "off": 39939,
    "sff": "T8"
  },
  {
    "docID": "N237 dePaul",
    "et": "T9",
    "off": 39728,
    "sff": "T9"
  },
  {
    "docID": "N237 dePaul",
    "et": "T9",
    "off": 39609,
    "sff": "T9"
  },
  {
    "docID": "N237 dePaul",
    "et": "VertebralArea",
    "off": 39721,
    "sff": "T7 and T9"
  },
  {
    "docID": "N237 dePaul",
    "et": "VertebralArea",
    "off": 39606,
    "sff": "T7-T9"
  }
]
