[
  {
    "docID": "N238 Janzedeh",
    "et": "L1",
    "off": 6547,
    "sff": "L1"
  },
  {
    "docID": "N238 Janzedeh",
    "et": "L1",
    "off": 11408,
    "sff": "L1"
  },
  {
    "docID": "N238 Janzedeh",
    "et": "T13",
    "off": 11404,
    "sff": "T13"
  },
  {
    "docID": "N238 Janzedeh",
    "et": "T13",
    "off": 6543,
    "sff": "T13"
  },
  {
    "docID": "N238 Janzedeh",
    "et": "VertebralArea",
    "off": 6543,
    "sff": "T13-L1"
  },
  {
    "docID": "N238 Janzedeh",
    "et": "VertebralArea",
    "off": 11404,
    "sff": "T13-L1"
  }
]
