[
  {
    "docID": "N239 Lee",
    "et": "L1",
    "off": 8325,
    "sff": "L1"
  },
  {
    "docID": "N239 Lee",
    "et": "L1",
    "off": 9351,
    "sff": "L1"
  },
  {
    "docID": "N239 Lee",
    "et": "L3",
    "off": 10655,
    "sff": "L3"
  },
  {
    "docID": "N239 Lee",
    "et": "L4",
    "off": 8097,
    "sff": "L4"
  },
  {
    "docID": "N239 Lee",
    "et": "L4",
    "off": 8214,
    "sff": "L4"
  },
  {
    "docID": "N239 Lee",
    "et": "L4",
    "off": 8039,
    "sff": "L4"
  },
  {
    "docID": "N239 Lee",
    "et": "T11",
    "off": 10621,
    "sff": "T11"
  },
  {
    "docID": "N239 Lee",
    "et": "VertebralArea",
    "off": 10621,
    "sff": "T11"
  }
]
