[
  {
    "docID": "N240 Pakulska",
    "et": "T11",
    "off": 31642,
    "sff": "T11"
  },
  {
    "docID": "N240 Pakulska",
    "et": "T10",
    "off": 31638,
    "sff": "T10"
  },
  {
    "docID": "N240 Pakulska",
    "et": "VertebralArea",
    "off": 31638,
    "sff": "T10/T11"
  },
  {
    "docID": "N240 Pakulska",
    "et": "VertebralArea",
    "off": 31686,
    "sff": "T1/T2"
  },
  {
    "docID": "N240 Pakulska",
    "et": "VertebralArea",
    "off": 9788,
    "sff": "T1-2"
  },
  {
    "docID": "N240 Pakulska",
    "et": "VertebralArea",
    "off": 29226,
    "sff": "T1/T2"
  },
  {
    "docID": "N240 Pakulska",
    "et": "VertebralArea",
    "off": 8017,
    "sff": "T1-2"
  },
  {
    "docID": "N240 Pakulska",
    "et": "VertebralArea",
    "off": 14696,
    "sff": "C8035"
  },
  {
    "docID": "N240 Pakulska",
    "et": "T1",
    "off": 9788,
    "sff": "T1"
  },
  {
    "docID": "N240 Pakulska",
    "et": "T1",
    "off": 29226,
    "sff": "T1"
  },
  {
    "docID": "N240 Pakulska",
    "et": "T1",
    "off": 31686,
    "sff": "T1"
  },
  {
    "docID": "N240 Pakulska",
    "et": "T1",
    "off": 8017,
    "sff": "T1"
  },
  {
    "docID": "N240 Pakulska",
    "et": "T2",
    "off": 29229,
    "sff": "T2"
  },
  {
    "docID": "N240 Pakulska",
    "et": "T2",
    "off": 31689,
    "sff": "T2"
  }
]
