[
  {
    "docID": "N241 Pan",
    "et": "T8",
    "off": 8226,
    "sff": "T8"
  },
  {
    "docID": "N241 Pan",
    "et": "T9",
    "off": 8288,
    "sff": "T9"
  },
  {
    "docID": "N241 Pan",
    "et": "T9",
    "off": 8152,
    "sff": "T9"
  },
  {
    "docID": "N241 Pan",
    "et": "T9",
    "off": 7767,
    "sff": "T9"
  },
  {
    "docID": "N241 Pan",
    "et": "T9",
    "off": 7621,
    "sff": "T9"
  },
  {
    "docID": "N241 Pan",
    "et": "T10",
    "off": 18371,
    "sff": "T10"
  },
  {
    "docID": "N241 Pan",
    "et": "T10",
    "off": 8229,
    "sff": "T10"
  },
  {
    "docID": "N241 Pan",
    "et": "T10",
    "off": 7222,
    "sff": "T10"
  },
  {
    "docID": "N241 Pan",
    "et": "T10",
    "off": 8438,
    "sff": "T10"
  },
  {
    "docID": "N241 Pan",
    "et": "T10",
    "off": 6951,
    "sff": "T10"
  },
  {
    "docID": "N241 Pan",
    "et": "T10",
    "off": 6856,
    "sff": "T10"
  },
  {
    "docID": "N241 Pan",
    "et": "T10",
    "off": 8634,
    "sff": "T10"
  },
  {
    "docID": "N241 Pan",
    "et": "T10",
    "off": 7051,
    "sff": "T10"
  },
  {
    "docID": "N241 Pan",
    "et": "T10",
    "off": 12108,
    "sff": "T10"
  },
  {
    "docID": "N241 Pan",
    "et": "T10",
    "off": 18827,
    "sff": "T10"
  },
  {
    "docID": "N241 Pan",
    "et": "T10",
    "off": 254,
    "sff": "T10"
  },
  {
    "docID": "N241 Pan",
    "et": "VertebralArea",
    "off": 8226,
    "sff": "T8-T10"
  }
]
