[
  {
    "docID": "N242 Suzuki",
    "et": "C1",
    "off": 17128,
    "sff": "C1"
  },
  {
    "docID": "N242 Suzuki",
    "et": "C1",
    "off": 17240,
    "sff": "C1"
  },
  {
    "docID": "N242 Suzuki",
    "et": "C2",
    "off": 17135,
    "sff": "C2"
  },
  {
    "docID": "N242 Suzuki",
    "et": "C2",
    "off": 26416,
    "sff": "C2"
  },
  {
    "docID": "N242 Suzuki",
    "et": "C6",
    "off": 8820,
    "sff": "C6"
  },
  {
    "docID": "N242 Suzuki",
    "et": "C6",
    "off": 20359,
    "sff": "C6"
  },
  {
    "docID": "N242 Suzuki",
    "et": "C6",
    "off": 32937,
    "sff": "C6"
  },
  {
    "docID": "N242 Suzuki",
    "et": "C6",
    "off": 6141,
    "sff": "C6"
  },
  {
    "docID": "N242 Suzuki",
    "et": "C6",
    "off": 6208,
    "sff": "C6"
  },
  {
    "docID": "N242 Suzuki",
    "et": "C6",
    "off": 8577,
    "sff": "C6"
  },
  {
    "docID": "N242 Suzuki",
    "et": "VertebralArea",
    "off": 6208,
    "sff": "C6/7"
  },
  {
    "docID": "N242 Suzuki",
    "et": "VertebralArea",
    "off": 6141,
    "sff": "C6/7"
  },
  {
    "docID": "N242 Suzuki",
    "et": "VertebralArea",
    "off": 17128,
    "sff": "C1 and C2"
  },
  {
    "docID": "N242 Suzuki",
    "et": "VertebralArea",
    "off": 32937,
    "sff": "C6/7"
  },
  {
    "docID": "N242 Suzuki",
    "et": "VertebralArea",
    "off": 8577,
    "sff": "C6 and C7"
  },
  {
    "docID": "N242 Suzuki",
    "et": "VertebralArea",
    "off": 8820,
    "sff": "C6/7"
  },
  {
    "docID": "N242 Suzuki",
    "et": "C7",
    "off": 8584,
    "sff": "C7"
  }
]
