[
  {
    "docID": "N243 Bretzner et al., 2010",
    "et": "C2",
    "off": 39696,
    "sff": "C2"
  },
  {
    "docID": "N243 Bretzner et al., 2010",
    "et": "C2",
    "off": 25684,
    "sff": "C2"
  },
  {
    "docID": "N243 Bretzner et al., 2010",
    "et": "C2",
    "off": 25843,
    "sff": "C2"
  },
  {
    "docID": "N243 Bretzner et al., 2010",
    "et": "C2",
    "off": 39139,
    "sff": "C2"
  },
  {
    "docID": "N243 Bretzner et al., 2010",
    "et": "C2",
    "off": 30458,
    "sff": "C2"
  },
  {
    "docID": "N243 Bretzner et al., 2010",
    "et": "C2",
    "off": 19001,
    "sff": "C2"
  },
  {
    "docID": "N243 Bretzner et al., 2010",
    "et": "C2",
    "off": 30553,
    "sff": "C2"
  },
  {
    "docID": "N243 Bretzner et al., 2010",
    "et": "C3",
    "off": 19085,
    "sff": "C3"
  },
  {
    "docID": "N243 Bretzner et al., 2010",
    "et": "C6",
    "off": 19091,
    "sff": "C6"
  },
  {
    "docID": "N243 Bretzner et al., 2010",
    "et": "VertebralArea",
    "off": 11580,
    "sff": "fourth and fifth cervical"
  },
  {
    "docID": "N243 Bretzner et al., 2010",
    "et": "VertebralArea",
    "off": 19001,
    "sff": "C2 and C7"
  },
  {
    "docID": "N243 Bretzner et al., 2010",
    "et": "VertebralArea",
    "off": 11580,
    "sff": "fourth"
  },
  {
    "docID": "N243 Bretzner et al., 2010",
    "et": "VertebralArea",
    "off": 9431,
    "sff": "T75"
  },
  {
    "docID": "N243 Bretzner et al., 2010",
    "et": "VertebralArea",
    "off": 9506,
    "sff": "T75"
  },
  {
    "docID": "N243 Bretzner et al., 2010",
    "et": "VertebralArea",
    "off": 11591,
    "sff": "fifth"
  },
  {
    "docID": "N243 Bretzner et al., 2010",
    "et": "C7",
    "off": 19008,
    "sff": "C7"
  }
]
