[
  {
    "docID": "N244 Cloutier 2016",
    "et": "T5",
    "off": 17140,
    "sff": "T5"
  },
  {
    "docID": "N244 Cloutier 2016",
    "et": "T6",
    "off": 17143,
    "sff": "T6"
  },
  {
    "docID": "N244 Cloutier 2016",
    "et": "VertebralArea",
    "off": 17140,
    "sff": "T5–T6"
  },
  {
    "docID": "N244 Cloutier 2016",
    "et": "VertebralArea",
    "off": 17072,
    "sff": "T2–T3"
  },
  {
    "docID": "N244 Cloutier 2016",
    "et": "VertebralArea",
    "off": 5602,
    "sff": "T4/5"
  },
  {
    "docID": "N244 Cloutier 2016",
    "et": "T2",
    "off": 17072,
    "sff": "T2"
  },
  {
    "docID": "N244 Cloutier 2016",
    "et": "T3",
    "off": 8907,
    "sff": "T3"
  },
  {
    "docID": "N244 Cloutier 2016",
    "et": "T3",
    "off": 17075,
    "sff": "T3"
  },
  {
    "docID": "N244 Cloutier 2016",
    "et": "T4",
    "off": 21177,
    "sff": "T4"
  },
  {
    "docID": "N244 Cloutier 2016",
    "et": "T4",
    "off": 4029,
    "sff": "T4"
  },
  {
    "docID": "N244 Cloutier 2016",
    "et": "T4",
    "off": 1675,
    "sff": "T4"
  },
  {
    "docID": "N244 Cloutier 2016",
    "et": "T4",
    "off": 26764,
    "sff": "T4"
  },
  {
    "docID": "N244 Cloutier 2016",
    "et": "T4",
    "off": 4081,
    "sff": "T4"
  },
  {
    "docID": "N244 Cloutier 2016",
    "et": "T4",
    "off": 5602,
    "sff": "T4"
  },
  {
    "docID": "N244 Cloutier 2016",
    "et": "T4",
    "off": 3589,
    "sff": "T4"
  },
  {
    "docID": "N244 Cloutier 2016",
    "et": "T4",
    "off": 18149,
    "sff": "T4"
  },
  {
    "docID": "N244 Cloutier 2016",
    "et": "T4",
    "off": 8947,
    "sff": "T4"
  }
]
