[
  {
    "docID": "N246 Gu 2017",
    "et": "T9",
    "off": 20726,
    "sff": "T9"
  },
  {
    "docID": "N246 Gu 2017",
    "et": "T9",
    "off": 31865,
    "sff": "T9"
  },
  {
    "docID": "N246 Gu 2017",
    "et": "T10",
    "off": 31935,
    "sff": "T10"
  },
  {
    "docID": "N246 Gu 2017",
    "et": "T10",
    "off": 20733,
    "sff": "T10"
  },
  {
    "docID": "N246 Gu 2017",
    "et": "T10",
    "off": 409,
    "sff": "T10"
  },
  {
    "docID": "N246 Gu 2017",
    "et": "VertebralArea",
    "off": 31865,
    "sff": "T9-10"
  },
  {
    "docID": "N246 Gu 2017",
    "et": "VertebralArea",
    "off": 409,
    "sff": "T10"
  },
  {
    "docID": "N246 Gu 2017",
    "et": "VertebralArea",
    "off": 20733,
    "sff": "T10"
  },
  {
    "docID": "N246 Gu 2017",
    "et": "VertebralArea",
    "off": 20726,
    "sff": "T9 and T10"
  },
  {
    "docID": "N246 Gu 2017",
    "et": "VertebralArea",
    "off": 31935,
    "sff": "T10"
  },
  {
    "docID": "N246 Gu 2017",
    "et": "T1",
    "off": 8302,
    "sff": "T1"
  },
  {
    "docID": "N246 Gu 2017",
    "et": "T1",
    "off": 13817,
    "sff": "T1"
  },
  {
    "docID": "N246 Gu 2017",
    "et": "T1",
    "off": 33928,
    "sff": "T1"
  },
  {
    "docID": "N246 Gu 2017",
    "et": "T2",
    "off": 13851,
    "sff": "T2"
  },
  {
    "docID": "N246 Gu 2017",
    "et": "T2",
    "off": 8457,
    "sff": "T2"
  },
  {
    "docID": "N246 Gu 2017",
    "et": "T2",
    "off": 33944,
    "sff": "T2"
  }
]
