[
  {
    "docID": "N248 Imaizumi",
    "et": "T5",
    "off": 26496,
    "sff": "T5"
  },
  {
    "docID": "N248 Imaizumi",
    "et": "T6",
    "off": 26705,
    "sff": "T6"
  },
  {
    "docID": "N248 Imaizumi",
    "et": "L1",
    "off": 26712,
    "sff": "L1"
  },
  {
    "docID": "N248 Imaizumi",
    "et": "L2",
    "off": 26503,
    "sff": "L2"
  },
  {
    "docID": "N248 Imaizumi",
    "et": "T11",
    "off": 25425,
    "sff": "T11"
  },
  {
    "docID": "N248 Imaizumi",
    "et": "T11",
    "off": 25381,
    "sff": "T11"
  },
  {
    "docID": "N248 Imaizumi",
    "et": "VertebralArea",
    "off": 26705,
    "sff": "T6 and L1"
  },
  {
    "docID": "N248 Imaizumi",
    "et": "VertebralArea",
    "off": 26496,
    "sff": "T5 and L2"
  }
]
