[
  {
    "docID": "N249 Khankan",
    "et": "T6",
    "off": 11950,
    "sff": "T6"
  },
  {
    "docID": "N249 Khankan",
    "et": "T8",
    "off": 12031,
    "sff": "T8"
  },
  {
    "docID": "N249 Khankan",
    "et": "L1",
    "off": 11956,
    "sff": "L1"
  },
  {
    "docID": "N249 Khankan",
    "et": "T9",
    "off": 12038,
    "sff": "T9"
  },
  {
    "docID": "N249 Khankan",
    "et": "T9",
    "off": 12285,
    "sff": "T9"
  },
  {
    "docID": "N249 Khankan",
    "et": "VertebralArea",
    "off": 12031,
    "sff": "T8 and T9"
  }
]
