[
  {
    "docID": "N251 Nategh",
    "et": "T9",
    "off": 4628,
    "sff": "T9"
  },
  {
    "docID": "N251 Nategh",
    "et": "T10",
    "off": 4631,
    "sff": "T10"
  },
  {
    "docID": "N251 Nategh",
    "et": "T12",
    "off": 4572,
    "sff": "T12"
  },
  {
    "docID": "N251 Nategh",
    "et": "VertebralArea",
    "off": 4569,
    "sff": "T4-T12"
  },
  {
    "docID": "N251 Nategh",
    "et": "VertebralArea",
    "off": 4628,
    "sff": "T9-T10"
  },
  {
    "docID": "N251 Nategh",
    "et": "T4",
    "off": 4569,
    "sff": "T4"
  }
]
