[
  {
    "docID": "N253 Salehi 2009",
    "et": "T8",
    "off": 10108,
    "sff": "T8"
  },
  {
    "docID": "N253 Salehi 2009",
    "et": "L1",
    "off": 30135,
    "sff": "L1"
  },
  {
    "docID": "N253 Salehi 2009",
    "et": "T9",
    "off": 11418,
    "sff": "T9"
  },
  {
    "docID": "N253 Salehi 2009",
    "et": "T9",
    "off": 10111,
    "sff": "T9"
  },
  {
    "docID": "N253 Salehi 2009",
    "et": "Vertebrae",
    "off": 9856,
    "sff": "vertebrae"
  },
  {
    "docID": "N253 Salehi 2009",
    "et": "T11",
    "off": 9870,
    "sff": "T11"
  },
  {
    "docID": "N253 Salehi 2009",
    "et": "T10",
    "off": 9953,
    "sff": "T10"
  },
  {
    "docID": "N253 Salehi 2009",
    "et": "T10",
    "off": 9866,
    "sff": "T10"
  },
  {
    "docID": "N253 Salehi 2009",
    "et": "VertebralArea",
    "off": 10108,
    "sff": "T8-T9"
  },
  {
    "docID": "N253 Salehi 2009",
    "et": "VertebralArea",
    "off": 9953,
    "sff": "T10"
  },
  {
    "docID": "N253 Salehi 2009",
    "et": "VertebralArea",
    "off": 9866,
    "sff": "T10-T11"
  }
]
