[
  {
    "docID": "N254 Tsa 2017",
    "et": "T7",
    "off": 19963,
    "sff": "T7"
  },
  {
    "docID": "N254 Tsa 2017",
    "et": "T7",
    "off": 22972,
    "sff": "T7"
  },
  {
    "docID": "N254 Tsa 2017",
    "et": "T7",
    "off": 31340,
    "sff": "T7"
  },
  {
    "docID": "N254 Tsa 2017",
    "et": "T7",
    "off": 27502,
    "sff": "T7"
  },
  {
    "docID": "N254 Tsa 2017",
    "et": "T7",
    "off": 12735,
    "sff": "T7"
  },
  {
    "docID": "N254 Tsa 2017",
    "et": "T8",
    "off": 11453,
    "sff": "T8"
  },
  {
    "docID": "N254 Tsa 2017",
    "et": "T8",
    "off": 5244,
    "sff": "T8"
  },
  {
    "docID": "N254 Tsa 2017",
    "et": "T8",
    "off": 27251,
    "sff": "T8"
  },
  {
    "docID": "N254 Tsa 2017",
    "et": "T8",
    "off": 32355,
    "sff": "T8"
  },
  {
    "docID": "N254 Tsa 2017",
    "et": "T8",
    "off": 27170,
    "sff": "T8"
  },
  {
    "docID": "N254 Tsa 2017",
    "et": "T8",
    "off": 26837,
    "sff": "T8"
  },
  {
    "docID": "N254 Tsa 2017",
    "et": "T8",
    "off": 11294,
    "sff": "T8"
  },
  {
    "docID": "N254 Tsa 2017",
    "et": "T9",
    "off": 12739,
    "sff": "T9"
  },
  {
    "docID": "N254 Tsa 2017",
    "et": "T9",
    "off": 27507,
    "sff": "T9"
  },
  {
    "docID": "N254 Tsa 2017",
    "et": "T9",
    "off": 19968,
    "sff": "T9"
  },
  {
    "docID": "N254 Tsa 2017",
    "et": "T12",
    "off": 22990,
    "sff": "T12"
  },
  {
    "docID": "N254 Tsa 2017",
    "et": "T12",
    "off": 31489,
    "sff": "T12"
  },
  {
    "docID": "N254 Tsa 2017",
    "et": "T12",
    "off": 16635,
    "sff": "T12"
  },
  {
    "docID": "N254 Tsa 2017",
    "et": "VertebralArea",
    "off": 16635,
    "sff": "T12"
  },
  {
    "docID": "N254 Tsa 2017",
    "et": "VertebralArea",
    "off": 31489,
    "sff": "T12"
  },
  {
    "docID": "N254 Tsa 2017",
    "et": "VertebralArea",
    "off": 22990,
    "sff": "T12"
  }
]
