[
  {
    "docID": "N002 Takeuchi, Yoshioka, N.a  b  c  d et al. 2013",
    "et": "Weight",
    "off": 37937,
    "sff": "0.01 mg"
  },
  {
    "docID": "N002 Takeuchi, Yoshioka, N.a  b  c  d et al. 2013",
    "et": "Weight",
    "off": 35793,
    "sff": "6 mg"
  },
  {
    "docID": "N002 Takeuchi, Yoshioka, N.a  b  c  d et al. 2013",
    "et": "RatModel",
    "off": 42425,
    "sff": "rat"
  },
  {
    "docID": "N002 Takeuchi, Yoshioka, N.a  b  c  d et al. 2013",
    "et": "RatModel",
    "off": 47581,
    "sff": "rat"
  },
  {
    "docID": "N002 Takeuchi, Yoshioka, N.a  b  c  d et al. 2013",
    "et": "RatModel",
    "off": 50256,
    "sff": "rat"
  },
  {
    "docID": "N002 Takeuchi, Yoshioka, N.a  b  c  d et al. 2013",
    "et": "NewZealandRabbit",
    "off": 29245,
    "sff": "new"
  },
  {
    "docID": "N002 Takeuchi, Yoshioka, N.a  b  c  d et al. 2013",
    "et": "NewZealandRabbit",
    "off": 25122,
    "sff": "new"
  },
  {
    "docID": "N002 Takeuchi, Yoshioka, N.a  b  c  d et al. 2013",
    "et": "NewZealandRabbit",
    "off": 40812,
    "sff": "new"
  },
  {
    "docID": "N002 Takeuchi, Yoshioka, N.a  b  c  d et al. 2013",
    "et": "NewZealandRabbit",
    "off": 33995,
    "sff": "New"
  },
  {
    "docID": "N002 Takeuchi, Yoshioka, N.a  b  c  d et al. 2013",
    "et": "MouseModel",
    "off": 31295,
    "sff": "mouse"
  },
  {
    "docID": "N002 Takeuchi, Yoshioka, N.a  b  c  d et al. 2013",
    "et": "MouseModel",
    "off": 31487,
    "sff": "mouse"
  },
  {
    "docID": "N002 Takeuchi, Yoshioka, N.a  b  c  d et al. 2013",
    "et": "MouseModel",
    "off": 47922,
    "sff": "mouse"
  },
  {
    "docID": "N002 Takeuchi, Yoshioka, N.a  b  c  d et al. 2013",
    "et": "MouseModel",
    "off": 15866,
    "sff": "mouse"
  },
  {
    "docID": "N002 Takeuchi, Yoshioka, N.a  b  c  d et al. 2013",
    "et": "MouseModel",
    "off": 31242,
    "sff": "mouse"
  },
  {
    "docID": "N002 Takeuchi, Yoshioka, N.a  b  c  d et al. 2013",
    "et": "MouseModel",
    "off": 32885,
    "sff": "mouse"
  },
  {
    "docID": "N002 Takeuchi, Yoshioka, N.a  b  c  d et al. 2013",
    "et": "MouseModel",
    "off": 36821,
    "sff": "mouse"
  },
  {
    "docID": "N002 Takeuchi, Yoshioka, N.a  b  c  d et al. 2013",
    "et": "C57_BL6_Mouse",
    "off": 31036,
    "sff": "C57BL/6N"
  },
  {
    "docID": "N002 Takeuchi, Yoshioka, N.a  b  c  d et al. 2013",
    "et": "C57_BL6_Mouse",
    "off": 31725,
    "sff": "C57BL/6N"
  },
  {
    "docID": "N002 Takeuchi, Yoshioka, N.a  b  c  d et al. 2013",
    "et": "C57_BL6_Mouse",
    "off": 31098,
    "sff": "C57BL/6N"
  },
  {
    "docID": "N002 Takeuchi, Yoshioka, N.a  b  c  d et al. 2013",
    "et": "C57_BL6_Mouse",
    "off": 31870,
    "sff": "C57BL/6J"
  },
  {
    "docID": "N002 Takeuchi, Yoshioka, N.a  b  c  d et al. 2013",
    "et": "C57_BL6_Mouse",
    "off": 31641,
    "sff": "C57BL/6N mice"
  },
  {
    "docID": "N002 Takeuchi, Yoshioka, N.a  b  c  d et al. 2013",
    "et": "C57_BL6_Mouse",
    "off": 31641,
    "sff": "C57BL/6N"
  },
  {
    "docID": "N002 Takeuchi, Yoshioka, N.a  b  c  d et al. 2013",
    "et": "C57_BL6_Mouse",
    "off": 31725,
    "sff": "C57BL/6N mice"
  },
  {
    "docID": "N002 Takeuchi, Yoshioka, N.a  b  c  d et al. 2013",
    "et": "C57_BL6_Mouse",
    "off": 31036,
    "sff": "C57BL/6N strain"
  },
  {
    "docID": "N002 Takeuchi, Yoshioka, N.a  b  c  d et al. 2013",
    "et": "RatSpecies",
    "off": 50256,
    "sff": "rat"
  },
  {
    "docID": "N002 Takeuchi, Yoshioka, N.a  b  c  d et al. 2013",
    "et": "RatSpecies",
    "off": 47581,
    "sff": "rat"
  },
  {
    "docID": "N002 Takeuchi, Yoshioka, N.a  b  c  d et al. 2013",
    "et": "RatSpecies",
    "off": 42425,
    "sff": "rat"
  },
  {
    "docID": "N002 Takeuchi, Yoshioka, N.a  b  c  d et al. 2013",
    "et": "Male",
    "off": 31880,
    "sff": "male"
  },
  {
    "docID": "N002 Takeuchi, Yoshioka, N.a  b  c  d et al. 2013",
    "et": "MouseSpecies",
    "off": 47922,
    "sff": "mouse"
  },
  {
    "docID": "N002 Takeuchi, Yoshioka, N.a  b  c  d et al. 2013",
    "et": "MouseSpecies",
    "off": 31295,
    "sff": "mouse"
  },
  {
    "docID": "N002 Takeuchi, Yoshioka, N.a  b  c  d et al. 2013",
    "et": "MouseSpecies",
    "off": 31487,
    "sff": "mouse"
  },
  {
    "docID": "N002 Takeuchi, Yoshioka, N.a  b  c  d et al. 2013",
    "et": "MouseSpecies",
    "off": 15866,
    "sff": "mouse"
  },
  {
    "docID": "N002 Takeuchi, Yoshioka, N.a  b  c  d et al. 2013",
    "et": "MouseSpecies",
    "off": 31242,
    "sff": "mouse"
  },
  {
    "docID": "N002 Takeuchi, Yoshioka, N.a  b  c  d et al. 2013",
    "et": "MouseSpecies",
    "off": 32885,
    "sff": "mouse"
  },
  {
    "docID": "N002 Takeuchi, Yoshioka, N.a  b  c  d et al. 2013",
    "et": "MouseSpecies",
    "off": 36821,
    "sff": "mouse"
  },
  {
    "docID": "N002 Takeuchi, Yoshioka, N.a  b  c  d et al. 2013",
    "et": "Adult",
    "off": 42980,
    "sff": "adult"
  },
  {
    "docID": "N002 Takeuchi, Yoshioka, N.a  b  c  d et al. 2013",
    "et": "Adult",
    "off": 41605,
    "sff": "adult"
  },
  {
    "docID": "N002 Takeuchi, Yoshioka, N.a  b  c  d et al. 2013",
    "et": "Adult",
    "off": 2011,
    "sff": "adult"
  },
  {
    "docID": "N002 Takeuchi, Yoshioka, N.a  b  c  d et al. 2013",
    "et": "Adult",
    "off": 41468,
    "sff": "adult"
  },
  {
    "docID": "N002 Takeuchi, Yoshioka, N.a  b  c  d et al. 2013",
    "et": "Adult",
    "off": 1764,
    "sff": "adult"
  },
  {
    "docID": "N002 Takeuchi, Yoshioka, N.a  b  c  d et al. 2013",
    "et": "LongEvansRat",
    "off": 30582,
    "sff": "long"
  },
  {
    "docID": "N002 Takeuchi, Yoshioka, N.a  b  c  d et al. 2013",
    "et": "LongEvansRat",
    "off": 30553,
    "sff": "long"
  },
  {
    "docID": "N002 Takeuchi, Yoshioka, N.a  b  c  d et al. 2013",
    "et": "LongEvansRat",
    "off": 33340,
    "sff": "long"
  },
  {
    "docID": "N002 Takeuchi, Yoshioka, N.a  b  c  d et al. 2013",
    "et": "Age",
    "off": 23555,
    "sff": "6d"
  },
  {
    "docID": "N002 Takeuchi, Yoshioka, N.a  b  c  d et al. 2013",
    "et": "Age",
    "off": 6204,
    "sff": "8 weeks"
  },
  {
    "docID": "N002 Takeuchi, Yoshioka, N.a  b  c  d et al. 2013",
    "et": "Age",
    "off": 32456,
    "sff": "6–8 weeks"
  },
  {
    "docID": "N002 Takeuchi, Yoshioka, N.a  b  c  d et al. 2013",
    "et": "Age",
    "off": 10285,
    "sff": "6 weeks"
  },
  {
    "docID": "N002 Takeuchi, Yoshioka, N.a  b  c  d et al. 2013",
    "et": "Age",
    "off": 31854,
    "sff": "8–10 weeks old"
  },
  {
    "docID": "N002 Takeuchi, Yoshioka, N.a  b  c  d et al. 2013",
    "et": "Age",
    "off": 37345,
    "sff": "2 weeks"
  },
  {
    "docID": "N002 Takeuchi, Yoshioka, N.a  b  c  d et al. 2013",
    "et": "Age",
    "off": 6373,
    "sff": "2 weeks"
  },
  {
    "docID": "N002 Takeuchi, Yoshioka, N.a  b  c  d et al. 2013",
    "et": "Age",
    "off": 10661,
    "sff": "2 weeks"
  },
  {
    "docID": "N002 Takeuchi, Yoshioka, N.a  b  c  d et al. 2013",
    "et": "Age",
    "off": 36906,
    "sff": "8 weeks"
  },
  {
    "docID": "N002 Takeuchi, Yoshioka, N.a  b  c  d et al. 2013",
    "et": "Age",
    "off": 9461,
    "sff": "2w"
  },
  {
    "docID": "N002 Takeuchi, Yoshioka, N.a  b  c  d et al. 2013",
    "et": "Age",
    "off": 19429,
    "sff": "3d"
  },
  {
    "docID": "N002 Takeuchi, Yoshioka, N.a  b  c  d et al. 2013",
    "et": "Age",
    "off": 35601,
    "sff": "2 weeks"
  },
  {
    "docID": "N002 Takeuchi, Yoshioka, N.a  b  c  d et al. 2013",
    "et": "Age",
    "off": 16636,
    "sff": "1d"
  },
  {
    "docID": "N002 Takeuchi, Yoshioka, N.a  b  c  d et al. 2013",
    "et": "Age",
    "off": 30550,
    "sff": "7W"
  },
  {
    "docID": "N002 Takeuchi, Yoshioka, N.a  b  c  d et al. 2013",
    "et": "Age",
    "off": 10508,
    "sff": "2 weeks"
  },
  {
    "docID": "N002 Takeuchi, Yoshioka, N.a  b  c  d et al. 2013",
    "et": "Age",
    "off": 16371,
    "sff": "1d"
  },
  {
    "docID": "N002 Takeuchi, Yoshioka, N.a  b  c  d et al. 2013",
    "et": "Age",
    "off": 38006,
    "sff": "2 days"
  },
  {
    "docID": "N002 Takeuchi, Yoshioka, N.a  b  c  d et al. 2013",
    "et": "Age",
    "off": 9168,
    "sff": "2w"
  },
  {
    "docID": "N002 Takeuchi, Yoshioka, N.a  b  c  d et al. 2013",
    "et": "Age",
    "off": 30579,
    "sff": "4W"
  },
  {
    "docID": "N002 Takeuchi, Yoshioka, N.a  b  c  d et al. 2013",
    "et": "Age",
    "off": 8116,
    "sff": "3 weeks"
  },
  {
    "docID": "N002 Takeuchi, Yoshioka, N.a  b  c  d et al. 2013",
    "et": "Age",
    "off": 9329,
    "sff": "2 weeks"
  },
  {
    "docID": "N002 Takeuchi, Yoshioka, N.a  b  c  d et al. 2013",
    "et": "Age",
    "off": 23775,
    "sff": "6d"
  },
  {
    "docID": "N002 Takeuchi, Yoshioka, N.a  b  c  d et al. 2013",
    "et": "Age",
    "off": 4909,
    "sff": "4 weeks"
  },
  {
    "docID": "N002 Takeuchi, Yoshioka, N.a  b  c  d et al. 2013",
    "et": "Age",
    "off": 7415,
    "sff": "2 weeks"
  },
  {
    "docID": "N002 Takeuchi, Yoshioka, N.a  b  c  d et al. 2013",
    "et": "Age",
    "off": 34886,
    "sff": "8–10 w"
  }
]
