[
  {
    "docID": "N003 Starkey, Bartus et al. 2012",
    "et": "Weight",
    "off": 41012,
    "sff": "3G"
  },
  {
    "docID": "N003 Starkey, Bartus et al. 2012",
    "et": "Weight",
    "off": 8877,
    "sff": "20–25 g"
  },
  {
    "docID": "N003 Starkey, Bartus et al. 2012",
    "et": "Weight",
    "off": 41551,
    "sff": "3G"
  },
  {
    "docID": "N003 Starkey, Bartus et al. 2012",
    "et": "RatModel",
    "off": 72504,
    "sff": "rat"
  },
  {
    "docID": "N003 Starkey, Bartus et al. 2012",
    "et": "RatModel",
    "off": 79159,
    "sff": "rat"
  },
  {
    "docID": "N003 Starkey, Bartus et al. 2012",
    "et": "RatModel",
    "off": 76946,
    "sff": "rat"
  },
  {
    "docID": "N003 Starkey, Bartus et al. 2012",
    "et": "RatModel",
    "off": 76721,
    "sff": "rat"
  },
  {
    "docID": "N003 Starkey, Bartus et al. 2012",
    "et": "RatModel",
    "off": 82724,
    "sff": "rat"
  },
  {
    "docID": "N003 Starkey, Bartus et al. 2012",
    "et": "RatModel",
    "off": 71550,
    "sff": "rat"
  },
  {
    "docID": "N003 Starkey, Bartus et al. 2012",
    "et": "RatModel",
    "off": 74333,
    "sff": "rat"
  },
  {
    "docID": "N003 Starkey, Bartus et al. 2012",
    "et": "RatModel",
    "off": 78604,
    "sff": "rat"
  },
  {
    "docID": "N003 Starkey, Bartus et al. 2012",
    "et": "NewZealandRabbit",
    "off": 52995,
    "sff": "new"
  },
  {
    "docID": "N003 Starkey, Bartus et al. 2012",
    "et": "NewZealandRabbit",
    "off": 69635,
    "sff": "new"
  },
  {
    "docID": "N003 Starkey, Bartus et al. 2012",
    "et": "NewZealandRabbit",
    "off": 61727,
    "sff": "new"
  },
  {
    "docID": "N003 Starkey, Bartus et al. 2012",
    "et": "RabbitSpecies",
    "off": 18739,
    "sff": "rabbit"
  },
  {
    "docID": "N003 Starkey, Bartus et al. 2012",
    "et": "RabbitSpecies",
    "off": 20185,
    "sff": "rabbit"
  },
  {
    "docID": "N003 Starkey, Bartus et al. 2012",
    "et": "Young",
    "off": 74669,
    "sff": "Young"
  },
  {
    "docID": "N003 Starkey, Bartus et al. 2012",
    "et": "Aged",
    "off": 79663,
    "sff": "aged"
  },
  {
    "docID": "N003 Starkey, Bartus et al. 2012",
    "et": "MouseModel",
    "off": 71990,
    "sff": "mouse"
  },
  {
    "docID": "N003 Starkey, Bartus et al. 2012",
    "et": "MouseModel",
    "off": 22965,
    "sff": "mouse"
  },
  {
    "docID": "N003 Starkey, Bartus et al. 2012",
    "et": "MouseModel",
    "off": 7498,
    "sff": "mouse"
  },
  {
    "docID": "N003 Starkey, Bartus et al. 2012",
    "et": "RabbitModel",
    "off": 18739,
    "sff": "rabbit"
  },
  {
    "docID": "N003 Starkey, Bartus et al. 2012",
    "et": "RabbitModel",
    "off": 20185,
    "sff": "rabbit"
  },
  {
    "docID": "N003 Starkey, Bartus et al. 2012",
    "et": "C57_BL6_Mouse",
    "off": 1021,
    "sff": "C57BL/6 mice"
  },
  {
    "docID": "N003 Starkey, Bartus et al. 2012",
    "et": "C57_BL6_Mouse",
    "off": 8851,
    "sff": "C57BL/6 mice"
  },
  {
    "docID": "N003 Starkey, Bartus et al. 2012",
    "et": "C57_BL6_Mouse",
    "off": 8851,
    "sff": "C57BL/6"
  },
  {
    "docID": "N003 Starkey, Bartus et al. 2012",
    "et": "C57_BL6_Mouse",
    "off": 1021,
    "sff": "C57BL/6"
  },
  {
    "docID": "N003 Starkey, Bartus et al. 2012",
    "et": "RatSpecies",
    "off": 72504,
    "sff": "rat"
  },
  {
    "docID": "N003 Starkey, Bartus et al. 2012",
    "et": "RatSpecies",
    "off": 82724,
    "sff": "rat"
  },
  {
    "docID": "N003 Starkey, Bartus et al. 2012",
    "et": "RatSpecies",
    "off": 79159,
    "sff": "rat"
  },
  {
    "docID": "N003 Starkey, Bartus et al. 2012",
    "et": "RatSpecies",
    "off": 71550,
    "sff": "rat"
  },
  {
    "docID": "N003 Starkey, Bartus et al. 2012",
    "et": "RatSpecies",
    "off": 76721,
    "sff": "rat"
  },
  {
    "docID": "N003 Starkey, Bartus et al. 2012",
    "et": "RatSpecies",
    "off": 76946,
    "sff": "rat"
  },
  {
    "docID": "N003 Starkey, Bartus et al. 2012",
    "et": "RatSpecies",
    "off": 78604,
    "sff": "rat"
  },
  {
    "docID": "N003 Starkey, Bartus et al. 2012",
    "et": "RatSpecies",
    "off": 74333,
    "sff": "rat"
  },
  {
    "docID": "N003 Starkey, Bartus et al. 2012",
    "et": "Male",
    "off": 8846,
    "sff": "male"
  },
  {
    "docID": "N003 Starkey, Bartus et al. 2012",
    "et": "MouseSpecies",
    "off": 22965,
    "sff": "mouse"
  },
  {
    "docID": "N003 Starkey, Bartus et al. 2012",
    "et": "MouseSpecies",
    "off": 71990,
    "sff": "mouse"
  },
  {
    "docID": "N003 Starkey, Bartus et al. 2012",
    "et": "MouseSpecies",
    "off": 7498,
    "sff": "mouse"
  },
  {
    "docID": "N003 Starkey, Bartus et al. 2012",
    "et": "HartleyGuineaPig",
    "off": 69745,
    "sff": "Hartley"
  },
  {
    "docID": "N003 Starkey, Bartus et al. 2012",
    "et": "FischerRat",
    "off": 76606,
    "sff": "Fischer"
  },
  {
    "docID": "N003 Starkey, Bartus et al. 2012",
    "et": "Adult",
    "off": 3141,
    "sff": "adult"
  },
  {
    "docID": "N003 Starkey, Bartus et al. 2012",
    "et": "Adult",
    "off": 7492,
    "sff": "adult"
  },
  {
    "docID": "N003 Starkey, Bartus et al. 2012",
    "et": "Adult",
    "off": 82088,
    "sff": "adult"
  },
  {
    "docID": "N003 Starkey, Bartus et al. 2012",
    "et": "Adult",
    "off": 73962,
    "sff": "mature"
  },
  {
    "docID": "N003 Starkey, Bartus et al. 2012",
    "et": "Adult",
    "off": 2530,
    "sff": "adult"
  },
  {
    "docID": "N003 Starkey, Bartus et al. 2012",
    "et": "Adult",
    "off": 8840,
    "sff": "adult"
  },
  {
    "docID": "N003 Starkey, Bartus et al. 2012",
    "et": "Adult",
    "off": 4679,
    "sff": "adult"
  },
  {
    "docID": "N003 Starkey, Bartus et al. 2012",
    "et": "Adult",
    "off": 294,
    "sff": "adult"
  },
  {
    "docID": "N003 Starkey, Bartus et al. 2012",
    "et": "Adult",
    "off": 78021,
    "sff": "adult"
  },
  {
    "docID": "N003 Starkey, Bartus et al. 2012",
    "et": "Adult",
    "off": 83973,
    "sff": "adult"
  },
  {
    "docID": "N003 Starkey, Bartus et al. 2012",
    "et": "Adult",
    "off": 1015,
    "sff": "Adult"
  },
  {
    "docID": "N003 Starkey, Bartus et al. 2012",
    "et": "Adult",
    "off": 71114,
    "sff": "adult"
  },
  {
    "docID": "N003 Starkey, Bartus et al. 2012",
    "et": "Adult",
    "off": 75403,
    "sff": "adult"
  },
  {
    "docID": "N003 Starkey, Bartus et al. 2012",
    "et": "Adult",
    "off": 76715,
    "sff": "adult"
  },
  {
    "docID": "N003 Starkey, Bartus et al. 2012",
    "et": "Adult",
    "off": 77835,
    "sff": "adult"
  },
  {
    "docID": "N003 Starkey, Bartus et al. 2012",
    "et": "Adult",
    "off": 76940,
    "sff": "adult"
  },
  {
    "docID": "N003 Starkey, Bartus et al. 2012",
    "et": "Adult",
    "off": 78445,
    "sff": "adult"
  },
  {
    "docID": "N003 Starkey, Bartus et al. 2012",
    "et": "Adult",
    "off": 74327,
    "sff": "adult"
  },
  {
    "docID": "N003 Starkey, Bartus et al. 2012",
    "et": "Adult",
    "off": 81913,
    "sff": "adult"
  },
  {
    "docID": "N003 Starkey, Bartus et al. 2012",
    "et": "Adult",
    "off": 72498,
    "sff": "adult"
  },
  {
    "docID": "N003 Starkey, Bartus et al. 2012",
    "et": "Adult",
    "off": 82995,
    "sff": "adult"
  },
  {
    "docID": "N003 Starkey, Bartus et al. 2012",
    "et": "Adult",
    "off": 69662,
    "sff": "adult"
  },
  {
    "docID": "N003 Starkey, Bartus et al. 2012",
    "et": "Adult",
    "off": 80063,
    "sff": "adult"
  },
  {
    "docID": "N003 Starkey, Bartus et al. 2012",
    "et": "Adult",
    "off": 79900,
    "sff": "adult"
  },
  {
    "docID": "N003 Starkey, Bartus et al. 2012",
    "et": "LongEvansRat",
    "off": 61322,
    "sff": "long"
  },
  {
    "docID": "N003 Starkey, Bartus et al. 2012",
    "et": "LongEvansRat",
    "off": 58191,
    "sff": "long"
  },
  {
    "docID": "N003 Starkey, Bartus et al. 2012",
    "et": "LongEvansRat",
    "off": 40223,
    "sff": "long"
  },
  {
    "docID": "N003 Starkey, Bartus et al. 2012",
    "et": "LongEvansRat",
    "off": 61902,
    "sff": "long"
  },
  {
    "docID": "N003 Starkey, Bartus et al. 2012",
    "et": "Age",
    "off": 31282,
    "sff": "11 days"
  },
  {
    "docID": "N003 Starkey, Bartus et al. 2012",
    "et": "Age",
    "off": 36044,
    "sff": "2 days"
  },
  {
    "docID": "N003 Starkey, Bartus et al. 2012",
    "et": "Age",
    "off": 34430,
    "sff": "1D"
  },
  {
    "docID": "N003 Starkey, Bartus et al. 2012",
    "et": "Age",
    "off": 48050,
    "sff": "11 days"
  },
  {
    "docID": "N003 Starkey, Bartus et al. 2012",
    "et": "Age",
    "off": 29764,
    "sff": "3D"
  },
  {
    "docID": "N003 Starkey, Bartus et al. 2012",
    "et": "Age",
    "off": 32708,
    "sff": "9 weeks"
  },
  {
    "docID": "N003 Starkey, Bartus et al. 2012",
    "et": "Age",
    "off": 48486,
    "sff": "6D"
  },
  {
    "docID": "N003 Starkey, Bartus et al. 2012",
    "et": "Age",
    "off": 9515,
    "sff": "11 days"
  },
  {
    "docID": "N003 Starkey, Bartus et al. 2012",
    "et": "Age",
    "off": 55598,
    "sff": "20 days"
  },
  {
    "docID": "N003 Starkey, Bartus et al. 2012",
    "et": "Age",
    "off": 54957,
    "sff": "10 days"
  },
  {
    "docID": "N003 Starkey, Bartus et al. 2012",
    "et": "Age",
    "off": 55149,
    "sff": "10 days"
  },
  {
    "docID": "N003 Starkey, Bartus et al. 2012",
    "et": "Age",
    "off": 16943,
    "sff": "11 days"
  },
  {
    "docID": "N003 Starkey, Bartus et al. 2012",
    "et": "Age",
    "off": 17026,
    "sff": "3 weeks"
  },
  {
    "docID": "N003 Starkey, Bartus et al. 2012",
    "et": "Age",
    "off": 37386,
    "sff": "14 days"
  },
  {
    "docID": "N003 Starkey, Bartus et al. 2012",
    "et": "Age",
    "off": 37513,
    "sff": "6-week"
  },
  {
    "docID": "N003 Starkey, Bartus et al. 2012",
    "et": "Age",
    "off": 54856,
    "sff": "21 days"
  },
  {
    "docID": "N003 Starkey, Bartus et al. 2012",
    "et": "Age",
    "off": 64837,
    "sff": "3 weeks"
  },
  {
    "docID": "N003 Starkey, Bartus et al. 2012",
    "et": "Age",
    "off": 9668,
    "sff": "6 weeks"
  },
  {
    "docID": "N003 Starkey, Bartus et al. 2012",
    "et": "Age",
    "off": 26877,
    "sff": "21 days"
  },
  {
    "docID": "N003 Starkey, Bartus et al. 2012",
    "et": "Age",
    "off": 48105,
    "sff": "9 weeks"
  },
  {
    "docID": "N003 Starkey, Bartus et al. 2012",
    "et": "Age",
    "off": 11188,
    "sff": "Two days"
  },
  {
    "docID": "N003 Starkey, Bartus et al. 2012",
    "et": "Age",
    "off": 36994,
    "sff": "5 weeks"
  },
  {
    "docID": "N003 Starkey, Bartus et al. 2012",
    "et": "Age",
    "off": 47614,
    "sff": "5D"
  },
  {
    "docID": "N003 Starkey, Bartus et al. 2012",
    "et": "Age",
    "off": 32658,
    "sff": "11 days"
  },
  {
    "docID": "N003 Starkey, Bartus et al. 2012",
    "et": "Age",
    "off": 36885,
    "sff": "21 days"
  },
  {
    "docID": "N003 Starkey, Bartus et al. 2012",
    "et": "Age",
    "off": 17000,
    "sff": "9 weeks"
  },
  {
    "docID": "N003 Starkey, Bartus et al. 2012",
    "et": "Age",
    "off": 27029,
    "sff": "5 weeks"
  },
  {
    "docID": "N003 Starkey, Bartus et al. 2012",
    "et": "Age",
    "off": 46295,
    "sff": "11 days"
  },
  {
    "docID": "N003 Starkey, Bartus et al. 2012",
    "et": "Age",
    "off": 55445,
    "sff": "10 days"
  },
  {
    "docID": "N003 Starkey, Bartus et al. 2012",
    "et": "Age",
    "off": 44807,
    "sff": "4D"
  },
  {
    "docID": "N003 Starkey, Bartus et al. 2012",
    "et": "Age",
    "off": 39978,
    "sff": "3D"
  },
  {
    "docID": "N003 Starkey, Bartus et al. 2012",
    "et": "Age",
    "off": 31319,
    "sff": "10 days"
  },
  {
    "docID": "N003 Starkey, Bartus et al. 2012",
    "et": "Age",
    "off": 32029,
    "sff": "9 weeks"
  },
  {
    "docID": "N003 Starkey, Bartus et al. 2012",
    "et": "Age",
    "off": 1485,
    "sff": "5 weeks"
  },
  {
    "docID": "N003 Starkey, Bartus et al. 2012",
    "et": "Age",
    "off": 47450,
    "sff": "9 weeks"
  },
  {
    "docID": "N003 Starkey, Bartus et al. 2012",
    "et": "Age",
    "off": 43756,
    "sff": "3D"
  },
  {
    "docID": "N003 Starkey, Bartus et al. 2012",
    "et": "Age",
    "off": 15628,
    "sff": "6 weeks"
  },
  {
    "docID": "N003 Starkey, Bartus et al. 2012",
    "et": "Age",
    "off": 59692,
    "sff": "2–5 weeks"
  },
  {
    "docID": "N003 Starkey, Bartus et al. 2012",
    "et": "Age",
    "off": 37183,
    "sff": "2 weeks"
  },
  {
    "docID": "N003 Starkey, Bartus et al. 2012",
    "et": "Age",
    "off": 37472,
    "sff": "3 weeks"
  },
  {
    "docID": "N003 Starkey, Bartus et al. 2012",
    "et": "Age",
    "off": 9810,
    "sff": "9 weeks"
  },
  {
    "docID": "N003 Starkey, Bartus et al. 2012",
    "et": "Age",
    "off": 37018,
    "sff": "35 days"
  },
  {
    "docID": "N003 Starkey, Bartus et al. 2012",
    "et": "Age",
    "off": 43184,
    "sff": "5-week"
  },
  {
    "docID": "N003 Starkey, Bartus et al. 2012",
    "et": "Age",
    "off": 54552,
    "sff": "6 weeks"
  }
]
