[
  {
    "docID": "N006 Filous, Tran et al. 2014",
    "et": "Weight",
    "off": 5649,
    "sff": "800µg"
  },
  {
    "docID": "N006 Filous, Tran et al. 2014",
    "et": "Weight",
    "off": 49093,
    "sff": "5g"
  },
  {
    "docID": "N006 Filous, Tran et al. 2014",
    "et": "Weight",
    "off": 46063,
    "sff": "4g"
  },
  {
    "docID": "N006 Filous, Tran et al. 2014",
    "et": "Weight",
    "off": 36995,
    "sff": "1g"
  },
  {
    "docID": "N006 Filous, Tran et al. 2014",
    "et": "Weight",
    "off": 17638,
    "sff": "250 –300 g"
  },
  {
    "docID": "N006 Filous, Tran et al. 2014",
    "et": "Weight",
    "off": 52202,
    "sff": "6g"
  },
  {
    "docID": "N006 Filous, Tran et al. 2014",
    "et": "RatModel",
    "off": 22777,
    "sff": "rat"
  },
  {
    "docID": "N006 Filous, Tran et al. 2014",
    "et": "RatModel",
    "off": 79423,
    "sff": "rat"
  },
  {
    "docID": "N006 Filous, Tran et al. 2014",
    "et": "RatModel",
    "off": 38397,
    "sff": "rat"
  },
  {
    "docID": "N006 Filous, Tran et al. 2014",
    "et": "RatModel",
    "off": 24148,
    "sff": "rat"
  },
  {
    "docID": "N006 Filous, Tran et al. 2014",
    "et": "RatModel",
    "off": 37716,
    "sff": "rat"
  },
  {
    "docID": "N006 Filous, Tran et al. 2014",
    "et": "RatModel",
    "off": 38275,
    "sff": "rat"
  },
  {
    "docID": "N006 Filous, Tran et al. 2014",
    "et": "RatModel",
    "off": 36053,
    "sff": "rat"
  },
  {
    "docID": "N006 Filous, Tran et al. 2014",
    "et": "RatModel",
    "off": 38519,
    "sff": "rat"
  },
  {
    "docID": "N006 Filous, Tran et al. 2014",
    "et": "RatModel",
    "off": 79190,
    "sff": "rat"
  },
  {
    "docID": "N006 Filous, Tran et al. 2014",
    "et": "NewZealandRabbit",
    "off": 886,
    "sff": "New"
  },
  {
    "docID": "N006 Filous, Tran et al. 2014",
    "et": "NewZealandRabbit",
    "off": 76617,
    "sff": "New"
  },
  {
    "docID": "N006 Filous, Tran et al. 2014",
    "et": "NewZealandRabbit",
    "off": 44932,
    "sff": "new"
  },
  {
    "docID": "N006 Filous, Tran et al. 2014",
    "et": "NewZealandRabbit",
    "off": 5091,
    "sff": "new"
  },
  {
    "docID": "N006 Filous, Tran et al. 2014",
    "et": "NewZealandRabbit",
    "off": 64528,
    "sff": "new"
  },
  {
    "docID": "N006 Filous, Tran et al. 2014",
    "et": "SpragueDawleyRat",
    "off": 6562,
    "sff": "Sprague Dawley"
  },
  {
    "docID": "N006 Filous, Tran et al. 2014",
    "et": "SpragueDawleyRat",
    "off": 17617,
    "sff": "Sprague Dawley"
  },
  {
    "docID": "N006 Filous, Tran et al. 2014",
    "et": "SpragueDawleyRat",
    "off": 6562,
    "sff": "Sprague Dawley rats"
  },
  {
    "docID": "N006 Filous, Tran et al. 2014",
    "et": "SpragueDawleyRat",
    "off": 17617,
    "sff": "Sprague Dawley rats"
  },
  {
    "docID": "N006 Filous, Tran et al. 2014",
    "et": "Mixed",
    "off": 79561,
    "sff": "mixed"
  },
  {
    "docID": "N006 Filous, Tran et al. 2014",
    "et": "MouseModel",
    "off": 8538,
    "sff": "mouse"
  },
  {
    "docID": "N006 Filous, Tran et al. 2014",
    "et": "MouseModel",
    "off": 16432,
    "sff": "mouse"
  },
  {
    "docID": "N006 Filous, Tran et al. 2014",
    "et": "MouseModel",
    "off": 70833,
    "sff": "mouse"
  },
  {
    "docID": "N006 Filous, Tran et al. 2014",
    "et": "MouseModel",
    "off": 45379,
    "sff": "mouse"
  },
  {
    "docID": "N006 Filous, Tran et al. 2014",
    "et": "MouseModel",
    "off": 24199,
    "sff": "mouse"
  },
  {
    "docID": "N006 Filous, Tran et al. 2014",
    "et": "MouseModel",
    "off": 38775,
    "sff": "mouse"
  },
  {
    "docID": "N006 Filous, Tran et al. 2014",
    "et": "MouseModel",
    "off": 7400,
    "sff": "mouse"
  },
  {
    "docID": "N006 Filous, Tran et al. 2014",
    "et": "C57_BL6_Mouse",
    "off": 5443,
    "sff": "C57BL/6J mice"
  },
  {
    "docID": "N006 Filous, Tran et al. 2014",
    "et": "C57_BL6_Mouse",
    "off": 5443,
    "sff": "C57BL/6J"
  },
  {
    "docID": "N006 Filous, Tran et al. 2014",
    "et": "RatSpecies",
    "off": 38397,
    "sff": "rat"
  },
  {
    "docID": "N006 Filous, Tran et al. 2014",
    "et": "RatSpecies",
    "off": 22777,
    "sff": "rat"
  },
  {
    "docID": "N006 Filous, Tran et al. 2014",
    "et": "RatSpecies",
    "off": 79423,
    "sff": "rat"
  },
  {
    "docID": "N006 Filous, Tran et al. 2014",
    "et": "RatSpecies",
    "off": 24148,
    "sff": "rat"
  },
  {
    "docID": "N006 Filous, Tran et al. 2014",
    "et": "RatSpecies",
    "off": 38275,
    "sff": "rat"
  },
  {
    "docID": "N006 Filous, Tran et al. 2014",
    "et": "RatSpecies",
    "off": 37716,
    "sff": "rat"
  },
  {
    "docID": "N006 Filous, Tran et al. 2014",
    "et": "RatSpecies",
    "off": 36053,
    "sff": "rat"
  },
  {
    "docID": "N006 Filous, Tran et al. 2014",
    "et": "RatSpecies",
    "off": 79190,
    "sff": "rat"
  },
  {
    "docID": "N006 Filous, Tran et al. 2014",
    "et": "RatSpecies",
    "off": 38519,
    "sff": "rat"
  },
  {
    "docID": "N006 Filous, Tran et al. 2014",
    "et": "MouseSpecies",
    "off": 7400,
    "sff": "mouse"
  },
  {
    "docID": "N006 Filous, Tran et al. 2014",
    "et": "MouseSpecies",
    "off": 8538,
    "sff": "mouse"
  },
  {
    "docID": "N006 Filous, Tran et al. 2014",
    "et": "MouseSpecies",
    "off": 24199,
    "sff": "mouse"
  },
  {
    "docID": "N006 Filous, Tran et al. 2014",
    "et": "MouseSpecies",
    "off": 38775,
    "sff": "mouse"
  },
  {
    "docID": "N006 Filous, Tran et al. 2014",
    "et": "MouseSpecies",
    "off": 16432,
    "sff": "mouse"
  },
  {
    "docID": "N006 Filous, Tran et al. 2014",
    "et": "MouseSpecies",
    "off": 45379,
    "sff": "mouse"
  },
  {
    "docID": "N006 Filous, Tran et al. 2014",
    "et": "MouseSpecies",
    "off": 70833,
    "sff": "mouse"
  },
  {
    "docID": "N006 Filous, Tran et al. 2014",
    "et": "BALB_C_Mouse",
    "off": 16595,
    "sff": "BALBC"
  },
  {
    "docID": "N006 Filous, Tran et al. 2014",
    "et": "Adult",
    "off": 77818,
    "sff": "adult"
  },
  {
    "docID": "N006 Filous, Tran et al. 2014",
    "et": "Adult",
    "off": 8532,
    "sff": "Adult"
  },
  {
    "docID": "N006 Filous, Tran et al. 2014",
    "et": "Adult",
    "off": 39934,
    "sff": "adult"
  },
  {
    "docID": "N006 Filous, Tran et al. 2014",
    "et": "Adult",
    "off": 5311,
    "sff": "adult"
  },
  {
    "docID": "N006 Filous, Tran et al. 2014",
    "et": "Adult",
    "off": 79745,
    "sff": "adult"
  },
  {
    "docID": "N006 Filous, Tran et al. 2014",
    "et": "Adult",
    "off": 5426,
    "sff": "adult"
  },
  {
    "docID": "N006 Filous, Tran et al. 2014",
    "et": "Adult",
    "off": 82293,
    "sff": "adult"
  },
  {
    "docID": "N006 Filous, Tran et al. 2014",
    "et": "Adult",
    "off": 59575,
    "sff": "adult"
  },
  {
    "docID": "N006 Filous, Tran et al. 2014",
    "et": "Adult",
    "off": 30071,
    "sff": "adult"
  },
  {
    "docID": "N006 Filous, Tran et al. 2014",
    "et": "Adult",
    "off": 63609,
    "sff": "adult"
  },
  {
    "docID": "N006 Filous, Tran et al. 2014",
    "et": "Adult",
    "off": 27338,
    "sff": "adult"
  },
  {
    "docID": "N006 Filous, Tran et al. 2014",
    "et": "Adult",
    "off": 17611,
    "sff": "adult"
  },
  {
    "docID": "N006 Filous, Tran et al. 2014",
    "et": "Adult",
    "off": 71527,
    "sff": "Adult"
  },
  {
    "docID": "N006 Filous, Tran et al. 2014",
    "et": "Adult",
    "off": 16426,
    "sff": "Adult"
  },
  {
    "docID": "N006 Filous, Tran et al. 2014",
    "et": "Adult",
    "off": 6148,
    "sff": "mature"
  },
  {
    "docID": "N006 Filous, Tran et al. 2014",
    "et": "Adult",
    "off": 21104,
    "sff": "Adult"
  },
  {
    "docID": "N006 Filous, Tran et al. 2014",
    "et": "Adult",
    "off": 56330,
    "sff": "mature"
  },
  {
    "docID": "N006 Filous, Tran et al. 2014",
    "et": "Adult",
    "off": 41973,
    "sff": "Adult"
  },
  {
    "docID": "N006 Filous, Tran et al. 2014",
    "et": "Adult",
    "off": 29661,
    "sff": "adult"
  },
  {
    "docID": "N006 Filous, Tran et al. 2014",
    "et": "Adult",
    "off": 6549,
    "sff": "adult"
  },
  {
    "docID": "N006 Filous, Tran et al. 2014",
    "et": "Adult",
    "off": 38769,
    "sff": "adult"
  },
  {
    "docID": "N006 Filous, Tran et al. 2014",
    "et": "Adult",
    "off": 7394,
    "sff": "adult"
  },
  {
    "docID": "N006 Filous, Tran et al. 2014",
    "et": "Adult",
    "off": 52580,
    "sff": "adult"
  },
  {
    "docID": "N006 Filous, Tran et al. 2014",
    "et": "Adult",
    "off": 1445,
    "sff": "adult"
  },
  {
    "docID": "N006 Filous, Tran et al. 2014",
    "et": "Adult",
    "off": 30374,
    "sff": "adult"
  },
  {
    "docID": "N006 Filous, Tran et al. 2014",
    "et": "Adult",
    "off": 45736,
    "sff": "adult"
  },
  {
    "docID": "N006 Filous, Tran et al. 2014",
    "et": "LongEvansRat",
    "off": 49726,
    "sff": "long"
  },
  {
    "docID": "N006 Filous, Tran et al. 2014",
    "et": "LongEvansRat",
    "off": 364,
    "sff": "Evans"
  },
  {
    "docID": "N006 Filous, Tran et al. 2014",
    "et": "LongEvansRat",
    "off": 60308,
    "sff": "long"
  },
  {
    "docID": "N006 Filous, Tran et al. 2014",
    "et": "Female",
    "off": 6555,
    "sff": "female"
  },
  {
    "docID": "N006 Filous, Tran et al. 2014",
    "et": "Female",
    "off": 17604,
    "sff": "Female"
  },
  {
    "docID": "N006 Filous, Tran et al. 2014",
    "et": "Age",
    "off": 31193,
    "sff": "3 d"
  },
  {
    "docID": "N006 Filous, Tran et al. 2014",
    "et": "Age",
    "off": 51952,
    "sff": "5 d"
  },
  {
    "docID": "N006 Filous, Tran et al. 2014",
    "et": "Age",
    "off": 19604,
    "sff": "14 d"
  },
  {
    "docID": "N006 Filous, Tran et al. 2014",
    "et": "Age",
    "off": 24412,
    "sff": "28 d"
  },
  {
    "docID": "N006 Filous, Tran et al. 2014",
    "et": "Age",
    "off": 13428,
    "sff": "5 d"
  },
  {
    "docID": "N006 Filous, Tran et al. 2014",
    "et": "Age",
    "off": 41023,
    "sff": "3d"
  },
  {
    "docID": "N006 Filous, Tran et al. 2014",
    "et": "Age",
    "off": 37775,
    "sff": "14 d"
  },
  {
    "docID": "N006 Filous, Tran et al. 2014",
    "et": "Age",
    "off": 54918,
    "sff": "21 d"
  },
  {
    "docID": "N006 Filous, Tran et al. 2014",
    "et": "Age",
    "off": 58338,
    "sff": "28 d"
  },
  {
    "docID": "N006 Filous, Tran et al. 2014",
    "et": "Age",
    "off": 16581,
    "sff": "0- to 4-d-old"
  },
  {
    "docID": "N006 Filous, Tran et al. 2014",
    "et": "Age",
    "off": 36878,
    "sff": "14 d"
  },
  {
    "docID": "N006 Filous, Tran et al. 2014",
    "et": "Age",
    "off": 31340,
    "sff": "5 d"
  },
  {
    "docID": "N006 Filous, Tran et al. 2014",
    "et": "Age",
    "off": 31752,
    "sff": "21 d"
  },
  {
    "docID": "N006 Filous, Tran et al. 2014",
    "et": "Age",
    "off": 55432,
    "sff": "21 d"
  },
  {
    "docID": "N006 Filous, Tran et al. 2014",
    "et": "Age",
    "off": 18543,
    "sff": "21 d"
  },
  {
    "docID": "N006 Filous, Tran et al. 2014",
    "et": "Age",
    "off": 40229,
    "sff": "3d"
  },
  {
    "docID": "N006 Filous, Tran et al. 2014",
    "et": "Age",
    "off": 53702,
    "sff": "3 d"
  },
  {
    "docID": "N006 Filous, Tran et al. 2014",
    "et": "Age",
    "off": 43820,
    "sff": "3d"
  },
  {
    "docID": "N006 Filous, Tran et al. 2014",
    "et": "Age",
    "off": 51391,
    "sff": "2 d"
  },
  {
    "docID": "N006 Filous, Tran et al. 2014",
    "et": "Age",
    "off": 23370,
    "sff": "28 d"
  },
  {
    "docID": "N006 Filous, Tran et al. 2014",
    "et": "Age",
    "off": 30674,
    "sff": "1 d"
  },
  {
    "docID": "N006 Filous, Tran et al. 2014",
    "et": "Age",
    "off": 37900,
    "sff": "2d"
  },
  {
    "docID": "N006 Filous, Tran et al. 2014",
    "et": "Age",
    "off": 22787,
    "sff": "7 d"
  },
  {
    "docID": "N006 Filous, Tran et al. 2014",
    "et": "Age",
    "off": 51782,
    "sff": "2 d"
  },
  {
    "docID": "N006 Filous, Tran et al. 2014",
    "et": "Age",
    "off": 5434,
    "sff": "8 weeks"
  },
  {
    "docID": "N006 Filous, Tran et al. 2014",
    "et": "Age",
    "off": 18984,
    "sff": "Two weeks"
  },
  {
    "docID": "N006 Filous, Tran et al. 2014",
    "et": "Age",
    "off": 55211,
    "sff": "7d"
  },
  {
    "docID": "N006 Filous, Tran et al. 2014",
    "et": "Age",
    "off": 57932,
    "sff": "8d"
  },
  {
    "docID": "N006 Filous, Tran et al. 2014",
    "et": "Age",
    "off": 18474,
    "sff": "2 d"
  },
  {
    "docID": "N006 Filous, Tran et al. 2014",
    "et": "Age",
    "off": 34163,
    "sff": "14 d"
  },
  {
    "docID": "N006 Filous, Tran et al. 2014",
    "et": "Age",
    "off": 38139,
    "sff": "28 d"
  },
  {
    "docID": "N006 Filous, Tran et al. 2014",
    "et": "Age",
    "off": 36471,
    "sff": "28 d"
  },
  {
    "docID": "N006 Filous, Tran et al. 2014",
    "et": "Age",
    "off": 18552,
    "sff": "28 d"
  },
  {
    "docID": "N006 Filous, Tran et al. 2014",
    "et": "Age",
    "off": 21428,
    "sff": "3 d"
  },
  {
    "docID": "N006 Filous, Tran et al. 2014",
    "et": "Age",
    "off": 30603,
    "sff": "5 d"
  },
  {
    "docID": "N006 Filous, Tran et al. 2014",
    "et": "Age",
    "off": 30756,
    "sff": "1 d"
  },
  {
    "docID": "N006 Filous, Tran et al. 2014",
    "et": "Age",
    "off": 31851,
    "sff": "21 d"
  },
  {
    "docID": "N006 Filous, Tran et al. 2014",
    "et": "Age",
    "off": 51508,
    "sff": "2 d"
  },
  {
    "docID": "N006 Filous, Tran et al. 2014",
    "et": "Age",
    "off": 36571,
    "sff": "1d"
  },
  {
    "docID": "N006 Filous, Tran et al. 2014",
    "et": "Age",
    "off": 69378,
    "sff": "28 d"
  },
  {
    "docID": "N006 Filous, Tran et al. 2014",
    "et": "Age",
    "off": 53903,
    "sff": "5 d"
  },
  {
    "docID": "N006 Filous, Tran et al. 2014",
    "et": "Age",
    "off": 26795,
    "sff": "1 d"
  },
  {
    "docID": "N006 Filous, Tran et al. 2014",
    "et": "Age",
    "off": 30265,
    "sff": "2 d"
  },
  {
    "docID": "N006 Filous, Tran et al. 2014",
    "et": "Age",
    "off": 44587,
    "sff": "4d"
  },
  {
    "docID": "N006 Filous, Tran et al. 2014",
    "et": "Age",
    "off": 23886,
    "sff": "21 d"
  },
  {
    "docID": "N006 Filous, Tran et al. 2014",
    "et": "Age",
    "off": 35419,
    "sff": "Two days"
  },
  {
    "docID": "N006 Filous, Tran et al. 2014",
    "et": "Age",
    "off": 57197,
    "sff": "One week"
  },
  {
    "docID": "N006 Filous, Tran et al. 2014",
    "et": "Age",
    "off": 18532,
    "sff": "7 d"
  },
  {
    "docID": "N006 Filous, Tran et al. 2014",
    "et": "Age",
    "off": 36090,
    "sff": "14 d"
  },
  {
    "docID": "N006 Filous, Tran et al. 2014",
    "et": "Age",
    "off": 19001,
    "sff": "3 weeks"
  },
  {
    "docID": "N006 Filous, Tran et al. 2014",
    "et": "Age",
    "off": 49350,
    "sff": "5d"
  },
  {
    "docID": "N006 Filous, Tran et al. 2014",
    "et": "Age",
    "off": 30845,
    "sff": "1 d"
  },
  {
    "docID": "N006 Filous, Tran et al. 2014",
    "et": "Age",
    "off": 19612,
    "sff": "28 d"
  },
  {
    "docID": "N006 Filous, Tran et al. 2014",
    "et": "Age",
    "off": 6014,
    "sff": "4 weeks"
  },
  {
    "docID": "N006 Filous, Tran et al. 2014",
    "et": "Age",
    "off": 24205,
    "sff": "28 d"
  },
  {
    "docID": "N006 Filous, Tran et al. 2014",
    "et": "Age",
    "off": 35516,
    "sff": "7 d"
  },
  {
    "docID": "N006 Filous, Tran et al. 2014",
    "et": "Age",
    "off": 18537,
    "sff": "14 d"
  },
  {
    "docID": "N006 Filous, Tran et al. 2014",
    "et": "Age",
    "off": 26770,
    "sff": "1 d"
  },
  {
    "docID": "N006 Filous, Tran et al. 2014",
    "et": "Age",
    "off": 36023,
    "sff": "7 d"
  },
  {
    "docID": "N006 Filous, Tran et al. 2014",
    "et": "Age",
    "off": 52639,
    "sff": "5 d"
  },
  {
    "docID": "N006 Filous, Tran et al. 2014",
    "et": "Age",
    "off": 53757,
    "sff": "3 d"
  },
  {
    "docID": "N006 Filous, Tran et al. 2014",
    "et": "Age",
    "off": 50332,
    "sff": "5 d"
  },
  {
    "docID": "N006 Filous, Tran et al. 2014",
    "et": "Age",
    "off": 32447,
    "sff": "7 d"
  },
  {
    "docID": "N006 Filous, Tran et al. 2014",
    "et": "Age",
    "off": 20650,
    "sff": "7 d"
  },
  {
    "docID": "N006 Filous, Tran et al. 2014",
    "et": "Age",
    "off": 24123,
    "sff": "28 d"
  },
  {
    "docID": "N006 Filous, Tran et al. 2014",
    "et": "Age",
    "off": 26837,
    "sff": "5 d"
  },
  {
    "docID": "N006 Filous, Tran et al. 2014",
    "et": "Age",
    "off": 37152,
    "sff": "21 d"
  },
  {
    "docID": "N006 Filous, Tran et al. 2014",
    "et": "Age",
    "off": 37816,
    "sff": "28 d"
  },
  {
    "docID": "N006 Filous, Tran et al. 2014",
    "et": "Age",
    "off": 9417,
    "sff": "5 d"
  },
  {
    "docID": "N006 Filous, Tran et al. 2014",
    "et": "Age",
    "off": 58797,
    "sff": "14 d"
  },
  {
    "docID": "N006 Filous, Tran et al. 2014",
    "et": "Age",
    "off": 30797,
    "sff": "5 d"
  },
  {
    "docID": "N006 Filous, Tran et al. 2014",
    "et": "Age",
    "off": 53709,
    "sff": "5 d"
  },
  {
    "docID": "N006 Filous, Tran et al. 2014",
    "et": "Age",
    "off": 52547,
    "sff": "5 d"
  },
  {
    "docID": "N006 Filous, Tran et al. 2014",
    "et": "Age",
    "off": 22808,
    "sff": "7 d"
  },
  {
    "docID": "N006 Filous, Tran et al. 2014",
    "et": "Age",
    "off": 51398,
    "sff": "5 d"
  },
  {
    "docID": "N006 Filous, Tran et al. 2014",
    "et": "Age",
    "off": 18859,
    "sff": "One week"
  },
  {
    "docID": "N006 Filous, Tran et al. 2014",
    "et": "Age",
    "off": 55056,
    "sff": "21 d"
  },
  {
    "docID": "N006 Filous, Tran et al. 2014",
    "et": "Age",
    "off": 23610,
    "sff": "14 d"
  },
  {
    "docID": "N006 Filous, Tran et al. 2014",
    "et": "Age",
    "off": 30708,
    "sff": "1 d"
  },
  {
    "docID": "N006 Filous, Tran et al. 2014",
    "et": "Age",
    "off": 21435,
    "sff": "5 d"
  },
  {
    "docID": "N006 Filous, Tran et al. 2014",
    "et": "Age",
    "off": 26813,
    "sff": "5 d"
  },
  {
    "docID": "N006 Filous, Tran et al. 2014",
    "et": "Age",
    "off": 77514,
    "sff": "1 year"
  },
  {
    "docID": "N006 Filous, Tran et al. 2014",
    "et": "Age",
    "off": 32793,
    "sff": "21 d"
  }
]
