[
  {
    "docID": "N007 Ishikawa 2015",
    "et": "Weight",
    "off": 6186,
    "sff": "200-230 g"
  },
  {
    "docID": "N007 Ishikawa 2015",
    "et": "Weight",
    "off": 9133,
    "sff": "45 mg"
  },
  {
    "docID": "N007 Ishikawa 2015",
    "et": "RatModel",
    "off": 11025,
    "sff": "rat"
  },
  {
    "docID": "N007 Ishikawa 2015",
    "et": "RatModel",
    "off": 21832,
    "sff": "rat"
  },
  {
    "docID": "N007 Ishikawa 2015",
    "et": "RatModel",
    "off": 281,
    "sff": "rat"
  },
  {
    "docID": "N007 Ishikawa 2015",
    "et": "SpragueDawleyRat",
    "off": 6157,
    "sff": "Sprague-Dawley rats"
  },
  {
    "docID": "N007 Ishikawa 2015",
    "et": "SpragueDawleyRat",
    "off": 6157,
    "sff": "Sprague-Dawley"
  },
  {
    "docID": "N007 Ishikawa 2015",
    "et": "RatSpecies",
    "off": 281,
    "sff": "rat"
  },
  {
    "docID": "N007 Ishikawa 2015",
    "et": "RatSpecies",
    "off": 21832,
    "sff": "rat"
  },
  {
    "docID": "N007 Ishikawa 2015",
    "et": "RatSpecies",
    "off": 11025,
    "sff": "rat"
  },
  {
    "docID": "N007 Ishikawa 2015",
    "et": "CatSpecies",
    "off": 20259,
    "sff": "cat"
  },
  {
    "docID": "N007 Ishikawa 2015",
    "et": "Adult",
    "off": 21826,
    "sff": "adult"
  },
  {
    "docID": "N007 Ishikawa 2015",
    "et": "Adult",
    "off": 6144,
    "sff": "Adult"
  },
  {
    "docID": "N007 Ishikawa 2015",
    "et": "Adult",
    "off": 4737,
    "sff": "adult"
  },
  {
    "docID": "N007 Ishikawa 2015",
    "et": "LongEvansRat",
    "off": 5295,
    "sff": "long"
  },
  {
    "docID": "N007 Ishikawa 2015",
    "et": "CatModel",
    "off": 20259,
    "sff": "cat"
  },
  {
    "docID": "N007 Ishikawa 2015",
    "et": "Female",
    "off": 6150,
    "sff": "female"
  },
  {
    "docID": "N007 Ishikawa 2015",
    "et": "Age",
    "off": 2597,
    "sff": "1-6 weeks"
  },
  {
    "docID": "N007 Ishikawa 2015",
    "et": "Age",
    "off": 12848,
    "sff": "3 weeks"
  },
  {
    "docID": "N007 Ishikawa 2015",
    "et": "Age",
    "off": 12889,
    "sff": "1 week"
  },
  {
    "docID": "N007 Ishikawa 2015",
    "et": "Age",
    "off": 13330,
    "sff": "1D"
  },
  {
    "docID": "N007 Ishikawa 2015",
    "et": "Age",
    "off": 8528,
    "sff": "One day"
  },
  {
    "docID": "N007 Ishikawa 2015",
    "et": "Age",
    "off": 9653,
    "sff": "2 days"
  },
  {
    "docID": "N007 Ishikawa 2015",
    "et": "Age",
    "off": 13030,
    "sff": "9 weeks"
  },
  {
    "docID": "N007 Ishikawa 2015",
    "et": "Age",
    "off": 8127,
    "sff": "14 d"
  },
  {
    "docID": "N007 Ishikawa 2015",
    "et": "Age",
    "off": 12946,
    "sff": "6 weeks"
  },
  {
    "docID": "N007 Ishikawa 2015",
    "et": "Age",
    "off": 9568,
    "sff": "5 weeks"
  },
  {
    "docID": "N007 Ishikawa 2015",
    "et": "Age",
    "off": 9929,
    "sff": "Three weeks"
  },
  {
    "docID": "N007 Ishikawa 2015",
    "et": "Age",
    "off": 9548,
    "sff": "5 days"
  }
]
