[
  {
    "docID": "N008 Jin 2016 26852702",
    "et": "Weight",
    "off": 16790,
    "sff": "100 g"
  },
  {
    "docID": "N008 Jin 2016 26852702",
    "et": "Weight",
    "off": 12831,
    "sff": "225-250 g"
  },
  {
    "docID": "N008 Jin 2016 26852702",
    "et": "Weight",
    "off": 13919,
    "sff": "10 g"
  },
  {
    "docID": "N008 Jin 2016 26852702",
    "et": "RatModel",
    "off": 60048,
    "sff": "rat"
  },
  {
    "docID": "N008 Jin 2016 26852702",
    "et": "RatModel",
    "off": 63393,
    "sff": "rat"
  },
  {
    "docID": "N008 Jin 2016 26852702",
    "et": "RatModel",
    "off": 57243,
    "sff": "rat"
  },
  {
    "docID": "N008 Jin 2016 26852702",
    "et": "RatModel",
    "off": 64971,
    "sff": "rat"
  },
  {
    "docID": "N008 Jin 2016 26852702",
    "et": "RatModel",
    "off": 66136,
    "sff": "rat"
  },
  {
    "docID": "N008 Jin 2016 26852702",
    "et": "RatModel",
    "off": 66626,
    "sff": "rat"
  },
  {
    "docID": "N008 Jin 2016 26852702",
    "et": "RatModel",
    "off": 62324,
    "sff": "rat"
  },
  {
    "docID": "N008 Jin 2016 26852702",
    "et": "RatModel",
    "off": 57397,
    "sff": "rat"
  },
  {
    "docID": "N008 Jin 2016 26852702",
    "et": "NewZealandRabbit",
    "off": 2675,
    "sff": "new"
  },
  {
    "docID": "N008 Jin 2016 26852702",
    "et": "Young",
    "off": 3194,
    "sff": "Young"
  },
  {
    "docID": "N008 Jin 2016 26852702",
    "et": "Young",
    "off": 66716,
    "sff": "Young"
  },
  {
    "docID": "N008 Jin 2016 26852702",
    "et": "DogSpecies",
    "off": 68576,
    "sff": "dog"
  },
  {
    "docID": "N008 Jin 2016 26852702",
    "et": "DogModel",
    "off": 68576,
    "sff": "dog"
  },
  {
    "docID": "N008 Jin 2016 26852702",
    "et": "AgeCategory",
    "off": 18342,
    "sff": "age"
  },
  {
    "docID": "N008 Jin 2016 26852702",
    "et": "AgeCategory",
    "off": 33691,
    "sff": "age"
  },
  {
    "docID": "N008 Jin 2016 26852702",
    "et": "RatSpecies",
    "off": 60048,
    "sff": "rat"
  },
  {
    "docID": "N008 Jin 2016 26852702",
    "et": "RatSpecies",
    "off": 62324,
    "sff": "rat"
  },
  {
    "docID": "N008 Jin 2016 26852702",
    "et": "RatSpecies",
    "off": 63393,
    "sff": "rat"
  },
  {
    "docID": "N008 Jin 2016 26852702",
    "et": "RatSpecies",
    "off": 66626,
    "sff": "rat"
  },
  {
    "docID": "N008 Jin 2016 26852702",
    "et": "RatSpecies",
    "off": 66136,
    "sff": "rat"
  },
  {
    "docID": "N008 Jin 2016 26852702",
    "et": "RatSpecies",
    "off": 57397,
    "sff": "rat"
  },
  {
    "docID": "N008 Jin 2016 26852702",
    "et": "RatSpecies",
    "off": 57243,
    "sff": "rat"
  },
  {
    "docID": "N008 Jin 2016 26852702",
    "et": "RatSpecies",
    "off": 64971,
    "sff": "rat"
  },
  {
    "docID": "N008 Jin 2016 26852702",
    "et": "FischerRat",
    "off": 38270,
    "sff": "Fischer"
  },
  {
    "docID": "N008 Jin 2016 26852702",
    "et": "FischerRat",
    "off": 62836,
    "sff": "Fischer"
  },
  {
    "docID": "N008 Jin 2016 26852702",
    "et": "FischerRat",
    "off": 15756,
    "sff": "Fischer"
  },
  {
    "docID": "N008 Jin 2016 26852702",
    "et": "FischerRat",
    "off": 65324,
    "sff": "Fischer"
  },
  {
    "docID": "N008 Jin 2016 26852702",
    "et": "FischerRat",
    "off": 56371,
    "sff": "Fischer"
  },
  {
    "docID": "N008 Jin 2016 26852702",
    "et": "FischerRat",
    "off": 58994,
    "sff": "Fischer"
  },
  {
    "docID": "N008 Jin 2016 26852702",
    "et": "FischerRat",
    "off": 59186,
    "sff": "Fischer"
  },
  {
    "docID": "N008 Jin 2016 26852702",
    "et": "FischerRat",
    "off": 59377,
    "sff": "Fischer"
  },
  {
    "docID": "N008 Jin 2016 26852702",
    "et": "FischerRat",
    "off": 65041,
    "sff": "Fischer"
  },
  {
    "docID": "N008 Jin 2016 26852702",
    "et": "FischerRat",
    "off": 156,
    "sff": "FISCHER"
  },
  {
    "docID": "N008 Jin 2016 26852702",
    "et": "FischerRat",
    "off": 59559,
    "sff": "Fischer"
  },
  {
    "docID": "N008 Jin 2016 26852702",
    "et": "FischerRat",
    "off": 64647,
    "sff": "Fischer"
  },
  {
    "docID": "N008 Jin 2016 26852702",
    "et": "FischerRat",
    "off": 61092,
    "sff": "Fischer"
  },
  {
    "docID": "N008 Jin 2016 26852702",
    "et": "FischerRat",
    "off": 60619,
    "sff": "Fischer"
  },
  {
    "docID": "N008 Jin 2016 26852702",
    "et": "FischerRat",
    "off": 56169,
    "sff": "Fischer"
  },
  {
    "docID": "N008 Jin 2016 26852702",
    "et": "FischerRat",
    "off": 60873,
    "sff": "Fischer"
  },
  {
    "docID": "N008 Jin 2016 26852702",
    "et": "FischerRat",
    "off": 15849,
    "sff": "Fischer"
  },
  {
    "docID": "N008 Jin 2016 26852702",
    "et": "Adult",
    "off": 61853,
    "sff": "adult"
  },
  {
    "docID": "N008 Jin 2016 26852702",
    "et": "Adult",
    "off": 59478,
    "sff": "adult"
  },
  {
    "docID": "N008 Jin 2016 26852702",
    "et": "Adult",
    "off": 57237,
    "sff": "adult"
  },
  {
    "docID": "N008 Jin 2016 26852702",
    "et": "Adult",
    "off": 59637,
    "sff": "adult"
  },
  {
    "docID": "N008 Jin 2016 26852702",
    "et": "Adult",
    "off": 62969,
    "sff": "adult"
  },
  {
    "docID": "N008 Jin 2016 26852702",
    "et": "Adult",
    "off": 66028,
    "sff": "adult"
  },
  {
    "docID": "N008 Jin 2016 26852702",
    "et": "Adult",
    "off": 22062,
    "sff": "mature"
  },
  {
    "docID": "N008 Jin 2016 26852702",
    "et": "Adult",
    "off": 66130,
    "sff": "adult"
  },
  {
    "docID": "N008 Jin 2016 26852702",
    "et": "Adult",
    "off": 12812,
    "sff": "Adult"
  },
  {
    "docID": "N008 Jin 2016 26852702",
    "et": "Adult",
    "off": 780,
    "sff": "Adult"
  },
  {
    "docID": "N008 Jin 2016 26852702",
    "et": "Adult",
    "off": 61603,
    "sff": "adult"
  },
  {
    "docID": "N008 Jin 2016 26852702",
    "et": "Adult",
    "off": 44105,
    "sff": "adult"
  },
  {
    "docID": "N008 Jin 2016 26852702",
    "et": "Adult",
    "off": 38599,
    "sff": "adult"
  },
  {
    "docID": "N008 Jin 2016 26852702",
    "et": "Female",
    "off": 64369,
    "sff": "female"
  },
  {
    "docID": "N008 Jin 2016 26852702",
    "et": "Female",
    "off": 12818,
    "sff": "female"
  },
  {
    "docID": "N008 Jin 2016 26852702",
    "et": "Age",
    "off": 46589,
    "sff": "8 weeks"
  },
  {
    "docID": "N008 Jin 2016 26852702",
    "et": "Age",
    "off": 9576,
    "sff": "4 weeks"
  },
  {
    "docID": "N008 Jin 2016 26852702",
    "et": "Age",
    "off": 7794,
    "sff": "8 weeks"
  },
  {
    "docID": "N008 Jin 2016 26852702",
    "et": "Age",
    "off": 40001,
    "sff": "13 weeks"
  },
  {
    "docID": "N008 Jin 2016 26852702",
    "et": "Age",
    "off": 28112,
    "sff": "2D"
  },
  {
    "docID": "N008 Jin 2016 26852702",
    "et": "Age",
    "off": 9395,
    "sff": "Two to three days"
  },
  {
    "docID": "N008 Jin 2016 26852702",
    "et": "Age",
    "off": 9739,
    "sff": "12 weeks"
  },
  {
    "docID": "N008 Jin 2016 26852702",
    "et": "Age",
    "off": 13972,
    "sff": "Thirteen weeks"
  },
  {
    "docID": "N008 Jin 2016 26852702",
    "et": "Age",
    "off": 49118,
    "sff": "9 days"
  },
  {
    "docID": "N008 Jin 2016 26852702",
    "et": "Age",
    "off": 26695,
    "sff": "one week"
  },
  {
    "docID": "N008 Jin 2016 26852702",
    "et": "Age",
    "off": 46149,
    "sff": "9 days"
  },
  {
    "docID": "N008 Jin 2016 26852702",
    "et": "Age",
    "off": 15456,
    "sff": "7 days"
  },
  {
    "docID": "N008 Jin 2016 26852702",
    "et": "Age",
    "off": 15570,
    "sff": "2 weeks"
  },
  {
    "docID": "N008 Jin 2016 26852702",
    "et": "Age",
    "off": 33598,
    "sff": "22 weeks"
  },
  {
    "docID": "N008 Jin 2016 26852702",
    "et": "Age",
    "off": 38898,
    "sff": "8 weeks"
  },
  {
    "docID": "N008 Jin 2016 26852702",
    "et": "Age",
    "off": 19074,
    "sff": "8 weeks"
  },
  {
    "docID": "N008 Jin 2016 26852702",
    "et": "Age",
    "off": 39122,
    "sff": "9 days"
  },
  {
    "docID": "N008 Jin 2016 26852702",
    "et": "Age",
    "off": 14695,
    "sff": "One week"
  },
  {
    "docID": "N008 Jin 2016 26852702",
    "et": "Age",
    "off": 51345,
    "sff": "22 weeks"
  },
  {
    "docID": "N008 Jin 2016 26852702",
    "et": "Age",
    "off": 32274,
    "sff": "Two weeks"
  },
  {
    "docID": "N008 Jin 2016 26852702",
    "et": "Age",
    "off": 1103,
    "sff": "8 weeks"
  },
  {
    "docID": "N008 Jin 2016 26852702",
    "et": "Age",
    "off": 37098,
    "sff": "12 weeks"
  },
  {
    "docID": "N008 Jin 2016 26852702",
    "et": "Age",
    "off": 9673,
    "sff": "2-3 days"
  },
  {
    "docID": "N008 Jin 2016 26852702",
    "et": "Age",
    "off": 51190,
    "sff": "3 days"
  },
  {
    "docID": "N008 Jin 2016 26852702",
    "et": "Age",
    "off": 33380,
    "sff": "8 weeks"
  },
  {
    "docID": "N008 Jin 2016 26852702",
    "et": "Age",
    "off": 42619,
    "sff": "14 weeks"
  },
  {
    "docID": "N008 Jin 2016 26852702",
    "et": "Age",
    "off": 38643,
    "sff": "2 weeks"
  },
  {
    "docID": "N008 Jin 2016 26852702",
    "et": "Age",
    "off": 49996,
    "sff": "23 weeks"
  },
  {
    "docID": "N008 Jin 2016 26852702",
    "et": "Age",
    "off": 32053,
    "sff": "Twelve weeks"
  },
  {
    "docID": "N008 Jin 2016 26852702",
    "et": "Age",
    "off": 42968,
    "sff": "one week"
  },
  {
    "docID": "N008 Jin 2016 26852702",
    "et": "Age",
    "off": 46387,
    "sff": "13 weeks"
  },
  {
    "docID": "N008 Jin 2016 26852702",
    "et": "Age",
    "off": 26113,
    "sff": "12 weeks"
  },
  {
    "docID": "N008 Jin 2016 26852702",
    "et": "Age",
    "off": 51200,
    "sff": "9 weeks"
  },
  {
    "docID": "N008 Jin 2016 26852702",
    "et": "Age",
    "off": 16814,
    "sff": "2-3 days"
  },
  {
    "docID": "N008 Jin 2016 26852702",
    "et": "Age",
    "off": 16918,
    "sff": "Eight weeks"
  },
  {
    "docID": "N008 Jin 2016 26852702",
    "et": "Age",
    "off": 35563,
    "sff": "22 weeks"
  },
  {
    "docID": "N008 Jin 2016 26852702",
    "et": "Age",
    "off": 45704,
    "sff": "7-9 days"
  },
  {
    "docID": "N008 Jin 2016 26852702",
    "et": "Age",
    "off": 32837,
    "sff": "12 weeks"
  },
  {
    "docID": "N008 Jin 2016 26852702",
    "et": "Age",
    "off": 39558,
    "sff": "9 weeks"
  },
  {
    "docID": "N008 Jin 2016 26852702",
    "et": "Age",
    "off": 43530,
    "sff": "one week"
  },
  {
    "docID": "N008 Jin 2016 26852702",
    "et": "Age",
    "off": 15497,
    "sff": "7 days"
  },
  {
    "docID": "N008 Jin 2016 26852702",
    "et": "Age",
    "off": 15967,
    "sff": "3-5 days"
  },
  {
    "docID": "N008 Jin 2016 26852702",
    "et": "Age",
    "off": 26756,
    "sff": "9 weeks"
  },
  {
    "docID": "N008 Jin 2016 26852702",
    "et": "Age",
    "off": 26155,
    "sff": "8 weeks"
  },
  {
    "docID": "N008 Jin 2016 26852702",
    "et": "Age",
    "off": 39321,
    "sff": "13 weeks"
  },
  {
    "docID": "N008 Jin 2016 26852702",
    "et": "Age",
    "off": 7939,
    "sff": "one week"
  },
  {
    "docID": "N008 Jin 2016 26852702",
    "et": "Age",
    "off": 38435,
    "sff": "7-14 days"
  },
  {
    "docID": "N008 Jin 2016 26852702",
    "et": "Age",
    "off": 1863,
    "sff": "8 weeks"
  },
  {
    "docID": "N008 Jin 2016 26852702",
    "et": "Age",
    "off": 19032,
    "sff": "12 weeks"
  },
  {
    "docID": "N008 Jin 2016 26852702",
    "et": "Age",
    "off": 10199,
    "sff": "12 weeks"
  },
  {
    "docID": "N008 Jin 2016 26852702",
    "et": "Age",
    "off": 10388,
    "sff": "2 weeks"
  },
  {
    "docID": "N008 Jin 2016 26852702",
    "et": "Age",
    "off": 42326,
    "sff": "14 weeks"
  },
  {
    "docID": "N008 Jin 2016 26852702",
    "et": "Age",
    "off": 26517,
    "sff": "13 weeks"
  },
  {
    "docID": "N008 Jin 2016 26852702",
    "et": "Age",
    "off": 61444,
    "sff": "one year"
  },
  {
    "docID": "N008 Jin 2016 26852702",
    "et": "Age",
    "off": 42289,
    "sff": "one week"
  },
  {
    "docID": "N008 Jin 2016 26852702",
    "et": "Age",
    "off": 1830,
    "sff": "12 weeks"
  },
  {
    "docID": "N008 Jin 2016 26852702",
    "et": "Age",
    "off": 5527,
    "sff": "one year"
  },
  {
    "docID": "N008 Jin 2016 26852702",
    "et": "Age",
    "off": 42150,
    "sff": "8 weeks"
  },
  {
    "docID": "N008 Jin 2016 26852702",
    "et": "Age",
    "off": 826,
    "sff": "Thirteen weeks"
  },
  {
    "docID": "N008 Jin 2016 26852702",
    "et": "Age",
    "off": 32526,
    "sff": "8 weeks"
  },
  {
    "docID": "N008 Jin 2016 26852702",
    "et": "Age",
    "off": 20801,
    "sff": "3-5 days"
  },
  {
    "docID": "N008 Jin 2016 26852702",
    "et": "Age",
    "off": 28999,
    "sff": "eight weeks"
  },
  {
    "docID": "N008 Jin 2016 26852702",
    "et": "Age",
    "off": 31253,
    "sff": "One week"
  },
  {
    "docID": "N008 Jin 2016 26852702",
    "et": "Age",
    "off": 43042,
    "sff": "7 d"
  },
  {
    "docID": "N008 Jin 2016 26852702",
    "et": "Age",
    "off": 30498,
    "sff": "2-3 days"
  },
  {
    "docID": "N008 Jin 2016 26852702",
    "et": "Age",
    "off": 36992,
    "sff": "13 weeks"
  },
  {
    "docID": "N008 Jin 2016 26852702",
    "et": "Age",
    "off": 18970,
    "sff": "2-3 days"
  }
]
