[
  {
    "docID": "N009 Lee 2013 23804083",
    "et": "Weight",
    "off": 6382,
    "sff": "225-250 g"
  },
  {
    "docID": "N009 Lee 2013 23804083",
    "et": "CD1_Mouse",
    "off": 67040,
    "sff": "CD,"
  },
  {
    "docID": "N009 Lee 2013 23804083",
    "et": "RatModel",
    "off": 68007,
    "sff": "rat"
  },
  {
    "docID": "N009 Lee 2013 23804083",
    "et": "RatModel",
    "off": 68152,
    "sff": "rat"
  },
  {
    "docID": "N009 Lee 2013 23804083",
    "et": "RatModel",
    "off": 75032,
    "sff": "rat"
  },
  {
    "docID": "N009 Lee 2013 23804083",
    "et": "RatModel",
    "off": 66509,
    "sff": "rat"
  },
  {
    "docID": "N009 Lee 2013 23804083",
    "et": "RatModel",
    "off": 72961,
    "sff": "rat"
  },
  {
    "docID": "N009 Lee 2013 23804083",
    "et": "RatModel",
    "off": 6916,
    "sff": "rat"
  },
  {
    "docID": "N009 Lee 2013 23804083",
    "et": "RatModel",
    "off": 77749,
    "sff": "rat"
  },
  {
    "docID": "N009 Lee 2013 23804083",
    "et": "RatModel",
    "off": 80341,
    "sff": "rat"
  },
  {
    "docID": "N009 Lee 2013 23804083",
    "et": "RatModel",
    "off": 74902,
    "sff": "rat"
  },
  {
    "docID": "N009 Lee 2013 23804083",
    "et": "RatModel",
    "off": 77158,
    "sff": "rat"
  },
  {
    "docID": "N009 Lee 2013 23804083",
    "et": "RatModel",
    "off": 71315,
    "sff": "rat"
  },
  {
    "docID": "N009 Lee 2013 23804083",
    "et": "RatModel",
    "off": 72468,
    "sff": "rat"
  },
  {
    "docID": "N009 Lee 2013 23804083",
    "et": "NewZealandRabbit",
    "off": 66215,
    "sff": "new"
  },
  {
    "docID": "N009 Lee 2013 23804083",
    "et": "NewZealandRabbit",
    "off": 71076,
    "sff": "New"
  },
  {
    "docID": "N009 Lee 2013 23804083",
    "et": "NewZealandRabbit",
    "off": 77875,
    "sff": "New"
  },
  {
    "docID": "N009 Lee 2013 23804083",
    "et": "NewZealandRabbit",
    "off": 66324,
    "sff": "new"
  },
  {
    "docID": "N009 Lee 2013 23804083",
    "et": "NewZealandRabbit",
    "off": 67102,
    "sff": "new"
  },
  {
    "docID": "N009 Lee 2013 23804083",
    "et": "RabbitSpecies",
    "off": 77163,
    "sff": "rabbit"
  },
  {
    "docID": "N009 Lee 2013 23804083",
    "et": "SpragueDawleyRat",
    "off": 6361,
    "sff": "Sprague Dawley rats"
  },
  {
    "docID": "N009 Lee 2013 23804083",
    "et": "SpragueDawleyRat",
    "off": 6361,
    "sff": "Sprague Dawley"
  },
  {
    "docID": "N009 Lee 2013 23804083",
    "et": "Mixed",
    "off": 7710,
    "sff": "mixed"
  },
  {
    "docID": "N009 Lee 2013 23804083",
    "et": "MouseModel",
    "off": 68945,
    "sff": "mouse"
  },
  {
    "docID": "N009 Lee 2013 23804083",
    "et": "RabbitModel",
    "off": 77163,
    "sff": "rabbit"
  },
  {
    "docID": "N009 Lee 2013 23804083",
    "et": "AgeCategory",
    "off": 71254,
    "sff": "age"
  },
  {
    "docID": "N009 Lee 2013 23804083",
    "et": "RatSpecies",
    "off": 66509,
    "sff": "rat"
  },
  {
    "docID": "N009 Lee 2013 23804083",
    "et": "RatSpecies",
    "off": 6916,
    "sff": "rat"
  },
  {
    "docID": "N009 Lee 2013 23804083",
    "et": "RatSpecies",
    "off": 72961,
    "sff": "rat"
  },
  {
    "docID": "N009 Lee 2013 23804083",
    "et": "RatSpecies",
    "off": 71315,
    "sff": "rat"
  },
  {
    "docID": "N009 Lee 2013 23804083",
    "et": "RatSpecies",
    "off": 72468,
    "sff": "rat"
  },
  {
    "docID": "N009 Lee 2013 23804083",
    "et": "RatSpecies",
    "off": 77749,
    "sff": "rat"
  },
  {
    "docID": "N009 Lee 2013 23804083",
    "et": "RatSpecies",
    "off": 80341,
    "sff": "rat"
  },
  {
    "docID": "N009 Lee 2013 23804083",
    "et": "RatSpecies",
    "off": 74902,
    "sff": "rat"
  },
  {
    "docID": "N009 Lee 2013 23804083",
    "et": "RatSpecies",
    "off": 77158,
    "sff": "rat"
  },
  {
    "docID": "N009 Lee 2013 23804083",
    "et": "RatSpecies",
    "off": 68007,
    "sff": "rat"
  },
  {
    "docID": "N009 Lee 2013 23804083",
    "et": "RatSpecies",
    "off": 68152,
    "sff": "rat"
  },
  {
    "docID": "N009 Lee 2013 23804083",
    "et": "RatSpecies",
    "off": 75032,
    "sff": "rat"
  },
  {
    "docID": "N009 Lee 2013 23804083",
    "et": "CD2_Mouse",
    "off": 67040,
    "sff": "CD,"
  },
  {
    "docID": "N009 Lee 2013 23804083",
    "et": "MouseSpecies",
    "off": 68945,
    "sff": "mouse"
  },
  {
    "docID": "N009 Lee 2013 23804083",
    "et": "HartleyGuineaPig",
    "off": 66403,
    "sff": "Hartley"
  },
  {
    "docID": "N009 Lee 2013 23804083",
    "et": "Gender",
    "off": 71246,
    "sff": "gender"
  },
  {
    "docID": "N009 Lee 2013 23804083",
    "et": "CatSpecies",
    "off": 70599,
    "sff": "cat"
  },
  {
    "docID": "N009 Lee 2013 23804083",
    "et": "CatSpecies",
    "off": 76809,
    "sff": "cat"
  },
  {
    "docID": "N009 Lee 2013 23804083",
    "et": "Adult",
    "off": 72955,
    "sff": "adult"
  },
  {
    "docID": "N009 Lee 2013 23804083",
    "et": "Adult",
    "off": 75227,
    "sff": "adult"
  },
  {
    "docID": "N009 Lee 2013 23804083",
    "et": "Adult",
    "off": 5724,
    "sff": "adult"
  },
  {
    "docID": "N009 Lee 2013 23804083",
    "et": "Adult",
    "off": 74364,
    "sff": "adult"
  },
  {
    "docID": "N009 Lee 2013 23804083",
    "et": "Adult",
    "off": 1232,
    "sff": "adult"
  },
  {
    "docID": "N009 Lee 2013 23804083",
    "et": "Adult",
    "off": 78768,
    "sff": "adult"
  },
  {
    "docID": "N009 Lee 2013 23804083",
    "et": "Adult",
    "off": 882,
    "sff": "adult"
  },
  {
    "docID": "N009 Lee 2013 23804083",
    "et": "Adult",
    "off": 80692,
    "sff": "adult"
  },
  {
    "docID": "N009 Lee 2013 23804083",
    "et": "Adult",
    "off": 65481,
    "sff": "adult"
  },
  {
    "docID": "N009 Lee 2013 23804083",
    "et": "Adult",
    "off": 68939,
    "sff": "adult"
  },
  {
    "docID": "N009 Lee 2013 23804083",
    "et": "Adult",
    "off": 6348,
    "sff": "adult"
  },
  {
    "docID": "N009 Lee 2013 23804083",
    "et": "Adult",
    "off": 66767,
    "sff": "adult"
  },
  {
    "docID": "N009 Lee 2013 23804083",
    "et": "Adult",
    "off": 67566,
    "sff": "adult"
  },
  {
    "docID": "N009 Lee 2013 23804083",
    "et": "Adult",
    "off": 68001,
    "sff": "adult"
  },
  {
    "docID": "N009 Lee 2013 23804083",
    "et": "Adult",
    "off": 70593,
    "sff": "adult"
  },
  {
    "docID": "N009 Lee 2013 23804083",
    "et": "Adult",
    "off": 66242,
    "sff": "adult"
  },
  {
    "docID": "N009 Lee 2013 23804083",
    "et": "Adult",
    "off": 70210,
    "sff": "adult"
  },
  {
    "docID": "N009 Lee 2013 23804083",
    "et": "Adult",
    "off": 54469,
    "sff": "adult"
  },
  {
    "docID": "N009 Lee 2013 23804083",
    "et": "Adult",
    "off": 59334,
    "sff": "adult"
  },
  {
    "docID": "N009 Lee 2013 23804083",
    "et": "LongEvansRat",
    "off": 63806,
    "sff": "long"
  },
  {
    "docID": "N009 Lee 2013 23804083",
    "et": "LongEvansRat",
    "off": 55066,
    "sff": "long"
  },
  {
    "docID": "N009 Lee 2013 23804083",
    "et": "CatModel",
    "off": 70599,
    "sff": "cat"
  },
  {
    "docID": "N009 Lee 2013 23804083",
    "et": "CatModel",
    "off": 76809,
    "sff": "cat"
  },
  {
    "docID": "N009 Lee 2013 23804083",
    "et": "Female",
    "off": 6354,
    "sff": "female"
  },
  {
    "docID": "N009 Lee 2013 23804083",
    "et": "Age",
    "off": 39065,
    "sff": "6 months"
  },
  {
    "docID": "N009 Lee 2013 23804083",
    "et": "Age",
    "off": 51870,
    "sff": "9D"
  },
  {
    "docID": "N009 Lee 2013 23804083",
    "et": "Age",
    "off": 32581,
    "sff": "2 weeks"
  },
  {
    "docID": "N009 Lee 2013 23804083",
    "et": "Age",
    "off": 34451,
    "sff": "3 d"
  },
  {
    "docID": "N009 Lee 2013 23804083",
    "et": "Age",
    "off": 11213,
    "sff": "3 d"
  },
  {
    "docID": "N009 Lee 2013 23804083",
    "et": "Age",
    "off": 14733,
    "sff": "3 d"
  },
  {
    "docID": "N009 Lee 2013 23804083",
    "et": "Age",
    "off": 54064,
    "sff": "12D"
  },
  {
    "docID": "N009 Lee 2013 23804083",
    "et": "Age",
    "off": 15083,
    "sff": "1 d"
  },
  {
    "docID": "N009 Lee 2013 23804083",
    "et": "Age",
    "off": 40427,
    "sff": "3 month"
  },
  {
    "docID": "N009 Lee 2013 23804083",
    "et": "Age",
    "off": 56963,
    "sff": "6 months"
  },
  {
    "docID": "N009 Lee 2013 23804083",
    "et": "Age",
    "off": 40014,
    "sff": "6 month"
  },
  {
    "docID": "N009 Lee 2013 23804083",
    "et": "Age",
    "off": 55434,
    "sff": "6 months"
  },
  {
    "docID": "N009 Lee 2013 23804083",
    "et": "Age",
    "off": 34870,
    "sff": "3 d"
  },
  {
    "docID": "N009 Lee 2013 23804083",
    "et": "Age",
    "off": 17441,
    "sff": "2 weeks"
  },
  {
    "docID": "N009 Lee 2013 23804083",
    "et": "Age",
    "off": 39288,
    "sff": "3 months"
  },
  {
    "docID": "N009 Lee 2013 23804083",
    "et": "Age",
    "off": 23090,
    "sff": "6 months"
  },
  {
    "docID": "N009 Lee 2013 23804083",
    "et": "Age",
    "off": 37298,
    "sff": "6 months"
  },
  {
    "docID": "N009 Lee 2013 23804083",
    "et": "Age",
    "off": 48063,
    "sff": "5D"
  },
  {
    "docID": "N009 Lee 2013 23804083",
    "et": "Age",
    "off": 11707,
    "sff": "6 months"
  },
  {
    "docID": "N009 Lee 2013 23804083",
    "et": "Age",
    "off": 22203,
    "sff": "6 months"
  },
  {
    "docID": "N009 Lee 2013 23804083",
    "et": "Age",
    "off": 22772,
    "sff": "3 months"
  },
  {
    "docID": "N009 Lee 2013 23804083",
    "et": "Age",
    "off": 37876,
    "sff": "3 months"
  },
  {
    "docID": "N009 Lee 2013 23804083",
    "et": "Age",
    "off": 41147,
    "sff": "6 months"
  },
  {
    "docID": "N009 Lee 2013 23804083",
    "et": "Age",
    "off": 10792,
    "sff": "6 months"
  },
  {
    "docID": "N009 Lee 2013 23804083",
    "et": "Age",
    "off": 14567,
    "sff": "6 months"
  },
  {
    "docID": "N009 Lee 2013 23804083",
    "et": "Age",
    "off": 40354,
    "sff": "6 months"
  },
  {
    "docID": "N009 Lee 2013 23804083",
    "et": "Age",
    "off": 14461,
    "sff": "3 d"
  },
  {
    "docID": "N009 Lee 2013 23804083",
    "et": "Age",
    "off": 52121,
    "sff": "2 weeks"
  },
  {
    "docID": "N009 Lee 2013 23804083",
    "et": "Age",
    "off": 42287,
    "sff": "6 months"
  },
  {
    "docID": "N009 Lee 2013 23804083",
    "et": "Age",
    "off": 13789,
    "sff": "2 weeks"
  }
]
