[
  {
    "docID": "N010 Xia 2015 25641132",
    "et": "Weight",
    "off": 15682,
    "sff": "2G"
  },
  {
    "docID": "N010 Xia 2015 25641132",
    "et": "Weight",
    "off": 5612,
    "sff": "250-300 g"
  },
  {
    "docID": "N010 Xia 2015 25641132",
    "et": "RatModel",
    "off": 22486,
    "sff": "rat"
  },
  {
    "docID": "N010 Xia 2015 25641132",
    "et": "RatModel",
    "off": 25013,
    "sff": "rat"
  },
  {
    "docID": "N010 Xia 2015 25641132",
    "et": "RatModel",
    "off": 4792,
    "sff": "rat"
  },
  {
    "docID": "N010 Xia 2015 25641132",
    "et": "RatModel",
    "off": 23928,
    "sff": "rat"
  },
  {
    "docID": "N010 Xia 2015 25641132",
    "et": "RatModel",
    "off": 9617,
    "sff": "rat"
  },
  {
    "docID": "N010 Xia 2015 25641132",
    "et": "RatModel",
    "off": 24763,
    "sff": "rat"
  },
  {
    "docID": "N010 Xia 2015 25641132",
    "et": "NewZealandRabbit",
    "off": 5295,
    "sff": "New"
  },
  {
    "docID": "N010 Xia 2015 25641132",
    "et": "NewZealandRabbit",
    "off": 22110,
    "sff": "new"
  },
  {
    "docID": "N010 Xia 2015 25641132",
    "et": "SpragueDawleyRat",
    "off": 5583,
    "sff": "Sprague-Dawley"
  },
  {
    "docID": "N010 Xia 2015 25641132",
    "et": "SpragueDawleyRat",
    "off": 5583,
    "sff": "Sprague-Dawley rats"
  },
  {
    "docID": "N010 Xia 2015 25641132",
    "et": "RatSpecies",
    "off": 22486,
    "sff": "rat"
  },
  {
    "docID": "N010 Xia 2015 25641132",
    "et": "RatSpecies",
    "off": 25013,
    "sff": "rat"
  },
  {
    "docID": "N010 Xia 2015 25641132",
    "et": "RatSpecies",
    "off": 24763,
    "sff": "rat"
  },
  {
    "docID": "N010 Xia 2015 25641132",
    "et": "RatSpecies",
    "off": 4792,
    "sff": "rat"
  },
  {
    "docID": "N010 Xia 2015 25641132",
    "et": "RatSpecies",
    "off": 23928,
    "sff": "rat"
  },
  {
    "docID": "N010 Xia 2015 25641132",
    "et": "RatSpecies",
    "off": 9617,
    "sff": "rat"
  },
  {
    "docID": "N010 Xia 2015 25641132",
    "et": "Adult",
    "off": 26198,
    "sff": "adult"
  },
  {
    "docID": "N010 Xia 2015 25641132",
    "et": "Adult",
    "off": 22424,
    "sff": "adult"
  },
  {
    "docID": "N010 Xia 2015 25641132",
    "et": "Adult",
    "off": 19438,
    "sff": "adult"
  },
  {
    "docID": "N010 Xia 2015 25641132",
    "et": "Adult",
    "off": 22480,
    "sff": "adult"
  },
  {
    "docID": "N010 Xia 2015 25641132",
    "et": "Adult",
    "off": 1121,
    "sff": "adult"
  },
  {
    "docID": "N010 Xia 2015 25641132",
    "et": "LongEvansRat",
    "off": 17780,
    "sff": "long"
  },
  {
    "docID": "N010 Xia 2015 25641132",
    "et": "Female",
    "off": 5576,
    "sff": "Female"
  },
  {
    "docID": "N010 Xia 2015 25641132",
    "et": "Age",
    "off": 17439,
    "sff": "6-8 weeks"
  },
  {
    "docID": "N010 Xia 2015 25641132",
    "et": "Age",
    "off": 10373,
    "sff": "8 weeks"
  },
  {
    "docID": "N010 Xia 2015 25641132",
    "et": "Age",
    "off": 14593,
    "sff": "Eight weeks"
  },
  {
    "docID": "N010 Xia 2015 25641132",
    "et": "Age",
    "off": 17256,
    "sff": "8 weeks"
  },
  {
    "docID": "N010 Xia 2015 25641132",
    "et": "Age",
    "off": 15082,
    "sff": "8 weeks"
  },
  {
    "docID": "N010 Xia 2015 25641132",
    "et": "Age",
    "off": 7427,
    "sff": "Eight weeks"
  },
  {
    "docID": "N010 Xia 2015 25641132",
    "et": "Age",
    "off": 13164,
    "sff": "8 weeks"
  },
  {
    "docID": "N010 Xia 2015 25641132",
    "et": "Age",
    "off": 20722,
    "sff": "2 weeks"
  },
  {
    "docID": "N010 Xia 2015 25641132",
    "et": "Age",
    "off": 9226,
    "sff": "Eight weeks"
  },
  {
    "docID": "N010 Xia 2015 25641132",
    "et": "Age",
    "off": 17375,
    "sff": "4D"
  },
  {
    "docID": "N010 Xia 2015 25641132",
    "et": "Age",
    "off": 14426,
    "sff": "1D"
  },
  {
    "docID": "N010 Xia 2015 25641132",
    "et": "Age",
    "off": 16807,
    "sff": "Eight weeks"
  },
  {
    "docID": "N010 Xia 2015 25641132",
    "et": "Age",
    "off": 6622,
    "sff": "2 weeks"
  },
  {
    "docID": "N010 Xia 2015 25641132",
    "et": "Age",
    "off": 11124,
    "sff": "8 weeks"
  },
  {
    "docID": "N010 Xia 2015 25641132",
    "et": "Age",
    "off": 8784,
    "sff": "One day"
  },
  {
    "docID": "N010 Xia 2015 25641132",
    "et": "Age",
    "off": 19584,
    "sff": "tend"
  },
  {
    "docID": "N010 Xia 2015 25641132",
    "et": "Age",
    "off": 6832,
    "sff": "Six weeks"
  },
  {
    "docID": "N010 Xia 2015 25641132",
    "et": "Age",
    "off": 10640,
    "sff": "1 day"
  },
  {
    "docID": "N010 Xia 2015 25641132",
    "et": "Age",
    "off": 13589,
    "sff": "6-8 weeks"
  },
  {
    "docID": "N010 Xia 2015 25641132",
    "et": "Age",
    "off": 17327,
    "sff": "5 weeks"
  },
  {
    "docID": "N010 Xia 2015 25641132",
    "et": "Age",
    "off": 16544,
    "sff": "8 weeks"
  }
]
