[
  {
    "docID": "N012 Bradbury 2002 11948352",
    "et": "Weight",
    "off": 18807,
    "sff": "1.5 g"
  },
  {
    "docID": "N012 Bradbury 2002 11948352",
    "et": "Weight",
    "off": 4488,
    "sff": "2g"
  },
  {
    "docID": "N012 Bradbury 2002 11948352",
    "et": "Weight",
    "off": 15288,
    "sff": "40 mg"
  },
  {
    "docID": "N012 Bradbury 2002 11948352",
    "et": "CD1_Mouse",
    "off": 6472,
    "sff": "CDP"
  },
  {
    "docID": "N012 Bradbury 2002 11948352",
    "et": "RatModel",
    "off": 25833,
    "sff": "rat"
  },
  {
    "docID": "N012 Bradbury 2002 11948352",
    "et": "RatModel",
    "off": 22534,
    "sff": "rat"
  },
  {
    "docID": "N012 Bradbury 2002 11948352",
    "et": "RatModel",
    "off": 20487,
    "sff": "rat"
  },
  {
    "docID": "N012 Bradbury 2002 11948352",
    "et": "RatModel",
    "off": 23271,
    "sff": "rat"
  },
  {
    "docID": "N012 Bradbury 2002 11948352",
    "et": "RatModel",
    "off": 23013,
    "sff": "rat"
  },
  {
    "docID": "N012 Bradbury 2002 11948352",
    "et": "RatModel",
    "off": 21760,
    "sff": "rat"
  },
  {
    "docID": "N012 Bradbury 2002 11948352",
    "et": "NewZealandRabbit",
    "off": 6911,
    "sff": "new"
  },
  {
    "docID": "N012 Bradbury 2002 11948352",
    "et": "NewZealandRabbit",
    "off": 9824,
    "sff": "new"
  },
  {
    "docID": "N012 Bradbury 2002 11948352",
    "et": "WistarRat",
    "off": 15311,
    "sff": "Wistar"
  },
  {
    "docID": "N012 Bradbury 2002 11948352",
    "et": "WistarRat",
    "off": 15311,
    "sff": "Wistar rats"
  },
  {
    "docID": "N012 Bradbury 2002 11948352",
    "et": "RatSpecies",
    "off": 20487,
    "sff": "rat"
  },
  {
    "docID": "N012 Bradbury 2002 11948352",
    "et": "RatSpecies",
    "off": 23271,
    "sff": "rat"
  },
  {
    "docID": "N012 Bradbury 2002 11948352",
    "et": "RatSpecies",
    "off": 25833,
    "sff": "rat"
  },
  {
    "docID": "N012 Bradbury 2002 11948352",
    "et": "RatSpecies",
    "off": 23013,
    "sff": "rat"
  },
  {
    "docID": "N012 Bradbury 2002 11948352",
    "et": "RatSpecies",
    "off": 22534,
    "sff": "rat"
  },
  {
    "docID": "N012 Bradbury 2002 11948352",
    "et": "RatSpecies",
    "off": 21760,
    "sff": "rat"
  },
  {
    "docID": "N012 Bradbury 2002 11948352",
    "et": "CD2_Mouse",
    "off": 6472,
    "sff": "CDP"
  },
  {
    "docID": "N012 Bradbury 2002 11948352",
    "et": "Male",
    "off": 15306,
    "sff": "male"
  },
  {
    "docID": "N012 Bradbury 2002 11948352",
    "et": "FischerRat",
    "off": 25633,
    "sff": "Fischer"
  },
  {
    "docID": "N012 Bradbury 2002 11948352",
    "et": "Adult",
    "off": 21754,
    "sff": "adult"
  },
  {
    "docID": "N012 Bradbury 2002 11948352",
    "et": "Adult",
    "off": 1543,
    "sff": "adult"
  },
  {
    "docID": "N012 Bradbury 2002 11948352",
    "et": "Adult",
    "off": 2191,
    "sff": "Adult"
  },
  {
    "docID": "N012 Bradbury 2002 11948352",
    "et": "Adult",
    "off": 23586,
    "sff": "adult"
  },
  {
    "docID": "N012 Bradbury 2002 11948352",
    "et": "Adult",
    "off": 21697,
    "sff": "adult"
  },
  {
    "docID": "N012 Bradbury 2002 11948352",
    "et": "Adult",
    "off": 15300,
    "sff": "adult"
  },
  {
    "docID": "N012 Bradbury 2002 11948352",
    "et": "Adult",
    "off": 25827,
    "sff": "adult"
  },
  {
    "docID": "N012 Bradbury 2002 11948352",
    "et": "Adult",
    "off": 942,
    "sff": "adult"
  },
  {
    "docID": "N012 Bradbury 2002 11948352",
    "et": "Adult",
    "off": 22528,
    "sff": "adult"
  },
  {
    "docID": "N012 Bradbury 2002 11948352",
    "et": "Age",
    "off": 15940,
    "sff": "10 days"
  },
  {
    "docID": "N012 Bradbury 2002 11948352",
    "et": "Age",
    "off": 8914,
    "sff": "6 weeks"
  },
  {
    "docID": "N012 Bradbury 2002 11948352",
    "et": "Age",
    "off": 8182,
    "sff": "6 weeks"
  },
  {
    "docID": "N012 Bradbury 2002 11948352",
    "et": "Age",
    "off": 16152,
    "sff": "6 weeks"
  },
  {
    "docID": "N012 Bradbury 2002 11948352",
    "et": "Age",
    "off": 19608,
    "sff": "6 weeks"
  },
  {
    "docID": "N012 Bradbury 2002 11948352",
    "et": "Age",
    "off": 4154,
    "sff": "2d"
  },
  {
    "docID": "N012 Bradbury 2002 11948352",
    "et": "Age",
    "off": 8438,
    "sff": "2 weeks"
  },
  {
    "docID": "N012 Bradbury 2002 11948352",
    "et": "Age",
    "off": 7506,
    "sff": "six weeks"
  },
  {
    "docID": "N012 Bradbury 2002 11948352",
    "et": "Age",
    "off": 16032,
    "sff": "2weeks"
  },
  {
    "docID": "N012 Bradbury 2002 11948352",
    "et": "Age",
    "off": 16333,
    "sff": "10 weeks"
  },
  {
    "docID": "N012 Bradbury 2002 11948352",
    "et": "Age",
    "off": 8457,
    "sff": "1 week"
  },
  {
    "docID": "N012 Bradbury 2002 11948352",
    "et": "Age",
    "off": 16461,
    "sff": "13– 17 days"
  },
  {
    "docID": "N012 Bradbury 2002 11948352",
    "et": "Age",
    "off": 8547,
    "sff": "6 weeks"
  },
  {
    "docID": "N012 Bradbury 2002 11948352",
    "et": "Age",
    "off": 7628,
    "sff": "6 weeks"
  },
  {
    "docID": "N012 Bradbury 2002 11948352",
    "et": "Age",
    "off": 16237,
    "sff": "8weeks"
  },
  {
    "docID": "N012 Bradbury 2002 11948352",
    "et": "Age",
    "off": 5454,
    "sff": "3d"
  }
]
