[
  {
    "docID": "N013 CaffertyCafferty",
    "et": "Weight",
    "off": 15391,
    "sff": "60 mg"
  },
  {
    "docID": "N013 CaffertyCafferty",
    "et": "Weight",
    "off": 30659,
    "sff": "5G"
  },
  {
    "docID": "N013 CaffertyCafferty",
    "et": "Weight",
    "off": 40908,
    "sff": "7G"
  },
  {
    "docID": "N013 CaffertyCafferty",
    "et": "Weight",
    "off": 32306,
    "sff": "5G"
  },
  {
    "docID": "N013 CaffertyCafferty",
    "et": "Weight",
    "off": 12918,
    "sff": "20 mg"
  },
  {
    "docID": "N013 CaffertyCafferty",
    "et": "Weight",
    "off": 22238,
    "sff": "1G"
  },
  {
    "docID": "N013 CaffertyCafferty",
    "et": "Weight",
    "off": 37406,
    "sff": "6G"
  },
  {
    "docID": "N013 CaffertyCafferty",
    "et": "Weight",
    "off": 15471,
    "sff": "3 mg"
  },
  {
    "docID": "N013 CaffertyCafferty",
    "et": "CD1_Mouse",
    "off": 34562,
    "sff": "CDP"
  },
  {
    "docID": "N013 CaffertyCafferty",
    "et": "CD1_Mouse",
    "off": 28937,
    "sff": "CDP"
  },
  {
    "docID": "N013 CaffertyCafferty",
    "et": "CD1_Mouse",
    "off": 28331,
    "sff": "CDP"
  },
  {
    "docID": "N013 CaffertyCafferty",
    "et": "CD1_Mouse",
    "off": 34620,
    "sff": "CDP"
  },
  {
    "docID": "N013 CaffertyCafferty",
    "et": "RatModel",
    "off": 69934,
    "sff": "rat"
  },
  {
    "docID": "N013 CaffertyCafferty",
    "et": "RatModel",
    "off": 66316,
    "sff": "rat"
  },
  {
    "docID": "N013 CaffertyCafferty",
    "et": "RatModel",
    "off": 49983,
    "sff": "rat"
  },
  {
    "docID": "N013 CaffertyCafferty",
    "et": "RatModel",
    "off": 12990,
    "sff": "rat"
  },
  {
    "docID": "N013 CaffertyCafferty",
    "et": "RatModel",
    "off": 68395,
    "sff": "rat"
  },
  {
    "docID": "N013 CaffertyCafferty",
    "et": "RatModel",
    "off": 71003,
    "sff": "rat"
  },
  {
    "docID": "N013 CaffertyCafferty",
    "et": "RatModel",
    "off": 66581,
    "sff": "rat"
  },
  {
    "docID": "N013 CaffertyCafferty",
    "et": "RatModel",
    "off": 72134,
    "sff": "rat"
  },
  {
    "docID": "N013 CaffertyCafferty",
    "et": "RatModel",
    "off": 19444,
    "sff": "rat"
  },
  {
    "docID": "N013 CaffertyCafferty",
    "et": "RatModel",
    "off": 61860,
    "sff": "rat"
  },
  {
    "docID": "N013 CaffertyCafferty",
    "et": "RatModel",
    "off": 14582,
    "sff": "rat"
  },
  {
    "docID": "N013 CaffertyCafferty",
    "et": "RatModel",
    "off": 47443,
    "sff": "rat"
  },
  {
    "docID": "N013 CaffertyCafferty",
    "et": "NewZealandRabbit",
    "off": 63985,
    "sff": "new"
  },
  {
    "docID": "N013 CaffertyCafferty",
    "et": "NewZealandRabbit",
    "off": 68084,
    "sff": "new"
  },
  {
    "docID": "N013 CaffertyCafferty",
    "et": "NewZealandRabbit",
    "off": 64341,
    "sff": "new"
  },
  {
    "docID": "N013 CaffertyCafferty",
    "et": "RabbitSpecies",
    "off": 8984,
    "sff": "rabbit"
  },
  {
    "docID": "N013 CaffertyCafferty",
    "et": "MouseModel",
    "off": 65044,
    "sff": "mouse"
  },
  {
    "docID": "N013 CaffertyCafferty",
    "et": "RabbitModel",
    "off": 8984,
    "sff": "rabbit"
  },
  {
    "docID": "N013 CaffertyCafferty",
    "et": "WistarRat",
    "off": 11884,
    "sff": "Wistar"
  },
  {
    "docID": "N013 CaffertyCafferty",
    "et": "WistarRat",
    "off": 11884,
    "sff": "Wistar rats"
  },
  {
    "docID": "N013 CaffertyCafferty",
    "et": "WistarRat",
    "off": 7011,
    "sff": "Wistar"
  },
  {
    "docID": "N013 CaffertyCafferty",
    "et": "WistarRat",
    "off": 7011,
    "sff": "Wistar rats"
  },
  {
    "docID": "N013 CaffertyCafferty",
    "et": "RatSpecies",
    "off": 12990,
    "sff": "rat"
  },
  {
    "docID": "N013 CaffertyCafferty",
    "et": "RatSpecies",
    "off": 49983,
    "sff": "rat"
  },
  {
    "docID": "N013 CaffertyCafferty",
    "et": "RatSpecies",
    "off": 68395,
    "sff": "rat"
  },
  {
    "docID": "N013 CaffertyCafferty",
    "et": "RatSpecies",
    "off": 71003,
    "sff": "rat"
  },
  {
    "docID": "N013 CaffertyCafferty",
    "et": "RatSpecies",
    "off": 66316,
    "sff": "rat"
  },
  {
    "docID": "N013 CaffertyCafferty",
    "et": "RatSpecies",
    "off": 69934,
    "sff": "rat"
  },
  {
    "docID": "N013 CaffertyCafferty",
    "et": "RatSpecies",
    "off": 14582,
    "sff": "rat"
  },
  {
    "docID": "N013 CaffertyCafferty",
    "et": "RatSpecies",
    "off": 19444,
    "sff": "rat"
  },
  {
    "docID": "N013 CaffertyCafferty",
    "et": "RatSpecies",
    "off": 47443,
    "sff": "rat"
  },
  {
    "docID": "N013 CaffertyCafferty",
    "et": "RatSpecies",
    "off": 61860,
    "sff": "rat"
  },
  {
    "docID": "N013 CaffertyCafferty",
    "et": "RatSpecies",
    "off": 66581,
    "sff": "rat"
  },
  {
    "docID": "N013 CaffertyCafferty",
    "et": "RatSpecies",
    "off": 72134,
    "sff": "rat"
  },
  {
    "docID": "N013 CaffertyCafferty",
    "et": "CD2_Mouse",
    "off": 28937,
    "sff": "CDP"
  },
  {
    "docID": "N013 CaffertyCafferty",
    "et": "CD2_Mouse",
    "off": 34620,
    "sff": "CDP"
  },
  {
    "docID": "N013 CaffertyCafferty",
    "et": "CD2_Mouse",
    "off": 28331,
    "sff": "CDP"
  },
  {
    "docID": "N013 CaffertyCafferty",
    "et": "CD2_Mouse",
    "off": 34562,
    "sff": "CDP"
  },
  {
    "docID": "N013 CaffertyCafferty",
    "et": "Male",
    "off": 7006,
    "sff": "male"
  },
  {
    "docID": "N013 CaffertyCafferty",
    "et": "Male",
    "off": 11879,
    "sff": "male"
  },
  {
    "docID": "N013 CaffertyCafferty",
    "et": "MouseSpecies",
    "off": 65044,
    "sff": "mouse"
  },
  {
    "docID": "N013 CaffertyCafferty",
    "et": "HartleyGuineaPig",
    "off": 64439,
    "sff": "Hartley"
  },
  {
    "docID": "N013 CaffertyCafferty",
    "et": "FischerRat",
    "off": 69549,
    "sff": "Fischer"
  },
  {
    "docID": "N013 CaffertyCafferty",
    "et": "FischerRat",
    "off": 68284,
    "sff": "Fischer"
  },
  {
    "docID": "N013 CaffertyCafferty",
    "et": "FischerRat",
    "off": 68517,
    "sff": "Fischer"
  },
  {
    "docID": "N013 CaffertyCafferty",
    "et": "CatSpecies",
    "off": 61852,
    "sff": "cat"
  },
  {
    "docID": "N013 CaffertyCafferty",
    "et": "CatSpecies",
    "off": 72905,
    "sff": "cat"
  },
  {
    "docID": "N013 CaffertyCafferty",
    "et": "CatSpecies",
    "off": 64703,
    "sff": "cat"
  },
  {
    "docID": "N013 CaffertyCafferty",
    "et": "CatSpecies",
    "off": 68173,
    "sff": "cat"
  },
  {
    "docID": "N013 CaffertyCafferty",
    "et": "CatSpecies",
    "off": 66817,
    "sff": "cat"
  },
  {
    "docID": "N013 CaffertyCafferty",
    "et": "CatSpecies",
    "off": 70081,
    "sff": "cat"
  },
  {
    "docID": "N013 CaffertyCafferty",
    "et": "Adult",
    "off": 67918,
    "sff": "adult"
  },
  {
    "docID": "N013 CaffertyCafferty",
    "et": "Adult",
    "off": 66575,
    "sff": "adult"
  },
  {
    "docID": "N013 CaffertyCafferty",
    "et": "Adult",
    "off": 45904,
    "sff": "adult"
  },
  {
    "docID": "N013 CaffertyCafferty",
    "et": "Adult",
    "off": 2829,
    "sff": "adult"
  },
  {
    "docID": "N013 CaffertyCafferty",
    "et": "Adult",
    "off": 62726,
    "sff": "adult"
  },
  {
    "docID": "N013 CaffertyCafferty",
    "et": "Adult",
    "off": 2881,
    "sff": "adult"
  },
  {
    "docID": "N013 CaffertyCafferty",
    "et": "Adult",
    "off": 2439,
    "sff": "adult"
  },
  {
    "docID": "N013 CaffertyCafferty",
    "et": "Adult",
    "off": 64697,
    "sff": "adult"
  },
  {
    "docID": "N013 CaffertyCafferty",
    "et": "Adult",
    "off": 55227,
    "sff": "adult"
  },
  {
    "docID": "N013 CaffertyCafferty",
    "et": "Adult",
    "off": 2045,
    "sff": "adult"
  },
  {
    "docID": "N013 CaffertyCafferty",
    "et": "Adult",
    "off": 695,
    "sff": "mature"
  },
  {
    "docID": "N013 CaffertyCafferty",
    "et": "Adult",
    "off": 59384,
    "sff": "adult"
  },
  {
    "docID": "N013 CaffertyCafferty",
    "et": "Adult",
    "off": 20019,
    "sff": "adult"
  },
  {
    "docID": "N013 CaffertyCafferty",
    "et": "Adult",
    "off": 19438,
    "sff": "adult"
  },
  {
    "docID": "N013 CaffertyCafferty",
    "et": "Adult",
    "off": 43566,
    "sff": "adult"
  },
  {
    "docID": "N013 CaffertyCafferty",
    "et": "Adult",
    "off": 2576,
    "sff": "mature"
  },
  {
    "docID": "N013 CaffertyCafferty",
    "et": "Adult",
    "off": 2247,
    "sff": "Mature"
  },
  {
    "docID": "N013 CaffertyCafferty",
    "et": "Adult",
    "off": 64368,
    "sff": "adult"
  },
  {
    "docID": "N013 CaffertyCafferty",
    "et": "Adult",
    "off": 65897,
    "sff": "adult"
  },
  {
    "docID": "N013 CaffertyCafferty",
    "et": "Adult",
    "off": 51498,
    "sff": "adult"
  },
  {
    "docID": "N013 CaffertyCafferty",
    "et": "Adult",
    "off": 68389,
    "sff": "adult"
  },
  {
    "docID": "N013 CaffertyCafferty",
    "et": "Adult",
    "off": 1038,
    "sff": "Adult"
  },
  {
    "docID": "N013 CaffertyCafferty",
    "et": "Adult",
    "off": 69928,
    "sff": "adult"
  },
  {
    "docID": "N013 CaffertyCafferty",
    "et": "Adult",
    "off": 11873,
    "sff": "adult"
  },
  {
    "docID": "N013 CaffertyCafferty",
    "et": "Adult",
    "off": 43680,
    "sff": "adult"
  },
  {
    "docID": "N013 CaffertyCafferty",
    "et": "Adult",
    "off": 70619,
    "sff": "adult"
  },
  {
    "docID": "N013 CaffertyCafferty",
    "et": "Adult",
    "off": 6806,
    "sff": "adult"
  },
  {
    "docID": "N013 CaffertyCafferty",
    "et": "Adult",
    "off": 70806,
    "sff": "adult"
  },
  {
    "docID": "N013 CaffertyCafferty",
    "et": "Adult",
    "off": 66519,
    "sff": "adult"
  },
  {
    "docID": "N013 CaffertyCafferty",
    "et": "Adult",
    "off": 7000,
    "sff": "adult"
  },
  {
    "docID": "N013 CaffertyCafferty",
    "et": "LongEvansRat",
    "off": 61172,
    "sff": "long"
  },
  {
    "docID": "N013 CaffertyCafferty",
    "et": "CatModel",
    "off": 64703,
    "sff": "cat"
  },
  {
    "docID": "N013 CaffertyCafferty",
    "et": "CatModel",
    "off": 66817,
    "sff": "cat"
  },
  {
    "docID": "N013 CaffertyCafferty",
    "et": "CatModel",
    "off": 70081,
    "sff": "cat"
  },
  {
    "docID": "N013 CaffertyCafferty",
    "et": "CatModel",
    "off": 61852,
    "sff": "cat"
  },
  {
    "docID": "N013 CaffertyCafferty",
    "et": "CatModel",
    "off": 68173,
    "sff": "cat"
  },
  {
    "docID": "N013 CaffertyCafferty",
    "et": "CatModel",
    "off": 72905,
    "sff": "cat"
  },
  {
    "docID": "N013 CaffertyCafferty",
    "et": "Age",
    "off": 16871,
    "sff": "14 d"
  },
  {
    "docID": "N013 CaffertyCafferty",
    "et": "Age",
    "off": 18977,
    "sff": "2 d"
  },
  {
    "docID": "N013 CaffertyCafferty",
    "et": "Age",
    "off": 29787,
    "sff": "14 d"
  },
  {
    "docID": "N013 CaffertyCafferty",
    "et": "Age",
    "off": 30683,
    "sff": "14 d"
  },
  {
    "docID": "N013 CaffertyCafferty",
    "et": "Age",
    "off": 7571,
    "sff": "Five days"
  },
  {
    "docID": "N013 CaffertyCafferty",
    "et": "Age",
    "off": 27760,
    "sff": "7 d"
  },
  {
    "docID": "N013 CaffertyCafferty",
    "et": "Age",
    "off": 37631,
    "sff": "2 weeks"
  },
  {
    "docID": "N013 CaffertyCafferty",
    "et": "Age",
    "off": 16205,
    "sff": "14 d"
  },
  {
    "docID": "N013 CaffertyCafferty",
    "et": "Age",
    "off": 37740,
    "sff": "21 d"
  },
  {
    "docID": "N013 CaffertyCafferty",
    "et": "Age",
    "off": 33209,
    "sff": "28 d"
  },
  {
    "docID": "N013 CaffertyCafferty",
    "et": "Age",
    "off": 30598,
    "sff": "5 D"
  },
  {
    "docID": "N013 CaffertyCafferty",
    "et": "Age",
    "off": 16392,
    "sff": "14 d"
  },
  {
    "docID": "N013 CaffertyCafferty",
    "et": "Age",
    "off": 35842,
    "sff": "14 d"
  },
  {
    "docID": "N013 CaffertyCafferty",
    "et": "Age",
    "off": 49731,
    "sff": "7 d"
  },
  {
    "docID": "N013 CaffertyCafferty",
    "et": "Age",
    "off": 39551,
    "sff": "28 day"
  },
  {
    "docID": "N013 CaffertyCafferty",
    "et": "Age",
    "off": 27774,
    "sff": "14 d"
  },
  {
    "docID": "N013 CaffertyCafferty",
    "et": "Age",
    "off": 45371,
    "sff": "7 day"
  },
  {
    "docID": "N013 CaffertyCafferty",
    "et": "Age",
    "off": 18939,
    "sff": "14 d"
  },
  {
    "docID": "N013 CaffertyCafferty",
    "et": "Age",
    "off": 39526,
    "sff": "14 day"
  },
  {
    "docID": "N013 CaffertyCafferty",
    "et": "Age",
    "off": 45531,
    "sff": "14 day"
  },
  {
    "docID": "N013 CaffertyCafferty",
    "et": "Age",
    "off": 20599,
    "sff": "14 d"
  },
  {
    "docID": "N013 CaffertyCafferty",
    "et": "Age",
    "off": 38222,
    "sff": "7 d"
  },
  {
    "docID": "N013 CaffertyCafferty",
    "et": "Age",
    "off": 57826,
    "sff": "28 d"
  },
  {
    "docID": "N013 CaffertyCafferty",
    "et": "Age",
    "off": 45680,
    "sff": "28 day"
  },
  {
    "docID": "N013 CaffertyCafferty",
    "et": "Age",
    "off": 41041,
    "sff": "14 day"
  },
  {
    "docID": "N013 CaffertyCafferty",
    "et": "Age",
    "off": 18121,
    "sff": "21 d"
  },
  {
    "docID": "N013 CaffertyCafferty",
    "et": "Age",
    "off": 18759,
    "sff": "7 d"
  },
  {
    "docID": "N013 CaffertyCafferty",
    "et": "Age",
    "off": 53981,
    "sff": "28 d"
  },
  {
    "docID": "N013 CaffertyCafferty",
    "et": "Age",
    "off": 38376,
    "sff": "28 d"
  },
  {
    "docID": "N013 CaffertyCafferty",
    "et": "Age",
    "off": 41066,
    "sff": "28 day"
  },
  {
    "docID": "N013 CaffertyCafferty",
    "et": "Age",
    "off": 18658,
    "sff": "2 d"
  },
  {
    "docID": "N013 CaffertyCafferty",
    "et": "Age",
    "off": 48799,
    "sff": "14 d"
  },
  {
    "docID": "N013 CaffertyCafferty",
    "et": "Age",
    "off": 43418,
    "sff": "14 d"
  },
  {
    "docID": "N013 CaffertyCafferty",
    "et": "Age",
    "off": 19606,
    "sff": "14 d"
  },
  {
    "docID": "N013 CaffertyCafferty",
    "et": "Age",
    "off": 45628,
    "sff": "14 day"
  },
  {
    "docID": "N013 CaffertyCafferty",
    "et": "Age",
    "off": 35717,
    "sff": "28 d"
  },
  {
    "docID": "N013 CaffertyCafferty",
    "et": "Age",
    "off": 38147,
    "sff": "28 d"
  },
  {
    "docID": "N013 CaffertyCafferty",
    "et": "Age",
    "off": 23465,
    "sff": "21 d"
  },
  {
    "docID": "N013 CaffertyCafferty",
    "et": "Age",
    "off": 41034,
    "sff": "7 day"
  },
  {
    "docID": "N013 CaffertyCafferty",
    "et": "Age",
    "off": 20881,
    "sff": "28 d"
  },
  {
    "docID": "N013 CaffertyCafferty",
    "et": "Age",
    "off": 27793,
    "sff": "28 d"
  },
  {
    "docID": "N013 CaffertyCafferty",
    "et": "Age",
    "off": 38670,
    "sff": "28 d"
  },
  {
    "docID": "N013 CaffertyCafferty",
    "et": "Age",
    "off": 38343,
    "sff": "14 d"
  },
  {
    "docID": "N013 CaffertyCafferty",
    "et": "Age",
    "off": 45436,
    "sff": "7 day"
  },
  {
    "docID": "N013 CaffertyCafferty",
    "et": "Age",
    "off": 21139,
    "sff": "1 D"
  },
  {
    "docID": "N013 CaffertyCafferty",
    "et": "Age",
    "off": 24534,
    "sff": "3 d"
  },
  {
    "docID": "N013 CaffertyCafferty",
    "et": "Age",
    "off": 39519,
    "sff": "7 day"
  },
  {
    "docID": "N013 CaffertyCafferty",
    "et": "Age",
    "off": 32287,
    "sff": "5D"
  },
  {
    "docID": "N013 CaffertyCafferty",
    "et": "Age",
    "off": 41374,
    "sff": "28 d"
  },
  {
    "docID": "N013 CaffertyCafferty",
    "et": "Age",
    "off": 29858,
    "sff": "28 d"
  },
  {
    "docID": "N013 CaffertyCafferty",
    "et": "Age",
    "off": 1189,
    "sff": "4 weeks"
  }
]
