[
  {
    "docID": "N014 Didangelos 2014 25471580",
    "et": "Weight",
    "off": 4576,
    "sff": "5µg"
  },
  {
    "docID": "N014 Didangelos 2014 25471580",
    "et": "Weight",
    "off": 24669,
    "sff": "3G"
  },
  {
    "docID": "N014 Didangelos 2014 25471580",
    "et": "Weight",
    "off": 4561,
    "sff": "5µg"
  },
  {
    "docID": "N014 Didangelos 2014 25471580",
    "et": "Weight",
    "off": 4867,
    "sff": "250 -350 g"
  },
  {
    "docID": "N014 Didangelos 2014 25471580",
    "et": "Weight",
    "off": 2844,
    "sff": "~200 g"
  },
  {
    "docID": "N014 Didangelos 2014 25471580",
    "et": "CD1_Mouse",
    "off": 16715,
    "sff": "CD32"
  },
  {
    "docID": "N014 Didangelos 2014 25471580",
    "et": "RatModel",
    "off": 9952,
    "sff": "Rat"
  },
  {
    "docID": "N014 Didangelos 2014 25471580",
    "et": "RatModel",
    "off": 36194,
    "sff": "rat"
  },
  {
    "docID": "N014 Didangelos 2014 25471580",
    "et": "RatModel",
    "off": 7121,
    "sff": "rat"
  },
  {
    "docID": "N014 Didangelos 2014 25471580",
    "et": "RatModel",
    "off": 19995,
    "sff": "rat"
  },
  {
    "docID": "N014 Didangelos 2014 25471580",
    "et": "RatModel",
    "off": 37768,
    "sff": "rat"
  },
  {
    "docID": "N014 Didangelos 2014 25471580",
    "et": "NewZealandRabbit",
    "off": 32415,
    "sff": "new"
  },
  {
    "docID": "N014 Didangelos 2014 25471580",
    "et": "RabbitSpecies",
    "off": 11229,
    "sff": "rabbit"
  },
  {
    "docID": "N014 Didangelos 2014 25471580",
    "et": "RabbitSpecies",
    "off": 6907,
    "sff": "rabbit"
  },
  {
    "docID": "N014 Didangelos 2014 25471580",
    "et": "RabbitSpecies",
    "off": 4518,
    "sff": "rabbit"
  },
  {
    "docID": "N014 Didangelos 2014 25471580",
    "et": "RabbitSpecies",
    "off": 10277,
    "sff": "rabbit"
  },
  {
    "docID": "N014 Didangelos 2014 25471580",
    "et": "RabbitSpecies",
    "off": 6744,
    "sff": "rabbit"
  },
  {
    "docID": "N014 Didangelos 2014 25471580",
    "et": "RabbitSpecies",
    "off": 6952,
    "sff": "rabbit"
  },
  {
    "docID": "N014 Didangelos 2014 25471580",
    "et": "RabbitSpecies",
    "off": 4583,
    "sff": "rabbit"
  },
  {
    "docID": "N014 Didangelos 2014 25471580",
    "et": "RabbitSpecies",
    "off": 34817,
    "sff": "rabbit"
  },
  {
    "docID": "N014 Didangelos 2014 25471580",
    "et": "RabbitSpecies",
    "off": 6564,
    "sff": "rabbit"
  },
  {
    "docID": "N014 Didangelos 2014 25471580",
    "et": "SpragueDawleyRat",
    "off": 2823,
    "sff": "Sprague Dawley"
  },
  {
    "docID": "N014 Didangelos 2014 25471580",
    "et": "SpragueDawleyRat",
    "off": 2823,
    "sff": "Sprague Dawley rats"
  },
  {
    "docID": "N014 Didangelos 2014 25471580",
    "et": "Mixed",
    "off": 26764,
    "sff": "mixed"
  },
  {
    "docID": "N014 Didangelos 2014 25471580",
    "et": "Mixed",
    "off": 4507,
    "sff": "mixed"
  },
  {
    "docID": "N014 Didangelos 2014 25471580",
    "et": "MouseModel",
    "off": 6613,
    "sff": "mouse"
  },
  {
    "docID": "N014 Didangelos 2014 25471580",
    "et": "MouseModel",
    "off": 6924,
    "sff": "mouse"
  },
  {
    "docID": "N014 Didangelos 2014 25471580",
    "et": "MouseModel",
    "off": 6990,
    "sff": "mouse"
  },
  {
    "docID": "N014 Didangelos 2014 25471580",
    "et": "MouseModel",
    "off": 7934,
    "sff": "mouse"
  },
  {
    "docID": "N014 Didangelos 2014 25471580",
    "et": "MouseModel",
    "off": 6859,
    "sff": "mouse"
  },
  {
    "docID": "N014 Didangelos 2014 25471580",
    "et": "MouseModel",
    "off": 35659,
    "sff": "mouse"
  },
  {
    "docID": "N014 Didangelos 2014 25471580",
    "et": "RabbitModel",
    "off": 10277,
    "sff": "rabbit"
  },
  {
    "docID": "N014 Didangelos 2014 25471580",
    "et": "RabbitModel",
    "off": 6564,
    "sff": "rabbit"
  },
  {
    "docID": "N014 Didangelos 2014 25471580",
    "et": "RabbitModel",
    "off": 34817,
    "sff": "rabbit"
  },
  {
    "docID": "N014 Didangelos 2014 25471580",
    "et": "RabbitModel",
    "off": 6907,
    "sff": "rabbit"
  },
  {
    "docID": "N014 Didangelos 2014 25471580",
    "et": "RabbitModel",
    "off": 11229,
    "sff": "rabbit"
  },
  {
    "docID": "N014 Didangelos 2014 25471580",
    "et": "RabbitModel",
    "off": 4583,
    "sff": "rabbit"
  },
  {
    "docID": "N014 Didangelos 2014 25471580",
    "et": "RabbitModel",
    "off": 4518,
    "sff": "rabbit"
  },
  {
    "docID": "N014 Didangelos 2014 25471580",
    "et": "RabbitModel",
    "off": 6744,
    "sff": "rabbit"
  },
  {
    "docID": "N014 Didangelos 2014 25471580",
    "et": "RabbitModel",
    "off": 6952,
    "sff": "rabbit"
  },
  {
    "docID": "N014 Didangelos 2014 25471580",
    "et": "AgeCategory",
    "off": 320,
    "sff": "Age"
  },
  {
    "docID": "N014 Didangelos 2014 25471580",
    "et": "RatSpecies",
    "off": 37768,
    "sff": "rat"
  },
  {
    "docID": "N014 Didangelos 2014 25471580",
    "et": "RatSpecies",
    "off": 7121,
    "sff": "rat"
  },
  {
    "docID": "N014 Didangelos 2014 25471580",
    "et": "RatSpecies",
    "off": 36194,
    "sff": "rat"
  },
  {
    "docID": "N014 Didangelos 2014 25471580",
    "et": "RatSpecies",
    "off": 9952,
    "sff": "Rat"
  },
  {
    "docID": "N014 Didangelos 2014 25471580",
    "et": "RatSpecies",
    "off": 19995,
    "sff": "rat"
  },
  {
    "docID": "N014 Didangelos 2014 25471580",
    "et": "MouseSpecies",
    "off": 6613,
    "sff": "mouse"
  },
  {
    "docID": "N014 Didangelos 2014 25471580",
    "et": "MouseSpecies",
    "off": 6990,
    "sff": "mouse"
  },
  {
    "docID": "N014 Didangelos 2014 25471580",
    "et": "MouseSpecies",
    "off": 7934,
    "sff": "mouse"
  },
  {
    "docID": "N014 Didangelos 2014 25471580",
    "et": "MouseSpecies",
    "off": 6859,
    "sff": "mouse"
  },
  {
    "docID": "N014 Didangelos 2014 25471580",
    "et": "MouseSpecies",
    "off": 6924,
    "sff": "mouse"
  },
  {
    "docID": "N014 Didangelos 2014 25471580",
    "et": "MouseSpecies",
    "off": 35659,
    "sff": "mouse"
  },
  {
    "docID": "N014 Didangelos 2014 25471580",
    "et": "HartleyGuineaPig",
    "off": 32711,
    "sff": "Hartley"
  },
  {
    "docID": "N014 Didangelos 2014 25471580",
    "et": "Adult",
    "off": 2810,
    "sff": "Adult"
  },
  {
    "docID": "N014 Didangelos 2014 25471580",
    "et": "Adult",
    "off": 15374,
    "sff": "adult"
  },
  {
    "docID": "N014 Didangelos 2014 25471580",
    "et": "Adult",
    "off": 4848,
    "sff": "adult"
  },
  {
    "docID": "N014 Didangelos 2014 25471580",
    "et": "Female",
    "off": 2816,
    "sff": "female"
  },
  {
    "docID": "N014 Didangelos 2014 25471580",
    "et": "Female",
    "off": 4854,
    "sff": "female"
  },
  {
    "docID": "N014 Didangelos 2014 25471580",
    "et": "Age",
    "off": 30136,
    "sff": "7 d"
  },
  {
    "docID": "N014 Didangelos 2014 25471580",
    "et": "Age",
    "off": 11479,
    "sff": "7 d"
  },
  {
    "docID": "N014 Didangelos 2014 25471580",
    "et": "Age",
    "off": 24038,
    "sff": "3D"
  },
  {
    "docID": "N014 Didangelos 2014 25471580",
    "et": "Age",
    "off": 3417,
    "sff": "7 d"
  },
  {
    "docID": "N014 Didangelos 2014 25471580",
    "et": "Age",
    "off": 18500,
    "sff": "tend"
  },
  {
    "docID": "N014 Didangelos 2014 25471580",
    "et": "Age",
    "off": 21725,
    "sff": "2D"
  },
  {
    "docID": "N014 Didangelos 2014 25471580",
    "et": "Age",
    "off": 22045,
    "sff": "2D"
  },
  {
    "docID": "N014 Didangelos 2014 25471580",
    "et": "Age",
    "off": 21715,
    "sff": "7 d"
  },
  {
    "docID": "N014 Didangelos 2014 25471580",
    "et": "Age",
    "off": 13649,
    "sff": "7 d"
  },
  {
    "docID": "N014 Didangelos 2014 25471580",
    "et": "Age",
    "off": 8552,
    "sff": "7 d"
  },
  {
    "docID": "N014 Didangelos 2014 25471580",
    "et": "Age",
    "off": 18343,
    "sff": "7 d"
  },
  {
    "docID": "N014 Didangelos 2014 25471580",
    "et": "Age",
    "off": 26160,
    "sff": "4D"
  },
  {
    "docID": "N014 Didangelos 2014 25471580",
    "et": "Age",
    "off": 908,
    "sff": "7 d"
  },
  {
    "docID": "N014 Didangelos 2014 25471580",
    "et": "Age",
    "off": 17354,
    "sff": "7 d"
  },
  {
    "docID": "N014 Didangelos 2014 25471580",
    "et": "Age",
    "off": 26226,
    "sff": "4D"
  },
  {
    "docID": "N014 Didangelos 2014 25471580",
    "et": "Age",
    "off": 24937,
    "sff": "7 d"
  },
  {
    "docID": "N014 Didangelos 2014 25471580",
    "et": "Age",
    "off": 17826,
    "sff": "Seven days"
  },
  {
    "docID": "N014 Didangelos 2014 25471580",
    "et": "Age",
    "off": 21863,
    "sff": "2D"
  },
  {
    "docID": "N014 Didangelos 2014 25471580",
    "et": "Age",
    "off": 4451,
    "sff": "7 d"
  },
  {
    "docID": "N014 Didangelos 2014 25471580",
    "et": "Age",
    "off": 19812,
    "sff": "7 d"
  },
  {
    "docID": "N014 Didangelos 2014 25471580",
    "et": "Age",
    "off": 4356,
    "sff": "7 d"
  },
  {
    "docID": "N014 Didangelos 2014 25471580",
    "et": "Age",
    "off": 9058,
    "sff": "7 d"
  },
  {
    "docID": "N014 Didangelos 2014 25471580",
    "et": "Age",
    "off": 9474,
    "sff": "7 d"
  }
]
