[
  {
    "docID": "N016 Grosso 2014 24871142",
    "et": "Weight",
    "off": 6858,
    "sff": "250 to 300 g"
  },
  {
    "docID": "N016 Grosso 2014 24871142",
    "et": "RatModel",
    "off": 38731,
    "sff": "rat"
  },
  {
    "docID": "N016 Grosso 2014 24871142",
    "et": "RatModel",
    "off": 5470,
    "sff": "rat"
  },
  {
    "docID": "N016 Grosso 2014 24871142",
    "et": "RatModel",
    "off": 38575,
    "sff": "rat"
  },
  {
    "docID": "N016 Grosso 2014 24871142",
    "et": "RatModel",
    "off": 41727,
    "sff": "rat"
  },
  {
    "docID": "N016 Grosso 2014 24871142",
    "et": "RatModel",
    "off": 26497,
    "sff": "rat"
  },
  {
    "docID": "N016 Grosso 2014 24871142",
    "et": "RatModel",
    "off": 37686,
    "sff": "rat"
  },
  {
    "docID": "N016 Grosso 2014 24871142",
    "et": "RatModel",
    "off": 37991,
    "sff": "rat"
  },
  {
    "docID": "N016 Grosso 2014 24871142",
    "et": "NewZealandRabbit",
    "off": 7624,
    "sff": "New"
  },
  {
    "docID": "N016 Grosso 2014 24871142",
    "et": "NewZealandRabbit",
    "off": 13210,
    "sff": "New"
  },
  {
    "docID": "N016 Grosso 2014 24871142",
    "et": "NewZealandRabbit",
    "off": 9363,
    "sff": "new"
  },
  {
    "docID": "N016 Grosso 2014 24871142",
    "et": "NewZealandRabbit",
    "off": 34737,
    "sff": "New"
  },
  {
    "docID": "N016 Grosso 2014 24871142",
    "et": "NewZealandRabbit",
    "off": 33343,
    "sff": "new"
  },
  {
    "docID": "N016 Grosso 2014 24871142",
    "et": "RabbitSpecies",
    "off": 12833,
    "sff": "rabbit"
  },
  {
    "docID": "N016 Grosso 2014 24871142",
    "et": "SpragueDawleyRat",
    "off": 6821,
    "sff": "Sprague-Dawley rats"
  },
  {
    "docID": "N016 Grosso 2014 24871142",
    "et": "SpragueDawleyRat",
    "off": 6821,
    "sff": "Sprague-Dawley"
  },
  {
    "docID": "N016 Grosso 2014 24871142",
    "et": "MouseModel",
    "off": 12714,
    "sff": "mouse"
  },
  {
    "docID": "N016 Grosso 2014 24871142",
    "et": "RabbitModel",
    "off": 12833,
    "sff": "rabbit"
  },
  {
    "docID": "N016 Grosso 2014 24871142",
    "et": "RatSpecies",
    "off": 38731,
    "sff": "rat"
  },
  {
    "docID": "N016 Grosso 2014 24871142",
    "et": "RatSpecies",
    "off": 5470,
    "sff": "rat"
  },
  {
    "docID": "N016 Grosso 2014 24871142",
    "et": "RatSpecies",
    "off": 38575,
    "sff": "rat"
  },
  {
    "docID": "N016 Grosso 2014 24871142",
    "et": "RatSpecies",
    "off": 41727,
    "sff": "rat"
  },
  {
    "docID": "N016 Grosso 2014 24871142",
    "et": "RatSpecies",
    "off": 26497,
    "sff": "rat"
  },
  {
    "docID": "N016 Grosso 2014 24871142",
    "et": "RatSpecies",
    "off": 37686,
    "sff": "rat"
  },
  {
    "docID": "N016 Grosso 2014 24871142",
    "et": "RatSpecies",
    "off": 37991,
    "sff": "rat"
  },
  {
    "docID": "N016 Grosso 2014 24871142",
    "et": "MouseSpecies",
    "off": 12714,
    "sff": "mouse"
  },
  {
    "docID": "N016 Grosso 2014 24871142",
    "et": "Adult",
    "off": 3274,
    "sff": "adult"
  },
  {
    "docID": "N016 Grosso 2014 24871142",
    "et": "Adult",
    "off": 36153,
    "sff": "adult"
  },
  {
    "docID": "N016 Grosso 2014 24871142",
    "et": "Adult",
    "off": 41721,
    "sff": "adult"
  },
  {
    "docID": "N016 Grosso 2014 24871142",
    "et": "Adult",
    "off": 40673,
    "sff": "Adult"
  },
  {
    "docID": "N016 Grosso 2014 24871142",
    "et": "Adult",
    "off": 6808,
    "sff": "Adult"
  },
  {
    "docID": "N016 Grosso 2014 24871142",
    "et": "Adult",
    "off": 35760,
    "sff": "adult"
  },
  {
    "docID": "N016 Grosso 2014 24871142",
    "et": "Adult",
    "off": 6751,
    "sff": "adult"
  },
  {
    "docID": "N016 Grosso 2014 24871142",
    "et": "Adult",
    "off": 37985,
    "sff": "adult"
  },
  {
    "docID": "N016 Grosso 2014 24871142",
    "et": "Adult",
    "off": 2055,
    "sff": "adult"
  },
  {
    "docID": "N016 Grosso 2014 24871142",
    "et": "Female",
    "off": 6814,
    "sff": "female"
  },
  {
    "docID": "N016 Grosso 2014 24871142",
    "et": "Age",
    "off": 9097,
    "sff": "1007D"
  },
  {
    "docID": "N016 Grosso 2014 24871142",
    "et": "Age",
    "off": 22401,
    "sff": "2 weeks"
  },
  {
    "docID": "N016 Grosso 2014 24871142",
    "et": "Age",
    "off": 2967,
    "sff": "7 weeks"
  },
  {
    "docID": "N016 Grosso 2014 24871142",
    "et": "Age",
    "off": 9379,
    "sff": "1 week"
  },
  {
    "docID": "N016 Grosso 2014 24871142",
    "et": "Age",
    "off": 22617,
    "sff": "7 weeks"
  },
  {
    "docID": "N016 Grosso 2014 24871142",
    "et": "Age",
    "off": 9418,
    "sff": "2 weeks"
  },
  {
    "docID": "N016 Grosso 2014 24871142",
    "et": "Age",
    "off": 25165,
    "sff": "49 days"
  },
  {
    "docID": "N016 Grosso 2014 24871142",
    "et": "Age",
    "off": 30379,
    "sff": "7 weeks"
  },
  {
    "docID": "N016 Grosso 2014 24871142",
    "et": "Age",
    "off": 9292,
    "sff": "1 week"
  },
  {
    "docID": "N016 Grosso 2014 24871142",
    "et": "Age",
    "off": 9427,
    "sff": "One week"
  },
  {
    "docID": "N016 Grosso 2014 24871142",
    "et": "Age",
    "off": 10131,
    "sff": "3 days"
  },
  {
    "docID": "N016 Grosso 2014 24871142",
    "et": "Age",
    "off": 15543,
    "sff": "6 days"
  },
  {
    "docID": "N016 Grosso 2014 24871142",
    "et": "Age",
    "off": 10029,
    "sff": "2 days"
  },
  {
    "docID": "N016 Grosso 2014 24871142",
    "et": "Age",
    "off": 19836,
    "sff": "6 weeks"
  },
  {
    "docID": "N016 Grosso 2014 24871142",
    "et": "Age",
    "off": 8626,
    "sff": "1 week"
  },
  {
    "docID": "N016 Grosso 2014 24871142",
    "et": "Age",
    "off": 18364,
    "sff": "42 days"
  },
  {
    "docID": "N016 Grosso 2014 24871142",
    "et": "Age",
    "off": 9890,
    "sff": "5 to 7 days"
  },
  {
    "docID": "N016 Grosso 2014 24871142",
    "et": "Age",
    "off": 2339,
    "sff": "6 weeks"
  },
  {
    "docID": "N016 Grosso 2014 24871142",
    "et": "Age",
    "off": 14998,
    "sff": "6 days"
  }
]
