[
  {
    "docID": "N017 Karimi-Abdolrezaee 2012  22629425",
    "et": "Weight",
    "off": 7783,
    "sff": "23 g"
  },
  {
    "docID": "N017 Karimi-Abdolrezaee 2012  22629425",
    "et": "Weight",
    "off": 6500,
    "sff": "250 g"
  },
  {
    "docID": "N017 Karimi-Abdolrezaee 2012  22629425",
    "et": "Weight",
    "off": 13182,
    "sff": "3 mg"
  },
  {
    "docID": "N017 Karimi-Abdolrezaee 2012  22629425",
    "et": "Weight",
    "off": 25729,
    "sff": "23 g"
  },
  {
    "docID": "N017 Karimi-Abdolrezaee 2012  22629425",
    "et": "RatModel",
    "off": 7159,
    "sff": "Rat"
  },
  {
    "docID": "N017 Karimi-Abdolrezaee 2012  22629425",
    "et": "RatModel",
    "off": 54171,
    "sff": "rat"
  },
  {
    "docID": "N017 Karimi-Abdolrezaee 2012  22629425",
    "et": "RatModel",
    "off": 49566,
    "sff": "rat"
  },
  {
    "docID": "N017 Karimi-Abdolrezaee 2012  22629425",
    "et": "RatModel",
    "off": 25556,
    "sff": "Rat"
  },
  {
    "docID": "N017 Karimi-Abdolrezaee 2012  22629425",
    "et": "RatModel",
    "off": 25632,
    "sff": "rat"
  },
  {
    "docID": "N017 Karimi-Abdolrezaee 2012  22629425",
    "et": "RatModel",
    "off": 56290,
    "sff": "rat"
  },
  {
    "docID": "N017 Karimi-Abdolrezaee 2012  22629425",
    "et": "RatModel",
    "off": 36484,
    "sff": "rat"
  },
  {
    "docID": "N017 Karimi-Abdolrezaee 2012  22629425",
    "et": "RatModel",
    "off": 20231,
    "sff": "rat"
  },
  {
    "docID": "N017 Karimi-Abdolrezaee 2012  22629425",
    "et": "RatModel",
    "off": 55244,
    "sff": "rat"
  },
  {
    "docID": "N017 Karimi-Abdolrezaee 2012  22629425",
    "et": "RatModel",
    "off": 9166,
    "sff": "rat"
  },
  {
    "docID": "N017 Karimi-Abdolrezaee 2012  22629425",
    "et": "RatModel",
    "off": 1423,
    "sff": "rat"
  },
  {
    "docID": "N017 Karimi-Abdolrezaee 2012  22629425",
    "et": "RatModel",
    "off": 4239,
    "sff": "rat"
  },
  {
    "docID": "N017 Karimi-Abdolrezaee 2012  22629425",
    "et": "RatModel",
    "off": 8336,
    "sff": "rat"
  },
  {
    "docID": "N017 Karimi-Abdolrezaee 2012  22629425",
    "et": "RatModel",
    "off": 51567,
    "sff": "rat"
  },
  {
    "docID": "N017 Karimi-Abdolrezaee 2012  22629425",
    "et": "RatModel",
    "off": 9926,
    "sff": "Rat"
  },
  {
    "docID": "N017 Karimi-Abdolrezaee 2012  22629425",
    "et": "RatModel",
    "off": 26547,
    "sff": "rat"
  },
  {
    "docID": "N017 Karimi-Abdolrezaee 2012  22629425",
    "et": "RatModel",
    "off": 51286,
    "sff": "rat"
  },
  {
    "docID": "N017 Karimi-Abdolrezaee 2012  22629425",
    "et": "RatModel",
    "off": 55861,
    "sff": "rat"
  },
  {
    "docID": "N017 Karimi-Abdolrezaee 2012  22629425",
    "et": "RatModel",
    "off": 53080,
    "sff": "rat"
  },
  {
    "docID": "N017 Karimi-Abdolrezaee 2012  22629425",
    "et": "RatModel",
    "off": 58104,
    "sff": "rat"
  },
  {
    "docID": "N017 Karimi-Abdolrezaee 2012  22629425",
    "et": "RatModel",
    "off": 53527,
    "sff": "rat"
  },
  {
    "docID": "N017 Karimi-Abdolrezaee 2012  22629425",
    "et": "RatModel",
    "off": 25946,
    "sff": "rat"
  },
  {
    "docID": "N017 Karimi-Abdolrezaee 2012  22629425",
    "et": "NewZealandRabbit",
    "off": 42697,
    "sff": "new"
  },
  {
    "docID": "N017 Karimi-Abdolrezaee 2012  22629425",
    "et": "NewZealandRabbit",
    "off": 36904,
    "sff": "new"
  },
  {
    "docID": "N017 Karimi-Abdolrezaee 2012  22629425",
    "et": "NewZealandRabbit",
    "off": 23726,
    "sff": "new"
  },
  {
    "docID": "N017 Karimi-Abdolrezaee 2012  22629425",
    "et": "NewZealandRabbit",
    "off": 51532,
    "sff": "new"
  },
  {
    "docID": "N017 Karimi-Abdolrezaee 2012  22629425",
    "et": "NewZealandRabbit",
    "off": 1932,
    "sff": "new"
  },
  {
    "docID": "N017 Karimi-Abdolrezaee 2012  22629425",
    "et": "NewZealandRabbit",
    "off": 2162,
    "sff": "new"
  },
  {
    "docID": "N017 Karimi-Abdolrezaee 2012  22629425",
    "et": "NewZealandRabbit",
    "off": 37781,
    "sff": "new"
  },
  {
    "docID": "N017 Karimi-Abdolrezaee 2012  22629425",
    "et": "NewZealandRabbit",
    "off": 33043,
    "sff": "new"
  },
  {
    "docID": "N017 Karimi-Abdolrezaee 2012  22629425",
    "et": "NewZealandRabbit",
    "off": 42650,
    "sff": "new"
  },
  {
    "docID": "N017 Karimi-Abdolrezaee 2012  22629425",
    "et": "NewZealandRabbit",
    "off": 36665,
    "sff": "new"
  },
  {
    "docID": "N017 Karimi-Abdolrezaee 2012  22629425",
    "et": "NewZealandRabbit",
    "off": 5752,
    "sff": "new"
  },
  {
    "docID": "N017 Karimi-Abdolrezaee 2012  22629425",
    "et": "NewZealandRabbit",
    "off": 39287,
    "sff": "new"
  },
  {
    "docID": "N017 Karimi-Abdolrezaee 2012  22629425",
    "et": "NewZealandRabbit",
    "off": 21726,
    "sff": "new"
  },
  {
    "docID": "N017 Karimi-Abdolrezaee 2012  22629425",
    "et": "NewZealandRabbit",
    "off": 45182,
    "sff": "new"
  },
  {
    "docID": "N017 Karimi-Abdolrezaee 2012  22629425",
    "et": "NewZealandRabbit",
    "off": 21437,
    "sff": "new"
  },
  {
    "docID": "N017 Karimi-Abdolrezaee 2012  22629425",
    "et": "NewZealandRabbit",
    "off": 50493,
    "sff": "new"
  },
  {
    "docID": "N017 Karimi-Abdolrezaee 2012  22629425",
    "et": "NewZealandRabbit",
    "off": 39547,
    "sff": "new"
  },
  {
    "docID": "N017 Karimi-Abdolrezaee 2012  22629425",
    "et": "NewZealandRabbit",
    "off": 34208,
    "sff": "new"
  },
  {
    "docID": "N017 Karimi-Abdolrezaee 2012  22629425",
    "et": "NewZealandRabbit",
    "off": 34084,
    "sff": "new"
  },
  {
    "docID": "N017 Karimi-Abdolrezaee 2012  22629425",
    "et": "RabbitSpecies",
    "off": 13520,
    "sff": "rabbit"
  },
  {
    "docID": "N017 Karimi-Abdolrezaee 2012  22629425",
    "et": "RabbitSpecies",
    "off": 12068,
    "sff": "rabbit"
  },
  {
    "docID": "N017 Karimi-Abdolrezaee 2012  22629425",
    "et": "MouseModel",
    "off": 57468,
    "sff": "mouse"
  },
  {
    "docID": "N017 Karimi-Abdolrezaee 2012  22629425",
    "et": "MouseModel",
    "off": 13399,
    "sff": "mouse"
  },
  {
    "docID": "N017 Karimi-Abdolrezaee 2012  22629425",
    "et": "MouseModel",
    "off": 12150,
    "sff": "mouse"
  },
  {
    "docID": "N017 Karimi-Abdolrezaee 2012  22629425",
    "et": "MouseModel",
    "off": 13439,
    "sff": "mouse"
  },
  {
    "docID": "N017 Karimi-Abdolrezaee 2012  22629425",
    "et": "MouseModel",
    "off": 12189,
    "sff": "mouse"
  },
  {
    "docID": "N017 Karimi-Abdolrezaee 2012  22629425",
    "et": "MouseModel",
    "off": 12427,
    "sff": "mouse"
  },
  {
    "docID": "N017 Karimi-Abdolrezaee 2012  22629425",
    "et": "MouseModel",
    "off": 13483,
    "sff": "mouse"
  },
  {
    "docID": "N017 Karimi-Abdolrezaee 2012  22629425",
    "et": "RabbitModel",
    "off": 13520,
    "sff": "rabbit"
  },
  {
    "docID": "N017 Karimi-Abdolrezaee 2012  22629425",
    "et": "RabbitModel",
    "off": 12068,
    "sff": "rabbit"
  },
  {
    "docID": "N017 Karimi-Abdolrezaee 2012  22629425",
    "et": "WistarRat",
    "off": 6487,
    "sff": "Wistar rats"
  },
  {
    "docID": "N017 Karimi-Abdolrezaee 2012  22629425",
    "et": "WistarRat",
    "off": 6487,
    "sff": "Wistar"
  },
  {
    "docID": "N017 Karimi-Abdolrezaee 2012  22629425",
    "et": "RatSpecies",
    "off": 7159,
    "sff": "Rat"
  },
  {
    "docID": "N017 Karimi-Abdolrezaee 2012  22629425",
    "et": "RatSpecies",
    "off": 54171,
    "sff": "rat"
  },
  {
    "docID": "N017 Karimi-Abdolrezaee 2012  22629425",
    "et": "RatSpecies",
    "off": 25946,
    "sff": "rat"
  },
  {
    "docID": "N017 Karimi-Abdolrezaee 2012  22629425",
    "et": "RatSpecies",
    "off": 53080,
    "sff": "rat"
  },
  {
    "docID": "N017 Karimi-Abdolrezaee 2012  22629425",
    "et": "RatSpecies",
    "off": 58104,
    "sff": "rat"
  },
  {
    "docID": "N017 Karimi-Abdolrezaee 2012  22629425",
    "et": "RatSpecies",
    "off": 53527,
    "sff": "rat"
  },
  {
    "docID": "N017 Karimi-Abdolrezaee 2012  22629425",
    "et": "RatSpecies",
    "off": 51286,
    "sff": "rat"
  },
  {
    "docID": "N017 Karimi-Abdolrezaee 2012  22629425",
    "et": "RatSpecies",
    "off": 55861,
    "sff": "rat"
  },
  {
    "docID": "N017 Karimi-Abdolrezaee 2012  22629425",
    "et": "RatSpecies",
    "off": 25556,
    "sff": "Rat"
  },
  {
    "docID": "N017 Karimi-Abdolrezaee 2012  22629425",
    "et": "RatSpecies",
    "off": 26547,
    "sff": "rat"
  },
  {
    "docID": "N017 Karimi-Abdolrezaee 2012  22629425",
    "et": "RatSpecies",
    "off": 8336,
    "sff": "rat"
  },
  {
    "docID": "N017 Karimi-Abdolrezaee 2012  22629425",
    "et": "RatSpecies",
    "off": 9166,
    "sff": "rat"
  },
  {
    "docID": "N017 Karimi-Abdolrezaee 2012  22629425",
    "et": "RatSpecies",
    "off": 51567,
    "sff": "rat"
  },
  {
    "docID": "N017 Karimi-Abdolrezaee 2012  22629425",
    "et": "RatSpecies",
    "off": 1423,
    "sff": "rat"
  },
  {
    "docID": "N017 Karimi-Abdolrezaee 2012  22629425",
    "et": "RatSpecies",
    "off": 4239,
    "sff": "rat"
  },
  {
    "docID": "N017 Karimi-Abdolrezaee 2012  22629425",
    "et": "RatSpecies",
    "off": 55244,
    "sff": "rat"
  },
  {
    "docID": "N017 Karimi-Abdolrezaee 2012  22629425",
    "et": "RatSpecies",
    "off": 9926,
    "sff": "Rat"
  },
  {
    "docID": "N017 Karimi-Abdolrezaee 2012  22629425",
    "et": "RatSpecies",
    "off": 20231,
    "sff": "rat"
  },
  {
    "docID": "N017 Karimi-Abdolrezaee 2012  22629425",
    "et": "RatSpecies",
    "off": 36484,
    "sff": "rat"
  },
  {
    "docID": "N017 Karimi-Abdolrezaee 2012  22629425",
    "et": "RatSpecies",
    "off": 56290,
    "sff": "rat"
  },
  {
    "docID": "N017 Karimi-Abdolrezaee 2012  22629425",
    "et": "RatSpecies",
    "off": 25632,
    "sff": "rat"
  },
  {
    "docID": "N017 Karimi-Abdolrezaee 2012  22629425",
    "et": "RatSpecies",
    "off": 49566,
    "sff": "rat"
  },
  {
    "docID": "N017 Karimi-Abdolrezaee 2012  22629425",
    "et": "MouseSpecies",
    "off": 12427,
    "sff": "mouse"
  },
  {
    "docID": "N017 Karimi-Abdolrezaee 2012  22629425",
    "et": "MouseSpecies",
    "off": 13483,
    "sff": "mouse"
  },
  {
    "docID": "N017 Karimi-Abdolrezaee 2012  22629425",
    "et": "MouseSpecies",
    "off": 12189,
    "sff": "mouse"
  },
  {
    "docID": "N017 Karimi-Abdolrezaee 2012  22629425",
    "et": "MouseSpecies",
    "off": 57468,
    "sff": "mouse"
  },
  {
    "docID": "N017 Karimi-Abdolrezaee 2012  22629425",
    "et": "MouseSpecies",
    "off": 12150,
    "sff": "mouse"
  },
  {
    "docID": "N017 Karimi-Abdolrezaee 2012  22629425",
    "et": "MouseSpecies",
    "off": 13399,
    "sff": "mouse"
  },
  {
    "docID": "N017 Karimi-Abdolrezaee 2012  22629425",
    "et": "MouseSpecies",
    "off": 13439,
    "sff": "mouse"
  },
  {
    "docID": "N017 Karimi-Abdolrezaee 2012  22629425",
    "et": "CatSpecies",
    "off": 57821,
    "sff": "Cat"
  },
  {
    "docID": "N017 Karimi-Abdolrezaee 2012  22629425",
    "et": "Adult",
    "off": 6474,
    "sff": "adult"
  },
  {
    "docID": "N017 Karimi-Abdolrezaee 2012  22629425",
    "et": "Adult",
    "off": 33706,
    "sff": "mature"
  },
  {
    "docID": "N017 Karimi-Abdolrezaee 2012  22629425",
    "et": "Adult",
    "off": 45895,
    "sff": "adult"
  },
  {
    "docID": "N017 Karimi-Abdolrezaee 2012  22629425",
    "et": "Adult",
    "off": 51280,
    "sff": "adult"
  },
  {
    "docID": "N017 Karimi-Abdolrezaee 2012  22629425",
    "et": "Adult",
    "off": 50769,
    "sff": "adult"
  },
  {
    "docID": "N017 Karimi-Abdolrezaee 2012  22629425",
    "et": "Adult",
    "off": 55761,
    "sff": "adult"
  },
  {
    "docID": "N017 Karimi-Abdolrezaee 2012  22629425",
    "et": "Adult",
    "off": 55507,
    "sff": "adult"
  },
  {
    "docID": "N017 Karimi-Abdolrezaee 2012  22629425",
    "et": "Adult",
    "off": 54165,
    "sff": "adult"
  },
  {
    "docID": "N017 Karimi-Abdolrezaee 2012  22629425",
    "et": "Adult",
    "off": 52758,
    "sff": "Adult"
  },
  {
    "docID": "N017 Karimi-Abdolrezaee 2012  22629425",
    "et": "Adult",
    "off": 37558,
    "sff": "adult"
  },
  {
    "docID": "N017 Karimi-Abdolrezaee 2012  22629425",
    "et": "Adult",
    "off": 50531,
    "sff": "adult"
  },
  {
    "docID": "N017 Karimi-Abdolrezaee 2012  22629425",
    "et": "Adult",
    "off": 23222,
    "sff": "mature"
  },
  {
    "docID": "N017 Karimi-Abdolrezaee 2012  22629425",
    "et": "Adult",
    "off": 4403,
    "sff": "adult"
  },
  {
    "docID": "N017 Karimi-Abdolrezaee 2012  22629425",
    "et": "Adult",
    "off": 49293,
    "sff": "Adult"
  },
  {
    "docID": "N017 Karimi-Abdolrezaee 2012  22629425",
    "et": "Adult",
    "off": 495,
    "sff": "adult"
  },
  {
    "docID": "N017 Karimi-Abdolrezaee 2012  22629425",
    "et": "Adult",
    "off": 56682,
    "sff": "adult"
  },
  {
    "docID": "N017 Karimi-Abdolrezaee 2012  22629425",
    "et": "Adult",
    "off": 26259,
    "sff": "Adult"
  },
  {
    "docID": "N017 Karimi-Abdolrezaee 2012  22629425",
    "et": "Adult",
    "off": 51051,
    "sff": "adult"
  },
  {
    "docID": "N017 Karimi-Abdolrezaee 2012  22629425",
    "et": "Adult",
    "off": 34118,
    "sff": "mature"
  },
  {
    "docID": "N017 Karimi-Abdolrezaee 2012  22629425",
    "et": "Adult",
    "off": 40867,
    "sff": "adult"
  },
  {
    "docID": "N017 Karimi-Abdolrezaee 2012  22629425",
    "et": "Adult",
    "off": 33860,
    "sff": "mature"
  },
  {
    "docID": "N017 Karimi-Abdolrezaee 2012  22629425",
    "et": "Adult",
    "off": 23363,
    "sff": "mature"
  },
  {
    "docID": "N017 Karimi-Abdolrezaee 2012  22629425",
    "et": "Adult",
    "off": 45528,
    "sff": "mature"
  },
  {
    "docID": "N017 Karimi-Abdolrezaee 2012  22629425",
    "et": "Adult",
    "off": 53432,
    "sff": "adult"
  },
  {
    "docID": "N017 Karimi-Abdolrezaee 2012  22629425",
    "et": "Adult",
    "off": 34010,
    "sff": "mature"
  },
  {
    "docID": "N017 Karimi-Abdolrezaee 2012  22629425",
    "et": "Adult",
    "off": 45186,
    "sff": "mature"
  },
  {
    "docID": "N017 Karimi-Abdolrezaee 2012  22629425",
    "et": "Adult",
    "off": 55238,
    "sff": "adult"
  },
  {
    "docID": "N017 Karimi-Abdolrezaee 2012  22629425",
    "et": "Adult",
    "off": 48584,
    "sff": "adult"
  },
  {
    "docID": "N017 Karimi-Abdolrezaee 2012  22629425",
    "et": "Adult",
    "off": 49992,
    "sff": "adult"
  },
  {
    "docID": "N017 Karimi-Abdolrezaee 2012  22629425",
    "et": "CatModel",
    "off": 57821,
    "sff": "Cat"
  },
  {
    "docID": "N017 Karimi-Abdolrezaee 2012  22629425",
    "et": "Female",
    "off": 6480,
    "sff": "female"
  },
  {
    "docID": "N017 Karimi-Abdolrezaee 2012  22629425",
    "et": "Age",
    "off": 8150,
    "sff": "5 days"
  },
  {
    "docID": "N017 Karimi-Abdolrezaee 2012  22629425",
    "et": "Age",
    "off": 42169,
    "sff": "12 days"
  },
  {
    "docID": "N017 Karimi-Abdolrezaee 2012  22629425",
    "et": "Age",
    "off": 10044,
    "sff": "7 days"
  },
  {
    "docID": "N017 Karimi-Abdolrezaee 2012  22629425",
    "et": "Age",
    "off": 17789,
    "sff": "one week"
  },
  {
    "docID": "N017 Karimi-Abdolrezaee 2012  22629425",
    "et": "Age",
    "off": 42134,
    "sff": "eight days"
  },
  {
    "docID": "N017 Karimi-Abdolrezaee 2012  22629425",
    "et": "Age",
    "off": 17653,
    "sff": "12 days"
  },
  {
    "docID": "N017 Karimi-Abdolrezaee 2012  22629425",
    "et": "Age",
    "off": 9645,
    "sff": "four days"
  },
  {
    "docID": "N017 Karimi-Abdolrezaee 2012  22629425",
    "et": "Age",
    "off": 45315,
    "sff": "12 days"
  },
  {
    "docID": "N017 Karimi-Abdolrezaee 2012  22629425",
    "et": "Age",
    "off": 26654,
    "sff": "12 days"
  },
  {
    "docID": "N017 Karimi-Abdolrezaee 2012  22629425",
    "et": "Age",
    "off": 26236,
    "sff": "four weeks"
  },
  {
    "docID": "N017 Karimi-Abdolrezaee 2012  22629425",
    "et": "Age",
    "off": 17766,
    "sff": "4 days"
  },
  {
    "docID": "N017 Karimi-Abdolrezaee 2012  22629425",
    "et": "Age",
    "off": 18826,
    "sff": "12 days"
  },
  {
    "docID": "N017 Karimi-Abdolrezaee 2012  22629425",
    "et": "Age",
    "off": 16972,
    "sff": "12 days"
  },
  {
    "docID": "N017 Karimi-Abdolrezaee 2012  22629425",
    "et": "Age",
    "off": 1736,
    "sff": "seven days"
  },
  {
    "docID": "N017 Karimi-Abdolrezaee 2012  22629425",
    "et": "Age",
    "off": 10580,
    "sff": "Seven days"
  },
  {
    "docID": "N017 Karimi-Abdolrezaee 2012  22629425",
    "et": "Age",
    "off": 27335,
    "sff": "four days"
  },
  {
    "docID": "N017 Karimi-Abdolrezaee 2012  22629425",
    "et": "Age",
    "off": 10609,
    "sff": "12 days"
  },
  {
    "docID": "N017 Karimi-Abdolrezaee 2012  22629425",
    "et": "Age",
    "off": 1663,
    "sff": "Four days"
  },
  {
    "docID": "N017 Karimi-Abdolrezaee 2012  22629425",
    "et": "Age",
    "off": 27696,
    "sff": "eight days"
  }
]
