[
  {
    "docID": "N018 Wang 2012 22728374",
    "et": "Weight",
    "off": 30984,
    "sff": "2G"
  },
  {
    "docID": "N018 Wang 2012 22728374",
    "et": "Weight",
    "off": 13515,
    "sff": "1.2 mg"
  },
  {
    "docID": "N018 Wang 2012 22728374",
    "et": "Weight",
    "off": 10717,
    "sff": "250–270 g"
  },
  {
    "docID": "N018 Wang 2012 22728374",
    "et": "Weight",
    "off": 13478,
    "sff": "1.2 mg"
  },
  {
    "docID": "N018 Wang 2012 22728374",
    "et": "RatModel",
    "off": 27443,
    "sff": "rat"
  },
  {
    "docID": "N018 Wang 2012 22728374",
    "et": "RatModel",
    "off": 11573,
    "sff": "rat"
  },
  {
    "docID": "N018 Wang 2012 22728374",
    "et": "RatModel",
    "off": 13488,
    "sff": "rat"
  },
  {
    "docID": "N018 Wang 2012 22728374",
    "et": "RatModel",
    "off": 18352,
    "sff": "rat"
  },
  {
    "docID": "N018 Wang 2012 22728374",
    "et": "RatModel",
    "off": 47594,
    "sff": "rat"
  },
  {
    "docID": "N018 Wang 2012 22728374",
    "et": "RatModel",
    "off": 25644,
    "sff": "rat"
  },
  {
    "docID": "N018 Wang 2012 22728374",
    "et": "RatModel",
    "off": 24550,
    "sff": "rat"
  },
  {
    "docID": "N018 Wang 2012 22728374",
    "et": "RatModel",
    "off": 17511,
    "sff": "rat"
  },
  {
    "docID": "N018 Wang 2012 22728374",
    "et": "RatModel",
    "off": 36135,
    "sff": "rat"
  },
  {
    "docID": "N018 Wang 2012 22728374",
    "et": "RatModel",
    "off": 22824,
    "sff": "rat"
  },
  {
    "docID": "N018 Wang 2012 22728374",
    "et": "RatModel",
    "off": 22249,
    "sff": "rat"
  },
  {
    "docID": "N018 Wang 2012 22728374",
    "et": "RatModel",
    "off": 15074,
    "sff": "rat"
  },
  {
    "docID": "N018 Wang 2012 22728374",
    "et": "RatModel",
    "off": 11486,
    "sff": "rat"
  },
  {
    "docID": "N018 Wang 2012 22728374",
    "et": "RatModel",
    "off": 25503,
    "sff": "rat"
  },
  {
    "docID": "N018 Wang 2012 22728374",
    "et": "RatModel",
    "off": 11421,
    "sff": "rat"
  },
  {
    "docID": "N018 Wang 2012 22728374",
    "et": "RatModel",
    "off": 13206,
    "sff": "rat"
  },
  {
    "docID": "N018 Wang 2012 22728374",
    "et": "RatModel",
    "off": 11607,
    "sff": "rat"
  },
  {
    "docID": "N018 Wang 2012 22728374",
    "et": "RatModel",
    "off": 23763,
    "sff": "rat"
  },
  {
    "docID": "N018 Wang 2012 22728374",
    "et": "RatModel",
    "off": 16272,
    "sff": "rat"
  },
  {
    "docID": "N018 Wang 2012 22728374",
    "et": "RatModel",
    "off": 10598,
    "sff": "Rat"
  },
  {
    "docID": "N018 Wang 2012 22728374",
    "et": "RatModel",
    "off": 31945,
    "sff": "rat"
  },
  {
    "docID": "N018 Wang 2012 22728374",
    "et": "RatModel",
    "off": 26693,
    "sff": "rat"
  },
  {
    "docID": "N018 Wang 2012 22728374",
    "et": "RatModel",
    "off": 25214,
    "sff": "rat"
  },
  {
    "docID": "N018 Wang 2012 22728374",
    "et": "RatModel",
    "off": 23807,
    "sff": "rat"
  },
  {
    "docID": "N018 Wang 2012 22728374",
    "et": "RatModel",
    "off": 6778,
    "sff": "rat"
  },
  {
    "docID": "N018 Wang 2012 22728374",
    "et": "RatModel",
    "off": 11129,
    "sff": "rat"
  },
  {
    "docID": "N018 Wang 2012 22728374",
    "et": "AnimalSpecies",
    "off": 32003,
    "sff": "species"
  },
  {
    "docID": "N018 Wang 2012 22728374",
    "et": "NewZealandRabbit",
    "off": 351,
    "sff": "New"
  },
  {
    "docID": "N018 Wang 2012 22728374",
    "et": "NewZealandRabbit",
    "off": 43637,
    "sff": "new"
  },
  {
    "docID": "N018 Wang 2012 22728374",
    "et": "SpragueDawleyRat",
    "off": 10683,
    "sff": "Sprague–Dawley rats"
  },
  {
    "docID": "N018 Wang 2012 22728374",
    "et": "SpragueDawleyRat",
    "off": 10683,
    "sff": "Sprague–Dawley"
  },
  {
    "docID": "N018 Wang 2012 22728374",
    "et": "MouseModel",
    "off": 31921,
    "sff": "mouse"
  },
  {
    "docID": "N018 Wang 2012 22728374",
    "et": "MouseModel",
    "off": 1679,
    "sff": "mouse"
  },
  {
    "docID": "N018 Wang 2012 22728374",
    "et": "MouseModel",
    "off": 7662,
    "sff": "Mouse"
  },
  {
    "docID": "N018 Wang 2012 22728374",
    "et": "MouseModel",
    "off": 47626,
    "sff": "mouse"
  },
  {
    "docID": "N018 Wang 2012 22728374",
    "et": "AgeCategory",
    "off": 19171,
    "sff": "age"
  },
  {
    "docID": "N018 Wang 2012 22728374",
    "et": "C57_BL6_Mouse",
    "off": 7688,
    "sff": "C57BL/6 mice"
  },
  {
    "docID": "N018 Wang 2012 22728374",
    "et": "C57_BL6_Mouse",
    "off": 7688,
    "sff": "C57BL/6"
  },
  {
    "docID": "N018 Wang 2012 22728374",
    "et": "C57_BL6_Mouse",
    "off": 7778,
    "sff": "C57BL/6"
  },
  {
    "docID": "N018 Wang 2012 22728374",
    "et": "C57_BL6_Mouse",
    "off": 7778,
    "sff": "C57BL/6 mice"
  },
  {
    "docID": "N018 Wang 2012 22728374",
    "et": "RatSpecies",
    "off": 23763,
    "sff": "rat"
  },
  {
    "docID": "N018 Wang 2012 22728374",
    "et": "RatSpecies",
    "off": 11607,
    "sff": "rat"
  },
  {
    "docID": "N018 Wang 2012 22728374",
    "et": "RatSpecies",
    "off": 13206,
    "sff": "rat"
  },
  {
    "docID": "N018 Wang 2012 22728374",
    "et": "RatSpecies",
    "off": 31945,
    "sff": "rat"
  },
  {
    "docID": "N018 Wang 2012 22728374",
    "et": "RatSpecies",
    "off": 16272,
    "sff": "rat"
  },
  {
    "docID": "N018 Wang 2012 22728374",
    "et": "RatSpecies",
    "off": 15074,
    "sff": "rat"
  },
  {
    "docID": "N018 Wang 2012 22728374",
    "et": "RatSpecies",
    "off": 17511,
    "sff": "rat"
  },
  {
    "docID": "N018 Wang 2012 22728374",
    "et": "RatSpecies",
    "off": 36135,
    "sff": "rat"
  },
  {
    "docID": "N018 Wang 2012 22728374",
    "et": "RatSpecies",
    "off": 22824,
    "sff": "rat"
  },
  {
    "docID": "N018 Wang 2012 22728374",
    "et": "RatSpecies",
    "off": 24550,
    "sff": "rat"
  },
  {
    "docID": "N018 Wang 2012 22728374",
    "et": "RatSpecies",
    "off": 25503,
    "sff": "rat"
  },
  {
    "docID": "N018 Wang 2012 22728374",
    "et": "RatSpecies",
    "off": 11421,
    "sff": "rat"
  },
  {
    "docID": "N018 Wang 2012 22728374",
    "et": "RatSpecies",
    "off": 11486,
    "sff": "rat"
  },
  {
    "docID": "N018 Wang 2012 22728374",
    "et": "RatSpecies",
    "off": 27443,
    "sff": "rat"
  },
  {
    "docID": "N018 Wang 2012 22728374",
    "et": "RatSpecies",
    "off": 11573,
    "sff": "rat"
  },
  {
    "docID": "N018 Wang 2012 22728374",
    "et": "RatSpecies",
    "off": 25644,
    "sff": "rat"
  },
  {
    "docID": "N018 Wang 2012 22728374",
    "et": "RatSpecies",
    "off": 22249,
    "sff": "rat"
  },
  {
    "docID": "N018 Wang 2012 22728374",
    "et": "RatSpecies",
    "off": 47594,
    "sff": "rat"
  },
  {
    "docID": "N018 Wang 2012 22728374",
    "et": "RatSpecies",
    "off": 13488,
    "sff": "rat"
  },
  {
    "docID": "N018 Wang 2012 22728374",
    "et": "RatSpecies",
    "off": 18352,
    "sff": "rat"
  },
  {
    "docID": "N018 Wang 2012 22728374",
    "et": "RatSpecies",
    "off": 26693,
    "sff": "rat"
  },
  {
    "docID": "N018 Wang 2012 22728374",
    "et": "RatSpecies",
    "off": 10598,
    "sff": "Rat"
  },
  {
    "docID": "N018 Wang 2012 22728374",
    "et": "RatSpecies",
    "off": 11129,
    "sff": "rat"
  },
  {
    "docID": "N018 Wang 2012 22728374",
    "et": "RatSpecies",
    "off": 6778,
    "sff": "rat"
  },
  {
    "docID": "N018 Wang 2012 22728374",
    "et": "RatSpecies",
    "off": 23807,
    "sff": "rat"
  },
  {
    "docID": "N018 Wang 2012 22728374",
    "et": "RatSpecies",
    "off": 25214,
    "sff": "rat"
  },
  {
    "docID": "N018 Wang 2012 22728374",
    "et": "MouseSpecies",
    "off": 31921,
    "sff": "mouse"
  },
  {
    "docID": "N018 Wang 2012 22728374",
    "et": "MouseSpecies",
    "off": 7662,
    "sff": "Mouse"
  },
  {
    "docID": "N018 Wang 2012 22728374",
    "et": "MouseSpecies",
    "off": 47626,
    "sff": "mouse"
  },
  {
    "docID": "N018 Wang 2012 22728374",
    "et": "MouseSpecies",
    "off": 1679,
    "sff": "mouse"
  },
  {
    "docID": "N018 Wang 2012 22728374",
    "et": "FischerRat",
    "off": 29474,
    "sff": "Fischer"
  },
  {
    "docID": "N018 Wang 2012 22728374",
    "et": "FischerRat",
    "off": 44274,
    "sff": "Fischer"
  },
  {
    "docID": "N018 Wang 2012 22728374",
    "et": "FischerRat",
    "off": 6440,
    "sff": "Fischer"
  },
  {
    "docID": "N018 Wang 2012 22728374",
    "et": "Adult",
    "off": 2914,
    "sff": "adult"
  },
  {
    "docID": "N018 Wang 2012 22728374",
    "et": "Adult",
    "off": 30417,
    "sff": "adult"
  },
  {
    "docID": "N018 Wang 2012 22728374",
    "et": "Adult",
    "off": 28944,
    "sff": "adult"
  },
  {
    "docID": "N018 Wang 2012 22728374",
    "et": "Adult",
    "off": 1237,
    "sff": "adult"
  },
  {
    "docID": "N018 Wang 2012 22728374",
    "et": "Adult",
    "off": 31293,
    "sff": "adult"
  },
  {
    "docID": "N018 Wang 2012 22728374",
    "et": "Adult",
    "off": 18492,
    "sff": "adult"
  },
  {
    "docID": "N018 Wang 2012 22728374",
    "et": "LongEvansRat",
    "off": 48074,
    "sff": "long"
  },
  {
    "docID": "N018 Wang 2012 22728374",
    "et": "LongEvansRat",
    "off": 7586,
    "sff": "long"
  },
  {
    "docID": "N018 Wang 2012 22728374",
    "et": "LongEvansRat",
    "off": 4927,
    "sff": "long"
  },
  {
    "docID": "N018 Wang 2012 22728374",
    "et": "LongEvansRat",
    "off": 23876,
    "sff": "Long"
  },
  {
    "docID": "N018 Wang 2012 22728374",
    "et": "LongEvansRat",
    "off": 35700,
    "sff": "long"
  },
  {
    "docID": "N018 Wang 2012 22728374",
    "et": "Female",
    "off": 10676,
    "sff": "female"
  },
  {
    "docID": "N018 Wang 2012 22728374",
    "et": "Age",
    "off": 33120,
    "sff": "3D"
  },
  {
    "docID": "N018 Wang 2012 22728374",
    "et": "Age",
    "off": 18769,
    "sff": "Two weeks"
  },
  {
    "docID": "N018 Wang 2012 22728374",
    "et": "Age",
    "off": 20301,
    "sff": "4 weeks"
  },
  {
    "docID": "N018 Wang 2012 22728374",
    "et": "Age",
    "off": 7702,
    "sff": "11–12 weeks"
  },
  {
    "docID": "N018 Wang 2012 22728374",
    "et": "Age",
    "off": 11180,
    "sff": "7 days"
  },
  {
    "docID": "N018 Wang 2012 22728374",
    "et": "Age",
    "off": 11240,
    "sff": "3 days"
  },
  {
    "docID": "N018 Wang 2012 22728374",
    "et": "Age",
    "off": 20706,
    "sff": "4 weeks"
  },
  {
    "docID": "N018 Wang 2012 22728374",
    "et": "Age",
    "off": 30019,
    "sff": "14 days"
  },
  {
    "docID": "N018 Wang 2012 22728374",
    "et": "Age",
    "off": 15127,
    "sff": "Fourweeks"
  },
  {
    "docID": "N018 Wang 2012 22728374",
    "et": "Age",
    "off": 10704,
    "sff": "11–12 weeks"
  },
  {
    "docID": "N018 Wang 2012 22728374",
    "et": "Age",
    "off": 19156,
    "sff": "10–12 weeks of age"
  },
  {
    "docID": "N018 Wang 2012 22728374",
    "et": "Age",
    "off": 38661,
    "sff": "three days"
  },
  {
    "docID": "N018 Wang 2012 22728374",
    "et": "Age",
    "off": 15582,
    "sff": "4–7 days"
  },
  {
    "docID": "N018 Wang 2012 22728374",
    "et": "Age",
    "off": 25422,
    "sff": "5 weeks"
  },
  {
    "docID": "N018 Wang 2012 22728374",
    "et": "Age",
    "off": 33300,
    "sff": "one week"
  },
  {
    "docID": "N018 Wang 2012 22728374",
    "et": "Age",
    "off": 11888,
    "sff": "seven days"
  },
  {
    "docID": "N018 Wang 2012 22728374",
    "et": "Age",
    "off": 11918,
    "sff": "3 days"
  },
  {
    "docID": "N018 Wang 2012 22728374",
    "et": "Age",
    "off": 33388,
    "sff": "4 weeks"
  },
  {
    "docID": "N018 Wang 2012 22728374",
    "et": "Age",
    "off": 15804,
    "sff": "5 weeks"
  },
  {
    "docID": "N018 Wang 2012 22728374",
    "et": "Age",
    "off": 26403,
    "sff": "three days"
  },
  {
    "docID": "N018 Wang 2012 22728374",
    "et": "Age",
    "off": 13437,
    "sff": "28 day"
  },
  {
    "docID": "N018 Wang 2012 22728374",
    "et": "Age",
    "off": 2628,
    "sff": "3 days"
  },
  {
    "docID": "N018 Wang 2012 22728374",
    "et": "Age",
    "off": 18560,
    "sff": "14 days"
  },
  {
    "docID": "N018 Wang 2012 22728374",
    "et": "Age",
    "off": 19236,
    "sff": "14 days"
  },
  {
    "docID": "N018 Wang 2012 22728374",
    "et": "Age",
    "off": 14971,
    "sff": "10 days"
  },
  {
    "docID": "N018 Wang 2012 22728374",
    "et": "Age",
    "off": 9026,
    "sff": "Two weeks"
  },
  {
    "docID": "N018 Wang 2012 22728374",
    "et": "Age",
    "off": 15774,
    "sff": "One week"
  },
  {
    "docID": "N018 Wang 2012 22728374",
    "et": "Age",
    "off": 42745,
    "sff": "7 days"
  },
  {
    "docID": "N018 Wang 2012 22728374",
    "et": "Age",
    "off": 30730,
    "sff": "2D"
  }
]
