[
  {
    "docID": "N019 Xia 2008  18930033",
    "et": "Weight",
    "off": 4081,
    "sff": "250–300 g"
  },
  {
    "docID": "N019 Xia 2008  18930033",
    "et": "Weight",
    "off": 13188,
    "sff": "3G"
  },
  {
    "docID": "N019 Xia 2008  18930033",
    "et": "RatModel",
    "off": 705,
    "sff": "rat"
  },
  {
    "docID": "N019 Xia 2008  18930033",
    "et": "RatModel",
    "off": 3311,
    "sff": "rat"
  },
  {
    "docID": "N019 Xia 2008  18930033",
    "et": "NewZealandRabbit",
    "off": 3732,
    "sff": "New"
  },
  {
    "docID": "N019 Xia 2008  18930033",
    "et": "RabbitSpecies",
    "off": 7257,
    "sff": "rabbit"
  },
  {
    "docID": "N019 Xia 2008  18930033",
    "et": "SpragueDawleyRat",
    "off": 4060,
    "sff": "Dawley"
  },
  {
    "docID": "N019 Xia 2008  18930033",
    "et": "SpragueDawleyRat",
    "off": 4060,
    "sff": "Dawley rats"
  },
  {
    "docID": "N019 Xia 2008  18930033",
    "et": "SpragueDawleyRat",
    "off": 4051,
    "sff": "Sprague"
  },
  {
    "docID": "N019 Xia 2008  18930033",
    "et": "RabbitModel",
    "off": 7257,
    "sff": "rabbit"
  },
  {
    "docID": "N019 Xia 2008  18930033",
    "et": "RatSpecies",
    "off": 705,
    "sff": "rat"
  },
  {
    "docID": "N019 Xia 2008  18930033",
    "et": "RatSpecies",
    "off": 3311,
    "sff": "rat"
  },
  {
    "docID": "N019 Xia 2008  18930033",
    "et": "Adult",
    "off": 4038,
    "sff": "Adult"
  },
  {
    "docID": "N019 Xia 2008  18930033",
    "et": "LongEvansRat",
    "off": 13729,
    "sff": "long"
  },
  {
    "docID": "N019 Xia 2008  18930033",
    "et": "LongEvansRat",
    "off": 5711,
    "sff": "long"
  },
  {
    "docID": "N019 Xia 2008  18930033",
    "et": "Female",
    "off": 4044,
    "sff": "female"
  },
  {
    "docID": "N019 Xia 2008  18930033",
    "et": "Age",
    "off": 12444,
    "sff": "8 weeks"
  },
  {
    "docID": "N019 Xia 2008  18930033",
    "et": "Age",
    "off": 15088,
    "sff": "2 weeks"
  },
  {
    "docID": "N019 Xia 2008  18930033",
    "et": "Age",
    "off": 8878,
    "sff": "2 weeks"
  },
  {
    "docID": "N019 Xia 2008  18930033",
    "et": "Age",
    "off": 12941,
    "sff": "2 weeks"
  },
  {
    "docID": "N019 Xia 2008  18930033",
    "et": "Age",
    "off": 5804,
    "sff": "2 weeks"
  },
  {
    "docID": "N019 Xia 2008  18930033",
    "et": "Age",
    "off": 10471,
    "sff": "8 weeks"
  },
  {
    "docID": "N019 Xia 2008  18930033",
    "et": "Age",
    "off": 11052,
    "sff": "8 weeks"
  },
  {
    "docID": "N019 Xia 2008  18930033",
    "et": "Age",
    "off": 9521,
    "sff": "8 weeks"
  },
  {
    "docID": "N019 Xia 2008  18930033",
    "et": "Age",
    "off": 9972,
    "sff": "2 weeks"
  },
  {
    "docID": "N019 Xia 2008  18930033",
    "et": "Age",
    "off": 9746,
    "sff": "8 weeks"
  },
  {
    "docID": "N019 Xia 2008  18930033",
    "et": "Age",
    "off": 10131,
    "sff": "2 weeks"
  },
  {
    "docID": "N019 Xia 2008  18930033",
    "et": "Age",
    "off": 11666,
    "sff": "2 weeks"
  },
  {
    "docID": "N019 Xia 2008  18930033",
    "et": "Age",
    "off": 6463,
    "sff": "2 weeks"
  },
  {
    "docID": "N019 Xia 2008  18930033",
    "et": "Age",
    "off": 5438,
    "sff": "2 weeks"
  },
  {
    "docID": "N019 Xia 2008  18930033",
    "et": "Age",
    "off": 8446,
    "sff": "2 weeks"
  },
  {
    "docID": "N019 Xia 2008  18930033",
    "et": "Age",
    "off": 12061,
    "sff": "2 weeks"
  }
]
