[
  {
    "docID": "N021 Yang 2009 19761692",
    "et": "Weight",
    "off": 9106,
    "sff": "500 G"
  },
  {
    "docID": "N021 Yang 2009 19761692",
    "et": "Weight",
    "off": 15416,
    "sff": "180 - 250 g"
  },
  {
    "docID": "N021 Yang 2009 19761692",
    "et": "Weight",
    "off": 9204,
    "sff": "1000 G"
  },
  {
    "docID": "N021 Yang 2009 19761692",
    "et": "Weight",
    "off": 6085,
    "sff": "10 g"
  },
  {
    "docID": "N021 Yang 2009 19761692",
    "et": "Weight",
    "off": 6204,
    "sff": "105 g"
  },
  {
    "docID": "N021 Yang 2009 19761692",
    "et": "Weight",
    "off": 4994,
    "sff": "180 - 250 g"
  },
  {
    "docID": "N021 Yang 2009 19761692",
    "et": "RatModel",
    "off": 4324,
    "sff": "rat"
  },
  {
    "docID": "N021 Yang 2009 19761692",
    "et": "RatModel",
    "off": 27973,
    "sff": "rat"
  },
  {
    "docID": "N021 Yang 2009 19761692",
    "et": "RatModel",
    "off": 26914,
    "sff": "rat"
  },
  {
    "docID": "N021 Yang 2009 19761692",
    "et": "RatModel",
    "off": 149,
    "sff": "Rat"
  },
  {
    "docID": "N021 Yang 2009 19761692",
    "et": "RatModel",
    "off": 4608,
    "sff": "rat"
  },
  {
    "docID": "N021 Yang 2009 19761692",
    "et": "RatModel",
    "off": 27184,
    "sff": "rat"
  },
  {
    "docID": "N021 Yang 2009 19761692",
    "et": "RatModel",
    "off": 622,
    "sff": "rat"
  },
  {
    "docID": "N021 Yang 2009 19761692",
    "et": "RatModel",
    "off": 26526,
    "sff": "rat"
  },
  {
    "docID": "N021 Yang 2009 19761692",
    "et": "RatModel",
    "off": 24556,
    "sff": "rat"
  },
  {
    "docID": "N021 Yang 2009 19761692",
    "et": "RatModel",
    "off": 15339,
    "sff": "RAT"
  },
  {
    "docID": "N021 Yang 2009 19761692",
    "et": "RatModel",
    "off": 18603,
    "sff": "rat"
  },
  {
    "docID": "N021 Yang 2009 19761692",
    "et": "NewZealandRabbit",
    "off": 21023,
    "sff": "new"
  },
  {
    "docID": "N021 Yang 2009 19761692",
    "et": "SpragueDawleyRat",
    "off": 4964,
    "sff": "Sprague-Dawley rats"
  },
  {
    "docID": "N021 Yang 2009 19761692",
    "et": "SpragueDawleyRat",
    "off": 5052,
    "sff": "Sprague-Dawley"
  },
  {
    "docID": "N021 Yang 2009 19761692",
    "et": "SpragueDawleyRat",
    "off": 15386,
    "sff": "Sprague-Dawley"
  },
  {
    "docID": "N021 Yang 2009 19761692",
    "et": "SpragueDawleyRat",
    "off": 4964,
    "sff": "Sprague-Dawley"
  },
  {
    "docID": "N021 Yang 2009 19761692",
    "et": "SpragueDawleyRat",
    "off": 5052,
    "sff": "Sprague-Dawley rats"
  },
  {
    "docID": "N021 Yang 2009 19761692",
    "et": "SpragueDawleyRat",
    "off": 15386,
    "sff": "Sprague-Dawley rats"
  },
  {
    "docID": "N021 Yang 2009 19761692",
    "et": "RatSpecies",
    "off": 27973,
    "sff": "rat"
  },
  {
    "docID": "N021 Yang 2009 19761692",
    "et": "RatSpecies",
    "off": 149,
    "sff": "Rat"
  },
  {
    "docID": "N021 Yang 2009 19761692",
    "et": "RatSpecies",
    "off": 26914,
    "sff": "rat"
  },
  {
    "docID": "N021 Yang 2009 19761692",
    "et": "RatSpecies",
    "off": 4324,
    "sff": "rat"
  },
  {
    "docID": "N021 Yang 2009 19761692",
    "et": "RatSpecies",
    "off": 15339,
    "sff": "RAT"
  },
  {
    "docID": "N021 Yang 2009 19761692",
    "et": "RatSpecies",
    "off": 622,
    "sff": "rat"
  },
  {
    "docID": "N021 Yang 2009 19761692",
    "et": "RatSpecies",
    "off": 26526,
    "sff": "rat"
  },
  {
    "docID": "N021 Yang 2009 19761692",
    "et": "RatSpecies",
    "off": 4608,
    "sff": "rat"
  },
  {
    "docID": "N021 Yang 2009 19761692",
    "et": "RatSpecies",
    "off": 27184,
    "sff": "rat"
  },
  {
    "docID": "N021 Yang 2009 19761692",
    "et": "RatSpecies",
    "off": 18603,
    "sff": "rat"
  },
  {
    "docID": "N021 Yang 2009 19761692",
    "et": "RatSpecies",
    "off": 24556,
    "sff": "rat"
  },
  {
    "docID": "N021 Yang 2009 19761692",
    "et": "Male",
    "off": 4948,
    "sff": "male"
  },
  {
    "docID": "N021 Yang 2009 19761692",
    "et": "Male",
    "off": 15370,
    "sff": "male"
  },
  {
    "docID": "N021 Yang 2009 19761692",
    "et": "Adult",
    "off": 15364,
    "sff": "adult"
  },
  {
    "docID": "N021 Yang 2009 19761692",
    "et": "Adult",
    "off": 29556,
    "sff": "adult"
  },
  {
    "docID": "N021 Yang 2009 19761692",
    "et": "Adult",
    "off": 29846,
    "sff": "mature"
  },
  {
    "docID": "N021 Yang 2009 19761692",
    "et": "Adult",
    "off": 4942,
    "sff": "Adult"
  },
  {
    "docID": "N021 Yang 2009 19761692",
    "et": "Adult",
    "off": 4048,
    "sff": "mature"
  },
  {
    "docID": "N021 Yang 2009 19761692",
    "et": "Adult",
    "off": 27178,
    "sff": "adult"
  },
  {
    "docID": "N021 Yang 2009 19761692",
    "et": "LongEvansRat",
    "off": 22264,
    "sff": "long"
  },
  {
    "docID": "N021 Yang 2009 19761692",
    "et": "LongEvansRat",
    "off": 22896,
    "sff": "long"
  },
  {
    "docID": "N021 Yang 2009 19761692",
    "et": "Female",
    "off": 4957,
    "sff": "female"
  },
  {
    "docID": "N021 Yang 2009 19761692",
    "et": "Female",
    "off": 15379,
    "sff": "female"
  },
  {
    "docID": "N021 Yang 2009 19761692",
    "et": "Age",
    "off": 18743,
    "sff": "1 week"
  },
  {
    "docID": "N021 Yang 2009 19761692",
    "et": "Age",
    "off": 7354,
    "sff": "1 week"
  },
  {
    "docID": "N021 Yang 2009 19761692",
    "et": "Age",
    "off": 8513,
    "sff": "2 - 4 days"
  },
  {
    "docID": "N021 Yang 2009 19761692",
    "et": "Age",
    "off": 7677,
    "sff": "6 days"
  },
  {
    "docID": "N021 Yang 2009 19761692",
    "et": "Age",
    "off": 13493,
    "sff": "1 week"
  },
  {
    "docID": "N021 Yang 2009 19761692",
    "et": "Age",
    "off": 15157,
    "sff": "1 week"
  },
  {
    "docID": "N021 Yang 2009 19761692",
    "et": "Age",
    "off": 14399,
    "sff": "1 week"
  },
  {
    "docID": "N021 Yang 2009 19761692",
    "et": "Age",
    "off": 20048,
    "sff": "7 days"
  },
  {
    "docID": "N021 Yang 2009 19761692",
    "et": "Age",
    "off": 5501,
    "sff": "8 weeks"
  },
  {
    "docID": "N021 Yang 2009 19761692",
    "et": "Age",
    "off": 10976,
    "sff": "7 weeks"
  },
  {
    "docID": "N021 Yang 2009 19761692",
    "et": "Age",
    "off": 16624,
    "sff": "4 weeks"
  },
  {
    "docID": "N021 Yang 2009 19761692",
    "et": "Age",
    "off": 18026,
    "sff": "1 to 2 weeks"
  },
  {
    "docID": "N021 Yang 2009 19761692",
    "et": "Age",
    "off": 8333,
    "sff": "2 months"
  },
  {
    "docID": "N021 Yang 2009 19761692",
    "et": "Age",
    "off": 17725,
    "sff": "1 week"
  },
  {
    "docID": "N021 Yang 2009 19761692",
    "et": "Age",
    "off": 8541,
    "sff": "2 weeks"
  },
  {
    "docID": "N021 Yang 2009 19761692",
    "et": "Age",
    "off": 14838,
    "sff": "7 days"
  },
  {
    "docID": "N021 Yang 2009 19761692",
    "et": "Age",
    "off": 22444,
    "sff": "2 weeks"
  },
  {
    "docID": "N021 Yang 2009 19761692",
    "et": "Age",
    "off": 16427,
    "sff": "2 weeks"
  },
  {
    "docID": "N021 Yang 2009 19761692",
    "et": "Age",
    "off": 17296,
    "sff": "0 to 2 weeks"
  },
  {
    "docID": "N021 Yang 2009 19761692",
    "et": "Age",
    "off": 21573,
    "sff": "8 weeks"
  },
  {
    "docID": "N021 Yang 2009 19761692",
    "et": "Age",
    "off": 11182,
    "sff": "7 days"
  },
  {
    "docID": "N021 Yang 2009 19761692",
    "et": "Age",
    "off": 5477,
    "sff": "3 days"
  },
  {
    "docID": "N021 Yang 2009 19761692",
    "et": "Age",
    "off": 19935,
    "sff": "1 day"
  },
  {
    "docID": "N021 Yang 2009 19761692",
    "et": "Age",
    "off": 5470,
    "sff": "1 day"
  },
  {
    "docID": "N021 Yang 2009 19761692",
    "et": "Age",
    "off": 16839,
    "sff": "8 weeks"
  },
  {
    "docID": "N021 Yang 2009 19761692",
    "et": "Age",
    "off": 7211,
    "sff": "1 week"
  },
  {
    "docID": "N021 Yang 2009 19761692",
    "et": "Age",
    "off": 8232,
    "sff": "2 - 4 days"
  },
  {
    "docID": "N021 Yang 2009 19761692",
    "et": "Age",
    "off": 14184,
    "sff": "7 days"
  },
  {
    "docID": "N021 Yang 2009 19761692",
    "et": "Age",
    "off": 17547,
    "sff": "8 weeks"
  },
  {
    "docID": "N021 Yang 2009 19761692",
    "et": "Age",
    "off": 17751,
    "sff": "1 to 2 weeks"
  },
  {
    "docID": "N021 Yang 2009 19761692",
    "et": "Age",
    "off": 21497,
    "sff": "2 weeks"
  },
  {
    "docID": "N021 Yang 2009 19761692",
    "et": "Age",
    "off": 8260,
    "sff": "2 weeks"
  },
  {
    "docID": "N021 Yang 2009 19761692",
    "et": "Age",
    "off": 19161,
    "sff": "8 weeks"
  },
  {
    "docID": "N021 Yang 2009 19761692",
    "et": "Age",
    "off": 8625,
    "sff": "2 months"
  },
  {
    "docID": "N021 Yang 2009 19761692",
    "et": "Age",
    "off": 18213,
    "sff": "2D"
  },
  {
    "docID": "N021 Yang 2009 19761692",
    "et": "Age",
    "off": 12289,
    "sff": "2 weeks"
  },
  {
    "docID": "N021 Yang 2009 19761692",
    "et": "Age",
    "off": 20530,
    "sff": "7 days"
  },
  {
    "docID": "N021 Yang 2009 19761692",
    "et": "Age",
    "off": 14907,
    "sff": "7 days"
  },
  {
    "docID": "N021 Yang 2009 19761692",
    "et": "Age",
    "off": 18627,
    "sff": "1 day"
  },
  {
    "docID": "N021 Yang 2009 19761692",
    "et": "Age",
    "off": 12394,
    "sff": "8 weeks"
  },
  {
    "docID": "N021 Yang 2009 19761692",
    "et": "Age",
    "off": 12625,
    "sff": "1 week"
  },
  {
    "docID": "N021 Yang 2009 19761692",
    "et": "Age",
    "off": 19072,
    "sff": "4 weeks"
  },
  {
    "docID": "N021 Yang 2009 19761692",
    "et": "Age",
    "off": 20165,
    "sff": "7 days"
  }
]
