[
  {
    "docID": "N022 Yick 2003 12821386",
    "et": "Weight",
    "off": 16566,
    "sff": "2G"
  },
  {
    "docID": "N022 Yick 2003 12821386",
    "et": "RatModel",
    "off": 36957,
    "sff": "rat"
  },
  {
    "docID": "N022 Yick 2003 12821386",
    "et": "RatModel",
    "off": 26011,
    "sff": "rat"
  },
  {
    "docID": "N022 Yick 2003 12821386",
    "et": "RatModel",
    "off": 33058,
    "sff": "rat"
  },
  {
    "docID": "N022 Yick 2003 12821386",
    "et": "RatModel",
    "off": 35538,
    "sff": "rat"
  },
  {
    "docID": "N022 Yick 2003 12821386",
    "et": "RatModel",
    "off": 32544,
    "sff": "rat"
  },
  {
    "docID": "N022 Yick 2003 12821386",
    "et": "RatModel",
    "off": 23764,
    "sff": "rat"
  },
  {
    "docID": "N022 Yick 2003 12821386",
    "et": "RatModel",
    "off": 34200,
    "sff": "rat"
  },
  {
    "docID": "N022 Yick 2003 12821386",
    "et": "RatModel",
    "off": 21895,
    "sff": "rat"
  },
  {
    "docID": "N022 Yick 2003 12821386",
    "et": "NewZealandRabbit",
    "off": 27978,
    "sff": "new"
  },
  {
    "docID": "N022 Yick 2003 12821386",
    "et": "RabbitSpecies",
    "off": 9717,
    "sff": "rabbit"
  },
  {
    "docID": "N022 Yick 2003 12821386",
    "et": "RabbitModel",
    "off": 9717,
    "sff": "rabbit"
  },
  {
    "docID": "N022 Yick 2003 12821386",
    "et": "RatSpecies",
    "off": 32544,
    "sff": "rat"
  },
  {
    "docID": "N022 Yick 2003 12821386",
    "et": "RatSpecies",
    "off": 33058,
    "sff": "rat"
  },
  {
    "docID": "N022 Yick 2003 12821386",
    "et": "RatSpecies",
    "off": 35538,
    "sff": "rat"
  },
  {
    "docID": "N022 Yick 2003 12821386",
    "et": "RatSpecies",
    "off": 23764,
    "sff": "rat"
  },
  {
    "docID": "N022 Yick 2003 12821386",
    "et": "RatSpecies",
    "off": 21895,
    "sff": "rat"
  },
  {
    "docID": "N022 Yick 2003 12821386",
    "et": "RatSpecies",
    "off": 34200,
    "sff": "rat"
  },
  {
    "docID": "N022 Yick 2003 12821386",
    "et": "RatSpecies",
    "off": 26011,
    "sff": "rat"
  },
  {
    "docID": "N022 Yick 2003 12821386",
    "et": "RatSpecies",
    "off": 36957,
    "sff": "rat"
  },
  {
    "docID": "N022 Yick 2003 12821386",
    "et": "CatSpecies",
    "off": 32114,
    "sff": "cat"
  },
  {
    "docID": "N022 Yick 2003 12821386",
    "et": "Adult",
    "off": 23758,
    "sff": "adult"
  },
  {
    "docID": "N022 Yick 2003 12821386",
    "et": "Adult",
    "off": 28622,
    "sff": "adult"
  },
  {
    "docID": "N022 Yick 2003 12821386",
    "et": "Adult",
    "off": 23116,
    "sff": "adult"
  },
  {
    "docID": "N022 Yick 2003 12821386",
    "et": "Adult",
    "off": 11085,
    "sff": "adult"
  },
  {
    "docID": "N022 Yick 2003 12821386",
    "et": "Adult",
    "off": 23309,
    "sff": "adult"
  },
  {
    "docID": "N022 Yick 2003 12821386",
    "et": "Adult",
    "off": 6098,
    "sff": "adult"
  },
  {
    "docID": "N022 Yick 2003 12821386",
    "et": "Adult",
    "off": 34194,
    "sff": "adult"
  },
  {
    "docID": "N022 Yick 2003 12821386",
    "et": "Adult",
    "off": 22416,
    "sff": "adult"
  },
  {
    "docID": "N022 Yick 2003 12821386",
    "et": "Adult",
    "off": 26005,
    "sff": "adult"
  },
  {
    "docID": "N022 Yick 2003 12821386",
    "et": "Adult",
    "off": 14032,
    "sff": "adults"
  },
  {
    "docID": "N022 Yick 2003 12821386",
    "et": "Adult",
    "off": 16077,
    "sff": "adults"
  },
  {
    "docID": "N022 Yick 2003 12821386",
    "et": "Adult",
    "off": 23546,
    "sff": "mature"
  },
  {
    "docID": "N022 Yick 2003 12821386",
    "et": "Adult",
    "off": 8079,
    "sff": "adults"
  },
  {
    "docID": "N022 Yick 2003 12821386",
    "et": "Adult",
    "off": 5150,
    "sff": "adult"
  },
  {
    "docID": "N022 Yick 2003 12821386",
    "et": "Adult",
    "off": 12830,
    "sff": "adult"
  },
  {
    "docID": "N022 Yick 2003 12821386",
    "et": "Adult",
    "off": 14687,
    "sff": "adult"
  },
  {
    "docID": "N022 Yick 2003 12821386",
    "et": "Adult",
    "off": 33052,
    "sff": "adult"
  },
  {
    "docID": "N022 Yick 2003 12821386",
    "et": "Adult",
    "off": 24541,
    "sff": "adult"
  },
  {
    "docID": "N022 Yick 2003 12821386",
    "et": "Adult",
    "off": 12194,
    "sff": "adult"
  },
  {
    "docID": "N022 Yick 2003 12821386",
    "et": "Adult",
    "off": 1574,
    "sff": "adults"
  },
  {
    "docID": "N022 Yick 2003 12821386",
    "et": "Adult",
    "off": 1376,
    "sff": "adult"
  },
  {
    "docID": "N022 Yick 2003 12821386",
    "et": "Adult",
    "off": 20000,
    "sff": "adult"
  },
  {
    "docID": "N022 Yick 2003 12821386",
    "et": "Adult",
    "off": 999,
    "sff": "adult"
  },
  {
    "docID": "N022 Yick 2003 12821386",
    "et": "Adult",
    "off": 31207,
    "sff": "adult"
  },
  {
    "docID": "N022 Yick 2003 12821386",
    "et": "Adult",
    "off": 25640,
    "sff": "adult"
  },
  {
    "docID": "N022 Yick 2003 12821386",
    "et": "Adult",
    "off": 5969,
    "sff": "Adult"
  },
  {
    "docID": "N022 Yick 2003 12821386",
    "et": "Adult",
    "off": 18169,
    "sff": "adults"
  },
  {
    "docID": "N022 Yick 2003 12821386",
    "et": "Adult",
    "off": 1901,
    "sff": "adult"
  },
  {
    "docID": "N022 Yick 2003 12821386",
    "et": "Adult",
    "off": 11890,
    "sff": "adult"
  },
  {
    "docID": "N022 Yick 2003 12821386",
    "et": "Adult",
    "off": 19059,
    "sff": "adult"
  },
  {
    "docID": "N022 Yick 2003 12821386",
    "et": "Adult",
    "off": 26934,
    "sff": "adult"
  },
  {
    "docID": "N022 Yick 2003 12821386",
    "et": "Adult",
    "off": 5751,
    "sff": "adult"
  },
  {
    "docID": "N022 Yick 2003 12821386",
    "et": "Adult",
    "off": 13490,
    "sff": "adults"
  },
  {
    "docID": "N022 Yick 2003 12821386",
    "et": "Adult",
    "off": 15098,
    "sff": "adult"
  },
  {
    "docID": "N022 Yick 2003 12821386",
    "et": "Adult",
    "off": 5566,
    "sff": "adult"
  },
  {
    "docID": "N022 Yick 2003 12821386",
    "et": "Adult",
    "off": 27839,
    "sff": "adult"
  },
  {
    "docID": "N022 Yick 2003 12821386",
    "et": "Adult",
    "off": 13834,
    "sff": "adults"
  },
  {
    "docID": "N022 Yick 2003 12821386",
    "et": "Adult",
    "off": 17282,
    "sff": "adult"
  },
  {
    "docID": "N022 Yick 2003 12821386",
    "et": "Adult",
    "off": 21889,
    "sff": "adult"
  },
  {
    "docID": "N022 Yick 2003 12821386",
    "et": "Adult",
    "off": 20294,
    "sff": "adult"
  },
  {
    "docID": "N022 Yick 2003 12821386",
    "et": "Adult",
    "off": 17793,
    "sff": "adults"
  },
  {
    "docID": "N022 Yick 2003 12821386",
    "et": "Adult",
    "off": 17098,
    "sff": "adult"
  },
  {
    "docID": "N022 Yick 2003 12821386",
    "et": "Adult",
    "off": 18762,
    "sff": "adult"
  },
  {
    "docID": "N022 Yick 2003 12821386",
    "et": "Adult",
    "off": 5832,
    "sff": "adult"
  },
  {
    "docID": "N022 Yick 2003 12821386",
    "et": "CatModel",
    "off": 32114,
    "sff": "cat"
  },
  {
    "docID": "N022 Yick 2003 12821386",
    "et": "Female",
    "off": 5849,
    "sff": "female"
  },
  {
    "docID": "N022 Yick 2003 12821386",
    "et": "Age",
    "off": 5838,
    "sff": "9-week-old"
  },
  {
    "docID": "N022 Yick 2003 12821386",
    "et": "Age",
    "off": 12030,
    "sff": "4 weeks"
  },
  {
    "docID": "N022 Yick 2003 12821386",
    "et": "Age",
    "off": 12158,
    "sff": "4 weeks"
  },
  {
    "docID": "N022 Yick 2003 12821386",
    "et": "Age",
    "off": 1177,
    "sff": "4 weeks"
  },
  {
    "docID": "N022 Yick 2003 12821386",
    "et": "Age",
    "off": 7707,
    "sff": "Two days"
  },
  {
    "docID": "N022 Yick 2003 12821386",
    "et": "Age",
    "off": 17940,
    "sff": "2 weeks"
  },
  {
    "docID": "N022 Yick 2003 12821386",
    "et": "Age",
    "off": 7431,
    "sff": "4 weeks"
  },
  {
    "docID": "N022 Yick 2003 12821386",
    "et": "Age",
    "off": 1606,
    "sff": "4 weeks"
  },
  {
    "docID": "N022 Yick 2003 12821386",
    "et": "Age",
    "off": 1548,
    "sff": "4 weeks"
  },
  {
    "docID": "N022 Yick 2003 12821386",
    "et": "Age",
    "off": 11340,
    "sff": "4 weeks"
  },
  {
    "docID": "N022 Yick 2003 12821386",
    "et": "Age",
    "off": 15724,
    "sff": "4 weeks"
  },
  {
    "docID": "N022 Yick 2003 12821386",
    "et": "Age",
    "off": 5818,
    "sff": "7-day-old"
  },
  {
    "docID": "N022 Yick 2003 12821386",
    "et": "Age",
    "off": 12296,
    "sff": "4 weeks"
  },
  {
    "docID": "N022 Yick 2003 12821386",
    "et": "Age",
    "off": 12424,
    "sff": "4 weeks"
  },
  {
    "docID": "N022 Yick 2003 12821386",
    "et": "Age",
    "off": 19158,
    "sff": "14 days"
  },
  {
    "docID": "N022 Yick 2003 12821386",
    "et": "Age",
    "off": 26357,
    "sff": "40 days"
  },
  {
    "docID": "N022 Yick 2003 12821386",
    "et": "Age",
    "off": 12851,
    "sff": "4 weeks"
  },
  {
    "docID": "N022 Yick 2003 12821386",
    "et": "Age",
    "off": 15346,
    "sff": "4 weeks"
  }
]
