[
  {
    "docID": "N023 Hunanyan 2013 23864374",
    "et": "Weight",
    "off": 11602,
    "sff": "~210 g"
  },
  {
    "docID": "N023 Hunanyan 2013 23864374",
    "et": "RatModel",
    "off": 8807,
    "sff": "rat"
  },
  {
    "docID": "N023 Hunanyan 2013 23864374",
    "et": "RatModel",
    "off": 53035,
    "sff": "rat"
  },
  {
    "docID": "N023 Hunanyan 2013 23864374",
    "et": "RatModel",
    "off": 42400,
    "sff": "rat"
  },
  {
    "docID": "N023 Hunanyan 2013 23864374",
    "et": "RatModel",
    "off": 49953,
    "sff": "rat"
  },
  {
    "docID": "N023 Hunanyan 2013 23864374",
    "et": "RatModel",
    "off": 3116,
    "sff": "rat"
  },
  {
    "docID": "N023 Hunanyan 2013 23864374",
    "et": "RatModel",
    "off": 42341,
    "sff": "rat"
  },
  {
    "docID": "N023 Hunanyan 2013 23864374",
    "et": "RatModel",
    "off": 50713,
    "sff": "rat"
  },
  {
    "docID": "N023 Hunanyan 2013 23864374",
    "et": "RatModel",
    "off": 9361,
    "sff": "rat"
  },
  {
    "docID": "N023 Hunanyan 2013 23864374",
    "et": "RatModel",
    "off": 55838,
    "sff": "rat"
  },
  {
    "docID": "N023 Hunanyan 2013 23864374",
    "et": "RatModel",
    "off": 18399,
    "sff": "rat"
  },
  {
    "docID": "N023 Hunanyan 2013 23864374",
    "et": "RatModel",
    "off": 50577,
    "sff": "rat"
  },
  {
    "docID": "N023 Hunanyan 2013 23864374",
    "et": "RatModel",
    "off": 52625,
    "sff": "rat"
  },
  {
    "docID": "N023 Hunanyan 2013 23864374",
    "et": "RatModel",
    "off": 66449,
    "sff": "rat"
  },
  {
    "docID": "N023 Hunanyan 2013 23864374",
    "et": "RatModel",
    "off": 9286,
    "sff": "rat"
  },
  {
    "docID": "N023 Hunanyan 2013 23864374",
    "et": "RatModel",
    "off": 50121,
    "sff": "rat"
  },
  {
    "docID": "N023 Hunanyan 2013 23864374",
    "et": "RatModel",
    "off": 62091,
    "sff": "rat"
  },
  {
    "docID": "N023 Hunanyan 2013 23864374",
    "et": "RatModel",
    "off": 18819,
    "sff": "rat"
  },
  {
    "docID": "N023 Hunanyan 2013 23864374",
    "et": "RatModel",
    "off": 25987,
    "sff": "rat"
  },
  {
    "docID": "N023 Hunanyan 2013 23864374",
    "et": "RatModel",
    "off": 52814,
    "sff": "rat"
  },
  {
    "docID": "N023 Hunanyan 2013 23864374",
    "et": "RatModel",
    "off": 56334,
    "sff": "rat"
  },
  {
    "docID": "N023 Hunanyan 2013 23864374",
    "et": "RatModel",
    "off": 25123,
    "sff": "Rat"
  },
  {
    "docID": "N023 Hunanyan 2013 23864374",
    "et": "RatModel",
    "off": 51855,
    "sff": "rat"
  },
  {
    "docID": "N023 Hunanyan 2013 23864374",
    "et": "RatModel",
    "off": 8974,
    "sff": "rat"
  },
  {
    "docID": "N023 Hunanyan 2013 23864374",
    "et": "RatModel",
    "off": 20875,
    "sff": "rat"
  },
  {
    "docID": "N023 Hunanyan 2013 23864374",
    "et": "RatModel",
    "off": 23691,
    "sff": "rat"
  },
  {
    "docID": "N023 Hunanyan 2013 23864374",
    "et": "RatModel",
    "off": 56518,
    "sff": "rat"
  },
  {
    "docID": "N023 Hunanyan 2013 23864374",
    "et": "RatModel",
    "off": 53831,
    "sff": "rat"
  },
  {
    "docID": "N023 Hunanyan 2013 23864374",
    "et": "RatModel",
    "off": 62663,
    "sff": "rat"
  },
  {
    "docID": "N023 Hunanyan 2013 23864374",
    "et": "RatModel",
    "off": 62970,
    "sff": "rat"
  },
  {
    "docID": "N023 Hunanyan 2013 23864374",
    "et": "RatModel",
    "off": 56955,
    "sff": "rat"
  },
  {
    "docID": "N023 Hunanyan 2013 23864374",
    "et": "RatModel",
    "off": 64507,
    "sff": "rat"
  },
  {
    "docID": "N023 Hunanyan 2013 23864374",
    "et": "RatModel",
    "off": 59954,
    "sff": "rat"
  },
  {
    "docID": "N023 Hunanyan 2013 23864374",
    "et": "RatModel",
    "off": 26233,
    "sff": "rat"
  },
  {
    "docID": "N023 Hunanyan 2013 23864374",
    "et": "RatModel",
    "off": 60919,
    "sff": "rat"
  },
  {
    "docID": "N023 Hunanyan 2013 23864374",
    "et": "NewZealandRabbit",
    "off": 50986,
    "sff": "new"
  },
  {
    "docID": "N023 Hunanyan 2013 23864374",
    "et": "NewZealandRabbit",
    "off": 58360,
    "sff": "NEW"
  },
  {
    "docID": "N023 Hunanyan 2013 23864374",
    "et": "NewZealandRabbit",
    "off": 381,
    "sff": "New"
  },
  {
    "docID": "N023 Hunanyan 2013 23864374",
    "et": "NewZealandRabbit",
    "off": 1690,
    "sff": "new"
  },
  {
    "docID": "N023 Hunanyan 2013 23864374",
    "et": "NewZealandRabbit",
    "off": 64617,
    "sff": "New"
  },
  {
    "docID": "N023 Hunanyan 2013 23864374",
    "et": "NewZealandRabbit",
    "off": 43794,
    "sff": "new"
  },
  {
    "docID": "N023 Hunanyan 2013 23864374",
    "et": "NewZealandRabbit",
    "off": 471,
    "sff": "New"
  },
  {
    "docID": "N023 Hunanyan 2013 23864374",
    "et": "NewZealandRabbit",
    "off": 30288,
    "sff": "new"
  },
  {
    "docID": "N023 Hunanyan 2013 23864374",
    "et": "NewZealandRabbit",
    "off": 31616,
    "sff": "new"
  },
  {
    "docID": "N023 Hunanyan 2013 23864374",
    "et": "NewZealandRabbit",
    "off": 48501,
    "sff": "New"
  },
  {
    "docID": "N023 Hunanyan 2013 23864374",
    "et": "NewZealandRabbit",
    "off": 49170,
    "sff": "NEW"
  },
  {
    "docID": "N023 Hunanyan 2013 23864374",
    "et": "RabbitSpecies",
    "off": 22911,
    "sff": "rabbit"
  },
  {
    "docID": "N023 Hunanyan 2013 23864374",
    "et": "RabbitSpecies",
    "off": 45010,
    "sff": "rabbit"
  },
  {
    "docID": "N023 Hunanyan 2013 23864374",
    "et": "Young",
    "off": 57841,
    "sff": "Young"
  },
  {
    "docID": "N023 Hunanyan 2013 23864374",
    "et": "Young",
    "off": 63373,
    "sff": "Young"
  },
  {
    "docID": "N023 Hunanyan 2013 23864374",
    "et": "SpragueDawleyRat",
    "off": 11617,
    "sff": "Sprague-Dawley"
  },
  {
    "docID": "N023 Hunanyan 2013 23864374",
    "et": "SpragueDawleyRat",
    "off": 11617,
    "sff": "Sprague-Dawley rats"
  },
  {
    "docID": "N023 Hunanyan 2013 23864374",
    "et": "Aged",
    "off": 65058,
    "sff": "aged"
  },
  {
    "docID": "N023 Hunanyan 2013 23864374",
    "et": "MouseModel",
    "off": 22991,
    "sff": "mouse"
  },
  {
    "docID": "N023 Hunanyan 2013 23864374",
    "et": "MouseModel",
    "off": 53452,
    "sff": "mouse"
  },
  {
    "docID": "N023 Hunanyan 2013 23864374",
    "et": "RabbitModel",
    "off": 45010,
    "sff": "rabbit"
  },
  {
    "docID": "N023 Hunanyan 2013 23864374",
    "et": "RabbitModel",
    "off": 22911,
    "sff": "rabbit"
  },
  {
    "docID": "N023 Hunanyan 2013 23864374",
    "et": "RatSpecies",
    "off": 50121,
    "sff": "rat"
  },
  {
    "docID": "N023 Hunanyan 2013 23864374",
    "et": "RatSpecies",
    "off": 53831,
    "sff": "rat"
  },
  {
    "docID": "N023 Hunanyan 2013 23864374",
    "et": "RatSpecies",
    "off": 62663,
    "sff": "rat"
  },
  {
    "docID": "N023 Hunanyan 2013 23864374",
    "et": "RatSpecies",
    "off": 25123,
    "sff": "Rat"
  },
  {
    "docID": "N023 Hunanyan 2013 23864374",
    "et": "RatSpecies",
    "off": 9286,
    "sff": "rat"
  },
  {
    "docID": "N023 Hunanyan 2013 23864374",
    "et": "RatSpecies",
    "off": 56518,
    "sff": "rat"
  },
  {
    "docID": "N023 Hunanyan 2013 23864374",
    "et": "RatSpecies",
    "off": 18819,
    "sff": "rat"
  },
  {
    "docID": "N023 Hunanyan 2013 23864374",
    "et": "RatSpecies",
    "off": 25987,
    "sff": "rat"
  },
  {
    "docID": "N023 Hunanyan 2013 23864374",
    "et": "RatSpecies",
    "off": 9361,
    "sff": "rat"
  },
  {
    "docID": "N023 Hunanyan 2013 23864374",
    "et": "RatSpecies",
    "off": 50577,
    "sff": "rat"
  },
  {
    "docID": "N023 Hunanyan 2013 23864374",
    "et": "RatSpecies",
    "off": 52625,
    "sff": "rat"
  },
  {
    "docID": "N023 Hunanyan 2013 23864374",
    "et": "RatSpecies",
    "off": 66449,
    "sff": "rat"
  },
  {
    "docID": "N023 Hunanyan 2013 23864374",
    "et": "RatSpecies",
    "off": 51855,
    "sff": "rat"
  },
  {
    "docID": "N023 Hunanyan 2013 23864374",
    "et": "RatSpecies",
    "off": 8974,
    "sff": "rat"
  },
  {
    "docID": "N023 Hunanyan 2013 23864374",
    "et": "RatSpecies",
    "off": 52814,
    "sff": "rat"
  },
  {
    "docID": "N023 Hunanyan 2013 23864374",
    "et": "RatSpecies",
    "off": 56334,
    "sff": "rat"
  },
  {
    "docID": "N023 Hunanyan 2013 23864374",
    "et": "RatSpecies",
    "off": 20875,
    "sff": "rat"
  },
  {
    "docID": "N023 Hunanyan 2013 23864374",
    "et": "RatSpecies",
    "off": 23691,
    "sff": "rat"
  },
  {
    "docID": "N023 Hunanyan 2013 23864374",
    "et": "RatSpecies",
    "off": 62091,
    "sff": "rat"
  },
  {
    "docID": "N023 Hunanyan 2013 23864374",
    "et": "RatSpecies",
    "off": 50713,
    "sff": "rat"
  },
  {
    "docID": "N023 Hunanyan 2013 23864374",
    "et": "RatSpecies",
    "off": 49953,
    "sff": "rat"
  },
  {
    "docID": "N023 Hunanyan 2013 23864374",
    "et": "RatSpecies",
    "off": 18399,
    "sff": "rat"
  },
  {
    "docID": "N023 Hunanyan 2013 23864374",
    "et": "RatSpecies",
    "off": 42400,
    "sff": "rat"
  },
  {
    "docID": "N023 Hunanyan 2013 23864374",
    "et": "RatSpecies",
    "off": 55838,
    "sff": "rat"
  },
  {
    "docID": "N023 Hunanyan 2013 23864374",
    "et": "RatSpecies",
    "off": 8807,
    "sff": "rat"
  },
  {
    "docID": "N023 Hunanyan 2013 23864374",
    "et": "RatSpecies",
    "off": 42341,
    "sff": "rat"
  },
  {
    "docID": "N023 Hunanyan 2013 23864374",
    "et": "RatSpecies",
    "off": 59954,
    "sff": "rat"
  },
  {
    "docID": "N023 Hunanyan 2013 23864374",
    "et": "RatSpecies",
    "off": 3116,
    "sff": "rat"
  },
  {
    "docID": "N023 Hunanyan 2013 23864374",
    "et": "RatSpecies",
    "off": 53035,
    "sff": "rat"
  },
  {
    "docID": "N023 Hunanyan 2013 23864374",
    "et": "RatSpecies",
    "off": 26233,
    "sff": "rat"
  },
  {
    "docID": "N023 Hunanyan 2013 23864374",
    "et": "RatSpecies",
    "off": 62970,
    "sff": "rat"
  },
  {
    "docID": "N023 Hunanyan 2013 23864374",
    "et": "RatSpecies",
    "off": 60919,
    "sff": "rat"
  },
  {
    "docID": "N023 Hunanyan 2013 23864374",
    "et": "RatSpecies",
    "off": 56955,
    "sff": "rat"
  },
  {
    "docID": "N023 Hunanyan 2013 23864374",
    "et": "RatSpecies",
    "off": 64507,
    "sff": "rat"
  },
  {
    "docID": "N023 Hunanyan 2013 23864374",
    "et": "MouseSpecies",
    "off": 22991,
    "sff": "mouse"
  },
  {
    "docID": "N023 Hunanyan 2013 23864374",
    "et": "MouseSpecies",
    "off": 53452,
    "sff": "mouse"
  },
  {
    "docID": "N023 Hunanyan 2013 23864374",
    "et": "HartleyGuineaPig",
    "off": 51091,
    "sff": "Hartley"
  },
  {
    "docID": "N023 Hunanyan 2013 23864374",
    "et": "CatSpecies",
    "off": 58962,
    "sff": "cat"
  },
  {
    "docID": "N023 Hunanyan 2013 23864374",
    "et": "Adult",
    "off": 56949,
    "sff": "adult"
  },
  {
    "docID": "N023 Hunanyan 2013 23864374",
    "et": "Adult",
    "off": 62964,
    "sff": "adult"
  },
  {
    "docID": "N023 Hunanyan 2013 23864374",
    "et": "Adult",
    "off": 26676,
    "sff": "adult"
  },
  {
    "docID": "N023 Hunanyan 2013 23864374",
    "et": "Adult",
    "off": 60913,
    "sff": "adult"
  },
  {
    "docID": "N023 Hunanyan 2013 23864374",
    "et": "Adult",
    "off": 25981,
    "sff": "adult"
  },
  {
    "docID": "N023 Hunanyan 2013 23864374",
    "et": "Adult",
    "off": 59198,
    "sff": "adult"
  },
  {
    "docID": "N023 Hunanyan 2013 23864374",
    "et": "Adult",
    "off": 40698,
    "sff": "adult"
  },
  {
    "docID": "N023 Hunanyan 2013 23864374",
    "et": "Adult",
    "off": 62471,
    "sff": "adult"
  },
  {
    "docID": "N023 Hunanyan 2013 23864374",
    "et": "Adult",
    "off": 66246,
    "sff": "adult"
  },
  {
    "docID": "N023 Hunanyan 2013 23864374",
    "et": "Adult",
    "off": 51013,
    "sff": "adult"
  },
  {
    "docID": "N023 Hunanyan 2013 23864374",
    "et": "Adult",
    "off": 62085,
    "sff": "adult"
  },
  {
    "docID": "N023 Hunanyan 2013 23864374",
    "et": "Adult",
    "off": 40323,
    "sff": "adult"
  },
  {
    "docID": "N023 Hunanyan 2013 23864374",
    "et": "Adult",
    "off": 64321,
    "sff": "adult"
  },
  {
    "docID": "N023 Hunanyan 2013 23864374",
    "et": "Adult",
    "off": 11595,
    "sff": "adult"
  },
  {
    "docID": "N023 Hunanyan 2013 23864374",
    "et": "Adult",
    "off": 1417,
    "sff": "adult"
  },
  {
    "docID": "N023 Hunanyan 2013 23864374",
    "et": "Adult",
    "off": 39498,
    "sff": "adult"
  },
  {
    "docID": "N023 Hunanyan 2013 23864374",
    "et": "Adult",
    "off": 51849,
    "sff": "adult"
  },
  {
    "docID": "N023 Hunanyan 2013 23864374",
    "et": "Adult",
    "off": 65301,
    "sff": "adult"
  },
  {
    "docID": "N023 Hunanyan 2013 23864374",
    "et": "Adult",
    "off": 25553,
    "sff": "adult"
  },
  {
    "docID": "N023 Hunanyan 2013 23864374",
    "et": "Adult",
    "off": 43358,
    "sff": "adult"
  },
  {
    "docID": "N023 Hunanyan 2013 23864374",
    "et": "Adult",
    "off": 4326,
    "sff": "adult"
  },
  {
    "docID": "N023 Hunanyan 2013 23864374",
    "et": "Adult",
    "off": 53029,
    "sff": "adult"
  },
  {
    "docID": "N023 Hunanyan 2013 23864374",
    "et": "Adult",
    "off": 56673,
    "sff": "adult"
  },
  {
    "docID": "N023 Hunanyan 2013 23864374",
    "et": "Adult",
    "off": 14763,
    "sff": "adult"
  },
  {
    "docID": "N023 Hunanyan 2013 23864374",
    "et": "Adult",
    "off": 59948,
    "sff": "adult"
  },
  {
    "docID": "N023 Hunanyan 2013 23864374",
    "et": "CatModel",
    "off": 58962,
    "sff": "cat"
  },
  {
    "docID": "N023 Hunanyan 2013 23864374",
    "et": "MonkeyModel",
    "off": 54090,
    "sff": "monkey"
  },
  {
    "docID": "N023 Hunanyan 2013 23864374",
    "et": "Female",
    "off": 11610,
    "sff": "female"
  },
  {
    "docID": "N023 Hunanyan 2013 23864374",
    "et": "MonkeySpecies",
    "off": 54090,
    "sff": "monkey"
  },
  {
    "docID": "N023 Hunanyan 2013 23864374",
    "et": "Age",
    "off": 15103,
    "sff": "3 days"
  },
  {
    "docID": "N023 Hunanyan 2013 23864374",
    "et": "Age",
    "off": 49840,
    "sff": "2D"
  }
]
