[
  {
    "docID": "N024 Chau 2004 14630702",
    "et": "RatModel",
    "off": 782,
    "sff": "rat"
  },
  {
    "docID": "N024 Chau 2004 14630702",
    "et": "RatSpecies",
    "off": 782,
    "sff": "rat"
  },
  {
    "docID": "N024 Chau 2004 14630702",
    "et": "Adult",
    "off": 776,
    "sff": "adult"
  },
  {
    "docID": "N024 Chau 2004 14630702",
    "et": "Age",
    "off": 3781,
    "sff": "3 weeks"
  },
  {
    "docID": "N024 Chau 2004 14630702",
    "et": "Age",
    "off": 3839,
    "sff": "2 weeks"
  },
  {
    "docID": "N024 Chau 2004 14630702",
    "et": "Age",
    "off": 5828,
    "sff": "1D"
  }
]
