[
  {
    "docID": "N025 Fouad 2005 15689553",
    "et": "Weight",
    "off": 20830,
    "sff": "100 mg"
  },
  {
    "docID": "N025 Fouad 2005 15689553",
    "et": "Weight",
    "off": 36112,
    "sff": "0.33 ± 0.08 g"
  },
  {
    "docID": "N025 Fouad 2005 15689553",
    "et": "Weight",
    "off": 19545,
    "sff": "0.04 g"
  },
  {
    "docID": "N025 Fouad 2005 15689553",
    "et": "Weight",
    "off": 23506,
    "sff": "200 mg"
  },
  {
    "docID": "N025 Fouad 2005 15689553",
    "et": "Weight",
    "off": 35996,
    "sff": "0.63 ± 0.1 g"
  },
  {
    "docID": "N025 Fouad 2005 15689553",
    "et": "Weight",
    "off": 8274,
    "sff": "165- 180 g"
  },
  {
    "docID": "N025 Fouad 2005 15689553",
    "et": "Weight",
    "off": 36071,
    "sff": "0.31 ± 0.07 g"
  },
  {
    "docID": "N025 Fouad 2005 15689553",
    "et": "Weight",
    "off": 9652,
    "sff": "200 g"
  },
  {
    "docID": "N025 Fouad 2005 15689553",
    "et": "Weight",
    "off": 19405,
    "sff": "0.04 -1 g"
  },
  {
    "docID": "N025 Fouad 2005 15689553",
    "et": "Weight",
    "off": 9633,
    "sff": "0.75 mg"
  },
  {
    "docID": "N025 Fouad 2005 15689553",
    "et": "Weight",
    "off": 9559,
    "sff": "200 g"
  },
  {
    "docID": "N025 Fouad 2005 15689553",
    "et": "Weight",
    "off": 24191,
    "sff": "25 mg"
  },
  {
    "docID": "N025 Fouad 2005 15689553",
    "et": "RatModel",
    "off": 54514,
    "sff": "rat"
  },
  {
    "docID": "N025 Fouad 2005 15689553",
    "et": "RatModel",
    "off": 50095,
    "sff": "rat"
  },
  {
    "docID": "N025 Fouad 2005 15689553",
    "et": "RatModel",
    "off": 53165,
    "sff": "rat"
  },
  {
    "docID": "N025 Fouad 2005 15689553",
    "et": "RatModel",
    "off": 13870,
    "sff": "rat"
  },
  {
    "docID": "N025 Fouad 2005 15689553",
    "et": "RatModel",
    "off": 58284,
    "sff": "rat"
  },
  {
    "docID": "N025 Fouad 2005 15689553",
    "et": "RatModel",
    "off": 49321,
    "sff": "rat"
  },
  {
    "docID": "N025 Fouad 2005 15689553",
    "et": "RatModel",
    "off": 50986,
    "sff": "rat"
  },
  {
    "docID": "N025 Fouad 2005 15689553",
    "et": "RatModel",
    "off": 27036,
    "sff": "rat"
  },
  {
    "docID": "N025 Fouad 2005 15689553",
    "et": "RatModel",
    "off": 54749,
    "sff": "rat"
  },
  {
    "docID": "N025 Fouad 2005 15689553",
    "et": "RatModel",
    "off": 56733,
    "sff": "rat"
  },
  {
    "docID": "N025 Fouad 2005 15689553",
    "et": "RatModel",
    "off": 45403,
    "sff": "rat"
  },
  {
    "docID": "N025 Fouad 2005 15689553",
    "et": "RatModel",
    "off": 55324,
    "sff": "rat"
  },
  {
    "docID": "N025 Fouad 2005 15689553",
    "et": "RatModel",
    "off": 53658,
    "sff": "rat"
  },
  {
    "docID": "N025 Fouad 2005 15689553",
    "et": "RatModel",
    "off": 53846,
    "sff": "rat"
  },
  {
    "docID": "N025 Fouad 2005 15689553",
    "et": "RatModel",
    "off": 49940,
    "sff": "rat"
  },
  {
    "docID": "N025 Fouad 2005 15689553",
    "et": "RatModel",
    "off": 61519,
    "sff": "rat"
  },
  {
    "docID": "N025 Fouad 2005 15689553",
    "et": "RatModel",
    "off": 58128,
    "sff": "rat"
  },
  {
    "docID": "N025 Fouad 2005 15689553",
    "et": "RatModel",
    "off": 59718,
    "sff": "rat"
  },
  {
    "docID": "N025 Fouad 2005 15689553",
    "et": "RatModel",
    "off": 55556,
    "sff": "rat"
  },
  {
    "docID": "N025 Fouad 2005 15689553",
    "et": "RatModel",
    "off": 31937,
    "sff": "rat"
  },
  {
    "docID": "N025 Fouad 2005 15689553",
    "et": "RatModel",
    "off": 48569,
    "sff": "rat"
  },
  {
    "docID": "N025 Fouad 2005 15689553",
    "et": "RatModel",
    "off": 53306,
    "sff": "rat"
  },
  {
    "docID": "N025 Fouad 2005 15689553",
    "et": "RatModel",
    "off": 18874,
    "sff": "rat"
  },
  {
    "docID": "N025 Fouad 2005 15689553",
    "et": "RatModel",
    "off": 60664,
    "sff": "rat"
  },
  {
    "docID": "N025 Fouad 2005 15689553",
    "et": "RatModel",
    "off": 60213,
    "sff": "rat"
  },
  {
    "docID": "N025 Fouad 2005 15689553",
    "et": "RatModel",
    "off": 61109,
    "sff": "rat"
  },
  {
    "docID": "N025 Fouad 2005 15689553",
    "et": "RatModel",
    "off": 61299,
    "sff": "rat"
  },
  {
    "docID": "N025 Fouad 2005 15689553",
    "et": "NewZealandRabbit",
    "off": 17920,
    "sff": "new"
  },
  {
    "docID": "N025 Fouad 2005 15689553",
    "et": "NewZealandRabbit",
    "off": 6284,
    "sff": "new"
  },
  {
    "docID": "N025 Fouad 2005 15689553",
    "et": "NewZealandRabbit",
    "off": 42166,
    "sff": "new"
  },
  {
    "docID": "N025 Fouad 2005 15689553",
    "et": "NewZealandRabbit",
    "off": 49005,
    "sff": "new"
  },
  {
    "docID": "N025 Fouad 2005 15689553",
    "et": "RabbitSpecies",
    "off": 23829,
    "sff": "rabbit"
  },
  {
    "docID": "N025 Fouad 2005 15689553",
    "et": "MouseModel",
    "off": 9053,
    "sff": "mouse"
  },
  {
    "docID": "N025 Fouad 2005 15689553",
    "et": "MouseModel",
    "off": 9219,
    "sff": "mouse"
  },
  {
    "docID": "N025 Fouad 2005 15689553",
    "et": "RabbitModel",
    "off": 23829,
    "sff": "rabbit"
  },
  {
    "docID": "N025 Fouad 2005 15689553",
    "et": "RatSpecies",
    "off": 49940,
    "sff": "rat"
  },
  {
    "docID": "N025 Fouad 2005 15689553",
    "et": "RatSpecies",
    "off": 61519,
    "sff": "rat"
  },
  {
    "docID": "N025 Fouad 2005 15689553",
    "et": "RatSpecies",
    "off": 58128,
    "sff": "rat"
  },
  {
    "docID": "N025 Fouad 2005 15689553",
    "et": "RatSpecies",
    "off": 59718,
    "sff": "rat"
  },
  {
    "docID": "N025 Fouad 2005 15689553",
    "et": "RatSpecies",
    "off": 53658,
    "sff": "rat"
  },
  {
    "docID": "N025 Fouad 2005 15689553",
    "et": "RatSpecies",
    "off": 45403,
    "sff": "rat"
  },
  {
    "docID": "N025 Fouad 2005 15689553",
    "et": "RatSpecies",
    "off": 27036,
    "sff": "rat"
  },
  {
    "docID": "N025 Fouad 2005 15689553",
    "et": "RatSpecies",
    "off": 55324,
    "sff": "rat"
  },
  {
    "docID": "N025 Fouad 2005 15689553",
    "et": "RatSpecies",
    "off": 54749,
    "sff": "rat"
  },
  {
    "docID": "N025 Fouad 2005 15689553",
    "et": "RatSpecies",
    "off": 56733,
    "sff": "rat"
  },
  {
    "docID": "N025 Fouad 2005 15689553",
    "et": "RatSpecies",
    "off": 53846,
    "sff": "rat"
  },
  {
    "docID": "N025 Fouad 2005 15689553",
    "et": "RatSpecies",
    "off": 54514,
    "sff": "rat"
  },
  {
    "docID": "N025 Fouad 2005 15689553",
    "et": "RatSpecies",
    "off": 61299,
    "sff": "rat"
  },
  {
    "docID": "N025 Fouad 2005 15689553",
    "et": "RatSpecies",
    "off": 60213,
    "sff": "rat"
  },
  {
    "docID": "N025 Fouad 2005 15689553",
    "et": "RatSpecies",
    "off": 61109,
    "sff": "rat"
  },
  {
    "docID": "N025 Fouad 2005 15689553",
    "et": "RatSpecies",
    "off": 13870,
    "sff": "rat"
  },
  {
    "docID": "N025 Fouad 2005 15689553",
    "et": "RatSpecies",
    "off": 50095,
    "sff": "rat"
  },
  {
    "docID": "N025 Fouad 2005 15689553",
    "et": "RatSpecies",
    "off": 50986,
    "sff": "rat"
  },
  {
    "docID": "N025 Fouad 2005 15689553",
    "et": "RatSpecies",
    "off": 58284,
    "sff": "rat"
  },
  {
    "docID": "N025 Fouad 2005 15689553",
    "et": "RatSpecies",
    "off": 53165,
    "sff": "rat"
  },
  {
    "docID": "N025 Fouad 2005 15689553",
    "et": "RatSpecies",
    "off": 49321,
    "sff": "rat"
  },
  {
    "docID": "N025 Fouad 2005 15689553",
    "et": "RatSpecies",
    "off": 55556,
    "sff": "rat"
  },
  {
    "docID": "N025 Fouad 2005 15689553",
    "et": "RatSpecies",
    "off": 31937,
    "sff": "rat"
  },
  {
    "docID": "N025 Fouad 2005 15689553",
    "et": "RatSpecies",
    "off": 18874,
    "sff": "rat"
  },
  {
    "docID": "N025 Fouad 2005 15689553",
    "et": "RatSpecies",
    "off": 53306,
    "sff": "rat"
  },
  {
    "docID": "N025 Fouad 2005 15689553",
    "et": "RatSpecies",
    "off": 60664,
    "sff": "rat"
  },
  {
    "docID": "N025 Fouad 2005 15689553",
    "et": "RatSpecies",
    "off": 48569,
    "sff": "rat"
  },
  {
    "docID": "N025 Fouad 2005 15689553",
    "et": "MouseSpecies",
    "off": 9219,
    "sff": "mouse"
  },
  {
    "docID": "N025 Fouad 2005 15689553",
    "et": "MouseSpecies",
    "off": 9053,
    "sff": "mouse"
  },
  {
    "docID": "N025 Fouad 2005 15689553",
    "et": "FischerRat",
    "off": 8260,
    "sff": "Fischer"
  },
  {
    "docID": "N025 Fouad 2005 15689553",
    "et": "FischerRat",
    "off": 6013,
    "sff": "Fischer"
  },
  {
    "docID": "N025 Fouad 2005 15689553",
    "et": "FischerRat",
    "off": 6839,
    "sff": "Fischer"
  },
  {
    "docID": "N025 Fouad 2005 15689553",
    "et": "CatSpecies",
    "off": 60899,
    "sff": "cat"
  },
  {
    "docID": "N025 Fouad 2005 15689553",
    "et": "CatSpecies",
    "off": 59239,
    "sff": "cat"
  },
  {
    "docID": "N025 Fouad 2005 15689553",
    "et": "Adult",
    "off": 59458,
    "sff": "adult"
  },
  {
    "docID": "N025 Fouad 2005 15689553",
    "et": "Adult",
    "off": 55550,
    "sff": "adult"
  },
  {
    "docID": "N025 Fouad 2005 15689553",
    "et": "Adult",
    "off": 8247,
    "sff": "adult"
  },
  {
    "docID": "N025 Fouad 2005 15689553",
    "et": "Adult",
    "off": 58998,
    "sff": "adult"
  },
  {
    "docID": "N025 Fouad 2005 15689553",
    "et": "Adult",
    "off": 51089,
    "sff": "adult"
  },
  {
    "docID": "N025 Fouad 2005 15689553",
    "et": "Adult",
    "off": 49934,
    "sff": "adult"
  },
  {
    "docID": "N025 Fouad 2005 15689553",
    "et": "Adult",
    "off": 61513,
    "sff": "adult"
  },
  {
    "docID": "N025 Fouad 2005 15689553",
    "et": "Adult",
    "off": 49032,
    "sff": "adult"
  },
  {
    "docID": "N025 Fouad 2005 15689553",
    "et": "Adult",
    "off": 58122,
    "sff": "adult"
  },
  {
    "docID": "N025 Fouad 2005 15689553",
    "et": "Adult",
    "off": 5857,
    "sff": "adult"
  },
  {
    "docID": "N025 Fouad 2005 15689553",
    "et": "Adult",
    "off": 2589,
    "sff": "adult"
  },
  {
    "docID": "N025 Fouad 2005 15689553",
    "et": "Adult",
    "off": 55701,
    "sff": "adult"
  },
  {
    "docID": "N025 Fouad 2005 15689553",
    "et": "Adult",
    "off": 53652,
    "sff": "adult"
  },
  {
    "docID": "N025 Fouad 2005 15689553",
    "et": "Adult",
    "off": 54743,
    "sff": "adult"
  },
  {
    "docID": "N025 Fouad 2005 15689553",
    "et": "Adult",
    "off": 855,
    "sff": "adult"
  },
  {
    "docID": "N025 Fouad 2005 15689553",
    "et": "Adult",
    "off": 55318,
    "sff": "adult"
  },
  {
    "docID": "N025 Fouad 2005 15689553",
    "et": "Adult",
    "off": 6000,
    "sff": "adult"
  },
  {
    "docID": "N025 Fouad 2005 15689553",
    "et": "Adult",
    "off": 61293,
    "sff": "adult"
  },
  {
    "docID": "N025 Fouad 2005 15689553",
    "et": "Adult",
    "off": 54508,
    "sff": "adult"
  },
  {
    "docID": "N025 Fouad 2005 15689553",
    "et": "Adult",
    "off": 1198,
    "sff": "adult"
  },
  {
    "docID": "N025 Fouad 2005 15689553",
    "et": "Adult",
    "off": 56495,
    "sff": "adult"
  },
  {
    "docID": "N025 Fouad 2005 15689553",
    "et": "Adult",
    "off": 60207,
    "sff": "adult"
  },
  {
    "docID": "N025 Fouad 2005 15689553",
    "et": "Adult",
    "off": 61103,
    "sff": "adult"
  },
  {
    "docID": "N025 Fouad 2005 15689553",
    "et": "Adult",
    "off": 50089,
    "sff": "adult"
  },
  {
    "docID": "N025 Fouad 2005 15689553",
    "et": "Adult",
    "off": 6826,
    "sff": "adult"
  },
  {
    "docID": "N025 Fouad 2005 15689553",
    "et": "Adult",
    "off": 50980,
    "sff": "adult"
  },
  {
    "docID": "N025 Fouad 2005 15689553",
    "et": "Adult",
    "off": 53159,
    "sff": "adult"
  },
  {
    "docID": "N025 Fouad 2005 15689553",
    "et": "Adult",
    "off": 58278,
    "sff": "adult"
  },
  {
    "docID": "N025 Fouad 2005 15689553",
    "et": "LongEvansRat",
    "off": 58226,
    "sff": "Long"
  },
  {
    "docID": "N025 Fouad 2005 15689553",
    "et": "CatModel",
    "off": 59239,
    "sff": "cat"
  },
  {
    "docID": "N025 Fouad 2005 15689553",
    "et": "CatModel",
    "off": 60899,
    "sff": "cat"
  },
  {
    "docID": "N025 Fouad 2005 15689553",
    "et": "Female",
    "off": 6832,
    "sff": "female"
  },
  {
    "docID": "N025 Fouad 2005 15689553",
    "et": "Female",
    "off": 8253,
    "sff": "female"
  },
  {
    "docID": "N025 Fouad 2005 15689553",
    "et": "Female",
    "off": 6006,
    "sff": "female"
  },
  {
    "docID": "N025 Fouad 2005 15689553",
    "et": "Age",
    "off": 13896,
    "sff": "2 weeks"
  },
  {
    "docID": "N025 Fouad 2005 15689553",
    "et": "Age",
    "off": 18786,
    "sff": "9 weeks"
  },
  {
    "docID": "N025 Fouad 2005 15689553",
    "et": "Age",
    "off": 26908,
    "sff": "8 weeks"
  },
  {
    "docID": "N025 Fouad 2005 15689553",
    "et": "Age",
    "off": 14305,
    "sff": "2 week"
  },
  {
    "docID": "N025 Fouad 2005 15689553",
    "et": "Age",
    "off": 13962,
    "sff": "4 weeks"
  },
  {
    "docID": "N025 Fouad 2005 15689553",
    "et": "Age",
    "off": 7142,
    "sff": "5 d"
  },
  {
    "docID": "N025 Fouad 2005 15689553",
    "et": "Age",
    "off": 18489,
    "sff": "9 weeks"
  },
  {
    "docID": "N025 Fouad 2005 15689553",
    "et": "Age",
    "off": 41593,
    "sff": "9 weeks"
  },
  {
    "docID": "N025 Fouad 2005 15689553",
    "et": "Age",
    "off": 13661,
    "sff": "1 d"
  },
  {
    "docID": "N025 Fouad 2005 15689553",
    "et": "Age",
    "off": 13788,
    "sff": "2 weeks"
  },
  {
    "docID": "N025 Fouad 2005 15689553",
    "et": "Age",
    "off": 31485,
    "sff": "8 weeks"
  },
  {
    "docID": "N025 Fouad 2005 15689553",
    "et": "Age",
    "off": 6244,
    "sff": "2 weeks"
  },
  {
    "docID": "N025 Fouad 2005 15689553",
    "et": "Age",
    "off": 30971,
    "sff": "9 weeks"
  },
  {
    "docID": "N025 Fouad 2005 15689553",
    "et": "Age",
    "off": 28396,
    "sff": "Two weeks"
  },
  {
    "docID": "N025 Fouad 2005 15689553",
    "et": "Age",
    "off": 29493,
    "sff": "6 weeks"
  },
  {
    "docID": "N025 Fouad 2005 15689553",
    "et": "Age",
    "off": 31755,
    "sff": "8 weeks"
  },
  {
    "docID": "N025 Fouad 2005 15689553",
    "et": "Age",
    "off": 32643,
    "sff": "9 weeks"
  },
  {
    "docID": "N025 Fouad 2005 15689553",
    "et": "Age",
    "off": 23269,
    "sff": "600 W"
  },
  {
    "docID": "N025 Fouad 2005 15689553",
    "et": "Age",
    "off": 7356,
    "sff": "18 d"
  },
  {
    "docID": "N025 Fouad 2005 15689553",
    "et": "Age",
    "off": 12478,
    "sff": "4 weeks"
  },
  {
    "docID": "N025 Fouad 2005 15689553",
    "et": "Age",
    "off": 29412,
    "sff": "5 weeks"
  },
  {
    "docID": "N025 Fouad 2005 15689553",
    "et": "Age",
    "off": 20729,
    "sff": "Two weeks"
  },
  {
    "docID": "N025 Fouad 2005 15689553",
    "et": "Age",
    "off": 39629,
    "sff": "8 weeks"
  },
  {
    "docID": "N025 Fouad 2005 15689553",
    "et": "Age",
    "off": 31822,
    "sff": "9 weeks"
  },
  {
    "docID": "N025 Fouad 2005 15689553",
    "et": "Age",
    "off": 31528,
    "sff": "7 weeks"
  },
  {
    "docID": "N025 Fouad 2005 15689553",
    "et": "Age",
    "off": 8641,
    "sff": "2 weeks"
  },
  {
    "docID": "N025 Fouad 2005 15689553",
    "et": "Age",
    "off": 19914,
    "sff": "10 weeks"
  },
  {
    "docID": "N025 Fouad 2005 15689553",
    "et": "Age",
    "off": 12980,
    "sff": "4 weeks"
  },
  {
    "docID": "N025 Fouad 2005 15689553",
    "et": "Age",
    "off": 13645,
    "sff": "4 d"
  }
]
