[
  {
    "docID": "N026 Garcia-Alias 2009 19668200",
    "et": "Weight",
    "off": 4542,
    "sff": "250-300 g"
  },
  {
    "docID": "N026 Garcia-Alias 2009 19668200",
    "et": "Weight",
    "off": 23955,
    "sff": "1g"
  },
  {
    "docID": "N026 Garcia-Alias 2009 19668200",
    "et": "RatModel",
    "off": 12561,
    "sff": "rat"
  },
  {
    "docID": "N026 Garcia-Alias 2009 19668200",
    "et": "RatModel",
    "off": 15249,
    "sff": "rat"
  },
  {
    "docID": "N026 Garcia-Alias 2009 19668200",
    "et": "RatModel",
    "off": 32273,
    "sff": "rat"
  },
  {
    "docID": "N026 Garcia-Alias 2009 19668200",
    "et": "RatModel",
    "off": 49956,
    "sff": "rat"
  },
  {
    "docID": "N026 Garcia-Alias 2009 19668200",
    "et": "RatModel",
    "off": 3742,
    "sff": "rat"
  },
  {
    "docID": "N026 Garcia-Alias 2009 19668200",
    "et": "RatModel",
    "off": 25870,
    "sff": "rat"
  },
  {
    "docID": "N026 Garcia-Alias 2009 19668200",
    "et": "RatModel",
    "off": 47926,
    "sff": "rat"
  },
  {
    "docID": "N026 Garcia-Alias 2009 19668200",
    "et": "RatModel",
    "off": 3179,
    "sff": "rat"
  },
  {
    "docID": "N026 Garcia-Alias 2009 19668200",
    "et": "RatModel",
    "off": 44056,
    "sff": "rat"
  },
  {
    "docID": "N026 Garcia-Alias 2009 19668200",
    "et": "RatModel",
    "off": 42938,
    "sff": "rat"
  },
  {
    "docID": "N026 Garcia-Alias 2009 19668200",
    "et": "RatModel",
    "off": 45260,
    "sff": "rat"
  },
  {
    "docID": "N026 Garcia-Alias 2009 19668200",
    "et": "RatModel",
    "off": 50381,
    "sff": "rat"
  },
  {
    "docID": "N026 Garcia-Alias 2009 19668200",
    "et": "AnimalSpecies",
    "off": 49438,
    "sff": "species"
  },
  {
    "docID": "N026 Garcia-Alias 2009 19668200",
    "et": "Patient",
    "off": 38889,
    "sff": "patient"
  },
  {
    "docID": "N026 Garcia-Alias 2009 19668200",
    "et": "NewZealandRabbit",
    "off": 37566,
    "sff": "new"
  },
  {
    "docID": "N026 Garcia-Alias 2009 19668200",
    "et": "NewZealandRabbit",
    "off": 49636,
    "sff": "new"
  },
  {
    "docID": "N026 Garcia-Alias 2009 19668200",
    "et": "NewZealandRabbit",
    "off": 42307,
    "sff": "new"
  },
  {
    "docID": "N026 Garcia-Alias 2009 19668200",
    "et": "NewZealandRabbit",
    "off": 3435,
    "sff": "new"
  },
  {
    "docID": "N026 Garcia-Alias 2009 19668200",
    "et": "NewZealandRabbit",
    "off": 35212,
    "sff": "new"
  },
  {
    "docID": "N026 Garcia-Alias 2009 19668200",
    "et": "NewZealandRabbit",
    "off": 1578,
    "sff": "new"
  },
  {
    "docID": "N026 Garcia-Alias 2009 19668200",
    "et": "NewZealandRabbit",
    "off": 34619,
    "sff": "new"
  },
  {
    "docID": "N026 Garcia-Alias 2009 19668200",
    "et": "NewZealandRabbit",
    "off": 36059,
    "sff": "new"
  },
  {
    "docID": "N026 Garcia-Alias 2009 19668200",
    "et": "RabbitSpecies",
    "off": 10837,
    "sff": "rabbit"
  },
  {
    "docID": "N026 Garcia-Alias 2009 19668200",
    "et": "RabbitSpecies",
    "off": 11055,
    "sff": "rabbit"
  },
  {
    "docID": "N026 Garcia-Alias 2009 19668200",
    "et": "MouseModel",
    "off": 10335,
    "sff": "mouse"
  },
  {
    "docID": "N026 Garcia-Alias 2009 19668200",
    "et": "MouseModel",
    "off": 10242,
    "sff": "mouse"
  },
  {
    "docID": "N026 Garcia-Alias 2009 19668200",
    "et": "ListerHoodedRat",
    "off": 4522,
    "sff": "Lister Hooded"
  },
  {
    "docID": "N026 Garcia-Alias 2009 19668200",
    "et": "RabbitModel",
    "off": 11055,
    "sff": "rabbit"
  },
  {
    "docID": "N026 Garcia-Alias 2009 19668200",
    "et": "RabbitModel",
    "off": 10837,
    "sff": "rabbit"
  },
  {
    "docID": "N026 Garcia-Alias 2009 19668200",
    "et": "MacaqueMonkey",
    "off": 44826,
    "sff": "macaque monkey"
  },
  {
    "docID": "N026 Garcia-Alias 2009 19668200",
    "et": "RatSpecies",
    "off": 49956,
    "sff": "rat"
  },
  {
    "docID": "N026 Garcia-Alias 2009 19668200",
    "et": "RatSpecies",
    "off": 12561,
    "sff": "rat"
  },
  {
    "docID": "N026 Garcia-Alias 2009 19668200",
    "et": "RatSpecies",
    "off": 15249,
    "sff": "rat"
  },
  {
    "docID": "N026 Garcia-Alias 2009 19668200",
    "et": "RatSpecies",
    "off": 32273,
    "sff": "rat"
  },
  {
    "docID": "N026 Garcia-Alias 2009 19668200",
    "et": "RatSpecies",
    "off": 3742,
    "sff": "rat"
  },
  {
    "docID": "N026 Garcia-Alias 2009 19668200",
    "et": "RatSpecies",
    "off": 50381,
    "sff": "rat"
  },
  {
    "docID": "N026 Garcia-Alias 2009 19668200",
    "et": "RatSpecies",
    "off": 25870,
    "sff": "rat"
  },
  {
    "docID": "N026 Garcia-Alias 2009 19668200",
    "et": "RatSpecies",
    "off": 45260,
    "sff": "rat"
  },
  {
    "docID": "N026 Garcia-Alias 2009 19668200",
    "et": "RatSpecies",
    "off": 3179,
    "sff": "rat"
  },
  {
    "docID": "N026 Garcia-Alias 2009 19668200",
    "et": "RatSpecies",
    "off": 42938,
    "sff": "rat"
  },
  {
    "docID": "N026 Garcia-Alias 2009 19668200",
    "et": "RatSpecies",
    "off": 44056,
    "sff": "rat"
  },
  {
    "docID": "N026 Garcia-Alias 2009 19668200",
    "et": "RatSpecies",
    "off": 47926,
    "sff": "rat"
  },
  {
    "docID": "N026 Garcia-Alias 2009 19668200",
    "et": "Male",
    "off": 4517,
    "sff": "Male"
  },
  {
    "docID": "N026 Garcia-Alias 2009 19668200",
    "et": "MouseSpecies",
    "off": 10335,
    "sff": "mouse"
  },
  {
    "docID": "N026 Garcia-Alias 2009 19668200",
    "et": "MouseSpecies",
    "off": 10242,
    "sff": "mouse"
  },
  {
    "docID": "N026 Garcia-Alias 2009 19668200",
    "et": "CatSpecies",
    "off": 46233,
    "sff": "cat"
  },
  {
    "docID": "N026 Garcia-Alias 2009 19668200",
    "et": "CatSpecies",
    "off": 47556,
    "sff": "cat"
  },
  {
    "docID": "N026 Garcia-Alias 2009 19668200",
    "et": "Adult",
    "off": 47361,
    "sff": "adult"
  },
  {
    "docID": "N026 Garcia-Alias 2009 19668200",
    "et": "Adult",
    "off": 49776,
    "sff": "adult"
  },
  {
    "docID": "N026 Garcia-Alias 2009 19668200",
    "et": "Adult",
    "off": 42334,
    "sff": "adult"
  },
  {
    "docID": "N026 Garcia-Alias 2009 19668200",
    "et": "Adult",
    "off": 49037,
    "sff": "adult"
  },
  {
    "docID": "N026 Garcia-Alias 2009 19668200",
    "et": "Adult",
    "off": 44407,
    "sff": "adult"
  },
  {
    "docID": "N026 Garcia-Alias 2009 19668200",
    "et": "Adult",
    "off": 47543,
    "sff": "adult"
  },
  {
    "docID": "N026 Garcia-Alias 2009 19668200",
    "et": "Adult",
    "off": 47045,
    "sff": "adult"
  },
  {
    "docID": "N026 Garcia-Alias 2009 19668200",
    "et": "Adult",
    "off": 43476,
    "sff": "adult"
  },
  {
    "docID": "N026 Garcia-Alias 2009 19668200",
    "et": "Adult",
    "off": 44820,
    "sff": "adult"
  },
  {
    "docID": "N026 Garcia-Alias 2009 19668200",
    "et": "CatModel",
    "off": 47556,
    "sff": "cat"
  },
  {
    "docID": "N026 Garcia-Alias 2009 19668200",
    "et": "CatModel",
    "off": 46233,
    "sff": "cat"
  },
  {
    "docID": "N026 Garcia-Alias 2009 19668200",
    "et": "MonkeyModel",
    "off": 44834,
    "sff": "monkey"
  },
  {
    "docID": "N026 Garcia-Alias 2009 19668200",
    "et": "MonkeySpecies",
    "off": 44834,
    "sff": "monkey"
  },
  {
    "docID": "N026 Garcia-Alias 2009 19668200",
    "et": "Age",
    "off": 49101,
    "sff": "2D"
  },
  {
    "docID": "N026 Garcia-Alias 2009 19668200",
    "et": "Age",
    "off": 9121,
    "sff": "4 weeks"
  },
  {
    "docID": "N026 Garcia-Alias 2009 19668200",
    "et": "Age",
    "off": 38384,
    "sff": "10 d"
  },
  {
    "docID": "N026 Garcia-Alias 2009 19668200",
    "et": "Age",
    "off": 39287,
    "sff": "3 d"
  },
  {
    "docID": "N026 Garcia-Alias 2009 19668200",
    "et": "Age",
    "off": 28768,
    "sff": "6 weeks"
  },
  {
    "docID": "N026 Garcia-Alias 2009 19668200",
    "et": "Age",
    "off": 41544,
    "sff": "3 to 9 months"
  },
  {
    "docID": "N026 Garcia-Alias 2009 19668200",
    "et": "Age",
    "off": 1472,
    "sff": "3 months"
  },
  {
    "docID": "N026 Garcia-Alias 2009 19668200",
    "et": "Age",
    "off": 23031,
    "sff": "3 d"
  },
  {
    "docID": "N026 Garcia-Alias 2009 19668200",
    "et": "Age",
    "off": 38672,
    "sff": "2–4 weeks"
  },
  {
    "docID": "N026 Garcia-Alias 2009 19668200",
    "et": "Age",
    "off": 5335,
    "sff": "2 d"
  },
  {
    "docID": "N026 Garcia-Alias 2009 19668200",
    "et": "Age",
    "off": 38528,
    "sff": "30 d"
  },
  {
    "docID": "N026 Garcia-Alias 2009 19668200",
    "et": "Age",
    "off": 39114,
    "sff": "1 month"
  },
  {
    "docID": "N026 Garcia-Alias 2009 19668200",
    "et": "Age",
    "off": 22735,
    "sff": "2d"
  },
  {
    "docID": "N026 Garcia-Alias 2009 19668200",
    "et": "Age",
    "off": 38336,
    "sff": "7 d"
  },
  {
    "docID": "N026 Garcia-Alias 2009 19668200",
    "et": "Age",
    "off": 5441,
    "sff": "7 d"
  },
  {
    "docID": "N026 Garcia-Alias 2009 19668200",
    "et": "Age",
    "off": 14199,
    "sff": "42 d"
  },
  {
    "docID": "N026 Garcia-Alias 2009 19668200",
    "et": "Age",
    "off": 5983,
    "sff": "5 d"
  },
  {
    "docID": "N026 Garcia-Alias 2009 19668200",
    "et": "Age",
    "off": 38301,
    "sff": "10 d"
  },
  {
    "docID": "N026 Garcia-Alias 2009 19668200",
    "et": "Age",
    "off": 25348,
    "sff": "1 week"
  },
  {
    "docID": "N026 Garcia-Alias 2009 19668200",
    "et": "Age",
    "off": 24754,
    "sff": "7 days"
  },
  {
    "docID": "N026 Garcia-Alias 2009 19668200",
    "et": "Age",
    "off": 23198,
    "sff": "1d"
  },
  {
    "docID": "N026 Garcia-Alias 2009 19668200",
    "et": "Age",
    "off": 30465,
    "sff": "6d"
  },
  {
    "docID": "N026 Garcia-Alias 2009 19668200",
    "et": "Age",
    "off": 5935,
    "sff": "7 d"
  },
  {
    "docID": "N026 Garcia-Alias 2009 19668200",
    "et": "Age",
    "off": 23804,
    "sff": "6 weeks"
  },
  {
    "docID": "N026 Garcia-Alias 2009 19668200",
    "et": "Age",
    "off": 39381,
    "sff": "30 d"
  },
  {
    "docID": "N026 Garcia-Alias 2009 19668200",
    "et": "Age",
    "off": 14568,
    "sff": "42 d"
  },
  {
    "docID": "N026 Garcia-Alias 2009 19668200",
    "et": "Age",
    "off": 23466,
    "sff": "7 d"
  },
  {
    "docID": "N026 Garcia-Alias 2009 19668200",
    "et": "Age",
    "off": 25966,
    "sff": "42 d"
  }
]
