[
  {
    "docID": "N028 James 2015 26044197",
    "et": "Weight",
    "off": 17457,
    "sff": "1G"
  },
  {
    "docID": "N028 James 2015 26044197",
    "et": "Weight",
    "off": 5806,
    "sff": "230-250 g"
  },
  {
    "docID": "N028 James 2015 26044197",
    "et": "Weight",
    "off": 15403,
    "sff": "409.8 ± 70.3 g"
  },
  {
    "docID": "N028 James 2015 26044197",
    "et": "Weight",
    "off": 15511,
    "sff": "299.7 ± 42.7 g"
  },
  {
    "docID": "N028 James 2015 26044197",
    "et": "Weight",
    "off": 15492,
    "sff": "296.2 ± 53.1 g"
  },
  {
    "docID": "N028 James 2015 26044197",
    "et": "RatModel",
    "off": 9853,
    "sff": "rat"
  },
  {
    "docID": "N028 James 2015 26044197",
    "et": "RatModel",
    "off": 10307,
    "sff": "rat"
  },
  {
    "docID": "N028 James 2015 26044197",
    "et": "RatModel",
    "off": 10484,
    "sff": "rat"
  },
  {
    "docID": "N028 James 2015 26044197",
    "et": "RatModel",
    "off": 10613,
    "sff": "rat"
  },
  {
    "docID": "N028 James 2015 26044197",
    "et": "RatModel",
    "off": 10033,
    "sff": "rat"
  },
  {
    "docID": "N028 James 2015 26044197",
    "et": "AnimalSpecies",
    "off": 3587,
    "sff": "species"
  },
  {
    "docID": "N028 James 2015 26044197",
    "et": "NewZealandRabbit",
    "off": 25287,
    "sff": "new"
  },
  {
    "docID": "N028 James 2015 26044197",
    "et": "Young",
    "off": 24953,
    "sff": "Young"
  },
  {
    "docID": "N028 James 2015 26044197",
    "et": "SpragueDawleyRat",
    "off": 5785,
    "sff": "Sprague-Dawley"
  },
  {
    "docID": "N028 James 2015 26044197",
    "et": "SpragueDawleyRat",
    "off": 5785,
    "sff": "Sprague-Dawley rats"
  },
  {
    "docID": "N028 James 2015 26044197",
    "et": "MouseModel",
    "off": 7027,
    "sff": "mouse"
  },
  {
    "docID": "N028 James 2015 26044197",
    "et": "RatSpecies",
    "off": 9853,
    "sff": "rat"
  },
  {
    "docID": "N028 James 2015 26044197",
    "et": "RatSpecies",
    "off": 10033,
    "sff": "rat"
  },
  {
    "docID": "N028 James 2015 26044197",
    "et": "RatSpecies",
    "off": 10484,
    "sff": "rat"
  },
  {
    "docID": "N028 James 2015 26044197",
    "et": "RatSpecies",
    "off": 10613,
    "sff": "rat"
  },
  {
    "docID": "N028 James 2015 26044197",
    "et": "RatSpecies",
    "off": 10307,
    "sff": "rat"
  },
  {
    "docID": "N028 James 2015 26044197",
    "et": "Male",
    "off": 5780,
    "sff": "male"
  },
  {
    "docID": "N028 James 2015 26044197",
    "et": "Male",
    "off": 7576,
    "sff": "Male"
  },
  {
    "docID": "N028 James 2015 26044197",
    "et": "MouseSpecies",
    "off": 7027,
    "sff": "mouse"
  },
  {
    "docID": "N028 James 2015 26044197",
    "et": "Adult",
    "off": 7581,
    "sff": "adult"
  },
  {
    "docID": "N028 James 2015 26044197",
    "et": "Adult",
    "off": 1616,
    "sff": "adult"
  },
  {
    "docID": "N028 James 2015 26044197",
    "et": "Adult",
    "off": 5774,
    "sff": "Adult"
  },
  {
    "docID": "N028 James 2015 26044197",
    "et": "Adult",
    "off": 3829,
    "sff": "adult"
  },
  {
    "docID": "N028 James 2015 26044197",
    "et": "LongEvansRat",
    "off": 15874,
    "sff": "long"
  },
  {
    "docID": "N028 James 2015 26044197",
    "et": "LongEvansRat",
    "off": 13898,
    "sff": "long"
  },
  {
    "docID": "N028 James 2015 26044197",
    "et": "LongEvansRat",
    "off": 16026,
    "sff": "long"
  },
  {
    "docID": "N028 James 2015 26044197",
    "et": "LongEvansRat",
    "off": 4253,
    "sff": "long"
  },
  {
    "docID": "N028 James 2015 26044197",
    "et": "Age",
    "off": 9072,
    "sff": "one week"
  },
  {
    "docID": "N028 James 2015 26044197",
    "et": "Age",
    "off": 14924,
    "sff": "10 weeks"
  },
  {
    "docID": "N028 James 2015 26044197",
    "et": "Age",
    "off": 8943,
    "sff": "one week"
  },
  {
    "docID": "N028 James 2015 26044197",
    "et": "Age",
    "off": 15668,
    "sff": "1D"
  },
  {
    "docID": "N028 James 2015 26044197",
    "et": "Age",
    "off": 8925,
    "sff": "three days"
  },
  {
    "docID": "N028 James 2015 26044197",
    "et": "Age",
    "off": 15313,
    "sff": "10 weeks"
  },
  {
    "docID": "N028 James 2015 26044197",
    "et": "Age",
    "off": 25349,
    "sff": "30 years"
  },
  {
    "docID": "N028 James 2015 26044197",
    "et": "Age",
    "off": 8879,
    "sff": "two days"
  },
  {
    "docID": "N028 James 2015 26044197",
    "et": "Age",
    "off": 14852,
    "sff": "3 weeks"
  }
]
