[
  {
    "docID": "N029 Kanno 2014 24478364",
    "et": "Weight",
    "off": 47192,
    "sff": "5G"
  },
  {
    "docID": "N029 Kanno 2014 24478364",
    "et": "Weight",
    "off": 15775,
    "sff": "10 g"
  },
  {
    "docID": "N029 Kanno 2014 24478364",
    "et": "Weight",
    "off": 46869,
    "sff": "4G"
  },
  {
    "docID": "N029 Kanno 2014 24478364",
    "et": "Weight",
    "off": 43258,
    "sff": "2G"
  },
  {
    "docID": "N029 Kanno 2014 24478364",
    "et": "Weight",
    "off": 9440,
    "sff": "6.1µg"
  },
  {
    "docID": "N029 Kanno 2014 24478364",
    "et": "Weight",
    "off": 32344,
    "sff": "4 g"
  },
  {
    "docID": "N029 Kanno 2014 24478364",
    "et": "Weight",
    "off": 32281,
    "sff": "0.25 g"
  },
  {
    "docID": "N029 Kanno 2014 24478364",
    "et": "Weight",
    "off": 9465,
    "sff": "3.1µg"
  },
  {
    "docID": "N029 Kanno 2014 24478364",
    "et": "Weight",
    "off": 13858,
    "sff": "16 mg"
  },
  {
    "docID": "N029 Kanno 2014 24478364",
    "et": "Weight",
    "off": 32257,
    "sff": "15 g"
  },
  {
    "docID": "N029 Kanno 2014 24478364",
    "et": "Weight",
    "off": 13872,
    "sff": "2.37 g"
  },
  {
    "docID": "N029 Kanno 2014 24478364",
    "et": "Weight",
    "off": 14723,
    "sff": "160 -180 g"
  },
  {
    "docID": "N029 Kanno 2014 24478364",
    "et": "Weight",
    "off": 51664,
    "sff": "9G"
  },
  {
    "docID": "N029 Kanno 2014 24478364",
    "et": "Weight",
    "off": 48973,
    "sff": "6G"
  },
  {
    "docID": "N029 Kanno 2014 24478364",
    "et": "Weight",
    "off": 7858,
    "sff": "1500 g"
  },
  {
    "docID": "N029 Kanno 2014 24478364",
    "et": "Weight",
    "off": 9480,
    "sff": "3.7µg"
  },
  {
    "docID": "N029 Kanno 2014 24478364",
    "et": "Weight",
    "off": 56940,
    "sff": "12G"
  },
  {
    "docID": "N029 Kanno 2014 24478364",
    "et": "Weight",
    "off": 53579,
    "sff": "11G"
  },
  {
    "docID": "N029 Kanno 2014 24478364",
    "et": "Weight",
    "off": 50182,
    "sff": "8G"
  },
  {
    "docID": "N029 Kanno 2014 24478364",
    "et": "Weight",
    "off": 52670,
    "sff": "10G"
  },
  {
    "docID": "N029 Kanno 2014 24478364",
    "et": "Weight",
    "off": 13888,
    "sff": "3.04 g"
  },
  {
    "docID": "N029 Kanno 2014 24478364",
    "et": "Weight",
    "off": 45066,
    "sff": "3G"
  },
  {
    "docID": "N029 Kanno 2014 24478364",
    "et": "RatModel",
    "off": 86465,
    "sff": "rat"
  },
  {
    "docID": "N029 Kanno 2014 24478364",
    "et": "RatModel",
    "off": 83136,
    "sff": "rat"
  },
  {
    "docID": "N029 Kanno 2014 24478364",
    "et": "RatModel",
    "off": 81479,
    "sff": "rat"
  },
  {
    "docID": "N029 Kanno 2014 24478364",
    "et": "RatModel",
    "off": 76739,
    "sff": "rat"
  },
  {
    "docID": "N029 Kanno 2014 24478364",
    "et": "RatModel",
    "off": 87490,
    "sff": "rat"
  },
  {
    "docID": "N029 Kanno 2014 24478364",
    "et": "RatModel",
    "off": 28240,
    "sff": "rat"
  },
  {
    "docID": "N029 Kanno 2014 24478364",
    "et": "RatModel",
    "off": 71254,
    "sff": "rat"
  },
  {
    "docID": "N029 Kanno 2014 24478364",
    "et": "RatModel",
    "off": 78166,
    "sff": "rat"
  },
  {
    "docID": "N029 Kanno 2014 24478364",
    "et": "RatModel",
    "off": 22488,
    "sff": "rat"
  },
  {
    "docID": "N029 Kanno 2014 24478364",
    "et": "RatModel",
    "off": 45912,
    "sff": "rat"
  },
  {
    "docID": "N029 Kanno 2014 24478364",
    "et": "RatModel",
    "off": 75608,
    "sff": "rat"
  },
  {
    "docID": "N029 Kanno 2014 24478364",
    "et": "RatModel",
    "off": 77586,
    "sff": "rat"
  },
  {
    "docID": "N029 Kanno 2014 24478364",
    "et": "RatModel",
    "off": 79701,
    "sff": "rat"
  },
  {
    "docID": "N029 Kanno 2014 24478364",
    "et": "RatModel",
    "off": 81236,
    "sff": "rat"
  },
  {
    "docID": "N029 Kanno 2014 24478364",
    "et": "RatModel",
    "off": 82462,
    "sff": "rat"
  },
  {
    "docID": "N029 Kanno 2014 24478364",
    "et": "RatModel",
    "off": 77856,
    "sff": "rat"
  },
  {
    "docID": "N029 Kanno 2014 24478364",
    "et": "RatModel",
    "off": 5466,
    "sff": "rat"
  },
  {
    "docID": "N029 Kanno 2014 24478364",
    "et": "RatModel",
    "off": 87261,
    "sff": "rat"
  },
  {
    "docID": "N029 Kanno 2014 24478364",
    "et": "RatModel",
    "off": 29852,
    "sff": "rat"
  },
  {
    "docID": "N029 Kanno 2014 24478364",
    "et": "RatModel",
    "off": 85223,
    "sff": "rat"
  },
  {
    "docID": "N029 Kanno 2014 24478364",
    "et": "RatModel",
    "off": 83043,
    "sff": "rat"
  },
  {
    "docID": "N029 Kanno 2014 24478364",
    "et": "RatModel",
    "off": 76207,
    "sff": "rat"
  },
  {
    "docID": "N029 Kanno 2014 24478364",
    "et": "RatModel",
    "off": 87022,
    "sff": "rat"
  },
  {
    "docID": "N029 Kanno 2014 24478364",
    "et": "RatModel",
    "off": 29297,
    "sff": "rat"
  },
  {
    "docID": "N029 Kanno 2014 24478364",
    "et": "RatModel",
    "off": 72433,
    "sff": "rat"
  },
  {
    "docID": "N029 Kanno 2014 24478364",
    "et": "RatModel",
    "off": 32426,
    "sff": "rat"
  },
  {
    "docID": "N029 Kanno 2014 24478364",
    "et": "RatModel",
    "off": 73644,
    "sff": "rat"
  },
  {
    "docID": "N029 Kanno 2014 24478364",
    "et": "RatModel",
    "off": 28726,
    "sff": "rat"
  },
  {
    "docID": "N029 Kanno 2014 24478364",
    "et": "NewZealandRabbit",
    "off": 77071,
    "sff": "new"
  },
  {
    "docID": "N029 Kanno 2014 24478364",
    "et": "NewZealandRabbit",
    "off": 8216,
    "sff": "new"
  },
  {
    "docID": "N029 Kanno 2014 24478364",
    "et": "NewZealandRabbit",
    "off": 62806,
    "sff": "new"
  },
  {
    "docID": "N029 Kanno 2014 24478364",
    "et": "NewZealandRabbit",
    "off": 7669,
    "sff": "new"
  },
  {
    "docID": "N029 Kanno 2014 24478364",
    "et": "NewZealandRabbit",
    "off": 8398,
    "sff": "new"
  },
  {
    "docID": "N029 Kanno 2014 24478364",
    "et": "RabbitSpecies",
    "off": 8276,
    "sff": "rabbit"
  },
  {
    "docID": "N029 Kanno 2014 24478364",
    "et": "RabbitSpecies",
    "off": 6186,
    "sff": "rabbit"
  },
  {
    "docID": "N029 Kanno 2014 24478364",
    "et": "RabbitSpecies",
    "off": 6414,
    "sff": "rabbit"
  },
  {
    "docID": "N029 Kanno 2014 24478364",
    "et": "RabbitSpecies",
    "off": 20332,
    "sff": "rabbit"
  },
  {
    "docID": "N029 Kanno 2014 24478364",
    "et": "RabbitSpecies",
    "off": 20226,
    "sff": "rabbit"
  },
  {
    "docID": "N029 Kanno 2014 24478364",
    "et": "RabbitSpecies",
    "off": 6080,
    "sff": "rabbit"
  },
  {
    "docID": "N029 Kanno 2014 24478364",
    "et": "Mixed",
    "off": 35465,
    "sff": "mixed"
  },
  {
    "docID": "N029 Kanno 2014 24478364",
    "et": "Mixed",
    "off": 16773,
    "sff": "mixed"
  },
  {
    "docID": "N029 Kanno 2014 24478364",
    "et": "Mixed",
    "off": 9618,
    "sff": "mixed"
  },
  {
    "docID": "N029 Kanno 2014 24478364",
    "et": "MouseModel",
    "off": 13181,
    "sff": "mouse"
  },
  {
    "docID": "N029 Kanno 2014 24478364",
    "et": "MouseModel",
    "off": 71952,
    "sff": "mouse"
  },
  {
    "docID": "N029 Kanno 2014 24478364",
    "et": "MouseModel",
    "off": 5985,
    "sff": "mouse"
  },
  {
    "docID": "N029 Kanno 2014 24478364",
    "et": "MouseModel",
    "off": 20305,
    "sff": "mouse"
  },
  {
    "docID": "N029 Kanno 2014 24478364",
    "et": "MouseModel",
    "off": 20256,
    "sff": "mouse"
  },
  {
    "docID": "N029 Kanno 2014 24478364",
    "et": "MouseModel",
    "off": 6302,
    "sff": "mouse"
  },
  {
    "docID": "N029 Kanno 2014 24478364",
    "et": "MouseModel",
    "off": 6244,
    "sff": "mouse"
  },
  {
    "docID": "N029 Kanno 2014 24478364",
    "et": "MouseModel",
    "off": 6356,
    "sff": "mouse"
  },
  {
    "docID": "N029 Kanno 2014 24478364",
    "et": "MouseModel",
    "off": 20281,
    "sff": "mouse"
  },
  {
    "docID": "N029 Kanno 2014 24478364",
    "et": "RabbitModel",
    "off": 20332,
    "sff": "rabbit"
  },
  {
    "docID": "N029 Kanno 2014 24478364",
    "et": "RabbitModel",
    "off": 6414,
    "sff": "rabbit"
  },
  {
    "docID": "N029 Kanno 2014 24478364",
    "et": "RabbitModel",
    "off": 6186,
    "sff": "rabbit"
  },
  {
    "docID": "N029 Kanno 2014 24478364",
    "et": "RabbitModel",
    "off": 8276,
    "sff": "rabbit"
  },
  {
    "docID": "N029 Kanno 2014 24478364",
    "et": "RabbitModel",
    "off": 6080,
    "sff": "rabbit"
  },
  {
    "docID": "N029 Kanno 2014 24478364",
    "et": "RabbitModel",
    "off": 20226,
    "sff": "rabbit"
  },
  {
    "docID": "N029 Kanno 2014 24478364",
    "et": "RatSpecies",
    "off": 83043,
    "sff": "rat"
  },
  {
    "docID": "N029 Kanno 2014 24478364",
    "et": "RatSpecies",
    "off": 87261,
    "sff": "rat"
  },
  {
    "docID": "N029 Kanno 2014 24478364",
    "et": "RatSpecies",
    "off": 82462,
    "sff": "rat"
  },
  {
    "docID": "N029 Kanno 2014 24478364",
    "et": "RatSpecies",
    "off": 77856,
    "sff": "rat"
  },
  {
    "docID": "N029 Kanno 2014 24478364",
    "et": "RatSpecies",
    "off": 73644,
    "sff": "rat"
  },
  {
    "docID": "N029 Kanno 2014 24478364",
    "et": "RatSpecies",
    "off": 32426,
    "sff": "rat"
  },
  {
    "docID": "N029 Kanno 2014 24478364",
    "et": "RatSpecies",
    "off": 85223,
    "sff": "rat"
  },
  {
    "docID": "N029 Kanno 2014 24478364",
    "et": "RatSpecies",
    "off": 28240,
    "sff": "rat"
  },
  {
    "docID": "N029 Kanno 2014 24478364",
    "et": "RatSpecies",
    "off": 77586,
    "sff": "rat"
  },
  {
    "docID": "N029 Kanno 2014 24478364",
    "et": "RatSpecies",
    "off": 81236,
    "sff": "rat"
  },
  {
    "docID": "N029 Kanno 2014 24478364",
    "et": "RatSpecies",
    "off": 22488,
    "sff": "rat"
  },
  {
    "docID": "N029 Kanno 2014 24478364",
    "et": "RatSpecies",
    "off": 45912,
    "sff": "rat"
  },
  {
    "docID": "N029 Kanno 2014 24478364",
    "et": "RatSpecies",
    "off": 29852,
    "sff": "rat"
  },
  {
    "docID": "N029 Kanno 2014 24478364",
    "et": "RatSpecies",
    "off": 79701,
    "sff": "rat"
  },
  {
    "docID": "N029 Kanno 2014 24478364",
    "et": "RatSpecies",
    "off": 71254,
    "sff": "rat"
  },
  {
    "docID": "N029 Kanno 2014 24478364",
    "et": "RatSpecies",
    "off": 78166,
    "sff": "rat"
  },
  {
    "docID": "N029 Kanno 2014 24478364",
    "et": "RatSpecies",
    "off": 5466,
    "sff": "rat"
  },
  {
    "docID": "N029 Kanno 2014 24478364",
    "et": "RatSpecies",
    "off": 75608,
    "sff": "rat"
  },
  {
    "docID": "N029 Kanno 2014 24478364",
    "et": "RatSpecies",
    "off": 86465,
    "sff": "rat"
  },
  {
    "docID": "N029 Kanno 2014 24478364",
    "et": "RatSpecies",
    "off": 87490,
    "sff": "rat"
  },
  {
    "docID": "N029 Kanno 2014 24478364",
    "et": "RatSpecies",
    "off": 76739,
    "sff": "rat"
  },
  {
    "docID": "N029 Kanno 2014 24478364",
    "et": "RatSpecies",
    "off": 83136,
    "sff": "rat"
  },
  {
    "docID": "N029 Kanno 2014 24478364",
    "et": "RatSpecies",
    "off": 81479,
    "sff": "rat"
  },
  {
    "docID": "N029 Kanno 2014 24478364",
    "et": "RatSpecies",
    "off": 72433,
    "sff": "rat"
  },
  {
    "docID": "N029 Kanno 2014 24478364",
    "et": "RatSpecies",
    "off": 87022,
    "sff": "rat"
  },
  {
    "docID": "N029 Kanno 2014 24478364",
    "et": "RatSpecies",
    "off": 76207,
    "sff": "rat"
  },
  {
    "docID": "N029 Kanno 2014 24478364",
    "et": "RatSpecies",
    "off": 29297,
    "sff": "rat"
  },
  {
    "docID": "N029 Kanno 2014 24478364",
    "et": "RatSpecies",
    "off": 28726,
    "sff": "rat"
  },
  {
    "docID": "N029 Kanno 2014 24478364",
    "et": "MouseSpecies",
    "off": 13181,
    "sff": "mouse"
  },
  {
    "docID": "N029 Kanno 2014 24478364",
    "et": "MouseSpecies",
    "off": 6302,
    "sff": "mouse"
  },
  {
    "docID": "N029 Kanno 2014 24478364",
    "et": "MouseSpecies",
    "off": 20256,
    "sff": "mouse"
  },
  {
    "docID": "N029 Kanno 2014 24478364",
    "et": "MouseSpecies",
    "off": 71952,
    "sff": "mouse"
  },
  {
    "docID": "N029 Kanno 2014 24478364",
    "et": "MouseSpecies",
    "off": 5985,
    "sff": "mouse"
  },
  {
    "docID": "N029 Kanno 2014 24478364",
    "et": "MouseSpecies",
    "off": 20305,
    "sff": "mouse"
  },
  {
    "docID": "N029 Kanno 2014 24478364",
    "et": "MouseSpecies",
    "off": 6244,
    "sff": "mouse"
  },
  {
    "docID": "N029 Kanno 2014 24478364",
    "et": "MouseSpecies",
    "off": 6356,
    "sff": "mouse"
  },
  {
    "docID": "N029 Kanno 2014 24478364",
    "et": "MouseSpecies",
    "off": 20281,
    "sff": "mouse"
  },
  {
    "docID": "N029 Kanno 2014 24478364",
    "et": "HartleyGuineaPig",
    "off": 69206,
    "sff": "Hartley"
  },
  {
    "docID": "N029 Kanno 2014 24478364",
    "et": "FischerRat",
    "off": 14694,
    "sff": "Fischer"
  },
  {
    "docID": "N029 Kanno 2014 24478364",
    "et": "FischerRat",
    "off": 7240,
    "sff": "Fischer"
  },
  {
    "docID": "N029 Kanno 2014 24478364",
    "et": "Adult",
    "off": 79695,
    "sff": "adult"
  },
  {
    "docID": "N029 Kanno 2014 24478364",
    "et": "Adult",
    "off": 78160,
    "sff": "adult"
  },
  {
    "docID": "N029 Kanno 2014 24478364",
    "et": "Adult",
    "off": 79056,
    "sff": "adult"
  },
  {
    "docID": "N029 Kanno 2014 24478364",
    "et": "Adult",
    "off": 87255,
    "sff": "adult"
  },
  {
    "docID": "N029 Kanno 2014 24478364",
    "et": "Adult",
    "off": 82456,
    "sff": "adult"
  },
  {
    "docID": "N029 Kanno 2014 24478364",
    "et": "Adult",
    "off": 72979,
    "sff": "adult"
  },
  {
    "docID": "N029 Kanno 2014 24478364",
    "et": "Adult",
    "off": 72768,
    "sff": "adult"
  },
  {
    "docID": "N029 Kanno 2014 24478364",
    "et": "Adult",
    "off": 14681,
    "sff": "Adult"
  },
  {
    "docID": "N029 Kanno 2014 24478364",
    "et": "Adult",
    "off": 81473,
    "sff": "adult"
  },
  {
    "docID": "N029 Kanno 2014 24478364",
    "et": "Adult",
    "off": 81793,
    "sff": "adult"
  },
  {
    "docID": "N029 Kanno 2014 24478364",
    "et": "Adult",
    "off": 85217,
    "sff": "adult"
  },
  {
    "docID": "N029 Kanno 2014 24478364",
    "et": "Adult",
    "off": 7227,
    "sff": "adult"
  },
  {
    "docID": "N029 Kanno 2014 24478364",
    "et": "Adult",
    "off": 87484,
    "sff": "adult"
  },
  {
    "docID": "N029 Kanno 2014 24478364",
    "et": "Adult",
    "off": 2661,
    "sff": "adult"
  },
  {
    "docID": "N029 Kanno 2014 24478364",
    "et": "Adult",
    "off": 87016,
    "sff": "adult"
  },
  {
    "docID": "N029 Kanno 2014 24478364",
    "et": "Adult",
    "off": 73638,
    "sff": "adult"
  },
  {
    "docID": "N029 Kanno 2014 24478364",
    "et": "LongEvansRat",
    "off": 60852,
    "sff": "long"
  },
  {
    "docID": "N029 Kanno 2014 24478364",
    "et": "Female",
    "off": 7233,
    "sff": "female"
  },
  {
    "docID": "N029 Kanno 2014 24478364",
    "et": "Female",
    "off": 14687,
    "sff": "female"
  },
  {
    "docID": "N029 Kanno 2014 24478364",
    "et": "Age",
    "off": 46613,
    "sff": "2 weeks"
  },
  {
    "docID": "N029 Kanno 2014 24478364",
    "et": "Age",
    "off": 35379,
    "sff": "12 weeks"
  },
  {
    "docID": "N029 Kanno 2014 24478364",
    "et": "Age",
    "off": 57325,
    "sff": "9 weeks"
  },
  {
    "docID": "N029 Kanno 2014 24478364",
    "et": "Age",
    "off": 19075,
    "sff": "13 weeks"
  },
  {
    "docID": "N029 Kanno 2014 24478364",
    "et": "Age",
    "off": 55174,
    "sff": "13 weeks"
  },
  {
    "docID": "N029 Kanno 2014 24478364",
    "et": "Age",
    "off": 42504,
    "sff": "13 weeks"
  },
  {
    "docID": "N029 Kanno 2014 24478364",
    "et": "Age",
    "off": 30985,
    "sff": "13 weeks"
  },
  {
    "docID": "N029 Kanno 2014 24478364",
    "et": "Age",
    "off": 42377,
    "sff": "13 weeks"
  },
  {
    "docID": "N029 Kanno 2014 24478364",
    "et": "Age",
    "off": 48737,
    "sff": "6 D"
  },
  {
    "docID": "N029 Kanno 2014 24478364",
    "et": "Age",
    "off": 22668,
    "sff": "2 d"
  },
  {
    "docID": "N029 Kanno 2014 24478364",
    "et": "Age",
    "off": 42255,
    "sff": "13 weeks"
  },
  {
    "docID": "N029 Kanno 2014 24478364",
    "et": "Age",
    "off": 56207,
    "sff": "13 weeks"
  },
  {
    "docID": "N029 Kanno 2014 24478364",
    "et": "Age",
    "off": 54137,
    "sff": "9 weeks"
  },
  {
    "docID": "N029 Kanno 2014 24478364",
    "et": "Age",
    "off": 56140,
    "sff": "5 weeks"
  },
  {
    "docID": "N029 Kanno 2014 24478364",
    "et": "Age",
    "off": 13110,
    "sff": "3 d"
  },
  {
    "docID": "N029 Kanno 2014 24478364",
    "et": "Age",
    "off": 46880,
    "sff": "12 weeks"
  },
  {
    "docID": "N029 Kanno 2014 24478364",
    "et": "Age",
    "off": 44563,
    "sff": "12 weeks"
  },
  {
    "docID": "N029 Kanno 2014 24478364",
    "et": "Age",
    "off": 48206,
    "sff": "6 weeks"
  },
  {
    "docID": "N029 Kanno 2014 24478364",
    "et": "Age",
    "off": 55485,
    "sff": "5 weeks"
  },
  {
    "docID": "N029 Kanno 2014 24478364",
    "et": "Age",
    "off": 42535,
    "sff": "13 weeks"
  },
  {
    "docID": "N029 Kanno 2014 24478364",
    "et": "Age",
    "off": 56222,
    "sff": "9 weeks"
  },
  {
    "docID": "N029 Kanno 2014 24478364",
    "et": "Age",
    "off": 36489,
    "sff": "12 weeks"
  },
  {
    "docID": "N029 Kanno 2014 24478364",
    "et": "Age",
    "off": 56088,
    "sff": "12D"
  },
  {
    "docID": "N029 Kanno 2014 24478364",
    "et": "Age",
    "off": 47362,
    "sff": "12 weeks"
  },
  {
    "docID": "N029 Kanno 2014 24478364",
    "et": "Age",
    "off": 55578,
    "sff": "9 weeks"
  },
  {
    "docID": "N029 Kanno 2014 24478364",
    "et": "Age",
    "off": 47743,
    "sff": "12 weeks"
  },
  {
    "docID": "N029 Kanno 2014 24478364",
    "et": "Age",
    "off": 54578,
    "sff": "13 weeks"
  },
  {
    "docID": "N029 Kanno 2014 24478364",
    "et": "Age",
    "off": 54332,
    "sff": "13 weeks"
  },
  {
    "docID": "N029 Kanno 2014 24478364",
    "et": "Age",
    "off": 56478,
    "sff": "5 weeks"
  },
  {
    "docID": "N029 Kanno 2014 24478364",
    "et": "Age",
    "off": 36847,
    "sff": "12 weeks"
  },
  {
    "docID": "N029 Kanno 2014 24478364",
    "et": "Age",
    "off": 19565,
    "sff": "12 weeks"
  },
  {
    "docID": "N029 Kanno 2014 24478364",
    "et": "Age",
    "off": 48088,
    "sff": "2 d"
  },
  {
    "docID": "N029 Kanno 2014 24478364",
    "et": "Age",
    "off": 54718,
    "sff": "9 weeks"
  },
  {
    "docID": "N029 Kanno 2014 24478364",
    "et": "Age",
    "off": 30815,
    "sff": "1 week"
  },
  {
    "docID": "N029 Kanno 2014 24478364",
    "et": "Age",
    "off": 57554,
    "sff": "13 weeks"
  },
  {
    "docID": "N029 Kanno 2014 24478364",
    "et": "Age",
    "off": 46263,
    "sff": "2 weeks"
  },
  {
    "docID": "N029 Kanno 2014 24478364",
    "et": "Age",
    "off": 36021,
    "sff": "2 weeks"
  },
  {
    "docID": "N029 Kanno 2014 24478364",
    "et": "Age",
    "off": 54108,
    "sff": "13 weeks"
  },
  {
    "docID": "N029 Kanno 2014 24478364",
    "et": "Age",
    "off": 57052,
    "sff": "13 weeks"
  },
  {
    "docID": "N029 Kanno 2014 24478364",
    "et": "Age",
    "off": 48179,
    "sff": "2 weeks"
  },
  {
    "docID": "N029 Kanno 2014 24478364",
    "et": "Age",
    "off": 7732,
    "sff": "2 weeks"
  },
  {
    "docID": "N029 Kanno 2014 24478364",
    "et": "Age",
    "off": 46210,
    "sff": "2 d"
  },
  {
    "docID": "N029 Kanno 2014 24478364",
    "et": "Age",
    "off": 50030,
    "sff": "8D"
  },
  {
    "docID": "N029 Kanno 2014 24478364",
    "et": "Age",
    "off": 56925,
    "sff": "13 weeks"
  },
  {
    "docID": "N029 Kanno 2014 24478364",
    "et": "Age",
    "off": 31455,
    "sff": "13 weeks"
  },
  {
    "docID": "N029 Kanno 2014 24478364",
    "et": "Age",
    "off": 17159,
    "sff": "7 d"
  },
  {
    "docID": "N029 Kanno 2014 24478364",
    "et": "Age",
    "off": 53857,
    "sff": "13 weeks"
  },
  {
    "docID": "N029 Kanno 2014 24478364",
    "et": "Age",
    "off": 43592,
    "sff": "3 d"
  },
  {
    "docID": "N029 Kanno 2014 24478364",
    "et": "Age",
    "off": 18661,
    "sff": "13 weeks"
  },
  {
    "docID": "N029 Kanno 2014 24478364",
    "et": "Age",
    "off": 30139,
    "sff": "1 to 13 weeks"
  },
  {
    "docID": "N029 Kanno 2014 24478364",
    "et": "Age",
    "off": 22680,
    "sff": "6 weeks"
  },
  {
    "docID": "N029 Kanno 2014 24478364",
    "et": "Age",
    "off": 36545,
    "sff": "12 weeks"
  },
  {
    "docID": "N029 Kanno 2014 24478364",
    "et": "Age",
    "off": 18176,
    "sff": "11 weeks"
  },
  {
    "docID": "N029 Kanno 2014 24478364",
    "et": "Age",
    "off": 47293,
    "sff": "12 weeks"
  }
]
