[
  {
    "docID": "N031 Sarveazad 2013 25691946",
    "et": "Weight",
    "off": 7455,
    "sff": "250-350g"
  },
  {
    "docID": "N031 Sarveazad 2013 25691946",
    "et": "Weight",
    "off": 11688,
    "sff": "10 g and 2"
  },
  {
    "docID": "N031 Sarveazad 2013 25691946",
    "et": "Weight",
    "off": 8191,
    "sff": "200 mg"
  },
  {
    "docID": "N031 Sarveazad 2013 25691946",
    "et": "Weight",
    "off": 11977,
    "sff": "100 g"
  },
  {
    "docID": "N031 Sarveazad 2013 25691946",
    "et": "RatModel",
    "off": 34443,
    "sff": "rat"
  },
  {
    "docID": "N031 Sarveazad 2013 25691946",
    "et": "RatModel",
    "off": 33974,
    "sff": "rat"
  },
  {
    "docID": "N031 Sarveazad 2013 25691946",
    "et": "RatModel",
    "off": 9738,
    "sff": "Rat"
  },
  {
    "docID": "N031 Sarveazad 2013 25691946",
    "et": "RatModel",
    "off": 32580,
    "sff": "rat"
  },
  {
    "docID": "N031 Sarveazad 2013 25691946",
    "et": "RatModel",
    "off": 35396,
    "sff": "rat"
  },
  {
    "docID": "N031 Sarveazad 2013 25691946",
    "et": "RatModel",
    "off": 34227,
    "sff": "rat"
  },
  {
    "docID": "N031 Sarveazad 2013 25691946",
    "et": "RatModel",
    "off": 33614,
    "sff": "rat"
  },
  {
    "docID": "N031 Sarveazad 2013 25691946",
    "et": "RatModel",
    "off": 1919,
    "sff": "rat"
  },
  {
    "docID": "N031 Sarveazad 2013 25691946",
    "et": "RabbitSpecies",
    "off": 9967,
    "sff": "Rabbit"
  },
  {
    "docID": "N031 Sarveazad 2013 25691946",
    "et": "Young",
    "off": 28918,
    "sff": "Young"
  },
  {
    "docID": "N031 Sarveazad 2013 25691946",
    "et": "RabbitModel",
    "off": 9967,
    "sff": "Rabbit"
  },
  {
    "docID": "N031 Sarveazad 2013 25691946",
    "et": "WistarRat",
    "off": 7418,
    "sff": "wistar rats"
  },
  {
    "docID": "N031 Sarveazad 2013 25691946",
    "et": "WistarRat",
    "off": 7418,
    "sff": "wistar"
  },
  {
    "docID": "N031 Sarveazad 2013 25691946",
    "et": "RatSpecies",
    "off": 9738,
    "sff": "Rat"
  },
  {
    "docID": "N031 Sarveazad 2013 25691946",
    "et": "RatSpecies",
    "off": 33614,
    "sff": "rat"
  },
  {
    "docID": "N031 Sarveazad 2013 25691946",
    "et": "RatSpecies",
    "off": 1919,
    "sff": "rat"
  },
  {
    "docID": "N031 Sarveazad 2013 25691946",
    "et": "RatSpecies",
    "off": 34443,
    "sff": "rat"
  },
  {
    "docID": "N031 Sarveazad 2013 25691946",
    "et": "RatSpecies",
    "off": 33974,
    "sff": "rat"
  },
  {
    "docID": "N031 Sarveazad 2013 25691946",
    "et": "RatSpecies",
    "off": 32580,
    "sff": "rat"
  },
  {
    "docID": "N031 Sarveazad 2013 25691946",
    "et": "RatSpecies",
    "off": 35396,
    "sff": "rat"
  },
  {
    "docID": "N031 Sarveazad 2013 25691946",
    "et": "RatSpecies",
    "off": 34227,
    "sff": "rat"
  },
  {
    "docID": "N031 Sarveazad 2013 25691946",
    "et": "CD2_Mouse",
    "off": 9635,
    "sff": "CD31"
  },
  {
    "docID": "N031 Sarveazad 2013 25691946",
    "et": "CD2_Mouse",
    "off": 19596,
    "sff": "CD31"
  },
  {
    "docID": "N031 Sarveazad 2013 25691946",
    "et": "CD2_Mouse",
    "off": 10046,
    "sff": "CD31"
  },
  {
    "docID": "N031 Sarveazad 2013 25691946",
    "et": "CD2_Mouse",
    "off": 9881,
    "sff": "CD31"
  },
  {
    "docID": "N031 Sarveazad 2013 25691946",
    "et": "CD2_Mouse",
    "off": 16825,
    "sff": "CD31"
  },
  {
    "docID": "N031 Sarveazad 2013 25691946",
    "et": "Male",
    "off": 7413,
    "sff": "male"
  },
  {
    "docID": "N031 Sarveazad 2013 25691946",
    "et": "HartleyGuineaPig",
    "off": 31229,
    "sff": "Hartley"
  },
  {
    "docID": "N031 Sarveazad 2013 25691946",
    "et": "CatSpecies",
    "off": 33288,
    "sff": "cat"
  },
  {
    "docID": "N031 Sarveazad 2013 25691946",
    "et": "Adult",
    "off": 34221,
    "sff": "adult"
  },
  {
    "docID": "N031 Sarveazad 2013 25691946",
    "et": "Adult",
    "off": 27052,
    "sff": "mature"
  },
  {
    "docID": "N031 Sarveazad 2013 25691946",
    "et": "Adult",
    "off": 32944,
    "sff": "adult"
  },
  {
    "docID": "N031 Sarveazad 2013 25691946",
    "et": "Adult",
    "off": 7407,
    "sff": "adult"
  },
  {
    "docID": "N031 Sarveazad 2013 25691946",
    "et": "Adult",
    "off": 33282,
    "sff": "adult"
  },
  {
    "docID": "N031 Sarveazad 2013 25691946",
    "et": "CatModel",
    "off": 33288,
    "sff": "cat"
  },
  {
    "docID": "N031 Sarveazad 2013 25691946",
    "et": "Age",
    "off": 16936,
    "sff": "10 days"
  },
  {
    "docID": "N031 Sarveazad 2013 25691946",
    "et": "Age",
    "off": 25926,
    "sff": "One week"
  },
  {
    "docID": "N031 Sarveazad 2013 25691946",
    "et": "Age",
    "off": 12137,
    "sff": "seven days"
  },
  {
    "docID": "N031 Sarveazad 2013 25691946",
    "et": "Age",
    "off": 23713,
    "sff": "8 weeks"
  },
  {
    "docID": "N031 Sarveazad 2013 25691946",
    "et": "Age",
    "off": 17322,
    "sff": "28days"
  },
  {
    "docID": "N031 Sarveazad 2013 25691946",
    "et": "Age",
    "off": 2240,
    "sff": "8 weeks"
  },
  {
    "docID": "N031 Sarveazad 2013 25691946",
    "et": "Age",
    "off": 17920,
    "sff": "8 weeks"
  },
  {
    "docID": "N031 Sarveazad 2013 25691946",
    "et": "Age",
    "off": 17087,
    "sff": "9 weeks"
  },
  {
    "docID": "N031 Sarveazad 2013 25691946",
    "et": "Age",
    "off": 20718,
    "sff": "28 days"
  },
  {
    "docID": "N031 Sarveazad 2013 25691946",
    "et": "Age",
    "off": 11992,
    "sff": "4 days"
  },
  {
    "docID": "N031 Sarveazad 2013 25691946",
    "et": "Age",
    "off": 14442,
    "sff": "8 weeks"
  },
  {
    "docID": "N031 Sarveazad 2013 25691946",
    "et": "Age",
    "off": 19715,
    "sff": "Seven days"
  },
  {
    "docID": "N031 Sarveazad 2013 25691946",
    "et": "Age",
    "off": 14949,
    "sff": "one week"
  },
  {
    "docID": "N031 Sarveazad 2013 25691946",
    "et": "Age",
    "off": 15758,
    "sff": "8 weeks"
  },
  {
    "docID": "N031 Sarveazad 2013 25691946",
    "et": "Age",
    "off": 27176,
    "sff": "16 weeks"
  },
  {
    "docID": "N031 Sarveazad 2013 25691946",
    "et": "Age",
    "off": 13214,
    "sff": "Seven days"
  },
  {
    "docID": "N031 Sarveazad 2013 25691946",
    "et": "Age",
    "off": 17649,
    "sff": "8 weeks"
  },
  {
    "docID": "N031 Sarveazad 2013 25691946",
    "et": "Age",
    "off": 18257,
    "sff": "8 weeks"
  },
  {
    "docID": "N031 Sarveazad 2013 25691946",
    "et": "Age",
    "off": 21029,
    "sff": "63 days"
  },
  {
    "docID": "N031 Sarveazad 2013 25691946",
    "et": "Age",
    "off": 17191,
    "sff": "14 days"
  },
  {
    "docID": "N031 Sarveazad 2013 25691946",
    "et": "Age",
    "off": 17387,
    "sff": "63 days"
  },
  {
    "docID": "N031 Sarveazad 2013 25691946",
    "et": "Age",
    "off": 20484,
    "sff": "14 days"
  },
  {
    "docID": "N031 Sarveazad 2013 25691946",
    "et": "Age",
    "off": 20137,
    "sff": "63 days"
  },
  {
    "docID": "N031 Sarveazad 2013 25691946",
    "et": "Age",
    "off": 7870,
    "sff": "25-46 years"
  }
]
