[
  {
    "docID": "N034 Wilems 2015 26384702",
    "et": "Weight",
    "off": 14479,
    "sff": "45 mg"
  },
  {
    "docID": "N034 Wilems 2015 26384702",
    "et": "Weight",
    "off": 18396,
    "sff": "15 mg"
  },
  {
    "docID": "N034 Wilems 2015 26384702",
    "et": "Weight",
    "off": 14522,
    "sff": "7.5 mg"
  },
  {
    "docID": "N034 Wilems 2015 26384702",
    "et": "Weight",
    "off": 18357,
    "sff": "45 mg"
  },
  {
    "docID": "N034 Wilems 2015 26384702",
    "et": "Weight",
    "off": 13516,
    "sff": "10 mg"
  },
  {
    "docID": "N034 Wilems 2015 26384702",
    "et": "Weight",
    "off": 16839,
    "sff": "250-275 g"
  },
  {
    "docID": "N034 Wilems 2015 26384702",
    "et": "RatModel",
    "off": 47562,
    "sff": "rat"
  },
  {
    "docID": "N034 Wilems 2015 26384702",
    "et": "RatModel",
    "off": 47787,
    "sff": "rat"
  },
  {
    "docID": "N034 Wilems 2015 26384702",
    "et": "RatModel",
    "off": 45384,
    "sff": "rat"
  },
  {
    "docID": "N034 Wilems 2015 26384702",
    "et": "RatModel",
    "off": 1386,
    "sff": "rat"
  },
  {
    "docID": "N034 Wilems 2015 26384702",
    "et": "RatModel",
    "off": 46009,
    "sff": "rat"
  },
  {
    "docID": "N034 Wilems 2015 26384702",
    "et": "RatModel",
    "off": 8093,
    "sff": "rat"
  },
  {
    "docID": "N034 Wilems 2015 26384702",
    "et": "RatModel",
    "off": 13951,
    "sff": "rat"
  },
  {
    "docID": "N034 Wilems 2015 26384702",
    "et": "RatModel",
    "off": 7553,
    "sff": "rat"
  },
  {
    "docID": "N034 Wilems 2015 26384702",
    "et": "RatModel",
    "off": 28309,
    "sff": "rat"
  },
  {
    "docID": "N034 Wilems 2015 26384702",
    "et": "RatModel",
    "off": 50756,
    "sff": "rat"
  },
  {
    "docID": "N034 Wilems 2015 26384702",
    "et": "RatModel",
    "off": 8726,
    "sff": "rat"
  },
  {
    "docID": "N034 Wilems 2015 26384702",
    "et": "AnimalSpecies",
    "off": 35906,
    "sff": "species"
  },
  {
    "docID": "N034 Wilems 2015 26384702",
    "et": "NewZealandRabbit",
    "off": 10410,
    "sff": "new"
  },
  {
    "docID": "N034 Wilems 2015 26384702",
    "et": "Mixed",
    "off": 14468,
    "sff": "mixed"
  },
  {
    "docID": "N034 Wilems 2015 26384702",
    "et": "Mixed",
    "off": 14381,
    "sff": "mixed"
  },
  {
    "docID": "N034 Wilems 2015 26384702",
    "et": "MouseModel",
    "off": 53005,
    "sff": "mouse"
  },
  {
    "docID": "N034 Wilems 2015 26384702",
    "et": "MouseModel",
    "off": 53405,
    "sff": "mouse"
  },
  {
    "docID": "N034 Wilems 2015 26384702",
    "et": "MouseModel",
    "off": 4800,
    "sff": "mouse"
  },
  {
    "docID": "N034 Wilems 2015 26384702",
    "et": "MouseModel",
    "off": 46192,
    "sff": "mouse"
  },
  {
    "docID": "N034 Wilems 2015 26384702",
    "et": "MouseModel",
    "off": 19826,
    "sff": "mouse"
  },
  {
    "docID": "N034 Wilems 2015 26384702",
    "et": "RatSpecies",
    "off": 1386,
    "sff": "rat"
  },
  {
    "docID": "N034 Wilems 2015 26384702",
    "et": "RatSpecies",
    "off": 47787,
    "sff": "rat"
  },
  {
    "docID": "N034 Wilems 2015 26384702",
    "et": "RatSpecies",
    "off": 8726,
    "sff": "rat"
  },
  {
    "docID": "N034 Wilems 2015 26384702",
    "et": "RatSpecies",
    "off": 7553,
    "sff": "rat"
  },
  {
    "docID": "N034 Wilems 2015 26384702",
    "et": "RatSpecies",
    "off": 50756,
    "sff": "rat"
  },
  {
    "docID": "N034 Wilems 2015 26384702",
    "et": "RatSpecies",
    "off": 28309,
    "sff": "rat"
  },
  {
    "docID": "N034 Wilems 2015 26384702",
    "et": "RatSpecies",
    "off": 13951,
    "sff": "rat"
  },
  {
    "docID": "N034 Wilems 2015 26384702",
    "et": "RatSpecies",
    "off": 8093,
    "sff": "rat"
  },
  {
    "docID": "N034 Wilems 2015 26384702",
    "et": "RatSpecies",
    "off": 45384,
    "sff": "rat"
  },
  {
    "docID": "N034 Wilems 2015 26384702",
    "et": "RatSpecies",
    "off": 46009,
    "sff": "rat"
  },
  {
    "docID": "N034 Wilems 2015 26384702",
    "et": "RatSpecies",
    "off": 47562,
    "sff": "rat"
  },
  {
    "docID": "N034 Wilems 2015 26384702",
    "et": "MouseSpecies",
    "off": 4800,
    "sff": "mouse"
  },
  {
    "docID": "N034 Wilems 2015 26384702",
    "et": "MouseSpecies",
    "off": 19826,
    "sff": "mouse"
  },
  {
    "docID": "N034 Wilems 2015 26384702",
    "et": "MouseSpecies",
    "off": 46192,
    "sff": "mouse"
  },
  {
    "docID": "N034 Wilems 2015 26384702",
    "et": "MouseSpecies",
    "off": 53005,
    "sff": "mouse"
  },
  {
    "docID": "N034 Wilems 2015 26384702",
    "et": "MouseSpecies",
    "off": 53405,
    "sff": "mouse"
  },
  {
    "docID": "N034 Wilems 2015 26384702",
    "et": "FischerRat",
    "off": 45037,
    "sff": "Fischer"
  },
  {
    "docID": "N034 Wilems 2015 26384702",
    "et": "FischerRat",
    "off": 44727,
    "sff": "Fischer"
  },
  {
    "docID": "N034 Wilems 2015 26384702",
    "et": "Adult",
    "off": 45289,
    "sff": "adult"
  },
  {
    "docID": "N034 Wilems 2015 26384702",
    "et": "Adult",
    "off": 44522,
    "sff": "adult"
  },
  {
    "docID": "N034 Wilems 2015 26384702",
    "et": "Adult",
    "off": 50750,
    "sff": "adult"
  },
  {
    "docID": "N034 Wilems 2015 26384702",
    "et": "Adult",
    "off": 6911,
    "sff": "mature"
  },
  {
    "docID": "N034 Wilems 2015 26384702",
    "et": "Adult",
    "off": 36862,
    "sff": "adult"
  },
  {
    "docID": "N034 Wilems 2015 26384702",
    "et": "Adult",
    "off": 30096,
    "sff": "mature"
  },
  {
    "docID": "N034 Wilems 2015 26384702",
    "et": "Adult",
    "off": 47556,
    "sff": "adult"
  },
  {
    "docID": "N034 Wilems 2015 26384702",
    "et": "Adult",
    "off": 46501,
    "sff": "adult"
  },
  {
    "docID": "N034 Wilems 2015 26384702",
    "et": "Adult",
    "off": 47781,
    "sff": "adult"
  },
  {
    "docID": "N034 Wilems 2015 26384702",
    "et": "LongEvansRat",
    "off": 16822,
    "sff": "Long-Evans rats"
  },
  {
    "docID": "N034 Wilems 2015 26384702",
    "et": "LongEvansRat",
    "off": 16822,
    "sff": "Long-Evans"
  },
  {
    "docID": "N034 Wilems 2015 26384702",
    "et": "LongEvansRat",
    "off": 36775,
    "sff": "long"
  },
  {
    "docID": "N034 Wilems 2015 26384702",
    "et": "Female",
    "off": 16815,
    "sff": "female"
  },
  {
    "docID": "N034 Wilems 2015 26384702",
    "et": "Age",
    "off": 15412,
    "sff": "3D"
  },
  {
    "docID": "N034 Wilems 2015 26384702",
    "et": "Age",
    "off": 17808,
    "sff": "5 days"
  },
  {
    "docID": "N034 Wilems 2015 26384702",
    "et": "Age",
    "off": 18025,
    "sff": "Two weeks"
  },
  {
    "docID": "N034 Wilems 2015 26384702",
    "et": "Age",
    "off": 17910,
    "sff": "3 days"
  },
  {
    "docID": "N034 Wilems 2015 26384702",
    "et": "Age",
    "off": 24925,
    "sff": "2 weeks"
  },
  {
    "docID": "N034 Wilems 2015 26384702",
    "et": "Age",
    "off": 27421,
    "sff": "2 weeks"
  },
  {
    "docID": "N034 Wilems 2015 26384702",
    "et": "Age",
    "off": 38428,
    "sff": "2 weeks"
  },
  {
    "docID": "N034 Wilems 2015 26384702",
    "et": "Age",
    "off": 11509,
    "sff": "2 days"
  },
  {
    "docID": "N034 Wilems 2015 26384702",
    "et": "Age",
    "off": 11469,
    "sff": "four days"
  },
  {
    "docID": "N034 Wilems 2015 26384702",
    "et": "Age",
    "off": 23152,
    "sff": "2 weeks"
  },
  {
    "docID": "N034 Wilems 2015 26384702",
    "et": "Age",
    "off": 27362,
    "sff": "3D"
  },
  {
    "docID": "N034 Wilems 2015 26384702",
    "et": "Age",
    "off": 29098,
    "sff": "2 weeks"
  },
  {
    "docID": "N034 Wilems 2015 26384702",
    "et": "Age",
    "off": 15401,
    "sff": "2 weeks"
  },
  {
    "docID": "N034 Wilems 2015 26384702",
    "et": "Age",
    "off": 8616,
    "sff": "2 weeks"
  },
  {
    "docID": "N034 Wilems 2015 26384702",
    "et": "Age",
    "off": 28071,
    "sff": "2 weeks"
  },
  {
    "docID": "N034 Wilems 2015 26384702",
    "et": "Age",
    "off": 28396,
    "sff": "2 weeks"
  },
  {
    "docID": "N034 Wilems 2015 26384702",
    "et": "Age",
    "off": 13975,
    "sff": "3D"
  },
  {
    "docID": "N034 Wilems 2015 26384702",
    "et": "Age",
    "off": 19907,
    "sff": "Two weeks"
  },
  {
    "docID": "N034 Wilems 2015 26384702",
    "et": "Age",
    "off": 23558,
    "sff": "2 weeks"
  },
  {
    "docID": "N034 Wilems 2015 26384702",
    "et": "Age",
    "off": 29359,
    "sff": "2D"
  },
  {
    "docID": "N034 Wilems 2015 26384702",
    "et": "Age",
    "off": 15226,
    "sff": "2 weeks"
  },
  {
    "docID": "N034 Wilems 2015 26384702",
    "et": "Age",
    "off": 40731,
    "sff": "2 week"
  },
  {
    "docID": "N034 Wilems 2015 26384702",
    "et": "Age",
    "off": 41854,
    "sff": "2 weeks"
  },
  {
    "docID": "N034 Wilems 2015 26384702",
    "et": "Age",
    "off": 10387,
    "sff": "2 days"
  },
  {
    "docID": "N034 Wilems 2015 26384702",
    "et": "Age",
    "off": 13893,
    "sff": "3D"
  },
  {
    "docID": "N034 Wilems 2015 26384702",
    "et": "Age",
    "off": 13193,
    "sff": "1 week"
  },
  {
    "docID": "N034 Wilems 2015 26384702",
    "et": "Age",
    "off": 17873,
    "sff": "3 days"
  },
  {
    "docID": "N034 Wilems 2015 26384702",
    "et": "Age",
    "off": 35476,
    "sff": "2 weeks"
  },
  {
    "docID": "N034 Wilems 2015 26384702",
    "et": "Age",
    "off": 11592,
    "sff": "2 days"
  },
  {
    "docID": "N034 Wilems 2015 26384702",
    "et": "Age",
    "off": 11334,
    "sff": "2 days"
  }
]
