[
  {
    "docID": "N035 Zhang 2013 24220426",
    "et": "Weight",
    "off": 8732,
    "sff": "50 Kg"
  },
  {
    "docID": "N035 Zhang 2013 24220426",
    "et": "RatModel",
    "off": 18741,
    "sff": "rat"
  },
  {
    "docID": "N035 Zhang 2013 24220426",
    "et": "RatModel",
    "off": 19046,
    "sff": "rat"
  },
  {
    "docID": "N035 Zhang 2013 24220426",
    "et": "RatModel",
    "off": 8263,
    "sff": "rat"
  },
  {
    "docID": "N035 Zhang 2013 24220426",
    "et": "RatModel",
    "off": 3400,
    "sff": "rat"
  },
  {
    "docID": "N035 Zhang 2013 24220426",
    "et": "RatModel",
    "off": 19547,
    "sff": "rat"
  },
  {
    "docID": "N035 Zhang 2013 24220426",
    "et": "RatModel",
    "off": 16590,
    "sff": "rat"
  },
  {
    "docID": "N035 Zhang 2013 24220426",
    "et": "RatModel",
    "off": 10740,
    "sff": "Rat"
  },
  {
    "docID": "N035 Zhang 2013 24220426",
    "et": "NewZealandRabbit",
    "off": 21057,
    "sff": "new"
  },
  {
    "docID": "N035 Zhang 2013 24220426",
    "et": "NewZealandRabbit",
    "off": 20692,
    "sff": "new"
  },
  {
    "docID": "N035 Zhang 2013 24220426",
    "et": "NewZealandRabbit",
    "off": 17314,
    "sff": "new"
  },
  {
    "docID": "N035 Zhang 2013 24220426",
    "et": "NewZealandRabbit",
    "off": 2486,
    "sff": "new"
  },
  {
    "docID": "N035 Zhang 2013 24220426",
    "et": "SpragueDawleyRat",
    "off": 6879,
    "sff": "Sprague-Dawley"
  },
  {
    "docID": "N035 Zhang 2013 24220426",
    "et": "SpragueDawleyRat",
    "off": 6879,
    "sff": "Sprague-Dawley rats"
  },
  {
    "docID": "N035 Zhang 2013 24220426",
    "et": "Mixed",
    "off": 6244,
    "sff": "mixed"
  },
  {
    "docID": "N035 Zhang 2013 24220426",
    "et": "MacaqueMonkey",
    "off": 19766,
    "sff": "macaque monkey"
  },
  {
    "docID": "N035 Zhang 2013 24220426",
    "et": "RatSpecies",
    "off": 10740,
    "sff": "Rat"
  },
  {
    "docID": "N035 Zhang 2013 24220426",
    "et": "RatSpecies",
    "off": 16590,
    "sff": "rat"
  },
  {
    "docID": "N035 Zhang 2013 24220426",
    "et": "RatSpecies",
    "off": 19547,
    "sff": "rat"
  },
  {
    "docID": "N035 Zhang 2013 24220426",
    "et": "RatSpecies",
    "off": 3400,
    "sff": "rat"
  },
  {
    "docID": "N035 Zhang 2013 24220426",
    "et": "RatSpecies",
    "off": 8263,
    "sff": "rat"
  },
  {
    "docID": "N035 Zhang 2013 24220426",
    "et": "RatSpecies",
    "off": 19046,
    "sff": "rat"
  },
  {
    "docID": "N035 Zhang 2013 24220426",
    "et": "RatSpecies",
    "off": 18741,
    "sff": "rat"
  },
  {
    "docID": "N035 Zhang 2013 24220426",
    "et": "Adult",
    "off": 19040,
    "sff": "adult"
  },
  {
    "docID": "N035 Zhang 2013 24220426",
    "et": "Adult",
    "off": 19760,
    "sff": "adult"
  },
  {
    "docID": "N035 Zhang 2013 24220426",
    "et": "Adult",
    "off": 18735,
    "sff": "adult"
  },
  {
    "docID": "N035 Zhang 2013 24220426",
    "et": "Adult",
    "off": 6873,
    "sff": "adult"
  },
  {
    "docID": "N035 Zhang 2013 24220426",
    "et": "MonkeyModel",
    "off": 19774,
    "sff": "monkey"
  },
  {
    "docID": "N035 Zhang 2013 24220426",
    "et": "Female",
    "off": 6866,
    "sff": "female"
  },
  {
    "docID": "N035 Zhang 2013 24220426",
    "et": "MonkeySpecies",
    "off": 19774,
    "sff": "monkey"
  },
  {
    "docID": "N035 Zhang 2013 24220426",
    "et": "Age",
    "off": 6542,
    "sff": "3 weeks"
  },
  {
    "docID": "N035 Zhang 2013 24220426",
    "et": "Age",
    "off": 12325,
    "sff": "5 weeks"
  },
  {
    "docID": "N035 Zhang 2013 24220426",
    "et": "Age",
    "off": 12260,
    "sff": "5 weeks"
  },
  {
    "docID": "N035 Zhang 2013 24220426",
    "et": "Age",
    "off": 10800,
    "sff": "1 to 2 days"
  },
  {
    "docID": "N035 Zhang 2013 24220426",
    "et": "Age",
    "off": 7391,
    "sff": "1 week"
  },
  {
    "docID": "N035 Zhang 2013 24220426",
    "et": "Age",
    "off": 7772,
    "sff": "1 day"
  }
]
