[
  {
    "docID": "N036 Shields 2008 18486695",
    "et": "Weight",
    "off": 9671,
    "sff": "0.5 mg = 5.15"
  },
  {
    "docID": "N036 Shields 2008 18486695",
    "et": "Weight",
    "off": 7106,
    "sff": "200-225 g"
  },
  {
    "docID": "N036 Shields 2008 18486695",
    "et": "RatModel",
    "off": 21397,
    "sff": "rat"
  },
  {
    "docID": "N036 Shields 2008 18486695",
    "et": "RatModel",
    "off": 4637,
    "sff": "rat"
  },
  {
    "docID": "N036 Shields 2008 18486695",
    "et": "RatModel",
    "off": 7549,
    "sff": "rat"
  },
  {
    "docID": "N036 Shields 2008 18486695",
    "et": "RatModel",
    "off": 9163,
    "sff": "rat"
  },
  {
    "docID": "N036 Shields 2008 18486695",
    "et": "RatModel",
    "off": 112,
    "sff": "rat"
  },
  {
    "docID": "N036 Shields 2008 18486695",
    "et": "RabbitSpecies",
    "off": 12093,
    "sff": "rabbit"
  },
  {
    "docID": "N036 Shields 2008 18486695",
    "et": "RabbitSpecies",
    "off": 12416,
    "sff": "rabbit"
  },
  {
    "docID": "N036 Shields 2008 18486695",
    "et": "RabbitSpecies",
    "off": 12496,
    "sff": "rabbit"
  },
  {
    "docID": "N036 Shields 2008 18486695",
    "et": "SpragueDawleyRat",
    "off": 832,
    "sff": "Sprague-Dawley"
  },
  {
    "docID": "N036 Shields 2008 18486695",
    "et": "SpragueDawleyRat",
    "off": 7085,
    "sff": "Sprague-Dawley rats"
  },
  {
    "docID": "N036 Shields 2008 18486695",
    "et": "SpragueDawleyRat",
    "off": 832,
    "sff": "Sprague-Dawley rats"
  },
  {
    "docID": "N036 Shields 2008 18486695",
    "et": "SpragueDawleyRat",
    "off": 7085,
    "sff": "Sprague-Dawley"
  },
  {
    "docID": "N036 Shields 2008 18486695",
    "et": "MouseModel",
    "off": 12005,
    "sff": "mouse"
  },
  {
    "docID": "N036 Shields 2008 18486695",
    "et": "RabbitModel",
    "off": 12416,
    "sff": "rabbit"
  },
  {
    "docID": "N036 Shields 2008 18486695",
    "et": "RabbitModel",
    "off": 12496,
    "sff": "rabbit"
  },
  {
    "docID": "N036 Shields 2008 18486695",
    "et": "RabbitModel",
    "off": 12093,
    "sff": "rabbit"
  },
  {
    "docID": "N036 Shields 2008 18486695",
    "et": "RatSpecies",
    "off": 9163,
    "sff": "rat"
  },
  {
    "docID": "N036 Shields 2008 18486695",
    "et": "RatSpecies",
    "off": 4637,
    "sff": "rat"
  },
  {
    "docID": "N036 Shields 2008 18486695",
    "et": "RatSpecies",
    "off": 7549,
    "sff": "rat"
  },
  {
    "docID": "N036 Shields 2008 18486695",
    "et": "RatSpecies",
    "off": 112,
    "sff": "rat"
  },
  {
    "docID": "N036 Shields 2008 18486695",
    "et": "RatSpecies",
    "off": 21397,
    "sff": "rat"
  },
  {
    "docID": "N036 Shields 2008 18486695",
    "et": "MouseSpecies",
    "off": 12005,
    "sff": "mouse"
  },
  {
    "docID": "N036 Shields 2008 18486695",
    "et": "Adult",
    "off": 4631,
    "sff": "adult"
  },
  {
    "docID": "N036 Shields 2008 18486695",
    "et": "Adult",
    "off": 3793,
    "sff": "mature"
  },
  {
    "docID": "N036 Shields 2008 18486695",
    "et": "Adult",
    "off": 4978,
    "sff": "adult"
  },
  {
    "docID": "N036 Shields 2008 18486695",
    "et": "Adult",
    "off": 3616,
    "sff": "adult"
  },
  {
    "docID": "N036 Shields 2008 18486695",
    "et": "Adult",
    "off": 7072,
    "sff": "adult"
  },
  {
    "docID": "N036 Shields 2008 18486695",
    "et": "LongEvansRat",
    "off": 8122,
    "sff": "long"
  },
  {
    "docID": "N036 Shields 2008 18486695",
    "et": "Female",
    "off": 7078,
    "sff": "female"
  },
  {
    "docID": "N036 Shields 2008 18486695",
    "et": "Age",
    "off": 16584,
    "sff": "5 weeks"
  },
  {
    "docID": "N036 Shields 2008 18486695",
    "et": "Age",
    "off": 17960,
    "sff": "5 weeks"
  },
  {
    "docID": "N036 Shields 2008 18486695",
    "et": "Age",
    "off": 20752,
    "sff": "4 weeks"
  },
  {
    "docID": "N036 Shields 2008 18486695",
    "et": "Age",
    "off": 10832,
    "sff": "Five weeks"
  },
  {
    "docID": "N036 Shields 2008 18486695",
    "et": "Age",
    "off": 20701,
    "sff": "2 weeks"
  },
  {
    "docID": "N036 Shields 2008 18486695",
    "et": "Age",
    "off": 20782,
    "sff": "2 months"
  },
  {
    "docID": "N036 Shields 2008 18486695",
    "et": "Age",
    "off": 17861,
    "sff": "2 days"
  },
  {
    "docID": "N036 Shields 2008 18486695",
    "et": "Age",
    "off": 18858,
    "sff": "3D"
  },
  {
    "docID": "N036 Shields 2008 18486695",
    "et": "Age",
    "off": 10288,
    "sff": "One week"
  },
  {
    "docID": "N036 Shields 2008 18486695",
    "et": "Age",
    "off": 10230,
    "sff": "5 weeks"
  },
  {
    "docID": "N036 Shields 2008 18486695",
    "et": "Age",
    "off": 18456,
    "sff": "Five weeks"
  },
  {
    "docID": "N036 Shields 2008 18486695",
    "et": "Age",
    "off": 18485,
    "sff": "2 weeks"
  }
]
