[
  {
    "docID": "N038 Garcia-Alias 2011 22159095",
    "et": "Weight",
    "off": 7758,
    "sff": "~200 g"
  },
  {
    "docID": "N038 Garcia-Alias 2011 22159095",
    "et": "Weight",
    "off": 35444,
    "sff": "3g"
  },
  {
    "docID": "N038 Garcia-Alias 2011 22159095",
    "et": "Weight",
    "off": 36146,
    "sff": "3g"
  },
  {
    "docID": "N038 Garcia-Alias 2011 22159095",
    "et": "Weight",
    "off": 19897,
    "sff": "500 g"
  },
  {
    "docID": "N038 Garcia-Alias 2011 22159095",
    "et": "RatModel",
    "off": 19774,
    "sff": "rat"
  },
  {
    "docID": "N038 Garcia-Alias 2011 22159095",
    "et": "RatModel",
    "off": 19870,
    "sff": "rat"
  },
  {
    "docID": "N038 Garcia-Alias 2011 22159095",
    "et": "RatModel",
    "off": 8575,
    "sff": "rat"
  },
  {
    "docID": "N038 Garcia-Alias 2011 22159095",
    "et": "RatModel",
    "off": 22214,
    "sff": "rat"
  },
  {
    "docID": "N038 Garcia-Alias 2011 22159095",
    "et": "RatModel",
    "off": 26137,
    "sff": "rat"
  },
  {
    "docID": "N038 Garcia-Alias 2011 22159095",
    "et": "RatModel",
    "off": 10406,
    "sff": "rat"
  },
  {
    "docID": "N038 Garcia-Alias 2011 22159095",
    "et": "NewZealandRabbit",
    "off": 3383,
    "sff": "New"
  },
  {
    "docID": "N038 Garcia-Alias 2011 22159095",
    "et": "NewZealandRabbit",
    "off": 614,
    "sff": "New"
  },
  {
    "docID": "N038 Garcia-Alias 2011 22159095",
    "et": "NewZealandRabbit",
    "off": 955,
    "sff": "New"
  },
  {
    "docID": "N038 Garcia-Alias 2011 22159095",
    "et": "NewZealandRabbit",
    "off": 497,
    "sff": "New"
  },
  {
    "docID": "N038 Garcia-Alias 2011 22159095",
    "et": "NewZealandRabbit",
    "off": 4596,
    "sff": "new"
  },
  {
    "docID": "N038 Garcia-Alias 2011 22159095",
    "et": "NewZealandRabbit",
    "off": 51108,
    "sff": "new"
  },
  {
    "docID": "N038 Garcia-Alias 2011 22159095",
    "et": "NewZealandRabbit",
    "off": 576,
    "sff": "New"
  },
  {
    "docID": "N038 Garcia-Alias 2011 22159095",
    "et": "NewZealandRabbit",
    "off": 3599,
    "sff": "New"
  },
  {
    "docID": "N038 Garcia-Alias 2011 22159095",
    "et": "NewZealandRabbit",
    "off": 7941,
    "sff": "New"
  },
  {
    "docID": "N038 Garcia-Alias 2011 22159095",
    "et": "NewZealandRabbit",
    "off": 50063,
    "sff": "new"
  },
  {
    "docID": "N038 Garcia-Alias 2011 22159095",
    "et": "SpragueDawleyRat",
    "off": 7736,
    "sff": "Sprague Dawley rats"
  },
  {
    "docID": "N038 Garcia-Alias 2011 22159095",
    "et": "SpragueDawleyRat",
    "off": 7736,
    "sff": "Sprague Dawley"
  },
  {
    "docID": "N038 Garcia-Alias 2011 22159095",
    "et": "MouseModel",
    "off": 10136,
    "sff": "mouse"
  },
  {
    "docID": "N038 Garcia-Alias 2011 22159095",
    "et": "RatSpecies",
    "off": 8575,
    "sff": "rat"
  },
  {
    "docID": "N038 Garcia-Alias 2011 22159095",
    "et": "RatSpecies",
    "off": 19774,
    "sff": "rat"
  },
  {
    "docID": "N038 Garcia-Alias 2011 22159095",
    "et": "RatSpecies",
    "off": 19870,
    "sff": "rat"
  },
  {
    "docID": "N038 Garcia-Alias 2011 22159095",
    "et": "RatSpecies",
    "off": 10406,
    "sff": "rat"
  },
  {
    "docID": "N038 Garcia-Alias 2011 22159095",
    "et": "RatSpecies",
    "off": 22214,
    "sff": "rat"
  },
  {
    "docID": "N038 Garcia-Alias 2011 22159095",
    "et": "RatSpecies",
    "off": 26137,
    "sff": "rat"
  },
  {
    "docID": "N038 Garcia-Alias 2011 22159095",
    "et": "MouseSpecies",
    "off": 10136,
    "sff": "mouse"
  },
  {
    "docID": "N038 Garcia-Alias 2011 22159095",
    "et": "Adult",
    "off": 7723,
    "sff": "adult"
  },
  {
    "docID": "N038 Garcia-Alias 2011 22159095",
    "et": "Adult",
    "off": 54235,
    "sff": "adult"
  },
  {
    "docID": "N038 Garcia-Alias 2011 22159095",
    "et": "Adult",
    "off": 1377,
    "sff": "adult"
  },
  {
    "docID": "N038 Garcia-Alias 2011 22159095",
    "et": "Adult",
    "off": 1457,
    "sff": "adult"
  },
  {
    "docID": "N038 Garcia-Alias 2011 22159095",
    "et": "Adult",
    "off": 55729,
    "sff": "adult"
  },
  {
    "docID": "N038 Garcia-Alias 2011 22159095",
    "et": "Adult",
    "off": 7184,
    "sff": "adult"
  },
  {
    "docID": "N038 Garcia-Alias 2011 22159095",
    "et": "Adult",
    "off": 6934,
    "sff": "adult"
  },
  {
    "docID": "N038 Garcia-Alias 2011 22159095",
    "et": "LongEvansRat",
    "off": 40103,
    "sff": "long"
  },
  {
    "docID": "N038 Garcia-Alias 2011 22159095",
    "et": "LongEvansRat",
    "off": 17676,
    "sff": "long"
  },
  {
    "docID": "N038 Garcia-Alias 2011 22159095",
    "et": "LongEvansRat",
    "off": 40297,
    "sff": "long"
  },
  {
    "docID": "N038 Garcia-Alias 2011 22159095",
    "et": "LongEvansRat",
    "off": 48841,
    "sff": "long"
  },
  {
    "docID": "N038 Garcia-Alias 2011 22159095",
    "et": "LongEvansRat",
    "off": 13915,
    "sff": "long"
  },
  {
    "docID": "N038 Garcia-Alias 2011 22159095",
    "et": "LongEvansRat",
    "off": 32382,
    "sff": "long"
  },
  {
    "docID": "N038 Garcia-Alias 2011 22159095",
    "et": "LongEvansRat",
    "off": 39057,
    "sff": "long"
  },
  {
    "docID": "N038 Garcia-Alias 2011 22159095",
    "et": "Female",
    "off": 7729,
    "sff": "female"
  },
  {
    "docID": "N038 Garcia-Alias 2011 22159095",
    "et": "Age",
    "off": 34294,
    "sff": "2 weeks"
  },
  {
    "docID": "N038 Garcia-Alias 2011 22159095",
    "et": "Age",
    "off": 34844,
    "sff": "Four days"
  },
  {
    "docID": "N038 Garcia-Alias 2011 22159095",
    "et": "Age",
    "off": 35247,
    "sff": "3d"
  },
  {
    "docID": "N038 Garcia-Alias 2011 22159095",
    "et": "Age",
    "off": 23803,
    "sff": "Two weeks"
  },
  {
    "docID": "N038 Garcia-Alias 2011 22159095",
    "et": "Age",
    "off": 15386,
    "sff": "6–8 weeks"
  },
  {
    "docID": "N038 Garcia-Alias 2011 22159095",
    "et": "Age",
    "off": 32917,
    "sff": "Two months"
  },
  {
    "docID": "N038 Garcia-Alias 2011 22159095",
    "et": "Age",
    "off": 13015,
    "sff": "7 d"
  },
  {
    "docID": "N038 Garcia-Alias 2011 22159095",
    "et": "Age",
    "off": 36699,
    "sff": "Seven days"
  },
  {
    "docID": "N038 Garcia-Alias 2011 22159095",
    "et": "Age",
    "off": 23830,
    "sff": "4 weeks"
  },
  {
    "docID": "N038 Garcia-Alias 2011 22159095",
    "et": "Age",
    "off": 28900,
    "sff": "42 d"
  },
  {
    "docID": "N038 Garcia-Alias 2011 22159095",
    "et": "Age",
    "off": 51420,
    "sff": "2 weeks"
  },
  {
    "docID": "N038 Garcia-Alias 2011 22159095",
    "et": "Age",
    "off": 26826,
    "sff": "3 weeks"
  },
  {
    "docID": "N038 Garcia-Alias 2011 22159095",
    "et": "Age",
    "off": 15506,
    "sff": "8-week"
  },
  {
    "docID": "N038 Garcia-Alias 2011 22159095",
    "et": "Age",
    "off": 37775,
    "sff": "6–8 weeks"
  },
  {
    "docID": "N038 Garcia-Alias 2011 22159095",
    "et": "Age",
    "off": 16141,
    "sff": "3 weeks"
  },
  {
    "docID": "N038 Garcia-Alias 2011 22159095",
    "et": "Age",
    "off": 33551,
    "sff": "3 weeks"
  },
  {
    "docID": "N038 Garcia-Alias 2011 22159095",
    "et": "Age",
    "off": 16762,
    "sff": "1 day"
  },
  {
    "docID": "N038 Garcia-Alias 2011 22159095",
    "et": "Age",
    "off": 39393,
    "sff": "Six to 8 weeks"
  },
  {
    "docID": "N038 Garcia-Alias 2011 22159095",
    "et": "Age",
    "off": 54324,
    "sff": "5d"
  }
]
