[
  {
    "docID": "N041 Alluin 2014 25350665",
    "et": "Weight",
    "off": 57952,
    "sff": "6G"
  },
  {
    "docID": "N041 Alluin 2014 25350665",
    "et": "Weight",
    "off": 58030,
    "sff": "6G"
  },
  {
    "docID": "N041 Alluin 2014 25350665",
    "et": "Weight",
    "off": 57492,
    "sff": "6G"
  },
  {
    "docID": "N041 Alluin 2014 25350665",
    "et": "Weight",
    "off": 57593,
    "sff": "6G"
  },
  {
    "docID": "N041 Alluin 2014 25350665",
    "et": "Weight",
    "off": 14713,
    "sff": "23.8 g"
  },
  {
    "docID": "N041 Alluin 2014 25350665",
    "et": "Weight",
    "off": 10827,
    "sff": "250-275 g"
  },
  {
    "docID": "N041 Alluin 2014 25350665",
    "et": "Weight",
    "off": 57421,
    "sff": "6G"
  },
  {
    "docID": "N041 Alluin 2014 25350665",
    "et": "Weight",
    "off": 52089,
    "sff": "5G"
  },
  {
    "docID": "N041 Alluin 2014 25350665",
    "et": "RatModel",
    "off": 18922,
    "sff": "rat"
  },
  {
    "docID": "N041 Alluin 2014 25350665",
    "et": "RatModel",
    "off": 24106,
    "sff": "rat"
  },
  {
    "docID": "N041 Alluin 2014 25350665",
    "et": "RatModel",
    "off": 89451,
    "sff": "rat"
  },
  {
    "docID": "N041 Alluin 2014 25350665",
    "et": "RatModel",
    "off": 94443,
    "sff": "rat"
  },
  {
    "docID": "N041 Alluin 2014 25350665",
    "et": "RatModel",
    "off": 94635,
    "sff": "rat"
  },
  {
    "docID": "N041 Alluin 2014 25350665",
    "et": "RatModel",
    "off": 16031,
    "sff": "rat"
  },
  {
    "docID": "N041 Alluin 2014 25350665",
    "et": "RatModel",
    "off": 13470,
    "sff": "rat"
  },
  {
    "docID": "N041 Alluin 2014 25350665",
    "et": "RatModel",
    "off": 88684,
    "sff": "rat"
  },
  {
    "docID": "N041 Alluin 2014 25350665",
    "et": "RatModel",
    "off": 74867,
    "sff": "rat"
  },
  {
    "docID": "N041 Alluin 2014 25350665",
    "et": "RatModel",
    "off": 15412,
    "sff": "rat"
  },
  {
    "docID": "N041 Alluin 2014 25350665",
    "et": "RatModel",
    "off": 78615,
    "sff": "rat"
  },
  {
    "docID": "N041 Alluin 2014 25350665",
    "et": "RatModel",
    "off": 15694,
    "sff": "Rat"
  },
  {
    "docID": "N041 Alluin 2014 25350665",
    "et": "RatModel",
    "off": 22172,
    "sff": "rat"
  },
  {
    "docID": "N041 Alluin 2014 25350665",
    "et": "RatModel",
    "off": 19166,
    "sff": "rat"
  },
  {
    "docID": "N041 Alluin 2014 25350665",
    "et": "RatModel",
    "off": 19615,
    "sff": "rat"
  },
  {
    "docID": "N041 Alluin 2014 25350665",
    "et": "RatModel",
    "off": 12163,
    "sff": "rat"
  },
  {
    "docID": "N041 Alluin 2014 25350665",
    "et": "RatModel",
    "off": 31628,
    "sff": "rat"
  },
  {
    "docID": "N041 Alluin 2014 25350665",
    "et": "RatModel",
    "off": 15608,
    "sff": "rat"
  },
  {
    "docID": "N041 Alluin 2014 25350665",
    "et": "RatModel",
    "off": 25557,
    "sff": "rat"
  },
  {
    "docID": "N041 Alluin 2014 25350665",
    "et": "RatModel",
    "off": 18232,
    "sff": "rat"
  },
  {
    "docID": "N041 Alluin 2014 25350665",
    "et": "RatModel",
    "off": 12172,
    "sff": "rat"
  },
  {
    "docID": "N041 Alluin 2014 25350665",
    "et": "RatModel",
    "off": 19839,
    "sff": "rat"
  },
  {
    "docID": "N041 Alluin 2014 25350665",
    "et": "RatModel",
    "off": 21824,
    "sff": "rat"
  },
  {
    "docID": "N041 Alluin 2014 25350665",
    "et": "RatModel",
    "off": 18755,
    "sff": "rat"
  },
  {
    "docID": "N041 Alluin 2014 25350665",
    "et": "RatModel",
    "off": 88450,
    "sff": "rat"
  },
  {
    "docID": "N041 Alluin 2014 25350665",
    "et": "RatModel",
    "off": 21892,
    "sff": "rat"
  },
  {
    "docID": "N041 Alluin 2014 25350665",
    "et": "NewZealandRabbit",
    "off": 72469,
    "sff": "new"
  },
  {
    "docID": "N041 Alluin 2014 25350665",
    "et": "RabbitSpecies",
    "off": 25929,
    "sff": "rabbit"
  },
  {
    "docID": "N041 Alluin 2014 25350665",
    "et": "RabbitSpecies",
    "off": 27848,
    "sff": "rabbit"
  },
  {
    "docID": "N041 Alluin 2014 25350665",
    "et": "RabbitSpecies",
    "off": 24341,
    "sff": "rabbit"
  },
  {
    "docID": "N041 Alluin 2014 25350665",
    "et": "MouseModel",
    "off": 26128,
    "sff": "mouse"
  },
  {
    "docID": "N041 Alluin 2014 25350665",
    "et": "MouseModel",
    "off": 25981,
    "sff": "mouse"
  },
  {
    "docID": "N041 Alluin 2014 25350665",
    "et": "MouseModel",
    "off": 95410,
    "sff": "mouse"
  },
  {
    "docID": "N041 Alluin 2014 25350665",
    "et": "RabbitModel",
    "off": 25929,
    "sff": "rabbit"
  },
  {
    "docID": "N041 Alluin 2014 25350665",
    "et": "RabbitModel",
    "off": 27848,
    "sff": "rabbit"
  },
  {
    "docID": "N041 Alluin 2014 25350665",
    "et": "RabbitModel",
    "off": 24341,
    "sff": "rabbit"
  },
  {
    "docID": "N041 Alluin 2014 25350665",
    "et": "WistarRat",
    "off": 10814,
    "sff": "Wistar rats"
  },
  {
    "docID": "N041 Alluin 2014 25350665",
    "et": "WistarRat",
    "off": 10814,
    "sff": "Wistar"
  },
  {
    "docID": "N041 Alluin 2014 25350665",
    "et": "RatSpecies",
    "off": 12163,
    "sff": "rat"
  },
  {
    "docID": "N041 Alluin 2014 25350665",
    "et": "RatSpecies",
    "off": 18755,
    "sff": "rat"
  },
  {
    "docID": "N041 Alluin 2014 25350665",
    "et": "RatSpecies",
    "off": 21892,
    "sff": "rat"
  },
  {
    "docID": "N041 Alluin 2014 25350665",
    "et": "RatSpecies",
    "off": 88450,
    "sff": "rat"
  },
  {
    "docID": "N041 Alluin 2014 25350665",
    "et": "RatSpecies",
    "off": 19839,
    "sff": "rat"
  },
  {
    "docID": "N041 Alluin 2014 25350665",
    "et": "RatSpecies",
    "off": 21824,
    "sff": "rat"
  },
  {
    "docID": "N041 Alluin 2014 25350665",
    "et": "RatSpecies",
    "off": 15608,
    "sff": "rat"
  },
  {
    "docID": "N041 Alluin 2014 25350665",
    "et": "RatSpecies",
    "off": 18232,
    "sff": "rat"
  },
  {
    "docID": "N041 Alluin 2014 25350665",
    "et": "RatSpecies",
    "off": 15412,
    "sff": "rat"
  },
  {
    "docID": "N041 Alluin 2014 25350665",
    "et": "RatSpecies",
    "off": 74867,
    "sff": "rat"
  },
  {
    "docID": "N041 Alluin 2014 25350665",
    "et": "RatSpecies",
    "off": 88684,
    "sff": "rat"
  },
  {
    "docID": "N041 Alluin 2014 25350665",
    "et": "RatSpecies",
    "off": 89451,
    "sff": "rat"
  },
  {
    "docID": "N041 Alluin 2014 25350665",
    "et": "RatSpecies",
    "off": 94443,
    "sff": "rat"
  },
  {
    "docID": "N041 Alluin 2014 25350665",
    "et": "RatSpecies",
    "off": 94635,
    "sff": "rat"
  },
  {
    "docID": "N041 Alluin 2014 25350665",
    "et": "RatSpecies",
    "off": 15694,
    "sff": "Rat"
  },
  {
    "docID": "N041 Alluin 2014 25350665",
    "et": "RatSpecies",
    "off": 18922,
    "sff": "rat"
  },
  {
    "docID": "N041 Alluin 2014 25350665",
    "et": "RatSpecies",
    "off": 24106,
    "sff": "rat"
  },
  {
    "docID": "N041 Alluin 2014 25350665",
    "et": "RatSpecies",
    "off": 16031,
    "sff": "rat"
  },
  {
    "docID": "N041 Alluin 2014 25350665",
    "et": "RatSpecies",
    "off": 19615,
    "sff": "rat"
  },
  {
    "docID": "N041 Alluin 2014 25350665",
    "et": "RatSpecies",
    "off": 13470,
    "sff": "rat"
  },
  {
    "docID": "N041 Alluin 2014 25350665",
    "et": "RatSpecies",
    "off": 19166,
    "sff": "rat"
  },
  {
    "docID": "N041 Alluin 2014 25350665",
    "et": "RatSpecies",
    "off": 22172,
    "sff": "rat"
  },
  {
    "docID": "N041 Alluin 2014 25350665",
    "et": "RatSpecies",
    "off": 78615,
    "sff": "rat"
  },
  {
    "docID": "N041 Alluin 2014 25350665",
    "et": "RatSpecies",
    "off": 25557,
    "sff": "rat"
  },
  {
    "docID": "N041 Alluin 2014 25350665",
    "et": "RatSpecies",
    "off": 12172,
    "sff": "rat"
  },
  {
    "docID": "N041 Alluin 2014 25350665",
    "et": "RatSpecies",
    "off": 31628,
    "sff": "rat"
  },
  {
    "docID": "N041 Alluin 2014 25350665",
    "et": "MouseSpecies",
    "off": 95410,
    "sff": "mouse"
  },
  {
    "docID": "N041 Alluin 2014 25350665",
    "et": "MouseSpecies",
    "off": 25981,
    "sff": "mouse"
  },
  {
    "docID": "N041 Alluin 2014 25350665",
    "et": "MouseSpecies",
    "off": 26128,
    "sff": "mouse"
  },
  {
    "docID": "N041 Alluin 2014 25350665",
    "et": "HartleyGuineaPig",
    "off": 92075,
    "sff": "Hartley"
  },
  {
    "docID": "N041 Alluin 2014 25350665",
    "et": "CatSpecies",
    "off": 90061,
    "sff": "cat"
  },
  {
    "docID": "N041 Alluin 2014 25350665",
    "et": "Adult",
    "off": 94178,
    "sff": "Adult"
  },
  {
    "docID": "N041 Alluin 2014 25350665",
    "et": "Adult",
    "off": 10801,
    "sff": "adult"
  },
  {
    "docID": "N041 Alluin 2014 25350665",
    "et": "Adult",
    "off": 82738,
    "sff": "adult"
  },
  {
    "docID": "N041 Alluin 2014 25350665",
    "et": "Adult",
    "off": 53440,
    "sff": "adult"
  },
  {
    "docID": "N041 Alluin 2014 25350665",
    "et": "Adult",
    "off": 87873,
    "sff": "adult"
  },
  {
    "docID": "N041 Alluin 2014 25350665",
    "et": "Adult",
    "off": 89445,
    "sff": "adult"
  },
  {
    "docID": "N041 Alluin 2014 25350665",
    "et": "Adult",
    "off": 85838,
    "sff": "Adult"
  },
  {
    "docID": "N041 Alluin 2014 25350665",
    "et": "LongEvansRat",
    "off": 18681,
    "sff": "long"
  },
  {
    "docID": "N041 Alluin 2014 25350665",
    "et": "LongEvansRat",
    "off": 51059,
    "sff": "long"
  },
  {
    "docID": "N041 Alluin 2014 25350665",
    "et": "CatModel",
    "off": 90061,
    "sff": "cat"
  },
  {
    "docID": "N041 Alluin 2014 25350665",
    "et": "Female",
    "off": 10807,
    "sff": "female"
  },
  {
    "docID": "N041 Alluin 2014 25350665",
    "et": "Age",
    "off": 40015,
    "sff": "7 weeks"
  },
  {
    "docID": "N041 Alluin 2014 25350665",
    "et": "Age",
    "off": 17998,
    "sff": "7 weeks"
  },
  {
    "docID": "N041 Alluin 2014 25350665",
    "et": "Age",
    "off": 16400,
    "sff": "6 weeks"
  },
  {
    "docID": "N041 Alluin 2014 25350665",
    "et": "Age",
    "off": 60425,
    "sff": "4 weeks"
  },
  {
    "docID": "N041 Alluin 2014 25350665",
    "et": "Age",
    "off": 14368,
    "sff": "1 week"
  },
  {
    "docID": "N041 Alluin 2014 25350665",
    "et": "Age",
    "off": 64514,
    "sff": "7-week"
  },
  {
    "docID": "N041 Alluin 2014 25350665",
    "et": "Age",
    "off": 9475,
    "sff": "7-week"
  },
  {
    "docID": "N041 Alluin 2014 25350665",
    "et": "Age",
    "off": 56936,
    "sff": "6D"
  },
  {
    "docID": "N041 Alluin 2014 25350665",
    "et": "Age",
    "off": 42711,
    "sff": "7 weeks"
  },
  {
    "docID": "N041 Alluin 2014 25350665",
    "et": "Age",
    "off": 62676,
    "sff": "9D"
  },
  {
    "docID": "N041 Alluin 2014 25350665",
    "et": "Age",
    "off": 12233,
    "sff": "Four days"
  },
  {
    "docID": "N041 Alluin 2014 25350665",
    "et": "Age",
    "off": 2413,
    "sff": "7-week"
  },
  {
    "docID": "N041 Alluin 2014 25350665",
    "et": "Age",
    "off": 12098,
    "sff": "three-week"
  },
  {
    "docID": "N041 Alluin 2014 25350665",
    "et": "Age",
    "off": 68991,
    "sff": "7 week"
  },
  {
    "docID": "N041 Alluin 2014 25350665",
    "et": "Age",
    "off": 17989,
    "sff": "1 day"
  },
  {
    "docID": "N041 Alluin 2014 25350665",
    "et": "Age",
    "off": 19260,
    "sff": "7 weeks"
  },
  {
    "docID": "N041 Alluin 2014 25350665",
    "et": "Age",
    "off": 11873,
    "sff": "one-week"
  },
  {
    "docID": "N041 Alluin 2014 25350665",
    "et": "Age",
    "off": 13337,
    "sff": "three weeks"
  },
  {
    "docID": "N041 Alluin 2014 25350665",
    "et": "Age",
    "off": 16390,
    "sff": "3 days"
  },
  {
    "docID": "N041 Alluin 2014 25350665",
    "et": "Age",
    "off": 11519,
    "sff": "14 days"
  },
  {
    "docID": "N041 Alluin 2014 25350665",
    "et": "Age",
    "off": 16352,
    "sff": "one week"
  },
  {
    "docID": "N041 Alluin 2014 25350665",
    "et": "Age",
    "off": 18057,
    "sff": "5 days"
  },
  {
    "docID": "N041 Alluin 2014 25350665",
    "et": "Age",
    "off": 56476,
    "sff": "6D"
  },
  {
    "docID": "N041 Alluin 2014 25350665",
    "et": "Age",
    "off": 60745,
    "sff": "3 weeks"
  },
  {
    "docID": "N041 Alluin 2014 25350665",
    "et": "Age",
    "off": 32974,
    "sff": "seven weeks"
  },
  {
    "docID": "N041 Alluin 2014 25350665",
    "et": "Age",
    "off": 39858,
    "sff": "7 weeks"
  },
  {
    "docID": "N041 Alluin 2014 25350665",
    "et": "Age",
    "off": 16831,
    "sff": "Two weeks"
  },
  {
    "docID": "N041 Alluin 2014 25350665",
    "et": "Age",
    "off": 59712,
    "sff": "Two weeks"
  },
  {
    "docID": "N041 Alluin 2014 25350665",
    "et": "Age",
    "off": 68329,
    "sff": "14 weeks"
  },
  {
    "docID": "N041 Alluin 2014 25350665",
    "et": "Age",
    "off": 58006,
    "sff": "7 weeks"
  },
  {
    "docID": "N041 Alluin 2014 25350665",
    "et": "Age",
    "off": 2376,
    "sff": "4 weeks"
  },
  {
    "docID": "N041 Alluin 2014 25350665",
    "et": "Age",
    "off": 59392,
    "sff": "7 weeks"
  },
  {
    "docID": "N041 Alluin 2014 25350665",
    "et": "Age",
    "off": 16514,
    "sff": "one-week"
  },
  {
    "docID": "N041 Alluin 2014 25350665",
    "et": "Age",
    "off": 56324,
    "sff": "7 weeks"
  },
  {
    "docID": "N041 Alluin 2014 25350665",
    "et": "Age",
    "off": 39065,
    "sff": "7 weeks"
  },
  {
    "docID": "N041 Alluin 2014 25350665",
    "et": "Age",
    "off": 66995,
    "sff": "7-week"
  },
  {
    "docID": "N041 Alluin 2014 25350665",
    "et": "Age",
    "off": 59910,
    "sff": "Three weeks"
  },
  {
    "docID": "N041 Alluin 2014 25350665",
    "et": "Age",
    "off": 53805,
    "sff": "7-week"
  },
  {
    "docID": "N041 Alluin 2014 25350665",
    "et": "Age",
    "off": 64248,
    "sff": "3-4 weeks"
  },
  {
    "docID": "N041 Alluin 2014 25350665",
    "et": "Age",
    "off": 15644,
    "sff": "seven days"
  },
  {
    "docID": "N041 Alluin 2014 25350665",
    "et": "Age",
    "off": 12009,
    "sff": "three weeks"
  },
  {
    "docID": "N041 Alluin 2014 25350665",
    "et": "Age",
    "off": 61109,
    "sff": "Four weeks"
  },
  {
    "docID": "N041 Alluin 2014 25350665",
    "et": "Age",
    "off": 65427,
    "sff": "one week"
  },
  {
    "docID": "N041 Alluin 2014 25350665",
    "et": "Age",
    "off": 56827,
    "sff": "7 weeks"
  },
  {
    "docID": "N041 Alluin 2014 25350665",
    "et": "Age",
    "off": 71737,
    "sff": "3 day"
  },
  {
    "docID": "N041 Alluin 2014 25350665",
    "et": "Age",
    "off": 12770,
    "sff": "7 weeks"
  },
  {
    "docID": "N041 Alluin 2014 25350665",
    "et": "Age",
    "off": 60222,
    "sff": "Four weeks"
  },
  {
    "docID": "N041 Alluin 2014 25350665",
    "et": "Age",
    "off": 37728,
    "sff": "7 weeks"
  },
  {
    "docID": "N041 Alluin 2014 25350665",
    "et": "Age",
    "off": 73184,
    "sff": "7 weeks"
  },
  {
    "docID": "N041 Alluin 2014 25350665",
    "et": "Age",
    "off": 79297,
    "sff": "2-3 weeks"
  },
  {
    "docID": "N041 Alluin 2014 25350665",
    "et": "Age",
    "off": 12720,
    "sff": "2-3 days"
  },
  {
    "docID": "N041 Alluin 2014 25350665",
    "et": "Age",
    "off": 17702,
    "sff": "two weeks"
  },
  {
    "docID": "N041 Alluin 2014 25350665",
    "et": "Age",
    "off": 57193,
    "sff": "7 weeks"
  }
]
