[
  {
    "docID": "N042 Huang 2010 20079803",
    "et": "Weight",
    "off": 5374,
    "sff": "250-300 g"
  },
  {
    "docID": "N042 Huang 2010 20079803",
    "et": "RatModel",
    "off": 19954,
    "sff": "rat"
  },
  {
    "docID": "N042 Huang 2010 20079803",
    "et": "RatModel",
    "off": 13507,
    "sff": "rat"
  },
  {
    "docID": "N042 Huang 2010 20079803",
    "et": "RatModel",
    "off": 22932,
    "sff": "rat"
  },
  {
    "docID": "N042 Huang 2010 20079803",
    "et": "RatModel",
    "off": 5337,
    "sff": "rat"
  },
  {
    "docID": "N042 Huang 2010 20079803",
    "et": "RatSpecies",
    "off": 19954,
    "sff": "rat"
  },
  {
    "docID": "N042 Huang 2010 20079803",
    "et": "RatSpecies",
    "off": 13507,
    "sff": "rat"
  },
  {
    "docID": "N042 Huang 2010 20079803",
    "et": "RatSpecies",
    "off": 22932,
    "sff": "rat"
  },
  {
    "docID": "N042 Huang 2010 20079803",
    "et": "RatSpecies",
    "off": 5337,
    "sff": "rat"
  },
  {
    "docID": "N042 Huang 2010 20079803",
    "et": "Adult",
    "off": 7491,
    "sff": "mature"
  },
  {
    "docID": "N042 Huang 2010 20079803",
    "et": "Adult",
    "off": 245,
    "sff": "adult"
  },
  {
    "docID": "N042 Huang 2010 20079803",
    "et": "Adult",
    "off": 5331,
    "sff": "adult"
  },
  {
    "docID": "N042 Huang 2010 20079803",
    "et": "Adult",
    "off": 15044,
    "sff": "mature"
  },
  {
    "docID": "N042 Huang 2010 20079803",
    "et": "Adult",
    "off": 10606,
    "sff": "mature"
  },
  {
    "docID": "N042 Huang 2010 20079803",
    "et": "Adult",
    "off": 24410,
    "sff": "adult"
  },
  {
    "docID": "N042 Huang 2010 20079803",
    "et": "LongEvansRat",
    "off": 17457,
    "sff": "long"
  },
  {
    "docID": "N042 Huang 2010 20079803",
    "et": "Age",
    "off": 9903,
    "sff": "8 weeks"
  },
  {
    "docID": "N042 Huang 2010 20079803",
    "et": "Age",
    "off": 11898,
    "sff": "2 weeks"
  },
  {
    "docID": "N042 Huang 2010 20079803",
    "et": "Age",
    "off": 12502,
    "sff": "1 week"
  },
  {
    "docID": "N042 Huang 2010 20079803",
    "et": "Age",
    "off": 6380,
    "sff": "7 days"
  },
  {
    "docID": "N042 Huang 2010 20079803",
    "et": "Age",
    "off": 9034,
    "sff": "8 weeks"
  },
  {
    "docID": "N042 Huang 2010 20079803",
    "et": "Age",
    "off": 5587,
    "sff": "5-7 days"
  },
  {
    "docID": "N042 Huang 2010 20079803",
    "et": "Age",
    "off": 17485,
    "sff": "8 weeks"
  },
  {
    "docID": "N042 Huang 2010 20079803",
    "et": "Age",
    "off": 12215,
    "sff": "8-week"
  },
  {
    "docID": "N042 Huang 2010 20079803",
    "et": "Age",
    "off": 9472,
    "sff": "2D"
  },
  {
    "docID": "N042 Huang 2010 20079803",
    "et": "Age",
    "off": 5924,
    "sff": "2 weeks"
  },
  {
    "docID": "N042 Huang 2010 20079803",
    "et": "Age",
    "off": 18669,
    "sff": "7 days"
  },
  {
    "docID": "N042 Huang 2010 20079803",
    "et": "Age",
    "off": 16219,
    "sff": "3-5 days"
  },
  {
    "docID": "N042 Huang 2010 20079803",
    "et": "Age",
    "off": 6368,
    "sff": "2 days"
  },
  {
    "docID": "N042 Huang 2010 20079803",
    "et": "Age",
    "off": 19045,
    "sff": "8 weeks"
  },
  {
    "docID": "N042 Huang 2010 20079803",
    "et": "Age",
    "off": 16345,
    "sff": "2-3 days"
  },
  {
    "docID": "N042 Huang 2010 20079803",
    "et": "Age",
    "off": 12762,
    "sff": "5 days"
  },
  {
    "docID": "N042 Huang 2010 20079803",
    "et": "Age",
    "off": 12580,
    "sff": "One week"
  },
  {
    "docID": "N042 Huang 2010 20079803",
    "et": "Age",
    "off": 18549,
    "sff": "7 days"
  },
  {
    "docID": "N042 Huang 2010 20079803",
    "et": "Age",
    "off": 7997,
    "sff": "8 weeks"
  }
]
