[
  {
    "docID": "N043 Massey 2008 17540369",
    "et": "Weight",
    "off": 13974,
    "sff": "30-G"
  },
  {
    "docID": "N043 Massey 2008 17540369",
    "et": "Weight",
    "off": 43647,
    "sff": "3G"
  },
  {
    "docID": "N043 Massey 2008 17540369",
    "et": "Weight",
    "off": 7800,
    "sff": "275-350 g"
  },
  {
    "docID": "N043 Massey 2008 17540369",
    "et": "RatModel",
    "off": 43916,
    "sff": "rat"
  },
  {
    "docID": "N043 Massey 2008 17540369",
    "et": "RatModel",
    "off": 86541,
    "sff": "rat"
  },
  {
    "docID": "N043 Massey 2008 17540369",
    "et": "RatModel",
    "off": 86348,
    "sff": "rat"
  },
  {
    "docID": "N043 Massey 2008 17540369",
    "et": "RatModel",
    "off": 74634,
    "sff": "rat"
  },
  {
    "docID": "N043 Massey 2008 17540369",
    "et": "RatModel",
    "off": 74436,
    "sff": "rat"
  },
  {
    "docID": "N043 Massey 2008 17540369",
    "et": "RatModel",
    "off": 89159,
    "sff": "rat"
  },
  {
    "docID": "N043 Massey 2008 17540369",
    "et": "RatModel",
    "off": 89825,
    "sff": "rat"
  },
  {
    "docID": "N043 Massey 2008 17540369",
    "et": "RatModel",
    "off": 78688,
    "sff": "rat"
  },
  {
    "docID": "N043 Massey 2008 17540369",
    "et": "RatModel",
    "off": 52515,
    "sff": "rat"
  },
  {
    "docID": "N043 Massey 2008 17540369",
    "et": "RatModel",
    "off": 6620,
    "sff": "rat"
  },
  {
    "docID": "N043 Massey 2008 17540369",
    "et": "RatModel",
    "off": 89372,
    "sff": "rat"
  },
  {
    "docID": "N043 Massey 2008 17540369",
    "et": "RatModel",
    "off": 15961,
    "sff": "rat"
  },
  {
    "docID": "N043 Massey 2008 17540369",
    "et": "RatModel",
    "off": 86680,
    "sff": "rat"
  },
  {
    "docID": "N043 Massey 2008 17540369",
    "et": "RatModel",
    "off": 10202,
    "sff": "rat"
  },
  {
    "docID": "N043 Massey 2008 17540369",
    "et": "RatModel",
    "off": 10587,
    "sff": "rat"
  },
  {
    "docID": "N043 Massey 2008 17540369",
    "et": "RatModel",
    "off": 82906,
    "sff": "rat"
  },
  {
    "docID": "N043 Massey 2008 17540369",
    "et": "RatModel",
    "off": 93850,
    "sff": "rat"
  },
  {
    "docID": "N043 Massey 2008 17540369",
    "et": "RatModel",
    "off": 1940,
    "sff": "rat"
  },
  {
    "docID": "N043 Massey 2008 17540369",
    "et": "RatModel",
    "off": 82197,
    "sff": "rat"
  },
  {
    "docID": "N043 Massey 2008 17540369",
    "et": "RatModel",
    "off": 76372,
    "sff": "rat"
  },
  {
    "docID": "N043 Massey 2008 17540369",
    "et": "RatModel",
    "off": 24241,
    "sff": "rat"
  },
  {
    "docID": "N043 Massey 2008 17540369",
    "et": "RatModel",
    "off": 82352,
    "sff": "rat"
  },
  {
    "docID": "N043 Massey 2008 17540369",
    "et": "RatModel",
    "off": 74799,
    "sff": "rat"
  },
  {
    "docID": "N043 Massey 2008 17540369",
    "et": "RatModel",
    "off": 36079,
    "sff": "rat"
  },
  {
    "docID": "N043 Massey 2008 17540369",
    "et": "RatModel",
    "off": 2728,
    "sff": "rat"
  },
  {
    "docID": "N043 Massey 2008 17540369",
    "et": "RatModel",
    "off": 10794,
    "sff": "rat"
  },
  {
    "docID": "N043 Massey 2008 17540369",
    "et": "RatModel",
    "off": 35556,
    "sff": "rat"
  },
  {
    "docID": "N043 Massey 2008 17540369",
    "et": "RatModel",
    "off": 73509,
    "sff": "rat"
  },
  {
    "docID": "N043 Massey 2008 17540369",
    "et": "RatModel",
    "off": 76197,
    "sff": "rat"
  },
  {
    "docID": "N043 Massey 2008 17540369",
    "et": "RatModel",
    "off": 54375,
    "sff": "rat"
  },
  {
    "docID": "N043 Massey 2008 17540369",
    "et": "RatModel",
    "off": 94464,
    "sff": "rat"
  },
  {
    "docID": "N043 Massey 2008 17540369",
    "et": "RatModel",
    "off": 23484,
    "sff": "rat"
  },
  {
    "docID": "N043 Massey 2008 17540369",
    "et": "RatModel",
    "off": 75965,
    "sff": "rat"
  },
  {
    "docID": "N043 Massey 2008 17540369",
    "et": "RatModel",
    "off": 7870,
    "sff": "rat"
  },
  {
    "docID": "N043 Massey 2008 17540369",
    "et": "RatModel",
    "off": 33977,
    "sff": "rat"
  },
  {
    "docID": "N043 Massey 2008 17540369",
    "et": "RatModel",
    "off": 36153,
    "sff": "rat"
  },
  {
    "docID": "N043 Massey 2008 17540369",
    "et": "RatModel",
    "off": 93882,
    "sff": "rat"
  },
  {
    "docID": "N043 Massey 2008 17540369",
    "et": "RatModel",
    "off": 91509,
    "sff": "rat"
  },
  {
    "docID": "N043 Massey 2008 17540369",
    "et": "NewZealandRabbit",
    "off": 66445,
    "sff": "new"
  },
  {
    "docID": "N043 Massey 2008 17540369",
    "et": "NewZealandRabbit",
    "off": 17215,
    "sff": "New"
  },
  {
    "docID": "N043 Massey 2008 17540369",
    "et": "NewZealandRabbit",
    "off": 79162,
    "sff": "new"
  },
  {
    "docID": "N043 Massey 2008 17540369",
    "et": "NewZealandRabbit",
    "off": 57045,
    "sff": "New"
  },
  {
    "docID": "N043 Massey 2008 17540369",
    "et": "NewZealandRabbit",
    "off": 1281,
    "sff": "New"
  },
  {
    "docID": "N043 Massey 2008 17540369",
    "et": "RabbitSpecies",
    "off": 13160,
    "sff": "rabbit"
  },
  {
    "docID": "N043 Massey 2008 17540369",
    "et": "RabbitSpecies",
    "off": 24167,
    "sff": "rabbit"
  },
  {
    "docID": "N043 Massey 2008 17540369",
    "et": "RabbitSpecies",
    "off": 13318,
    "sff": "rabbit"
  },
  {
    "docID": "N043 Massey 2008 17540369",
    "et": "SpragueDawleyRat",
    "off": 7811,
    "sff": "Sprague-Dawley rats"
  },
  {
    "docID": "N043 Massey 2008 17540369",
    "et": "SpragueDawleyRat",
    "off": 7811,
    "sff": "Sprague-Dawley"
  },
  {
    "docID": "N043 Massey 2008 17540369",
    "et": "MouseModel",
    "off": 20046,
    "sff": "mouse"
  },
  {
    "docID": "N043 Massey 2008 17540369",
    "et": "MouseModel",
    "off": 25693,
    "sff": "mouse"
  },
  {
    "docID": "N043 Massey 2008 17540369",
    "et": "MouseModel",
    "off": 73971,
    "sff": "mouse"
  },
  {
    "docID": "N043 Massey 2008 17540369",
    "et": "MouseModel",
    "off": 73322,
    "sff": "mouse"
  },
  {
    "docID": "N043 Massey 2008 17540369",
    "et": "MouseModel",
    "off": 20244,
    "sff": "mouse"
  },
  {
    "docID": "N043 Massey 2008 17540369",
    "et": "MouseModel",
    "off": 22596,
    "sff": "mouse"
  },
  {
    "docID": "N043 Massey 2008 17540369",
    "et": "RabbitModel",
    "off": 24167,
    "sff": "rabbit"
  },
  {
    "docID": "N043 Massey 2008 17540369",
    "et": "RabbitModel",
    "off": 13160,
    "sff": "rabbit"
  },
  {
    "docID": "N043 Massey 2008 17540369",
    "et": "RabbitModel",
    "off": 13318,
    "sff": "rabbit"
  },
  {
    "docID": "N043 Massey 2008 17540369",
    "et": "C57_BL6_Mouse",
    "off": 15059,
    "sff": "C57Bl/6N mice"
  },
  {
    "docID": "N043 Massey 2008 17540369",
    "et": "C57_BL6_Mouse",
    "off": 15059,
    "sff": "C57Bl/6N"
  },
  {
    "docID": "N043 Massey 2008 17540369",
    "et": "MacaqueMonkey",
    "off": 75198,
    "sff": "macaque monkey"
  },
  {
    "docID": "N043 Massey 2008 17540369",
    "et": "MacaqueMonkey",
    "off": 75358,
    "sff": "macaque monkey"
  },
  {
    "docID": "N043 Massey 2008 17540369",
    "et": "RatSpecies",
    "off": 24241,
    "sff": "rat"
  },
  {
    "docID": "N043 Massey 2008 17540369",
    "et": "RatSpecies",
    "off": 82352,
    "sff": "rat"
  },
  {
    "docID": "N043 Massey 2008 17540369",
    "et": "RatSpecies",
    "off": 91509,
    "sff": "rat"
  },
  {
    "docID": "N043 Massey 2008 17540369",
    "et": "RatSpecies",
    "off": 36079,
    "sff": "rat"
  },
  {
    "docID": "N043 Massey 2008 17540369",
    "et": "RatSpecies",
    "off": 74799,
    "sff": "rat"
  },
  {
    "docID": "N043 Massey 2008 17540369",
    "et": "RatSpecies",
    "off": 10794,
    "sff": "rat"
  },
  {
    "docID": "N043 Massey 2008 17540369",
    "et": "RatSpecies",
    "off": 2728,
    "sff": "rat"
  },
  {
    "docID": "N043 Massey 2008 17540369",
    "et": "RatSpecies",
    "off": 54375,
    "sff": "rat"
  },
  {
    "docID": "N043 Massey 2008 17540369",
    "et": "RatSpecies",
    "off": 89825,
    "sff": "rat"
  },
  {
    "docID": "N043 Massey 2008 17540369",
    "et": "RatSpecies",
    "off": 78688,
    "sff": "rat"
  },
  {
    "docID": "N043 Massey 2008 17540369",
    "et": "RatSpecies",
    "off": 73509,
    "sff": "rat"
  },
  {
    "docID": "N043 Massey 2008 17540369",
    "et": "RatSpecies",
    "off": 76197,
    "sff": "rat"
  },
  {
    "docID": "N043 Massey 2008 17540369",
    "et": "RatSpecies",
    "off": 35556,
    "sff": "rat"
  },
  {
    "docID": "N043 Massey 2008 17540369",
    "et": "RatSpecies",
    "off": 52515,
    "sff": "rat"
  },
  {
    "docID": "N043 Massey 2008 17540369",
    "et": "RatSpecies",
    "off": 15961,
    "sff": "rat"
  },
  {
    "docID": "N043 Massey 2008 17540369",
    "et": "RatSpecies",
    "off": 82906,
    "sff": "rat"
  },
  {
    "docID": "N043 Massey 2008 17540369",
    "et": "RatSpecies",
    "off": 10202,
    "sff": "rat"
  },
  {
    "docID": "N043 Massey 2008 17540369",
    "et": "RatSpecies",
    "off": 86680,
    "sff": "rat"
  },
  {
    "docID": "N043 Massey 2008 17540369",
    "et": "RatSpecies",
    "off": 10587,
    "sff": "rat"
  },
  {
    "docID": "N043 Massey 2008 17540369",
    "et": "RatSpecies",
    "off": 89372,
    "sff": "rat"
  },
  {
    "docID": "N043 Massey 2008 17540369",
    "et": "RatSpecies",
    "off": 6620,
    "sff": "rat"
  },
  {
    "docID": "N043 Massey 2008 17540369",
    "et": "RatSpecies",
    "off": 93850,
    "sff": "rat"
  },
  {
    "docID": "N043 Massey 2008 17540369",
    "et": "RatSpecies",
    "off": 82197,
    "sff": "rat"
  },
  {
    "docID": "N043 Massey 2008 17540369",
    "et": "RatSpecies",
    "off": 76372,
    "sff": "rat"
  },
  {
    "docID": "N043 Massey 2008 17540369",
    "et": "RatSpecies",
    "off": 1940,
    "sff": "rat"
  },
  {
    "docID": "N043 Massey 2008 17540369",
    "et": "RatSpecies",
    "off": 74634,
    "sff": "rat"
  },
  {
    "docID": "N043 Massey 2008 17540369",
    "et": "RatSpecies",
    "off": 89159,
    "sff": "rat"
  },
  {
    "docID": "N043 Massey 2008 17540369",
    "et": "RatSpecies",
    "off": 86541,
    "sff": "rat"
  },
  {
    "docID": "N043 Massey 2008 17540369",
    "et": "RatSpecies",
    "off": 43916,
    "sff": "rat"
  },
  {
    "docID": "N043 Massey 2008 17540369",
    "et": "RatSpecies",
    "off": 86348,
    "sff": "rat"
  },
  {
    "docID": "N043 Massey 2008 17540369",
    "et": "RatSpecies",
    "off": 94464,
    "sff": "rat"
  },
  {
    "docID": "N043 Massey 2008 17540369",
    "et": "RatSpecies",
    "off": 74436,
    "sff": "rat"
  },
  {
    "docID": "N043 Massey 2008 17540369",
    "et": "RatSpecies",
    "off": 33977,
    "sff": "rat"
  },
  {
    "docID": "N043 Massey 2008 17540369",
    "et": "RatSpecies",
    "off": 36153,
    "sff": "rat"
  },
  {
    "docID": "N043 Massey 2008 17540369",
    "et": "RatSpecies",
    "off": 7870,
    "sff": "rat"
  },
  {
    "docID": "N043 Massey 2008 17540369",
    "et": "RatSpecies",
    "off": 75965,
    "sff": "rat"
  },
  {
    "docID": "N043 Massey 2008 17540369",
    "et": "RatSpecies",
    "off": 23484,
    "sff": "rat"
  },
  {
    "docID": "N043 Massey 2008 17540369",
    "et": "RatSpecies",
    "off": 93882,
    "sff": "rat"
  },
  {
    "docID": "N043 Massey 2008 17540369",
    "et": "Male",
    "off": 7794,
    "sff": "male"
  },
  {
    "docID": "N043 Massey 2008 17540369",
    "et": "MouseSpecies",
    "off": 20244,
    "sff": "mouse"
  },
  {
    "docID": "N043 Massey 2008 17540369",
    "et": "MouseSpecies",
    "off": 22596,
    "sff": "mouse"
  },
  {
    "docID": "N043 Massey 2008 17540369",
    "et": "MouseSpecies",
    "off": 73971,
    "sff": "mouse"
  },
  {
    "docID": "N043 Massey 2008 17540369",
    "et": "MouseSpecies",
    "off": 73322,
    "sff": "mouse"
  },
  {
    "docID": "N043 Massey 2008 17540369",
    "et": "MouseSpecies",
    "off": 25693,
    "sff": "mouse"
  },
  {
    "docID": "N043 Massey 2008 17540369",
    "et": "MouseSpecies",
    "off": 20046,
    "sff": "mouse"
  },
  {
    "docID": "N043 Massey 2008 17540369",
    "et": "HartleyGuineaPig",
    "off": 72776,
    "sff": "Hartley"
  },
  {
    "docID": "N043 Massey 2008 17540369",
    "et": "CatSpecies",
    "off": 80285,
    "sff": "Cat"
  },
  {
    "docID": "N043 Massey 2008 17540369",
    "et": "CatSpecies",
    "off": 41352,
    "sff": "Cat"
  },
  {
    "docID": "N043 Massey 2008 17540369",
    "et": "CatSpecies",
    "off": 80883,
    "sff": "cat"
  },
  {
    "docID": "N043 Massey 2008 17540369",
    "et": "CatSpecies",
    "off": 13410,
    "sff": "Cat"
  },
  {
    "docID": "N043 Massey 2008 17540369",
    "et": "CatSpecies",
    "off": 24290,
    "sff": "Cat"
  },
  {
    "docID": "N043 Massey 2008 17540369",
    "et": "Adult",
    "off": 35550,
    "sff": "adult"
  },
  {
    "docID": "N043 Massey 2008 17540369",
    "et": "Adult",
    "off": 52509,
    "sff": "adult"
  },
  {
    "docID": "N043 Massey 2008 17540369",
    "et": "Adult",
    "off": 86046,
    "sff": "adult"
  },
  {
    "docID": "N043 Massey 2008 17540369",
    "et": "Adult",
    "off": 92830,
    "sff": "adult"
  },
  {
    "docID": "N043 Massey 2008 17540369",
    "et": "Adult",
    "off": 2722,
    "sff": "adult"
  },
  {
    "docID": "N043 Massey 2008 17540369",
    "et": "Adult",
    "off": 73503,
    "sff": "adult"
  },
  {
    "docID": "N043 Massey 2008 17540369",
    "et": "Adult",
    "off": 76191,
    "sff": "adult"
  },
  {
    "docID": "N043 Massey 2008 17540369",
    "et": "Adult",
    "off": 87263,
    "sff": "adult"
  },
  {
    "docID": "N043 Massey 2008 17540369",
    "et": "Adult",
    "off": 2392,
    "sff": "adult"
  },
  {
    "docID": "N043 Massey 2008 17540369",
    "et": "Adult",
    "off": 7256,
    "sff": "adult"
  },
  {
    "docID": "N043 Massey 2008 17540369",
    "et": "Adult",
    "off": 78682,
    "sff": "adult"
  },
  {
    "docID": "N043 Massey 2008 17540369",
    "et": "Adult",
    "off": 6614,
    "sff": "adult"
  },
  {
    "docID": "N043 Massey 2008 17540369",
    "et": "Adult",
    "off": 89366,
    "sff": "adult"
  },
  {
    "docID": "N043 Massey 2008 17540369",
    "et": "Adult",
    "off": 79192,
    "sff": "adult"
  },
  {
    "docID": "N043 Massey 2008 17540369",
    "et": "Adult",
    "off": 87064,
    "sff": "adult"
  },
  {
    "docID": "N043 Massey 2008 17540369",
    "et": "Adult",
    "off": 54522,
    "sff": "mature"
  },
  {
    "docID": "N043 Massey 2008 17540369",
    "et": "Adult",
    "off": 86674,
    "sff": "adult"
  },
  {
    "docID": "N043 Massey 2008 17540369",
    "et": "Adult",
    "off": 1934,
    "sff": "adult"
  },
  {
    "docID": "N043 Massey 2008 17540369",
    "et": "Adult",
    "off": 75731,
    "sff": "adult"
  },
  {
    "docID": "N043 Massey 2008 17540369",
    "et": "Adult",
    "off": 82900,
    "sff": "adult"
  },
  {
    "docID": "N043 Massey 2008 17540369",
    "et": "Adult",
    "off": 7788,
    "sff": "Adult"
  },
  {
    "docID": "N043 Massey 2008 17540369",
    "et": "Adult",
    "off": 15052,
    "sff": "adult"
  },
  {
    "docID": "N043 Massey 2008 17540369",
    "et": "Adult",
    "off": 78278,
    "sff": "adult"
  },
  {
    "docID": "N043 Massey 2008 17540369",
    "et": "Adult",
    "off": 6154,
    "sff": "adult"
  },
  {
    "docID": "N043 Massey 2008 17540369",
    "et": "Adult",
    "off": 86535,
    "sff": "adult"
  },
  {
    "docID": "N043 Massey 2008 17540369",
    "et": "Adult",
    "off": 89153,
    "sff": "adult"
  },
  {
    "docID": "N043 Massey 2008 17540369",
    "et": "Adult",
    "off": 74628,
    "sff": "adult"
  },
  {
    "docID": "N043 Massey 2008 17540369",
    "et": "Adult",
    "off": 33732,
    "sff": "adult"
  },
  {
    "docID": "N043 Massey 2008 17540369",
    "et": "Adult",
    "off": 87677,
    "sff": "adult"
  },
  {
    "docID": "N043 Massey 2008 17540369",
    "et": "Adult",
    "off": 74430,
    "sff": "adult"
  },
  {
    "docID": "N043 Massey 2008 17540369",
    "et": "Adult",
    "off": 75903,
    "sff": "adult"
  },
  {
    "docID": "N043 Massey 2008 17540369",
    "et": "Adult",
    "off": 65505,
    "sff": "mature"
  },
  {
    "docID": "N043 Massey 2008 17540369",
    "et": "Adult",
    "off": 34616,
    "sff": "adult"
  },
  {
    "docID": "N043 Massey 2008 17540369",
    "et": "Adult",
    "off": 75574,
    "sff": "adult"
  },
  {
    "docID": "N043 Massey 2008 17540369",
    "et": "Adult",
    "off": 75959,
    "sff": "adult"
  },
  {
    "docID": "N043 Massey 2008 17540369",
    "et": "Adult",
    "off": 51183,
    "sff": "adult"
  },
  {
    "docID": "N043 Massey 2008 17540369",
    "et": "Adult",
    "off": 34286,
    "sff": "adult"
  },
  {
    "docID": "N043 Massey 2008 17540369",
    "et": "Adult",
    "off": 86341,
    "sff": "Adult"
  },
  {
    "docID": "N043 Massey 2008 17540369",
    "et": "Adult",
    "off": 87465,
    "sff": "adult"
  },
  {
    "docID": "N043 Massey 2008 17540369",
    "et": "Adult",
    "off": 93353,
    "sff": "adult"
  },
  {
    "docID": "N043 Massey 2008 17540369",
    "et": "Adult",
    "off": 18894,
    "sff": "Adult"
  },
  {
    "docID": "N043 Massey 2008 17540369",
    "et": "Adult",
    "off": 2665,
    "sff": "adult"
  },
  {
    "docID": "N043 Massey 2008 17540369",
    "et": "LongEvansRat",
    "off": 75499,
    "sff": "Long"
  },
  {
    "docID": "N043 Massey 2008 17540369",
    "et": "LongEvansRat",
    "off": 66725,
    "sff": "long"
  },
  {
    "docID": "N043 Massey 2008 17540369",
    "et": "LongEvansRat",
    "off": 29722,
    "sff": "long"
  },
  {
    "docID": "N043 Massey 2008 17540369",
    "et": "LongEvansRat",
    "off": 54923,
    "sff": "long"
  },
  {
    "docID": "N043 Massey 2008 17540369",
    "et": "LongEvansRat",
    "off": 41646,
    "sff": "long"
  },
  {
    "docID": "N043 Massey 2008 17540369",
    "et": "CatModel",
    "off": 80883,
    "sff": "cat"
  },
  {
    "docID": "N043 Massey 2008 17540369",
    "et": "CatModel",
    "off": 41352,
    "sff": "Cat"
  },
  {
    "docID": "N043 Massey 2008 17540369",
    "et": "CatModel",
    "off": 80285,
    "sff": "Cat"
  },
  {
    "docID": "N043 Massey 2008 17540369",
    "et": "CatModel",
    "off": 13410,
    "sff": "Cat"
  },
  {
    "docID": "N043 Massey 2008 17540369",
    "et": "CatModel",
    "off": 24290,
    "sff": "Cat"
  },
  {
    "docID": "N043 Massey 2008 17540369",
    "et": "MonkeyModel",
    "off": 75206,
    "sff": "monkey"
  },
  {
    "docID": "N043 Massey 2008 17540369",
    "et": "MonkeyModel",
    "off": 75366,
    "sff": "monkey"
  },
  {
    "docID": "N043 Massey 2008 17540369",
    "et": "MonkeySpecies",
    "off": 75206,
    "sff": "monkey"
  },
  {
    "docID": "N043 Massey 2008 17540369",
    "et": "MonkeySpecies",
    "off": 75366,
    "sff": "monkey"
  },
  {
    "docID": "N043 Massey 2008 17540369",
    "et": "Age",
    "off": 10156,
    "sff": "3 weeks"
  },
  {
    "docID": "N043 Massey 2008 17540369",
    "et": "Age",
    "off": 30212,
    "sff": "1 week"
  },
  {
    "docID": "N043 Massey 2008 17540369",
    "et": "Age",
    "off": 38601,
    "sff": "2 days"
  },
  {
    "docID": "N043 Massey 2008 17540369",
    "et": "Age",
    "off": 29003,
    "sff": "2 days"
  },
  {
    "docID": "N043 Massey 2008 17540369",
    "et": "Age",
    "off": 28081,
    "sff": "3 weeks"
  },
  {
    "docID": "N043 Massey 2008 17540369",
    "et": "Age",
    "off": 40671,
    "sff": "2D"
  },
  {
    "docID": "N043 Massey 2008 17540369",
    "et": "Age",
    "off": 40587,
    "sff": "1 week"
  },
  {
    "docID": "N043 Massey 2008 17540369",
    "et": "Age",
    "off": 46220,
    "sff": "1 week"
  },
  {
    "docID": "N043 Massey 2008 17540369",
    "et": "Age",
    "off": 30243,
    "sff": "3 weeks"
  },
  {
    "docID": "N043 Massey 2008 17540369",
    "et": "Age",
    "off": 29481,
    "sff": "3 weeks"
  },
  {
    "docID": "N043 Massey 2008 17540369",
    "et": "Age",
    "off": 20799,
    "sff": "12 days"
  },
  {
    "docID": "N043 Massey 2008 17540369",
    "et": "Age",
    "off": 51284,
    "sff": "2 weeks"
  },
  {
    "docID": "N043 Massey 2008 17540369",
    "et": "Age",
    "off": 49764,
    "sff": "2D"
  },
  {
    "docID": "N043 Massey 2008 17540369",
    "et": "Age",
    "off": 38993,
    "sff": "2 days"
  },
  {
    "docID": "N043 Massey 2008 17540369",
    "et": "Age",
    "off": 43794,
    "sff": "3 weeks"
  },
  {
    "docID": "N043 Massey 2008 17540369",
    "et": "Age",
    "off": 10138,
    "sff": "1 week"
  },
  {
    "docID": "N043 Massey 2008 17540369",
    "et": "Age",
    "off": 39321,
    "sff": "3 weeks"
  },
  {
    "docID": "N043 Massey 2008 17540369",
    "et": "Age",
    "off": 37077,
    "sff": "2 days"
  },
  {
    "docID": "N043 Massey 2008 17540369",
    "et": "Age",
    "off": 39754,
    "sff": "3 weeks"
  },
  {
    "docID": "N043 Massey 2008 17540369",
    "et": "Age",
    "off": 55872,
    "sff": "8D"
  },
  {
    "docID": "N043 Massey 2008 17540369",
    "et": "Age",
    "off": 2093,
    "sff": "2 days"
  },
  {
    "docID": "N043 Massey 2008 17540369",
    "et": "Age",
    "off": 31277,
    "sff": "2 days"
  },
  {
    "docID": "N043 Massey 2008 17540369",
    "et": "Age",
    "off": 40643,
    "sff": "3 weeks"
  },
  {
    "docID": "N043 Massey 2008 17540369",
    "et": "Age",
    "off": 35912,
    "sff": "3 weeks"
  },
  {
    "docID": "N043 Massey 2008 17540369",
    "et": "Age",
    "off": 42403,
    "sff": "2 days"
  },
  {
    "docID": "N043 Massey 2008 17540369",
    "et": "Age",
    "off": 35876,
    "sff": "2 days"
  },
  {
    "docID": "N043 Massey 2008 17540369",
    "et": "Age",
    "off": 31687,
    "sff": "3 weeks"
  },
  {
    "docID": "N043 Massey 2008 17540369",
    "et": "Age",
    "off": 41143,
    "sff": "2 days"
  },
  {
    "docID": "N043 Massey 2008 17540369",
    "et": "Age",
    "off": 2112,
    "sff": "3 weeks"
  },
  {
    "docID": "N043 Massey 2008 17540369",
    "et": "Age",
    "off": 28152,
    "sff": "1 week"
  },
  {
    "docID": "N043 Massey 2008 17540369",
    "et": "Age",
    "off": 39288,
    "sff": "1 week"
  },
  {
    "docID": "N043 Massey 2008 17540369",
    "et": "Age",
    "off": 2433,
    "sff": "2 weeks"
  },
  {
    "docID": "N043 Massey 2008 17540369",
    "et": "Age",
    "off": 49416,
    "sff": "2D"
  },
  {
    "docID": "N043 Massey 2008 17540369",
    "et": "Age",
    "off": 49642,
    "sff": "3 weeks"
  },
  {
    "docID": "N043 Massey 2008 17540369",
    "et": "Age",
    "off": 10122,
    "sff": "2 days"
  },
  {
    "docID": "N043 Massey 2008 17540369",
    "et": "Age",
    "off": 8903,
    "sff": "1 week"
  },
  {
    "docID": "N043 Massey 2008 17540369",
    "et": "Age",
    "off": 27719,
    "sff": "1 week"
  },
  {
    "docID": "N043 Massey 2008 17540369",
    "et": "Age",
    "off": 41159,
    "sff": "1 week"
  },
  {
    "docID": "N043 Massey 2008 17540369",
    "et": "Age",
    "off": 60741,
    "sff": "1 week"
  },
  {
    "docID": "N043 Massey 2008 17540369",
    "et": "Age",
    "off": 21600,
    "sff": "10 days"
  },
  {
    "docID": "N043 Massey 2008 17540369",
    "et": "Age",
    "off": 23554,
    "sff": "4 days"
  },
  {
    "docID": "N043 Massey 2008 17540369",
    "et": "Age",
    "off": 40169,
    "sff": "3 weeks"
  },
  {
    "docID": "N043 Massey 2008 17540369",
    "et": "Age",
    "off": 27750,
    "sff": "3 weeks"
  },
  {
    "docID": "N043 Massey 2008 17540369",
    "et": "Age",
    "off": 55260,
    "sff": "10 days"
  },
  {
    "docID": "N043 Massey 2008 17540369",
    "et": "Age",
    "off": 39898,
    "sff": "3 weeks"
  },
  {
    "docID": "N043 Massey 2008 17540369",
    "et": "Age",
    "off": 41178,
    "sff": "3 weeks"
  },
  {
    "docID": "N043 Massey 2008 17540369",
    "et": "Age",
    "off": 29522,
    "sff": "1 week"
  },
  {
    "docID": "N043 Massey 2008 17540369",
    "et": "Age",
    "off": 15005,
    "sff": "Two weeks"
  },
  {
    "docID": "N043 Massey 2008 17540369",
    "et": "Age",
    "off": 38873,
    "sff": "1 week"
  },
  {
    "docID": "N043 Massey 2008 17540369",
    "et": "Age",
    "off": 40616,
    "sff": "2D"
  },
  {
    "docID": "N043 Massey 2008 17540369",
    "et": "Age",
    "off": 19761,
    "sff": "Two days"
  },
  {
    "docID": "N043 Massey 2008 17540369",
    "et": "Age",
    "off": 29919,
    "sff": "2 days"
  },
  {
    "docID": "N043 Massey 2008 17540369",
    "et": "Age",
    "off": 16834,
    "sff": "10 days"
  },
  {
    "docID": "N043 Massey 2008 17540369",
    "et": "Age",
    "off": 45792,
    "sff": "2 days"
  },
  {
    "docID": "N043 Massey 2008 17540369",
    "et": "Age",
    "off": 49324,
    "sff": "1 week"
  },
  {
    "docID": "N043 Massey 2008 17540369",
    "et": "Age",
    "off": 39728,
    "sff": "1 week"
  },
  {
    "docID": "N043 Massey 2008 17540369",
    "et": "Age",
    "off": 47110,
    "sff": "3 weeks"
  },
  {
    "docID": "N043 Massey 2008 17540369",
    "et": "Age",
    "off": 35892,
    "sff": "1 week"
  },
  {
    "docID": "N043 Massey 2008 17540369",
    "et": "Age",
    "off": 39421,
    "sff": "3 weeks"
  },
  {
    "docID": "N043 Massey 2008 17540369",
    "et": "Age",
    "off": 29367,
    "sff": "1 week"
  },
  {
    "docID": "N043 Massey 2008 17540369",
    "et": "Age",
    "off": 9910,
    "sff": "2 weeks"
  },
  {
    "docID": "N043 Massey 2008 17540369",
    "et": "Age",
    "off": 43446,
    "sff": "1 week"
  },
  {
    "docID": "N043 Massey 2008 17540369",
    "et": "Age",
    "off": 48210,
    "sff": "6D"
  },
  {
    "docID": "N043 Massey 2008 17540369",
    "et": "Age",
    "off": 46452,
    "sff": "3 weeks"
  },
  {
    "docID": "N043 Massey 2008 17540369",
    "et": "Age",
    "off": 32450,
    "sff": "3-week"
  },
  {
    "docID": "N043 Massey 2008 17540369",
    "et": "Age",
    "off": 28019,
    "sff": "3 weeks"
  },
  {
    "docID": "N043 Massey 2008 17540369",
    "et": "Age",
    "off": 13913,
    "sff": "35 W"
  },
  {
    "docID": "N043 Massey 2008 17540369",
    "et": "Age",
    "off": 37824,
    "sff": "1 week"
  }
]
