[
  {
    "docID": "N045 Novotna 2011 21630006",
    "et": "Weight",
    "off": 6515,
    "sff": "290-320 g"
  },
  {
    "docID": "N045 Novotna 2011 21630006",
    "et": "RatModel",
    "off": 41628,
    "sff": "rat"
  },
  {
    "docID": "N045 Novotna 2011 21630006",
    "et": "RatModel",
    "off": 36973,
    "sff": "rat"
  },
  {
    "docID": "N045 Novotna 2011 21630006",
    "et": "RatModel",
    "off": 37215,
    "sff": "rat"
  },
  {
    "docID": "N045 Novotna 2011 21630006",
    "et": "RatModel",
    "off": 5376,
    "sff": "rat"
  },
  {
    "docID": "N045 Novotna 2011 21630006",
    "et": "RatModel",
    "off": 39504,
    "sff": "rat"
  },
  {
    "docID": "N045 Novotna 2011 21630006",
    "et": "RatModel",
    "off": 8740,
    "sff": "rat"
  },
  {
    "docID": "N045 Novotna 2011 21630006",
    "et": "RatModel",
    "off": 35796,
    "sff": "rat"
  },
  {
    "docID": "N045 Novotna 2011 21630006",
    "et": "RatModel",
    "off": 43604,
    "sff": "rat"
  },
  {
    "docID": "N045 Novotna 2011 21630006",
    "et": "AnimalSpecies",
    "off": 27465,
    "sff": "species"
  },
  {
    "docID": "N045 Novotna 2011 21630006",
    "et": "RabbitSpecies",
    "off": 10775,
    "sff": "rabbit"
  },
  {
    "docID": "N045 Novotna 2011 21630006",
    "et": "MouseModel",
    "off": 34746,
    "sff": "mouse"
  },
  {
    "docID": "N045 Novotna 2011 21630006",
    "et": "MouseModel",
    "off": 36153,
    "sff": "mouse"
  },
  {
    "docID": "N045 Novotna 2011 21630006",
    "et": "MouseModel",
    "off": 10812,
    "sff": "mouse"
  },
  {
    "docID": "N045 Novotna 2011 21630006",
    "et": "RabbitModel",
    "off": 10775,
    "sff": "rabbit"
  },
  {
    "docID": "N045 Novotna 2011 21630006",
    "et": "WistarRat",
    "off": 7140,
    "sff": "Wistar rats"
  },
  {
    "docID": "N045 Novotna 2011 21630006",
    "et": "WistarRat",
    "off": 6502,
    "sff": "Wistar rats"
  },
  {
    "docID": "N045 Novotna 2011 21630006",
    "et": "WistarRat",
    "off": 7140,
    "sff": "Wistar"
  },
  {
    "docID": "N045 Novotna 2011 21630006",
    "et": "WistarRat",
    "off": 6502,
    "sff": "Wistar"
  },
  {
    "docID": "N045 Novotna 2011 21630006",
    "et": "RatSpecies",
    "off": 36973,
    "sff": "rat"
  },
  {
    "docID": "N045 Novotna 2011 21630006",
    "et": "RatSpecies",
    "off": 41628,
    "sff": "rat"
  },
  {
    "docID": "N045 Novotna 2011 21630006",
    "et": "RatSpecies",
    "off": 35796,
    "sff": "rat"
  },
  {
    "docID": "N045 Novotna 2011 21630006",
    "et": "RatSpecies",
    "off": 43604,
    "sff": "rat"
  },
  {
    "docID": "N045 Novotna 2011 21630006",
    "et": "RatSpecies",
    "off": 8740,
    "sff": "rat"
  },
  {
    "docID": "N045 Novotna 2011 21630006",
    "et": "RatSpecies",
    "off": 39504,
    "sff": "rat"
  },
  {
    "docID": "N045 Novotna 2011 21630006",
    "et": "RatSpecies",
    "off": 5376,
    "sff": "rat"
  },
  {
    "docID": "N045 Novotna 2011 21630006",
    "et": "RatSpecies",
    "off": 37215,
    "sff": "rat"
  },
  {
    "docID": "N045 Novotna 2011 21630006",
    "et": "Male",
    "off": 6497,
    "sff": "male"
  },
  {
    "docID": "N045 Novotna 2011 21630006",
    "et": "MouseSpecies",
    "off": 10812,
    "sff": "mouse"
  },
  {
    "docID": "N045 Novotna 2011 21630006",
    "et": "MouseSpecies",
    "off": 34746,
    "sff": "mouse"
  },
  {
    "docID": "N045 Novotna 2011 21630006",
    "et": "MouseSpecies",
    "off": 36153,
    "sff": "mouse"
  },
  {
    "docID": "N045 Novotna 2011 21630006",
    "et": "HartleyGuineaPig",
    "off": 34215,
    "sff": "Hartley"
  },
  {
    "docID": "N045 Novotna 2011 21630006",
    "et": "Adult",
    "off": 40412,
    "sff": "adult"
  },
  {
    "docID": "N045 Novotna 2011 21630006",
    "et": "Adult",
    "off": 5783,
    "sff": "adult"
  },
  {
    "docID": "N045 Novotna 2011 21630006",
    "et": "Adult",
    "off": 41622,
    "sff": "adult"
  },
  {
    "docID": "N045 Novotna 2011 21630006",
    "et": "Adult",
    "off": 37375,
    "sff": "adult"
  },
  {
    "docID": "N045 Novotna 2011 21630006",
    "et": "Adult",
    "off": 7134,
    "sff": "adult"
  },
  {
    "docID": "N045 Novotna 2011 21630006",
    "et": "Adult",
    "off": 43948,
    "sff": "adult"
  },
  {
    "docID": "N045 Novotna 2011 21630006",
    "et": "Adult",
    "off": 39497,
    "sff": "adult"
  },
  {
    "docID": "N045 Novotna 2011 21630006",
    "et": "Adult",
    "off": 36967,
    "sff": "adult"
  },
  {
    "docID": "N045 Novotna 2011 21630006",
    "et": "Adult",
    "off": 41767,
    "sff": "adult"
  },
  {
    "docID": "N045 Novotna 2011 21630006",
    "et": "Adult",
    "off": 43220,
    "sff": "adult"
  },
  {
    "docID": "N045 Novotna 2011 21630006",
    "et": "Adult",
    "off": 6491,
    "sff": "Adult"
  },
  {
    "docID": "N045 Novotna 2011 21630006",
    "et": "Adult",
    "off": 3120,
    "sff": "adult"
  },
  {
    "docID": "N045 Novotna 2011 21630006",
    "et": "Adult",
    "off": 40208,
    "sff": "adult"
  },
  {
    "docID": "N045 Novotna 2011 21630006",
    "et": "LongEvansRat",
    "off": 8330,
    "sff": "long"
  },
  {
    "docID": "N045 Novotna 2011 21630006",
    "et": "LongEvansRat",
    "off": 18022,
    "sff": "long"
  },
  {
    "docID": "N045 Novotna 2011 21630006",
    "et": "Age",
    "off": 21039,
    "sff": "7 days"
  },
  {
    "docID": "N045 Novotna 2011 21630006",
    "et": "Age",
    "off": 2526,
    "sff": "28 days"
  },
  {
    "docID": "N045 Novotna 2011 21630006",
    "et": "Age",
    "off": 19858,
    "sff": "14 days"
  },
  {
    "docID": "N045 Novotna 2011 21630006",
    "et": "Age",
    "off": 24545,
    "sff": "28 days"
  },
  {
    "docID": "N045 Novotna 2011 21630006",
    "et": "Age",
    "off": 15398,
    "sff": "7 days"
  },
  {
    "docID": "N045 Novotna 2011 21630006",
    "et": "Age",
    "off": 23454,
    "sff": "14 days"
  },
  {
    "docID": "N045 Novotna 2011 21630006",
    "et": "Age",
    "off": 13855,
    "sff": "14 days"
  },
  {
    "docID": "N045 Novotna 2011 21630006",
    "et": "Age",
    "off": 19753,
    "sff": "7 days"
  },
  {
    "docID": "N045 Novotna 2011 21630006",
    "et": "Age",
    "off": 18283,
    "sff": "28 days"
  },
  {
    "docID": "N045 Novotna 2011 21630006",
    "et": "Age",
    "off": 6381,
    "sff": "28 days"
  },
  {
    "docID": "N045 Novotna 2011 21630006",
    "et": "Age",
    "off": 22564,
    "sff": "14 days"
  },
  {
    "docID": "N045 Novotna 2011 21630006",
    "et": "Age",
    "off": 13760,
    "sff": "7 days"
  },
  {
    "docID": "N045 Novotna 2011 21630006",
    "et": "Age",
    "off": 24129,
    "sff": "7 days"
  },
  {
    "docID": "N045 Novotna 2011 21630006",
    "et": "Age",
    "off": 18600,
    "sff": "14 days"
  },
  {
    "docID": "N045 Novotna 2011 21630006",
    "et": "Age",
    "off": 19560,
    "sff": "1 day"
  },
  {
    "docID": "N045 Novotna 2011 21630006",
    "et": "Age",
    "off": 1719,
    "sff": "7 days"
  },
  {
    "docID": "N045 Novotna 2011 21630006",
    "et": "Age",
    "off": 16056,
    "sff": "7 days"
  },
  {
    "docID": "N045 Novotna 2011 21630006",
    "et": "Age",
    "off": 32697,
    "sff": "2 days"
  },
  {
    "docID": "N045 Novotna 2011 21630006",
    "et": "Age",
    "off": 29826,
    "sff": "2-3 weeks"
  },
  {
    "docID": "N045 Novotna 2011 21630006",
    "et": "Age",
    "off": 19525,
    "sff": "3 days"
  },
  {
    "docID": "N045 Novotna 2011 21630006",
    "et": "Age",
    "off": 20810,
    "sff": "5 days"
  },
  {
    "docID": "N045 Novotna 2011 21630006",
    "et": "Age",
    "off": 13871,
    "sff": "21 days"
  },
  {
    "docID": "N045 Novotna 2011 21630006",
    "et": "Age",
    "off": 16722,
    "sff": "7 days"
  },
  {
    "docID": "N045 Novotna 2011 21630006",
    "et": "Age",
    "off": 32386,
    "sff": "4 days"
  },
  {
    "docID": "N045 Novotna 2011 21630006",
    "et": "Age",
    "off": 19770,
    "sff": "14 days"
  },
  {
    "docID": "N045 Novotna 2011 21630006",
    "et": "Age",
    "off": 24260,
    "sff": "5 days"
  },
  {
    "docID": "N045 Novotna 2011 21630006",
    "et": "Age",
    "off": 21242,
    "sff": "28 days"
  },
  {
    "docID": "N045 Novotna 2011 21630006",
    "et": "Age",
    "off": 8916,
    "sff": "Two days"
  },
  {
    "docID": "N045 Novotna 2011 21630006",
    "et": "Age",
    "off": 23241,
    "sff": "7 days"
  },
  {
    "docID": "N045 Novotna 2011 21630006",
    "et": "Age",
    "off": 23919,
    "sff": "1 week"
  },
  {
    "docID": "N045 Novotna 2011 21630006",
    "et": "Age",
    "off": 20834,
    "sff": "7 days"
  },
  {
    "docID": "N045 Novotna 2011 21630006",
    "et": "Age",
    "off": 32855,
    "sff": "12 days"
  },
  {
    "docID": "N045 Novotna 2011 21630006",
    "et": "Age",
    "off": 21974,
    "sff": "7 days"
  },
  {
    "docID": "N045 Novotna 2011 21630006",
    "et": "Age",
    "off": 23071,
    "sff": "4 days"
  },
  {
    "docID": "N045 Novotna 2011 21630006",
    "et": "Age",
    "off": 24282,
    "sff": "7 days"
  },
  {
    "docID": "N045 Novotna 2011 21630006",
    "et": "Age",
    "off": 25050,
    "sff": "7 days"
  },
  {
    "docID": "N045 Novotna 2011 21630006",
    "et": "Age",
    "off": 15567,
    "sff": "14 days"
  },
  {
    "docID": "N045 Novotna 2011 21630006",
    "et": "Age",
    "off": 21612,
    "sff": "7 days"
  },
  {
    "docID": "N045 Novotna 2011 21630006",
    "et": "Age",
    "off": 21271,
    "sff": "4d"
  },
  {
    "docID": "N045 Novotna 2011 21630006",
    "et": "Age",
    "off": 13939,
    "sff": "7 days"
  },
  {
    "docID": "N045 Novotna 2011 21630006",
    "et": "Age",
    "off": 13923,
    "sff": "3 days"
  },
  {
    "docID": "N045 Novotna 2011 21630006",
    "et": "Age",
    "off": 13970,
    "sff": "21 days"
  },
  {
    "docID": "N045 Novotna 2011 21630006",
    "et": "Age",
    "off": 19824,
    "sff": "5 days"
  },
  {
    "docID": "N045 Novotna 2011 21630006",
    "et": "Age",
    "off": 32738,
    "sff": "2 days"
  },
  {
    "docID": "N045 Novotna 2011 21630006",
    "et": "Age",
    "off": 14565,
    "sff": "7 days"
  },
  {
    "docID": "N045 Novotna 2011 21630006",
    "et": "Age",
    "off": 18456,
    "sff": "28 days"
  },
  {
    "docID": "N045 Novotna 2011 21630006",
    "et": "Age",
    "off": 24803,
    "sff": "14 days"
  },
  {
    "docID": "N045 Novotna 2011 21630006",
    "et": "Age",
    "off": 24624,
    "sff": "28 days"
  },
  {
    "docID": "N045 Novotna 2011 21630006",
    "et": "Age",
    "off": 19840,
    "sff": "7 days"
  },
  {
    "docID": "N045 Novotna 2011 21630006",
    "et": "Age",
    "off": 19509,
    "sff": "1 day"
  },
  {
    "docID": "N045 Novotna 2011 21630006",
    "et": "Age",
    "off": 13987,
    "sff": "28 days"
  },
  {
    "docID": "N045 Novotna 2011 21630006",
    "et": "Age",
    "off": 15738,
    "sff": "7 days"
  },
  {
    "docID": "N045 Novotna 2011 21630006",
    "et": "Age",
    "off": 19576,
    "sff": "3 days"
  },
  {
    "docID": "N045 Novotna 2011 21630006",
    "et": "Age",
    "off": 6138,
    "sff": "4 days"
  },
  {
    "docID": "N045 Novotna 2011 21630006",
    "et": "Age",
    "off": 13828,
    "sff": "3 days"
  },
  {
    "docID": "N045 Novotna 2011 21630006",
    "et": "Age",
    "off": 22589,
    "sff": "28 days"
  },
  {
    "docID": "N045 Novotna 2011 21630006",
    "et": "Age",
    "off": 13888,
    "sff": "28 days"
  },
  {
    "docID": "N045 Novotna 2011 21630006",
    "et": "Age",
    "off": 13840,
    "sff": "7 days"
  },
  {
    "docID": "N045 Novotna 2011 21630006",
    "et": "Age",
    "off": 28346,
    "sff": "1 week"
  },
  {
    "docID": "N045 Novotna 2011 21630006",
    "et": "Age",
    "off": 19891,
    "sff": "28 days"
  },
  {
    "docID": "N045 Novotna 2011 21630006",
    "et": "Age",
    "off": 17662,
    "sff": "14 days"
  },
  {
    "docID": "N045 Novotna 2011 21630006",
    "et": "Age",
    "off": 19738,
    "sff": "5 days"
  },
  {
    "docID": "N045 Novotna 2011 21630006",
    "et": "Age",
    "off": 19788,
    "sff": "28 days"
  },
  {
    "docID": "N045 Novotna 2011 21630006",
    "et": "Age",
    "off": 23500,
    "sff": "28 days"
  },
  {
    "docID": "N045 Novotna 2011 21630006",
    "et": "Age",
    "off": 13953,
    "sff": "14 days"
  },
  {
    "docID": "N045 Novotna 2011 21630006",
    "et": "Age",
    "off": 1362,
    "sff": "4 days"
  },
  {
    "docID": "N045 Novotna 2011 21630006",
    "et": "Age",
    "off": 1746,
    "sff": "28 days"
  },
  {
    "docID": "N045 Novotna 2011 21630006",
    "et": "Age",
    "off": 6724,
    "sff": "28 days"
  },
  {
    "docID": "N045 Novotna 2011 21630006",
    "et": "Age",
    "off": 14229,
    "sff": "7 days"
  },
  {
    "docID": "N045 Novotna 2011 21630006",
    "et": "Age",
    "off": 23317,
    "sff": "7 days"
  }
]
