[
  {
    "docID": "N046 Imagama 2011 22114278",
    "et": "Weight",
    "off": 7813,
    "sff": "200 -230 g"
  },
  {
    "docID": "N046 Imagama 2011 22114278",
    "et": "Weight",
    "off": 12073,
    "sff": "15.14 g"
  },
  {
    "docID": "N046 Imagama 2011 22114278",
    "et": "Weight",
    "off": 24081,
    "sff": "13 mg"
  },
  {
    "docID": "N046 Imagama 2011 22114278",
    "et": "Weight",
    "off": 24706,
    "sff": "20 mg"
  },
  {
    "docID": "N046 Imagama 2011 22114278",
    "et": "Weight",
    "off": 24064,
    "sff": "20 mg"
  },
  {
    "docID": "N046 Imagama 2011 22114278",
    "et": "Weight",
    "off": 12734,
    "sff": "60 g"
  },
  {
    "docID": "N046 Imagama 2011 22114278",
    "et": "CD1_Mouse",
    "off": 55520,
    "sff": "CD,"
  },
  {
    "docID": "N046 Imagama 2011 22114278",
    "et": "RatModel",
    "off": 63037,
    "sff": "rat"
  },
  {
    "docID": "N046 Imagama 2011 22114278",
    "et": "RatModel",
    "off": 33784,
    "sff": "rat"
  },
  {
    "docID": "N046 Imagama 2011 22114278",
    "et": "RatModel",
    "off": 35592,
    "sff": "rat"
  },
  {
    "docID": "N046 Imagama 2011 22114278",
    "et": "RatModel",
    "off": 33383,
    "sff": "rat"
  },
  {
    "docID": "N046 Imagama 2011 22114278",
    "et": "RatModel",
    "off": 56528,
    "sff": "rat"
  },
  {
    "docID": "N046 Imagama 2011 22114278",
    "et": "RatModel",
    "off": 59200,
    "sff": "rat"
  },
  {
    "docID": "N046 Imagama 2011 22114278",
    "et": "RatModel",
    "off": 59728,
    "sff": "rat"
  },
  {
    "docID": "N046 Imagama 2011 22114278",
    "et": "RatModel",
    "off": 32565,
    "sff": "rat"
  },
  {
    "docID": "N046 Imagama 2011 22114278",
    "et": "RatModel",
    "off": 32849,
    "sff": "rat"
  },
  {
    "docID": "N046 Imagama 2011 22114278",
    "et": "RatModel",
    "off": 40719,
    "sff": "rat"
  },
  {
    "docID": "N046 Imagama 2011 22114278",
    "et": "RatModel",
    "off": 59963,
    "sff": "rat"
  },
  {
    "docID": "N046 Imagama 2011 22114278",
    "et": "NewZealandRabbit",
    "off": 61109,
    "sff": "new"
  },
  {
    "docID": "N046 Imagama 2011 22114278",
    "et": "SpragueDawleyRat",
    "off": 21927,
    "sff": "Sprague Dawley rats"
  },
  {
    "docID": "N046 Imagama 2011 22114278",
    "et": "SpragueDawleyRat",
    "off": 7784,
    "sff": "Sprague Dawley rats"
  },
  {
    "docID": "N046 Imagama 2011 22114278",
    "et": "SpragueDawleyRat",
    "off": 21927,
    "sff": "Sprague Dawley"
  },
  {
    "docID": "N046 Imagama 2011 22114278",
    "et": "SpragueDawleyRat",
    "off": 7784,
    "sff": "Sprague Dawley"
  },
  {
    "docID": "N046 Imagama 2011 22114278",
    "et": "MouseModel",
    "off": 15174,
    "sff": "mouse"
  },
  {
    "docID": "N046 Imagama 2011 22114278",
    "et": "RatSpecies",
    "off": 63037,
    "sff": "rat"
  },
  {
    "docID": "N046 Imagama 2011 22114278",
    "et": "RatSpecies",
    "off": 59963,
    "sff": "rat"
  },
  {
    "docID": "N046 Imagama 2011 22114278",
    "et": "RatSpecies",
    "off": 33383,
    "sff": "rat"
  },
  {
    "docID": "N046 Imagama 2011 22114278",
    "et": "RatSpecies",
    "off": 33784,
    "sff": "rat"
  },
  {
    "docID": "N046 Imagama 2011 22114278",
    "et": "RatSpecies",
    "off": 35592,
    "sff": "rat"
  },
  {
    "docID": "N046 Imagama 2011 22114278",
    "et": "RatSpecies",
    "off": 32565,
    "sff": "rat"
  },
  {
    "docID": "N046 Imagama 2011 22114278",
    "et": "RatSpecies",
    "off": 32849,
    "sff": "rat"
  },
  {
    "docID": "N046 Imagama 2011 22114278",
    "et": "RatSpecies",
    "off": 40719,
    "sff": "rat"
  },
  {
    "docID": "N046 Imagama 2011 22114278",
    "et": "RatSpecies",
    "off": 56528,
    "sff": "rat"
  },
  {
    "docID": "N046 Imagama 2011 22114278",
    "et": "RatSpecies",
    "off": 59200,
    "sff": "rat"
  },
  {
    "docID": "N046 Imagama 2011 22114278",
    "et": "RatSpecies",
    "off": 59728,
    "sff": "rat"
  },
  {
    "docID": "N046 Imagama 2011 22114278",
    "et": "CD2_Mouse",
    "off": 55520,
    "sff": "CD,"
  },
  {
    "docID": "N046 Imagama 2011 22114278",
    "et": "MouseSpecies",
    "off": 15174,
    "sff": "mouse"
  },
  {
    "docID": "N046 Imagama 2011 22114278",
    "et": "Adult",
    "off": 52936,
    "sff": "adults"
  },
  {
    "docID": "N046 Imagama 2011 22114278",
    "et": "Adult",
    "off": 55803,
    "sff": "adult"
  },
  {
    "docID": "N046 Imagama 2011 22114278",
    "et": "Adult",
    "off": 56522,
    "sff": "adult"
  },
  {
    "docID": "N046 Imagama 2011 22114278",
    "et": "Adult",
    "off": 59194,
    "sff": "adult"
  },
  {
    "docID": "N046 Imagama 2011 22114278",
    "et": "Adult",
    "off": 59722,
    "sff": "adult"
  },
  {
    "docID": "N046 Imagama 2011 22114278",
    "et": "Adult",
    "off": 1242,
    "sff": "adult"
  },
  {
    "docID": "N046 Imagama 2011 22114278",
    "et": "Adult",
    "off": 60280,
    "sff": "adult"
  },
  {
    "docID": "N046 Imagama 2011 22114278",
    "et": "Adult",
    "off": 59957,
    "sff": "adult"
  },
  {
    "docID": "N046 Imagama 2011 22114278",
    "et": "Adult",
    "off": 60469,
    "sff": "adult"
  },
  {
    "docID": "N046 Imagama 2011 22114278",
    "et": "Adult",
    "off": 7771,
    "sff": "Adult"
  },
  {
    "docID": "N046 Imagama 2011 22114278",
    "et": "Adult",
    "off": 56466,
    "sff": "adult"
  },
  {
    "docID": "N046 Imagama 2011 22114278",
    "et": "LongEvansRat",
    "off": 36751,
    "sff": "long"
  },
  {
    "docID": "N046 Imagama 2011 22114278",
    "et": "LongEvansRat",
    "off": 5557,
    "sff": "long"
  },
  {
    "docID": "N046 Imagama 2011 22114278",
    "et": "Female",
    "off": 7777,
    "sff": "female"
  },
  {
    "docID": "N046 Imagama 2011 22114278",
    "et": "Age",
    "off": 26528,
    "sff": "7 d"
  },
  {
    "docID": "N046 Imagama 2011 22114278",
    "et": "Age",
    "off": 42249,
    "sff": "4D"
  },
  {
    "docID": "N046 Imagama 2011 22114278",
    "et": "Age",
    "off": 46407,
    "sff": "6D"
  },
  {
    "docID": "N046 Imagama 2011 22114278",
    "et": "Age",
    "off": 40045,
    "sff": "8 weeks"
  },
  {
    "docID": "N046 Imagama 2011 22114278",
    "et": "Age",
    "off": 36113,
    "sff": "7 d"
  },
  {
    "docID": "N046 Imagama 2011 22114278",
    "et": "Age",
    "off": 38714,
    "sff": "2D"
  },
  {
    "docID": "N046 Imagama 2011 22114278",
    "et": "Age",
    "off": 9809,
    "sff": "2 weeks"
  },
  {
    "docID": "N046 Imagama 2011 22114278",
    "et": "Age",
    "off": 35828,
    "sff": "1 week"
  },
  {
    "docID": "N046 Imagama 2011 22114278",
    "et": "Age",
    "off": 36628,
    "sff": "7 d"
  },
  {
    "docID": "N046 Imagama 2011 22114278",
    "et": "Age",
    "off": 30074,
    "sff": "8 weeks"
  },
  {
    "docID": "N046 Imagama 2011 22114278",
    "et": "Age",
    "off": 36171,
    "sff": "7 d"
  },
  {
    "docID": "N046 Imagama 2011 22114278",
    "et": "Age",
    "off": 8682,
    "sff": "14 d"
  },
  {
    "docID": "N046 Imagama 2011 22114278",
    "et": "Age",
    "off": 16509,
    "sff": "Eight weeks"
  },
  {
    "docID": "N046 Imagama 2011 22114278",
    "et": "Age",
    "off": 13799,
    "sff": "1 week"
  },
  {
    "docID": "N046 Imagama 2011 22114278",
    "et": "Age",
    "off": 31473,
    "sff": "10 weeks"
  },
  {
    "docID": "N046 Imagama 2011 22114278",
    "et": "Age",
    "off": 42347,
    "sff": "4D"
  },
  {
    "docID": "N046 Imagama 2011 22114278",
    "et": "Age",
    "off": 26746,
    "sff": "7 d"
  },
  {
    "docID": "N046 Imagama 2011 22114278",
    "et": "Age",
    "off": 30983,
    "sff": "10 weeks"
  },
  {
    "docID": "N046 Imagama 2011 22114278",
    "et": "Age",
    "off": 27477,
    "sff": "1 week"
  },
  {
    "docID": "N046 Imagama 2011 22114278",
    "et": "Age",
    "off": 27218,
    "sff": "1 week"
  },
  {
    "docID": "N046 Imagama 2011 22114278",
    "et": "Age",
    "off": 32412,
    "sff": "10 weeks"
  },
  {
    "docID": "N046 Imagama 2011 22114278",
    "et": "Age",
    "off": 28310,
    "sff": "8 weeks"
  },
  {
    "docID": "N046 Imagama 2011 22114278",
    "et": "Age",
    "off": 44409,
    "sff": "5D"
  },
  {
    "docID": "N046 Imagama 2011 22114278",
    "et": "Age",
    "off": 42774,
    "sff": "4D"
  },
  {
    "docID": "N046 Imagama 2011 22114278",
    "et": "Age",
    "off": 26875,
    "sff": "1 week"
  },
  {
    "docID": "N046 Imagama 2011 22114278",
    "et": "Age",
    "off": 36347,
    "sff": "2 weeks"
  },
  {
    "docID": "N046 Imagama 2011 22114278",
    "et": "Age",
    "off": 46356,
    "sff": "6D"
  },
  {
    "docID": "N046 Imagama 2011 22114278",
    "et": "Age",
    "off": 38929,
    "sff": "2D"
  }
]
