[
  {
    "docID": "N047 Zhao 2011 21855577",
    "et": "Weight",
    "off": 38071,
    "sff": "3g"
  },
  {
    "docID": "N047 Zhao 2011 21855577",
    "et": "Weight",
    "off": 43738,
    "sff": "6g"
  },
  {
    "docID": "N047 Zhao 2011 21855577",
    "et": "Weight",
    "off": 43519,
    "sff": "6g"
  },
  {
    "docID": "N047 Zhao 2011 21855577",
    "et": "Weight",
    "off": 45899,
    "sff": "3g"
  },
  {
    "docID": "N047 Zhao 2011 21855577",
    "et": "RatModel",
    "off": 26913,
    "sff": "rat"
  },
  {
    "docID": "N047 Zhao 2011 21855577",
    "et": "RatModel",
    "off": 9616,
    "sff": "rat"
  },
  {
    "docID": "N047 Zhao 2011 21855577",
    "et": "RatModel",
    "off": 1917,
    "sff": "rat"
  },
  {
    "docID": "N047 Zhao 2011 21855577",
    "et": "RatModel",
    "off": 29165,
    "sff": "rat"
  },
  {
    "docID": "N047 Zhao 2011 21855577",
    "et": "RatModel",
    "off": 35834,
    "sff": "rat"
  },
  {
    "docID": "N047 Zhao 2011 21855577",
    "et": "RatModel",
    "off": 34171,
    "sff": "rat"
  },
  {
    "docID": "N047 Zhao 2011 21855577",
    "et": "RatModel",
    "off": 6038,
    "sff": "rat"
  },
  {
    "docID": "N047 Zhao 2011 21855577",
    "et": "RatModel",
    "off": 35990,
    "sff": "rat"
  },
  {
    "docID": "N047 Zhao 2011 21855577",
    "et": "RatModel",
    "off": 53764,
    "sff": "rat"
  },
  {
    "docID": "N047 Zhao 2011 21855577",
    "et": "RatModel",
    "off": 53187,
    "sff": "rat"
  },
  {
    "docID": "N047 Zhao 2011 21855577",
    "et": "RabbitSpecies",
    "off": 15143,
    "sff": "rabbit"
  },
  {
    "docID": "N047 Zhao 2011 21855577",
    "et": "RabbitSpecies",
    "off": 15349,
    "sff": "rabbit"
  },
  {
    "docID": "N047 Zhao 2011 21855577",
    "et": "RabbitSpecies",
    "off": 16086,
    "sff": "rabbit"
  },
  {
    "docID": "N047 Zhao 2011 21855577",
    "et": "Mixed",
    "off": 14839,
    "sff": "mixed"
  },
  {
    "docID": "N047 Zhao 2011 21855577",
    "et": "Aged",
    "off": 16557,
    "sff": "aged"
  },
  {
    "docID": "N047 Zhao 2011 21855577",
    "et": "MouseModel",
    "off": 11278,
    "sff": "mouse"
  },
  {
    "docID": "N047 Zhao 2011 21855577",
    "et": "MouseModel",
    "off": 15969,
    "sff": "mouse"
  },
  {
    "docID": "N047 Zhao 2011 21855577",
    "et": "MouseModel",
    "off": 10762,
    "sff": "mouse"
  },
  {
    "docID": "N047 Zhao 2011 21855577",
    "et": "MouseModel",
    "off": 50902,
    "sff": "mouse"
  },
  {
    "docID": "N047 Zhao 2011 21855577",
    "et": "MouseModel",
    "off": 16037,
    "sff": "mouse"
  },
  {
    "docID": "N047 Zhao 2011 21855577",
    "et": "ListerHoodedRat",
    "off": 16538,
    "sff": "Lister Hooded"
  },
  {
    "docID": "N047 Zhao 2011 21855577",
    "et": "RabbitModel",
    "off": 15349,
    "sff": "rabbit"
  },
  {
    "docID": "N047 Zhao 2011 21855577",
    "et": "RabbitModel",
    "off": 15143,
    "sff": "rabbit"
  },
  {
    "docID": "N047 Zhao 2011 21855577",
    "et": "RabbitModel",
    "off": 16086,
    "sff": "rabbit"
  },
  {
    "docID": "N047 Zhao 2011 21855577",
    "et": "RatSpecies",
    "off": 26913,
    "sff": "rat"
  },
  {
    "docID": "N047 Zhao 2011 21855577",
    "et": "RatSpecies",
    "off": 53187,
    "sff": "rat"
  },
  {
    "docID": "N047 Zhao 2011 21855577",
    "et": "RatSpecies",
    "off": 1917,
    "sff": "rat"
  },
  {
    "docID": "N047 Zhao 2011 21855577",
    "et": "RatSpecies",
    "off": 53764,
    "sff": "rat"
  },
  {
    "docID": "N047 Zhao 2011 21855577",
    "et": "RatSpecies",
    "off": 29165,
    "sff": "rat"
  },
  {
    "docID": "N047 Zhao 2011 21855577",
    "et": "RatSpecies",
    "off": 9616,
    "sff": "rat"
  },
  {
    "docID": "N047 Zhao 2011 21855577",
    "et": "RatSpecies",
    "off": 35834,
    "sff": "rat"
  },
  {
    "docID": "N047 Zhao 2011 21855577",
    "et": "RatSpecies",
    "off": 6038,
    "sff": "rat"
  },
  {
    "docID": "N047 Zhao 2011 21855577",
    "et": "RatSpecies",
    "off": 34171,
    "sff": "rat"
  },
  {
    "docID": "N047 Zhao 2011 21855577",
    "et": "RatSpecies",
    "off": 35990,
    "sff": "rat"
  },
  {
    "docID": "N047 Zhao 2011 21855577",
    "et": "Male",
    "off": 16527,
    "sff": "Male"
  },
  {
    "docID": "N047 Zhao 2011 21855577",
    "et": "MouseSpecies",
    "off": 11278,
    "sff": "mouse"
  },
  {
    "docID": "N047 Zhao 2011 21855577",
    "et": "MouseSpecies",
    "off": 15969,
    "sff": "mouse"
  },
  {
    "docID": "N047 Zhao 2011 21855577",
    "et": "MouseSpecies",
    "off": 16037,
    "sff": "mouse"
  },
  {
    "docID": "N047 Zhao 2011 21855577",
    "et": "MouseSpecies",
    "off": 50902,
    "sff": "mouse"
  },
  {
    "docID": "N047 Zhao 2011 21855577",
    "et": "MouseSpecies",
    "off": 10762,
    "sff": "mouse"
  },
  {
    "docID": "N047 Zhao 2011 21855577",
    "et": "Adult",
    "off": 50896,
    "sff": "adult"
  },
  {
    "docID": "N047 Zhao 2011 21855577",
    "et": "Adult",
    "off": 35984,
    "sff": "adult"
  },
  {
    "docID": "N047 Zhao 2011 21855577",
    "et": "Adult",
    "off": 51055,
    "sff": "adult"
  },
  {
    "docID": "N047 Zhao 2011 21855577",
    "et": "Adult",
    "off": 53758,
    "sff": "adult"
  },
  {
    "docID": "N047 Zhao 2011 21855577",
    "et": "Adult",
    "off": 1911,
    "sff": "adult"
  },
  {
    "docID": "N047 Zhao 2011 21855577",
    "et": "Adult",
    "off": 16532,
    "sff": "adult"
  },
  {
    "docID": "N047 Zhao 2011 21855577",
    "et": "LongEvansRat",
    "off": 44823,
    "sff": "long"
  },
  {
    "docID": "N047 Zhao 2011 21855577",
    "et": "LongEvansRat",
    "off": 53101,
    "sff": "long"
  },
  {
    "docID": "N047 Zhao 2011 21855577",
    "et": "LongEvansRat",
    "off": 49426,
    "sff": "long"
  },
  {
    "docID": "N047 Zhao 2011 21855577",
    "et": "LongEvansRat",
    "off": 11906,
    "sff": "long"
  },
  {
    "docID": "N047 Zhao 2011 21855577",
    "et": "Age",
    "off": 32832,
    "sff": "4 weeks"
  },
  {
    "docID": "N047 Zhao 2011 21855577",
    "et": "Age",
    "off": 36044,
    "sff": "8 weeks"
  },
  {
    "docID": "N047 Zhao 2011 21855577",
    "et": "Age",
    "off": 32197,
    "sff": "4 weeks"
  },
  {
    "docID": "N047 Zhao 2011 21855577",
    "et": "Age",
    "off": 44485,
    "sff": "4 weeks"
  },
  {
    "docID": "N047 Zhao 2011 21855577",
    "et": "Age",
    "off": 45979,
    "sff": "3 days"
  },
  {
    "docID": "N047 Zhao 2011 21855577",
    "et": "Age",
    "off": 48298,
    "sff": "8-10 weeks"
  },
  {
    "docID": "N047 Zhao 2011 21855577",
    "et": "Age",
    "off": 33195,
    "sff": "2 weeks"
  },
  {
    "docID": "N047 Zhao 2011 21855577",
    "et": "Age",
    "off": 41334,
    "sff": "5d"
  },
  {
    "docID": "N047 Zhao 2011 21855577",
    "et": "Age",
    "off": 19495,
    "sff": "2 weeks"
  },
  {
    "docID": "N047 Zhao 2011 21855577",
    "et": "Age",
    "off": 39121,
    "sff": "4 weeks"
  },
  {
    "docID": "N047 Zhao 2011 21855577",
    "et": "Age",
    "off": 45651,
    "sff": "4 weeks"
  },
  {
    "docID": "N047 Zhao 2011 21855577",
    "et": "Age",
    "off": 5845,
    "sff": "2-3 weeks"
  },
  {
    "docID": "N047 Zhao 2011 21855577",
    "et": "Age",
    "off": 28754,
    "sff": "4-week"
  },
  {
    "docID": "N047 Zhao 2011 21855577",
    "et": "Age",
    "off": 30165,
    "sff": "4 weeks"
  },
  {
    "docID": "N047 Zhao 2011 21855577",
    "et": "Age",
    "off": 28232,
    "sff": "4 weeks"
  },
  {
    "docID": "N047 Zhao 2011 21855577",
    "et": "Age",
    "off": 36894,
    "sff": "2 weeks"
  },
  {
    "docID": "N047 Zhao 2011 21855577",
    "et": "Age",
    "off": 36374,
    "sff": "2 weeks"
  },
  {
    "docID": "N047 Zhao 2011 21855577",
    "et": "Age",
    "off": 37857,
    "sff": "4 weeks"
  },
  {
    "docID": "N047 Zhao 2011 21855577",
    "et": "Age",
    "off": 20094,
    "sff": "14-19 days"
  },
  {
    "docID": "N047 Zhao 2011 21855577",
    "et": "Age",
    "off": 8925,
    "sff": "14 days"
  },
  {
    "docID": "N047 Zhao 2011 21855577",
    "et": "Age",
    "off": 38493,
    "sff": "4 weeks"
  },
  {
    "docID": "N047 Zhao 2011 21855577",
    "et": "Age",
    "off": 16562,
    "sff": "3 months"
  },
  {
    "docID": "N047 Zhao 2011 21855577",
    "et": "Age",
    "off": 17502,
    "sff": "8 weeks"
  },
  {
    "docID": "N047 Zhao 2011 21855577",
    "et": "Age",
    "off": 27761,
    "sff": "4 weeks"
  },
  {
    "docID": "N047 Zhao 2011 21855577",
    "et": "Age",
    "off": 43377,
    "sff": "4 weeks"
  },
  {
    "docID": "N047 Zhao 2011 21855577",
    "et": "Age",
    "off": 29430,
    "sff": "4 weeks"
  },
  {
    "docID": "N047 Zhao 2011 21855577",
    "et": "Age",
    "off": 38913,
    "sff": "2 weeks"
  },
  {
    "docID": "N047 Zhao 2011 21855577",
    "et": "Age",
    "off": 43777,
    "sff": "2 weeks"
  },
  {
    "docID": "N047 Zhao 2011 21855577",
    "et": "Age",
    "off": 44521,
    "sff": "4 weeks"
  },
  {
    "docID": "N047 Zhao 2011 21855577",
    "et": "Age",
    "off": 48055,
    "sff": "4-week"
  },
  {
    "docID": "N047 Zhao 2011 21855577",
    "et": "Age",
    "off": 33143,
    "sff": "4 weeks"
  },
  {
    "docID": "N047 Zhao 2011 21855577",
    "et": "Age",
    "off": 33632,
    "sff": "2 days"
  },
  {
    "docID": "N047 Zhao 2011 21855577",
    "et": "Age",
    "off": 27514,
    "sff": "4 weeks"
  },
  {
    "docID": "N047 Zhao 2011 21855577",
    "et": "Age",
    "off": 29292,
    "sff": "2 weeks"
  },
  {
    "docID": "N047 Zhao 2011 21855577",
    "et": "Age",
    "off": 45712,
    "sff": "4 weeks"
  },
  {
    "docID": "N047 Zhao 2011 21855577",
    "et": "Age",
    "off": 46181,
    "sff": "2 weeks"
  },
  {
    "docID": "N047 Zhao 2011 21855577",
    "et": "Age",
    "off": 37209,
    "sff": "3d"
  },
  {
    "docID": "N047 Zhao 2011 21855577",
    "et": "Age",
    "off": 27670,
    "sff": "4 weeks"
  },
  {
    "docID": "N047 Zhao 2011 21855577",
    "et": "Age",
    "off": 24143,
    "sff": "3 days"
  },
  {
    "docID": "N047 Zhao 2011 21855577",
    "et": "Age",
    "off": 28938,
    "sff": "4 weeks"
  },
  {
    "docID": "N047 Zhao 2011 21855577",
    "et": "Age",
    "off": 28890,
    "sff": "2 weeks"
  },
  {
    "docID": "N047 Zhao 2011 21855577",
    "et": "Age",
    "off": 44448,
    "sff": "4 weeks"
  },
  {
    "docID": "N047 Zhao 2011 21855577",
    "et": "Age",
    "off": 27093,
    "sff": "2 weeks"
  },
  {
    "docID": "N047 Zhao 2011 21855577",
    "et": "Age",
    "off": 47777,
    "sff": "10 days"
  },
  {
    "docID": "N047 Zhao 2011 21855577",
    "et": "Age",
    "off": 2084,
    "sff": "4 weeks"
  },
  {
    "docID": "N047 Zhao 2011 21855577",
    "et": "Age",
    "off": 36903,
    "sff": "Four weeks"
  },
  {
    "docID": "N047 Zhao 2011 21855577",
    "et": "Age",
    "off": 6019,
    "sff": "6 days"
  },
  {
    "docID": "N047 Zhao 2011 21855577",
    "et": "Age",
    "off": 43803,
    "sff": "4 weeks"
  },
  {
    "docID": "N047 Zhao 2011 21855577",
    "et": "Age",
    "off": 29607,
    "sff": "8 weeks"
  },
  {
    "docID": "N047 Zhao 2011 21855577",
    "et": "Age",
    "off": 28781,
    "sff": "4-week"
  },
  {
    "docID": "N047 Zhao 2011 21855577",
    "et": "Age",
    "off": 40241,
    "sff": "4 weeks"
  },
  {
    "docID": "N047 Zhao 2011 21855577",
    "et": "Age",
    "off": 22955,
    "sff": "4 weeks"
  },
  {
    "docID": "N047 Zhao 2011 21855577",
    "et": "Age",
    "off": 42541,
    "sff": "4 weeks"
  },
  {
    "docID": "N047 Zhao 2011 21855577",
    "et": "Age",
    "off": 29742,
    "sff": "4 weeks"
  }
]
