[
  {
    "docID": "N048 Garcia-Alias 2015 25666586",
    "et": "Weight",
    "off": 9385,
    "sff": "45 mg"
  },
  {
    "docID": "N048 Garcia-Alias 2015 25666586",
    "et": "Weight",
    "off": 23578,
    "sff": "397 ± 101 g"
  },
  {
    "docID": "N048 Garcia-Alias 2015 25666586",
    "et": "Weight",
    "off": 20225,
    "sff": "1g"
  },
  {
    "docID": "N048 Garcia-Alias 2015 25666586",
    "et": "Weight",
    "off": 23524,
    "sff": "35 g"
  },
  {
    "docID": "N048 Garcia-Alias 2015 25666586",
    "et": "Weight",
    "off": 7537,
    "sff": "280-300 g"
  },
  {
    "docID": "N048 Garcia-Alias 2015 25666586",
    "et": "RatModel",
    "off": 18707,
    "sff": "rat"
  },
  {
    "docID": "N048 Garcia-Alias 2015 25666586",
    "et": "RatModel",
    "off": 43605,
    "sff": "rat"
  },
  {
    "docID": "N048 Garcia-Alias 2015 25666586",
    "et": "RatModel",
    "off": 44277,
    "sff": "rat"
  },
  {
    "docID": "N048 Garcia-Alias 2015 25666586",
    "et": "RatModel",
    "off": 46421,
    "sff": "rat"
  },
  {
    "docID": "N048 Garcia-Alias 2015 25666586",
    "et": "RatModel",
    "off": 45297,
    "sff": "rat"
  },
  {
    "docID": "N048 Garcia-Alias 2015 25666586",
    "et": "RatModel",
    "off": 47056,
    "sff": "rat"
  },
  {
    "docID": "N048 Garcia-Alias 2015 25666586",
    "et": "RatModel",
    "off": 10011,
    "sff": "rat"
  },
  {
    "docID": "N048 Garcia-Alias 2015 25666586",
    "et": "RatModel",
    "off": 46650,
    "sff": "rat"
  },
  {
    "docID": "N048 Garcia-Alias 2015 25666586",
    "et": "RatModel",
    "off": 46842,
    "sff": "rat"
  },
  {
    "docID": "N048 Garcia-Alias 2015 25666586",
    "et": "RatModel",
    "off": 16759,
    "sff": "rat"
  },
  {
    "docID": "N048 Garcia-Alias 2015 25666586",
    "et": "RatModel",
    "off": 16836,
    "sff": "rat"
  },
  {
    "docID": "N048 Garcia-Alias 2015 25666586",
    "et": "RatModel",
    "off": 18398,
    "sff": "rat"
  },
  {
    "docID": "N048 Garcia-Alias 2015 25666586",
    "et": "RatModel",
    "off": 41280,
    "sff": "rat"
  },
  {
    "docID": "N048 Garcia-Alias 2015 25666586",
    "et": "RatModel",
    "off": 43840,
    "sff": "rat"
  },
  {
    "docID": "N048 Garcia-Alias 2015 25666586",
    "et": "RatModel",
    "off": 44576,
    "sff": "rat"
  },
  {
    "docID": "N048 Garcia-Alias 2015 25666586",
    "et": "RatModel",
    "off": 18666,
    "sff": "rat"
  },
  {
    "docID": "N048 Garcia-Alias 2015 25666586",
    "et": "RatModel",
    "off": 17036,
    "sff": "rat"
  },
  {
    "docID": "N048 Garcia-Alias 2015 25666586",
    "et": "RatModel",
    "off": 11207,
    "sff": "rat"
  },
  {
    "docID": "N048 Garcia-Alias 2015 25666586",
    "et": "RatModel",
    "off": 42855,
    "sff": "rat"
  },
  {
    "docID": "N048 Garcia-Alias 2015 25666586",
    "et": "RatModel",
    "off": 19110,
    "sff": "rat"
  },
  {
    "docID": "N048 Garcia-Alias 2015 25666586",
    "et": "RatModel",
    "off": 44106,
    "sff": "Rat"
  },
  {
    "docID": "N048 Garcia-Alias 2015 25666586",
    "et": "AnimalSpecies",
    "off": 29124,
    "sff": "species"
  },
  {
    "docID": "N048 Garcia-Alias 2015 25666586",
    "et": "NewZealandRabbit",
    "off": 44161,
    "sff": "New"
  },
  {
    "docID": "N048 Garcia-Alias 2015 25666586",
    "et": "NewZealandRabbit",
    "off": 4108,
    "sff": "new"
  },
  {
    "docID": "N048 Garcia-Alias 2015 25666586",
    "et": "NewZealandRabbit",
    "off": 37854,
    "sff": "new"
  },
  {
    "docID": "N048 Garcia-Alias 2015 25666586",
    "et": "NewZealandRabbit",
    "off": 40129,
    "sff": "new"
  },
  {
    "docID": "N048 Garcia-Alias 2015 25666586",
    "et": "RabbitSpecies",
    "off": 14231,
    "sff": "rabbit"
  },
  {
    "docID": "N048 Garcia-Alias 2015 25666586",
    "et": "Young",
    "off": 3084,
    "sff": "Young"
  },
  {
    "docID": "N048 Garcia-Alias 2015 25666586",
    "et": "Aged",
    "off": 45506,
    "sff": "aged"
  },
  {
    "docID": "N048 Garcia-Alias 2015 25666586",
    "et": "MouseModel",
    "off": 14847,
    "sff": "mouse"
  },
  {
    "docID": "N048 Garcia-Alias 2015 25666586",
    "et": "RabbitModel",
    "off": 14231,
    "sff": "rabbit"
  },
  {
    "docID": "N048 Garcia-Alias 2015 25666586",
    "et": "AgeCategory",
    "off": 23604,
    "sff": "age"
  },
  {
    "docID": "N048 Garcia-Alias 2015 25666586",
    "et": "AgeCategory",
    "off": 11648,
    "sff": "age"
  },
  {
    "docID": "N048 Garcia-Alias 2015 25666586",
    "et": "RatSpecies",
    "off": 43605,
    "sff": "rat"
  },
  {
    "docID": "N048 Garcia-Alias 2015 25666586",
    "et": "RatSpecies",
    "off": 44277,
    "sff": "rat"
  },
  {
    "docID": "N048 Garcia-Alias 2015 25666586",
    "et": "RatSpecies",
    "off": 46421,
    "sff": "rat"
  },
  {
    "docID": "N048 Garcia-Alias 2015 25666586",
    "et": "RatSpecies",
    "off": 18707,
    "sff": "rat"
  },
  {
    "docID": "N048 Garcia-Alias 2015 25666586",
    "et": "RatSpecies",
    "off": 45297,
    "sff": "rat"
  },
  {
    "docID": "N048 Garcia-Alias 2015 25666586",
    "et": "RatSpecies",
    "off": 16759,
    "sff": "rat"
  },
  {
    "docID": "N048 Garcia-Alias 2015 25666586",
    "et": "RatSpecies",
    "off": 10011,
    "sff": "rat"
  },
  {
    "docID": "N048 Garcia-Alias 2015 25666586",
    "et": "RatSpecies",
    "off": 41280,
    "sff": "rat"
  },
  {
    "docID": "N048 Garcia-Alias 2015 25666586",
    "et": "RatSpecies",
    "off": 43840,
    "sff": "rat"
  },
  {
    "docID": "N048 Garcia-Alias 2015 25666586",
    "et": "RatSpecies",
    "off": 44576,
    "sff": "rat"
  },
  {
    "docID": "N048 Garcia-Alias 2015 25666586",
    "et": "RatSpecies",
    "off": 46650,
    "sff": "rat"
  },
  {
    "docID": "N048 Garcia-Alias 2015 25666586",
    "et": "RatSpecies",
    "off": 46842,
    "sff": "rat"
  },
  {
    "docID": "N048 Garcia-Alias 2015 25666586",
    "et": "RatSpecies",
    "off": 18398,
    "sff": "rat"
  },
  {
    "docID": "N048 Garcia-Alias 2015 25666586",
    "et": "RatSpecies",
    "off": 16836,
    "sff": "rat"
  },
  {
    "docID": "N048 Garcia-Alias 2015 25666586",
    "et": "RatSpecies",
    "off": 42855,
    "sff": "rat"
  },
  {
    "docID": "N048 Garcia-Alias 2015 25666586",
    "et": "RatSpecies",
    "off": 11207,
    "sff": "rat"
  },
  {
    "docID": "N048 Garcia-Alias 2015 25666586",
    "et": "RatSpecies",
    "off": 19110,
    "sff": "rat"
  },
  {
    "docID": "N048 Garcia-Alias 2015 25666586",
    "et": "RatSpecies",
    "off": 17036,
    "sff": "rat"
  },
  {
    "docID": "N048 Garcia-Alias 2015 25666586",
    "et": "RatSpecies",
    "off": 44106,
    "sff": "Rat"
  },
  {
    "docID": "N048 Garcia-Alias 2015 25666586",
    "et": "RatSpecies",
    "off": 18666,
    "sff": "rat"
  },
  {
    "docID": "N048 Garcia-Alias 2015 25666586",
    "et": "RatSpecies",
    "off": 47056,
    "sff": "rat"
  },
  {
    "docID": "N048 Garcia-Alias 2015 25666586",
    "et": "MouseSpecies",
    "off": 14847,
    "sff": "mouse"
  },
  {
    "docID": "N048 Garcia-Alias 2015 25666586",
    "et": "CatSpecies",
    "off": 40515,
    "sff": "cat"
  },
  {
    "docID": "N048 Garcia-Alias 2015 25666586",
    "et": "CatSpecies",
    "off": 39290,
    "sff": "cat"
  },
  {
    "docID": "N048 Garcia-Alias 2015 25666586",
    "et": "Adult",
    "off": 7507,
    "sff": "adult"
  },
  {
    "docID": "N048 Garcia-Alias 2015 25666586",
    "et": "Adult",
    "off": 42849,
    "sff": "adult"
  },
  {
    "docID": "N048 Garcia-Alias 2015 25666586",
    "et": "Adult",
    "off": 40157,
    "sff": "adult"
  },
  {
    "docID": "N048 Garcia-Alias 2015 25666586",
    "et": "Adult",
    "off": 45661,
    "sff": "adult"
  },
  {
    "docID": "N048 Garcia-Alias 2015 25666586",
    "et": "Adult",
    "off": 1478,
    "sff": "Adult"
  },
  {
    "docID": "N048 Garcia-Alias 2015 25666586",
    "et": "Adult",
    "off": 44570,
    "sff": "adult"
  },
  {
    "docID": "N048 Garcia-Alias 2015 25666586",
    "et": "LongEvansRat",
    "off": 7520,
    "sff": "Long Evans"
  },
  {
    "docID": "N048 Garcia-Alias 2015 25666586",
    "et": "LongEvansRat",
    "off": 7520,
    "sff": "Long Evans rats"
  },
  {
    "docID": "N048 Garcia-Alias 2015 25666586",
    "et": "LongEvansRat",
    "off": 11983,
    "sff": "long"
  },
  {
    "docID": "N048 Garcia-Alias 2015 25666586",
    "et": "CatModel",
    "off": 39290,
    "sff": "cat"
  },
  {
    "docID": "N048 Garcia-Alias 2015 25666586",
    "et": "CatModel",
    "off": 40515,
    "sff": "cat"
  },
  {
    "docID": "N048 Garcia-Alias 2015 25666586",
    "et": "MonkeyModel",
    "off": 43147,
    "sff": "monkey"
  },
  {
    "docID": "N048 Garcia-Alias 2015 25666586",
    "et": "MonkeyModel",
    "off": 40818,
    "sff": "monkey"
  },
  {
    "docID": "N048 Garcia-Alias 2015 25666586",
    "et": "Female",
    "off": 7513,
    "sff": "female"
  },
  {
    "docID": "N048 Garcia-Alias 2015 25666586",
    "et": "MonkeySpecies",
    "off": 43147,
    "sff": "monkey"
  },
  {
    "docID": "N048 Garcia-Alias 2015 25666586",
    "et": "MonkeySpecies",
    "off": 40818,
    "sff": "monkey"
  },
  {
    "docID": "N048 Garcia-Alias 2015 25666586",
    "et": "Age",
    "off": 11805,
    "sff": "6 weeks"
  },
  {
    "docID": "N048 Garcia-Alias 2015 25666586",
    "et": "Age",
    "off": 18358,
    "sff": "42 days"
  },
  {
    "docID": "N048 Garcia-Alias 2015 25666586",
    "et": "Age",
    "off": 18742,
    "sff": "42 days"
  },
  {
    "docID": "N048 Garcia-Alias 2015 25666586",
    "et": "Age",
    "off": 20769,
    "sff": "1 day"
  },
  {
    "docID": "N048 Garcia-Alias 2015 25666586",
    "et": "Age",
    "off": 24160,
    "sff": "2D"
  },
  {
    "docID": "N048 Garcia-Alias 2015 25666586",
    "et": "Age",
    "off": 12591,
    "sff": "5 days"
  },
  {
    "docID": "N048 Garcia-Alias 2015 25666586",
    "et": "Age",
    "off": 12380,
    "sff": "1 week"
  },
  {
    "docID": "N048 Garcia-Alias 2015 25666586",
    "et": "Age",
    "off": 18881,
    "sff": "42 days"
  },
  {
    "docID": "N048 Garcia-Alias 2015 25666586",
    "et": "Age",
    "off": 23460,
    "sff": "6 weeks"
  },
  {
    "docID": "N048 Garcia-Alias 2015 25666586",
    "et": "Age",
    "off": 21049,
    "sff": "7 days"
  },
  {
    "docID": "N048 Garcia-Alias 2015 25666586",
    "et": "Age",
    "off": 1752,
    "sff": "7 days"
  },
  {
    "docID": "N048 Garcia-Alias 2015 25666586",
    "et": "Age",
    "off": 21880,
    "sff": "7 days"
  },
  {
    "docID": "N048 Garcia-Alias 2015 25666586",
    "et": "Age",
    "off": 24454,
    "sff": "6 weeks"
  },
  {
    "docID": "N048 Garcia-Alias 2015 25666586",
    "et": "Age",
    "off": 18206,
    "sff": "42 days"
  },
  {
    "docID": "N048 Garcia-Alias 2015 25666586",
    "et": "Age",
    "off": 22256,
    "sff": "42 days"
  },
  {
    "docID": "N048 Garcia-Alias 2015 25666586",
    "et": "Age",
    "off": 19951,
    "sff": "1D"
  },
  {
    "docID": "N048 Garcia-Alias 2015 25666586",
    "et": "Age",
    "off": 9779,
    "sff": "6 weeks"
  },
  {
    "docID": "N048 Garcia-Alias 2015 25666586",
    "et": "Age",
    "off": 18577,
    "sff": "42 days"
  },
  {
    "docID": "N048 Garcia-Alias 2015 25666586",
    "et": "Age",
    "off": 22729,
    "sff": "42 days"
  },
  {
    "docID": "N048 Garcia-Alias 2015 25666586",
    "et": "Age",
    "off": 22486,
    "sff": "6 weeks"
  },
  {
    "docID": "N048 Garcia-Alias 2015 25666586",
    "et": "Age",
    "off": 2094,
    "sff": "42 days"
  },
  {
    "docID": "N048 Garcia-Alias 2015 25666586",
    "et": "Age",
    "off": 13394,
    "sff": "Ten days"
  },
  {
    "docID": "N048 Garcia-Alias 2015 25666586",
    "et": "Age",
    "off": 25434,
    "sff": "3D"
  },
  {
    "docID": "N048 Garcia-Alias 2015 25666586",
    "et": "Age",
    "off": 11160,
    "sff": "6 weeks"
  }
]
