[
  {
    "docID": "N049 Wang 2011 21299884",
    "et": "LewisRat",
    "off": 56928,
    "sff": "Lewis"
  },
  {
    "docID": "N049 Wang 2011 21299884",
    "et": "Weight",
    "off": 35304,
    "sff": "4G"
  },
  {
    "docID": "N049 Wang 2011 21299884",
    "et": "Weight",
    "off": 7679,
    "sff": "250 g ± 30"
  },
  {
    "docID": "N049 Wang 2011 21299884",
    "et": "Weight",
    "off": 15954,
    "sff": "10-gm"
  },
  {
    "docID": "N049 Wang 2011 21299884",
    "et": "Weight",
    "off": 7802,
    "sff": "10-g"
  },
  {
    "docID": "N049 Wang 2011 21299884",
    "et": "Weight",
    "off": 11332,
    "sff": "6 and 0.16 g"
  },
  {
    "docID": "N049 Wang 2011 21299884",
    "et": "Weight",
    "off": 11318,
    "sff": "0.1 g"
  },
  {
    "docID": "N049 Wang 2011 21299884",
    "et": "RatModel",
    "off": 28627,
    "sff": "rat"
  },
  {
    "docID": "N049 Wang 2011 21299884",
    "et": "RatModel",
    "off": 52683,
    "sff": "rat"
  },
  {
    "docID": "N049 Wang 2011 21299884",
    "et": "RatModel",
    "off": 48237,
    "sff": "rat"
  },
  {
    "docID": "N049 Wang 2011 21299884",
    "et": "RatModel",
    "off": 20418,
    "sff": "rat"
  },
  {
    "docID": "N049 Wang 2011 21299884",
    "et": "RatModel",
    "off": 26434,
    "sff": "rat"
  },
  {
    "docID": "N049 Wang 2011 21299884",
    "et": "RatModel",
    "off": 55716,
    "sff": "rat"
  },
  {
    "docID": "N049 Wang 2011 21299884",
    "et": "RatModel",
    "off": 55287,
    "sff": "rat"
  },
  {
    "docID": "N049 Wang 2011 21299884",
    "et": "RatModel",
    "off": 35129,
    "sff": "rat"
  },
  {
    "docID": "N049 Wang 2011 21299884",
    "et": "RatModel",
    "off": 52445,
    "sff": "rat"
  },
  {
    "docID": "N049 Wang 2011 21299884",
    "et": "RatModel",
    "off": 19451,
    "sff": "rat"
  },
  {
    "docID": "N049 Wang 2011 21299884",
    "et": "RatModel",
    "off": 53502,
    "sff": "rat"
  },
  {
    "docID": "N049 Wang 2011 21299884",
    "et": "RatModel",
    "off": 50910,
    "sff": "rat"
  },
  {
    "docID": "N049 Wang 2011 21299884",
    "et": "RatModel",
    "off": 20541,
    "sff": "rat"
  },
  {
    "docID": "N049 Wang 2011 21299884",
    "et": "NewZealandRabbit",
    "off": 56491,
    "sff": "New"
  },
  {
    "docID": "N049 Wang 2011 21299884",
    "et": "NewZealandRabbit",
    "off": 7919,
    "sff": "New"
  },
  {
    "docID": "N049 Wang 2011 21299884",
    "et": "NewZealandRabbit",
    "off": 50795,
    "sff": "new"
  },
  {
    "docID": "N049 Wang 2011 21299884",
    "et": "NewZealandRabbit",
    "off": 56307,
    "sff": "New"
  },
  {
    "docID": "N049 Wang 2011 21299884",
    "et": "SpragueDawleyRat",
    "off": 7658,
    "sff": "Sprague-Dawley rats"
  },
  {
    "docID": "N049 Wang 2011 21299884",
    "et": "SpragueDawleyRat",
    "off": 19437,
    "sff": "SpragueDawley"
  },
  {
    "docID": "N049 Wang 2011 21299884",
    "et": "SpragueDawleyRat",
    "off": 19437,
    "sff": "SpragueDawley rat"
  },
  {
    "docID": "N049 Wang 2011 21299884",
    "et": "SpragueDawleyRat",
    "off": 7658,
    "sff": "Sprague-Dawley"
  },
  {
    "docID": "N049 Wang 2011 21299884",
    "et": "Mixed",
    "off": 19289,
    "sff": "mixed"
  },
  {
    "docID": "N049 Wang 2011 21299884",
    "et": "Mixed",
    "off": 19479,
    "sff": "mixed"
  },
  {
    "docID": "N049 Wang 2011 21299884",
    "et": "Mixed",
    "off": 19752,
    "sff": "Mixed"
  },
  {
    "docID": "N049 Wang 2011 21299884",
    "et": "RatSpecies",
    "off": 28627,
    "sff": "rat"
  },
  {
    "docID": "N049 Wang 2011 21299884",
    "et": "RatSpecies",
    "off": 55287,
    "sff": "rat"
  },
  {
    "docID": "N049 Wang 2011 21299884",
    "et": "RatSpecies",
    "off": 35129,
    "sff": "rat"
  },
  {
    "docID": "N049 Wang 2011 21299884",
    "et": "RatSpecies",
    "off": 52683,
    "sff": "rat"
  },
  {
    "docID": "N049 Wang 2011 21299884",
    "et": "RatSpecies",
    "off": 48237,
    "sff": "rat"
  },
  {
    "docID": "N049 Wang 2011 21299884",
    "et": "RatSpecies",
    "off": 26434,
    "sff": "rat"
  },
  {
    "docID": "N049 Wang 2011 21299884",
    "et": "RatSpecies",
    "off": 55716,
    "sff": "rat"
  },
  {
    "docID": "N049 Wang 2011 21299884",
    "et": "RatSpecies",
    "off": 20541,
    "sff": "rat"
  },
  {
    "docID": "N049 Wang 2011 21299884",
    "et": "RatSpecies",
    "off": 19451,
    "sff": "rat"
  },
  {
    "docID": "N049 Wang 2011 21299884",
    "et": "RatSpecies",
    "off": 52445,
    "sff": "rat"
  },
  {
    "docID": "N049 Wang 2011 21299884",
    "et": "RatSpecies",
    "off": 50910,
    "sff": "rat"
  },
  {
    "docID": "N049 Wang 2011 21299884",
    "et": "RatSpecies",
    "off": 53502,
    "sff": "rat"
  },
  {
    "docID": "N049 Wang 2011 21299884",
    "et": "RatSpecies",
    "off": 20418,
    "sff": "rat"
  },
  {
    "docID": "N049 Wang 2011 21299884",
    "et": "CatSpecies",
    "off": 44284,
    "sff": "CAT"
  },
  {
    "docID": "N049 Wang 2011 21299884",
    "et": "CatSpecies",
    "off": 14318,
    "sff": "CAT"
  },
  {
    "docID": "N049 Wang 2011 21299884",
    "et": "CatSpecies",
    "off": 18334,
    "sff": "CAT"
  },
  {
    "docID": "N049 Wang 2011 21299884",
    "et": "CatSpecies",
    "off": 24078,
    "sff": "CAT"
  },
  {
    "docID": "N049 Wang 2011 21299884",
    "et": "CatSpecies",
    "off": 39416,
    "sff": "CAT"
  },
  {
    "docID": "N049 Wang 2011 21299884",
    "et": "CatSpecies",
    "off": 24667,
    "sff": "CAT"
  },
  {
    "docID": "N049 Wang 2011 21299884",
    "et": "CatSpecies",
    "off": 32171,
    "sff": "CAT"
  },
  {
    "docID": "N049 Wang 2011 21299884",
    "et": "CatSpecies",
    "off": 41819,
    "sff": "CAT"
  },
  {
    "docID": "N049 Wang 2011 21299884",
    "et": "CatSpecies",
    "off": 1478,
    "sff": "CAT"
  },
  {
    "docID": "N049 Wang 2011 21299884",
    "et": "CatSpecies",
    "off": 32592,
    "sff": "CAT"
  },
  {
    "docID": "N049 Wang 2011 21299884",
    "et": "Adult",
    "off": 7652,
    "sff": "adult"
  },
  {
    "docID": "N049 Wang 2011 21299884",
    "et": "Adult",
    "off": 51948,
    "sff": "adult"
  },
  {
    "docID": "N049 Wang 2011 21299884",
    "et": "CatModel",
    "off": 14318,
    "sff": "CAT"
  },
  {
    "docID": "N049 Wang 2011 21299884",
    "et": "CatModel",
    "off": 18334,
    "sff": "CAT"
  },
  {
    "docID": "N049 Wang 2011 21299884",
    "et": "CatModel",
    "off": 24078,
    "sff": "CAT"
  },
  {
    "docID": "N049 Wang 2011 21299884",
    "et": "CatModel",
    "off": 32592,
    "sff": "CAT"
  },
  {
    "docID": "N049 Wang 2011 21299884",
    "et": "CatModel",
    "off": 41819,
    "sff": "CAT"
  },
  {
    "docID": "N049 Wang 2011 21299884",
    "et": "CatModel",
    "off": 44284,
    "sff": "CAT"
  },
  {
    "docID": "N049 Wang 2011 21299884",
    "et": "CatModel",
    "off": 24667,
    "sff": "CAT"
  },
  {
    "docID": "N049 Wang 2011 21299884",
    "et": "CatModel",
    "off": 32171,
    "sff": "CAT"
  },
  {
    "docID": "N049 Wang 2011 21299884",
    "et": "CatModel",
    "off": 1478,
    "sff": "CAT"
  },
  {
    "docID": "N049 Wang 2011 21299884",
    "et": "CatModel",
    "off": 39416,
    "sff": "CAT"
  },
  {
    "docID": "N049 Wang 2011 21299884",
    "et": "Female",
    "off": 7645,
    "sff": "Female"
  },
  {
    "docID": "N049 Wang 2011 21299884",
    "et": "Age",
    "off": 19898,
    "sff": "Eight days"
  },
  {
    "docID": "N049 Wang 2011 21299884",
    "et": "Age",
    "off": 34299,
    "sff": "4D"
  },
  {
    "docID": "N049 Wang 2011 21299884",
    "et": "Age",
    "off": 22972,
    "sff": "1 day"
  },
  {
    "docID": "N049 Wang 2011 21299884",
    "et": "Age",
    "off": 26109,
    "sff": "1 day"
  },
  {
    "docID": "N049 Wang 2011 21299884",
    "et": "Age",
    "off": 46726,
    "sff": "two weeks"
  },
  {
    "docID": "N049 Wang 2011 21299884",
    "et": "Age",
    "off": 41953,
    "sff": "1 day"
  },
  {
    "docID": "N049 Wang 2011 21299884",
    "et": "Age",
    "off": 19888,
    "sff": "2-3 days"
  },
  {
    "docID": "N049 Wang 2011 21299884",
    "et": "Age",
    "off": 40350,
    "sff": "2D"
  },
  {
    "docID": "N049 Wang 2011 21299884",
    "et": "Age",
    "off": 10718,
    "sff": "2D"
  },
  {
    "docID": "N049 Wang 2011 21299884",
    "et": "Age",
    "off": 42579,
    "sff": "7 day"
  },
  {
    "docID": "N049 Wang 2011 21299884",
    "et": "Age",
    "off": 19425,
    "sff": "1-2-day-old"
  },
  {
    "docID": "N049 Wang 2011 21299884",
    "et": "Age",
    "off": 42995,
    "sff": "two weeks"
  },
  {
    "docID": "N049 Wang 2011 21299884",
    "et": "Age",
    "off": 28669,
    "sff": "3 day"
  },
  {
    "docID": "N049 Wang 2011 21299884",
    "et": "Age",
    "off": 16664,
    "sff": "1 day"
  },
  {
    "docID": "N049 Wang 2011 21299884",
    "et": "Age",
    "off": 39618,
    "sff": "one week"
  },
  {
    "docID": "N049 Wang 2011 21299884",
    "et": "Age",
    "off": 37496,
    "sff": "2-3 days"
  },
  {
    "docID": "N049 Wang 2011 21299884",
    "et": "Age",
    "off": 6400,
    "sff": "2 weeks"
  },
  {
    "docID": "N049 Wang 2011 21299884",
    "et": "Age",
    "off": 29780,
    "sff": "2D"
  },
  {
    "docID": "N049 Wang 2011 21299884",
    "et": "Age",
    "off": 48345,
    "sff": "7 days"
  },
  {
    "docID": "N049 Wang 2011 21299884",
    "et": "Age",
    "off": 37512,
    "sff": "31 days"
  },
  {
    "docID": "N049 Wang 2011 21299884",
    "et": "Age",
    "off": 17182,
    "sff": "3 days"
  },
  {
    "docID": "N049 Wang 2011 21299884",
    "et": "Age",
    "off": 16600,
    "sff": "3-4 days"
  },
  {
    "docID": "N049 Wang 2011 21299884",
    "et": "Age",
    "off": 23246,
    "sff": "1 day"
  },
  {
    "docID": "N049 Wang 2011 21299884",
    "et": "Age",
    "off": 27727,
    "sff": "1 day"
  }
]
