[
  {
    "docID": "N050 Alilain, Horn et al. 2011",
    "et": "Weight",
    "off": 18797,
    "sff": "4g"
  },
  {
    "docID": "N050 Alilain, Horn et al. 2011",
    "et": "Weight",
    "off": 23545,
    "sff": "240-300 g"
  },
  {
    "docID": "N050 Alilain, Horn et al. 2011",
    "et": "Weight",
    "off": 29841,
    "sff": "1.6 g"
  },
  {
    "docID": "N050 Alilain, Horn et al. 2011",
    "et": "Weight",
    "off": 25579,
    "sff": "240-300 g"
  },
  {
    "docID": "N050 Alilain, Horn et al. 2011",
    "et": "Weight",
    "off": 25626,
    "sff": "70mg"
  },
  {
    "docID": "N050 Alilain, Horn et al. 2011",
    "et": "Weight",
    "off": 25663,
    "sff": "7 mg"
  },
  {
    "docID": "N050 Alilain, Horn et al. 2011",
    "et": "RatModel",
    "off": 38485,
    "sff": "rat"
  },
  {
    "docID": "N050 Alilain, Horn et al. 2011",
    "et": "RatModel",
    "off": 35098,
    "sff": "rat"
  },
  {
    "docID": "N050 Alilain, Horn et al. 2011",
    "et": "RatModel",
    "off": 37755,
    "sff": "rat"
  },
  {
    "docID": "N050 Alilain, Horn et al. 2011",
    "et": "RatModel",
    "off": 39643,
    "sff": "rat"
  },
  {
    "docID": "N050 Alilain, Horn et al. 2011",
    "et": "RatModel",
    "off": 37517,
    "sff": "rat"
  },
  {
    "docID": "N050 Alilain, Horn et al. 2011",
    "et": "RatModel",
    "off": 41947,
    "sff": "Rat"
  },
  {
    "docID": "N050 Alilain, Horn et al. 2011",
    "et": "RatModel",
    "off": 41859,
    "sff": "rat"
  },
  {
    "docID": "N050 Alilain, Horn et al. 2011",
    "et": "NewZealandRabbit",
    "off": 22076,
    "sff": "new"
  },
  {
    "docID": "N050 Alilain, Horn et al. 2011",
    "et": "NewZealandRabbit",
    "off": 23404,
    "sff": "new"
  },
  {
    "docID": "N050 Alilain, Horn et al. 2011",
    "et": "RabbitSpecies",
    "off": 33262,
    "sff": "rabbit"
  },
  {
    "docID": "N050 Alilain, Horn et al. 2011",
    "et": "SpragueDawleyRat",
    "off": 25540,
    "sff": "Sprague Dawley"
  },
  {
    "docID": "N050 Alilain, Horn et al. 2011",
    "et": "SpragueDawleyRat",
    "off": 25540,
    "sff": "Sprague Dawley rats"
  },
  {
    "docID": "N050 Alilain, Horn et al. 2011",
    "et": "SpragueDawleyRat",
    "off": 23517,
    "sff": "Sprague Dawley"
  },
  {
    "docID": "N050 Alilain, Horn et al. 2011",
    "et": "MouseModel",
    "off": 33086,
    "sff": "mouse"
  },
  {
    "docID": "N050 Alilain, Horn et al. 2011",
    "et": "RabbitModel",
    "off": 33262,
    "sff": "rabbit"
  },
  {
    "docID": "N050 Alilain, Horn et al. 2011",
    "et": "RatSpecies",
    "off": 38485,
    "sff": "rat"
  },
  {
    "docID": "N050 Alilain, Horn et al. 2011",
    "et": "RatSpecies",
    "off": 41859,
    "sff": "rat"
  },
  {
    "docID": "N050 Alilain, Horn et al. 2011",
    "et": "RatSpecies",
    "off": 37517,
    "sff": "rat"
  },
  {
    "docID": "N050 Alilain, Horn et al. 2011",
    "et": "RatSpecies",
    "off": 37755,
    "sff": "rat"
  },
  {
    "docID": "N050 Alilain, Horn et al. 2011",
    "et": "RatSpecies",
    "off": 39643,
    "sff": "rat"
  },
  {
    "docID": "N050 Alilain, Horn et al. 2011",
    "et": "RatSpecies",
    "off": 35098,
    "sff": "rat"
  },
  {
    "docID": "N050 Alilain, Horn et al. 2011",
    "et": "RatSpecies",
    "off": 41947,
    "sff": "Rat"
  },
  {
    "docID": "N050 Alilain, Horn et al. 2011",
    "et": "MouseSpecies",
    "off": 33086,
    "sff": "mouse"
  },
  {
    "docID": "N050 Alilain, Horn et al. 2011",
    "et": "Adult",
    "off": 22708,
    "sff": "adult"
  },
  {
    "docID": "N050 Alilain, Horn et al. 2011",
    "et": "Adult",
    "off": 21088,
    "sff": "adult"
  },
  {
    "docID": "N050 Alilain, Horn et al. 2011",
    "et": "Adult",
    "off": 25527,
    "sff": "Adult"
  },
  {
    "docID": "N050 Alilain, Horn et al. 2011",
    "et": "Adult",
    "off": 38479,
    "sff": "adult"
  },
  {
    "docID": "N050 Alilain, Horn et al. 2011",
    "et": "Adult",
    "off": 37435,
    "sff": "adult"
  },
  {
    "docID": "N050 Alilain, Horn et al. 2011",
    "et": "Adult",
    "off": 39099,
    "sff": "adult"
  },
  {
    "docID": "N050 Alilain, Horn et al. 2011",
    "et": "Adult",
    "off": 22105,
    "sff": "adult"
  },
  {
    "docID": "N050 Alilain, Horn et al. 2011",
    "et": "Adult",
    "off": 35161,
    "sff": "adult"
  },
  {
    "docID": "N050 Alilain, Horn et al. 2011",
    "et": "Adult",
    "off": 38808,
    "sff": "adult"
  },
  {
    "docID": "N050 Alilain, Horn et al. 2011",
    "et": "Adult",
    "off": 37749,
    "sff": "adult"
  },
  {
    "docID": "N050 Alilain, Horn et al. 2011",
    "et": "Adult",
    "off": 39637,
    "sff": "adult"
  },
  {
    "docID": "N050 Alilain, Horn et al. 2011",
    "et": "LongEvansRat",
    "off": 21203,
    "sff": "long"
  },
  {
    "docID": "N050 Alilain, Horn et al. 2011",
    "et": "Female",
    "off": 23532,
    "sff": "female"
  },
  {
    "docID": "N050 Alilain, Horn et al. 2011",
    "et": "Female",
    "off": 25533,
    "sff": "female"
  },
  {
    "docID": "N050 Alilain, Horn et al. 2011",
    "et": "Age",
    "off": 23942,
    "sff": "1 week"
  },
  {
    "docID": "N050 Alilain, Horn et al. 2011",
    "et": "Age",
    "off": 11144,
    "sff": "1 week"
  },
  {
    "docID": "N050 Alilain, Horn et al. 2011",
    "et": "Age",
    "off": 3798,
    "sff": "7 days"
  },
  {
    "docID": "N050 Alilain, Horn et al. 2011",
    "et": "Age",
    "off": 11719,
    "sff": "12 weeks"
  },
  {
    "docID": "N050 Alilain, Horn et al. 2011",
    "et": "Age",
    "off": 14783,
    "sff": "6 months"
  },
  {
    "docID": "N050 Alilain, Horn et al. 2011",
    "et": "Age",
    "off": 5249,
    "sff": "12 weeks"
  },
  {
    "docID": "N050 Alilain, Horn et al. 2011",
    "et": "Age",
    "off": 12478,
    "sff": "12 weeks"
  },
  {
    "docID": "N050 Alilain, Horn et al. 2011",
    "et": "Age",
    "off": 15077,
    "sff": "12-week"
  },
  {
    "docID": "N050 Alilain, Horn et al. 2011",
    "et": "Age",
    "off": 5050,
    "sff": "12 weeks"
  },
  {
    "docID": "N050 Alilain, Horn et al. 2011",
    "et": "Age",
    "off": 10218,
    "sff": "1d"
  },
  {
    "docID": "N050 Alilain, Horn et al. 2011",
    "et": "Age",
    "off": 11633,
    "sff": "6-8 weeks"
  },
  {
    "docID": "N050 Alilain, Horn et al. 2011",
    "et": "Age",
    "off": 12657,
    "sff": "12 weeks"
  },
  {
    "docID": "N050 Alilain, Horn et al. 2011",
    "et": "Age",
    "off": 14961,
    "sff": "3 months"
  },
  {
    "docID": "N050 Alilain, Horn et al. 2011",
    "et": "Age",
    "off": 14372,
    "sff": "9 weeks"
  },
  {
    "docID": "N050 Alilain, Horn et al. 2011",
    "et": "Age",
    "off": 33668,
    "sff": "two days"
  },
  {
    "docID": "N050 Alilain, Horn et al. 2011",
    "et": "Age",
    "off": 9556,
    "sff": "5 weeks"
  },
  {
    "docID": "N050 Alilain, Horn et al. 2011",
    "et": "Age",
    "off": 27806,
    "sff": "1 week"
  },
  {
    "docID": "N050 Alilain, Horn et al. 2011",
    "et": "Age",
    "off": 16609,
    "sff": "12 weeks"
  },
  {
    "docID": "N050 Alilain, Horn et al. 2011",
    "et": "Age",
    "off": 4960,
    "sff": "12 weeks"
  },
  {
    "docID": "N050 Alilain, Horn et al. 2011",
    "et": "Age",
    "off": 11615,
    "sff": "1 week"
  },
  {
    "docID": "N050 Alilain, Horn et al. 2011",
    "et": "Age",
    "off": 12627,
    "sff": "10 weeks"
  },
  {
    "docID": "N050 Alilain, Horn et al. 2011",
    "et": "Age",
    "off": 34066,
    "sff": "1 week"
  },
  {
    "docID": "N050 Alilain, Horn et al. 2011",
    "et": "Age",
    "off": 9803,
    "sff": "5 months"
  },
  {
    "docID": "N050 Alilain, Horn et al. 2011",
    "et": "Age",
    "off": 9748,
    "sff": "12 weeks"
  },
  {
    "docID": "N050 Alilain, Horn et al. 2011",
    "et": "Age",
    "off": 7954,
    "sff": "12 weeks"
  },
  {
    "docID": "N050 Alilain, Horn et al. 2011",
    "et": "Age",
    "off": 3199,
    "sff": "7 days"
  },
  {
    "docID": "N050 Alilain, Horn et al. 2011",
    "et": "Age",
    "off": 26704,
    "sff": "1 week"
  },
  {
    "docID": "N050 Alilain, Horn et al. 2011",
    "et": "Age",
    "off": 9871,
    "sff": "1 week"
  },
  {
    "docID": "N050 Alilain, Horn et al. 2011",
    "et": "Age",
    "off": 26506,
    "sff": "1 week"
  }
]
