[
  {
    "docID": "N052 Bartus, James et al. 2014",
    "et": "Weight",
    "off": 7633,
    "sff": "200-220 g"
  },
  {
    "docID": "N052 Bartus, James et al. 2014",
    "et": "Weight",
    "off": 41998,
    "sff": "2G"
  },
  {
    "docID": "N052 Bartus, James et al. 2014",
    "et": "CD1_Mouse",
    "off": 70539,
    "sff": "CD"
  },
  {
    "docID": "N052 Bartus, James et al. 2014",
    "et": "RatModel",
    "off": 11159,
    "sff": "rat"
  },
  {
    "docID": "N052 Bartus, James et al. 2014",
    "et": "RatModel",
    "off": 70549,
    "sff": "Rat"
  },
  {
    "docID": "N052 Bartus, James et al. 2014",
    "et": "RatModel",
    "off": 35650,
    "sff": "rat"
  },
  {
    "docID": "N052 Bartus, James et al. 2014",
    "et": "RatModel",
    "off": 73077,
    "sff": "rat"
  },
  {
    "docID": "N052 Bartus, James et al. 2014",
    "et": "RatModel",
    "off": 69514,
    "sff": "rat"
  },
  {
    "docID": "N052 Bartus, James et al. 2014",
    "et": "NewZealandRabbit",
    "off": 77390,
    "sff": "new"
  },
  {
    "docID": "N052 Bartus, James et al. 2014",
    "et": "RabbitSpecies",
    "off": 19406,
    "sff": "rabbit"
  },
  {
    "docID": "N052 Bartus, James et al. 2014",
    "et": "RabbitSpecies",
    "off": 14508,
    "sff": "rabbit"
  },
  {
    "docID": "N052 Bartus, James et al. 2014",
    "et": "RabbitSpecies",
    "off": 19356,
    "sff": "rabbit"
  },
  {
    "docID": "N052 Bartus, James et al. 2014",
    "et": "RabbitSpecies",
    "off": 14994,
    "sff": "rabbit"
  },
  {
    "docID": "N052 Bartus, James et al. 2014",
    "et": "RabbitSpecies",
    "off": 15153,
    "sff": "rabbit"
  },
  {
    "docID": "N052 Bartus, James et al. 2014",
    "et": "RabbitSpecies",
    "off": 19334,
    "sff": "rabbit"
  },
  {
    "docID": "N052 Bartus, James et al. 2014",
    "et": "RabbitSpecies",
    "off": 15082,
    "sff": "rabbit"
  },
  {
    "docID": "N052 Bartus, James et al. 2014",
    "et": "Young",
    "off": 79826,
    "sff": "Young"
  },
  {
    "docID": "N052 Bartus, James et al. 2014",
    "et": "Young",
    "off": 73643,
    "sff": "Young"
  },
  {
    "docID": "N052 Bartus, James et al. 2014",
    "et": "SpragueDawleyRat",
    "off": 8190,
    "sff": "Sprague Dawley rats"
  },
  {
    "docID": "N052 Bartus, James et al. 2014",
    "et": "SpragueDawleyRat",
    "off": 7612,
    "sff": "Sprague Dawley rats"
  },
  {
    "docID": "N052 Bartus, James et al. 2014",
    "et": "SpragueDawleyRat",
    "off": 8190,
    "sff": "Sprague Dawley"
  },
  {
    "docID": "N052 Bartus, James et al. 2014",
    "et": "SpragueDawleyRat",
    "off": 7612,
    "sff": "Sprague Dawley"
  },
  {
    "docID": "N052 Bartus, James et al. 2014",
    "et": "Mixed",
    "off": 4359,
    "sff": "mixed"
  },
  {
    "docID": "N052 Bartus, James et al. 2014",
    "et": "MouseModel",
    "off": 75878,
    "sff": "mouse"
  },
  {
    "docID": "N052 Bartus, James et al. 2014",
    "et": "MouseModel",
    "off": 70759,
    "sff": "mouse"
  },
  {
    "docID": "N052 Bartus, James et al. 2014",
    "et": "MouseModel",
    "off": 19235,
    "sff": "mouse"
  },
  {
    "docID": "N052 Bartus, James et al. 2014",
    "et": "MouseModel",
    "off": 14920,
    "sff": "mouse"
  },
  {
    "docID": "N052 Bartus, James et al. 2014",
    "et": "MouseModel",
    "off": 14668,
    "sff": "mouse"
  },
  {
    "docID": "N052 Bartus, James et al. 2014",
    "et": "MouseModel",
    "off": 19435,
    "sff": "mouse"
  },
  {
    "docID": "N052 Bartus, James et al. 2014",
    "et": "MouseModel",
    "off": 19274,
    "sff": "mouse"
  },
  {
    "docID": "N052 Bartus, James et al. 2014",
    "et": "MouseModel",
    "off": 19253,
    "sff": "mouse"
  },
  {
    "docID": "N052 Bartus, James et al. 2014",
    "et": "MouseModel",
    "off": 19219,
    "sff": "mouse"
  },
  {
    "docID": "N052 Bartus, James et al. 2014",
    "et": "MouseModel",
    "off": 6999,
    "sff": "mouse"
  },
  {
    "docID": "N052 Bartus, James et al. 2014",
    "et": "MouseModel",
    "off": 14746,
    "sff": "mouse"
  },
  {
    "docID": "N052 Bartus, James et al. 2014",
    "et": "MouseModel",
    "off": 15258,
    "sff": "mouse"
  },
  {
    "docID": "N052 Bartus, James et al. 2014",
    "et": "MouseModel",
    "off": 69691,
    "sff": "mouse"
  },
  {
    "docID": "N052 Bartus, James et al. 2014",
    "et": "MouseModel",
    "off": 14591,
    "sff": "mouse"
  },
  {
    "docID": "N052 Bartus, James et al. 2014",
    "et": "RabbitModel",
    "off": 19334,
    "sff": "rabbit"
  },
  {
    "docID": "N052 Bartus, James et al. 2014",
    "et": "RabbitModel",
    "off": 15153,
    "sff": "rabbit"
  },
  {
    "docID": "N052 Bartus, James et al. 2014",
    "et": "RabbitModel",
    "off": 14994,
    "sff": "rabbit"
  },
  {
    "docID": "N052 Bartus, James et al. 2014",
    "et": "RabbitModel",
    "off": 14508,
    "sff": "rabbit"
  },
  {
    "docID": "N052 Bartus, James et al. 2014",
    "et": "RabbitModel",
    "off": 19356,
    "sff": "rabbit"
  },
  {
    "docID": "N052 Bartus, James et al. 2014",
    "et": "RabbitModel",
    "off": 19406,
    "sff": "rabbit"
  },
  {
    "docID": "N052 Bartus, James et al. 2014",
    "et": "RabbitModel",
    "off": 15082,
    "sff": "rabbit"
  },
  {
    "docID": "N052 Bartus, James et al. 2014",
    "et": "RatSpecies",
    "off": 70549,
    "sff": "Rat"
  },
  {
    "docID": "N052 Bartus, James et al. 2014",
    "et": "RatSpecies",
    "off": 11159,
    "sff": "rat"
  },
  {
    "docID": "N052 Bartus, James et al. 2014",
    "et": "RatSpecies",
    "off": 73077,
    "sff": "rat"
  },
  {
    "docID": "N052 Bartus, James et al. 2014",
    "et": "RatSpecies",
    "off": 69514,
    "sff": "rat"
  },
  {
    "docID": "N052 Bartus, James et al. 2014",
    "et": "RatSpecies",
    "off": 35650,
    "sff": "rat"
  },
  {
    "docID": "N052 Bartus, James et al. 2014",
    "et": "CD2_Mouse",
    "off": 70539,
    "sff": "CD"
  },
  {
    "docID": "N052 Bartus, James et al. 2014",
    "et": "MouseSpecies",
    "off": 19253,
    "sff": "mouse"
  },
  {
    "docID": "N052 Bartus, James et al. 2014",
    "et": "MouseSpecies",
    "off": 6999,
    "sff": "mouse"
  },
  {
    "docID": "N052 Bartus, James et al. 2014",
    "et": "MouseSpecies",
    "off": 14746,
    "sff": "mouse"
  },
  {
    "docID": "N052 Bartus, James et al. 2014",
    "et": "MouseSpecies",
    "off": 15258,
    "sff": "mouse"
  },
  {
    "docID": "N052 Bartus, James et al. 2014",
    "et": "MouseSpecies",
    "off": 69691,
    "sff": "mouse"
  },
  {
    "docID": "N052 Bartus, James et al. 2014",
    "et": "MouseSpecies",
    "off": 14591,
    "sff": "mouse"
  },
  {
    "docID": "N052 Bartus, James et al. 2014",
    "et": "MouseSpecies",
    "off": 19235,
    "sff": "mouse"
  },
  {
    "docID": "N052 Bartus, James et al. 2014",
    "et": "MouseSpecies",
    "off": 75878,
    "sff": "mouse"
  },
  {
    "docID": "N052 Bartus, James et al. 2014",
    "et": "MouseSpecies",
    "off": 14920,
    "sff": "mouse"
  },
  {
    "docID": "N052 Bartus, James et al. 2014",
    "et": "MouseSpecies",
    "off": 70759,
    "sff": "mouse"
  },
  {
    "docID": "N052 Bartus, James et al. 2014",
    "et": "MouseSpecies",
    "off": 19274,
    "sff": "mouse"
  },
  {
    "docID": "N052 Bartus, James et al. 2014",
    "et": "MouseSpecies",
    "off": 19435,
    "sff": "mouse"
  },
  {
    "docID": "N052 Bartus, James et al. 2014",
    "et": "MouseSpecies",
    "off": 14668,
    "sff": "mouse"
  },
  {
    "docID": "N052 Bartus, James et al. 2014",
    "et": "MouseSpecies",
    "off": 19219,
    "sff": "mouse"
  },
  {
    "docID": "N052 Bartus, James et al. 2014",
    "et": "HartleyGuineaPig",
    "off": 66681,
    "sff": "Hartley"
  },
  {
    "docID": "N052 Bartus, James et al. 2014",
    "et": "FischerRat",
    "off": 72084,
    "sff": "Fischer"
  },
  {
    "docID": "N052 Bartus, James et al. 2014",
    "et": "FischerRat",
    "off": 74975,
    "sff": "Fischer"
  },
  {
    "docID": "N052 Bartus, James et al. 2014",
    "et": "Adult",
    "off": 7599,
    "sff": "Adult"
  },
  {
    "docID": "N052 Bartus, James et al. 2014",
    "et": "Adult",
    "off": 35306,
    "sff": "adult"
  },
  {
    "docID": "N052 Bartus, James et al. 2014",
    "et": "Adult",
    "off": 37033,
    "sff": "adult"
  },
  {
    "docID": "N052 Bartus, James et al. 2014",
    "et": "Adult",
    "off": 81700,
    "sff": "adult"
  },
  {
    "docID": "N052 Bartus, James et al. 2014",
    "et": "Adult",
    "off": 73071,
    "sff": "adult"
  },
  {
    "docID": "N052 Bartus, James et al. 2014",
    "et": "Adult",
    "off": 79519,
    "sff": "adult"
  },
  {
    "docID": "N052 Bartus, James et al. 2014",
    "et": "Adult",
    "off": 35644,
    "sff": "adult"
  },
  {
    "docID": "N052 Bartus, James et al. 2014",
    "et": "Adult",
    "off": 1425,
    "sff": "adult"
  },
  {
    "docID": "N052 Bartus, James et al. 2014",
    "et": "Adult",
    "off": 8177,
    "sff": "adult"
  },
  {
    "docID": "N052 Bartus, James et al. 2014",
    "et": "Adult",
    "off": 23519,
    "sff": "adult"
  },
  {
    "docID": "N052 Bartus, James et al. 2014",
    "et": "Adult",
    "off": 75470,
    "sff": "adult"
  },
  {
    "docID": "N052 Bartus, James et al. 2014",
    "et": "LongEvansRat",
    "off": 60684,
    "sff": "Evans"
  },
  {
    "docID": "N052 Bartus, James et al. 2014",
    "et": "LongEvansRat",
    "off": 71241,
    "sff": "Evans"
  },
  {
    "docID": "N052 Bartus, James et al. 2014",
    "et": "Female",
    "off": 8183,
    "sff": "female"
  },
  {
    "docID": "N052 Bartus, James et al. 2014",
    "et": "Female",
    "off": 7605,
    "sff": "female"
  },
  {
    "docID": "N052 Bartus, James et al. 2014",
    "et": "Age",
    "off": 8602,
    "sff": "2 weeks"
  },
  {
    "docID": "N052 Bartus, James et al. 2014",
    "et": "Age",
    "off": 30396,
    "sff": "1 week"
  },
  {
    "docID": "N052 Bartus, James et al. 2014",
    "et": "Age",
    "off": 29335,
    "sff": "2 weeks"
  },
  {
    "docID": "N052 Bartus, James et al. 2014",
    "et": "Age",
    "off": 43182,
    "sff": "3 d"
  },
  {
    "docID": "N052 Bartus, James et al. 2014",
    "et": "Age",
    "off": 33091,
    "sff": "10 weeks"
  },
  {
    "docID": "N052 Bartus, James et al. 2014",
    "et": "Age",
    "off": 35110,
    "sff": "10 week"
  },
  {
    "docID": "N052 Bartus, James et al. 2014",
    "et": "Age",
    "off": 39608,
    "sff": "12 weeks"
  },
  {
    "docID": "N052 Bartus, James et al. 2014",
    "et": "Age",
    "off": 48173,
    "sff": "3 d"
  },
  {
    "docID": "N052 Bartus, James et al. 2014",
    "et": "Age",
    "off": 31763,
    "sff": "2 weeks"
  },
  {
    "docID": "N052 Bartus, James et al. 2014",
    "et": "Age",
    "off": 1827,
    "sff": "3 d"
  },
  {
    "docID": "N052 Bartus, James et al. 2014",
    "et": "Age",
    "off": 16692,
    "sff": "12 week"
  },
  {
    "docID": "N052 Bartus, James et al. 2014",
    "et": "Age",
    "off": 52331,
    "sff": "9D"
  },
  {
    "docID": "N052 Bartus, James et al. 2014",
    "et": "Age",
    "off": 38311,
    "sff": "8 weeks"
  },
  {
    "docID": "N052 Bartus, James et al. 2014",
    "et": "Age",
    "off": 39943,
    "sff": "2D"
  },
  {
    "docID": "N052 Bartus, James et al. 2014",
    "et": "Age",
    "off": 37178,
    "sff": "8 week"
  },
  {
    "docID": "N052 Bartus, James et al. 2014",
    "et": "Age",
    "off": 27397,
    "sff": "2 weeks"
  },
  {
    "docID": "N052 Bartus, James et al. 2014",
    "et": "Age",
    "off": 26825,
    "sff": "12 weeks"
  },
  {
    "docID": "N052 Bartus, James et al. 2014",
    "et": "Age",
    "off": 11139,
    "sff": "2 weeks"
  },
  {
    "docID": "N052 Bartus, James et al. 2014",
    "et": "Age",
    "off": 45518,
    "sff": "4D"
  },
  {
    "docID": "N052 Bartus, James et al. 2014",
    "et": "Age",
    "off": 35924,
    "sff": "3 d"
  },
  {
    "docID": "N052 Bartus, James et al. 2014",
    "et": "Age",
    "off": 38676,
    "sff": "8 weeks"
  },
  {
    "docID": "N052 Bartus, James et al. 2014",
    "et": "Age",
    "off": 34309,
    "sff": "12 week"
  },
  {
    "docID": "N052 Bartus, James et al. 2014",
    "et": "Age",
    "off": 23767,
    "sff": "3 d"
  },
  {
    "docID": "N052 Bartus, James et al. 2014",
    "et": "Age",
    "off": 47703,
    "sff": "3 d"
  },
  {
    "docID": "N052 Bartus, James et al. 2014",
    "et": "Age",
    "off": 30236,
    "sff": "1 week"
  },
  {
    "docID": "N052 Bartus, James et al. 2014",
    "et": "Age",
    "off": 42956,
    "sff": "3 d"
  },
  {
    "docID": "N052 Bartus, James et al. 2014",
    "et": "Age",
    "off": 43852,
    "sff": "3 d"
  },
  {
    "docID": "N052 Bartus, James et al. 2014",
    "et": "Age",
    "off": 49954,
    "sff": "10 weeks"
  },
  {
    "docID": "N052 Bartus, James et al. 2014",
    "et": "Age",
    "off": 46868,
    "sff": "7 d"
  },
  {
    "docID": "N052 Bartus, James et al. 2014",
    "et": "Age",
    "off": 27858,
    "sff": "3 d"
  },
  {
    "docID": "N052 Bartus, James et al. 2014",
    "et": "Age",
    "off": 27951,
    "sff": "2 weeks"
  },
  {
    "docID": "N052 Bartus, James et al. 2014",
    "et": "Age",
    "off": 37892,
    "sff": "8 weeks"
  },
  {
    "docID": "N052 Bartus, James et al. 2014",
    "et": "Age",
    "off": 49578,
    "sff": "1 week"
  },
  {
    "docID": "N052 Bartus, James et al. 2014",
    "et": "Age",
    "off": 37313,
    "sff": "Eight weeks"
  },
  {
    "docID": "N052 Bartus, James et al. 2014",
    "et": "Age",
    "off": 28288,
    "sff": "7 d"
  },
  {
    "docID": "N052 Bartus, James et al. 2014",
    "et": "Age",
    "off": 1575,
    "sff": "12 weeks"
  },
  {
    "docID": "N052 Bartus, James et al. 2014",
    "et": "Age",
    "off": 2464,
    "sff": "1 week"
  },
  {
    "docID": "N052 Bartus, James et al. 2014",
    "et": "Age",
    "off": 23775,
    "sff": "2 weeks"
  },
  {
    "docID": "N052 Bartus, James et al. 2014",
    "et": "Age",
    "off": 47711,
    "sff": "2 weeks"
  },
  {
    "docID": "N052 Bartus, James et al. 2014",
    "et": "Age",
    "off": 1888,
    "sff": "2 weeks"
  },
  {
    "docID": "N052 Bartus, James et al. 2014",
    "et": "Age",
    "off": 65659,
    "sff": "12 weeks"
  },
  {
    "docID": "N052 Bartus, James et al. 2014",
    "et": "Age",
    "off": 35932,
    "sff": "2 weeks"
  },
  {
    "docID": "N052 Bartus, James et al. 2014",
    "et": "Age",
    "off": 46649,
    "sff": "5D"
  },
  {
    "docID": "N052 Bartus, James et al. 2014",
    "et": "Age",
    "off": 54772,
    "sff": "6 weeks"
  },
  {
    "docID": "N052 Bartus, James et al. 2014",
    "et": "Age",
    "off": 20531,
    "sff": "7 d"
  },
  {
    "docID": "N052 Bartus, James et al. 2014",
    "et": "Age",
    "off": 24560,
    "sff": "8 weeks"
  },
  {
    "docID": "N052 Bartus, James et al. 2014",
    "et": "Age",
    "off": 31471,
    "sff": "3 d"
  },
  {
    "docID": "N052 Bartus, James et al. 2014",
    "et": "Age",
    "off": 42964,
    "sff": "2 weeks"
  },
  {
    "docID": "N052 Bartus, James et al. 2014",
    "et": "Age",
    "off": 9074,
    "sff": "8 weeks"
  },
  {
    "docID": "N052 Bartus, James et al. 2014",
    "et": "Age",
    "off": 10723,
    "sff": "3 d"
  },
  {
    "docID": "N052 Bartus, James et al. 2014",
    "et": "Age",
    "off": 6001,
    "sff": "4 weeks"
  },
  {
    "docID": "N052 Bartus, James et al. 2014",
    "et": "Age",
    "off": 43979,
    "sff": "2 weeks"
  },
  {
    "docID": "N052 Bartus, James et al. 2014",
    "et": "Age",
    "off": 47945,
    "sff": "2 weeks"
  },
  {
    "docID": "N052 Bartus, James et al. 2014",
    "et": "Age",
    "off": 30594,
    "sff": "1 week"
  },
  {
    "docID": "N052 Bartus, James et al. 2014",
    "et": "Age",
    "off": 49793,
    "sff": "1 week"
  },
  {
    "docID": "N052 Bartus, James et al. 2014",
    "et": "Age",
    "off": 56705,
    "sff": "1 week"
  },
  {
    "docID": "N052 Bartus, James et al. 2014",
    "et": "Age",
    "off": 37725,
    "sff": "8 weeks"
  },
  {
    "docID": "N052 Bartus, James et al. 2014",
    "et": "Age",
    "off": 51859,
    "sff": "10 weeks"
  },
  {
    "docID": "N052 Bartus, James et al. 2014",
    "et": "Age",
    "off": 36163,
    "sff": "2 weeks"
  },
  {
    "docID": "N052 Bartus, James et al. 2014",
    "et": "Age",
    "off": 17369,
    "sff": "1 week"
  },
  {
    "docID": "N052 Bartus, James et al. 2014",
    "et": "Age",
    "off": 24403,
    "sff": "8 weeks"
  },
  {
    "docID": "N052 Bartus, James et al. 2014",
    "et": "Age",
    "off": 23936,
    "sff": "2 weeks"
  },
  {
    "docID": "N052 Bartus, James et al. 2014",
    "et": "Age",
    "off": 11466,
    "sff": "7 d"
  },
  {
    "docID": "N052 Bartus, James et al. 2014",
    "et": "Age",
    "off": 61949,
    "sff": "2 weeks"
  },
  {
    "docID": "N052 Bartus, James et al. 2014",
    "et": "Age",
    "off": 11096,
    "sff": "1 week"
  },
  {
    "docID": "N052 Bartus, James et al. 2014",
    "et": "Age",
    "off": 16731,
    "sff": "1 week"
  },
  {
    "docID": "N052 Bartus, James et al. 2014",
    "et": "Age",
    "off": 31479,
    "sff": "2 weeks"
  },
  {
    "docID": "N052 Bartus, James et al. 2014",
    "et": "Age",
    "off": 9437,
    "sff": "10 weeks"
  },
  {
    "docID": "N052 Bartus, James et al. 2014",
    "et": "Age",
    "off": 58741,
    "sff": "2 weeks"
  },
  {
    "docID": "N052 Bartus, James et al. 2014",
    "et": "Age",
    "off": 25041,
    "sff": "8 weeks"
  },
  {
    "docID": "N052 Bartus, James et al. 2014",
    "et": "Age",
    "off": 40277,
    "sff": "12 weeks"
  },
  {
    "docID": "N052 Bartus, James et al. 2014",
    "et": "Age",
    "off": 8594,
    "sff": "3 d"
  },
  {
    "docID": "N052 Bartus, James et al. 2014",
    "et": "Age",
    "off": 43246,
    "sff": "2 weeks"
  },
  {
    "docID": "N052 Bartus, James et al. 2014",
    "et": "Age",
    "off": 54951,
    "sff": "3 months"
  },
  {
    "docID": "N052 Bartus, James et al. 2014",
    "et": "Age",
    "off": 10731,
    "sff": "2 weeks"
  },
  {
    "docID": "N052 Bartus, James et al. 2014",
    "et": "Age",
    "off": 36092,
    "sff": "3 d"
  },
  {
    "docID": "N052 Bartus, James et al. 2014",
    "et": "Age",
    "off": 37832,
    "sff": "1D"
  },
  {
    "docID": "N052 Bartus, James et al. 2014",
    "et": "Age",
    "off": 27389,
    "sff": "3 d"
  },
  {
    "docID": "N052 Bartus, James et al. 2014",
    "et": "Age",
    "off": 50803,
    "sff": "10 weeks"
  },
  {
    "docID": "N052 Bartus, James et al. 2014",
    "et": "Age",
    "off": 24767,
    "sff": "8 weeks"
  },
  {
    "docID": "N052 Bartus, James et al. 2014",
    "et": "Age",
    "off": 25445,
    "sff": "12 weeks"
  }
]
