[
  {
    "docID": "N054 Cholas, Hsu et al. 2012",
    "et": "LewisRat",
    "off": 37972,
    "sff": "Lewis"
  },
  {
    "docID": "N054 Cholas, Hsu et al. 2012",
    "et": "LewisRat",
    "off": 57877,
    "sff": "Lewis"
  },
  {
    "docID": "N054 Cholas, Hsu et al. 2012",
    "et": "LewisRat",
    "off": 11958,
    "sff": "Lewis"
  },
  {
    "docID": "N054 Cholas, Hsu et al. 2012",
    "et": "LewisRat",
    "off": 15621,
    "sff": "Lewis"
  },
  {
    "docID": "N054 Cholas, Hsu et al. 2012",
    "et": "Weight",
    "off": 15711,
    "sff": "150–175 grams"
  },
  {
    "docID": "N054 Cholas, Hsu et al. 2012",
    "et": "Weight",
    "off": 18878,
    "sff": "100 mg"
  },
  {
    "docID": "N054 Cholas, Hsu et al. 2012",
    "et": "RatModel",
    "off": 16244,
    "sff": "rat"
  },
  {
    "docID": "N054 Cholas, Hsu et al. 2012",
    "et": "RatModel",
    "off": 13747,
    "sff": "rat"
  },
  {
    "docID": "N054 Cholas, Hsu et al. 2012",
    "et": "RatModel",
    "off": 3640,
    "sff": "rat"
  },
  {
    "docID": "N054 Cholas, Hsu et al. 2012",
    "et": "RatModel",
    "off": 268,
    "sff": "Rat"
  },
  {
    "docID": "N054 Cholas, Hsu et al. 2012",
    "et": "RatModel",
    "off": 57592,
    "sff": "rat"
  },
  {
    "docID": "N054 Cholas, Hsu et al. 2012",
    "et": "RatModel",
    "off": 13037,
    "sff": "rat"
  },
  {
    "docID": "N054 Cholas, Hsu et al. 2012",
    "et": "RatModel",
    "off": 41521,
    "sff": "rat"
  },
  {
    "docID": "N054 Cholas, Hsu et al. 2012",
    "et": "RatModel",
    "off": 30514,
    "sff": "rat"
  },
  {
    "docID": "N054 Cholas, Hsu et al. 2012",
    "et": "RatModel",
    "off": 49925,
    "sff": "rat"
  },
  {
    "docID": "N054 Cholas, Hsu et al. 2012",
    "et": "RatModel",
    "off": 13891,
    "sff": "rat"
  },
  {
    "docID": "N054 Cholas, Hsu et al. 2012",
    "et": "RatModel",
    "off": 45062,
    "sff": "rat"
  },
  {
    "docID": "N054 Cholas, Hsu et al. 2012",
    "et": "RatModel",
    "off": 49734,
    "sff": "rat"
  },
  {
    "docID": "N054 Cholas, Hsu et al. 2012",
    "et": "RatModel",
    "off": 57284,
    "sff": "rat"
  },
  {
    "docID": "N054 Cholas, Hsu et al. 2012",
    "et": "RatModel",
    "off": 11867,
    "sff": "Rat"
  },
  {
    "docID": "N054 Cholas, Hsu et al. 2012",
    "et": "RatModel",
    "off": 50055,
    "sff": "rat"
  },
  {
    "docID": "N054 Cholas, Hsu et al. 2012",
    "et": "RatModel",
    "off": 47997,
    "sff": "rat"
  },
  {
    "docID": "N054 Cholas, Hsu et al. 2012",
    "et": "RatModel",
    "off": 51707,
    "sff": "rat"
  },
  {
    "docID": "N054 Cholas, Hsu et al. 2012",
    "et": "RatModel",
    "off": 6210,
    "sff": "rat"
  },
  {
    "docID": "N054 Cholas, Hsu et al. 2012",
    "et": "RatModel",
    "off": 16532,
    "sff": "rat"
  },
  {
    "docID": "N054 Cholas, Hsu et al. 2012",
    "et": "RatModel",
    "off": 3219,
    "sff": "rat"
  },
  {
    "docID": "N054 Cholas, Hsu et al. 2012",
    "et": "RatModel",
    "off": 57110,
    "sff": "rat"
  },
  {
    "docID": "N054 Cholas, Hsu et al. 2012",
    "et": "RatModel",
    "off": 11824,
    "sff": "Rat"
  },
  {
    "docID": "N054 Cholas, Hsu et al. 2012",
    "et": "RatModel",
    "off": 922,
    "sff": "rat"
  },
  {
    "docID": "N054 Cholas, Hsu et al. 2012",
    "et": "RatModel",
    "off": 34263,
    "sff": "rat"
  },
  {
    "docID": "N054 Cholas, Hsu et al. 2012",
    "et": "RatModel",
    "off": 48795,
    "sff": "RAT"
  },
  {
    "docID": "N054 Cholas, Hsu et al. 2012",
    "et": "RatModel",
    "off": 16395,
    "sff": "rat"
  },
  {
    "docID": "N054 Cholas, Hsu et al. 2012",
    "et": "RatModel",
    "off": 46543,
    "sff": "rat"
  },
  {
    "docID": "N054 Cholas, Hsu et al. 2012",
    "et": "RatModel",
    "off": 16419,
    "sff": "rat"
  },
  {
    "docID": "N054 Cholas, Hsu et al. 2012",
    "et": "RatModel",
    "off": 18664,
    "sff": "rat"
  },
  {
    "docID": "N054 Cholas, Hsu et al. 2012",
    "et": "RatModel",
    "off": 59751,
    "sff": "rat"
  },
  {
    "docID": "N054 Cholas, Hsu et al. 2012",
    "et": "RatModel",
    "off": 34024,
    "sff": "rat"
  },
  {
    "docID": "N054 Cholas, Hsu et al. 2012",
    "et": "RatModel",
    "off": 48668,
    "sff": "rat"
  },
  {
    "docID": "N054 Cholas, Hsu et al. 2012",
    "et": "RatModel",
    "off": 48929,
    "sff": "rat"
  },
  {
    "docID": "N054 Cholas, Hsu et al. 2012",
    "et": "RatModel",
    "off": 50210,
    "sff": "rat"
  },
  {
    "docID": "N054 Cholas, Hsu et al. 2012",
    "et": "RatModel",
    "off": 56543,
    "sff": "rat"
  },
  {
    "docID": "N054 Cholas, Hsu et al. 2012",
    "et": "NewZealandRabbit",
    "off": 38881,
    "sff": "new"
  },
  {
    "docID": "N054 Cholas, Hsu et al. 2012",
    "et": "NewZealandRabbit",
    "off": 57004,
    "sff": "New"
  },
  {
    "docID": "N054 Cholas, Hsu et al. 2012",
    "et": "NewZealandRabbit",
    "off": 30088,
    "sff": "new"
  },
  {
    "docID": "N054 Cholas, Hsu et al. 2012",
    "et": "SpragueDawleyRat",
    "off": 57858,
    "sff": "Sprague-Dawley"
  },
  {
    "docID": "N054 Cholas, Hsu et al. 2012",
    "et": "SpragueDawleyRat",
    "off": 36301,
    "sff": "Sprague"
  },
  {
    "docID": "N054 Cholas, Hsu et al. 2012",
    "et": "SpragueDawleyRat",
    "off": 36310,
    "sff": "Dawley rats"
  },
  {
    "docID": "N054 Cholas, Hsu et al. 2012",
    "et": "SpragueDawleyRat",
    "off": 36310,
    "sff": "Dawley"
  },
  {
    "docID": "N054 Cholas, Hsu et al. 2012",
    "et": "MouseModel",
    "off": 52710,
    "sff": "mouse"
  },
  {
    "docID": "N054 Cholas, Hsu et al. 2012",
    "et": "MouseModel",
    "off": 41493,
    "sff": "mouse"
  },
  {
    "docID": "N054 Cholas, Hsu et al. 2012",
    "et": "MouseModel",
    "off": 55573,
    "sff": "mouse"
  },
  {
    "docID": "N054 Cholas, Hsu et al. 2012",
    "et": "MouseModel",
    "off": 58746,
    "sff": "mouse"
  },
  {
    "docID": "N054 Cholas, Hsu et al. 2012",
    "et": "RatSpecies",
    "off": 57110,
    "sff": "rat"
  },
  {
    "docID": "N054 Cholas, Hsu et al. 2012",
    "et": "RatSpecies",
    "off": 34263,
    "sff": "rat"
  },
  {
    "docID": "N054 Cholas, Hsu et al. 2012",
    "et": "RatSpecies",
    "off": 3219,
    "sff": "rat"
  },
  {
    "docID": "N054 Cholas, Hsu et al. 2012",
    "et": "RatSpecies",
    "off": 48668,
    "sff": "rat"
  },
  {
    "docID": "N054 Cholas, Hsu et al. 2012",
    "et": "RatSpecies",
    "off": 11824,
    "sff": "Rat"
  },
  {
    "docID": "N054 Cholas, Hsu et al. 2012",
    "et": "RatSpecies",
    "off": 46543,
    "sff": "rat"
  },
  {
    "docID": "N054 Cholas, Hsu et al. 2012",
    "et": "RatSpecies",
    "off": 922,
    "sff": "rat"
  },
  {
    "docID": "N054 Cholas, Hsu et al. 2012",
    "et": "RatSpecies",
    "off": 16532,
    "sff": "rat"
  },
  {
    "docID": "N054 Cholas, Hsu et al. 2012",
    "et": "RatSpecies",
    "off": 45062,
    "sff": "rat"
  },
  {
    "docID": "N054 Cholas, Hsu et al. 2012",
    "et": "RatSpecies",
    "off": 49734,
    "sff": "rat"
  },
  {
    "docID": "N054 Cholas, Hsu et al. 2012",
    "et": "RatSpecies",
    "off": 50055,
    "sff": "rat"
  },
  {
    "docID": "N054 Cholas, Hsu et al. 2012",
    "et": "RatSpecies",
    "off": 6210,
    "sff": "rat"
  },
  {
    "docID": "N054 Cholas, Hsu et al. 2012",
    "et": "RatSpecies",
    "off": 16395,
    "sff": "rat"
  },
  {
    "docID": "N054 Cholas, Hsu et al. 2012",
    "et": "RatSpecies",
    "off": 13891,
    "sff": "rat"
  },
  {
    "docID": "N054 Cholas, Hsu et al. 2012",
    "et": "RatSpecies",
    "off": 57284,
    "sff": "rat"
  },
  {
    "docID": "N054 Cholas, Hsu et al. 2012",
    "et": "RatSpecies",
    "off": 49925,
    "sff": "rat"
  },
  {
    "docID": "N054 Cholas, Hsu et al. 2012",
    "et": "RatSpecies",
    "off": 57592,
    "sff": "rat"
  },
  {
    "docID": "N054 Cholas, Hsu et al. 2012",
    "et": "RatSpecies",
    "off": 51707,
    "sff": "rat"
  },
  {
    "docID": "N054 Cholas, Hsu et al. 2012",
    "et": "RatSpecies",
    "off": 47997,
    "sff": "rat"
  },
  {
    "docID": "N054 Cholas, Hsu et al. 2012",
    "et": "RatSpecies",
    "off": 11867,
    "sff": "Rat"
  },
  {
    "docID": "N054 Cholas, Hsu et al. 2012",
    "et": "RatSpecies",
    "off": 41521,
    "sff": "rat"
  },
  {
    "docID": "N054 Cholas, Hsu et al. 2012",
    "et": "RatSpecies",
    "off": 30514,
    "sff": "rat"
  },
  {
    "docID": "N054 Cholas, Hsu et al. 2012",
    "et": "RatSpecies",
    "off": 3640,
    "sff": "rat"
  },
  {
    "docID": "N054 Cholas, Hsu et al. 2012",
    "et": "RatSpecies",
    "off": 13747,
    "sff": "rat"
  },
  {
    "docID": "N054 Cholas, Hsu et al. 2012",
    "et": "RatSpecies",
    "off": 16244,
    "sff": "rat"
  },
  {
    "docID": "N054 Cholas, Hsu et al. 2012",
    "et": "RatSpecies",
    "off": 59751,
    "sff": "rat"
  },
  {
    "docID": "N054 Cholas, Hsu et al. 2012",
    "et": "RatSpecies",
    "off": 18664,
    "sff": "rat"
  },
  {
    "docID": "N054 Cholas, Hsu et al. 2012",
    "et": "RatSpecies",
    "off": 34024,
    "sff": "rat"
  },
  {
    "docID": "N054 Cholas, Hsu et al. 2012",
    "et": "RatSpecies",
    "off": 13037,
    "sff": "rat"
  },
  {
    "docID": "N054 Cholas, Hsu et al. 2012",
    "et": "RatSpecies",
    "off": 56543,
    "sff": "rat"
  },
  {
    "docID": "N054 Cholas, Hsu et al. 2012",
    "et": "RatSpecies",
    "off": 268,
    "sff": "Rat"
  },
  {
    "docID": "N054 Cholas, Hsu et al. 2012",
    "et": "RatSpecies",
    "off": 48795,
    "sff": "RAT"
  },
  {
    "docID": "N054 Cholas, Hsu et al. 2012",
    "et": "RatSpecies",
    "off": 48929,
    "sff": "rat"
  },
  {
    "docID": "N054 Cholas, Hsu et al. 2012",
    "et": "RatSpecies",
    "off": 50210,
    "sff": "rat"
  },
  {
    "docID": "N054 Cholas, Hsu et al. 2012",
    "et": "RatSpecies",
    "off": 16419,
    "sff": "rat"
  },
  {
    "docID": "N054 Cholas, Hsu et al. 2012",
    "et": "Male",
    "off": 11953,
    "sff": "male"
  },
  {
    "docID": "N054 Cholas, Hsu et al. 2012",
    "et": "MouseSpecies",
    "off": 41493,
    "sff": "mouse"
  },
  {
    "docID": "N054 Cholas, Hsu et al. 2012",
    "et": "MouseSpecies",
    "off": 55573,
    "sff": "mouse"
  },
  {
    "docID": "N054 Cholas, Hsu et al. 2012",
    "et": "MouseSpecies",
    "off": 58746,
    "sff": "mouse"
  },
  {
    "docID": "N054 Cholas, Hsu et al. 2012",
    "et": "MouseSpecies",
    "off": 52710,
    "sff": "mouse"
  },
  {
    "docID": "N054 Cholas, Hsu et al. 2012",
    "et": "CatSpecies",
    "off": 46354,
    "sff": "cat"
  },
  {
    "docID": "N054 Cholas, Hsu et al. 2012",
    "et": "CatSpecies",
    "off": 21875,
    "sff": "Cat"
  },
  {
    "docID": "N054 Cholas, Hsu et al. 2012",
    "et": "CatSpecies",
    "off": 10955,
    "sff": "Cat"
  },
  {
    "docID": "N054 Cholas, Hsu et al. 2012",
    "et": "CatSpecies",
    "off": 21412,
    "sff": "Cat"
  },
  {
    "docID": "N054 Cholas, Hsu et al. 2012",
    "et": "CatSpecies",
    "off": 11030,
    "sff": "Cat"
  },
  {
    "docID": "N054 Cholas, Hsu et al. 2012",
    "et": "Adult",
    "off": 55270,
    "sff": "adult"
  },
  {
    "docID": "N054 Cholas, Hsu et al. 2012",
    "et": "Adult",
    "off": 46537,
    "sff": "adult"
  },
  {
    "docID": "N054 Cholas, Hsu et al. 2012",
    "et": "Adult",
    "off": 6204,
    "sff": "adult"
  },
  {
    "docID": "N054 Cholas, Hsu et al. 2012",
    "et": "Adult",
    "off": 48285,
    "sff": "adult"
  },
  {
    "docID": "N054 Cholas, Hsu et al. 2012",
    "et": "Adult",
    "off": 50204,
    "sff": "adult"
  },
  {
    "docID": "N054 Cholas, Hsu et al. 2012",
    "et": "Adult",
    "off": 49919,
    "sff": "adult"
  },
  {
    "docID": "N054 Cholas, Hsu et al. 2012",
    "et": "Adult",
    "off": 57278,
    "sff": "adult"
  },
  {
    "docID": "N054 Cholas, Hsu et al. 2012",
    "et": "Adult",
    "off": 50049,
    "sff": "adult"
  },
  {
    "docID": "N054 Cholas, Hsu et al. 2012",
    "et": "Adult",
    "off": 48662,
    "sff": "adult"
  },
  {
    "docID": "N054 Cholas, Hsu et al. 2012",
    "et": "Adult",
    "off": 48923,
    "sff": "adult"
  },
  {
    "docID": "N054 Cholas, Hsu et al. 2012",
    "et": "Adult",
    "off": 1851,
    "sff": "adult"
  },
  {
    "docID": "N054 Cholas, Hsu et al. 2012",
    "et": "Adult",
    "off": 47758,
    "sff": "adult"
  },
  {
    "docID": "N054 Cholas, Hsu et al. 2012",
    "et": "Adult",
    "off": 15608,
    "sff": "Adult"
  },
  {
    "docID": "N054 Cholas, Hsu et al. 2012",
    "et": "LongEvansRat",
    "off": 54616,
    "sff": "long"
  },
  {
    "docID": "N054 Cholas, Hsu et al. 2012",
    "et": "CatModel",
    "off": 11030,
    "sff": "Cat"
  },
  {
    "docID": "N054 Cholas, Hsu et al. 2012",
    "et": "CatModel",
    "off": 21412,
    "sff": "Cat"
  },
  {
    "docID": "N054 Cholas, Hsu et al. 2012",
    "et": "CatModel",
    "off": 21875,
    "sff": "Cat"
  },
  {
    "docID": "N054 Cholas, Hsu et al. 2012",
    "et": "CatModel",
    "off": 46354,
    "sff": "cat"
  },
  {
    "docID": "N054 Cholas, Hsu et al. 2012",
    "et": "CatModel",
    "off": 10955,
    "sff": "Cat"
  },
  {
    "docID": "N054 Cholas, Hsu et al. 2012",
    "et": "Female",
    "off": 15614,
    "sff": "female"
  },
  {
    "docID": "N054 Cholas, Hsu et al. 2012",
    "et": "Age",
    "off": 36630,
    "sff": "4 weeks"
  },
  {
    "docID": "N054 Cholas, Hsu et al. 2012",
    "et": "Age",
    "off": 44182,
    "sff": "4 weeks"
  },
  {
    "docID": "N054 Cholas, Hsu et al. 2012",
    "et": "Age",
    "off": 20627,
    "sff": "4 weeks"
  },
  {
    "docID": "N054 Cholas, Hsu et al. 2012",
    "et": "Age",
    "off": 23517,
    "sff": "1 to 4 weeks"
  },
  {
    "docID": "N054 Cholas, Hsu et al. 2012",
    "et": "Age",
    "off": 32909,
    "sff": "4 weeks"
  },
  {
    "docID": "N054 Cholas, Hsu et al. 2012",
    "et": "Age",
    "off": 15556,
    "sff": "10-day"
  },
  {
    "docID": "N054 Cholas, Hsu et al. 2012",
    "et": "Age",
    "off": 7515,
    "sff": "1 week"
  },
  {
    "docID": "N054 Cholas, Hsu et al. 2012",
    "et": "Age",
    "off": 38439,
    "sff": "70 days"
  },
  {
    "docID": "N054 Cholas, Hsu et al. 2012",
    "et": "Age",
    "off": 39014,
    "sff": "14 days"
  },
  {
    "docID": "N054 Cholas, Hsu et al. 2012",
    "et": "Age",
    "off": 40011,
    "sff": "4 weeks"
  },
  {
    "docID": "N054 Cholas, Hsu et al. 2012",
    "et": "Age",
    "off": 30144,
    "sff": "4 weeks"
  },
  {
    "docID": "N054 Cholas, Hsu et al. 2012",
    "et": "Age",
    "off": 38208,
    "sff": "4 weeks"
  },
  {
    "docID": "N054 Cholas, Hsu et al. 2012",
    "et": "Age",
    "off": 24067,
    "sff": "4 weeks"
  },
  {
    "docID": "N054 Cholas, Hsu et al. 2012",
    "et": "Age",
    "off": 27589,
    "sff": "2 weeks"
  },
  {
    "docID": "N054 Cholas, Hsu et al. 2012",
    "et": "Age",
    "off": 42364,
    "sff": "4 weeks"
  },
  {
    "docID": "N054 Cholas, Hsu et al. 2012",
    "et": "Age",
    "off": 29118,
    "sff": "4 weeks"
  },
  {
    "docID": "N054 Cholas, Hsu et al. 2012",
    "et": "Age",
    "off": 43711,
    "sff": "4 weeks"
  },
  {
    "docID": "N054 Cholas, Hsu et al. 2012",
    "et": "Age",
    "off": 19466,
    "sff": "1 week"
  },
  {
    "docID": "N054 Cholas, Hsu et al. 2012",
    "et": "Age",
    "off": 6525,
    "sff": "4 weeks"
  },
  {
    "docID": "N054 Cholas, Hsu et al. 2012",
    "et": "Age",
    "off": 27386,
    "sff": "4 weeks"
  },
  {
    "docID": "N054 Cholas, Hsu et al. 2012",
    "et": "Age",
    "off": 28551,
    "sff": "1 week"
  },
  {
    "docID": "N054 Cholas, Hsu et al. 2012",
    "et": "Age",
    "off": 37942,
    "sff": "4 weeks"
  },
  {
    "docID": "N054 Cholas, Hsu et al. 2012",
    "et": "Age",
    "off": 1151,
    "sff": "Four weeks"
  },
  {
    "docID": "N054 Cholas, Hsu et al. 2012",
    "et": "Age",
    "off": 19221,
    "sff": "4 days"
  },
  {
    "docID": "N054 Cholas, Hsu et al. 2012",
    "et": "Age",
    "off": 7604,
    "sff": "4 weeks"
  },
  {
    "docID": "N054 Cholas, Hsu et al. 2012",
    "et": "Age",
    "off": 34668,
    "sff": "4 weeks"
  },
  {
    "docID": "N054 Cholas, Hsu et al. 2012",
    "et": "Age",
    "off": 42540,
    "sff": "4 weeks"
  },
  {
    "docID": "N054 Cholas, Hsu et al. 2012",
    "et": "Age",
    "off": 23676,
    "sff": "1 to 4 weeks"
  },
  {
    "docID": "N054 Cholas, Hsu et al. 2012",
    "et": "Age",
    "off": 34286,
    "sff": "4 weeks"
  },
  {
    "docID": "N054 Cholas, Hsu et al. 2012",
    "et": "Age",
    "off": 35003,
    "sff": "1 to 4 weeks"
  },
  {
    "docID": "N054 Cholas, Hsu et al. 2012",
    "et": "Age",
    "off": 32431,
    "sff": "4 weeks"
  },
  {
    "docID": "N054 Cholas, Hsu et al. 2012",
    "et": "Age",
    "off": 1644,
    "sff": "4 weeks"
  },
  {
    "docID": "N054 Cholas, Hsu et al. 2012",
    "et": "Age",
    "off": 33579,
    "sff": "4 weeks"
  },
  {
    "docID": "N054 Cholas, Hsu et al. 2012",
    "et": "Age",
    "off": 36389,
    "sff": "4 weeks"
  },
  {
    "docID": "N054 Cholas, Hsu et al. 2012",
    "et": "Age",
    "off": 38949,
    "sff": "7 days"
  },
  {
    "docID": "N054 Cholas, Hsu et al. 2012",
    "et": "Age",
    "off": 11940,
    "sff": "5–7-week-old"
  },
  {
    "docID": "N054 Cholas, Hsu et al. 2012",
    "et": "Age",
    "off": 41761,
    "sff": "4 weeks"
  },
  {
    "docID": "N054 Cholas, Hsu et al. 2012",
    "et": "Age",
    "off": 21462,
    "sff": "10 to 14 days"
  },
  {
    "docID": "N054 Cholas, Hsu et al. 2012",
    "et": "Age",
    "off": 28643,
    "sff": "4 weeks"
  },
  {
    "docID": "N054 Cholas, Hsu et al. 2012",
    "et": "Age",
    "off": 7387,
    "sff": "4 weeks"
  },
  {
    "docID": "N054 Cholas, Hsu et al. 2012",
    "et": "Age",
    "off": 35596,
    "sff": "1 to 4 weeks"
  },
  {
    "docID": "N054 Cholas, Hsu et al. 2012",
    "et": "Age",
    "off": 19354,
    "sff": "4 days"
  },
  {
    "docID": "N054 Cholas, Hsu et al. 2012",
    "et": "Age",
    "off": 20638,
    "sff": "4 weeks"
  },
  {
    "docID": "N054 Cholas, Hsu et al. 2012",
    "et": "Age",
    "off": 39707,
    "sff": "4 weeks"
  },
  {
    "docID": "N054 Cholas, Hsu et al. 2012",
    "et": "Age",
    "off": 39899,
    "sff": "4 weeks"
  }
]
