[
  {
    "docID": "N055 Fouad, Pearse et al. 2009",
    "et": "Weight",
    "off": 5511,
    "sff": "0.75mg"
  },
  {
    "docID": "N055 Fouad, Pearse et al. 2009",
    "et": "Weight",
    "off": 5532,
    "sff": "200 g"
  },
  {
    "docID": "N055 Fouad, Pearse et al. 2009",
    "et": "Weight",
    "off": 7477,
    "sff": "70mg"
  },
  {
    "docID": "N055 Fouad, Pearse et al. 2009",
    "et": "Weight",
    "off": 7486,
    "sff": "100mg"
  },
  {
    "docID": "N055 Fouad, Pearse et al. 2009",
    "et": "Weight",
    "off": 5437,
    "sff": "200 g"
  },
  {
    "docID": "N055 Fouad, Pearse et al. 2009",
    "et": "GuineaPigSpecies",
    "off": 6662,
    "sff": "guineapig"
  },
  {
    "docID": "N055 Fouad, Pearse et al. 2009",
    "et": "RatModel",
    "off": 28921,
    "sff": "rat"
  },
  {
    "docID": "N055 Fouad, Pearse et al. 2009",
    "et": "RatModel",
    "off": 28106,
    "sff": "rat"
  },
  {
    "docID": "N055 Fouad, Pearse et al. 2009",
    "et": "RatModel",
    "off": 2059,
    "sff": "rat"
  },
  {
    "docID": "N055 Fouad, Pearse et al. 2009",
    "et": "RatModel",
    "off": 28395,
    "sff": "rat"
  },
  {
    "docID": "N055 Fouad, Pearse et al. 2009",
    "et": "RatModel",
    "off": 26124,
    "sff": "rat"
  },
  {
    "docID": "N055 Fouad, Pearse et al. 2009",
    "et": "RatModel",
    "off": 29180,
    "sff": "rat"
  },
  {
    "docID": "N055 Fouad, Pearse et al. 2009",
    "et": "RatModel",
    "off": 28807,
    "sff": "rat"
  },
  {
    "docID": "N055 Fouad, Pearse et al. 2009",
    "et": "RatModel",
    "off": 7123,
    "sff": "rat"
  },
  {
    "docID": "N055 Fouad, Pearse et al. 2009",
    "et": "RatModel",
    "off": 29550,
    "sff": "rat"
  },
  {
    "docID": "N055 Fouad, Pearse et al. 2009",
    "et": "RatModel",
    "off": 26704,
    "sff": "rat"
  },
  {
    "docID": "N055 Fouad, Pearse et al. 2009",
    "et": "Patient",
    "off": 18068,
    "sff": "patient"
  },
  {
    "docID": "N055 Fouad, Pearse et al. 2009",
    "et": "Patient",
    "off": 18346,
    "sff": "patient"
  },
  {
    "docID": "N055 Fouad, Pearse et al. 2009",
    "et": "NewZealandRabbit",
    "off": 25852,
    "sff": "New"
  },
  {
    "docID": "N055 Fouad, Pearse et al. 2009",
    "et": "NewZealandRabbit",
    "off": 25534,
    "sff": "new"
  },
  {
    "docID": "N055 Fouad, Pearse et al. 2009",
    "et": "Mixed",
    "off": 6644,
    "sff": "mixed"
  },
  {
    "docID": "N055 Fouad, Pearse et al. 2009",
    "et": "GuineaPigModel",
    "off": 6662,
    "sff": "guineapig"
  },
  {
    "docID": "N055 Fouad, Pearse et al. 2009",
    "et": "RatSpecies",
    "off": 28106,
    "sff": "rat"
  },
  {
    "docID": "N055 Fouad, Pearse et al. 2009",
    "et": "RatSpecies",
    "off": 2059,
    "sff": "rat"
  },
  {
    "docID": "N055 Fouad, Pearse et al. 2009",
    "et": "RatSpecies",
    "off": 28395,
    "sff": "rat"
  },
  {
    "docID": "N055 Fouad, Pearse et al. 2009",
    "et": "RatSpecies",
    "off": 28921,
    "sff": "rat"
  },
  {
    "docID": "N055 Fouad, Pearse et al. 2009",
    "et": "RatSpecies",
    "off": 29550,
    "sff": "rat"
  },
  {
    "docID": "N055 Fouad, Pearse et al. 2009",
    "et": "RatSpecies",
    "off": 26124,
    "sff": "rat"
  },
  {
    "docID": "N055 Fouad, Pearse et al. 2009",
    "et": "RatSpecies",
    "off": 29180,
    "sff": "rat"
  },
  {
    "docID": "N055 Fouad, Pearse et al. 2009",
    "et": "RatSpecies",
    "off": 7123,
    "sff": "rat"
  },
  {
    "docID": "N055 Fouad, Pearse et al. 2009",
    "et": "RatSpecies",
    "off": 26704,
    "sff": "rat"
  },
  {
    "docID": "N055 Fouad, Pearse et al. 2009",
    "et": "RatSpecies",
    "off": 28807,
    "sff": "rat"
  },
  {
    "docID": "N055 Fouad, Pearse et al. 2009",
    "et": "HartleyGuineaPig",
    "off": 6662,
    "sff": "guineapig"
  },
  {
    "docID": "N055 Fouad, Pearse et al. 2009",
    "et": "FischerRat",
    "off": 28442,
    "sff": "Fischer"
  },
  {
    "docID": "N055 Fouad, Pearse et al. 2009",
    "et": "FischerRat",
    "off": 5099,
    "sff": "Fischer"
  },
  {
    "docID": "N055 Fouad, Pearse et al. 2009",
    "et": "CatSpecies",
    "off": 29911,
    "sff": "cat"
  },
  {
    "docID": "N055 Fouad, Pearse et al. 2009",
    "et": "Adult",
    "off": 5086,
    "sff": "adult"
  },
  {
    "docID": "N055 Fouad, Pearse et al. 2009",
    "et": "LongEvansRat",
    "off": 24242,
    "sff": "long"
  },
  {
    "docID": "N055 Fouad, Pearse et al. 2009",
    "et": "CatModel",
    "off": 29911,
    "sff": "cat"
  },
  {
    "docID": "N055 Fouad, Pearse et al. 2009",
    "et": "Female",
    "off": 26300,
    "sff": "female"
  },
  {
    "docID": "N055 Fouad, Pearse et al. 2009",
    "et": "Female",
    "off": 5092,
    "sff": "female"
  },
  {
    "docID": "N055 Fouad, Pearse et al. 2009",
    "et": "Age",
    "off": 1604,
    "sff": "3 weeks"
  },
  {
    "docID": "N055 Fouad, Pearse et al. 2009",
    "et": "Age",
    "off": 14562,
    "sff": "12 weeks"
  },
  {
    "docID": "N055 Fouad, Pearse et al. 2009",
    "et": "Age",
    "off": 11748,
    "sff": "4 weeks"
  },
  {
    "docID": "N055 Fouad, Pearse et al. 2009",
    "et": "Age",
    "off": 20380,
    "sff": "2 weeks"
  },
  {
    "docID": "N055 Fouad, Pearse et al. 2009",
    "et": "Age",
    "off": 7882,
    "sff": "2 days"
  },
  {
    "docID": "N055 Fouad, Pearse et al. 2009",
    "et": "Age",
    "off": 14257,
    "sff": "3 weeks"
  },
  {
    "docID": "N055 Fouad, Pearse et al. 2009",
    "et": "Age",
    "off": 7382,
    "sff": "12 weeks"
  },
  {
    "docID": "N055 Fouad, Pearse et al. 2009",
    "et": "Age",
    "off": 1622,
    "sff": "2 weeks"
  },
  {
    "docID": "N055 Fouad, Pearse et al. 2009",
    "et": "Age",
    "off": 1527,
    "sff": "14 weeks"
  },
  {
    "docID": "N055 Fouad, Pearse et al. 2009",
    "et": "Age",
    "off": 11890,
    "sff": "12 weeks"
  },
  {
    "docID": "N055 Fouad, Pearse et al. 2009",
    "et": "Age",
    "off": 6579,
    "sff": "12 weeks"
  },
  {
    "docID": "N055 Fouad, Pearse et al. 2009",
    "et": "Age",
    "off": 14707,
    "sff": "2 weeks"
  },
  {
    "docID": "N055 Fouad, Pearse et al. 2009",
    "et": "Age",
    "off": 6745,
    "sff": "3 weeks"
  },
  {
    "docID": "N055 Fouad, Pearse et al. 2009",
    "et": "Age",
    "off": 20301,
    "sff": "2 weeks"
  },
  {
    "docID": "N055 Fouad, Pearse et al. 2009",
    "et": "Age",
    "off": 10199,
    "sff": "3 days"
  },
  {
    "docID": "N055 Fouad, Pearse et al. 2009",
    "et": "Age",
    "off": 6494,
    "sff": "4 weeks"
  },
  {
    "docID": "N055 Fouad, Pearse et al. 2009",
    "et": "Age",
    "off": 11816,
    "sff": "7 weeks"
  },
  {
    "docID": "N055 Fouad, Pearse et al. 2009",
    "et": "Age",
    "off": 14918,
    "sff": "2 weeks"
  }
]
