[
  {
    "docID": "N059 Ikegami, Nakamura et al. 2005",
    "et": "Weight",
    "off": 11711,
    "sff": "230–250 g"
  },
  {
    "docID": "N059 Ikegami, Nakamura et al. 2005",
    "et": "Weight",
    "off": 12179,
    "sff": "10-g"
  },
  {
    "docID": "N059 Ikegami, Nakamura et al. 2005",
    "et": "Weight",
    "off": 11889,
    "sff": "0.35 mg"
  },
  {
    "docID": "N059 Ikegami, Nakamura et al. 2005",
    "et": "GuineaPigSpecies",
    "off": 39183,
    "sff": "pig"
  },
  {
    "docID": "N059 Ikegami, Nakamura et al. 2005",
    "et": "RatModel",
    "off": 54800,
    "sff": "rat"
  },
  {
    "docID": "N059 Ikegami, Nakamura et al. 2005",
    "et": "RatModel",
    "off": 49553,
    "sff": "rat"
  },
  {
    "docID": "N059 Ikegami, Nakamura et al. 2005",
    "et": "RatModel",
    "off": 49076,
    "sff": "rat"
  },
  {
    "docID": "N059 Ikegami, Nakamura et al. 2005",
    "et": "RatModel",
    "off": 6275,
    "sff": "rat"
  },
  {
    "docID": "N059 Ikegami, Nakamura et al. 2005",
    "et": "RatModel",
    "off": 54995,
    "sff": "rat"
  },
  {
    "docID": "N059 Ikegami, Nakamura et al. 2005",
    "et": "RatModel",
    "off": 55283,
    "sff": "rat"
  },
  {
    "docID": "N059 Ikegami, Nakamura et al. 2005",
    "et": "RatModel",
    "off": 294,
    "sff": "rat"
  },
  {
    "docID": "N059 Ikegami, Nakamura et al. 2005",
    "et": "RatModel",
    "off": 47639,
    "sff": "rat"
  },
  {
    "docID": "N059 Ikegami, Nakamura et al. 2005",
    "et": "RatModel",
    "off": 49191,
    "sff": "rat"
  },
  {
    "docID": "N059 Ikegami, Nakamura et al. 2005",
    "et": "RatModel",
    "off": 51959,
    "sff": "rat"
  },
  {
    "docID": "N059 Ikegami, Nakamura et al. 2005",
    "et": "RatModel",
    "off": 46937,
    "sff": "rat"
  },
  {
    "docID": "N059 Ikegami, Nakamura et al. 2005",
    "et": "RatModel",
    "off": 51212,
    "sff": "rat"
  },
  {
    "docID": "N059 Ikegami, Nakamura et al. 2005",
    "et": "NewZealandRabbit",
    "off": 49327,
    "sff": "new"
  },
  {
    "docID": "N059 Ikegami, Nakamura et al. 2005",
    "et": "RabbitSpecies",
    "off": 18695,
    "sff": "rabbit"
  },
  {
    "docID": "N059 Ikegami, Nakamura et al. 2005",
    "et": "RabbitSpecies",
    "off": 10376,
    "sff": "rabbit"
  },
  {
    "docID": "N059 Ikegami, Nakamura et al. 2005",
    "et": "RabbitSpecies",
    "off": 10752,
    "sff": "rabbit"
  },
  {
    "docID": "N059 Ikegami, Nakamura et al. 2005",
    "et": "RabbitSpecies",
    "off": 10661,
    "sff": "rabbit"
  },
  {
    "docID": "N059 Ikegami, Nakamura et al. 2005",
    "et": "Young",
    "off": 46858,
    "sff": "Young"
  },
  {
    "docID": "N059 Ikegami, Nakamura et al. 2005",
    "et": "SpragueDawleyRat",
    "off": 6199,
    "sff": "Sprague-Dawley rats"
  },
  {
    "docID": "N059 Ikegami, Nakamura et al. 2005",
    "et": "SpragueDawleyRat",
    "off": 11729,
    "sff": "Sprague-Dawley"
  },
  {
    "docID": "N059 Ikegami, Nakamura et al. 2005",
    "et": "SpragueDawleyRat",
    "off": 29586,
    "sff": "Sprague-Dawley rats"
  },
  {
    "docID": "N059 Ikegami, Nakamura et al. 2005",
    "et": "SpragueDawleyRat",
    "off": 29586,
    "sff": "Sprague-Dawley"
  },
  {
    "docID": "N059 Ikegami, Nakamura et al. 2005",
    "et": "SpragueDawleyRat",
    "off": 11729,
    "sff": "Sprague-Dawley rats"
  },
  {
    "docID": "N059 Ikegami, Nakamura et al. 2005",
    "et": "SpragueDawleyRat",
    "off": 6199,
    "sff": "Sprague-Dawley"
  },
  {
    "docID": "N059 Ikegami, Nakamura et al. 2005",
    "et": "MouseModel",
    "off": 8383,
    "sff": "mouse"
  },
  {
    "docID": "N059 Ikegami, Nakamura et al. 2005",
    "et": "MouseModel",
    "off": 18831,
    "sff": "mouse"
  },
  {
    "docID": "N059 Ikegami, Nakamura et al. 2005",
    "et": "MouseModel",
    "off": 10480,
    "sff": "mouse"
  },
  {
    "docID": "N059 Ikegami, Nakamura et al. 2005",
    "et": "MouseModel",
    "off": 10848,
    "sff": "mouse"
  },
  {
    "docID": "N059 Ikegami, Nakamura et al. 2005",
    "et": "MouseModel",
    "off": 19488,
    "sff": "mouse"
  },
  {
    "docID": "N059 Ikegami, Nakamura et al. 2005",
    "et": "MouseModel",
    "off": 18755,
    "sff": "mouse"
  },
  {
    "docID": "N059 Ikegami, Nakamura et al. 2005",
    "et": "MouseModel",
    "off": 10565,
    "sff": "mouse"
  },
  {
    "docID": "N059 Ikegami, Nakamura et al. 2005",
    "et": "MouseModel",
    "off": 19591,
    "sff": "mouse"
  },
  {
    "docID": "N059 Ikegami, Nakamura et al. 2005",
    "et": "MouseModel",
    "off": 19064,
    "sff": "mouse"
  },
  {
    "docID": "N059 Ikegami, Nakamura et al. 2005",
    "et": "RabbitModel",
    "off": 10752,
    "sff": "rabbit"
  },
  {
    "docID": "N059 Ikegami, Nakamura et al. 2005",
    "et": "RabbitModel",
    "off": 10661,
    "sff": "rabbit"
  },
  {
    "docID": "N059 Ikegami, Nakamura et al. 2005",
    "et": "RabbitModel",
    "off": 10376,
    "sff": "rabbit"
  },
  {
    "docID": "N059 Ikegami, Nakamura et al. 2005",
    "et": "RabbitModel",
    "off": 18695,
    "sff": "rabbit"
  },
  {
    "docID": "N059 Ikegami, Nakamura et al. 2005",
    "et": "RatSpecies",
    "off": 54800,
    "sff": "rat"
  },
  {
    "docID": "N059 Ikegami, Nakamura et al. 2005",
    "et": "RatSpecies",
    "off": 49553,
    "sff": "rat"
  },
  {
    "docID": "N059 Ikegami, Nakamura et al. 2005",
    "et": "RatSpecies",
    "off": 54995,
    "sff": "rat"
  },
  {
    "docID": "N059 Ikegami, Nakamura et al. 2005",
    "et": "RatSpecies",
    "off": 55283,
    "sff": "rat"
  },
  {
    "docID": "N059 Ikegami, Nakamura et al. 2005",
    "et": "RatSpecies",
    "off": 49076,
    "sff": "rat"
  },
  {
    "docID": "N059 Ikegami, Nakamura et al. 2005",
    "et": "RatSpecies",
    "off": 47639,
    "sff": "rat"
  },
  {
    "docID": "N059 Ikegami, Nakamura et al. 2005",
    "et": "RatSpecies",
    "off": 49191,
    "sff": "rat"
  },
  {
    "docID": "N059 Ikegami, Nakamura et al. 2005",
    "et": "RatSpecies",
    "off": 51959,
    "sff": "rat"
  },
  {
    "docID": "N059 Ikegami, Nakamura et al. 2005",
    "et": "RatSpecies",
    "off": 294,
    "sff": "rat"
  },
  {
    "docID": "N059 Ikegami, Nakamura et al. 2005",
    "et": "RatSpecies",
    "off": 46937,
    "sff": "rat"
  },
  {
    "docID": "N059 Ikegami, Nakamura et al. 2005",
    "et": "RatSpecies",
    "off": 6275,
    "sff": "rat"
  },
  {
    "docID": "N059 Ikegami, Nakamura et al. 2005",
    "et": "RatSpecies",
    "off": 51212,
    "sff": "rat"
  },
  {
    "docID": "N059 Ikegami, Nakamura et al. 2005",
    "et": "MouseSpecies",
    "off": 8383,
    "sff": "mouse"
  },
  {
    "docID": "N059 Ikegami, Nakamura et al. 2005",
    "et": "MouseSpecies",
    "off": 18831,
    "sff": "mouse"
  },
  {
    "docID": "N059 Ikegami, Nakamura et al. 2005",
    "et": "MouseSpecies",
    "off": 19064,
    "sff": "mouse"
  },
  {
    "docID": "N059 Ikegami, Nakamura et al. 2005",
    "et": "MouseSpecies",
    "off": 10565,
    "sff": "mouse"
  },
  {
    "docID": "N059 Ikegami, Nakamura et al. 2005",
    "et": "MouseSpecies",
    "off": 19591,
    "sff": "mouse"
  },
  {
    "docID": "N059 Ikegami, Nakamura et al. 2005",
    "et": "MouseSpecies",
    "off": 10480,
    "sff": "mouse"
  },
  {
    "docID": "N059 Ikegami, Nakamura et al. 2005",
    "et": "MouseSpecies",
    "off": 10848,
    "sff": "mouse"
  },
  {
    "docID": "N059 Ikegami, Nakamura et al. 2005",
    "et": "MouseSpecies",
    "off": 19488,
    "sff": "mouse"
  },
  {
    "docID": "N059 Ikegami, Nakamura et al. 2005",
    "et": "MouseSpecies",
    "off": 18755,
    "sff": "mouse"
  },
  {
    "docID": "N059 Ikegami, Nakamura et al. 2005",
    "et": "Adult",
    "off": 53686,
    "sff": "adult"
  },
  {
    "docID": "N059 Ikegami, Nakamura et al. 2005",
    "et": "Adult",
    "off": 53271,
    "sff": "adult"
  },
  {
    "docID": "N059 Ikegami, Nakamura et al. 2005",
    "et": "Adult",
    "off": 5689,
    "sff": "mature"
  },
  {
    "docID": "N059 Ikegami, Nakamura et al. 2005",
    "et": "Adult",
    "off": 11704,
    "sff": "Adult"
  },
  {
    "docID": "N059 Ikegami, Nakamura et al. 2005",
    "et": "Adult",
    "off": 1317,
    "sff": "adult"
  },
  {
    "docID": "N059 Ikegami, Nakamura et al. 2005",
    "et": "Adult",
    "off": 29573,
    "sff": "adult"
  },
  {
    "docID": "N059 Ikegami, Nakamura et al. 2005",
    "et": "Adult",
    "off": 55430,
    "sff": "adult"
  },
  {
    "docID": "N059 Ikegami, Nakamura et al. 2005",
    "et": "Adult",
    "off": 3178,
    "sff": "adult"
  },
  {
    "docID": "N059 Ikegami, Nakamura et al. 2005",
    "et": "Adult",
    "off": 40395,
    "sff": "adult"
  },
  {
    "docID": "N059 Ikegami, Nakamura et al. 2005",
    "et": "Adult",
    "off": 49547,
    "sff": "adult"
  },
  {
    "docID": "N059 Ikegami, Nakamura et al. 2005",
    "et": "Adult",
    "off": 48108,
    "sff": "adult"
  },
  {
    "docID": "N059 Ikegami, Nakamura et al. 2005",
    "et": "Adult",
    "off": 54989,
    "sff": "adult"
  },
  {
    "docID": "N059 Ikegami, Nakamura et al. 2005",
    "et": "Adult",
    "off": 55277,
    "sff": "adult"
  },
  {
    "docID": "N059 Ikegami, Nakamura et al. 2005",
    "et": "Female",
    "off": 29579,
    "sff": "female"
  },
  {
    "docID": "N059 Ikegami, Nakamura et al. 2005",
    "et": "Female",
    "off": 11722,
    "sff": "female"
  },
  {
    "docID": "N059 Ikegami, Nakamura et al. 2005",
    "et": "Age",
    "off": 16643,
    "sff": "Six weeks"
  },
  {
    "docID": "N059 Ikegami, Nakamura et al. 2005",
    "et": "Age",
    "off": 30742,
    "sff": "2 weeks"
  },
  {
    "docID": "N059 Ikegami, Nakamura et al. 2005",
    "et": "Age",
    "off": 30006,
    "sff": "4 days"
  },
  {
    "docID": "N059 Ikegami, Nakamura et al. 2005",
    "et": "Age",
    "off": 15211,
    "sff": "1 week"
  },
  {
    "docID": "N059 Ikegami, Nakamura et al. 2005",
    "et": "Age",
    "off": 23873,
    "sff": "7 days"
  },
  {
    "docID": "N059 Ikegami, Nakamura et al. 2005",
    "et": "Age",
    "off": 22449,
    "sff": "4 days"
  },
  {
    "docID": "N059 Ikegami, Nakamura et al. 2005",
    "et": "Age",
    "off": 31875,
    "sff": "4D"
  },
  {
    "docID": "N059 Ikegami, Nakamura et al. 2005",
    "et": "Age",
    "off": 33784,
    "sff": "5D"
  },
  {
    "docID": "N059 Ikegami, Nakamura et al. 2005",
    "et": "Age",
    "off": 39557,
    "sff": "7 days"
  },
  {
    "docID": "N059 Ikegami, Nakamura et al. 2005",
    "et": "Age",
    "off": 39839,
    "sff": "1 to 2 weeks"
  },
  {
    "docID": "N059 Ikegami, Nakamura et al. 2005",
    "et": "Age",
    "off": 30256,
    "sff": "8 weeks"
  },
  {
    "docID": "N059 Ikegami, Nakamura et al. 2005",
    "et": "Age",
    "off": 31305,
    "sff": "7 days"
  },
  {
    "docID": "N059 Ikegami, Nakamura et al. 2005",
    "et": "Age",
    "off": 6768,
    "sff": "4–5 days"
  },
  {
    "docID": "N059 Ikegami, Nakamura et al. 2005",
    "et": "Age",
    "off": 23108,
    "sff": "4 days"
  },
  {
    "docID": "N059 Ikegami, Nakamura et al. 2005",
    "et": "Age",
    "off": 30818,
    "sff": "1 to 2 weeks"
  },
  {
    "docID": "N059 Ikegami, Nakamura et al. 2005",
    "et": "Age",
    "off": 23332,
    "sff": "8 weeks"
  },
  {
    "docID": "N059 Ikegami, Nakamura et al. 2005",
    "et": "Age",
    "off": 16002,
    "sff": "2 weeks"
  },
  {
    "docID": "N059 Ikegami, Nakamura et al. 2005",
    "et": "Age",
    "off": 29251,
    "sff": "2 weeks"
  },
  {
    "docID": "N059 Ikegami, Nakamura et al. 2005",
    "et": "Age",
    "off": 35211,
    "sff": "6D"
  },
  {
    "docID": "N059 Ikegami, Nakamura et al. 2005",
    "et": "Age",
    "off": 38111,
    "sff": "40 days"
  },
  {
    "docID": "N059 Ikegami, Nakamura et al. 2005",
    "et": "Age",
    "off": 38275,
    "sff": "2 weeks"
  },
  {
    "docID": "N059 Ikegami, Nakamura et al. 2005",
    "et": "Age",
    "off": 10201,
    "sff": "Four days"
  },
  {
    "docID": "N059 Ikegami, Nakamura et al. 2005",
    "et": "Age",
    "off": 36998,
    "sff": "1D"
  },
  {
    "docID": "N059 Ikegami, Nakamura et al. 2005",
    "et": "Age",
    "off": 30213,
    "sff": "4 weeks"
  },
  {
    "docID": "N059 Ikegami, Nakamura et al. 2005",
    "et": "Age",
    "off": 37991,
    "sff": "7 days"
  },
  {
    "docID": "N059 Ikegami, Nakamura et al. 2005",
    "et": "Age",
    "off": 30240,
    "sff": "2D"
  },
  {
    "docID": "N059 Ikegami, Nakamura et al. 2005",
    "et": "Age",
    "off": 31077,
    "sff": "7 days"
  },
  {
    "docID": "N059 Ikegami, Nakamura et al. 2005",
    "et": "Age",
    "off": 14676,
    "sff": "1 week"
  },
  {
    "docID": "N059 Ikegami, Nakamura et al. 2005",
    "et": "Age",
    "off": 23787,
    "sff": "7 days"
  },
  {
    "docID": "N059 Ikegami, Nakamura et al. 2005",
    "et": "Age",
    "off": 12901,
    "sff": "4 days"
  },
  {
    "docID": "N059 Ikegami, Nakamura et al. 2005",
    "et": "Age",
    "off": 15197,
    "sff": "1 week"
  },
  {
    "docID": "N059 Ikegami, Nakamura et al. 2005",
    "et": "Age",
    "off": 12918,
    "sff": "8 weeks"
  },
  {
    "docID": "N059 Ikegami, Nakamura et al. 2005",
    "et": "Age",
    "off": 32323,
    "sff": "1 to 2 weeks"
  },
  {
    "docID": "N059 Ikegami, Nakamura et al. 2005",
    "et": "Age",
    "off": 15977,
    "sff": "1 week"
  },
  {
    "docID": "N059 Ikegami, Nakamura et al. 2005",
    "et": "Age",
    "off": 16847,
    "sff": "1 to 2 weeks"
  },
  {
    "docID": "N059 Ikegami, Nakamura et al. 2005",
    "et": "Age",
    "off": 28432,
    "sff": "1D"
  },
  {
    "docID": "N059 Ikegami, Nakamura et al. 2005",
    "et": "Age",
    "off": 23298,
    "sff": "2 to 4 weeks"
  },
  {
    "docID": "N059 Ikegami, Nakamura et al. 2005",
    "et": "Age",
    "off": 31434,
    "sff": "1 to 2 weeks"
  },
  {
    "docID": "N059 Ikegami, Nakamura et al. 2005",
    "et": "Age",
    "off": 30048,
    "sff": "2 weeks"
  }
]
