[
  {
    "docID": "N060 Karimi-Abdolrezaee. 2010",
    "et": "Weight",
    "off": 7719,
    "sff": "19.25 mg"
  },
  {
    "docID": "N060 Karimi-Abdolrezaee. 2010",
    "et": "Weight",
    "off": 7298,
    "sff": "20 mg"
  },
  {
    "docID": "N060 Karimi-Abdolrezaee. 2010",
    "et": "Weight",
    "off": 7701,
    "sff": "50 mg"
  },
  {
    "docID": "N060 Karimi-Abdolrezaee. 2010",
    "et": "Weight",
    "off": 8564,
    "sff": "23 g"
  },
  {
    "docID": "N060 Karimi-Abdolrezaee. 2010",
    "et": "Weight",
    "off": 6247,
    "sff": "250 g"
  },
  {
    "docID": "N060 Karimi-Abdolrezaee. 2010",
    "et": "Weight",
    "off": 74241,
    "sff": "8G"
  },
  {
    "docID": "N060 Karimi-Abdolrezaee. 2010",
    "et": "Weight",
    "off": 74561,
    "sff": "8G"
  },
  {
    "docID": "N060 Karimi-Abdolrezaee. 2010",
    "et": "Weight",
    "off": 7326,
    "sff": "4 mg"
  },
  {
    "docID": "N060 Karimi-Abdolrezaee. 2010",
    "et": "Weight",
    "off": 7678,
    "sff": "200 mg"
  },
  {
    "docID": "N060 Karimi-Abdolrezaee. 2010",
    "et": "Weight",
    "off": 35638,
    "sff": "2 g"
  },
  {
    "docID": "N060 Karimi-Abdolrezaee. 2010",
    "et": "Weight",
    "off": 78710,
    "sff": "2 g"
  },
  {
    "docID": "N060 Karimi-Abdolrezaee. 2010",
    "et": "Weight",
    "off": 7280,
    "sff": "40 mg"
  },
  {
    "docID": "N060 Karimi-Abdolrezaee. 2010",
    "et": "RatModel",
    "off": 30312,
    "sff": "rat"
  },
  {
    "docID": "N060 Karimi-Abdolrezaee. 2010",
    "et": "RatModel",
    "off": 46885,
    "sff": "rat"
  },
  {
    "docID": "N060 Karimi-Abdolrezaee. 2010",
    "et": "RatModel",
    "off": 91686,
    "sff": "rat"
  },
  {
    "docID": "N060 Karimi-Abdolrezaee. 2010",
    "et": "RatModel",
    "off": 11774,
    "sff": "Rat"
  },
  {
    "docID": "N060 Karimi-Abdolrezaee. 2010",
    "et": "RatModel",
    "off": 99633,
    "sff": "rat"
  },
  {
    "docID": "N060 Karimi-Abdolrezaee. 2010",
    "et": "RatModel",
    "off": 14064,
    "sff": "rat"
  },
  {
    "docID": "N060 Karimi-Abdolrezaee. 2010",
    "et": "RatModel",
    "off": 98738,
    "sff": "rat"
  },
  {
    "docID": "N060 Karimi-Abdolrezaee. 2010",
    "et": "RatModel",
    "off": 32179,
    "sff": "rat"
  },
  {
    "docID": "N060 Karimi-Abdolrezaee. 2010",
    "et": "RatModel",
    "off": 26993,
    "sff": "rat"
  },
  {
    "docID": "N060 Karimi-Abdolrezaee. 2010",
    "et": "RatModel",
    "off": 10197,
    "sff": "rat"
  },
  {
    "docID": "N060 Karimi-Abdolrezaee. 2010",
    "et": "RatModel",
    "off": 22998,
    "sff": "rat"
  },
  {
    "docID": "N060 Karimi-Abdolrezaee. 2010",
    "et": "RatModel",
    "off": 9808,
    "sff": "Rat"
  },
  {
    "docID": "N060 Karimi-Abdolrezaee. 2010",
    "et": "RatModel",
    "off": 25754,
    "sff": "rat"
  },
  {
    "docID": "N060 Karimi-Abdolrezaee. 2010",
    "et": "RatModel",
    "off": 33120,
    "sff": "rat"
  },
  {
    "docID": "N060 Karimi-Abdolrezaee. 2010",
    "et": "RatModel",
    "off": 94626,
    "sff": "rat"
  },
  {
    "docID": "N060 Karimi-Abdolrezaee. 2010",
    "et": "RatModel",
    "off": 100580,
    "sff": "rat"
  },
  {
    "docID": "N060 Karimi-Abdolrezaee. 2010",
    "et": "RatModel",
    "off": 36131,
    "sff": "rat"
  },
  {
    "docID": "N060 Karimi-Abdolrezaee. 2010",
    "et": "RatModel",
    "off": 8903,
    "sff": "rat"
  },
  {
    "docID": "N060 Karimi-Abdolrezaee. 2010",
    "et": "RatModel",
    "off": 94922,
    "sff": "rat"
  },
  {
    "docID": "N060 Karimi-Abdolrezaee. 2010",
    "et": "RatModel",
    "off": 9733,
    "sff": "rat"
  },
  {
    "docID": "N060 Karimi-Abdolrezaee. 2010",
    "et": "RatModel",
    "off": 95289,
    "sff": "rat"
  },
  {
    "docID": "N060 Karimi-Abdolrezaee. 2010",
    "et": "RatModel",
    "off": 99386,
    "sff": "rat"
  },
  {
    "docID": "N060 Karimi-Abdolrezaee. 2010",
    "et": "RatModel",
    "off": 99962,
    "sff": "rat"
  },
  {
    "docID": "N060 Karimi-Abdolrezaee. 2010",
    "et": "RatModel",
    "off": 101242,
    "sff": "rat"
  },
  {
    "docID": "N060 Karimi-Abdolrezaee. 2010",
    "et": "RatModel",
    "off": 102395,
    "sff": "rat"
  },
  {
    "docID": "N060 Karimi-Abdolrezaee. 2010",
    "et": "RatModel",
    "off": 98300,
    "sff": "rat"
  },
  {
    "docID": "N060 Karimi-Abdolrezaee. 2010",
    "et": "RatModel",
    "off": 35007,
    "sff": "rat"
  },
  {
    "docID": "N060 Karimi-Abdolrezaee. 2010",
    "et": "RatModel",
    "off": 48061,
    "sff": "rat"
  },
  {
    "docID": "N060 Karimi-Abdolrezaee. 2010",
    "et": "NewZealandRabbit",
    "off": 99927,
    "sff": "new"
  },
  {
    "docID": "N060 Karimi-Abdolrezaee. 2010",
    "et": "NewZealandRabbit",
    "off": 85160,
    "sff": "new"
  },
  {
    "docID": "N060 Karimi-Abdolrezaee. 2010",
    "et": "NewZealandRabbit",
    "off": 90533,
    "sff": "new"
  },
  {
    "docID": "N060 Karimi-Abdolrezaee. 2010",
    "et": "RabbitSpecies",
    "off": 17231,
    "sff": "rabbit"
  },
  {
    "docID": "N060 Karimi-Abdolrezaee. 2010",
    "et": "RabbitSpecies",
    "off": 17838,
    "sff": "rabbit"
  },
  {
    "docID": "N060 Karimi-Abdolrezaee. 2010",
    "et": "RabbitSpecies",
    "off": 15920,
    "sff": "rabbit"
  },
  {
    "docID": "N060 Karimi-Abdolrezaee. 2010",
    "et": "RabbitSpecies",
    "off": 17280,
    "sff": "rabbit"
  },
  {
    "docID": "N060 Karimi-Abdolrezaee. 2010",
    "et": "RabbitSpecies",
    "off": 16802,
    "sff": "rabbit"
  },
  {
    "docID": "N060 Karimi-Abdolrezaee. 2010",
    "et": "RabbitSpecies",
    "off": 20585,
    "sff": "rabbit"
  },
  {
    "docID": "N060 Karimi-Abdolrezaee. 2010",
    "et": "RabbitSpecies",
    "off": 17562,
    "sff": "rabbit"
  },
  {
    "docID": "N060 Karimi-Abdolrezaee. 2010",
    "et": "Mixed",
    "off": 42305,
    "sff": "mixed"
  },
  {
    "docID": "N060 Karimi-Abdolrezaee. 2010",
    "et": "MouseModel",
    "off": 19013,
    "sff": "mouse"
  },
  {
    "docID": "N060 Karimi-Abdolrezaee. 2010",
    "et": "MouseModel",
    "off": 102188,
    "sff": "mouse"
  },
  {
    "docID": "N060 Karimi-Abdolrezaee. 2010",
    "et": "MouseModel",
    "off": 16041,
    "sff": "mouse"
  },
  {
    "docID": "N060 Karimi-Abdolrezaee. 2010",
    "et": "MouseModel",
    "off": 17038,
    "sff": "mouse"
  },
  {
    "docID": "N060 Karimi-Abdolrezaee. 2010",
    "et": "MouseModel",
    "off": 17136,
    "sff": "mouse"
  },
  {
    "docID": "N060 Karimi-Abdolrezaee. 2010",
    "et": "MouseModel",
    "off": 16975,
    "sff": "mouse"
  },
  {
    "docID": "N060 Karimi-Abdolrezaee. 2010",
    "et": "MouseModel",
    "off": 16726,
    "sff": "mouse"
  },
  {
    "docID": "N060 Karimi-Abdolrezaee. 2010",
    "et": "MouseModel",
    "off": 16280,
    "sff": "mouse"
  },
  {
    "docID": "N060 Karimi-Abdolrezaee. 2010",
    "et": "MouseModel",
    "off": 17176,
    "sff": "mouse"
  },
  {
    "docID": "N060 Karimi-Abdolrezaee. 2010",
    "et": "MouseModel",
    "off": 17402,
    "sff": "mouse"
  },
  {
    "docID": "N060 Karimi-Abdolrezaee. 2010",
    "et": "MouseModel",
    "off": 16893,
    "sff": "mouse"
  },
  {
    "docID": "N060 Karimi-Abdolrezaee. 2010",
    "et": "MouseModel",
    "off": 16002,
    "sff": "mouse"
  },
  {
    "docID": "N060 Karimi-Abdolrezaee. 2010",
    "et": "MouseModel",
    "off": 17698,
    "sff": "mouse"
  },
  {
    "docID": "N060 Karimi-Abdolrezaee. 2010",
    "et": "RabbitModel",
    "off": 20585,
    "sff": "rabbit"
  },
  {
    "docID": "N060 Karimi-Abdolrezaee. 2010",
    "et": "RabbitModel",
    "off": 17562,
    "sff": "rabbit"
  },
  {
    "docID": "N060 Karimi-Abdolrezaee. 2010",
    "et": "RabbitModel",
    "off": 17838,
    "sff": "rabbit"
  },
  {
    "docID": "N060 Karimi-Abdolrezaee. 2010",
    "et": "RabbitModel",
    "off": 16802,
    "sff": "rabbit"
  },
  {
    "docID": "N060 Karimi-Abdolrezaee. 2010",
    "et": "RabbitModel",
    "off": 17231,
    "sff": "rabbit"
  },
  {
    "docID": "N060 Karimi-Abdolrezaee. 2010",
    "et": "RabbitModel",
    "off": 15920,
    "sff": "rabbit"
  },
  {
    "docID": "N060 Karimi-Abdolrezaee. 2010",
    "et": "RabbitModel",
    "off": 17280,
    "sff": "rabbit"
  },
  {
    "docID": "N060 Karimi-Abdolrezaee. 2010",
    "et": "WistarRat",
    "off": 6234,
    "sff": "Wistar"
  },
  {
    "docID": "N060 Karimi-Abdolrezaee. 2010",
    "et": "WistarRat",
    "off": 6234,
    "sff": "Wistar rats"
  },
  {
    "docID": "N060 Karimi-Abdolrezaee. 2010",
    "et": "RatSpecies",
    "off": 94922,
    "sff": "rat"
  },
  {
    "docID": "N060 Karimi-Abdolrezaee. 2010",
    "et": "RatSpecies",
    "off": 10197,
    "sff": "rat"
  },
  {
    "docID": "N060 Karimi-Abdolrezaee. 2010",
    "et": "RatSpecies",
    "off": 22998,
    "sff": "rat"
  },
  {
    "docID": "N060 Karimi-Abdolrezaee. 2010",
    "et": "RatSpecies",
    "off": 25754,
    "sff": "rat"
  },
  {
    "docID": "N060 Karimi-Abdolrezaee. 2010",
    "et": "RatSpecies",
    "off": 9808,
    "sff": "Rat"
  },
  {
    "docID": "N060 Karimi-Abdolrezaee. 2010",
    "et": "RatSpecies",
    "off": 94626,
    "sff": "rat"
  },
  {
    "docID": "N060 Karimi-Abdolrezaee. 2010",
    "et": "RatSpecies",
    "off": 33120,
    "sff": "rat"
  },
  {
    "docID": "N060 Karimi-Abdolrezaee. 2010",
    "et": "RatSpecies",
    "off": 36131,
    "sff": "rat"
  },
  {
    "docID": "N060 Karimi-Abdolrezaee. 2010",
    "et": "RatSpecies",
    "off": 46885,
    "sff": "rat"
  },
  {
    "docID": "N060 Karimi-Abdolrezaee. 2010",
    "et": "RatSpecies",
    "off": 91686,
    "sff": "rat"
  },
  {
    "docID": "N060 Karimi-Abdolrezaee. 2010",
    "et": "RatSpecies",
    "off": 100580,
    "sff": "rat"
  },
  {
    "docID": "N060 Karimi-Abdolrezaee. 2010",
    "et": "RatSpecies",
    "off": 30312,
    "sff": "rat"
  },
  {
    "docID": "N060 Karimi-Abdolrezaee. 2010",
    "et": "RatSpecies",
    "off": 11774,
    "sff": "Rat"
  },
  {
    "docID": "N060 Karimi-Abdolrezaee. 2010",
    "et": "RatSpecies",
    "off": 26993,
    "sff": "rat"
  },
  {
    "docID": "N060 Karimi-Abdolrezaee. 2010",
    "et": "RatSpecies",
    "off": 98738,
    "sff": "rat"
  },
  {
    "docID": "N060 Karimi-Abdolrezaee. 2010",
    "et": "RatSpecies",
    "off": 14064,
    "sff": "rat"
  },
  {
    "docID": "N060 Karimi-Abdolrezaee. 2010",
    "et": "RatSpecies",
    "off": 32179,
    "sff": "rat"
  },
  {
    "docID": "N060 Karimi-Abdolrezaee. 2010",
    "et": "RatSpecies",
    "off": 99633,
    "sff": "rat"
  },
  {
    "docID": "N060 Karimi-Abdolrezaee. 2010",
    "et": "RatSpecies",
    "off": 99386,
    "sff": "rat"
  },
  {
    "docID": "N060 Karimi-Abdolrezaee. 2010",
    "et": "RatSpecies",
    "off": 99962,
    "sff": "rat"
  },
  {
    "docID": "N060 Karimi-Abdolrezaee. 2010",
    "et": "RatSpecies",
    "off": 101242,
    "sff": "rat"
  },
  {
    "docID": "N060 Karimi-Abdolrezaee. 2010",
    "et": "RatSpecies",
    "off": 102395,
    "sff": "rat"
  },
  {
    "docID": "N060 Karimi-Abdolrezaee. 2010",
    "et": "RatSpecies",
    "off": 95289,
    "sff": "rat"
  },
  {
    "docID": "N060 Karimi-Abdolrezaee. 2010",
    "et": "RatSpecies",
    "off": 48061,
    "sff": "rat"
  },
  {
    "docID": "N060 Karimi-Abdolrezaee. 2010",
    "et": "RatSpecies",
    "off": 35007,
    "sff": "rat"
  },
  {
    "docID": "N060 Karimi-Abdolrezaee. 2010",
    "et": "RatSpecies",
    "off": 98300,
    "sff": "rat"
  },
  {
    "docID": "N060 Karimi-Abdolrezaee. 2010",
    "et": "RatSpecies",
    "off": 9733,
    "sff": "rat"
  },
  {
    "docID": "N060 Karimi-Abdolrezaee. 2010",
    "et": "RatSpecies",
    "off": 8903,
    "sff": "rat"
  },
  {
    "docID": "N060 Karimi-Abdolrezaee. 2010",
    "et": "MouseSpecies",
    "off": 16726,
    "sff": "mouse"
  },
  {
    "docID": "N060 Karimi-Abdolrezaee. 2010",
    "et": "MouseSpecies",
    "off": 17136,
    "sff": "mouse"
  },
  {
    "docID": "N060 Karimi-Abdolrezaee. 2010",
    "et": "MouseSpecies",
    "off": 16975,
    "sff": "mouse"
  },
  {
    "docID": "N060 Karimi-Abdolrezaee. 2010",
    "et": "MouseSpecies",
    "off": 17038,
    "sff": "mouse"
  },
  {
    "docID": "N060 Karimi-Abdolrezaee. 2010",
    "et": "MouseSpecies",
    "off": 16041,
    "sff": "mouse"
  },
  {
    "docID": "N060 Karimi-Abdolrezaee. 2010",
    "et": "MouseSpecies",
    "off": 19013,
    "sff": "mouse"
  },
  {
    "docID": "N060 Karimi-Abdolrezaee. 2010",
    "et": "MouseSpecies",
    "off": 102188,
    "sff": "mouse"
  },
  {
    "docID": "N060 Karimi-Abdolrezaee. 2010",
    "et": "MouseSpecies",
    "off": 16002,
    "sff": "mouse"
  },
  {
    "docID": "N060 Karimi-Abdolrezaee. 2010",
    "et": "MouseSpecies",
    "off": 17698,
    "sff": "mouse"
  },
  {
    "docID": "N060 Karimi-Abdolrezaee. 2010",
    "et": "MouseSpecies",
    "off": 16893,
    "sff": "mouse"
  },
  {
    "docID": "N060 Karimi-Abdolrezaee. 2010",
    "et": "MouseSpecies",
    "off": 17402,
    "sff": "mouse"
  },
  {
    "docID": "N060 Karimi-Abdolrezaee. 2010",
    "et": "MouseSpecies",
    "off": 16280,
    "sff": "mouse"
  },
  {
    "docID": "N060 Karimi-Abdolrezaee. 2010",
    "et": "MouseSpecies",
    "off": 17176,
    "sff": "mouse"
  },
  {
    "docID": "N060 Karimi-Abdolrezaee. 2010",
    "et": "HartleyGuineaPig",
    "off": 90633,
    "sff": "Hartley"
  },
  {
    "docID": "N060 Karimi-Abdolrezaee. 2010",
    "et": "Adult",
    "off": 96121,
    "sff": "adult"
  },
  {
    "docID": "N060 Karimi-Abdolrezaee. 2010",
    "et": "Adult",
    "off": 146,
    "sff": "Adult"
  },
  {
    "docID": "N060 Karimi-Abdolrezaee. 2010",
    "et": "Adult",
    "off": 101371,
    "sff": "adult"
  },
  {
    "docID": "N060 Karimi-Abdolrezaee. 2010",
    "et": "Adult",
    "off": 10236,
    "sff": "adult"
  },
  {
    "docID": "N060 Karimi-Abdolrezaee. 2010",
    "et": "Adult",
    "off": 90560,
    "sff": "adult"
  },
  {
    "docID": "N060 Karimi-Abdolrezaee. 2010",
    "et": "Adult",
    "off": 94916,
    "sff": "adult"
  },
  {
    "docID": "N060 Karimi-Abdolrezaee. 2010",
    "et": "Adult",
    "off": 99778,
    "sff": "adult"
  },
  {
    "docID": "N060 Karimi-Abdolrezaee. 2010",
    "et": "Adult",
    "off": 10823,
    "sff": "adult"
  },
  {
    "docID": "N060 Karimi-Abdolrezaee. 2010",
    "et": "Adult",
    "off": 90120,
    "sff": "adult"
  },
  {
    "docID": "N060 Karimi-Abdolrezaee. 2010",
    "et": "Adult",
    "off": 102733,
    "sff": "adult"
  },
  {
    "docID": "N060 Karimi-Abdolrezaee. 2010",
    "et": "Adult",
    "off": 6221,
    "sff": "adult"
  },
  {
    "docID": "N060 Karimi-Abdolrezaee. 2010",
    "et": "Adult",
    "off": 6609,
    "sff": "adult"
  },
  {
    "docID": "N060 Karimi-Abdolrezaee. 2010",
    "et": "Adult",
    "off": 41935,
    "sff": "adult"
  },
  {
    "docID": "N060 Karimi-Abdolrezaee. 2010",
    "et": "Adult",
    "off": 17111,
    "sff": "mature"
  },
  {
    "docID": "N060 Karimi-Abdolrezaee. 2010",
    "et": "Adult",
    "off": 52242,
    "sff": "adult"
  },
  {
    "docID": "N060 Karimi-Abdolrezaee. 2010",
    "et": "Adult",
    "off": 98515,
    "sff": "adult"
  },
  {
    "docID": "N060 Karimi-Abdolrezaee. 2010",
    "et": "Adult",
    "off": 99538,
    "sff": "adult"
  },
  {
    "docID": "N060 Karimi-Abdolrezaee. 2010",
    "et": "Adult",
    "off": 6638,
    "sff": "Adult"
  },
  {
    "docID": "N060 Karimi-Abdolrezaee. 2010",
    "et": "Adult",
    "off": 41977,
    "sff": "mature"
  },
  {
    "docID": "N060 Karimi-Abdolrezaee. 2010",
    "et": "Adult",
    "off": 94620,
    "sff": "adult"
  },
  {
    "docID": "N060 Karimi-Abdolrezaee. 2010",
    "et": "Adult",
    "off": 42365,
    "sff": "mature"
  },
  {
    "docID": "N060 Karimi-Abdolrezaee. 2010",
    "et": "Adult",
    "off": 102564,
    "sff": "adult"
  },
  {
    "docID": "N060 Karimi-Abdolrezaee. 2010",
    "et": "Adult",
    "off": 62498,
    "sff": "adult"
  },
  {
    "docID": "N060 Karimi-Abdolrezaee. 2010",
    "et": "Adult",
    "off": 61125,
    "sff": "mature"
  },
  {
    "docID": "N060 Karimi-Abdolrezaee. 2010",
    "et": "Adult",
    "off": 92656,
    "sff": "adult"
  },
  {
    "docID": "N060 Karimi-Abdolrezaee. 2010",
    "et": "Adult",
    "off": 42672,
    "sff": "mature"
  },
  {
    "docID": "N060 Karimi-Abdolrezaee. 2010",
    "et": "Adult",
    "off": 101236,
    "sff": "adult"
  },
  {
    "docID": "N060 Karimi-Abdolrezaee. 2010",
    "et": "Adult",
    "off": 42807,
    "sff": "mature"
  },
  {
    "docID": "N060 Karimi-Abdolrezaee. 2010",
    "et": "Female",
    "off": 6227,
    "sff": "female"
  },
  {
    "docID": "N060 Karimi-Abdolrezaee. 2010",
    "et": "Age",
    "off": 59545,
    "sff": "10 weeks"
  },
  {
    "docID": "N060 Karimi-Abdolrezaee. 2010",
    "et": "Age",
    "off": 9487,
    "sff": "6 weeks"
  },
  {
    "docID": "N060 Karimi-Abdolrezaee. 2010",
    "et": "Age",
    "off": 49940,
    "sff": "8 weeks"
  },
  {
    "docID": "N060 Karimi-Abdolrezaee. 2010",
    "et": "Age",
    "off": 51927,
    "sff": "9 weeks"
  },
  {
    "docID": "N060 Karimi-Abdolrezaee. 2010",
    "et": "Age",
    "off": 9101,
    "sff": "6 weeks"
  },
  {
    "docID": "N060 Karimi-Abdolrezaee. 2010",
    "et": "Age",
    "off": 26460,
    "sff": "9 weeks"
  },
  {
    "docID": "N060 Karimi-Abdolrezaee. 2010",
    "et": "Age",
    "off": 76245,
    "sff": "7 weeks"
  },
  {
    "docID": "N060 Karimi-Abdolrezaee. 2010",
    "et": "Age",
    "off": 34636,
    "sff": "3 weeks"
  },
  {
    "docID": "N060 Karimi-Abdolrezaee. 2010",
    "et": "Age",
    "off": 9939,
    "sff": "1007D"
  },
  {
    "docID": "N060 Karimi-Abdolrezaee. 2010",
    "et": "Age",
    "off": 77557,
    "sff": "2 weeks"
  },
  {
    "docID": "N060 Karimi-Abdolrezaee. 2010",
    "et": "Age",
    "off": 12438,
    "sff": "3 d"
  },
  {
    "docID": "N060 Karimi-Abdolrezaee. 2010",
    "et": "Age",
    "off": 75766,
    "sff": "2 weeks"
  },
  {
    "docID": "N060 Karimi-Abdolrezaee. 2010",
    "et": "Age",
    "off": 34781,
    "sff": "15 weeks"
  },
  {
    "docID": "N060 Karimi-Abdolrezaee. 2010",
    "et": "Age",
    "off": 11732,
    "sff": "7 d"
  },
  {
    "docID": "N060 Karimi-Abdolrezaee. 2010",
    "et": "Age",
    "off": 51065,
    "sff": "5 to 8 weeks"
  },
  {
    "docID": "N060 Karimi-Abdolrezaee. 2010",
    "et": "Age",
    "off": 74967,
    "sff": "5 weeks"
  },
  {
    "docID": "N060 Karimi-Abdolrezaee. 2010",
    "et": "Age",
    "off": 64659,
    "sff": "16 weeks"
  },
  {
    "docID": "N060 Karimi-Abdolrezaee. 2010",
    "et": "Age",
    "off": 33226,
    "sff": "15 weeks"
  },
  {
    "docID": "N060 Karimi-Abdolrezaee. 2010",
    "et": "Age",
    "off": 9960,
    "sff": "7 d"
  },
  {
    "docID": "N060 Karimi-Abdolrezaee. 2010",
    "et": "Age",
    "off": 77044,
    "sff": "8 weeks"
  },
  {
    "docID": "N060 Karimi-Abdolrezaee. 2010",
    "et": "Age",
    "off": 56508,
    "sff": "9 weeks"
  },
  {
    "docID": "N060 Karimi-Abdolrezaee. 2010",
    "et": "Age",
    "off": 37995,
    "sff": "6 weeks"
  },
  {
    "docID": "N060 Karimi-Abdolrezaee. 2010",
    "et": "Age",
    "off": 58008,
    "sff": "2D"
  },
  {
    "docID": "N060 Karimi-Abdolrezaee. 2010",
    "et": "Age",
    "off": 35369,
    "sff": "3 weeks"
  },
  {
    "docID": "N060 Karimi-Abdolrezaee. 2010",
    "et": "Age",
    "off": 78062,
    "sff": "8 weeks"
  },
  {
    "docID": "N060 Karimi-Abdolrezaee. 2010",
    "et": "Age",
    "off": 44680,
    "sff": "16 weeks"
  },
  {
    "docID": "N060 Karimi-Abdolrezaee. 2010",
    "et": "Age",
    "off": 62259,
    "sff": "9 weeks"
  },
  {
    "docID": "N060 Karimi-Abdolrezaee. 2010",
    "et": "Age",
    "off": 49979,
    "sff": "5 weeks"
  },
  {
    "docID": "N060 Karimi-Abdolrezaee. 2010",
    "et": "Age",
    "off": 60586,
    "sff": "9 weeks"
  },
  {
    "docID": "N060 Karimi-Abdolrezaee. 2010",
    "et": "Age",
    "off": 75321,
    "sff": "5 weeks"
  },
  {
    "docID": "N060 Karimi-Abdolrezaee. 2010",
    "et": "Age",
    "off": 76387,
    "sff": "8 weeks"
  },
  {
    "docID": "N060 Karimi-Abdolrezaee. 2010",
    "et": "Age",
    "off": 56358,
    "sff": "9 weeks"
  },
  {
    "docID": "N060 Karimi-Abdolrezaee. 2010",
    "et": "Age",
    "off": 76276,
    "sff": "14 weeks"
  },
  {
    "docID": "N060 Karimi-Abdolrezaee. 2010",
    "et": "Age",
    "off": 1384,
    "sff": "One week"
  },
  {
    "docID": "N060 Karimi-Abdolrezaee. 2010",
    "et": "Age",
    "off": 12825,
    "sff": "Two weeks"
  },
  {
    "docID": "N060 Karimi-Abdolrezaee. 2010",
    "et": "Age",
    "off": 38020,
    "sff": "1 week"
  },
  {
    "docID": "N060 Karimi-Abdolrezaee. 2010",
    "et": "Age",
    "off": 79346,
    "sff": "9D"
  },
  {
    "docID": "N060 Karimi-Abdolrezaee. 2010",
    "et": "Age",
    "off": 78964,
    "sff": "9D"
  },
  {
    "docID": "N060 Karimi-Abdolrezaee. 2010",
    "et": "Age",
    "off": 59577,
    "sff": "15 weeks"
  },
  {
    "docID": "N060 Karimi-Abdolrezaee. 2010",
    "et": "Age",
    "off": 79496,
    "sff": "3 weeks"
  },
  {
    "docID": "N060 Karimi-Abdolrezaee. 2010",
    "et": "Age",
    "off": 51278,
    "sff": "8 weeks"
  },
  {
    "docID": "N060 Karimi-Abdolrezaee. 2010",
    "et": "Age",
    "off": 56083,
    "sff": "7 weeks"
  },
  {
    "docID": "N060 Karimi-Abdolrezaee. 2010",
    "et": "Age",
    "off": 78857,
    "sff": "3 weeks"
  },
  {
    "docID": "N060 Karimi-Abdolrezaee. 2010",
    "et": "Age",
    "off": 56713,
    "sff": "9 weeks"
  },
  {
    "docID": "N060 Karimi-Abdolrezaee. 2010",
    "et": "Age",
    "off": 56042,
    "sff": "1 week"
  },
  {
    "docID": "N060 Karimi-Abdolrezaee. 2010",
    "et": "Age",
    "off": 51717,
    "sff": "9 weeks"
  },
  {
    "docID": "N060 Karimi-Abdolrezaee. 2010",
    "et": "Age",
    "off": 12225,
    "sff": "3 d"
  },
  {
    "docID": "N060 Karimi-Abdolrezaee. 2010",
    "et": "Age",
    "off": 11903,
    "sff": "1007D"
  },
  {
    "docID": "N060 Karimi-Abdolrezaee. 2010",
    "et": "Age",
    "off": 47061,
    "sff": "16 weeks"
  },
  {
    "docID": "N060 Karimi-Abdolrezaee. 2010",
    "et": "Age",
    "off": 52266,
    "sff": "2 weeks"
  },
  {
    "docID": "N060 Karimi-Abdolrezaee. 2010",
    "et": "Age",
    "off": 79141,
    "sff": "2 weeks"
  },
  {
    "docID": "N060 Karimi-Abdolrezaee. 2010",
    "et": "Age",
    "off": 8843,
    "sff": "7 d"
  },
  {
    "docID": "N060 Karimi-Abdolrezaee. 2010",
    "et": "Age",
    "off": 42114,
    "sff": "9 weeks"
  },
  {
    "docID": "N060 Karimi-Abdolrezaee. 2010",
    "et": "Age",
    "off": 52679,
    "sff": "8 weeks"
  },
  {
    "docID": "N060 Karimi-Abdolrezaee. 2010",
    "et": "Age",
    "off": 37294,
    "sff": "6 weeks"
  },
  {
    "docID": "N060 Karimi-Abdolrezaee. 2010",
    "et": "Age",
    "off": 53563,
    "sff": "1 week"
  },
  {
    "docID": "N060 Karimi-Abdolrezaee. 2010",
    "et": "Age",
    "off": 41658,
    "sff": "10 weeks"
  },
  {
    "docID": "N060 Karimi-Abdolrezaee. 2010",
    "et": "Age",
    "off": 78255,
    "sff": "8 weeks"
  },
  {
    "docID": "N060 Karimi-Abdolrezaee. 2010",
    "et": "Age",
    "off": 5154,
    "sff": "7 d"
  },
  {
    "docID": "N060 Karimi-Abdolrezaee. 2010",
    "et": "Age",
    "off": 43334,
    "sff": "16 weeks"
  },
  {
    "docID": "N060 Karimi-Abdolrezaee. 2010",
    "et": "Age",
    "off": 37880,
    "sff": "7 weeks"
  },
  {
    "docID": "N060 Karimi-Abdolrezaee. 2010",
    "et": "Age",
    "off": 50362,
    "sff": "8 weeks"
  },
  {
    "docID": "N060 Karimi-Abdolrezaee. 2010",
    "et": "Age",
    "off": 53538,
    "sff": "6 weeks"
  },
  {
    "docID": "N060 Karimi-Abdolrezaee. 2010",
    "et": "Age",
    "off": 7835,
    "sff": "7 d"
  },
  {
    "docID": "N060 Karimi-Abdolrezaee. 2010",
    "et": "Age",
    "off": 10337,
    "sff": "7 weeks"
  },
  {
    "docID": "N060 Karimi-Abdolrezaee. 2010",
    "et": "Age",
    "off": 52412,
    "sff": "6 weeks"
  },
  {
    "docID": "N060 Karimi-Abdolrezaee. 2010",
    "et": "Age",
    "off": 49913,
    "sff": "15 week"
  },
  {
    "docID": "N060 Karimi-Abdolrezaee. 2010",
    "et": "Age",
    "off": 79590,
    "sff": "9 weeks"
  },
  {
    "docID": "N060 Karimi-Abdolrezaee. 2010",
    "et": "Age",
    "off": 76417,
    "sff": "15 weeks"
  },
  {
    "docID": "N060 Karimi-Abdolrezaee. 2010",
    "et": "Age",
    "off": 10294,
    "sff": "One week"
  },
  {
    "docID": "N060 Karimi-Abdolrezaee. 2010",
    "et": "Age",
    "off": 51116,
    "sff": "8 weeks"
  },
  {
    "docID": "N060 Karimi-Abdolrezaee. 2010",
    "et": "Age",
    "off": 33195,
    "sff": "8 weeks"
  },
  {
    "docID": "N060 Karimi-Abdolrezaee. 2010",
    "et": "Age",
    "off": 51316,
    "sff": "15 weeks"
  },
  {
    "docID": "N060 Karimi-Abdolrezaee. 2010",
    "et": "Age",
    "off": 12424,
    "sff": "10 d"
  },
  {
    "docID": "N060 Karimi-Abdolrezaee. 2010",
    "et": "Age",
    "off": 77431,
    "sff": "5 weeks"
  },
  {
    "docID": "N060 Karimi-Abdolrezaee. 2010",
    "et": "Age",
    "off": 40035,
    "sff": "9 weeks"
  },
  {
    "docID": "N060 Karimi-Abdolrezaee. 2010",
    "et": "Age",
    "off": 56928,
    "sff": "9 weeks"
  }
]
