[
  {
    "docID": "N061 Lee, McKeon et al. 2010",
    "et": "Weight",
    "off": 20130,
    "sff": "2G"
  },
  {
    "docID": "N061 Lee, McKeon et al. 2010",
    "et": "Weight",
    "off": 20251,
    "sff": "2G"
  },
  {
    "docID": "N061 Lee, McKeon et al. 2010",
    "et": "CD1_Mouse",
    "off": 17509,
    "sff": "CD)"
  },
  {
    "docID": "N061 Lee, McKeon et al. 2010",
    "et": "RatModel",
    "off": 40819,
    "sff": "rat"
  },
  {
    "docID": "N061 Lee, McKeon et al. 2010",
    "et": "RatModel",
    "off": 37204,
    "sff": "rat"
  },
  {
    "docID": "N061 Lee, McKeon et al. 2010",
    "et": "RatModel",
    "off": 38350,
    "sff": "rat"
  },
  {
    "docID": "N061 Lee, McKeon et al. 2010",
    "et": "RatModel",
    "off": 37456,
    "sff": "rat"
  },
  {
    "docID": "N061 Lee, McKeon et al. 2010",
    "et": "RatModel",
    "off": 8231,
    "sff": "rat"
  },
  {
    "docID": "N061 Lee, McKeon et al. 2010",
    "et": "RatModel",
    "off": 41448,
    "sff": "rat"
  },
  {
    "docID": "N061 Lee, McKeon et al. 2010",
    "et": "NewZealandRabbit",
    "off": 42972,
    "sff": "new"
  },
  {
    "docID": "N061 Lee, McKeon et al. 2010",
    "et": "NewZealandRabbit",
    "off": 8069,
    "sff": "new"
  },
  {
    "docID": "N061 Lee, McKeon et al. 2010",
    "et": "RabbitSpecies",
    "off": 9292,
    "sff": "rabbit"
  },
  {
    "docID": "N061 Lee, McKeon et al. 2010",
    "et": "SpragueDawleyRat",
    "off": 7145,
    "sff": "Dawley rats"
  },
  {
    "docID": "N061 Lee, McKeon et al. 2010",
    "et": "SpragueDawleyRat",
    "off": 7145,
    "sff": "Dawley"
  },
  {
    "docID": "N061 Lee, McKeon et al. 2010",
    "et": "SpragueDawleyRat",
    "off": 7136,
    "sff": "Sprague"
  },
  {
    "docID": "N061 Lee, McKeon et al. 2010",
    "et": "Mixed",
    "off": 6691,
    "sff": "mixed"
  },
  {
    "docID": "N061 Lee, McKeon et al. 2010",
    "et": "MouseModel",
    "off": 9107,
    "sff": "mouse"
  },
  {
    "docID": "N061 Lee, McKeon et al. 2010",
    "et": "MouseModel",
    "off": 9218,
    "sff": "mouse"
  },
  {
    "docID": "N061 Lee, McKeon et al. 2010",
    "et": "MouseModel",
    "off": 9441,
    "sff": "mouse"
  },
  {
    "docID": "N061 Lee, McKeon et al. 2010",
    "et": "RabbitModel",
    "off": 9292,
    "sff": "rabbit"
  },
  {
    "docID": "N061 Lee, McKeon et al. 2010",
    "et": "RatSpecies",
    "off": 40819,
    "sff": "rat"
  },
  {
    "docID": "N061 Lee, McKeon et al. 2010",
    "et": "RatSpecies",
    "off": 37456,
    "sff": "rat"
  },
  {
    "docID": "N061 Lee, McKeon et al. 2010",
    "et": "RatSpecies",
    "off": 8231,
    "sff": "rat"
  },
  {
    "docID": "N061 Lee, McKeon et al. 2010",
    "et": "RatSpecies",
    "off": 37204,
    "sff": "rat"
  },
  {
    "docID": "N061 Lee, McKeon et al. 2010",
    "et": "RatSpecies",
    "off": 41448,
    "sff": "rat"
  },
  {
    "docID": "N061 Lee, McKeon et al. 2010",
    "et": "RatSpecies",
    "off": 38350,
    "sff": "rat"
  },
  {
    "docID": "N061 Lee, McKeon et al. 2010",
    "et": "CD2_Mouse",
    "off": 17509,
    "sff": "CD)"
  },
  {
    "docID": "N061 Lee, McKeon et al. 2010",
    "et": "Male",
    "off": 7131,
    "sff": "male"
  },
  {
    "docID": "N061 Lee, McKeon et al. 2010",
    "et": "MouseSpecies",
    "off": 9441,
    "sff": "mouse"
  },
  {
    "docID": "N061 Lee, McKeon et al. 2010",
    "et": "MouseSpecies",
    "off": 9218,
    "sff": "mouse"
  },
  {
    "docID": "N061 Lee, McKeon et al. 2010",
    "et": "MouseSpecies",
    "off": 9107,
    "sff": "mouse"
  },
  {
    "docID": "N061 Lee, McKeon et al. 2010",
    "et": "Adult",
    "off": 33616,
    "sff": "adult"
  },
  {
    "docID": "N061 Lee, McKeon et al. 2010",
    "et": "Adult",
    "off": 36288,
    "sff": "adult"
  },
  {
    "docID": "N061 Lee, McKeon et al. 2010",
    "et": "Adult",
    "off": 36434,
    "sff": "adult"
  },
  {
    "docID": "N061 Lee, McKeon et al. 2010",
    "et": "Adult",
    "off": 7125,
    "sff": "Adult"
  },
  {
    "docID": "N061 Lee, McKeon et al. 2010",
    "et": "Adult",
    "off": 37450,
    "sff": "adult"
  },
  {
    "docID": "N061 Lee, McKeon et al. 2010",
    "et": "Age",
    "off": 1340,
    "sff": "4 weeks"
  },
  {
    "docID": "N061 Lee, McKeon et al. 2010",
    "et": "Age",
    "off": 3829,
    "sff": "2 weeks"
  },
  {
    "docID": "N061 Lee, McKeon et al. 2010",
    "et": "Age",
    "off": 27956,
    "sff": "2 weeks"
  },
  {
    "docID": "N061 Lee, McKeon et al. 2010",
    "et": "Age",
    "off": 15665,
    "sff": "2 weeks"
  },
  {
    "docID": "N061 Lee, McKeon et al. 2010",
    "et": "Age",
    "off": 8428,
    "sff": "3–4 days"
  },
  {
    "docID": "N061 Lee, McKeon et al. 2010",
    "et": "Age",
    "off": 15748,
    "sff": "4 weeks"
  },
  {
    "docID": "N061 Lee, McKeon et al. 2010",
    "et": "Age",
    "off": 18874,
    "sff": "15 days"
  },
  {
    "docID": "N061 Lee, McKeon et al. 2010",
    "et": "Age",
    "off": 27821,
    "sff": "2 weeks"
  },
  {
    "docID": "N061 Lee, McKeon et al. 2010",
    "et": "Age",
    "off": 11333,
    "sff": "1 day"
  },
  {
    "docID": "N061 Lee, McKeon et al. 2010",
    "et": "Age",
    "off": 23381,
    "sff": "6 weeks"
  },
  {
    "docID": "N061 Lee, McKeon et al. 2010",
    "et": "Age",
    "off": 11496,
    "sff": "1 week"
  },
  {
    "docID": "N061 Lee, McKeon et al. 2010",
    "et": "Age",
    "off": 15465,
    "sff": "1 week"
  },
  {
    "docID": "N061 Lee, McKeon et al. 2010",
    "et": "Age",
    "off": 22872,
    "sff": "Four weeks"
  },
  {
    "docID": "N061 Lee, McKeon et al. 2010",
    "et": "Age",
    "off": 25998,
    "sff": "6 weeks"
  },
  {
    "docID": "N061 Lee, McKeon et al. 2010",
    "et": "Age",
    "off": 7966,
    "sff": "45-day"
  },
  {
    "docID": "N061 Lee, McKeon et al. 2010",
    "et": "Age",
    "off": 7836,
    "sff": "2 weeks"
  },
  {
    "docID": "N061 Lee, McKeon et al. 2010",
    "et": "Age",
    "off": 22986,
    "sff": "6 weeks"
  },
  {
    "docID": "N061 Lee, McKeon et al. 2010",
    "et": "Age",
    "off": 27988,
    "sff": "4 weeks"
  },
  {
    "docID": "N061 Lee, McKeon et al. 2010",
    "et": "Age",
    "off": 4149,
    "sff": "2 to 6 weeks"
  },
  {
    "docID": "N061 Lee, McKeon et al. 2010",
    "et": "Age",
    "off": 15349,
    "sff": "1 week"
  },
  {
    "docID": "N061 Lee, McKeon et al. 2010",
    "et": "Age",
    "off": 18099,
    "sff": "2 Weeks"
  },
  {
    "docID": "N061 Lee, McKeon et al. 2010",
    "et": "Age",
    "off": 11422,
    "sff": "4 weeks"
  },
  {
    "docID": "N061 Lee, McKeon et al. 2010",
    "et": "Age",
    "off": 22562,
    "sff": "6 weeks"
  },
  {
    "docID": "N061 Lee, McKeon et al. 2010",
    "et": "Age",
    "off": 28018,
    "sff": "14-day"
  },
  {
    "docID": "N061 Lee, McKeon et al. 2010",
    "et": "Age",
    "off": 3990,
    "sff": "2 weeks"
  },
  {
    "docID": "N061 Lee, McKeon et al. 2010",
    "et": "Age",
    "off": 19796,
    "sff": "2D"
  },
  {
    "docID": "N061 Lee, McKeon et al. 2010",
    "et": "Age",
    "off": 3726,
    "sff": "3–5 days"
  },
  {
    "docID": "N061 Lee, McKeon et al. 2010",
    "et": "Age",
    "off": 4902,
    "sff": "4 weeks"
  },
  {
    "docID": "N061 Lee, McKeon et al. 2010",
    "et": "Age",
    "off": 5468,
    "sff": "4weeks"
  },
  {
    "docID": "N061 Lee, McKeon et al. 2010",
    "et": "Age",
    "off": 11377,
    "sff": "1 week"
  },
  {
    "docID": "N061 Lee, McKeon et al. 2010",
    "et": "Age",
    "off": 30362,
    "sff": "6 weeks"
  },
  {
    "docID": "N061 Lee, McKeon et al. 2010",
    "et": "Age",
    "off": 5007,
    "sff": "2 weeks"
  },
  {
    "docID": "N061 Lee, McKeon et al. 2010",
    "et": "Age",
    "off": 29430,
    "sff": "14 days"
  },
  {
    "docID": "N061 Lee, McKeon et al. 2010",
    "et": "Age",
    "off": 34521,
    "sff": "6 weeks"
  },
  {
    "docID": "N061 Lee, McKeon et al. 2010",
    "et": "Age",
    "off": 13300,
    "sff": "6 weeks"
  },
  {
    "docID": "N061 Lee, McKeon et al. 2010",
    "et": "Age",
    "off": 28621,
    "sff": "2-week"
  },
  {
    "docID": "N061 Lee, McKeon et al. 2010",
    "et": "Age",
    "off": 5107,
    "sff": "6 weeks"
  },
  {
    "docID": "N061 Lee, McKeon et al. 2010",
    "et": "Age",
    "off": 8302,
    "sff": "Sixweeks"
  },
  {
    "docID": "N061 Lee, McKeon et al. 2010",
    "et": "Age",
    "off": 11512,
    "sff": "4 weeks"
  },
  {
    "docID": "N061 Lee, McKeon et al. 2010",
    "et": "Age",
    "off": 28133,
    "sff": "18 days"
  },
  {
    "docID": "N061 Lee, McKeon et al. 2010",
    "et": "Age",
    "off": 22423,
    "sff": "45 days"
  },
  {
    "docID": "N061 Lee, McKeon et al. 2010",
    "et": "Age",
    "off": 1388,
    "sff": "6 weeks"
  },
  {
    "docID": "N061 Lee, McKeon et al. 2010",
    "et": "Age",
    "off": 19528,
    "sff": "Two weeks"
  },
  {
    "docID": "N061 Lee, McKeon et al. 2010",
    "et": "Age",
    "off": 6652,
    "sff": "2 weeks"
  },
  {
    "docID": "N061 Lee, McKeon et al. 2010",
    "et": "Age",
    "off": 30335,
    "sff": "2 weeks"
  },
  {
    "docID": "N061 Lee, McKeon et al. 2010",
    "et": "Age",
    "off": 15922,
    "sff": "4 weeks"
  },
  {
    "docID": "N061 Lee, McKeon et al. 2010",
    "et": "Age",
    "off": 25917,
    "sff": "2 weeks"
  }
]
