[
  {
    "docID": "N063 Milbreta, Boxberg et al. 2014",
    "et": "Weight",
    "off": 37298,
    "sff": "6G"
  },
  {
    "docID": "N063 Milbreta, Boxberg et al. 2014",
    "et": "Weight",
    "off": 40627,
    "sff": "8G"
  },
  {
    "docID": "N063 Milbreta, Boxberg et al. 2014",
    "et": "Weight",
    "off": 5167,
    "sff": "200–250g"
  },
  {
    "docID": "N063 Milbreta, Boxberg et al. 2014",
    "et": "Weight",
    "off": 42640,
    "sff": "10 G"
  },
  {
    "docID": "N063 Milbreta, Boxberg et al. 2014",
    "et": "Weight",
    "off": 35600,
    "sff": "6G"
  },
  {
    "docID": "N063 Milbreta, Boxberg et al. 2014",
    "et": "GuineaPigSpecies",
    "off": 62426,
    "sff": "guinea"
  },
  {
    "docID": "N063 Milbreta, Boxberg et al. 2014",
    "et": "GuineaPigSpecies",
    "off": 63140,
    "sff": "guinea"
  },
  {
    "docID": "N063 Milbreta, Boxberg et al. 2014",
    "et": "RatModel",
    "off": 66792,
    "sff": "rat"
  },
  {
    "docID": "N063 Milbreta, Boxberg et al. 2014",
    "et": "RatModel",
    "off": 161,
    "sff": "Rat"
  },
  {
    "docID": "N063 Milbreta, Boxberg et al. 2014",
    "et": "RatModel",
    "off": 73700,
    "sff": "rat"
  },
  {
    "docID": "N063 Milbreta, Boxberg et al. 2014",
    "et": "RatModel",
    "off": 56643,
    "sff": "rat"
  },
  {
    "docID": "N063 Milbreta, Boxberg et al. 2014",
    "et": "RatModel",
    "off": 77922,
    "sff": "rat"
  },
  {
    "docID": "N063 Milbreta, Boxberg et al. 2014",
    "et": "RatModel",
    "off": 21282,
    "sff": "rat"
  },
  {
    "docID": "N063 Milbreta, Boxberg et al. 2014",
    "et": "RatModel",
    "off": 80321,
    "sff": "rat"
  },
  {
    "docID": "N063 Milbreta, Boxberg et al. 2014",
    "et": "RatModel",
    "off": 36095,
    "sff": "rat"
  },
  {
    "docID": "N063 Milbreta, Boxberg et al. 2014",
    "et": "RatModel",
    "off": 8125,
    "sff": "rat"
  },
  {
    "docID": "N063 Milbreta, Boxberg et al. 2014",
    "et": "RatModel",
    "off": 71549,
    "sff": "rat"
  },
  {
    "docID": "N063 Milbreta, Boxberg et al. 2014",
    "et": "RatModel",
    "off": 7995,
    "sff": "rat"
  },
  {
    "docID": "N063 Milbreta, Boxberg et al. 2014",
    "et": "RatModel",
    "off": 62076,
    "sff": "rat"
  },
  {
    "docID": "N063 Milbreta, Boxberg et al. 2014",
    "et": "RatModel",
    "off": 67834,
    "sff": "rat"
  },
  {
    "docID": "N063 Milbreta, Boxberg et al. 2014",
    "et": "RatModel",
    "off": 62743,
    "sff": "rat"
  },
  {
    "docID": "N063 Milbreta, Boxberg et al. 2014",
    "et": "RatModel",
    "off": 68946,
    "sff": "Rat"
  },
  {
    "docID": "N063 Milbreta, Boxberg et al. 2014",
    "et": "RatModel",
    "off": 18795,
    "sff": "rat"
  },
  {
    "docID": "N063 Milbreta, Boxberg et al. 2014",
    "et": "RatModel",
    "off": 65036,
    "sff": "rat"
  },
  {
    "docID": "N063 Milbreta, Boxberg et al. 2014",
    "et": "RatModel",
    "off": 71946,
    "sff": "rat"
  },
  {
    "docID": "N063 Milbreta, Boxberg et al. 2014",
    "et": "NewZealandRabbit",
    "off": 49383,
    "sff": "new"
  },
  {
    "docID": "N063 Milbreta, Boxberg et al. 2014",
    "et": "NewZealandRabbit",
    "off": 71840,
    "sff": "New"
  },
  {
    "docID": "N063 Milbreta, Boxberg et al. 2014",
    "et": "NewZealandRabbit",
    "off": 68525,
    "sff": "new"
  },
  {
    "docID": "N063 Milbreta, Boxberg et al. 2014",
    "et": "RabbitSpecies",
    "off": 7520,
    "sff": "rabbit"
  },
  {
    "docID": "N063 Milbreta, Boxberg et al. 2014",
    "et": "RabbitSpecies",
    "off": 7675,
    "sff": "rabbit"
  },
  {
    "docID": "N063 Milbreta, Boxberg et al. 2014",
    "et": "RabbitSpecies",
    "off": 7587,
    "sff": "rabbit"
  },
  {
    "docID": "N063 Milbreta, Boxberg et al. 2014",
    "et": "MouseModel",
    "off": 26550,
    "sff": "mouse"
  },
  {
    "docID": "N063 Milbreta, Boxberg et al. 2014",
    "et": "MouseModel",
    "off": 7831,
    "sff": "mouse"
  },
  {
    "docID": "N063 Milbreta, Boxberg et al. 2014",
    "et": "MouseModel",
    "off": 70630,
    "sff": "mouse"
  },
  {
    "docID": "N063 Milbreta, Boxberg et al. 2014",
    "et": "MouseModel",
    "off": 7406,
    "sff": "mouse"
  },
  {
    "docID": "N063 Milbreta, Boxberg et al. 2014",
    "et": "MouseModel",
    "off": 72560,
    "sff": "mouse"
  },
  {
    "docID": "N063 Milbreta, Boxberg et al. 2014",
    "et": "MouseModel",
    "off": 56622,
    "sff": "mouse"
  },
  {
    "docID": "N063 Milbreta, Boxberg et al. 2014",
    "et": "MouseModel",
    "off": 63546,
    "sff": "mouse"
  },
  {
    "docID": "N063 Milbreta, Boxberg et al. 2014",
    "et": "RabbitModel",
    "off": 7587,
    "sff": "rabbit"
  },
  {
    "docID": "N063 Milbreta, Boxberg et al. 2014",
    "et": "RabbitModel",
    "off": 7520,
    "sff": "rabbit"
  },
  {
    "docID": "N063 Milbreta, Boxberg et al. 2014",
    "et": "RabbitModel",
    "off": 7675,
    "sff": "rabbit"
  },
  {
    "docID": "N063 Milbreta, Boxberg et al. 2014",
    "et": "AgeCategory",
    "off": 11502,
    "sff": "age"
  },
  {
    "docID": "N063 Milbreta, Boxberg et al. 2014",
    "et": "AgeCategory",
    "off": 11190,
    "sff": "age"
  },
  {
    "docID": "N063 Milbreta, Boxberg et al. 2014",
    "et": "GuineaPigModel",
    "off": 62426,
    "sff": "guinea"
  },
  {
    "docID": "N063 Milbreta, Boxberg et al. 2014",
    "et": "GuineaPigModel",
    "off": 63140,
    "sff": "guinea"
  },
  {
    "docID": "N063 Milbreta, Boxberg et al. 2014",
    "et": "WistarRat",
    "off": 5177,
    "sff": "Wistar"
  },
  {
    "docID": "N063 Milbreta, Boxberg et al. 2014",
    "et": "WistarRat",
    "off": 5177,
    "sff": "Wistar rats"
  },
  {
    "docID": "N063 Milbreta, Boxberg et al. 2014",
    "et": "RatSpecies",
    "off": 66792,
    "sff": "rat"
  },
  {
    "docID": "N063 Milbreta, Boxberg et al. 2014",
    "et": "RatSpecies",
    "off": 18795,
    "sff": "rat"
  },
  {
    "docID": "N063 Milbreta, Boxberg et al. 2014",
    "et": "RatSpecies",
    "off": 71946,
    "sff": "rat"
  },
  {
    "docID": "N063 Milbreta, Boxberg et al. 2014",
    "et": "RatSpecies",
    "off": 73700,
    "sff": "rat"
  },
  {
    "docID": "N063 Milbreta, Boxberg et al. 2014",
    "et": "RatSpecies",
    "off": 80321,
    "sff": "rat"
  },
  {
    "docID": "N063 Milbreta, Boxberg et al. 2014",
    "et": "RatSpecies",
    "off": 56643,
    "sff": "rat"
  },
  {
    "docID": "N063 Milbreta, Boxberg et al. 2014",
    "et": "RatSpecies",
    "off": 21282,
    "sff": "rat"
  },
  {
    "docID": "N063 Milbreta, Boxberg et al. 2014",
    "et": "RatSpecies",
    "off": 77922,
    "sff": "rat"
  },
  {
    "docID": "N063 Milbreta, Boxberg et al. 2014",
    "et": "RatSpecies",
    "off": 161,
    "sff": "Rat"
  },
  {
    "docID": "N063 Milbreta, Boxberg et al. 2014",
    "et": "RatSpecies",
    "off": 71549,
    "sff": "rat"
  },
  {
    "docID": "N063 Milbreta, Boxberg et al. 2014",
    "et": "RatSpecies",
    "off": 8125,
    "sff": "rat"
  },
  {
    "docID": "N063 Milbreta, Boxberg et al. 2014",
    "et": "RatSpecies",
    "off": 62076,
    "sff": "rat"
  },
  {
    "docID": "N063 Milbreta, Boxberg et al. 2014",
    "et": "RatSpecies",
    "off": 36095,
    "sff": "rat"
  },
  {
    "docID": "N063 Milbreta, Boxberg et al. 2014",
    "et": "RatSpecies",
    "off": 7995,
    "sff": "rat"
  },
  {
    "docID": "N063 Milbreta, Boxberg et al. 2014",
    "et": "RatSpecies",
    "off": 67834,
    "sff": "rat"
  },
  {
    "docID": "N063 Milbreta, Boxberg et al. 2014",
    "et": "RatSpecies",
    "off": 62743,
    "sff": "rat"
  },
  {
    "docID": "N063 Milbreta, Boxberg et al. 2014",
    "et": "RatSpecies",
    "off": 68946,
    "sff": "Rat"
  },
  {
    "docID": "N063 Milbreta, Boxberg et al. 2014",
    "et": "RatSpecies",
    "off": 65036,
    "sff": "rat"
  },
  {
    "docID": "N063 Milbreta, Boxberg et al. 2014",
    "et": "MouseSpecies",
    "off": 26550,
    "sff": "mouse"
  },
  {
    "docID": "N063 Milbreta, Boxberg et al. 2014",
    "et": "MouseSpecies",
    "off": 7831,
    "sff": "mouse"
  },
  {
    "docID": "N063 Milbreta, Boxberg et al. 2014",
    "et": "MouseSpecies",
    "off": 70630,
    "sff": "mouse"
  },
  {
    "docID": "N063 Milbreta, Boxberg et al. 2014",
    "et": "MouseSpecies",
    "off": 63546,
    "sff": "mouse"
  },
  {
    "docID": "N063 Milbreta, Boxberg et al. 2014",
    "et": "MouseSpecies",
    "off": 7406,
    "sff": "mouse"
  },
  {
    "docID": "N063 Milbreta, Boxberg et al. 2014",
    "et": "MouseSpecies",
    "off": 56622,
    "sff": "mouse"
  },
  {
    "docID": "N063 Milbreta, Boxberg et al. 2014",
    "et": "MouseSpecies",
    "off": 72560,
    "sff": "mouse"
  },
  {
    "docID": "N063 Milbreta, Boxberg et al. 2014",
    "et": "HartleyGuineaPig",
    "off": 64378,
    "sff": "Hartley"
  },
  {
    "docID": "N063 Milbreta, Boxberg et al. 2014",
    "et": "HartleyGuineaPig",
    "off": 63140,
    "sff": "guinea"
  },
  {
    "docID": "N063 Milbreta, Boxberg et al. 2014",
    "et": "HartleyGuineaPig",
    "off": 62426,
    "sff": "guinea"
  },
  {
    "docID": "N063 Milbreta, Boxberg et al. 2014",
    "et": "FischerRat",
    "off": 67655,
    "sff": "Fischer"
  },
  {
    "docID": "N063 Milbreta, Boxberg et al. 2014",
    "et": "FischerRat",
    "off": 79464,
    "sff": "Fischer"
  },
  {
    "docID": "N063 Milbreta, Boxberg et al. 2014",
    "et": "FischerRat",
    "off": 67877,
    "sff": "Fischer"
  },
  {
    "docID": "N063 Milbreta, Boxberg et al. 2014",
    "et": "FischerRat",
    "off": 71457,
    "sff": "Fischer"
  },
  {
    "docID": "N063 Milbreta, Boxberg et al. 2014",
    "et": "FischerRat",
    "off": 68189,
    "sff": "Fischer"
  },
  {
    "docID": "N063 Milbreta, Boxberg et al. 2014",
    "et": "Adult",
    "off": 36089,
    "sff": "adult"
  },
  {
    "docID": "N063 Milbreta, Boxberg et al. 2014",
    "et": "Adult",
    "off": 22298,
    "sff": "mature"
  },
  {
    "docID": "N063 Milbreta, Boxberg et al. 2014",
    "et": "Adult",
    "off": 50772,
    "sff": "adult"
  },
  {
    "docID": "N063 Milbreta, Boxberg et al. 2014",
    "et": "Adult",
    "off": 21174,
    "sff": "mature"
  },
  {
    "docID": "N063 Milbreta, Boxberg et al. 2014",
    "et": "Adult",
    "off": 62737,
    "sff": "adult"
  },
  {
    "docID": "N063 Milbreta, Boxberg et al. 2014",
    "et": "Adult",
    "off": 40947,
    "sff": "mature"
  },
  {
    "docID": "N063 Milbreta, Boxberg et al. 2014",
    "et": "Adult",
    "off": 73871,
    "sff": "adult"
  },
  {
    "docID": "N063 Milbreta, Boxberg et al. 2014",
    "et": "Adult",
    "off": 76045,
    "sff": "adult"
  },
  {
    "docID": "N063 Milbreta, Boxberg et al. 2014",
    "et": "Adult",
    "off": 22184,
    "sff": "mature"
  },
  {
    "docID": "N063 Milbreta, Boxberg et al. 2014",
    "et": "Adult",
    "off": 28008,
    "sff": "adult"
  },
  {
    "docID": "N063 Milbreta, Boxberg et al. 2014",
    "et": "Adult",
    "off": 155,
    "sff": "Adult"
  },
  {
    "docID": "N063 Milbreta, Boxberg et al. 2014",
    "et": "Adult",
    "off": 46182,
    "sff": "mature"
  },
  {
    "docID": "N063 Milbreta, Boxberg et al. 2014",
    "et": "Adult",
    "off": 68005,
    "sff": "adult"
  },
  {
    "docID": "N063 Milbreta, Boxberg et al. 2014",
    "et": "Adult",
    "off": 66786,
    "sff": "adult"
  },
  {
    "docID": "N063 Milbreta, Boxberg et al. 2014",
    "et": "Adult",
    "off": 75874,
    "sff": "adult"
  },
  {
    "docID": "N063 Milbreta, Boxberg et al. 2014",
    "et": "Adult",
    "off": 76859,
    "sff": "Adult"
  },
  {
    "docID": "N063 Milbreta, Boxberg et al. 2014",
    "et": "Adult",
    "off": 70624,
    "sff": "adult"
  },
  {
    "docID": "N063 Milbreta, Boxberg et al. 2014",
    "et": "Adult",
    "off": 4577,
    "sff": "adult"
  },
  {
    "docID": "N063 Milbreta, Boxberg et al. 2014",
    "et": "Adult",
    "off": 5153,
    "sff": "adult"
  },
  {
    "docID": "N063 Milbreta, Boxberg et al. 2014",
    "et": "Adult",
    "off": 41056,
    "sff": "mature"
  },
  {
    "docID": "N063 Milbreta, Boxberg et al. 2014",
    "et": "Adult",
    "off": 55744,
    "sff": "mature"
  },
  {
    "docID": "N063 Milbreta, Boxberg et al. 2014",
    "et": "Adult",
    "off": 40833,
    "sff": "mature"
  },
  {
    "docID": "N063 Milbreta, Boxberg et al. 2014",
    "et": "Adult",
    "off": 75261,
    "sff": "adult"
  },
  {
    "docID": "N063 Milbreta, Boxberg et al. 2014",
    "et": "LongEvansRat",
    "off": 48060,
    "sff": "long"
  },
  {
    "docID": "N063 Milbreta, Boxberg et al. 2014",
    "et": "LongEvansRat",
    "off": 4941,
    "sff": "long"
  },
  {
    "docID": "N063 Milbreta, Boxberg et al. 2014",
    "et": "LongEvansRat",
    "off": 16909,
    "sff": "long"
  },
  {
    "docID": "N063 Milbreta, Boxberg et al. 2014",
    "et": "LongEvansRat",
    "off": 3995,
    "sff": "long"
  },
  {
    "docID": "N063 Milbreta, Boxberg et al. 2014",
    "et": "LongEvansRat",
    "off": 59615,
    "sff": "long"
  },
  {
    "docID": "N063 Milbreta, Boxberg et al. 2014",
    "et": "LongEvansRat",
    "off": 3471,
    "sff": "long"
  },
  {
    "docID": "N063 Milbreta, Boxberg et al. 2014",
    "et": "LongEvansRat",
    "off": 27535,
    "sff": "long"
  },
  {
    "docID": "N063 Milbreta, Boxberg et al. 2014",
    "et": "Female",
    "off": 5159,
    "sff": "female"
  },
  {
    "docID": "N063 Milbreta, Boxberg et al. 2014",
    "et": "Age",
    "off": 14459,
    "sff": "2 weeks"
  },
  {
    "docID": "N063 Milbreta, Boxberg et al. 2014",
    "et": "Age",
    "off": 16395,
    "sff": "4 weeks"
  },
  {
    "docID": "N063 Milbreta, Boxberg et al. 2014",
    "et": "Age",
    "off": 22284,
    "sff": "4 weeks"
  },
  {
    "docID": "N063 Milbreta, Boxberg et al. 2014",
    "et": "Age",
    "off": 6667,
    "sff": "10 weeks"
  },
  {
    "docID": "N063 Milbreta, Boxberg et al. 2014",
    "et": "Age",
    "off": 46207,
    "sff": "2 weeks"
  },
  {
    "docID": "N063 Milbreta, Boxberg et al. 2014",
    "et": "Age",
    "off": 50032,
    "sff": "2 weeks"
  },
  {
    "docID": "N063 Milbreta, Boxberg et al. 2014",
    "et": "Age",
    "off": 48492,
    "sff": "10-day"
  },
  {
    "docID": "N063 Milbreta, Boxberg et al. 2014",
    "et": "Age",
    "off": 18036,
    "sff": "2 weeks"
  },
  {
    "docID": "N063 Milbreta, Boxberg et al. 2014",
    "et": "Age",
    "off": 19062,
    "sff": "2 weeks"
  },
  {
    "docID": "N063 Milbreta, Boxberg et al. 2014",
    "et": "Age",
    "off": 18551,
    "sff": "2 weeks"
  },
  {
    "docID": "N063 Milbreta, Boxberg et al. 2014",
    "et": "Age",
    "off": 31351,
    "sff": "2 weeks"
  },
  {
    "docID": "N063 Milbreta, Boxberg et al. 2014",
    "et": "Age",
    "off": 34945,
    "sff": "two weeks"
  },
  {
    "docID": "N063 Milbreta, Boxberg et al. 2014",
    "et": "Age",
    "off": 55346,
    "sff": "1 week"
  },
  {
    "docID": "N063 Milbreta, Boxberg et al. 2014",
    "et": "Age",
    "off": 22052,
    "sff": "4 weeks"
  },
  {
    "docID": "N063 Milbreta, Boxberg et al. 2014",
    "et": "Age",
    "off": 30585,
    "sff": "5D"
  },
  {
    "docID": "N063 Milbreta, Boxberg et al. 2014",
    "et": "Age",
    "off": 14850,
    "sff": "1 week"
  },
  {
    "docID": "N063 Milbreta, Boxberg et al. 2014",
    "et": "Age",
    "off": 25319,
    "sff": "1D"
  },
  {
    "docID": "N063 Milbreta, Boxberg et al. 2014",
    "et": "Age",
    "off": 29391,
    "sff": "4D"
  },
  {
    "docID": "N063 Milbreta, Boxberg et al. 2014",
    "et": "Age",
    "off": 32625,
    "sff": "5D"
  },
  {
    "docID": "N063 Milbreta, Boxberg et al. 2014",
    "et": "Age",
    "off": 20380,
    "sff": "2 weeks"
  },
  {
    "docID": "N063 Milbreta, Boxberg et al. 2014",
    "et": "Age",
    "off": 37131,
    "sff": "6D"
  },
  {
    "docID": "N063 Milbreta, Boxberg et al. 2014",
    "et": "Age",
    "off": 23797,
    "sff": "4 weeks"
  },
  {
    "docID": "N063 Milbreta, Boxberg et al. 2014",
    "et": "Age",
    "off": 32919,
    "sff": "2 weeks"
  },
  {
    "docID": "N063 Milbreta, Boxberg et al. 2014",
    "et": "Age",
    "off": 31999,
    "sff": "4 weeks"
  },
  {
    "docID": "N063 Milbreta, Boxberg et al. 2014",
    "et": "Age",
    "off": 24321,
    "sff": "4 weeks"
  },
  {
    "docID": "N063 Milbreta, Boxberg et al. 2014",
    "et": "Age",
    "off": 29186,
    "sff": "4 weeks"
  },
  {
    "docID": "N063 Milbreta, Boxberg et al. 2014",
    "et": "Age",
    "off": 40453,
    "sff": "4 weeks"
  },
  {
    "docID": "N063 Milbreta, Boxberg et al. 2014",
    "et": "Age",
    "off": 56632,
    "sff": "28 days"
  },
  {
    "docID": "N063 Milbreta, Boxberg et al. 2014",
    "et": "Age",
    "off": 26816,
    "sff": "2 weeks"
  },
  {
    "docID": "N063 Milbreta, Boxberg et al. 2014",
    "et": "Age",
    "off": 41152,
    "sff": "2 weeks"
  },
  {
    "docID": "N063 Milbreta, Boxberg et al. 2014",
    "et": "Age",
    "off": 28354,
    "sff": "2 weeks"
  },
  {
    "docID": "N063 Milbreta, Boxberg et al. 2014",
    "et": "Age",
    "off": 24261,
    "sff": "2 weeks"
  },
  {
    "docID": "N063 Milbreta, Boxberg et al. 2014",
    "et": "Age",
    "off": 29382,
    "sff": "2 weeks"
  },
  {
    "docID": "N063 Milbreta, Boxberg et al. 2014",
    "et": "Age",
    "off": 31942,
    "sff": "2 weeks"
  },
  {
    "docID": "N063 Milbreta, Boxberg et al. 2014",
    "et": "Age",
    "off": 32332,
    "sff": "4 weeks"
  },
  {
    "docID": "N063 Milbreta, Boxberg et al. 2014",
    "et": "Age",
    "off": 32404,
    "sff": "5D"
  },
  {
    "docID": "N063 Milbreta, Boxberg et al. 2014",
    "et": "Age",
    "off": 42936,
    "sff": "2 weeks"
  },
  {
    "docID": "N063 Milbreta, Boxberg et al. 2014",
    "et": "Age",
    "off": 29356,
    "sff": "2D"
  },
  {
    "docID": "N063 Milbreta, Boxberg et al. 2014",
    "et": "Age",
    "off": 23891,
    "sff": "4 weeks"
  },
  {
    "docID": "N063 Milbreta, Boxberg et al. 2014",
    "et": "Age",
    "off": 39754,
    "sff": "10 weeks"
  },
  {
    "docID": "N063 Milbreta, Boxberg et al. 2014",
    "et": "Age",
    "off": 21594,
    "sff": "4 weeks"
  },
  {
    "docID": "N063 Milbreta, Boxberg et al. 2014",
    "et": "Age",
    "off": 917,
    "sff": "10 days"
  },
  {
    "docID": "N063 Milbreta, Boxberg et al. 2014",
    "et": "Age",
    "off": 19291,
    "sff": "4 weeks"
  },
  {
    "docID": "N063 Milbreta, Boxberg et al. 2014",
    "et": "Age",
    "off": 38468,
    "sff": "10 weeks"
  },
  {
    "docID": "N063 Milbreta, Boxberg et al. 2014",
    "et": "Age",
    "off": 26228,
    "sff": "1 week"
  },
  {
    "docID": "N063 Milbreta, Boxberg et al. 2014",
    "et": "Age",
    "off": 39999,
    "sff": "10 weeks"
  },
  {
    "docID": "N063 Milbreta, Boxberg et al. 2014",
    "et": "Age",
    "off": 31148,
    "sff": "2 weeks"
  },
  {
    "docID": "N063 Milbreta, Boxberg et al. 2014",
    "et": "Age",
    "off": 24102,
    "sff": "4 weeks"
  },
  {
    "docID": "N063 Milbreta, Boxberg et al. 2014",
    "et": "Age",
    "off": 32828,
    "sff": "1 week"
  },
  {
    "docID": "N063 Milbreta, Boxberg et al. 2014",
    "et": "Age",
    "off": 39229,
    "sff": "1 week"
  },
  {
    "docID": "N063 Milbreta, Boxberg et al. 2014",
    "et": "Age",
    "off": 27180,
    "sff": "4 weeks"
  },
  {
    "docID": "N063 Milbreta, Boxberg et al. 2014",
    "et": "Age",
    "off": 22574,
    "sff": "4 weeks"
  },
  {
    "docID": "N063 Milbreta, Boxberg et al. 2014",
    "et": "Age",
    "off": 39537,
    "sff": "10 weeks"
  },
  {
    "docID": "N063 Milbreta, Boxberg et al. 2014",
    "et": "Age",
    "off": 35630,
    "sff": "4 weeks"
  },
  {
    "docID": "N063 Milbreta, Boxberg et al. 2014",
    "et": "Age",
    "off": 41273,
    "sff": "4 weeks"
  },
  {
    "docID": "N063 Milbreta, Boxberg et al. 2014",
    "et": "Age",
    "off": 38102,
    "sff": "2 weeks"
  },
  {
    "docID": "N063 Milbreta, Boxberg et al. 2014",
    "et": "Age",
    "off": 33087,
    "sff": "4 weeks"
  },
  {
    "docID": "N063 Milbreta, Boxberg et al. 2014",
    "et": "Age",
    "off": 24897,
    "sff": "4 weeks"
  },
  {
    "docID": "N063 Milbreta, Boxberg et al. 2014",
    "et": "Age",
    "off": 19078,
    "sff": "4 weeks"
  },
  {
    "docID": "N063 Milbreta, Boxberg et al. 2014",
    "et": "Age",
    "off": 22146,
    "sff": "Two weeks"
  },
  {
    "docID": "N063 Milbreta, Boxberg et al. 2014",
    "et": "Age",
    "off": 24064,
    "sff": "2 weeks"
  },
  {
    "docID": "N063 Milbreta, Boxberg et al. 2014",
    "et": "Age",
    "off": 35586,
    "sff": "2 weeks"
  },
  {
    "docID": "N063 Milbreta, Boxberg et al. 2014",
    "et": "Age",
    "off": 44937,
    "sff": "4 weeks"
  },
  {
    "docID": "N063 Milbreta, Boxberg et al. 2014",
    "et": "Age",
    "off": 20879,
    "sff": "10 weeks"
  },
  {
    "docID": "N063 Milbreta, Boxberg et al. 2014",
    "et": "Age",
    "off": 51861,
    "sff": "4 weeks"
  },
  {
    "docID": "N063 Milbreta, Boxberg et al. 2014",
    "et": "Age",
    "off": 20735,
    "sff": "2 weeks"
  },
  {
    "docID": "N063 Milbreta, Boxberg et al. 2014",
    "et": "Age",
    "off": 37874,
    "sff": "2 weeks"
  },
  {
    "docID": "N063 Milbreta, Boxberg et al. 2014",
    "et": "Age",
    "off": 39299,
    "sff": "10 weeks"
  },
  {
    "docID": "N063 Milbreta, Boxberg et al. 2014",
    "et": "Age",
    "off": 29365,
    "sff": "1 week"
  },
  {
    "docID": "N063 Milbreta, Boxberg et al. 2014",
    "et": "Age",
    "off": 43162,
    "sff": "10D"
  },
  {
    "docID": "N063 Milbreta, Boxberg et al. 2014",
    "et": "Age",
    "off": 43171,
    "sff": "4 weeks"
  },
  {
    "docID": "N063 Milbreta, Boxberg et al. 2014",
    "et": "Age",
    "off": 15598,
    "sff": "2 weeks"
  },
  {
    "docID": "N063 Milbreta, Boxberg et al. 2014",
    "et": "Age",
    "off": 24815,
    "sff": "2 weeks"
  },
  {
    "docID": "N063 Milbreta, Boxberg et al. 2014",
    "et": "Age",
    "off": 31100,
    "sff": "1 week"
  },
  {
    "docID": "N063 Milbreta, Boxberg et al. 2014",
    "et": "Age",
    "off": 33643,
    "sff": "4 weeks"
  },
  {
    "docID": "N063 Milbreta, Boxberg et al. 2014",
    "et": "Age",
    "off": 22822,
    "sff": "2 weeks"
  },
  {
    "docID": "N063 Milbreta, Boxberg et al. 2014",
    "et": "Age",
    "off": 33318,
    "sff": "2 weeks"
  },
  {
    "docID": "N063 Milbreta, Boxberg et al. 2014",
    "et": "Age",
    "off": 1136,
    "sff": "4 weeks"
  },
  {
    "docID": "N063 Milbreta, Boxberg et al. 2014",
    "et": "Age",
    "off": 27569,
    "sff": "10 weeks"
  },
  {
    "docID": "N063 Milbreta, Boxberg et al. 2014",
    "et": "Age",
    "off": 40988,
    "sff": "2 weeks"
  },
  {
    "docID": "N063 Milbreta, Boxberg et al. 2014",
    "et": "Age",
    "off": 35467,
    "sff": "6D"
  },
  {
    "docID": "N063 Milbreta, Boxberg et al. 2014",
    "et": "Age",
    "off": 22558,
    "sff": "2 weeks"
  },
  {
    "docID": "N063 Milbreta, Boxberg et al. 2014",
    "et": "Age",
    "off": 49183,
    "sff": "2 weeks"
  },
  {
    "docID": "N063 Milbreta, Boxberg et al. 2014",
    "et": "Age",
    "off": 22033,
    "sff": "2 weeks"
  },
  {
    "docID": "N063 Milbreta, Boxberg et al. 2014",
    "et": "Age",
    "off": 23159,
    "sff": "4 weeks"
  },
  {
    "docID": "N063 Milbreta, Boxberg et al. 2014",
    "et": "Age",
    "off": 28909,
    "sff": "1–2 weeks"
  },
  {
    "docID": "N063 Milbreta, Boxberg et al. 2014",
    "et": "Age",
    "off": 38024,
    "sff": "1 week"
  },
  {
    "docID": "N063 Milbreta, Boxberg et al. 2014",
    "et": "Age",
    "off": 10808,
    "sff": "1 to 4 weeks"
  },
  {
    "docID": "N063 Milbreta, Boxberg et al. 2014",
    "et": "Age",
    "off": 29373,
    "sff": "3D"
  },
  {
    "docID": "N063 Milbreta, Boxberg et al. 2014",
    "et": "Age",
    "off": 42626,
    "sff": "4 weeks"
  },
  {
    "docID": "N063 Milbreta, Boxberg et al. 2014",
    "et": "Age",
    "off": 42652,
    "sff": "10 weeks"
  },
  {
    "docID": "N063 Milbreta, Boxberg et al. 2014",
    "et": "Age",
    "off": 31431,
    "sff": "4 weeks"
  },
  {
    "docID": "N063 Milbreta, Boxberg et al. 2014",
    "et": "Age",
    "off": 56006,
    "sff": "4 weeks"
  },
  {
    "docID": "N063 Milbreta, Boxberg et al. 2014",
    "et": "Age",
    "off": 20436,
    "sff": "10 weeks"
  },
  {
    "docID": "N063 Milbreta, Boxberg et al. 2014",
    "et": "Age",
    "off": 39384,
    "sff": "1 week"
  },
  {
    "docID": "N063 Milbreta, Boxberg et al. 2014",
    "et": "Age",
    "off": 39897,
    "sff": "1 week"
  },
  {
    "docID": "N063 Milbreta, Boxberg et al. 2014",
    "et": "Age",
    "off": 39736,
    "sff": "2 weeks"
  },
  {
    "docID": "N063 Milbreta, Boxberg et al. 2014",
    "et": "Age",
    "off": 28479,
    "sff": "2 weeks"
  },
  {
    "docID": "N063 Milbreta, Boxberg et al. 2014",
    "et": "Age",
    "off": 31193,
    "sff": "4 weeks"
  },
  {
    "docID": "N063 Milbreta, Boxberg et al. 2014",
    "et": "Age",
    "off": 29400,
    "sff": "4 weeks"
  },
  {
    "docID": "N063 Milbreta, Boxberg et al. 2014",
    "et": "Age",
    "off": 9181,
    "sff": "4 weeks"
  },
  {
    "docID": "N063 Milbreta, Boxberg et al. 2014",
    "et": "Age",
    "off": 17890,
    "sff": "4 weeks"
  },
  {
    "docID": "N063 Milbreta, Boxberg et al. 2014",
    "et": "Age",
    "off": 48297,
    "sff": "5 days"
  },
  {
    "docID": "N063 Milbreta, Boxberg et al. 2014",
    "et": "Age",
    "off": 44847,
    "sff": "2 weeks"
  },
  {
    "docID": "N063 Milbreta, Boxberg et al. 2014",
    "et": "Age",
    "off": 49062,
    "sff": "4 weeks"
  },
  {
    "docID": "N063 Milbreta, Boxberg et al. 2014",
    "et": "Age",
    "off": 38312,
    "sff": "4 weeks"
  },
  {
    "docID": "N063 Milbreta, Boxberg et al. 2014",
    "et": "Age",
    "off": 56611,
    "sff": "21 days"
  },
  {
    "docID": "N063 Milbreta, Boxberg et al. 2014",
    "et": "Age",
    "off": 21420,
    "sff": "4 weeks"
  },
  {
    "docID": "N063 Milbreta, Boxberg et al. 2014",
    "et": "Age",
    "off": 48613,
    "sff": "10 weeks"
  },
  {
    "docID": "N063 Milbreta, Boxberg et al. 2014",
    "et": "Age",
    "off": 24776,
    "sff": "1 week"
  },
  {
    "docID": "N063 Milbreta, Boxberg et al. 2014",
    "et": "Age",
    "off": 31689,
    "sff": "1 week"
  },
  {
    "docID": "N063 Milbreta, Boxberg et al. 2014",
    "et": "Age",
    "off": 24018,
    "sff": "1 week"
  },
  {
    "docID": "N063 Milbreta, Boxberg et al. 2014",
    "et": "Age",
    "off": 53217,
    "sff": "10 weeks"
  },
  {
    "docID": "N063 Milbreta, Boxberg et al. 2014",
    "et": "Age",
    "off": 52930,
    "sff": "4 weeks"
  },
  {
    "docID": "N063 Milbreta, Boxberg et al. 2014",
    "et": "Age",
    "off": 23760,
    "sff": "1 week"
  },
  {
    "docID": "N063 Milbreta, Boxberg et al. 2014",
    "et": "Age",
    "off": 39246,
    "sff": "2 weeks"
  }
]
