[
  {
    "docID": "N064 Mountney, Zahner et al. 2013",
    "et": "Weight",
    "off": 5851,
    "sff": "250–275 g"
  },
  {
    "docID": "N064 Mountney, Zahner et al. 2013",
    "et": "RatModel",
    "off": 33795,
    "sff": "rat"
  },
  {
    "docID": "N064 Mountney, Zahner et al. 2013",
    "et": "RatModel",
    "off": 24000,
    "sff": "rat"
  },
  {
    "docID": "N064 Mountney, Zahner et al. 2013",
    "et": "RatModel",
    "off": 19899,
    "sff": "rat"
  },
  {
    "docID": "N064 Mountney, Zahner et al. 2013",
    "et": "RatModel",
    "off": 23607,
    "sff": "rat"
  },
  {
    "docID": "N064 Mountney, Zahner et al. 2013",
    "et": "RatModel",
    "off": 5624,
    "sff": "rat"
  },
  {
    "docID": "N064 Mountney, Zahner et al. 2013",
    "et": "RatModel",
    "off": 44408,
    "sff": "rat"
  },
  {
    "docID": "N064 Mountney, Zahner et al. 2013",
    "et": "RatModel",
    "off": 41268,
    "sff": "rat"
  },
  {
    "docID": "N064 Mountney, Zahner et al. 2013",
    "et": "RatModel",
    "off": 43342,
    "sff": "rat"
  },
  {
    "docID": "N064 Mountney, Zahner et al. 2013",
    "et": "RatModel",
    "off": 40241,
    "sff": "rat"
  },
  {
    "docID": "N064 Mountney, Zahner et al. 2013",
    "et": "RatModel",
    "off": 41514,
    "sff": "rat"
  },
  {
    "docID": "N064 Mountney, Zahner et al. 2013",
    "et": "RatModel",
    "off": 3563,
    "sff": "rat"
  },
  {
    "docID": "N064 Mountney, Zahner et al. 2013",
    "et": "RatModel",
    "off": 4940,
    "sff": "rat"
  },
  {
    "docID": "N064 Mountney, Zahner et al. 2013",
    "et": "RatModel",
    "off": 717,
    "sff": "rat"
  },
  {
    "docID": "N064 Mountney, Zahner et al. 2013",
    "et": "RatModel",
    "off": 3848,
    "sff": "rat"
  },
  {
    "docID": "N064 Mountney, Zahner et al. 2013",
    "et": "NewZealandRabbit",
    "off": 6031,
    "sff": "New"
  },
  {
    "docID": "N064 Mountney, Zahner et al. 2013",
    "et": "NewZealandRabbit",
    "off": 7015,
    "sff": "New"
  },
  {
    "docID": "N064 Mountney, Zahner et al. 2013",
    "et": "Young",
    "off": 41645,
    "sff": "Young"
  },
  {
    "docID": "N064 Mountney, Zahner et al. 2013",
    "et": "SpragueDawleyRat",
    "off": 5830,
    "sff": "Sprague–Dawley"
  },
  {
    "docID": "N064 Mountney, Zahner et al. 2013",
    "et": "SpragueDawleyRat",
    "off": 5830,
    "sff": "Sprague–Dawley rats"
  },
  {
    "docID": "N064 Mountney, Zahner et al. 2013",
    "et": "Mixed",
    "off": 23904,
    "sff": "mixed"
  },
  {
    "docID": "N064 Mountney, Zahner et al. 2013",
    "et": "MouseModel",
    "off": 43606,
    "sff": "mouse"
  },
  {
    "docID": "N064 Mountney, Zahner et al. 2013",
    "et": "RatSpecies",
    "off": 33795,
    "sff": "rat"
  },
  {
    "docID": "N064 Mountney, Zahner et al. 2013",
    "et": "RatSpecies",
    "off": 3848,
    "sff": "rat"
  },
  {
    "docID": "N064 Mountney, Zahner et al. 2013",
    "et": "RatSpecies",
    "off": 19899,
    "sff": "rat"
  },
  {
    "docID": "N064 Mountney, Zahner et al. 2013",
    "et": "RatSpecies",
    "off": 24000,
    "sff": "rat"
  },
  {
    "docID": "N064 Mountney, Zahner et al. 2013",
    "et": "RatSpecies",
    "off": 41268,
    "sff": "rat"
  },
  {
    "docID": "N064 Mountney, Zahner et al. 2013",
    "et": "RatSpecies",
    "off": 40241,
    "sff": "rat"
  },
  {
    "docID": "N064 Mountney, Zahner et al. 2013",
    "et": "RatSpecies",
    "off": 44408,
    "sff": "rat"
  },
  {
    "docID": "N064 Mountney, Zahner et al. 2013",
    "et": "RatSpecies",
    "off": 5624,
    "sff": "rat"
  },
  {
    "docID": "N064 Mountney, Zahner et al. 2013",
    "et": "RatSpecies",
    "off": 23607,
    "sff": "rat"
  },
  {
    "docID": "N064 Mountney, Zahner et al. 2013",
    "et": "RatSpecies",
    "off": 3563,
    "sff": "rat"
  },
  {
    "docID": "N064 Mountney, Zahner et al. 2013",
    "et": "RatSpecies",
    "off": 4940,
    "sff": "rat"
  },
  {
    "docID": "N064 Mountney, Zahner et al. 2013",
    "et": "RatSpecies",
    "off": 41514,
    "sff": "rat"
  },
  {
    "docID": "N064 Mountney, Zahner et al. 2013",
    "et": "RatSpecies",
    "off": 717,
    "sff": "rat"
  },
  {
    "docID": "N064 Mountney, Zahner et al. 2013",
    "et": "RatSpecies",
    "off": 43342,
    "sff": "rat"
  },
  {
    "docID": "N064 Mountney, Zahner et al. 2013",
    "et": "MouseSpecies",
    "off": 43606,
    "sff": "mouse"
  },
  {
    "docID": "N064 Mountney, Zahner et al. 2013",
    "et": "HartleyGuineaPig",
    "off": 44524,
    "sff": "Hartley"
  },
  {
    "docID": "N064 Mountney, Zahner et al. 2013",
    "et": "Adult",
    "off": 3842,
    "sff": "adult"
  },
  {
    "docID": "N064 Mountney, Zahner et al. 2013",
    "et": "Adult",
    "off": 41262,
    "sff": "adult"
  },
  {
    "docID": "N064 Mountney, Zahner et al. 2013",
    "et": "Adult",
    "off": 40235,
    "sff": "adult"
  },
  {
    "docID": "N064 Mountney, Zahner et al. 2013",
    "et": "LongEvansRat",
    "off": 16495,
    "sff": "Evans"
  },
  {
    "docID": "N064 Mountney, Zahner et al. 2013",
    "et": "Female",
    "off": 5823,
    "sff": "Female"
  },
  {
    "docID": "N064 Mountney, Zahner et al. 2013",
    "et": "Age",
    "off": 13967,
    "sff": "Twelve days"
  },
  {
    "docID": "N064 Mountney, Zahner et al. 2013",
    "et": "Age",
    "off": 19289,
    "sff": "2 weeks"
  },
  {
    "docID": "N064 Mountney, Zahner et al. 2013",
    "et": "Age",
    "off": 28889,
    "sff": "2 weeks"
  },
  {
    "docID": "N064 Mountney, Zahner et al. 2013",
    "et": "Age",
    "off": 16425,
    "sff": "14 days"
  },
  {
    "docID": "N064 Mountney, Zahner et al. 2013",
    "et": "Age",
    "off": 18966,
    "sff": "2 weeks"
  },
  {
    "docID": "N064 Mountney, Zahner et al. 2013",
    "et": "Age",
    "off": 21215,
    "sff": "Five weeks"
  },
  {
    "docID": "N064 Mountney, Zahner et al. 2013",
    "et": "Age",
    "off": 27307,
    "sff": "21 days"
  },
  {
    "docID": "N064 Mountney, Zahner et al. 2013",
    "et": "Age",
    "off": 13930,
    "sff": "12 days"
  },
  {
    "docID": "N064 Mountney, Zahner et al. 2013",
    "et": "Age",
    "off": 34865,
    "sff": "14 days"
  },
  {
    "docID": "N064 Mountney, Zahner et al. 2013",
    "et": "Age",
    "off": 24427,
    "sff": "14 days"
  },
  {
    "docID": "N064 Mountney, Zahner et al. 2013",
    "et": "Age",
    "off": 1217,
    "sff": "2 week"
  },
  {
    "docID": "N064 Mountney, Zahner et al. 2013",
    "et": "Age",
    "off": 24205,
    "sff": "14 day"
  },
  {
    "docID": "N064 Mountney, Zahner et al. 2013",
    "et": "Age",
    "off": 24677,
    "sff": "8.6 days"
  },
  {
    "docID": "N064 Mountney, Zahner et al. 2013",
    "et": "Age",
    "off": 23788,
    "sff": "2 weeks"
  },
  {
    "docID": "N064 Mountney, Zahner et al. 2013",
    "et": "Age",
    "off": 19869,
    "sff": "35 days"
  },
  {
    "docID": "N064 Mountney, Zahner et al. 2013",
    "et": "Age",
    "off": 28075,
    "sff": "3 week"
  },
  {
    "docID": "N064 Mountney, Zahner et al. 2013",
    "et": "Age",
    "off": 22040,
    "sff": "35 days"
  },
  {
    "docID": "N064 Mountney, Zahner et al. 2013",
    "et": "Age",
    "off": 27240,
    "sff": "3 weeks"
  },
  {
    "docID": "N064 Mountney, Zahner et al. 2013",
    "et": "Age",
    "off": 20818,
    "sff": "35 days"
  },
  {
    "docID": "N064 Mountney, Zahner et al. 2013",
    "et": "Age",
    "off": 37661,
    "sff": "14 days"
  },
  {
    "docID": "N064 Mountney, Zahner et al. 2013",
    "et": "Age",
    "off": 8453,
    "sff": "5 weeks"
  },
  {
    "docID": "N064 Mountney, Zahner et al. 2013",
    "et": "Age",
    "off": 20946,
    "sff": "21–35 days"
  },
  {
    "docID": "N064 Mountney, Zahner et al. 2013",
    "et": "Age",
    "off": 6852,
    "sff": "14 days"
  },
  {
    "docID": "N064 Mountney, Zahner et al. 2013",
    "et": "Age",
    "off": 19603,
    "sff": "21–35 days"
  },
  {
    "docID": "N064 Mountney, Zahner et al. 2013",
    "et": "Age",
    "off": 18053,
    "sff": "12 days"
  },
  {
    "docID": "N064 Mountney, Zahner et al. 2013",
    "et": "Age",
    "off": 23841,
    "sff": "8 days"
  },
  {
    "docID": "N064 Mountney, Zahner et al. 2013",
    "et": "Age",
    "off": 27832,
    "sff": "2 weeks"
  },
  {
    "docID": "N064 Mountney, Zahner et al. 2013",
    "et": "Age",
    "off": 34797,
    "sff": "9 days"
  },
  {
    "docID": "N064 Mountney, Zahner et al. 2013",
    "et": "Age",
    "off": 19081,
    "sff": "35 days"
  },
  {
    "docID": "N064 Mountney, Zahner et al. 2013",
    "et": "Age",
    "off": 33526,
    "sff": "2 weeks"
  },
  {
    "docID": "N064 Mountney, Zahner et al. 2013",
    "et": "Age",
    "off": 29773,
    "sff": "5 weeks"
  },
  {
    "docID": "N064 Mountney, Zahner et al. 2013",
    "et": "Age",
    "off": 33935,
    "sff": "14 days"
  },
  {
    "docID": "N064 Mountney, Zahner et al. 2013",
    "et": "Age",
    "off": 19252,
    "sff": "3 weeks"
  },
  {
    "docID": "N064 Mountney, Zahner et al. 2013",
    "et": "Age",
    "off": 19526,
    "sff": "35 days"
  },
  {
    "docID": "N064 Mountney, Zahner et al. 2013",
    "et": "Age",
    "off": 1021,
    "sff": "2 weeks"
  },
  {
    "docID": "N064 Mountney, Zahner et al. 2013",
    "et": "Age",
    "off": 16332,
    "sff": "14 days"
  },
  {
    "docID": "N064 Mountney, Zahner et al. 2013",
    "et": "Age",
    "off": 7240,
    "sff": "Two weeks"
  },
  {
    "docID": "N064 Mountney, Zahner et al. 2013",
    "et": "Age",
    "off": 28287,
    "sff": "35 days"
  },
  {
    "docID": "N064 Mountney, Zahner et al. 2013",
    "et": "Age",
    "off": 28800,
    "sff": "35 days"
  },
  {
    "docID": "N064 Mountney, Zahner et al. 2013",
    "et": "Age",
    "off": 10307,
    "sff": "5–6 weeks"
  },
  {
    "docID": "N064 Mountney, Zahner et al. 2013",
    "et": "Age",
    "off": 28025,
    "sff": "35 days"
  },
  {
    "docID": "N064 Mountney, Zahner et al. 2013",
    "et": "Age",
    "off": 17078,
    "sff": "12 days"
  },
  {
    "docID": "N064 Mountney, Zahner et al. 2013",
    "et": "Age",
    "off": 24568,
    "sff": "14 day"
  }
]
