[
  {
    "docID": "N066 Sarveazad, Babahajian et al. 2017 ",
    "et": "Weight",
    "off": 5596,
    "sff": "200– 250 g"
  },
  {
    "docID": "N066 Sarveazad, Babahajian et al. 2017 ",
    "et": "Weight",
    "off": 6261,
    "sff": "100 mg"
  },
  {
    "docID": "N066 Sarveazad, Babahajian et al. 2017 ",
    "et": "Weight",
    "off": 7838,
    "sff": "10 g and 2"
  },
  {
    "docID": "N066 Sarveazad, Babahajian et al. 2017 ",
    "et": "RatModel",
    "off": 5474,
    "sff": "rat"
  },
  {
    "docID": "N066 Sarveazad, Babahajian et al. 2017 ",
    "et": "RatModel",
    "off": 1928,
    "sff": "rat"
  },
  {
    "docID": "N066 Sarveazad, Babahajian et al. 2017 ",
    "et": "RatModel",
    "off": 10794,
    "sff": "rat"
  },
  {
    "docID": "N066 Sarveazad, Babahajian et al. 2017 ",
    "et": "NewZealandRabbit",
    "off": 1693,
    "sff": "new"
  },
  {
    "docID": "N066 Sarveazad, Babahajian et al. 2017 ",
    "et": "NewZealandRabbit",
    "off": 24460,
    "sff": "new"
  },
  {
    "docID": "N066 Sarveazad, Babahajian et al. 2017 ",
    "et": "NewZealandRabbit",
    "off": 27500,
    "sff": "new"
  },
  {
    "docID": "N066 Sarveazad, Babahajian et al. 2017 ",
    "et": "NewZealandRabbit",
    "off": 3824,
    "sff": "new"
  },
  {
    "docID": "N066 Sarveazad, Babahajian et al. 2017 ",
    "et": "WistarRat",
    "off": 5566,
    "sff": "Wistar"
  },
  {
    "docID": "N066 Sarveazad, Babahajian et al. 2017 ",
    "et": "WistarRat",
    "off": 5566,
    "sff": "Wistar rats"
  },
  {
    "docID": "N066 Sarveazad, Babahajian et al. 2017 ",
    "et": "RatSpecies",
    "off": 10794,
    "sff": "rat"
  },
  {
    "docID": "N066 Sarveazad, Babahajian et al. 2017 ",
    "et": "RatSpecies",
    "off": 1928,
    "sff": "rat"
  },
  {
    "docID": "N066 Sarveazad, Babahajian et al. 2017 ",
    "et": "RatSpecies",
    "off": 5474,
    "sff": "rat"
  },
  {
    "docID": "N066 Sarveazad, Babahajian et al. 2017 ",
    "et": "CD2_Mouse",
    "off": 16398,
    "sff": "CD31"
  },
  {
    "docID": "N066 Sarveazad, Babahajian et al. 2017 ",
    "et": "CD2_Mouse",
    "off": 6988,
    "sff": "CD31"
  },
  {
    "docID": "N066 Sarveazad, Babahajian et al. 2017 ",
    "et": "Male",
    "off": 5561,
    "sff": "male"
  },
  {
    "docID": "N066 Sarveazad, Babahajian et al. 2017 ",
    "et": "Adult",
    "off": 5555,
    "sff": "adult"
  },
  {
    "docID": "N066 Sarveazad, Babahajian et al. 2017 ",
    "et": "Adult",
    "off": 15496,
    "sff": "mature"
  },
  {
    "docID": "N066 Sarveazad, Babahajian et al. 2017 ",
    "et": "Adult",
    "off": 15869,
    "sff": "mature"
  },
  {
    "docID": "N066 Sarveazad, Babahajian et al. 2017 ",
    "et": "Adult",
    "off": 18846,
    "sff": "mature"
  },
  {
    "docID": "N066 Sarveazad, Babahajian et al. 2017 ",
    "et": "LongEvansRat",
    "off": 3438,
    "sff": "long"
  },
  {
    "docID": "N066 Sarveazad, Babahajian et al. 2017 ",
    "et": "Age",
    "off": 18647,
    "sff": "eight weeks"
  },
  {
    "docID": "N066 Sarveazad, Babahajian et al. 2017 ",
    "et": "Age",
    "off": 8798,
    "sff": "8 weeks"
  },
  {
    "docID": "N066 Sarveazad, Babahajian et al. 2017 ",
    "et": "Age",
    "off": 2425,
    "sff": "8 weeks"
  },
  {
    "docID": "N066 Sarveazad, Babahajian et al. 2017 ",
    "et": "Age",
    "off": 23921,
    "sff": "one week"
  },
  {
    "docID": "N066 Sarveazad, Babahajian et al. 2017 ",
    "et": "Age",
    "off": 24095,
    "sff": "6-day"
  },
  {
    "docID": "N066 Sarveazad, Babahajian et al. 2017 ",
    "et": "Age",
    "off": 13162,
    "sff": "2 weeks"
  },
  {
    "docID": "N066 Sarveazad, Babahajian et al. 2017 ",
    "et": "Age",
    "off": 8036,
    "sff": "4 days"
  },
  {
    "docID": "N066 Sarveazad, Babahajian et al. 2017 ",
    "et": "Age",
    "off": 16689,
    "sff": "4 week"
  },
  {
    "docID": "N066 Sarveazad, Babahajian et al. 2017 ",
    "et": "Age",
    "off": 20955,
    "sff": "8weeks"
  },
  {
    "docID": "N066 Sarveazad, Babahajian et al. 2017 ",
    "et": "Age",
    "off": 13348,
    "sff": "4 weeks"
  },
  {
    "docID": "N066 Sarveazad, Babahajian et al. 2017 ",
    "et": "Age",
    "off": 9161,
    "sff": "Eight weeks"
  },
  {
    "docID": "N066 Sarveazad, Babahajian et al. 2017 ",
    "et": "Age",
    "off": 16877,
    "sff": "8 weeks"
  },
  {
    "docID": "N066 Sarveazad, Babahajian et al. 2017 ",
    "et": "Age",
    "off": 8146,
    "sff": "One week"
  },
  {
    "docID": "N066 Sarveazad, Babahajian et al. 2017 ",
    "et": "Age",
    "off": 18602,
    "sff": "8 weeks"
  },
  {
    "docID": "N066 Sarveazad, Babahajian et al. 2017 ",
    "et": "Age",
    "off": 23621,
    "sff": "oneweek"
  },
  {
    "docID": "N066 Sarveazad, Babahajian et al. 2017 ",
    "et": "Age",
    "off": 3751,
    "sff": "10 years"
  },
  {
    "docID": "N066 Sarveazad, Babahajian et al. 2017 ",
    "et": "Age",
    "off": 27425,
    "sff": "8 weeks"
  },
  {
    "docID": "N066 Sarveazad, Babahajian et al. 2017 ",
    "et": "Age",
    "off": 14965,
    "sff": "63 days"
  }
]
