[
  {
    "docID": "N067 Shinozaki, Iwanami et al. 2016",
    "et": "Weight",
    "off": 6361,
    "sff": "200–220 g"
  },
  {
    "docID": "N067 Shinozaki, Iwanami et al. 2016",
    "et": "RatModel",
    "off": 45113,
    "sff": "rat"
  },
  {
    "docID": "N067 Shinozaki, Iwanami et al. 2016",
    "et": "RatModel",
    "off": 9330,
    "sff": "rat"
  },
  {
    "docID": "N067 Shinozaki, Iwanami et al. 2016",
    "et": "RatModel",
    "off": 47621,
    "sff": "rat"
  },
  {
    "docID": "N067 Shinozaki, Iwanami et al. 2016",
    "et": "RatModel",
    "off": 49378,
    "sff": "rat"
  },
  {
    "docID": "N067 Shinozaki, Iwanami et al. 2016",
    "et": "RatModel",
    "off": 44416,
    "sff": "rat"
  },
  {
    "docID": "N067 Shinozaki, Iwanami et al. 2016",
    "et": "RatModel",
    "off": 54881,
    "sff": "rat"
  },
  {
    "docID": "N067 Shinozaki, Iwanami et al. 2016",
    "et": "RatModel",
    "off": 50718,
    "sff": "rat"
  },
  {
    "docID": "N067 Shinozaki, Iwanami et al. 2016",
    "et": "RatModel",
    "off": 51212,
    "sff": "rat"
  },
  {
    "docID": "N067 Shinozaki, Iwanami et al. 2016",
    "et": "RatModel",
    "off": 5562,
    "sff": "rat"
  },
  {
    "docID": "N067 Shinozaki, Iwanami et al. 2016",
    "et": "RatModel",
    "off": 47387,
    "sff": "rat"
  },
  {
    "docID": "N067 Shinozaki, Iwanami et al. 2016",
    "et": "Patient",
    "off": 57734,
    "sff": "patient"
  },
  {
    "docID": "N067 Shinozaki, Iwanami et al. 2016",
    "et": "NewZealandRabbit",
    "off": 35450,
    "sff": "new"
  },
  {
    "docID": "N067 Shinozaki, Iwanami et al. 2016",
    "et": "Young",
    "off": 53629,
    "sff": "Young"
  },
  {
    "docID": "N067 Shinozaki, Iwanami et al. 2016",
    "et": "Young",
    "off": 43279,
    "sff": "Young"
  },
  {
    "docID": "N067 Shinozaki, Iwanami et al. 2016",
    "et": "SpragueDawleyRat",
    "off": 6323,
    "sff": "Sprague-Dawley rats"
  },
  {
    "docID": "N067 Shinozaki, Iwanami et al. 2016",
    "et": "SpragueDawleyRat",
    "off": 6323,
    "sff": "Sprague-Dawley"
  },
  {
    "docID": "N067 Shinozaki, Iwanami et al. 2016",
    "et": "MouseModel",
    "off": 13897,
    "sff": "mouse"
  },
  {
    "docID": "N067 Shinozaki, Iwanami et al. 2016",
    "et": "MouseModel",
    "off": 42683,
    "sff": "mouse"
  },
  {
    "docID": "N067 Shinozaki, Iwanami et al. 2016",
    "et": "MouseModel",
    "off": 15148,
    "sff": "mouse"
  },
  {
    "docID": "N067 Shinozaki, Iwanami et al. 2016",
    "et": "RatSpecies",
    "off": 45113,
    "sff": "rat"
  },
  {
    "docID": "N067 Shinozaki, Iwanami et al. 2016",
    "et": "RatSpecies",
    "off": 5562,
    "sff": "rat"
  },
  {
    "docID": "N067 Shinozaki, Iwanami et al. 2016",
    "et": "RatSpecies",
    "off": 47387,
    "sff": "rat"
  },
  {
    "docID": "N067 Shinozaki, Iwanami et al. 2016",
    "et": "RatSpecies",
    "off": 51212,
    "sff": "rat"
  },
  {
    "docID": "N067 Shinozaki, Iwanami et al. 2016",
    "et": "RatSpecies",
    "off": 47621,
    "sff": "rat"
  },
  {
    "docID": "N067 Shinozaki, Iwanami et al. 2016",
    "et": "RatSpecies",
    "off": 54881,
    "sff": "rat"
  },
  {
    "docID": "N067 Shinozaki, Iwanami et al. 2016",
    "et": "RatSpecies",
    "off": 9330,
    "sff": "rat"
  },
  {
    "docID": "N067 Shinozaki, Iwanami et al. 2016",
    "et": "RatSpecies",
    "off": 49378,
    "sff": "rat"
  },
  {
    "docID": "N067 Shinozaki, Iwanami et al. 2016",
    "et": "RatSpecies",
    "off": 50718,
    "sff": "rat"
  },
  {
    "docID": "N067 Shinozaki, Iwanami et al. 2016",
    "et": "RatSpecies",
    "off": 44416,
    "sff": "rat"
  },
  {
    "docID": "N067 Shinozaki, Iwanami et al. 2016",
    "et": "Male",
    "off": 56211,
    "sff": "male"
  },
  {
    "docID": "N067 Shinozaki, Iwanami et al. 2016",
    "et": "MouseSpecies",
    "off": 42683,
    "sff": "mouse"
  },
  {
    "docID": "N067 Shinozaki, Iwanami et al. 2016",
    "et": "MouseSpecies",
    "off": 15148,
    "sff": "mouse"
  },
  {
    "docID": "N067 Shinozaki, Iwanami et al. 2016",
    "et": "MouseSpecies",
    "off": 13897,
    "sff": "mouse"
  },
  {
    "docID": "N067 Shinozaki, Iwanami et al. 2016",
    "et": "FischerRat",
    "off": 43046,
    "sff": "Fischer"
  },
  {
    "docID": "N067 Shinozaki, Iwanami et al. 2016",
    "et": "Adult",
    "off": 45107,
    "sff": "adult"
  },
  {
    "docID": "N067 Shinozaki, Iwanami et al. 2016",
    "et": "Adult",
    "off": 51206,
    "sff": "adult"
  },
  {
    "docID": "N067 Shinozaki, Iwanami et al. 2016",
    "et": "Adult",
    "off": 271,
    "sff": "adult"
  },
  {
    "docID": "N067 Shinozaki, Iwanami et al. 2016",
    "et": "Adult",
    "off": 1792,
    "sff": "adult"
  },
  {
    "docID": "N067 Shinozaki, Iwanami et al. 2016",
    "et": "Adult",
    "off": 5835,
    "sff": "adult"
  },
  {
    "docID": "N067 Shinozaki, Iwanami et al. 2016",
    "et": "Adult",
    "off": 45051,
    "sff": "adult"
  },
  {
    "docID": "N067 Shinozaki, Iwanami et al. 2016",
    "et": "Adult",
    "off": 6310,
    "sff": "Adult"
  },
  {
    "docID": "N067 Shinozaki, Iwanami et al. 2016",
    "et": "LongEvansRat",
    "off": 2627,
    "sff": "long"
  },
  {
    "docID": "N067 Shinozaki, Iwanami et al. 2016",
    "et": "LongEvansRat",
    "off": 10264,
    "sff": "long"
  },
  {
    "docID": "N067 Shinozaki, Iwanami et al. 2016",
    "et": "LongEvansRat",
    "off": 37385,
    "sff": "long"
  },
  {
    "docID": "N067 Shinozaki, Iwanami et al. 2016",
    "et": "Female",
    "off": 6316,
    "sff": "female"
  },
  {
    "docID": "N067 Shinozaki, Iwanami et al. 2016",
    "et": "Age",
    "off": 19970,
    "sff": "7 weeks"
  },
  {
    "docID": "N067 Shinozaki, Iwanami et al. 2016",
    "et": "Age",
    "off": 20221,
    "sff": "5 weeks"
  },
  {
    "docID": "N067 Shinozaki, Iwanami et al. 2016",
    "et": "Age",
    "off": 9046,
    "sff": "six weeks"
  },
  {
    "docID": "N067 Shinozaki, Iwanami et al. 2016",
    "et": "Age",
    "off": 8591,
    "sff": "1 week"
  },
  {
    "docID": "N067 Shinozaki, Iwanami et al. 2016",
    "et": "Age",
    "off": 16457,
    "sff": "Four days"
  },
  {
    "docID": "N067 Shinozaki, Iwanami et al. 2016",
    "et": "Age",
    "off": 19158,
    "sff": "1 week"
  },
  {
    "docID": "N067 Shinozaki, Iwanami et al. 2016",
    "et": "Age",
    "off": 19465,
    "sff": "14 weeks"
  },
  {
    "docID": "N067 Shinozaki, Iwanami et al. 2016",
    "et": "Age",
    "off": 20645,
    "sff": "Six weeks"
  },
  {
    "docID": "N067 Shinozaki, Iwanami et al. 2016",
    "et": "Age",
    "off": 19715,
    "sff": "4 days"
  },
  {
    "docID": "N067 Shinozaki, Iwanami et al. 2016",
    "et": "Age",
    "off": 57964,
    "sff": "one year"
  },
  {
    "docID": "N067 Shinozaki, Iwanami et al. 2016",
    "et": "Age",
    "off": 11827,
    "sff": "7 weeks"
  },
  {
    "docID": "N067 Shinozaki, Iwanami et al. 2016",
    "et": "Age",
    "off": 20230,
    "sff": "5w"
  },
  {
    "docID": "N067 Shinozaki, Iwanami et al. 2016",
    "et": "Age",
    "off": 5894,
    "sff": "six weeks"
  },
  {
    "docID": "N067 Shinozaki, Iwanami et al. 2016",
    "et": "Age",
    "off": 1844,
    "sff": "6 weeks"
  },
  {
    "docID": "N067 Shinozaki, Iwanami et al. 2016",
    "et": "Age",
    "off": 9528,
    "sff": "7-day"
  },
  {
    "docID": "N067 Shinozaki, Iwanami et al. 2016",
    "et": "Age",
    "off": 15999,
    "sff": "14 weeks"
  },
  {
    "docID": "N067 Shinozaki, Iwanami et al. 2016",
    "et": "Age",
    "off": 1880,
    "sff": "one week"
  },
  {
    "docID": "N067 Shinozaki, Iwanami et al. 2016",
    "et": "Age",
    "off": 6854,
    "sff": "1 week"
  },
  {
    "docID": "N067 Shinozaki, Iwanami et al. 2016",
    "et": "Age",
    "off": 1985,
    "sff": "eight weeks"
  },
  {
    "docID": "N067 Shinozaki, Iwanami et al. 2016",
    "et": "Age",
    "off": 10038,
    "sff": "14weeks"
  },
  {
    "docID": "N067 Shinozaki, Iwanami et al. 2016",
    "et": "Age",
    "off": 20527,
    "sff": "12 weeks"
  },
  {
    "docID": "N067 Shinozaki, Iwanami et al. 2016",
    "et": "Age",
    "off": 9152,
    "sff": "Six weeks"
  },
  {
    "docID": "N067 Shinozaki, Iwanami et al. 2016",
    "et": "Age",
    "off": 11314,
    "sff": "14 weeks"
  },
  {
    "docID": "N067 Shinozaki, Iwanami et al. 2016",
    "et": "Age",
    "off": 21290,
    "sff": "8 weeks"
  },
  {
    "docID": "N067 Shinozaki, Iwanami et al. 2016",
    "et": "Age",
    "off": 33438,
    "sff": "7 weeks"
  },
  {
    "docID": "N067 Shinozaki, Iwanami et al. 2016",
    "et": "Age",
    "off": 25539,
    "sff": "12–14 weeks"
  },
  {
    "docID": "N067 Shinozaki, Iwanami et al. 2016",
    "et": "Age",
    "off": 30210,
    "sff": "6D"
  },
  {
    "docID": "N067 Shinozaki, Iwanami et al. 2016",
    "et": "Age",
    "off": 26794,
    "sff": "14 weeks"
  },
  {
    "docID": "N067 Shinozaki, Iwanami et al. 2016",
    "et": "Age",
    "off": 9948,
    "sff": "6 weeks"
  },
  {
    "docID": "N067 Shinozaki, Iwanami et al. 2016",
    "et": "Age",
    "off": 21352,
    "sff": "14 weeks"
  },
  {
    "docID": "N067 Shinozaki, Iwanami et al. 2016",
    "et": "Age",
    "off": 26326,
    "sff": "7 weeks"
  },
  {
    "docID": "N067 Shinozaki, Iwanami et al. 2016",
    "et": "Age",
    "off": 5932,
    "sff": "one week"
  },
  {
    "docID": "N067 Shinozaki, Iwanami et al. 2016",
    "et": "Age",
    "off": 10020,
    "sff": "5 days"
  },
  {
    "docID": "N067 Shinozaki, Iwanami et al. 2016",
    "et": "Age",
    "off": 20434,
    "sff": "8–9 weeks"
  },
  {
    "docID": "N067 Shinozaki, Iwanami et al. 2016",
    "et": "Age",
    "off": 28777,
    "sff": "14weeks"
  },
  {
    "docID": "N067 Shinozaki, Iwanami et al. 2016",
    "et": "Age",
    "off": 25287,
    "sff": "5 weeks"
  },
  {
    "docID": "N067 Shinozaki, Iwanami et al. 2016",
    "et": "Age",
    "off": 45304,
    "sff": "1 year"
  },
  {
    "docID": "N067 Shinozaki, Iwanami et al. 2016",
    "et": "Age",
    "off": 21600,
    "sff": "14 weeks"
  },
  {
    "docID": "N067 Shinozaki, Iwanami et al. 2016",
    "et": "Age",
    "off": 19078,
    "sff": "6 weeks"
  },
  {
    "docID": "N067 Shinozaki, Iwanami et al. 2016",
    "et": "Age",
    "off": 27083,
    "sff": "3D"
  },
  {
    "docID": "N067 Shinozaki, Iwanami et al. 2016",
    "et": "Age",
    "off": 19610,
    "sff": "14 weeks"
  }
]
