[
  {
    "docID": "N068 Siebert, Stelzner et al. 2011",
    "et": "LewisRat",
    "off": 53873,
    "sff": "Lewis"
  },
  {
    "docID": "N068 Siebert, Stelzner et al. 2011",
    "et": "Weight",
    "off": 7896,
    "sff": "10 g"
  },
  {
    "docID": "N068 Siebert, Stelzner et al. 2011",
    "et": "Weight",
    "off": 15038,
    "sff": "10g"
  },
  {
    "docID": "N068 Siebert, Stelzner et al. 2011",
    "et": "Weight",
    "off": 7554,
    "sff": "100 g"
  },
  {
    "docID": "N068 Siebert, Stelzner et al. 2011",
    "et": "RatModel",
    "off": 53997,
    "sff": "Rat"
  },
  {
    "docID": "N068 Siebert, Stelzner et al. 2011",
    "et": "RatModel",
    "off": 52411,
    "sff": "rat"
  },
  {
    "docID": "N068 Siebert, Stelzner et al. 2011",
    "et": "AnimalSpecies",
    "off": 14841,
    "sff": "species"
  },
  {
    "docID": "N068 Siebert, Stelzner et al. 2011",
    "et": "NewZealandRabbit",
    "off": 441,
    "sff": "New"
  },
  {
    "docID": "N068 Siebert, Stelzner et al. 2011",
    "et": "NewZealandRabbit",
    "off": 50749,
    "sff": "new"
  },
  {
    "docID": "N068 Siebert, Stelzner et al. 2011",
    "et": "NewZealandRabbit",
    "off": 38202,
    "sff": "new"
  },
  {
    "docID": "N068 Siebert, Stelzner et al. 2011",
    "et": "NewZealandRabbit",
    "off": 2443,
    "sff": "new"
  },
  {
    "docID": "N068 Siebert, Stelzner et al. 2011",
    "et": "NewZealandRabbit",
    "off": 49340,
    "sff": "New"
  },
  {
    "docID": "N068 Siebert, Stelzner et al. 2011",
    "et": "NewZealandRabbit",
    "off": 37062,
    "sff": "new"
  },
  {
    "docID": "N068 Siebert, Stelzner et al. 2011",
    "et": "NewZealandRabbit",
    "off": 40247,
    "sff": "new"
  },
  {
    "docID": "N068 Siebert, Stelzner et al. 2011",
    "et": "Young",
    "off": 50044,
    "sff": "Young"
  },
  {
    "docID": "N068 Siebert, Stelzner et al. 2011",
    "et": "SpragueDawleyRat",
    "off": 53852,
    "sff": "Sprague"
  },
  {
    "docID": "N068 Siebert, Stelzner et al. 2011",
    "et": "ListerHoodedRat",
    "off": 7361,
    "sff": "hooded"
  },
  {
    "docID": "N068 Siebert, Stelzner et al. 2011",
    "et": "RatSpecies",
    "off": 53997,
    "sff": "Rat"
  },
  {
    "docID": "N068 Siebert, Stelzner et al. 2011",
    "et": "RatSpecies",
    "off": 52411,
    "sff": "rat"
  },
  {
    "docID": "N068 Siebert, Stelzner et al. 2011",
    "et": "Adult",
    "off": 29485,
    "sff": "mature"
  },
  {
    "docID": "N068 Siebert, Stelzner et al. 2011",
    "et": "Adult",
    "off": 52996,
    "sff": "adult"
  },
  {
    "docID": "N068 Siebert, Stelzner et al. 2011",
    "et": "Adult",
    "off": 47084,
    "sff": "mature"
  },
  {
    "docID": "N068 Siebert, Stelzner et al. 2011",
    "et": "Adult",
    "off": 40137,
    "sff": "adult"
  },
  {
    "docID": "N068 Siebert, Stelzner et al. 2011",
    "et": "Adult",
    "off": 40217,
    "sff": "adult"
  },
  {
    "docID": "N068 Siebert, Stelzner et al. 2011",
    "et": "Adult",
    "off": 50972,
    "sff": "Adult"
  },
  {
    "docID": "N068 Siebert, Stelzner et al. 2011",
    "et": "Adult",
    "off": 44039,
    "sff": "adult"
  },
  {
    "docID": "N068 Siebert, Stelzner et al. 2011",
    "et": "Adult",
    "off": 53447,
    "sff": "adult"
  },
  {
    "docID": "N068 Siebert, Stelzner et al. 2011",
    "et": "LongEvansRat",
    "off": 23537,
    "sff": "long"
  },
  {
    "docID": "N068 Siebert, Stelzner et al. 2011",
    "et": "LongEvansRat",
    "off": 46645,
    "sff": "long"
  },
  {
    "docID": "N068 Siebert, Stelzner et al. 2011",
    "et": "LongEvansRat",
    "off": 7368,
    "sff": "Long-Evans"
  },
  {
    "docID": "N068 Siebert, Stelzner et al. 2011",
    "et": "LongEvansRat",
    "off": 7368,
    "sff": "Long-Evans rats"
  },
  {
    "docID": "N068 Siebert, Stelzner et al. 2011",
    "et": "Female",
    "off": 7354,
    "sff": "Female"
  },
  {
    "docID": "N068 Siebert, Stelzner et al. 2011",
    "et": "Age",
    "off": 23268,
    "sff": "1-week"
  },
  {
    "docID": "N068 Siebert, Stelzner et al. 2011",
    "et": "Age",
    "off": 9448,
    "sff": "2 weeks"
  },
  {
    "docID": "N068 Siebert, Stelzner et al. 2011",
    "et": "Age",
    "off": 27776,
    "sff": "2 week"
  },
  {
    "docID": "N068 Siebert, Stelzner et al. 2011",
    "et": "Age",
    "off": 20833,
    "sff": "2 weeks"
  },
  {
    "docID": "N068 Siebert, Stelzner et al. 2011",
    "et": "Age",
    "off": 9420,
    "sff": "3 days"
  },
  {
    "docID": "N068 Siebert, Stelzner et al. 2011",
    "et": "Age",
    "off": 19794,
    "sff": "5 days"
  },
  {
    "docID": "N068 Siebert, Stelzner et al. 2011",
    "et": "Age",
    "off": 30176,
    "sff": "2 weeks"
  },
  {
    "docID": "N068 Siebert, Stelzner et al. 2011",
    "et": "Age",
    "off": 18429,
    "sff": "2-weeks"
  },
  {
    "docID": "N068 Siebert, Stelzner et al. 2011",
    "et": "Age",
    "off": 28919,
    "sff": "2-weeks"
  },
  {
    "docID": "N068 Siebert, Stelzner et al. 2011",
    "et": "Age",
    "off": 9428,
    "sff": "5 days"
  },
  {
    "docID": "N068 Siebert, Stelzner et al. 2011",
    "et": "Age",
    "off": 17359,
    "sff": "two weeks"
  },
  {
    "docID": "N068 Siebert, Stelzner et al. 2011",
    "et": "Age",
    "off": 32786,
    "sff": "1 week"
  },
  {
    "docID": "N068 Siebert, Stelzner et al. 2011",
    "et": "Age",
    "off": 30136,
    "sff": "5 days"
  },
  {
    "docID": "N068 Siebert, Stelzner et al. 2011",
    "et": "Age",
    "off": 21593,
    "sff": "1-week"
  },
  {
    "docID": "N068 Siebert, Stelzner et al. 2011",
    "et": "Age",
    "off": 25647,
    "sff": "two week"
  },
  {
    "docID": "N068 Siebert, Stelzner et al. 2011",
    "et": "Age",
    "off": 35470,
    "sff": "2-weeks"
  },
  {
    "docID": "N068 Siebert, Stelzner et al. 2011",
    "et": "Age",
    "off": 34699,
    "sff": "2 week"
  },
  {
    "docID": "N068 Siebert, Stelzner et al. 2011",
    "et": "Age",
    "off": 37511,
    "sff": "1 week"
  },
  {
    "docID": "N068 Siebert, Stelzner et al. 2011",
    "et": "Age",
    "off": 19084,
    "sff": "1 week"
  },
  {
    "docID": "N068 Siebert, Stelzner et al. 2011",
    "et": "Age",
    "off": 18127,
    "sff": "1-week"
  },
  {
    "docID": "N068 Siebert, Stelzner et al. 2011",
    "et": "Age",
    "off": 20420,
    "sff": "5 days"
  },
  {
    "docID": "N068 Siebert, Stelzner et al. 2011",
    "et": "Age",
    "off": 21604,
    "sff": "2-weeks"
  },
  {
    "docID": "N068 Siebert, Stelzner et al. 2011",
    "et": "Age",
    "off": 21959,
    "sff": "2 weeks"
  },
  {
    "docID": "N068 Siebert, Stelzner et al. 2011",
    "et": "Age",
    "off": 22369,
    "sff": "2-weeks"
  },
  {
    "docID": "N068 Siebert, Stelzner et al. 2011",
    "et": "Age",
    "off": 6717,
    "sff": "2 weeks"
  },
  {
    "docID": "N068 Siebert, Stelzner et al. 2011",
    "et": "Age",
    "off": 28604,
    "sff": "1-week"
  },
  {
    "docID": "N068 Siebert, Stelzner et al. 2011",
    "et": "Age",
    "off": 10199,
    "sff": "2 days"
  },
  {
    "docID": "N068 Siebert, Stelzner et al. 2011",
    "et": "Age",
    "off": 34678,
    "sff": "two week"
  },
  {
    "docID": "N068 Siebert, Stelzner et al. 2011",
    "et": "Age",
    "off": 21751,
    "sff": "2-week"
  },
  {
    "docID": "N068 Siebert, Stelzner et al. 2011",
    "et": "Age",
    "off": 17650,
    "sff": "two weeks"
  },
  {
    "docID": "N068 Siebert, Stelzner et al. 2011",
    "et": "Age",
    "off": 20760,
    "sff": "5 days"
  },
  {
    "docID": "N068 Siebert, Stelzner et al. 2011",
    "et": "Age",
    "off": 27696,
    "sff": "1 week"
  },
  {
    "docID": "N068 Siebert, Stelzner et al. 2011",
    "et": "Age",
    "off": 18233,
    "sff": "1-week"
  },
  {
    "docID": "N068 Siebert, Stelzner et al. 2011",
    "et": "Age",
    "off": 26506,
    "sff": "two days"
  },
  {
    "docID": "N068 Siebert, Stelzner et al. 2011",
    "et": "Age",
    "off": 35854,
    "sff": "two week"
  },
  {
    "docID": "N068 Siebert, Stelzner et al. 2011",
    "et": "Age",
    "off": 13742,
    "sff": "2D"
  },
  {
    "docID": "N068 Siebert, Stelzner et al. 2011",
    "et": "Age",
    "off": 25739,
    "sff": "one week"
  },
  {
    "docID": "N068 Siebert, Stelzner et al. 2011",
    "et": "Age",
    "off": 27184,
    "sff": "2 weeks"
  },
  {
    "docID": "N068 Siebert, Stelzner et al. 2011",
    "et": "Age",
    "off": 30368,
    "sff": "5 days"
  },
  {
    "docID": "N068 Siebert, Stelzner et al. 2011",
    "et": "Age",
    "off": 31291,
    "sff": "6D"
  },
  {
    "docID": "N068 Siebert, Stelzner et al. 2011",
    "et": "Age",
    "off": 47242,
    "sff": "1–2 months"
  },
  {
    "docID": "N068 Siebert, Stelzner et al. 2011",
    "et": "Age",
    "off": 17966,
    "sff": "1-week"
  },
  {
    "docID": "N068 Siebert, Stelzner et al. 2011",
    "et": "Age",
    "off": 27685,
    "sff": "3 days"
  },
  {
    "docID": "N068 Siebert, Stelzner et al. 2011",
    "et": "Age",
    "off": 34859,
    "sff": "2 weeks"
  },
  {
    "docID": "N068 Siebert, Stelzner et al. 2011",
    "et": "Age",
    "off": 20517,
    "sff": "2 weeks"
  },
  {
    "docID": "N068 Siebert, Stelzner et al. 2011",
    "et": "Age",
    "off": 37823,
    "sff": "2-weeks"
  },
  {
    "docID": "N068 Siebert, Stelzner et al. 2011",
    "et": "Age",
    "off": 22948,
    "sff": "2 weeks"
  },
  {
    "docID": "N068 Siebert, Stelzner et al. 2011",
    "et": "Age",
    "off": 19986,
    "sff": "5 days"
  },
  {
    "docID": "N068 Siebert, Stelzner et al. 2011",
    "et": "Age",
    "off": 34464,
    "sff": "2 weeks"
  },
  {
    "docID": "N068 Siebert, Stelzner et al. 2011",
    "et": "Age",
    "off": 7435,
    "sff": "77 days (±10 days"
  },
  {
    "docID": "N068 Siebert, Stelzner et al. 2011",
    "et": "Age",
    "off": 26777,
    "sff": "2 weeks"
  },
  {
    "docID": "N068 Siebert, Stelzner et al. 2011",
    "et": "Age",
    "off": 38334,
    "sff": "1 week"
  },
  {
    "docID": "N068 Siebert, Stelzner et al. 2011",
    "et": "Age",
    "off": 21947,
    "sff": "1 week"
  },
  {
    "docID": "N068 Siebert, Stelzner et al. 2011",
    "et": "Age",
    "off": 35515,
    "sff": "1 week"
  },
  {
    "docID": "N068 Siebert, Stelzner et al. 2011",
    "et": "Age",
    "off": 28680,
    "sff": "5D"
  },
  {
    "docID": "N068 Siebert, Stelzner et al. 2011",
    "et": "Age",
    "off": 18935,
    "sff": "3 days"
  },
  {
    "docID": "N068 Siebert, Stelzner et al. 2011",
    "et": "Age",
    "off": 8547,
    "sff": "Two days"
  },
  {
    "docID": "N068 Siebert, Stelzner et al. 2011",
    "et": "Age",
    "off": 33298,
    "sff": "2 weeks"
  },
  {
    "docID": "N068 Siebert, Stelzner et al. 2011",
    "et": "Age",
    "off": 21398,
    "sff": "1-week"
  },
  {
    "docID": "N068 Siebert, Stelzner et al. 2011",
    "et": "Age",
    "off": 24195,
    "sff": "5 days"
  },
  {
    "docID": "N068 Siebert, Stelzner et al. 2011",
    "et": "Age",
    "off": 22156,
    "sff": "1-week"
  },
  {
    "docID": "N068 Siebert, Stelzner et al. 2011",
    "et": "Age",
    "off": 23440,
    "sff": "2-week"
  },
  {
    "docID": "N068 Siebert, Stelzner et al. 2011",
    "et": "Age",
    "off": 34359,
    "sff": "7D"
  },
  {
    "docID": "N068 Siebert, Stelzner et al. 2011",
    "et": "Age",
    "off": 10121,
    "sff": "2 days"
  },
  {
    "docID": "N068 Siebert, Stelzner et al. 2011",
    "et": "Age",
    "off": 17063,
    "sff": "one week"
  },
  {
    "docID": "N068 Siebert, Stelzner et al. 2011",
    "et": "Age",
    "off": 25484,
    "sff": "2 weeks"
  },
  {
    "docID": "N068 Siebert, Stelzner et al. 2011",
    "et": "Age",
    "off": 23391,
    "sff": "1 week"
  },
  {
    "docID": "N068 Siebert, Stelzner et al. 2011",
    "et": "Age",
    "off": 34056,
    "sff": "2 weeks"
  },
  {
    "docID": "N068 Siebert, Stelzner et al. 2011",
    "et": "Age",
    "off": 30983,
    "sff": "2 weeks"
  },
  {
    "docID": "N068 Siebert, Stelzner et al. 2011",
    "et": "Age",
    "off": 21409,
    "sff": "2-weeks"
  },
  {
    "docID": "N068 Siebert, Stelzner et al. 2011",
    "et": "Age",
    "off": 16755,
    "sff": "5 days"
  },
  {
    "docID": "N068 Siebert, Stelzner et al. 2011",
    "et": "Age",
    "off": 34173,
    "sff": "2 weeks"
  },
  {
    "docID": "N068 Siebert, Stelzner et al. 2011",
    "et": "Age",
    "off": 9436,
    "sff": "1 week"
  },
  {
    "docID": "N068 Siebert, Stelzner et al. 2011",
    "et": "Age",
    "off": 23029,
    "sff": "1-week"
  },
  {
    "docID": "N068 Siebert, Stelzner et al. 2011",
    "et": "Age",
    "off": 46712,
    "sff": "2 weeks"
  },
  {
    "docID": "N068 Siebert, Stelzner et al. 2011",
    "et": "Age",
    "off": 31858,
    "sff": "2 weeks"
  },
  {
    "docID": "N068 Siebert, Stelzner et al. 2011",
    "et": "Age",
    "off": 19700,
    "sff": "2 weeks"
  },
  {
    "docID": "N068 Siebert, Stelzner et al. 2011",
    "et": "Age",
    "off": 33383,
    "sff": "1 week"
  },
  {
    "docID": "N068 Siebert, Stelzner et al. 2011",
    "et": "Age",
    "off": 37981,
    "sff": "9D"
  },
  {
    "docID": "N068 Siebert, Stelzner et al. 2011",
    "et": "Age",
    "off": 46942,
    "sff": "1month"
  },
  {
    "docID": "N068 Siebert, Stelzner et al. 2011",
    "et": "Age",
    "off": 19686,
    "sff": "5 days"
  }
]
