[
  {
    "docID": "N070 Tom, Houl",
    "et": "Weight",
    "off": 9709,
    "sff": "1G"
  },
  {
    "docID": "N070 Tom, Houl",
    "et": "Weight",
    "off": 3612,
    "sff": "225-250g"
  },
  {
    "docID": "N070 Tom, Houl",
    "et": "RatModel",
    "off": 18310,
    "sff": "rat"
  },
  {
    "docID": "N070 Tom, Houl",
    "et": "RatModel",
    "off": 17923,
    "sff": "rat"
  },
  {
    "docID": "N070 Tom, Houl",
    "et": "RatModel",
    "off": 16072,
    "sff": "rat"
  },
  {
    "docID": "N070 Tom, Houl",
    "et": "RatModel",
    "off": 16845,
    "sff": "rat"
  },
  {
    "docID": "N070 Tom, Houl",
    "et": "RabbitSpecies",
    "off": 4974,
    "sff": "rabbit"
  },
  {
    "docID": "N070 Tom, Houl",
    "et": "SpragueDawleyRat",
    "off": 3591,
    "sff": "Sprague-Dawley rats"
  },
  {
    "docID": "N070 Tom, Houl",
    "et": "SpragueDawleyRat",
    "off": 3591,
    "sff": "Sprague-Dawley"
  },
  {
    "docID": "N070 Tom, Houl",
    "et": "MouseModel",
    "off": 5062,
    "sff": "mouse"
  },
  {
    "docID": "N070 Tom, Houl",
    "et": "MouseModel",
    "off": 5032,
    "sff": "mouse"
  },
  {
    "docID": "N070 Tom, Houl",
    "et": "RabbitModel",
    "off": 4974,
    "sff": "rabbit"
  },
  {
    "docID": "N070 Tom, Houl",
    "et": "RatSpecies",
    "off": 17923,
    "sff": "rat"
  },
  {
    "docID": "N070 Tom, Houl",
    "et": "RatSpecies",
    "off": 18310,
    "sff": "rat"
  },
  {
    "docID": "N070 Tom, Houl",
    "et": "RatSpecies",
    "off": 16072,
    "sff": "rat"
  },
  {
    "docID": "N070 Tom, Houl",
    "et": "RatSpecies",
    "off": 16845,
    "sff": "rat"
  },
  {
    "docID": "N070 Tom, Houl",
    "et": "MouseSpecies",
    "off": 5032,
    "sff": "mouse"
  },
  {
    "docID": "N070 Tom, Houl",
    "et": "MouseSpecies",
    "off": 5062,
    "sff": "mouse"
  },
  {
    "docID": "N070 Tom, Houl",
    "et": "HartleyGuineaPig",
    "off": 15278,
    "sff": "Hartley"
  },
  {
    "docID": "N070 Tom, Houl",
    "et": "Adult",
    "off": 3578,
    "sff": "Adult"
  },
  {
    "docID": "N070 Tom, Houl",
    "et": "Adult",
    "off": 16992,
    "sff": "adult"
  },
  {
    "docID": "N070 Tom, Houl",
    "et": "Adult",
    "off": 19923,
    "sff": "adult"
  },
  {
    "docID": "N070 Tom, Houl",
    "et": "Adult",
    "off": 1749,
    "sff": "adult"
  },
  {
    "docID": "N070 Tom, Houl",
    "et": "Adult",
    "off": 16839,
    "sff": "adult"
  },
  {
    "docID": "N070 Tom, Houl",
    "et": "Adult",
    "off": 19717,
    "sff": "adult"
  },
  {
    "docID": "N070 Tom, Houl",
    "et": "Adult",
    "off": 18985,
    "sff": "adult"
  },
  {
    "docID": "N070 Tom, Houl",
    "et": "Adult",
    "off": 16783,
    "sff": "adult"
  },
  {
    "docID": "N070 Tom, Houl",
    "et": "Adult",
    "off": 6302,
    "sff": "adult"
  },
  {
    "docID": "N070 Tom, Houl",
    "et": "Adult",
    "off": 17917,
    "sff": "adult"
  },
  {
    "docID": "N070 Tom, Houl",
    "et": "Female",
    "off": 3584,
    "sff": "female"
  },
  {
    "docID": "N070 Tom, Houl",
    "et": "Age",
    "off": 4521,
    "sff": "Five days"
  },
  {
    "docID": "N070 Tom, Houl",
    "et": "Age",
    "off": 7271,
    "sff": "four days"
  },
  {
    "docID": "N070 Tom, Houl",
    "et": "Age",
    "off": 7646,
    "sff": "3 weeks"
  },
  {
    "docID": "N070 Tom, Houl",
    "et": "Age",
    "off": 21053,
    "sff": "5 days"
  },
  {
    "docID": "N070 Tom, Houl",
    "et": "Age",
    "off": 8903,
    "sff": "Five days"
  },
  {
    "docID": "N070 Tom, Houl",
    "et": "Age",
    "off": 9464,
    "sff": "1D"
  },
  {
    "docID": "N070 Tom, Houl",
    "et": "Age",
    "off": 12627,
    "sff": "5-day"
  },
  {
    "docID": "N070 Tom, Houl",
    "et": "Age",
    "off": 7903,
    "sff": "Two days"
  },
  {
    "docID": "N070 Tom, Houl",
    "et": "Age",
    "off": 9568,
    "sff": "1D"
  },
  {
    "docID": "N070 Tom, Houl",
    "et": "Age",
    "off": 4393,
    "sff": "four days"
  },
  {
    "docID": "N070 Tom, Houl",
    "et": "Age",
    "off": 7032,
    "sff": "Two weeks"
  }
]
