[
  {
    "docID": "N071 Tom, Kadakia et al. 2009 ",
    "et": "Weight",
    "off": 6728,
    "sff": "10mg"
  },
  {
    "docID": "N071 Tom, Kadakia et al. 2009 ",
    "et": "Weight",
    "off": 7703,
    "sff": "0.1mg"
  },
  {
    "docID": "N071 Tom, Kadakia et al. 2009 ",
    "et": "Weight",
    "off": 6705,
    "sff": "60mg"
  },
  {
    "docID": "N071 Tom, Kadakia et al. 2009 ",
    "et": "Weight",
    "off": 5174,
    "sff": "225–250 g"
  },
  {
    "docID": "N071 Tom, Kadakia et al. 2009 ",
    "et": "Weight",
    "off": 7674,
    "sff": "200mg"
  },
  {
    "docID": "N071 Tom, Kadakia et al. 2009 ",
    "et": "RatModel",
    "off": 31298,
    "sff": "rat"
  },
  {
    "docID": "N071 Tom, Kadakia et al. 2009 ",
    "et": "RatModel",
    "off": 31519,
    "sff": "rat"
  },
  {
    "docID": "N071 Tom, Kadakia et al. 2009 ",
    "et": "RatModel",
    "off": 33805,
    "sff": "rat"
  },
  {
    "docID": "N071 Tom, Kadakia et al. 2009 ",
    "et": "RatModel",
    "off": 31852,
    "sff": "rat"
  },
  {
    "docID": "N071 Tom, Kadakia et al. 2009 ",
    "et": "RatModel",
    "off": 32059,
    "sff": "rat"
  },
  {
    "docID": "N071 Tom, Kadakia et al. 2009 ",
    "et": "NewZealandRabbit",
    "off": 30215,
    "sff": "new"
  },
  {
    "docID": "N071 Tom, Kadakia et al. 2009 ",
    "et": "NewZealandRabbit",
    "off": 8235,
    "sff": "new"
  },
  {
    "docID": "N071 Tom, Kadakia et al. 2009 ",
    "et": "RabbitSpecies",
    "off": 10367,
    "sff": "rabbit"
  },
  {
    "docID": "N071 Tom, Kadakia et al. 2009 ",
    "et": "RabbitSpecies",
    "off": 10409,
    "sff": "rabbit"
  },
  {
    "docID": "N071 Tom, Kadakia et al. 2009 ",
    "et": "SpragueDawleyRat",
    "off": 5153,
    "sff": "Sprague-Dawley rats"
  },
  {
    "docID": "N071 Tom, Kadakia et al. 2009 ",
    "et": "SpragueDawleyRat",
    "off": 5153,
    "sff": "Sprague-Dawley"
  },
  {
    "docID": "N071 Tom, Kadakia et al. 2009 ",
    "et": "SpragueDawleyRat",
    "off": 6560,
    "sff": "Sprague-Dawley"
  },
  {
    "docID": "N071 Tom, Kadakia et al. 2009 ",
    "et": "SpragueDawleyRat",
    "off": 6560,
    "sff": "Sprague-Dawley rats"
  },
  {
    "docID": "N071 Tom, Kadakia et al. 2009 ",
    "et": "MouseModel",
    "off": 10460,
    "sff": "mouse"
  },
  {
    "docID": "N071 Tom, Kadakia et al. 2009 ",
    "et": "RabbitModel",
    "off": 10367,
    "sff": "rabbit"
  },
  {
    "docID": "N071 Tom, Kadakia et al. 2009 ",
    "et": "RabbitModel",
    "off": 10409,
    "sff": "rabbit"
  },
  {
    "docID": "N071 Tom, Kadakia et al. 2009 ",
    "et": "RatSpecies",
    "off": 31852,
    "sff": "rat"
  },
  {
    "docID": "N071 Tom, Kadakia et al. 2009 ",
    "et": "RatSpecies",
    "off": 32059,
    "sff": "rat"
  },
  {
    "docID": "N071 Tom, Kadakia et al. 2009 ",
    "et": "RatSpecies",
    "off": 31298,
    "sff": "rat"
  },
  {
    "docID": "N071 Tom, Kadakia et al. 2009 ",
    "et": "RatSpecies",
    "off": 33805,
    "sff": "rat"
  },
  {
    "docID": "N071 Tom, Kadakia et al. 2009 ",
    "et": "RatSpecies",
    "off": 31519,
    "sff": "rat"
  },
  {
    "docID": "N071 Tom, Kadakia et al. 2009 ",
    "et": "MouseSpecies",
    "off": 10460,
    "sff": "mouse"
  },
  {
    "docID": "N071 Tom, Kadakia et al. 2009 ",
    "et": "HartleyGuineaPig",
    "off": 30324,
    "sff": "Hartley"
  },
  {
    "docID": "N071 Tom, Kadakia et al. 2009 ",
    "et": "Adult",
    "off": 2617,
    "sff": "mature"
  },
  {
    "docID": "N071 Tom, Kadakia et al. 2009 ",
    "et": "Adult",
    "off": 2940,
    "sff": "mature"
  },
  {
    "docID": "N071 Tom, Kadakia et al. 2009 ",
    "et": "Adult",
    "off": 5140,
    "sff": "adult"
  },
  {
    "docID": "N071 Tom, Kadakia et al. 2009 ",
    "et": "Adult",
    "off": 32053,
    "sff": "adult"
  },
  {
    "docID": "N071 Tom, Kadakia et al. 2009 ",
    "et": "Adult",
    "off": 2547,
    "sff": "adult"
  },
  {
    "docID": "N071 Tom, Kadakia et al. 2009 ",
    "et": "Adult",
    "off": 6547,
    "sff": "adult"
  },
  {
    "docID": "N071 Tom, Kadakia et al. 2009 ",
    "et": "Adult",
    "off": 34483,
    "sff": "adult"
  },
  {
    "docID": "N071 Tom, Kadakia et al. 2009 ",
    "et": "Adult",
    "off": 3040,
    "sff": "adult"
  },
  {
    "docID": "N071 Tom, Kadakia et al. 2009 ",
    "et": "Adult",
    "off": 30242,
    "sff": "adult"
  },
  {
    "docID": "N071 Tom, Kadakia et al. 2009 ",
    "et": "Adult",
    "off": 3234,
    "sff": "adult"
  },
  {
    "docID": "N071 Tom, Kadakia et al. 2009 ",
    "et": "Adult",
    "off": 31292,
    "sff": "adult"
  },
  {
    "docID": "N071 Tom, Kadakia et al. 2009 ",
    "et": "Adult",
    "off": 33799,
    "sff": "adult"
  },
  {
    "docID": "N071 Tom, Kadakia et al. 2009 ",
    "et": "Adult",
    "off": 31846,
    "sff": "adult"
  },
  {
    "docID": "N071 Tom, Kadakia et al. 2009 ",
    "et": "Adult",
    "off": 28847,
    "sff": "adult"
  },
  {
    "docID": "N071 Tom, Kadakia et al. 2009 ",
    "et": "Adult",
    "off": 34959,
    "sff": "adult"
  },
  {
    "docID": "N071 Tom, Kadakia et al. 2009 ",
    "et": "LongEvansRat",
    "off": 35298,
    "sff": "Long"
  },
  {
    "docID": "N071 Tom, Kadakia et al. 2009 ",
    "et": "LongEvansRat",
    "off": 23131,
    "sff": "long"
  },
  {
    "docID": "N071 Tom, Kadakia et al. 2009 ",
    "et": "Female",
    "off": 5146,
    "sff": "female"
  },
  {
    "docID": "N071 Tom, Kadakia et al. 2009 ",
    "et": "Female",
    "off": 6553,
    "sff": "female"
  },
  {
    "docID": "N071 Tom, Kadakia et al. 2009 ",
    "et": "Age",
    "off": 15469,
    "sff": "6 weeks"
  },
  {
    "docID": "N071 Tom, Kadakia et al. 2009 ",
    "et": "Age",
    "off": 16840,
    "sff": "2 weeks"
  },
  {
    "docID": "N071 Tom, Kadakia et al. 2009 ",
    "et": "Age",
    "off": 7846,
    "sff": "Six weeks"
  },
  {
    "docID": "N071 Tom, Kadakia et al. 2009 ",
    "et": "Age",
    "off": 11387,
    "sff": "6 weeks"
  },
  {
    "docID": "N071 Tom, Kadakia et al. 2009 ",
    "et": "Age",
    "off": 13499,
    "sff": "1D"
  },
  {
    "docID": "N071 Tom, Kadakia et al. 2009 ",
    "et": "Age",
    "off": 14532,
    "sff": "2D"
  },
  {
    "docID": "N071 Tom, Kadakia et al. 2009 ",
    "et": "Age",
    "off": 8318,
    "sff": "2–3 days"
  },
  {
    "docID": "N071 Tom, Kadakia et al. 2009 ",
    "et": "Age",
    "off": 12626,
    "sff": "10 days"
  },
  {
    "docID": "N071 Tom, Kadakia et al. 2009 ",
    "et": "Age",
    "off": 14105,
    "sff": "Six weeks"
  },
  {
    "docID": "N071 Tom, Kadakia et al. 2009 ",
    "et": "Age",
    "off": 15778,
    "sff": "3D"
  },
  {
    "docID": "N071 Tom, Kadakia et al. 2009 ",
    "et": "Age",
    "off": 8387,
    "sff": "6 weeks"
  },
  {
    "docID": "N071 Tom, Kadakia et al. 2009 ",
    "et": "Age",
    "off": 13347,
    "sff": "Ten days"
  },
  {
    "docID": "N071 Tom, Kadakia et al. 2009 ",
    "et": "Age",
    "off": 18792,
    "sff": "6 weeks"
  },
  {
    "docID": "N071 Tom, Kadakia et al. 2009 ",
    "et": "Age",
    "off": 14578,
    "sff": "Six weeks"
  },
  {
    "docID": "N071 Tom, Kadakia et al. 2009 ",
    "et": "Age",
    "off": 8255,
    "sff": "1 week"
  },
  {
    "docID": "N071 Tom, Kadakia et al. 2009 ",
    "et": "Age",
    "off": 16649,
    "sff": "Two to three days"
  }
]
