[
  {
    "docID": "N072 Tom, Sandrow-Feinberg et al. 2009",
    "et": "RatModel",
    "off": 57557,
    "sff": "rat"
  },
  {
    "docID": "N072 Tom, Sandrow-Feinberg et al. 2009",
    "et": "RatModel",
    "off": 54966,
    "sff": "rat"
  },
  {
    "docID": "N072 Tom, Sandrow-Feinberg et al. 2009",
    "et": "RatModel",
    "off": 64445,
    "sff": "rat"
  },
  {
    "docID": "N072 Tom, Sandrow-Feinberg et al. 2009",
    "et": "RatModel",
    "off": 53956,
    "sff": "rat"
  },
  {
    "docID": "N072 Tom, Sandrow-Feinberg et al. 2009",
    "et": "RatModel",
    "off": 53634,
    "sff": "rat"
  },
  {
    "docID": "N072 Tom, Sandrow-Feinberg et al. 2009",
    "et": "RatModel",
    "off": 55976,
    "sff": "rat"
  },
  {
    "docID": "N072 Tom, Sandrow-Feinberg et al. 2009",
    "et": "RatModel",
    "off": 58149,
    "sff": "rat"
  },
  {
    "docID": "N072 Tom, Sandrow-Feinberg et al. 2009",
    "et": "RatModel",
    "off": 14509,
    "sff": "rat"
  },
  {
    "docID": "N072 Tom, Sandrow-Feinberg et al. 2009",
    "et": "RatModel",
    "off": 55245,
    "sff": "rat"
  },
  {
    "docID": "N072 Tom, Sandrow-Feinberg et al. 2009",
    "et": "RatModel",
    "off": 59950,
    "sff": "rat"
  },
  {
    "docID": "N072 Tom, Sandrow-Feinberg et al. 2009",
    "et": "RatModel",
    "off": 11249,
    "sff": "rat"
  },
  {
    "docID": "N072 Tom, Sandrow-Feinberg et al. 2009",
    "et": "RatModel",
    "off": 55665,
    "sff": "rat"
  },
  {
    "docID": "N072 Tom, Sandrow-Feinberg et al. 2009",
    "et": "RatModel",
    "off": 60849,
    "sff": "rat"
  },
  {
    "docID": "N072 Tom, Sandrow-Feinberg et al. 2009",
    "et": "NewZealandRabbit",
    "off": 28771,
    "sff": "new"
  },
  {
    "docID": "N072 Tom, Sandrow-Feinberg et al. 2009",
    "et": "NewZealandRabbit",
    "off": 52697,
    "sff": "new"
  },
  {
    "docID": "N072 Tom, Sandrow-Feinberg et al. 2009",
    "et": "SpragueDawleyRat",
    "off": 6595,
    "sff": "Sprague Dawley rats"
  },
  {
    "docID": "N072 Tom, Sandrow-Feinberg et al. 2009",
    "et": "SpragueDawleyRat",
    "off": 6595,
    "sff": "Sprague Dawley"
  },
  {
    "docID": "N072 Tom, Sandrow-Feinberg et al. 2009",
    "et": "RatSpecies",
    "off": 64445,
    "sff": "rat"
  },
  {
    "docID": "N072 Tom, Sandrow-Feinberg et al. 2009",
    "et": "RatSpecies",
    "off": 53634,
    "sff": "rat"
  },
  {
    "docID": "N072 Tom, Sandrow-Feinberg et al. 2009",
    "et": "RatSpecies",
    "off": 58149,
    "sff": "rat"
  },
  {
    "docID": "N072 Tom, Sandrow-Feinberg et al. 2009",
    "et": "RatSpecies",
    "off": 53956,
    "sff": "rat"
  },
  {
    "docID": "N072 Tom, Sandrow-Feinberg et al. 2009",
    "et": "RatSpecies",
    "off": 55976,
    "sff": "rat"
  },
  {
    "docID": "N072 Tom, Sandrow-Feinberg et al. 2009",
    "et": "RatSpecies",
    "off": 55245,
    "sff": "rat"
  },
  {
    "docID": "N072 Tom, Sandrow-Feinberg et al. 2009",
    "et": "RatSpecies",
    "off": 14509,
    "sff": "rat"
  },
  {
    "docID": "N072 Tom, Sandrow-Feinberg et al. 2009",
    "et": "RatSpecies",
    "off": 59950,
    "sff": "rat"
  },
  {
    "docID": "N072 Tom, Sandrow-Feinberg et al. 2009",
    "et": "RatSpecies",
    "off": 55665,
    "sff": "rat"
  },
  {
    "docID": "N072 Tom, Sandrow-Feinberg et al. 2009",
    "et": "RatSpecies",
    "off": 60849,
    "sff": "rat"
  },
  {
    "docID": "N072 Tom, Sandrow-Feinberg et al. 2009",
    "et": "RatSpecies",
    "off": 11249,
    "sff": "rat"
  },
  {
    "docID": "N072 Tom, Sandrow-Feinberg et al. 2009",
    "et": "RatSpecies",
    "off": 57557,
    "sff": "rat"
  },
  {
    "docID": "N072 Tom, Sandrow-Feinberg et al. 2009",
    "et": "RatSpecies",
    "off": 54966,
    "sff": "rat"
  },
  {
    "docID": "N072 Tom, Sandrow-Feinberg et al. 2009",
    "et": "FischerRat",
    "off": 58600,
    "sff": "Fischer"
  },
  {
    "docID": "N072 Tom, Sandrow-Feinberg et al. 2009",
    "et": "FischerRat",
    "off": 63647,
    "sff": "Fischer"
  },
  {
    "docID": "N072 Tom, Sandrow-Feinberg et al. 2009",
    "et": "Adult",
    "off": 2822,
    "sff": "adult"
  },
  {
    "docID": "N072 Tom, Sandrow-Feinberg et al. 2009",
    "et": "Adult",
    "off": 55239,
    "sff": "adult"
  },
  {
    "docID": "N072 Tom, Sandrow-Feinberg et al. 2009",
    "et": "Adult",
    "off": 53257,
    "sff": "mature"
  },
  {
    "docID": "N072 Tom, Sandrow-Feinberg et al. 2009",
    "et": "Adult",
    "off": 2984,
    "sff": "adult"
  },
  {
    "docID": "N072 Tom, Sandrow-Feinberg et al. 2009",
    "et": "Adult",
    "off": 54904,
    "sff": "adult"
  },
  {
    "docID": "N072 Tom, Sandrow-Feinberg et al. 2009",
    "et": "Adult",
    "off": 55659,
    "sff": "adult"
  },
  {
    "docID": "N072 Tom, Sandrow-Feinberg et al. 2009",
    "et": "Adult",
    "off": 57551,
    "sff": "adult"
  },
  {
    "docID": "N072 Tom, Sandrow-Feinberg et al. 2009",
    "et": "Adult",
    "off": 53950,
    "sff": "adult"
  },
  {
    "docID": "N072 Tom, Sandrow-Feinberg et al. 2009",
    "et": "Adult",
    "off": 54960,
    "sff": "adult"
  },
  {
    "docID": "N072 Tom, Sandrow-Feinberg et al. 2009",
    "et": "Adult",
    "off": 52724,
    "sff": "adult"
  },
  {
    "docID": "N072 Tom, Sandrow-Feinberg et al. 2009",
    "et": "LongEvansRat",
    "off": 9980,
    "sff": "long"
  },
  {
    "docID": "N072 Tom, Sandrow-Feinberg et al. 2009",
    "et": "LongEvansRat",
    "off": 61550,
    "sff": "Long"
  },
  {
    "docID": "N072 Tom, Sandrow-Feinberg et al. 2009",
    "et": "LongEvansRat",
    "off": 60824,
    "sff": "long"
  },
  {
    "docID": "N072 Tom, Sandrow-Feinberg et al. 2009",
    "et": "Female",
    "off": 6588,
    "sff": "female"
  },
  {
    "docID": "N072 Tom, Sandrow-Feinberg et al. 2009",
    "et": "Age",
    "off": 30720,
    "sff": "7 weeks"
  },
  {
    "docID": "N072 Tom, Sandrow-Feinberg et al. 2009",
    "et": "Age",
    "off": 28918,
    "sff": "2-month-old"
  },
  {
    "docID": "N072 Tom, Sandrow-Feinberg et al. 2009",
    "et": "Age",
    "off": 8857,
    "sff": "Eight weeks"
  },
  {
    "docID": "N072 Tom, Sandrow-Feinberg et al. 2009",
    "et": "Age",
    "off": 31762,
    "sff": "7 week"
  },
  {
    "docID": "N072 Tom, Sandrow-Feinberg et al. 2009",
    "et": "Age",
    "off": 29310,
    "sff": "3 d"
  },
  {
    "docID": "N072 Tom, Sandrow-Feinberg et al. 2009",
    "et": "Age",
    "off": 68676,
    "sff": "7 weeks"
  },
  {
    "docID": "N072 Tom, Sandrow-Feinberg et al. 2009",
    "et": "Age",
    "off": 42948,
    "sff": "2-month-old"
  },
  {
    "docID": "N072 Tom, Sandrow-Feinberg et al. 2009",
    "et": "Age",
    "off": 13446,
    "sff": "8 weeks"
  },
  {
    "docID": "N072 Tom, Sandrow-Feinberg et al. 2009",
    "et": "Age",
    "off": 32745,
    "sff": "1 to 4 weeks"
  },
  {
    "docID": "N072 Tom, Sandrow-Feinberg et al. 2009",
    "et": "Age",
    "off": 66132,
    "sff": "3 d"
  },
  {
    "docID": "N072 Tom, Sandrow-Feinberg et al. 2009",
    "et": "Age",
    "off": 6274,
    "sff": "2 weeks"
  },
  {
    "docID": "N072 Tom, Sandrow-Feinberg et al. 2009",
    "et": "Age",
    "off": 36106,
    "sff": "2-month-old"
  },
  {
    "docID": "N072 Tom, Sandrow-Feinberg et al. 2009",
    "et": "Age",
    "off": 11671,
    "sff": "Three weeks"
  },
  {
    "docID": "N072 Tom, Sandrow-Feinberg et al. 2009",
    "et": "Age",
    "off": 19343,
    "sff": "3 d"
  },
  {
    "docID": "N072 Tom, Sandrow-Feinberg et al. 2009",
    "et": "Age",
    "off": 30563,
    "sff": "Two days"
  },
  {
    "docID": "N072 Tom, Sandrow-Feinberg et al. 2009",
    "et": "Age",
    "off": 10467,
    "sff": "One week"
  },
  {
    "docID": "N072 Tom, Sandrow-Feinberg et al. 2009",
    "et": "Age",
    "off": 31524,
    "sff": "One week"
  },
  {
    "docID": "N072 Tom, Sandrow-Feinberg et al. 2009",
    "et": "Age",
    "off": 8152,
    "sff": "3 d"
  },
  {
    "docID": "N072 Tom, Sandrow-Feinberg et al. 2009",
    "et": "Age",
    "off": 6233,
    "sff": "3 d"
  },
  {
    "docID": "N072 Tom, Sandrow-Feinberg et al. 2009",
    "et": "Age",
    "off": 8543,
    "sff": "One week"
  },
  {
    "docID": "N072 Tom, Sandrow-Feinberg et al. 2009",
    "et": "Age",
    "off": 16442,
    "sff": "Three days"
  },
  {
    "docID": "N072 Tom, Sandrow-Feinberg et al. 2009",
    "et": "Age",
    "off": 13098,
    "sff": "1 week"
  },
  {
    "docID": "N072 Tom, Sandrow-Feinberg et al. 2009",
    "et": "Age",
    "off": 31780,
    "sff": "8 weeks"
  },
  {
    "docID": "N072 Tom, Sandrow-Feinberg et al. 2009",
    "et": "Age",
    "off": 34656,
    "sff": "7 weeks"
  },
  {
    "docID": "N072 Tom, Sandrow-Feinberg et al. 2009",
    "et": "Age",
    "off": 12578,
    "sff": "3 d"
  },
  {
    "docID": "N072 Tom, Sandrow-Feinberg et al. 2009",
    "et": "Age",
    "off": 10811,
    "sff": "Eight weeks"
  },
  {
    "docID": "N072 Tom, Sandrow-Feinberg et al. 2009",
    "et": "Age",
    "off": 29735,
    "sff": "2d"
  },
  {
    "docID": "N072 Tom, Sandrow-Feinberg et al. 2009",
    "et": "Age",
    "off": 38636,
    "sff": "6d"
  },
  {
    "docID": "N072 Tom, Sandrow-Feinberg et al. 2009",
    "et": "Age",
    "off": 34235,
    "sff": "1d"
  },
  {
    "docID": "N072 Tom, Sandrow-Feinberg et al. 2009",
    "et": "Age",
    "off": 24488,
    "sff": "7 weeks"
  },
  {
    "docID": "N072 Tom, Sandrow-Feinberg et al. 2009",
    "et": "Age",
    "off": 30754,
    "sff": "1 week"
  },
  {
    "docID": "N072 Tom, Sandrow-Feinberg et al. 2009",
    "et": "Age",
    "off": 22253,
    "sff": "3 d"
  },
  {
    "docID": "N072 Tom, Sandrow-Feinberg et al. 2009",
    "et": "Age",
    "off": 7535,
    "sff": "Four weeks"
  },
  {
    "docID": "N072 Tom, Sandrow-Feinberg et al. 2009",
    "et": "Age",
    "off": 31111,
    "sff": "2-monthold"
  },
  {
    "docID": "N072 Tom, Sandrow-Feinberg et al. 2009",
    "et": "Age",
    "off": 38966,
    "sff": "6d"
  },
  {
    "docID": "N072 Tom, Sandrow-Feinberg et al. 2009",
    "et": "Age",
    "off": 16839,
    "sff": "2 d"
  },
  {
    "docID": "N072 Tom, Sandrow-Feinberg et al. 2009",
    "et": "Age",
    "off": 28816,
    "sff": "1 month"
  },
  {
    "docID": "N072 Tom, Sandrow-Feinberg et al. 2009",
    "et": "Age",
    "off": 17051,
    "sff": "1 d"
  },
  {
    "docID": "N072 Tom, Sandrow-Feinberg et al. 2009",
    "et": "Age",
    "off": 34808,
    "sff": "4d"
  },
  {
    "docID": "N072 Tom, Sandrow-Feinberg et al. 2009",
    "et": "Age",
    "off": 34617,
    "sff": "4d"
  },
  {
    "docID": "N072 Tom, Sandrow-Feinberg et al. 2009",
    "et": "Age",
    "off": 13326,
    "sff": "2 d"
  },
  {
    "docID": "N072 Tom, Sandrow-Feinberg et al. 2009",
    "et": "Age",
    "off": 3920,
    "sff": "4 weeks"
  },
  {
    "docID": "N072 Tom, Sandrow-Feinberg et al. 2009",
    "et": "Age",
    "off": 32454,
    "sff": "2 d"
  },
  {
    "docID": "N072 Tom, Sandrow-Feinberg et al. 2009",
    "et": "Age",
    "off": 36361,
    "sff": "2 months"
  }
]
