[
  {
    "docID": "N075 Amemori 2010",
    "et": "Weight",
    "off": 5543,
    "sff": "270–300 g"
  },
  {
    "docID": "N075 Amemori 2010",
    "et": "RatModel",
    "off": 13406,
    "sff": "rat"
  },
  {
    "docID": "N075 Amemori 2010",
    "et": "RatModel",
    "off": 45102,
    "sff": "rat"
  },
  {
    "docID": "N075 Amemori 2010",
    "et": "RatModel",
    "off": 46542,
    "sff": "rat"
  },
  {
    "docID": "N075 Amemori 2010",
    "et": "RatModel",
    "off": 53706,
    "sff": "rat"
  },
  {
    "docID": "N075 Amemori 2010",
    "et": "RatModel",
    "off": 48091,
    "sff": "rat"
  },
  {
    "docID": "N075 Amemori 2010",
    "et": "RatModel",
    "off": 54107,
    "sff": "rat"
  },
  {
    "docID": "N075 Amemori 2010",
    "et": "RatModel",
    "off": 46360,
    "sff": "rat"
  },
  {
    "docID": "N075 Amemori 2010",
    "et": "RatModel",
    "off": 43060,
    "sff": "rat"
  },
  {
    "docID": "N075 Amemori 2010",
    "et": "RatModel",
    "off": 146,
    "sff": "rat"
  },
  {
    "docID": "N075 Amemori 2010",
    "et": "RatModel",
    "off": 52005,
    "sff": "rat"
  },
  {
    "docID": "N075 Amemori 2010",
    "et": "NewZealandRabbit",
    "off": 51621,
    "sff": "new"
  },
  {
    "docID": "N075 Amemori 2010",
    "et": "NewZealandRabbit",
    "off": 51943,
    "sff": "new"
  },
  {
    "docID": "N075 Amemori 2010",
    "et": "NewZealandRabbit",
    "off": 32008,
    "sff": "new"
  },
  {
    "docID": "N075 Amemori 2010",
    "et": "NewZealandRabbit",
    "off": 46472,
    "sff": "new"
  },
  {
    "docID": "N075 Amemori 2010",
    "et": "NewZealandRabbit",
    "off": 49337,
    "sff": "new"
  },
  {
    "docID": "N075 Amemori 2010",
    "et": "NewZealandRabbit",
    "off": 31869,
    "sff": "new"
  },
  {
    "docID": "N075 Amemori 2010",
    "et": "NewZealandRabbit",
    "off": 53072,
    "sff": "New"
  },
  {
    "docID": "N075 Amemori 2010",
    "et": "RabbitSpecies",
    "off": 7915,
    "sff": "rabbit"
  },
  {
    "docID": "N075 Amemori 2010",
    "et": "SpragueDawleyRat",
    "off": 10853,
    "sff": "Sprague–Dawley rats"
  },
  {
    "docID": "N075 Amemori 2010",
    "et": "SpragueDawleyRat",
    "off": 10853,
    "sff": "Sprague–Dawley"
  },
  {
    "docID": "N075 Amemori 2010",
    "et": "MouseModel",
    "off": 7814,
    "sff": "mouse"
  },
  {
    "docID": "N075 Amemori 2010",
    "et": "RabbitModel",
    "off": 7915,
    "sff": "rabbit"
  },
  {
    "docID": "N075 Amemori 2010",
    "et": "WistarRat",
    "off": 8352,
    "sff": "Wistar rats"
  },
  {
    "docID": "N075 Amemori 2010",
    "et": "WistarRat",
    "off": 6968,
    "sff": "Wistar"
  },
  {
    "docID": "N075 Amemori 2010",
    "et": "WistarRat",
    "off": 6968,
    "sff": "Wistar rats"
  },
  {
    "docID": "N075 Amemori 2010",
    "et": "WistarRat",
    "off": 5522,
    "sff": "Wistar rats"
  },
  {
    "docID": "N075 Amemori 2010",
    "et": "WistarRat",
    "off": 5522,
    "sff": "Wistar"
  },
  {
    "docID": "N075 Amemori 2010",
    "et": "WistarRat",
    "off": 8352,
    "sff": "Wistar"
  },
  {
    "docID": "N075 Amemori 2010",
    "et": "RatSpecies",
    "off": 43060,
    "sff": "rat"
  },
  {
    "docID": "N075 Amemori 2010",
    "et": "RatSpecies",
    "off": 13406,
    "sff": "rat"
  },
  {
    "docID": "N075 Amemori 2010",
    "et": "RatSpecies",
    "off": 45102,
    "sff": "rat"
  },
  {
    "docID": "N075 Amemori 2010",
    "et": "RatSpecies",
    "off": 46542,
    "sff": "rat"
  },
  {
    "docID": "N075 Amemori 2010",
    "et": "RatSpecies",
    "off": 146,
    "sff": "rat"
  },
  {
    "docID": "N075 Amemori 2010",
    "et": "RatSpecies",
    "off": 53706,
    "sff": "rat"
  },
  {
    "docID": "N075 Amemori 2010",
    "et": "RatSpecies",
    "off": 48091,
    "sff": "rat"
  },
  {
    "docID": "N075 Amemori 2010",
    "et": "RatSpecies",
    "off": 54107,
    "sff": "rat"
  },
  {
    "docID": "N075 Amemori 2010",
    "et": "RatSpecies",
    "off": 52005,
    "sff": "rat"
  },
  {
    "docID": "N075 Amemori 2010",
    "et": "RatSpecies",
    "off": 46360,
    "sff": "rat"
  },
  {
    "docID": "N075 Amemori 2010",
    "et": "Male",
    "off": 5517,
    "sff": "male"
  },
  {
    "docID": "N075 Amemori 2010",
    "et": "MouseSpecies",
    "off": 7814,
    "sff": "mouse"
  },
  {
    "docID": "N075 Amemori 2010",
    "et": "Adult",
    "off": 54288,
    "sff": "adult"
  },
  {
    "docID": "N075 Amemori 2010",
    "et": "Adult",
    "off": 5511,
    "sff": "Adult"
  },
  {
    "docID": "N075 Amemori 2010",
    "et": "Adult",
    "off": 51649,
    "sff": "adult"
  },
  {
    "docID": "N075 Amemori 2010",
    "et": "Adult",
    "off": 43054,
    "sff": "adult"
  },
  {
    "docID": "N075 Amemori 2010",
    "et": "Adult",
    "off": 54713,
    "sff": "adult"
  },
  {
    "docID": "N075 Amemori 2010",
    "et": "Adult",
    "off": 43318,
    "sff": "adult"
  },
  {
    "docID": "N075 Amemori 2010",
    "et": "Adult",
    "off": 44462,
    "sff": "Adult"
  },
  {
    "docID": "N075 Amemori 2010",
    "et": "Adult",
    "off": 48085,
    "sff": "adult"
  },
  {
    "docID": "N075 Amemori 2010",
    "et": "LongEvansRat",
    "off": 26084,
    "sff": "long"
  },
  {
    "docID": "N075 Amemori 2010",
    "et": "LongEvansRat",
    "off": 15254,
    "sff": "long"
  },
  {
    "docID": "N075 Amemori 2010",
    "et": "LongEvansRat",
    "off": 17701,
    "sff": "long"
  },
  {
    "docID": "N075 Amemori 2010",
    "et": "LongEvansRat",
    "off": 14584,
    "sff": "long"
  },
  {
    "docID": "N075 Amemori 2010",
    "et": "LongEvansRat",
    "off": 18410,
    "sff": "long"
  },
  {
    "docID": "N075 Amemori 2010",
    "et": "LongEvansRat",
    "off": 27610,
    "sff": "long"
  },
  {
    "docID": "N075 Amemori 2010",
    "et": "LongEvansRat",
    "off": 17550,
    "sff": "long"
  },
  {
    "docID": "N075 Amemori 2010",
    "et": "LongEvansRat",
    "off": 25777,
    "sff": "long"
  },
  {
    "docID": "N075 Amemori 2010",
    "et": "LongEvansRat",
    "off": 27265,
    "sff": "long"
  },
  {
    "docID": "N075 Amemori 2010",
    "et": "Age",
    "off": 24018,
    "sff": "1 week"
  },
  {
    "docID": "N075 Amemori 2010",
    "et": "Age",
    "off": 17138,
    "sff": "1-week"
  },
  {
    "docID": "N075 Amemori 2010",
    "et": "Age",
    "off": 14554,
    "sff": "1 week"
  },
  {
    "docID": "N075 Amemori 2010",
    "et": "Age",
    "off": 19912,
    "sff": "4 weeks"
  },
  {
    "docID": "N075 Amemori 2010",
    "et": "Age",
    "off": 21593,
    "sff": "9 weeks"
  },
  {
    "docID": "N075 Amemori 2010",
    "et": "Age",
    "off": 32747,
    "sff": "1-month"
  },
  {
    "docID": "N075 Amemori 2010",
    "et": "Age",
    "off": 6957,
    "sff": "4-week-old"
  },
  {
    "docID": "N075 Amemori 2010",
    "et": "Age",
    "off": 17373,
    "sff": "1 week"
  },
  {
    "docID": "N075 Amemori 2010",
    "et": "Age",
    "off": 23062,
    "sff": "6 weeks"
  },
  {
    "docID": "N075 Amemori 2010",
    "et": "Age",
    "off": 16405,
    "sff": "7 weeks"
  },
  {
    "docID": "N075 Amemori 2010",
    "et": "Age",
    "off": 20171,
    "sff": "One week"
  },
  {
    "docID": "N075 Amemori 2010",
    "et": "Age",
    "off": 25471,
    "sff": "8 weeks"
  },
  {
    "docID": "N075 Amemori 2010",
    "et": "Age",
    "off": 24048,
    "sff": "2 weeks"
  },
  {
    "docID": "N075 Amemori 2010",
    "et": "Age",
    "off": 13871,
    "sff": "Two weeks"
  },
  {
    "docID": "N075 Amemori 2010",
    "et": "Age",
    "off": 20112,
    "sff": "6 weeks"
  },
  {
    "docID": "N075 Amemori 2010",
    "et": "Age",
    "off": 36704,
    "sff": "3 weeks"
  },
  {
    "docID": "N075 Amemori 2010",
    "et": "Age",
    "off": 23333,
    "sff": "6 weeks"
  },
  {
    "docID": "N075 Amemori 2010",
    "et": "Age",
    "off": 8341,
    "sff": "4-week-old"
  },
  {
    "docID": "N075 Amemori 2010",
    "et": "Age",
    "off": 35707,
    "sff": "7 days"
  },
  {
    "docID": "N075 Amemori 2010",
    "et": "Age",
    "off": 29070,
    "sff": "3–4 weeks"
  },
  {
    "docID": "N075 Amemori 2010",
    "et": "Age",
    "off": 20192,
    "sff": "7 weeks"
  },
  {
    "docID": "N075 Amemori 2010",
    "et": "Age",
    "off": 24939,
    "sff": "5 weeks"
  },
  {
    "docID": "N075 Amemori 2010",
    "et": "Age",
    "off": 1079,
    "sff": "1 week"
  },
  {
    "docID": "N075 Amemori 2010",
    "et": "Age",
    "off": 22463,
    "sff": "2 weeks to 6 weeks"
  },
  {
    "docID": "N075 Amemori 2010",
    "et": "Age",
    "off": 30325,
    "sff": "7 days"
  },
  {
    "docID": "N075 Amemori 2010",
    "et": "Age",
    "off": 16995,
    "sff": "6 weeks"
  },
  {
    "docID": "N075 Amemori 2010",
    "et": "Age",
    "off": 19513,
    "sff": "8 weeks"
  },
  {
    "docID": "N075 Amemori 2010",
    "et": "Age",
    "off": 23321,
    "sff": "2 weeks"
  },
  {
    "docID": "N075 Amemori 2010",
    "et": "Age",
    "off": 24825,
    "sff": "8 weeks"
  },
  {
    "docID": "N075 Amemori 2010",
    "et": "Age",
    "off": 26524,
    "sff": "8 weeks"
  },
  {
    "docID": "N075 Amemori 2010",
    "et": "Age",
    "off": 8833,
    "sff": "1 week"
  },
  {
    "docID": "N075 Amemori 2010",
    "et": "Age",
    "off": 26107,
    "sff": "3D"
  },
  {
    "docID": "N075 Amemori 2010",
    "et": "Age",
    "off": 17949,
    "sff": "8 weeks"
  },
  {
    "docID": "N075 Amemori 2010",
    "et": "Age",
    "off": 10812,
    "sff": "2-month"
  },
  {
    "docID": "N075 Amemori 2010",
    "et": "Age",
    "off": 16821,
    "sff": "7 weeks"
  },
  {
    "docID": "N075 Amemori 2010",
    "et": "Age",
    "off": 16197,
    "sff": "1 week"
  },
  {
    "docID": "N075 Amemori 2010",
    "et": "Age",
    "off": 10494,
    "sff": "1 day"
  },
  {
    "docID": "N075 Amemori 2010",
    "et": "Age",
    "off": 10558,
    "sff": "2 months"
  },
  {
    "docID": "N075 Amemori 2010",
    "et": "Age",
    "off": 35273,
    "sff": "7 days"
  },
  {
    "docID": "N075 Amemori 2010",
    "et": "Age",
    "off": 23214,
    "sff": "6 weeks"
  },
  {
    "docID": "N075 Amemori 2010",
    "et": "Age",
    "off": 19494,
    "sff": "9 weeks"
  },
  {
    "docID": "N075 Amemori 2010",
    "et": "Age",
    "off": 23246,
    "sff": "2 weeks"
  },
  {
    "docID": "N075 Amemori 2010",
    "et": "Age",
    "off": 6853,
    "sff": "3 days"
  },
  {
    "docID": "N075 Amemori 2010",
    "et": "Age",
    "off": 16754,
    "sff": "6 weeks"
  },
  {
    "docID": "N075 Amemori 2010",
    "et": "Age",
    "off": 17509,
    "sff": "9 weeks"
  },
  {
    "docID": "N075 Amemori 2010",
    "et": "Age",
    "off": 40121,
    "sff": "2 months"
  }
]
