[
  {
    "docID": "N076 Andrews 2004",
    "et": "Weight",
    "off": 9405,
    "sff": "180–200 g"
  },
  {
    "docID": "N076 Andrews 2004",
    "et": "Weight",
    "off": 14244,
    "sff": "200–250 g"
  },
  {
    "docID": "N076 Andrews 2004",
    "et": "RatModel",
    "off": 72446,
    "sff": "rat"
  },
  {
    "docID": "N076 Andrews 2004",
    "et": "RatModel",
    "off": 76160,
    "sff": "rat"
  },
  {
    "docID": "N076 Andrews 2004",
    "et": "RatModel",
    "off": 128,
    "sff": "rat"
  },
  {
    "docID": "N076 Andrews 2004",
    "et": "RatModel",
    "off": 69762,
    "sff": "rat"
  },
  {
    "docID": "N076 Andrews 2004",
    "et": "RatModel",
    "off": 61186,
    "sff": "rat"
  },
  {
    "docID": "N076 Andrews 2004",
    "et": "RatModel",
    "off": 73665,
    "sff": "rat"
  },
  {
    "docID": "N076 Andrews 2004",
    "et": "RatModel",
    "off": 65668,
    "sff": "rat"
  },
  {
    "docID": "N076 Andrews 2004",
    "et": "RatModel",
    "off": 58180,
    "sff": "rat"
  },
  {
    "docID": "N076 Andrews 2004",
    "et": "RatModel",
    "off": 59957,
    "sff": "rat"
  },
  {
    "docID": "N076 Andrews 2004",
    "et": "RatModel",
    "off": 59447,
    "sff": "rat"
  },
  {
    "docID": "N076 Andrews 2004",
    "et": "RatModel",
    "off": 60793,
    "sff": "rat"
  },
  {
    "docID": "N076 Andrews 2004",
    "et": "RatModel",
    "off": 73850,
    "sff": "rat"
  },
  {
    "docID": "N076 Andrews 2004",
    "et": "RatModel",
    "off": 75129,
    "sff": "rat"
  },
  {
    "docID": "N076 Andrews 2004",
    "et": "RatModel",
    "off": 72827,
    "sff": "rat"
  },
  {
    "docID": "N076 Andrews 2004",
    "et": "RatModel",
    "off": 62320,
    "sff": "rat"
  },
  {
    "docID": "N076 Andrews 2004",
    "et": "RatModel",
    "off": 67056,
    "sff": "rat"
  },
  {
    "docID": "N076 Andrews 2004",
    "et": "RatModel",
    "off": 57904,
    "sff": "rat"
  },
  {
    "docID": "N076 Andrews 2004",
    "et": "RatModel",
    "off": 63599,
    "sff": "rat"
  },
  {
    "docID": "N076 Andrews 2004",
    "et": "RatModel",
    "off": 66095,
    "sff": "rat"
  },
  {
    "docID": "N076 Andrews 2004",
    "et": "RatModel",
    "off": 69364,
    "sff": "rat"
  },
  {
    "docID": "N076 Andrews 2004",
    "et": "RatModel",
    "off": 61300,
    "sff": "rat"
  },
  {
    "docID": "N076 Andrews 2004",
    "et": "RatModel",
    "off": 71590,
    "sff": "rat"
  },
  {
    "docID": "N076 Andrews 2004",
    "et": "RatModel",
    "off": 75366,
    "sff": "rat"
  },
  {
    "docID": "N076 Andrews 2004",
    "et": "RatModel",
    "off": 72933,
    "sff": "rat"
  },
  {
    "docID": "N076 Andrews 2004",
    "et": "RatModel",
    "off": 71207,
    "sff": "rat"
  },
  {
    "docID": "N076 Andrews 2004",
    "et": "RatModel",
    "off": 72029,
    "sff": "rat"
  },
  {
    "docID": "N076 Andrews 2004",
    "et": "RatModel",
    "off": 70424,
    "sff": "rat"
  },
  {
    "docID": "N076 Andrews 2004",
    "et": "RatModel",
    "off": 69659,
    "sff": "rat"
  },
  {
    "docID": "N076 Andrews 2004",
    "et": "RatModel",
    "off": 66512,
    "sff": "rat"
  },
  {
    "docID": "N076 Andrews 2004",
    "et": "RatModel",
    "off": 74192,
    "sff": "rat"
  },
  {
    "docID": "N076 Andrews 2004",
    "et": "RatModel",
    "off": 65103,
    "sff": "rat"
  },
  {
    "docID": "N076 Andrews 2004",
    "et": "RatModel",
    "off": 65938,
    "sff": "rat"
  },
  {
    "docID": "N076 Andrews 2004",
    "et": "RatModel",
    "off": 68998,
    "sff": "rat"
  },
  {
    "docID": "N076 Andrews 2004",
    "et": "RatModel",
    "off": 62856,
    "sff": "rat"
  },
  {
    "docID": "N076 Andrews 2004",
    "et": "RatModel",
    "off": 67274,
    "sff": "rat"
  },
  {
    "docID": "N076 Andrews 2004",
    "et": "RatModel",
    "off": 75594,
    "sff": "rat"
  },
  {
    "docID": "N076 Andrews 2004",
    "et": "RatModel",
    "off": 75721,
    "sff": "rat"
  },
  {
    "docID": "N076 Andrews 2004",
    "et": "NewZealandRabbit",
    "off": 69074,
    "sff": "New"
  },
  {
    "docID": "N076 Andrews 2004",
    "et": "NewZealandRabbit",
    "off": 238,
    "sff": "New"
  },
  {
    "docID": "N076 Andrews 2004",
    "et": "NewZealandRabbit",
    "off": 59204,
    "sff": "New"
  },
  {
    "docID": "N076 Andrews 2004",
    "et": "RabbitSpecies",
    "off": 12320,
    "sff": "rabbit"
  },
  {
    "docID": "N076 Andrews 2004",
    "et": "RabbitSpecies",
    "off": 19982,
    "sff": "rabbit"
  },
  {
    "docID": "N076 Andrews 2004",
    "et": "SpragueDawleyRat",
    "off": 9423,
    "sff": "Sprague–Dawley rats"
  },
  {
    "docID": "N076 Andrews 2004",
    "et": "SpragueDawleyRat",
    "off": 9423,
    "sff": "Sprague–Dawley"
  },
  {
    "docID": "N076 Andrews 2004",
    "et": "SpragueDawleyRat",
    "off": 14223,
    "sff": "Sprague–Dawley rats"
  },
  {
    "docID": "N076 Andrews 2004",
    "et": "SpragueDawleyRat",
    "off": 14223,
    "sff": "Sprague–Dawley"
  },
  {
    "docID": "N076 Andrews 2004",
    "et": "Mixed",
    "off": 7229,
    "sff": "mixed"
  },
  {
    "docID": "N076 Andrews 2004",
    "et": "Mixed",
    "off": 53841,
    "sff": "mixed"
  },
  {
    "docID": "N076 Andrews 2004",
    "et": "Mixed",
    "off": 44658,
    "sff": "mixed"
  },
  {
    "docID": "N076 Andrews 2004",
    "et": "MouseModel",
    "off": 61964,
    "sff": "mouse"
  },
  {
    "docID": "N076 Andrews 2004",
    "et": "MouseModel",
    "off": 67699,
    "sff": "mouse"
  },
  {
    "docID": "N076 Andrews 2004",
    "et": "MouseModel",
    "off": 12226,
    "sff": "mouse"
  },
  {
    "docID": "N076 Andrews 2004",
    "et": "MouseModel",
    "off": 31233,
    "sff": "mouse"
  },
  {
    "docID": "N076 Andrews 2004",
    "et": "MouseModel",
    "off": 19904,
    "sff": "mouse"
  },
  {
    "docID": "N076 Andrews 2004",
    "et": "MouseModel",
    "off": 68379,
    "sff": "mouse"
  },
  {
    "docID": "N076 Andrews 2004",
    "et": "RabbitModel",
    "off": 12320,
    "sff": "rabbit"
  },
  {
    "docID": "N076 Andrews 2004",
    "et": "RabbitModel",
    "off": 19982,
    "sff": "rabbit"
  },
  {
    "docID": "N076 Andrews 2004",
    "et": "AgeCategory",
    "off": 64022,
    "sff": "age"
  },
  {
    "docID": "N076 Andrews 2004",
    "et": "RatSpecies",
    "off": 72029,
    "sff": "rat"
  },
  {
    "docID": "N076 Andrews 2004",
    "et": "RatSpecies",
    "off": 69659,
    "sff": "rat"
  },
  {
    "docID": "N076 Andrews 2004",
    "et": "RatSpecies",
    "off": 70424,
    "sff": "rat"
  },
  {
    "docID": "N076 Andrews 2004",
    "et": "RatSpecies",
    "off": 71207,
    "sff": "rat"
  },
  {
    "docID": "N076 Andrews 2004",
    "et": "RatSpecies",
    "off": 71590,
    "sff": "rat"
  },
  {
    "docID": "N076 Andrews 2004",
    "et": "RatSpecies",
    "off": 75366,
    "sff": "rat"
  },
  {
    "docID": "N076 Andrews 2004",
    "et": "RatSpecies",
    "off": 72933,
    "sff": "rat"
  },
  {
    "docID": "N076 Andrews 2004",
    "et": "RatSpecies",
    "off": 63599,
    "sff": "rat"
  },
  {
    "docID": "N076 Andrews 2004",
    "et": "RatSpecies",
    "off": 66095,
    "sff": "rat"
  },
  {
    "docID": "N076 Andrews 2004",
    "et": "RatSpecies",
    "off": 59447,
    "sff": "rat"
  },
  {
    "docID": "N076 Andrews 2004",
    "et": "RatSpecies",
    "off": 59957,
    "sff": "rat"
  },
  {
    "docID": "N076 Andrews 2004",
    "et": "RatSpecies",
    "off": 61300,
    "sff": "rat"
  },
  {
    "docID": "N076 Andrews 2004",
    "et": "RatSpecies",
    "off": 69364,
    "sff": "rat"
  },
  {
    "docID": "N076 Andrews 2004",
    "et": "RatSpecies",
    "off": 57904,
    "sff": "rat"
  },
  {
    "docID": "N076 Andrews 2004",
    "et": "RatSpecies",
    "off": 62320,
    "sff": "rat"
  },
  {
    "docID": "N076 Andrews 2004",
    "et": "RatSpecies",
    "off": 67056,
    "sff": "rat"
  },
  {
    "docID": "N076 Andrews 2004",
    "et": "RatSpecies",
    "off": 72446,
    "sff": "rat"
  },
  {
    "docID": "N076 Andrews 2004",
    "et": "RatSpecies",
    "off": 72827,
    "sff": "rat"
  },
  {
    "docID": "N076 Andrews 2004",
    "et": "RatSpecies",
    "off": 73850,
    "sff": "rat"
  },
  {
    "docID": "N076 Andrews 2004",
    "et": "RatSpecies",
    "off": 60793,
    "sff": "rat"
  },
  {
    "docID": "N076 Andrews 2004",
    "et": "RatSpecies",
    "off": 75129,
    "sff": "rat"
  },
  {
    "docID": "N076 Andrews 2004",
    "et": "RatSpecies",
    "off": 68998,
    "sff": "rat"
  },
  {
    "docID": "N076 Andrews 2004",
    "et": "RatSpecies",
    "off": 58180,
    "sff": "rat"
  },
  {
    "docID": "N076 Andrews 2004",
    "et": "RatSpecies",
    "off": 65668,
    "sff": "rat"
  },
  {
    "docID": "N076 Andrews 2004",
    "et": "RatSpecies",
    "off": 61186,
    "sff": "rat"
  },
  {
    "docID": "N076 Andrews 2004",
    "et": "RatSpecies",
    "off": 69762,
    "sff": "rat"
  },
  {
    "docID": "N076 Andrews 2004",
    "et": "RatSpecies",
    "off": 128,
    "sff": "rat"
  },
  {
    "docID": "N076 Andrews 2004",
    "et": "RatSpecies",
    "off": 73665,
    "sff": "rat"
  },
  {
    "docID": "N076 Andrews 2004",
    "et": "RatSpecies",
    "off": 76160,
    "sff": "rat"
  },
  {
    "docID": "N076 Andrews 2004",
    "et": "RatSpecies",
    "off": 65103,
    "sff": "rat"
  },
  {
    "docID": "N076 Andrews 2004",
    "et": "RatSpecies",
    "off": 67274,
    "sff": "rat"
  },
  {
    "docID": "N076 Andrews 2004",
    "et": "RatSpecies",
    "off": 75594,
    "sff": "rat"
  },
  {
    "docID": "N076 Andrews 2004",
    "et": "RatSpecies",
    "off": 75721,
    "sff": "rat"
  },
  {
    "docID": "N076 Andrews 2004",
    "et": "RatSpecies",
    "off": 62856,
    "sff": "rat"
  },
  {
    "docID": "N076 Andrews 2004",
    "et": "RatSpecies",
    "off": 65938,
    "sff": "rat"
  },
  {
    "docID": "N076 Andrews 2004",
    "et": "RatSpecies",
    "off": 66512,
    "sff": "rat"
  },
  {
    "docID": "N076 Andrews 2004",
    "et": "RatSpecies",
    "off": 74192,
    "sff": "rat"
  },
  {
    "docID": "N076 Andrews 2004",
    "et": "MouseSpecies",
    "off": 61964,
    "sff": "mouse"
  },
  {
    "docID": "N076 Andrews 2004",
    "et": "MouseSpecies",
    "off": 68379,
    "sff": "mouse"
  },
  {
    "docID": "N076 Andrews 2004",
    "et": "MouseSpecies",
    "off": 19904,
    "sff": "mouse"
  },
  {
    "docID": "N076 Andrews 2004",
    "et": "MouseSpecies",
    "off": 31233,
    "sff": "mouse"
  },
  {
    "docID": "N076 Andrews 2004",
    "et": "MouseSpecies",
    "off": 12226,
    "sff": "mouse"
  },
  {
    "docID": "N076 Andrews 2004",
    "et": "MouseSpecies",
    "off": 67699,
    "sff": "mouse"
  },
  {
    "docID": "N076 Andrews 2004",
    "et": "FischerRat",
    "off": 66943,
    "sff": "Fischer"
  },
  {
    "docID": "N076 Andrews 2004",
    "et": "FischerRat",
    "off": 68790,
    "sff": "Fischer"
  },
  {
    "docID": "N076 Andrews 2004",
    "et": "Adult",
    "off": 69521,
    "sff": "adult"
  },
  {
    "docID": "N076 Andrews 2004",
    "et": "Adult",
    "off": 65353,
    "sff": "adult"
  },
  {
    "docID": "N076 Andrews 2004",
    "et": "Adult",
    "off": 70418,
    "sff": "adult"
  },
  {
    "docID": "N076 Andrews 2004",
    "et": "Adult",
    "off": 68373,
    "sff": "adult"
  },
  {
    "docID": "N076 Andrews 2004",
    "et": "Adult",
    "off": 69653,
    "sff": "adult"
  },
  {
    "docID": "N076 Andrews 2004",
    "et": "Adult",
    "off": 60178,
    "sff": "adult"
  },
  {
    "docID": "N076 Andrews 2004",
    "et": "Adult",
    "off": 66506,
    "sff": "adult"
  },
  {
    "docID": "N076 Andrews 2004",
    "et": "Adult",
    "off": 66634,
    "sff": "adult"
  },
  {
    "docID": "N076 Andrews 2004",
    "et": "Adult",
    "off": 74186,
    "sff": "adult"
  },
  {
    "docID": "N076 Andrews 2004",
    "et": "Adult",
    "off": 65932,
    "sff": "adult"
  },
  {
    "docID": "N076 Andrews 2004",
    "et": "Adult",
    "off": 65501,
    "sff": "adult"
  },
  {
    "docID": "N076 Andrews 2004",
    "et": "Adult",
    "off": 71584,
    "sff": "adult"
  },
  {
    "docID": "N076 Andrews 2004",
    "et": "Adult",
    "off": 75360,
    "sff": "adult"
  },
  {
    "docID": "N076 Andrews 2004",
    "et": "Adult",
    "off": 64474,
    "sff": "adult"
  },
  {
    "docID": "N076 Andrews 2004",
    "et": "Adult",
    "off": 71201,
    "sff": "adult"
  },
  {
    "docID": "N076 Andrews 2004",
    "et": "Adult",
    "off": 68579,
    "sff": "adult"
  },
  {
    "docID": "N076 Andrews 2004",
    "et": "Adult",
    "off": 70552,
    "sff": "mature"
  },
  {
    "docID": "N076 Andrews 2004",
    "et": "Adult",
    "off": 73945,
    "sff": "adult"
  },
  {
    "docID": "N076 Andrews 2004",
    "et": "Adult",
    "off": 64735,
    "sff": "adult"
  },
  {
    "docID": "N076 Andrews 2004",
    "et": "Adult",
    "off": 69358,
    "sff": "adult"
  },
  {
    "docID": "N076 Andrews 2004",
    "et": "Adult",
    "off": 65836,
    "sff": "adult"
  },
  {
    "docID": "N076 Andrews 2004",
    "et": "Adult",
    "off": 14210,
    "sff": "Adult"
  },
  {
    "docID": "N076 Andrews 2004",
    "et": "Adult",
    "off": 61674,
    "sff": "adult"
  },
  {
    "docID": "N076 Andrews 2004",
    "et": "Adult",
    "off": 62314,
    "sff": "adult"
  },
  {
    "docID": "N076 Andrews 2004",
    "et": "Adult",
    "off": 75123,
    "sff": "adult"
  },
  {
    "docID": "N076 Andrews 2004",
    "et": "Adult",
    "off": 46695,
    "sff": "adult"
  },
  {
    "docID": "N076 Andrews 2004",
    "et": "Adult",
    "off": 60787,
    "sff": "adult"
  },
  {
    "docID": "N076 Andrews 2004",
    "et": "Adult",
    "off": 66089,
    "sff": "adult"
  },
  {
    "docID": "N076 Andrews 2004",
    "et": "Adult",
    "off": 67050,
    "sff": "adult"
  },
  {
    "docID": "N076 Andrews 2004",
    "et": "Adult",
    "off": 2672,
    "sff": "adult"
  },
  {
    "docID": "N076 Andrews 2004",
    "et": "Adult",
    "off": 4590,
    "sff": "adult"
  },
  {
    "docID": "N076 Andrews 2004",
    "et": "Adult",
    "off": 67693,
    "sff": "adult"
  },
  {
    "docID": "N076 Andrews 2004",
    "et": "Adult",
    "off": 69165,
    "sff": "adult"
  },
  {
    "docID": "N076 Andrews 2004",
    "et": "Adult",
    "off": 74477,
    "sff": "adult"
  },
  {
    "docID": "N076 Andrews 2004",
    "et": "Adult",
    "off": 61180,
    "sff": "adult"
  },
  {
    "docID": "N076 Andrews 2004",
    "et": "Adult",
    "off": 122,
    "sff": "adult"
  },
  {
    "docID": "N076 Andrews 2004",
    "et": "Adult",
    "off": 62649,
    "sff": "adult"
  },
  {
    "docID": "N076 Andrews 2004",
    "et": "Adult",
    "off": 75588,
    "sff": "adult"
  },
  {
    "docID": "N076 Andrews 2004",
    "et": "Adult",
    "off": 64886,
    "sff": "adult"
  },
  {
    "docID": "N076 Andrews 2004",
    "et": "Adult",
    "off": 73208,
    "sff": "adult"
  },
  {
    "docID": "N076 Andrews 2004",
    "et": "Adult",
    "off": 76154,
    "sff": "adult"
  },
  {
    "docID": "N076 Andrews 2004",
    "et": "Adult",
    "off": 73659,
    "sff": "adult"
  },
  {
    "docID": "N076 Andrews 2004",
    "et": "Adult",
    "off": 69756,
    "sff": "adult"
  },
  {
    "docID": "N076 Andrews 2004",
    "et": "Adult",
    "off": 65662,
    "sff": "adult"
  },
  {
    "docID": "N076 Andrews 2004",
    "et": "LongEvansRat",
    "off": 45012,
    "sff": "long"
  },
  {
    "docID": "N076 Andrews 2004",
    "et": "LongEvansRat",
    "off": 57790,
    "sff": "long"
  },
  {
    "docID": "N076 Andrews 2004",
    "et": "LongEvansRat",
    "off": 51579,
    "sff": "long"
  },
  {
    "docID": "N076 Andrews 2004",
    "et": "LongEvansRat",
    "off": 65800,
    "sff": "long"
  },
  {
    "docID": "N076 Andrews 2004",
    "et": "Female",
    "off": 9416,
    "sff": "female"
  },
  {
    "docID": "N076 Andrews 2004",
    "et": "Female",
    "off": 14216,
    "sff": "female"
  },
  {
    "docID": "N076 Andrews 2004",
    "et": "Age",
    "off": 1393,
    "sff": "1 week"
  },
  {
    "docID": "N076 Andrews 2004",
    "et": "Age",
    "off": 32212,
    "sff": "2 weeks"
  },
  {
    "docID": "N076 Andrews 2004",
    "et": "Age",
    "off": 51671,
    "sff": "2 weeks"
  },
  {
    "docID": "N076 Andrews 2004",
    "et": "Age",
    "off": 36059,
    "sff": "2 weeks"
  },
  {
    "docID": "N076 Andrews 2004",
    "et": "Age",
    "off": 38901,
    "sff": "7D"
  },
  {
    "docID": "N076 Andrews 2004",
    "et": "Age",
    "off": 52956,
    "sff": "4-week"
  },
  {
    "docID": "N076 Andrews 2004",
    "et": "Age",
    "off": 34268,
    "sff": "2 weeks"
  },
  {
    "docID": "N076 Andrews 2004",
    "et": "Age",
    "off": 44906,
    "sff": "8-week"
  },
  {
    "docID": "N076 Andrews 2004",
    "et": "Age",
    "off": 55466,
    "sff": "2-day"
  },
  {
    "docID": "N076 Andrews 2004",
    "et": "Age",
    "off": 49255,
    "sff": "1 week"
  },
  {
    "docID": "N076 Andrews 2004",
    "et": "Age",
    "off": 45796,
    "sff": "1 week"
  },
  {
    "docID": "N076 Andrews 2004",
    "et": "Age",
    "off": 26329,
    "sff": "4 weeks"
  },
  {
    "docID": "N076 Andrews 2004",
    "et": "Age",
    "off": 26969,
    "sff": "4 weeks"
  },
  {
    "docID": "N076 Andrews 2004",
    "et": "Age",
    "off": 22637,
    "sff": "4 weeks"
  },
  {
    "docID": "N076 Andrews 2004",
    "et": "Age",
    "off": 38657,
    "sff": "1 week"
  },
  {
    "docID": "N076 Andrews 2004",
    "et": "Age",
    "off": 24209,
    "sff": "Two days"
  },
  {
    "docID": "N076 Andrews 2004",
    "et": "Age",
    "off": 28016,
    "sff": "4 weeks"
  },
  {
    "docID": "N076 Andrews 2004",
    "et": "Age",
    "off": 22215,
    "sff": "6 months"
  },
  {
    "docID": "N076 Andrews 2004",
    "et": "Age",
    "off": 49527,
    "sff": "1 week"
  },
  {
    "docID": "N076 Andrews 2004",
    "et": "Age",
    "off": 32299,
    "sff": "2 days"
  },
  {
    "docID": "N076 Andrews 2004",
    "et": "Age",
    "off": 25588,
    "sff": "2 weeks"
  },
  {
    "docID": "N076 Andrews 2004",
    "et": "Age",
    "off": 34257,
    "sff": "2 days"
  },
  {
    "docID": "N076 Andrews 2004",
    "et": "Age",
    "off": 23688,
    "sff": "1 week"
  },
  {
    "docID": "N076 Andrews 2004",
    "et": "Age",
    "off": 41735,
    "sff": "1 week"
  },
  {
    "docID": "N076 Andrews 2004",
    "et": "Age",
    "off": 17923,
    "sff": "1 week"
  },
  {
    "docID": "N076 Andrews 2004",
    "et": "Age",
    "off": 26611,
    "sff": "6 weeks"
  },
  {
    "docID": "N076 Andrews 2004",
    "et": "Age",
    "off": 29829,
    "sff": "2 weeks"
  },
  {
    "docID": "N076 Andrews 2004",
    "et": "Age",
    "off": 9386,
    "sff": "2- to 3-month-old"
  },
  {
    "docID": "N076 Andrews 2004",
    "et": "Age",
    "off": 31881,
    "sff": "2 weeks"
  },
  {
    "docID": "N076 Andrews 2004",
    "et": "Age",
    "off": 36636,
    "sff": "1 week"
  },
  {
    "docID": "N076 Andrews 2004",
    "et": "Age",
    "off": 35522,
    "sff": "2 days"
  },
  {
    "docID": "N076 Andrews 2004",
    "et": "Age",
    "off": 16281,
    "sff": "1 week"
  },
  {
    "docID": "N076 Andrews 2004",
    "et": "Age",
    "off": 27257,
    "sff": "6 weeks"
  },
  {
    "docID": "N076 Andrews 2004",
    "et": "Age",
    "off": 23313,
    "sff": "2 weeks"
  },
  {
    "docID": "N076 Andrews 2004",
    "et": "Age",
    "off": 15753,
    "sff": "7 days"
  },
  {
    "docID": "N076 Andrews 2004",
    "et": "Age",
    "off": 23925,
    "sff": "2 days"
  },
  {
    "docID": "N076 Andrews 2004",
    "et": "Age",
    "off": 24087,
    "sff": "2 weeks"
  },
  {
    "docID": "N076 Andrews 2004",
    "et": "Age",
    "off": 28482,
    "sff": "4.5 weeks"
  },
  {
    "docID": "N076 Andrews 2004",
    "et": "Age",
    "off": 28385,
    "sff": "3 weeks"
  },
  {
    "docID": "N076 Andrews 2004",
    "et": "Age",
    "off": 38185,
    "sff": "1 week"
  },
  {
    "docID": "N076 Andrews 2004",
    "et": "Age",
    "off": 31870,
    "sff": "2 days"
  },
  {
    "docID": "N076 Andrews 2004",
    "et": "Age",
    "off": 45041,
    "sff": "24 weeks"
  },
  {
    "docID": "N076 Andrews 2004",
    "et": "Age",
    "off": 22630,
    "sff": "2 days"
  },
  {
    "docID": "N076 Andrews 2004",
    "et": "Age",
    "off": 24487,
    "sff": "2 weeks"
  },
  {
    "docID": "N076 Andrews 2004",
    "et": "Age",
    "off": 32552,
    "sff": "2 weeks"
  },
  {
    "docID": "N076 Andrews 2004",
    "et": "Age",
    "off": 24042,
    "sff": "2 days"
  },
  {
    "docID": "N076 Andrews 2004",
    "et": "Age",
    "off": 55476,
    "sff": "2-week"
  },
  {
    "docID": "N076 Andrews 2004",
    "et": "Age",
    "off": 18108,
    "sff": "4 weeks"
  },
  {
    "docID": "N076 Andrews 2004",
    "et": "Age",
    "off": 15823,
    "sff": "1 week"
  },
  {
    "docID": "N076 Andrews 2004",
    "et": "Age",
    "off": 41943,
    "sff": "9D"
  },
  {
    "docID": "N076 Andrews 2004",
    "et": "Age",
    "off": 8525,
    "sff": "1 week"
  },
  {
    "docID": "N076 Andrews 2004",
    "et": "Age",
    "off": 23739,
    "sff": "2 weeks"
  },
  {
    "docID": "N076 Andrews 2004",
    "et": "Age",
    "off": 25146,
    "sff": "2 weeks"
  },
  {
    "docID": "N076 Andrews 2004",
    "et": "Age",
    "off": 30653,
    "sff": "2 weeks"
  },
  {
    "docID": "N076 Andrews 2004",
    "et": "Age",
    "off": 54334,
    "sff": "2 weeks"
  },
  {
    "docID": "N076 Andrews 2004",
    "et": "Age",
    "off": 22204,
    "sff": "2 weeks"
  },
  {
    "docID": "N076 Andrews 2004",
    "et": "Age",
    "off": 11766,
    "sff": "13–15 days"
  },
  {
    "docID": "N076 Andrews 2004",
    "et": "Age",
    "off": 27705,
    "sff": "4 weeks"
  },
  {
    "docID": "N076 Andrews 2004",
    "et": "Age",
    "off": 27233,
    "sff": "1 week"
  },
  {
    "docID": "N076 Andrews 2004",
    "et": "Age",
    "off": 18096,
    "sff": "Two days"
  },
  {
    "docID": "N076 Andrews 2004",
    "et": "Age",
    "off": 32582,
    "sff": "2 weeks"
  },
  {
    "docID": "N076 Andrews 2004",
    "et": "Age",
    "off": 764,
    "sff": "2–26 weeks"
  },
  {
    "docID": "N076 Andrews 2004",
    "et": "Age",
    "off": 10954,
    "sff": "12–14 days"
  },
  {
    "docID": "N076 Andrews 2004",
    "et": "Age",
    "off": 36279,
    "sff": "5D"
  },
  {
    "docID": "N076 Andrews 2004",
    "et": "Age",
    "off": 45268,
    "sff": "26 weeks"
  },
  {
    "docID": "N076 Andrews 2004",
    "et": "Age",
    "off": 24143,
    "sff": "2 weeks"
  },
  {
    "docID": "N076 Andrews 2004",
    "et": "Age",
    "off": 35533,
    "sff": "2 weeks"
  },
  {
    "docID": "N076 Andrews 2004",
    "et": "Age",
    "off": 24201,
    "sff": "2 days"
  },
  {
    "docID": "N076 Andrews 2004",
    "et": "Age",
    "off": 33747,
    "sff": "2 weeks"
  }
]
