[
  {
    "docID": "N088 Cafferty, Yang et al. 2007",
    "et": "Weight",
    "off": 28181,
    "sff": "4G"
  },
  {
    "docID": "N088 Cafferty, Yang et al. 2007",
    "et": "Weight",
    "off": 24052,
    "sff": "2G"
  },
  {
    "docID": "N088 Cafferty, Yang et al. 2007",
    "et": "Weight",
    "off": 31385,
    "sff": "5G"
  },
  {
    "docID": "N088 Cafferty, Yang et al. 2007",
    "et": "Weight",
    "off": 32704,
    "sff": "6G"
  },
  {
    "docID": "N088 Cafferty, Yang et al. 2007",
    "et": "NewZealandRabbit",
    "off": 319,
    "sff": "New"
  },
  {
    "docID": "N088 Cafferty, Yang et al. 2007",
    "et": "MouseModel",
    "off": 33031,
    "sff": "mouse"
  },
  {
    "docID": "N088 Cafferty, Yang et al. 2007",
    "et": "C57_BL6_Mouse",
    "off": 6348,
    "sff": "C57BL/6J"
  },
  {
    "docID": "N088 Cafferty, Yang et al. 2007",
    "et": "C57_BL6_Mouse",
    "off": 6348,
    "sff": "C57BL/6J mice"
  },
  {
    "docID": "N088 Cafferty, Yang et al. 2007",
    "et": "Male",
    "off": 7932,
    "sff": "male"
  },
  {
    "docID": "N088 Cafferty, Yang et al. 2007",
    "et": "MouseSpecies",
    "off": 33031,
    "sff": "mouse"
  },
  {
    "docID": "N088 Cafferty, Yang et al. 2007",
    "et": "Adult",
    "off": 27066,
    "sff": "adult"
  },
  {
    "docID": "N088 Cafferty, Yang et al. 2007",
    "et": "Adult",
    "off": 17414,
    "sff": "adult"
  },
  {
    "docID": "N088 Cafferty, Yang et al. 2007",
    "et": "Adult",
    "off": 29867,
    "sff": "Adult"
  },
  {
    "docID": "N088 Cafferty, Yang et al. 2007",
    "et": "Adult",
    "off": 22586,
    "sff": "Adult"
  },
  {
    "docID": "N088 Cafferty, Yang et al. 2007",
    "et": "Adult",
    "off": 22987,
    "sff": "adult"
  },
  {
    "docID": "N088 Cafferty, Yang et al. 2007",
    "et": "LongEvansRat",
    "off": 2667,
    "sff": "long"
  },
  {
    "docID": "N088 Cafferty, Yang et al. 2007",
    "et": "LongEvansRat",
    "off": 16648,
    "sff": "Long"
  },
  {
    "docID": "N088 Cafferty, Yang et al. 2007",
    "et": "Female",
    "off": 7922,
    "sff": "female"
  },
  {
    "docID": "N088 Cafferty, Yang et al. 2007",
    "et": "Female",
    "off": 6529,
    "sff": "female"
  },
  {
    "docID": "N088 Cafferty, Yang et al. 2007",
    "et": "Age",
    "off": 24016,
    "sff": "2D"
  },
  {
    "docID": "N088 Cafferty, Yang et al. 2007",
    "et": "Age",
    "off": 8933,
    "sff": "21 d"
  },
  {
    "docID": "N088 Cafferty, Yang et al. 2007",
    "et": "Age",
    "off": 17518,
    "sff": "3 d"
  },
  {
    "docID": "N088 Cafferty, Yang et al. 2007",
    "et": "Age",
    "off": 33525,
    "sff": "10 d"
  },
  {
    "docID": "N088 Cafferty, Yang et al. 2007",
    "et": "Age",
    "off": 6515,
    "sff": "4 – 6 months"
  },
  {
    "docID": "N088 Cafferty, Yang et al. 2007",
    "et": "Age",
    "off": 33380,
    "sff": "5 d"
  },
  {
    "docID": "N088 Cafferty, Yang et al. 2007",
    "et": "Age",
    "off": 24898,
    "sff": "3D"
  },
  {
    "docID": "N088 Cafferty, Yang et al. 2007",
    "et": "Age",
    "off": 33893,
    "sff": "5 d"
  },
  {
    "docID": "N088 Cafferty, Yang et al. 2007",
    "et": "Age",
    "off": 35705,
    "sff": "4 d"
  },
  {
    "docID": "N088 Cafferty, Yang et al. 2007",
    "et": "Age",
    "off": 13080,
    "sff": "2 weeks"
  },
  {
    "docID": "N088 Cafferty, Yang et al. 2007",
    "et": "Age",
    "off": 22734,
    "sff": "One week"
  },
  {
    "docID": "N088 Cafferty, Yang et al. 2007",
    "et": "Age",
    "off": 30210,
    "sff": "20 d"
  },
  {
    "docID": "N088 Cafferty, Yang et al. 2007",
    "et": "Age",
    "off": 8839,
    "sff": "3 d"
  },
  {
    "docID": "N088 Cafferty, Yang et al. 2007",
    "et": "Age",
    "off": 31110,
    "sff": "3 d"
  },
  {
    "docID": "N088 Cafferty, Yang et al. 2007",
    "et": "Age",
    "off": 31244,
    "sff": "20 d"
  },
  {
    "docID": "N088 Cafferty, Yang et al. 2007",
    "et": "Age",
    "off": 20474,
    "sff": "21 d"
  },
  {
    "docID": "N088 Cafferty, Yang et al. 2007",
    "et": "Age",
    "off": 7710,
    "sff": "Four weeks"
  },
  {
    "docID": "N088 Cafferty, Yang et al. 2007",
    "et": "Age",
    "off": 9793,
    "sff": "3 d"
  },
  {
    "docID": "N088 Cafferty, Yang et al. 2007",
    "et": "Age",
    "off": 18814,
    "sff": "21 d"
  },
  {
    "docID": "N088 Cafferty, Yang et al. 2007",
    "et": "Age",
    "off": 20190,
    "sff": "5 d"
  },
  {
    "docID": "N088 Cafferty, Yang et al. 2007",
    "et": "Age",
    "off": 35214,
    "sff": "7D"
  },
  {
    "docID": "N088 Cafferty, Yang et al. 2007",
    "et": "Age",
    "off": 20146,
    "sff": "5 d"
  },
  {
    "docID": "N088 Cafferty, Yang et al. 2007",
    "et": "Age",
    "off": 17531,
    "sff": "20 d"
  },
  {
    "docID": "N088 Cafferty, Yang et al. 2007",
    "et": "Age",
    "off": 20054,
    "sff": "10 d"
  },
  {
    "docID": "N088 Cafferty, Yang et al. 2007",
    "et": "Age",
    "off": 21673,
    "sff": "5 d"
  },
  {
    "docID": "N088 Cafferty, Yang et al. 2007",
    "et": "Age",
    "off": 8952,
    "sff": "Three days"
  },
  {
    "docID": "N088 Cafferty, Yang et al. 2007",
    "et": "Age",
    "off": 17717,
    "sff": "Three days"
  },
  {
    "docID": "N088 Cafferty, Yang et al. 2007",
    "et": "Age",
    "off": 7908,
    "sff": "4 – 6 months"
  },
  {
    "docID": "N088 Cafferty, Yang et al. 2007",
    "et": "Age",
    "off": 16053,
    "sff": "4 weeks"
  }
]
