[
  {
    "docID": "N089 Carter, McMahon et al. 2011",
    "et": "Weight",
    "off": 26053,
    "sff": "2G"
  },
  {
    "docID": "N089 Carter, McMahon et al. 2011",
    "et": "Weight",
    "off": 23093,
    "sff": "1G"
  },
  {
    "docID": "N089 Carter, McMahon et al. 2011",
    "et": "Weight",
    "off": 30379,
    "sff": "3G"
  },
  {
    "docID": "N089 Carter, McMahon et al. 2011",
    "et": "RabbitSpecies",
    "off": 9379,
    "sff": "rabbit"
  },
  {
    "docID": "N089 Carter, McMahon et al. 2011",
    "et": "MouseModel",
    "off": 8816,
    "sff": "mouse"
  },
  {
    "docID": "N089 Carter, McMahon et al. 2011",
    "et": "MouseModel",
    "off": 9064,
    "sff": "mouse"
  },
  {
    "docID": "N089 Carter, McMahon et al. 2011",
    "et": "RabbitModel",
    "off": 9379,
    "sff": "rabbit"
  },
  {
    "docID": "N089 Carter, McMahon et al. 2011",
    "et": "AgeCategory",
    "off": 246,
    "sff": "Age"
  },
  {
    "docID": "N089 Carter, McMahon et al. 2011",
    "et": "Male",
    "off": 5509,
    "sff": "male"
  },
  {
    "docID": "N089 Carter, McMahon et al. 2011",
    "et": "MouseSpecies",
    "off": 9064,
    "sff": "mouse"
  },
  {
    "docID": "N089 Carter, McMahon et al. 2011",
    "et": "MouseSpecies",
    "off": 8816,
    "sff": "mouse"
  },
  {
    "docID": "N089 Carter, McMahon et al. 2011",
    "et": "Adult",
    "off": 4911,
    "sff": "adult"
  },
  {
    "docID": "N089 Carter, McMahon et al. 2011",
    "et": "Adult",
    "off": 771,
    "sff": "adult"
  },
  {
    "docID": "N089 Carter, McMahon et al. 2011",
    "et": "Adult",
    "off": 1049,
    "sff": "Adult"
  },
  {
    "docID": "N089 Carter, McMahon et al. 2011",
    "et": "Adult",
    "off": 5490,
    "sff": "Adult"
  },
  {
    "docID": "N089 Carter, McMahon et al. 2011",
    "et": "Adult",
    "off": 2173,
    "sff": "mature"
  },
  {
    "docID": "N089 Carter, McMahon et al. 2011",
    "et": "LongEvansRat",
    "off": 31984,
    "sff": "long"
  },
  {
    "docID": "N089 Carter, McMahon et al. 2011",
    "et": "LongEvansRat",
    "off": 22203,
    "sff": "long"
  },
  {
    "docID": "N089 Carter, McMahon et al. 2011",
    "et": "LongEvansRat",
    "off": 31355,
    "sff": "long"
  },
  {
    "docID": "N089 Carter, McMahon et al. 2011",
    "et": "LongEvansRat",
    "off": 19111,
    "sff": "long"
  },
  {
    "docID": "N089 Carter, McMahon et al. 2011",
    "et": "LongEvansRat",
    "off": 17605,
    "sff": "long"
  },
  {
    "docID": "N089 Carter, McMahon et al. 2011",
    "et": "Female",
    "off": 5518,
    "sff": "female"
  },
  {
    "docID": "N089 Carter, McMahon et al. 2011",
    "et": "Age",
    "off": 19244,
    "sff": "4 weeks"
  },
  {
    "docID": "N089 Carter, McMahon et al. 2011",
    "et": "Age",
    "off": 31011,
    "sff": "one month"
  },
  {
    "docID": "N089 Carter, McMahon et al. 2011",
    "et": "Age",
    "off": 6008,
    "sff": "8 weeks"
  },
  {
    "docID": "N089 Carter, McMahon et al. 2011",
    "et": "Age",
    "off": 18004,
    "sff": "four weeks"
  },
  {
    "docID": "N089 Carter, McMahon et al. 2011",
    "et": "Age",
    "off": 23156,
    "sff": "8 weeks"
  },
  {
    "docID": "N089 Carter, McMahon et al. 2011",
    "et": "Age",
    "off": 21187,
    "sff": "8 weeks"
  },
  {
    "docID": "N089 Carter, McMahon et al. 2011",
    "et": "Age",
    "off": 1230,
    "sff": "Eight weeks"
  },
  {
    "docID": "N089 Carter, McMahon et al. 2011",
    "et": "Age",
    "off": 19266,
    "sff": "8 weeks"
  },
  {
    "docID": "N089 Carter, McMahon et al. 2011",
    "et": "Age",
    "off": 20098,
    "sff": "1D"
  },
  {
    "docID": "N089 Carter, McMahon et al. 2011",
    "et": "Age",
    "off": 24000,
    "sff": "8 weeks"
  },
  {
    "docID": "N089 Carter, McMahon et al. 2011",
    "et": "Age",
    "off": 21424,
    "sff": "4 weeks"
  },
  {
    "docID": "N089 Carter, McMahon et al. 2011",
    "et": "Age",
    "off": 11614,
    "sff": "8 week"
  },
  {
    "docID": "N089 Carter, McMahon et al. 2011",
    "et": "Age",
    "off": 19517,
    "sff": "8 weeks"
  },
  {
    "docID": "N089 Carter, McMahon et al. 2011",
    "et": "Age",
    "off": 20796,
    "sff": "8 weeks"
  },
  {
    "docID": "N089 Carter, McMahon et al. 2011",
    "et": "Age",
    "off": 22858,
    "sff": "8 weeks"
  },
  {
    "docID": "N089 Carter, McMahon et al. 2011",
    "et": "Age",
    "off": 21449,
    "sff": "8 weeks"
  },
  {
    "docID": "N089 Carter, McMahon et al. 2011",
    "et": "Age",
    "off": 29135,
    "sff": "3D"
  },
  {
    "docID": "N089 Carter, McMahon et al. 2011",
    "et": "Age",
    "off": 5497,
    "sff": "8–10 weeks"
  },
  {
    "docID": "N089 Carter, McMahon et al. 2011",
    "et": "Age",
    "off": 19493,
    "sff": "4 weeks"
  },
  {
    "docID": "N089 Carter, McMahon et al. 2011",
    "et": "Age",
    "off": 25189,
    "sff": "4 weeks"
  },
  {
    "docID": "N089 Carter, McMahon et al. 2011",
    "et": "Age",
    "off": 27224,
    "sff": "four weeks"
  },
  {
    "docID": "N089 Carter, McMahon et al. 2011",
    "et": "Age",
    "off": 25779,
    "sff": "2D"
  },
  {
    "docID": "N089 Carter, McMahon et al. 2011",
    "et": "Age",
    "off": 5008,
    "sff": "8 weeks"
  },
  {
    "docID": "N089 Carter, McMahon et al. 2011",
    "et": "Age",
    "off": 21520,
    "sff": "8 weeks"
  },
  {
    "docID": "N089 Carter, McMahon et al. 2011",
    "et": "Age",
    "off": 6289,
    "sff": "Two days"
  },
  {
    "docID": "N089 Carter, McMahon et al. 2011",
    "et": "Age",
    "off": 15323,
    "sff": "8 weeks"
  },
  {
    "docID": "N089 Carter, McMahon et al. 2011",
    "et": "Age",
    "off": 15447,
    "sff": "1 month"
  },
  {
    "docID": "N089 Carter, McMahon et al. 2011",
    "et": "Age",
    "off": 28720,
    "sff": "four weeks"
  },
  {
    "docID": "N089 Carter, McMahon et al. 2011",
    "et": "Age",
    "off": 1213,
    "sff": "one month"
  },
  {
    "docID": "N089 Carter, McMahon et al. 2011",
    "et": "Age",
    "off": 4268,
    "sff": "7 days"
  },
  {
    "docID": "N089 Carter, McMahon et al. 2011",
    "et": "Age",
    "off": 8021,
    "sff": "8 weeks"
  },
  {
    "docID": "N089 Carter, McMahon et al. 2011",
    "et": "Age",
    "off": 32902,
    "sff": "one year"
  },
  {
    "docID": "N089 Carter, McMahon et al. 2011",
    "et": "Age",
    "off": 7904,
    "sff": "38 days"
  },
  {
    "docID": "N089 Carter, McMahon et al. 2011",
    "et": "Age",
    "off": 15708,
    "sff": "8 weeks"
  },
  {
    "docID": "N089 Carter, McMahon et al. 2011",
    "et": "Age",
    "off": 5929,
    "sff": "8 weeks"
  },
  {
    "docID": "N089 Carter, McMahon et al. 2011",
    "et": "Age",
    "off": 28804,
    "sff": "four weeks"
  },
  {
    "docID": "N089 Carter, McMahon et al. 2011",
    "et": "Age",
    "off": 18470,
    "sff": "8 weeks"
  },
  {
    "docID": "N089 Carter, McMahon et al. 2011",
    "et": "Age",
    "off": 4677,
    "sff": "1 month"
  },
  {
    "docID": "N089 Carter, McMahon et al. 2011",
    "et": "Age",
    "off": 7731,
    "sff": "10 days"
  },
  {
    "docID": "N089 Carter, McMahon et al. 2011",
    "et": "Age",
    "off": 22459,
    "sff": "4 weeks"
  },
  {
    "docID": "N089 Carter, McMahon et al. 2011",
    "et": "Age",
    "off": 20580,
    "sff": "8 weeks"
  },
  {
    "docID": "N089 Carter, McMahon et al. 2011",
    "et": "Age",
    "off": 14366,
    "sff": "eight weeks"
  },
  {
    "docID": "N089 Carter, McMahon et al. 2011",
    "et": "Age",
    "off": 22642,
    "sff": "8 weeks"
  },
  {
    "docID": "N089 Carter, McMahon et al. 2011",
    "et": "Age",
    "off": 14535,
    "sff": "4 weeks"
  },
  {
    "docID": "N089 Carter, McMahon et al. 2011",
    "et": "Age",
    "off": 18422,
    "sff": "four weeks"
  },
  {
    "docID": "N089 Carter, McMahon et al. 2011",
    "et": "Age",
    "off": 30443,
    "sff": "one month"
  }
]
