[
  {
    "docID": "N090 Carter, Starkey et al. 2008",
    "et": "Weight",
    "off": 44069,
    "sff": "6G"
  },
  {
    "docID": "N090 Carter, Starkey et al. 2008",
    "et": "Weight",
    "off": 50123,
    "sff": "8G"
  },
  {
    "docID": "N090 Carter, Starkey et al. 2008",
    "et": "Weight",
    "off": 7642,
    "sff": "20 g"
  },
  {
    "docID": "N090 Carter, Starkey et al. 2008",
    "et": "Weight",
    "off": 5945,
    "sff": "20-25 g"
  },
  {
    "docID": "N090 Carter, Starkey et al. 2008",
    "et": "RabbitSpecies",
    "off": 21537,
    "sff": "rabbit"
  },
  {
    "docID": "N090 Carter, Starkey et al. 2008",
    "et": "RabbitSpecies",
    "off": 21600,
    "sff": "rabbit"
  },
  {
    "docID": "N090 Carter, Starkey et al. 2008",
    "et": "RabbitSpecies",
    "off": 20748,
    "sff": "rabbit"
  },
  {
    "docID": "N090 Carter, Starkey et al. 2008",
    "et": "RabbitSpecies",
    "off": 21512,
    "sff": "rabbit"
  },
  {
    "docID": "N090 Carter, Starkey et al. 2008",
    "et": "RabbitSpecies",
    "off": 20795,
    "sff": "rabbit"
  },
  {
    "docID": "N090 Carter, Starkey et al. 2008",
    "et": "RabbitSpecies",
    "off": 20837,
    "sff": "rabbit"
  },
  {
    "docID": "N090 Carter, Starkey et al. 2008",
    "et": "RabbitSpecies",
    "off": 20869,
    "sff": "rabbit"
  },
  {
    "docID": "N090 Carter, Starkey et al. 2008",
    "et": "RabbitSpecies",
    "off": 21495,
    "sff": "rabbit"
  },
  {
    "docID": "N090 Carter, Starkey et al. 2008",
    "et": "MouseModel",
    "off": 44744,
    "sff": "mouse"
  },
  {
    "docID": "N090 Carter, Starkey et al. 2008",
    "et": "MouseModel",
    "off": 46154,
    "sff": "mouse"
  },
  {
    "docID": "N090 Carter, Starkey et al. 2008",
    "et": "MouseModel",
    "off": 35012,
    "sff": "mouse"
  },
  {
    "docID": "N090 Carter, Starkey et al. 2008",
    "et": "MouseModel",
    "off": 24773,
    "sff": "mouse"
  },
  {
    "docID": "N090 Carter, Starkey et al. 2008",
    "et": "MouseModel",
    "off": 38213,
    "sff": "mouse"
  },
  {
    "docID": "N090 Carter, Starkey et al. 2008",
    "et": "MouseModel",
    "off": 52869,
    "sff": "mouse"
  },
  {
    "docID": "N090 Carter, Starkey et al. 2008",
    "et": "MouseModel",
    "off": 55376,
    "sff": "mouse"
  },
  {
    "docID": "N090 Carter, Starkey et al. 2008",
    "et": "MouseModel",
    "off": 4107,
    "sff": "mouse"
  },
  {
    "docID": "N090 Carter, Starkey et al. 2008",
    "et": "MouseModel",
    "off": 887,
    "sff": "mouse"
  },
  {
    "docID": "N090 Carter, Starkey et al. 2008",
    "et": "MouseModel",
    "off": 7482,
    "sff": "mouse"
  },
  {
    "docID": "N090 Carter, Starkey et al. 2008",
    "et": "MouseModel",
    "off": 45753,
    "sff": "mouse"
  },
  {
    "docID": "N090 Carter, Starkey et al. 2008",
    "et": "MouseModel",
    "off": 51961,
    "sff": "mouse"
  },
  {
    "docID": "N090 Carter, Starkey et al. 2008",
    "et": "MouseModel",
    "off": 24192,
    "sff": "mouse"
  },
  {
    "docID": "N090 Carter, Starkey et al. 2008",
    "et": "MouseModel",
    "off": 23169,
    "sff": "mouse"
  },
  {
    "docID": "N090 Carter, Starkey et al. 2008",
    "et": "MouseModel",
    "off": 28225,
    "sff": "mouse"
  },
  {
    "docID": "N090 Carter, Starkey et al. 2008",
    "et": "MouseModel",
    "off": 47166,
    "sff": "mouse"
  },
  {
    "docID": "N090 Carter, Starkey et al. 2008",
    "et": "MouseModel",
    "off": 14846,
    "sff": "mouse"
  },
  {
    "docID": "N090 Carter, Starkey et al. 2008",
    "et": "MouseModel",
    "off": 1895,
    "sff": "mouse"
  },
  {
    "docID": "N090 Carter, Starkey et al. 2008",
    "et": "MouseModel",
    "off": 40,
    "sff": "mouse"
  },
  {
    "docID": "N090 Carter, Starkey et al. 2008",
    "et": "MouseModel",
    "off": 23075,
    "sff": "mouse"
  },
  {
    "docID": "N090 Carter, Starkey et al. 2008",
    "et": "MouseModel",
    "off": 54435,
    "sff": "mouse"
  },
  {
    "docID": "N090 Carter, Starkey et al. 2008",
    "et": "MouseModel",
    "off": 24293,
    "sff": "mouse"
  },
  {
    "docID": "N090 Carter, Starkey et al. 2008",
    "et": "MouseModel",
    "off": 27110,
    "sff": "mouse"
  },
  {
    "docID": "N090 Carter, Starkey et al. 2008",
    "et": "MouseModel",
    "off": 54959,
    "sff": "mouse"
  },
  {
    "docID": "N090 Carter, Starkey et al. 2008",
    "et": "MouseModel",
    "off": 54124,
    "sff": "mouse"
  },
  {
    "docID": "N090 Carter, Starkey et al. 2008",
    "et": "MouseModel",
    "off": 53803,
    "sff": "mouse"
  },
  {
    "docID": "N090 Carter, Starkey et al. 2008",
    "et": "MouseModel",
    "off": 33300,
    "sff": "mouse"
  },
  {
    "docID": "N090 Carter, Starkey et al. 2008",
    "et": "MouseModel",
    "off": 46035,
    "sff": "mouse"
  },
  {
    "docID": "N090 Carter, Starkey et al. 2008",
    "et": "MouseModel",
    "off": 30870,
    "sff": "mouse"
  },
  {
    "docID": "N090 Carter, Starkey et al. 2008",
    "et": "MouseModel",
    "off": 25506,
    "sff": "mouse"
  },
  {
    "docID": "N090 Carter, Starkey et al. 2008",
    "et": "MouseModel",
    "off": 27041,
    "sff": "mouse"
  },
  {
    "docID": "N090 Carter, Starkey et al. 2008",
    "et": "MouseModel",
    "off": 26843,
    "sff": "mouse"
  },
  {
    "docID": "N090 Carter, Starkey et al. 2008",
    "et": "MouseModel",
    "off": 54302,
    "sff": "mouse"
  },
  {
    "docID": "N090 Carter, Starkey et al. 2008",
    "et": "MouseModel",
    "off": 18590,
    "sff": "mouse"
  },
  {
    "docID": "N090 Carter, Starkey et al. 2008",
    "et": "MouseModel",
    "off": 20958,
    "sff": "mouse"
  },
  {
    "docID": "N090 Carter, Starkey et al. 2008",
    "et": "MouseModel",
    "off": 34653,
    "sff": "mouse"
  },
  {
    "docID": "N090 Carter, Starkey et al. 2008",
    "et": "MouseModel",
    "off": 37021,
    "sff": "mouse"
  },
  {
    "docID": "N090 Carter, Starkey et al. 2008",
    "et": "RabbitModel",
    "off": 20837,
    "sff": "rabbit"
  },
  {
    "docID": "N090 Carter, Starkey et al. 2008",
    "et": "RabbitModel",
    "off": 20869,
    "sff": "rabbit"
  },
  {
    "docID": "N090 Carter, Starkey et al. 2008",
    "et": "RabbitModel",
    "off": 21512,
    "sff": "rabbit"
  },
  {
    "docID": "N090 Carter, Starkey et al. 2008",
    "et": "RabbitModel",
    "off": 21495,
    "sff": "rabbit"
  },
  {
    "docID": "N090 Carter, Starkey et al. 2008",
    "et": "RabbitModel",
    "off": 21537,
    "sff": "rabbit"
  },
  {
    "docID": "N090 Carter, Starkey et al. 2008",
    "et": "RabbitModel",
    "off": 21600,
    "sff": "rabbit"
  },
  {
    "docID": "N090 Carter, Starkey et al. 2008",
    "et": "RabbitModel",
    "off": 20748,
    "sff": "rabbit"
  },
  {
    "docID": "N090 Carter, Starkey et al. 2008",
    "et": "RabbitModel",
    "off": 20795,
    "sff": "rabbit"
  },
  {
    "docID": "N090 Carter, Starkey et al. 2008",
    "et": "AgeCategory",
    "off": 352,
    "sff": "Age"
  },
  {
    "docID": "N090 Carter, Starkey et al. 2008",
    "et": "C57_BL6_Mouse",
    "off": 5314,
    "sff": "C57 BL/6"
  },
  {
    "docID": "N090 Carter, Starkey et al. 2008",
    "et": "C57_BL6_Mouse",
    "off": 5314,
    "sff": "C57"
  },
  {
    "docID": "N090 Carter, Starkey et al. 2008",
    "et": "Male",
    "off": 5896,
    "sff": "male"
  },
  {
    "docID": "N090 Carter, Starkey et al. 2008",
    "et": "MouseSpecies",
    "off": 887,
    "sff": "mouse"
  },
  {
    "docID": "N090 Carter, Starkey et al. 2008",
    "et": "MouseSpecies",
    "off": 45753,
    "sff": "mouse"
  },
  {
    "docID": "N090 Carter, Starkey et al. 2008",
    "et": "MouseSpecies",
    "off": 51961,
    "sff": "mouse"
  },
  {
    "docID": "N090 Carter, Starkey et al. 2008",
    "et": "MouseSpecies",
    "off": 7482,
    "sff": "mouse"
  },
  {
    "docID": "N090 Carter, Starkey et al. 2008",
    "et": "MouseSpecies",
    "off": 24192,
    "sff": "mouse"
  },
  {
    "docID": "N090 Carter, Starkey et al. 2008",
    "et": "MouseSpecies",
    "off": 23169,
    "sff": "mouse"
  },
  {
    "docID": "N090 Carter, Starkey et al. 2008",
    "et": "MouseSpecies",
    "off": 28225,
    "sff": "mouse"
  },
  {
    "docID": "N090 Carter, Starkey et al. 2008",
    "et": "MouseSpecies",
    "off": 14846,
    "sff": "mouse"
  },
  {
    "docID": "N090 Carter, Starkey et al. 2008",
    "et": "MouseSpecies",
    "off": 47166,
    "sff": "mouse"
  },
  {
    "docID": "N090 Carter, Starkey et al. 2008",
    "et": "MouseSpecies",
    "off": 35012,
    "sff": "mouse"
  },
  {
    "docID": "N090 Carter, Starkey et al. 2008",
    "et": "MouseSpecies",
    "off": 24773,
    "sff": "mouse"
  },
  {
    "docID": "N090 Carter, Starkey et al. 2008",
    "et": "MouseSpecies",
    "off": 38213,
    "sff": "mouse"
  },
  {
    "docID": "N090 Carter, Starkey et al. 2008",
    "et": "MouseSpecies",
    "off": 52869,
    "sff": "mouse"
  },
  {
    "docID": "N090 Carter, Starkey et al. 2008",
    "et": "MouseSpecies",
    "off": 1895,
    "sff": "mouse"
  },
  {
    "docID": "N090 Carter, Starkey et al. 2008",
    "et": "MouseSpecies",
    "off": 27110,
    "sff": "mouse"
  },
  {
    "docID": "N090 Carter, Starkey et al. 2008",
    "et": "MouseSpecies",
    "off": 40,
    "sff": "mouse"
  },
  {
    "docID": "N090 Carter, Starkey et al. 2008",
    "et": "MouseSpecies",
    "off": 54124,
    "sff": "mouse"
  },
  {
    "docID": "N090 Carter, Starkey et al. 2008",
    "et": "MouseSpecies",
    "off": 53803,
    "sff": "mouse"
  },
  {
    "docID": "N090 Carter, Starkey et al. 2008",
    "et": "MouseSpecies",
    "off": 54959,
    "sff": "mouse"
  },
  {
    "docID": "N090 Carter, Starkey et al. 2008",
    "et": "MouseSpecies",
    "off": 30870,
    "sff": "mouse"
  },
  {
    "docID": "N090 Carter, Starkey et al. 2008",
    "et": "MouseSpecies",
    "off": 34653,
    "sff": "mouse"
  },
  {
    "docID": "N090 Carter, Starkey et al. 2008",
    "et": "MouseSpecies",
    "off": 37021,
    "sff": "mouse"
  },
  {
    "docID": "N090 Carter, Starkey et al. 2008",
    "et": "MouseSpecies",
    "off": 26843,
    "sff": "mouse"
  },
  {
    "docID": "N090 Carter, Starkey et al. 2008",
    "et": "MouseSpecies",
    "off": 27041,
    "sff": "mouse"
  },
  {
    "docID": "N090 Carter, Starkey et al. 2008",
    "et": "MouseSpecies",
    "off": 18590,
    "sff": "mouse"
  },
  {
    "docID": "N090 Carter, Starkey et al. 2008",
    "et": "MouseSpecies",
    "off": 20958,
    "sff": "mouse"
  },
  {
    "docID": "N090 Carter, Starkey et al. 2008",
    "et": "MouseSpecies",
    "off": 54302,
    "sff": "mouse"
  },
  {
    "docID": "N090 Carter, Starkey et al. 2008",
    "et": "MouseSpecies",
    "off": 24293,
    "sff": "mouse"
  },
  {
    "docID": "N090 Carter, Starkey et al. 2008",
    "et": "MouseSpecies",
    "off": 25506,
    "sff": "mouse"
  },
  {
    "docID": "N090 Carter, Starkey et al. 2008",
    "et": "MouseSpecies",
    "off": 23075,
    "sff": "mouse"
  },
  {
    "docID": "N090 Carter, Starkey et al. 2008",
    "et": "MouseSpecies",
    "off": 54435,
    "sff": "mouse"
  },
  {
    "docID": "N090 Carter, Starkey et al. 2008",
    "et": "MouseSpecies",
    "off": 44744,
    "sff": "mouse"
  },
  {
    "docID": "N090 Carter, Starkey et al. 2008",
    "et": "MouseSpecies",
    "off": 4107,
    "sff": "mouse"
  },
  {
    "docID": "N090 Carter, Starkey et al. 2008",
    "et": "MouseSpecies",
    "off": 46154,
    "sff": "mouse"
  },
  {
    "docID": "N090 Carter, Starkey et al. 2008",
    "et": "MouseSpecies",
    "off": 55376,
    "sff": "mouse"
  },
  {
    "docID": "N090 Carter, Starkey et al. 2008",
    "et": "MouseSpecies",
    "off": 33300,
    "sff": "mouse"
  },
  {
    "docID": "N090 Carter, Starkey et al. 2008",
    "et": "MouseSpecies",
    "off": 46035,
    "sff": "mouse"
  },
  {
    "docID": "N090 Carter, Starkey et al. 2008",
    "et": "Adult",
    "off": 2856,
    "sff": "adult"
  },
  {
    "docID": "N090 Carter, Starkey et al. 2008",
    "et": "Adult",
    "off": 57802,
    "sff": "adult"
  },
  {
    "docID": "N090 Carter, Starkey et al. 2008",
    "et": "Adult",
    "off": 57892,
    "sff": "adult"
  },
  {
    "docID": "N090 Carter, Starkey et al. 2008",
    "et": "Adult",
    "off": 3392,
    "sff": "adult"
  },
  {
    "docID": "N090 Carter, Starkey et al. 2008",
    "et": "Adult",
    "off": 53248,
    "sff": "adult"
  },
  {
    "docID": "N090 Carter, Starkey et al. 2008",
    "et": "Adult",
    "off": 5890,
    "sff": "adult"
  },
  {
    "docID": "N090 Carter, Starkey et al. 2008",
    "et": "Adult",
    "off": 639,
    "sff": "adult"
  },
  {
    "docID": "N090 Carter, Starkey et al. 2008",
    "et": "LongEvansRat",
    "off": 30983,
    "sff": "long"
  },
  {
    "docID": "N090 Carter, Starkey et al. 2008",
    "et": "LongEvansRat",
    "off": 63051,
    "sff": "long"
  },
  {
    "docID": "N090 Carter, Starkey et al. 2008",
    "et": "LongEvansRat",
    "off": 8043,
    "sff": "long"
  },
  {
    "docID": "N090 Carter, Starkey et al. 2008",
    "et": "Female",
    "off": 5905,
    "sff": "female"
  },
  {
    "docID": "N090 Carter, Starkey et al. 2008",
    "et": "Age",
    "off": 7115,
    "sff": "four weeks"
  },
  {
    "docID": "N090 Carter, Starkey et al. 2008",
    "et": "Age",
    "off": 26058,
    "sff": "four weeks"
  },
  {
    "docID": "N090 Carter, Starkey et al. 2008",
    "et": "Age",
    "off": 972,
    "sff": "four weeks"
  },
  {
    "docID": "N090 Carter, Starkey et al. 2008",
    "et": "Age",
    "off": 47629,
    "sff": "four weeks"
  },
  {
    "docID": "N090 Carter, Starkey et al. 2008",
    "et": "Age",
    "off": 6110,
    "sff": "2 weeks"
  },
  {
    "docID": "N090 Carter, Starkey et al. 2008",
    "et": "Age",
    "off": 6456,
    "sff": "1 week"
  },
  {
    "docID": "N090 Carter, Starkey et al. 2008",
    "et": "Age",
    "off": 36909,
    "sff": "4 weeks"
  },
  {
    "docID": "N090 Carter, Starkey et al. 2008",
    "et": "Age",
    "off": 27822,
    "sff": "Four weeks"
  },
  {
    "docID": "N090 Carter, Starkey et al. 2008",
    "et": "Age",
    "off": 43105,
    "sff": "6D"
  },
  {
    "docID": "N090 Carter, Starkey et al. 2008",
    "et": "Age",
    "off": 45636,
    "sff": "7D"
  },
  {
    "docID": "N090 Carter, Starkey et al. 2008",
    "et": "Age",
    "off": 37710,
    "sff": "4 week"
  },
  {
    "docID": "N090 Carter, Starkey et al. 2008",
    "et": "Age",
    "off": 24831,
    "sff": "4 weeks"
  },
  {
    "docID": "N090 Carter, Starkey et al. 2008",
    "et": "Age",
    "off": 37936,
    "sff": "4 weeks"
  },
  {
    "docID": "N090 Carter, Starkey et al. 2008",
    "et": "Age",
    "off": 6129,
    "sff": "4 weeks"
  },
  {
    "docID": "N090 Carter, Starkey et al. 2008",
    "et": "Age",
    "off": 36588,
    "sff": "3D"
  },
  {
    "docID": "N090 Carter, Starkey et al. 2008",
    "et": "Age",
    "off": 35572,
    "sff": "four weeks"
  },
  {
    "docID": "N090 Carter, Starkey et al. 2008",
    "et": "Age",
    "off": 61364,
    "sff": "4 weeks"
  },
  {
    "docID": "N090 Carter, Starkey et al. 2008",
    "et": "Age",
    "off": 49150,
    "sff": "8D"
  },
  {
    "docID": "N090 Carter, Starkey et al. 2008",
    "et": "Age",
    "off": 35388,
    "sff": "2 weeks"
  },
  {
    "docID": "N090 Carter, Starkey et al. 2008",
    "et": "Age",
    "off": 38374,
    "sff": "four weeks"
  },
  {
    "docID": "N090 Carter, Starkey et al. 2008",
    "et": "Age",
    "off": 5931,
    "sff": "12 weeks old"
  },
  {
    "docID": "N090 Carter, Starkey et al. 2008",
    "et": "Age",
    "off": 6784,
    "sff": "4 weeks"
  },
  {
    "docID": "N090 Carter, Starkey et al. 2008",
    "et": "Age",
    "off": 31950,
    "sff": "Four weeks"
  },
  {
    "docID": "N090 Carter, Starkey et al. 2008",
    "et": "Age",
    "off": 58883,
    "sff": "two weeks"
  },
  {
    "docID": "N090 Carter, Starkey et al. 2008",
    "et": "Age",
    "off": 26278,
    "sff": "one week"
  },
  {
    "docID": "N090 Carter, Starkey et al. 2008",
    "et": "Age",
    "off": 37909,
    "sff": "1 week"
  },
  {
    "docID": "N090 Carter, Starkey et al. 2008",
    "et": "Age",
    "off": 35782,
    "sff": "4 weeks"
  },
  {
    "docID": "N090 Carter, Starkey et al. 2008",
    "et": "Age",
    "off": 37950,
    "sff": "4D"
  },
  {
    "docID": "N090 Carter, Starkey et al. 2008",
    "et": "Age",
    "off": 53596,
    "sff": "14 days"
  },
  {
    "docID": "N090 Carter, Starkey et al. 2008",
    "et": "Age",
    "off": 59034,
    "sff": "four weeks"
  },
  {
    "docID": "N090 Carter, Starkey et al. 2008",
    "et": "Age",
    "off": 34304,
    "sff": "1D"
  },
  {
    "docID": "N090 Carter, Starkey et al. 2008",
    "et": "Age",
    "off": 25939,
    "sff": "One week"
  },
  {
    "docID": "N090 Carter, Starkey et al. 2008",
    "et": "Age",
    "off": 25046,
    "sff": "four weeks"
  },
  {
    "docID": "N090 Carter, Starkey et al. 2008",
    "et": "Age",
    "off": 6483,
    "sff": "four weeks"
  },
  {
    "docID": "N090 Carter, Starkey et al. 2008",
    "et": "Age",
    "off": 7094,
    "sff": "one week"
  },
  {
    "docID": "N090 Carter, Starkey et al. 2008",
    "et": "Age",
    "off": 26322,
    "sff": "four weeks"
  },
  {
    "docID": "N090 Carter, Starkey et al. 2008",
    "et": "Age",
    "off": 38993,
    "sff": "4 weeks"
  },
  {
    "docID": "N090 Carter, Starkey et al. 2008",
    "et": "Age",
    "off": 8914,
    "sff": "One day"
  },
  {
    "docID": "N090 Carter, Starkey et al. 2008",
    "et": "Age",
    "off": 48529,
    "sff": "four weeks"
  },
  {
    "docID": "N090 Carter, Starkey et al. 2008",
    "et": "Age",
    "off": 44773,
    "sff": "Four weeks"
  }
]
