[
  {
    "docID": "N092 Cote, Hanna et al. 2010",
    "et": "Weight",
    "off": 6002,
    "sff": "2.5–3.5 kg"
  },
  {
    "docID": "N092 Cote, Hanna et al. 2010",
    "et": "RatModel",
    "off": 33918,
    "sff": "rat"
  },
  {
    "docID": "N092 Cote, Hanna et al. 2010",
    "et": "RatModel",
    "off": 509,
    "sff": "rat"
  },
  {
    "docID": "N092 Cote, Hanna et al. 2010",
    "et": "RatModel",
    "off": 34621,
    "sff": "rat"
  },
  {
    "docID": "N092 Cote, Hanna et al. 2010",
    "et": "RatModel",
    "off": 37277,
    "sff": "rat"
  },
  {
    "docID": "N092 Cote, Hanna et al. 2010",
    "et": "RatModel",
    "off": 29093,
    "sff": "rat"
  },
  {
    "docID": "N092 Cote, Hanna et al. 2010",
    "et": "RatModel",
    "off": 30821,
    "sff": "rat"
  },
  {
    "docID": "N092 Cote, Hanna et al. 2010",
    "et": "RatModel",
    "off": 35492,
    "sff": "rat"
  },
  {
    "docID": "N092 Cote, Hanna et al. 2010",
    "et": "NewZealandRabbit",
    "off": 36707,
    "sff": "new"
  },
  {
    "docID": "N092 Cote, Hanna et al. 2010",
    "et": "RabbitSpecies",
    "off": 30581,
    "sff": "rabbit"
  },
  {
    "docID": "N092 Cote, Hanna et al. 2010",
    "et": "RabbitSpecies",
    "off": 15915,
    "sff": "rabbit"
  },
  {
    "docID": "N092 Cote, Hanna et al. 2010",
    "et": "DogSpecies",
    "off": 30577,
    "sff": "dog"
  },
  {
    "docID": "N092 Cote, Hanna et al. 2010",
    "et": "DogModel",
    "off": 30577,
    "sff": "dog"
  },
  {
    "docID": "N092 Cote, Hanna et al. 2010",
    "et": "RabbitModel",
    "off": 15915,
    "sff": "rabbit"
  },
  {
    "docID": "N092 Cote, Hanna et al. 2010",
    "et": "RabbitModel",
    "off": 30581,
    "sff": "rabbit"
  },
  {
    "docID": "N092 Cote, Hanna et al. 2010",
    "et": "RatSpecies",
    "off": 34621,
    "sff": "rat"
  },
  {
    "docID": "N092 Cote, Hanna et al. 2010",
    "et": "RatSpecies",
    "off": 37277,
    "sff": "rat"
  },
  {
    "docID": "N092 Cote, Hanna et al. 2010",
    "et": "RatSpecies",
    "off": 33918,
    "sff": "rat"
  },
  {
    "docID": "N092 Cote, Hanna et al. 2010",
    "et": "RatSpecies",
    "off": 509,
    "sff": "rat"
  },
  {
    "docID": "N092 Cote, Hanna et al. 2010",
    "et": "RatSpecies",
    "off": 29093,
    "sff": "rat"
  },
  {
    "docID": "N092 Cote, Hanna et al. 2010",
    "et": "RatSpecies",
    "off": 30821,
    "sff": "rat"
  },
  {
    "docID": "N092 Cote, Hanna et al. 2010",
    "et": "RatSpecies",
    "off": 35492,
    "sff": "rat"
  },
  {
    "docID": "N092 Cote, Hanna et al. 2010",
    "et": "CatSpecies",
    "off": 31209,
    "sff": "cat"
  },
  {
    "docID": "N092 Cote, Hanna et al. 2010",
    "et": "CatSpecies",
    "off": 34828,
    "sff": "cat"
  },
  {
    "docID": "N092 Cote, Hanna et al. 2010",
    "et": "CatSpecies",
    "off": 30573,
    "sff": "cat"
  },
  {
    "docID": "N092 Cote, Hanna et al. 2010",
    "et": "CatSpecies",
    "off": 37040,
    "sff": "cat"
  },
  {
    "docID": "N092 Cote, Hanna et al. 2010",
    "et": "CatSpecies",
    "off": 12577,
    "sff": "cat"
  },
  {
    "docID": "N092 Cote, Hanna et al. 2010",
    "et": "CatSpecies",
    "off": 19428,
    "sff": "cat"
  },
  {
    "docID": "N092 Cote, Hanna et al. 2010",
    "et": "CatSpecies",
    "off": 30916,
    "sff": "cat"
  },
  {
    "docID": "N092 Cote, Hanna et al. 2010",
    "et": "CatSpecies",
    "off": 5594,
    "sff": "cat"
  },
  {
    "docID": "N092 Cote, Hanna et al. 2010",
    "et": "CatSpecies",
    "off": 22940,
    "sff": "cat"
  },
  {
    "docID": "N092 Cote, Hanna et al. 2010",
    "et": "CatSpecies",
    "off": 29085,
    "sff": "cat"
  },
  {
    "docID": "N092 Cote, Hanna et al. 2010",
    "et": "CatSpecies",
    "off": 34481,
    "sff": "Cat"
  },
  {
    "docID": "N092 Cote, Hanna et al. 2010",
    "et": "CatSpecies",
    "off": 16561,
    "sff": "cat"
  },
  {
    "docID": "N092 Cote, Hanna et al. 2010",
    "et": "CatSpecies",
    "off": 22676,
    "sff": "cat"
  },
  {
    "docID": "N092 Cote, Hanna et al. 2010",
    "et": "CatSpecies",
    "off": 34739,
    "sff": "cat"
  },
  {
    "docID": "N092 Cote, Hanna et al. 2010",
    "et": "CatSpecies",
    "off": 34262,
    "sff": "cat"
  },
  {
    "docID": "N092 Cote, Hanna et al. 2010",
    "et": "CatSpecies",
    "off": 21717,
    "sff": "cat"
  },
  {
    "docID": "N092 Cote, Hanna et al. 2010",
    "et": "CatSpecies",
    "off": 18167,
    "sff": "cat"
  },
  {
    "docID": "N092 Cote, Hanna et al. 2010",
    "et": "Adult",
    "off": 836,
    "sff": "Adult"
  },
  {
    "docID": "N092 Cote, Hanna et al. 2010",
    "et": "Adult",
    "off": 5962,
    "sff": "adult"
  },
  {
    "docID": "N092 Cote, Hanna et al. 2010",
    "et": "Adult",
    "off": 38820,
    "sff": "adult"
  },
  {
    "docID": "N092 Cote, Hanna et al. 2010",
    "et": "Adult",
    "off": 2673,
    "sff": "adult"
  },
  {
    "docID": "N092 Cote, Hanna et al. 2010",
    "et": "Adult",
    "off": 62,
    "sff": "Adult"
  },
  {
    "docID": "N092 Cote, Hanna et al. 2010",
    "et": "LongEvansRat",
    "off": 8528,
    "sff": "long"
  },
  {
    "docID": "N092 Cote, Hanna et al. 2010",
    "et": "LongEvansRat",
    "off": 26862,
    "sff": "long"
  },
  {
    "docID": "N092 Cote, Hanna et al. 2010",
    "et": "LongEvansRat",
    "off": 26765,
    "sff": "long"
  },
  {
    "docID": "N092 Cote, Hanna et al. 2010",
    "et": "LongEvansRat",
    "off": 38476,
    "sff": "long"
  },
  {
    "docID": "N092 Cote, Hanna et al. 2010",
    "et": "LongEvansRat",
    "off": 26594,
    "sff": "long"
  },
  {
    "docID": "N092 Cote, Hanna et al. 2010",
    "et": "LongEvansRat",
    "off": 39490,
    "sff": "long"
  },
  {
    "docID": "N092 Cote, Hanna et al. 2010",
    "et": "CatModel",
    "off": 37040,
    "sff": "cat"
  },
  {
    "docID": "N092 Cote, Hanna et al. 2010",
    "et": "CatModel",
    "off": 16561,
    "sff": "cat"
  },
  {
    "docID": "N092 Cote, Hanna et al. 2010",
    "et": "CatModel",
    "off": 21717,
    "sff": "cat"
  },
  {
    "docID": "N092 Cote, Hanna et al. 2010",
    "et": "CatModel",
    "off": 22676,
    "sff": "cat"
  },
  {
    "docID": "N092 Cote, Hanna et al. 2010",
    "et": "CatModel",
    "off": 34739,
    "sff": "cat"
  },
  {
    "docID": "N092 Cote, Hanna et al. 2010",
    "et": "CatModel",
    "off": 18167,
    "sff": "cat"
  },
  {
    "docID": "N092 Cote, Hanna et al. 2010",
    "et": "CatModel",
    "off": 34262,
    "sff": "cat"
  },
  {
    "docID": "N092 Cote, Hanna et al. 2010",
    "et": "CatModel",
    "off": 5594,
    "sff": "cat"
  },
  {
    "docID": "N092 Cote, Hanna et al. 2010",
    "et": "CatModel",
    "off": 29085,
    "sff": "cat"
  },
  {
    "docID": "N092 Cote, Hanna et al. 2010",
    "et": "CatModel",
    "off": 22940,
    "sff": "cat"
  },
  {
    "docID": "N092 Cote, Hanna et al. 2010",
    "et": "CatModel",
    "off": 12577,
    "sff": "cat"
  },
  {
    "docID": "N092 Cote, Hanna et al. 2010",
    "et": "CatModel",
    "off": 19428,
    "sff": "cat"
  },
  {
    "docID": "N092 Cote, Hanna et al. 2010",
    "et": "CatModel",
    "off": 30916,
    "sff": "cat"
  },
  {
    "docID": "N092 Cote, Hanna et al. 2010",
    "et": "CatModel",
    "off": 31209,
    "sff": "cat"
  },
  {
    "docID": "N092 Cote, Hanna et al. 2010",
    "et": "CatModel",
    "off": 34481,
    "sff": "Cat"
  },
  {
    "docID": "N092 Cote, Hanna et al. 2010",
    "et": "CatModel",
    "off": 34828,
    "sff": "cat"
  },
  {
    "docID": "N092 Cote, Hanna et al. 2010",
    "et": "CatModel",
    "off": 30573,
    "sff": "cat"
  },
  {
    "docID": "N092 Cote, Hanna et al. 2010",
    "et": "Female",
    "off": 5968,
    "sff": "female"
  },
  {
    "docID": "N092 Cote, Hanna et al. 2010",
    "et": "Female",
    "off": 842,
    "sff": "female"
  },
  {
    "docID": "N092 Cote, Hanna et al. 2010",
    "et": "Age",
    "off": 1261,
    "sff": "4–20 weeks"
  },
  {
    "docID": "N092 Cote, Hanna et al. 2010",
    "et": "Age",
    "off": 7923,
    "sff": "Seven days"
  },
  {
    "docID": "N092 Cote, Hanna et al. 2010",
    "et": "Age",
    "off": 23920,
    "sff": "3–4 weeks"
  },
  {
    "docID": "N092 Cote, Hanna et al. 2010",
    "et": "Age",
    "off": 1122,
    "sff": "two days"
  },
  {
    "docID": "N092 Cote, Hanna et al. 2010",
    "et": "Age",
    "off": 1002,
    "sff": "Five weeks"
  },
  {
    "docID": "N092 Cote, Hanna et al. 2010",
    "et": "Age",
    "off": 26791,
    "sff": "1 week"
  },
  {
    "docID": "N092 Cote, Hanna et al. 2010",
    "et": "Age",
    "off": 12028,
    "sff": "5–7 days"
  },
  {
    "docID": "N092 Cote, Hanna et al. 2010",
    "et": "Age",
    "off": 10660,
    "sff": "2 days"
  },
  {
    "docID": "N092 Cote, Hanna et al. 2010",
    "et": "Age",
    "off": 12195,
    "sff": "5 months"
  },
  {
    "docID": "N092 Cote, Hanna et al. 2010",
    "et": "Age",
    "off": 20463,
    "sff": "2 days"
  },
  {
    "docID": "N092 Cote, Hanna et al. 2010",
    "et": "Age",
    "off": 6963,
    "sff": "10 days"
  },
  {
    "docID": "N092 Cote, Hanna et al. 2010",
    "et": "Age",
    "off": 7445,
    "sff": "7 days"
  },
  {
    "docID": "N092 Cote, Hanna et al. 2010",
    "et": "Age",
    "off": 9316,
    "sff": "5 weeks"
  },
  {
    "docID": "N092 Cote, Hanna et al. 2010",
    "et": "Age",
    "off": 9465,
    "sff": "Five weeks"
  },
  {
    "docID": "N092 Cote, Hanna et al. 2010",
    "et": "Age",
    "off": 11301,
    "sff": "Four to six weeks"
  },
  {
    "docID": "N092 Cote, Hanna et al. 2010",
    "et": "Age",
    "off": 23882,
    "sff": "7–10 days"
  }
]
