[
  {
    "docID": "N093 Jefferson, S.C.a  b  c, Tester, N.J.a  b  c  d et al. 2011",
    "et": "Weight",
    "off": 5872,
    "sff": "6–8 lbs"
  },
  {
    "docID": "N093 Jefferson, S.C.a  b  c, Tester, N.J.a  b  c  d et al. 2011",
    "et": "Weight",
    "off": 36052,
    "sff": "3G"
  },
  {
    "docID": "N093 Jefferson, S.C.a  b  c, Tester, N.J.a  b  c  d et al. 2011",
    "et": "RatModel",
    "off": 43538,
    "sff": "rat"
  },
  {
    "docID": "N093 Jefferson, S.C.a  b  c, Tester, N.J.a  b  c  d et al. 2011",
    "et": "RatModel",
    "off": 4397,
    "sff": "rat"
  },
  {
    "docID": "N093 Jefferson, S.C.a  b  c, Tester, N.J.a  b  c  d et al. 2011",
    "et": "NewZealandRabbit",
    "off": 15565,
    "sff": "New"
  },
  {
    "docID": "N093 Jefferson, S.C.a  b  c, Tester, N.J.a  b  c  d et al. 2011",
    "et": "NewZealandRabbit",
    "off": 38801,
    "sff": "new"
  },
  {
    "docID": "N093 Jefferson, S.C.a  b  c, Tester, N.J.a  b  c  d et al. 2011",
    "et": "NewZealandRabbit",
    "off": 53682,
    "sff": "new"
  },
  {
    "docID": "N093 Jefferson, S.C.a  b  c, Tester, N.J.a  b  c  d et al. 2011",
    "et": "RabbitSpecies",
    "off": 16828,
    "sff": "rabbit"
  },
  {
    "docID": "N093 Jefferson, S.C.a  b  c, Tester, N.J.a  b  c  d et al. 2011",
    "et": "MouseModel",
    "off": 16986,
    "sff": "mouse"
  },
  {
    "docID": "N093 Jefferson, S.C.a  b  c, Tester, N.J.a  b  c  d et al. 2011",
    "et": "MouseModel",
    "off": 17402,
    "sff": "mouse"
  },
  {
    "docID": "N093 Jefferson, S.C.a  b  c, Tester, N.J.a  b  c  d et al. 2011",
    "et": "RabbitModel",
    "off": 16828,
    "sff": "rabbit"
  },
  {
    "docID": "N093 Jefferson, S.C.a  b  c, Tester, N.J.a  b  c  d et al. 2011",
    "et": "RatSpecies",
    "off": 43538,
    "sff": "rat"
  },
  {
    "docID": "N093 Jefferson, S.C.a  b  c, Tester, N.J.a  b  c  d et al. 2011",
    "et": "RatSpecies",
    "off": 4397,
    "sff": "rat"
  },
  {
    "docID": "N093 Jefferson, S.C.a  b  c, Tester, N.J.a  b  c  d et al. 2011",
    "et": "MouseSpecies",
    "off": 16986,
    "sff": "mouse"
  },
  {
    "docID": "N093 Jefferson, S.C.a  b  c, Tester, N.J.a  b  c  d et al. 2011",
    "et": "MouseSpecies",
    "off": 17402,
    "sff": "mouse"
  },
  {
    "docID": "N093 Jefferson, S.C.a  b  c, Tester, N.J.a  b  c  d et al. 2011",
    "et": "CatSpecies",
    "off": 12982,
    "sff": "cat"
  },
  {
    "docID": "N093 Jefferson, S.C.a  b  c, Tester, N.J.a  b  c  d et al. 2011",
    "et": "CatSpecies",
    "off": 45017,
    "sff": "cat"
  },
  {
    "docID": "N093 Jefferson, S.C.a  b  c, Tester, N.J.a  b  c  d et al. 2011",
    "et": "CatSpecies",
    "off": 12414,
    "sff": "cat"
  },
  {
    "docID": "N093 Jefferson, S.C.a  b  c, Tester, N.J.a  b  c  d et al. 2011",
    "et": "CatSpecies",
    "off": 9793,
    "sff": "cat"
  },
  {
    "docID": "N093 Jefferson, S.C.a  b  c, Tester, N.J.a  b  c  d et al. 2011",
    "et": "CatSpecies",
    "off": 2944,
    "sff": "cat"
  },
  {
    "docID": "N093 Jefferson, S.C.a  b  c, Tester, N.J.a  b  c  d et al. 2011",
    "et": "CatSpecies",
    "off": 1691,
    "sff": "cat"
  },
  {
    "docID": "N093 Jefferson, S.C.a  b  c, Tester, N.J.a  b  c  d et al. 2011",
    "et": "CatSpecies",
    "off": 3003,
    "sff": "cat"
  },
  {
    "docID": "N093 Jefferson, S.C.a  b  c, Tester, N.J.a  b  c  d et al. 2011",
    "et": "CatSpecies",
    "off": 25978,
    "sff": "cat"
  },
  {
    "docID": "N093 Jefferson, S.C.a  b  c, Tester, N.J.a  b  c  d et al. 2011",
    "et": "CatSpecies",
    "off": 24317,
    "sff": "cat"
  },
  {
    "docID": "N093 Jefferson, S.C.a  b  c, Tester, N.J.a  b  c  d et al. 2011",
    "et": "CatSpecies",
    "off": 24444,
    "sff": "cat"
  },
  {
    "docID": "N093 Jefferson, S.C.a  b  c, Tester, N.J.a  b  c  d et al. 2011",
    "et": "CatSpecies",
    "off": 46051,
    "sff": "cat"
  },
  {
    "docID": "N093 Jefferson, S.C.a  b  c, Tester, N.J.a  b  c  d et al. 2011",
    "et": "CatSpecies",
    "off": 49100,
    "sff": "cat"
  },
  {
    "docID": "N093 Jefferson, S.C.a  b  c, Tester, N.J.a  b  c  d et al. 2011",
    "et": "CatSpecies",
    "off": 43373,
    "sff": "cat"
  },
  {
    "docID": "N093 Jefferson, S.C.a  b  c, Tester, N.J.a  b  c  d et al. 2011",
    "et": "CatSpecies",
    "off": 2413,
    "sff": "cat"
  },
  {
    "docID": "N093 Jefferson, S.C.a  b  c, Tester, N.J.a  b  c  d et al. 2011",
    "et": "CatSpecies",
    "off": 4077,
    "sff": "cat"
  },
  {
    "docID": "N093 Jefferson, S.C.a  b  c, Tester, N.J.a  b  c  d et al. 2011",
    "et": "CatSpecies",
    "off": 940,
    "sff": "cat"
  },
  {
    "docID": "N093 Jefferson, S.C.a  b  c, Tester, N.J.a  b  c  d et al. 2011",
    "et": "CatSpecies",
    "off": 52427,
    "sff": "cat"
  },
  {
    "docID": "N093 Jefferson, S.C.a  b  c, Tester, N.J.a  b  c  d et al. 2011",
    "et": "Adult",
    "off": 5845,
    "sff": "adult"
  },
  {
    "docID": "N093 Jefferson, S.C.a  b  c, Tester, N.J.a  b  c  d et al. 2011",
    "et": "Adult",
    "off": 1070,
    "sff": "adult"
  },
  {
    "docID": "N093 Jefferson, S.C.a  b  c, Tester, N.J.a  b  c  d et al. 2011",
    "et": "Adult",
    "off": 42492,
    "sff": "adult"
  },
  {
    "docID": "N093 Jefferson, S.C.a  b  c, Tester, N.J.a  b  c  d et al. 2011",
    "et": "LongEvansRat",
    "off": 49398,
    "sff": "long"
  },
  {
    "docID": "N093 Jefferson, S.C.a  b  c, Tester, N.J.a  b  c  d et al. 2011",
    "et": "LongEvansRat",
    "off": 46445,
    "sff": "Long"
  },
  {
    "docID": "N093 Jefferson, S.C.a  b  c, Tester, N.J.a  b  c  d et al. 2011",
    "et": "LongEvansRat",
    "off": 49560,
    "sff": "long"
  },
  {
    "docID": "N093 Jefferson, S.C.a  b  c, Tester, N.J.a  b  c  d et al. 2011",
    "et": "CatModel",
    "off": 24317,
    "sff": "cat"
  },
  {
    "docID": "N093 Jefferson, S.C.a  b  c, Tester, N.J.a  b  c  d et al. 2011",
    "et": "CatModel",
    "off": 1691,
    "sff": "cat"
  },
  {
    "docID": "N093 Jefferson, S.C.a  b  c, Tester, N.J.a  b  c  d et al. 2011",
    "et": "CatModel",
    "off": 3003,
    "sff": "cat"
  },
  {
    "docID": "N093 Jefferson, S.C.a  b  c, Tester, N.J.a  b  c  d et al. 2011",
    "et": "CatModel",
    "off": 12414,
    "sff": "cat"
  },
  {
    "docID": "N093 Jefferson, S.C.a  b  c, Tester, N.J.a  b  c  d et al. 2011",
    "et": "CatModel",
    "off": 24444,
    "sff": "cat"
  },
  {
    "docID": "N093 Jefferson, S.C.a  b  c, Tester, N.J.a  b  c  d et al. 2011",
    "et": "CatModel",
    "off": 45017,
    "sff": "cat"
  },
  {
    "docID": "N093 Jefferson, S.C.a  b  c, Tester, N.J.a  b  c  d et al. 2011",
    "et": "CatModel",
    "off": 25978,
    "sff": "cat"
  },
  {
    "docID": "N093 Jefferson, S.C.a  b  c, Tester, N.J.a  b  c  d et al. 2011",
    "et": "CatModel",
    "off": 12982,
    "sff": "cat"
  },
  {
    "docID": "N093 Jefferson, S.C.a  b  c, Tester, N.J.a  b  c  d et al. 2011",
    "et": "CatModel",
    "off": 940,
    "sff": "cat"
  },
  {
    "docID": "N093 Jefferson, S.C.a  b  c, Tester, N.J.a  b  c  d et al. 2011",
    "et": "CatModel",
    "off": 43373,
    "sff": "cat"
  },
  {
    "docID": "N093 Jefferson, S.C.a  b  c, Tester, N.J.a  b  c  d et al. 2011",
    "et": "CatModel",
    "off": 52427,
    "sff": "cat"
  },
  {
    "docID": "N093 Jefferson, S.C.a  b  c, Tester, N.J.a  b  c  d et al. 2011",
    "et": "CatModel",
    "off": 2413,
    "sff": "cat"
  },
  {
    "docID": "N093 Jefferson, S.C.a  b  c, Tester, N.J.a  b  c  d et al. 2011",
    "et": "CatModel",
    "off": 4077,
    "sff": "cat"
  },
  {
    "docID": "N093 Jefferson, S.C.a  b  c, Tester, N.J.a  b  c  d et al. 2011",
    "et": "CatModel",
    "off": 49100,
    "sff": "cat"
  },
  {
    "docID": "N093 Jefferson, S.C.a  b  c, Tester, N.J.a  b  c  d et al. 2011",
    "et": "CatModel",
    "off": 46051,
    "sff": "cat"
  },
  {
    "docID": "N093 Jefferson, S.C.a  b  c, Tester, N.J.a  b  c  d et al. 2011",
    "et": "CatModel",
    "off": 2944,
    "sff": "cat"
  },
  {
    "docID": "N093 Jefferson, S.C.a  b  c, Tester, N.J.a  b  c  d et al. 2011",
    "et": "CatModel",
    "off": 9793,
    "sff": "cat"
  },
  {
    "docID": "N093 Jefferson, S.C.a  b  c, Tester, N.J.a  b  c  d et al. 2011",
    "et": "Female",
    "off": 5851,
    "sff": "female"
  },
  {
    "docID": "N093 Jefferson, S.C.a  b  c, Tester, N.J.a  b  c  d et al. 2011",
    "et": "Age",
    "off": 29159,
    "sff": "8 weeks"
  },
  {
    "docID": "N093 Jefferson, S.C.a  b  c, Tester, N.J.a  b  c  d et al. 2011",
    "et": "Age",
    "off": 22109,
    "sff": "6 weeks"
  },
  {
    "docID": "N093 Jefferson, S.C.a  b  c, Tester, N.J.a  b  c  d et al. 2011",
    "et": "Age",
    "off": 31062,
    "sff": "4 weeks"
  },
  {
    "docID": "N093 Jefferson, S.C.a  b  c, Tester, N.J.a  b  c  d et al. 2011",
    "et": "Age",
    "off": 30468,
    "sff": "16 weeks"
  },
  {
    "docID": "N093 Jefferson, S.C.a  b  c, Tester, N.J.a  b  c  d et al. 2011",
    "et": "Age",
    "off": 30490,
    "sff": "20 weeks"
  },
  {
    "docID": "N093 Jefferson, S.C.a  b  c, Tester, N.J.a  b  c  d et al. 2011",
    "et": "Age",
    "off": 30432,
    "sff": "6 weeks"
  },
  {
    "docID": "N093 Jefferson, S.C.a  b  c, Tester, N.J.a  b  c  d et al. 2011",
    "et": "Age",
    "off": 42065,
    "sff": "6D"
  },
  {
    "docID": "N093 Jefferson, S.C.a  b  c, Tester, N.J.a  b  c  d et al. 2011",
    "et": "Age",
    "off": 29665,
    "sff": "8 weeks"
  },
  {
    "docID": "N093 Jefferson, S.C.a  b  c, Tester, N.J.a  b  c  d et al. 2011",
    "et": "Age",
    "off": 14219,
    "sff": "Thirteen days"
  },
  {
    "docID": "N093 Jefferson, S.C.a  b  c, Tester, N.J.a  b  c  d et al. 2011",
    "et": "Age",
    "off": 9583,
    "sff": "1 month"
  },
  {
    "docID": "N093 Jefferson, S.C.a  b  c, Tester, N.J.a  b  c  d et al. 2011",
    "et": "Age",
    "off": 31493,
    "sff": "20 weeks"
  },
  {
    "docID": "N093 Jefferson, S.C.a  b  c, Tester, N.J.a  b  c  d et al. 2011",
    "et": "Age",
    "off": 28908,
    "sff": "4 weeks"
  },
  {
    "docID": "N093 Jefferson, S.C.a  b  c, Tester, N.J.a  b  c  d et al. 2011",
    "et": "Age",
    "off": 31955,
    "sff": "8 weeks"
  },
  {
    "docID": "N093 Jefferson, S.C.a  b  c, Tester, N.J.a  b  c  d et al. 2011",
    "et": "Age",
    "off": 29331,
    "sff": "16 weeks"
  },
  {
    "docID": "N093 Jefferson, S.C.a  b  c, Tester, N.J.a  b  c  d et al. 2011",
    "et": "Age",
    "off": 31383,
    "sff": "16 weeks"
  },
  {
    "docID": "N093 Jefferson, S.C.a  b  c, Tester, N.J.a  b  c  d et al. 2011",
    "et": "Age",
    "off": 32588,
    "sff": "8-to-16 weeks"
  },
  {
    "docID": "N093 Jefferson, S.C.a  b  c, Tester, N.J.a  b  c  d et al. 2011",
    "et": "Age",
    "off": 34783,
    "sff": "3D"
  },
  {
    "docID": "N093 Jefferson, S.C.a  b  c, Tester, N.J.a  b  c  d et al. 2011",
    "et": "Age",
    "off": 36373,
    "sff": "16 weeks"
  },
  {
    "docID": "N093 Jefferson, S.C.a  b  c, Tester, N.J.a  b  c  d et al. 2011",
    "et": "Age",
    "off": 50745,
    "sff": "20 weeks"
  },
  {
    "docID": "N093 Jefferson, S.C.a  b  c, Tester, N.J.a  b  c  d et al. 2011",
    "et": "Age",
    "off": 22457,
    "sff": "20 weeks"
  },
  {
    "docID": "N093 Jefferson, S.C.a  b  c, Tester, N.J.a  b  c  d et al. 2011",
    "et": "Age",
    "off": 39941,
    "sff": "5D"
  },
  {
    "docID": "N093 Jefferson, S.C.a  b  c, Tester, N.J.a  b  c  d et al. 2011",
    "et": "Age",
    "off": 28667,
    "sff": "2 weeks"
  },
  {
    "docID": "N093 Jefferson, S.C.a  b  c, Tester, N.J.a  b  c  d et al. 2011",
    "et": "Age",
    "off": 31973,
    "sff": "16 weeks"
  },
  {
    "docID": "N093 Jefferson, S.C.a  b  c, Tester, N.J.a  b  c  d et al. 2011",
    "et": "Age",
    "off": 30197,
    "sff": "4 weeks"
  },
  {
    "docID": "N093 Jefferson, S.C.a  b  c, Tester, N.J.a  b  c  d et al. 2011",
    "et": "Age",
    "off": 31351,
    "sff": "8 weeks"
  },
  {
    "docID": "N093 Jefferson, S.C.a  b  c, Tester, N.J.a  b  c  d et al. 2011",
    "et": "Age",
    "off": 32128,
    "sff": "2 weeks"
  },
  {
    "docID": "N093 Jefferson, S.C.a  b  c, Tester, N.J.a  b  c  d et al. 2011",
    "et": "Age",
    "off": 30450,
    "sff": "8 weeks"
  },
  {
    "docID": "N093 Jefferson, S.C.a  b  c, Tester, N.J.a  b  c  d et al. 2011",
    "et": "Age",
    "off": 30982,
    "sff": "2 weeks"
  },
  {
    "docID": "N093 Jefferson, S.C.a  b  c, Tester, N.J.a  b  c  d et al. 2011",
    "et": "Age",
    "off": 24693,
    "sff": "16 weeks"
  },
  {
    "docID": "N093 Jefferson, S.C.a  b  c, Tester, N.J.a  b  c  d et al. 2011",
    "et": "Age",
    "off": 52353,
    "sff": "4 weeks"
  },
  {
    "docID": "N093 Jefferson, S.C.a  b  c, Tester, N.J.a  b  c  d et al. 2011",
    "et": "Age",
    "off": 30091,
    "sff": "2 weeks"
  },
  {
    "docID": "N093 Jefferson, S.C.a  b  c, Tester, N.J.a  b  c  d et al. 2011",
    "et": "Age",
    "off": 11593,
    "sff": "16–20 weeks"
  },
  {
    "docID": "N093 Jefferson, S.C.a  b  c, Tester, N.J.a  b  c  d et al. 2011",
    "et": "Age",
    "off": 32557,
    "sff": "2-to-4 weeks"
  },
  {
    "docID": "N093 Jefferson, S.C.a  b  c, Tester, N.J.a  b  c  d et al. 2011",
    "et": "Age",
    "off": 12989,
    "sff": "16 weeks"
  },
  {
    "docID": "N093 Jefferson, S.C.a  b  c, Tester, N.J.a  b  c  d et al. 2011",
    "et": "Age",
    "off": 32342,
    "sff": "20 weeks"
  },
  {
    "docID": "N093 Jefferson, S.C.a  b  c, Tester, N.J.a  b  c  d et al. 2011",
    "et": "Age",
    "off": 32164,
    "sff": "8 weeks"
  },
  {
    "docID": "N093 Jefferson, S.C.a  b  c, Tester, N.J.a  b  c  d et al. 2011",
    "et": "Age",
    "off": 35522,
    "sff": "16 weeks"
  },
  {
    "docID": "N093 Jefferson, S.C.a  b  c, Tester, N.J.a  b  c  d et al. 2011",
    "et": "Age",
    "off": 33966,
    "sff": "3D"
  },
  {
    "docID": "N093 Jefferson, S.C.a  b  c, Tester, N.J.a  b  c  d et al. 2011",
    "et": "Age",
    "off": 32146,
    "sff": "4 weeks"
  },
  {
    "docID": "N093 Jefferson, S.C.a  b  c, Tester, N.J.a  b  c  d et al. 2011",
    "et": "Age",
    "off": 29381,
    "sff": "20 weeks"
  },
  {
    "docID": "N093 Jefferson, S.C.a  b  c, Tester, N.J.a  b  c  d et al. 2011",
    "et": "Age",
    "off": 13616,
    "sff": "16 week"
  },
  {
    "docID": "N093 Jefferson, S.C.a  b  c, Tester, N.J.a  b  c  d et al. 2011",
    "et": "Age",
    "off": 24402,
    "sff": "16 weeks"
  },
  {
    "docID": "N093 Jefferson, S.C.a  b  c, Tester, N.J.a  b  c  d et al. 2011",
    "et": "Age",
    "off": 23255,
    "sff": "16 weeks"
  },
  {
    "docID": "N093 Jefferson, S.C.a  b  c, Tester, N.J.a  b  c  d et al. 2011",
    "et": "Age",
    "off": 31568,
    "sff": "20 weeks"
  },
  {
    "docID": "N093 Jefferson, S.C.a  b  c, Tester, N.J.a  b  c  d et al. 2011",
    "et": "Age",
    "off": 31919,
    "sff": "2 weeks"
  },
  {
    "docID": "N093 Jefferson, S.C.a  b  c, Tester, N.J.a  b  c  d et al. 2011",
    "et": "Age",
    "off": 29122,
    "sff": "6 weeks"
  },
  {
    "docID": "N093 Jefferson, S.C.a  b  c, Tester, N.J.a  b  c  d et al. 2011",
    "et": "Age",
    "off": 50974,
    "sff": "8–12 weeks"
  },
  {
    "docID": "N093 Jefferson, S.C.a  b  c, Tester, N.J.a  b  c  d et al. 2011",
    "et": "Age",
    "off": 31995,
    "sff": "20 weeks"
  },
  {
    "docID": "N093 Jefferson, S.C.a  b  c, Tester, N.J.a  b  c  d et al. 2011",
    "et": "Age",
    "off": 11579,
    "sff": "2 weeks"
  },
  {
    "docID": "N093 Jefferson, S.C.a  b  c, Tester, N.J.a  b  c  d et al. 2011",
    "et": "Age",
    "off": 3830,
    "sff": "one month"
  },
  {
    "docID": "N093 Jefferson, S.C.a  b  c, Tester, N.J.a  b  c  d et al. 2011",
    "et": "Age",
    "off": 8971,
    "sff": "1–4 days"
  },
  {
    "docID": "N093 Jefferson, S.C.a  b  c, Tester, N.J.a  b  c  d et al. 2011",
    "et": "Age",
    "off": 4879,
    "sff": "16–20 weeks"
  },
  {
    "docID": "N093 Jefferson, S.C.a  b  c, Tester, N.J.a  b  c  d et al. 2011",
    "et": "Age",
    "off": 31937,
    "sff": "4 weeks"
  },
  {
    "docID": "N093 Jefferson, S.C.a  b  c, Tester, N.J.a  b  c  d et al. 2011",
    "et": "Age",
    "off": 22255,
    "sff": "20 weeks"
  },
  {
    "docID": "N093 Jefferson, S.C.a  b  c, Tester, N.J.a  b  c  d et al. 2011",
    "et": "Age",
    "off": 13587,
    "sff": "One to 2 weeks"
  },
  {
    "docID": "N093 Jefferson, S.C.a  b  c, Tester, N.J.a  b  c  d et al. 2011",
    "et": "Age",
    "off": 32185,
    "sff": "16 weeks"
  }
]
