[
  {
    "docID": "N095 Tester,2008",
    "et": "Weight",
    "off": 25388,
    "sff": "20 mg"
  },
  {
    "docID": "N095 Tester,2008",
    "et": "RatModel",
    "off": 15188,
    "sff": "rat"
  },
  {
    "docID": "N095 Tester,2008",
    "et": "RatModel",
    "off": 29940,
    "sff": "rat"
  },
  {
    "docID": "N095 Tester,2008",
    "et": "RatModel",
    "off": 3894,
    "sff": "rat"
  },
  {
    "docID": "N095 Tester,2008",
    "et": "RatModel",
    "off": 5871,
    "sff": "rat"
  },
  {
    "docID": "N095 Tester,2008",
    "et": "RatModel",
    "off": 29651,
    "sff": "Rat"
  },
  {
    "docID": "N095 Tester,2008",
    "et": "RatModel",
    "off": 33936,
    "sff": "rat"
  },
  {
    "docID": "N095 Tester,2008",
    "et": "RatModel",
    "off": 34428,
    "sff": "rat"
  },
  {
    "docID": "N095 Tester,2008",
    "et": "RatModel",
    "off": 48140,
    "sff": "rat"
  },
  {
    "docID": "N095 Tester,2008",
    "et": "RatModel",
    "off": 34138,
    "sff": "rat"
  },
  {
    "docID": "N095 Tester,2008",
    "et": "AnimalSpecies",
    "off": 34229,
    "sff": "species"
  },
  {
    "docID": "N095 Tester,2008",
    "et": "AnimalSpecies",
    "off": 6262,
    "sff": "species"
  },
  {
    "docID": "N095 Tester,2008",
    "et": "AnimalSpecies",
    "off": 48987,
    "sff": "species"
  },
  {
    "docID": "N095 Tester,2008",
    "et": "AnimalSpecies",
    "off": 25258,
    "sff": "species"
  },
  {
    "docID": "N095 Tester,2008",
    "et": "AnimalSpecies",
    "off": 3822,
    "sff": "species"
  },
  {
    "docID": "N095 Tester,2008",
    "et": "AnimalSpecies",
    "off": 48926,
    "sff": "species"
  },
  {
    "docID": "N095 Tester,2008",
    "et": "AnimalSpecies",
    "off": 27041,
    "sff": "species"
  },
  {
    "docID": "N095 Tester,2008",
    "et": "AnimalSpecies",
    "off": 34081,
    "sff": "species"
  },
  {
    "docID": "N095 Tester,2008",
    "et": "AnimalSpecies",
    "off": 4273,
    "sff": "species"
  },
  {
    "docID": "N095 Tester,2008",
    "et": "AnimalSpecies",
    "off": 24962,
    "sff": "species"
  },
  {
    "docID": "N095 Tester,2008",
    "et": "AnimalSpecies",
    "off": 47522,
    "sff": "species"
  },
  {
    "docID": "N095 Tester,2008",
    "et": "NewZealandRabbit",
    "off": 45809,
    "sff": "new"
  },
  {
    "docID": "N095 Tester,2008",
    "et": "NewZealandRabbit",
    "off": 20959,
    "sff": "New"
  },
  {
    "docID": "N095 Tester,2008",
    "et": "Mixed",
    "off": 27564,
    "sff": "Mixed"
  },
  {
    "docID": "N095 Tester,2008",
    "et": "RatSpecies",
    "off": 15188,
    "sff": "rat"
  },
  {
    "docID": "N095 Tester,2008",
    "et": "RatSpecies",
    "off": 29940,
    "sff": "rat"
  },
  {
    "docID": "N095 Tester,2008",
    "et": "RatSpecies",
    "off": 3894,
    "sff": "rat"
  },
  {
    "docID": "N095 Tester,2008",
    "et": "RatSpecies",
    "off": 34428,
    "sff": "rat"
  },
  {
    "docID": "N095 Tester,2008",
    "et": "RatSpecies",
    "off": 48140,
    "sff": "rat"
  },
  {
    "docID": "N095 Tester,2008",
    "et": "RatSpecies",
    "off": 34138,
    "sff": "rat"
  },
  {
    "docID": "N095 Tester,2008",
    "et": "RatSpecies",
    "off": 33936,
    "sff": "rat"
  },
  {
    "docID": "N095 Tester,2008",
    "et": "RatSpecies",
    "off": 29651,
    "sff": "Rat"
  },
  {
    "docID": "N095 Tester,2008",
    "et": "RatSpecies",
    "off": 5871,
    "sff": "rat"
  },
  {
    "docID": "N095 Tester,2008",
    "et": "CatSpecies",
    "off": 51730,
    "sff": "cat"
  },
  {
    "docID": "N095 Tester,2008",
    "et": "CatSpecies",
    "off": 6098,
    "sff": "cat"
  },
  {
    "docID": "N095 Tester,2008",
    "et": "CatSpecies",
    "off": 10004,
    "sff": "cat"
  },
  {
    "docID": "N095 Tester,2008",
    "et": "CatSpecies",
    "off": 4630,
    "sff": "cat"
  },
  {
    "docID": "N095 Tester,2008",
    "et": "CatSpecies",
    "off": 33493,
    "sff": "cat"
  },
  {
    "docID": "N095 Tester,2008",
    "et": "CatSpecies",
    "off": 33941,
    "sff": "cat"
  },
  {
    "docID": "N095 Tester,2008",
    "et": "CatSpecies",
    "off": 48085,
    "sff": "cat"
  },
  {
    "docID": "N095 Tester,2008",
    "et": "CatSpecies",
    "off": 33034,
    "sff": "cat"
  },
  {
    "docID": "N095 Tester,2008",
    "et": "CatSpecies",
    "off": 17293,
    "sff": "cat"
  },
  {
    "docID": "N095 Tester,2008",
    "et": "CatSpecies",
    "off": 30734,
    "sff": "cat"
  },
  {
    "docID": "N095 Tester,2008",
    "et": "CatSpecies",
    "off": 46351,
    "sff": "cat"
  },
  {
    "docID": "N095 Tester,2008",
    "et": "CatSpecies",
    "off": 33840,
    "sff": "Cat"
  },
  {
    "docID": "N095 Tester,2008",
    "et": "CatSpecies",
    "off": 2016,
    "sff": "cat"
  },
  {
    "docID": "N095 Tester,2008",
    "et": "CatSpecies",
    "off": 17191,
    "sff": "cat"
  },
  {
    "docID": "N095 Tester,2008",
    "et": "CatSpecies",
    "off": 47578,
    "sff": "cat"
  },
  {
    "docID": "N095 Tester,2008",
    "et": "CatSpecies",
    "off": 15130,
    "sff": "cat"
  },
  {
    "docID": "N095 Tester,2008",
    "et": "CatSpecies",
    "off": 38963,
    "sff": "cat"
  },
  {
    "docID": "N095 Tester,2008",
    "et": "CatSpecies",
    "off": 29808,
    "sff": "cat"
  },
  {
    "docID": "N095 Tester,2008",
    "et": "CatSpecies",
    "off": 29642,
    "sff": "Cat"
  },
  {
    "docID": "N095 Tester,2008",
    "et": "CatSpecies",
    "off": 33527,
    "sff": "cat"
  },
  {
    "docID": "N095 Tester,2008",
    "et": "CatSpecies",
    "off": 34935,
    "sff": "cat"
  },
  {
    "docID": "N095 Tester,2008",
    "et": "CatSpecies",
    "off": 30570,
    "sff": "cat"
  },
  {
    "docID": "N095 Tester,2008",
    "et": "CatSpecies",
    "off": 53610,
    "sff": "cat"
  },
  {
    "docID": "N095 Tester,2008",
    "et": "CatSpecies",
    "off": 34158,
    "sff": "cat"
  },
  {
    "docID": "N095 Tester,2008",
    "et": "CatSpecies",
    "off": 54575,
    "sff": "cat"
  },
  {
    "docID": "N095 Tester,2008",
    "et": "CatSpecies",
    "off": 18671,
    "sff": "cat"
  },
  {
    "docID": "N095 Tester,2008",
    "et": "CatSpecies",
    "off": 47660,
    "sff": "cat"
  },
  {
    "docID": "N095 Tester,2008",
    "et": "CatSpecies",
    "off": 3905,
    "sff": "cat"
  },
  {
    "docID": "N095 Tester,2008",
    "et": "CatSpecies",
    "off": 4352,
    "sff": "cat"
  },
  {
    "docID": "N095 Tester,2008",
    "et": "CatSpecies",
    "off": 19840,
    "sff": "cat"
  },
  {
    "docID": "N095 Tester,2008",
    "et": "CatSpecies",
    "off": 44037,
    "sff": "cat"
  },
  {
    "docID": "N095 Tester,2008",
    "et": "CatSpecies",
    "off": 4857,
    "sff": "cat"
  },
  {
    "docID": "N095 Tester,2008",
    "et": "CatSpecies",
    "off": 3835,
    "sff": "cat"
  },
  {
    "docID": "N095 Tester,2008",
    "et": "CatSpecies",
    "off": 34303,
    "sff": "cat"
  },
  {
    "docID": "N095 Tester,2008",
    "et": "CatSpecies",
    "off": 48189,
    "sff": "cat"
  },
  {
    "docID": "N095 Tester,2008",
    "et": "Adult",
    "off": 8324,
    "sff": "adult"
  },
  {
    "docID": "N095 Tester,2008",
    "et": "Adult",
    "off": 825,
    "sff": "adult"
  },
  {
    "docID": "N095 Tester,2008",
    "et": "Adult",
    "off": 6316,
    "sff": "adult"
  },
  {
    "docID": "N095 Tester,2008",
    "et": "LongEvansRat",
    "off": 17051,
    "sff": "long"
  },
  {
    "docID": "N095 Tester,2008",
    "et": "CatModel",
    "off": 33527,
    "sff": "cat"
  },
  {
    "docID": "N095 Tester,2008",
    "et": "CatModel",
    "off": 34935,
    "sff": "cat"
  },
  {
    "docID": "N095 Tester,2008",
    "et": "CatModel",
    "off": 3835,
    "sff": "cat"
  },
  {
    "docID": "N095 Tester,2008",
    "et": "CatModel",
    "off": 4857,
    "sff": "cat"
  },
  {
    "docID": "N095 Tester,2008",
    "et": "CatModel",
    "off": 34303,
    "sff": "cat"
  },
  {
    "docID": "N095 Tester,2008",
    "et": "CatModel",
    "off": 4352,
    "sff": "cat"
  },
  {
    "docID": "N095 Tester,2008",
    "et": "CatModel",
    "off": 19840,
    "sff": "cat"
  },
  {
    "docID": "N095 Tester,2008",
    "et": "CatModel",
    "off": 29642,
    "sff": "Cat"
  },
  {
    "docID": "N095 Tester,2008",
    "et": "CatModel",
    "off": 48189,
    "sff": "cat"
  },
  {
    "docID": "N095 Tester,2008",
    "et": "CatModel",
    "off": 3905,
    "sff": "cat"
  },
  {
    "docID": "N095 Tester,2008",
    "et": "CatModel",
    "off": 44037,
    "sff": "cat"
  },
  {
    "docID": "N095 Tester,2008",
    "et": "CatModel",
    "off": 33034,
    "sff": "cat"
  },
  {
    "docID": "N095 Tester,2008",
    "et": "CatModel",
    "off": 46351,
    "sff": "cat"
  },
  {
    "docID": "N095 Tester,2008",
    "et": "CatModel",
    "off": 17293,
    "sff": "cat"
  },
  {
    "docID": "N095 Tester,2008",
    "et": "CatModel",
    "off": 30734,
    "sff": "cat"
  },
  {
    "docID": "N095 Tester,2008",
    "et": "CatModel",
    "off": 10004,
    "sff": "cat"
  },
  {
    "docID": "N095 Tester,2008",
    "et": "CatModel",
    "off": 6098,
    "sff": "cat"
  },
  {
    "docID": "N095 Tester,2008",
    "et": "CatModel",
    "off": 51730,
    "sff": "cat"
  },
  {
    "docID": "N095 Tester,2008",
    "et": "CatModel",
    "off": 33493,
    "sff": "cat"
  },
  {
    "docID": "N095 Tester,2008",
    "et": "CatModel",
    "off": 33941,
    "sff": "cat"
  },
  {
    "docID": "N095 Tester,2008",
    "et": "CatModel",
    "off": 48085,
    "sff": "cat"
  },
  {
    "docID": "N095 Tester,2008",
    "et": "CatModel",
    "off": 4630,
    "sff": "cat"
  },
  {
    "docID": "N095 Tester,2008",
    "et": "CatModel",
    "off": 33840,
    "sff": "Cat"
  },
  {
    "docID": "N095 Tester,2008",
    "et": "CatModel",
    "off": 15130,
    "sff": "cat"
  },
  {
    "docID": "N095 Tester,2008",
    "et": "CatModel",
    "off": 47578,
    "sff": "cat"
  },
  {
    "docID": "N095 Tester,2008",
    "et": "CatModel",
    "off": 2016,
    "sff": "cat"
  },
  {
    "docID": "N095 Tester,2008",
    "et": "CatModel",
    "off": 17191,
    "sff": "cat"
  },
  {
    "docID": "N095 Tester,2008",
    "et": "CatModel",
    "off": 47660,
    "sff": "cat"
  },
  {
    "docID": "N095 Tester,2008",
    "et": "CatModel",
    "off": 53610,
    "sff": "cat"
  },
  {
    "docID": "N095 Tester,2008",
    "et": "CatModel",
    "off": 30570,
    "sff": "cat"
  },
  {
    "docID": "N095 Tester,2008",
    "et": "CatModel",
    "off": 18671,
    "sff": "cat"
  },
  {
    "docID": "N095 Tester,2008",
    "et": "CatModel",
    "off": 29808,
    "sff": "cat"
  },
  {
    "docID": "N095 Tester,2008",
    "et": "CatModel",
    "off": 54575,
    "sff": "cat"
  },
  {
    "docID": "N095 Tester,2008",
    "et": "CatModel",
    "off": 34158,
    "sff": "cat"
  },
  {
    "docID": "N095 Tester,2008",
    "et": "CatModel",
    "off": 38963,
    "sff": "cat"
  },
  {
    "docID": "N095 Tester,2008",
    "et": "Female",
    "off": 8331,
    "sff": "females"
  },
  {
    "docID": "N095 Tester,2008",
    "et": "Age",
    "off": 30292,
    "sff": "3-D"
  },
  {
    "docID": "N095 Tester,2008",
    "et": "Age",
    "off": 41541,
    "sff": "2 week"
  },
  {
    "docID": "N095 Tester,2008",
    "et": "Age",
    "off": 39509,
    "sff": "16 weeks"
  },
  {
    "docID": "N095 Tester,2008",
    "et": "Age",
    "off": 5616,
    "sff": "one month"
  },
  {
    "docID": "N095 Tester,2008",
    "et": "Age",
    "off": 7977,
    "sff": "4 weeks"
  },
  {
    "docID": "N095 Tester,2008",
    "et": "Age",
    "off": 18971,
    "sff": "3-D"
  },
  {
    "docID": "N095 Tester,2008",
    "et": "Age",
    "off": 29351,
    "sff": "4 weeks"
  },
  {
    "docID": "N095 Tester,2008",
    "et": "Age",
    "off": 30759,
    "sff": "4 weeks"
  },
  {
    "docID": "N095 Tester,2008",
    "et": "Age",
    "off": 41103,
    "sff": "8 weeks"
  },
  {
    "docID": "N095 Tester,2008",
    "et": "Age",
    "off": 18849,
    "sff": "3-D"
  },
  {
    "docID": "N095 Tester,2008",
    "et": "Age",
    "off": 30887,
    "sff": "16 weeks"
  },
  {
    "docID": "N095 Tester,2008",
    "et": "Age",
    "off": 18790,
    "sff": "150 days"
  },
  {
    "docID": "N095 Tester,2008",
    "et": "Age",
    "off": 883,
    "sff": "5 months"
  },
  {
    "docID": "N095 Tester,2008",
    "et": "Age",
    "off": 34814,
    "sff": "2 weeks"
  },
  {
    "docID": "N095 Tester,2008",
    "et": "Age",
    "off": 31531,
    "sff": "16 weeks"
  },
  {
    "docID": "N095 Tester,2008",
    "et": "Age",
    "off": 34826,
    "sff": "4 weeks"
  },
  {
    "docID": "N095 Tester,2008",
    "et": "Age",
    "off": 35093,
    "sff": "2 weeks"
  },
  {
    "docID": "N095 Tester,2008",
    "et": "Age",
    "off": 39742,
    "sff": "16 weeks"
  },
  {
    "docID": "N095 Tester,2008",
    "et": "Age",
    "off": 14929,
    "sff": "2 weeks"
  },
  {
    "docID": "N095 Tester,2008",
    "et": "Age",
    "off": 15785,
    "sff": "2–3 days"
  },
  {
    "docID": "N095 Tester,2008",
    "et": "Age",
    "off": 30791,
    "sff": "16 weeks"
  },
  {
    "docID": "N095 Tester,2008",
    "et": "Age",
    "off": 7964,
    "sff": "2 weeks"
  },
  {
    "docID": "N095 Tester,2008",
    "et": "Age",
    "off": 35356,
    "sff": "4 weeks"
  },
  {
    "docID": "N095 Tester,2008",
    "et": "Age",
    "off": 27939,
    "sff": "2 weeks"
  },
  {
    "docID": "N095 Tester,2008",
    "et": "Age",
    "off": 44999,
    "sff": "4 months"
  },
  {
    "docID": "N095 Tester,2008",
    "et": "Age",
    "off": 42715,
    "sff": "4 weeks"
  },
  {
    "docID": "N095 Tester,2008",
    "et": "Age",
    "off": 5800,
    "sff": "five to six months"
  }
]
