[
  {
    "docID": "N098 Lee, Kim et al. 2016",
    "et": "Weight",
    "off": 18162,
    "sff": "1500g"
  },
  {
    "docID": "N098 Lee, Kim et al. 2016",
    "et": "Weight",
    "off": 5759,
    "sff": "300g"
  },
  {
    "docID": "N098 Lee, Kim et al. 2016",
    "et": "Weight",
    "off": 11649,
    "sff": "8.87 ± 1.65 kg"
  },
  {
    "docID": "N098 Lee, Kim et al. 2016",
    "et": "RatModel",
    "off": 11187,
    "sff": "rat"
  },
  {
    "docID": "N098 Lee, Kim et al. 2016",
    "et": "DogSpecies",
    "off": 14883,
    "sff": "dog"
  },
  {
    "docID": "N098 Lee, Kim et al. 2016",
    "et": "DogModel",
    "off": 14883,
    "sff": "dog"
  },
  {
    "docID": "N098 Lee, Kim et al. 2016",
    "et": "MouseModel",
    "off": 11220,
    "sff": "mouse"
  },
  {
    "docID": "N098 Lee, Kim et al. 2016",
    "et": "MouseModel",
    "off": 11287,
    "sff": "mouse"
  },
  {
    "docID": "N098 Lee, Kim et al. 2016",
    "et": "MouseModel",
    "off": 11241,
    "sff": "mouse"
  },
  {
    "docID": "N098 Lee, Kim et al. 2016",
    "et": "MouseModel",
    "off": 11166,
    "sff": "mouse"
  },
  {
    "docID": "N098 Lee, Kim et al. 2016",
    "et": "MouseModel",
    "off": 11263,
    "sff": "mouse"
  },
  {
    "docID": "N098 Lee, Kim et al. 2016",
    "et": "RatSpecies",
    "off": 11187,
    "sff": "rat"
  },
  {
    "docID": "N098 Lee, Kim et al. 2016",
    "et": "Male",
    "off": 11612,
    "sff": "male"
  },
  {
    "docID": "N098 Lee, Kim et al. 2016",
    "et": "MouseSpecies",
    "off": 11166,
    "sff": "mouse"
  },
  {
    "docID": "N098 Lee, Kim et al. 2016",
    "et": "MouseSpecies",
    "off": 11263,
    "sff": "mouse"
  },
  {
    "docID": "N098 Lee, Kim et al. 2016",
    "et": "MouseSpecies",
    "off": 11241,
    "sff": "mouse"
  },
  {
    "docID": "N098 Lee, Kim et al. 2016",
    "et": "MouseSpecies",
    "off": 11287,
    "sff": "mouse"
  },
  {
    "docID": "N098 Lee, Kim et al. 2016",
    "et": "MouseSpecies",
    "off": 11220,
    "sff": "mouse"
  },
  {
    "docID": "N098 Lee, Kim et al. 2016",
    "et": "Age",
    "off": 11599,
    "sff": "2–3-year-old"
  },
  {
    "docID": "N098 Lee, Kim et al. 2016",
    "et": "Age",
    "off": 29297,
    "sff": "8 weeks"
  },
  {
    "docID": "N098 Lee, Kim et al. 2016",
    "et": "Age",
    "off": 28142,
    "sff": "8 weeks"
  },
  {
    "docID": "N098 Lee, Kim et al. 2016",
    "et": "Age",
    "off": 14849,
    "sff": "11weeks"
  },
  {
    "docID": "N098 Lee, Kim et al. 2016",
    "et": "Age",
    "off": 22059,
    "sff": "8 weeks"
  },
  {
    "docID": "N098 Lee, Kim et al. 2016",
    "et": "Age",
    "off": 27800,
    "sff": "3 weeks"
  },
  {
    "docID": "N098 Lee, Kim et al. 2016",
    "et": "Age",
    "off": 34342,
    "sff": "8 weeks"
  },
  {
    "docID": "N098 Lee, Kim et al. 2016",
    "et": "Age",
    "off": 13982,
    "sff": "3 weeks"
  },
  {
    "docID": "N098 Lee, Kim et al. 2016",
    "et": "Age",
    "off": 28697,
    "sff": "8 weeks"
  },
  {
    "docID": "N098 Lee, Kim et al. 2016",
    "et": "Age",
    "off": 1457,
    "sff": "2 weeks"
  },
  {
    "docID": "N098 Lee, Kim et al. 2016",
    "et": "Age",
    "off": 27924,
    "sff": "8 weeks"
  },
  {
    "docID": "N098 Lee, Kim et al. 2016",
    "et": "Age",
    "off": 1685,
    "sff": "8 weeks"
  },
  {
    "docID": "N098 Lee, Kim et al. 2016",
    "et": "Age",
    "off": 27477,
    "sff": "8 weeks"
  },
  {
    "docID": "N098 Lee, Kim et al. 2016",
    "et": "Age",
    "off": 9069,
    "sff": "2 days"
  },
  {
    "docID": "N098 Lee, Kim et al. 2016",
    "et": "Age",
    "off": 21365,
    "sff": "1 week"
  },
  {
    "docID": "N098 Lee, Kim et al. 2016",
    "et": "Age",
    "off": 15458,
    "sff": "11-week"
  },
  {
    "docID": "N098 Lee, Kim et al. 2016",
    "et": "Age",
    "off": 1873,
    "sff": "8 weeks"
  },
  {
    "docID": "N098 Lee, Kim et al. 2016",
    "et": "Age",
    "off": 1551,
    "sff": "8 weeks"
  },
  {
    "docID": "N098 Lee, Kim et al. 2016",
    "et": "Age",
    "off": 15562,
    "sff": "8 weeks"
  },
  {
    "docID": "N098 Lee, Kim et al. 2016",
    "et": "Age",
    "off": 21764,
    "sff": "8 weeks"
  },
  {
    "docID": "N098 Lee, Kim et al. 2016",
    "et": "Age",
    "off": 21954,
    "sff": "8 weeks"
  },
  {
    "docID": "N098 Lee, Kim et al. 2016",
    "et": "Age",
    "off": 21571,
    "sff": "8 weeks"
  },
  {
    "docID": "N098 Lee, Kim et al. 2016",
    "et": "Age",
    "off": 36675,
    "sff": "8 weeks"
  },
  {
    "docID": "N098 Lee, Kim et al. 2016",
    "et": "Age",
    "off": 1360,
    "sff": "3 weeks"
  },
  {
    "docID": "N098 Lee, Kim et al. 2016",
    "et": "Age",
    "off": 14499,
    "sff": "two weeks"
  },
  {
    "docID": "N098 Lee, Kim et al. 2016",
    "et": "Age",
    "off": 21458,
    "sff": "3 weeks"
  },
  {
    "docID": "N098 Lee, Kim et al. 2016",
    "et": "Age",
    "off": 3858,
    "sff": "3-week"
  },
  {
    "docID": "N098 Lee, Kim et al. 2016",
    "et": "Age",
    "off": 34173,
    "sff": "8 weeks"
  },
  {
    "docID": "N098 Lee, Kim et al. 2016",
    "et": "Age",
    "off": 5358,
    "sff": "2-year-old"
  }
]
