[
  {
    "docID": "N099 Orlando, Raineteau 2015",
    "et": "NewZealandRabbit",
    "off": 2363,
    "sff": "new"
  },
  {
    "docID": "N099 Orlando, Raineteau 2015",
    "et": "NewZealandRabbit",
    "off": 28653,
    "sff": "new"
  },
  {
    "docID": "N099 Orlando, Raineteau 2015",
    "et": "NewZealandRabbit",
    "off": 37546,
    "sff": "new"
  },
  {
    "docID": "N099 Orlando, Raineteau 2015",
    "et": "NewZealandRabbit",
    "off": 46675,
    "sff": "new"
  },
  {
    "docID": "N099 Orlando, Raineteau 2015",
    "et": "MouseModel",
    "off": 26669,
    "sff": "mouse"
  },
  {
    "docID": "N099 Orlando, Raineteau 2015",
    "et": "MouseModel",
    "off": 12719,
    "sff": "mouse"
  },
  {
    "docID": "N099 Orlando, Raineteau 2015",
    "et": "MouseModel",
    "off": 10912,
    "sff": "mouse"
  },
  {
    "docID": "N099 Orlando, Raineteau 2015",
    "et": "MouseModel",
    "off": 26416,
    "sff": "mouse"
  },
  {
    "docID": "N099 Orlando, Raineteau 2015",
    "et": "MouseModel",
    "off": 34938,
    "sff": "Mouse"
  },
  {
    "docID": "N099 Orlando, Raineteau 2015",
    "et": "MouseModel",
    "off": 4612,
    "sff": "mouse"
  },
  {
    "docID": "N099 Orlando, Raineteau 2015",
    "et": "MouseModel",
    "off": 10301,
    "sff": "Mouse"
  },
  {
    "docID": "N099 Orlando, Raineteau 2015",
    "et": "MouseModel",
    "off": 23469,
    "sff": "Mouse"
  },
  {
    "docID": "N099 Orlando, Raineteau 2015",
    "et": "MouseModel",
    "off": 19014,
    "sff": "mouse"
  },
  {
    "docID": "N099 Orlando, Raineteau 2015",
    "et": "MouseModel",
    "off": 6024,
    "sff": "mouse"
  },
  {
    "docID": "N099 Orlando, Raineteau 2015",
    "et": "AgeCategory",
    "off": 5431,
    "sff": "age"
  },
  {
    "docID": "N099 Orlando, Raineteau 2015",
    "et": "C57_BL6_Mouse",
    "off": 33830,
    "sff": "C57/Bl6 mice"
  },
  {
    "docID": "N099 Orlando, Raineteau 2015",
    "et": "C57_BL6_Mouse",
    "off": 5391,
    "sff": "C57BL/6"
  },
  {
    "docID": "N099 Orlando, Raineteau 2015",
    "et": "C57_BL6_Mouse",
    "off": 33830,
    "sff": "C57/Bl6"
  },
  {
    "docID": "N099 Orlando, Raineteau 2015",
    "et": "C57_BL6_Mouse",
    "off": 6202,
    "sff": "C57BL/6"
  },
  {
    "docID": "N099 Orlando, Raineteau 2015",
    "et": "C57_BL6_Mouse",
    "off": 6202,
    "sff": "C57BL/6 mice"
  },
  {
    "docID": "N099 Orlando, Raineteau 2015",
    "et": "MouseSpecies",
    "off": 26669,
    "sff": "mouse"
  },
  {
    "docID": "N099 Orlando, Raineteau 2015",
    "et": "MouseSpecies",
    "off": 6024,
    "sff": "mouse"
  },
  {
    "docID": "N099 Orlando, Raineteau 2015",
    "et": "MouseSpecies",
    "off": 4612,
    "sff": "mouse"
  },
  {
    "docID": "N099 Orlando, Raineteau 2015",
    "et": "MouseSpecies",
    "off": 10301,
    "sff": "Mouse"
  },
  {
    "docID": "N099 Orlando, Raineteau 2015",
    "et": "MouseSpecies",
    "off": 23469,
    "sff": "Mouse"
  },
  {
    "docID": "N099 Orlando, Raineteau 2015",
    "et": "MouseSpecies",
    "off": 19014,
    "sff": "mouse"
  },
  {
    "docID": "N099 Orlando, Raineteau 2015",
    "et": "MouseSpecies",
    "off": 10912,
    "sff": "mouse"
  },
  {
    "docID": "N099 Orlando, Raineteau 2015",
    "et": "MouseSpecies",
    "off": 26416,
    "sff": "mouse"
  },
  {
    "docID": "N099 Orlando, Raineteau 2015",
    "et": "MouseSpecies",
    "off": 12719,
    "sff": "mouse"
  },
  {
    "docID": "N099 Orlando, Raineteau 2015",
    "et": "MouseSpecies",
    "off": 34938,
    "sff": "Mouse"
  },
  {
    "docID": "N099 Orlando, Raineteau 2015",
    "et": "Adult",
    "off": 3809,
    "sff": "adult"
  },
  {
    "docID": "N099 Orlando, Raineteau 2015",
    "et": "Adult",
    "off": 647,
    "sff": "adult"
  },
  {
    "docID": "N099 Orlando, Raineteau 2015",
    "et": "Adult",
    "off": 4471,
    "sff": "adult"
  },
  {
    "docID": "N099 Orlando, Raineteau 2015",
    "et": "Adult",
    "off": 2873,
    "sff": "mature"
  },
  {
    "docID": "N099 Orlando, Raineteau 2015",
    "et": "Adult",
    "off": 33433,
    "sff": "mature"
  },
  {
    "docID": "N099 Orlando, Raineteau 2015",
    "et": "Adult",
    "off": 2811,
    "sff": "adult"
  },
  {
    "docID": "N099 Orlando, Raineteau 2015",
    "et": "Adult",
    "off": 44190,
    "sff": "mature"
  },
  {
    "docID": "N099 Orlando, Raineteau 2015",
    "et": "LongEvansRat",
    "off": 10813,
    "sff": "long"
  },
  {
    "docID": "N099 Orlando, Raineteau 2015",
    "et": "Female",
    "off": 5413,
    "sff": "female"
  },
  {
    "docID": "N099 Orlando, Raineteau 2015",
    "et": "Age",
    "off": 6964,
    "sff": "6 weeks"
  },
  {
    "docID": "N099 Orlando, Raineteau 2015",
    "et": "Age",
    "off": 42733,
    "sff": "Two weeks"
  },
  {
    "docID": "N099 Orlando, Raineteau 2015",
    "et": "Age",
    "off": 23031,
    "sff": "14 days"
  },
  {
    "docID": "N099 Orlando, Raineteau 2015",
    "et": "Age",
    "off": 34624,
    "sff": "3 days"
  },
  {
    "docID": "N099 Orlando, Raineteau 2015",
    "et": "Age",
    "off": 35365,
    "sff": "4 weeks"
  },
  {
    "docID": "N099 Orlando, Raineteau 2015",
    "et": "Age",
    "off": 8936,
    "sff": "4 weeks"
  },
  {
    "docID": "N099 Orlando, Raineteau 2015",
    "et": "Age",
    "off": 12811,
    "sff": "3 days"
  },
  {
    "docID": "N099 Orlando, Raineteau 2015",
    "et": "Age",
    "off": 23543,
    "sff": "28 days"
  },
  {
    "docID": "N099 Orlando, Raineteau 2015",
    "et": "Age",
    "off": 23502,
    "sff": "1 days"
  },
  {
    "docID": "N099 Orlando, Raineteau 2015",
    "et": "Age",
    "off": 33938,
    "sff": "3 days"
  },
  {
    "docID": "N099 Orlando, Raineteau 2015",
    "et": "Age",
    "off": 37913,
    "sff": "2 weeks"
  },
  {
    "docID": "N099 Orlando, Raineteau 2015",
    "et": "Age",
    "off": 6173,
    "sff": "2 weeks"
  },
  {
    "docID": "N099 Orlando, Raineteau 2015",
    "et": "Age",
    "off": 6284,
    "sff": "14 days"
  },
  {
    "docID": "N099 Orlando, Raineteau 2015",
    "et": "Age",
    "off": 29709,
    "sff": "2d"
  },
  {
    "docID": "N099 Orlando, Raineteau 2015",
    "et": "Age",
    "off": 6877,
    "sff": "28 days"
  },
  {
    "docID": "N099 Orlando, Raineteau 2015",
    "et": "Age",
    "off": 36420,
    "sff": "2 weeks"
  },
  {
    "docID": "N099 Orlando, Raineteau 2015",
    "et": "Age",
    "off": 30976,
    "sff": "3d"
  },
  {
    "docID": "N099 Orlando, Raineteau 2015",
    "et": "Age",
    "off": 8353,
    "sff": "3 days"
  },
  {
    "docID": "N099 Orlando, Raineteau 2015",
    "et": "Age",
    "off": 34713,
    "sff": "14 days"
  },
  {
    "docID": "N099 Orlando, Raineteau 2015",
    "et": "Age",
    "off": 5435,
    "sff": "2.5 months"
  },
  {
    "docID": "N099 Orlando, Raineteau 2015",
    "et": "Age",
    "off": 10010,
    "sff": "14 days"
  },
  {
    "docID": "N099 Orlando, Raineteau 2015",
    "et": "Age",
    "off": 47039,
    "sff": "10 days"
  },
  {
    "docID": "N099 Orlando, Raineteau 2015",
    "et": "Age",
    "off": 22498,
    "sff": "14 days"
  },
  {
    "docID": "N099 Orlando, Raineteau 2015",
    "et": "Age",
    "off": 34690,
    "sff": "7 days"
  },
  {
    "docID": "N099 Orlando, Raineteau 2015",
    "et": "Age",
    "off": 22960,
    "sff": "3 days"
  },
  {
    "docID": "N099 Orlando, Raineteau 2015",
    "et": "Age",
    "off": 24252,
    "sff": "2 weeks"
  },
  {
    "docID": "N099 Orlando, Raineteau 2015",
    "et": "Age",
    "off": 34283,
    "sff": "14 days"
  },
  {
    "docID": "N099 Orlando, Raineteau 2015",
    "et": "Age",
    "off": 10749,
    "sff": "3 days"
  },
  {
    "docID": "N099 Orlando, Raineteau 2015",
    "et": "Age",
    "off": 11048,
    "sff": "1 day"
  }
]
