[
  {
    "docID": "N104 Wang, Winsor et al. 2017",
    "et": "Weight",
    "off": 12258,
    "sff": "20–22 g"
  },
  {
    "docID": "N104 Wang, Winsor et al. 2017",
    "et": "Weight",
    "off": 12962,
    "sff": "20–22 g"
  },
  {
    "docID": "N104 Wang, Winsor et al. 2017",
    "et": "Weight",
    "off": 10039,
    "sff": "20G"
  },
  {
    "docID": "N104 Wang, Winsor et al. 2017",
    "et": "Weight",
    "off": 11724,
    "sff": "30 G"
  },
  {
    "docID": "N104 Wang, Winsor et al. 2017",
    "et": "RabbitSpecies",
    "off": 10959,
    "sff": "rabbit"
  },
  {
    "docID": "N104 Wang, Winsor et al. 2017",
    "et": "Mixed",
    "off": 21768,
    "sff": "mixed"
  },
  {
    "docID": "N104 Wang, Winsor et al. 2017",
    "et": "Mixed",
    "off": 10446,
    "sff": "mixed"
  },
  {
    "docID": "N104 Wang, Winsor et al. 2017",
    "et": "Mixed",
    "off": 51951,
    "sff": "mixed"
  },
  {
    "docID": "N104 Wang, Winsor et al. 2017",
    "et": "RabbitModel",
    "off": 10959,
    "sff": "rabbit"
  },
  {
    "docID": "N104 Wang, Winsor et al. 2017",
    "et": "AgeCategory",
    "off": 12957,
    "sff": "age"
  },
  {
    "docID": "N104 Wang, Winsor et al. 2017",
    "et": "C57_BL6_Mouse",
    "off": 12936,
    "sff": "C57/Bl6"
  },
  {
    "docID": "N104 Wang, Winsor et al. 2017",
    "et": "C57_BL6_Mouse",
    "off": 12936,
    "sff": "C57/Bl6 mice"
  },
  {
    "docID": "N104 Wang, Winsor et al. 2017",
    "et": "Adult",
    "off": 25567,
    "sff": "adult"
  },
  {
    "docID": "N104 Wang, Winsor et al. 2017",
    "et": "Adult",
    "off": 24252,
    "sff": "adult"
  },
  {
    "docID": "N104 Wang, Winsor et al. 2017",
    "et": "Adult",
    "off": 34260,
    "sff": "Adult"
  },
  {
    "docID": "N104 Wang, Winsor et al. 2017",
    "et": "Adult",
    "off": 12923,
    "sff": "adult"
  },
  {
    "docID": "N104 Wang, Winsor et al. 2017",
    "et": "Adult",
    "off": 22937,
    "sff": "adult"
  },
  {
    "docID": "N104 Wang, Winsor et al. 2017",
    "et": "Adult",
    "off": 28967,
    "sff": "adult"
  },
  {
    "docID": "N104 Wang, Winsor et al. 2017",
    "et": "Adult",
    "off": 44610,
    "sff": "adult"
  },
  {
    "docID": "N104 Wang, Winsor et al. 2017",
    "et": "Adult",
    "off": 4064,
    "sff": "adult"
  },
  {
    "docID": "N104 Wang, Winsor et al. 2017",
    "et": "Adult",
    "off": 12238,
    "sff": "adult"
  },
  {
    "docID": "N104 Wang, Winsor et al. 2017",
    "et": "Adult",
    "off": 41158,
    "sff": "Adult"
  },
  {
    "docID": "N104 Wang, Winsor et al. 2017",
    "et": "Adult",
    "off": 30026,
    "sff": "adult"
  },
  {
    "docID": "N104 Wang, Winsor et al. 2017",
    "et": "Adult",
    "off": 4213,
    "sff": "adult"
  },
  {
    "docID": "N104 Wang, Winsor et al. 2017",
    "et": "Adult",
    "off": 9717,
    "sff": "adult"
  },
  {
    "docID": "N104 Wang, Winsor et al. 2017",
    "et": "Adult",
    "off": 23292,
    "sff": "Adult"
  },
  {
    "docID": "N104 Wang, Winsor et al. 2017",
    "et": "Adult",
    "off": 19986,
    "sff": "adult"
  },
  {
    "docID": "N104 Wang, Winsor et al. 2017",
    "et": "LongEvansRat",
    "off": 58362,
    "sff": "Evans"
  },
  {
    "docID": "N104 Wang, Winsor et al. 2017",
    "et": "Female",
    "off": 12929,
    "sff": "female"
  },
  {
    "docID": "N104 Wang, Winsor et al. 2017",
    "et": "Age",
    "off": 23410,
    "sff": "Six weeks"
  },
  {
    "docID": "N104 Wang, Winsor et al. 2017",
    "et": "Age",
    "off": 26994,
    "sff": "4 weeks"
  },
  {
    "docID": "N104 Wang, Winsor et al. 2017",
    "et": "Age",
    "off": 30691,
    "sff": "One week"
  },
  {
    "docID": "N104 Wang, Winsor et al. 2017",
    "et": "Age",
    "off": 24639,
    "sff": "two weeks"
  },
  {
    "docID": "N104 Wang, Winsor et al. 2017",
    "et": "Age",
    "off": 36612,
    "sff": "One week"
  },
  {
    "docID": "N104 Wang, Winsor et al. 2017",
    "et": "Age",
    "off": 16172,
    "sff": "Eightweeks"
  },
  {
    "docID": "N104 Wang, Winsor et al. 2017",
    "et": "Age",
    "off": 16200,
    "sff": "fourweeks"
  },
  {
    "docID": "N104 Wang, Winsor et al. 2017",
    "et": "Age",
    "off": 33179,
    "sff": "Two days"
  },
  {
    "docID": "N104 Wang, Winsor et al. 2017",
    "et": "Age",
    "off": 8393,
    "sff": "two days"
  },
  {
    "docID": "N104 Wang, Winsor et al. 2017",
    "et": "Age",
    "off": 15033,
    "sff": "One week"
  },
  {
    "docID": "N104 Wang, Winsor et al. 2017",
    "et": "Age",
    "off": 23076,
    "sff": "two weeks"
  },
  {
    "docID": "N104 Wang, Winsor et al. 2017",
    "et": "Age",
    "off": 20104,
    "sff": "two days"
  },
  {
    "docID": "N104 Wang, Winsor et al. 2017",
    "et": "Age",
    "off": 29224,
    "sff": "two days"
  },
  {
    "docID": "N104 Wang, Winsor et al. 2017",
    "et": "Age",
    "off": 44844,
    "sff": "Four weeks"
  },
  {
    "docID": "N104 Wang, Winsor et al. 2017",
    "et": "Age",
    "off": 24493,
    "sff": "Four weeks"
  },
  {
    "docID": "N104 Wang, Winsor et al. 2017",
    "et": "Age",
    "off": 34450,
    "sff": "two days"
  },
  {
    "docID": "N104 Wang, Winsor et al. 2017",
    "et": "Age",
    "off": 41823,
    "sff": "eight weeks"
  },
  {
    "docID": "N104 Wang, Winsor et al. 2017",
    "et": "Age",
    "off": 22949,
    "sff": "Four weeks"
  },
  {
    "docID": "N104 Wang, Winsor et al. 2017",
    "et": "Age",
    "off": 37498,
    "sff": "sixweeks"
  },
  {
    "docID": "N104 Wang, Winsor et al. 2017",
    "et": "Age",
    "off": 41578,
    "sff": "One week"
  },
  {
    "docID": "N104 Wang, Winsor et al. 2017",
    "et": "Age",
    "off": 30077,
    "sff": "one week"
  },
  {
    "docID": "N104 Wang, Winsor et al. 2017",
    "et": "Age",
    "off": 20460,
    "sff": "One week"
  }
]
