[
  {
    "docID": "N106 Xiong",
    "et": "Weight",
    "off": 11265,
    "sff": "8000 g"
  },
  {
    "docID": "N106 Xiong",
    "et": "Weight",
    "off": 7790,
    "sff": "30 mg"
  },
  {
    "docID": "N106 Xiong",
    "et": "Weight",
    "off": 5008,
    "sff": "4-G"
  },
  {
    "docID": "N106 Xiong",
    "et": "Weight",
    "off": 7502,
    "sff": "200±20 g"
  },
  {
    "docID": "N106 Xiong",
    "et": "GuineaPigSpecies",
    "off": 3983,
    "sff": "pig"
  },
  {
    "docID": "N106 Xiong",
    "et": "RatModel",
    "off": 161,
    "sff": "rat"
  },
  {
    "docID": "N106 Xiong",
    "et": "RatModel",
    "off": 5446,
    "sff": "rat"
  },
  {
    "docID": "N106 Xiong",
    "et": "RatModel",
    "off": 17527,
    "sff": "rat"
  },
  {
    "docID": "N106 Xiong",
    "et": "NewZealandRabbit",
    "off": 12436,
    "sff": "New"
  },
  {
    "docID": "N106 Xiong",
    "et": "NewZealandRabbit",
    "off": 26101,
    "sff": "new"
  },
  {
    "docID": "N106 Xiong",
    "et": "RatSpecies",
    "off": 161,
    "sff": "rat"
  },
  {
    "docID": "N106 Xiong",
    "et": "RatSpecies",
    "off": 17527,
    "sff": "rat"
  },
  {
    "docID": "N106 Xiong",
    "et": "RatSpecies",
    "off": 5446,
    "sff": "rat"
  },
  {
    "docID": "N106 Xiong",
    "et": "Adult",
    "off": 4684,
    "sff": "Adult"
  },
  {
    "docID": "N106 Xiong",
    "et": "Adult",
    "off": 7474,
    "sff": "Adult"
  },
  {
    "docID": "N106 Xiong",
    "et": "LongEvansRat",
    "off": 24343,
    "sff": "long"
  },
  {
    "docID": "N106 Xiong",
    "et": "LongEvansRat",
    "off": 16420,
    "sff": "long"
  },
  {
    "docID": "N106 Xiong",
    "et": "LongEvansRat",
    "off": 5897,
    "sff": "Long"
  },
  {
    "docID": "N106 Xiong",
    "et": "Female",
    "off": 7480,
    "sff": "female"
  },
  {
    "docID": "N106 Xiong",
    "et": "Age",
    "off": 24835,
    "sff": "7 days"
  },
  {
    "docID": "N106 Xiong",
    "et": "Age",
    "off": 25471,
    "sff": "5 weeks"
  },
  {
    "docID": "N106 Xiong",
    "et": "Age",
    "off": 24195,
    "sff": "4 weeks"
  },
  {
    "docID": "N106 Xiong",
    "et": "Age",
    "off": 5175,
    "sff": "3 days"
  },
  {
    "docID": "N106 Xiong",
    "et": "Age",
    "off": 24021,
    "sff": "3 weeks"
  },
  {
    "docID": "N106 Xiong",
    "et": "Age",
    "off": 24637,
    "sff": "3 months"
  },
  {
    "docID": "N106 Xiong",
    "et": "Age",
    "off": 8899,
    "sff": "28 days"
  },
  {
    "docID": "N106 Xiong",
    "et": "Age",
    "off": 9768,
    "sff": "Two weeks"
  },
  {
    "docID": "N106 Xiong",
    "et": "Age",
    "off": 13988,
    "sff": "28 days"
  },
  {
    "docID": "N106 Xiong",
    "et": "Age",
    "off": 19418,
    "sff": "4d"
  },
  {
    "docID": "N106 Xiong",
    "et": "Age",
    "off": 9071,
    "sff": "14 days"
  },
  {
    "docID": "N106 Xiong",
    "et": "Age",
    "off": 8747,
    "sff": "1 week"
  },
  {
    "docID": "N106 Xiong",
    "et": "Age",
    "off": 988,
    "sff": "4 weeks"
  },
  {
    "docID": "N106 Xiong",
    "et": "Age",
    "off": 8734,
    "sff": "2 days"
  }
]
