[
  {
    "docID": "N109 Barritt, Davies et al. 2006",
    "et": "Weight",
    "off": 6230,
    "sff": "220-250g"
  },
  {
    "docID": "N109 Barritt, Davies et al. 2006",
    "et": "Weight",
    "off": 25270,
    "sff": "3G"
  },
  {
    "docID": "N109 Barritt, Davies et al. 2006",
    "et": "Weight",
    "off": 24631,
    "sff": "2G"
  },
  {
    "docID": "N109 Barritt, Davies et al. 2006",
    "et": "Weight",
    "off": 21399,
    "sff": "1G"
  },
  {
    "docID": "N109 Barritt, Davies et al. 2006",
    "et": "Weight",
    "off": 40243,
    "sff": "8G"
  },
  {
    "docID": "N109 Barritt, Davies et al. 2006",
    "et": "Weight",
    "off": 24801,
    "sff": "2G"
  },
  {
    "docID": "N109 Barritt, Davies et al. 2006",
    "et": "Weight",
    "off": 21234,
    "sff": "1G"
  },
  {
    "docID": "N109 Barritt, Davies et al. 2006",
    "et": "RatModel",
    "off": 52450,
    "sff": "rat"
  },
  {
    "docID": "N109 Barritt, Davies et al. 2006",
    "et": "RatModel",
    "off": 53122,
    "sff": "rat"
  },
  {
    "docID": "N109 Barritt, Davies et al. 2006",
    "et": "RatModel",
    "off": 54499,
    "sff": "rat"
  },
  {
    "docID": "N109 Barritt, Davies et al. 2006",
    "et": "RatModel",
    "off": 60484,
    "sff": "rat"
  },
  {
    "docID": "N109 Barritt, Davies et al. 2006",
    "et": "RatModel",
    "off": 56965,
    "sff": "rat"
  },
  {
    "docID": "N109 Barritt, Davies et al. 2006",
    "et": "RatModel",
    "off": 57351,
    "sff": "rat"
  },
  {
    "docID": "N109 Barritt, Davies et al. 2006",
    "et": "RatModel",
    "off": 19718,
    "sff": "rat"
  },
  {
    "docID": "N109 Barritt, Davies et al. 2006",
    "et": "RatModel",
    "off": 53340,
    "sff": "rat"
  },
  {
    "docID": "N109 Barritt, Davies et al. 2006",
    "et": "RatModel",
    "off": 54125,
    "sff": "rat"
  },
  {
    "docID": "N109 Barritt, Davies et al. 2006",
    "et": "RatModel",
    "off": 64462,
    "sff": "rat"
  },
  {
    "docID": "N109 Barritt, Davies et al. 2006",
    "et": "RatModel",
    "off": 60095,
    "sff": "rat"
  },
  {
    "docID": "N109 Barritt, Davies et al. 2006",
    "et": "RatModel",
    "off": 60287,
    "sff": "rat"
  },
  {
    "docID": "N109 Barritt, Davies et al. 2006",
    "et": "NewZealandRabbit",
    "off": 56063,
    "sff": "new"
  },
  {
    "docID": "N109 Barritt, Davies et al. 2006",
    "et": "NewZealandRabbit",
    "off": 26320,
    "sff": "new"
  },
  {
    "docID": "N109 Barritt, Davies et al. 2006",
    "et": "NewZealandRabbit",
    "off": 42131,
    "sff": "new"
  },
  {
    "docID": "N109 Barritt, Davies et al. 2006",
    "et": "NewZealandRabbit",
    "off": 52055,
    "sff": "new"
  },
  {
    "docID": "N109 Barritt, Davies et al. 2006",
    "et": "NewZealandRabbit",
    "off": 30488,
    "sff": "new"
  },
  {
    "docID": "N109 Barritt, Davies et al. 2006",
    "et": "RabbitSpecies",
    "off": 17096,
    "sff": "rabbit"
  },
  {
    "docID": "N109 Barritt, Davies et al. 2006",
    "et": "RabbitSpecies",
    "off": 15044,
    "sff": "rabbit"
  },
  {
    "docID": "N109 Barritt, Davies et al. 2006",
    "et": "RabbitSpecies",
    "off": 15007,
    "sff": "rabbit"
  },
  {
    "docID": "N109 Barritt, Davies et al. 2006",
    "et": "RabbitSpecies",
    "off": 14955,
    "sff": "rabbit"
  },
  {
    "docID": "N109 Barritt, Davies et al. 2006",
    "et": "Young",
    "off": 62000,
    "sff": "Young"
  },
  {
    "docID": "N109 Barritt, Davies et al. 2006",
    "et": "MouseModel",
    "off": 15787,
    "sff": "mouse"
  },
  {
    "docID": "N109 Barritt, Davies et al. 2006",
    "et": "RabbitModel",
    "off": 14955,
    "sff": "rabbit"
  },
  {
    "docID": "N109 Barritt, Davies et al. 2006",
    "et": "RabbitModel",
    "off": 17096,
    "sff": "rabbit"
  },
  {
    "docID": "N109 Barritt, Davies et al. 2006",
    "et": "RabbitModel",
    "off": 15044,
    "sff": "rabbit"
  },
  {
    "docID": "N109 Barritt, Davies et al. 2006",
    "et": "RabbitModel",
    "off": 15007,
    "sff": "rabbit"
  },
  {
    "docID": "N109 Barritt, Davies et al. 2006",
    "et": "AgeCategory",
    "off": 524,
    "sff": "Age"
  },
  {
    "docID": "N109 Barritt, Davies et al. 2006",
    "et": "WistarRat",
    "off": 6217,
    "sff": "Wistar rats"
  },
  {
    "docID": "N109 Barritt, Davies et al. 2006",
    "et": "WistarRat",
    "off": 6217,
    "sff": "Wistar"
  },
  {
    "docID": "N109 Barritt, Davies et al. 2006",
    "et": "RatSpecies",
    "off": 52450,
    "sff": "rat"
  },
  {
    "docID": "N109 Barritt, Davies et al. 2006",
    "et": "RatSpecies",
    "off": 53122,
    "sff": "rat"
  },
  {
    "docID": "N109 Barritt, Davies et al. 2006",
    "et": "RatSpecies",
    "off": 54499,
    "sff": "rat"
  },
  {
    "docID": "N109 Barritt, Davies et al. 2006",
    "et": "RatSpecies",
    "off": 64462,
    "sff": "rat"
  },
  {
    "docID": "N109 Barritt, Davies et al. 2006",
    "et": "RatSpecies",
    "off": 60095,
    "sff": "rat"
  },
  {
    "docID": "N109 Barritt, Davies et al. 2006",
    "et": "RatSpecies",
    "off": 60287,
    "sff": "rat"
  },
  {
    "docID": "N109 Barritt, Davies et al. 2006",
    "et": "RatSpecies",
    "off": 53340,
    "sff": "rat"
  },
  {
    "docID": "N109 Barritt, Davies et al. 2006",
    "et": "RatSpecies",
    "off": 54125,
    "sff": "rat"
  },
  {
    "docID": "N109 Barritt, Davies et al. 2006",
    "et": "RatSpecies",
    "off": 19718,
    "sff": "rat"
  },
  {
    "docID": "N109 Barritt, Davies et al. 2006",
    "et": "RatSpecies",
    "off": 57351,
    "sff": "rat"
  },
  {
    "docID": "N109 Barritt, Davies et al. 2006",
    "et": "RatSpecies",
    "off": 60484,
    "sff": "rat"
  },
  {
    "docID": "N109 Barritt, Davies et al. 2006",
    "et": "RatSpecies",
    "off": 56965,
    "sff": "rat"
  },
  {
    "docID": "N109 Barritt, Davies et al. 2006",
    "et": "Male",
    "off": 6212,
    "sff": "male"
  },
  {
    "docID": "N109 Barritt, Davies et al. 2006",
    "et": "MouseSpecies",
    "off": 15787,
    "sff": "mouse"
  },
  {
    "docID": "N109 Barritt, Davies et al. 2006",
    "et": "HartleyGuineaPig",
    "off": 405,
    "sff": "Hartley"
  },
  {
    "docID": "N109 Barritt, Davies et al. 2006",
    "et": "CatSpecies",
    "off": 55576,
    "sff": "cat"
  },
  {
    "docID": "N109 Barritt, Davies et al. 2006",
    "et": "Adult",
    "off": 6206,
    "sff": "adult"
  },
  {
    "docID": "N109 Barritt, Davies et al. 2006",
    "et": "Adult",
    "off": 56959,
    "sff": "adult"
  },
  {
    "docID": "N109 Barritt, Davies et al. 2006",
    "et": "Adult",
    "off": 59871,
    "sff": "adult"
  },
  {
    "docID": "N109 Barritt, Davies et al. 2006",
    "et": "Adult",
    "off": 64862,
    "sff": "adult"
  },
  {
    "docID": "N109 Barritt, Davies et al. 2006",
    "et": "Adult",
    "off": 54493,
    "sff": "adult"
  },
  {
    "docID": "N109 Barritt, Davies et al. 2006",
    "et": "Adult",
    "off": 47228,
    "sff": "adult"
  },
  {
    "docID": "N109 Barritt, Davies et al. 2006",
    "et": "Adult",
    "off": 60089,
    "sff": "adult"
  },
  {
    "docID": "N109 Barritt, Davies et al. 2006",
    "et": "Adult",
    "off": 60760,
    "sff": "adult"
  },
  {
    "docID": "N109 Barritt, Davies et al. 2006",
    "et": "Adult",
    "off": 61749,
    "sff": "adult"
  },
  {
    "docID": "N109 Barritt, Davies et al. 2006",
    "et": "Adult",
    "off": 66101,
    "sff": "adult"
  },
  {
    "docID": "N109 Barritt, Davies et al. 2006",
    "et": "Adult",
    "off": 54260,
    "sff": "adult"
  },
  {
    "docID": "N109 Barritt, Davies et al. 2006",
    "et": "Adult",
    "off": 52082,
    "sff": "adult"
  },
  {
    "docID": "N109 Barritt, Davies et al. 2006",
    "et": "Adult",
    "off": 5456,
    "sff": "adult"
  },
  {
    "docID": "N109 Barritt, Davies et al. 2006",
    "et": "Adult",
    "off": 56303,
    "sff": "adult"
  },
  {
    "docID": "N109 Barritt, Davies et al. 2006",
    "et": "Adult",
    "off": 64041,
    "sff": "adult"
  },
  {
    "docID": "N109 Barritt, Davies et al. 2006",
    "et": "Adult",
    "off": 64649,
    "sff": "adult"
  },
  {
    "docID": "N109 Barritt, Davies et al. 2006",
    "et": "Adult",
    "off": 54119,
    "sff": "adult"
  },
  {
    "docID": "N109 Barritt, Davies et al. 2006",
    "et": "Adult",
    "off": 61350,
    "sff": "adult"
  },
  {
    "docID": "N109 Barritt, Davies et al. 2006",
    "et": "Adult",
    "off": 49160,
    "sff": "mature"
  },
  {
    "docID": "N109 Barritt, Davies et al. 2006",
    "et": "Adult",
    "off": 4772,
    "sff": "adult"
  },
  {
    "docID": "N109 Barritt, Davies et al. 2006",
    "et": "Adult",
    "off": 49381,
    "sff": "adult"
  },
  {
    "docID": "N109 Barritt, Davies et al. 2006",
    "et": "Adult",
    "off": 54437,
    "sff": "adult"
  },
  {
    "docID": "N109 Barritt, Davies et al. 2006",
    "et": "Adult",
    "off": 55140,
    "sff": "adult"
  },
  {
    "docID": "N109 Barritt, Davies et al. 2006",
    "et": "Adult",
    "off": 60963,
    "sff": "adult"
  },
  {
    "docID": "N109 Barritt, Davies et al. 2006",
    "et": "LongEvansRat",
    "off": 68612,
    "sff": "long"
  },
  {
    "docID": "N109 Barritt, Davies et al. 2006",
    "et": "LongEvansRat",
    "off": 69164,
    "sff": "long"
  },
  {
    "docID": "N109 Barritt, Davies et al. 2006",
    "et": "CatModel",
    "off": 55576,
    "sff": "cat"
  },
  {
    "docID": "N109 Barritt, Davies et al. 2006",
    "et": "Age",
    "off": 38499,
    "sff": "Five weeks"
  },
  {
    "docID": "N109 Barritt, Davies et al. 2006",
    "et": "Age",
    "off": 32058,
    "sff": "5D"
  },
  {
    "docID": "N109 Barritt, Davies et al. 2006",
    "et": "Age",
    "off": 11470,
    "sff": "5 weeks"
  },
  {
    "docID": "N109 Barritt, Davies et al. 2006",
    "et": "Age",
    "off": 8403,
    "sff": "10 days"
  },
  {
    "docID": "N109 Barritt, Davies et al. 2006",
    "et": "Age",
    "off": 32153,
    "sff": "5D"
  },
  {
    "docID": "N109 Barritt, Davies et al. 2006",
    "et": "Age",
    "off": 76196,
    "sff": "4 week"
  },
  {
    "docID": "N109 Barritt, Davies et al. 2006",
    "et": "Age",
    "off": 8953,
    "sff": "4 weeks"
  },
  {
    "docID": "N109 Barritt, Davies et al. 2006",
    "et": "Age",
    "off": 24438,
    "sff": "2D"
  },
  {
    "docID": "N109 Barritt, Davies et al. 2006",
    "et": "Age",
    "off": 37176,
    "sff": "four weeks"
  },
  {
    "docID": "N109 Barritt, Davies et al. 2006",
    "et": "Age",
    "off": 9357,
    "sff": "One week"
  },
  {
    "docID": "N109 Barritt, Davies et al. 2006",
    "et": "Age",
    "off": 35186,
    "sff": "6D"
  },
  {
    "docID": "N109 Barritt, Davies et al. 2006",
    "et": "Age",
    "off": 9184,
    "sff": "11 days"
  },
  {
    "docID": "N109 Barritt, Davies et al. 2006",
    "et": "Age",
    "off": 24163,
    "sff": "2D"
  },
  {
    "docID": "N109 Barritt, Davies et al. 2006",
    "et": "Age",
    "off": 10195,
    "sff": "Three weeks"
  },
  {
    "docID": "N109 Barritt, Davies et al. 2006",
    "et": "Age",
    "off": 31604,
    "sff": "Four weeks"
  },
  {
    "docID": "N109 Barritt, Davies et al. 2006",
    "et": "Age",
    "off": 28103,
    "sff": "4D"
  },
  {
    "docID": "N109 Barritt, Davies et al. 2006",
    "et": "Age",
    "off": 20763,
    "sff": "Four weeks"
  },
  {
    "docID": "N109 Barritt, Davies et al. 2006",
    "et": "Age",
    "off": 27320,
    "sff": "Four weeks"
  },
  {
    "docID": "N109 Barritt, Davies et al. 2006",
    "et": "Age",
    "off": 67032,
    "sff": "Four weeks"
  }
]
