[
  {
    "docID": "N110 Cheng, C.-H.a  b  c, Lin et al. 2015",
    "et": "Weight",
    "off": 32411,
    "sff": "3G"
  },
  {
    "docID": "N110 Cheng, C.-H.a  b  c, Lin et al. 2015",
    "et": "Weight",
    "off": 43986,
    "sff": "7G"
  },
  {
    "docID": "N110 Cheng, C.-H.a  b  c, Lin et al. 2015",
    "et": "Weight",
    "off": 12585,
    "sff": "200–250 g"
  },
  {
    "docID": "N110 Cheng, C.-H.a  b  c, Lin et al. 2015",
    "et": "Weight",
    "off": 43990,
    "sff": "7G"
  },
  {
    "docID": "N110 Cheng, C.-H.a  b  c, Lin et al. 2015",
    "et": "Weight",
    "off": 31799,
    "sff": "2G"
  },
  {
    "docID": "N110 Cheng, C.-H.a  b  c, Lin et al. 2015",
    "et": "Weight",
    "off": 43998,
    "sff": "7G”; 100"
  },
  {
    "docID": "N110 Cheng, C.-H.a  b  c, Lin et al. 2015",
    "et": "Weight",
    "off": 35428,
    "sff": "4G"
  },
  {
    "docID": "N110 Cheng, C.-H.a  b  c, Lin et al. 2015",
    "et": "Weight",
    "off": 41253,
    "sff": "5G"
  },
  {
    "docID": "N110 Cheng, C.-H.a  b  c, Lin et al. 2015",
    "et": "Weight",
    "off": 20632,
    "sff": "100 g"
  },
  {
    "docID": "N110 Cheng, C.-H.a  b  c, Lin et al. 2015",
    "et": "Weight",
    "off": 41667,
    "sff": "5G"
  },
  {
    "docID": "N110 Cheng, C.-H.a  b  c, Lin et al. 2015",
    "et": "Weight",
    "off": 15932,
    "sff": "10.0 g"
  },
  {
    "docID": "N110 Cheng, C.-H.a  b  c, Lin et al. 2015",
    "et": "Weight",
    "off": 35310,
    "sff": "4G"
  },
  {
    "docID": "N110 Cheng, C.-H.a  b  c, Lin et al. 2015",
    "et": "RatModel",
    "off": 88615,
    "sff": "rat"
  },
  {
    "docID": "N110 Cheng, C.-H.a  b  c, Lin et al. 2015",
    "et": "RatModel",
    "off": 83526,
    "sff": "rat"
  },
  {
    "docID": "N110 Cheng, C.-H.a  b  c, Lin et al. 2015",
    "et": "RatModel",
    "off": 79456,
    "sff": "rat"
  },
  {
    "docID": "N110 Cheng, C.-H.a  b  c, Lin et al. 2015",
    "et": "RatModel",
    "off": 83107,
    "sff": "rat"
  },
  {
    "docID": "N110 Cheng, C.-H.a  b  c, Lin et al. 2015",
    "et": "RatModel",
    "off": 80285,
    "sff": "rat"
  },
  {
    "docID": "N110 Cheng, C.-H.a  b  c, Lin et al. 2015",
    "et": "RatModel",
    "off": 11615,
    "sff": "rat"
  },
  {
    "docID": "N110 Cheng, C.-H.a  b  c, Lin et al. 2015",
    "et": "RatModel",
    "off": 82456,
    "sff": "rat"
  },
  {
    "docID": "N110 Cheng, C.-H.a  b  c, Lin et al. 2015",
    "et": "RatModel",
    "off": 81947,
    "sff": "rat"
  },
  {
    "docID": "N110 Cheng, C.-H.a  b  c, Lin et al. 2015",
    "et": "RatModel",
    "off": 27956,
    "sff": "rat"
  },
  {
    "docID": "N110 Cheng, C.-H.a  b  c, Lin et al. 2015",
    "et": "RatModel",
    "off": 29110,
    "sff": "rat"
  },
  {
    "docID": "N110 Cheng, C.-H.a  b  c, Lin et al. 2015",
    "et": "RatModel",
    "off": 14352,
    "sff": "rat"
  },
  {
    "docID": "N110 Cheng, C.-H.a  b  c, Lin et al. 2015",
    "et": "RatModel",
    "off": 14384,
    "sff": "rat"
  },
  {
    "docID": "N110 Cheng, C.-H.a  b  c, Lin et al. 2015",
    "et": "RatModel",
    "off": 86065,
    "sff": "rat"
  },
  {
    "docID": "N110 Cheng, C.-H.a  b  c, Lin et al. 2015",
    "et": "RatModel",
    "off": 81619,
    "sff": "rat"
  },
  {
    "docID": "N110 Cheng, C.-H.a  b  c, Lin et al. 2015",
    "et": "RatModel",
    "off": 61554,
    "sff": "rat"
  },
  {
    "docID": "N110 Cheng, C.-H.a  b  c, Lin et al. 2015",
    "et": "RatModel",
    "off": 81033,
    "sff": "rat"
  },
  {
    "docID": "N110 Cheng, C.-H.a  b  c, Lin et al. 2015",
    "et": "NewZealandRabbit",
    "off": 16015,
    "sff": "New"
  },
  {
    "docID": "N110 Cheng, C.-H.a  b  c, Lin et al. 2015",
    "et": "NewZealandRabbit",
    "off": 75095,
    "sff": "new"
  },
  {
    "docID": "N110 Cheng, C.-H.a  b  c, Lin et al. 2015",
    "et": "NewZealandRabbit",
    "off": 13593,
    "sff": "New"
  },
  {
    "docID": "N110 Cheng, C.-H.a  b  c, Lin et al. 2015",
    "et": "RabbitSpecies",
    "off": 23855,
    "sff": "rabbit"
  },
  {
    "docID": "N110 Cheng, C.-H.a  b  c, Lin et al. 2015",
    "et": "RabbitSpecies",
    "off": 23172,
    "sff": "rabbit"
  },
  {
    "docID": "N110 Cheng, C.-H.a  b  c, Lin et al. 2015",
    "et": "Young",
    "off": 12545,
    "sff": "young"
  },
  {
    "docID": "N110 Cheng, C.-H.a  b  c, Lin et al. 2015",
    "et": "SpragueDawleyRat",
    "off": 12564,
    "sff": "Sprague-Dawley"
  },
  {
    "docID": "N110 Cheng, C.-H.a  b  c, Lin et al. 2015",
    "et": "SpragueDawleyRat",
    "off": 12564,
    "sff": "Sprague-Dawley rats"
  },
  {
    "docID": "N110 Cheng, C.-H.a  b  c, Lin et al. 2015",
    "et": "MouseModel",
    "off": 22965,
    "sff": "mouse"
  },
  {
    "docID": "N110 Cheng, C.-H.a  b  c, Lin et al. 2015",
    "et": "MouseModel",
    "off": 81374,
    "sff": "mouse"
  },
  {
    "docID": "N110 Cheng, C.-H.a  b  c, Lin et al. 2015",
    "et": "MouseModel",
    "off": 65759,
    "sff": "mouse"
  },
  {
    "docID": "N110 Cheng, C.-H.a  b  c, Lin et al. 2015",
    "et": "MouseModel",
    "off": 85018,
    "sff": "mouse"
  },
  {
    "docID": "N110 Cheng, C.-H.a  b  c, Lin et al. 2015",
    "et": "RabbitModel",
    "off": 23172,
    "sff": "rabbit"
  },
  {
    "docID": "N110 Cheng, C.-H.a  b  c, Lin et al. 2015",
    "et": "RabbitModel",
    "off": 23855,
    "sff": "rabbit"
  },
  {
    "docID": "N110 Cheng, C.-H.a  b  c, Lin et al. 2015",
    "et": "RatSpecies",
    "off": 83526,
    "sff": "rat"
  },
  {
    "docID": "N110 Cheng, C.-H.a  b  c, Lin et al. 2015",
    "et": "RatSpecies",
    "off": 83107,
    "sff": "rat"
  },
  {
    "docID": "N110 Cheng, C.-H.a  b  c, Lin et al. 2015",
    "et": "RatSpecies",
    "off": 81033,
    "sff": "rat"
  },
  {
    "docID": "N110 Cheng, C.-H.a  b  c, Lin et al. 2015",
    "et": "RatSpecies",
    "off": 88615,
    "sff": "rat"
  },
  {
    "docID": "N110 Cheng, C.-H.a  b  c, Lin et al. 2015",
    "et": "RatSpecies",
    "off": 80285,
    "sff": "rat"
  },
  {
    "docID": "N110 Cheng, C.-H.a  b  c, Lin et al. 2015",
    "et": "RatSpecies",
    "off": 81947,
    "sff": "rat"
  },
  {
    "docID": "N110 Cheng, C.-H.a  b  c, Lin et al. 2015",
    "et": "RatSpecies",
    "off": 11615,
    "sff": "rat"
  },
  {
    "docID": "N110 Cheng, C.-H.a  b  c, Lin et al. 2015",
    "et": "RatSpecies",
    "off": 79456,
    "sff": "rat"
  },
  {
    "docID": "N110 Cheng, C.-H.a  b  c, Lin et al. 2015",
    "et": "RatSpecies",
    "off": 29110,
    "sff": "rat"
  },
  {
    "docID": "N110 Cheng, C.-H.a  b  c, Lin et al. 2015",
    "et": "RatSpecies",
    "off": 27956,
    "sff": "rat"
  },
  {
    "docID": "N110 Cheng, C.-H.a  b  c, Lin et al. 2015",
    "et": "RatSpecies",
    "off": 81619,
    "sff": "rat"
  },
  {
    "docID": "N110 Cheng, C.-H.a  b  c, Lin et al. 2015",
    "et": "RatSpecies",
    "off": 82456,
    "sff": "rat"
  },
  {
    "docID": "N110 Cheng, C.-H.a  b  c, Lin et al. 2015",
    "et": "RatSpecies",
    "off": 61554,
    "sff": "rat"
  },
  {
    "docID": "N110 Cheng, C.-H.a  b  c, Lin et al. 2015",
    "et": "RatSpecies",
    "off": 86065,
    "sff": "rat"
  },
  {
    "docID": "N110 Cheng, C.-H.a  b  c, Lin et al. 2015",
    "et": "RatSpecies",
    "off": 14352,
    "sff": "rat"
  },
  {
    "docID": "N110 Cheng, C.-H.a  b  c, Lin et al. 2015",
    "et": "RatSpecies",
    "off": 14384,
    "sff": "rat"
  },
  {
    "docID": "N110 Cheng, C.-H.a  b  c, Lin et al. 2015",
    "et": "MouseSpecies",
    "off": 22965,
    "sff": "mouse"
  },
  {
    "docID": "N110 Cheng, C.-H.a  b  c, Lin et al. 2015",
    "et": "MouseSpecies",
    "off": 85018,
    "sff": "mouse"
  },
  {
    "docID": "N110 Cheng, C.-H.a  b  c, Lin et al. 2015",
    "et": "MouseSpecies",
    "off": 81374,
    "sff": "mouse"
  },
  {
    "docID": "N110 Cheng, C.-H.a  b  c, Lin et al. 2015",
    "et": "MouseSpecies",
    "off": 65759,
    "sff": "mouse"
  },
  {
    "docID": "N110 Cheng, C.-H.a  b  c, Lin et al. 2015",
    "et": "HartleyGuineaPig",
    "off": 88977,
    "sff": "Hartley"
  },
  {
    "docID": "N110 Cheng, C.-H.a  b  c, Lin et al. 2015",
    "et": "FischerRat",
    "off": 80594,
    "sff": "Fischer"
  },
  {
    "docID": "N110 Cheng, C.-H.a  b  c, Lin et al. 2015",
    "et": "Adult",
    "off": 85590,
    "sff": "adult"
  },
  {
    "docID": "N110 Cheng, C.-H.a  b  c, Lin et al. 2015",
    "et": "Adult",
    "off": 85784,
    "sff": "adult"
  },
  {
    "docID": "N110 Cheng, C.-H.a  b  c, Lin et al. 2015",
    "et": "Adult",
    "off": 12551,
    "sff": "adult"
  },
  {
    "docID": "N110 Cheng, C.-H.a  b  c, Lin et al. 2015",
    "et": "Adult",
    "off": 6908,
    "sff": "adults"
  },
  {
    "docID": "N110 Cheng, C.-H.a  b  c, Lin et al. 2015",
    "et": "Adult",
    "off": 81613,
    "sff": "adult"
  },
  {
    "docID": "N110 Cheng, C.-H.a  b  c, Lin et al. 2015",
    "et": "Adult",
    "off": 75551,
    "sff": "mature"
  },
  {
    "docID": "N110 Cheng, C.-H.a  b  c, Lin et al. 2015",
    "et": "Female",
    "off": 12557,
    "sff": "female"
  },
  {
    "docID": "N110 Cheng, C.-H.a  b  c, Lin et al. 2015",
    "et": "Age",
    "off": 52274,
    "sff": "8 weeks"
  },
  {
    "docID": "N110 Cheng, C.-H.a  b  c, Lin et al. 2015",
    "et": "Age",
    "off": 35798,
    "sff": "4D"
  },
  {
    "docID": "N110 Cheng, C.-H.a  b  c, Lin et al. 2015",
    "et": "Age",
    "off": 40116,
    "sff": "10 weeks"
  },
  {
    "docID": "N110 Cheng, C.-H.a  b  c, Lin et al. 2015",
    "et": "Age",
    "off": 20536,
    "sff": "8 weeks"
  },
  {
    "docID": "N110 Cheng, C.-H.a  b  c, Lin et al. 2015",
    "et": "Age",
    "off": 35413,
    "sff": "4D"
  },
  {
    "docID": "N110 Cheng, C.-H.a  b  c, Lin et al. 2015",
    "et": "Age",
    "off": 41400,
    "sff": "8 weeks"
  },
  {
    "docID": "N110 Cheng, C.-H.a  b  c, Lin et al. 2015",
    "et": "Age",
    "off": 33948,
    "sff": "4 weeks"
  },
  {
    "docID": "N110 Cheng, C.-H.a  b  c, Lin et al. 2015",
    "et": "Age",
    "off": 42318,
    "sff": "ten weeks"
  },
  {
    "docID": "N110 Cheng, C.-H.a  b  c, Lin et al. 2015",
    "et": "Age",
    "off": 52154,
    "sff": "8 weeks"
  },
  {
    "docID": "N110 Cheng, C.-H.a  b  c, Lin et al. 2015",
    "et": "Age",
    "off": 42892,
    "sff": "6D"
  },
  {
    "docID": "N110 Cheng, C.-H.a  b  c, Lin et al. 2015",
    "et": "Age",
    "off": 52144,
    "sff": "10 weeks"
  },
  {
    "docID": "N110 Cheng, C.-H.a  b  c, Lin et al. 2015",
    "et": "Age",
    "off": 34073,
    "sff": "4 weeks"
  },
  {
    "docID": "N110 Cheng, C.-H.a  b  c, Lin et al. 2015",
    "et": "Age",
    "off": 17041,
    "sff": "two weeks"
  },
  {
    "docID": "N110 Cheng, C.-H.a  b  c, Lin et al. 2015",
    "et": "Age",
    "off": 15352,
    "sff": "3 days"
  },
  {
    "docID": "N110 Cheng, C.-H.a  b  c, Lin et al. 2015",
    "et": "Age",
    "off": 62763,
    "sff": "10 weeks"
  },
  {
    "docID": "N110 Cheng, C.-H.a  b  c, Lin et al. 2015",
    "et": "Age",
    "off": 15481,
    "sff": "2 days"
  },
  {
    "docID": "N110 Cheng, C.-H.a  b  c, Lin et al. 2015",
    "et": "Age",
    "off": 20347,
    "sff": "one week"
  },
  {
    "docID": "N110 Cheng, C.-H.a  b  c, Lin et al. 2015",
    "et": "Age",
    "off": 29983,
    "sff": "2 weeks"
  },
  {
    "docID": "N110 Cheng, C.-H.a  b  c, Lin et al. 2015",
    "et": "Age",
    "off": 36383,
    "sff": "2 weeks"
  },
  {
    "docID": "N110 Cheng, C.-H.a  b  c, Lin et al. 2015",
    "et": "Age",
    "off": 52295,
    "sff": "10 weeks"
  },
  {
    "docID": "N110 Cheng, C.-H.a  b  c, Lin et al. 2015",
    "et": "Age",
    "off": 32841,
    "sff": "10 weeks"
  },
  {
    "docID": "N110 Cheng, C.-H.a  b  c, Lin et al. 2015",
    "et": "Age",
    "off": 51859,
    "sff": "6 weeks"
  },
  {
    "docID": "N110 Cheng, C.-H.a  b  c, Lin et al. 2015",
    "et": "Age",
    "off": 46144,
    "sff": "10 weeks"
  },
  {
    "docID": "N110 Cheng, C.-H.a  b  c, Lin et al. 2015",
    "et": "Age",
    "off": 33704,
    "sff": "4 weeks"
  },
  {
    "docID": "N110 Cheng, C.-H.a  b  c, Lin et al. 2015",
    "et": "Age",
    "off": 64186,
    "sff": "10 weeks"
  },
  {
    "docID": "N110 Cheng, C.-H.a  b  c, Lin et al. 2015",
    "et": "Age",
    "off": 57493,
    "sff": "6–10 weeks"
  },
  {
    "docID": "N110 Cheng, C.-H.a  b  c, Lin et al. 2015",
    "et": "Age",
    "off": 61757,
    "sff": "10 weeks"
  },
  {
    "docID": "N110 Cheng, C.-H.a  b  c, Lin et al. 2015",
    "et": "Age",
    "off": 21019,
    "sff": "2 days"
  },
  {
    "docID": "N110 Cheng, C.-H.a  b  c, Lin et al. 2015",
    "et": "Age",
    "off": 38852,
    "sff": "4 weeks"
  },
  {
    "docID": "N110 Cheng, C.-H.a  b  c, Lin et al. 2015",
    "et": "Age",
    "off": 25427,
    "sff": "10 weeks"
  },
  {
    "docID": "N110 Cheng, C.-H.a  b  c, Lin et al. 2015",
    "et": "Age",
    "off": 61491,
    "sff": "ten days"
  },
  {
    "docID": "N110 Cheng, C.-H.a  b  c, Lin et al. 2015",
    "et": "Age",
    "off": 17241,
    "sff": "10 weeks"
  },
  {
    "docID": "N110 Cheng, C.-H.a  b  c, Lin et al. 2015",
    "et": "Age",
    "off": 37976,
    "sff": "10 weeks"
  },
  {
    "docID": "N110 Cheng, C.-H.a  b  c, Lin et al. 2015",
    "et": "Age",
    "off": 37949,
    "sff": "4 weeks"
  },
  {
    "docID": "N110 Cheng, C.-H.a  b  c, Lin et al. 2015",
    "et": "Age",
    "off": 39504,
    "sff": "10 weeks"
  },
  {
    "docID": "N110 Cheng, C.-H.a  b  c, Lin et al. 2015",
    "et": "Age",
    "off": 14394,
    "sff": "two days"
  },
  {
    "docID": "N110 Cheng, C.-H.a  b  c, Lin et al. 2015",
    "et": "Age",
    "off": 17607,
    "sff": "1D"
  },
  {
    "docID": "N110 Cheng, C.-H.a  b  c, Lin et al. 2015",
    "et": "Age",
    "off": 4856,
    "sff": "eight weeks"
  },
  {
    "docID": "N110 Cheng, C.-H.a  b  c, Lin et al. 2015",
    "et": "Age",
    "off": 46026,
    "sff": "10 weeks"
  },
  {
    "docID": "N110 Cheng, C.-H.a  b  c, Lin et al. 2015",
    "et": "Age",
    "off": 32523,
    "sff": "3D"
  },
  {
    "docID": "N110 Cheng, C.-H.a  b  c, Lin et al. 2015",
    "et": "Age",
    "off": 52198,
    "sff": "10 weeks"
  },
  {
    "docID": "N110 Cheng, C.-H.a  b  c, Lin et al. 2015",
    "et": "Age",
    "off": 57421,
    "sff": "2 weeks"
  },
  {
    "docID": "N110 Cheng, C.-H.a  b  c, Lin et al. 2015",
    "et": "Age",
    "off": 64467,
    "sff": "4 weeks"
  },
  {
    "docID": "N110 Cheng, C.-H.a  b  c, Lin et al. 2015",
    "et": "Age",
    "off": 51816,
    "sff": "10 weeks"
  },
  {
    "docID": "N110 Cheng, C.-H.a  b  c, Lin et al. 2015",
    "et": "Age",
    "off": 36327,
    "sff": "10 weeks"
  },
  {
    "docID": "N110 Cheng, C.-H.a  b  c, Lin et al. 2015",
    "et": "Age",
    "off": 62756,
    "sff": "4D"
  },
  {
    "docID": "N110 Cheng, C.-H.a  b  c, Lin et al. 2015",
    "et": "Age",
    "off": 51744,
    "sff": "two weeks"
  },
  {
    "docID": "N110 Cheng, C.-H.a  b  c, Lin et al. 2015",
    "et": "Age",
    "off": 17626,
    "sff": "10 weeks"
  },
  {
    "docID": "N110 Cheng, C.-H.a  b  c, Lin et al. 2015",
    "et": "Age",
    "off": 36193,
    "sff": "10 weeks"
  },
  {
    "docID": "N110 Cheng, C.-H.a  b  c, Lin et al. 2015",
    "et": "Age",
    "off": 31557,
    "sff": "4 weeks"
  },
  {
    "docID": "N110 Cheng, C.-H.a  b  c, Lin et al. 2015",
    "et": "Age",
    "off": 17222,
    "sff": "4 weeks"
  },
  {
    "docID": "N110 Cheng, C.-H.a  b  c, Lin et al. 2015",
    "et": "Age",
    "off": 34128,
    "sff": "2 weeks"
  },
  {
    "docID": "N110 Cheng, C.-H.a  b  c, Lin et al. 2015",
    "et": "Age",
    "off": 43093,
    "sff": "6D"
  },
  {
    "docID": "N110 Cheng, C.-H.a  b  c, Lin et al. 2015",
    "et": "Age",
    "off": 45668,
    "sff": "4 weeks"
  },
  {
    "docID": "N110 Cheng, C.-H.a  b  c, Lin et al. 2015",
    "et": "Age",
    "off": 16634,
    "sff": "One week"
  },
  {
    "docID": "N110 Cheng, C.-H.a  b  c, Lin et al. 2015",
    "et": "Age",
    "off": 26361,
    "sff": "10 weeks"
  },
  {
    "docID": "N110 Cheng, C.-H.a  b  c, Lin et al. 2015",
    "et": "Age",
    "off": 41656,
    "sff": "5D"
  },
  {
    "docID": "N110 Cheng, C.-H.a  b  c, Lin et al. 2015",
    "et": "Age",
    "off": 35318,
    "sff": "10 weeks"
  },
  {
    "docID": "N110 Cheng, C.-H.a  b  c, Lin et al. 2015",
    "et": "Age",
    "off": 30056,
    "sff": "6–10 weeks"
  },
  {
    "docID": "N110 Cheng, C.-H.a  b  c, Lin et al. 2015",
    "et": "Age",
    "off": 55522,
    "sff": "2 weeks"
  },
  {
    "docID": "N110 Cheng, C.-H.a  b  c, Lin et al. 2015",
    "et": "Age",
    "off": 13999,
    "sff": "4 days"
  },
  {
    "docID": "N110 Cheng, C.-H.a  b  c, Lin et al. 2015",
    "et": "Age",
    "off": 31932,
    "sff": "Eight weeks"
  },
  {
    "docID": "N110 Cheng, C.-H.a  b  c, Lin et al. 2015",
    "et": "Age",
    "off": 21549,
    "sff": "2 days"
  },
  {
    "docID": "N110 Cheng, C.-H.a  b  c, Lin et al. 2015",
    "et": "Age",
    "off": 54573,
    "sff": "2 days"
  },
  {
    "docID": "N110 Cheng, C.-H.a  b  c, Lin et al. 2015",
    "et": "Age",
    "off": 16872,
    "sff": "2 weeks"
  },
  {
    "docID": "N110 Cheng, C.-H.a  b  c, Lin et al. 2015",
    "et": "Age",
    "off": 19980,
    "sff": "Ten weeks"
  },
  {
    "docID": "N110 Cheng, C.-H.a  b  c, Lin et al. 2015",
    "et": "Age",
    "off": 30954,
    "sff": "2 weeks"
  },
  {
    "docID": "N110 Cheng, C.-H.a  b  c, Lin et al. 2015",
    "et": "Age",
    "off": 39043,
    "sff": "10 weeks"
  },
  {
    "docID": "N110 Cheng, C.-H.a  b  c, Lin et al. 2015",
    "et": "Age",
    "off": 52739,
    "sff": "10 weeks"
  },
  {
    "docID": "N110 Cheng, C.-H.a  b  c, Lin et al. 2015",
    "et": "Age",
    "off": 35707,
    "sff": "10 weeks"
  },
  {
    "docID": "N110 Cheng, C.-H.a  b  c, Lin et al. 2015",
    "et": "Age",
    "off": 45690,
    "sff": "10 weeks"
  },
  {
    "docID": "N110 Cheng, C.-H.a  b  c, Lin et al. 2015",
    "et": "Age",
    "off": 51611,
    "sff": "four weeks"
  },
  {
    "docID": "N110 Cheng, C.-H.a  b  c, Lin et al. 2015",
    "et": "Age",
    "off": 45311,
    "sff": "4 weeks"
  },
  {
    "docID": "N110 Cheng, C.-H.a  b  c, Lin et al. 2015",
    "et": "Age",
    "off": 46355,
    "sff": "10 weeks"
  },
  {
    "docID": "N110 Cheng, C.-H.a  b  c, Lin et al. 2015",
    "et": "Age",
    "off": 45460,
    "sff": "10 weeks"
  },
  {
    "docID": "N110 Cheng, C.-H.a  b  c, Lin et al. 2015",
    "et": "Age",
    "off": 38133,
    "sff": "4D"
  },
  {
    "docID": "N110 Cheng, C.-H.a  b  c, Lin et al. 2015",
    "et": "Age",
    "off": 9723,
    "sff": "4 weeks"
  },
  {
    "docID": "N110 Cheng, C.-H.a  b  c, Lin et al. 2015",
    "et": "Age",
    "off": 17404,
    "sff": "4 weeks"
  },
  {
    "docID": "N110 Cheng, C.-H.a  b  c, Lin et al. 2015",
    "et": "Age",
    "off": 61199,
    "sff": "10 weeks"
  },
  {
    "docID": "N110 Cheng, C.-H.a  b  c, Lin et al. 2015",
    "et": "Age",
    "off": 39289,
    "sff": "4 weeks"
  },
  {
    "docID": "N110 Cheng, C.-H.a  b  c, Lin et al. 2015",
    "et": "Age",
    "off": 17423,
    "sff": "10 weeks"
  },
  {
    "docID": "N110 Cheng, C.-H.a  b  c, Lin et al. 2015",
    "et": "Age",
    "off": 31916,
    "sff": "2D"
  },
  {
    "docID": "N110 Cheng, C.-H.a  b  c, Lin et al. 2015",
    "et": "Age",
    "off": 18725,
    "sff": "10 weeks"
  },
  {
    "docID": "N110 Cheng, C.-H.a  b  c, Lin et al. 2015",
    "et": "Age",
    "off": 29153,
    "sff": "two days"
  },
  {
    "docID": "N110 Cheng, C.-H.a  b  c, Lin et al. 2015",
    "et": "Age",
    "off": 58377,
    "sff": "2 weeks"
  },
  {
    "docID": "N110 Cheng, C.-H.a  b  c, Lin et al. 2015",
    "et": "Age",
    "off": 17320,
    "sff": "10 weeks"
  },
  {
    "docID": "N110 Cheng, C.-H.a  b  c, Lin et al. 2015",
    "et": "Age",
    "off": 69155,
    "sff": "10 weeks"
  },
  {
    "docID": "N110 Cheng, C.-H.a  b  c, Lin et al. 2015",
    "et": "Age",
    "off": 30571,
    "sff": "two weeks"
  },
  {
    "docID": "N110 Cheng, C.-H.a  b  c, Lin et al. 2015",
    "et": "Age",
    "off": 39838,
    "sff": "10 weeks"
  },
  {
    "docID": "N110 Cheng, C.-H.a  b  c, Lin et al. 2015",
    "et": "Age",
    "off": 35593,
    "sff": "4 weeks"
  },
  {
    "docID": "N110 Cheng, C.-H.a  b  c, Lin et al. 2015",
    "et": "Age",
    "off": 40988,
    "sff": "Two weeks"
  },
  {
    "docID": "N110 Cheng, C.-H.a  b  c, Lin et al. 2015",
    "et": "Age",
    "off": 46343,
    "sff": "4 weeks"
  },
  {
    "docID": "N110 Cheng, C.-H.a  b  c, Lin et al. 2015",
    "et": "Age",
    "off": 55836,
    "sff": "10 weeks"
  }
]
