[
  {
    "docID": "N112 Huang, W.-C.a  b  d  e, Kuo et al. 2006",
    "et": "Weight",
    "off": 5194,
    "sff": "250–300 g"
  },
  {
    "docID": "N112 Huang, W.-C.a  b  d  e, Kuo et al. 2006",
    "et": "Weight",
    "off": 10156,
    "sff": "250–300 g"
  },
  {
    "docID": "N112 Huang, W.-C.a  b  d  e, Kuo et al. 2006",
    "et": "RatModel",
    "off": 20119,
    "sff": "rat"
  },
  {
    "docID": "N112 Huang, W.-C.a  b  d  e, Kuo et al. 2006",
    "et": "RatModel",
    "off": 21895,
    "sff": "rat"
  },
  {
    "docID": "N112 Huang, W.-C.a  b  d  e, Kuo et al. 2006",
    "et": "RatModel",
    "off": 4674,
    "sff": "rat"
  },
  {
    "docID": "N112 Huang, W.-C.a  b  d  e, Kuo et al. 2006",
    "et": "RatModel",
    "off": 16434,
    "sff": "rat"
  },
  {
    "docID": "N112 Huang, W.-C.a  b  d  e, Kuo et al. 2006",
    "et": "RatModel",
    "off": 10636,
    "sff": "Rat"
  },
  {
    "docID": "N112 Huang, W.-C.a  b  d  e, Kuo et al. 2006",
    "et": "RatModel",
    "off": 21517,
    "sff": "rat"
  },
  {
    "docID": "N112 Huang, W.-C.a  b  d  e, Kuo et al. 2006",
    "et": "SpragueDawleyRat",
    "off": 10135,
    "sff": "Sprague–Dawley rats"
  },
  {
    "docID": "N112 Huang, W.-C.a  b  d  e, Kuo et al. 2006",
    "et": "SpragueDawleyRat",
    "off": 10135,
    "sff": "Sprague–Dawley"
  },
  {
    "docID": "N112 Huang, W.-C.a  b  d  e, Kuo et al. 2006",
    "et": "MouseModel",
    "off": 21282,
    "sff": "mouse"
  },
  {
    "docID": "N112 Huang, W.-C.a  b  d  e, Kuo et al. 2006",
    "et": "MouseModel",
    "off": 22978,
    "sff": "mouse"
  },
  {
    "docID": "N112 Huang, W.-C.a  b  d  e, Kuo et al. 2006",
    "et": "MouseModel",
    "off": 20593,
    "sff": "mouse"
  },
  {
    "docID": "N112 Huang, W.-C.a  b  d  e, Kuo et al. 2006",
    "et": "RatSpecies",
    "off": 10636,
    "sff": "Rat"
  },
  {
    "docID": "N112 Huang, W.-C.a  b  d  e, Kuo et al. 2006",
    "et": "RatSpecies",
    "off": 20119,
    "sff": "rat"
  },
  {
    "docID": "N112 Huang, W.-C.a  b  d  e, Kuo et al. 2006",
    "et": "RatSpecies",
    "off": 21895,
    "sff": "rat"
  },
  {
    "docID": "N112 Huang, W.-C.a  b  d  e, Kuo et al. 2006",
    "et": "RatSpecies",
    "off": 4674,
    "sff": "rat"
  },
  {
    "docID": "N112 Huang, W.-C.a  b  d  e, Kuo et al. 2006",
    "et": "RatSpecies",
    "off": 16434,
    "sff": "rat"
  },
  {
    "docID": "N112 Huang, W.-C.a  b  d  e, Kuo et al. 2006",
    "et": "RatSpecies",
    "off": 21517,
    "sff": "rat"
  },
  {
    "docID": "N112 Huang, W.-C.a  b  d  e, Kuo et al. 2006",
    "et": "MouseSpecies",
    "off": 21282,
    "sff": "mouse"
  },
  {
    "docID": "N112 Huang, W.-C.a  b  d  e, Kuo et al. 2006",
    "et": "MouseSpecies",
    "off": 22978,
    "sff": "mouse"
  },
  {
    "docID": "N112 Huang, W.-C.a  b  d  e, Kuo et al. 2006",
    "et": "MouseSpecies",
    "off": 20593,
    "sff": "mouse"
  },
  {
    "docID": "N112 Huang, W.-C.a  b  d  e, Kuo et al. 2006",
    "et": "Adult",
    "off": 2434,
    "sff": "adult"
  },
  {
    "docID": "N112 Huang, W.-C.a  b  d  e, Kuo et al. 2006",
    "et": "Adult",
    "off": 21889,
    "sff": "adult"
  },
  {
    "docID": "N112 Huang, W.-C.a  b  d  e, Kuo et al. 2006",
    "et": "Adult",
    "off": 4427,
    "sff": "adult"
  },
  {
    "docID": "N112 Huang, W.-C.a  b  d  e, Kuo et al. 2006",
    "et": "Adult",
    "off": 2734,
    "sff": "adult"
  },
  {
    "docID": "N112 Huang, W.-C.a  b  d  e, Kuo et al. 2006",
    "et": "Adult",
    "off": 17869,
    "sff": "adult"
  },
  {
    "docID": "N112 Huang, W.-C.a  b  d  e, Kuo et al. 2006",
    "et": "Female",
    "off": 5181,
    "sff": "female"
  },
  {
    "docID": "N112 Huang, W.-C.a  b  d  e, Kuo et al. 2006",
    "et": "Female",
    "off": 10128,
    "sff": "female"
  },
  {
    "docID": "N112 Huang, W.-C.a  b  d  e, Kuo et al. 2006",
    "et": "Age",
    "off": 12790,
    "sff": "8 weeks"
  },
  {
    "docID": "N112 Huang, W.-C.a  b  d  e, Kuo et al. 2006",
    "et": "Age",
    "off": 10534,
    "sff": "3 weeks"
  },
  {
    "docID": "N112 Huang, W.-C.a  b  d  e, Kuo et al. 2006",
    "et": "Age",
    "off": 10612,
    "sff": "8 weeks"
  },
  {
    "docID": "N112 Huang, W.-C.a  b  d  e, Kuo et al. 2006",
    "et": "Age",
    "off": 14759,
    "sff": "2 weeks"
  },
  {
    "docID": "N112 Huang, W.-C.a  b  d  e, Kuo et al. 2006",
    "et": "Age",
    "off": 14904,
    "sff": "8 weeks"
  },
  {
    "docID": "N112 Huang, W.-C.a  b  d  e, Kuo et al. 2006",
    "et": "Age",
    "off": 15160,
    "sff": "8 weeks"
  },
  {
    "docID": "N112 Huang, W.-C.a  b  d  e, Kuo et al. 2006",
    "et": "Age",
    "off": 8544,
    "sff": "two days"
  },
  {
    "docID": "N112 Huang, W.-C.a  b  d  e, Kuo et al. 2006",
    "et": "Age",
    "off": 11818,
    "sff": "4 to 8 weeks"
  },
  {
    "docID": "N112 Huang, W.-C.a  b  d  e, Kuo et al. 2006",
    "et": "Age",
    "off": 13738,
    "sff": "2 weeks"
  },
  {
    "docID": "N112 Huang, W.-C.a  b  d  e, Kuo et al. 2006",
    "et": "Age",
    "off": 13617,
    "sff": "8 weeks"
  },
  {
    "docID": "N112 Huang, W.-C.a  b  d  e, Kuo et al. 2006",
    "et": "Age",
    "off": 7087,
    "sff": "2 weeks"
  },
  {
    "docID": "N112 Huang, W.-C.a  b  d  e, Kuo et al. 2006",
    "et": "Age",
    "off": 6210,
    "sff": "6 weeks"
  },
  {
    "docID": "N112 Huang, W.-C.a  b  d  e, Kuo et al. 2006",
    "et": "Age",
    "off": 7370,
    "sff": "8 weeks"
  },
  {
    "docID": "N112 Huang, W.-C.a  b  d  e, Kuo et al. 2006",
    "et": "Age",
    "off": 13316,
    "sff": "6 weeks"
  },
  {
    "docID": "N112 Huang, W.-C.a  b  d  e, Kuo et al. 2006",
    "et": "Age",
    "off": 4633,
    "sff": "2 weeks"
  },
  {
    "docID": "N112 Huang, W.-C.a  b  d  e, Kuo et al. 2006",
    "et": "Age",
    "off": 17068,
    "sff": "3 to 8 weeks"
  },
  {
    "docID": "N112 Huang, W.-C.a  b  d  e, Kuo et al. 2006",
    "et": "Age",
    "off": 5702,
    "sff": "One week"
  },
  {
    "docID": "N112 Huang, W.-C.a  b  d  e, Kuo et al. 2006",
    "et": "Age",
    "off": 15230,
    "sff": "8 weeks"
  },
  {
    "docID": "N112 Huang, W.-C.a  b  d  e, Kuo et al. 2006",
    "et": "Age",
    "off": 7509,
    "sff": "8 weeks"
  },
  {
    "docID": "N112 Huang, W.-C.a  b  d  e, Kuo et al. 2006",
    "et": "Age",
    "off": 11285,
    "sff": "8 weeks"
  },
  {
    "docID": "N112 Huang, W.-C.a  b  d  e, Kuo et al. 2006",
    "et": "Age",
    "off": 14101,
    "sff": "8 weeks"
  },
  {
    "docID": "N112 Huang, W.-C.a  b  d  e, Kuo et al. 2006",
    "et": "Age",
    "off": 14914,
    "sff": "2 weeks"
  },
  {
    "docID": "N112 Huang, W.-C.a  b  d  e, Kuo et al. 2006",
    "et": "Age",
    "off": 14923,
    "sff": "4 weeks"
  },
  {
    "docID": "N112 Huang, W.-C.a  b  d  e, Kuo et al. 2006",
    "et": "Age",
    "off": 13070,
    "sff": "4 weeks"
  },
  {
    "docID": "N112 Huang, W.-C.a  b  d  e, Kuo et al. 2006",
    "et": "Age",
    "off": 13191,
    "sff": "2 weeks"
  },
  {
    "docID": "N112 Huang, W.-C.a  b  d  e, Kuo et al. 2006",
    "et": "Age",
    "off": 14932,
    "sff": "6 weeks"
  },
  {
    "docID": "N112 Huang, W.-C.a  b  d  e, Kuo et al. 2006",
    "et": "Age",
    "off": 8088,
    "sff": "8 weeks"
  },
  {
    "docID": "N112 Huang, W.-C.a  b  d  e, Kuo et al. 2006",
    "et": "Age",
    "off": 16088,
    "sff": "8 weeks"
  },
  {
    "docID": "N112 Huang, W.-C.a  b  d  e, Kuo et al. 2006",
    "et": "Age",
    "off": 12241,
    "sff": "8 weeks"
  },
  {
    "docID": "N112 Huang, W.-C.a  b  d  e, Kuo et al. 2006",
    "et": "Age",
    "off": 15053,
    "sff": "2 weeks"
  },
  {
    "docID": "N112 Huang, W.-C.a  b  d  e, Kuo et al. 2006",
    "et": "Age",
    "off": 17156,
    "sff": "two days"
  },
  {
    "docID": "N112 Huang, W.-C.a  b  d  e, Kuo et al. 2006",
    "et": "Age",
    "off": 1810,
    "sff": "8 weeks"
  },
  {
    "docID": "N112 Huang, W.-C.a  b  d  e, Kuo et al. 2006",
    "et": "Age",
    "off": 14876,
    "sff": "6 weeks"
  },
  {
    "docID": "N112 Huang, W.-C.a  b  d  e, Kuo et al. 2006",
    "et": "Age",
    "off": 15334,
    "sff": "8 weeks"
  },
  {
    "docID": "N112 Huang, W.-C.a  b  d  e, Kuo et al. 2006",
    "et": "Age",
    "off": 4649,
    "sff": "8 weeks"
  },
  {
    "docID": "N112 Huang, W.-C.a  b  d  e, Kuo et al. 2006",
    "et": "Age",
    "off": 12071,
    "sff": "8 weeks"
  },
  {
    "docID": "N112 Huang, W.-C.a  b  d  e, Kuo et al. 2006",
    "et": "Age",
    "off": 6968,
    "sff": "2 weeks"
  },
  {
    "docID": "N112 Huang, W.-C.a  b  d  e, Kuo et al. 2006",
    "et": "Age",
    "off": 14941,
    "sff": "8 weeks"
  },
  {
    "docID": "N112 Huang, W.-C.a  b  d  e, Kuo et al. 2006",
    "et": "Age",
    "off": 12989,
    "sff": "2 weeks"
  },
  {
    "docID": "N112 Huang, W.-C.a  b  d  e, Kuo et al. 2006",
    "et": "Age",
    "off": 13343,
    "sff": "8 weeks"
  }
]
