[
  {
    "docID": "N113 Hyatt, Wang et al. 2010",
    "et": "Weight",
    "off": 7141,
    "sff": "0.0853 mg"
  },
  {
    "docID": "N113 Hyatt, Wang et al. 2010",
    "et": "Weight",
    "off": 11945,
    "sff": "5000 g"
  },
  {
    "docID": "N113 Hyatt, Wang et al. 2010",
    "et": "Weight",
    "off": 6575,
    "sff": "0.8 mg"
  },
  {
    "docID": "N113 Hyatt, Wang et al. 2010",
    "et": "Weight",
    "off": 14837,
    "sff": "3000 g"
  },
  {
    "docID": "N113 Hyatt, Wang et al. 2010",
    "et": "Weight",
    "off": 10599,
    "sff": "200–250 g"
  },
  {
    "docID": "N113 Hyatt, Wang et al. 2010",
    "et": "RatModel",
    "off": 30630,
    "sff": "rat"
  },
  {
    "docID": "N113 Hyatt, Wang et al. 2010",
    "et": "RatModel",
    "off": 8563,
    "sff": "rat"
  },
  {
    "docID": "N113 Hyatt, Wang et al. 2010",
    "et": "RatModel",
    "off": 29954,
    "sff": "rat"
  },
  {
    "docID": "N113 Hyatt, Wang et al. 2010",
    "et": "RatModel",
    "off": 31247,
    "sff": "rat"
  },
  {
    "docID": "N113 Hyatt, Wang et al. 2010",
    "et": "RatModel",
    "off": 18491,
    "sff": "rat"
  },
  {
    "docID": "N113 Hyatt, Wang et al. 2010",
    "et": "NewZealandRabbit",
    "off": 27417,
    "sff": "new"
  },
  {
    "docID": "N113 Hyatt, Wang et al. 2010",
    "et": "NewZealandRabbit",
    "off": 27394,
    "sff": "new"
  },
  {
    "docID": "N113 Hyatt, Wang et al. 2010",
    "et": "SpragueDawleyRat",
    "off": 10578,
    "sff": "Sprague Dawley"
  },
  {
    "docID": "N113 Hyatt, Wang et al. 2010",
    "et": "SpragueDawleyRat",
    "off": 10578,
    "sff": "Sprague Dawley rats"
  },
  {
    "docID": "N113 Hyatt, Wang et al. 2010",
    "et": "Mixed",
    "off": 5880,
    "sff": "mixed"
  },
  {
    "docID": "N113 Hyatt, Wang et al. 2010",
    "et": "Mixed",
    "off": 15212,
    "sff": "mixed"
  },
  {
    "docID": "N113 Hyatt, Wang et al. 2010",
    "et": "MouseModel",
    "off": 16518,
    "sff": "mouse"
  },
  {
    "docID": "N113 Hyatt, Wang et al. 2010",
    "et": "RatSpecies",
    "off": 18491,
    "sff": "rat"
  },
  {
    "docID": "N113 Hyatt, Wang et al. 2010",
    "et": "RatSpecies",
    "off": 30630,
    "sff": "rat"
  },
  {
    "docID": "N113 Hyatt, Wang et al. 2010",
    "et": "RatSpecies",
    "off": 8563,
    "sff": "rat"
  },
  {
    "docID": "N113 Hyatt, Wang et al. 2010",
    "et": "RatSpecies",
    "off": 29954,
    "sff": "rat"
  },
  {
    "docID": "N113 Hyatt, Wang et al. 2010",
    "et": "RatSpecies",
    "off": 31247,
    "sff": "rat"
  },
  {
    "docID": "N113 Hyatt, Wang et al. 2010",
    "et": "MouseSpecies",
    "off": 16518,
    "sff": "mouse"
  },
  {
    "docID": "N113 Hyatt, Wang et al. 2010",
    "et": "Adult",
    "off": 31241,
    "sff": "adult"
  },
  {
    "docID": "N113 Hyatt, Wang et al. 2010",
    "et": "Adult",
    "off": 27178,
    "sff": "mature"
  },
  {
    "docID": "N113 Hyatt, Wang et al. 2010",
    "et": "Adult",
    "off": 29948,
    "sff": "adult"
  },
  {
    "docID": "N113 Hyatt, Wang et al. 2010",
    "et": "LongEvansRat",
    "off": 17291,
    "sff": "long"
  },
  {
    "docID": "N113 Hyatt, Wang et al. 2010",
    "et": "LongEvansRat",
    "off": 7476,
    "sff": "long"
  },
  {
    "docID": "N113 Hyatt, Wang et al. 2010",
    "et": "Female",
    "off": 10571,
    "sff": "Female"
  },
  {
    "docID": "N113 Hyatt, Wang et al. 2010",
    "et": "Age",
    "off": 15842,
    "sff": "three weeks"
  },
  {
    "docID": "N113 Hyatt, Wang et al. 2010",
    "et": "Age",
    "off": 8803,
    "sff": "15 days"
  },
  {
    "docID": "N113 Hyatt, Wang et al. 2010",
    "et": "Age",
    "off": 20499,
    "sff": "3 weeks"
  },
  {
    "docID": "N113 Hyatt, Wang et al. 2010",
    "et": "Age",
    "off": 20748,
    "sff": "3 weeks"
  },
  {
    "docID": "N113 Hyatt, Wang et al. 2010",
    "et": "Age",
    "off": 25321,
    "sff": "three weeks"
  },
  {
    "docID": "N113 Hyatt, Wang et al. 2010",
    "et": "Age",
    "off": 24447,
    "sff": "two weeks"
  },
  {
    "docID": "N113 Hyatt, Wang et al. 2010",
    "et": "Age",
    "off": 17867,
    "sff": "3 weeks"
  },
  {
    "docID": "N113 Hyatt, Wang et al. 2010",
    "et": "Age",
    "off": 28389,
    "sff": "three weeks"
  },
  {
    "docID": "N113 Hyatt, Wang et al. 2010",
    "et": "Age",
    "off": 1573,
    "sff": "3 weeks"
  },
  {
    "docID": "N113 Hyatt, Wang et al. 2010",
    "et": "Age",
    "off": 4469,
    "sff": "25 years"
  },
  {
    "docID": "N113 Hyatt, Wang et al. 2010",
    "et": "Age",
    "off": 19812,
    "sff": "3 weeks"
  },
  {
    "docID": "N113 Hyatt, Wang et al. 2010",
    "et": "Age",
    "off": 2023,
    "sff": "3 weeks"
  },
  {
    "docID": "N113 Hyatt, Wang et al. 2010",
    "et": "Age",
    "off": 17629,
    "sff": "3 weeks"
  },
  {
    "docID": "N113 Hyatt, Wang et al. 2010",
    "et": "Age",
    "off": 26333,
    "sff": "3 weeks"
  },
  {
    "docID": "N113 Hyatt, Wang et al. 2010",
    "et": "Age",
    "off": 11743,
    "sff": "3 weeks"
  },
  {
    "docID": "N113 Hyatt, Wang et al. 2010",
    "et": "Age",
    "off": 5534,
    "sff": "3 weeks"
  },
  {
    "docID": "N113 Hyatt, Wang et al. 2010",
    "et": "Age",
    "off": 1717,
    "sff": "3 weeks"
  },
  {
    "docID": "N113 Hyatt, Wang et al. 2010",
    "et": "Age",
    "off": 20340,
    "sff": "3 weeks"
  },
  {
    "docID": "N113 Hyatt, Wang et al. 2010",
    "et": "Age",
    "off": 20532,
    "sff": "3 weeks"
  },
  {
    "docID": "N113 Hyatt, Wang et al. 2010",
    "et": "Age",
    "off": 27572,
    "sff": "3 weeks"
  },
  {
    "docID": "N113 Hyatt, Wang et al. 2010",
    "et": "Age",
    "off": 17538,
    "sff": "15 days"
  },
  {
    "docID": "N113 Hyatt, Wang et al. 2010",
    "et": "Age",
    "off": 22064,
    "sff": "3 weeks"
  },
  {
    "docID": "N113 Hyatt, Wang et al. 2010",
    "et": "Age",
    "off": 1490,
    "sff": "three weeks"
  },
  {
    "docID": "N113 Hyatt, Wang et al. 2010",
    "et": "Age",
    "off": 17028,
    "sff": "15 day"
  },
  {
    "docID": "N113 Hyatt, Wang et al. 2010",
    "et": "Age",
    "off": 22200,
    "sff": "3 weeks"
  },
  {
    "docID": "N113 Hyatt, Wang et al. 2010",
    "et": "Age",
    "off": 28472,
    "sff": "3 weeks"
  },
  {
    "docID": "N113 Hyatt, Wang et al. 2010",
    "et": "Age",
    "off": 28242,
    "sff": "two weeks"
  }
]
