[
  {
    "docID": "N114 Iseda, Okuda et al. 2008",
    "et": "Weight",
    "off": 28428,
    "sff": "8G"
  },
  {
    "docID": "N114 Iseda, Okuda et al. 2008",
    "et": "Weight",
    "off": 28545,
    "sff": "8G"
  },
  {
    "docID": "N114 Iseda, Okuda et al. 2008",
    "et": "Weight",
    "off": 6604,
    "sff": "10.0-g"
  },
  {
    "docID": "N114 Iseda, Okuda et al. 2008",
    "et": "RatModel",
    "off": 3678,
    "sff": "rat"
  },
  {
    "docID": "N114 Iseda, Okuda et al. 2008",
    "et": "RatModel",
    "off": 54797,
    "sff": "rat"
  },
  {
    "docID": "N114 Iseda, Okuda et al. 2008",
    "et": "RatModel",
    "off": 52264,
    "sff": "rat"
  },
  {
    "docID": "N114 Iseda, Okuda et al. 2008",
    "et": "RatModel",
    "off": 19512,
    "sff": "rat"
  },
  {
    "docID": "N114 Iseda, Okuda et al. 2008",
    "et": "RatModel",
    "off": 52375,
    "sff": "rat"
  },
  {
    "docID": "N114 Iseda, Okuda et al. 2008",
    "et": "RatModel",
    "off": 54041,
    "sff": "rat"
  },
  {
    "docID": "N114 Iseda, Okuda et al. 2008",
    "et": "RatModel",
    "off": 50086,
    "sff": "rat"
  },
  {
    "docID": "N114 Iseda, Okuda et al. 2008",
    "et": "RatModel",
    "off": 48101,
    "sff": "rat"
  },
  {
    "docID": "N114 Iseda, Okuda et al. 2008",
    "et": "RatModel",
    "off": 50565,
    "sff": "rat"
  },
  {
    "docID": "N114 Iseda, Okuda et al. 2008",
    "et": "RatModel",
    "off": 49776,
    "sff": "rat"
  },
  {
    "docID": "N114 Iseda, Okuda et al. 2008",
    "et": "RatModel",
    "off": 45247,
    "sff": "rat"
  },
  {
    "docID": "N114 Iseda, Okuda et al. 2008",
    "et": "RatModel",
    "off": 53487,
    "sff": "rat"
  },
  {
    "docID": "N114 Iseda, Okuda et al. 2008",
    "et": "NewZealandRabbit",
    "off": 7075,
    "sff": "New"
  },
  {
    "docID": "N114 Iseda, Okuda et al. 2008",
    "et": "NewZealandRabbit",
    "off": 45974,
    "sff": "New"
  },
  {
    "docID": "N114 Iseda, Okuda et al. 2008",
    "et": "NewZealandRabbit",
    "off": 5985,
    "sff": "New"
  },
  {
    "docID": "N114 Iseda, Okuda et al. 2008",
    "et": "RabbitSpecies",
    "off": 10861,
    "sff": "rabbit"
  },
  {
    "docID": "N114 Iseda, Okuda et al. 2008",
    "et": "Young",
    "off": 6727,
    "sff": "Young"
  },
  {
    "docID": "N114 Iseda, Okuda et al. 2008",
    "et": "Young",
    "off": 4882,
    "sff": "Young"
  },
  {
    "docID": "N114 Iseda, Okuda et al. 2008",
    "et": "Young",
    "off": 30865,
    "sff": "Young"
  },
  {
    "docID": "N114 Iseda, Okuda et al. 2008",
    "et": "Young",
    "off": 50776,
    "sff": "young"
  },
  {
    "docID": "N114 Iseda, Okuda et al. 2008",
    "et": "Young",
    "off": 6350,
    "sff": "Young"
  },
  {
    "docID": "N114 Iseda, Okuda et al. 2008",
    "et": "Young",
    "off": 46143,
    "sff": "Young"
  },
  {
    "docID": "N114 Iseda, Okuda et al. 2008",
    "et": "Young",
    "off": 56863,
    "sff": "Young"
  },
  {
    "docID": "N114 Iseda, Okuda et al. 2008",
    "et": "Young",
    "off": 390,
    "sff": "YOUNG"
  },
  {
    "docID": "N114 Iseda, Okuda et al. 2008",
    "et": "Young",
    "off": 40056,
    "sff": "Young"
  },
  {
    "docID": "N114 Iseda, Okuda et al. 2008",
    "et": "SpragueDawleyRat",
    "off": 5774,
    "sff": "Sprague-Dawley"
  },
  {
    "docID": "N114 Iseda, Okuda et al. 2008",
    "et": "MouseModel",
    "off": 10746,
    "sff": "mouse"
  },
  {
    "docID": "N114 Iseda, Okuda et al. 2008",
    "et": "MouseModel",
    "off": 10601,
    "sff": "mouse"
  },
  {
    "docID": "N114 Iseda, Okuda et al. 2008",
    "et": "MouseModel",
    "off": 10503,
    "sff": "mouse"
  },
  {
    "docID": "N114 Iseda, Okuda et al. 2008",
    "et": "MouseModel",
    "off": 10798,
    "sff": "mouse"
  },
  {
    "docID": "N114 Iseda, Okuda et al. 2008",
    "et": "RabbitModel",
    "off": 10861,
    "sff": "rabbit"
  },
  {
    "docID": "N114 Iseda, Okuda et al. 2008",
    "et": "RatSpecies",
    "off": 54797,
    "sff": "rat"
  },
  {
    "docID": "N114 Iseda, Okuda et al. 2008",
    "et": "RatSpecies",
    "off": 49776,
    "sff": "rat"
  },
  {
    "docID": "N114 Iseda, Okuda et al. 2008",
    "et": "RatSpecies",
    "off": 45247,
    "sff": "rat"
  },
  {
    "docID": "N114 Iseda, Okuda et al. 2008",
    "et": "RatSpecies",
    "off": 53487,
    "sff": "rat"
  },
  {
    "docID": "N114 Iseda, Okuda et al. 2008",
    "et": "RatSpecies",
    "off": 3678,
    "sff": "rat"
  },
  {
    "docID": "N114 Iseda, Okuda et al. 2008",
    "et": "RatSpecies",
    "off": 48101,
    "sff": "rat"
  },
  {
    "docID": "N114 Iseda, Okuda et al. 2008",
    "et": "RatSpecies",
    "off": 50565,
    "sff": "rat"
  },
  {
    "docID": "N114 Iseda, Okuda et al. 2008",
    "et": "RatSpecies",
    "off": 54041,
    "sff": "rat"
  },
  {
    "docID": "N114 Iseda, Okuda et al. 2008",
    "et": "RatSpecies",
    "off": 19512,
    "sff": "rat"
  },
  {
    "docID": "N114 Iseda, Okuda et al. 2008",
    "et": "RatSpecies",
    "off": 52264,
    "sff": "rat"
  },
  {
    "docID": "N114 Iseda, Okuda et al. 2008",
    "et": "RatSpecies",
    "off": 52375,
    "sff": "rat"
  },
  {
    "docID": "N114 Iseda, Okuda et al. 2008",
    "et": "RatSpecies",
    "off": 50086,
    "sff": "rat"
  },
  {
    "docID": "N114 Iseda, Okuda et al. 2008",
    "et": "MouseSpecies",
    "off": 10746,
    "sff": "mouse"
  },
  {
    "docID": "N114 Iseda, Okuda et al. 2008",
    "et": "MouseSpecies",
    "off": 10798,
    "sff": "mouse"
  },
  {
    "docID": "N114 Iseda, Okuda et al. 2008",
    "et": "MouseSpecies",
    "off": 10503,
    "sff": "mouse"
  },
  {
    "docID": "N114 Iseda, Okuda et al. 2008",
    "et": "MouseSpecies",
    "off": 10601,
    "sff": "mouse"
  },
  {
    "docID": "N114 Iseda, Okuda et al. 2008",
    "et": "HartleyGuineaPig",
    "off": 47379,
    "sff": "Hartley"
  },
  {
    "docID": "N114 Iseda, Okuda et al. 2008",
    "et": "Adult",
    "off": 3417,
    "sff": "adult"
  },
  {
    "docID": "N114 Iseda, Okuda et al. 2008",
    "et": "Adult",
    "off": 3672,
    "sff": "adult"
  },
  {
    "docID": "N114 Iseda, Okuda et al. 2008",
    "et": "Adult",
    "off": 48095,
    "sff": "adult"
  },
  {
    "docID": "N114 Iseda, Okuda et al. 2008",
    "et": "Adult",
    "off": 54687,
    "sff": "adult"
  },
  {
    "docID": "N114 Iseda, Okuda et al. 2008",
    "et": "Adult",
    "off": 50265,
    "sff": "adult"
  },
  {
    "docID": "N114 Iseda, Okuda et al. 2008",
    "et": "Adult",
    "off": 2204,
    "sff": "adult"
  },
  {
    "docID": "N114 Iseda, Okuda et al. 2008",
    "et": "Adult",
    "off": 3191,
    "sff": "adult"
  },
  {
    "docID": "N114 Iseda, Okuda et al. 2008",
    "et": "Adult",
    "off": 52369,
    "sff": "adult"
  },
  {
    "docID": "N114 Iseda, Okuda et al. 2008",
    "et": "Adult",
    "off": 56305,
    "sff": "adult"
  },
  {
    "docID": "N114 Iseda, Okuda et al. 2008",
    "et": "Adult",
    "off": 54035,
    "sff": "adult"
  },
  {
    "docID": "N114 Iseda, Okuda et al. 2008",
    "et": "Adult",
    "off": 51881,
    "sff": "adult"
  },
  {
    "docID": "N114 Iseda, Okuda et al. 2008",
    "et": "Adult",
    "off": 53481,
    "sff": "adult"
  },
  {
    "docID": "N114 Iseda, Okuda et al. 2008",
    "et": "Adult",
    "off": 3214,
    "sff": "mature"
  },
  {
    "docID": "N114 Iseda, Okuda et al. 2008",
    "et": "Adult",
    "off": 49254,
    "sff": "adult"
  },
  {
    "docID": "N114 Iseda, Okuda et al. 2008",
    "et": "Adult",
    "off": 50080,
    "sff": "adult"
  },
  {
    "docID": "N114 Iseda, Okuda et al. 2008",
    "et": "Adult",
    "off": 46466,
    "sff": "adult"
  },
  {
    "docID": "N114 Iseda, Okuda et al. 2008",
    "et": "Adult",
    "off": 52258,
    "sff": "adult"
  },
  {
    "docID": "N114 Iseda, Okuda et al. 2008",
    "et": "LongEvansRat",
    "off": 30178,
    "sff": "long"
  },
  {
    "docID": "N114 Iseda, Okuda et al. 2008",
    "et": "LongEvansRat",
    "off": 39532,
    "sff": "long"
  },
  {
    "docID": "N114 Iseda, Okuda et al. 2008",
    "et": "LongEvansRat",
    "off": 28926,
    "sff": "long"
  },
  {
    "docID": "N114 Iseda, Okuda et al. 2008",
    "et": "Female",
    "off": 5789,
    "sff": "female"
  },
  {
    "docID": "N114 Iseda, Okuda et al. 2008",
    "et": "Age",
    "off": 9318,
    "sff": "3 weeks"
  },
  {
    "docID": "N114 Iseda, Okuda et al. 2008",
    "et": "Age",
    "off": 22059,
    "sff": "1-week"
  },
  {
    "docID": "N114 Iseda, Okuda et al. 2008",
    "et": "Age",
    "off": 35526,
    "sff": "1 week"
  },
  {
    "docID": "N114 Iseda, Okuda et al. 2008",
    "et": "Age",
    "off": 8263,
    "sff": "49 days"
  },
  {
    "docID": "N114 Iseda, Okuda et al. 2008",
    "et": "Age",
    "off": 23859,
    "sff": "49 days"
  },
  {
    "docID": "N114 Iseda, Okuda et al. 2008",
    "et": "Age",
    "off": 37206,
    "sff": "3 weeks"
  },
  {
    "docID": "N114 Iseda, Okuda et al. 2008",
    "et": "Age",
    "off": 1429,
    "sff": "4 days"
  },
  {
    "docID": "N114 Iseda, Okuda et al. 2008",
    "et": "Age",
    "off": 23674,
    "sff": "11 days"
  },
  {
    "docID": "N114 Iseda, Okuda et al. 2008",
    "et": "Age",
    "off": 37654,
    "sff": "1-week"
  },
  {
    "docID": "N114 Iseda, Okuda et al. 2008",
    "et": "Age",
    "off": 18843,
    "sff": "4 days"
  },
  {
    "docID": "N114 Iseda, Okuda et al. 2008",
    "et": "Age",
    "off": 25403,
    "sff": "6 weeks"
  },
  {
    "docID": "N114 Iseda, Okuda et al. 2008",
    "et": "Age",
    "off": 22415,
    "sff": "4 weeks"
  },
  {
    "docID": "N114 Iseda, Okuda et al. 2008",
    "et": "Age",
    "off": 25563,
    "sff": "1 week"
  },
  {
    "docID": "N114 Iseda, Okuda et al. 2008",
    "et": "Age",
    "off": 20366,
    "sff": "4 weeks"
  },
  {
    "docID": "N114 Iseda, Okuda et al. 2008",
    "et": "Age",
    "off": 14929,
    "sff": "3 weeks"
  },
  {
    "docID": "N114 Iseda, Okuda et al. 2008",
    "et": "Age",
    "off": 29051,
    "sff": "7 weeks"
  },
  {
    "docID": "N114 Iseda, Okuda et al. 2008",
    "et": "Age",
    "off": 8345,
    "sff": "18 days"
  },
  {
    "docID": "N114 Iseda, Okuda et al. 2008",
    "et": "Age",
    "off": 38251,
    "sff": "4 days"
  },
  {
    "docID": "N114 Iseda, Okuda et al. 2008",
    "et": "Age",
    "off": 22725,
    "sff": "4 weeks"
  },
  {
    "docID": "N114 Iseda, Okuda et al. 2008",
    "et": "Age",
    "off": 28990,
    "sff": "2 weeks"
  },
  {
    "docID": "N114 Iseda, Okuda et al. 2008",
    "et": "Age",
    "off": 19327,
    "sff": "3 weeks"
  },
  {
    "docID": "N114 Iseda, Okuda et al. 2008",
    "et": "Age",
    "off": 14482,
    "sff": "18 days"
  },
  {
    "docID": "N114 Iseda, Okuda et al. 2008",
    "et": "Age",
    "off": 9308,
    "sff": "4 days"
  },
  {
    "docID": "N114 Iseda, Okuda et al. 2008",
    "et": "Age",
    "off": 38269,
    "sff": "3 weeks"
  },
  {
    "docID": "N114 Iseda, Okuda et al. 2008",
    "et": "Age",
    "off": 1044,
    "sff": "49 days"
  },
  {
    "docID": "N114 Iseda, Okuda et al. 2008",
    "et": "Age",
    "off": 33555,
    "sff": "One week"
  },
  {
    "docID": "N114 Iseda, Okuda et al. 2008",
    "et": "Age",
    "off": 39540,
    "sff": "8 months"
  },
  {
    "docID": "N114 Iseda, Okuda et al. 2008",
    "et": "Age",
    "off": 22073,
    "sff": "1-week"
  },
  {
    "docID": "N114 Iseda, Okuda et al. 2008",
    "et": "Age",
    "off": 35945,
    "sff": "4 weeks"
  },
  {
    "docID": "N114 Iseda, Okuda et al. 2008",
    "et": "Age",
    "off": 21929,
    "sff": "3 weeks"
  },
  {
    "docID": "N114 Iseda, Okuda et al. 2008",
    "et": "Age",
    "off": 26620,
    "sff": "7D"
  },
  {
    "docID": "N114 Iseda, Okuda et al. 2008",
    "et": "Age",
    "off": 31595,
    "sff": "1-week"
  },
  {
    "docID": "N114 Iseda, Okuda et al. 2008",
    "et": "Age",
    "off": 944,
    "sff": "18 days"
  },
  {
    "docID": "N114 Iseda, Okuda et al. 2008",
    "et": "Age",
    "off": 25805,
    "sff": "four days"
  },
  {
    "docID": "N114 Iseda, Okuda et al. 2008",
    "et": "Age",
    "off": 26273,
    "sff": "3 weeks"
  },
  {
    "docID": "N114 Iseda, Okuda et al. 2008",
    "et": "Age",
    "off": 22122,
    "sff": "4-week"
  },
  {
    "docID": "N114 Iseda, Okuda et al. 2008",
    "et": "Age",
    "off": 26199,
    "sff": "4 days"
  },
  {
    "docID": "N114 Iseda, Okuda et al. 2008",
    "et": "Age",
    "off": 39682,
    "sff": "6 weeks"
  },
  {
    "docID": "N114 Iseda, Okuda et al. 2008",
    "et": "Age",
    "off": 37261,
    "sff": "1 week"
  },
  {
    "docID": "N114 Iseda, Okuda et al. 2008",
    "et": "Age",
    "off": 27224,
    "sff": "4 weeks"
  },
  {
    "docID": "N114 Iseda, Okuda et al. 2008",
    "et": "Age",
    "off": 19099,
    "sff": "3 weeks"
  },
  {
    "docID": "N114 Iseda, Okuda et al. 2008",
    "et": "Age",
    "off": 27475,
    "sff": "4 weeks"
  },
  {
    "docID": "N114 Iseda, Okuda et al. 2008",
    "et": "Age",
    "off": 38030,
    "sff": "3 weeks"
  },
  {
    "docID": "N114 Iseda, Okuda et al. 2008",
    "et": "Age",
    "off": 22108,
    "sff": "4-week"
  },
  {
    "docID": "N114 Iseda, Okuda et al. 2008",
    "et": "Age",
    "off": 29323,
    "sff": "4 weeks"
  },
  {
    "docID": "N114 Iseda, Okuda et al. 2008",
    "et": "Age",
    "off": 20262,
    "sff": "4 days"
  },
  {
    "docID": "N114 Iseda, Okuda et al. 2008",
    "et": "Age",
    "off": 37704,
    "sff": "4-week"
  },
  {
    "docID": "N114 Iseda, Okuda et al. 2008",
    "et": "Age",
    "off": 14082,
    "sff": "2 weeks"
  },
  {
    "docID": "N114 Iseda, Okuda et al. 2008",
    "et": "Age",
    "off": 21384,
    "sff": "4 weeks"
  },
  {
    "docID": "N114 Iseda, Okuda et al. 2008",
    "et": "Age",
    "off": 20427,
    "sff": "3 weeks"
  },
  {
    "docID": "N114 Iseda, Okuda et al. 2008",
    "et": "Age",
    "off": 30980,
    "sff": "11–18 days"
  },
  {
    "docID": "N114 Iseda, Okuda et al. 2008",
    "et": "Age",
    "off": 1475,
    "sff": "3 weeks"
  },
  {
    "docID": "N114 Iseda, Okuda et al. 2008",
    "et": "Age",
    "off": 20931,
    "sff": "3 weeks"
  },
  {
    "docID": "N114 Iseda, Okuda et al. 2008",
    "et": "Age",
    "off": 32137,
    "sff": "7 weeks"
  },
  {
    "docID": "N114 Iseda, Okuda et al. 2008",
    "et": "Age",
    "off": 37572,
    "sff": "3 weeks"
  },
  {
    "docID": "N114 Iseda, Okuda et al. 2008",
    "et": "Age",
    "off": 20328,
    "sff": "1 week"
  },
  {
    "docID": "N114 Iseda, Okuda et al. 2008",
    "et": "Age",
    "off": 25212,
    "sff": "4 weeks"
  },
  {
    "docID": "N114 Iseda, Okuda et al. 2008",
    "et": "Age",
    "off": 26295,
    "sff": "3 weeks"
  },
  {
    "docID": "N114 Iseda, Okuda et al. 2008",
    "et": "Age",
    "off": 8220,
    "sff": "11 days"
  },
  {
    "docID": "N114 Iseda, Okuda et al. 2008",
    "et": "Age",
    "off": 30032,
    "sff": "49 days"
  },
  {
    "docID": "N114 Iseda, Okuda et al. 2008",
    "et": "Age",
    "off": 15292,
    "sff": "3 weeks"
  },
  {
    "docID": "N114 Iseda, Okuda et al. 2008",
    "et": "Age",
    "off": 16975,
    "sff": "49 days"
  },
  {
    "docID": "N114 Iseda, Okuda et al. 2008",
    "et": "Age",
    "off": 27961,
    "sff": "4 days"
  },
  {
    "docID": "N114 Iseda, Okuda et al. 2008",
    "et": "Age",
    "off": 16989,
    "sff": "1D"
  },
  {
    "docID": "N114 Iseda, Okuda et al. 2008",
    "et": "Age",
    "off": 16217,
    "sff": "49 days"
  },
  {
    "docID": "N114 Iseda, Okuda et al. 2008",
    "et": "Age",
    "off": 22389,
    "sff": "1 week"
  },
  {
    "docID": "N114 Iseda, Okuda et al. 2008",
    "et": "Age",
    "off": 29989,
    "sff": "11 days"
  },
  {
    "docID": "N114 Iseda, Okuda et al. 2008",
    "et": "Age",
    "off": 21369,
    "sff": "1 week"
  },
  {
    "docID": "N114 Iseda, Okuda et al. 2008",
    "et": "Age",
    "off": 37690,
    "sff": "4-week"
  },
  {
    "docID": "N114 Iseda, Okuda et al. 2008",
    "et": "Age",
    "off": 39723,
    "sff": "4 weeks"
  },
  {
    "docID": "N114 Iseda, Okuda et al. 2008",
    "et": "Age",
    "off": 16124,
    "sff": "18 days"
  },
  {
    "docID": "N114 Iseda, Okuda et al. 2008",
    "et": "Age",
    "off": 37669,
    "sff": "4 weeks"
  },
  {
    "docID": "N114 Iseda, Okuda et al. 2008",
    "et": "Age",
    "off": 8557,
    "sff": "32 days"
  },
  {
    "docID": "N114 Iseda, Okuda et al. 2008",
    "et": "Age",
    "off": 27211,
    "sff": "1 week"
  },
  {
    "docID": "N114 Iseda, Okuda et al. 2008",
    "et": "Age",
    "off": 23482,
    "sff": "11–49 days"
  },
  {
    "docID": "N114 Iseda, Okuda et al. 2008",
    "et": "Age",
    "off": 39516,
    "sff": "14 weeks"
  },
  {
    "docID": "N114 Iseda, Okuda et al. 2008",
    "et": "Age",
    "off": 7193,
    "sff": "4 weeks"
  },
  {
    "docID": "N114 Iseda, Okuda et al. 2008",
    "et": "Age",
    "off": 19476,
    "sff": "4 days"
  },
  {
    "docID": "N114 Iseda, Okuda et al. 2008",
    "et": "Age",
    "off": 25175,
    "sff": "1 week"
  },
  {
    "docID": "N114 Iseda, Okuda et al. 2008",
    "et": "Age",
    "off": 19662,
    "sff": "3 weeks"
  },
  {
    "docID": "N114 Iseda, Okuda et al. 2008",
    "et": "Age",
    "off": 32306,
    "sff": "8 weeks"
  },
  {
    "docID": "N114 Iseda, Okuda et al. 2008",
    "et": "Age",
    "off": 37332,
    "sff": "3 weeks"
  },
  {
    "docID": "N114 Iseda, Okuda et al. 2008",
    "et": "Age",
    "off": 23033,
    "sff": "4D"
  },
  {
    "docID": "N114 Iseda, Okuda et al. 2008",
    "et": "Age",
    "off": 22775,
    "sff": "4D"
  },
  {
    "docID": "N114 Iseda, Okuda et al. 2008",
    "et": "Age",
    "off": 22087,
    "sff": "4 weeks"
  },
  {
    "docID": "N114 Iseda, Okuda et al. 2008",
    "et": "Age",
    "off": 22051,
    "sff": "1 week"
  },
  {
    "docID": "N114 Iseda, Okuda et al. 2008",
    "et": "Age",
    "off": 18152,
    "sff": "4 days"
  },
  {
    "docID": "N114 Iseda, Okuda et al. 2008",
    "et": "Age",
    "off": 28170,
    "sff": "3 weeks"
  },
  {
    "docID": "N114 Iseda, Okuda et al. 2008",
    "et": "Age",
    "off": 1346,
    "sff": "4 weeks"
  },
  {
    "docID": "N114 Iseda, Okuda et al. 2008",
    "et": "Age",
    "off": 33485,
    "sff": "7 weeks"
  },
  {
    "docID": "N114 Iseda, Okuda et al. 2008",
    "et": "Age",
    "off": 8414,
    "sff": "11–49 days"
  },
  {
    "docID": "N114 Iseda, Okuda et al. 2008",
    "et": "Age",
    "off": 35810,
    "sff": "4 days"
  },
  {
    "docID": "N114 Iseda, Okuda et al. 2008",
    "et": "Age",
    "off": 44513,
    "sff": "4 days"
  },
  {
    "docID": "N114 Iseda, Okuda et al. 2008",
    "et": "Age",
    "off": 8233,
    "sff": "18 days"
  },
  {
    "docID": "N114 Iseda, Okuda et al. 2008",
    "et": "Age",
    "off": 25646,
    "sff": "4 weeks"
  },
  {
    "docID": "N114 Iseda, Okuda et al. 2008",
    "et": "Age",
    "off": 37872,
    "sff": "4 days"
  },
  {
    "docID": "N114 Iseda, Okuda et al. 2008",
    "et": "Age",
    "off": 21481,
    "sff": "4-week"
  },
  {
    "docID": "N114 Iseda, Okuda et al. 2008",
    "et": "Age",
    "off": 30125,
    "sff": "11 days"
  },
  {
    "docID": "N114 Iseda, Okuda et al. 2008",
    "et": "Age",
    "off": 8246,
    "sff": "32 days"
  },
  {
    "docID": "N114 Iseda, Okuda et al. 2008",
    "et": "Age",
    "off": 25183,
    "sff": "2 weeks"
  },
  {
    "docID": "N114 Iseda, Okuda et al. 2008",
    "et": "Age",
    "off": 37632,
    "sff": "1 week"
  },
  {
    "docID": "N114 Iseda, Okuda et al. 2008",
    "et": "Age",
    "off": 16380,
    "sff": "11–49 days"
  },
  {
    "docID": "N114 Iseda, Okuda et al. 2008",
    "et": "Age",
    "off": 28445,
    "sff": "3 weeks"
  },
  {
    "docID": "N114 Iseda, Okuda et al. 2008",
    "et": "Age",
    "off": 30002,
    "sff": "18 days"
  },
  {
    "docID": "N114 Iseda, Okuda et al. 2008",
    "et": "Age",
    "off": 16802,
    "sff": "11 to 49 days"
  },
  {
    "docID": "N114 Iseda, Okuda et al. 2008",
    "et": "Age",
    "off": 30015,
    "sff": "32 days"
  },
  {
    "docID": "N114 Iseda, Okuda et al. 2008",
    "et": "Age",
    "off": 22956,
    "sff": "4D"
  },
  {
    "docID": "N114 Iseda, Okuda et al. 2008",
    "et": "Age",
    "off": 24301,
    "sff": "49 days"
  },
  {
    "docID": "N114 Iseda, Okuda et al. 2008",
    "et": "Age",
    "off": 15432,
    "sff": "3 weeks"
  },
  {
    "docID": "N114 Iseda, Okuda et al. 2008",
    "et": "Age",
    "off": 31562,
    "sff": "3 weeks"
  },
  {
    "docID": "N114 Iseda, Okuda et al. 2008",
    "et": "Age",
    "off": 20923,
    "sff": "4D"
  },
  {
    "docID": "N114 Iseda, Okuda et al. 2008",
    "et": "Age",
    "off": 30186,
    "sff": "49 days"
  },
  {
    "docID": "N114 Iseda, Okuda et al. 2008",
    "et": "Age",
    "off": 28316,
    "sff": "4 days"
  },
  {
    "docID": "N114 Iseda, Okuda et al. 2008",
    "et": "Age",
    "off": 41698,
    "sff": "8 weeks"
  },
  {
    "docID": "N114 Iseda, Okuda et al. 2008",
    "et": "Age",
    "off": 37640,
    "sff": "1-week"
  },
  {
    "docID": "N114 Iseda, Okuda et al. 2008",
    "et": "Age",
    "off": 21314,
    "sff": "3 weeks"
  },
  {
    "docID": "N114 Iseda, Okuda et al. 2008",
    "et": "Age",
    "off": 28241,
    "sff": "8D"
  },
  {
    "docID": "N114 Iseda, Okuda et al. 2008",
    "et": "Age",
    "off": 20336,
    "sff": "2 weeks"
  },
  {
    "docID": "N114 Iseda, Okuda et al. 2008",
    "et": "Age",
    "off": 25274,
    "sff": "4 days"
  },
  {
    "docID": "N114 Iseda, Okuda et al. 2008",
    "et": "Age",
    "off": 8814,
    "sff": "18 days"
  },
  {
    "docID": "N114 Iseda, Okuda et al. 2008",
    "et": "Age",
    "off": 41887,
    "sff": "11 days"
  },
  {
    "docID": "N114 Iseda, Okuda et al. 2008",
    "et": "Age",
    "off": 27439,
    "sff": "3 weeks"
  },
  {
    "docID": "N114 Iseda, Okuda et al. 2008",
    "et": "Age",
    "off": 987,
    "sff": "49 days"
  },
  {
    "docID": "N114 Iseda, Okuda et al. 2008",
    "et": "Age",
    "off": 5802,
    "sff": "10–12 weeks old"
  },
  {
    "docID": "N114 Iseda, Okuda et al. 2008",
    "et": "Age",
    "off": 15277,
    "sff": "4 days"
  },
  {
    "docID": "N114 Iseda, Okuda et al. 2008",
    "et": "Age",
    "off": 9628,
    "sff": "11–14 days"
  },
  {
    "docID": "N114 Iseda, Okuda et al. 2008",
    "et": "Age",
    "off": 30217,
    "sff": "11–49 days"
  },
  {
    "docID": "N114 Iseda, Okuda et al. 2008",
    "et": "Age",
    "off": 20273,
    "sff": "3 weeks"
  }
]
