[
  {
    "docID": "N115 Ni, Xia et al. 2015",
    "et": "Weight",
    "off": 23903,
    "sff": "10 mg"
  },
  {
    "docID": "N115 Ni, Xia et al. 2015",
    "et": "Weight",
    "off": 22507,
    "sff": "2000 g"
  },
  {
    "docID": "N115 Ni, Xia et al. 2015",
    "et": "Weight",
    "off": 22984,
    "sff": "540 mg and 60 mg"
  },
  {
    "docID": "N115 Ni, Xia et al. 2015",
    "et": "Weight",
    "off": 24705,
    "sff": "200–230 g"
  },
  {
    "docID": "N115 Ni, Xia et al. 2015",
    "et": "RatModel",
    "off": 37042,
    "sff": "rat"
  },
  {
    "docID": "N115 Ni, Xia et al. 2015",
    "et": "RatModel",
    "off": 19431,
    "sff": "rat"
  },
  {
    "docID": "N115 Ni, Xia et al. 2015",
    "et": "RatModel",
    "off": 26215,
    "sff": "rat"
  },
  {
    "docID": "N115 Ni, Xia et al. 2015",
    "et": "RatModel",
    "off": 27087,
    "sff": "rat"
  },
  {
    "docID": "N115 Ni, Xia et al. 2015",
    "et": "NewZealandRabbit",
    "off": 5464,
    "sff": "new"
  },
  {
    "docID": "N115 Ni, Xia et al. 2015",
    "et": "Mixed",
    "off": 22354,
    "sff": "mixed"
  },
  {
    "docID": "N115 Ni, Xia et al. 2015",
    "et": "Mixed",
    "off": 1135,
    "sff": "mixed"
  },
  {
    "docID": "N115 Ni, Xia et al. 2015",
    "et": "Mixed",
    "off": 22010,
    "sff": "mixed"
  },
  {
    "docID": "N115 Ni, Xia et al. 2015",
    "et": "MouseModel",
    "off": 36141,
    "sff": "mouse"
  },
  {
    "docID": "N115 Ni, Xia et al. 2015",
    "et": "MouseModel",
    "off": 36314,
    "sff": "mouse"
  },
  {
    "docID": "N115 Ni, Xia et al. 2015",
    "et": "WistarRat",
    "off": 24692,
    "sff": "Wistar rats"
  },
  {
    "docID": "N115 Ni, Xia et al. 2015",
    "et": "WistarRat",
    "off": 24692,
    "sff": "Wistar"
  },
  {
    "docID": "N115 Ni, Xia et al. 2015",
    "et": "RatSpecies",
    "off": 37042,
    "sff": "rat"
  },
  {
    "docID": "N115 Ni, Xia et al. 2015",
    "et": "RatSpecies",
    "off": 27087,
    "sff": "rat"
  },
  {
    "docID": "N115 Ni, Xia et al. 2015",
    "et": "RatSpecies",
    "off": 19431,
    "sff": "rat"
  },
  {
    "docID": "N115 Ni, Xia et al. 2015",
    "et": "RatSpecies",
    "off": 26215,
    "sff": "rat"
  },
  {
    "docID": "N115 Ni, Xia et al. 2015",
    "et": "MouseSpecies",
    "off": 36141,
    "sff": "mouse"
  },
  {
    "docID": "N115 Ni, Xia et al. 2015",
    "et": "MouseSpecies",
    "off": 36314,
    "sff": "mouse"
  },
  {
    "docID": "N115 Ni, Xia et al. 2015",
    "et": "Adult",
    "off": 19425,
    "sff": "adult"
  },
  {
    "docID": "N115 Ni, Xia et al. 2015",
    "et": "Adult",
    "off": 34424,
    "sff": "adult"
  },
  {
    "docID": "N115 Ni, Xia et al. 2015",
    "et": "Adult",
    "off": 24679,
    "sff": "adult"
  },
  {
    "docID": "N115 Ni, Xia et al. 2015",
    "et": "Adult",
    "off": 36135,
    "sff": "adult"
  },
  {
    "docID": "N115 Ni, Xia et al. 2015",
    "et": "Adult",
    "off": 36308,
    "sff": "adult"
  },
  {
    "docID": "N115 Ni, Xia et al. 2015",
    "et": "LongEvansRat",
    "off": 27706,
    "sff": "long"
  },
  {
    "docID": "N115 Ni, Xia et al. 2015",
    "et": "Female",
    "off": 24685,
    "sff": "female"
  },
  {
    "docID": "N115 Ni, Xia et al. 2015",
    "et": "Age",
    "off": 6379,
    "sff": "10 days"
  },
  {
    "docID": "N115 Ni, Xia et al. 2015",
    "et": "Age",
    "off": 1568,
    "sff": "4 weeks"
  },
  {
    "docID": "N115 Ni, Xia et al. 2015",
    "et": "Age",
    "off": 26869,
    "sff": "4 weeks"
  },
  {
    "docID": "N115 Ni, Xia et al. 2015",
    "et": "Age",
    "off": 35290,
    "sff": "3D"
  },
  {
    "docID": "N115 Ni, Xia et al. 2015",
    "et": "Age",
    "off": 4172,
    "sff": "3–5 days"
  },
  {
    "docID": "N115 Ni, Xia et al. 2015",
    "et": "Age",
    "off": 11912,
    "sff": "4 weeks"
  },
  {
    "docID": "N115 Ni, Xia et al. 2015",
    "et": "Age",
    "off": 26593,
    "sff": "three days"
  }
]
