[
  {
    "docID": "N117 Vavrek, Pearse et al. 2007",
    "et": "Weight",
    "off": 6789,
    "sff": "100 mg"
  },
  {
    "docID": "N117 Vavrek, Pearse et al. 2007",
    "et": "Weight",
    "off": 4919,
    "sff": "200 g"
  },
  {
    "docID": "N117 Vavrek, Pearse et al. 2007",
    "et": "Weight",
    "off": 4836,
    "sff": "200 g"
  },
  {
    "docID": "N117 Vavrek, Pearse et al. 2007",
    "et": "Weight",
    "off": 4901,
    "sff": "0.75 mg"
  },
  {
    "docID": "N117 Vavrek, Pearse et al. 2007",
    "et": "RatModel",
    "off": 16796,
    "sff": "rat"
  },
  {
    "docID": "N117 Vavrek, Pearse et al. 2007",
    "et": "RatModel",
    "off": 20796,
    "sff": "rat"
  },
  {
    "docID": "N117 Vavrek, Pearse et al. 2007",
    "et": "RatModel",
    "off": 21289,
    "sff": "Rat"
  },
  {
    "docID": "N117 Vavrek, Pearse et al. 2007",
    "et": "RatModel",
    "off": 20985,
    "sff": "rat"
  },
  {
    "docID": "N117 Vavrek, Pearse et al. 2007",
    "et": "RatModel",
    "off": 8534,
    "sff": "rat"
  },
  {
    "docID": "N117 Vavrek, Pearse et al. 2007",
    "et": "RatModel",
    "off": 21942,
    "sff": "rat"
  },
  {
    "docID": "N117 Vavrek, Pearse et al. 2007",
    "et": "RatModel",
    "off": 16072,
    "sff": "Rat"
  },
  {
    "docID": "N117 Vavrek, Pearse et al. 2007",
    "et": "RatModel",
    "off": 16869,
    "sff": "rat"
  },
  {
    "docID": "N117 Vavrek, Pearse et al. 2007",
    "et": "RatModel",
    "off": 22178,
    "sff": "rat"
  },
  {
    "docID": "N117 Vavrek, Pearse et al. 2007",
    "et": "RatModel",
    "off": 17185,
    "sff": "rat"
  },
  {
    "docID": "N117 Vavrek, Pearse et al. 2007",
    "et": "NewZealandRabbit",
    "off": 20157,
    "sff": "new"
  },
  {
    "docID": "N117 Vavrek, Pearse et al. 2007",
    "et": "MouseModel",
    "off": 7993,
    "sff": "mouse"
  },
  {
    "docID": "N117 Vavrek, Pearse et al. 2007",
    "et": "RatSpecies",
    "off": 16796,
    "sff": "rat"
  },
  {
    "docID": "N117 Vavrek, Pearse et al. 2007",
    "et": "RatSpecies",
    "off": 20796,
    "sff": "rat"
  },
  {
    "docID": "N117 Vavrek, Pearse et al. 2007",
    "et": "RatSpecies",
    "off": 16072,
    "sff": "Rat"
  },
  {
    "docID": "N117 Vavrek, Pearse et al. 2007",
    "et": "RatSpecies",
    "off": 21289,
    "sff": "Rat"
  },
  {
    "docID": "N117 Vavrek, Pearse et al. 2007",
    "et": "RatSpecies",
    "off": 20985,
    "sff": "rat"
  },
  {
    "docID": "N117 Vavrek, Pearse et al. 2007",
    "et": "RatSpecies",
    "off": 16869,
    "sff": "rat"
  },
  {
    "docID": "N117 Vavrek, Pearse et al. 2007",
    "et": "RatSpecies",
    "off": 8534,
    "sff": "rat"
  },
  {
    "docID": "N117 Vavrek, Pearse et al. 2007",
    "et": "RatSpecies",
    "off": 21942,
    "sff": "rat"
  },
  {
    "docID": "N117 Vavrek, Pearse et al. 2007",
    "et": "RatSpecies",
    "off": 17185,
    "sff": "rat"
  },
  {
    "docID": "N117 Vavrek, Pearse et al. 2007",
    "et": "RatSpecies",
    "off": 22178,
    "sff": "rat"
  },
  {
    "docID": "N117 Vavrek, Pearse et al. 2007",
    "et": "MouseSpecies",
    "off": 7993,
    "sff": "mouse"
  },
  {
    "docID": "N117 Vavrek, Pearse et al. 2007",
    "et": "FischerRat",
    "off": 3788,
    "sff": "Fischer"
  },
  {
    "docID": "N117 Vavrek, Pearse et al. 2007",
    "et": "FischerRat",
    "off": 4165,
    "sff": "Fischer"
  },
  {
    "docID": "N117 Vavrek, Pearse et al. 2007",
    "et": "FischerRat",
    "off": 4020,
    "sff": "Fischer"
  },
  {
    "docID": "N117 Vavrek, Pearse et al. 2007",
    "et": "Adult",
    "off": 22172,
    "sff": "adult"
  },
  {
    "docID": "N117 Vavrek, Pearse et al. 2007",
    "et": "Adult",
    "off": 333,
    "sff": "adult"
  },
  {
    "docID": "N117 Vavrek, Pearse et al. 2007",
    "et": "Adult",
    "off": 4007,
    "sff": "adult"
  },
  {
    "docID": "N117 Vavrek, Pearse et al. 2007",
    "et": "Adult",
    "off": 20184,
    "sff": "adult"
  },
  {
    "docID": "N117 Vavrek, Pearse et al. 2007",
    "et": "Adult",
    "off": 21481,
    "sff": "adult"
  },
  {
    "docID": "N117 Vavrek, Pearse et al. 2007",
    "et": "Adult",
    "off": 20790,
    "sff": "adult"
  },
  {
    "docID": "N117 Vavrek, Pearse et al. 2007",
    "et": "Adult",
    "off": 4152,
    "sff": "adult"
  },
  {
    "docID": "N117 Vavrek, Pearse et al. 2007",
    "et": "Adult",
    "off": 20979,
    "sff": "adult"
  },
  {
    "docID": "N117 Vavrek, Pearse et al. 2007",
    "et": "Adult",
    "off": 3775,
    "sff": "adult"
  },
  {
    "docID": "N117 Vavrek, Pearse et al. 2007",
    "et": "Female",
    "off": 4158,
    "sff": "female"
  },
  {
    "docID": "N117 Vavrek, Pearse et al. 2007",
    "et": "Female",
    "off": 3781,
    "sff": "female"
  },
  {
    "docID": "N117 Vavrek, Pearse et al. 2007",
    "et": "Female",
    "off": 4013,
    "sff": "female"
  },
  {
    "docID": "N117 Vavrek, Pearse et al. 2007",
    "et": "Age",
    "off": 6696,
    "sff": "Two weeks"
  },
  {
    "docID": "N117 Vavrek, Pearse et al. 2007",
    "et": "Age",
    "off": 6050,
    "sff": "4 weeks"
  },
  {
    "docID": "N117 Vavrek, Pearse et al. 2007",
    "et": "Age",
    "off": 6211,
    "sff": "10 weeks"
  }
]
