[
  {
    "docID": "N118 Wilems, Sakiyama-Elbert 2015",
    "et": "LewisRat",
    "off": 59221,
    "sff": "Lewis"
  },
  {
    "docID": "N118 Wilems, Sakiyama-Elbert 2015",
    "et": "Weight",
    "off": 19278,
    "sff": "10 mg"
  },
  {
    "docID": "N118 Wilems, Sakiyama-Elbert 2015",
    "et": "Weight",
    "off": 19208,
    "sff": "30 mg"
  },
  {
    "docID": "N118 Wilems, Sakiyama-Elbert 2015",
    "et": "Weight",
    "off": 25916,
    "sff": "1G"
  },
  {
    "docID": "N118 Wilems, Sakiyama-Elbert 2015",
    "et": "Weight",
    "off": 19251,
    "sff": "1.5 mg"
  },
  {
    "docID": "N118 Wilems, Sakiyama-Elbert 2015",
    "et": "Weight",
    "off": 24337,
    "sff": "1G"
  },
  {
    "docID": "N118 Wilems, Sakiyama-Elbert 2015",
    "et": "Weight",
    "off": 16222,
    "sff": "30 mg"
  },
  {
    "docID": "N118 Wilems, Sakiyama-Elbert 2015",
    "et": "Weight",
    "off": 18427,
    "sff": "250–300 g"
  },
  {
    "docID": "N118 Wilems, Sakiyama-Elbert 2015",
    "et": "Weight",
    "off": 16404,
    "sff": "5 mg"
  },
  {
    "docID": "N118 Wilems, Sakiyama-Elbert 2015",
    "et": "Weight",
    "off": 19311,
    "sff": "0.5 mg"
  },
  {
    "docID": "N118 Wilems, Sakiyama-Elbert 2015",
    "et": "Weight",
    "off": 25391,
    "sff": "1G"
  },
  {
    "docID": "N118 Wilems, Sakiyama-Elbert 2015",
    "et": "RatModel",
    "off": 54327,
    "sff": "rat"
  },
  {
    "docID": "N118 Wilems, Sakiyama-Elbert 2015",
    "et": "RatModel",
    "off": 53443,
    "sff": "rat"
  },
  {
    "docID": "N118 Wilems, Sakiyama-Elbert 2015",
    "et": "RatModel",
    "off": 10039,
    "sff": "rat"
  },
  {
    "docID": "N118 Wilems, Sakiyama-Elbert 2015",
    "et": "RatModel",
    "off": 59770,
    "sff": "rat"
  },
  {
    "docID": "N118 Wilems, Sakiyama-Elbert 2015",
    "et": "NewZealandRabbit",
    "off": 3139,
    "sff": "new"
  },
  {
    "docID": "N118 Wilems, Sakiyama-Elbert 2015",
    "et": "NewZealandRabbit",
    "off": 58861,
    "sff": "New"
  },
  {
    "docID": "N118 Wilems, Sakiyama-Elbert 2015",
    "et": "MouseModel",
    "off": 55304,
    "sff": "mouse"
  },
  {
    "docID": "N118 Wilems, Sakiyama-Elbert 2015",
    "et": "MouseModel",
    "off": 8294,
    "sff": "mouse"
  },
  {
    "docID": "N118 Wilems, Sakiyama-Elbert 2015",
    "et": "RatSpecies",
    "off": 54327,
    "sff": "rat"
  },
  {
    "docID": "N118 Wilems, Sakiyama-Elbert 2015",
    "et": "RatSpecies",
    "off": 10039,
    "sff": "rat"
  },
  {
    "docID": "N118 Wilems, Sakiyama-Elbert 2015",
    "et": "RatSpecies",
    "off": 59770,
    "sff": "rat"
  },
  {
    "docID": "N118 Wilems, Sakiyama-Elbert 2015",
    "et": "RatSpecies",
    "off": 53443,
    "sff": "rat"
  },
  {
    "docID": "N118 Wilems, Sakiyama-Elbert 2015",
    "et": "MouseSpecies",
    "off": 55304,
    "sff": "mouse"
  },
  {
    "docID": "N118 Wilems, Sakiyama-Elbert 2015",
    "et": "MouseSpecies",
    "off": 8294,
    "sff": "mouse"
  },
  {
    "docID": "N118 Wilems, Sakiyama-Elbert 2015",
    "et": "CatSpecies",
    "off": 6720,
    "sff": "cat"
  },
  {
    "docID": "N118 Wilems, Sakiyama-Elbert 2015",
    "et": "Adult",
    "off": 39550,
    "sff": "adult"
  },
  {
    "docID": "N118 Wilems, Sakiyama-Elbert 2015",
    "et": "Adult",
    "off": 49029,
    "sff": "Adult"
  },
  {
    "docID": "N118 Wilems, Sakiyama-Elbert 2015",
    "et": "Adult",
    "off": 53437,
    "sff": "adult"
  },
  {
    "docID": "N118 Wilems, Sakiyama-Elbert 2015",
    "et": "LongEvansRat",
    "off": 18403,
    "sff": "Long-Evans"
  },
  {
    "docID": "N118 Wilems, Sakiyama-Elbert 2015",
    "et": "CatModel",
    "off": 6720,
    "sff": "cat"
  },
  {
    "docID": "N118 Wilems, Sakiyama-Elbert 2015",
    "et": "Female",
    "off": 18414,
    "sff": "female"
  },
  {
    "docID": "N118 Wilems, Sakiyama-Elbert 2015",
    "et": "Age",
    "off": 45215,
    "sff": "two weeks"
  },
  {
    "docID": "N118 Wilems, Sakiyama-Elbert 2015",
    "et": "Age",
    "off": 27465,
    "sff": "5 days"
  },
  {
    "docID": "N118 Wilems, Sakiyama-Elbert 2015",
    "et": "Age",
    "off": 14225,
    "sff": "one week"
  },
  {
    "docID": "N118 Wilems, Sakiyama-Elbert 2015",
    "et": "Age",
    "off": 66511,
    "sff": "one week"
  },
  {
    "docID": "N118 Wilems, Sakiyama-Elbert 2015",
    "et": "Age",
    "off": 29405,
    "sff": "20 days"
  },
  {
    "docID": "N118 Wilems, Sakiyama-Elbert 2015",
    "et": "Age",
    "off": 35496,
    "sff": "4 weeks"
  },
  {
    "docID": "N118 Wilems, Sakiyama-Elbert 2015",
    "et": "Age",
    "off": 48028,
    "sff": "one year"
  },
  {
    "docID": "N118 Wilems, Sakiyama-Elbert 2015",
    "et": "Age",
    "off": 6081,
    "sff": "8 weeks"
  },
  {
    "docID": "N118 Wilems, Sakiyama-Elbert 2015",
    "et": "Age",
    "off": 6128,
    "sff": "2 weeks"
  },
  {
    "docID": "N118 Wilems, Sakiyama-Elbert 2015",
    "et": "Age",
    "off": 30546,
    "sff": "7 days"
  },
  {
    "docID": "N118 Wilems, Sakiyama-Elbert 2015",
    "et": "Age",
    "off": 66828,
    "sff": "10 days"
  },
  {
    "docID": "N118 Wilems, Sakiyama-Elbert 2015",
    "et": "Age",
    "off": 28123,
    "sff": "14 days"
  },
  {
    "docID": "N118 Wilems, Sakiyama-Elbert 2015",
    "et": "Age",
    "off": 31923,
    "sff": "Two weeks"
  },
  {
    "docID": "N118 Wilems, Sakiyama-Elbert 2015",
    "et": "Age",
    "off": 67246,
    "sff": "two weeks"
  },
  {
    "docID": "N118 Wilems, Sakiyama-Elbert 2015",
    "et": "Age",
    "off": 1661,
    "sff": "two weeks"
  },
  {
    "docID": "N118 Wilems, Sakiyama-Elbert 2015",
    "et": "Age",
    "off": 38033,
    "sff": "2–4 weeks"
  },
  {
    "docID": "N118 Wilems, Sakiyama-Elbert 2015",
    "et": "Age",
    "off": 37769,
    "sff": "2 to 4 weeks"
  },
  {
    "docID": "N118 Wilems, Sakiyama-Elbert 2015",
    "et": "Age",
    "off": 20443,
    "sff": "3 days"
  },
  {
    "docID": "N118 Wilems, Sakiyama-Elbert 2015",
    "et": "Age",
    "off": 30292,
    "sff": "14 days"
  },
  {
    "docID": "N118 Wilems, Sakiyama-Elbert 2015",
    "et": "Age",
    "off": 31314,
    "sff": "14 days"
  },
  {
    "docID": "N118 Wilems, Sakiyama-Elbert 2015",
    "et": "Age",
    "off": 6464,
    "sff": "10 days"
  },
  {
    "docID": "N118 Wilems, Sakiyama-Elbert 2015",
    "et": "Age",
    "off": 7045,
    "sff": "4 weeks"
  },
  {
    "docID": "N118 Wilems, Sakiyama-Elbert 2015",
    "et": "Age",
    "off": 8857,
    "sff": "1 week"
  },
  {
    "docID": "N118 Wilems, Sakiyama-Elbert 2015",
    "et": "Age",
    "off": 30015,
    "sff": "14 days"
  },
  {
    "docID": "N118 Wilems, Sakiyama-Elbert 2015",
    "et": "Age",
    "off": 37880,
    "sff": "2 weeks"
  },
  {
    "docID": "N118 Wilems, Sakiyama-Elbert 2015",
    "et": "Age",
    "off": 20539,
    "sff": "Two weeks"
  },
  {
    "docID": "N118 Wilems, Sakiyama-Elbert 2015",
    "et": "Age",
    "off": 42804,
    "sff": "2 weeks"
  },
  {
    "docID": "N118 Wilems, Sakiyama-Elbert 2015",
    "et": "Age",
    "off": 1624,
    "sff": "one week"
  },
  {
    "docID": "N118 Wilems, Sakiyama-Elbert 2015",
    "et": "Age",
    "off": 9880,
    "sff": "one week"
  },
  {
    "docID": "N118 Wilems, Sakiyama-Elbert 2015",
    "et": "Age",
    "off": 6709,
    "sff": "4 weeks"
  },
  {
    "docID": "N118 Wilems, Sakiyama-Elbert 2015",
    "et": "Age",
    "off": 16636,
    "sff": "14 days"
  },
  {
    "docID": "N118 Wilems, Sakiyama-Elbert 2015",
    "et": "Age",
    "off": 8060,
    "sff": "4 weeks"
  },
  {
    "docID": "N118 Wilems, Sakiyama-Elbert 2015",
    "et": "Age",
    "off": 20406,
    "sff": "3 days"
  },
  {
    "docID": "N118 Wilems, Sakiyama-Elbert 2015",
    "et": "Age",
    "off": 20345,
    "sff": "5 days"
  },
  {
    "docID": "N118 Wilems, Sakiyama-Elbert 2015",
    "et": "Age",
    "off": 35457,
    "sff": "2 weeks"
  },
  {
    "docID": "N118 Wilems, Sakiyama-Elbert 2015",
    "et": "Age",
    "off": 31516,
    "sff": "one week"
  }
]
