[
  {
    "docID": "N119 Wu, Klaw et al. 2015",
    "et": "Weight",
    "off": 8294,
    "sff": "225–250 g"
  },
  {
    "docID": "N119 Wu, Klaw et al. 2015",
    "et": "RatModel",
    "off": 15862,
    "sff": "rat"
  },
  {
    "docID": "N119 Wu, Klaw et al. 2015",
    "et": "RatModel",
    "off": 70983,
    "sff": "rat"
  },
  {
    "docID": "N119 Wu, Klaw et al. 2015",
    "et": "RatModel",
    "off": 23781,
    "sff": "rat"
  },
  {
    "docID": "N119 Wu, Klaw et al. 2015",
    "et": "RatModel",
    "off": 13370,
    "sff": "rat"
  },
  {
    "docID": "N119 Wu, Klaw et al. 2015",
    "et": "RatModel",
    "off": 24298,
    "sff": "rat"
  },
  {
    "docID": "N119 Wu, Klaw et al. 2015",
    "et": "RatModel",
    "off": 57829,
    "sff": "rat"
  },
  {
    "docID": "N119 Wu, Klaw et al. 2015",
    "et": "RatModel",
    "off": 68709,
    "sff": "rat"
  },
  {
    "docID": "N119 Wu, Klaw et al. 2015",
    "et": "RatModel",
    "off": 13479,
    "sff": "rat"
  },
  {
    "docID": "N119 Wu, Klaw et al. 2015",
    "et": "RatModel",
    "off": 66480,
    "sff": "rat"
  },
  {
    "docID": "N119 Wu, Klaw et al. 2015",
    "et": "RatModel",
    "off": 76368,
    "sff": "rat"
  },
  {
    "docID": "N119 Wu, Klaw et al. 2015",
    "et": "RatModel",
    "off": 76529,
    "sff": "rat"
  },
  {
    "docID": "N119 Wu, Klaw et al. 2015",
    "et": "RatModel",
    "off": 73980,
    "sff": "rat"
  },
  {
    "docID": "N119 Wu, Klaw et al. 2015",
    "et": "NewZealandRabbit",
    "off": 580,
    "sff": "New"
  },
  {
    "docID": "N119 Wu, Klaw et al. 2015",
    "et": "NewZealandRabbit",
    "off": 590,
    "sff": "New"
  },
  {
    "docID": "N119 Wu, Klaw et al. 2015",
    "et": "NewZealandRabbit",
    "off": 62023,
    "sff": "new"
  },
  {
    "docID": "N119 Wu, Klaw et al. 2015",
    "et": "Young",
    "off": 55034,
    "sff": "young"
  },
  {
    "docID": "N119 Wu, Klaw et al. 2015",
    "et": "Young",
    "off": 54791,
    "sff": "young"
  },
  {
    "docID": "N119 Wu, Klaw et al. 2015",
    "et": "Young",
    "off": 44002,
    "sff": "young"
  },
  {
    "docID": "N119 Wu, Klaw et al. 2015",
    "et": "Mixed",
    "off": 10362,
    "sff": "mixed"
  },
  {
    "docID": "N119 Wu, Klaw et al. 2015",
    "et": "Mixed",
    "off": 11674,
    "sff": "mixed"
  },
  {
    "docID": "N119 Wu, Klaw et al. 2015",
    "et": "Mixed",
    "off": 10774,
    "sff": "mixed"
  },
  {
    "docID": "N119 Wu, Klaw et al. 2015",
    "et": "Mixed",
    "off": 10967,
    "sff": "mixed"
  },
  {
    "docID": "N119 Wu, Klaw et al. 2015",
    "et": "Mixed",
    "off": 14981,
    "sff": "mixed"
  },
  {
    "docID": "N119 Wu, Klaw et al. 2015",
    "et": "MouseModel",
    "off": 71625,
    "sff": "mouse"
  },
  {
    "docID": "N119 Wu, Klaw et al. 2015",
    "et": "MouseModel",
    "off": 75233,
    "sff": "mouse"
  },
  {
    "docID": "N119 Wu, Klaw et al. 2015",
    "et": "WistarRat",
    "off": 8281,
    "sff": "Wistar rats"
  },
  {
    "docID": "N119 Wu, Klaw et al. 2015",
    "et": "WistarRat",
    "off": 8281,
    "sff": "Wistar"
  },
  {
    "docID": "N119 Wu, Klaw et al. 2015",
    "et": "RatSpecies",
    "off": 13479,
    "sff": "rat"
  },
  {
    "docID": "N119 Wu, Klaw et al. 2015",
    "et": "RatSpecies",
    "off": 15862,
    "sff": "rat"
  },
  {
    "docID": "N119 Wu, Klaw et al. 2015",
    "et": "RatSpecies",
    "off": 70983,
    "sff": "rat"
  },
  {
    "docID": "N119 Wu, Klaw et al. 2015",
    "et": "RatSpecies",
    "off": 73980,
    "sff": "rat"
  },
  {
    "docID": "N119 Wu, Klaw et al. 2015",
    "et": "RatSpecies",
    "off": 13370,
    "sff": "rat"
  },
  {
    "docID": "N119 Wu, Klaw et al. 2015",
    "et": "RatSpecies",
    "off": 24298,
    "sff": "rat"
  },
  {
    "docID": "N119 Wu, Klaw et al. 2015",
    "et": "RatSpecies",
    "off": 66480,
    "sff": "rat"
  },
  {
    "docID": "N119 Wu, Klaw et al. 2015",
    "et": "RatSpecies",
    "off": 76368,
    "sff": "rat"
  },
  {
    "docID": "N119 Wu, Klaw et al. 2015",
    "et": "RatSpecies",
    "off": 76529,
    "sff": "rat"
  },
  {
    "docID": "N119 Wu, Klaw et al. 2015",
    "et": "RatSpecies",
    "off": 57829,
    "sff": "rat"
  },
  {
    "docID": "N119 Wu, Klaw et al. 2015",
    "et": "RatSpecies",
    "off": 68709,
    "sff": "rat"
  },
  {
    "docID": "N119 Wu, Klaw et al. 2015",
    "et": "RatSpecies",
    "off": 23781,
    "sff": "rat"
  },
  {
    "docID": "N119 Wu, Klaw et al. 2015",
    "et": "MouseSpecies",
    "off": 71625,
    "sff": "mouse"
  },
  {
    "docID": "N119 Wu, Klaw et al. 2015",
    "et": "MouseSpecies",
    "off": 75233,
    "sff": "mouse"
  },
  {
    "docID": "N119 Wu, Klaw et al. 2015",
    "et": "HartleyGuineaPig",
    "off": 62393,
    "sff": "Hartley"
  },
  {
    "docID": "N119 Wu, Klaw et al. 2015",
    "et": "FischerRat",
    "off": 78202,
    "sff": "Fischer"
  },
  {
    "docID": "N119 Wu, Klaw et al. 2015",
    "et": "Adult",
    "off": 2539,
    "sff": "adult"
  },
  {
    "docID": "N119 Wu, Klaw et al. 2015",
    "et": "Adult",
    "off": 44008,
    "sff": "adult"
  },
  {
    "docID": "N119 Wu, Klaw et al. 2015",
    "et": "Adult",
    "off": 75817,
    "sff": "adult"
  },
  {
    "docID": "N119 Wu, Klaw et al. 2015",
    "et": "Adult",
    "off": 1001,
    "sff": "adult"
  },
  {
    "docID": "N119 Wu, Klaw et al. 2015",
    "et": "Adult",
    "off": 47151,
    "sff": "adult"
  },
  {
    "docID": "N119 Wu, Klaw et al. 2015",
    "et": "Adult",
    "off": 64173,
    "sff": "adult"
  },
  {
    "docID": "N119 Wu, Klaw et al. 2015",
    "et": "Adult",
    "off": 5619,
    "sff": "adult"
  },
  {
    "docID": "N119 Wu, Klaw et al. 2015",
    "et": "Adult",
    "off": 7443,
    "sff": "mature"
  },
  {
    "docID": "N119 Wu, Klaw et al. 2015",
    "et": "Adult",
    "off": 57463,
    "sff": "adult"
  },
  {
    "docID": "N119 Wu, Klaw et al. 2015",
    "et": "Adult",
    "off": 884,
    "sff": "adult"
  },
  {
    "docID": "N119 Wu, Klaw et al. 2015",
    "et": "Adult",
    "off": 14837,
    "sff": "adult"
  },
  {
    "docID": "N119 Wu, Klaw et al. 2015",
    "et": "Adult",
    "off": 73588,
    "sff": "adult"
  },
  {
    "docID": "N119 Wu, Klaw et al. 2015",
    "et": "Adult",
    "off": 7355,
    "sff": "adult"
  },
  {
    "docID": "N119 Wu, Klaw et al. 2015",
    "et": "Adult",
    "off": 59128,
    "sff": "adult"
  },
  {
    "docID": "N119 Wu, Klaw et al. 2015",
    "et": "Adult",
    "off": 3249,
    "sff": "Adult"
  },
  {
    "docID": "N119 Wu, Klaw et al. 2015",
    "et": "Adult",
    "off": 77112,
    "sff": "adult"
  },
  {
    "docID": "N119 Wu, Klaw et al. 2015",
    "et": "Adult",
    "off": 77624,
    "sff": "adult"
  },
  {
    "docID": "N119 Wu, Klaw et al. 2015",
    "et": "Adult",
    "off": 75454,
    "sff": "adult"
  },
  {
    "docID": "N119 Wu, Klaw et al. 2015",
    "et": "Adult",
    "off": 74236,
    "sff": "adult"
  },
  {
    "docID": "N119 Wu, Klaw et al. 2015",
    "et": "Adult",
    "off": 60547,
    "sff": "adult"
  },
  {
    "docID": "N119 Wu, Klaw et al. 2015",
    "et": "Adult",
    "off": 54208,
    "sff": "adult"
  },
  {
    "docID": "N119 Wu, Klaw et al. 2015",
    "et": "Adult",
    "off": 55040,
    "sff": "adult"
  },
  {
    "docID": "N119 Wu, Klaw et al. 2015",
    "et": "Adult",
    "off": 70977,
    "sff": "adult"
  },
  {
    "docID": "N119 Wu, Klaw et al. 2015",
    "et": "Adult",
    "off": 67652,
    "sff": "adult"
  },
  {
    "docID": "N119 Wu, Klaw et al. 2015",
    "et": "Adult",
    "off": 65632,
    "sff": "Adult"
  },
  {
    "docID": "N119 Wu, Klaw et al. 2015",
    "et": "Adult",
    "off": 46187,
    "sff": "mature"
  },
  {
    "docID": "N119 Wu, Klaw et al. 2015",
    "et": "Adult",
    "off": 64911,
    "sff": "adult"
  },
  {
    "docID": "N119 Wu, Klaw et al. 2015",
    "et": "Adult",
    "off": 65230,
    "sff": "adult"
  },
  {
    "docID": "N119 Wu, Klaw et al. 2015",
    "et": "Adult",
    "off": 54797,
    "sff": "adult"
  },
  {
    "docID": "N119 Wu, Klaw et al. 2015",
    "et": "Adult",
    "off": 65548,
    "sff": "adult"
  },
  {
    "docID": "N119 Wu, Klaw et al. 2015",
    "et": "Adult",
    "off": 46291,
    "sff": "adult"
  },
  {
    "docID": "N119 Wu, Klaw et al. 2015",
    "et": "Adult",
    "off": 8268,
    "sff": "Adult"
  },
  {
    "docID": "N119 Wu, Klaw et al. 2015",
    "et": "Adult",
    "off": 67924,
    "sff": "adult"
  },
  {
    "docID": "N119 Wu, Klaw et al. 2015",
    "et": "Adult",
    "off": 75227,
    "sff": "adult"
  },
  {
    "docID": "N119 Wu, Klaw et al. 2015",
    "et": "Adult",
    "off": 147,
    "sff": "Adult"
  },
  {
    "docID": "N119 Wu, Klaw et al. 2015",
    "et": "Adult",
    "off": 63770,
    "sff": "adult"
  },
  {
    "docID": "N119 Wu, Klaw et al. 2015",
    "et": "Adult",
    "off": 80858,
    "sff": "adult"
  },
  {
    "docID": "N119 Wu, Klaw et al. 2015",
    "et": "Adult",
    "off": 5729,
    "sff": "mature"
  },
  {
    "docID": "N119 Wu, Klaw et al. 2015",
    "et": "Adult",
    "off": 62050,
    "sff": "adult"
  },
  {
    "docID": "N119 Wu, Klaw et al. 2015",
    "et": "LongEvansRat",
    "off": 13668,
    "sff": "long"
  },
  {
    "docID": "N119 Wu, Klaw et al. 2015",
    "et": "LongEvansRat",
    "off": 40275,
    "sff": "long"
  },
  {
    "docID": "N119 Wu, Klaw et al. 2015",
    "et": "LongEvansRat",
    "off": 76343,
    "sff": "long"
  },
  {
    "docID": "N119 Wu, Klaw et al. 2015",
    "et": "LongEvansRat",
    "off": 74309,
    "sff": "Long"
  },
  {
    "docID": "N119 Wu, Klaw et al. 2015",
    "et": "LongEvansRat",
    "off": 26471,
    "sff": "Long"
  },
  {
    "docID": "N119 Wu, Klaw et al. 2015",
    "et": "Female",
    "off": 71178,
    "sff": "female"
  },
  {
    "docID": "N119 Wu, Klaw et al. 2015",
    "et": "Female",
    "off": 74992,
    "sff": "female"
  },
  {
    "docID": "N119 Wu, Klaw et al. 2015",
    "et": "Female",
    "off": 8274,
    "sff": "female"
  },
  {
    "docID": "N119 Wu, Klaw et al. 2015",
    "et": "Age",
    "off": 36421,
    "sff": "5D"
  },
  {
    "docID": "N119 Wu, Klaw et al. 2015",
    "et": "Age",
    "off": 16141,
    "sff": "1 week"
  },
  {
    "docID": "N119 Wu, Klaw et al. 2015",
    "et": "Age",
    "off": 27599,
    "sff": "10 d"
  },
  {
    "docID": "N119 Wu, Klaw et al. 2015",
    "et": "Age",
    "off": 26279,
    "sff": "2D"
  },
  {
    "docID": "N119 Wu, Klaw et al. 2015",
    "et": "Age",
    "off": 30627,
    "sff": "Six months"
  },
  {
    "docID": "N119 Wu, Klaw et al. 2015",
    "et": "Age",
    "off": 9225,
    "sff": "3 d"
  },
  {
    "docID": "N119 Wu, Klaw et al. 2015",
    "et": "Age",
    "off": 35474,
    "sff": "3 months"
  },
  {
    "docID": "N119 Wu, Klaw et al. 2015",
    "et": "Age",
    "off": 11625,
    "sff": "2 weeks"
  },
  {
    "docID": "N119 Wu, Klaw et al. 2015",
    "et": "Age",
    "off": 39500,
    "sff": "3 months"
  },
  {
    "docID": "N119 Wu, Klaw et al. 2015",
    "et": "Age",
    "off": 31138,
    "sff": "2 weeks"
  },
  {
    "docID": "N119 Wu, Klaw et al. 2015",
    "et": "Age",
    "off": 52811,
    "sff": "3 months"
  },
  {
    "docID": "N119 Wu, Klaw et al. 2015",
    "et": "Age",
    "off": 28165,
    "sff": "2 week"
  },
  {
    "docID": "N119 Wu, Klaw et al. 2015",
    "et": "Age",
    "off": 38475,
    "sff": "1 month"
  },
  {
    "docID": "N119 Wu, Klaw et al. 2015",
    "et": "Age",
    "off": 42464,
    "sff": "One month"
  },
  {
    "docID": "N119 Wu, Klaw et al. 2015",
    "et": "Age",
    "off": 16789,
    "sff": "3 months"
  },
  {
    "docID": "N119 Wu, Klaw et al. 2015",
    "et": "Age",
    "off": 30107,
    "sff": "3 D"
  },
  {
    "docID": "N119 Wu, Klaw et al. 2015",
    "et": "Age",
    "off": 34569,
    "sff": "1 month"
  },
  {
    "docID": "N119 Wu, Klaw et al. 2015",
    "et": "Age",
    "off": 24712,
    "sff": "1 month"
  },
  {
    "docID": "N119 Wu, Klaw et al. 2015",
    "et": "Age",
    "off": 26136,
    "sff": "Four weeks"
  },
  {
    "docID": "N119 Wu, Klaw et al. 2015",
    "et": "Age",
    "off": 27734,
    "sff": "10 d"
  },
  {
    "docID": "N119 Wu, Klaw et al. 2015",
    "et": "Age",
    "off": 11068,
    "sff": "One week"
  },
  {
    "docID": "N119 Wu, Klaw et al. 2015",
    "et": "Age",
    "off": 19518,
    "sff": "Three months"
  },
  {
    "docID": "N119 Wu, Klaw et al. 2015",
    "et": "Age",
    "off": 11316,
    "sff": "One week"
  },
  {
    "docID": "N119 Wu, Klaw et al. 2015",
    "et": "Age",
    "off": 23407,
    "sff": "3 months"
  },
  {
    "docID": "N119 Wu, Klaw et al. 2015",
    "et": "Age",
    "off": 33865,
    "sff": "2D"
  },
  {
    "docID": "N119 Wu, Klaw et al. 2015",
    "et": "Age",
    "off": 17440,
    "sff": "1 week"
  },
  {
    "docID": "N119 Wu, Klaw et al. 2015",
    "et": "Age",
    "off": 32470,
    "sff": "1 month"
  },
  {
    "docID": "N119 Wu, Klaw et al. 2015",
    "et": "Age",
    "off": 37807,
    "sff": "3 months"
  },
  {
    "docID": "N119 Wu, Klaw et al. 2015",
    "et": "Age",
    "off": 21170,
    "sff": "6 months"
  },
  {
    "docID": "N119 Wu, Klaw et al. 2015",
    "et": "Age",
    "off": 42760,
    "sff": "Three months"
  },
  {
    "docID": "N119 Wu, Klaw et al. 2015",
    "et": "Age",
    "off": 11778,
    "sff": "1 d"
  },
  {
    "docID": "N119 Wu, Klaw et al. 2015",
    "et": "Age",
    "off": 37480,
    "sff": "7 D"
  },
  {
    "docID": "N119 Wu, Klaw et al. 2015",
    "et": "Age",
    "off": 45526,
    "sff": "One month"
  },
  {
    "docID": "N119 Wu, Klaw et al. 2015",
    "et": "Age",
    "off": 25079,
    "sff": "3 months"
  },
  {
    "docID": "N119 Wu, Klaw et al. 2015",
    "et": "Age",
    "off": 30968,
    "sff": "3 months"
  },
  {
    "docID": "N119 Wu, Klaw et al. 2015",
    "et": "Age",
    "off": 29217,
    "sff": "4 weeks"
  },
  {
    "docID": "N119 Wu, Klaw et al. 2015",
    "et": "Age",
    "off": 41715,
    "sff": "3 months"
  },
  {
    "docID": "N119 Wu, Klaw et al. 2015",
    "et": "Age",
    "off": 27063,
    "sff": "2D"
  },
  {
    "docID": "N119 Wu, Klaw et al. 2015",
    "et": "Age",
    "off": 26726,
    "sff": "1 month"
  },
  {
    "docID": "N119 Wu, Klaw et al. 2015",
    "et": "Age",
    "off": 47587,
    "sff": "6 weeks"
  },
  {
    "docID": "N119 Wu, Klaw et al. 2015",
    "et": "Age",
    "off": 21911,
    "sff": "3 d"
  },
  {
    "docID": "N119 Wu, Klaw et al. 2015",
    "et": "Age",
    "off": 30258,
    "sff": "2 weeks"
  },
  {
    "docID": "N119 Wu, Klaw et al. 2015",
    "et": "Age",
    "off": 50302,
    "sff": "3 months"
  },
  {
    "docID": "N119 Wu, Klaw et al. 2015",
    "et": "Age",
    "off": 28094,
    "sff": "3 months"
  },
  {
    "docID": "N119 Wu, Klaw et al. 2015",
    "et": "Age",
    "off": 39101,
    "sff": "3 months"
  }
]
