[
  {
    "docID": "N120 Xia, Huang et al. 2017",
    "et": "Weight",
    "off": 8419,
    "sff": "10 mg"
  },
  {
    "docID": "N120 Xia, Huang et al. 2017",
    "et": "Weight",
    "off": 9797,
    "sff": "200–230 g"
  },
  {
    "docID": "N120 Xia, Huang et al. 2017",
    "et": "Weight",
    "off": 11918,
    "sff": "162.3 mg"
  },
  {
    "docID": "N120 Xia, Huang et al. 2017",
    "et": "RatModel",
    "off": 11145,
    "sff": "rat"
  },
  {
    "docID": "N120 Xia, Huang et al. 2017",
    "et": "RatModel",
    "off": 13785,
    "sff": "rat"
  },
  {
    "docID": "N120 Xia, Huang et al. 2017",
    "et": "RatModel",
    "off": 10538,
    "sff": "rat"
  },
  {
    "docID": "N120 Xia, Huang et al. 2017",
    "et": "RatModel",
    "off": 10855,
    "sff": "rat"
  },
  {
    "docID": "N120 Xia, Huang et al. 2017",
    "et": "RatModel",
    "off": 10132,
    "sff": "rat"
  },
  {
    "docID": "N120 Xia, Huang et al. 2017",
    "et": "RatModel",
    "off": 10724,
    "sff": "rat"
  },
  {
    "docID": "N120 Xia, Huang et al. 2017",
    "et": "RatModel",
    "off": 10657,
    "sff": "rat"
  },
  {
    "docID": "N120 Xia, Huang et al. 2017",
    "et": "RatModel",
    "off": 10993,
    "sff": "rat"
  },
  {
    "docID": "N120 Xia, Huang et al. 2017",
    "et": "RatModel",
    "off": 12895,
    "sff": "rat"
  },
  {
    "docID": "N120 Xia, Huang et al. 2017",
    "et": "RatModel",
    "off": 10448,
    "sff": "rat"
  },
  {
    "docID": "N120 Xia, Huang et al. 2017",
    "et": "Young",
    "off": 35455,
    "sff": "Young"
  },
  {
    "docID": "N120 Xia, Huang et al. 2017",
    "et": "Mixed",
    "off": 9477,
    "sff": "mixed"
  },
  {
    "docID": "N120 Xia, Huang et al. 2017",
    "et": "Mixed",
    "off": 9444,
    "sff": "mixed"
  },
  {
    "docID": "N120 Xia, Huang et al. 2017",
    "et": "MouseModel",
    "off": 43066,
    "sff": "mouse"
  },
  {
    "docID": "N120 Xia, Huang et al. 2017",
    "et": "WistarRat",
    "off": 9784,
    "sff": "Wistar rats"
  },
  {
    "docID": "N120 Xia, Huang et al. 2017",
    "et": "WistarRat",
    "off": 9784,
    "sff": "Wistar"
  },
  {
    "docID": "N120 Xia, Huang et al. 2017",
    "et": "RatSpecies",
    "off": 10538,
    "sff": "rat"
  },
  {
    "docID": "N120 Xia, Huang et al. 2017",
    "et": "RatSpecies",
    "off": 10855,
    "sff": "rat"
  },
  {
    "docID": "N120 Xia, Huang et al. 2017",
    "et": "RatSpecies",
    "off": 11145,
    "sff": "rat"
  },
  {
    "docID": "N120 Xia, Huang et al. 2017",
    "et": "RatSpecies",
    "off": 13785,
    "sff": "rat"
  },
  {
    "docID": "N120 Xia, Huang et al. 2017",
    "et": "RatSpecies",
    "off": 10132,
    "sff": "rat"
  },
  {
    "docID": "N120 Xia, Huang et al. 2017",
    "et": "RatSpecies",
    "off": 10724,
    "sff": "rat"
  },
  {
    "docID": "N120 Xia, Huang et al. 2017",
    "et": "RatSpecies",
    "off": 12895,
    "sff": "rat"
  },
  {
    "docID": "N120 Xia, Huang et al. 2017",
    "et": "RatSpecies",
    "off": 10657,
    "sff": "rat"
  },
  {
    "docID": "N120 Xia, Huang et al. 2017",
    "et": "RatSpecies",
    "off": 10993,
    "sff": "rat"
  },
  {
    "docID": "N120 Xia, Huang et al. 2017",
    "et": "RatSpecies",
    "off": 10448,
    "sff": "rat"
  },
  {
    "docID": "N120 Xia, Huang et al. 2017",
    "et": "MouseSpecies",
    "off": 43066,
    "sff": "mouse"
  },
  {
    "docID": "N120 Xia, Huang et al. 2017",
    "et": "Adult",
    "off": 9771,
    "sff": "adult"
  },
  {
    "docID": "N120 Xia, Huang et al. 2017",
    "et": "Adult",
    "off": 43060,
    "sff": "adult"
  },
  {
    "docID": "N120 Xia, Huang et al. 2017",
    "et": "Adult",
    "off": 42270,
    "sff": "adult"
  },
  {
    "docID": "N120 Xia, Huang et al. 2017",
    "et": "LongEvansRat",
    "off": 13312,
    "sff": "long"
  },
  {
    "docID": "N120 Xia, Huang et al. 2017",
    "et": "Female",
    "off": 9777,
    "sff": "female"
  },
  {
    "docID": "N120 Xia, Huang et al. 2017",
    "et": "Age",
    "off": 28751,
    "sff": "1 week"
  },
  {
    "docID": "N120 Xia, Huang et al. 2017",
    "et": "Age",
    "off": 12826,
    "sff": "4 weeks"
  },
  {
    "docID": "N120 Xia, Huang et al. 2017",
    "et": "Age",
    "off": 24995,
    "sff": "3d"
  },
  {
    "docID": "N120 Xia, Huang et al. 2017",
    "et": "Age",
    "off": 12592,
    "sff": "three days"
  },
  {
    "docID": "N120 Xia, Huang et al. 2017",
    "et": "Age",
    "off": 14242,
    "sff": "3 week"
  },
  {
    "docID": "N120 Xia, Huang et al. 2017",
    "et": "Age",
    "off": 20747,
    "sff": "1d"
  },
  {
    "docID": "N120 Xia, Huang et al. 2017",
    "et": "Age",
    "off": 13705,
    "sff": "4 weeks"
  },
  {
    "docID": "N120 Xia, Huang et al. 2017",
    "et": "Age",
    "off": 28767,
    "sff": "3 week"
  },
  {
    "docID": "N120 Xia, Huang et al. 2017",
    "et": "Age",
    "off": 28775,
    "sff": "4 week"
  },
  {
    "docID": "N120 Xia, Huang et al. 2017",
    "et": "Age",
    "off": 14234,
    "sff": "2 week"
  },
  {
    "docID": "N120 Xia, Huang et al. 2017",
    "et": "Age",
    "off": 14250,
    "sff": "4 week"
  },
  {
    "docID": "N120 Xia, Huang et al. 2017",
    "et": "Age",
    "off": 25635,
    "sff": "1–4 weeks"
  },
  {
    "docID": "N120 Xia, Huang et al. 2017",
    "et": "Age",
    "off": 28759,
    "sff": "2 week"
  },
  {
    "docID": "N120 Xia, Huang et al. 2017",
    "et": "Age",
    "off": 14226,
    "sff": "1 week"
  }
]
