[
  {
    "docID": "N122 Yick, So et al. 2004",
    "et": "Weight",
    "off": 5944,
    "sff": "200–250 g"
  },
  {
    "docID": "N122 Yick, So et al. 2004",
    "et": "RatModel",
    "off": 7360,
    "sff": "rat"
  },
  {
    "docID": "N122 Yick, So et al. 2004",
    "et": "RatModel",
    "off": 29950,
    "sff": "rat"
  },
  {
    "docID": "N122 Yick, So et al. 2004",
    "et": "RatModel",
    "off": 42653,
    "sff": "rat"
  },
  {
    "docID": "N122 Yick, So et al. 2004",
    "et": "RatModel",
    "off": 40455,
    "sff": "rat"
  },
  {
    "docID": "N122 Yick, So et al. 2004",
    "et": "RatModel",
    "off": 45316,
    "sff": "rat"
  },
  {
    "docID": "N122 Yick, So et al. 2004",
    "et": "RatModel",
    "off": 44547,
    "sff": "rat"
  },
  {
    "docID": "N122 Yick, So et al. 2004",
    "et": "RatModel",
    "off": 44805,
    "sff": "rat"
  },
  {
    "docID": "N122 Yick, So et al. 2004",
    "et": "RatModel",
    "off": 39952,
    "sff": "rat"
  },
  {
    "docID": "N122 Yick, So et al. 2004",
    "et": "RatModel",
    "off": 46801,
    "sff": "rat"
  },
  {
    "docID": "N122 Yick, So et al. 2004",
    "et": "RatModel",
    "off": 44718,
    "sff": "rat"
  },
  {
    "docID": "N122 Yick, So et al. 2004",
    "et": "RatModel",
    "off": 38573,
    "sff": "rat"
  },
  {
    "docID": "N122 Yick, So et al. 2004",
    "et": "RatModel",
    "off": 43641,
    "sff": "rat"
  },
  {
    "docID": "N122 Yick, So et al. 2004",
    "et": "RatModel",
    "off": 34070,
    "sff": "rat"
  },
  {
    "docID": "N122 Yick, So et al. 2004",
    "et": "RatModel",
    "off": 42870,
    "sff": "rat"
  },
  {
    "docID": "N122 Yick, So et al. 2004",
    "et": "NewZealandRabbit",
    "off": 45777,
    "sff": "new"
  },
  {
    "docID": "N122 Yick, So et al. 2004",
    "et": "SpragueDawleyRat",
    "off": 5923,
    "sff": "Sprague-Dawley rats"
  },
  {
    "docID": "N122 Yick, So et al. 2004",
    "et": "SpragueDawleyRat",
    "off": 5923,
    "sff": "Sprague-Dawley"
  },
  {
    "docID": "N122 Yick, So et al. 2004",
    "et": "RatSpecies",
    "off": 7360,
    "sff": "rat"
  },
  {
    "docID": "N122 Yick, So et al. 2004",
    "et": "RatSpecies",
    "off": 29950,
    "sff": "rat"
  },
  {
    "docID": "N122 Yick, So et al. 2004",
    "et": "RatSpecies",
    "off": 44805,
    "sff": "rat"
  },
  {
    "docID": "N122 Yick, So et al. 2004",
    "et": "RatSpecies",
    "off": 45316,
    "sff": "rat"
  },
  {
    "docID": "N122 Yick, So et al. 2004",
    "et": "RatSpecies",
    "off": 44547,
    "sff": "rat"
  },
  {
    "docID": "N122 Yick, So et al. 2004",
    "et": "RatSpecies",
    "off": 40455,
    "sff": "rat"
  },
  {
    "docID": "N122 Yick, So et al. 2004",
    "et": "RatSpecies",
    "off": 38573,
    "sff": "rat"
  },
  {
    "docID": "N122 Yick, So et al. 2004",
    "et": "RatSpecies",
    "off": 46801,
    "sff": "rat"
  },
  {
    "docID": "N122 Yick, So et al. 2004",
    "et": "RatSpecies",
    "off": 39952,
    "sff": "rat"
  },
  {
    "docID": "N122 Yick, So et al. 2004",
    "et": "RatSpecies",
    "off": 44718,
    "sff": "rat"
  },
  {
    "docID": "N122 Yick, So et al. 2004",
    "et": "RatSpecies",
    "off": 43641,
    "sff": "rat"
  },
  {
    "docID": "N122 Yick, So et al. 2004",
    "et": "RatSpecies",
    "off": 34070,
    "sff": "rat"
  },
  {
    "docID": "N122 Yick, So et al. 2004",
    "et": "RatSpecies",
    "off": 42870,
    "sff": "rat"
  },
  {
    "docID": "N122 Yick, So et al. 2004",
    "et": "RatSpecies",
    "off": 42653,
    "sff": "rat"
  },
  {
    "docID": "N122 Yick, So et al. 2004",
    "et": "FischerRat",
    "off": 41747,
    "sff": "FISCHER"
  },
  {
    "docID": "N122 Yick, So et al. 2004",
    "et": "Adult",
    "off": 42864,
    "sff": "adult"
  },
  {
    "docID": "N122 Yick, So et al. 2004",
    "et": "Adult",
    "off": 41299,
    "sff": "adult"
  },
  {
    "docID": "N122 Yick, So et al. 2004",
    "et": "Adult",
    "off": 43635,
    "sff": "adult"
  },
  {
    "docID": "N122 Yick, So et al. 2004",
    "et": "Adult",
    "off": 45310,
    "sff": "adult"
  },
  {
    "docID": "N122 Yick, So et al. 2004",
    "et": "Adult",
    "off": 2146,
    "sff": "ADULT"
  },
  {
    "docID": "N122 Yick, So et al. 2004",
    "et": "Adult",
    "off": 770,
    "sff": "Adult"
  },
  {
    "docID": "N122 Yick, So et al. 2004",
    "et": "Adult",
    "off": 5906,
    "sff": "Adult"
  },
  {
    "docID": "N122 Yick, So et al. 2004",
    "et": "Adult",
    "off": 42647,
    "sff": "adult"
  },
  {
    "docID": "N122 Yick, So et al. 2004",
    "et": "LongEvansRat",
    "off": 22036,
    "sff": "long"
  },
  {
    "docID": "N122 Yick, So et al. 2004",
    "et": "LongEvansRat",
    "off": 39144,
    "sff": "Long"
  },
  {
    "docID": "N122 Yick, So et al. 2004",
    "et": "Age",
    "off": 22515,
    "sff": "1 day"
  },
  {
    "docID": "N122 Yick, So et al. 2004",
    "et": "Age",
    "off": 19814,
    "sff": "1 month"
  },
  {
    "docID": "N122 Yick, So et al. 2004",
    "et": "Age",
    "off": 21538,
    "sff": "1 month"
  },
  {
    "docID": "N122 Yick, So et al. 2004",
    "et": "Age",
    "off": 13857,
    "sff": "1 month"
  },
  {
    "docID": "N122 Yick, So et al. 2004",
    "et": "Age",
    "off": 23430,
    "sff": "5 days"
  },
  {
    "docID": "N122 Yick, So et al. 2004",
    "et": "Age",
    "off": 15969,
    "sff": "One month"
  },
  {
    "docID": "N122 Yick, So et al. 2004",
    "et": "Age",
    "off": 16217,
    "sff": "1 month"
  },
  {
    "docID": "N122 Yick, So et al. 2004",
    "et": "Age",
    "off": 21198,
    "sff": "5 days"
  },
  {
    "docID": "N122 Yick, So et al. 2004",
    "et": "Age",
    "off": 31327,
    "sff": "1 year"
  },
  {
    "docID": "N122 Yick, So et al. 2004",
    "et": "Age",
    "off": 17673,
    "sff": "5 days"
  },
  {
    "docID": "N122 Yick, So et al. 2004",
    "et": "Age",
    "off": 42213,
    "sff": "1 year"
  },
  {
    "docID": "N122 Yick, So et al. 2004",
    "et": "Age",
    "off": 22539,
    "sff": "5 days"
  },
  {
    "docID": "N122 Yick, So et al. 2004",
    "et": "Age",
    "off": 8314,
    "sff": "Two days"
  },
  {
    "docID": "N122 Yick, So et al. 2004",
    "et": "Age",
    "off": 865,
    "sff": "Four weeks"
  },
  {
    "docID": "N122 Yick, So et al. 2004",
    "et": "Age",
    "off": 22802,
    "sff": "5 days"
  },
  {
    "docID": "N122 Yick, So et al. 2004",
    "et": "Age",
    "off": 20628,
    "sff": "5 days"
  },
  {
    "docID": "N122 Yick, So et al. 2004",
    "et": "Age",
    "off": 23773,
    "sff": "5 days"
  },
  {
    "docID": "N122 Yick, So et al. 2004",
    "et": "Age",
    "off": 22304,
    "sff": "5 days"
  },
  {
    "docID": "N122 Yick, So et al. 2004",
    "et": "Age",
    "off": 5912,
    "sff": "9-week-old"
  },
  {
    "docID": "N122 Yick, So et al. 2004",
    "et": "Age",
    "off": 23270,
    "sff": "5 days"
  },
  {
    "docID": "N122 Yick, So et al. 2004",
    "et": "Age",
    "off": 18366,
    "sff": "1 month"
  },
  {
    "docID": "N122 Yick, So et al. 2004",
    "et": "Age",
    "off": 19007,
    "sff": "1 month"
  },
  {
    "docID": "N122 Yick, So et al. 2004",
    "et": "Age",
    "off": 15421,
    "sff": "1 month"
  },
  {
    "docID": "N122 Yick, So et al. 2004",
    "et": "Age",
    "off": 10159,
    "sff": "5 days"
  },
  {
    "docID": "N122 Yick, So et al. 2004",
    "et": "Age",
    "off": 17072,
    "sff": "5 days"
  },
  {
    "docID": "N122 Yick, So et al. 2004",
    "et": "Age",
    "off": 8373,
    "sff": "1 month"
  },
  {
    "docID": "N122 Yick, So et al. 2004",
    "et": "Age",
    "off": 7979,
    "sff": "5 days"
  },
  {
    "docID": "N122 Yick, So et al. 2004",
    "et": "Age",
    "off": 24645,
    "sff": "One month"
  },
  {
    "docID": "N122 Yick, So et al. 2004",
    "et": "Age",
    "off": 7596,
    "sff": "1 month"
  },
  {
    "docID": "N122 Yick, So et al. 2004",
    "et": "Age",
    "off": 23921,
    "sff": "5 days"
  }
]
