[
  {
    "docID": "N123 Yick, Wu et al. 2000",
    "et": "Weight",
    "off": 4693,
    "sff": "200±250 g"
  },
  {
    "docID": "N123 Yick, Wu et al. 2000",
    "et": "Weight",
    "off": 8698,
    "sff": "10 mg"
  },
  {
    "docID": "N123 Yick, Wu et al. 2000",
    "et": "Weight",
    "off": 8722,
    "sff": "2.5 mg"
  },
  {
    "docID": "N123 Yick, Wu et al. 2000",
    "et": "NewZealandRabbit",
    "off": 5894,
    "sff": "new"
  },
  {
    "docID": "N123 Yick, Wu et al. 2000",
    "et": "SpragueDawleyRat",
    "off": 4680,
    "sff": "Dawley rats"
  },
  {
    "docID": "N123 Yick, Wu et al. 2000",
    "et": "SpragueDawleyRat",
    "off": 4680,
    "sff": "Dawley"
  },
  {
    "docID": "N123 Yick, Wu et al. 2000",
    "et": "MouseModel",
    "off": 7928,
    "sff": "mouse"
  },
  {
    "docID": "N123 Yick, Wu et al. 2000",
    "et": "MouseSpecies",
    "off": 7928,
    "sff": "mouse"
  },
  {
    "docID": "N123 Yick, Wu et al. 2000",
    "et": "Adult",
    "off": 3383,
    "sff": "adult"
  },
  {
    "docID": "N123 Yick, Wu et al. 2000",
    "et": "Adult",
    "off": 2394,
    "sff": "mature"
  },
  {
    "docID": "N123 Yick, Wu et al. 2000",
    "et": "Adult",
    "off": 4659,
    "sff": "Adult"
  },
  {
    "docID": "N123 Yick, Wu et al. 2000",
    "et": "Adult",
    "off": 19723,
    "sff": "adult"
  },
  {
    "docID": "N123 Yick, Wu et al. 2000",
    "et": "Adult",
    "off": 17023,
    "sff": "adult"
  },
  {
    "docID": "N123 Yick, Wu et al. 2000",
    "et": "Adult",
    "off": 1760,
    "sff": "adult"
  },
  {
    "docID": "N123 Yick, Wu et al. 2000",
    "et": "Adult",
    "off": 16114,
    "sff": "adult"
  },
  {
    "docID": "N123 Yick, Wu et al. 2000",
    "et": "Adult",
    "off": 15862,
    "sff": "adult"
  },
  {
    "docID": "N123 Yick, Wu et al. 2000",
    "et": "Female",
    "off": 4665,
    "sff": "female"
  },
  {
    "docID": "N123 Yick, Wu et al. 2000",
    "et": "Age",
    "off": 14980,
    "sff": "2 weeks"
  },
  {
    "docID": "N123 Yick, Wu et al. 2000",
    "et": "Age",
    "off": 5903,
    "sff": "15 days"
  },
  {
    "docID": "N123 Yick, Wu et al. 2000",
    "et": "Age",
    "off": 12950,
    "sff": "1d"
  },
  {
    "docID": "N123 Yick, Wu et al. 2000",
    "et": "Age",
    "off": 6399,
    "sff": "4 weeks"
  },
  {
    "docID": "N123 Yick, Wu et al. 2000",
    "et": "Age",
    "off": 13722,
    "sff": "four weeks"
  },
  {
    "docID": "N123 Yick, Wu et al. 2000",
    "et": "Age",
    "off": 7790,
    "sff": "2 weeks"
  },
  {
    "docID": "N123 Yick, Wu et al. 2000",
    "et": "Age",
    "off": 16598,
    "sff": "7 days"
  },
  {
    "docID": "N123 Yick, Wu et al. 2000",
    "et": "Age",
    "off": 6817,
    "sff": "Four weeks"
  },
  {
    "docID": "N123 Yick, Wu et al. 2000",
    "et": "Age",
    "off": 15027,
    "sff": "2 weeks"
  },
  {
    "docID": "N123 Yick, Wu et al. 2000",
    "et": "Age",
    "off": 5826,
    "sff": "15 days"
  },
  {
    "docID": "N123 Yick, Wu et al. 2000",
    "et": "Age",
    "off": 6549,
    "sff": "Two days"
  },
  {
    "docID": "N123 Yick, Wu et al. 2000",
    "et": "Age",
    "off": 12429,
    "sff": "4 weeks"
  },
  {
    "docID": "N123 Yick, Wu et al. 2000",
    "et": "Age",
    "off": 15254,
    "sff": "2 weeks"
  },
  {
    "docID": "N123 Yick, Wu et al. 2000",
    "et": "Age",
    "off": 1074,
    "sff": "4 weeks"
  },
  {
    "docID": "N123 Yick, Wu et al. 2000",
    "et": "Age",
    "off": 16061,
    "sff": "Ten days"
  },
  {
    "docID": "N123 Yick, Wu et al. 2000",
    "et": "Age",
    "off": 12922,
    "sff": "2 weeks"
  }
]
