[
  {
    "docID": "N124 Yuan, Jin et al. 2016",
    "et": "Weight",
    "off": 16725,
    "sff": "1g"
  },
  {
    "docID": "N124 Yuan, Jin et al. 2016",
    "et": "Weight",
    "off": 10658,
    "sff": "100 g"
  },
  {
    "docID": "N124 Yuan, Jin et al. 2016",
    "et": "Weight",
    "off": 20801,
    "sff": "3g"
  },
  {
    "docID": "N124 Yuan, Jin et al. 2016",
    "et": "RatModel",
    "off": 39587,
    "sff": "rat"
  },
  {
    "docID": "N124 Yuan, Jin et al. 2016",
    "et": "RatModel",
    "off": 40227,
    "sff": "rat"
  },
  {
    "docID": "N124 Yuan, Jin et al. 2016",
    "et": "RatModel",
    "off": 45730,
    "sff": "rat"
  },
  {
    "docID": "N124 Yuan, Jin et al. 2016",
    "et": "RatModel",
    "off": 9195,
    "sff": "rat"
  },
  {
    "docID": "N124 Yuan, Jin et al. 2016",
    "et": "RatModel",
    "off": 45389,
    "sff": "rat"
  },
  {
    "docID": "N124 Yuan, Jin et al. 2016",
    "et": "RatModel",
    "off": 39358,
    "sff": "rat"
  },
  {
    "docID": "N124 Yuan, Jin et al. 2016",
    "et": "RatModel",
    "off": 22727,
    "sff": "rat"
  },
  {
    "docID": "N124 Yuan, Jin et al. 2016",
    "et": "RatModel",
    "off": 38855,
    "sff": "rat"
  },
  {
    "docID": "N124 Yuan, Jin et al. 2016",
    "et": "RatModel",
    "off": 39799,
    "sff": "rat"
  },
  {
    "docID": "N124 Yuan, Jin et al. 2016",
    "et": "NewZealandRabbit",
    "off": 5324,
    "sff": "new"
  },
  {
    "docID": "N124 Yuan, Jin et al. 2016",
    "et": "MouseModel",
    "off": 38505,
    "sff": "mouse"
  },
  {
    "docID": "N124 Yuan, Jin et al. 2016",
    "et": "MouseModel",
    "off": 7974,
    "sff": "Mouse"
  },
  {
    "docID": "N124 Yuan, Jin et al. 2016",
    "et": "RatSpecies",
    "off": 39587,
    "sff": "rat"
  },
  {
    "docID": "N124 Yuan, Jin et al. 2016",
    "et": "RatSpecies",
    "off": 40227,
    "sff": "rat"
  },
  {
    "docID": "N124 Yuan, Jin et al. 2016",
    "et": "RatSpecies",
    "off": 45730,
    "sff": "rat"
  },
  {
    "docID": "N124 Yuan, Jin et al. 2016",
    "et": "RatSpecies",
    "off": 22727,
    "sff": "rat"
  },
  {
    "docID": "N124 Yuan, Jin et al. 2016",
    "et": "RatSpecies",
    "off": 38855,
    "sff": "rat"
  },
  {
    "docID": "N124 Yuan, Jin et al. 2016",
    "et": "RatSpecies",
    "off": 39799,
    "sff": "rat"
  },
  {
    "docID": "N124 Yuan, Jin et al. 2016",
    "et": "RatSpecies",
    "off": 45389,
    "sff": "rat"
  },
  {
    "docID": "N124 Yuan, Jin et al. 2016",
    "et": "RatSpecies",
    "off": 9195,
    "sff": "rat"
  },
  {
    "docID": "N124 Yuan, Jin et al. 2016",
    "et": "RatSpecies",
    "off": 39358,
    "sff": "rat"
  },
  {
    "docID": "N124 Yuan, Jin et al. 2016",
    "et": "MouseSpecies",
    "off": 38505,
    "sff": "mouse"
  },
  {
    "docID": "N124 Yuan, Jin et al. 2016",
    "et": "MouseSpecies",
    "off": 7974,
    "sff": "Mouse"
  },
  {
    "docID": "N124 Yuan, Jin et al. 2016",
    "et": "FischerRat",
    "off": 12484,
    "sff": "Fischer"
  },
  {
    "docID": "N124 Yuan, Jin et al. 2016",
    "et": "FischerRat",
    "off": 44164,
    "sff": "Fischer"
  },
  {
    "docID": "N124 Yuan, Jin et al. 2016",
    "et": "FischerRat",
    "off": 41635,
    "sff": "Fischer"
  },
  {
    "docID": "N124 Yuan, Jin et al. 2016",
    "et": "FischerRat",
    "off": 40721,
    "sff": "Fischer"
  },
  {
    "docID": "N124 Yuan, Jin et al. 2016",
    "et": "FischerRat",
    "off": 42008,
    "sff": "Fischer"
  },
  {
    "docID": "N124 Yuan, Jin et al. 2016",
    "et": "FischerRat",
    "off": 41834,
    "sff": "Fischer"
  },
  {
    "docID": "N124 Yuan, Jin et al. 2016",
    "et": "FischerRat",
    "off": 41049,
    "sff": "Fischer"
  },
  {
    "docID": "N124 Yuan, Jin et al. 2016",
    "et": "Adult",
    "off": 25874,
    "sff": "adult"
  },
  {
    "docID": "N124 Yuan, Jin et al. 2016",
    "et": "Adult",
    "off": 38704,
    "sff": "adult"
  },
  {
    "docID": "N124 Yuan, Jin et al. 2016",
    "et": "Adult",
    "off": 22599,
    "sff": "adult"
  },
  {
    "docID": "N124 Yuan, Jin et al. 2016",
    "et": "Adult",
    "off": 24950,
    "sff": "adult"
  },
  {
    "docID": "N124 Yuan, Jin et al. 2016",
    "et": "Adult",
    "off": 25046,
    "sff": "adult"
  },
  {
    "docID": "N124 Yuan, Jin et al. 2016",
    "et": "Adult",
    "off": 40629,
    "sff": "adult"
  },
  {
    "docID": "N124 Yuan, Jin et al. 2016",
    "et": "Adult",
    "off": 1258,
    "sff": "adult"
  },
  {
    "docID": "N124 Yuan, Jin et al. 2016",
    "et": "Adult",
    "off": 41177,
    "sff": "adult"
  },
  {
    "docID": "N124 Yuan, Jin et al. 2016",
    "et": "Adult",
    "off": 39352,
    "sff": "adult"
  },
  {
    "docID": "N124 Yuan, Jin et al. 2016",
    "et": "Adult",
    "off": 31774,
    "sff": "adult"
  },
  {
    "docID": "N124 Yuan, Jin et al. 2016",
    "et": "Adult",
    "off": 39581,
    "sff": "adult"
  },
  {
    "docID": "N124 Yuan, Jin et al. 2016",
    "et": "Adult",
    "off": 40221,
    "sff": "adult"
  },
  {
    "docID": "N124 Yuan, Jin et al. 2016",
    "et": "LongEvansRat",
    "off": 3122,
    "sff": "long"
  },
  {
    "docID": "N124 Yuan, Jin et al. 2016",
    "et": "LongEvansRat",
    "off": 33056,
    "sff": "long"
  },
  {
    "docID": "N124 Yuan, Jin et al. 2016",
    "et": "Age",
    "off": 5950,
    "sff": "10 days"
  },
  {
    "docID": "N124 Yuan, Jin et al. 2016",
    "et": "Age",
    "off": 11934,
    "sff": "4 weeks"
  },
  {
    "docID": "N124 Yuan, Jin et al. 2016",
    "et": "Age",
    "off": 27686,
    "sff": "four weeks"
  },
  {
    "docID": "N124 Yuan, Jin et al. 2016",
    "et": "Age",
    "off": 31654,
    "sff": "four weeks"
  },
  {
    "docID": "N124 Yuan, Jin et al. 2016",
    "et": "Age",
    "off": 10277,
    "sff": "3 weeks"
  },
  {
    "docID": "N124 Yuan, Jin et al. 2016",
    "et": "Age",
    "off": 33468,
    "sff": "four weeks"
  },
  {
    "docID": "N124 Yuan, Jin et al. 2016",
    "et": "Age",
    "off": 19194,
    "sff": "1 day"
  },
  {
    "docID": "N124 Yuan, Jin et al. 2016",
    "et": "Age",
    "off": 20698,
    "sff": "3d"
  },
  {
    "docID": "N124 Yuan, Jin et al. 2016",
    "et": "Age",
    "off": 10211,
    "sff": "two days"
  },
  {
    "docID": "N124 Yuan, Jin et al. 2016",
    "et": "Age",
    "off": 26033,
    "sff": "4 weeks"
  },
  {
    "docID": "N124 Yuan, Jin et al. 2016",
    "et": "Age",
    "off": 16097,
    "sff": "1d"
  },
  {
    "docID": "N124 Yuan, Jin et al. 2016",
    "et": "Age",
    "off": 22938,
    "sff": "4 weeks"
  },
  {
    "docID": "N124 Yuan, Jin et al. 2016",
    "et": "Age",
    "off": 10675,
    "sff": "3 days"
  },
  {
    "docID": "N124 Yuan, Jin et al. 2016",
    "et": "Age",
    "off": 6669,
    "sff": "1 day"
  },
  {
    "docID": "N124 Yuan, Jin et al. 2016",
    "et": "Age",
    "off": 12409,
    "sff": "3 days"
  }
]
