[
  {
    "docID": "N127 Bowes, Massey et al. 2012",
    "et": "NewZealandRabbit",
    "off": 4818,
    "sff": "new"
  },
  {
    "docID": "N127 Bowes, Massey et al. 2012",
    "et": "NewZealandRabbit",
    "off": 17574,
    "sff": "new"
  },
  {
    "docID": "N127 Bowes, Massey et al. 2012",
    "et": "NewZealandRabbit",
    "off": 21414,
    "sff": "new"
  },
  {
    "docID": "N127 Bowes, Massey et al. 2012",
    "et": "RabbitSpecies",
    "off": 27950,
    "sff": "rabbit"
  },
  {
    "docID": "N127 Bowes, Massey et al. 2012",
    "et": "Mixed",
    "off": 13289,
    "sff": "mixed"
  },
  {
    "docID": "N127 Bowes, Massey et al. 2012",
    "et": "RabbitModel",
    "off": 27950,
    "sff": "rabbit"
  },
  {
    "docID": "N127 Bowes, Massey et al. 2012",
    "et": "Male",
    "off": 21807,
    "sff": "male"
  },
  {
    "docID": "N127 Bowes, Massey et al. 2012",
    "et": "Adult",
    "off": 21801,
    "sff": "adult"
  },
  {
    "docID": "N127 Bowes, Massey et al. 2012",
    "et": "Adult",
    "off": 4864,
    "sff": "matures"
  },
  {
    "docID": "N127 Bowes, Massey et al. 2012",
    "et": "MonkeyModel",
    "off": 22091,
    "sff": "monkey"
  },
  {
    "docID": "N127 Bowes, Massey et al. 2012",
    "et": "MonkeyModel",
    "off": 23675,
    "sff": "monkey"
  },
  {
    "docID": "N127 Bowes, Massey et al. 2012",
    "et": "MonkeyModel",
    "off": 24603,
    "sff": "monkey"
  },
  {
    "docID": "N127 Bowes, Massey et al. 2012",
    "et": "MonkeyModel",
    "off": 13252,
    "sff": "monkey"
  },
  {
    "docID": "N127 Bowes, Massey et al. 2012",
    "et": "MonkeyModel",
    "off": 7779,
    "sff": "monkey"
  },
  {
    "docID": "N127 Bowes, Massey et al. 2012",
    "et": "MonkeyModel",
    "off": 6854,
    "sff": "monkey"
  },
  {
    "docID": "N127 Bowes, Massey et al. 2012",
    "et": "MonkeyModel",
    "off": 22262,
    "sff": "monkey"
  },
  {
    "docID": "N127 Bowes, Massey et al. 2012",
    "et": "MonkeyModel",
    "off": 24661,
    "sff": "monkey"
  },
  {
    "docID": "N127 Bowes, Massey et al. 2012",
    "et": "MonkeyModel",
    "off": 22017,
    "sff": "monkey"
  },
  {
    "docID": "N127 Bowes, Massey et al. 2012",
    "et": "MonkeySpecies",
    "off": 22091,
    "sff": "monkey"
  },
  {
    "docID": "N127 Bowes, Massey et al. 2012",
    "et": "MonkeySpecies",
    "off": 23675,
    "sff": "monkey"
  },
  {
    "docID": "N127 Bowes, Massey et al. 2012",
    "et": "MonkeySpecies",
    "off": 24603,
    "sff": "monkey"
  },
  {
    "docID": "N127 Bowes, Massey et al. 2012",
    "et": "MonkeySpecies",
    "off": 22017,
    "sff": "monkey"
  },
  {
    "docID": "N127 Bowes, Massey et al. 2012",
    "et": "MonkeySpecies",
    "off": 7779,
    "sff": "monkey"
  },
  {
    "docID": "N127 Bowes, Massey et al. 2012",
    "et": "MonkeySpecies",
    "off": 24661,
    "sff": "monkey"
  },
  {
    "docID": "N127 Bowes, Massey et al. 2012",
    "et": "MonkeySpecies",
    "off": 13252,
    "sff": "monkey"
  },
  {
    "docID": "N127 Bowes, Massey et al. 2012",
    "et": "MonkeySpecies",
    "off": 6854,
    "sff": "monkey"
  },
  {
    "docID": "N127 Bowes, Massey et al. 2012",
    "et": "MonkeySpecies",
    "off": 22262,
    "sff": "monkey"
  },
  {
    "docID": "N127 Bowes, Massey et al. 2012",
    "et": "Age",
    "off": 23570,
    "sff": "Eleven to twelve weeks"
  },
  {
    "docID": "N127 Bowes, Massey et al. 2012",
    "et": "Age",
    "off": 5756,
    "sff": "2D"
  },
  {
    "docID": "N127 Bowes, Massey et al. 2012",
    "et": "Age",
    "off": 23533,
    "sff": "3 d"
  },
  {
    "docID": "N127 Bowes, Massey et al. 2012",
    "et": "Age",
    "off": 23633,
    "sff": "4–7 d"
  }
]
