[
  {
    "docID": "N128 Hwang, Kim et al. 2011",
    "et": "Weight",
    "off": 6864,
    "sff": "180-200 g"
  },
  {
    "docID": "N128 Hwang, Kim et al. 2011",
    "et": "Weight",
    "off": 10296,
    "sff": "10 g"
  },
  {
    "docID": "N128 Hwang, Kim et al. 2011",
    "et": "CD1_Mouse",
    "off": 64393,
    "sff": "CDP"
  },
  {
    "docID": "N128 Hwang, Kim et al. 2011",
    "et": "GuineaPigSpecies",
    "off": 68982,
    "sff": "pig"
  },
  {
    "docID": "N128 Hwang, Kim et al. 2011",
    "et": "RatModel",
    "off": 71314,
    "sff": "rat"
  },
  {
    "docID": "N128 Hwang, Kim et al. 2011",
    "et": "RatModel",
    "off": 79379,
    "sff": "rat"
  },
  {
    "docID": "N128 Hwang, Kim et al. 2011",
    "et": "RatModel",
    "off": 67152,
    "sff": "rat"
  },
  {
    "docID": "N128 Hwang, Kim et al. 2011",
    "et": "RatModel",
    "off": 69462,
    "sff": "rat"
  },
  {
    "docID": "N128 Hwang, Kim et al. 2011",
    "et": "RatModel",
    "off": 66583,
    "sff": "rat"
  },
  {
    "docID": "N128 Hwang, Kim et al. 2011",
    "et": "RatModel",
    "off": 88597,
    "sff": "rat"
  },
  {
    "docID": "N128 Hwang, Kim et al. 2011",
    "et": "RatModel",
    "off": 68634,
    "sff": "rat"
  },
  {
    "docID": "N128 Hwang, Kim et al. 2011",
    "et": "RatModel",
    "off": 81626,
    "sff": "rat"
  },
  {
    "docID": "N128 Hwang, Kim et al. 2011",
    "et": "RatModel",
    "off": 69275,
    "sff": "rat"
  },
  {
    "docID": "N128 Hwang, Kim et al. 2011",
    "et": "RatModel",
    "off": 77336,
    "sff": "rat"
  },
  {
    "docID": "N128 Hwang, Kim et al. 2011",
    "et": "RatModel",
    "off": 88408,
    "sff": "rat"
  },
  {
    "docID": "N128 Hwang, Kim et al. 2011",
    "et": "RatModel",
    "off": 68383,
    "sff": "rat"
  },
  {
    "docID": "N128 Hwang, Kim et al. 2011",
    "et": "RatModel",
    "off": 81951,
    "sff": "rat"
  },
  {
    "docID": "N128 Hwang, Kim et al. 2011",
    "et": "RatModel",
    "off": 82143,
    "sff": "rat"
  },
  {
    "docID": "N128 Hwang, Kim et al. 2011",
    "et": "RatModel",
    "off": 68835,
    "sff": "rat"
  },
  {
    "docID": "N128 Hwang, Kim et al. 2011",
    "et": "RatModel",
    "off": 54694,
    "sff": "rat"
  },
  {
    "docID": "N128 Hwang, Kim et al. 2011",
    "et": "RatModel",
    "off": 612,
    "sff": "rat"
  },
  {
    "docID": "N128 Hwang, Kim et al. 2011",
    "et": "RatModel",
    "off": 75428,
    "sff": "rat"
  },
  {
    "docID": "N128 Hwang, Kim et al. 2011",
    "et": "RatModel",
    "off": 84523,
    "sff": "rat"
  },
  {
    "docID": "N128 Hwang, Kim et al. 2011",
    "et": "RatModel",
    "off": 85230,
    "sff": "rat"
  },
  {
    "docID": "N128 Hwang, Kim et al. 2011",
    "et": "RatModel",
    "off": 67308,
    "sff": "rat"
  },
  {
    "docID": "N128 Hwang, Kim et al. 2011",
    "et": "RatModel",
    "off": 77037,
    "sff": "rat"
  },
  {
    "docID": "N128 Hwang, Kim et al. 2011",
    "et": "RatModel",
    "off": 79155,
    "sff": "rat"
  },
  {
    "docID": "N128 Hwang, Kim et al. 2011",
    "et": "RatModel",
    "off": 87795,
    "sff": "rat"
  },
  {
    "docID": "N128 Hwang, Kim et al. 2011",
    "et": "RatModel",
    "off": 13426,
    "sff": "rat"
  },
  {
    "docID": "N128 Hwang, Kim et al. 2011",
    "et": "RatModel",
    "off": 68022,
    "sff": "rat"
  },
  {
    "docID": "N128 Hwang, Kim et al. 2011",
    "et": "RatModel",
    "off": 69046,
    "sff": "rat"
  },
  {
    "docID": "N128 Hwang, Kim et al. 2011",
    "et": "RatModel",
    "off": 66868,
    "sff": "rat"
  },
  {
    "docID": "N128 Hwang, Kim et al. 2011",
    "et": "RatModel",
    "off": 30585,
    "sff": "rat"
  },
  {
    "docID": "N128 Hwang, Kim et al. 2011",
    "et": "RatModel",
    "off": 3837,
    "sff": "rat"
  },
  {
    "docID": "N128 Hwang, Kim et al. 2011",
    "et": "RatModel",
    "off": 17789,
    "sff": "rat"
  },
  {
    "docID": "N128 Hwang, Kim et al. 2011",
    "et": "NewZealandRabbit",
    "off": 9275,
    "sff": "new"
  },
  {
    "docID": "N128 Hwang, Kim et al. 2011",
    "et": "NewZealandRabbit",
    "off": 10206,
    "sff": "New"
  },
  {
    "docID": "N128 Hwang, Kim et al. 2011",
    "et": "NewZealandRabbit",
    "off": 50523,
    "sff": "new"
  },
  {
    "docID": "N128 Hwang, Kim et al. 2011",
    "et": "NewZealandRabbit",
    "off": 87975,
    "sff": "new"
  },
  {
    "docID": "N128 Hwang, Kim et al. 2011",
    "et": "NewZealandRabbit",
    "off": 9478,
    "sff": "new"
  },
  {
    "docID": "N128 Hwang, Kim et al. 2011",
    "et": "NewZealandRabbit",
    "off": 64196,
    "sff": "New"
  },
  {
    "docID": "N128 Hwang, Kim et al. 2011",
    "et": "NewZealandRabbit",
    "off": 10726,
    "sff": "New"
  },
  {
    "docID": "N128 Hwang, Kim et al. 2011",
    "et": "NewZealandRabbit",
    "off": 53763,
    "sff": "new"
  },
  {
    "docID": "N128 Hwang, Kim et al. 2011",
    "et": "NewZealandRabbit",
    "off": 81186,
    "sff": "new"
  },
  {
    "docID": "N128 Hwang, Kim et al. 2011",
    "et": "NewZealandRabbit",
    "off": 54313,
    "sff": "new"
  },
  {
    "docID": "N128 Hwang, Kim et al. 2011",
    "et": "NewZealandRabbit",
    "off": 53391,
    "sff": "New"
  },
  {
    "docID": "N128 Hwang, Kim et al. 2011",
    "et": "NewZealandRabbit",
    "off": 81520,
    "sff": "New"
  },
  {
    "docID": "N128 Hwang, Kim et al. 2011",
    "et": "NewZealandRabbit",
    "off": 70357,
    "sff": "New"
  },
  {
    "docID": "N128 Hwang, Kim et al. 2011",
    "et": "NewZealandRabbit",
    "off": 53361,
    "sff": "new"
  },
  {
    "docID": "N128 Hwang, Kim et al. 2011",
    "et": "RabbitSpecies",
    "off": 18708,
    "sff": "Rabbit"
  },
  {
    "docID": "N128 Hwang, Kim et al. 2011",
    "et": "RabbitSpecies",
    "off": 18094,
    "sff": "rabbit"
  },
  {
    "docID": "N128 Hwang, Kim et al. 2011",
    "et": "Young",
    "off": 75357,
    "sff": "Young"
  },
  {
    "docID": "N128 Hwang, Kim et al. 2011",
    "et": "MouseModel",
    "off": 18276,
    "sff": "Mouse"
  },
  {
    "docID": "N128 Hwang, Kim et al. 2011",
    "et": "MouseModel",
    "off": 78515,
    "sff": "mouse"
  },
  {
    "docID": "N128 Hwang, Kim et al. 2011",
    "et": "MouseModel",
    "off": 77602,
    "sff": "mouse"
  },
  {
    "docID": "N128 Hwang, Kim et al. 2011",
    "et": "MouseModel",
    "off": 78279,
    "sff": "mouse"
  },
  {
    "docID": "N128 Hwang, Kim et al. 2011",
    "et": "MouseModel",
    "off": 18074,
    "sff": "mouse"
  },
  {
    "docID": "N128 Hwang, Kim et al. 2011",
    "et": "MouseModel",
    "off": 77387,
    "sff": "mouse"
  },
  {
    "docID": "N128 Hwang, Kim et al. 2011",
    "et": "RabbitModel",
    "off": 18708,
    "sff": "Rabbit"
  },
  {
    "docID": "N128 Hwang, Kim et al. 2011",
    "et": "RabbitModel",
    "off": 18094,
    "sff": "rabbit"
  },
  {
    "docID": "N128 Hwang, Kim et al. 2011",
    "et": "RatSpecies",
    "off": 13426,
    "sff": "rat"
  },
  {
    "docID": "N128 Hwang, Kim et al. 2011",
    "et": "RatSpecies",
    "off": 66868,
    "sff": "rat"
  },
  {
    "docID": "N128 Hwang, Kim et al. 2011",
    "et": "RatSpecies",
    "off": 79155,
    "sff": "rat"
  },
  {
    "docID": "N128 Hwang, Kim et al. 2011",
    "et": "RatSpecies",
    "off": 87795,
    "sff": "rat"
  },
  {
    "docID": "N128 Hwang, Kim et al. 2011",
    "et": "RatSpecies",
    "off": 68022,
    "sff": "rat"
  },
  {
    "docID": "N128 Hwang, Kim et al. 2011",
    "et": "RatSpecies",
    "off": 69046,
    "sff": "rat"
  },
  {
    "docID": "N128 Hwang, Kim et al. 2011",
    "et": "RatSpecies",
    "off": 612,
    "sff": "rat"
  },
  {
    "docID": "N128 Hwang, Kim et al. 2011",
    "et": "RatSpecies",
    "off": 30585,
    "sff": "rat"
  },
  {
    "docID": "N128 Hwang, Kim et al. 2011",
    "et": "RatSpecies",
    "off": 17789,
    "sff": "rat"
  },
  {
    "docID": "N128 Hwang, Kim et al. 2011",
    "et": "RatSpecies",
    "off": 68383,
    "sff": "rat"
  },
  {
    "docID": "N128 Hwang, Kim et al. 2011",
    "et": "RatSpecies",
    "off": 3837,
    "sff": "rat"
  },
  {
    "docID": "N128 Hwang, Kim et al. 2011",
    "et": "RatSpecies",
    "off": 81951,
    "sff": "rat"
  },
  {
    "docID": "N128 Hwang, Kim et al. 2011",
    "et": "RatSpecies",
    "off": 82143,
    "sff": "rat"
  },
  {
    "docID": "N128 Hwang, Kim et al. 2011",
    "et": "RatSpecies",
    "off": 68835,
    "sff": "rat"
  },
  {
    "docID": "N128 Hwang, Kim et al. 2011",
    "et": "RatSpecies",
    "off": 75428,
    "sff": "rat"
  },
  {
    "docID": "N128 Hwang, Kim et al. 2011",
    "et": "RatSpecies",
    "off": 54694,
    "sff": "rat"
  },
  {
    "docID": "N128 Hwang, Kim et al. 2011",
    "et": "RatSpecies",
    "off": 67308,
    "sff": "rat"
  },
  {
    "docID": "N128 Hwang, Kim et al. 2011",
    "et": "RatSpecies",
    "off": 84523,
    "sff": "rat"
  },
  {
    "docID": "N128 Hwang, Kim et al. 2011",
    "et": "RatSpecies",
    "off": 85230,
    "sff": "rat"
  },
  {
    "docID": "N128 Hwang, Kim et al. 2011",
    "et": "RatSpecies",
    "off": 77037,
    "sff": "rat"
  },
  {
    "docID": "N128 Hwang, Kim et al. 2011",
    "et": "RatSpecies",
    "off": 67152,
    "sff": "rat"
  },
  {
    "docID": "N128 Hwang, Kim et al. 2011",
    "et": "RatSpecies",
    "off": 71314,
    "sff": "rat"
  },
  {
    "docID": "N128 Hwang, Kim et al. 2011",
    "et": "RatSpecies",
    "off": 79379,
    "sff": "rat"
  },
  {
    "docID": "N128 Hwang, Kim et al. 2011",
    "et": "RatSpecies",
    "off": 69462,
    "sff": "rat"
  },
  {
    "docID": "N128 Hwang, Kim et al. 2011",
    "et": "RatSpecies",
    "off": 88597,
    "sff": "rat"
  },
  {
    "docID": "N128 Hwang, Kim et al. 2011",
    "et": "RatSpecies",
    "off": 66583,
    "sff": "rat"
  },
  {
    "docID": "N128 Hwang, Kim et al. 2011",
    "et": "RatSpecies",
    "off": 77336,
    "sff": "rat"
  },
  {
    "docID": "N128 Hwang, Kim et al. 2011",
    "et": "RatSpecies",
    "off": 88408,
    "sff": "rat"
  },
  {
    "docID": "N128 Hwang, Kim et al. 2011",
    "et": "RatSpecies",
    "off": 81626,
    "sff": "rat"
  },
  {
    "docID": "N128 Hwang, Kim et al. 2011",
    "et": "RatSpecies",
    "off": 68634,
    "sff": "rat"
  },
  {
    "docID": "N128 Hwang, Kim et al. 2011",
    "et": "RatSpecies",
    "off": 69275,
    "sff": "rat"
  },
  {
    "docID": "N128 Hwang, Kim et al. 2011",
    "et": "CD2_Mouse",
    "off": 64393,
    "sff": "CDP"
  },
  {
    "docID": "N128 Hwang, Kim et al. 2011",
    "et": "MouseSpecies",
    "off": 77387,
    "sff": "mouse"
  },
  {
    "docID": "N128 Hwang, Kim et al. 2011",
    "et": "MouseSpecies",
    "off": 18276,
    "sff": "Mouse"
  },
  {
    "docID": "N128 Hwang, Kim et al. 2011",
    "et": "MouseSpecies",
    "off": 18074,
    "sff": "mouse"
  },
  {
    "docID": "N128 Hwang, Kim et al. 2011",
    "et": "MouseSpecies",
    "off": 78279,
    "sff": "mouse"
  },
  {
    "docID": "N128 Hwang, Kim et al. 2011",
    "et": "MouseSpecies",
    "off": 78515,
    "sff": "mouse"
  },
  {
    "docID": "N128 Hwang, Kim et al. 2011",
    "et": "MouseSpecies",
    "off": 77602,
    "sff": "mouse"
  },
  {
    "docID": "N128 Hwang, Kim et al. 2011",
    "et": "FischerRat",
    "off": 8958,
    "sff": "Fischer"
  },
  {
    "docID": "N128 Hwang, Kim et al. 2011",
    "et": "FischerRat",
    "off": 6882,
    "sff": "Fischer"
  },
  {
    "docID": "N128 Hwang, Kim et al. 2011",
    "et": "FischerRat",
    "off": 8170,
    "sff": "Fischer"
  },
  {
    "docID": "N128 Hwang, Kim et al. 2011",
    "et": "Adult",
    "off": 8157,
    "sff": "adult"
  },
  {
    "docID": "N128 Hwang, Kim et al. 2011",
    "et": "Adult",
    "off": 80287,
    "sff": "adult"
  },
  {
    "docID": "N128 Hwang, Kim et al. 2011",
    "et": "Adult",
    "off": 82529,
    "sff": "adult"
  },
  {
    "docID": "N128 Hwang, Kim et al. 2011",
    "et": "Adult",
    "off": 67302,
    "sff": "adult"
  },
  {
    "docID": "N128 Hwang, Kim et al. 2011",
    "et": "Adult",
    "off": 5350,
    "sff": "adult"
  },
  {
    "docID": "N128 Hwang, Kim et al. 2011",
    "et": "Adult",
    "off": 76645,
    "sff": "adult"
  },
  {
    "docID": "N128 Hwang, Kim et al. 2011",
    "et": "Adult",
    "off": 84517,
    "sff": "adult"
  },
  {
    "docID": "N128 Hwang, Kim et al. 2011",
    "et": "Adult",
    "off": 70252,
    "sff": "adult"
  },
  {
    "docID": "N128 Hwang, Kim et al. 2011",
    "et": "Adult",
    "off": 79373,
    "sff": "adult"
  },
  {
    "docID": "N128 Hwang, Kim et al. 2011",
    "et": "Adult",
    "off": 69456,
    "sff": "adult"
  },
  {
    "docID": "N128 Hwang, Kim et al. 2011",
    "et": "Adult",
    "off": 73298,
    "sff": "adult"
  },
  {
    "docID": "N128 Hwang, Kim et al. 2011",
    "et": "Adult",
    "off": 88402,
    "sff": "adult"
  },
  {
    "docID": "N128 Hwang, Kim et al. 2011",
    "et": "Adult",
    "off": 6857,
    "sff": "Adult"
  },
  {
    "docID": "N128 Hwang, Kim et al. 2011",
    "et": "Adult",
    "off": 71505,
    "sff": "adult"
  },
  {
    "docID": "N128 Hwang, Kim et al. 2011",
    "et": "Adult",
    "off": 68628,
    "sff": "adult"
  },
  {
    "docID": "N128 Hwang, Kim et al. 2011",
    "et": "Adult",
    "off": 69269,
    "sff": "adult"
  },
  {
    "docID": "N128 Hwang, Kim et al. 2011",
    "et": "Adult",
    "off": 86168,
    "sff": "adult"
  },
  {
    "docID": "N128 Hwang, Kim et al. 2011",
    "et": "Adult",
    "off": 73497,
    "sff": "adult"
  },
  {
    "docID": "N128 Hwang, Kim et al. 2011",
    "et": "Adult",
    "off": 77596,
    "sff": "adult"
  },
  {
    "docID": "N128 Hwang, Kim et al. 2011",
    "et": "Adult",
    "off": 69629,
    "sff": "adult"
  },
  {
    "docID": "N128 Hwang, Kim et al. 2011",
    "et": "Adult",
    "off": 511,
    "sff": "adult"
  },
  {
    "docID": "N128 Hwang, Kim et al. 2011",
    "et": "Adult",
    "off": 77954,
    "sff": "adult"
  },
  {
    "docID": "N128 Hwang, Kim et al. 2011",
    "et": "Adult",
    "off": 80962,
    "sff": "adult"
  },
  {
    "docID": "N128 Hwang, Kim et al. 2011",
    "et": "Adult",
    "off": 83910,
    "sff": "adult"
  },
  {
    "docID": "N128 Hwang, Kim et al. 2011",
    "et": "Adult",
    "off": 51461,
    "sff": "adult"
  },
  {
    "docID": "N128 Hwang, Kim et al. 2011",
    "et": "Adult",
    "off": 72584,
    "sff": "adult"
  },
  {
    "docID": "N128 Hwang, Kim et al. 2011",
    "et": "Adult",
    "off": 81224,
    "sff": "adult"
  },
  {
    "docID": "N128 Hwang, Kim et al. 2011",
    "et": "Adult",
    "off": 53767,
    "sff": "adult"
  },
  {
    "docID": "N128 Hwang, Kim et al. 2011",
    "et": "Adult",
    "off": 67146,
    "sff": "adult"
  },
  {
    "docID": "N128 Hwang, Kim et al. 2011",
    "et": "Adult",
    "off": 73428,
    "sff": "Adult"
  },
  {
    "docID": "N128 Hwang, Kim et al. 2011",
    "et": "Adult",
    "off": 71308,
    "sff": "adult"
  },
  {
    "docID": "N128 Hwang, Kim et al. 2011",
    "et": "Adult",
    "off": 3328,
    "sff": "adults"
  },
  {
    "docID": "N128 Hwang, Kim et al. 2011",
    "et": "Adult",
    "off": 66862,
    "sff": "adult"
  },
  {
    "docID": "N128 Hwang, Kim et al. 2011",
    "et": "Adult",
    "off": 79149,
    "sff": "adult"
  },
  {
    "docID": "N128 Hwang, Kim et al. 2011",
    "et": "Adult",
    "off": 78895,
    "sff": "adult"
  },
  {
    "docID": "N128 Hwang, Kim et al. 2011",
    "et": "Adult",
    "off": 8945,
    "sff": "adult"
  },
  {
    "docID": "N128 Hwang, Kim et al. 2011",
    "et": "Adult",
    "off": 11509,
    "sff": "adult"
  },
  {
    "docID": "N128 Hwang, Kim et al. 2011",
    "et": "Adult",
    "off": 3831,
    "sff": "adult"
  },
  {
    "docID": "N128 Hwang, Kim et al. 2011",
    "et": "Adult",
    "off": 4348,
    "sff": "adult"
  },
  {
    "docID": "N128 Hwang, Kim et al. 2011",
    "et": "LongEvansRat",
    "off": 7598,
    "sff": "long"
  },
  {
    "docID": "N128 Hwang, Kim et al. 2011",
    "et": "LongEvansRat",
    "off": 7341,
    "sff": "long"
  },
  {
    "docID": "N128 Hwang, Kim et al. 2011",
    "et": "LongEvansRat",
    "off": 1961,
    "sff": "long"
  },
  {
    "docID": "N128 Hwang, Kim et al. 2011",
    "et": "LongEvansRat",
    "off": 7401,
    "sff": "long"
  },
  {
    "docID": "N128 Hwang, Kim et al. 2011",
    "et": "LongEvansRat",
    "off": 7529,
    "sff": "long"
  },
  {
    "docID": "N128 Hwang, Kim et al. 2011",
    "et": "LongEvansRat",
    "off": 42966,
    "sff": "long"
  },
  {
    "docID": "N128 Hwang, Kim et al. 2011",
    "et": "LongEvansRat",
    "off": 7973,
    "sff": "long"
  },
  {
    "docID": "N128 Hwang, Kim et al. 2011",
    "et": "LongEvansRat",
    "off": 13557,
    "sff": "long"
  },
  {
    "docID": "N128 Hwang, Kim et al. 2011",
    "et": "MonkeyModel",
    "off": 66761,
    "sff": "monkey"
  },
  {
    "docID": "N128 Hwang, Kim et al. 2011",
    "et": "Female",
    "off": 8163,
    "sff": "female"
  },
  {
    "docID": "N128 Hwang, Kim et al. 2011",
    "et": "Female",
    "off": 8951,
    "sff": "female"
  },
  {
    "docID": "N128 Hwang, Kim et al. 2011",
    "et": "Female",
    "off": 6875,
    "sff": "female"
  },
  {
    "docID": "N128 Hwang, Kim et al. 2011",
    "et": "Female",
    "off": 11515,
    "sff": "female"
  },
  {
    "docID": "N128 Hwang, Kim et al. 2011",
    "et": "MonkeySpecies",
    "off": 66761,
    "sff": "monkey"
  },
  {
    "docID": "N128 Hwang, Kim et al. 2011",
    "et": "Age",
    "off": 7653,
    "sff": "2 weeks"
  },
  {
    "docID": "N128 Hwang, Kim et al. 2011",
    "et": "Age",
    "off": 25062,
    "sff": "2 weeks"
  },
  {
    "docID": "N128 Hwang, Kim et al. 2011",
    "et": "Age",
    "off": 50794,
    "sff": "4 months"
  },
  {
    "docID": "N128 Hwang, Kim et al. 2011",
    "et": "Age",
    "off": 62000,
    "sff": "14 days"
  },
  {
    "docID": "N128 Hwang, Kim et al. 2011",
    "et": "Age",
    "off": 42468,
    "sff": "2 weeks"
  },
  {
    "docID": "N128 Hwang, Kim et al. 2011",
    "et": "Age",
    "off": 46444,
    "sff": "21 days"
  },
  {
    "docID": "N128 Hwang, Kim et al. 2011",
    "et": "Age",
    "off": 20325,
    "sff": "4 months"
  },
  {
    "docID": "N128 Hwang, Kim et al. 2011",
    "et": "Age",
    "off": 50152,
    "sff": "2 weeks"
  },
  {
    "docID": "N128 Hwang, Kim et al. 2011",
    "et": "Age",
    "off": 63058,
    "sff": "14 day"
  },
  {
    "docID": "N128 Hwang, Kim et al. 2011",
    "et": "Age",
    "off": 36200,
    "sff": "Four months"
  },
  {
    "docID": "N128 Hwang, Kim et al. 2011",
    "et": "Age",
    "off": 47967,
    "sff": "4 months"
  },
  {
    "docID": "N128 Hwang, Kim et al. 2011",
    "et": "Age",
    "off": 33625,
    "sff": "4 months"
  },
  {
    "docID": "N128 Hwang, Kim et al. 2011",
    "et": "Age",
    "off": 30694,
    "sff": "6 weeks"
  },
  {
    "docID": "N128 Hwang, Kim et al. 2011",
    "et": "Age",
    "off": 38997,
    "sff": "4 months"
  },
  {
    "docID": "N128 Hwang, Kim et al. 2011",
    "et": "Age",
    "off": 49237,
    "sff": "4 months"
  },
  {
    "docID": "N128 Hwang, Kim et al. 2011",
    "et": "Age",
    "off": 57582,
    "sff": "2 weeks"
  },
  {
    "docID": "N128 Hwang, Kim et al. 2011",
    "et": "Age",
    "off": 542,
    "sff": "14 days"
  },
  {
    "docID": "N128 Hwang, Kim et al. 2011",
    "et": "Age",
    "off": 23536,
    "sff": "2 weeks"
  },
  {
    "docID": "N128 Hwang, Kim et al. 2011",
    "et": "Age",
    "off": 33905,
    "sff": "2 week"
  },
  {
    "docID": "N128 Hwang, Kim et al. 2011",
    "et": "Age",
    "off": 63518,
    "sff": "14 days"
  },
  {
    "docID": "N128 Hwang, Kim et al. 2011",
    "et": "Age",
    "off": 14277,
    "sff": "2 weeks"
  },
  {
    "docID": "N128 Hwang, Kim et al. 2011",
    "et": "Age",
    "off": 20194,
    "sff": "4 month"
  },
  {
    "docID": "N128 Hwang, Kim et al. 2011",
    "et": "Age",
    "off": 63308,
    "sff": "4 months"
  },
  {
    "docID": "N128 Hwang, Kim et al. 2011",
    "et": "Age",
    "off": 35516,
    "sff": "2 weeks"
  },
  {
    "docID": "N128 Hwang, Kim et al. 2011",
    "et": "Age",
    "off": 11457,
    "sff": "2 weeks"
  },
  {
    "docID": "N128 Hwang, Kim et al. 2011",
    "et": "Age",
    "off": 7871,
    "sff": "2 weeks"
  },
  {
    "docID": "N128 Hwang, Kim et al. 2011",
    "et": "Age",
    "off": 46389,
    "sff": "One week"
  },
  {
    "docID": "N128 Hwang, Kim et al. 2011",
    "et": "Age",
    "off": 46553,
    "sff": "2 weeks"
  },
  {
    "docID": "N128 Hwang, Kim et al. 2011",
    "et": "Age",
    "off": 7384,
    "sff": "2 weeks"
  },
  {
    "docID": "N128 Hwang, Kim et al. 2011",
    "et": "Age",
    "off": 22831,
    "sff": "4 months"
  },
  {
    "docID": "N128 Hwang, Kim et al. 2011",
    "et": "Age",
    "off": 12588,
    "sff": "4 months"
  },
  {
    "docID": "N128 Hwang, Kim et al. 2011",
    "et": "Age",
    "off": 22819,
    "sff": "2 weeks"
  },
  {
    "docID": "N128 Hwang, Kim et al. 2011",
    "et": "Age",
    "off": 30750,
    "sff": "4 months"
  },
  {
    "docID": "N128 Hwang, Kim et al. 2011",
    "et": "Age",
    "off": 33916,
    "sff": "4 month"
  },
  {
    "docID": "N128 Hwang, Kim et al. 2011",
    "et": "Age",
    "off": 23071,
    "sff": "4 months"
  },
  {
    "docID": "N128 Hwang, Kim et al. 2011",
    "et": "Age",
    "off": 23836,
    "sff": "4 months"
  },
  {
    "docID": "N128 Hwang, Kim et al. 2011",
    "et": "Age",
    "off": 25877,
    "sff": "4 months"
  },
  {
    "docID": "N128 Hwang, Kim et al. 2011",
    "et": "Age",
    "off": 55204,
    "sff": "14 day"
  },
  {
    "docID": "N128 Hwang, Kim et al. 2011",
    "et": "Age",
    "off": 61870,
    "sff": "1 week"
  },
  {
    "docID": "N128 Hwang, Kim et al. 2011",
    "et": "Age",
    "off": 48143,
    "sff": "4 months"
  },
  {
    "docID": "N128 Hwang, Kim et al. 2011",
    "et": "Age",
    "off": 23689,
    "sff": "4 weeks"
  },
  {
    "docID": "N128 Hwang, Kim et al. 2011",
    "et": "Age",
    "off": 6420,
    "sff": "14 days"
  },
  {
    "docID": "N128 Hwang, Kim et al. 2011",
    "et": "Age",
    "off": 47609,
    "sff": "two weeks"
  },
  {
    "docID": "N128 Hwang, Kim et al. 2011",
    "et": "Age",
    "off": 8822,
    "sff": "one week"
  },
  {
    "docID": "N128 Hwang, Kim et al. 2011",
    "et": "Age",
    "off": 35842,
    "sff": "2 weeks"
  },
  {
    "docID": "N128 Hwang, Kim et al. 2011",
    "et": "Age",
    "off": 9365,
    "sff": "three weeks"
  },
  {
    "docID": "N128 Hwang, Kim et al. 2011",
    "et": "Age",
    "off": 33017,
    "sff": "4 months"
  },
  {
    "docID": "N128 Hwang, Kim et al. 2011",
    "et": "Age",
    "off": 23059,
    "sff": "2 weeks"
  },
  {
    "docID": "N128 Hwang, Kim et al. 2011",
    "et": "Age",
    "off": 11319,
    "sff": "two to three weeks"
  },
  {
    "docID": "N128 Hwang, Kim et al. 2011",
    "et": "Age",
    "off": 20183,
    "sff": "2 week"
  },
  {
    "docID": "N128 Hwang, Kim et al. 2011",
    "et": "Age",
    "off": 35096,
    "sff": "2 weeks"
  },
  {
    "docID": "N128 Hwang, Kim et al. 2011",
    "et": "Age",
    "off": 36888,
    "sff": "2 weeks"
  },
  {
    "docID": "N128 Hwang, Kim et al. 2011",
    "et": "Age",
    "off": 36856,
    "sff": "4 months"
  },
  {
    "docID": "N128 Hwang, Kim et al. 2011",
    "et": "Age",
    "off": 1018,
    "sff": "14 days"
  },
  {
    "docID": "N128 Hwang, Kim et al. 2011",
    "et": "Age",
    "off": 7411,
    "sff": "4 months"
  },
  {
    "docID": "N128 Hwang, Kim et al. 2011",
    "et": "Age",
    "off": 24594,
    "sff": "2 weeks"
  },
  {
    "docID": "N128 Hwang, Kim et al. 2011",
    "et": "Age",
    "off": 42480,
    "sff": "4 months"
  },
  {
    "docID": "N128 Hwang, Kim et al. 2011",
    "et": "Age",
    "off": 31844,
    "sff": "2 weeks"
  },
  {
    "docID": "N128 Hwang, Kim et al. 2011",
    "et": "Age",
    "off": 12540,
    "sff": "1 week"
  },
  {
    "docID": "N128 Hwang, Kim et al. 2011",
    "et": "Age",
    "off": 47212,
    "sff": "6 weeks"
  },
  {
    "docID": "N128 Hwang, Kim et al. 2011",
    "et": "Age",
    "off": 23645,
    "sff": "2 weeks"
  },
  {
    "docID": "N128 Hwang, Kim et al. 2011",
    "et": "Age",
    "off": 23137,
    "sff": "2 weeks"
  },
  {
    "docID": "N128 Hwang, Kim et al. 2011",
    "et": "Age",
    "off": 34911,
    "sff": "2 weeks"
  },
  {
    "docID": "N128 Hwang, Kim et al. 2011",
    "et": "Age",
    "off": 46162,
    "sff": "two weeks"
  },
  {
    "docID": "N128 Hwang, Kim et al. 2011",
    "et": "Age",
    "off": 47839,
    "sff": "4 months"
  },
  {
    "docID": "N128 Hwang, Kim et al. 2011",
    "et": "Age",
    "off": 38480,
    "sff": "4 month"
  },
  {
    "docID": "N128 Hwang, Kim et al. 2011",
    "et": "Age",
    "off": 27346,
    "sff": "4 months"
  },
  {
    "docID": "N128 Hwang, Kim et al. 2011",
    "et": "Age",
    "off": 23763,
    "sff": "4 months"
  },
  {
    "docID": "N128 Hwang, Kim et al. 2011",
    "et": "Age",
    "off": 33437,
    "sff": "1D"
  },
  {
    "docID": "N128 Hwang, Kim et al. 2011",
    "et": "Age",
    "off": 24020,
    "sff": "4 months"
  },
  {
    "docID": "N128 Hwang, Kim et al. 2011",
    "et": "Age",
    "off": 61578,
    "sff": "49 days"
  },
  {
    "docID": "N128 Hwang, Kim et al. 2011",
    "et": "Age",
    "off": 62687,
    "sff": "14 day"
  },
  {
    "docID": "N128 Hwang, Kim et al. 2011",
    "et": "Age",
    "off": 14288,
    "sff": "4 months"
  },
  {
    "docID": "N128 Hwang, Kim et al. 2011",
    "et": "Age",
    "off": 7882,
    "sff": "4 months"
  },
  {
    "docID": "N128 Hwang, Kim et al. 2011",
    "et": "Age",
    "off": 50117,
    "sff": "4 months"
  },
  {
    "docID": "N128 Hwang, Kim et al. 2011",
    "et": "Age",
    "off": 6284,
    "sff": "15 days"
  },
  {
    "docID": "N128 Hwang, Kim et al. 2011",
    "et": "Age",
    "off": 13027,
    "sff": "1 week"
  },
  {
    "docID": "N128 Hwang, Kim et al. 2011",
    "et": "Age",
    "off": 63296,
    "sff": "2 weeks"
  },
  {
    "docID": "N128 Hwang, Kim et al. 2011",
    "et": "Age",
    "off": 18015,
    "sff": "4 month"
  },
  {
    "docID": "N128 Hwang, Kim et al. 2011",
    "et": "Age",
    "off": 32627,
    "sff": "4 month"
  },
  {
    "docID": "N128 Hwang, Kim et al. 2011",
    "et": "Age",
    "off": 46126,
    "sff": "two weeks"
  },
  {
    "docID": "N128 Hwang, Kim et al. 2011",
    "et": "Age",
    "off": 7351,
    "sff": "4 months"
  },
  {
    "docID": "N128 Hwang, Kim et al. 2011",
    "et": "Age",
    "off": 7512,
    "sff": "2 weeks"
  },
  {
    "docID": "N128 Hwang, Kim et al. 2011",
    "et": "Age",
    "off": 7608,
    "sff": "4 months"
  },
  {
    "docID": "N128 Hwang, Kim et al. 2011",
    "et": "Age",
    "off": 13491,
    "sff": "4 months"
  },
  {
    "docID": "N128 Hwang, Kim et al. 2011",
    "et": "Age",
    "off": 47948,
    "sff": "2 weeks"
  },
  {
    "docID": "N128 Hwang, Kim et al. 2011",
    "et": "Age",
    "off": 1972,
    "sff": "4 months"
  },
  {
    "docID": "N128 Hwang, Kim et al. 2011",
    "et": "Age",
    "off": 23376,
    "sff": "2 weeks"
  },
  {
    "docID": "N128 Hwang, Kim et al. 2011",
    "et": "Age",
    "off": 13568,
    "sff": "4 month"
  },
  {
    "docID": "N128 Hwang, Kim et al. 2011",
    "et": "Age",
    "off": 23462,
    "sff": "2 weeks"
  },
  {
    "docID": "N128 Hwang, Kim et al. 2011",
    "et": "Age",
    "off": 50854,
    "sff": "2 weeks"
  },
  {
    "docID": "N128 Hwang, Kim et al. 2011",
    "et": "Age",
    "off": 34469,
    "sff": "4 months"
  },
  {
    "docID": "N128 Hwang, Kim et al. 2011",
    "et": "Age",
    "off": 46716,
    "sff": "Three weeks"
  },
  {
    "docID": "N128 Hwang, Kim et al. 2011",
    "et": "Age",
    "off": 19623,
    "sff": "4 months"
  },
  {
    "docID": "N128 Hwang, Kim et al. 2011",
    "et": "Age",
    "off": 7581,
    "sff": "2 weeks"
  },
  {
    "docID": "N128 Hwang, Kim et al. 2011",
    "et": "Age",
    "off": 7323,
    "sff": "2 weeks"
  },
  {
    "docID": "N128 Hwang, Kim et al. 2011",
    "et": "Age",
    "off": 20380,
    "sff": "2 weeks"
  },
  {
    "docID": "N128 Hwang, Kim et al. 2011",
    "et": "Age",
    "off": 1948,
    "sff": "2 weeks"
  },
  {
    "docID": "N128 Hwang, Kim et al. 2011",
    "et": "Age",
    "off": 30116,
    "sff": "4 months"
  },
  {
    "docID": "N128 Hwang, Kim et al. 2011",
    "et": "Age",
    "off": 28314,
    "sff": "4 months"
  },
  {
    "docID": "N128 Hwang, Kim et al. 2011",
    "et": "Age",
    "off": 5475,
    "sff": "14 days"
  },
  {
    "docID": "N128 Hwang, Kim et al. 2011",
    "et": "Age",
    "off": 61784,
    "sff": "14 days"
  },
  {
    "docID": "N128 Hwang, Kim et al. 2011",
    "et": "Age",
    "off": 12399,
    "sff": "3 weeks"
  },
  {
    "docID": "N128 Hwang, Kim et al. 2011",
    "et": "Age",
    "off": 47110,
    "sff": "one week"
  },
  {
    "docID": "N128 Hwang, Kim et al. 2011",
    "et": "Age",
    "off": 58398,
    "sff": "14 day"
  },
  {
    "docID": "N128 Hwang, Kim et al. 2011",
    "et": "Age",
    "off": 25007,
    "sff": "2 weeks"
  },
  {
    "docID": "N128 Hwang, Kim et al. 2011",
    "et": "Age",
    "off": 37002,
    "sff": "4 months"
  },
  {
    "docID": "N128 Hwang, Kim et al. 2011",
    "et": "Age",
    "off": 11253,
    "sff": "one week"
  },
  {
    "docID": "N128 Hwang, Kim et al. 2011",
    "et": "Age",
    "off": 28298,
    "sff": "2 weeks"
  },
  {
    "docID": "N128 Hwang, Kim et al. 2011",
    "et": "Age",
    "off": 37765,
    "sff": "4 months"
  },
  {
    "docID": "N128 Hwang, Kim et al. 2011",
    "et": "Age",
    "off": 37511,
    "sff": "2 weeks"
  },
  {
    "docID": "N128 Hwang, Kim et al. 2011",
    "et": "Age",
    "off": 57711,
    "sff": "7 days"
  },
  {
    "docID": "N128 Hwang, Kim et al. 2011",
    "et": "Age",
    "off": 36990,
    "sff": "2 weeks"
  },
  {
    "docID": "N128 Hwang, Kim et al. 2011",
    "et": "Age",
    "off": 29069,
    "sff": "14 days"
  },
  {
    "docID": "N128 Hwang, Kim et al. 2011",
    "et": "Age",
    "off": 894,
    "sff": "4 months"
  },
  {
    "docID": "N128 Hwang, Kim et al. 2011",
    "et": "Age",
    "off": 23571,
    "sff": "4 weeks"
  },
  {
    "docID": "N128 Hwang, Kim et al. 2011",
    "et": "Age",
    "off": 24076,
    "sff": "14 day"
  },
  {
    "docID": "N128 Hwang, Kim et al. 2011",
    "et": "Age",
    "off": 18005,
    "sff": "2 week"
  },
  {
    "docID": "N128 Hwang, Kim et al. 2011",
    "et": "Age",
    "off": 47223,
    "sff": "4 months"
  },
  {
    "docID": "N128 Hwang, Kim et al. 2011",
    "et": "Age",
    "off": 13462,
    "sff": "Ten days"
  },
  {
    "docID": "N128 Hwang, Kim et al. 2011",
    "et": "Age",
    "off": 7539,
    "sff": "4 months"
  },
  {
    "docID": "N128 Hwang, Kim et al. 2011",
    "et": "Age",
    "off": 23149,
    "sff": "4 months"
  },
  {
    "docID": "N128 Hwang, Kim et al. 2011",
    "et": "Age",
    "off": 32023,
    "sff": "Two weeks"
  }
]
