[
  {
    "docID": "N130 Barbour 2013",
    "et": "Weight",
    "off": 10282,
    "sff": "10 g"
  },
  {
    "docID": "N130 Barbour 2013",
    "et": "Weight",
    "off": 6857,
    "sff": "180-200 g"
  },
  {
    "docID": "N130 Barbour 2013",
    "et": "CD1_Mouse",
    "off": 64285,
    "sff": "CDP"
  },
  {
    "docID": "N130 Barbour 2013",
    "et": "GuineaPigSpecies",
    "off": 68839,
    "sff": "pig"
  },
  {
    "docID": "N130 Barbour 2013",
    "et": "RatModel",
    "off": 3834,
    "sff": "rat"
  },
  {
    "docID": "N130 Barbour 2013",
    "et": "RatModel",
    "off": 84925,
    "sff": "rat"
  },
  {
    "docID": "N130 Barbour 2013",
    "et": "RatModel",
    "off": 78908,
    "sff": "rat"
  },
  {
    "docID": "N130 Barbour 2013",
    "et": "RatModel",
    "off": 66743,
    "sff": "rat"
  },
  {
    "docID": "N130 Barbour 2013",
    "et": "RatModel",
    "off": 77109,
    "sff": "rat"
  },
  {
    "docID": "N130 Barbour 2013",
    "et": "RatModel",
    "off": 67179,
    "sff": "rat"
  },
  {
    "docID": "N130 Barbour 2013",
    "et": "RatModel",
    "off": 87466,
    "sff": "rat"
  },
  {
    "docID": "N130 Barbour 2013",
    "et": "RatModel",
    "off": 67887,
    "sff": "rat"
  },
  {
    "docID": "N130 Barbour 2013",
    "et": "RatModel",
    "off": 71149,
    "sff": "rat"
  },
  {
    "docID": "N130 Barbour 2013",
    "et": "RatModel",
    "off": 17762,
    "sff": "rat"
  },
  {
    "docID": "N130 Barbour 2013",
    "et": "RatModel",
    "off": 609,
    "sff": "rat"
  },
  {
    "docID": "N130 Barbour 2013",
    "et": "RatModel",
    "off": 68903,
    "sff": "rat"
  },
  {
    "docID": "N130 Barbour 2013",
    "et": "RatModel",
    "off": 79130,
    "sff": "rat"
  },
  {
    "docID": "N130 Barbour 2013",
    "et": "RatModel",
    "off": 13407,
    "sff": "rat"
  },
  {
    "docID": "N130 Barbour 2013",
    "et": "RatModel",
    "off": 66462,
    "sff": "rat"
  },
  {
    "docID": "N130 Barbour 2013",
    "et": "RatModel",
    "off": 30546,
    "sff": "rat"
  },
  {
    "docID": "N130 Barbour 2013",
    "et": "RatModel",
    "off": 67025,
    "sff": "rat"
  },
  {
    "docID": "N130 Barbour 2013",
    "et": "RatModel",
    "off": 81680,
    "sff": "rat"
  },
  {
    "docID": "N130 Barbour 2013",
    "et": "RatModel",
    "off": 75223,
    "sff": "rat"
  },
  {
    "docID": "N130 Barbour 2013",
    "et": "RatModel",
    "off": 68246,
    "sff": "rat"
  },
  {
    "docID": "N130 Barbour 2013",
    "et": "RatModel",
    "off": 68694,
    "sff": "rat"
  },
  {
    "docID": "N130 Barbour 2013",
    "et": "RatModel",
    "off": 69130,
    "sff": "rat"
  },
  {
    "docID": "N130 Barbour 2013",
    "et": "RatModel",
    "off": 54600,
    "sff": "rat"
  },
  {
    "docID": "N130 Barbour 2013",
    "et": "RatModel",
    "off": 68495,
    "sff": "rat"
  },
  {
    "docID": "N130 Barbour 2013",
    "et": "RatModel",
    "off": 76814,
    "sff": "rat"
  },
  {
    "docID": "N130 Barbour 2013",
    "et": "RatModel",
    "off": 81870,
    "sff": "rat"
  },
  {
    "docID": "N130 Barbour 2013",
    "et": "RatModel",
    "off": 81357,
    "sff": "rat"
  },
  {
    "docID": "N130 Barbour 2013",
    "et": "RatModel",
    "off": 69315,
    "sff": "rat"
  },
  {
    "docID": "N130 Barbour 2013",
    "et": "RatModel",
    "off": 88258,
    "sff": "rat"
  },
  {
    "docID": "N130 Barbour 2013",
    "et": "RatModel",
    "off": 84224,
    "sff": "rat"
  },
  {
    "docID": "N130 Barbour 2013",
    "et": "RatModel",
    "off": 88071,
    "sff": "rat"
  },
  {
    "docID": "N130 Barbour 2013",
    "et": "NewZealandRabbit",
    "off": 54219,
    "sff": "new"
  },
  {
    "docID": "N130 Barbour 2013",
    "et": "NewZealandRabbit",
    "off": 53669,
    "sff": "new"
  },
  {
    "docID": "N130 Barbour 2013",
    "et": "NewZealandRabbit",
    "off": 50429,
    "sff": "new"
  },
  {
    "docID": "N130 Barbour 2013",
    "et": "NewZealandRabbit",
    "off": 81251,
    "sff": "New"
  },
  {
    "docID": "N130 Barbour 2013",
    "et": "NewZealandRabbit",
    "off": 9466,
    "sff": "new"
  },
  {
    "docID": "N130 Barbour 2013",
    "et": "NewZealandRabbit",
    "off": 87642,
    "sff": "new"
  },
  {
    "docID": "N130 Barbour 2013",
    "et": "NewZealandRabbit",
    "off": 64090,
    "sff": "New"
  },
  {
    "docID": "N130 Barbour 2013",
    "et": "NewZealandRabbit",
    "off": 70202,
    "sff": "New"
  },
  {
    "docID": "N130 Barbour 2013",
    "et": "NewZealandRabbit",
    "off": 10712,
    "sff": "New"
  },
  {
    "docID": "N130 Barbour 2013",
    "et": "NewZealandRabbit",
    "off": 80919,
    "sff": "new"
  },
  {
    "docID": "N130 Barbour 2013",
    "et": "NewZealandRabbit",
    "off": 53267,
    "sff": "new"
  },
  {
    "docID": "N130 Barbour 2013",
    "et": "NewZealandRabbit",
    "off": 10192,
    "sff": "New"
  },
  {
    "docID": "N130 Barbour 2013",
    "et": "NewZealandRabbit",
    "off": 9263,
    "sff": "new"
  },
  {
    "docID": "N130 Barbour 2013",
    "et": "NewZealandRabbit",
    "off": 53297,
    "sff": "New"
  },
  {
    "docID": "N130 Barbour 2013",
    "et": "RabbitSpecies",
    "off": 18067,
    "sff": "rabbit"
  },
  {
    "docID": "N130 Barbour 2013",
    "et": "RabbitSpecies",
    "off": 18680,
    "sff": "Rabbit"
  },
  {
    "docID": "N130 Barbour 2013",
    "et": "Young",
    "off": 75152,
    "sff": "Young"
  },
  {
    "docID": "N130 Barbour 2013",
    "et": "MouseModel",
    "off": 78042,
    "sff": "mouse"
  },
  {
    "docID": "N130 Barbour 2013",
    "et": "MouseModel",
    "off": 77160,
    "sff": "mouse"
  },
  {
    "docID": "N130 Barbour 2013",
    "et": "MouseModel",
    "off": 18047,
    "sff": "mouse"
  },
  {
    "docID": "N130 Barbour 2013",
    "et": "MouseModel",
    "off": 77373,
    "sff": "mouse"
  },
  {
    "docID": "N130 Barbour 2013",
    "et": "MouseModel",
    "off": 78274,
    "sff": "mouse"
  },
  {
    "docID": "N130 Barbour 2013",
    "et": "MouseModel",
    "off": 18248,
    "sff": "Mouse"
  },
  {
    "docID": "N130 Barbour 2013",
    "et": "RabbitModel",
    "off": 18680,
    "sff": "Rabbit"
  },
  {
    "docID": "N130 Barbour 2013",
    "et": "RabbitModel",
    "off": 18067,
    "sff": "rabbit"
  },
  {
    "docID": "N130 Barbour 2013",
    "et": "RatSpecies",
    "off": 66462,
    "sff": "rat"
  },
  {
    "docID": "N130 Barbour 2013",
    "et": "RatSpecies",
    "off": 13407,
    "sff": "rat"
  },
  {
    "docID": "N130 Barbour 2013",
    "et": "RatSpecies",
    "off": 609,
    "sff": "rat"
  },
  {
    "docID": "N130 Barbour 2013",
    "et": "RatSpecies",
    "off": 17762,
    "sff": "rat"
  },
  {
    "docID": "N130 Barbour 2013",
    "et": "RatSpecies",
    "off": 68246,
    "sff": "rat"
  },
  {
    "docID": "N130 Barbour 2013",
    "et": "RatSpecies",
    "off": 68694,
    "sff": "rat"
  },
  {
    "docID": "N130 Barbour 2013",
    "et": "RatSpecies",
    "off": 75223,
    "sff": "rat"
  },
  {
    "docID": "N130 Barbour 2013",
    "et": "RatSpecies",
    "off": 79130,
    "sff": "rat"
  },
  {
    "docID": "N130 Barbour 2013",
    "et": "RatSpecies",
    "off": 67179,
    "sff": "rat"
  },
  {
    "docID": "N130 Barbour 2013",
    "et": "RatSpecies",
    "off": 71149,
    "sff": "rat"
  },
  {
    "docID": "N130 Barbour 2013",
    "et": "RatSpecies",
    "off": 67887,
    "sff": "rat"
  },
  {
    "docID": "N130 Barbour 2013",
    "et": "RatSpecies",
    "off": 68903,
    "sff": "rat"
  },
  {
    "docID": "N130 Barbour 2013",
    "et": "RatSpecies",
    "off": 87466,
    "sff": "rat"
  },
  {
    "docID": "N130 Barbour 2013",
    "et": "RatSpecies",
    "off": 78908,
    "sff": "rat"
  },
  {
    "docID": "N130 Barbour 2013",
    "et": "RatSpecies",
    "off": 84925,
    "sff": "rat"
  },
  {
    "docID": "N130 Barbour 2013",
    "et": "RatSpecies",
    "off": 84224,
    "sff": "rat"
  },
  {
    "docID": "N130 Barbour 2013",
    "et": "RatSpecies",
    "off": 88258,
    "sff": "rat"
  },
  {
    "docID": "N130 Barbour 2013",
    "et": "RatSpecies",
    "off": 77109,
    "sff": "rat"
  },
  {
    "docID": "N130 Barbour 2013",
    "et": "RatSpecies",
    "off": 66743,
    "sff": "rat"
  },
  {
    "docID": "N130 Barbour 2013",
    "et": "RatSpecies",
    "off": 3834,
    "sff": "rat"
  },
  {
    "docID": "N130 Barbour 2013",
    "et": "RatSpecies",
    "off": 76814,
    "sff": "rat"
  },
  {
    "docID": "N130 Barbour 2013",
    "et": "RatSpecies",
    "off": 81870,
    "sff": "rat"
  },
  {
    "docID": "N130 Barbour 2013",
    "et": "RatSpecies",
    "off": 81357,
    "sff": "rat"
  },
  {
    "docID": "N130 Barbour 2013",
    "et": "RatSpecies",
    "off": 81680,
    "sff": "rat"
  },
  {
    "docID": "N130 Barbour 2013",
    "et": "RatSpecies",
    "off": 68495,
    "sff": "rat"
  },
  {
    "docID": "N130 Barbour 2013",
    "et": "RatSpecies",
    "off": 30546,
    "sff": "rat"
  },
  {
    "docID": "N130 Barbour 2013",
    "et": "RatSpecies",
    "off": 67025,
    "sff": "rat"
  },
  {
    "docID": "N130 Barbour 2013",
    "et": "RatSpecies",
    "off": 69315,
    "sff": "rat"
  },
  {
    "docID": "N130 Barbour 2013",
    "et": "RatSpecies",
    "off": 54600,
    "sff": "rat"
  },
  {
    "docID": "N130 Barbour 2013",
    "et": "RatSpecies",
    "off": 88071,
    "sff": "rat"
  },
  {
    "docID": "N130 Barbour 2013",
    "et": "RatSpecies",
    "off": 69130,
    "sff": "rat"
  },
  {
    "docID": "N130 Barbour 2013",
    "et": "CD2_Mouse",
    "off": 64285,
    "sff": "CDP"
  },
  {
    "docID": "N130 Barbour 2013",
    "et": "MouseSpecies",
    "off": 78042,
    "sff": "mouse"
  },
  {
    "docID": "N130 Barbour 2013",
    "et": "MouseSpecies",
    "off": 77160,
    "sff": "mouse"
  },
  {
    "docID": "N130 Barbour 2013",
    "et": "MouseSpecies",
    "off": 78274,
    "sff": "mouse"
  },
  {
    "docID": "N130 Barbour 2013",
    "et": "MouseSpecies",
    "off": 18047,
    "sff": "mouse"
  },
  {
    "docID": "N130 Barbour 2013",
    "et": "MouseSpecies",
    "off": 18248,
    "sff": "Mouse"
  },
  {
    "docID": "N130 Barbour 2013",
    "et": "MouseSpecies",
    "off": 77373,
    "sff": "mouse"
  },
  {
    "docID": "N130 Barbour 2013",
    "et": "FischerRat",
    "off": 6875,
    "sff": "Fischer"
  },
  {
    "docID": "N130 Barbour 2013",
    "et": "FischerRat",
    "off": 8163,
    "sff": "Fischer"
  },
  {
    "docID": "N130 Barbour 2013",
    "et": "FischerRat",
    "off": 8946,
    "sff": "Fischer"
  },
  {
    "docID": "N130 Barbour 2013",
    "et": "Adult",
    "off": 67019,
    "sff": "adult"
  },
  {
    "docID": "N130 Barbour 2013",
    "et": "Adult",
    "off": 82252,
    "sff": "adult"
  },
  {
    "docID": "N130 Barbour 2013",
    "et": "Adult",
    "off": 68489,
    "sff": "adult"
  },
  {
    "docID": "N130 Barbour 2013",
    "et": "Adult",
    "off": 76426,
    "sff": "adult"
  },
  {
    "docID": "N130 Barbour 2013",
    "et": "Adult",
    "off": 69124,
    "sff": "adult"
  },
  {
    "docID": "N130 Barbour 2013",
    "et": "Adult",
    "off": 88065,
    "sff": "adult"
  },
  {
    "docID": "N130 Barbour 2013",
    "et": "Adult",
    "off": 80028,
    "sff": "adult"
  },
  {
    "docID": "N130 Barbour 2013",
    "et": "Adult",
    "off": 73113,
    "sff": "adult"
  },
  {
    "docID": "N130 Barbour 2013",
    "et": "Adult",
    "off": 77721,
    "sff": "adult"
  },
  {
    "docID": "N130 Barbour 2013",
    "et": "Adult",
    "off": 85855,
    "sff": "adult"
  },
  {
    "docID": "N130 Barbour 2013",
    "et": "Adult",
    "off": 73310,
    "sff": "adult"
  },
  {
    "docID": "N130 Barbour 2013",
    "et": "Adult",
    "off": 79124,
    "sff": "adult"
  },
  {
    "docID": "N130 Barbour 2013",
    "et": "Adult",
    "off": 70097,
    "sff": "adult"
  },
  {
    "docID": "N130 Barbour 2013",
    "et": "Adult",
    "off": 8150,
    "sff": "adult"
  },
  {
    "docID": "N130 Barbour 2013",
    "et": "Adult",
    "off": 72405,
    "sff": "adult"
  },
  {
    "docID": "N130 Barbour 2013",
    "et": "Adult",
    "off": 6850,
    "sff": "Adult"
  },
  {
    "docID": "N130 Barbour 2013",
    "et": "Adult",
    "off": 53673,
    "sff": "adult"
  },
  {
    "docID": "N130 Barbour 2013",
    "et": "Adult",
    "off": 71338,
    "sff": "adult"
  },
  {
    "docID": "N130 Barbour 2013",
    "et": "Adult",
    "off": 83617,
    "sff": "adult"
  },
  {
    "docID": "N130 Barbour 2013",
    "et": "Adult",
    "off": 5347,
    "sff": "adult"
  },
  {
    "docID": "N130 Barbour 2013",
    "et": "Adult",
    "off": 71143,
    "sff": "adult"
  },
  {
    "docID": "N130 Barbour 2013",
    "et": "Adult",
    "off": 8933,
    "sff": "adult"
  },
  {
    "docID": "N130 Barbour 2013",
    "et": "Adult",
    "off": 69480,
    "sff": "adult"
  },
  {
    "docID": "N130 Barbour 2013",
    "et": "Adult",
    "off": 67173,
    "sff": "adult"
  },
  {
    "docID": "N130 Barbour 2013",
    "et": "Adult",
    "off": 3325,
    "sff": "adults"
  },
  {
    "docID": "N130 Barbour 2013",
    "et": "Adult",
    "off": 11495,
    "sff": "adult"
  },
  {
    "docID": "N130 Barbour 2013",
    "et": "Adult",
    "off": 51367,
    "sff": "adult"
  },
  {
    "docID": "N130 Barbour 2013",
    "et": "Adult",
    "off": 4345,
    "sff": "adult"
  },
  {
    "docID": "N130 Barbour 2013",
    "et": "Adult",
    "off": 508,
    "sff": "adult"
  },
  {
    "docID": "N130 Barbour 2013",
    "et": "Adult",
    "off": 80697,
    "sff": "adult"
  },
  {
    "docID": "N130 Barbour 2013",
    "et": "Adult",
    "off": 78650,
    "sff": "adult"
  },
  {
    "docID": "N130 Barbour 2013",
    "et": "Adult",
    "off": 84218,
    "sff": "adult"
  },
  {
    "docID": "N130 Barbour 2013",
    "et": "Adult",
    "off": 69309,
    "sff": "adult"
  },
  {
    "docID": "N130 Barbour 2013",
    "et": "Adult",
    "off": 80957,
    "sff": "adult"
  },
  {
    "docID": "N130 Barbour 2013",
    "et": "Adult",
    "off": 3828,
    "sff": "adult"
  },
  {
    "docID": "N130 Barbour 2013",
    "et": "Adult",
    "off": 66737,
    "sff": "adult"
  },
  {
    "docID": "N130 Barbour 2013",
    "et": "Adult",
    "off": 73241,
    "sff": "Adult"
  },
  {
    "docID": "N130 Barbour 2013",
    "et": "Adult",
    "off": 77367,
    "sff": "adult"
  },
  {
    "docID": "N130 Barbour 2013",
    "et": "Adult",
    "off": 78902,
    "sff": "adult"
  },
  {
    "docID": "N130 Barbour 2013",
    "et": "LongEvansRat",
    "off": 7966,
    "sff": "long"
  },
  {
    "docID": "N130 Barbour 2013",
    "et": "LongEvansRat",
    "off": 7591,
    "sff": "long"
  },
  {
    "docID": "N130 Barbour 2013",
    "et": "LongEvansRat",
    "off": 1958,
    "sff": "long"
  },
  {
    "docID": "N130 Barbour 2013",
    "et": "LongEvansRat",
    "off": 7334,
    "sff": "long"
  },
  {
    "docID": "N130 Barbour 2013",
    "et": "LongEvansRat",
    "off": 7394,
    "sff": "long"
  },
  {
    "docID": "N130 Barbour 2013",
    "et": "LongEvansRat",
    "off": 7522,
    "sff": "long"
  },
  {
    "docID": "N130 Barbour 2013",
    "et": "LongEvansRat",
    "off": 13538,
    "sff": "long"
  },
  {
    "docID": "N130 Barbour 2013",
    "et": "LongEvansRat",
    "off": 42898,
    "sff": "long"
  },
  {
    "docID": "N130 Barbour 2013",
    "et": "MonkeyModel",
    "off": 66638,
    "sff": "monkey"
  },
  {
    "docID": "N130 Barbour 2013",
    "et": "Female",
    "off": 11501,
    "sff": "female"
  },
  {
    "docID": "N130 Barbour 2013",
    "et": "Female",
    "off": 8939,
    "sff": "female"
  },
  {
    "docID": "N130 Barbour 2013",
    "et": "Female",
    "off": 8156,
    "sff": "female"
  },
  {
    "docID": "N130 Barbour 2013",
    "et": "Female",
    "off": 6868,
    "sff": "female"
  },
  {
    "docID": "N130 Barbour 2013",
    "et": "MonkeySpecies",
    "off": 66638,
    "sff": "monkey"
  },
  {
    "docID": "N130 Barbour 2013",
    "et": "Age",
    "off": 24975,
    "sff": "2 weeks"
  },
  {
    "docID": "N130 Barbour 2013",
    "et": "Age",
    "off": 7574,
    "sff": "2 weeks"
  },
  {
    "docID": "N130 Barbour 2013",
    "et": "Age",
    "off": 22802,
    "sff": "4 months"
  },
  {
    "docID": "N130 Barbour 2013",
    "et": "Age",
    "off": 38929,
    "sff": "4 months"
  },
  {
    "docID": "N130 Barbour 2013",
    "et": "Age",
    "off": 7316,
    "sff": "2 weeks"
  },
  {
    "docID": "N130 Barbour 2013",
    "et": "Age",
    "off": 1945,
    "sff": "2 weeks"
  },
  {
    "docID": "N130 Barbour 2013",
    "et": "Age",
    "off": 33851,
    "sff": "2 week"
  },
  {
    "docID": "N130 Barbour 2013",
    "et": "Age",
    "off": 12569,
    "sff": "4 months"
  },
  {
    "docID": "N130 Barbour 2013",
    "et": "Age",
    "off": 17978,
    "sff": "2 week"
  },
  {
    "docID": "N130 Barbour 2013",
    "et": "Age",
    "off": 47131,
    "sff": "4 months"
  },
  {
    "docID": "N130 Barbour 2013",
    "et": "Age",
    "off": 23042,
    "sff": "4 months"
  },
  {
    "docID": "N130 Barbour 2013",
    "et": "Age",
    "off": 42400,
    "sff": "2 weeks"
  },
  {
    "docID": "N130 Barbour 2013",
    "et": "Age",
    "off": 47873,
    "sff": "4 months"
  },
  {
    "docID": "N130 Barbour 2013",
    "et": "Age",
    "off": 46354,
    "sff": "21 days"
  },
  {
    "docID": "N130 Barbour 2013",
    "et": "Age",
    "off": 50700,
    "sff": "4 months"
  },
  {
    "docID": "N130 Barbour 2013",
    "et": "Age",
    "off": 30711,
    "sff": "4 months"
  },
  {
    "docID": "N130 Barbour 2013",
    "et": "Age",
    "off": 49143,
    "sff": "4 months"
  },
  {
    "docID": "N130 Barbour 2013",
    "et": "Age",
    "off": 62956,
    "sff": "14 day"
  },
  {
    "docID": "N130 Barbour 2013",
    "et": "Age",
    "off": 23542,
    "sff": "4 weeks"
  },
  {
    "docID": "N130 Barbour 2013",
    "et": "Age",
    "off": 25843,
    "sff": "4 months"
  },
  {
    "docID": "N130 Barbour 2013",
    "et": "Age",
    "off": 36138,
    "sff": "Four months"
  },
  {
    "docID": "N130 Barbour 2013",
    "et": "Age",
    "off": 24047,
    "sff": "14 day"
  },
  {
    "docID": "N130 Barbour 2013",
    "et": "Age",
    "off": 46461,
    "sff": "2 weeks"
  },
  {
    "docID": "N130 Barbour 2013",
    "et": "Age",
    "off": 23807,
    "sff": "4 months"
  },
  {
    "docID": "N130 Barbour 2013",
    "et": "Age",
    "off": 35454,
    "sff": "2 weeks"
  },
  {
    "docID": "N130 Barbour 2013",
    "et": "Age",
    "off": 63206,
    "sff": "4 months"
  },
  {
    "docID": "N130 Barbour 2013",
    "et": "Age",
    "off": 20351,
    "sff": "2 weeks"
  },
  {
    "docID": "N130 Barbour 2013",
    "et": "Age",
    "off": 61682,
    "sff": "14 days"
  },
  {
    "docID": "N130 Barbour 2013",
    "et": "Age",
    "off": 57611,
    "sff": "7 days"
  },
  {
    "docID": "N130 Barbour 2013",
    "et": "Age",
    "off": 11239,
    "sff": "one week"
  },
  {
    "docID": "N130 Barbour 2013",
    "et": "Age",
    "off": 23433,
    "sff": "2 weeks"
  },
  {
    "docID": "N130 Barbour 2013",
    "et": "Age",
    "off": 1015,
    "sff": "14 days"
  },
  {
    "docID": "N130 Barbour 2013",
    "et": "Age",
    "off": 46624,
    "sff": "Three weeks"
  },
  {
    "docID": "N130 Barbour 2013",
    "et": "Age",
    "off": 7404,
    "sff": "4 months"
  },
  {
    "docID": "N130 Barbour 2013",
    "et": "Age",
    "off": 50058,
    "sff": "2 weeks"
  },
  {
    "docID": "N130 Barbour 2013",
    "et": "Age",
    "off": 57482,
    "sff": "2 weeks"
  },
  {
    "docID": "N130 Barbour 2013",
    "et": "Age",
    "off": 7377,
    "sff": "2 weeks"
  },
  {
    "docID": "N130 Barbour 2013",
    "et": "Age",
    "off": 36820,
    "sff": "2 weeks"
  },
  {
    "docID": "N130 Barbour 2013",
    "et": "Age",
    "off": 23507,
    "sff": "2 weeks"
  },
  {
    "docID": "N130 Barbour 2013",
    "et": "Age",
    "off": 46036,
    "sff": "two weeks"
  },
  {
    "docID": "N130 Barbour 2013",
    "et": "Age",
    "off": 7646,
    "sff": "2 weeks"
  },
  {
    "docID": "N130 Barbour 2013",
    "et": "Age",
    "off": 55110,
    "sff": "14 day"
  },
  {
    "docID": "N130 Barbour 2013",
    "et": "Age",
    "off": 63194,
    "sff": "2 weeks"
  },
  {
    "docID": "N130 Barbour 2013",
    "et": "Age",
    "off": 32966,
    "sff": "4 months"
  },
  {
    "docID": "N130 Barbour 2013",
    "et": "Age",
    "off": 23660,
    "sff": "4 weeks"
  },
  {
    "docID": "N130 Barbour 2013",
    "et": "Age",
    "off": 35040,
    "sff": "2 weeks"
  },
  {
    "docID": "N130 Barbour 2013",
    "et": "Age",
    "off": 32579,
    "sff": "4 month"
  },
  {
    "docID": "N130 Barbour 2013",
    "et": "Age",
    "off": 7875,
    "sff": "4 months"
  },
  {
    "docID": "N130 Barbour 2013",
    "et": "Age",
    "off": 17988,
    "sff": "4 month"
  },
  {
    "docID": "N130 Barbour 2013",
    "et": "Age",
    "off": 33862,
    "sff": "4 month"
  },
  {
    "docID": "N130 Barbour 2013",
    "et": "Age",
    "off": 47854,
    "sff": "2 weeks"
  },
  {
    "docID": "N130 Barbour 2013",
    "et": "Age",
    "off": 23734,
    "sff": "4 months"
  },
  {
    "docID": "N130 Barbour 2013",
    "et": "Age",
    "off": 30655,
    "sff": "6 weeks"
  },
  {
    "docID": "N130 Barbour 2013",
    "et": "Age",
    "off": 14256,
    "sff": "2 weeks"
  },
  {
    "docID": "N130 Barbour 2013",
    "et": "Age",
    "off": 23991,
    "sff": "4 months"
  },
  {
    "docID": "N130 Barbour 2013",
    "et": "Age",
    "off": 1969,
    "sff": "4 months"
  },
  {
    "docID": "N130 Barbour 2013",
    "et": "Age",
    "off": 7601,
    "sff": "4 months"
  },
  {
    "docID": "N130 Barbour 2013",
    "et": "Age",
    "off": 48049,
    "sff": "4 months"
  },
  {
    "docID": "N130 Barbour 2013",
    "et": "Age",
    "off": 36788,
    "sff": "4 months"
  },
  {
    "docID": "N130 Barbour 2013",
    "et": "Age",
    "off": 11443,
    "sff": "2 weeks"
  },
  {
    "docID": "N130 Barbour 2013",
    "et": "Age",
    "off": 7864,
    "sff": "2 weeks"
  },
  {
    "docID": "N130 Barbour 2013",
    "et": "Age",
    "off": 61898,
    "sff": "14 days"
  },
  {
    "docID": "N130 Barbour 2013",
    "et": "Age",
    "off": 14267,
    "sff": "4 months"
  },
  {
    "docID": "N130 Barbour 2013",
    "et": "Age",
    "off": 35780,
    "sff": "2 weeks"
  },
  {
    "docID": "N130 Barbour 2013",
    "et": "Age",
    "off": 61476,
    "sff": "49 days"
  },
  {
    "docID": "N130 Barbour 2013",
    "et": "Age",
    "off": 25030,
    "sff": "2 weeks"
  },
  {
    "docID": "N130 Barbour 2013",
    "et": "Age",
    "off": 7344,
    "sff": "4 months"
  },
  {
    "docID": "N130 Barbour 2013",
    "et": "Age",
    "off": 61768,
    "sff": "1 week"
  },
  {
    "docID": "N130 Barbour 2013",
    "et": "Age",
    "off": 27311,
    "sff": "4 months"
  },
  {
    "docID": "N130 Barbour 2013",
    "et": "Age",
    "off": 42412,
    "sff": "4 months"
  },
  {
    "docID": "N130 Barbour 2013",
    "et": "Age",
    "off": 63416,
    "sff": "14 days"
  },
  {
    "docID": "N130 Barbour 2013",
    "et": "Age",
    "off": 47517,
    "sff": "two weeks"
  },
  {
    "docID": "N130 Barbour 2013",
    "et": "Age",
    "off": 13549,
    "sff": "4 month"
  },
  {
    "docID": "N130 Barbour 2013",
    "et": "Age",
    "off": 5472,
    "sff": "14 days"
  },
  {
    "docID": "N130 Barbour 2013",
    "et": "Age",
    "off": 13443,
    "sff": "Ten days"
  },
  {
    "docID": "N130 Barbour 2013",
    "et": "Age",
    "off": 13472,
    "sff": "4 months"
  },
  {
    "docID": "N130 Barbour 2013",
    "et": "Age",
    "off": 20154,
    "sff": "2 week"
  },
  {
    "docID": "N130 Barbour 2013",
    "et": "Age",
    "off": 33383,
    "sff": "1D"
  },
  {
    "docID": "N130 Barbour 2013",
    "et": "Age",
    "off": 11305,
    "sff": "two to three weeks"
  },
  {
    "docID": "N130 Barbour 2013",
    "et": "Age",
    "off": 29032,
    "sff": "14 days"
  },
  {
    "docID": "N130 Barbour 2013",
    "et": "Age",
    "off": 47120,
    "sff": "6 weeks"
  },
  {
    "docID": "N130 Barbour 2013",
    "et": "Age",
    "off": 46072,
    "sff": "two weeks"
  },
  {
    "docID": "N130 Barbour 2013",
    "et": "Age",
    "off": 47745,
    "sff": "4 months"
  },
  {
    "docID": "N130 Barbour 2013",
    "et": "Age",
    "off": 12382,
    "sff": "3 weeks"
  },
  {
    "docID": "N130 Barbour 2013",
    "et": "Age",
    "off": 34855,
    "sff": "2 weeks"
  },
  {
    "docID": "N130 Barbour 2013",
    "et": "Age",
    "off": 19595,
    "sff": "4 months"
  },
  {
    "docID": "N130 Barbour 2013",
    "et": "Age",
    "off": 28278,
    "sff": "4 months"
  },
  {
    "docID": "N130 Barbour 2013",
    "et": "Age",
    "off": 38412,
    "sff": "4 month"
  },
  {
    "docID": "N130 Barbour 2013",
    "et": "Age",
    "off": 23030,
    "sff": "2 weeks"
  },
  {
    "docID": "N130 Barbour 2013",
    "et": "Age",
    "off": 9353,
    "sff": "three weeks"
  },
  {
    "docID": "N130 Barbour 2013",
    "et": "Age",
    "off": 24563,
    "sff": "2 weeks"
  },
  {
    "docID": "N130 Barbour 2013",
    "et": "Age",
    "off": 30077,
    "sff": "4 months"
  },
  {
    "docID": "N130 Barbour 2013",
    "et": "Age",
    "off": 891,
    "sff": "4 months"
  },
  {
    "docID": "N130 Barbour 2013",
    "et": "Age",
    "off": 62585,
    "sff": "14 day"
  },
  {
    "docID": "N130 Barbour 2013",
    "et": "Age",
    "off": 50023,
    "sff": "4 months"
  },
  {
    "docID": "N130 Barbour 2013",
    "et": "Age",
    "off": 22790,
    "sff": "2 weeks"
  },
  {
    "docID": "N130 Barbour 2013",
    "et": "Age",
    "off": 8810,
    "sff": "one week"
  },
  {
    "docID": "N130 Barbour 2013",
    "et": "Age",
    "off": 34415,
    "sff": "4 months"
  },
  {
    "docID": "N130 Barbour 2013",
    "et": "Age",
    "off": 7532,
    "sff": "4 months"
  },
  {
    "docID": "N130 Barbour 2013",
    "et": "Age",
    "off": 7505,
    "sff": "2 weeks"
  },
  {
    "docID": "N130 Barbour 2013",
    "et": "Age",
    "off": 36934,
    "sff": "4 months"
  },
  {
    "docID": "N130 Barbour 2013",
    "et": "Age",
    "off": 20296,
    "sff": "4 months"
  },
  {
    "docID": "N130 Barbour 2013",
    "et": "Age",
    "off": 28262,
    "sff": "2 weeks"
  },
  {
    "docID": "N130 Barbour 2013",
    "et": "Age",
    "off": 6417,
    "sff": "14 days"
  },
  {
    "docID": "N130 Barbour 2013",
    "et": "Age",
    "off": 37697,
    "sff": "4 months"
  },
  {
    "docID": "N130 Barbour 2013",
    "et": "Age",
    "off": 46299,
    "sff": "One week"
  },
  {
    "docID": "N130 Barbour 2013",
    "et": "Age",
    "off": 20165,
    "sff": "4 month"
  },
  {
    "docID": "N130 Barbour 2013",
    "et": "Age",
    "off": 31981,
    "sff": "Two weeks"
  },
  {
    "docID": "N130 Barbour 2013",
    "et": "Age",
    "off": 23120,
    "sff": "4 months"
  },
  {
    "docID": "N130 Barbour 2013",
    "et": "Age",
    "off": 12521,
    "sff": "1 week"
  },
  {
    "docID": "N130 Barbour 2013",
    "et": "Age",
    "off": 539,
    "sff": "14 days"
  },
  {
    "docID": "N130 Barbour 2013",
    "et": "Age",
    "off": 13008,
    "sff": "1 week"
  },
  {
    "docID": "N130 Barbour 2013",
    "et": "Age",
    "off": 23347,
    "sff": "2 weeks"
  },
  {
    "docID": "N130 Barbour 2013",
    "et": "Age",
    "off": 31805,
    "sff": "2 weeks"
  },
  {
    "docID": "N130 Barbour 2013",
    "et": "Age",
    "off": 6281,
    "sff": "15 days"
  },
  {
    "docID": "N130 Barbour 2013",
    "et": "Age",
    "off": 36922,
    "sff": "2 weeks"
  },
  {
    "docID": "N130 Barbour 2013",
    "et": "Age",
    "off": 37443,
    "sff": "2 weeks"
  },
  {
    "docID": "N130 Barbour 2013",
    "et": "Age",
    "off": 58298,
    "sff": "14 day"
  },
  {
    "docID": "N130 Barbour 2013",
    "et": "Age",
    "off": 23616,
    "sff": "2 weeks"
  },
  {
    "docID": "N130 Barbour 2013",
    "et": "Age",
    "off": 47018,
    "sff": "one week"
  },
  {
    "docID": "N130 Barbour 2013",
    "et": "Age",
    "off": 23108,
    "sff": "2 weeks"
  },
  {
    "docID": "N130 Barbour 2013",
    "et": "Age",
    "off": 33571,
    "sff": "4 months"
  },
  {
    "docID": "N130 Barbour 2013",
    "et": "Age",
    "off": 50760,
    "sff": "2 weeks"
  }
]
