[
  {
    "docID": "N133 Bretzner 2008",
    "et": "Weight",
    "off": 14497,
    "sff": "70 mg"
  },
  {
    "docID": "N133 Bretzner 2008",
    "et": "Weight",
    "off": 14578,
    "sff": "10 mg"
  },
  {
    "docID": "N133 Bretzner 2008",
    "et": "Weight",
    "off": 15279,
    "sff": "100 mg"
  },
  {
    "docID": "N133 Bretzner 2008",
    "et": "Weight",
    "off": 8806,
    "sff": "10 mg"
  },
  {
    "docID": "N133 Bretzner 2008",
    "et": "Weight",
    "off": 5889,
    "sff": "0.5 mg"
  },
  {
    "docID": "N133 Bretzner 2008",
    "et": "Weight",
    "off": 9019,
    "sff": "70 mg"
  },
  {
    "docID": "N133 Bretzner 2008",
    "et": "Weight",
    "off": 9100,
    "sff": "10 mg"
  },
  {
    "docID": "N133 Bretzner 2008",
    "et": "Weight",
    "off": 13717,
    "sff": "1 to 50 g"
  },
  {
    "docID": "N133 Bretzner 2008",
    "et": "Weight",
    "off": 8752,
    "sff": "300–400 g"
  },
  {
    "docID": "N133 Bretzner 2008",
    "et": "Weight",
    "off": 5730,
    "sff": "0.6 mg"
  },
  {
    "docID": "N133 Bretzner 2008",
    "et": "RatModel",
    "off": 3512,
    "sff": "rat"
  },
  {
    "docID": "N133 Bretzner 2008",
    "et": "RatModel",
    "off": 62015,
    "sff": "rat"
  },
  {
    "docID": "N133 Bretzner 2008",
    "et": "RatModel",
    "off": 54530,
    "sff": "rat"
  },
  {
    "docID": "N133 Bretzner 2008",
    "et": "RatModel",
    "off": 28865,
    "sff": "rat"
  },
  {
    "docID": "N133 Bretzner 2008",
    "et": "RatModel",
    "off": 62209,
    "sff": "rat"
  },
  {
    "docID": "N133 Bretzner 2008",
    "et": "RatModel",
    "off": 46249,
    "sff": "rat"
  },
  {
    "docID": "N133 Bretzner 2008",
    "et": "RatModel",
    "off": 10221,
    "sff": "rat"
  },
  {
    "docID": "N133 Bretzner 2008",
    "et": "RatModel",
    "off": 3632,
    "sff": "rat"
  },
  {
    "docID": "N133 Bretzner 2008",
    "et": "RatModel",
    "off": 50996,
    "sff": "rat"
  },
  {
    "docID": "N133 Bretzner 2008",
    "et": "RatModel",
    "off": 53045,
    "sff": "rat"
  },
  {
    "docID": "N133 Bretzner 2008",
    "et": "RatModel",
    "off": 53557,
    "sff": "rat"
  },
  {
    "docID": "N133 Bretzner 2008",
    "et": "RatModel",
    "off": 58971,
    "sff": "rat"
  },
  {
    "docID": "N133 Bretzner 2008",
    "et": "RatModel",
    "off": 56409,
    "sff": "rat"
  },
  {
    "docID": "N133 Bretzner 2008",
    "et": "RatModel",
    "off": 60958,
    "sff": "rat"
  },
  {
    "docID": "N133 Bretzner 2008",
    "et": "RatModel",
    "off": 50780,
    "sff": "rat"
  },
  {
    "docID": "N133 Bretzner 2008",
    "et": "RatModel",
    "off": 57756,
    "sff": "rat"
  },
  {
    "docID": "N133 Bretzner 2008",
    "et": "RatModel",
    "off": 54371,
    "sff": "rat"
  },
  {
    "docID": "N133 Bretzner 2008",
    "et": "RatModel",
    "off": 44774,
    "sff": "rat"
  },
  {
    "docID": "N133 Bretzner 2008",
    "et": "RatModel",
    "off": 53926,
    "sff": "rat"
  },
  {
    "docID": "N133 Bretzner 2008",
    "et": "RatModel",
    "off": 11366,
    "sff": "rat"
  },
  {
    "docID": "N133 Bretzner 2008",
    "et": "RatModel",
    "off": 712,
    "sff": "rat"
  },
  {
    "docID": "N133 Bretzner 2008",
    "et": "RatModel",
    "off": 459,
    "sff": "rat"
  },
  {
    "docID": "N133 Bretzner 2008",
    "et": "RatModel",
    "off": 39624,
    "sff": "rat"
  },
  {
    "docID": "N133 Bretzner 2008",
    "et": "RatModel",
    "off": 45584,
    "sff": "rat"
  },
  {
    "docID": "N133 Bretzner 2008",
    "et": "RatModel",
    "off": 54993,
    "sff": "rat"
  },
  {
    "docID": "N133 Bretzner 2008",
    "et": "RatModel",
    "off": 60052,
    "sff": "rat"
  },
  {
    "docID": "N133 Bretzner 2008",
    "et": "Patient",
    "off": 52123,
    "sff": "patient"
  },
  {
    "docID": "N133 Bretzner 2008",
    "et": "NewZealandRabbit",
    "off": 56892,
    "sff": "new"
  },
  {
    "docID": "N133 Bretzner 2008",
    "et": "RabbitSpecies",
    "off": 16435,
    "sff": "rabbit"
  },
  {
    "docID": "N133 Bretzner 2008",
    "et": "RabbitSpecies",
    "off": 16565,
    "sff": "rabbit"
  },
  {
    "docID": "N133 Bretzner 2008",
    "et": "RabbitSpecies",
    "off": 16230,
    "sff": "rabbit"
  },
  {
    "docID": "N133 Bretzner 2008",
    "et": "SpragueDawleyRat",
    "off": 8731,
    "sff": "Sprague–Dawley rats"
  },
  {
    "docID": "N133 Bretzner 2008",
    "et": "SpragueDawleyRat",
    "off": 8731,
    "sff": "Sprague–Dawley"
  },
  {
    "docID": "N133 Bretzner 2008",
    "et": "MouseModel",
    "off": 3224,
    "sff": "mouse"
  },
  {
    "docID": "N133 Bretzner 2008",
    "et": "MouseModel",
    "off": 3561,
    "sff": "mouse"
  },
  {
    "docID": "N133 Bretzner 2008",
    "et": "MouseModel",
    "off": 16379,
    "sff": "mouse"
  },
  {
    "docID": "N133 Bretzner 2008",
    "et": "MouseModel",
    "off": 21327,
    "sff": "mouse"
  },
  {
    "docID": "N133 Bretzner 2008",
    "et": "MouseModel",
    "off": 16323,
    "sff": "mouse"
  },
  {
    "docID": "N133 Bretzner 2008",
    "et": "MouseModel",
    "off": 16278,
    "sff": "mouse"
  },
  {
    "docID": "N133 Bretzner 2008",
    "et": "MouseModel",
    "off": 44646,
    "sff": "mouse"
  },
  {
    "docID": "N133 Bretzner 2008",
    "et": "RabbitModel",
    "off": 16230,
    "sff": "rabbit"
  },
  {
    "docID": "N133 Bretzner 2008",
    "et": "RabbitModel",
    "off": 16435,
    "sff": "rabbit"
  },
  {
    "docID": "N133 Bretzner 2008",
    "et": "RabbitModel",
    "off": 16565,
    "sff": "rabbit"
  },
  {
    "docID": "N133 Bretzner 2008",
    "et": "AgeCategory",
    "off": 52754,
    "sff": "age"
  },
  {
    "docID": "N133 Bretzner 2008",
    "et": "AgeCategory",
    "off": 45003,
    "sff": "age"
  },
  {
    "docID": "N133 Bretzner 2008",
    "et": "RatSpecies",
    "off": 58971,
    "sff": "rat"
  },
  {
    "docID": "N133 Bretzner 2008",
    "et": "RatSpecies",
    "off": 50780,
    "sff": "rat"
  },
  {
    "docID": "N133 Bretzner 2008",
    "et": "RatSpecies",
    "off": 57756,
    "sff": "rat"
  },
  {
    "docID": "N133 Bretzner 2008",
    "et": "RatSpecies",
    "off": 60958,
    "sff": "rat"
  },
  {
    "docID": "N133 Bretzner 2008",
    "et": "RatSpecies",
    "off": 54371,
    "sff": "rat"
  },
  {
    "docID": "N133 Bretzner 2008",
    "et": "RatSpecies",
    "off": 11366,
    "sff": "rat"
  },
  {
    "docID": "N133 Bretzner 2008",
    "et": "RatSpecies",
    "off": 44774,
    "sff": "rat"
  },
  {
    "docID": "N133 Bretzner 2008",
    "et": "RatSpecies",
    "off": 53926,
    "sff": "rat"
  },
  {
    "docID": "N133 Bretzner 2008",
    "et": "RatSpecies",
    "off": 46249,
    "sff": "rat"
  },
  {
    "docID": "N133 Bretzner 2008",
    "et": "RatSpecies",
    "off": 459,
    "sff": "rat"
  },
  {
    "docID": "N133 Bretzner 2008",
    "et": "RatSpecies",
    "off": 712,
    "sff": "rat"
  },
  {
    "docID": "N133 Bretzner 2008",
    "et": "RatSpecies",
    "off": 10221,
    "sff": "rat"
  },
  {
    "docID": "N133 Bretzner 2008",
    "et": "RatSpecies",
    "off": 3632,
    "sff": "rat"
  },
  {
    "docID": "N133 Bretzner 2008",
    "et": "RatSpecies",
    "off": 50996,
    "sff": "rat"
  },
  {
    "docID": "N133 Bretzner 2008",
    "et": "RatSpecies",
    "off": 53045,
    "sff": "rat"
  },
  {
    "docID": "N133 Bretzner 2008",
    "et": "RatSpecies",
    "off": 53557,
    "sff": "rat"
  },
  {
    "docID": "N133 Bretzner 2008",
    "et": "RatSpecies",
    "off": 3512,
    "sff": "rat"
  },
  {
    "docID": "N133 Bretzner 2008",
    "et": "RatSpecies",
    "off": 62015,
    "sff": "rat"
  },
  {
    "docID": "N133 Bretzner 2008",
    "et": "RatSpecies",
    "off": 28865,
    "sff": "rat"
  },
  {
    "docID": "N133 Bretzner 2008",
    "et": "RatSpecies",
    "off": 62209,
    "sff": "rat"
  },
  {
    "docID": "N133 Bretzner 2008",
    "et": "RatSpecies",
    "off": 54530,
    "sff": "rat"
  },
  {
    "docID": "N133 Bretzner 2008",
    "et": "RatSpecies",
    "off": 39624,
    "sff": "rat"
  },
  {
    "docID": "N133 Bretzner 2008",
    "et": "RatSpecies",
    "off": 45584,
    "sff": "rat"
  },
  {
    "docID": "N133 Bretzner 2008",
    "et": "RatSpecies",
    "off": 54993,
    "sff": "rat"
  },
  {
    "docID": "N133 Bretzner 2008",
    "et": "RatSpecies",
    "off": 60052,
    "sff": "rat"
  },
  {
    "docID": "N133 Bretzner 2008",
    "et": "RatSpecies",
    "off": 56409,
    "sff": "rat"
  },
  {
    "docID": "N133 Bretzner 2008",
    "et": "Male",
    "off": 8726,
    "sff": "male"
  },
  {
    "docID": "N133 Bretzner 2008",
    "et": "MouseSpecies",
    "off": 3224,
    "sff": "mouse"
  },
  {
    "docID": "N133 Bretzner 2008",
    "et": "MouseSpecies",
    "off": 3561,
    "sff": "mouse"
  },
  {
    "docID": "N133 Bretzner 2008",
    "et": "MouseSpecies",
    "off": 16278,
    "sff": "mouse"
  },
  {
    "docID": "N133 Bretzner 2008",
    "et": "MouseSpecies",
    "off": 44646,
    "sff": "mouse"
  },
  {
    "docID": "N133 Bretzner 2008",
    "et": "MouseSpecies",
    "off": 16323,
    "sff": "mouse"
  },
  {
    "docID": "N133 Bretzner 2008",
    "et": "MouseSpecies",
    "off": 21327,
    "sff": "mouse"
  },
  {
    "docID": "N133 Bretzner 2008",
    "et": "MouseSpecies",
    "off": 16379,
    "sff": "mouse"
  },
  {
    "docID": "N133 Bretzner 2008",
    "et": "FischerRat",
    "off": 54880,
    "sff": "Fischer"
  },
  {
    "docID": "N133 Bretzner 2008",
    "et": "FischerRat",
    "off": 53090,
    "sff": "Fischer"
  },
  {
    "docID": "N133 Bretzner 2008",
    "et": "FischerRat",
    "off": 39685,
    "sff": "Fischer"
  },
  {
    "docID": "N133 Bretzner 2008",
    "et": "Adult",
    "off": 45578,
    "sff": "adult"
  },
  {
    "docID": "N133 Bretzner 2008",
    "et": "Adult",
    "off": 54987,
    "sff": "adult"
  },
  {
    "docID": "N133 Bretzner 2008",
    "et": "Adult",
    "off": 8720,
    "sff": "adult"
  },
  {
    "docID": "N133 Bretzner 2008",
    "et": "Adult",
    "off": 44113,
    "sff": "adult"
  },
  {
    "docID": "N133 Bretzner 2008",
    "et": "Adult",
    "off": 56403,
    "sff": "adult"
  },
  {
    "docID": "N133 Bretzner 2008",
    "et": "Adult",
    "off": 62390,
    "sff": "adult"
  },
  {
    "docID": "N133 Bretzner 2008",
    "et": "Adult",
    "off": 58965,
    "sff": "adult"
  },
  {
    "docID": "N133 Bretzner 2008",
    "et": "Adult",
    "off": 46231,
    "sff": "adult"
  },
  {
    "docID": "N133 Bretzner 2008",
    "et": "Adult",
    "off": 56825,
    "sff": "adult"
  },
  {
    "docID": "N133 Bretzner 2008",
    "et": "Adult",
    "off": 62009,
    "sff": "adult"
  },
  {
    "docID": "N133 Bretzner 2008",
    "et": "Adult",
    "off": 54524,
    "sff": "adult"
  },
  {
    "docID": "N133 Bretzner 2008",
    "et": "Adult",
    "off": 55484,
    "sff": "adult"
  },
  {
    "docID": "N133 Bretzner 2008",
    "et": "Adult",
    "off": 41374,
    "sff": "adult"
  },
  {
    "docID": "N133 Bretzner 2008",
    "et": "Adult",
    "off": 45021,
    "sff": "adult"
  },
  {
    "docID": "N133 Bretzner 2008",
    "et": "Adult",
    "off": 53757,
    "sff": "adult"
  },
  {
    "docID": "N133 Bretzner 2008",
    "et": "Adult",
    "off": 54365,
    "sff": "adult"
  },
  {
    "docID": "N133 Bretzner 2008",
    "et": "Adult",
    "off": 44768,
    "sff": "adult"
  },
  {
    "docID": "N133 Bretzner 2008",
    "et": "Adult",
    "off": 39618,
    "sff": "adult"
  },
  {
    "docID": "N133 Bretzner 2008",
    "et": "Adult",
    "off": 57156,
    "sff": "adult"
  },
  {
    "docID": "N133 Bretzner 2008",
    "et": "LongEvansRat",
    "off": 43754,
    "sff": "long"
  },
  {
    "docID": "N133 Bretzner 2008",
    "et": "Age",
    "off": 28567,
    "sff": "2-week"
  },
  {
    "docID": "N133 Bretzner 2008",
    "et": "Age",
    "off": 36962,
    "sff": "4 weeks"
  },
  {
    "docID": "N133 Bretzner 2008",
    "et": "Age",
    "off": 10696,
    "sff": "2 weeks"
  },
  {
    "docID": "N133 Bretzner 2008",
    "et": "Age",
    "off": 37658,
    "sff": "8D"
  },
  {
    "docID": "N133 Bretzner 2008",
    "et": "Age",
    "off": 62050,
    "sff": "3-D"
  },
  {
    "docID": "N133 Bretzner 2008",
    "et": "Age",
    "off": 14067,
    "sff": "4 weeks"
  },
  {
    "docID": "N133 Bretzner 2008",
    "et": "Age",
    "off": 36339,
    "sff": "4 weeks"
  },
  {
    "docID": "N133 Bretzner 2008",
    "et": "Age",
    "off": 6453,
    "sff": "4–6 days"
  },
  {
    "docID": "N133 Bretzner 2008",
    "et": "Age",
    "off": 8883,
    "sff": "2 days"
  },
  {
    "docID": "N133 Bretzner 2008",
    "et": "Age",
    "off": 13945,
    "sff": "4 weeks"
  },
  {
    "docID": "N133 Bretzner 2008",
    "et": "Age",
    "off": 21618,
    "sff": "2 weeks"
  },
  {
    "docID": "N133 Bretzner 2008",
    "et": "Age",
    "off": 14381,
    "sff": "Five weeks"
  },
  {
    "docID": "N133 Bretzner 2008",
    "et": "Age",
    "off": 13883,
    "sff": "2–3 weeks"
  },
  {
    "docID": "N133 Bretzner 2008",
    "et": "Age",
    "off": 15604,
    "sff": "2–3 days"
  },
  {
    "docID": "N133 Bretzner 2008",
    "et": "Age",
    "off": 37892,
    "sff": "4 weeks"
  },
  {
    "docID": "N133 Bretzner 2008",
    "et": "Age",
    "off": 4910,
    "sff": "2 weeks"
  },
  {
    "docID": "N133 Bretzner 2008",
    "et": "Age",
    "off": 6215,
    "sff": "4–5 days"
  },
  {
    "docID": "N133 Bretzner 2008",
    "et": "Age",
    "off": 29910,
    "sff": "3D"
  },
  {
    "docID": "N133 Bretzner 2008",
    "et": "Age",
    "off": 15179,
    "sff": "Six weeks"
  },
  {
    "docID": "N133 Bretzner 2008",
    "et": "Age",
    "off": 54239,
    "sff": "1 year"
  },
  {
    "docID": "N133 Bretzner 2008",
    "et": "Age",
    "off": 36677,
    "sff": "4 weeks"
  },
  {
    "docID": "N133 Bretzner 2008",
    "et": "Age",
    "off": 35556,
    "sff": "2 weeks"
  },
  {
    "docID": "N133 Bretzner 2008",
    "et": "Age",
    "off": 8131,
    "sff": "11 to 14 days"
  },
  {
    "docID": "N133 Bretzner 2008",
    "et": "Age",
    "off": 36315,
    "sff": "3 weeks"
  },
  {
    "docID": "N133 Bretzner 2008",
    "et": "Age",
    "off": 4334,
    "sff": "1 year"
  },
  {
    "docID": "N133 Bretzner 2008",
    "et": "Age",
    "off": 43113,
    "sff": "10 weeks"
  }
]
