[
  {
    "docID": "N136 Centenaro 2011",
    "et": "Weight",
    "off": 32570,
    "sff": "280–380 g"
  },
  {
    "docID": "N136 Centenaro 2011",
    "et": "Weight",
    "off": 29294,
    "sff": "280– 380 g"
  },
  {
    "docID": "N136 Centenaro 2011",
    "et": "RatModel",
    "off": 53052,
    "sff": "rat"
  },
  {
    "docID": "N136 Centenaro 2011",
    "et": "RatModel",
    "off": 45112,
    "sff": "rat"
  },
  {
    "docID": "N136 Centenaro 2011",
    "et": "RatModel",
    "off": 12567,
    "sff": "rat"
  },
  {
    "docID": "N136 Centenaro 2011",
    "et": "RatModel",
    "off": 50279,
    "sff": "rat"
  },
  {
    "docID": "N136 Centenaro 2011",
    "et": "RatModel",
    "off": 51682,
    "sff": "rat"
  },
  {
    "docID": "N136 Centenaro 2011",
    "et": "RatModel",
    "off": 51908,
    "sff": "rat"
  },
  {
    "docID": "N136 Centenaro 2011",
    "et": "RatModel",
    "off": 44188,
    "sff": "rat"
  },
  {
    "docID": "N136 Centenaro 2011",
    "et": "NewZealandRabbit",
    "off": 51196,
    "sff": "New"
  },
  {
    "docID": "N136 Centenaro 2011",
    "et": "NewZealandRabbit",
    "off": 4485,
    "sff": "new"
  },
  {
    "docID": "N136 Centenaro 2011",
    "et": "RabbitSpecies",
    "off": 39551,
    "sff": "rabbit"
  },
  {
    "docID": "N136 Centenaro 2011",
    "et": "RabbitSpecies",
    "off": 40687,
    "sff": "rabbit"
  },
  {
    "docID": "N136 Centenaro 2011",
    "et": "RabbitSpecies",
    "off": 40556,
    "sff": "rabbit"
  },
  {
    "docID": "N136 Centenaro 2011",
    "et": "RabbitSpecies",
    "off": 33332,
    "sff": "rabbit"
  },
  {
    "docID": "N136 Centenaro 2011",
    "et": "RabbitSpecies",
    "off": 33269,
    "sff": "rabbit"
  },
  {
    "docID": "N136 Centenaro 2011",
    "et": "MouseModel",
    "off": 40871,
    "sff": "mouse"
  },
  {
    "docID": "N136 Centenaro 2011",
    "et": "MouseModel",
    "off": 33413,
    "sff": "mouse"
  },
  {
    "docID": "N136 Centenaro 2011",
    "et": "MouseModel",
    "off": 39632,
    "sff": "mouse"
  },
  {
    "docID": "N136 Centenaro 2011",
    "et": "RabbitModel",
    "off": 33269,
    "sff": "rabbit"
  },
  {
    "docID": "N136 Centenaro 2011",
    "et": "RabbitModel",
    "off": 33332,
    "sff": "rabbit"
  },
  {
    "docID": "N136 Centenaro 2011",
    "et": "RabbitModel",
    "off": 39551,
    "sff": "rabbit"
  },
  {
    "docID": "N136 Centenaro 2011",
    "et": "RabbitModel",
    "off": 40687,
    "sff": "rabbit"
  },
  {
    "docID": "N136 Centenaro 2011",
    "et": "RabbitModel",
    "off": 40556,
    "sff": "rabbit"
  },
  {
    "docID": "N136 Centenaro 2011",
    "et": "WistarRat",
    "off": 29257,
    "sff": "Wistar rats"
  },
  {
    "docID": "N136 Centenaro 2011",
    "et": "WistarRat",
    "off": 29257,
    "sff": "Wistar"
  },
  {
    "docID": "N136 Centenaro 2011",
    "et": "WistarRat",
    "off": 32550,
    "sff": "Wistar rats"
  },
  {
    "docID": "N136 Centenaro 2011",
    "et": "WistarRat",
    "off": 32550,
    "sff": "Wistar"
  },
  {
    "docID": "N136 Centenaro 2011",
    "et": "RatSpecies",
    "off": 44188,
    "sff": "rat"
  },
  {
    "docID": "N136 Centenaro 2011",
    "et": "RatSpecies",
    "off": 53052,
    "sff": "rat"
  },
  {
    "docID": "N136 Centenaro 2011",
    "et": "RatSpecies",
    "off": 12567,
    "sff": "rat"
  },
  {
    "docID": "N136 Centenaro 2011",
    "et": "RatSpecies",
    "off": 45112,
    "sff": "rat"
  },
  {
    "docID": "N136 Centenaro 2011",
    "et": "RatSpecies",
    "off": 50279,
    "sff": "rat"
  },
  {
    "docID": "N136 Centenaro 2011",
    "et": "RatSpecies",
    "off": 51908,
    "sff": "rat"
  },
  {
    "docID": "N136 Centenaro 2011",
    "et": "RatSpecies",
    "off": 51682,
    "sff": "rat"
  },
  {
    "docID": "N136 Centenaro 2011",
    "et": "Male",
    "off": 1499,
    "sff": "male"
  },
  {
    "docID": "N136 Centenaro 2011",
    "et": "Male",
    "off": 32545,
    "sff": "male"
  },
  {
    "docID": "N136 Centenaro 2011",
    "et": "Male",
    "off": 29252,
    "sff": "male"
  },
  {
    "docID": "N136 Centenaro 2011",
    "et": "MouseSpecies",
    "off": 40871,
    "sff": "mouse"
  },
  {
    "docID": "N136 Centenaro 2011",
    "et": "MouseSpecies",
    "off": 33413,
    "sff": "mouse"
  },
  {
    "docID": "N136 Centenaro 2011",
    "et": "MouseSpecies",
    "off": 39632,
    "sff": "mouse"
  },
  {
    "docID": "N136 Centenaro 2011",
    "et": "FischerRat",
    "off": 51900,
    "sff": "Fischer rat"
  },
  {
    "docID": "N136 Centenaro 2011",
    "et": "Adult",
    "off": 53046,
    "sff": "adult"
  },
  {
    "docID": "N136 Centenaro 2011",
    "et": "Adult",
    "off": 50069,
    "sff": "adult"
  },
  {
    "docID": "N136 Centenaro 2011",
    "et": "Adult",
    "off": 20290,
    "sff": "adult"
  },
  {
    "docID": "N136 Centenaro 2011",
    "et": "Adult",
    "off": 12561,
    "sff": "adult"
  },
  {
    "docID": "N136 Centenaro 2011",
    "et": "Adult",
    "off": 50273,
    "sff": "adult"
  },
  {
    "docID": "N136 Centenaro 2011",
    "et": "Adult",
    "off": 51676,
    "sff": "adult"
  },
  {
    "docID": "N136 Centenaro 2011",
    "et": "Adult",
    "off": 1493,
    "sff": "Adult"
  },
  {
    "docID": "N136 Centenaro 2011",
    "et": "Age",
    "off": 34883,
    "sff": "2 weeks"
  },
  {
    "docID": "N136 Centenaro 2011",
    "et": "Age",
    "off": 30143,
    "sff": "two weeks"
  },
  {
    "docID": "N136 Centenaro 2011",
    "et": "Age",
    "off": 37725,
    "sff": "One week"
  },
  {
    "docID": "N136 Centenaro 2011",
    "et": "Age",
    "off": 14922,
    "sff": "4-week"
  },
  {
    "docID": "N136 Centenaro 2011",
    "et": "Age",
    "off": 10629,
    "sff": "4-Week"
  },
  {
    "docID": "N136 Centenaro 2011",
    "et": "Age",
    "off": 2369,
    "sff": "4-week"
  },
  {
    "docID": "N136 Centenaro 2011",
    "et": "Age",
    "off": 9089,
    "sff": "18 weeks"
  },
  {
    "docID": "N136 Centenaro 2011",
    "et": "Age",
    "off": 10881,
    "sff": "18 weeks"
  },
  {
    "docID": "N136 Centenaro 2011",
    "et": "Age",
    "off": 32216,
    "sff": "15–20 days"
  },
  {
    "docID": "N136 Centenaro 2011",
    "et": "Age",
    "off": 27729,
    "sff": "2-week"
  },
  {
    "docID": "N136 Centenaro 2011",
    "et": "Age",
    "off": 27739,
    "sff": "4-week"
  },
  {
    "docID": "N136 Centenaro 2011",
    "et": "Age",
    "off": 8082,
    "sff": "4-Week"
  },
  {
    "docID": "N136 Centenaro 2011",
    "et": "Age",
    "off": 30336,
    "sff": "four weeks"
  },
  {
    "docID": "N136 Centenaro 2011",
    "et": "Age",
    "off": 35571,
    "sff": "18 weeks"
  },
  {
    "docID": "N136 Centenaro 2011",
    "et": "Age",
    "off": 6313,
    "sff": "4 weeks"
  },
  {
    "docID": "N136 Centenaro 2011",
    "et": "Age",
    "off": 10600,
    "sff": "2-Week"
  },
  {
    "docID": "N136 Centenaro 2011",
    "et": "Age",
    "off": 7739,
    "sff": "42 days"
  },
  {
    "docID": "N136 Centenaro 2011",
    "et": "Age",
    "off": 11805,
    "sff": "18 weeks"
  },
  {
    "docID": "N136 Centenaro 2011",
    "et": "Age",
    "off": 6301,
    "sff": "2 weeks"
  },
  {
    "docID": "N136 Centenaro 2011",
    "et": "Age",
    "off": 14435,
    "sff": "4-week"
  },
  {
    "docID": "N136 Centenaro 2011",
    "et": "Age",
    "off": 29325,
    "sff": "13 weeks old"
  },
  {
    "docID": "N136 Centenaro 2011",
    "et": "Age",
    "off": 20209,
    "sff": "2-week"
  },
  {
    "docID": "N136 Centenaro 2011",
    "et": "Age",
    "off": 31862,
    "sff": "4 days"
  },
  {
    "docID": "N136 Centenaro 2011",
    "et": "Age",
    "off": 20220,
    "sff": "4-week"
  },
  {
    "docID": "N136 Centenaro 2011",
    "et": "Age",
    "off": 8053,
    "sff": "4-Week"
  },
  {
    "docID": "N136 Centenaro 2011",
    "et": "Age",
    "off": 32036,
    "sff": "14 days"
  },
  {
    "docID": "N136 Centenaro 2011",
    "et": "Age",
    "off": 26354,
    "sff": "4-week"
  },
  {
    "docID": "N136 Centenaro 2011",
    "et": "Age",
    "off": 11503,
    "sff": "4-Week"
  },
  {
    "docID": "N136 Centenaro 2011",
    "et": "Age",
    "off": 14324,
    "sff": "2-week"
  },
  {
    "docID": "N136 Centenaro 2011",
    "et": "Age",
    "off": 30239,
    "sff": "four weeks"
  },
  {
    "docID": "N136 Centenaro 2011",
    "et": "Age",
    "off": 10571,
    "sff": "2-Week"
  },
  {
    "docID": "N136 Centenaro 2011",
    "et": "Age",
    "off": 14727,
    "sff": "2-week"
  },
  {
    "docID": "N136 Centenaro 2011",
    "et": "Age",
    "off": 16647,
    "sff": "2-week"
  },
  {
    "docID": "N136 Centenaro 2011",
    "et": "Age",
    "off": 17669,
    "sff": "2-week"
  },
  {
    "docID": "N136 Centenaro 2011",
    "et": "Age",
    "off": 26135,
    "sff": "4 weeks"
  },
  {
    "docID": "N136 Centenaro 2011",
    "et": "Age",
    "off": 8024,
    "sff": "2-Week"
  },
  {
    "docID": "N136 Centenaro 2011",
    "et": "Age",
    "off": 14582,
    "sff": "20 days"
  },
  {
    "docID": "N136 Centenaro 2011",
    "et": "Age",
    "off": 34941,
    "sff": "4 weeks"
  },
  {
    "docID": "N136 Centenaro 2011",
    "et": "Age",
    "off": 11474,
    "sff": "4-Week"
  },
  {
    "docID": "N136 Centenaro 2011",
    "et": "Age",
    "off": 14737,
    "sff": "4-week"
  },
  {
    "docID": "N136 Centenaro 2011",
    "et": "Age",
    "off": 16657,
    "sff": "4-week"
  },
  {
    "docID": "N136 Centenaro 2011",
    "et": "Age",
    "off": 14482,
    "sff": "4-week"
  },
  {
    "docID": "N136 Centenaro 2011",
    "et": "Age",
    "off": 7188,
    "sff": "2-week"
  },
  {
    "docID": "N136 Centenaro 2011",
    "et": "Age",
    "off": 14088,
    "sff": "5 days"
  },
  {
    "docID": "N136 Centenaro 2011",
    "et": "Age",
    "off": 26597,
    "sff": "2 weeks"
  },
  {
    "docID": "N136 Centenaro 2011",
    "et": "Age",
    "off": 30047,
    "sff": "two weeks"
  },
  {
    "docID": "N136 Centenaro 2011",
    "et": "Age",
    "off": 35931,
    "sff": "8D"
  },
  {
    "docID": "N136 Centenaro 2011",
    "et": "Age",
    "off": 14878,
    "sff": "2-week"
  },
  {
    "docID": "N136 Centenaro 2011",
    "et": "Age",
    "off": 26608,
    "sff": "4 weeks"
  },
  {
    "docID": "N136 Centenaro 2011",
    "et": "Age",
    "off": 10658,
    "sff": "4-Week"
  },
  {
    "docID": "N136 Centenaro 2011",
    "et": "Age",
    "off": 1572,
    "sff": "2-week"
  },
  {
    "docID": "N136 Centenaro 2011",
    "et": "Age",
    "off": 32599,
    "sff": "13 weeks old"
  },
  {
    "docID": "N136 Centenaro 2011",
    "et": "Age",
    "off": 7478,
    "sff": "4-week"
  },
  {
    "docID": "N136 Centenaro 2011",
    "et": "Age",
    "off": 16178,
    "sff": "2-week"
  },
  {
    "docID": "N136 Centenaro 2011",
    "et": "Age",
    "off": 7995,
    "sff": "2-Week"
  },
  {
    "docID": "N136 Centenaro 2011",
    "et": "Age",
    "off": 14380,
    "sff": "2-week"
  },
  {
    "docID": "N136 Centenaro 2011",
    "et": "Age",
    "off": 1582,
    "sff": "4-week"
  },
  {
    "docID": "N136 Centenaro 2011",
    "et": "Age",
    "off": 9939,
    "sff": "18 weeks"
  },
  {
    "docID": "N136 Centenaro 2011",
    "et": "Age",
    "off": 2358,
    "sff": "2-week"
  }
]
