[
  {
    "docID": "N137 Centenaro 2013",
    "et": "Weight",
    "off": 5815,
    "sff": "280–380 g"
  },
  {
    "docID": "N137 Centenaro 2013",
    "et": "RatModel",
    "off": 34509,
    "sff": "rat"
  },
  {
    "docID": "N137 Centenaro 2013",
    "et": "RatModel",
    "off": 39261,
    "sff": "rat"
  },
  {
    "docID": "N137 Centenaro 2013",
    "et": "RatModel",
    "off": 39485,
    "sff": "rat"
  },
  {
    "docID": "N137 Centenaro 2013",
    "et": "RatModel",
    "off": 39936,
    "sff": "rat"
  },
  {
    "docID": "N137 Centenaro 2013",
    "et": "RatModel",
    "off": 42147,
    "sff": "rat"
  },
  {
    "docID": "N137 Centenaro 2013",
    "et": "RatModel",
    "off": 15602,
    "sff": "rat"
  },
  {
    "docID": "N137 Centenaro 2013",
    "et": "RatModel",
    "off": 37698,
    "sff": "rat"
  },
  {
    "docID": "N137 Centenaro 2013",
    "et": "RatModel",
    "off": 42450,
    "sff": "rat"
  },
  {
    "docID": "N137 Centenaro 2013",
    "et": "Patient",
    "off": 41934,
    "sff": "patient"
  },
  {
    "docID": "N137 Centenaro 2013",
    "et": "NewZealandRabbit",
    "off": 488,
    "sff": "New"
  },
  {
    "docID": "N137 Centenaro 2013",
    "et": "NewZealandRabbit",
    "off": 43404,
    "sff": "New"
  },
  {
    "docID": "N137 Centenaro 2013",
    "et": "Young",
    "off": 40142,
    "sff": "young"
  },
  {
    "docID": "N137 Centenaro 2013",
    "et": "Aged",
    "off": 5829,
    "sff": "aged"
  },
  {
    "docID": "N137 Centenaro 2013",
    "et": "WistarRat",
    "off": 5764,
    "sff": "Wistar"
  },
  {
    "docID": "N137 Centenaro 2013",
    "et": "WistarRat",
    "off": 5764,
    "sff": "Wistar rats"
  },
  {
    "docID": "N137 Centenaro 2013",
    "et": "RatSpecies",
    "off": 34509,
    "sff": "rat"
  },
  {
    "docID": "N137 Centenaro 2013",
    "et": "RatSpecies",
    "off": 39261,
    "sff": "rat"
  },
  {
    "docID": "N137 Centenaro 2013",
    "et": "RatSpecies",
    "off": 39485,
    "sff": "rat"
  },
  {
    "docID": "N137 Centenaro 2013",
    "et": "RatSpecies",
    "off": 39936,
    "sff": "rat"
  },
  {
    "docID": "N137 Centenaro 2013",
    "et": "RatSpecies",
    "off": 37698,
    "sff": "rat"
  },
  {
    "docID": "N137 Centenaro 2013",
    "et": "RatSpecies",
    "off": 42450,
    "sff": "rat"
  },
  {
    "docID": "N137 Centenaro 2013",
    "et": "RatSpecies",
    "off": 15602,
    "sff": "rat"
  },
  {
    "docID": "N137 Centenaro 2013",
    "et": "RatSpecies",
    "off": 42147,
    "sff": "rat"
  },
  {
    "docID": "N137 Centenaro 2013",
    "et": "Male",
    "off": 5759,
    "sff": "male"
  },
  {
    "docID": "N137 Centenaro 2013",
    "et": "FischerRat",
    "off": 40978,
    "sff": "Fischer"
  },
  {
    "docID": "N137 Centenaro 2013",
    "et": "CatSpecies",
    "off": 33896,
    "sff": "cat"
  },
  {
    "docID": "N137 Centenaro 2013",
    "et": "Adult",
    "off": 1082,
    "sff": "adult"
  },
  {
    "docID": "N137 Centenaro 2013",
    "et": "Adult",
    "off": 24300,
    "sff": "adult"
  },
  {
    "docID": "N137 Centenaro 2013",
    "et": "Adult",
    "off": 37692,
    "sff": "adult"
  },
  {
    "docID": "N137 Centenaro 2013",
    "et": "Adult",
    "off": 37358,
    "sff": "adult"
  },
  {
    "docID": "N137 Centenaro 2013",
    "et": "Adult",
    "off": 37119,
    "sff": "adult"
  },
  {
    "docID": "N137 Centenaro 2013",
    "et": "Adult",
    "off": 42655,
    "sff": "adult"
  },
  {
    "docID": "N137 Centenaro 2013",
    "et": "Adult",
    "off": 43263,
    "sff": "adult"
  },
  {
    "docID": "N137 Centenaro 2013",
    "et": "Adult",
    "off": 34724,
    "sff": "adult"
  },
  {
    "docID": "N137 Centenaro 2013",
    "et": "Adult",
    "off": 4486,
    "sff": "adult"
  },
  {
    "docID": "N137 Centenaro 2013",
    "et": "Adult",
    "off": 40152,
    "sff": "mature"
  },
  {
    "docID": "N137 Centenaro 2013",
    "et": "Adult",
    "off": 39479,
    "sff": "adult"
  },
  {
    "docID": "N137 Centenaro 2013",
    "et": "CatModel",
    "off": 33896,
    "sff": "cat"
  },
  {
    "docID": "N137 Centenaro 2013",
    "et": "Age",
    "off": 19843,
    "sff": "4-week"
  },
  {
    "docID": "N137 Centenaro 2013",
    "et": "Age",
    "off": 8591,
    "sff": "15–20 days"
  },
  {
    "docID": "N137 Centenaro 2013",
    "et": "Age",
    "off": 22144,
    "sff": "4 weeks"
  },
  {
    "docID": "N137 Centenaro 2013",
    "et": "Age",
    "off": 1292,
    "sff": "4-week"
  },
  {
    "docID": "N137 Centenaro 2013",
    "et": "Age",
    "off": 5829,
    "sff": "aged 13 weeks"
  },
  {
    "docID": "N137 Centenaro 2013",
    "et": "Age",
    "off": 10383,
    "sff": "2 weeks"
  },
  {
    "docID": "N137 Centenaro 2013",
    "et": "Age",
    "off": 14296,
    "sff": "Ten days"
  },
  {
    "docID": "N137 Centenaro 2013",
    "et": "Age",
    "off": 45036,
    "sff": "3-year"
  },
  {
    "docID": "N137 Centenaro 2013",
    "et": "Age",
    "off": 23705,
    "sff": "2-week"
  },
  {
    "docID": "N137 Centenaro 2013",
    "et": "Age",
    "off": 31892,
    "sff": "4 weeks"
  },
  {
    "docID": "N137 Centenaro 2013",
    "et": "Age",
    "off": 30950,
    "sff": "4-week"
  },
  {
    "docID": "N137 Centenaro 2013",
    "et": "Age",
    "off": 24817,
    "sff": "4-week"
  },
  {
    "docID": "N137 Centenaro 2013",
    "et": "Age",
    "off": 6770,
    "sff": "4-week"
  },
  {
    "docID": "N137 Centenaro 2013",
    "et": "Age",
    "off": 26307,
    "sff": "10-week"
  },
  {
    "docID": "N137 Centenaro 2013",
    "et": "Age",
    "off": 6896,
    "sff": "4-week"
  },
  {
    "docID": "N137 Centenaro 2013",
    "et": "Age",
    "off": 8506,
    "sff": "14 days"
  },
  {
    "docID": "N137 Centenaro 2013",
    "et": "Age",
    "off": 6844,
    "sff": "4 weeks"
  },
  {
    "docID": "N137 Centenaro 2013",
    "et": "Age",
    "off": 1851,
    "sff": "4 weeks"
  },
  {
    "docID": "N137 Centenaro 2013",
    "et": "Age",
    "off": 6970,
    "sff": "4 weeks"
  },
  {
    "docID": "N137 Centenaro 2013",
    "et": "Age",
    "off": 6650,
    "sff": "2-week"
  },
  {
    "docID": "N137 Centenaro 2013",
    "et": "Age",
    "off": 12838,
    "sff": "16 weeks"
  },
  {
    "docID": "N137 Centenaro 2013",
    "et": "Age",
    "off": 6524,
    "sff": "2-week"
  },
  {
    "docID": "N137 Centenaro 2013",
    "et": "Age",
    "off": 18242,
    "sff": "80 days"
  },
  {
    "docID": "N137 Centenaro 2013",
    "et": "Age",
    "off": 6718,
    "sff": "2 weeks"
  },
  {
    "docID": "N137 Centenaro 2013",
    "et": "Age",
    "off": 18740,
    "sff": "5 days"
  },
  {
    "docID": "N137 Centenaro 2013",
    "et": "Age",
    "off": 24266,
    "sff": "4-week"
  },
  {
    "docID": "N137 Centenaro 2013",
    "et": "Age",
    "off": 26566,
    "sff": "2-week"
  },
  {
    "docID": "N137 Centenaro 2013",
    "et": "Age",
    "off": 6598,
    "sff": "2 weeks"
  },
  {
    "docID": "N137 Centenaro 2013",
    "et": "Age",
    "off": 27674,
    "sff": "90 days"
  },
  {
    "docID": "N137 Centenaro 2013",
    "et": "Age",
    "off": 32196,
    "sff": "4-week"
  },
  {
    "docID": "N137 Centenaro 2013",
    "et": "Age",
    "off": 29509,
    "sff": "4-week"
  },
  {
    "docID": "N137 Centenaro 2013",
    "et": "Age",
    "off": 10432,
    "sff": "4 weeks"
  },
  {
    "docID": "N137 Centenaro 2013",
    "et": "Age",
    "off": 24668,
    "sff": "4-weeks"
  },
  {
    "docID": "N137 Centenaro 2013",
    "et": "Age",
    "off": 26576,
    "sff": "4-week"
  },
  {
    "docID": "N137 Centenaro 2013",
    "et": "Age",
    "off": 5074,
    "sff": "4-week"
  },
  {
    "docID": "N137 Centenaro 2013",
    "et": "Age",
    "off": 8360,
    "sff": "4 days"
  },
  {
    "docID": "N137 Centenaro 2013",
    "et": "Age",
    "off": 10993,
    "sff": "18 weeks"
  },
  {
    "docID": "N137 Centenaro 2013",
    "et": "Age",
    "off": 28243,
    "sff": "4-week"
  },
  {
    "docID": "N137 Centenaro 2013",
    "et": "Age",
    "off": 28121,
    "sff": "4 weeks"
  },
  {
    "docID": "N137 Centenaro 2013",
    "et": "Age",
    "off": 19090,
    "sff": "5 days"
  },
  {
    "docID": "N137 Centenaro 2013",
    "et": "Age",
    "off": 25795,
    "sff": "20 days"
  },
  {
    "docID": "N137 Centenaro 2013",
    "et": "Age",
    "off": 31708,
    "sff": "4-week"
  },
  {
    "docID": "N137 Centenaro 2013",
    "et": "Age",
    "off": 19345,
    "sff": "17 weeks"
  },
  {
    "docID": "N137 Centenaro 2013",
    "et": "Age",
    "off": 22751,
    "sff": "2 weeks"
  },
  {
    "docID": "N137 Centenaro 2013",
    "et": "Age",
    "off": 23715,
    "sff": "4-week"
  },
  {
    "docID": "N137 Centenaro 2013",
    "et": "Age",
    "off": 18598,
    "sff": "2-week"
  },
  {
    "docID": "N137 Centenaro 2013",
    "et": "Age",
    "off": 18835,
    "sff": "95 days"
  },
  {
    "docID": "N137 Centenaro 2013",
    "et": "Age",
    "off": 19243,
    "sff": "4-week"
  },
  {
    "docID": "N137 Centenaro 2013",
    "et": "Age",
    "off": 18562,
    "sff": "5 days"
  },
  {
    "docID": "N137 Centenaro 2013",
    "et": "Age",
    "off": 26122,
    "sff": "10 weeks"
  },
  {
    "docID": "N137 Centenaro 2013",
    "et": "Age",
    "off": 21152,
    "sff": "20 days"
  },
  {
    "docID": "N137 Centenaro 2013",
    "et": "Age",
    "off": 19775,
    "sff": "2-week"
  }
]
