[
  {
    "docID": "N141 Deng 2008",
    "et": "Weight",
    "off": 7827,
    "sff": "10 g"
  },
  {
    "docID": "N141 Deng 2008",
    "et": "Weight",
    "off": 20462,
    "sff": "5G"
  },
  {
    "docID": "N141 Deng 2008",
    "et": "Weight",
    "off": 7666,
    "sff": "240-270 g"
  },
  {
    "docID": "N141 Deng 2008",
    "et": "CD1_Mouse",
    "off": 31966,
    "sff": "CD,"
  },
  {
    "docID": "N141 Deng 2008",
    "et": "RatModel",
    "off": 1172,
    "sff": "rat"
  },
  {
    "docID": "N141 Deng 2008",
    "et": "RatModel",
    "off": 29653,
    "sff": "rat"
  },
  {
    "docID": "N141 Deng 2008",
    "et": "RatModel",
    "off": 23926,
    "sff": "rat"
  },
  {
    "docID": "N141 Deng 2008",
    "et": "RatModel",
    "off": 5335,
    "sff": "rat"
  },
  {
    "docID": "N141 Deng 2008",
    "et": "RatModel",
    "off": 31303,
    "sff": "rat"
  },
  {
    "docID": "N141 Deng 2008",
    "et": "RatModel",
    "off": 32151,
    "sff": "rat"
  },
  {
    "docID": "N141 Deng 2008",
    "et": "RatModel",
    "off": 7731,
    "sff": "rat"
  },
  {
    "docID": "N141 Deng 2008",
    "et": "RatModel",
    "off": 149,
    "sff": "rat"
  },
  {
    "docID": "N141 Deng 2008",
    "et": "RatModel",
    "off": 23668,
    "sff": "rat"
  },
  {
    "docID": "N141 Deng 2008",
    "et": "RatModel",
    "off": 29485,
    "sff": "rat"
  },
  {
    "docID": "N141 Deng 2008",
    "et": "RatModel",
    "off": 30426,
    "sff": "rat"
  },
  {
    "docID": "N141 Deng 2008",
    "et": "RatModel",
    "off": 992,
    "sff": "Rat"
  },
  {
    "docID": "N141 Deng 2008",
    "et": "NewZealandRabbit",
    "off": 25454,
    "sff": "new"
  },
  {
    "docID": "N141 Deng 2008",
    "et": "NewZealandRabbit",
    "off": 103,
    "sff": "new"
  },
  {
    "docID": "N141 Deng 2008",
    "et": "Young",
    "off": 5757,
    "sff": "young"
  },
  {
    "docID": "N141 Deng 2008",
    "et": "SpragueDawleyRat",
    "off": 7640,
    "sff": "Sprague-Dawley"
  },
  {
    "docID": "N141 Deng 2008",
    "et": "Mixed",
    "off": 24848,
    "sff": "mixed"
  },
  {
    "docID": "N141 Deng 2008",
    "et": "RatSpecies",
    "off": 23926,
    "sff": "rat"
  },
  {
    "docID": "N141 Deng 2008",
    "et": "RatSpecies",
    "off": 5335,
    "sff": "rat"
  },
  {
    "docID": "N141 Deng 2008",
    "et": "RatSpecies",
    "off": 31303,
    "sff": "rat"
  },
  {
    "docID": "N141 Deng 2008",
    "et": "RatSpecies",
    "off": 32151,
    "sff": "rat"
  },
  {
    "docID": "N141 Deng 2008",
    "et": "RatSpecies",
    "off": 1172,
    "sff": "rat"
  },
  {
    "docID": "N141 Deng 2008",
    "et": "RatSpecies",
    "off": 23668,
    "sff": "rat"
  },
  {
    "docID": "N141 Deng 2008",
    "et": "RatSpecies",
    "off": 149,
    "sff": "rat"
  },
  {
    "docID": "N141 Deng 2008",
    "et": "RatSpecies",
    "off": 992,
    "sff": "Rat"
  },
  {
    "docID": "N141 Deng 2008",
    "et": "RatSpecies",
    "off": 29653,
    "sff": "rat"
  },
  {
    "docID": "N141 Deng 2008",
    "et": "RatSpecies",
    "off": 30426,
    "sff": "rat"
  },
  {
    "docID": "N141 Deng 2008",
    "et": "RatSpecies",
    "off": 29485,
    "sff": "rat"
  },
  {
    "docID": "N141 Deng 2008",
    "et": "RatSpecies",
    "off": 7731,
    "sff": "rat"
  },
  {
    "docID": "N141 Deng 2008",
    "et": "CD2_Mouse",
    "off": 31966,
    "sff": "CD,"
  },
  {
    "docID": "N141 Deng 2008",
    "et": "Adult",
    "off": 32145,
    "sff": "Adult"
  },
  {
    "docID": "N141 Deng 2008",
    "et": "Adult",
    "off": 25976,
    "sff": "adult"
  },
  {
    "docID": "N141 Deng 2008",
    "et": "Adult",
    "off": 25241,
    "sff": "mature"
  },
  {
    "docID": "N141 Deng 2008",
    "et": "Adult",
    "off": 32013,
    "sff": "adult"
  },
  {
    "docID": "N141 Deng 2008",
    "et": "Adult",
    "off": 27162,
    "sff": "adult"
  },
  {
    "docID": "N141 Deng 2008",
    "et": "Adult",
    "off": 29466,
    "sff": "adult"
  },
  {
    "docID": "N141 Deng 2008",
    "et": "Adult",
    "off": 29647,
    "sff": "adult"
  },
  {
    "docID": "N141 Deng 2008",
    "et": "Adult",
    "off": 26049,
    "sff": "mature"
  },
  {
    "docID": "N141 Deng 2008",
    "et": "Female",
    "off": 7625,
    "sff": "Female"
  },
  {
    "docID": "N141 Deng 2008",
    "et": "Age",
    "off": 17660,
    "sff": "5 weeks"
  },
  {
    "docID": "N141 Deng 2008",
    "et": "Age",
    "off": 17013,
    "sff": "9\u000212 days"
  },
  {
    "docID": "N141 Deng 2008",
    "et": "Age",
    "off": 22753,
    "sff": "2 weeks"
  },
  {
    "docID": "N141 Deng 2008",
    "et": "Age",
    "off": 6657,
    "sff": "5-7 months"
  },
  {
    "docID": "N141 Deng 2008",
    "et": "Age",
    "off": 19186,
    "sff": "4D"
  },
  {
    "docID": "N141 Deng 2008",
    "et": "Age",
    "off": 25257,
    "sff": "5 weeks"
  },
  {
    "docID": "N141 Deng 2008",
    "et": "Age",
    "off": 27828,
    "sff": "2 weeks"
  },
  {
    "docID": "N141 Deng 2008",
    "et": "Age",
    "off": 20790,
    "sff": "2 weeks"
  },
  {
    "docID": "N141 Deng 2008",
    "et": "Age",
    "off": 17891,
    "sff": "5 weeks"
  },
  {
    "docID": "N141 Deng 2008",
    "et": "Age",
    "off": 14667,
    "sff": "Five weeks"
  },
  {
    "docID": "N141 Deng 2008",
    "et": "Age",
    "off": 14795,
    "sff": "Five weeks"
  },
  {
    "docID": "N141 Deng 2008",
    "et": "Age",
    "off": 11215,
    "sff": "Five weeks"
  },
  {
    "docID": "N141 Deng 2008",
    "et": "Age",
    "off": 17381,
    "sff": "7\u00029 days"
  },
  {
    "docID": "N141 Deng 2008",
    "et": "Age",
    "off": 17820,
    "sff": "5 weeks"
  },
  {
    "docID": "N141 Deng 2008",
    "et": "Age",
    "off": 14732,
    "sff": "Five weeks"
  },
  {
    "docID": "N141 Deng 2008",
    "et": "Age",
    "off": 11152,
    "sff": "5 weeks"
  },
  {
    "docID": "N141 Deng 2008",
    "et": "Age",
    "off": 14133,
    "sff": "3 days"
  },
  {
    "docID": "N141 Deng 2008",
    "et": "Age",
    "off": 20330,
    "sff": "5D"
  },
  {
    "docID": "N141 Deng 2008",
    "et": "Age",
    "off": 21400,
    "sff": "3 weeks"
  },
  {
    "docID": "N141 Deng 2008",
    "et": "Age",
    "off": 9466,
    "sff": "3 days"
  },
  {
    "docID": "N141 Deng 2008",
    "et": "Age",
    "off": 22567,
    "sff": "One week"
  },
  {
    "docID": "N141 Deng 2008",
    "et": "Age",
    "off": 21916,
    "sff": "2 weeks"
  },
  {
    "docID": "N141 Deng 2008",
    "et": "Age",
    "off": 15877,
    "sff": "5 weeks"
  },
  {
    "docID": "N141 Deng 2008",
    "et": "Age",
    "off": 18442,
    "sff": "5 weeks"
  },
  {
    "docID": "N141 Deng 2008",
    "et": "Age",
    "off": 16842,
    "sff": "3 weeks"
  },
  {
    "docID": "N141 Deng 2008",
    "et": "Age",
    "off": 9424,
    "sff": "2 weeks"
  }
]
