[
  {
    "docID": "N142 Deumens 2006 2",
    "et": "LewisRat",
    "off": 7814,
    "sff": "Lewis"
  },
  {
    "docID": "N142 Deumens 2006 2",
    "et": "LewisRat",
    "off": 6234,
    "sff": "Lewis"
  },
  {
    "docID": "N142 Deumens 2006 2",
    "et": "LewisRat",
    "off": 7671,
    "sff": "Lewis rat"
  },
  {
    "docID": "N142 Deumens 2006 2",
    "et": "RatModel",
    "off": 40714,
    "sff": "rat"
  },
  {
    "docID": "N142 Deumens 2006 2",
    "et": "RatModel",
    "off": 43527,
    "sff": "rat"
  },
  {
    "docID": "N142 Deumens 2006 2",
    "et": "RatModel",
    "off": 45079,
    "sff": "rat"
  },
  {
    "docID": "N142 Deumens 2006 2",
    "et": "RatModel",
    "off": 44449,
    "sff": "rat"
  },
  {
    "docID": "N142 Deumens 2006 2",
    "et": "RatModel",
    "off": 41842,
    "sff": "rat"
  },
  {
    "docID": "N142 Deumens 2006 2",
    "et": "RatModel",
    "off": 45474,
    "sff": "rat"
  },
  {
    "docID": "N142 Deumens 2006 2",
    "et": "RatModel",
    "off": 7677,
    "sff": "rat"
  },
  {
    "docID": "N142 Deumens 2006 2",
    "et": "RatModel",
    "off": 41101,
    "sff": "rat"
  },
  {
    "docID": "N142 Deumens 2006 2",
    "et": "RatModel",
    "off": 42093,
    "sff": "rat"
  },
  {
    "docID": "N142 Deumens 2006 2",
    "et": "RatModel",
    "off": 43437,
    "sff": "rat"
  },
  {
    "docID": "N142 Deumens 2006 2",
    "et": "RatModel",
    "off": 44621,
    "sff": "rat"
  },
  {
    "docID": "N142 Deumens 2006 2",
    "et": "RatModel",
    "off": 43676,
    "sff": "rat"
  },
  {
    "docID": "N142 Deumens 2006 2",
    "et": "RabbitSpecies",
    "off": 14409,
    "sff": "rabbit"
  },
  {
    "docID": "N142 Deumens 2006 2",
    "et": "RabbitSpecies",
    "off": 14372,
    "sff": "rabbit"
  },
  {
    "docID": "N142 Deumens 2006 2",
    "et": "Mixed",
    "off": 694,
    "sff": "mixed"
  },
  {
    "docID": "N142 Deumens 2006 2",
    "et": "Mixed",
    "off": 4551,
    "sff": "mixed"
  },
  {
    "docID": "N142 Deumens 2006 2",
    "et": "Mixed",
    "off": 3579,
    "sff": "mixed"
  },
  {
    "docID": "N142 Deumens 2006 2",
    "et": "Mixed",
    "off": 30127,
    "sff": "mixed"
  },
  {
    "docID": "N142 Deumens 2006 2",
    "et": "Mixed",
    "off": 8719,
    "sff": "mixed"
  },
  {
    "docID": "N142 Deumens 2006 2",
    "et": "Mixed",
    "off": 4208,
    "sff": "mixed"
  },
  {
    "docID": "N142 Deumens 2006 2",
    "et": "RabbitModel",
    "off": 14372,
    "sff": "rabbit"
  },
  {
    "docID": "N142 Deumens 2006 2",
    "et": "RabbitModel",
    "off": 14409,
    "sff": "rabbit"
  },
  {
    "docID": "N142 Deumens 2006 2",
    "et": "AgeCategory",
    "off": 6369,
    "sff": "age"
  },
  {
    "docID": "N142 Deumens 2006 2",
    "et": "AgeCategory",
    "off": 6394,
    "sff": "age"
  },
  {
    "docID": "N142 Deumens 2006 2",
    "et": "AgeCategory",
    "off": 11276,
    "sff": "age"
  },
  {
    "docID": "N142 Deumens 2006 2",
    "et": "RatSpecies",
    "off": 40714,
    "sff": "rat"
  },
  {
    "docID": "N142 Deumens 2006 2",
    "et": "RatSpecies",
    "off": 41101,
    "sff": "rat"
  },
  {
    "docID": "N142 Deumens 2006 2",
    "et": "RatSpecies",
    "off": 42093,
    "sff": "rat"
  },
  {
    "docID": "N142 Deumens 2006 2",
    "et": "RatSpecies",
    "off": 43437,
    "sff": "rat"
  },
  {
    "docID": "N142 Deumens 2006 2",
    "et": "RatSpecies",
    "off": 44621,
    "sff": "rat"
  },
  {
    "docID": "N142 Deumens 2006 2",
    "et": "RatSpecies",
    "off": 7677,
    "sff": "rat"
  },
  {
    "docID": "N142 Deumens 2006 2",
    "et": "RatSpecies",
    "off": 43676,
    "sff": "rat"
  },
  {
    "docID": "N142 Deumens 2006 2",
    "et": "RatSpecies",
    "off": 43527,
    "sff": "rat"
  },
  {
    "docID": "N142 Deumens 2006 2",
    "et": "RatSpecies",
    "off": 45079,
    "sff": "rat"
  },
  {
    "docID": "N142 Deumens 2006 2",
    "et": "RatSpecies",
    "off": 41842,
    "sff": "rat"
  },
  {
    "docID": "N142 Deumens 2006 2",
    "et": "RatSpecies",
    "off": 45474,
    "sff": "rat"
  },
  {
    "docID": "N142 Deumens 2006 2",
    "et": "RatSpecies",
    "off": 44449,
    "sff": "rat"
  },
  {
    "docID": "N142 Deumens 2006 2",
    "et": "Male",
    "off": 6229,
    "sff": "male"
  },
  {
    "docID": "N142 Deumens 2006 2",
    "et": "CatSpecies",
    "off": 1754,
    "sff": "Cat"
  },
  {
    "docID": "N142 Deumens 2006 2",
    "et": "Adult",
    "off": 44443,
    "sff": "adult"
  },
  {
    "docID": "N142 Deumens 2006 2",
    "et": "Adult",
    "off": 46170,
    "sff": "adult"
  },
  {
    "docID": "N142 Deumens 2006 2",
    "et": "Adult",
    "off": 45653,
    "sff": "adult"
  },
  {
    "docID": "N142 Deumens 2006 2",
    "et": "Adult",
    "off": 6223,
    "sff": "Adult"
  },
  {
    "docID": "N142 Deumens 2006 2",
    "et": "Adult",
    "off": 43670,
    "sff": "adult"
  },
  {
    "docID": "N142 Deumens 2006 2",
    "et": "Adult",
    "off": 7665,
    "sff": "adult"
  },
  {
    "docID": "N142 Deumens 2006 2",
    "et": "Adult",
    "off": 45073,
    "sff": "adult"
  },
  {
    "docID": "N142 Deumens 2006 2",
    "et": "Adult",
    "off": 36819,
    "sff": "adult"
  },
  {
    "docID": "N142 Deumens 2006 2",
    "et": "Adult",
    "off": 42888,
    "sff": "adult"
  },
  {
    "docID": "N142 Deumens 2006 2",
    "et": "Adult",
    "off": 40708,
    "sff": "adult"
  },
  {
    "docID": "N142 Deumens 2006 2",
    "et": "Adult",
    "off": 43431,
    "sff": "adult"
  },
  {
    "docID": "N142 Deumens 2006 2",
    "et": "Adult",
    "off": 44263,
    "sff": "adult"
  },
  {
    "docID": "N142 Deumens 2006 2",
    "et": "Adult",
    "off": 44615,
    "sff": "adult"
  },
  {
    "docID": "N142 Deumens 2006 2",
    "et": "Adult",
    "off": 43521,
    "sff": "adult"
  },
  {
    "docID": "N142 Deumens 2006 2",
    "et": "Adult",
    "off": 46940,
    "sff": "adult"
  },
  {
    "docID": "N142 Deumens 2006 2",
    "et": "LongEvansRat",
    "off": 38774,
    "sff": "long"
  },
  {
    "docID": "N142 Deumens 2006 2",
    "et": "LongEvansRat",
    "off": 45449,
    "sff": "long"
  },
  {
    "docID": "N142 Deumens 2006 2",
    "et": "CatModel",
    "off": 1754,
    "sff": "Cat"
  },
  {
    "docID": "N142 Deumens 2006 2",
    "et": "Age",
    "off": 7803,
    "sff": "9-week-old"
  },
  {
    "docID": "N142 Deumens 2006 2",
    "et": "Age",
    "off": 26419,
    "sff": "1D"
  },
  {
    "docID": "N142 Deumens 2006 2",
    "et": "Age",
    "off": 9920,
    "sff": "4 days"
  },
  {
    "docID": "N142 Deumens 2006 2",
    "et": "Age",
    "off": 35180,
    "sff": "4 weeks"
  },
  {
    "docID": "N142 Deumens 2006 2",
    "et": "Age",
    "off": 6369,
    "sff": "age of 7–9 weeks"
  },
  {
    "docID": "N142 Deumens 2006 2",
    "et": "Age",
    "off": 7220,
    "sff": "9 weeks"
  },
  {
    "docID": "N142 Deumens 2006 2",
    "et": "Age",
    "off": 13388,
    "sff": "16 weeks"
  },
  {
    "docID": "N142 Deumens 2006 2",
    "et": "Age",
    "off": 7121,
    "sff": "12 weeks"
  },
  {
    "docID": "N142 Deumens 2006 2",
    "et": "Age",
    "off": 35256,
    "sff": "4 weeks"
  },
  {
    "docID": "N142 Deumens 2006 2",
    "et": "Age",
    "off": 34555,
    "sff": "4 weeks"
  },
  {
    "docID": "N142 Deumens 2006 2",
    "et": "Age",
    "off": 7257,
    "sff": "13 weeks"
  },
  {
    "docID": "N142 Deumens 2006 2",
    "et": "Age",
    "off": 12171,
    "sff": "Four weeks"
  },
  {
    "docID": "N142 Deumens 2006 2",
    "et": "Age",
    "off": 6394,
    "sff": "age of 9 weeks"
  },
  {
    "docID": "N142 Deumens 2006 2",
    "et": "Age",
    "off": 7351,
    "sff": "16 weeks"
  },
  {
    "docID": "N142 Deumens 2006 2",
    "et": "Age",
    "off": 13901,
    "sff": "3 days"
  },
  {
    "docID": "N142 Deumens 2006 2",
    "et": "Age",
    "off": 9118,
    "sff": "2 days"
  },
  {
    "docID": "N142 Deumens 2006 2",
    "et": "Age",
    "off": 26192,
    "sff": "1D"
  },
  {
    "docID": "N142 Deumens 2006 2",
    "et": "Age",
    "off": 8994,
    "sff": "4–5 days"
  },
  {
    "docID": "N142 Deumens 2006 2",
    "et": "Age",
    "off": 18683,
    "sff": "2 weeks"
  },
  {
    "docID": "N142 Deumens 2006 2",
    "et": "Age",
    "off": 29134,
    "sff": "4 weeks"
  },
  {
    "docID": "N142 Deumens 2006 2",
    "et": "Age",
    "off": 10034,
    "sff": "One day"
  },
  {
    "docID": "N142 Deumens 2006 2",
    "et": "Age",
    "off": 34985,
    "sff": "8–10 weeks"
  },
  {
    "docID": "N142 Deumens 2006 2",
    "et": "Age",
    "off": 35424,
    "sff": "13 weeks"
  },
  {
    "docID": "N142 Deumens 2006 2",
    "et": "Age",
    "off": 6679,
    "sff": "4 weeks"
  },
  {
    "docID": "N142 Deumens 2006 2",
    "et": "Age",
    "off": 30203,
    "sff": "8-week-old"
  },
  {
    "docID": "N142 Deumens 2006 2",
    "et": "Age",
    "off": 36078,
    "sff": "12 weeks"
  },
  {
    "docID": "N142 Deumens 2006 2",
    "et": "Age",
    "off": 4718,
    "sff": "Four weeks"
  },
  {
    "docID": "N142 Deumens 2006 2",
    "et": "Age",
    "off": 11276,
    "sff": "age of 9 weeks"
  },
  {
    "docID": "N142 Deumens 2006 2",
    "et": "Age",
    "off": 26275,
    "sff": "4 weeks"
  },
  {
    "docID": "N142 Deumens 2006 2",
    "et": "Age",
    "off": 6501,
    "sff": "4 weeks"
  }
]
