[
  {
    "docID": "N144 Ferrero-Gutierrez 2013",
    "et": "Weight",
    "off": 7330,
    "sff": "1-2 g"
  },
  {
    "docID": "N144 Ferrero-Gutierrez 2013",
    "et": "Weight",
    "off": 14608,
    "sff": "250 g"
  },
  {
    "docID": "N144 Ferrero-Gutierrez 2013",
    "et": "Weight",
    "off": 9276,
    "sff": "200 g; 10"
  },
  {
    "docID": "N144 Ferrero-Gutierrez 2013",
    "et": "Weight",
    "off": 7943,
    "sff": "500 g"
  },
  {
    "docID": "N144 Ferrero-Gutierrez 2013",
    "et": "Weight",
    "off": 6380,
    "sff": "2000 g"
  },
  {
    "docID": "N144 Ferrero-Gutierrez 2013",
    "et": "CD1_Mouse",
    "off": 11567,
    "sff": "CDP"
  },
  {
    "docID": "N144 Ferrero-Gutierrez 2013",
    "et": "RatModel",
    "off": 34208,
    "sff": "rat"
  },
  {
    "docID": "N144 Ferrero-Gutierrez 2013",
    "et": "RatModel",
    "off": 47875,
    "sff": "rat"
  },
  {
    "docID": "N144 Ferrero-Gutierrez 2013",
    "et": "RatModel",
    "off": 43714,
    "sff": "rat"
  },
  {
    "docID": "N144 Ferrero-Gutierrez 2013",
    "et": "RatModel",
    "off": 31566,
    "sff": "rat"
  },
  {
    "docID": "N144 Ferrero-Gutierrez 2013",
    "et": "RatModel",
    "off": 44520,
    "sff": "rat"
  },
  {
    "docID": "N144 Ferrero-Gutierrez 2013",
    "et": "RatModel",
    "off": 44202,
    "sff": "rat"
  },
  {
    "docID": "N144 Ferrero-Gutierrez 2013",
    "et": "RatModel",
    "off": 49924,
    "sff": "rat"
  },
  {
    "docID": "N144 Ferrero-Gutierrez 2013",
    "et": "RatModel",
    "off": 49734,
    "sff": "rat"
  },
  {
    "docID": "N144 Ferrero-Gutierrez 2013",
    "et": "Patient",
    "off": 5515,
    "sff": "patient"
  },
  {
    "docID": "N144 Ferrero-Gutierrez 2013",
    "et": "NewZealandRabbit",
    "off": 5470,
    "sff": "new"
  },
  {
    "docID": "N144 Ferrero-Gutierrez 2013",
    "et": "NewZealandRabbit",
    "off": 36989,
    "sff": "new"
  },
  {
    "docID": "N144 Ferrero-Gutierrez 2013",
    "et": "NewZealandRabbit",
    "off": 5675,
    "sff": "new"
  },
  {
    "docID": "N144 Ferrero-Gutierrez 2013",
    "et": "NewZealandRabbit",
    "off": 27383,
    "sff": "new"
  },
  {
    "docID": "N144 Ferrero-Gutierrez 2013",
    "et": "NewZealandRabbit",
    "off": 31159,
    "sff": "new"
  },
  {
    "docID": "N144 Ferrero-Gutierrez 2013",
    "et": "NewZealandRabbit",
    "off": 40823,
    "sff": "new"
  },
  {
    "docID": "N144 Ferrero-Gutierrez 2013",
    "et": "NewZealandRabbit",
    "off": 4262,
    "sff": "new"
  },
  {
    "docID": "N144 Ferrero-Gutierrez 2013",
    "et": "NewZealandRabbit",
    "off": 37334,
    "sff": "new"
  },
  {
    "docID": "N144 Ferrero-Gutierrez 2013",
    "et": "NewZealandRabbit",
    "off": 677,
    "sff": "new"
  },
  {
    "docID": "N144 Ferrero-Gutierrez 2013",
    "et": "NewZealandRabbit",
    "off": 43668,
    "sff": "new"
  },
  {
    "docID": "N144 Ferrero-Gutierrez 2013",
    "et": "NewZealandRabbit",
    "off": 37504,
    "sff": "new"
  },
  {
    "docID": "N144 Ferrero-Gutierrez 2013",
    "et": "MouseModel",
    "off": 19039,
    "sff": "mouse"
  },
  {
    "docID": "N144 Ferrero-Gutierrez 2013",
    "et": "MouseModel",
    "off": 19135,
    "sff": "mouse"
  },
  {
    "docID": "N144 Ferrero-Gutierrez 2013",
    "et": "MouseModel",
    "off": 13150,
    "sff": "mouse"
  },
  {
    "docID": "N144 Ferrero-Gutierrez 2013",
    "et": "MouseModel",
    "off": 19278,
    "sff": "mouse"
  },
  {
    "docID": "N144 Ferrero-Gutierrez 2013",
    "et": "MouseModel",
    "off": 19351,
    "sff": "mouse"
  },
  {
    "docID": "N144 Ferrero-Gutierrez 2013",
    "et": "MouseModel",
    "off": 19429,
    "sff": "mouse"
  },
  {
    "docID": "N144 Ferrero-Gutierrez 2013",
    "et": "MouseModel",
    "off": 13019,
    "sff": "mouse"
  },
  {
    "docID": "N144 Ferrero-Gutierrez 2013",
    "et": "MouseModel",
    "off": 19210,
    "sff": "mouse"
  },
  {
    "docID": "N144 Ferrero-Gutierrez 2013",
    "et": "MouseModel",
    "off": 18968,
    "sff": "mouse"
  },
  {
    "docID": "N144 Ferrero-Gutierrez 2013",
    "et": "AgeCategory",
    "off": 14572,
    "sff": "age"
  },
  {
    "docID": "N144 Ferrero-Gutierrez 2013",
    "et": "WistarRat",
    "off": 7393,
    "sff": "Wistar rats"
  },
  {
    "docID": "N144 Ferrero-Gutierrez 2013",
    "et": "WistarRat",
    "off": 7393,
    "sff": "Wistar"
  },
  {
    "docID": "N144 Ferrero-Gutierrez 2013",
    "et": "WistarRat",
    "off": 14479,
    "sff": "Wistar"
  },
  {
    "docID": "N144 Ferrero-Gutierrez 2013",
    "et": "WistarRat",
    "off": 14479,
    "sff": "Wistar rats"
  },
  {
    "docID": "N144 Ferrero-Gutierrez 2013",
    "et": "WistarRat",
    "off": 8677,
    "sff": "Wistar rats"
  },
  {
    "docID": "N144 Ferrero-Gutierrez 2013",
    "et": "WistarRat",
    "off": 8677,
    "sff": "Wistar"
  },
  {
    "docID": "N144 Ferrero-Gutierrez 2013",
    "et": "RatSpecies",
    "off": 43714,
    "sff": "rat"
  },
  {
    "docID": "N144 Ferrero-Gutierrez 2013",
    "et": "RatSpecies",
    "off": 34208,
    "sff": "rat"
  },
  {
    "docID": "N144 Ferrero-Gutierrez 2013",
    "et": "RatSpecies",
    "off": 49734,
    "sff": "rat"
  },
  {
    "docID": "N144 Ferrero-Gutierrez 2013",
    "et": "RatSpecies",
    "off": 49924,
    "sff": "rat"
  },
  {
    "docID": "N144 Ferrero-Gutierrez 2013",
    "et": "RatSpecies",
    "off": 47875,
    "sff": "rat"
  },
  {
    "docID": "N144 Ferrero-Gutierrez 2013",
    "et": "RatSpecies",
    "off": 44202,
    "sff": "rat"
  },
  {
    "docID": "N144 Ferrero-Gutierrez 2013",
    "et": "RatSpecies",
    "off": 44520,
    "sff": "rat"
  },
  {
    "docID": "N144 Ferrero-Gutierrez 2013",
    "et": "RatSpecies",
    "off": 31566,
    "sff": "rat"
  },
  {
    "docID": "N144 Ferrero-Gutierrez 2013",
    "et": "CD2_Mouse",
    "off": 11567,
    "sff": "CDP"
  },
  {
    "docID": "N144 Ferrero-Gutierrez 2013",
    "et": "MouseSpecies",
    "off": 19039,
    "sff": "mouse"
  },
  {
    "docID": "N144 Ferrero-Gutierrez 2013",
    "et": "MouseSpecies",
    "off": 19135,
    "sff": "mouse"
  },
  {
    "docID": "N144 Ferrero-Gutierrez 2013",
    "et": "MouseSpecies",
    "off": 19429,
    "sff": "mouse"
  },
  {
    "docID": "N144 Ferrero-Gutierrez 2013",
    "et": "MouseSpecies",
    "off": 18968,
    "sff": "mouse"
  },
  {
    "docID": "N144 Ferrero-Gutierrez 2013",
    "et": "MouseSpecies",
    "off": 19351,
    "sff": "mouse"
  },
  {
    "docID": "N144 Ferrero-Gutierrez 2013",
    "et": "MouseSpecies",
    "off": 19210,
    "sff": "mouse"
  },
  {
    "docID": "N144 Ferrero-Gutierrez 2013",
    "et": "MouseSpecies",
    "off": 13019,
    "sff": "mouse"
  },
  {
    "docID": "N144 Ferrero-Gutierrez 2013",
    "et": "MouseSpecies",
    "off": 13150,
    "sff": "mouse"
  },
  {
    "docID": "N144 Ferrero-Gutierrez 2013",
    "et": "MouseSpecies",
    "off": 19278,
    "sff": "mouse"
  },
  {
    "docID": "N144 Ferrero-Gutierrez 2013",
    "et": "Adult",
    "off": 4303,
    "sff": "adult"
  },
  {
    "docID": "N144 Ferrero-Gutierrez 2013",
    "et": "Adult",
    "off": 48898,
    "sff": "adult"
  },
  {
    "docID": "N144 Ferrero-Gutierrez 2013",
    "et": "Adult",
    "off": 47869,
    "sff": "adult"
  },
  {
    "docID": "N144 Ferrero-Gutierrez 2013",
    "et": "Adult",
    "off": 48263,
    "sff": "Adult"
  },
  {
    "docID": "N144 Ferrero-Gutierrez 2013",
    "et": "Adult",
    "off": 30208,
    "sff": "adult"
  },
  {
    "docID": "N144 Ferrero-Gutierrez 2013",
    "et": "Adult",
    "off": 49728,
    "sff": "adult"
  },
  {
    "docID": "N144 Ferrero-Gutierrez 2013",
    "et": "Adult",
    "off": 8664,
    "sff": "adult"
  },
  {
    "docID": "N144 Ferrero-Gutierrez 2013",
    "et": "Adult",
    "off": 44858,
    "sff": "adult"
  },
  {
    "docID": "N144 Ferrero-Gutierrez 2013",
    "et": "Adult",
    "off": 44939,
    "sff": "adult"
  },
  {
    "docID": "N144 Ferrero-Gutierrez 2013",
    "et": "Adult",
    "off": 45336,
    "sff": "adult"
  },
  {
    "docID": "N144 Ferrero-Gutierrez 2013",
    "et": "LongEvansRat",
    "off": 16440,
    "sff": "long"
  },
  {
    "docID": "N144 Ferrero-Gutierrez 2013",
    "et": "Female",
    "off": 8670,
    "sff": "female"
  },
  {
    "docID": "N144 Ferrero-Gutierrez 2013",
    "et": "Female",
    "off": 14472,
    "sff": "female"
  },
  {
    "docID": "N144 Ferrero-Gutierrez 2013",
    "et": "Age",
    "off": 21856,
    "sff": "45 days"
  },
  {
    "docID": "N144 Ferrero-Gutierrez 2013",
    "et": "Age",
    "off": 26207,
    "sff": "45 days"
  },
  {
    "docID": "N144 Ferrero-Gutierrez 2013",
    "et": "Age",
    "off": 15281,
    "sff": "7 days"
  },
  {
    "docID": "N144 Ferrero-Gutierrez 2013",
    "et": "Age",
    "off": 24827,
    "sff": "2D"
  },
  {
    "docID": "N144 Ferrero-Gutierrez 2013",
    "et": "Age",
    "off": 8976,
    "sff": "14 days"
  },
  {
    "docID": "N144 Ferrero-Gutierrez 2013",
    "et": "Age",
    "off": 25701,
    "sff": "45 days"
  },
  {
    "docID": "N144 Ferrero-Gutierrez 2013",
    "et": "Age",
    "off": 40351,
    "sff": "90 days"
  },
  {
    "docID": "N144 Ferrero-Gutierrez 2013",
    "et": "Age",
    "off": 49769,
    "sff": "3-D"
  },
  {
    "docID": "N144 Ferrero-Gutierrez 2013",
    "et": "Age",
    "off": 1494,
    "sff": "45 days"
  },
  {
    "docID": "N144 Ferrero-Gutierrez 2013",
    "et": "Age",
    "off": 14577,
    "sff": "12 weeks old"
  },
  {
    "docID": "N144 Ferrero-Gutierrez 2013",
    "et": "Age",
    "off": 35479,
    "sff": "45 days"
  },
  {
    "docID": "N144 Ferrero-Gutierrez 2013",
    "et": "Age",
    "off": 8407,
    "sff": "2-3 days"
  },
  {
    "docID": "N144 Ferrero-Gutierrez 2013",
    "et": "Age",
    "off": 17633,
    "sff": "90 days"
  },
  {
    "docID": "N144 Ferrero-Gutierrez 2013",
    "et": "Age",
    "off": 26784,
    "sff": "90 days"
  },
  {
    "docID": "N144 Ferrero-Gutierrez 2013",
    "et": "Age",
    "off": 21155,
    "sff": "7 days"
  },
  {
    "docID": "N144 Ferrero-Gutierrez 2013",
    "et": "Age",
    "off": 25872,
    "sff": "45 days"
  },
  {
    "docID": "N144 Ferrero-Gutierrez 2013",
    "et": "Age",
    "off": 17945,
    "sff": "10 days"
  },
  {
    "docID": "N144 Ferrero-Gutierrez 2013",
    "et": "Age",
    "off": 17249,
    "sff": "13 weeks"
  },
  {
    "docID": "N144 Ferrero-Gutierrez 2013",
    "et": "Age",
    "off": 28088,
    "sff": "90 days"
  },
  {
    "docID": "N144 Ferrero-Gutierrez 2013",
    "et": "Age",
    "off": 38200,
    "sff": "3 months"
  },
  {
    "docID": "N144 Ferrero-Gutierrez 2013",
    "et": "Age",
    "off": 31061,
    "sff": "5D"
  },
  {
    "docID": "N144 Ferrero-Gutierrez 2013",
    "et": "Age",
    "off": 34530,
    "sff": "20-30 days"
  },
  {
    "docID": "N144 Ferrero-Gutierrez 2013",
    "et": "Age",
    "off": 8690,
    "sff": "three months old"
  },
  {
    "docID": "N144 Ferrero-Gutierrez 2013",
    "et": "Age",
    "off": 21476,
    "sff": "7 days"
  },
  {
    "docID": "N144 Ferrero-Gutierrez 2013",
    "et": "Age",
    "off": 15334,
    "sff": "3 days"
  },
  {
    "docID": "N144 Ferrero-Gutierrez 2013",
    "et": "Age",
    "off": 35376,
    "sff": "21 days"
  },
  {
    "docID": "N144 Ferrero-Gutierrez 2013",
    "et": "Age",
    "off": 24529,
    "sff": "7 days"
  },
  {
    "docID": "N144 Ferrero-Gutierrez 2013",
    "et": "Age",
    "off": 27210,
    "sff": "90 days"
  },
  {
    "docID": "N144 Ferrero-Gutierrez 2013",
    "et": "Age",
    "off": 36671,
    "sff": "90 days"
  },
  {
    "docID": "N144 Ferrero-Gutierrez 2013",
    "et": "Age",
    "off": 26109,
    "sff": "90 days"
  },
  {
    "docID": "N144 Ferrero-Gutierrez 2013",
    "et": "Age",
    "off": 37825,
    "sff": "90 days"
  },
  {
    "docID": "N144 Ferrero-Gutierrez 2013",
    "et": "Age",
    "off": 22806,
    "sff": "90 days"
  },
  {
    "docID": "N144 Ferrero-Gutierrez 2013",
    "et": "Age",
    "off": 10876,
    "sff": "7 days"
  },
  {
    "docID": "N144 Ferrero-Gutierrez 2013",
    "et": "Age",
    "off": 21784,
    "sff": "90 days"
  },
  {
    "docID": "N144 Ferrero-Gutierrez 2013",
    "et": "Age",
    "off": 24253,
    "sff": "7 days"
  },
  {
    "docID": "N144 Ferrero-Gutierrez 2013",
    "et": "Age",
    "off": 50988,
    "sff": "one year"
  },
  {
    "docID": "N144 Ferrero-Gutierrez 2013",
    "et": "Age",
    "off": 27535,
    "sff": "90 days"
  },
  {
    "docID": "N144 Ferrero-Gutierrez 2013",
    "et": "Age",
    "off": 34835,
    "sff": "90 days"
  },
  {
    "docID": "N144 Ferrero-Gutierrez 2013",
    "et": "Age",
    "off": 34375,
    "sff": "7 days"
  },
  {
    "docID": "N144 Ferrero-Gutierrez 2013",
    "et": "Age",
    "off": 22353,
    "sff": "90 days"
  }
]
