[
  {
    "docID": "N146 Fouad 2009",
    "et": "Weight",
    "off": 6246,
    "sff": "10mg"
  },
  {
    "docID": "N146 Fouad 2009",
    "et": "Weight",
    "off": 5365,
    "sff": "0.75mg"
  },
  {
    "docID": "N146 Fouad 2009",
    "et": "Weight",
    "off": 7188,
    "sff": "100mg"
  },
  {
    "docID": "N146 Fouad 2009",
    "et": "Weight",
    "off": 5291,
    "sff": "200 g"
  },
  {
    "docID": "N146 Fouad 2009",
    "et": "Weight",
    "off": 5387,
    "sff": "200 g"
  },
  {
    "docID": "N146 Fouad 2009",
    "et": "Weight",
    "off": 7345,
    "sff": "70mg"
  },
  {
    "docID": "N146 Fouad 2009",
    "et": "Weight",
    "off": 7354,
    "sff": "100mg"
  },
  {
    "docID": "N146 Fouad 2009",
    "et": "GuineaPigSpecies",
    "off": 6527,
    "sff": "guineapig"
  },
  {
    "docID": "N146 Fouad 2009",
    "et": "RatModel",
    "off": 28313,
    "sff": "rat"
  },
  {
    "docID": "N146 Fouad 2009",
    "et": "RatModel",
    "off": 28729,
    "sff": "rat"
  },
  {
    "docID": "N146 Fouad 2009",
    "et": "RatModel",
    "off": 29482,
    "sff": "rat"
  },
  {
    "docID": "N146 Fouad 2009",
    "et": "RatModel",
    "off": 6988,
    "sff": "rat"
  },
  {
    "docID": "N146 Fouad 2009",
    "et": "RatModel",
    "off": 28845,
    "sff": "rat"
  },
  {
    "docID": "N146 Fouad 2009",
    "et": "RatModel",
    "off": 26606,
    "sff": "rat"
  },
  {
    "docID": "N146 Fouad 2009",
    "et": "RatModel",
    "off": 1909,
    "sff": "rat"
  },
  {
    "docID": "N146 Fouad 2009",
    "et": "RatModel",
    "off": 26020,
    "sff": "rat"
  },
  {
    "docID": "N146 Fouad 2009",
    "et": "RatModel",
    "off": 29108,
    "sff": "rat"
  },
  {
    "docID": "N146 Fouad 2009",
    "et": "RatModel",
    "off": 28022,
    "sff": "rat"
  },
  {
    "docID": "N146 Fouad 2009",
    "et": "Patient",
    "off": 17960,
    "sff": "patient"
  },
  {
    "docID": "N146 Fouad 2009",
    "et": "Patient",
    "off": 18240,
    "sff": "patient"
  },
  {
    "docID": "N146 Fouad 2009",
    "et": "NewZealandRabbit",
    "off": 25748,
    "sff": "New"
  },
  {
    "docID": "N146 Fouad 2009",
    "et": "NewZealandRabbit",
    "off": 25430,
    "sff": "new"
  },
  {
    "docID": "N146 Fouad 2009",
    "et": "Mixed",
    "off": 6509,
    "sff": "mixed"
  },
  {
    "docID": "N146 Fouad 2009",
    "et": "GuineaPigModel",
    "off": 6527,
    "sff": "guineapig"
  },
  {
    "docID": "N146 Fouad 2009",
    "et": "RatSpecies",
    "off": 29482,
    "sff": "rat"
  },
  {
    "docID": "N146 Fouad 2009",
    "et": "RatSpecies",
    "off": 28313,
    "sff": "rat"
  },
  {
    "docID": "N146 Fouad 2009",
    "et": "RatSpecies",
    "off": 28729,
    "sff": "rat"
  },
  {
    "docID": "N146 Fouad 2009",
    "et": "RatSpecies",
    "off": 28022,
    "sff": "rat"
  },
  {
    "docID": "N146 Fouad 2009",
    "et": "RatSpecies",
    "off": 1909,
    "sff": "rat"
  },
  {
    "docID": "N146 Fouad 2009",
    "et": "RatSpecies",
    "off": 26020,
    "sff": "rat"
  },
  {
    "docID": "N146 Fouad 2009",
    "et": "RatSpecies",
    "off": 29108,
    "sff": "rat"
  },
  {
    "docID": "N146 Fouad 2009",
    "et": "RatSpecies",
    "off": 26606,
    "sff": "rat"
  },
  {
    "docID": "N146 Fouad 2009",
    "et": "RatSpecies",
    "off": 28845,
    "sff": "rat"
  },
  {
    "docID": "N146 Fouad 2009",
    "et": "RatSpecies",
    "off": 6988,
    "sff": "rat"
  },
  {
    "docID": "N146 Fouad 2009",
    "et": "HartleyGuineaPig",
    "off": 6527,
    "sff": "guineapig"
  },
  {
    "docID": "N146 Fouad 2009",
    "et": "FischerRat",
    "off": 28362,
    "sff": "Fischer"
  },
  {
    "docID": "N146 Fouad 2009",
    "et": "FischerRat",
    "off": 4953,
    "sff": "Fischer"
  },
  {
    "docID": "N146 Fouad 2009",
    "et": "CatSpecies",
    "off": 29847,
    "sff": "cat"
  },
  {
    "docID": "N146 Fouad 2009",
    "et": "Adult",
    "off": 4940,
    "sff": "adult"
  },
  {
    "docID": "N146 Fouad 2009",
    "et": "LongEvansRat",
    "off": 24138,
    "sff": "long"
  },
  {
    "docID": "N146 Fouad 2009",
    "et": "CatModel",
    "off": 29847,
    "sff": "cat"
  },
  {
    "docID": "N146 Fouad 2009",
    "et": "Female",
    "off": 4946,
    "sff": "female"
  },
  {
    "docID": "N146 Fouad 2009",
    "et": "Female",
    "off": 26198,
    "sff": "female"
  },
  {
    "docID": "N146 Fouad 2009",
    "et": "Age",
    "off": 6360,
    "sff": "4 weeks"
  },
  {
    "docID": "N146 Fouad 2009",
    "et": "Age",
    "off": 11760,
    "sff": "12 weeks"
  },
  {
    "docID": "N146 Fouad 2009",
    "et": "Age",
    "off": 6610,
    "sff": "3 weeks"
  },
  {
    "docID": "N146 Fouad 2009",
    "et": "Age",
    "off": 7250,
    "sff": "12 weeks"
  },
  {
    "docID": "N146 Fouad 2009",
    "et": "Age",
    "off": 14130,
    "sff": "3 weeks"
  },
  {
    "docID": "N146 Fouad 2009",
    "et": "Age",
    "off": 11686,
    "sff": "7 weeks"
  },
  {
    "docID": "N146 Fouad 2009",
    "et": "Age",
    "off": 1454,
    "sff": "3 weeks"
  },
  {
    "docID": "N146 Fouad 2009",
    "et": "Age",
    "off": 10063,
    "sff": "3 days"
  },
  {
    "docID": "N146 Fouad 2009",
    "et": "Age",
    "off": 14580,
    "sff": "2 weeks"
  },
  {
    "docID": "N146 Fouad 2009",
    "et": "Age",
    "off": 20276,
    "sff": "2 weeks"
  },
  {
    "docID": "N146 Fouad 2009",
    "et": "Age",
    "off": 1377,
    "sff": "14 weeks"
  },
  {
    "docID": "N146 Fouad 2009",
    "et": "Age",
    "off": 14791,
    "sff": "2 weeks"
  },
  {
    "docID": "N146 Fouad 2009",
    "et": "Age",
    "off": 6444,
    "sff": "12 weeks"
  },
  {
    "docID": "N146 Fouad 2009",
    "et": "Age",
    "off": 11618,
    "sff": "4 weeks"
  },
  {
    "docID": "N146 Fouad 2009",
    "et": "Age",
    "off": 7750,
    "sff": "2 days"
  },
  {
    "docID": "N146 Fouad 2009",
    "et": "Age",
    "off": 1472,
    "sff": "2 weeks"
  },
  {
    "docID": "N146 Fouad 2009",
    "et": "Age",
    "off": 14435,
    "sff": "12 weeks"
  },
  {
    "docID": "N146 Fouad 2009",
    "et": "Age",
    "off": 20197,
    "sff": "2 weeks"
  }
]
