[
  {
    "docID": "N148 Gorrie 2010",
    "et": "Weight",
    "off": 35832,
    "sff": "10 g"
  },
  {
    "docID": "N148 Gorrie 2010",
    "et": "Weight",
    "off": 36708,
    "sff": "26G"
  },
  {
    "docID": "N148 Gorrie 2010",
    "et": "Weight",
    "off": 34347,
    "sff": "200g"
  },
  {
    "docID": "N148 Gorrie 2010",
    "et": "Weight",
    "off": 40040,
    "sff": "100 g"
  },
  {
    "docID": "N148 Gorrie 2010",
    "et": "RatModel",
    "off": 27253,
    "sff": "rat"
  },
  {
    "docID": "N148 Gorrie 2010",
    "et": "RatModel",
    "off": 4147,
    "sff": "rat"
  },
  {
    "docID": "N148 Gorrie 2010",
    "et": "RatModel",
    "off": 27065,
    "sff": "rat"
  },
  {
    "docID": "N148 Gorrie 2010",
    "et": "RatModel",
    "off": 4250,
    "sff": "rat"
  },
  {
    "docID": "N148 Gorrie 2010",
    "et": "RatModel",
    "off": 27127,
    "sff": "rat"
  },
  {
    "docID": "N148 Gorrie 2010",
    "et": "RatModel",
    "off": 18715,
    "sff": "rat"
  },
  {
    "docID": "N148 Gorrie 2010",
    "et": "RatModel",
    "off": 4828,
    "sff": "rat"
  },
  {
    "docID": "N148 Gorrie 2010",
    "et": "RatModel",
    "off": 5596,
    "sff": "rat"
  },
  {
    "docID": "N148 Gorrie 2010",
    "et": "RatModel",
    "off": 25820,
    "sff": "rat"
  },
  {
    "docID": "N148 Gorrie 2010",
    "et": "RatModel",
    "off": 3941,
    "sff": "rat"
  },
  {
    "docID": "N148 Gorrie 2010",
    "et": "RatModel",
    "off": 28227,
    "sff": "rat"
  },
  {
    "docID": "N148 Gorrie 2010",
    "et": "RatModel",
    "off": 31145,
    "sff": "rat"
  },
  {
    "docID": "N148 Gorrie 2010",
    "et": "RatModel",
    "off": 4913,
    "sff": "rat"
  },
  {
    "docID": "N148 Gorrie 2010",
    "et": "RatModel",
    "off": 10129,
    "sff": "rat"
  },
  {
    "docID": "N148 Gorrie 2010",
    "et": "RatModel",
    "off": 13873,
    "sff": "rat"
  },
  {
    "docID": "N148 Gorrie 2010",
    "et": "RatModel",
    "off": 1234,
    "sff": "rat"
  },
  {
    "docID": "N148 Gorrie 2010",
    "et": "RatModel",
    "off": 18162,
    "sff": "rat"
  },
  {
    "docID": "N148 Gorrie 2010",
    "et": "AnimalSpecies",
    "off": 21416,
    "sff": "species"
  },
  {
    "docID": "N148 Gorrie 2010",
    "et": "NewZealandRabbit",
    "off": 34546,
    "sff": "New"
  },
  {
    "docID": "N148 Gorrie 2010",
    "et": "NewZealandRabbit",
    "off": 35232,
    "sff": "New"
  },
  {
    "docID": "N148 Gorrie 2010",
    "et": "NewZealandRabbit",
    "off": 35802,
    "sff": "New"
  },
  {
    "docID": "N148 Gorrie 2010",
    "et": "NewZealandRabbit",
    "off": 334,
    "sff": "New"
  },
  {
    "docID": "N148 Gorrie 2010",
    "et": "NewZealandRabbit",
    "off": 32443,
    "sff": "New"
  },
  {
    "docID": "N148 Gorrie 2010",
    "et": "RabbitSpecies",
    "off": 41553,
    "sff": "Rabbit"
  },
  {
    "docID": "N148 Gorrie 2010",
    "et": "RabbitSpecies",
    "off": 41458,
    "sff": "Rabbit"
  },
  {
    "docID": "N148 Gorrie 2010",
    "et": "MouseModel",
    "off": 41500,
    "sff": "Mouse"
  },
  {
    "docID": "N148 Gorrie 2010",
    "et": "MouseModel",
    "off": 27039,
    "sff": "mouse"
  },
  {
    "docID": "N148 Gorrie 2010",
    "et": "RabbitModel",
    "off": 41458,
    "sff": "Rabbit"
  },
  {
    "docID": "N148 Gorrie 2010",
    "et": "RabbitModel",
    "off": 41553,
    "sff": "Rabbit"
  },
  {
    "docID": "N148 Gorrie 2010",
    "et": "RatSpecies",
    "off": 27127,
    "sff": "rat"
  },
  {
    "docID": "N148 Gorrie 2010",
    "et": "RatSpecies",
    "off": 27065,
    "sff": "rat"
  },
  {
    "docID": "N148 Gorrie 2010",
    "et": "RatSpecies",
    "off": 4250,
    "sff": "rat"
  },
  {
    "docID": "N148 Gorrie 2010",
    "et": "RatSpecies",
    "off": 18715,
    "sff": "rat"
  },
  {
    "docID": "N148 Gorrie 2010",
    "et": "RatSpecies",
    "off": 4828,
    "sff": "rat"
  },
  {
    "docID": "N148 Gorrie 2010",
    "et": "RatSpecies",
    "off": 5596,
    "sff": "rat"
  },
  {
    "docID": "N148 Gorrie 2010",
    "et": "RatSpecies",
    "off": 25820,
    "sff": "rat"
  },
  {
    "docID": "N148 Gorrie 2010",
    "et": "RatSpecies",
    "off": 28227,
    "sff": "rat"
  },
  {
    "docID": "N148 Gorrie 2010",
    "et": "RatSpecies",
    "off": 3941,
    "sff": "rat"
  },
  {
    "docID": "N148 Gorrie 2010",
    "et": "RatSpecies",
    "off": 31145,
    "sff": "rat"
  },
  {
    "docID": "N148 Gorrie 2010",
    "et": "RatSpecies",
    "off": 10129,
    "sff": "rat"
  },
  {
    "docID": "N148 Gorrie 2010",
    "et": "RatSpecies",
    "off": 13873,
    "sff": "rat"
  },
  {
    "docID": "N148 Gorrie 2010",
    "et": "RatSpecies",
    "off": 4913,
    "sff": "rat"
  },
  {
    "docID": "N148 Gorrie 2010",
    "et": "RatSpecies",
    "off": 1234,
    "sff": "rat"
  },
  {
    "docID": "N148 Gorrie 2010",
    "et": "RatSpecies",
    "off": 4147,
    "sff": "rat"
  },
  {
    "docID": "N148 Gorrie 2010",
    "et": "RatSpecies",
    "off": 18162,
    "sff": "rat"
  },
  {
    "docID": "N148 Gorrie 2010",
    "et": "RatSpecies",
    "off": 27253,
    "sff": "rat"
  },
  {
    "docID": "N148 Gorrie 2010",
    "et": "MouseSpecies",
    "off": 41500,
    "sff": "Mouse"
  },
  {
    "docID": "N148 Gorrie 2010",
    "et": "MouseSpecies",
    "off": 27039,
    "sff": "mouse"
  },
  {
    "docID": "N148 Gorrie 2010",
    "et": "Adult",
    "off": 401,
    "sff": "Adult"
  },
  {
    "docID": "N148 Gorrie 2010",
    "et": "Adult",
    "off": 28221,
    "sff": "adult"
  },
  {
    "docID": "N148 Gorrie 2010",
    "et": "LongEvansRat",
    "off": 7516,
    "sff": "long"
  },
  {
    "docID": "N148 Gorrie 2010",
    "et": "Female",
    "off": 34846,
    "sff": "female"
  },
  {
    "docID": "N148 Gorrie 2010",
    "et": "Age",
    "off": 23928,
    "sff": "7 days"
  },
  {
    "docID": "N148 Gorrie 2010",
    "et": "Age",
    "off": 44502,
    "sff": "6-week"
  },
  {
    "docID": "N148 Gorrie 2010",
    "et": "Age",
    "off": 9370,
    "sff": "5 weeks"
  },
  {
    "docID": "N148 Gorrie 2010",
    "et": "Age",
    "off": 39933,
    "sff": "Six weeks"
  },
  {
    "docID": "N148 Gorrie 2010",
    "et": "Age",
    "off": 7005,
    "sff": "5 weeks"
  },
  {
    "docID": "N148 Gorrie 2010",
    "et": "Age",
    "off": 11341,
    "sff": "6-week"
  },
  {
    "docID": "N148 Gorrie 2010",
    "et": "Age",
    "off": 8403,
    "sff": "5 weeks"
  },
  {
    "docID": "N148 Gorrie 2010",
    "et": "Age",
    "off": 24215,
    "sff": "3–9 weeks"
  },
  {
    "docID": "N148 Gorrie 2010",
    "et": "Age",
    "off": 31173,
    "sff": "2 weeks"
  },
  {
    "docID": "N148 Gorrie 2010",
    "et": "Age",
    "off": 13417,
    "sff": "Six weeks"
  },
  {
    "docID": "N148 Gorrie 2010",
    "et": "Age",
    "off": 44652,
    "sff": "6 weeks"
  },
  {
    "docID": "N148 Gorrie 2010",
    "et": "Age",
    "off": 13157,
    "sff": "4 weeks"
  },
  {
    "docID": "N148 Gorrie 2010",
    "et": "Age",
    "off": 24189,
    "sff": "3 days"
  },
  {
    "docID": "N148 Gorrie 2010",
    "et": "Age",
    "off": 6397,
    "sff": "1 week"
  },
  {
    "docID": "N148 Gorrie 2010",
    "et": "Age",
    "off": 14680,
    "sff": "5D"
  },
  {
    "docID": "N148 Gorrie 2010",
    "et": "Age",
    "off": 17562,
    "sff": "5D"
  },
  {
    "docID": "N148 Gorrie 2010",
    "et": "Age",
    "off": 12834,
    "sff": "6 weeks"
  },
  {
    "docID": "N148 Gorrie 2010",
    "et": "Age",
    "off": 1137,
    "sff": "7 days"
  },
  {
    "docID": "N148 Gorrie 2010",
    "et": "Age",
    "off": 11508,
    "sff": "1 week"
  },
  {
    "docID": "N148 Gorrie 2010",
    "et": "Age",
    "off": 23839,
    "sff": "6 weeks"
  },
  {
    "docID": "N148 Gorrie 2010",
    "et": "Age",
    "off": 25195,
    "sff": "4 weeks"
  },
  {
    "docID": "N148 Gorrie 2010",
    "et": "Age",
    "off": 1239,
    "sff": "Six weeks"
  },
  {
    "docID": "N148 Gorrie 2010",
    "et": "Age",
    "off": 11441,
    "sff": "2 weeks"
  },
  {
    "docID": "N148 Gorrie 2010",
    "et": "Age",
    "off": 25137,
    "sff": "2 weeks"
  },
  {
    "docID": "N148 Gorrie 2010",
    "et": "Age",
    "off": 13238,
    "sff": "6 weeks"
  },
  {
    "docID": "N148 Gorrie 2010",
    "et": "Age",
    "off": 16403,
    "sff": "Six weeks"
  },
  {
    "docID": "N148 Gorrie 2010",
    "et": "Age",
    "off": 28501,
    "sff": "7 days"
  },
  {
    "docID": "N148 Gorrie 2010",
    "et": "Age",
    "off": 37556,
    "sff": "6 weeks"
  },
  {
    "docID": "N148 Gorrie 2010",
    "et": "Age",
    "off": 37618,
    "sff": "6 weeks"
  },
  {
    "docID": "N148 Gorrie 2010",
    "et": "Age",
    "off": 15966,
    "sff": "Six weeks"
  },
  {
    "docID": "N148 Gorrie 2010",
    "et": "Age",
    "off": 17037,
    "sff": "3D"
  },
  {
    "docID": "N148 Gorrie 2010",
    "et": "Age",
    "off": 36317,
    "sff": "3 days"
  },
  {
    "docID": "N148 Gorrie 2010",
    "et": "Age",
    "off": 34854,
    "sff": "8–9 weeks old"
  },
  {
    "docID": "N148 Gorrie 2010",
    "et": "Age",
    "off": 36482,
    "sff": "One week"
  },
  {
    "docID": "N148 Gorrie 2010",
    "et": "Age",
    "off": 6667,
    "sff": "4 weeks"
  }
]
