[
  {
    "docID": "N150 Guest 2008",
    "et": "Weight",
    "off": 8923,
    "sff": "4.9+/−2.2 kg"
  },
  {
    "docID": "N150 Guest 2008",
    "et": "Weight",
    "off": 12812,
    "sff": "140-155 g"
  },
  {
    "docID": "N150 Guest 2008",
    "et": "Weight",
    "off": 13054,
    "sff": "100 g"
  },
  {
    "docID": "N150 Guest 2008",
    "et": "RatModel",
    "off": 8289,
    "sff": "rat"
  },
  {
    "docID": "N150 Guest 2008",
    "et": "RatModel",
    "off": 12860,
    "sff": "rat"
  },
  {
    "docID": "N150 Guest 2008",
    "et": "RatModel",
    "off": 18895,
    "sff": "rat"
  },
  {
    "docID": "N150 Guest 2008",
    "et": "RatModel",
    "off": 30888,
    "sff": "rat"
  },
  {
    "docID": "N150 Guest 2008",
    "et": "RatModel",
    "off": 54248,
    "sff": "rat"
  },
  {
    "docID": "N150 Guest 2008",
    "et": "RatModel",
    "off": 15627,
    "sff": "rat"
  },
  {
    "docID": "N150 Guest 2008",
    "et": "RatModel",
    "off": 16646,
    "sff": "rat"
  },
  {
    "docID": "N150 Guest 2008",
    "et": "NewZealandRabbit",
    "off": 5039,
    "sff": "new"
  },
  {
    "docID": "N150 Guest 2008",
    "et": "NewZealandRabbit",
    "off": 15107,
    "sff": "New"
  },
  {
    "docID": "N150 Guest 2008",
    "et": "MouseModel",
    "off": 10863,
    "sff": "Mouse"
  },
  {
    "docID": "N150 Guest 2008",
    "et": "AgeCategory",
    "off": 34693,
    "sff": "age"
  },
  {
    "docID": "N150 Guest 2008",
    "et": "AgeCategory",
    "off": 8749,
    "sff": "age"
  },
  {
    "docID": "N150 Guest 2008",
    "et": "AgeCategory",
    "off": 52813,
    "sff": "age"
  },
  {
    "docID": "N150 Guest 2008",
    "et": "MacaqueMonkey",
    "off": 44892,
    "sff": "Macaque"
  },
  {
    "docID": "N150 Guest 2008",
    "et": "MacaqueMonkey",
    "off": 63209,
    "sff": "Macaque"
  },
  {
    "docID": "N150 Guest 2008",
    "et": "RatSpecies",
    "off": 8289,
    "sff": "rat"
  },
  {
    "docID": "N150 Guest 2008",
    "et": "RatSpecies",
    "off": 18895,
    "sff": "rat"
  },
  {
    "docID": "N150 Guest 2008",
    "et": "RatSpecies",
    "off": 16646,
    "sff": "rat"
  },
  {
    "docID": "N150 Guest 2008",
    "et": "RatSpecies",
    "off": 30888,
    "sff": "rat"
  },
  {
    "docID": "N150 Guest 2008",
    "et": "RatSpecies",
    "off": 54248,
    "sff": "rat"
  },
  {
    "docID": "N150 Guest 2008",
    "et": "RatSpecies",
    "off": 12860,
    "sff": "rat"
  },
  {
    "docID": "N150 Guest 2008",
    "et": "RatSpecies",
    "off": 15627,
    "sff": "rat"
  },
  {
    "docID": "N150 Guest 2008",
    "et": "Male",
    "off": 8881,
    "sff": "males"
  },
  {
    "docID": "N150 Guest 2008",
    "et": "MouseSpecies",
    "off": 10863,
    "sff": "Mouse"
  },
  {
    "docID": "N150 Guest 2008",
    "et": "Adult",
    "off": 12727,
    "sff": "adult"
  },
  {
    "docID": "N150 Guest 2008",
    "et": "Adult",
    "off": 44886,
    "sff": "adult"
  },
  {
    "docID": "N150 Guest 2008",
    "et": "LongEvansRat",
    "off": 53323,
    "sff": "Long"
  },
  {
    "docID": "N150 Guest 2008",
    "et": "LongEvansRat",
    "off": 2038,
    "sff": "long"
  },
  {
    "docID": "N150 Guest 2008",
    "et": "LongEvansRat",
    "off": 5943,
    "sff": "long"
  },
  {
    "docID": "N150 Guest 2008",
    "et": "LongEvansRat",
    "off": 5786,
    "sff": "long"
  },
  {
    "docID": "N150 Guest 2008",
    "et": "LongEvansRat",
    "off": 2605,
    "sff": "long"
  },
  {
    "docID": "N150 Guest 2008",
    "et": "LongEvansRat",
    "off": 51277,
    "sff": "long"
  },
  {
    "docID": "N150 Guest 2008",
    "et": "Female",
    "off": 8893,
    "sff": "females"
  },
  {
    "docID": "N150 Guest 2008",
    "et": "Female",
    "off": 12733,
    "sff": "female"
  },
  {
    "docID": "N150 Guest 2008",
    "et": "Age",
    "off": 1378,
    "sff": "23–24 weeks"
  },
  {
    "docID": "N150 Guest 2008",
    "et": "Age",
    "off": 2441,
    "sff": "3.5 months"
  },
  {
    "docID": "N150 Guest 2008",
    "et": "Age",
    "off": 35563,
    "sff": "18 weeks"
  },
  {
    "docID": "N150 Guest 2008",
    "et": "Age",
    "off": 39594,
    "sff": "2D"
  },
  {
    "docID": "N150 Guest 2008",
    "et": "Age",
    "off": 1347,
    "sff": "6 weeks"
  },
  {
    "docID": "N150 Guest 2008",
    "et": "Age",
    "off": 27170,
    "sff": "one week"
  },
  {
    "docID": "N150 Guest 2008",
    "et": "Age",
    "off": 42876,
    "sff": "four month"
  },
  {
    "docID": "N150 Guest 2008",
    "et": "Age",
    "off": 35546,
    "sff": "8 weeks"
  },
  {
    "docID": "N150 Guest 2008",
    "et": "Age",
    "off": 10439,
    "sff": "seven days"
  },
  {
    "docID": "N150 Guest 2008",
    "et": "Age",
    "off": 1365,
    "sff": "14 weeks"
  },
  {
    "docID": "N150 Guest 2008",
    "et": "Age",
    "off": 48241,
    "sff": "14 weeks"
  },
  {
    "docID": "N150 Guest 2008",
    "et": "Age",
    "off": 35319,
    "sff": "eight weeks"
  },
  {
    "docID": "N150 Guest 2008",
    "et": "Age",
    "off": 30042,
    "sff": "six months"
  },
  {
    "docID": "N150 Guest 2008",
    "et": "Age",
    "off": 8779,
    "sff": "4.8+/−3 years"
  },
  {
    "docID": "N150 Guest 2008",
    "et": "Age",
    "off": 28546,
    "sff": "1 to 20 weeks"
  },
  {
    "docID": "N150 Guest 2008",
    "et": "Age",
    "off": 1356,
    "sff": "8 weeks"
  },
  {
    "docID": "N150 Guest 2008",
    "et": "Age",
    "off": 15365,
    "sff": "four weeks"
  },
  {
    "docID": "N150 Guest 2008",
    "et": "Age",
    "off": 32940,
    "sff": "1D"
  },
  {
    "docID": "N150 Guest 2008",
    "et": "Age",
    "off": 52514,
    "sff": "40 days"
  },
  {
    "docID": "N150 Guest 2008",
    "et": "Age",
    "off": 52090,
    "sff": "14 weeks"
  },
  {
    "docID": "N150 Guest 2008",
    "et": "Age",
    "off": 10401,
    "sff": "seven days"
  },
  {
    "docID": "N150 Guest 2008",
    "et": "Age",
    "off": 15495,
    "sff": "17–20 weeks"
  },
  {
    "docID": "N150 Guest 2008",
    "et": "Age",
    "off": 33507,
    "sff": "seven days"
  },
  {
    "docID": "N150 Guest 2008",
    "et": "Age",
    "off": 35393,
    "sff": "12 weeks"
  },
  {
    "docID": "N150 Guest 2008",
    "et": "Age",
    "off": 53597,
    "sff": "one year"
  },
  {
    "docID": "N150 Guest 2008",
    "et": "Age",
    "off": 58786,
    "sff": "42 days"
  },
  {
    "docID": "N150 Guest 2008",
    "et": "Age",
    "off": 18787,
    "sff": "23 to 24 weeks"
  },
  {
    "docID": "N150 Guest 2008",
    "et": "Age",
    "off": 48733,
    "sff": "one month"
  },
  {
    "docID": "N150 Guest 2008",
    "et": "Age",
    "off": 15246,
    "sff": "eight weeks"
  },
  {
    "docID": "N150 Guest 2008",
    "et": "Age",
    "off": 35522,
    "sff": "18 weeks"
  },
  {
    "docID": "N150 Guest 2008",
    "et": "Age",
    "off": 43043,
    "sff": "6D"
  },
  {
    "docID": "N150 Guest 2008",
    "et": "Age",
    "off": 25619,
    "sff": "8weeks"
  },
  {
    "docID": "N150 Guest 2008",
    "et": "Age",
    "off": 33668,
    "sff": "two to three weeks"
  },
  {
    "docID": "N150 Guest 2008",
    "et": "Age",
    "off": 10352,
    "sff": "three days"
  },
  {
    "docID": "N150 Guest 2008",
    "et": "Age",
    "off": 2288,
    "sff": "6 weeks"
  },
  {
    "docID": "N150 Guest 2008",
    "et": "Age",
    "off": 33586,
    "sff": "1D"
  },
  {
    "docID": "N150 Guest 2008",
    "et": "Age",
    "off": 40234,
    "sff": "sixweeks"
  },
  {
    "docID": "N150 Guest 2008",
    "et": "Age",
    "off": 49420,
    "sff": "threeweeks"
  },
  {
    "docID": "N150 Guest 2008",
    "et": "Age",
    "off": 11637,
    "sff": "27–33 days"
  },
  {
    "docID": "N150 Guest 2008",
    "et": "Age",
    "off": 18811,
    "sff": "16 weeks"
  },
  {
    "docID": "N150 Guest 2008",
    "et": "Age",
    "off": 52141,
    "sff": "42 days"
  },
  {
    "docID": "N150 Guest 2008",
    "et": "Age",
    "off": 1848,
    "sff": "three months"
  },
  {
    "docID": "N150 Guest 2008",
    "et": "Age",
    "off": 27883,
    "sff": "42 days"
  },
  {
    "docID": "N150 Guest 2008",
    "et": "Age",
    "off": 40387,
    "sff": "14 weeks"
  }
]
