[
  {
    "docID": "N151 Huang 2010",
    "et": "Weight",
    "off": 6793,
    "sff": "250–300 g"
  },
  {
    "docID": "N151 Huang 2010",
    "et": "RatModel",
    "off": 4206,
    "sff": "rat"
  },
  {
    "docID": "N151 Huang 2010",
    "et": "RatModel",
    "off": 6756,
    "sff": "rat"
  },
  {
    "docID": "N151 Huang 2010",
    "et": "RatModel",
    "off": 14805,
    "sff": "rat"
  },
  {
    "docID": "N151 Huang 2010",
    "et": "RatSpecies",
    "off": 14805,
    "sff": "rat"
  },
  {
    "docID": "N151 Huang 2010",
    "et": "RatSpecies",
    "off": 6756,
    "sff": "rat"
  },
  {
    "docID": "N151 Huang 2010",
    "et": "RatSpecies",
    "off": 4206,
    "sff": "rat"
  },
  {
    "docID": "N151 Huang 2010",
    "et": "Adult",
    "off": 6750,
    "sff": "adult"
  },
  {
    "docID": "N151 Huang 2010",
    "et": "Adult",
    "off": 16321,
    "sff": "mature"
  },
  {
    "docID": "N151 Huang 2010",
    "et": "Adult",
    "off": 84,
    "sff": "adult"
  },
  {
    "docID": "N151 Huang 2010",
    "et": "Adult",
    "off": 8871,
    "sff": "mature"
  },
  {
    "docID": "N151 Huang 2010",
    "et": "Adult",
    "off": 11943,
    "sff": "mature"
  },
  {
    "docID": "N151 Huang 2010",
    "et": "LongEvansRat",
    "off": 18699,
    "sff": "long"
  },
  {
    "docID": "N151 Huang 2010",
    "et": "Age",
    "off": 10823,
    "sff": "2D"
  },
  {
    "docID": "N151 Huang 2010",
    "et": "Age",
    "off": 17601,
    "sff": "2–3 days"
  },
  {
    "docID": "N151 Huang 2010",
    "et": "Age",
    "off": 7765,
    "sff": "2 days"
  },
  {
    "docID": "N151 Huang 2010",
    "et": "Age",
    "off": 7777,
    "sff": "7 days"
  },
  {
    "docID": "N151 Huang 2010",
    "et": "Age",
    "off": 3303,
    "sff": "8 weeks"
  },
  {
    "docID": "N151 Huang 2010",
    "et": "Age",
    "off": 18726,
    "sff": "8 weeks"
  },
  {
    "docID": "N151 Huang 2010",
    "et": "Age",
    "off": 13531,
    "sff": "8-week"
  },
  {
    "docID": "N151 Huang 2010",
    "et": "Age",
    "off": 17478,
    "sff": "3–5 days"
  },
  {
    "docID": "N151 Huang 2010",
    "et": "Age",
    "off": 2810,
    "sff": "7 days"
  },
  {
    "docID": "N151 Huang 2010",
    "et": "Age",
    "off": 14070,
    "sff": "5 days"
  },
  {
    "docID": "N151 Huang 2010",
    "et": "Age",
    "off": 9369,
    "sff": "8 weeks"
  },
  {
    "docID": "N151 Huang 2010",
    "et": "Age",
    "off": 13218,
    "sff": "2 weeks"
  },
  {
    "docID": "N151 Huang 2010",
    "et": "Age",
    "off": 7331,
    "sff": "2 weeks"
  },
  {
    "docID": "N151 Huang 2010",
    "et": "Age",
    "off": 13890,
    "sff": "One week"
  },
  {
    "docID": "N151 Huang 2010",
    "et": "Age",
    "off": 2930,
    "sff": "7 days"
  },
  {
    "docID": "N151 Huang 2010",
    "et": "Age",
    "off": 7003,
    "sff": "5–7 days"
  },
  {
    "docID": "N151 Huang 2010",
    "et": "Age",
    "off": 10391,
    "sff": "8 weeks"
  },
  {
    "docID": "N151 Huang 2010",
    "et": "Age",
    "off": 13814,
    "sff": "1 week"
  },
  {
    "docID": "N151 Huang 2010",
    "et": "Age",
    "off": 11250,
    "sff": "8 weeks"
  }
]
