[
  {
    "docID": "N152 Ibrahim 2009",
    "et": "Weight",
    "off": 6651,
    "sff": "1.4gm"
  },
  {
    "docID": "N152 Ibrahim 2009",
    "et": "Weight",
    "off": 3657,
    "sff": "180–200 g"
  },
  {
    "docID": "N152 Ibrahim 2009",
    "et": "CD1_Mouse",
    "off": 21976,
    "sff": "CDP"
  },
  {
    "docID": "N152 Ibrahim 2009",
    "et": "CD1_Mouse",
    "off": 19251,
    "sff": "CDP"
  },
  {
    "docID": "N152 Ibrahim 2009",
    "et": "CD1_Mouse",
    "off": 20623,
    "sff": "CDP"
  },
  {
    "docID": "N152 Ibrahim 2009",
    "et": "CD1_Mouse",
    "off": 28927,
    "sff": "CDP"
  },
  {
    "docID": "N152 Ibrahim 2009",
    "et": "CD1_Mouse",
    "off": 20254,
    "sff": "CDP"
  },
  {
    "docID": "N152 Ibrahim 2009",
    "et": "CD1_Mouse",
    "off": 19756,
    "sff": "CDP"
  },
  {
    "docID": "N152 Ibrahim 2009",
    "et": "RatModel",
    "off": 5416,
    "sff": "rat"
  },
  {
    "docID": "N152 Ibrahim 2009",
    "et": "RatModel",
    "off": 12809,
    "sff": "rat"
  },
  {
    "docID": "N152 Ibrahim 2009",
    "et": "RatModel",
    "off": 35,
    "sff": "rat"
  },
  {
    "docID": "N152 Ibrahim 2009",
    "et": "RatModel",
    "off": 1043,
    "sff": "rat"
  },
  {
    "docID": "N152 Ibrahim 2009",
    "et": "RatModel",
    "off": 12419,
    "sff": "rat"
  },
  {
    "docID": "N152 Ibrahim 2009",
    "et": "RatModel",
    "off": 32131,
    "sff": "rat"
  },
  {
    "docID": "N152 Ibrahim 2009",
    "et": "RatModel",
    "off": 12512,
    "sff": "rat"
  },
  {
    "docID": "N152 Ibrahim 2009",
    "et": "RatModel",
    "off": 32432,
    "sff": "rat"
  },
  {
    "docID": "N152 Ibrahim 2009",
    "et": "RatModel",
    "off": 12334,
    "sff": "rat"
  },
  {
    "docID": "N152 Ibrahim 2009",
    "et": "RabbitSpecies",
    "off": 10943,
    "sff": "rabbit"
  },
  {
    "docID": "N152 Ibrahim 2009",
    "et": "RabbitSpecies",
    "off": 11129,
    "sff": "rabbit"
  },
  {
    "docID": "N152 Ibrahim 2009",
    "et": "RabbitSpecies",
    "off": 10859,
    "sff": "rabbit"
  },
  {
    "docID": "N152 Ibrahim 2009",
    "et": "MouseModel",
    "off": 10800,
    "sff": "mouse"
  },
  {
    "docID": "N152 Ibrahim 2009",
    "et": "MouseModel",
    "off": 10959,
    "sff": "mouse"
  },
  {
    "docID": "N152 Ibrahim 2009",
    "et": "RabbitModel",
    "off": 10943,
    "sff": "rabbit"
  },
  {
    "docID": "N152 Ibrahim 2009",
    "et": "RabbitModel",
    "off": 11129,
    "sff": "rabbit"
  },
  {
    "docID": "N152 Ibrahim 2009",
    "et": "RabbitModel",
    "off": 10859,
    "sff": "rabbit"
  },
  {
    "docID": "N152 Ibrahim 2009",
    "et": "RatSpecies",
    "off": 12809,
    "sff": "rat"
  },
  {
    "docID": "N152 Ibrahim 2009",
    "et": "RatSpecies",
    "off": 5416,
    "sff": "rat"
  },
  {
    "docID": "N152 Ibrahim 2009",
    "et": "RatSpecies",
    "off": 12512,
    "sff": "rat"
  },
  {
    "docID": "N152 Ibrahim 2009",
    "et": "RatSpecies",
    "off": 32432,
    "sff": "rat"
  },
  {
    "docID": "N152 Ibrahim 2009",
    "et": "RatSpecies",
    "off": 12334,
    "sff": "rat"
  },
  {
    "docID": "N152 Ibrahim 2009",
    "et": "RatSpecies",
    "off": 35,
    "sff": "rat"
  },
  {
    "docID": "N152 Ibrahim 2009",
    "et": "RatSpecies",
    "off": 1043,
    "sff": "rat"
  },
  {
    "docID": "N152 Ibrahim 2009",
    "et": "RatSpecies",
    "off": 12419,
    "sff": "rat"
  },
  {
    "docID": "N152 Ibrahim 2009",
    "et": "RatSpecies",
    "off": 32131,
    "sff": "rat"
  },
  {
    "docID": "N152 Ibrahim 2009",
    "et": "CD2_Mouse",
    "off": 21976,
    "sff": "CDP"
  },
  {
    "docID": "N152 Ibrahim 2009",
    "et": "CD2_Mouse",
    "off": 19756,
    "sff": "CDP"
  },
  {
    "docID": "N152 Ibrahim 2009",
    "et": "CD2_Mouse",
    "off": 20623,
    "sff": "CDP"
  },
  {
    "docID": "N152 Ibrahim 2009",
    "et": "CD2_Mouse",
    "off": 28927,
    "sff": "CDP"
  },
  {
    "docID": "N152 Ibrahim 2009",
    "et": "CD2_Mouse",
    "off": 20254,
    "sff": "CDP"
  },
  {
    "docID": "N152 Ibrahim 2009",
    "et": "CD2_Mouse",
    "off": 19251,
    "sff": "CDP"
  },
  {
    "docID": "N152 Ibrahim 2009",
    "et": "MouseSpecies",
    "off": 10959,
    "sff": "mouse"
  },
  {
    "docID": "N152 Ibrahim 2009",
    "et": "MouseSpecies",
    "off": 10800,
    "sff": "mouse"
  },
  {
    "docID": "N152 Ibrahim 2009",
    "et": "Adult",
    "off": 1095,
    "sff": "adult"
  },
  {
    "docID": "N152 Ibrahim 2009",
    "et": "Adult",
    "off": 3607,
    "sff": "adult"
  },
  {
    "docID": "N152 Ibrahim 2009",
    "et": "Adult",
    "off": 31940,
    "sff": "adult"
  },
  {
    "docID": "N152 Ibrahim 2009",
    "et": "Adult",
    "off": 3038,
    "sff": "adult"
  },
  {
    "docID": "N152 Ibrahim 2009",
    "et": "Adult",
    "off": 31155,
    "sff": "adult"
  },
  {
    "docID": "N152 Ibrahim 2009",
    "et": "LongEvansRat",
    "off": 31455,
    "sff": "long"
  },
  {
    "docID": "N152 Ibrahim 2009",
    "et": "LongEvansRat",
    "off": 1671,
    "sff": "long"
  },
  {
    "docID": "N152 Ibrahim 2009",
    "et": "LongEvansRat",
    "off": 14711,
    "sff": "long"
  },
  {
    "docID": "N152 Ibrahim 2009",
    "et": "Female",
    "off": 3031,
    "sff": "female"
  },
  {
    "docID": "N152 Ibrahim 2009",
    "et": "Female",
    "off": 3613,
    "sff": "female"
  },
  {
    "docID": "N152 Ibrahim 2009",
    "et": "Age",
    "off": 5387,
    "sff": "10 weeks"
  },
  {
    "docID": "N152 Ibrahim 2009",
    "et": "Age",
    "off": 5362,
    "sff": "3 weeks"
  },
  {
    "docID": "N152 Ibrahim 2009",
    "et": "Age",
    "off": 13686,
    "sff": "6–8 weeks"
  },
  {
    "docID": "N152 Ibrahim 2009",
    "et": "Age",
    "off": 16700,
    "sff": "8 week"
  },
  {
    "docID": "N152 Ibrahim 2009",
    "et": "Age",
    "off": 3456,
    "sff": "Two days"
  },
  {
    "docID": "N152 Ibrahim 2009",
    "et": "Age",
    "off": 27527,
    "sff": "2-month"
  },
  {
    "docID": "N152 Ibrahim 2009",
    "et": "Age",
    "off": 23955,
    "sff": "5D"
  },
  {
    "docID": "N152 Ibrahim 2009",
    "et": "Age",
    "off": 20137,
    "sff": "6–8 weeks"
  },
  {
    "docID": "N152 Ibrahim 2009",
    "et": "Age",
    "off": 17731,
    "sff": "2 to 3 weeks"
  },
  {
    "docID": "N152 Ibrahim 2009",
    "et": "Age",
    "off": 19506,
    "sff": "3D"
  },
  {
    "docID": "N152 Ibrahim 2009",
    "et": "Age",
    "off": 5059,
    "sff": "6–8 weeks"
  },
  {
    "docID": "N152 Ibrahim 2009",
    "et": "Age",
    "off": 19645,
    "sff": "6–8 weeks"
  },
  {
    "docID": "N152 Ibrahim 2009",
    "et": "Age",
    "off": 3298,
    "sff": "14–16 days"
  }
]
