[
  {
    "docID": "N153 Imaizumi 2000",
    "et": "RatModel",
    "off": 8151,
    "sff": "rat"
  },
  {
    "docID": "N153 Imaizumi 2000",
    "et": "RatModel",
    "off": 27048,
    "sff": "rat"
  },
  {
    "docID": "N153 Imaizumi 2000",
    "et": "RatModel",
    "off": 9735,
    "sff": "rat"
  },
  {
    "docID": "N153 Imaizumi 2000",
    "et": "RatModel",
    "off": 34202,
    "sff": "rat"
  },
  {
    "docID": "N153 Imaizumi 2000",
    "et": "RatModel",
    "off": 642,
    "sff": "rat"
  },
  {
    "docID": "N153 Imaizumi 2000",
    "et": "RatModel",
    "off": 8011,
    "sff": "rat"
  },
  {
    "docID": "N153 Imaizumi 2000",
    "et": "RatModel",
    "off": 3756,
    "sff": "rat"
  },
  {
    "docID": "N153 Imaizumi 2000",
    "et": "RatModel",
    "off": 5548,
    "sff": "rat"
  },
  {
    "docID": "N153 Imaizumi 2000",
    "et": "NewZealandRabbit",
    "off": 339,
    "sff": "New"
  },
  {
    "docID": "N153 Imaizumi 2000",
    "et": "NewZealandRabbit",
    "off": 34004,
    "sff": "new"
  },
  {
    "docID": "N153 Imaizumi 2000",
    "et": "NewZealandRabbit",
    "off": 493,
    "sff": "New"
  },
  {
    "docID": "N153 Imaizumi 2000",
    "et": "NewZealandRabbit",
    "off": 4648,
    "sff": "new"
  },
  {
    "docID": "N153 Imaizumi 2000",
    "et": "NewZealandRabbit",
    "off": 1543,
    "sff": "new"
  },
  {
    "docID": "N153 Imaizumi 2000",
    "et": "WistarRat",
    "off": 8004,
    "sff": "Wistar rat"
  },
  {
    "docID": "N153 Imaizumi 2000",
    "et": "WistarRat",
    "off": 8205,
    "sff": "Wistar"
  },
  {
    "docID": "N153 Imaizumi 2000",
    "et": "WistarRat",
    "off": 4812,
    "sff": "Wistar rats"
  },
  {
    "docID": "N153 Imaizumi 2000",
    "et": "WistarRat",
    "off": 4812,
    "sff": "Wistar"
  },
  {
    "docID": "N153 Imaizumi 2000",
    "et": "WistarRat",
    "off": 8205,
    "sff": "Wistar rats"
  },
  {
    "docID": "N153 Imaizumi 2000",
    "et": "RatSpecies",
    "off": 27048,
    "sff": "rat"
  },
  {
    "docID": "N153 Imaizumi 2000",
    "et": "RatSpecies",
    "off": 8151,
    "sff": "rat"
  },
  {
    "docID": "N153 Imaizumi 2000",
    "et": "RatSpecies",
    "off": 9735,
    "sff": "rat"
  },
  {
    "docID": "N153 Imaizumi 2000",
    "et": "RatSpecies",
    "off": 3756,
    "sff": "rat"
  },
  {
    "docID": "N153 Imaizumi 2000",
    "et": "RatSpecies",
    "off": 5548,
    "sff": "rat"
  },
  {
    "docID": "N153 Imaizumi 2000",
    "et": "RatSpecies",
    "off": 8011,
    "sff": "rat"
  },
  {
    "docID": "N153 Imaizumi 2000",
    "et": "RatSpecies",
    "off": 34202,
    "sff": "rat"
  },
  {
    "docID": "N153 Imaizumi 2000",
    "et": "RatSpecies",
    "off": 642,
    "sff": "rat"
  },
  {
    "docID": "N153 Imaizumi 2000",
    "et": "Adult",
    "off": 5542,
    "sff": "adult"
  },
  {
    "docID": "N153 Imaizumi 2000",
    "et": "Adult",
    "off": 27042,
    "sff": "adult"
  },
  {
    "docID": "N153 Imaizumi 2000",
    "et": "Adult",
    "off": 4806,
    "sff": "Adult"
  },
  {
    "docID": "N153 Imaizumi 2000",
    "et": "Adult",
    "off": 8145,
    "sff": "adult"
  },
  {
    "docID": "N153 Imaizumi 2000",
    "et": "Adult",
    "off": 2976,
    "sff": "adult"
  },
  {
    "docID": "N153 Imaizumi 2000",
    "et": "Adult",
    "off": 8192,
    "sff": "adult"
  },
  {
    "docID": "N153 Imaizumi 2000",
    "et": "LongEvansRat",
    "off": 1601,
    "sff": "Long"
  },
  {
    "docID": "N153 Imaizumi 2000",
    "et": "LongEvansRat",
    "off": 26771,
    "sff": "long"
  },
  {
    "docID": "N153 Imaizumi 2000",
    "et": "LongEvansRat",
    "off": 32619,
    "sff": "long"
  },
  {
    "docID": "N153 Imaizumi 2000",
    "et": "Female",
    "off": 8198,
    "sff": "female"
  },
  {
    "docID": "N153 Imaizumi 2000",
    "et": "Age",
    "off": 6351,
    "sff": "Five to six weeks"
  },
  {
    "docID": "N153 Imaizumi 2000",
    "et": "Age",
    "off": 21541,
    "sff": "3D"
  },
  {
    "docID": "N153 Imaizumi 2000",
    "et": "Age",
    "off": 6190,
    "sff": "2 weeks"
  },
  {
    "docID": "N153 Imaizumi 2000",
    "et": "Age",
    "off": 16365,
    "sff": "Five to six weeks"
  },
  {
    "docID": "N153 Imaizumi 2000",
    "et": "Age",
    "off": 10985,
    "sff": "2-3 days"
  },
  {
    "docID": "N153 Imaizumi 2000",
    "et": "Age",
    "off": 7996,
    "sff": "2-4 day"
  },
  {
    "docID": "N153 Imaizumi 2000",
    "et": "Age",
    "off": 22797,
    "sff": "5 weeks"
  },
  {
    "docID": "N153 Imaizumi 2000",
    "et": "Age",
    "off": 9495,
    "sff": "2-4 weeks"
  },
  {
    "docID": "N153 Imaizumi 2000",
    "et": "Age",
    "off": 15064,
    "sff": "2 weeks"
  },
  {
    "docID": "N153 Imaizumi 2000",
    "et": "Age",
    "off": 17533,
    "sff": "1D"
  },
  {
    "docID": "N153 Imaizumi 2000",
    "et": "Age",
    "off": 20837,
    "sff": "5 weeks"
  }
]
