[
  {
    "docID": "N154 Iwatsuki 2008",
    "et": "Weight",
    "off": 2671,
    "sff": "250–300 g"
  },
  {
    "docID": "N154 Iwatsuki 2008",
    "et": "RatModel",
    "off": 2029,
    "sff": "rat"
  },
  {
    "docID": "N154 Iwatsuki 2008",
    "et": "RatModel",
    "off": 826,
    "sff": "rat"
  },
  {
    "docID": "N154 Iwatsuki 2008",
    "et": "RatModel",
    "off": 994,
    "sff": "rat"
  },
  {
    "docID": "N154 Iwatsuki 2008",
    "et": "NewZealandRabbit",
    "off": 10211,
    "sff": "new"
  },
  {
    "docID": "N154 Iwatsuki 2008",
    "et": "SpragueDawleyRat",
    "off": 3223,
    "sff": "Sprague–Dawley rats"
  },
  {
    "docID": "N154 Iwatsuki 2008",
    "et": "SpragueDawleyRat",
    "off": 3223,
    "sff": "Sprague–Dawley"
  },
  {
    "docID": "N154 Iwatsuki 2008",
    "et": "SpragueDawleyRat",
    "off": 2642,
    "sff": "Sprague–Dawley rats"
  },
  {
    "docID": "N154 Iwatsuki 2008",
    "et": "SpragueDawleyRat",
    "off": 2642,
    "sff": "Sprague–Dawley"
  },
  {
    "docID": "N154 Iwatsuki 2008",
    "et": "MouseModel",
    "off": 5412,
    "sff": "mouse"
  },
  {
    "docID": "N154 Iwatsuki 2008",
    "et": "RatSpecies",
    "off": 826,
    "sff": "rat"
  },
  {
    "docID": "N154 Iwatsuki 2008",
    "et": "RatSpecies",
    "off": 2029,
    "sff": "rat"
  },
  {
    "docID": "N154 Iwatsuki 2008",
    "et": "RatSpecies",
    "off": 994,
    "sff": "rat"
  },
  {
    "docID": "N154 Iwatsuki 2008",
    "et": "MouseSpecies",
    "off": 5412,
    "sff": "mouse"
  },
  {
    "docID": "N154 Iwatsuki 2008",
    "et": "CatSpecies",
    "off": 5499,
    "sff": "Cat"
  },
  {
    "docID": "N154 Iwatsuki 2008",
    "et": "Adult",
    "off": 3217,
    "sff": "Adult"
  },
  {
    "docID": "N154 Iwatsuki 2008",
    "et": "Adult",
    "off": 1772,
    "sff": "adult"
  },
  {
    "docID": "N154 Iwatsuki 2008",
    "et": "Adult",
    "off": 10242,
    "sff": "adult"
  },
  {
    "docID": "N154 Iwatsuki 2008",
    "et": "CatModel",
    "off": 5499,
    "sff": "Cat"
  },
  {
    "docID": "N154 Iwatsuki 2008",
    "et": "Female",
    "off": 2635,
    "sff": "Female"
  },
  {
    "docID": "N154 Iwatsuki 2008",
    "et": "Age",
    "off": 8401,
    "sff": "3 days"
  },
  {
    "docID": "N154 Iwatsuki 2008",
    "et": "Age",
    "off": 7450,
    "sff": "4 weeks"
  },
  {
    "docID": "N154 Iwatsuki 2008",
    "et": "Age",
    "off": 8691,
    "sff": "4 weeks"
  },
  {
    "docID": "N154 Iwatsuki 2008",
    "et": "Age",
    "off": 6184,
    "sff": "Eight weeks"
  },
  {
    "docID": "N154 Iwatsuki 2008",
    "et": "Age",
    "off": 8921,
    "sff": "2 weeks"
  },
  {
    "docID": "N154 Iwatsuki 2008",
    "et": "Age",
    "off": 7927,
    "sff": "2 weeks"
  },
  {
    "docID": "N154 Iwatsuki 2008",
    "et": "Age",
    "off": 11735,
    "sff": "8 weeks"
  },
  {
    "docID": "N154 Iwatsuki 2008",
    "et": "Age",
    "off": 7987,
    "sff": "8 weeks"
  },
  {
    "docID": "N154 Iwatsuki 2008",
    "et": "Age",
    "off": 9011,
    "sff": "8 weeks"
  },
  {
    "docID": "N154 Iwatsuki 2008",
    "et": "Age",
    "off": 6824,
    "sff": "Two weeks"
  },
  {
    "docID": "N154 Iwatsuki 2008",
    "et": "Age",
    "off": 7678,
    "sff": "2 weeks"
  },
  {
    "docID": "N154 Iwatsuki 2008",
    "et": "Age",
    "off": 11710,
    "sff": "2 weeks"
  },
  {
    "docID": "N154 Iwatsuki 2008",
    "et": "Age",
    "off": 11600,
    "sff": "8 weeks"
  },
  {
    "docID": "N154 Iwatsuki 2008",
    "et": "Age",
    "off": 8823,
    "sff": "6 weeks"
  },
  {
    "docID": "N154 Iwatsuki 2008",
    "et": "Age",
    "off": 9580,
    "sff": "2 weeks"
  },
  {
    "docID": "N154 Iwatsuki 2008",
    "et": "Age",
    "off": 7818,
    "sff": "8 weeks"
  },
  {
    "docID": "N154 Iwatsuki 2008",
    "et": "Age",
    "off": 11527,
    "sff": "2 weeks"
  }
]
