[
  {
    "docID": "N156 Kalincik 2010 2",
    "et": "Weight",
    "off": 5779,
    "sff": "350– 400 g"
  },
  {
    "docID": "N156 Kalincik 2010 2",
    "et": "RatModel",
    "off": 11444,
    "sff": "rat"
  },
  {
    "docID": "N156 Kalincik 2010 2",
    "et": "RatModel",
    "off": 20356,
    "sff": "rat"
  },
  {
    "docID": "N156 Kalincik 2010 2",
    "et": "RatModel",
    "off": 17598,
    "sff": "rat"
  },
  {
    "docID": "N156 Kalincik 2010 2",
    "et": "RatModel",
    "off": 12909,
    "sff": "rat"
  },
  {
    "docID": "N156 Kalincik 2010 2",
    "et": "NewZealandRabbit",
    "off": 5713,
    "sff": "New"
  },
  {
    "docID": "N156 Kalincik 2010 2",
    "et": "NewZealandRabbit",
    "off": 36553,
    "sff": "new"
  },
  {
    "docID": "N156 Kalincik 2010 2",
    "et": "NewZealandRabbit",
    "off": 29145,
    "sff": "new"
  },
  {
    "docID": "N156 Kalincik 2010 2",
    "et": "NewZealandRabbit",
    "off": 10045,
    "sff": "New Zealand"
  },
  {
    "docID": "N156 Kalincik 2010 2",
    "et": "NewZealandRabbit",
    "off": 315,
    "sff": "New"
  },
  {
    "docID": "N156 Kalincik 2010 2",
    "et": "RabbitSpecies",
    "off": 19165,
    "sff": "rabbit"
  },
  {
    "docID": "N156 Kalincik 2010 2",
    "et": "Mixed",
    "off": 24367,
    "sff": "mixed"
  },
  {
    "docID": "N156 Kalincik 2010 2",
    "et": "Mixed",
    "off": 24380,
    "sff": "MIXED"
  },
  {
    "docID": "N156 Kalincik 2010 2",
    "et": "Mixed",
    "off": 34511,
    "sff": "mixed"
  },
  {
    "docID": "N156 Kalincik 2010 2",
    "et": "Mixed",
    "off": 28586,
    "sff": "mixed"
  },
  {
    "docID": "N156 Kalincik 2010 2",
    "et": "Mixed",
    "off": 34209,
    "sff": "mixed"
  },
  {
    "docID": "N156 Kalincik 2010 2",
    "et": "Aged",
    "off": 5749,
    "sff": "aged"
  },
  {
    "docID": "N156 Kalincik 2010 2",
    "et": "MouseModel",
    "off": 18828,
    "sff": "mouse"
  },
  {
    "docID": "N156 Kalincik 2010 2",
    "et": "RabbitModel",
    "off": 19165,
    "sff": "rabbit"
  },
  {
    "docID": "N156 Kalincik 2010 2",
    "et": "AgeCategory",
    "off": 9794,
    "sff": "age"
  },
  {
    "docID": "N156 Kalincik 2010 2",
    "et": "WistarRat",
    "off": 5657,
    "sff": "Wistar"
  },
  {
    "docID": "N156 Kalincik 2010 2",
    "et": "WistarRat",
    "off": 5657,
    "sff": "Wistar rats"
  },
  {
    "docID": "N156 Kalincik 2010 2",
    "et": "RatSpecies",
    "off": 11444,
    "sff": "rat"
  },
  {
    "docID": "N156 Kalincik 2010 2",
    "et": "RatSpecies",
    "off": 20356,
    "sff": "rat"
  },
  {
    "docID": "N156 Kalincik 2010 2",
    "et": "RatSpecies",
    "off": 12909,
    "sff": "rat"
  },
  {
    "docID": "N156 Kalincik 2010 2",
    "et": "RatSpecies",
    "off": 17598,
    "sff": "rat"
  },
  {
    "docID": "N156 Kalincik 2010 2",
    "et": "Male",
    "off": 5634,
    "sff": "male"
  },
  {
    "docID": "N156 Kalincik 2010 2",
    "et": "MouseSpecies",
    "off": 18828,
    "sff": "mouse"
  },
  {
    "docID": "N156 Kalincik 2010 2",
    "et": "Age",
    "off": 11415,
    "sff": "9 weeks"
  },
  {
    "docID": "N156 Kalincik 2010 2",
    "et": "Age",
    "off": 15394,
    "sff": "5 days"
  },
  {
    "docID": "N156 Kalincik 2010 2",
    "et": "Age",
    "off": 32022,
    "sff": "9 weeks"
  },
  {
    "docID": "N156 Kalincik 2010 2",
    "et": "Age",
    "off": 17982,
    "sff": "30 days"
  },
  {
    "docID": "N156 Kalincik 2010 2",
    "et": "Age",
    "off": 10587,
    "sff": "Two days"
  },
  {
    "docID": "N156 Kalincik 2010 2",
    "et": "Age",
    "off": 41419,
    "sff": "9 weeks"
  },
  {
    "docID": "N156 Kalincik 2010 2",
    "et": "Age",
    "off": 6751,
    "sff": "One week"
  },
  {
    "docID": "N156 Kalincik 2010 2",
    "et": "Age",
    "off": 15786,
    "sff": "one week"
  },
  {
    "docID": "N156 Kalincik 2010 2",
    "et": "Age",
    "off": 14580,
    "sff": "2 weeks"
  },
  {
    "docID": "N156 Kalincik 2010 2",
    "et": "Age",
    "off": 28045,
    "sff": "9 weeks"
  },
  {
    "docID": "N156 Kalincik 2010 2",
    "et": "Age",
    "off": 32204,
    "sff": "3 weeks"
  },
  {
    "docID": "N156 Kalincik 2010 2",
    "et": "Age",
    "off": 6829,
    "sff": "Two weeks"
  },
  {
    "docID": "N156 Kalincik 2010 2",
    "et": "Age",
    "off": 37242,
    "sff": "6–12 weeks"
  },
  {
    "docID": "N156 Kalincik 2010 2",
    "et": "Age",
    "off": 32279,
    "sff": "7 days"
  },
  {
    "docID": "N156 Kalincik 2010 2",
    "et": "Age",
    "off": 42391,
    "sff": "7 days"
  },
  {
    "docID": "N156 Kalincik 2010 2",
    "et": "Age",
    "off": 11141,
    "sff": "One week"
  },
  {
    "docID": "N156 Kalincik 2010 2",
    "et": "Age",
    "off": 37138,
    "sff": "3 weeks"
  },
  {
    "docID": "N156 Kalincik 2010 2",
    "et": "Age",
    "off": 41548,
    "sff": "30 days"
  },
  {
    "docID": "N156 Kalincik 2010 2",
    "et": "Age",
    "off": 15446,
    "sff": "5 days"
  },
  {
    "docID": "N156 Kalincik 2010 2",
    "et": "Age",
    "off": 899,
    "sff": "8 weeks"
  },
  {
    "docID": "N156 Kalincik 2010 2",
    "et": "Age",
    "off": 15135,
    "sff": "3 days"
  },
  {
    "docID": "N156 Kalincik 2010 2",
    "et": "Age",
    "off": 36094,
    "sff": "9 weeks"
  },
  {
    "docID": "N156 Kalincik 2010 2",
    "et": "Age",
    "off": 32774,
    "sff": "30 days"
  },
  {
    "docID": "N156 Kalincik 2010 2",
    "et": "Age",
    "off": 43069,
    "sff": "9 weeks"
  },
  {
    "docID": "N156 Kalincik 2010 2",
    "et": "Age",
    "off": 7908,
    "sff": "30 days"
  },
  {
    "docID": "N156 Kalincik 2010 2",
    "et": "Age",
    "off": 33001,
    "sff": "Eleven days"
  },
  {
    "docID": "N156 Kalincik 2010 2",
    "et": "Age",
    "off": 33847,
    "sff": "9 weeks"
  },
  {
    "docID": "N156 Kalincik 2010 2",
    "et": "Age",
    "off": 17911,
    "sff": "9 weeks"
  },
  {
    "docID": "N156 Kalincik 2010 2",
    "et": "Age",
    "off": 5754,
    "sff": "11–14 weeks"
  },
  {
    "docID": "N156 Kalincik 2010 2",
    "et": "Age",
    "off": 10869,
    "sff": "9 weeks"
  },
  {
    "docID": "N156 Kalincik 2010 2",
    "et": "Age",
    "off": 14983,
    "sff": "5 days"
  },
  {
    "docID": "N156 Kalincik 2010 2",
    "et": "Age",
    "off": 32972,
    "sff": "7 days"
  },
  {
    "docID": "N156 Kalincik 2010 2",
    "et": "Age",
    "off": 22827,
    "sff": "9 weeks"
  },
  {
    "docID": "N156 Kalincik 2010 2",
    "et": "Age",
    "off": 27482,
    "sff": "30 days"
  },
  {
    "docID": "N156 Kalincik 2010 2",
    "et": "Age",
    "off": 12618,
    "sff": "two weeks"
  },
  {
    "docID": "N156 Kalincik 2010 2",
    "et": "Age",
    "off": 7340,
    "sff": "9 weeks"
  },
  {
    "docID": "N156 Kalincik 2010 2",
    "et": "Age",
    "off": 42866,
    "sff": "4 weeks"
  },
  {
    "docID": "N156 Kalincik 2010 2",
    "et": "Age",
    "off": 42418,
    "sff": "30 days"
  },
  {
    "docID": "N156 Kalincik 2010 2",
    "et": "Age",
    "off": 9783,
    "sff": "8 weeks of age"
  },
  {
    "docID": "N156 Kalincik 2010 2",
    "et": "Age",
    "off": 22894,
    "sff": "30 days"
  },
  {
    "docID": "N156 Kalincik 2010 2",
    "et": "Age",
    "off": 38363,
    "sff": "9 weeks"
  },
  {
    "docID": "N156 Kalincik 2010 2",
    "et": "Age",
    "off": 5952,
    "sff": "2 weeks"
  },
  {
    "docID": "N156 Kalincik 2010 2",
    "et": "Age",
    "off": 15224,
    "sff": "3 weeks"
  },
  {
    "docID": "N156 Kalincik 2010 2",
    "et": "Age",
    "off": 27636,
    "sff": "11 days"
  },
  {
    "docID": "N156 Kalincik 2010 2",
    "et": "Age",
    "off": 37725,
    "sff": "9 weeks"
  },
  {
    "docID": "N156 Kalincik 2010 2",
    "et": "Age",
    "off": 5884,
    "sff": "3 days"
  }
]
