[
  {
    "docID": "N157 Kalincik 2010",
    "et": "Weight",
    "off": 4913,
    "sff": "350–400 g"
  },
  {
    "docID": "N157 Kalincik 2010",
    "et": "RatModel",
    "off": 6227,
    "sff": "rat"
  },
  {
    "docID": "N157 Kalincik 2010",
    "et": "RatModel",
    "off": 11620,
    "sff": "rat"
  },
  {
    "docID": "N157 Kalincik 2010",
    "et": "RatModel",
    "off": 14596,
    "sff": "rat"
  },
  {
    "docID": "N157 Kalincik 2010",
    "et": "RatModel",
    "off": 10301,
    "sff": "rat"
  },
  {
    "docID": "N157 Kalincik 2010",
    "et": "RatModel",
    "off": 27117,
    "sff": "rat"
  },
  {
    "docID": "N157 Kalincik 2010",
    "et": "RatModel",
    "off": 1239,
    "sff": "rat"
  },
  {
    "docID": "N157 Kalincik 2010",
    "et": "NewZealandRabbit",
    "off": 4846,
    "sff": "New"
  },
  {
    "docID": "N157 Kalincik 2010",
    "et": "NewZealandRabbit",
    "off": 281,
    "sff": "New"
  },
  {
    "docID": "N157 Kalincik 2010",
    "et": "NewZealandRabbit",
    "off": 4612,
    "sff": "New"
  },
  {
    "docID": "N157 Kalincik 2010",
    "et": "RabbitSpecies",
    "off": 10435,
    "sff": "rabbit"
  },
  {
    "docID": "N157 Kalincik 2010",
    "et": "RabbitSpecies",
    "off": 10183,
    "sff": "rabbit"
  },
  {
    "docID": "N157 Kalincik 2010",
    "et": "Mixed",
    "off": 23500,
    "sff": "mixed"
  },
  {
    "docID": "N157 Kalincik 2010",
    "et": "Mixed",
    "off": 17182,
    "sff": "MIXED"
  },
  {
    "docID": "N157 Kalincik 2010",
    "et": "Mixed",
    "off": 19897,
    "sff": "mixed"
  },
  {
    "docID": "N157 Kalincik 2010",
    "et": "Mixed",
    "off": 23878,
    "sff": "mixed"
  },
  {
    "docID": "N157 Kalincik 2010",
    "et": "Mixed",
    "off": 23171,
    "sff": "mixed"
  },
  {
    "docID": "N157 Kalincik 2010",
    "et": "Mixed",
    "off": 24483,
    "sff": "mixed"
  },
  {
    "docID": "N157 Kalincik 2010",
    "et": "Mixed",
    "off": 22610,
    "sff": "mixed"
  },
  {
    "docID": "N157 Kalincik 2010",
    "et": "Mixed",
    "off": 25170,
    "sff": "mixed"
  },
  {
    "docID": "N157 Kalincik 2010",
    "et": "Mixed",
    "off": 17169,
    "sff": "mixed"
  },
  {
    "docID": "N157 Kalincik 2010",
    "et": "Aged",
    "off": 4882,
    "sff": "aged"
  },
  {
    "docID": "N157 Kalincik 2010",
    "et": "RabbitModel",
    "off": 10435,
    "sff": "rabbit"
  },
  {
    "docID": "N157 Kalincik 2010",
    "et": "RabbitModel",
    "off": 10183,
    "sff": "rabbit"
  },
  {
    "docID": "N157 Kalincik 2010",
    "et": "AgeCategory",
    "off": 5310,
    "sff": "age"
  },
  {
    "docID": "N157 Kalincik 2010",
    "et": "WistarRat",
    "off": 5281,
    "sff": "Wistar"
  },
  {
    "docID": "N157 Kalincik 2010",
    "et": "WistarRat",
    "off": 4790,
    "sff": "Wistar rats"
  },
  {
    "docID": "N157 Kalincik 2010",
    "et": "WistarRat",
    "off": 4790,
    "sff": "Wistar"
  },
  {
    "docID": "N157 Kalincik 2010",
    "et": "RatSpecies",
    "off": 11620,
    "sff": "rat"
  },
  {
    "docID": "N157 Kalincik 2010",
    "et": "RatSpecies",
    "off": 14596,
    "sff": "rat"
  },
  {
    "docID": "N157 Kalincik 2010",
    "et": "RatSpecies",
    "off": 6227,
    "sff": "rat"
  },
  {
    "docID": "N157 Kalincik 2010",
    "et": "RatSpecies",
    "off": 1239,
    "sff": "rat"
  },
  {
    "docID": "N157 Kalincik 2010",
    "et": "RatSpecies",
    "off": 10301,
    "sff": "rat"
  },
  {
    "docID": "N157 Kalincik 2010",
    "et": "RatSpecies",
    "off": 27117,
    "sff": "rat"
  },
  {
    "docID": "N157 Kalincik 2010",
    "et": "Male",
    "off": 4767,
    "sff": "male"
  },
  {
    "docID": "N157 Kalincik 2010",
    "et": "Male",
    "off": 5288,
    "sff": "male"
  },
  {
    "docID": "N157 Kalincik 2010",
    "et": "Adult",
    "off": 348,
    "sff": "Adult"
  },
  {
    "docID": "N157 Kalincik 2010",
    "et": "Age",
    "off": 23452,
    "sff": "9 weeks"
  },
  {
    "docID": "N157 Kalincik 2010",
    "et": "Age",
    "off": 28252,
    "sff": "9 weeks"
  },
  {
    "docID": "N157 Kalincik 2010",
    "et": "Age",
    "off": 29826,
    "sff": "2 weeks"
  },
  {
    "docID": "N157 Kalincik 2010",
    "et": "Age",
    "off": 2937,
    "sff": "4 weeks"
  },
  {
    "docID": "N157 Kalincik 2010",
    "et": "Age",
    "off": 5299,
    "sff": "8 weeks of age"
  },
  {
    "docID": "N157 Kalincik 2010",
    "et": "Age",
    "off": 29059,
    "sff": "9 weeks"
  },
  {
    "docID": "N157 Kalincik 2010",
    "et": "Age",
    "off": 36528,
    "sff": "3 weeks"
  },
  {
    "docID": "N157 Kalincik 2010",
    "et": "Age",
    "off": 28329,
    "sff": "1 week"
  },
  {
    "docID": "N157 Kalincik 2010",
    "et": "Age",
    "off": 7788,
    "sff": "5 days"
  },
  {
    "docID": "N157 Kalincik 2010",
    "et": "Age",
    "off": 28941,
    "sff": "9 weeks"
  },
  {
    "docID": "N157 Kalincik 2010",
    "et": "Age",
    "off": 15176,
    "sff": "9 weeks"
  },
  {
    "docID": "N157 Kalincik 2010",
    "et": "Age",
    "off": 20390,
    "sff": "4 weeks"
  },
  {
    "docID": "N157 Kalincik 2010",
    "et": "Age",
    "off": 26212,
    "sff": "4 weeks"
  },
  {
    "docID": "N157 Kalincik 2010",
    "et": "Age",
    "off": 37156,
    "sff": "4 weeks"
  },
  {
    "docID": "N157 Kalincik 2010",
    "et": "Age",
    "off": 16052,
    "sff": "9 weeks"
  },
  {
    "docID": "N157 Kalincik 2010",
    "et": "Age",
    "off": 6195,
    "sff": "nine weeks"
  },
  {
    "docID": "N157 Kalincik 2010",
    "et": "Age",
    "off": 15323,
    "sff": "4 weeks"
  },
  {
    "docID": "N157 Kalincik 2010",
    "et": "Age",
    "off": 8255,
    "sff": "1 week"
  },
  {
    "docID": "N157 Kalincik 2010",
    "et": "Age",
    "off": 15934,
    "sff": "9 weeks"
  },
  {
    "docID": "N157 Kalincik 2010",
    "et": "Age",
    "off": 25598,
    "sff": "9 weeks"
  },
  {
    "docID": "N157 Kalincik 2010",
    "et": "Age",
    "off": 34046,
    "sff": "9 weeks"
  },
  {
    "docID": "N157 Kalincik 2010",
    "et": "Age",
    "off": 15479,
    "sff": "9 weeks"
  },
  {
    "docID": "N157 Kalincik 2010",
    "et": "Age",
    "off": 7930,
    "sff": "3 days"
  },
  {
    "docID": "N157 Kalincik 2010",
    "et": "Age",
    "off": 19666,
    "sff": "4 weeks"
  },
  {
    "docID": "N157 Kalincik 2010",
    "et": "Age",
    "off": 19683,
    "sff": "9 weeks"
  },
  {
    "docID": "N157 Kalincik 2010",
    "et": "Age",
    "off": 25766,
    "sff": "9 weeks"
  },
  {
    "docID": "N157 Kalincik 2010",
    "et": "Age",
    "off": 8075,
    "sff": "2 weeks"
  },
  {
    "docID": "N157 Kalincik 2010",
    "et": "Age",
    "off": 8273,
    "sff": "4 weeks"
  },
  {
    "docID": "N157 Kalincik 2010",
    "et": "Age",
    "off": 19653,
    "sff": "1 week"
  },
  {
    "docID": "N157 Kalincik 2010",
    "et": "Age",
    "off": 28169,
    "sff": "1 week"
  },
  {
    "docID": "N157 Kalincik 2010",
    "et": "Age",
    "off": 1260,
    "sff": "9 weeks"
  },
  {
    "docID": "N157 Kalincik 2010",
    "et": "Age",
    "off": 4882,
    "sff": "aged 11- 14 weeks"
  },
  {
    "docID": "N157 Kalincik 2010",
    "et": "Age",
    "off": 22700,
    "sff": "9 weeks"
  },
  {
    "docID": "N157 Kalincik 2010",
    "et": "Age",
    "off": 29708,
    "sff": "1 week"
  }
]
