[
  {
    "docID": "N158 Kang 2015",
    "et": "Weight",
    "off": 3295,
    "sff": "200-250 g"
  },
  {
    "docID": "N158 Kang 2015",
    "et": "Weight",
    "off": 5040,
    "sff": "1000 g"
  },
  {
    "docID": "N158 Kang 2015",
    "et": "Weight",
    "off": 7480,
    "sff": "200-250 g"
  },
  {
    "docID": "N158 Kang 2015",
    "et": "RatModel",
    "off": 4669,
    "sff": "rat"
  },
  {
    "docID": "N158 Kang 2015",
    "et": "RatModel",
    "off": 9533,
    "sff": "rat"
  },
  {
    "docID": "N158 Kang 2015",
    "et": "RatModel",
    "off": 21197,
    "sff": "rat"
  },
  {
    "docID": "N158 Kang 2015",
    "et": "RatModel",
    "off": 29741,
    "sff": "rat"
  },
  {
    "docID": "N158 Kang 2015",
    "et": "RatModel",
    "off": 7221,
    "sff": "rat"
  },
  {
    "docID": "N158 Kang 2015",
    "et": "RatModel",
    "off": 13669,
    "sff": "rat"
  },
  {
    "docID": "N158 Kang 2015",
    "et": "RatModel",
    "off": 3494,
    "sff": "rat"
  },
  {
    "docID": "N158 Kang 2015",
    "et": "RatModel",
    "off": 29848,
    "sff": "rat"
  },
  {
    "docID": "N158 Kang 2015",
    "et": "NewZealandRabbit",
    "off": 1703,
    "sff": "new"
  },
  {
    "docID": "N158 Kang 2015",
    "et": "NewZealandRabbit",
    "off": 20641,
    "sff": "New"
  },
  {
    "docID": "N158 Kang 2015",
    "et": "NewZealandRabbit",
    "off": 22122,
    "sff": "new"
  },
  {
    "docID": "N158 Kang 2015",
    "et": "NewZealandRabbit",
    "off": 22842,
    "sff": "new"
  },
  {
    "docID": "N158 Kang 2015",
    "et": "NewZealandRabbit",
    "off": 2325,
    "sff": "new"
  },
  {
    "docID": "N158 Kang 2015",
    "et": "OrganismSpecies",
    "off": 22182,
    "sff": "organism"
  },
  {
    "docID": "N158 Kang 2015",
    "et": "SpragueDawleyRat",
    "off": 501,
    "sff": "Sprague-Dawley rats"
  },
  {
    "docID": "N158 Kang 2015",
    "et": "SpragueDawleyRat",
    "off": 501,
    "sff": "Sprague-Dawley"
  },
  {
    "docID": "N158 Kang 2015",
    "et": "SpragueDawleyRat",
    "off": 3215,
    "sff": "Sprague-Dawley"
  },
  {
    "docID": "N158 Kang 2015",
    "et": "AgeCategory",
    "off": 4270,
    "sff": "age"
  },
  {
    "docID": "N158 Kang 2015",
    "et": "RatSpecies",
    "off": 29848,
    "sff": "rat"
  },
  {
    "docID": "N158 Kang 2015",
    "et": "RatSpecies",
    "off": 7221,
    "sff": "rat"
  },
  {
    "docID": "N158 Kang 2015",
    "et": "RatSpecies",
    "off": 13669,
    "sff": "rat"
  },
  {
    "docID": "N158 Kang 2015",
    "et": "RatSpecies",
    "off": 3494,
    "sff": "rat"
  },
  {
    "docID": "N158 Kang 2015",
    "et": "RatSpecies",
    "off": 4669,
    "sff": "rat"
  },
  {
    "docID": "N158 Kang 2015",
    "et": "RatSpecies",
    "off": 9533,
    "sff": "rat"
  },
  {
    "docID": "N158 Kang 2015",
    "et": "RatSpecies",
    "off": 21197,
    "sff": "rat"
  },
  {
    "docID": "N158 Kang 2015",
    "et": "RatSpecies",
    "off": 29741,
    "sff": "rat"
  },
  {
    "docID": "N158 Kang 2015",
    "et": "Male",
    "off": 3265,
    "sff": "Male"
  },
  {
    "docID": "N158 Kang 2015",
    "et": "Gender",
    "off": 7464,
    "sff": "gender"
  },
  {
    "docID": "N158 Kang 2015",
    "et": "OrganismModel",
    "off": 22182,
    "sff": "organism"
  },
  {
    "docID": "N158 Kang 2015",
    "et": "LongEvansRat",
    "off": 11627,
    "sff": "long"
  },
  {
    "docID": "N158 Kang 2015",
    "et": "LongEvansRat",
    "off": 17645,
    "sff": "long"
  },
  {
    "docID": "N158 Kang 2015",
    "et": "Female",
    "off": 3274,
    "sff": "female"
  },
  {
    "docID": "N158 Kang 2015",
    "et": "Age",
    "off": 15466,
    "sff": "4 weeks"
  },
  {
    "docID": "N158 Kang 2015",
    "et": "Age",
    "off": 16360,
    "sff": "4 weeks"
  },
  {
    "docID": "N158 Kang 2015",
    "et": "Age",
    "off": 14384,
    "sff": "7 days"
  },
  {
    "docID": "N158 Kang 2015",
    "et": "Age",
    "off": 18307,
    "sff": "5 days"
  },
  {
    "docID": "N158 Kang 2015",
    "et": "Age",
    "off": 15566,
    "sff": "4 weeks"
  },
  {
    "docID": "N158 Kang 2015",
    "et": "Age",
    "off": 15394,
    "sff": "4 weeks"
  },
  {
    "docID": "N158 Kang 2015",
    "et": "Age",
    "off": 18029,
    "sff": "5 days"
  },
  {
    "docID": "N158 Kang 2015",
    "et": "Age",
    "off": 6870,
    "sff": "Two days"
  },
  {
    "docID": "N158 Kang 2015",
    "et": "Age",
    "off": 15712,
    "sff": "4 weeks"
  },
  {
    "docID": "N158 Kang 2015",
    "et": "Age",
    "off": 14940,
    "sff": "Five days"
  },
  {
    "docID": "N158 Kang 2015",
    "et": "Age",
    "off": 21169,
    "sff": "Three days"
  },
  {
    "docID": "N158 Kang 2015",
    "et": "Age",
    "off": 15322,
    "sff": "4 weeks"
  },
  {
    "docID": "N158 Kang 2015",
    "et": "Age",
    "off": 16445,
    "sff": "7 days"
  },
  {
    "docID": "N158 Kang 2015",
    "et": "Age",
    "off": 14972,
    "sff": "Seven days"
  },
  {
    "docID": "N158 Kang 2015",
    "et": "Age",
    "off": 15933,
    "sff": "4 weeks"
  },
  {
    "docID": "N158 Kang 2015",
    "et": "Age",
    "off": 14907,
    "sff": "Three days"
  },
  {
    "docID": "N158 Kang 2015",
    "et": "Age",
    "off": 4945,
    "sff": "3 days"
  },
  {
    "docID": "N158 Kang 2015",
    "et": "Age",
    "off": 15835,
    "sff": "4 weeks"
  },
  {
    "docID": "N158 Kang 2015",
    "et": "Age",
    "off": 4270,
    "sff": "age of 14 weeks"
  },
  {
    "docID": "N158 Kang 2015",
    "et": "Age",
    "off": 16303,
    "sff": "4 weeks"
  },
  {
    "docID": "N158 Kang 2015",
    "et": "Age",
    "off": 5209,
    "sff": "7 days"
  },
  {
    "docID": "N158 Kang 2015",
    "et": "Age",
    "off": 1149,
    "sff": "8 weeks"
  },
  {
    "docID": "N158 Kang 2015",
    "et": "Age",
    "off": 12071,
    "sff": "One week"
  }
]
