[
  {
    "docID": "N159 Keyvan-Fouladi 2003",
    "et": "Weight",
    "off": 12373,
    "sff": "2G"
  },
  {
    "docID": "N159 Keyvan-Fouladi 2003",
    "et": "Weight",
    "off": 2853,
    "sff": "200–240 gm"
  },
  {
    "docID": "N159 Keyvan-Fouladi 2003",
    "et": "RatModel",
    "off": 16764,
    "sff": "rat"
  },
  {
    "docID": "N159 Keyvan-Fouladi 2003",
    "et": "RatModel",
    "off": 5822,
    "sff": "rat"
  },
  {
    "docID": "N159 Keyvan-Fouladi 2003",
    "et": "RatModel",
    "off": 2375,
    "sff": "rat"
  },
  {
    "docID": "N159 Keyvan-Fouladi 2003",
    "et": "Patient",
    "off": 16211,
    "sff": "patient"
  },
  {
    "docID": "N159 Keyvan-Fouladi 2003",
    "et": "Patient",
    "off": 1871,
    "sff": "patient"
  },
  {
    "docID": "N159 Keyvan-Fouladi 2003",
    "et": "Patient",
    "off": 19184,
    "sff": "patient"
  },
  {
    "docID": "N159 Keyvan-Fouladi 2003",
    "et": "NewZealandRabbit",
    "off": 18962,
    "sff": "new"
  },
  {
    "docID": "N159 Keyvan-Fouladi 2003",
    "et": "RatSpecies",
    "off": 16764,
    "sff": "rat"
  },
  {
    "docID": "N159 Keyvan-Fouladi 2003",
    "et": "RatSpecies",
    "off": 2375,
    "sff": "rat"
  },
  {
    "docID": "N159 Keyvan-Fouladi 2003",
    "et": "RatSpecies",
    "off": 5822,
    "sff": "rat"
  },
  {
    "docID": "N159 Keyvan-Fouladi 2003",
    "et": "Adult",
    "off": 337,
    "sff": "Adult"
  },
  {
    "docID": "N159 Keyvan-Fouladi 2003",
    "et": "Adult",
    "off": 107,
    "sff": "Adult"
  },
  {
    "docID": "N159 Keyvan-Fouladi 2003",
    "et": "Adult",
    "off": 2833,
    "sff": "adult"
  },
  {
    "docID": "N159 Keyvan-Fouladi 2003",
    "et": "Adult",
    "off": 2288,
    "sff": "adult"
  },
  {
    "docID": "N159 Keyvan-Fouladi 2003",
    "et": "LongEvansRat",
    "off": 13552,
    "sff": "long"
  },
  {
    "docID": "N159 Keyvan-Fouladi 2003",
    "et": "Female",
    "off": 2865,
    "sff": "female"
  },
  {
    "docID": "N159 Keyvan-Fouladi 2003",
    "et": "Age",
    "off": 902,
    "sff": "3 weeks"
  },
  {
    "docID": "N159 Keyvan-Fouladi 2003",
    "et": "Age",
    "off": 12483,
    "sff": "3 weeks"
  },
  {
    "docID": "N159 Keyvan-Fouladi 2003",
    "et": "Age",
    "off": 16596,
    "sff": "8 weeks"
  },
  {
    "docID": "N159 Keyvan-Fouladi 2003",
    "et": "Age",
    "off": 16246,
    "sff": "1 year"
  },
  {
    "docID": "N159 Keyvan-Fouladi 2003",
    "et": "Age",
    "off": 5590,
    "sff": "8 weeks"
  },
  {
    "docID": "N159 Keyvan-Fouladi 2003",
    "et": "Age",
    "off": 5956,
    "sff": "14–17 d"
  },
  {
    "docID": "N159 Keyvan-Fouladi 2003",
    "et": "Age",
    "off": 13906,
    "sff": "8 weeks"
  },
  {
    "docID": "N159 Keyvan-Fouladi 2003",
    "et": "Age",
    "off": 5726,
    "sff": "24 weeks"
  },
  {
    "docID": "N159 Keyvan-Fouladi 2003",
    "et": "Age",
    "off": 6286,
    "sff": "8 weeks"
  },
  {
    "docID": "N159 Keyvan-Fouladi 2003",
    "et": "Age",
    "off": 775,
    "sff": "8 weeks"
  },
  {
    "docID": "N159 Keyvan-Fouladi 2003",
    "et": "Age",
    "off": 12935,
    "sff": "8 weeks"
  },
  {
    "docID": "N159 Keyvan-Fouladi 2003",
    "et": "Age",
    "off": 14998,
    "sff": "3 weeks"
  },
  {
    "docID": "N159 Keyvan-Fouladi 2003",
    "et": "Age",
    "off": 13799,
    "sff": "24 weeks"
  },
  {
    "docID": "N159 Keyvan-Fouladi 2003",
    "et": "Age",
    "off": 10181,
    "sff": "8 weeks"
  },
  {
    "docID": "N159 Keyvan-Fouladi 2003",
    "et": "Age",
    "off": 10213,
    "sff": "24 weeks"
  },
  {
    "docID": "N159 Keyvan-Fouladi 2003",
    "et": "Age",
    "off": 2699,
    "sff": "2 months"
  },
  {
    "docID": "N159 Keyvan-Fouladi 2003",
    "et": "Age",
    "off": 5702,
    "sff": "16 weeks"
  },
  {
    "docID": "N159 Keyvan-Fouladi 2003",
    "et": "Age",
    "off": 13122,
    "sff": "8 weeks"
  },
  {
    "docID": "N159 Keyvan-Fouladi 2003",
    "et": "Age",
    "off": 14210,
    "sff": "8 weeks"
  },
  {
    "docID": "N159 Keyvan-Fouladi 2003",
    "et": "Age",
    "off": 12029,
    "sff": "8 weeks"
  },
  {
    "docID": "N159 Keyvan-Fouladi 2003",
    "et": "Age",
    "off": 22673,
    "sff": "2 months"
  },
  {
    "docID": "N159 Keyvan-Fouladi 2003",
    "et": "Age",
    "off": 7073,
    "sff": "2 weeks"
  },
  {
    "docID": "N159 Keyvan-Fouladi 2003",
    "et": "Age",
    "off": 12212,
    "sff": "8 weeks"
  },
  {
    "docID": "N159 Keyvan-Fouladi 2003",
    "et": "Age",
    "off": 13686,
    "sff": "24 weeks"
  },
  {
    "docID": "N159 Keyvan-Fouladi 2003",
    "et": "Age",
    "off": 18691,
    "sff": "6 months"
  },
  {
    "docID": "N159 Keyvan-Fouladi 2003",
    "et": "Age",
    "off": 13292,
    "sff": "8 weeks"
  },
  {
    "docID": "N159 Keyvan-Fouladi 2003",
    "et": "Age",
    "off": 13597,
    "sff": "16 weeks"
  },
  {
    "docID": "N159 Keyvan-Fouladi 2003",
    "et": "Age",
    "off": 4672,
    "sff": "Three days"
  },
  {
    "docID": "N159 Keyvan-Fouladi 2003",
    "et": "Age",
    "off": 585,
    "sff": "6 months"
  },
  {
    "docID": "N159 Keyvan-Fouladi 2003",
    "et": "Age",
    "off": 5226,
    "sff": "8 weeks"
  },
  {
    "docID": "N159 Keyvan-Fouladi 2003",
    "et": "Age",
    "off": 13209,
    "sff": "1–3 weeks"
  },
  {
    "docID": "N159 Keyvan-Fouladi 2003",
    "et": "Age",
    "off": 16719,
    "sff": "6 months"
  }
]
