[
  {
    "docID": "N160 Kubasak 2008",
    "et": "Weight",
    "off": 30550,
    "sff": "1G"
  },
  {
    "docID": "N160 Kubasak 2008",
    "et": "RatModel",
    "off": 26035,
    "sff": "rat"
  },
  {
    "docID": "N160 Kubasak 2008",
    "et": "RatModel",
    "off": 24724,
    "sff": "rat"
  },
  {
    "docID": "N160 Kubasak 2008",
    "et": "RatModel",
    "off": 23815,
    "sff": "rat"
  },
  {
    "docID": "N160 Kubasak 2008",
    "et": "RatModel",
    "off": 26697,
    "sff": "rat"
  },
  {
    "docID": "N160 Kubasak 2008",
    "et": "RatModel",
    "off": 9482,
    "sff": "rat"
  },
  {
    "docID": "N160 Kubasak 2008",
    "et": "RatModel",
    "off": 23980,
    "sff": "rat"
  },
  {
    "docID": "N160 Kubasak 2008",
    "et": "RatModel",
    "off": 9118,
    "sff": "rat"
  },
  {
    "docID": "N160 Kubasak 2008",
    "et": "RatModel",
    "off": 25313,
    "sff": "rat"
  },
  {
    "docID": "N160 Kubasak 2008",
    "et": "RatModel",
    "off": 26146,
    "sff": "rat"
  },
  {
    "docID": "N160 Kubasak 2008",
    "et": "RatModel",
    "off": 15747,
    "sff": "rat"
  },
  {
    "docID": "N160 Kubasak 2008",
    "et": "RatModel",
    "off": 18489,
    "sff": "rat"
  },
  {
    "docID": "N160 Kubasak 2008",
    "et": "RatModel",
    "off": 7610,
    "sff": "rat"
  },
  {
    "docID": "N160 Kubasak 2008",
    "et": "RatModel",
    "off": 18426,
    "sff": "rat"
  },
  {
    "docID": "N160 Kubasak 2008",
    "et": "Mixed",
    "off": 6823,
    "sff": "mixed"
  },
  {
    "docID": "N160 Kubasak 2008",
    "et": "MouseModel",
    "off": 11985,
    "sff": "Mouse"
  },
  {
    "docID": "N160 Kubasak 2008",
    "et": "MouseModel",
    "off": 12076,
    "sff": "Mouse"
  },
  {
    "docID": "N160 Kubasak 2008",
    "et": "WistarRat",
    "off": 6044,
    "sff": "Wistar"
  },
  {
    "docID": "N160 Kubasak 2008",
    "et": "WistarRat",
    "off": 6504,
    "sff": "Wistar"
  },
  {
    "docID": "N160 Kubasak 2008",
    "et": "RatSpecies",
    "off": 23980,
    "sff": "rat"
  },
  {
    "docID": "N160 Kubasak 2008",
    "et": "RatSpecies",
    "off": 9482,
    "sff": "rat"
  },
  {
    "docID": "N160 Kubasak 2008",
    "et": "RatSpecies",
    "off": 26697,
    "sff": "rat"
  },
  {
    "docID": "N160 Kubasak 2008",
    "et": "RatSpecies",
    "off": 24724,
    "sff": "rat"
  },
  {
    "docID": "N160 Kubasak 2008",
    "et": "RatSpecies",
    "off": 26035,
    "sff": "rat"
  },
  {
    "docID": "N160 Kubasak 2008",
    "et": "RatSpecies",
    "off": 9118,
    "sff": "rat"
  },
  {
    "docID": "N160 Kubasak 2008",
    "et": "RatSpecies",
    "off": 18489,
    "sff": "rat"
  },
  {
    "docID": "N160 Kubasak 2008",
    "et": "RatSpecies",
    "off": 7610,
    "sff": "rat"
  },
  {
    "docID": "N160 Kubasak 2008",
    "et": "RatSpecies",
    "off": 18426,
    "sff": "rat"
  },
  {
    "docID": "N160 Kubasak 2008",
    "et": "RatSpecies",
    "off": 23815,
    "sff": "rat"
  },
  {
    "docID": "N160 Kubasak 2008",
    "et": "RatSpecies",
    "off": 15747,
    "sff": "rat"
  },
  {
    "docID": "N160 Kubasak 2008",
    "et": "RatSpecies",
    "off": 26146,
    "sff": "rat"
  },
  {
    "docID": "N160 Kubasak 2008",
    "et": "RatSpecies",
    "off": 25313,
    "sff": "rat"
  },
  {
    "docID": "N160 Kubasak 2008",
    "et": "MouseSpecies",
    "off": 11985,
    "sff": "Mouse"
  },
  {
    "docID": "N160 Kubasak 2008",
    "et": "MouseSpecies",
    "off": 12076,
    "sff": "Mouse"
  },
  {
    "docID": "N160 Kubasak 2008",
    "et": "Adult",
    "off": 3388,
    "sff": "adult"
  },
  {
    "docID": "N160 Kubasak 2008",
    "et": "Adult",
    "off": 42747,
    "sff": "adult"
  },
  {
    "docID": "N160 Kubasak 2008",
    "et": "Adult",
    "off": 27289,
    "sff": "adult"
  },
  {
    "docID": "N160 Kubasak 2008",
    "et": "Adult",
    "off": 3512,
    "sff": "adult"
  },
  {
    "docID": "N160 Kubasak 2008",
    "et": "Adult",
    "off": 45047,
    "sff": "adult"
  },
  {
    "docID": "N160 Kubasak 2008",
    "et": "Adult",
    "off": 28133,
    "sff": "adult"
  },
  {
    "docID": "N160 Kubasak 2008",
    "et": "Adult",
    "off": 1123,
    "sff": "adult"
  },
  {
    "docID": "N160 Kubasak 2008",
    "et": "Adult",
    "off": 20909,
    "sff": "adult"
  },
  {
    "docID": "N160 Kubasak 2008",
    "et": "Adult",
    "off": 73,
    "sff": "adult"
  },
  {
    "docID": "N160 Kubasak 2008",
    "et": "Adult",
    "off": 5865,
    "sff": "adult"
  },
  {
    "docID": "N160 Kubasak 2008",
    "et": "Adult",
    "off": 46742,
    "sff": "adult"
  },
  {
    "docID": "N160 Kubasak 2008",
    "et": "Adult",
    "off": 3025,
    "sff": "adult"
  },
  {
    "docID": "N160 Kubasak 2008",
    "et": "Adult",
    "off": 43921,
    "sff": "adult"
  },
  {
    "docID": "N160 Kubasak 2008",
    "et": "LongEvansRat",
    "off": 49006,
    "sff": "long"
  },
  {
    "docID": "N160 Kubasak 2008",
    "et": "Female",
    "off": 1129,
    "sff": "female"
  },
  {
    "docID": "N160 Kubasak 2008",
    "et": "Female",
    "off": 6497,
    "sff": "Female"
  },
  {
    "docID": "N160 Kubasak 2008",
    "et": "Age",
    "off": 30535,
    "sff": "7 months"
  },
  {
    "docID": "N160 Kubasak 2008",
    "et": "Age",
    "off": 35781,
    "sff": "7 months"
  },
  {
    "docID": "N160 Kubasak 2008",
    "et": "Age",
    "off": 28672,
    "sff": "7-month"
  },
  {
    "docID": "N160 Kubasak 2008",
    "et": "Age",
    "off": 30657,
    "sff": "7 months"
  },
  {
    "docID": "N160 Kubasak 2008",
    "et": "Age",
    "off": 27457,
    "sff": "One month"
  },
  {
    "docID": "N160 Kubasak 2008",
    "et": "Age",
    "off": 39937,
    "sff": "4D"
  },
  {
    "docID": "N160 Kubasak 2008",
    "et": "Age",
    "off": 1593,
    "sff": "7 months"
  },
  {
    "docID": "N160 Kubasak 2008",
    "et": "Age",
    "off": 6066,
    "sff": "8–10 weeks old"
  },
  {
    "docID": "N160 Kubasak 2008",
    "et": "Age",
    "off": 31412,
    "sff": "7 months"
  },
  {
    "docID": "N160 Kubasak 2008",
    "et": "Age",
    "off": 34639,
    "sff": "4 to 7 months"
  },
  {
    "docID": "N160 Kubasak 2008",
    "et": "Age",
    "off": 28462,
    "sff": "1D"
  },
  {
    "docID": "N160 Kubasak 2008",
    "et": "Age",
    "off": 44712,
    "sff": "7-month"
  },
  {
    "docID": "N160 Kubasak 2008",
    "et": "Age",
    "off": 31208,
    "sff": "7 months"
  },
  {
    "docID": "N160 Kubasak 2008",
    "et": "Age",
    "off": 31973,
    "sff": "7 months"
  },
  {
    "docID": "N160 Kubasak 2008",
    "et": "Age",
    "off": 44980,
    "sff": "3 to 7 months"
  },
  {
    "docID": "N160 Kubasak 2008",
    "et": "Age",
    "off": 21854,
    "sff": "7 months"
  },
  {
    "docID": "N160 Kubasak 2008",
    "et": "Age",
    "off": 37276,
    "sff": "7-month"
  },
  {
    "docID": "N160 Kubasak 2008",
    "et": "Age",
    "off": 6579,
    "sff": "2 weeks"
  },
  {
    "docID": "N160 Kubasak 2008",
    "et": "Age",
    "off": 32470,
    "sff": "7 months"
  },
  {
    "docID": "N160 Kubasak 2008",
    "et": "Age",
    "off": 6617,
    "sff": "10–12 weeks old"
  },
  {
    "docID": "N160 Kubasak 2008",
    "et": "Age",
    "off": 8861,
    "sff": "5 months"
  },
  {
    "docID": "N160 Kubasak 2008",
    "et": "Age",
    "off": 45490,
    "sff": "7-month"
  },
  {
    "docID": "N160 Kubasak 2008",
    "et": "Age",
    "off": 35428,
    "sff": "4 to 7-month"
  },
  {
    "docID": "N160 Kubasak 2008",
    "et": "Age",
    "off": 21384,
    "sff": "7 months"
  },
  {
    "docID": "N160 Kubasak 2008",
    "et": "Age",
    "off": 30343,
    "sff": "7 months"
  },
  {
    "docID": "N160 Kubasak 2008",
    "et": "Age",
    "off": 3332,
    "sff": "7 months"
  },
  {
    "docID": "N160 Kubasak 2008",
    "et": "Age",
    "off": 8265,
    "sff": "three days"
  },
  {
    "docID": "N160 Kubasak 2008",
    "et": "Age",
    "off": 43156,
    "sff": "7 months"
  },
  {
    "docID": "N160 Kubasak 2008",
    "et": "Age",
    "off": 30846,
    "sff": "7 months"
  },
  {
    "docID": "N160 Kubasak 2008",
    "et": "Age",
    "off": 34301,
    "sff": "7 months"
  },
  {
    "docID": "N160 Kubasak 2008",
    "et": "Age",
    "off": 35064,
    "sff": "7 months"
  },
  {
    "docID": "N160 Kubasak 2008",
    "et": "Age",
    "off": 38695,
    "sff": "3D"
  },
  {
    "docID": "N160 Kubasak 2008",
    "et": "Age",
    "off": 2005,
    "sff": "7-month"
  },
  {
    "docID": "N160 Kubasak 2008",
    "et": "Age",
    "off": 9586,
    "sff": "7 months"
  },
  {
    "docID": "N160 Kubasak 2008",
    "et": "Age",
    "off": 30491,
    "sff": "4 months"
  },
  {
    "docID": "N160 Kubasak 2008",
    "et": "Age",
    "off": 8188,
    "sff": "2 days"
  },
  {
    "docID": "N160 Kubasak 2008",
    "et": "Age",
    "off": 8901,
    "sff": "5 days"
  },
  {
    "docID": "N160 Kubasak 2008",
    "et": "Age",
    "off": 1760,
    "sff": "7-month"
  },
  {
    "docID": "N160 Kubasak 2008",
    "et": "Age",
    "off": 46067,
    "sff": "7 months"
  },
  {
    "docID": "N160 Kubasak 2008",
    "et": "Age",
    "off": 44278,
    "sff": "7 months"
  },
  {
    "docID": "N160 Kubasak 2008",
    "et": "Age",
    "off": 31925,
    "sff": "4 months"
  },
  {
    "docID": "N160 Kubasak 2008",
    "et": "Age",
    "off": 21948,
    "sff": "7 month"
  },
  {
    "docID": "N160 Kubasak 2008",
    "et": "Age",
    "off": 1304,
    "sff": "7 months"
  },
  {
    "docID": "N160 Kubasak 2008",
    "et": "Age",
    "off": 30265,
    "sff": "4 months"
  },
  {
    "docID": "N160 Kubasak 2008",
    "et": "Age",
    "off": 34745,
    "sff": "4 months"
  },
  {
    "docID": "N160 Kubasak 2008",
    "et": "Age",
    "off": 30775,
    "sff": "4 months"
  },
  {
    "docID": "N160 Kubasak 2008",
    "et": "Age",
    "off": 31470,
    "sff": "6 months"
  },
  {
    "docID": "N160 Kubasak 2008",
    "et": "Age",
    "off": 34962,
    "sff": "7 months"
  },
  {
    "docID": "N160 Kubasak 2008",
    "et": "Age",
    "off": 42883,
    "sff": "7 months"
  },
  {
    "docID": "N160 Kubasak 2008",
    "et": "Age",
    "off": 32320,
    "sff": "4 months"
  },
  {
    "docID": "N160 Kubasak 2008",
    "et": "Age",
    "off": 45575,
    "sff": "7 months"
  },
  {
    "docID": "N160 Kubasak 2008",
    "et": "Age",
    "off": 10379,
    "sff": "7 months"
  },
  {
    "docID": "N160 Kubasak 2008",
    "et": "Age",
    "off": 21643,
    "sff": "7 months"
  }
]
