[
  {
    "docID": "N161 Lang 2013",
    "et": "Weight",
    "off": 15640,
    "sff": "180–220 g"
  },
  {
    "docID": "N161 Lang 2013",
    "et": "Weight",
    "off": 8939,
    "sff": "3G"
  },
  {
    "docID": "N161 Lang 2013",
    "et": "Weight",
    "off": 7625,
    "sff": "192.67 ± 39.25 g"
  },
  {
    "docID": "N161 Lang 2013",
    "et": "Weight",
    "off": 7762,
    "sff": "93.33 ± 74.63 g"
  },
  {
    "docID": "N161 Lang 2013",
    "et": "Weight",
    "off": 7699,
    "sff": "113.33 ± 49.24 g"
  },
  {
    "docID": "N161 Lang 2013",
    "et": "Weight",
    "off": 21295,
    "sff": "500 g"
  },
  {
    "docID": "N161 Lang 2013",
    "et": "RatModel",
    "off": 11876,
    "sff": "rat"
  },
  {
    "docID": "N161 Lang 2013",
    "et": "NewZealandRabbit",
    "off": 13000,
    "sff": "new"
  },
  {
    "docID": "N161 Lang 2013",
    "et": "NewZealandRabbit",
    "off": 16934,
    "sff": "new"
  },
  {
    "docID": "N161 Lang 2013",
    "et": "RabbitSpecies",
    "off": 25921,
    "sff": "rabbit"
  },
  {
    "docID": "N161 Lang 2013",
    "et": "RabbitSpecies",
    "off": 18882,
    "sff": "rabbit"
  },
  {
    "docID": "N161 Lang 2013",
    "et": "RabbitSpecies",
    "off": 23208,
    "sff": "rabbit"
  },
  {
    "docID": "N161 Lang 2013",
    "et": "SpragueDawleyRat",
    "off": 15611,
    "sff": "Sprague–Dawley"
  },
  {
    "docID": "N161 Lang 2013",
    "et": "SpragueDawleyRat",
    "off": 15611,
    "sff": "Sprague–Dawley rats"
  },
  {
    "docID": "N161 Lang 2013",
    "et": "MouseModel",
    "off": 23132,
    "sff": "mouse"
  },
  {
    "docID": "N161 Lang 2013",
    "et": "MouseModel",
    "off": 23169,
    "sff": "mouse"
  },
  {
    "docID": "N161 Lang 2013",
    "et": "RabbitModel",
    "off": 23208,
    "sff": "rabbit"
  },
  {
    "docID": "N161 Lang 2013",
    "et": "RabbitModel",
    "off": 18882,
    "sff": "rabbit"
  },
  {
    "docID": "N161 Lang 2013",
    "et": "RabbitModel",
    "off": 25921,
    "sff": "rabbit"
  },
  {
    "docID": "N161 Lang 2013",
    "et": "RatSpecies",
    "off": 11876,
    "sff": "rat"
  },
  {
    "docID": "N161 Lang 2013",
    "et": "MouseSpecies",
    "off": 23169,
    "sff": "mouse"
  },
  {
    "docID": "N161 Lang 2013",
    "et": "MouseSpecies",
    "off": 23132,
    "sff": "mouse"
  },
  {
    "docID": "N161 Lang 2013",
    "et": "Adult",
    "off": 15605,
    "sff": "Adult"
  },
  {
    "docID": "N161 Lang 2013",
    "et": "Age",
    "off": 8232,
    "sff": "one month"
  },
  {
    "docID": "N161 Lang 2013",
    "et": "Age",
    "off": 8707,
    "sff": "3D"
  },
  {
    "docID": "N161 Lang 2013",
    "et": "Age",
    "off": 17464,
    "sff": "7 days"
  },
  {
    "docID": "N161 Lang 2013",
    "et": "Age",
    "off": 14798,
    "sff": "1 month"
  },
  {
    "docID": "N161 Lang 2013",
    "et": "Age",
    "off": 20736,
    "sff": "3 days"
  },
  {
    "docID": "N161 Lang 2013",
    "et": "Age",
    "off": 6228,
    "sff": "5–7 days"
  },
  {
    "docID": "N161 Lang 2013",
    "et": "Age",
    "off": 20794,
    "sff": "One month"
  },
  {
    "docID": "N161 Lang 2013",
    "et": "Age",
    "off": 19956,
    "sff": "2 days"
  },
  {
    "docID": "N161 Lang 2013",
    "et": "Age",
    "off": 4562,
    "sff": "one month"
  },
  {
    "docID": "N161 Lang 2013",
    "et": "Age",
    "off": 6887,
    "sff": "1D"
  },
  {
    "docID": "N161 Lang 2013",
    "et": "Age",
    "off": 9625,
    "sff": "4D"
  },
  {
    "docID": "N161 Lang 2013",
    "et": "Age",
    "off": 6099,
    "sff": "3 days"
  }
]
