[
  {
    "docID": "N162 Lebedev 2010",
    "et": "Weight",
    "off": 6166,
    "sff": "10 mg"
  },
  {
    "docID": "N162 Lebedev 2010",
    "et": "Weight",
    "off": 2825,
    "sff": "300-350 g"
  },
  {
    "docID": "N162 Lebedev 2010",
    "et": "Weight",
    "off": 10691,
    "sff": "449±15 g"
  },
  {
    "docID": "N162 Lebedev 2010",
    "et": "Weight",
    "off": 10657,
    "sff": "448±12 g"
  },
  {
    "docID": "N162 Lebedev 2010",
    "et": "RatModel",
    "off": 6739,
    "sff": "rat"
  },
  {
    "docID": "N162 Lebedev 2010",
    "et": "NewZealandRabbit",
    "off": 16186,
    "sff": "new"
  },
  {
    "docID": "N162 Lebedev 2010",
    "et": "OrganismSpecies",
    "off": 1739,
    "sff": "organism"
  },
  {
    "docID": "N162 Lebedev 2010",
    "et": "RatSpecies",
    "off": 6739,
    "sff": "rat"
  },
  {
    "docID": "N162 Lebedev 2010",
    "et": "Male",
    "off": 2806,
    "sff": "male"
  },
  {
    "docID": "N162 Lebedev 2010",
    "et": "Male",
    "off": 516,
    "sff": "male"
  },
  {
    "docID": "N162 Lebedev 2010",
    "et": "OrganismModel",
    "off": 1739,
    "sff": "organism"
  },
  {
    "docID": "N162 Lebedev 2010",
    "et": "Adult",
    "off": 510,
    "sff": "adult"
  },
  {
    "docID": "N162 Lebedev 2010",
    "et": "LongEvansRat",
    "off": 15374,
    "sff": "long"
  },
  {
    "docID": "N162 Lebedev 2010",
    "et": "Age",
    "off": 10200,
    "sff": "30 days"
  },
  {
    "docID": "N162 Lebedev 2010",
    "et": "Age",
    "off": 11479,
    "sff": "30 days"
  },
  {
    "docID": "N162 Lebedev 2010",
    "et": "Age",
    "off": 10871,
    "sff": "one week"
  },
  {
    "docID": "N162 Lebedev 2010",
    "et": "Age",
    "off": 11685,
    "sff": "60 days"
  },
  {
    "docID": "N162 Lebedev 2010",
    "et": "Age",
    "off": 761,
    "sff": "60 days"
  },
  {
    "docID": "N162 Lebedev 2010",
    "et": "Age",
    "off": 13821,
    "sff": "7 days"
  },
  {
    "docID": "N162 Lebedev 2010",
    "et": "Age",
    "off": 5259,
    "sff": "2-week"
  },
  {
    "docID": "N162 Lebedev 2010",
    "et": "Age",
    "off": 12543,
    "sff": "2 weeks"
  },
  {
    "docID": "N162 Lebedev 2010",
    "et": "Age",
    "off": 15786,
    "sff": "60 days"
  },
  {
    "docID": "N162 Lebedev 2010",
    "et": "Age",
    "off": 11199,
    "sff": "30 days"
  },
  {
    "docID": "N162 Lebedev 2010",
    "et": "Age",
    "off": 11531,
    "sff": "60 days"
  },
  {
    "docID": "N162 Lebedev 2010",
    "et": "Age",
    "off": 7656,
    "sff": "60 days"
  },
  {
    "docID": "N162 Lebedev 2010",
    "et": "Age",
    "off": 9740,
    "sff": "60 Days"
  },
  {
    "docID": "N162 Lebedev 2010",
    "et": "Age",
    "off": 13006,
    "sff": "60 days"
  },
  {
    "docID": "N162 Lebedev 2010",
    "et": "Age",
    "off": 11247,
    "sff": "60 days"
  }
]
