[
  {
    "docID": "N163 Lee 2004",
    "et": "Weight",
    "off": 4701,
    "sff": "150 g"
  },
  {
    "docID": "N163 Lee 2004",
    "et": "Weight",
    "off": 5931,
    "sff": "250–300 g"
  },
  {
    "docID": "N163 Lee 2004",
    "et": "RatModel",
    "off": 8663,
    "sff": "rat"
  },
  {
    "docID": "N163 Lee 2004",
    "et": "RatModel",
    "off": 12455,
    "sff": "rat"
  },
  {
    "docID": "N163 Lee 2004",
    "et": "RatModel",
    "off": 12665,
    "sff": "rat"
  },
  {
    "docID": "N163 Lee 2004",
    "et": "RatModel",
    "off": 13097,
    "sff": "rat"
  },
  {
    "docID": "N163 Lee 2004",
    "et": "RatModel",
    "off": 25306,
    "sff": "rat"
  },
  {
    "docID": "N163 Lee 2004",
    "et": "RatModel",
    "off": 12307,
    "sff": "rat"
  },
  {
    "docID": "N163 Lee 2004",
    "et": "RatModel",
    "off": 84,
    "sff": "rat"
  },
  {
    "docID": "N163 Lee 2004",
    "et": "RatModel",
    "off": 12032,
    "sff": "rat"
  },
  {
    "docID": "N163 Lee 2004",
    "et": "RatModel",
    "off": 6434,
    "sff": "rat"
  },
  {
    "docID": "N163 Lee 2004",
    "et": "RatModel",
    "off": 13474,
    "sff": "rat"
  },
  {
    "docID": "N163 Lee 2004",
    "et": "RatModel",
    "off": 1228,
    "sff": "rat"
  },
  {
    "docID": "N163 Lee 2004",
    "et": "RabbitSpecies",
    "off": 9786,
    "sff": "rabbit"
  },
  {
    "docID": "N163 Lee 2004",
    "et": "SpragueDawleyRat",
    "off": 5910,
    "sff": "Sprague–Dawley rats"
  },
  {
    "docID": "N163 Lee 2004",
    "et": "SpragueDawleyRat",
    "off": 5910,
    "sff": "Sprague–Dawley"
  },
  {
    "docID": "N163 Lee 2004",
    "et": "SpragueDawleyRat",
    "off": 4680,
    "sff": "Sprague–Dawley rats"
  },
  {
    "docID": "N163 Lee 2004",
    "et": "SpragueDawleyRat",
    "off": 4680,
    "sff": "Sprague–Dawley"
  },
  {
    "docID": "N163 Lee 2004",
    "et": "MouseModel",
    "off": 9910,
    "sff": "mouse"
  },
  {
    "docID": "N163 Lee 2004",
    "et": "RabbitModel",
    "off": 9786,
    "sff": "rabbit"
  },
  {
    "docID": "N163 Lee 2004",
    "et": "RatSpecies",
    "off": 12665,
    "sff": "rat"
  },
  {
    "docID": "N163 Lee 2004",
    "et": "RatSpecies",
    "off": 13097,
    "sff": "rat"
  },
  {
    "docID": "N163 Lee 2004",
    "et": "RatSpecies",
    "off": 8663,
    "sff": "rat"
  },
  {
    "docID": "N163 Lee 2004",
    "et": "RatSpecies",
    "off": 12455,
    "sff": "rat"
  },
  {
    "docID": "N163 Lee 2004",
    "et": "RatSpecies",
    "off": 1228,
    "sff": "rat"
  },
  {
    "docID": "N163 Lee 2004",
    "et": "RatSpecies",
    "off": 25306,
    "sff": "rat"
  },
  {
    "docID": "N163 Lee 2004",
    "et": "RatSpecies",
    "off": 12032,
    "sff": "rat"
  },
  {
    "docID": "N163 Lee 2004",
    "et": "RatSpecies",
    "off": 84,
    "sff": "rat"
  },
  {
    "docID": "N163 Lee 2004",
    "et": "RatSpecies",
    "off": 12307,
    "sff": "rat"
  },
  {
    "docID": "N163 Lee 2004",
    "et": "RatSpecies",
    "off": 6434,
    "sff": "rat"
  },
  {
    "docID": "N163 Lee 2004",
    "et": "RatSpecies",
    "off": 13474,
    "sff": "rat"
  },
  {
    "docID": "N163 Lee 2004",
    "et": "MouseSpecies",
    "off": 9910,
    "sff": "mouse"
  },
  {
    "docID": "N163 Lee 2004",
    "et": "Adult",
    "off": 4667,
    "sff": "adult"
  },
  {
    "docID": "N163 Lee 2004",
    "et": "Adult",
    "off": 25300,
    "sff": "adult"
  },
  {
    "docID": "N163 Lee 2004",
    "et": "Adult",
    "off": 5897,
    "sff": "Adult"
  },
  {
    "docID": "N163 Lee 2004",
    "et": "LongEvansRat",
    "off": 20412,
    "sff": "long"
  },
  {
    "docID": "N163 Lee 2004",
    "et": "LongEvansRat",
    "off": 13342,
    "sff": "long"
  },
  {
    "docID": "N163 Lee 2004",
    "et": "LongEvansRat",
    "off": 13956,
    "sff": "long"
  },
  {
    "docID": "N163 Lee 2004",
    "et": "LongEvansRat",
    "off": 11989,
    "sff": "long"
  },
  {
    "docID": "N163 Lee 2004",
    "et": "LongEvansRat",
    "off": 11946,
    "sff": "Long"
  },
  {
    "docID": "N163 Lee 2004",
    "et": "Female",
    "off": 4673,
    "sff": "female"
  },
  {
    "docID": "N163 Lee 2004",
    "et": "Female",
    "off": 5903,
    "sff": "female"
  },
  {
    "docID": "N163 Lee 2004",
    "et": "Age",
    "off": 17394,
    "sff": "2D"
  },
  {
    "docID": "N163 Lee 2004",
    "et": "Age",
    "off": 20696,
    "sff": "8 weeks"
  },
  {
    "docID": "N163 Lee 2004",
    "et": "Age",
    "off": 19926,
    "sff": "3D"
  },
  {
    "docID": "N163 Lee 2004",
    "et": "Age",
    "off": 8158,
    "sff": "12 weeks"
  },
  {
    "docID": "N163 Lee 2004",
    "et": "Age",
    "off": 20956,
    "sff": "8 weeks"
  },
  {
    "docID": "N163 Lee 2004",
    "et": "Age",
    "off": 12036,
    "sff": "8 weeks"
  },
  {
    "docID": "N163 Lee 2004",
    "et": "Age",
    "off": 20231,
    "sff": "8 weeks"
  },
  {
    "docID": "N163 Lee 2004",
    "et": "Age",
    "off": 25374,
    "sff": "1 month"
  },
  {
    "docID": "N163 Lee 2004",
    "et": "Age",
    "off": 17549,
    "sff": "8 weeks"
  },
  {
    "docID": "N163 Lee 2004",
    "et": "Age",
    "off": 18639,
    "sff": "8 weeks"
  },
  {
    "docID": "N163 Lee 2004",
    "et": "Age",
    "off": 15977,
    "sff": "2 months"
  },
  {
    "docID": "N163 Lee 2004",
    "et": "Age",
    "off": 12471,
    "sff": "1 week"
  },
  {
    "docID": "N163 Lee 2004",
    "et": "Age",
    "off": 5374,
    "sff": "10–12 days"
  },
  {
    "docID": "N163 Lee 2004",
    "et": "Age",
    "off": 16297,
    "sff": "4 weeks"
  },
  {
    "docID": "N163 Lee 2004",
    "et": "Age",
    "off": 16488,
    "sff": "4 weeks"
  },
  {
    "docID": "N163 Lee 2004",
    "et": "Age",
    "off": 20306,
    "sff": "8 weeks"
  },
  {
    "docID": "N163 Lee 2004",
    "et": "Age",
    "off": 17830,
    "sff": "4 weeks"
  },
  {
    "docID": "N163 Lee 2004",
    "et": "Age",
    "off": 12323,
    "sff": "4 weeks"
  },
  {
    "docID": "N163 Lee 2004",
    "et": "Age",
    "off": 20106,
    "sff": "2 months"
  },
  {
    "docID": "N163 Lee 2004",
    "et": "Age",
    "off": 25248,
    "sff": "4 months"
  },
  {
    "docID": "N163 Lee 2004",
    "et": "Age",
    "off": 14530,
    "sff": "8 weeks"
  },
  {
    "docID": "N163 Lee 2004",
    "et": "Age",
    "off": 4459,
    "sff": "2–3 months"
  },
  {
    "docID": "N163 Lee 2004",
    "et": "Age",
    "off": 7397,
    "sff": "8 weeks"
  },
  {
    "docID": "N163 Lee 2004",
    "et": "Age",
    "off": 14667,
    "sff": "1 week"
  },
  {
    "docID": "N163 Lee 2004",
    "et": "Age",
    "off": 20942,
    "sff": "2 weeks"
  },
  {
    "docID": "N163 Lee 2004",
    "et": "Age",
    "off": 16201,
    "sff": "1 week"
  },
  {
    "docID": "N163 Lee 2004",
    "et": "Age",
    "off": 18376,
    "sff": "1 week"
  },
  {
    "docID": "N163 Lee 2004",
    "et": "Age",
    "off": 13101,
    "sff": "8 weeks"
  },
  {
    "docID": "N163 Lee 2004",
    "et": "Age",
    "off": 25634,
    "sff": "3 months"
  },
  {
    "docID": "N163 Lee 2004",
    "et": "Age",
    "off": 1416,
    "sff": "2 months"
  },
  {
    "docID": "N163 Lee 2004",
    "et": "Age",
    "off": 7383,
    "sff": "2 weeks"
  },
  {
    "docID": "N163 Lee 2004",
    "et": "Age",
    "off": 17675,
    "sff": "4 weeks"
  },
  {
    "docID": "N163 Lee 2004",
    "et": "Age",
    "off": 9239,
    "sff": "1 week"
  },
  {
    "docID": "N163 Lee 2004",
    "et": "Age",
    "off": 16377,
    "sff": "2–3 months"
  }
]
