[
  {
    "docID": "N164 Li 2003",
    "et": "RatModel",
    "off": 1106,
    "sff": "rat"
  },
  {
    "docID": "N164 Li 2003",
    "et": "RatModel",
    "off": 6191,
    "sff": "rat"
  },
  {
    "docID": "N164 Li 2003",
    "et": "RatModel",
    "off": 10816,
    "sff": "rat"
  },
  {
    "docID": "N164 Li 2003",
    "et": "RatModel",
    "off": 1945,
    "sff": "rat"
  },
  {
    "docID": "N164 Li 2003",
    "et": "RatModel",
    "off": 10873,
    "sff": "rat"
  },
  {
    "docID": "N164 Li 2003",
    "et": "RatModel",
    "off": 20088,
    "sff": "rat"
  },
  {
    "docID": "N164 Li 2003",
    "et": "RatModel",
    "off": 1252,
    "sff": "rat"
  },
  {
    "docID": "N164 Li 2003",
    "et": "NewZealandRabbit",
    "off": 20732,
    "sff": "new"
  },
  {
    "docID": "N164 Li 2003",
    "et": "RatSpecies",
    "off": 1106,
    "sff": "rat"
  },
  {
    "docID": "N164 Li 2003",
    "et": "RatSpecies",
    "off": 1252,
    "sff": "rat"
  },
  {
    "docID": "N164 Li 2003",
    "et": "RatSpecies",
    "off": 6191,
    "sff": "rat"
  },
  {
    "docID": "N164 Li 2003",
    "et": "RatSpecies",
    "off": 10816,
    "sff": "rat"
  },
  {
    "docID": "N164 Li 2003",
    "et": "RatSpecies",
    "off": 20088,
    "sff": "rat"
  },
  {
    "docID": "N164 Li 2003",
    "et": "RatSpecies",
    "off": 1945,
    "sff": "rat"
  },
  {
    "docID": "N164 Li 2003",
    "et": "RatSpecies",
    "off": 10873,
    "sff": "rat"
  },
  {
    "docID": "N164 Li 2003",
    "et": "Adult",
    "off": 1939,
    "sff": "adult"
  },
  {
    "docID": "N164 Li 2003",
    "et": "Adult",
    "off": 3219,
    "sff": "adult"
  },
  {
    "docID": "N164 Li 2003",
    "et": "Adult",
    "off": 1100,
    "sff": "adult"
  },
  {
    "docID": "N164 Li 2003",
    "et": "Adult",
    "off": 1246,
    "sff": "adult"
  },
  {
    "docID": "N164 Li 2003",
    "et": "Adult",
    "off": 5371,
    "sff": "adult"
  },
  {
    "docID": "N164 Li 2003",
    "et": "Female",
    "off": 5377,
    "sff": "female"
  },
  {
    "docID": "N164 Li 2003",
    "et": "Age",
    "off": 8460,
    "sff": "12–14 d"
  },
  {
    "docID": "N164 Li 2003",
    "et": "Age",
    "off": 16740,
    "sff": "2 months"
  },
  {
    "docID": "N164 Li 2003",
    "et": "Age",
    "off": 18604,
    "sff": "3D"
  },
  {
    "docID": "N164 Li 2003",
    "et": "Age",
    "off": 6634,
    "sff": "17 d"
  },
  {
    "docID": "N164 Li 2003",
    "et": "Age",
    "off": 18977,
    "sff": "6 weeks"
  },
  {
    "docID": "N164 Li 2003",
    "et": "Age",
    "off": 12986,
    "sff": "3 d"
  },
  {
    "docID": "N164 Li 2003",
    "et": "Age",
    "off": 8211,
    "sff": "One day"
  },
  {
    "docID": "N164 Li 2003",
    "et": "Age",
    "off": 15991,
    "sff": "3 to 10 d"
  },
  {
    "docID": "N164 Li 2003",
    "et": "Age",
    "off": 16425,
    "sff": "2 weeks"
  },
  {
    "docID": "N164 Li 2003",
    "et": "Age",
    "off": 6341,
    "sff": "14–17 d"
  },
  {
    "docID": "N164 Li 2003",
    "et": "Age",
    "off": 8598,
    "sff": "2 months"
  },
  {
    "docID": "N164 Li 2003",
    "et": "Age",
    "off": 12999,
    "sff": "10 d"
  },
  {
    "docID": "N164 Li 2003",
    "et": "Age",
    "off": 18641,
    "sff": "10 to 20 d"
  },
  {
    "docID": "N164 Li 2003",
    "et": "Age",
    "off": 20582,
    "sff": "10 d"
  },
  {
    "docID": "N164 Li 2003",
    "et": "Age",
    "off": 18825,
    "sff": "3 weeks"
  },
  {
    "docID": "N164 Li 2003",
    "et": "Age",
    "off": 10154,
    "sff": "Two weeks"
  },
  {
    "docID": "N164 Li 2003",
    "et": "Age",
    "off": 12818,
    "sff": "2 months"
  },
  {
    "docID": "N164 Li 2003",
    "et": "Age",
    "off": 18369,
    "sff": "2 months"
  },
  {
    "docID": "N164 Li 2003",
    "et": "Age",
    "off": 17080,
    "sff": "3D"
  },
  {
    "docID": "N164 Li 2003",
    "et": "Age",
    "off": 11797,
    "sff": "6 weeks"
  }
]
