[
  {
    "docID": "N165 Li 2010",
    "et": "Weight",
    "off": 511,
    "sff": "10 g"
  },
  {
    "docID": "N165 Li 2010",
    "et": "Weight",
    "off": 3598,
    "sff": "350-400 g"
  },
  {
    "docID": "N165 Li 2010",
    "et": "Weight",
    "off": 3863,
    "sff": "10 g"
  },
  {
    "docID": "N165 Li 2010",
    "et": "Weight",
    "off": 4047,
    "sff": "220 g"
  },
  {
    "docID": "N165 Li 2010",
    "et": "RatModel",
    "off": 432,
    "sff": "rat"
  },
  {
    "docID": "N165 Li 2010",
    "et": "NewZealandRabbit",
    "off": 13801,
    "sff": "new"
  },
  {
    "docID": "N165 Li 2010",
    "et": "RabbitSpecies",
    "off": 5927,
    "sff": "rabbit"
  },
  {
    "docID": "N165 Li 2010",
    "et": "MouseModel",
    "off": 5909,
    "sff": "Mouse"
  },
  {
    "docID": "N165 Li 2010",
    "et": "RabbitModel",
    "off": 5927,
    "sff": "rabbit"
  },
  {
    "docID": "N165 Li 2010",
    "et": "RatSpecies",
    "off": 432,
    "sff": "rat"
  },
  {
    "docID": "N165 Li 2010",
    "et": "MouseSpecies",
    "off": 5909,
    "sff": "Mouse"
  },
  {
    "docID": "N165 Li 2010",
    "et": "Adult",
    "off": 3578,
    "sff": "adult"
  },
  {
    "docID": "N165 Li 2010",
    "et": "LongEvansRat",
    "off": 10428,
    "sff": "long"
  },
  {
    "docID": "N165 Li 2010",
    "et": "LongEvansRat",
    "off": 14300,
    "sff": "long"
  },
  {
    "docID": "N165 Li 2010",
    "et": "Age",
    "off": 934,
    "sff": "1 week to 13 weeks"
  },
  {
    "docID": "N165 Li 2010",
    "et": "Age",
    "off": 7452,
    "sff": "13 weeks"
  },
  {
    "docID": "N165 Li 2010",
    "et": "Age",
    "off": 1082,
    "sff": "13 weeks"
  },
  {
    "docID": "N165 Li 2010",
    "et": "Age",
    "off": 5176,
    "sff": "3 days"
  },
  {
    "docID": "N165 Li 2010",
    "et": "Age",
    "off": 14644,
    "sff": "2 weeks"
  },
  {
    "docID": "N165 Li 2010",
    "et": "Age",
    "off": 3284,
    "sff": "13 weeks"
  },
  {
    "docID": "N165 Li 2010",
    "et": "Age",
    "off": 11134,
    "sff": "One week"
  },
  {
    "docID": "N165 Li 2010",
    "et": "Age",
    "off": 9819,
    "sff": "1 week to 13 weeks"
  },
  {
    "docID": "N165 Li 2010",
    "et": "Age",
    "off": 14564,
    "sff": "3-13 weeks"
  },
  {
    "docID": "N165 Li 2010",
    "et": "Age",
    "off": 1480,
    "sff": "1 week to 2 weeks"
  },
  {
    "docID": "N165 Li 2010",
    "et": "Age",
    "off": 1202,
    "sff": "1 week to 13 weeks"
  },
  {
    "docID": "N165 Li 2010",
    "et": "Age",
    "off": 6772,
    "sff": "Seven days"
  },
  {
    "docID": "N165 Li 2010",
    "et": "Age",
    "off": 15843,
    "sff": "1 week"
  },
  {
    "docID": "N165 Li 2010",
    "et": "Age",
    "off": 11745,
    "sff": "1 week to 2 weeks"
  },
  {
    "docID": "N165 Li 2010",
    "et": "Age",
    "off": 5406,
    "sff": "14 days"
  },
  {
    "docID": "N165 Li 2010",
    "et": "Age",
    "off": 16930,
    "sff": "13 weeks"
  },
  {
    "docID": "N165 Li 2010",
    "et": "Age",
    "off": 5381,
    "sff": "2-3 days"
  },
  {
    "docID": "N165 Li 2010",
    "et": "Age",
    "off": 11319,
    "sff": "Two weeks"
  },
  {
    "docID": "N165 Li 2010",
    "et": "Age",
    "off": 16990,
    "sff": "1 year"
  },
  {
    "docID": "N165 Li 2010",
    "et": "Age",
    "off": 5591,
    "sff": "10 days"
  },
  {
    "docID": "N165 Li 2010",
    "et": "Age",
    "off": 10538,
    "sff": "2 weeks"
  },
  {
    "docID": "N165 Li 2010",
    "et": "Age",
    "off": 11479,
    "sff": "Thirteen weeks"
  }
]
