[
  {
    "docID": "N166 Li 2011",
    "et": "Weight",
    "off": 29024,
    "sff": "10 g-25"
  },
  {
    "docID": "N166 Li 2011",
    "et": "Weight",
    "off": 29084,
    "sff": "10 g-12.5"
  },
  {
    "docID": "N166 Li 2011",
    "et": "Weight",
    "off": 7779,
    "sff": "200–250 g"
  },
  {
    "docID": "N166 Li 2011",
    "et": "Weight",
    "off": 995,
    "sff": "10 g"
  },
  {
    "docID": "N166 Li 2011",
    "et": "Weight",
    "off": 8299,
    "sff": "10.0 g"
  },
  {
    "docID": "N166 Li 2011",
    "et": "RatModel",
    "off": 28806,
    "sff": "rat"
  },
  {
    "docID": "N166 Li 2011",
    "et": "RatModel",
    "off": 4696,
    "sff": "rat"
  },
  {
    "docID": "N166 Li 2011",
    "et": "RatModel",
    "off": 26308,
    "sff": "rat"
  },
  {
    "docID": "N166 Li 2011",
    "et": "RabbitSpecies",
    "off": 7300,
    "sff": "rabbit"
  },
  {
    "docID": "N166 Li 2011",
    "et": "SpragueDawleyRat",
    "off": 7753,
    "sff": "Sprague Dawley"
  },
  {
    "docID": "N166 Li 2011",
    "et": "MouseModel",
    "off": 7350,
    "sff": "mouse"
  },
  {
    "docID": "N166 Li 2011",
    "et": "RabbitModel",
    "off": 7300,
    "sff": "rabbit"
  },
  {
    "docID": "N166 Li 2011",
    "et": "RatSpecies",
    "off": 26308,
    "sff": "rat"
  },
  {
    "docID": "N166 Li 2011",
    "et": "RatSpecies",
    "off": 28806,
    "sff": "rat"
  },
  {
    "docID": "N166 Li 2011",
    "et": "RatSpecies",
    "off": 4696,
    "sff": "rat"
  },
  {
    "docID": "N166 Li 2011",
    "et": "Male",
    "off": 7748,
    "sff": "male"
  },
  {
    "docID": "N166 Li 2011",
    "et": "MouseSpecies",
    "off": 7350,
    "sff": "mouse"
  },
  {
    "docID": "N166 Li 2011",
    "et": "Adult",
    "off": 903,
    "sff": "adult"
  },
  {
    "docID": "N166 Li 2011",
    "et": "Adult",
    "off": 7742,
    "sff": "Adult"
  },
  {
    "docID": "N166 Li 2011",
    "et": "Adult",
    "off": 3625,
    "sff": "adult"
  },
  {
    "docID": "N166 Li 2011",
    "et": "Adult",
    "off": 2946,
    "sff": "adult"
  },
  {
    "docID": "N166 Li 2011",
    "et": "Adult",
    "off": 6258,
    "sff": "adult"
  },
  {
    "docID": "N166 Li 2011",
    "et": "Age",
    "off": 18894,
    "sff": "1 week"
  },
  {
    "docID": "N166 Li 2011",
    "et": "Age",
    "off": 22150,
    "sff": "six-week"
  },
  {
    "docID": "N166 Li 2011",
    "et": "Age",
    "off": 12872,
    "sff": "6 weeks"
  },
  {
    "docID": "N166 Li 2011",
    "et": "Age",
    "off": 14518,
    "sff": "4 weeks"
  },
  {
    "docID": "N166 Li 2011",
    "et": "Age",
    "off": 8614,
    "sff": "7 days"
  },
  {
    "docID": "N166 Li 2011",
    "et": "Age",
    "off": 20430,
    "sff": "6 weeks"
  },
  {
    "docID": "N166 Li 2011",
    "et": "Age",
    "off": 21582,
    "sff": "6 weeks"
  },
  {
    "docID": "N166 Li 2011",
    "et": "Age",
    "off": 24102,
    "sff": "7 days"
  },
  {
    "docID": "N166 Li 2011",
    "et": "Age",
    "off": 25342,
    "sff": "1 week to 6 weeks"
  },
  {
    "docID": "N166 Li 2011",
    "et": "Age",
    "off": 20642,
    "sff": "six weeks"
  },
  {
    "docID": "N166 Li 2011",
    "et": "Age",
    "off": 17869,
    "sff": "1 week"
  },
  {
    "docID": "N166 Li 2011",
    "et": "Age",
    "off": 22588,
    "sff": "two weeks"
  },
  {
    "docID": "N166 Li 2011",
    "et": "Age",
    "off": 14711,
    "sff": "5 weeks"
  },
  {
    "docID": "N166 Li 2011",
    "et": "Age",
    "off": 12981,
    "sff": "6 weeks"
  },
  {
    "docID": "N166 Li 2011",
    "et": "Age",
    "off": 1463,
    "sff": "6 weeks"
  },
  {
    "docID": "N166 Li 2011",
    "et": "Age",
    "off": 15608,
    "sff": "2 to 6 weeks"
  },
  {
    "docID": "N166 Li 2011",
    "et": "Age",
    "off": 21463,
    "sff": "1 week"
  },
  {
    "docID": "N166 Li 2011",
    "et": "Age",
    "off": 18020,
    "sff": "three weeks"
  },
  {
    "docID": "N166 Li 2011",
    "et": "Age",
    "off": 15026,
    "sff": "1 week"
  },
  {
    "docID": "N166 Li 2011",
    "et": "Age",
    "off": 24553,
    "sff": "3 months"
  },
  {
    "docID": "N166 Li 2011",
    "et": "Age",
    "off": 16003,
    "sff": "six weeks"
  },
  {
    "docID": "N166 Li 2011",
    "et": "Age",
    "off": 15514,
    "sff": "6 weeks"
  },
  {
    "docID": "N166 Li 2011",
    "et": "Age",
    "off": 21571,
    "sff": "1 week"
  },
  {
    "docID": "N166 Li 2011",
    "et": "Age",
    "off": 21292,
    "sff": "1 week to 6 weeks"
  },
  {
    "docID": "N166 Li 2011",
    "et": "Age",
    "off": 24721,
    "sff": "sevendays"
  },
  {
    "docID": "N166 Li 2011",
    "et": "Age",
    "off": 15217,
    "sff": "3 weeks"
  },
  {
    "docID": "N166 Li 2011",
    "et": "Age",
    "off": 11169,
    "sff": "6 weeks"
  },
  {
    "docID": "N166 Li 2011",
    "et": "Age",
    "off": 22176,
    "sff": "One week"
  },
  {
    "docID": "N166 Li 2011",
    "et": "Age",
    "off": 17678,
    "sff": "1 week"
  },
  {
    "docID": "N166 Li 2011",
    "et": "Age",
    "off": 14731,
    "sff": "6 weeks"
  },
  {
    "docID": "N166 Li 2011",
    "et": "Age",
    "off": 14336,
    "sff": "three weeks"
  },
  {
    "docID": "N166 Li 2011",
    "et": "Age",
    "off": 20744,
    "sff": "1 week"
  },
  {
    "docID": "N166 Li 2011",
    "et": "Age",
    "off": 22553,
    "sff": "four weeks"
  },
  {
    "docID": "N166 Li 2011",
    "et": "Age",
    "off": 29689,
    "sff": "4 weeks"
  },
  {
    "docID": "N166 Li 2011",
    "et": "Age",
    "off": 15413,
    "sff": "5 weeks"
  },
  {
    "docID": "N166 Li 2011",
    "et": "Age",
    "off": 14474,
    "sff": "1 week"
  },
  {
    "docID": "N166 Li 2011",
    "et": "Age",
    "off": 16756,
    "sff": "6 weeks"
  },
  {
    "docID": "N166 Li 2011",
    "et": "Age",
    "off": 16287,
    "sff": "1 week"
  },
  {
    "docID": "N166 Li 2011",
    "et": "Age",
    "off": 19209,
    "sff": "4 weeks"
  },
  {
    "docID": "N166 Li 2011",
    "et": "Age",
    "off": 20069,
    "sff": "two weeks"
  },
  {
    "docID": "N166 Li 2011",
    "et": "Age",
    "off": 21028,
    "sff": "1 week"
  },
  {
    "docID": "N166 Li 2011",
    "et": "Age",
    "off": 11820,
    "sff": "Two to three days"
  },
  {
    "docID": "N166 Li 2011",
    "et": "Age",
    "off": 16986,
    "sff": "1 week to 6 weeks"
  },
  {
    "docID": "N166 Li 2011",
    "et": "Age",
    "off": 12824,
    "sff": "1 week"
  },
  {
    "docID": "N166 Li 2011",
    "et": "Age",
    "off": 1133,
    "sff": "one week"
  },
  {
    "docID": "N166 Li 2011",
    "et": "Age",
    "off": 18495,
    "sff": "1D"
  },
  {
    "docID": "N166 Li 2011",
    "et": "Age",
    "off": 20352,
    "sff": "6 weeks"
  },
  {
    "docID": "N166 Li 2011",
    "et": "Age",
    "off": 14487,
    "sff": "2 weeks"
  },
  {
    "docID": "N166 Li 2011",
    "et": "Age",
    "off": 7214,
    "sff": "5–7 days"
  },
  {
    "docID": "N166 Li 2011",
    "et": "Age",
    "off": 17122,
    "sff": "six-week"
  },
  {
    "docID": "N166 Li 2011",
    "et": "Age",
    "off": 14272,
    "sff": "six weeks"
  },
  {
    "docID": "N166 Li 2011",
    "et": "Age",
    "off": 19443,
    "sff": "6 weeks"
  },
  {
    "docID": "N166 Li 2011",
    "et": "Age",
    "off": 20330,
    "sff": "1 week"
  },
  {
    "docID": "N166 Li 2011",
    "et": "Age",
    "off": 21716,
    "sff": "6 weeks"
  },
  {
    "docID": "N166 Li 2011",
    "et": "Age",
    "off": 14505,
    "sff": "3 weeks"
  },
  {
    "docID": "N166 Li 2011",
    "et": "Age",
    "off": 24523,
    "sff": "2 to 8 months"
  },
  {
    "docID": "N166 Li 2011",
    "et": "Age",
    "off": 15336,
    "sff": "4 weeks"
  },
  {
    "docID": "N166 Li 2011",
    "et": "Age",
    "off": 8554,
    "sff": "7 days"
  },
  {
    "docID": "N166 Li 2011",
    "et": "Age",
    "off": 20083,
    "sff": "4 weeks"
  },
  {
    "docID": "N166 Li 2011",
    "et": "Age",
    "off": 8664,
    "sff": "Seven days"
  },
  {
    "docID": "N166 Li 2011",
    "et": "Age",
    "off": 9442,
    "sff": "6 weeks"
  },
  {
    "docID": "N166 Li 2011",
    "et": "Age",
    "off": 18287,
    "sff": "4 weeks"
  },
  {
    "docID": "N166 Li 2011",
    "et": "Age",
    "off": 21474,
    "sff": "6 weeks"
  },
  {
    "docID": "N166 Li 2011",
    "et": "Age",
    "off": 26820,
    "sff": "sixweek"
  }
]
