[
  {
    "docID": "N167 Li 2012",
    "et": "Weight",
    "off": 7568,
    "sff": "10.0 g"
  },
  {
    "docID": "N167 Li 2012",
    "et": "Weight",
    "off": 7046,
    "sff": "200–250 g"
  },
  {
    "docID": "N167 Li 2012",
    "et": "RatModel",
    "off": 4830,
    "sff": "rat"
  },
  {
    "docID": "N167 Li 2012",
    "et": "RatModel",
    "off": 4271,
    "sff": "rat"
  },
  {
    "docID": "N167 Li 2012",
    "et": "RatModel",
    "off": 142,
    "sff": "Rat"
  },
  {
    "docID": "N167 Li 2012",
    "et": "RatModel",
    "off": 3993,
    "sff": "rat"
  },
  {
    "docID": "N167 Li 2012",
    "et": "RatModel",
    "off": 836,
    "sff": "rat"
  },
  {
    "docID": "N167 Li 2012",
    "et": "RatModel",
    "off": 24177,
    "sff": "rat"
  },
  {
    "docID": "N167 Li 2012",
    "et": "NewZealandRabbit",
    "off": 22672,
    "sff": "new"
  },
  {
    "docID": "N167 Li 2012",
    "et": "RabbitSpecies",
    "off": 6533,
    "sff": "rabbit"
  },
  {
    "docID": "N167 Li 2012",
    "et": "SpragueDawleyRat",
    "off": 7020,
    "sff": "Sprague–Dawley"
  },
  {
    "docID": "N167 Li 2012",
    "et": "MouseModel",
    "off": 10701,
    "sff": "mouse"
  },
  {
    "docID": "N167 Li 2012",
    "et": "MouseModel",
    "off": 10628,
    "sff": "mouse"
  },
  {
    "docID": "N167 Li 2012",
    "et": "MouseModel",
    "off": 6578,
    "sff": "mouse"
  },
  {
    "docID": "N167 Li 2012",
    "et": "RabbitModel",
    "off": 6533,
    "sff": "rabbit"
  },
  {
    "docID": "N167 Li 2012",
    "et": "RatSpecies",
    "off": 4271,
    "sff": "rat"
  },
  {
    "docID": "N167 Li 2012",
    "et": "RatSpecies",
    "off": 142,
    "sff": "Rat"
  },
  {
    "docID": "N167 Li 2012",
    "et": "RatSpecies",
    "off": 24177,
    "sff": "rat"
  },
  {
    "docID": "N167 Li 2012",
    "et": "RatSpecies",
    "off": 4830,
    "sff": "rat"
  },
  {
    "docID": "N167 Li 2012",
    "et": "RatSpecies",
    "off": 3993,
    "sff": "rat"
  },
  {
    "docID": "N167 Li 2012",
    "et": "RatSpecies",
    "off": 836,
    "sff": "rat"
  },
  {
    "docID": "N167 Li 2012",
    "et": "Male",
    "off": 7015,
    "sff": "male"
  },
  {
    "docID": "N167 Li 2012",
    "et": "MouseSpecies",
    "off": 10701,
    "sff": "mouse"
  },
  {
    "docID": "N167 Li 2012",
    "et": "MouseSpecies",
    "off": 6578,
    "sff": "mouse"
  },
  {
    "docID": "N167 Li 2012",
    "et": "MouseSpecies",
    "off": 10628,
    "sff": "mouse"
  },
  {
    "docID": "N167 Li 2012",
    "et": "Adult",
    "off": 672,
    "sff": "adult"
  },
  {
    "docID": "N167 Li 2012",
    "et": "Adult",
    "off": 7009,
    "sff": "Adult"
  },
  {
    "docID": "N167 Li 2012",
    "et": "Adult",
    "off": 5075,
    "sff": "adult"
  },
  {
    "docID": "N167 Li 2012",
    "et": "Age",
    "off": 18259,
    "sff": "6 weeks"
  },
  {
    "docID": "N167 Li 2012",
    "et": "Age",
    "off": 18834,
    "sff": "3 weeks"
  },
  {
    "docID": "N167 Li 2012",
    "et": "Age",
    "off": 15828,
    "sff": "3 weeks"
  },
  {
    "docID": "N167 Li 2012",
    "et": "Age",
    "off": 20704,
    "sff": "6 weeks"
  },
  {
    "docID": "N167 Li 2012",
    "et": "Age",
    "off": 20507,
    "sff": "6-week"
  },
  {
    "docID": "N167 Li 2012",
    "et": "Age",
    "off": 15962,
    "sff": "6-week"
  },
  {
    "docID": "N167 Li 2012",
    "et": "Age",
    "off": 18401,
    "sff": "6 weeks"
  },
  {
    "docID": "N167 Li 2012",
    "et": "Age",
    "off": 8712,
    "sff": "6 weeks"
  },
  {
    "docID": "N167 Li 2012",
    "et": "Age",
    "off": 7896,
    "sff": "7 days"
  },
  {
    "docID": "N167 Li 2012",
    "et": "Age",
    "off": 7839,
    "sff": "7 days"
  },
  {
    "docID": "N167 Li 2012",
    "et": "Age",
    "off": 12083,
    "sff": "6 weeks"
  },
  {
    "docID": "N167 Li 2012",
    "et": "Age",
    "off": 8620,
    "sff": "3 weeks"
  },
  {
    "docID": "N167 Li 2012",
    "et": "Age",
    "off": 12022,
    "sff": "6 weeks"
  },
  {
    "docID": "N167 Li 2012",
    "et": "Age",
    "off": 7952,
    "sff": "Seven days"
  },
  {
    "docID": "N167 Li 2012",
    "et": "Age",
    "off": 6462,
    "sff": "5–7 days"
  },
  {
    "docID": "N167 Li 2012",
    "et": "Age",
    "off": 8639,
    "sff": "6 weeks"
  },
  {
    "docID": "N167 Li 2012",
    "et": "Age",
    "off": 14704,
    "sff": "3 weeks"
  },
  {
    "docID": "N167 Li 2012",
    "et": "Age",
    "off": 19457,
    "sff": "6 weeks"
  },
  {
    "docID": "N167 Li 2012",
    "et": "Age",
    "off": 18019,
    "sff": "6 weeks"
  },
  {
    "docID": "N167 Li 2012",
    "et": "Age",
    "off": 20219,
    "sff": "3 weeks"
  },
  {
    "docID": "N167 Li 2012",
    "et": "Age",
    "off": 20531,
    "sff": "One week"
  },
  {
    "docID": "N167 Li 2012",
    "et": "Age",
    "off": 743,
    "sff": "6 weeks"
  },
  {
    "docID": "N167 Li 2012",
    "et": "Age",
    "off": 18359,
    "sff": "3 weeks"
  },
  {
    "docID": "N167 Li 2012",
    "et": "Age",
    "off": 20203,
    "sff": "6 weeks"
  },
  {
    "docID": "N167 Li 2012",
    "et": "Age",
    "off": 15172,
    "sff": "3 weeks"
  },
  {
    "docID": "N167 Li 2012",
    "et": "Age",
    "off": 20142,
    "sff": "6 weeks"
  },
  {
    "docID": "N167 Li 2012",
    "et": "Age",
    "off": 11974,
    "sff": "1 week"
  },
  {
    "docID": "N167 Li 2012",
    "et": "Age",
    "off": 22962,
    "sff": "6 weeks"
  }
]
