[
  {
    "docID": "N170 Liu 2010",
    "et": "Weight",
    "off": 4170,
    "sff": "250–280 g"
  },
  {
    "docID": "N170 Liu 2010",
    "et": "NewZealandRabbit",
    "off": 7951,
    "sff": "new"
  },
  {
    "docID": "N170 Liu 2010",
    "et": "RabbitSpecies",
    "off": 10051,
    "sff": "rabbit"
  },
  {
    "docID": "N170 Liu 2010",
    "et": "RabbitSpecies",
    "off": 10083,
    "sff": "rabbit"
  },
  {
    "docID": "N170 Liu 2010",
    "et": "SpragueDawleyRat",
    "off": 4149,
    "sff": "Sprague Dawley"
  },
  {
    "docID": "N170 Liu 2010",
    "et": "SpragueDawleyRat",
    "off": 4149,
    "sff": "Sprague Dawley rats"
  },
  {
    "docID": "N170 Liu 2010",
    "et": "RabbitModel",
    "off": 10051,
    "sff": "rabbit"
  },
  {
    "docID": "N170 Liu 2010",
    "et": "RabbitModel",
    "off": 10083,
    "sff": "rabbit"
  },
  {
    "docID": "N170 Liu 2010",
    "et": "Male",
    "off": 4187,
    "sff": "male"
  },
  {
    "docID": "N170 Liu 2010",
    "et": "Adult",
    "off": 1263,
    "sff": "adult"
  },
  {
    "docID": "N170 Liu 2010",
    "et": "Adult",
    "off": 4143,
    "sff": "adult"
  },
  {
    "docID": "N170 Liu 2010",
    "et": "Female",
    "off": 4196,
    "sff": "female"
  },
  {
    "docID": "N170 Liu 2010",
    "et": "Age",
    "off": 501,
    "sff": "One week"
  },
  {
    "docID": "N170 Liu 2010",
    "et": "Age",
    "off": 15569,
    "sff": "1 week"
  },
  {
    "docID": "N170 Liu 2010",
    "et": "Age",
    "off": 8528,
    "sff": "28 days"
  },
  {
    "docID": "N170 Liu 2010",
    "et": "Age",
    "off": 6350,
    "sff": "Eight weeks"
  },
  {
    "docID": "N170 Liu 2010",
    "et": "Age",
    "off": 12551,
    "sff": "7 days"
  },
  {
    "docID": "N170 Liu 2010",
    "et": "Age",
    "off": 6308,
    "sff": "1 month"
  },
  {
    "docID": "N170 Liu 2010",
    "et": "Age",
    "off": 12456,
    "sff": "3 days"
  },
  {
    "docID": "N170 Liu 2010",
    "et": "Age",
    "off": 12898,
    "sff": "28 days"
  },
  {
    "docID": "N170 Liu 2010",
    "et": "Age",
    "off": 12665,
    "sff": "14 days"
  },
  {
    "docID": "N170 Liu 2010",
    "et": "Age",
    "off": 9117,
    "sff": "2 days"
  },
  {
    "docID": "N170 Liu 2010",
    "et": "Age",
    "off": 9856,
    "sff": "2 weeks"
  },
  {
    "docID": "N170 Liu 2010",
    "et": "Age",
    "off": 8904,
    "sff": "28 days"
  },
  {
    "docID": "N170 Liu 2010",
    "et": "Age",
    "off": 645,
    "sff": "8 weeks"
  },
  {
    "docID": "N170 Liu 2010",
    "et": "Age",
    "off": 15917,
    "sff": "5 weeks"
  },
  {
    "docID": "N170 Liu 2010",
    "et": "Age",
    "off": 6241,
    "sff": "2 weeks"
  },
  {
    "docID": "N170 Liu 2010",
    "et": "Age",
    "off": 11043,
    "sff": "Eight days"
  }
]
