[
  {
    "docID": "N171 L+¦pez Vales 2007",
    "et": "Weight",
    "off": 6698,
    "sff": "250-300 g"
  },
  {
    "docID": "N171 L+¦pez Vales 2007",
    "et": "RatModel",
    "off": 29273,
    "sff": "rat"
  },
  {
    "docID": "N171 L+¦pez Vales 2007",
    "et": "RatModel",
    "off": 131,
    "sff": "Rat"
  },
  {
    "docID": "N171 L+¦pez Vales 2007",
    "et": "RatModel",
    "off": 7687,
    "sff": "rat"
  },
  {
    "docID": "N171 L+¦pez Vales 2007",
    "et": "RatModel",
    "off": 8538,
    "sff": "rat"
  },
  {
    "docID": "N171 L+¦pez Vales 2007",
    "et": "RatModel",
    "off": 13866,
    "sff": "rat"
  },
  {
    "docID": "N171 L+¦pez Vales 2007",
    "et": "RatModel",
    "off": 3986,
    "sff": "rat"
  },
  {
    "docID": "N171 L+¦pez Vales 2007",
    "et": "RatModel",
    "off": 16674,
    "sff": "rat"
  },
  {
    "docID": "N171 L+¦pez Vales 2007",
    "et": "Patient",
    "off": 3245,
    "sff": "patient"
  },
  {
    "docID": "N171 L+¦pez Vales 2007",
    "et": "RabbitSpecies",
    "off": 12356,
    "sff": "rabbit"
  },
  {
    "docID": "N171 L+¦pez Vales 2007",
    "et": "SpragueDawleyRat",
    "off": 6675,
    "sff": "Sprague"
  },
  {
    "docID": "N171 L+¦pez Vales 2007",
    "et": "SpragueDawleyRat",
    "off": 5240,
    "sff": "Sprague"
  },
  {
    "docID": "N171 L+¦pez Vales 2007",
    "et": "MouseModel",
    "off": 12425,
    "sff": "mouse"
  },
  {
    "docID": "N171 L+¦pez Vales 2007",
    "et": "MouseModel",
    "off": 5960,
    "sff": "mouse"
  },
  {
    "docID": "N171 L+¦pez Vales 2007",
    "et": "RabbitModel",
    "off": 12356,
    "sff": "rabbit"
  },
  {
    "docID": "N171 L+¦pez Vales 2007",
    "et": "RatSpecies",
    "off": 29273,
    "sff": "rat"
  },
  {
    "docID": "N171 L+¦pez Vales 2007",
    "et": "RatSpecies",
    "off": 8538,
    "sff": "rat"
  },
  {
    "docID": "N171 L+¦pez Vales 2007",
    "et": "RatSpecies",
    "off": 13866,
    "sff": "rat"
  },
  {
    "docID": "N171 L+¦pez Vales 2007",
    "et": "RatSpecies",
    "off": 131,
    "sff": "Rat"
  },
  {
    "docID": "N171 L+¦pez Vales 2007",
    "et": "RatSpecies",
    "off": 3986,
    "sff": "rat"
  },
  {
    "docID": "N171 L+¦pez Vales 2007",
    "et": "RatSpecies",
    "off": 16674,
    "sff": "rat"
  },
  {
    "docID": "N171 L+¦pez Vales 2007",
    "et": "RatSpecies",
    "off": 7687,
    "sff": "rat"
  },
  {
    "docID": "N171 L+¦pez Vales 2007",
    "et": "MouseSpecies",
    "off": 5960,
    "sff": "mouse"
  },
  {
    "docID": "N171 L+¦pez Vales 2007",
    "et": "MouseSpecies",
    "off": 12425,
    "sff": "mouse"
  },
  {
    "docID": "N171 L+¦pez Vales 2007",
    "et": "Adult",
    "off": 748,
    "sff": "adult"
  },
  {
    "docID": "N171 L+¦pez Vales 2007",
    "et": "Adult",
    "off": 4798,
    "sff": "adult"
  },
  {
    "docID": "N171 L+¦pez Vales 2007",
    "et": "Adult",
    "off": 6669,
    "sff": "adult"
  },
  {
    "docID": "N171 L+¦pez Vales 2007",
    "et": "LongEvansRat",
    "off": 26898,
    "sff": "Long"
  },
  {
    "docID": "N171 L+¦pez Vales 2007",
    "et": "LongEvansRat",
    "off": 29178,
    "sff": "long"
  },
  {
    "docID": "N171 L+¦pez Vales 2007",
    "et": "LongEvansRat",
    "off": 1690,
    "sff": "long"
  },
  {
    "docID": "N171 L+¦pez Vales 2007",
    "et": "LongEvansRat",
    "off": 23061,
    "sff": "long"
  },
  {
    "docID": "N171 L+¦pez Vales 2007",
    "et": "LongEvansRat",
    "off": 25459,
    "sff": "long"
  },
  {
    "docID": "N171 L+¦pez Vales 2007",
    "et": "LongEvansRat",
    "off": 1237,
    "sff": "long"
  },
  {
    "docID": "N171 L+¦pez Vales 2007",
    "et": "LongEvansRat",
    "off": 33327,
    "sff": "long"
  },
  {
    "docID": "N171 L+¦pez Vales 2007",
    "et": "Female",
    "off": 6662,
    "sff": "Female"
  },
  {
    "docID": "N171 L+¦pez Vales 2007",
    "et": "Age",
    "off": 20426,
    "sff": "5 months"
  },
  {
    "docID": "N171 L+¦pez Vales 2007",
    "et": "Age",
    "off": 21088,
    "sff": "4 months"
  },
  {
    "docID": "N171 L+¦pez Vales 2007",
    "et": "Age",
    "off": 27851,
    "sff": "5 months"
  },
  {
    "docID": "N171 L+¦pez Vales 2007",
    "et": "Age",
    "off": 21399,
    "sff": "5 months"
  },
  {
    "docID": "N171 L+¦pez Vales 2007",
    "et": "Age",
    "off": 4469,
    "sff": "1 week"
  },
  {
    "docID": "N171 L+¦pez Vales 2007",
    "et": "Age",
    "off": 4110,
    "sff": "7 days"
  },
  {
    "docID": "N171 L+¦pez Vales 2007",
    "et": "Age",
    "off": 10896,
    "sff": "5 months"
  },
  {
    "docID": "N171 L+¦pez Vales 2007",
    "et": "Age",
    "off": 16373,
    "sff": "2 to 5 months"
  },
  {
    "docID": "N171 L+¦pez Vales 2007",
    "et": "Age",
    "off": 33069,
    "sff": "1 week"
  },
  {
    "docID": "N171 L+¦pez Vales 2007",
    "et": "Age",
    "off": 4836,
    "sff": "1 month"
  },
  {
    "docID": "N171 L+¦pez Vales 2007",
    "et": "Age",
    "off": 17804,
    "sff": "45 days"
  },
  {
    "docID": "N171 L+¦pez Vales 2007",
    "et": "Age",
    "off": 29538,
    "sff": "2 months"
  },
  {
    "docID": "N171 L+¦pez Vales 2007",
    "et": "Age",
    "off": 25472,
    "sff": "one month"
  },
  {
    "docID": "N171 L+¦pez Vales 2007",
    "et": "Age",
    "off": 28837,
    "sff": "1 week"
  },
  {
    "docID": "N171 L+¦pez Vales 2007",
    "et": "Age",
    "off": 21142,
    "sff": "1D"
  },
  {
    "docID": "N171 L+¦pez Vales 2007",
    "et": "Age",
    "off": 32481,
    "sff": "5 months"
  },
  {
    "docID": "N171 L+¦pez Vales 2007",
    "et": "Age",
    "off": 19289,
    "sff": "3 months"
  },
  {
    "docID": "N171 L+¦pez Vales 2007",
    "et": "Age",
    "off": 27613,
    "sff": "1 week"
  },
  {
    "docID": "N171 L+¦pez Vales 2007",
    "et": "Age",
    "off": 30862,
    "sff": "1 month"
  },
  {
    "docID": "N171 L+¦pez Vales 2007",
    "et": "Age",
    "off": 21768,
    "sff": "7 months"
  },
  {
    "docID": "N171 L+¦pez Vales 2007",
    "et": "Age",
    "off": 29410,
    "sff": "1 week"
  },
  {
    "docID": "N171 L+¦pez Vales 2007",
    "et": "Age",
    "off": 21385,
    "sff": "1D"
  },
  {
    "docID": "N171 L+¦pez Vales 2007",
    "et": "Age",
    "off": 5788,
    "sff": "7‚Äì9 days"
  },
  {
    "docID": "N171 L+¦pez Vales 2007",
    "et": "Age",
    "off": 27923,
    "sff": "45 days"
  },
  {
    "docID": "N171 L+¦pez Vales 2007",
    "et": "Age",
    "off": 29051,
    "sff": "2 weeks"
  },
  {
    "docID": "N171 L+¦pez Vales 2007",
    "et": "Age",
    "off": 4275,
    "sff": "7 days"
  },
  {
    "docID": "N171 L+¦pez Vales 2007",
    "et": "Age",
    "off": 11585,
    "sff": "Two weeks"
  },
  {
    "docID": "N171 L+¦pez Vales 2007",
    "et": "Age",
    "off": 28182,
    "sff": "45 days"
  },
  {
    "docID": "N171 L+¦pez Vales 2007",
    "et": "Age",
    "off": 16192,
    "sff": "7 months"
  },
  {
    "docID": "N171 L+¦pez Vales 2007",
    "et": "Age",
    "off": 10934,
    "sff": "6.5 months"
  },
  {
    "docID": "N171 L+¦pez Vales 2007",
    "et": "Age",
    "off": 682,
    "sff": "45 days"
  },
  {
    "docID": "N171 L+¦pez Vales 2007",
    "et": "Age",
    "off": 29163,
    "sff": "45 days"
  },
  {
    "docID": "N171 L+¦pez Vales 2007",
    "et": "Age",
    "off": 19579,
    "sff": "5 months"
  },
  {
    "docID": "N171 L+¦pez Vales 2007",
    "et": "Age",
    "off": 4856,
    "sff": "6 weeks"
  },
  {
    "docID": "N171 L+¦pez Vales 2007",
    "et": "Age",
    "off": 15989,
    "sff": "2 months"
  },
  {
    "docID": "N171 L+¦pez Vales 2007",
    "et": "Age",
    "off": 9026,
    "sff": "5 months"
  },
  {
    "docID": "N171 L+¦pez Vales 2007",
    "et": "Age",
    "off": 21728,
    "sff": "Fifteen days"
  },
  {
    "docID": "N171 L+¦pez Vales 2007",
    "et": "Age",
    "off": 24293,
    "sff": "45 days"
  },
  {
    "docID": "N171 L+¦pez Vales 2007",
    "et": "Age",
    "off": 32805,
    "sff": "45 days"
  },
  {
    "docID": "N171 L+¦pez Vales 2007",
    "et": "Age",
    "off": 18298,
    "sff": "2 months"
  }
]
