[
  {
    "docID": "N172 L+¦pez-Vales 2004",
    "et": "Weight",
    "off": 7984,
    "sff": "250–300 g"
  },
  {
    "docID": "N172 L+¦pez-Vales 2004",
    "et": "Weight",
    "off": 26765,
    "sff": "4G"
  },
  {
    "docID": "N172 L+¦pez-Vales 2004",
    "et": "RatModel",
    "off": 34258,
    "sff": "rat"
  },
  {
    "docID": "N172 L+¦pez-Vales 2004",
    "et": "RatModel",
    "off": 10767,
    "sff": "rat"
  },
  {
    "docID": "N172 L+¦pez-Vales 2004",
    "et": "RatModel",
    "off": 11375,
    "sff": "rat"
  },
  {
    "docID": "N172 L+¦pez-Vales 2004",
    "et": "AnimalSpecies",
    "off": 33914,
    "sff": "species"
  },
  {
    "docID": "N172 L+¦pez-Vales 2004",
    "et": "NewZealandRabbit",
    "off": 35469,
    "sff": "new"
  },
  {
    "docID": "N172 L+¦pez-Vales 2004",
    "et": "RabbitSpecies",
    "off": 14640,
    "sff": "rabbit"
  },
  {
    "docID": "N172 L+¦pez-Vales 2004",
    "et": "RabbitSpecies",
    "off": 14802,
    "sff": "rabbit"
  },
  {
    "docID": "N172 L+¦pez-Vales 2004",
    "et": "SpragueDawleyRat",
    "off": 7963,
    "sff": "Sprague-Dawley rats"
  },
  {
    "docID": "N172 L+¦pez-Vales 2004",
    "et": "SpragueDawleyRat",
    "off": 4672,
    "sff": "Sprague-Dawley"
  },
  {
    "docID": "N172 L+¦pez-Vales 2004",
    "et": "SpragueDawleyRat",
    "off": 4672,
    "sff": "Sprague-Dawley rats"
  },
  {
    "docID": "N172 L+¦pez-Vales 2004",
    "et": "SpragueDawleyRat",
    "off": 7963,
    "sff": "Sprague-Dawley"
  },
  {
    "docID": "N172 L+¦pez-Vales 2004",
    "et": "MouseModel",
    "off": 6392,
    "sff": "mouse"
  },
  {
    "docID": "N172 L+¦pez-Vales 2004",
    "et": "MouseModel",
    "off": 14705,
    "sff": "mouse"
  },
  {
    "docID": "N172 L+¦pez-Vales 2004",
    "et": "RabbitModel",
    "off": 14640,
    "sff": "rabbit"
  },
  {
    "docID": "N172 L+¦pez-Vales 2004",
    "et": "RabbitModel",
    "off": 14802,
    "sff": "rabbit"
  },
  {
    "docID": "N172 L+¦pez-Vales 2004",
    "et": "RatSpecies",
    "off": 10767,
    "sff": "rat"
  },
  {
    "docID": "N172 L+¦pez-Vales 2004",
    "et": "RatSpecies",
    "off": 11375,
    "sff": "rat"
  },
  {
    "docID": "N172 L+¦pez-Vales 2004",
    "et": "RatSpecies",
    "off": 34258,
    "sff": "rat"
  },
  {
    "docID": "N172 L+¦pez-Vales 2004",
    "et": "MouseSpecies",
    "off": 14705,
    "sff": "mouse"
  },
  {
    "docID": "N172 L+¦pez-Vales 2004",
    "et": "MouseSpecies",
    "off": 6392,
    "sff": "mouse"
  },
  {
    "docID": "N172 L+¦pez-Vales 2004",
    "et": "Adult",
    "off": 316,
    "sff": "adult"
  },
  {
    "docID": "N172 L+¦pez-Vales 2004",
    "et": "Adult",
    "off": 4638,
    "sff": "adult"
  },
  {
    "docID": "N172 L+¦pez-Vales 2004",
    "et": "Adult",
    "off": 7950,
    "sff": "adult"
  },
  {
    "docID": "N172 L+¦pez-Vales 2004",
    "et": "Female",
    "off": 4665,
    "sff": "female"
  },
  {
    "docID": "N172 L+¦pez-Vales 2004",
    "et": "Female",
    "off": 7956,
    "sff": "female"
  },
  {
    "docID": "N172 L+¦pez-Vales 2004",
    "et": "Age",
    "off": 18610,
    "sff": "14 DAYS"
  },
  {
    "docID": "N172 L+¦pez-Vales 2004",
    "et": "Age",
    "off": 35549,
    "sff": "7 days"
  },
  {
    "docID": "N172 L+¦pez-Vales 2004",
    "et": "Age",
    "off": 10428,
    "sff": "14 days"
  },
  {
    "docID": "N172 L+¦pez-Vales 2004",
    "et": "Age",
    "off": 615,
    "sff": "14 days"
  },
  {
    "docID": "N172 L+¦pez-Vales 2004",
    "et": "Age",
    "off": 6030,
    "sff": "12–15 days"
  },
  {
    "docID": "N172 L+¦pez-Vales 2004",
    "et": "Age",
    "off": 11499,
    "sff": "150 W"
  },
  {
    "docID": "N172 L+¦pez-Vales 2004",
    "et": "Age",
    "off": 4645,
    "sff": "2.5–3.0 months old"
  },
  {
    "docID": "N172 L+¦pez-Vales 2004",
    "et": "Age",
    "off": 580,
    "sff": "14 days"
  },
  {
    "docID": "N172 L+¦pez-Vales 2004",
    "et": "Age",
    "off": 35501,
    "sff": "7 days"
  },
  {
    "docID": "N172 L+¦pez-Vales 2004",
    "et": "Age",
    "off": 30875,
    "sff": "two weeks"
  },
  {
    "docID": "N172 L+¦pez-Vales 2004",
    "et": "Age",
    "off": 24413,
    "sff": "4D"
  },
  {
    "docID": "N172 L+¦pez-Vales 2004",
    "et": "Age",
    "off": 5879,
    "sff": "9 days"
  },
  {
    "docID": "N172 L+¦pez-Vales 2004",
    "et": "Age",
    "off": 33548,
    "sff": "14 days"
  },
  {
    "docID": "N172 L+¦pez-Vales 2004",
    "et": "Age",
    "off": 8952,
    "sff": "100–W"
  }
]
