[
  {
    "docID": "N173 L+¦pez-Vales 2006",
    "et": "Weight",
    "off": 8450,
    "sff": "250–300 g"
  },
  {
    "docID": "N173 L+¦pez-Vales 2006",
    "et": "RatModel",
    "off": 8174,
    "sff": "rat"
  },
  {
    "docID": "N173 L+¦pez-Vales 2006",
    "et": "RatModel",
    "off": 19886,
    "sff": "rat"
  },
  {
    "docID": "N173 L+¦pez-Vales 2006",
    "et": "RatModel",
    "off": 29928,
    "sff": "rat"
  },
  {
    "docID": "N173 L+¦pez-Vales 2006",
    "et": "RatModel",
    "off": 20138,
    "sff": "rat"
  },
  {
    "docID": "N173 L+¦pez-Vales 2006",
    "et": "RatModel",
    "off": 16950,
    "sff": "rat"
  },
  {
    "docID": "N173 L+¦pez-Vales 2006",
    "et": "RatModel",
    "off": 11521,
    "sff": "rat"
  },
  {
    "docID": "N173 L+¦pez-Vales 2006",
    "et": "RabbitSpecies",
    "off": 15540,
    "sff": "rabbit"
  },
  {
    "docID": "N173 L+¦pez-Vales 2006",
    "et": "SpragueDawleyRat",
    "off": 6568,
    "sff": "Sprague-Dawley rats"
  },
  {
    "docID": "N173 L+¦pez-Vales 2006",
    "et": "SpragueDawleyRat",
    "off": 6568,
    "sff": "Sprague-Dawley"
  },
  {
    "docID": "N173 L+¦pez-Vales 2006",
    "et": "SpragueDawleyRat",
    "off": 8429,
    "sff": "Sprague-Dawley rats"
  },
  {
    "docID": "N173 L+¦pez-Vales 2006",
    "et": "SpragueDawleyRat",
    "off": 8429,
    "sff": "Sprague-Dawley"
  },
  {
    "docID": "N173 L+¦pez-Vales 2006",
    "et": "MouseModel",
    "off": 15675,
    "sff": "mouse"
  },
  {
    "docID": "N173 L+¦pez-Vales 2006",
    "et": "MouseModel",
    "off": 7470,
    "sff": "mouse"
  },
  {
    "docID": "N173 L+¦pez-Vales 2006",
    "et": "RabbitModel",
    "off": 15540,
    "sff": "rabbit"
  },
  {
    "docID": "N173 L+¦pez-Vales 2006",
    "et": "RatSpecies",
    "off": 8174,
    "sff": "rat"
  },
  {
    "docID": "N173 L+¦pez-Vales 2006",
    "et": "RatSpecies",
    "off": 19886,
    "sff": "rat"
  },
  {
    "docID": "N173 L+¦pez-Vales 2006",
    "et": "RatSpecies",
    "off": 11521,
    "sff": "rat"
  },
  {
    "docID": "N173 L+¦pez-Vales 2006",
    "et": "RatSpecies",
    "off": 16950,
    "sff": "rat"
  },
  {
    "docID": "N173 L+¦pez-Vales 2006",
    "et": "RatSpecies",
    "off": 20138,
    "sff": "rat"
  },
  {
    "docID": "N173 L+¦pez-Vales 2006",
    "et": "RatSpecies",
    "off": 29928,
    "sff": "rat"
  },
  {
    "docID": "N173 L+¦pez-Vales 2006",
    "et": "MouseSpecies",
    "off": 15675,
    "sff": "mouse"
  },
  {
    "docID": "N173 L+¦pez-Vales 2006",
    "et": "MouseSpecies",
    "off": 7470,
    "sff": "mouse"
  },
  {
    "docID": "N173 L+¦pez-Vales 2006",
    "et": "Adult",
    "off": 6562,
    "sff": "adult"
  },
  {
    "docID": "N173 L+¦pez-Vales 2006",
    "et": "Adult",
    "off": 8168,
    "sff": "adult"
  },
  {
    "docID": "N173 L+¦pez-Vales 2006",
    "et": "Adult",
    "off": 8423,
    "sff": "adult"
  },
  {
    "docID": "N173 L+¦pez-Vales 2006",
    "et": "LongEvansRat",
    "off": 35986,
    "sff": "long"
  },
  {
    "docID": "N173 L+¦pez-Vales 2006",
    "et": "LongEvansRat",
    "off": 3698,
    "sff": "long"
  },
  {
    "docID": "N173 L+¦pez-Vales 2006",
    "et": "LongEvansRat",
    "off": 32723,
    "sff": "long"
  },
  {
    "docID": "N173 L+¦pez-Vales 2006",
    "et": "LongEvansRat",
    "off": 29173,
    "sff": "long"
  },
  {
    "docID": "N173 L+¦pez-Vales 2006",
    "et": "LongEvansRat",
    "off": 5950,
    "sff": "long"
  },
  {
    "docID": "N173 L+¦pez-Vales 2006",
    "et": "Female",
    "off": 8416,
    "sff": "Female"
  },
  {
    "docID": "N173 L+¦pez-Vales 2006",
    "et": "Age",
    "off": 14748,
    "sff": "3 months"
  },
  {
    "docID": "N173 L+¦pez-Vales 2006",
    "et": "Age",
    "off": 22894,
    "sff": "2–3 weeks"
  },
  {
    "docID": "N173 L+¦pez-Vales 2006",
    "et": "Age",
    "off": 13773,
    "sff": "7 days"
  },
  {
    "docID": "N173 L+¦pez-Vales 2006",
    "et": "Age",
    "off": 21953,
    "sff": "9.5 months"
  },
  {
    "docID": "N173 L+¦pez-Vales 2006",
    "et": "Age",
    "off": 28762,
    "sff": "3 months"
  },
  {
    "docID": "N173 L+¦pez-Vales 2006",
    "et": "Age",
    "off": 13445,
    "sff": "90 days"
  },
  {
    "docID": "N173 L+¦pez-Vales 2006",
    "et": "Age",
    "off": 13689,
    "sff": "5 months"
  },
  {
    "docID": "N173 L+¦pez-Vales 2006",
    "et": "Age",
    "off": 27478,
    "sff": "Three months"
  },
  {
    "docID": "N173 L+¦pez-Vales 2006",
    "et": "Age",
    "off": 21015,
    "sff": "3 months"
  },
  {
    "docID": "N173 L+¦pez-Vales 2006",
    "et": "Age",
    "off": 22407,
    "sff": "9.5 months"
  },
  {
    "docID": "N173 L+¦pez-Vales 2006",
    "et": "Age",
    "off": 14790,
    "sff": "9.5 months"
  },
  {
    "docID": "N173 L+¦pez-Vales 2006",
    "et": "Age",
    "off": 21520,
    "sff": "3 months"
  },
  {
    "docID": "N173 L+¦pez-Vales 2006",
    "et": "Age",
    "off": 14089,
    "sff": "9 months"
  },
  {
    "docID": "N173 L+¦pez-Vales 2006",
    "et": "Age",
    "off": 23686,
    "sff": "3–4 months"
  },
  {
    "docID": "N173 L+¦pez-Vales 2006",
    "et": "Age",
    "off": 30819,
    "sff": "5D"
  },
  {
    "docID": "N173 L+¦pez-Vales 2006",
    "et": "Age",
    "off": 19923,
    "sff": "9 months"
  },
  {
    "docID": "N173 L+¦pez-Vales 2006",
    "et": "Age",
    "off": 13525,
    "sff": "7 days"
  },
  {
    "docID": "N173 L+¦pez-Vales 2006",
    "et": "Age",
    "off": 31777,
    "sff": "5D"
  },
  {
    "docID": "N173 L+¦pez-Vales 2006",
    "et": "Age",
    "off": 10751,
    "sff": "90 days"
  },
  {
    "docID": "N173 L+¦pez-Vales 2006",
    "et": "Age",
    "off": 9021,
    "sff": "100-W"
  },
  {
    "docID": "N173 L+¦pez-Vales 2006",
    "et": "Age",
    "off": 34283,
    "sff": "two weeks"
  }
]
