[
  {
    "docID": "N174 L+¦pez-Vales 2006 3",
    "et": "Weight",
    "off": 7455,
    "sff": "250–300 g"
  },
  {
    "docID": "N174 L+¦pez-Vales 2006 3",
    "et": "RatModel",
    "off": 19660,
    "sff": "rat"
  },
  {
    "docID": "N174 L+¦pez-Vales 2006 3",
    "et": "RatModel",
    "off": 15023,
    "sff": "rat"
  },
  {
    "docID": "N174 L+¦pez-Vales 2006 3",
    "et": "RatModel",
    "off": 16687,
    "sff": "rat"
  },
  {
    "docID": "N174 L+¦pez-Vales 2006 3",
    "et": "RatModel",
    "off": 19470,
    "sff": "rat"
  },
  {
    "docID": "N174 L+¦pez-Vales 2006 3",
    "et": "RatModel",
    "off": 15562,
    "sff": "rat"
  },
  {
    "docID": "N174 L+¦pez-Vales 2006 3",
    "et": "RatModel",
    "off": 5188,
    "sff": "rat"
  },
  {
    "docID": "N174 L+¦pez-Vales 2006 3",
    "et": "RatModel",
    "off": 773,
    "sff": "rat"
  },
  {
    "docID": "N174 L+¦pez-Vales 2006 3",
    "et": "RatModel",
    "off": 28356,
    "sff": "rat"
  },
  {
    "docID": "N174 L+¦pez-Vales 2006 3",
    "et": "RatModel",
    "off": 8994,
    "sff": "rat"
  },
  {
    "docID": "N174 L+¦pez-Vales 2006 3",
    "et": "RatModel",
    "off": 18851,
    "sff": "rat"
  },
  {
    "docID": "N174 L+¦pez-Vales 2006 3",
    "et": "RatModel",
    "off": 21218,
    "sff": "rat"
  },
  {
    "docID": "N174 L+¦pez-Vales 2006 3",
    "et": "RatModel",
    "off": 16735,
    "sff": "rat"
  },
  {
    "docID": "N174 L+¦pez-Vales 2006 3",
    "et": "RatModel",
    "off": 8181,
    "sff": "rat"
  },
  {
    "docID": "N174 L+¦pez-Vales 2006 3",
    "et": "NewZealandRabbit",
    "off": 4997,
    "sff": "new"
  },
  {
    "docID": "N174 L+¦pez-Vales 2006 3",
    "et": "NewZealandRabbit",
    "off": 44782,
    "sff": "new"
  },
  {
    "docID": "N174 L+¦pez-Vales 2006 3",
    "et": "RabbitSpecies",
    "off": 13076,
    "sff": "rabbit"
  },
  {
    "docID": "N174 L+¦pez-Vales 2006 3",
    "et": "SpragueDawleyRat",
    "off": 7434,
    "sff": "Sprague–Dawley rats"
  },
  {
    "docID": "N174 L+¦pez-Vales 2006 3",
    "et": "SpragueDawleyRat",
    "off": 6006,
    "sff": "Sprague–Dawley rats"
  },
  {
    "docID": "N174 L+¦pez-Vales 2006 3",
    "et": "SpragueDawleyRat",
    "off": 6006,
    "sff": "Sprague–Dawley"
  },
  {
    "docID": "N174 L+¦pez-Vales 2006 3",
    "et": "SpragueDawleyRat",
    "off": 7434,
    "sff": "Sprague–Dawley"
  },
  {
    "docID": "N174 L+¦pez-Vales 2006 3",
    "et": "MouseModel",
    "off": 13384,
    "sff": "mouse"
  },
  {
    "docID": "N174 L+¦pez-Vales 2006 3",
    "et": "MouseModel",
    "off": 6726,
    "sff": "mouse"
  },
  {
    "docID": "N174 L+¦pez-Vales 2006 3",
    "et": "RabbitModel",
    "off": 13076,
    "sff": "rabbit"
  },
  {
    "docID": "N174 L+¦pez-Vales 2006 3",
    "et": "RatSpecies",
    "off": 19470,
    "sff": "rat"
  },
  {
    "docID": "N174 L+¦pez-Vales 2006 3",
    "et": "RatSpecies",
    "off": 19660,
    "sff": "rat"
  },
  {
    "docID": "N174 L+¦pez-Vales 2006 3",
    "et": "RatSpecies",
    "off": 15023,
    "sff": "rat"
  },
  {
    "docID": "N174 L+¦pez-Vales 2006 3",
    "et": "RatSpecies",
    "off": 16687,
    "sff": "rat"
  },
  {
    "docID": "N174 L+¦pez-Vales 2006 3",
    "et": "RatSpecies",
    "off": 773,
    "sff": "rat"
  },
  {
    "docID": "N174 L+¦pez-Vales 2006 3",
    "et": "RatSpecies",
    "off": 5188,
    "sff": "rat"
  },
  {
    "docID": "N174 L+¦pez-Vales 2006 3",
    "et": "RatSpecies",
    "off": 28356,
    "sff": "rat"
  },
  {
    "docID": "N174 L+¦pez-Vales 2006 3",
    "et": "RatSpecies",
    "off": 18851,
    "sff": "rat"
  },
  {
    "docID": "N174 L+¦pez-Vales 2006 3",
    "et": "RatSpecies",
    "off": 15562,
    "sff": "rat"
  },
  {
    "docID": "N174 L+¦pez-Vales 2006 3",
    "et": "RatSpecies",
    "off": 8994,
    "sff": "rat"
  },
  {
    "docID": "N174 L+¦pez-Vales 2006 3",
    "et": "RatSpecies",
    "off": 21218,
    "sff": "rat"
  },
  {
    "docID": "N174 L+¦pez-Vales 2006 3",
    "et": "RatSpecies",
    "off": 16735,
    "sff": "rat"
  },
  {
    "docID": "N174 L+¦pez-Vales 2006 3",
    "et": "RatSpecies",
    "off": 8181,
    "sff": "rat"
  },
  {
    "docID": "N174 L+¦pez-Vales 2006 3",
    "et": "MouseSpecies",
    "off": 6726,
    "sff": "mouse"
  },
  {
    "docID": "N174 L+¦pez-Vales 2006 3",
    "et": "MouseSpecies",
    "off": 13384,
    "sff": "mouse"
  },
  {
    "docID": "N174 L+¦pez-Vales 2006 3",
    "et": "Adult",
    "off": 5182,
    "sff": "adult"
  },
  {
    "docID": "N174 L+¦pez-Vales 2006 3",
    "et": "Adult",
    "off": 7428,
    "sff": "adult"
  },
  {
    "docID": "N174 L+¦pez-Vales 2006 3",
    "et": "Adult",
    "off": 31462,
    "sff": "adult"
  },
  {
    "docID": "N174 L+¦pez-Vales 2006 3",
    "et": "LongEvansRat",
    "off": 44323,
    "sff": "long"
  },
  {
    "docID": "N174 L+¦pez-Vales 2006 3",
    "et": "LongEvansRat",
    "off": 2038,
    "sff": "long"
  },
  {
    "docID": "N174 L+¦pez-Vales 2006 3",
    "et": "LongEvansRat",
    "off": 28504,
    "sff": "long"
  },
  {
    "docID": "N174 L+¦pez-Vales 2006 3",
    "et": "LongEvansRat",
    "off": 31481,
    "sff": "long"
  },
  {
    "docID": "N174 L+¦pez-Vales 2006 3",
    "et": "LongEvansRat",
    "off": 42569,
    "sff": "long"
  },
  {
    "docID": "N174 L+¦pez-Vales 2006 3",
    "et": "LongEvansRat",
    "off": 22733,
    "sff": "long"
  },
  {
    "docID": "N174 L+¦pez-Vales 2006 3",
    "et": "LongEvansRat",
    "off": 1087,
    "sff": "long"
  },
  {
    "docID": "N174 L+¦pez-Vales 2006 3",
    "et": "LongEvansRat",
    "off": 31952,
    "sff": "long"
  },
  {
    "docID": "N174 L+¦pez-Vales 2006 3",
    "et": "Female",
    "off": 7421,
    "sff": "Female"
  },
  {
    "docID": "N174 L+¦pez-Vales 2006 3",
    "et": "Age",
    "off": 9600,
    "sff": "1 week"
  },
  {
    "docID": "N174 L+¦pez-Vales 2006 3",
    "et": "Age",
    "off": 21694,
    "sff": "6 months"
  },
  {
    "docID": "N174 L+¦pez-Vales 2006 3",
    "et": "Age",
    "off": 35958,
    "sff": "2 to 3 months"
  },
  {
    "docID": "N174 L+¦pez-Vales 2006 3",
    "et": "Age",
    "off": 9657,
    "sff": "9 months"
  },
  {
    "docID": "N174 L+¦pez-Vales 2006 3",
    "et": "Age",
    "off": 41028,
    "sff": "9 months"
  },
  {
    "docID": "N174 L+¦pez-Vales 2006 3",
    "et": "Age",
    "off": 25170,
    "sff": "2D"
  },
  {
    "docID": "N174 L+¦pez-Vales 2006 3",
    "et": "Age",
    "off": 24780,
    "sff": "3 to 4 months"
  },
  {
    "docID": "N174 L+¦pez-Vales 2006 3",
    "et": "Age",
    "off": 43865,
    "sff": "4 months"
  },
  {
    "docID": "N174 L+¦pez-Vales 2006 3",
    "et": "Age",
    "off": 20595,
    "sff": "9.5 months"
  },
  {
    "docID": "N174 L+¦pez-Vales 2006 3",
    "et": "Age",
    "off": 9640,
    "sff": "5 months"
  },
  {
    "docID": "N174 L+¦pez-Vales 2006 3",
    "et": "Age",
    "off": 22101,
    "sff": "9 months"
  },
  {
    "docID": "N174 L+¦pez-Vales 2006 3",
    "et": "Age",
    "off": 24246,
    "sff": "7 days"
  },
  {
    "docID": "N174 L+¦pez-Vales 2006 3",
    "et": "Age",
    "off": 43988,
    "sff": "9 months"
  },
  {
    "docID": "N174 L+¦pez-Vales 2006 3",
    "et": "Age",
    "off": 5366,
    "sff": "1 week"
  },
  {
    "docID": "N174 L+¦pez-Vales 2006 3",
    "et": "Age",
    "off": 30020,
    "sff": "6D"
  },
  {
    "docID": "N174 L+¦pez-Vales 2006 3",
    "et": "Age",
    "off": 16694,
    "sff": "2 months"
  },
  {
    "docID": "N174 L+¦pez-Vales 2006 3",
    "et": "Age",
    "off": 21466,
    "sff": "9 months"
  },
  {
    "docID": "N174 L+¦pez-Vales 2006 3",
    "et": "Age",
    "off": 40201,
    "sff": "4 weeks"
  },
  {
    "docID": "N174 L+¦pez-Vales 2006 3",
    "et": "Age",
    "off": 9815,
    "sff": "9 months"
  },
  {
    "docID": "N174 L+¦pez-Vales 2006 3",
    "et": "Age",
    "off": 22282,
    "sff": "2–3 months"
  },
  {
    "docID": "N174 L+¦pez-Vales 2006 3",
    "et": "Age",
    "off": 26340,
    "sff": "9 months"
  },
  {
    "docID": "N174 L+¦pez-Vales 2006 3",
    "et": "Age",
    "off": 44257,
    "sff": "9 months"
  },
  {
    "docID": "N174 L+¦pez-Vales 2006 3",
    "et": "Age",
    "off": 23696,
    "sff": "3–4 months"
  },
  {
    "docID": "N174 L+¦pez-Vales 2006 3",
    "et": "Age",
    "off": 16742,
    "sff": "3 months"
  },
  {
    "docID": "N174 L+¦pez-Vales 2006 3",
    "et": "Age",
    "off": 6555,
    "sff": "7–9 days"
  },
  {
    "docID": "N174 L+¦pez-Vales 2006 3",
    "et": "Age",
    "off": 38514,
    "sff": "9 months"
  },
  {
    "docID": "N174 L+¦pez-Vales 2006 3",
    "et": "Age",
    "off": 23577,
    "sff": "9-month"
  },
  {
    "docID": "N174 L+¦pez-Vales 2006 3",
    "et": "Age",
    "off": 16763,
    "sff": "9 months"
  },
  {
    "docID": "N174 L+¦pez-Vales 2006 3",
    "et": "Age",
    "off": 12325,
    "sff": "Two weeks"
  },
  {
    "docID": "N174 L+¦pez-Vales 2006 3",
    "et": "Age",
    "off": 16249,
    "sff": "9 months"
  },
  {
    "docID": "N174 L+¦pez-Vales 2006 3",
    "et": "Age",
    "off": 8459,
    "sff": "7 days"
  },
  {
    "docID": "N174 L+¦pez-Vales 2006 3",
    "et": "Age",
    "off": 31734,
    "sff": "9 months"
  },
  {
    "docID": "N174 L+¦pez-Vales 2006 3",
    "et": "Age",
    "off": 24622,
    "sff": "2 to 3 months"
  },
  {
    "docID": "N174 L+¦pez-Vales 2006 3",
    "et": "Age",
    "off": 44619,
    "sff": "1 week"
  },
  {
    "docID": "N174 L+¦pez-Vales 2006 3",
    "et": "Age",
    "off": 23039,
    "sff": "9 months"
  },
  {
    "docID": "N174 L+¦pez-Vales 2006 3",
    "et": "Age",
    "off": 41519,
    "sff": "1 week"
  },
  {
    "docID": "N174 L+¦pez-Vales 2006 3",
    "et": "Age",
    "off": 8317,
    "sff": "7 days"
  },
  {
    "docID": "N174 L+¦pez-Vales 2006 3",
    "et": "Age",
    "off": 35992,
    "sff": "3 to 4 months"
  },
  {
    "docID": "N174 L+¦pez-Vales 2006 3",
    "et": "Age",
    "off": 25513,
    "sff": "1 month"
  },
  {
    "docID": "N174 L+¦pez-Vales 2006 3",
    "et": "Age",
    "off": 32443,
    "sff": "1 week"
  },
  {
    "docID": "N174 L+¦pez-Vales 2006 3",
    "et": "Age",
    "off": 17718,
    "sff": "9.5 months"
  },
  {
    "docID": "N174 L+¦pez-Vales 2006 3",
    "et": "Age",
    "off": 735,
    "sff": "1 week"
  },
  {
    "docID": "N174 L+¦pez-Vales 2006 3",
    "et": "Age",
    "off": 40032,
    "sff": "1 week"
  },
  {
    "docID": "N174 L+¦pez-Vales 2006 3",
    "et": "Age",
    "off": 39334,
    "sff": "4 days"
  },
  {
    "docID": "N174 L+¦pez-Vales 2006 3",
    "et": "Age",
    "off": 22330,
    "sff": "3–4 months"
  },
  {
    "docID": "N174 L+¦pez-Vales 2006 3",
    "et": "Age",
    "off": 11682,
    "sff": "9 months"
  },
  {
    "docID": "N174 L+¦pez-Vales 2006 3",
    "et": "Age",
    "off": 29728,
    "sff": "9 months"
  },
  {
    "docID": "N174 L+¦pez-Vales 2006 3",
    "et": "Age",
    "off": 16587,
    "sff": "9-month"
  },
  {
    "docID": "N174 L+¦pez-Vales 2006 3",
    "et": "Age",
    "off": 35881,
    "sff": "9 months"
  },
  {
    "docID": "N174 L+¦pez-Vales 2006 3",
    "et": "Age",
    "off": 9798,
    "sff": "5 months"
  },
  {
    "docID": "N174 L+¦pez-Vales 2006 3",
    "et": "Age",
    "off": 36774,
    "sff": "3 months"
  },
  {
    "docID": "N174 L+¦pez-Vales 2006 3",
    "et": "Age",
    "off": 39764,
    "sff": "7-day"
  },
  {
    "docID": "N174 L+¦pez-Vales 2006 3",
    "et": "Age",
    "off": 42844,
    "sff": "9.5 months"
  },
  {
    "docID": "N174 L+¦pez-Vales 2006 3",
    "et": "Age",
    "off": 25402,
    "sff": "One week"
  },
  {
    "docID": "N174 L+¦pez-Vales 2006 3",
    "et": "Age",
    "off": 41445,
    "sff": "1 year"
  },
  {
    "docID": "N174 L+¦pez-Vales 2006 3",
    "et": "Age",
    "off": 23855,
    "sff": "9 months"
  },
  {
    "docID": "N174 L+¦pez-Vales 2006 3",
    "et": "Age",
    "off": 38999,
    "sff": "7-day"
  }
]
