[
  {
    "docID": "N175 L+¦pez-Vales2006 2",
    "et": "Weight",
    "off": 3866,
    "sff": "250–300 g"
  },
  {
    "docID": "N175 L+¦pez-Vales2006 2",
    "et": "Weight",
    "off": 14487,
    "sff": "2G"
  },
  {
    "docID": "N175 L+¦pez-Vales2006 2",
    "et": "RatModel",
    "off": 5955,
    "sff": "rat"
  },
  {
    "docID": "N175 L+¦pez-Vales2006 2",
    "et": "RatModel",
    "off": 513,
    "sff": "rat"
  },
  {
    "docID": "N175 L+¦pez-Vales2006 2",
    "et": "RatModel",
    "off": 16136,
    "sff": "rat"
  },
  {
    "docID": "N175 L+¦pez-Vales2006 2",
    "et": "RabbitSpecies",
    "off": 7536,
    "sff": "rabbit"
  },
  {
    "docID": "N175 L+¦pez-Vales2006 2",
    "et": "SpragueDawleyRat",
    "off": 3366,
    "sff": "Sprague-Dawley rats"
  },
  {
    "docID": "N175 L+¦pez-Vales2006 2",
    "et": "SpragueDawleyRat",
    "off": 3845,
    "sff": "Sprague-Dawley rats"
  },
  {
    "docID": "N175 L+¦pez-Vales2006 2",
    "et": "SpragueDawleyRat",
    "off": 3845,
    "sff": "Sprague-Dawley"
  },
  {
    "docID": "N175 L+¦pez-Vales2006 2",
    "et": "SpragueDawleyRat",
    "off": 3366,
    "sff": "Sprague-Dawley"
  },
  {
    "docID": "N175 L+¦pez-Vales2006 2",
    "et": "RabbitModel",
    "off": 7536,
    "sff": "rabbit"
  },
  {
    "docID": "N175 L+¦pez-Vales2006 2",
    "et": "RatSpecies",
    "off": 16136,
    "sff": "rat"
  },
  {
    "docID": "N175 L+¦pez-Vales2006 2",
    "et": "RatSpecies",
    "off": 5955,
    "sff": "rat"
  },
  {
    "docID": "N175 L+¦pez-Vales2006 2",
    "et": "RatSpecies",
    "off": 513,
    "sff": "rat"
  },
  {
    "docID": "N175 L+¦pez-Vales2006 2",
    "et": "Adult",
    "off": 3832,
    "sff": "adult"
  },
  {
    "docID": "N175 L+¦pez-Vales2006 2",
    "et": "Adult",
    "off": 2665,
    "sff": "adult"
  },
  {
    "docID": "N175 L+¦pez-Vales2006 2",
    "et": "Adult",
    "off": 3353,
    "sff": "adult"
  },
  {
    "docID": "N175 L+¦pez-Vales2006 2",
    "et": "Female",
    "off": 3838,
    "sff": "female"
  },
  {
    "docID": "N175 L+¦pez-Vales2006 2",
    "et": "Female",
    "off": 3359,
    "sff": "female"
  },
  {
    "docID": "N175 L+¦pez-Vales2006 2",
    "et": "Age",
    "off": 5487,
    "sff": "3 days"
  },
  {
    "docID": "N175 L+¦pez-Vales2006 2",
    "et": "Age",
    "off": 1234,
    "sff": "Two weeks"
  },
  {
    "docID": "N175 L+¦pez-Vales2006 2",
    "et": "Age",
    "off": 6381,
    "sff": "150 W"
  },
  {
    "docID": "N175 L+¦pez-Vales2006 2",
    "et": "Age",
    "off": 20210,
    "sff": "3 days"
  },
  {
    "docID": "N175 L+¦pez-Vales2006 2",
    "et": "Age",
    "off": 20252,
    "sff": "7 days"
  },
  {
    "docID": "N175 L+¦pez-Vales2006 2",
    "et": "Age",
    "off": 4380,
    "sff": "100-W"
  },
  {
    "docID": "N175 L+¦pez-Vales2006 2",
    "et": "Age",
    "off": 12927,
    "sff": "14 days"
  },
  {
    "docID": "N175 L+¦pez-Vales2006 2",
    "et": "Age",
    "off": 10506,
    "sff": "14 days"
  },
  {
    "docID": "N175 L+¦pez-Vales2006 2",
    "et": "Age",
    "off": 5835,
    "sff": "14 days"
  },
  {
    "docID": "N175 L+¦pez-Vales2006 2",
    "et": "Age",
    "off": 11584,
    "sff": "2 weeks"
  },
  {
    "docID": "N175 L+¦pez-Vales2006 2",
    "et": "Age",
    "off": 12097,
    "sff": "2 weeks"
  },
  {
    "docID": "N175 L+¦pez-Vales2006 2",
    "et": "Age",
    "off": 19946,
    "sff": "7 days"
  },
  {
    "docID": "N175 L+¦pez-Vales2006 2",
    "et": "Age",
    "off": 16637,
    "sff": "Two weeks"
  },
  {
    "docID": "N175 L+¦pez-Vales2006 2",
    "et": "Age",
    "off": 15282,
    "sff": "3D"
  },
  {
    "docID": "N175 L+¦pez-Vales2006 2",
    "et": "Age",
    "off": 6158,
    "sff": "14 days"
  },
  {
    "docID": "N175 L+¦pez-Vales2006 2",
    "et": "Age",
    "off": 13102,
    "sff": "14 days"
  },
  {
    "docID": "N175 L+¦pez-Vales2006 2",
    "et": "Age",
    "off": 12428,
    "sff": "14 days"
  },
  {
    "docID": "N175 L+¦pez-Vales2006 2",
    "et": "Age",
    "off": 14312,
    "sff": "2D"
  }
]
