[
  {
    "docID": "N176 Lu 2006",
    "et": "Weight",
    "off": 6697,
    "sff": "150–165 g"
  },
  {
    "docID": "N176 Lu 2006",
    "et": "Weight",
    "off": 36873,
    "sff": "8G"
  },
  {
    "docID": "N176 Lu 2006",
    "et": "Weight",
    "off": 9373,
    "sff": "160–200 g"
  },
  {
    "docID": "N176 Lu 2006",
    "et": "RatModel",
    "off": 7158,
    "sff": "rat"
  },
  {
    "docID": "N176 Lu 2006",
    "et": "RatModel",
    "off": 6519,
    "sff": "rat"
  },
  {
    "docID": "N176 Lu 2006",
    "et": "RabbitSpecies",
    "off": 16895,
    "sff": "rabbit"
  },
  {
    "docID": "N176 Lu 2006",
    "et": "RabbitSpecies",
    "off": 17018,
    "sff": "rabbit"
  },
  {
    "docID": "N176 Lu 2006",
    "et": "RabbitModel",
    "off": 16895,
    "sff": "rabbit"
  },
  {
    "docID": "N176 Lu 2006",
    "et": "RabbitModel",
    "off": 17018,
    "sff": "rabbit"
  },
  {
    "docID": "N176 Lu 2006",
    "et": "RatSpecies",
    "off": 6519,
    "sff": "rat"
  },
  {
    "docID": "N176 Lu 2006",
    "et": "RatSpecies",
    "off": 7158,
    "sff": "rat"
  },
  {
    "docID": "N176 Lu 2006",
    "et": "FischerRat",
    "off": 7224,
    "sff": "Fischer"
  },
  {
    "docID": "N176 Lu 2006",
    "et": "FischerRat",
    "off": 6665,
    "sff": "Fischer"
  },
  {
    "docID": "N176 Lu 2006",
    "et": "FischerRat",
    "off": 5553,
    "sff": "Fischer"
  },
  {
    "docID": "N176 Lu 2006",
    "et": "FischerRat",
    "off": 20721,
    "sff": "Fischer"
  },
  {
    "docID": "N176 Lu 2006",
    "et": "FischerRat",
    "off": 9355,
    "sff": "Fischer"
  },
  {
    "docID": "N176 Lu 2006",
    "et": "Adult",
    "off": 39575,
    "sff": "adult"
  },
  {
    "docID": "N176 Lu 2006",
    "et": "Adult",
    "off": 9342,
    "sff": "adult"
  },
  {
    "docID": "N176 Lu 2006",
    "et": "Adult",
    "off": 45598,
    "sff": "mature"
  },
  {
    "docID": "N176 Lu 2006",
    "et": "Adult",
    "off": 6652,
    "sff": "adult"
  },
  {
    "docID": "N176 Lu 2006",
    "et": "Adult",
    "off": 7211,
    "sff": "adult"
  },
  {
    "docID": "N176 Lu 2006",
    "et": "LongEvansRat",
    "off": 553,
    "sff": "long"
  },
  {
    "docID": "N176 Lu 2006",
    "et": "LongEvansRat",
    "off": 1070,
    "sff": "long"
  },
  {
    "docID": "N176 Lu 2006",
    "et": "Female",
    "off": 6658,
    "sff": "female"
  },
  {
    "docID": "N176 Lu 2006",
    "et": "Female",
    "off": 7217,
    "sff": "female"
  },
  {
    "docID": "N176 Lu 2006",
    "et": "Female",
    "off": 9348,
    "sff": "female"
  },
  {
    "docID": "N176 Lu 2006",
    "et": "Age",
    "off": 1682,
    "sff": "9 d"
  },
  {
    "docID": "N176 Lu 2006",
    "et": "Age",
    "off": 35716,
    "sff": "3 d"
  },
  {
    "docID": "N176 Lu 2006",
    "et": "Age",
    "off": 1668,
    "sff": "3 d"
  },
  {
    "docID": "N176 Lu 2006",
    "et": "Age",
    "off": 25218,
    "sff": "3 d"
  },
  {
    "docID": "N176 Lu 2006",
    "et": "Age",
    "off": 28290,
    "sff": "1 month"
  },
  {
    "docID": "N176 Lu 2006",
    "et": "Age",
    "off": 15412,
    "sff": "2 weeks"
  },
  {
    "docID": "N176 Lu 2006",
    "et": "Age",
    "off": 35737,
    "sff": "9 d"
  },
  {
    "docID": "N176 Lu 2006",
    "et": "Age",
    "off": 6683,
    "sff": "3 months old"
  },
  {
    "docID": "N176 Lu 2006",
    "et": "Age",
    "off": 32120,
    "sff": "1 month"
  },
  {
    "docID": "N176 Lu 2006",
    "et": "Age",
    "off": 35852,
    "sff": "9 d"
  },
  {
    "docID": "N176 Lu 2006",
    "et": "Age",
    "off": 15124,
    "sff": "1 week"
  },
  {
    "docID": "N176 Lu 2006",
    "et": "Age",
    "off": 26709,
    "sff": "9 d"
  },
  {
    "docID": "N176 Lu 2006",
    "et": "Age",
    "off": 14612,
    "sff": "3 d"
  },
  {
    "docID": "N176 Lu 2006",
    "et": "Age",
    "off": 14567,
    "sff": "7 d"
  },
  {
    "docID": "N176 Lu 2006",
    "et": "Age",
    "off": 33285,
    "sff": "3–7 d"
  },
  {
    "docID": "N176 Lu 2006",
    "et": "Age",
    "off": 36933,
    "sff": "3–7 d"
  },
  {
    "docID": "N176 Lu 2006",
    "et": "Age",
    "off": 14693,
    "sff": "7 d"
  },
  {
    "docID": "N176 Lu 2006",
    "et": "Age",
    "off": 14902,
    "sff": "1 d"
  },
  {
    "docID": "N176 Lu 2006",
    "et": "Age",
    "off": 12330,
    "sff": "7 d"
  },
  {
    "docID": "N176 Lu 2006",
    "et": "Age",
    "off": 22379,
    "sff": "4 weeks"
  },
  {
    "docID": "N176 Lu 2006",
    "et": "Age",
    "off": 12954,
    "sff": "3 d"
  },
  {
    "docID": "N176 Lu 2006",
    "et": "Age",
    "off": 6441,
    "sff": "4–6 d"
  },
  {
    "docID": "N176 Lu 2006",
    "et": "Age",
    "off": 14558,
    "sff": "3 d"
  },
  {
    "docID": "N176 Lu 2006",
    "et": "Age",
    "off": 27498,
    "sff": "1 week"
  },
  {
    "docID": "N176 Lu 2006",
    "et": "Age",
    "off": 28056,
    "sff": "7 d"
  },
  {
    "docID": "N176 Lu 2006",
    "et": "Age",
    "off": 37984,
    "sff": "1 month"
  },
  {
    "docID": "N176 Lu 2006",
    "et": "Age",
    "off": 12321,
    "sff": "3 d"
  },
  {
    "docID": "N176 Lu 2006",
    "et": "Age",
    "off": 29732,
    "sff": "1 month"
  },
  {
    "docID": "N176 Lu 2006",
    "et": "Age",
    "off": 791,
    "sff": "One month"
  },
  {
    "docID": "N176 Lu 2006",
    "et": "Age",
    "off": 15460,
    "sff": "1 month"
  },
  {
    "docID": "N176 Lu 2006",
    "et": "Age",
    "off": 10917,
    "sff": "1 month"
  },
  {
    "docID": "N176 Lu 2006",
    "et": "Age",
    "off": 5327,
    "sff": "tend"
  },
  {
    "docID": "N176 Lu 2006",
    "et": "Age",
    "off": 33773,
    "sff": "3–7 d"
  },
  {
    "docID": "N176 Lu 2006",
    "et": "Age",
    "off": 34127,
    "sff": "7 d"
  },
  {
    "docID": "N176 Lu 2006",
    "et": "Age",
    "off": 21070,
    "sff": "7 d"
  },
  {
    "docID": "N176 Lu 2006",
    "et": "Age",
    "off": 6221,
    "sff": "4–5 d"
  },
  {
    "docID": "N176 Lu 2006",
    "et": "Age",
    "off": 11101,
    "sff": "1 month"
  },
  {
    "docID": "N176 Lu 2006",
    "et": "Age",
    "off": 15918,
    "sff": "3 d"
  },
  {
    "docID": "N176 Lu 2006",
    "et": "Age",
    "off": 19759,
    "sff": "1 week"
  },
  {
    "docID": "N176 Lu 2006",
    "et": "Age",
    "off": 19600,
    "sff": "1 month"
  },
  {
    "docID": "N176 Lu 2006",
    "et": "Age",
    "off": 13031,
    "sff": "9 d"
  },
  {
    "docID": "N176 Lu 2006",
    "et": "Age",
    "off": 36095,
    "sff": "3 d"
  },
  {
    "docID": "N176 Lu 2006",
    "et": "Age",
    "off": 37326,
    "sff": "6 d"
  },
  {
    "docID": "N176 Lu 2006",
    "et": "Age",
    "off": 26173,
    "sff": "3 d"
  }
]
