[
  {
    "docID": "N177 Luo 2013",
    "et": "Weight",
    "off": 6411,
    "sff": "40–60 mg"
  },
  {
    "docID": "N177 Luo 2013",
    "et": "Weight",
    "off": 12106,
    "sff": "1G"
  },
  {
    "docID": "N177 Luo 2013",
    "et": "Weight",
    "off": 7415,
    "sff": "5 mg"
  },
  {
    "docID": "N177 Luo 2013",
    "et": "Weight",
    "off": 9057,
    "sff": "500 g"
  },
  {
    "docID": "N177 Luo 2013",
    "et": "Weight",
    "off": 12438,
    "sff": "1G"
  },
  {
    "docID": "N177 Luo 2013",
    "et": "Weight",
    "off": 5290,
    "sff": "180–250 g"
  },
  {
    "docID": "N177 Luo 2013",
    "et": "RatModel",
    "off": 7934,
    "sff": "rat"
  },
  {
    "docID": "N177 Luo 2013",
    "et": "RatModel",
    "off": 8268,
    "sff": "rat"
  },
  {
    "docID": "N177 Luo 2013",
    "et": "RatModel",
    "off": 15754,
    "sff": "rat"
  },
  {
    "docID": "N177 Luo 2013",
    "et": "RatModel",
    "off": 8600,
    "sff": "rat"
  },
  {
    "docID": "N177 Luo 2013",
    "et": "RatModel",
    "off": 8534,
    "sff": "rat"
  },
  {
    "docID": "N177 Luo 2013",
    "et": "RatModel",
    "off": 8031,
    "sff": "rat"
  },
  {
    "docID": "N177 Luo 2013",
    "et": "NewZealandRabbit",
    "off": 16443,
    "sff": "new"
  },
  {
    "docID": "N177 Luo 2013",
    "et": "NewZealandRabbit",
    "off": 18685,
    "sff": "new"
  },
  {
    "docID": "N177 Luo 2013",
    "et": "NewZealandRabbit",
    "off": 16784,
    "sff": "new"
  },
  {
    "docID": "N177 Luo 2013",
    "et": "NewZealandRabbit",
    "off": 16309,
    "sff": "new"
  },
  {
    "docID": "N177 Luo 2013",
    "et": "NewZealandRabbit",
    "off": 3320,
    "sff": "new"
  },
  {
    "docID": "N177 Luo 2013",
    "et": "SpragueDawleyRat",
    "off": 5262,
    "sff": "Sprague-Dawleyrats"
  },
  {
    "docID": "N177 Luo 2013",
    "et": "AgeCategory",
    "off": 5312,
    "sff": "age"
  },
  {
    "docID": "N177 Luo 2013",
    "et": "RatSpecies",
    "off": 8031,
    "sff": "rat"
  },
  {
    "docID": "N177 Luo 2013",
    "et": "RatSpecies",
    "off": 7934,
    "sff": "rat"
  },
  {
    "docID": "N177 Luo 2013",
    "et": "RatSpecies",
    "off": 15754,
    "sff": "rat"
  },
  {
    "docID": "N177 Luo 2013",
    "et": "RatSpecies",
    "off": 8268,
    "sff": "rat"
  },
  {
    "docID": "N177 Luo 2013",
    "et": "RatSpecies",
    "off": 8534,
    "sff": "rat"
  },
  {
    "docID": "N177 Luo 2013",
    "et": "RatSpecies",
    "off": 8600,
    "sff": "rat"
  },
  {
    "docID": "N177 Luo 2013",
    "et": "Adult",
    "off": 5249,
    "sff": "adult"
  },
  {
    "docID": "N177 Luo 2013",
    "et": "Female",
    "off": 5255,
    "sff": "female"
  },
  {
    "docID": "N177 Luo 2013",
    "et": "Age",
    "off": 12357,
    "sff": "3–7 days"
  },
  {
    "docID": "N177 Luo 2013",
    "et": "Age",
    "off": 7607,
    "sff": "2 weeks"
  },
  {
    "docID": "N177 Luo 2013",
    "et": "Age",
    "off": 11455,
    "sff": "1 day"
  },
  {
    "docID": "N177 Luo 2013",
    "et": "Age",
    "off": 8506,
    "sff": "3 days"
  },
  {
    "docID": "N177 Luo 2013",
    "et": "Age",
    "off": 11965,
    "sff": "1 day"
  },
  {
    "docID": "N177 Luo 2013",
    "et": "Age",
    "off": 5321,
    "sff": "90 to 120 days"
  },
  {
    "docID": "N177 Luo 2013",
    "et": "Age",
    "off": 7519,
    "sff": "1 week"
  },
  {
    "docID": "N177 Luo 2013",
    "et": "Age",
    "off": 12639,
    "sff": "seven days"
  },
  {
    "docID": "N177 Luo 2013",
    "et": "Age",
    "off": 7362,
    "sff": "3days"
  }
]
