[
  {
    "docID": "N179 Masgutova 2010",
    "et": "Weight",
    "off": 3687,
    "sff": "200-250 g"
  },
  {
    "docID": "N179 Masgutova 2010",
    "et": "RatModel",
    "off": 6737,
    "sff": "rat"
  },
  {
    "docID": "N179 Masgutova 2010",
    "et": "RatModel",
    "off": 6993,
    "sff": "rat"
  },
  {
    "docID": "N179 Masgutova 2010",
    "et": "RatModel",
    "off": 7458,
    "sff": "rat"
  },
  {
    "docID": "N179 Masgutova 2010",
    "et": "RatModel",
    "off": 7962,
    "sff": "rat"
  },
  {
    "docID": "N179 Masgutova 2010",
    "et": "NewZealandRabbit",
    "off": 2652,
    "sff": "new"
  },
  {
    "docID": "N179 Masgutova 2010",
    "et": "RatSpecies",
    "off": 6737,
    "sff": "rat"
  },
  {
    "docID": "N179 Masgutova 2010",
    "et": "RatSpecies",
    "off": 6993,
    "sff": "rat"
  },
  {
    "docID": "N179 Masgutova 2010",
    "et": "RatSpecies",
    "off": 7458,
    "sff": "rat"
  },
  {
    "docID": "N179 Masgutova 2010",
    "et": "RatSpecies",
    "off": 7962,
    "sff": "rat"
  },
  {
    "docID": "N179 Masgutova 2010",
    "et": "Age",
    "off": 6413,
    "sff": "30 days"
  },
  {
    "docID": "N179 Masgutova 2010",
    "et": "Age",
    "off": 9144,
    "sff": "60 days"
  },
  {
    "docID": "N179 Masgutova 2010",
    "et": "Age",
    "off": 986,
    "sff": "30 days"
  },
  {
    "docID": "N179 Masgutova 2010",
    "et": "Age",
    "off": 6826,
    "sff": "30 days"
  },
  {
    "docID": "N179 Masgutova 2010",
    "et": "Age",
    "off": 9838,
    "sff": "21 day to 53 day"
  },
  {
    "docID": "N179 Masgutova 2010",
    "et": "Age",
    "off": 8870,
    "sff": "30 days"
  },
  {
    "docID": "N179 Masgutova 2010",
    "et": "Age",
    "off": 7568,
    "sff": "60 days"
  },
  {
    "docID": "N179 Masgutova 2010",
    "et": "Age",
    "off": 7023,
    "sff": "60 days"
  },
  {
    "docID": "N179 Masgutova 2010",
    "et": "Age",
    "off": 5026,
    "sff": "60 days"
  }
]
