[
  {
    "docID": "N180 Mayeur 2013",
    "et": "Weight",
    "off": 12295,
    "sff": "300 g"
  },
  {
    "docID": "N180 Mayeur 2013",
    "et": "Weight",
    "off": 12059,
    "sff": "300 g"
  },
  {
    "docID": "N180 Mayeur 2013",
    "et": "Weight",
    "off": 13804,
    "sff": "225–250 g"
  },
  {
    "docID": "N180 Mayeur 2013",
    "et": "Weight",
    "off": 21280,
    "sff": "140–160 g"
  },
  {
    "docID": "N180 Mayeur 2013",
    "et": "Weight",
    "off": 30329,
    "sff": "5G) [38"
  },
  {
    "docID": "N180 Mayeur 2013",
    "et": "CD1_Mouse",
    "off": 26701,
    "sff": "CDP"
  },
  {
    "docID": "N180 Mayeur 2013",
    "et": "CD1_Mouse",
    "off": 26780,
    "sff": "CDP"
  },
  {
    "docID": "N180 Mayeur 2013",
    "et": "CD1_Mouse",
    "off": 17419,
    "sff": "CDP"
  },
  {
    "docID": "N180 Mayeur 2013",
    "et": "CD1_Mouse",
    "off": 26955,
    "sff": "CDP"
  },
  {
    "docID": "N180 Mayeur 2013",
    "et": "CD1_Mouse",
    "off": 17188,
    "sff": "CDP"
  },
  {
    "docID": "N180 Mayeur 2013",
    "et": "CD1_Mouse",
    "off": 26531,
    "sff": "CDP"
  },
  {
    "docID": "N180 Mayeur 2013",
    "et": "RatModel",
    "off": 9304,
    "sff": "rat"
  },
  {
    "docID": "N180 Mayeur 2013",
    "et": "RatModel",
    "off": 8050,
    "sff": "rat"
  },
  {
    "docID": "N180 Mayeur 2013",
    "et": "RatModel",
    "off": 9460,
    "sff": "rat"
  },
  {
    "docID": "N180 Mayeur 2013",
    "et": "NewZealandRabbit",
    "off": 6045,
    "sff": "new"
  },
  {
    "docID": "N180 Mayeur 2013",
    "et": "RatSpecies",
    "off": 8050,
    "sff": "rat"
  },
  {
    "docID": "N180 Mayeur 2013",
    "et": "RatSpecies",
    "off": 9460,
    "sff": "rat"
  },
  {
    "docID": "N180 Mayeur 2013",
    "et": "RatSpecies",
    "off": 9304,
    "sff": "rat"
  },
  {
    "docID": "N180 Mayeur 2013",
    "et": "CD2_Mouse",
    "off": 17419,
    "sff": "CDP"
  },
  {
    "docID": "N180 Mayeur 2013",
    "et": "CD2_Mouse",
    "off": 26955,
    "sff": "CDP"
  },
  {
    "docID": "N180 Mayeur 2013",
    "et": "CD2_Mouse",
    "off": 26780,
    "sff": "CDP"
  },
  {
    "docID": "N180 Mayeur 2013",
    "et": "CD2_Mouse",
    "off": 26701,
    "sff": "CDP"
  },
  {
    "docID": "N180 Mayeur 2013",
    "et": "CD2_Mouse",
    "off": 26531,
    "sff": "CDP"
  },
  {
    "docID": "N180 Mayeur 2013",
    "et": "CD2_Mouse",
    "off": 17188,
    "sff": "CDP"
  },
  {
    "docID": "N180 Mayeur 2013",
    "et": "Male",
    "off": 7522,
    "sff": "male"
  },
  {
    "docID": "N180 Mayeur 2013",
    "et": "FischerRat",
    "off": 7534,
    "sff": "Fischer"
  },
  {
    "docID": "N180 Mayeur 2013",
    "et": "FischerRat",
    "off": 13783,
    "sff": "Fischer"
  },
  {
    "docID": "N180 Mayeur 2013",
    "et": "Adult",
    "off": 43374,
    "sff": "adult"
  },
  {
    "docID": "N180 Mayeur 2013",
    "et": "Adult",
    "off": 13777,
    "sff": "adult"
  },
  {
    "docID": "N180 Mayeur 2013",
    "et": "Adult",
    "off": 43017,
    "sff": "adult"
  },
  {
    "docID": "N180 Mayeur 2013",
    "et": "LongEvansRat",
    "off": 43350,
    "sff": "long"
  },
  {
    "docID": "N180 Mayeur 2013",
    "et": "Age",
    "off": 33448,
    "sff": "60 days"
  },
  {
    "docID": "N180 Mayeur 2013",
    "et": "Age",
    "off": 6455,
    "sff": "5 days"
  },
  {
    "docID": "N180 Mayeur 2013",
    "et": "Age",
    "off": 17002,
    "sff": "60 days"
  },
  {
    "docID": "N180 Mayeur 2013",
    "et": "Age",
    "off": 13285,
    "sff": "60 days"
  },
  {
    "docID": "N180 Mayeur 2013",
    "et": "Age",
    "off": 10617,
    "sff": "Ten days"
  },
  {
    "docID": "N180 Mayeur 2013",
    "et": "Age",
    "off": 13131,
    "sff": "2D"
  },
  {
    "docID": "N180 Mayeur 2013",
    "et": "Age",
    "off": 21176,
    "sff": "7 days"
  },
  {
    "docID": "N180 Mayeur 2013",
    "et": "Age",
    "off": 26284,
    "sff": "60 days"
  },
  {
    "docID": "N180 Mayeur 2013",
    "et": "Age",
    "off": 16878,
    "sff": "60 days"
  },
  {
    "docID": "N180 Mayeur 2013",
    "et": "Age",
    "off": 6873,
    "sff": "60 days"
  },
  {
    "docID": "N180 Mayeur 2013",
    "et": "Age",
    "off": 36441,
    "sff": "60 days"
  },
  {
    "docID": "N180 Mayeur 2013",
    "et": "Age",
    "off": 23156,
    "sff": "14 days"
  },
  {
    "docID": "N180 Mayeur 2013",
    "et": "Age",
    "off": 36655,
    "sff": "Seven days"
  },
  {
    "docID": "N180 Mayeur 2013",
    "et": "Age",
    "off": 16800,
    "sff": "60 days"
  },
  {
    "docID": "N180 Mayeur 2013",
    "et": "Age",
    "off": 25544,
    "sff": "7 days"
  },
  {
    "docID": "N180 Mayeur 2013",
    "et": "Age",
    "off": 2787,
    "sff": "60 days"
  },
  {
    "docID": "N180 Mayeur 2013",
    "et": "Age",
    "off": 6755,
    "sff": "60 days"
  },
  {
    "docID": "N180 Mayeur 2013",
    "et": "Age",
    "off": 34268,
    "sff": "60 days"
  },
  {
    "docID": "N180 Mayeur 2013",
    "et": "Age",
    "off": 24350,
    "sff": "60 days"
  },
  {
    "docID": "N180 Mayeur 2013",
    "et": "Age",
    "off": 7071,
    "sff": "7 days"
  },
  {
    "docID": "N180 Mayeur 2013",
    "et": "Age",
    "off": 34376,
    "sff": "60 days"
  },
  {
    "docID": "N180 Mayeur 2013",
    "et": "Age",
    "off": 13304,
    "sff": "five days"
  },
  {
    "docID": "N180 Mayeur 2013",
    "et": "Age",
    "off": 7236,
    "sff": "60 days"
  },
  {
    "docID": "N180 Mayeur 2013",
    "et": "Age",
    "off": 16231,
    "sff": "two weeks"
  },
  {
    "docID": "N180 Mayeur 2013",
    "et": "Age",
    "off": 9034,
    "sff": "Five days"
  },
  {
    "docID": "N180 Mayeur 2013",
    "et": "Age",
    "off": 37013,
    "sff": "7 days"
  },
  {
    "docID": "N180 Mayeur 2013",
    "et": "Age",
    "off": 42385,
    "sff": "60 days"
  },
  {
    "docID": "N180 Mayeur 2013",
    "et": "Age",
    "off": 22543,
    "sff": "60 days"
  },
  {
    "docID": "N180 Mayeur 2013",
    "et": "Age",
    "off": 9842,
    "sff": "Five days"
  },
  {
    "docID": "N180 Mayeur 2013",
    "et": "Age",
    "off": 22395,
    "sff": "60 days"
  },
  {
    "docID": "N180 Mayeur 2013",
    "et": "Age",
    "off": 22886,
    "sff": "10 days"
  },
  {
    "docID": "N180 Mayeur 2013",
    "et": "Age",
    "off": 7489,
    "sff": "8-weeks old"
  },
  {
    "docID": "N180 Mayeur 2013",
    "et": "Age",
    "off": 11103,
    "sff": "1 week"
  },
  {
    "docID": "N180 Mayeur 2013",
    "et": "Age",
    "off": 10826,
    "sff": "one week"
  },
  {
    "docID": "N180 Mayeur 2013",
    "et": "Age",
    "off": 33984,
    "sff": "60 days"
  },
  {
    "docID": "N180 Mayeur 2013",
    "et": "Age",
    "off": 34056,
    "sff": "30 days"
  },
  {
    "docID": "N180 Mayeur 2013",
    "et": "Age",
    "off": 32678,
    "sff": "7 days"
  },
  {
    "docID": "N180 Mayeur 2013",
    "et": "Age",
    "off": 7508,
    "sff": "3–4 weeks old"
  },
  {
    "docID": "N180 Mayeur 2013",
    "et": "Age",
    "off": 9024,
    "sff": "two days"
  }
]
