[
  {
    "docID": "N183 Moreno-Flores 2006",
    "et": "Weight",
    "off": 19817,
    "sff": "5G"
  },
  {
    "docID": "N183 Moreno-Flores 2006",
    "et": "Weight",
    "off": 18961,
    "sff": "4G"
  },
  {
    "docID": "N183 Moreno-Flores 2006",
    "et": "RatModel",
    "off": 5084,
    "sff": "rat"
  },
  {
    "docID": "N183 Moreno-Flores 2006",
    "et": "RatModel",
    "off": 825,
    "sff": "rat"
  },
  {
    "docID": "N183 Moreno-Flores 2006",
    "et": "RatModel",
    "off": 32041,
    "sff": "rat"
  },
  {
    "docID": "N183 Moreno-Flores 2006",
    "et": "RatModel",
    "off": 4580,
    "sff": "rat"
  },
  {
    "docID": "N183 Moreno-Flores 2006",
    "et": "RatModel",
    "off": 14545,
    "sff": "rat"
  },
  {
    "docID": "N183 Moreno-Flores 2006",
    "et": "RatModel",
    "off": 13501,
    "sff": "rat"
  },
  {
    "docID": "N183 Moreno-Flores 2006",
    "et": "NewZealandRabbit",
    "off": 2716,
    "sff": "new"
  },
  {
    "docID": "N183 Moreno-Flores 2006",
    "et": "NewZealandRabbit",
    "off": 30925,
    "sff": "new"
  },
  {
    "docID": "N183 Moreno-Flores 2006",
    "et": "RabbitSpecies",
    "off": 35399,
    "sff": "rabbit"
  },
  {
    "docID": "N183 Moreno-Flores 2006",
    "et": "Mixed",
    "off": 3847,
    "sff": "mixed"
  },
  {
    "docID": "N183 Moreno-Flores 2006",
    "et": "Mixed",
    "off": 23862,
    "sff": "mixed"
  },
  {
    "docID": "N183 Moreno-Flores 2006",
    "et": "MouseModel",
    "off": 35229,
    "sff": "mouse"
  },
  {
    "docID": "N183 Moreno-Flores 2006",
    "et": "RabbitModel",
    "off": 35399,
    "sff": "rabbit"
  },
  {
    "docID": "N183 Moreno-Flores 2006",
    "et": "WistarRat",
    "off": 32797,
    "sff": "Wistar"
  },
  {
    "docID": "N183 Moreno-Flores 2006",
    "et": "WistarRat",
    "off": 32797,
    "sff": "Wistar rats"
  },
  {
    "docID": "N183 Moreno-Flores 2006",
    "et": "RatSpecies",
    "off": 13501,
    "sff": "rat"
  },
  {
    "docID": "N183 Moreno-Flores 2006",
    "et": "RatSpecies",
    "off": 5084,
    "sff": "rat"
  },
  {
    "docID": "N183 Moreno-Flores 2006",
    "et": "RatSpecies",
    "off": 825,
    "sff": "rat"
  },
  {
    "docID": "N183 Moreno-Flores 2006",
    "et": "RatSpecies",
    "off": 32041,
    "sff": "rat"
  },
  {
    "docID": "N183 Moreno-Flores 2006",
    "et": "RatSpecies",
    "off": 4580,
    "sff": "rat"
  },
  {
    "docID": "N183 Moreno-Flores 2006",
    "et": "RatSpecies",
    "off": 14545,
    "sff": "rat"
  },
  {
    "docID": "N183 Moreno-Flores 2006",
    "et": "Male",
    "off": 32792,
    "sff": "male"
  },
  {
    "docID": "N183 Moreno-Flores 2006",
    "et": "MouseSpecies",
    "off": 35229,
    "sff": "mouse"
  },
  {
    "docID": "N183 Moreno-Flores 2006",
    "et": "Adult",
    "off": 31129,
    "sff": "adult"
  },
  {
    "docID": "N183 Moreno-Flores 2006",
    "et": "Adult",
    "off": 32786,
    "sff": "adult"
  },
  {
    "docID": "N183 Moreno-Flores 2006",
    "et": "Adult",
    "off": 25572,
    "sff": "mature"
  },
  {
    "docID": "N183 Moreno-Flores 2006",
    "et": "Adult",
    "off": 2851,
    "sff": "adult"
  },
  {
    "docID": "N183 Moreno-Flores 2006",
    "et": "Adult",
    "off": 32035,
    "sff": "adult"
  },
  {
    "docID": "N183 Moreno-Flores 2006",
    "et": "Adult",
    "off": 30817,
    "sff": "adult"
  },
  {
    "docID": "N183 Moreno-Flores 2006",
    "et": "Adult",
    "off": 2559,
    "sff": "adult"
  },
  {
    "docID": "N183 Moreno-Flores 2006",
    "et": "LongEvansRat",
    "off": 1976,
    "sff": "long"
  },
  {
    "docID": "N183 Moreno-Flores 2006",
    "et": "LongEvansRat",
    "off": 30648,
    "sff": "long"
  },
  {
    "docID": "N183 Moreno-Flores 2006",
    "et": "LongEvansRat",
    "off": 30605,
    "sff": "long"
  },
  {
    "docID": "N183 Moreno-Flores 2006",
    "et": "LongEvansRat",
    "off": 30972,
    "sff": "long"
  },
  {
    "docID": "N183 Moreno-Flores 2006",
    "et": "Age",
    "off": 33753,
    "sff": "8 weeks"
  },
  {
    "docID": "N183 Moreno-Flores 2006",
    "et": "Age",
    "off": 12382,
    "sff": "10 weeks"
  },
  {
    "docID": "N183 Moreno-Flores 2006",
    "et": "Age",
    "off": 16133,
    "sff": "2 weeks"
  },
  {
    "docID": "N183 Moreno-Flores 2006",
    "et": "Age",
    "off": 7836,
    "sff": "10 weeks"
  },
  {
    "docID": "N183 Moreno-Flores 2006",
    "et": "Age",
    "off": 24534,
    "sff": "8 weeks"
  },
  {
    "docID": "N183 Moreno-Flores 2006",
    "et": "Age",
    "off": 27419,
    "sff": "60 days"
  },
  {
    "docID": "N183 Moreno-Flores 2006",
    "et": "Age",
    "off": 18574,
    "sff": "4 weeks"
  },
  {
    "docID": "N183 Moreno-Flores 2006",
    "et": "Age",
    "off": 34394,
    "sff": "10 weeks"
  },
  {
    "docID": "N183 Moreno-Flores 2006",
    "et": "Age",
    "off": 16399,
    "sff": "2 weeks"
  },
  {
    "docID": "N183 Moreno-Flores 2006",
    "et": "Age",
    "off": 27540,
    "sff": "4 months"
  },
  {
    "docID": "N183 Moreno-Flores 2006",
    "et": "Age",
    "off": 30426,
    "sff": "3 months"
  },
  {
    "docID": "N183 Moreno-Flores 2006",
    "et": "Age",
    "off": 37934,
    "sff": "2 days"
  },
  {
    "docID": "N183 Moreno-Flores 2006",
    "et": "Age",
    "off": 38297,
    "sff": "One week"
  },
  {
    "docID": "N183 Moreno-Flores 2006",
    "et": "Age",
    "off": 21548,
    "sff": "5D"
  },
  {
    "docID": "N183 Moreno-Flores 2006",
    "et": "Age",
    "off": 16011,
    "sff": "10 weeks"
  },
  {
    "docID": "N183 Moreno-Flores 2006",
    "et": "Age",
    "off": 20604,
    "sff": "4 weeks"
  },
  {
    "docID": "N183 Moreno-Flores 2006",
    "et": "Age",
    "off": 18631,
    "sff": "10 weeks"
  },
  {
    "docID": "N183 Moreno-Flores 2006",
    "et": "Age",
    "off": 24161,
    "sff": "8 weeks"
  },
  {
    "docID": "N183 Moreno-Flores 2006",
    "et": "Age",
    "off": 6645,
    "sff": "4 weeks"
  },
  {
    "docID": "N183 Moreno-Flores 2006",
    "et": "Age",
    "off": 14893,
    "sff": "One week"
  },
  {
    "docID": "N183 Moreno-Flores 2006",
    "et": "Age",
    "off": 15468,
    "sff": "1 day"
  },
  {
    "docID": "N183 Moreno-Flores 2006",
    "et": "Age",
    "off": 34276,
    "sff": "8 weeks"
  },
  {
    "docID": "N183 Moreno-Flores 2006",
    "et": "Age",
    "off": 27215,
    "sff": "10 weeks"
  },
  {
    "docID": "N183 Moreno-Flores 2006",
    "et": "Age",
    "off": 37893,
    "sff": "1 week"
  },
  {
    "docID": "N183 Moreno-Flores 2006",
    "et": "Age",
    "off": 18767,
    "sff": "4D"
  },
  {
    "docID": "N183 Moreno-Flores 2006",
    "et": "Age",
    "off": 36432,
    "sff": "10 weeks"
  },
  {
    "docID": "N183 Moreno-Flores 2006",
    "et": "Age",
    "off": 10299,
    "sff": "10 weeks"
  },
  {
    "docID": "N183 Moreno-Flores 2006",
    "et": "Age",
    "off": 19222,
    "sff": "4D"
  },
  {
    "docID": "N183 Moreno-Flores 2006",
    "et": "Age",
    "off": 5178,
    "sff": "10 weeks"
  },
  {
    "docID": "N183 Moreno-Flores 2006",
    "et": "Age",
    "off": 20420,
    "sff": "5D"
  },
  {
    "docID": "N183 Moreno-Flores 2006",
    "et": "Age",
    "off": 16387,
    "sff": "10 weeks"
  },
  {
    "docID": "N183 Moreno-Flores 2006",
    "et": "Age",
    "off": 15151,
    "sff": "2 weeks"
  },
  {
    "docID": "N183 Moreno-Flores 2006",
    "et": "Age",
    "off": 1279,
    "sff": "10 weeks"
  },
  {
    "docID": "N183 Moreno-Flores 2006",
    "et": "Age",
    "off": 15209,
    "sff": "4 weeks"
  },
  {
    "docID": "N183 Moreno-Flores 2006",
    "et": "Age",
    "off": 15579,
    "sff": "4 weeks"
  },
  {
    "docID": "N183 Moreno-Flores 2006",
    "et": "Age",
    "off": 16685,
    "sff": "10 weeks"
  },
  {
    "docID": "N183 Moreno-Flores 2006",
    "et": "Age",
    "off": 16494,
    "sff": "10 weeks"
  },
  {
    "docID": "N183 Moreno-Flores 2006",
    "et": "Age",
    "off": 30381,
    "sff": "3 months"
  },
  {
    "docID": "N183 Moreno-Flores 2006",
    "et": "Age",
    "off": 21834,
    "sff": "5D"
  },
  {
    "docID": "N183 Moreno-Flores 2006",
    "et": "Age",
    "off": 16600,
    "sff": "2 weeks"
  },
  {
    "docID": "N183 Moreno-Flores 2006",
    "et": "Age",
    "off": 23052,
    "sff": "8 weeks"
  },
  {
    "docID": "N183 Moreno-Flores 2006",
    "et": "Age",
    "off": 26529,
    "sff": "4 weeks"
  },
  {
    "docID": "N183 Moreno-Flores 2006",
    "et": "Age",
    "off": 16550,
    "sff": "2D"
  },
  {
    "docID": "N183 Moreno-Flores 2006",
    "et": "Age",
    "off": 23626,
    "sff": "8 weeks"
  },
  {
    "docID": "N183 Moreno-Flores 2006",
    "et": "Age",
    "off": 17523,
    "sff": "10 weeks"
  },
  {
    "docID": "N183 Moreno-Flores 2006",
    "et": "Age",
    "off": 11828,
    "sff": "10 weeks"
  },
  {
    "docID": "N183 Moreno-Flores 2006",
    "et": "Age",
    "off": 20783,
    "sff": "10 weeks"
  },
  {
    "docID": "N183 Moreno-Flores 2006",
    "et": "Age",
    "off": 27402,
    "sff": "28 days"
  }
]
