[
  {
    "docID": "N184 Moriwaki 2014",
    "et": "Weight",
    "off": 8869,
    "sff": "5 mg"
  },
  {
    "docID": "N184 Moriwaki 2014",
    "et": "Weight",
    "off": 8894,
    "sff": "5 mg"
  },
  {
    "docID": "N184 Moriwaki 2014",
    "et": "Weight",
    "off": 8949,
    "sff": "10 mg"
  },
  {
    "docID": "N184 Moriwaki 2014",
    "et": "RatModel",
    "off": 18531,
    "sff": "rat"
  },
  {
    "docID": "N184 Moriwaki 2014",
    "et": "RatModel",
    "off": 8553,
    "sff": "rat"
  },
  {
    "docID": "N184 Moriwaki 2014",
    "et": "RatModel",
    "off": 22057,
    "sff": "rat"
  },
  {
    "docID": "N184 Moriwaki 2014",
    "et": "RatModel",
    "off": 4966,
    "sff": "Rat"
  },
  {
    "docID": "N184 Moriwaki 2014",
    "et": "RatModel",
    "off": 20187,
    "sff": "rat"
  },
  {
    "docID": "N184 Moriwaki 2014",
    "et": "RatModel",
    "off": 511,
    "sff": "rat"
  },
  {
    "docID": "N184 Moriwaki 2014",
    "et": "NewZealandRabbit",
    "off": 6062,
    "sff": "New"
  },
  {
    "docID": "N184 Moriwaki 2014",
    "et": "SpragueDawleyRat",
    "off": 5225,
    "sff": "Sprague-Dawley rats"
  },
  {
    "docID": "N184 Moriwaki 2014",
    "et": "SpragueDawleyRat",
    "off": 5225,
    "sff": "Sprague-Dawley"
  },
  {
    "docID": "N184 Moriwaki 2014",
    "et": "RatSpecies",
    "off": 511,
    "sff": "rat"
  },
  {
    "docID": "N184 Moriwaki 2014",
    "et": "RatSpecies",
    "off": 8553,
    "sff": "rat"
  },
  {
    "docID": "N184 Moriwaki 2014",
    "et": "RatSpecies",
    "off": 22057,
    "sff": "rat"
  },
  {
    "docID": "N184 Moriwaki 2014",
    "et": "RatSpecies",
    "off": 20187,
    "sff": "rat"
  },
  {
    "docID": "N184 Moriwaki 2014",
    "et": "RatSpecies",
    "off": 4966,
    "sff": "Rat"
  },
  {
    "docID": "N184 Moriwaki 2014",
    "et": "RatSpecies",
    "off": 18531,
    "sff": "rat"
  },
  {
    "docID": "N184 Moriwaki 2014",
    "et": "Male",
    "off": 5220,
    "sff": "male"
  },
  {
    "docID": "N184 Moriwaki 2014",
    "et": "Adult",
    "off": 25114,
    "sff": "adult"
  },
  {
    "docID": "N184 Moriwaki 2014",
    "et": "Adult",
    "off": 5214,
    "sff": "adult"
  },
  {
    "docID": "N184 Moriwaki 2014",
    "et": "Age",
    "off": 8985,
    "sff": "12 weeks"
  },
  {
    "docID": "N184 Moriwaki 2014",
    "et": "Age",
    "off": 19063,
    "sff": "10 weeks"
  },
  {
    "docID": "N184 Moriwaki 2014",
    "et": "Age",
    "off": 6419,
    "sff": "One week"
  },
  {
    "docID": "N184 Moriwaki 2014",
    "et": "Age",
    "off": 5246,
    "sff": "8-week old"
  },
  {
    "docID": "N184 Moriwaki 2014",
    "et": "Age",
    "off": 9064,
    "sff": "Ten weeks"
  },
  {
    "docID": "N184 Moriwaki 2014",
    "et": "Age",
    "off": 943,
    "sff": "Two weeks"
  },
  {
    "docID": "N184 Moriwaki 2014",
    "et": "Age",
    "off": 1187,
    "sff": "Eleven weeks"
  },
  {
    "docID": "N184 Moriwaki 2014",
    "et": "Age",
    "off": 13302,
    "sff": "14 days"
  },
  {
    "docID": "N184 Moriwaki 2014",
    "et": "Age",
    "off": 14076,
    "sff": "2D"
  },
  {
    "docID": "N184 Moriwaki 2014",
    "et": "Age",
    "off": 17351,
    "sff": "10 weeks"
  },
  {
    "docID": "N184 Moriwaki 2014",
    "et": "Age",
    "off": 6548,
    "sff": "Ten weeks"
  },
  {
    "docID": "N184 Moriwaki 2014",
    "et": "Age",
    "off": 9963,
    "sff": "Eleven weeks"
  },
  {
    "docID": "N184 Moriwaki 2014",
    "et": "Age",
    "off": 6399,
    "sff": "10 weeks"
  },
  {
    "docID": "N184 Moriwaki 2014",
    "et": "Age",
    "off": 1113,
    "sff": "Ten weeks"
  },
  {
    "docID": "N184 Moriwaki 2014",
    "et": "Age",
    "off": 1330,
    "sff": "Twelve weeks"
  },
  {
    "docID": "N184 Moriwaki 2014",
    "et": "Age",
    "off": 10802,
    "sff": "Twelve weeks"
  }
]
