[
  {
    "docID": "N185 Munoz-Quiles 2009",
    "et": "Weight",
    "off": 5194,
    "sff": "200-230 g"
  },
  {
    "docID": "N185 Munoz-Quiles 2009",
    "et": "Weight",
    "off": 7301,
    "sff": "200 mg"
  },
  {
    "docID": "N185 Munoz-Quiles 2009",
    "et": "RatModel",
    "off": 21566,
    "sff": "rat"
  },
  {
    "docID": "N185 Munoz-Quiles 2009",
    "et": "RatModel",
    "off": 35768,
    "sff": "rat"
  },
  {
    "docID": "N185 Munoz-Quiles 2009",
    "et": "RatModel",
    "off": 24167,
    "sff": "rat"
  },
  {
    "docID": "N185 Munoz-Quiles 2009",
    "et": "RatModel",
    "off": 36007,
    "sff": "rat"
  },
  {
    "docID": "N185 Munoz-Quiles 2009",
    "et": "RatModel",
    "off": 13491,
    "sff": "rat"
  },
  {
    "docID": "N185 Munoz-Quiles 2009",
    "et": "RatModel",
    "off": 17747,
    "sff": "rat"
  },
  {
    "docID": "N185 Munoz-Quiles 2009",
    "et": "RatModel",
    "off": 14181,
    "sff": "rat"
  },
  {
    "docID": "N185 Munoz-Quiles 2009",
    "et": "RatModel",
    "off": 35392,
    "sff": "rat"
  },
  {
    "docID": "N185 Munoz-Quiles 2009",
    "et": "RatModel",
    "off": 16223,
    "sff": "rat"
  },
  {
    "docID": "N185 Munoz-Quiles 2009",
    "et": "RatModel",
    "off": 17551,
    "sff": "rat"
  },
  {
    "docID": "N185 Munoz-Quiles 2009",
    "et": "RatModel",
    "off": 21761,
    "sff": "rat"
  },
  {
    "docID": "N185 Munoz-Quiles 2009",
    "et": "Patient",
    "off": 40849,
    "sff": "patient"
  },
  {
    "docID": "N185 Munoz-Quiles 2009",
    "et": "Patient",
    "off": 1226,
    "sff": "patient"
  },
  {
    "docID": "N185 Munoz-Quiles 2009",
    "et": "Patient",
    "off": 41686,
    "sff": "patient"
  },
  {
    "docID": "N185 Munoz-Quiles 2009",
    "et": "NewZealandRabbit",
    "off": 30160,
    "sff": "new"
  },
  {
    "docID": "N185 Munoz-Quiles 2009",
    "et": "NewZealandRabbit",
    "off": 1343,
    "sff": "new"
  },
  {
    "docID": "N185 Munoz-Quiles 2009",
    "et": "RabbitSpecies",
    "off": 11504,
    "sff": "rabbit"
  },
  {
    "docID": "N185 Munoz-Quiles 2009",
    "et": "RabbitSpecies",
    "off": 11765,
    "sff": "rabbit"
  },
  {
    "docID": "N185 Munoz-Quiles 2009",
    "et": "Young",
    "off": 40828,
    "sff": "young"
  },
  {
    "docID": "N185 Munoz-Quiles 2009",
    "et": "Young",
    "off": 40233,
    "sff": "young"
  },
  {
    "docID": "N185 Munoz-Quiles 2009",
    "et": "Aged",
    "off": 8361,
    "sff": "aged"
  },
  {
    "docID": "N185 Munoz-Quiles 2009",
    "et": "Aged",
    "off": 5166,
    "sff": "aged"
  },
  {
    "docID": "N185 Munoz-Quiles 2009",
    "et": "MouseModel",
    "off": 11657,
    "sff": "mouse"
  },
  {
    "docID": "N185 Munoz-Quiles 2009",
    "et": "RabbitModel",
    "off": 11765,
    "sff": "rabbit"
  },
  {
    "docID": "N185 Munoz-Quiles 2009",
    "et": "RabbitModel",
    "off": 11504,
    "sff": "rabbit"
  },
  {
    "docID": "N185 Munoz-Quiles 2009",
    "et": "AgeCategory",
    "off": 40207,
    "sff": "age"
  },
  {
    "docID": "N185 Munoz-Quiles 2009",
    "et": "WistarRat",
    "off": 5144,
    "sff": "Wistar"
  },
  {
    "docID": "N185 Munoz-Quiles 2009",
    "et": "WistarRat",
    "off": 4303,
    "sff": "Wistar"
  },
  {
    "docID": "N185 Munoz-Quiles 2009",
    "et": "RatSpecies",
    "off": 21761,
    "sff": "rat"
  },
  {
    "docID": "N185 Munoz-Quiles 2009",
    "et": "RatSpecies",
    "off": 35392,
    "sff": "rat"
  },
  {
    "docID": "N185 Munoz-Quiles 2009",
    "et": "RatSpecies",
    "off": 16223,
    "sff": "rat"
  },
  {
    "docID": "N185 Munoz-Quiles 2009",
    "et": "RatSpecies",
    "off": 17551,
    "sff": "rat"
  },
  {
    "docID": "N185 Munoz-Quiles 2009",
    "et": "RatSpecies",
    "off": 21566,
    "sff": "rat"
  },
  {
    "docID": "N185 Munoz-Quiles 2009",
    "et": "RatSpecies",
    "off": 14181,
    "sff": "rat"
  },
  {
    "docID": "N185 Munoz-Quiles 2009",
    "et": "RatSpecies",
    "off": 13491,
    "sff": "rat"
  },
  {
    "docID": "N185 Munoz-Quiles 2009",
    "et": "RatSpecies",
    "off": 17747,
    "sff": "rat"
  },
  {
    "docID": "N185 Munoz-Quiles 2009",
    "et": "RatSpecies",
    "off": 35768,
    "sff": "rat"
  },
  {
    "docID": "N185 Munoz-Quiles 2009",
    "et": "RatSpecies",
    "off": 24167,
    "sff": "rat"
  },
  {
    "docID": "N185 Munoz-Quiles 2009",
    "et": "RatSpecies",
    "off": 36007,
    "sff": "rat"
  },
  {
    "docID": "N185 Munoz-Quiles 2009",
    "et": "MouseSpecies",
    "off": 11657,
    "sff": "mouse"
  },
  {
    "docID": "N185 Munoz-Quiles 2009",
    "et": "Adult",
    "off": 39165,
    "sff": "adult"
  },
  {
    "docID": "N185 Munoz-Quiles 2009",
    "et": "Adult",
    "off": 38815,
    "sff": "adult"
  },
  {
    "docID": "N185 Munoz-Quiles 2009",
    "et": "Adult",
    "off": 40249,
    "sff": "adult"
  },
  {
    "docID": "N185 Munoz-Quiles 2009",
    "et": "Adult",
    "off": 2690,
    "sff": "adult"
  },
  {
    "docID": "N185 Munoz-Quiles 2009",
    "et": "Adult",
    "off": 40834,
    "sff": "adult"
  },
  {
    "docID": "N185 Munoz-Quiles 2009",
    "et": "Adult",
    "off": 5131,
    "sff": "Adult"
  },
  {
    "docID": "N185 Munoz-Quiles 2009",
    "et": "Adult",
    "off": 37763,
    "sff": "adult"
  },
  {
    "docID": "N185 Munoz-Quiles 2009",
    "et": "Adult",
    "off": 41272,
    "sff": "adults"
  },
  {
    "docID": "N185 Munoz-Quiles 2009",
    "et": "Adult",
    "off": 41293,
    "sff": "adult"
  },
  {
    "docID": "N185 Munoz-Quiles 2009",
    "et": "Adult",
    "off": 2156,
    "sff": "adult"
  },
  {
    "docID": "N185 Munoz-Quiles 2009",
    "et": "Adult",
    "off": 40843,
    "sff": "adult"
  },
  {
    "docID": "N185 Munoz-Quiles 2009",
    "et": "Adult",
    "off": 4190,
    "sff": "Adult"
  },
  {
    "docID": "N185 Munoz-Quiles 2009",
    "et": "Adult",
    "off": 39222,
    "sff": "adult"
  },
  {
    "docID": "N185 Munoz-Quiles 2009",
    "et": "Adult",
    "off": 599,
    "sff": "adult"
  },
  {
    "docID": "N185 Munoz-Quiles 2009",
    "et": "Adult",
    "off": 40242,
    "sff": "mature"
  },
  {
    "docID": "N185 Munoz-Quiles 2009",
    "et": "Adult",
    "off": 39539,
    "sff": "adult"
  },
  {
    "docID": "N185 Munoz-Quiles 2009",
    "et": "LongEvansRat",
    "off": 18880,
    "sff": "long"
  },
  {
    "docID": "N185 Munoz-Quiles 2009",
    "et": "Female",
    "off": 5137,
    "sff": "female"
  },
  {
    "docID": "N185 Munoz-Quiles 2009",
    "et": "Age",
    "off": 40216,
    "sff": "1.5 to 10 years"
  },
  {
    "docID": "N185 Munoz-Quiles 2009",
    "et": "Age",
    "off": 4283,
    "sff": "2- to 2.5-month-old"
  },
  {
    "docID": "N185 Munoz-Quiles 2009",
    "et": "Age",
    "off": 39870,
    "sff": "2.5 months"
  },
  {
    "docID": "N185 Munoz-Quiles 2009",
    "et": "Age",
    "off": 8847,
    "sff": "1 month"
  },
  {
    "docID": "N185 Munoz-Quiles 2009",
    "et": "Age",
    "off": 7928,
    "sff": "12 months"
  },
  {
    "docID": "N185 Munoz-Quiles 2009",
    "et": "Age",
    "off": 5750,
    "sff": "4 months"
  },
  {
    "docID": "N185 Munoz-Quiles 2009",
    "et": "Age",
    "off": 4602,
    "sff": "2 days"
  },
  {
    "docID": "N185 Munoz-Quiles 2009",
    "et": "Age",
    "off": 749,
    "sff": "4 months"
  },
  {
    "docID": "N185 Munoz-Quiles 2009",
    "et": "Age",
    "off": 26659,
    "sff": "4 months"
  },
  {
    "docID": "N185 Munoz-Quiles 2009",
    "et": "Age",
    "off": 23742,
    "sff": "5 months"
  },
  {
    "docID": "N185 Munoz-Quiles 2009",
    "et": "Age",
    "off": 6128,
    "sff": "1D"
  },
  {
    "docID": "N185 Munoz-Quiles 2009",
    "et": "Age",
    "off": 35176,
    "sff": "4 months"
  },
  {
    "docID": "N185 Munoz-Quiles 2009",
    "et": "Age",
    "off": 377,
    "sff": "45 days"
  },
  {
    "docID": "N185 Munoz-Quiles 2009",
    "et": "Age",
    "off": 21665,
    "sff": "4 months"
  },
  {
    "docID": "N185 Munoz-Quiles 2009",
    "et": "Age",
    "off": 38774,
    "sff": "45 days"
  },
  {
    "docID": "N185 Munoz-Quiles 2009",
    "et": "Age",
    "off": 27384,
    "sff": "4 months"
  },
  {
    "docID": "N185 Munoz-Quiles 2009",
    "et": "Age",
    "off": 30925,
    "sff": "tend"
  },
  {
    "docID": "N185 Munoz-Quiles 2009",
    "et": "Age",
    "off": 8367,
    "sff": "15 months old"
  },
  {
    "docID": "N185 Munoz-Quiles 2009",
    "et": "Age",
    "off": 41478,
    "sff": "4 months"
  },
  {
    "docID": "N185 Munoz-Quiles 2009",
    "et": "Age",
    "off": 5717,
    "sff": "1 month"
  },
  {
    "docID": "N185 Munoz-Quiles 2009",
    "et": "Age",
    "off": 17220,
    "sff": "4 months"
  },
  {
    "docID": "N185 Munoz-Quiles 2009",
    "et": "Age",
    "off": 19230,
    "sff": "6 months"
  },
  {
    "docID": "N185 Munoz-Quiles 2009",
    "et": "Age",
    "off": 37072,
    "sff": "4 months"
  },
  {
    "docID": "N185 Munoz-Quiles 2009",
    "et": "Age",
    "off": 27114,
    "sff": "2 months"
  },
  {
    "docID": "N185 Munoz-Quiles 2009",
    "et": "Age",
    "off": 22332,
    "sff": "4 months"
  },
  {
    "docID": "N185 Munoz-Quiles 2009",
    "et": "Age",
    "off": 3225,
    "sff": "30 days"
  },
  {
    "docID": "N185 Munoz-Quiles 2009",
    "et": "Age",
    "off": 19540,
    "sff": "12 months"
  },
  {
    "docID": "N185 Munoz-Quiles 2009",
    "et": "Age",
    "off": 26472,
    "sff": "2 months"
  },
  {
    "docID": "N185 Munoz-Quiles 2009",
    "et": "Age",
    "off": 39799,
    "sff": "10 days"
  },
  {
    "docID": "N185 Munoz-Quiles 2009",
    "et": "Age",
    "off": 4410,
    "sff": "7 days"
  },
  {
    "docID": "N185 Munoz-Quiles 2009",
    "et": "Age",
    "off": 25951,
    "sff": "4 months"
  },
  {
    "docID": "N185 Munoz-Quiles 2009",
    "et": "Age",
    "off": 22021,
    "sff": "11.5 months"
  },
  {
    "docID": "N185 Munoz-Quiles 2009",
    "et": "Age",
    "off": 17663,
    "sff": "5 months"
  },
  {
    "docID": "N185 Munoz-Quiles 2009",
    "et": "Age",
    "off": 19192,
    "sff": "2 months"
  },
  {
    "docID": "N185 Munoz-Quiles 2009",
    "et": "Age",
    "off": 3259,
    "sff": "45 days"
  },
  {
    "docID": "N185 Munoz-Quiles 2009",
    "et": "Age",
    "off": 41063,
    "sff": "10 days"
  },
  {
    "docID": "N185 Munoz-Quiles 2009",
    "et": "Age",
    "off": 35113,
    "sff": "4 months"
  },
  {
    "docID": "N185 Munoz-Quiles 2009",
    "et": "Age",
    "off": 8155,
    "sff": "1 year"
  },
  {
    "docID": "N185 Munoz-Quiles 2009",
    "et": "Age",
    "off": 35853,
    "sff": "8 months"
  },
  {
    "docID": "N185 Munoz-Quiles 2009",
    "et": "Age",
    "off": 8727,
    "sff": "1 month old"
  },
  {
    "docID": "N185 Munoz-Quiles 2009",
    "et": "Age",
    "off": 37935,
    "sff": "4 months"
  },
  {
    "docID": "N185 Munoz-Quiles 2009",
    "et": "Age",
    "off": 4826,
    "sff": "2 weeks"
  },
  {
    "docID": "N185 Munoz-Quiles 2009",
    "et": "Age",
    "off": 24481,
    "sff": "7 months"
  },
  {
    "docID": "N185 Munoz-Quiles 2009",
    "et": "Age",
    "off": 25779,
    "sff": "4 months"
  },
  {
    "docID": "N185 Munoz-Quiles 2009",
    "et": "Age",
    "off": 37171,
    "sff": "4 months"
  },
  {
    "docID": "N185 Munoz-Quiles 2009",
    "et": "Age",
    "off": 18204,
    "sff": "7 months"
  },
  {
    "docID": "N185 Munoz-Quiles 2009",
    "et": "Age",
    "off": 8918,
    "sff": "12 months"
  },
  {
    "docID": "N185 Munoz-Quiles 2009",
    "et": "Age",
    "off": 27066,
    "sff": "4 months"
  },
  {
    "docID": "N185 Munoz-Quiles 2009",
    "et": "Age",
    "off": 22231,
    "sff": "1 month"
  }
]
