[
  {
    "docID": "N187 Nash 2002",
    "et": "Weight",
    "off": 6384,
    "sff": "300–400 gm"
  },
  {
    "docID": "N187 Nash 2002",
    "et": "Weight",
    "off": 13716,
    "sff": "3 gm"
  },
  {
    "docID": "N187 Nash 2002",
    "et": "Weight",
    "off": 13726,
    "sff": "100 gm"
  },
  {
    "docID": "N187 Nash 2002",
    "et": "Weight",
    "off": 13005,
    "sff": "190 mg"
  },
  {
    "docID": "N187 Nash 2002",
    "et": "GuineaPigSpecies",
    "off": 43573,
    "sff": "Pig"
  },
  {
    "docID": "N187 Nash 2002",
    "et": "GuineaPigSpecies",
    "off": 43847,
    "sff": "pig"
  },
  {
    "docID": "N187 Nash 2002",
    "et": "RatModel",
    "off": 13483,
    "sff": "rat"
  },
  {
    "docID": "N187 Nash 2002",
    "et": "RatModel",
    "off": 16363,
    "sff": "rat"
  },
  {
    "docID": "N187 Nash 2002",
    "et": "RatModel",
    "off": 43117,
    "sff": "rat"
  },
  {
    "docID": "N187 Nash 2002",
    "et": "RatModel",
    "off": 12264,
    "sff": "rat"
  },
  {
    "docID": "N187 Nash 2002",
    "et": "RatModel",
    "off": 116,
    "sff": "Rat"
  },
  {
    "docID": "N187 Nash 2002",
    "et": "RatModel",
    "off": 6309,
    "sff": "rat"
  },
  {
    "docID": "N187 Nash 2002",
    "et": "RatModel",
    "off": 9781,
    "sff": "rat"
  },
  {
    "docID": "N187 Nash 2002",
    "et": "RatModel",
    "off": 18867,
    "sff": "rat"
  },
  {
    "docID": "N187 Nash 2002",
    "et": "RatModel",
    "off": 16496,
    "sff": "rat"
  },
  {
    "docID": "N187 Nash 2002",
    "et": "RatModel",
    "off": 34862,
    "sff": "rat"
  },
  {
    "docID": "N187 Nash 2002",
    "et": "RatModel",
    "off": 12861,
    "sff": "rat"
  },
  {
    "docID": "N187 Nash 2002",
    "et": "NewZealandRabbit",
    "off": 2695,
    "sff": "new"
  },
  {
    "docID": "N187 Nash 2002",
    "et": "Young",
    "off": 40772,
    "sff": "Young"
  },
  {
    "docID": "N187 Nash 2002",
    "et": "SpragueDawleyRat",
    "off": 6363,
    "sff": "Sprague Dawley"
  },
  {
    "docID": "N187 Nash 2002",
    "et": "SpragueDawleyRat",
    "off": 6363,
    "sff": "Sprague Dawley rats"
  },
  {
    "docID": "N187 Nash 2002",
    "et": "SpragueDawleyRat",
    "off": 2286,
    "sff": "Sprague Dawley rats"
  },
  {
    "docID": "N187 Nash 2002",
    "et": "SpragueDawleyRat",
    "off": 2286,
    "sff": "Sprague Dawley"
  },
  {
    "docID": "N187 Nash 2002",
    "et": "RatSpecies",
    "off": 12861,
    "sff": "rat"
  },
  {
    "docID": "N187 Nash 2002",
    "et": "RatSpecies",
    "off": 43117,
    "sff": "rat"
  },
  {
    "docID": "N187 Nash 2002",
    "et": "RatSpecies",
    "off": 34862,
    "sff": "rat"
  },
  {
    "docID": "N187 Nash 2002",
    "et": "RatSpecies",
    "off": 13483,
    "sff": "rat"
  },
  {
    "docID": "N187 Nash 2002",
    "et": "RatSpecies",
    "off": 16363,
    "sff": "rat"
  },
  {
    "docID": "N187 Nash 2002",
    "et": "RatSpecies",
    "off": 12264,
    "sff": "rat"
  },
  {
    "docID": "N187 Nash 2002",
    "et": "RatSpecies",
    "off": 9781,
    "sff": "rat"
  },
  {
    "docID": "N187 Nash 2002",
    "et": "RatSpecies",
    "off": 18867,
    "sff": "rat"
  },
  {
    "docID": "N187 Nash 2002",
    "et": "RatSpecies",
    "off": 6309,
    "sff": "rat"
  },
  {
    "docID": "N187 Nash 2002",
    "et": "RatSpecies",
    "off": 116,
    "sff": "Rat"
  },
  {
    "docID": "N187 Nash 2002",
    "et": "RatSpecies",
    "off": 16496,
    "sff": "rat"
  },
  {
    "docID": "N187 Nash 2002",
    "et": "Adult",
    "off": 43803,
    "sff": "adult"
  },
  {
    "docID": "N187 Nash 2002",
    "et": "Adult",
    "off": 44282,
    "sff": "adult"
  },
  {
    "docID": "N187 Nash 2002",
    "et": "Adult",
    "off": 44746,
    "sff": "adult"
  },
  {
    "docID": "N187 Nash 2002",
    "et": "Adult",
    "off": 44137,
    "sff": "adult"
  },
  {
    "docID": "N187 Nash 2002",
    "et": "Adult",
    "off": 455,
    "sff": "adult"
  },
  {
    "docID": "N187 Nash 2002",
    "et": "Adult",
    "off": 34856,
    "sff": "adult"
  },
  {
    "docID": "N187 Nash 2002",
    "et": "Adult",
    "off": 43111,
    "sff": "adult"
  },
  {
    "docID": "N187 Nash 2002",
    "et": "Adult",
    "off": 110,
    "sff": "Adult"
  },
  {
    "docID": "N187 Nash 2002",
    "et": "Adult",
    "off": 6357,
    "sff": "adult"
  },
  {
    "docID": "N187 Nash 2002",
    "et": "Adult",
    "off": 6303,
    "sff": "adult"
  },
  {
    "docID": "N187 Nash 2002",
    "et": "Adult",
    "off": 800,
    "sff": "adult"
  },
  {
    "docID": "N187 Nash 2002",
    "et": "Age",
    "off": 30746,
    "sff": "4D"
  },
  {
    "docID": "N187 Nash 2002",
    "et": "Age",
    "off": 2633,
    "sff": "4 weeks"
  },
  {
    "docID": "N187 Nash 2002",
    "et": "Age",
    "off": 30105,
    "sff": "4D"
  },
  {
    "docID": "N187 Nash 2002",
    "et": "Age",
    "off": 6671,
    "sff": "14 d"
  },
  {
    "docID": "N187 Nash 2002",
    "et": "Age",
    "off": 17037,
    "sff": "Seven weeks"
  },
  {
    "docID": "N187 Nash 2002",
    "et": "Age",
    "off": 17053,
    "sff": "3 d"
  },
  {
    "docID": "N187 Nash 2002",
    "et": "Age",
    "off": 25328,
    "sff": "1D"
  },
  {
    "docID": "N187 Nash 2002",
    "et": "Age",
    "off": 29519,
    "sff": "4D"
  },
  {
    "docID": "N187 Nash 2002",
    "et": "Age",
    "off": 24418,
    "sff": "2 weeks"
  },
  {
    "docID": "N187 Nash 2002",
    "et": "Age",
    "off": 32396,
    "sff": "4D"
  },
  {
    "docID": "N187 Nash 2002",
    "et": "Age",
    "off": 15940,
    "sff": "5 d"
  },
  {
    "docID": "N187 Nash 2002",
    "et": "Age",
    "off": 31467,
    "sff": "4D"
  },
  {
    "docID": "N187 Nash 2002",
    "et": "Age",
    "off": 10714,
    "sff": "Seven weeks"
  },
  {
    "docID": "N187 Nash 2002",
    "et": "Age",
    "off": 14696,
    "sff": "5 d"
  },
  {
    "docID": "N187 Nash 2002",
    "et": "Age",
    "off": 30887,
    "sff": "4D"
  },
  {
    "docID": "N187 Nash 2002",
    "et": "Age",
    "off": 2051,
    "sff": "6 weeks"
  },
  {
    "docID": "N187 Nash 2002",
    "et": "Age",
    "off": 13954,
    "sff": "2–3 d"
  },
  {
    "docID": "N187 Nash 2002",
    "et": "Age",
    "off": 889,
    "sff": "6 weeks"
  },
  {
    "docID": "N187 Nash 2002",
    "et": "Age",
    "off": 14734,
    "sff": "5 d"
  },
  {
    "docID": "N187 Nash 2002",
    "et": "Age",
    "off": 11922,
    "sff": "3 d"
  },
  {
    "docID": "N187 Nash 2002",
    "et": "Age",
    "off": 30717,
    "sff": "4D"
  }
]
