[
  {
    "docID": "N189 Novikova 2011",
    "et": "Weight",
    "off": 31430,
    "sff": "3G"
  },
  {
    "docID": "N189 Novikova 2011",
    "et": "Weight",
    "off": 9014,
    "sff": "21 G"
  },
  {
    "docID": "N189 Novikova 2011",
    "et": "Weight",
    "off": 16981,
    "sff": "60 mg"
  },
  {
    "docID": "N189 Novikova 2011",
    "et": "RatModel",
    "off": 6592,
    "sff": "rat"
  },
  {
    "docID": "N189 Novikova 2011",
    "et": "RatModel",
    "off": 44218,
    "sff": "rat"
  },
  {
    "docID": "N189 Novikova 2011",
    "et": "RatModel",
    "off": 38877,
    "sff": "rat"
  },
  {
    "docID": "N189 Novikova 2011",
    "et": "RatModel",
    "off": 40125,
    "sff": "rat"
  },
  {
    "docID": "N189 Novikova 2011",
    "et": "NewZealandRabbit",
    "off": 41667,
    "sff": "new"
  },
  {
    "docID": "N189 Novikova 2011",
    "et": "RabbitSpecies",
    "off": 20998,
    "sff": "rabbit"
  },
  {
    "docID": "N189 Novikova 2011",
    "et": "RabbitSpecies",
    "off": 20932,
    "sff": "rabbit"
  },
  {
    "docID": "N189 Novikova 2011",
    "et": "RabbitSpecies",
    "off": 21112,
    "sff": "rabbit"
  },
  {
    "docID": "N189 Novikova 2011",
    "et": "RabbitSpecies",
    "off": 21054,
    "sff": "rabbit"
  },
  {
    "docID": "N189 Novikova 2011",
    "et": "RabbitSpecies",
    "off": 21169,
    "sff": "rabbit"
  },
  {
    "docID": "N189 Novikova 2011",
    "et": "SpragueDawleyRat",
    "off": 7338,
    "sff": "Sprague–Dawley rats"
  },
  {
    "docID": "N189 Novikova 2011",
    "et": "SpragueDawleyRat",
    "off": 7338,
    "sff": "Sprague–Dawley"
  },
  {
    "docID": "N189 Novikova 2011",
    "et": "MouseModel",
    "off": 20805,
    "sff": "mouse"
  },
  {
    "docID": "N189 Novikova 2011",
    "et": "MouseModel",
    "off": 20885,
    "sff": "mouse"
  },
  {
    "docID": "N189 Novikova 2011",
    "et": "RabbitModel",
    "off": 21112,
    "sff": "rabbit"
  },
  {
    "docID": "N189 Novikova 2011",
    "et": "RabbitModel",
    "off": 21054,
    "sff": "rabbit"
  },
  {
    "docID": "N189 Novikova 2011",
    "et": "RabbitModel",
    "off": 21169,
    "sff": "rabbit"
  },
  {
    "docID": "N189 Novikova 2011",
    "et": "RabbitModel",
    "off": 20998,
    "sff": "rabbit"
  },
  {
    "docID": "N189 Novikova 2011",
    "et": "RabbitModel",
    "off": 20932,
    "sff": "rabbit"
  },
  {
    "docID": "N189 Novikova 2011",
    "et": "AgeCategory",
    "off": 35089,
    "sff": "age"
  },
  {
    "docID": "N189 Novikova 2011",
    "et": "AgeCategory",
    "off": 2055,
    "sff": "age"
  },
  {
    "docID": "N189 Novikova 2011",
    "et": "AgeCategory",
    "off": 38364,
    "sff": "age"
  },
  {
    "docID": "N189 Novikova 2011",
    "et": "AgeCategory",
    "off": 6173,
    "sff": "age"
  },
  {
    "docID": "N189 Novikova 2011",
    "et": "AgeCategory",
    "off": 45916,
    "sff": "age"
  },
  {
    "docID": "N189 Novikova 2011",
    "et": "RatSpecies",
    "off": 6592,
    "sff": "rat"
  },
  {
    "docID": "N189 Novikova 2011",
    "et": "RatSpecies",
    "off": 38877,
    "sff": "rat"
  },
  {
    "docID": "N189 Novikova 2011",
    "et": "RatSpecies",
    "off": 40125,
    "sff": "rat"
  },
  {
    "docID": "N189 Novikova 2011",
    "et": "RatSpecies",
    "off": 44218,
    "sff": "rat"
  },
  {
    "docID": "N189 Novikova 2011",
    "et": "MouseSpecies",
    "off": 20805,
    "sff": "mouse"
  },
  {
    "docID": "N189 Novikova 2011",
    "et": "MouseSpecies",
    "off": 20885,
    "sff": "mouse"
  },
  {
    "docID": "N189 Novikova 2011",
    "et": "Adult",
    "off": 1183,
    "sff": "adult"
  },
  {
    "docID": "N189 Novikova 2011",
    "et": "Adult",
    "off": 37956,
    "sff": "adult"
  },
  {
    "docID": "N189 Novikova 2011",
    "et": "Adult",
    "off": 8027,
    "sff": "Adult"
  },
  {
    "docID": "N189 Novikova 2011",
    "et": "Adult",
    "off": 6586,
    "sff": "adult"
  },
  {
    "docID": "N189 Novikova 2011",
    "et": "Adult",
    "off": 7305,
    "sff": "adult"
  },
  {
    "docID": "N189 Novikova 2011",
    "et": "Adult",
    "off": 6968,
    "sff": "adult"
  },
  {
    "docID": "N189 Novikova 2011",
    "et": "Adult",
    "off": 40119,
    "sff": "adult"
  },
  {
    "docID": "N189 Novikova 2011",
    "et": "Female",
    "off": 8033,
    "sff": "female"
  },
  {
    "docID": "N189 Novikova 2011",
    "et": "Female",
    "off": 7331,
    "sff": "female"
  },
  {
    "docID": "N189 Novikova 2011",
    "et": "Age",
    "off": 17814,
    "sff": "12 weeks"
  },
  {
    "docID": "N189 Novikova 2011",
    "et": "Age",
    "off": 12038,
    "sff": "7 weeks"
  },
  {
    "docID": "N189 Novikova 2011",
    "et": "Age",
    "off": 18653,
    "sff": "13 weeks"
  },
  {
    "docID": "N189 Novikova 2011",
    "et": "Age",
    "off": 27869,
    "sff": "13 weeks"
  },
  {
    "docID": "N189 Novikova 2011",
    "et": "Age",
    "off": 29234,
    "sff": "2 weeks"
  },
  {
    "docID": "N189 Novikova 2011",
    "et": "Age",
    "off": 12570,
    "sff": "2 days"
  },
  {
    "docID": "N189 Novikova 2011",
    "et": "Age",
    "off": 34404,
    "sff": "8–13 weeks"
  },
  {
    "docID": "N189 Novikova 2011",
    "et": "Age",
    "off": 1230,
    "sff": "7 weeks"
  },
  {
    "docID": "N189 Novikova 2011",
    "et": "Age",
    "off": 25403,
    "sff": "3weeks"
  },
  {
    "docID": "N189 Novikova 2011",
    "et": "Age",
    "off": 30918,
    "sff": "8 weeks"
  },
  {
    "docID": "N189 Novikova 2011",
    "et": "Age",
    "off": 33462,
    "sff": "4D"
  },
  {
    "docID": "N189 Novikova 2011",
    "et": "Age",
    "off": 25596,
    "sff": "8 weeks"
  },
  {
    "docID": "N189 Novikova 2011",
    "et": "Age",
    "off": 12235,
    "sff": "20 weeks"
  },
  {
    "docID": "N189 Novikova 2011",
    "et": "Age",
    "off": 28901,
    "sff": "1 week"
  },
  {
    "docID": "N189 Novikova 2011",
    "et": "Age",
    "off": 29774,
    "sff": "13 weeks"
  },
  {
    "docID": "N189 Novikova 2011",
    "et": "Age",
    "off": 29961,
    "sff": "2–3 weeks"
  },
  {
    "docID": "N189 Novikova 2011",
    "et": "Age",
    "off": 7312,
    "sff": "10–12 weeks"
  },
  {
    "docID": "N189 Novikova 2011",
    "et": "Age",
    "off": 34917,
    "sff": "6D"
  },
  {
    "docID": "N189 Novikova 2011",
    "et": "Age",
    "off": 22612,
    "sff": "13 weeks"
  },
  {
    "docID": "N189 Novikova 2011",
    "et": "Age",
    "off": 25091,
    "sff": "7 weeks"
  },
  {
    "docID": "N189 Novikova 2011",
    "et": "Age",
    "off": 30520,
    "sff": "8 weeks"
  },
  {
    "docID": "N189 Novikova 2011",
    "et": "Age",
    "off": 42587,
    "sff": "1 week"
  },
  {
    "docID": "N189 Novikova 2011",
    "et": "Age",
    "off": 11992,
    "sff": "3 weeks"
  },
  {
    "docID": "N189 Novikova 2011",
    "et": "Age",
    "off": 11676,
    "sff": "20 weeks"
  },
  {
    "docID": "N189 Novikova 2011",
    "et": "Age",
    "off": 26030,
    "sff": "8 weeks"
  },
  {
    "docID": "N189 Novikova 2011",
    "et": "Age",
    "off": 15926,
    "sff": "1 week"
  },
  {
    "docID": "N189 Novikova 2011",
    "et": "Age",
    "off": 29432,
    "sff": "11 weeks"
  },
  {
    "docID": "N189 Novikova 2011",
    "et": "Age",
    "off": 26538,
    "sff": "1 week"
  },
  {
    "docID": "N189 Novikova 2011",
    "et": "Age",
    "off": 33493,
    "sff": "4D"
  },
  {
    "docID": "N189 Novikova 2011",
    "et": "Age",
    "off": 1352,
    "sff": "3–8 weeks"
  },
  {
    "docID": "N189 Novikova 2011",
    "et": "Age",
    "off": 33731,
    "sff": "13 weeks"
  },
  {
    "docID": "N189 Novikova 2011",
    "et": "Age",
    "off": 32454,
    "sff": "13 weeks"
  },
  {
    "docID": "N189 Novikova 2011",
    "et": "Age",
    "off": 27398,
    "sff": "13 weeks"
  },
  {
    "docID": "N189 Novikova 2011",
    "et": "Age",
    "off": 15851,
    "sff": "1 week"
  },
  {
    "docID": "N189 Novikova 2011",
    "et": "Age",
    "off": 26475,
    "sff": "1 week"
  },
  {
    "docID": "N189 Novikova 2011",
    "et": "Age",
    "off": 31835,
    "sff": "8 weeks"
  },
  {
    "docID": "N189 Novikova 2011",
    "et": "Age",
    "off": 14502,
    "sff": "2 days"
  },
  {
    "docID": "N189 Novikova 2011",
    "et": "Age",
    "off": 31551,
    "sff": "1 week"
  },
  {
    "docID": "N189 Novikova 2011",
    "et": "Age",
    "off": 40182,
    "sff": "3–5 weeks"
  },
  {
    "docID": "N189 Novikova 2011",
    "et": "Age",
    "off": 29703,
    "sff": "2 weeks"
  },
  {
    "docID": "N189 Novikova 2011",
    "et": "Age",
    "off": 15787,
    "sff": "2–3 weeks"
  },
  {
    "docID": "N189 Novikova 2011",
    "et": "Age",
    "off": 26352,
    "sff": "13 weeks"
  },
  {
    "docID": "N189 Novikova 2011",
    "et": "Age",
    "off": 30096,
    "sff": "Three weeks"
  },
  {
    "docID": "N189 Novikova 2011",
    "et": "Age",
    "off": 17144,
    "sff": "1 week"
  },
  {
    "docID": "N189 Novikova 2011",
    "et": "Age",
    "off": 19269,
    "sff": "2–3 days"
  },
  {
    "docID": "N189 Novikova 2011",
    "et": "Age",
    "off": 1207,
    "sff": "3 weeks"
  }
]
