[
  {
    "docID": "N190 Pearse 2004",
    "et": "Weight",
    "off": 14120,
    "sff": "0.09 mg"
  },
  {
    "docID": "N190 Pearse 2004",
    "et": "Weight",
    "off": 14098,
    "sff": "0.51 mg"
  },
  {
    "docID": "N190 Pearse 2004",
    "et": "Weight",
    "off": 8857,
    "sff": "100 mg"
  },
  {
    "docID": "N190 Pearse 2004",
    "et": "Weight",
    "off": 14080,
    "sff": "2.57 mg"
  },
  {
    "docID": "N190 Pearse 2004",
    "et": "Weight",
    "off": 9615,
    "sff": "10.0-g"
  },
  {
    "docID": "N190 Pearse 2004",
    "et": "Weight",
    "off": 14145,
    "sff": "50 g"
  },
  {
    "docID": "N190 Pearse 2004",
    "et": "Weight",
    "off": 8258,
    "sff": "160-180 g"
  },
  {
    "docID": "N190 Pearse 2004",
    "et": "RatModel",
    "off": 17874,
    "sff": "rat"
  },
  {
    "docID": "N190 Pearse 2004",
    "et": "RatModel",
    "off": 29976,
    "sff": "rat"
  },
  {
    "docID": "N190 Pearse 2004",
    "et": "RatModel",
    "off": 39611,
    "sff": "rat"
  },
  {
    "docID": "N190 Pearse 2004",
    "et": "RatModel",
    "off": 16397,
    "sff": "rat"
  },
  {
    "docID": "N190 Pearse 2004",
    "et": "RatModel",
    "off": 18061,
    "sff": "rat"
  },
  {
    "docID": "N190 Pearse 2004",
    "et": "RatModel",
    "off": 764,
    "sff": "rat"
  },
  {
    "docID": "N190 Pearse 2004",
    "et": "RatModel",
    "off": 6275,
    "sff": "rat"
  },
  {
    "docID": "N190 Pearse 2004",
    "et": "RatModel",
    "off": 31591,
    "sff": "rat"
  },
  {
    "docID": "N190 Pearse 2004",
    "et": "RatModel",
    "off": 19905,
    "sff": "rat"
  },
  {
    "docID": "N190 Pearse 2004",
    "et": "RatModel",
    "off": 48200,
    "sff": "rat"
  },
  {
    "docID": "N190 Pearse 2004",
    "et": "RatModel",
    "off": 45900,
    "sff": "rat"
  },
  {
    "docID": "N190 Pearse 2004",
    "et": "RatModel",
    "off": 30429,
    "sff": "rat"
  },
  {
    "docID": "N190 Pearse 2004",
    "et": "RatModel",
    "off": 3625,
    "sff": "rat"
  },
  {
    "docID": "N190 Pearse 2004",
    "et": "NewZealandRabbit",
    "off": 6901,
    "sff": "new"
  },
  {
    "docID": "N190 Pearse 2004",
    "et": "NewZealandRabbit",
    "off": 9142,
    "sff": "New"
  },
  {
    "docID": "N190 Pearse 2004",
    "et": "NewZealandRabbit",
    "off": 7242,
    "sff": "new"
  },
  {
    "docID": "N190 Pearse 2004",
    "et": "RabbitSpecies",
    "off": 19213,
    "sff": "rabbit"
  },
  {
    "docID": "N190 Pearse 2004",
    "et": "RabbitSpecies",
    "off": 18662,
    "sff": "rabbit"
  },
  {
    "docID": "N190 Pearse 2004",
    "et": "Young",
    "off": 41764,
    "sff": "Young"
  },
  {
    "docID": "N190 Pearse 2004",
    "et": "Young",
    "off": 41922,
    "sff": "Young"
  },
  {
    "docID": "N190 Pearse 2004",
    "et": "SpragueDawleyRat",
    "off": 48185,
    "sff": "Sprague-Dawley rat"
  },
  {
    "docID": "N190 Pearse 2004",
    "et": "SpragueDawleyRat",
    "off": 48185,
    "sff": "Sprague-Dawley"
  },
  {
    "docID": "N190 Pearse 2004",
    "et": "MouseModel",
    "off": 18642,
    "sff": "mouse"
  },
  {
    "docID": "N190 Pearse 2004",
    "et": "RabbitModel",
    "off": 19213,
    "sff": "rabbit"
  },
  {
    "docID": "N190 Pearse 2004",
    "et": "RabbitModel",
    "off": 18662,
    "sff": "rabbit"
  },
  {
    "docID": "N190 Pearse 2004",
    "et": "RatSpecies",
    "off": 17874,
    "sff": "rat"
  },
  {
    "docID": "N190 Pearse 2004",
    "et": "RatSpecies",
    "off": 764,
    "sff": "rat"
  },
  {
    "docID": "N190 Pearse 2004",
    "et": "RatSpecies",
    "off": 30429,
    "sff": "rat"
  },
  {
    "docID": "N190 Pearse 2004",
    "et": "RatSpecies",
    "off": 39611,
    "sff": "rat"
  },
  {
    "docID": "N190 Pearse 2004",
    "et": "RatSpecies",
    "off": 29976,
    "sff": "rat"
  },
  {
    "docID": "N190 Pearse 2004",
    "et": "RatSpecies",
    "off": 31591,
    "sff": "rat"
  },
  {
    "docID": "N190 Pearse 2004",
    "et": "RatSpecies",
    "off": 6275,
    "sff": "rat"
  },
  {
    "docID": "N190 Pearse 2004",
    "et": "RatSpecies",
    "off": 19905,
    "sff": "rat"
  },
  {
    "docID": "N190 Pearse 2004",
    "et": "RatSpecies",
    "off": 45900,
    "sff": "rat"
  },
  {
    "docID": "N190 Pearse 2004",
    "et": "RatSpecies",
    "off": 16397,
    "sff": "rat"
  },
  {
    "docID": "N190 Pearse 2004",
    "et": "RatSpecies",
    "off": 18061,
    "sff": "rat"
  },
  {
    "docID": "N190 Pearse 2004",
    "et": "RatSpecies",
    "off": 48200,
    "sff": "rat"
  },
  {
    "docID": "N190 Pearse 2004",
    "et": "RatSpecies",
    "off": 3625,
    "sff": "rat"
  },
  {
    "docID": "N190 Pearse 2004",
    "et": "MouseSpecies",
    "off": 18642,
    "sff": "mouse"
  },
  {
    "docID": "N190 Pearse 2004",
    "et": "FischerRat",
    "off": 7510,
    "sff": "Fischer"
  },
  {
    "docID": "N190 Pearse 2004",
    "et": "FischerRat",
    "off": 8224,
    "sff": "Fischer"
  },
  {
    "docID": "N190 Pearse 2004",
    "et": "FischerRat",
    "off": 48287,
    "sff": "Fischer"
  },
  {
    "docID": "N190 Pearse 2004",
    "et": "FischerRat",
    "off": 48141,
    "sff": "Fischer"
  },
  {
    "docID": "N190 Pearse 2004",
    "et": "FischerRat",
    "off": 6585,
    "sff": "Fischer"
  },
  {
    "docID": "N190 Pearse 2004",
    "et": "CatSpecies",
    "off": 45060,
    "sff": "cat"
  },
  {
    "docID": "N190 Pearse 2004",
    "et": "Adult",
    "off": 6572,
    "sff": "adult"
  },
  {
    "docID": "N190 Pearse 2004",
    "et": "Adult",
    "off": 8211,
    "sff": "Adult"
  },
  {
    "docID": "N190 Pearse 2004",
    "et": "Adult",
    "off": 7497,
    "sff": "adult"
  },
  {
    "docID": "N190 Pearse 2004",
    "et": "LongEvansRat",
    "off": 26908,
    "sff": "long"
  },
  {
    "docID": "N190 Pearse 2004",
    "et": "CatModel",
    "off": 45060,
    "sff": "cat"
  },
  {
    "docID": "N190 Pearse 2004",
    "et": "Female",
    "off": 8217,
    "sff": "female"
  },
  {
    "docID": "N190 Pearse 2004",
    "et": "Female",
    "off": 7503,
    "sff": "female"
  },
  {
    "docID": "N190 Pearse 2004",
    "et": "Female",
    "off": 6578,
    "sff": "female"
  },
  {
    "docID": "N190 Pearse 2004",
    "et": "Age",
    "off": 30759,
    "sff": "1 week"
  },
  {
    "docID": "N190 Pearse 2004",
    "et": "Age",
    "off": 13410,
    "sff": "10 weeks"
  },
  {
    "docID": "N190 Pearse 2004",
    "et": "Age",
    "off": 30885,
    "sff": "1 week"
  },
  {
    "docID": "N190 Pearse 2004",
    "et": "Age",
    "off": 10107,
    "sff": "6 days"
  },
  {
    "docID": "N190 Pearse 2004",
    "et": "Age",
    "off": 49884,
    "sff": "1 week"
  },
  {
    "docID": "N190 Pearse 2004",
    "et": "Age",
    "off": 27108,
    "sff": "11 weeks"
  },
  {
    "docID": "N190 Pearse 2004",
    "et": "Age",
    "off": 25763,
    "sff": "11 weeks"
  },
  {
    "docID": "N190 Pearse 2004",
    "et": "Age",
    "off": 6359,
    "sff": "1 week"
  },
  {
    "docID": "N190 Pearse 2004",
    "et": "Age",
    "off": 6811,
    "sff": "Two weeks"
  },
  {
    "docID": "N190 Pearse 2004",
    "et": "Age",
    "off": 21045,
    "sff": "8 weeks"
  },
  {
    "docID": "N190 Pearse 2004",
    "et": "Age",
    "off": 782,
    "sff": "1 week"
  },
  {
    "docID": "N190 Pearse 2004",
    "et": "Age",
    "off": 28076,
    "sff": "8 weeks"
  },
  {
    "docID": "N190 Pearse 2004",
    "et": "Age",
    "off": 12022,
    "sff": "One week"
  },
  {
    "docID": "N190 Pearse 2004",
    "et": "Age",
    "off": 21286,
    "sff": "8 weeks"
  },
  {
    "docID": "N190 Pearse 2004",
    "et": "Age",
    "off": 36553,
    "sff": "5-6 weeks"
  },
  {
    "docID": "N190 Pearse 2004",
    "et": "Age",
    "off": 21804,
    "sff": "8 weeks"
  },
  {
    "docID": "N190 Pearse 2004",
    "et": "Age",
    "off": 7812,
    "sff": "5 days"
  },
  {
    "docID": "N190 Pearse 2004",
    "et": "Age",
    "off": 32086,
    "sff": "2D"
  },
  {
    "docID": "N190 Pearse 2004",
    "et": "Age",
    "off": 14029,
    "sff": "12 weeks"
  },
  {
    "docID": "N190 Pearse 2004",
    "et": "Age",
    "off": 39128,
    "sff": "8D"
  },
  {
    "docID": "N190 Pearse 2004",
    "et": "Age",
    "off": 41225,
    "sff": "1 week"
  },
  {
    "docID": "N190 Pearse 2004",
    "et": "Age",
    "off": 12809,
    "sff": "9 weeks"
  },
  {
    "docID": "N190 Pearse 2004",
    "et": "Age",
    "off": 39699,
    "sff": "12 weeks"
  },
  {
    "docID": "N190 Pearse 2004",
    "et": "Age",
    "off": 27723,
    "sff": "1Ð8 weeks"
  },
  {
    "docID": "N190 Pearse 2004",
    "et": "Age",
    "off": 36664,
    "sff": "8 weeks"
  },
  {
    "docID": "N190 Pearse 2004",
    "et": "Age",
    "off": 37432,
    "sff": "8 weeks"
  },
  {
    "docID": "N190 Pearse 2004",
    "et": "Age",
    "off": 20347,
    "sff": "12 weeks"
  },
  {
    "docID": "N190 Pearse 2004",
    "et": "Age",
    "off": 32370,
    "sff": "2D"
  },
  {
    "docID": "N190 Pearse 2004",
    "et": "Age",
    "off": 28723,
    "sff": "Twelve weeks"
  },
  {
    "docID": "N190 Pearse 2004",
    "et": "Age",
    "off": 27583,
    "sff": "1Ð8 weeks"
  },
  {
    "docID": "N190 Pearse 2004",
    "et": "Age",
    "off": 36466,
    "sff": "2Ð3 weeks"
  },
  {
    "docID": "N190 Pearse 2004",
    "et": "Age",
    "off": 37904,
    "sff": "8 weeks"
  },
  {
    "docID": "N190 Pearse 2004",
    "et": "Age",
    "off": 39050,
    "sff": "8 weeks"
  },
  {
    "docID": "N190 Pearse 2004",
    "et": "Age",
    "off": 11974,
    "sff": "8 weeks"
  },
  {
    "docID": "N190 Pearse 2004",
    "et": "Age",
    "off": 1136,
    "sff": "12 weeks"
  },
  {
    "docID": "N190 Pearse 2004",
    "et": "Age",
    "off": 10157,
    "sff": "12 weeks"
  }
]
