[
  {
    "docID": "N193 Ramer 2004",
    "et": "Weight",
    "off": 9818,
    "sff": "25–30 g"
  },
  {
    "docID": "N193 Ramer 2004",
    "et": "Weight",
    "off": 9739,
    "sff": "150–200 g"
  },
  {
    "docID": "N193 Ramer 2004",
    "et": "Weight",
    "off": 37631,
    "sff": "4g"
  },
  {
    "docID": "N193 Ramer 2004",
    "et": "Weight",
    "off": 30411,
    "sff": "1g"
  },
  {
    "docID": "N193 Ramer 2004",
    "et": "RatModel",
    "off": 1143,
    "sff": "rat"
  },
  {
    "docID": "N193 Ramer 2004",
    "et": "RatModel",
    "off": 17998,
    "sff": "Rat"
  },
  {
    "docID": "N193 Ramer 2004",
    "et": "RatModel",
    "off": 40635,
    "sff": "rat"
  },
  {
    "docID": "N193 Ramer 2004",
    "et": "RatModel",
    "off": 33080,
    "sff": "rat"
  },
  {
    "docID": "N193 Ramer 2004",
    "et": "RatModel",
    "off": 30766,
    "sff": "rat"
  },
  {
    "docID": "N193 Ramer 2004",
    "et": "RatModel",
    "off": 23151,
    "sff": "rat"
  },
  {
    "docID": "N193 Ramer 2004",
    "et": "RatModel",
    "off": 32431,
    "sff": "rat"
  },
  {
    "docID": "N193 Ramer 2004",
    "et": "RatModel",
    "off": 1734,
    "sff": "rat"
  },
  {
    "docID": "N193 Ramer 2004",
    "et": "RatModel",
    "off": 23749,
    "sff": "rat"
  },
  {
    "docID": "N193 Ramer 2004",
    "et": "RatModel",
    "off": 4552,
    "sff": "rat"
  },
  {
    "docID": "N193 Ramer 2004",
    "et": "RatModel",
    "off": 15755,
    "sff": "rat"
  },
  {
    "docID": "N193 Ramer 2004",
    "et": "RatModel",
    "off": 27582,
    "sff": "rat"
  },
  {
    "docID": "N193 Ramer 2004",
    "et": "RatModel",
    "off": 23551,
    "sff": "rat"
  },
  {
    "docID": "N193 Ramer 2004",
    "et": "RatModel",
    "off": 45183,
    "sff": "rat"
  },
  {
    "docID": "N193 Ramer 2004",
    "et": "RatModel",
    "off": 27395,
    "sff": "rat"
  },
  {
    "docID": "N193 Ramer 2004",
    "et": "RatModel",
    "off": 41984,
    "sff": "rat"
  },
  {
    "docID": "N193 Ramer 2004",
    "et": "RatModel",
    "off": 41047,
    "sff": "rat"
  },
  {
    "docID": "N193 Ramer 2004",
    "et": "RatModel",
    "off": 27418,
    "sff": "rat"
  },
  {
    "docID": "N193 Ramer 2004",
    "et": "RatModel",
    "off": 41486,
    "sff": "rat"
  },
  {
    "docID": "N193 Ramer 2004",
    "et": "RatModel",
    "off": 44748,
    "sff": "rat"
  },
  {
    "docID": "N193 Ramer 2004",
    "et": "RatModel",
    "off": 42514,
    "sff": "rat"
  },
  {
    "docID": "N193 Ramer 2004",
    "et": "RatModel",
    "off": 41811,
    "sff": "rat"
  },
  {
    "docID": "N193 Ramer 2004",
    "et": "RatModel",
    "off": 45223,
    "sff": "rat"
  },
  {
    "docID": "N193 Ramer 2004",
    "et": "RatModel",
    "off": 38059,
    "sff": "rat"
  },
  {
    "docID": "N193 Ramer 2004",
    "et": "RatModel",
    "off": 27753,
    "sff": "rat"
  },
  {
    "docID": "N193 Ramer 2004",
    "et": "RatModel",
    "off": 41769,
    "sff": "rat"
  },
  {
    "docID": "N193 Ramer 2004",
    "et": "RatModel",
    "off": 44636,
    "sff": "rat"
  },
  {
    "docID": "N193 Ramer 2004",
    "et": "RatModel",
    "off": 47008,
    "sff": "rat"
  },
  {
    "docID": "N193 Ramer 2004",
    "et": "NewZealandRabbit",
    "off": 7069,
    "sff": "new"
  },
  {
    "docID": "N193 Ramer 2004",
    "et": "NewZealandRabbit",
    "off": 31535,
    "sff": "new"
  },
  {
    "docID": "N193 Ramer 2004",
    "et": "NewZealandRabbit",
    "off": 40271,
    "sff": "new"
  },
  {
    "docID": "N193 Ramer 2004",
    "et": "NewZealandRabbit",
    "off": 1272,
    "sff": "new"
  },
  {
    "docID": "N193 Ramer 2004",
    "et": "RabbitSpecies",
    "off": 13281,
    "sff": "rabbit"
  },
  {
    "docID": "N193 Ramer 2004",
    "et": "RabbitSpecies",
    "off": 13329,
    "sff": "rabbit"
  },
  {
    "docID": "N193 Ramer 2004",
    "et": "RabbitSpecies",
    "off": 13864,
    "sff": "rabbit"
  },
  {
    "docID": "N193 Ramer 2004",
    "et": "RabbitSpecies",
    "off": 13495,
    "sff": "rabbit"
  },
  {
    "docID": "N193 Ramer 2004",
    "et": "RabbitSpecies",
    "off": 13785,
    "sff": "rabbit"
  },
  {
    "docID": "N193 Ramer 2004",
    "et": "RabbitSpecies",
    "off": 13659,
    "sff": "rabbit"
  },
  {
    "docID": "N193 Ramer 2004",
    "et": "SpragueDawleyRat",
    "off": 28143,
    "sff": "Sprague-Dawley rats"
  },
  {
    "docID": "N193 Ramer 2004",
    "et": "SpragueDawleyRat",
    "off": 9710,
    "sff": "Sprague-Dawley rats"
  },
  {
    "docID": "N193 Ramer 2004",
    "et": "SpragueDawleyRat",
    "off": 9710,
    "sff": "Sprague-Dawley"
  },
  {
    "docID": "N193 Ramer 2004",
    "et": "SpragueDawleyRat",
    "off": 28143,
    "sff": "Sprague-Dawley"
  },
  {
    "docID": "N193 Ramer 2004",
    "et": "MouseModel",
    "off": 13364,
    "sff": "mouse"
  },
  {
    "docID": "N193 Ramer 2004",
    "et": "MouseModel",
    "off": 13428,
    "sff": "mouse"
  },
  {
    "docID": "N193 Ramer 2004",
    "et": "MouseModel",
    "off": 30774,
    "sff": "mouse"
  },
  {
    "docID": "N193 Ramer 2004",
    "et": "MouseModel",
    "off": 42169,
    "sff": "mouse"
  },
  {
    "docID": "N193 Ramer 2004",
    "et": "MouseModel",
    "off": 13529,
    "sff": "mouse"
  },
  {
    "docID": "N193 Ramer 2004",
    "et": "MouseModel",
    "off": 13627,
    "sff": "mouse"
  },
  {
    "docID": "N193 Ramer 2004",
    "et": "MouseModel",
    "off": 40908,
    "sff": "mouse"
  },
  {
    "docID": "N193 Ramer 2004",
    "et": "MouseModel",
    "off": 13582,
    "sff": "mouse"
  },
  {
    "docID": "N193 Ramer 2004",
    "et": "MouseModel",
    "off": 41011,
    "sff": "mouse"
  },
  {
    "docID": "N193 Ramer 2004",
    "et": "MouseModel",
    "off": 7589,
    "sff": "mouse"
  },
  {
    "docID": "N193 Ramer 2004",
    "et": "MouseModel",
    "off": 37991,
    "sff": "mouse"
  },
  {
    "docID": "N193 Ramer 2004",
    "et": "MouseModel",
    "off": 44615,
    "sff": "mouse"
  },
  {
    "docID": "N193 Ramer 2004",
    "et": "MouseModel",
    "off": 44809,
    "sff": "mouse"
  },
  {
    "docID": "N193 Ramer 2004",
    "et": "MouseModel",
    "off": 1054,
    "sff": "mouse"
  },
  {
    "docID": "N193 Ramer 2004",
    "et": "MouseModel",
    "off": 1151,
    "sff": "mouse"
  },
  {
    "docID": "N193 Ramer 2004",
    "et": "MouseModel",
    "off": 54974,
    "sff": "mouse"
  },
  {
    "docID": "N193 Ramer 2004",
    "et": "MouseModel",
    "off": 31904,
    "sff": "mouse"
  },
  {
    "docID": "N193 Ramer 2004",
    "et": "MouseModel",
    "off": 27362,
    "sff": "mouse"
  },
  {
    "docID": "N193 Ramer 2004",
    "et": "MouseModel",
    "off": 44898,
    "sff": "mouse"
  },
  {
    "docID": "N193 Ramer 2004",
    "et": "RabbitModel",
    "off": 13495,
    "sff": "rabbit"
  },
  {
    "docID": "N193 Ramer 2004",
    "et": "RabbitModel",
    "off": 13785,
    "sff": "rabbit"
  },
  {
    "docID": "N193 Ramer 2004",
    "et": "RabbitModel",
    "off": 13864,
    "sff": "rabbit"
  },
  {
    "docID": "N193 Ramer 2004",
    "et": "RabbitModel",
    "off": 13659,
    "sff": "rabbit"
  },
  {
    "docID": "N193 Ramer 2004",
    "et": "RabbitModel",
    "off": 13281,
    "sff": "rabbit"
  },
  {
    "docID": "N193 Ramer 2004",
    "et": "RabbitModel",
    "off": 13329,
    "sff": "rabbit"
  },
  {
    "docID": "N193 Ramer 2004",
    "et": "C57_BL6_Mouse",
    "off": 41560,
    "sff": "C57/Bl6"
  },
  {
    "docID": "N193 Ramer 2004",
    "et": "C57_BL6_Mouse",
    "off": 9796,
    "sff": "C57Bl/6"
  },
  {
    "docID": "N193 Ramer 2004",
    "et": "C57_BL6_Mouse",
    "off": 41560,
    "sff": "C57/Bl6 mice"
  },
  {
    "docID": "N193 Ramer 2004",
    "et": "C57_BL6_Mouse",
    "off": 9796,
    "sff": "C57Bl/6 mice"
  },
  {
    "docID": "N193 Ramer 2004",
    "et": "C57_BL6_Mouse",
    "off": 54756,
    "sff": "C57/Bl6"
  },
  {
    "docID": "N193 Ramer 2004",
    "et": "C57_BL6_Mouse",
    "off": 54756,
    "sff": "C57/Bl6 mice"
  },
  {
    "docID": "N193 Ramer 2004",
    "et": "RatSpecies",
    "off": 41047,
    "sff": "rat"
  },
  {
    "docID": "N193 Ramer 2004",
    "et": "RatSpecies",
    "off": 27418,
    "sff": "rat"
  },
  {
    "docID": "N193 Ramer 2004",
    "et": "RatSpecies",
    "off": 44636,
    "sff": "rat"
  },
  {
    "docID": "N193 Ramer 2004",
    "et": "RatSpecies",
    "off": 42514,
    "sff": "rat"
  },
  {
    "docID": "N193 Ramer 2004",
    "et": "RatSpecies",
    "off": 41811,
    "sff": "rat"
  },
  {
    "docID": "N193 Ramer 2004",
    "et": "RatSpecies",
    "off": 4552,
    "sff": "rat"
  },
  {
    "docID": "N193 Ramer 2004",
    "et": "RatSpecies",
    "off": 15755,
    "sff": "rat"
  },
  {
    "docID": "N193 Ramer 2004",
    "et": "RatSpecies",
    "off": 44748,
    "sff": "rat"
  },
  {
    "docID": "N193 Ramer 2004",
    "et": "RatSpecies",
    "off": 41486,
    "sff": "rat"
  },
  {
    "docID": "N193 Ramer 2004",
    "et": "RatSpecies",
    "off": 23551,
    "sff": "rat"
  },
  {
    "docID": "N193 Ramer 2004",
    "et": "RatSpecies",
    "off": 45183,
    "sff": "rat"
  },
  {
    "docID": "N193 Ramer 2004",
    "et": "RatSpecies",
    "off": 41984,
    "sff": "rat"
  },
  {
    "docID": "N193 Ramer 2004",
    "et": "RatSpecies",
    "off": 27395,
    "sff": "rat"
  },
  {
    "docID": "N193 Ramer 2004",
    "et": "RatSpecies",
    "off": 23749,
    "sff": "rat"
  },
  {
    "docID": "N193 Ramer 2004",
    "et": "RatSpecies",
    "off": 1734,
    "sff": "rat"
  },
  {
    "docID": "N193 Ramer 2004",
    "et": "RatSpecies",
    "off": 1143,
    "sff": "rat"
  },
  {
    "docID": "N193 Ramer 2004",
    "et": "RatSpecies",
    "off": 33080,
    "sff": "rat"
  },
  {
    "docID": "N193 Ramer 2004",
    "et": "RatSpecies",
    "off": 40635,
    "sff": "rat"
  },
  {
    "docID": "N193 Ramer 2004",
    "et": "RatSpecies",
    "off": 27582,
    "sff": "rat"
  },
  {
    "docID": "N193 Ramer 2004",
    "et": "RatSpecies",
    "off": 23151,
    "sff": "rat"
  },
  {
    "docID": "N193 Ramer 2004",
    "et": "RatSpecies",
    "off": 32431,
    "sff": "rat"
  },
  {
    "docID": "N193 Ramer 2004",
    "et": "RatSpecies",
    "off": 45223,
    "sff": "rat"
  },
  {
    "docID": "N193 Ramer 2004",
    "et": "RatSpecies",
    "off": 27753,
    "sff": "rat"
  },
  {
    "docID": "N193 Ramer 2004",
    "et": "RatSpecies",
    "off": 41769,
    "sff": "rat"
  },
  {
    "docID": "N193 Ramer 2004",
    "et": "RatSpecies",
    "off": 38059,
    "sff": "rat"
  },
  {
    "docID": "N193 Ramer 2004",
    "et": "RatSpecies",
    "off": 30766,
    "sff": "rat"
  },
  {
    "docID": "N193 Ramer 2004",
    "et": "RatSpecies",
    "off": 47008,
    "sff": "rat"
  },
  {
    "docID": "N193 Ramer 2004",
    "et": "RatSpecies",
    "off": 17998,
    "sff": "Rat"
  },
  {
    "docID": "N193 Ramer 2004",
    "et": "Male",
    "off": 9705,
    "sff": "Male"
  },
  {
    "docID": "N193 Ramer 2004",
    "et": "Male",
    "off": 28138,
    "sff": "male"
  },
  {
    "docID": "N193 Ramer 2004",
    "et": "Male",
    "off": 9791,
    "sff": "male"
  },
  {
    "docID": "N193 Ramer 2004",
    "et": "MouseSpecies",
    "off": 7589,
    "sff": "mouse"
  },
  {
    "docID": "N193 Ramer 2004",
    "et": "MouseSpecies",
    "off": 27362,
    "sff": "mouse"
  },
  {
    "docID": "N193 Ramer 2004",
    "et": "MouseSpecies",
    "off": 44898,
    "sff": "mouse"
  },
  {
    "docID": "N193 Ramer 2004",
    "et": "MouseSpecies",
    "off": 1151,
    "sff": "mouse"
  },
  {
    "docID": "N193 Ramer 2004",
    "et": "MouseSpecies",
    "off": 31904,
    "sff": "mouse"
  },
  {
    "docID": "N193 Ramer 2004",
    "et": "MouseSpecies",
    "off": 13582,
    "sff": "mouse"
  },
  {
    "docID": "N193 Ramer 2004",
    "et": "MouseSpecies",
    "off": 40908,
    "sff": "mouse"
  },
  {
    "docID": "N193 Ramer 2004",
    "et": "MouseSpecies",
    "off": 44809,
    "sff": "mouse"
  },
  {
    "docID": "N193 Ramer 2004",
    "et": "MouseSpecies",
    "off": 37991,
    "sff": "mouse"
  },
  {
    "docID": "N193 Ramer 2004",
    "et": "MouseSpecies",
    "off": 44615,
    "sff": "mouse"
  },
  {
    "docID": "N193 Ramer 2004",
    "et": "MouseSpecies",
    "off": 30774,
    "sff": "mouse"
  },
  {
    "docID": "N193 Ramer 2004",
    "et": "MouseSpecies",
    "off": 41011,
    "sff": "mouse"
  },
  {
    "docID": "N193 Ramer 2004",
    "et": "MouseSpecies",
    "off": 13364,
    "sff": "mouse"
  },
  {
    "docID": "N193 Ramer 2004",
    "et": "MouseSpecies",
    "off": 13428,
    "sff": "mouse"
  },
  {
    "docID": "N193 Ramer 2004",
    "et": "MouseSpecies",
    "off": 1054,
    "sff": "mouse"
  },
  {
    "docID": "N193 Ramer 2004",
    "et": "MouseSpecies",
    "off": 54974,
    "sff": "mouse"
  },
  {
    "docID": "N193 Ramer 2004",
    "et": "MouseSpecies",
    "off": 13627,
    "sff": "mouse"
  },
  {
    "docID": "N193 Ramer 2004",
    "et": "MouseSpecies",
    "off": 13529,
    "sff": "mouse"
  },
  {
    "docID": "N193 Ramer 2004",
    "et": "MouseSpecies",
    "off": 42169,
    "sff": "mouse"
  },
  {
    "docID": "N193 Ramer 2004",
    "et": "Adult",
    "off": 2664,
    "sff": "adult"
  },
  {
    "docID": "N193 Ramer 2004",
    "et": "Adult",
    "off": 33756,
    "sff": "adult"
  },
  {
    "docID": "N193 Ramer 2004",
    "et": "Adult",
    "off": 2749,
    "sff": "adult"
  },
  {
    "docID": "N193 Ramer 2004",
    "et": "Adult",
    "off": 3264,
    "sff": "adult"
  },
  {
    "docID": "N193 Ramer 2004",
    "et": "Adult",
    "off": 2905,
    "sff": "Adult"
  },
  {
    "docID": "N193 Ramer 2004",
    "et": "Adult",
    "off": 4546,
    "sff": "adult"
  },
  {
    "docID": "N193 Ramer 2004",
    "et": "Adult",
    "off": 28132,
    "sff": "adult"
  },
  {
    "docID": "N193 Ramer 2004",
    "et": "Age",
    "off": 8789,
    "sff": "60-day"
  },
  {
    "docID": "N193 Ramer 2004",
    "et": "Age",
    "off": 29670,
    "sff": "28 days"
  },
  {
    "docID": "N193 Ramer 2004",
    "et": "Age",
    "off": 12845,
    "sff": "3 days"
  },
  {
    "docID": "N193 Ramer 2004",
    "et": "Age",
    "off": 44767,
    "sff": "60 days"
  },
  {
    "docID": "N193 Ramer 2004",
    "et": "Age",
    "off": 53458,
    "sff": "4 weeks"
  },
  {
    "docID": "N193 Ramer 2004",
    "et": "Age",
    "off": 16819,
    "sff": "2 days"
  },
  {
    "docID": "N193 Ramer 2004",
    "et": "Age",
    "off": 39519,
    "sff": "28 days"
  },
  {
    "docID": "N193 Ramer 2004",
    "et": "Age",
    "off": 29906,
    "sff": "60 days"
  },
  {
    "docID": "N193 Ramer 2004",
    "et": "Age",
    "off": 30837,
    "sff": "28 days"
  },
  {
    "docID": "N193 Ramer 2004",
    "et": "Age",
    "off": 32070,
    "sff": "7 days"
  },
  {
    "docID": "N193 Ramer 2004",
    "et": "Age",
    "off": 25464,
    "sff": "28 days"
  },
  {
    "docID": "N193 Ramer 2004",
    "et": "Age",
    "off": 43932,
    "sff": "2 to 8 months"
  },
  {
    "docID": "N193 Ramer 2004",
    "et": "Age",
    "off": 7868,
    "sff": "4 days"
  },
  {
    "docID": "N193 Ramer 2004",
    "et": "Age",
    "off": 15885,
    "sff": "2 days"
  },
  {
    "docID": "N193 Ramer 2004",
    "et": "Age",
    "off": 18058,
    "sff": "60 days"
  },
  {
    "docID": "N193 Ramer 2004",
    "et": "Age",
    "off": 44701,
    "sff": "28 to 60 days"
  },
  {
    "docID": "N193 Ramer 2004",
    "et": "Age",
    "off": 16276,
    "sff": "28 days"
  },
  {
    "docID": "N193 Ramer 2004",
    "et": "Age",
    "off": 16838,
    "sff": "7 d"
  },
  {
    "docID": "N193 Ramer 2004",
    "et": "Age",
    "off": 29540,
    "sff": "7 days"
  },
  {
    "docID": "N193 Ramer 2004",
    "et": "Age",
    "off": 53601,
    "sff": "4 weeks"
  },
  {
    "docID": "N193 Ramer 2004",
    "et": "Age",
    "off": 16489,
    "sff": "7 days"
  },
  {
    "docID": "N193 Ramer 2004",
    "et": "Age",
    "off": 16850,
    "sff": "28 d"
  },
  {
    "docID": "N193 Ramer 2004",
    "et": "Age",
    "off": 28557,
    "sff": "28 days"
  },
  {
    "docID": "N193 Ramer 2004",
    "et": "Age",
    "off": 39009,
    "sff": "7 days"
  },
  {
    "docID": "N193 Ramer 2004",
    "et": "Age",
    "off": 38500,
    "sff": "1 week"
  },
  {
    "docID": "N193 Ramer 2004",
    "et": "Age",
    "off": 21447,
    "sff": "Seven days"
  },
  {
    "docID": "N193 Ramer 2004",
    "et": "Age",
    "off": 40336,
    "sff": "28 days"
  },
  {
    "docID": "N193 Ramer 2004",
    "et": "Age",
    "off": 17808,
    "sff": "28 days"
  },
  {
    "docID": "N193 Ramer 2004",
    "et": "Age",
    "off": 41871,
    "sff": "28 days"
  },
  {
    "docID": "N193 Ramer 2004",
    "et": "Age",
    "off": 24611,
    "sff": "28 days"
  },
  {
    "docID": "N193 Ramer 2004",
    "et": "Age",
    "off": 38650,
    "sff": "7 days"
  },
  {
    "docID": "N193 Ramer 2004",
    "et": "Age",
    "off": 21756,
    "sff": "Seven days"
  },
  {
    "docID": "N193 Ramer 2004",
    "et": "Age",
    "off": 46971,
    "sff": "7 days"
  },
  {
    "docID": "N193 Ramer 2004",
    "et": "Age",
    "off": 16518,
    "sff": "28 to 60 days"
  },
  {
    "docID": "N193 Ramer 2004",
    "et": "Age",
    "off": 29098,
    "sff": "28 days"
  },
  {
    "docID": "N193 Ramer 2004",
    "et": "Age",
    "off": 9962,
    "sff": "2 days"
  },
  {
    "docID": "N193 Ramer 2004",
    "et": "Age",
    "off": 8876,
    "sff": "1 day"
  },
  {
    "docID": "N193 Ramer 2004",
    "et": "Age",
    "off": 8772,
    "sff": "28-day"
  },
  {
    "docID": "N193 Ramer 2004",
    "et": "Age",
    "off": 11807,
    "sff": "28 days"
  },
  {
    "docID": "N193 Ramer 2004",
    "et": "Age",
    "off": 29855,
    "sff": "28 days"
  },
  {
    "docID": "N193 Ramer 2004",
    "et": "Age",
    "off": 30121,
    "sff": "7 to 60 days"
  },
  {
    "docID": "N193 Ramer 2004",
    "et": "Age",
    "off": 39384,
    "sff": "5d"
  },
  {
    "docID": "N193 Ramer 2004",
    "et": "Age",
    "off": 36630,
    "sff": "60 days"
  },
  {
    "docID": "N193 Ramer 2004",
    "et": "Age",
    "off": 20245,
    "sff": "60 days"
  },
  {
    "docID": "N193 Ramer 2004",
    "et": "Age",
    "off": 16202,
    "sff": "2 to 60 days"
  },
  {
    "docID": "N193 Ramer 2004",
    "et": "Age",
    "off": 29387,
    "sff": "2 days"
  },
  {
    "docID": "N193 Ramer 2004",
    "et": "Age",
    "off": 17610,
    "sff": "28 days"
  },
  {
    "docID": "N193 Ramer 2004",
    "et": "Age",
    "off": 29658,
    "sff": "1d"
  },
  {
    "docID": "N193 Ramer 2004",
    "et": "Age",
    "off": 11791,
    "sff": "7 days"
  },
  {
    "docID": "N193 Ramer 2004",
    "et": "Age",
    "off": 17340,
    "sff": "28 days"
  },
  {
    "docID": "N193 Ramer 2004",
    "et": "Age",
    "off": 21953,
    "sff": "28 days"
  },
  {
    "docID": "N193 Ramer 2004",
    "et": "Age",
    "off": 29201,
    "sff": "2 to 28 days"
  },
  {
    "docID": "N193 Ramer 2004",
    "et": "Age",
    "off": 16332,
    "sff": "60 days"
  },
  {
    "docID": "N193 Ramer 2004",
    "et": "Age",
    "off": 39730,
    "sff": "60 days"
  },
  {
    "docID": "N193 Ramer 2004",
    "et": "Age",
    "off": 8810,
    "sff": "28-day"
  },
  {
    "docID": "N193 Ramer 2004",
    "et": "Age",
    "off": 15956,
    "sff": "28 days"
  },
  {
    "docID": "N193 Ramer 2004",
    "et": "Age",
    "off": 18132,
    "sff": "28 days"
  },
  {
    "docID": "N193 Ramer 2004",
    "et": "Age",
    "off": 11829,
    "sff": "60 days"
  },
  {
    "docID": "N193 Ramer 2004",
    "et": "Age",
    "off": 52509,
    "sff": "2 weeks"
  },
  {
    "docID": "N193 Ramer 2004",
    "et": "Age",
    "off": 11927,
    "sff": "One week"
  },
  {
    "docID": "N193 Ramer 2004",
    "et": "Age",
    "off": 32423,
    "sff": "7 days"
  },
  {
    "docID": "N193 Ramer 2004",
    "et": "Age",
    "off": 17053,
    "sff": "7 days"
  },
  {
    "docID": "N193 Ramer 2004",
    "et": "Age",
    "off": 32587,
    "sff": "28 days"
  },
  {
    "docID": "N193 Ramer 2004",
    "et": "Age",
    "off": 11858,
    "sff": "28 days"
  },
  {
    "docID": "N193 Ramer 2004",
    "et": "Age",
    "off": 31312,
    "sff": "28 days"
  }
]
