[
  {
    "docID": "N195 Resnick 2003",
    "et": "Weight",
    "off": 5307,
    "sff": "275–300 g"
  },
  {
    "docID": "N195 Resnick 2003",
    "et": "Weight",
    "off": 3914,
    "sff": "275–325 g"
  },
  {
    "docID": "N195 Resnick 2003",
    "et": "RatModel",
    "off": 4195,
    "sff": "rat"
  },
  {
    "docID": "N195 Resnick 2003",
    "et": "MouseModel",
    "off": 11597,
    "sff": "mouse"
  },
  {
    "docID": "N195 Resnick 2003",
    "et": "MouseModel",
    "off": 11969,
    "sff": "mouse"
  },
  {
    "docID": "N195 Resnick 2003",
    "et": "RatSpecies",
    "off": 4195,
    "sff": "rat"
  },
  {
    "docID": "N195 Resnick 2003",
    "et": "Male",
    "off": 3892,
    "sff": "male"
  },
  {
    "docID": "N195 Resnick 2003",
    "et": "MouseSpecies",
    "off": 11969,
    "sff": "mouse"
  },
  {
    "docID": "N195 Resnick 2003",
    "et": "MouseSpecies",
    "off": 11597,
    "sff": "mouse"
  },
  {
    "docID": "N195 Resnick 2003",
    "et": "Adult",
    "off": 9801,
    "sff": "adult"
  },
  {
    "docID": "N195 Resnick 2003",
    "et": "Adult",
    "off": 5284,
    "sff": "Adult"
  },
  {
    "docID": "N195 Resnick 2003",
    "et": "Adult",
    "off": 7819,
    "sff": "adult"
  },
  {
    "docID": "N195 Resnick 2003",
    "et": "Adult",
    "off": 12459,
    "sff": "adult"
  },
  {
    "docID": "N195 Resnick 2003",
    "et": "Adult",
    "off": 4189,
    "sff": "adult"
  },
  {
    "docID": "N195 Resnick 2003",
    "et": "Adult",
    "off": 10110,
    "sff": "adult"
  },
  {
    "docID": "N195 Resnick 2003",
    "et": "Adult",
    "off": 12798,
    "sff": "adult"
  },
  {
    "docID": "N195 Resnick 2003",
    "et": "Adult",
    "off": 13855,
    "sff": "adult"
  },
  {
    "docID": "N195 Resnick 2003",
    "et": "Adult",
    "off": 11648,
    "sff": "adult"
  },
  {
    "docID": "N195 Resnick 2003",
    "et": "Adult",
    "off": 15105,
    "sff": "adult"
  },
  {
    "docID": "N195 Resnick 2003",
    "et": "Adult",
    "off": 8181,
    "sff": "adult"
  },
  {
    "docID": "N195 Resnick 2003",
    "et": "Adult",
    "off": 503,
    "sff": "adult"
  },
  {
    "docID": "N195 Resnick 2003",
    "et": "Adult",
    "off": 728,
    "sff": "adult"
  },
  {
    "docID": "N195 Resnick 2003",
    "et": "Adult",
    "off": 3066,
    "sff": "adult"
  },
  {
    "docID": "N195 Resnick 2003",
    "et": "Adult",
    "off": 5137,
    "sff": "Adult"
  },
  {
    "docID": "N195 Resnick 2003",
    "et": "Adult",
    "off": 2652,
    "sff": "adult"
  },
  {
    "docID": "N195 Resnick 2003",
    "et": "Adult",
    "off": 19502,
    "sff": "adult"
  },
  {
    "docID": "N195 Resnick 2003",
    "et": "Adult",
    "off": 3886,
    "sff": "adult"
  },
  {
    "docID": "N195 Resnick 2003",
    "et": "Adult",
    "off": 5115,
    "sff": "Adult"
  },
  {
    "docID": "N195 Resnick 2003",
    "et": "LongEvansRat",
    "off": 18556,
    "sff": "long"
  },
  {
    "docID": "N195 Resnick 2003",
    "et": "LongEvansRat",
    "off": 17339,
    "sff": "long"
  },
  {
    "docID": "N195 Resnick 2003",
    "et": "LongEvansRat",
    "off": 5290,
    "sff": "Long Evans"
  },
  {
    "docID": "N195 Resnick 2003",
    "et": "LongEvansRat",
    "off": 3313,
    "sff": "long"
  },
  {
    "docID": "N195 Resnick 2003",
    "et": "LongEvansRat",
    "off": 3897,
    "sff": "Long Evans"
  },
  {
    "docID": "N195 Resnick 2003",
    "et": "LongEvansRat",
    "off": 5290,
    "sff": "Long Evans Rats"
  },
  {
    "docID": "N195 Resnick 2003",
    "et": "LongEvansRat",
    "off": 3897,
    "sff": "Long Evans rats"
  },
  {
    "docID": "N195 Resnick 2003",
    "et": "Age",
    "off": 17919,
    "sff": "three weeks"
  },
  {
    "docID": "N195 Resnick 2003",
    "et": "Age",
    "off": 17748,
    "sff": "2–7-month"
  },
  {
    "docID": "N195 Resnick 2003",
    "et": "Age",
    "off": 6677,
    "sff": "7 days"
  },
  {
    "docID": "N195 Resnick 2003",
    "et": "Age",
    "off": 7308,
    "sff": "3 days"
  },
  {
    "docID": "N195 Resnick 2003",
    "et": "Age",
    "off": 19704,
    "sff": "6 weeks"
  },
  {
    "docID": "N195 Resnick 2003",
    "et": "Age",
    "off": 11567,
    "sff": "2 weeks"
  },
  {
    "docID": "N195 Resnick 2003",
    "et": "Age",
    "off": 6739,
    "sff": "2 days"
  },
  {
    "docID": "N195 Resnick 2003",
    "et": "Age",
    "off": 6747,
    "sff": "Eight days"
  },
  {
    "docID": "N195 Resnick 2003",
    "et": "Age",
    "off": 13699,
    "sff": "3 months"
  },
  {
    "docID": "N195 Resnick 2003",
    "et": "Age",
    "off": 12014,
    "sff": "9 days"
  },
  {
    "docID": "N195 Resnick 2003",
    "et": "Age",
    "off": 1100,
    "sff": "6 weeks"
  },
  {
    "docID": "N195 Resnick 2003",
    "et": "Age",
    "off": 1452,
    "sff": "6 weeks"
  },
  {
    "docID": "N195 Resnick 2003",
    "et": "Age",
    "off": 10635,
    "sff": "6 weeks"
  },
  {
    "docID": "N195 Resnick 2003",
    "et": "Age",
    "off": 13529,
    "sff": "2–3 months"
  },
  {
    "docID": "N195 Resnick 2003",
    "et": "Age",
    "off": 8397,
    "sff": "6 weeks"
  },
  {
    "docID": "N195 Resnick 2003",
    "et": "Age",
    "off": 11326,
    "sff": "3 weeks"
  },
  {
    "docID": "N195 Resnick 2003",
    "et": "Age",
    "off": 7278,
    "sff": "15 days"
  },
  {
    "docID": "N195 Resnick 2003",
    "et": "Age",
    "off": 17692,
    "sff": "two months"
  },
  {
    "docID": "N195 Resnick 2003",
    "et": "Age",
    "off": 5318,
    "sff": "70–75 days old"
  },
  {
    "docID": "N195 Resnick 2003",
    "et": "Age",
    "off": 13435,
    "sff": "6 days"
  },
  {
    "docID": "N195 Resnick 2003",
    "et": "Age",
    "off": 11471,
    "sff": "5–6 years"
  },
  {
    "docID": "N195 Resnick 2003",
    "et": "Age",
    "off": 12239,
    "sff": "9–12 days"
  },
  {
    "docID": "N195 Resnick 2003",
    "et": "Age",
    "off": 1553,
    "sff": "6 weeks"
  }
]
