[
  {
    "docID": "N196 Richter 2005",
    "et": "Weight",
    "off": 31277,
    "sff": "3G"
  },
  {
    "docID": "N196 Richter 2005",
    "et": "Weight",
    "off": 45877,
    "sff": "8G"
  },
  {
    "docID": "N196 Richter 2005",
    "et": "Weight",
    "off": 12047,
    "sff": "10 mg"
  },
  {
    "docID": "N196 Richter 2005",
    "et": "Weight",
    "off": 46144,
    "sff": "8G"
  },
  {
    "docID": "N196 Richter 2005",
    "et": "Weight",
    "off": 31203,
    "sff": "3G"
  },
  {
    "docID": "N196 Richter 2005",
    "et": "Weight",
    "off": 11949,
    "sff": "150–200 g"
  },
  {
    "docID": "N196 Richter 2005",
    "et": "RatModel",
    "off": 9050,
    "sff": "rat"
  },
  {
    "docID": "N196 Richter 2005",
    "et": "RatModel",
    "off": 523,
    "sff": "rat"
  },
  {
    "docID": "N196 Richter 2005",
    "et": "RatModel",
    "off": 34684,
    "sff": "rat"
  },
  {
    "docID": "N196 Richter 2005",
    "et": "RatModel",
    "off": 34638,
    "sff": "rat"
  },
  {
    "docID": "N196 Richter 2005",
    "et": "RatModel",
    "off": 13616,
    "sff": "rat"
  },
  {
    "docID": "N196 Richter 2005",
    "et": "RatModel",
    "off": 42080,
    "sff": "rat"
  },
  {
    "docID": "N196 Richter 2005",
    "et": "RatModel",
    "off": 15409,
    "sff": "rat"
  },
  {
    "docID": "N196 Richter 2005",
    "et": "RabbitSpecies",
    "off": 9482,
    "sff": "rabbit"
  },
  {
    "docID": "N196 Richter 2005",
    "et": "RabbitSpecies",
    "off": 10250,
    "sff": "rabbit"
  },
  {
    "docID": "N196 Richter 2005",
    "et": "RabbitSpecies",
    "off": 8119,
    "sff": "rabbit"
  },
  {
    "docID": "N196 Richter 2005",
    "et": "RabbitSpecies",
    "off": 8033,
    "sff": "rabbit"
  },
  {
    "docID": "N196 Richter 2005",
    "et": "RabbitSpecies",
    "off": 15311,
    "sff": "rabbit"
  },
  {
    "docID": "N196 Richter 2005",
    "et": "SpragueDawleyRat",
    "off": 11928,
    "sff": "Sprague Dawley rats"
  },
  {
    "docID": "N196 Richter 2005",
    "et": "SpragueDawleyRat",
    "off": 11928,
    "sff": "Sprague Dawley"
  },
  {
    "docID": "N196 Richter 2005",
    "et": "MouseModel",
    "off": 15369,
    "sff": "mouse"
  },
  {
    "docID": "N196 Richter 2005",
    "et": "RabbitModel",
    "off": 8033,
    "sff": "rabbit"
  },
  {
    "docID": "N196 Richter 2005",
    "et": "RabbitModel",
    "off": 15311,
    "sff": "rabbit"
  },
  {
    "docID": "N196 Richter 2005",
    "et": "RabbitModel",
    "off": 9482,
    "sff": "rabbit"
  },
  {
    "docID": "N196 Richter 2005",
    "et": "RabbitModel",
    "off": 10250,
    "sff": "rabbit"
  },
  {
    "docID": "N196 Richter 2005",
    "et": "RabbitModel",
    "off": 8119,
    "sff": "rabbit"
  },
  {
    "docID": "N196 Richter 2005",
    "et": "RatSpecies",
    "off": 15409,
    "sff": "rat"
  },
  {
    "docID": "N196 Richter 2005",
    "et": "RatSpecies",
    "off": 42080,
    "sff": "rat"
  },
  {
    "docID": "N196 Richter 2005",
    "et": "RatSpecies",
    "off": 13616,
    "sff": "rat"
  },
  {
    "docID": "N196 Richter 2005",
    "et": "RatSpecies",
    "off": 34638,
    "sff": "rat"
  },
  {
    "docID": "N196 Richter 2005",
    "et": "RatSpecies",
    "off": 523,
    "sff": "rat"
  },
  {
    "docID": "N196 Richter 2005",
    "et": "RatSpecies",
    "off": 34684,
    "sff": "rat"
  },
  {
    "docID": "N196 Richter 2005",
    "et": "RatSpecies",
    "off": 9050,
    "sff": "rat"
  },
  {
    "docID": "N196 Richter 2005",
    "et": "Male",
    "off": 11923,
    "sff": "male"
  },
  {
    "docID": "N196 Richter 2005",
    "et": "MouseSpecies",
    "off": 15369,
    "sff": "mouse"
  },
  {
    "docID": "N196 Richter 2005",
    "et": "Adult",
    "off": 11917,
    "sff": "adult"
  },
  {
    "docID": "N196 Richter 2005",
    "et": "Age",
    "off": 6464,
    "sff": "4–5 d"
  },
  {
    "docID": "N196 Richter 2005",
    "et": "Age",
    "off": 20393,
    "sff": "28 d"
  },
  {
    "docID": "N196 Richter 2005",
    "et": "Age",
    "off": 28889,
    "sff": "7 d"
  },
  {
    "docID": "N196 Richter 2005",
    "et": "Age",
    "off": 28260,
    "sff": "28 d"
  },
  {
    "docID": "N196 Richter 2005",
    "et": "Age",
    "off": 28583,
    "sff": "28 d"
  },
  {
    "docID": "N196 Richter 2005",
    "et": "Age",
    "off": 28966,
    "sff": "28 d"
  },
  {
    "docID": "N196 Richter 2005",
    "et": "Age",
    "off": 41268,
    "sff": "27 d"
  },
  {
    "docID": "N196 Richter 2005",
    "et": "Age",
    "off": 27555,
    "sff": "28 d"
  },
  {
    "docID": "N196 Richter 2005",
    "et": "Age",
    "off": 30777,
    "sff": "3D"
  },
  {
    "docID": "N196 Richter 2005",
    "et": "Age",
    "off": 6939,
    "sff": "14 to 16 d"
  },
  {
    "docID": "N196 Richter 2005",
    "et": "Age",
    "off": 48828,
    "sff": "28 d"
  },
  {
    "docID": "N196 Richter 2005",
    "et": "Age",
    "off": 48843,
    "sff": "7 d"
  },
  {
    "docID": "N196 Richter 2005",
    "et": "Age",
    "off": 45178,
    "sff": "8D"
  },
  {
    "docID": "N196 Richter 2005",
    "et": "Age",
    "off": 45434,
    "sff": "8D"
  },
  {
    "docID": "N196 Richter 2005",
    "et": "Age",
    "off": 48472,
    "sff": "28 d"
  },
  {
    "docID": "N196 Richter 2005",
    "et": "Age",
    "off": 14037,
    "sff": "28 d"
  },
  {
    "docID": "N196 Richter 2005",
    "et": "Age",
    "off": 28845,
    "sff": "2D"
  },
  {
    "docID": "N196 Richter 2005",
    "et": "Age",
    "off": 6719,
    "sff": "4–6 d"
  },
  {
    "docID": "N196 Richter 2005",
    "et": "Age",
    "off": 19622,
    "sff": "7 d"
  },
  {
    "docID": "N196 Richter 2005",
    "et": "Age",
    "off": 12129,
    "sff": "2 d"
  },
  {
    "docID": "N196 Richter 2005",
    "et": "Age",
    "off": 19217,
    "sff": "28 d"
  },
  {
    "docID": "N196 Richter 2005",
    "et": "Age",
    "off": 14355,
    "sff": "28 d"
  },
  {
    "docID": "N196 Richter 2005",
    "et": "Age",
    "off": 48909,
    "sff": "28 d"
  },
  {
    "docID": "N196 Richter 2005",
    "et": "Age",
    "off": 44014,
    "sff": "28 d"
  }
]
