[
  {
    "docID": "N197 Rochkind 2006",
    "et": "Weight",
    "off": 9754,
    "sff": "250 g"
  },
  {
    "docID": "N197 Rochkind 2006",
    "et": "Weight",
    "off": 14920,
    "sff": "0 to 60 G"
  },
  {
    "docID": "N197 Rochkind 2006",
    "et": "Weight",
    "off": 8167,
    "sff": "15 g"
  },
  {
    "docID": "N197 Rochkind 2006",
    "et": "Weight",
    "off": 14641,
    "sff": "190 G"
  },
  {
    "docID": "N197 Rochkind 2006",
    "et": "RatModel",
    "off": 24924,
    "sff": "rat"
  },
  {
    "docID": "N197 Rochkind 2006",
    "et": "RatModel",
    "off": 20256,
    "sff": "rat"
  },
  {
    "docID": "N197 Rochkind 2006",
    "et": "RatModel",
    "off": 16948,
    "sff": "rat"
  },
  {
    "docID": "N197 Rochkind 2006",
    "et": "RatModel",
    "off": 18030,
    "sff": "rat"
  },
  {
    "docID": "N197 Rochkind 2006",
    "et": "RatModel",
    "off": 20557,
    "sff": "rat"
  },
  {
    "docID": "N197 Rochkind 2006",
    "et": "RatModel",
    "off": 19852,
    "sff": "rat"
  },
  {
    "docID": "N197 Rochkind 2006",
    "et": "RatModel",
    "off": 20491,
    "sff": "rat"
  },
  {
    "docID": "N197 Rochkind 2006",
    "et": "RatModel",
    "off": 20741,
    "sff": "rat"
  },
  {
    "docID": "N197 Rochkind 2006",
    "et": "RatModel",
    "off": 20163,
    "sff": "rat"
  },
  {
    "docID": "N197 Rochkind 2006",
    "et": "RatModel",
    "off": 18312,
    "sff": "rat"
  },
  {
    "docID": "N197 Rochkind 2006",
    "et": "RatModel",
    "off": 17927,
    "sff": "rat"
  },
  {
    "docID": "N197 Rochkind 2006",
    "et": "RatModel",
    "off": 20647,
    "sff": "rat"
  },
  {
    "docID": "N197 Rochkind 2006",
    "et": "RatModel",
    "off": 23463,
    "sff": "rat"
  },
  {
    "docID": "N197 Rochkind 2006",
    "et": "Patient",
    "off": 7777,
    "sff": "patient"
  },
  {
    "docID": "N197 Rochkind 2006",
    "et": "NewZealandRabbit",
    "off": 142,
    "sff": "new"
  },
  {
    "docID": "N197 Rochkind 2006",
    "et": "NewZealandRabbit",
    "off": 23049,
    "sff": "new"
  },
  {
    "docID": "N197 Rochkind 2006",
    "et": "RabbitSpecies",
    "off": 16702,
    "sff": "rabbit"
  },
  {
    "docID": "N197 Rochkind 2006",
    "et": "RabbitModel",
    "off": 16702,
    "sff": "rabbit"
  },
  {
    "docID": "N197 Rochkind 2006",
    "et": "RatSpecies",
    "off": 20256,
    "sff": "rat"
  },
  {
    "docID": "N197 Rochkind 2006",
    "et": "RatSpecies",
    "off": 20163,
    "sff": "rat"
  },
  {
    "docID": "N197 Rochkind 2006",
    "et": "RatSpecies",
    "off": 20741,
    "sff": "rat"
  },
  {
    "docID": "N197 Rochkind 2006",
    "et": "RatSpecies",
    "off": 24924,
    "sff": "rat"
  },
  {
    "docID": "N197 Rochkind 2006",
    "et": "RatSpecies",
    "off": 18030,
    "sff": "rat"
  },
  {
    "docID": "N197 Rochkind 2006",
    "et": "RatSpecies",
    "off": 16948,
    "sff": "rat"
  },
  {
    "docID": "N197 Rochkind 2006",
    "et": "RatSpecies",
    "off": 17927,
    "sff": "rat"
  },
  {
    "docID": "N197 Rochkind 2006",
    "et": "RatSpecies",
    "off": 20647,
    "sff": "rat"
  },
  {
    "docID": "N197 Rochkind 2006",
    "et": "RatSpecies",
    "off": 23463,
    "sff": "rat"
  },
  {
    "docID": "N197 Rochkind 2006",
    "et": "RatSpecies",
    "off": 18312,
    "sff": "rat"
  },
  {
    "docID": "N197 Rochkind 2006",
    "et": "RatSpecies",
    "off": 20491,
    "sff": "rat"
  },
  {
    "docID": "N197 Rochkind 2006",
    "et": "RatSpecies",
    "off": 20557,
    "sff": "rat"
  },
  {
    "docID": "N197 Rochkind 2006",
    "et": "RatSpecies",
    "off": 19852,
    "sff": "rat"
  },
  {
    "docID": "N197 Rochkind 2006",
    "et": "Adult",
    "off": 7439,
    "sff": "adult"
  },
  {
    "docID": "N197 Rochkind 2006",
    "et": "Adult",
    "off": 26415,
    "sff": "adult"
  },
  {
    "docID": "N197 Rochkind 2006",
    "et": "Adult",
    "off": 26831,
    "sff": "adult"
  },
  {
    "docID": "N197 Rochkind 2006",
    "et": "Adult",
    "off": 27532,
    "sff": "adult"
  },
  {
    "docID": "N197 Rochkind 2006",
    "et": "Adult",
    "off": 4177,
    "sff": "adult"
  },
  {
    "docID": "N197 Rochkind 2006",
    "et": "Adult",
    "off": 7379,
    "sff": "adult"
  },
  {
    "docID": "N197 Rochkind 2006",
    "et": "Adult",
    "off": 882,
    "sff": "adult"
  },
  {
    "docID": "N197 Rochkind 2006",
    "et": "Adult",
    "off": 18673,
    "sff": "adult"
  },
  {
    "docID": "N197 Rochkind 2006",
    "et": "Adult",
    "off": 24787,
    "sff": "mature"
  },
  {
    "docID": "N197 Rochkind 2006",
    "et": "Adult",
    "off": 17703,
    "sff": "mature"
  },
  {
    "docID": "N197 Rochkind 2006",
    "et": "Adult",
    "off": 17224,
    "sff": "adult"
  },
  {
    "docID": "N197 Rochkind 2006",
    "et": "Adult",
    "off": 17289,
    "sff": "adult"
  },
  {
    "docID": "N197 Rochkind 2006",
    "et": "Adult",
    "off": 24734,
    "sff": "mature"
  },
  {
    "docID": "N197 Rochkind 2006",
    "et": "Adult",
    "off": 27747,
    "sff": "adult"
  },
  {
    "docID": "N197 Rochkind 2006",
    "et": "Adult",
    "off": 309,
    "sff": "adult"
  },
  {
    "docID": "N197 Rochkind 2006",
    "et": "Adult",
    "off": 27318,
    "sff": "adult"
  },
  {
    "docID": "N197 Rochkind 2006",
    "et": "Adult",
    "off": 19066,
    "sff": "adult"
  },
  {
    "docID": "N197 Rochkind 2006",
    "et": "Adult",
    "off": 18171,
    "sff": "adult"
  },
  {
    "docID": "N197 Rochkind 2006",
    "et": "LongEvansRat",
    "off": 11439,
    "sff": "long"
  },
  {
    "docID": "N197 Rochkind 2006",
    "et": "LongEvansRat",
    "off": 15070,
    "sff": "long"
  },
  {
    "docID": "N197 Rochkind 2006",
    "et": "LongEvansRat",
    "off": 11197,
    "sff": "long"
  },
  {
    "docID": "N197 Rochkind 2006",
    "et": "LongEvansRat",
    "off": 29724,
    "sff": "long"
  },
  {
    "docID": "N197 Rochkind 2006",
    "et": "LongEvansRat",
    "off": 14202,
    "sff": "long"
  },
  {
    "docID": "N197 Rochkind 2006",
    "et": "Age",
    "off": 18700,
    "sff": "3 months"
  },
  {
    "docID": "N197 Rochkind 2006",
    "et": "Age",
    "off": 9712,
    "sff": "3-months old"
  },
  {
    "docID": "N197 Rochkind 2006",
    "et": "Age",
    "off": 9166,
    "sff": "3–4 weeks"
  },
  {
    "docID": "N197 Rochkind 2006",
    "et": "Age",
    "off": 18101,
    "sff": "3 weeks"
  },
  {
    "docID": "N197 Rochkind 2006",
    "et": "Age",
    "off": 8278,
    "sff": "1–4 weeks"
  },
  {
    "docID": "N197 Rochkind 2006",
    "et": "Age",
    "off": 2966,
    "sff": "tend"
  },
  {
    "docID": "N197 Rochkind 2006",
    "et": "Age",
    "off": 7521,
    "sff": "16–23 weeks"
  },
  {
    "docID": "N197 Rochkind 2006",
    "et": "Age",
    "off": 21725,
    "sff": "3 months"
  },
  {
    "docID": "N197 Rochkind 2006",
    "et": "Age",
    "off": 19561,
    "sff": "1–2 weeks"
  },
  {
    "docID": "N197 Rochkind 2006",
    "et": "Age",
    "off": 18651,
    "sff": "10 months"
  },
  {
    "docID": "N197 Rochkind 2006",
    "et": "Age",
    "off": 1268,
    "sff": "3 months"
  },
  {
    "docID": "N197 Rochkind 2006",
    "et": "Age",
    "off": 6613,
    "sff": "3 months"
  },
  {
    "docID": "N197 Rochkind 2006",
    "et": "Age",
    "off": 12597,
    "sff": "3 months"
  },
  {
    "docID": "N197 Rochkind 2006",
    "et": "Age",
    "off": 13990,
    "sff": "2–10 months"
  }
]
