[
  {
    "docID": "N198 Ruitenberg 2002",
    "et": "Weight",
    "off": 40361,
    "sff": "30-G"
  },
  {
    "docID": "N198 Ruitenberg 2002",
    "et": "Weight",
    "off": 39963,
    "sff": "175–200 g"
  },
  {
    "docID": "N198 Ruitenberg 2002",
    "et": "Weight",
    "off": 30273,
    "sff": "175–200 g"
  },
  {
    "docID": "N198 Ruitenberg 2002",
    "et": "RatModel",
    "off": 15153,
    "sff": "rat"
  },
  {
    "docID": "N198 Ruitenberg 2002",
    "et": "RatModel",
    "off": 94,
    "sff": "rat"
  },
  {
    "docID": "N198 Ruitenberg 2002",
    "et": "RatModel",
    "off": 30123,
    "sff": "rat"
  },
  {
    "docID": "N198 Ruitenberg 2002",
    "et": "NewZealandRabbit",
    "off": 3669,
    "sff": "new"
  },
  {
    "docID": "N198 Ruitenberg 2002",
    "et": "NewZealandRabbit",
    "off": 2200,
    "sff": "new"
  },
  {
    "docID": "N198 Ruitenberg 2002",
    "et": "NewZealandRabbit",
    "off": 36824,
    "sff": "New"
  },
  {
    "docID": "N198 Ruitenberg 2002",
    "et": "NewZealandRabbit",
    "off": 16386,
    "sff": "new"
  },
  {
    "docID": "N198 Ruitenberg 2002",
    "et": "RabbitSpecies",
    "off": 43292,
    "sff": "rabbit"
  },
  {
    "docID": "N198 Ruitenberg 2002",
    "et": "RabbitSpecies",
    "off": 43434,
    "sff": "rabbit"
  },
  {
    "docID": "N198 Ruitenberg 2002",
    "et": "RabbitSpecies",
    "off": 38692,
    "sff": "rabbit"
  },
  {
    "docID": "N198 Ruitenberg 2002",
    "et": "MouseModel",
    "off": 43345,
    "sff": "mouse"
  },
  {
    "docID": "N198 Ruitenberg 2002",
    "et": "MouseModel",
    "off": 43661,
    "sff": "mouse"
  },
  {
    "docID": "N198 Ruitenberg 2002",
    "et": "MouseModel",
    "off": 43244,
    "sff": "mouse"
  },
  {
    "docID": "N198 Ruitenberg 2002",
    "et": "RabbitModel",
    "off": 38692,
    "sff": "rabbit"
  },
  {
    "docID": "N198 Ruitenberg 2002",
    "et": "RabbitModel",
    "off": 43292,
    "sff": "rabbit"
  },
  {
    "docID": "N198 Ruitenberg 2002",
    "et": "RabbitModel",
    "off": 43434,
    "sff": "rabbit"
  },
  {
    "docID": "N198 Ruitenberg 2002",
    "et": "RatSpecies",
    "off": 15153,
    "sff": "rat"
  },
  {
    "docID": "N198 Ruitenberg 2002",
    "et": "RatSpecies",
    "off": 94,
    "sff": "rat"
  },
  {
    "docID": "N198 Ruitenberg 2002",
    "et": "RatSpecies",
    "off": 30123,
    "sff": "rat"
  },
  {
    "docID": "N198 Ruitenberg 2002",
    "et": "MouseSpecies",
    "off": 43345,
    "sff": "mouse"
  },
  {
    "docID": "N198 Ruitenberg 2002",
    "et": "MouseSpecies",
    "off": 43244,
    "sff": "mouse"
  },
  {
    "docID": "N198 Ruitenberg 2002",
    "et": "MouseSpecies",
    "off": 43661,
    "sff": "mouse"
  },
  {
    "docID": "N198 Ruitenberg 2002",
    "et": "FischerRat",
    "off": 30245,
    "sff": "Fischer"
  },
  {
    "docID": "N198 Ruitenberg 2002",
    "et": "FischerRat",
    "off": 39936,
    "sff": "Fischer"
  },
  {
    "docID": "N198 Ruitenberg 2002",
    "et": "FischerRat",
    "off": 35407,
    "sff": "Fischer"
  },
  {
    "docID": "N198 Ruitenberg 2002",
    "et": "Adult",
    "off": 2325,
    "sff": "mature"
  },
  {
    "docID": "N198 Ruitenberg 2002",
    "et": "Adult",
    "off": 30232,
    "sff": "Adult"
  },
  {
    "docID": "N198 Ruitenberg 2002",
    "et": "Adult",
    "off": 15147,
    "sff": "adult"
  },
  {
    "docID": "N198 Ruitenberg 2002",
    "et": "Adult",
    "off": 29131,
    "sff": "adult"
  },
  {
    "docID": "N198 Ruitenberg 2002",
    "et": "Adult",
    "off": 39923,
    "sff": "Adult"
  },
  {
    "docID": "N198 Ruitenberg 2002",
    "et": "Adult",
    "off": 35377,
    "sff": "Adult"
  },
  {
    "docID": "N198 Ruitenberg 2002",
    "et": "LongEvansRat",
    "off": 8303,
    "sff": "long"
  },
  {
    "docID": "N198 Ruitenberg 2002",
    "et": "Female",
    "off": 39929,
    "sff": "female"
  },
  {
    "docID": "N198 Ruitenberg 2002",
    "et": "Female",
    "off": 30238,
    "sff": "female"
  },
  {
    "docID": "N198 Ruitenberg 2002",
    "et": "Female",
    "off": 35400,
    "sff": "female"
  },
  {
    "docID": "N198 Ruitenberg 2002",
    "et": "Age",
    "off": 36271,
    "sff": "6–7 days"
  },
  {
    "docID": "N198 Ruitenberg 2002",
    "et": "Age",
    "off": 1271,
    "sff": "30 days"
  },
  {
    "docID": "N198 Ruitenberg 2002",
    "et": "Age",
    "off": 18269,
    "sff": "7 days"
  },
  {
    "docID": "N198 Ruitenberg 2002",
    "et": "Age",
    "off": 10876,
    "sff": "30 days"
  },
  {
    "docID": "N198 Ruitenberg 2002",
    "et": "Age",
    "off": 35384,
    "sff": "3–4 months old"
  },
  {
    "docID": "N198 Ruitenberg 2002",
    "et": "Age",
    "off": 17905,
    "sff": "30 days"
  },
  {
    "docID": "N198 Ruitenberg 2002",
    "et": "Age",
    "off": 13667,
    "sff": "7 days"
  },
  {
    "docID": "N198 Ruitenberg 2002",
    "et": "Age",
    "off": 14505,
    "sff": "4 months"
  },
  {
    "docID": "N198 Ruitenberg 2002",
    "et": "Age",
    "off": 12014,
    "sff": "30 days"
  },
  {
    "docID": "N198 Ruitenberg 2002",
    "et": "Age",
    "off": 20213,
    "sff": "30 days"
  },
  {
    "docID": "N198 Ruitenberg 2002",
    "et": "Age",
    "off": 9764,
    "sff": "7 days"
  },
  {
    "docID": "N198 Ruitenberg 2002",
    "et": "Age",
    "off": 1453,
    "sff": "4 months"
  },
  {
    "docID": "N198 Ruitenberg 2002",
    "et": "Age",
    "off": 19250,
    "sff": "30 days"
  },
  {
    "docID": "N198 Ruitenberg 2002",
    "et": "Age",
    "off": 20225,
    "sff": "4 months"
  },
  {
    "docID": "N198 Ruitenberg 2002",
    "et": "Age",
    "off": 27266,
    "sff": "4 months"
  },
  {
    "docID": "N198 Ruitenberg 2002",
    "et": "Age",
    "off": 10636,
    "sff": "7 days"
  },
  {
    "docID": "N198 Ruitenberg 2002",
    "et": "Age",
    "off": 1167,
    "sff": "7 days"
  },
  {
    "docID": "N198 Ruitenberg 2002",
    "et": "Age",
    "off": 11211,
    "sff": "30 days"
  },
  {
    "docID": "N198 Ruitenberg 2002",
    "et": "Age",
    "off": 15375,
    "sff": "7 days"
  },
  {
    "docID": "N198 Ruitenberg 2002",
    "et": "Age",
    "off": 17166,
    "sff": "7 days"
  },
  {
    "docID": "N198 Ruitenberg 2002",
    "et": "Age",
    "off": 11902,
    "sff": "30 days"
  },
  {
    "docID": "N198 Ruitenberg 2002",
    "et": "Age",
    "off": 20107,
    "sff": "4 months"
  },
  {
    "docID": "N198 Ruitenberg 2002",
    "et": "Age",
    "off": 42164,
    "sff": "16 weeks"
  },
  {
    "docID": "N198 Ruitenberg 2002",
    "et": "Age",
    "off": 8837,
    "sff": "7 days"
  },
  {
    "docID": "N198 Ruitenberg 2002",
    "et": "Age",
    "off": 21199,
    "sff": "4 months"
  },
  {
    "docID": "N198 Ruitenberg 2002",
    "et": "Age",
    "off": 16065,
    "sff": "3 days"
  },
  {
    "docID": "N198 Ruitenberg 2002",
    "et": "Age",
    "off": 9154,
    "sff": "3 days"
  },
  {
    "docID": "N198 Ruitenberg 2002",
    "et": "Age",
    "off": 19373,
    "sff": "30 days"
  },
  {
    "docID": "N198 Ruitenberg 2002",
    "et": "Age",
    "off": 9342,
    "sff": "3 days"
  },
  {
    "docID": "N198 Ruitenberg 2002",
    "et": "Age",
    "off": 14185,
    "sff": "1 month"
  },
  {
    "docID": "N198 Ruitenberg 2002",
    "et": "Age",
    "off": 12832,
    "sff": "4 months"
  }
]
