[
  {
    "docID": "N200 Sasaki 2004",
    "et": "Weight",
    "off": 8310,
    "sff": "150–179 gm"
  },
  {
    "docID": "N200 Sasaki 2004",
    "et": "RatModel",
    "off": 5252,
    "sff": "rat"
  },
  {
    "docID": "N200 Sasaki 2004",
    "et": "RatModel",
    "off": 4450,
    "sff": "rat"
  },
  {
    "docID": "N200 Sasaki 2004",
    "et": "RatModel",
    "off": 9534,
    "sff": "rat"
  },
  {
    "docID": "N200 Sasaki 2004",
    "et": "RatModel",
    "off": 28700,
    "sff": "rat"
  },
  {
    "docID": "N200 Sasaki 2004",
    "et": "NewZealandRabbit",
    "off": 1783,
    "sff": "new"
  },
  {
    "docID": "N200 Sasaki 2004",
    "et": "NewZealandRabbit",
    "off": 329,
    "sff": "New"
  },
  {
    "docID": "N200 Sasaki 2004",
    "et": "RabbitSpecies",
    "off": 11196,
    "sff": "rabbit"
  },
  {
    "docID": "N200 Sasaki 2004",
    "et": "RabbitSpecies",
    "off": 7239,
    "sff": "rabbit"
  },
  {
    "docID": "N200 Sasaki 2004",
    "et": "RabbitSpecies",
    "off": 7142,
    "sff": "rabbit"
  },
  {
    "docID": "N200 Sasaki 2004",
    "et": "SpragueDawleyRat",
    "off": 549,
    "sff": "Sprague Dawley"
  },
  {
    "docID": "N200 Sasaki 2004",
    "et": "SpragueDawleyRat",
    "off": 8289,
    "sff": "Sprague Dawley"
  },
  {
    "docID": "N200 Sasaki 2004",
    "et": "SpragueDawleyRat",
    "off": 8289,
    "sff": "Sprague Dawley rats"
  },
  {
    "docID": "N200 Sasaki 2004",
    "et": "MouseModel",
    "off": 7296,
    "sff": "mouse"
  },
  {
    "docID": "N200 Sasaki 2004",
    "et": "MouseModel",
    "off": 7192,
    "sff": "mouse"
  },
  {
    "docID": "N200 Sasaki 2004",
    "et": "RabbitModel",
    "off": 11196,
    "sff": "rabbit"
  },
  {
    "docID": "N200 Sasaki 2004",
    "et": "RabbitModel",
    "off": 7239,
    "sff": "rabbit"
  },
  {
    "docID": "N200 Sasaki 2004",
    "et": "RabbitModel",
    "off": 7142,
    "sff": "rabbit"
  },
  {
    "docID": "N200 Sasaki 2004",
    "et": "AgeCategory",
    "off": 33064,
    "sff": "age"
  },
  {
    "docID": "N200 Sasaki 2004",
    "et": "RatSpecies",
    "off": 5252,
    "sff": "rat"
  },
  {
    "docID": "N200 Sasaki 2004",
    "et": "RatSpecies",
    "off": 4450,
    "sff": "rat"
  },
  {
    "docID": "N200 Sasaki 2004",
    "et": "RatSpecies",
    "off": 9534,
    "sff": "rat"
  },
  {
    "docID": "N200 Sasaki 2004",
    "et": "RatSpecies",
    "off": 28700,
    "sff": "rat"
  },
  {
    "docID": "N200 Sasaki 2004",
    "et": "MouseSpecies",
    "off": 7192,
    "sff": "mouse"
  },
  {
    "docID": "N200 Sasaki 2004",
    "et": "MouseSpecies",
    "off": 7296,
    "sff": "mouse"
  },
  {
    "docID": "N200 Sasaki 2004",
    "et": "Adult",
    "off": 2147,
    "sff": "adult"
  },
  {
    "docID": "N200 Sasaki 2004",
    "et": "Adult",
    "off": 34049,
    "sff": "adult"
  },
  {
    "docID": "N200 Sasaki 2004",
    "et": "Adult",
    "off": 33816,
    "sff": "adult"
  },
  {
    "docID": "N200 Sasaki 2004",
    "et": "Adult",
    "off": 28694,
    "sff": "adult"
  },
  {
    "docID": "N200 Sasaki 2004",
    "et": "Adult",
    "off": 532,
    "sff": "adult"
  },
  {
    "docID": "N200 Sasaki 2004",
    "et": "Adult",
    "off": 1578,
    "sff": "Adult"
  },
  {
    "docID": "N200 Sasaki 2004",
    "et": "Adult",
    "off": 32210,
    "sff": "adult"
  },
  {
    "docID": "N200 Sasaki 2004",
    "et": "Adult",
    "off": 4336,
    "sff": "adult"
  },
  {
    "docID": "N200 Sasaki 2004",
    "et": "Adult",
    "off": 36208,
    "sff": "adult"
  },
  {
    "docID": "N200 Sasaki 2004",
    "et": "Adult",
    "off": 9069,
    "sff": "adult"
  },
  {
    "docID": "N200 Sasaki 2004",
    "et": "Adult",
    "off": 1387,
    "sff": "adult"
  },
  {
    "docID": "N200 Sasaki 2004",
    "et": "Adult",
    "off": 8276,
    "sff": "Adult"
  },
  {
    "docID": "N200 Sasaki 2004",
    "et": "Adult",
    "off": 33290,
    "sff": "adult"
  },
  {
    "docID": "N200 Sasaki 2004",
    "et": "LongEvansRat",
    "off": 35349,
    "sff": "long"
  },
  {
    "docID": "N200 Sasaki 2004",
    "et": "Female",
    "off": 8282,
    "sff": "female"
  },
  {
    "docID": "N200 Sasaki 2004",
    "et": "Age",
    "off": 21691,
    "sff": "5 weeks"
  },
  {
    "docID": "N200 Sasaki 2004",
    "et": "Age",
    "off": 24137,
    "sff": "6D"
  },
  {
    "docID": "N200 Sasaki 2004",
    "et": "Age",
    "off": 20654,
    "sff": "Five weeks"
  },
  {
    "docID": "N200 Sasaki 2004",
    "et": "Age",
    "off": 12856,
    "sff": "2 d"
  },
  {
    "docID": "N200 Sasaki 2004",
    "et": "Age",
    "off": 18969,
    "sff": "5 weeks"
  },
  {
    "docID": "N200 Sasaki 2004",
    "et": "Age",
    "off": 14870,
    "sff": "5 weeks"
  },
  {
    "docID": "N200 Sasaki 2004",
    "et": "Age",
    "off": 15670,
    "sff": "5 weeks"
  },
  {
    "docID": "N200 Sasaki 2004",
    "et": "Age",
    "off": 9591,
    "sff": "5 weeks"
  },
  {
    "docID": "N200 Sasaki 2004",
    "et": "Age",
    "off": 20476,
    "sff": "3–7 d"
  },
  {
    "docID": "N200 Sasaki 2004",
    "et": "Age",
    "off": 21471,
    "sff": "3D"
  },
  {
    "docID": "N200 Sasaki 2004",
    "et": "Age",
    "off": 5196,
    "sff": "4- to 8-week-old"
  },
  {
    "docID": "N200 Sasaki 2004",
    "et": "Age",
    "off": 692,
    "sff": "Five weeks"
  },
  {
    "docID": "N200 Sasaki 2004",
    "et": "Age",
    "off": 13440,
    "sff": "5 weeks"
  },
  {
    "docID": "N200 Sasaki 2004",
    "et": "Age",
    "off": 27088,
    "sff": "5 week"
  },
  {
    "docID": "N200 Sasaki 2004",
    "et": "Age",
    "off": 18172,
    "sff": "1 week"
  },
  {
    "docID": "N200 Sasaki 2004",
    "et": "Age",
    "off": 36642,
    "sff": "5 week"
  },
  {
    "docID": "N200 Sasaki 2004",
    "et": "Age",
    "off": 12903,
    "sff": "5 weeks"
  },
  {
    "docID": "N200 Sasaki 2004",
    "et": "Age",
    "off": 28740,
    "sff": "5 weeks"
  },
  {
    "docID": "N200 Sasaki 2004",
    "et": "Age",
    "off": 18194,
    "sff": "5 weeks"
  },
  {
    "docID": "N200 Sasaki 2004",
    "et": "Age",
    "off": 35922,
    "sff": "5 weeks"
  },
  {
    "docID": "N200 Sasaki 2004",
    "et": "Age",
    "off": 7010,
    "sff": "3–7 d"
  },
  {
    "docID": "N200 Sasaki 2004",
    "et": "Age",
    "off": 14014,
    "sff": "7 d"
  },
  {
    "docID": "N200 Sasaki 2004",
    "et": "Age",
    "off": 27439,
    "sff": "5 weeks"
  }
]
