[
  {
    "docID": "N201 Sasaki 2006",
    "et": "Weight",
    "off": 5305,
    "sff": "150-179 g"
  },
  {
    "docID": "N201 Sasaki 2006",
    "et": "Weight",
    "off": 22388,
    "sff": "4G"
  },
  {
    "docID": "N201 Sasaki 2006",
    "et": "RatModel",
    "off": 25879,
    "sff": "rat"
  },
  {
    "docID": "N201 Sasaki 2006",
    "et": "RatModel",
    "off": 4349,
    "sff": "rat"
  },
  {
    "docID": "N201 Sasaki 2006",
    "et": "RatModel",
    "off": 5486,
    "sff": "rat"
  },
  {
    "docID": "N201 Sasaki 2006",
    "et": "RatModel",
    "off": 538,
    "sff": "rat"
  },
  {
    "docID": "N201 Sasaki 2006",
    "et": "RatModel",
    "off": 5931,
    "sff": "rat"
  },
  {
    "docID": "N201 Sasaki 2006",
    "et": "NewZealandRabbit",
    "off": 25997,
    "sff": "new"
  },
  {
    "docID": "N201 Sasaki 2006",
    "et": "NewZealandRabbit",
    "off": 358,
    "sff": "New"
  },
  {
    "docID": "N201 Sasaki 2006",
    "et": "NewZealandRabbit",
    "off": 25847,
    "sff": "new"
  },
  {
    "docID": "N201 Sasaki 2006",
    "et": "SpragueDawleyRat",
    "off": 5270,
    "sff": "Sprague-Dawley"
  },
  {
    "docID": "N201 Sasaki 2006",
    "et": "RatSpecies",
    "off": 25879,
    "sff": "rat"
  },
  {
    "docID": "N201 Sasaki 2006",
    "et": "RatSpecies",
    "off": 538,
    "sff": "rat"
  },
  {
    "docID": "N201 Sasaki 2006",
    "et": "RatSpecies",
    "off": 5931,
    "sff": "rat"
  },
  {
    "docID": "N201 Sasaki 2006",
    "et": "RatSpecies",
    "off": 5486,
    "sff": "rat"
  },
  {
    "docID": "N201 Sasaki 2006",
    "et": "RatSpecies",
    "off": 4349,
    "sff": "rat"
  },
  {
    "docID": "N201 Sasaki 2006",
    "et": "Adult",
    "off": 5257,
    "sff": "adult"
  },
  {
    "docID": "N201 Sasaki 2006",
    "et": "LongEvansRat",
    "off": 2458,
    "sff": "long"
  },
  {
    "docID": "N201 Sasaki 2006",
    "et": "LongEvansRat",
    "off": 23280,
    "sff": "long"
  },
  {
    "docID": "N201 Sasaki 2006",
    "et": "LongEvansRat",
    "off": 1462,
    "sff": "long"
  },
  {
    "docID": "N201 Sasaki 2006",
    "et": "LongEvansRat",
    "off": 27033,
    "sff": "long"
  },
  {
    "docID": "N201 Sasaki 2006",
    "et": "Female",
    "off": 5263,
    "sff": "female"
  },
  {
    "docID": "N201 Sasaki 2006",
    "et": "Age",
    "off": 24438,
    "sff": "1 week"
  },
  {
    "docID": "N201 Sasaki 2006",
    "et": "Age",
    "off": 19831,
    "sff": "1 week"
  },
  {
    "docID": "N201 Sasaki 2006",
    "et": "Age",
    "off": 16481,
    "sff": "4 weeks"
  },
  {
    "docID": "N201 Sasaki 2006",
    "et": "Age",
    "off": 15611,
    "sff": "1 week"
  },
  {
    "docID": "N201 Sasaki 2006",
    "et": "Age",
    "off": 23017,
    "sff": "4 weeks"
  },
  {
    "docID": "N201 Sasaki 2006",
    "et": "Age",
    "off": 10482,
    "sff": "1 week"
  },
  {
    "docID": "N201 Sasaki 2006",
    "et": "Age",
    "off": 20850,
    "sff": "4 weeks"
  },
  {
    "docID": "N201 Sasaki 2006",
    "et": "Age",
    "off": 13194,
    "sff": "1 week"
  },
  {
    "docID": "N201 Sasaki 2006",
    "et": "Age",
    "off": 14341,
    "sff": "1 week"
  },
  {
    "docID": "N201 Sasaki 2006",
    "et": "Age",
    "off": 15363,
    "sff": "1 week"
  },
  {
    "docID": "N201 Sasaki 2006",
    "et": "Age",
    "off": 22659,
    "sff": "1 week"
  },
  {
    "docID": "N201 Sasaki 2006",
    "et": "Age",
    "off": 9353,
    "sff": "5 weeks"
  },
  {
    "docID": "N201 Sasaki 2006",
    "et": "Age",
    "off": 20539,
    "sff": "4D"
  },
  {
    "docID": "N201 Sasaki 2006",
    "et": "Age",
    "off": 20821,
    "sff": "1 week"
  },
  {
    "docID": "N201 Sasaki 2006",
    "et": "Age",
    "off": 1094,
    "sff": "4 weeks"
  },
  {
    "docID": "N201 Sasaki 2006",
    "et": "Age",
    "off": 20038,
    "sff": "4 weeks"
  },
  {
    "docID": "N201 Sasaki 2006",
    "et": "Age",
    "off": 21865,
    "sff": "1 week"
  },
  {
    "docID": "N201 Sasaki 2006",
    "et": "Age",
    "off": 16353,
    "sff": "1 week"
  },
  {
    "docID": "N201 Sasaki 2006",
    "et": "Age",
    "off": 15633,
    "sff": "5 weeks"
  },
  {
    "docID": "N201 Sasaki 2006",
    "et": "Age",
    "off": 20525,
    "sff": "4 weeks"
  },
  {
    "docID": "N201 Sasaki 2006",
    "et": "Age",
    "off": 16681,
    "sff": "4 weeks"
  },
  {
    "docID": "N201 Sasaki 2006",
    "et": "Age",
    "off": 21289,
    "sff": "4 weeks"
  },
  {
    "docID": "N201 Sasaki 2006",
    "et": "Age",
    "off": 15864,
    "sff": "5 weeks"
  },
  {
    "docID": "N201 Sasaki 2006",
    "et": "Age",
    "off": 4289,
    "sff": "4- to 8-weekold"
  },
  {
    "docID": "N201 Sasaki 2006",
    "et": "Age",
    "off": 13769,
    "sff": "1 week"
  },
  {
    "docID": "N201 Sasaki 2006",
    "et": "Age",
    "off": 16309,
    "sff": "4 weeks"
  },
  {
    "docID": "N201 Sasaki 2006",
    "et": "Age",
    "off": 22396,
    "sff": "5 weeks"
  },
  {
    "docID": "N201 Sasaki 2006",
    "et": "Age",
    "off": 17155,
    "sff": "1 Week"
  },
  {
    "docID": "N201 Sasaki 2006",
    "et": "Age",
    "off": 21066,
    "sff": "1 week to 4 weeks"
  },
  {
    "docID": "N201 Sasaki 2006",
    "et": "Age",
    "off": 953,
    "sff": "4 weeks"
  },
  {
    "docID": "N201 Sasaki 2006",
    "et": "Age",
    "off": 1221,
    "sff": "1 week"
  },
  {
    "docID": "N201 Sasaki 2006",
    "et": "Age",
    "off": 4869,
    "sff": "3‚Äì7 days"
  },
  {
    "docID": "N201 Sasaki 2006",
    "et": "Age",
    "off": 14530,
    "sff": "1 week"
  },
  {
    "docID": "N201 Sasaki 2006",
    "et": "Age",
    "off": 6967,
    "sff": "4 weeks"
  },
  {
    "docID": "N201 Sasaki 2006",
    "et": "Age",
    "off": 20504,
    "sff": "1 week"
  },
  {
    "docID": "N201 Sasaki 2006",
    "et": "Age",
    "off": 18747,
    "sff": "1-week"
  },
  {
    "docID": "N201 Sasaki 2006",
    "et": "Age",
    "off": 18198,
    "sff": "1 week"
  },
  {
    "docID": "N201 Sasaki 2006",
    "et": "Age",
    "off": 11799,
    "sff": "1 week"
  },
  {
    "docID": "N201 Sasaki 2006",
    "et": "Age",
    "off": 20247,
    "sff": "1 week"
  },
  {
    "docID": "N201 Sasaki 2006",
    "et": "Age",
    "off": 11919,
    "sff": "Four weeks"
  },
  {
    "docID": "N201 Sasaki 2006",
    "et": "Age",
    "off": 15754,
    "sff": "5-week"
  },
  {
    "docID": "N201 Sasaki 2006",
    "et": "Age",
    "off": 22941,
    "sff": "1 week"
  },
  {
    "docID": "N201 Sasaki 2006",
    "et": "Age",
    "off": 9754,
    "sff": "1 week"
  },
  {
    "docID": "N201 Sasaki 2006",
    "et": "Age",
    "off": 17041,
    "sff": "1 week"
  },
  {
    "docID": "N201 Sasaki 2006",
    "et": "Age",
    "off": 12810,
    "sff": "4 weeks"
  },
  {
    "docID": "N201 Sasaki 2006",
    "et": "Age",
    "off": 1039,
    "sff": "1 week"
  },
  {
    "docID": "N201 Sasaki 2006",
    "et": "Age",
    "off": 1291,
    "sff": "4 weeks"
  },
  {
    "docID": "N201 Sasaki 2006",
    "et": "Age",
    "off": 14931,
    "sff": "1 to 4 weeks"
  },
  {
    "docID": "N201 Sasaki 2006",
    "et": "Age",
    "off": 14862,
    "sff": "4 weeks"
  },
  {
    "docID": "N201 Sasaki 2006",
    "et": "Age",
    "off": 14748,
    "sff": "4 weeks"
  },
  {
    "docID": "N201 Sasaki 2006",
    "et": "Age",
    "off": 16288,
    "sff": "1 week"
  },
  {
    "docID": "N201 Sasaki 2006",
    "et": "Age",
    "off": 9303,
    "sff": "2 days"
  }
]
