[
  {
    "docID": "N203 Stamegna 2011",
    "et": "Weight",
    "off": 10623,
    "sff": "300–400 g"
  },
  {
    "docID": "N203 Stamegna 2011",
    "et": "Weight",
    "off": 8078,
    "sff": "20 g"
  },
  {
    "docID": "N203 Stamegna 2011",
    "et": "Weight",
    "off": 22587,
    "sff": "0.325±0.028 kg"
  },
  {
    "docID": "N203 Stamegna 2011",
    "et": "Weight",
    "off": 6424,
    "sff": "250 g"
  },
  {
    "docID": "N203 Stamegna 2011",
    "et": "Weight",
    "off": 7960,
    "sff": "20 g"
  },
  {
    "docID": "N203 Stamegna 2011",
    "et": "Weight",
    "off": 5353,
    "sff": "250 g"
  },
  {
    "docID": "N203 Stamegna 2011",
    "et": "RatModel",
    "off": 10057,
    "sff": "rat"
  },
  {
    "docID": "N203 Stamegna 2011",
    "et": "RatModel",
    "off": 33449,
    "sff": "rat"
  },
  {
    "docID": "N203 Stamegna 2011",
    "et": "RatModel",
    "off": 73,
    "sff": "rat"
  },
  {
    "docID": "N203 Stamegna 2011",
    "et": "RatModel",
    "off": 9747,
    "sff": "rat"
  },
  {
    "docID": "N203 Stamegna 2011",
    "et": "RatModel",
    "off": 6830,
    "sff": "rat"
  },
  {
    "docID": "N203 Stamegna 2011",
    "et": "RatModel",
    "off": 16878,
    "sff": "rat"
  },
  {
    "docID": "N203 Stamegna 2011",
    "et": "RatModel",
    "off": 22508,
    "sff": "rat"
  },
  {
    "docID": "N203 Stamegna 2011",
    "et": "RatModel",
    "off": 25113,
    "sff": "rat"
  },
  {
    "docID": "N203 Stamegna 2011",
    "et": "RatModel",
    "off": 32729,
    "sff": "rat"
  },
  {
    "docID": "N203 Stamegna 2011",
    "et": "RatModel",
    "off": 14168,
    "sff": "rat"
  },
  {
    "docID": "N203 Stamegna 2011",
    "et": "RatModel",
    "off": 37688,
    "sff": "rat"
  },
  {
    "docID": "N203 Stamegna 2011",
    "et": "RatModel",
    "off": 33954,
    "sff": "rat"
  },
  {
    "docID": "N203 Stamegna 2011",
    "et": "RatModel",
    "off": 4286,
    "sff": "rat"
  },
  {
    "docID": "N203 Stamegna 2011",
    "et": "RatModel",
    "off": 1180,
    "sff": "rat"
  },
  {
    "docID": "N203 Stamegna 2011",
    "et": "NewZealandRabbit",
    "off": 39539,
    "sff": "new"
  },
  {
    "docID": "N203 Stamegna 2011",
    "et": "RabbitSpecies",
    "off": 14930,
    "sff": "rabbit"
  },
  {
    "docID": "N203 Stamegna 2011",
    "et": "RabbitSpecies",
    "off": 15051,
    "sff": "rabbit"
  },
  {
    "docID": "N203 Stamegna 2011",
    "et": "RabbitSpecies",
    "off": 15096,
    "sff": "rabbit"
  },
  {
    "docID": "N203 Stamegna 2011",
    "et": "Young",
    "off": 2405,
    "sff": "young"
  },
  {
    "docID": "N203 Stamegna 2011",
    "et": "SpragueDawleyRat",
    "off": 6394,
    "sff": "Sprague Dawley"
  },
  {
    "docID": "N203 Stamegna 2011",
    "et": "SpragueDawleyRat",
    "off": 6394,
    "sff": "Sprague Dawley rats"
  },
  {
    "docID": "N203 Stamegna 2011",
    "et": "SpragueDawleyRat",
    "off": 5317,
    "sff": "Sprague Dawley"
  },
  {
    "docID": "N203 Stamegna 2011",
    "et": "MouseModel",
    "off": 14974,
    "sff": "mouse"
  },
  {
    "docID": "N203 Stamegna 2011",
    "et": "RabbitModel",
    "off": 15096,
    "sff": "rabbit"
  },
  {
    "docID": "N203 Stamegna 2011",
    "et": "RabbitModel",
    "off": 14930,
    "sff": "rabbit"
  },
  {
    "docID": "N203 Stamegna 2011",
    "et": "RabbitModel",
    "off": 15051,
    "sff": "rabbit"
  },
  {
    "docID": "N203 Stamegna 2011",
    "et": "RatSpecies",
    "off": 22508,
    "sff": "rat"
  },
  {
    "docID": "N203 Stamegna 2011",
    "et": "RatSpecies",
    "off": 6830,
    "sff": "rat"
  },
  {
    "docID": "N203 Stamegna 2011",
    "et": "RatSpecies",
    "off": 16878,
    "sff": "rat"
  },
  {
    "docID": "N203 Stamegna 2011",
    "et": "RatSpecies",
    "off": 73,
    "sff": "rat"
  },
  {
    "docID": "N203 Stamegna 2011",
    "et": "RatSpecies",
    "off": 10057,
    "sff": "rat"
  },
  {
    "docID": "N203 Stamegna 2011",
    "et": "RatSpecies",
    "off": 33449,
    "sff": "rat"
  },
  {
    "docID": "N203 Stamegna 2011",
    "et": "RatSpecies",
    "off": 9747,
    "sff": "rat"
  },
  {
    "docID": "N203 Stamegna 2011",
    "et": "RatSpecies",
    "off": 1180,
    "sff": "rat"
  },
  {
    "docID": "N203 Stamegna 2011",
    "et": "RatSpecies",
    "off": 4286,
    "sff": "rat"
  },
  {
    "docID": "N203 Stamegna 2011",
    "et": "RatSpecies",
    "off": 14168,
    "sff": "rat"
  },
  {
    "docID": "N203 Stamegna 2011",
    "et": "RatSpecies",
    "off": 37688,
    "sff": "rat"
  },
  {
    "docID": "N203 Stamegna 2011",
    "et": "RatSpecies",
    "off": 25113,
    "sff": "rat"
  },
  {
    "docID": "N203 Stamegna 2011",
    "et": "RatSpecies",
    "off": 32729,
    "sff": "rat"
  },
  {
    "docID": "N203 Stamegna 2011",
    "et": "RatSpecies",
    "off": 33954,
    "sff": "rat"
  },
  {
    "docID": "N203 Stamegna 2011",
    "et": "Male",
    "off": 5305,
    "sff": "male"
  },
  {
    "docID": "N203 Stamegna 2011",
    "et": "MouseSpecies",
    "off": 14974,
    "sff": "mouse"
  },
  {
    "docID": "N203 Stamegna 2011",
    "et": "Adult",
    "off": 2411,
    "sff": "adults"
  },
  {
    "docID": "N203 Stamegna 2011",
    "et": "Adult",
    "off": 5332,
    "sff": "adult"
  },
  {
    "docID": "N203 Stamegna 2011",
    "et": "Adult",
    "off": 6388,
    "sff": "adult"
  },
  {
    "docID": "N203 Stamegna 2011",
    "et": "Female",
    "off": 6381,
    "sff": "Female"
  },
  {
    "docID": "N203 Stamegna 2011",
    "et": "Age",
    "off": 10582,
    "sff": "Three months"
  },
  {
    "docID": "N203 Stamegna 2011",
    "et": "Age",
    "off": 17314,
    "sff": "2 days"
  },
  {
    "docID": "N203 Stamegna 2011",
    "et": "Age",
    "off": 1381,
    "sff": "2 weeks"
  },
  {
    "docID": "N203 Stamegna 2011",
    "et": "Age",
    "off": 4702,
    "sff": "3 months"
  },
  {
    "docID": "N203 Stamegna 2011",
    "et": "Age",
    "off": 20368,
    "sff": "3.5 months"
  },
  {
    "docID": "N203 Stamegna 2011",
    "et": "Age",
    "off": 18508,
    "sff": "3.5 months"
  },
  {
    "docID": "N203 Stamegna 2011",
    "et": "Age",
    "off": 30571,
    "sff": "3.5 months"
  },
  {
    "docID": "N203 Stamegna 2011",
    "et": "Age",
    "off": 30853,
    "sff": "6D"
  },
  {
    "docID": "N203 Stamegna 2011",
    "et": "Age",
    "off": 32509,
    "sff": "Three years"
  },
  {
    "docID": "N203 Stamegna 2011",
    "et": "Age",
    "off": 19512,
    "sff": "3.5 months"
  },
  {
    "docID": "N203 Stamegna 2011",
    "et": "Age",
    "off": 1690,
    "sff": "3 months"
  },
  {
    "docID": "N203 Stamegna 2011",
    "et": "Age",
    "off": 23692,
    "sff": "3 months"
  },
  {
    "docID": "N203 Stamegna 2011",
    "et": "Age",
    "off": 34143,
    "sff": "3.5 months"
  },
  {
    "docID": "N203 Stamegna 2011",
    "et": "Age",
    "off": 27870,
    "sff": "3.5 months"
  },
  {
    "docID": "N203 Stamegna 2011",
    "et": "Age",
    "off": 33168,
    "sff": "2-week"
  },
  {
    "docID": "N203 Stamegna 2011",
    "et": "Age",
    "off": 17501,
    "sff": "3.5 months"
  },
  {
    "docID": "N203 Stamegna 2011",
    "et": "Age",
    "off": 17074,
    "sff": "3 months"
  },
  {
    "docID": "N203 Stamegna 2011",
    "et": "Age",
    "off": 37735,
    "sff": "1 day"
  },
  {
    "docID": "N203 Stamegna 2011",
    "et": "Age",
    "off": 5665,
    "sff": "Two days"
  },
  {
    "docID": "N203 Stamegna 2011",
    "et": "Age",
    "off": 17895,
    "sff": "3.5 months"
  },
  {
    "docID": "N203 Stamegna 2011",
    "et": "Age",
    "off": 8316,
    "sff": "Fifteen days"
  },
  {
    "docID": "N203 Stamegna 2011",
    "et": "Age",
    "off": 22312,
    "sff": "3 months"
  },
  {
    "docID": "N203 Stamegna 2011",
    "et": "Age",
    "off": 17162,
    "sff": "3 months"
  },
  {
    "docID": "N203 Stamegna 2011",
    "et": "Age",
    "off": 22075,
    "sff": "Fifteen days"
  }
]
