[
  {
    "docID": "N204 Steward 2006",
    "et": "Weight",
    "off": 28467,
    "sff": "16G"
  },
  {
    "docID": "N204 Steward 2006",
    "et": "Weight",
    "off": 11953,
    "sff": "100 g"
  },
  {
    "docID": "N204 Steward 2006",
    "et": "Weight",
    "off": 12315,
    "sff": "100 g"
  },
  {
    "docID": "N204 Steward 2006",
    "et": "Weight",
    "off": 28519,
    "sff": "16G"
  },
  {
    "docID": "N204 Steward 2006",
    "et": "Weight",
    "off": 13544,
    "sff": "250 g"
  },
  {
    "docID": "N204 Steward 2006",
    "et": "Weight",
    "off": 8380,
    "sff": "250 g"
  },
  {
    "docID": "N204 Steward 2006",
    "et": "RatModel",
    "off": 32248,
    "sff": "rat"
  },
  {
    "docID": "N204 Steward 2006",
    "et": "RatModel",
    "off": 29857,
    "sff": "rat"
  },
  {
    "docID": "N204 Steward 2006",
    "et": "RatModel",
    "off": 15330,
    "sff": "rat"
  },
  {
    "docID": "N204 Steward 2006",
    "et": "RatModel",
    "off": 33028,
    "sff": "rat"
  },
  {
    "docID": "N204 Steward 2006",
    "et": "RatModel",
    "off": 38202,
    "sff": "rat"
  },
  {
    "docID": "N204 Steward 2006",
    "et": "RabbitSpecies",
    "off": 23090,
    "sff": "rabbit"
  },
  {
    "docID": "N204 Steward 2006",
    "et": "SpragueDawleyRat",
    "off": 8309,
    "sff": "Sprague–Dawley rats"
  },
  {
    "docID": "N204 Steward 2006",
    "et": "SpragueDawleyRat",
    "off": 13523,
    "sff": "Sprague–Dawley rats"
  },
  {
    "docID": "N204 Steward 2006",
    "et": "SpragueDawleyRat",
    "off": 13523,
    "sff": "Sprague–Dawley"
  },
  {
    "docID": "N204 Steward 2006",
    "et": "SpragueDawleyRat",
    "off": 8309,
    "sff": "Sprague–Dawley"
  },
  {
    "docID": "N204 Steward 2006",
    "et": "RabbitModel",
    "off": 23090,
    "sff": "rabbit"
  },
  {
    "docID": "N204 Steward 2006",
    "et": "AgeCategory",
    "off": 8524,
    "sff": "age"
  },
  {
    "docID": "N204 Steward 2006",
    "et": "AgeCategory",
    "off": 45376,
    "sff": "age"
  },
  {
    "docID": "N204 Steward 2006",
    "et": "RatSpecies",
    "off": 33028,
    "sff": "rat"
  },
  {
    "docID": "N204 Steward 2006",
    "et": "RatSpecies",
    "off": 38202,
    "sff": "rat"
  },
  {
    "docID": "N204 Steward 2006",
    "et": "RatSpecies",
    "off": 32248,
    "sff": "rat"
  },
  {
    "docID": "N204 Steward 2006",
    "et": "RatSpecies",
    "off": 15330,
    "sff": "rat"
  },
  {
    "docID": "N204 Steward 2006",
    "et": "RatSpecies",
    "off": 29857,
    "sff": "rat"
  },
  {
    "docID": "N204 Steward 2006",
    "et": "Adult",
    "off": 13504,
    "sff": "Adult"
  },
  {
    "docID": "N204 Steward 2006",
    "et": "Adult",
    "off": 979,
    "sff": "Adult"
  },
  {
    "docID": "N204 Steward 2006",
    "et": "Adult",
    "off": 5987,
    "sff": "Adult"
  },
  {
    "docID": "N204 Steward 2006",
    "et": "Adult",
    "off": 2785,
    "sff": "mature"
  },
  {
    "docID": "N204 Steward 2006",
    "et": "Female",
    "off": 985,
    "sff": "female"
  },
  {
    "docID": "N204 Steward 2006",
    "et": "Female",
    "off": 8302,
    "sff": "female"
  },
  {
    "docID": "N204 Steward 2006",
    "et": "Female",
    "off": 13516,
    "sff": "female"
  },
  {
    "docID": "N204 Steward 2006",
    "et": "Age",
    "off": 44014,
    "sff": "1 month"
  },
  {
    "docID": "N204 Steward 2006",
    "et": "Age",
    "off": 16148,
    "sff": "4D"
  },
  {
    "docID": "N204 Steward 2006",
    "et": "Age",
    "off": 1332,
    "sff": "10 weeks"
  },
  {
    "docID": "N204 Steward 2006",
    "et": "Age",
    "off": 12198,
    "sff": "14 days"
  },
  {
    "docID": "N204 Steward 2006",
    "et": "Age",
    "off": 19636,
    "sff": "10 weeks"
  },
  {
    "docID": "N204 Steward 2006",
    "et": "Age",
    "off": 34141,
    "sff": "10-day"
  },
  {
    "docID": "N204 Steward 2006",
    "et": "Age",
    "off": 7146,
    "sff": "1 month"
  },
  {
    "docID": "N204 Steward 2006",
    "et": "Age",
    "off": 31008,
    "sff": "4 weeks"
  },
  {
    "docID": "N204 Steward 2006",
    "et": "Age",
    "off": 37913,
    "sff": "2 weeks"
  },
  {
    "docID": "N204 Steward 2006",
    "et": "Age",
    "off": 8650,
    "sff": "4 months old"
  },
  {
    "docID": "N204 Steward 2006",
    "et": "Age",
    "off": 7397,
    "sff": "1 month"
  },
  {
    "docID": "N204 Steward 2006",
    "et": "Age",
    "off": 11980,
    "sff": "7 days"
  },
  {
    "docID": "N204 Steward 2006",
    "et": "Age",
    "off": 29194,
    "sff": "2 days"
  },
  {
    "docID": "N204 Steward 2006",
    "et": "Age",
    "off": 32204,
    "sff": "10-week"
  },
  {
    "docID": "N204 Steward 2006",
    "et": "Age",
    "off": 12851,
    "sff": "6– 22 days"
  },
  {
    "docID": "N204 Steward 2006",
    "et": "Age",
    "off": 31347,
    "sff": "4 weeks"
  },
  {
    "docID": "N204 Steward 2006",
    "et": "Age",
    "off": 48038,
    "sff": "tend"
  },
  {
    "docID": "N204 Steward 2006",
    "et": "Age",
    "off": 8967,
    "sff": "10 weeks"
  },
  {
    "docID": "N204 Steward 2006",
    "et": "Age",
    "off": 13176,
    "sff": "14 days"
  },
  {
    "docID": "N204 Steward 2006",
    "et": "Age",
    "off": 19580,
    "sff": "14 weeks"
  },
  {
    "docID": "N204 Steward 2006",
    "et": "Age",
    "off": 37436,
    "sff": "4 weeks"
  },
  {
    "docID": "N204 Steward 2006",
    "et": "Age",
    "off": 5620,
    "sff": "1 month"
  },
  {
    "docID": "N204 Steward 2006",
    "et": "Age",
    "off": 14832,
    "sff": "2D"
  },
  {
    "docID": "N204 Steward 2006",
    "et": "Age",
    "off": 9168,
    "sff": "Four weeks"
  },
  {
    "docID": "N204 Steward 2006",
    "et": "Age",
    "off": 26170,
    "sff": "10 days"
  },
  {
    "docID": "N204 Steward 2006",
    "et": "Age",
    "off": 12041,
    "sff": "14 days"
  },
  {
    "docID": "N204 Steward 2006",
    "et": "Age",
    "off": 25424,
    "sff": "30 days"
  },
  {
    "docID": "N204 Steward 2006",
    "et": "Age",
    "off": 26247,
    "sff": "10 days"
  },
  {
    "docID": "N204 Steward 2006",
    "et": "Age",
    "off": 40872,
    "sff": "3 days"
  },
  {
    "docID": "N204 Steward 2006",
    "et": "Age",
    "off": 31754,
    "sff": "4 weeks"
  },
  {
    "docID": "N204 Steward 2006",
    "et": "Age",
    "off": 20277,
    "sff": "Ten weeks"
  },
  {
    "docID": "N204 Steward 2006",
    "et": "Age",
    "off": 19590,
    "sff": "4 weeks"
  },
  {
    "docID": "N204 Steward 2006",
    "et": "Age",
    "off": 18004,
    "sff": "Four weeks"
  },
  {
    "docID": "N204 Steward 2006",
    "et": "Age",
    "off": 28907,
    "sff": "2 days"
  },
  {
    "docID": "N204 Steward 2006",
    "et": "Age",
    "off": 43067,
    "sff": "16D"
  },
  {
    "docID": "N204 Steward 2006",
    "et": "Age",
    "off": 38228,
    "sff": "4 weeks"
  },
  {
    "docID": "N204 Steward 2006",
    "et": "Age",
    "off": 31570,
    "sff": "4 weeks"
  },
  {
    "docID": "N204 Steward 2006",
    "et": "Age",
    "off": 8591,
    "sff": "5 months old"
  },
  {
    "docID": "N204 Steward 2006",
    "et": "Age",
    "off": 21108,
    "sff": "Four days"
  },
  {
    "docID": "N204 Steward 2006",
    "et": "Age",
    "off": 8924,
    "sff": "4 weeks"
  }
]
