[
  {
    "docID": "N206 Takeoka 2009",
    "et": "LewisRat",
    "off": 41640,
    "sff": "Lewis"
  },
  {
    "docID": "N206 Takeoka 2009",
    "et": "LewisRat",
    "off": 41663,
    "sff": "Lewis"
  },
  {
    "docID": "N206 Takeoka 2009",
    "et": "Weight",
    "off": 21359,
    "sff": "1g"
  },
  {
    "docID": "N206 Takeoka 2009",
    "et": "Weight",
    "off": 28123,
    "sff": "4g"
  },
  {
    "docID": "N206 Takeoka 2009",
    "et": "Weight",
    "off": 28365,
    "sff": "4g"
  },
  {
    "docID": "N206 Takeoka 2009",
    "et": "RatModel",
    "off": 24043,
    "sff": "rat"
  },
  {
    "docID": "N206 Takeoka 2009",
    "et": "RatModel",
    "off": 10490,
    "sff": "rat"
  },
  {
    "docID": "N206 Takeoka 2009",
    "et": "RatModel",
    "off": 10089,
    "sff": "rat"
  },
  {
    "docID": "N206 Takeoka 2009",
    "et": "RatModel",
    "off": 32456,
    "sff": "rat"
  },
  {
    "docID": "N206 Takeoka 2009",
    "et": "RatModel",
    "off": 14917,
    "sff": "rat"
  },
  {
    "docID": "N206 Takeoka 2009",
    "et": "RatModel",
    "off": 23236,
    "sff": "rat"
  },
  {
    "docID": "N206 Takeoka 2009",
    "et": "RatModel",
    "off": 3664,
    "sff": "rat"
  },
  {
    "docID": "N206 Takeoka 2009",
    "et": "RatModel",
    "off": 34369,
    "sff": "rat"
  },
  {
    "docID": "N206 Takeoka 2009",
    "et": "RatModel",
    "off": 17230,
    "sff": "rat"
  },
  {
    "docID": "N206 Takeoka 2009",
    "et": "RatModel",
    "off": 33933,
    "sff": "rat"
  },
  {
    "docID": "N206 Takeoka 2009",
    "et": "AnimalSpecies",
    "off": 32568,
    "sff": "species"
  },
  {
    "docID": "N206 Takeoka 2009",
    "et": "AnimalSpecies",
    "off": 32610,
    "sff": "species"
  },
  {
    "docID": "N206 Takeoka 2009",
    "et": "RabbitSpecies",
    "off": 11406,
    "sff": "rabbit"
  },
  {
    "docID": "N206 Takeoka 2009",
    "et": "Young",
    "off": 32693,
    "sff": "young"
  },
  {
    "docID": "N206 Takeoka 2009",
    "et": "SpragueDawleyRat",
    "off": 34860,
    "sff": "Sprague–Dawley strains"
  },
  {
    "docID": "N206 Takeoka 2009",
    "et": "SpragueDawleyRat",
    "off": 34860,
    "sff": "Sprague–Dawley"
  },
  {
    "docID": "N206 Takeoka 2009",
    "et": "SpragueDawleyRat",
    "off": 33848,
    "sff": "Sprague–Dawley rats"
  },
  {
    "docID": "N206 Takeoka 2009",
    "et": "SpragueDawleyRat",
    "off": 33848,
    "sff": "Sprague–Dawley"
  },
  {
    "docID": "N206 Takeoka 2009",
    "et": "MouseModel",
    "off": 33020,
    "sff": "mouse"
  },
  {
    "docID": "N206 Takeoka 2009",
    "et": "RabbitModel",
    "off": 11406,
    "sff": "rabbit"
  },
  {
    "docID": "N206 Takeoka 2009",
    "et": "AgeCategory",
    "off": 32563,
    "sff": "age"
  },
  {
    "docID": "N206 Takeoka 2009",
    "et": "WistarRat",
    "off": 7997,
    "sff": "Wistar"
  },
  {
    "docID": "N206 Takeoka 2009",
    "et": "WistarRat",
    "off": 7745,
    "sff": "Wistar"
  },
  {
    "docID": "N206 Takeoka 2009",
    "et": "WistarRat",
    "off": 34275,
    "sff": "Wistar"
  },
  {
    "docID": "N206 Takeoka 2009",
    "et": "RatSpecies",
    "off": 24043,
    "sff": "rat"
  },
  {
    "docID": "N206 Takeoka 2009",
    "et": "RatSpecies",
    "off": 17230,
    "sff": "rat"
  },
  {
    "docID": "N206 Takeoka 2009",
    "et": "RatSpecies",
    "off": 33933,
    "sff": "rat"
  },
  {
    "docID": "N206 Takeoka 2009",
    "et": "RatSpecies",
    "off": 32456,
    "sff": "rat"
  },
  {
    "docID": "N206 Takeoka 2009",
    "et": "RatSpecies",
    "off": 10490,
    "sff": "rat"
  },
  {
    "docID": "N206 Takeoka 2009",
    "et": "RatSpecies",
    "off": 10089,
    "sff": "rat"
  },
  {
    "docID": "N206 Takeoka 2009",
    "et": "RatSpecies",
    "off": 23236,
    "sff": "rat"
  },
  {
    "docID": "N206 Takeoka 2009",
    "et": "RatSpecies",
    "off": 14917,
    "sff": "rat"
  },
  {
    "docID": "N206 Takeoka 2009",
    "et": "RatSpecies",
    "off": 3664,
    "sff": "rat"
  },
  {
    "docID": "N206 Takeoka 2009",
    "et": "RatSpecies",
    "off": 34369,
    "sff": "rat"
  },
  {
    "docID": "N206 Takeoka 2009",
    "et": "MouseSpecies",
    "off": 33020,
    "sff": "mouse"
  },
  {
    "docID": "N206 Takeoka 2009",
    "et": "CatSpecies",
    "off": 10028,
    "sff": "Cat"
  },
  {
    "docID": "N206 Takeoka 2009",
    "et": "CatSpecies",
    "off": 9503,
    "sff": "Cat"
  },
  {
    "docID": "N206 Takeoka 2009",
    "et": "Adult",
    "off": 15740,
    "sff": "adult"
  },
  {
    "docID": "N206 Takeoka 2009",
    "et": "Adult",
    "off": 3651,
    "sff": "adult"
  },
  {
    "docID": "N206 Takeoka 2009",
    "et": "Adult",
    "off": 32450,
    "sff": "adult"
  },
  {
    "docID": "N206 Takeoka 2009",
    "et": "Adult",
    "off": 23230,
    "sff": "adult"
  },
  {
    "docID": "N206 Takeoka 2009",
    "et": "Adult",
    "off": 36670,
    "sff": "adult"
  },
  {
    "docID": "N206 Takeoka 2009",
    "et": "Adult",
    "off": 2540,
    "sff": "adult"
  },
  {
    "docID": "N206 Takeoka 2009",
    "et": "Adult",
    "off": 29993,
    "sff": "adult"
  },
  {
    "docID": "N206 Takeoka 2009",
    "et": "Adult",
    "off": 32362,
    "sff": "adult"
  },
  {
    "docID": "N206 Takeoka 2009",
    "et": "Adult",
    "off": 40935,
    "sff": "adult"
  },
  {
    "docID": "N206 Takeoka 2009",
    "et": "Adult",
    "off": 2141,
    "sff": "Adult"
  },
  {
    "docID": "N206 Takeoka 2009",
    "et": "Adult",
    "off": 24613,
    "sff": "adult"
  },
  {
    "docID": "N206 Takeoka 2009",
    "et": "Adult",
    "off": 4145,
    "sff": "adult"
  },
  {
    "docID": "N206 Takeoka 2009",
    "et": "Adult",
    "off": 24756,
    "sff": "adult"
  },
  {
    "docID": "N206 Takeoka 2009",
    "et": "Adult",
    "off": 31348,
    "sff": "adult"
  },
  {
    "docID": "N206 Takeoka 2009",
    "et": "Adult",
    "off": 33842,
    "sff": "adult"
  },
  {
    "docID": "N206 Takeoka 2009",
    "et": "Adult",
    "off": 38642,
    "sff": "adult"
  },
  {
    "docID": "N206 Takeoka 2009",
    "et": "Adult",
    "off": 23149,
    "sff": "adult"
  },
  {
    "docID": "N206 Takeoka 2009",
    "et": "Adult",
    "off": 23022,
    "sff": "adult"
  },
  {
    "docID": "N206 Takeoka 2009",
    "et": "Adult",
    "off": 37079,
    "sff": "adult"
  },
  {
    "docID": "N206 Takeoka 2009",
    "et": "Adult",
    "off": 7381,
    "sff": "adult"
  },
  {
    "docID": "N206 Takeoka 2009",
    "et": "Adult",
    "off": 32619,
    "sff": "Adult"
  },
  {
    "docID": "N206 Takeoka 2009",
    "et": "Adult",
    "off": 39907,
    "sff": "adult"
  },
  {
    "docID": "N206 Takeoka 2009",
    "et": "Adult",
    "off": 673,
    "sff": "adult"
  },
  {
    "docID": "N206 Takeoka 2009",
    "et": "Adult",
    "off": 41311,
    "sff": "adult"
  },
  {
    "docID": "N206 Takeoka 2009",
    "et": "Adult",
    "off": 2845,
    "sff": "adult"
  },
  {
    "docID": "N206 Takeoka 2009",
    "et": "Adult",
    "off": 19980,
    "sff": "adult"
  },
  {
    "docID": "N206 Takeoka 2009",
    "et": "Adult",
    "off": 35788,
    "sff": "adult"
  },
  {
    "docID": "N206 Takeoka 2009",
    "et": "Adult",
    "off": 27911,
    "sff": "adult"
  },
  {
    "docID": "N206 Takeoka 2009",
    "et": "Adult",
    "off": 34831,
    "sff": "adult"
  },
  {
    "docID": "N206 Takeoka 2009",
    "et": "CatModel",
    "off": 10028,
    "sff": "Cat"
  },
  {
    "docID": "N206 Takeoka 2009",
    "et": "CatModel",
    "off": 9503,
    "sff": "Cat"
  },
  {
    "docID": "N206 Takeoka 2009",
    "et": "Female",
    "off": 7990,
    "sff": "Female"
  },
  {
    "docID": "N206 Takeoka 2009",
    "et": "Age",
    "off": 7969,
    "sff": "17–19 days"
  },
  {
    "docID": "N206 Takeoka 2009",
    "et": "Age",
    "off": 40153,
    "sff": "5 days"
  },
  {
    "docID": "N206 Takeoka 2009",
    "et": "Age",
    "off": 29753,
    "sff": "5d"
  },
  {
    "docID": "N206 Takeoka 2009",
    "et": "Age",
    "off": 29082,
    "sff": "4d"
  },
  {
    "docID": "N206 Takeoka 2009",
    "et": "Age",
    "off": 20945,
    "sff": "1d"
  },
  {
    "docID": "N206 Takeoka 2009",
    "et": "Age",
    "off": 8307,
    "sff": "7 months"
  },
  {
    "docID": "N206 Takeoka 2009",
    "et": "Age",
    "off": 26501,
    "sff": "3d"
  },
  {
    "docID": "N206 Takeoka 2009",
    "et": "Age",
    "off": 40169,
    "sff": "6 months"
  },
  {
    "docID": "N206 Takeoka 2009",
    "et": "Age",
    "off": 7731,
    "sff": "8–10-week-old"
  },
  {
    "docID": "N206 Takeoka 2009",
    "et": "Age",
    "off": 8019,
    "sff": "10–12 weeks old"
  },
  {
    "docID": "N206 Takeoka 2009",
    "et": "Age",
    "off": 8802,
    "sff": "8 months"
  }
]
