[
  {
    "docID": "N208 Takeoka 2011",
    "et": "Weight",
    "off": 9636,
    "sff": "4.56 g"
  },
  {
    "docID": "N208 Takeoka 2011",
    "et": "Weight",
    "off": 32146,
    "sff": "1G"
  },
  {
    "docID": "N208 Takeoka 2011",
    "et": "Weight",
    "off": 9605,
    "sff": "3.61–5.46 g"
  },
  {
    "docID": "N208 Takeoka 2011",
    "et": "Weight",
    "off": 39805,
    "sff": "3G"
  },
  {
    "docID": "N208 Takeoka 2011",
    "et": "Weight",
    "off": 36859,
    "sff": "2.1 ± 0.2 g"
  },
  {
    "docID": "N208 Takeoka 2011",
    "et": "Weight",
    "off": 39527,
    "sff": "3G"
  },
  {
    "docID": "N208 Takeoka 2011",
    "et": "Weight",
    "off": 36721,
    "sff": "7.9±1.0 g"
  },
  {
    "docID": "N208 Takeoka 2011",
    "et": "RatModel",
    "off": 8797,
    "sff": "rat"
  },
  {
    "docID": "N208 Takeoka 2011",
    "et": "RatModel",
    "off": 25212,
    "sff": "rat"
  },
  {
    "docID": "N208 Takeoka 2011",
    "et": "RatModel",
    "off": 5887,
    "sff": "rat"
  },
  {
    "docID": "N208 Takeoka 2011",
    "et": "RatModel",
    "off": 24955,
    "sff": "rat"
  },
  {
    "docID": "N208 Takeoka 2011",
    "et": "RatModel",
    "off": 23706,
    "sff": "rat"
  },
  {
    "docID": "N208 Takeoka 2011",
    "et": "RatModel",
    "off": 8836,
    "sff": "rat"
  },
  {
    "docID": "N208 Takeoka 2011",
    "et": "RatModel",
    "off": 42471,
    "sff": "rat"
  },
  {
    "docID": "N208 Takeoka 2011",
    "et": "RatModel",
    "off": 20864,
    "sff": "rat"
  },
  {
    "docID": "N208 Takeoka 2011",
    "et": "RatModel",
    "off": 40833,
    "sff": "rat"
  },
  {
    "docID": "N208 Takeoka 2011",
    "et": "RatModel",
    "off": 7406,
    "sff": "rat"
  },
  {
    "docID": "N208 Takeoka 2011",
    "et": "RatModel",
    "off": 8297,
    "sff": "rat"
  },
  {
    "docID": "N208 Takeoka 2011",
    "et": "RatModel",
    "off": 21897,
    "sff": "rat"
  },
  {
    "docID": "N208 Takeoka 2011",
    "et": "RatModel",
    "off": 8968,
    "sff": "rat"
  },
  {
    "docID": "N208 Takeoka 2011",
    "et": "RatModel",
    "off": 20981,
    "sff": "rat"
  },
  {
    "docID": "N208 Takeoka 2011",
    "et": "RatModel",
    "off": 43799,
    "sff": "rat"
  },
  {
    "docID": "N208 Takeoka 2011",
    "et": "RatModel",
    "off": 44466,
    "sff": "rat"
  },
  {
    "docID": "N208 Takeoka 2011",
    "et": "AnimalSpecies",
    "off": 15114,
    "sff": "Species"
  },
  {
    "docID": "N208 Takeoka 2011",
    "et": "RabbitSpecies",
    "off": 14590,
    "sff": "rabbit"
  },
  {
    "docID": "N208 Takeoka 2011",
    "et": "RabbitModel",
    "off": 14590,
    "sff": "rabbit"
  },
  {
    "docID": "N208 Takeoka 2011",
    "et": "AgeCategory",
    "off": 2837,
    "sff": "age"
  },
  {
    "docID": "N208 Takeoka 2011",
    "et": "WistarRat",
    "off": 5801,
    "sff": "Wistar"
  },
  {
    "docID": "N208 Takeoka 2011",
    "et": "WistarRat",
    "off": 6133,
    "sff": "Wistar"
  },
  {
    "docID": "N208 Takeoka 2011",
    "et": "RatSpecies",
    "off": 8797,
    "sff": "rat"
  },
  {
    "docID": "N208 Takeoka 2011",
    "et": "RatSpecies",
    "off": 20864,
    "sff": "rat"
  },
  {
    "docID": "N208 Takeoka 2011",
    "et": "RatSpecies",
    "off": 40833,
    "sff": "rat"
  },
  {
    "docID": "N208 Takeoka 2011",
    "et": "RatSpecies",
    "off": 24955,
    "sff": "rat"
  },
  {
    "docID": "N208 Takeoka 2011",
    "et": "RatSpecies",
    "off": 25212,
    "sff": "rat"
  },
  {
    "docID": "N208 Takeoka 2011",
    "et": "RatSpecies",
    "off": 5887,
    "sff": "rat"
  },
  {
    "docID": "N208 Takeoka 2011",
    "et": "RatSpecies",
    "off": 42471,
    "sff": "rat"
  },
  {
    "docID": "N208 Takeoka 2011",
    "et": "RatSpecies",
    "off": 8836,
    "sff": "rat"
  },
  {
    "docID": "N208 Takeoka 2011",
    "et": "RatSpecies",
    "off": 21897,
    "sff": "rat"
  },
  {
    "docID": "N208 Takeoka 2011",
    "et": "RatSpecies",
    "off": 8297,
    "sff": "rat"
  },
  {
    "docID": "N208 Takeoka 2011",
    "et": "RatSpecies",
    "off": 8968,
    "sff": "rat"
  },
  {
    "docID": "N208 Takeoka 2011",
    "et": "RatSpecies",
    "off": 7406,
    "sff": "rat"
  },
  {
    "docID": "N208 Takeoka 2011",
    "et": "RatSpecies",
    "off": 44466,
    "sff": "rat"
  },
  {
    "docID": "N208 Takeoka 2011",
    "et": "RatSpecies",
    "off": 43799,
    "sff": "rat"
  },
  {
    "docID": "N208 Takeoka 2011",
    "et": "RatSpecies",
    "off": 23706,
    "sff": "rat"
  },
  {
    "docID": "N208 Takeoka 2011",
    "et": "RatSpecies",
    "off": 20981,
    "sff": "rat"
  },
  {
    "docID": "N208 Takeoka 2011",
    "et": "Male",
    "off": 5796,
    "sff": "male"
  },
  {
    "docID": "N208 Takeoka 2011",
    "et": "Adult",
    "off": 36673,
    "sff": "Adult"
  },
  {
    "docID": "N208 Takeoka 2011",
    "et": "Adult",
    "off": 53609,
    "sff": "adult"
  },
  {
    "docID": "N208 Takeoka 2011",
    "et": "Adult",
    "off": 54153,
    "sff": "adult"
  },
  {
    "docID": "N208 Takeoka 2011",
    "et": "Adult",
    "off": 4683,
    "sff": "adult"
  },
  {
    "docID": "N208 Takeoka 2011",
    "et": "Adult",
    "off": 3862,
    "sff": "adult"
  },
  {
    "docID": "N208 Takeoka 2011",
    "et": "Adult",
    "off": 2456,
    "sff": "adult"
  },
  {
    "docID": "N208 Takeoka 2011",
    "et": "Adult",
    "off": 47282,
    "sff": "adult"
  },
  {
    "docID": "N208 Takeoka 2011",
    "et": "Adult",
    "off": 1915,
    "sff": "Adult"
  },
  {
    "docID": "N208 Takeoka 2011",
    "et": "Adult",
    "off": 17459,
    "sff": "adult"
  },
  {
    "docID": "N208 Takeoka 2011",
    "et": "Adult",
    "off": 28947,
    "sff": "adult"
  },
  {
    "docID": "N208 Takeoka 2011",
    "et": "Adult",
    "off": 916,
    "sff": "adult"
  },
  {
    "docID": "N208 Takeoka 2011",
    "et": "Adult",
    "off": 3356,
    "sff": "adult"
  },
  {
    "docID": "N208 Takeoka 2011",
    "et": "Adult",
    "off": 1767,
    "sff": "mature"
  },
  {
    "docID": "N208 Takeoka 2011",
    "et": "Adult",
    "off": 29191,
    "sff": "adult"
  },
  {
    "docID": "N208 Takeoka 2011",
    "et": "Adult",
    "off": 61157,
    "sff": "mature"
  },
  {
    "docID": "N208 Takeoka 2011",
    "et": "LongEvansRat",
    "off": 27618,
    "sff": "long"
  },
  {
    "docID": "N208 Takeoka 2011",
    "et": "LongEvansRat",
    "off": 22787,
    "sff": "long"
  },
  {
    "docID": "N208 Takeoka 2011",
    "et": "LongEvansRat",
    "off": 56962,
    "sff": "long"
  },
  {
    "docID": "N208 Takeoka 2011",
    "et": "LongEvansRat",
    "off": 21925,
    "sff": "long"
  },
  {
    "docID": "N208 Takeoka 2011",
    "et": "LongEvansRat",
    "off": 44826,
    "sff": "long"
  },
  {
    "docID": "N208 Takeoka 2011",
    "et": "LongEvansRat",
    "off": 12812,
    "sff": "long"
  },
  {
    "docID": "N208 Takeoka 2011",
    "et": "LongEvansRat",
    "off": 21100,
    "sff": "long"
  },
  {
    "docID": "N208 Takeoka 2011",
    "et": "LongEvansRat",
    "off": 26844,
    "sff": "long"
  },
  {
    "docID": "N208 Takeoka 2011",
    "et": "LongEvansRat",
    "off": 38941,
    "sff": "long"
  },
  {
    "docID": "N208 Takeoka 2011",
    "et": "Female",
    "off": 6126,
    "sff": "female"
  },
  {
    "docID": "N208 Takeoka 2011",
    "et": "Age",
    "off": 9476,
    "sff": "5 d"
  },
  {
    "docID": "N208 Takeoka 2011",
    "et": "Age",
    "off": 44684,
    "sff": "4D"
  },
  {
    "docID": "N208 Takeoka 2011",
    "et": "Age",
    "off": 32856,
    "sff": "7 months"
  },
  {
    "docID": "N208 Takeoka 2011",
    "et": "Age",
    "off": 21723,
    "sff": "7 months"
  },
  {
    "docID": "N208 Takeoka 2011",
    "et": "Age",
    "off": 29393,
    "sff": "1–5 months"
  },
  {
    "docID": "N208 Takeoka 2011",
    "et": "Age",
    "off": 34006,
    "sff": "7 months"
  },
  {
    "docID": "N208 Takeoka 2011",
    "et": "Age",
    "off": 42120,
    "sff": "Eight months"
  },
  {
    "docID": "N208 Takeoka 2011",
    "et": "Age",
    "off": 6986,
    "sff": "7 months"
  },
  {
    "docID": "N208 Takeoka 2011",
    "et": "Age",
    "off": 32747,
    "sff": "4 months"
  },
  {
    "docID": "N208 Takeoka 2011",
    "et": "Age",
    "off": 39371,
    "sff": "7 months"
  },
  {
    "docID": "N208 Takeoka 2011",
    "et": "Age",
    "off": 40011,
    "sff": "7 months"
  },
  {
    "docID": "N208 Takeoka 2011",
    "et": "Age",
    "off": 28305,
    "sff": "5 d"
  },
  {
    "docID": "N208 Takeoka 2011",
    "et": "Age",
    "off": 45179,
    "sff": "1 month"
  },
  {
    "docID": "N208 Takeoka 2011",
    "et": "Age",
    "off": 7053,
    "sff": "8 months"
  },
  {
    "docID": "N208 Takeoka 2011",
    "et": "Age",
    "off": 6761,
    "sff": "Two weeks"
  },
  {
    "docID": "N208 Takeoka 2011",
    "et": "Age",
    "off": 20247,
    "sff": "5 months"
  },
  {
    "docID": "N208 Takeoka 2011",
    "et": "Age",
    "off": 34062,
    "sff": "8 months"
  },
  {
    "docID": "N208 Takeoka 2011",
    "et": "Age",
    "off": 38888,
    "sff": "Four months"
  },
  {
    "docID": "N208 Takeoka 2011",
    "et": "Age",
    "off": 35809,
    "sff": "2D"
  },
  {
    "docID": "N208 Takeoka 2011",
    "et": "Age",
    "off": 6155,
    "sff": "10–12 weeks old"
  },
  {
    "docID": "N208 Takeoka 2011",
    "et": "Age",
    "off": 28251,
    "sff": "2 weeks"
  },
  {
    "docID": "N208 Takeoka 2011",
    "et": "Age",
    "off": 30405,
    "sff": "1D"
  },
  {
    "docID": "N208 Takeoka 2011",
    "et": "Age",
    "off": 18562,
    "sff": "1 month"
  },
  {
    "docID": "N208 Takeoka 2011",
    "et": "Age",
    "off": 18281,
    "sff": "5 months"
  },
  {
    "docID": "N208 Takeoka 2011",
    "et": "Age",
    "off": 20278,
    "sff": "7 months"
  },
  {
    "docID": "N208 Takeoka 2011",
    "et": "Age",
    "off": 30390,
    "sff": "7 months"
  },
  {
    "docID": "N208 Takeoka 2011",
    "et": "Age",
    "off": 50038,
    "sff": "6D"
  },
  {
    "docID": "N208 Takeoka 2011",
    "et": "Age",
    "off": 6032,
    "sff": "14 d"
  },
  {
    "docID": "N208 Takeoka 2011",
    "et": "Age",
    "off": 4902,
    "sff": "8 months"
  },
  {
    "docID": "N208 Takeoka 2011",
    "et": "Age",
    "off": 21039,
    "sff": "7 months"
  },
  {
    "docID": "N208 Takeoka 2011",
    "et": "Age",
    "off": 9896,
    "sff": "7 months"
  },
  {
    "docID": "N208 Takeoka 2011",
    "et": "Age",
    "off": 51123,
    "sff": "8 months"
  },
  {
    "docID": "N208 Takeoka 2011",
    "et": "Age",
    "off": 56906,
    "sff": "4 months"
  },
  {
    "docID": "N208 Takeoka 2011",
    "et": "Age",
    "off": 9974,
    "sff": "5 d"
  },
  {
    "docID": "N208 Takeoka 2011",
    "et": "Age",
    "off": 40855,
    "sff": "3D"
  },
  {
    "docID": "N208 Takeoka 2011",
    "et": "Age",
    "off": 45368,
    "sff": "4D"
  },
  {
    "docID": "N208 Takeoka 2011",
    "et": "Age",
    "off": 7414,
    "sff": "5 months"
  },
  {
    "docID": "N208 Takeoka 2011",
    "et": "Age",
    "off": 12015,
    "sff": "1 month"
  },
  {
    "docID": "N208 Takeoka 2011",
    "et": "Age",
    "off": 28318,
    "sff": "7.5 months"
  },
  {
    "docID": "N208 Takeoka 2011",
    "et": "Age",
    "off": 22356,
    "sff": "4 months"
  },
  {
    "docID": "N208 Takeoka 2011",
    "et": "Age",
    "off": 33108,
    "sff": "4 months"
  },
  {
    "docID": "N208 Takeoka 2011",
    "et": "Age",
    "off": 59619,
    "sff": "1 month"
  },
  {
    "docID": "N208 Takeoka 2011",
    "et": "Age",
    "off": 37023,
    "sff": "7 months"
  },
  {
    "docID": "N208 Takeoka 2011",
    "et": "Age",
    "off": 19231,
    "sff": "7 months"
  },
  {
    "docID": "N208 Takeoka 2011",
    "et": "Age",
    "off": 35652,
    "sff": "5 months"
  },
  {
    "docID": "N208 Takeoka 2011",
    "et": "Age",
    "off": 38693,
    "sff": "1 month"
  },
  {
    "docID": "N208 Takeoka 2011",
    "et": "Age",
    "off": 52676,
    "sff": "8 months"
  },
  {
    "docID": "N208 Takeoka 2011",
    "et": "Age",
    "off": 28474,
    "sff": "Eight months"
  },
  {
    "docID": "N208 Takeoka 2011",
    "et": "Age",
    "off": 21275,
    "sff": "7 months"
  },
  {
    "docID": "N208 Takeoka 2011",
    "et": "Age",
    "off": 6850,
    "sff": "5 d"
  },
  {
    "docID": "N208 Takeoka 2011",
    "et": "Age",
    "off": 48996,
    "sff": "14 d"
  },
  {
    "docID": "N208 Takeoka 2011",
    "et": "Age",
    "off": 59581,
    "sff": "8 months"
  },
  {
    "docID": "N208 Takeoka 2011",
    "et": "Age",
    "off": 1355,
    "sff": "8 months"
  },
  {
    "docID": "N208 Takeoka 2011",
    "et": "Age",
    "off": 21385,
    "sff": "7 months"
  },
  {
    "docID": "N208 Takeoka 2011",
    "et": "Age",
    "off": 40840,
    "sff": "7 months"
  },
  {
    "docID": "N208 Takeoka 2011",
    "et": "Age",
    "off": 21642,
    "sff": "7 months"
  },
  {
    "docID": "N208 Takeoka 2011",
    "et": "Age",
    "off": 31320,
    "sff": "5 months"
  },
  {
    "docID": "N208 Takeoka 2011",
    "et": "Age",
    "off": 45519,
    "sff": "8 months"
  },
  {
    "docID": "N208 Takeoka 2011",
    "et": "Age",
    "off": 52540,
    "sff": "7D"
  },
  {
    "docID": "N208 Takeoka 2011",
    "et": "Age",
    "off": 21009,
    "sff": "1 month"
  },
  {
    "docID": "N208 Takeoka 2011",
    "et": "Age",
    "off": 51024,
    "sff": "8 months"
  },
  {
    "docID": "N208 Takeoka 2011",
    "et": "Age",
    "off": 26573,
    "sff": "8 months"
  },
  {
    "docID": "N208 Takeoka 2011",
    "et": "Age",
    "off": 30477,
    "sff": "1 month"
  },
  {
    "docID": "N208 Takeoka 2011",
    "et": "Age",
    "off": 45671,
    "sff": "4D"
  },
  {
    "docID": "N208 Takeoka 2011",
    "et": "Age",
    "off": 46465,
    "sff": "5D"
  },
  {
    "docID": "N208 Takeoka 2011",
    "et": "Age",
    "off": 54595,
    "sff": "1 month"
  },
  {
    "docID": "N208 Takeoka 2011",
    "et": "Age",
    "off": 44385,
    "sff": "4D"
  },
  {
    "docID": "N208 Takeoka 2011",
    "et": "Age",
    "off": 1151,
    "sff": "7 months"
  },
  {
    "docID": "N208 Takeoka 2011",
    "et": "Age",
    "off": 6863,
    "sff": "7.5 months"
  },
  {
    "docID": "N208 Takeoka 2011",
    "et": "Age",
    "off": 33269,
    "sff": "7 months"
  },
  {
    "docID": "N208 Takeoka 2011",
    "et": "Age",
    "off": 53099,
    "sff": "8 months"
  },
  {
    "docID": "N208 Takeoka 2011",
    "et": "Age",
    "off": 57074,
    "sff": "7 months"
  },
  {
    "docID": "N208 Takeoka 2011",
    "et": "Age",
    "off": 5988,
    "sff": "7– 8 d"
  },
  {
    "docID": "N208 Takeoka 2011",
    "et": "Age",
    "off": 42279,
    "sff": "5 d"
  },
  {
    "docID": "N208 Takeoka 2011",
    "et": "Age",
    "off": 18484,
    "sff": "5 months"
  },
  {
    "docID": "N208 Takeoka 2011",
    "et": "Age",
    "off": 39177,
    "sff": "4 months"
  },
  {
    "docID": "N208 Takeoka 2011",
    "et": "Age",
    "off": 42993,
    "sff": "8 months"
  },
  {
    "docID": "N208 Takeoka 2011",
    "et": "Age",
    "off": 25714,
    "sff": "8 months"
  },
  {
    "docID": "N208 Takeoka 2011",
    "et": "Age",
    "off": 9445,
    "sff": "7 months"
  },
  {
    "docID": "N208 Takeoka 2011",
    "et": "Age",
    "off": 5778,
    "sff": "8- to 10-week-old"
  },
  {
    "docID": "N208 Takeoka 2011",
    "et": "Age",
    "off": 52859,
    "sff": "8 months"
  },
  {
    "docID": "N208 Takeoka 2011",
    "et": "Age",
    "off": 36739,
    "sff": "One month"
  },
  {
    "docID": "N208 Takeoka 2011",
    "et": "Age",
    "off": 11897,
    "sff": "8 months"
  },
  {
    "docID": "N208 Takeoka 2011",
    "et": "Age",
    "off": 18348,
    "sff": "1 month"
  },
  {
    "docID": "N208 Takeoka 2011",
    "et": "Age",
    "off": 4986,
    "sff": "8 months"
  }
]
