[
  {
    "docID": "N210 Toft 2007",
    "et": "Weight",
    "off": 11519,
    "sff": "200–250 g"
  },
  {
    "docID": "N210 Toft 2007",
    "et": "Weight",
    "off": 14576,
    "sff": "0.06 mg"
  },
  {
    "docID": "N210 Toft 2007",
    "et": "Weight",
    "off": 19093,
    "sff": "0.1 mg"
  },
  {
    "docID": "N210 Toft 2007",
    "et": "CD1_Mouse",
    "off": 21286,
    "sff": "CDP"
  },
  {
    "docID": "N210 Toft 2007",
    "et": "CD1_Mouse",
    "off": 40259,
    "sff": "CDP"
  },
  {
    "docID": "N210 Toft 2007",
    "et": "CD1_Mouse",
    "off": 30209,
    "sff": "CDP"
  },
  {
    "docID": "N210 Toft 2007",
    "et": "CD1_Mouse",
    "off": 41821,
    "sff": "CDP"
  },
  {
    "docID": "N210 Toft 2007",
    "et": "RatModel",
    "off": 7429,
    "sff": "rat"
  },
  {
    "docID": "N210 Toft 2007",
    "et": "AnimalSpecies",
    "off": 16778,
    "sff": "species"
  },
  {
    "docID": "N210 Toft 2007",
    "et": "RabbitSpecies",
    "off": 16606,
    "sff": "rabbit"
  },
  {
    "docID": "N210 Toft 2007",
    "et": "RabbitSpecies",
    "off": 18245,
    "sff": "rabbit"
  },
  {
    "docID": "N210 Toft 2007",
    "et": "RabbitSpecies",
    "off": 18297,
    "sff": "rabbit"
  },
  {
    "docID": "N210 Toft 2007",
    "et": "RabbitSpecies",
    "off": 18409,
    "sff": "rabbit"
  },
  {
    "docID": "N210 Toft 2007",
    "et": "Mixed",
    "off": 5251,
    "sff": "mixed"
  },
  {
    "docID": "N210 Toft 2007",
    "et": "Mixed",
    "off": 17925,
    "sff": "mixed"
  },
  {
    "docID": "N210 Toft 2007",
    "et": "Mixed",
    "off": 24086,
    "sff": "Mixed"
  },
  {
    "docID": "N210 Toft 2007",
    "et": "Mixed",
    "off": 34942,
    "sff": "mixed"
  },
  {
    "docID": "N210 Toft 2007",
    "et": "Mixed",
    "off": 25165,
    "sff": "mixed"
  },
  {
    "docID": "N210 Toft 2007",
    "et": "Mixed",
    "off": 37325,
    "sff": "mixed"
  },
  {
    "docID": "N210 Toft 2007",
    "et": "Mixed",
    "off": 1420,
    "sff": "mixed"
  },
  {
    "docID": "N210 Toft 2007",
    "et": "Mixed",
    "off": 49227,
    "sff": "mixed"
  },
  {
    "docID": "N210 Toft 2007",
    "et": "Mixed",
    "off": 37512,
    "sff": "mixed"
  },
  {
    "docID": "N210 Toft 2007",
    "et": "Mixed",
    "off": 9269,
    "sff": "mixed"
  },
  {
    "docID": "N210 Toft 2007",
    "et": "Mixed",
    "off": 10421,
    "sff": "mixed"
  },
  {
    "docID": "N210 Toft 2007",
    "et": "Mixed",
    "off": 6651,
    "sff": "mixed"
  },
  {
    "docID": "N210 Toft 2007",
    "et": "Mixed",
    "off": 25637,
    "sff": "Mixed"
  },
  {
    "docID": "N210 Toft 2007",
    "et": "Mixed",
    "off": 24034,
    "sff": "Mixed"
  },
  {
    "docID": "N210 Toft 2007",
    "et": "Mixed",
    "off": 48121,
    "sff": "mixed"
  },
  {
    "docID": "N210 Toft 2007",
    "et": "Mixed",
    "off": 51126,
    "sff": "mixed"
  },
  {
    "docID": "N210 Toft 2007",
    "et": "Mixed",
    "off": 14775,
    "sff": "mixed"
  },
  {
    "docID": "N210 Toft 2007",
    "et": "Mixed",
    "off": 2914,
    "sff": "mixed"
  },
  {
    "docID": "N210 Toft 2007",
    "et": "Mixed",
    "off": 35106,
    "sff": "mixed"
  },
  {
    "docID": "N210 Toft 2007",
    "et": "Mixed",
    "off": 11231,
    "sff": "mixed"
  },
  {
    "docID": "N210 Toft 2007",
    "et": "Mixed",
    "off": 3678,
    "sff": "mixed"
  },
  {
    "docID": "N210 Toft 2007",
    "et": "Mixed",
    "off": 1131,
    "sff": "mixed"
  },
  {
    "docID": "N210 Toft 2007",
    "et": "Mixed",
    "off": 8500,
    "sff": "Mixed"
  },
  {
    "docID": "N210 Toft 2007",
    "et": "Mixed",
    "off": 4519,
    "sff": "mixed"
  },
  {
    "docID": "N210 Toft 2007",
    "et": "Mixed",
    "off": 14825,
    "sff": "mixed"
  },
  {
    "docID": "N210 Toft 2007",
    "et": "Mixed",
    "off": 50663,
    "sff": "mixed"
  },
  {
    "docID": "N210 Toft 2007",
    "et": "Mixed",
    "off": 40013,
    "sff": "Mixed"
  },
  {
    "docID": "N210 Toft 2007",
    "et": "Mixed",
    "off": 50452,
    "sff": "mixed"
  },
  {
    "docID": "N210 Toft 2007",
    "et": "Mixed",
    "off": 9486,
    "sff": "mixed"
  },
  {
    "docID": "N210 Toft 2007",
    "et": "Mixed",
    "off": 33305,
    "sff": "mixed"
  },
  {
    "docID": "N210 Toft 2007",
    "et": "MouseModel",
    "off": 18315,
    "sff": "mouse"
  },
  {
    "docID": "N210 Toft 2007",
    "et": "MouseModel",
    "off": 18350,
    "sff": "mouse"
  },
  {
    "docID": "N210 Toft 2007",
    "et": "MouseModel",
    "off": 18450,
    "sff": "mouse"
  },
  {
    "docID": "N210 Toft 2007",
    "et": "RabbitModel",
    "off": 18245,
    "sff": "rabbit"
  },
  {
    "docID": "N210 Toft 2007",
    "et": "RabbitModel",
    "off": 18297,
    "sff": "rabbit"
  },
  {
    "docID": "N210 Toft 2007",
    "et": "RabbitModel",
    "off": 18409,
    "sff": "rabbit"
  },
  {
    "docID": "N210 Toft 2007",
    "et": "RabbitModel",
    "off": 16606,
    "sff": "rabbit"
  },
  {
    "docID": "N210 Toft 2007",
    "et": "RatSpecies",
    "off": 7429,
    "sff": "rat"
  },
  {
    "docID": "N210 Toft 2007",
    "et": "CD2_Mouse",
    "off": 40259,
    "sff": "CDP"
  },
  {
    "docID": "N210 Toft 2007",
    "et": "CD2_Mouse",
    "off": 30209,
    "sff": "CDP"
  },
  {
    "docID": "N210 Toft 2007",
    "et": "CD2_Mouse",
    "off": 41821,
    "sff": "CDP"
  },
  {
    "docID": "N210 Toft 2007",
    "et": "CD2_Mouse",
    "off": 21286,
    "sff": "CDP"
  },
  {
    "docID": "N210 Toft 2007",
    "et": "Male",
    "off": 11470,
    "sff": "male"
  },
  {
    "docID": "N210 Toft 2007",
    "et": "MouseSpecies",
    "off": 18450,
    "sff": "mouse"
  },
  {
    "docID": "N210 Toft 2007",
    "et": "MouseSpecies",
    "off": 18350,
    "sff": "mouse"
  },
  {
    "docID": "N210 Toft 2007",
    "et": "MouseSpecies",
    "off": 18315,
    "sff": "mouse"
  },
  {
    "docID": "N210 Toft 2007",
    "et": "FischerRat",
    "off": 7417,
    "sff": "Fischer"
  },
  {
    "docID": "N210 Toft 2007",
    "et": "FischerRat",
    "off": 8581,
    "sff": "Fischer"
  },
  {
    "docID": "N210 Toft 2007",
    "et": "FischerRat",
    "off": 11475,
    "sff": "Fischer"
  },
  {
    "docID": "N210 Toft 2007",
    "et": "Adult",
    "off": 11464,
    "sff": "adult"
  },
  {
    "docID": "N210 Toft 2007",
    "et": "Adult",
    "off": 24040,
    "sff": "adult"
  },
  {
    "docID": "N210 Toft 2007",
    "et": "Adult",
    "off": 40040,
    "sff": "adult"
  },
  {
    "docID": "N210 Toft 2007",
    "et": "Adult",
    "off": 50503,
    "sff": "adult"
  },
  {
    "docID": "N210 Toft 2007",
    "et": "Adult",
    "off": 50669,
    "sff": "adult"
  },
  {
    "docID": "N210 Toft 2007",
    "et": "Adult",
    "off": 23274,
    "sff": "adult"
  },
  {
    "docID": "N210 Toft 2007",
    "et": "Adult",
    "off": 33322,
    "sff": "adult"
  },
  {
    "docID": "N210 Toft 2007",
    "et": "Adult",
    "off": 1451,
    "sff": "adult"
  },
  {
    "docID": "N210 Toft 2007",
    "et": "Adult",
    "off": 17931,
    "sff": "adult"
  },
  {
    "docID": "N210 Toft 2007",
    "et": "Adult",
    "off": 25643,
    "sff": "adult"
  },
  {
    "docID": "N210 Toft 2007",
    "et": "Adult",
    "off": 48127,
    "sff": "adult"
  },
  {
    "docID": "N210 Toft 2007",
    "et": "Adult",
    "off": 6692,
    "sff": "adult"
  },
  {
    "docID": "N210 Toft 2007",
    "et": "Adult",
    "off": 49221,
    "sff": "adult"
  },
  {
    "docID": "N210 Toft 2007",
    "et": "Adult",
    "off": 1176,
    "sff": "adult"
  },
  {
    "docID": "N210 Toft 2007",
    "et": "Adult",
    "off": 24092,
    "sff": "adult"
  },
  {
    "docID": "N210 Toft 2007",
    "et": "Adult",
    "off": 51132,
    "sff": "adult"
  },
  {
    "docID": "N210 Toft 2007",
    "et": "Adult",
    "off": 14781,
    "sff": "adult"
  },
  {
    "docID": "N210 Toft 2007",
    "et": "Adult",
    "off": 4273,
    "sff": "adult"
  },
  {
    "docID": "N210 Toft 2007",
    "et": "Adult",
    "off": 8558,
    "sff": "adult"
  },
  {
    "docID": "N210 Toft 2007",
    "et": "Adult",
    "off": 37518,
    "sff": "adult"
  },
  {
    "docID": "N210 Toft 2007",
    "et": "Adult",
    "off": 14831,
    "sff": "adult"
  },
  {
    "docID": "N210 Toft 2007",
    "et": "Adult",
    "off": 25171,
    "sff": "adult"
  },
  {
    "docID": "N210 Toft 2007",
    "et": "Adult",
    "off": 37331,
    "sff": "adult"
  },
  {
    "docID": "N210 Toft 2007",
    "et": "LongEvansRat",
    "off": 53997,
    "sff": "long"
  },
  {
    "docID": "N210 Toft 2007",
    "et": "LongEvansRat",
    "off": 41493,
    "sff": "Long"
  },
  {
    "docID": "N210 Toft 2007",
    "et": "LongEvansRat",
    "off": 55114,
    "sff": "long"
  },
  {
    "docID": "N210 Toft 2007",
    "et": "LongEvansRat",
    "off": 6118,
    "sff": "long"
  },
  {
    "docID": "N210 Toft 2007",
    "et": "LongEvansRat",
    "off": 39875,
    "sff": "long"
  },
  {
    "docID": "N210 Toft 2007",
    "et": "LongEvansRat",
    "off": 42072,
    "sff": "Long"
  },
  {
    "docID": "N210 Toft 2007",
    "et": "LongEvansRat",
    "off": 46239,
    "sff": "long"
  },
  {
    "docID": "N210 Toft 2007",
    "et": "LongEvansRat",
    "off": 29534,
    "sff": "long"
  },
  {
    "docID": "N210 Toft 2007",
    "et": "LongEvansRat",
    "off": 47582,
    "sff": "long"
  },
  {
    "docID": "N210 Toft 2007",
    "et": "LongEvansRat",
    "off": 45405,
    "sff": "long"
  },
  {
    "docID": "N210 Toft 2007",
    "et": "LongEvansRat",
    "off": 29788,
    "sff": "long"
  },
  {
    "docID": "N210 Toft 2007",
    "et": "LongEvansRat",
    "off": 30140,
    "sff": "long"
  },
  {
    "docID": "N210 Toft 2007",
    "et": "LongEvansRat",
    "off": 42395,
    "sff": "long"
  },
  {
    "docID": "N210 Toft 2007",
    "et": "LongEvansRat",
    "off": 31834,
    "sff": "long"
  },
  {
    "docID": "N210 Toft 2007",
    "et": "LongEvansRat",
    "off": 29559,
    "sff": "long"
  },
  {
    "docID": "N210 Toft 2007",
    "et": "LongEvansRat",
    "off": 45985,
    "sff": "Long"
  },
  {
    "docID": "N210 Toft 2007",
    "et": "LongEvansRat",
    "off": 52624,
    "sff": "long"
  },
  {
    "docID": "N210 Toft 2007",
    "et": "LongEvansRat",
    "off": 45128,
    "sff": "Long"
  },
  {
    "docID": "N210 Toft 2007",
    "et": "LongEvansRat",
    "off": 53262,
    "sff": "long"
  },
  {
    "docID": "N210 Toft 2007",
    "et": "Age",
    "off": 20695,
    "sff": "77 days"
  },
  {
    "docID": "N210 Toft 2007",
    "et": "Age",
    "off": 45579,
    "sff": "7D"
  },
  {
    "docID": "N210 Toft 2007",
    "et": "Age",
    "off": 20652,
    "sff": "3–6 days"
  },
  {
    "docID": "N210 Toft 2007",
    "et": "Age",
    "off": 44426,
    "sff": "7D"
  },
  {
    "docID": "N210 Toft 2007",
    "et": "Age",
    "off": 34485,
    "sff": "Two weeks"
  },
  {
    "docID": "N210 Toft 2007",
    "et": "Age",
    "off": 34675,
    "sff": "2 weeks"
  },
  {
    "docID": "N210 Toft 2007",
    "et": "Age",
    "off": 45000,
    "sff": "7D"
  },
  {
    "docID": "N210 Toft 2007",
    "et": "Age",
    "off": 55101,
    "sff": "51 week"
  },
  {
    "docID": "N210 Toft 2007",
    "et": "Age",
    "off": 22411,
    "sff": "3D"
  },
  {
    "docID": "N210 Toft 2007",
    "et": "Age",
    "off": 15800,
    "sff": "2 weeks"
  },
  {
    "docID": "N210 Toft 2007",
    "et": "Age",
    "off": 7407,
    "sff": "7-day old"
  },
  {
    "docID": "N210 Toft 2007",
    "et": "Age",
    "off": 33846,
    "sff": "2–3 months"
  },
  {
    "docID": "N210 Toft 2007",
    "et": "Age",
    "off": 15765,
    "sff": "Three days"
  },
  {
    "docID": "N210 Toft 2007",
    "et": "Age",
    "off": 8799,
    "sff": "2 days"
  },
  {
    "docID": "N210 Toft 2007",
    "et": "Age",
    "off": 42201,
    "sff": "5D"
  },
  {
    "docID": "N210 Toft 2007",
    "et": "Age",
    "off": 18083,
    "sff": "2 weeks"
  },
  {
    "docID": "N210 Toft 2007",
    "et": "Age",
    "off": 40599,
    "sff": "5D"
  },
  {
    "docID": "N210 Toft 2007",
    "et": "Age",
    "off": 38716,
    "sff": "4D"
  },
  {
    "docID": "N210 Toft 2007",
    "et": "Age",
    "off": 8565,
    "sff": "10–12-week old"
  },
  {
    "docID": "N210 Toft 2007",
    "et": "Age",
    "off": 46354,
    "sff": "7D"
  },
  {
    "docID": "N210 Toft 2007",
    "et": "Age",
    "off": 11255,
    "sff": "2–5 days"
  },
  {
    "docID": "N210 Toft 2007",
    "et": "Age",
    "off": 21816,
    "sff": "73 days"
  },
  {
    "docID": "N210 Toft 2007",
    "et": "Age",
    "off": 32432,
    "sff": "88 days"
  },
  {
    "docID": "N210 Toft 2007",
    "et": "Age",
    "off": 8097,
    "sff": "1 month"
  },
  {
    "docID": "N210 Toft 2007",
    "et": "Age",
    "off": 41575,
    "sff": "5D"
  },
  {
    "docID": "N210 Toft 2007",
    "et": "Age",
    "off": 33046,
    "sff": "Two weeks"
  },
  {
    "docID": "N210 Toft 2007",
    "et": "Age",
    "off": 40928,
    "sff": "5D"
  },
  {
    "docID": "N210 Toft 2007",
    "et": "Age",
    "off": 14933,
    "sff": "2–3 months"
  },
  {
    "docID": "N210 Toft 2007",
    "et": "Age",
    "off": 38849,
    "sff": "4D"
  },
  {
    "docID": "N210 Toft 2007",
    "et": "Age",
    "off": 52890,
    "sff": "2–3 months"
  },
  {
    "docID": "N210 Toft 2007",
    "et": "Age",
    "off": 20810,
    "sff": "78 days"
  },
  {
    "docID": "N210 Toft 2007",
    "et": "Age",
    "off": 21706,
    "sff": "78 days"
  },
  {
    "docID": "N210 Toft 2007",
    "et": "Age",
    "off": 21665,
    "sff": "3–6 days"
  },
  {
    "docID": "N210 Toft 2007",
    "et": "Age",
    "off": 55126,
    "sff": "3 months"
  },
  {
    "docID": "N210 Toft 2007",
    "et": "Age",
    "off": 8840,
    "sff": "2–3 weeks"
  },
  {
    "docID": "N210 Toft 2007",
    "et": "Age",
    "off": 10412,
    "sff": "1D"
  },
  {
    "docID": "N210 Toft 2007",
    "et": "Age",
    "off": 35058,
    "sff": "3D"
  }
]
