[
  {
    "docID": "N211 Toft 2012",
    "et": "Weight",
    "off": 16987,
    "sff": "0.06 mg"
  },
  {
    "docID": "N211 Toft 2012",
    "et": "Weight",
    "off": 7098,
    "sff": "200–250 g"
  },
  {
    "docID": "N211 Toft 2012",
    "et": "Weight",
    "off": 11976,
    "sff": "300g"
  },
  {
    "docID": "N211 Toft 2012",
    "et": "Weight",
    "off": 16064,
    "sff": "0.06 mg"
  },
  {
    "docID": "N211 Toft 2012",
    "et": "RatModel",
    "off": 38558,
    "sff": "rat"
  },
  {
    "docID": "N211 Toft 2012",
    "et": "RatModel",
    "off": 993,
    "sff": "rat"
  },
  {
    "docID": "N211 Toft 2012",
    "et": "RatModel",
    "off": 8740,
    "sff": "rat"
  },
  {
    "docID": "N211 Toft 2012",
    "et": "RatModel",
    "off": 50056,
    "sff": "rat"
  },
  {
    "docID": "N211 Toft 2012",
    "et": "RabbitSpecies",
    "off": 18646,
    "sff": "rabbit"
  },
  {
    "docID": "N211 Toft 2012",
    "et": "RabbitSpecies",
    "off": 18797,
    "sff": "rabbit"
  },
  {
    "docID": "N211 Toft 2012",
    "et": "RabbitSpecies",
    "off": 18686,
    "sff": "rabbit"
  },
  {
    "docID": "N211 Toft 2012",
    "et": "SpragueDawleyRat",
    "off": 42135,
    "sff": "Sprague-Dawley rats"
  },
  {
    "docID": "N211 Toft 2012",
    "et": "SpragueDawleyRat",
    "off": 42135,
    "sff": "Sprague-Dawley"
  },
  {
    "docID": "N211 Toft 2012",
    "et": "Mixed",
    "off": 5303,
    "sff": "mixed"
  },
  {
    "docID": "N211 Toft 2012",
    "et": "Mixed",
    "off": 23229,
    "sff": "mixed"
  },
  {
    "docID": "N211 Toft 2012",
    "et": "Mixed",
    "off": 50951,
    "sff": "mixed"
  },
  {
    "docID": "N211 Toft 2012",
    "et": "Mixed",
    "off": 24554,
    "sff": "mixed"
  },
  {
    "docID": "N211 Toft 2012",
    "et": "Mixed",
    "off": 27148,
    "sff": "Mixed"
  },
  {
    "docID": "N211 Toft 2012",
    "et": "Mixed",
    "off": 32590,
    "sff": "mixed"
  },
  {
    "docID": "N211 Toft 2012",
    "et": "Mixed",
    "off": 1491,
    "sff": "mixed"
  },
  {
    "docID": "N211 Toft 2012",
    "et": "Mixed",
    "off": 23059,
    "sff": "mixed"
  },
  {
    "docID": "N211 Toft 2012",
    "et": "Mixed",
    "off": 31057,
    "sff": "mixed"
  },
  {
    "docID": "N211 Toft 2012",
    "et": "MouseModel",
    "off": 8348,
    "sff": "mouse"
  },
  {
    "docID": "N211 Toft 2012",
    "et": "MouseModel",
    "off": 18608,
    "sff": "mouse"
  },
  {
    "docID": "N211 Toft 2012",
    "et": "MouseModel",
    "off": 18722,
    "sff": "mouse"
  },
  {
    "docID": "N211 Toft 2012",
    "et": "MouseModel",
    "off": 18680,
    "sff": "mouse"
  },
  {
    "docID": "N211 Toft 2012",
    "et": "RabbitModel",
    "off": 18797,
    "sff": "rabbit"
  },
  {
    "docID": "N211 Toft 2012",
    "et": "RabbitModel",
    "off": 18686,
    "sff": "rabbit"
  },
  {
    "docID": "N211 Toft 2012",
    "et": "RabbitModel",
    "off": 18646,
    "sff": "rabbit"
  },
  {
    "docID": "N211 Toft 2012",
    "et": "AgeCategory",
    "off": 44928,
    "sff": "age"
  },
  {
    "docID": "N211 Toft 2012",
    "et": "RatSpecies",
    "off": 38558,
    "sff": "rat"
  },
  {
    "docID": "N211 Toft 2012",
    "et": "RatSpecies",
    "off": 50056,
    "sff": "rat"
  },
  {
    "docID": "N211 Toft 2012",
    "et": "RatSpecies",
    "off": 8740,
    "sff": "rat"
  },
  {
    "docID": "N211 Toft 2012",
    "et": "RatSpecies",
    "off": 993,
    "sff": "rat"
  },
  {
    "docID": "N211 Toft 2012",
    "et": "Male",
    "off": 14373,
    "sff": "male"
  },
  {
    "docID": "N211 Toft 2012",
    "et": "Male",
    "off": 7084,
    "sff": "male"
  },
  {
    "docID": "N211 Toft 2012",
    "et": "MouseSpecies",
    "off": 8348,
    "sff": "mouse"
  },
  {
    "docID": "N211 Toft 2012",
    "et": "MouseSpecies",
    "off": 18680,
    "sff": "mouse"
  },
  {
    "docID": "N211 Toft 2012",
    "et": "MouseSpecies",
    "off": 18608,
    "sff": "mouse"
  },
  {
    "docID": "N211 Toft 2012",
    "et": "MouseSpecies",
    "off": 18722,
    "sff": "mouse"
  },
  {
    "docID": "N211 Toft 2012",
    "et": "FischerRat",
    "off": 42051,
    "sff": "Fischer"
  },
  {
    "docID": "N211 Toft 2012",
    "et": "FischerRat",
    "off": 61445,
    "sff": "Fischer"
  },
  {
    "docID": "N211 Toft 2012",
    "et": "FischerRat",
    "off": 36712,
    "sff": "Fischer"
  },
  {
    "docID": "N211 Toft 2012",
    "et": "FischerRat",
    "off": 49592,
    "sff": "Fischer"
  },
  {
    "docID": "N211 Toft 2012",
    "et": "FischerRat",
    "off": 14378,
    "sff": "Fischer"
  },
  {
    "docID": "N211 Toft 2012",
    "et": "FischerRat",
    "off": 11165,
    "sff": "Fischer"
  },
  {
    "docID": "N211 Toft 2012",
    "et": "Adult",
    "off": 14367,
    "sff": "adult"
  },
  {
    "docID": "N211 Toft 2012",
    "et": "Adult",
    "off": 45218,
    "sff": "adult"
  },
  {
    "docID": "N211 Toft 2012",
    "et": "Adult",
    "off": 50050,
    "sff": "adult"
  },
  {
    "docID": "N211 Toft 2012",
    "et": "Adult",
    "off": 7078,
    "sff": "adult"
  },
  {
    "docID": "N211 Toft 2012",
    "et": "LongEvansRat",
    "off": 61257,
    "sff": "long"
  },
  {
    "docID": "N211 Toft 2012",
    "et": "Age",
    "off": 21573,
    "sff": "6 weeks"
  },
  {
    "docID": "N211 Toft 2012",
    "et": "Age",
    "off": 17173,
    "sff": "2 weeks"
  },
  {
    "docID": "N211 Toft 2012",
    "et": "Age",
    "off": 41102,
    "sff": "1 week"
  },
  {
    "docID": "N211 Toft 2012",
    "et": "Age",
    "off": 27092,
    "sff": "tend"
  },
  {
    "docID": "N211 Toft 2012",
    "et": "Age",
    "off": 41779,
    "sff": "3 weeks"
  },
  {
    "docID": "N211 Toft 2012",
    "et": "Age",
    "off": 8523,
    "sff": "8–10 days"
  },
  {
    "docID": "N211 Toft 2012",
    "et": "Age",
    "off": 17773,
    "sff": "6 weeks"
  },
  {
    "docID": "N211 Toft 2012",
    "et": "Age",
    "off": 8649,
    "sff": "2–3 days"
  },
  {
    "docID": "N211 Toft 2012",
    "et": "Age",
    "off": 41635,
    "sff": "1 week"
  },
  {
    "docID": "N211 Toft 2012",
    "et": "Age",
    "off": 31575,
    "sff": "6 weeks"
  },
  {
    "docID": "N211 Toft 2012",
    "et": "Age",
    "off": 34790,
    "sff": "10 days"
  },
  {
    "docID": "N211 Toft 2012",
    "et": "Age",
    "off": 60033,
    "sff": "tend"
  },
  {
    "docID": "N211 Toft 2012",
    "et": "Age",
    "off": 20540,
    "sff": "6 weeks"
  },
  {
    "docID": "N211 Toft 2012",
    "et": "Age",
    "off": 34236,
    "sff": "6 weeks"
  },
  {
    "docID": "N211 Toft 2012",
    "et": "Age",
    "off": 10013,
    "sff": "3–4 weeks"
  },
  {
    "docID": "N211 Toft 2012",
    "et": "Age",
    "off": 17727,
    "sff": "10 days"
  },
  {
    "docID": "N211 Toft 2012",
    "et": "Age",
    "off": 31200,
    "sff": "10 days"
  }
]
