[
  {
    "docID": "N212 Torres-Esp¡n 2014",
    "et": "Weight",
    "off": 6355,
    "sff": "220 g"
  },
  {
    "docID": "N212 Torres-Esp¡n 2014",
    "et": "Weight",
    "off": 7486,
    "sff": "160 g"
  },
  {
    "docID": "N212 Torres-Esp¡n 2014",
    "et": "Weight",
    "off": 10516,
    "sff": "250–300 g"
  },
  {
    "docID": "N212 Torres-Esp¡n 2014",
    "et": "Weight",
    "off": 32011,
    "sff": "1G"
  },
  {
    "docID": "N212 Torres-Esp¡n 2014",
    "et": "RatModel",
    "off": 12544,
    "sff": "rat"
  },
  {
    "docID": "N212 Torres-Esp¡n 2014",
    "et": "RatModel",
    "off": 1207,
    "sff": "rat"
  },
  {
    "docID": "N212 Torres-Esp¡n 2014",
    "et": "NewZealandRabbit",
    "off": 4022,
    "sff": "new"
  },
  {
    "docID": "N212 Torres-Esp¡n 2014",
    "et": "RabbitSpecies",
    "off": 20019,
    "sff": "rabbit"
  },
  {
    "docID": "N212 Torres-Esp¡n 2014",
    "et": "RabbitSpecies",
    "off": 19593,
    "sff": "rabbit"
  },
  {
    "docID": "N212 Torres-Esp¡n 2014",
    "et": "RabbitSpecies",
    "off": 9436,
    "sff": "rabbit"
  },
  {
    "docID": "N212 Torres-Esp¡n 2014",
    "et": "SpragueDawleyRat",
    "off": 10482,
    "sff": "Sprague–Dawley rats"
  },
  {
    "docID": "N212 Torres-Esp¡n 2014",
    "et": "SpragueDawleyRat",
    "off": 10482,
    "sff": "Sprague–Dawley"
  },
  {
    "docID": "N212 Torres-Esp¡n 2014",
    "et": "SpragueDawleyRat",
    "off": 5873,
    "sff": "Sprague–Dawley rats"
  },
  {
    "docID": "N212 Torres-Esp¡n 2014",
    "et": "SpragueDawleyRat",
    "off": 5873,
    "sff": "Sprague–Dawley"
  },
  {
    "docID": "N212 Torres-Esp¡n 2014",
    "et": "MouseModel",
    "off": 19775,
    "sff": "mouse"
  },
  {
    "docID": "N212 Torres-Esp¡n 2014",
    "et": "MouseModel",
    "off": 8977,
    "sff": "mouse"
  },
  {
    "docID": "N212 Torres-Esp¡n 2014",
    "et": "MouseModel",
    "off": 13689,
    "sff": "Mouse"
  },
  {
    "docID": "N212 Torres-Esp¡n 2014",
    "et": "MouseModel",
    "off": 20162,
    "sff": "mouse"
  },
  {
    "docID": "N212 Torres-Esp¡n 2014",
    "et": "MouseModel",
    "off": 9413,
    "sff": "mouse"
  },
  {
    "docID": "N212 Torres-Esp¡n 2014",
    "et": "RabbitModel",
    "off": 19593,
    "sff": "rabbit"
  },
  {
    "docID": "N212 Torres-Esp¡n 2014",
    "et": "RabbitModel",
    "off": 9436,
    "sff": "rabbit"
  },
  {
    "docID": "N212 Torres-Esp¡n 2014",
    "et": "RabbitModel",
    "off": 20019,
    "sff": "rabbit"
  },
  {
    "docID": "N212 Torres-Esp¡n 2014",
    "et": "AgeCategory",
    "off": 41618,
    "sff": "age"
  },
  {
    "docID": "N212 Torres-Esp¡n 2014",
    "et": "RatSpecies",
    "off": 12544,
    "sff": "rat"
  },
  {
    "docID": "N212 Torres-Esp¡n 2014",
    "et": "RatSpecies",
    "off": 1207,
    "sff": "rat"
  },
  {
    "docID": "N212 Torres-Esp¡n 2014",
    "et": "Male",
    "off": 5868,
    "sff": "male"
  },
  {
    "docID": "N212 Torres-Esp¡n 2014",
    "et": "MouseSpecies",
    "off": 9413,
    "sff": "mouse"
  },
  {
    "docID": "N212 Torres-Esp¡n 2014",
    "et": "MouseSpecies",
    "off": 20162,
    "sff": "mouse"
  },
  {
    "docID": "N212 Torres-Esp¡n 2014",
    "et": "MouseSpecies",
    "off": 8977,
    "sff": "mouse"
  },
  {
    "docID": "N212 Torres-Esp¡n 2014",
    "et": "MouseSpecies",
    "off": 13689,
    "sff": "Mouse"
  },
  {
    "docID": "N212 Torres-Esp¡n 2014",
    "et": "MouseSpecies",
    "off": 19775,
    "sff": "mouse"
  },
  {
    "docID": "N212 Torres-Esp¡n 2014",
    "et": "Adult",
    "off": 10469,
    "sff": "Adult"
  },
  {
    "docID": "N212 Torres-Esp¡n 2014",
    "et": "Female",
    "off": 10475,
    "sff": "female"
  },
  {
    "docID": "N212 Torres-Esp¡n 2014",
    "et": "Age",
    "off": 31808,
    "sff": "14 days"
  },
  {
    "docID": "N212 Torres-Esp¡n 2014",
    "et": "Age",
    "off": 8921,
    "sff": "7 days"
  },
  {
    "docID": "N212 Torres-Esp¡n 2014",
    "et": "Age",
    "off": 37036,
    "sff": "4D"
  },
  {
    "docID": "N212 Torres-Esp¡n 2014",
    "et": "Age",
    "off": 32765,
    "sff": "3 weeks"
  },
  {
    "docID": "N212 Torres-Esp¡n 2014",
    "et": "Age",
    "off": 23345,
    "sff": "2–3 weeks"
  },
  {
    "docID": "N212 Torres-Esp¡n 2014",
    "et": "Age",
    "off": 18040,
    "sff": "42 days"
  },
  {
    "docID": "N212 Torres-Esp¡n 2014",
    "et": "Age",
    "off": 31578,
    "sff": "1 week"
  },
  {
    "docID": "N212 Torres-Esp¡n 2014",
    "et": "Age",
    "off": 11799,
    "sff": "7 days"
  },
  {
    "docID": "N212 Torres-Esp¡n 2014",
    "et": "Age",
    "off": 1532,
    "sff": "2 weeks"
  },
  {
    "docID": "N212 Torres-Esp¡n 2014",
    "et": "Age",
    "off": 24565,
    "sff": "2–3 weeks"
  },
  {
    "docID": "N212 Torres-Esp¡n 2014",
    "et": "Age",
    "off": 6952,
    "sff": "4–5 days"
  },
  {
    "docID": "N212 Torres-Esp¡n 2014",
    "et": "Age",
    "off": 33005,
    "sff": "7 days"
  },
  {
    "docID": "N212 Torres-Esp¡n 2014",
    "et": "Age",
    "off": 31274,
    "sff": "3 weeks"
  },
  {
    "docID": "N212 Torres-Esp¡n 2014",
    "et": "Age",
    "off": 23570,
    "sff": "14 days"
  },
  {
    "docID": "N212 Torres-Esp¡n 2014",
    "et": "Age",
    "off": 27788,
    "sff": "6 weeks"
  },
  {
    "docID": "N212 Torres-Esp¡n 2014",
    "et": "Age",
    "off": 32607,
    "sff": "3 days"
  },
  {
    "docID": "N212 Torres-Esp¡n 2014",
    "et": "Age",
    "off": 24790,
    "sff": "14 days"
  },
  {
    "docID": "N212 Torres-Esp¡n 2014",
    "et": "Age",
    "off": 35802,
    "sff": "6 weeks"
  },
  {
    "docID": "N212 Torres-Esp¡n 2014",
    "et": "Age",
    "off": 31251,
    "sff": "2 weeks"
  },
  {
    "docID": "N212 Torres-Esp¡n 2014",
    "et": "Age",
    "off": 1467,
    "sff": "7 days"
  },
  {
    "docID": "N212 Torres-Esp¡n 2014",
    "et": "Age",
    "off": 10140,
    "sff": "2–3 days"
  },
  {
    "docID": "N212 Torres-Esp¡n 2014",
    "et": "Age",
    "off": 32276,
    "sff": "2 weeks"
  },
  {
    "docID": "N212 Torres-Esp¡n 2014",
    "et": "Age",
    "off": 36930,
    "sff": "4D"
  },
  {
    "docID": "N212 Torres-Esp¡n 2014",
    "et": "Age",
    "off": 32664,
    "sff": "2 weeks"
  },
  {
    "docID": "N212 Torres-Esp¡n 2014",
    "et": "Age",
    "off": 13025,
    "sff": "1 week"
  },
  {
    "docID": "N212 Torres-Esp¡n 2014",
    "et": "Age",
    "off": 11387,
    "sff": "0 days"
  },
  {
    "docID": "N212 Torres-Esp¡n 2014",
    "et": "Age",
    "off": 18154,
    "sff": "21 days"
  },
  {
    "docID": "N212 Torres-Esp¡n 2014",
    "et": "Age",
    "off": 31037,
    "sff": "One week"
  },
  {
    "docID": "N212 Torres-Esp¡n 2014",
    "et": "Age",
    "off": 31620,
    "sff": "7 to 14 days"
  },
  {
    "docID": "N212 Torres-Esp¡n 2014",
    "et": "Age",
    "off": 10503,
    "sff": "9 weeks old"
  },
  {
    "docID": "N212 Torres-Esp¡n 2014",
    "et": "Age",
    "off": 33208,
    "sff": "14 days"
  },
  {
    "docID": "N212 Torres-Esp¡n 2014",
    "et": "Age",
    "off": 42629,
    "sff": "2–3 weeks"
  }
]
