[
  {
    "docID": "N213 Torres-Espin 2013",
    "et": "Weight",
    "off": 9041,
    "sff": "250–300 g"
  },
  {
    "docID": "N213 Torres-Espin 2013",
    "et": "CD1_Mouse",
    "off": 32875,
    "sff": "CD4"
  },
  {
    "docID": "N213 Torres-Espin 2013",
    "et": "CD1_Mouse",
    "off": 46983,
    "sff": "CD8"
  },
  {
    "docID": "N213 Torres-Espin 2013",
    "et": "CD1_Mouse",
    "off": 47339,
    "sff": "CD4"
  },
  {
    "docID": "N213 Torres-Espin 2013",
    "et": "CD1_Mouse",
    "off": 47990,
    "sff": "CD8"
  },
  {
    "docID": "N213 Torres-Espin 2013",
    "et": "CD1_Mouse",
    "off": 32831,
    "sff": "CD4"
  },
  {
    "docID": "N213 Torres-Espin 2013",
    "et": "CD1_Mouse",
    "off": 47998,
    "sff": "CD4"
  },
  {
    "docID": "N213 Torres-Espin 2013",
    "et": "CD1_Mouse",
    "off": 47716,
    "sff": "CD4"
  },
  {
    "docID": "N213 Torres-Espin 2013",
    "et": "CD1_Mouse",
    "off": 47410,
    "sff": "CD4"
  },
  {
    "docID": "N213 Torres-Espin 2013",
    "et": "CD1_Mouse",
    "off": 47138,
    "sff": "CD8"
  },
  {
    "docID": "N213 Torres-Espin 2013",
    "et": "CD1_Mouse",
    "off": 47541,
    "sff": "CD4"
  },
  {
    "docID": "N213 Torres-Espin 2013",
    "et": "RatModel",
    "off": 46637,
    "sff": "rat"
  },
  {
    "docID": "N213 Torres-Espin 2013",
    "et": "RatModel",
    "off": 10751,
    "sff": "rat"
  },
  {
    "docID": "N213 Torres-Espin 2013",
    "et": "RatModel",
    "off": 26680,
    "sff": "rat"
  },
  {
    "docID": "N213 Torres-Espin 2013",
    "et": "RatModel",
    "off": 14449,
    "sff": "RAT"
  },
  {
    "docID": "N213 Torres-Espin 2013",
    "et": "RatModel",
    "off": 27594,
    "sff": "rat"
  },
  {
    "docID": "N213 Torres-Espin 2013",
    "et": "NewZealandRabbit",
    "off": 17972,
    "sff": "New"
  },
  {
    "docID": "N213 Torres-Espin 2013",
    "et": "NewZealandRabbit",
    "off": 39281,
    "sff": "new"
  },
  {
    "docID": "N213 Torres-Espin 2013",
    "et": "NewZealandRabbit",
    "off": 39569,
    "sff": "new"
  },
  {
    "docID": "N213 Torres-Espin 2013",
    "et": "RabbitSpecies",
    "off": 13078,
    "sff": "rabbit"
  },
  {
    "docID": "N213 Torres-Espin 2013",
    "et": "OrganismSpecies",
    "off": 32659,
    "sff": "organism"
  },
  {
    "docID": "N213 Torres-Espin 2013",
    "et": "SpragueDawleyRat",
    "off": 5059,
    "sff": "Sprague-Dawley rats"
  },
  {
    "docID": "N213 Torres-Espin 2013",
    "et": "SpragueDawleyRat",
    "off": 5059,
    "sff": "Sprague-Dawley"
  },
  {
    "docID": "N213 Torres-Espin 2013",
    "et": "SpragueDawleyRat",
    "off": 9000,
    "sff": "Sprague-Dawley"
  },
  {
    "docID": "N213 Torres-Espin 2013",
    "et": "MouseModel",
    "off": 7727,
    "sff": "mouse"
  },
  {
    "docID": "N213 Torres-Espin 2013",
    "et": "RabbitModel",
    "off": 13078,
    "sff": "rabbit"
  },
  {
    "docID": "N213 Torres-Espin 2013",
    "et": "RatSpecies",
    "off": 10751,
    "sff": "rat"
  },
  {
    "docID": "N213 Torres-Espin 2013",
    "et": "RatSpecies",
    "off": 27594,
    "sff": "rat"
  },
  {
    "docID": "N213 Torres-Espin 2013",
    "et": "RatSpecies",
    "off": 26680,
    "sff": "rat"
  },
  {
    "docID": "N213 Torres-Espin 2013",
    "et": "RatSpecies",
    "off": 14449,
    "sff": "RAT"
  },
  {
    "docID": "N213 Torres-Espin 2013",
    "et": "RatSpecies",
    "off": 46637,
    "sff": "rat"
  },
  {
    "docID": "N213 Torres-Espin 2013",
    "et": "CD2_Mouse",
    "off": 47138,
    "sff": "CD8"
  },
  {
    "docID": "N213 Torres-Espin 2013",
    "et": "CD2_Mouse",
    "off": 47410,
    "sff": "CD4"
  },
  {
    "docID": "N213 Torres-Espin 2013",
    "et": "CD2_Mouse",
    "off": 47541,
    "sff": "CD4"
  },
  {
    "docID": "N213 Torres-Espin 2013",
    "et": "CD2_Mouse",
    "off": 47716,
    "sff": "CD4"
  },
  {
    "docID": "N213 Torres-Espin 2013",
    "et": "CD2_Mouse",
    "off": 32831,
    "sff": "CD4"
  },
  {
    "docID": "N213 Torres-Espin 2013",
    "et": "CD2_Mouse",
    "off": 47998,
    "sff": "CD4"
  },
  {
    "docID": "N213 Torres-Espin 2013",
    "et": "CD2_Mouse",
    "off": 32875,
    "sff": "CD4"
  },
  {
    "docID": "N213 Torres-Espin 2013",
    "et": "CD2_Mouse",
    "off": 46983,
    "sff": "CD8"
  },
  {
    "docID": "N213 Torres-Espin 2013",
    "et": "CD2_Mouse",
    "off": 47339,
    "sff": "CD4"
  },
  {
    "docID": "N213 Torres-Espin 2013",
    "et": "CD2_Mouse",
    "off": 47990,
    "sff": "CD8"
  },
  {
    "docID": "N213 Torres-Espin 2013",
    "et": "Male",
    "off": 5054,
    "sff": "male"
  },
  {
    "docID": "N213 Torres-Espin 2013",
    "et": "MouseSpecies",
    "off": 7727,
    "sff": "mouse"
  },
  {
    "docID": "N213 Torres-Espin 2013",
    "et": "OrganismModel",
    "off": 32659,
    "sff": "organism"
  },
  {
    "docID": "N213 Torres-Espin 2013",
    "et": "Adult",
    "off": 47169,
    "sff": "mature"
  },
  {
    "docID": "N213 Torres-Espin 2013",
    "et": "Adult",
    "off": 47010,
    "sff": "mature"
  },
  {
    "docID": "N213 Torres-Espin 2013",
    "et": "Adult",
    "off": 47394,
    "sff": "mature"
  },
  {
    "docID": "N213 Torres-Espin 2013",
    "et": "Adult",
    "off": 8994,
    "sff": "Adult"
  },
  {
    "docID": "N213 Torres-Espin 2013",
    "et": "LongEvansRat",
    "off": 11756,
    "sff": "long"
  },
  {
    "docID": "N213 Torres-Espin 2013",
    "et": "Female",
    "off": 9015,
    "sff": "female"
  },
  {
    "docID": "N213 Torres-Espin 2013",
    "et": "Age",
    "off": 22240,
    "sff": "7 days"
  },
  {
    "docID": "N213 Torres-Espin 2013",
    "et": "Age",
    "off": 1120,
    "sff": "7 days"
  },
  {
    "docID": "N213 Torres-Espin 2013",
    "et": "Age",
    "off": 28178,
    "sff": "2 days"
  },
  {
    "docID": "N213 Torres-Espin 2013",
    "et": "Age",
    "off": 33258,
    "sff": "6D"
  },
  {
    "docID": "N213 Torres-Espin 2013",
    "et": "Age",
    "off": 33424,
    "sff": "2 to 7 days"
  },
  {
    "docID": "N213 Torres-Espin 2013",
    "et": "Age",
    "off": 45081,
    "sff": "7 days"
  },
  {
    "docID": "N213 Torres-Espin 2013",
    "et": "Age",
    "off": 25584,
    "sff": "7 days"
  },
  {
    "docID": "N213 Torres-Espin 2013",
    "et": "Age",
    "off": 29285,
    "sff": "2 days"
  },
  {
    "docID": "N213 Torres-Espin 2013",
    "et": "Age",
    "off": 25623,
    "sff": "14 days"
  },
  {
    "docID": "N213 Torres-Espin 2013",
    "et": "Age",
    "off": 11629,
    "sff": "2 days"
  },
  {
    "docID": "N213 Torres-Espin 2013",
    "et": "Age",
    "off": 35160,
    "sff": "7D"
  },
  {
    "docID": "N213 Torres-Espin 2013",
    "et": "Age",
    "off": 1452,
    "sff": "7 days"
  },
  {
    "docID": "N213 Torres-Espin 2013",
    "et": "Age",
    "off": 9964,
    "sff": "7 days"
  },
  {
    "docID": "N213 Torres-Espin 2013",
    "et": "Age",
    "off": 1001,
    "sff": "7 days"
  },
  {
    "docID": "N213 Torres-Espin 2013",
    "et": "Age",
    "off": 11265,
    "sff": "one week"
  },
  {
    "docID": "N213 Torres-Espin 2013",
    "et": "Age",
    "off": 24575,
    "sff": "7 days"
  },
  {
    "docID": "N213 Torres-Espin 2013",
    "et": "Age",
    "off": 9028,
    "sff": "9 weeks old"
  },
  {
    "docID": "N213 Torres-Espin 2013",
    "et": "Age",
    "off": 27326,
    "sff": "7 days"
  },
  {
    "docID": "N213 Torres-Espin 2013",
    "et": "Age",
    "off": 12286,
    "sff": "7 days"
  },
  {
    "docID": "N213 Torres-Espin 2013",
    "et": "Age",
    "off": 24176,
    "sff": "2 days"
  },
  {
    "docID": "N213 Torres-Espin 2013",
    "et": "Age",
    "off": 24614,
    "sff": "14 days"
  },
  {
    "docID": "N213 Torres-Espin 2013",
    "et": "Age",
    "off": 28675,
    "sff": "7 days"
  },
  {
    "docID": "N213 Torres-Espin 2013",
    "et": "Age",
    "off": 7671,
    "sff": "7 days"
  },
  {
    "docID": "N213 Torres-Espin 2013",
    "et": "Age",
    "off": 30588,
    "sff": "2 days"
  },
  {
    "docID": "N213 Torres-Espin 2013",
    "et": "Age",
    "off": 10165,
    "sff": "7 days"
  },
  {
    "docID": "N213 Torres-Espin 2013",
    "et": "Age",
    "off": 30710,
    "sff": "7 days"
  },
  {
    "docID": "N213 Torres-Espin 2013",
    "et": "Age",
    "off": 34550,
    "sff": "7 days"
  },
  {
    "docID": "N213 Torres-Espin 2013",
    "et": "Age",
    "off": 8681,
    "sff": "2–3 days"
  },
  {
    "docID": "N213 Torres-Espin 2013",
    "et": "Age",
    "off": 24206,
    "sff": "7 days"
  },
  {
    "docID": "N213 Torres-Espin 2013",
    "et": "Age",
    "off": 25998,
    "sff": "7 days"
  },
  {
    "docID": "N213 Torres-Espin 2013",
    "et": "Age",
    "off": 25101,
    "sff": "7 days"
  },
  {
    "docID": "N213 Torres-Espin 2013",
    "et": "Age",
    "off": 25140,
    "sff": "14 days"
  },
  {
    "docID": "N213 Torres-Espin 2013",
    "et": "Age",
    "off": 28801,
    "sff": "2 days"
  },
  {
    "docID": "N213 Torres-Espin 2013",
    "et": "Age",
    "off": 6021,
    "sff": "4–5 days"
  },
  {
    "docID": "N213 Torres-Espin 2013",
    "et": "Age",
    "off": 4231,
    "sff": "7 days"
  },
  {
    "docID": "N213 Torres-Espin 2013",
    "et": "Age",
    "off": 34119,
    "sff": "7 days"
  },
  {
    "docID": "N213 Torres-Espin 2013",
    "et": "Age",
    "off": 48452,
    "sff": "4 weeks"
  },
  {
    "docID": "N213 Torres-Espin 2013",
    "et": "Age",
    "off": 23341,
    "sff": "one week"
  },
  {
    "docID": "N213 Torres-Espin 2013",
    "et": "Age",
    "off": 11595,
    "sff": "7 days"
  },
  {
    "docID": "N213 Torres-Espin 2013",
    "et": "Age",
    "off": 29641,
    "sff": "7 days"
  }
]
