[
  {
    "docID": "N214 Vavrek 2007",
    "et": "Weight",
    "off": 4506,
    "sff": "200 g"
  },
  {
    "docID": "N214 Vavrek 2007",
    "et": "Weight",
    "off": 4488,
    "sff": "0.75 mg"
  },
  {
    "docID": "N214 Vavrek 2007",
    "et": "Weight",
    "off": 4423,
    "sff": "200 g"
  },
  {
    "docID": "N214 Vavrek 2007",
    "et": "Weight",
    "off": 6375,
    "sff": "100 mg"
  },
  {
    "docID": "N214 Vavrek 2007",
    "et": "RatModel",
    "off": 15780,
    "sff": "rat"
  },
  {
    "docID": "N214 Vavrek 2007",
    "et": "RatModel",
    "off": 8120,
    "sff": "rat"
  },
  {
    "docID": "N214 Vavrek 2007",
    "et": "RatModel",
    "off": 15707,
    "sff": "rat"
  },
  {
    "docID": "N214 Vavrek 2007",
    "et": "RatModel",
    "off": 16096,
    "sff": "rat"
  },
  {
    "docID": "N214 Vavrek 2007",
    "et": "MouseModel",
    "off": 7579,
    "sff": "mouse"
  },
  {
    "docID": "N214 Vavrek 2007",
    "et": "RatSpecies",
    "off": 8120,
    "sff": "rat"
  },
  {
    "docID": "N214 Vavrek 2007",
    "et": "RatSpecies",
    "off": 15707,
    "sff": "rat"
  },
  {
    "docID": "N214 Vavrek 2007",
    "et": "RatSpecies",
    "off": 16096,
    "sff": "rat"
  },
  {
    "docID": "N214 Vavrek 2007",
    "et": "RatSpecies",
    "off": 15780,
    "sff": "rat"
  },
  {
    "docID": "N214 Vavrek 2007",
    "et": "MouseSpecies",
    "off": 7579,
    "sff": "mouse"
  },
  {
    "docID": "N214 Vavrek 2007",
    "et": "FischerRat",
    "off": 3605,
    "sff": "Fischer"
  },
  {
    "docID": "N214 Vavrek 2007",
    "et": "FischerRat",
    "off": 3750,
    "sff": "Fischer"
  },
  {
    "docID": "N214 Vavrek 2007",
    "et": "FischerRat",
    "off": 3373,
    "sff": "Fischer"
  },
  {
    "docID": "N214 Vavrek 2007",
    "et": "Adult",
    "off": 231,
    "sff": "adult"
  },
  {
    "docID": "N214 Vavrek 2007",
    "et": "Adult",
    "off": 3592,
    "sff": "adult"
  },
  {
    "docID": "N214 Vavrek 2007",
    "et": "Adult",
    "off": 3737,
    "sff": "adult"
  },
  {
    "docID": "N214 Vavrek 2007",
    "et": "Adult",
    "off": 3360,
    "sff": "adult"
  },
  {
    "docID": "N214 Vavrek 2007",
    "et": "Female",
    "off": 3366,
    "sff": "female"
  },
  {
    "docID": "N214 Vavrek 2007",
    "et": "Female",
    "off": 3598,
    "sff": "female"
  },
  {
    "docID": "N214 Vavrek 2007",
    "et": "Female",
    "off": 3743,
    "sff": "female"
  },
  {
    "docID": "N214 Vavrek 2007",
    "et": "Age",
    "off": 5797,
    "sff": "10 weeks"
  },
  {
    "docID": "N214 Vavrek 2007",
    "et": "Age",
    "off": 6282,
    "sff": "Two weeks"
  },
  {
    "docID": "N214 Vavrek 2007",
    "et": "Age",
    "off": 5636,
    "sff": "4 weeks"
  }
]
