[
  {
    "docID": "N215 Verdu 2001",
    "et": "Weight",
    "off": 4151,
    "sff": "250-300 g"
  },
  {
    "docID": "N215 Verdu 2001",
    "et": "RatModel",
    "off": 13730,
    "sff": "rat"
  },
  {
    "docID": "N215 Verdu 2001",
    "et": "RatModel",
    "off": 323,
    "sff": "rat"
  },
  {
    "docID": "N215 Verdu 2001",
    "et": "RatModel",
    "off": 1346,
    "sff": "rat"
  },
  {
    "docID": "N215 Verdu 2001",
    "et": "RatModel",
    "off": 2901,
    "sff": "rat"
  },
  {
    "docID": "N215 Verdu 2001",
    "et": "RatModel",
    "off": 3608,
    "sff": "rat"
  },
  {
    "docID": "N215 Verdu 2001",
    "et": "RabbitSpecies",
    "off": 7330,
    "sff": "rabbit"
  },
  {
    "docID": "N215 Verdu 2001",
    "et": "SpragueDawleyRat",
    "off": 4130,
    "sff": "Sprague±Dawley"
  },
  {
    "docID": "N215 Verdu 2001",
    "et": "SpragueDawleyRat",
    "off": 4130,
    "sff": "Sprague±Dawley rats"
  },
  {
    "docID": "N215 Verdu 2001",
    "et": "MouseModel",
    "off": 7433,
    "sff": "mouse"
  },
  {
    "docID": "N215 Verdu 2001",
    "et": "RabbitModel",
    "off": 7330,
    "sff": "rabbit"
  },
  {
    "docID": "N215 Verdu 2001",
    "et": "WistarRat",
    "off": 3706,
    "sff": "Wistar rats"
  },
  {
    "docID": "N215 Verdu 2001",
    "et": "WistarRat",
    "off": 3706,
    "sff": "Wistar"
  },
  {
    "docID": "N215 Verdu 2001",
    "et": "RatSpecies",
    "off": 323,
    "sff": "rat"
  },
  {
    "docID": "N215 Verdu 2001",
    "et": "RatSpecies",
    "off": 2901,
    "sff": "rat"
  },
  {
    "docID": "N215 Verdu 2001",
    "et": "RatSpecies",
    "off": 3608,
    "sff": "rat"
  },
  {
    "docID": "N215 Verdu 2001",
    "et": "RatSpecies",
    "off": 1346,
    "sff": "rat"
  },
  {
    "docID": "N215 Verdu 2001",
    "et": "RatSpecies",
    "off": 13730,
    "sff": "rat"
  },
  {
    "docID": "N215 Verdu 2001",
    "et": "Male",
    "off": 3701,
    "sff": "male"
  },
  {
    "docID": "N215 Verdu 2001",
    "et": "MouseSpecies",
    "off": 7433,
    "sff": "mouse"
  },
  {
    "docID": "N215 Verdu 2001",
    "et": "Adult",
    "off": 3602,
    "sff": "adult"
  },
  {
    "docID": "N215 Verdu 2001",
    "et": "Adult",
    "off": 1466,
    "sff": "adult"
  },
  {
    "docID": "N215 Verdu 2001",
    "et": "Adult",
    "off": 1340,
    "sff": "adult"
  },
  {
    "docID": "N215 Verdu 2001",
    "et": "Adult",
    "off": 13724,
    "sff": "adult"
  },
  {
    "docID": "N215 Verdu 2001",
    "et": "Adult",
    "off": 3678,
    "sff": "adult"
  },
  {
    "docID": "N215 Verdu 2001",
    "et": "Adult",
    "off": 14558,
    "sff": "adult"
  },
  {
    "docID": "N215 Verdu 2001",
    "et": "Adult",
    "off": 2895,
    "sff": "adult"
  },
  {
    "docID": "N215 Verdu 2001",
    "et": "LongEvansRat",
    "off": 12573,
    "sff": "long"
  },
  {
    "docID": "N215 Verdu 2001",
    "et": "LongEvansRat",
    "off": 3408,
    "sff": "long"
  },
  {
    "docID": "N215 Verdu 2001",
    "et": "LongEvansRat",
    "off": 1055,
    "sff": "long"
  },
  {
    "docID": "N215 Verdu 2001",
    "et": "LongEvansRat",
    "off": 21455,
    "sff": "long"
  },
  {
    "docID": "N215 Verdu 2001",
    "et": "Female",
    "off": 4123,
    "sff": "female"
  },
  {
    "docID": "N215 Verdu 2001",
    "et": "Age",
    "off": 20273,
    "sff": "Eight months"
  },
  {
    "docID": "N215 Verdu 2001",
    "et": "Age",
    "off": 8634,
    "sff": "4D"
  },
  {
    "docID": "N215 Verdu 2001",
    "et": "Age",
    "off": 3685,
    "sff": "2.5 months old"
  },
  {
    "docID": "N215 Verdu 2001",
    "et": "Age",
    "off": 16711,
    "sff": "6 weeks"
  },
  {
    "docID": "N215 Verdu 2001",
    "et": "Age",
    "off": 17398,
    "sff": "6 months"
  },
  {
    "docID": "N215 Verdu 2001",
    "et": "Age",
    "off": 4848,
    "sff": "150W"
  },
  {
    "docID": "N215 Verdu 2001",
    "et": "Age",
    "off": 13844,
    "sff": "15 days"
  },
  {
    "docID": "N215 Verdu 2001",
    "et": "Age",
    "off": 17257,
    "sff": "2 weeks"
  },
  {
    "docID": "N215 Verdu 2001",
    "et": "Age",
    "off": 20137,
    "sff": "3 weeks"
  },
  {
    "docID": "N215 Verdu 2001",
    "et": "Age",
    "off": 5689,
    "sff": "15 days"
  },
  {
    "docID": "N215 Verdu 2001",
    "et": "Age",
    "off": 2749,
    "sff": "14 days"
  },
  {
    "docID": "N215 Verdu 2001",
    "et": "Age",
    "off": 16079,
    "sff": "1 week"
  },
  {
    "docID": "N215 Verdu 2001",
    "et": "Age",
    "off": 2944,
    "sff": "14 days"
  },
  {
    "docID": "N215 Verdu 2001",
    "et": "Age",
    "off": 514,
    "sff": "15 days"
  },
  {
    "docID": "N215 Verdu 2001",
    "et": "Age",
    "off": 2801,
    "sff": "17 months"
  },
  {
    "docID": "N215 Verdu 2001",
    "et": "Age",
    "off": 6670,
    "sff": "Fifteen days"
  },
  {
    "docID": "N215 Verdu 2001",
    "et": "Age",
    "off": 17145,
    "sff": "2 days"
  },
  {
    "docID": "N215 Verdu 2001",
    "et": "Age",
    "off": 14831,
    "sff": "14 days"
  },
  {
    "docID": "N215 Verdu 2001",
    "et": "Age",
    "off": 11985,
    "sff": "1d"
  },
  {
    "docID": "N215 Verdu 2001",
    "et": "Age",
    "off": 15105,
    "sff": "2 days"
  },
  {
    "docID": "N215 Verdu 2001",
    "et": "Age",
    "off": 17307,
    "sff": "56 days"
  },
  {
    "docID": "N215 Verdu 2001",
    "et": "Age",
    "off": 15165,
    "sff": "5 days"
  },
  {
    "docID": "N215 Verdu 2001",
    "et": "Age",
    "off": 16682,
    "sff": "3±7 days"
  },
  {
    "docID": "N215 Verdu 2001",
    "et": "Age",
    "off": 16700,
    "sff": "7 days"
  },
  {
    "docID": "N215 Verdu 2001",
    "et": "Age",
    "off": 17731,
    "sff": "2 weeks"
  }
]
