[
  {
    "docID": "N216 Verdu 2003",
    "et": "Weight",
    "off": 8415,
    "sff": "250–300 g"
  },
  {
    "docID": "N216 Verdu 2003",
    "et": "RatModel",
    "off": 10862,
    "sff": "rat"
  },
  {
    "docID": "N216 Verdu 2003",
    "et": "RatModel",
    "off": 11454,
    "sff": "rat"
  },
  {
    "docID": "N216 Verdu 2003",
    "et": "RatModel",
    "off": 22498,
    "sff": "rat"
  },
  {
    "docID": "N216 Verdu 2003",
    "et": "RatModel",
    "off": 27721,
    "sff": "rat"
  },
  {
    "docID": "N216 Verdu 2003",
    "et": "RatModel",
    "off": 29897,
    "sff": "rat"
  },
  {
    "docID": "N216 Verdu 2003",
    "et": "RabbitSpecies",
    "off": 14486,
    "sff": "rabbit"
  },
  {
    "docID": "N216 Verdu 2003",
    "et": "SpragueDawleyRat",
    "off": 8394,
    "sff": "Sprague-Dawley rats"
  },
  {
    "docID": "N216 Verdu 2003",
    "et": "SpragueDawleyRat",
    "off": 5116,
    "sff": "Sprague-Dawley"
  },
  {
    "docID": "N216 Verdu 2003",
    "et": "SpragueDawleyRat",
    "off": 5116,
    "sff": "Sprague-Dawley rats"
  },
  {
    "docID": "N216 Verdu 2003",
    "et": "SpragueDawleyRat",
    "off": 8394,
    "sff": "Sprague-Dawley"
  },
  {
    "docID": "N216 Verdu 2003",
    "et": "MouseModel",
    "off": 6795,
    "sff": "mouse"
  },
  {
    "docID": "N216 Verdu 2003",
    "et": "RabbitModel",
    "off": 14486,
    "sff": "rabbit"
  },
  {
    "docID": "N216 Verdu 2003",
    "et": "RatSpecies",
    "off": 10862,
    "sff": "rat"
  },
  {
    "docID": "N216 Verdu 2003",
    "et": "RatSpecies",
    "off": 11454,
    "sff": "rat"
  },
  {
    "docID": "N216 Verdu 2003",
    "et": "RatSpecies",
    "off": 27721,
    "sff": "rat"
  },
  {
    "docID": "N216 Verdu 2003",
    "et": "RatSpecies",
    "off": 29897,
    "sff": "rat"
  },
  {
    "docID": "N216 Verdu 2003",
    "et": "RatSpecies",
    "off": 22498,
    "sff": "rat"
  },
  {
    "docID": "N216 Verdu 2003",
    "et": "MouseSpecies",
    "off": 6795,
    "sff": "mouse"
  },
  {
    "docID": "N216 Verdu 2003",
    "et": "Adult",
    "off": 8381,
    "sff": "adult"
  },
  {
    "docID": "N216 Verdu 2003",
    "et": "Adult",
    "off": 26077,
    "sff": "adult"
  },
  {
    "docID": "N216 Verdu 2003",
    "et": "Adult",
    "off": 30439,
    "sff": "adult"
  },
  {
    "docID": "N216 Verdu 2003",
    "et": "Adult",
    "off": 5078,
    "sff": "adult"
  },
  {
    "docID": "N216 Verdu 2003",
    "et": "Adult",
    "off": 371,
    "sff": "adult"
  },
  {
    "docID": "N216 Verdu 2003",
    "et": "Adult",
    "off": 27715,
    "sff": "adult"
  },
  {
    "docID": "N216 Verdu 2003",
    "et": "LongEvansRat",
    "off": 22120,
    "sff": "long"
  },
  {
    "docID": "N216 Verdu 2003",
    "et": "Female",
    "off": 5109,
    "sff": "female"
  },
  {
    "docID": "N216 Verdu 2003",
    "et": "Female",
    "off": 8387,
    "sff": "female"
  },
  {
    "docID": "N216 Verdu 2003",
    "et": "Age",
    "off": 28208,
    "sff": "3 months"
  },
  {
    "docID": "N216 Verdu 2003",
    "et": "Age",
    "off": 18881,
    "sff": "7 days"
  },
  {
    "docID": "N216 Verdu 2003",
    "et": "Age",
    "off": 11578,
    "sff": "150 W"
  },
  {
    "docID": "N216 Verdu 2003",
    "et": "Age",
    "off": 16687,
    "sff": "90 days"
  },
  {
    "docID": "N216 Verdu 2003",
    "et": "Age",
    "off": 4601,
    "sff": "3 months"
  },
  {
    "docID": "N216 Verdu 2003",
    "et": "Age",
    "off": 20280,
    "sff": "90 days"
  },
  {
    "docID": "N216 Verdu 2003",
    "et": "Age",
    "off": 18553,
    "sff": "90 days"
  },
  {
    "docID": "N216 Verdu 2003",
    "et": "Age",
    "off": 19065,
    "sff": "90 days"
  },
  {
    "docID": "N216 Verdu 2003",
    "et": "Age",
    "off": 20023,
    "sff": "90 days"
  },
  {
    "docID": "N216 Verdu 2003",
    "et": "Age",
    "off": 22367,
    "sff": "5D"
  },
  {
    "docID": "N216 Verdu 2003",
    "et": "Age",
    "off": 28639,
    "sff": "10 weeks"
  },
  {
    "docID": "N216 Verdu 2003",
    "et": "Age",
    "off": 21070,
    "sff": "14 to 90 days"
  },
  {
    "docID": "N216 Verdu 2003",
    "et": "Age",
    "off": 18761,
    "sff": "14 to 90 days"
  },
  {
    "docID": "N216 Verdu 2003",
    "et": "Age",
    "off": 24476,
    "sff": "2 to 7 days"
  },
  {
    "docID": "N216 Verdu 2003",
    "et": "Age",
    "off": 22609,
    "sff": "3 months"
  },
  {
    "docID": "N216 Verdu 2003",
    "et": "Age",
    "off": 33403,
    "sff": "7 months"
  },
  {
    "docID": "N216 Verdu 2003",
    "et": "Age",
    "off": 13777,
    "sff": "90 days"
  },
  {
    "docID": "N216 Verdu 2003",
    "et": "Age",
    "off": 20103,
    "sff": "14 days"
  },
  {
    "docID": "N216 Verdu 2003",
    "et": "Age",
    "off": 28445,
    "sff": "8–10 weeks"
  },
  {
    "docID": "N216 Verdu 2003",
    "et": "Age",
    "off": 18210,
    "sff": "7 days"
  },
  {
    "docID": "N216 Verdu 2003",
    "et": "Age",
    "off": 25866,
    "sff": "15 days"
  },
  {
    "docID": "N216 Verdu 2003",
    "et": "Age",
    "off": 916,
    "sff": "3 months"
  },
  {
    "docID": "N216 Verdu 2003",
    "et": "Age",
    "off": 19363,
    "sff": "7 days"
  },
  {
    "docID": "N216 Verdu 2003",
    "et": "Age",
    "off": 32777,
    "sff": "15 days"
  },
  {
    "docID": "N216 Verdu 2003",
    "et": "Age",
    "off": 24827,
    "sff": "3–5 days"
  },
  {
    "docID": "N216 Verdu 2003",
    "et": "Age",
    "off": 32893,
    "sff": "1 month"
  },
  {
    "docID": "N216 Verdu 2003",
    "et": "Age",
    "off": 6191,
    "sff": "9 days"
  },
  {
    "docID": "N216 Verdu 2003",
    "et": "Age",
    "off": 18007,
    "sff": "14 to 90 days"
  },
  {
    "docID": "N216 Verdu 2003",
    "et": "Age",
    "off": 30810,
    "sff": "3 months"
  },
  {
    "docID": "N216 Verdu 2003",
    "et": "Age",
    "off": 19562,
    "sff": "3 weeks"
  },
  {
    "docID": "N216 Verdu 2003",
    "et": "Age",
    "off": 20818,
    "sff": "14 days"
  },
  {
    "docID": "N216 Verdu 2003",
    "et": "Age",
    "off": 10533,
    "sff": "90 days"
  },
  {
    "docID": "N216 Verdu 2003",
    "et": "Age",
    "off": 27779,
    "sff": "7 months"
  },
  {
    "docID": "N216 Verdu 2003",
    "et": "Age",
    "off": 6350,
    "sff": "15 days"
  },
  {
    "docID": "N216 Verdu 2003",
    "et": "Age",
    "off": 28045,
    "sff": "7 months"
  }
]
