[
  {
    "docID": "N218 Plant 2003",
    "et": "Weight",
    "off": 28363,
    "sff": "4G"
  },
  {
    "docID": "N218 Plant 2003",
    "et": "Weight",
    "off": 9240,
    "sff": "10.0 g"
  },
  {
    "docID": "N218 Plant 2003",
    "et": "Weight",
    "off": 11071,
    "sff": "100 mg"
  },
  {
    "docID": "N218 Plant 2003",
    "et": "Weight",
    "off": 9445,
    "sff": "100 mg"
  },
  {
    "docID": "N218 Plant 2003",
    "et": "Weight",
    "off": 8821,
    "sff": "200 g"
  },
  {
    "docID": "N218 Plant 2003",
    "et": "RatModel",
    "off": 2004,
    "sff": "rat"
  },
  {
    "docID": "N218 Plant 2003",
    "et": "RatModel",
    "off": 43061,
    "sff": "rat"
  },
  {
    "docID": "N218 Plant 2003",
    "et": "RatModel",
    "off": 419,
    "sff": "rat"
  },
  {
    "docID": "N218 Plant 2003",
    "et": "RatModel",
    "off": 5398,
    "sff": "rat"
  },
  {
    "docID": "N218 Plant 2003",
    "et": "RatModel",
    "off": 3343,
    "sff": "rat"
  },
  {
    "docID": "N218 Plant 2003",
    "et": "RatModel",
    "off": 128,
    "sff": "Rat"
  },
  {
    "docID": "N218 Plant 2003",
    "et": "RatModel",
    "off": 15549,
    "sff": "rat"
  },
  {
    "docID": "N218 Plant 2003",
    "et": "RatModel",
    "off": 36895,
    "sff": "rat"
  },
  {
    "docID": "N218 Plant 2003",
    "et": "RabbitSpecies",
    "off": 13662,
    "sff": "rabbit"
  },
  {
    "docID": "N218 Plant 2003",
    "et": "Young",
    "off": 37082,
    "sff": "Young"
  },
  {
    "docID": "N218 Plant 2003",
    "et": "MouseModel",
    "off": 14034,
    "sff": "mouse"
  },
  {
    "docID": "N218 Plant 2003",
    "et": "RabbitModel",
    "off": 13662,
    "sff": "rabbit"
  },
  {
    "docID": "N218 Plant 2003",
    "et": "RatSpecies",
    "off": 5398,
    "sff": "rat"
  },
  {
    "docID": "N218 Plant 2003",
    "et": "RatSpecies",
    "off": 2004,
    "sff": "rat"
  },
  {
    "docID": "N218 Plant 2003",
    "et": "RatSpecies",
    "off": 43061,
    "sff": "rat"
  },
  {
    "docID": "N218 Plant 2003",
    "et": "RatSpecies",
    "off": 128,
    "sff": "Rat"
  },
  {
    "docID": "N218 Plant 2003",
    "et": "RatSpecies",
    "off": 419,
    "sff": "rat"
  },
  {
    "docID": "N218 Plant 2003",
    "et": "RatSpecies",
    "off": 3343,
    "sff": "rat"
  },
  {
    "docID": "N218 Plant 2003",
    "et": "RatSpecies",
    "off": 36895,
    "sff": "rat"
  },
  {
    "docID": "N218 Plant 2003",
    "et": "RatSpecies",
    "off": 15549,
    "sff": "rat"
  },
  {
    "docID": "N218 Plant 2003",
    "et": "MouseSpecies",
    "off": 14034,
    "sff": "mouse"
  },
  {
    "docID": "N218 Plant 2003",
    "et": "FischerRat",
    "off": 8828,
    "sff": "Fischer"
  },
  {
    "docID": "N218 Plant 2003",
    "et": "FischerRat",
    "off": 5799,
    "sff": "Fischer"
  },
  {
    "docID": "N218 Plant 2003",
    "et": "Adult",
    "off": 34484,
    "sff": "adult"
  },
  {
    "docID": "N218 Plant 2003",
    "et": "Adult",
    "off": 5392,
    "sff": "adult"
  },
  {
    "docID": "N218 Plant 2003",
    "et": "Adult",
    "off": 1998,
    "sff": "adult"
  },
  {
    "docID": "N218 Plant 2003",
    "et": "Adult",
    "off": 43055,
    "sff": "adult"
  },
  {
    "docID": "N218 Plant 2003",
    "et": "Adult",
    "off": 413,
    "sff": "adult"
  },
  {
    "docID": "N218 Plant 2003",
    "et": "Adult",
    "off": 5786,
    "sff": "adult"
  },
  {
    "docID": "N218 Plant 2003",
    "et": "Adult",
    "off": 36889,
    "sff": "adult"
  },
  {
    "docID": "N218 Plant 2003",
    "et": "Adult",
    "off": 3766,
    "sff": "adult"
  },
  {
    "docID": "N218 Plant 2003",
    "et": "Adult",
    "off": 4310,
    "sff": "adult"
  },
  {
    "docID": "N218 Plant 2003",
    "et": "Adult",
    "off": 122,
    "sff": "Adult"
  },
  {
    "docID": "N218 Plant 2003",
    "et": "Adult",
    "off": 33825,
    "sff": "adult"
  },
  {
    "docID": "N218 Plant 2003",
    "et": "Adult",
    "off": 3934,
    "sff": "adult"
  },
  {
    "docID": "N218 Plant 2003",
    "et": "Adult",
    "off": 4255,
    "sff": "adult"
  },
  {
    "docID": "N218 Plant 2003",
    "et": "Adult",
    "off": 3562,
    "sff": "adult"
  },
  {
    "docID": "N218 Plant 2003",
    "et": "Adult",
    "off": 3337,
    "sff": "adult"
  },
  {
    "docID": "N218 Plant 2003",
    "et": "Adult",
    "off": 8807,
    "sff": "adult"
  },
  {
    "docID": "N218 Plant 2003",
    "et": "LongEvansRat",
    "off": 19612,
    "sff": "long"
  },
  {
    "docID": "N218 Plant 2003",
    "et": "LongEvansRat",
    "off": 3293,
    "sff": "long"
  },
  {
    "docID": "N218 Plant 2003",
    "et": "LongEvansRat",
    "off": 29870,
    "sff": "long"
  },
  {
    "docID": "N218 Plant 2003",
    "et": "LongEvansRat",
    "off": 27088,
    "sff": "long"
  },
  {
    "docID": "N218 Plant 2003",
    "et": "Female",
    "off": 8813,
    "sff": "female"
  },
  {
    "docID": "N218 Plant 2003",
    "et": "Female",
    "off": 5792,
    "sff": "female"
  },
  {
    "docID": "N218 Plant 2003",
    "et": "Age",
    "off": 30507,
    "sff": "0 d"
  },
  {
    "docID": "N218 Plant 2003",
    "et": "Age",
    "off": 38150,
    "sff": "7 d"
  },
  {
    "docID": "N218 Plant 2003",
    "et": "Age",
    "off": 25603,
    "sff": "7 d"
  },
  {
    "docID": "N218 Plant 2003",
    "et": "Age",
    "off": 31836,
    "sff": "1 day"
  },
  {
    "docID": "N218 Plant 2003",
    "et": "Age",
    "off": 32977,
    "sff": "8 weeks"
  },
  {
    "docID": "N218 Plant 2003",
    "et": "Age",
    "off": 5277,
    "sff": "7 days"
  },
  {
    "docID": "N218 Plant 2003",
    "et": "Age",
    "off": 11313,
    "sff": "0 d"
  },
  {
    "docID": "N218 Plant 2003",
    "et": "Age",
    "off": 41995,
    "sff": "7 d"
  },
  {
    "docID": "N218 Plant 2003",
    "et": "Age",
    "off": 673,
    "sff": "7 days"
  },
  {
    "docID": "N218 Plant 2003",
    "et": "Age",
    "off": 1549,
    "sff": "7 d"
  },
  {
    "docID": "N218 Plant 2003",
    "et": "Age",
    "off": 4886,
    "sff": "7 d"
  },
  {
    "docID": "N218 Plant 2003",
    "et": "Age",
    "off": 31254,
    "sff": "7 d"
  },
  {
    "docID": "N218 Plant 2003",
    "et": "Age",
    "off": 20761,
    "sff": "7 d"
  },
  {
    "docID": "N218 Plant 2003",
    "et": "Age",
    "off": 22597,
    "sff": "7 day"
  },
  {
    "docID": "N218 Plant 2003",
    "et": "Age",
    "off": 32219,
    "sff": "8 weeks"
  },
  {
    "docID": "N218 Plant 2003",
    "et": "Age",
    "off": 29506,
    "sff": "0 d"
  },
  {
    "docID": "N218 Plant 2003",
    "et": "Age",
    "off": 1094,
    "sff": "0 d"
  },
  {
    "docID": "N218 Plant 2003",
    "et": "Age",
    "off": 35167,
    "sff": "10 days"
  },
  {
    "docID": "N218 Plant 2003",
    "et": "Age",
    "off": 11207,
    "sff": "7-14 days"
  },
  {
    "docID": "N218 Plant 2003",
    "et": "Age",
    "off": 12605,
    "sff": "One week"
  },
  {
    "docID": "N218 Plant 2003",
    "et": "Age",
    "off": 2089,
    "sff": "7 d"
  },
  {
    "docID": "N218 Plant 2003",
    "et": "Age",
    "off": 27119,
    "sff": "3D"
  },
  {
    "docID": "N218 Plant 2003",
    "et": "Age",
    "off": 32276,
    "sff": "0 d"
  },
  {
    "docID": "N218 Plant 2003",
    "et": "Age",
    "off": 11134,
    "sff": "6 days"
  },
  {
    "docID": "N218 Plant 2003",
    "et": "Age",
    "off": 11281,
    "sff": "0 d"
  },
  {
    "docID": "N218 Plant 2003",
    "et": "Age",
    "off": 37936,
    "sff": "7 d"
  },
  {
    "docID": "N218 Plant 2003",
    "et": "Age",
    "off": 11672,
    "sff": "2 months"
  },
  {
    "docID": "N218 Plant 2003",
    "et": "Age",
    "off": 14890,
    "sff": "7 d"
  },
  {
    "docID": "N218 Plant 2003",
    "et": "Age",
    "off": 24375,
    "sff": "7 d"
  },
  {
    "docID": "N218 Plant 2003",
    "et": "Age",
    "off": 31448,
    "sff": "7 days"
  },
  {
    "docID": "N218 Plant 2003",
    "et": "Age",
    "off": 31931,
    "sff": "8 weeks"
  },
  {
    "docID": "N218 Plant 2003",
    "et": "Age",
    "off": 32830,
    "sff": "7 d"
  },
  {
    "docID": "N218 Plant 2003",
    "et": "Age",
    "off": 31337,
    "sff": "0 d"
  },
  {
    "docID": "N218 Plant 2003",
    "et": "Age",
    "off": 31305,
    "sff": "7 d"
  },
  {
    "docID": "N218 Plant 2003",
    "et": "Age",
    "off": 32578,
    "sff": "7 d"
  },
  {
    "docID": "N218 Plant 2003",
    "et": "Age",
    "off": 23876,
    "sff": "7 d"
  },
  {
    "docID": "N218 Plant 2003",
    "et": "Age",
    "off": 11787,
    "sff": "7-day"
  },
  {
    "docID": "N218 Plant 2003",
    "et": "Age",
    "off": 18036,
    "sff": "0 d"
  },
  {
    "docID": "N218 Plant 2003",
    "et": "Age",
    "off": 35183,
    "sff": "3‚Äì4 days"
  },
  {
    "docID": "N218 Plant 2003",
    "et": "Age",
    "off": 34398,
    "sff": "7 days"
  },
  {
    "docID": "N218 Plant 2003",
    "et": "Age",
    "off": 23114,
    "sff": "7 d"
  },
  {
    "docID": "N218 Plant 2003",
    "et": "Age",
    "off": 23559,
    "sff": "8 weeks"
  },
  {
    "docID": "N218 Plant 2003",
    "et": "Age",
    "off": 29301,
    "sff": "7d"
  },
  {
    "docID": "N218 Plant 2003",
    "et": "Age",
    "off": 779,
    "sff": "8 weeks"
  },
  {
    "docID": "N218 Plant 2003",
    "et": "Age",
    "off": 30069,
    "sff": "0 d"
  },
  {
    "docID": "N218 Plant 2003",
    "et": "Age",
    "off": 11387,
    "sff": "0 d"
  },
  {
    "docID": "N218 Plant 2003",
    "et": "Age",
    "off": 31547,
    "sff": "7 Days"
  },
  {
    "docID": "N218 Plant 2003",
    "et": "Age",
    "off": 27736,
    "sff": "7 d"
  },
  {
    "docID": "N218 Plant 2003",
    "et": "Age",
    "off": 29928,
    "sff": "0 days"
  },
  {
    "docID": "N218 Plant 2003",
    "et": "Age",
    "off": 32374,
    "sff": "7 days"
  },
  {
    "docID": "N218 Plant 2003",
    "et": "Age",
    "off": 21115,
    "sff": "7 days"
  },
  {
    "docID": "N218 Plant 2003",
    "et": "Age",
    "off": 32773,
    "sff": "1 week"
  },
  {
    "docID": "N218 Plant 2003",
    "et": "Age",
    "off": 11358,
    "sff": "7 d"
  },
  {
    "docID": "N218 Plant 2003",
    "et": "Age",
    "off": 11630,
    "sff": "7 days"
  },
  {
    "docID": "N218 Plant 2003",
    "et": "Age",
    "off": 32862,
    "sff": "7 d"
  },
  {
    "docID": "N218 Plant 2003",
    "et": "Age",
    "off": 22813,
    "sff": "8 weeks"
  },
  {
    "docID": "N218 Plant 2003",
    "et": "Age",
    "off": 35674,
    "sff": "7 d"
  },
  {
    "docID": "N218 Plant 2003",
    "et": "Age",
    "off": 32933,
    "sff": "6 weeks"
  },
  {
    "docID": "N218 Plant 2003",
    "et": "Age",
    "off": 1895,
    "sff": "7 d"
  },
  {
    "docID": "N218 Plant 2003",
    "et": "Age",
    "off": 30540,
    "sff": "0 d"
  },
  {
    "docID": "N218 Plant 2003",
    "et": "Age",
    "off": 14921,
    "sff": "0 d"
  },
  {
    "docID": "N218 Plant 2003",
    "et": "Age",
    "off": 19077,
    "sff": "7 days"
  },
  {
    "docID": "N218 Plant 2003",
    "et": "Age",
    "off": 30025,
    "sff": "0 d"
  },
  {
    "docID": "N218 Plant 2003",
    "et": "Age",
    "off": 32895,
    "sff": "3 days"
  },
  {
    "docID": "N218 Plant 2003",
    "et": "Age",
    "off": 20927,
    "sff": "0 days"
  },
  {
    "docID": "N218 Plant 2003",
    "et": "Age",
    "off": 24686,
    "sff": "7 d"
  },
  {
    "docID": "N218 Plant 2003",
    "et": "Age",
    "off": 23421,
    "sff": "7 days"
  },
  {
    "docID": "N218 Plant 2003",
    "et": "Age",
    "off": 29558,
    "sff": "7 d"
  },
  {
    "docID": "N218 Plant 2003",
    "et": "Age",
    "off": 1116,
    "sff": "0 d"
  },
  {
    "docID": "N218 Plant 2003",
    "et": "Age",
    "off": 932,
    "sff": "7d"
  },
  {
    "docID": "N218 Plant 2003",
    "et": "Age",
    "off": 1138,
    "sff": "7 d"
  },
  {
    "docID": "N218 Plant 2003",
    "et": "Age",
    "off": 23039,
    "sff": "8 weeks"
  },
  {
    "docID": "N218 Plant 2003",
    "et": "Age",
    "off": 27763,
    "sff": "7 d"
  },
  {
    "docID": "N218 Plant 2003",
    "et": "Age",
    "off": 34304,
    "sff": "8 weeks"
  },
  {
    "docID": "N218 Plant 2003",
    "et": "Age",
    "off": 9627,
    "sff": "7 days"
  },
  {
    "docID": "N218 Plant 2003",
    "et": "Age",
    "off": 1663,
    "sff": "7 d"
  },
  {
    "docID": "N218 Plant 2003",
    "et": "Age",
    "off": 24705,
    "sff": "7 d"
  },
  {
    "docID": "N218 Plant 2003",
    "et": "Age",
    "off": 14951,
    "sff": "0 d"
  },
  {
    "docID": "N218 Plant 2003",
    "et": "Age",
    "off": 30311,
    "sff": "0 d"
  },
  {
    "docID": "N218 Plant 2003",
    "et": "Age",
    "off": 24491,
    "sff": "0 d"
  },
  {
    "docID": "N218 Plant 2003",
    "et": "Age",
    "off": 10707,
    "sff": "7-day"
  },
  {
    "docID": "N218 Plant 2003",
    "et": "Age",
    "off": 30855,
    "sff": "7 d"
  },
  {
    "docID": "N218 Plant 2003",
    "et": "Age",
    "off": 22665,
    "sff": "7 d"
  },
  {
    "docID": "N218 Plant 2003",
    "et": "Age",
    "off": 35754,
    "sff": "0 d"
  },
  {
    "docID": "N218 Plant 2003",
    "et": "Age",
    "off": 31106,
    "sff": "7 d"
  },
  {
    "docID": "N218 Plant 2003",
    "et": "Age",
    "off": 14981,
    "sff": "7 d"
  },
  {
    "docID": "N218 Plant 2003",
    "et": "Age",
    "off": 30751,
    "sff": "7 days"
  },
  {
    "docID": "N218 Plant 2003",
    "et": "Age",
    "off": 6612,
    "sff": "One week"
  },
  {
    "docID": "N218 Plant 2003",
    "et": "Age",
    "off": 9501,
    "sff": "6 days"
  },
  {
    "docID": "N218 Plant 2003",
    "et": "Age",
    "off": 32332,
    "sff": "8 weeks"
  },
  {
    "docID": "N218 Plant 2003",
    "et": "Age",
    "off": 33034,
    "sff": "7 weeks"
  },
  {
    "docID": "N218 Plant 2003",
    "et": "Age",
    "off": 11853,
    "sff": "1 week"
  },
  {
    "docID": "N218 Plant 2003",
    "et": "Age",
    "off": 1164,
    "sff": "7 d"
  },
  {
    "docID": "N218 Plant 2003",
    "et": "Age",
    "off": 22453,
    "sff": "0 d"
  },
  {
    "docID": "N218 Plant 2003",
    "et": "Age",
    "off": 32409,
    "sff": "7 d"
  },
  {
    "docID": "N218 Plant 2003",
    "et": "Age",
    "off": 24510,
    "sff": "0 d"
  },
  {
    "docID": "N218 Plant 2003",
    "et": "Age",
    "off": 31125,
    "sff": "7 d"
  },
  {
    "docID": "N218 Plant 2003",
    "et": "Age",
    "off": 27843,
    "sff": "0 d"
  },
  {
    "docID": "N218 Plant 2003",
    "et": "Age",
    "off": 18335,
    "sff": "7 d"
  },
  {
    "docID": "N218 Plant 2003",
    "et": "Age",
    "off": 23849,
    "sff": "1D"
  },
  {
    "docID": "N218 Plant 2003",
    "et": "Age",
    "off": 32709,
    "sff": "7d"
  },
  {
    "docID": "N218 Plant 2003",
    "et": "Age",
    "off": 32138,
    "sff": "0 d"
  },
  {
    "docID": "N218 Plant 2003",
    "et": "Age",
    "off": 20043,
    "sff": "7 days"
  },
  {
    "docID": "N218 Plant 2003",
    "et": "Age",
    "off": 32046,
    "sff": "8 weeks"
  },
  {
    "docID": "N218 Plant 2003",
    "et": "Age",
    "off": 41893,
    "sff": "7 d"
  },
  {
    "docID": "N218 Plant 2003",
    "et": "Age",
    "off": 35627,
    "sff": "8 weeks"
  },
  {
    "docID": "N218 Plant 2003",
    "et": "Age",
    "off": 25644,
    "sff": "8 weeks"
  },
  {
    "docID": "N218 Plant 2003",
    "et": "Age",
    "off": 575,
    "sff": "7 days"
  },
  {
    "docID": "N218 Plant 2003",
    "et": "Age",
    "off": 11415,
    "sff": "0 d"
  },
  {
    "docID": "N218 Plant 2003",
    "et": "Age",
    "off": 36267,
    "sff": "7 d"
  },
  {
    "docID": "N218 Plant 2003",
    "et": "Age",
    "off": 15019,
    "sff": "7 d"
  },
  {
    "docID": "N218 Plant 2003",
    "et": "Age",
    "off": 28733,
    "sff": "7 Days"
  },
  {
    "docID": "N218 Plant 2003",
    "et": "Age",
    "off": 22359,
    "sff": "7 days"
  },
  {
    "docID": "N218 Plant 2003",
    "et": "Age",
    "off": 11443,
    "sff": "7 d"
  },
  {
    "docID": "N218 Plant 2003",
    "et": "Age",
    "off": 30899,
    "sff": "7 d"
  },
  {
    "docID": "N218 Plant 2003",
    "et": "Age",
    "off": 1440,
    "sff": "0 d"
  },
  {
    "docID": "N218 Plant 2003",
    "et": "Age",
    "off": 30109,
    "sff": "0 d"
  },
  {
    "docID": "N218 Plant 2003",
    "et": "Age",
    "off": 27816,
    "sff": "0 d"
  },
  {
    "docID": "N218 Plant 2003",
    "et": "Age",
    "off": 32741,
    "sff": "7d"
  },
  {
    "docID": "N218 Plant 2003",
    "et": "Age",
    "off": 29796,
    "sff": "1-week-old"
  },
  {
    "docID": "N218 Plant 2003",
    "et": "Age",
    "off": 35785,
    "sff": "7 d"
  },
  {
    "docID": "N218 Plant 2003",
    "et": "Age",
    "off": 41863,
    "sff": "8-week"
  },
  {
    "docID": "N218 Plant 2003",
    "et": "Age",
    "off": 32914,
    "sff": "1 week"
  },
  {
    "docID": "N218 Plant 2003",
    "et": "Age",
    "off": 10475,
    "sff": "7 days"
  },
  {
    "docID": "N218 Plant 2003",
    "et": "Age",
    "off": 32101,
    "sff": "0 days"
  },
  {
    "docID": "N218 Plant 2003",
    "et": "Age",
    "off": 18637,
    "sff": "7 d"
  },
  {
    "docID": "N218 Plant 2003",
    "et": "Age",
    "off": 23903,
    "sff": "1D"
  },
  {
    "docID": "N218 Plant 2003",
    "et": "Age",
    "off": 32795,
    "sff": "6 weeks"
  },
  {
    "docID": "N218 Plant 2003",
    "et": "Age",
    "off": 41942,
    "sff": "7 d"
  },
  {
    "docID": "N218 Plant 2003",
    "et": "Age",
    "off": 21750,
    "sff": "7 days"
  },
  {
    "docID": "N218 Plant 2003",
    "et": "Age",
    "off": 43731,
    "sff": "7 d"
  },
  {
    "docID": "N218 Plant 2003",
    "et": "Age",
    "off": 11475,
    "sff": "7 d"
  },
  {
    "docID": "N218 Plant 2003",
    "et": "Age",
    "off": 24965,
    "sff": "1 week"
  },
  {
    "docID": "N218 Plant 2003",
    "et": "Age",
    "off": 36096,
    "sff": "0 d"
  },
  {
    "docID": "N218 Plant 2003",
    "et": "Age",
    "off": 17917,
    "sff": "0 d"
  },
  {
    "docID": "N218 Plant 2003",
    "et": "Age",
    "off": 18133,
    "sff": "7 d"
  },
  {
    "docID": "N218 Plant 2003",
    "et": "Age",
    "off": 32479,
    "sff": "7 d"
  },
  {
    "docID": "N218 Plant 2003",
    "et": "Age",
    "off": 26262,
    "sff": "8 weeks"
  },
  {
    "docID": "N218 Plant 2003",
    "et": "Age",
    "off": 33267,
    "sff": "7 days"
  },
  {
    "docID": "N218 Plant 2003",
    "et": "Age",
    "off": 11945,
    "sff": "2 months"
  },
  {
    "docID": "N218 Plant 2003",
    "et": "Age",
    "off": 7611,
    "sff": "2 days"
  },
  {
    "docID": "N218 Plant 2003",
    "et": "Age",
    "off": 22781,
    "sff": "3 days"
  },
  {
    "docID": "N218 Plant 2003",
    "et": "Age",
    "off": 20457,
    "sff": "7 d"
  },
  {
    "docID": "N218 Plant 2003",
    "et": "Age",
    "off": 17617,
    "sff": "2 months"
  },
  {
    "docID": "N218 Plant 2003",
    "et": "Age",
    "off": 33904,
    "sff": "8 weeks"
  },
  {
    "docID": "N218 Plant 2003",
    "et": "Age",
    "off": 31990,
    "sff": "7 d"
  },
  {
    "docID": "N218 Plant 2003",
    "et": "Age",
    "off": 20703,
    "sff": "0 d"
  },
  {
    "docID": "N218 Plant 2003",
    "et": "Age",
    "off": 30635,
    "sff": "0-day-old"
  },
  {
    "docID": "N218 Plant 2003",
    "et": "Age",
    "off": 33867,
    "sff": "0 days"
  },
  {
    "docID": "N218 Plant 2003",
    "et": "Age",
    "off": 35838,
    "sff": "7 d"
  },
  {
    "docID": "N218 Plant 2003",
    "et": "Age",
    "off": 32953,
    "sff": "7 weeks"
  }
]
