[
  {
    "docID": "N219 Ramón-Cueto 1998",
    "et": "Weight",
    "off": 9040,
    "sff": "200 g; 10"
  },
  {
    "docID": "N219 Ramón-Cueto 1998",
    "et": "Weight",
    "off": 33234,
    "sff": "4G"
  },
  {
    "docID": "N219 Ramón-Cueto 1998",
    "et": "Weight",
    "off": 39872,
    "sff": "7G"
  },
  {
    "docID": "N219 Ramón-Cueto 1998",
    "et": "Weight",
    "off": 18561,
    "sff": "5 mg"
  },
  {
    "docID": "N219 Ramón-Cueto 1998",
    "et": "Weight",
    "off": 10195,
    "sff": "200 g; 10"
  },
  {
    "docID": "N219 Ramón-Cueto 1998",
    "et": "RatModel",
    "off": 39496,
    "sff": "rat"
  },
  {
    "docID": "N219 Ramón-Cueto 1998",
    "et": "RatModel",
    "off": 795,
    "sff": "rat"
  },
  {
    "docID": "N219 Ramón-Cueto 1998",
    "et": "RatModel",
    "off": 43085,
    "sff": "rat"
  },
  {
    "docID": "N219 Ramón-Cueto 1998",
    "et": "RatModel",
    "off": 43357,
    "sff": "rat"
  },
  {
    "docID": "N219 Ramón-Cueto 1998",
    "et": "RatModel",
    "off": 59,
    "sff": "Rat"
  },
  {
    "docID": "N219 Ramón-Cueto 1998",
    "et": "RatModel",
    "off": 30015,
    "sff": "rat"
  },
  {
    "docID": "N219 Ramón-Cueto 1998",
    "et": "RatModel",
    "off": 5861,
    "sff": "rat"
  },
  {
    "docID": "N219 Ramón-Cueto 1998",
    "et": "RatModel",
    "off": 6436,
    "sff": "rat"
  },
  {
    "docID": "N219 Ramón-Cueto 1998",
    "et": "NewZealandRabbit",
    "off": 42259,
    "sff": "new"
  },
  {
    "docID": "N219 Ramón-Cueto 1998",
    "et": "NewZealandRabbit",
    "off": 2504,
    "sff": "new"
  },
  {
    "docID": "N219 Ramón-Cueto 1998",
    "et": "NewZealandRabbit",
    "off": 55169,
    "sff": "new"
  },
  {
    "docID": "N219 Ramón-Cueto 1998",
    "et": "RabbitSpecies",
    "off": 20152,
    "sff": "rabbit"
  },
  {
    "docID": "N219 Ramón-Cueto 1998",
    "et": "MouseModel",
    "off": 20758,
    "sff": "mouse"
  },
  {
    "docID": "N219 Ramón-Cueto 1998",
    "et": "MouseModel",
    "off": 20626,
    "sff": "mouse"
  },
  {
    "docID": "N219 Ramón-Cueto 1998",
    "et": "RabbitModel",
    "off": 20152,
    "sff": "rabbit"
  },
  {
    "docID": "N219 Ramón-Cueto 1998",
    "et": "RatSpecies",
    "off": 39496,
    "sff": "rat"
  },
  {
    "docID": "N219 Ramón-Cueto 1998",
    "et": "RatSpecies",
    "off": 5861,
    "sff": "rat"
  },
  {
    "docID": "N219 Ramón-Cueto 1998",
    "et": "RatSpecies",
    "off": 6436,
    "sff": "rat"
  },
  {
    "docID": "N219 Ramón-Cueto 1998",
    "et": "RatSpecies",
    "off": 30015,
    "sff": "rat"
  },
  {
    "docID": "N219 Ramón-Cueto 1998",
    "et": "RatSpecies",
    "off": 43085,
    "sff": "rat"
  },
  {
    "docID": "N219 Ramón-Cueto 1998",
    "et": "RatSpecies",
    "off": 43357,
    "sff": "rat"
  },
  {
    "docID": "N219 Ramón-Cueto 1998",
    "et": "RatSpecies",
    "off": 795,
    "sff": "rat"
  },
  {
    "docID": "N219 Ramón-Cueto 1998",
    "et": "RatSpecies",
    "off": 59,
    "sff": "Rat"
  },
  {
    "docID": "N219 Ramón-Cueto 1998",
    "et": "MouseSpecies",
    "off": 20758,
    "sff": "mouse"
  },
  {
    "docID": "N219 Ramón-Cueto 1998",
    "et": "MouseSpecies",
    "off": 20626,
    "sff": "mouse"
  },
  {
    "docID": "N219 Ramón-Cueto 1998",
    "et": "FischerRat",
    "off": 13294,
    "sff": "Fischer"
  },
  {
    "docID": "N219 Ramón-Cueto 1998",
    "et": "FischerRat",
    "off": 6610,
    "sff": "Fischer"
  },
  {
    "docID": "N219 Ramón-Cueto 1998",
    "et": "FischerRat",
    "off": 8470,
    "sff": "Fischer"
  },
  {
    "docID": "N219 Ramón-Cueto 1998",
    "et": "Adult",
    "off": 5270,
    "sff": "adult"
  },
  {
    "docID": "N219 Ramón-Cueto 1998",
    "et": "Adult",
    "off": 43351,
    "sff": "adult"
  },
  {
    "docID": "N219 Ramón-Cueto 1998",
    "et": "Adult",
    "off": 789,
    "sff": "adult"
  },
  {
    "docID": "N219 Ramón-Cueto 1998",
    "et": "Adult",
    "off": 30009,
    "sff": "adult"
  },
  {
    "docID": "N219 Ramón-Cueto 1998",
    "et": "Adult",
    "off": 54297,
    "sff": "adult"
  },
  {
    "docID": "N219 Ramón-Cueto 1998",
    "et": "Adult",
    "off": 53,
    "sff": "Adult"
  },
  {
    "docID": "N219 Ramón-Cueto 1998",
    "et": "Adult",
    "off": 2637,
    "sff": "adult"
  },
  {
    "docID": "N219 Ramón-Cueto 1998",
    "et": "Adult",
    "off": 5154,
    "sff": "mature"
  },
  {
    "docID": "N219 Ramón-Cueto 1998",
    "et": "Adult",
    "off": 6604,
    "sff": "adult"
  },
  {
    "docID": "N219 Ramón-Cueto 1998",
    "et": "Adult",
    "off": 8457,
    "sff": "adult"
  },
  {
    "docID": "N219 Ramón-Cueto 1998",
    "et": "Adult",
    "off": 55012,
    "sff": "adult"
  },
  {
    "docID": "N219 Ramón-Cueto 1998",
    "et": "Adult",
    "off": 43079,
    "sff": "adult"
  },
  {
    "docID": "N219 Ramón-Cueto 1998",
    "et": "Adult",
    "off": 867,
    "sff": "adult"
  },
  {
    "docID": "N219 Ramón-Cueto 1998",
    "et": "Adult",
    "off": 3457,
    "sff": "adult"
  },
  {
    "docID": "N219 Ramón-Cueto 1998",
    "et": "Adult",
    "off": 671,
    "sff": "adult"
  },
  {
    "docID": "N219 Ramón-Cueto 1998",
    "et": "Adult",
    "off": 5855,
    "sff": "adult"
  },
  {
    "docID": "N219 Ramón-Cueto 1998",
    "et": "Adult",
    "off": 3614,
    "sff": "adult"
  },
  {
    "docID": "N219 Ramón-Cueto 1998",
    "et": "Adult",
    "off": 6430,
    "sff": "adult"
  },
  {
    "docID": "N219 Ramón-Cueto 1998",
    "et": "Adult",
    "off": 42320,
    "sff": "adult"
  },
  {
    "docID": "N219 Ramón-Cueto 1998",
    "et": "Adult",
    "off": 5659,
    "sff": "adult"
  },
  {
    "docID": "N219 Ramón-Cueto 1998",
    "et": "Adult",
    "off": 13266,
    "sff": "adult"
  },
  {
    "docID": "N219 Ramón-Cueto 1998",
    "et": "Adult",
    "off": 6137,
    "sff": "adult"
  },
  {
    "docID": "N219 Ramón-Cueto 1998",
    "et": "Adult",
    "off": 3352,
    "sff": "mature"
  },
  {
    "docID": "N219 Ramón-Cueto 1998",
    "et": "LongEvansRat",
    "off": 39445,
    "sff": "long"
  },
  {
    "docID": "N219 Ramón-Cueto 1998",
    "et": "LongEvansRat",
    "off": 14080,
    "sff": "long"
  },
  {
    "docID": "N219 Ramón-Cueto 1998",
    "et": "LongEvansRat",
    "off": 3793,
    "sff": "long"
  },
  {
    "docID": "N219 Ramón-Cueto 1998",
    "et": "Female",
    "off": 13287,
    "sff": "female"
  },
  {
    "docID": "N219 Ramón-Cueto 1998",
    "et": "Female",
    "off": 8463,
    "sff": "female"
  },
  {
    "docID": "N219 Ramón-Cueto 1998",
    "et": "Age",
    "off": 16107,
    "sff": "Six weeks"
  },
  {
    "docID": "N219 Ramón-Cueto 1998",
    "et": "Age",
    "off": 22158,
    "sff": "6 weeks"
  },
  {
    "docID": "N219 Ramón-Cueto 1998",
    "et": "Age",
    "off": 17450,
    "sff": "6 weeks"
  },
  {
    "docID": "N219 Ramón-Cueto 1998",
    "et": "Age",
    "off": 35005,
    "sff": "6D"
  },
  {
    "docID": "N219 Ramón-Cueto 1998",
    "et": "Age",
    "off": 39076,
    "sff": "7D"
  },
  {
    "docID": "N219 Ramón-Cueto 1998",
    "et": "Age",
    "off": 11376,
    "sff": "15 d"
  },
  {
    "docID": "N219 Ramón-Cueto 1998",
    "et": "Age",
    "off": 12752,
    "sff": "Fifteen days"
  },
  {
    "docID": "N219 Ramón-Cueto 1998",
    "et": "Age",
    "off": 30032,
    "sff": "Six weeks"
  },
  {
    "docID": "N219 Ramón-Cueto 1998",
    "et": "Age",
    "off": 15942,
    "sff": "7–10d"
  },
  {
    "docID": "N219 Ramón-Cueto 1998",
    "et": "Age",
    "off": 15949,
    "sff": "Six weeks"
  },
  {
    "docID": "N219 Ramón-Cueto 1998",
    "et": "Age",
    "off": 34182,
    "sff": "5D"
  },
  {
    "docID": "N219 Ramón-Cueto 1998",
    "et": "Age",
    "off": 32996,
    "sff": "4D"
  },
  {
    "docID": "N219 Ramón-Cueto 1998",
    "et": "Age",
    "off": 11595,
    "sff": "15 d"
  },
  {
    "docID": "N219 Ramón-Cueto 1998",
    "et": "Age",
    "off": 8736,
    "sff": "Seven days"
  },
  {
    "docID": "N219 Ramón-Cueto 1998",
    "et": "Age",
    "off": 10848,
    "sff": "3 d"
  },
  {
    "docID": "N219 Ramón-Cueto 1998",
    "et": "Age",
    "off": 33217,
    "sff": "4D"
  },
  {
    "docID": "N219 Ramón-Cueto 1998",
    "et": "Age",
    "off": 7232,
    "sff": "5 weeks"
  },
  {
    "docID": "N219 Ramón-Cueto 1998",
    "et": "Age",
    "off": 13273,
    "sff": "4 months old"
  },
  {
    "docID": "N219 Ramón-Cueto 1998",
    "et": "Age",
    "off": 22392,
    "sff": "6 weeks"
  },
  {
    "docID": "N219 Ramón-Cueto 1998",
    "et": "Age",
    "off": 8484,
    "sff": "four months old"
  },
  {
    "docID": "N219 Ramón-Cueto 1998",
    "et": "Age",
    "off": 22001,
    "sff": "6 weeks"
  },
  {
    "docID": "N219 Ramón-Cueto 1998",
    "et": "Age",
    "off": 41111,
    "sff": "8D"
  },
  {
    "docID": "N219 Ramón-Cueto 1998",
    "et": "Age",
    "off": 11745,
    "sff": "Fifteen days"
  },
  {
    "docID": "N219 Ramón-Cueto 1998",
    "et": "Age",
    "off": 10782,
    "sff": "15 d"
  }
]
