[
  {
    "docID": "N220 Ruitenberg 2003",
    "et": "Weight",
    "off": 54576,
    "sff": "4G"
  },
  {
    "docID": "N220 Ruitenberg 2003",
    "et": "Weight",
    "off": 17168,
    "sff": "175– 200 gm"
  },
  {
    "docID": "N220 Ruitenberg 2003",
    "et": "RatModel",
    "off": 5429,
    "sff": "rat"
  },
  {
    "docID": "N220 Ruitenberg 2003",
    "et": "RatModel",
    "off": 38821,
    "sff": "rat"
  },
  {
    "docID": "N220 Ruitenberg 2003",
    "et": "RatModel",
    "off": 208,
    "sff": "Rat"
  },
  {
    "docID": "N220 Ruitenberg 2003",
    "et": "RatModel",
    "off": 44076,
    "sff": "rat"
  },
  {
    "docID": "N220 Ruitenberg 2003",
    "et": "RatModel",
    "off": 7262,
    "sff": "rat"
  },
  {
    "docID": "N220 Ruitenberg 2003",
    "et": "RatModel",
    "off": 23262,
    "sff": "rat"
  },
  {
    "docID": "N220 Ruitenberg 2003",
    "et": "RatModel",
    "off": 1178,
    "sff": "rat"
  },
  {
    "docID": "N220 Ruitenberg 2003",
    "et": "RatModel",
    "off": 6496,
    "sff": "rat"
  },
  {
    "docID": "N220 Ruitenberg 2003",
    "et": "RatModel",
    "off": 15248,
    "sff": "rat"
  },
  {
    "docID": "N220 Ruitenberg 2003",
    "et": "RatModel",
    "off": 6322,
    "sff": "rat"
  },
  {
    "docID": "N220 Ruitenberg 2003",
    "et": "RatModel",
    "off": 14482,
    "sff": "rat"
  },
  {
    "docID": "N220 Ruitenberg 2003",
    "et": "NewZealandRabbit",
    "off": 5508,
    "sff": "new"
  },
  {
    "docID": "N220 Ruitenberg 2003",
    "et": "NewZealandRabbit",
    "off": 4513,
    "sff": "new"
  },
  {
    "docID": "N220 Ruitenberg 2003",
    "et": "RabbitSpecies",
    "off": 30003,
    "sff": "rabbit"
  },
  {
    "docID": "N220 Ruitenberg 2003",
    "et": "RabbitSpecies",
    "off": 30256,
    "sff": "rabbit"
  },
  {
    "docID": "N220 Ruitenberg 2003",
    "et": "RabbitSpecies",
    "off": 31616,
    "sff": "rabbit"
  },
  {
    "docID": "N220 Ruitenberg 2003",
    "et": "MouseModel",
    "off": 31533,
    "sff": "mouse"
  },
  {
    "docID": "N220 Ruitenberg 2003",
    "et": "MouseModel",
    "off": 15210,
    "sff": "mouse"
  },
  {
    "docID": "N220 Ruitenberg 2003",
    "et": "RabbitModel",
    "off": 30256,
    "sff": "rabbit"
  },
  {
    "docID": "N220 Ruitenberg 2003",
    "et": "RabbitModel",
    "off": 31616,
    "sff": "rabbit"
  },
  {
    "docID": "N220 Ruitenberg 2003",
    "et": "RabbitModel",
    "off": 30003,
    "sff": "rabbit"
  },
  {
    "docID": "N220 Ruitenberg 2003",
    "et": "RatSpecies",
    "off": 208,
    "sff": "Rat"
  },
  {
    "docID": "N220 Ruitenberg 2003",
    "et": "RatSpecies",
    "off": 5429,
    "sff": "rat"
  },
  {
    "docID": "N220 Ruitenberg 2003",
    "et": "RatSpecies",
    "off": 38821,
    "sff": "rat"
  },
  {
    "docID": "N220 Ruitenberg 2003",
    "et": "RatSpecies",
    "off": 6322,
    "sff": "rat"
  },
  {
    "docID": "N220 Ruitenberg 2003",
    "et": "RatSpecies",
    "off": 14482,
    "sff": "rat"
  },
  {
    "docID": "N220 Ruitenberg 2003",
    "et": "RatSpecies",
    "off": 6496,
    "sff": "rat"
  },
  {
    "docID": "N220 Ruitenberg 2003",
    "et": "RatSpecies",
    "off": 15248,
    "sff": "rat"
  },
  {
    "docID": "N220 Ruitenberg 2003",
    "et": "RatSpecies",
    "off": 7262,
    "sff": "rat"
  },
  {
    "docID": "N220 Ruitenberg 2003",
    "et": "RatSpecies",
    "off": 23262,
    "sff": "rat"
  },
  {
    "docID": "N220 Ruitenberg 2003",
    "et": "RatSpecies",
    "off": 44076,
    "sff": "rat"
  },
  {
    "docID": "N220 Ruitenberg 2003",
    "et": "RatSpecies",
    "off": 1178,
    "sff": "rat"
  },
  {
    "docID": "N220 Ruitenberg 2003",
    "et": "MouseSpecies",
    "off": 31533,
    "sff": "mouse"
  },
  {
    "docID": "N220 Ruitenberg 2003",
    "et": "MouseSpecies",
    "off": 15210,
    "sff": "mouse"
  },
  {
    "docID": "N220 Ruitenberg 2003",
    "et": "FischerRat",
    "off": 3459,
    "sff": "Fischer"
  },
  {
    "docID": "N220 Ruitenberg 2003",
    "et": "FischerRat",
    "off": 9106,
    "sff": "Fischer"
  },
  {
    "docID": "N220 Ruitenberg 2003",
    "et": "FischerRat",
    "off": 17149,
    "sff": "Fischer"
  },
  {
    "docID": "N220 Ruitenberg 2003",
    "et": "FischerRat",
    "off": 1340,
    "sff": "Fischer"
  },
  {
    "docID": "N220 Ruitenberg 2003",
    "et": "CatSpecies",
    "off": 6752,
    "sff": "CAT"
  },
  {
    "docID": "N220 Ruitenberg 2003",
    "et": "CatSpecies",
    "off": 6744,
    "sff": "CAT"
  },
  {
    "docID": "N220 Ruitenberg 2003",
    "et": "Adult",
    "off": 9093,
    "sff": "adult"
  },
  {
    "docID": "N220 Ruitenberg 2003",
    "et": "Adult",
    "off": 4341,
    "sff": "adult"
  },
  {
    "docID": "N220 Ruitenberg 2003",
    "et": "Adult",
    "off": 17136,
    "sff": "adult"
  },
  {
    "docID": "N220 Ruitenberg 2003",
    "et": "Adult",
    "off": 6490,
    "sff": "adult"
  },
  {
    "docID": "N220 Ruitenberg 2003",
    "et": "Adult",
    "off": 3019,
    "sff": "adult"
  },
  {
    "docID": "N220 Ruitenberg 2003",
    "et": "Adult",
    "off": 1334,
    "sff": "adult"
  },
  {
    "docID": "N220 Ruitenberg 2003",
    "et": "CatModel",
    "off": 6744,
    "sff": "CAT"
  },
  {
    "docID": "N220 Ruitenberg 2003",
    "et": "CatModel",
    "off": 6752,
    "sff": "CAT"
  },
  {
    "docID": "N220 Ruitenberg 2003",
    "et": "Female",
    "off": 14239,
    "sff": "females"
  },
  {
    "docID": "N220 Ruitenberg 2003",
    "et": "Female",
    "off": 17142,
    "sff": "female"
  },
  {
    "docID": "N220 Ruitenberg 2003",
    "et": "Female",
    "off": 9099,
    "sff": "female"
  },
  {
    "docID": "N220 Ruitenberg 2003",
    "et": "Female",
    "off": 14187,
    "sff": "female"
  },
  {
    "docID": "N220 Ruitenberg 2003",
    "et": "Age",
    "off": 66753,
    "sff": "4 months"
  },
  {
    "docID": "N220 Ruitenberg 2003",
    "et": "Age",
    "off": 50574,
    "sff": "1D"
  },
  {
    "docID": "N220 Ruitenberg 2003",
    "et": "Age",
    "off": 50819,
    "sff": "7 d"
  },
  {
    "docID": "N220 Ruitenberg 2003",
    "et": "Age",
    "off": 52165,
    "sff": "4 months"
  },
  {
    "docID": "N220 Ruitenberg 2003",
    "et": "Age",
    "off": 8152,
    "sff": "8 d"
  },
  {
    "docID": "N220 Ruitenberg 2003",
    "et": "Age",
    "off": 46729,
    "sff": "4 weeks"
  },
  {
    "docID": "N220 Ruitenberg 2003",
    "et": "Age",
    "off": 52934,
    "sff": "4 months"
  },
  {
    "docID": "N220 Ruitenberg 2003",
    "et": "Age",
    "off": 39689,
    "sff": "2 weeks"
  },
  {
    "docID": "N220 Ruitenberg 2003",
    "et": "Age",
    "off": 48520,
    "sff": "3 d"
  },
  {
    "docID": "N220 Ruitenberg 2003",
    "et": "Age",
    "off": 10030,
    "sff": "Six to seven days"
  },
  {
    "docID": "N220 Ruitenberg 2003",
    "et": "Age",
    "off": 46363,
    "sff": "16 weeks"
  },
  {
    "docID": "N220 Ruitenberg 2003",
    "et": "Age",
    "off": 24720,
    "sff": "4 months"
  },
  {
    "docID": "N220 Ruitenberg 2003",
    "et": "Age",
    "off": 45711,
    "sff": "4 months"
  },
  {
    "docID": "N220 Ruitenberg 2003",
    "et": "Age",
    "off": 14072,
    "sff": "Three days"
  },
  {
    "docID": "N220 Ruitenberg 2003",
    "et": "Age",
    "off": 27598,
    "sff": "4 months"
  },
  {
    "docID": "N220 Ruitenberg 2003",
    "et": "Age",
    "off": 23746,
    "sff": "14 d"
  },
  {
    "docID": "N220 Ruitenberg 2003",
    "et": "Age",
    "off": 5389,
    "sff": "30 d"
  },
  {
    "docID": "N220 Ruitenberg 2003",
    "et": "Age",
    "off": 12287,
    "sff": "Three days"
  },
  {
    "docID": "N220 Ruitenberg 2003",
    "et": "Age",
    "off": 48970,
    "sff": "4 d"
  },
  {
    "docID": "N220 Ruitenberg 2003",
    "et": "Age",
    "off": 62312,
    "sff": "9D"
  },
  {
    "docID": "N220 Ruitenberg 2003",
    "et": "Age",
    "off": 36777,
    "sff": "7 d"
  },
  {
    "docID": "N220 Ruitenberg 2003",
    "et": "Age",
    "off": 39583,
    "sff": "4 months"
  },
  {
    "docID": "N220 Ruitenberg 2003",
    "et": "Age",
    "off": 18595,
    "sff": "4 months"
  },
  {
    "docID": "N220 Ruitenberg 2003",
    "et": "Age",
    "off": 20586,
    "sff": "3 d"
  },
  {
    "docID": "N220 Ruitenberg 2003",
    "et": "Age",
    "off": 6062,
    "sff": "4 month"
  },
  {
    "docID": "N220 Ruitenberg 2003",
    "et": "Age",
    "off": 20907,
    "sff": "7 d"
  },
  {
    "docID": "N220 Ruitenberg 2003",
    "et": "Age",
    "off": 46509,
    "sff": "7 d"
  },
  {
    "docID": "N220 Ruitenberg 2003",
    "et": "Age",
    "off": 47275,
    "sff": "4 months"
  },
  {
    "docID": "N220 Ruitenberg 2003",
    "et": "Age",
    "off": 19001,
    "sff": "Seven days"
  },
  {
    "docID": "N220 Ruitenberg 2003",
    "et": "Age",
    "off": 12953,
    "sff": "Three days"
  },
  {
    "docID": "N220 Ruitenberg 2003",
    "et": "Age",
    "off": 18767,
    "sff": "2 weeks"
  },
  {
    "docID": "N220 Ruitenberg 2003",
    "et": "Age",
    "off": 53566,
    "sff": "3D"
  },
  {
    "docID": "N220 Ruitenberg 2003",
    "et": "Age",
    "off": 68986,
    "sff": "30 d"
  },
  {
    "docID": "N220 Ruitenberg 2003",
    "et": "Age",
    "off": 1587,
    "sff": "4 months"
  },
  {
    "docID": "N220 Ruitenberg 2003",
    "et": "Age",
    "off": 35314,
    "sff": "4 d"
  },
  {
    "docID": "N220 Ruitenberg 2003",
    "et": "Age",
    "off": 37753,
    "sff": "4 months"
  },
  {
    "docID": "N220 Ruitenberg 2003",
    "et": "Age",
    "off": 41977,
    "sff": "4 months"
  },
  {
    "docID": "N220 Ruitenberg 2003",
    "et": "Age",
    "off": 60493,
    "sff": "4 weeks"
  },
  {
    "docID": "N220 Ruitenberg 2003",
    "et": "Age",
    "off": 27136,
    "sff": "7 d"
  },
  {
    "docID": "N220 Ruitenberg 2003",
    "et": "Age",
    "off": 22025,
    "sff": "5 weeks"
  },
  {
    "docID": "N220 Ruitenberg 2003",
    "et": "Age",
    "off": 30906,
    "sff": "4 months"
  }
]
