[
  {
    "docID": "N221 Takami 2002",
    "et": "Weight",
    "off": 704,
    "sff": "10 gm"
  },
  {
    "docID": "N221 Takami 2002",
    "et": "Weight",
    "off": 36002,
    "sff": "5G"
  },
  {
    "docID": "N221 Takami 2002",
    "et": "Weight",
    "off": 11989,
    "sff": "0.09 mg"
  },
  {
    "docID": "N221 Takami 2002",
    "et": "Weight",
    "off": 8480,
    "sff": "160–180 gm"
  },
  {
    "docID": "N221 Takami 2002",
    "et": "Weight",
    "off": 11949,
    "sff": "2.57 mg"
  },
  {
    "docID": "N221 Takami 2002",
    "et": "Weight",
    "off": 11967,
    "sff": "0.51 mg"
  },
  {
    "docID": "N221 Takami 2002",
    "et": "Weight",
    "off": 12014,
    "sff": "100 gm"
  },
  {
    "docID": "N221 Takami 2002",
    "et": "Weight",
    "off": 9069,
    "sff": "100 mg"
  },
  {
    "docID": "N221 Takami 2002",
    "et": "Weight",
    "off": 9578,
    "sff": "10 gm"
  },
  {
    "docID": "N221 Takami 2002",
    "et": "Weight",
    "off": 33414,
    "sff": "4G"
  },
  {
    "docID": "N221 Takami 2002",
    "et": "RatModel",
    "off": 15576,
    "sff": "rat"
  },
  {
    "docID": "N221 Takami 2002",
    "et": "RatModel",
    "off": 16631,
    "sff": "rat"
  },
  {
    "docID": "N221 Takami 2002",
    "et": "RatModel",
    "off": 15676,
    "sff": "rat"
  },
  {
    "docID": "N221 Takami 2002",
    "et": "RatModel",
    "off": 26941,
    "sff": "rat"
  },
  {
    "docID": "N221 Takami 2002",
    "et": "RatModel",
    "off": 27152,
    "sff": "rat"
  },
  {
    "docID": "N221 Takami 2002",
    "et": "RatModel",
    "off": 41936,
    "sff": "rat"
  },
  {
    "docID": "N221 Takami 2002",
    "et": "RatModel",
    "off": 5198,
    "sff": "rat"
  },
  {
    "docID": "N221 Takami 2002",
    "et": "RatModel",
    "off": 5040,
    "sff": "rat"
  },
  {
    "docID": "N221 Takami 2002",
    "et": "RatModel",
    "off": 530,
    "sff": "rat"
  },
  {
    "docID": "N221 Takami 2002",
    "et": "RatModel",
    "off": 133,
    "sff": "Rat"
  },
  {
    "docID": "N221 Takami 2002",
    "et": "RatModel",
    "off": 38601,
    "sff": "rat"
  },
  {
    "docID": "N221 Takami 2002",
    "et": "RatModel",
    "off": 3530,
    "sff": "rat"
  },
  {
    "docID": "N221 Takami 2002",
    "et": "RatModel",
    "off": 2156,
    "sff": "rat"
  },
  {
    "docID": "N221 Takami 2002",
    "et": "RatModel",
    "off": 639,
    "sff": "rat"
  },
  {
    "docID": "N221 Takami 2002",
    "et": "RatModel",
    "off": 38789,
    "sff": "rat"
  },
  {
    "docID": "N221 Takami 2002",
    "et": "RatModel",
    "off": 14723,
    "sff": "rat"
  },
  {
    "docID": "N221 Takami 2002",
    "et": "NewZealandRabbit",
    "off": 9352,
    "sff": "New"
  },
  {
    "docID": "N221 Takami 2002",
    "et": "RabbitSpecies",
    "off": 18192,
    "sff": "rabbit"
  },
  {
    "docID": "N221 Takami 2002",
    "et": "RabbitSpecies",
    "off": 17281,
    "sff": "rabbit"
  },
  {
    "docID": "N221 Takami 2002",
    "et": "Young",
    "off": 45868,
    "sff": "Young"
  },
  {
    "docID": "N221 Takami 2002",
    "et": "MouseModel",
    "off": 17261,
    "sff": "mouse"
  },
  {
    "docID": "N221 Takami 2002",
    "et": "RabbitModel",
    "off": 17281,
    "sff": "rabbit"
  },
  {
    "docID": "N221 Takami 2002",
    "et": "RabbitModel",
    "off": 18192,
    "sff": "rabbit"
  },
  {
    "docID": "N221 Takami 2002",
    "et": "RatSpecies",
    "off": 15676,
    "sff": "rat"
  },
  {
    "docID": "N221 Takami 2002",
    "et": "RatSpecies",
    "off": 26941,
    "sff": "rat"
  },
  {
    "docID": "N221 Takami 2002",
    "et": "RatSpecies",
    "off": 639,
    "sff": "rat"
  },
  {
    "docID": "N221 Takami 2002",
    "et": "RatSpecies",
    "off": 530,
    "sff": "rat"
  },
  {
    "docID": "N221 Takami 2002",
    "et": "RatSpecies",
    "off": 16631,
    "sff": "rat"
  },
  {
    "docID": "N221 Takami 2002",
    "et": "RatSpecies",
    "off": 15576,
    "sff": "rat"
  },
  {
    "docID": "N221 Takami 2002",
    "et": "RatSpecies",
    "off": 38601,
    "sff": "rat"
  },
  {
    "docID": "N221 Takami 2002",
    "et": "RatSpecies",
    "off": 133,
    "sff": "Rat"
  },
  {
    "docID": "N221 Takami 2002",
    "et": "RatSpecies",
    "off": 3530,
    "sff": "rat"
  },
  {
    "docID": "N221 Takami 2002",
    "et": "RatSpecies",
    "off": 2156,
    "sff": "rat"
  },
  {
    "docID": "N221 Takami 2002",
    "et": "RatSpecies",
    "off": 5198,
    "sff": "rat"
  },
  {
    "docID": "N221 Takami 2002",
    "et": "RatSpecies",
    "off": 5040,
    "sff": "rat"
  },
  {
    "docID": "N221 Takami 2002",
    "et": "RatSpecies",
    "off": 27152,
    "sff": "rat"
  },
  {
    "docID": "N221 Takami 2002",
    "et": "RatSpecies",
    "off": 41936,
    "sff": "rat"
  },
  {
    "docID": "N221 Takami 2002",
    "et": "RatSpecies",
    "off": 14723,
    "sff": "rat"
  },
  {
    "docID": "N221 Takami 2002",
    "et": "RatSpecies",
    "off": 38789,
    "sff": "rat"
  },
  {
    "docID": "N221 Takami 2002",
    "et": "MouseSpecies",
    "off": 17261,
    "sff": "mouse"
  },
  {
    "docID": "N221 Takami 2002",
    "et": "FischerRat",
    "off": 5608,
    "sff": "Fischer"
  },
  {
    "docID": "N221 Takami 2002",
    "et": "FischerRat",
    "off": 631,
    "sff": "Fischer rat"
  },
  {
    "docID": "N221 Takami 2002",
    "et": "FischerRat",
    "off": 8458,
    "sff": "Fischer"
  },
  {
    "docID": "N221 Takami 2002",
    "et": "FischerRat",
    "off": 5190,
    "sff": "Fischer rat"
  },
  {
    "docID": "N221 Takami 2002",
    "et": "FischerRat",
    "off": 6292,
    "sff": "Fischer"
  },
  {
    "docID": "N221 Takami 2002",
    "et": "Adult",
    "off": 6279,
    "sff": "adult"
  },
  {
    "docID": "N221 Takami 2002",
    "et": "Adult",
    "off": 127,
    "sff": "Adult"
  },
  {
    "docID": "N221 Takami 2002",
    "et": "Adult",
    "off": 47111,
    "sff": "adult"
  },
  {
    "docID": "N221 Takami 2002",
    "et": "Adult",
    "off": 41930,
    "sff": "adult"
  },
  {
    "docID": "N221 Takami 2002",
    "et": "Adult",
    "off": 5034,
    "sff": "adult"
  },
  {
    "docID": "N221 Takami 2002",
    "et": "Adult",
    "off": 524,
    "sff": "adult"
  },
  {
    "docID": "N221 Takami 2002",
    "et": "Adult",
    "off": 5184,
    "sff": "adult"
  },
  {
    "docID": "N221 Takami 2002",
    "et": "Adult",
    "off": 38783,
    "sff": "adult"
  },
  {
    "docID": "N221 Takami 2002",
    "et": "Adult",
    "off": 41663,
    "sff": "adult"
  },
  {
    "docID": "N221 Takami 2002",
    "et": "Adult",
    "off": 40994,
    "sff": "adult"
  },
  {
    "docID": "N221 Takami 2002",
    "et": "Adult",
    "off": 3524,
    "sff": "adult"
  },
  {
    "docID": "N221 Takami 2002",
    "et": "Adult",
    "off": 38595,
    "sff": "adult"
  },
  {
    "docID": "N221 Takami 2002",
    "et": "Adult",
    "off": 2150,
    "sff": "adult"
  },
  {
    "docID": "N221 Takami 2002",
    "et": "Adult",
    "off": 5595,
    "sff": "adult"
  },
  {
    "docID": "N221 Takami 2002",
    "et": "Adult",
    "off": 625,
    "sff": "adult"
  },
  {
    "docID": "N221 Takami 2002",
    "et": "Adult",
    "off": 2197,
    "sff": "adult"
  },
  {
    "docID": "N221 Takami 2002",
    "et": "Adult",
    "off": 4469,
    "sff": "adult"
  },
  {
    "docID": "N221 Takami 2002",
    "et": "Adult",
    "off": 8445,
    "sff": "Adult"
  },
  {
    "docID": "N221 Takami 2002",
    "et": "Female",
    "off": 6285,
    "sff": "female"
  },
  {
    "docID": "N221 Takami 2002",
    "et": "Female",
    "off": 8451,
    "sff": "female"
  },
  {
    "docID": "N221 Takami 2002",
    "et": "Female",
    "off": 5601,
    "sff": "female"
  },
  {
    "docID": "N221 Takami 2002",
    "et": "Age",
    "off": 39331,
    "sff": "8 weeks"
  },
  {
    "docID": "N221 Takami 2002",
    "et": "Age",
    "off": 40174,
    "sff": "12 weeks"
  },
  {
    "docID": "N221 Takami 2002",
    "et": "Age",
    "off": 36596,
    "sff": "12 weeks"
  },
  {
    "docID": "N221 Takami 2002",
    "et": "Age",
    "off": 11303,
    "sff": "11 weeks"
  },
  {
    "docID": "N221 Takami 2002",
    "et": "Age",
    "off": 38242,
    "sff": "8 weeks"
  },
  {
    "docID": "N221 Takami 2002",
    "et": "Age",
    "off": 42546,
    "sff": "1 week"
  },
  {
    "docID": "N221 Takami 2002",
    "et": "Age",
    "off": 26077,
    "sff": "8 weeks"
  },
  {
    "docID": "N221 Takami 2002",
    "et": "Age",
    "off": 19639,
    "sff": "1 week"
  },
  {
    "docID": "N221 Takami 2002",
    "et": "Age",
    "off": 669,
    "sff": "1 week"
  },
  {
    "docID": "N221 Takami 2002",
    "et": "Age",
    "off": 39800,
    "sff": "1 week"
  },
  {
    "docID": "N221 Takami 2002",
    "et": "Age",
    "off": 11898,
    "sff": "12 weeks"
  },
  {
    "docID": "N221 Takami 2002",
    "et": "Age",
    "off": 25976,
    "sff": "8–11 weeks"
  },
  {
    "docID": "N221 Takami 2002",
    "et": "Age",
    "off": 8072,
    "sff": "2 d"
  },
  {
    "docID": "N221 Takami 2002",
    "et": "Age",
    "off": 38817,
    "sff": "12 weeks"
  },
  {
    "docID": "N221 Takami 2002",
    "et": "Age",
    "off": 38203,
    "sff": "11 weeks"
  },
  {
    "docID": "N221 Takami 2002",
    "et": "Age",
    "off": 18619,
    "sff": "9 weeks"
  },
  {
    "docID": "N221 Takami 2002",
    "et": "Age",
    "off": 9941,
    "sff": "6 d"
  },
  {
    "docID": "N221 Takami 2002",
    "et": "Age",
    "off": 25508,
    "sff": "1 week"
  },
  {
    "docID": "N221 Takami 2002",
    "et": "Age",
    "off": 37540,
    "sff": "1 week"
  },
  {
    "docID": "N221 Takami 2002",
    "et": "Age",
    "off": 18675,
    "sff": "10 weeks"
  },
  {
    "docID": "N221 Takami 2002",
    "et": "Age",
    "off": 22254,
    "sff": "3 months"
  },
  {
    "docID": "N221 Takami 2002",
    "et": "Age",
    "off": 21482,
    "sff": "12 weeks"
  },
  {
    "docID": "N221 Takami 2002",
    "et": "Age",
    "off": 27946,
    "sff": "12 weeks"
  },
  {
    "docID": "N221 Takami 2002",
    "et": "Age",
    "off": 7057,
    "sff": "One week"
  },
  {
    "docID": "N221 Takami 2002",
    "et": "Age",
    "off": 847,
    "sff": "12 weeks"
  },
  {
    "docID": "N221 Takami 2002",
    "et": "Age",
    "off": 10824,
    "sff": "9 weeks"
  },
  {
    "docID": "N221 Takami 2002",
    "et": "Age",
    "off": 10058,
    "sff": "One week"
  },
  {
    "docID": "N221 Takami 2002",
    "et": "Age",
    "off": 27975,
    "sff": "11 weeks"
  },
  {
    "docID": "N221 Takami 2002",
    "et": "Age",
    "off": 37420,
    "sff": "6D"
  },
  {
    "docID": "N221 Takami 2002",
    "et": "Age",
    "off": 37688,
    "sff": "11 week"
  },
  {
    "docID": "N221 Takami 2002",
    "et": "Age",
    "off": 27838,
    "sff": "1-week-old"
  },
  {
    "docID": "N221 Takami 2002",
    "et": "Age",
    "off": 10013,
    "sff": "12 weeks"
  },
  {
    "docID": "N221 Takami 2002",
    "et": "Age",
    "off": 25727,
    "sff": "11 weeks"
  },
  {
    "docID": "N221 Takami 2002",
    "et": "Age",
    "off": 33238,
    "sff": "4D"
  },
  {
    "docID": "N221 Takami 2002",
    "et": "Age",
    "off": 26177,
    "sff": "12 weeks"
  },
  {
    "docID": "N221 Takami 2002",
    "et": "Age",
    "off": 30977,
    "sff": "12 weeks"
  },
  {
    "docID": "N221 Takami 2002",
    "et": "Age",
    "off": 1927,
    "sff": "8–11 weeks"
  },
  {
    "docID": "N221 Takami 2002",
    "et": "Age",
    "off": 19534,
    "sff": "3 months"
  },
  {
    "docID": "N221 Takami 2002",
    "et": "Age",
    "off": 36232,
    "sff": "1 week"
  },
  {
    "docID": "N221 Takami 2002",
    "et": "Age",
    "off": 43469,
    "sff": "12 weeks"
  },
  {
    "docID": "N221 Takami 2002",
    "et": "Age",
    "off": 38739,
    "sff": "1-week-old"
  }
]
