[
  {
    "docID": "N223 Wu 2008",
    "et": "Weight",
    "off": 9475,
    "sff": "200-240 g"
  },
  {
    "docID": "N223 Wu 2008",
    "et": "RatModel",
    "off": 4158,
    "sff": "rat"
  },
  {
    "docID": "N223 Wu 2008",
    "et": "NewZealandRabbit",
    "off": 697,
    "sff": "New"
  },
  {
    "docID": "N223 Wu 2008",
    "et": "NewZealandRabbit",
    "off": 3605,
    "sff": "new"
  },
  {
    "docID": "N223 Wu 2008",
    "et": "NewZealandRabbit",
    "off": 3409,
    "sff": "new"
  },
  {
    "docID": "N223 Wu 2008",
    "et": "NewZealandRabbit",
    "off": 10736,
    "sff": "New"
  },
  {
    "docID": "N223 Wu 2008",
    "et": "MouseModel",
    "off": 14035,
    "sff": "mouse"
  },
  {
    "docID": "N223 Wu 2008",
    "et": "WistarRat",
    "off": 623,
    "sff": "Wistar rats"
  },
  {
    "docID": "N223 Wu 2008",
    "et": "WistarRat",
    "off": 623,
    "sff": "Wistar"
  },
  {
    "docID": "N223 Wu 2008",
    "et": "WistarRat",
    "off": 4508,
    "sff": "Wistar rats"
  },
  {
    "docID": "N223 Wu 2008",
    "et": "WistarRat",
    "off": 4508,
    "sff": "Wistar"
  },
  {
    "docID": "N223 Wu 2008",
    "et": "WistarRat",
    "off": 9462,
    "sff": "Wistar"
  },
  {
    "docID": "N223 Wu 2008",
    "et": "WistarRat",
    "off": 9462,
    "sff": "Wistar rats"
  },
  {
    "docID": "N223 Wu 2008",
    "et": "RatSpecies",
    "off": 4158,
    "sff": "rat"
  },
  {
    "docID": "N223 Wu 2008",
    "et": "MouseSpecies",
    "off": 14035,
    "sff": "mouse"
  },
  {
    "docID": "N223 Wu 2008",
    "et": "Adult",
    "off": 9766,
    "sff": "adult"
  },
  {
    "docID": "N223 Wu 2008",
    "et": "Adult",
    "off": 2218,
    "sff": "adult"
  },
  {
    "docID": "N223 Wu 2008",
    "et": "Adult",
    "off": 617,
    "sff": "adult"
  },
  {
    "docID": "N223 Wu 2008",
    "et": "Adult",
    "off": 1784,
    "sff": "adult"
  },
  {
    "docID": "N223 Wu 2008",
    "et": "Female",
    "off": 9772,
    "sff": "female"
  },
  {
    "docID": "N223 Wu 2008",
    "et": "Age",
    "off": 6220,
    "sff": "3 d"
  },
  {
    "docID": "N223 Wu 2008",
    "et": "Age",
    "off": 5822,
    "sff": "2 d"
  },
  {
    "docID": "N223 Wu 2008",
    "et": "Age",
    "off": 10215,
    "sff": "Seven days"
  },
  {
    "docID": "N223 Wu 2008",
    "et": "Age",
    "off": 12639,
    "sff": "84 d"
  },
  {
    "docID": "N223 Wu 2008",
    "et": "Age",
    "off": 5762,
    "sff": "7 d"
  },
  {
    "docID": "N223 Wu 2008",
    "et": "Age",
    "off": 16626,
    "sff": "two weeks"
  },
  {
    "docID": "N223 Wu 2008",
    "et": "Age",
    "off": 7506,
    "sff": "3 d"
  },
  {
    "docID": "N223 Wu 2008",
    "et": "Age",
    "off": 20288,
    "sff": "Three weeks"
  },
  {
    "docID": "N223 Wu 2008",
    "et": "Age",
    "off": 18955,
    "sff": "7 d"
  },
  {
    "docID": "N223 Wu 2008",
    "et": "Age",
    "off": 1072,
    "sff": "Three months"
  },
  {
    "docID": "N223 Wu 2008",
    "et": "Age",
    "off": 3990,
    "sff": "12-week"
  },
  {
    "docID": "N223 Wu 2008",
    "et": "Age",
    "off": 8608,
    "sff": "Three days"
  },
  {
    "docID": "N223 Wu 2008",
    "et": "Age",
    "off": 10205,
    "sff": "12 weeks"
  },
  {
    "docID": "N223 Wu 2008",
    "et": "Age",
    "off": 16946,
    "sff": "3 d"
  },
  {
    "docID": "N223 Wu 2008",
    "et": "Age",
    "off": 5827,
    "sff": "Six days"
  },
  {
    "docID": "N223 Wu 2008",
    "et": "Age",
    "off": 20616,
    "sff": "12-week"
  },
  {
    "docID": "N223 Wu 2008",
    "et": "Age",
    "off": 20416,
    "sff": "Six weeks"
  },
  {
    "docID": "N223 Wu 2008",
    "et": "Age",
    "off": 11951,
    "sff": "7 d"
  },
  {
    "docID": "N223 Wu 2008",
    "et": "Age",
    "off": 13039,
    "sff": "14 d"
  },
  {
    "docID": "N223 Wu 2008",
    "et": "Age",
    "off": 17418,
    "sff": "4 d"
  },
  {
    "docID": "N223 Wu 2008",
    "et": "Age",
    "off": 13447,
    "sff": "12 weeks"
  },
  {
    "docID": "N223 Wu 2008",
    "et": "Age",
    "off": 6461,
    "sff": "one day"
  },
  {
    "docID": "N223 Wu 2008",
    "et": "Age",
    "off": 18206,
    "sff": "3 d"
  },
  {
    "docID": "N223 Wu 2008",
    "et": "Age",
    "off": 19266,
    "sff": "12 weeks"
  },
  {
    "docID": "N223 Wu 2008",
    "et": "Age",
    "off": 16440,
    "sff": "six weeks"
  }
]
