[
  {
    "docID": "N224 Wu 2015",
    "et": "Weight",
    "off": 10855,
    "sff": "250–300 g"
  },
  {
    "docID": "N224 Wu 2015",
    "et": "Weight",
    "off": 6690,
    "sff": "250–300 g"
  },
  {
    "docID": "N224 Wu 2015",
    "et": "Weight",
    "off": 9204,
    "sff": "220–300 g"
  },
  {
    "docID": "N224 Wu 2015",
    "et": "Weight",
    "off": 8702,
    "sff": "100 g"
  },
  {
    "docID": "N224 Wu 2015",
    "et": "Weight",
    "off": 8507,
    "sff": "10 g"
  },
  {
    "docID": "N224 Wu 2015",
    "et": "RatModel",
    "off": 8407,
    "sff": "rat"
  },
  {
    "docID": "N224 Wu 2015",
    "et": "RatModel",
    "off": 19404,
    "sff": "rat"
  },
  {
    "docID": "N224 Wu 2015",
    "et": "RatModel",
    "off": 19261,
    "sff": "rat"
  },
  {
    "docID": "N224 Wu 2015",
    "et": "RatModel",
    "off": 5200,
    "sff": "rat"
  },
  {
    "docID": "N224 Wu 2015",
    "et": "RatModel",
    "off": 16997,
    "sff": "rat"
  },
  {
    "docID": "N224 Wu 2015",
    "et": "RatModel",
    "off": 33842,
    "sff": "rat"
  },
  {
    "docID": "N224 Wu 2015",
    "et": "NewZealandRabbit",
    "off": 8078,
    "sff": "New"
  },
  {
    "docID": "N224 Wu 2015",
    "et": "SpragueDawleyRat",
    "off": 10816,
    "sff": "Sprague Dawley rats"
  },
  {
    "docID": "N224 Wu 2015",
    "et": "SpragueDawleyRat",
    "off": 9165,
    "sff": "Sprague Dawley"
  },
  {
    "docID": "N224 Wu 2015",
    "et": "SpragueDawleyRat",
    "off": 10816,
    "sff": "Sprague Dawley"
  },
  {
    "docID": "N224 Wu 2015",
    "et": "SpragueDawleyRat",
    "off": 9301,
    "sff": "Sprague Dawley"
  },
  {
    "docID": "N224 Wu 2015",
    "et": "SpragueDawleyRat",
    "off": 9165,
    "sff": "Sprague Dawley rats"
  },
  {
    "docID": "N224 Wu 2015",
    "et": "Mixed",
    "off": 33270,
    "sff": "mixed"
  },
  {
    "docID": "N224 Wu 2015",
    "et": "Mixed",
    "off": 11833,
    "sff": "mixed"
  },
  {
    "docID": "N224 Wu 2015",
    "et": "WistarRat",
    "off": 6668,
    "sff": "Wistar rats"
  },
  {
    "docID": "N224 Wu 2015",
    "et": "WistarRat",
    "off": 7182,
    "sff": "Wistar"
  },
  {
    "docID": "N224 Wu 2015",
    "et": "WistarRat",
    "off": 7182,
    "sff": "Wistar rats"
  },
  {
    "docID": "N224 Wu 2015",
    "et": "WistarRat",
    "off": 6668,
    "sff": "Wistar"
  },
  {
    "docID": "N224 Wu 2015",
    "et": "RatSpecies",
    "off": 19404,
    "sff": "rat"
  },
  {
    "docID": "N224 Wu 2015",
    "et": "RatSpecies",
    "off": 19261,
    "sff": "rat"
  },
  {
    "docID": "N224 Wu 2015",
    "et": "RatSpecies",
    "off": 5200,
    "sff": "rat"
  },
  {
    "docID": "N224 Wu 2015",
    "et": "RatSpecies",
    "off": 33842,
    "sff": "rat"
  },
  {
    "docID": "N224 Wu 2015",
    "et": "RatSpecies",
    "off": 16997,
    "sff": "rat"
  },
  {
    "docID": "N224 Wu 2015",
    "et": "RatSpecies",
    "off": 8407,
    "sff": "rat"
  },
  {
    "docID": "N224 Wu 2015",
    "et": "Adult",
    "off": 9159,
    "sff": "adult"
  },
  {
    "docID": "N224 Wu 2015",
    "et": "Adult",
    "off": 35592,
    "sff": "adult"
  },
  {
    "docID": "N224 Wu 2015",
    "et": "Adult",
    "off": 6655,
    "sff": "Adult"
  },
  {
    "docID": "N224 Wu 2015",
    "et": "Adult",
    "off": 28892,
    "sff": "adult"
  },
  {
    "docID": "N224 Wu 2015",
    "et": "Adult",
    "off": 544,
    "sff": "adult"
  },
  {
    "docID": "N224 Wu 2015",
    "et": "Adult",
    "off": 20655,
    "sff": "adult"
  },
  {
    "docID": "N224 Wu 2015",
    "et": "Adult",
    "off": 7169,
    "sff": "adult"
  },
  {
    "docID": "N224 Wu 2015",
    "et": "Adult",
    "off": 126,
    "sff": "Adult"
  },
  {
    "docID": "N224 Wu 2015",
    "et": "Adult",
    "off": 8165,
    "sff": "adult"
  },
  {
    "docID": "N224 Wu 2015",
    "et": "Female",
    "off": 8171,
    "sff": "female"
  },
  {
    "docID": "N224 Wu 2015",
    "et": "Female",
    "off": 7175,
    "sff": "female"
  },
  {
    "docID": "N224 Wu 2015",
    "et": "Female",
    "off": 6661,
    "sff": "female"
  },
  {
    "docID": "N224 Wu 2015",
    "et": "Female",
    "off": 9152,
    "sff": "female"
  },
  {
    "docID": "N224 Wu 2015",
    "et": "Female",
    "off": 10801,
    "sff": "female"
  },
  {
    "docID": "N224 Wu 2015",
    "et": "Age",
    "off": 24327,
    "sff": "two days"
  },
  {
    "docID": "N224 Wu 2015",
    "et": "Age",
    "off": 730,
    "sff": "14 days"
  },
  {
    "docID": "N224 Wu 2015",
    "et": "Age",
    "off": 26024,
    "sff": "14-day"
  },
  {
    "docID": "N224 Wu 2015",
    "et": "Age",
    "off": 30115,
    "sff": "28 days"
  },
  {
    "docID": "N224 Wu 2015",
    "et": "Age",
    "off": 30886,
    "sff": "14-day"
  },
  {
    "docID": "N224 Wu 2015",
    "et": "Age",
    "off": 28706,
    "sff": "28 days"
  },
  {
    "docID": "N224 Wu 2015",
    "et": "Age",
    "off": 28311,
    "sff": "28 days"
  },
  {
    "docID": "N224 Wu 2015",
    "et": "Age",
    "off": 19538,
    "sff": "35 days"
  },
  {
    "docID": "N224 Wu 2015",
    "et": "Age",
    "off": 27675,
    "sff": "28 days"
  },
  {
    "docID": "N224 Wu 2015",
    "et": "Age",
    "off": 14492,
    "sff": "28 days"
  },
  {
    "docID": "N224 Wu 2015",
    "et": "Age",
    "off": 31129,
    "sff": "28 days"
  },
  {
    "docID": "N224 Wu 2015",
    "et": "Age",
    "off": 29325,
    "sff": "28 days"
  },
  {
    "docID": "N224 Wu 2015",
    "et": "Age",
    "off": 17236,
    "sff": "14 days"
  },
  {
    "docID": "N224 Wu 2015",
    "et": "Age",
    "off": 27284,
    "sff": "28 days"
  },
  {
    "docID": "N224 Wu 2015",
    "et": "Age",
    "off": 29972,
    "sff": "28 days"
  },
  {
    "docID": "N224 Wu 2015",
    "et": "Age",
    "off": 25019,
    "sff": "14 days"
  },
  {
    "docID": "N224 Wu 2015",
    "et": "Age",
    "off": 25349,
    "sff": "28 days"
  },
  {
    "docID": "N224 Wu 2015",
    "et": "Age",
    "off": 34309,
    "sff": "28 days"
  },
  {
    "docID": "N224 Wu 2015",
    "et": "Age",
    "off": 19500,
    "sff": "4 weeks"
  },
  {
    "docID": "N224 Wu 2015",
    "et": "Age",
    "off": 25473,
    "sff": "28 days"
  },
  {
    "docID": "N224 Wu 2015",
    "et": "Age",
    "off": 36598,
    "sff": "28 days"
  },
  {
    "docID": "N224 Wu 2015",
    "et": "Age",
    "off": 24761,
    "sff": "three day"
  },
  {
    "docID": "N224 Wu 2015",
    "et": "Age",
    "off": 20351,
    "sff": "1 day"
  },
  {
    "docID": "N224 Wu 2015",
    "et": "Age",
    "off": 23666,
    "sff": "2(d"
  },
  {
    "docID": "N224 Wu 2015",
    "et": "Age",
    "off": 26673,
    "sff": "14 days"
  },
  {
    "docID": "N224 Wu 2015",
    "et": "Age",
    "off": 15226,
    "sff": "28 days"
  },
  {
    "docID": "N224 Wu 2015",
    "et": "Age",
    "off": 30023,
    "sff": "6(d"
  },
  {
    "docID": "N224 Wu 2015",
    "et": "Age",
    "off": 7779,
    "sff": "14-day"
  },
  {
    "docID": "N224 Wu 2015",
    "et": "Age",
    "off": 742,
    "sff": "28 days"
  },
  {
    "docID": "N224 Wu 2015",
    "et": "Age",
    "off": 36296,
    "sff": "two weeks"
  },
  {
    "docID": "N224 Wu 2015",
    "et": "Age",
    "off": 17248,
    "sff": "28 days"
  },
  {
    "docID": "N224 Wu 2015",
    "et": "Age",
    "off": 13487,
    "sff": "7 days"
  },
  {
    "docID": "N224 Wu 2015",
    "et": "Age",
    "off": 21285,
    "sff": "14 days"
  },
  {
    "docID": "N224 Wu 2015",
    "et": "Age",
    "off": 32982,
    "sff": "2 weeks"
  },
  {
    "docID": "N224 Wu 2015",
    "et": "Age",
    "off": 21796,
    "sff": "14 days"
  },
  {
    "docID": "N224 Wu 2015",
    "et": "Age",
    "off": 29087,
    "sff": "28 Days"
  },
  {
    "docID": "N224 Wu 2015",
    "et": "Age",
    "off": 7816,
    "sff": "28-day"
  },
  {
    "docID": "N224 Wu 2015",
    "et": "Age",
    "off": 31320,
    "sff": "28 days"
  },
  {
    "docID": "N224 Wu 2015",
    "et": "Age",
    "off": 12450,
    "sff": "12 days"
  },
  {
    "docID": "N224 Wu 2015",
    "et": "Age",
    "off": 25689,
    "sff": "28 days"
  },
  {
    "docID": "N224 Wu 2015",
    "et": "Age",
    "off": 8839,
    "sff": "3–7 days"
  },
  {
    "docID": "N224 Wu 2015",
    "et": "Age",
    "off": 22746,
    "sff": "2(d"
  },
  {
    "docID": "N224 Wu 2015",
    "et": "Age",
    "off": 11986,
    "sff": "3 to 4 days"
  },
  {
    "docID": "N224 Wu 2015",
    "et": "Age",
    "off": 21320,
    "sff": "28 days"
  },
  {
    "docID": "N224 Wu 2015",
    "et": "Age",
    "off": 29301,
    "sff": "6(d"
  },
  {
    "docID": "N224 Wu 2015",
    "et": "Age",
    "off": 29814,
    "sff": "6(d"
  },
  {
    "docID": "N224 Wu 2015",
    "et": "Age",
    "off": 8662,
    "sff": "2 days"
  },
  {
    "docID": "N224 Wu 2015",
    "et": "Age",
    "off": 29763,
    "sff": "28 days"
  },
  {
    "docID": "N224 Wu 2015",
    "et": "Age",
    "off": 20361,
    "sff": "7 days"
  },
  {
    "docID": "N224 Wu 2015",
    "et": "Age",
    "off": 7861,
    "sff": "28 days"
  },
  {
    "docID": "N224 Wu 2015",
    "et": "Age",
    "off": 29578,
    "sff": "6(d"
  },
  {
    "docID": "N224 Wu 2015",
    "et": "Age",
    "off": 27891,
    "sff": "14 days"
  },
  {
    "docID": "N224 Wu 2015",
    "et": "Age",
    "off": 21808,
    "sff": "28 days"
  },
  {
    "docID": "N224 Wu 2015",
    "et": "Age",
    "off": 26067,
    "sff": "28-day"
  },
  {
    "docID": "N224 Wu 2015",
    "et": "Age",
    "off": 25337,
    "sff": "14 days"
  },
  {
    "docID": "N224 Wu 2015",
    "et": "Age",
    "off": 27442,
    "sff": "28 days"
  }
]
