[
  {
    "docID": "N225 Xiao 2005",
    "et": "Weight",
    "off": 6205,
    "sff": "10 mg"
  },
  {
    "docID": "N225 Xiao 2005",
    "et": "Weight",
    "off": 50257,
    "sff": "16G"
  },
  {
    "docID": "N225 Xiao 2005",
    "et": "Weight",
    "off": 39894,
    "sff": "4G"
  },
  {
    "docID": "N225 Xiao 2005",
    "et": "Weight",
    "off": 9074,
    "sff": "220–270 g"
  },
  {
    "docID": "N225 Xiao 2005",
    "et": "Weight",
    "off": 39206,
    "sff": "5G"
  },
  {
    "docID": "N225 Xiao 2005",
    "et": "Weight",
    "off": 11998,
    "sff": "450–500 g"
  },
  {
    "docID": "N225 Xiao 2005",
    "et": "RatModel",
    "off": 4373,
    "sff": "rat"
  },
  {
    "docID": "N225 Xiao 2005",
    "et": "RatModel",
    "off": 24759,
    "sff": "rat"
  },
  {
    "docID": "N225 Xiao 2005",
    "et": "RatModel",
    "off": 4947,
    "sff": "rat"
  },
  {
    "docID": "N225 Xiao 2005",
    "et": "RatModel",
    "off": 50648,
    "sff": "rat"
  },
  {
    "docID": "N225 Xiao 2005",
    "et": "RatModel",
    "off": 51033,
    "sff": "rat"
  },
  {
    "docID": "N225 Xiao 2005",
    "et": "RatModel",
    "off": 17411,
    "sff": "rat"
  },
  {
    "docID": "N225 Xiao 2005",
    "et": "RatModel",
    "off": 26084,
    "sff": "rat"
  },
  {
    "docID": "N225 Xiao 2005",
    "et": "RatModel",
    "off": 51093,
    "sff": "rat"
  },
  {
    "docID": "N225 Xiao 2005",
    "et": "RatModel",
    "off": 52910,
    "sff": "rat"
  },
  {
    "docID": "N225 Xiao 2005",
    "et": "RatModel",
    "off": 53904,
    "sff": "rat"
  },
  {
    "docID": "N225 Xiao 2005",
    "et": "Patient",
    "off": 52268,
    "sff": "patient"
  },
  {
    "docID": "N225 Xiao 2005",
    "et": "SpragueDawleyRat",
    "off": 9053,
    "sff": "Sprague–Dawley"
  },
  {
    "docID": "N225 Xiao 2005",
    "et": "SpragueDawleyRat",
    "off": 9053,
    "sff": "Sprague–Dawley rats"
  },
  {
    "docID": "N225 Xiao 2005",
    "et": "AgeCategory",
    "off": 51562,
    "sff": "age"
  },
  {
    "docID": "N225 Xiao 2005",
    "et": "AgeCategory",
    "off": 4158,
    "sff": "age"
  },
  {
    "docID": "N225 Xiao 2005",
    "et": "AgeCategory",
    "off": 5764,
    "sff": "age"
  },
  {
    "docID": "N225 Xiao 2005",
    "et": "AgeCategory",
    "off": 52276,
    "sff": "age"
  },
  {
    "docID": "N225 Xiao 2005",
    "et": "RatSpecies",
    "off": 24759,
    "sff": "rat"
  },
  {
    "docID": "N225 Xiao 2005",
    "et": "RatSpecies",
    "off": 50648,
    "sff": "rat"
  },
  {
    "docID": "N225 Xiao 2005",
    "et": "RatSpecies",
    "off": 4373,
    "sff": "rat"
  },
  {
    "docID": "N225 Xiao 2005",
    "et": "RatSpecies",
    "off": 51093,
    "sff": "rat"
  },
  {
    "docID": "N225 Xiao 2005",
    "et": "RatSpecies",
    "off": 51033,
    "sff": "rat"
  },
  {
    "docID": "N225 Xiao 2005",
    "et": "RatSpecies",
    "off": 53904,
    "sff": "rat"
  },
  {
    "docID": "N225 Xiao 2005",
    "et": "RatSpecies",
    "off": 52910,
    "sff": "rat"
  },
  {
    "docID": "N225 Xiao 2005",
    "et": "RatSpecies",
    "off": 4947,
    "sff": "rat"
  },
  {
    "docID": "N225 Xiao 2005",
    "et": "RatSpecies",
    "off": 17411,
    "sff": "rat"
  },
  {
    "docID": "N225 Xiao 2005",
    "et": "RatSpecies",
    "off": 26084,
    "sff": "rat"
  },
  {
    "docID": "N225 Xiao 2005",
    "et": "FischerRat",
    "off": 2651,
    "sff": "Fischer"
  },
  {
    "docID": "N225 Xiao 2005",
    "et": "FischerRat",
    "off": 15473,
    "sff": "Fischer"
  },
  {
    "docID": "N225 Xiao 2005",
    "et": "Adult",
    "off": 4868,
    "sff": "adult"
  },
  {
    "docID": "N225 Xiao 2005",
    "et": "Adult",
    "off": 7,
    "sff": "adult"
  },
  {
    "docID": "N225 Xiao 2005",
    "et": "Adult",
    "off": 52904,
    "sff": "adult"
  },
  {
    "docID": "N225 Xiao 2005",
    "et": "Adult",
    "off": 2120,
    "sff": "adult"
  },
  {
    "docID": "N225 Xiao 2005",
    "et": "Adult",
    "off": 4941,
    "sff": "adult"
  },
  {
    "docID": "N225 Xiao 2005",
    "et": "Adult",
    "off": 364,
    "sff": "adult"
  },
  {
    "docID": "N225 Xiao 2005",
    "et": "Adult",
    "off": 2972,
    "sff": "adult"
  },
  {
    "docID": "N225 Xiao 2005",
    "et": "Adult",
    "off": 50555,
    "sff": "adult"
  },
  {
    "docID": "N225 Xiao 2005",
    "et": "Adult",
    "off": 59499,
    "sff": "adult"
  },
  {
    "docID": "N225 Xiao 2005",
    "et": "Adult",
    "off": 60027,
    "sff": "adult"
  },
  {
    "docID": "N225 Xiao 2005",
    "et": "Adult",
    "off": 50642,
    "sff": "adult"
  },
  {
    "docID": "N225 Xiao 2005",
    "et": "Adult",
    "off": 4367,
    "sff": "adult"
  },
  {
    "docID": "N225 Xiao 2005",
    "et": "LongEvansRat",
    "off": 40723,
    "sff": "long"
  },
  {
    "docID": "N225 Xiao 2005",
    "et": "LongEvansRat",
    "off": 25665,
    "sff": "long"
  },
  {
    "docID": "N225 Xiao 2005",
    "et": "LongEvansRat",
    "off": 37860,
    "sff": "long"
  },
  {
    "docID": "N225 Xiao 2005",
    "et": "LongEvansRat",
    "off": 39831,
    "sff": "long"
  },
  {
    "docID": "N225 Xiao 2005",
    "et": "Female",
    "off": 9046,
    "sff": "female"
  },
  {
    "docID": "N225 Xiao 2005",
    "et": "Age",
    "off": 1881,
    "sff": "11 weeks"
  },
  {
    "docID": "N225 Xiao 2005",
    "et": "Age",
    "off": 29217,
    "sff": "12 weeks"
  },
  {
    "docID": "N225 Xiao 2005",
    "et": "Age",
    "off": 9852,
    "sff": "2 weeks"
  },
  {
    "docID": "N225 Xiao 2005",
    "et": "Age",
    "off": 28924,
    "sff": "2 weeks"
  },
  {
    "docID": "N225 Xiao 2005",
    "et": "Age",
    "off": 48104,
    "sff": "Eleven weeks"
  },
  {
    "docID": "N225 Xiao 2005",
    "et": "Age",
    "off": 35812,
    "sff": "4 days"
  },
  {
    "docID": "N225 Xiao 2005",
    "et": "Age",
    "off": 16482,
    "sff": "11 weeks"
  },
  {
    "docID": "N225 Xiao 2005",
    "et": "Age",
    "off": 42137,
    "sff": "12 weeks"
  },
  {
    "docID": "N225 Xiao 2005",
    "et": "Age",
    "off": 24853,
    "sff": "1 week"
  },
  {
    "docID": "N225 Xiao 2005",
    "et": "Age",
    "off": 27920,
    "sff": "12 weeks"
  },
  {
    "docID": "N225 Xiao 2005",
    "et": "Age",
    "off": 28688,
    "sff": "2 weeks"
  },
  {
    "docID": "N225 Xiao 2005",
    "et": "Age",
    "off": 15687,
    "sff": "11 weeks"
  },
  {
    "docID": "N225 Xiao 2005",
    "et": "Age",
    "off": 25999,
    "sff": "2 weeks"
  },
  {
    "docID": "N225 Xiao 2005",
    "et": "Age",
    "off": 41482,
    "sff": "12 weeks"
  },
  {
    "docID": "N225 Xiao 2005",
    "et": "Age",
    "off": 29964,
    "sff": "2 weeks"
  },
  {
    "docID": "N225 Xiao 2005",
    "et": "Age",
    "off": 38247,
    "sff": "5D"
  },
  {
    "docID": "N225 Xiao 2005",
    "et": "Age",
    "off": 1026,
    "sff": "12 weeks"
  },
  {
    "docID": "N225 Xiao 2005",
    "et": "Age",
    "off": 15950,
    "sff": "11 weeks"
  },
  {
    "docID": "N225 Xiao 2005",
    "et": "Age",
    "off": 11654,
    "sff": "1 week"
  },
  {
    "docID": "N225 Xiao 2005",
    "et": "Age",
    "off": 29573,
    "sff": "12 weeks"
  },
  {
    "docID": "N225 Xiao 2005",
    "et": "Age",
    "off": 10270,
    "sff": "2 weeks"
  },
  {
    "docID": "N225 Xiao 2005",
    "et": "Age",
    "off": 55486,
    "sff": "12 weeks"
  },
  {
    "docID": "N225 Xiao 2005",
    "et": "Age",
    "off": 31236,
    "sff": "14 weeks"
  },
  {
    "docID": "N225 Xiao 2005",
    "et": "Age",
    "off": 37946,
    "sff": "1 week"
  },
  {
    "docID": "N225 Xiao 2005",
    "et": "Age",
    "off": 30144,
    "sff": "12 weeks"
  },
  {
    "docID": "N225 Xiao 2005",
    "et": "Age",
    "off": 20895,
    "sff": "2 weeks"
  },
  {
    "docID": "N225 Xiao 2005",
    "et": "Age",
    "off": 33780,
    "sff": "11 weeks"
  },
  {
    "docID": "N225 Xiao 2005",
    "et": "Age",
    "off": 7056,
    "sff": "3–4 days"
  },
  {
    "docID": "N225 Xiao 2005",
    "et": "Age",
    "off": 14987,
    "sff": "3 days"
  },
  {
    "docID": "N225 Xiao 2005",
    "et": "Age",
    "off": 34558,
    "sff": "11 weeks"
  },
  {
    "docID": "N225 Xiao 2005",
    "et": "Age",
    "off": 51122,
    "sff": "12 weeks"
  },
  {
    "docID": "N225 Xiao 2005",
    "et": "Age",
    "off": 43166,
    "sff": "Two weeks"
  },
  {
    "docID": "N225 Xiao 2005",
    "et": "Age",
    "off": 10295,
    "sff": "12 weeks"
  },
  {
    "docID": "N225 Xiao 2005",
    "et": "Age",
    "off": 30434,
    "sff": "Twelve weeks"
  },
  {
    "docID": "N225 Xiao 2005",
    "et": "Age",
    "off": 30122,
    "sff": "2 weeks"
  },
  {
    "docID": "N225 Xiao 2005",
    "et": "Age",
    "off": 6547,
    "sff": "One week"
  },
  {
    "docID": "N225 Xiao 2005",
    "et": "Age",
    "off": 28710,
    "sff": "12 weeks"
  },
  {
    "docID": "N225 Xiao 2005",
    "et": "Age",
    "off": 30249,
    "sff": "Two weeks"
  },
  {
    "docID": "N225 Xiao 2005",
    "et": "Age",
    "off": 39899,
    "sff": "Twelve weeks"
  },
  {
    "docID": "N225 Xiao 2005",
    "et": "Age",
    "off": 9759,
    "sff": "1 week"
  },
  {
    "docID": "N225 Xiao 2005",
    "et": "Age",
    "off": 24869,
    "sff": "2 weeks"
  },
  {
    "docID": "N225 Xiao 2005",
    "et": "Age",
    "off": 11937,
    "sff": "12-week"
  },
  {
    "docID": "N225 Xiao 2005",
    "et": "Age",
    "off": 18004,
    "sff": "1–2 days"
  },
  {
    "docID": "N225 Xiao 2005",
    "et": "Age",
    "off": 32798,
    "sff": "14 weeks"
  },
  {
    "docID": "N225 Xiao 2005",
    "et": "Age",
    "off": 29987,
    "sff": "12 weeks"
  },
  {
    "docID": "N225 Xiao 2005",
    "et": "Age",
    "off": 10915,
    "sff": "2 weeks"
  },
  {
    "docID": "N225 Xiao 2005",
    "et": "Age",
    "off": 29886,
    "sff": "2 weeks"
  },
  {
    "docID": "N225 Xiao 2005",
    "et": "Age",
    "off": 49179,
    "sff": "11 weeks"
  },
  {
    "docID": "N225 Xiao 2005",
    "et": "Age",
    "off": 36656,
    "sff": "2D"
  },
  {
    "docID": "N225 Xiao 2005",
    "et": "Age",
    "off": 41914,
    "sff": "2 weeks"
  },
  {
    "docID": "N225 Xiao 2005",
    "et": "Age",
    "off": 1260,
    "sff": "Twelve weeks"
  },
  {
    "docID": "N225 Xiao 2005",
    "et": "Age",
    "off": 30958,
    "sff": "14 weeks"
  },
  {
    "docID": "N225 Xiao 2005",
    "et": "Age",
    "off": 29396,
    "sff": "12 weeks"
  },
  {
    "docID": "N225 Xiao 2005",
    "et": "Age",
    "off": 29747,
    "sff": "2 weeks"
  },
  {
    "docID": "N225 Xiao 2005",
    "et": "Age",
    "off": 29909,
    "sff": "12 weeks"
  },
  {
    "docID": "N225 Xiao 2005",
    "et": "Age",
    "off": 29130,
    "sff": "2 weeks"
  },
  {
    "docID": "N225 Xiao 2005",
    "et": "Age",
    "off": 38614,
    "sff": "Two weeks"
  },
  {
    "docID": "N225 Xiao 2005",
    "et": "Age",
    "off": 38918,
    "sff": "4D"
  },
  {
    "docID": "N225 Xiao 2005",
    "et": "Age",
    "off": 38258,
    "sff": "One week"
  },
  {
    "docID": "N225 Xiao 2005",
    "et": "Age",
    "off": 11062,
    "sff": "3 days"
  },
  {
    "docID": "N225 Xiao 2005",
    "et": "Age",
    "off": 29766,
    "sff": "12 weeks"
  },
  {
    "docID": "N225 Xiao 2005",
    "et": "Age",
    "off": 56890,
    "sff": "Eleven weeks"
  },
  {
    "docID": "N225 Xiao 2005",
    "et": "Age",
    "off": 14148,
    "sff": "2 weeks"
  },
  {
    "docID": "N225 Xiao 2005",
    "et": "Age",
    "off": 10822,
    "sff": "12 weeks"
  },
  {
    "docID": "N225 Xiao 2005",
    "et": "Age",
    "off": 29688,
    "sff": "12 weeks"
  },
  {
    "docID": "N225 Xiao 2005",
    "et": "Age",
    "off": 43378,
    "sff": "12 weeks"
  },
  {
    "docID": "N225 Xiao 2005",
    "et": "Age",
    "off": 11742,
    "sff": "6 weeks"
  },
  {
    "docID": "N225 Xiao 2005",
    "et": "Age",
    "off": 55405,
    "sff": "2 weeks"
  },
  {
    "docID": "N225 Xiao 2005",
    "et": "Age",
    "off": 41713,
    "sff": "12 weeks"
  },
  {
    "docID": "N225 Xiao 2005",
    "et": "Age",
    "off": 837,
    "sff": "One week"
  },
  {
    "docID": "N225 Xiao 2005",
    "et": "Age",
    "off": 27493,
    "sff": "2 weeks"
  },
  {
    "docID": "N225 Xiao 2005",
    "et": "Age",
    "off": 29669,
    "sff": "2 weeks"
  },
  {
    "docID": "N225 Xiao 2005",
    "et": "Age",
    "off": 13412,
    "sff": "1 week"
  }
]
