[
  {
    "docID": "N226 Xiao 2007",
    "et": "Weight",
    "off": 28678,
    "sff": "4G"
  },
  {
    "docID": "N226 Xiao 2007",
    "et": "RatModel",
    "off": 40871,
    "sff": "rat"
  },
  {
    "docID": "N226 Xiao 2007",
    "et": "RatModel",
    "off": 33688,
    "sff": "rat"
  },
  {
    "docID": "N226 Xiao 2007",
    "et": "RatModel",
    "off": 33861,
    "sff": "rat"
  },
  {
    "docID": "N226 Xiao 2007",
    "et": "RatModel",
    "off": 34431,
    "sff": "rat"
  },
  {
    "docID": "N226 Xiao 2007",
    "et": "RatModel",
    "off": 4224,
    "sff": "rat"
  },
  {
    "docID": "N226 Xiao 2007",
    "et": "RatModel",
    "off": 33296,
    "sff": "rat"
  },
  {
    "docID": "N226 Xiao 2007",
    "et": "RatModel",
    "off": 21554,
    "sff": "rat"
  },
  {
    "docID": "N226 Xiao 2007",
    "et": "Patient",
    "off": 5075,
    "sff": "patient"
  },
  {
    "docID": "N226 Xiao 2007",
    "et": "NewZealandRabbit",
    "off": 1761,
    "sff": "new"
  },
  {
    "docID": "N226 Xiao 2007",
    "et": "RabbitSpecies",
    "off": 14158,
    "sff": "rabbit"
  },
  {
    "docID": "N226 Xiao 2007",
    "et": "RabbitSpecies",
    "off": 13361,
    "sff": "rabbit"
  },
  {
    "docID": "N226 Xiao 2007",
    "et": "RabbitSpecies",
    "off": 12583,
    "sff": "rabbit"
  },
  {
    "docID": "N226 Xiao 2007",
    "et": "SpragueDawleyRat",
    "off": 6230,
    "sff": "Sprague Dawley"
  },
  {
    "docID": "N226 Xiao 2007",
    "et": "SpragueDawleyRat",
    "off": 6230,
    "sff": "Sprague Dawley rats"
  },
  {
    "docID": "N226 Xiao 2007",
    "et": "MouseModel",
    "off": 12660,
    "sff": "mouse"
  },
  {
    "docID": "N226 Xiao 2007",
    "et": "MouseModel",
    "off": 12874,
    "sff": "mouse"
  },
  {
    "docID": "N226 Xiao 2007",
    "et": "MouseModel",
    "off": 12951,
    "sff": "mouse"
  },
  {
    "docID": "N226 Xiao 2007",
    "et": "MouseModel",
    "off": 12768,
    "sff": "mouse"
  },
  {
    "docID": "N226 Xiao 2007",
    "et": "RabbitModel",
    "off": 13361,
    "sff": "rabbit"
  },
  {
    "docID": "N226 Xiao 2007",
    "et": "RabbitModel",
    "off": 12583,
    "sff": "rabbit"
  },
  {
    "docID": "N226 Xiao 2007",
    "et": "RabbitModel",
    "off": 14158,
    "sff": "rabbit"
  },
  {
    "docID": "N226 Xiao 2007",
    "et": "AgeCategory",
    "off": 4089,
    "sff": "age"
  },
  {
    "docID": "N226 Xiao 2007",
    "et": "RatSpecies",
    "off": 33688,
    "sff": "rat"
  },
  {
    "docID": "N226 Xiao 2007",
    "et": "RatSpecies",
    "off": 40871,
    "sff": "rat"
  },
  {
    "docID": "N226 Xiao 2007",
    "et": "RatSpecies",
    "off": 4224,
    "sff": "rat"
  },
  {
    "docID": "N226 Xiao 2007",
    "et": "RatSpecies",
    "off": 33296,
    "sff": "rat"
  },
  {
    "docID": "N226 Xiao 2007",
    "et": "RatSpecies",
    "off": 34431,
    "sff": "rat"
  },
  {
    "docID": "N226 Xiao 2007",
    "et": "RatSpecies",
    "off": 33861,
    "sff": "rat"
  },
  {
    "docID": "N226 Xiao 2007",
    "et": "RatSpecies",
    "off": 21554,
    "sff": "rat"
  },
  {
    "docID": "N226 Xiao 2007",
    "et": "MouseSpecies",
    "off": 12951,
    "sff": "mouse"
  },
  {
    "docID": "N226 Xiao 2007",
    "et": "MouseSpecies",
    "off": 12874,
    "sff": "mouse"
  },
  {
    "docID": "N226 Xiao 2007",
    "et": "MouseSpecies",
    "off": 12768,
    "sff": "mouse"
  },
  {
    "docID": "N226 Xiao 2007",
    "et": "MouseSpecies",
    "off": 12660,
    "sff": "mouse"
  },
  {
    "docID": "N226 Xiao 2007",
    "et": "Adult",
    "off": 43980,
    "sff": "Adult"
  },
  {
    "docID": "N226 Xiao 2007",
    "et": "Adult",
    "off": 25725,
    "sff": "mature"
  },
  {
    "docID": "N226 Xiao 2007",
    "et": "Adult",
    "off": 33850,
    "sff": "adult"
  },
  {
    "docID": "N226 Xiao 2007",
    "et": "Adult",
    "off": 34425,
    "sff": "adult"
  },
  {
    "docID": "N226 Xiao 2007",
    "et": "Adult",
    "off": 1487,
    "sff": "adult"
  },
  {
    "docID": "N226 Xiao 2007",
    "et": "Adult",
    "off": 3181,
    "sff": "adult"
  },
  {
    "docID": "N226 Xiao 2007",
    "et": "Adult",
    "off": 3411,
    "sff": "adult"
  },
  {
    "docID": "N226 Xiao 2007",
    "et": "Adult",
    "off": 34353,
    "sff": "adult"
  },
  {
    "docID": "N226 Xiao 2007",
    "et": "Adult",
    "off": 6224,
    "sff": "adult"
  },
  {
    "docID": "N226 Xiao 2007",
    "et": "Adult",
    "off": 43760,
    "sff": "adult"
  },
  {
    "docID": "N226 Xiao 2007",
    "et": "Adult",
    "off": 7,
    "sff": "adult"
  },
  {
    "docID": "N226 Xiao 2007",
    "et": "Adult",
    "off": 43559,
    "sff": "adult"
  },
  {
    "docID": "N226 Xiao 2007",
    "et": "Adult",
    "off": 3134,
    "sff": "Adult"
  },
  {
    "docID": "N226 Xiao 2007",
    "et": "Adult",
    "off": 293,
    "sff": "adult"
  },
  {
    "docID": "N226 Xiao 2007",
    "et": "Adult",
    "off": 36133,
    "sff": "adult"
  },
  {
    "docID": "N226 Xiao 2007",
    "et": "LongEvansRat",
    "off": 8552,
    "sff": "long"
  },
  {
    "docID": "N226 Xiao 2007",
    "et": "Female",
    "off": 6217,
    "sff": "female"
  },
  {
    "docID": "N226 Xiao 2007",
    "et": "Age",
    "off": 16705,
    "sff": "12 weeks"
  },
  {
    "docID": "N226 Xiao 2007",
    "et": "Age",
    "off": 22405,
    "sff": "13 weeks"
  },
  {
    "docID": "N226 Xiao 2007",
    "et": "Age",
    "off": 6045,
    "sff": "3–4 days"
  },
  {
    "docID": "N226 Xiao 2007",
    "et": "Age",
    "off": 29879,
    "sff": "7D"
  },
  {
    "docID": "N226 Xiao 2007",
    "et": "Age",
    "off": 38301,
    "sff": "2 weeks"
  },
  {
    "docID": "N226 Xiao 2007",
    "et": "Age",
    "off": 26166,
    "sff": "1D"
  },
  {
    "docID": "N226 Xiao 2007",
    "et": "Age",
    "off": 40062,
    "sff": "12 weeks"
  },
  {
    "docID": "N226 Xiao 2007",
    "et": "Age",
    "off": 29582,
    "sff": "6D"
  },
  {
    "docID": "N226 Xiao 2007",
    "et": "Age",
    "off": 19321,
    "sff": "14 weeks"
  },
  {
    "docID": "N226 Xiao 2007",
    "et": "Age",
    "off": 29703,
    "sff": "1 week"
  },
  {
    "docID": "N226 Xiao 2007",
    "et": "Age",
    "off": 24306,
    "sff": "12 weeks"
  },
  {
    "docID": "N226 Xiao 2007",
    "et": "Age",
    "off": 5683,
    "sff": "2 days"
  },
  {
    "docID": "N226 Xiao 2007",
    "et": "Age",
    "off": 20980,
    "sff": "14 weeks"
  },
  {
    "docID": "N226 Xiao 2007",
    "et": "Age",
    "off": 12006,
    "sff": "1–2 days"
  },
  {
    "docID": "N226 Xiao 2007",
    "et": "Age",
    "off": 24559,
    "sff": "4 weeks"
  },
  {
    "docID": "N226 Xiao 2007",
    "et": "Age",
    "off": 32920,
    "sff": "10D"
  },
  {
    "docID": "N226 Xiao 2007",
    "et": "Age",
    "off": 17721,
    "sff": "12 weeks"
  },
  {
    "docID": "N226 Xiao 2007",
    "et": "Age",
    "off": 39419,
    "sff": "4-week"
  },
  {
    "docID": "N226 Xiao 2007",
    "et": "Age",
    "off": 4127,
    "sff": "One-week"
  },
  {
    "docID": "N226 Xiao 2007",
    "et": "Age",
    "off": 7660,
    "sff": "2 days"
  },
  {
    "docID": "N226 Xiao 2007",
    "et": "Age",
    "off": 32546,
    "sff": "9D"
  },
  {
    "docID": "N226 Xiao 2007",
    "et": "Age",
    "off": 609,
    "sff": "12 weeks"
  },
  {
    "docID": "N226 Xiao 2007",
    "et": "Age",
    "off": 31115,
    "sff": "6 weeks"
  },
  {
    "docID": "N226 Xiao 2007",
    "et": "Age",
    "off": 38682,
    "sff": "10–14 days"
  },
  {
    "docID": "N226 Xiao 2007",
    "et": "Age",
    "off": 32065,
    "sff": "4 weeks"
  },
  {
    "docID": "N226 Xiao 2007",
    "et": "Age",
    "off": 20254,
    "sff": "14 weeks"
  },
  {
    "docID": "N226 Xiao 2007",
    "et": "Age",
    "off": 22371,
    "sff": "1 week"
  },
  {
    "docID": "N226 Xiao 2007",
    "et": "Age",
    "off": 23395,
    "sff": "12 weeks"
  },
  {
    "docID": "N226 Xiao 2007",
    "et": "Age",
    "off": 39715,
    "sff": "12 weeks"
  },
  {
    "docID": "N226 Xiao 2007",
    "et": "Age",
    "off": 29925,
    "sff": "12 weeks"
  },
  {
    "docID": "N226 Xiao 2007",
    "et": "Age",
    "off": 22158,
    "sff": "6 weeks"
  },
  {
    "docID": "N226 Xiao 2007",
    "et": "Age",
    "off": 5450,
    "sff": "1 week"
  },
  {
    "docID": "N226 Xiao 2007",
    "et": "Age",
    "off": 39321,
    "sff": "6-week"
  },
  {
    "docID": "N226 Xiao 2007",
    "et": "Age",
    "off": 30094,
    "sff": "2 weeks"
  },
  {
    "docID": "N226 Xiao 2007",
    "et": "Age",
    "off": 6862,
    "sff": "12 weeks"
  },
  {
    "docID": "N226 Xiao 2007",
    "et": "Age",
    "off": 21965,
    "sff": "1 week"
  },
  {
    "docID": "N226 Xiao 2007",
    "et": "Age",
    "off": 6358,
    "sff": "2 weeks"
  },
  {
    "docID": "N226 Xiao 2007",
    "et": "Age",
    "off": 7122,
    "sff": "2 weeks"
  },
  {
    "docID": "N226 Xiao 2007",
    "et": "Age",
    "off": 6933,
    "sff": "12 weeks"
  },
  {
    "docID": "N226 Xiao 2007",
    "et": "Age",
    "off": 22996,
    "sff": "2 weeks"
  }
]
