[
  {
    "docID": "N227 Yamamoto 2009",
    "et": "Weight",
    "off": 16682,
    "sff": "180-200 g"
  },
  {
    "docID": "N227 Yamamoto 2009",
    "et": "Weight",
    "off": 14608,
    "sff": "200-230 g"
  },
  {
    "docID": "N227 Yamamoto 2009",
    "et": "Weight",
    "off": 15817,
    "sff": "300×g"
  },
  {
    "docID": "N227 Yamamoto 2009",
    "et": "RatModel",
    "off": 3927,
    "sff": "rat"
  },
  {
    "docID": "N227 Yamamoto 2009",
    "et": "RatModel",
    "off": 6695,
    "sff": "rat"
  },
  {
    "docID": "N227 Yamamoto 2009",
    "et": "RatModel",
    "off": 454,
    "sff": "rat"
  },
  {
    "docID": "N227 Yamamoto 2009",
    "et": "RatModel",
    "off": 4022,
    "sff": "rat"
  },
  {
    "docID": "N227 Yamamoto 2009",
    "et": "RatModel",
    "off": 7820,
    "sff": "rat"
  },
  {
    "docID": "N227 Yamamoto 2009",
    "et": "RatModel",
    "off": 16826,
    "sff": "rat"
  },
  {
    "docID": "N227 Yamamoto 2009",
    "et": "RabbitSpecies",
    "off": 20174,
    "sff": "rabbit"
  },
  {
    "docID": "N227 Yamamoto 2009",
    "et": "Mixed",
    "off": 3004,
    "sff": "mixed"
  },
  {
    "docID": "N227 Yamamoto 2009",
    "et": "MouseModel",
    "off": 20260,
    "sff": "mouse"
  },
  {
    "docID": "N227 Yamamoto 2009",
    "et": "RabbitModel",
    "off": 20174,
    "sff": "rabbit"
  },
  {
    "docID": "N227 Yamamoto 2009",
    "et": "RatSpecies",
    "off": 3927,
    "sff": "rat"
  },
  {
    "docID": "N227 Yamamoto 2009",
    "et": "RatSpecies",
    "off": 6695,
    "sff": "rat"
  },
  {
    "docID": "N227 Yamamoto 2009",
    "et": "RatSpecies",
    "off": 454,
    "sff": "rat"
  },
  {
    "docID": "N227 Yamamoto 2009",
    "et": "RatSpecies",
    "off": 4022,
    "sff": "rat"
  },
  {
    "docID": "N227 Yamamoto 2009",
    "et": "RatSpecies",
    "off": 7820,
    "sff": "rat"
  },
  {
    "docID": "N227 Yamamoto 2009",
    "et": "RatSpecies",
    "off": 16826,
    "sff": "rat"
  },
  {
    "docID": "N227 Yamamoto 2009",
    "et": "MouseSpecies",
    "off": 20260,
    "sff": "mouse"
  },
  {
    "docID": "N227 Yamamoto 2009",
    "et": "Adult",
    "off": 16662,
    "sff": "adult"
  },
  {
    "docID": "N227 Yamamoto 2009",
    "et": "Adult",
    "off": 14588,
    "sff": "adult"
  },
  {
    "docID": "N227 Yamamoto 2009",
    "et": "Adult",
    "off": 402,
    "sff": "adult"
  },
  {
    "docID": "N227 Yamamoto 2009",
    "et": "Female",
    "off": 16693,
    "sff": "female"
  },
  {
    "docID": "N227 Yamamoto 2009",
    "et": "Female",
    "off": 14619,
    "sff": "female"
  },
  {
    "docID": "N227 Yamamoto 2009",
    "et": "Age",
    "off": 5970,
    "sff": "8 weeks"
  },
  {
    "docID": "N227 Yamamoto 2009",
    "et": "Age",
    "off": 5188,
    "sff": "4 weeks"
  },
  {
    "docID": "N227 Yamamoto 2009",
    "et": "Age",
    "off": 5134,
    "sff": "8 weeks"
  },
  {
    "docID": "N227 Yamamoto 2009",
    "et": "Age",
    "off": 5862,
    "sff": "3 days"
  },
  {
    "docID": "N227 Yamamoto 2009",
    "et": "Age",
    "off": 9102,
    "sff": "4 weeks"
  },
  {
    "docID": "N227 Yamamoto 2009",
    "et": "Age",
    "off": 8734,
    "sff": "3D"
  },
  {
    "docID": "N227 Yamamoto 2009",
    "et": "Age",
    "off": 4062,
    "sff": "8 weeks"
  },
  {
    "docID": "N227 Yamamoto 2009",
    "et": "Age",
    "off": 16115,
    "sff": "3 days"
  },
  {
    "docID": "N227 Yamamoto 2009",
    "et": "Age",
    "off": 19018,
    "sff": "10 weeks"
  },
  {
    "docID": "N227 Yamamoto 2009",
    "et": "Age",
    "off": 6540,
    "sff": "2 weeks"
  },
  {
    "docID": "N227 Yamamoto 2009",
    "et": "Age",
    "off": 8935,
    "sff": "8 weeks"
  },
  {
    "docID": "N227 Yamamoto 2009",
    "et": "Age",
    "off": 18184,
    "sff": "Three days"
  },
  {
    "docID": "N227 Yamamoto 2009",
    "et": "Age",
    "off": 7474,
    "sff": "3D"
  },
  {
    "docID": "N227 Yamamoto 2009",
    "et": "Age",
    "off": 19317,
    "sff": "8 weeks"
  },
  {
    "docID": "N227 Yamamoto 2009",
    "et": "Age",
    "off": 19377,
    "sff": "2 – 6 weeks"
  },
  {
    "docID": "N227 Yamamoto 2009",
    "et": "Age",
    "off": 9037,
    "sff": "8 week"
  },
  {
    "docID": "N227 Yamamoto 2009",
    "et": "Age",
    "off": 6526,
    "sff": "1 week"
  },
  {
    "docID": "N227 Yamamoto 2009",
    "et": "Age",
    "off": 18362,
    "sff": "8 weeks"
  },
  {
    "docID": "N227 Yamamoto 2009",
    "et": "Age",
    "off": 19797,
    "sff": "2 weeks"
  },
  {
    "docID": "N227 Yamamoto 2009",
    "et": "Age",
    "off": 6200,
    "sff": "8 weeks"
  },
  {
    "docID": "N227 Yamamoto 2009",
    "et": "Age",
    "off": 19096,
    "sff": "18 weeks"
  },
  {
    "docID": "N227 Yamamoto 2009",
    "et": "Age",
    "off": 3328,
    "sff": "28 days"
  },
  {
    "docID": "N227 Yamamoto 2009",
    "et": "Age",
    "off": 6403,
    "sff": "10 weeks"
  },
  {
    "docID": "N227 Yamamoto 2009",
    "et": "Age",
    "off": 3266,
    "sff": "8 weeks"
  },
  {
    "docID": "N227 Yamamoto 2009",
    "et": "Age",
    "off": 16299,
    "sff": "2 days"
  },
  {
    "docID": "N227 Yamamoto 2009",
    "et": "Age",
    "off": 9216,
    "sff": "18 weeks"
  },
  {
    "docID": "N227 Yamamoto 2009",
    "et": "Age",
    "off": 18961,
    "sff": "3 days"
  },
  {
    "docID": "N227 Yamamoto 2009",
    "et": "Age",
    "off": 5167,
    "sff": "2 weeks"
  },
  {
    "docID": "N227 Yamamoto 2009",
    "et": "Age",
    "off": 3435,
    "sff": "10 weeks"
  },
  {
    "docID": "N227 Yamamoto 2009",
    "et": "Age",
    "off": 6557,
    "sff": "4 weeks"
  },
  {
    "docID": "N227 Yamamoto 2009",
    "et": "Age",
    "off": 4080,
    "sff": "10 weeks"
  }
]
