[
  {
    "docID": "N228 Yazdani 2012",
    "et": "Weight",
    "off": 9329,
    "sff": "300–350 g"
  },
  {
    "docID": "N228 Yazdani 2012",
    "et": "Weight",
    "off": 6391,
    "sff": "90–100 g"
  },
  {
    "docID": "N228 Yazdani 2012",
    "et": "RatModel",
    "off": 5159,
    "sff": "rat"
  },
  {
    "docID": "N228 Yazdani 2012",
    "et": "RatModel",
    "off": 20631,
    "sff": "rat"
  },
  {
    "docID": "N228 Yazdani 2012",
    "et": "RatModel",
    "off": 6377,
    "sff": "rat"
  },
  {
    "docID": "N228 Yazdani 2012",
    "et": "RatModel",
    "off": 18681,
    "sff": "rat"
  },
  {
    "docID": "N228 Yazdani 2012",
    "et": "RatModel",
    "off": 154,
    "sff": "rat"
  },
  {
    "docID": "N228 Yazdani 2012",
    "et": "RatModel",
    "off": 22435,
    "sff": "rat"
  },
  {
    "docID": "N228 Yazdani 2012",
    "et": "RatModel",
    "off": 6324,
    "sff": "rat"
  },
  {
    "docID": "N228 Yazdani 2012",
    "et": "RatModel",
    "off": 26342,
    "sff": "rat"
  },
  {
    "docID": "N228 Yazdani 2012",
    "et": "RatModel",
    "off": 20674,
    "sff": "rat"
  },
  {
    "docID": "N228 Yazdani 2012",
    "et": "RatModel",
    "off": 733,
    "sff": "rat"
  },
  {
    "docID": "N228 Yazdani 2012",
    "et": "NewZealandRabbit",
    "off": 28582,
    "sff": "new"
  },
  {
    "docID": "N228 Yazdani 2012",
    "et": "NewZealandRabbit",
    "off": 27156,
    "sff": "New"
  },
  {
    "docID": "N228 Yazdani 2012",
    "et": "NewZealandRabbit",
    "off": 6992,
    "sff": "new"
  },
  {
    "docID": "N228 Yazdani 2012",
    "et": "RabbitSpecies",
    "off": 5933,
    "sff": "Rabbit"
  },
  {
    "docID": "N228 Yazdani 2012",
    "et": "MouseModel",
    "off": 9046,
    "sff": "mouse"
  },
  {
    "docID": "N228 Yazdani 2012",
    "et": "MouseModel",
    "off": 14036,
    "sff": "mouse"
  },
  {
    "docID": "N228 Yazdani 2012",
    "et": "MouseModel",
    "off": 7197,
    "sff": "mouse"
  },
  {
    "docID": "N228 Yazdani 2012",
    "et": "MouseModel",
    "off": 9105,
    "sff": "mouse"
  },
  {
    "docID": "N228 Yazdani 2012",
    "et": "MouseModel",
    "off": 7295,
    "sff": "mouse"
  },
  {
    "docID": "N228 Yazdani 2012",
    "et": "RabbitModel",
    "off": 5933,
    "sff": "Rabbit"
  },
  {
    "docID": "N228 Yazdani 2012",
    "et": "WistarRat",
    "off": 9301,
    "sff": "wistar rats"
  },
  {
    "docID": "N228 Yazdani 2012",
    "et": "WistarRat",
    "off": 6370,
    "sff": "wistar rat"
  },
  {
    "docID": "N228 Yazdani 2012",
    "et": "WistarRat",
    "off": 9301,
    "sff": "wistar"
  },
  {
    "docID": "N228 Yazdani 2012",
    "et": "RatSpecies",
    "off": 6377,
    "sff": "rat"
  },
  {
    "docID": "N228 Yazdani 2012",
    "et": "RatSpecies",
    "off": 18681,
    "sff": "rat"
  },
  {
    "docID": "N228 Yazdani 2012",
    "et": "RatSpecies",
    "off": 26342,
    "sff": "rat"
  },
  {
    "docID": "N228 Yazdani 2012",
    "et": "RatSpecies",
    "off": 5159,
    "sff": "rat"
  },
  {
    "docID": "N228 Yazdani 2012",
    "et": "RatSpecies",
    "off": 20631,
    "sff": "rat"
  },
  {
    "docID": "N228 Yazdani 2012",
    "et": "RatSpecies",
    "off": 733,
    "sff": "rat"
  },
  {
    "docID": "N228 Yazdani 2012",
    "et": "RatSpecies",
    "off": 154,
    "sff": "rat"
  },
  {
    "docID": "N228 Yazdani 2012",
    "et": "RatSpecies",
    "off": 6324,
    "sff": "rat"
  },
  {
    "docID": "N228 Yazdani 2012",
    "et": "RatSpecies",
    "off": 20674,
    "sff": "rat"
  },
  {
    "docID": "N228 Yazdani 2012",
    "et": "RatSpecies",
    "off": 22435,
    "sff": "rat"
  },
  {
    "docID": "N228 Yazdani 2012",
    "et": "CD2_Mouse",
    "off": 17326,
    "sff": "CD31"
  },
  {
    "docID": "N228 Yazdani 2012",
    "et": "CD2_Mouse",
    "off": 7212,
    "sff": "CD31"
  },
  {
    "docID": "N228 Yazdani 2012",
    "et": "MouseSpecies",
    "off": 9046,
    "sff": "mouse"
  },
  {
    "docID": "N228 Yazdani 2012",
    "et": "MouseSpecies",
    "off": 7197,
    "sff": "mouse"
  },
  {
    "docID": "N228 Yazdani 2012",
    "et": "MouseSpecies",
    "off": 7295,
    "sff": "mouse"
  },
  {
    "docID": "N228 Yazdani 2012",
    "et": "MouseSpecies",
    "off": 9105,
    "sff": "mouse"
  },
  {
    "docID": "N228 Yazdani 2012",
    "et": "MouseSpecies",
    "off": 14036,
    "sff": "mouse"
  },
  {
    "docID": "N228 Yazdani 2012",
    "et": "Adult",
    "off": 26167,
    "sff": "adult"
  },
  {
    "docID": "N228 Yazdani 2012",
    "et": "Adult",
    "off": 6357,
    "sff": "adult"
  },
  {
    "docID": "N228 Yazdani 2012",
    "et": "Adult",
    "off": 18746,
    "sff": "mature"
  },
  {
    "docID": "N228 Yazdani 2012",
    "et": "Adult",
    "off": 9288,
    "sff": "Adult"
  },
  {
    "docID": "N228 Yazdani 2012",
    "et": "LongEvansRat",
    "off": 26424,
    "sff": "long"
  },
  {
    "docID": "N228 Yazdani 2012",
    "et": "LongEvansRat",
    "off": 29722,
    "sff": "long"
  },
  {
    "docID": "N228 Yazdani 2012",
    "et": "LongEvansRat",
    "off": 26683,
    "sff": "long"
  },
  {
    "docID": "N228 Yazdani 2012",
    "et": "Female",
    "off": 6363,
    "sff": "female"
  },
  {
    "docID": "N228 Yazdani 2012",
    "et": "Female",
    "off": 9294,
    "sff": "female"
  },
  {
    "docID": "N228 Yazdani 2012",
    "et": "Age",
    "off": 29733,
    "sff": "seven weeks"
  },
  {
    "docID": "N228 Yazdani 2012",
    "et": "Age",
    "off": 19297,
    "sff": "five week"
  },
  {
    "docID": "N228 Yazdani 2012",
    "et": "Age",
    "off": 23408,
    "sff": "five weeks"
  },
  {
    "docID": "N228 Yazdani 2012",
    "et": "Age",
    "off": 10250,
    "sff": "one week"
  },
  {
    "docID": "N228 Yazdani 2012",
    "et": "Age",
    "off": 10687,
    "sff": "One week"
  },
  {
    "docID": "N228 Yazdani 2012",
    "et": "Age",
    "off": 11949,
    "sff": "five weeks"
  },
  {
    "docID": "N228 Yazdani 2012",
    "et": "Age",
    "off": 20045,
    "sff": "five weeks"
  },
  {
    "docID": "N228 Yazdani 2012",
    "et": "Age",
    "off": 30056,
    "sff": "25 days"
  },
  {
    "docID": "N228 Yazdani 2012",
    "et": "Age",
    "off": 6906,
    "sff": "3 days"
  },
  {
    "docID": "N228 Yazdani 2012",
    "et": "Age",
    "off": 19168,
    "sff": "7 days"
  },
  {
    "docID": "N228 Yazdani 2012",
    "et": "Age",
    "off": 16052,
    "sff": "five weeks"
  },
  {
    "docID": "N228 Yazdani 2012",
    "et": "Age",
    "off": 8699,
    "sff": "2–3 days"
  },
  {
    "docID": "N228 Yazdani 2012",
    "et": "Age",
    "off": 26432,
    "sff": "eight weeks"
  },
  {
    "docID": "N228 Yazdani 2012",
    "et": "Age",
    "off": 8119,
    "sff": "2–3 days"
  },
  {
    "docID": "N228 Yazdani 2012",
    "et": "Age",
    "off": 12477,
    "sff": "five weeks"
  },
  {
    "docID": "N228 Yazdani 2012",
    "et": "Age",
    "off": 1147,
    "sff": "five-week"
  },
  {
    "docID": "N228 Yazdani 2012",
    "et": "Age",
    "off": 5718,
    "sff": "5 days"
  },
  {
    "docID": "N228 Yazdani 2012",
    "et": "Age",
    "off": 18417,
    "sff": "7 days"
  },
  {
    "docID": "N228 Yazdani 2012",
    "et": "Age",
    "off": 29705,
    "sff": "three weeks"
  },
  {
    "docID": "N228 Yazdani 2012",
    "et": "Age",
    "off": 12453,
    "sff": "Six weeks"
  },
  {
    "docID": "N228 Yazdani 2012",
    "et": "Age",
    "off": 23302,
    "sff": "five weeks"
  },
  {
    "docID": "N228 Yazdani 2012",
    "et": "Age",
    "off": 8654,
    "sff": "7 days"
  },
  {
    "docID": "N228 Yazdani 2012",
    "et": "Age",
    "off": 8715,
    "sff": "7 days"
  },
  {
    "docID": "N228 Yazdani 2012",
    "et": "Age",
    "off": 20919,
    "sff": "Five weeks"
  }
]
