[
  {
    "docID": "N229 Yui 2014",
    "et": "RatModel",
    "off": 4778,
    "sff": "rat"
  },
  {
    "docID": "N229 Yui 2014",
    "et": "RatModel",
    "off": 19274,
    "sff": "rat"
  },
  {
    "docID": "N229 Yui 2014",
    "et": "RatModel",
    "off": 635,
    "sff": "rat"
  },
  {
    "docID": "N229 Yui 2014",
    "et": "RatModel",
    "off": 14475,
    "sff": "rat"
  },
  {
    "docID": "N229 Yui 2014",
    "et": "RatModel",
    "off": 121,
    "sff": "rat"
  },
  {
    "docID": "N229 Yui 2014",
    "et": "RatModel",
    "off": 19124,
    "sff": "Rat"
  },
  {
    "docID": "N229 Yui 2014",
    "et": "RatModel",
    "off": 11228,
    "sff": "rat"
  },
  {
    "docID": "N229 Yui 2014",
    "et": "RatModel",
    "off": 4333,
    "sff": "rat"
  },
  {
    "docID": "N229 Yui 2014",
    "et": "RatModel",
    "off": 11584,
    "sff": "rat"
  },
  {
    "docID": "N229 Yui 2014",
    "et": "RatModel",
    "off": 20672,
    "sff": "rat"
  },
  {
    "docID": "N229 Yui 2014",
    "et": "RatModel",
    "off": 23573,
    "sff": "rat"
  },
  {
    "docID": "N229 Yui 2014",
    "et": "AnimalSpecies",
    "off": 25820,
    "sff": "species"
  },
  {
    "docID": "N229 Yui 2014",
    "et": "AnimalSpecies",
    "off": 2903,
    "sff": "species"
  },
  {
    "docID": "N229 Yui 2014",
    "et": "AnimalSpecies",
    "off": 3055,
    "sff": "species"
  },
  {
    "docID": "N229 Yui 2014",
    "et": "AnimalSpecies",
    "off": 3967,
    "sff": "species"
  },
  {
    "docID": "N229 Yui 2014",
    "et": "NewZealandRabbit",
    "off": 25960,
    "sff": "new"
  },
  {
    "docID": "N229 Yui 2014",
    "et": "RabbitSpecies",
    "off": 16297,
    "sff": "rabbit"
  },
  {
    "docID": "N229 Yui 2014",
    "et": "OrganismSpecies",
    "off": 3638,
    "sff": "organism"
  },
  {
    "docID": "N229 Yui 2014",
    "et": "SpragueDawleyRat",
    "off": 4643,
    "sff": "Dawley"
  },
  {
    "docID": "N229 Yui 2014",
    "et": "SpragueDawleyRat",
    "off": 4634,
    "sff": "Sprague"
  },
  {
    "docID": "N229 Yui 2014",
    "et": "MouseModel",
    "off": 16361,
    "sff": "mouse"
  },
  {
    "docID": "N229 Yui 2014",
    "et": "MouseModel",
    "off": 8236,
    "sff": "mouse"
  },
  {
    "docID": "N229 Yui 2014",
    "et": "RabbitModel",
    "off": 16297,
    "sff": "rabbit"
  },
  {
    "docID": "N229 Yui 2014",
    "et": "RatSpecies",
    "off": 635,
    "sff": "rat"
  },
  {
    "docID": "N229 Yui 2014",
    "et": "RatSpecies",
    "off": 11228,
    "sff": "rat"
  },
  {
    "docID": "N229 Yui 2014",
    "et": "RatSpecies",
    "off": 14475,
    "sff": "rat"
  },
  {
    "docID": "N229 Yui 2014",
    "et": "RatSpecies",
    "off": 4333,
    "sff": "rat"
  },
  {
    "docID": "N229 Yui 2014",
    "et": "RatSpecies",
    "off": 11584,
    "sff": "rat"
  },
  {
    "docID": "N229 Yui 2014",
    "et": "RatSpecies",
    "off": 20672,
    "sff": "rat"
  },
  {
    "docID": "N229 Yui 2014",
    "et": "RatSpecies",
    "off": 19124,
    "sff": "Rat"
  },
  {
    "docID": "N229 Yui 2014",
    "et": "RatSpecies",
    "off": 23573,
    "sff": "rat"
  },
  {
    "docID": "N229 Yui 2014",
    "et": "RatSpecies",
    "off": 121,
    "sff": "rat"
  },
  {
    "docID": "N229 Yui 2014",
    "et": "RatSpecies",
    "off": 4778,
    "sff": "rat"
  },
  {
    "docID": "N229 Yui 2014",
    "et": "RatSpecies",
    "off": 19274,
    "sff": "rat"
  },
  {
    "docID": "N229 Yui 2014",
    "et": "MouseSpecies",
    "off": 16361,
    "sff": "mouse"
  },
  {
    "docID": "N229 Yui 2014",
    "et": "MouseSpecies",
    "off": 8236,
    "sff": "mouse"
  },
  {
    "docID": "N229 Yui 2014",
    "et": "OrganismModel",
    "off": 3638,
    "sff": "organism"
  },
  {
    "docID": "N229 Yui 2014",
    "et": "Female",
    "off": 4703,
    "sff": "female"
  },
  {
    "docID": "N229 Yui 2014",
    "et": "Female",
    "off": 14465,
    "sff": "female"
  },
  {
    "docID": "N229 Yui 2014",
    "et": "Female",
    "off": 4627,
    "sff": "female"
  },
  {
    "docID": "N229 Yui 2014",
    "et": "Age",
    "off": 12307,
    "sff": "3 days"
  },
  {
    "docID": "N229 Yui 2014",
    "et": "Age",
    "off": 7975,
    "sff": "2-3 days"
  },
  {
    "docID": "N229 Yui 2014",
    "et": "Age",
    "off": 14362,
    "sff": "7-8 days"
  },
  {
    "docID": "N229 Yui 2014",
    "et": "Age",
    "off": 22670,
    "sff": "5D"
  },
  {
    "docID": "N229 Yui 2014",
    "et": "Age",
    "off": 4616,
    "sff": "8-week-old"
  },
  {
    "docID": "N229 Yui 2014",
    "et": "Age",
    "off": 14453,
    "sff": "13-week-old"
  },
  {
    "docID": "N229 Yui 2014",
    "et": "Age",
    "off": 15691,
    "sff": "1D"
  },
  {
    "docID": "N229 Yui 2014",
    "et": "Age",
    "off": 4691,
    "sff": "10-week-old"
  },
  {
    "docID": "N229 Yui 2014",
    "et": "Age",
    "off": 7903,
    "sff": "6 days"
  },
  {
    "docID": "N229 Yui 2014",
    "et": "Age",
    "off": 11815,
    "sff": "Ten-week-old"
  },
  {
    "docID": "N229 Yui 2014",
    "et": "Age",
    "off": 4763,
    "sff": "13-week-old"
  },
  {
    "docID": "N229 Yui 2014",
    "et": "Age",
    "off": 5821,
    "sff": "Eight-week-old"
  }
]
