[
  {
    "docID": "N230 Zhang 2011 2",
    "et": "Weight",
    "off": 5934,
    "sff": "200-220 g"
  },
  {
    "docID": "N230 Zhang 2011 2",
    "et": "Weight",
    "off": 10626,
    "sff": "0.5 mg"
  },
  {
    "docID": "N230 Zhang 2011 2",
    "et": "RatModel",
    "off": 26607,
    "sff": "rat"
  },
  {
    "docID": "N230 Zhang 2011 2",
    "et": "RatModel",
    "off": 84,
    "sff": "rat"
  },
  {
    "docID": "N230 Zhang 2011 2",
    "et": "RatModel",
    "off": 13675,
    "sff": "rat"
  },
  {
    "docID": "N230 Zhang 2011 2",
    "et": "RatModel",
    "off": 33548,
    "sff": "rat"
  },
  {
    "docID": "N230 Zhang 2011 2",
    "et": "AnimalSpecies",
    "off": 33350,
    "sff": "species"
  },
  {
    "docID": "N230 Zhang 2011 2",
    "et": "NewZealandRabbit",
    "off": 6099,
    "sff": "New"
  },
  {
    "docID": "N230 Zhang 2011 2",
    "et": "NewZealandRabbit",
    "off": 33383,
    "sff": "new"
  },
  {
    "docID": "N230 Zhang 2011 2",
    "et": "Young",
    "off": 3881,
    "sff": "Young"
  },
  {
    "docID": "N230 Zhang 2011 2",
    "et": "Young",
    "off": 6153,
    "sff": "Young"
  },
  {
    "docID": "N230 Zhang 2011 2",
    "et": "Young",
    "off": 7279,
    "sff": "young"
  },
  {
    "docID": "N230 Zhang 2011 2",
    "et": "Young",
    "off": 24149,
    "sff": "young"
  },
  {
    "docID": "N230 Zhang 2011 2",
    "et": "Young",
    "off": 31818,
    "sff": "young"
  },
  {
    "docID": "N230 Zhang 2011 2",
    "et": "Young",
    "off": 21321,
    "sff": "young"
  },
  {
    "docID": "N230 Zhang 2011 2",
    "et": "Young",
    "off": 17096,
    "sff": "young"
  },
  {
    "docID": "N230 Zhang 2011 2",
    "et": "Young",
    "off": 21031,
    "sff": "young"
  },
  {
    "docID": "N230 Zhang 2011 2",
    "et": "Young",
    "off": 27437,
    "sff": "young"
  },
  {
    "docID": "N230 Zhang 2011 2",
    "et": "Young",
    "off": 13376,
    "sff": "young"
  },
  {
    "docID": "N230 Zhang 2011 2",
    "et": "Young",
    "off": 21183,
    "sff": "young"
  },
  {
    "docID": "N230 Zhang 2011 2",
    "et": "Young",
    "off": 23620,
    "sff": "young"
  },
  {
    "docID": "N230 Zhang 2011 2",
    "et": "Young",
    "off": 32319,
    "sff": "Young"
  },
  {
    "docID": "N230 Zhang 2011 2",
    "et": "Young",
    "off": 34206,
    "sff": "young"
  },
  {
    "docID": "N230 Zhang 2011 2",
    "et": "RatSpecies",
    "off": 84,
    "sff": "rat"
  },
  {
    "docID": "N230 Zhang 2011 2",
    "et": "RatSpecies",
    "off": 13675,
    "sff": "rat"
  },
  {
    "docID": "N230 Zhang 2011 2",
    "et": "RatSpecies",
    "off": 33548,
    "sff": "rat"
  },
  {
    "docID": "N230 Zhang 2011 2",
    "et": "RatSpecies",
    "off": 26607,
    "sff": "rat"
  },
  {
    "docID": "N230 Zhang 2011 2",
    "et": "Adult",
    "off": 32402,
    "sff": "adult"
  },
  {
    "docID": "N230 Zhang 2011 2",
    "et": "Adult",
    "off": 5897,
    "sff": "Adult"
  },
  {
    "docID": "N230 Zhang 2011 2",
    "et": "Adult",
    "off": 24206,
    "sff": "mature"
  },
  {
    "docID": "N230 Zhang 2011 2",
    "et": "Adult",
    "off": 31840,
    "sff": "mature"
  },
  {
    "docID": "N230 Zhang 2011 2",
    "et": "Adult",
    "off": 17151,
    "sff": "mature"
  },
  {
    "docID": "N230 Zhang 2011 2",
    "et": "LongEvansRat",
    "off": 5911,
    "sff": "Long-Evans"
  },
  {
    "docID": "N230 Zhang 2011 2",
    "et": "LongEvansRat",
    "off": 7292,
    "sff": "Long-Evans rats"
  },
  {
    "docID": "N230 Zhang 2011 2",
    "et": "LongEvansRat",
    "off": 7292,
    "sff": "Long-Evans"
  },
  {
    "docID": "N230 Zhang 2011 2",
    "et": "LongEvansRat",
    "off": 5911,
    "sff": "Long-Evans rats"
  },
  {
    "docID": "N230 Zhang 2011 2",
    "et": "LongEvansRat",
    "off": 8891,
    "sff": "long"
  },
  {
    "docID": "N230 Zhang 2011 2",
    "et": "LongEvansRat",
    "off": 32222,
    "sff": "long"
  },
  {
    "docID": "N230 Zhang 2011 2",
    "et": "LongEvansRat",
    "off": 26857,
    "sff": "long"
  },
  {
    "docID": "N230 Zhang 2011 2",
    "et": "Female",
    "off": 7285,
    "sff": "female"
  },
  {
    "docID": "N230 Zhang 2011 2",
    "et": "Female",
    "off": 5904,
    "sff": "female"
  },
  {
    "docID": "N230 Zhang 2011 2",
    "et": "Age",
    "off": 16827,
    "sff": "8 weeks"
  },
  {
    "docID": "N230 Zhang 2011 2",
    "et": "Age",
    "off": 6686,
    "sff": "8 weeks"
  },
  {
    "docID": "N230 Zhang 2011 2",
    "et": "Age",
    "off": 3376,
    "sff": "one week"
  },
  {
    "docID": "N230 Zhang 2011 2",
    "et": "Age",
    "off": 14476,
    "sff": "2 weeks"
  },
  {
    "docID": "N230 Zhang 2011 2",
    "et": "Age",
    "off": 4179,
    "sff": "6 weeks"
  },
  {
    "docID": "N230 Zhang 2011 2",
    "et": "Age",
    "off": 7880,
    "sff": "six weeks"
  },
  {
    "docID": "N230 Zhang 2011 2",
    "et": "Age",
    "off": 2530,
    "sff": "Two weeks"
  },
  {
    "docID": "N230 Zhang 2011 2",
    "et": "Age",
    "off": 12602,
    "sff": "6 weeks"
  },
  {
    "docID": "N230 Zhang 2011 2",
    "et": "Age",
    "off": 715,
    "sff": "14 weeks"
  },
  {
    "docID": "N230 Zhang 2011 2",
    "et": "Age",
    "off": 6316,
    "sff": "2 days"
  },
  {
    "docID": "N230 Zhang 2011 2",
    "et": "Age",
    "off": 6497,
    "sff": "7 days"
  },
  {
    "docID": "N230 Zhang 2011 2",
    "et": "Age",
    "off": 6650,
    "sff": "six weeks"
  },
  {
    "docID": "N230 Zhang 2011 2",
    "et": "Age",
    "off": 808,
    "sff": "8 weeks"
  },
  {
    "docID": "N230 Zhang 2011 2",
    "et": "Age",
    "off": 8500,
    "sff": "150 W"
  },
  {
    "docID": "N230 Zhang 2011 2",
    "et": "Age",
    "off": 15203,
    "sff": "6 weeks"
  },
  {
    "docID": "N230 Zhang 2011 2",
    "et": "Age",
    "off": 16341,
    "sff": "14 weeks"
  },
  {
    "docID": "N230 Zhang 2011 2",
    "et": "Age",
    "off": 28789,
    "sff": "two weeks"
  },
  {
    "docID": "N230 Zhang 2011 2",
    "et": "Age",
    "off": 6395,
    "sff": "7 days"
  },
  {
    "docID": "N230 Zhang 2011 2",
    "et": "Age",
    "off": 11595,
    "sff": "6 weeks"
  },
  {
    "docID": "N230 Zhang 2011 2",
    "et": "Age",
    "off": 19064,
    "sff": "Eight weeks"
  },
  {
    "docID": "N230 Zhang 2011 2",
    "et": "Age",
    "off": 24280,
    "sff": "Eight weeks"
  },
  {
    "docID": "N230 Zhang 2011 2",
    "et": "Age",
    "off": 25752,
    "sff": "Eight weeks"
  }
]
