[
  {
    "docID": "N231 Zhang 2011",
    "et": "Weight",
    "off": 35684,
    "sff": "400×g"
  },
  {
    "docID": "N231 Zhang 2011",
    "et": "Weight",
    "off": 43384,
    "sff": "0.5 mg"
  },
  {
    "docID": "N231 Zhang 2011",
    "et": "Weight",
    "off": 32012,
    "sff": "200–220 g"
  },
  {
    "docID": "N231 Zhang 2011",
    "et": "Weight",
    "off": 37678,
    "sff": "10 g"
  },
  {
    "docID": "N231 Zhang 2011",
    "et": "RatModel",
    "off": 22151,
    "sff": "rat"
  },
  {
    "docID": "N231 Zhang 2011",
    "et": "RatModel",
    "off": 35239,
    "sff": "rat"
  },
  {
    "docID": "N231 Zhang 2011",
    "et": "RatModel",
    "off": 26024,
    "sff": "rat"
  },
  {
    "docID": "N231 Zhang 2011",
    "et": "RatModel",
    "off": 14762,
    "sff": "rat"
  },
  {
    "docID": "N231 Zhang 2011",
    "et": "RatModel",
    "off": 28588,
    "sff": "rat"
  },
  {
    "docID": "N231 Zhang 2011",
    "et": "RatModel",
    "off": 31068,
    "sff": "rat"
  },
  {
    "docID": "N231 Zhang 2011",
    "et": "RatModel",
    "off": 3791,
    "sff": "rat"
  },
  {
    "docID": "N231 Zhang 2011",
    "et": "RatModel",
    "off": 41503,
    "sff": "rat"
  },
  {
    "docID": "N231 Zhang 2011",
    "et": "RatModel",
    "off": 6973,
    "sff": "rat"
  },
  {
    "docID": "N231 Zhang 2011",
    "et": "RatModel",
    "off": 6795,
    "sff": "rat"
  },
  {
    "docID": "N231 Zhang 2011",
    "et": "RatModel",
    "off": 37266,
    "sff": "rat"
  },
  {
    "docID": "N231 Zhang 2011",
    "et": "RatModel",
    "off": 298,
    "sff": "rat"
  },
  {
    "docID": "N231 Zhang 2011",
    "et": "NewZealandRabbit",
    "off": 37312,
    "sff": "New"
  },
  {
    "docID": "N231 Zhang 2011",
    "et": "NewZealandRabbit",
    "off": 30567,
    "sff": "new"
  },
  {
    "docID": "N231 Zhang 2011",
    "et": "RabbitSpecies",
    "off": 36618,
    "sff": "rabbit"
  },
  {
    "docID": "N231 Zhang 2011",
    "et": "Young",
    "off": 37846,
    "sff": "Young"
  },
  {
    "docID": "N231 Zhang 2011",
    "et": "Young",
    "off": 30373,
    "sff": "Young"
  },
  {
    "docID": "N231 Zhang 2011",
    "et": "Young",
    "off": 15680,
    "sff": "young"
  },
  {
    "docID": "N231 Zhang 2011",
    "et": "SpragueDawleyRat",
    "off": 41427,
    "sff": "Sprague–Dawley"
  },
  {
    "docID": "N231 Zhang 2011",
    "et": "SpragueDawleyRat",
    "off": 41427,
    "sff": "Sprague–Dawley rats"
  },
  {
    "docID": "N231 Zhang 2011",
    "et": "MouseModel",
    "off": 34491,
    "sff": "Mouse"
  },
  {
    "docID": "N231 Zhang 2011",
    "et": "RabbitModel",
    "off": 36618,
    "sff": "rabbit"
  },
  {
    "docID": "N231 Zhang 2011",
    "et": "RatSpecies",
    "off": 26024,
    "sff": "rat"
  },
  {
    "docID": "N231 Zhang 2011",
    "et": "RatSpecies",
    "off": 22151,
    "sff": "rat"
  },
  {
    "docID": "N231 Zhang 2011",
    "et": "RatSpecies",
    "off": 35239,
    "sff": "rat"
  },
  {
    "docID": "N231 Zhang 2011",
    "et": "RatSpecies",
    "off": 37266,
    "sff": "rat"
  },
  {
    "docID": "N231 Zhang 2011",
    "et": "RatSpecies",
    "off": 3791,
    "sff": "rat"
  },
  {
    "docID": "N231 Zhang 2011",
    "et": "RatSpecies",
    "off": 41503,
    "sff": "rat"
  },
  {
    "docID": "N231 Zhang 2011",
    "et": "RatSpecies",
    "off": 28588,
    "sff": "rat"
  },
  {
    "docID": "N231 Zhang 2011",
    "et": "RatSpecies",
    "off": 31068,
    "sff": "rat"
  },
  {
    "docID": "N231 Zhang 2011",
    "et": "RatSpecies",
    "off": 6973,
    "sff": "rat"
  },
  {
    "docID": "N231 Zhang 2011",
    "et": "RatSpecies",
    "off": 298,
    "sff": "rat"
  },
  {
    "docID": "N231 Zhang 2011",
    "et": "RatSpecies",
    "off": 14762,
    "sff": "rat"
  },
  {
    "docID": "N231 Zhang 2011",
    "et": "RatSpecies",
    "off": 6795,
    "sff": "rat"
  },
  {
    "docID": "N231 Zhang 2011",
    "et": "MouseSpecies",
    "off": 34491,
    "sff": "Mouse"
  },
  {
    "docID": "N231 Zhang 2011",
    "et": "Adult",
    "off": 35295,
    "sff": "adult"
  },
  {
    "docID": "N231 Zhang 2011",
    "et": "Adult",
    "off": 24734,
    "sff": "adult"
  },
  {
    "docID": "N231 Zhang 2011",
    "et": "Adult",
    "off": 31974,
    "sff": "Adult"
  },
  {
    "docID": "N231 Zhang 2011",
    "et": "Adult",
    "off": 5802,
    "sff": "adult"
  },
  {
    "docID": "N231 Zhang 2011",
    "et": "Adult",
    "off": 905,
    "sff": "adult"
  },
  {
    "docID": "N231 Zhang 2011",
    "et": "LongEvansRat",
    "off": 31987,
    "sff": "Long–Evans rats"
  },
  {
    "docID": "N231 Zhang 2011",
    "et": "LongEvansRat",
    "off": 31987,
    "sff": "Long–Evans"
  },
  {
    "docID": "N231 Zhang 2011",
    "et": "LongEvansRat",
    "off": 41507,
    "sff": "Long–Evans"
  },
  {
    "docID": "N231 Zhang 2011",
    "et": "LongEvansRat",
    "off": 40349,
    "sff": "long"
  },
  {
    "docID": "N231 Zhang 2011",
    "et": "LongEvansRat",
    "off": 35301,
    "sff": "Long–Evans"
  },
  {
    "docID": "N231 Zhang 2011",
    "et": "LongEvansRat",
    "off": 918,
    "sff": "Long–Evans rats"
  },
  {
    "docID": "N231 Zhang 2011",
    "et": "LongEvansRat",
    "off": 16711,
    "sff": "long"
  },
  {
    "docID": "N231 Zhang 2011",
    "et": "LongEvansRat",
    "off": 918,
    "sff": "Long–Evans"
  },
  {
    "docID": "N231 Zhang 2011",
    "et": "Female",
    "off": 911,
    "sff": "female"
  },
  {
    "docID": "N231 Zhang 2011",
    "et": "Female",
    "off": 31980,
    "sff": "female"
  },
  {
    "docID": "N231 Zhang 2011",
    "et": "Age",
    "off": 32428,
    "sff": "6 weeks"
  },
  {
    "docID": "N231 Zhang 2011",
    "et": "Age",
    "off": 14896,
    "sff": "6 weeks"
  },
  {
    "docID": "N231 Zhang 2011",
    "et": "Age",
    "off": 18386,
    "sff": "4D"
  },
  {
    "docID": "N231 Zhang 2011",
    "et": "Age",
    "off": 13011,
    "sff": "16 weeks"
  },
  {
    "docID": "N231 Zhang 2011",
    "et": "Age",
    "off": 26223,
    "sff": "two months"
  },
  {
    "docID": "N231 Zhang 2011",
    "et": "Age",
    "off": 45568,
    "sff": "7 days"
  },
  {
    "docID": "N231 Zhang 2011",
    "et": "Age",
    "off": 10684,
    "sff": "22w"
  },
  {
    "docID": "N231 Zhang 2011",
    "et": "Age",
    "off": 32892,
    "sff": "22 weeks"
  },
  {
    "docID": "N231 Zhang 2011",
    "et": "Age",
    "off": 14974,
    "sff": "22 weeks"
  },
  {
    "docID": "N231 Zhang 2011",
    "et": "Age",
    "off": 12918,
    "sff": "0w"
  },
  {
    "docID": "N231 Zhang 2011",
    "et": "Age",
    "off": 24948,
    "sff": "22 weeks"
  },
  {
    "docID": "N231 Zhang 2011",
    "et": "Age",
    "off": 21227,
    "sff": "16 weeks"
  },
  {
    "docID": "N231 Zhang 2011",
    "et": "Age",
    "off": 19566,
    "sff": "16 weeks"
  },
  {
    "docID": "N231 Zhang 2011",
    "et": "Age",
    "off": 39458,
    "sff": "150 W"
  },
  {
    "docID": "N231 Zhang 2011",
    "et": "Age",
    "off": 11530,
    "sff": "22 weeks"
  },
  {
    "docID": "N231 Zhang 2011",
    "et": "Age",
    "off": 27700,
    "sff": "4D"
  },
  {
    "docID": "N231 Zhang 2011",
    "et": "Age",
    "off": 17361,
    "sff": "6 weeks"
  },
  {
    "docID": "N231 Zhang 2011",
    "et": "Age",
    "off": 26560,
    "sff": "two weeks"
  },
  {
    "docID": "N231 Zhang 2011",
    "et": "Age",
    "off": 16778,
    "sff": "6w"
  },
  {
    "docID": "N231 Zhang 2011",
    "et": "Age",
    "off": 16789,
    "sff": "22w"
  },
  {
    "docID": "N231 Zhang 2011",
    "et": "Age",
    "off": 41803,
    "sff": "8 weeks"
  },
  {
    "docID": "N231 Zhang 2011",
    "et": "Age",
    "off": 10908,
    "sff": "22w"
  },
  {
    "docID": "N231 Zhang 2011",
    "et": "Age",
    "off": 35899,
    "sff": "4–7 days"
  },
  {
    "docID": "N231 Zhang 2011",
    "et": "Age",
    "off": 10640,
    "sff": "6w"
  },
  {
    "docID": "N231 Zhang 2011",
    "et": "Age",
    "off": 10651,
    "sff": "22w"
  },
  {
    "docID": "N231 Zhang 2011",
    "et": "Age",
    "off": 20834,
    "sff": "16 weeks"
  },
  {
    "docID": "N231 Zhang 2011",
    "et": "Age",
    "off": 27358,
    "sff": "6 weeks"
  },
  {
    "docID": "N231 Zhang 2011",
    "et": "Age",
    "off": 45560,
    "sff": "3 days"
  },
  {
    "docID": "N231 Zhang 2011",
    "et": "Age",
    "off": 18024,
    "sff": "16 weeks"
  },
  {
    "docID": "N231 Zhang 2011",
    "et": "Age",
    "off": 17007,
    "sff": "22w"
  },
  {
    "docID": "N231 Zhang 2011",
    "et": "Age",
    "off": 32365,
    "sff": "22w"
  },
  {
    "docID": "N231 Zhang 2011",
    "et": "Age",
    "off": 33003,
    "sff": "6w"
  },
  {
    "docID": "N231 Zhang 2011",
    "et": "Age",
    "off": 17838,
    "sff": "22 weeks"
  },
  {
    "docID": "N231 Zhang 2011",
    "et": "Age",
    "off": 38370,
    "sff": "two weeks"
  },
  {
    "docID": "N231 Zhang 2011",
    "et": "Age",
    "off": 37957,
    "sff": "2 days"
  },
  {
    "docID": "N231 Zhang 2011",
    "et": "Age",
    "off": 33021,
    "sff": "6 weeks"
  },
  {
    "docID": "N231 Zhang 2011",
    "et": "Age",
    "off": 19580,
    "sff": "22w"
  },
  {
    "docID": "N231 Zhang 2011",
    "et": "Age",
    "off": 33158,
    "sff": "8 weeks"
  },
  {
    "docID": "N231 Zhang 2011",
    "et": "Age",
    "off": 12922,
    "sff": "6 weeks"
  },
  {
    "docID": "N231 Zhang 2011",
    "et": "Age",
    "off": 12986,
    "sff": "22 weeks"
  },
  {
    "docID": "N231 Zhang 2011",
    "et": "Age",
    "off": 16381,
    "sff": "16 weeks"
  },
  {
    "docID": "N231 Zhang 2011",
    "et": "Age",
    "off": 11519,
    "sff": "6 weeks"
  },
  {
    "docID": "N231 Zhang 2011",
    "et": "Age",
    "off": 38616,
    "sff": "Six weeks"
  },
  {
    "docID": "N231 Zhang 2011",
    "et": "Age",
    "off": 41194,
    "sff": "2D"
  },
  {
    "docID": "N231 Zhang 2011",
    "et": "Age",
    "off": 9012,
    "sff": "Eight weeks"
  },
  {
    "docID": "N231 Zhang 2011",
    "et": "Age",
    "off": 27209,
    "sff": "22 weeks"
  },
  {
    "docID": "N231 Zhang 2011",
    "et": "Age",
    "off": 14064,
    "sff": "Eight weeks"
  },
  {
    "docID": "N231 Zhang 2011",
    "et": "Age",
    "off": 19651,
    "sff": "6w"
  },
  {
    "docID": "N231 Zhang 2011",
    "et": "Age",
    "off": 10955,
    "sff": "22w"
  },
  {
    "docID": "N231 Zhang 2011",
    "et": "Age",
    "off": 13999,
    "sff": "2D"
  },
  {
    "docID": "N231 Zhang 2011",
    "et": "Age",
    "off": 11571,
    "sff": "16 weeks"
  },
  {
    "docID": "N231 Zhang 2011",
    "et": "Age",
    "off": 38056,
    "sff": "one week"
  },
  {
    "docID": "N231 Zhang 2011",
    "et": "Age",
    "off": 10952,
    "sff": "6w"
  },
  {
    "docID": "N231 Zhang 2011",
    "et": "Age",
    "off": 13890,
    "sff": "2D"
  },
  {
    "docID": "N231 Zhang 2011",
    "et": "Age",
    "off": 800,
    "sff": "6 weeks"
  },
  {
    "docID": "N231 Zhang 2011",
    "et": "Age",
    "off": 11613,
    "sff": "22 weeks"
  },
  {
    "docID": "N231 Zhang 2011",
    "et": "Age",
    "off": 32927,
    "sff": "16 weeks"
  },
  {
    "docID": "N231 Zhang 2011",
    "et": "Age",
    "off": 45553,
    "sff": "1 day"
  },
  {
    "docID": "N231 Zhang 2011",
    "et": "Age",
    "off": 38289,
    "sff": "one week"
  },
  {
    "docID": "N231 Zhang 2011",
    "et": "Age",
    "off": 10965,
    "sff": "22 weeks"
  },
  {
    "docID": "N231 Zhang 2011",
    "et": "Age",
    "off": 19625,
    "sff": "6 weeks"
  },
  {
    "docID": "N231 Zhang 2011",
    "et": "Age",
    "off": 18701,
    "sff": "two weeks"
  }
]
