[
  {
    "docID": "N233 Zhang 2015",
    "et": "Weight",
    "off": 7096,
    "sff": "200–250 g"
  },
  {
    "docID": "N233 Zhang 2015",
    "et": "Weight",
    "off": 7575,
    "sff": "10.0 g"
  },
  {
    "docID": "N233 Zhang 2015",
    "et": "RatModel",
    "off": 9124,
    "sff": "rat"
  },
  {
    "docID": "N233 Zhang 2015",
    "et": "RatModel",
    "off": 13148,
    "sff": "rat"
  },
  {
    "docID": "N233 Zhang 2015",
    "et": "RatModel",
    "off": 4921,
    "sff": "rat"
  },
  {
    "docID": "N233 Zhang 2015",
    "et": "RabbitSpecies",
    "off": 12093,
    "sff": "rabbit"
  },
  {
    "docID": "N233 Zhang 2015",
    "et": "SpragueDawleyRat",
    "off": 7070,
    "sff": "Sprague Dawley"
  },
  {
    "docID": "N233 Zhang 2015",
    "et": "Mixed",
    "off": 16123,
    "sff": "mixed"
  },
  {
    "docID": "N233 Zhang 2015",
    "et": "Mixed",
    "off": 8201,
    "sff": "mixed"
  },
  {
    "docID": "N233 Zhang 2015",
    "et": "RabbitModel",
    "off": 12093,
    "sff": "rabbit"
  },
  {
    "docID": "N233 Zhang 2015",
    "et": "RatSpecies",
    "off": 4921,
    "sff": "rat"
  },
  {
    "docID": "N233 Zhang 2015",
    "et": "RatSpecies",
    "off": 9124,
    "sff": "rat"
  },
  {
    "docID": "N233 Zhang 2015",
    "et": "RatSpecies",
    "off": 13148,
    "sff": "rat"
  },
  {
    "docID": "N233 Zhang 2015",
    "et": "Male",
    "off": 7065,
    "sff": "male"
  },
  {
    "docID": "N233 Zhang 2015",
    "et": "Adult",
    "off": 6341,
    "sff": "adult"
  },
  {
    "docID": "N233 Zhang 2015",
    "et": "Adult",
    "off": 4882,
    "sff": "adult"
  },
  {
    "docID": "N233 Zhang 2015",
    "et": "Adult",
    "off": 6222,
    "sff": "adult"
  },
  {
    "docID": "N233 Zhang 2015",
    "et": "Adult",
    "off": 5055,
    "sff": "adult"
  },
  {
    "docID": "N233 Zhang 2015",
    "et": "Adult",
    "off": 2941,
    "sff": "adult"
  },
  {
    "docID": "N233 Zhang 2015",
    "et": "Adult",
    "off": 7059,
    "sff": "Adult"
  },
  {
    "docID": "N233 Zhang 2015",
    "et": "Age",
    "off": 1122,
    "sff": "3 weeks"
  },
  {
    "docID": "N233 Zhang 2015",
    "et": "Age",
    "off": 24505,
    "sff": "9 weeks"
  },
  {
    "docID": "N233 Zhang 2015",
    "et": "Age",
    "off": 13178,
    "sff": "9 weeks"
  },
  {
    "docID": "N233 Zhang 2015",
    "et": "Age",
    "off": 11005,
    "sff": "9 weeks"
  },
  {
    "docID": "N233 Zhang 2015",
    "et": "Age",
    "off": 14826,
    "sff": "3 weeks"
  },
  {
    "docID": "N233 Zhang 2015",
    "et": "Age",
    "off": 640,
    "sff": "9 weeks"
  },
  {
    "docID": "N233 Zhang 2015",
    "et": "Age",
    "off": 7871,
    "sff": "7 days"
  },
  {
    "docID": "N233 Zhang 2015",
    "et": "Age",
    "off": 20144,
    "sff": "1 week"
  },
  {
    "docID": "N233 Zhang 2015",
    "et": "Age",
    "off": 9091,
    "sff": "9 weeks"
  },
  {
    "docID": "N233 Zhang 2015",
    "et": "Age",
    "off": 16643,
    "sff": "9 weeks"
  },
  {
    "docID": "N233 Zhang 2015",
    "et": "Age",
    "off": 18475,
    "sff": "9-week"
  },
  {
    "docID": "N233 Zhang 2015",
    "et": "Age",
    "off": 15274,
    "sff": "9 weeks"
  },
  {
    "docID": "N233 Zhang 2015",
    "et": "Age",
    "off": 15246,
    "sff": "3 weeks"
  },
  {
    "docID": "N233 Zhang 2015",
    "et": "Age",
    "off": 17232,
    "sff": "3 weeks"
  },
  {
    "docID": "N233 Zhang 2015",
    "et": "Age",
    "off": 24525,
    "sff": "3 weeks"
  },
  {
    "docID": "N233 Zhang 2015",
    "et": "Age",
    "off": 16345,
    "sff": "3 weeks"
  },
  {
    "docID": "N233 Zhang 2015",
    "et": "Age",
    "off": 610,
    "sff": "1 week"
  },
  {
    "docID": "N233 Zhang 2015",
    "et": "Age",
    "off": 18226,
    "sff": "9 weeks"
  },
  {
    "docID": "N233 Zhang 2015",
    "et": "Age",
    "off": 15094,
    "sff": "9 weeks"
  },
  {
    "docID": "N233 Zhang 2015",
    "et": "Age",
    "off": 6738,
    "sff": "5–7 days"
  },
  {
    "docID": "N233 Zhang 2015",
    "et": "Age",
    "off": 18330,
    "sff": "9 weeks"
  },
  {
    "docID": "N233 Zhang 2015",
    "et": "Age",
    "off": 15196,
    "sff": "9 weeks"
  },
  {
    "docID": "N233 Zhang 2015",
    "et": "Age",
    "off": 15744,
    "sff": "3 weeks"
  },
  {
    "docID": "N233 Zhang 2015",
    "et": "Age",
    "off": 17408,
    "sff": "3 weeks"
  },
  {
    "docID": "N233 Zhang 2015",
    "et": "Age",
    "off": 14207,
    "sff": "3 weeks"
  },
  {
    "docID": "N233 Zhang 2015",
    "et": "Age",
    "off": 15330,
    "sff": "9 weeks"
  },
  {
    "docID": "N233 Zhang 2015",
    "et": "Age",
    "off": 15302,
    "sff": "3 weeks"
  },
  {
    "docID": "N233 Zhang 2015",
    "et": "Age",
    "off": 18248,
    "sff": "3 weeks"
  },
  {
    "docID": "N233 Zhang 2015",
    "et": "Age",
    "off": 4553,
    "sff": "1 week"
  },
  {
    "docID": "N233 Zhang 2015",
    "et": "Age",
    "off": 1174,
    "sff": "9 weeks"
  },
  {
    "docID": "N233 Zhang 2015",
    "et": "Age",
    "off": 18103,
    "sff": "3 weeks"
  }
]
