[
  {
    "docID": "N234 Zhang 2016",
    "et": "Weight",
    "off": 7430,
    "sff": "200–250 g"
  },
  {
    "docID": "N234 Zhang 2016",
    "et": "Weight",
    "off": 7705,
    "sff": "10.0 g"
  },
  {
    "docID": "N234 Zhang 2016",
    "et": "RatModel",
    "off": 25230,
    "sff": "rat"
  },
  {
    "docID": "N234 Zhang 2016",
    "et": "NewZealandRabbit",
    "off": 6870,
    "sff": "new"
  },
  {
    "docID": "N234 Zhang 2016",
    "et": "RabbitSpecies",
    "off": 10218,
    "sff": "rabbit"
  },
  {
    "docID": "N234 Zhang 2016",
    "et": "RabbitSpecies",
    "off": 10345,
    "sff": "rabbit"
  },
  {
    "docID": "N234 Zhang 2016",
    "et": "RabbitSpecies",
    "off": 10420,
    "sff": "rabbit"
  },
  {
    "docID": "N234 Zhang 2016",
    "et": "SpragueDawleyRat",
    "off": 5131,
    "sff": "Sprague Dawley"
  },
  {
    "docID": "N234 Zhang 2016",
    "et": "Mixed",
    "off": 864,
    "sff": "Mixed"
  },
  {
    "docID": "N234 Zhang 2016",
    "et": "Mixed",
    "off": 8761,
    "sff": "mixed"
  },
  {
    "docID": "N234 Zhang 2016",
    "et": "MouseModel",
    "off": 10455,
    "sff": "mouse"
  },
  {
    "docID": "N234 Zhang 2016",
    "et": "MouseModel",
    "off": 10374,
    "sff": "mouse"
  },
  {
    "docID": "N234 Zhang 2016",
    "et": "MouseModel",
    "off": 10293,
    "sff": "mouse"
  },
  {
    "docID": "N234 Zhang 2016",
    "et": "RabbitModel",
    "off": 10218,
    "sff": "rabbit"
  },
  {
    "docID": "N234 Zhang 2016",
    "et": "RabbitModel",
    "off": 10345,
    "sff": "rabbit"
  },
  {
    "docID": "N234 Zhang 2016",
    "et": "RabbitModel",
    "off": 10420,
    "sff": "rabbit"
  },
  {
    "docID": "N234 Zhang 2016",
    "et": "RatSpecies",
    "off": 25230,
    "sff": "rat"
  },
  {
    "docID": "N234 Zhang 2016",
    "et": "MouseSpecies",
    "off": 10455,
    "sff": "mouse"
  },
  {
    "docID": "N234 Zhang 2016",
    "et": "MouseSpecies",
    "off": 10374,
    "sff": "mouse"
  },
  {
    "docID": "N234 Zhang 2016",
    "et": "MouseSpecies",
    "off": 10293,
    "sff": "mouse"
  },
  {
    "docID": "N234 Zhang 2016",
    "et": "Adult",
    "off": 5071,
    "sff": "adult"
  },
  {
    "docID": "N234 Zhang 2016",
    "et": "Adult",
    "off": 6254,
    "sff": "adult"
  },
  {
    "docID": "N234 Zhang 2016",
    "et": "Adult",
    "off": 30637,
    "sff": "mature"
  },
  {
    "docID": "N234 Zhang 2016",
    "et": "Adult",
    "off": 7408,
    "sff": "Adult"
  },
  {
    "docID": "N234 Zhang 2016",
    "et": "Adult",
    "off": 31594,
    "sff": "mature"
  },
  {
    "docID": "N234 Zhang 2016",
    "et": "LongEvansRat",
    "off": 13790,
    "sff": "long"
  },
  {
    "docID": "N234 Zhang 2016",
    "et": "LongEvansRat",
    "off": 12207,
    "sff": "long"
  },
  {
    "docID": "N234 Zhang 2016",
    "et": "Female",
    "off": 7414,
    "sff": "female"
  },
  {
    "docID": "N234 Zhang 2016",
    "et": "Age",
    "off": 12262,
    "sff": "1 week"
  },
  {
    "docID": "N234 Zhang 2016",
    "et": "Age",
    "off": 18326,
    "sff": "6 weeks"
  },
  {
    "docID": "N234 Zhang 2016",
    "et": "Age",
    "off": 19109,
    "sff": "1 week"
  },
  {
    "docID": "N234 Zhang 2016",
    "et": "Age",
    "off": 15905,
    "sff": "1 week"
  },
  {
    "docID": "N234 Zhang 2016",
    "et": "Age",
    "off": 16669,
    "sff": "1 week"
  },
  {
    "docID": "N234 Zhang 2016",
    "et": "Age",
    "off": 19357,
    "sff": "1 week"
  },
  {
    "docID": "N234 Zhang 2016",
    "et": "Age",
    "off": 16280,
    "sff": "1 week"
  },
  {
    "docID": "N234 Zhang 2016",
    "et": "Age",
    "off": 21848,
    "sff": "1 week"
  },
  {
    "docID": "N234 Zhang 2016",
    "et": "Age",
    "off": 6937,
    "sff": "4–5 weeks"
  },
  {
    "docID": "N234 Zhang 2016",
    "et": "Age",
    "off": 18516,
    "sff": "3 to 6 weeks"
  },
  {
    "docID": "N234 Zhang 2016",
    "et": "Age",
    "off": 24217,
    "sff": "1 week"
  },
  {
    "docID": "N234 Zhang 2016",
    "et": "Age",
    "off": 19494,
    "sff": "6 weeks"
  },
  {
    "docID": "N234 Zhang 2016",
    "et": "Age",
    "off": 14571,
    "sff": "6 weeks"
  },
  {
    "docID": "N234 Zhang 2016",
    "et": "Age",
    "off": 15916,
    "sff": "6 weeks"
  },
  {
    "docID": "N234 Zhang 2016",
    "et": "Age",
    "off": 20306,
    "sff": "1 week"
  },
  {
    "docID": "N234 Zhang 2016",
    "et": "Age",
    "off": 23402,
    "sff": "6 weeks"
  },
  {
    "docID": "N234 Zhang 2016",
    "et": "Age",
    "off": 954,
    "sff": "7 days"
  },
  {
    "docID": "N234 Zhang 2016",
    "et": "Age",
    "off": 19120,
    "sff": "6 weeks"
  },
  {
    "docID": "N234 Zhang 2016",
    "et": "Age",
    "off": 13838,
    "sff": "1 week"
  },
  {
    "docID": "N234 Zhang 2016",
    "et": "Age",
    "off": 16113,
    "sff": "6 weeks"
  },
  {
    "docID": "N234 Zhang 2016",
    "et": "Age",
    "off": 21129,
    "sff": "1 week"
  },
  {
    "docID": "N234 Zhang 2016",
    "et": "Age",
    "off": 17975,
    "sff": "6 weeks"
  },
  {
    "docID": "N234 Zhang 2016",
    "et": "Age",
    "off": 19895,
    "sff": "6 weeks"
  },
  {
    "docID": "N234 Zhang 2016",
    "et": "Age",
    "off": 24699,
    "sff": "6 weeks"
  },
  {
    "docID": "N234 Zhang 2016",
    "et": "Age",
    "off": 28438,
    "sff": "7 days"
  },
  {
    "docID": "N234 Zhang 2016",
    "et": "Age",
    "off": 6825,
    "sff": "7–10 days"
  },
  {
    "docID": "N234 Zhang 2016",
    "et": "Age",
    "off": 7951,
    "sff": "7 days"
  },
  {
    "docID": "N234 Zhang 2016",
    "et": "Age",
    "off": 14658,
    "sff": "6 weeks"
  },
  {
    "docID": "N234 Zhang 2016",
    "et": "Age",
    "off": 17203,
    "sff": "1 week"
  },
  {
    "docID": "N234 Zhang 2016",
    "et": "Age",
    "off": 11787,
    "sff": "6 weeks"
  },
  {
    "docID": "N234 Zhang 2016",
    "et": "Age",
    "off": 17585,
    "sff": "1 week"
  },
  {
    "docID": "N234 Zhang 2016",
    "et": "Age",
    "off": 24330,
    "sff": "6 weeks"
  },
  {
    "docID": "N234 Zhang 2016",
    "et": "Age",
    "off": 9708,
    "sff": "1 week"
  },
  {
    "docID": "N234 Zhang 2016",
    "et": "Age",
    "off": 24025,
    "sff": "One day"
  },
  {
    "docID": "N234 Zhang 2016",
    "et": "Age",
    "off": 18195,
    "sff": "6 weeks"
  }
]
