[
  {
    "docID": "N236 Akbari",
    "et": "Weight",
    "off": 516,
    "sff": "220–250 g"
  },
  {
    "docID": "N236 Akbari",
    "et": "Weight",
    "off": 8950,
    "sff": "80 mg"
  },
  {
    "docID": "N236 Akbari",
    "et": "Weight",
    "off": 4961,
    "sff": "220–250 g"
  },
  {
    "docID": "N236 Akbari",
    "et": "Weight",
    "off": 6001,
    "sff": "10 g"
  },
  {
    "docID": "N236 Akbari",
    "et": "RatModel",
    "off": 464,
    "sff": "rat"
  },
  {
    "docID": "N236 Akbari",
    "et": "AnimalSpecies",
    "off": 17766,
    "sff": "species"
  },
  {
    "docID": "N236 Akbari",
    "et": "AnimalSpecies",
    "off": 3000,
    "sff": "species"
  },
  {
    "docID": "N236 Akbari",
    "et": "NewZealandRabbit",
    "off": 16717,
    "sff": "new"
  },
  {
    "docID": "N236 Akbari",
    "et": "Mixed",
    "off": 8681,
    "sff": "mixed"
  },
  {
    "docID": "N236 Akbari",
    "et": "Mixed",
    "off": 8160,
    "sff": "mixed"
  },
  {
    "docID": "N236 Akbari",
    "et": "WistarRat",
    "off": 4948,
    "sff": "Wistar rats"
  },
  {
    "docID": "N236 Akbari",
    "et": "WistarRat",
    "off": 4948,
    "sff": "Wistar"
  },
  {
    "docID": "N236 Akbari",
    "et": "RatSpecies",
    "off": 464,
    "sff": "rat"
  },
  {
    "docID": "N236 Akbari",
    "et": "Male",
    "off": 505,
    "sff": "Male"
  },
  {
    "docID": "N236 Akbari",
    "et": "Male",
    "off": 4943,
    "sff": "male"
  },
  {
    "docID": "N236 Akbari",
    "et": "Adult",
    "off": 4937,
    "sff": "Adult"
  },
  {
    "docID": "N236 Akbari",
    "et": "Age",
    "off": 12328,
    "sff": "one week"
  },
  {
    "docID": "N236 Akbari",
    "et": "Age",
    "off": 10916,
    "sff": "7 d"
  },
  {
    "docID": "N236 Akbari",
    "et": "Age",
    "off": 11524,
    "sff": "7 d"
  },
  {
    "docID": "N236 Akbari",
    "et": "Age",
    "off": 963,
    "sff": "7 days"
  },
  {
    "docID": "N236 Akbari",
    "et": "Age",
    "off": 6691,
    "sff": "7 days"
  },
  {
    "docID": "N236 Akbari",
    "et": "Age",
    "off": 7043,
    "sff": "7 days"
  },
  {
    "docID": "N236 Akbari",
    "et": "Age",
    "off": 12118,
    "sff": "1 day"
  },
  {
    "docID": "N236 Akbari",
    "et": "Age",
    "off": 14947,
    "sff": "7 days"
  },
  {
    "docID": "N236 Akbari",
    "et": "Age",
    "off": 13556,
    "sff": "1 day"
  },
  {
    "docID": "N236 Akbari",
    "et": "Age",
    "off": 10994,
    "sff": "1 d"
  },
  {
    "docID": "N236 Akbari",
    "et": "Age",
    "off": 11605,
    "sff": "1 d"
  },
  {
    "docID": "N236 Akbari",
    "et": "Age",
    "off": 13042,
    "sff": "1 day"
  },
  {
    "docID": "N236 Akbari",
    "et": "Age",
    "off": 12858,
    "sff": "3 day"
  },
  {
    "docID": "N236 Akbari",
    "et": "Age",
    "off": 12140,
    "sff": "3 days"
  },
  {
    "docID": "N236 Akbari",
    "et": "Age",
    "off": 1202,
    "sff": "7 days"
  },
  {
    "docID": "N236 Akbari",
    "et": "Age",
    "off": 12610,
    "sff": "1 day"
  },
  {
    "docID": "N236 Akbari",
    "et": "Age",
    "off": 10605,
    "sff": "7 d"
  },
  {
    "docID": "N236 Akbari",
    "et": "Age",
    "off": 15775,
    "sff": "1 day"
  },
  {
    "docID": "N236 Akbari",
    "et": "Age",
    "off": 14685,
    "sff": "1 day"
  },
  {
    "docID": "N236 Akbari",
    "et": "Age",
    "off": 20199,
    "sff": "3 days"
  }
]
