[
  {
    "docID": "N237 dePaul",
    "et": "Weight",
    "off": 39358,
    "sff": "225–250 g"
  },
  {
    "docID": "N237 dePaul",
    "et": "Weight",
    "off": 37880,
    "sff": "225–250 g"
  },
  {
    "docID": "N237 dePaul",
    "et": "RatModel",
    "off": 26082,
    "sff": "rat"
  },
  {
    "docID": "N237 dePaul",
    "et": "RatModel",
    "off": 26570,
    "sff": "rat"
  },
  {
    "docID": "N237 dePaul",
    "et": "RatModel",
    "off": 38299,
    "sff": "rat"
  },
  {
    "docID": "N237 dePaul",
    "et": "SpragueDawleyRat",
    "off": 37859,
    "sff": "Sprague-Dawley rats"
  },
  {
    "docID": "N237 dePaul",
    "et": "SpragueDawleyRat",
    "off": 39337,
    "sff": "Sprague-Dawley"
  },
  {
    "docID": "N237 dePaul",
    "et": "SpragueDawleyRat",
    "off": 37859,
    "sff": "Sprague-Dawley"
  },
  {
    "docID": "N237 dePaul",
    "et": "SpragueDawleyRat",
    "off": 39337,
    "sff": "Sprague-Dawley rats"
  },
  {
    "docID": "N237 dePaul",
    "et": "Mixed",
    "off": 40543,
    "sff": "mixed"
  },
  {
    "docID": "N237 dePaul",
    "et": "RatSpecies",
    "off": 26082,
    "sff": "rat"
  },
  {
    "docID": "N237 dePaul",
    "et": "RatSpecies",
    "off": 26570,
    "sff": "rat"
  },
  {
    "docID": "N237 dePaul",
    "et": "RatSpecies",
    "off": 38299,
    "sff": "rat"
  },
  {
    "docID": "N237 dePaul",
    "et": "Adult",
    "off": 39324,
    "sff": "Adult"
  },
  {
    "docID": "N237 dePaul",
    "et": "Adult",
    "off": 4964,
    "sff": "mature"
  },
  {
    "docID": "N237 dePaul",
    "et": "Adult",
    "off": 16005,
    "sff": "Mature"
  },
  {
    "docID": "N237 dePaul",
    "et": "Adult",
    "off": 33231,
    "sff": "mature"
  },
  {
    "docID": "N237 dePaul",
    "et": "LongEvansRat",
    "off": 23886,
    "sff": "long"
  },
  {
    "docID": "N237 dePaul",
    "et": "LongEvansRat",
    "off": 31836,
    "sff": "long"
  },
  {
    "docID": "N237 dePaul",
    "et": "LongEvansRat",
    "off": 17233,
    "sff": "long"
  },
  {
    "docID": "N237 dePaul",
    "et": "LongEvansRat",
    "off": 28912,
    "sff": "long"
  },
  {
    "docID": "N237 dePaul",
    "et": "LongEvansRat",
    "off": 20006,
    "sff": "long"
  },
  {
    "docID": "N237 dePaul",
    "et": "Female",
    "off": 39330,
    "sff": "female"
  },
  {
    "docID": "N237 dePaul",
    "et": "Age",
    "off": 12952,
    "sff": "40 weeks"
  },
  {
    "docID": "N237 dePaul",
    "et": "Age",
    "off": 5722,
    "sff": "two months"
  },
  {
    "docID": "N237 dePaul",
    "et": "Age",
    "off": 26640,
    "sff": "8d"
  },
  {
    "docID": "N237 dePaul",
    "et": "Age",
    "off": 15735,
    "sff": "Eight weeks"
  },
  {
    "docID": "N237 dePaul",
    "et": "Age",
    "off": 12465,
    "sff": "eight weeks"
  },
  {
    "docID": "N237 dePaul",
    "et": "Age",
    "off": 38674,
    "sff": "40 weeks"
  },
  {
    "docID": "N237 dePaul",
    "et": "Age",
    "off": 116,
    "sff": "Eight weeks"
  },
  {
    "docID": "N237 dePaul",
    "et": "Age",
    "off": 37940,
    "sff": "Eight weeks"
  },
  {
    "docID": "N237 dePaul",
    "et": "Age",
    "off": 14405,
    "sff": "40 weeks"
  },
  {
    "docID": "N237 dePaul",
    "et": "Age",
    "off": 12490,
    "sff": "40 weeks"
  },
  {
    "docID": "N237 dePaul",
    "et": "Age",
    "off": 15113,
    "sff": "40 weeks"
  },
  {
    "docID": "N237 dePaul",
    "et": "Age",
    "off": 24865,
    "sff": "16 weeks"
  },
  {
    "docID": "N237 dePaul",
    "et": "Age",
    "off": 24323,
    "sff": "Eight weeks"
  },
  {
    "docID": "N237 dePaul",
    "et": "Age",
    "off": 12293,
    "sff": "eight weeks"
  },
  {
    "docID": "N237 dePaul",
    "et": "Age",
    "off": 21687,
    "sff": "5d"
  },
  {
    "docID": "N237 dePaul",
    "et": "Age",
    "off": 21823,
    "sff": "6 months"
  },
  {
    "docID": "N237 dePaul",
    "et": "Age",
    "off": 40451,
    "sff": "Eight weeks"
  },
  {
    "docID": "N237 dePaul",
    "et": "Age",
    "off": 6319,
    "sff": "two months"
  },
  {
    "docID": "N237 dePaul",
    "et": "Age",
    "off": 40402,
    "sff": "two-three weeks"
  },
  {
    "docID": "N237 dePaul",
    "et": "Age",
    "off": 12152,
    "sff": "40 weeks"
  },
  {
    "docID": "N237 dePaul",
    "et": "Age",
    "off": 25975,
    "sff": "40 weeks"
  },
  {
    "docID": "N237 dePaul",
    "et": "Age",
    "off": 35031,
    "sff": "two weeks"
  },
  {
    "docID": "N237 dePaul",
    "et": "Age",
    "off": 13932,
    "sff": "40 weeks"
  },
  {
    "docID": "N237 dePaul",
    "et": "Age",
    "off": 12629,
    "sff": "eight weeks"
  },
  {
    "docID": "N237 dePaul",
    "et": "Age",
    "off": 12654,
    "sff": "40 weeks"
  },
  {
    "docID": "N237 dePaul",
    "et": "Age",
    "off": 26927,
    "sff": "8d"
  },
  {
    "docID": "N237 dePaul",
    "et": "Age",
    "off": 24850,
    "sff": "eight weeks"
  },
  {
    "docID": "N237 dePaul",
    "et": "Age",
    "off": 12127,
    "sff": "eight weeks"
  },
  {
    "docID": "N237 dePaul",
    "et": "Age",
    "off": 21477,
    "sff": "eight weeks"
  },
  {
    "docID": "N237 dePaul",
    "et": "Age",
    "off": 12318,
    "sff": "40 weeks"
  },
  {
    "docID": "N237 dePaul",
    "et": "Age",
    "off": 26750,
    "sff": "8d"
  },
  {
    "docID": "N237 dePaul",
    "et": "Age",
    "off": 17145,
    "sff": "2d"
  },
  {
    "docID": "N237 dePaul",
    "et": "Age",
    "off": 11233,
    "sff": "40 weeks"
  },
  {
    "docID": "N237 dePaul",
    "et": "Age",
    "off": 42400,
    "sff": "40 weeks"
  }
]
