[
  {
    "docID": "N238 Janzedeh",
    "et": "Weight",
    "off": 6884,
    "sff": "100 g"
  },
  {
    "docID": "N238 Janzedeh",
    "et": "Weight",
    "off": 5870,
    "sff": "150–170 g"
  },
  {
    "docID": "N238 Janzedeh",
    "et": "Weight",
    "off": 20645,
    "sff": "2-G"
  },
  {
    "docID": "N238 Janzedeh",
    "et": "RatModel",
    "off": 9207,
    "sff": "rat"
  },
  {
    "docID": "N238 Janzedeh",
    "et": "RabbitSpecies",
    "off": 10889,
    "sff": "rabbit"
  },
  {
    "docID": "N238 Janzedeh",
    "et": "RabbitSpecies",
    "off": 12042,
    "sff": "Rabbit"
  },
  {
    "docID": "N238 Janzedeh",
    "et": "RabbitSpecies",
    "off": 10628,
    "sff": "Rabbit"
  },
  {
    "docID": "N238 Janzedeh",
    "et": "RabbitSpecies",
    "off": 11973,
    "sff": "Rabbit"
  },
  {
    "docID": "N238 Janzedeh",
    "et": "MouseModel",
    "off": 10850,
    "sff": "mouse"
  },
  {
    "docID": "N238 Janzedeh",
    "et": "RabbitModel",
    "off": 11973,
    "sff": "Rabbit"
  },
  {
    "docID": "N238 Janzedeh",
    "et": "RabbitModel",
    "off": 10628,
    "sff": "Rabbit"
  },
  {
    "docID": "N238 Janzedeh",
    "et": "RabbitModel",
    "off": 10889,
    "sff": "rabbit"
  },
  {
    "docID": "N238 Janzedeh",
    "et": "RabbitModel",
    "off": 12042,
    "sff": "Rabbit"
  },
  {
    "docID": "N238 Janzedeh",
    "et": "WistarRat",
    "off": 5761,
    "sff": "Wistar rats"
  },
  {
    "docID": "N238 Janzedeh",
    "et": "WistarRat",
    "off": 5857,
    "sff": "Wistar rats"
  },
  {
    "docID": "N238 Janzedeh",
    "et": "WistarRat",
    "off": 514,
    "sff": "Wistar rats"
  },
  {
    "docID": "N238 Janzedeh",
    "et": "WistarRat",
    "off": 5761,
    "sff": "Wistar"
  },
  {
    "docID": "N238 Janzedeh",
    "et": "WistarRat",
    "off": 5857,
    "sff": "Wistar"
  },
  {
    "docID": "N238 Janzedeh",
    "et": "WistarRat",
    "off": 514,
    "sff": "Wistar"
  },
  {
    "docID": "N238 Janzedeh",
    "et": "RatSpecies",
    "off": 9207,
    "sff": "rat"
  },
  {
    "docID": "N238 Janzedeh",
    "et": "Male",
    "off": 509,
    "sff": "male"
  },
  {
    "docID": "N238 Janzedeh",
    "et": "Male",
    "off": 5756,
    "sff": "male"
  },
  {
    "docID": "N238 Janzedeh",
    "et": "Male",
    "off": 5852,
    "sff": "male"
  },
  {
    "docID": "N238 Janzedeh",
    "et": "Male",
    "off": 104,
    "sff": "male"
  },
  {
    "docID": "N238 Janzedeh",
    "et": "MouseSpecies",
    "off": 10850,
    "sff": "mouse"
  },
  {
    "docID": "N238 Janzedeh",
    "et": "Adult",
    "off": 98,
    "sff": "adult"
  },
  {
    "docID": "N238 Janzedeh",
    "et": "Adult",
    "off": 5749,
    "sff": "mature"
  },
  {
    "docID": "N238 Janzedeh",
    "et": "Adult",
    "off": 26805,
    "sff": "mature"
  },
  {
    "docID": "N238 Janzedeh",
    "et": "Age",
    "off": 7169,
    "sff": "0.819 W"
  },
  {
    "docID": "N238 Janzedeh",
    "et": "Age",
    "off": 19383,
    "sff": "Two weeks"
  },
  {
    "docID": "N238 Janzedeh",
    "et": "Age",
    "off": 17305,
    "sff": "4 week"
  },
  {
    "docID": "N238 Janzedeh",
    "et": "Age",
    "off": 7300,
    "sff": "14 days"
  },
  {
    "docID": "N238 Janzedeh",
    "et": "Age",
    "off": 25919,
    "sff": "one week"
  },
  {
    "docID": "N238 Janzedeh",
    "et": "Age",
    "off": 3275,
    "sff": "one day"
  },
  {
    "docID": "N238 Janzedeh",
    "et": "Age",
    "off": 18101,
    "sff": "4 week"
  },
  {
    "docID": "N238 Janzedeh",
    "et": "Age",
    "off": 21605,
    "sff": "4D"
  },
  {
    "docID": "N238 Janzedeh",
    "et": "Age",
    "off": 20064,
    "sff": "Four weeks"
  },
  {
    "docID": "N238 Janzedeh",
    "et": "Age",
    "off": 25781,
    "sff": "one week"
  },
  {
    "docID": "N238 Janzedeh",
    "et": "Age",
    "off": 601,
    "sff": "two-weeks"
  },
  {
    "docID": "N238 Janzedeh",
    "et": "Age",
    "off": 7671,
    "sff": "Seven days"
  },
  {
    "docID": "N238 Janzedeh",
    "et": "Age",
    "off": 18916,
    "sff": "4 week"
  },
  {
    "docID": "N238 Janzedeh",
    "et": "Age",
    "off": 8849,
    "sff": "Four weeks"
  },
  {
    "docID": "N238 Janzedeh",
    "et": "Age",
    "off": 3310,
    "sff": "2 week"
  },
  {
    "docID": "N238 Janzedeh",
    "et": "Age",
    "off": 13602,
    "sff": "two weeks"
  },
  {
    "docID": "N238 Janzedeh",
    "et": "Age",
    "off": 6977,
    "sff": "4 weeks"
  }
]
