[
  {
    "docID": "N239 Lee",
    "et": "Weight",
    "off": 12795,
    "sff": "1500 g"
  },
  {
    "docID": "N239 Lee",
    "et": "Weight",
    "off": 4640,
    "sff": "300 g"
  },
  {
    "docID": "N239 Lee",
    "et": "Weight",
    "off": 6561,
    "sff": "9.54 ± 1.24 kg"
  },
  {
    "docID": "N239 Lee",
    "et": "CD1_Mouse",
    "off": 13586,
    "sff": "Cdk2"
  },
  {
    "docID": "N239 Lee",
    "et": "CD1_Mouse",
    "off": 11324,
    "sff": "Cdk2"
  },
  {
    "docID": "N239 Lee",
    "et": "DogSpecies",
    "off": 19243,
    "sff": "dog"
  },
  {
    "docID": "N239 Lee",
    "et": "DogSpecies",
    "off": 9891,
    "sff": "dog"
  },
  {
    "docID": "N239 Lee",
    "et": "DogModel",
    "off": 9891,
    "sff": "dog"
  },
  {
    "docID": "N239 Lee",
    "et": "DogModel",
    "off": 19243,
    "sff": "dog"
  },
  {
    "docID": "N239 Lee",
    "et": "Male",
    "off": 6592,
    "sff": "male"
  },
  {
    "docID": "N239 Lee",
    "et": "Female",
    "off": 6579,
    "sff": "female"
  },
  {
    "docID": "N239 Lee",
    "et": "Age",
    "off": 18726,
    "sff": "8 weeks"
  },
  {
    "docID": "N239 Lee",
    "et": "Age",
    "off": 17966,
    "sff": "Six days"
  },
  {
    "docID": "N239 Lee",
    "et": "Age",
    "off": 4209,
    "sff": "2-year-old"
  },
  {
    "docID": "N239 Lee",
    "et": "Age",
    "off": 9108,
    "sff": "3 weeks"
  },
  {
    "docID": "N239 Lee",
    "et": "Age",
    "off": 10430,
    "sff": "11-week"
  },
  {
    "docID": "N239 Lee",
    "et": "Age",
    "off": 28315,
    "sff": "3 weeks"
  },
  {
    "docID": "N239 Lee",
    "et": "Age",
    "off": 1183,
    "sff": "8 weeks"
  },
  {
    "docID": "N239 Lee",
    "et": "Age",
    "off": 2650,
    "sff": "4 weeks"
  },
  {
    "docID": "N239 Lee",
    "et": "Age",
    "off": 14457,
    "sff": "5 days"
  },
  {
    "docID": "N239 Lee",
    "et": "Age",
    "off": 23831,
    "sff": "1 week"
  },
  {
    "docID": "N239 Lee",
    "et": "Age",
    "off": 18425,
    "sff": "8 weeks"
  },
  {
    "docID": "N239 Lee",
    "et": "Age",
    "off": 25584,
    "sff": "Eight weeks"
  },
  {
    "docID": "N239 Lee",
    "et": "Age",
    "off": 10539,
    "sff": "8 weeks"
  },
  {
    "docID": "N239 Lee",
    "et": "Age",
    "off": 6512,
    "sff": "2- to 3-year-old"
  },
  {
    "docID": "N239 Lee",
    "et": "Age",
    "off": 15085,
    "sff": "8 weeks"
  },
  {
    "docID": "N239 Lee",
    "et": "Age",
    "off": 26542,
    "sff": "8 weeks"
  },
  {
    "docID": "N239 Lee",
    "et": "Age",
    "off": 18568,
    "sff": "4 weeks"
  },
  {
    "docID": "N239 Lee",
    "et": "Age",
    "off": 2606,
    "sff": "2 weeks"
  },
  {
    "docID": "N239 Lee",
    "et": "Age",
    "off": 20706,
    "sff": "4D"
  },
  {
    "docID": "N239 Lee",
    "et": "Age",
    "off": 23498,
    "sff": "8 weeks"
  },
  {
    "docID": "N239 Lee",
    "et": "Age",
    "off": 17019,
    "sff": "8 weeks"
  },
  {
    "docID": "N239 Lee",
    "et": "Age",
    "off": 22714,
    "sff": "3 weeks"
  },
  {
    "docID": "N239 Lee",
    "et": "Age",
    "off": 1024,
    "sff": "8 weeks"
  },
  {
    "docID": "N239 Lee",
    "et": "Age",
    "off": 701,
    "sff": "3 weeks"
  },
  {
    "docID": "N239 Lee",
    "et": "Age",
    "off": 14931,
    "sff": "8 weeks"
  },
  {
    "docID": "N239 Lee",
    "et": "Age",
    "off": 23801,
    "sff": "1 week"
  },
  {
    "docID": "N239 Lee",
    "et": "Age",
    "off": 14594,
    "sff": "Six days"
  },
  {
    "docID": "N239 Lee",
    "et": "Age",
    "off": 17958,
    "sff": "5 days"
  },
  {
    "docID": "N239 Lee",
    "et": "Age",
    "off": 16088,
    "sff": "8 weeks"
  },
  {
    "docID": "N239 Lee",
    "et": "Age",
    "off": 27963,
    "sff": "1 week"
  },
  {
    "docID": "N239 Lee",
    "et": "Age",
    "off": 5476,
    "sff": "2 days"
  },
  {
    "docID": "N239 Lee",
    "et": "Age",
    "off": 22423,
    "sff": "5D"
  },
  {
    "docID": "N239 Lee",
    "et": "Age",
    "off": 19469,
    "sff": "8 weeks"
  },
  {
    "docID": "N239 Lee",
    "et": "Age",
    "off": 17769,
    "sff": "5 days"
  },
  {
    "docID": "N239 Lee",
    "et": "Age",
    "off": 19793,
    "sff": "8 weeks"
  },
  {
    "docID": "N239 Lee",
    "et": "Age",
    "off": 6187,
    "sff": "7 days"
  },
  {
    "docID": "N239 Lee",
    "et": "Age",
    "off": 14802,
    "sff": "8 weeks"
  },
  {
    "docID": "N239 Lee",
    "et": "Age",
    "off": 17388,
    "sff": "2 days"
  }
]
