[
  {
    "docID": "N240 Pakulska",
    "et": "Weight",
    "off": 8120,
    "sff": "24.5 g"
  },
  {
    "docID": "N240 Pakulska",
    "et": "Weight",
    "off": 9653,
    "sff": "200-250 g"
  },
  {
    "docID": "N240 Pakulska",
    "et": "Weight",
    "off": 8366,
    "sff": "10 mg"
  },
  {
    "docID": "N240 Pakulska",
    "et": "RatModel",
    "off": 6091,
    "sff": "rat"
  },
  {
    "docID": "N240 Pakulska",
    "et": "RatModel",
    "off": 31499,
    "sff": "rat"
  },
  {
    "docID": "N240 Pakulska",
    "et": "RatModel",
    "off": 127,
    "sff": "rat"
  },
  {
    "docID": "N240 Pakulska",
    "et": "RatModel",
    "off": 453,
    "sff": "rat"
  },
  {
    "docID": "N240 Pakulska",
    "et": "RatModel",
    "off": 18900,
    "sff": "rat"
  },
  {
    "docID": "N240 Pakulska",
    "et": "NewZealandRabbit",
    "off": 25266,
    "sff": "new"
  },
  {
    "docID": "N240 Pakulska",
    "et": "NewZealandRabbit",
    "off": 2078,
    "sff": "new"
  },
  {
    "docID": "N240 Pakulska",
    "et": "RabbitSpecies",
    "off": 14761,
    "sff": "rabbit"
  },
  {
    "docID": "N240 Pakulska",
    "et": "SpragueDawleyRat",
    "off": 7861,
    "sff": "Sprague Dawley rats"
  },
  {
    "docID": "N240 Pakulska",
    "et": "SpragueDawleyRat",
    "off": 9632,
    "sff": "Sprague Dawley"
  },
  {
    "docID": "N240 Pakulska",
    "et": "SpragueDawleyRat",
    "off": 7861,
    "sff": "Sprague Dawley"
  },
  {
    "docID": "N240 Pakulska",
    "et": "SpragueDawleyRat",
    "off": 9632,
    "sff": "Sprague Dawley rats"
  },
  {
    "docID": "N240 Pakulska",
    "et": "MouseModel",
    "off": 14635,
    "sff": "mouse"
  },
  {
    "docID": "N240 Pakulska",
    "et": "MouseModel",
    "off": 14811,
    "sff": "mouse"
  },
  {
    "docID": "N240 Pakulska",
    "et": "MouseModel",
    "off": 7172,
    "sff": "mouse"
  },
  {
    "docID": "N240 Pakulska",
    "et": "RabbitModel",
    "off": 14761,
    "sff": "rabbit"
  },
  {
    "docID": "N240 Pakulska",
    "et": "RatSpecies",
    "off": 127,
    "sff": "rat"
  },
  {
    "docID": "N240 Pakulska",
    "et": "RatSpecies",
    "off": 18900,
    "sff": "rat"
  },
  {
    "docID": "N240 Pakulska",
    "et": "RatSpecies",
    "off": 453,
    "sff": "rat"
  },
  {
    "docID": "N240 Pakulska",
    "et": "RatSpecies",
    "off": 31499,
    "sff": "rat"
  },
  {
    "docID": "N240 Pakulska",
    "et": "RatSpecies",
    "off": 6091,
    "sff": "rat"
  },
  {
    "docID": "N240 Pakulska",
    "et": "MouseSpecies",
    "off": 14635,
    "sff": "mouse"
  },
  {
    "docID": "N240 Pakulska",
    "et": "MouseSpecies",
    "off": 14811,
    "sff": "mouse"
  },
  {
    "docID": "N240 Pakulska",
    "et": "MouseSpecies",
    "off": 7172,
    "sff": "mouse"
  },
  {
    "docID": "N240 Pakulska",
    "et": "LongEvansRat",
    "off": 30647,
    "sff": "long"
  },
  {
    "docID": "N240 Pakulska",
    "et": "Female",
    "off": 7854,
    "sff": "female"
  },
  {
    "docID": "N240 Pakulska",
    "et": "Female",
    "off": 9625,
    "sff": "female"
  },
  {
    "docID": "N240 Pakulska",
    "et": "Age",
    "off": 23020,
    "sff": "1D"
  },
  {
    "docID": "N240 Pakulska",
    "et": "Age",
    "off": 10749,
    "sff": "3 days"
  },
  {
    "docID": "N240 Pakulska",
    "et": "Age",
    "off": 32450,
    "sff": "four weeks"
  },
  {
    "docID": "N240 Pakulska",
    "et": "Age",
    "off": 25630,
    "sff": "2 weeks"
  },
  {
    "docID": "N240 Pakulska",
    "et": "Age",
    "off": 11039,
    "sff": "2 weeks"
  },
  {
    "docID": "N240 Pakulska",
    "et": "Age",
    "off": 35723,
    "sff": "two weeks"
  },
  {
    "docID": "N240 Pakulska",
    "et": "Age",
    "off": 5691,
    "sff": "7-day"
  },
  {
    "docID": "N240 Pakulska",
    "et": "Age",
    "off": 25238,
    "sff": "8 weeks"
  },
  {
    "docID": "N240 Pakulska",
    "et": "Age",
    "off": 20514,
    "sff": "2 weeks"
  },
  {
    "docID": "N240 Pakulska",
    "et": "Age",
    "off": 34113,
    "sff": "eight weeks"
  },
  {
    "docID": "N240 Pakulska",
    "et": "Age",
    "off": 25996,
    "sff": "8 weeks"
  },
  {
    "docID": "N240 Pakulska",
    "et": "Age",
    "off": 30357,
    "sff": "20 days"
  },
  {
    "docID": "N240 Pakulska",
    "et": "Age",
    "off": 26102,
    "sff": "2 weeks"
  },
  {
    "docID": "N240 Pakulska",
    "et": "Age",
    "off": 33683,
    "sff": "four days"
  },
  {
    "docID": "N240 Pakulska",
    "et": "Age",
    "off": 34671,
    "sff": "four to eight days"
  },
  {
    "docID": "N240 Pakulska",
    "et": "Age",
    "off": 25080,
    "sff": "2 weeks"
  },
  {
    "docID": "N240 Pakulska",
    "et": "Age",
    "off": 26119,
    "sff": "8 weeks"
  },
  {
    "docID": "N240 Pakulska",
    "et": "Age",
    "off": 26502,
    "sff": "8 weeks"
  },
  {
    "docID": "N240 Pakulska",
    "et": "Age",
    "off": 3475,
    "sff": "7 days"
  },
  {
    "docID": "N240 Pakulska",
    "et": "Age",
    "off": 24176,
    "sff": "one week"
  },
  {
    "docID": "N240 Pakulska",
    "et": "Age",
    "off": 12044,
    "sff": "3 days"
  },
  {
    "docID": "N240 Pakulska",
    "et": "Age",
    "off": 20211,
    "sff": "8 weeks"
  },
  {
    "docID": "N240 Pakulska",
    "et": "Age",
    "off": 18670,
    "sff": "7 to 28 days"
  },
  {
    "docID": "N240 Pakulska",
    "et": "Age",
    "off": 35800,
    "sff": "two weeks"
  },
  {
    "docID": "N240 Pakulska",
    "et": "Age",
    "off": 4547,
    "sff": "4 days"
  },
  {
    "docID": "N240 Pakulska",
    "et": "Age",
    "off": 29540,
    "sff": "one week"
  },
  {
    "docID": "N240 Pakulska",
    "et": "Age",
    "off": 11962,
    "sff": "5 days"
  },
  {
    "docID": "N240 Pakulska",
    "et": "Age",
    "off": 22719,
    "sff": "7 days"
  },
  {
    "docID": "N240 Pakulska",
    "et": "Age",
    "off": 5180,
    "sff": "7 days"
  },
  {
    "docID": "N240 Pakulska",
    "et": "Age",
    "off": 24542,
    "sff": "6 weeks"
  },
  {
    "docID": "N240 Pakulska",
    "et": "Age",
    "off": 8751,
    "sff": "3 days"
  },
  {
    "docID": "N240 Pakulska",
    "et": "Age",
    "off": 30103,
    "sff": "ten days"
  },
  {
    "docID": "N240 Pakulska",
    "et": "Age",
    "off": 22888,
    "sff": "28 days"
  },
  {
    "docID": "N240 Pakulska",
    "et": "Age",
    "off": 8269,
    "sff": "5%w"
  },
  {
    "docID": "N240 Pakulska",
    "et": "Age",
    "off": 18787,
    "sff": "28 days"
  },
  {
    "docID": "N240 Pakulska",
    "et": "Age",
    "off": 30017,
    "sff": "four days"
  },
  {
    "docID": "N240 Pakulska",
    "et": "Age",
    "off": 20966,
    "sff": "2 weeks"
  },
  {
    "docID": "N240 Pakulska",
    "et": "Age",
    "off": 23006,
    "sff": "28 days"
  },
  {
    "docID": "N240 Pakulska",
    "et": "Age",
    "off": 11607,
    "sff": "8 weeks"
  },
  {
    "docID": "N240 Pakulska",
    "et": "Age",
    "off": 11093,
    "sff": "8 weeks"
  },
  {
    "docID": "N240 Pakulska",
    "et": "Age",
    "off": 20194,
    "sff": "2 weeks"
  },
  {
    "docID": "N240 Pakulska",
    "et": "Age",
    "off": 9054,
    "sff": "28 days"
  },
  {
    "docID": "N240 Pakulska",
    "et": "Age",
    "off": 30208,
    "sff": "seven days"
  },
  {
    "docID": "N240 Pakulska",
    "et": "Age",
    "off": 21101,
    "sff": "2 weeks"
  },
  {
    "docID": "N240 Pakulska",
    "et": "Age",
    "off": 27891,
    "sff": "4D"
  },
  {
    "docID": "N240 Pakulska",
    "et": "Age",
    "off": 26736,
    "sff": "2 weeks"
  },
  {
    "docID": "N240 Pakulska",
    "et": "Age",
    "off": 21353,
    "sff": "2 weeks"
  },
  {
    "docID": "N240 Pakulska",
    "et": "Age",
    "off": 5952,
    "sff": "14 days"
  },
  {
    "docID": "N240 Pakulska",
    "et": "Age",
    "off": 30497,
    "sff": "8 week"
  },
  {
    "docID": "N240 Pakulska",
    "et": "Age",
    "off": 25907,
    "sff": "2 weeks"
  },
  {
    "docID": "N240 Pakulska",
    "et": "Age",
    "off": 34094,
    "sff": "two weeks"
  },
  {
    "docID": "N240 Pakulska",
    "et": "Age",
    "off": 30553,
    "sff": "eight weeks"
  },
  {
    "docID": "N240 Pakulska",
    "et": "Age",
    "off": 29736,
    "sff": "two-week"
  },
  {
    "docID": "N240 Pakulska",
    "et": "Age",
    "off": 29278,
    "sff": "eight weeks"
  },
  {
    "docID": "N240 Pakulska",
    "et": "Age",
    "off": 24919,
    "sff": "2D"
  }
]
