[
  {
    "docID": "N242 Suzuki",
    "et": "Weight",
    "off": 35105,
    "sff": "29.7 ± 2.2g"
  },
  {
    "docID": "N242 Suzuki",
    "et": "Weight",
    "off": 35130,
    "sff": "25.7 ± 1.9g"
  },
  {
    "docID": "N242 Suzuki",
    "et": "Weight",
    "off": 34903,
    "sff": "8.68g [0.49"
  },
  {
    "docID": "N242 Suzuki",
    "et": "Weight",
    "off": 35063,
    "sff": "37.4 ± 3.0g"
  },
  {
    "docID": "N242 Suzuki",
    "et": "Weight",
    "off": 5884,
    "sff": "15 to 20g"
  },
  {
    "docID": "N242 Suzuki",
    "et": "Weight",
    "off": 8918,
    "sff": "6.5g"
  },
  {
    "docID": "N242 Suzuki",
    "et": "Weight",
    "off": 35037,
    "sff": "39.4 ± 3.1g"
  },
  {
    "docID": "N242 Suzuki",
    "et": "Weight",
    "off": 34915,
    "sff": "16.86g"
  },
  {
    "docID": "N242 Suzuki",
    "et": "CD1_Mouse",
    "off": 6596,
    "sff": "CD1"
  },
  {
    "docID": "N242 Suzuki",
    "et": "CD1_Mouse",
    "off": 6688,
    "sff": "CD1 mouse"
  },
  {
    "docID": "N242 Suzuki",
    "et": "RatModel",
    "off": 5248,
    "sff": "rat"
  },
  {
    "docID": "N242 Suzuki",
    "et": "RatModel",
    "off": 4696,
    "sff": "rat"
  },
  {
    "docID": "N242 Suzuki",
    "et": "NewZealandRabbit",
    "off": 9419,
    "sff": "New"
  },
  {
    "docID": "N242 Suzuki",
    "et": "RabbitSpecies",
    "off": 16199,
    "sff": "rabbit"
  },
  {
    "docID": "N242 Suzuki",
    "et": "Mixed",
    "off": 19681,
    "sff": "mixed"
  },
  {
    "docID": "N242 Suzuki",
    "et": "MouseModel",
    "off": 11496,
    "sff": "Mouse"
  },
  {
    "docID": "N242 Suzuki",
    "et": "MouseModel",
    "off": 6692,
    "sff": "mouse"
  },
  {
    "docID": "N242 Suzuki",
    "et": "MouseModel",
    "off": 7411,
    "sff": "mouse"
  },
  {
    "docID": "N242 Suzuki",
    "et": "MouseModel",
    "off": 8757,
    "sff": "mouse"
  },
  {
    "docID": "N242 Suzuki",
    "et": "MouseModel",
    "off": 43050,
    "sff": "mouse"
  },
  {
    "docID": "N242 Suzuki",
    "et": "MouseModel",
    "off": 6512,
    "sff": "Mouse"
  },
  {
    "docID": "N242 Suzuki",
    "et": "MouseModel",
    "off": 5132,
    "sff": "mouse"
  },
  {
    "docID": "N242 Suzuki",
    "et": "MouseModel",
    "off": 14828,
    "sff": "mouse"
  },
  {
    "docID": "N242 Suzuki",
    "et": "MouseModel",
    "off": 10051,
    "sff": "Mouse"
  },
  {
    "docID": "N242 Suzuki",
    "et": "RabbitModel",
    "off": 16199,
    "sff": "rabbit"
  },
  {
    "docID": "N242 Suzuki",
    "et": "C57_BL6_Mouse",
    "off": 20430,
    "sff": "C57/BL6 mice"
  },
  {
    "docID": "N242 Suzuki",
    "et": "C57_BL6_Mouse",
    "off": 5870,
    "sff": "C57BL/6 mice"
  },
  {
    "docID": "N242 Suzuki",
    "et": "C57_BL6_Mouse",
    "off": 20430,
    "sff": "C57/BL6"
  },
  {
    "docID": "N242 Suzuki",
    "et": "C57_BL6_Mouse",
    "off": 5870,
    "sff": "C57BL/6"
  },
  {
    "docID": "N242 Suzuki",
    "et": "RatSpecies",
    "off": 4696,
    "sff": "rat"
  },
  {
    "docID": "N242 Suzuki",
    "et": "RatSpecies",
    "off": 5248,
    "sff": "rat"
  },
  {
    "docID": "N242 Suzuki",
    "et": "CD2_Mouse",
    "off": 6688,
    "sff": "CD1 mouse"
  },
  {
    "docID": "N242 Suzuki",
    "et": "CD2_Mouse",
    "off": 6596,
    "sff": "CD1"
  },
  {
    "docID": "N242 Suzuki",
    "et": "MouseSpecies",
    "off": 11496,
    "sff": "Mouse"
  },
  {
    "docID": "N242 Suzuki",
    "et": "MouseSpecies",
    "off": 5132,
    "sff": "mouse"
  },
  {
    "docID": "N242 Suzuki",
    "et": "MouseSpecies",
    "off": 14828,
    "sff": "mouse"
  },
  {
    "docID": "N242 Suzuki",
    "et": "MouseSpecies",
    "off": 10051,
    "sff": "Mouse"
  },
  {
    "docID": "N242 Suzuki",
    "et": "MouseSpecies",
    "off": 43050,
    "sff": "mouse"
  },
  {
    "docID": "N242 Suzuki",
    "et": "MouseSpecies",
    "off": 6512,
    "sff": "Mouse"
  },
  {
    "docID": "N242 Suzuki",
    "et": "MouseSpecies",
    "off": 8757,
    "sff": "mouse"
  },
  {
    "docID": "N242 Suzuki",
    "et": "MouseSpecies",
    "off": 6692,
    "sff": "mouse"
  },
  {
    "docID": "N242 Suzuki",
    "et": "MouseSpecies",
    "off": 7411,
    "sff": "mouse"
  },
  {
    "docID": "N242 Suzuki",
    "et": "Adult",
    "off": 30888,
    "sff": "mature"
  },
  {
    "docID": "N242 Suzuki",
    "et": "Adult",
    "off": 5828,
    "sff": "adult"
  },
  {
    "docID": "N242 Suzuki",
    "et": "Adult",
    "off": 14630,
    "sff": "mature"
  },
  {
    "docID": "N242 Suzuki",
    "et": "Adult",
    "off": 29926,
    "sff": "mature"
  },
  {
    "docID": "N242 Suzuki",
    "et": "LongEvansRat",
    "off": 25917,
    "sff": "long"
  },
  {
    "docID": "N242 Suzuki",
    "et": "LongEvansRat",
    "off": 41882,
    "sff": "long"
  },
  {
    "docID": "N242 Suzuki",
    "et": "LongEvansRat",
    "off": 40809,
    "sff": "long"
  },
  {
    "docID": "N242 Suzuki",
    "et": "Female",
    "off": 5852,
    "sff": "female"
  },
  {
    "docID": "N242 Suzuki",
    "et": "Age",
    "off": 9695,
    "sff": "7 weeks"
  },
  {
    "docID": "N242 Suzuki",
    "et": "Age",
    "off": 7701,
    "sff": "21 days"
  },
  {
    "docID": "N242 Suzuki",
    "et": "Age",
    "off": 20642,
    "sff": "One week"
  },
  {
    "docID": "N242 Suzuki",
    "et": "Age",
    "off": 12672,
    "sff": "Eight weeks"
  },
  {
    "docID": "N242 Suzuki",
    "et": "Age",
    "off": 24670,
    "sff": "7 weeks"
  },
  {
    "docID": "N242 Suzuki",
    "et": "Age",
    "off": 24758,
    "sff": "16 weeks"
  },
  {
    "docID": "N242 Suzuki",
    "et": "Age",
    "off": 6255,
    "sff": "Six weeks"
  },
  {
    "docID": "N242 Suzuki",
    "et": "Age",
    "off": 8060,
    "sff": "7 days"
  },
  {
    "docID": "N242 Suzuki",
    "et": "Age",
    "off": 21040,
    "sff": "16 weeks"
  },
  {
    "docID": "N242 Suzuki",
    "et": "Age",
    "off": 9438,
    "sff": "2 days"
  },
  {
    "docID": "N242 Suzuki",
    "et": "Age",
    "off": 9464,
    "sff": "3 days"
  },
  {
    "docID": "N242 Suzuki",
    "et": "Age",
    "off": 11227,
    "sff": "2 days"
  },
  {
    "docID": "N242 Suzuki",
    "et": "Age",
    "off": 35551,
    "sff": "3 weeks"
  },
  {
    "docID": "N242 Suzuki",
    "et": "Age",
    "off": 2412,
    "sff": "25 year-old"
  },
  {
    "docID": "N242 Suzuki",
    "et": "Age",
    "off": 34977,
    "sff": "16 weeks"
  },
  {
    "docID": "N242 Suzuki",
    "et": "Age",
    "off": 1174,
    "sff": "one week"
  },
  {
    "docID": "N242 Suzuki",
    "et": "Age",
    "off": 21466,
    "sff": "16 weeks"
  },
  {
    "docID": "N242 Suzuki",
    "et": "Age",
    "off": 31429,
    "sff": "5D"
  },
  {
    "docID": "N242 Suzuki",
    "et": "Age",
    "off": 1073,
    "sff": "Seven weeks"
  },
  {
    "docID": "N242 Suzuki",
    "et": "Age",
    "off": 21440,
    "sff": "8 weeks"
  },
  {
    "docID": "N242 Suzuki",
    "et": "Age",
    "off": 32303,
    "sff": "8 weeks"
  },
  {
    "docID": "N242 Suzuki",
    "et": "Age",
    "off": 21066,
    "sff": "16 weeks"
  },
  {
    "docID": "N242 Suzuki",
    "et": "Age",
    "off": 12206,
    "sff": "two weeks"
  },
  {
    "docID": "N242 Suzuki",
    "et": "Age",
    "off": 40362,
    "sff": "8 weeks"
  },
  {
    "docID": "N242 Suzuki",
    "et": "Age",
    "off": 11841,
    "sff": "16 weeks"
  },
  {
    "docID": "N242 Suzuki",
    "et": "Age",
    "off": 6415,
    "sff": "six weeks"
  },
  {
    "docID": "N242 Suzuki",
    "et": "Age",
    "off": 34432,
    "sff": "5 weeks"
  },
  {
    "docID": "N242 Suzuki",
    "et": "Age",
    "off": 20419,
    "sff": "0 weeks"
  },
  {
    "docID": "N242 Suzuki",
    "et": "Age",
    "off": 5835,
    "sff": "8±10 weeks old"
  },
  {
    "docID": "N242 Suzuki",
    "et": "Age",
    "off": 26489,
    "sff": "16 weeks"
  },
  {
    "docID": "N242 Suzuki",
    "et": "Age",
    "off": 37208,
    "sff": "8 weeks"
  },
  {
    "docID": "N242 Suzuki",
    "et": "Age",
    "off": 33135,
    "sff": "16 weeks"
  },
  {
    "docID": "N242 Suzuki",
    "et": "Age",
    "off": 37519,
    "sff": "8D"
  },
  {
    "docID": "N242 Suzuki",
    "et": "Age",
    "off": 10278,
    "sff": "7 days"
  },
  {
    "docID": "N242 Suzuki",
    "et": "Age",
    "off": 9720,
    "sff": "1 week"
  },
  {
    "docID": "N242 Suzuki",
    "et": "Age",
    "off": 29015,
    "sff": "8 weeks"
  },
  {
    "docID": "N242 Suzuki",
    "et": "Age",
    "off": 30842,
    "sff": "4D"
  },
  {
    "docID": "N242 Suzuki",
    "et": "Age",
    "off": 25308,
    "sff": "16 weeks"
  },
  {
    "docID": "N242 Suzuki",
    "et": "Age",
    "off": 29136,
    "sff": "8 weeks"
  },
  {
    "docID": "N242 Suzuki",
    "et": "Age",
    "off": 33631,
    "sff": "7D"
  },
  {
    "docID": "N242 Suzuki",
    "et": "Age",
    "off": 29089,
    "sff": "2D"
  },
  {
    "docID": "N242 Suzuki",
    "et": "Age",
    "off": 32295,
    "sff": "6D"
  },
  {
    "docID": "N242 Suzuki",
    "et": "Age",
    "off": 20931,
    "sff": "2 days"
  },
  {
    "docID": "N242 Suzuki",
    "et": "Age",
    "off": 10168,
    "sff": "1007D"
  },
  {
    "docID": "N242 Suzuki",
    "et": "Age",
    "off": 9536,
    "sff": "2 days"
  },
  {
    "docID": "N242 Suzuki",
    "et": "Age",
    "off": 37360,
    "sff": "6 weeks"
  },
  {
    "docID": "N242 Suzuki",
    "et": "Age",
    "off": 35578,
    "sff": "4 weeks"
  },
  {
    "docID": "N242 Suzuki",
    "et": "Age",
    "off": 28801,
    "sff": "1 week"
  },
  {
    "docID": "N242 Suzuki",
    "et": "Age",
    "off": 24588,
    "sff": "16 weeks"
  },
  {
    "docID": "N242 Suzuki",
    "et": "Age",
    "off": 17007,
    "sff": "8 weeks"
  },
  {
    "docID": "N242 Suzuki",
    "et": "Age",
    "off": 20444,
    "sff": "Seven weeks"
  },
  {
    "docID": "N242 Suzuki",
    "et": "Age",
    "off": 40977,
    "sff": "6D"
  },
  {
    "docID": "N242 Suzuki",
    "et": "Age",
    "off": 12549,
    "sff": "16 weeks"
  },
  {
    "docID": "N242 Suzuki",
    "et": "Age",
    "off": 28107,
    "sff": "8-week"
  }
]
