[
  {
    "docID": "N243 Bretzner et al., 2010",
    "et": "Weight",
    "off": 10110,
    "sff": "300–400 g"
  },
  {
    "docID": "N243 Bretzner et al., 2010",
    "et": "RatModel",
    "off": 43653,
    "sff": "rat"
  },
  {
    "docID": "N243 Bretzner et al., 2010",
    "et": "RatModel",
    "off": 27568,
    "sff": "rat"
  },
  {
    "docID": "N243 Bretzner et al., 2010",
    "et": "RatModel",
    "off": 33136,
    "sff": "rat"
  },
  {
    "docID": "N243 Bretzner et al., 2010",
    "et": "RatModel",
    "off": 12766,
    "sff": "rat"
  },
  {
    "docID": "N243 Bretzner et al., 2010",
    "et": "RatModel",
    "off": 27598,
    "sff": "rat"
  },
  {
    "docID": "N243 Bretzner et al., 2010",
    "et": "RatModel",
    "off": 27453,
    "sff": "rat"
  },
  {
    "docID": "N243 Bretzner et al., 2010",
    "et": "RatModel",
    "off": 27629,
    "sff": "rat"
  },
  {
    "docID": "N243 Bretzner et al., 2010",
    "et": "RatModel",
    "off": 3644,
    "sff": "rat"
  },
  {
    "docID": "N243 Bretzner et al., 2010",
    "et": "RatModel",
    "off": 3546,
    "sff": "rat"
  },
  {
    "docID": "N243 Bretzner et al., 2010",
    "et": "AnimalSpecies",
    "off": 2797,
    "sff": "species"
  },
  {
    "docID": "N243 Bretzner et al., 2010",
    "et": "RabbitSpecies",
    "off": 19523,
    "sff": "rabbit"
  },
  {
    "docID": "N243 Bretzner et al., 2010",
    "et": "SpragueDawleyRat",
    "off": 10089,
    "sff": "Sprague-Dawley rats"
  },
  {
    "docID": "N243 Bretzner et al., 2010",
    "et": "SpragueDawleyRat",
    "off": 10089,
    "sff": "Sprague-Dawley"
  },
  {
    "docID": "N243 Bretzner et al., 2010",
    "et": "MouseModel",
    "off": 19570,
    "sff": "mouse"
  },
  {
    "docID": "N243 Bretzner et al., 2010",
    "et": "MouseModel",
    "off": 19666,
    "sff": "mouse"
  },
  {
    "docID": "N243 Bretzner et al., 2010",
    "et": "MouseModel",
    "off": 6224,
    "sff": "mouse"
  },
  {
    "docID": "N243 Bretzner et al., 2010",
    "et": "MouseModel",
    "off": 19613,
    "sff": "mouse"
  },
  {
    "docID": "N243 Bretzner et al., 2010",
    "et": "MouseModel",
    "off": 19719,
    "sff": "mouse"
  },
  {
    "docID": "N243 Bretzner et al., 2010",
    "et": "MouseModel",
    "off": 43591,
    "sff": "mouse"
  },
  {
    "docID": "N243 Bretzner et al., 2010",
    "et": "RabbitModel",
    "off": 19523,
    "sff": "rabbit"
  },
  {
    "docID": "N243 Bretzner et al., 2010",
    "et": "AgeCategory",
    "off": 2789,
    "sff": "age"
  },
  {
    "docID": "N243 Bretzner et al., 2010",
    "et": "RatSpecies",
    "off": 43653,
    "sff": "rat"
  },
  {
    "docID": "N243 Bretzner et al., 2010",
    "et": "RatSpecies",
    "off": 12766,
    "sff": "rat"
  },
  {
    "docID": "N243 Bretzner et al., 2010",
    "et": "RatSpecies",
    "off": 27598,
    "sff": "rat"
  },
  {
    "docID": "N243 Bretzner et al., 2010",
    "et": "RatSpecies",
    "off": 27453,
    "sff": "rat"
  },
  {
    "docID": "N243 Bretzner et al., 2010",
    "et": "RatSpecies",
    "off": 27629,
    "sff": "rat"
  },
  {
    "docID": "N243 Bretzner et al., 2010",
    "et": "RatSpecies",
    "off": 27568,
    "sff": "rat"
  },
  {
    "docID": "N243 Bretzner et al., 2010",
    "et": "RatSpecies",
    "off": 33136,
    "sff": "rat"
  },
  {
    "docID": "N243 Bretzner et al., 2010",
    "et": "RatSpecies",
    "off": 3546,
    "sff": "rat"
  },
  {
    "docID": "N243 Bretzner et al., 2010",
    "et": "RatSpecies",
    "off": 3644,
    "sff": "rat"
  },
  {
    "docID": "N243 Bretzner et al., 2010",
    "et": "Male",
    "off": 10084,
    "sff": "male"
  },
  {
    "docID": "N243 Bretzner et al., 2010",
    "et": "MouseSpecies",
    "off": 19570,
    "sff": "mouse"
  },
  {
    "docID": "N243 Bretzner et al., 2010",
    "et": "MouseSpecies",
    "off": 19666,
    "sff": "mouse"
  },
  {
    "docID": "N243 Bretzner et al., 2010",
    "et": "MouseSpecies",
    "off": 19719,
    "sff": "mouse"
  },
  {
    "docID": "N243 Bretzner et al., 2010",
    "et": "MouseSpecies",
    "off": 43591,
    "sff": "mouse"
  },
  {
    "docID": "N243 Bretzner et al., 2010",
    "et": "MouseSpecies",
    "off": 6224,
    "sff": "mouse"
  },
  {
    "docID": "N243 Bretzner et al., 2010",
    "et": "MouseSpecies",
    "off": 19613,
    "sff": "mouse"
  },
  {
    "docID": "N243 Bretzner et al., 2010",
    "et": "Adult",
    "off": 3727,
    "sff": "adult"
  },
  {
    "docID": "N243 Bretzner et al., 2010",
    "et": "Adult",
    "off": 10078,
    "sff": "adult"
  },
  {
    "docID": "N243 Bretzner et al., 2010",
    "et": "Age",
    "off": 9737,
    "sff": "11 to 14 days"
  },
  {
    "docID": "N243 Bretzner et al., 2010",
    "et": "Age",
    "off": 41717,
    "sff": "4 weeks"
  },
  {
    "docID": "N243 Bretzner et al., 2010",
    "et": "Age",
    "off": 17368,
    "sff": "4 weeks"
  },
  {
    "docID": "N243 Bretzner et al., 2010",
    "et": "Age",
    "off": 17670,
    "sff": "Five weeks"
  },
  {
    "docID": "N243 Bretzner et al., 2010",
    "et": "Age",
    "off": 18421,
    "sff": "Six weeks"
  },
  {
    "docID": "N243 Bretzner et al., 2010",
    "et": "Age",
    "off": 4548,
    "sff": "1 year"
  },
  {
    "docID": "N243 Bretzner et al., 2010",
    "et": "Age",
    "off": 24578,
    "sff": "7D"
  },
  {
    "docID": "N243 Bretzner et al., 2010",
    "et": "Age",
    "off": 6325,
    "sff": "2 weeks"
  },
  {
    "docID": "N243 Bretzner et al., 2010",
    "et": "Age",
    "off": 47265,
    "sff": "1 day"
  },
  {
    "docID": "N243 Bretzner et al., 2010",
    "et": "Age",
    "off": 21008,
    "sff": "7 days"
  },
  {
    "docID": "N243 Bretzner et al., 2010",
    "et": "Age",
    "off": 32610,
    "sff": "2-week"
  },
  {
    "docID": "N243 Bretzner et al., 2010",
    "et": "Age",
    "off": 8247,
    "sff": "4–6 days"
  },
  {
    "docID": "N243 Bretzner et al., 2010",
    "et": "Age",
    "off": 14538,
    "sff": "14 days"
  },
  {
    "docID": "N243 Bretzner et al., 2010",
    "et": "Age",
    "off": 17490,
    "sff": "4 weeks"
  },
  {
    "docID": "N243 Bretzner et al., 2010",
    "et": "Age",
    "off": 20981,
    "sff": "3 days"
  },
  {
    "docID": "N243 Bretzner et al., 2010",
    "et": "Age",
    "off": 24234,
    "sff": "7D"
  },
  {
    "docID": "N243 Bretzner et al., 2010",
    "et": "Age",
    "off": 38630,
    "sff": "1D"
  },
  {
    "docID": "N243 Bretzner et al., 2010",
    "et": "Age",
    "off": 37871,
    "sff": "1D"
  },
  {
    "docID": "N243 Bretzner et al., 2010",
    "et": "Age",
    "off": 18858,
    "sff": "2–3 days"
  },
  {
    "docID": "N243 Bretzner et al., 2010",
    "et": "Age",
    "off": 8000,
    "sff": "4–5 days"
  },
  {
    "docID": "N243 Bretzner et al., 2010",
    "et": "Age",
    "off": 13317,
    "sff": "2 weeks"
  },
  {
    "docID": "N243 Bretzner et al., 2010",
    "et": "Age",
    "off": 14374,
    "sff": "2 weeks"
  },
  {
    "docID": "N243 Bretzner et al., 2010",
    "et": "Age",
    "off": 17225,
    "sff": "2–3 weeks"
  },
  {
    "docID": "N243 Bretzner et al., 2010",
    "et": "Age",
    "off": 10629,
    "sff": "2 days"
  }
]
