[
  {
    "docID": "N244 Cloutier 2016",
    "et": "Weight",
    "off": 7704,
    "sff": "350–400 g"
  },
  {
    "docID": "N244 Cloutier 2016",
    "et": "Weight",
    "off": 10729,
    "sff": "50 mg"
  },
  {
    "docID": "N244 Cloutier 2016",
    "et": "Weight",
    "off": 10491,
    "sff": "30 mg"
  },
  {
    "docID": "N244 Cloutier 2016",
    "et": "Weight",
    "off": 8691,
    "sff": "100 mg"
  },
  {
    "docID": "N244 Cloutier 2016",
    "et": "Weight",
    "off": 7129,
    "sff": "350–400 g"
  },
  {
    "docID": "N244 Cloutier 2016",
    "et": "Weight",
    "off": 8794,
    "sff": "7 mg"
  },
  {
    "docID": "N244 Cloutier 2016",
    "et": "Weight",
    "off": 10409,
    "sff": "3 mg"
  },
  {
    "docID": "N244 Cloutier 2016",
    "et": "RatModel",
    "off": 20751,
    "sff": "rat"
  },
  {
    "docID": "N244 Cloutier 2016",
    "et": "RatModel",
    "off": 3473,
    "sff": "rat"
  },
  {
    "docID": "N244 Cloutier 2016",
    "et": "RatModel",
    "off": 8229,
    "sff": "rat"
  },
  {
    "docID": "N244 Cloutier 2016",
    "et": "RatModel",
    "off": 11189,
    "sff": "rat"
  },
  {
    "docID": "N244 Cloutier 2016",
    "et": "RatModel",
    "off": 20902,
    "sff": "rat"
  },
  {
    "docID": "N244 Cloutier 2016",
    "et": "RatModel",
    "off": 4043,
    "sff": "rat"
  },
  {
    "docID": "N244 Cloutier 2016",
    "et": "RatModel",
    "off": 12699,
    "sff": "rat"
  },
  {
    "docID": "N244 Cloutier 2016",
    "et": "RatModel",
    "off": 13437,
    "sff": "rat"
  },
  {
    "docID": "N244 Cloutier 2016",
    "et": "NewZealandRabbit",
    "off": 7111,
    "sff": "New"
  },
  {
    "docID": "N244 Cloutier 2016",
    "et": "NewZealandRabbit",
    "off": 7686,
    "sff": "New"
  },
  {
    "docID": "N244 Cloutier 2016",
    "et": "NewZealandRabbit",
    "off": 26955,
    "sff": "new"
  },
  {
    "docID": "N244 Cloutier 2016",
    "et": "NewZealandRabbit",
    "off": 7390,
    "sff": "New"
  },
  {
    "docID": "N244 Cloutier 2016",
    "et": "RabbitSpecies",
    "off": 14917,
    "sff": "rabbit"
  },
  {
    "docID": "N244 Cloutier 2016",
    "et": "Mixed",
    "off": 18439,
    "sff": "mixed"
  },
  {
    "docID": "N244 Cloutier 2016",
    "et": "Mixed",
    "off": 24376,
    "sff": "mixed"
  },
  {
    "docID": "N244 Cloutier 2016",
    "et": "MouseModel",
    "off": 14979,
    "sff": "mouse"
  },
  {
    "docID": "N244 Cloutier 2016",
    "et": "RabbitModel",
    "off": 14917,
    "sff": "rabbit"
  },
  {
    "docID": "N244 Cloutier 2016",
    "et": "WistarRat",
    "off": 7637,
    "sff": "Wistar rats"
  },
  {
    "docID": "N244 Cloutier 2016",
    "et": "WistarRat",
    "off": 7062,
    "sff": "Wistar rats"
  },
  {
    "docID": "N244 Cloutier 2016",
    "et": "WistarRat",
    "off": 7637,
    "sff": "Wistar"
  },
  {
    "docID": "N244 Cloutier 2016",
    "et": "WistarRat",
    "off": 7062,
    "sff": "Wistar"
  },
  {
    "docID": "N244 Cloutier 2016",
    "et": "RatSpecies",
    "off": 20751,
    "sff": "rat"
  },
  {
    "docID": "N244 Cloutier 2016",
    "et": "RatSpecies",
    "off": 13437,
    "sff": "rat"
  },
  {
    "docID": "N244 Cloutier 2016",
    "et": "RatSpecies",
    "off": 4043,
    "sff": "rat"
  },
  {
    "docID": "N244 Cloutier 2016",
    "et": "RatSpecies",
    "off": 12699,
    "sff": "rat"
  },
  {
    "docID": "N244 Cloutier 2016",
    "et": "RatSpecies",
    "off": 8229,
    "sff": "rat"
  },
  {
    "docID": "N244 Cloutier 2016",
    "et": "RatSpecies",
    "off": 11189,
    "sff": "rat"
  },
  {
    "docID": "N244 Cloutier 2016",
    "et": "RatSpecies",
    "off": 20902,
    "sff": "rat"
  },
  {
    "docID": "N244 Cloutier 2016",
    "et": "RatSpecies",
    "off": 3473,
    "sff": "rat"
  },
  {
    "docID": "N244 Cloutier 2016",
    "et": "Male",
    "off": 7039,
    "sff": "male"
  },
  {
    "docID": "N244 Cloutier 2016",
    "et": "Male",
    "off": 12880,
    "sff": "male"
  },
  {
    "docID": "N244 Cloutier 2016",
    "et": "Male",
    "off": 7607,
    "sff": "male"
  },
  {
    "docID": "N244 Cloutier 2016",
    "et": "MouseSpecies",
    "off": 14979,
    "sff": "mouse"
  },
  {
    "docID": "N244 Cloutier 2016",
    "et": "Adult",
    "off": 12874,
    "sff": "adult"
  },
  {
    "docID": "N244 Cloutier 2016",
    "et": "Adult",
    "off": 7033,
    "sff": "adult"
  },
  {
    "docID": "N244 Cloutier 2016",
    "et": "Adult",
    "off": 7601,
    "sff": "adult"
  },
  {
    "docID": "N244 Cloutier 2016",
    "et": "LongEvansRat",
    "off": 1981,
    "sff": "long"
  },
  {
    "docID": "N244 Cloutier 2016",
    "et": "Age",
    "off": 4623,
    "sff": "9 weeks"
  },
  {
    "docID": "N244 Cloutier 2016",
    "et": "Age",
    "off": 455,
    "sff": "8 weeks"
  },
  {
    "docID": "N244 Cloutier 2016",
    "et": "Age",
    "off": 24146,
    "sff": "9 weeks"
  },
  {
    "docID": "N244 Cloutier 2016",
    "et": "Age",
    "off": 28040,
    "sff": "8 weeks"
  },
  {
    "docID": "N244 Cloutier 2016",
    "et": "Age",
    "off": 22811,
    "sff": "8 week"
  },
  {
    "docID": "N244 Cloutier 2016",
    "et": "Age",
    "off": 11397,
    "sff": "Four weeks"
  },
  {
    "docID": "N244 Cloutier 2016",
    "et": "Age",
    "off": 27694,
    "sff": "6–8 weeks"
  },
  {
    "docID": "N244 Cloutier 2016",
    "et": "Age",
    "off": 1753,
    "sff": "8 weeks"
  },
  {
    "docID": "N244 Cloutier 2016",
    "et": "Age",
    "off": 15960,
    "sff": "3D"
  },
  {
    "docID": "N244 Cloutier 2016",
    "et": "Age",
    "off": 23735,
    "sff": "2D"
  },
  {
    "docID": "N244 Cloutier 2016",
    "et": "Age",
    "off": 26979,
    "sff": "3–8 weeks"
  },
  {
    "docID": "N244 Cloutier 2016",
    "et": "Age",
    "off": 22891,
    "sff": "nine weeks"
  },
  {
    "docID": "N244 Cloutier 2016",
    "et": "Age",
    "off": 26418,
    "sff": "9 weeks"
  },
  {
    "docID": "N244 Cloutier 2016",
    "et": "Age",
    "off": 19640,
    "sff": "9 weeks"
  },
  {
    "docID": "N244 Cloutier 2016",
    "et": "Age",
    "off": 11103,
    "sff": "2 weeks"
  },
  {
    "docID": "N244 Cloutier 2016",
    "et": "Age",
    "off": 10798,
    "sff": "2–3 days"
  },
  {
    "docID": "N244 Cloutier 2016",
    "et": "Age",
    "off": 1642,
    "sff": "7 weeks"
  },
  {
    "docID": "N244 Cloutier 2016",
    "et": "Age",
    "off": 21323,
    "sff": "6–8 weeks"
  },
  {
    "docID": "N244 Cloutier 2016",
    "et": "Age",
    "off": 11175,
    "sff": "1–2 weeks"
  },
  {
    "docID": "N244 Cloutier 2016",
    "et": "Age",
    "off": 648,
    "sff": "3 weeks"
  },
  {
    "docID": "N244 Cloutier 2016",
    "et": "Age",
    "off": 1661,
    "sff": "8 weeks"
  },
  {
    "docID": "N244 Cloutier 2016",
    "et": "Age",
    "off": 11767,
    "sff": "8 weeks"
  },
  {
    "docID": "N244 Cloutier 2016",
    "et": "Age",
    "off": 26472,
    "sff": "3weeks"
  },
  {
    "docID": "N244 Cloutier 2016",
    "et": "Age",
    "off": 22924,
    "sff": "Nine weeks"
  },
  {
    "docID": "N244 Cloutier 2016",
    "et": "Age",
    "off": 13673,
    "sff": "Nineweeks"
  },
  {
    "docID": "N244 Cloutier 2016",
    "et": "Age",
    "off": 19509,
    "sff": "8 weeks"
  },
  {
    "docID": "N244 Cloutier 2016",
    "et": "Age",
    "off": 27788,
    "sff": "3–8 weeks"
  }
]
