[
  {
    "docID": "N246 Gu 2017",
    "et": "Weight",
    "off": 32026,
    "sff": "10 g"
  },
  {
    "docID": "N246 Gu 2017",
    "et": "Weight",
    "off": 35387,
    "sff": "3000g"
  },
  {
    "docID": "N246 Gu 2017",
    "et": "Weight",
    "off": 31593,
    "sff": "250 and 300 g"
  },
  {
    "docID": "N246 Gu 2017",
    "et": "RatModel",
    "off": 32899,
    "sff": "rat"
  },
  {
    "docID": "N246 Gu 2017",
    "et": "RatModel",
    "off": 35483,
    "sff": "rat"
  },
  {
    "docID": "N246 Gu 2017",
    "et": "RatModel",
    "off": 11978,
    "sff": "rat"
  },
  {
    "docID": "N246 Gu 2017",
    "et": "NewZealandRabbit",
    "off": 6339,
    "sff": "new"
  },
  {
    "docID": "N246 Gu 2017",
    "et": "NewZealandRabbit",
    "off": 2628,
    "sff": "new"
  },
  {
    "docID": "N246 Gu 2017",
    "et": "NewZealandRabbit",
    "off": 31983,
    "sff": "New"
  },
  {
    "docID": "N246 Gu 2017",
    "et": "NewZealandRabbit",
    "off": 28444,
    "sff": "new"
  },
  {
    "docID": "N246 Gu 2017",
    "et": "NewZealandRabbit",
    "off": 32004,
    "sff": "New"
  },
  {
    "docID": "N246 Gu 2017",
    "et": "RabbitSpecies",
    "off": 10302,
    "sff": "rabbit"
  },
  {
    "docID": "N246 Gu 2017",
    "et": "RabbitSpecies",
    "off": 16889,
    "sff": "rabbit"
  },
  {
    "docID": "N246 Gu 2017",
    "et": "RabbitSpecies",
    "off": 30407,
    "sff": "rabbit"
  },
  {
    "docID": "N246 Gu 2017",
    "et": "RabbitSpecies",
    "off": 36967,
    "sff": "rabbit"
  },
  {
    "docID": "N246 Gu 2017",
    "et": "SpragueDawleyRat",
    "off": 31556,
    "sff": "Sprague-Dawley rats"
  },
  {
    "docID": "N246 Gu 2017",
    "et": "SpragueDawleyRat",
    "off": 427,
    "sff": "Sprague-Dawley"
  },
  {
    "docID": "N246 Gu 2017",
    "et": "SpragueDawleyRat",
    "off": 427,
    "sff": "Sprague-Dawley rats"
  },
  {
    "docID": "N246 Gu 2017",
    "et": "SpragueDawleyRat",
    "off": 31556,
    "sff": "Sprague-Dawley"
  },
  {
    "docID": "N246 Gu 2017",
    "et": "Mixed",
    "off": 31349,
    "sff": "mixed"
  },
  {
    "docID": "N246 Gu 2017",
    "et": "Mixed",
    "off": 33030,
    "sff": "mixed"
  },
  {
    "docID": "N246 Gu 2017",
    "et": "MouseModel",
    "off": 16803,
    "sff": "mouse"
  },
  {
    "docID": "N246 Gu 2017",
    "et": "MouseModel",
    "off": 36857,
    "sff": "mouse"
  },
  {
    "docID": "N246 Gu 2017",
    "et": "RabbitModel",
    "off": 10302,
    "sff": "rabbit"
  },
  {
    "docID": "N246 Gu 2017",
    "et": "RabbitModel",
    "off": 16889,
    "sff": "rabbit"
  },
  {
    "docID": "N246 Gu 2017",
    "et": "RabbitModel",
    "off": 30407,
    "sff": "rabbit"
  },
  {
    "docID": "N246 Gu 2017",
    "et": "RabbitModel",
    "off": 36967,
    "sff": "rabbit"
  },
  {
    "docID": "N246 Gu 2017",
    "et": "AgeCategory",
    "off": 4758,
    "sff": "age"
  },
  {
    "docID": "N246 Gu 2017",
    "et": "AgeCategory",
    "off": 19264,
    "sff": "age"
  },
  {
    "docID": "N246 Gu 2017",
    "et": "RatSpecies",
    "off": 32899,
    "sff": "rat"
  },
  {
    "docID": "N246 Gu 2017",
    "et": "RatSpecies",
    "off": 11978,
    "sff": "rat"
  },
  {
    "docID": "N246 Gu 2017",
    "et": "RatSpecies",
    "off": 35483,
    "sff": "rat"
  },
  {
    "docID": "N246 Gu 2017",
    "et": "Male",
    "off": 31551,
    "sff": "male"
  },
  {
    "docID": "N246 Gu 2017",
    "et": "Male",
    "off": 422,
    "sff": "Male"
  },
  {
    "docID": "N246 Gu 2017",
    "et": "MouseSpecies",
    "off": 16803,
    "sff": "mouse"
  },
  {
    "docID": "N246 Gu 2017",
    "et": "MouseSpecies",
    "off": 36857,
    "sff": "mouse"
  },
  {
    "docID": "N246 Gu 2017",
    "et": "Adult",
    "off": 31545,
    "sff": "adult"
  },
  {
    "docID": "N246 Gu 2017",
    "et": "Age",
    "off": 19853,
    "sff": "2 weeks"
  },
  {
    "docID": "N246 Gu 2017",
    "et": "Age",
    "off": 24971,
    "sff": "3 week"
  },
  {
    "docID": "N246 Gu 2017",
    "et": "Age",
    "off": 31107,
    "sff": "two days"
  },
  {
    "docID": "N246 Gu 2017",
    "et": "Age",
    "off": 10809,
    "sff": "6 weeks"
  },
  {
    "docID": "N246 Gu 2017",
    "et": "Age",
    "off": 29071,
    "sff": "2-D-old"
  },
  {
    "docID": "N246 Gu 2017",
    "et": "Age",
    "off": 24982,
    "sff": "6 week"
  },
  {
    "docID": "N246 Gu 2017",
    "et": "Age",
    "off": 34593,
    "sff": "42 days"
  },
  {
    "docID": "N246 Gu 2017",
    "et": "Age",
    "off": 30012,
    "sff": "7 days"
  },
  {
    "docID": "N246 Gu 2017",
    "et": "Age",
    "off": 24672,
    "sff": "1 week"
  },
  {
    "docID": "N246 Gu 2017",
    "et": "Age",
    "off": 30992,
    "sff": "7 days"
  },
  {
    "docID": "N246 Gu 2017",
    "et": "Age",
    "off": 6665,
    "sff": "three days"
  },
  {
    "docID": "N246 Gu 2017",
    "et": "Age",
    "off": 19544,
    "sff": "4–6 weeks"
  },
  {
    "docID": "N246 Gu 2017",
    "et": "Age",
    "off": 32500,
    "sff": "3 days"
  },
  {
    "docID": "N246 Gu 2017",
    "et": "Age",
    "off": 22263,
    "sff": "28 days"
  },
  {
    "docID": "N246 Gu 2017",
    "et": "Age",
    "off": 10952,
    "sff": "9 days to 42 days"
  },
  {
    "docID": "N246 Gu 2017",
    "et": "Age",
    "off": 32392,
    "sff": "7 days"
  },
  {
    "docID": "N246 Gu 2017",
    "et": "Age",
    "off": 22030,
    "sff": "6 weeks"
  },
  {
    "docID": "N246 Gu 2017",
    "et": "Age",
    "off": 33308,
    "sff": "three days"
  },
  {
    "docID": "N246 Gu 2017",
    "et": "Age",
    "off": 31660,
    "sff": "2 weeks"
  }
]
