[
  {
    "docID": "N248 Imaizumi",
    "et": "GuineaPigSpecies",
    "off": 9421,
    "sff": "pig"
  },
  {
    "docID": "N248 Imaizumi",
    "et": "GuineaPigSpecies",
    "off": 5678,
    "sff": "pig"
  },
  {
    "docID": "N248 Imaizumi",
    "et": "GuineaPigSpecies",
    "off": 14603,
    "sff": "pig"
  },
  {
    "docID": "N248 Imaizumi",
    "et": "GuineaPigSpecies",
    "off": 25906,
    "sff": "pig"
  },
  {
    "docID": "N248 Imaizumi",
    "et": "GuineaPigSpecies",
    "off": 9906,
    "sff": "pig"
  },
  {
    "docID": "N248 Imaizumi",
    "et": "GuineaPigSpecies",
    "off": 3183,
    "sff": "pig"
  },
  {
    "docID": "N248 Imaizumi",
    "et": "GuineaPigSpecies",
    "off": 15791,
    "sff": "pig"
  },
  {
    "docID": "N248 Imaizumi",
    "et": "GuineaPigSpecies",
    "off": 35,
    "sff": "pig"
  },
  {
    "docID": "N248 Imaizumi",
    "et": "GuineaPigSpecies",
    "off": 7299,
    "sff": "pig"
  },
  {
    "docID": "N248 Imaizumi",
    "et": "GuineaPigSpecies",
    "off": 15844,
    "sff": "pig"
  },
  {
    "docID": "N248 Imaizumi",
    "et": "GuineaPigSpecies",
    "off": 1865,
    "sff": "pig"
  },
  {
    "docID": "N248 Imaizumi",
    "et": "GuineaPigSpecies",
    "off": 1386,
    "sff": "pig"
  },
  {
    "docID": "N248 Imaizumi",
    "et": "GuineaPigSpecies",
    "off": 1575,
    "sff": "pig"
  },
  {
    "docID": "N248 Imaizumi",
    "et": "GuineaPigSpecies",
    "off": 14248,
    "sff": "pig"
  },
  {
    "docID": "N248 Imaizumi",
    "et": "GuineaPigSpecies",
    "off": 16872,
    "sff": "pig"
  },
  {
    "docID": "N248 Imaizumi",
    "et": "GuineaPigSpecies",
    "off": 18439,
    "sff": "pig"
  },
  {
    "docID": "N248 Imaizumi",
    "et": "GuineaPigSpecies",
    "off": 21639,
    "sff": "pig"
  },
  {
    "docID": "N248 Imaizumi",
    "et": "GuineaPigSpecies",
    "off": 5375,
    "sff": "pig"
  },
  {
    "docID": "N248 Imaizumi",
    "et": "GuineaPigSpecies",
    "off": 565,
    "sff": "pig"
  },
  {
    "docID": "N248 Imaizumi",
    "et": "GuineaPigSpecies",
    "off": 19574,
    "sff": "pig"
  },
  {
    "docID": "N248 Imaizumi",
    "et": "RatModel",
    "off": 16624,
    "sff": "rat"
  },
  {
    "docID": "N248 Imaizumi",
    "et": "RatModel",
    "off": 16501,
    "sff": "rat"
  },
  {
    "docID": "N248 Imaizumi",
    "et": "RatModel",
    "off": 99,
    "sff": "rat"
  },
  {
    "docID": "N248 Imaizumi",
    "et": "RatModel",
    "off": 2294,
    "sff": "rat"
  },
  {
    "docID": "N248 Imaizumi",
    "et": "RatModel",
    "off": 3350,
    "sff": "rat"
  },
  {
    "docID": "N248 Imaizumi",
    "et": "RatModel",
    "off": 389,
    "sff": "rat"
  },
  {
    "docID": "N248 Imaizumi",
    "et": "RatModel",
    "off": 28324,
    "sff": "rat"
  },
  {
    "docID": "N248 Imaizumi",
    "et": "RatModel",
    "off": 2170,
    "sff": "rat"
  },
  {
    "docID": "N248 Imaizumi",
    "et": "RatModel",
    "off": 17784,
    "sff": "rat"
  },
  {
    "docID": "N248 Imaizumi",
    "et": "NewZealandRabbit",
    "off": 2229,
    "sff": "new"
  },
  {
    "docID": "N248 Imaizumi",
    "et": "MouseModel",
    "off": 24371,
    "sff": "mouse"
  },
  {
    "docID": "N248 Imaizumi",
    "et": "WistarRat",
    "off": 25202,
    "sff": "Wistar rats"
  },
  {
    "docID": "N248 Imaizumi",
    "et": "WistarRat",
    "off": 7798,
    "sff": "Wistar rats"
  },
  {
    "docID": "N248 Imaizumi",
    "et": "WistarRat",
    "off": 25202,
    "sff": "Wistar"
  },
  {
    "docID": "N248 Imaizumi",
    "et": "WistarRat",
    "off": 7798,
    "sff": "Wistar"
  },
  {
    "docID": "N248 Imaizumi",
    "et": "RatSpecies",
    "off": 16624,
    "sff": "rat"
  },
  {
    "docID": "N248 Imaizumi",
    "et": "RatSpecies",
    "off": 99,
    "sff": "rat"
  },
  {
    "docID": "N248 Imaizumi",
    "et": "RatSpecies",
    "off": 28324,
    "sff": "rat"
  },
  {
    "docID": "N248 Imaizumi",
    "et": "RatSpecies",
    "off": 389,
    "sff": "rat"
  },
  {
    "docID": "N248 Imaizumi",
    "et": "RatSpecies",
    "off": 16501,
    "sff": "rat"
  },
  {
    "docID": "N248 Imaizumi",
    "et": "RatSpecies",
    "off": 2294,
    "sff": "rat"
  },
  {
    "docID": "N248 Imaizumi",
    "et": "RatSpecies",
    "off": 3350,
    "sff": "rat"
  },
  {
    "docID": "N248 Imaizumi",
    "et": "RatSpecies",
    "off": 17784,
    "sff": "rat"
  },
  {
    "docID": "N248 Imaizumi",
    "et": "RatSpecies",
    "off": 2170,
    "sff": "rat"
  },
  {
    "docID": "N248 Imaizumi",
    "et": "MouseSpecies",
    "off": 24371,
    "sff": "mouse"
  },
  {
    "docID": "N248 Imaizumi",
    "et": "Adult",
    "off": 25196,
    "sff": "Adult"
  },
  {
    "docID": "N248 Imaizumi",
    "et": "Adult",
    "off": 7792,
    "sff": "Adult"
  },
  {
    "docID": "N248 Imaizumi",
    "et": "LongEvansRat",
    "off": 16909,
    "sff": "long"
  },
  {
    "docID": "N248 Imaizumi",
    "et": "LongEvansRat",
    "off": 21501,
    "sff": "long"
  },
  {
    "docID": "N248 Imaizumi",
    "et": "Age",
    "off": 13244,
    "sff": "4 weeks"
  },
  {
    "docID": "N248 Imaizumi",
    "et": "Age",
    "off": 8210,
    "sff": "Four to five weeks"
  },
  {
    "docID": "N248 Imaizumi",
    "et": "Age",
    "off": 19660,
    "sff": "4–5 weeks"
  },
  {
    "docID": "N248 Imaizumi",
    "et": "Age",
    "off": 26303,
    "sff": "Four to five weeks"
  },
  {
    "docID": "N248 Imaizumi",
    "et": "Age",
    "off": 28076,
    "sff": "2–4 weeks"
  },
  {
    "docID": "N248 Imaizumi",
    "et": "Age",
    "off": 5515,
    "sff": "3 weeks"
  },
  {
    "docID": "N248 Imaizumi",
    "et": "Age",
    "off": 12730,
    "sff": "3D"
  }
]
