[
  {
    "docID": "N249 Khankan",
    "et": "Weight",
    "off": 15493,
    "sff": "700 mg"
  },
  {
    "docID": "N249 Khankan",
    "et": "Weight",
    "off": 39907,
    "sff": "3G"
  },
  {
    "docID": "N249 Khankan",
    "et": "Weight",
    "off": 9385,
    "sff": "365µg"
  },
  {
    "docID": "N249 Khankan",
    "et": "Weight",
    "off": 34296,
    "sff": "1G"
  },
  {
    "docID": "N249 Khankan",
    "et": "Weight",
    "off": 36107,
    "sff": "1G"
  },
  {
    "docID": "N249 Khankan",
    "et": "Weight",
    "off": 39772,
    "sff": "3G"
  },
  {
    "docID": "N249 Khankan",
    "et": "Weight",
    "off": 34455,
    "sff": "1G"
  },
  {
    "docID": "N249 Khankan",
    "et": "RatModel",
    "off": 20860,
    "sff": "rat"
  },
  {
    "docID": "N249 Khankan",
    "et": "RatModel",
    "off": 10292,
    "sff": "rat"
  },
  {
    "docID": "N249 Khankan",
    "et": "RatModel",
    "off": 7317,
    "sff": "rat"
  },
  {
    "docID": "N249 Khankan",
    "et": "AnimalSpecies",
    "off": 15071,
    "sff": "species"
  },
  {
    "docID": "N249 Khankan",
    "et": "AnimalSpecies",
    "off": 14881,
    "sff": "species"
  },
  {
    "docID": "N249 Khankan",
    "et": "NewZealandRabbit",
    "off": 3831,
    "sff": "new"
  },
  {
    "docID": "N249 Khankan",
    "et": "RabbitSpecies",
    "off": 15967,
    "sff": "rabbit"
  },
  {
    "docID": "N249 Khankan",
    "et": "SpragueDawleyRat",
    "off": 6983,
    "sff": "Dawley"
  },
  {
    "docID": "N249 Khankan",
    "et": "SpragueDawleyRat",
    "off": 7548,
    "sff": "Sprague-Dawley rats"
  },
  {
    "docID": "N249 Khankan",
    "et": "SpragueDawleyRat",
    "off": 7548,
    "sff": "Sprague-Dawley"
  },
  {
    "docID": "N249 Khankan",
    "et": "SpragueDawleyRat",
    "off": 6983,
    "sff": "Dawley rats"
  },
  {
    "docID": "N249 Khankan",
    "et": "SpragueDawleyRat",
    "off": 6974,
    "sff": "Sprague"
  },
  {
    "docID": "N249 Khankan",
    "et": "Mixed",
    "off": 19973,
    "sff": "mixed"
  },
  {
    "docID": "N249 Khankan",
    "et": "RabbitModel",
    "off": 15967,
    "sff": "rabbit"
  },
  {
    "docID": "N249 Khankan",
    "et": "AgeCategory",
    "off": 7615,
    "sff": "age"
  },
  {
    "docID": "N249 Khankan",
    "et": "RatSpecies",
    "off": 20860,
    "sff": "rat"
  },
  {
    "docID": "N249 Khankan",
    "et": "RatSpecies",
    "off": 7317,
    "sff": "rat"
  },
  {
    "docID": "N249 Khankan",
    "et": "RatSpecies",
    "off": 10292,
    "sff": "rat"
  },
  {
    "docID": "N249 Khankan",
    "et": "Adult",
    "off": 2747,
    "sff": "adult"
  },
  {
    "docID": "N249 Khankan",
    "et": "Adult",
    "off": 1009,
    "sff": "adult"
  },
  {
    "docID": "N249 Khankan",
    "et": "LongEvansRat",
    "off": 36912,
    "sff": "long"
  },
  {
    "docID": "N249 Khankan",
    "et": "LongEvansRat",
    "off": 63605,
    "sff": "Evans"
  },
  {
    "docID": "N249 Khankan",
    "et": "LongEvansRat",
    "off": 67484,
    "sff": "long"
  },
  {
    "docID": "N249 Khankan",
    "et": "LongEvansRat",
    "off": 33432,
    "sff": "long"
  },
  {
    "docID": "N249 Khankan",
    "et": "Female",
    "off": 7541,
    "sff": "female"
  },
  {
    "docID": "N249 Khankan",
    "et": "Age",
    "off": 39893,
    "sff": "2 weeks"
  },
  {
    "docID": "N249 Khankan",
    "et": "Age",
    "off": 26069,
    "sff": "2 weeks"
  },
  {
    "docID": "N249 Khankan",
    "et": "Age",
    "off": 7598,
    "sff": "10‚Äì12 weeks of age"
  },
  {
    "docID": "N249 Khankan",
    "et": "Age",
    "off": 47057,
    "sff": "2 weeks"
  },
  {
    "docID": "N249 Khankan",
    "et": "Age",
    "off": 1746,
    "sff": "2 weeks"
  },
  {
    "docID": "N249 Khankan",
    "et": "Age",
    "off": 22873,
    "sff": "4 weeks"
  },
  {
    "docID": "N249 Khankan",
    "et": "Age",
    "off": 59859,
    "sff": "2 weeks"
  },
  {
    "docID": "N249 Khankan",
    "et": "Age",
    "off": 36468,
    "sff": "1 week"
  },
  {
    "docID": "N249 Khankan",
    "et": "Age",
    "off": 54314,
    "sff": "9D"
  },
  {
    "docID": "N249 Khankan",
    "et": "Age",
    "off": 16481,
    "sff": "3D"
  },
  {
    "docID": "N249 Khankan",
    "et": "Age",
    "off": 48089,
    "sff": "2 weeks"
  },
  {
    "docID": "N249 Khankan",
    "et": "Age",
    "off": 40923,
    "sff": "2 weeks"
  },
  {
    "docID": "N249 Khankan",
    "et": "Age",
    "off": 23269,
    "sff": "2 weeks"
  },
  {
    "docID": "N249 Khankan",
    "et": "Age",
    "off": 42865,
    "sff": "8 week"
  },
  {
    "docID": "N249 Khankan",
    "et": "Age",
    "off": 32077,
    "sff": "8 weeks"
  },
  {
    "docID": "N249 Khankan",
    "et": "Age",
    "off": 37985,
    "sff": "4 weeks"
  },
  {
    "docID": "N249 Khankan",
    "et": "Age",
    "off": 8444,
    "sff": "2 d"
  },
  {
    "docID": "N249 Khankan",
    "et": "Age",
    "off": 7745,
    "sff": "8 weeks"
  },
  {
    "docID": "N249 Khankan",
    "et": "Age",
    "off": 30592,
    "sff": "3D"
  },
  {
    "docID": "N249 Khankan",
    "et": "Age",
    "off": 30442,
    "sff": "2weeks"
  },
  {
    "docID": "N249 Khankan",
    "et": "Age",
    "off": 30780,
    "sff": "8 weeks"
  },
  {
    "docID": "N249 Khankan",
    "et": "Age",
    "off": 51583,
    "sff": "2 week"
  },
  {
    "docID": "N249 Khankan",
    "et": "Age",
    "off": 56006,
    "sff": "2 weeks"
  },
  {
    "docID": "N249 Khankan",
    "et": "Age",
    "off": 46388,
    "sff": "8 weeks"
  },
  {
    "docID": "N249 Khankan",
    "et": "Age",
    "off": 26818,
    "sff": "2 weeks"
  },
  {
    "docID": "N249 Khankan",
    "et": "Age",
    "off": 46899,
    "sff": "8 weeks"
  },
  {
    "docID": "N249 Khankan",
    "et": "Age",
    "off": 22084,
    "sff": "1 week"
  },
  {
    "docID": "N249 Khankan",
    "et": "Age",
    "off": 54477,
    "sff": "2 weeks"
  },
  {
    "docID": "N249 Khankan",
    "et": "Age",
    "off": 25293,
    "sff": "2 weeks"
  },
  {
    "docID": "N249 Khankan",
    "et": "Age",
    "off": 27853,
    "sff": "2 weeks"
  },
  {
    "docID": "N249 Khankan",
    "et": "Age",
    "off": 43144,
    "sff": "2 week"
  },
  {
    "docID": "N249 Khankan",
    "et": "Age",
    "off": 37652,
    "sff": "2 weeks"
  },
  {
    "docID": "N249 Khankan",
    "et": "Age",
    "off": 12601,
    "sff": "12‚Äì14 d"
  },
  {
    "docID": "N249 Khankan",
    "et": "Age",
    "off": 53017,
    "sff": "4-week"
  },
  {
    "docID": "N249 Khankan",
    "et": "Age",
    "off": 28311,
    "sff": "4 weeks"
  },
  {
    "docID": "N249 Khankan",
    "et": "Age",
    "off": 1188,
    "sff": "8 weeks"
  },
  {
    "docID": "N249 Khankan",
    "et": "Age",
    "off": 8675,
    "sff": "7 d"
  },
  {
    "docID": "N249 Khankan",
    "et": "Age",
    "off": 65845,
    "sff": "8 week"
  },
  {
    "docID": "N249 Khankan",
    "et": "Age",
    "off": 54173,
    "sff": "8 weeks"
  },
  {
    "docID": "N249 Khankan",
    "et": "Age",
    "off": 37566,
    "sff": "2 week"
  },
  {
    "docID": "N249 Khankan",
    "et": "Age",
    "off": 53156,
    "sff": "3D"
  },
  {
    "docID": "N249 Khankan",
    "et": "Age",
    "off": 50203,
    "sff": "2 weeks"
  },
  {
    "docID": "N249 Khankan",
    "et": "Age",
    "off": 35750,
    "sff": "4 weeks"
  },
  {
    "docID": "N249 Khankan",
    "et": "Age",
    "off": 55718,
    "sff": "2 week"
  },
  {
    "docID": "N249 Khankan",
    "et": "Age",
    "off": 35495,
    "sff": "1 week"
  },
  {
    "docID": "N249 Khankan",
    "et": "Age",
    "off": 37798,
    "sff": "1 week"
  },
  {
    "docID": "N249 Khankan",
    "et": "Age",
    "off": 54107,
    "sff": "9D"
  },
  {
    "docID": "N249 Khankan",
    "et": "Age",
    "off": 8495,
    "sff": "5 d"
  },
  {
    "docID": "N249 Khankan",
    "et": "Age",
    "off": 31016,
    "sff": "2 weeks"
  },
  {
    "docID": "N249 Khankan",
    "et": "Age",
    "off": 36392,
    "sff": "2 weeks"
  },
  {
    "docID": "N249 Khankan",
    "et": "Age",
    "off": 55945,
    "sff": "8 weeks"
  },
  {
    "docID": "N249 Khankan",
    "et": "Age",
    "off": 35208,
    "sff": "8 weeks"
  },
  {
    "docID": "N249 Khankan",
    "et": "Age",
    "off": 53128,
    "sff": "8 weeks"
  },
  {
    "docID": "N249 Khankan",
    "et": "Age",
    "off": 21878,
    "sff": "4 weeks"
  },
  {
    "docID": "N249 Khankan",
    "et": "Age",
    "off": 22404,
    "sff": "8 weeks"
  },
  {
    "docID": "N249 Khankan",
    "et": "Age",
    "off": 52867,
    "sff": "8 weeks"
  },
  {
    "docID": "N249 Khankan",
    "et": "Age",
    "off": 62016,
    "sff": "60 d"
  },
  {
    "docID": "N249 Khankan",
    "et": "Age",
    "off": 24829,
    "sff": "2 weeks"
  },
  {
    "docID": "N249 Khankan",
    "et": "Age",
    "off": 40854,
    "sff": "1 week"
  },
  {
    "docID": "N249 Khankan",
    "et": "Age",
    "off": 43122,
    "sff": "4 weeks"
  },
  {
    "docID": "N249 Khankan",
    "et": "Age",
    "off": 31359,
    "sff": "8 weeks"
  },
  {
    "docID": "N249 Khankan",
    "et": "Age",
    "off": 37848,
    "sff": "2 week"
  },
  {
    "docID": "N249 Khankan",
    "et": "Age",
    "off": 49788,
    "sff": "8 weeks"
  },
  {
    "docID": "N249 Khankan",
    "et": "Age",
    "off": 27397,
    "sff": "2 weeks"
  },
  {
    "docID": "N249 Khankan",
    "et": "Age",
    "off": 42819,
    "sff": "4 week"
  },
  {
    "docID": "N249 Khankan",
    "et": "Age",
    "off": 22659,
    "sff": "4 weeks"
  },
  {
    "docID": "N249 Khankan",
    "et": "Age",
    "off": 37511,
    "sff": "1 week"
  },
  {
    "docID": "N249 Khankan",
    "et": "Age",
    "off": 57201,
    "sff": "8 weeks"
  },
  {
    "docID": "N249 Khankan",
    "et": "Age",
    "off": 35086,
    "sff": "2 weeks"
  },
  {
    "docID": "N249 Khankan",
    "et": "Age",
    "off": 52238,
    "sff": "2 weeks"
  },
  {
    "docID": "N249 Khankan",
    "et": "Age",
    "off": 45577,
    "sff": "2 weeks"
  },
  {
    "docID": "N249 Khankan",
    "et": "Age",
    "off": 51565,
    "sff": "8 weeks"
  },
  {
    "docID": "N249 Khankan",
    "et": "Age",
    "off": 35966,
    "sff": "4 weeks"
  },
  {
    "docID": "N249 Khankan",
    "et": "Age",
    "off": 34689,
    "sff": "4 weeks"
  },
  {
    "docID": "N249 Khankan",
    "et": "Age",
    "off": 55051,
    "sff": "2 weeks"
  },
  {
    "docID": "N249 Khankan",
    "et": "Age",
    "off": 31721,
    "sff": "8 weeks"
  },
  {
    "docID": "N249 Khankan",
    "et": "Age",
    "off": 7118,
    "sff": "8‚Äì10 weeks old"
  },
  {
    "docID": "N249 Khankan",
    "et": "Age",
    "off": 31582,
    "sff": "2 weeks"
  },
  {
    "docID": "N249 Khankan",
    "et": "Age",
    "off": 36558,
    "sff": "4 weeks"
  },
  {
    "docID": "N249 Khankan",
    "et": "Age",
    "off": 41169,
    "sff": "4 weeks"
  },
  {
    "docID": "N249 Khankan",
    "et": "Age",
    "off": 22251,
    "sff": "4 weeks"
  },
  {
    "docID": "N249 Khankan",
    "et": "Age",
    "off": 35685,
    "sff": "2 weeks"
  },
  {
    "docID": "N249 Khankan",
    "et": "Age",
    "off": 22118,
    "sff": "2 weeks"
  },
  {
    "docID": "N249 Khankan",
    "et": "Age",
    "off": 56279,
    "sff": "8 weeks"
  },
  {
    "docID": "N249 Khankan",
    "et": "Age",
    "off": 53919,
    "sff": "9D"
  },
  {
    "docID": "N249 Khankan",
    "et": "Age",
    "off": 63973,
    "sff": "2 week"
  },
  {
    "docID": "N249 Khankan",
    "et": "Age",
    "off": 29924,
    "sff": "2 week"
  },
  {
    "docID": "N249 Khankan",
    "et": "Age",
    "off": 41440,
    "sff": "4 weeks"
  },
  {
    "docID": "N249 Khankan",
    "et": "Age",
    "off": 50889,
    "sff": "8 weeks"
  },
  {
    "docID": "N249 Khankan",
    "et": "Age",
    "off": 34746,
    "sff": "4 weeks"
  },
  {
    "docID": "N249 Khankan",
    "et": "Age",
    "off": 50632,
    "sff": "8 weeks"
  },
  {
    "docID": "N249 Khankan",
    "et": "Age",
    "off": 42767,
    "sff": "2 week"
  },
  {
    "docID": "N249 Khankan",
    "et": "Age",
    "off": 32048,
    "sff": "2 weeks"
  },
  {
    "docID": "N249 Khankan",
    "et": "Age",
    "off": 46269,
    "sff": "8 weeks"
  },
  {
    "docID": "N249 Khankan",
    "et": "Age",
    "off": 26556,
    "sff": "8 weeks"
  },
  {
    "docID": "N249 Khankan",
    "et": "Age",
    "off": 50107,
    "sff": "8 weeks"
  },
  {
    "docID": "N249 Khankan",
    "et": "Age",
    "off": 29369,
    "sff": "8 weeks"
  },
  {
    "docID": "N249 Khankan",
    "et": "Age",
    "off": 62000,
    "sff": "7 d"
  },
  {
    "docID": "N249 Khankan",
    "et": "Age",
    "off": 47425,
    "sff": "2 weeks"
  },
  {
    "docID": "N249 Khankan",
    "et": "Age",
    "off": 40512,
    "sff": "2 weeks"
  },
  {
    "docID": "N249 Khankan",
    "et": "Age",
    "off": 31125,
    "sff": "8-week"
  },
  {
    "docID": "N249 Khankan",
    "et": "Age",
    "off": 54093,
    "sff": "2 weeks"
  },
  {
    "docID": "N249 Khankan",
    "et": "Age",
    "off": 13390,
    "sff": "2 weeks"
  },
  {
    "docID": "N249 Khankan",
    "et": "Age",
    "off": 47534,
    "sff": "8 weeks"
  },
  {
    "docID": "N249 Khankan",
    "et": "Age",
    "off": 55982,
    "sff": "8 weeks"
  },
  {
    "docID": "N249 Khankan",
    "et": "Age",
    "off": 49837,
    "sff": "8 weeks"
  },
  {
    "docID": "N249 Khankan",
    "et": "Age",
    "off": 56493,
    "sff": "8 weeks"
  },
  {
    "docID": "N249 Khankan",
    "et": "Age",
    "off": 9845,
    "sff": "12‚Äì14 d"
  },
  {
    "docID": "N249 Khankan",
    "et": "Age",
    "off": 27467,
    "sff": "2 weeks"
  },
  {
    "docID": "N249 Khankan",
    "et": "Age",
    "off": 57023,
    "sff": "8 week"
  },
  {
    "docID": "N249 Khankan",
    "et": "Age",
    "off": 43191,
    "sff": "4 week"
  },
  {
    "docID": "N249 Khankan",
    "et": "Age",
    "off": 5669,
    "sff": "8 weeks"
  },
  {
    "docID": "N249 Khankan",
    "et": "Age",
    "off": 24976,
    "sff": "2 weeks"
  },
  {
    "docID": "N249 Khankan",
    "et": "Age",
    "off": 51235,
    "sff": "8 weeks"
  },
  {
    "docID": "N249 Khankan",
    "et": "Age",
    "off": 23955,
    "sff": "2 weeks"
  },
  {
    "docID": "N249 Khankan",
    "et": "Age",
    "off": 29331,
    "sff": "2 weeks"
  },
  {
    "docID": "N249 Khankan",
    "et": "Age",
    "off": 50578,
    "sff": "2 weeks"
  },
  {
    "docID": "N249 Khankan",
    "et": "Age",
    "off": 43677,
    "sff": "2 weeks"
  },
  {
    "docID": "N249 Khankan",
    "et": "Age",
    "off": 8840,
    "sff": "1‚Äì2 d"
  },
  {
    "docID": "N249 Khankan",
    "et": "Age",
    "off": 55963,
    "sff": "2 weeks"
  },
  {
    "docID": "N249 Khankan",
    "et": "Age",
    "off": 56474,
    "sff": "2 weeks"
  },
  {
    "docID": "N249 Khankan",
    "et": "Age",
    "off": 47269,
    "sff": "2 weeks"
  },
  {
    "docID": "N249 Khankan",
    "et": "Age",
    "off": 54695,
    "sff": "2 weeks"
  },
  {
    "docID": "N249 Khankan",
    "et": "Age",
    "off": 12437,
    "sff": "3 d"
  },
  {
    "docID": "N249 Khankan",
    "et": "Age",
    "off": 51634,
    "sff": "8 week"
  },
  {
    "docID": "N249 Khankan",
    "et": "Age",
    "off": 52501,
    "sff": "8 weeks"
  },
  {
    "docID": "N249 Khankan",
    "et": "Age",
    "off": 34465,
    "sff": "2 weeks"
  },
  {
    "docID": "N249 Khankan",
    "et": "Age",
    "off": 25868,
    "sff": "8 weeks"
  },
  {
    "docID": "N249 Khankan",
    "et": "Age",
    "off": 37493,
    "sff": "2 weeks"
  },
  {
    "docID": "N249 Khankan",
    "et": "Age",
    "off": 49015,
    "sff": "2 weeks"
  },
  {
    "docID": "N249 Khankan",
    "et": "Age",
    "off": 54791,
    "sff": "8 weeks"
  },
  {
    "docID": "N249 Khankan",
    "et": "Age",
    "off": 31493,
    "sff": "8 weeks"
  },
  {
    "docID": "N249 Khankan",
    "et": "Age",
    "off": 52728,
    "sff": "4 weeks"
  },
  {
    "docID": "N249 Khankan",
    "et": "Age",
    "off": 55768,
    "sff": "8 week"
  },
  {
    "docID": "N249 Khankan",
    "et": "Age",
    "off": 36377,
    "sff": "1 week"
  },
  {
    "docID": "N249 Khankan",
    "et": "Age",
    "off": 27134,
    "sff": "8 weeks"
  },
  {
    "docID": "N249 Khankan",
    "et": "Age",
    "off": 37794,
    "sff": "2D"
  },
  {
    "docID": "N249 Khankan",
    "et": "Age",
    "off": 45822,
    "sff": "8 weeks"
  },
  {
    "docID": "N249 Khankan",
    "et": "Age",
    "off": 59888,
    "sff": "4 weeks"
  },
  {
    "docID": "N249 Khankan",
    "et": "Age",
    "off": 52031,
    "sff": "2-week"
  },
  {
    "docID": "N249 Khankan",
    "et": "Age",
    "off": 29178,
    "sff": "8 weeks"
  },
  {
    "docID": "N249 Khankan",
    "et": "Age",
    "off": 50298,
    "sff": "2 weeks"
  },
  {
    "docID": "N249 Khankan",
    "et": "Age",
    "off": 9776,
    "sff": "2 d"
  },
  {
    "docID": "N249 Khankan",
    "et": "Age",
    "off": 36483,
    "sff": "2 weeks"
  },
  {
    "docID": "N249 Khankan",
    "et": "Age",
    "off": 42738,
    "sff": "8 weeks"
  },
  {
    "docID": "N249 Khankan",
    "et": "Age",
    "off": 10124,
    "sff": "5 d"
  }
]
