[
  {
    "docID": "N251 Nategh",
    "et": "Weight",
    "off": 3801,
    "sff": "180-200 g"
  },
  {
    "docID": "N251 Nategh",
    "et": "RatModel",
    "off": 3653,
    "sff": "rat"
  },
  {
    "docID": "N251 Nategh",
    "et": "RabbitSpecies",
    "off": 8742,
    "sff": "rabbit"
  },
  {
    "docID": "N251 Nategh",
    "et": "RabbitSpecies",
    "off": 8797,
    "sff": "rabbit"
  },
  {
    "docID": "N251 Nategh",
    "et": "Mixed",
    "off": 12069,
    "sff": "mixed"
  },
  {
    "docID": "N251 Nategh",
    "et": "Mixed",
    "off": 7104,
    "sff": "mixed"
  },
  {
    "docID": "N251 Nategh",
    "et": "Mixed",
    "off": 3930,
    "sff": "Mixed"
  },
  {
    "docID": "N251 Nategh",
    "et": "RabbitModel",
    "off": 8797,
    "sff": "rabbit"
  },
  {
    "docID": "N251 Nategh",
    "et": "RabbitModel",
    "off": 8742,
    "sff": "rabbit"
  },
  {
    "docID": "N251 Nategh",
    "et": "WistarRat",
    "off": 3780,
    "sff": "Wistar"
  },
  {
    "docID": "N251 Nategh",
    "et": "WistarRat",
    "off": 3780,
    "sff": "Wistar rats"
  },
  {
    "docID": "N251 Nategh",
    "et": "RatSpecies",
    "off": 3653,
    "sff": "rat"
  },
  {
    "docID": "N251 Nategh",
    "et": "Female",
    "off": 3766,
    "sff": "female"
  },
  {
    "docID": "N251 Nategh",
    "et": "Age",
    "off": 6014,
    "sff": "four weeks"
  },
  {
    "docID": "N251 Nategh",
    "et": "Age",
    "off": 773,
    "sff": "six months"
  },
  {
    "docID": "N251 Nategh",
    "et": "Age",
    "off": 11588,
    "sff": "one week"
  },
  {
    "docID": "N251 Nategh",
    "et": "Age",
    "off": 11070,
    "sff": "one week"
  },
  {
    "docID": "N251 Nategh",
    "et": "Age",
    "off": 5141,
    "sff": "three days"
  },
  {
    "docID": "N251 Nategh",
    "et": "Age",
    "off": 15025,
    "sff": "seven days"
  },
  {
    "docID": "N251 Nategh",
    "et": "Age",
    "off": 7821,
    "sff": "nine weeks"
  },
  {
    "docID": "N251 Nategh",
    "et": "Age",
    "off": 17525,
    "sff": "one week"
  },
  {
    "docID": "N251 Nategh",
    "et": "Age",
    "off": 5309,
    "sff": "two months"
  },
  {
    "docID": "N251 Nategh",
    "et": "Age",
    "off": 4208,
    "sff": "six months"
  },
  {
    "docID": "N251 Nategh",
    "et": "Age",
    "off": 10766,
    "sff": "One day"
  },
  {
    "docID": "N251 Nategh",
    "et": "Age",
    "off": 6815,
    "sff": "One week"
  },
  {
    "docID": "N251 Nategh",
    "et": "Age",
    "off": 11111,
    "sff": "21 weeks"
  },
  {
    "docID": "N251 Nategh",
    "et": "Age",
    "off": 5728,
    "sff": "3- to 5-day-old"
  },
  {
    "docID": "N251 Nategh",
    "et": "Age",
    "off": 11729,
    "sff": "21 weeks"
  },
  {
    "docID": "N251 Nategh",
    "et": "Age",
    "off": 614,
    "sff": "one week"
  },
  {
    "docID": "N251 Nategh",
    "et": "Age",
    "off": 7875,
    "sff": "160 days"
  },
  {
    "docID": "N251 Nategh",
    "et": "Age",
    "off": 9800,
    "sff": "one week"
  }
]
