[
  {
    "docID": "N253 Salehi 2009",
    "et": "Weight",
    "off": 3862,
    "sff": "250-300 g"
  },
  {
    "docID": "N253 Salehi 2009",
    "et": "RatModel",
    "off": 22480,
    "sff": "rat"
  },
  {
    "docID": "N253 Salehi 2009",
    "et": "RatModel",
    "off": 23424,
    "sff": "rat"
  },
  {
    "docID": "N253 Salehi 2009",
    "et": "RatModel",
    "off": 13157,
    "sff": "rat"
  },
  {
    "docID": "N253 Salehi 2009",
    "et": "Patient",
    "off": 1828,
    "sff": "patient"
  },
  {
    "docID": "N253 Salehi 2009",
    "et": "NewZealandRabbit",
    "off": 23256,
    "sff": "new"
  },
  {
    "docID": "N253 Salehi 2009",
    "et": "NewZealandRabbit",
    "off": 30946,
    "sff": "new"
  },
  {
    "docID": "N253 Salehi 2009",
    "et": "NewZealandRabbit",
    "off": 1887,
    "sff": "new"
  },
  {
    "docID": "N253 Salehi 2009",
    "et": "Aged",
    "off": 3843,
    "sff": "aged"
  },
  {
    "docID": "N253 Salehi 2009",
    "et": "MouseModel",
    "off": 3180,
    "sff": "mouse"
  },
  {
    "docID": "N253 Salehi 2009",
    "et": "MouseModel",
    "off": 8799,
    "sff": "mouse"
  },
  {
    "docID": "N253 Salehi 2009",
    "et": "MouseModel",
    "off": 14400,
    "sff": "mouse"
  },
  {
    "docID": "N253 Salehi 2009",
    "et": "MouseModel",
    "off": 6659,
    "sff": "mouse"
  },
  {
    "docID": "N253 Salehi 2009",
    "et": "MouseModel",
    "off": 625,
    "sff": "mouse"
  },
  {
    "docID": "N253 Salehi 2009",
    "et": "MouseModel",
    "off": 8881,
    "sff": "mouse"
  },
  {
    "docID": "N253 Salehi 2009",
    "et": "MouseModel",
    "off": 8594,
    "sff": "mouse"
  },
  {
    "docID": "N253 Salehi 2009",
    "et": "WistarRat",
    "off": 9722,
    "sff": "Wistar rats"
  },
  {
    "docID": "N253 Salehi 2009",
    "et": "WistarRat",
    "off": 3822,
    "sff": "Wistar"
  },
  {
    "docID": "N253 Salehi 2009",
    "et": "WistarRat",
    "off": 3822,
    "sff": "Wistar rats"
  },
  {
    "docID": "N253 Salehi 2009",
    "et": "WistarRat",
    "off": 9722,
    "sff": "Wistar"
  },
  {
    "docID": "N253 Salehi 2009",
    "et": "RatSpecies",
    "off": 22480,
    "sff": "rat"
  },
  {
    "docID": "N253 Salehi 2009",
    "et": "RatSpecies",
    "off": 23424,
    "sff": "rat"
  },
  {
    "docID": "N253 Salehi 2009",
    "et": "RatSpecies",
    "off": 13157,
    "sff": "rat"
  },
  {
    "docID": "N253 Salehi 2009",
    "et": "MouseSpecies",
    "off": 6659,
    "sff": "mouse"
  },
  {
    "docID": "N253 Salehi 2009",
    "et": "MouseSpecies",
    "off": 8594,
    "sff": "mouse"
  },
  {
    "docID": "N253 Salehi 2009",
    "et": "MouseSpecies",
    "off": 625,
    "sff": "mouse"
  },
  {
    "docID": "N253 Salehi 2009",
    "et": "MouseSpecies",
    "off": 8881,
    "sff": "mouse"
  },
  {
    "docID": "N253 Salehi 2009",
    "et": "MouseSpecies",
    "off": 14400,
    "sff": "mouse"
  },
  {
    "docID": "N253 Salehi 2009",
    "et": "MouseSpecies",
    "off": 8799,
    "sff": "mouse"
  },
  {
    "docID": "N253 Salehi 2009",
    "et": "MouseSpecies",
    "off": 3180,
    "sff": "mouse"
  },
  {
    "docID": "N253 Salehi 2009",
    "et": "Adult",
    "off": 9709,
    "sff": "adult"
  },
  {
    "docID": "N253 Salehi 2009",
    "et": "Adult",
    "off": 21876,
    "sff": "adult"
  },
  {
    "docID": "N253 Salehi 2009",
    "et": "Adult",
    "off": 3809,
    "sff": "Adult"
  },
  {
    "docID": "N253 Salehi 2009",
    "et": "LongEvansRat",
    "off": 22271,
    "sff": "long"
  },
  {
    "docID": "N253 Salehi 2009",
    "et": "LongEvansRat",
    "off": 21012,
    "sff": "long"
  },
  {
    "docID": "N253 Salehi 2009",
    "et": "Female",
    "off": 684,
    "sff": "female"
  },
  {
    "docID": "N253 Salehi 2009",
    "et": "Female",
    "off": 3815,
    "sff": "female"
  },
  {
    "docID": "N253 Salehi 2009",
    "et": "Female",
    "off": 9715,
    "sff": "female"
  },
  {
    "docID": "N253 Salehi 2009",
    "et": "Age",
    "off": 3848,
    "sff": "6-8 weeks"
  },
  {
    "docID": "N253 Salehi 2009",
    "et": "Age",
    "off": 20203,
    "sff": "6D"
  },
  {
    "docID": "N253 Salehi 2009",
    "et": "Age",
    "off": 10942,
    "sff": "9 days"
  },
  {
    "docID": "N253 Salehi 2009",
    "et": "Age",
    "off": 15511,
    "sff": "4 weeks"
  },
  {
    "docID": "N253 Salehi 2009",
    "et": "Age",
    "off": 17527,
    "sff": "nine days"
  },
  {
    "docID": "N253 Salehi 2009",
    "et": "Age",
    "off": 18198,
    "sff": "4 weeks"
  },
  {
    "docID": "N253 Salehi 2009",
    "et": "Age",
    "off": 11726,
    "sff": "3 days"
  },
  {
    "docID": "N253 Salehi 2009",
    "et": "Age",
    "off": 15797,
    "sff": "4 weeks"
  },
  {
    "docID": "N253 Salehi 2009",
    "et": "Age",
    "off": 11910,
    "sff": "28 days"
  },
  {
    "docID": "N253 Salehi 2009",
    "et": "Age",
    "off": 7605,
    "sff": "4 days"
  },
  {
    "docID": "N253 Salehi 2009",
    "et": "Age",
    "off": 16395,
    "sff": "Two days"
  },
  {
    "docID": "N253 Salehi 2009",
    "et": "Age",
    "off": 18509,
    "sff": "four weeks"
  },
  {
    "docID": "N253 Salehi 2009",
    "et": "Age",
    "off": 7785,
    "sff": "3 days"
  },
  {
    "docID": "N253 Salehi 2009",
    "et": "Age",
    "off": 11793,
    "sff": "28 days"
  },
  {
    "docID": "N253 Salehi 2009",
    "et": "Age",
    "off": 15166,
    "sff": "4 weeks"
  },
  {
    "docID": "N253 Salehi 2009",
    "et": "Age",
    "off": 6532,
    "sff": "2 days"
  }
]
