[
  {
    "docID": "N254 Tsa 2017",
    "et": "Weight",
    "off": 25799,
    "sff": "3g"
  },
  {
    "docID": "N254 Tsa 2017",
    "et": "Weight",
    "off": 25908,
    "sff": "3g"
  },
  {
    "docID": "N254 Tsa 2017",
    "et": "RatModel",
    "off": 23081,
    "sff": "rat"
  },
  {
    "docID": "N254 Tsa 2017",
    "et": "RatModel",
    "off": 6326,
    "sff": "rat"
  },
  {
    "docID": "N254 Tsa 2017",
    "et": "RatModel",
    "off": 26863,
    "sff": "rat"
  },
  {
    "docID": "N254 Tsa 2017",
    "et": "RatModel",
    "off": 29967,
    "sff": "rat"
  },
  {
    "docID": "N254 Tsa 2017",
    "et": "RatModel",
    "off": 3941,
    "sff": "rat"
  },
  {
    "docID": "N254 Tsa 2017",
    "et": "RatModel",
    "off": 36484,
    "sff": "rat"
  },
  {
    "docID": "N254 Tsa 2017",
    "et": "RatModel",
    "off": 7538,
    "sff": "rat"
  },
  {
    "docID": "N254 Tsa 2017",
    "et": "RatModel",
    "off": 16707,
    "sff": "rat"
  },
  {
    "docID": "N254 Tsa 2017",
    "et": "AnimalSpecies",
    "off": 34460,
    "sff": "species"
  },
  {
    "docID": "N254 Tsa 2017",
    "et": "NewZealandRabbit",
    "off": 37213,
    "sff": "new"
  },
  {
    "docID": "N254 Tsa 2017",
    "et": "RabbitSpecies",
    "off": 15616,
    "sff": "rabbit"
  },
  {
    "docID": "N254 Tsa 2017",
    "et": "RabbitSpecies",
    "off": 5937,
    "sff": "rabbit"
  },
  {
    "docID": "N254 Tsa 2017",
    "et": "RabbitSpecies",
    "off": 15576,
    "sff": "rabbit"
  },
  {
    "docID": "N254 Tsa 2017",
    "et": "RabbitSpecies",
    "off": 5721,
    "sff": "rabbit"
  },
  {
    "docID": "N254 Tsa 2017",
    "et": "RabbitSpecies",
    "off": 5806,
    "sff": "rabbit"
  },
  {
    "docID": "N254 Tsa 2017",
    "et": "Mixed",
    "off": 7427,
    "sff": "Mixed"
  },
  {
    "docID": "N254 Tsa 2017",
    "et": "Mixed",
    "off": 18519,
    "sff": "mixed"
  },
  {
    "docID": "N254 Tsa 2017",
    "et": "MouseModel",
    "off": 5864,
    "sff": "mouse"
  },
  {
    "docID": "N254 Tsa 2017",
    "et": "MouseModel",
    "off": 5731,
    "sff": "mouse"
  },
  {
    "docID": "N254 Tsa 2017",
    "et": "RabbitModel",
    "off": 15576,
    "sff": "rabbit"
  },
  {
    "docID": "N254 Tsa 2017",
    "et": "RabbitModel",
    "off": 5721,
    "sff": "rabbit"
  },
  {
    "docID": "N254 Tsa 2017",
    "et": "RabbitModel",
    "off": 5806,
    "sff": "rabbit"
  },
  {
    "docID": "N254 Tsa 2017",
    "et": "RabbitModel",
    "off": 15616,
    "sff": "rabbit"
  },
  {
    "docID": "N254 Tsa 2017",
    "et": "RabbitModel",
    "off": 5937,
    "sff": "rabbit"
  },
  {
    "docID": "N254 Tsa 2017",
    "et": "RatSpecies",
    "off": 23081,
    "sff": "rat"
  },
  {
    "docID": "N254 Tsa 2017",
    "et": "RatSpecies",
    "off": 26863,
    "sff": "rat"
  },
  {
    "docID": "N254 Tsa 2017",
    "et": "RatSpecies",
    "off": 29967,
    "sff": "rat"
  },
  {
    "docID": "N254 Tsa 2017",
    "et": "RatSpecies",
    "off": 7538,
    "sff": "rat"
  },
  {
    "docID": "N254 Tsa 2017",
    "et": "RatSpecies",
    "off": 36484,
    "sff": "rat"
  },
  {
    "docID": "N254 Tsa 2017",
    "et": "RatSpecies",
    "off": 16707,
    "sff": "rat"
  },
  {
    "docID": "N254 Tsa 2017",
    "et": "RatSpecies",
    "off": 6326,
    "sff": "rat"
  },
  {
    "docID": "N254 Tsa 2017",
    "et": "RatSpecies",
    "off": 3941,
    "sff": "rat"
  },
  {
    "docID": "N254 Tsa 2017",
    "et": "MouseSpecies",
    "off": 5864,
    "sff": "mouse"
  },
  {
    "docID": "N254 Tsa 2017",
    "et": "MouseSpecies",
    "off": 5731,
    "sff": "mouse"
  },
  {
    "docID": "N254 Tsa 2017",
    "et": "Adult",
    "off": 26881,
    "sff": "Adult"
  },
  {
    "docID": "N254 Tsa 2017",
    "et": "Adult",
    "off": 1927,
    "sff": "adult"
  },
  {
    "docID": "N254 Tsa 2017",
    "et": "Adult",
    "off": 2201,
    "sff": "adult"
  },
  {
    "docID": "N254 Tsa 2017",
    "et": "Adult",
    "off": 6300,
    "sff": "adult"
  },
  {
    "docID": "N254 Tsa 2017",
    "et": "Adult",
    "off": 36478,
    "sff": "adult"
  },
  {
    "docID": "N254 Tsa 2017",
    "et": "Adult",
    "off": 10440,
    "sff": "Adult"
  },
  {
    "docID": "N254 Tsa 2017",
    "et": "Adult",
    "off": 23075,
    "sff": "adult"
  },
  {
    "docID": "N254 Tsa 2017",
    "et": "Adult",
    "off": 20491,
    "sff": "Adult"
  },
  {
    "docID": "N254 Tsa 2017",
    "et": "Adult",
    "off": 32867,
    "sff": "adult"
  },
  {
    "docID": "N254 Tsa 2017",
    "et": "Age",
    "off": 29782,
    "sff": "12 week"
  },
  {
    "docID": "N254 Tsa 2017",
    "et": "Age",
    "off": 21872,
    "sff": "12 weeks"
  },
  {
    "docID": "N254 Tsa 2017",
    "et": "Age",
    "off": 20758,
    "sff": "3 weeks"
  },
  {
    "docID": "N254 Tsa 2017",
    "et": "Age",
    "off": 9433,
    "sff": "2–3 days"
  },
  {
    "docID": "N254 Tsa 2017",
    "et": "Age",
    "off": 16248,
    "sff": "12 weeks"
  },
  {
    "docID": "N254 Tsa 2017",
    "et": "Age",
    "off": 7271,
    "sff": "2–3 days"
  },
  {
    "docID": "N254 Tsa 2017",
    "et": "Age",
    "off": 42677,
    "sff": "twelve-week"
  },
  {
    "docID": "N254 Tsa 2017",
    "et": "Age",
    "off": 37626,
    "sff": "three weeks"
  },
  {
    "docID": "N254 Tsa 2017",
    "et": "Age",
    "off": 35421,
    "sff": "three week"
  },
  {
    "docID": "N254 Tsa 2017",
    "et": "Age",
    "off": 6987,
    "sff": "2 days"
  },
  {
    "docID": "N254 Tsa 2017",
    "et": "Age",
    "off": 27628,
    "sff": "5d"
  },
  {
    "docID": "N254 Tsa 2017",
    "et": "Age",
    "off": 29687,
    "sff": "12 week"
  },
  {
    "docID": "N254 Tsa 2017",
    "et": "Age",
    "off": 1160,
    "sff": "6 weeks"
  },
  {
    "docID": "N254 Tsa 2017",
    "et": "Age",
    "off": 43023,
    "sff": "twelve-week"
  },
  {
    "docID": "N254 Tsa 2017",
    "et": "Age",
    "off": 12144,
    "sff": "12 week"
  },
  {
    "docID": "N254 Tsa 2017",
    "et": "Age",
    "off": 31744,
    "sff": "12 weeks"
  },
  {
    "docID": "N254 Tsa 2017",
    "et": "Age",
    "off": 42505,
    "sff": "4 weeks"
  },
  {
    "docID": "N254 Tsa 2017",
    "et": "Age",
    "off": 12603,
    "sff": "2 days"
  },
  {
    "docID": "N254 Tsa 2017",
    "et": "Age",
    "off": 21052,
    "sff": "3 weeks"
  },
  {
    "docID": "N254 Tsa 2017",
    "et": "Age",
    "off": 39103,
    "sff": "3 weeks"
  },
  {
    "docID": "N254 Tsa 2017",
    "et": "Age",
    "off": 23633,
    "sff": "1d"
  },
  {
    "docID": "N254 Tsa 2017",
    "et": "Age",
    "off": 23965,
    "sff": "2–3 days"
  },
  {
    "docID": "N254 Tsa 2017",
    "et": "Age",
    "off": 29472,
    "sff": "6 weeks"
  },
  {
    "docID": "N254 Tsa 2017",
    "et": "Age",
    "off": 29488,
    "sff": "12 weeks"
  },
  {
    "docID": "N254 Tsa 2017",
    "et": "Age",
    "off": 13164,
    "sff": "3 days"
  },
  {
    "docID": "N254 Tsa 2017",
    "et": "Age",
    "off": 28211,
    "sff": "3 week"
  },
  {
    "docID": "N254 Tsa 2017",
    "et": "Age",
    "off": 20598,
    "sff": "one week"
  },
  {
    "docID": "N254 Tsa 2017",
    "et": "Age",
    "off": 37936,
    "sff": "three weeks"
  },
  {
    "docID": "N254 Tsa 2017",
    "et": "Age",
    "off": 20409,
    "sff": "3 week"
  },
  {
    "docID": "N254 Tsa 2017",
    "et": "Age",
    "off": 11899,
    "sff": "3 months"
  },
  {
    "docID": "N254 Tsa 2017",
    "et": "Age",
    "off": 20965,
    "sff": "3 weeks"
  },
  {
    "docID": "N254 Tsa 2017",
    "et": "Age",
    "off": 18013,
    "sff": "3 days"
  },
  {
    "docID": "N254 Tsa 2017",
    "et": "Age",
    "off": 42936,
    "sff": "sevenmonth"
  },
  {
    "docID": "N254 Tsa 2017",
    "et": "Age",
    "off": 1318,
    "sff": "10–12 weeks"
  },
  {
    "docID": "N254 Tsa 2017",
    "et": "Age",
    "off": 20262,
    "sff": "1 week"
  },
  {
    "docID": "N254 Tsa 2017",
    "et": "Age",
    "off": 30673,
    "sff": "12 weeks"
  },
  {
    "docID": "N254 Tsa 2017",
    "et": "Age",
    "off": 9635,
    "sff": "2 – 3 days"
  },
  {
    "docID": "N254 Tsa 2017",
    "et": "Age",
    "off": 7054,
    "sff": "2 days"
  },
  {
    "docID": "N254 Tsa 2017",
    "et": "Age",
    "off": 31248,
    "sff": "8d"
  },
  {
    "docID": "N254 Tsa 2017",
    "et": "Age",
    "off": 16971,
    "sff": "3 days"
  },
  {
    "docID": "N254 Tsa 2017",
    "et": "Age",
    "off": 37656,
    "sff": "one week"
  },
  {
    "docID": "N254 Tsa 2017",
    "et": "Age",
    "off": 42391,
    "sff": "4–6 weeks"
  },
  {
    "docID": "N254 Tsa 2017",
    "et": "Age",
    "off": 25490,
    "sff": "2 days"
  },
  {
    "docID": "N254 Tsa 2017",
    "et": "Age",
    "off": 30020,
    "sff": "12 weeks"
  },
  {
    "docID": "N254 Tsa 2017",
    "et": "Age",
    "off": 7564,
    "sff": "15–17 days"
  },
  {
    "docID": "N254 Tsa 2017",
    "et": "Age",
    "off": 13001,
    "sff": "12 weeks"
  },
  {
    "docID": "N254 Tsa 2017",
    "et": "Age",
    "off": 8238,
    "sff": "Two days"
  },
  {
    "docID": "N254 Tsa 2017",
    "et": "Age",
    "off": 30401,
    "sff": "12 week"
  },
  {
    "docID": "N254 Tsa 2017",
    "et": "Age",
    "off": 27554,
    "sff": "one week"
  }
]
