[
  {
    "docID": "N001 Yoo, Khaled et al. 2013",
    "et": "Adult",
    "off": 51907,
    "sff": "adult"
  },
  {
    "docID": "N001 Yoo, Khaled et al. 2013",
    "et": "Age",
    "off": 36423,
    "sff": "Animals Eight-week-old"
  },
  {
    "docID": "N001 Yoo, Khaled et al. 2013",
    "et": "Adult",
    "off": 2302,
    "sff": "adult"
  },
  {
    "docID": "N001 Yoo, Khaled et al. 2013",
    "et": "Adult",
    "off": 60495,
    "sff": "adult"
  },
  {
    "docID": "N001 Yoo, Khaled et al. 2013",
    "et": "Age",
    "off": 10241,
    "sff": "9 weeks (C–E"
  },
  {
    "docID": "N001 Yoo, Khaled et al. 2013",
    "et": "Female",
    "off": 36454,
    "sff": "female"
  },
  {
    "docID": "N001 Yoo, Khaled et al. 2013",
    "et": "C57_BL6_Mouse",
    "off": 36446,
    "sff": "C57BL/6"
  },
  {
    "docID": "N001 Yoo, Khaled et al. 2013",
    "et": "Age",
    "off": 36431,
    "sff": "Eight-week-old"
  }
]
