[
  {
    "docID": "N002 Takeuchi, Yoshioka, N.a  b  c  d et al. 2013",
    "et": "C57_BL6_Mouse",
    "off": 31036,
    "sff": "C57BL/6N"
  },
  {
    "docID": "N002 Takeuchi, Yoshioka, N.a  b  c  d et al. 2013",
    "et": "Adult",
    "off": 2011,
    "sff": "adult"
  },
  {
    "docID": "N002 Takeuchi, Yoshioka, N.a  b  c  d et al. 2013",
    "et": "C57_BL6_Mouse",
    "off": 31725,
    "sff": "C57BL/6N"
  },
  {
    "docID": "N002 Takeuchi, Yoshioka, N.a  b  c  d et al. 2013",
    "et": "Male",
    "off": 31880,
    "sff": "male"
  },
  {
    "docID": "N002 Takeuchi, Yoshioka, N.a  b  c  d et al. 2013",
    "et": "C57_BL6_Mouse",
    "off": 31641,
    "sff": "C57BL/6N"
  },
  {
    "docID": "N002 Takeuchi, Yoshioka, N.a  b  c  d et al. 2013",
    "et": "C57_BL6_Mouse",
    "off": 31098,
    "sff": "C57BL/6N"
  },
  {
    "docID": "N002 Takeuchi, Yoshioka, N.a  b  c  d et al. 2013",
    "et": "Adult",
    "off": 1764,
    "sff": "adult"
  },
  {
    "docID": "N002 Takeuchi, Yoshioka, N.a  b  c  d et al. 2013",
    "et": "Age",
    "off": 31854,
    "sff": "8–10 weeks"
  }
]
