[
  {
    "docID": "N003 Starkey, Bartus et al. 2012",
    "et": "C57_BL6_Mouse",
    "off": 8851,
    "sff": "C57BL/6 mice"
  },
  {
    "docID": "N003 Starkey, Bartus et al. 2012",
    "et": "Male",
    "off": 8846,
    "sff": "male"
  },
  {
    "docID": "N003 Starkey, Bartus et al. 2012",
    "et": "FischerRat",
    "off": 76606,
    "sff": "Fischer"
  },
  {
    "docID": "N003 Starkey, Bartus et al. 2012",
    "et": "Weight",
    "off": 8877,
    "sff": "20–25 g"
  },
  {
    "docID": "N003 Starkey, Bartus et al. 2012",
    "et": "C57_BL6_Mouse",
    "off": 8851,
    "sff": "C57BL/6"
  },
  {
    "docID": "N003 Starkey, Bartus et al. 2012",
    "et": "C57_BL6_Mouse",
    "off": 1021,
    "sff": "C57BL/6 mice"
  },
  {
    "docID": "N003 Starkey, Bartus et al. 2012",
    "et": "Adult",
    "off": 8840,
    "sff": "adult"
  },
  {
    "docID": "N003 Starkey, Bartus et al. 2012",
    "et": "CatSpecies",
    "off": 81181,
    "sff": "cats"
  }
]
