[
  {
    "docID": "N004 Bukhari, Torres et al. 2011",
    "et": "RatSpecies",
    "off": 14752,
    "sff": "rat"
  },
  {
    "docID": "N004 Bukhari, Torres et al. 2011",
    "et": "Adult",
    "off": 62032,
    "sff": "adult"
  },
  {
    "docID": "N004 Bukhari, Torres et al. 2011",
    "et": "C57_BL6_Mouse",
    "off": 5167,
    "sff": "C57BL/6"
  },
  {
    "docID": "N004 Bukhari, Torres et al. 2011",
    "et": "Adult",
    "off": 61691,
    "sff": "adult"
  },
  {
    "docID": "N004 Bukhari, Torres et al. 2011",
    "et": "Adult",
    "off": 60676,
    "sff": "Adult"
  },
  {
    "docID": "N004 Bukhari, Torres et al. 2011",
    "et": "C57_BL6_Mouse",
    "off": 5118,
    "sff": "C57BL/6"
  },
  {
    "docID": "N004 Bukhari, Torres et al. 2011",
    "et": "Adult",
    "off": 5161,
    "sff": "adult"
  },
  {
    "docID": "N004 Bukhari, Torres et al. 2011",
    "et": "RatSpecies",
    "off": 3947,
    "sff": "rat"
  },
  {
    "docID": "N004 Bukhari, Torres et al. 2011",
    "et": "Weight",
    "off": 5205,
    "sff": "25–30 g"
  },
  {
    "docID": "N004 Bukhari, Torres et al. 2011",
    "et": "Adult",
    "off": 64691,
    "sff": "adult"
  },
  {
    "docID": "N004 Bukhari, Torres et al. 2011",
    "et": "Adult",
    "off": 61892,
    "sff": "adult"
  }
]
