[
  {
    "docID": "N005 DePaul, Lin et al. 2015",
    "et": "Female",
    "off": 5706,
    "sff": "female"
  },
  {
    "docID": "N005 DePaul, Lin et al. 2015",
    "et": "C57_BL6_Mouse",
    "off": 57752,
    "sff": "C57BL/6"
  },
  {
    "docID": "N005 DePaul, Lin et al. 2015",
    "et": "Age",
    "off": 5727,
    "sff": "8 to 10 weeks"
  },
  {
    "docID": "N005 DePaul, Lin et al. 2015",
    "et": "C57_BL6_Mouse",
    "off": 5713,
    "sff": "C57BL/6 mice"
  },
  {
    "docID": "N005 DePaul, Lin et al. 2015",
    "et": "Adult",
    "off": 5700,
    "sff": "adult"
  },
  {
    "docID": "N005 DePaul, Lin et al. 2015",
    "et": "C57_BL6_Mouse",
    "off": 57752,
    "sff": "C57BL/6 mice"
  },
  {
    "docID": "N005 DePaul, Lin et al. 2015",
    "et": "C57_BL6_Mouse",
    "off": 5713,
    "sff": "C57BL/6"
  },
  {
    "docID": "N005 DePaul, Lin et al. 2015",
    "et": "Age",
    "off": 57766,
    "sff": "8 to 10 weeks"
  }
]
