[
  {
    "docID": "N006 Filous, Tran et al. 2014",
    "et": "SpragueDawleyRat",
    "off": 17617,
    "sff": "Sprague Dawley rats"
  },
  {
    "docID": "N006 Filous, Tran et al. 2014",
    "et": "SpragueDawleyRat",
    "off": 17625,
    "sff": "Dawley"
  },
  {
    "docID": "N006 Filous, Tran et al. 2014",
    "et": "Adult",
    "off": 17611,
    "sff": "adult"
  },
  {
    "docID": "N006 Filous, Tran et al. 2014",
    "et": "Weight",
    "off": 17638,
    "sff": "250 –300 g"
  },
  {
    "docID": "N006 Filous, Tran et al. 2014",
    "et": "SpragueDawleyRat",
    "off": 17617,
    "sff": "Sprague"
  },
  {
    "docID": "N006 Filous, Tran et al. 2014",
    "et": "Female",
    "off": 17604,
    "sff": "Female"
  },
  {
    "docID": "N006 Filous, Tran et al. 2014",
    "et": "C57_BL6_Mouse",
    "off": 5443,
    "sff": "C57BL/6J mice"
  },
  {
    "docID": "N006 Filous, Tran et al. 2014",
    "et": "LongEvansRat",
    "off": 364,
    "sff": "Evans"
  }
]
