[
  {
    "docID": "N007 Ishikawa 2015",
    "et": "WistarRat",
    "off": 6172,
    "sff": "rats"
  },
  {
    "docID": "N007 Ishikawa 2015",
    "et": "SpragueDawleyRat",
    "off": 6157,
    "sff": "Sprague-Dawley"
  },
  {
    "docID": "N007 Ishikawa 2015",
    "et": "CatSpecies",
    "off": 20259,
    "sff": "cat"
  },
  {
    "docID": "N007 Ishikawa 2015",
    "et": "Female",
    "off": 6150,
    "sff": "female"
  },
  {
    "docID": "N007 Ishikawa 2015",
    "et": "Weight",
    "off": 6186,
    "sff": "200-230 g"
  },
  {
    "docID": "N007 Ishikawa 2015",
    "et": "SpragueDawleyRat",
    "off": 6157,
    "sff": "Sprague-Dawley rats"
  },
  {
    "docID": "N007 Ishikawa 2015",
    "et": "Adult",
    "off": 6144,
    "sff": "Adult"
  },
  {
    "docID": "N007 Ishikawa 2015",
    "et": "RatSpecies",
    "off": 281,
    "sff": "rat"
  }
]
