[
  {
    "docID": "N011 Arsen 2010",
    "et": "SpragueDawleyRat",
    "off": 6293,
    "sff": "Sprague Dawley rats"
  },
  {
    "docID": "N011 Arsen 2010",
    "et": "Female",
    "off": 6286,
    "sff": "female"
  },
  {
    "docID": "N011 Arsen 2010",
    "et": "Adult",
    "off": 6271,
    "sff": "adult"
  },
  {
    "docID": "N011 Arsen 2010",
    "et": "Adult",
    "off": 57262,
    "sff": "adult"
  },
  {
    "docID": "N011 Arsen 2010",
    "et": "Age",
    "off": 3543,
    "sff": "14 weeks"
  },
  {
    "docID": "N011 Arsen 2010",
    "et": "Adult",
    "off": 44838,
    "sff": "adult"
  },
  {
    "docID": "N011 Arsen 2010",
    "et": "Adult",
    "off": 51974,
    "sff": "adult"
  },
  {
    "docID": "N011 Arsen 2010",
    "et": "Age",
    "off": 32900,
    "sff": "3 D, E"
  }
]
