[
  {
    "docID": "N012 Bradbury 2002 11948352",
    "et": "Male",
    "off": 15306,
    "sff": "male"
  },
  {
    "docID": "N012 Bradbury 2002 11948352",
    "et": "Adult",
    "off": 1543,
    "sff": "adult"
  },
  {
    "docID": "N012 Bradbury 2002 11948352",
    "et": "Adult",
    "off": 15300,
    "sff": "adult"
  },
  {
    "docID": "N012 Bradbury 2002 11948352",
    "et": "WistarRat",
    "off": 15311,
    "sff": "Wistar rats"
  },
  {
    "docID": "N012 Bradbury 2002 11948352",
    "et": "Adult",
    "off": 23586,
    "sff": "adult"
  },
  {
    "docID": "N012 Bradbury 2002 11948352",
    "et": "Adult",
    "off": 25827,
    "sff": "adult"
  },
  {
    "docID": "N012 Bradbury 2002 11948352",
    "et": "Adult",
    "off": 942,
    "sff": "adult"
  },
  {
    "docID": "N012 Bradbury 2002 11948352",
    "et": "Adult",
    "off": 2191,
    "sff": "Adult"
  }
]
