[
  {
    "docID": "N013 CaffertyCafferty",
    "et": "WistarRat",
    "off": 7011,
    "sff": "Wistar rats"
  },
  {
    "docID": "N013 CaffertyCafferty",
    "et": "Adult",
    "off": 11873,
    "sff": "adult"
  },
  {
    "docID": "N013 CaffertyCafferty",
    "et": "Weight",
    "off": 9678,
    "sff": "mM NaF, 1µg"
  },
  {
    "docID": "N013 CaffertyCafferty",
    "et": "Male",
    "off": 7006,
    "sff": "male"
  },
  {
    "docID": "N013 CaffertyCafferty",
    "et": "Weight",
    "off": 29446,
    "sff": "C6 C6 G B"
  },
  {
    "docID": "N013 CaffertyCafferty",
    "et": "Weight",
    "off": 11923,
    "sff": "1.25 g"
  },
  {
    "docID": "N013 CaffertyCafferty",
    "et": "Male",
    "off": 11879,
    "sff": "male"
  },
  {
    "docID": "N013 CaffertyCafferty",
    "et": "Adult",
    "off": 7000,
    "sff": "adult"
  }
]
