[
  {
    "docID": "N014 Didangelos 2014 25471580",
    "et": "Weight",
    "off": 2845,
    "sff": "200 g; Harlan Laboratories"
  },
  {
    "docID": "N014 Didangelos 2014 25471580",
    "et": "Weight",
    "off": 4867,
    "sff": "250 -350 g"
  },
  {
    "docID": "N014 Didangelos 2014 25471580",
    "et": "SpragueDawleyRat",
    "off": 2823,
    "sff": "Sprague Dawley rats"
  },
  {
    "docID": "N014 Didangelos 2014 25471580",
    "et": "Adult",
    "off": 2810,
    "sff": "Adult"
  },
  {
    "docID": "N014 Didangelos 2014 25471580",
    "et": "Female",
    "off": 2816,
    "sff": "female"
  },
  {
    "docID": "N014 Didangelos 2014 25471580",
    "et": "Weight",
    "off": 4872,
    "sff": "350 g) Animals"
  }
]
