[
  {
    "docID": "N015 Garc%C3%ADa-Al%C3%ADas 2008 18158149",
    "et": "Adult",
    "off": 33172,
    "sff": "adult"
  },
  {
    "docID": "N015 Garc%C3%ADa-Al%C3%ADas 2008 18158149",
    "et": "Adult",
    "off": 36420,
    "sff": "adult"
  },
  {
    "docID": "N015 Garc%C3%ADa-Al%C3%ADas 2008 18158149",
    "et": "ListerHoodedRat",
    "off": 5029,
    "sff": "Lister Hooded rats"
  },
  {
    "docID": "N015 Garc%C3%ADa-Al%C3%ADas 2008 18158149",
    "et": "Weight",
    "off": 5049,
    "sff": "250-300 g"
  },
  {
    "docID": "N015 Garc%C3%ADa-Al%C3%ADas 2008 18158149",
    "et": "Adult",
    "off": 32284,
    "sff": "adult"
  },
  {
    "docID": "N015 Garc%C3%ADa-Al%C3%ADas 2008 18158149",
    "et": "Adult",
    "off": 28542,
    "sff": "adult"
  },
  {
    "docID": "N015 Garc%C3%ADa-Al%C3%ADas 2008 18158149",
    "et": "Adult",
    "off": 30334,
    "sff": "adult"
  },
  {
    "docID": "N015 Garc%C3%ADa-Al%C3%ADas 2008 18158149",
    "et": "Adult",
    "off": 29823,
    "sff": "adult"
  },
  {
    "docID": "N015 Garc%C3%ADa-Al%C3%ADas 2008 18158149",
    "et": "Adult",
    "off": 28153,
    "sff": "adult"
  },
  {
    "docID": "N015 Garc%C3%ADa-Al%C3%ADas 2008 18158149",
    "et": "Adult",
    "off": 36249,
    "sff": "adult"
  },
  {
    "docID": "N015 Garc%C3%ADa-Al%C3%ADas 2008 18158149",
    "et": "Adult",
    "off": 30282,
    "sff": "adult"
  }
]
