[
  {
    "docID": "N016 Grosso 2014 24871142",
    "et": "SpragueDawleyRat",
    "off": 6821,
    "sff": "Sprague-Dawley"
  },
  {
    "docID": "N016 Grosso 2014 24871142",
    "et": "Weight",
    "off": 6858,
    "sff": "250 to 300 g"
  },
  {
    "docID": "N016 Grosso 2014 24871142",
    "et": "SpragueDawleyRat",
    "off": 18793,
    "sff": "SD"
  },
  {
    "docID": "N016 Grosso 2014 24871142",
    "et": "Adult",
    "off": 6808,
    "sff": "Adult"
  },
  {
    "docID": "N016 Grosso 2014 24871142",
    "et": "SpragueDawleyRat",
    "off": 19733,
    "sff": "SD"
  },
  {
    "docID": "N016 Grosso 2014 24871142",
    "et": "SpragueDawleyRat",
    "off": 20741,
    "sff": "SD"
  },
  {
    "docID": "N016 Grosso 2014 24871142",
    "et": "Female",
    "off": 6814,
    "sff": "female"
  },
  {
    "docID": "N016 Grosso 2014 24871142",
    "et": "SpragueDawleyRat",
    "off": 6821,
    "sff": "Sprague-Dawley rats"
  }
]
