[
  {
    "docID": "N017 Karimi-Abdolrezaee 2012  22629425",
    "et": "WistarRat",
    "off": 6487,
    "sff": "Wistar rats"
  },
  {
    "docID": "N017 Karimi-Abdolrezaee 2012  22629425",
    "et": "Weight",
    "off": 6500,
    "sff": "250 g"
  },
  {
    "docID": "N017 Karimi-Abdolrezaee 2012  22629425",
    "et": "Weight",
    "off": 7772,
    "sff": "received a 23 g"
  },
  {
    "docID": "N017 Karimi-Abdolrezaee 2012  22629425",
    "et": "Female",
    "off": 6480,
    "sff": "female"
  },
  {
    "docID": "N017 Karimi-Abdolrezaee 2012  22629425",
    "et": "Age",
    "off": 10013,
    "sff": "model No.1007D, 0.5"
  },
  {
    "docID": "N017 Karimi-Abdolrezaee 2012  22629425",
    "et": "Adult",
    "off": 6474,
    "sff": "adult"
  }
]
