[
  {
    "docID": "N018 Wang 2012 22728374",
    "et": "Weight",
    "off": 10717,
    "sff": "250–270 g"
  },
  {
    "docID": "N018 Wang 2012 22728374",
    "et": "FischerRat",
    "off": 6440,
    "sff": "Fischer"
  },
  {
    "docID": "N018 Wang 2012 22728374",
    "et": "Female",
    "off": 10676,
    "sff": "female"
  },
  {
    "docID": "N018 Wang 2012 22728374",
    "et": "Age",
    "off": 10704,
    "sff": "11–12 weeks"
  },
  {
    "docID": "N018 Wang 2012 22728374",
    "et": "SpragueDawleyRat",
    "off": 10683,
    "sff": "Sprague–Dawley rats"
  },
  {
    "docID": "N018 Wang 2012 22728374",
    "et": "SpragueDawleyRat",
    "off": 10683,
    "sff": "Sprague–Dawley"
  },
  {
    "docID": "N018 Wang 2012 22728374",
    "et": "FischerRat",
    "off": 44274,
    "sff": "Fischer"
  },
  {
    "docID": "N018 Wang 2012 22728374",
    "et": "FischerRat",
    "off": 29474,
    "sff": "Fischer"
  }
]
