[
  {
    "docID": "N019 Xia 2008  18930033",
    "et": "SpragueDawleyRat",
    "off": 4051,
    "sff": "Sprague– Dawley rats"
  },
  {
    "docID": "N019 Xia 2008  18930033",
    "et": "WistarRat",
    "off": 4067,
    "sff": "rats"
  },
  {
    "docID": "N019 Xia 2008  18930033",
    "et": "Weight",
    "off": 4081,
    "sff": "250–300 g"
  },
  {
    "docID": "N019 Xia 2008  18930033",
    "et": "Female",
    "off": 4044,
    "sff": "female"
  },
  {
    "docID": "N019 Xia 2008  18930033",
    "et": "SpragueDawleyRat",
    "off": 4051,
    "sff": "Sprague"
  },
  {
    "docID": "N019 Xia 2008  18930033",
    "et": "Adult",
    "off": 4038,
    "sff": "Adult"
  },
  {
    "docID": "N019 Xia 2008  18930033",
    "et": "SpragueDawleyRat",
    "off": 4060,
    "sff": "Dawley"
  },
  {
    "docID": "N019 Xia 2008  18930033",
    "et": "SpragueDawleyRat",
    "off": 8050,
    "sff": "SD"
  }
]
