[
  {
    "docID": "N022 Yick 2003 12821386",
    "et": "SpragueDawleyRat",
    "off": 5856,
    "sff": "Spraque-Dawley rats"
  },
  {
    "docID": "N022 Yick 2003 12821386",
    "et": "Young",
    "off": 5809,
    "sff": "Neonatal"
  },
  {
    "docID": "N022 Yick 2003 12821386",
    "et": "Age",
    "off": 5838,
    "sff": "9-week-old"
  },
  {
    "docID": "N022 Yick 2003 12821386",
    "et": "Adult",
    "off": 5832,
    "sff": "adult"
  },
  {
    "docID": "N022 Yick 2003 12821386",
    "et": "Age",
    "off": 5818,
    "sff": "7-day-old"
  },
  {
    "docID": "N022 Yick 2003 12821386",
    "et": "Female",
    "off": 5849,
    "sff": "female"
  },
  {
    "docID": "N022 Yick 2003 12821386",
    "et": "Age",
    "off": 5798,
    "sff": "procedures Neonatal 7-day-old"
  }
]
