[
  {
    "docID": "N023 Hunanyan 2013 23864374",
    "et": "CatSpecies",
    "off": 58962,
    "sff": "cat"
  },
  {
    "docID": "N023 Hunanyan 2013 23864374",
    "et": "SpragueDawleyRat",
    "off": 11617,
    "sff": "Sprague-Dawley rats"
  },
  {
    "docID": "N023 Hunanyan 2013 23864374",
    "et": "Female",
    "off": 11610,
    "sff": "female"
  },
  {
    "docID": "N023 Hunanyan 2013 23864374",
    "et": "Adult",
    "off": 11595,
    "sff": "adult"
  },
  {
    "docID": "N023 Hunanyan 2013 23864374",
    "et": "CatSpecies",
    "off": 3089,
    "sff": "cats"
  },
  {
    "docID": "N023 Hunanyan 2013 23864374",
    "et": "CatSpecies",
    "off": 39601,
    "sff": "cats"
  },
  {
    "docID": "N023 Hunanyan 2013 23864374",
    "et": "CatSpecies",
    "off": 25637,
    "sff": "cats"
  },
  {
    "docID": "N023 Hunanyan 2013 23864374",
    "et": "SpragueDawleyRat",
    "off": 11617,
    "sff": "Sprague-Dawley"
  }
]
