[
  {
    "docID": "N024 Chau 2004 14630702",
    "et": "WistarRat",
    "off": 4604,
    "sff": "rats"
  },
  {
    "docID": "N024 Chau 2004 14630702",
    "et": "Adult",
    "off": 776,
    "sff": "adult"
  },
  {
    "docID": "N024 Chau 2004 14630702",
    "et": "Age",
    "off": 5828,
    "sff": "1D"
  },
  {
    "docID": "N024 Chau 2004 14630702",
    "et": "Age",
    "off": 3771,
    "sff": "pump took 3 weeks"
  },
  {
    "docID": "N024 Chau 2004 14630702",
    "et": "RatSpecies",
    "off": 782,
    "sff": "rat"
  },
  {
    "docID": "N024 Chau 2004 14630702",
    "et": "Age",
    "off": 5823,
    "sff": "Fig. 1D"
  },
  {
    "docID": "N024 Chau 2004 14630702",
    "et": "Age",
    "off": 3839,
    "sff": "2 weeks"
  },
  {
    "docID": "N024 Chau 2004 14630702",
    "et": "Age",
    "off": 3762,
    "sff": "infusion pump took 3 weeks"
  },
  {
    "docID": "N024 Chau 2004 14630702",
    "et": "Age",
    "off": 3781,
    "sff": "3 weeks"
  },
  {
    "docID": "N024 Chau 2004 14630702",
    "et": "Age",
    "off": 5818,
    "sff": "152; Fig. 1D"
  },
  {
    "docID": "N024 Chau 2004 14630702",
    "et": "Age",
    "off": 3832,
    "sff": "end of 2 weeks"
  },
  {
    "docID": "N024 Chau 2004 14630702",
    "et": "Age",
    "off": 3776,
    "sff": "took 3 weeks to decay"
  },
  {
    "docID": "N024 Chau 2004 14630702",
    "et": "WistarRat",
    "off": 4953,
    "sff": "rats"
  }
]
