[
  {
    "docID": "N025 Fouad 2005 15689553",
    "et": "Weight",
    "off": 452,
    "sff": "T6G"
  },
  {
    "docID": "N025 Fouad 2005 15689553",
    "et": "Adult",
    "off": 8247,
    "sff": "adult"
  },
  {
    "docID": "N025 Fouad 2005 15689553",
    "et": "FischerRat",
    "off": 8260,
    "sff": "Fischer rats"
  },
  {
    "docID": "N025 Fouad 2005 15689553",
    "et": "Female",
    "off": 8253,
    "sff": "female"
  },
  {
    "docID": "N025 Fouad 2005 15689553",
    "et": "Weight",
    "off": 8274,
    "sff": "165- 180 g"
  },
  {
    "docID": "N025 Fouad 2005 15689553",
    "et": "Weight",
    "off": 8279,
    "sff": "180 g"
  }
]
