[
  {
    "docID": "N026 Garcia-Alias 2009 19668200",
    "et": "Adult",
    "off": 49037,
    "sff": "adult"
  },
  {
    "docID": "N026 Garcia-Alias 2009 19668200",
    "et": "Adult",
    "off": 42334,
    "sff": "adult"
  },
  {
    "docID": "N026 Garcia-Alias 2009 19668200",
    "et": "Weight",
    "off": 4542,
    "sff": "250-300 g"
  },
  {
    "docID": "N026 Garcia-Alias 2009 19668200",
    "et": "Adult",
    "off": 47045,
    "sff": "adult"
  },
  {
    "docID": "N026 Garcia-Alias 2009 19668200",
    "et": "Adult",
    "off": 44820,
    "sff": "adult"
  },
  {
    "docID": "N026 Garcia-Alias 2009 19668200",
    "et": "Adult",
    "off": 44407,
    "sff": "adult"
  },
  {
    "docID": "N026 Garcia-Alias 2009 19668200",
    "et": "ListerHoodedRat",
    "off": 4522,
    "sff": "Lister Hooded rats"
  },
  {
    "docID": "N026 Garcia-Alias 2009 19668200",
    "et": "Male",
    "off": 4517,
    "sff": "Male"
  }
]
