[
  {
    "docID": "N027 Houle 2006",
    "et": "Age",
    "off": 7103,
    "sff": "1007D"
  },
  {
    "docID": "N027 Houle 2006",
    "et": "Female",
    "off": 5619,
    "sff": "female"
  },
  {
    "docID": "N027 Houle 2006",
    "et": "Adult",
    "off": 5601,
    "sff": "Adult"
  },
  {
    "docID": "N027 Houle 2006",
    "et": "Age",
    "off": 36294,
    "sff": "Fig. 8 D"
  },
  {
    "docID": "N027 Houle 2006",
    "et": "Weight",
    "off": 5681,
    "sff": "60 mg"
  },
  {
    "docID": "N027 Houle 2006",
    "et": "SpragueDawleyRat",
    "off": 5626,
    "sff": "Sprague Dawley rats"
  },
  {
    "docID": "N027 Houle 2006",
    "et": "Weight",
    "off": 5612,
    "sff": "250 g"
  },
  {
    "docID": "N027 Houle 2006",
    "et": "Weight",
    "off": 5608,
    "sff": "225-250 g"
  }
]
