[
  {
    "docID": "N028 James 2015 26044197",
    "et": "Weight",
    "off": 15411,
    "sff": "70.3 g, whilst"
  },
  {
    "docID": "N028 James 2015 26044197",
    "et": "WistarRat",
    "off": 5800,
    "sff": "rats"
  },
  {
    "docID": "N028 James 2015 26044197",
    "et": "Weight",
    "off": 5806,
    "sff": "230-250 g"
  },
  {
    "docID": "N028 James 2015 26044197",
    "et": "SpragueDawleyRat",
    "off": 5785,
    "sff": "Sprague-Dawley"
  },
  {
    "docID": "N028 James 2015 26044197",
    "et": "SpragueDawleyRat",
    "off": 5785,
    "sff": "Sprague-Dawley rats"
  },
  {
    "docID": "N028 James 2015 26044197",
    "et": "Adult",
    "off": 5774,
    "sff": "Adult"
  },
  {
    "docID": "N028 James 2015 26044197",
    "et": "Male",
    "off": 5780,
    "sff": "male"
  }
]
