[
  {
    "docID": "N029 Kanno 2014 24478364",
    "et": "FischerRat",
    "off": 14694,
    "sff": "Fischer rats"
  },
  {
    "docID": "N029 Kanno 2014 24478364",
    "et": "Female",
    "off": 14687,
    "sff": "female"
  },
  {
    "docID": "N029 Kanno 2014 24478364",
    "et": "Weight",
    "off": 14728,
    "sff": "180 g"
  },
  {
    "docID": "N029 Kanno 2014 24478364",
    "et": "Adult",
    "off": 14681,
    "sff": "Adult"
  },
  {
    "docID": "N029 Kanno 2014 24478364",
    "et": "Weight",
    "off": 14723,
    "sff": "160 -180 g"
  }
]
