[
  {
    "docID": "N030 Massey 2006 16624960",
    "et": "Adult",
    "off": 5780,
    "sff": "adult"
  },
  {
    "docID": "N030 Massey 2006 16624960",
    "et": "WistarRat",
    "off": 5818,
    "sff": "rats"
  },
  {
    "docID": "N030 Massey 2006 16624960",
    "et": "Male",
    "off": 5786,
    "sff": "male"
  },
  {
    "docID": "N030 Massey 2006 16624960",
    "et": "Weight",
    "off": 5792,
    "sff": "250–300 g"
  },
  {
    "docID": "N030 Massey 2006 16624960",
    "et": "SpragueDawleyRat",
    "off": 5803,
    "sff": "Sprague Dawley rats"
  },
  {
    "docID": "N030 Massey 2006 16624960",
    "et": "SpragueDawleyRat",
    "off": 5811,
    "sff": "Dawley"
  },
  {
    "docID": "N030 Massey 2006 16624960",
    "et": "CatSpecies",
    "off": 46694,
    "sff": "cat"
  },
  {
    "docID": "N030 Massey 2006 16624960",
    "et": "SpragueDawleyRat",
    "off": 5803,
    "sff": "Sprague"
  }
]
