[
  {
    "docID": "N031 Sarveazad 2013 25691946",
    "et": "Male",
    "off": 7413,
    "sff": "male"
  },
  {
    "docID": "N031 Sarveazad 2013 25691946",
    "et": "Adult",
    "off": 7407,
    "sff": "adult"
  },
  {
    "docID": "N031 Sarveazad 2013 25691946",
    "et": "LewisRat",
    "off": 9738,
    "sff": "Rat"
  },
  {
    "docID": "N031 Sarveazad 2013 25691946",
    "et": "WistarRat",
    "off": 7418,
    "sff": "wistar rats"
  },
  {
    "docID": "N031 Sarveazad 2013 25691946",
    "et": "CatSpecies",
    "off": 32813,
    "sff": "cats"
  },
  {
    "docID": "N031 Sarveazad 2013 25691946",
    "et": "CatSpecies",
    "off": 33288,
    "sff": "cat"
  },
  {
    "docID": "N031 Sarveazad 2013 25691946",
    "et": "WistarRat",
    "off": 7425,
    "sff": "rats"
  },
  {
    "docID": "N031 Sarveazad 2013 25691946",
    "et": "Weight",
    "off": 7455,
    "sff": "250-350g (Pasteur"
  }
]
