[
  {
    "docID": "N032 Wang 2011  21697383",
    "et": "Male",
    "off": 5338,
    "sff": "Male"
  },
  {
    "docID": "N032 Wang 2011  21697383",
    "et": "Adult",
    "off": 3353,
    "sff": "adult"
  },
  {
    "docID": "N032 Wang 2011  21697383",
    "et": "ListerHoodedRat",
    "off": 5343,
    "sff": "Lister hooded rats"
  },
  {
    "docID": "N032 Wang 2011  21697383",
    "et": "Adult",
    "off": 68146,
    "sff": "adult"
  },
  {
    "docID": "N032 Wang 2011  21697383",
    "et": "Adult",
    "off": 4179,
    "sff": "adult"
  },
  {
    "docID": "N032 Wang 2011  21697383",
    "et": "Adult",
    "off": 60533,
    "sff": "adult"
  },
  {
    "docID": "N032 Wang 2011  21697383",
    "et": "Weight",
    "off": 5363,
    "sff": "150 -200 g"
  },
  {
    "docID": "N032 Wang 2011  21697383",
    "et": "Adult",
    "off": 68396,
    "sff": "adult"
  }
]
