[
  {
    "docID": "N034 Wilems 2015 26384702",
    "et": "Female",
    "off": 16815,
    "sff": "female"
  },
  {
    "docID": "N034 Wilems 2015 26384702",
    "et": "Age",
    "off": 13975,
    "sff": "3D"
  },
  {
    "docID": "N034 Wilems 2015 26384702",
    "et": "Age",
    "off": 13893,
    "sff": "3D"
  },
  {
    "docID": "N034 Wilems 2015 26384702",
    "et": "LongEvansRat",
    "off": 16822,
    "sff": "Long-Evans rats"
  },
  {
    "docID": "N034 Wilems 2015 26384702",
    "et": "Weight",
    "off": 16843,
    "sff": "275 g"
  },
  {
    "docID": "N034 Wilems 2015 26384702",
    "et": "Weight",
    "off": 16839,
    "sff": "250-275 g"
  }
]
