[
  {
    "docID": "N035 Zhang 2013 24220426",
    "et": "Female",
    "off": 6866,
    "sff": "female"
  },
  {
    "docID": "N035 Zhang 2013 24220426",
    "et": "SpragueDawleyRat",
    "off": 6408,
    "sff": "SD"
  },
  {
    "docID": "N035 Zhang 2013 24220426",
    "et": "Adult",
    "off": 6873,
    "sff": "adult"
  },
  {
    "docID": "N035 Zhang 2013 24220426",
    "et": "Weight",
    "off": 6912,
    "sff": "200Y250 g"
  },
  {
    "docID": "N035 Zhang 2013 24220426",
    "et": "WistarRat",
    "off": 6894,
    "sff": "rats"
  },
  {
    "docID": "N035 Zhang 2013 24220426",
    "et": "SpragueDawleyRat",
    "off": 6879,
    "sff": "Sprague-Dawley"
  },
  {
    "docID": "N035 Zhang 2013 24220426",
    "et": "SpragueDawleyRat",
    "off": 6879,
    "sff": "Sprague-Dawley rats"
  },
  {
    "docID": "N035 Zhang 2013 24220426",
    "et": "SpragueDawleyRat",
    "off": 6460,
    "sff": "SD"
  }
]
