[
  {
    "docID": "N036 Shields 2008 18486695",
    "et": "Female",
    "off": 7078,
    "sff": "female"
  },
  {
    "docID": "N036 Shields 2008 18486695",
    "et": "Weight",
    "off": 7106,
    "sff": "200-225 g"
  },
  {
    "docID": "N036 Shields 2008 18486695",
    "et": "SpragueDawleyRat",
    "off": 832,
    "sff": "Sprague-Dawley"
  },
  {
    "docID": "N036 Shields 2008 18486695",
    "et": "SpragueDawleyRat",
    "off": 7085,
    "sff": "Sprague-Dawley rats"
  },
  {
    "docID": "N036 Shields 2008 18486695",
    "et": "SpragueDawleyRat",
    "off": 7085,
    "sff": "Sprague-Dawley"
  },
  {
    "docID": "N036 Shields 2008 18486695",
    "et": "WistarRat",
    "off": 7100,
    "sff": "rats"
  },
  {
    "docID": "N036 Shields 2008 18486695",
    "et": "Adult",
    "off": 7072,
    "sff": "adult"
  },
  {
    "docID": "N036 Shields 2008 18486695",
    "et": "SpragueDawleyRat",
    "off": 832,
    "sff": "Sprague-Dawley rats"
  }
]
