[
  {
    "docID": "N040 Kim 2006 16705682",
    "et": "Female",
    "off": 6564,
    "sff": "female"
  },
  {
    "docID": "N040 Kim 2006 16705682",
    "et": "Adult",
    "off": 6558,
    "sff": "Adult"
  },
  {
    "docID": "N040 Kim 2006 16705682",
    "et": "SpragueDawleyRat",
    "off": 6571,
    "sff": "Sprague Dawley rats"
  },
  {
    "docID": "N040 Kim 2006 16705682",
    "et": "Age",
    "off": 6613,
    "sff": "age 2-3 months"
  },
  {
    "docID": "N040 Kim 2006 16705682",
    "et": "Age",
    "off": 6619,
    "sff": "3 months; Zivic"
  },
  {
    "docID": "N040 Kim 2006 16705682",
    "et": "Age",
    "off": 6617,
    "sff": "2-3 months"
  },
  {
    "docID": "N040 Kim 2006 16705682",
    "et": "Weight",
    "off": 6600,
    "sff": "200 -250 g"
  }
]
