[
  {
    "docID": "N041 Alluin 2014 25350665",
    "et": "WistarRat",
    "off": 10814,
    "sff": "Wistar rats"
  },
  {
    "docID": "N041 Alluin 2014 25350665",
    "et": "Weight",
    "off": 10827,
    "sff": "250-275 g"
  },
  {
    "docID": "N041 Alluin 2014 25350665",
    "et": "Adult",
    "off": 10801,
    "sff": "adult"
  },
  {
    "docID": "N041 Alluin 2014 25350665",
    "et": "Age",
    "off": 15781,
    "sff": "model  No.1007D, 0.5"
  },
  {
    "docID": "N041 Alluin 2014 25350665",
    "et": "Female",
    "off": 10807,
    "sff": "female"
  },
  {
    "docID": "N041 Alluin 2014 25350665",
    "et": "Weight",
    "off": 10831,
    "sff": "275 g"
  },
  {
    "docID": "N041 Alluin 2014 25350665",
    "et": "Weight",
    "off": 14702,
    "sff": "received a 23.8 g"
  }
]
