[
  {
    "docID": "N042 Huang 2010 20079803",
    "et": "Weight",
    "off": 5374,
    "sff": "250-300 g"
  },
  {
    "docID": "N042 Huang 2010 20079803",
    "et": "Age",
    "off": 12215,
    "sff": "8-week"
  },
  {
    "docID": "N042 Huang 2010 20079803",
    "et": "WistarRat",
    "off": 2850,
    "sff": "rats"
  },
  {
    "docID": "N042 Huang 2010 20079803",
    "et": "Adult",
    "off": 24410,
    "sff": "adult"
  },
  {
    "docID": "N042 Huang 2010 20079803",
    "et": "Weight",
    "off": 5378,
    "sff": "300 g) and"
  },
  {
    "docID": "N042 Huang 2010 20079803",
    "et": "WistarRat",
    "off": 5259,
    "sff": "rats"
  },
  {
    "docID": "N042 Huang 2010 20079803",
    "et": "WistarRat",
    "off": 22093,
    "sff": "rats"
  },
  {
    "docID": "N042 Huang 2010 20079803",
    "et": "WistarRat",
    "off": 14958,
    "sff": "rats"
  },
  {
    "docID": "N042 Huang 2010 20079803",
    "et": "WistarRat",
    "off": 7759,
    "sff": "rats"
  }
]
