[
  {
    "docID": "N045 Novotna 2011 21630006",
    "et": "Adult",
    "off": 6491,
    "sff": "Adult"
  },
  {
    "docID": "N045 Novotna 2011 21630006",
    "et": "Adult",
    "off": 43220,
    "sff": "adult"
  },
  {
    "docID": "N045 Novotna 2011 21630006",
    "et": "Weight",
    "off": 6519,
    "sff": "320 g"
  },
  {
    "docID": "N045 Novotna 2011 21630006",
    "et": "WistarRat",
    "off": 6502,
    "sff": "Wistar rats"
  },
  {
    "docID": "N045 Novotna 2011 21630006",
    "et": "Weight",
    "off": 6515,
    "sff": "290-320 g"
  },
  {
    "docID": "N045 Novotna 2011 21630006",
    "et": "Adult",
    "off": 7134,
    "sff": "adult"
  },
  {
    "docID": "N045 Novotna 2011 21630006",
    "et": "Male",
    "off": 6497,
    "sff": "male"
  }
]
