[
  {
    "docID": "N046 Imagama 2011 22114278",
    "et": "Weight",
    "off": 7813,
    "sff": "200 -230 g"
  },
  {
    "docID": "N046 Imagama 2011 22114278",
    "et": "Female",
    "off": 7777,
    "sff": "female"
  },
  {
    "docID": "N046 Imagama 2011 22114278",
    "et": "SpragueDawleyRat",
    "off": 7784,
    "sff": "Sprague"
  },
  {
    "docID": "N046 Imagama 2011 22114278",
    "et": "Adult",
    "off": 7771,
    "sff": "Adult"
  },
  {
    "docID": "N046 Imagama 2011 22114278",
    "et": "SpragueDawleyRat",
    "off": 21927,
    "sff": "Sprague Dawley rats"
  },
  {
    "docID": "N046 Imagama 2011 22114278",
    "et": "SpragueDawleyRat",
    "off": 7784,
    "sff": "Sprague Dawley rats"
  },
  {
    "docID": "N046 Imagama 2011 22114278",
    "et": "SpragueDawleyRat",
    "off": 7792,
    "sff": "Dawley"
  },
  {
    "docID": "N046 Imagama 2011 22114278",
    "et": "SpragueDawleyRat",
    "off": 21935,
    "sff": "Dawley"
  }
]
