[
  {
    "docID": "N047 Zhao 2011 21855577",
    "et": "Adult",
    "off": 16532,
    "sff": "adult"
  },
  {
    "docID": "N047 Zhao 2011 21855577",
    "et": "Age",
    "off": 48298,
    "sff": "8-10 weeks"
  },
  {
    "docID": "N047 Zhao 2011 21855577",
    "et": "ListerHoodedRat",
    "off": 16538,
    "sff": "Lister Hooded rats"
  },
  {
    "docID": "N047 Zhao 2011 21855577",
    "et": "Male",
    "off": 16527,
    "sff": "Male"
  },
  {
    "docID": "N047 Zhao 2011 21855577",
    "et": "Age",
    "off": 16562,
    "sff": "3 months"
  },
  {
    "docID": "N047 Zhao 2011 21855577",
    "et": "Age",
    "off": 16557,
    "sff": "aged 3 months"
  }
]
