[
  {
    "docID": "N048 Garcia-Alias 2015 25666586",
    "et": "Female",
    "off": 7513,
    "sff": "female"
  },
  {
    "docID": "N048 Garcia-Alias 2015 25666586",
    "et": "Adult",
    "off": 7507,
    "sff": "adult"
  },
  {
    "docID": "N048 Garcia-Alias 2015 25666586",
    "et": "Weight",
    "off": 7541,
    "sff": "300 g"
  },
  {
    "docID": "N048 Garcia-Alias 2015 25666586",
    "et": "Weight",
    "off": 7537,
    "sff": "280-300 g"
  },
  {
    "docID": "N048 Garcia-Alias 2015 25666586",
    "et": "LongEvansRat",
    "off": 7520,
    "sff": "Long Evans rats"
  },
  {
    "docID": "N048 Garcia-Alias 2015 25666586",
    "et": "Weight",
    "off": 23513,
    "sff": "and 332 ±  35 g"
  }
]
