[
  {
    "docID": "N051 Bai, Peng et al. 2010",
    "et": "WistarRat",
    "off": 5951,
    "sff": "Wistar rats"
  },
  {
    "docID": "N051 Bai, Peng et al. 2010",
    "et": "Weight",
    "off": 5941,
    "sff": "‚àº240 g"
  },
  {
    "docID": "N051 Bai, Peng et al. 2010",
    "et": "Weight",
    "off": 5942,
    "sff": "àº240 g"
  },
  {
    "docID": "N051 Bai, Peng et al. 2010",
    "et": "Female",
    "off": 5930,
    "sff": "female"
  },
  {
    "docID": "N051 Bai, Peng et al. 2010",
    "et": "Age",
    "off": 82,
    "sff": "0852-y"
  },
  {
    "docID": "N051 Bai, Peng et al. 2010",
    "et": "Age",
    "off": 78,
    "sff": "010-0852-y"
  },
  {
    "docID": "N051 Bai, Peng et al. 2010",
    "et": "Weight",
    "off": 5938,
    "sff": "220‚àº240 g"
  },
  {
    "docID": "N051 Bai, Peng et al. 2010",
    "et": "Adult",
    "off": 5924,
    "sff": "Adult"
  }
]
