[
  {
    "docID": "N053 Caggiano, Zimber et al. 2005",
    "et": "Adult",
    "off": 48159,
    "sff": "adult"
  },
  {
    "docID": "N053 Caggiano, Zimber et al. 2005",
    "et": "Female",
    "off": 852,
    "sff": "female"
  },
  {
    "docID": "N053 Caggiano, Zimber et al. 2005",
    "et": "Adult",
    "off": 42589,
    "sff": "adult"
  },
  {
    "docID": "N053 Caggiano, Zimber et al. 2005",
    "et": "LongEvansRat",
    "off": 859,
    "sff": "Long-Evans rats"
  },
  {
    "docID": "N053 Caggiano, Zimber et al. 2005",
    "et": "Adult",
    "off": 48968,
    "sff": "adult"
  },
  {
    "docID": "N053 Caggiano, Zimber et al. 2005",
    "et": "Adult",
    "off": 4264,
    "sff": "adult"
  },
  {
    "docID": "N053 Caggiano, Zimber et al. 2005",
    "et": "Adult",
    "off": 51222,
    "sff": "adult"
  },
  {
    "docID": "N053 Caggiano, Zimber et al. 2005",
    "et": "Adult",
    "off": 42645,
    "sff": "adult"
  },
  {
    "docID": "N053 Caggiano, Zimber et al. 2005",
    "et": "Adult",
    "off": 35653,
    "sff": "adult"
  },
  {
    "docID": "N053 Caggiano, Zimber et al. 2005",
    "et": "Adult",
    "off": 41428,
    "sff": "adult"
  },
  {
    "docID": "N053 Caggiano, Zimber et al. 2005",
    "et": "Weight",
    "off": 12337,
    "sff": "228µg"
  }
]
