[
  {
    "docID": "N054 Cholas, Hsu et al. 2012",
    "et": "Adult",
    "off": 6204,
    "sff": "adult"
  },
  {
    "docID": "N054 Cholas, Hsu et al. 2012",
    "et": "LewisRat",
    "off": 15621,
    "sff": "Lewis rats"
  },
  {
    "docID": "N054 Cholas, Hsu et al. 2012",
    "et": "Female",
    "off": 15614,
    "sff": "female"
  },
  {
    "docID": "N054 Cholas, Hsu et al. 2012",
    "et": "Adult",
    "off": 1851,
    "sff": "adult"
  },
  {
    "docID": "N054 Cholas, Hsu et al. 2012",
    "et": "Age",
    "off": 11940,
    "sff": "5–7-week-old"
  },
  {
    "docID": "N054 Cholas, Hsu et al. 2012",
    "et": "Adult",
    "off": 55270,
    "sff": "adult"
  },
  {
    "docID": "N054 Cholas, Hsu et al. 2012",
    "et": "Adult",
    "off": 15608,
    "sff": "Adult"
  },
  {
    "docID": "N054 Cholas, Hsu et al. 2012",
    "et": "Weight",
    "off": 15711,
    "sff": "150–175 grams"
  }
]
