[
  {
    "docID": "N055 Fouad, Pearse et al. 2009",
    "et": "Age",
    "off": 6579,
    "sff": "12 weeks"
  },
  {
    "docID": "N055 Fouad, Pearse et al. 2009",
    "et": "Age",
    "off": 14562,
    "sff": "12 weeks"
  },
  {
    "docID": "N055 Fouad, Pearse et al. 2009",
    "et": "FischerRat",
    "off": 5099,
    "sff": "Fischer rats"
  },
  {
    "docID": "N055 Fouad, Pearse et al. 2009",
    "et": "Female",
    "off": 5092,
    "sff": "female"
  },
  {
    "docID": "N055 Fouad, Pearse et al. 2009",
    "et": "Adult",
    "off": 5086,
    "sff": "adult"
  },
  {
    "docID": "N055 Fouad, Pearse et al. 2009",
    "et": "Weight",
    "off": 5437,
    "sff": "200 g"
  },
  {
    "docID": "N055 Fouad, Pearse et al. 2009",
    "et": "Female",
    "off": 26300,
    "sff": "female"
  }
]
