[
  {
    "docID": "N058 Iaci, Vecchione et al. 2007",
    "et": "Adult",
    "off": 50672,
    "sff": "adult"
  },
  {
    "docID": "N058 Iaci, Vecchione et al. 2007",
    "et": "LongEvansRat",
    "off": 767,
    "sff": "Long-Evans rats"
  },
  {
    "docID": "N058 Iaci, Vecchione et al. 2007",
    "et": "Adult",
    "off": 60671,
    "sff": "adult"
  },
  {
    "docID": "N058 Iaci, Vecchione et al. 2007",
    "et": "Adult",
    "off": 60176,
    "sff": "adult"
  },
  {
    "docID": "N058 Iaci, Vecchione et al. 2007",
    "et": "Adult",
    "off": 53169,
    "sff": "adult"
  },
  {
    "docID": "N058 Iaci, Vecchione et al. 2007",
    "et": "Adult",
    "off": 8499,
    "sff": "adult"
  },
  {
    "docID": "N058 Iaci, Vecchione et al. 2007",
    "et": "Adult",
    "off": 60422,
    "sff": "adult"
  },
  {
    "docID": "N058 Iaci, Vecchione et al. 2007",
    "et": "Female",
    "off": 760,
    "sff": "Female"
  },
  {
    "docID": "N058 Iaci, Vecchione et al. 2007",
    "et": "Female",
    "off": 8505,
    "sff": "female"
  },
  {
    "docID": "N058 Iaci, Vecchione et al. 2007",
    "et": "Adult",
    "off": 54174,
    "sff": "adult"
  },
  {
    "docID": "N058 Iaci, Vecchione et al. 2007",
    "et": "Adult",
    "off": 56830,
    "sff": "adult"
  }
]
