[
  {
    "docID": "N059 Ikegami, Nakamura et al. 2005",
    "et": "Adult",
    "off": 11704,
    "sff": "Adult"
  },
  {
    "docID": "N059 Ikegami, Nakamura et al. 2005",
    "et": "Female",
    "off": 11722,
    "sff": "female"
  },
  {
    "docID": "N059 Ikegami, Nakamura et al. 2005",
    "et": "Weight",
    "off": 11711,
    "sff": "230–250 g"
  },
  {
    "docID": "N059 Ikegami, Nakamura et al. 2005",
    "et": "SpragueDawleyRat",
    "off": 6199,
    "sff": "Sprague-Dawley rats"
  },
  {
    "docID": "N059 Ikegami, Nakamura et al. 2005",
    "et": "SpragueDawleyRat",
    "off": 11729,
    "sff": "Sprague-Dawley rats"
  },
  {
    "docID": "N059 Ikegami, Nakamura et al. 2005",
    "et": "SpragueDawleyRat",
    "off": 29586,
    "sff": "Sprague-Dawley rats"
  },
  {
    "docID": "N059 Ikegami, Nakamura et al. 2005",
    "et": "SpragueDawleyRat",
    "off": 29586,
    "sff": "Sprague-Dawley"
  },
  {
    "docID": "N059 Ikegami, Nakamura et al. 2005",
    "et": "SpragueDawleyRat",
    "off": 11729,
    "sff": "Sprague-Dawley"
  }
]
