[
  {
    "docID": "N060 Karimi-Abdolrezaee. 2010",
    "et": "WistarRat",
    "off": 6234,
    "sff": "Wistar rats"
  },
  {
    "docID": "N060 Karimi-Abdolrezaee. 2010",
    "et": "Weight",
    "off": 6247,
    "sff": "250 g"
  },
  {
    "docID": "N060 Karimi-Abdolrezaee. 2010",
    "et": "Female",
    "off": 6227,
    "sff": "female"
  },
  {
    "docID": "N060 Karimi-Abdolrezaee. 2010",
    "et": "Weight",
    "off": 7678,
    "sff": "200 mg"
  },
  {
    "docID": "N060 Karimi-Abdolrezaee. 2010",
    "et": "Adult",
    "off": 6221,
    "sff": "adult"
  },
  {
    "docID": "N060 Karimi-Abdolrezaee. 2010",
    "et": "Age",
    "off": 99059,
    "sff": "2005) AntiCD11d"
  }
]
