[
  {
    "docID": "N061 Lee, McKeon et al. 2010",
    "et": "SpragueDawleyRat",
    "off": 7136,
    "sff": "Sprague- Dawley rats"
  },
  {
    "docID": "N061 Lee, McKeon et al. 2010",
    "et": "Age",
    "off": 4154,
    "sff": "6 weeks (10–"
  },
  {
    "docID": "N061 Lee, McKeon et al. 2010",
    "et": "SpragueDawleyRat",
    "off": 7145,
    "sff": "Dawley"
  },
  {
    "docID": "N061 Lee, McKeon et al. 2010",
    "et": "SpragueDawleyRat",
    "off": 7136,
    "sff": "Sprague"
  },
  {
    "docID": "N061 Lee, McKeon et al. 2010",
    "et": "Adult",
    "off": 7125,
    "sff": "Adult"
  },
  {
    "docID": "N061 Lee, McKeon et al. 2010",
    "et": "Male",
    "off": 7131,
    "sff": "male"
  },
  {
    "docID": "N061 Lee, McKeon et al. 2010",
    "et": "WistarRat",
    "off": 7152,
    "sff": "rats"
  }
]
