[
  {
    "docID": "N062 Lemons, Howland et al. 1999",
    "et": "Adult",
    "off": 6246,
    "sff": "adult"
  },
  {
    "docID": "N062 Lemons, Howland et al. 1999",
    "et": "Male",
    "off": 9704,
    "sff": "males"
  },
  {
    "docID": "N062 Lemons, Howland et al. 1999",
    "et": "Adult",
    "off": 52248,
    "sff": "adult"
  },
  {
    "docID": "N062 Lemons, Howland et al. 1999",
    "et": "Adult",
    "off": 50511,
    "sff": "adult"
  },
  {
    "docID": "N062 Lemons, Howland et al. 1999",
    "et": "Adult",
    "off": 3164,
    "sff": "adult"
  },
  {
    "docID": "N062 Lemons, Howland et al. 1999",
    "et": "Adult",
    "off": 7715,
    "sff": "adult"
  },
  {
    "docID": "N062 Lemons, Howland et al. 1999",
    "et": "Female",
    "off": 9679,
    "sff": "females"
  },
  {
    "docID": "N062 Lemons, Howland et al. 1999",
    "et": "LongEvansRat",
    "off": 7721,
    "sff": "Long Evans rats"
  }
]
