[
  {
    "docID": "N063 Milbreta, Boxberg et al. 2014",
    "et": "Weight",
    "off": 5167,
    "sff": "200–250g"
  },
  {
    "docID": "N063 Milbreta, Boxberg et al. 2014",
    "et": "Female",
    "off": 5159,
    "sff": "female"
  },
  {
    "docID": "N063 Milbreta, Boxberg et al. 2014",
    "et": "Adult",
    "off": 155,
    "sff": "Adult"
  },
  {
    "docID": "N063 Milbreta, Boxberg et al. 2014",
    "et": "Age",
    "off": 39289,
    "sff": "70% until 10 weeks"
  },
  {
    "docID": "N063 Milbreta, Boxberg et al. 2014",
    "et": "WistarRat",
    "off": 5177,
    "sff": "Wistar rats"
  },
  {
    "docID": "N063 Milbreta, Boxberg et al. 2014",
    "et": "Adult",
    "off": 75261,
    "sff": "adult"
  },
  {
    "docID": "N063 Milbreta, Boxberg et al. 2014",
    "et": "Adult",
    "off": 5153,
    "sff": "adult"
  },
  {
    "docID": "N063 Milbreta, Boxberg et al. 2014",
    "et": "Adult",
    "off": 73871,
    "sff": "adult"
  }
]
