[
  {
    "docID": "N066 Sarveazad, Babahajian et al. 2017 ",
    "et": "Male",
    "off": 5561,
    "sff": "male"
  },
  {
    "docID": "N066 Sarveazad, Babahajian et al. 2017 ",
    "et": "Adult",
    "off": 5555,
    "sff": "adult"
  },
  {
    "docID": "N066 Sarveazad, Babahajian et al. 2017 ",
    "et": "Weight",
    "off": 5596,
    "sff": "200– 250 g"
  },
  {
    "docID": "N066 Sarveazad, Babahajian et al. 2017 ",
    "et": "WistarRat",
    "off": 5566,
    "sff": "Wistar rats"
  },
  {
    "docID": "N066 Sarveazad, Babahajian et al. 2017 ",
    "et": "Age",
    "off": 3746,
    "sff": "past 10 years, cell"
  },
  {
    "docID": "N066 Sarveazad, Babahajian et al. 2017 ",
    "et": "Age",
    "off": 3751,
    "sff": "10 years"
  }
]
