[
  {
    "docID": "N068 Siebert, Stelzner et al. 2011",
    "et": "Age",
    "off": 7438,
    "sff": "days (±10 days"
  },
  {
    "docID": "N068 Siebert, Stelzner et al. 2011",
    "et": "LongEvansRat",
    "off": 7368,
    "sff": "Long-Evans rats"
  },
  {
    "docID": "N068 Siebert, Stelzner et al. 2011",
    "et": "Age",
    "off": 7435,
    "sff": "77 days (±"
  },
  {
    "docID": "N068 Siebert, Stelzner et al. 2011",
    "et": "Age",
    "off": 7445,
    "sff": "10 days"
  },
  {
    "docID": "N068 Siebert, Stelzner et al. 2011",
    "et": "Age",
    "off": 7444,
    "sff": "±10 days"
  },
  {
    "docID": "N068 Siebert, Stelzner et al. 2011",
    "et": "Female",
    "off": 7354,
    "sff": "Female"
  }
]
