[
  {
    "docID": "N069 Tauchi, Imagama et al. 2012",
    "et": "Adult",
    "off": 5261,
    "sff": "Adult"
  },
  {
    "docID": "N069 Tauchi, Imagama et al. 2012",
    "et": "SpragueDawleyRat",
    "off": 9223,
    "sff": "Sprague Dawley rats"
  },
  {
    "docID": "N069 Tauchi, Imagama et al. 2012",
    "et": "FischerRat",
    "off": 40466,
    "sff": "Fischer"
  },
  {
    "docID": "N069 Tauchi, Imagama et al. 2012",
    "et": "SpragueDawleyRat",
    "off": 5274,
    "sff": "Sprague-Dawley"
  },
  {
    "docID": "N069 Tauchi, Imagama et al. 2012",
    "et": "SpragueDawleyRat",
    "off": 9946,
    "sff": "Sprague-Dawley rats"
  },
  {
    "docID": "N069 Tauchi, Imagama et al. 2012",
    "et": "Female",
    "off": 5267,
    "sff": "female"
  },
  {
    "docID": "N069 Tauchi, Imagama et al. 2012",
    "et": "Weight",
    "off": 5303,
    "sff": "200 to 230 g"
  },
  {
    "docID": "N069 Tauchi, Imagama et al. 2012",
    "et": "SpragueDawleyRat",
    "off": 5274,
    "sff": "Sprague-Dawley rats"
  }
]
