[
  {
    "docID": "N070 Tom, Houl",
    "et": "WistarRat",
    "off": 18991,
    "sff": "rats"
  },
  {
    "docID": "N070 Tom, Houl",
    "et": "RatSpecies",
    "off": 16072,
    "sff": "rat"
  },
  {
    "docID": "N070 Tom, Houl",
    "et": "Adult",
    "off": 3578,
    "sff": "Adult"
  },
  {
    "docID": "N070 Tom, Houl",
    "et": "Weight",
    "off": 3612,
    "sff": "225-250g"
  },
  {
    "docID": "N070 Tom, Houl",
    "et": "Female",
    "off": 3584,
    "sff": "female"
  },
  {
    "docID": "N070 Tom, Houl",
    "et": "WistarRat",
    "off": 3606,
    "sff": "rats"
  },
  {
    "docID": "N070 Tom, Houl",
    "et": "SpragueDawleyRat",
    "off": 3591,
    "sff": "Sprague-Dawley rats"
  },
  {
    "docID": "N070 Tom, Houl",
    "et": "SpragueDawleyRat",
    "off": 3591,
    "sff": "Sprague-Dawley"
  }
]
