[
  {
    "docID": "N073 Tom, Sandrow-Feinberg et al. 2013",
    "et": "SpragueDawleyRat",
    "off": 5946,
    "sff": "Sprague–Dawley rats"
  },
  {
    "docID": "N073 Tom, Sandrow-Feinberg et al. 2013",
    "et": "SpragueDawleyRat",
    "off": 5946,
    "sff": "Sprague–Dawley"
  },
  {
    "docID": "N073 Tom, Sandrow-Feinberg et al. 2013",
    "et": "Female",
    "off": 5939,
    "sff": "female"
  },
  {
    "docID": "N073 Tom, Sandrow-Feinberg et al. 2013",
    "et": "FischerRat",
    "off": 77648,
    "sff": "Fischer"
  },
  {
    "docID": "N073 Tom, Sandrow-Feinberg et al. 2013",
    "et": "Weight",
    "off": 5982,
    "sff": "225–250 g"
  },
  {
    "docID": "N073 Tom, Sandrow-Feinberg et al. 2013",
    "et": "Adult",
    "off": 5933,
    "sff": "Adult"
  },
  {
    "docID": "N073 Tom, Sandrow-Feinberg et al. 2013",
    "et": "FischerRat",
    "off": 79685,
    "sff": "Fischer"
  },
  {
    "docID": "N073 Tom, Sandrow-Feinberg et al. 2013",
    "et": "FischerRat",
    "off": 79909,
    "sff": "Fischer"
  }
]
