[
  {
    "docID": "N075 Amemori 2010",
    "et": "WistarRat",
    "off": 5522,
    "sff": "Wistar rats"
  },
  {
    "docID": "N075 Amemori 2010",
    "et": "Weight",
    "off": 5534,
    "sff": "weighing 270–300 g"
  },
  {
    "docID": "N075 Amemori 2010",
    "et": "Adult",
    "off": 5511,
    "sff": "Adult"
  },
  {
    "docID": "N075 Amemori 2010",
    "et": "Weight",
    "off": 5546,
    "sff": "–300 g"
  },
  {
    "docID": "N075 Amemori 2010",
    "et": "Weight",
    "off": 5547,
    "sff": "300 g"
  },
  {
    "docID": "N075 Amemori 2010",
    "et": "Weight",
    "off": 5543,
    "sff": "270–300 g"
  },
  {
    "docID": "N075 Amemori 2010",
    "et": "Male",
    "off": 5517,
    "sff": "male"
  }
]
