[
  {
    "docID": "N077 Andrews 2007",
    "et": "SpragueDawleyRat",
    "off": 12828,
    "sff": "Sprague-Dawley"
  },
  {
    "docID": "N077 Andrews 2007",
    "et": "Female",
    "off": 12821,
    "sff": "female"
  },
  {
    "docID": "N077 Andrews 2007",
    "et": "FischerRat",
    "off": 6523,
    "sff": "Fischer rats"
  },
  {
    "docID": "N077 Andrews 2007",
    "et": "FischerRat",
    "off": 6557,
    "sff": "Fischer"
  },
  {
    "docID": "N077 Andrews 2007",
    "et": "FischerRat",
    "off": 6523,
    "sff": "Fischer"
  },
  {
    "docID": "N077 Andrews 2007",
    "et": "SpragueDawleyRat",
    "off": 12828,
    "sff": "Sprague-Dawley rats"
  },
  {
    "docID": "N077 Andrews 2007",
    "et": "Adult",
    "off": 12815,
    "sff": "Adult"
  },
  {
    "docID": "N077 Andrews 2007",
    "et": "Weight",
    "off": 12849,
    "sff": "200–250 g"
  }
]
