[
  {
    "docID": "N078 Aoki 2010",
    "et": "Weight",
    "off": 4976,
    "sff": "weighing 180–210 g"
  },
  {
    "docID": "N078 Aoki 2010",
    "et": "Age",
    "off": 4962,
    "sff": "11 weeks"
  },
  {
    "docID": "N078 Aoki 2010",
    "et": "Adult",
    "off": 4936,
    "sff": "adult"
  },
  {
    "docID": "N078 Aoki 2010",
    "et": "WistarRat",
    "off": 4949,
    "sff": "Wistar rats"
  },
  {
    "docID": "N078 Aoki 2010",
    "et": "Female",
    "off": 4942,
    "sff": "female"
  },
  {
    "docID": "N078 Aoki 2010",
    "et": "Weight",
    "off": 4985,
    "sff": "180–210 g"
  },
  {
    "docID": "N078 Aoki 2010",
    "et": "Weight",
    "off": 4988,
    "sff": "–210 g"
  }
]
