[
  {
    "docID": "N089 Carter, McMahon et al. 2011",
    "et": "Age",
    "off": 19493,
    "sff": "4 weeks (not shown"
  },
  {
    "docID": "N089 Carter, McMahon et al. 2011",
    "et": "Age",
    "off": 11601,
    "sff": "group at the 8 week"
  },
  {
    "docID": "N089 Carter, McMahon et al. 2011",
    "et": "Male",
    "off": 5509,
    "sff": "male"
  },
  {
    "docID": "N089 Carter, McMahon et al. 2011",
    "et": "Adult",
    "off": 5490,
    "sff": "Adult"
  },
  {
    "docID": "N089 Carter, McMahon et al. 2011",
    "et": "Age",
    "off": 25779,
    "sff": "2D"
  },
  {
    "docID": "N089 Carter, McMahon et al. 2011",
    "et": "Female",
    "off": 5518,
    "sff": "female"
  },
  {
    "docID": "N089 Carter, McMahon et al. 2011",
    "et": "Age",
    "off": 5497,
    "sff": "8–10 weeks"
  },
  {
    "docID": "N089 Carter, McMahon et al. 2011",
    "et": "Age",
    "off": 21440,
    "sff": "±6.5% at 8 weeks"
  }
]
