[
  {
    "docID": "N093 Jefferson, S.C.a  b  c, Tester, N.J.a  b  c  d et al. 2011",
    "et": "Female",
    "off": 5851,
    "sff": "female"
  },
  {
    "docID": "N093 Jefferson, S.C.a  b  c, Tester, N.J.a  b  c  d et al. 2011",
    "et": "Age",
    "off": 50974,
    "sff": "8–12 weeks"
  },
  {
    "docID": "N093 Jefferson, S.C.a  b  c, Tester, N.J.a  b  c  d et al. 2011",
    "et": "Age",
    "off": 30450,
    "sff": "8 weeks (p"
  },
  {
    "docID": "N093 Jefferson, S.C.a  b  c, Tester, N.J.a  b  c  d et al. 2011",
    "et": "Adult",
    "off": 1070,
    "sff": "adult"
  },
  {
    "docID": "N093 Jefferson, S.C.a  b  c, Tester, N.J.a  b  c  d et al. 2011",
    "et": "CatSpecies",
    "off": 5859,
    "sff": "spayed cats"
  },
  {
    "docID": "N093 Jefferson, S.C.a  b  c, Tester, N.J.a  b  c  d et al. 2011",
    "et": "Adult",
    "off": 42492,
    "sff": "adult"
  },
  {
    "docID": "N093 Jefferson, S.C.a  b  c, Tester, N.J.a  b  c  d et al. 2011",
    "et": "Age",
    "off": 29381,
    "sff": "20 weeks (10"
  },
  {
    "docID": "N093 Jefferson, S.C.a  b  c, Tester, N.J.a  b  c  d et al. 2011",
    "et": "Adult",
    "off": 5845,
    "sff": "adult"
  }
]
