[
  {
    "docID": "N094 Mondello, S.E.a  c  d, Jefferson, S.C.a  c  d et al. 2015",
    "et": "Female",
    "off": 8267,
    "sff": "females"
  },
  {
    "docID": "N094 Mondello, S.E.a  c  d, Jefferson, S.C.a  c  d et al. 2015",
    "et": "CatSpecies",
    "off": 2275,
    "sff": "cats"
  },
  {
    "docID": "N094 Mondello, S.E.a  c  d, Jefferson, S.C.a  c  d et al. 2015",
    "et": "Adult",
    "off": 8260,
    "sff": "adult"
  },
  {
    "docID": "N094 Mondello, S.E.a  c  d, Jefferson, S.C.a  c  d et al. 2015",
    "et": "CatSpecies",
    "off": 3852,
    "sff": "cats"
  },
  {
    "docID": "N094 Mondello, S.E.a  c  d, Jefferson, S.C.a  c  d et al. 2015",
    "et": "CatSpecies",
    "off": 1291,
    "sff": "cats"
  },
  {
    "docID": "N094 Mondello, S.E.a  c  d, Jefferson, S.C.a  c  d et al. 2015",
    "et": "CatSpecies",
    "off": 2107,
    "sff": "cats"
  },
  {
    "docID": "N094 Mondello, S.E.a  c  d, Jefferson, S.C.a  c  d et al. 2015",
    "et": "CatSpecies",
    "off": 7146,
    "sff": "cats"
  },
  {
    "docID": "N094 Mondello, S.E.a  c  d, Jefferson, S.C.a  c  d et al. 2015",
    "et": "CatSpecies",
    "off": 46813,
    "sff": "cats"
  }
]
