[
  {
    "docID": "N095 Tester,2008",
    "et": "CatSpecies",
    "off": 8295,
    "sff": "cats"
  },
  {
    "docID": "N095 Tester,2008",
    "et": "CatSpecies",
    "off": 8102,
    "sff": "cats"
  },
  {
    "docID": "N095 Tester,2008",
    "et": "Adult",
    "off": 8324,
    "sff": "adult"
  },
  {
    "docID": "N095 Tester,2008",
    "et": "CatSpecies",
    "off": 7068,
    "sff": "cats"
  },
  {
    "docID": "N095 Tester,2008",
    "et": "CatSpecies",
    "off": 831,
    "sff": "cats"
  },
  {
    "docID": "N095 Tester,2008",
    "et": "CatSpecies",
    "off": 1774,
    "sff": "cats"
  },
  {
    "docID": "N095 Tester,2008",
    "et": "CatSpecies",
    "off": 7080,
    "sff": "cats"
  },
  {
    "docID": "N095 Tester,2008",
    "et": "Female",
    "off": 8331,
    "sff": "females"
  }
]
