[
  {
    "docID": "N099 Orlando, Raineteau 2015",
    "et": "Age",
    "off": 5431,
    "sff": "age 2.5 months"
  },
  {
    "docID": "N099 Orlando, Raineteau 2015",
    "et": "Adult",
    "off": 2811,
    "sff": "adult"
  },
  {
    "docID": "N099 Orlando, Raineteau 2015",
    "et": "Age",
    "off": 5426,
    "sff": "mean age 2.5 months"
  },
  {
    "docID": "N099 Orlando, Raineteau 2015",
    "et": "Female",
    "off": 5413,
    "sff": "female"
  },
  {
    "docID": "N099 Orlando, Raineteau 2015",
    "et": "Adult",
    "off": 3809,
    "sff": "adult"
  },
  {
    "docID": "N099 Orlando, Raineteau 2015",
    "et": "C57_BL6_Mouse",
    "off": 5391,
    "sff": "C57BL/6"
  },
  {
    "docID": "N099 Orlando, Raineteau 2015",
    "et": "Age",
    "off": 5435,
    "sff": "2.5 months"
  }
]
