[
  {
    "docID": "N104 Wang, Winsor et al. 2017",
    "et": "C57_BL6_Mouse",
    "off": 12936,
    "sff": "C57/Bl6 mice"
  },
  {
    "docID": "N104 Wang, Winsor et al. 2017",
    "et": "Female",
    "off": 12929,
    "sff": "female"
  },
  {
    "docID": "N104 Wang, Winsor et al. 2017",
    "et": "C57_BL6_Mouse",
    "off": 12936,
    "sff": "C57"
  },
  {
    "docID": "N104 Wang, Winsor et al. 2017",
    "et": "Adult",
    "off": 12923,
    "sff": "adult"
  },
  {
    "docID": "N104 Wang, Winsor et al. 2017",
    "et": "Weight",
    "off": 11713,
    "sff": "Briefly, a 30 G"
  },
  {
    "docID": "N104 Wang, Winsor et al. 2017",
    "et": "Weight",
    "off": 12962,
    "sff": "20–22 g"
  },
  {
    "docID": "N104 Wang, Winsor et al. 2017",
    "et": "LongEvansRat",
    "off": 58362,
    "sff": "Evans"
  },
  {
    "docID": "N104 Wang, Winsor et al. 2017",
    "et": "Weight",
    "off": 12260,
    "sff": "–22 g"
  }
]
