[
  {
    "docID": "N109 Barritt, Davies et al. 2006",
    "et": "Weight",
    "off": 6230,
    "sff": "220-250g"
  },
  {
    "docID": "N109 Barritt, Davies et al. 2006",
    "et": "WistarRat",
    "off": 6217,
    "sff": "Wistar rats"
  },
  {
    "docID": "N109 Barritt, Davies et al. 2006",
    "et": "Male",
    "off": 6212,
    "sff": "male"
  },
  {
    "docID": "N109 Barritt, Davies et al. 2006",
    "et": "Adult",
    "off": 6206,
    "sff": "adult"
  },
  {
    "docID": "N109 Barritt, Davies et al. 2006",
    "et": "Weight",
    "off": 6234,
    "sff": "250g"
  }
]
