[
  {
    "docID": "N110 Cheng, C.-H.a  b  c, Lin et al. 2015",
    "et": "Female",
    "off": 12557,
    "sff": "female"
  },
  {
    "docID": "N110 Cheng, C.-H.a  b  c, Lin et al. 2015",
    "et": "SpragueDawleyRat",
    "off": 12564,
    "sff": "Sprague-Dawley rats"
  },
  {
    "docID": "N110 Cheng, C.-H.a  b  c, Lin et al. 2015",
    "et": "Adult",
    "off": 12551,
    "sff": "adult"
  },
  {
    "docID": "N110 Cheng, C.-H.a  b  c, Lin et al. 2015",
    "et": "FischerRat",
    "off": 80594,
    "sff": "Fischer"
  },
  {
    "docID": "N110 Cheng, C.-H.a  b  c, Lin et al. 2015",
    "et": "WistarRat",
    "off": 12579,
    "sff": "rats"
  },
  {
    "docID": "N110 Cheng, C.-H.a  b  c, Lin et al. 2015",
    "et": "SpragueDawleyRat",
    "off": 12564,
    "sff": "Sprague-Dawley"
  },
  {
    "docID": "N110 Cheng, C.-H.a  b  c, Lin et al. 2015",
    "et": "Age",
    "off": 52295,
    "sff": "10 weeks: 0.75 ±"
  },
  {
    "docID": "N110 Cheng, C.-H.a  b  c, Lin et al. 2015",
    "et": "Weight",
    "off": 12585,
    "sff": "200–250 g"
  }
]
