[
  {
    "docID": "N111 Colello, Chow et al. 2016",
    "et": "SpragueDawleyRat",
    "off": 26016,
    "sff": "Sprague– Dawley rats"
  },
  {
    "docID": "N111 Colello, Chow et al. 2016",
    "et": "Age",
    "off": 22976,
    "sff": "10 days) all media"
  },
  {
    "docID": "N111 Colello, Chow et al. 2016",
    "et": "Age",
    "off": 11840,
    "sff": "2D) fast"
  },
  {
    "docID": "N111 Colello, Chow et al. 2016",
    "et": "Age",
    "off": 8970,
    "sff": "3D"
  },
  {
    "docID": "N111 Colello, Chow et al. 2016",
    "et": "Female",
    "off": 26009,
    "sff": "female"
  },
  {
    "docID": "N111 Colello, Chow et al. 2016",
    "et": "Adult",
    "off": 26003,
    "sff": "Adult"
  },
  {
    "docID": "N111 Colello, Chow et al. 2016",
    "et": "Age",
    "off": 31743,
    "sff": "3D"
  }
]
