[
  {
    "docID": "N112 Huang, W.-C.a  b  d  e, Kuo et al. 2006",
    "et": "Adult",
    "off": 4427,
    "sff": "adult"
  },
  {
    "docID": "N112 Huang, W.-C.a  b  d  e, Kuo et al. 2006",
    "et": "SpragueDawleyRat",
    "off": 5178,
    "sff": "SD female rats"
  },
  {
    "docID": "N112 Huang, W.-C.a  b  d  e, Kuo et al. 2006",
    "et": "Female",
    "off": 5181,
    "sff": "female"
  },
  {
    "docID": "N112 Huang, W.-C.a  b  d  e, Kuo et al. 2006",
    "et": "Weight",
    "off": 5194,
    "sff": "250–300 g"
  },
  {
    "docID": "N112 Huang, W.-C.a  b  d  e, Kuo et al. 2006",
    "et": "SpragueDawleyRat",
    "off": 10135,
    "sff": "Sprague–Dawley rats"
  },
  {
    "docID": "N112 Huang, W.-C.a  b  d  e, Kuo et al. 2006",
    "et": "Adult",
    "off": 2734,
    "sff": "adult"
  },
  {
    "docID": "N112 Huang, W.-C.a  b  d  e, Kuo et al. 2006",
    "et": "SpragueDawleyRat",
    "off": 5178,
    "sff": "SD"
  },
  {
    "docID": "N112 Huang, W.-C.a  b  d  e, Kuo et al. 2006",
    "et": "Adult",
    "off": 17869,
    "sff": "adult"
  }
]
