[
  {
    "docID": "N113 Hyatt, Wang et al. 2010",
    "et": "SpragueDawleyRat",
    "off": 10578,
    "sff": "Sprague Dawley rats"
  },
  {
    "docID": "N113 Hyatt, Wang et al. 2010",
    "et": "SpragueDawleyRat",
    "off": 10578,
    "sff": "Sprague"
  },
  {
    "docID": "N113 Hyatt, Wang et al. 2010",
    "et": "RatSpecies",
    "off": 18491,
    "sff": "rat"
  },
  {
    "docID": "N113 Hyatt, Wang et al. 2010",
    "et": "SpragueDawleyRat",
    "off": 10586,
    "sff": "Dawley"
  },
  {
    "docID": "N113 Hyatt, Wang et al. 2010",
    "et": "RatSpecies",
    "off": 29954,
    "sff": "rat"
  },
  {
    "docID": "N113 Hyatt, Wang et al. 2010",
    "et": "Female",
    "off": 10571,
    "sff": "Female"
  },
  {
    "docID": "N113 Hyatt, Wang et al. 2010",
    "et": "Weight",
    "off": 10599,
    "sff": "200–250 g"
  },
  {
    "docID": "N113 Hyatt, Wang et al. 2010",
    "et": "RatSpecies",
    "off": 8563,
    "sff": "rat"
  }
]
