[
  {
    "docID": "N114 Iseda, Okuda et al. 2008",
    "et": "Adult",
    "off": 3191,
    "sff": "adult"
  },
  {
    "docID": "N114 Iseda, Okuda et al. 2008",
    "et": "Adult",
    "off": 3672,
    "sff": "adult"
  },
  {
    "docID": "N114 Iseda, Okuda et al. 2008",
    "et": "Adult",
    "off": 3417,
    "sff": "adult"
  },
  {
    "docID": "N114 Iseda, Okuda et al. 2008",
    "et": "Female",
    "off": 5789,
    "sff": "female"
  },
  {
    "docID": "N114 Iseda, Okuda et al. 2008",
    "et": "Age",
    "off": 5802,
    "sff": "10–12 weeks"
  },
  {
    "docID": "N114 Iseda, Okuda et al. 2008",
    "et": "Adult",
    "off": 46466,
    "sff": "adult"
  },
  {
    "docID": "N114 Iseda, Okuda et al. 2008",
    "et": "SpragueDawleyRat",
    "off": 5774,
    "sff": "Sprague-Dawley"
  },
  {
    "docID": "N114 Iseda, Okuda et al. 2008",
    "et": "WistarRat",
    "off": 5796,
    "sff": "rats"
  }
]
