[
  {
    "docID": "N115 Ni, Xia et al. 2015",
    "et": "Female",
    "off": 24685,
    "sff": "female"
  },
  {
    "docID": "N115 Ni, Xia et al. 2015",
    "et": "Weight",
    "off": 24705,
    "sff": "200–230 g"
  },
  {
    "docID": "N115 Ni, Xia et al. 2015",
    "et": "Adult",
    "off": 24679,
    "sff": "adult"
  },
  {
    "docID": "N115 Ni, Xia et al. 2015",
    "et": "Adult",
    "off": 34424,
    "sff": "adult"
  },
  {
    "docID": "N115 Ni, Xia et al. 2015",
    "et": "Adult",
    "off": 36135,
    "sff": "adult"
  },
  {
    "docID": "N115 Ni, Xia et al. 2015",
    "et": "WistarRat",
    "off": 24692,
    "sff": "Wistar rats"
  },
  {
    "docID": "N115 Ni, Xia et al. 2015",
    "et": "Adult",
    "off": 36308,
    "sff": "adult"
  },
  {
    "docID": "N115 Ni, Xia et al. 2015",
    "et": "Adult",
    "off": 19425,
    "sff": "adult"
  }
]
