[
  {
    "docID": "N117 Vavrek, Pearse et al. 2007",
    "et": "Adult",
    "off": 4152,
    "sff": "adult"
  },
  {
    "docID": "N117 Vavrek, Pearse et al. 2007",
    "et": "Adult",
    "off": 3775,
    "sff": "adult"
  },
  {
    "docID": "N117 Vavrek, Pearse et al. 2007",
    "et": "Adult",
    "off": 22172,
    "sff": "adult"
  },
  {
    "docID": "N117 Vavrek, Pearse et al. 2007",
    "et": "FischerRat",
    "off": 3788,
    "sff": "Fischer rats"
  },
  {
    "docID": "N117 Vavrek, Pearse et al. 2007",
    "et": "Female",
    "off": 3781,
    "sff": "female"
  },
  {
    "docID": "N117 Vavrek, Pearse et al. 2007",
    "et": "Weight",
    "off": 4836,
    "sff": "200 g bw"
  },
  {
    "docID": "N117 Vavrek, Pearse et al. 2007",
    "et": "Weight",
    "off": 4916,
    "sff": "␮L/200 g"
  },
  {
    "docID": "N117 Vavrek, Pearse et al. 2007",
    "et": "Adult",
    "off": 4007,
    "sff": "adult"
  }
]
