[
  {
    "docID": "N118 Wilems, Sakiyama-Elbert 2015",
    "et": "Age",
    "off": 6075,
    "sff": "up to 8 weeks"
  },
  {
    "docID": "N118 Wilems, Sakiyama-Elbert 2015",
    "et": "Female",
    "off": 18414,
    "sff": "female"
  },
  {
    "docID": "N118 Wilems, Sakiyama-Elbert 2015",
    "et": "Adult",
    "off": 53437,
    "sff": "adult"
  },
  {
    "docID": "N118 Wilems, Sakiyama-Elbert 2015",
    "et": "Adult",
    "off": 49029,
    "sff": "Adult"
  },
  {
    "docID": "N118 Wilems, Sakiyama-Elbert 2015",
    "et": "LongEvansRat",
    "off": 18403,
    "sff": "Long-Evans"
  },
  {
    "docID": "N118 Wilems, Sakiyama-Elbert 2015",
    "et": "Adult",
    "off": 39550,
    "sff": "adult"
  },
  {
    "docID": "N118 Wilems, Sakiyama-Elbert 2015",
    "et": "Age",
    "off": 8851,
    "sff": "least 1 week"
  },
  {
    "docID": "N118 Wilems, Sakiyama-Elbert 2015",
    "et": "Weight",
    "off": 18427,
    "sff": "250–300 g"
  }
]
