[
  {
    "docID": "N119 Wu, Klaw et al. 2015",
    "et": "Adult",
    "off": 8268,
    "sff": "Adult"
  },
  {
    "docID": "N119 Wu, Klaw et al. 2015",
    "et": "Female",
    "off": 8274,
    "sff": "female"
  },
  {
    "docID": "N119 Wu, Klaw et al. 2015",
    "et": "Weight",
    "off": 8298,
    "sff": "250 g"
  },
  {
    "docID": "N119 Wu, Klaw et al. 2015",
    "et": "Weight",
    "off": 8297,
    "sff": "–250 g"
  },
  {
    "docID": "N119 Wu, Klaw et al. 2015",
    "et": "WistarRat",
    "off": 8281,
    "sff": "Wistar rats"
  },
  {
    "docID": "N119 Wu, Klaw et al. 2015",
    "et": "Weight",
    "off": 8294,
    "sff": "225–250 g"
  }
]
