[
  {
    "docID": "N120 Xia, Huang et al. 2017",
    "et": "Adult",
    "off": 43060,
    "sff": "adult"
  },
  {
    "docID": "N120 Xia, Huang et al. 2017",
    "et": "Age",
    "off": 28775,
    "sff": "4 week  8.17 Æ 1.169"
  },
  {
    "docID": "N120 Xia, Huang et al. 2017",
    "et": "WistarRat",
    "off": 9784,
    "sff": "Wistar rats"
  },
  {
    "docID": "N120 Xia, Huang et al. 2017",
    "et": "Adult",
    "off": 42270,
    "sff": "adult"
  },
  {
    "docID": "N120 Xia, Huang et al. 2017",
    "et": "Age",
    "off": 14236,
    "sff": "week  3 week  4 week"
  },
  {
    "docID": "N120 Xia, Huang et al. 2017",
    "et": "Adult",
    "off": 9771,
    "sff": "adult"
  },
  {
    "docID": "N120 Xia, Huang et al. 2017",
    "et": "Weight",
    "off": 9797,
    "sff": "200–230 g"
  },
  {
    "docID": "N120 Xia, Huang et al. 2017",
    "et": "Female",
    "off": 9777,
    "sff": "female"
  }
]
