[
  {
    "docID": "N121 Xu, Klaw et al. 2015",
    "et": "Female",
    "off": 6648,
    "sff": "female"
  },
  {
    "docID": "N121 Xu, Klaw et al. 2015",
    "et": "Weight",
    "off": 6656,
    "sff": "220∼240 g"
  },
  {
    "docID": "N121 Xu, Klaw et al. 2015",
    "et": "Weight",
    "off": 6660,
    "sff": "240 g"
  },
  {
    "docID": "N121 Xu, Klaw et al. 2015",
    "et": "Weight",
    "off": 6659,
    "sff": "∼240 g"
  },
  {
    "docID": "N121 Xu, Klaw et al. 2015",
    "et": "Age",
    "off": 1782,
    "sff": "010-0852-y"
  },
  {
    "docID": "N121 Xu, Klaw et al. 2015",
    "et": "WistarRat",
    "off": 6667,
    "sff": "Wistar rats"
  },
  {
    "docID": "N121 Xu, Klaw et al. 2015",
    "et": "Adult",
    "off": 6642,
    "sff": "Adult"
  },
  {
    "docID": "N121 Xu, Klaw et al. 2015",
    "et": "Age",
    "off": 68,
    "sff": "010-0852-y"
  }
]
