[
  {
    "docID": "N124 Yuan, Jin et al. 2016",
    "et": "Adult",
    "off": 38704,
    "sff": "adult"
  },
  {
    "docID": "N124 Yuan, Jin et al. 2016",
    "et": "Adult",
    "off": 25874,
    "sff": "adult"
  },
  {
    "docID": "N124 Yuan, Jin et al. 2016",
    "et": "Adult",
    "off": 40629,
    "sff": "adult"
  },
  {
    "docID": "N124 Yuan, Jin et al. 2016",
    "et": "Adult",
    "off": 24950,
    "sff": "adult"
  },
  {
    "docID": "N124 Yuan, Jin et al. 2016",
    "et": "Adult",
    "off": 25046,
    "sff": "adult"
  },
  {
    "docID": "N124 Yuan, Jin et al. 2016",
    "et": "Adult",
    "off": 41177,
    "sff": "adult"
  },
  {
    "docID": "N124 Yuan, Jin et al. 2016",
    "et": "FischerRat",
    "off": 41049,
    "sff": "Fischer"
  },
  {
    "docID": "N124 Yuan, Jin et al. 2016",
    "et": "Adult",
    "off": 39352,
    "sff": "adult"
  },
  {
    "docID": "N124 Yuan, Jin et al. 2016",
    "et": "Adult",
    "off": 1258,
    "sff": "adult"
  },
  {
    "docID": "N124 Yuan, Jin et al. 2016",
    "et": "Adult",
    "off": 39581,
    "sff": "adult"
  },
  {
    "docID": "N124 Yuan, Jin et al. 2016",
    "et": "Adult",
    "off": 40221,
    "sff": "adult"
  }
]
