[
  {
    "docID": "N128 Hwang, Kim et al. 2011",
    "et": "Age",
    "off": 1972,
    "sff": "4 months"
  },
  {
    "docID": "N128 Hwang, Kim et al. 2011",
    "et": "Weight",
    "off": 6864,
    "sff": "180-200 g"
  },
  {
    "docID": "N128 Hwang, Kim et al. 2011",
    "et": "Age",
    "off": 894,
    "sff": "4 months"
  },
  {
    "docID": "N128 Hwang, Kim et al. 2011",
    "et": "Age",
    "off": 1966,
    "sff": "term (4 months"
  },
  {
    "docID": "N128 Hwang, Kim et al. 2011",
    "et": "Female",
    "off": 6875,
    "sff": "female"
  },
  {
    "docID": "N128 Hwang, Kim et al. 2011",
    "et": "Adult",
    "off": 6857,
    "sff": "Adult"
  },
  {
    "docID": "N128 Hwang, Kim et al. 2011",
    "et": "FischerRat",
    "off": 6882,
    "sff": "Fischer 344 rats"
  },
  {
    "docID": "N128 Hwang, Kim et al. 2011",
    "et": "Weight",
    "off": 6868,
    "sff": "200 g"
  }
]
