[
  {
    "docID": "N130 Barbour 2013",
    "et": "Weight",
    "off": 6861,
    "sff": "200 g"
  },
  {
    "docID": "N130 Barbour 2013",
    "et": "Adult",
    "off": 6850,
    "sff": "Adult"
  },
  {
    "docID": "N130 Barbour 2013",
    "et": "Age",
    "off": 1969,
    "sff": "4 months"
  },
  {
    "docID": "N130 Barbour 2013",
    "et": "FischerRat",
    "off": 6875,
    "sff": "Fischer 344 rats"
  },
  {
    "docID": "N130 Barbour 2013",
    "et": "Weight",
    "off": 6857,
    "sff": "180-200 g"
  },
  {
    "docID": "N130 Barbour 2013",
    "et": "Female",
    "off": 6868,
    "sff": "female"
  },
  {
    "docID": "N130 Barbour 2013",
    "et": "Age",
    "off": 891,
    "sff": "4 months"
  },
  {
    "docID": "N130 Barbour 2013",
    "et": "Age",
    "off": 1963,
    "sff": "term (4 months"
  }
]
