[
  {
    "docID": "N131 Boyd 2004",
    "et": "Adult",
    "off": 4946,
    "sff": "adult"
  },
  {
    "docID": "N131 Boyd 2004",
    "et": "Weight",
    "off": 4975,
    "sff": "–250 g"
  },
  {
    "docID": "N131 Boyd 2004",
    "et": "Weight",
    "off": 4976,
    "sff": "250 g; n"
  },
  {
    "docID": "N131 Boyd 2004",
    "et": "WistarRat",
    "off": 4959,
    "sff": "Wistar rats"
  },
  {
    "docID": "N131 Boyd 2004",
    "et": "Weight",
    "off": 4972,
    "sff": "225–250 g"
  },
  {
    "docID": "N131 Boyd 2004",
    "et": "Female",
    "off": 4952,
    "sff": "female"
  }
]
