[
  {
    "docID": "N134 Cao 2004",
    "et": "Adult",
    "off": 15405,
    "sff": "adult"
  },
  {
    "docID": "N134 Cao 2004",
    "et": "SpragueDawleyRat",
    "off": 15419,
    "sff": "Dawley"
  },
  {
    "docID": "N134 Cao 2004",
    "et": "SpragueDawleyRat",
    "off": 15411,
    "sff": "Sprague"
  },
  {
    "docID": "N134 Cao 2004",
    "et": "SpragueDawleyRat",
    "off": 8885,
    "sff": "Dawley"
  },
  {
    "docID": "N134 Cao 2004",
    "et": "SpragueDawleyRat",
    "off": 15411,
    "sff": "Sprague±Dawley rats"
  },
  {
    "docID": "N134 Cao 2004",
    "et": "Female",
    "off": 15398,
    "sff": "Female"
  },
  {
    "docID": "N134 Cao 2004",
    "et": "SpragueDawleyRat",
    "off": 8876,
    "sff": "Sprague"
  },
  {
    "docID": "N134 Cao 2004",
    "et": "FischerRat",
    "off": 53475,
    "sff": "Fischer"
  }
]
