[
  {
    "docID": "N138 Chuah 2004",
    "et": "Weight",
    "off": 8133,
    "sff": "270–380 g"
  },
  {
    "docID": "N138 Chuah 2004",
    "et": "LewisRat",
    "off": 44171,
    "sff": "Rat"
  },
  {
    "docID": "N138 Chuah 2004",
    "et": "WistarRat",
    "off": 5198,
    "sff": "Wistar"
  },
  {
    "docID": "N138 Chuah 2004",
    "et": "CatSpecies",
    "off": 43851,
    "sff": "cat"
  },
  {
    "docID": "N138 Chuah 2004",
    "et": "SpragueDawleyRat",
    "off": 44171,
    "sff": "Rat"
  },
  {
    "docID": "N138 Chuah 2004",
    "et": "WistarRat",
    "off": 5198,
    "sff": "Wistar rats"
  },
  {
    "docID": "N138 Chuah 2004",
    "et": "Adult",
    "off": 8113,
    "sff": "Adult"
  },
  {
    "docID": "N138 Chuah 2004",
    "et": "WistarRat",
    "off": 8119,
    "sff": "rats"
  }
]
