[
  {
    "docID": "N139 Collazos-Castro 2005",
    "et": "Male",
    "off": 5610,
    "sff": "male"
  },
  {
    "docID": "N139 Collazos-Castro 2005",
    "et": "Age",
    "off": 5597,
    "sff": "–8-week-old"
  },
  {
    "docID": "N139 Collazos-Castro 2005",
    "et": "WistarRat",
    "off": 669,
    "sff": "Wistar rats"
  },
  {
    "docID": "N139 Collazos-Castro 2005",
    "et": "Age",
    "off": 5598,
    "sff": "8-week-old"
  },
  {
    "docID": "N139 Collazos-Castro 2005",
    "et": "Age",
    "off": 5596,
    "sff": "7–8-week-old"
  },
  {
    "docID": "N139 Collazos-Castro 2005",
    "et": "Age",
    "off": 10371,
    "sff": "0334D; Dako"
  },
  {
    "docID": "N139 Collazos-Castro 2005",
    "et": "Adult",
    "off": 5589,
    "sff": "adult"
  },
  {
    "docID": "N139 Collazos-Castro 2005",
    "et": "Age",
    "off": 10369,
    "sff": "Z-0334D; Dako"
  }
]
