[
  {
    "docID": "N141 Deng 2008",
    "et": "Adult",
    "off": 27162,
    "sff": "adult"
  },
  {
    "docID": "N141 Deng 2008",
    "et": "Adult",
    "off": 29466,
    "sff": "adult"
  },
  {
    "docID": "N141 Deng 2008",
    "et": "Female",
    "off": 7625,
    "sff": "Female"
  },
  {
    "docID": "N141 Deng 2008",
    "et": "SpragueDawleyRat",
    "off": 7656,
    "sff": "SD"
  },
  {
    "docID": "N141 Deng 2008",
    "et": "SpragueDawleyRat",
    "off": 7640,
    "sff": "Sprague-Dawley"
  },
  {
    "docID": "N141 Deng 2008",
    "et": "Adult",
    "off": 32013,
    "sff": "adult"
  },
  {
    "docID": "N141 Deng 2008",
    "et": "Weight",
    "off": 7666,
    "sff": "240-270 g"
  },
  {
    "docID": "N141 Deng 2008",
    "et": "SpragueDawleyRat",
    "off": 7640,
    "sff": "Sprague-Dawley (SD) rats"
  }
]
