[
  {
    "docID": "N142 Deumens 2006 2",
    "et": "Adult",
    "off": 6223,
    "sff": "Adult"
  },
  {
    "docID": "N142 Deumens 2006 2",
    "et": "Male",
    "off": 6229,
    "sff": "male"
  },
  {
    "docID": "N142 Deumens 2006 2",
    "et": "LewisRat",
    "off": 6234,
    "sff": "Lewis rats"
  },
  {
    "docID": "N142 Deumens 2006 2",
    "et": "Age",
    "off": 11276,
    "sff": "age of 9 weeks"
  },
  {
    "docID": "N142 Deumens 2006 2",
    "et": "Age",
    "off": 6394,
    "sff": "age of 9 weeks"
  },
  {
    "docID": "N142 Deumens 2006 2",
    "et": "Age",
    "off": 7803,
    "sff": "9-week-old"
  },
  {
    "docID": "N142 Deumens 2006 2",
    "et": "Age",
    "off": 30203,
    "sff": "8-week-old C1"
  }
]
