[
  {
    "docID": "N143 Deumens 2006",
    "et": "Age",
    "off": 8771,
    "sff": "9-week-old"
  },
  {
    "docID": "N143 Deumens 2006",
    "et": "LewisRat",
    "off": 7160,
    "sff": "Lewis rats"
  },
  {
    "docID": "N143 Deumens 2006",
    "et": "Male",
    "off": 7155,
    "sff": "Male"
  },
  {
    "docID": "N143 Deumens 2006",
    "et": "Weight",
    "off": 7238,
    "sff": "200–250 g"
  },
  {
    "docID": "N143 Deumens 2006",
    "et": "Age",
    "off": 7440,
    "sff": "age of 9 weeks"
  },
  {
    "docID": "N143 Deumens 2006",
    "et": "Age",
    "off": 7225,
    "sff": "7 weeks"
  },
  {
    "docID": "N143 Deumens 2006",
    "et": "Age",
    "off": 7447,
    "sff": "9 weeks"
  },
  {
    "docID": "N143 Deumens 2006",
    "et": "Age",
    "off": 48862,
    "sff": "8–10 weeks"
  }
]
