[
  {
    "docID": "N145 Fouad 2005",
    "et": "FischerRat",
    "off": 8137,
    "sff": "Fischer rats"
  },
  {
    "docID": "N145 Fouad 2005",
    "et": "Female",
    "off": 8130,
    "sff": "female"
  },
  {
    "docID": "N145 Fouad 2005",
    "et": "Adult",
    "off": 8124,
    "sff": "adult"
  },
  {
    "docID": "N145 Fouad 2005",
    "et": "Weight",
    "off": 8154,
    "sff": "– 180 g"
  },
  {
    "docID": "N145 Fouad 2005",
    "et": "Weight",
    "off": 8156,
    "sff": "180 g"
  },
  {
    "docID": "N145 Fouad 2005",
    "et": "Weight",
    "off": 8151,
    "sff": "165– 180 g"
  }
]
