[
  {
    "docID": "N146 Fouad 2009",
    "et": "Female",
    "off": 26198,
    "sff": "female"
  },
  {
    "docID": "N146 Fouad 2009",
    "et": "FischerRat",
    "off": 4953,
    "sff": "Fischer rats"
  },
  {
    "docID": "N146 Fouad 2009",
    "et": "Female",
    "off": 4946,
    "sff": "female"
  },
  {
    "docID": "N146 Fouad 2009",
    "et": "Weight",
    "off": 5284,
    "sff": "ml per 200 g"
  },
  {
    "docID": "N146 Fouad 2009",
    "et": "Age",
    "off": 14435,
    "sff": "12 weeks"
  },
  {
    "docID": "N146 Fouad 2009",
    "et": "Adult",
    "off": 4940,
    "sff": "adult"
  },
  {
    "docID": "N146 Fouad 2009",
    "et": "Weight",
    "off": 5291,
    "sff": "200 g"
  }
]
