[
  {
    "docID": "N147 Garc%2B¡a-Al%2B¡as 2004",
    "et": "SpragueDawleyRat",
    "off": 6779,
    "sff": "Sprague-Dawley rats"
  },
  {
    "docID": "N147 Garc%2B¡a-Al%2B¡as 2004",
    "et": "CatSpecies",
    "off": 41779,
    "sff": "cats"
  },
  {
    "docID": "N147 Garc%2B¡a-Al%2B¡as 2004",
    "et": "SpragueDawleyRat",
    "off": 6779,
    "sff": "Sprague-Dawley"
  },
  {
    "docID": "N147 Garc%2B¡a-Al%2B¡as 2004",
    "et": "SpragueDawleyRat",
    "off": 5995,
    "sff": "Sprague- Dawley rats"
  },
  {
    "docID": "N147 Garc%2B¡a-Al%2B¡as 2004",
    "et": "Female",
    "off": 6772,
    "sff": "female"
  },
  {
    "docID": "N147 Garc%2B¡a-Al%2B¡as 2004",
    "et": "Weight",
    "off": 6800,
    "sff": "200– 250 g"
  },
  {
    "docID": "N147 Garc%2B¡a-Al%2B¡as 2004",
    "et": "WistarRat",
    "off": 6794,
    "sff": "rats"
  },
  {
    "docID": "N147 Garc%2B¡a-Al%2B¡as 2004",
    "et": "Adult",
    "off": 6766,
    "sff": "adult"
  }
]
