[
  {
    "docID": "N148 Gorrie 2010",
    "et": "Adult",
    "off": 28221,
    "sff": "adult"
  },
  {
    "docID": "N148 Gorrie 2010",
    "et": "Age",
    "off": 34854,
    "sff": "8–9 weeks"
  },
  {
    "docID": "N148 Gorrie 2010",
    "et": "C57_BL6_Mouse",
    "off": 41500,
    "sff": "Mouse"
  },
  {
    "docID": "N148 Gorrie 2010",
    "et": "Adult",
    "off": 401,
    "sff": "Adult"
  },
  {
    "docID": "N148 Gorrie 2010",
    "et": "Weight",
    "off": 34347,
    "sff": "200g"
  },
  {
    "docID": "N148 Gorrie 2010",
    "et": "Age",
    "off": 34856,
    "sff": "9 weeks"
  },
  {
    "docID": "N148 Gorrie 2010",
    "et": "Age",
    "off": 34855,
    "sff": "–9 weeks"
  },
  {
    "docID": "N148 Gorrie 2010",
    "et": "Female",
    "off": 34846,
    "sff": "female"
  }
]
