[
  {
    "docID": "N149 Granger 2012",
    "et": "DogSpecies",
    "off": 10998,
    "sff": "dogs"
  },
  {
    "docID": "N149 Granger 2012",
    "et": "DogSpecies",
    "off": 32438,
    "sff": "dogs"
  },
  {
    "docID": "N149 Granger 2012",
    "et": "DogSpecies",
    "off": 29204,
    "sff": "dogs"
  },
  {
    "docID": "N149 Granger 2012",
    "et": "DogSpecies",
    "off": 6581,
    "sff": "dogs"
  },
  {
    "docID": "N149 Granger 2012",
    "et": "DogSpecies",
    "off": 28195,
    "sff": "dogs"
  },
  {
    "docID": "N149 Granger 2012",
    "et": "DogSpecies",
    "off": 6812,
    "sff": "dogs"
  },
  {
    "docID": "N149 Granger 2012",
    "et": "DogSpecies",
    "off": 34268,
    "sff": "dogs"
  },
  {
    "docID": "N149 Granger 2012",
    "et": "DogSpecies",
    "off": 32861,
    "sff": "dogs"
  },
  {
    "docID": "N149 Granger 2012",
    "et": "DogSpecies",
    "off": 7530,
    "sff": "dogs"
  },
  {
    "docID": "N149 Granger 2012",
    "et": "DogSpecies",
    "off": 5163,
    "sff": "dogs"
  },
  {
    "docID": "N149 Granger 2012",
    "et": "DogSpecies",
    "off": 22505,
    "sff": "dogs"
  },
  {
    "docID": "N149 Granger 2012",
    "et": "DogSpecies",
    "off": 27782,
    "sff": "dogs"
  },
  {
    "docID": "N149 Granger 2012",
    "et": "DogSpecies",
    "off": 27974,
    "sff": "dogs"
  },
  {
    "docID": "N149 Granger 2012",
    "et": "DogSpecies",
    "off": 5831,
    "sff": "dogs"
  },
  {
    "docID": "N149 Granger 2012",
    "et": "DogSpecies",
    "off": 8723,
    "sff": "dogs"
  },
  {
    "docID": "N149 Granger 2012",
    "et": "DogSpecies",
    "off": 28048,
    "sff": "dogs"
  },
  {
    "docID": "N149 Granger 2012",
    "et": "DogSpecies",
    "off": 32590,
    "sff": "dogs"
  },
  {
    "docID": "N149 Granger 2012",
    "et": "DogSpecies",
    "off": 2126,
    "sff": "dogs"
  },
  {
    "docID": "N149 Granger 2012",
    "et": "DogSpecies",
    "off": 1551,
    "sff": "dogs"
  },
  {
    "docID": "N149 Granger 2012",
    "et": "DogSpecies",
    "off": 4460,
    "sff": "dogs"
  }
]
