[
  {
    "docID": "N150 Guest 2008",
    "et": "Weight",
    "off": 12816,
    "sff": "155 g"
  },
  {
    "docID": "N150 Guest 2008",
    "et": "Adult",
    "off": 12727,
    "sff": "adult"
  },
  {
    "docID": "N150 Guest 2008",
    "et": "Weight",
    "off": 12803,
    "sff": "weighing 140-155 g"
  },
  {
    "docID": "N150 Guest 2008",
    "et": "Female",
    "off": 12733,
    "sff": "female"
  },
  {
    "docID": "N150 Guest 2008",
    "et": "Weight",
    "off": 12812,
    "sff": "140-155 g"
  }
]
