[
  {
    "docID": "N151 Huang 2010",
    "et": "Adult",
    "off": 84,
    "sff": "adult"
  },
  {
    "docID": "N151 Huang 2010",
    "et": "WistarRat",
    "off": 16236,
    "sff": "rats"
  },
  {
    "docID": "N151 Huang 2010",
    "et": "Weight",
    "off": 6793,
    "sff": "250–300 g"
  },
  {
    "docID": "N151 Huang 2010",
    "et": "WistarRat",
    "off": 2336,
    "sff": "rats"
  },
  {
    "docID": "N151 Huang 2010",
    "et": "RatSpecies",
    "off": 14805,
    "sff": "rat"
  },
  {
    "docID": "N151 Huang 2010",
    "et": "WistarRat",
    "off": 9136,
    "sff": "rats"
  },
  {
    "docID": "N151 Huang 2010",
    "et": "RatSpecies",
    "off": 6756,
    "sff": "rat"
  },
  {
    "docID": "N151 Huang 2010",
    "et": "RatSpecies",
    "off": 4206,
    "sff": "rat"
  },
  {
    "docID": "N151 Huang 2010",
    "et": "Adult",
    "off": 6750,
    "sff": "adult"
  },
  {
    "docID": "N151 Huang 2010",
    "et": "WistarRat",
    "off": 6787,
    "sff": "rats"
  },
  {
    "docID": "N151 Huang 2010",
    "et": "WistarRat",
    "off": 6679,
    "sff": "rats"
  }
]
