[
  {
    "docID": "N152 Ibrahim 2009",
    "et": "Weight",
    "off": 3650,
    "sff": "weight 180–200 g"
  },
  {
    "docID": "N152 Ibrahim 2009",
    "et": "Weight",
    "off": 3657,
    "sff": "180–200 g"
  },
  {
    "docID": "N152 Ibrahim 2009",
    "et": "Adult",
    "off": 3038,
    "sff": "adult"
  },
  {
    "docID": "N152 Ibrahim 2009",
    "et": "Female",
    "off": 3031,
    "sff": "female"
  },
  {
    "docID": "N152 Ibrahim 2009",
    "et": "Weight",
    "off": 3661,
    "sff": "200 g) consisted"
  },
  {
    "docID": "N152 Ibrahim 2009",
    "et": "Weight",
    "off": 3660,
    "sff": "–200 g"
  }
]
