[
  {
    "docID": "N153 Imaizumi 2000",
    "et": "WistarRat",
    "off": 4812,
    "sff": "Wistar rats"
  },
  {
    "docID": "N153 Imaizumi 2000",
    "et": "Adult",
    "off": 5542,
    "sff": "adult"
  },
  {
    "docID": "N153 Imaizumi 2000",
    "et": "Age",
    "off": 9497,
    "sff": "4 weeks showed no evidence"
  },
  {
    "docID": "N153 Imaizumi 2000",
    "et": "Female",
    "off": 8198,
    "sff": "female"
  },
  {
    "docID": "N153 Imaizumi 2000",
    "et": "Adult",
    "off": 27042,
    "sff": "adult"
  },
  {
    "docID": "N153 Imaizumi 2000",
    "et": "Age",
    "off": 21541,
    "sff": "3D"
  },
  {
    "docID": "N153 Imaizumi 2000",
    "et": "Adult",
    "off": 2976,
    "sff": "adult"
  },
  {
    "docID": "N153 Imaizumi 2000",
    "et": "Adult",
    "off": 8192,
    "sff": "adult"
  },
  {
    "docID": "N153 Imaizumi 2000",
    "et": "Adult",
    "off": 8145,
    "sff": "adult"
  },
  {
    "docID": "N153 Imaizumi 2000",
    "et": "Age",
    "off": 17533,
    "sff": "1D"
  },
  {
    "docID": "N153 Imaizumi 2000",
    "et": "Adult",
    "off": 4806,
    "sff": "Adult"
  }
]
