[
  {
    "docID": "N154 Iwatsuki 2008",
    "et": "SpragueDawleyRat",
    "off": 3223,
    "sff": "Sprague–Dawley rats"
  },
  {
    "docID": "N154 Iwatsuki 2008",
    "et": "RatSpecies",
    "off": 826,
    "sff": "rat"
  },
  {
    "docID": "N154 Iwatsuki 2008",
    "et": "Adult",
    "off": 1772,
    "sff": "adult"
  },
  {
    "docID": "N154 Iwatsuki 2008",
    "et": "RatSpecies",
    "off": 994,
    "sff": "rat"
  },
  {
    "docID": "N154 Iwatsuki 2008",
    "et": "Female",
    "off": 2635,
    "sff": "Female"
  },
  {
    "docID": "N154 Iwatsuki 2008",
    "et": "SpragueDawleyRat",
    "off": 2642,
    "sff": "Sprague–Dawley rats"
  },
  {
    "docID": "N154 Iwatsuki 2008",
    "et": "SpragueDawleyRat",
    "off": 2642,
    "sff": "Sprague–Dawley"
  },
  {
    "docID": "N154 Iwatsuki 2008",
    "et": "Weight",
    "off": 2671,
    "sff": "250–300 g"
  }
]
