[
  {
    "docID": "N155 Jeffery 2005",
    "et": "DogSpecies",
    "off": 29186,
    "sff": "dogs"
  },
  {
    "docID": "N155 Jeffery 2005",
    "et": "DogSpecies",
    "off": 28962,
    "sff": "dogs"
  },
  {
    "docID": "N155 Jeffery 2005",
    "et": "DogSpecies",
    "off": 32996,
    "sff": "dogs"
  },
  {
    "docID": "N155 Jeffery 2005",
    "et": "DogSpecies",
    "off": 3577,
    "sff": "dogs"
  },
  {
    "docID": "N155 Jeffery 2005",
    "et": "DogSpecies",
    "off": 33402,
    "sff": "dogs"
  },
  {
    "docID": "N155 Jeffery 2005",
    "et": "DogSpecies",
    "off": 24343,
    "sff": "dogs"
  },
  {
    "docID": "N155 Jeffery 2005",
    "et": "DogSpecies",
    "off": 2878,
    "sff": "dogs"
  },
  {
    "docID": "N155 Jeffery 2005",
    "et": "DogSpecies",
    "off": 3294,
    "sff": "dogs"
  },
  {
    "docID": "N155 Jeffery 2005",
    "et": "DogSpecies",
    "off": 3516,
    "sff": "dogs"
  },
  {
    "docID": "N155 Jeffery 2005",
    "et": "DogSpecies",
    "off": 5564,
    "sff": "dogs"
  },
  {
    "docID": "N155 Jeffery 2005",
    "et": "DogSpecies",
    "off": 24123,
    "sff": "dogs"
  },
  {
    "docID": "N155 Jeffery 2005",
    "et": "DogSpecies",
    "off": 3729,
    "sff": "dogs"
  },
  {
    "docID": "N155 Jeffery 2005",
    "et": "DogSpecies",
    "off": 28050,
    "sff": "dogs"
  },
  {
    "docID": "N155 Jeffery 2005",
    "et": "DogSpecies",
    "off": 7922,
    "sff": "dogs"
  },
  {
    "docID": "N155 Jeffery 2005",
    "et": "DogSpecies",
    "off": 9042,
    "sff": "dogs"
  },
  {
    "docID": "N155 Jeffery 2005",
    "et": "DogSpecies",
    "off": 28401,
    "sff": "dogs"
  },
  {
    "docID": "N155 Jeffery 2005",
    "et": "DogSpecies",
    "off": 24886,
    "sff": "dogs"
  },
  {
    "docID": "N155 Jeffery 2005",
    "et": "DogSpecies",
    "off": 33130,
    "sff": "dogs"
  },
  {
    "docID": "N155 Jeffery 2005",
    "et": "DogSpecies",
    "off": 4970,
    "sff": "dogs"
  },
  {
    "docID": "N155 Jeffery 2005",
    "et": "DogSpecies",
    "off": 37577,
    "sff": "dogs"
  }
]
