[
  {
    "docID": "N156 Kalincik 2010 2",
    "et": "Age",
    "off": 5754,
    "sff": "11–14 weeks"
  },
  {
    "docID": "N156 Kalincik 2010 2",
    "et": "Weight",
    "off": 5779,
    "sff": "350– 400 g"
  },
  {
    "docID": "N156 Kalincik 2010 2",
    "et": "Age",
    "off": 9783,
    "sff": "8 weeks of age"
  },
  {
    "docID": "N156 Kalincik 2010 2",
    "et": "Weight",
    "off": 5784,
    "sff": "400 g"
  },
  {
    "docID": "N156 Kalincik 2010 2",
    "et": "Weight",
    "off": 5770,
    "sff": "weighing 350– 400 g"
  },
  {
    "docID": "N156 Kalincik 2010 2",
    "et": "Weight",
    "off": 5782,
    "sff": "– 400 g"
  },
  {
    "docID": "N156 Kalincik 2010 2",
    "et": "WistarRat",
    "off": 5639,
    "sff": "Australian Albino Wistar rats"
  },
  {
    "docID": "N156 Kalincik 2010 2",
    "et": "Male",
    "off": 5634,
    "sff": "male"
  }
]
