[
  {
    "docID": "N157 Kalincik 2010",
    "et": "Age",
    "off": 4887,
    "sff": "11- 14 weeks"
  },
  {
    "docID": "N157 Kalincik 2010",
    "et": "WistarRat",
    "off": 4772,
    "sff": "Australian Albino Wistar rats"
  },
  {
    "docID": "N157 Kalincik 2010",
    "et": "Age",
    "off": 4891,
    "sff": "14 weeks"
  },
  {
    "docID": "N157 Kalincik 2010",
    "et": "Age",
    "off": 4882,
    "sff": "aged 11- 14 weeks"
  },
  {
    "docID": "N157 Kalincik 2010",
    "et": "Male",
    "off": 4767,
    "sff": "male"
  },
  {
    "docID": "N157 Kalincik 2010",
    "et": "Weight",
    "off": 4913,
    "sff": "350–400 g"
  }
]
