[
  {
    "docID": "N158 Kang 2015",
    "et": "SpragueDawleyRat",
    "off": 4245,
    "sff": "SD rats"
  },
  {
    "docID": "N158 Kang 2015",
    "et": "SpragueDawleyRat",
    "off": 7446,
    "sff": "SD"
  },
  {
    "docID": "N158 Kang 2015",
    "et": "Weight",
    "off": 7480,
    "sff": "200-250 g"
  },
  {
    "docID": "N158 Kang 2015",
    "et": "SpragueDawleyRat",
    "off": 3215,
    "sff": "Sprague-Dawley (SD) rats"
  },
  {
    "docID": "N158 Kang 2015",
    "et": "Female",
    "off": 3274,
    "sff": "female"
  },
  {
    "docID": "N158 Kang 2015",
    "et": "SpragueDawleyRat",
    "off": 7446,
    "sff": "SD rats"
  },
  {
    "docID": "N158 Kang 2015",
    "et": "Weight",
    "off": 3295,
    "sff": "200-250 g"
  },
  {
    "docID": "N158 Kang 2015",
    "et": "SpragueDawleyRat",
    "off": 501,
    "sff": "Sprague-Dawley rats"
  }
]
