[
  {
    "docID": "N159 Keyvan-Fouladi 2003",
    "et": "Female",
    "off": 2865,
    "sff": "female"
  },
  {
    "docID": "N159 Keyvan-Fouladi 2003",
    "et": "Weight",
    "off": 2856,
    "sff": "–240 gm"
  },
  {
    "docID": "N159 Keyvan-Fouladi 2003",
    "et": "Adult",
    "off": 2833,
    "sff": "adult"
  },
  {
    "docID": "N159 Keyvan-Fouladi 2003",
    "et": "Weight",
    "off": 2857,
    "sff": "240 gm"
  },
  {
    "docID": "N159 Keyvan-Fouladi 2003",
    "et": "WistarRat",
    "off": 2872,
    "sff": "rats"
  },
  {
    "docID": "N159 Keyvan-Fouladi 2003",
    "et": "Age",
    "off": 5959,
    "sff": "17 d in DMEM–F"
  },
  {
    "docID": "N159 Keyvan-Fouladi 2003",
    "et": "Weight",
    "off": 2853,
    "sff": "200–240 gm"
  }
]
