[
  {
    "docID": "N160 Kubasak 2008",
    "et": "Age",
    "off": 6579,
    "sff": "2 weeks"
  },
  {
    "docID": "N160 Kubasak 2008",
    "et": "WistarRat",
    "off": 6504,
    "sff": "Wistar Hannover rats"
  },
  {
    "docID": "N160 Kubasak 2008",
    "et": "Female",
    "off": 6497,
    "sff": "Female"
  },
  {
    "docID": "N160 Kubasak 2008",
    "et": "Age",
    "off": 6066,
    "sff": "8–10 weeks"
  },
  {
    "docID": "N160 Kubasak 2008",
    "et": "Age",
    "off": 6617,
    "sff": "10–12 weeks"
  },
  {
    "docID": "N160 Kubasak 2008",
    "et": "Adult",
    "off": 5865,
    "sff": "adult"
  },
  {
    "docID": "N160 Kubasak 2008",
    "et": "Adult",
    "off": 42747,
    "sff": "adult"
  }
]
