[
  {
    "docID": "N161 Lang 2013",
    "et": "SpragueDawleyRat",
    "off": 15611,
    "sff": "Sprague–Dawley"
  },
  {
    "docID": "N161 Lang 2013",
    "et": "SpragueDawleyRat",
    "off": 26464,
    "sff": "SD"
  },
  {
    "docID": "N161 Lang 2013",
    "et": "WistarRat",
    "off": 15626,
    "sff": "rats"
  },
  {
    "docID": "N161 Lang 2013",
    "et": "Adult",
    "off": 15605,
    "sff": "Adult"
  },
  {
    "docID": "N161 Lang 2013",
    "et": "SpragueDawleyRat",
    "off": 15611,
    "sff": "Sprague–Dawley rats"
  },
  {
    "docID": "N161 Lang 2013",
    "et": "WistarRat",
    "off": 5505,
    "sff": "rats"
  },
  {
    "docID": "N161 Lang 2013",
    "et": "Weight",
    "off": 15640,
    "sff": "180–220 g"
  },
  {
    "docID": "N161 Lang 2013",
    "et": "WistarRat",
    "off": 850,
    "sff": "rats"
  }
]
