[
  {
    "docID": "N162 Lebedev 2010",
    "et": "Adult",
    "off": 510,
    "sff": "adult"
  },
  {
    "docID": "N162 Lebedev 2010",
    "et": "Weight",
    "off": 2829,
    "sff": "350 g"
  },
  {
    "docID": "N162 Lebedev 2010",
    "et": "Weight",
    "off": 2825,
    "sff": "300-350 g"
  },
  {
    "docID": "N162 Lebedev 2010",
    "et": "Male",
    "off": 2806,
    "sff": "male"
  },
  {
    "docID": "N162 Lebedev 2010",
    "et": "RatSpecies",
    "off": 6739,
    "sff": "rat"
  },
  {
    "docID": "N162 Lebedev 2010",
    "et": "Weight",
    "off": 2816,
    "sff": "weighing 300-350 g"
  },
  {
    "docID": "N162 Lebedev 2010",
    "et": "Weight",
    "off": 10695,
    "sff": "15 g"
  }
]
