[
  {
    "docID": "N166 Li 2011",
    "et": "Age",
    "off": 7215,
    "sff": "–7 days, cells"
  },
  {
    "docID": "N166 Li 2011",
    "et": "SpragueDawleyRat",
    "off": 7753,
    "sff": "Sprague"
  },
  {
    "docID": "N166 Li 2011",
    "et": "SpragueDawleyRat",
    "off": 7769,
    "sff": "SD"
  },
  {
    "docID": "N166 Li 2011",
    "et": "WistarRat",
    "off": 7773,
    "sff": "rats"
  },
  {
    "docID": "N166 Li 2011",
    "et": "SpragueDawleyRat",
    "off": 7761,
    "sff": "Dawley"
  },
  {
    "docID": "N166 Li 2011",
    "et": "Adult",
    "off": 7742,
    "sff": "Adult"
  },
  {
    "docID": "N166 Li 2011",
    "et": "Weight",
    "off": 7779,
    "sff": "200–250 g"
  },
  {
    "docID": "N166 Li 2011",
    "et": "Male",
    "off": 7748,
    "sff": "male"
  }
]
