[
  {
    "docID": "N167 Li 2012",
    "et": "Male",
    "off": 7015,
    "sff": "male"
  },
  {
    "docID": "N167 Li 2012",
    "et": "SpragueDawleyRat",
    "off": 7020,
    "sff": "Sprague–Dawley (SD) rats"
  },
  {
    "docID": "N167 Li 2012",
    "et": "LewisRat",
    "off": 142,
    "sff": "Rat"
  },
  {
    "docID": "N167 Li 2012",
    "et": "Weight",
    "off": 7046,
    "sff": "200–250 g"
  },
  {
    "docID": "N167 Li 2012",
    "et": "Adult",
    "off": 7009,
    "sff": "Adult"
  },
  {
    "docID": "N167 Li 2012",
    "et": "WistarRat",
    "off": 7040,
    "sff": "rats"
  },
  {
    "docID": "N167 Li 2012",
    "et": "SpragueDawleyRat",
    "off": 7020,
    "sff": "Sprague–Dawley"
  },
  {
    "docID": "N167 Li 2012",
    "et": "SpragueDawleyRat",
    "off": 7036,
    "sff": "SD"
  }
]
