[
  {
    "docID": "N168 Li 2016",
    "et": "Adult",
    "off": 2153,
    "sff": "adult"
  },
  {
    "docID": "N168 Li 2016",
    "et": "Female",
    "off": 3482,
    "sff": "female"
  },
  {
    "docID": "N168 Li 2016",
    "et": "Weight",
    "off": 3546,
    "sff": "200–220 g"
  },
  {
    "docID": "N168 Li 2016",
    "et": "C57_BL6_Mouse",
    "off": 6284,
    "sff": "C57BL/6"
  },
  {
    "docID": "N168 Li 2016",
    "et": "SpragueDawleyRat",
    "off": 9932,
    "sff": "SD"
  },
  {
    "docID": "N168 Li 2016",
    "et": "Adult",
    "off": 2432,
    "sff": "adult"
  },
  {
    "docID": "N168 Li 2016",
    "et": "Female",
    "off": 6277,
    "sff": "female"
  },
  {
    "docID": "N168 Li 2016",
    "et": "Adult",
    "off": 3476,
    "sff": "adult"
  }
]
