[
  {
    "docID": "N171 L+¦pez Vales 2007",
    "et": "SpragueDawleyRat",
    "off": 5240,
    "sff": "Sprague‚ÄìDawley rats"
  },
  {
    "docID": "N171 L+¦pez Vales 2007",
    "et": "Adult",
    "off": 6669,
    "sff": "adult"
  },
  {
    "docID": "N171 L+¦pez Vales 2007",
    "et": "SpragueDawleyRat",
    "off": 6675,
    "sff": "Sprague‚ÄìDawley rats"
  },
  {
    "docID": "N171 L+¦pez Vales 2007",
    "et": "SpragueDawleyRat",
    "off": 6675,
    "sff": "Sprague"
  },
  {
    "docID": "N171 L+¦pez Vales 2007",
    "et": "WistarRat",
    "off": 6692,
    "sff": "rats"
  },
  {
    "docID": "N171 L+¦pez Vales 2007",
    "et": "LongEvansRat",
    "off": 26898,
    "sff": "Long"
  },
  {
    "docID": "N171 L+¦pez Vales 2007",
    "et": "Weight",
    "off": 6698,
    "sff": "250-300 g"
  },
  {
    "docID": "N171 L+¦pez Vales 2007",
    "et": "Female",
    "off": 6662,
    "sff": "Female"
  }
]
