[
  {
    "docID": "N172 L+¦pez-Vales 2004",
    "et": "SpragueDawleyRat",
    "off": 4672,
    "sff": "Sprague-Dawley rats"
  },
  {
    "docID": "N172 L+¦pez-Vales 2004",
    "et": "Weight",
    "off": 7984,
    "sff": "250–300 g"
  },
  {
    "docID": "N172 L+¦pez-Vales 2004",
    "et": "SpragueDawleyRat",
    "off": 4672,
    "sff": "Sprague-Dawley"
  },
  {
    "docID": "N172 L+¦pez-Vales 2004",
    "et": "WistarRat",
    "off": 7978,
    "sff": "rats"
  },
  {
    "docID": "N172 L+¦pez-Vales 2004",
    "et": "Female",
    "off": 7956,
    "sff": "female"
  },
  {
    "docID": "N172 L+¦pez-Vales 2004",
    "et": "SpragueDawleyRat",
    "off": 7963,
    "sff": "Sprague-Dawley rats"
  },
  {
    "docID": "N172 L+¦pez-Vales 2004",
    "et": "SpragueDawleyRat",
    "off": 7963,
    "sff": "Sprague-Dawley"
  },
  {
    "docID": "N172 L+¦pez-Vales 2004",
    "et": "Adult",
    "off": 7950,
    "sff": "adult"
  }
]
