[
  {
    "docID": "N173 L+¦pez-Vales 2006",
    "et": "SpragueDawleyRat",
    "off": 6568,
    "sff": "Sprague-Dawley rats"
  },
  {
    "docID": "N173 L+¦pez-Vales 2006",
    "et": "Weight",
    "off": 8450,
    "sff": "250–300 g"
  },
  {
    "docID": "N173 L+¦pez-Vales 2006",
    "et": "Female",
    "off": 8416,
    "sff": "Female"
  },
  {
    "docID": "N173 L+¦pez-Vales 2006",
    "et": "SpragueDawleyRat",
    "off": 8429,
    "sff": "Sprague-Dawley rats"
  },
  {
    "docID": "N173 L+¦pez-Vales 2006",
    "et": "SpragueDawleyRat",
    "off": 6568,
    "sff": "Sprague-Dawley"
  },
  {
    "docID": "N173 L+¦pez-Vales 2006",
    "et": "Adult",
    "off": 8423,
    "sff": "adult"
  },
  {
    "docID": "N173 L+¦pez-Vales 2006",
    "et": "WistarRat",
    "off": 8444,
    "sff": "rats"
  },
  {
    "docID": "N173 L+¦pez-Vales 2006",
    "et": "SpragueDawleyRat",
    "off": 8429,
    "sff": "Sprague-Dawley"
  }
]
