[
  {
    "docID": "N174 L+¦pez-Vales 2006 3",
    "et": "SpragueDawleyRat",
    "off": 7434,
    "sff": "Sprague–Dawley"
  },
  {
    "docID": "N174 L+¦pez-Vales 2006 3",
    "et": "SpragueDawleyRat",
    "off": 6006,
    "sff": "Sprague–Dawley rats"
  },
  {
    "docID": "N174 L+¦pez-Vales 2006 3",
    "et": "Weight",
    "off": 7455,
    "sff": "250–300 g"
  },
  {
    "docID": "N174 L+¦pez-Vales 2006 3",
    "et": "SpragueDawleyRat",
    "off": 6006,
    "sff": "Sprague–Dawley"
  },
  {
    "docID": "N174 L+¦pez-Vales 2006 3",
    "et": "WistarRat",
    "off": 7449,
    "sff": "rats"
  },
  {
    "docID": "N174 L+¦pez-Vales 2006 3",
    "et": "Female",
    "off": 7421,
    "sff": "Female"
  },
  {
    "docID": "N174 L+¦pez-Vales 2006 3",
    "et": "SpragueDawleyRat",
    "off": 7434,
    "sff": "Sprague–Dawley rats"
  },
  {
    "docID": "N174 L+¦pez-Vales 2006 3",
    "et": "Adult",
    "off": 7428,
    "sff": "adult"
  }
]
