[
  {
    "docID": "N175 L+¦pez-Vales2006 2",
    "et": "Adult",
    "off": 3832,
    "sff": "adult"
  },
  {
    "docID": "N175 L+¦pez-Vales2006 2",
    "et": "Female",
    "off": 3838,
    "sff": "female"
  },
  {
    "docID": "N175 L+¦pez-Vales2006 2",
    "et": "SpragueDawleyRat",
    "off": 3366,
    "sff": "Sprague-Dawley rats"
  },
  {
    "docID": "N175 L+¦pez-Vales2006 2",
    "et": "Weight",
    "off": 3866,
    "sff": "250–300 g"
  },
  {
    "docID": "N175 L+¦pez-Vales2006 2",
    "et": "SpragueDawleyRat",
    "off": 3845,
    "sff": "Sprague-Dawley rats"
  },
  {
    "docID": "N175 L+¦pez-Vales2006 2",
    "et": "WistarRat",
    "off": 3860,
    "sff": "rats"
  },
  {
    "docID": "N175 L+¦pez-Vales2006 2",
    "et": "SpragueDawleyRat",
    "off": 3845,
    "sff": "Sprague-Dawley"
  },
  {
    "docID": "N175 L+¦pez-Vales2006 2",
    "et": "SpragueDawleyRat",
    "off": 3366,
    "sff": "Sprague-Dawley"
  }
]
