[
  {
    "docID": "N176 Lu 2006",
    "et": "Adult",
    "off": 9342,
    "sff": "adult"
  },
  {
    "docID": "N176 Lu 2006",
    "et": "Female",
    "off": 9348,
    "sff": "female"
  },
  {
    "docID": "N176 Lu 2006",
    "et": "Weight",
    "off": 9373,
    "sff": "160–200 g"
  },
  {
    "docID": "N176 Lu 2006",
    "et": "Weight",
    "off": 9377,
    "sff": "200 g"
  },
  {
    "docID": "N176 Lu 2006",
    "et": "Weight",
    "off": 9376,
    "sff": "–200 g"
  },
  {
    "docID": "N176 Lu 2006",
    "et": "FischerRat",
    "off": 9355,
    "sff": "Fischer 344 rats"
  }
]
