[
  {
    "docID": "N179 Masgutova 2010",
    "et": "Age",
    "off": 9848,
    "sff": "53 day"
  },
  {
    "docID": "N179 Masgutova 2010",
    "et": "Weight",
    "off": 3687,
    "sff": "200-250 g"
  },
  {
    "docID": "N179 Masgutova 2010",
    "et": "Age",
    "off": 7016,
    "sff": "b) and 60 days"
  },
  {
    "docID": "N179 Masgutova 2010",
    "et": "Age",
    "off": 6826,
    "sff": "30 days"
  },
  {
    "docID": "N179 Masgutova 2010",
    "et": "Weight",
    "off": 3691,
    "sff": "250 g"
  },
  {
    "docID": "N179 Masgutova 2010",
    "et": "Age",
    "off": 9838,
    "sff": "21 day to 53"
  },
  {
    "docID": "N179 Masgutova 2010",
    "et": "RatSpecies",
    "off": 7458,
    "sff": "rat"
  },
  {
    "docID": "N179 Masgutova 2010",
    "et": "Weight",
    "off": 3678,
    "sff": "weighted 200-250 g"
  },
  {
    "docID": "N179 Masgutova 2010",
    "et": "WistarRat",
    "off": 355,
    "sff": "rats"
  },
  {
    "docID": "N179 Masgutova 2010",
    "et": "Age",
    "off": 7023,
    "sff": "60 days (c"
  },
  {
    "docID": "N179 Masgutova 2010",
    "et": "WistarRat",
    "off": 9951,
    "sff": "rats"
  },
  {
    "docID": "N179 Masgutova 2010",
    "et": "RatSpecies",
    "off": 7962,
    "sff": "rat"
  },
  {
    "docID": "N179 Masgutova 2010",
    "et": "WistarRat",
    "off": 3673,
    "sff": "rats"
  },
  {
    "docID": "N179 Masgutova 2010",
    "et": "RatSpecies",
    "off": 6737,
    "sff": "rat"
  },
  {
    "docID": "N179 Masgutova 2010",
    "et": "RatSpecies",
    "off": 6993,
    "sff": "rat"
  },
  {
    "docID": "N179 Masgutova 2010",
    "et": "Age",
    "off": 9841,
    "sff": "day to 53 day"
  },
  {
    "docID": "N179 Masgutova 2010",
    "et": "Age",
    "off": 9838,
    "sff": "21 day to 53 day"
  }
]
