[
  {
    "docID": "N180 Mayeur 2013",
    "et": "Weight",
    "off": 13804,
    "sff": "225–250 g"
  },
  {
    "docID": "N180 Mayeur 2013",
    "et": "Adult",
    "off": 13777,
    "sff": "adult"
  },
  {
    "docID": "N180 Mayeur 2013",
    "et": "Male",
    "off": 7522,
    "sff": "male"
  },
  {
    "docID": "N180 Mayeur 2013",
    "et": "Age",
    "off": 7505,
    "sff": "30 3–4 weeks"
  },
  {
    "docID": "N180 Mayeur 2013",
    "et": "FischerRat",
    "off": 13783,
    "sff": "Fischer inbred rats"
  },
  {
    "docID": "N180 Mayeur 2013",
    "et": "Adult",
    "off": 43374,
    "sff": "adult"
  },
  {
    "docID": "N180 Mayeur 2013",
    "et": "Adult",
    "off": 43017,
    "sff": "adult"
  },
  {
    "docID": "N180 Mayeur 2013",
    "et": "Age",
    "off": 7486,
    "sff": "95 8-weeks"
  }
]
