[
  {
    "docID": "N182 Moon 2006",
    "et": "Adult",
    "off": 4756,
    "sff": "adult"
  },
  {
    "docID": "N182 Moon 2006",
    "et": "Age",
    "off": 37356,
    "sff": "one year"
  },
  {
    "docID": "N182 Moon 2006",
    "et": "Age",
    "off": 4853,
    "sff": "approximately 3 months"
  },
  {
    "docID": "N182 Moon 2006",
    "et": "Age",
    "off": 4867,
    "sff": "3 months of age"
  },
  {
    "docID": "N182 Moon 2006",
    "et": "Weight",
    "off": 4842,
    "sff": "160–192 g"
  },
  {
    "docID": "N182 Moon 2006",
    "et": "Female",
    "off": 4762,
    "sff": "female"
  },
  {
    "docID": "N182 Moon 2006",
    "et": "FischerRat",
    "off": 4769,
    "sff": "Fischer 344 rats"
  }
]
