[
  {
    "docID": "N183 Moreno-Flores 2006",
    "et": "Adult",
    "off": 32786,
    "sff": "adult"
  },
  {
    "docID": "N183 Moreno-Flores 2006",
    "et": "Age",
    "off": 16008,
    "sff": "4, 10 weeks"
  },
  {
    "docID": "N183 Moreno-Flores 2006",
    "et": "Male",
    "off": 32792,
    "sff": "male"
  },
  {
    "docID": "N183 Moreno-Flores 2006",
    "et": "Age",
    "off": 7836,
    "sff": "10 weeks (C–F"
  },
  {
    "docID": "N183 Moreno-Flores 2006",
    "et": "WistarRat",
    "off": 32797,
    "sff": "Wistar rats"
  },
  {
    "docID": "N183 Moreno-Flores 2006",
    "et": "Age",
    "off": 17523,
    "sff": "10 weeks"
  },
  {
    "docID": "N183 Moreno-Flores 2006",
    "et": "Age",
    "off": 20783,
    "sff": "10 weeks"
  }
]
