[
  {
    "docID": "N184 Moriwaki 2014",
    "et": "SpragueDawleyRat",
    "off": 4966,
    "sff": "Rat"
  },
  {
    "docID": "N184 Moriwaki 2014",
    "et": "WistarRat",
    "off": 5240,
    "sff": "rats"
  },
  {
    "docID": "N184 Moriwaki 2014",
    "et": "WistarRat",
    "off": 4966,
    "sff": "Rat"
  },
  {
    "docID": "N184 Moriwaki 2014",
    "et": "Age",
    "off": 5246,
    "sff": "8-week"
  },
  {
    "docID": "N184 Moriwaki 2014",
    "et": "SpragueDawleyRat",
    "off": 5225,
    "sff": "Sprague-Dawley rats"
  },
  {
    "docID": "N184 Moriwaki 2014",
    "et": "Adult",
    "off": 5214,
    "sff": "adult"
  },
  {
    "docID": "N184 Moriwaki 2014",
    "et": "SpragueDawleyRat",
    "off": 5225,
    "sff": "Sprague-Dawley"
  },
  {
    "docID": "N184 Moriwaki 2014",
    "et": "Male",
    "off": 5220,
    "sff": "male"
  }
]
