[
  {
    "docID": "N187 Nash 2002",
    "et": "SpragueDawleyRat",
    "off": 2294,
    "sff": "Dawley"
  },
  {
    "docID": "N187 Nash 2002",
    "et": "Weight",
    "off": 6384,
    "sff": "300–400 gm"
  },
  {
    "docID": "N187 Nash 2002",
    "et": "SpragueDawleyRat",
    "off": 6363,
    "sff": "Sprague"
  },
  {
    "docID": "N187 Nash 2002",
    "et": "WistarRat",
    "off": 6378,
    "sff": "rats"
  },
  {
    "docID": "N187 Nash 2002",
    "et": "SpragueDawleyRat",
    "off": 6363,
    "sff": "Sprague Dawley rats"
  },
  {
    "docID": "N187 Nash 2002",
    "et": "SpragueDawleyRat",
    "off": 2286,
    "sff": "Sprague Dawley rats"
  },
  {
    "docID": "N187 Nash 2002",
    "et": "Adult",
    "off": 6357,
    "sff": "adult"
  },
  {
    "docID": "N187 Nash 2002",
    "et": "SpragueDawleyRat",
    "off": 6371,
    "sff": "Dawley"
  }
]
