[
  {
    "docID": "N188 Negredo 2008",
    "et": "Female",
    "off": 12627,
    "sff": "female"
  },
  {
    "docID": "N188 Negredo 2008",
    "et": "Adult",
    "off": 12621,
    "sff": "adult"
  },
  {
    "docID": "N188 Negredo 2008",
    "et": "Weight",
    "off": 14324,
    "sff": "1 g–"
  },
  {
    "docID": "N188 Negredo 2008",
    "et": "WistarRat",
    "off": 12634,
    "sff": "Wistar rats"
  },
  {
    "docID": "N188 Negredo 2008",
    "et": "Weight",
    "off": 12663,
    "sff": "200–230 g"
  },
  {
    "docID": "N188 Negredo 2008",
    "et": "Age",
    "off": 12647,
    "sff": "2.5 months"
  },
  {
    "docID": "N188 Negredo 2008",
    "et": "Weight",
    "off": 15855,
    "sff": "270–300 g"
  }
]
