[
  {
    "docID": "N189 Novikova 2011",
    "et": "Age",
    "off": 29432,
    "sff": "11 weeks (Fig"
  },
  {
    "docID": "N189 Novikova 2011",
    "et": "Adult",
    "off": 7305,
    "sff": "adult"
  },
  {
    "docID": "N189 Novikova 2011",
    "et": "Age",
    "off": 7312,
    "sff": "10–12 weeks"
  },
  {
    "docID": "N189 Novikova 2011",
    "et": "Female",
    "off": 7331,
    "sff": "female"
  },
  {
    "docID": "N189 Novikova 2011",
    "et": "WistarRat",
    "off": 7353,
    "sff": "rats"
  },
  {
    "docID": "N189 Novikova 2011",
    "et": "Age",
    "off": 34404,
    "sff": "8–13 weeks"
  },
  {
    "docID": "N189 Novikova 2011",
    "et": "SpragueDawleyRat",
    "off": 7338,
    "sff": "Sprague–Dawley"
  },
  {
    "docID": "N189 Novikova 2011",
    "et": "SpragueDawleyRat",
    "off": 7338,
    "sff": "Sprague–Dawley rats"
  }
]
