[
  {
    "docID": "N190 Pearse 2004",
    "et": "FischerRat",
    "off": 8224,
    "sff": "Fischer rats"
  },
  {
    "docID": "N190 Pearse 2004",
    "et": "Female",
    "off": 8217,
    "sff": "female"
  },
  {
    "docID": "N190 Pearse 2004",
    "et": "Age",
    "off": 12809,
    "sff": "9 weeks"
  },
  {
    "docID": "N190 Pearse 2004",
    "et": "Adult",
    "off": 8211,
    "sff": "Adult"
  },
  {
    "docID": "N190 Pearse 2004",
    "et": "Weight",
    "off": 8262,
    "sff": "180 g"
  },
  {
    "docID": "N190 Pearse 2004",
    "et": "Weight",
    "off": 8258,
    "sff": "160-180 g"
  }
]
