[
  {
    "docID": "N191 Pearse 2007",
    "et": "Weight",
    "off": 10439,
    "sff": "180– 200 g"
  },
  {
    "docID": "N191 Pearse 2007",
    "et": "Female",
    "off": 10398,
    "sff": "female"
  },
  {
    "docID": "N191 Pearse 2007",
    "et": "FischerRat",
    "off": 10405,
    "sff": "Fischer rats"
  },
  {
    "docID": "N191 Pearse 2007",
    "et": "Weight",
    "off": 10442,
    "sff": "– 200 g"
  },
  {
    "docID": "N191 Pearse 2007",
    "et": "Weight",
    "off": 10444,
    "sff": "200 g"
  },
  {
    "docID": "N191 Pearse 2007",
    "et": "Adult",
    "off": 10392,
    "sff": "Adult"
  }
]
