[
  {
    "docID": "N192 Polentes 2004",
    "et": "Female",
    "off": 10142,
    "sff": "female"
  },
  {
    "docID": "N192 Polentes 2004",
    "et": "Weight",
    "off": 10189,
    "sff": "200– 250 g"
  },
  {
    "docID": "N192 Polentes 2004",
    "et": "Adult",
    "off": 10136,
    "sff": "Adult"
  },
  {
    "docID": "N192 Polentes 2004",
    "et": "SpragueDawleyRat",
    "off": 10149,
    "sff": "Sprague–Dawley"
  },
  {
    "docID": "N192 Polentes 2004",
    "et": "Weight",
    "off": 6333,
    "sff": "250 g), sacrificed"
  },
  {
    "docID": "N192 Polentes 2004",
    "et": "SpragueDawleyRat",
    "off": 6307,
    "sff": "Sprague–Dawley rats"
  },
  {
    "docID": "N192 Polentes 2004",
    "et": "Weight",
    "off": 6328,
    "sff": "200– 250 g"
  },
  {
    "docID": "N192 Polentes 2004",
    "et": "SpragueDawleyRat",
    "off": 10149,
    "sff": "Sprague–Dawley rats"
  }
]
