[
  {
    "docID": "N195 Resnick 2003",
    "et": "LongEvansRat",
    "off": 3897,
    "sff": "Long Evans rats"
  },
  {
    "docID": "N195 Resnick 2003",
    "et": "Male",
    "off": 3892,
    "sff": "male"
  },
  {
    "docID": "N195 Resnick 2003",
    "et": "Adult",
    "off": 728,
    "sff": "adult"
  },
  {
    "docID": "N195 Resnick 2003",
    "et": "Adult",
    "off": 503,
    "sff": "adult"
  },
  {
    "docID": "N195 Resnick 2003",
    "et": "Weight",
    "off": 3914,
    "sff": "275–325 g"
  },
  {
    "docID": "N195 Resnick 2003",
    "et": "Adult",
    "off": 3066,
    "sff": "adult"
  },
  {
    "docID": "N195 Resnick 2003",
    "et": "Adult",
    "off": 2652,
    "sff": "adult"
  },
  {
    "docID": "N195 Resnick 2003",
    "et": "Adult",
    "off": 3886,
    "sff": "adult"
  }
]
