[
  {
    "docID": "N196 Richter 2005",
    "et": "SpragueDawleyRat",
    "off": 11936,
    "sff": "Dawley"
  },
  {
    "docID": "N196 Richter 2005",
    "et": "Weight",
    "off": 11949,
    "sff": "150–200 g"
  },
  {
    "docID": "N196 Richter 2005",
    "et": "Adult",
    "off": 11917,
    "sff": "adult"
  },
  {
    "docID": "N196 Richter 2005",
    "et": "SpragueDawleyRat",
    "off": 11928,
    "sff": "Sprague"
  },
  {
    "docID": "N196 Richter 2005",
    "et": "SpragueDawleyRat",
    "off": 11928,
    "sff": "Sprague Dawley rats"
  },
  {
    "docID": "N196 Richter 2005",
    "et": "WistarRat",
    "off": 11943,
    "sff": "rats"
  },
  {
    "docID": "N196 Richter 2005",
    "et": "Male",
    "off": 11923,
    "sff": "male"
  },
  {
    "docID": "N196 Richter 2005",
    "et": "Age",
    "off": 6719,
    "sff": "4–6 d"
  }
]
