[
  {
    "docID": "N197 Rochkind 2006",
    "et": "SpragueDawleyRat",
    "off": 9692,
    "sff": "Sprague-Dawly rats"
  },
  {
    "docID": "N197 Rochkind 2006",
    "et": "Adult",
    "off": 309,
    "sff": "adult"
  },
  {
    "docID": "N197 Rochkind 2006",
    "et": "Adult",
    "off": 7379,
    "sff": "adult"
  },
  {
    "docID": "N197 Rochkind 2006",
    "et": "Age",
    "off": 9712,
    "sff": "3-months"
  },
  {
    "docID": "N197 Rochkind 2006",
    "et": "Weight",
    "off": 9754,
    "sff": "250 g"
  },
  {
    "docID": "N197 Rochkind 2006",
    "et": "Adult",
    "off": 4177,
    "sff": "adult"
  },
  {
    "docID": "N197 Rochkind 2006",
    "et": "Adult",
    "off": 882,
    "sff": "adult"
  },
  {
    "docID": "N197 Rochkind 2006",
    "et": "Adult",
    "off": 7439,
    "sff": "adult"
  }
]
