[
  {
    "docID": "N198 Ruitenberg 2002",
    "et": "Adult",
    "off": 39923,
    "sff": "Adult"
  },
  {
    "docID": "N198 Ruitenberg 2002",
    "et": "FischerRat",
    "off": 39936,
    "sff": "Fischer F344 rats"
  },
  {
    "docID": "N198 Ruitenberg 2002",
    "et": "Female",
    "off": 39929,
    "sff": "female"
  },
  {
    "docID": "N198 Ruitenberg 2002",
    "et": "Weight",
    "off": 39966,
    "sff": "–200 g"
  },
  {
    "docID": "N198 Ruitenberg 2002",
    "et": "Weight",
    "off": 39963,
    "sff": "175–200 g"
  },
  {
    "docID": "N198 Ruitenberg 2002",
    "et": "Weight",
    "off": 39967,
    "sff": "200 g"
  }
]
