[
  {
    "docID": "N199 Ruitenberg 2005",
    "et": "FischerRat",
    "off": 5162,
    "sff": "Fischer 344 rats"
  },
  {
    "docID": "N199 Ruitenberg 2005",
    "et": "Adult",
    "off": 5149,
    "sff": "Adult"
  },
  {
    "docID": "N199 Ruitenberg 2005",
    "et": "Female",
    "off": 5155,
    "sff": "female"
  },
  {
    "docID": "N199 Ruitenberg 2005",
    "et": "Weight",
    "off": 6410,
    "sff": "200 g; n"
  },
  {
    "docID": "N199 Ruitenberg 2005",
    "et": "Age",
    "off": 6397,
    "sff": "8 weeks"
  },
  {
    "docID": "N199 Ruitenberg 2005",
    "et": "Weight",
    "off": 5180,
    "sff": "120–150 g"
  },
  {
    "docID": "N199 Ruitenberg 2005",
    "et": "Weight",
    "off": 5183,
    "sff": "–150 g"
  }
]
