[
  {
    "docID": "N200 Sasaki 2004",
    "et": "SpragueDawleyRat",
    "off": 8289,
    "sff": "Sprague Dawley rats"
  },
  {
    "docID": "N200 Sasaki 2004",
    "et": "Weight",
    "off": 8310,
    "sff": "150–179 gm"
  },
  {
    "docID": "N200 Sasaki 2004",
    "et": "SpragueDawleyRat",
    "off": 8289,
    "sff": "Sprague"
  },
  {
    "docID": "N200 Sasaki 2004",
    "et": "SpragueDawleyRat",
    "off": 8297,
    "sff": "Dawley"
  },
  {
    "docID": "N200 Sasaki 2004",
    "et": "Adult",
    "off": 8276,
    "sff": "Adult"
  },
  {
    "docID": "N200 Sasaki 2004",
    "et": "WistarRat",
    "off": 8304,
    "sff": "rats"
  },
  {
    "docID": "N200 Sasaki 2004",
    "et": "Female",
    "off": 8282,
    "sff": "female"
  },
  {
    "docID": "N200 Sasaki 2004",
    "et": "SpragueDawleyRat",
    "off": 683,
    "sff": "SD rats"
  }
]
