[
  {
    "docID": "N201 Sasaki 2006",
    "et": "SpragueDawleyRat",
    "off": 5286,
    "sff": "SD"
  },
  {
    "docID": "N201 Sasaki 2006",
    "et": "SpragueDawleyRat",
    "off": 9141,
    "sff": "SD"
  },
  {
    "docID": "N201 Sasaki 2006",
    "et": "Adult",
    "off": 5257,
    "sff": "adult"
  },
  {
    "docID": "N201 Sasaki 2006",
    "et": "WistarRat",
    "off": 5290,
    "sff": "rats"
  },
  {
    "docID": "N201 Sasaki 2006",
    "et": "SpragueDawleyRat",
    "off": 5270,
    "sff": "Sprague-Dawley"
  },
  {
    "docID": "N201 Sasaki 2006",
    "et": "Weight",
    "off": 5305,
    "sff": "150-179 g"
  },
  {
    "docID": "N201 Sasaki 2006",
    "et": "SpragueDawleyRat",
    "off": 5270,
    "sff": "Sprague-Dawley (SD) rats"
  },
  {
    "docID": "N201 Sasaki 2006",
    "et": "Female",
    "off": 5263,
    "sff": "female"
  }
]
