[
  {
    "docID": "N206 Takeoka 2009",
    "et": "WistarRat",
    "off": 7745,
    "sff": "Wistar"
  },
  {
    "docID": "N206 Takeoka 2009",
    "et": "WistarRat",
    "off": 34275,
    "sff": "Wistar"
  },
  {
    "docID": "N206 Takeoka 2009",
    "et": "WistarRat",
    "off": 7745,
    "sff": "Wistar Hannover rats"
  },
  {
    "docID": "N206 Takeoka 2009",
    "et": "WistarRat",
    "off": 34275,
    "sff": "Wistar Hannover rats"
  },
  {
    "docID": "N206 Takeoka 2009",
    "et": "WistarRat",
    "off": 7997,
    "sff": "Wistar Hannover rats"
  },
  {
    "docID": "N206 Takeoka 2009",
    "et": "Age",
    "off": 8019,
    "sff": "10–12 weeks"
  },
  {
    "docID": "N206 Takeoka 2009",
    "et": "WistarRat",
    "off": 7997,
    "sff": "Wistar"
  },
  {
    "docID": "N206 Takeoka 2009",
    "et": "Female",
    "off": 7990,
    "sff": "Female"
  }
]
