[
  {
    "docID": "N207 Takeoka 2010",
    "et": "Adult",
    "off": 2575,
    "sff": "adult"
  },
  {
    "docID": "N207 Takeoka 2010",
    "et": "Adult",
    "off": 8676,
    "sff": "adult"
  },
  {
    "docID": "N207 Takeoka 2010",
    "et": "Female",
    "off": 7461,
    "sff": "Female"
  },
  {
    "docID": "N207 Takeoka 2010",
    "et": "WistarRat",
    "off": 7468,
    "sff": "Wistar Hannover rats"
  },
  {
    "docID": "N207 Takeoka 2010",
    "et": "Age",
    "off": 7197,
    "sff": "10-week-old"
  },
  {
    "docID": "N207 Takeoka 2010",
    "et": "Age",
    "off": 7530,
    "sff": "10–12 weeks"
  },
  {
    "docID": "N207 Takeoka 2010",
    "et": "Adult",
    "off": 8379,
    "sff": "adult"
  },
  {
    "docID": "N207 Takeoka 2010",
    "et": "Adult",
    "off": 19483,
    "sff": "adult"
  }
]
