[
  {
    "docID": "N208 Takeoka 2011",
    "et": "WistarRat",
    "off": 6133,
    "sff": "Wistar Hannover rats"
  },
  {
    "docID": "N208 Takeoka 2011",
    "et": "Male",
    "off": 5796,
    "sff": "male"
  },
  {
    "docID": "N208 Takeoka 2011",
    "et": "Age",
    "off": 6155,
    "sff": "10–12 weeks"
  },
  {
    "docID": "N208 Takeoka 2011",
    "et": "Adult",
    "off": 3356,
    "sff": "adult"
  },
  {
    "docID": "N208 Takeoka 2011",
    "et": "Adult",
    "off": 36673,
    "sff": "Adult"
  },
  {
    "docID": "N208 Takeoka 2011",
    "et": "Adult",
    "off": 3862,
    "sff": "adult"
  },
  {
    "docID": "N208 Takeoka 2011",
    "et": "Adult",
    "off": 916,
    "sff": "adult"
  },
  {
    "docID": "N208 Takeoka 2011",
    "et": "Female",
    "off": 6126,
    "sff": "female"
  }
]
