[
  {
    "docID": "N209 Tharion 2011",
    "et": "Weight",
    "off": 4304,
    "sff": "100–250 g"
  },
  {
    "docID": "N209 Tharion 2011",
    "et": "Weight",
    "off": 4308,
    "sff": "250 g"
  },
  {
    "docID": "N209 Tharion 2011",
    "et": "Weight",
    "off": 4307,
    "sff": "–250 g"
  },
  {
    "docID": "N209 Tharion 2011",
    "et": "Female",
    "off": 6582,
    "sff": "female"
  },
  {
    "docID": "N209 Tharion 2011",
    "et": "WistarRat",
    "off": 6589,
    "sff": "Albino Wistar rats"
  },
  {
    "docID": "N209 Tharion 2011",
    "et": "Adult",
    "off": 6576,
    "sff": "Adult"
  },
  {
    "docID": "N209 Tharion 2011",
    "et": "Adult",
    "off": 4254,
    "sff": "Adult"
  },
  {
    "docID": "N209 Tharion 2011",
    "et": "Weight",
    "off": 6609,
    "sff": "150–250 g"
  }
]
