[
  {
    "docID": "N210 Toft 2007",
    "et": "Age",
    "off": 8565,
    "sff": "10–12-week"
  },
  {
    "docID": "N210 Toft 2007",
    "et": "Age",
    "off": 8567,
    "sff": "–12-week"
  },
  {
    "docID": "N210 Toft 2007",
    "et": "Adult",
    "off": 11464,
    "sff": "adult"
  },
  {
    "docID": "N210 Toft 2007",
    "et": "Age",
    "off": 8568,
    "sff": "12-week"
  },
  {
    "docID": "N210 Toft 2007",
    "et": "Weight",
    "off": 11519,
    "sff": "200–250 g"
  },
  {
    "docID": "N210 Toft 2007",
    "et": "FischerRat",
    "off": 11475,
    "sff": "Fischer 344 rats"
  },
  {
    "docID": "N210 Toft 2007",
    "et": "Adult",
    "off": 8558,
    "sff": "adult"
  },
  {
    "docID": "N210 Toft 2007",
    "et": "Male",
    "off": 11470,
    "sff": "male"
  }
]
