[
  {
    "docID": "N211 Toft 2012",
    "et": "Weight",
    "off": 11976,
    "sff": "300g"
  },
  {
    "docID": "N211 Toft 2012",
    "et": "Weight",
    "off": 7102,
    "sff": "250 g"
  },
  {
    "docID": "N211 Toft 2012",
    "et": "Weight",
    "off": 7101,
    "sff": "–250 g"
  },
  {
    "docID": "N211 Toft 2012",
    "et": "Adult",
    "off": 14367,
    "sff": "adult"
  },
  {
    "docID": "N211 Toft 2012",
    "et": "Weight",
    "off": 7098,
    "sff": "200–250 g"
  },
  {
    "docID": "N211 Toft 2012",
    "et": "Male",
    "off": 14373,
    "sff": "male"
  },
  {
    "docID": "N211 Toft 2012",
    "et": "FischerRat",
    "off": 14378,
    "sff": "Fischer 344 rats"
  }
]
