[
  {
    "docID": "N213 Torres-Espin 2013",
    "et": "Age",
    "off": 6021,
    "sff": "4–5 days"
  },
  {
    "docID": "N213 Torres-Espin 2013",
    "et": "SpragueDawleyRat",
    "off": 9000,
    "sff": "Sprague-Dawley"
  },
  {
    "docID": "N213 Torres-Espin 2013",
    "et": "Adult",
    "off": 8994,
    "sff": "Adult"
  },
  {
    "docID": "N213 Torres-Espin 2013",
    "et": "Age",
    "off": 9022,
    "sff": "rats (9 weeks old"
  },
  {
    "docID": "N213 Torres-Espin 2013",
    "et": "Weight",
    "off": 9041,
    "sff": "250–300 g"
  },
  {
    "docID": "N213 Torres-Espin 2013",
    "et": "Female",
    "off": 9015,
    "sff": "female"
  },
  {
    "docID": "N213 Torres-Espin 2013",
    "et": "Age",
    "off": 6015,
    "sff": "every 4–5 days"
  },
  {
    "docID": "N213 Torres-Espin 2013",
    "et": "Age",
    "off": 9028,
    "sff": "9 weeks"
  }
]
