[
  {
    "docID": "N216 Verdu 2003",
    "et": "SpragueDawleyRat",
    "off": 5116,
    "sff": "Sprague-Dawley rats"
  },
  {
    "docID": "N216 Verdu 2003",
    "et": "SpragueDawleyRat",
    "off": 5116,
    "sff": "Sprague-Dawley"
  },
  {
    "docID": "N216 Verdu 2003",
    "et": "WistarRat",
    "off": 8409,
    "sff": "rats"
  },
  {
    "docID": "N216 Verdu 2003",
    "et": "SpragueDawleyRat",
    "off": 8394,
    "sff": "Sprague-Dawley"
  },
  {
    "docID": "N216 Verdu 2003",
    "et": "Adult",
    "off": 8381,
    "sff": "adult"
  },
  {
    "docID": "N216 Verdu 2003",
    "et": "SpragueDawleyRat",
    "off": 8394,
    "sff": "Sprague-Dawley rats"
  },
  {
    "docID": "N216 Verdu 2003",
    "et": "Female",
    "off": 8387,
    "sff": "female"
  },
  {
    "docID": "N216 Verdu 2003",
    "et": "Weight",
    "off": 8415,
    "sff": "250–300 g"
  }
]
