[
  {
    "docID": "N218 Plant 2003",
    "et": "Female",
    "off": 8813,
    "sff": "female"
  },
  {
    "docID": "N218 Plant 2003",
    "et": "Adult",
    "off": 8807,
    "sff": "adult"
  },
  {
    "docID": "N218 Plant 2003",
    "et": "Age",
    "off": 32907,
    "sff": "0.02), 1 week"
  },
  {
    "docID": "N218 Plant 2003",
    "et": "Age",
    "off": 22445,
    "sff": "SEM) of 0 d"
  },
  {
    "docID": "N218 Plant 2003",
    "et": "Weight",
    "off": 8821,
    "sff": "200 g"
  },
  {
    "docID": "N218 Plant 2003",
    "et": "FischerRat",
    "off": 8828,
    "sff": "Fischer rats"
  },
  {
    "docID": "N218 Plant 2003",
    "et": "Age",
    "off": 29796,
    "sff": "1-week-old"
  },
  {
    "docID": "N218 Plant 2003",
    "et": "Age",
    "off": 27119,
    "sff": "3D; Ram√"
  }
]
