[
  {
    "docID": "N219 Ramón-Cueto 1998",
    "et": "FischerRat",
    "off": 13294,
    "sff": "Fischer rats"
  },
  {
    "docID": "N219 Ramón-Cueto 1998",
    "et": "Female",
    "off": 13287,
    "sff": "female"
  },
  {
    "docID": "N219 Ramón-Cueto 1998",
    "et": "Weight",
    "off": 10195,
    "sff": "200 g"
  },
  {
    "docID": "N219 Ramón-Cueto 1998",
    "et": "Adult",
    "off": 13266,
    "sff": "adult"
  },
  {
    "docID": "N219 Ramón-Cueto 1998",
    "et": "Weight",
    "off": 9040,
    "sff": "200 g"
  },
  {
    "docID": "N219 Ramón-Cueto 1998",
    "et": "Age",
    "off": 13258,
    "sff": "Sixteen adult (4 months"
  },
  {
    "docID": "N219 Ramón-Cueto 1998",
    "et": "Age",
    "off": 13273,
    "sff": "4 months"
  }
]
