[
  {
    "docID": "N220 Ruitenberg 2003",
    "et": "Weight",
    "off": 17168,
    "sff": "175– 200 gm"
  },
  {
    "docID": "N220 Ruitenberg 2003",
    "et": "Weight",
    "off": 17173,
    "sff": "200 gm"
  },
  {
    "docID": "N220 Ruitenberg 2003",
    "et": "FischerRat",
    "off": 17149,
    "sff": "Fischer F344 rats"
  },
  {
    "docID": "N220 Ruitenberg 2003",
    "et": "Female",
    "off": 17142,
    "sff": "female"
  },
  {
    "docID": "N220 Ruitenberg 2003",
    "et": "Weight",
    "off": 17171,
    "sff": "– 200 gm"
  },
  {
    "docID": "N220 Ruitenberg 2003",
    "et": "Adult",
    "off": 17136,
    "sff": "adult"
  }
]
