[
  {
    "docID": "N221 Takami 2002",
    "et": "Adult",
    "off": 8445,
    "sff": "Adult"
  },
  {
    "docID": "N221 Takami 2002",
    "et": "Weight",
    "off": 8480,
    "sff": "160–180 gm"
  },
  {
    "docID": "N221 Takami 2002",
    "et": "Weight",
    "off": 8483,
    "sff": "–180 gm"
  },
  {
    "docID": "N221 Takami 2002",
    "et": "Weight",
    "off": 8484,
    "sff": "180 gm"
  },
  {
    "docID": "N221 Takami 2002",
    "et": "FischerRat",
    "off": 8458,
    "sff": "Fischer rats"
  },
  {
    "docID": "N221 Takami 2002",
    "et": "Female",
    "off": 8451,
    "sff": "female"
  }
]
