[
  {
    "docID": "N223 Wu 2008",
    "et": "Adult",
    "off": 2218,
    "sff": "adult"
  },
  {
    "docID": "N223 Wu 2008",
    "et": "Weight",
    "off": 9475,
    "sff": "200-240 g"
  },
  {
    "docID": "N223 Wu 2008",
    "et": "Female",
    "off": 9772,
    "sff": "female"
  },
  {
    "docID": "N223 Wu 2008",
    "et": "Adult",
    "off": 1784,
    "sff": "adult"
  },
  {
    "docID": "N223 Wu 2008",
    "et": "Adult",
    "off": 617,
    "sff": "adult"
  },
  {
    "docID": "N223 Wu 2008",
    "et": "WistarRat",
    "off": 9462,
    "sff": "Wistar rats"
  },
  {
    "docID": "N223 Wu 2008",
    "et": "Adult",
    "off": 9766,
    "sff": "adult"
  },
  {
    "docID": "N223 Wu 2008",
    "et": "Weight",
    "off": 10683,
    "sff": "subject to a 25 g"
  }
]
