[
  {
    "docID": "N224 Wu 2015",
    "et": "Adult",
    "off": 8165,
    "sff": "adult"
  },
  {
    "docID": "N224 Wu 2015",
    "et": "Weight",
    "off": 9204,
    "sff": "220–300 g"
  },
  {
    "docID": "N224 Wu 2015",
    "et": "Adult",
    "off": 6655,
    "sff": "Adult"
  },
  {
    "docID": "N224 Wu 2015",
    "et": "Weight",
    "off": 6690,
    "sff": "250–300 g"
  },
  {
    "docID": "N224 Wu 2015",
    "et": "Female",
    "off": 6661,
    "sff": "female"
  },
  {
    "docID": "N224 Wu 2015",
    "et": "Weight",
    "off": 10855,
    "sff": "250–300 g"
  },
  {
    "docID": "N224 Wu 2015",
    "et": "WistarRat",
    "off": 6668,
    "sff": "Wistar rats"
  },
  {
    "docID": "N224 Wu 2015",
    "et": "Adult",
    "off": 7169,
    "sff": "adult"
  }
]
