[
  {
    "docID": "N226 Xiao 2007",
    "et": "Adult",
    "off": 6224,
    "sff": "adult"
  },
  {
    "docID": "N226 Xiao 2007",
    "et": "SpragueDawleyRat",
    "off": 6230,
    "sff": "Sprague"
  },
  {
    "docID": "N226 Xiao 2007",
    "et": "SpragueDawleyRat",
    "off": 16492,
    "sff": "SD"
  },
  {
    "docID": "N226 Xiao 2007",
    "et": "Female",
    "off": 6217,
    "sff": "female"
  },
  {
    "docID": "N226 Xiao 2007",
    "et": "SpragueDawleyRat",
    "off": 6238,
    "sff": "Dawley"
  },
  {
    "docID": "N226 Xiao 2007",
    "et": "SpragueDawleyRat",
    "off": 6230,
    "sff": "Sprague Dawley rats"
  },
  {
    "docID": "N226 Xiao 2007",
    "et": "CatSpecies",
    "off": 42414,
    "sff": "cats"
  },
  {
    "docID": "N226 Xiao 2007",
    "et": "Age",
    "off": 38682,
    "sff": "10–14 days"
  }
]
