[
  {
    "docID": "N228 Yazdani 2012",
    "et": "WistarRat",
    "off": 9301,
    "sff": "wistar rats"
  },
  {
    "docID": "N228 Yazdani 2012",
    "et": "Weight",
    "off": 9332,
    "sff": "–350 g"
  },
  {
    "docID": "N228 Yazdani 2012",
    "et": "Weight",
    "off": 9329,
    "sff": "300–350 g"
  },
  {
    "docID": "N228 Yazdani 2012",
    "et": "Female",
    "off": 9294,
    "sff": "female"
  },
  {
    "docID": "N228 Yazdani 2012",
    "et": "Weight",
    "off": 9322,
    "sff": "weight 300–350 g"
  },
  {
    "docID": "N228 Yazdani 2012",
    "et": "Adult",
    "off": 9288,
    "sff": "Adult"
  },
  {
    "docID": "N228 Yazdani 2012",
    "et": "Weight",
    "off": 9333,
    "sff": "350 g"
  }
]
