[
  {
    "docID": "N229 Yui 2014",
    "et": "SpragueDawleyRat",
    "off": 4710,
    "sff": "SD rats"
  },
  {
    "docID": "N229 Yui 2014",
    "et": "Age",
    "off": 4616,
    "sff": "8-week-old"
  },
  {
    "docID": "N229 Yui 2014",
    "et": "Female",
    "off": 4627,
    "sff": "female"
  },
  {
    "docID": "N229 Yui 2014",
    "et": "Age",
    "off": 4691,
    "sff": "10-week-old"
  },
  {
    "docID": "N229 Yui 2014",
    "et": "Age",
    "off": 4763,
    "sff": "13-week-old"
  },
  {
    "docID": "N229 Yui 2014",
    "et": "Female",
    "off": 4703,
    "sff": "female"
  },
  {
    "docID": "N229 Yui 2014",
    "et": "Age",
    "off": 4759,
    "sff": "one 13-week-old SD"
  }
]
