[
  {
    "docID": "N230 Zhang 2011 2",
    "et": "Weight",
    "off": 5934,
    "sff": "200-220 g"
  },
  {
    "docID": "N230 Zhang 2011 2",
    "et": "LongEvansRat",
    "off": 7292,
    "sff": "Long-Evans rats"
  },
  {
    "docID": "N230 Zhang 2011 2",
    "et": "LongEvansRat",
    "off": 5911,
    "sff": "Long-Evans rats"
  },
  {
    "docID": "N230 Zhang 2011 2",
    "et": "Age",
    "off": 8494,
    "sff": "bulb (150 W"
  },
  {
    "docID": "N230 Zhang 2011 2",
    "et": "Female",
    "off": 5904,
    "sff": "female"
  },
  {
    "docID": "N230 Zhang 2011 2",
    "et": "Adult",
    "off": 32402,
    "sff": "adult"
  },
  {
    "docID": "N230 Zhang 2011 2",
    "et": "Adult",
    "off": 5897,
    "sff": "Adult"
  },
  {
    "docID": "N230 Zhang 2011 2",
    "et": "Female",
    "off": 7285,
    "sff": "female"
  }
]
