[
  {
    "docID": "N231 Zhang 2011",
    "et": "LongEvansRat",
    "off": 31987,
    "sff": "Long–Evans rats"
  },
  {
    "docID": "N231 Zhang 2011",
    "et": "Weight",
    "off": 32012,
    "sff": "200–220 g"
  },
  {
    "docID": "N231 Zhang 2011",
    "et": "Female",
    "off": 31980,
    "sff": "female"
  },
  {
    "docID": "N231 Zhang 2011",
    "et": "Adult",
    "off": 5802,
    "sff": "adult"
  },
  {
    "docID": "N231 Zhang 2011",
    "et": "Adult",
    "off": 905,
    "sff": "adult"
  },
  {
    "docID": "N231 Zhang 2011",
    "et": "Adult",
    "off": 31974,
    "sff": "Adult"
  },
  {
    "docID": "N231 Zhang 2011",
    "et": "Adult",
    "off": 24734,
    "sff": "adult"
  },
  {
    "docID": "N231 Zhang 2011",
    "et": "Female",
    "off": 911,
    "sff": "female"
  }
]
