[
  {
    "docID": "N232 Zhang 2012",
    "et": "Female",
    "off": 30919,
    "sff": "female"
  },
  {
    "docID": "N232 Zhang 2012",
    "et": "Weight",
    "off": 30932,
    "sff": "weight 200–220 g"
  },
  {
    "docID": "N232 Zhang 2012",
    "et": "Weight",
    "off": 30939,
    "sff": "200–220 g"
  },
  {
    "docID": "N232 Zhang 2012",
    "et": "LongEvansRat",
    "off": 30902,
    "sff": "Long–Evans rats"
  },
  {
    "docID": "N232 Zhang 2012",
    "et": "Weight",
    "off": 30943,
    "sff": "220 g"
  },
  {
    "docID": "N232 Zhang 2012",
    "et": "Weight",
    "off": 30942,
    "sff": "–220 g"
  }
]
