[
  {
    "docID": "N234 Zhang 2016",
    "et": "SpragueDawleyRat",
    "off": 7421,
    "sff": "SD"
  },
  {
    "docID": "N234 Zhang 2016",
    "et": "SpragueDawleyRat",
    "off": 5147,
    "sff": "SD"
  },
  {
    "docID": "N234 Zhang 2016",
    "et": "SpragueDawleyRat",
    "off": 6275,
    "sff": "SD rats"
  },
  {
    "docID": "N234 Zhang 2016",
    "et": "Female",
    "off": 7414,
    "sff": "female"
  },
  {
    "docID": "N234 Zhang 2016",
    "et": "Weight",
    "off": 7430,
    "sff": "200–250 g"
  },
  {
    "docID": "N234 Zhang 2016",
    "et": "Adult",
    "off": 7408,
    "sff": "Adult"
  },
  {
    "docID": "N234 Zhang 2016",
    "et": "WistarRat",
    "off": 7424,
    "sff": "rats"
  },
  {
    "docID": "N234 Zhang 2016",
    "et": "SpragueDawleyRat",
    "off": 7421,
    "sff": "SD rats"
  }
]
