[
  {
    "docID": "N235 Ziegler 2011",
    "et": "Age",
    "off": 6191,
    "sff": "8–12 weeks"
  },
  {
    "docID": "N235 Ziegler 2011",
    "et": "Age",
    "off": 4656,
    "sff": "–12 week"
  },
  {
    "docID": "N235 Ziegler 2011",
    "et": "Age",
    "off": 6192,
    "sff": "–12 weeks"
  },
  {
    "docID": "N235 Ziegler 2011",
    "et": "Age",
    "off": 4654,
    "sff": "10–12 week"
  },
  {
    "docID": "N235 Ziegler 2011",
    "et": "WistarRat",
    "off": 4632,
    "sff": "Wistar Hannover rats"
  },
  {
    "docID": "N235 Ziegler 2011",
    "et": "Age",
    "off": 4657,
    "sff": "12 week"
  },
  {
    "docID": "N235 Ziegler 2011",
    "et": "Age",
    "off": 6193,
    "sff": "12 weeks"
  },
  {
    "docID": "N235 Ziegler 2011",
    "et": "Adult",
    "off": 44108,
    "sff": "adult"
  }
]
