[
  {
    "docID": "N236 Akbari",
    "et": "Male",
    "off": 4943,
    "sff": "male"
  },
  {
    "docID": "N236 Akbari",
    "et": "Weight",
    "off": 4964,
    "sff": "–250 g"
  },
  {
    "docID": "N236 Akbari",
    "et": "Weight",
    "off": 4961,
    "sff": "220–250 g"
  },
  {
    "docID": "N236 Akbari",
    "et": "Weight",
    "off": 4965,
    "sff": "250 g) used"
  },
  {
    "docID": "N236 Akbari",
    "et": "WistarRat",
    "off": 4948,
    "sff": "Wistar rats"
  },
  {
    "docID": "N236 Akbari",
    "et": "Adult",
    "off": 4937,
    "sff": "Adult"
  }
]
