[
  {
    "docID": "N237 dePaul",
    "et": "Adult",
    "off": 39324,
    "sff": "Adult"
  },
  {
    "docID": "N237 dePaul",
    "et": "Weight",
    "off": 39358,
    "sff": "225–250 g"
  },
  {
    "docID": "N237 dePaul",
    "et": "Weight",
    "off": 37884,
    "sff": "250 g"
  },
  {
    "docID": "N237 dePaul",
    "et": "Weight",
    "off": 37883,
    "sff": "–250 g"
  },
  {
    "docID": "N237 dePaul",
    "et": "Weight",
    "off": 37880,
    "sff": "225–250 g"
  },
  {
    "docID": "N237 dePaul",
    "et": "Female",
    "off": 39330,
    "sff": "female"
  },
  {
    "docID": "N237 dePaul",
    "et": "SpragueDawleyRat",
    "off": 39337,
    "sff": "Sprague-Dawley rats"
  }
]
