[
  {
    "docID": "N238 Janzedeh",
    "et": "Weight",
    "off": 5873,
    "sff": "–170 g"
  },
  {
    "docID": "N238 Janzedeh",
    "et": "Male",
    "off": 5852,
    "sff": "male"
  },
  {
    "docID": "N238 Janzedeh",
    "et": "Weight",
    "off": 5874,
    "sff": "170 g"
  },
  {
    "docID": "N238 Janzedeh",
    "et": "Weight",
    "off": 6685,
    "sff": "induced 20 g"
  },
  {
    "docID": "N238 Janzedeh",
    "et": "Weight",
    "off": 5870,
    "sff": "150–170 g"
  },
  {
    "docID": "N238 Janzedeh",
    "et": "WistarRat",
    "off": 5857,
    "sff": "Wistar rats"
  },
  {
    "docID": "N238 Janzedeh",
    "et": "Weight",
    "off": 6693,
    "sff": "20 g"
  },
  {
    "docID": "N238 Janzedeh",
    "et": "Adult",
    "off": 98,
    "sff": "adult"
  }
]
