[
  {
    "docID": "N244 Cloutier 2016",
    "et": "WistarRat",
    "off": 7044,
    "sff": "Australian inbred Wistar rats"
  },
  {
    "docID": "N244 Cloutier 2016",
    "et": "Male",
    "off": 7039,
    "sff": "male"
  },
  {
    "docID": "N244 Cloutier 2016",
    "et": "Weight",
    "off": 7704,
    "sff": "350–400 g"
  },
  {
    "docID": "N244 Cloutier 2016",
    "et": "Weight",
    "off": 7129,
    "sff": "350–400 g"
  },
  {
    "docID": "N244 Cloutier 2016",
    "et": "Adult",
    "off": 7033,
    "sff": "adult"
  },
  {
    "docID": "N244 Cloutier 2016",
    "et": "Weight",
    "off": 7707,
    "sff": "–400 g"
  },
  {
    "docID": "N244 Cloutier 2016",
    "et": "Weight",
    "off": 7708,
    "sff": "400 g"
  }
]
