[
  {
    "docID": "N246 Gu 2017",
    "et": "Male",
    "off": 31551,
    "sff": "male"
  },
  {
    "docID": "N246 Gu 2017",
    "et": "SpragueDawleyRat",
    "off": 427,
    "sff": "Sprague-Dawley rats"
  },
  {
    "docID": "N246 Gu 2017",
    "et": "Adult",
    "off": 31545,
    "sff": "adult"
  },
  {
    "docID": "N246 Gu 2017",
    "et": "WistarRat",
    "off": 31571,
    "sff": "rats"
  },
  {
    "docID": "N246 Gu 2017",
    "et": "SpragueDawleyRat",
    "off": 31556,
    "sff": "Sprague-Dawley"
  },
  {
    "docID": "N246 Gu 2017",
    "et": "SpragueDawleyRat",
    "off": 31556,
    "sff": "Sprague-Dawley rats"
  },
  {
    "docID": "N246 Gu 2017",
    "et": "Weight",
    "off": 31593,
    "sff": "250 and 300 g"
  },
  {
    "docID": "N246 Gu 2017",
    "et": "SpragueDawleyRat",
    "off": 427,
    "sff": "Sprague-Dawley"
  }
]
