[
  {
    "docID": "N248 Imaizumi",
    "et": "Age",
    "off": 28078,
    "sff": "4 weeks showed no evidence"
  },
  {
    "docID": "N248 Imaizumi",
    "et": "Adult",
    "off": 7792,
    "sff": "Adult"
  },
  {
    "docID": "N248 Imaizumi",
    "et": "Weight",
    "off": 23587,
    "sff": "0.5mg"
  },
  {
    "docID": "N248 Imaizumi",
    "et": "Age",
    "off": 28077,
    "sff": "–4 weeks"
  },
  {
    "docID": "N248 Imaizumi",
    "et": "Adult",
    "off": 25196,
    "sff": "Adult"
  },
  {
    "docID": "N248 Imaizumi",
    "et": "Age",
    "off": 12730,
    "sff": "3D"
  },
  {
    "docID": "N248 Imaizumi",
    "et": "WistarRat",
    "off": 25202,
    "sff": "Wistar rats"
  },
  {
    "docID": "N248 Imaizumi",
    "et": "Age",
    "off": 19654,
    "sff": "cords 4–5 weeks"
  },
  {
    "docID": "N248 Imaizumi",
    "et": "Age",
    "off": 12717,
    "sff": "groups (Fig. 3D"
  },
  {
    "docID": "N248 Imaizumi",
    "et": "Age",
    "off": 19660,
    "sff": "4–5 weeks"
  }
]
