[
  {
    "docID": "N249 Khankan",
    "et": "Adult",
    "off": 2747,
    "sff": "adult"
  },
  {
    "docID": "N249 Khankan",
    "et": "SpragueDawleyRat",
    "off": 7548,
    "sff": "Sprague-Dawley rats"
  },
  {
    "docID": "N249 Khankan",
    "et": "Age",
    "off": 7598,
    "sff": "10‚Äì12 weeks"
  },
  {
    "docID": "N249 Khankan",
    "et": "Age",
    "off": 7745,
    "sff": "8 weeks postinjury (Table"
  },
  {
    "docID": "N249 Khankan",
    "et": "Female",
    "off": 7541,
    "sff": "female"
  },
  {
    "docID": "N249 Khankan",
    "et": "Adult",
    "off": 1009,
    "sff": "adult"
  }
]
