[
  {
    "docID": "N251 Nategh",
    "et": "Age",
    "off": 5734,
    "sff": "5-day-old"
  },
  {
    "docID": "N251 Nategh",
    "et": "Weight",
    "off": 3801,
    "sff": "180-200 g"
  },
  {
    "docID": "N251 Nategh",
    "et": "Age",
    "off": 9791,
    "sff": "assessed one week"
  },
  {
    "docID": "N251 Nategh",
    "et": "Age",
    "off": 9800,
    "sff": "one week"
  },
  {
    "docID": "N251 Nategh",
    "et": "Female",
    "off": 3766,
    "sff": "female"
  },
  {
    "docID": "N251 Nategh",
    "et": "Age",
    "off": 614,
    "sff": "one week"
  },
  {
    "docID": "N251 Nategh",
    "et": "WistarRat",
    "off": 3780,
    "sff": "Wistar rats"
  }
]
