#class	isLiteral
ForelimbStrengthTest	false
BrainNucleus	false
MechanicalAllodyniaTest	false
NormoxicBreathingTest	false
SubcutaneousLocation	false
BBBTest	false
SurfaceRightingReflexTest	false
MolecularChangesTest	false
WalkingAnalysisParameter	false
VonFreyFilaments	false
SpinalSubduralArea	false
StainingArea	false
AdhesiveRemovalParameter	false
Intraspinal	false
LouisvilleSwimScale	false
TailFlickReflexTest	false
CentralCanal	false
SpinalFiberTract	false
ForelimbAsymmetryTest	false
PainTest	false
IntegratedAmplitude	false
SpinalVentralHalf	false
Rostral	false
TissueSparingTest	false
DorsalColumn	false
SwimmingTest	false
MotoRater	false
SpinalFiber	false
MotorReflexTest	false
SelfMutilationObservation	false
LethargyObservation	false
ElectrophysiologicalFrequency	false
BreathingTest	false
SwingSpeed	false
ConductionVelocity	false
SurvivalObservation	false
InfectionExamination	false
Left	false
StrideLength	false
GeneExpressionAnalysis	false
AxonalRegenerationTest	false
SubstanceApplicationLocation	false
ReticulospinalTract	false
SignalIntensity	false
StanceSwingRatio	false
C1	false
CystVolumeTest	false
C2	false
C3	false
C4	false
C5	false
ProteinLevelAnalysis	false
C6	false
C7	false
RemovalLatency	false
NeurologicScalesTest	false
SpinalLesionSite	false
T1	false
T2	false
RubrospinalTract	false
T3	false
T4	false
T5	false
T6	false
Epidural	false
T7	false
T8	false
T9	false
RegularityIndex	false
LesionVolumeTest	false
Latency	false
GripStrengthMeter	false
SchwannCellChangesTest	false
PrintArea	false
MotorNeurons	false
Perpendicular	false
FunctionalTest	false
InvestigationMethod	false
SwingDuration	false
GaleRatingScoreTest	false
SecondaryDegenerationTest	false
HargreavesApparatus	false
FootprintAnalysisTest	false
Right	false
IntramuscularLocation	false
VeinLocation	false
PhysiologyTest	false
FemoralVeinLocation	false
Ventral	false
StepError	false
MyelinationTest	false
Intrathecal	false
ToxicityTest	false
TreatmentSite	false
Longitudinal	false
GastricUlcerogenesisTest	false
SpinalCord	false
Duration	true
Vertebrae	false
VentricularLocation	false
LesionAdjacentTissue	false
GaitPawRotation	false
ContactPlacingResponseTest	false
CentralNervousSystem	false
StainingLength	false
LimbRotation	false
HemorrhageTest	false
TectospinalTract	false
OligodendrogliaChangesTest	false
T50MeanArterialPressure	false
Location	false
ApoptosisTest	false
LadderRungTest	false
StainingDensity	false
CardioVascularFunctionTest	false
SinglePelletReachingTest	false
NeuroprotectionTest	false
AdhesiveRemovalTest	false
SensoryTest	false
BBBSubscoreTest	false
AxonalDamageTest	false
HistologicalInvestigationParameter	false
SpinalCentralPart	false
ManualDexterityTest	false
CatWalkBasedBBB	false
TyrosineHydroxylaseFibers	false
NarrowBeamTest	false
AnatomicalLocation	false
ElectrophysiologicalAmplitude	false
OxidativeStressTest	false
AxonalDiebackTest	false
PawLength	false
NonNeuronalCellChangesTest	false
RearingTest	false
SpinalCordStump	false
ElectrophysiologyParameter	false
TreadScan	false
SpasticityObservation	false
MotorEvokedPotentialsTest	false
HeartRate	false
Brain	false
TailFlickApparatus	false
HReflexTest	false
AscendingFiberTract	false
SpinalWhiteMatter	false
Dorsal	false
Depth	true
ScarringTest	false
GaitCoordination	false
VestibulospinalTract	false
BladderFunctionTest	false
Threshold	false
BodyWeightExamination	false
Distance	true
Diameter	false
Sacral	false
BMSTest	false
ErrorStepRatio	false
Contrallateral	false
UrinePressure	false
OpenFieldTest	false
ElectrophysiologicalDuration	false
NeurogenesisTest	false
TailVeinLocation	false
StepHeight	false
StaircaseTest	false
SympatheticPreganglionicNeurons	false
SpinalGrayMatter	false
PawWidth	false
CephalicVeinLocation	false
DigiGait	false
BaseOfSupport	false
Direction	false
AxonalChangesTest	false
BloodBrainBarrierTest	false
LocomotorTest	false
VertebralArea	false
ThermalHyperalgesiaTest	false
Caudal	false
HindpawSensationTest	false
VertebralSegment	false
BladderFunctionParameter	false
MortalityObservation	false
StepParameter	false
SignalAbsence	false
NonFunctionalTest	false
UrineVoiding	false
L1	false
L2	false
VerticalGrid	false
L3	false
L4	false
WhishawApparatus	false
L5	false
RunwayScan	false
InflammationTest	false
RelativePawPlacement	false
GaitTest	false
T11	false
GaitAnalysisParameter	false
T10	false
T13	false
T12	false
DescendingFiberTract	false
Lumbar	false
Thoracic	false
VertebralLocation	false
TemporalParameter	false
AutomatedGaitAnalysis	false
Rotarod	false
SerotonergicFibers	false
StanceLength	false
Extremity	false
IntraperitonealLocation	false
ElectromyographyTest	false
BladderSize	false
AxonalSproutingTest	false
Cyst	false
Bilateral	false
Apparatus	false
AngiogenesisTest	false
BloodCirculationExamination	false
NeuronalCellLossTest	false
VascularFunctionParameter	false
AvoidanceResponseTest	false
ObservationOfAnimalBehaviour	false
BladderWeight	false
MotorTest	false
SpinalDorsalHalf	false
AstrogliosisTest	false
Lateral	false
InclinedPlaneTest	false
WalkingAnalysisTest	false
SomatosensoryEvokedPotentialsTest	false
Cervical	false
GroomingObservation	false
SignalPresence	false
NeuronalChangesTest	false
AwarenessLatency	false
HypoxicBreathingTest	false
HistologicalInvestigationTest	false
LimbMuscleStrengthTest	false
AutonomicDysreflexiaTest	false
NeuronalActivityTest	false
MeanArterialPressure	false
ImagingTest	false
CorticospinalTract	false
Ipsilateral	false
ElectrophysiologyTest	false
SpinalCordEvokedPotentialsTest	false
CatWalkGaitAnalysisSystem	false
