#superClass	subClass
LimbMuscleStrengthTest	ForelimbStrengthTest
Location	BrainNucleus
PainTest	MechanicalAllodyniaTest
BreathingTest	NormoxicBreathingTest
SubstanceApplicationLocation	SubcutaneousLocation
NeurologicScalesTest	BBBTest
MotorReflexTest	SurfaceRightingReflexTest
NonFunctionalTest	MolecularChangesTest
ObservedParameter	WalkingAnalysisParameter
Apparatus	VonFreyFilaments
Intraspinal	SpinalSubduralArea
HistologicalInvestigationParameter	StainingArea
ObservedParameter	AdhesiveRemovalParameter
SpinalCord	Intraspinal
SwimmingTest	LouisvilleSwimScale
PainTest	TailFlickReflexTest
Location	CentralCanal
SpinalFiber	SpinalFiberTract
MotorTest	ForelimbAsymmetryTest
FunctionalTest	PainTest
ElectrophysiologyParameter	IntegratedAmplitude
Intraspinal	SpinalVentralHalf
Direction	Rostral
SecondaryDegenerationTest	TissueSparingTest
SpinalDorsalHalf	DorsalColumn
LocomotorTest	SwimmingTest
Apparatus	MotoRater
Intraspinal	SpinalFiber
FunctionalTest	MotorReflexTest
ObservationOfAnimalBehaviour	SelfMutilationObservation
ObservationOfAnimalBehaviour	LethargyObservation
ElectrophysiologyParameter	ElectrophysiologicalFrequency
PhysiologyTest	BreathingTest
GaitAnalysisParameter	SwingSpeed
ElectrophysiologyParameter	ConductionVelocity
ObservationOfAnimalBehaviour	SurvivalObservation
PhysiologyTest	InfectionExamination
Direction	Left
GaitAnalysisParameter	StrideLength
MolecularChangesTest	GeneExpressionAnalysis
AxonalChangesTest	AxonalRegenerationTest
Location	SubstanceApplicationLocation
DescendingFiberTract	ReticulospinalTract
HistologicalInvestigationParameter	SignalIntensity
GaitAnalysisParameter	StanceSwingRatio
Vertebrae	C1
LesionVolumeTest	CystVolumeTest
Vertebrae	C2
Vertebrae	C3
Vertebrae	C4
Vertebrae	C5
MolecularChangesTest	ProteinLevelAnalysis
Vertebrae	C6
Vertebrae	C7
AdhesiveRemovalParameter	RemovalLatency
FunctionalTest	NeurologicScalesTest
Intraspinal	SpinalLesionSite
Vertebrae	T1
Vertebrae	T2
DescendingFiberTract	RubrospinalTract
Vertebrae	T3
Vertebrae	T4
Vertebrae	T5
Vertebrae	T6
Intrathecal	Epidural
Vertebrae	T7
Vertebrae	T8
Vertebrae	T9
GaitAnalysisParameter	RegularityIndex
SecondaryDegenerationTest	LesionVolumeTest
TemporalParameter	Latency
Apparatus	GripStrengthMeter
NonNeuronalCellChangesTest	SchwannCellChangesTest
GaitAnalysisParameter	PrintArea
Location	MotorNeurons
Direction	Perpendicular
InvestigationMethod	FunctionalTest
Event	InvestigationMethod
GaitAnalysisParameter	SwingDuration
NeurologicScalesTest	GaleRatingScoreTest
HistologicalInvestigationTest	SecondaryDegenerationTest
Apparatus	HargreavesApparatus
LocomotorTest	FootprintAnalysisTest
Direction	Right
SubstanceApplicationLocation	IntramuscularLocation
SubstanceApplicationLocation	VeinLocation
FunctionalTest	PhysiologyTest
SubstanceApplicationLocation	FemoralVeinLocation
Direction	Ventral
StepParameter	StepError
NeuronalChangesTest	MyelinationTest
SpinalCord	Intrathecal
SecondaryDegenerationTest	ToxicityTest
Location	TreatmentSite
Direction	Longitudinal
PhysiologyTest	GastricUlcerogenesisTest
CentralNervousSystem	SpinalCord
qudt#Quantity	Duration
VertebralLocation	Vertebrae
SubstanceApplicationLocation	VentricularLocation
SpinalCord	LesionAdjacentTissue
GaitAnalysisParameter	GaitPawRotation
MotorReflexTest	ContactPlacingResponseTest
AnatomicalLocation	CentralNervousSystem
HistologicalInvestigationParameter	StainingLength
GaitAnalysisParameter	LimbRotation
SecondaryDegenerationTest	HemorrhageTest
DescendingFiberTract	TectospinalTract
NonNeuronalCellChangesTest	OligodendrogliaChangesTest
VascularFunctionParameter	T50MeanArterialPressure
SecondaryDegenerationTest	ApoptosisTest
LocomotorTest	LadderRungTest
HistologicalInvestigationParameter	StainingDensity
PhysiologyTest	CardioVascularFunctionTest
MotorTest	SinglePelletReachingTest
NeuronalChangesTest	NeuroprotectionTest
SensoryTest	AdhesiveRemovalTest
FunctionalTest	SensoryTest
NeurologicScalesTest	BBBSubscoreTest
AxonalChangesTest	AxonalDamageTest
ObservedParameter	HistologicalInvestigationParameter
Intraspinal	SpinalCentralPart
MotorTest	ManualDexterityTest
ObservedParameter	CatWalkBasedBBB
SpinalFiber	TyrosineHydroxylaseFibers
GaitTest	NarrowBeamTest
Location	AnatomicalLocation
ElectrophysiologyParameter	ElectrophysiologicalAmplitude
SecondaryDegenerationTest	OxidativeStressTest
AxonalChangesTest	AxonalDiebackTest
GaitAnalysisParameter	PawLength
HistologicalInvestigationTest	NonNeuronalCellChangesTest
ForelimbAsymmetryTest	RearingTest
Location	SpinalCordStump
ObservedParameter	ElectrophysiologyParameter
Apparatus	TreadScan
ObservationOfAnimalBehaviour	SpasticityObservation
ElectrophysiologyTest	MotorEvokedPotentialsTest
VascularFunctionParameter	HeartRate
CentralNervousSystem	Brain
Apparatus	TailFlickApparatus
ElectrophysiologyTest	HReflexTest
SpinalFiberTract	AscendingFiberTract
Intraspinal	SpinalWhiteMatter
Direction	Dorsal
qudt#Quantity	Depth
HistologicalInvestigationTest	ScarringTest
GaitAnalysisParameter	GaitCoordination
DescendingFiberTract	VestibulospinalTract
PhysiologyTest	BladderFunctionTest
TemporalParameter	Threshold
PhysiologyTest	BodyWeightExamination
qudt#Quantity	Distance
HistologicalInvestigationParameter	Diameter
VertebralSegment	Sacral
NeurologicScalesTest	BMSTest
StepParameter	ErrorStepRatio
Direction	Contrallateral
BladderFunctionParameter	UrinePressure
NeurologicScalesTest	OpenFieldTest
ElectrophysiologyParameter	ElectrophysiologicalDuration
NeuronalChangesTest	NeurogenesisTest
SubstanceApplicationLocation	TailVeinLocation
GaitAnalysisParameter	StepHeight
MotorTest	StaircaseTest
Location	SympatheticPreganglionicNeurons
Intraspinal	SpinalGrayMatter
GaitAnalysisParameter	PawWidth
SubstanceApplicationLocation	CephalicVeinLocation
Apparatus	DigiGait
GaitAnalysisParameter	BaseOfSupport
SpatialDimensions	Direction
NeuronalChangesTest	AxonalChangesTest
PhysiologyTest	BloodBrainBarrierTest
FunctionalTest	LocomotorTest
VertebralLocation	VertebralArea
PainTest	ThermalHyperalgesiaTest
Direction	Caudal
SensoryTest	HindpawSensationTest
VertebralLocation	VertebralSegment
ObservedParameter	BladderFunctionParameter
ObservationOfAnimalBehaviour	MortalityObservation
WalkingAnalysisParameter	StepParameter
ElectrophysiologyParameter	SignalAbsence
InvestigationMethod	NonFunctionalTest
BladderFunctionParameter	UrineVoiding
Vertebrae	L1
Vertebrae	L2
Apparatus	VerticalGrid
Vertebrae	L3
Vertebrae	L4
Apparatus	WhishawApparatus
Vertebrae	L5
Apparatus	RunwayScan
NonNeuronalCellChangesTest	InflammationTest
GaitAnalysisParameter	RelativePawPlacement
FunctionalTest	GaitTest
Vertebrae	T11
ObservedParameter	GaitAnalysisParameter
Vertebrae	T10
Vertebrae	T13
Vertebrae	T12
SpinalFiberTract	DescendingFiberTract
VertebralSegment	Lumbar
VertebralSegment	Thoracic
Location	VertebralLocation
ObservedParameter	TemporalParameter
ElectrophysiologyParameter	TemporalParameter
GaitTest	AutomatedGaitAnalysis
Apparatus	Rotarod
SpinalFiber	SerotonergicFibers
GaitAnalysisParameter	StanceLength
AnatomicalLocation	Extremity
SubstanceApplicationLocation	IntraperitonealLocation
ElectrophysiologyTest	ElectromyographyTest
BladderFunctionParameter	BladderSize
AxonalChangesTest	AxonalSproutingTest
Location	Cyst
Direction	Bilateral
NonNeuronalCellChangesTest	AngiogenesisTest
CardioVascularFunctionTest	BloodCirculationExamination
NeuronalChangesTest	NeuronalCellLossTest
ObservedParameter	VascularFunctionParameter
PainTest	AvoidanceResponseTest
InvestigationMethod	ObservationOfAnimalBehaviour
BladderFunctionParameter	BladderWeight
FunctionalTest	MotorTest
Intraspinal	SpinalDorsalHalf
NonNeuronalCellChangesTest	AstrogliosisTest
Direction	Lateral
MotorTest	InclinedPlaneTest
LocomotorTest	WalkingAnalysisTest
ElectrophysiologyTest	SomatosensoryEvokedPotentialsTest
VertebralSegment	Cervical
ObservationOfAnimalBehaviour	GroomingObservation
ElectrophysiologyParameter	SignalPresence
HistologicalInvestigationTest	NeuronalChangesTest
AdhesiveRemovalParameter	AwarenessLatency
BreathingTest	HypoxicBreathingTest
NonFunctionalTest	HistologicalInvestigationTest
MotorTest	LimbMuscleStrengthTest
CardioVascularFunctionTest	AutonomicDysreflexiaTest
NeuronalChangesTest	NeuronalActivityTest
VascularFunctionParameter	MeanArterialPressure
InvestigationMethod	ImagingTest
DescendingFiberTract	CorticospinalTract
Direction	Ipsilateral
FunctionalTest	ElectrophysiologyTest
ElectrophysiologyTest	SpinalCordEvokedPotentialsTest
Apparatus	CatWalkGaitAnalysisSystem
