# DocID, SentenceNr, SenTokenPos, DocTokenPos, SenCharOnset(incl), SenCharOffset(excl), DocCharOnset(incl), DocCharOffset(excl), Text
3, 1, 1, 1, 0, 15, 0, 15, "﻿Chondroitinase"
3, 1, 2, 2, 16, 19, 16, 19, "ABC"
3, 1, 3, 3, 20, 28, 20, 28, "enhances"
3, 1, 4, 4, 29, 35, 29, 35, "axonal"
3, 1, 5, 5, 36, 44, 36, 44, "regrowth"
3, 1, 6, 6, 45, 52, 45, 52, "through"
3, 1, 7, 7, 53, 60, 53, 60, "Schwann"
3, 1, 8, 8, 61, 72, 61, 72, "cell-seeded"
3, 1, 9, 9, 73, 81, 73, 81, "guidance"
3, 1, 10, 10, 82, 90, 82, 90, "channels"
3, 1, 11, 11, 91, 96, 91, 96, "after"
3, 1, 12, 12, 97, 103, 97, 103, "spinal"
3, 1, 13, 13, 104, 108, 104, 108, "cord"
3, 1, 14, 14, 109, 116, 109, 116, "injury1"
3, 1, 15, 15, 117, 118, 117, 118, "C"
3, 1, 16, 16, 118, 119, 118, 119, "."
3, 2, 1, 17, 0, 1, 120, 121, "H"
3, 2, 2, 18, 1, 2, 121, 122, "."
3, 3, 1, 19, 0, 4, 123, 127, "CHAU"
3, 3, 2, 20, 4, 5, 127, 128, ","
3, 3, 3, 21, 5, 6, 128, 129, "*"
3, 3, 4, 22, 6, 7, 129, 130, ","
3, 3, 5, 23, 7, 8, 130, 131, "‚"
3, 3, 6, 24, 8, 9, 131, 132, "Ä"
3, 3, 7, 25, 9, 10, 132, 133, "†"
3, 3, 8, 26, 11, 12, 134, 135, "D"
3, 3, 9, 27, 12, 13, 135, 136, "."
3, 4, 1, 28, 0, 1, 137, 138, "K"
3, 4, 2, 29, 1, 2, 138, 139, "."
3, 5, 1, 30, 0, 1, 140, 141, "Y"
3, 5, 2, 31, 1, 2, 141, 142, "."
3, 6, 1, 32, 0, 4, 143, 147, "SHUM"
3, 6, 2, 33, 4, 5, 147, 148, ","
3, 6, 3, 34, 5, 6, 148, 149, "*"
3, 6, 4, 35, 6, 7, 149, 150, ","
3, 6, 5, 36, 7, 8, 150, 151, "2"
3, 6, 6, 37, 9, 10, 152, 153, "H"
3, 6, 7, 38, 10, 11, 153, 154, "."
3, 7, 1, 39, 0, 2, 155, 157, "LI"
3, 7, 2, 40, 2, 3, 157, 158, ","
3, 7, 3, 41, 3, 4, 158, 159, "‚"
3, 7, 4, 42, 4, 5, 159, 160, "Ä"
3, 7, 5, 43, 5, 6, 160, 161, "†"
3, 7, 6, 44, 7, 8, 162, 163, "J"
3, 7, 7, 45, 8, 9, 163, 164, "."
3, 8, 1, 46, 0, 3, 165, 168, "PEI"
3, 8, 2, 47, 3, 4, 168, 169, ","
3, 8, 3, 48, 4, 5, 169, 170, "‚"
3, 8, 4, 49, 5, 6, 170, 171, "Ä"
3, 8, 5, 50, 6, 7, 171, 172, "°"
3, 8, 6, 51, 8, 9, 173, 174, "Y"
3, 8, 7, 52, 9, 10, 174, 175, "."
3, 9, 1, 53, 0, 1, 176, 177, "Y"
3, 9, 2, 54, 1, 2, 177, 178, "."
3, 10, 1, 55, 0, 3, 179, 182, "LUI"
3, 10, 2, 56, 3, 4, 182, 183, ","
3, 10, 3, 57, 4, 5, 183, 184, "*"
3, 10, 4, 58, 6, 7, 185, 186, "L"
3, 10, 5, 59, 7, 8, 186, 187, "."
3, 11, 1, 60, 0, 8, 188, 196, "WIRTHLIN"
3, 11, 2, 61, 8, 9, 196, 197, ","
3, 11, 3, 62, 9, 10, 197, 198, "‚"
3, 11, 4, 63, 10, 11, 198, 199, "Ä"
3, 11, 5, 64, 11, 12, 199, 200, "†"
3, 11, 6, 65, 12, 13, 200, 201, ","
3, 11, 7, 66, 13, 14, 201, 202, "‚"
3, 11, 8, 67, 14, 15, 202, 203, "Ä"
3, 11, 9, 68, 15, 16, 203, 204, "°"
3, 11, 10, 69, 17, 18, 205, 206, "Y"
3, 11, 11, 70, 18, 19, 206, 207, "."
3, 12, 1, 71, 0, 1, 208, 209, "S"
3, 12, 2, 72, 1, 2, 209, 210, "."
3, 13, 1, 73, 0, 4, 211, 215, "CHAN"
3, 13, 2, 74, 4, 5, 215, 216, ","
3, 13, 3, 75, 5, 6, 216, 217, "¬"
3, 13, 4, 76, 6, 7, 217, 218, "ß"
3, 13, 5, 77, 8, 11, 219, 222, "AND"
3, 13, 6, 78, 12, 13, 223, 224, "X"
3, 13, 7, 79, 13, 14, 224, 225, "."
3, 14, 1, 80, 0, 1, 225, 226, "-"
3, 14, 2, 81, 1, 2, 226, 227, "M"
3, 14, 3, 82, 2, 3, 227, 228, "."
3, 15, 1, 83, 0, 2, 229, 231, "XU"
3, 15, 2, 84, 2, 3, 231, 232, "‚"
3, 15, 3, 85, 3, 4, 232, 233, "Ä"
3, 15, 4, 86, 4, 5, 233, 234, "†"
3, 15, 5, 87, 5, 6, 234, 235, ","
3, 15, 6, 88, 6, 7, 235, 236, "‚"
3, 15, 7, 89, 7, 8, 236, 237, "Ä"
3, 15, 8, 90, 8, 9, 237, 238, "°"
3, 15, 9, 91, 9, 10, 238, 239, ","
3, 15, 10, 92, 10, 11, 239, 240, "3"
3, 15, 11, 93, 12, 13, 241, 242, "*"
3, 15, 12, 94, 13, 23, 242, 252, "Department"
3, 15, 13, 95, 24, 26, 253, 255, "of"
3, 15, 14, 96, 27, 39, 256, 268, "Biochemistry"
3, 15, 15, 97, 39, 40, 268, 269, ","
3, 15, 16, 98, 41, 48, 270, 277, "Faculty"
3, 15, 17, 99, 49, 51, 278, 280, "of"
3, 15, 18, 100, 52, 60, 281, 289, "Medicine"
3, 15, 19, 101, 60, 61, 289, 290, ","
3, 15, 20, 102, 62, 72, 291, 301, "University"
3, 15, 21, 103, 73, 75, 302, 304, "of"
3, 15, 22, 104, 76, 80, 305, 309, "Hong"
3, 15, 23, 105, 81, 85, 310, 314, "Kong"
3, 15, 24, 106, 85, 86, 314, 315, ","
3, 15, 25, 107, 87, 91, 316, 320, "Hong"
3, 15, 26, 108, 92, 96, 321, 325, "Kong"
3, 15, 27, 109, 96, 97, 325, 326, ","
3, 15, 28, 110, 98, 103, 327, 332, "China"
3, 15, 29, 111, 103, 104, 332, 333, ";"
3, 15, 30, 112, 105, 106, 334, 335, "‚"
3, 15, 31, 113, 106, 107, 335, 336, "Ä"
3, 15, 32, 114, 107, 108, 336, 337, "†"
3, 15, 33, 115, 109, 119, 338, 348, "Department"
3, 15, 34, 116, 120, 122, 349, 351, "of"
3, 15, 35, 117, 123, 130, 352, 359, "Anatomy"
3, 15, 36, 118, 131, 134, 360, 363, "and"
3, 15, 37, 119, 135, 147, 364, 376, "Neurobiology"
3, 15, 38, 120, 147, 148, 376, 377, ","
3, 15, 39, 121, 149, 154, 378, 383, "Saint"
3, 15, 40, 122, 155, 160, 384, 389, "Louis"
3, 15, 41, 123, 161, 171, 390, 400, "University"
3, 15, 42, 124, 172, 178, 401, 407, "School"
3, 15, 43, 125, 179, 181, 408, 410, "of"
3, 15, 44, 126, 182, 190, 411, 419, "Medicine"
3, 15, 45, 127, 190, 191, 419, 420, ","
3, 15, 46, 128, 192, 197, 421, 426, "Saint"
3, 15, 47, 129, 198, 203, 427, 432, "Louis"
3, 15, 48, 130, 203, 204, 432, 433, ","
3, 15, 49, 131, 205, 207, 434, 436, "MO"
3, 15, 50, 132, 208, 213, 437, 442, "63104"
3, 15, 51, 133, 213, 214, 442, 443, ","
3, 15, 52, 134, 215, 218, 444, 447, "USA"
3, 15, 53, 135, 218, 219, 447, 448, ";"
3, 15, 54, 136, 220, 221, 449, 450, "‚"
3, 15, 55, 137, 221, 222, 450, 451, "Ä"
3, 15, 56, 138, 222, 223, 451, 452, "°"
3, 15, 57, 139, 223, 231, 452, 460, "Kentucky"
3, 15, 58, 140, 232, 238, 461, 467, "Spinal"
3, 15, 59, 141, 239, 243, 468, 472, "Cord"
3, 15, 60, 142, 244, 250, 473, 479, "Injury"
3, 15, 61, 143, 251, 259, 480, 488, "Research"
3, 15, 62, 144, 260, 266, 489, 495, "Center"
3, 15, 63, 145, 266, 267, 495, 496, ","
3, 15, 64, 146, 268, 278, 497, 507, "Department"
3, 15, 65, 147, 279, 281, 508, 510, "of"
3, 15, 66, 148, 282, 294, 511, 523, "Neurological"
3, 15, 67, 149, 295, 302, 524, 531, "Surgery"
3, 15, 68, 150, 302, 303, 531, 532, ","
3, 15, 69, 151, 304, 314, 533, 543, "University"
3, 15, 70, 152, 315, 317, 544, 546, "of"
3, 15, 71, 153, 318, 328, 547, 557, "Louisville"
3, 15, 72, 154, 329, 335, 558, 564, "School"
3, 15, 73, 155, 336, 338, 565, 567, "of"
3, 15, 74, 156, 339, 347, 568, 576, "Medicine"
3, 15, 75, 157, 347, 348, 576, 577, ","
3, 15, 76, 158, 349, 359, 578, 588, "Louisville"
3, 15, 77, 159, 359, 360, 588, 589, ","
3, 15, 78, 160, 361, 363, 590, 592, "KY"
3, 15, 79, 161, 364, 369, 593, 598, "40292"
3, 15, 80, 162, 369, 370, 598, 599, ","
3, 15, 81, 163, 371, 374, 600, 603, "USA"
3, 15, 82, 164, 374, 375, 603, 604, ";"
3, 15, 83, 165, 376, 379, 605, 608, "and"
3, 15, 84, 166, 380, 381, 609, 610, "¬"
3, 15, 85, 167, 381, 392, 610, 621, "ßDepartment"
3, 15, 86, 168, 393, 395, 622, 624, "of"
3, 15, 87, 169, 396, 406, 625, 635, "Physiology"
3, 15, 88, 170, 406, 407, 635, 636, ","
3, 15, 89, 171, 408, 415, 637, 644, "Faculty"
3, 15, 90, 172, 416, 418, 645, 647, "of"
3, 15, 91, 173, 419, 427, 648, 656, "Medicine"
3, 15, 92, 174, 427, 428, 656, 657, ","
3, 15, 93, 175, 429, 439, 658, 668, "University"
3, 15, 94, 176, 440, 442, 669, 671, "of"
3, 15, 95, 177, 443, 447, 672, 676, "Hong"
3, 15, 96, 178, 448, 452, 677, 681, "Kong"
3, 15, 97, 179, 452, 453, 681, 682, ","
3, 15, 98, 180, 454, 458, 683, 687, "Hong"
3, 15, 99, 181, 459, 463, 688, 692, "Kong"
3, 15, 100, 182, 463, 464, 692, 693, ","
3, 15, 101, 183, 465, 470, 694, 699, "China"
3, 15, 102, 184, 471, 479, 700, 708, "SPECIFIC"
3, 15, 103, 185, 480, 484, 709, 713, "AIMS"
3, 15, 104, 186, 485, 493, 714, 722, "Grafting"
3, 15, 105, 187, 494, 496, 723, 725, "of"
3, 15, 106, 188, 497, 504, 726, 733, "Schwann"
3, 15, 107, 189, 505, 509, 734, 738, "cell"
3, 15, 108, 190, 510, 511, 739, 740, "("
3, 15, 109, 191, 511, 513, 740, 742, "SC"
3, 15, 110, 192, 513, 514, 742, 743, ")"
3, 15, 111, 193, 514, 515, 743, 744, "-"
3, 15, 112, 194, 515, 521, 744, 750, "seeded"
3, 15, 113, 195, 522, 530, 751, 759, "channels"
3, 15, 114, 196, 531, 535, 760, 764, "into"
3, 15, 115, 197, 536, 546, 765, 775, "hemisected"
3, 15, 116, 198, 547, 552, 776, 781, "adult"
3, 15, 117, 199, 553, 556, 782, 785, "rat"
3, 15, 118, 200, 557, 565, 786, 794, "thoracic"
3, 15, 119, 201, 566, 572, 795, 801, "spinal"
3, 15, 120, 202, 573, 578, 802, 807, "cords"
3, 15, 121, 203, 579, 582, 808, 811, "has"
3, 15, 122, 204, 583, 587, 812, 816, "been"
3, 15, 123, 205, 588, 594, 817, 823, "tested"
3, 15, 124, 206, 595, 597, 824, 826, "as"
3, 15, 125, 207, 598, 599, 827, 828, "a"
3, 15, 126, 208, 600, 608, 829, 837, "strategy"
3, 15, 127, 209, 609, 611, 838, 840, "to"
3, 15, 128, 210, 612, 618, 841, 847, "bridge"
3, 15, 129, 211, 619, 622, 848, 851, "the"
3, 15, 130, 212, 623, 630, 852, 859, "injured"
3, 15, 131, 213, 631, 637, 860, 866, "spinal"
3, 15, 132, 214, 638, 642, 867, 871, "cord"
3, 15, 133, 215, 642, 643, 871, 872, "."
3, 16, 1, 216, 0, 5, 873, 878, "Since"
3, 16, 2, 217, 6, 14, 879, 887, "deposits"
3, 16, 3, 218, 15, 17, 888, 890, "of"
3, 16, 4, 219, 18, 29, 891, 902, "chondroitin"
3, 16, 5, 220, 30, 37, 903, 910, "sulfate"
3, 16, 6, 221, 38, 39, 911, 912, "("
3, 16, 7, 222, 39, 41, 912, 914, "CS"
3, 16, 8, 223, 41, 42, 914, 915, ")"
3, 16, 9, 224, 43, 53, 916, 926, "glycoforms"
3, 16, 10, 225, 54, 56, 927, 929, "at"
3, 16, 11, 226, 57, 60, 930, 933, "the"
3, 16, 12, 227, 61, 67, 934, 940, "distal"
3, 16, 13, 228, 68, 78, 941, 951, "graft-host"
3, 16, 14, 229, 79, 88, 952, 961, "interface"
3, 16, 15, 230, 89, 93, 962, 966, "have"
3, 16, 16, 231, 94, 98, 967, 971, "been"
3, 16, 17, 232, 99, 109, 972, 982, "implicated"
3, 16, 18, 233, 110, 112, 983, 985, "as"
3, 16, 19, 234, 113, 114, 986, 987, "a"
3, 16, 20, 235, 115, 124, 988, 997, "molecular"
3, 16, 21, 236, 125, 135, 998, 1008, "impediment"
3, 16, 22, 237, 136, 138, 1009, 1011, "to"
3, 16, 23, 238, 139, 148, 1012, 1021, "regrowing"
3, 16, 24, 239, 149, 154, 1022, 1027, "axons"
3, 16, 25, 240, 154, 155, 1027, 1028, ","
3, 16, 26, 241, 156, 158, 1029, 1031, "we"
3, 16, 27, 242, 159, 168, 1032, 1041, "attempted"
3, 16, 28, 243, 169, 171, 1042, 1044, "to"
3, 16, 29, 244, 172, 180, 1045, 1053, "diminish"
3, 16, 30, 245, 181, 184, 1054, 1057, "the"
3, 16, 31, 246, 185, 191, 1058, 1064, "effect"
3, 16, 32, 247, 192, 194, 1065, 1067, "by"
3, 16, 33, 248, 195, 203, 1068, 1076, "delivery"
3, 16, 34, 249, 204, 206, 1077, 1079, "of"
3, 16, 35, 250, 207, 221, 1080, 1094, "chondroitinase"
3, 16, 36, 251, 222, 225, 1095, 1098, "ABC"
3, 16, 37, 252, 226, 227, 1099, 1100, "("
3, 16, 38, 253, 227, 235, 1100, 1108, "ChaseABC"
3, 16, 39, 254, 235, 236, 1108, 1109, ")"
3, 16, 40, 255, 237, 242, 1110, 1115, "close"
3, 16, 41, 256, 243, 245, 1116, 1118, "to"
3, 16, 42, 257, 246, 249, 1119, 1122, "the"
3, 16, 43, 258, 250, 259, 1123, 1132, "interface"
3, 16, 44, 259, 260, 263, 1133, 1136, "and"
3, 16, 45, 260, 264, 272, 1137, 1145, "examined"
3, 16, 46, 261, 273, 276, 1146, 1149, "the"
3, 16, 47, 262, 277, 286, 1150, 1159, "resulting"
3, 16, 48, 263, 287, 293, 1160, 1166, "tissue"
3, 16, 49, 264, 294, 297, 1167, 1170, "for"
3, 16, 50, 265, 298, 310, 1171, 1183, "improvements"
3, 16, 51, 266, 311, 313, 1184, 1186, "in"
3, 16, 52, 267, 314, 320, 1187, 1193, "axonal"
3, 16, 53, 268, 321, 327, 1194, 1200, "growth"
3, 16, 54, 269, 328, 335, 1201, 1208, "pattern"
3, 16, 55, 270, 336, 339, 1209, 1212, "and"
3, 16, 56, 271, 340, 348, 1213, 1221, "reactive"
3, 16, 57, 272, 349, 353, 1222, 1226, "cell"
3, 16, 58, 273, 354, 366, 1227, 1239, "distribution"
3, 16, 59, 274, 367, 369, 1240, 1242, "in"
3, 16, 60, 275, 370, 372, 1243, 1245, "an"
3, 16, 61, 276, 373, 384, 1246, 1257, "environment"
3, 16, 62, 277, 385, 392, 1258, 1265, "removed"
3, 16, 63, 278, 393, 395, 1266, 1268, "of"
3, 16, 64, 279, 396, 398, 1269, 1271, "CS"
3, 16, 65, 280, 399, 409, 1272, 1282, "glycoforms"
3, 16, 66, 281, 409, 410, 1282, 1283, "."
3, 17, 1, 282, 0, 9, 1285, 1294, "PRINCIPAL"
3, 17, 2, 283, 10, 18, 1295, 1303, "FINDINGS"
3, 17, 3, 284, 20, 26, 1305, 1311, "Figure"
3, 17, 4, 285, 27, 28, 1312, 1313, "1"
3, 17, 5, 286, 28, 29, 1313, 1314, "."
3, 18, 1, 287, 0, 7, 1315, 1322, "Changes"
3, 18, 2, 288, 8, 10, 1323, 1325, "at"
3, 18, 3, 289, 11, 14, 1326, 1329, "the"
3, 18, 4, 290, 15, 21, 1330, 1336, "distal"
3, 18, 5, 291, 22, 32, 1337, 1347, "graft-host"
3, 18, 6, 292, 33, 42, 1348, 1357, "interface"
3, 18, 7, 293, 43, 45, 1358, 1360, "as"
3, 18, 8, 294, 46, 47, 1361, 1362, "a"
3, 18, 9, 295, 48, 54, 1363, 1369, "result"
3, 18, 10, 296, 55, 57, 1370, 1372, "of"
3, 18, 11, 297, 58, 66, 1373, 1381, "ChaseABC"
3, 18, 12, 298, 67, 75, 1382, 1390, "infusion"
3, 18, 13, 299, 75, 76, 1390, 1391, "."
3, 19, 1, 300, 0, 2, 1392, 1394, "In"
3, 19, 2, 301, 3, 18, 1395, 1410, "vehicle-infused"
3, 19, 3, 302, 19, 27, 1411, 1419, "controls"
3, 19, 4, 303, 27, 28, 1419, 1420, ","
3, 19, 5, 304, 29, 30, 1421, 1422, "a"
3, 19, 6, 305, 31, 36, 1423, 1428, "fuzzy"
3, 19, 7, 306, 37, 41, 1429, 1433, "CS56"
3, 19, 8, 307, 41, 42, 1433, 1434, "-"
3, 19, 9, 308, 42, 50, 1434, 1442, "positive"
3, 19, 10, 309, 51, 55, 1443, 1447, "zone"
3, 19, 11, 310, 56, 57, 1448, 1449, "("
3, 19, 12, 311, 57, 63, 1449, 1455, "region"
3, 19, 13, 312, 64, 70, 1456, 1462, "within"
3, 19, 14, 313, 71, 77, 1463, 1469, "arrows"
3, 19, 15, 314, 77, 78, 1469, 1470, ";"
3, 19, 16, 315, 79, 82, 1471, 1474, "A-C"
3, 19, 17, 316, 83, 86, 1475, 1478, "and"
3, 19, 18, 317, 87, 93, 1479, 1485, "insets"
3, 19, 19, 318, 93, 94, 1485, 1486, ")"
3, 19, 20, 319, 95, 98, 1487, 1490, "was"
3, 19, 21, 320, 99, 109, 1491, 1501, "juxtaposed"
3, 19, 22, 321, 110, 117, 1502, 1509, "between"
3, 19, 23, 322, 118, 120, 1510, 1512, "an"
3, 19, 24, 323, 121, 130, 1513, 1522, "intensely"
3, 19, 25, 324, 131, 135, 1523, 1527, "CS56"
3, 19, 26, 325, 135, 136, 1527, 1528, "-"
3, 19, 27, 326, 136, 144, 1528, 1536, "positive"
3, 19, 28, 327, 145, 151, 1537, 1543, "matrix"
3, 19, 29, 328, 152, 154, 1544, 1546, "of"
3, 19, 30, 329, 155, 158, 1547, 1550, "the"
3, 19, 31, 330, 159, 164, 1551, 1556, "graft"
3, 19, 32, 331, 165, 171, 1557, 1563, "tissue"
3, 19, 33, 332, 172, 175, 1564, 1567, "and"
3, 19, 34, 333, 176, 177, 1568, 1569, "a"
3, 19, 35, 334, 178, 183, 1570, 1575, "front"
3, 19, 36, 335, 184, 186, 1576, 1578, "of"
3, 19, 37, 336, 187, 200, 1579, 1592, "GFAP-positive"
3, 19, 38, 337, 201, 211, 1593, 1603, "astrocytes"
3, 19, 39, 338, 212, 214, 1604, 1606, "in"
3, 19, 40, 339, 215, 218, 1607, 1610, "the"
3, 19, 41, 340, 219, 225, 1611, 1617, "caudal"
3, 19, 42, 341, 226, 230, 1618, 1622, "host"
3, 19, 43, 342, 231, 235, 1623, 1627, "cord"
3, 19, 44, 343, 235, 236, 1627, 1628, ";"
3, 19, 45, 344, 237, 240, 1629, 1632, "ED1"
3, 19, 46, 345, 240, 241, 1632, 1633, "-"
3, 19, 47, 346, 241, 249, 1633, 1641, "positive"
3, 19, 48, 347, 250, 261, 1642, 1653, "macrophages"
3, 19, 49, 348, 261, 262, 1653, 1654, "/"
3, 19, 50, 349, 262, 271, 1654, 1663, "microglia"
3, 19, 51, 350, 272, 273, 1664, 1665, "("
3, 19, 52, 351, 274, 275, 1666, 1667, ""
3, 19, 53, 352, 275, 276, 1667, 1668, ";"
3, 19, 54, 353, 277, 278, 1669, 1670, "D"
3, 19, 55, 354, 279, 282, 1671, 1674, "and"
3, 19, 56, 355, 283, 288, 1675, 1680, "inset"
3, 19, 57, 356, 288, 289, 1680, 1681, ")"
3, 19, 58, 357, 290, 294, 1682, 1686, "were"
3, 19, 59, 358, 295, 299, 1687, 1691, "also"
3, 19, 60, 359, 300, 308, 1692, 1700, "gathered"
3, 19, 61, 360, 309, 311, 1701, 1703, "at"
3, 19, 62, 361, 312, 315, 1704, 1707, "the"
3, 19, 63, 362, 316, 326, 1708, 1718, "graft-host"
3, 19, 64, 363, 327, 336, 1719, 1728, "interface"
3, 19, 65, 364, 336, 337, 1728, 1729, "."
3, 20, 1, 365, 0, 2, 1730, 1732, "In"
3, 20, 2, 366, 3, 13, 1733, 1743, "recipients"
3, 20, 3, 367, 14, 16, 1744, 1746, "of"
3, 20, 4, 368, 17, 25, 1747, 1755, "ChaseABC"
3, 20, 5, 369, 26, 34, 1756, 1764, "infusion"
3, 20, 6, 370, 34, 35, 1764, 1765, ","
3, 20, 7, 371, 36, 39, 1766, 1769, "the"
3, 20, 8, 372, 40, 45, 1770, 1775, "fuzzy"
3, 20, 9, 373, 46, 50, 1776, 1780, "CS56"
3, 20, 10, 374, 50, 51, 1780, 1781, "-"
3, 20, 11, 375, 51, 59, 1781, 1789, "positive"
3, 20, 12, 376, 60, 64, 1790, 1794, "zone"
3, 20, 13, 377, 65, 68, 1795, 1798, "was"
3, 20, 14, 378, 69, 82, 1799, 1812, "significantly"
3, 20, 15, 379, 83, 93, 1813, 1823, "diminished"
3, 20, 16, 380, 94, 95, 1824, 1825, "("
3, 20, 17, 381, 95, 101, 1825, 1831, "region"
3, 20, 18, 382, 102, 108, 1832, 1838, "within"
3, 20, 19, 383, 109, 115, 1839, 1845, "arrows"
3, 20, 20, 384, 115, 116, 1845, 1846, ";"
3, 20, 21, 385, 117, 118, 1847, 1848, "E"
3, 20, 22, 386, 119, 122, 1849, 1852, "and"
3, 20, 23, 387, 123, 128, 1853, 1858, "inset"
3, 20, 24, 388, 128, 129, 1858, 1859, ")"
3, 20, 25, 389, 129, 130, 1859, 1860, ";"
3, 20, 26, 390, 131, 135, 1861, 1865, "some"
3, 20, 27, 391, 136, 149, 1866, 1879, "GFAP-positive"
3, 20, 28, 392, 150, 160, 1880, 1890, "astrocytes"
3, 20, 29, 393, 161, 171, 1891, 1901, "apparently"
3, 20, 30, 394, 172, 176, 1902, 1906, "left"
3, 20, 31, 395, 177, 180, 1907, 1910, "the"
3, 20, 32, 396, 181, 187, 1911, 1917, "caudal"
3, 20, 33, 397, 188, 192, 1918, 1922, "host"
3, 20, 34, 398, 193, 198, 1923, 1928, "front"
3, 20, 35, 399, 199, 201, 1929, 1931, "to"
3, 20, 36, 400, 202, 207, 1932, 1937, "enter"
3, 20, 37, 401, 208, 211, 1938, 1941, "the"
3, 20, 38, 402, 212, 217, 1942, 1947, "graft"
3, 20, 39, 403, 218, 222, 1948, 1952, "side"
3, 20, 40, 404, 223, 224, 1953, 1954, "("
3, 20, 41, 405, 224, 225, 1954, 1955, "Δ"
3, 20, 42, 406, 225, 226, 1955, 1956, ";"
3, 20, 43, 407, 227, 228, 1957, 1958, "F"
3, 20, 44, 408, 228, 229, 1958, 1959, ","
3, 20, 45, 409, 230, 231, 1960, 1961, "G"
3, 20, 46, 410, 232, 235, 1962, 1965, "and"
3, 20, 47, 411, 236, 242, 1966, 1972, "insets"
3, 20, 48, 412, 242, 243, 1972, 1973, ")"
3, 20, 49, 413, 244, 251, 1974, 1981, "whereas"
3, 20, 50, 414, 252, 255, 1982, 1985, "ED1"
3, 20, 51, 415, 255, 256, 1985, 1986, "-"
3, 20, 52, 416, 256, 264, 1986, 1994, "positive"
3, 20, 53, 417, 265, 276, 1995, 2006, "macrophages"
3, 20, 54, 418, 276, 277, 2006, 2007, "/"
3, 20, 55, 419, 277, 286, 2007, 2016, "microglia"
3, 20, 56, 420, 287, 288, 2017, 2018, "("
3, 20, 57, 421, 288, 289, 2018, 2019, ""
3, 20, 58, 422, 290, 291, 2020, 2021, ";"
3, 20, 59, 423, 292, 293, 2022, 2023, "H"
3, 20, 60, 424, 294, 297, 2024, 2027, "and"
3, 20, 61, 425, 298, 303, 2028, 2033, "inset"
3, 20, 62, 426, 303, 304, 2033, 2034, ")"
3, 20, 63, 427, 305, 314, 2035, 2044, "dispersed"
3, 20, 64, 428, 315, 319, 2045, 2049, "into"
3, 20, 65, 429, 320, 324, 2050, 2054, "both"
3, 20, 66, 430, 325, 330, 2055, 2060, "graft"
3, 20, 67, 431, 331, 334, 2061, 2064, "and"
3, 20, 68, 432, 335, 339, 2065, 2069, "host"
3, 20, 69, 433, 340, 345, 2070, 2075, "sides"
3, 20, 70, 434, 346, 348, 2076, 2078, "of"
3, 20, 71, 435, 349, 352, 2079, 2082, "the"
3, 20, 72, 436, 353, 362, 2083, 2092, "interface"
3, 20, 73, 437, 362, 363, 2092, 2093, "."
3, 21, 1, 438, 0, 5, 2094, 2099, "Scale"
3, 21, 2, 439, 6, 10, 2100, 2104, "bars"
3, 21, 3, 440, 10, 11, 2104, 2105, ","
3, 21, 4, 441, 12, 17, 2106, 2111, "100µm"
3, 21, 5, 442, 18, 19, 2112, 2113, "("
3, 21, 6, 443, 19, 22, 2113, 2116, "A-C"
3, 21, 7, 444, 22, 23, 2116, 2117, ","
3, 21, 8, 445, 24, 27, 2118, 2121, "E-G"
3, 21, 9, 446, 27, 28, 2121, 2122, ")"
3, 21, 10, 447, 28, 29, 2122, 2123, ","
3, 21, 11, 448, 30, 32, 2124, 2126, "50"
3, 21, 12, 449, 33, 35, 2127, 2129, "µm"
3, 21, 13, 450, 36, 37, 2130, 2131, "("
3, 21, 14, 451, 37, 38, 2131, 2132, "D"
3, 21, 15, 452, 38, 39, 2132, 2133, ","
3, 21, 16, 453, 40, 41, 2134, 2135, "H"
3, 21, 17, 454, 41, 42, 2135, 2136, ";"
3, 21, 18, 455, 43, 49, 2137, 2143, "insets"
3, 21, 19, 456, 50, 52, 2144, 2146, "in"
3, 21, 20, 457, 53, 56, 2147, 2150, "A-C"
3, 21, 21, 458, 56, 57, 2150, 2151, ","
3, 21, 22, 459, 58, 61, 2152, 2155, "E-G"
3, 21, 23, 460, 61, 62, 2155, 2156, ")"
3, 21, 24, 461, 62, 63, 2156, 2157, ","
3, 21, 25, 462, 64, 68, 2158, 2162, "12.5"
3, 21, 26, 463, 69, 71, 2163, 2165, "µm"
3, 21, 27, 464, 72, 73, 2166, 2167, "("
3, 21, 28, 465, 73, 79, 2167, 2173, "insets"
3, 21, 29, 466, 80, 82, 2174, 2176, "in"
3, 21, 30, 467, 83, 84, 2177, 2178, "D"
3, 21, 31, 468, 84, 85, 2178, 2179, ","
3, 21, 32, 469, 86, 87, 2180, 2181, "H"
3, 21, 33, 470, 87, 88, 2181, 2182, ")"
3, 21, 34, 471, 88, 89, 2182, 2183, "."
3, 22, 1, 472, 0, 7, 2184, 2191, "Digital"
3, 22, 2, 473, 8, 14, 2192, 2198, "images"
3, 22, 3, 474, 15, 19, 2199, 2203, "were"
3, 22, 4, 475, 20, 28, 2204, 2212, "adjusted"
3, 22, 5, 476, 29, 32, 2213, 2216, "for"
3, 22, 6, 477, 33, 43, 2217, 2227, "brightness"
3, 22, 7, 478, 44, 47, 2228, 2231, "and"
3, 22, 8, 479, 48, 56, 2232, 2240, "contrast"
3, 22, 9, 480, 56, 57, 2240, 2241, "."
3, 23, 1, 481, 0, 6, 2245, 2251, "Figure"
3, 23, 2, 482, 7, 8, 2252, 2253, "2"
3, 23, 3, 483, 8, 9, 2253, 2254, "."
3, 24, 1, 484, 0, 9, 2255, 2264, "Schematic"
3, 24, 2, 485, 10, 17, 2265, 2272, "diagram"
3, 24, 3, 486, 18, 25, 2273, 2280, "showing"
3, 24, 4, 487, 26, 33, 2281, 2288, "changes"
3, 24, 5, 488, 34, 36, 2289, 2291, "at"
3, 24, 6, 489, 37, 40, 2292, 2295, "the"
3, 24, 7, 490, 41, 47, 2296, 2302, "distal"
3, 24, 8, 491, 48, 53, 2303, 2308, "graft"
3, 24, 9, 492, 53, 54, 2308, 2309, "-"
3, 24, 10, 493, 55, 59, 2310, 2314, "host"
3, 24, 11, 494, 60, 69, 2315, 2324, "interface"
3, 24, 12, 495, 70, 72, 2325, 2327, "as"
3, 24, 13, 496, 73, 74, 2328, 2329, "a"
3, 24, 14, 497, 75, 81, 2330, 2336, "result"
3, 24, 15, 498, 82, 84, 2337, 2339, "of"
3, 24, 16, 499, 85, 93, 2340, 2348, "ChaseABC"
3, 24, 17, 500, 94, 102, 2349, 2357, "infusion"
3, 24, 18, 501, 102, 103, 2357, 2358, "."
3, 25, 1, 502, 0, 2, 2359, 2361, "In"
3, 25, 2, 503, 3, 18, 2362, 2377, "vehicle-infused"
3, 25, 3, 504, 19, 27, 2378, 2386, "controls"
3, 25, 4, 505, 27, 28, 2386, 2387, ","
3, 25, 5, 506, 29, 38, 2388, 2397, "regrowing"
3, 25, 6, 507, 39, 44, 2398, 2403, "axons"
3, 25, 7, 508, 45, 50, 2404, 2409, "skirt"
3, 25, 8, 509, 51, 54, 2410, 2413, "the"
3, 25, 9, 510, 55, 61, 2414, 2420, "distal"
3, 25, 10, 511, 62, 71, 2421, 2430, "interface"
3, 25, 11, 512, 72, 77, 2431, 2436, "where"
3, 25, 12, 513, 78, 86, 2437, 2445, "deposits"
3, 25, 13, 514, 87, 89, 2446, 2448, "of"
3, 25, 14, 515, 90, 94, 2449, 2453, "CS56"
3, 25, 15, 516, 94, 95, 2453, 2454, "-"
3, 25, 16, 517, 95, 103, 2454, 2462, "positive"
3, 25, 17, 518, 104, 114, 2463, 2473, "glycoforms"
3, 25, 18, 519, 115, 119, 2474, 2478, "were"
3, 25, 19, 520, 120, 125, 2479, 2484, "found"
3, 25, 20, 521, 126, 128, 2485, 2487, "to"
3, 25, 21, 522, 129, 134, 2488, 2493, "build"
3, 25, 22, 523, 135, 137, 2494, 2496, "up"
3, 25, 23, 524, 138, 143, 2497, 2502, "among"
3, 25, 24, 525, 144, 147, 2503, 2506, "ED1"
3, 25, 25, 526, 147, 148, 2506, 2507, "-"
3, 25, 26, 527, 148, 156, 2507, 2515, "positive"
3, 25, 27, 528, 157, 168, 2516, 2527, "macrophages"
3, 25, 28, 529, 168, 169, 2527, 2528, "/"
3, 25, 29, 530, 169, 178, 2528, 2537, "microglia"
3, 25, 30, 531, 179, 186, 2538, 2545, "against"
3, 25, 31, 532, 187, 188, 2546, 2547, "a"
3, 25, 32, 533, 189, 194, 2548, 2553, "front"
3, 25, 33, 534, 195, 197, 2554, 2556, "of"
3, 25, 34, 535, 198, 206, 2557, 2565, "reactive"
3, 25, 35, 536, 207, 217, 2566, 2576, "astrocytes"
3, 25, 36, 537, 217, 218, 2576, 2577, "."
3, 26, 1, 538, 0, 2, 2578, 2580, "As"
3, 26, 2, 539, 3, 11, 2581, 2589, "ChaseABC"
3, 26, 3, 540, 12, 20, 2590, 2598, "infusion"
3, 26, 4, 541, 21, 27, 2599, 2605, "clears"
3, 26, 5, 542, 28, 32, 2606, 2610, "away"
3, 26, 6, 543, 33, 37, 2611, 2615, "CS56"
3, 26, 7, 544, 37, 38, 2615, 2616, "-"
3, 26, 8, 545, 38, 46, 2616, 2624, "positive"
3, 26, 9, 546, 47, 57, 2625, 2635, "glycoforms"
3, 26, 10, 547, 57, 58, 2635, 2636, ","
3, 26, 11, 548, 59, 70, 2637, 2648, "macrophages"
3, 26, 12, 549, 70, 71, 2648, 2649, "/"
3, 26, 13, 550, 71, 80, 2649, 2658, "microglia"
3, 26, 14, 551, 81, 89, 2659, 2667, "disperse"
3, 26, 15, 552, 89, 90, 2667, 2668, ","
3, 26, 16, 553, 91, 101, 2669, 2679, "astrocytes"
3, 26, 17, 554, 102, 109, 2680, 2687, "migrate"
3, 26, 18, 555, 110, 114, 2688, 2692, "into"
3, 26, 19, 556, 115, 118, 2693, 2696, "the"
3, 26, 20, 557, 119, 131, 2697, 2709, "regenerating"
3, 26, 21, 558, 132, 138, 2710, 2716, "tissue"
3, 26, 22, 559, 139, 144, 2717, 2722, "cable"
3, 26, 23, 560, 144, 145, 2722, 2723, ","
3, 26, 24, 561, 146, 149, 2724, 2727, "and"
3, 26, 25, 562, 150, 159, 2728, 2737, "regrowing"
3, 26, 26, 563, 160, 165, 2738, 2743, "axons"
3, 26, 27, 564, 166, 169, 2744, 2747, "can"
3, 26, 28, 565, 170, 179, 2748, 2757, "negotiate"
3, 26, 29, 566, 180, 186, 2758, 2764, "across"
3, 26, 30, 567, 187, 190, 2765, 2768, "the"
3, 26, 31, 568, 191, 200, 2769, 2778, "interface"
3, 26, 32, 569, 201, 205, 2779, 2783, "into"
3, 26, 33, 570, 206, 209, 2784, 2787, "the"
3, 26, 34, 571, 210, 216, 2788, 2794, "caudal"
3, 26, 35, 572, 217, 221, 2795, 2799, "host"
3, 26, 36, 573, 222, 226, 2800, 2804, "cord"
3, 26, 37, 574, 226, 227, 2804, 2805, "."
3, 27, 1, 575, 0, 3, 2806, 2809, "The"
3, 27, 2, 576, 4, 10, 2810, 2816, "dashed"
3, 27, 3, 577, 11, 18, 2817, 2824, "outline"
3, 27, 4, 578, 19, 24, 2825, 2830, "marks"
3, 27, 5, 579, 25, 28, 2831, 2834, "the"
3, 27, 6, 580, 29, 37, 2835, 2843, "boundary"
3, 27, 7, 581, 38, 40, 2844, 2846, "of"
3, 27, 8, 582, 41, 42, 2847, 2848, "a"
3, 27, 9, 583, 43, 47, 2849, 2853, "CS56"
3, 27, 10, 584, 47, 48, 2853, 2854, "-"
3, 27, 11, 585, 48, 56, 2854, 2862, "negative"
3, 27, 12, 586, 57, 60, 2863, 2866, "but"
3, 27, 13, 587, 61, 64, 2867, 2870, "2B6"
3, 27, 14, 588, 64, 65, 2870, 2871, "-"
3, 27, 15, 589, 65, 73, 2871, 2879, "positive"
3, 27, 16, 590, 74, 78, 2880, 2884, "zone"
3, 27, 17, 591, 79, 92, 2885, 2898, "corresponding"
3, 27, 18, 592, 93, 95, 2899, 2901, "to"
3, 27, 19, 593, 96, 99, 2902, 2905, "the"
3, 27, 20, 594, 100, 104, 2906, 2910, "CS56"
3, 27, 21, 595, 104, 105, 2910, 2911, "-"
3, 27, 22, 596, 105, 113, 2911, 2919, "positive"
3, 27, 23, 597, 114, 121, 2920, 2927, "deposit"
3, 27, 24, 598, 122, 124, 2928, 2930, "in"
3, 27, 25, 599, 125, 128, 2931, 2934, "the"
3, 27, 26, 600, 129, 144, 2935, 2950, "vehicle-infused"
3, 27, 27, 601, 145, 153, 2951, 2959, "controls"
3, 27, 28, 602, 153, 154, 2959, 2960, "."
3, 28, 1, 603, 0, 2, 2963, 2965, "At"
3, 28, 2, 604, 3, 6, 2966, 2969, "the"
3, 28, 3, 605, 7, 13, 2970, 2976, "distal"
3, 28, 4, 606, 14, 24, 2977, 2987, "graft-host"
3, 28, 5, 607, 25, 34, 2988, 2997, "interface"
3, 28, 6, 608, 36, 37, 2999, 3000, "1"
3, 28, 7, 609, 37, 38, 3000, 3001, "."
3, 29, 1, 610, 0, 8, 3002, 3010, "ChaseABC"
3, 29, 2, 611, 9, 17, 3011, 3019, "infusion"
3, 29, 3, 612, 18, 25, 3020, 3027, "cleared"
3, 29, 4, 613, 26, 30, 3028, 3032, "away"
3, 29, 5, 614, 31, 35, 3033, 3037, "CS56"
3, 29, 6, 615, 35, 36, 3037, 3038, "-"
3, 29, 7, 616, 36, 44, 3038, 3046, "positive"
3, 29, 8, 617, 45, 53, 3047, 3055, "deposits"
3, 29, 9, 618, 54, 56, 3056, 3058, "We"
3, 29, 10, 619, 57, 62, 3059, 3064, "chose"
3, 29, 11, 620, 63, 65, 3065, 3067, "to"
3, 29, 12, 621, 66, 73, 3068, 3075, "deliver"
3, 29, 13, 622, 74, 77, 3076, 3079, "the"
3, 29, 14, 623, 78, 90, 3080, 3092, "CS-degrading"
3, 29, 15, 624, 91, 97, 3093, 3099, "enzyme"
3, 29, 16, 625, 97, 98, 3099, 3100, ","
3, 29, 17, 626, 99, 107, 3101, 3109, "ChaseABC"
3, 29, 18, 627, 107, 108, 3109, 3110, ","
3, 29, 19, 628, 109, 111, 3111, 3113, "by"
3, 29, 20, 629, 112, 129, 3114, 3131, "intra-parenchymal"
3, 29, 21, 630, 130, 138, 3132, 3140, "infusion"
3, 29, 22, 631, 139, 143, 3141, 3145, "into"
3, 29, 23, 632, 144, 147, 3146, 3149, "the"
3, 29, 24, 633, 148, 154, 3150, 3156, "caudal"
3, 29, 25, 634, 155, 159, 3157, 3161, "cord"
3, 29, 26, 635, 160, 165, 3162, 3167, "close"
3, 29, 27, 636, 166, 168, 3168, 3170, "to"
3, 29, 28, 637, 169, 172, 3171, 3174, "the"
3, 29, 29, 638, 173, 183, 3175, 3185, "graft-host"
3, 29, 30, 639, 184, 193, 3186, 3195, "interface"
3, 29, 31, 640, 194, 205, 3196, 3207, "immediately"
3, 29, 32, 641, 206, 211, 3208, 3213, "after"
3, 29, 33, 642, 212, 214, 3214, 3216, "an"
3, 29, 34, 643, 215, 224, 3217, 3226, "SC-seeded"
3, 29, 35, 644, 225, 237, 3227, 3239, "mini-channel"
3, 29, 36, 645, 238, 241, 3240, 3243, "had"
3, 29, 37, 646, 242, 246, 3244, 3248, "been"
3, 29, 38, 647, 247, 256, 3249, 3258, "implanted"
3, 29, 39, 648, 257, 261, 3259, 3263, "into"
3, 29, 40, 649, 262, 263, 3264, 3265, "a"
3, 29, 41, 650, 264, 267, 3266, 3269, "3mm"
3, 29, 42, 651, 268, 279, 3270, 3281, "hemisection"
3, 29, 43, 652, 280, 283, 3282, 3285, "gap"
3, 29, 44, 653, 284, 286, 3286, 3288, "of"
3, 29, 45, 654, 287, 290, 3289, 3292, "the"
3, 29, 46, 655, 291, 297, 3293, 3299, "spinal"
3, 29, 47, 656, 298, 302, 3300, 3304, "cord"
3, 29, 48, 657, 303, 305, 3305, 3307, "at"
3, 29, 49, 658, 306, 308, 3308, 3310, "T8"
3, 29, 50, 659, 308, 309, 3310, 3311, "."
3, 30, 1, 660, 0, 4, 3312, 3316, "When"
3, 30, 2, 661, 5, 13, 3317, 3325, "examined"
3, 30, 3, 662, 14, 16, 3326, 3328, "at"
3, 30, 4, 663, 17, 20, 3329, 3332, "the"
3, 30, 5, 664, 21, 24, 3333, 3336, "end"
3, 30, 6, 665, 25, 27, 3337, 3339, "of"
3, 30, 7, 666, 28, 31, 3340, 3343, "the"
3, 30, 8, 667, 32, 35, 3344, 3347, "5th"
3, 30, 9, 668, 36, 40, 3348, 3352, "week"
3, 30, 10, 669, 41, 43, 3353, 3355, "of"
3, 30, 11, 670, 44, 52, 3356, 3364, "grafting"
3, 30, 12, 671, 53, 56, 3365, 3368, "and"
3, 30, 13, 672, 57, 65, 3369, 3377, "infusion"
3, 30, 14, 673, 65, 66, 3377, 3378, ","
3, 30, 15, 674, 67, 68, 3379, 3380, "a"
3, 30, 16, 675, 69, 74, 3381, 3386, "fuzzy"
3, 30, 17, 676, 74, 75, 3386, 3387, ","
3, 30, 18, 677, 76, 80, 3388, 3392, "CS56"
3, 30, 19, 678, 80, 81, 3392, 3393, "-"
3, 30, 20, 679, 81, 89, 3393, 3401, "positive"
3, 30, 21, 680, 90, 97, 3402, 3409, "deposit"
3, 30, 22, 681, 98, 101, 3410, 3413, "was"
3, 30, 23, 682, 102, 110, 3414, 3422, "observed"
3, 30, 24, 683, 111, 113, 3423, 3425, "at"
3, 30, 25, 684, 114, 117, 3426, 3429, "the"
3, 30, 26, 685, 118, 124, 3430, 3436, "distal"
3, 30, 27, 686, 125, 135, 3437, 3447, "graft-host"
3, 30, 28, 687, 136, 145, 3448, 3457, "interface"
3, 30, 29, 688, 146, 148, 3458, 3460, "in"
3, 30, 30, 689, 149, 154, 3461, 3466, "cords"
3, 30, 31, 690, 155, 159, 3467, 3471, "that"
3, 30, 32, 691, 160, 168, 3472, 3480, "received"
3, 30, 33, 692, 169, 176, 3481, 3488, "vehicle"
3, 30, 34, 693, 177, 185, 3489, 3497, "infusion"
3, 30, 35, 694, 186, 187, 3498, 3499, "("
3, 30, 36, 695, 187, 190, 3499, 3502, "Fig"
3, 30, 37, 696, 190, 191, 3502, 3503, "."
3, 30, 38, 697, 192, 196, 3504, 3508, "1A-C"
3, 30, 39, 698, 196, 197, 3508, 3509, ")"
3, 30, 40, 699, 197, 198, 3509, 3510, "."
3, 31, 1, 700, 0, 2, 3511, 3513, "In"
3, 31, 2, 701, 3, 8, 3514, 3519, "cords"
3, 31, 3, 702, 9, 13, 3520, 3524, "that"
3, 31, 4, 703, 14, 22, 3525, 3533, "received"
3, 31, 5, 704, 23, 31, 3534, 3542, "infusion"
3, 31, 6, 705, 32, 34, 3543, 3545, "of"
3, 31, 7, 706, 35, 43, 3546, 3554, "ChaseABC"
3, 31, 8, 707, 43, 44, 3554, 3555, ","
3, 31, 9, 708, 45, 52, 3556, 3563, "similar"
3, 31, 10, 709, 53, 61, 3564, 3572, "deposits"
3, 31, 11, 710, 62, 66, 3573, 3577, "were"
3, 31, 12, 711, 67, 71, 3578, 3582, "only"
3, 31, 13, 712, 72, 78, 3583, 3589, "barely"
3, 31, 14, 713, 79, 89, 3590, 3600, "observable"
3, 31, 15, 714, 90, 92, 3601, 3603, "at"
3, 31, 16, 715, 93, 96, 3604, 3607, "the"
3, 31, 17, 716, 97, 103, 3608, 3614, "distal"
3, 31, 18, 717, 104, 114, 3615, 3625, "graft-host"
3, 31, 19, 718, 115, 124, 3626, 3635, "interface"
3, 31, 20, 719, 125, 126, 3636, 3637, "("
3, 31, 21, 720, 126, 129, 3637, 3640, "Fig"
3, 31, 22, 721, 129, 130, 3640, 3641, "."
3, 31, 23, 722, 131, 135, 3642, 3646, "1E-G"
3, 31, 24, 723, 135, 136, 3646, 3647, ")"
3, 31, 25, 724, 136, 137, 3647, 3648, "."
3, 32, 1, 725, 0, 2, 3649, 3651, "We"
3, 32, 2, 726, 3, 10, 3652, 3659, "further"
3, 32, 3, 727, 11, 19, 3660, 3668, "analyzed"
3, 32, 4, 728, 20, 23, 3669, 3672, "the"
3, 32, 5, 729, 24, 30, 3673, 3679, "extent"
3, 32, 6, 730, 31, 33, 3680, 3682, "of"
3, 32, 7, 731, 34, 40, 3683, 3689, "action"
3, 32, 8, 732, 41, 43, 3690, 3692, "of"
3, 32, 9, 733, 44, 47, 3693, 3696, "the"
3, 32, 10, 734, 48, 55, 3697, 3704, "infused"
3, 32, 11, 735, 56, 64, 3705, 3713, "ChaseABC"
3, 32, 12, 736, 64, 65, 3713, 3714, "."
3, 33, 1, 737, 0, 3, 3715, 3718, "The"
3, 33, 2, 738, 4, 12, 3719, 3727, "activity"
3, 33, 3, 739, 13, 15, 3728, 3730, "of"
3, 33, 4, 740, 16, 19, 3731, 3734, "the"
3, 33, 5, 741, 20, 26, 3735, 3741, "enzyme"
3, 33, 6, 742, 27, 31, 3742, 3746, "kept"
3, 33, 7, 743, 32, 34, 3747, 3749, "ex"
3, 33, 8, 744, 35, 39, 3750, 3754, "vivo"
3, 33, 9, 745, 40, 42, 3755, 3757, "in"
3, 33, 10, 746, 43, 46, 3758, 3761, "the"
3, 33, 11, 747, 47, 55, 3762, 3770, "infusion"
3, 33, 12, 748, 56, 60, 3771, 3775, "pump"
3, 33, 13, 749, 61, 65, 3776, 3780, "took"
3, 33, 14, 750, 66, 67, 3781, 3782, "3"
3, 33, 15, 751, 68, 73, 3783, 3788, "weeks"
3, 33, 16, 752, 74, 76, 3789, 3791, "to"
3, 33, 17, 753, 77, 82, 3792, 3797, "decay"
3, 33, 18, 754, 83, 85, 3798, 3800, "to"
3, 33, 19, 755, 86, 90, 3801, 3805, "half"
3, 33, 20, 756, 91, 94, 3806, 3809, "its"
3, 33, 21, 757, 95, 102, 3810, 3817, "initial"
3, 33, 22, 758, 103, 108, 3818, 3823, "level"
3, 33, 23, 759, 108, 109, 3823, 3824, "."
3, 34, 1, 760, 0, 2, 3825, 3827, "At"
3, 34, 2, 761, 3, 6, 3828, 3831, "the"
3, 34, 3, 762, 7, 10, 3832, 3835, "end"
3, 34, 4, 763, 11, 13, 3836, 3838, "of"
3, 34, 5, 764, 14, 15, 3839, 3840, "2"
3, 34, 6, 765, 16, 21, 3841, 3846, "weeks"
3, 34, 7, 766, 22, 24, 3847, 3849, "of"
3, 34, 8, 767, 25, 33, 3850, 3858, "grafting"
3, 34, 9, 768, 34, 37, 3859, 3862, "and"
3, 34, 10, 769, 38, 44, 3863, 3869, "enzyme"
3, 34, 11, 770, 45, 53, 3870, 3878, "infusion"
3, 34, 12, 771, 53, 54, 3878, 3879, ","
3, 34, 13, 772, 55, 58, 3880, 3883, "the"
3, 34, 14, 773, 59, 65, 3884, 3890, "distal"
3, 34, 15, 774, 66, 75, 3891, 3900, "interface"
3, 34, 16, 775, 76, 79, 3901, 3904, "and"
3, 34, 17, 776, 80, 83, 3905, 3908, "the"
3, 34, 18, 777, 84, 93, 3909, 3918, "adjoining"
3, 34, 19, 778, 94, 100, 3919, 3925, "caudal"
3, 34, 20, 779, 101, 105, 3926, 3930, "host"
3, 34, 21, 780, 106, 110, 3931, 3935, "cord"
3, 34, 22, 781, 111, 115, 3936, 3940, "were"
3, 34, 23, 782, 116, 121, 3941, 3946, "found"
3, 34, 24, 783, 122, 126, 3947, 3951, "CS56"
3, 34, 25, 784, 126, 127, 3951, 3952, "-"
3, 34, 26, 785, 127, 135, 3952, 3960, "negative"
3, 34, 27, 786, 136, 139, 3961, 3964, "but"
3, 34, 28, 787, 140, 154, 3965, 3979, "immunopositive"
3, 34, 29, 788, 155, 158, 3980, 3983, "for"
3, 34, 30, 789, 159, 162, 3984, 3987, "2B6"
3, 34, 31, 790, 163, 168, 3988, 3993, "which"
3, 34, 32, 791, 169, 179, 3994, 4004, "recognizes"
3, 34, 33, 792, 180, 183, 4005, 4008, "the"
3, 34, 34, 793, 184, 185, 4009, 4010, "4"
3, 34, 35, 794, 185, 186, 4010, 4011, "-"
3, 34, 36, 795, 186, 194, 4011, 4019, "sulfated"
3, 34, 37, 796, 195, 199, 4020, 4024, "stub"
3, 34, 38, 797, 200, 202, 4025, 4027, "on"
3, 34, 39, 798, 203, 207, 4028, 4032, "core"
3, 34, 40, 799, 208, 216, 4033, 4041, "proteins"
3, 34, 41, 800, 217, 219, 4042, 4044, "of"
3, 34, 42, 801, 220, 222, 4045, 4047, "CS"
3, 34, 43, 802, 223, 236, 4048, 4061, "proteoglycans"
3, 34, 44, 803, 237, 242, 4062, 4067, "after"
3, 34, 45, 804, 243, 251, 4068, 4076, "ChaseABC"
3, 34, 46, 805, 252, 261, 4077, 4086, "digestion"
3, 34, 47, 806, 262, 264, 4087, 4089, "of"
3, 34, 48, 807, 265, 268, 4090, 4093, "the"
3, 34, 49, 808, 269, 271, 4094, 4096, "CS"
3, 34, 50, 809, 272, 278, 4097, 4103, "moiety"
3, 34, 51, 810, 278, 279, 4103, 4104, "."
3, 35, 1, 811, 0, 3, 4105, 4108, "The"
3, 35, 2, 812, 4, 11, 4109, 4116, "results"
3, 35, 3, 813, 12, 20, 4117, 4125, "indicate"
3, 35, 4, 814, 21, 25, 4126, 4130, "that"
3, 35, 5, 815, 26, 29, 4131, 4134, "the"
3, 35, 6, 816, 30, 32, 4135, 4137, "in"
3, 35, 7, 817, 33, 37, 4138, 4142, "vivo"
3, 35, 8, 818, 38, 46, 4143, 4151, "activity"
3, 35, 9, 819, 47, 49, 4152, 4154, "of"
3, 35, 10, 820, 50, 53, 4155, 4158, "the"
3, 35, 11, 821, 54, 61, 4159, 4166, "infused"
3, 35, 12, 822, 62, 68, 4167, 4173, "enzyme"
3, 35, 13, 823, 69, 72, 4174, 4177, "was"
3, 35, 14, 824, 73, 81, 4178, 4186, "adequate"
3, 35, 15, 825, 82, 84, 4187, 4189, "in"
3, 35, 16, 826, 85, 88, 4190, 4193, "the"
3, 35, 17, 827, 89, 98, 4194, 4203, "digestive"
3, 35, 18, 828, 99, 106, 4204, 4211, "removal"
3, 35, 19, 829, 107, 109, 4212, 4214, "of"
3, 35, 20, 830, 110, 112, 4215, 4217, "CS"
3, 35, 21, 831, 113, 123, 4218, 4228, "glycoforms"
3, 35, 22, 832, 124, 126, 4229, 4231, "at"
3, 35, 23, 833, 127, 130, 4232, 4235, "the"
3, 35, 24, 834, 131, 137, 4236, 4242, "distal"
3, 35, 25, 835, 138, 148, 4243, 4253, "graft-host"
3, 35, 26, 836, 149, 158, 4254, 4263, "interface"
3, 35, 27, 837, 159, 162, 4264, 4267, "and"
3, 35, 28, 838, 163, 166, 4268, 4271, "the"
3, 35, 29, 839, 167, 176, 4272, 4281, "adjoining"
3, 35, 30, 840, 177, 183, 4282, 4288, "caudal"
3, 35, 31, 841, 184, 188, 4289, 4293, "host"
3, 35, 32, 842, 189, 193, 4294, 4298, "cord"
3, 35, 33, 843, 194, 200, 4299, 4305, "tissue"
3, 35, 34, 844, 200, 201, 4305, 4306, "."
3, 35, 35, 845, 203, 204, 4308, 4309, "2"
3, 35, 36, 846, 204, 205, 4309, 4310, "."
3, 36, 1, 847, 0, 6, 4311, 4317, "Axonal"
3, 36, 2, 848, 7, 15, 4318, 4326, "re-entry"
3, 36, 3, 849, 16, 20, 4327, 4331, "into"
3, 36, 4, 850, 21, 24, 4332, 4335, "the"
3, 36, 5, 851, 25, 31, 4336, 4342, "caudal"
3, 36, 6, 852, 32, 36, 4343, 4347, "host"
3, 36, 7, 853, 37, 41, 4348, 4352, "cord"
3, 36, 8, 854, 42, 45, 4353, 4356, "was"
3, 36, 9, 855, 46, 54, 4357, 4365, "enhanced"
3, 36, 10, 856, 55, 57, 4366, 4368, "At"
3, 36, 11, 857, 58, 61, 4369, 4372, "the"
3, 36, 12, 858, 62, 65, 4373, 4376, "4th"
3, 36, 13, 859, 66, 70, 4377, 4381, "week"
3, 36, 14, 860, 71, 85, 4382, 4396, "post-treatment"
3, 36, 15, 861, 85, 86, 4396, 4397, ","
3, 36, 16, 862, 87, 90, 4398, 4401, "the"
3, 36, 17, 863, 91, 104, 4402, 4415, "contralateral"
3, 36, 18, 864, 105, 111, 4416, 4422, "intact"
3, 36, 19, 865, 112, 120, 4423, 4431, "hemicord"
3, 36, 20, 866, 121, 124, 4432, 4435, "was"
3, 36, 21, 867, 125, 135, 4436, 4446, "transected"
3, 36, 22, 868, 136, 138, 4447, 4449, "to"
3, 36, 23, 869, 139, 144, 4450, 4455, "allow"
3, 36, 24, 870, 145, 156, 4456, 4467, "unequivocal"
3, 36, 25, 871, 157, 164, 4468, 4475, "tracing"
3, 36, 26, 872, 165, 167, 4476, 4478, "of"
3, 36, 27, 873, 168, 180, 4479, 4491, "biotinylated"
3, 36, 28, 874, 181, 188, 4492, 4499, "dextran"
3, 36, 29, 875, 189, 194, 4500, 4505, "amine"
3, 36, 30, 876, 195, 196, 4506, 4507, "("
3, 36, 31, 877, 196, 199, 4507, 4510, "BDA"
3, 36, 32, 878, 199, 200, 4510, 4511, ")"
3, 36, 33, 879, 200, 201, 4511, 4512, "-"
3, 36, 34, 880, 201, 208, 4512, 4519, "labeled"
3, 36, 35, 881, 209, 214, 4520, 4525, "axons"
3, 36, 36, 882, 215, 219, 4526, 4530, "from"
3, 36, 37, 883, 220, 223, 4531, 4534, "the"
3, 36, 38, 884, 224, 231, 4535, 4542, "rostral"
3, 36, 39, 885, 232, 236, 4543, 4547, "host"
3, 36, 40, 886, 237, 241, 4548, 4552, "cord"
3, 36, 41, 887, 242, 249, 4553, 4560, "through"
3, 36, 42, 888, 250, 253, 4561, 4564, "the"
3, 36, 43, 889, 254, 259, 4565, 4570, "graft"
3, 36, 44, 890, 260, 264, 4571, 4575, "into"
3, 36, 45, 891, 265, 268, 4576, 4579, "the"
3, 36, 46, 892, 269, 275, 4580, 4586, "caudal"
3, 36, 47, 893, 276, 280, 4587, 4591, "host"
3, 36, 48, 894, 281, 285, 4592, 4596, "cord"
3, 36, 49, 895, 285, 286, 4596, 4597, "."
3, 37, 1, 896, 0, 5, 4598, 4603, "Among"
3, 37, 2, 897, 6, 10, 4604, 4608, "rats"
3, 37, 3, 898, 11, 15, 4609, 4613, "that"
3, 37, 4, 899, 16, 24, 4614, 4622, "received"
3, 37, 5, 900, 25, 33, 4623, 4631, "ChaseABC"
3, 37, 6, 901, 33, 34, 4631, 4632, ","
3, 37, 7, 902, 35, 36, 4633, 4634, "7"
3, 37, 8, 903, 36, 37, 4634, 4635, "/"
3, 37, 9, 904, 37, 39, 4635, 4637, "12"
3, 37, 10, 905, 40, 46, 4638, 4644, "showed"
3, 37, 11, 906, 47, 51, 4645, 4649, "that"
3, 37, 12, 907, 52, 63, 4650, 4661, "BDA-labeled"
3, 37, 13, 908, 64, 69, 4662, 4667, "axons"
3, 37, 14, 909, 70, 73, 4668, 4671, "had"
3, 37, 15, 910, 74, 86, 4672, 4684, "successfully"
3, 37, 16, 911, 87, 97, 4685, 4695, "re-entered"
3, 37, 17, 912, 98, 101, 4696, 4699, "the"
3, 37, 18, 913, 102, 108, 4700, 4706, "caudal"
3, 37, 19, 914, 109, 113, 4707, 4711, "host"
3, 37, 20, 915, 114, 118, 4712, 4716, "cord"
3, 37, 21, 916, 119, 121, 4717, 4719, "as"
3, 37, 22, 917, 122, 125, 4720, 4723, "far"
3, 37, 23, 918, 126, 128, 4724, 4726, "as"
3, 37, 24, 919, 129, 130, 4727, 4728, "5"
3, 37, 25, 920, 131, 133, 4729, 4731, "mm"
3, 37, 26, 921, 134, 138, 4732, 4736, "from"
3, 37, 27, 922, 139, 142, 4737, 4740, "the"
3, 37, 28, 923, 143, 152, 4741, 4750, "interface"
3, 37, 29, 924, 153, 154, 4751, 4752, "("
3, 37, 30, 925, 154, 158, 4752, 4756, "mean"
3, 37, 31, 926, 158, 159, 4756, 4757, "±"
3, 37, 32, 927, 159, 161, 4757, 4759, "sd"
3, 37, 33, 928, 161, 162, 4759, 4760, ";"
3, 37, 34, 929, 163, 167, 4761, 4765, "3.18"
3, 37, 35, 930, 167, 168, 4765, 4766, "±"
3, 37, 36, 931, 168, 172, 4766, 4770, "0.98"
3, 37, 37, 932, 173, 175, 4771, 4773, "mm"
3, 37, 38, 933, 175, 176, 4773, 4774, ","
3, 37, 39, 934, 177, 178, 4775, 4776, "n"
3, 37, 40, 935, 178, 179, 4776, 4777, "="
3, 37, 41, 936, 179, 180, 4777, 4778, "7"
3, 37, 42, 937, 180, 181, 4778, 4779, ")"
3, 37, 43, 938, 181, 182, 4779, 4780, "."
3, 38, 1, 939, 0, 10, 4781, 4791, "Horizontal"
3, 38, 2, 940, 11, 19, 4792, 4800, "sections"
3, 38, 3, 941, 20, 22, 4801, 4803, "of"
3, 38, 4, 942, 23, 26, 4804, 4807, "the"
3, 38, 5, 943, 27, 43, 4808, 4824, "ChaseABC-treated"
3, 38, 6, 944, 44, 49, 4825, 4830, "cords"
3, 38, 7, 945, 50, 58, 4831, 4839, "revealed"
3, 38, 8, 946, 59, 60, 4840, 4841, "a"
3, 38, 9, 947, 61, 65, 4842, 4846, "mean"
3, 38, 10, 948, 66, 68, 4847, 4849, "of"
3, 38, 11, 949, 69, 72, 4850, 4853, "156"
3, 38, 12, 950, 73, 85, 4854, 4866, "regenerating"
3, 38, 13, 951, 86, 91, 4867, 4872, "axons"
3, 38, 14, 952, 92, 93, 4873, 4874, "("
3, 38, 15, 953, 93, 94, 4874, 4875, "n"
3, 38, 16, 954, 94, 95, 4875, 4876, "="
3, 38, 17, 955, 95, 96, 4876, 4877, "3"
3, 38, 18, 956, 96, 97, 4877, 4878, ")"
3, 38, 19, 957, 98, 106, 4879, 4887, "crossing"
3, 38, 20, 958, 107, 110, 4888, 4891, "the"
3, 38, 21, 959, 111, 117, 4892, 4898, "distal"
3, 38, 22, 960, 118, 128, 4899, 4909, "graft-host"
3, 38, 23, 961, 129, 138, 4910, 4919, "interface"
3, 38, 24, 962, 138, 139, 4919, 4920, "."
3, 39, 1, 963, 0, 2, 4921, 4923, "In"
3, 39, 2, 964, 3, 11, 4924, 4932, "contrast"
3, 39, 3, 965, 11, 12, 4932, 4933, ","
3, 39, 4, 966, 13, 15, 4934, 4936, "in"
3, 39, 5, 967, 16, 31, 4937, 4952, "vehicle-infused"
3, 39, 6, 968, 32, 36, 4953, 4957, "rats"
3, 39, 7, 969, 37, 38, 4958, 4959, "("
3, 39, 8, 970, 38, 39, 4959, 4960, "n"
3, 39, 9, 971, 39, 40, 4960, 4961, "="
3, 39, 10, 972, 40, 42, 4961, 4963, "12"
3, 39, 11, 973, 42, 43, 4963, 4964, ")"
3, 39, 12, 974, 43, 44, 4964, 4965, ","
3, 39, 13, 975, 45, 57, 4966, 4978, "regenerating"
3, 39, 14, 976, 58, 63, 4979, 4984, "axons"
3, 39, 15, 977, 64, 70, 4985, 4991, "either"
3, 39, 16, 978, 71, 78, 4992, 4999, "skirted"
3, 39, 17, 979, 79, 82, 5000, 5003, "the"
3, 39, 18, 980, 83, 89, 5004, 5010, "distal"
3, 39, 19, 981, 90, 95, 5011, 5016, "graft"
3, 39, 20, 982, 95, 96, 5016, 5017, "-"
3, 39, 21, 983, 97, 101, 5018, 5022, "host"
3, 39, 22, 984, 102, 111, 5023, 5032, "interface"
3, 39, 23, 985, 112, 114, 5033, 5035, "or"
3, 39, 24, 986, 115, 121, 5036, 5042, "turned"
3, 39, 25, 987, 122, 126, 5043, 5047, "back"
3, 39, 26, 988, 127, 131, 5048, 5052, "into"
3, 39, 27, 989, 132, 135, 5053, 5056, "the"
3, 39, 28, 990, 136, 141, 5057, 5062, "graft"
3, 39, 29, 991, 142, 150, 5063, 5071, "interior"
3, 39, 30, 992, 151, 153, 5072, 5074, "at"
3, 39, 31, 993, 154, 157, 5075, 5078, "the"
3, 39, 32, 994, 158, 167, 5079, 5088, "interface"
3, 39, 33, 995, 167, 168, 5088, 5089, "."
3, 39, 34, 996, 170, 171, 5091, 5092, "3"
3, 39, 35, 997, 171, 172, 5092, 5093, "."
3, 40, 1, 998, 0, 7, 5094, 5101, "Extents"
3, 40, 2, 999, 8, 10, 5102, 5104, "of"
3, 40, 3, 1000, 11, 17, 5105, 5111, "cystic"
3, 40, 4, 1001, 18, 28, 5112, 5122, "cavitation"
3, 40, 5, 1002, 29, 32, 5123, 5126, "and"
3, 40, 6, 1003, 33, 43, 5127, 5137, "macrophage"
3, 40, 7, 1004, 44, 56, 5138, 5150, "infiltration"
3, 40, 8, 1005, 57, 61, 5151, 5155, "were"
3, 40, 9, 1006, 62, 69, 5156, 5163, "reduced"
3, 40, 10, 1007, 70, 72, 5164, 5166, "In"
3, 40, 11, 1008, 73, 76, 5167, 5170, "all"
3, 40, 12, 1009, 77, 85, 5171, 5179, "thoracic"
3, 40, 13, 1010, 86, 91, 5180, 5185, "cords"
3, 40, 14, 1011, 92, 99, 5186, 5193, "grafted"
3, 40, 15, 1012, 100, 104, 5194, 5198, "with"
3, 40, 16, 1013, 105, 108, 5199, 5202, "the"
3, 40, 17, 1014, 109, 118, 5203, 5212, "SC-seeded"
3, 40, 18, 1015, 119, 130, 5213, 5224, "minichannel"
3, 40, 19, 1016, 130, 131, 5224, 5225, ","
3, 40, 20, 1017, 132, 143, 5226, 5237, "cavitations"
3, 40, 21, 1018, 144, 148, 5238, 5242, "were"
3, 40, 22, 1019, 149, 159, 5243, 5253, "observable"
3, 40, 23, 1020, 160, 162, 5254, 5256, "in"
3, 40, 24, 1021, 163, 166, 5257, 5260, "the"
3, 40, 25, 1022, 167, 171, 5261, 5265, "host"
3, 40, 26, 1023, 172, 178, 5266, 5272, "tissue"
3, 40, 27, 1024, 179, 181, 5273, 5275, "at"
3, 40, 28, 1025, 182, 186, 5276, 5280, "both"
3, 40, 29, 1026, 187, 190, 5281, 5284, "the"
3, 40, 30, 1027, 191, 199, 5285, 5293, "proximal"
3, 40, 31, 1028, 200, 203, 5294, 5297, "and"
3, 40, 32, 1029, 204, 210, 5298, 5304, "distal"
3, 40, 33, 1030, 211, 221, 5305, 5315, "graft-host"
3, 40, 34, 1031, 222, 231, 5316, 5325, "junctions"
3, 40, 35, 1032, 231, 232, 5325, 5326, "."
3, 41, 1, 1033, 0, 6, 5327, 5333, "Caudal"
3, 41, 2, 1034, 7, 11, 5334, 5338, "host"
3, 41, 3, 1035, 12, 17, 5339, 5344, "cords"
3, 41, 4, 1036, 18, 22, 5345, 5349, "that"
3, 41, 5, 1037, 23, 31, 5350, 5358, "received"
3, 41, 6, 1038, 32, 40, 5359, 5367, "ChaseABC"
3, 41, 7, 1039, 41, 49, 5368, 5376, "infusion"
3, 41, 8, 1040, 50, 57, 5377, 5384, "however"
3, 41, 9, 1041, 58, 67, 5385, 5394, "indicated"
3, 41, 10, 1042, 68, 79, 5395, 5406, "significant"
3, 41, 11, 1043, 80, 89, 5407, 5416, "reduction"
3, 41, 12, 1044, 90, 92, 5417, 5419, "in"
3, 41, 13, 1045, 93, 96, 5420, 5423, "the"
3, 41, 14, 1046, 97, 103, 5424, 5430, "extent"
3, 41, 15, 1047, 104, 106, 5431, 5433, "of"
3, 41, 16, 1048, 107, 117, 5434, 5444, "cavitation"
3, 41, 17, 1049, 118, 119, 5445, 5446, "("
3, 41, 18, 1050, 119, 120, 5446, 5447, "n"
3, 41, 19, 1051, 120, 121, 5447, 5448, "="
3, 41, 20, 1052, 121, 122, 5448, 5449, "3"
3, 41, 21, 1053, 122, 123, 5449, 5450, ","
3, 41, 22, 1054, 124, 125, 5451, 5452, "P"
3, 41, 23, 1055, 125, 126, 5452, 5453, "<"
3, 41, 24, 1056, 126, 130, 5453, 5457, "0.02"
3, 41, 25, 1057, 130, 131, 5457, 5458, ")"
3, 41, 26, 1058, 131, 132, 5458, 5459, ","
3, 41, 27, 1059, 133, 142, 5460, 5469, "estimated"
3, 41, 28, 1060, 143, 145, 5470, 5472, "at"
3, 41, 29, 1061, 146, 149, 5473, 5476, "45%"
3, 41, 30, 1062, 150, 152, 5477, 5479, "of"
3, 41, 31, 1063, 153, 157, 5480, 5484, "that"
3, 41, 32, 1064, 158, 163, 5485, 5490, "which"
3, 41, 33, 1065, 164, 172, 5491, 5499, "received"
3, 41, 34, 1066, 173, 180, 5500, 5507, "vehicle"
3, 41, 35, 1067, 181, 189, 5508, 5516, "infusion"
3, 41, 36, 1068, 189, 190, 5516, 5517, "."
3, 42, 1, 1069, 0, 9, 5518, 5527, "Activated"
3, 42, 2, 1070, 10, 21, 5528, 5539, "macrophages"
3, 42, 3, 1071, 21, 22, 5539, 5540, "/"
3, 42, 4, 1072, 22, 31, 5540, 5549, "microglia"
3, 42, 5, 1073, 32, 41, 5550, 5559, "indicated"
3, 42, 6, 1074, 42, 44, 5560, 5562, "by"
3, 42, 7, 1075, 45, 48, 5563, 5566, "ED1"
3, 42, 8, 1076, 48, 49, 5566, 5567, "-"
3, 42, 9, 1077, 49, 65, 5567, 5583, "immunopositivity"
3, 42, 10, 1078, 66, 70, 5584, 5588, "were"
3, 42, 11, 1079, 71, 76, 5589, 5594, "found"
3, 42, 12, 1080, 77, 86, 5595, 5604, "dispersed"
3, 42, 13, 1081, 87, 89, 5605, 5607, "at"
3, 42, 14, 1082, 90, 93, 5608, 5611, "and"
3, 42, 15, 1083, 94, 100, 5612, 5618, "beyond"
3, 42, 16, 1084, 101, 104, 5619, 5622, "the"
3, 42, 17, 1085, 105, 111, 5623, 5629, "distal"
3, 42, 18, 1086, 112, 117, 5630, 5635, "graft"
3, 42, 19, 1087, 117, 118, 5635, 5636, "-"
3, 42, 20, 1088, 119, 123, 5637, 5641, "host"
3, 42, 21, 1089, 124, 132, 5642, 5650, "junction"
3, 42, 22, 1090, 132, 133, 5650, 5651, ","
3, 42, 23, 1091, 134, 139, 5652, 5657, "fewer"
3, 42, 24, 1092, 140, 142, 5658, 5660, "in"
3, 42, 25, 1093, 143, 148, 5661, 5666, "cases"
3, 42, 26, 1094, 149, 153, 5667, 5671, "that"
3, 42, 27, 1095, 154, 162, 5672, 5680, "received"
3, 42, 28, 1096, 163, 171, 5681, 5689, "ChaseABC"
3, 42, 29, 1097, 172, 180, 5690, 5698, "infusion"
3, 42, 30, 1098, 181, 182, 5699, 5700, "("
3, 42, 31, 1099, 182, 187, 5700, 5705, "49.25"
3, 42, 32, 1100, 187, 188, 5705, 5706, "±"
3, 42, 33, 1101, 188, 193, 5706, 5711, "16.94"
3, 42, 34, 1102, 193, 194, 5711, 5712, ","
3, 42, 35, 1103, 195, 196, 5713, 5714, "n"
3, 42, 36, 1104, 196, 197, 5714, 5715, "="
3, 42, 37, 1105, 197, 198, 5715, 5716, "4"
3, 42, 38, 1106, 198, 199, 5716, 5717, ";"
3, 42, 39, 1107, 200, 203, 5718, 5721, "Fig"
3, 42, 40, 1108, 203, 204, 5721, 5722, "."
3, 42, 41, 1109, 205, 207, 5723, 5725, "1H"
3, 42, 42, 1110, 208, 209, 5726, 5727, ")"
3, 42, 43, 1111, 210, 214, 5728, 5732, "than"
3, 42, 44, 1112, 215, 220, 5733, 5738, "those"
3, 42, 45, 1113, 221, 225, 5739, 5743, "that"
3, 42, 46, 1114, 226, 231, 5744, 5749, "lined"
3, 42, 47, 1115, 232, 234, 5750, 5752, "up"
3, 42, 48, 1116, 235, 237, 5753, 5755, "at"
3, 42, 49, 1117, 238, 241, 5756, 5759, "the"
3, 42, 50, 1118, 242, 251, 5760, 5769, "interface"
3, 42, 51, 1119, 252, 254, 5770, 5772, "in"
3, 42, 52, 1120, 255, 260, 5773, 5778, "cases"
3, 42, 53, 1121, 261, 263, 5779, 5781, "of"
3, 42, 54, 1122, 264, 267, 5782, 5785, "the"
3, 42, 55, 1123, 268, 275, 5786, 5793, "vehicle"
3, 42, 56, 1124, 276, 284, 5794, 5802, "infusion"
3, 42, 57, 1125, 285, 293, 5803, 5811, "controls"
3, 42, 58, 1126, 294, 295, 5812, 5813, "("
3, 42, 59, 1127, 295, 299, 5813, 5817, "mean"
3, 42, 60, 1128, 299, 300, 5817, 5818, "="
3, 42, 61, 1129, 300, 303, 5818, 5821, "152"
3, 42, 62, 1130, 303, 304, 5821, 5822, ";"
3, 42, 63, 1131, 305, 308, 5823, 5826, "Fig"
3, 42, 64, 1132, 308, 309, 5826, 5827, "."
3, 42, 65, 1133, 310, 312, 5828, 5830, "1D"
3, 42, 66, 1134, 312, 313, 5830, 5831, ")"
3, 42, 67, 1135, 313, 314, 5831, 5832, "."
3, 43, 1, 1136, 0, 9, 5833, 5842, "Secondary"
3, 43, 2, 1137, 10, 16, 5843, 5849, "damage"
3, 43, 3, 1138, 17, 20, 5850, 5853, "due"
3, 43, 4, 1139, 21, 23, 5854, 5856, "to"
3, 43, 5, 1140, 24, 32, 5857, 5865, "invasion"
3, 43, 6, 1141, 33, 35, 5866, 5868, "of"
3, 43, 7, 1142, 36, 45, 5869, 5878, "activated"
3, 43, 8, 1143, 46, 57, 5879, 5890, "macrophages"
3, 43, 9, 1144, 58, 61, 5891, 5894, "was"
3, 43, 10, 1145, 62, 71, 5895, 5904, "therefore"
3, 43, 11, 1146, 72, 82, 5905, 5915, "diminished"
3, 43, 12, 1147, 82, 83, 5915, 5916, "."
3, 43, 13, 1148, 85, 86, 5918, 5919, "4"
3, 43, 14, 1149, 86, 87, 5919, 5920, "."
3, 44, 1, 1150, 0, 10, 5921, 5931, "Astrocytes"
3, 44, 2, 1151, 11, 18, 5932, 5939, "crossed"
3, 44, 3, 1152, 19, 22, 5940, 5943, "the"
3, 44, 4, 1153, 23, 29, 5944, 5950, "distal"
3, 44, 5, 1154, 30, 40, 5951, 5961, "graft-host"
3, 44, 6, 1155, 41, 50, 5962, 5971, "interface"
3, 44, 7, 1156, 51, 53, 5972, 5974, "In"
3, 44, 8, 1157, 54, 61, 5975, 5982, "animals"
3, 44, 9, 1158, 62, 66, 5983, 5987, "that"
3, 44, 10, 1159, 67, 75, 5988, 5996, "received"
3, 44, 11, 1160, 76, 83, 5997, 6004, "vehicle"
3, 44, 12, 1161, 84, 92, 6005, 6013, "infusion"
3, 44, 13, 1162, 92, 93, 6013, 6014, ","
3, 44, 14, 1163, 94, 107, 6015, 6028, "GFAP-positive"
3, 44, 15, 1164, 108, 118, 6029, 6039, "astrocytes"
3, 44, 16, 1165, 119, 125, 6040, 6046, "formed"
3, 44, 17, 1166, 126, 128, 6047, 6049, "an"
3, 44, 18, 1167, 129, 141, 6050, 6062, "intensifying"
3, 44, 19, 1168, 142, 147, 6063, 6068, "front"
3, 44, 20, 1169, 148, 150, 6069, 6071, "on"
3, 44, 21, 1170, 151, 154, 6072, 6075, "the"
3, 44, 22, 1171, 155, 159, 6076, 6080, "host"
3, 44, 23, 1172, 160, 164, 6081, 6085, "side"
3, 44, 24, 1173, 165, 167, 6086, 6088, "of"
3, 44, 25, 1174, 168, 171, 6089, 6092, "the"
3, 44, 26, 1175, 172, 182, 6093, 6103, "graft-host"
3, 44, 27, 1176, 183, 192, 6104, 6113, "interface"
3, 44, 28, 1177, 192, 193, 6113, 6114, ","
3, 44, 29, 1178, 194, 204, 6115, 6125, "indicative"
3, 44, 30, 1179, 205, 207, 6126, 6128, "of"
3, 44, 31, 1180, 208, 215, 6129, 6136, "intense"
3, 44, 32, 1181, 216, 228, 6137, 6149, "astrogliosis"
3, 44, 33, 1182, 229, 230, 6150, 6151, "("
3, 44, 34, 1183, 230, 233, 6151, 6154, "Fig"
3, 44, 35, 1184, 233, 234, 6154, 6155, "."
3, 44, 36, 1185, 235, 237, 6156, 6158, "1B"
3, 44, 37, 1186, 237, 238, 6158, 6159, ")"
3, 44, 38, 1187, 238, 239, 6159, 6160, "."
3, 45, 1, 1188, 0, 2, 6161, 6163, "In"
3, 45, 2, 1189, 3, 10, 6164, 6171, "animals"
3, 45, 3, 1190, 11, 15, 6172, 6176, "that"
3, 45, 4, 1191, 16, 24, 6177, 6185, "received"
3, 45, 5, 1192, 25, 33, 6186, 6194, "ChaseABC"
3, 45, 6, 1193, 34, 42, 6195, 6203, "infusion"
3, 45, 7, 1194, 42, 43, 6203, 6204, ","
3, 45, 8, 1195, 44, 48, 6205, 6209, "such"
3, 45, 9, 1196, 49, 50, 6210, 6211, "a"
3, 45, 10, 1197, 51, 64, 6212, 6225, "GFAP-positive"
3, 45, 11, 1198, 65, 70, 6226, 6231, "front"
3, 45, 12, 1199, 71, 74, 6232, 6235, "was"
3, 45, 13, 1200, 75, 79, 6236, 6240, "much"
3, 45, 14, 1201, 80, 84, 6241, 6245, "less"
3, 45, 15, 1202, 85, 92, 6246, 6253, "intense"
3, 45, 16, 1203, 93, 94, 6254, 6255, "("
3, 45, 17, 1204, 94, 97, 6255, 6258, "Fig"
3, 45, 18, 1205, 97, 98, 6258, 6259, "."
3, 45, 19, 1206, 99, 101, 6260, 6262, "1F"
3, 45, 20, 1207, 101, 102, 6262, 6263, ")"
3, 45, 21, 1208, 102, 103, 6263, 6264, "."
3, 46, 1, 1209, 0, 2, 6265, 6267, "In"
3, 46, 2, 1210, 3, 11, 6268, 6276, "addition"
3, 46, 3, 1211, 11, 12, 6276, 6277, ","
3, 46, 4, 1212, 13, 26, 6278, 6291, "GFAP-positive"
3, 46, 5, 1213, 27, 37, 6292, 6302, "astrocytes"
3, 46, 6, 1214, 38, 48, 6303, 6313, "apparently"
3, 46, 7, 1215, 49, 57, 6314, 6322, "advanced"
3, 46, 8, 1216, 58, 62, 6323, 6327, "from"
3, 46, 9, 1217, 63, 66, 6328, 6331, "the"
3, 46, 10, 1218, 67, 73, 6332, 6338, "distal"
3, 46, 11, 1219, 74, 79, 6339, 6344, "graft"
3, 46, 12, 1220, 79, 80, 6344, 6345, "-"
3, 46, 13, 1221, 81, 85, 6346, 6350, "host"
3, 46, 14, 1222, 86, 95, 6351, 6360, "interface"
3, 46, 15, 1223, 96, 100, 6361, 6365, "into"
3, 46, 16, 1224, 101, 104, 6366, 6369, "the"
3, 46, 17, 1225, 105, 110, 6370, 6375, "graft"
3, 46, 18, 1226, 111, 117, 6376, 6382, "tissue"
3, 46, 19, 1227, 118, 119, 6383, 6384, "("
3, 46, 20, 1228, 119, 122, 6384, 6387, "Fig"
3, 46, 21, 1229, 122, 123, 6387, 6388, "."
3, 46, 22, 1230, 124, 126, 6389, 6391, "1F"
3, 46, 23, 1231, 127, 130, 6392, 6395, "and"
3, 46, 24, 1232, 131, 132, 6396, 6397, "G"
3, 46, 25, 1233, 132, 133, 6397, 6398, ")"
3, 46, 26, 1234, 133, 134, 6398, 6399, "."
3, 47, 1, 1235, 0, 6, 6401, 6407, "Within"
3, 47, 2, 1236, 7, 10, 6408, 6411, "the"
3, 47, 3, 1237, 11, 16, 6412, 6417, "graft"
3, 47, 4, 1238, 17, 19, 6418, 6420, "or"
3, 47, 5, 1239, 20, 31, 6421, 6432, "regenerated"
3, 47, 6, 1240, 32, 38, 6433, 6439, "tissue"
3, 47, 7, 1241, 39, 44, 6440, 6445, "cable"
3, 47, 8, 1242, 46, 47, 6447, 6448, "5"
3, 47, 9, 1243, 47, 48, 6448, 6449, "."
3, 48, 1, 1244, 0, 8, 6450, 6458, "ChaseABC"
3, 48, 2, 1245, 9, 17, 6459, 6467, "infusion"
3, 48, 3, 1246, 18, 21, 6468, 6471, "did"
3, 48, 4, 1247, 22, 25, 6472, 6475, "not"
3, 48, 5, 1248, 26, 31, 6476, 6481, "clear"
3, 48, 6, 1249, 32, 36, 6482, 6486, "CS56"
3, 48, 7, 1250, 37, 53, 6487, 6503, "immunopositivity"
3, 48, 8, 1251, 54, 56, 6504, 6506, "in"
3, 48, 9, 1252, 57, 60, 6507, 6510, "the"
3, 48, 10, 1253, 61, 66, 6511, 6516, "graft"
3, 48, 11, 1254, 67, 74, 6517, 6524, "Infused"
3, 48, 12, 1255, 75, 83, 6525, 6533, "ChaseABC"
3, 48, 13, 1256, 84, 87, 6534, 6537, "had"
3, 48, 14, 1257, 88, 95, 6538, 6545, "limited"
3, 48, 15, 1258, 96, 102, 6546, 6552, "access"
3, 48, 16, 1259, 103, 105, 6553, 6555, "to"
3, 48, 17, 1260, 106, 109, 6556, 6559, "the"
3, 48, 18, 1261, 110, 122, 6560, 6572, "CS56positive"
3, 48, 19, 1262, 123, 129, 6573, 6579, "matrix"
3, 48, 20, 1263, 130, 132, 6580, 6582, "of"
3, 48, 21, 1264, 133, 136, 6583, 6586, "the"
3, 48, 22, 1265, 137, 142, 6587, 6592, "graft"
3, 48, 23, 1266, 143, 149, 6593, 6599, "tissue"
3, 48, 24, 1267, 149, 150, 6599, 6600, "."
3, 49, 1, 1268, 0, 4, 6601, 6605, "This"
3, 49, 2, 1269, 5, 15, 6606, 6616, "contrasted"
3, 49, 3, 1270, 16, 20, 6617, 6621, "with"
3, 49, 4, 1271, 21, 24, 6622, 6625, "the"
3, 49, 5, 1272, 25, 45, 6626, 6646, "ChaseABC-susceptible"
3, 49, 6, 1273, 45, 46, 6646, 6647, ","
3, 49, 7, 1274, 47, 51, 6648, 6652, "CS56"
3, 49, 8, 1275, 51, 52, 6652, 6653, "-"
3, 49, 9, 1276, 52, 60, 6653, 6661, "positive"
3, 49, 10, 1277, 61, 67, 6662, 6668, "tissue"
3, 49, 11, 1278, 68, 70, 6669, 6671, "at"
3, 49, 12, 1279, 71, 74, 6672, 6675, "the"
3, 49, 13, 1280, 75, 81, 6676, 6682, "distal"
3, 49, 14, 1281, 82, 92, 6683, 6693, "graft-host"
3, 49, 15, 1282, 93, 102, 6694, 6703, "interface"
3, 49, 16, 1283, 103, 106, 6704, 6707, "and"
3, 49, 17, 1284, 107, 110, 6708, 6711, "the"
3, 49, 18, 1285, 111, 120, 6712, 6721, "adjoining"
3, 49, 19, 1286, 121, 127, 6722, 6728, "caudal"
3, 49, 20, 1287, 128, 132, 6729, 6733, "cord"
3, 49, 21, 1288, 133, 139, 6734, 6740, "tissue"
3, 49, 22, 1289, 140, 141, 6741, 6742, "("
3, 49, 23, 1290, 141, 144, 6742, 6745, "Fig"
3, 49, 24, 1291, 144, 145, 6745, 6746, "."
3, 49, 25, 1292, 146, 148, 6747, 6749, "1A"
3, 49, 26, 1293, 149, 152, 6750, 6753, "and"
3, 49, 27, 1294, 153, 154, 6754, 6755, "C"
3, 49, 28, 1295, 154, 155, 6755, 6756, ")"
3, 49, 29, 1296, 155, 156, 6756, 6757, "."
3, 50, 1, 1297, 0, 2, 6758, 6760, "To"
3, 50, 2, 1298, 3, 7, 6761, 6765, "find"
3, 50, 3, 1299, 8, 10, 6766, 6768, "if"
3, 50, 4, 1300, 11, 14, 6769, 6772, "the"
3, 50, 5, 1301, 15, 23, 6773, 6781, "Matrigel"
3, 50, 6, 1302, 24, 25, 6782, 6783, "("
3, 50, 7, 1303, 25, 27, 6783, 6785, "MG"
3, 50, 8, 1304, 27, 28, 6785, 6786, ")"
3, 50, 9, 1305, 29, 35, 6787, 6793, "matrix"
3, 50, 10, 1306, 36, 43, 6794, 6801, "limited"
3, 50, 11, 1307, 44, 50, 6802, 6808, "access"
3, 50, 12, 1308, 51, 53, 6809, 6811, "of"
3, 50, 13, 1309, 54, 57, 6812, 6815, "the"
3, 50, 14, 1310, 58, 64, 6816, 6822, "enzyme"
3, 50, 15, 1311, 65, 67, 6823, 6825, "to"
3, 50, 16, 1312, 68, 72, 6826, 6830, "CS56"
3, 50, 17, 1313, 72, 73, 6830, 6831, "-"
3, 50, 18, 1314, 73, 81, 6831, 6839, "positive"
3, 50, 19, 1315, 82, 92, 6840, 6850, "components"
3, 50, 20, 1316, 93, 95, 6851, 6853, "of"
3, 50, 21, 1317, 96, 99, 6854, 6857, "the"
3, 50, 22, 1318, 100, 105, 6858, 6863, "graft"
3, 50, 23, 1319, 105, 106, 6863, 6864, ","
3, 50, 24, 1320, 107, 114, 6865, 6872, "Western"
3, 50, 25, 1321, 115, 119, 6873, 6877, "blot"
3, 50, 26, 1322, 120, 128, 6878, 6886, "analysis"
3, 50, 27, 1323, 129, 131, 6887, 6889, "of"
3, 50, 28, 1324, 132, 134, 6890, 6892, "MG"
3, 50, 29, 1325, 135, 138, 6893, 6896, "was"
3, 50, 30, 1326, 139, 148, 6897, 6906, "performed"
3, 50, 31, 1327, 148, 149, 6906, 6907, "."
3, 51, 1, 1328, 0, 6, 6908, 6914, "Indeed"
3, 51, 2, 1329, 7, 21, 6915, 6929, "heterodisperse"
3, 51, 3, 1330, 22, 26, 6930, 6934, "CS56"
3, 51, 4, 1331, 26, 27, 6934, 6935, "-"
3, 51, 5, 1332, 27, 35, 6935, 6943, "positive"
3, 51, 6, 1333, 36, 46, 6944, 6954, "components"
3, 51, 7, 1334, 47, 48, 6955, 6956, "("
3, 51, 8, 1335, 48, 50, 6956, 6958, "50"
3, 51, 9, 1336, 50, 51, 6958, 6959, "-"
3, 51, 10, 1337, 51, 53, 6959, 6961, "85"
3, 51, 11, 1338, 54, 57, 6962, 6965, "kDa"
3, 51, 12, 1339, 57, 58, 6965, 6966, ")"
3, 51, 13, 1340, 59, 63, 6967, 6971, "were"
3, 51, 14, 1341, 64, 67, 6972, 6975, "not"
3, 51, 15, 1342, 68, 78, 6976, 6986, "completely"
3, 51, 16, 1343, 79, 89, 6987, 6997, "digestible"
3, 51, 17, 1344, 90, 92, 6998, 7000, "by"
3, 51, 18, 1345, 93, 101, 7001, 7009, "ChaseABC"
3, 51, 19, 1346, 101, 102, 7009, 7010, ","
3, 51, 20, 1347, 103, 111, 7011, 7019, "possibly"
3, 51, 21, 1348, 112, 113, 7020, 7021, "a"
3, 51, 22, 1349, 114, 120, 7022, 7028, "result"
3, 51, 23, 1350, 121, 123, 7029, 7031, "of"
3, 51, 24, 1351, 124, 126, 7032, 7034, "MG"
3, 51, 25, 1352, 127, 135, 7035, 7043, "gelation"
3, 51, 26, 1353, 136, 138, 7044, 7046, "at"
3, 51, 27, 1354, 139, 141, 7047, 7049, "37"
3, 51, 28, 1355, 141, 142, 7049, 7050, "°"
3, 51, 29, 1356, 142, 143, 7050, 7051, "C"
3, 51, 30, 1357, 143, 144, 7051, 7052, "."
3, 52, 1, 1358, 0, 2, 7053, 7055, "We"
3, 52, 2, 1359, 3, 8, 7056, 7061, "found"
3, 52, 3, 1360, 9, 13, 7062, 7066, "that"
3, 52, 4, 1361, 14, 27, 7067, 7080, "acidification"
3, 52, 5, 1362, 28, 31, 7081, 7084, "and"
3, 52, 6, 1363, 32, 42, 7085, 7095, "subsequent"
3, 52, 7, 1364, 43, 57, 7096, 7110, "neutralization"
3, 52, 8, 1365, 58, 60, 7111, 7113, "of"
3, 52, 9, 1366, 61, 63, 7114, 7116, "MG"
3, 52, 10, 1367, 64, 73, 7117, 7126, "prevented"
3, 52, 11, 1368, 74, 82, 7127, 7135, "gelation"
3, 52, 12, 1369, 83, 87, 7136, 7140, "with"
3, 52, 13, 1370, 88, 90, 7141, 7143, "no"
3, 52, 14, 1371, 91, 95, 7144, 7148, "loss"
3, 52, 15, 1372, 96, 98, 7149, 7151, "in"
3, 52, 16, 1373, 99, 103, 7152, 7156, "CS56"
3, 52, 17, 1374, 104, 112, 7157, 7165, "epitopes"
3, 52, 18, 1375, 112, 113, 7165, 7166, "."
3, 53, 1, 1376, 0, 3, 7167, 7170, "The"
3, 53, 2, 1377, 4, 8, 7171, 7175, "CS56"
3, 53, 3, 1378, 9, 17, 7176, 7184, "epitopes"
3, 53, 4, 1379, 18, 20, 7185, 7187, "in"
3, 53, 5, 1380, 21, 24, 7188, 7191, "the"
3, 53, 6, 1381, 25, 34, 7192, 7201, "resultant"
3, 53, 7, 1382, 35, 41, 7202, 7208, "liquid"
3, 53, 8, 1383, 42, 46, 7209, 7213, "form"
3, 53, 9, 1384, 47, 51, 7214, 7218, "were"
3, 53, 10, 1385, 52, 56, 7219, 7223, "then"
3, 53, 11, 1386, 57, 67, 7224, 7234, "completely"
3, 53, 12, 1387, 68, 78, 7235, 7245, "accessible"
3, 53, 13, 1388, 79, 81, 7246, 7248, "to"
3, 53, 14, 1389, 82, 91, 7249, 7258, "digestion"
3, 53, 15, 1390, 92, 94, 7259, 7261, "by"
3, 53, 16, 1391, 95, 103, 7262, 7270, "ChaseABC"
3, 53, 17, 1392, 103, 104, 7270, 7271, "."
3, 54, 1, 1393, 0, 3, 7272, 7275, "The"
3, 54, 2, 1394, 4, 11, 7276, 7283, "results"
3, 54, 3, 1395, 12, 19, 7284, 7291, "suggest"
3, 54, 4, 1396, 20, 34, 7292, 7306, "supramolecular"
3, 54, 5, 1397, 35, 47, 7307, 7319, "interactions"
3, 54, 6, 1398, 48, 50, 7320, 7322, "in"
3, 54, 7, 1399, 51, 54, 7323, 7326, "the"
3, 54, 8, 1400, 55, 58, 7327, 7330, "gel"
3, 54, 9, 1401, 59, 63, 7331, 7335, "form"
3, 54, 10, 1402, 64, 71, 7336, 7343, "limited"
3, 54, 11, 1403, 72, 78, 7344, 7350, "access"
3, 54, 12, 1404, 79, 81, 7351, 7353, "of"
3, 54, 13, 1405, 82, 85, 7354, 7357, "the"
3, 54, 14, 1406, 86, 92, 7358, 7364, "enzyme"
3, 54, 15, 1407, 93, 95, 7365, 7367, "to"
3, 54, 16, 1408, 96, 100, 7368, 7372, "CS56"
3, 54, 17, 1409, 100, 101, 7372, 7373, "-"
3, 54, 18, 1410, 101, 109, 7373, 7381, "positive"
3, 54, 19, 1411, 110, 120, 7382, 7392, "components"
3, 54, 20, 1412, 121, 123, 7393, 7395, "of"
3, 54, 21, 1413, 124, 127, 7396, 7399, "the"
3, 54, 22, 1414, 128, 133, 7400, 7405, "graft"
3, 54, 23, 1415, 134, 140, 7406, 7412, "tissue"
3, 54, 24, 1416, 140, 141, 7412, 7413, "."
3, 54, 25, 1417, 143, 144, 7415, 7416, "6"
3, 54, 26, 1418, 144, 145, 7416, 7417, "."
3, 55, 1, 1419, 0, 6, 7418, 7424, "Axonal"
3, 55, 2, 1420, 7, 13, 7425, 7431, "growth"
3, 55, 3, 1421, 14, 17, 7432, 7435, "and"
3, 55, 4, 1422, 18, 29, 7436, 7447, "myelination"
3, 55, 5, 1423, 30, 36, 7448, 7454, "within"
3, 55, 6, 1424, 37, 40, 7455, 7458, "the"
3, 55, 7, 1425, 41, 52, 7459, 7470, "regenerated"
3, 55, 8, 1426, 53, 59, 7471, 7477, "tissue"
3, 55, 9, 1427, 60, 65, 7478, 7483, "cable"
3, 55, 10, 1428, 66, 70, 7484, 7488, "were"
3, 55, 11, 1429, 71, 79, 7489, 7497, "enhanced"
3, 55, 12, 1430, 80, 85, 7498, 7503, "Cross"
3, 55, 13, 1431, 86, 94, 7504, 7512, "sections"
3, 55, 14, 1432, 95, 97, 7513, 7515, "of"
3, 55, 15, 1433, 98, 101, 7516, 7519, "the"
3, 55, 16, 1434, 102, 113, 7520, 7531, "regenerated"
3, 55, 17, 1435, 114, 120, 7532, 7538, "tissue"
3, 55, 18, 1436, 121, 126, 7539, 7544, "cable"
3, 55, 19, 1437, 127, 131, 7545, 7549, "that"
3, 55, 20, 1438, 132, 138, 7550, 7556, "formed"
3, 55, 21, 1439, 139, 145, 7557, 7563, "within"
3, 55, 22, 1440, 146, 149, 7564, 7567, "the"
3, 55, 23, 1441, 150, 157, 7568, 7575, "channel"
3, 55, 24, 1442, 158, 164, 7576, 7582, "showed"
3, 55, 25, 1443, 165, 175, 7583, 7593, "widespread"
3, 55, 26, 1444, 176, 185, 7594, 7603, "fascicles"
3, 55, 27, 1445, 186, 188, 7604, 7606, "of"
3, 55, 28, 1446, 189, 199, 7607, 7617, "myelinated"
3, 55, 29, 1447, 200, 205, 7618, 7623, "axons"
3, 55, 30, 1448, 206, 208, 7624, 7626, "in"
3, 55, 31, 1449, 209, 219, 7627, 7637, "recipients"
3, 55, 32, 1450, 220, 222, 7638, 7640, "of"
3, 55, 33, 1451, 223, 231, 7641, 7649, "ChaseABC"
3, 55, 34, 1452, 232, 240, 7650, 7658, "infusion"
3, 55, 35, 1453, 240, 241, 7658, 7659, "."
3, 56, 1, 1454, 0, 3, 7660, 7663, "EMs"
3, 56, 2, 1455, 4, 6, 7664, 7666, "of"
3, 56, 3, 1456, 7, 11, 7667, 7671, "such"
3, 56, 4, 1457, 12, 20, 7672, 7680, "sections"
3, 56, 5, 1458, 21, 29, 7681, 7689, "revealed"
3, 56, 6, 1459, 30, 34, 7690, 7694, "that"
3, 56, 7, 1460, 35, 38, 7695, 7698, "the"
3, 56, 8, 1461, 39, 50, 7699, 7710, "regenerated"
3, 56, 9, 1462, 51, 56, 7711, 7716, "axons"
3, 56, 10, 1463, 57, 61, 7717, 7721, "were"
3, 56, 11, 1464, 62, 68, 7722, 7728, "either"
3, 56, 12, 1465, 69, 79, 7729, 7739, "myelinated"
3, 56, 13, 1466, 80, 82, 7740, 7742, "or"
3, 56, 14, 1467, 83, 93, 7743, 7753, "ensheathed"
3, 56, 15, 1468, 94, 96, 7754, 7756, "by"
3, 56, 16, 1469, 97, 100, 7757, 7760, "SCs"
3, 56, 17, 1470, 101, 104, 7761, 7764, "and"
3, 56, 18, 1471, 105, 109, 7765, 7769, "that"
3, 56, 19, 1472, 110, 115, 7770, 7775, "these"
3, 56, 20, 1473, 116, 123, 7776, 7783, "axon-SC"
3, 56, 21, 1474, 124, 129, 7784, 7789, "units"
3, 56, 22, 1475, 130, 134, 7790, 7794, "were"
3, 56, 23, 1476, 135, 143, 7795, 7803, "arranged"
3, 56, 24, 1477, 144, 146, 7804, 7806, "in"
3, 56, 25, 1478, 147, 156, 7807, 7816, "fascicles"
3, 56, 26, 1479, 157, 166, 7817, 7826, "subtended"
3, 56, 27, 1480, 167, 169, 7827, 7829, "by"
3, 56, 28, 1481, 170, 174, 7830, 7834, "cell"
3, 56, 29, 1482, 175, 181, 7835, 7841, "layers"
3, 56, 30, 1483, 182, 184, 7842, 7844, "in"
3, 56, 31, 1484, 185, 201, 7845, 7861, "perineurium-like"
3, 56, 32, 1485, 202, 213, 7862, 7873, "arrangement"
3, 56, 33, 1486, 213, 214, 7873, 7874, "."
3, 57, 1, 1487, 0, 4, 7875, 7879, "This"
3, 57, 2, 1488, 5, 11, 7880, 7886, "tissue"
3, 57, 3, 1489, 12, 24, 7887, 7899, "organization"
3, 57, 4, 1490, 25, 28, 7900, 7903, "was"
3, 57, 5, 1491, 29, 38, 7904, 7913, "evidently"
3, 57, 6, 1492, 39, 49, 7914, 7924, "supportive"
3, 57, 7, 1493, 50, 52, 7925, 7927, "of"
3, 57, 8, 1494, 53, 56, 7928, 7931, "the"
3, 57, 9, 1495, 57, 66, 7932, 7941, "abundance"
3, 57, 10, 1496, 67, 69, 7942, 7944, "of"
3, 57, 11, 1497, 70, 80, 7945, 7955, "myelinated"
3, 57, 12, 1498, 81, 86, 7956, 7961, "axons"
3, 57, 13, 1499, 87, 88, 7962, 7963, "("
3, 57, 14, 1500, 88, 93, 7963, 7968, "1,500"
3, 57, 15, 1501, 94, 97, 7969, 7972, "per"
3, 57, 16, 1502, 98, 104, 7973, 7979, "tissue"
3, 57, 17, 1503, 105, 110, 7980, 7985, "cable"
3, 57, 18, 1504, 110, 111, 7985, 7986, ","
3, 57, 19, 1505, 112, 113, 7987, 7988, "n"
3, 57, 20, 1506, 113, 114, 7988, 7989, "="
3, 57, 21, 1507, 114, 115, 7989, 7990, "5"
3, 57, 22, 1508, 115, 116, 7990, 7991, ")"
3, 57, 23, 1509, 117, 121, 7992, 7996, "that"
3, 57, 24, 1510, 122, 129, 7997, 8004, "coursed"
3, 57, 25, 1511, 130, 137, 8005, 8012, "through"
3, 57, 26, 1512, 138, 141, 8013, 8016, "the"
3, 57, 27, 1513, 142, 147, 8017, 8022, "cable"
3, 57, 28, 1514, 147, 148, 8022, 8023, "."
3, 58, 1, 1515, 0, 2, 8024, 8026, "In"
3, 58, 2, 1516, 3, 11, 8027, 8035, "contrast"
3, 58, 3, 1517, 11, 12, 8035, 8036, ","
3, 58, 4, 1518, 13, 18, 8037, 8042, "cross"
3, 58, 5, 1519, 19, 27, 8043, 8051, "sections"
3, 58, 6, 1520, 28, 30, 8052, 8054, "of"
3, 58, 7, 1521, 31, 37, 8055, 8061, "tissue"
3, 58, 8, 1522, 38, 44, 8062, 8068, "cables"
3, 58, 9, 1523, 45, 47, 8069, 8071, "of"
3, 58, 10, 1524, 48, 51, 8072, 8075, "the"
3, 58, 11, 1525, 52, 66, 8076, 8090, "vehicleinfused"
3, 58, 12, 1526, 67, 74, 8091, 8098, "control"
3, 58, 13, 1527, 75, 80, 8099, 8104, "group"
3, 58, 14, 1528, 81, 87, 8105, 8111, "showed"
3, 58, 15, 1529, 88, 93, 8112, 8117, "loose"
3, 58, 16, 1530, 93, 94, 8117, 8118, ","
3, 58, 17, 1531, 95, 105, 8119, 8129, "fascicular"
3, 58, 18, 1532, 106, 118, 8130, 8142, "organization"
3, 58, 19, 1533, 119, 123, 8143, 8147, "with"
3, 58, 20, 1534, 124, 137, 8148, 8161, "significantly"
3, 58, 21, 1535, 138, 143, 8162, 8167, "fewer"
3, 58, 22, 1536, 144, 154, 8168, 8178, "myelinated"
3, 58, 23, 1537, 155, 160, 8179, 8184, "axons"
3, 58, 24, 1538, 161, 162, 8185, 8186, "("
3, 58, 25, 1539, 162, 165, 8186, 8189, "400"
3, 58, 26, 1540, 166, 169, 8190, 8193, "per"
3, 58, 27, 1541, 170, 176, 8194, 8200, "tissue"
3, 58, 28, 1542, 177, 182, 8201, 8206, "cable"
3, 58, 29, 1543, 182, 183, 8206, 8207, ","
3, 58, 30, 1544, 184, 185, 8208, 8209, "n"
3, 58, 31, 1545, 185, 186, 8209, 8210, "="
3, 58, 32, 1546, 186, 187, 8210, 8211, "5"
3, 58, 33, 1547, 187, 188, 8211, 8212, ","
3, 58, 34, 1548, 189, 190, 8213, 8214, "P"
3, 58, 35, 1549, 190, 191, 8214, 8215, "<"
3, 58, 36, 1550, 191, 196, 8215, 8220, "0.002"
3, 58, 37, 1551, 196, 197, 8220, 8221, ")"
3, 58, 38, 1552, 197, 198, 8221, 8222, "."
3, 59, 1, 1553, 0, 3, 8223, 8226, "The"
3, 59, 2, 1554, 4, 10, 8227, 8233, "fibers"
3, 59, 3, 1555, 11, 17, 8234, 8240, "varied"
3, 59, 4, 1556, 18, 20, 8241, 8243, "in"
3, 59, 5, 1557, 21, 27, 8244, 8250, "axonal"
3, 59, 6, 1558, 28, 35, 8251, 8258, "profile"
3, 59, 7, 1559, 36, 39, 8259, 8262, "and"
3, 59, 8, 1560, 40, 46, 8263, 8269, "extent"
3, 59, 9, 1561, 47, 49, 8270, 8272, "of"
3, 59, 10, 1562, 50, 61, 8273, 8284, "myelination"
3, 59, 11, 1563, 61, 62, 8284, 8285, "."
3, 60, 1, 1564, 0, 2, 8286, 8288, "As"
3, 60, 2, 1565, 3, 7, 8289, 8293, "both"
3, 60, 3, 1566, 8, 23, 8294, 8309, "vascularization"
3, 60, 4, 1567, 24, 27, 8310, 8313, "and"
3, 60, 5, 1568, 28, 43, 8314, 8329, "cross-sectional"
3, 60, 6, 1569, 44, 48, 8330, 8334, "area"
3, 60, 7, 1570, 49, 51, 8335, 8337, "of"
3, 60, 8, 1571, 52, 55, 8338, 8341, "the"
3, 60, 9, 1572, 56, 62, 8342, 8348, "tissue"
3, 60, 10, 1573, 63, 69, 8349, 8355, "cables"
3, 60, 11, 1574, 70, 73, 8356, 8359, "did"
3, 60, 12, 1575, 74, 77, 8360, 8363, "not"
3, 60, 13, 1576, 78, 84, 8364, 8370, "differ"
3, 60, 14, 1577, 85, 92, 8371, 8378, "between"
3, 60, 15, 1578, 93, 99, 8379, 8385, "enzyme"
3, 60, 16, 1579, 100, 103, 8386, 8389, "and"
3, 60, 17, 1580, 104, 111, 8390, 8397, "vehicle"
3, 60, 18, 1581, 112, 120, 8398, 8406, "infusion"
3, 60, 19, 1582, 120, 121, 8406, 8407, ","
3, 60, 20, 1583, 122, 127, 8408, 8413, "these"
3, 60, 21, 1584, 128, 135, 8414, 8421, "aspects"
3, 60, 22, 1585, 136, 140, 8422, 8426, "were"
3, 60, 23, 1586, 141, 151, 8427, 8437, "apparently"
3, 60, 24, 1587, 152, 161, 8438, 8447, "unrelated"
3, 60, 25, 1588, 162, 164, 8448, 8450, "to"
3, 60, 26, 1589, 165, 168, 8451, 8454, "the"
3, 60, 27, 1590, 169, 183, 8455, 8469, "enzyme-induced"
3, 60, 28, 1591, 184, 190, 8470, 8476, "tissue"
3, 60, 29, 1592, 191, 203, 8477, 8489, "organization"
3, 60, 30, 1593, 204, 206, 8490, 8492, "of"
3, 60, 31, 1594, 207, 210, 8493, 8496, "the"
3, 60, 32, 1595, 211, 216, 8497, 8502, "cable"
3, 60, 33, 1596, 216, 217, 8502, 8503, "."
3, 61, 1, 1597, 0, 11, 8505, 8516, "CONCLUSIONS"
3, 61, 2, 1598, 12, 15, 8517, 8520, "AND"
3, 61, 3, 1599, 16, 28, 8521, 8533, "SIGNIFICANCE"
3, 61, 4, 1600, 29, 31, 8534, 8536, "We"
3, 61, 5, 1601, 32, 39, 8537, 8544, "present"
3, 61, 6, 1602, 40, 48, 8545, 8553, "evidence"
3, 61, 7, 1603, 49, 53, 8554, 8558, "that"
3, 61, 8, 1604, 54, 56, 8559, 8561, "CS"
3, 61, 9, 1605, 57, 65, 8562, 8570, "moieties"
3, 61, 10, 1606, 66, 75, 8571, 8580, "deposited"
3, 61, 11, 1607, 76, 78, 8581, 8583, "in"
3, 61, 12, 1608, 79, 82, 8584, 8587, "the"
3, 61, 13, 1609, 83, 90, 8588, 8595, "gliotic"
3, 61, 14, 1610, 91, 96, 8596, 8601, "front"
3, 61, 15, 1611, 97, 99, 8602, 8604, "of"
3, 61, 16, 1612, 100, 103, 8605, 8608, "the"
3, 61, 17, 1613, 104, 110, 8609, 8615, "distal"
3, 61, 18, 1614, 111, 121, 8616, 8626, "graft-host"
3, 61, 19, 1615, 122, 131, 8627, 8636, "interface"
3, 61, 20, 1616, 132, 143, 8637, 8648, "constituted"
3, 61, 21, 1617, 144, 145, 8649, 8650, "a"
3, 61, 22, 1618, 146, 155, 8651, 8660, "molecular"
3, 61, 23, 1619, 156, 163, 8661, 8668, "barrier"
3, 61, 24, 1620, 164, 166, 8669, 8671, "to"
3, 61, 25, 1621, 167, 173, 8672, 8678, "axonal"
3, 61, 26, 1622, 174, 185, 8679, 8690, "advancement"
3, 61, 27, 1623, 186, 190, 8691, 8695, "into"
3, 61, 28, 1624, 191, 194, 8696, 8699, "the"
3, 61, 29, 1625, 195, 201, 8700, 8706, "caudal"
3, 61, 30, 1626, 202, 206, 8707, 8711, "host"
3, 61, 31, 1627, 207, 211, 8712, 8716, "cord"
3, 61, 32, 1628, 212, 215, 8717, 8720, "and"
3, 61, 33, 1629, 216, 220, 8721, 8725, "that"
3, 61, 34, 1630, 221, 224, 8726, 8729, "its"
3, 61, 35, 1631, 225, 232, 8730, 8737, "removal"
3, 61, 36, 1632, 233, 235, 8738, 8740, "by"
3, 61, 37, 1633, 236, 239, 8741, 8744, "the"
3, 61, 38, 1634, 240, 246, 8745, 8751, "action"
3, 61, 39, 1635, 247, 249, 8752, 8754, "of"
3, 61, 40, 1636, 250, 257, 8755, 8762, "infused"
3, 61, 41, 1637, 258, 266, 8763, 8771, "ChaseABC"
3, 61, 42, 1638, 267, 269, 8772, 8774, "in"
3, 61, 43, 1639, 270, 274, 8775, 8779, "vivo"
3, 61, 44, 1640, 275, 278, 8780, 8783, "was"
3, 61, 45, 1641, 279, 280, 8784, 8785, "a"
3, 61, 46, 1642, 281, 286, 8786, 8791, "means"
3, 61, 47, 1643, 287, 289, 8792, 8794, "to"
3, 61, 48, 1644, 290, 298, 8795, 8803, "diminish"
3, 61, 49, 1645, 299, 302, 8804, 8807, "the"
3, 61, 50, 1646, 303, 310, 8808, 8815, "barrier"
3, 61, 51, 1647, 311, 317, 8816, 8822, "effect"
3, 61, 52, 1648, 318, 319, 8823, 8824, "("
3, 61, 53, 1649, 319, 322, 8824, 8827, "Fig"
3, 61, 54, 1650, 322, 323, 8827, 8828, "."
3, 61, 55, 1651, 324, 325, 8829, 8830, "2"
3, 61, 56, 1652, 325, 326, 8830, 8831, ")"
3, 61, 57, 1653, 326, 327, 8831, 8832, "."
3, 62, 1, 1654, 0, 3, 8833, 8836, "The"
3, 62, 2, 1655, 4, 10, 8837, 8843, "timely"
3, 62, 3, 1656, 11, 18, 8844, 8851, "removal"
3, 62, 4, 1657, 19, 21, 8852, 8854, "of"
3, 62, 5, 1658, 22, 24, 8855, 8857, "CS"
3, 62, 6, 1659, 25, 31, 8858, 8864, "glycol"
3, 62, 7, 1660, 31, 32, 8864, 8865, "-"
3, 62, 8, 1661, 33, 38, 8866, 8871, "forms"
3, 62, 9, 1662, 39, 42, 8872, 8875, "not"
3, 62, 10, 1663, 43, 47, 8876, 8880, "only"
3, 62, 11, 1664, 48, 56, 8881, 8889, "improved"
3, 62, 12, 1665, 57, 60, 8890, 8893, "the"
3, 62, 13, 1666, 61, 70, 8894, 8903, "interface"
3, 62, 14, 1667, 71, 82, 8904, 8915, "environment"
3, 62, 15, 1668, 83, 86, 8916, 8919, "for"
3, 62, 16, 1669, 87, 93, 8920, 8926, "axonal"
3, 62, 17, 1670, 94, 98, 8927, 8931, "exit"
3, 62, 18, 1671, 99, 103, 8932, 8936, "from"
3, 62, 19, 1672, 104, 107, 8937, 8940, "the"
3, 62, 20, 1673, 108, 119, 8941, 8952, "regenerated"
3, 62, 21, 1674, 120, 126, 8953, 8959, "tissue"
3, 62, 22, 1675, 127, 132, 8960, 8965, "cable"
3, 62, 23, 1676, 133, 136, 8966, 8969, "but"
3, 62, 24, 1677, 137, 141, 8970, 8974, "also"
3, 62, 25, 1678, 142, 151, 8975, 8984, "supported"
3, 62, 26, 1679, 152, 158, 8985, 8991, "tissue"
3, 62, 27, 1680, 159, 173, 8992, 9006, "reorganization"
3, 62, 28, 1681, 174, 180, 9007, 9013, "within"
3, 62, 29, 1682, 181, 184, 9014, 9017, "the"
3, 62, 30, 1683, 185, 190, 9018, 9023, "cable"
3, 62, 31, 1684, 190, 191, 9023, 9024, "."
3, 63, 1, 1685, 0, 2, 9025, 9027, "At"
3, 63, 2, 1686, 3, 6, 9028, 9031, "the"
3, 63, 3, 1687, 7, 13, 9032, 9038, "distal"
3, 63, 4, 1688, 14, 19, 9039, 9044, "graft"
3, 63, 5, 1689, 19, 20, 9044, 9045, "-"
3, 63, 6, 1690, 21, 25, 9046, 9050, "host"
3, 63, 7, 1691, 26, 35, 9051, 9060, "interface"
3, 63, 8, 1692, 36, 38, 9061, 9063, "in"
3, 63, 9, 1693, 39, 54, 9064, 9079, "vehicle-infused"
3, 63, 10, 1694, 55, 62, 9080, 9087, "animals"
3, 63, 11, 1695, 62, 63, 9087, 9088, ","
3, 63, 12, 1696, 64, 66, 9089, 9091, "we"
3, 63, 13, 1697, 67, 75, 9092, 9100, "observed"
3, 63, 14, 1698, 76, 77, 9101, 9102, "a"
3, 63, 15, 1699, 78, 83, 9103, 9108, "fuzzy"
3, 63, 16, 1700, 84, 88, 9109, 9113, "CS56"
3, 63, 17, 1701, 88, 89, 9113, 9114, "-"
3, 63, 18, 1702, 89, 97, 9114, 9122, "positive"
3, 63, 19, 1703, 98, 102, 9123, 9127, "zone"
3, 63, 20, 1704, 103, 112, 9128, 9137, "alongside"
3, 63, 21, 1705, 113, 116, 9138, 9141, "the"
3, 63, 22, 1706, 117, 124, 9142, 9149, "buildup"
3, 63, 23, 1707, 125, 127, 9150, 9152, "of"
3, 63, 24, 1708, 128, 136, 9153, 9161, "reactive"
3, 63, 25, 1709, 137, 147, 9162, 9172, "astrocytes"
3, 63, 26, 1710, 147, 148, 9172, 9173, "."
3, 64, 1, 1711, 0, 10, 9174, 9184, "Production"
3, 64, 2, 1712, 11, 13, 9185, 9187, "of"
3, 64, 3, 1713, 14, 16, 9188, 9190, "CS"
3, 64, 4, 1714, 17, 30, 9191, 9204, "proteoglycans"
3, 64, 5, 1715, 31, 36, 9205, 9210, "could"
3, 64, 6, 1716, 37, 41, 9211, 9215, "have"
3, 64, 7, 1717, 42, 46, 9216, 9220, "been"
3, 64, 8, 1718, 47, 56, 9221, 9230, "increased"
3, 64, 9, 1719, 57, 61, 9231, 9235, "when"
3, 64, 10, 1720, 62, 72, 9236, 9246, "astrocytes"
3, 64, 11, 1721, 73, 83, 9247, 9257, "interfaced"
3, 64, 12, 1722, 84, 88, 9258, 9262, "with"
3, 64, 13, 1723, 89, 92, 9263, 9266, "SCs"
3, 64, 14, 1724, 92, 93, 9266, 9267, "."
3, 65, 1, 1725, 0, 11, 9268, 9279, "Macrophages"
3, 65, 2, 1726, 12, 16, 9280, 9284, "that"
3, 65, 3, 1727, 17, 22, 9285, 9290, "later"
3, 65, 4, 1728, 23, 34, 9291, 9302, "infiltrated"
3, 65, 5, 1729, 35, 39, 9303, 9307, "into"
3, 65, 6, 1730, 40, 43, 9308, 9311, "the"
3, 65, 7, 1731, 44, 50, 9312, 9318, "distal"
3, 65, 8, 1732, 51, 56, 9319, 9324, "graft"
3, 65, 9, 1733, 56, 57, 9324, 9325, "-"
3, 65, 10, 1734, 58, 62, 9326, 9330, "host"
3, 65, 11, 1735, 63, 72, 9331, 9340, "interface"
3, 65, 12, 1736, 73, 76, 9341, 9344, "may"
3, 65, 13, 1737, 77, 81, 9345, 9349, "well"
3, 65, 14, 1738, 82, 89, 9350, 9357, "secrete"
3, 65, 15, 1739, 90, 97, 9358, 9365, "soluble"
3, 65, 16, 1740, 98, 105, 9366, 9373, "factors"
3, 65, 17, 1741, 106, 108, 9374, 9376, "to"
3, 65, 18, 1742, 109, 116, 9377, 9384, "trigger"
3, 65, 19, 1743, 117, 127, 9385, 9395, "withdrawal"
3, 65, 20, 1744, 128, 131, 9396, 9399, "and"
3, 65, 21, 1745, 132, 137, 9400, 9405, "exile"
3, 65, 22, 1746, 138, 140, 9406, 9408, "of"
3, 65, 23, 1747, 141, 144, 9409, 9412, "the"
3, 65, 24, 1748, 145, 152, 9413, 9420, "pioneer"
3, 65, 25, 1749, 153, 163, 9421, 9431, "astrocytes"
3, 65, 26, 1750, 163, 164, 9431, 9432, "."
3, 66, 1, 1751, 0, 2, 9433, 9435, "In"
3, 66, 2, 1752, 3, 11, 9436, 9444, "addition"
3, 66, 3, 1753, 11, 12, 9444, 9445, ","
3, 66, 4, 1754, 13, 24, 9446, 9457, "macrophages"
3, 66, 5, 1755, 25, 28, 9458, 9461, "and"
3, 66, 6, 1756, 29, 44, 9462, 9477, "oligodendrocyte"
3, 66, 7, 1757, 45, 54, 9478, 9487, "precursor"
3, 66, 8, 1758, 55, 60, 9488, 9493, "cells"
3, 66, 9, 1759, 61, 65, 9494, 9498, "have"
3, 66, 10, 1760, 66, 70, 9499, 9503, "been"
3, 66, 11, 1761, 71, 79, 9504, 9512, "reported"
3, 66, 12, 1762, 80, 82, 9513, 9515, "to"
3, 66, 13, 1763, 83, 93, 9516, 9526, "contribute"
3, 66, 14, 1764, 94, 96, 9527, 9529, "CS"
3, 66, 15, 1765, 97, 110, 9530, 9543, "proteoglycans"
3, 66, 16, 1766, 111, 113, 9544, 9546, "in"
3, 66, 17, 1767, 114, 117, 9547, 9550, "the"
3, 66, 18, 1768, 118, 125, 9551, 9558, "injured"
3, 66, 19, 1769, 126, 132, 9559, 9565, "spinal"
3, 66, 20, 1770, 133, 137, 9566, 9570, "cord"
3, 66, 21, 1771, 137, 138, 9570, 9571, "."
3, 67, 1, 1772, 0, 3, 9572, 9575, "The"
3, 67, 2, 1773, 4, 12, 9576, 9584, "relative"
3, 67, 3, 1774, 13, 23, 9585, 9595, "importance"
3, 67, 4, 1775, 24, 26, 9596, 9598, "of"
3, 67, 5, 1776, 27, 30, 9599, 9602, "the"
3, 67, 6, 1777, 31, 40, 9603, 9612, "different"
3, 67, 7, 1778, 41, 45, 9613, 9617, "core"
3, 67, 8, 1779, 46, 53, 9618, 9625, "protein"
3, 67, 9, 1780, 54, 61, 9626, 9633, "domains"
3, 67, 10, 1781, 62, 65, 9634, 9637, "and"
3, 67, 11, 1782, 66, 71, 9638, 9643, "their"
3, 67, 12, 1783, 72, 74, 9644, 9646, "CS"
3, 67, 13, 1784, 75, 87, 9647, 9659, "substituents"
3, 67, 14, 1785, 88, 90, 9660, 9662, "to"
3, 67, 15, 1786, 91, 94, 9663, 9666, "the"
3, 67, 16, 1787, 95, 111, 9667, 9683, "axon-restrictive"
3, 67, 17, 1788, 112, 120, 9684, 9692, "property"
3, 67, 18, 1789, 121, 123, 9693, 9695, "of"
3, 67, 19, 1790, 124, 127, 9696, 9699, "the"
3, 67, 20, 1791, 128, 135, 9700, 9707, "gliotic"
3, 67, 21, 1792, 136, 141, 9708, 9713, "front"
3, 67, 22, 1793, 142, 149, 9714, 9721, "remains"
3, 67, 23, 1794, 150, 160, 9722, 9732, "unresolved"
3, 67, 24, 1795, 160, 161, 9732, 9733, "."
3, 68, 1, 1796, 0, 3, 9734, 9737, "Our"
3, 68, 2, 1797, 4, 11, 9738, 9745, "results"
3, 68, 3, 1798, 12, 19, 9746, 9753, "however"
3, 68, 4, 1799, 20, 24, 9754, 9758, "bear"
3, 68, 5, 1800, 25, 28, 9759, 9762, "out"
3, 68, 6, 1801, 29, 33, 9763, 9767, "that"
3, 68, 7, 1802, 34, 36, 9768, 9770, "CS"
3, 68, 8, 1803, 37, 47, 9771, 9781, "glycoforms"
3, 68, 9, 1804, 48, 56, 9782, 9790, "produced"
3, 68, 10, 1805, 57, 59, 9791, 9793, "at"
3, 68, 11, 1806, 60, 63, 9794, 9797, "the"
3, 68, 12, 1807, 64, 71, 9798, 9805, "gliotic"
3, 68, 13, 1808, 72, 77, 9806, 9811, "front"
3, 68, 14, 1809, 78, 88, 9812, 9822, "constitute"
3, 68, 15, 1810, 89, 90, 9823, 9824, "a"
3, 68, 16, 1811, 91, 100, 9825, 9834, "molecular"
3, 68, 17, 1812, 101, 111, 9835, 9845, "impediment"
3, 68, 18, 1813, 112, 114, 9846, 9848, "to"
3, 68, 19, 1814, 115, 121, 9849, 9855, "axonal"
3, 68, 20, 1815, 122, 133, 9856, 9867, "advancement"
3, 68, 21, 1816, 133, 134, 9867, 9868, "."
3, 69, 1, 1817, 0, 3, 9869, 9872, "Our"
3, 69, 2, 1818, 4, 21, 9873, 9890, "intra-parenchymal"
3, 69, 3, 1819, 22, 30, 9891, 9899, "infusion"
3, 69, 4, 1820, 31, 33, 9900, 9902, "of"
3, 69, 5, 1821, 34, 42, 9903, 9911, "ChaseABC"
3, 69, 6, 1822, 43, 47, 9912, 9916, "into"
3, 69, 7, 1823, 48, 51, 9917, 9920, "the"
3, 69, 8, 1824, 52, 58, 9921, 9927, "caudal"
3, 69, 9, 1825, 59, 63, 9928, 9932, "host"
3, 69, 10, 1826, 64, 68, 9933, 9937, "cord"
3, 69, 11, 1827, 69, 74, 9938, 9943, "close"
3, 69, 12, 1828, 75, 77, 9944, 9946, "to"
3, 69, 13, 1829, 78, 81, 9947, 9950, "the"
3, 69, 14, 1830, 82, 88, 9951, 9957, "distal"
3, 69, 15, 1831, 89, 94, 9958, 9963, "graft"
3, 69, 16, 1832, 94, 95, 9963, 9964, "-"
3, 69, 17, 1833, 96, 100, 9965, 9969, "host"
3, 69, 18, 1834, 101, 110, 9970, 9979, "interface"
3, 69, 19, 1835, 111, 123, 9980, 9992, "demonstrated"
3, 69, 20, 1836, 124, 137, 9993, 10006, "accessibility"
3, 69, 21, 1837, 138, 140, 10007, 10009, "of"
3, 69, 22, 1838, 141, 145, 10010, 10014, "CS56"
3, 69, 23, 1839, 145, 146, 10014, 10015, "-"
3, 69, 24, 1840, 146, 154, 10015, 10023, "positive"
3, 69, 25, 1841, 155, 163, 10024, 10032, "deposits"
3, 69, 26, 1842, 164, 166, 10033, 10035, "at"
3, 69, 27, 1843, 167, 170, 10036, 10039, "the"
3, 69, 28, 1844, 171, 180, 10040, 10049, "interface"
3, 69, 29, 1845, 181, 183, 10050, 10052, "to"
3, 69, 30, 1846, 184, 186, 10053, 10055, "in"
3, 69, 31, 1847, 187, 191, 10056, 10060, "vivo"
3, 69, 32, 1848, 192, 199, 10061, 10068, "actions"
3, 69, 33, 1849, 200, 202, 10069, 10071, "of"
3, 69, 34, 1850, 203, 206, 10072, 10075, "the"
3, 69, 35, 1851, 207, 213, 10076, 10082, "enzyme"
3, 69, 36, 1852, 213, 214, 10082, 10083, "."
3, 70, 1, 1853, 0, 4, 10084, 10088, "This"
3, 70, 2, 1854, 5, 20, 10089, 10104, "micro-regulated"
3, 70, 3, 1855, 21, 29, 10105, 10113, "delivery"
3, 70, 4, 1856, 30, 38, 10114, 10122, "paradigm"
3, 70, 5, 1857, 39, 49, 10123, 10133, "represents"
3, 70, 6, 1858, 50, 52, 10134, 10136, "an"
3, 70, 7, 1859, 53, 62, 10137, 10146, "effective"
3, 70, 8, 1860, 63, 74, 10147, 10158, "alternative"
3, 70, 9, 1861, 75, 77, 10159, 10161, "to"
3, 70, 10, 1862, 78, 86, 10162, 10170, "repeated"
3, 70, 11, 1863, 87, 97, 10171, 10181, "injections"
3, 70, 12, 1864, 98, 100, 10182, 10184, "or"
3, 70, 13, 1865, 101, 108, 10185, 10192, "gelfoam"
3, 70, 14, 1866, 109, 123, 10193, 10207, "administration"
3, 70, 15, 1867, 124, 126, 10208, 10210, "of"
3, 70, 16, 1868, 127, 135, 10211, 10219, "ChaseABC"
3, 70, 17, 1869, 136, 138, 10220, 10222, "to"
3, 70, 18, 1870, 139, 145, 10223, 10229, "target"
3, 70, 19, 1871, 146, 148, 10230, 10232, "CS"
3, 70, 20, 1872, 149, 159, 10233, 10243, "glycoforms"
3, 70, 21, 1873, 160, 162, 10244, 10246, "in"
3, 70, 22, 1874, 163, 166, 10247, 10250, "the"
3, 70, 23, 1875, 167, 174, 10251, 10258, "injured"
3, 70, 24, 1876, 175, 178, 10259, 10262, "CNS"
3, 70, 25, 1877, 178, 179, 10262, 10263, "."
3, 71, 1, 1878, 0, 7, 10264, 10271, "However"
3, 71, 2, 1879, 7, 8, 10271, 10272, ","
3, 71, 3, 1880, 9, 11, 10273, 10275, "we"
3, 71, 4, 1881, 12, 20, 10276, 10284, "observed"
3, 71, 5, 1882, 21, 25, 10285, 10289, "that"
3, 71, 6, 1883, 26, 29, 10290, 10293, "the"
3, 71, 7, 1884, 30, 36, 10294, 10300, "enzyme"
3, 71, 8, 1885, 37, 40, 10301, 10304, "was"
3, 71, 9, 1886, 41, 48, 10305, 10312, "limited"
3, 71, 10, 1887, 49, 51, 10313, 10315, "in"
3, 71, 11, 1888, 52, 55, 10316, 10319, "its"
3, 71, 12, 1889, 56, 62, 10320, 10326, "access"
3, 71, 13, 1890, 63, 65, 10327, 10329, "to"
3, 71, 14, 1891, 66, 70, 10330, 10334, "CS56"
3, 71, 15, 1892, 71, 79, 10335, 10343, "epitopes"
3, 71, 16, 1893, 80, 91, 10344, 10355, "contributed"
3, 71, 17, 1894, 92, 99, 10356, 10363, "largely"
3, 71, 18, 1895, 100, 102, 10364, 10366, "by"
3, 71, 19, 1896, 103, 111, 10367, 10375, "Matrigel"
3, 71, 20, 1897, 112, 114, 10376, 10378, "in"
3, 71, 21, 1898, 115, 118, 10379, 10382, "the"
3, 71, 22, 1899, 119, 124, 10383, 10388, "graft"
3, 71, 23, 1900, 125, 131, 10389, 10395, "tissue"
3, 71, 24, 1901, 131, 132, 10395, 10396, "."
3, 72, 1, 1902, 0, 12, 10397, 10409, "Nevertheless"
3, 72, 2, 1903, 12, 13, 10409, 10410, ","
3, 72, 3, 1904, 14, 23, 10411, 10420, "regrowing"
3, 72, 4, 1905, 24, 29, 10421, 10426, "axons"
3, 72, 5, 1906, 30, 34, 10427, 10431, "that"
3, 72, 6, 1907, 35, 39, 10432, 10436, "were"
3, 72, 7, 1908, 40, 50, 10437, 10447, "ensheathed"
3, 72, 8, 1909, 51, 53, 10448, 10450, "or"
3, 72, 9, 1910, 54, 64, 10451, 10461, "myelinated"
3, 72, 10, 1911, 65, 67, 10462, 10464, "by"
3, 72, 11, 1912, 68, 71, 10465, 10468, "the"
3, 72, 12, 1913, 72, 79, 10469, 10476, "grafted"
3, 72, 13, 1914, 80, 83, 10477, 10480, "SCs"
3, 72, 14, 1915, 84, 88, 10481, 10485, "made"
3, 72, 15, 1916, 89, 92, 10486, 10489, "the"
3, 72, 16, 1917, 93, 96, 10490, 10493, "way"
3, 72, 17, 1918, 97, 104, 10494, 10501, "through"
3, 72, 18, 1919, 105, 108, 10502, 10505, "the"
3, 72, 19, 1920, 109, 111, 10506, 10508, "CS"
3, 72, 20, 1921, 111, 112, 10508, 10509, "-"
3, 72, 21, 1922, 113, 121, 10510, 10518, "enriched"
3, 72, 22, 1923, 122, 127, 10519, 10524, "graft"
3, 72, 23, 1924, 128, 139, 10525, 10536, "environment"
3, 72, 24, 1925, 139, 140, 10536, 10537, "."
3, 73, 1, 1926, 0, 2, 10538, 10540, "We"
3, 73, 2, 1927, 3, 11, 10541, 10549, "reasoned"
3, 73, 3, 1928, 12, 16, 10550, 10554, "that"
3, 73, 4, 1929, 17, 26, 10555, 10564, "regrowing"
3, 73, 5, 1930, 27, 32, 10565, 10570, "axons"
3, 73, 6, 1931, 33, 37, 10571, 10575, "that"
3, 73, 7, 1932, 38, 45, 10576, 10583, "skirted"
3, 73, 8, 1933, 46, 49, 10584, 10587, "the"
3, 73, 9, 1934, 50, 52, 10588, 10590, "CS"
3, 73, 10, 1935, 53, 60, 10591, 10598, "barrier"
3, 73, 11, 1936, 61, 63, 10599, 10601, "in"
3, 73, 12, 1937, 64, 67, 10602, 10605, "our"
3, 73, 13, 1938, 68, 82, 10606, 10620, "vehicleinfused"
3, 73, 14, 1939, 83, 90, 10621, 10628, "animals"
3, 73, 15, 1940, 91, 95, 10629, 10633, "were"
3, 73, 16, 1941, 96, 109, 10634, 10647, "unaccompanied"
3, 73, 17, 1942, 110, 112, 10648, 10650, "by"
3, 73, 18, 1943, 113, 116, 10651, 10654, "SCs"
3, 73, 19, 1944, 117, 119, 10655, 10657, "as"
3, 73, 20, 1945, 120, 124, 10658, 10662, "they"
3, 73, 21, 1946, 125, 135, 10663, 10673, "negotiated"
3, 73, 22, 1947, 136, 139, 10674, 10677, "the"
3, 73, 23, 1948, 140, 142, 10678, 10680, "CS"
3, 73, 24, 1949, 143, 150, 10681, 10688, "barrier"
3, 73, 25, 1950, 151, 153, 10689, 10691, "at"
3, 73, 26, 1951, 154, 157, 10692, 10695, "the"
3, 73, 27, 1952, 158, 164, 10696, 10702, "distal"
3, 73, 28, 1953, 165, 170, 10703, 10708, "graft"
3, 73, 29, 1954, 170, 171, 10708, 10709, "-"
3, 73, 30, 1955, 172, 176, 10710, 10714, "host"
3, 73, 31, 1956, 177, 186, 10715, 10724, "interface"
3, 73, 32, 1957, 186, 187, 10724, 10725, "."
3, 74, 1, 1958, 0, 3, 10726, 10729, "Our"
3, 74, 2, 1959, 4, 16, 10730, 10742, "observations"
3, 74, 3, 1960, 17, 19, 10743, 10745, "of"
3, 74, 4, 1961, 20, 31, 10746, 10757, "BDA-labeled"
3, 74, 5, 1962, 32, 41, 10758, 10767, "regrowing"
3, 74, 6, 1963, 42, 47, 10768, 10773, "axons"
3, 74, 7, 1964, 48, 50, 10774, 10776, "in"
3, 74, 8, 1965, 51, 54, 10777, 10780, "the"
3, 74, 9, 1966, 55, 61, 10781, 10787, "caudal"
3, 74, 10, 1967, 62, 66, 10788, 10792, "host"
3, 74, 11, 1968, 67, 71, 10793, 10797, "cord"
3, 74, 12, 1969, 72, 81, 10798, 10807, "indicated"
3, 74, 13, 1970, 82, 86, 10808, 10812, "that"
3, 74, 14, 1971, 87, 96, 10813, 10822, "regrowing"
3, 74, 15, 1972, 97, 102, 10823, 10828, "axons"
3, 74, 16, 1973, 103, 108, 10829, 10834, "could"
3, 74, 17, 1974, 109, 116, 10835, 10842, "advance"
3, 74, 18, 1975, 117, 124, 10843, 10850, "through"
3, 74, 19, 1976, 125, 135, 10851, 10861, "diminished"
3, 74, 20, 1977, 136, 143, 10862, 10869, "barrier"
3, 74, 21, 1978, 144, 151, 10870, 10877, "effects"
3, 74, 22, 1979, 152, 154, 10878, 10880, "at"
3, 74, 23, 1980, 155, 158, 10881, 10884, "the"
3, 74, 24, 1981, 159, 168, 10885, 10894, "interface"
3, 74, 25, 1982, 169, 171, 10895, 10897, "as"
3, 74, 26, 1983, 172, 173, 10898, 10899, "a"
3, 74, 27, 1984, 174, 180, 10900, 10906, "result"
3, 74, 28, 1985, 181, 183, 10907, 10909, "of"
3, 74, 29, 1986, 184, 192, 10910, 10918, "ChaseABC"
3, 74, 30, 1987, 193, 202, 10919, 10928, "treatment"
3, 74, 31, 1988, 202, 203, 10928, 10929, "."
3, 75, 1, 1989, 0, 3, 10930, 10933, "The"
3, 75, 2, 1990, 4, 14, 10934, 10944, "diminished"
3, 75, 3, 1991, 15, 17, 10945, 10947, "CS"
3, 75, 4, 1992, 18, 25, 10948, 10955, "barrier"
3, 75, 5, 1993, 26, 28, 10956, 10958, "at"
3, 75, 6, 1994, 29, 32, 10959, 10962, "the"
3, 75, 7, 1995, 33, 40, 10963, 10970, "gliotic"
3, 75, 8, 1996, 41, 46, 10971, 10976, "front"
3, 75, 9, 1997, 47, 49, 10977, 10979, "of"
3, 75, 10, 1998, 50, 66, 10980, 10996, "ChaseABC-infused"
3, 75, 11, 1999, 67, 74, 10997, 11004, "animals"
3, 75, 12, 2000, 75, 85, 11005, 11015, "apparently"
3, 75, 13, 2001, 86, 95, 11016, 11025, "supported"
3, 75, 14, 2002, 96, 105, 11026, 11035, "astrocyte"
3, 75, 15, 2003, 106, 111, 11036, 11041, "entry"
3, 75, 16, 2004, 112, 116, 11042, 11046, "into"
3, 75, 17, 2005, 117, 120, 11047, 11050, "the"
3, 75, 18, 2006, 121, 126, 11051, 11056, "graft"
3, 75, 19, 2007, 127, 130, 11057, 11060, "and"
3, 75, 20, 2008, 131, 141, 11061, 11071, "macrophage"
3, 75, 21, 2009, 142, 151, 11072, 11081, "dispersal"
3, 75, 22, 2010, 152, 156, 11082, 11086, "from"
3, 75, 23, 2011, 157, 160, 11087, 11090, "the"
3, 75, 24, 2012, 161, 167, 11091, 11097, "distal"
3, 75, 25, 2013, 168, 178, 11098, 11108, "graft-host"
3, 75, 26, 2014, 179, 188, 11109, 11118, "interface"
3, 75, 27, 2015, 188, 189, 11118, 11119, "."
3, 76, 1, 2016, 0, 3, 11120, 11123, "Our"
3, 76, 2, 2017, 4, 11, 11124, 11131, "results"
3, 76, 3, 2018, 12, 19, 11132, 11139, "further"
3, 76, 4, 2019, 20, 29, 11140, 11149, "suggested"
3, 76, 5, 2020, 30, 34, 11150, 11154, "that"
3, 76, 6, 2021, 35, 44, 11155, 11164, "astrocyte"
3, 76, 7, 2022, 45, 50, 11165, 11170, "entry"
3, 76, 8, 2023, 51, 55, 11171, 11175, "into"
3, 76, 9, 2024, 56, 59, 11176, 11179, "the"
3, 76, 10, 2025, 60, 72, 11180, 11192, "regenerating"
3, 76, 11, 2026, 73, 79, 11193, 11199, "tissue"
3, 76, 12, 2027, 80, 85, 11200, 11205, "cable"
3, 76, 13, 2028, 86, 95, 11206, 11215, "supported"
3, 76, 14, 2029, 96, 108, 11216, 11228, "preservation"
3, 76, 15, 2030, 109, 111, 11229, 11231, "of"
3, 76, 16, 2031, 112, 125, 11232, 11245, "SC-myelinated"
3, 76, 17, 2032, 126, 131, 11246, 11251, "axons"
3, 76, 18, 2033, 132, 135, 11252, 11255, "and"
3, 76, 19, 2034, 136, 146, 11256, 11266, "fascicular"
3, 76, 20, 2035, 147, 159, 11267, 11279, "organization"
3, 76, 21, 2036, 160, 162, 11280, 11282, "of"
3, 76, 22, 2037, 163, 166, 11283, 11286, "the"
3, 76, 23, 2038, 167, 172, 11287, 11292, "cable"
3, 76, 24, 2039, 172, 173, 11292, 11293, "."
3, 77, 1, 2040, 0, 3, 11294, 11297, "The"
3, 77, 2, 2041, 4, 13, 11298, 11307, "dispersal"
3, 77, 3, 2042, 14, 16, 11308, 11310, "of"
3, 77, 4, 2043, 17, 20, 11311, 11314, "ED1"
3, 77, 5, 2044, 20, 21, 11314, 11315, "-"
3, 77, 6, 2045, 21, 35, 11315, 11329, "immunopositive"
3, 77, 7, 2046, 36, 41, 11330, 11335, "cells"
3, 77, 8, 2047, 42, 44, 11336, 11338, "at"
3, 77, 9, 2048, 45, 48, 11339, 11342, "the"
3, 77, 10, 2049, 49, 55, 11343, 11349, "distal"
3, 77, 11, 2050, 56, 61, 11350, 11355, "graft"
3, 77, 12, 2051, 61, 62, 11355, 11356, "-"
3, 77, 13, 2052, 63, 67, 11357, 11361, "host"
3, 77, 14, 2053, 68, 77, 11362, 11371, "interface"
3, 77, 15, 2054, 77, 78, 11371, 11372, ","
3, 77, 16, 2055, 79, 81, 11373, 11375, "in"
3, 77, 17, 2056, 82, 93, 11376, 11387, "correlation"
3, 77, 18, 2057, 94, 98, 11388, 11392, "with"
3, 77, 19, 2058, 99, 102, 11393, 11396, "the"
3, 77, 20, 2059, 103, 112, 11397, 11406, "decreased"
3, 77, 21, 2060, 113, 119, 11407, 11413, "extent"
3, 77, 22, 2061, 120, 122, 11414, 11416, "of"
3, 77, 23, 2062, 123, 133, 11417, 11427, "cavitation"
3, 77, 24, 2063, 133, 134, 11427, 11428, ","
3, 77, 25, 2064, 135, 143, 11429, 11437, "suggests"
3, 77, 26, 2065, 144, 151, 11438, 11445, "subdued"
3, 77, 27, 2066, 152, 161, 11446, 11455, "secondary"
3, 77, 28, 2067, 162, 168, 11456, 11462, "injury"
3, 77, 29, 2068, 169, 171, 11463, 11465, "on"
3, 77, 30, 2069, 172, 181, 11466, 11475, "regrowing"
3, 77, 31, 2070, 182, 187, 11476, 11481, "axons"
3, 77, 32, 2071, 188, 192, 11482, 11486, "that"
3, 77, 33, 2072, 193, 203, 11487, 11497, "approached"
3, 77, 34, 2073, 204, 207, 11498, 11501, "and"
3, 77, 35, 2074, 208, 215, 11502, 11509, "crossed"
3, 77, 36, 2075, 216, 219, 11510, 11513, "the"
3, 77, 37, 2076, 220, 229, 11514, 11523, "interface"
3, 77, 38, 2077, 229, 230, 11523, 11524, "."
3, 78, 1, 2078, 0, 2, 11525, 11527, "We"
3, 78, 2, 2079, 3, 9, 11528, 11534, "expect"
3, 78, 3, 2080, 10, 17, 11535, 11542, "growing"
3, 78, 4, 2081, 18, 22, 11543, 11547, "ends"
3, 78, 5, 2082, 23, 25, 11548, 11550, "of"
3, 78, 6, 2083, 26, 35, 11551, 11560, "ascending"
3, 78, 7, 2084, 36, 42, 11561, 11567, "fibers"
3, 78, 8, 2085, 43, 47, 11568, 11572, "that"
3, 78, 9, 2086, 48, 53, 11573, 11578, "reach"
3, 78, 10, 2087, 54, 57, 11579, 11582, "the"
3, 78, 11, 2088, 58, 67, 11583, 11592, "interface"
3, 78, 12, 2089, 68, 77, 11593, 11602, "following"
3, 78, 13, 2090, 78, 87, 11603, 11612, "digestive"
3, 78, 14, 2091, 88, 95, 11613, 11620, "removal"
3, 78, 15, 2092, 96, 98, 11621, 11623, "of"
3, 78, 16, 2093, 99, 102, 11624, 11627, "the"
3, 78, 17, 2094, 103, 105, 11628, 11630, "CS"
3, 78, 18, 2095, 106, 113, 11631, 11638, "barrier"
3, 78, 19, 2096, 114, 117, 11639, 11642, "can"
3, 78, 20, 2097, 118, 122, 11643, 11647, "also"
3, 78, 21, 2098, 123, 128, 11648, 11653, "cross"
3, 78, 22, 2099, 129, 132, 11654, 11657, "the"
3, 78, 23, 2100, 133, 139, 11658, 11664, "distal"
3, 78, 24, 2101, 140, 149, 11665, 11674, "interface"
3, 78, 25, 2102, 150, 154, 11675, 11679, "into"
3, 78, 26, 2103, 155, 158, 11680, 11683, "the"
3, 78, 27, 2104, 159, 169, 11684, 11694, "transplant"
3, 78, 28, 2105, 170, 173, 11695, 11698, "and"
3, 78, 29, 2106, 174, 178, 11699, 11703, "thus"
3, 78, 30, 2107, 179, 189, 11704, 11714, "contribute"
3, 78, 31, 2108, 190, 192, 11715, 11717, "to"
3, 78, 32, 2109, 193, 196, 11718, 11721, "the"
3, 78, 33, 2110, 197, 204, 11722, 11729, "changed"
3, 78, 34, 2111, 205, 211, 11730, 11736, "tissue"
3, 78, 35, 2112, 212, 224, 11737, 11749, "organization"
3, 78, 36, 2113, 225, 227, 11750, 11752, "at"
3, 78, 37, 2114, 228, 232, 11753, 11757, "both"
3, 78, 38, 2115, 233, 236, 11758, 11761, "the"
3, 78, 39, 2116, 237, 246, 11762, 11771, "interface"
3, 78, 40, 2117, 247, 250, 11772, 11775, "and"
3, 78, 41, 2118, 251, 254, 11776, 11779, "the"
3, 78, 42, 2119, 255, 267, 11780, 11792, "regenerating"
3, 78, 43, 2120, 268, 274, 11793, 11799, "tissue"
3, 78, 44, 2121, 275, 280, 11800, 11805, "cable"
3, 78, 45, 2122, 280, 281, 11805, 11806, "."
3, 79, 1, 2123, 0, 10, 11807, 11817, "Altogether"
3, 79, 2, 2124, 10, 11, 11817, 11818, ","
3, 79, 3, 2125, 12, 20, 11819, 11827, "ChaseABC"
3, 79, 4, 2126, 21, 29, 11828, 11836, "infusion"
3, 79, 5, 2127, 30, 34, 11837, 11841, "into"
3, 79, 6, 2128, 35, 38, 11842, 11845, "the"
3, 79, 7, 2129, 39, 45, 11846, 11852, "distal"
3, 79, 8, 2130, 46, 55, 11853, 11862, "grafthost"
3, 79, 9, 2131, 56, 65, 11863, 11872, "interface"
3, 79, 10, 2132, 66, 74, 11873, 11881, "promises"
3, 79, 11, 2133, 75, 77, 11882, 11884, "to"
3, 79, 12, 2134, 78, 85, 11885, 11892, "advance"
3, 79, 13, 2135, 86, 95, 11893, 11902, "prospects"
3, 79, 14, 2136, 96, 98, 11903, 11905, "of"
3, 79, 15, 2137, 99, 102, 11906, 11909, "the"
3, 79, 16, 2138, 103, 114, 11910, 11921, "therapeutic"
3, 79, 17, 2139, 115, 118, 11922, 11925, "use"
3, 79, 18, 2140, 119, 121, 11926, 11928, "of"
3, 79, 19, 2141, 122, 131, 11929, 11938, "SC-seeded"
3, 79, 20, 2142, 132, 140, 11939, 11947, "guidance"
3, 79, 21, 2143, 141, 149, 11948, 11956, "channels"
3, 79, 22, 2144, 150, 152, 11957, 11959, "in"
3, 79, 23, 2145, 153, 161, 11960, 11968, "bridging"
3, 79, 24, 2146, 162, 168, 11969, 11975, "axonal"
3, 79, 25, 2147, 169, 177, 11976, 11984, "regrowth"
3, 79, 26, 2148, 178, 184, 11985, 11991, "across"
3, 79, 27, 2149, 185, 188, 11992, 11995, "the"
3, 79, 28, 2150, 189, 193, 11996, 12000, "site"
3, 79, 29, 2151, 194, 196, 12001, 12003, "of"
3, 79, 30, 2152, 197, 206, 12004, 12013, "traumatic"
3, 79, 31, 2153, 207, 213, 12014, 12020, "injury"
3, 79, 32, 2154, 214, 216, 12021, 12023, "in"
3, 79, 33, 2155, 217, 220, 12024, 12027, "the"
3, 79, 34, 2156, 221, 227, 12028, 12034, "spinal"
3, 79, 35, 2157, 228, 232, 12035, 12039, "cord"
3, 79, 36, 2158, 232, 233, 12039, 12040, "."
