[
  {
    "docID": "N002 Takeuchi, Yoshioka, N.a  b  c  d et al. 2013",
    "et": "Thoracic",
    "off": 31981,
    "sff": "thoracic"
  },
  {
    "docID": "N002 Takeuchi, Yoshioka, N.a  b  c  d et al. 2013",
    "et": "Thoracic",
    "off": 35565,
    "sff": "thoracic"
  },
  {
    "docID": "N002 Takeuchi, Yoshioka, N.a  b  c  d et al. 2013",
    "et": "SpinalSubduralArea",
    "off": 43135,
    "sff": "spinal"
  },
  {
    "docID": "N002 Takeuchi, Yoshioka, N.a  b  c  d et al. 2013",
    "et": "SpinalSubduralArea",
    "off": 42429,
    "sff": "spinal"
  },
  {
    "docID": "N002 Takeuchi, Yoshioka, N.a  b  c  d et al. 2013",
    "et": "SpinalSubduralArea",
    "off": 1668,
    "sff": "spinal"
  },
  {
    "docID": "N002 Takeuchi, Yoshioka, N.a  b  c  d et al. 2013",
    "et": "SpinalSubduralArea",
    "off": 23426,
    "sff": "spinal"
  },
  {
    "docID": "N002 Takeuchi, Yoshioka, N.a  b  c  d et al. 2013",
    "et": "SpinalSubduralArea",
    "off": 46647,
    "sff": "spinal"
  },
  {
    "docID": "N002 Takeuchi, Yoshioka, N.a  b  c  d et al. 2013",
    "et": "SpinalSubduralArea",
    "off": 48186,
    "sff": "spinal"
  },
  {
    "docID": "N002 Takeuchi, Yoshioka, N.a  b  c  d et al. 2013",
    "et": "SpinalSubduralArea",
    "off": 41915,
    "sff": "spinal"
  },
  {
    "docID": "N002 Takeuchi, Yoshioka, N.a  b  c  d et al. 2013",
    "et": "SpinalSubduralArea",
    "off": 49592,
    "sff": "spinal"
  },
  {
    "docID": "N002 Takeuchi, Yoshioka, N.a  b  c  d et al. 2013",
    "et": "SpinalSubduralArea",
    "off": 48590,
    "sff": "spinal"
  },
  {
    "docID": "N002 Takeuchi, Yoshioka, N.a  b  c  d et al. 2013",
    "et": "SpinalSubduralArea",
    "off": 7506,
    "sff": "spinal"
  },
  {
    "docID": "N002 Takeuchi, Yoshioka, N.a  b  c  d et al. 2013",
    "et": "SpinalSubduralArea",
    "off": 9426,
    "sff": "spinal"
  },
  {
    "docID": "N002 Takeuchi, Yoshioka, N.a  b  c  d et al. 2013",
    "et": "SpinalSubduralArea",
    "off": 43601,
    "sff": "spinal"
  },
  {
    "docID": "N002 Takeuchi, Yoshioka, N.a  b  c  d et al. 2013",
    "et": "SpinalSubduralArea",
    "off": 36371,
    "sff": "Spinal"
  },
  {
    "docID": "N002 Takeuchi, Yoshioka, N.a  b  c  d et al. 2013",
    "et": "SpinalSubduralArea",
    "off": 46854,
    "sff": "spinal"
  },
  {
    "docID": "N002 Takeuchi, Yoshioka, N.a  b  c  d et al. 2013",
    "et": "SpinalSubduralArea",
    "off": 1029,
    "sff": "spinal"
  },
  {
    "docID": "N002 Takeuchi, Yoshioka, N.a  b  c  d et al. 2013",
    "et": "SpinalSubduralArea",
    "off": 40972,
    "sff": "spinal"
  },
  {
    "docID": "N002 Takeuchi, Yoshioka, N.a  b  c  d et al. 2013",
    "et": "SpinalSubduralArea",
    "off": 43276,
    "sff": "spinal"
  },
  {
    "docID": "N002 Takeuchi, Yoshioka, N.a  b  c  d et al. 2013",
    "et": "SpinalSubduralArea",
    "off": 1482,
    "sff": "spinal"
  },
  {
    "docID": "N002 Takeuchi, Yoshioka, N.a  b  c  d et al. 2013",
    "et": "SpinalSubduralArea",
    "off": 48356,
    "sff": "spinal"
  },
  {
    "docID": "N002 Takeuchi, Yoshioka, N.a  b  c  d et al. 2013",
    "et": "SpinalSubduralArea",
    "off": 37860,
    "sff": "spinal"
  },
  {
    "docID": "N002 Takeuchi, Yoshioka, N.a  b  c  d et al. 2013",
    "et": "SpinalSubduralArea",
    "off": 45974,
    "sff": "spinal"
  },
  {
    "docID": "N002 Takeuchi, Yoshioka, N.a  b  c  d et al. 2013",
    "et": "SpinalSubduralArea",
    "off": 8602,
    "sff": "spinal"
  },
  {
    "docID": "N002 Takeuchi, Yoshioka, N.a  b  c  d et al. 2013",
    "et": "SpinalSubduralArea",
    "off": 40431,
    "sff": "spinal"
  },
  {
    "docID": "N002 Takeuchi, Yoshioka, N.a  b  c  d et al. 2013",
    "et": "SpinalSubduralArea",
    "off": 49972,
    "sff": "spinal"
  },
  {
    "docID": "N002 Takeuchi, Yoshioka, N.a  b  c  d et al. 2013",
    "et": "SpinalSubduralArea",
    "off": 42612,
    "sff": "spinal"
  },
  {
    "docID": "N002 Takeuchi, Yoshioka, N.a  b  c  d et al. 2013",
    "et": "SpinalSubduralArea",
    "off": 37735,
    "sff": "spinal"
  },
  {
    "docID": "N002 Takeuchi, Yoshioka, N.a  b  c  d et al. 2013",
    "et": "SpinalSubduralArea",
    "off": 48747,
    "sff": "spinal"
  },
  {
    "docID": "N002 Takeuchi, Yoshioka, N.a  b  c  d et al. 2013",
    "et": "SpinalSubduralArea",
    "off": 21612,
    "sff": "spinal"
  },
  {
    "docID": "N002 Takeuchi, Yoshioka, N.a  b  c  d et al. 2013",
    "et": "SpinalSubduralArea",
    "off": 18283,
    "sff": "spinal"
  },
  {
    "docID": "N002 Takeuchi, Yoshioka, N.a  b  c  d et al. 2013",
    "et": "Brain",
    "off": 43155,
    "sff": "Brain"
  },
  {
    "docID": "N002 Takeuchi, Yoshioka, N.a  b  c  d et al. 2013",
    "et": "Brain",
    "off": 47928,
    "sff": "brain"
  },
  {
    "docID": "N002 Takeuchi, Yoshioka, N.a  b  c  d et al. 2013",
    "et": "Brain",
    "off": 50260,
    "sff": "brain"
  },
  {
    "docID": "N002 Takeuchi, Yoshioka, N.a  b  c  d et al. 2013",
    "et": "Brain",
    "off": 40805,
    "sff": "brain"
  },
  {
    "docID": "N002 Takeuchi, Yoshioka, N.a  b  c  d et al. 2013",
    "et": "Brain",
    "off": 47947,
    "sff": "Brain"
  },
  {
    "docID": "N002 Takeuchi, Yoshioka, N.a  b  c  d et al. 2013",
    "et": "Brain",
    "off": 47963,
    "sff": "Brain"
  },
  {
    "docID": "N002 Takeuchi, Yoshioka, N.a  b  c  d et al. 2013",
    "et": "Brain",
    "off": 50691,
    "sff": "brain"
  },
  {
    "docID": "N002 Takeuchi, Yoshioka, N.a  b  c  d et al. 2013",
    "et": "Brain",
    "off": 44672,
    "sff": "brain"
  },
  {
    "docID": "N002 Takeuchi, Yoshioka, N.a  b  c  d et al. 2013",
    "et": "Brain",
    "off": 47585,
    "sff": "brain"
  },
  {
    "docID": "N002 Takeuchi, Yoshioka, N.a  b  c  d et al. 2013",
    "et": "SpinalWhiteMatter",
    "off": 48186,
    "sff": "spinal"
  },
  {
    "docID": "N002 Takeuchi, Yoshioka, N.a  b  c  d et al. 2013",
    "et": "SpinalWhiteMatter",
    "off": 41915,
    "sff": "spinal"
  },
  {
    "docID": "N002 Takeuchi, Yoshioka, N.a  b  c  d et al. 2013",
    "et": "SpinalWhiteMatter",
    "off": 49592,
    "sff": "spinal"
  },
  {
    "docID": "N002 Takeuchi, Yoshioka, N.a  b  c  d et al. 2013",
    "et": "SpinalWhiteMatter",
    "off": 46647,
    "sff": "spinal"
  },
  {
    "docID": "N002 Takeuchi, Yoshioka, N.a  b  c  d et al. 2013",
    "et": "SpinalWhiteMatter",
    "off": 42612,
    "sff": "spinal"
  },
  {
    "docID": "N002 Takeuchi, Yoshioka, N.a  b  c  d et al. 2013",
    "et": "SpinalWhiteMatter",
    "off": 49972,
    "sff": "spinal"
  },
  {
    "docID": "N002 Takeuchi, Yoshioka, N.a  b  c  d et al. 2013",
    "et": "SpinalWhiteMatter",
    "off": 40431,
    "sff": "spinal"
  },
  {
    "docID": "N002 Takeuchi, Yoshioka, N.a  b  c  d et al. 2013",
    "et": "SpinalWhiteMatter",
    "off": 21612,
    "sff": "spinal"
  },
  {
    "docID": "N002 Takeuchi, Yoshioka, N.a  b  c  d et al. 2013",
    "et": "SpinalWhiteMatter",
    "off": 1482,
    "sff": "spinal"
  },
  {
    "docID": "N002 Takeuchi, Yoshioka, N.a  b  c  d et al. 2013",
    "et": "SpinalWhiteMatter",
    "off": 1029,
    "sff": "spinal"
  },
  {
    "docID": "N002 Takeuchi, Yoshioka, N.a  b  c  d et al. 2013",
    "et": "SpinalWhiteMatter",
    "off": 46854,
    "sff": "spinal"
  },
  {
    "docID": "N002 Takeuchi, Yoshioka, N.a  b  c  d et al. 2013",
    "et": "SpinalWhiteMatter",
    "off": 1668,
    "sff": "spinal"
  },
  {
    "docID": "N002 Takeuchi, Yoshioka, N.a  b  c  d et al. 2013",
    "et": "SpinalWhiteMatter",
    "off": 23426,
    "sff": "spinal"
  },
  {
    "docID": "N002 Takeuchi, Yoshioka, N.a  b  c  d et al. 2013",
    "et": "SpinalWhiteMatter",
    "off": 43135,
    "sff": "spinal"
  },
  {
    "docID": "N002 Takeuchi, Yoshioka, N.a  b  c  d et al. 2013",
    "et": "SpinalWhiteMatter",
    "off": 33361,
    "sff": "white"
  },
  {
    "docID": "N002 Takeuchi, Yoshioka, N.a  b  c  d et al. 2013",
    "et": "SpinalWhiteMatter",
    "off": 42429,
    "sff": "spinal"
  },
  {
    "docID": "N002 Takeuchi, Yoshioka, N.a  b  c  d et al. 2013",
    "et": "SpinalWhiteMatter",
    "off": 8602,
    "sff": "spinal"
  },
  {
    "docID": "N002 Takeuchi, Yoshioka, N.a  b  c  d et al. 2013",
    "et": "SpinalWhiteMatter",
    "off": 45974,
    "sff": "spinal"
  },
  {
    "docID": "N002 Takeuchi, Yoshioka, N.a  b  c  d et al. 2013",
    "et": "SpinalWhiteMatter",
    "off": 7506,
    "sff": "spinal"
  },
  {
    "docID": "N002 Takeuchi, Yoshioka, N.a  b  c  d et al. 2013",
    "et": "SpinalWhiteMatter",
    "off": 9426,
    "sff": "spinal"
  },
  {
    "docID": "N002 Takeuchi, Yoshioka, N.a  b  c  d et al. 2013",
    "et": "SpinalWhiteMatter",
    "off": 43601,
    "sff": "spinal"
  },
  {
    "docID": "N002 Takeuchi, Yoshioka, N.a  b  c  d et al. 2013",
    "et": "SpinalWhiteMatter",
    "off": 48590,
    "sff": "spinal"
  },
  {
    "docID": "N002 Takeuchi, Yoshioka, N.a  b  c  d et al. 2013",
    "et": "SpinalWhiteMatter",
    "off": 6722,
    "sff": "white"
  },
  {
    "docID": "N002 Takeuchi, Yoshioka, N.a  b  c  d et al. 2013",
    "et": "SpinalWhiteMatter",
    "off": 40972,
    "sff": "spinal"
  },
  {
    "docID": "N002 Takeuchi, Yoshioka, N.a  b  c  d et al. 2013",
    "et": "SpinalWhiteMatter",
    "off": 43276,
    "sff": "spinal"
  },
  {
    "docID": "N002 Takeuchi, Yoshioka, N.a  b  c  d et al. 2013",
    "et": "SpinalWhiteMatter",
    "off": 36371,
    "sff": "Spinal"
  },
  {
    "docID": "N002 Takeuchi, Yoshioka, N.a  b  c  d et al. 2013",
    "et": "SpinalWhiteMatter",
    "off": 48747,
    "sff": "spinal"
  },
  {
    "docID": "N002 Takeuchi, Yoshioka, N.a  b  c  d et al. 2013",
    "et": "SpinalWhiteMatter",
    "off": 18283,
    "sff": "spinal"
  },
  {
    "docID": "N002 Takeuchi, Yoshioka, N.a  b  c  d et al. 2013",
    "et": "SpinalWhiteMatter",
    "off": 37735,
    "sff": "spinal"
  },
  {
    "docID": "N002 Takeuchi, Yoshioka, N.a  b  c  d et al. 2013",
    "et": "SpinalWhiteMatter",
    "off": 37860,
    "sff": "spinal"
  },
  {
    "docID": "N002 Takeuchi, Yoshioka, N.a  b  c  d et al. 2013",
    "et": "SpinalWhiteMatter",
    "off": 48356,
    "sff": "spinal"
  },
  {
    "docID": "N002 Takeuchi, Yoshioka, N.a  b  c  d et al. 2013",
    "et": "SpinalWhiteMatter",
    "off": 7096,
    "sff": "white"
  },
  {
    "docID": "N002 Takeuchi, Yoshioka, N.a  b  c  d et al. 2013",
    "et": "SpinalFiberTract",
    "off": 18283,
    "sff": "spinal"
  },
  {
    "docID": "N002 Takeuchi, Yoshioka, N.a  b  c  d et al. 2013",
    "et": "SpinalFiberTract",
    "off": 48747,
    "sff": "spinal"
  },
  {
    "docID": "N002 Takeuchi, Yoshioka, N.a  b  c  d et al. 2013",
    "et": "SpinalFiberTract",
    "off": 37735,
    "sff": "spinal"
  },
  {
    "docID": "N002 Takeuchi, Yoshioka, N.a  b  c  d et al. 2013",
    "et": "SpinalFiberTract",
    "off": 37860,
    "sff": "spinal"
  },
  {
    "docID": "N002 Takeuchi, Yoshioka, N.a  b  c  d et al. 2013",
    "et": "SpinalFiberTract",
    "off": 48356,
    "sff": "spinal"
  },
  {
    "docID": "N002 Takeuchi, Yoshioka, N.a  b  c  d et al. 2013",
    "et": "SpinalFiberTract",
    "off": 40431,
    "sff": "spinal"
  },
  {
    "docID": "N002 Takeuchi, Yoshioka, N.a  b  c  d et al. 2013",
    "et": "SpinalFiberTract",
    "off": 21612,
    "sff": "spinal"
  },
  {
    "docID": "N002 Takeuchi, Yoshioka, N.a  b  c  d et al. 2013",
    "et": "SpinalFiberTract",
    "off": 48186,
    "sff": "spinal"
  },
  {
    "docID": "N002 Takeuchi, Yoshioka, N.a  b  c  d et al. 2013",
    "et": "SpinalFiberTract",
    "off": 41915,
    "sff": "spinal"
  },
  {
    "docID": "N002 Takeuchi, Yoshioka, N.a  b  c  d et al. 2013",
    "et": "SpinalFiberTract",
    "off": 49592,
    "sff": "spinal"
  },
  {
    "docID": "N002 Takeuchi, Yoshioka, N.a  b  c  d et al. 2013",
    "et": "SpinalFiberTract",
    "off": 46647,
    "sff": "spinal"
  },
  {
    "docID": "N002 Takeuchi, Yoshioka, N.a  b  c  d et al. 2013",
    "et": "SpinalFiberTract",
    "off": 42612,
    "sff": "spinal"
  },
  {
    "docID": "N002 Takeuchi, Yoshioka, N.a  b  c  d et al. 2013",
    "et": "SpinalFiberTract",
    "off": 49972,
    "sff": "spinal"
  },
  {
    "docID": "N002 Takeuchi, Yoshioka, N.a  b  c  d et al. 2013",
    "et": "SpinalFiberTract",
    "off": 23426,
    "sff": "spinal"
  },
  {
    "docID": "N002 Takeuchi, Yoshioka, N.a  b  c  d et al. 2013",
    "et": "SpinalFiberTract",
    "off": 43135,
    "sff": "spinal"
  },
  {
    "docID": "N002 Takeuchi, Yoshioka, N.a  b  c  d et al. 2013",
    "et": "SpinalFiberTract",
    "off": 42429,
    "sff": "spinal"
  },
  {
    "docID": "N002 Takeuchi, Yoshioka, N.a  b  c  d et al. 2013",
    "et": "SpinalFiberTract",
    "off": 1482,
    "sff": "spinal"
  },
  {
    "docID": "N002 Takeuchi, Yoshioka, N.a  b  c  d et al. 2013",
    "et": "SpinalFiberTract",
    "off": 1029,
    "sff": "spinal"
  },
  {
    "docID": "N002 Takeuchi, Yoshioka, N.a  b  c  d et al. 2013",
    "et": "SpinalFiberTract",
    "off": 46854,
    "sff": "spinal"
  },
  {
    "docID": "N002 Takeuchi, Yoshioka, N.a  b  c  d et al. 2013",
    "et": "SpinalFiberTract",
    "off": 1668,
    "sff": "spinal"
  },
  {
    "docID": "N002 Takeuchi, Yoshioka, N.a  b  c  d et al. 2013",
    "et": "SpinalFiberTract",
    "off": 7506,
    "sff": "spinal"
  },
  {
    "docID": "N002 Takeuchi, Yoshioka, N.a  b  c  d et al. 2013",
    "et": "SpinalFiberTract",
    "off": 9426,
    "sff": "spinal"
  },
  {
    "docID": "N002 Takeuchi, Yoshioka, N.a  b  c  d et al. 2013",
    "et": "SpinalFiberTract",
    "off": 43601,
    "sff": "spinal"
  },
  {
    "docID": "N002 Takeuchi, Yoshioka, N.a  b  c  d et al. 2013",
    "et": "SpinalFiberTract",
    "off": 48590,
    "sff": "spinal"
  },
  {
    "docID": "N002 Takeuchi, Yoshioka, N.a  b  c  d et al. 2013",
    "et": "SpinalFiberTract",
    "off": 40972,
    "sff": "spinal"
  },
  {
    "docID": "N002 Takeuchi, Yoshioka, N.a  b  c  d et al. 2013",
    "et": "SpinalFiberTract",
    "off": 43276,
    "sff": "spinal"
  },
  {
    "docID": "N002 Takeuchi, Yoshioka, N.a  b  c  d et al. 2013",
    "et": "SpinalFiberTract",
    "off": 36371,
    "sff": "Spinal"
  },
  {
    "docID": "N002 Takeuchi, Yoshioka, N.a  b  c  d et al. 2013",
    "et": "SpinalFiberTract",
    "off": 8602,
    "sff": "spinal"
  },
  {
    "docID": "N002 Takeuchi, Yoshioka, N.a  b  c  d et al. 2013",
    "et": "SpinalFiberTract",
    "off": 45974,
    "sff": "spinal"
  },
  {
    "docID": "N002 Takeuchi, Yoshioka, N.a  b  c  d et al. 2013",
    "et": "DeliveryMethod",
    "off": 49350,
    "sff": "delivery"
  },
  {
    "docID": "N002 Takeuchi, Yoshioka, N.a  b  c  d et al. 2013",
    "et": "DeliveryMethod",
    "off": 2907,
    "sff": "delivery"
  },
  {
    "docID": "N002 Takeuchi, Yoshioka, N.a  b  c  d et al. 2013",
    "et": "SpinalDorsalHalf",
    "off": 37860,
    "sff": "spinal"
  },
  {
    "docID": "N002 Takeuchi, Yoshioka, N.a  b  c  d et al. 2013",
    "et": "SpinalDorsalHalf",
    "off": 48356,
    "sff": "spinal"
  },
  {
    "docID": "N002 Takeuchi, Yoshioka, N.a  b  c  d et al. 2013",
    "et": "SpinalDorsalHalf",
    "off": 8602,
    "sff": "spinal"
  },
  {
    "docID": "N002 Takeuchi, Yoshioka, N.a  b  c  d et al. 2013",
    "et": "SpinalDorsalHalf",
    "off": 45974,
    "sff": "spinal"
  },
  {
    "docID": "N002 Takeuchi, Yoshioka, N.a  b  c  d et al. 2013",
    "et": "SpinalDorsalHalf",
    "off": 7506,
    "sff": "spinal"
  },
  {
    "docID": "N002 Takeuchi, Yoshioka, N.a  b  c  d et al. 2013",
    "et": "SpinalDorsalHalf",
    "off": 9426,
    "sff": "spinal"
  },
  {
    "docID": "N002 Takeuchi, Yoshioka, N.a  b  c  d et al. 2013",
    "et": "SpinalDorsalHalf",
    "off": 48590,
    "sff": "spinal"
  },
  {
    "docID": "N002 Takeuchi, Yoshioka, N.a  b  c  d et al. 2013",
    "et": "SpinalDorsalHalf",
    "off": 43601,
    "sff": "spinal"
  },
  {
    "docID": "N002 Takeuchi, Yoshioka, N.a  b  c  d et al. 2013",
    "et": "SpinalDorsalHalf",
    "off": 1482,
    "sff": "spinal"
  },
  {
    "docID": "N002 Takeuchi, Yoshioka, N.a  b  c  d et al. 2013",
    "et": "SpinalDorsalHalf",
    "off": 36371,
    "sff": "Spinal"
  },
  {
    "docID": "N002 Takeuchi, Yoshioka, N.a  b  c  d et al. 2013",
    "et": "SpinalDorsalHalf",
    "off": 40972,
    "sff": "spinal"
  },
  {
    "docID": "N002 Takeuchi, Yoshioka, N.a  b  c  d et al. 2013",
    "et": "SpinalDorsalHalf",
    "off": 43276,
    "sff": "spinal"
  },
  {
    "docID": "N002 Takeuchi, Yoshioka, N.a  b  c  d et al. 2013",
    "et": "SpinalDorsalHalf",
    "off": 46854,
    "sff": "spinal"
  },
  {
    "docID": "N002 Takeuchi, Yoshioka, N.a  b  c  d et al. 2013",
    "et": "SpinalDorsalHalf",
    "off": 23426,
    "sff": "spinal"
  },
  {
    "docID": "N002 Takeuchi, Yoshioka, N.a  b  c  d et al. 2013",
    "et": "SpinalDorsalHalf",
    "off": 1668,
    "sff": "spinal"
  },
  {
    "docID": "N002 Takeuchi, Yoshioka, N.a  b  c  d et al. 2013",
    "et": "SpinalDorsalHalf",
    "off": 1029,
    "sff": "spinal"
  },
  {
    "docID": "N002 Takeuchi, Yoshioka, N.a  b  c  d et al. 2013",
    "et": "SpinalDorsalHalf",
    "off": 43135,
    "sff": "spinal"
  },
  {
    "docID": "N002 Takeuchi, Yoshioka, N.a  b  c  d et al. 2013",
    "et": "SpinalDorsalHalf",
    "off": 47294,
    "sff": "dorsal"
  },
  {
    "docID": "N002 Takeuchi, Yoshioka, N.a  b  c  d et al. 2013",
    "et": "SpinalDorsalHalf",
    "off": 48124,
    "sff": "dorsal"
  },
  {
    "docID": "N002 Takeuchi, Yoshioka, N.a  b  c  d et al. 2013",
    "et": "SpinalDorsalHalf",
    "off": 41915,
    "sff": "spinal"
  },
  {
    "docID": "N002 Takeuchi, Yoshioka, N.a  b  c  d et al. 2013",
    "et": "SpinalDorsalHalf",
    "off": 48186,
    "sff": "spinal"
  },
  {
    "docID": "N002 Takeuchi, Yoshioka, N.a  b  c  d et al. 2013",
    "et": "SpinalDorsalHalf",
    "off": 42429,
    "sff": "spinal"
  },
  {
    "docID": "N002 Takeuchi, Yoshioka, N.a  b  c  d et al. 2013",
    "et": "SpinalDorsalHalf",
    "off": 46647,
    "sff": "spinal"
  },
  {
    "docID": "N002 Takeuchi, Yoshioka, N.a  b  c  d et al. 2013",
    "et": "SpinalDorsalHalf",
    "off": 49592,
    "sff": "spinal"
  },
  {
    "docID": "N002 Takeuchi, Yoshioka, N.a  b  c  d et al. 2013",
    "et": "SpinalDorsalHalf",
    "off": 42612,
    "sff": "spinal"
  },
  {
    "docID": "N002 Takeuchi, Yoshioka, N.a  b  c  d et al. 2013",
    "et": "SpinalDorsalHalf",
    "off": 49972,
    "sff": "spinal"
  },
  {
    "docID": "N002 Takeuchi, Yoshioka, N.a  b  c  d et al. 2013",
    "et": "SpinalDorsalHalf",
    "off": 40431,
    "sff": "spinal"
  },
  {
    "docID": "N002 Takeuchi, Yoshioka, N.a  b  c  d et al. 2013",
    "et": "SpinalDorsalHalf",
    "off": 48747,
    "sff": "spinal"
  },
  {
    "docID": "N002 Takeuchi, Yoshioka, N.a  b  c  d et al. 2013",
    "et": "SpinalDorsalHalf",
    "off": 18283,
    "sff": "spinal"
  },
  {
    "docID": "N002 Takeuchi, Yoshioka, N.a  b  c  d et al. 2013",
    "et": "SpinalDorsalHalf",
    "off": 21612,
    "sff": "spinal"
  },
  {
    "docID": "N002 Takeuchi, Yoshioka, N.a  b  c  d et al. 2013",
    "et": "SpinalDorsalHalf",
    "off": 37735,
    "sff": "spinal"
  },
  {
    "docID": "N002 Takeuchi, Yoshioka, N.a  b  c  d et al. 2013",
    "et": "SpinalVentralHalf",
    "off": 8602,
    "sff": "spinal"
  },
  {
    "docID": "N002 Takeuchi, Yoshioka, N.a  b  c  d et al. 2013",
    "et": "SpinalVentralHalf",
    "off": 45974,
    "sff": "spinal"
  },
  {
    "docID": "N002 Takeuchi, Yoshioka, N.a  b  c  d et al. 2013",
    "et": "SpinalVentralHalf",
    "off": 7506,
    "sff": "spinal"
  },
  {
    "docID": "N002 Takeuchi, Yoshioka, N.a  b  c  d et al. 2013",
    "et": "SpinalVentralHalf",
    "off": 9426,
    "sff": "spinal"
  },
  {
    "docID": "N002 Takeuchi, Yoshioka, N.a  b  c  d et al. 2013",
    "et": "SpinalVentralHalf",
    "off": 43601,
    "sff": "spinal"
  },
  {
    "docID": "N002 Takeuchi, Yoshioka, N.a  b  c  d et al. 2013",
    "et": "SpinalVentralHalf",
    "off": 48590,
    "sff": "spinal"
  },
  {
    "docID": "N002 Takeuchi, Yoshioka, N.a  b  c  d et al. 2013",
    "et": "SpinalVentralHalf",
    "off": 36371,
    "sff": "Spinal"
  },
  {
    "docID": "N002 Takeuchi, Yoshioka, N.a  b  c  d et al. 2013",
    "et": "SpinalVentralHalf",
    "off": 43276,
    "sff": "spinal"
  },
  {
    "docID": "N002 Takeuchi, Yoshioka, N.a  b  c  d et al. 2013",
    "et": "SpinalVentralHalf",
    "off": 40972,
    "sff": "spinal"
  },
  {
    "docID": "N002 Takeuchi, Yoshioka, N.a  b  c  d et al. 2013",
    "et": "SpinalVentralHalf",
    "off": 1482,
    "sff": "spinal"
  },
  {
    "docID": "N002 Takeuchi, Yoshioka, N.a  b  c  d et al. 2013",
    "et": "SpinalVentralHalf",
    "off": 1029,
    "sff": "spinal"
  },
  {
    "docID": "N002 Takeuchi, Yoshioka, N.a  b  c  d et al. 2013",
    "et": "SpinalVentralHalf",
    "off": 46854,
    "sff": "spinal"
  },
  {
    "docID": "N002 Takeuchi, Yoshioka, N.a  b  c  d et al. 2013",
    "et": "SpinalVentralHalf",
    "off": 1668,
    "sff": "spinal"
  },
  {
    "docID": "N002 Takeuchi, Yoshioka, N.a  b  c  d et al. 2013",
    "et": "SpinalVentralHalf",
    "off": 23426,
    "sff": "spinal"
  },
  {
    "docID": "N002 Takeuchi, Yoshioka, N.a  b  c  d et al. 2013",
    "et": "SpinalVentralHalf",
    "off": 43135,
    "sff": "spinal"
  },
  {
    "docID": "N002 Takeuchi, Yoshioka, N.a  b  c  d et al. 2013",
    "et": "SpinalVentralHalf",
    "off": 42429,
    "sff": "spinal"
  },
  {
    "docID": "N002 Takeuchi, Yoshioka, N.a  b  c  d et al. 2013",
    "et": "SpinalVentralHalf",
    "off": 41915,
    "sff": "spinal"
  },
  {
    "docID": "N002 Takeuchi, Yoshioka, N.a  b  c  d et al. 2013",
    "et": "SpinalVentralHalf",
    "off": 48186,
    "sff": "spinal"
  },
  {
    "docID": "N002 Takeuchi, Yoshioka, N.a  b  c  d et al. 2013",
    "et": "SpinalVentralHalf",
    "off": 49592,
    "sff": "spinal"
  },
  {
    "docID": "N002 Takeuchi, Yoshioka, N.a  b  c  d et al. 2013",
    "et": "SpinalVentralHalf",
    "off": 46647,
    "sff": "spinal"
  },
  {
    "docID": "N002 Takeuchi, Yoshioka, N.a  b  c  d et al. 2013",
    "et": "SpinalVentralHalf",
    "off": 49972,
    "sff": "spinal"
  },
  {
    "docID": "N002 Takeuchi, Yoshioka, N.a  b  c  d et al. 2013",
    "et": "SpinalVentralHalf",
    "off": 42612,
    "sff": "spinal"
  },
  {
    "docID": "N002 Takeuchi, Yoshioka, N.a  b  c  d et al. 2013",
    "et": "SpinalVentralHalf",
    "off": 40431,
    "sff": "spinal"
  },
  {
    "docID": "N002 Takeuchi, Yoshioka, N.a  b  c  d et al. 2013",
    "et": "SpinalVentralHalf",
    "off": 18283,
    "sff": "spinal"
  },
  {
    "docID": "N002 Takeuchi, Yoshioka, N.a  b  c  d et al. 2013",
    "et": "SpinalVentralHalf",
    "off": 21612,
    "sff": "spinal"
  },
  {
    "docID": "N002 Takeuchi, Yoshioka, N.a  b  c  d et al. 2013",
    "et": "SpinalVentralHalf",
    "off": 48747,
    "sff": "spinal"
  },
  {
    "docID": "N002 Takeuchi, Yoshioka, N.a  b  c  d et al. 2013",
    "et": "SpinalVentralHalf",
    "off": 37735,
    "sff": "spinal"
  },
  {
    "docID": "N002 Takeuchi, Yoshioka, N.a  b  c  d et al. 2013",
    "et": "SpinalVentralHalf",
    "off": 48356,
    "sff": "spinal"
  },
  {
    "docID": "N002 Takeuchi, Yoshioka, N.a  b  c  d et al. 2013",
    "et": "SpinalVentralHalf",
    "off": 37860,
    "sff": "spinal"
  },
  {
    "docID": "N002 Takeuchi, Yoshioka, N.a  b  c  d et al. 2013",
    "et": "SpinalCord",
    "off": 48590,
    "sff": "spinal cord"
  },
  {
    "docID": "N002 Takeuchi, Yoshioka, N.a  b  c  d et al. 2013",
    "et": "SpinalCord",
    "off": 43601,
    "sff": "spinal cord"
  },
  {
    "docID": "N002 Takeuchi, Yoshioka, N.a  b  c  d et al. 2013",
    "et": "SpinalCord",
    "off": 46854,
    "sff": "spinal cord"
  },
  {
    "docID": "N002 Takeuchi, Yoshioka, N.a  b  c  d et al. 2013",
    "et": "SpinalCord",
    "off": 36371,
    "sff": "Spinal cord"
  },
  {
    "docID": "N002 Takeuchi, Yoshioka, N.a  b  c  d et al. 2013",
    "et": "SpinalCord",
    "off": 1482,
    "sff": "spinal cord"
  },
  {
    "docID": "N002 Takeuchi, Yoshioka, N.a  b  c  d et al. 2013",
    "et": "SpinalCord",
    "off": 18283,
    "sff": "spinal"
  },
  {
    "docID": "N002 Takeuchi, Yoshioka, N.a  b  c  d et al. 2013",
    "et": "SpinalCord",
    "off": 21612,
    "sff": "spinal"
  },
  {
    "docID": "N002 Takeuchi, Yoshioka, N.a  b  c  d et al. 2013",
    "et": "SpinalCord",
    "off": 40972,
    "sff": "spinal cord"
  },
  {
    "docID": "N002 Takeuchi, Yoshioka, N.a  b  c  d et al. 2013",
    "et": "SpinalCord",
    "off": 43276,
    "sff": "spinal cord"
  },
  {
    "docID": "N002 Takeuchi, Yoshioka, N.a  b  c  d et al. 2013",
    "et": "SpinalCord",
    "off": 43135,
    "sff": "spinal cord"
  },
  {
    "docID": "N002 Takeuchi, Yoshioka, N.a  b  c  d et al. 2013",
    "et": "SpinalCord",
    "off": 1668,
    "sff": "spinal cord"
  },
  {
    "docID": "N002 Takeuchi, Yoshioka, N.a  b  c  d et al. 2013",
    "et": "SpinalCord",
    "off": 1029,
    "sff": "spinal cord"
  },
  {
    "docID": "N002 Takeuchi, Yoshioka, N.a  b  c  d et al. 2013",
    "et": "SpinalCord",
    "off": 46647,
    "sff": "spinal cord"
  },
  {
    "docID": "N002 Takeuchi, Yoshioka, N.a  b  c  d et al. 2013",
    "et": "SpinalCord",
    "off": 49592,
    "sff": "spinal cord"
  },
  {
    "docID": "N002 Takeuchi, Yoshioka, N.a  b  c  d et al. 2013",
    "et": "SpinalCord",
    "off": 8602,
    "sff": "spinal"
  },
  {
    "docID": "N002 Takeuchi, Yoshioka, N.a  b  c  d et al. 2013",
    "et": "SpinalCord",
    "off": 48186,
    "sff": "spinal cord"
  },
  {
    "docID": "N002 Takeuchi, Yoshioka, N.a  b  c  d et al. 2013",
    "et": "SpinalCord",
    "off": 41915,
    "sff": "spinal cord"
  },
  {
    "docID": "N002 Takeuchi, Yoshioka, N.a  b  c  d et al. 2013",
    "et": "SpinalCord",
    "off": 42429,
    "sff": "spinal cord"
  },
  {
    "docID": "N002 Takeuchi, Yoshioka, N.a  b  c  d et al. 2013",
    "et": "SpinalCord",
    "off": 40431,
    "sff": "spinal cord"
  },
  {
    "docID": "N002 Takeuchi, Yoshioka, N.a  b  c  d et al. 2013",
    "et": "SpinalCord",
    "off": 7506,
    "sff": "spinal"
  },
  {
    "docID": "N002 Takeuchi, Yoshioka, N.a  b  c  d et al. 2013",
    "et": "SpinalCord",
    "off": 9426,
    "sff": "spinal"
  },
  {
    "docID": "N002 Takeuchi, Yoshioka, N.a  b  c  d et al. 2013",
    "et": "SpinalCord",
    "off": 42612,
    "sff": "spinal cord"
  },
  {
    "docID": "N002 Takeuchi, Yoshioka, N.a  b  c  d et al. 2013",
    "et": "SpinalCord",
    "off": 49972,
    "sff": "spinal cord"
  },
  {
    "docID": "N002 Takeuchi, Yoshioka, N.a  b  c  d et al. 2013",
    "et": "SpinalCord",
    "off": 37735,
    "sff": "spinal cord"
  },
  {
    "docID": "N002 Takeuchi, Yoshioka, N.a  b  c  d et al. 2013",
    "et": "SpinalCord",
    "off": 48747,
    "sff": "spinal cord"
  },
  {
    "docID": "N002 Takeuchi, Yoshioka, N.a  b  c  d et al. 2013",
    "et": "SpinalCord",
    "off": 23426,
    "sff": "spinal"
  },
  {
    "docID": "N002 Takeuchi, Yoshioka, N.a  b  c  d et al. 2013",
    "et": "SpinalCord",
    "off": 37860,
    "sff": "spinal cord"
  },
  {
    "docID": "N002 Takeuchi, Yoshioka, N.a  b  c  d et al. 2013",
    "et": "SpinalCord",
    "off": 48356,
    "sff": "spinal cord"
  },
  {
    "docID": "N002 Takeuchi, Yoshioka, N.a  b  c  d et al. 2013",
    "et": "SpinalCord",
    "off": 45974,
    "sff": "spinal cord"
  },
  {
    "docID": "N002 Takeuchi, Yoshioka, N.a  b  c  d et al. 2013",
    "et": "Vertebrae",
    "off": 31990,
    "sff": "vertebrae"
  },
  {
    "docID": "N002 Takeuchi, Yoshioka, N.a  b  c  d et al. 2013",
    "et": "Vertebrae",
    "off": 35574,
    "sff": "vertebrae"
  },
  {
    "docID": "N002 Takeuchi, Yoshioka, N.a  b  c  d et al. 2013",
    "et": "DorsalColumn",
    "off": 47294,
    "sff": "dorsal"
  },
  {
    "docID": "N002 Takeuchi, Yoshioka, N.a  b  c  d et al. 2013",
    "et": "DorsalColumn",
    "off": 48124,
    "sff": "dorsal"
  },
  {
    "docID": "N002 Takeuchi, Yoshioka, N.a  b  c  d et al. 2013",
    "et": "LesionAdjacentTissue",
    "off": 10991,
    "sff": "lesion"
  },
  {
    "docID": "N002 Takeuchi, Yoshioka, N.a  b  c  d et al. 2013",
    "et": "LesionAdjacentTissue",
    "off": 19264,
    "sff": "lesion"
  },
  {
    "docID": "N002 Takeuchi, Yoshioka, N.a  b  c  d et al. 2013",
    "et": "LesionAdjacentTissue",
    "off": 12017,
    "sff": "lesion"
  },
  {
    "docID": "N002 Takeuchi, Yoshioka, N.a  b  c  d et al. 2013",
    "et": "LesionAdjacentTissue",
    "off": 7634,
    "sff": "lesion"
  },
  {
    "docID": "N002 Takeuchi, Yoshioka, N.a  b  c  d et al. 2013",
    "et": "LesionAdjacentTissue",
    "off": 11970,
    "sff": "lesion"
  },
  {
    "docID": "N002 Takeuchi, Yoshioka, N.a  b  c  d et al. 2013",
    "et": "LesionAdjacentTissue",
    "off": 16283,
    "sff": "lesion"
  },
  {
    "docID": "N002 Takeuchi, Yoshioka, N.a  b  c  d et al. 2013",
    "et": "LesionAdjacentTissue",
    "off": 35166,
    "sff": "lesion"
  },
  {
    "docID": "N002 Takeuchi, Yoshioka, N.a  b  c  d et al. 2013",
    "et": "LesionAdjacentTissue",
    "off": 7352,
    "sff": "lesion"
  },
  {
    "docID": "N002 Takeuchi, Yoshioka, N.a  b  c  d et al. 2013",
    "et": "LesionAdjacentTissue",
    "off": 11944,
    "sff": "lesion"
  },
  {
    "docID": "N002 Takeuchi, Yoshioka, N.a  b  c  d et al. 2013",
    "et": "LesionAdjacentTissue",
    "off": 50489,
    "sff": "lesion"
  },
  {
    "docID": "N002 Takeuchi, Yoshioka, N.a  b  c  d et al. 2013",
    "et": "LesionAdjacentTissue",
    "off": 13395,
    "sff": "lesion"
  },
  {
    "docID": "N002 Takeuchi, Yoshioka, N.a  b  c  d et al. 2013",
    "et": "LesionAdjacentTissue",
    "off": 36755,
    "sff": "lesion"
  },
  {
    "docID": "N002 Takeuchi, Yoshioka, N.a  b  c  d et al. 2013",
    "et": "InfusionDelivery",
    "off": 30623,
    "sff": "infusion"
  },
  {
    "docID": "N002 Takeuchi, Yoshioka, N.a  b  c  d et al. 2013",
    "et": "Cervical",
    "off": 46845,
    "sff": "cervical"
  },
  {
    "docID": "N002 Takeuchi, Yoshioka, N.a  b  c  d et al. 2013",
    "et": "CentralNervousSystem",
    "off": 1780,
    "sff": "central nervous system"
  },
  {
    "docID": "N002 Takeuchi, Yoshioka, N.a  b  c  d et al. 2013",
    "et": "CentralNervousSystem",
    "off": 1780,
    "sff": "central nervous"
  },
  {
    "docID": "N002 Takeuchi, Yoshioka, N.a  b  c  d et al. 2013",
    "et": "CentralNervousSystem",
    "off": 36735,
    "sff": "central"
  },
  {
    "docID": "N002 Takeuchi, Yoshioka, N.a  b  c  d et al. 2013",
    "et": "CentralNervousSystem",
    "off": 47344,
    "sff": "central"
  },
  {
    "docID": "N002 Takeuchi, Yoshioka, N.a  b  c  d et al. 2013",
    "et": "CentralNervousSystem",
    "off": 36535,
    "sff": "central"
  },
  {
    "docID": "N002 Takeuchi, Yoshioka, N.a  b  c  d et al. 2013",
    "et": "SpinalGrayMatter",
    "off": 8602,
    "sff": "spinal"
  },
  {
    "docID": "N002 Takeuchi, Yoshioka, N.a  b  c  d et al. 2013",
    "et": "SpinalGrayMatter",
    "off": 45974,
    "sff": "spinal"
  },
  {
    "docID": "N002 Takeuchi, Yoshioka, N.a  b  c  d et al. 2013",
    "et": "SpinalGrayMatter",
    "off": 36371,
    "sff": "Spinal"
  },
  {
    "docID": "N002 Takeuchi, Yoshioka, N.a  b  c  d et al. 2013",
    "et": "SpinalGrayMatter",
    "off": 7506,
    "sff": "spinal"
  },
  {
    "docID": "N002 Takeuchi, Yoshioka, N.a  b  c  d et al. 2013",
    "et": "SpinalGrayMatter",
    "off": 9426,
    "sff": "spinal"
  },
  {
    "docID": "N002 Takeuchi, Yoshioka, N.a  b  c  d et al. 2013",
    "et": "SpinalGrayMatter",
    "off": 43601,
    "sff": "spinal"
  },
  {
    "docID": "N002 Takeuchi, Yoshioka, N.a  b  c  d et al. 2013",
    "et": "SpinalGrayMatter",
    "off": 48590,
    "sff": "spinal"
  },
  {
    "docID": "N002 Takeuchi, Yoshioka, N.a  b  c  d et al. 2013",
    "et": "SpinalGrayMatter",
    "off": 40972,
    "sff": "spinal"
  },
  {
    "docID": "N002 Takeuchi, Yoshioka, N.a  b  c  d et al. 2013",
    "et": "SpinalGrayMatter",
    "off": 43276,
    "sff": "spinal"
  },
  {
    "docID": "N002 Takeuchi, Yoshioka, N.a  b  c  d et al. 2013",
    "et": "SpinalGrayMatter",
    "off": 1482,
    "sff": "spinal"
  },
  {
    "docID": "N002 Takeuchi, Yoshioka, N.a  b  c  d et al. 2013",
    "et": "SpinalGrayMatter",
    "off": 46854,
    "sff": "spinal"
  },
  {
    "docID": "N002 Takeuchi, Yoshioka, N.a  b  c  d et al. 2013",
    "et": "SpinalGrayMatter",
    "off": 1668,
    "sff": "spinal"
  },
  {
    "docID": "N002 Takeuchi, Yoshioka, N.a  b  c  d et al. 2013",
    "et": "SpinalGrayMatter",
    "off": 1029,
    "sff": "spinal"
  },
  {
    "docID": "N002 Takeuchi, Yoshioka, N.a  b  c  d et al. 2013",
    "et": "SpinalGrayMatter",
    "off": 23426,
    "sff": "spinal"
  },
  {
    "docID": "N002 Takeuchi, Yoshioka, N.a  b  c  d et al. 2013",
    "et": "SpinalGrayMatter",
    "off": 43135,
    "sff": "spinal"
  },
  {
    "docID": "N002 Takeuchi, Yoshioka, N.a  b  c  d et al. 2013",
    "et": "SpinalGrayMatter",
    "off": 42429,
    "sff": "spinal"
  },
  {
    "docID": "N002 Takeuchi, Yoshioka, N.a  b  c  d et al. 2013",
    "et": "SpinalGrayMatter",
    "off": 41915,
    "sff": "spinal"
  },
  {
    "docID": "N002 Takeuchi, Yoshioka, N.a  b  c  d et al. 2013",
    "et": "SpinalGrayMatter",
    "off": 48186,
    "sff": "spinal"
  },
  {
    "docID": "N002 Takeuchi, Yoshioka, N.a  b  c  d et al. 2013",
    "et": "SpinalGrayMatter",
    "off": 49592,
    "sff": "spinal"
  },
  {
    "docID": "N002 Takeuchi, Yoshioka, N.a  b  c  d et al. 2013",
    "et": "SpinalGrayMatter",
    "off": 46647,
    "sff": "spinal"
  },
  {
    "docID": "N002 Takeuchi, Yoshioka, N.a  b  c  d et al. 2013",
    "et": "SpinalGrayMatter",
    "off": 42612,
    "sff": "spinal"
  },
  {
    "docID": "N002 Takeuchi, Yoshioka, N.a  b  c  d et al. 2013",
    "et": "SpinalGrayMatter",
    "off": 49972,
    "sff": "spinal"
  },
  {
    "docID": "N002 Takeuchi, Yoshioka, N.a  b  c  d et al. 2013",
    "et": "SpinalGrayMatter",
    "off": 40431,
    "sff": "spinal"
  },
  {
    "docID": "N002 Takeuchi, Yoshioka, N.a  b  c  d et al. 2013",
    "et": "SpinalGrayMatter",
    "off": 21612,
    "sff": "spinal"
  },
  {
    "docID": "N002 Takeuchi, Yoshioka, N.a  b  c  d et al. 2013",
    "et": "SpinalGrayMatter",
    "off": 18283,
    "sff": "spinal"
  },
  {
    "docID": "N002 Takeuchi, Yoshioka, N.a  b  c  d et al. 2013",
    "et": "SpinalGrayMatter",
    "off": 48747,
    "sff": "spinal"
  },
  {
    "docID": "N002 Takeuchi, Yoshioka, N.a  b  c  d et al. 2013",
    "et": "SpinalGrayMatter",
    "off": 37735,
    "sff": "spinal"
  },
  {
    "docID": "N002 Takeuchi, Yoshioka, N.a  b  c  d et al. 2013",
    "et": "SpinalGrayMatter",
    "off": 37860,
    "sff": "spinal"
  },
  {
    "docID": "N002 Takeuchi, Yoshioka, N.a  b  c  d et al. 2013",
    "et": "SpinalGrayMatter",
    "off": 48356,
    "sff": "spinal"
  },
  {
    "docID": "N002 Takeuchi, Yoshioka, N.a  b  c  d et al. 2013",
    "et": "SubstanceApplicationLocation",
    "off": 2668,
    "sff": "application"
  },
  {
    "docID": "N002 Takeuchi, Yoshioka, N.a  b  c  d et al. 2013",
    "et": "SubstanceApplicationLocation",
    "off": 35657,
    "sff": "application"
  },
  {
    "docID": "N002 Takeuchi, Yoshioka, N.a  b  c  d et al. 2013",
    "et": "C3",
    "off": 49938,
    "sff": "C3"
  },
  {
    "docID": "N002 Takeuchi, Yoshioka, N.a  b  c  d et al. 2013",
    "et": "CorticospinalTract",
    "off": 42889,
    "sff": "corticospinal tract"
  },
  {
    "docID": "N002 Takeuchi, Yoshioka, N.a  b  c  d et al. 2013",
    "et": "CorticospinalTract",
    "off": 41474,
    "sff": "corticospinal"
  },
  {
    "docID": "N002 Takeuchi, Yoshioka, N.a  b  c  d et al. 2013",
    "et": "CorticospinalTract",
    "off": 42162,
    "sff": "corticospinal"
  },
  {
    "docID": "N002 Takeuchi, Yoshioka, N.a  b  c  d et al. 2013",
    "et": "CorticospinalTract",
    "off": 16929,
    "sff": "corticospinal tract"
  },
  {
    "docID": "N002 Takeuchi, Yoshioka, N.a  b  c  d et al. 2013",
    "et": "SpinalCentralPart",
    "off": 43135,
    "sff": "spinal"
  },
  {
    "docID": "N002 Takeuchi, Yoshioka, N.a  b  c  d et al. 2013",
    "et": "SpinalCentralPart",
    "off": 41915,
    "sff": "spinal"
  },
  {
    "docID": "N002 Takeuchi, Yoshioka, N.a  b  c  d et al. 2013",
    "et": "SpinalCentralPart",
    "off": 48186,
    "sff": "spinal"
  },
  {
    "docID": "N002 Takeuchi, Yoshioka, N.a  b  c  d et al. 2013",
    "et": "SpinalCentralPart",
    "off": 42429,
    "sff": "spinal"
  },
  {
    "docID": "N002 Takeuchi, Yoshioka, N.a  b  c  d et al. 2013",
    "et": "SpinalCentralPart",
    "off": 46854,
    "sff": "spinal"
  },
  {
    "docID": "N002 Takeuchi, Yoshioka, N.a  b  c  d et al. 2013",
    "et": "SpinalCentralPart",
    "off": 23426,
    "sff": "spinal"
  },
  {
    "docID": "N002 Takeuchi, Yoshioka, N.a  b  c  d et al. 2013",
    "et": "SpinalCentralPart",
    "off": 1029,
    "sff": "spinal"
  },
  {
    "docID": "N002 Takeuchi, Yoshioka, N.a  b  c  d et al. 2013",
    "et": "SpinalCentralPart",
    "off": 1668,
    "sff": "spinal"
  },
  {
    "docID": "N002 Takeuchi, Yoshioka, N.a  b  c  d et al. 2013",
    "et": "SpinalCentralPart",
    "off": 40431,
    "sff": "spinal"
  },
  {
    "docID": "N002 Takeuchi, Yoshioka, N.a  b  c  d et al. 2013",
    "et": "SpinalCentralPart",
    "off": 18283,
    "sff": "spinal"
  },
  {
    "docID": "N002 Takeuchi, Yoshioka, N.a  b  c  d et al. 2013",
    "et": "SpinalCentralPart",
    "off": 48747,
    "sff": "spinal"
  },
  {
    "docID": "N002 Takeuchi, Yoshioka, N.a  b  c  d et al. 2013",
    "et": "SpinalCentralPart",
    "off": 21612,
    "sff": "spinal"
  },
  {
    "docID": "N002 Takeuchi, Yoshioka, N.a  b  c  d et al. 2013",
    "et": "SpinalCentralPart",
    "off": 46647,
    "sff": "spinal"
  },
  {
    "docID": "N002 Takeuchi, Yoshioka, N.a  b  c  d et al. 2013",
    "et": "SpinalCentralPart",
    "off": 49592,
    "sff": "spinal"
  },
  {
    "docID": "N002 Takeuchi, Yoshioka, N.a  b  c  d et al. 2013",
    "et": "SpinalCentralPart",
    "off": 42612,
    "sff": "spinal"
  },
  {
    "docID": "N002 Takeuchi, Yoshioka, N.a  b  c  d et al. 2013",
    "et": "SpinalCentralPart",
    "off": 49972,
    "sff": "spinal"
  },
  {
    "docID": "N002 Takeuchi, Yoshioka, N.a  b  c  d et al. 2013",
    "et": "SpinalCentralPart",
    "off": 47344,
    "sff": "central"
  },
  {
    "docID": "N002 Takeuchi, Yoshioka, N.a  b  c  d et al. 2013",
    "et": "SpinalCentralPart",
    "off": 8602,
    "sff": "spinal"
  },
  {
    "docID": "N002 Takeuchi, Yoshioka, N.a  b  c  d et al. 2013",
    "et": "SpinalCentralPart",
    "off": 37735,
    "sff": "spinal"
  },
  {
    "docID": "N002 Takeuchi, Yoshioka, N.a  b  c  d et al. 2013",
    "et": "SpinalCentralPart",
    "off": 37860,
    "sff": "spinal"
  },
  {
    "docID": "N002 Takeuchi, Yoshioka, N.a  b  c  d et al. 2013",
    "et": "SpinalCentralPart",
    "off": 48356,
    "sff": "spinal"
  },
  {
    "docID": "N002 Takeuchi, Yoshioka, N.a  b  c  d et al. 2013",
    "et": "SpinalCentralPart",
    "off": 36735,
    "sff": "central"
  },
  {
    "docID": "N002 Takeuchi, Yoshioka, N.a  b  c  d et al. 2013",
    "et": "SpinalCentralPart",
    "off": 48590,
    "sff": "spinal"
  },
  {
    "docID": "N002 Takeuchi, Yoshioka, N.a  b  c  d et al. 2013",
    "et": "SpinalCentralPart",
    "off": 43601,
    "sff": "spinal"
  },
  {
    "docID": "N002 Takeuchi, Yoshioka, N.a  b  c  d et al. 2013",
    "et": "SpinalCentralPart",
    "off": 1482,
    "sff": "spinal"
  },
  {
    "docID": "N002 Takeuchi, Yoshioka, N.a  b  c  d et al. 2013",
    "et": "SpinalCentralPart",
    "off": 40972,
    "sff": "spinal"
  },
  {
    "docID": "N002 Takeuchi, Yoshioka, N.a  b  c  d et al. 2013",
    "et": "SpinalCentralPart",
    "off": 43276,
    "sff": "spinal"
  },
  {
    "docID": "N002 Takeuchi, Yoshioka, N.a  b  c  d et al. 2013",
    "et": "SpinalCentralPart",
    "off": 36535,
    "sff": "central"
  },
  {
    "docID": "N002 Takeuchi, Yoshioka, N.a  b  c  d et al. 2013",
    "et": "SpinalCentralPart",
    "off": 36371,
    "sff": "Spinal"
  },
  {
    "docID": "N002 Takeuchi, Yoshioka, N.a  b  c  d et al. 2013",
    "et": "SpinalCentralPart",
    "off": 45974,
    "sff": "spinal"
  },
  {
    "docID": "N002 Takeuchi, Yoshioka, N.a  b  c  d et al. 2013",
    "et": "SpinalCentralPart",
    "off": 7506,
    "sff": "spinal"
  },
  {
    "docID": "N002 Takeuchi, Yoshioka, N.a  b  c  d et al. 2013",
    "et": "SpinalCentralPart",
    "off": 9426,
    "sff": "spinal"
  },
  {
    "docID": "N002 Takeuchi, Yoshioka, N.a  b  c  d et al. 2013",
    "et": "SpinalCentralPart",
    "off": 1780,
    "sff": "central"
  },
  {
    "docID": "N002 Takeuchi, Yoshioka, N.a  b  c  d et al. 2013",
    "et": "InjectionDelivery",
    "off": 37072,
    "sff": "injection"
  },
  {
    "docID": "N002 Takeuchi, Yoshioka, N.a  b  c  d et al. 2013",
    "et": "InjectionDelivery",
    "off": 37364,
    "sff": "injection"
  },
  {
    "docID": "N002 Takeuchi, Yoshioka, N.a  b  c  d et al. 2013",
    "et": "SpinalLesionSite",
    "off": 49592,
    "sff": "spinal"
  },
  {
    "docID": "N002 Takeuchi, Yoshioka, N.a  b  c  d et al. 2013",
    "et": "SpinalLesionSite",
    "off": 46647,
    "sff": "spinal"
  },
  {
    "docID": "N002 Takeuchi, Yoshioka, N.a  b  c  d et al. 2013",
    "et": "SpinalLesionSite",
    "off": 7352,
    "sff": "lesion"
  },
  {
    "docID": "N002 Takeuchi, Yoshioka, N.a  b  c  d et al. 2013",
    "et": "SpinalLesionSite",
    "off": 50489,
    "sff": "lesion"
  },
  {
    "docID": "N002 Takeuchi, Yoshioka, N.a  b  c  d et al. 2013",
    "et": "SpinalLesionSite",
    "off": 42612,
    "sff": "spinal"
  },
  {
    "docID": "N002 Takeuchi, Yoshioka, N.a  b  c  d et al. 2013",
    "et": "SpinalLesionSite",
    "off": 49972,
    "sff": "spinal"
  },
  {
    "docID": "N002 Takeuchi, Yoshioka, N.a  b  c  d et al. 2013",
    "et": "SpinalLesionSite",
    "off": 36755,
    "sff": "lesion site"
  },
  {
    "docID": "N002 Takeuchi, Yoshioka, N.a  b  c  d et al. 2013",
    "et": "SpinalLesionSite",
    "off": 43135,
    "sff": "spinal"
  },
  {
    "docID": "N002 Takeuchi, Yoshioka, N.a  b  c  d et al. 2013",
    "et": "SpinalLesionSite",
    "off": 12017,
    "sff": "lesion"
  },
  {
    "docID": "N002 Takeuchi, Yoshioka, N.a  b  c  d et al. 2013",
    "et": "SpinalLesionSite",
    "off": 42429,
    "sff": "spinal"
  },
  {
    "docID": "N002 Takeuchi, Yoshioka, N.a  b  c  d et al. 2013",
    "et": "SpinalLesionSite",
    "off": 41915,
    "sff": "spinal"
  },
  {
    "docID": "N002 Takeuchi, Yoshioka, N.a  b  c  d et al. 2013",
    "et": "SpinalLesionSite",
    "off": 48186,
    "sff": "spinal"
  },
  {
    "docID": "N002 Takeuchi, Yoshioka, N.a  b  c  d et al. 2013",
    "et": "SpinalLesionSite",
    "off": 1029,
    "sff": "spinal"
  },
  {
    "docID": "N002 Takeuchi, Yoshioka, N.a  b  c  d et al. 2013",
    "et": "SpinalLesionSite",
    "off": 46854,
    "sff": "spinal"
  },
  {
    "docID": "N002 Takeuchi, Yoshioka, N.a  b  c  d et al. 2013",
    "et": "SpinalLesionSite",
    "off": 16283,
    "sff": "lesion site"
  },
  {
    "docID": "N002 Takeuchi, Yoshioka, N.a  b  c  d et al. 2013",
    "et": "SpinalLesionSite",
    "off": 1668,
    "sff": "spinal"
  },
  {
    "docID": "N002 Takeuchi, Yoshioka, N.a  b  c  d et al. 2013",
    "et": "SpinalLesionSite",
    "off": 23426,
    "sff": "spinal"
  },
  {
    "docID": "N002 Takeuchi, Yoshioka, N.a  b  c  d et al. 2013",
    "et": "SpinalLesionSite",
    "off": 11970,
    "sff": "lesion"
  },
  {
    "docID": "N002 Takeuchi, Yoshioka, N.a  b  c  d et al. 2013",
    "et": "SpinalLesionSite",
    "off": 19264,
    "sff": "lesion"
  },
  {
    "docID": "N002 Takeuchi, Yoshioka, N.a  b  c  d et al. 2013",
    "et": "SpinalLesionSite",
    "off": 48590,
    "sff": "spinal"
  },
  {
    "docID": "N002 Takeuchi, Yoshioka, N.a  b  c  d et al. 2013",
    "et": "SpinalLesionSite",
    "off": 40972,
    "sff": "spinal"
  },
  {
    "docID": "N002 Takeuchi, Yoshioka, N.a  b  c  d et al. 2013",
    "et": "SpinalLesionSite",
    "off": 43276,
    "sff": "spinal"
  },
  {
    "docID": "N002 Takeuchi, Yoshioka, N.a  b  c  d et al. 2013",
    "et": "SpinalLesionSite",
    "off": 1482,
    "sff": "spinal"
  },
  {
    "docID": "N002 Takeuchi, Yoshioka, N.a  b  c  d et al. 2013",
    "et": "SpinalLesionSite",
    "off": 16283,
    "sff": "lesion"
  },
  {
    "docID": "N002 Takeuchi, Yoshioka, N.a  b  c  d et al. 2013",
    "et": "SpinalLesionSite",
    "off": 45974,
    "sff": "spinal"
  },
  {
    "docID": "N002 Takeuchi, Yoshioka, N.a  b  c  d et al. 2013",
    "et": "SpinalLesionSite",
    "off": 36371,
    "sff": "Spinal"
  },
  {
    "docID": "N002 Takeuchi, Yoshioka, N.a  b  c  d et al. 2013",
    "et": "SpinalLesionSite",
    "off": 35166,
    "sff": "lesion"
  },
  {
    "docID": "N002 Takeuchi, Yoshioka, N.a  b  c  d et al. 2013",
    "et": "SpinalLesionSite",
    "off": 7506,
    "sff": "spinal"
  },
  {
    "docID": "N002 Takeuchi, Yoshioka, N.a  b  c  d et al. 2013",
    "et": "SpinalLesionSite",
    "off": 9426,
    "sff": "spinal"
  },
  {
    "docID": "N002 Takeuchi, Yoshioka, N.a  b  c  d et al. 2013",
    "et": "SpinalLesionSite",
    "off": 43601,
    "sff": "spinal"
  },
  {
    "docID": "N002 Takeuchi, Yoshioka, N.a  b  c  d et al. 2013",
    "et": "SpinalLesionSite",
    "off": 7634,
    "sff": "lesion"
  },
  {
    "docID": "N002 Takeuchi, Yoshioka, N.a  b  c  d et al. 2013",
    "et": "SpinalLesionSite",
    "off": 13395,
    "sff": "lesion"
  },
  {
    "docID": "N002 Takeuchi, Yoshioka, N.a  b  c  d et al. 2013",
    "et": "SpinalLesionSite",
    "off": 36755,
    "sff": "lesion"
  },
  {
    "docID": "N002 Takeuchi, Yoshioka, N.a  b  c  d et al. 2013",
    "et": "SpinalLesionSite",
    "off": 8602,
    "sff": "spinal"
  },
  {
    "docID": "N002 Takeuchi, Yoshioka, N.a  b  c  d et al. 2013",
    "et": "SpinalLesionSite",
    "off": 37735,
    "sff": "spinal"
  },
  {
    "docID": "N002 Takeuchi, Yoshioka, N.a  b  c  d et al. 2013",
    "et": "SpinalLesionSite",
    "off": 11944,
    "sff": "lesion"
  },
  {
    "docID": "N002 Takeuchi, Yoshioka, N.a  b  c  d et al. 2013",
    "et": "SpinalLesionSite",
    "off": 50489,
    "sff": "lesion site"
  },
  {
    "docID": "N002 Takeuchi, Yoshioka, N.a  b  c  d et al. 2013",
    "et": "SpinalLesionSite",
    "off": 37860,
    "sff": "spinal"
  },
  {
    "docID": "N002 Takeuchi, Yoshioka, N.a  b  c  d et al. 2013",
    "et": "SpinalLesionSite",
    "off": 48356,
    "sff": "spinal"
  },
  {
    "docID": "N002 Takeuchi, Yoshioka, N.a  b  c  d et al. 2013",
    "et": "SpinalLesionSite",
    "off": 10991,
    "sff": "lesion"
  },
  {
    "docID": "N002 Takeuchi, Yoshioka, N.a  b  c  d et al. 2013",
    "et": "SpinalLesionSite",
    "off": 40431,
    "sff": "spinal"
  },
  {
    "docID": "N002 Takeuchi, Yoshioka, N.a  b  c  d et al. 2013",
    "et": "SpinalLesionSite",
    "off": 18283,
    "sff": "spinal"
  },
  {
    "docID": "N002 Takeuchi, Yoshioka, N.a  b  c  d et al. 2013",
    "et": "SpinalLesionSite",
    "off": 21612,
    "sff": "spinal"
  },
  {
    "docID": "N002 Takeuchi, Yoshioka, N.a  b  c  d et al. 2013",
    "et": "SpinalLesionSite",
    "off": 48747,
    "sff": "spinal"
  },
  {
    "docID": "N002 Takeuchi, Yoshioka, N.a  b  c  d et al. 2013",
    "et": "T1",
    "off": 17869,
    "sff": "T1"
  },
  {
    "docID": "N002 Takeuchi, Yoshioka, N.a  b  c  d et al. 2013",
    "et": "T1",
    "off": 5516,
    "sff": "T1"
  },
  {
    "docID": "N002 Takeuchi, Yoshioka, N.a  b  c  d et al. 2013",
    "et": "T1",
    "off": 18828,
    "sff": "T1"
  },
  {
    "docID": "N002 Takeuchi, Yoshioka, N.a  b  c  d et al. 2013",
    "et": "T1",
    "off": 27154,
    "sff": "T1"
  },
  {
    "docID": "N002 Takeuchi, Yoshioka, N.a  b  c  d et al. 2013",
    "et": "T1",
    "off": 15377,
    "sff": "T1"
  },
  {
    "docID": "N002 Takeuchi, Yoshioka, N.a  b  c  d et al. 2013",
    "et": "T1",
    "off": 26001,
    "sff": "T1"
  },
  {
    "docID": "N002 Takeuchi, Yoshioka, N.a  b  c  d et al. 2013",
    "et": "T1",
    "off": 25424,
    "sff": "T1"
  },
  {
    "docID": "N002 Takeuchi, Yoshioka, N.a  b  c  d et al. 2013",
    "et": "T1",
    "off": 3735,
    "sff": "T1"
  },
  {
    "docID": "N002 Takeuchi, Yoshioka, N.a  b  c  d et al. 2013",
    "et": "T1",
    "off": 18582,
    "sff": "T1"
  },
  {
    "docID": "N002 Takeuchi, Yoshioka, N.a  b  c  d et al. 2013",
    "et": "T1",
    "off": 25882,
    "sff": "T1"
  },
  {
    "docID": "N002 Takeuchi, Yoshioka, N.a  b  c  d et al. 2013",
    "et": "T1",
    "off": 29273,
    "sff": "T1"
  },
  {
    "docID": "N002 Takeuchi, Yoshioka, N.a  b  c  d et al. 2013",
    "et": "T1",
    "off": 13052,
    "sff": "T1"
  },
  {
    "docID": "N002 Takeuchi, Yoshioka, N.a  b  c  d et al. 2013",
    "et": "T1",
    "off": 25596,
    "sff": "T1"
  },
  {
    "docID": "N002 Takeuchi, Yoshioka, N.a  b  c  d et al. 2013",
    "et": "T1",
    "off": 29500,
    "sff": "T1"
  },
  {
    "docID": "N002 Takeuchi, Yoshioka, N.a  b  c  d et al. 2013",
    "et": "T1",
    "off": 962,
    "sff": "T1"
  },
  {
    "docID": "N002 Takeuchi, Yoshioka, N.a  b  c  d et al. 2013",
    "et": "T1",
    "off": 14146,
    "sff": "T1"
  },
  {
    "docID": "N002 Takeuchi, Yoshioka, N.a  b  c  d et al. 2013",
    "et": "T1",
    "off": 18882,
    "sff": "T1"
  },
  {
    "docID": "N002 Takeuchi, Yoshioka, N.a  b  c  d et al. 2013",
    "et": "T1",
    "off": 14341,
    "sff": "T1"
  },
  {
    "docID": "N002 Takeuchi, Yoshioka, N.a  b  c  d et al. 2013",
    "et": "T1",
    "off": 5636,
    "sff": "T1"
  },
  {
    "docID": "N002 Takeuchi, Yoshioka, N.a  b  c  d et al. 2013",
    "et": "T1",
    "off": 25417,
    "sff": "T1"
  },
  {
    "docID": "N002 Takeuchi, Yoshioka, N.a  b  c  d et al. 2013",
    "et": "T1",
    "off": 28361,
    "sff": "T1"
  },
  {
    "docID": "N002 Takeuchi, Yoshioka, N.a  b  c  d et al. 2013",
    "et": "T1",
    "off": 25708,
    "sff": "T1"
  },
  {
    "docID": "N002 Takeuchi, Yoshioka, N.a  b  c  d et al. 2013",
    "et": "T1",
    "off": 3827,
    "sff": "T1"
  },
  {
    "docID": "N002 Takeuchi, Yoshioka, N.a  b  c  d et al. 2013",
    "et": "T1",
    "off": 4662,
    "sff": "T1"
  },
  {
    "docID": "N002 Takeuchi, Yoshioka, N.a  b  c  d et al. 2013",
    "et": "T1",
    "off": 15028,
    "sff": "T1"
  },
  {
    "docID": "N002 Takeuchi, Yoshioka, N.a  b  c  d et al. 2013",
    "et": "T1",
    "off": 5435,
    "sff": "T1"
  },
  {
    "docID": "N002 Takeuchi, Yoshioka, N.a  b  c  d et al. 2013",
    "et": "T1",
    "off": 8635,
    "sff": "T1"
  },
  {
    "docID": "N002 Takeuchi, Yoshioka, N.a  b  c  d et al. 2013",
    "et": "T1",
    "off": 9659,
    "sff": "T1"
  },
  {
    "docID": "N002 Takeuchi, Yoshioka, N.a  b  c  d et al. 2013",
    "et": "T1",
    "off": 25502,
    "sff": "T1"
  },
  {
    "docID": "N002 Takeuchi, Yoshioka, N.a  b  c  d et al. 2013",
    "et": "T1",
    "off": 20769,
    "sff": "T1"
  },
  {
    "docID": "N002 Takeuchi, Yoshioka, N.a  b  c  d et al. 2013",
    "et": "T1",
    "off": 3936,
    "sff": "T1"
  },
  {
    "docID": "N002 Takeuchi, Yoshioka, N.a  b  c  d et al. 2013",
    "et": "T1",
    "off": 20903,
    "sff": "T1"
  },
  {
    "docID": "N002 Takeuchi, Yoshioka, N.a  b  c  d et al. 2013",
    "et": "T1",
    "off": 1445,
    "sff": "T1"
  },
  {
    "docID": "N002 Takeuchi, Yoshioka, N.a  b  c  d et al. 2013",
    "et": "T1",
    "off": 15460,
    "sff": "T1"
  },
  {
    "docID": "N002 Takeuchi, Yoshioka, N.a  b  c  d et al. 2013",
    "et": "T1",
    "off": 29867,
    "sff": "T1"
  },
  {
    "docID": "N002 Takeuchi, Yoshioka, N.a  b  c  d et al. 2013",
    "et": "T2",
    "off": 31248,
    "sff": "T2"
  },
  {
    "docID": "N002 Takeuchi, Yoshioka, N.a  b  c  d et al. 2013",
    "et": "T2",
    "off": 18589,
    "sff": "T2"
  },
  {
    "docID": "N002 Takeuchi, Yoshioka, N.a  b  c  d et al. 2013",
    "et": "T2",
    "off": 21837,
    "sff": "T2"
  },
  {
    "docID": "N002 Takeuchi, Yoshioka, N.a  b  c  d et al. 2013",
    "et": "T2",
    "off": 12318,
    "sff": "T2"
  },
  {
    "docID": "N002 Takeuchi, Yoshioka, N.a  b  c  d et al. 2013",
    "et": "T2",
    "off": 15354,
    "sff": "T2"
  },
  {
    "docID": "N002 Takeuchi, Yoshioka, N.a  b  c  d et al. 2013",
    "et": "T2",
    "off": 25892,
    "sff": "T2"
  },
  {
    "docID": "N002 Takeuchi, Yoshioka, N.a  b  c  d et al. 2013",
    "et": "T2",
    "off": 15733,
    "sff": "T2"
  },
  {
    "docID": "N002 Takeuchi, Yoshioka, N.a  b  c  d et al. 2013",
    "et": "T2",
    "off": 31301,
    "sff": "T2"
  },
  {
    "docID": "N002 Takeuchi, Yoshioka, N.a  b  c  d et al. 2013",
    "et": "T2",
    "off": 31493,
    "sff": "T2"
  }
]
