[
  {
    "docID": "N003 Starkey, Bartus et al. 2012",
    "et": "AnatomicalLocation",
    "off": 24839,
    "sff": "anatomical"
  },
  {
    "docID": "N003 Starkey, Bartus et al. 2012",
    "et": "AnatomicalLocation",
    "off": 9748,
    "sff": "anatomical"
  },
  {
    "docID": "N003 Starkey, Bartus et al. 2012",
    "et": "AnatomicalLocation",
    "off": 7584,
    "sff": "anatomical"
  },
  {
    "docID": "N003 Starkey, Bartus et al. 2012",
    "et": "AnatomicalLocation",
    "off": 30927,
    "sff": "anatomical"
  },
  {
    "docID": "N003 Starkey, Bartus et al. 2012",
    "et": "AnatomicalLocation",
    "off": 81370,
    "sff": "anatomical"
  },
  {
    "docID": "N003 Starkey, Bartus et al. 2012",
    "et": "AnatomicalLocation",
    "off": 60185,
    "sff": "anatomical"
  },
  {
    "docID": "N003 Starkey, Bartus et al. 2012",
    "et": "AnatomicalLocation",
    "off": 45227,
    "sff": "anatomical"
  },
  {
    "docID": "N003 Starkey, Bartus et al. 2012",
    "et": "AnatomicalLocation",
    "off": 55819,
    "sff": "anatomical"
  },
  {
    "docID": "N003 Starkey, Bartus et al. 2012",
    "et": "Lumbar",
    "off": 62044,
    "sff": "lumbar"
  },
  {
    "docID": "N003 Starkey, Bartus et al. 2012",
    "et": "Brain",
    "off": 5655,
    "sff": "brain"
  },
  {
    "docID": "N003 Starkey, Bartus et al. 2012",
    "et": "Brain",
    "off": 74006,
    "sff": "brain"
  },
  {
    "docID": "N003 Starkey, Bartus et al. 2012",
    "et": "Brain",
    "off": 64277,
    "sff": "brain"
  },
  {
    "docID": "N003 Starkey, Bartus et al. 2012",
    "et": "Brain",
    "off": 79674,
    "sff": "Brain"
  },
  {
    "docID": "N003 Starkey, Bartus et al. 2012",
    "et": "Brain",
    "off": 70081,
    "sff": "brain"
  },
  {
    "docID": "N003 Starkey, Bartus et al. 2012",
    "et": "Brain",
    "off": 70417,
    "sff": "Brain"
  },
  {
    "docID": "N003 Starkey, Bartus et al. 2012",
    "et": "Brain",
    "off": 82220,
    "sff": "brain"
  },
  {
    "docID": "N003 Starkey, Bartus et al. 2012",
    "et": "Intraspinal",
    "off": 69639,
    "sff": "intraspinal"
  },
  {
    "docID": "N003 Starkey, Bartus et al. 2012",
    "et": "Intraspinal",
    "off": 74717,
    "sff": "intraspinal"
  },
  {
    "docID": "N003 Starkey, Bartus et al. 2012",
    "et": "Intraspinal",
    "off": 61731,
    "sff": "intraspinal"
  },
  {
    "docID": "N003 Starkey, Bartus et al. 2012",
    "et": "Intraspinal",
    "off": 62176,
    "sff": "intraspinal"
  },
  {
    "docID": "N003 Starkey, Bartus et al. 2012",
    "et": "Intraspinal",
    "off": 6642,
    "sff": "intraspinal"
  },
  {
    "docID": "N003 Starkey, Bartus et al. 2012",
    "et": "SpinalWhiteMatter",
    "off": 31157,
    "sff": "white"
  },
  {
    "docID": "N003 Starkey, Bartus et al. 2012",
    "et": "SpinalWhiteMatter",
    "off": 46424,
    "sff": "white matter"
  },
  {
    "docID": "N003 Starkey, Bartus et al. 2012",
    "et": "SpinalWhiteMatter",
    "off": 48250,
    "sff": "white"
  },
  {
    "docID": "N003 Starkey, Bartus et al. 2012",
    "et": "SpinalWhiteMatter",
    "off": 31619,
    "sff": "white matter"
  },
  {
    "docID": "N003 Starkey, Bartus et al. 2012",
    "et": "SpinalWhiteMatter",
    "off": 44963,
    "sff": "white matter"
  },
  {
    "docID": "N003 Starkey, Bartus et al. 2012",
    "et": "SpinalWhiteMatter",
    "off": 56963,
    "sff": "white matter"
  },
  {
    "docID": "N003 Starkey, Bartus et al. 2012",
    "et": "SpinalWhiteMatter",
    "off": 31058,
    "sff": "white matter"
  },
  {
    "docID": "N003 Starkey, Bartus et al. 2012",
    "et": "SpinalWhiteMatter",
    "off": 62561,
    "sff": "white matter"
  },
  {
    "docID": "N003 Starkey, Bartus et al. 2012",
    "et": "DeliveryMethod",
    "off": 31549,
    "sff": "delivery"
  },
  {
    "docID": "N003 Starkey, Bartus et al. 2012",
    "et": "DeliveryMethod",
    "off": 70237,
    "sff": "delivery"
  },
  {
    "docID": "N003 Starkey, Bartus et al. 2012",
    "et": "DeliveryMethod",
    "off": 31336,
    "sff": "delivery"
  },
  {
    "docID": "N003 Starkey, Bartus et al. 2012",
    "et": "DeliveryMethod",
    "off": 66888,
    "sff": "delivery"
  },
  {
    "docID": "N003 Starkey, Bartus et al. 2012",
    "et": "DeliveryMethod",
    "off": 31088,
    "sff": "delivery"
  },
  {
    "docID": "N003 Starkey, Bartus et al. 2012",
    "et": "DeliveryMethod",
    "off": 56850,
    "sff": "delivery"
  },
  {
    "docID": "N003 Starkey, Bartus et al. 2012",
    "et": "DeliveryMethod",
    "off": 12703,
    "sff": "Delivery"
  },
  {
    "docID": "N003 Starkey, Bartus et al. 2012",
    "et": "DeliveryMethod",
    "off": 46198,
    "sff": "delivery"
  },
  {
    "docID": "N003 Starkey, Bartus et al. 2012",
    "et": "DeliveryMethod",
    "off": 32796,
    "sff": "delivery"
  },
  {
    "docID": "N003 Starkey, Bartus et al. 2012",
    "et": "DeliveryMethod",
    "off": 54933,
    "sff": "delivery"
  },
  {
    "docID": "N003 Starkey, Bartus et al. 2012",
    "et": "DeliveryMethod",
    "off": 58549,
    "sff": "delivery"
  },
  {
    "docID": "N003 Starkey, Bartus et al. 2012",
    "et": "DeliveryMethod",
    "off": 14235,
    "sff": "delivery"
  },
  {
    "docID": "N003 Starkey, Bartus et al. 2012",
    "et": "DeliveryMethod",
    "off": 3770,
    "sff": "delivery"
  },
  {
    "docID": "N003 Starkey, Bartus et al. 2012",
    "et": "DeliveryMethod",
    "off": 80248,
    "sff": "delivery"
  },
  {
    "docID": "N003 Starkey, Bartus et al. 2012",
    "et": "SpinalDorsalHalf",
    "off": 66484,
    "sff": "dorsal"
  },
  {
    "docID": "N003 Starkey, Bartus et al. 2012",
    "et": "SpinalDorsalHalf",
    "off": 44949,
    "sff": "dorsal"
  },
  {
    "docID": "N003 Starkey, Bartus et al. 2012",
    "et": "SpinalDorsalHalf",
    "off": 25935,
    "sff": "dorsal"
  },
  {
    "docID": "N003 Starkey, Bartus et al. 2012",
    "et": "SpinalDorsalHalf",
    "off": 62841,
    "sff": "dorsal"
  },
  {
    "docID": "N003 Starkey, Bartus et al. 2012",
    "et": "SpinalDorsalHalf",
    "off": 34107,
    "sff": "dorsal"
  },
  {
    "docID": "N003 Starkey, Bartus et al. 2012",
    "et": "SpinalDorsalHalf",
    "off": 38764,
    "sff": "dorsal"
  },
  {
    "docID": "N003 Starkey, Bartus et al. 2012",
    "et": "SpinalDorsalHalf",
    "off": 6106,
    "sff": "dorsal"
  },
  {
    "docID": "N003 Starkey, Bartus et al. 2012",
    "et": "SpinalDorsalHalf",
    "off": 39149,
    "sff": "dorsal"
  },
  {
    "docID": "N003 Starkey, Bartus et al. 2012",
    "et": "SpinalDorsalHalf",
    "off": 25689,
    "sff": "dorsal"
  },
  {
    "docID": "N003 Starkey, Bartus et al. 2012",
    "et": "SpinalDorsalHalf",
    "off": 61774,
    "sff": "dorsal"
  },
  {
    "docID": "N003 Starkey, Bartus et al. 2012",
    "et": "SpinalDorsalHalf",
    "off": 62341,
    "sff": "dorsal"
  },
  {
    "docID": "N003 Starkey, Bartus et al. 2012",
    "et": "SpinalDorsalHalf",
    "off": 26017,
    "sff": "dorsal"
  },
  {
    "docID": "N003 Starkey, Bartus et al. 2012",
    "et": "SpinalDorsalHalf",
    "off": 43914,
    "sff": "dorsal"
  },
  {
    "docID": "N003 Starkey, Bartus et al. 2012",
    "et": "SpinalDorsalHalf",
    "off": 77771,
    "sff": "dorsal"
  },
  {
    "docID": "N003 Starkey, Bartus et al. 2012",
    "et": "SpinalDorsalHalf",
    "off": 34687,
    "sff": "dorsal"
  },
  {
    "docID": "N003 Starkey, Bartus et al. 2012",
    "et": "SpinalDorsalHalf",
    "off": 44576,
    "sff": "dorsal"
  },
  {
    "docID": "N003 Starkey, Bartus et al. 2012",
    "et": "SpinalDorsalHalf",
    "off": 21766,
    "sff": "dorsal"
  },
  {
    "docID": "N003 Starkey, Bartus et al. 2012",
    "et": "SpinalDorsalHalf",
    "off": 50721,
    "sff": "dorsal"
  },
  {
    "docID": "N003 Starkey, Bartus et al. 2012",
    "et": "SpinalDorsalHalf",
    "off": 28293,
    "sff": "dorsal"
  },
  {
    "docID": "N003 Starkey, Bartus et al. 2012",
    "et": "SpinalVentralHalf",
    "off": 32127,
    "sff": "ventral"
  },
  {
    "docID": "N003 Starkey, Bartus et al. 2012",
    "et": "SpinalVentralHalf",
    "off": 33183,
    "sff": "ventral"
  },
  {
    "docID": "N003 Starkey, Bartus et al. 2012",
    "et": "SpinalVentralHalf",
    "off": 46687,
    "sff": "ventral"
  },
  {
    "docID": "N003 Starkey, Bartus et al. 2012",
    "et": "SpinalVentralHalf",
    "off": 62775,
    "sff": "ventral"
  },
  {
    "docID": "N003 Starkey, Bartus et al. 2012",
    "et": "SpinalVentralHalf",
    "off": 47571,
    "sff": "ventral"
  },
  {
    "docID": "N003 Starkey, Bartus et al. 2012",
    "et": "SpinalVentralHalf",
    "off": 50871,
    "sff": "ventral"
  },
  {
    "docID": "N003 Starkey, Bartus et al. 2012",
    "et": "SpinalVentralHalf",
    "off": 40554,
    "sff": "ventral"
  },
  {
    "docID": "N003 Starkey, Bartus et al. 2012",
    "et": "SpinalVentralHalf",
    "off": 39312,
    "sff": "ventral"
  },
  {
    "docID": "N003 Starkey, Bartus et al. 2012",
    "et": "SpinalVentralHalf",
    "off": 44144,
    "sff": "ventral"
  },
  {
    "docID": "N003 Starkey, Bartus et al. 2012",
    "et": "SpinalVentralHalf",
    "off": 52133,
    "sff": "ventral"
  },
  {
    "docID": "N003 Starkey, Bartus et al. 2012",
    "et": "SpinalVentralHalf",
    "off": 16067,
    "sff": "ventral"
  },
  {
    "docID": "N003 Starkey, Bartus et al. 2012",
    "et": "SpinalVentralHalf",
    "off": 31938,
    "sff": "ventral"
  },
  {
    "docID": "N003 Starkey, Bartus et al. 2012",
    "et": "SpinalVentralHalf",
    "off": 66914,
    "sff": "ventral"
  },
  {
    "docID": "N003 Starkey, Bartus et al. 2012",
    "et": "SpinalVentralHalf",
    "off": 11496,
    "sff": "ventral"
  },
  {
    "docID": "N003 Starkey, Bartus et al. 2012",
    "et": "SpinalVentralHalf",
    "off": 44648,
    "sff": "ventral"
  },
  {
    "docID": "N003 Starkey, Bartus et al. 2012",
    "et": "SpinalVentralHalf",
    "off": 57159,
    "sff": "ventral"
  },
  {
    "docID": "N003 Starkey, Bartus et al. 2012",
    "et": "SpinalVentralHalf",
    "off": 44198,
    "sff": "ventral"
  },
  {
    "docID": "N003 Starkey, Bartus et al. 2012",
    "et": "SpinalVentralHalf",
    "off": 62533,
    "sff": "ventral"
  },
  {
    "docID": "N003 Starkey, Bartus et al. 2012",
    "et": "SpinalCord",
    "off": 44590,
    "sff": "cord"
  },
  {
    "docID": "N003 Starkey, Bartus et al. 2012",
    "et": "SpinalCord",
    "off": 21546,
    "sff": "cord"
  },
  {
    "docID": "N003 Starkey, Bartus et al. 2012",
    "et": "SpinalCord",
    "off": 31274,
    "sff": "cord"
  },
  {
    "docID": "N003 Starkey, Bartus et al. 2012",
    "et": "SpinalCord",
    "off": 34603,
    "sff": "cord"
  },
  {
    "docID": "N003 Starkey, Bartus et al. 2012",
    "et": "SpinalCord",
    "off": 43308,
    "sff": "cord"
  },
  {
    "docID": "N003 Starkey, Bartus et al. 2012",
    "et": "SpinalCord",
    "off": 29749,
    "sff": "cord"
  },
  {
    "docID": "N003 Starkey, Bartus et al. 2012",
    "et": "SpinalCord",
    "off": 72760,
    "sff": "cord"
  },
  {
    "docID": "N003 Starkey, Bartus et al. 2012",
    "et": "SpinalCord",
    "off": 39224,
    "sff": "cord"
  },
  {
    "docID": "N003 Starkey, Bartus et al. 2012",
    "et": "SpinalCord",
    "off": 74802,
    "sff": "cord"
  },
  {
    "docID": "N003 Starkey, Bartus et al. 2012",
    "et": "SpinalCord",
    "off": 30259,
    "sff": "cord"
  },
  {
    "docID": "N003 Starkey, Bartus et al. 2012",
    "et": "SpinalCord",
    "off": 83775,
    "sff": "cord"
  },
  {
    "docID": "N003 Starkey, Bartus et al. 2012",
    "et": "SpinalCord",
    "off": 42044,
    "sff": "cord"
  },
  {
    "docID": "N003 Starkey, Bartus et al. 2012",
    "et": "SpinalCord",
    "off": 49478,
    "sff": "cord"
  },
  {
    "docID": "N003 Starkey, Bartus et al. 2012",
    "et": "SpinalCord",
    "off": 49729,
    "sff": "cord"
  },
  {
    "docID": "N003 Starkey, Bartus et al. 2012",
    "et": "SpinalCord",
    "off": 5188,
    "sff": "cord"
  },
  {
    "docID": "N003 Starkey, Bartus et al. 2012",
    "et": "SpinalCord",
    "off": 81677,
    "sff": "cord"
  },
  {
    "docID": "N003 Starkey, Bartus et al. 2012",
    "et": "SpinalCord",
    "off": 69904,
    "sff": "cord"
  },
  {
    "docID": "N003 Starkey, Bartus et al. 2012",
    "et": "SpinalCord",
    "off": 19216,
    "sff": "cord"
  },
  {
    "docID": "N003 Starkey, Bartus et al. 2012",
    "et": "SpinalCord",
    "off": 77848,
    "sff": "cord"
  },
  {
    "docID": "N003 Starkey, Bartus et al. 2012",
    "et": "SpinalCord",
    "off": 45079,
    "sff": "cord"
  },
  {
    "docID": "N003 Starkey, Bartus et al. 2012",
    "et": "SpinalCord",
    "off": 78615,
    "sff": "cord"
  },
  {
    "docID": "N003 Starkey, Bartus et al. 2012",
    "et": "SpinalCord",
    "off": 62481,
    "sff": "cord"
  },
  {
    "docID": "N003 Starkey, Bartus et al. 2012",
    "et": "SpinalCord",
    "off": 77588,
    "sff": "cord"
  },
  {
    "docID": "N003 Starkey, Bartus et al. 2012",
    "et": "SpinalCord",
    "off": 83732,
    "sff": "cord"
  },
  {
    "docID": "N003 Starkey, Bartus et al. 2012",
    "et": "SpinalCord",
    "off": 40212,
    "sff": "cord"
  },
  {
    "docID": "N003 Starkey, Bartus et al. 2012",
    "et": "SpinalCord",
    "off": 30749,
    "sff": "cord"
  },
  {
    "docID": "N003 Starkey, Bartus et al. 2012",
    "et": "SpinalCord",
    "off": 5406,
    "sff": "cord"
  },
  {
    "docID": "N003 Starkey, Bartus et al. 2012",
    "et": "SpinalCord",
    "off": 28190,
    "sff": "cord"
  },
  {
    "docID": "N003 Starkey, Bartus et al. 2012",
    "et": "SpinalCord",
    "off": 75549,
    "sff": "cord"
  },
  {
    "docID": "N003 Starkey, Bartus et al. 2012",
    "et": "SpinalCord",
    "off": 39967,
    "sff": "cord"
  },
  {
    "docID": "N003 Starkey, Bartus et al. 2012",
    "et": "SpinalCord",
    "off": 33312,
    "sff": "cord"
  },
  {
    "docID": "N003 Starkey, Bartus et al. 2012",
    "et": "SpinalCord",
    "off": 82458,
    "sff": "cord"
  },
  {
    "docID": "N003 Starkey, Bartus et al. 2012",
    "et": "SpinalCord",
    "off": 83994,
    "sff": "cord"
  },
  {
    "docID": "N003 Starkey, Bartus et al. 2012",
    "et": "SpinalCord",
    "off": 30492,
    "sff": "cord"
  },
  {
    "docID": "N003 Starkey, Bartus et al. 2012",
    "et": "SpinalCord",
    "off": 69413,
    "sff": "cord"
  },
  {
    "docID": "N003 Starkey, Bartus et al. 2012",
    "et": "SpinalCord",
    "off": 29224,
    "sff": "cord"
  },
  {
    "docID": "N003 Starkey, Bartus et al. 2012",
    "et": "SpinalCord",
    "off": 82672,
    "sff": "cord"
  },
  {
    "docID": "N003 Starkey, Bartus et al. 2012",
    "et": "SpinalCord",
    "off": 7158,
    "sff": "cord"
  },
  {
    "docID": "N003 Starkey, Bartus et al. 2012",
    "et": "SpinalCord",
    "off": 48882,
    "sff": "cord"
  },
  {
    "docID": "N003 Starkey, Bartus et al. 2012",
    "et": "SpinalCord",
    "off": 24050,
    "sff": "cord"
  },
  {
    "docID": "N003 Starkey, Bartus et al. 2012",
    "et": "SpinalCord",
    "off": 61427,
    "sff": "cord"
  },
  {
    "docID": "N003 Starkey, Bartus et al. 2012",
    "et": "SpinalCord",
    "off": 17407,
    "sff": "cord"
  },
  {
    "docID": "N003 Starkey, Bartus et al. 2012",
    "et": "SpinalCord",
    "off": 80633,
    "sff": "cord"
  },
  {
    "docID": "N003 Starkey, Bartus et al. 2012",
    "et": "SpinalCord",
    "off": 44796,
    "sff": "cord"
  },
  {
    "docID": "N003 Starkey, Bartus et al. 2012",
    "et": "SpinalCord",
    "off": 74491,
    "sff": "cord"
  },
  {
    "docID": "N003 Starkey, Bartus et al. 2012",
    "et": "SpinalCord",
    "off": 8198,
    "sff": "cord"
  },
  {
    "docID": "N003 Starkey, Bartus et al. 2012",
    "et": "SpinalCord",
    "off": 57346,
    "sff": "cord"
  },
  {
    "docID": "N003 Starkey, Bartus et al. 2012",
    "et": "SpinalCord",
    "off": 34563,
    "sff": "cord"
  },
  {
    "docID": "N003 Starkey, Bartus et al. 2012",
    "et": "SpinalCord",
    "off": 62980,
    "sff": "cord"
  },
  {
    "docID": "N003 Starkey, Bartus et al. 2012",
    "et": "SpinalCord",
    "off": 70404,
    "sff": "cord"
  },
  {
    "docID": "N003 Starkey, Bartus et al. 2012",
    "et": "SpinalCord",
    "off": 49101,
    "sff": "cord"
  },
  {
    "docID": "N003 Starkey, Bartus et al. 2012",
    "et": "SpinalCord",
    "off": 40399,
    "sff": "cord"
  },
  {
    "docID": "N003 Starkey, Bartus et al. 2012",
    "et": "SpinalCord",
    "off": 46287,
    "sff": "cord"
  },
  {
    "docID": "N003 Starkey, Bartus et al. 2012",
    "et": "SpinalCord",
    "off": 53203,
    "sff": "cord"
  },
  {
    "docID": "N003 Starkey, Bartus et al. 2012",
    "et": "SpinalCord",
    "off": 77267,
    "sff": "cord"
  },
  {
    "docID": "N003 Starkey, Bartus et al. 2012",
    "et": "SpinalCord",
    "off": 1759,
    "sff": "cord"
  },
  {
    "docID": "N003 Starkey, Bartus et al. 2012",
    "et": "SpinalCord",
    "off": 39391,
    "sff": "cord"
  },
  {
    "docID": "N003 Starkey, Bartus et al. 2012",
    "et": "SpinalCord",
    "off": 64219,
    "sff": "cord"
  },
  {
    "docID": "N003 Starkey, Bartus et al. 2012",
    "et": "SpinalCord",
    "off": 33255,
    "sff": "cord"
  },
  {
    "docID": "N003 Starkey, Bartus et al. 2012",
    "et": "SpinalCord",
    "off": 38375,
    "sff": "cord"
  },
  {
    "docID": "N003 Starkey, Bartus et al. 2012",
    "et": "SpinalCord",
    "off": 69608,
    "sff": "cord"
  },
  {
    "docID": "N003 Starkey, Bartus et al. 2012",
    "et": "SpinalCord",
    "off": 28898,
    "sff": "cord"
  },
  {
    "docID": "N003 Starkey, Bartus et al. 2012",
    "et": "SpinalCord",
    "off": 43745,
    "sff": "cord"
  },
  {
    "docID": "N003 Starkey, Bartus et al. 2012",
    "et": "SpinalCord",
    "off": 28644,
    "sff": "cord"
  },
  {
    "docID": "N003 Starkey, Bartus et al. 2012",
    "et": "SpinalCord",
    "off": 29613,
    "sff": "cord"
  },
  {
    "docID": "N003 Starkey, Bartus et al. 2012",
    "et": "SpinalCord",
    "off": 69040,
    "sff": "cord"
  },
  {
    "docID": "N003 Starkey, Bartus et al. 2012",
    "et": "SpinalCord",
    "off": 6064,
    "sff": "cord"
  },
  {
    "docID": "N003 Starkey, Bartus et al. 2012",
    "et": "SpinalCord",
    "off": 31152,
    "sff": "cord"
  },
  {
    "docID": "N003 Starkey, Bartus et al. 2012",
    "et": "SpinalCord",
    "off": 48042,
    "sff": "cord"
  },
  {
    "docID": "N003 Starkey, Bartus et al. 2012",
    "et": "SpinalCord",
    "off": 52908,
    "sff": "cord"
  },
  {
    "docID": "N003 Starkey, Bartus et al. 2012",
    "et": "SpinalCord",
    "off": 46006,
    "sff": "cord"
  },
  {
    "docID": "N003 Starkey, Bartus et al. 2012",
    "et": "SpinalCord",
    "off": 68021,
    "sff": "cord"
  },
  {
    "docID": "N003 Starkey, Bartus et al. 2012",
    "et": "SpinalCord",
    "off": 20663,
    "sff": "cord"
  },
  {
    "docID": "N003 Starkey, Bartus et al. 2012",
    "et": "SpinalCord",
    "off": 70072,
    "sff": "cord"
  },
  {
    "docID": "N003 Starkey, Bartus et al. 2012",
    "et": "SpinalCord",
    "off": 73144,
    "sff": "cord"
  },
  {
    "docID": "N003 Starkey, Bartus et al. 2012",
    "et": "SpinalCord",
    "off": 25521,
    "sff": "cord"
  },
  {
    "docID": "N003 Starkey, Bartus et al. 2012",
    "et": "SpinalCord",
    "off": 42417,
    "sff": "cord"
  },
  {
    "docID": "N003 Starkey, Bartus et al. 2012",
    "et": "SpinalCord",
    "off": 58292,
    "sff": "cord"
  },
  {
    "docID": "N003 Starkey, Bartus et al. 2012",
    "et": "SpinalCord",
    "off": 51134,
    "sff": "cord"
  },
  {
    "docID": "N003 Starkey, Bartus et al. 2012",
    "et": "SpinalCord",
    "off": 81344,
    "sff": "cord"
  },
  {
    "docID": "N003 Starkey, Bartus et al. 2012",
    "et": "SpinalCord",
    "off": 50620,
    "sff": "cord"
  },
  {
    "docID": "N003 Starkey, Bartus et al. 2012",
    "et": "SpinalCord",
    "off": 26055,
    "sff": "cord"
  },
  {
    "docID": "N003 Starkey, Bartus et al. 2012",
    "et": "SpinalCord",
    "off": 67009,
    "sff": "cord"
  },
  {
    "docID": "N003 Starkey, Bartus et al. 2012",
    "et": "SpinalCord",
    "off": 57028,
    "sff": "cord"
  },
  {
    "docID": "N003 Starkey, Bartus et al. 2012",
    "et": "SpinalCord",
    "off": 71561,
    "sff": "cord"
  },
  {
    "docID": "N003 Starkey, Bartus et al. 2012",
    "et": "SpinalCord",
    "off": 24981,
    "sff": "cord"
  },
  {
    "docID": "N003 Starkey, Bartus et al. 2012",
    "et": "SpinalCord",
    "off": 48792,
    "sff": "cord"
  },
  {
    "docID": "N003 Starkey, Bartus et al. 2012",
    "et": "SpinalCord",
    "off": 80788,
    "sff": "cord"
  },
  {
    "docID": "N003 Starkey, Bartus et al. 2012",
    "et": "SpinalCord",
    "off": 27540,
    "sff": "cord"
  },
  {
    "docID": "N003 Starkey, Bartus et al. 2012",
    "et": "SpinalCord",
    "off": 72862,
    "sff": "cord"
  },
  {
    "docID": "N003 Starkey, Bartus et al. 2012",
    "et": "SpinalCord",
    "off": 39080,
    "sff": "cord"
  },
  {
    "docID": "N003 Starkey, Bartus et al. 2012",
    "et": "SpinalCord",
    "off": 60324,
    "sff": "cord"
  },
  {
    "docID": "N003 Starkey, Bartus et al. 2012",
    "et": "SpinalCord",
    "off": 65956,
    "sff": "cord"
  },
  {
    "docID": "N003 Starkey, Bartus et al. 2012",
    "et": "SpinalCord",
    "off": 72100,
    "sff": "cord"
  },
  {
    "docID": "N003 Starkey, Bartus et al. 2012",
    "et": "SpinalCord",
    "off": 66414,
    "sff": "cord"
  },
  {
    "docID": "N003 Starkey, Bartus et al. 2012",
    "et": "SpinalCord",
    "off": 43376,
    "sff": "cord"
  },
  {
    "docID": "N003 Starkey, Bartus et al. 2012",
    "et": "SpinalCord",
    "off": 62058,
    "sff": "cord"
  },
  {
    "docID": "N003 Starkey, Bartus et al. 2012",
    "et": "SpinalCord",
    "off": 78954,
    "sff": "cord"
  },
  {
    "docID": "N003 Starkey, Bartus et al. 2012",
    "et": "SpinalCord",
    "off": 61291,
    "sff": "cord"
  },
  {
    "docID": "N003 Starkey, Bartus et al. 2012",
    "et": "SpinalCord",
    "off": 41590,
    "sff": "cord"
  },
  {
    "docID": "N003 Starkey, Bartus et al. 2012",
    "et": "SpinalCord",
    "off": 79224,
    "sff": "cord"
  },
  {
    "docID": "N003 Starkey, Bartus et al. 2012",
    "et": "SpinalCord",
    "off": 2424,
    "sff": "cord"
  },
  {
    "docID": "N003 Starkey, Bartus et al. 2012",
    "et": "SpinalCord",
    "off": 22136,
    "sff": "cord"
  },
  {
    "docID": "N003 Starkey, Bartus et al. 2012",
    "et": "SpinalCord",
    "off": 24696,
    "sff": "cord"
  },
  {
    "docID": "N003 Starkey, Bartus et al. 2012",
    "et": "SpinalCord",
    "off": 72306,
    "sff": "cord"
  },
  {
    "docID": "N003 Starkey, Bartus et al. 2012",
    "et": "SpinalCord",
    "off": 28275,
    "sff": "cord"
  },
  {
    "docID": "N003 Starkey, Bartus et al. 2012",
    "et": "SpinalCord",
    "off": 5492,
    "sff": "cord"
  },
  {
    "docID": "N003 Starkey, Bartus et al. 2012",
    "et": "SpinalCord",
    "off": 56958,
    "sff": "cord"
  },
  {
    "docID": "N003 Starkey, Bartus et al. 2012",
    "et": "SpinalCord",
    "off": 31614,
    "sff": "cord"
  },
  {
    "docID": "N003 Starkey, Bartus et al. 2012",
    "et": "SpinalCord",
    "off": 66941,
    "sff": "cord"
  },
  {
    "docID": "N003 Starkey, Bartus et al. 2012",
    "et": "SpinalCord",
    "off": 1663,
    "sff": "cord"
  },
  {
    "docID": "N003 Starkey, Bartus et al. 2012",
    "et": "SpinalCord",
    "off": 25727,
    "sff": "cord"
  },
  {
    "docID": "N003 Starkey, Bartus et al. 2012",
    "et": "SpinalCord",
    "off": 18300,
    "sff": "cord"
  },
  {
    "docID": "N003 Starkey, Bartus et al. 2012",
    "et": "SpinalCord",
    "off": 73350,
    "sff": "cord"
  },
  {
    "docID": "N003 Starkey, Bartus et al. 2012",
    "et": "SpinalCord",
    "off": 50256,
    "sff": "cord"
  },
  {
    "docID": "N003 Starkey, Bartus et al. 2012",
    "et": "SpinalCord",
    "off": 40521,
    "sff": "cord"
  },
  {
    "docID": "N003 Starkey, Bartus et al. 2012",
    "et": "SpinalCord",
    "off": 51543,
    "sff": "cord"
  },
  {
    "docID": "N003 Starkey, Bartus et al. 2012",
    "et": "SpinalCord",
    "off": 5716,
    "sff": "cord"
  },
  {
    "docID": "N003 Starkey, Bartus et al. 2012",
    "et": "SpinalCord",
    "off": 25949,
    "sff": "cord"
  },
  {
    "docID": "N003 Starkey, Bartus et al. 2012",
    "et": "SpinalCord",
    "off": 58973,
    "sff": "cord"
  },
  {
    "docID": "N003 Starkey, Bartus et al. 2012",
    "et": "SpinalCord",
    "off": 70752,
    "sff": "cord"
  },
  {
    "docID": "N003 Starkey, Bartus et al. 2012",
    "et": "SpinalCord",
    "off": 22624,
    "sff": "cord"
  },
  {
    "docID": "N003 Starkey, Bartus et al. 2012",
    "et": "SpinalCord",
    "off": 70495,
    "sff": "cord"
  },
  {
    "docID": "N003 Starkey, Bartus et al. 2012",
    "et": "SpinalCord",
    "off": 75100,
    "sff": "cord"
  },
  {
    "docID": "N003 Starkey, Bartus et al. 2012",
    "et": "SpinalCord",
    "off": 76134,
    "sff": "cord"
  },
  {
    "docID": "N003 Starkey, Bartus et al. 2012",
    "et": "SpinalCord",
    "off": 74344,
    "sff": "cord"
  },
  {
    "docID": "N003 Starkey, Bartus et al. 2012",
    "et": "SpinalCord",
    "off": 34146,
    "sff": "cord"
  },
  {
    "docID": "N003 Starkey, Bartus et al. 2012",
    "et": "SpinalCord",
    "off": 28515,
    "sff": "cord"
  },
  {
    "docID": "N003 Starkey, Bartus et al. 2012",
    "et": "DorsalColumn",
    "off": 25935,
    "sff": "dorsal"
  },
  {
    "docID": "N003 Starkey, Bartus et al. 2012",
    "et": "DorsalColumn",
    "off": 61774,
    "sff": "dorsal"
  },
  {
    "docID": "N003 Starkey, Bartus et al. 2012",
    "et": "DorsalColumn",
    "off": 28293,
    "sff": "dorsal column"
  },
  {
    "docID": "N003 Starkey, Bartus et al. 2012",
    "et": "DorsalColumn",
    "off": 43914,
    "sff": "dorsal"
  },
  {
    "docID": "N003 Starkey, Bartus et al. 2012",
    "et": "DorsalColumn",
    "off": 38764,
    "sff": "dorsal"
  },
  {
    "docID": "N003 Starkey, Bartus et al. 2012",
    "et": "DorsalColumn",
    "off": 6106,
    "sff": "dorsal column"
  },
  {
    "docID": "N003 Starkey, Bartus et al. 2012",
    "et": "DorsalColumn",
    "off": 21766,
    "sff": "dorsal"
  },
  {
    "docID": "N003 Starkey, Bartus et al. 2012",
    "et": "DorsalColumn",
    "off": 62341,
    "sff": "dorsal"
  },
  {
    "docID": "N003 Starkey, Bartus et al. 2012",
    "et": "DorsalColumn",
    "off": 34687,
    "sff": "dorsal"
  },
  {
    "docID": "N003 Starkey, Bartus et al. 2012",
    "et": "DorsalColumn",
    "off": 26017,
    "sff": "dorsal"
  },
  {
    "docID": "N003 Starkey, Bartus et al. 2012",
    "et": "DorsalColumn",
    "off": 50721,
    "sff": "dorsal"
  },
  {
    "docID": "N003 Starkey, Bartus et al. 2012",
    "et": "DorsalColumn",
    "off": 44576,
    "sff": "dorsal"
  },
  {
    "docID": "N003 Starkey, Bartus et al. 2012",
    "et": "DorsalColumn",
    "off": 44949,
    "sff": "dorsal column"
  },
  {
    "docID": "N003 Starkey, Bartus et al. 2012",
    "et": "DorsalColumn",
    "off": 34107,
    "sff": "dorsal"
  },
  {
    "docID": "N003 Starkey, Bartus et al. 2012",
    "et": "DorsalColumn",
    "off": 77771,
    "sff": "dorsal column"
  },
  {
    "docID": "N003 Starkey, Bartus et al. 2012",
    "et": "DorsalColumn",
    "off": 62841,
    "sff": "dorsal"
  },
  {
    "docID": "N003 Starkey, Bartus et al. 2012",
    "et": "DorsalColumn",
    "off": 25689,
    "sff": "dorsal"
  },
  {
    "docID": "N003 Starkey, Bartus et al. 2012",
    "et": "DorsalColumn",
    "off": 39149,
    "sff": "dorsal column"
  },
  {
    "docID": "N003 Starkey, Bartus et al. 2012",
    "et": "DorsalColumn",
    "off": 66484,
    "sff": "dorsal"
  },
  {
    "docID": "N003 Starkey, Bartus et al. 2012",
    "et": "LesionAdjacentTissue",
    "off": 12767,
    "sff": "lesion"
  },
  {
    "docID": "N003 Starkey, Bartus et al. 2012",
    "et": "LesionAdjacentTissue",
    "off": 43807,
    "sff": "lesion"
  },
  {
    "docID": "N003 Starkey, Bartus et al. 2012",
    "et": "LesionAdjacentTissue",
    "off": 33826,
    "sff": "lesion"
  },
  {
    "docID": "N003 Starkey, Bartus et al. 2012",
    "et": "LesionAdjacentTissue",
    "off": 62076,
    "sff": "lesion"
  },
  {
    "docID": "N003 Starkey, Bartus et al. 2012",
    "et": "LesionAdjacentTissue",
    "off": 65209,
    "sff": "lesion"
  },
  {
    "docID": "N003 Starkey, Bartus et al. 2012",
    "et": "LesionAdjacentTissue",
    "off": 79863,
    "sff": "lesion"
  },
  {
    "docID": "N003 Starkey, Bartus et al. 2012",
    "et": "LesionAdjacentTissue",
    "off": 77813,
    "sff": "lesion"
  },
  {
    "docID": "N003 Starkey, Bartus et al. 2012",
    "et": "LesionAdjacentTissue",
    "off": 45395,
    "sff": "lesion"
  },
  {
    "docID": "N003 Starkey, Bartus et al. 2012",
    "et": "LesionAdjacentTissue",
    "off": 60662,
    "sff": "lesion"
  },
  {
    "docID": "N003 Starkey, Bartus et al. 2012",
    "et": "LesionAdjacentTissue",
    "off": 33551,
    "sff": "lesion"
  },
  {
    "docID": "N003 Starkey, Bartus et al. 2012",
    "et": "LesionAdjacentTissue",
    "off": 34799,
    "sff": "lesion"
  },
  {
    "docID": "N003 Starkey, Bartus et al. 2012",
    "et": "LesionAdjacentTissue",
    "off": 11346,
    "sff": "lesion"
  },
  {
    "docID": "N003 Starkey, Bartus et al. 2012",
    "et": "LesionAdjacentTissue",
    "off": 82925,
    "sff": "lesion"
  },
  {
    "docID": "N003 Starkey, Bartus et al. 2012",
    "et": "LesionAdjacentTissue",
    "off": 18251,
    "sff": "lesion"
  },
  {
    "docID": "N003 Starkey, Bartus et al. 2012",
    "et": "LesionAdjacentTissue",
    "off": 12590,
    "sff": "lesion"
  },
  {
    "docID": "N003 Starkey, Bartus et al. 2012",
    "et": "LesionAdjacentTissue",
    "off": 65289,
    "sff": "lesion"
  },
  {
    "docID": "N003 Starkey, Bartus et al. 2012",
    "et": "LesionAdjacentTissue",
    "off": 74313,
    "sff": "lesion"
  },
  {
    "docID": "N003 Starkey, Bartus et al. 2012",
    "et": "LesionAdjacentTissue",
    "off": 17354,
    "sff": "lesion"
  },
  {
    "docID": "N003 Starkey, Bartus et al. 2012",
    "et": "LesionAdjacentTissue",
    "off": 34473,
    "sff": "lesion"
  },
  {
    "docID": "N003 Starkey, Bartus et al. 2012",
    "et": "LesionAdjacentTissue",
    "off": 61992,
    "sff": "lesion"
  },
  {
    "docID": "N003 Starkey, Bartus et al. 2012",
    "et": "LesionAdjacentTissue",
    "off": 83208,
    "sff": "lesion"
  },
  {
    "docID": "N003 Starkey, Bartus et al. 2012",
    "et": "LesionAdjacentTissue",
    "off": 49126,
    "sff": "lesion"
  },
  {
    "docID": "N003 Starkey, Bartus et al. 2012",
    "et": "InfusionDelivery",
    "off": 16635,
    "sff": "infusion"
  },
  {
    "docID": "N003 Starkey, Bartus et al. 2012",
    "et": "Cervical",
    "off": 34587,
    "sff": "cervical"
  },
  {
    "docID": "N003 Starkey, Bartus et al. 2012",
    "et": "Cervical",
    "off": 43292,
    "sff": "cervical"
  },
  {
    "docID": "N003 Starkey, Bartus et al. 2012",
    "et": "Cervical",
    "off": 58780,
    "sff": "cervical"
  },
  {
    "docID": "N003 Starkey, Bartus et al. 2012",
    "et": "Cervical",
    "off": 66398,
    "sff": "cervical"
  },
  {
    "docID": "N003 Starkey, Bartus et al. 2012",
    "et": "Cervical",
    "off": 29208,
    "sff": "cervical"
  },
  {
    "docID": "N003 Starkey, Bartus et al. 2012",
    "et": "Cervical",
    "off": 33303,
    "sff": "cervical"
  },
  {
    "docID": "N003 Starkey, Bartus et al. 2012",
    "et": "Cervical",
    "off": 61857,
    "sff": "cervical"
  },
  {
    "docID": "N003 Starkey, Bartus et al. 2012",
    "et": "Cervical",
    "off": 61411,
    "sff": "cervical"
  },
  {
    "docID": "N003 Starkey, Bartus et al. 2012",
    "et": "Cervical",
    "off": 34130,
    "sff": "cervical"
  },
  {
    "docID": "N003 Starkey, Bartus et al. 2012",
    "et": "Cervical",
    "off": 41574,
    "sff": "cervical"
  },
  {
    "docID": "N003 Starkey, Bartus et al. 2012",
    "et": "Cervical",
    "off": 45990,
    "sff": "cervical"
  },
  {
    "docID": "N003 Starkey, Bartus et al. 2012",
    "et": "Cervical",
    "off": 48490,
    "sff": "cervical"
  },
  {
    "docID": "N003 Starkey, Bartus et al. 2012",
    "et": "Cervical",
    "off": 32588,
    "sff": "cervical"
  },
  {
    "docID": "N003 Starkey, Bartus et al. 2012",
    "et": "Cervical",
    "off": 56821,
    "sff": "cervical"
  },
  {
    "docID": "N003 Starkey, Bartus et al. 2012",
    "et": "Cervical",
    "off": 49462,
    "sff": "cervical"
  },
  {
    "docID": "N003 Starkey, Bartus et al. 2012",
    "et": "Cervical",
    "off": 19200,
    "sff": "cervical"
  },
  {
    "docID": "N003 Starkey, Bartus et al. 2012",
    "et": "Cervical",
    "off": 32767,
    "sff": "cervical"
  },
  {
    "docID": "N003 Starkey, Bartus et al. 2012",
    "et": "Cervical",
    "off": 58681,
    "sff": "cervical"
  },
  {
    "docID": "N003 Starkey, Bartus et al. 2012",
    "et": "Cervical",
    "off": 32957,
    "sff": "cervical"
  },
  {
    "docID": "N003 Starkey, Bartus et al. 2012",
    "et": "Cervical",
    "off": 48186,
    "sff": "cervical"
  },
  {
    "docID": "N003 Starkey, Bartus et al. 2012",
    "et": "Cervical",
    "off": 58877,
    "sff": "cervical"
  },
  {
    "docID": "N003 Starkey, Bartus et al. 2012",
    "et": "Cervical",
    "off": 40383,
    "sff": "cervical"
  },
  {
    "docID": "N003 Starkey, Bartus et al. 2012",
    "et": "Cervical",
    "off": 26039,
    "sff": "cervical"
  },
  {
    "docID": "N003 Starkey, Bartus et al. 2012",
    "et": "Cervical",
    "off": 77251,
    "sff": "cervical"
  },
  {
    "docID": "N003 Starkey, Bartus et al. 2012",
    "et": "Cervical",
    "off": 46278,
    "sff": "cervical"
  },
  {
    "docID": "N003 Starkey, Bartus et al. 2012",
    "et": "Cervical",
    "off": 6767,
    "sff": "cervical"
  },
  {
    "docID": "N003 Starkey, Bartus et al. 2012",
    "et": "Cervical",
    "off": 17391,
    "sff": "cervical"
  },
  {
    "docID": "N003 Starkey, Bartus et al. 2012",
    "et": "Cervical",
    "off": 25711,
    "sff": "cervical"
  },
  {
    "docID": "N003 Starkey, Bartus et al. 2012",
    "et": "Cervical",
    "off": 22120,
    "sff": "cervical"
  },
  {
    "docID": "N003 Starkey, Bartus et al. 2012",
    "et": "Cervical",
    "off": 24680,
    "sff": "cervical"
  },
  {
    "docID": "N003 Starkey, Bartus et al. 2012",
    "et": "Cervical",
    "off": 39951,
    "sff": "cervical"
  },
  {
    "docID": "N003 Starkey, Bartus et al. 2012",
    "et": "Cervical",
    "off": 20647,
    "sff": "cervical"
  },
  {
    "docID": "N003 Starkey, Bartus et al. 2012",
    "et": "Cervical",
    "off": 48340,
    "sff": "cervical"
  },
  {
    "docID": "N003 Starkey, Bartus et al. 2012",
    "et": "Cervical",
    "off": 33055,
    "sff": "cervical"
  },
  {
    "docID": "N003 Starkey, Bartus et al. 2012",
    "et": "Cervical",
    "off": 39064,
    "sff": "cervical"
  },
  {
    "docID": "N003 Starkey, Bartus et al. 2012",
    "et": "Cervical",
    "off": 48026,
    "sff": "cervical"
  },
  {
    "docID": "N003 Starkey, Bartus et al. 2012",
    "et": "CentralNervousSystem",
    "off": 74182,
    "sff": "nervous system"
  },
  {
    "docID": "N003 Starkey, Bartus et al. 2012",
    "et": "CentralNervousSystem",
    "off": 75836,
    "sff": "central nervous system"
  },
  {
    "docID": "N003 Starkey, Bartus et al. 2012",
    "et": "CentralNervousSystem",
    "off": 78151,
    "sff": "central nervous"
  },
  {
    "docID": "N003 Starkey, Bartus et al. 2012",
    "et": "CentralNervousSystem",
    "off": 44689,
    "sff": "central"
  },
  {
    "docID": "N003 Starkey, Bartus et al. 2012",
    "et": "CentralNervousSystem",
    "off": 62885,
    "sff": "central"
  },
  {
    "docID": "N003 Starkey, Bartus et al. 2012",
    "et": "CentralNervousSystem",
    "off": 82094,
    "sff": "central nervous"
  },
  {
    "docID": "N003 Starkey, Bartus et al. 2012",
    "et": "CentralNervousSystem",
    "off": 79345,
    "sff": "nervous"
  },
  {
    "docID": "N003 Starkey, Bartus et al. 2012",
    "et": "CentralNervousSystem",
    "off": 46589,
    "sff": "central"
  },
  {
    "docID": "N003 Starkey, Bartus et al. 2012",
    "et": "CentralNervousSystem",
    "off": 30017,
    "sff": "central"
  },
  {
    "docID": "N003 Starkey, Bartus et al. 2012",
    "et": "CentralNervousSystem",
    "off": 58978,
    "sff": "central"
  },
  {
    "docID": "N003 Starkey, Bartus et al. 2012",
    "et": "CentralNervousSystem",
    "off": 82094,
    "sff": "central nervous system"
  },
  {
    "docID": "N003 Starkey, Bartus et al. 2012",
    "et": "CentralNervousSystem",
    "off": 75836,
    "sff": "central nervous"
  },
  {
    "docID": "N003 Starkey, Bartus et al. 2012",
    "et": "CentralNervousSystem",
    "off": 79345,
    "sff": "nervous system"
  },
  {
    "docID": "N003 Starkey, Bartus et al. 2012",
    "et": "CentralNervousSystem",
    "off": 44213,
    "sff": "central"
  },
  {
    "docID": "N003 Starkey, Bartus et al. 2012",
    "et": "CentralNervousSystem",
    "off": 74182,
    "sff": "nervous"
  },
  {
    "docID": "N003 Starkey, Bartus et al. 2012",
    "et": "CentralNervousSystem",
    "off": 78151,
    "sff": "central nervous system"
  },
  {
    "docID": "N003 Starkey, Bartus et al. 2012",
    "et": "SpinalGrayMatter",
    "off": 61866,
    "sff": "gray matter"
  },
  {
    "docID": "N003 Starkey, Bartus et al. 2012",
    "et": "Location",
    "off": 29777,
    "sff": "location"
  },
  {
    "docID": "N003 Starkey, Bartus et al. 2012",
    "et": "SubstanceApplicationLocation",
    "off": 73303,
    "sff": "application"
  },
  {
    "docID": "N003 Starkey, Bartus et al. 2012",
    "et": "C1",
    "off": 32919,
    "sff": "C1"
  },
  {
    "docID": "N003 Starkey, Bartus et al. 2012",
    "et": "C1",
    "off": 33281,
    "sff": "C1"
  },
  {
    "docID": "N003 Starkey, Bartus et al. 2012",
    "et": "C1",
    "off": 58861,
    "sff": "C1"
  },
  {
    "docID": "N003 Starkey, Bartus et al. 2012",
    "et": "C5",
    "off": 27530,
    "sff": "C5"
  },
  {
    "docID": "N003 Starkey, Bartus et al. 2012",
    "et": "C5",
    "off": 23497,
    "sff": "C5"
  },
  {
    "docID": "N003 Starkey, Bartus et al. 2012",
    "et": "C5",
    "off": 32934,
    "sff": "C5"
  },
  {
    "docID": "N003 Starkey, Bartus et al. 2012",
    "et": "C5",
    "off": 20676,
    "sff": "C5"
  },
  {
    "docID": "N003 Starkey, Bartus et al. 2012",
    "et": "C5",
    "off": 20756,
    "sff": "C5"
  },
  {
    "docID": "N003 Starkey, Bartus et al. 2012",
    "et": "C5",
    "off": 31264,
    "sff": "C5"
  },
  {
    "docID": "N003 Starkey, Bartus et al. 2012",
    "et": "C5",
    "off": 33296,
    "sff": "C5"
  },
  {
    "docID": "N003 Starkey, Bartus et al. 2012",
    "et": "C6",
    "off": 20760,
    "sff": "C6"
  },
  {
    "docID": "N003 Starkey, Bartus et al. 2012",
    "et": "C6",
    "off": 23501,
    "sff": "C6"
  },
  {
    "docID": "N003 Starkey, Bartus et al. 2012",
    "et": "CorticospinalTract",
    "off": 71708,
    "sff": "corticospinal"
  },
  {
    "docID": "N003 Starkey, Bartus et al. 2012",
    "et": "CorticospinalTract",
    "off": 52223,
    "sff": "corticospinal"
  },
  {
    "docID": "N003 Starkey, Bartus et al. 2012",
    "et": "CorticospinalTract",
    "off": 81013,
    "sff": "corticospinal tract"
  },
  {
    "docID": "N003 Starkey, Bartus et al. 2012",
    "et": "CorticospinalTract",
    "off": 78907,
    "sff": "corticospinal"
  },
  {
    "docID": "N003 Starkey, Bartus et al. 2012",
    "et": "CorticospinalTract",
    "off": 74820,
    "sff": "corticospinal"
  },
  {
    "docID": "N003 Starkey, Bartus et al. 2012",
    "et": "CorticospinalTract",
    "off": 76096,
    "sff": "corticospinal"
  },
  {
    "docID": "N003 Starkey, Bartus et al. 2012",
    "et": "CorticospinalTract",
    "off": 83586,
    "sff": "corticospinal"
  },
  {
    "docID": "N003 Starkey, Bartus et al. 2012",
    "et": "CorticospinalTract",
    "off": 29541,
    "sff": "corticospinal tract"
  },
  {
    "docID": "N003 Starkey, Bartus et al. 2012",
    "et": "CorticospinalTract",
    "off": 80294,
    "sff": "corticospinal tract"
  },
  {
    "docID": "N003 Starkey, Bartus et al. 2012",
    "et": "CorticospinalTract",
    "off": 76967,
    "sff": "corticospinal tract"
  },
  {
    "docID": "N003 Starkey, Bartus et al. 2012",
    "et": "CorticospinalTract",
    "off": 79877,
    "sff": "corticospinal tract"
  },
  {
    "docID": "N003 Starkey, Bartus et al. 2012",
    "et": "CorticospinalTract",
    "off": 203,
    "sff": "corticospinal tract"
  },
  {
    "docID": "N003 Starkey, Bartus et al. 2012",
    "et": "CorticospinalTract",
    "off": 82026,
    "sff": "corticospinal"
  },
  {
    "docID": "N003 Starkey, Bartus et al. 2012",
    "et": "CorticospinalTract",
    "off": 70891,
    "sff": "corticospinal"
  },
  {
    "docID": "N003 Starkey, Bartus et al. 2012",
    "et": "CorticospinalTract",
    "off": 5965,
    "sff": "corticospinal tract"
  },
  {
    "docID": "N003 Starkey, Bartus et al. 2012",
    "et": "CorticospinalTract",
    "off": 68558,
    "sff": "corticospinal tract"
  },
  {
    "docID": "N003 Starkey, Bartus et al. 2012",
    "et": "CorticospinalTract",
    "off": 912,
    "sff": "corticospinal tract"
  },
  {
    "docID": "N003 Starkey, Bartus et al. 2012",
    "et": "C7",
    "off": 20764,
    "sff": "C7"
  },
  {
    "docID": "N003 Starkey, Bartus et al. 2012",
    "et": "C7",
    "off": 23508,
    "sff": "C7"
  },
  {
    "docID": "N003 Starkey, Bartus et al. 2012",
    "et": "C7",
    "off": 20679,
    "sff": "C7"
  },
  {
    "docID": "N003 Starkey, Bartus et al. 2012",
    "et": "C7",
    "off": 58873,
    "sff": "C7"
  },
  {
    "docID": "N003 Starkey, Bartus et al. 2012",
    "et": "SpinalCentralPart",
    "off": 30017,
    "sff": "central"
  },
  {
    "docID": "N003 Starkey, Bartus et al. 2012",
    "et": "SpinalCentralPart",
    "off": 44689,
    "sff": "central"
  },
  {
    "docID": "N003 Starkey, Bartus et al. 2012",
    "et": "SpinalCentralPart",
    "off": 82094,
    "sff": "central"
  },
  {
    "docID": "N003 Starkey, Bartus et al. 2012",
    "et": "SpinalCentralPart",
    "off": 75836,
    "sff": "central"
  },
  {
    "docID": "N003 Starkey, Bartus et al. 2012",
    "et": "SpinalCentralPart",
    "off": 46589,
    "sff": "central"
  },
  {
    "docID": "N003 Starkey, Bartus et al. 2012",
    "et": "SpinalCentralPart",
    "off": 78151,
    "sff": "central"
  },
  {
    "docID": "N003 Starkey, Bartus et al. 2012",
    "et": "SpinalCentralPart",
    "off": 44213,
    "sff": "central"
  },
  {
    "docID": "N003 Starkey, Bartus et al. 2012",
    "et": "SpinalCentralPart",
    "off": 62885,
    "sff": "central"
  },
  {
    "docID": "N003 Starkey, Bartus et al. 2012",
    "et": "SpinalCentralPart",
    "off": 58978,
    "sff": "central"
  },
  {
    "docID": "N003 Starkey, Bartus et al. 2012",
    "et": "InjectionDelivery",
    "off": 74729,
    "sff": "injection"
  },
  {
    "docID": "N003 Starkey, Bartus et al. 2012",
    "et": "InjectionDelivery",
    "off": 16649,
    "sff": "injection"
  },
  {
    "docID": "N003 Starkey, Bartus et al. 2012",
    "et": "InjectionDelivery",
    "off": 16414,
    "sff": "injection"
  },
  {
    "docID": "N003 Starkey, Bartus et al. 2012",
    "et": "InjectionDelivery",
    "off": 12927,
    "sff": "injection"
  },
  {
    "docID": "N003 Starkey, Bartus et al. 2012",
    "et": "InjectionDelivery",
    "off": 13004,
    "sff": "injection"
  },
  {
    "docID": "N003 Starkey, Bartus et al. 2012",
    "et": "InjectionDelivery",
    "off": 16108,
    "sff": "injection"
  },
  {
    "docID": "N003 Starkey, Bartus et al. 2012",
    "et": "InjectionDelivery",
    "off": 38467,
    "sff": "injection"
  },
  {
    "docID": "N003 Starkey, Bartus et al. 2012",
    "et": "InjectionDelivery",
    "off": 5457,
    "sff": "injection"
  },
  {
    "docID": "N003 Starkey, Bartus et al. 2012",
    "et": "SpinalLesionSite",
    "off": 18251,
    "sff": "lesion"
  },
  {
    "docID": "N003 Starkey, Bartus et al. 2012",
    "et": "SpinalLesionSite",
    "off": 62076,
    "sff": "lesion site"
  },
  {
    "docID": "N003 Starkey, Bartus et al. 2012",
    "et": "SpinalLesionSite",
    "off": 82925,
    "sff": "lesion"
  },
  {
    "docID": "N003 Starkey, Bartus et al. 2012",
    "et": "SpinalLesionSite",
    "off": 34473,
    "sff": "lesion"
  },
  {
    "docID": "N003 Starkey, Bartus et al. 2012",
    "et": "SpinalLesionSite",
    "off": 65209,
    "sff": "lesion site"
  },
  {
    "docID": "N003 Starkey, Bartus et al. 2012",
    "et": "SpinalLesionSite",
    "off": 33551,
    "sff": "lesion"
  },
  {
    "docID": "N003 Starkey, Bartus et al. 2012",
    "et": "SpinalLesionSite",
    "off": 34799,
    "sff": "lesion"
  },
  {
    "docID": "N003 Starkey, Bartus et al. 2012",
    "et": "SpinalLesionSite",
    "off": 83208,
    "sff": "lesion"
  },
  {
    "docID": "N003 Starkey, Bartus et al. 2012",
    "et": "SpinalLesionSite",
    "off": 12590,
    "sff": "lesion"
  },
  {
    "docID": "N003 Starkey, Bartus et al. 2012",
    "et": "SpinalLesionSite",
    "off": 74313,
    "sff": "lesion"
  },
  {
    "docID": "N003 Starkey, Bartus et al. 2012",
    "et": "SpinalLesionSite",
    "off": 77813,
    "sff": "lesion site"
  },
  {
    "docID": "N003 Starkey, Bartus et al. 2012",
    "et": "SpinalLesionSite",
    "off": 33826,
    "sff": "lesion"
  },
  {
    "docID": "N003 Starkey, Bartus et al. 2012",
    "et": "SpinalLesionSite",
    "off": 49126,
    "sff": "lesion"
  },
  {
    "docID": "N003 Starkey, Bartus et al. 2012",
    "et": "SpinalLesionSite",
    "off": 17354,
    "sff": "lesion site"
  },
  {
    "docID": "N003 Starkey, Bartus et al. 2012",
    "et": "SpinalLesionSite",
    "off": 65289,
    "sff": "lesion site"
  },
  {
    "docID": "N003 Starkey, Bartus et al. 2012",
    "et": "SpinalLesionSite",
    "off": 12767,
    "sff": "lesion"
  },
  {
    "docID": "N003 Starkey, Bartus et al. 2012",
    "et": "SpinalLesionSite",
    "off": 43807,
    "sff": "lesion"
  },
  {
    "docID": "N003 Starkey, Bartus et al. 2012",
    "et": "SpinalLesionSite",
    "off": 61992,
    "sff": "lesion site"
  },
  {
    "docID": "N003 Starkey, Bartus et al. 2012",
    "et": "SpinalLesionSite",
    "off": 45395,
    "sff": "lesion"
  },
  {
    "docID": "N003 Starkey, Bartus et al. 2012",
    "et": "SpinalLesionSite",
    "off": 11346,
    "sff": "lesion"
  },
  {
    "docID": "N003 Starkey, Bartus et al. 2012",
    "et": "SpinalLesionSite",
    "off": 79863,
    "sff": "lesion"
  },
  {
    "docID": "N003 Starkey, Bartus et al. 2012",
    "et": "SpinalLesionSite",
    "off": 60662,
    "sff": "lesion"
  },
  {
    "docID": "N003 Starkey, Bartus et al. 2012",
    "et": "RubrospinalTract",
    "off": 76725,
    "sff": "rubrospinal"
  },
  {
    "docID": "N003 Starkey, Bartus et al. 2012",
    "et": "RubrospinalTract",
    "off": 63457,
    "sff": "rubrospinal tract"
  },
  {
    "docID": "N003 Starkey, Bartus et al. 2012",
    "et": "RubrospinalTract",
    "off": 72269,
    "sff": "rubrospinal"
  },
  {
    "docID": "N003 Starkey, Bartus et al. 2012",
    "et": "RubrospinalTract",
    "off": 60533,
    "sff": "rubrospinal tract"
  },
  {
    "docID": "N003 Starkey, Bartus et al. 2012",
    "et": "RubrospinalTract",
    "off": 82425,
    "sff": "rubrospinal"
  },
  {
    "docID": "N003 Starkey, Bartus et al. 2012",
    "et": "RubrospinalTract",
    "off": 63335,
    "sff": "rubrospinal tract"
  }
]
