[
  {
    "docID": "N006 Filous, Tran et al. 2014",
    "et": "T12",
    "off": 19563,
    "sff": "T12"
  },
  {
    "docID": "N006 Filous, Tran et al. 2014",
    "et": "Brain",
    "off": 79256,
    "sff": "Brain"
  },
  {
    "docID": "N006 Filous, Tran et al. 2014",
    "et": "Brain",
    "off": 74750,
    "sff": "brain"
  },
  {
    "docID": "N006 Filous, Tran et al. 2014",
    "et": "Brain",
    "off": 77694,
    "sff": "brain"
  },
  {
    "docID": "N006 Filous, Tran et al. 2014",
    "et": "Brain",
    "off": 71792,
    "sff": "Brain"
  },
  {
    "docID": "N006 Filous, Tran et al. 2014",
    "et": "Brain",
    "off": 81345,
    "sff": "Brain"
  },
  {
    "docID": "N006 Filous, Tran et al. 2014",
    "et": "Brain",
    "off": 56230,
    "sff": "brain"
  },
  {
    "docID": "N006 Filous, Tran et al. 2014",
    "et": "AscendingFiberTract",
    "off": 24348,
    "sff": "fiber"
  },
  {
    "docID": "N006 Filous, Tran et al. 2014",
    "et": "AscendingFiberTract",
    "off": 32380,
    "sff": "fiber"
  },
  {
    "docID": "N006 Filous, Tran et al. 2014",
    "et": "AscendingFiberTract",
    "off": 33100,
    "sff": "fiber"
  },
  {
    "docID": "N006 Filous, Tran et al. 2014",
    "et": "AscendingFiberTract",
    "off": 81133,
    "sff": "fiber"
  },
  {
    "docID": "N006 Filous, Tran et al. 2014",
    "et": "AscendingFiberTract",
    "off": 33821,
    "sff": "fiber"
  },
  {
    "docID": "N006 Filous, Tran et al. 2014",
    "et": "AscendingFiberTract",
    "off": 33634,
    "sff": "Fiber"
  },
  {
    "docID": "N006 Filous, Tran et al. 2014",
    "et": "AscendingFiberTract",
    "off": 33698,
    "sff": "Fiber"
  },
  {
    "docID": "N006 Filous, Tran et al. 2014",
    "et": "AscendingFiberTract",
    "off": 34516,
    "sff": "fiber"
  },
  {
    "docID": "N006 Filous, Tran et al. 2014",
    "et": "AscendingFiberTract",
    "off": 58439,
    "sff": "fiber"
  },
  {
    "docID": "N006 Filous, Tran et al. 2014",
    "et": "AscendingFiberTract",
    "off": 32071,
    "sff": "fiber"
  },
  {
    "docID": "N006 Filous, Tran et al. 2014",
    "et": "AscendingFiberTract",
    "off": 58422,
    "sff": "fiber"
  },
  {
    "docID": "N006 Filous, Tran et al. 2014",
    "et": "Intraspinal",
    "off": 75751,
    "sff": "intraspinal"
  },
  {
    "docID": "N006 Filous, Tran et al. 2014",
    "et": "SpinalWhiteMatter",
    "off": 4774,
    "sff": "white matter"
  },
  {
    "docID": "N006 Filous, Tran et al. 2014",
    "et": "SpinalWhiteMatter",
    "off": 60388,
    "sff": "white matter"
  },
  {
    "docID": "N006 Filous, Tran et al. 2014",
    "et": "SpinalWhiteMatter",
    "off": 68740,
    "sff": "white matter"
  },
  {
    "docID": "N006 Filous, Tran et al. 2014",
    "et": "SpinalWhiteMatter",
    "off": 70115,
    "sff": "white matter"
  },
  {
    "docID": "N006 Filous, Tran et al. 2014",
    "et": "SpinalWhiteMatter",
    "off": 68334,
    "sff": "white matter"
  },
  {
    "docID": "N006 Filous, Tran et al. 2014",
    "et": "SpinalWhiteMatter",
    "off": 77325,
    "sff": "white matter"
  },
  {
    "docID": "N006 Filous, Tran et al. 2014",
    "et": "SpinalWhiteMatter",
    "off": 82299,
    "sff": "white matter"
  },
  {
    "docID": "N006 Filous, Tran et al. 2014",
    "et": "SpinalFiberTract",
    "off": 58422,
    "sff": "fiber"
  },
  {
    "docID": "N006 Filous, Tran et al. 2014",
    "et": "SpinalFiberTract",
    "off": 32071,
    "sff": "fiber"
  },
  {
    "docID": "N006 Filous, Tran et al. 2014",
    "et": "SpinalFiberTract",
    "off": 58439,
    "sff": "fiber"
  },
  {
    "docID": "N006 Filous, Tran et al. 2014",
    "et": "SpinalFiberTract",
    "off": 33634,
    "sff": "Fiber"
  },
  {
    "docID": "N006 Filous, Tran et al. 2014",
    "et": "SpinalFiberTract",
    "off": 33698,
    "sff": "Fiber"
  },
  {
    "docID": "N006 Filous, Tran et al. 2014",
    "et": "SpinalFiberTract",
    "off": 24348,
    "sff": "fiber"
  },
  {
    "docID": "N006 Filous, Tran et al. 2014",
    "et": "SpinalFiberTract",
    "off": 32380,
    "sff": "fiber"
  },
  {
    "docID": "N006 Filous, Tran et al. 2014",
    "et": "SpinalFiberTract",
    "off": 33100,
    "sff": "fiber"
  },
  {
    "docID": "N006 Filous, Tran et al. 2014",
    "et": "SpinalFiberTract",
    "off": 33821,
    "sff": "fiber"
  },
  {
    "docID": "N006 Filous, Tran et al. 2014",
    "et": "SpinalFiberTract",
    "off": 81133,
    "sff": "fiber"
  },
  {
    "docID": "N006 Filous, Tran et al. 2014",
    "et": "SpinalFiberTract",
    "off": 34516,
    "sff": "fiber"
  },
  {
    "docID": "N006 Filous, Tran et al. 2014",
    "et": "SpinalDorsalHalf",
    "off": 17397,
    "sff": "Dorsal"
  },
  {
    "docID": "N006 Filous, Tran et al. 2014",
    "et": "SpinalDorsalHalf",
    "off": 31864,
    "sff": "dorsal"
  },
  {
    "docID": "N006 Filous, Tran et al. 2014",
    "et": "SpinalDorsalHalf",
    "off": 58740,
    "sff": "dorsal"
  },
  {
    "docID": "N006 Filous, Tran et al. 2014",
    "et": "SpinalDorsalHalf",
    "off": 58229,
    "sff": "dorsal"
  },
  {
    "docID": "N006 Filous, Tran et al. 2014",
    "et": "SpinalDorsalHalf",
    "off": 73109,
    "sff": "dorsal"
  },
  {
    "docID": "N006 Filous, Tran et al. 2014",
    "et": "SpinalDorsalHalf",
    "off": 18701,
    "sff": "dorsal"
  },
  {
    "docID": "N006 Filous, Tran et al. 2014",
    "et": "SpinalDorsalHalf",
    "off": 56780,
    "sff": "dorsal"
  },
  {
    "docID": "N006 Filous, Tran et al. 2014",
    "et": "SpinalDorsalHalf",
    "off": 77069,
    "sff": "dorsal"
  },
  {
    "docID": "N006 Filous, Tran et al. 2014",
    "et": "SpinalDorsalHalf",
    "off": 17898,
    "sff": "dorsal"
  },
  {
    "docID": "N006 Filous, Tran et al. 2014",
    "et": "SpinalDorsalHalf",
    "off": 57129,
    "sff": "dorsal"
  },
  {
    "docID": "N006 Filous, Tran et al. 2014",
    "et": "SpinalDorsalHalf",
    "off": 82050,
    "sff": "dorsal"
  },
  {
    "docID": "N006 Filous, Tran et al. 2014",
    "et": "SpinalDorsalHalf",
    "off": 61472,
    "sff": "dorsal"
  },
  {
    "docID": "N006 Filous, Tran et al. 2014",
    "et": "SpinalDorsalHalf",
    "off": 4188,
    "sff": "dorsal"
  },
  {
    "docID": "N006 Filous, Tran et al. 2014",
    "et": "SpinalDorsalHalf",
    "off": 61631,
    "sff": "dorsal"
  },
  {
    "docID": "N006 Filous, Tran et al. 2014",
    "et": "SpinalDorsalHalf",
    "off": 1695,
    "sff": "dorsal"
  },
  {
    "docID": "N006 Filous, Tran et al. 2014",
    "et": "SpinalDorsalHalf",
    "off": 17663,
    "sff": "dorsal"
  },
  {
    "docID": "N006 Filous, Tran et al. 2014",
    "et": "SpinalCord",
    "off": 70388,
    "sff": "cord"
  },
  {
    "docID": "N006 Filous, Tran et al. 2014",
    "et": "SpinalCord",
    "off": 19956,
    "sff": "cord"
  },
  {
    "docID": "N006 Filous, Tran et al. 2014",
    "et": "SpinalCord",
    "off": 78001,
    "sff": "cord"
  },
  {
    "docID": "N006 Filous, Tran et al. 2014",
    "et": "SpinalCord",
    "off": 78321,
    "sff": "cord"
  },
  {
    "docID": "N006 Filous, Tran et al. 2014",
    "et": "SpinalCord",
    "off": 7413,
    "sff": "cord"
  },
  {
    "docID": "N006 Filous, Tran et al. 2014",
    "et": "SpinalCord",
    "off": 79593,
    "sff": "cord"
  },
  {
    "docID": "N006 Filous, Tran et al. 2014",
    "et": "SpinalCord",
    "off": 37423,
    "sff": "cord"
  },
  {
    "docID": "N006 Filous, Tran et al. 2014",
    "et": "SpinalCord",
    "off": 71663,
    "sff": "cord"
  },
  {
    "docID": "N006 Filous, Tran et al. 2014",
    "et": "SpinalCord",
    "off": 74926,
    "sff": "cord"
  },
  {
    "docID": "N006 Filous, Tran et al. 2014",
    "et": "SpinalCord",
    "off": 8551,
    "sff": "cord"
  },
  {
    "docID": "N006 Filous, Tran et al. 2014",
    "et": "SpinalCord",
    "off": 80923,
    "sff": "cord"
  },
  {
    "docID": "N006 Filous, Tran et al. 2014",
    "et": "SpinalCord",
    "off": 31642,
    "sff": "cord"
  },
  {
    "docID": "N006 Filous, Tran et al. 2014",
    "et": "SpinalCord",
    "off": 79775,
    "sff": "cord"
  },
  {
    "docID": "N006 Filous, Tran et al. 2014",
    "et": "SpinalCord",
    "off": 77534,
    "sff": "cord"
  },
  {
    "docID": "N006 Filous, Tran et al. 2014",
    "et": "SpinalCord",
    "off": 274,
    "sff": "Cord"
  },
  {
    "docID": "N006 Filous, Tran et al. 2014",
    "et": "SpinalCord",
    "off": 2060,
    "sff": "cord"
  },
  {
    "docID": "N006 Filous, Tran et al. 2014",
    "et": "SpinalCord",
    "off": 5324,
    "sff": "cord"
  },
  {
    "docID": "N006 Filous, Tran et al. 2014",
    "et": "SpinalCord",
    "off": 83275,
    "sff": "cord"
  },
  {
    "docID": "N006 Filous, Tran et al. 2014",
    "et": "SpinalCord",
    "off": 79434,
    "sff": "cord"
  },
  {
    "docID": "N006 Filous, Tran et al. 2014",
    "et": "SpinalCord",
    "off": 80016,
    "sff": "cord"
  },
  {
    "docID": "N006 Filous, Tran et al. 2014",
    "et": "SpinalCord",
    "off": 82640,
    "sff": "cord"
  },
  {
    "docID": "N006 Filous, Tran et al. 2014",
    "et": "SpinalCord",
    "off": 71236,
    "sff": "cord"
  },
  {
    "docID": "N006 Filous, Tran et al. 2014",
    "et": "SpinalCord",
    "off": 38788,
    "sff": "cord"
  },
  {
    "docID": "N006 Filous, Tran et al. 2014",
    "et": "SpinalCord",
    "off": 76102,
    "sff": "cord"
  },
  {
    "docID": "N006 Filous, Tran et al. 2014",
    "et": "SpinalCord",
    "off": 18041,
    "sff": "cord"
  },
  {
    "docID": "N006 Filous, Tran et al. 2014",
    "et": "SpinalCord",
    "off": 1024,
    "sff": "cord"
  },
  {
    "docID": "N006 Filous, Tran et al. 2014",
    "et": "SpinalCord",
    "off": 16445,
    "sff": "cord"
  },
  {
    "docID": "N006 Filous, Tran et al. 2014",
    "et": "SpinalCord",
    "off": 22781,
    "sff": "cord"
  },
  {
    "docID": "N006 Filous, Tran et al. 2014",
    "et": "SpinalCord",
    "off": 3966,
    "sff": "cord"
  },
  {
    "docID": "N006 Filous, Tran et al. 2014",
    "et": "SpinalCord",
    "off": 76349,
    "sff": "cord"
  },
  {
    "docID": "N006 Filous, Tran et al. 2014",
    "et": "SpinalCord",
    "off": 78461,
    "sff": "cord"
  },
  {
    "docID": "N006 Filous, Tran et al. 2014",
    "et": "DorsalColumn",
    "off": 57129,
    "sff": "dorsal column"
  },
  {
    "docID": "N006 Filous, Tran et al. 2014",
    "et": "DorsalColumn",
    "off": 58740,
    "sff": "dorsal"
  },
  {
    "docID": "N006 Filous, Tran et al. 2014",
    "et": "DorsalColumn",
    "off": 73109,
    "sff": "dorsal"
  },
  {
    "docID": "N006 Filous, Tran et al. 2014",
    "et": "DorsalColumn",
    "off": 17663,
    "sff": "dorsal column"
  },
  {
    "docID": "N006 Filous, Tran et al. 2014",
    "et": "DorsalColumn",
    "off": 61472,
    "sff": "dorsal"
  },
  {
    "docID": "N006 Filous, Tran et al. 2014",
    "et": "DorsalColumn",
    "off": 1695,
    "sff": "dorsal"
  },
  {
    "docID": "N006 Filous, Tran et al. 2014",
    "et": "DorsalColumn",
    "off": 61631,
    "sff": "dorsal"
  },
  {
    "docID": "N006 Filous, Tran et al. 2014",
    "et": "DorsalColumn",
    "off": 4188,
    "sff": "dorsal column"
  },
  {
    "docID": "N006 Filous, Tran et al. 2014",
    "et": "DorsalColumn",
    "off": 31864,
    "sff": "dorsal column"
  },
  {
    "docID": "N006 Filous, Tran et al. 2014",
    "et": "DorsalColumn",
    "off": 82050,
    "sff": "dorsal"
  },
  {
    "docID": "N006 Filous, Tran et al. 2014",
    "et": "DorsalColumn",
    "off": 58229,
    "sff": "dorsal column"
  },
  {
    "docID": "N006 Filous, Tran et al. 2014",
    "et": "DorsalColumn",
    "off": 56780,
    "sff": "dorsal"
  },
  {
    "docID": "N006 Filous, Tran et al. 2014",
    "et": "DorsalColumn",
    "off": 17397,
    "sff": "Dorsal column"
  },
  {
    "docID": "N006 Filous, Tran et al. 2014",
    "et": "DorsalColumn",
    "off": 17898,
    "sff": "dorsal"
  },
  {
    "docID": "N006 Filous, Tran et al. 2014",
    "et": "DorsalColumn",
    "off": 18701,
    "sff": "dorsal column"
  },
  {
    "docID": "N006 Filous, Tran et al. 2014",
    "et": "DorsalColumn",
    "off": 77069,
    "sff": "dorsal"
  },
  {
    "docID": "N006 Filous, Tran et al. 2014",
    "et": "LesionAdjacentTissue",
    "off": 1094,
    "sff": "lesion"
  },
  {
    "docID": "N006 Filous, Tran et al. 2014",
    "et": "LesionAdjacentTissue",
    "off": 37573,
    "sff": "lesion"
  },
  {
    "docID": "N006 Filous, Tran et al. 2014",
    "et": "LesionAdjacentTissue",
    "off": 23235,
    "sff": "lesion"
  },
  {
    "docID": "N006 Filous, Tran et al. 2014",
    "et": "LesionAdjacentTissue",
    "off": 3785,
    "sff": "lesion"
  },
  {
    "docID": "N006 Filous, Tran et al. 2014",
    "et": "LesionAdjacentTissue",
    "off": 36553,
    "sff": "lesion"
  },
  {
    "docID": "N006 Filous, Tran et al. 2014",
    "et": "LesionAdjacentTissue",
    "off": 35144,
    "sff": "lesion"
  },
  {
    "docID": "N006 Filous, Tran et al. 2014",
    "et": "LesionAdjacentTissue",
    "off": 59078,
    "sff": "lesion"
  },
  {
    "docID": "N006 Filous, Tran et al. 2014",
    "et": "LesionAdjacentTissue",
    "off": 36690,
    "sff": "lesion"
  },
  {
    "docID": "N006 Filous, Tran et al. 2014",
    "et": "LesionAdjacentTissue",
    "off": 32112,
    "sff": "adjacent"
  },
  {
    "docID": "N006 Filous, Tran et al. 2014",
    "et": "LesionAdjacentTissue",
    "off": 1844,
    "sff": "lesion"
  },
  {
    "docID": "N006 Filous, Tran et al. 2014",
    "et": "LesionAdjacentTissue",
    "off": 2740,
    "sff": "lesion"
  },
  {
    "docID": "N006 Filous, Tran et al. 2014",
    "et": "LesionAdjacentTissue",
    "off": 33844,
    "sff": "lesion"
  },
  {
    "docID": "N006 Filous, Tran et al. 2014",
    "et": "LesionAdjacentTissue",
    "off": 2359,
    "sff": "lesion"
  },
  {
    "docID": "N006 Filous, Tran et al. 2014",
    "et": "LesionAdjacentTissue",
    "off": 18103,
    "sff": "lesion"
  },
  {
    "docID": "N006 Filous, Tran et al. 2014",
    "et": "LesionAdjacentTissue",
    "off": 32695,
    "sff": "lesion"
  },
  {
    "docID": "N006 Filous, Tran et al. 2014",
    "et": "LesionAdjacentTissue",
    "off": 36158,
    "sff": "lesion"
  },
  {
    "docID": "N006 Filous, Tran et al. 2014",
    "et": "LesionAdjacentTissue",
    "off": 33725,
    "sff": "lesion"
  },
  {
    "docID": "N006 Filous, Tran et al. 2014",
    "et": "LesionAdjacentTissue",
    "off": 60736,
    "sff": "lesion"
  },
  {
    "docID": "N006 Filous, Tran et al. 2014",
    "et": "LesionAdjacentTissue",
    "off": 2620,
    "sff": "lesion"
  },
  {
    "docID": "N006 Filous, Tran et al. 2014",
    "et": "LesionAdjacentTissue",
    "off": 35647,
    "sff": "lesion"
  },
  {
    "docID": "N006 Filous, Tran et al. 2014",
    "et": "LesionAdjacentTissue",
    "off": 38314,
    "sff": "lesion"
  },
  {
    "docID": "N006 Filous, Tran et al. 2014",
    "et": "LesionAdjacentTissue",
    "off": 35496,
    "sff": "lesion"
  },
  {
    "docID": "N006 Filous, Tran et al. 2014",
    "et": "LesionAdjacentTissue",
    "off": 46760,
    "sff": "lesion"
  },
  {
    "docID": "N006 Filous, Tran et al. 2014",
    "et": "LesionAdjacentTissue",
    "off": 69798,
    "sff": "lesion"
  },
  {
    "docID": "N006 Filous, Tran et al. 2014",
    "et": "LesionAdjacentTissue",
    "off": 33581,
    "sff": "lesion"
  },
  {
    "docID": "N006 Filous, Tran et al. 2014",
    "et": "LesionAdjacentTissue",
    "off": 19883,
    "sff": "lesion"
  },
  {
    "docID": "N006 Filous, Tran et al. 2014",
    "et": "LesionAdjacentTissue",
    "off": 68651,
    "sff": "lesion"
  },
  {
    "docID": "N006 Filous, Tran et al. 2014",
    "et": "LesionAdjacentTissue",
    "off": 36373,
    "sff": "lesion"
  },
  {
    "docID": "N006 Filous, Tran et al. 2014",
    "et": "LesionAdjacentTissue",
    "off": 58778,
    "sff": "lesion"
  },
  {
    "docID": "N006 Filous, Tran et al. 2014",
    "et": "LesionAdjacentTissue",
    "off": 57492,
    "sff": "lesion"
  },
  {
    "docID": "N006 Filous, Tran et al. 2014",
    "et": "LesionAdjacentTissue",
    "off": 17438,
    "sff": "lesion"
  },
  {
    "docID": "N006 Filous, Tran et al. 2014",
    "et": "LesionAdjacentTissue",
    "off": 34462,
    "sff": "lesion"
  },
  {
    "docID": "N006 Filous, Tran et al. 2014",
    "et": "LesionAdjacentTissue",
    "off": 33309,
    "sff": "lesion"
  },
  {
    "docID": "N006 Filous, Tran et al. 2014",
    "et": "LesionAdjacentTissue",
    "off": 54813,
    "sff": "lesion"
  },
  {
    "docID": "N006 Filous, Tran et al. 2014",
    "et": "LesionAdjacentTissue",
    "off": 32923,
    "sff": "lesion"
  },
  {
    "docID": "N006 Filous, Tran et al. 2014",
    "et": "LesionAdjacentTissue",
    "off": 31622,
    "sff": "lesion"
  },
  {
    "docID": "N006 Filous, Tran et al. 2014",
    "et": "LesionAdjacentTissue",
    "off": 22920,
    "sff": "lesion"
  },
  {
    "docID": "N006 Filous, Tran et al. 2014",
    "et": "LesionAdjacentTissue",
    "off": 37255,
    "sff": "lesion"
  },
  {
    "docID": "N006 Filous, Tran et al. 2014",
    "et": "LesionAdjacentTissue",
    "off": 32296,
    "sff": "adjacent"
  },
  {
    "docID": "N006 Filous, Tran et al. 2014",
    "et": "LesionAdjacentTissue",
    "off": 69264,
    "sff": "lesion"
  },
  {
    "docID": "N006 Filous, Tran et al. 2014",
    "et": "LesionAdjacentTissue",
    "off": 23692,
    "sff": "lesion"
  },
  {
    "docID": "N006 Filous, Tran et al. 2014",
    "et": "LesionAdjacentTissue",
    "off": 32779,
    "sff": "lesion"
  },
  {
    "docID": "N006 Filous, Tran et al. 2014",
    "et": "LesionAdjacentTissue",
    "off": 32529,
    "sff": "lesion"
  },
  {
    "docID": "N006 Filous, Tran et al. 2014",
    "et": "LesionAdjacentTissue",
    "off": 57080,
    "sff": "lesion"
  },
  {
    "docID": "N006 Filous, Tran et al. 2014",
    "et": "LesionAdjacentTissue",
    "off": 57849,
    "sff": "lesion"
  },
  {
    "docID": "N006 Filous, Tran et al. 2014",
    "et": "LesionAdjacentTissue",
    "off": 18681,
    "sff": "lesion"
  },
  {
    "docID": "N006 Filous, Tran et al. 2014",
    "et": "LesionAdjacentTissue",
    "off": 35704,
    "sff": "lesion"
  },
  {
    "docID": "N006 Filous, Tran et al. 2014",
    "et": "LesionAdjacentTissue",
    "off": 24055,
    "sff": "lesion"
  },
  {
    "docID": "N006 Filous, Tran et al. 2014",
    "et": "LesionAdjacentTissue",
    "off": 33655,
    "sff": "lesion"
  },
  {
    "docID": "N006 Filous, Tran et al. 2014",
    "et": "LesionAdjacentTissue",
    "off": 37757,
    "sff": "lesion"
  },
  {
    "docID": "N006 Filous, Tran et al. 2014",
    "et": "LesionAdjacentTissue",
    "off": 32635,
    "sff": "lesion"
  },
  {
    "docID": "N006 Filous, Tran et al. 2014",
    "et": "LesionAdjacentTissue",
    "off": 79234,
    "sff": "lesion"
  },
  {
    "docID": "N006 Filous, Tran et al. 2014",
    "et": "LesionAdjacentTissue",
    "off": 34306,
    "sff": "lesion"
  },
  {
    "docID": "N006 Filous, Tran et al. 2014",
    "et": "LesionAdjacentTissue",
    "off": 56955,
    "sff": "lesion"
  },
  {
    "docID": "N006 Filous, Tran et al. 2014",
    "et": "LesionAdjacentTissue",
    "off": 31745,
    "sff": "lesion"
  },
  {
    "docID": "N006 Filous, Tran et al. 2014",
    "et": "LesionAdjacentTissue",
    "off": 57468,
    "sff": "lesion"
  },
  {
    "docID": "N006 Filous, Tran et al. 2014",
    "et": "LesionAdjacentTissue",
    "off": 32128,
    "sff": "lesion"
  },
  {
    "docID": "N006 Filous, Tran et al. 2014",
    "et": "LesionAdjacentTissue",
    "off": 34431,
    "sff": "lesion"
  },
  {
    "docID": "N006 Filous, Tran et al. 2014",
    "et": "LesionAdjacentTissue",
    "off": 70142,
    "sff": "lesion"
  },
  {
    "docID": "N006 Filous, Tran et al. 2014",
    "et": "LesionAdjacentTissue",
    "off": 62697,
    "sff": "lesion"
  },
  {
    "docID": "N006 Filous, Tran et al. 2014",
    "et": "LesionAdjacentTissue",
    "off": 46819,
    "sff": "lesion"
  },
  {
    "docID": "N006 Filous, Tran et al. 2014",
    "et": "LesionAdjacentTissue",
    "off": 19818,
    "sff": "lesion"
  },
  {
    "docID": "N006 Filous, Tran et al. 2014",
    "et": "LesionAdjacentTissue",
    "off": 35306,
    "sff": "lesion"
  },
  {
    "docID": "N006 Filous, Tran et al. 2014",
    "et": "LesionAdjacentTissue",
    "off": 32873,
    "sff": "lesion"
  },
  {
    "docID": "N006 Filous, Tran et al. 2014",
    "et": "LesionAdjacentTissue",
    "off": 55145,
    "sff": "lesion"
  },
  {
    "docID": "N006 Filous, Tran et al. 2014",
    "et": "LesionAdjacentTissue",
    "off": 34542,
    "sff": "lesion"
  },
  {
    "docID": "N006 Filous, Tran et al. 2014",
    "et": "LesionAdjacentTissue",
    "off": 24173,
    "sff": "lesion"
  },
  {
    "docID": "N006 Filous, Tran et al. 2014",
    "et": "LesionAdjacentTissue",
    "off": 33005,
    "sff": "lesion"
  },
  {
    "docID": "N006 Filous, Tran et al. 2014",
    "et": "LesionAdjacentTissue",
    "off": 36972,
    "sff": "lesion"
  },
  {
    "docID": "N006 Filous, Tran et al. 2014",
    "et": "LesionAdjacentTissue",
    "off": 217,
    "sff": "Lesion"
  },
  {
    "docID": "N006 Filous, Tran et al. 2014",
    "et": "LesionAdjacentTissue",
    "off": 33387,
    "sff": "lesion"
  },
  {
    "docID": "N006 Filous, Tran et al. 2014",
    "et": "LesionAdjacentTissue",
    "off": 5233,
    "sff": "lesion"
  },
  {
    "docID": "N006 Filous, Tran et al. 2014",
    "et": "LesionAdjacentTissue",
    "off": 55281,
    "sff": "lesion"
  },
  {
    "docID": "N006 Filous, Tran et al. 2014",
    "et": "LesionAdjacentTissue",
    "off": 57708,
    "sff": "lesion"
  },
  {
    "docID": "N006 Filous, Tran et al. 2014",
    "et": "LesionAdjacentTissue",
    "off": 24404,
    "sff": "lesion"
  },
  {
    "docID": "N006 Filous, Tran et al. 2014",
    "et": "LesionAdjacentTissue",
    "off": 38106,
    "sff": "lesion"
  },
  {
    "docID": "N006 Filous, Tran et al. 2014",
    "et": "LesionAdjacentTissue",
    "off": 34142,
    "sff": "lesion"
  },
  {
    "docID": "N006 Filous, Tran et al. 2014",
    "et": "LesionAdjacentTissue",
    "off": 70242,
    "sff": "lesion"
  },
  {
    "docID": "N006 Filous, Tran et al. 2014",
    "et": "LesionAdjacentTissue",
    "off": 61532,
    "sff": "lesion"
  },
  {
    "docID": "N006 Filous, Tran et al. 2014",
    "et": "LesionAdjacentTissue",
    "off": 23775,
    "sff": "lesion"
  },
  {
    "docID": "N006 Filous, Tran et al. 2014",
    "et": "Cervical",
    "off": 77985,
    "sff": "cervical"
  },
  {
    "docID": "N006 Filous, Tran et al. 2014",
    "et": "CentralNervousSystem",
    "off": 74302,
    "sff": "central nervous system"
  },
  {
    "docID": "N006 Filous, Tran et al. 2014",
    "et": "CentralNervousSystem",
    "off": 80136,
    "sff": "nervous"
  },
  {
    "docID": "N006 Filous, Tran et al. 2014",
    "et": "CentralNervousSystem",
    "off": 74302,
    "sff": "central nervous"
  },
  {
    "docID": "N006 Filous, Tran et al. 2014",
    "et": "CentralNervousSystem",
    "off": 80136,
    "sff": "nervous system"
  },
  {
    "docID": "N006 Filous, Tran et al. 2014",
    "et": "CentralNervousSystem",
    "off": 6629,
    "sff": "central"
  },
  {
    "docID": "N006 Filous, Tran et al. 2014",
    "et": "CentralNervousSystem",
    "off": 80228,
    "sff": "central"
  },
  {
    "docID": "N006 Filous, Tran et al. 2014",
    "et": "SpinalGrayMatter",
    "off": 68071,
    "sff": "gray matter"
  },
  {
    "docID": "N006 Filous, Tran et al. 2014",
    "et": "CorticospinalTract",
    "off": 77909,
    "sff": "corticospinal"
  },
  {
    "docID": "N006 Filous, Tran et al. 2014",
    "et": "SpinalCentralPart",
    "off": 6629,
    "sff": "central"
  },
  {
    "docID": "N006 Filous, Tran et al. 2014",
    "et": "SpinalCentralPart",
    "off": 80228,
    "sff": "central"
  },
  {
    "docID": "N006 Filous, Tran et al. 2014",
    "et": "SpinalCentralPart",
    "off": 74302,
    "sff": "central"
  },
  {
    "docID": "N006 Filous, Tran et al. 2014",
    "et": "SpinalLesionSite",
    "off": 55281,
    "sff": "lesion"
  },
  {
    "docID": "N006 Filous, Tran et al. 2014",
    "et": "SpinalLesionSite",
    "off": 5233,
    "sff": "lesion"
  },
  {
    "docID": "N006 Filous, Tran et al. 2014",
    "et": "SpinalLesionSite",
    "off": 24055,
    "sff": "lesion"
  },
  {
    "docID": "N006 Filous, Tran et al. 2014",
    "et": "SpinalLesionSite",
    "off": 33655,
    "sff": "lesion"
  },
  {
    "docID": "N006 Filous, Tran et al. 2014",
    "et": "SpinalLesionSite",
    "off": 18681,
    "sff": "lesion"
  },
  {
    "docID": "N006 Filous, Tran et al. 2014",
    "et": "SpinalLesionSite",
    "off": 57849,
    "sff": "lesion"
  },
  {
    "docID": "N006 Filous, Tran et al. 2014",
    "et": "SpinalLesionSite",
    "off": 35704,
    "sff": "lesion"
  },
  {
    "docID": "N006 Filous, Tran et al. 2014",
    "et": "SpinalLesionSite",
    "off": 57080,
    "sff": "lesion"
  },
  {
    "docID": "N006 Filous, Tran et al. 2014",
    "et": "SpinalLesionSite",
    "off": 32635,
    "sff": "lesion"
  },
  {
    "docID": "N006 Filous, Tran et al. 2014",
    "et": "SpinalLesionSite",
    "off": 56955,
    "sff": "lesion"
  },
  {
    "docID": "N006 Filous, Tran et al. 2014",
    "et": "SpinalLesionSite",
    "off": 37757,
    "sff": "lesion"
  },
  {
    "docID": "N006 Filous, Tran et al. 2014",
    "et": "SpinalLesionSite",
    "off": 57468,
    "sff": "lesion"
  },
  {
    "docID": "N006 Filous, Tran et al. 2014",
    "et": "SpinalLesionSite",
    "off": 34431,
    "sff": "lesion"
  },
  {
    "docID": "N006 Filous, Tran et al. 2014",
    "et": "SpinalLesionSite",
    "off": 70142,
    "sff": "lesion"
  },
  {
    "docID": "N006 Filous, Tran et al. 2014",
    "et": "SpinalLesionSite",
    "off": 46819,
    "sff": "lesion"
  },
  {
    "docID": "N006 Filous, Tran et al. 2014",
    "et": "SpinalLesionSite",
    "off": 70242,
    "sff": "lesion"
  },
  {
    "docID": "N006 Filous, Tran et al. 2014",
    "et": "SpinalLesionSite",
    "off": 32873,
    "sff": "lesion"
  },
  {
    "docID": "N006 Filous, Tran et al. 2014",
    "et": "SpinalLesionSite",
    "off": 55145,
    "sff": "lesion"
  },
  {
    "docID": "N006 Filous, Tran et al. 2014",
    "et": "SpinalLesionSite",
    "off": 62697,
    "sff": "lesion"
  },
  {
    "docID": "N006 Filous, Tran et al. 2014",
    "et": "SpinalLesionSite",
    "off": 33387,
    "sff": "lesion"
  },
  {
    "docID": "N006 Filous, Tran et al. 2014",
    "et": "SpinalLesionSite",
    "off": 19818,
    "sff": "lesion"
  },
  {
    "docID": "N006 Filous, Tran et al. 2014",
    "et": "SpinalLesionSite",
    "off": 35306,
    "sff": "lesion"
  },
  {
    "docID": "N006 Filous, Tran et al. 2014",
    "et": "SpinalLesionSite",
    "off": 24173,
    "sff": "lesion"
  },
  {
    "docID": "N006 Filous, Tran et al. 2014",
    "et": "SpinalLesionSite",
    "off": 33005,
    "sff": "lesion"
  },
  {
    "docID": "N006 Filous, Tran et al. 2014",
    "et": "SpinalLesionSite",
    "off": 36972,
    "sff": "lesion"
  },
  {
    "docID": "N006 Filous, Tran et al. 2014",
    "et": "SpinalLesionSite",
    "off": 57708,
    "sff": "lesion"
  },
  {
    "docID": "N006 Filous, Tran et al. 2014",
    "et": "SpinalLesionSite",
    "off": 34542,
    "sff": "lesion"
  },
  {
    "docID": "N006 Filous, Tran et al. 2014",
    "et": "SpinalLesionSite",
    "off": 36690,
    "sff": "lesion"
  },
  {
    "docID": "N006 Filous, Tran et al. 2014",
    "et": "SpinalLesionSite",
    "off": 24404,
    "sff": "lesion"
  },
  {
    "docID": "N006 Filous, Tran et al. 2014",
    "et": "SpinalLesionSite",
    "off": 38106,
    "sff": "lesion"
  },
  {
    "docID": "N006 Filous, Tran et al. 2014",
    "et": "SpinalLesionSite",
    "off": 61532,
    "sff": "lesion"
  },
  {
    "docID": "N006 Filous, Tran et al. 2014",
    "et": "SpinalLesionSite",
    "off": 23775,
    "sff": "lesion"
  },
  {
    "docID": "N006 Filous, Tran et al. 2014",
    "et": "SpinalLesionSite",
    "off": 34142,
    "sff": "lesion"
  },
  {
    "docID": "N006 Filous, Tran et al. 2014",
    "et": "SpinalLesionSite",
    "off": 60736,
    "sff": "lesion"
  },
  {
    "docID": "N006 Filous, Tran et al. 2014",
    "et": "SpinalLesionSite",
    "off": 217,
    "sff": "Lesion"
  },
  {
    "docID": "N006 Filous, Tran et al. 2014",
    "et": "SpinalLesionSite",
    "off": 23235,
    "sff": "lesion"
  },
  {
    "docID": "N006 Filous, Tran et al. 2014",
    "et": "SpinalLesionSite",
    "off": 37573,
    "sff": "lesion"
  },
  {
    "docID": "N006 Filous, Tran et al. 2014",
    "et": "SpinalLesionSite",
    "off": 1094,
    "sff": "lesion"
  },
  {
    "docID": "N006 Filous, Tran et al. 2014",
    "et": "SpinalLesionSite",
    "off": 59078,
    "sff": "lesion"
  },
  {
    "docID": "N006 Filous, Tran et al. 2014",
    "et": "SpinalLesionSite",
    "off": 36553,
    "sff": "lesion"
  },
  {
    "docID": "N006 Filous, Tran et al. 2014",
    "et": "SpinalLesionSite",
    "off": 3785,
    "sff": "lesion"
  },
  {
    "docID": "N006 Filous, Tran et al. 2014",
    "et": "SpinalLesionSite",
    "off": 35144,
    "sff": "lesion"
  },
  {
    "docID": "N006 Filous, Tran et al. 2014",
    "et": "SpinalLesionSite",
    "off": 1844,
    "sff": "lesion"
  },
  {
    "docID": "N006 Filous, Tran et al. 2014",
    "et": "SpinalLesionSite",
    "off": 2740,
    "sff": "lesion"
  },
  {
    "docID": "N006 Filous, Tran et al. 2014",
    "et": "SpinalLesionSite",
    "off": 33844,
    "sff": "lesion"
  },
  {
    "docID": "N006 Filous, Tran et al. 2014",
    "et": "SpinalLesionSite",
    "off": 18103,
    "sff": "lesion"
  },
  {
    "docID": "N006 Filous, Tran et al. 2014",
    "et": "SpinalLesionSite",
    "off": 32695,
    "sff": "lesion"
  },
  {
    "docID": "N006 Filous, Tran et al. 2014",
    "et": "SpinalLesionSite",
    "off": 2359,
    "sff": "lesion"
  },
  {
    "docID": "N006 Filous, Tran et al. 2014",
    "et": "SpinalLesionSite",
    "off": 2620,
    "sff": "lesion"
  },
  {
    "docID": "N006 Filous, Tran et al. 2014",
    "et": "SpinalLesionSite",
    "off": 33725,
    "sff": "lesion"
  },
  {
    "docID": "N006 Filous, Tran et al. 2014",
    "et": "SpinalLesionSite",
    "off": 35647,
    "sff": "lesion"
  },
  {
    "docID": "N006 Filous, Tran et al. 2014",
    "et": "SpinalLesionSite",
    "off": 36158,
    "sff": "lesion"
  },
  {
    "docID": "N006 Filous, Tran et al. 2014",
    "et": "SpinalLesionSite",
    "off": 69798,
    "sff": "lesion"
  },
  {
    "docID": "N006 Filous, Tran et al. 2014",
    "et": "SpinalLesionSite",
    "off": 35496,
    "sff": "lesion"
  },
  {
    "docID": "N006 Filous, Tran et al. 2014",
    "et": "SpinalLesionSite",
    "off": 46760,
    "sff": "lesion"
  },
  {
    "docID": "N006 Filous, Tran et al. 2014",
    "et": "SpinalLesionSite",
    "off": 19883,
    "sff": "lesion"
  },
  {
    "docID": "N006 Filous, Tran et al. 2014",
    "et": "SpinalLesionSite",
    "off": 68651,
    "sff": "lesion"
  },
  {
    "docID": "N006 Filous, Tran et al. 2014",
    "et": "SpinalLesionSite",
    "off": 38314,
    "sff": "lesion"
  },
  {
    "docID": "N006 Filous, Tran et al. 2014",
    "et": "SpinalLesionSite",
    "off": 33581,
    "sff": "lesion"
  },
  {
    "docID": "N006 Filous, Tran et al. 2014",
    "et": "SpinalLesionSite",
    "off": 32529,
    "sff": "lesion"
  },
  {
    "docID": "N006 Filous, Tran et al. 2014",
    "et": "SpinalLesionSite",
    "off": 69264,
    "sff": "lesion"
  },
  {
    "docID": "N006 Filous, Tran et al. 2014",
    "et": "SpinalLesionSite",
    "off": 36373,
    "sff": "lesion"
  },
  {
    "docID": "N006 Filous, Tran et al. 2014",
    "et": "SpinalLesionSite",
    "off": 57492,
    "sff": "lesion"
  },
  {
    "docID": "N006 Filous, Tran et al. 2014",
    "et": "SpinalLesionSite",
    "off": 32923,
    "sff": "lesion"
  },
  {
    "docID": "N006 Filous, Tran et al. 2014",
    "et": "SpinalLesionSite",
    "off": 58778,
    "sff": "lesion"
  },
  {
    "docID": "N006 Filous, Tran et al. 2014",
    "et": "SpinalLesionSite",
    "off": 33309,
    "sff": "lesion"
  },
  {
    "docID": "N006 Filous, Tran et al. 2014",
    "et": "SpinalLesionSite",
    "off": 54813,
    "sff": "lesion"
  },
  {
    "docID": "N006 Filous, Tran et al. 2014",
    "et": "SpinalLesionSite",
    "off": 17438,
    "sff": "lesion"
  },
  {
    "docID": "N006 Filous, Tran et al. 2014",
    "et": "SpinalLesionSite",
    "off": 34462,
    "sff": "lesion"
  },
  {
    "docID": "N006 Filous, Tran et al. 2014",
    "et": "SpinalLesionSite",
    "off": 31745,
    "sff": "lesion"
  },
  {
    "docID": "N006 Filous, Tran et al. 2014",
    "et": "SpinalLesionSite",
    "off": 79234,
    "sff": "lesion"
  },
  {
    "docID": "N006 Filous, Tran et al. 2014",
    "et": "SpinalLesionSite",
    "off": 32128,
    "sff": "lesion"
  },
  {
    "docID": "N006 Filous, Tran et al. 2014",
    "et": "SpinalLesionSite",
    "off": 34306,
    "sff": "lesion"
  },
  {
    "docID": "N006 Filous, Tran et al. 2014",
    "et": "SpinalLesionSite",
    "off": 37255,
    "sff": "lesion"
  },
  {
    "docID": "N006 Filous, Tran et al. 2014",
    "et": "SpinalLesionSite",
    "off": 31622,
    "sff": "lesion"
  },
  {
    "docID": "N006 Filous, Tran et al. 2014",
    "et": "SpinalLesionSite",
    "off": 22920,
    "sff": "lesion"
  },
  {
    "docID": "N006 Filous, Tran et al. 2014",
    "et": "SpinalLesionSite",
    "off": 32779,
    "sff": "lesion"
  },
  {
    "docID": "N006 Filous, Tran et al. 2014",
    "et": "SpinalLesionSite",
    "off": 23692,
    "sff": "lesion"
  },
  {
    "docID": "N006 Filous, Tran et al. 2014",
    "et": "T1",
    "off": 17855,
    "sff": "T1"
  },
  {
    "docID": "N006 Filous, Tran et al. 2014",
    "et": "RubrospinalTract",
    "off": 77494,
    "sff": "rubrospinal"
  }
]
