[
  {
    "docID": "N010 Xia 2015 25641132",
    "et": "T9",
    "off": 6043,
    "sff": "T9"
  },
  {
    "docID": "N010 Xia 2015 25641132",
    "et": "T10",
    "off": 6047,
    "sff": "T10"
  },
  {
    "docID": "N010 Xia 2015 25641132",
    "et": "InhalationDelivery",
    "off": 6476,
    "sff": "inhalation"
  },
  {
    "docID": "N010 Xia 2015 25641132",
    "et": "SpinalWhiteMatter",
    "off": 22460,
    "sff": "white matter"
  },
  {
    "docID": "N010 Xia 2015 25641132",
    "et": "Intrathecal",
    "off": 6561,
    "sff": "intrathecal"
  },
  {
    "docID": "N010 Xia 2015 25641132",
    "et": "SpinalDorsalHalf",
    "off": 14245,
    "sff": "dorsal"
  },
  {
    "docID": "N010 Xia 2015 25641132",
    "et": "SpinalDorsalHalf",
    "off": 13999,
    "sff": "dorsal"
  },
  {
    "docID": "N010 Xia 2015 25641132",
    "et": "SpinalDorsalHalf",
    "off": 9168,
    "sff": "dorsal"
  },
  {
    "docID": "N010 Xia 2015 25641132",
    "et": "SpinalDorsalHalf",
    "off": 14507,
    "sff": "dorsal"
  },
  {
    "docID": "N010 Xia 2015 25641132",
    "et": "SpinalDorsalHalf",
    "off": 10186,
    "sff": "dorsal"
  },
  {
    "docID": "N010 Xia 2015 25641132",
    "et": "SpinalDorsalHalf",
    "off": 11373,
    "sff": "dorsal"
  },
  {
    "docID": "N010 Xia 2015 25641132",
    "et": "SpinalDorsalHalf",
    "off": 10387,
    "sff": "dorsal"
  },
  {
    "docID": "N010 Xia 2015 25641132",
    "et": "SpinalDorsalHalf",
    "off": 10578,
    "sff": "dorsal"
  },
  {
    "docID": "N010 Xia 2015 25641132",
    "et": "SpinalDorsalHalf",
    "off": 14738,
    "sff": "dorsal"
  },
  {
    "docID": "N010 Xia 2015 25641132",
    "et": "SpinalDorsalHalf",
    "off": 15317,
    "sff": "dorsal"
  },
  {
    "docID": "N010 Xia 2015 25641132",
    "et": "SpinalDorsalHalf",
    "off": 13248,
    "sff": "dorsal"
  },
  {
    "docID": "N010 Xia 2015 25641132",
    "et": "SpinalDorsalHalf",
    "off": 15034,
    "sff": "dorsal"
  },
  {
    "docID": "N010 Xia 2015 25641132",
    "et": "SpinalDorsalHalf",
    "off": 17274,
    "sff": "dorsal"
  },
  {
    "docID": "N010 Xia 2015 25641132",
    "et": "SpinalDorsalHalf",
    "off": 14268,
    "sff": "dorsal"
  },
  {
    "docID": "N010 Xia 2015 25641132",
    "et": "SpinalDorsalHalf",
    "off": 23099,
    "sff": "dorsal"
  },
  {
    "docID": "N010 Xia 2015 25641132",
    "et": "SpinalVentralHalf",
    "off": 14225,
    "sff": "ventral"
  },
  {
    "docID": "N010 Xia 2015 25641132",
    "et": "SpinalCord",
    "off": 15170,
    "sff": "cord"
  },
  {
    "docID": "N010 Xia 2015 25641132",
    "et": "SpinalCord",
    "off": 25024,
    "sff": "cord"
  },
  {
    "docID": "N010 Xia 2015 25641132",
    "et": "SpinalCord",
    "off": 23168,
    "sff": "cord"
  },
  {
    "docID": "N010 Xia 2015 25641132",
    "et": "SpinalCord",
    "off": 10181,
    "sff": "cord"
  },
  {
    "docID": "N010 Xia 2015 25641132",
    "et": "SpinalCord",
    "off": 774,
    "sff": "cord"
  },
  {
    "docID": "N010 Xia 2015 25641132",
    "et": "SpinalCord",
    "off": 4803,
    "sff": "cord"
  },
  {
    "docID": "N010 Xia 2015 25641132",
    "et": "SpinalCord",
    "off": 23939,
    "sff": "cord"
  },
  {
    "docID": "N010 Xia 2015 25641132",
    "et": "SpinalCord",
    "off": 26179,
    "sff": "cord"
  },
  {
    "docID": "N010 Xia 2015 25641132",
    "et": "SpinalCord",
    "off": 12425,
    "sff": "cord"
  },
  {
    "docID": "N010 Xia 2015 25641132",
    "et": "SpinalCord",
    "off": 22922,
    "sff": "cord"
  },
  {
    "docID": "N010 Xia 2015 25641132",
    "et": "SpinalCord",
    "off": 23499,
    "sff": "cord"
  },
  {
    "docID": "N010 Xia 2015 25641132",
    "et": "SpinalCord",
    "off": 1100,
    "sff": "cord"
  },
  {
    "docID": "N010 Xia 2015 25641132",
    "et": "SpinalCord",
    "off": 25227,
    "sff": "cord"
  },
  {
    "docID": "N010 Xia 2015 25641132",
    "et": "SpinalCord",
    "off": 5877,
    "sff": "cord"
  },
  {
    "docID": "N010 Xia 2015 25641132",
    "et": "SpinalCord",
    "off": 24309,
    "sff": "cord"
  },
  {
    "docID": "N010 Xia 2015 25641132",
    "et": "SpinalCord",
    "off": 26486,
    "sff": "cord"
  },
  {
    "docID": "N010 Xia 2015 25641132",
    "et": "SpinalCord",
    "off": 2227,
    "sff": "cord"
  },
  {
    "docID": "N010 Xia 2015 25641132",
    "et": "SpinalCord",
    "off": 1588,
    "sff": "cord"
  },
  {
    "docID": "N010 Xia 2015 25641132",
    "et": "SpinalCord",
    "off": 5944,
    "sff": "cord"
  },
  {
    "docID": "N010 Xia 2015 25641132",
    "et": "SpinalCord",
    "off": 22497,
    "sff": "cord"
  },
  {
    "docID": "N010 Xia 2015 25641132",
    "et": "SpinalCord",
    "off": 10533,
    "sff": "cord"
  },
  {
    "docID": "N010 Xia 2015 25641132",
    "et": "SpinalCord",
    "off": 23715,
    "sff": "cord"
  },
  {
    "docID": "N010 Xia 2015 25641132",
    "et": "SpinalCord",
    "off": 25380,
    "sff": "cord"
  },
  {
    "docID": "N010 Xia 2015 25641132",
    "et": "SpinalCord",
    "off": 297,
    "sff": "cord"
  },
  {
    "docID": "N010 Xia 2015 25641132",
    "et": "SpinalCord",
    "off": 5545,
    "sff": "cord"
  },
  {
    "docID": "N010 Xia 2015 25641132",
    "et": "SpinalCord",
    "off": 22059,
    "sff": "cord"
  },
  {
    "docID": "N010 Xia 2015 25641132",
    "et": "SpinalCord",
    "off": 10320,
    "sff": "cord"
  },
  {
    "docID": "N010 Xia 2015 25641132",
    "et": "SpinalCord",
    "off": 13976,
    "sff": "cord"
  },
  {
    "docID": "N010 Xia 2015 25641132",
    "et": "SpinalCord",
    "off": 3229,
    "sff": "cord"
  },
  {
    "docID": "N010 Xia 2015 25641132",
    "et": "DorsalColumn",
    "off": 13248,
    "sff": "dorsal"
  },
  {
    "docID": "N010 Xia 2015 25641132",
    "et": "DorsalColumn",
    "off": 15317,
    "sff": "dorsal column"
  },
  {
    "docID": "N010 Xia 2015 25641132",
    "et": "DorsalColumn",
    "off": 14245,
    "sff": "dorsal"
  },
  {
    "docID": "N010 Xia 2015 25641132",
    "et": "DorsalColumn",
    "off": 23099,
    "sff": "dorsal"
  },
  {
    "docID": "N010 Xia 2015 25641132",
    "et": "DorsalColumn",
    "off": 15034,
    "sff": "dorsal"
  },
  {
    "docID": "N010 Xia 2015 25641132",
    "et": "DorsalColumn",
    "off": 17274,
    "sff": "dorsal"
  },
  {
    "docID": "N010 Xia 2015 25641132",
    "et": "DorsalColumn",
    "off": 14268,
    "sff": "dorsal"
  },
  {
    "docID": "N010 Xia 2015 25641132",
    "et": "DorsalColumn",
    "off": 10387,
    "sff": "dorsal"
  },
  {
    "docID": "N010 Xia 2015 25641132",
    "et": "DorsalColumn",
    "off": 10578,
    "sff": "dorsal"
  },
  {
    "docID": "N010 Xia 2015 25641132",
    "et": "DorsalColumn",
    "off": 14738,
    "sff": "dorsal"
  },
  {
    "docID": "N010 Xia 2015 25641132",
    "et": "DorsalColumn",
    "off": 9168,
    "sff": "dorsal"
  },
  {
    "docID": "N010 Xia 2015 25641132",
    "et": "DorsalColumn",
    "off": 14507,
    "sff": "dorsal"
  },
  {
    "docID": "N010 Xia 2015 25641132",
    "et": "DorsalColumn",
    "off": 10186,
    "sff": "dorsal"
  },
  {
    "docID": "N010 Xia 2015 25641132",
    "et": "DorsalColumn",
    "off": 13999,
    "sff": "dorsal"
  },
  {
    "docID": "N010 Xia 2015 25641132",
    "et": "DorsalColumn",
    "off": 11373,
    "sff": "dorsal"
  },
  {
    "docID": "N010 Xia 2015 25641132",
    "et": "LesionAdjacentTissue",
    "off": 18756,
    "sff": "lesion"
  },
  {
    "docID": "N010 Xia 2015 25641132",
    "et": "InfusionDelivery",
    "off": 1606,
    "sff": "infusion"
  },
  {
    "docID": "N010 Xia 2015 25641132",
    "et": "CentralNervousSystem",
    "off": 10592,
    "sff": "central"
  },
  {
    "docID": "N010 Xia 2015 25641132",
    "et": "CentralNervousSystem",
    "off": 25613,
    "sff": "central nervous system"
  },
  {
    "docID": "N010 Xia 2015 25641132",
    "et": "CentralNervousSystem",
    "off": 9117,
    "sff": "central"
  },
  {
    "docID": "N010 Xia 2015 25641132",
    "et": "CentralNervousSystem",
    "off": 2268,
    "sff": "central nervous system"
  },
  {
    "docID": "N010 Xia 2015 25641132",
    "et": "CentralNervousSystem",
    "off": 2105,
    "sff": "central nervous system"
  },
  {
    "docID": "N010 Xia 2015 25641132",
    "et": "CentralNervousSystem",
    "off": 14282,
    "sff": "central"
  },
  {
    "docID": "N010 Xia 2015 25641132",
    "et": "CentralNervousSystem",
    "off": 10839,
    "sff": "central"
  },
  {
    "docID": "N010 Xia 2015 25641132",
    "et": "CentralNervousSystem",
    "off": 25613,
    "sff": "central nervous"
  },
  {
    "docID": "N010 Xia 2015 25641132",
    "et": "CentralNervousSystem",
    "off": 2268,
    "sff": "central nervous"
  },
  {
    "docID": "N010 Xia 2015 25641132",
    "et": "CentralNervousSystem",
    "off": 2105,
    "sff": "central nervous"
  },
  {
    "docID": "N010 Xia 2015 25641132",
    "et": "CentralNervousSystem",
    "off": 14532,
    "sff": "central"
  },
  {
    "docID": "N010 Xia 2015 25641132",
    "et": "CentralNervousSystem",
    "off": 20448,
    "sff": "nervous"
  },
  {
    "docID": "N010 Xia 2015 25641132",
    "et": "SpinalGrayMatter",
    "off": 15462,
    "sff": "gray matter"
  },
  {
    "docID": "N010 Xia 2015 25641132",
    "et": "SpinalGrayMatter",
    "off": 15616,
    "sff": "gray matter"
  },
  {
    "docID": "N010 Xia 2015 25641132",
    "et": "SubstanceApplicationLocation",
    "off": 25180,
    "sff": "application"
  },
  {
    "docID": "N010 Xia 2015 25641132",
    "et": "CorticospinalTract",
    "off": 4893,
    "sff": "corticospinal tract"
  },
  {
    "docID": "N010 Xia 2015 25641132",
    "et": "SpinalCentralPart",
    "off": 14532,
    "sff": "central"
  },
  {
    "docID": "N010 Xia 2015 25641132",
    "et": "SpinalCentralPart",
    "off": 10839,
    "sff": "central"
  },
  {
    "docID": "N010 Xia 2015 25641132",
    "et": "SpinalCentralPart",
    "off": 10592,
    "sff": "central"
  },
  {
    "docID": "N010 Xia 2015 25641132",
    "et": "SpinalCentralPart",
    "off": 9117,
    "sff": "central"
  },
  {
    "docID": "N010 Xia 2015 25641132",
    "et": "SpinalCentralPart",
    "off": 25613,
    "sff": "central"
  },
  {
    "docID": "N010 Xia 2015 25641132",
    "et": "SpinalCentralPart",
    "off": 2105,
    "sff": "central"
  },
  {
    "docID": "N010 Xia 2015 25641132",
    "et": "SpinalCentralPart",
    "off": 14282,
    "sff": "central"
  },
  {
    "docID": "N010 Xia 2015 25641132",
    "et": "SpinalCentralPart",
    "off": 2268,
    "sff": "central"
  },
  {
    "docID": "N010 Xia 2015 25641132",
    "et": "InjectionDelivery",
    "off": 7383,
    "sff": "injection"
  },
  {
    "docID": "N010 Xia 2015 25641132",
    "et": "SpinalLesionSite",
    "off": 18756,
    "sff": "lesion"
  }
]
