[
  {
    "docID": "N011 Arsen 2010",
    "et": "T5",
    "off": 14041,
    "sff": "T5"
  },
  {
    "docID": "N011 Arsen 2010",
    "et": "AnatomicalLocation",
    "off": 13794,
    "sff": "anatomical"
  },
  {
    "docID": "N011 Arsen 2010",
    "et": "AnatomicalLocation",
    "off": 18738,
    "sff": "anatomical"
  },
  {
    "docID": "N011 Arsen 2010",
    "et": "AnatomicalLocation",
    "off": 5457,
    "sff": "anatomical"
  },
  {
    "docID": "N011 Arsen 2010",
    "et": "AnatomicalLocation",
    "off": 23901,
    "sff": "anatomical"
  },
  {
    "docID": "N011 Arsen 2010",
    "et": "AnatomicalLocation",
    "off": 4038,
    "sff": "anatomical"
  },
  {
    "docID": "N011 Arsen 2010",
    "et": "AnatomicalLocation",
    "off": 4566,
    "sff": "anatomical"
  },
  {
    "docID": "N011 Arsen 2010",
    "et": "AnatomicalLocation",
    "off": 31112,
    "sff": "anatomical"
  },
  {
    "docID": "N011 Arsen 2010",
    "et": "T6",
    "off": 9131,
    "sff": "T6"
  },
  {
    "docID": "N011 Arsen 2010",
    "et": "T6",
    "off": 12295,
    "sff": "T6"
  },
  {
    "docID": "N011 Arsen 2010",
    "et": "T7",
    "off": 31024,
    "sff": "T7"
  },
  {
    "docID": "N011 Arsen 2010",
    "et": "T7",
    "off": 12345,
    "sff": "T7"
  },
  {
    "docID": "N011 Arsen 2010",
    "et": "T7",
    "off": 35272,
    "sff": "T7"
  },
  {
    "docID": "N011 Arsen 2010",
    "et": "T7",
    "off": 26790,
    "sff": "T7"
  },
  {
    "docID": "N011 Arsen 2010",
    "et": "T7",
    "off": 31493,
    "sff": "T7"
  },
  {
    "docID": "N011 Arsen 2010",
    "et": "T7",
    "off": 13284,
    "sff": "T7"
  },
  {
    "docID": "N011 Arsen 2010",
    "et": "T7",
    "off": 9587,
    "sff": "T7"
  },
  {
    "docID": "N011 Arsen 2010",
    "et": "T7",
    "off": 19139,
    "sff": "T7"
  },
  {
    "docID": "N011 Arsen 2010",
    "et": "T7",
    "off": 35763,
    "sff": "T7"
  },
  {
    "docID": "N011 Arsen 2010",
    "et": "T7",
    "off": 33809,
    "sff": "T7"
  },
  {
    "docID": "N011 Arsen 2010",
    "et": "T8",
    "off": 12299,
    "sff": "T8"
  },
  {
    "docID": "N011 Arsen 2010",
    "et": "T8",
    "off": 9135,
    "sff": "T8"
  },
  {
    "docID": "N011 Arsen 2010",
    "et": "L1",
    "off": 12398,
    "sff": "L1"
  },
  {
    "docID": "N011 Arsen 2010",
    "et": "L1",
    "off": 9187,
    "sff": "L1"
  },
  {
    "docID": "N011 Arsen 2010",
    "et": "T9",
    "off": 6781,
    "sff": "T9"
  },
  {
    "docID": "N011 Arsen 2010",
    "et": "L2",
    "off": 14044,
    "sff": "L2"
  },
  {
    "docID": "N011 Arsen 2010",
    "et": "L4",
    "off": 35214,
    "sff": "L4"
  },
  {
    "docID": "N011 Arsen 2010",
    "et": "L5",
    "off": 9353,
    "sff": "L5"
  },
  {
    "docID": "N011 Arsen 2010",
    "et": "L5",
    "off": 10127,
    "sff": "L5"
  },
  {
    "docID": "N011 Arsen 2010",
    "et": "L5",
    "off": 20495,
    "sff": "L5"
  },
  {
    "docID": "N011 Arsen 2010",
    "et": "L5",
    "off": 9872,
    "sff": "L5"
  },
  {
    "docID": "N011 Arsen 2010",
    "et": "L5",
    "off": 34445,
    "sff": "L5"
  },
  {
    "docID": "N011 Arsen 2010",
    "et": "L5",
    "off": 9550,
    "sff": "L5"
  },
  {
    "docID": "N011 Arsen 2010",
    "et": "L5",
    "off": 32324,
    "sff": "L5"
  },
  {
    "docID": "N011 Arsen 2010",
    "et": "L5",
    "off": 35265,
    "sff": "L5"
  },
  {
    "docID": "N011 Arsen 2010",
    "et": "L5",
    "off": 33832,
    "sff": "L5"
  },
  {
    "docID": "N011 Arsen 2010",
    "et": "L5",
    "off": 29317,
    "sff": "L5"
  },
  {
    "docID": "N011 Arsen 2010",
    "et": "L5",
    "off": 30971,
    "sff": "L5"
  },
  {
    "docID": "N011 Arsen 2010",
    "et": "L5",
    "off": 34140,
    "sff": "L5"
  },
  {
    "docID": "N011 Arsen 2010",
    "et": "L5",
    "off": 35449,
    "sff": "L5"
  },
  {
    "docID": "N011 Arsen 2010",
    "et": "L5",
    "off": 12446,
    "sff": "L5"
  },
  {
    "docID": "N011 Arsen 2010",
    "et": "L5",
    "off": 9235,
    "sff": "L5"
  },
  {
    "docID": "N011 Arsen 2010",
    "et": "L5",
    "off": 19059,
    "sff": "L5"
  },
  {
    "docID": "N011 Arsen 2010",
    "et": "L5",
    "off": 32721,
    "sff": "L5"
  },
  {
    "docID": "N011 Arsen 2010",
    "et": "L5",
    "off": 35218,
    "sff": "L5"
  },
  {
    "docID": "N011 Arsen 2010",
    "et": "L5",
    "off": 31447,
    "sff": "L5"
  },
  {
    "docID": "N011 Arsen 2010",
    "et": "L5",
    "off": 9462,
    "sff": "L5"
  },
  {
    "docID": "N011 Arsen 2010",
    "et": "L5",
    "off": 26742,
    "sff": "L5"
  },
  {
    "docID": "N011 Arsen 2010",
    "et": "T11",
    "off": 6785,
    "sff": "T11"
  },
  {
    "docID": "N011 Arsen 2010",
    "et": "T10",
    "off": 2389,
    "sff": "T10"
  },
  {
    "docID": "N011 Arsen 2010",
    "et": "T10",
    "off": 32248,
    "sff": "T10"
  },
  {
    "docID": "N011 Arsen 2010",
    "et": "T10",
    "off": 32664,
    "sff": "T10"
  },
  {
    "docID": "N011 Arsen 2010",
    "et": "T10",
    "off": 6648,
    "sff": "T10"
  },
  {
    "docID": "N011 Arsen 2010",
    "et": "T10",
    "off": 18421,
    "sff": "T10"
  },
  {
    "docID": "N011 Arsen 2010",
    "et": "T10",
    "off": 26707,
    "sff": "T10"
  },
  {
    "docID": "N011 Arsen 2010",
    "et": "T10",
    "off": 31540,
    "sff": "T10"
  },
  {
    "docID": "N011 Arsen 2010",
    "et": "T10",
    "off": 9524,
    "sff": "T10"
  },
  {
    "docID": "N011 Arsen 2010",
    "et": "T10",
    "off": 12350,
    "sff": "T10"
  },
  {
    "docID": "N011 Arsen 2010",
    "et": "T10",
    "off": 13246,
    "sff": "T10"
  },
  {
    "docID": "N011 Arsen 2010",
    "et": "T10",
    "off": 36319,
    "sff": "T10"
  },
  {
    "docID": "N011 Arsen 2010",
    "et": "T10",
    "off": 2013,
    "sff": "T10"
  },
  {
    "docID": "N011 Arsen 2010",
    "et": "T10",
    "off": 29438,
    "sff": "T10"
  },
  {
    "docID": "N011 Arsen 2010",
    "et": "T10",
    "off": 31387,
    "sff": "T10"
  },
  {
    "docID": "N011 Arsen 2010",
    "et": "T10",
    "off": 30823,
    "sff": "T10"
  },
  {
    "docID": "N011 Arsen 2010",
    "et": "T10",
    "off": 34597,
    "sff": "T10"
  },
  {
    "docID": "N011 Arsen 2010",
    "et": "T10",
    "off": 35684,
    "sff": "T10"
  },
  {
    "docID": "N011 Arsen 2010",
    "et": "T10",
    "off": 12900,
    "sff": "T10"
  },
  {
    "docID": "N011 Arsen 2010",
    "et": "T10",
    "off": 27234,
    "sff": "T10"
  },
  {
    "docID": "N011 Arsen 2010",
    "et": "T10",
    "off": 33323,
    "sff": "T10"
  },
  {
    "docID": "N011 Arsen 2010",
    "et": "T10",
    "off": 33100,
    "sff": "T10"
  },
  {
    "docID": "N011 Arsen 2010",
    "et": "T10",
    "off": 33868,
    "sff": "T10"
  },
  {
    "docID": "N011 Arsen 2010",
    "et": "T10",
    "off": 19338,
    "sff": "T10"
  },
  {
    "docID": "N011 Arsen 2010",
    "et": "Lumbar",
    "off": 10609,
    "sff": "lumbar"
  },
  {
    "docID": "N011 Arsen 2010",
    "et": "Lumbar",
    "off": 31778,
    "sff": "lumbar"
  },
  {
    "docID": "N011 Arsen 2010",
    "et": "Lumbar",
    "off": 57234,
    "sff": "lumbar"
  },
  {
    "docID": "N011 Arsen 2010",
    "et": "Lumbar",
    "off": 10120,
    "sff": "lumbar"
  },
  {
    "docID": "N011 Arsen 2010",
    "et": "Lumbar",
    "off": 11112,
    "sff": "lumbar"
  },
  {
    "docID": "N011 Arsen 2010",
    "et": "Lumbar",
    "off": 18872,
    "sff": "lumbar"
  },
  {
    "docID": "N011 Arsen 2010",
    "et": "Lumbar",
    "off": 20488,
    "sff": "lumbar"
  },
  {
    "docID": "N011 Arsen 2010",
    "et": "Lumbar",
    "off": 5852,
    "sff": "lumbar"
  },
  {
    "docID": "N011 Arsen 2010",
    "et": "Lumbar",
    "off": 15980,
    "sff": "lumbar"
  },
  {
    "docID": "N011 Arsen 2010",
    "et": "Lumbar",
    "off": 46992,
    "sff": "lumbar"
  },
  {
    "docID": "N011 Arsen 2010",
    "et": "Lumbar",
    "off": 10941,
    "sff": "lumbar"
  },
  {
    "docID": "N011 Arsen 2010",
    "et": "Thoracic",
    "off": 11004,
    "sff": "thoracic"
  },
  {
    "docID": "N011 Arsen 2010",
    "et": "Thoracic",
    "off": 55932,
    "sff": "thoracic"
  },
  {
    "docID": "N011 Arsen 2010",
    "et": "Thoracic",
    "off": 43419,
    "sff": "thoracic"
  },
  {
    "docID": "N011 Arsen 2010",
    "et": "Thoracic",
    "off": 6633,
    "sff": "thoracic"
  },
  {
    "docID": "N011 Arsen 2010",
    "et": "Thoracic",
    "off": 10394,
    "sff": "thoracic"
  },
  {
    "docID": "N011 Arsen 2010",
    "et": "Thoracic",
    "off": 5693,
    "sff": "thoracic"
  },
  {
    "docID": "N011 Arsen 2010",
    "et": "Thoracic",
    "off": 12765,
    "sff": "thoracic"
  },
  {
    "docID": "N011 Arsen 2010",
    "et": "Thoracic",
    "off": 29510,
    "sff": "thoracic"
  },
  {
    "docID": "N011 Arsen 2010",
    "et": "Thoracic",
    "off": 19317,
    "sff": "thoracic"
  },
  {
    "docID": "N011 Arsen 2010",
    "et": "Brain",
    "off": 55799,
    "sff": "brain"
  },
  {
    "docID": "N011 Arsen 2010",
    "et": "Brain",
    "off": 50852,
    "sff": "Brain"
  },
  {
    "docID": "N011 Arsen 2010",
    "et": "Brain",
    "off": 57495,
    "sff": "Brain"
  },
  {
    "docID": "N011 Arsen 2010",
    "et": "Brain",
    "off": 52505,
    "sff": "Brain"
  },
  {
    "docID": "N011 Arsen 2010",
    "et": "Brain",
    "off": 580,
    "sff": "Brain"
  },
  {
    "docID": "N011 Arsen 2010",
    "et": "Brain",
    "off": 59019,
    "sff": "brain"
  },
  {
    "docID": "N011 Arsen 2010",
    "et": "Brain",
    "off": 4617,
    "sff": "brain"
  },
  {
    "docID": "N011 Arsen 2010",
    "et": "Brain",
    "off": 52703,
    "sff": "Brain"
  },
  {
    "docID": "N011 Arsen 2010",
    "et": "AscendingFiberTract",
    "off": 3103,
    "sff": "ascending"
  },
  {
    "docID": "N011 Arsen 2010",
    "et": "AscendingFiberTract",
    "off": 47398,
    "sff": "fiber"
  },
  {
    "docID": "N011 Arsen 2010",
    "et": "Intraspinal",
    "off": 7138,
    "sff": "intraspinal"
  },
  {
    "docID": "N011 Arsen 2010",
    "et": "Intraspinal",
    "off": 22951,
    "sff": "intraspinal"
  },
  {
    "docID": "N011 Arsen 2010",
    "et": "Intraspinal",
    "off": 27111,
    "sff": "intraspinal"
  },
  {
    "docID": "N011 Arsen 2010",
    "et": "Intraspinal",
    "off": 14693,
    "sff": "intraspinal"
  },
  {
    "docID": "N011 Arsen 2010",
    "et": "Intraspinal",
    "off": 36389,
    "sff": "intraspinal"
  },
  {
    "docID": "N011 Arsen 2010",
    "et": "Intraspinal",
    "off": 21614,
    "sff": "Intraspinal"
  },
  {
    "docID": "N011 Arsen 2010",
    "et": "Intraspinal",
    "off": 26899,
    "sff": "intraspinal"
  },
  {
    "docID": "N011 Arsen 2010",
    "et": "Intraspinal",
    "off": 1820,
    "sff": "intraspinal"
  },
  {
    "docID": "N011 Arsen 2010",
    "et": "Intraspinal",
    "off": 18457,
    "sff": "intraspinal"
  },
  {
    "docID": "N011 Arsen 2010",
    "et": "Intraspinal",
    "off": 33248,
    "sff": "Intraspinal"
  },
  {
    "docID": "N011 Arsen 2010",
    "et": "Intraspinal",
    "off": 6597,
    "sff": "intraspinal"
  },
  {
    "docID": "N011 Arsen 2010",
    "et": "Intraspinal",
    "off": 34949,
    "sff": "intraspinal"
  },
  {
    "docID": "N011 Arsen 2010",
    "et": "Intraspinal",
    "off": 5643,
    "sff": "intraspinal"
  },
  {
    "docID": "N011 Arsen 2010",
    "et": "Intraspinal",
    "off": 49420,
    "sff": "intraspinal"
  },
  {
    "docID": "N011 Arsen 2010",
    "et": "Intraspinal",
    "off": 31501,
    "sff": "Intraspinal"
  },
  {
    "docID": "N011 Arsen 2010",
    "et": "Intraspinal",
    "off": 29712,
    "sff": "Intraspinal"
  },
  {
    "docID": "N011 Arsen 2010",
    "et": "Intraspinal",
    "off": 43661,
    "sff": "intraspinal"
  },
  {
    "docID": "N011 Arsen 2010",
    "et": "Intraspinal",
    "off": 2418,
    "sff": "Intraspinal"
  },
  {
    "docID": "N011 Arsen 2010",
    "et": "Intraspinal",
    "off": 53877,
    "sff": "intraspinal"
  },
  {
    "docID": "N011 Arsen 2010",
    "et": "Intraspinal",
    "off": 34166,
    "sff": "intraspinal"
  },
  {
    "docID": "N011 Arsen 2010",
    "et": "Intraspinal",
    "off": 5308,
    "sff": "intraspinal"
  },
  {
    "docID": "N011 Arsen 2010",
    "et": "Intraspinal",
    "off": 12153,
    "sff": "Intraspinal"
  },
  {
    "docID": "N011 Arsen 2010",
    "et": "Intraspinal",
    "off": 27196,
    "sff": "intraspinal"
  },
  {
    "docID": "N011 Arsen 2010",
    "et": "Intraspinal",
    "off": 34489,
    "sff": "intraspinal"
  },
  {
    "docID": "N011 Arsen 2010",
    "et": "Intraspinal",
    "off": 36160,
    "sff": "intraspinal"
  },
  {
    "docID": "N011 Arsen 2010",
    "et": "SpinalWhiteMatter",
    "off": 22413,
    "sff": "white matter"
  },
  {
    "docID": "N011 Arsen 2010",
    "et": "SpinalWhiteMatter",
    "off": 51469,
    "sff": "white matter"
  },
  {
    "docID": "N011 Arsen 2010",
    "et": "SpinalWhiteMatter",
    "off": 29450,
    "sff": "white matter"
  },
  {
    "docID": "N011 Arsen 2010",
    "et": "SpinalWhiteMatter",
    "off": 33780,
    "sff": "white matter"
  },
  {
    "docID": "N011 Arsen 2010",
    "et": "SpinalWhiteMatter",
    "off": 30835,
    "sff": "white matter"
  },
  {
    "docID": "N011 Arsen 2010",
    "et": "SpinalWhiteMatter",
    "off": 39027,
    "sff": "white matter"
  },
  {
    "docID": "N011 Arsen 2010",
    "et": "SpinalWhiteMatter",
    "off": 12912,
    "sff": "white matter"
  },
  {
    "docID": "N011 Arsen 2010",
    "et": "SpinalWhiteMatter",
    "off": 25264,
    "sff": "white matter"
  },
  {
    "docID": "N011 Arsen 2010",
    "et": "SpinalWhiteMatter",
    "off": 24814,
    "sff": "white matter"
  },
  {
    "docID": "N011 Arsen 2010",
    "et": "SpinalWhiteMatter",
    "off": 32252,
    "sff": "white matter"
  },
  {
    "docID": "N011 Arsen 2010",
    "et": "SpinalWhiteMatter",
    "off": 37947,
    "sff": "white matter"
  },
  {
    "docID": "N011 Arsen 2010",
    "et": "SpinalWhiteMatter",
    "off": 21882,
    "sff": "white matter"
  },
  {
    "docID": "N011 Arsen 2010",
    "et": "SpinalWhiteMatter",
    "off": 10840,
    "sff": "white matter"
  },
  {
    "docID": "N011 Arsen 2010",
    "et": "SpinalWhiteMatter",
    "off": 14297,
    "sff": "white matter"
  },
  {
    "docID": "N011 Arsen 2010",
    "et": "SpinalWhiteMatter",
    "off": 42807,
    "sff": "white matter"
  },
  {
    "docID": "N011 Arsen 2010",
    "et": "SpinalWhiteMatter",
    "off": 22053,
    "sff": "white matter"
  },
  {
    "docID": "N011 Arsen 2010",
    "et": "SpinalWhiteMatter",
    "off": 31553,
    "sff": "white matter"
  },
  {
    "docID": "N011 Arsen 2010",
    "et": "SpinalWhiteMatter",
    "off": 34601,
    "sff": "white"
  },
  {
    "docID": "N011 Arsen 2010",
    "et": "SpinalWhiteMatter",
    "off": 37737,
    "sff": "white"
  },
  {
    "docID": "N011 Arsen 2010",
    "et": "SpinalWhiteMatter",
    "off": 31391,
    "sff": "white matter"
  },
  {
    "docID": "N011 Arsen 2010",
    "et": "SpinalFiberTract",
    "off": 47398,
    "sff": "fiber"
  },
  {
    "docID": "N011 Arsen 2010",
    "et": "DeliveryMethod",
    "off": 27150,
    "sff": "delivery"
  },
  {
    "docID": "N011 Arsen 2010",
    "et": "SpinalDorsalHalf",
    "off": 10207,
    "sff": "dorsal"
  },
  {
    "docID": "N011 Arsen 2010",
    "et": "SpinalDorsalHalf",
    "off": 6717,
    "sff": "Dorsal"
  },
  {
    "docID": "N011 Arsen 2010",
    "et": "SpinalDorsalHalf",
    "off": 9066,
    "sff": "dorsal"
  },
  {
    "docID": "N011 Arsen 2010",
    "et": "SpinalDorsalHalf",
    "off": 12233,
    "sff": "dorsal"
  },
  {
    "docID": "N011 Arsen 2010",
    "et": "SpinalDorsalHalf",
    "off": 57866,
    "sff": "dorsal"
  },
  {
    "docID": "N011 Arsen 2010",
    "et": "SpinalDorsalHalf",
    "off": 50733,
    "sff": "dorsal"
  },
  {
    "docID": "N011 Arsen 2010",
    "et": "SpinalDorsalHalf",
    "off": 6963,
    "sff": "dorsal"
  },
  {
    "docID": "N011 Arsen 2010",
    "et": "SpinalDorsalHalf",
    "off": 7010,
    "sff": "dorsal"
  },
  {
    "docID": "N011 Arsen 2010",
    "et": "SpinalVentralHalf",
    "off": 9465,
    "sff": "ventral"
  },
  {
    "docID": "N011 Arsen 2010",
    "et": "SpinalVentralHalf",
    "off": 9881,
    "sff": "ventral"
  },
  {
    "docID": "N011 Arsen 2010",
    "et": "SpinalVentralHalf",
    "off": 26745,
    "sff": "ventral"
  },
  {
    "docID": "N011 Arsen 2010",
    "et": "SpinalVentralHalf",
    "off": 10616,
    "sff": "ventral"
  },
  {
    "docID": "N011 Arsen 2010",
    "et": "SpinalVentralHalf",
    "off": 6973,
    "sff": "ventral"
  },
  {
    "docID": "N011 Arsen 2010",
    "et": "SpinalVentralHalf",
    "off": 16028,
    "sff": "ventral"
  },
  {
    "docID": "N011 Arsen 2010",
    "et": "SpinalVentralHalf",
    "off": 10948,
    "sff": "ventral"
  },
  {
    "docID": "N011 Arsen 2010",
    "et": "SpinalVentralHalf",
    "off": 21764,
    "sff": "ventral"
  },
  {
    "docID": "N011 Arsen 2010",
    "et": "SpinalVentralHalf",
    "off": 43852,
    "sff": "ventral"
  },
  {
    "docID": "N011 Arsen 2010",
    "et": "SpinalVentralHalf",
    "off": 29320,
    "sff": "ventral"
  },
  {
    "docID": "N011 Arsen 2010",
    "et": "SpinalVentralHalf",
    "off": 7021,
    "sff": "ventral"
  },
  {
    "docID": "N011 Arsen 2010",
    "et": "SpinalVentralHalf",
    "off": 34448,
    "sff": "ventral"
  },
  {
    "docID": "N011 Arsen 2010",
    "et": "SpinalVentralHalf",
    "off": 19062,
    "sff": "ventral"
  },
  {
    "docID": "N011 Arsen 2010",
    "et": "SpinalVentralHalf",
    "off": 20467,
    "sff": "ventral"
  },
  {
    "docID": "N011 Arsen 2010",
    "et": "SpinalCord",
    "off": 26699,
    "sff": "cord"
  },
  {
    "docID": "N011 Arsen 2010",
    "et": "SpinalCord",
    "off": 53963,
    "sff": "cord"
  },
  {
    "docID": "N011 Arsen 2010",
    "et": "SpinalCord",
    "off": 27085,
    "sff": "cord"
  },
  {
    "docID": "N011 Arsen 2010",
    "et": "SpinalCord",
    "off": 2381,
    "sff": "cord"
  },
  {
    "docID": "N011 Arsen 2010",
    "et": "SpinalCord",
    "off": 4935,
    "sff": "cord"
  },
  {
    "docID": "N011 Arsen 2010",
    "et": "SpinalCord",
    "off": 13765,
    "sff": "cord"
  },
  {
    "docID": "N011 Arsen 2010",
    "et": "SpinalCord",
    "off": 57279,
    "sff": "cord"
  },
  {
    "docID": "N011 Arsen 2010",
    "et": "SpinalCord",
    "off": 3391,
    "sff": "cord"
  },
  {
    "docID": "N011 Arsen 2010",
    "et": "SpinalCord",
    "off": 48733,
    "sff": "cord"
  },
  {
    "docID": "N011 Arsen 2010",
    "et": "SpinalCord",
    "off": 38359,
    "sff": "cord"
  },
  {
    "docID": "N011 Arsen 2010",
    "et": "SpinalCord",
    "off": 38487,
    "sff": "cord"
  },
  {
    "docID": "N011 Arsen 2010",
    "et": "SpinalCord",
    "off": 58711,
    "sff": "cord"
  },
  {
    "docID": "N011 Arsen 2010",
    "et": "SpinalCord",
    "off": 49622,
    "sff": "cord"
  },
  {
    "docID": "N011 Arsen 2010",
    "et": "SpinalCord",
    "off": 43481,
    "sff": "cord"
  },
  {
    "docID": "N011 Arsen 2010",
    "et": "SpinalCord",
    "off": 21843,
    "sff": "cord"
  },
  {
    "docID": "N011 Arsen 2010",
    "et": "SpinalCord",
    "off": 10195,
    "sff": "cord"
  },
  {
    "docID": "N011 Arsen 2010",
    "et": "SpinalCord",
    "off": 14933,
    "sff": "cord"
  },
  {
    "docID": "N011 Arsen 2010",
    "et": "SpinalCord",
    "off": 29519,
    "sff": "cord"
  },
  {
    "docID": "N011 Arsen 2010",
    "et": "SpinalCord",
    "off": 3024,
    "sff": "cord"
  },
  {
    "docID": "N011 Arsen 2010",
    "et": "SpinalCord",
    "off": 43729,
    "sff": "cord"
  },
  {
    "docID": "N011 Arsen 2010",
    "et": "SpinalCord",
    "off": 12266,
    "sff": "cord"
  },
  {
    "docID": "N011 Arsen 2010",
    "et": "SpinalCord",
    "off": 23661,
    "sff": "cord"
  },
  {
    "docID": "N011 Arsen 2010",
    "et": "SpinalCord",
    "off": 12774,
    "sff": "cord"
  },
  {
    "docID": "N011 Arsen 2010",
    "et": "SpinalCord",
    "off": 41190,
    "sff": "cord"
  },
  {
    "docID": "N011 Arsen 2010",
    "et": "SpinalCord",
    "off": 56035,
    "sff": "cord"
  },
  {
    "docID": "N011 Arsen 2010",
    "et": "SpinalCord",
    "off": 51169,
    "sff": "cord"
  },
  {
    "docID": "N011 Arsen 2010",
    "et": "SpinalCord",
    "off": 36859,
    "sff": "cord"
  },
  {
    "docID": "N011 Arsen 2010",
    "et": "SpinalCord",
    "off": 47608,
    "sff": "cord"
  },
  {
    "docID": "N011 Arsen 2010",
    "et": "SpinalCord",
    "off": 871,
    "sff": "Cord"
  },
  {
    "docID": "N011 Arsen 2010",
    "et": "SpinalCord",
    "off": 8686,
    "sff": "cord"
  },
  {
    "docID": "N011 Arsen 2010",
    "et": "SpinalCord",
    "off": 6767,
    "sff": "cord"
  },
  {
    "docID": "N011 Arsen 2010",
    "et": "SpinalCord",
    "off": 5616,
    "sff": "cord"
  },
  {
    "docID": "N011 Arsen 2010",
    "et": "SpinalCord",
    "off": 53361,
    "sff": "cord"
  },
  {
    "docID": "N011 Arsen 2010",
    "et": "SpinalCord",
    "off": 47216,
    "sff": "cord"
  },
  {
    "docID": "N011 Arsen 2010",
    "et": "SpinalCord",
    "off": 50928,
    "sff": "cord"
  },
  {
    "docID": "N011 Arsen 2010",
    "et": "SpinalCord",
    "off": 2826,
    "sff": "cord"
  },
  {
    "docID": "N011 Arsen 2010",
    "et": "SpinalCord",
    "off": 12939,
    "sff": "cord"
  },
  {
    "docID": "N011 Arsen 2010",
    "et": "SpinalCord",
    "off": 9101,
    "sff": "cord"
  },
  {
    "docID": "N011 Arsen 2010",
    "et": "SpinalCord",
    "off": 14861,
    "sff": "cord"
  },
  {
    "docID": "N011 Arsen 2010",
    "et": "SpinalCord",
    "off": 26377,
    "sff": "cord"
  },
  {
    "docID": "N011 Arsen 2010",
    "et": "SpinalCord",
    "off": 52617,
    "sff": "cord"
  },
  {
    "docID": "N011 Arsen 2010",
    "et": "SpinalCord",
    "off": 19326,
    "sff": "cord"
  },
  {
    "docID": "N011 Arsen 2010",
    "et": "SpinalCord",
    "off": 4634,
    "sff": "cord"
  },
  {
    "docID": "N011 Arsen 2010",
    "et": "SpinalCord",
    "off": 20118,
    "sff": "cord"
  },
  {
    "docID": "N011 Arsen 2010",
    "et": "SpinalCord",
    "off": 46999,
    "sff": "cord"
  },
  {
    "docID": "N011 Arsen 2010",
    "et": "SpinalCord",
    "off": 51991,
    "sff": "cord"
  },
  {
    "docID": "N011 Arsen 2010",
    "et": "SpinalCord",
    "off": 40985,
    "sff": "cord"
  },
  {
    "docID": "N011 Arsen 2010",
    "et": "SpinalCord",
    "off": 1433,
    "sff": "cord"
  },
  {
    "docID": "N011 Arsen 2010",
    "et": "SpinalCord",
    "off": 10137,
    "sff": "cord"
  },
  {
    "docID": "N011 Arsen 2010",
    "et": "SpinalCord",
    "off": 16281,
    "sff": "cord"
  },
  {
    "docID": "N011 Arsen 2010",
    "et": "SpinalCord",
    "off": 39320,
    "sff": "cord"
  },
  {
    "docID": "N011 Arsen 2010",
    "et": "SpinalCord",
    "off": 52881,
    "sff": "cord"
  },
  {
    "docID": "N011 Arsen 2010",
    "et": "SpinalCord",
    "off": 18218,
    "sff": "cord"
  },
  {
    "docID": "N011 Arsen 2010",
    "et": "SpinalCord",
    "off": 7723,
    "sff": "cord"
  },
  {
    "docID": "N011 Arsen 2010",
    "et": "SpinalCord",
    "off": 58154,
    "sff": "cord"
  },
  {
    "docID": "N011 Arsen 2010",
    "et": "SpinalCord",
    "off": 55340,
    "sff": "cord"
  },
  {
    "docID": "N011 Arsen 2010",
    "et": "SpinalCord",
    "off": 55079,
    "sff": "cord"
  },
  {
    "docID": "N011 Arsen 2010",
    "et": "SpinalCord",
    "off": 57895,
    "sff": "cord"
  },
  {
    "docID": "N011 Arsen 2010",
    "et": "SpinalCord",
    "off": 40358,
    "sff": "cord"
  },
  {
    "docID": "N011 Arsen 2010",
    "et": "SpinalCord",
    "off": 53672,
    "sff": "cord"
  },
  {
    "docID": "N011 Arsen 2010",
    "et": "SpinalCord",
    "off": 38051,
    "sff": "cord"
  },
  {
    "docID": "N011 Arsen 2010",
    "et": "SpinalCord",
    "off": 10403,
    "sff": "cord"
  },
  {
    "docID": "N011 Arsen 2010",
    "et": "SpinalCord",
    "off": 53538,
    "sff": "cord"
  },
  {
    "docID": "N011 Arsen 2010",
    "et": "SpinalCord",
    "off": 46501,
    "sff": "cord"
  },
  {
    "docID": "N011 Arsen 2010",
    "et": "SpinalCord",
    "off": 189,
    "sff": "Cord"
  },
  {
    "docID": "N011 Arsen 2010",
    "et": "SpinalCord",
    "off": 49825,
    "sff": "cord"
  },
  {
    "docID": "N011 Arsen 2010",
    "et": "SpinalCord",
    "off": 12602,
    "sff": "cord"
  },
  {
    "docID": "N011 Arsen 2010",
    "et": "SpinalCord",
    "off": 19772,
    "sff": "cord"
  },
  {
    "docID": "N011 Arsen 2010",
    "et": "SpinalCord",
    "off": 54205,
    "sff": "cord"
  },
  {
    "docID": "N011 Arsen 2010",
    "et": "SpinalCord",
    "off": 13238,
    "sff": "cord"
  },
  {
    "docID": "N011 Arsen 2010",
    "et": "SpinalCord",
    "off": 27827,
    "sff": "cord"
  },
  {
    "docID": "N011 Arsen 2010",
    "et": "SpinalCord",
    "off": 46387,
    "sff": "cord"
  },
  {
    "docID": "N011 Arsen 2010",
    "et": "SpinalCord",
    "off": 39733,
    "sff": "cord"
  },
  {
    "docID": "N011 Arsen 2010",
    "et": "SpinalCord",
    "off": 3886,
    "sff": "cord"
  },
  {
    "docID": "N011 Arsen 2010",
    "et": "SpinalCord",
    "off": 6958,
    "sff": "cord"
  },
  {
    "docID": "N011 Arsen 2010",
    "et": "SpinalCord",
    "off": 55599,
    "sff": "cord"
  },
  {
    "docID": "N011 Arsen 2010",
    "et": "SpinalCord",
    "off": 56494,
    "sff": "cord"
  },
  {
    "docID": "N011 Arsen 2010",
    "et": "SpinalCord",
    "off": 5041,
    "sff": "cord"
  },
  {
    "docID": "N011 Arsen 2010",
    "et": "DorsalColumn",
    "off": 57866,
    "sff": "dorsal"
  },
  {
    "docID": "N011 Arsen 2010",
    "et": "DorsalColumn",
    "off": 9066,
    "sff": "dorsal"
  },
  {
    "docID": "N011 Arsen 2010",
    "et": "DorsalColumn",
    "off": 12233,
    "sff": "dorsal"
  },
  {
    "docID": "N011 Arsen 2010",
    "et": "DorsalColumn",
    "off": 6717,
    "sff": "Dorsal"
  },
  {
    "docID": "N011 Arsen 2010",
    "et": "DorsalColumn",
    "off": 6963,
    "sff": "dorsal"
  },
  {
    "docID": "N011 Arsen 2010",
    "et": "DorsalColumn",
    "off": 10207,
    "sff": "dorsal"
  },
  {
    "docID": "N011 Arsen 2010",
    "et": "DorsalColumn",
    "off": 7010,
    "sff": "dorsal"
  },
  {
    "docID": "N011 Arsen 2010",
    "et": "DorsalColumn",
    "off": 50733,
    "sff": "dorsal column"
  },
  {
    "docID": "N011 Arsen 2010",
    "et": "LesionAdjacentTissue",
    "off": 20157,
    "sff": "lesion"
  },
  {
    "docID": "N011 Arsen 2010",
    "et": "LesionAdjacentTissue",
    "off": 23630,
    "sff": "lesion"
  },
  {
    "docID": "N011 Arsen 2010",
    "et": "LesionAdjacentTissue",
    "off": 3355,
    "sff": "lesion"
  },
  {
    "docID": "N011 Arsen 2010",
    "et": "LesionAdjacentTissue",
    "off": 19866,
    "sff": "lesion"
  },
  {
    "docID": "N011 Arsen 2010",
    "et": "LesionAdjacentTissue",
    "off": 21983,
    "sff": "adjacent"
  },
  {
    "docID": "N011 Arsen 2010",
    "et": "LesionAdjacentTissue",
    "off": 7316,
    "sff": "lesion"
  },
  {
    "docID": "N011 Arsen 2010",
    "et": "LesionAdjacentTissue",
    "off": 5969,
    "sff": "lesion"
  },
  {
    "docID": "N011 Arsen 2010",
    "et": "LesionAdjacentTissue",
    "off": 42466,
    "sff": "lesion"
  },
  {
    "docID": "N011 Arsen 2010",
    "et": "LesionAdjacentTissue",
    "off": 53330,
    "sff": "lesion"
  },
  {
    "docID": "N011 Arsen 2010",
    "et": "LesionAdjacentTissue",
    "off": 58451,
    "sff": "lesion"
  },
  {
    "docID": "N011 Arsen 2010",
    "et": "LesionAdjacentTissue",
    "off": 26530,
    "sff": "lesion"
  },
  {
    "docID": "N011 Arsen 2010",
    "et": "LesionAdjacentTissue",
    "off": 37169,
    "sff": "lesion"
  },
  {
    "docID": "N011 Arsen 2010",
    "et": "InfusionDelivery",
    "off": 18006,
    "sff": "infusion"
  },
  {
    "docID": "N011 Arsen 2010",
    "et": "InfusionDelivery",
    "off": 20021,
    "sff": "infusion"
  },
  {
    "docID": "N011 Arsen 2010",
    "et": "InfusionDelivery",
    "off": 6003,
    "sff": "infusion"
  },
  {
    "docID": "N011 Arsen 2010",
    "et": "Cervical",
    "off": 57221,
    "sff": "cervical"
  },
  {
    "docID": "N011 Arsen 2010",
    "et": "CentralNervousSystem",
    "off": 52481,
    "sff": "central nervous"
  },
  {
    "docID": "N011 Arsen 2010",
    "et": "CentralNervousSystem",
    "off": 56204,
    "sff": "nervous"
  },
  {
    "docID": "N011 Arsen 2010",
    "et": "CentralNervousSystem",
    "off": 53203,
    "sff": "nervous system"
  },
  {
    "docID": "N011 Arsen 2010",
    "et": "CentralNervousSystem",
    "off": 56749,
    "sff": "central"
  },
  {
    "docID": "N011 Arsen 2010",
    "et": "CentralNervousSystem",
    "off": 54531,
    "sff": "central nervous"
  },
  {
    "docID": "N011 Arsen 2010",
    "et": "CentralNervousSystem",
    "off": 53203,
    "sff": "nervous"
  },
  {
    "docID": "N011 Arsen 2010",
    "et": "CentralNervousSystem",
    "off": 56204,
    "sff": "nervous system"
  },
  {
    "docID": "N011 Arsen 2010",
    "et": "CentralNervousSystem",
    "off": 52481,
    "sff": "central nervous system"
  },
  {
    "docID": "N011 Arsen 2010",
    "et": "CentralNervousSystem",
    "off": 54531,
    "sff": "central nervous system"
  },
  {
    "docID": "N011 Arsen 2010",
    "et": "Location",
    "off": 10802,
    "sff": "location"
  },
  {
    "docID": "N011 Arsen 2010",
    "et": "SubstanceApplicationLocation",
    "off": 52833,
    "sff": "application"
  },
  {
    "docID": "N011 Arsen 2010",
    "et": "SubstanceApplicationLocation",
    "off": 49677,
    "sff": "application"
  },
  {
    "docID": "N011 Arsen 2010",
    "et": "CorticospinalTract",
    "off": 53982,
    "sff": "corticospinal"
  },
  {
    "docID": "N011 Arsen 2010",
    "et": "SpinalCentralPart",
    "off": 56749,
    "sff": "central"
  },
  {
    "docID": "N011 Arsen 2010",
    "et": "SpinalCentralPart",
    "off": 54531,
    "sff": "central"
  },
  {
    "docID": "N011 Arsen 2010",
    "et": "SpinalCentralPart",
    "off": 52481,
    "sff": "central"
  },
  {
    "docID": "N011 Arsen 2010",
    "et": "InjectionDelivery",
    "off": 33496,
    "sff": "injection"
  },
  {
    "docID": "N011 Arsen 2010",
    "et": "InjectionDelivery",
    "off": 38677,
    "sff": "injection"
  },
  {
    "docID": "N011 Arsen 2010",
    "et": "InjectionDelivery",
    "off": 44117,
    "sff": "injection"
  },
  {
    "docID": "N011 Arsen 2010",
    "et": "InjectionDelivery",
    "off": 7643,
    "sff": "injection"
  },
  {
    "docID": "N011 Arsen 2010",
    "et": "InjectionDelivery",
    "off": 32925,
    "sff": "Injection"
  },
  {
    "docID": "N011 Arsen 2010",
    "et": "InjectionDelivery",
    "off": 43673,
    "sff": "injection"
  },
  {
    "docID": "N011 Arsen 2010",
    "et": "InjectionDelivery",
    "off": 44384,
    "sff": "injection"
  },
  {
    "docID": "N011 Arsen 2010",
    "et": "InjectionDelivery",
    "off": 31967,
    "sff": "injection"
  },
  {
    "docID": "N011 Arsen 2010",
    "et": "InjectionDelivery",
    "off": 39969,
    "sff": "injection"
  },
  {
    "docID": "N011 Arsen 2010",
    "et": "InjectionDelivery",
    "off": 5320,
    "sff": "injection"
  },
  {
    "docID": "N011 Arsen 2010",
    "et": "InjectionDelivery",
    "off": 33108,
    "sff": "Injection"
  },
  {
    "docID": "N011 Arsen 2010",
    "et": "InjectionDelivery",
    "off": 35924,
    "sff": "Injection"
  },
  {
    "docID": "N011 Arsen 2010",
    "et": "InjectionDelivery",
    "off": 34316,
    "sff": "injection"
  },
  {
    "docID": "N011 Arsen 2010",
    "et": "InjectionDelivery",
    "off": 32590,
    "sff": "Injection"
  },
  {
    "docID": "N011 Arsen 2010",
    "et": "InjectionDelivery",
    "off": 39759,
    "sff": "injection"
  },
  {
    "docID": "N011 Arsen 2010",
    "et": "InjectionDelivery",
    "off": 12372,
    "sff": "injection"
  },
  {
    "docID": "N011 Arsen 2010",
    "et": "InjectionDelivery",
    "off": 28497,
    "sff": "injection"
  },
  {
    "docID": "N011 Arsen 2010",
    "et": "InjectionDelivery",
    "off": 31367,
    "sff": "Injection"
  },
  {
    "docID": "N011 Arsen 2010",
    "et": "InjectionDelivery",
    "off": 32210,
    "sff": "injection"
  },
  {
    "docID": "N011 Arsen 2010",
    "et": "InjectionDelivery",
    "off": 33080,
    "sff": "injection"
  },
  {
    "docID": "N011 Arsen 2010",
    "et": "InjectionDelivery",
    "off": 12858,
    "sff": "injection"
  },
  {
    "docID": "N011 Arsen 2010",
    "et": "InjectionDelivery",
    "off": 26879,
    "sff": "injection"
  },
  {
    "docID": "N011 Arsen 2010",
    "et": "InjectionDelivery",
    "off": 29056,
    "sff": "injection"
  },
  {
    "docID": "N011 Arsen 2010",
    "et": "InjectionDelivery",
    "off": 2430,
    "sff": "injection"
  },
  {
    "docID": "N011 Arsen 2010",
    "et": "InjectionDelivery",
    "off": 7422,
    "sff": "injection"
  },
  {
    "docID": "N011 Arsen 2010",
    "et": "InjectionDelivery",
    "off": 33597,
    "sff": "injection"
  },
  {
    "docID": "N011 Arsen 2010",
    "et": "InjectionDelivery",
    "off": 39937,
    "sff": "injection"
  },
  {
    "docID": "N011 Arsen 2010",
    "et": "InjectionDelivery",
    "off": 53889,
    "sff": "injection"
  },
  {
    "docID": "N011 Arsen 2010",
    "et": "InjectionDelivery",
    "off": 1832,
    "sff": "injection"
  },
  {
    "docID": "N011 Arsen 2010",
    "et": "InjectionDelivery",
    "off": 18469,
    "sff": "injection"
  },
  {
    "docID": "N011 Arsen 2010",
    "et": "InjectionDelivery",
    "off": 32106,
    "sff": "injection"
  },
  {
    "docID": "N011 Arsen 2010",
    "et": "InjectionDelivery",
    "off": 34031,
    "sff": "Injection"
  },
  {
    "docID": "N011 Arsen 2010",
    "et": "InjectionDelivery",
    "off": 13295,
    "sff": "injection"
  },
  {
    "docID": "N011 Arsen 2010",
    "et": "InjectionDelivery",
    "off": 14832,
    "sff": "injection"
  },
  {
    "docID": "N011 Arsen 2010",
    "et": "InjectionDelivery",
    "off": 14957,
    "sff": "injection"
  },
  {
    "docID": "N011 Arsen 2010",
    "et": "InjectionDelivery",
    "off": 27123,
    "sff": "injection"
  },
  {
    "docID": "N011 Arsen 2010",
    "et": "InjectionDelivery",
    "off": 32884,
    "sff": "injection"
  },
  {
    "docID": "N011 Arsen 2010",
    "et": "InjectionDelivery",
    "off": 27442,
    "sff": "injection"
  },
  {
    "docID": "N011 Arsen 2010",
    "et": "InjectionDelivery",
    "off": 38193,
    "sff": "injection"
  },
  {
    "docID": "N011 Arsen 2010",
    "et": "InjectionDelivery",
    "off": 38513,
    "sff": "injection"
  },
  {
    "docID": "N011 Arsen 2010",
    "et": "SpinalLesionSite",
    "off": 3355,
    "sff": "lesion"
  },
  {
    "docID": "N011 Arsen 2010",
    "et": "SpinalLesionSite",
    "off": 19866,
    "sff": "lesion"
  },
  {
    "docID": "N011 Arsen 2010",
    "et": "SpinalLesionSite",
    "off": 58451,
    "sff": "lesion site"
  },
  {
    "docID": "N011 Arsen 2010",
    "et": "SpinalLesionSite",
    "off": 26530,
    "sff": "lesion site"
  },
  {
    "docID": "N011 Arsen 2010",
    "et": "SpinalLesionSite",
    "off": 53330,
    "sff": "lesion"
  },
  {
    "docID": "N011 Arsen 2010",
    "et": "SpinalLesionSite",
    "off": 23630,
    "sff": "lesion"
  },
  {
    "docID": "N011 Arsen 2010",
    "et": "SpinalLesionSite",
    "off": 20157,
    "sff": "lesion"
  },
  {
    "docID": "N011 Arsen 2010",
    "et": "SpinalLesionSite",
    "off": 7316,
    "sff": "lesion"
  },
  {
    "docID": "N011 Arsen 2010",
    "et": "SpinalLesionSite",
    "off": 42466,
    "sff": "lesion"
  },
  {
    "docID": "N011 Arsen 2010",
    "et": "SpinalLesionSite",
    "off": 5969,
    "sff": "lesion"
  },
  {
    "docID": "N011 Arsen 2010",
    "et": "SpinalLesionSite",
    "off": 37169,
    "sff": "lesion"
  }
]
