[
  {
    "docID": "N012 Bradbury 2002 11948352",
    "et": "AnatomicalLocation",
    "off": 9179,
    "sff": "anatomical"
  },
  {
    "docID": "N012 Bradbury 2002 11948352",
    "et": "AnatomicalLocation",
    "off": 9494,
    "sff": "Anatomical"
  },
  {
    "docID": "N012 Bradbury 2002 11948352",
    "et": "AnatomicalLocation",
    "off": 3881,
    "sff": "Anatomical"
  },
  {
    "docID": "N012 Bradbury 2002 11948352",
    "et": "AnatomicalLocation",
    "off": 9717,
    "sff": "anatomical"
  },
  {
    "docID": "N012 Bradbury 2002 11948352",
    "et": "AnatomicalLocation",
    "off": 16261,
    "sff": "anatomical"
  },
  {
    "docID": "N012 Bradbury 2002 11948352",
    "et": "SuperficialDelivery",
    "off": 23422,
    "sff": "superficial"
  },
  {
    "docID": "N012 Bradbury 2002 11948352",
    "et": "Lumbar",
    "off": 4839,
    "sff": "lumbar"
  },
  {
    "docID": "N012 Bradbury 2002 11948352",
    "et": "Lumbar",
    "off": 5063,
    "sff": "lumbar"
  },
  {
    "docID": "N012 Bradbury 2002 11948352",
    "et": "Lumbar",
    "off": 18455,
    "sff": "lumbar"
  },
  {
    "docID": "N012 Bradbury 2002 11948352",
    "et": "Lumbar",
    "off": 12238,
    "sff": "lumbar"
  },
  {
    "docID": "N012 Bradbury 2002 11948352",
    "et": "Brain",
    "off": 22538,
    "sff": "brain"
  },
  {
    "docID": "N012 Bradbury 2002 11948352",
    "et": "Brain",
    "off": 25393,
    "sff": "Brain"
  },
  {
    "docID": "N012 Bradbury 2002 11948352",
    "et": "Brain",
    "off": 20805,
    "sff": "Brain"
  },
  {
    "docID": "N012 Bradbury 2002 11948352",
    "et": "Brain",
    "off": 23838,
    "sff": "brain"
  },
  {
    "docID": "N012 Bradbury 2002 11948352",
    "et": "Brain",
    "off": 17936,
    "sff": "brain"
  },
  {
    "docID": "N012 Bradbury 2002 11948352",
    "et": "Brain",
    "off": 25404,
    "sff": "Brain"
  },
  {
    "docID": "N012 Bradbury 2002 11948352",
    "et": "Brain",
    "off": 446,
    "sff": "Brain"
  },
  {
    "docID": "N012 Bradbury 2002 11948352",
    "et": "Brain",
    "off": 24166,
    "sff": "brain"
  },
  {
    "docID": "N012 Bradbury 2002 11948352",
    "et": "AscendingFiberTract",
    "off": 1740,
    "sff": "ascending"
  },
  {
    "docID": "N012 Bradbury 2002 11948352",
    "et": "AscendingFiberTract",
    "off": 16284,
    "sff": "ascending"
  },
  {
    "docID": "N012 Bradbury 2002 11948352",
    "et": "AscendingFiberTract",
    "off": 25851,
    "sff": "ascending"
  },
  {
    "docID": "N012 Bradbury 2002 11948352",
    "et": "AscendingFiberTract",
    "off": 24726,
    "sff": "ascending"
  },
  {
    "docID": "N012 Bradbury 2002 11948352",
    "et": "AscendingFiberTract",
    "off": 17437,
    "sff": "Ascending"
  },
  {
    "docID": "N012 Bradbury 2002 11948352",
    "et": "SpinalWhiteMatter",
    "off": 10830,
    "sff": "white matter"
  },
  {
    "docID": "N012 Bradbury 2002 11948352",
    "et": "SpinalWhiteMatter",
    "off": 2877,
    "sff": "white matter"
  },
  {
    "docID": "N012 Bradbury 2002 11948352",
    "et": "SpinalWhiteMatter",
    "off": 21734,
    "sff": "white matter"
  },
  {
    "docID": "N012 Bradbury 2002 11948352",
    "et": "SpinalWhiteMatter",
    "off": 12812,
    "sff": "white matter"
  },
  {
    "docID": "N012 Bradbury 2002 11948352",
    "et": "Intrathecal",
    "off": 1568,
    "sff": "intrathecal"
  },
  {
    "docID": "N012 Bradbury 2002 11948352",
    "et": "Intrathecal",
    "off": 2264,
    "sff": "intrathecal"
  },
  {
    "docID": "N012 Bradbury 2002 11948352",
    "et": "DeliveryMethod",
    "off": 2972,
    "sff": "delivery"
  },
  {
    "docID": "N012 Bradbury 2002 11948352",
    "et": "SpinalDorsalHalf",
    "off": 11042,
    "sff": "dorsal"
  },
  {
    "docID": "N012 Bradbury 2002 11948352",
    "et": "SpinalDorsalHalf",
    "off": 6080,
    "sff": "dorsal"
  },
  {
    "docID": "N012 Bradbury 2002 11948352",
    "et": "SpinalDorsalHalf",
    "off": 23360,
    "sff": "dorsal"
  },
  {
    "docID": "N012 Bradbury 2002 11948352",
    "et": "SpinalDorsalHalf",
    "off": 24736,
    "sff": "dorsal"
  },
  {
    "docID": "N012 Bradbury 2002 11948352",
    "et": "SpinalDorsalHalf",
    "off": 17447,
    "sff": "dorsal"
  },
  {
    "docID": "N012 Bradbury 2002 11948352",
    "et": "SpinalDorsalHalf",
    "off": 17914,
    "sff": "dorsal"
  },
  {
    "docID": "N012 Bradbury 2002 11948352",
    "et": "SpinalDorsalHalf",
    "off": 15358,
    "sff": "dorsal"
  },
  {
    "docID": "N012 Bradbury 2002 11948352",
    "et": "SpinalDorsalHalf",
    "off": 5341,
    "sff": "dorsal"
  },
  {
    "docID": "N012 Bradbury 2002 11948352",
    "et": "SpinalDorsalHalf",
    "off": 6866,
    "sff": "dorsal"
  },
  {
    "docID": "N012 Bradbury 2002 11948352",
    "et": "SpinalDorsalHalf",
    "off": 2227,
    "sff": "dorsal"
  },
  {
    "docID": "N012 Bradbury 2002 11948352",
    "et": "SpinalDorsalHalf",
    "off": 4755,
    "sff": "dorsal"
  },
  {
    "docID": "N012 Bradbury 2002 11948352",
    "et": "SpinalDorsalHalf",
    "off": 4945,
    "sff": "dorsal"
  },
  {
    "docID": "N012 Bradbury 2002 11948352",
    "et": "SpinalDorsalHalf",
    "off": 12337,
    "sff": "dorsal"
  },
  {
    "docID": "N012 Bradbury 2002 11948352",
    "et": "SpinalDorsalHalf",
    "off": 6953,
    "sff": "Dorsal"
  },
  {
    "docID": "N012 Bradbury 2002 11948352",
    "et": "SpinalDorsalHalf",
    "off": 1525,
    "sff": "dorsal"
  },
  {
    "docID": "N012 Bradbury 2002 11948352",
    "et": "SpinalDorsalHalf",
    "off": 17717,
    "sff": "dorsal"
  },
  {
    "docID": "N012 Bradbury 2002 11948352",
    "et": "SpinalDorsalHalf",
    "off": 4682,
    "sff": "dorsal"
  },
  {
    "docID": "N012 Bradbury 2002 11948352",
    "et": "SpinalDorsalHalf",
    "off": 23434,
    "sff": "dorsal"
  },
  {
    "docID": "N012 Bradbury 2002 11948352",
    "et": "SpinalDorsalHalf",
    "off": 13707,
    "sff": "dorsal"
  },
  {
    "docID": "N012 Bradbury 2002 11948352",
    "et": "SpinalDorsalHalf",
    "off": 3308,
    "sff": "dorsal"
  },
  {
    "docID": "N012 Bradbury 2002 11948352",
    "et": "SpinalDorsalHalf",
    "off": 3916,
    "sff": "dorsal"
  },
  {
    "docID": "N012 Bradbury 2002 11948352",
    "et": "SpinalDorsalHalf",
    "off": 12300,
    "sff": "dorsal"
  },
  {
    "docID": "N012 Bradbury 2002 11948352",
    "et": "SpinalDorsalHalf",
    "off": 25868,
    "sff": "dorsal"
  },
  {
    "docID": "N012 Bradbury 2002 11948352",
    "et": "SpinalCord",
    "off": 16636,
    "sff": "cord"
  },
  {
    "docID": "N012 Bradbury 2002 11948352",
    "et": "SpinalCord",
    "off": 19324,
    "sff": "cord"
  },
  {
    "docID": "N012 Bradbury 2002 11948352",
    "et": "SpinalCord",
    "off": 25721,
    "sff": "cord"
  },
  {
    "docID": "N012 Bradbury 2002 11948352",
    "et": "SpinalCord",
    "off": 25336,
    "sff": "cord"
  },
  {
    "docID": "N012 Bradbury 2002 11948352",
    "et": "SpinalCord",
    "off": 4853,
    "sff": "cord"
  },
  {
    "docID": "N012 Bradbury 2002 11948352",
    "et": "SpinalCord",
    "off": 24516,
    "sff": "cord"
  },
  {
    "docID": "N012 Bradbury 2002 11948352",
    "et": "SpinalCord",
    "off": 24768,
    "sff": "cord"
  },
  {
    "docID": "N012 Bradbury 2002 11948352",
    "et": "SpinalCord",
    "off": 11660,
    "sff": "cord"
  },
  {
    "docID": "N012 Bradbury 2002 11948352",
    "et": "SpinalCord",
    "off": 21771,
    "sff": "cord"
  },
  {
    "docID": "N012 Bradbury 2002 11948352",
    "et": "SpinalCord",
    "off": 22155,
    "sff": "cord"
  },
  {
    "docID": "N012 Bradbury 2002 11948352",
    "et": "SpinalCord",
    "off": 18762,
    "sff": "cord"
  },
  {
    "docID": "N012 Bradbury 2002 11948352",
    "et": "SpinalCord",
    "off": 5960,
    "sff": "cord"
  },
  {
    "docID": "N012 Bradbury 2002 11948352",
    "et": "SpinalCord",
    "off": 10376,
    "sff": "cord"
  },
  {
    "docID": "N012 Bradbury 2002 11948352",
    "et": "SpinalCord",
    "off": 5319,
    "sff": "cord"
  },
  {
    "docID": "N012 Bradbury 2002 11948352",
    "et": "SpinalCord",
    "off": 83,
    "sff": "cord"
  },
  {
    "docID": "N012 Bradbury 2002 11948352",
    "et": "SpinalCord",
    "off": 23252,
    "sff": "cord"
  },
  {
    "docID": "N012 Bradbury 2002 11948352",
    "et": "SpinalCord",
    "off": 25108,
    "sff": "cord"
  },
  {
    "docID": "N012 Bradbury 2002 11948352",
    "et": "SpinalCord",
    "off": 18003,
    "sff": "cord"
  },
  {
    "docID": "N012 Bradbury 2002 11948352",
    "et": "SpinalCord",
    "off": 15760,
    "sff": "cord"
  },
  {
    "docID": "N012 Bradbury 2002 11948352",
    "et": "SpinalCord",
    "off": 24411,
    "sff": "cord"
  },
  {
    "docID": "N012 Bradbury 2002 11948352",
    "et": "SpinalCord",
    "off": 9306,
    "sff": "cord"
  },
  {
    "docID": "N012 Bradbury 2002 11948352",
    "et": "SpinalCord",
    "off": 922,
    "sff": "cord"
  },
  {
    "docID": "N012 Bradbury 2002 11948352",
    "et": "SpinalCord",
    "off": 17432,
    "sff": "cord"
  },
  {
    "docID": "N012 Bradbury 2002 11948352",
    "et": "SpinalCord",
    "off": 23701,
    "sff": "cord"
  },
  {
    "docID": "N012 Bradbury 2002 11948352",
    "et": "SpinalCord",
    "off": 25571,
    "sff": "cord"
  },
  {
    "docID": "N012 Bradbury 2002 11948352",
    "et": "SpinalCord",
    "off": 13282,
    "sff": "cord"
  },
  {
    "docID": "N012 Bradbury 2002 11948352",
    "et": "SpinalCord",
    "off": 26079,
    "sff": "cord"
  },
  {
    "docID": "N012 Bradbury 2002 11948352",
    "et": "SpinalCord",
    "off": 10717,
    "sff": "cord"
  },
  {
    "docID": "N012 Bradbury 2002 11948352",
    "et": "SpinalCord",
    "off": 12253,
    "sff": "cord"
  },
  {
    "docID": "N012 Bradbury 2002 11948352",
    "et": "SpinalCord",
    "off": 25898,
    "sff": "cord"
  },
  {
    "docID": "N012 Bradbury 2002 11948352",
    "et": "SpinalCord",
    "off": 10857,
    "sff": "cord"
  },
  {
    "docID": "N012 Bradbury 2002 11948352",
    "et": "SpinalCord",
    "off": 12517,
    "sff": "cord"
  },
  {
    "docID": "N012 Bradbury 2002 11948352",
    "et": "SpinalCord",
    "off": 18469,
    "sff": "cord"
  },
  {
    "docID": "N012 Bradbury 2002 11948352",
    "et": "SpinalCord",
    "off": 10484,
    "sff": "cord"
  },
  {
    "docID": "N012 Bradbury 2002 11948352",
    "et": "SpinalCord",
    "off": 15219,
    "sff": "cord"
  },
  {
    "docID": "N012 Bradbury 2002 11948352",
    "et": "SpinalCord",
    "off": 25194,
    "sff": "Cord"
  },
  {
    "docID": "N012 Bradbury 2002 11948352",
    "et": "SpinalCord",
    "off": 1455,
    "sff": "cord"
  },
  {
    "docID": "N012 Bradbury 2002 11948352",
    "et": "SpinalCord",
    "off": 10288,
    "sff": "cord"
  },
  {
    "docID": "N012 Bradbury 2002 11948352",
    "et": "SpinalCord",
    "off": 23024,
    "sff": "cord"
  },
  {
    "docID": "N012 Bradbury 2002 11948352",
    "et": "SpinalCord",
    "off": 23600,
    "sff": "cord"
  },
  {
    "docID": "N012 Bradbury 2002 11948352",
    "et": "DorsalColumn",
    "off": 12337,
    "sff": "dorsal column"
  },
  {
    "docID": "N012 Bradbury 2002 11948352",
    "et": "DorsalColumn",
    "off": 23360,
    "sff": "dorsal"
  },
  {
    "docID": "N012 Bradbury 2002 11948352",
    "et": "DorsalColumn",
    "off": 17914,
    "sff": "dorsal"
  },
  {
    "docID": "N012 Bradbury 2002 11948352",
    "et": "DorsalColumn",
    "off": 17717,
    "sff": "dorsal column"
  },
  {
    "docID": "N012 Bradbury 2002 11948352",
    "et": "DorsalColumn",
    "off": 6866,
    "sff": "dorsal column"
  },
  {
    "docID": "N012 Bradbury 2002 11948352",
    "et": "DorsalColumn",
    "off": 2227,
    "sff": "dorsal column"
  },
  {
    "docID": "N012 Bradbury 2002 11948352",
    "et": "DorsalColumn",
    "off": 1525,
    "sff": "dorsal"
  },
  {
    "docID": "N012 Bradbury 2002 11948352",
    "et": "DorsalColumn",
    "off": 4755,
    "sff": "dorsal"
  },
  {
    "docID": "N012 Bradbury 2002 11948352",
    "et": "DorsalColumn",
    "off": 17447,
    "sff": "dorsal column"
  },
  {
    "docID": "N012 Bradbury 2002 11948352",
    "et": "DorsalColumn",
    "off": 3916,
    "sff": "dorsal column"
  },
  {
    "docID": "N012 Bradbury 2002 11948352",
    "et": "DorsalColumn",
    "off": 4945,
    "sff": "dorsal"
  },
  {
    "docID": "N012 Bradbury 2002 11948352",
    "et": "DorsalColumn",
    "off": 23434,
    "sff": "dorsal"
  },
  {
    "docID": "N012 Bradbury 2002 11948352",
    "et": "DorsalColumn",
    "off": 4682,
    "sff": "dorsal column"
  },
  {
    "docID": "N012 Bradbury 2002 11948352",
    "et": "DorsalColumn",
    "off": 25868,
    "sff": "dorsal"
  },
  {
    "docID": "N012 Bradbury 2002 11948352",
    "et": "DorsalColumn",
    "off": 13707,
    "sff": "dorsal column"
  },
  {
    "docID": "N012 Bradbury 2002 11948352",
    "et": "DorsalColumn",
    "off": 6080,
    "sff": "dorsal column"
  },
  {
    "docID": "N012 Bradbury 2002 11948352",
    "et": "DorsalColumn",
    "off": 24736,
    "sff": "dorsal column"
  },
  {
    "docID": "N012 Bradbury 2002 11948352",
    "et": "DorsalColumn",
    "off": 3308,
    "sff": "dorsal"
  },
  {
    "docID": "N012 Bradbury 2002 11948352",
    "et": "DorsalColumn",
    "off": 12300,
    "sff": "dorsal"
  },
  {
    "docID": "N012 Bradbury 2002 11948352",
    "et": "DorsalColumn",
    "off": 11042,
    "sff": "dorsal column"
  },
  {
    "docID": "N012 Bradbury 2002 11948352",
    "et": "DorsalColumn",
    "off": 5341,
    "sff": "dorsal column"
  },
  {
    "docID": "N012 Bradbury 2002 11948352",
    "et": "DorsalColumn",
    "off": 6953,
    "sff": "Dorsal column"
  },
  {
    "docID": "N012 Bradbury 2002 11948352",
    "et": "DorsalColumn",
    "off": 15358,
    "sff": "dorsal"
  },
  {
    "docID": "N012 Bradbury 2002 11948352",
    "et": "LesionAdjacentTissue",
    "off": 3661,
    "sff": "lesion"
  },
  {
    "docID": "N012 Bradbury 2002 11948352",
    "et": "LesionAdjacentTissue",
    "off": 12754,
    "sff": "lesion"
  },
  {
    "docID": "N012 Bradbury 2002 11948352",
    "et": "LesionAdjacentTissue",
    "off": 15954,
    "sff": "lesion"
  },
  {
    "docID": "N012 Bradbury 2002 11948352",
    "et": "LesionAdjacentTissue",
    "off": 2247,
    "sff": "lesion"
  },
  {
    "docID": "N012 Bradbury 2002 11948352",
    "et": "LesionAdjacentTissue",
    "off": 11608,
    "sff": "lesion"
  },
  {
    "docID": "N012 Bradbury 2002 11948352",
    "et": "LesionAdjacentTissue",
    "off": 11866,
    "sff": "lesion"
  },
  {
    "docID": "N012 Bradbury 2002 11948352",
    "et": "LesionAdjacentTissue",
    "off": 5441,
    "sff": "lesion"
  },
  {
    "docID": "N012 Bradbury 2002 11948352",
    "et": "LesionAdjacentTissue",
    "off": 16348,
    "sff": "lesion"
  },
  {
    "docID": "N012 Bradbury 2002 11948352",
    "et": "LesionAdjacentTissue",
    "off": 16479,
    "sff": "lesion"
  },
  {
    "docID": "N012 Bradbury 2002 11948352",
    "et": "LesionAdjacentTissue",
    "off": 6331,
    "sff": "lesion"
  },
  {
    "docID": "N012 Bradbury 2002 11948352",
    "et": "LesionAdjacentTissue",
    "off": 10807,
    "sff": "lesion"
  },
  {
    "docID": "N012 Bradbury 2002 11948352",
    "et": "LesionAdjacentTissue",
    "off": 4020,
    "sff": "lesion"
  },
  {
    "docID": "N012 Bradbury 2002 11948352",
    "et": "LesionAdjacentTissue",
    "off": 7731,
    "sff": "lesion"
  },
  {
    "docID": "N012 Bradbury 2002 11948352",
    "et": "LesionAdjacentTissue",
    "off": 13934,
    "sff": "lesion"
  },
  {
    "docID": "N012 Bradbury 2002 11948352",
    "et": "LesionAdjacentTissue",
    "off": 7785,
    "sff": "lesion"
  },
  {
    "docID": "N012 Bradbury 2002 11948352",
    "et": "LesionAdjacentTissue",
    "off": 12090,
    "sff": "lesion"
  },
  {
    "docID": "N012 Bradbury 2002 11948352",
    "et": "LesionAdjacentTissue",
    "off": 8928,
    "sff": "lesion"
  },
  {
    "docID": "N012 Bradbury 2002 11948352",
    "et": "LesionAdjacentTissue",
    "off": 11199,
    "sff": "lesion"
  },
  {
    "docID": "N012 Bradbury 2002 11948352",
    "et": "LesionAdjacentTissue",
    "off": 12351,
    "sff": "lesion"
  },
  {
    "docID": "N012 Bradbury 2002 11948352",
    "et": "LesionAdjacentTissue",
    "off": 10537,
    "sff": "Adjacent"
  },
  {
    "docID": "N012 Bradbury 2002 11948352",
    "et": "LesionAdjacentTissue",
    "off": 11713,
    "sff": "lesion"
  },
  {
    "docID": "N012 Bradbury 2002 11948352",
    "et": "LesionAdjacentTissue",
    "off": 19398,
    "sff": "lesion"
  },
  {
    "docID": "N012 Bradbury 2002 11948352",
    "et": "LesionAdjacentTissue",
    "off": 1877,
    "sff": "lesion"
  },
  {
    "docID": "N012 Bradbury 2002 11948352",
    "et": "LesionAdjacentTissue",
    "off": 5589,
    "sff": "lesion"
  },
  {
    "docID": "N012 Bradbury 2002 11948352",
    "et": "LesionAdjacentTissue",
    "off": 18376,
    "sff": "lesion"
  },
  {
    "docID": "N012 Bradbury 2002 11948352",
    "et": "LesionAdjacentTissue",
    "off": 13133,
    "sff": "lesion"
  },
  {
    "docID": "N012 Bradbury 2002 11948352",
    "et": "LesionAdjacentTissue",
    "off": 10537,
    "sff": "Adjacent tissue"
  },
  {
    "docID": "N012 Bradbury 2002 11948352",
    "et": "LesionAdjacentTissue",
    "off": 10504,
    "sff": "lesion"
  },
  {
    "docID": "N012 Bradbury 2002 11948352",
    "et": "LesionAdjacentTissue",
    "off": 13333,
    "sff": "lesion"
  },
  {
    "docID": "N012 Bradbury 2002 11948352",
    "et": "LesionAdjacentTissue",
    "off": 15765,
    "sff": "lesion"
  },
  {
    "docID": "N012 Bradbury 2002 11948352",
    "et": "LesionAdjacentTissue",
    "off": 15640,
    "sff": "lesion"
  },
  {
    "docID": "N012 Bradbury 2002 11948352",
    "et": "LesionAdjacentTissue",
    "off": 8196,
    "sff": "lesion"
  },
  {
    "docID": "N012 Bradbury 2002 11948352",
    "et": "LesionAdjacentTissue",
    "off": 13721,
    "sff": "lesion"
  },
  {
    "docID": "N012 Bradbury 2002 11948352",
    "et": "LesionAdjacentTissue",
    "off": 13981,
    "sff": "lesion"
  },
  {
    "docID": "N012 Bradbury 2002 11948352",
    "et": "LesionAdjacentTissue",
    "off": 6141,
    "sff": "lesion"
  },
  {
    "docID": "N012 Bradbury 2002 11948352",
    "et": "LesionAdjacentTissue",
    "off": 18211,
    "sff": "lesion"
  },
  {
    "docID": "N012 Bradbury 2002 11948352",
    "et": "LesionAdjacentTissue",
    "off": 19622,
    "sff": "lesion"
  },
  {
    "docID": "N012 Bradbury 2002 11948352",
    "et": "LesionAdjacentTissue",
    "off": 12458,
    "sff": "lesion"
  },
  {
    "docID": "N012 Bradbury 2002 11948352",
    "et": "LesionAdjacentTissue",
    "off": 8561,
    "sff": "lesion"
  },
  {
    "docID": "N012 Bradbury 2002 11948352",
    "et": "LesionAdjacentTissue",
    "off": 13485,
    "sff": "lesion"
  },
  {
    "docID": "N012 Bradbury 2002 11948352",
    "et": "LesionAdjacentTissue",
    "off": 16045,
    "sff": "lesion"
  },
  {
    "docID": "N012 Bradbury 2002 11948352",
    "et": "LesionAdjacentTissue",
    "off": 15344,
    "sff": "lesion"
  },
  {
    "docID": "N012 Bradbury 2002 11948352",
    "et": "LesionAdjacentTissue",
    "off": 2858,
    "sff": "lesion"
  },
  {
    "docID": "N012 Bradbury 2002 11948352",
    "et": "LesionAdjacentTissue",
    "off": 4136,
    "sff": "lesion"
  },
  {
    "docID": "N012 Bradbury 2002 11948352",
    "et": "LesionAdjacentTissue",
    "off": 4262,
    "sff": "lesion"
  },
  {
    "docID": "N012 Bradbury 2002 11948352",
    "et": "LesionAdjacentTissue",
    "off": 6438,
    "sff": "lesion"
  },
  {
    "docID": "N012 Bradbury 2002 11948352",
    "et": "LesionAdjacentTissue",
    "off": 15479,
    "sff": "lesion"
  },
  {
    "docID": "N012 Bradbury 2002 11948352",
    "et": "LesionAdjacentTissue",
    "off": 16250,
    "sff": "lesion"
  },
  {
    "docID": "N012 Bradbury 2002 11948352",
    "et": "LesionAdjacentTissue",
    "off": 4635,
    "sff": "lesion"
  },
  {
    "docID": "N012 Bradbury 2002 11948352",
    "et": "LesionAdjacentTissue",
    "off": 17666,
    "sff": "lesion"
  },
  {
    "docID": "N012 Bradbury 2002 11948352",
    "et": "LesionAdjacentTissue",
    "off": 18436,
    "sff": "lesion"
  },
  {
    "docID": "N012 Bradbury 2002 11948352",
    "et": "LesionAdjacentTissue",
    "off": 2640,
    "sff": "adjacent"
  },
  {
    "docID": "N012 Bradbury 2002 11948352",
    "et": "LesionAdjacentTissue",
    "off": 4372,
    "sff": "lesion"
  },
  {
    "docID": "N012 Bradbury 2002 11948352",
    "et": "InfusionDelivery",
    "off": 4031,
    "sff": "infusion"
  },
  {
    "docID": "N012 Bradbury 2002 11948352",
    "et": "Cervical",
    "off": 18746,
    "sff": "cervical"
  },
  {
    "docID": "N012 Bradbury 2002 11948352",
    "et": "Cervical",
    "off": 11147,
    "sff": "cervical"
  },
  {
    "docID": "N012 Bradbury 2002 11948352",
    "et": "Cervical",
    "off": 16620,
    "sff": "cervical"
  },
  {
    "docID": "N012 Bradbury 2002 11948352",
    "et": "Cervical",
    "off": 5303,
    "sff": "cervical"
  },
  {
    "docID": "N012 Bradbury 2002 11948352",
    "et": "Cervical",
    "off": 12500,
    "sff": "cervical"
  },
  {
    "docID": "N012 Bradbury 2002 11948352",
    "et": "Cervical",
    "off": 2213,
    "sff": "cervical"
  },
  {
    "docID": "N012 Bradbury 2002 11948352",
    "et": "CentralNervousSystem",
    "off": 20774,
    "sff": "central nervous system"
  },
  {
    "docID": "N012 Bradbury 2002 11948352",
    "et": "CentralNervousSystem",
    "off": 958,
    "sff": "central nervous"
  },
  {
    "docID": "N012 Bradbury 2002 11948352",
    "et": "CentralNervousSystem",
    "off": 22686,
    "sff": "central"
  },
  {
    "docID": "N012 Bradbury 2002 11948352",
    "et": "CentralNervousSystem",
    "off": 958,
    "sff": "central nervous system"
  },
  {
    "docID": "N012 Bradbury 2002 11948352",
    "et": "CentralNervousSystem",
    "off": 3170,
    "sff": "central"
  },
  {
    "docID": "N012 Bradbury 2002 11948352",
    "et": "CentralNervousSystem",
    "off": 20774,
    "sff": "central nervous"
  },
  {
    "docID": "N012 Bradbury 2002 11948352",
    "et": "C3",
    "off": 6469,
    "sff": "C3"
  },
  {
    "docID": "N012 Bradbury 2002 11948352",
    "et": "C4",
    "off": 6061,
    "sff": "C4"
  },
  {
    "docID": "N012 Bradbury 2002 11948352",
    "et": "C4",
    "off": 2223,
    "sff": "C4"
  },
  {
    "docID": "N012 Bradbury 2002 11948352",
    "et": "C4",
    "off": 15391,
    "sff": "C4"
  },
  {
    "docID": "N012 Bradbury 2002 11948352",
    "et": "C4",
    "off": 13329,
    "sff": "C4"
  },
  {
    "docID": "N012 Bradbury 2002 11948352",
    "et": "C4",
    "off": 19408,
    "sff": "C4"
  },
  {
    "docID": "N012 Bradbury 2002 11948352",
    "et": "C5",
    "off": 17004,
    "sff": "C5"
  },
  {
    "docID": "N012 Bradbury 2002 11948352",
    "et": "C5",
    "off": 3303,
    "sff": "C5"
  },
  {
    "docID": "N012 Bradbury 2002 11948352",
    "et": "C6",
    "off": 17011,
    "sff": "C6"
  },
  {
    "docID": "N012 Bradbury 2002 11948352",
    "et": "CorticospinalTract",
    "off": 12197,
    "sff": "corticospinal tract"
  },
  {
    "docID": "N012 Bradbury 2002 11948352",
    "et": "CorticospinalTract",
    "off": 4775,
    "sff": "corticospinal tract"
  },
  {
    "docID": "N012 Bradbury 2002 11948352",
    "et": "CorticospinalTract",
    "off": 1786,
    "sff": "corticospinal tract"
  },
  {
    "docID": "N012 Bradbury 2002 11948352",
    "et": "CorticospinalTract",
    "off": 24975,
    "sff": "corticospinal tract"
  },
  {
    "docID": "N012 Bradbury 2002 11948352",
    "et": "CorticospinalTract",
    "off": 1917,
    "sff": "corticospinal"
  },
  {
    "docID": "N012 Bradbury 2002 11948352",
    "et": "SpinalCentralPart",
    "off": 958,
    "sff": "central"
  },
  {
    "docID": "N012 Bradbury 2002 11948352",
    "et": "SpinalCentralPart",
    "off": 22686,
    "sff": "central"
  },
  {
    "docID": "N012 Bradbury 2002 11948352",
    "et": "SpinalCentralPart",
    "off": 3170,
    "sff": "central"
  },
  {
    "docID": "N012 Bradbury 2002 11948352",
    "et": "SpinalCentralPart",
    "off": 20774,
    "sff": "central"
  },
  {
    "docID": "N012 Bradbury 2002 11948352",
    "et": "SpinalLesionSite",
    "off": 16250,
    "sff": "lesion"
  },
  {
    "docID": "N012 Bradbury 2002 11948352",
    "et": "SpinalLesionSite",
    "off": 8561,
    "sff": "lesion"
  },
  {
    "docID": "N012 Bradbury 2002 11948352",
    "et": "SpinalLesionSite",
    "off": 17666,
    "sff": "lesion site"
  },
  {
    "docID": "N012 Bradbury 2002 11948352",
    "et": "SpinalLesionSite",
    "off": 15344,
    "sff": "lesion"
  },
  {
    "docID": "N012 Bradbury 2002 11948352",
    "et": "SpinalLesionSite",
    "off": 13934,
    "sff": "lesion"
  },
  {
    "docID": "N012 Bradbury 2002 11948352",
    "et": "SpinalLesionSite",
    "off": 7785,
    "sff": "lesion"
  },
  {
    "docID": "N012 Bradbury 2002 11948352",
    "et": "SpinalLesionSite",
    "off": 8928,
    "sff": "lesion"
  },
  {
    "docID": "N012 Bradbury 2002 11948352",
    "et": "SpinalLesionSite",
    "off": 16348,
    "sff": "lesion"
  },
  {
    "docID": "N012 Bradbury 2002 11948352",
    "et": "SpinalLesionSite",
    "off": 16479,
    "sff": "lesion"
  },
  {
    "docID": "N012 Bradbury 2002 11948352",
    "et": "SpinalLesionSite",
    "off": 15479,
    "sff": "lesion site"
  },
  {
    "docID": "N012 Bradbury 2002 11948352",
    "et": "SpinalLesionSite",
    "off": 13721,
    "sff": "lesion"
  },
  {
    "docID": "N012 Bradbury 2002 11948352",
    "et": "SpinalLesionSite",
    "off": 15640,
    "sff": "lesion"
  },
  {
    "docID": "N012 Bradbury 2002 11948352",
    "et": "SpinalLesionSite",
    "off": 15765,
    "sff": "lesion"
  },
  {
    "docID": "N012 Bradbury 2002 11948352",
    "et": "SpinalLesionSite",
    "off": 4372,
    "sff": "lesion"
  },
  {
    "docID": "N012 Bradbury 2002 11948352",
    "et": "SpinalLesionSite",
    "off": 11866,
    "sff": "lesion site"
  },
  {
    "docID": "N012 Bradbury 2002 11948352",
    "et": "SpinalLesionSite",
    "off": 10504,
    "sff": "lesion"
  },
  {
    "docID": "N012 Bradbury 2002 11948352",
    "et": "SpinalLesionSite",
    "off": 8196,
    "sff": "lesion"
  },
  {
    "docID": "N012 Bradbury 2002 11948352",
    "et": "SpinalLesionSite",
    "off": 18436,
    "sff": "lesion"
  },
  {
    "docID": "N012 Bradbury 2002 11948352",
    "et": "SpinalLesionSite",
    "off": 12754,
    "sff": "lesion site"
  },
  {
    "docID": "N012 Bradbury 2002 11948352",
    "et": "SpinalLesionSite",
    "off": 6141,
    "sff": "lesion"
  },
  {
    "docID": "N012 Bradbury 2002 11948352",
    "et": "SpinalLesionSite",
    "off": 6331,
    "sff": "lesion"
  },
  {
    "docID": "N012 Bradbury 2002 11948352",
    "et": "SpinalLesionSite",
    "off": 3661,
    "sff": "lesion site"
  },
  {
    "docID": "N012 Bradbury 2002 11948352",
    "et": "SpinalLesionSite",
    "off": 4020,
    "sff": "lesion"
  },
  {
    "docID": "N012 Bradbury 2002 11948352",
    "et": "SpinalLesionSite",
    "off": 7731,
    "sff": "lesion"
  },
  {
    "docID": "N012 Bradbury 2002 11948352",
    "et": "SpinalLesionSite",
    "off": 13485,
    "sff": "lesion"
  },
  {
    "docID": "N012 Bradbury 2002 11948352",
    "et": "SpinalLesionSite",
    "off": 16045,
    "sff": "lesion"
  },
  {
    "docID": "N012 Bradbury 2002 11948352",
    "et": "SpinalLesionSite",
    "off": 12090,
    "sff": "lesion site"
  },
  {
    "docID": "N012 Bradbury 2002 11948352",
    "et": "SpinalLesionSite",
    "off": 12458,
    "sff": "lesion"
  },
  {
    "docID": "N012 Bradbury 2002 11948352",
    "et": "SpinalLesionSite",
    "off": 4262,
    "sff": "lesion"
  },
  {
    "docID": "N012 Bradbury 2002 11948352",
    "et": "SpinalLesionSite",
    "off": 6438,
    "sff": "lesion"
  },
  {
    "docID": "N012 Bradbury 2002 11948352",
    "et": "SpinalLesionSite",
    "off": 19622,
    "sff": "lesion"
  },
  {
    "docID": "N012 Bradbury 2002 11948352",
    "et": "SpinalLesionSite",
    "off": 13981,
    "sff": "lesion"
  },
  {
    "docID": "N012 Bradbury 2002 11948352",
    "et": "SpinalLesionSite",
    "off": 10807,
    "sff": "lesion site"
  },
  {
    "docID": "N012 Bradbury 2002 11948352",
    "et": "SpinalLesionSite",
    "off": 2858,
    "sff": "lesion site"
  },
  {
    "docID": "N012 Bradbury 2002 11948352",
    "et": "SpinalLesionSite",
    "off": 11608,
    "sff": "lesion"
  },
  {
    "docID": "N012 Bradbury 2002 11948352",
    "et": "SpinalLesionSite",
    "off": 1877,
    "sff": "lesion"
  },
  {
    "docID": "N012 Bradbury 2002 11948352",
    "et": "SpinalLesionSite",
    "off": 5589,
    "sff": "lesion"
  },
  {
    "docID": "N012 Bradbury 2002 11948352",
    "et": "SpinalLesionSite",
    "off": 15954,
    "sff": "lesion"
  },
  {
    "docID": "N012 Bradbury 2002 11948352",
    "et": "SpinalLesionSite",
    "off": 18211,
    "sff": "lesion site"
  },
  {
    "docID": "N012 Bradbury 2002 11948352",
    "et": "SpinalLesionSite",
    "off": 13133,
    "sff": "lesion"
  },
  {
    "docID": "N012 Bradbury 2002 11948352",
    "et": "SpinalLesionSite",
    "off": 4136,
    "sff": "lesion site"
  },
  {
    "docID": "N012 Bradbury 2002 11948352",
    "et": "SpinalLesionSite",
    "off": 18376,
    "sff": "lesion"
  },
  {
    "docID": "N012 Bradbury 2002 11948352",
    "et": "SpinalLesionSite",
    "off": 4635,
    "sff": "lesion site"
  },
  {
    "docID": "N012 Bradbury 2002 11948352",
    "et": "SpinalLesionSite",
    "off": 2247,
    "sff": "lesion"
  },
  {
    "docID": "N012 Bradbury 2002 11948352",
    "et": "SpinalLesionSite",
    "off": 19398,
    "sff": "lesion"
  },
  {
    "docID": "N012 Bradbury 2002 11948352",
    "et": "SpinalLesionSite",
    "off": 5441,
    "sff": "lesion"
  },
  {
    "docID": "N012 Bradbury 2002 11948352",
    "et": "SpinalLesionSite",
    "off": 11713,
    "sff": "lesion"
  },
  {
    "docID": "N012 Bradbury 2002 11948352",
    "et": "SpinalLesionSite",
    "off": 13333,
    "sff": "lesion site"
  },
  {
    "docID": "N012 Bradbury 2002 11948352",
    "et": "SpinalLesionSite",
    "off": 11199,
    "sff": "lesion"
  },
  {
    "docID": "N012 Bradbury 2002 11948352",
    "et": "SpinalLesionSite",
    "off": 12351,
    "sff": "lesion"
  }
]
