[
  {
    "docID": "N026 Garcia-Alias 2009 19668200",
    "et": "AnatomicalLocation",
    "off": 20207,
    "sff": "anatomical"
  },
  {
    "docID": "N026 Garcia-Alias 2009 19668200",
    "et": "AnatomicalLocation",
    "off": 34766,
    "sff": "anatomical"
  },
  {
    "docID": "N026 Garcia-Alias 2009 19668200",
    "et": "AnatomicalLocation",
    "off": 44076,
    "sff": "anatomical"
  },
  {
    "docID": "N026 Garcia-Alias 2009 19668200",
    "et": "AnatomicalLocation",
    "off": 39418,
    "sff": "anatomical"
  },
  {
    "docID": "N026 Garcia-Alias 2009 19668200",
    "et": "AnatomicalLocation",
    "off": 29767,
    "sff": "anatomical"
  },
  {
    "docID": "N026 Garcia-Alias 2009 19668200",
    "et": "AnatomicalLocation",
    "off": 3942,
    "sff": "anatomical"
  },
  {
    "docID": "N026 Garcia-Alias 2009 19668200",
    "et": "Lumbar",
    "off": 47151,
    "sff": "lumbar"
  },
  {
    "docID": "N026 Garcia-Alias 2009 19668200",
    "et": "Brain",
    "off": 44109,
    "sff": "Brain"
  },
  {
    "docID": "N026 Garcia-Alias 2009 19668200",
    "et": "Brain",
    "off": 50605,
    "sff": "Brain"
  },
  {
    "docID": "N026 Garcia-Alias 2009 19668200",
    "et": "Brain",
    "off": 3525,
    "sff": "brain"
  },
  {
    "docID": "N026 Garcia-Alias 2009 19668200",
    "et": "Brain",
    "off": 50460,
    "sff": "Brain"
  },
  {
    "docID": "N026 Garcia-Alias 2009 19668200",
    "et": "Brain",
    "off": 45687,
    "sff": "brain"
  },
  {
    "docID": "N026 Garcia-Alias 2009 19668200",
    "et": "Brain",
    "off": 42718,
    "sff": "Brain"
  },
  {
    "docID": "N026 Garcia-Alias 2009 19668200",
    "et": "Brain",
    "off": 46238,
    "sff": "Brain"
  },
  {
    "docID": "N026 Garcia-Alias 2009 19668200",
    "et": "Brain",
    "off": 48747,
    "sff": "brain"
  },
  {
    "docID": "N026 Garcia-Alias 2009 19668200",
    "et": "Brain",
    "off": 47930,
    "sff": "brain"
  },
  {
    "docID": "N026 Garcia-Alias 2009 19668200",
    "et": "Brain",
    "off": 48418,
    "sff": "Brain"
  },
  {
    "docID": "N026 Garcia-Alias 2009 19668200",
    "et": "Brain",
    "off": 44260,
    "sff": "Brain"
  },
  {
    "docID": "N026 Garcia-Alias 2009 19668200",
    "et": "Extremity",
    "off": 41525,
    "sff": "extremity"
  },
  {
    "docID": "N026 Garcia-Alias 2009 19668200",
    "et": "Intraspinal",
    "off": 42311,
    "sff": "intraspinal"
  },
  {
    "docID": "N026 Garcia-Alias 2009 19668200",
    "et": "SpinalWhiteMatter",
    "off": 12074,
    "sff": "white matter"
  },
  {
    "docID": "N026 Garcia-Alias 2009 19668200",
    "et": "SpinalWhiteMatter",
    "off": 30076,
    "sff": "white matter"
  },
  {
    "docID": "N026 Garcia-Alias 2009 19668200",
    "et": "SpinalWhiteMatter",
    "off": 20300,
    "sff": "white matter"
  },
  {
    "docID": "N026 Garcia-Alias 2009 19668200",
    "et": "SpinalWhiteMatter",
    "off": 20783,
    "sff": "white matter"
  },
  {
    "docID": "N026 Garcia-Alias 2009 19668200",
    "et": "SpinalWhiteMatter",
    "off": 12448,
    "sff": "white matter"
  },
  {
    "docID": "N026 Garcia-Alias 2009 19668200",
    "et": "SpinalWhiteMatter",
    "off": 15525,
    "sff": "white matter"
  },
  {
    "docID": "N026 Garcia-Alias 2009 19668200",
    "et": "SpinalWhiteMatter",
    "off": 22661,
    "sff": "white matter"
  },
  {
    "docID": "N026 Garcia-Alias 2009 19668200",
    "et": "SpinalWhiteMatter",
    "off": 15815,
    "sff": "white matter"
  },
  {
    "docID": "N026 Garcia-Alias 2009 19668200",
    "et": "Intrathecal",
    "off": 22189,
    "sff": "intrathecal"
  },
  {
    "docID": "N026 Garcia-Alias 2009 19668200",
    "et": "Intrathecal",
    "off": 9932,
    "sff": "intrathecal"
  },
  {
    "docID": "N026 Garcia-Alias 2009 19668200",
    "et": "Intrathecal",
    "off": 15156,
    "sff": "intrathecal"
  },
  {
    "docID": "N026 Garcia-Alias 2009 19668200",
    "et": "Intrathecal",
    "off": 22011,
    "sff": "intrathecal"
  },
  {
    "docID": "N026 Garcia-Alias 2009 19668200",
    "et": "DeliveryMethod",
    "off": 4508,
    "sff": "delivery"
  },
  {
    "docID": "N026 Garcia-Alias 2009 19668200",
    "et": "DeliveryMethod",
    "off": 50121,
    "sff": "delivery"
  },
  {
    "docID": "N026 Garcia-Alias 2009 19668200",
    "et": "SpinalDorsalHalf",
    "off": 4620,
    "sff": "dorsal"
  },
  {
    "docID": "N026 Garcia-Alias 2009 19668200",
    "et": "SpinalDorsalHalf",
    "off": 21198,
    "sff": "dorsal"
  },
  {
    "docID": "N026 Garcia-Alias 2009 19668200",
    "et": "SpinalDorsalHalf",
    "off": 21390,
    "sff": "dorsal"
  },
  {
    "docID": "N026 Garcia-Alias 2009 19668200",
    "et": "SpinalDorsalHalf",
    "off": 21077,
    "sff": "dorsal"
  },
  {
    "docID": "N026 Garcia-Alias 2009 19668200",
    "et": "SpinalDorsalHalf",
    "off": 13401,
    "sff": "dorsal"
  },
  {
    "docID": "N026 Garcia-Alias 2009 19668200",
    "et": "SpinalDorsalHalf",
    "off": 32286,
    "sff": "dorsal"
  },
  {
    "docID": "N026 Garcia-Alias 2009 19668200",
    "et": "SpinalDorsalHalf",
    "off": 21221,
    "sff": "dorsal"
  },
  {
    "docID": "N026 Garcia-Alias 2009 19668200",
    "et": "SpinalDorsalHalf",
    "off": 29802,
    "sff": "dorsal"
  },
  {
    "docID": "N026 Garcia-Alias 2009 19668200",
    "et": "SpinalDorsalHalf",
    "off": 39849,
    "sff": "dorsal"
  },
  {
    "docID": "N026 Garcia-Alias 2009 19668200",
    "et": "SpinalDorsalHalf",
    "off": 13933,
    "sff": "dorsal"
  },
  {
    "docID": "N026 Garcia-Alias 2009 19668200",
    "et": "SpinalDorsalHalf",
    "off": 32745,
    "sff": "Dorsal"
  },
  {
    "docID": "N026 Garcia-Alias 2009 19668200",
    "et": "SpinalDorsalHalf",
    "off": 13487,
    "sff": "dorsal"
  },
  {
    "docID": "N026 Garcia-Alias 2009 19668200",
    "et": "SpinalDorsalHalf",
    "off": 45491,
    "sff": "dorsal"
  },
  {
    "docID": "N026 Garcia-Alias 2009 19668200",
    "et": "SpinalDorsalHalf",
    "off": 499,
    "sff": "dorsal"
  },
  {
    "docID": "N026 Garcia-Alias 2009 19668200",
    "et": "SpinalDorsalHalf",
    "off": 6259,
    "sff": "dorsal"
  },
  {
    "docID": "N026 Garcia-Alias 2009 19668200",
    "et": "SpinalDorsalHalf",
    "off": 45232,
    "sff": "dorsal"
  },
  {
    "docID": "N026 Garcia-Alias 2009 19668200",
    "et": "SpinalDorsalHalf",
    "off": 4722,
    "sff": "dorsal"
  },
  {
    "docID": "N026 Garcia-Alias 2009 19668200",
    "et": "SpinalDorsalHalf",
    "off": 11826,
    "sff": "dorsal"
  },
  {
    "docID": "N026 Garcia-Alias 2009 19668200",
    "et": "SpinalDorsalHalf",
    "off": 12469,
    "sff": "dorsal"
  },
  {
    "docID": "N026 Garcia-Alias 2009 19668200",
    "et": "SpinalDorsalHalf",
    "off": 21303,
    "sff": "dorsal"
  },
  {
    "docID": "N026 Garcia-Alias 2009 19668200",
    "et": "SpinalDorsalHalf",
    "off": 32959,
    "sff": "dorsal"
  },
  {
    "docID": "N026 Garcia-Alias 2009 19668200",
    "et": "SpinalDorsalHalf",
    "off": 31100,
    "sff": "dorsal"
  },
  {
    "docID": "N026 Garcia-Alias 2009 19668200",
    "et": "SpinalDorsalHalf",
    "off": 3710,
    "sff": "dorsal"
  },
  {
    "docID": "N026 Garcia-Alias 2009 19668200",
    "et": "SpinalDorsalHalf",
    "off": 33152,
    "sff": "dorsal"
  },
  {
    "docID": "N026 Garcia-Alias 2009 19668200",
    "et": "SpinalDorsalHalf",
    "off": 4804,
    "sff": "dorsal"
  },
  {
    "docID": "N026 Garcia-Alias 2009 19668200",
    "et": "SpinalVentralHalf",
    "off": 21314,
    "sff": "ventral"
  },
  {
    "docID": "N026 Garcia-Alias 2009 19668200",
    "et": "SpinalVentralHalf",
    "off": 29860,
    "sff": "ventral"
  },
  {
    "docID": "N026 Garcia-Alias 2009 19668200",
    "et": "SpinalVentralHalf",
    "off": 34897,
    "sff": "ventral"
  },
  {
    "docID": "N026 Garcia-Alias 2009 19668200",
    "et": "SpinalVentralHalf",
    "off": 13546,
    "sff": "ventral"
  },
  {
    "docID": "N026 Garcia-Alias 2009 19668200",
    "et": "SpinalVentralHalf",
    "off": 36573,
    "sff": "ventral"
  },
  {
    "docID": "N026 Garcia-Alias 2009 19668200",
    "et": "SpinalCord",
    "off": 42280,
    "sff": "cord"
  },
  {
    "docID": "N026 Garcia-Alias 2009 19668200",
    "et": "SpinalCord",
    "off": 44200,
    "sff": "cord"
  },
  {
    "docID": "N026 Garcia-Alias 2009 19668200",
    "et": "SpinalCord",
    "off": 35107,
    "sff": "cord"
  },
  {
    "docID": "N026 Garcia-Alias 2009 19668200",
    "et": "SpinalCord",
    "off": 1888,
    "sff": "cord"
  },
  {
    "docID": "N026 Garcia-Alias 2009 19668200",
    "et": "SpinalCord",
    "off": 285,
    "sff": "cord"
  },
  {
    "docID": "N026 Garcia-Alias 2009 19668200",
    "et": "SpinalCord",
    "off": 41399,
    "sff": "cord"
  },
  {
    "docID": "N026 Garcia-Alias 2009 19668200",
    "et": "SpinalCord",
    "off": 48054,
    "sff": "cord"
  },
  {
    "docID": "N026 Garcia-Alias 2009 19668200",
    "et": "SpinalCord",
    "off": 50230,
    "sff": "cord"
  },
  {
    "docID": "N026 Garcia-Alias 2009 19668200",
    "et": "SpinalCord",
    "off": 33331,
    "sff": "cord"
  },
  {
    "docID": "N026 Garcia-Alias 2009 19668200",
    "et": "SpinalCord",
    "off": 21172,
    "sff": "cord"
  },
  {
    "docID": "N026 Garcia-Alias 2009 19668200",
    "et": "SpinalCord",
    "off": 48883,
    "sff": "cord"
  },
  {
    "docID": "N026 Garcia-Alias 2009 19668200",
    "et": "SpinalCord",
    "off": 46577,
    "sff": "cord"
  },
  {
    "docID": "N026 Garcia-Alias 2009 19668200",
    "et": "SpinalCord",
    "off": 46896,
    "sff": "cord"
  },
  {
    "docID": "N026 Garcia-Alias 2009 19668200",
    "et": "SpinalCord",
    "off": 37615,
    "sff": "cord"
  },
  {
    "docID": "N026 Garcia-Alias 2009 19668200",
    "et": "SpinalCord",
    "off": 46703,
    "sff": "cord"
  },
  {
    "docID": "N026 Garcia-Alias 2009 19668200",
    "et": "SpinalCord",
    "off": 42029,
    "sff": "cord"
  },
  {
    "docID": "N026 Garcia-Alias 2009 19668200",
    "et": "SpinalCord",
    "off": 33259,
    "sff": "cord"
  },
  {
    "docID": "N026 Garcia-Alias 2009 19668200",
    "et": "SpinalCord",
    "off": 22316,
    "sff": "cord"
  },
  {
    "docID": "N026 Garcia-Alias 2009 19668200",
    "et": "SpinalCord",
    "off": 43691,
    "sff": "cord"
  },
  {
    "docID": "N026 Garcia-Alias 2009 19668200",
    "et": "SpinalCord",
    "off": 4487,
    "sff": "cord"
  },
  {
    "docID": "N026 Garcia-Alias 2009 19668200",
    "et": "SpinalCord",
    "off": 39879,
    "sff": "cord"
  },
  {
    "docID": "N026 Garcia-Alias 2009 19668200",
    "et": "SpinalCord",
    "off": 44614,
    "sff": "cord"
  },
  {
    "docID": "N026 Garcia-Alias 2009 19668200",
    "et": "SpinalCord",
    "off": 42949,
    "sff": "cord"
  },
  {
    "docID": "N026 Garcia-Alias 2009 19668200",
    "et": "SpinalCord",
    "off": 44805,
    "sff": "cord"
  },
  {
    "docID": "N026 Garcia-Alias 2009 19668200",
    "et": "SpinalCord",
    "off": 48132,
    "sff": "cord"
  },
  {
    "docID": "N026 Garcia-Alias 2009 19668200",
    "et": "SpinalCord",
    "off": 2564,
    "sff": "cord"
  },
  {
    "docID": "N026 Garcia-Alias 2009 19668200",
    "et": "SpinalCord",
    "off": 3199,
    "sff": "cord"
  },
  {
    "docID": "N026 Garcia-Alias 2009 19668200",
    "et": "SpinalCord",
    "off": 13375,
    "sff": "cord"
  },
  {
    "docID": "N026 Garcia-Alias 2009 19668200",
    "et": "SpinalCord",
    "off": 48213,
    "sff": "Cord"
  },
  {
    "docID": "N026 Garcia-Alias 2009 19668200",
    "et": "SpinalCord",
    "off": 11840,
    "sff": "cord"
  },
  {
    "docID": "N026 Garcia-Alias 2009 19668200",
    "et": "SpinalCord",
    "off": 15357,
    "sff": "cord"
  },
  {
    "docID": "N026 Garcia-Alias 2009 19668200",
    "et": "SpinalCord",
    "off": 3516,
    "sff": "cord"
  },
  {
    "docID": "N026 Garcia-Alias 2009 19668200",
    "et": "SpinalCord",
    "off": 9148,
    "sff": "cord"
  },
  {
    "docID": "N026 Garcia-Alias 2009 19668200",
    "et": "SpinalCord",
    "off": 49017,
    "sff": "cord"
  },
  {
    "docID": "N026 Garcia-Alias 2009 19668200",
    "et": "SpinalCord",
    "off": 1368,
    "sff": "cord"
  },
  {
    "docID": "N026 Garcia-Alias 2009 19668200",
    "et": "SpinalCord",
    "off": 43094,
    "sff": "cord"
  },
  {
    "docID": "N026 Garcia-Alias 2009 19668200",
    "et": "SpinalCord",
    "off": 49301,
    "sff": "cord"
  },
  {
    "docID": "N026 Garcia-Alias 2009 19668200",
    "et": "SpinalCord",
    "off": 465,
    "sff": "cord"
  },
  {
    "docID": "N026 Garcia-Alias 2009 19668200",
    "et": "SpinalCord",
    "off": 22543,
    "sff": "cord"
  },
  {
    "docID": "N026 Garcia-Alias 2009 19668200",
    "et": "SpinalCord",
    "off": 32143,
    "sff": "cord"
  },
  {
    "docID": "N026 Garcia-Alias 2009 19668200",
    "et": "SpinalCord",
    "off": 46413,
    "sff": "cord"
  },
  {
    "docID": "N026 Garcia-Alias 2009 19668200",
    "et": "SpinalCord",
    "off": 48333,
    "sff": "cord"
  },
  {
    "docID": "N026 Garcia-Alias 2009 19668200",
    "et": "SpinalCord",
    "off": 43852,
    "sff": "cord"
  },
  {
    "docID": "N026 Garcia-Alias 2009 19668200",
    "et": "DorsalColumn",
    "off": 4804,
    "sff": "dorsal"
  },
  {
    "docID": "N026 Garcia-Alias 2009 19668200",
    "et": "DorsalColumn",
    "off": 32286,
    "sff": "dorsal column"
  },
  {
    "docID": "N026 Garcia-Alias 2009 19668200",
    "et": "DorsalColumn",
    "off": 21198,
    "sff": "dorsal"
  },
  {
    "docID": "N026 Garcia-Alias 2009 19668200",
    "et": "DorsalColumn",
    "off": 21390,
    "sff": "dorsal"
  },
  {
    "docID": "N026 Garcia-Alias 2009 19668200",
    "et": "DorsalColumn",
    "off": 4620,
    "sff": "dorsal"
  },
  {
    "docID": "N026 Garcia-Alias 2009 19668200",
    "et": "DorsalColumn",
    "off": 13401,
    "sff": "dorsal"
  },
  {
    "docID": "N026 Garcia-Alias 2009 19668200",
    "et": "DorsalColumn",
    "off": 21077,
    "sff": "dorsal"
  },
  {
    "docID": "N026 Garcia-Alias 2009 19668200",
    "et": "DorsalColumn",
    "off": 45232,
    "sff": "dorsal column"
  },
  {
    "docID": "N026 Garcia-Alias 2009 19668200",
    "et": "DorsalColumn",
    "off": 45491,
    "sff": "dorsal column"
  },
  {
    "docID": "N026 Garcia-Alias 2009 19668200",
    "et": "DorsalColumn",
    "off": 39849,
    "sff": "dorsal"
  },
  {
    "docID": "N026 Garcia-Alias 2009 19668200",
    "et": "DorsalColumn",
    "off": 21221,
    "sff": "dorsal"
  },
  {
    "docID": "N026 Garcia-Alias 2009 19668200",
    "et": "DorsalColumn",
    "off": 33152,
    "sff": "dorsal column"
  },
  {
    "docID": "N026 Garcia-Alias 2009 19668200",
    "et": "DorsalColumn",
    "off": 32745,
    "sff": "Dorsal"
  },
  {
    "docID": "N026 Garcia-Alias 2009 19668200",
    "et": "DorsalColumn",
    "off": 32959,
    "sff": "dorsal column"
  },
  {
    "docID": "N026 Garcia-Alias 2009 19668200",
    "et": "DorsalColumn",
    "off": 13487,
    "sff": "dorsal"
  },
  {
    "docID": "N026 Garcia-Alias 2009 19668200",
    "et": "DorsalColumn",
    "off": 13933,
    "sff": "dorsal"
  },
  {
    "docID": "N026 Garcia-Alias 2009 19668200",
    "et": "DorsalColumn",
    "off": 29802,
    "sff": "dorsal"
  },
  {
    "docID": "N026 Garcia-Alias 2009 19668200",
    "et": "DorsalColumn",
    "off": 21303,
    "sff": "dorsal"
  },
  {
    "docID": "N026 Garcia-Alias 2009 19668200",
    "et": "DorsalColumn",
    "off": 12469,
    "sff": "dorsal"
  },
  {
    "docID": "N026 Garcia-Alias 2009 19668200",
    "et": "DorsalColumn",
    "off": 499,
    "sff": "dorsal"
  },
  {
    "docID": "N026 Garcia-Alias 2009 19668200",
    "et": "DorsalColumn",
    "off": 6259,
    "sff": "dorsal"
  },
  {
    "docID": "N026 Garcia-Alias 2009 19668200",
    "et": "DorsalColumn",
    "off": 4722,
    "sff": "dorsal"
  },
  {
    "docID": "N026 Garcia-Alias 2009 19668200",
    "et": "DorsalColumn",
    "off": 11826,
    "sff": "dorsal"
  },
  {
    "docID": "N026 Garcia-Alias 2009 19668200",
    "et": "DorsalColumn",
    "off": 3710,
    "sff": "dorsal"
  },
  {
    "docID": "N026 Garcia-Alias 2009 19668200",
    "et": "DorsalColumn",
    "off": 31100,
    "sff": "dorsal"
  },
  {
    "docID": "N026 Garcia-Alias 2009 19668200",
    "et": "TailVeinLocation",
    "off": 19818,
    "sff": "tail"
  },
  {
    "docID": "N026 Garcia-Alias 2009 19668200",
    "et": "LesionAdjacentTissue",
    "off": 32314,
    "sff": "lesion"
  },
  {
    "docID": "N026 Garcia-Alias 2009 19668200",
    "et": "LesionAdjacentTissue",
    "off": 34937,
    "sff": "lesion"
  },
  {
    "docID": "N026 Garcia-Alias 2009 19668200",
    "et": "LesionAdjacentTissue",
    "off": 22807,
    "sff": "lesion"
  },
  {
    "docID": "N026 Garcia-Alias 2009 19668200",
    "et": "LesionAdjacentTissue",
    "off": 45246,
    "sff": "lesion"
  },
  {
    "docID": "N026 Garcia-Alias 2009 19668200",
    "et": "LesionAdjacentTissue",
    "off": 30998,
    "sff": "lesion"
  },
  {
    "docID": "N026 Garcia-Alias 2009 19668200",
    "et": "LesionAdjacentTissue",
    "off": 13172,
    "sff": "lesion"
  },
  {
    "docID": "N026 Garcia-Alias 2009 19668200",
    "et": "LesionAdjacentTissue",
    "off": 11699,
    "sff": "lesion"
  },
  {
    "docID": "N026 Garcia-Alias 2009 19668200",
    "et": "LesionAdjacentTissue",
    "off": 11454,
    "sff": "Lesion"
  },
  {
    "docID": "N026 Garcia-Alias 2009 19668200",
    "et": "LesionAdjacentTissue",
    "off": 11775,
    "sff": "lesion"
  },
  {
    "docID": "N026 Garcia-Alias 2009 19668200",
    "et": "LesionAdjacentTissue",
    "off": 31067,
    "sff": "lesion"
  },
  {
    "docID": "N026 Garcia-Alias 2009 19668200",
    "et": "LesionAdjacentTissue",
    "off": 32874,
    "sff": "lesion"
  },
  {
    "docID": "N026 Garcia-Alias 2009 19668200",
    "et": "LesionAdjacentTissue",
    "off": 31877,
    "sff": "lesion"
  },
  {
    "docID": "N026 Garcia-Alias 2009 19668200",
    "et": "LesionAdjacentTissue",
    "off": 38276,
    "sff": "lesion"
  },
  {
    "docID": "N026 Garcia-Alias 2009 19668200",
    "et": "LesionAdjacentTissue",
    "off": 21955,
    "sff": "lesion"
  },
  {
    "docID": "N026 Garcia-Alias 2009 19668200",
    "et": "LesionAdjacentTissue",
    "off": 44370,
    "sff": "lesion"
  },
  {
    "docID": "N026 Garcia-Alias 2009 19668200",
    "et": "LesionAdjacentTissue",
    "off": 11378,
    "sff": "lesion"
  },
  {
    "docID": "N026 Garcia-Alias 2009 19668200",
    "et": "LesionAdjacentTissue",
    "off": 33166,
    "sff": "lesion"
  },
  {
    "docID": "N026 Garcia-Alias 2009 19668200",
    "et": "LesionAdjacentTissue",
    "off": 38350,
    "sff": "lesion"
  },
  {
    "docID": "N026 Garcia-Alias 2009 19668200",
    "et": "LesionAdjacentTissue",
    "off": 44810,
    "sff": "lesion"
  },
  {
    "docID": "N026 Garcia-Alias 2009 19668200",
    "et": "InfusionDelivery",
    "off": 6327,
    "sff": "infusion"
  },
  {
    "docID": "N026 Garcia-Alias 2009 19668200",
    "et": "InfusionDelivery",
    "off": 9944,
    "sff": "infusion"
  },
  {
    "docID": "N026 Garcia-Alias 2009 19668200",
    "et": "InfusionDelivery",
    "off": 9976,
    "sff": "infusion"
  },
  {
    "docID": "N026 Garcia-Alias 2009 19668200",
    "et": "Cervical",
    "off": 32277,
    "sff": "cervical"
  },
  {
    "docID": "N026 Garcia-Alias 2009 19668200",
    "et": "Cervical",
    "off": 44789,
    "sff": "cervical"
  },
  {
    "docID": "N026 Garcia-Alias 2009 19668200",
    "et": "Cervical",
    "off": 43675,
    "sff": "cervical"
  },
  {
    "docID": "N026 Garcia-Alias 2009 19668200",
    "et": "Cervical",
    "off": 15211,
    "sff": "cervical"
  },
  {
    "docID": "N026 Garcia-Alias 2009 19668200",
    "et": "Cervical",
    "off": 3183,
    "sff": "cervical"
  },
  {
    "docID": "N026 Garcia-Alias 2009 19668200",
    "et": "Cervical",
    "off": 449,
    "sff": "cervical"
  },
  {
    "docID": "N026 Garcia-Alias 2009 19668200",
    "et": "Cervical",
    "off": 46880,
    "sff": "cervical"
  },
  {
    "docID": "N026 Garcia-Alias 2009 19668200",
    "et": "CentralNervousSystem",
    "off": 42523,
    "sff": "central nervous"
  },
  {
    "docID": "N026 Garcia-Alias 2009 19668200",
    "et": "CentralNervousSystem",
    "off": 43257,
    "sff": "central nervous"
  },
  {
    "docID": "N026 Garcia-Alias 2009 19668200",
    "et": "CentralNervousSystem",
    "off": 42694,
    "sff": "central nervous system"
  },
  {
    "docID": "N026 Garcia-Alias 2009 19668200",
    "et": "CentralNervousSystem",
    "off": 42523,
    "sff": "central nervous system"
  },
  {
    "docID": "N026 Garcia-Alias 2009 19668200",
    "et": "CentralNervousSystem",
    "off": 43257,
    "sff": "central nervous system"
  },
  {
    "docID": "N026 Garcia-Alias 2009 19668200",
    "et": "CentralNervousSystem",
    "off": 42694,
    "sff": "central nervous"
  },
  {
    "docID": "N026 Garcia-Alias 2009 19668200",
    "et": "SpinalGrayMatter",
    "off": 12115,
    "sff": "gray matter"
  },
  {
    "docID": "N026 Garcia-Alias 2009 19668200",
    "et": "SpinalGrayMatter",
    "off": 15516,
    "sff": "gray"
  },
  {
    "docID": "N026 Garcia-Alias 2009 19668200",
    "et": "SpinalGrayMatter",
    "off": 16506,
    "sff": "gray"
  },
  {
    "docID": "N026 Garcia-Alias 2009 19668200",
    "et": "SpinalGrayMatter",
    "off": 11909,
    "sff": "gray"
  },
  {
    "docID": "N026 Garcia-Alias 2009 19668200",
    "et": "SpinalGrayMatter",
    "off": 18213,
    "sff": "gray"
  },
  {
    "docID": "N026 Garcia-Alias 2009 19668200",
    "et": "SpinalGrayMatter",
    "off": 11332,
    "sff": "gray"
  },
  {
    "docID": "N026 Garcia-Alias 2009 19668200",
    "et": "SpinalGrayMatter",
    "off": 12476,
    "sff": "gray matter"
  },
  {
    "docID": "N026 Garcia-Alias 2009 19668200",
    "et": "SpinalGrayMatter",
    "off": 15345,
    "sff": "gray"
  },
  {
    "docID": "N026 Garcia-Alias 2009 19668200",
    "et": "SpinalGrayMatter",
    "off": 21284,
    "sff": "gray matter"
  },
  {
    "docID": "N026 Garcia-Alias 2009 19668200",
    "et": "SpinalGrayMatter",
    "off": 30726,
    "sff": "gray matter"
  },
  {
    "docID": "N026 Garcia-Alias 2009 19668200",
    "et": "SpinalGrayMatter",
    "off": 31495,
    "sff": "gray matter"
  },
  {
    "docID": "N026 Garcia-Alias 2009 19668200",
    "et": "SpinalGrayMatter",
    "off": 16008,
    "sff": "gray matter"
  },
  {
    "docID": "N026 Garcia-Alias 2009 19668200",
    "et": "SpinalGrayMatter",
    "off": 39884,
    "sff": "gray"
  },
  {
    "docID": "N026 Garcia-Alias 2009 19668200",
    "et": "SpinalGrayMatter",
    "off": 4908,
    "sff": "gray matter"
  },
  {
    "docID": "N026 Garcia-Alias 2009 19668200",
    "et": "SubstanceApplicationLocation",
    "off": 40836,
    "sff": "application"
  },
  {
    "docID": "N026 Garcia-Alias 2009 19668200",
    "et": "SubstanceApplicationLocation",
    "off": 43805,
    "sff": "application"
  },
  {
    "docID": "N026 Garcia-Alias 2009 19668200",
    "et": "C1",
    "off": 12176,
    "sff": "C1"
  },
  {
    "docID": "N026 Garcia-Alias 2009 19668200",
    "et": "C1",
    "off": 9373,
    "sff": "C1"
  },
  {
    "docID": "N026 Garcia-Alias 2009 19668200",
    "et": "C1",
    "off": 22589,
    "sff": "C1"
  },
  {
    "docID": "N026 Garcia-Alias 2009 19668200",
    "et": "C1",
    "off": 11980,
    "sff": "C1"
  },
  {
    "docID": "N026 Garcia-Alias 2009 19668200",
    "et": "C1",
    "off": 9195,
    "sff": "C1"
  },
  {
    "docID": "N026 Garcia-Alias 2009 19668200",
    "et": "C1",
    "off": 9191,
    "sff": "C1"
  },
  {
    "docID": "N026 Garcia-Alias 2009 19668200",
    "et": "C1",
    "off": 20439,
    "sff": "C1"
  },
  {
    "docID": "N026 Garcia-Alias 2009 19668200",
    "et": "C1",
    "off": 22711,
    "sff": "C1"
  },
  {
    "docID": "N026 Garcia-Alias 2009 19668200",
    "et": "C1",
    "off": 10006,
    "sff": "C1"
  },
  {
    "docID": "N026 Garcia-Alias 2009 19668200",
    "et": "C2",
    "off": 15571,
    "sff": "C2"
  },
  {
    "docID": "N026 Garcia-Alias 2009 19668200",
    "et": "C2",
    "off": 13320,
    "sff": "C2"
  },
  {
    "docID": "N026 Garcia-Alias 2009 19668200",
    "et": "C3",
    "off": 12183,
    "sff": "C3"
  },
  {
    "docID": "N026 Garcia-Alias 2009 19668200",
    "et": "C3",
    "off": 10601,
    "sff": "C3"
  },
  {
    "docID": "N026 Garcia-Alias 2009 19668200",
    "et": "C3",
    "off": 20442,
    "sff": "C3"
  },
  {
    "docID": "N026 Garcia-Alias 2009 19668200",
    "et": "C3",
    "off": 9198,
    "sff": "C3"
  },
  {
    "docID": "N026 Garcia-Alias 2009 19668200",
    "et": "C3",
    "off": 11503,
    "sff": "C3"
  },
  {
    "docID": "N026 Garcia-Alias 2009 19668200",
    "et": "C3",
    "off": 11983,
    "sff": "C3"
  },
  {
    "docID": "N026 Garcia-Alias 2009 19668200",
    "et": "C3",
    "off": 9202,
    "sff": "C3"
  },
  {
    "docID": "N026 Garcia-Alias 2009 19668200",
    "et": "C3",
    "off": 11987,
    "sff": "C3"
  },
  {
    "docID": "N026 Garcia-Alias 2009 19668200",
    "et": "C3",
    "off": 12179,
    "sff": "C3"
  },
  {
    "docID": "N026 Garcia-Alias 2009 19668200",
    "et": "C4",
    "off": 22804,
    "sff": "C4"
  },
  {
    "docID": "N026 Garcia-Alias 2009 19668200",
    "et": "C4",
    "off": 20421,
    "sff": "C4"
  },
  {
    "docID": "N026 Garcia-Alias 2009 19668200",
    "et": "C4",
    "off": 4617,
    "sff": "C4"
  },
  {
    "docID": "N026 Garcia-Alias 2009 19668200",
    "et": "C4",
    "off": 3755,
    "sff": "C4"
  },
  {
    "docID": "N026 Garcia-Alias 2009 19668200",
    "et": "C4",
    "off": 24443,
    "sff": "C4"
  },
  {
    "docID": "N026 Garcia-Alias 2009 19668200",
    "et": "C4",
    "off": 21100,
    "sff": "C4"
  },
  {
    "docID": "N026 Garcia-Alias 2009 19668200",
    "et": "C4",
    "off": 6286,
    "sff": "C4"
  },
  {
    "docID": "N026 Garcia-Alias 2009 19668200",
    "et": "C4",
    "off": 496,
    "sff": "C4"
  },
  {
    "docID": "N026 Garcia-Alias 2009 19668200",
    "et": "C5",
    "off": 9205,
    "sff": "C5"
  },
  {
    "docID": "N026 Garcia-Alias 2009 19668200",
    "et": "C5",
    "off": 11990,
    "sff": "C5"
  },
  {
    "docID": "N026 Garcia-Alias 2009 19668200",
    "et": "C5",
    "off": 9209,
    "sff": "C5"
  },
  {
    "docID": "N026 Garcia-Alias 2009 19668200",
    "et": "C5",
    "off": 15577,
    "sff": "C5"
  },
  {
    "docID": "N026 Garcia-Alias 2009 19668200",
    "et": "C5",
    "off": 20424,
    "sff": "C5"
  },
  {
    "docID": "N026 Garcia-Alias 2009 19668200",
    "et": "C5",
    "off": 12186,
    "sff": "C5"
  },
  {
    "docID": "N026 Garcia-Alias 2009 19668200",
    "et": "C5",
    "off": 11997,
    "sff": "C5"
  },
  {
    "docID": "N026 Garcia-Alias 2009 19668200",
    "et": "C5",
    "off": 10604,
    "sff": "C5"
  },
  {
    "docID": "N026 Garcia-Alias 2009 19668200",
    "et": "C5",
    "off": 12193,
    "sff": "C5"
  },
  {
    "docID": "N026 Garcia-Alias 2009 19668200",
    "et": "C5",
    "off": 11506,
    "sff": "C5"
  },
  {
    "docID": "N026 Garcia-Alias 2009 19668200",
    "et": "C6",
    "off": 31414,
    "sff": "C6"
  },
  {
    "docID": "N026 Garcia-Alias 2009 19668200",
    "et": "C6",
    "off": 20457,
    "sff": "C6"
  },
  {
    "docID": "N026 Garcia-Alias 2009 19668200",
    "et": "CorticospinalTract",
    "off": 21228,
    "sff": "corticospinal tract"
  },
  {
    "docID": "N026 Garcia-Alias 2009 19668200",
    "et": "CorticospinalTract",
    "off": 45388,
    "sff": "corticospinal tract"
  },
  {
    "docID": "N026 Garcia-Alias 2009 19668200",
    "et": "CorticospinalTract",
    "off": 49960,
    "sff": "corticospinal tract"
  },
  {
    "docID": "N026 Garcia-Alias 2009 19668200",
    "et": "CorticospinalTract",
    "off": 780,
    "sff": "corticospinal"
  },
  {
    "docID": "N026 Garcia-Alias 2009 19668200",
    "et": "CorticospinalTract",
    "off": 12018,
    "sff": "Corticospinal"
  },
  {
    "docID": "N026 Garcia-Alias 2009 19668200",
    "et": "CorticospinalTract",
    "off": 50157,
    "sff": "corticospinal"
  },
  {
    "docID": "N026 Garcia-Alias 2009 19668200",
    "et": "CorticospinalTract",
    "off": 11924,
    "sff": "Corticospinal"
  },
  {
    "docID": "N026 Garcia-Alias 2009 19668200",
    "et": "CorticospinalTract",
    "off": 29736,
    "sff": "corticospinal"
  },
  {
    "docID": "N026 Garcia-Alias 2009 19668200",
    "et": "CorticospinalTract",
    "off": 44745,
    "sff": "corticospinal"
  },
  {
    "docID": "N026 Garcia-Alias 2009 19668200",
    "et": "CorticospinalTract",
    "off": 44384,
    "sff": "corticospinal tract"
  },
  {
    "docID": "N026 Garcia-Alias 2009 19668200",
    "et": "CorticospinalTract",
    "off": 45442,
    "sff": "corticospinal"
  },
  {
    "docID": "N026 Garcia-Alias 2009 19668200",
    "et": "CorticospinalTract",
    "off": 9314,
    "sff": "corticospinal tract"
  },
  {
    "docID": "N026 Garcia-Alias 2009 19668200",
    "et": "CorticospinalTract",
    "off": 20159,
    "sff": "Corticospinal"
  },
  {
    "docID": "N026 Garcia-Alias 2009 19668200",
    "et": "CorticospinalTract",
    "off": 8825,
    "sff": "Corticospinal tract"
  },
  {
    "docID": "N026 Garcia-Alias 2009 19668200",
    "et": "CorticospinalTract",
    "off": 13494,
    "sff": "corticospinal tract"
  },
  {
    "docID": "N026 Garcia-Alias 2009 19668200",
    "et": "CorticospinalTract",
    "off": 46937,
    "sff": "corticospinal tract"
  },
  {
    "docID": "N026 Garcia-Alias 2009 19668200",
    "et": "CorticospinalTract",
    "off": 49404,
    "sff": "corticospinal"
  },
  {
    "docID": "N026 Garcia-Alias 2009 19668200",
    "et": "CorticospinalTract",
    "off": 44949,
    "sff": "corticospinal tract"
  },
  {
    "docID": "N026 Garcia-Alias 2009 19668200",
    "et": "CorticospinalTract",
    "off": 37208,
    "sff": "corticospinal"
  },
  {
    "docID": "N026 Garcia-Alias 2009 19668200",
    "et": "CorticospinalTract",
    "off": 2104,
    "sff": "corticospinal tract"
  },
  {
    "docID": "N026 Garcia-Alias 2009 19668200",
    "et": "C7",
    "off": 20460,
    "sff": "C7"
  },
  {
    "docID": "N026 Garcia-Alias 2009 19668200",
    "et": "SpinalCentralPart",
    "off": 42523,
    "sff": "central"
  },
  {
    "docID": "N026 Garcia-Alias 2009 19668200",
    "et": "SpinalCentralPart",
    "off": 42694,
    "sff": "central"
  },
  {
    "docID": "N026 Garcia-Alias 2009 19668200",
    "et": "SpinalCentralPart",
    "off": 43257,
    "sff": "central"
  },
  {
    "docID": "N026 Garcia-Alias 2009 19668200",
    "et": "InjectionDelivery",
    "off": 15168,
    "sff": "injection"
  },
  {
    "docID": "N026 Garcia-Alias 2009 19668200",
    "et": "InjectionDelivery",
    "off": 5313,
    "sff": "injection"
  },
  {
    "docID": "N026 Garcia-Alias 2009 19668200",
    "et": "InjectionDelivery",
    "off": 29886,
    "sff": "injection"
  },
  {
    "docID": "N026 Garcia-Alias 2009 19668200",
    "et": "InjectionDelivery",
    "off": 5359,
    "sff": "injection"
  },
  {
    "docID": "N026 Garcia-Alias 2009 19668200",
    "et": "InjectionDelivery",
    "off": 22201,
    "sff": "injection"
  },
  {
    "docID": "N026 Garcia-Alias 2009 19668200",
    "et": "InjectionDelivery",
    "off": 8954,
    "sff": "injection"
  },
  {
    "docID": "N026 Garcia-Alias 2009 19668200",
    "et": "InjectionDelivery",
    "off": 38395,
    "sff": "injection"
  },
  {
    "docID": "N026 Garcia-Alias 2009 19668200",
    "et": "SpinalLesionSite",
    "off": 31877,
    "sff": "lesion"
  },
  {
    "docID": "N026 Garcia-Alias 2009 19668200",
    "et": "SpinalLesionSite",
    "off": 11454,
    "sff": "Lesion"
  },
  {
    "docID": "N026 Garcia-Alias 2009 19668200",
    "et": "SpinalLesionSite",
    "off": 38276,
    "sff": "lesion"
  },
  {
    "docID": "N026 Garcia-Alias 2009 19668200",
    "et": "SpinalLesionSite",
    "off": 21955,
    "sff": "lesion"
  },
  {
    "docID": "N026 Garcia-Alias 2009 19668200",
    "et": "SpinalLesionSite",
    "off": 33166,
    "sff": "lesion"
  },
  {
    "docID": "N026 Garcia-Alias 2009 19668200",
    "et": "SpinalLesionSite",
    "off": 38350,
    "sff": "lesion"
  },
  {
    "docID": "N026 Garcia-Alias 2009 19668200",
    "et": "SpinalLesionSite",
    "off": 32874,
    "sff": "lesion"
  },
  {
    "docID": "N026 Garcia-Alias 2009 19668200",
    "et": "SpinalLesionSite",
    "off": 44810,
    "sff": "lesion"
  },
  {
    "docID": "N026 Garcia-Alias 2009 19668200",
    "et": "SpinalLesionSite",
    "off": 13172,
    "sff": "lesion"
  },
  {
    "docID": "N026 Garcia-Alias 2009 19668200",
    "et": "SpinalLesionSite",
    "off": 22807,
    "sff": "lesion"
  },
  {
    "docID": "N026 Garcia-Alias 2009 19668200",
    "et": "SpinalLesionSite",
    "off": 30998,
    "sff": "lesion"
  },
  {
    "docID": "N026 Garcia-Alias 2009 19668200",
    "et": "SpinalLesionSite",
    "off": 11699,
    "sff": "lesion"
  },
  {
    "docID": "N026 Garcia-Alias 2009 19668200",
    "et": "SpinalLesionSite",
    "off": 11378,
    "sff": "lesion"
  },
  {
    "docID": "N026 Garcia-Alias 2009 19668200",
    "et": "SpinalLesionSite",
    "off": 44370,
    "sff": "lesion"
  },
  {
    "docID": "N026 Garcia-Alias 2009 19668200",
    "et": "SpinalLesionSite",
    "off": 11775,
    "sff": "lesion"
  },
  {
    "docID": "N026 Garcia-Alias 2009 19668200",
    "et": "SpinalLesionSite",
    "off": 45246,
    "sff": "lesion"
  },
  {
    "docID": "N026 Garcia-Alias 2009 19668200",
    "et": "SpinalLesionSite",
    "off": 34937,
    "sff": "lesion"
  },
  {
    "docID": "N026 Garcia-Alias 2009 19668200",
    "et": "SpinalLesionSite",
    "off": 31067,
    "sff": "lesion"
  },
  {
    "docID": "N026 Garcia-Alias 2009 19668200",
    "et": "SpinalLesionSite",
    "off": 32314,
    "sff": "lesion"
  },
  {
    "docID": "N026 Garcia-Alias 2009 19668200",
    "et": "T1",
    "off": 12196,
    "sff": "T1"
  },
  {
    "docID": "N026 Garcia-Alias 2009 19668200",
    "et": "T1",
    "off": 12000,
    "sff": "T1"
  },
  {
    "docID": "N026 Garcia-Alias 2009 19668200",
    "et": "T1",
    "off": 9212,
    "sff": "T1"
  },
  {
    "docID": "N026 Garcia-Alias 2009 19668200",
    "et": "T1",
    "off": 22717,
    "sff": "T1"
  },
  {
    "docID": "N026 Garcia-Alias 2009 19668200",
    "et": "T2",
    "off": 9380,
    "sff": "T2"
  },
  {
    "docID": "N026 Garcia-Alias 2009 19668200",
    "et": "T2",
    "off": 13428,
    "sff": "T2"
  },
  {
    "docID": "N026 Garcia-Alias 2009 19668200",
    "et": "T2",
    "off": 13331,
    "sff": "T2"
  },
  {
    "docID": "N026 Garcia-Alias 2009 19668200",
    "et": "T2",
    "off": 9219,
    "sff": "T2"
  },
  {
    "docID": "N026 Garcia-Alias 2009 19668200",
    "et": "RubrospinalTract",
    "off": 40120,
    "sff": "rubrospinal"
  },
  {
    "docID": "N026 Garcia-Alias 2009 19668200",
    "et": "RubrospinalTract",
    "off": 37226,
    "sff": "rubrospinal"
  }
]
