[
  {
    "docID": "N028 James 2015 26044197",
    "et": "AnatomicalLocation",
    "off": 18996,
    "sff": "anatomical"
  },
  {
    "docID": "N028 James 2015 26044197",
    "et": "AnatomicalLocation",
    "off": 17075,
    "sff": "anatomical"
  },
  {
    "docID": "N028 James 2015 26044197",
    "et": "AnatomicalLocation",
    "off": 21362,
    "sff": "anatomical"
  },
  {
    "docID": "N028 James 2015 26044197",
    "et": "AnatomicalLocation",
    "off": 26882,
    "sff": "anatomical"
  },
  {
    "docID": "N028 James 2015 26044197",
    "et": "AnatomicalLocation",
    "off": 5521,
    "sff": "anatomical"
  },
  {
    "docID": "N028 James 2015 26044197",
    "et": "AnatomicalLocation",
    "off": 25616,
    "sff": "anatomical"
  },
  {
    "docID": "N028 James 2015 26044197",
    "et": "L3",
    "off": 11159,
    "sff": "L3"
  },
  {
    "docID": "N028 James 2015 26044197",
    "et": "L5",
    "off": 10987,
    "sff": "L5"
  },
  {
    "docID": "N028 James 2015 26044197",
    "et": "T13",
    "off": 10980,
    "sff": "T13"
  },
  {
    "docID": "N028 James 2015 26044197",
    "et": "Lumbar",
    "off": 16253,
    "sff": "lumbar"
  },
  {
    "docID": "N028 James 2015 26044197",
    "et": "Thoracic",
    "off": 1587,
    "sff": "thoracic"
  },
  {
    "docID": "N028 James 2015 26044197",
    "et": "Thoracic",
    "off": 4332,
    "sff": "thoracic"
  },
  {
    "docID": "N028 James 2015 26044197",
    "et": "Thoracic",
    "off": 2237,
    "sff": "thoracic"
  },
  {
    "docID": "N028 James 2015 26044197",
    "et": "Thoracic",
    "off": 22559,
    "sff": "thoracic"
  },
  {
    "docID": "N028 James 2015 26044197",
    "et": "Thoracic",
    "off": 5032,
    "sff": "thoracic"
  },
  {
    "docID": "N028 James 2015 26044197",
    "et": "Thoracic",
    "off": 19243,
    "sff": "thoracic"
  },
  {
    "docID": "N028 James 2015 26044197",
    "et": "VertebralLocation",
    "off": 7863,
    "sff": "vertebral"
  },
  {
    "docID": "N028 James 2015 26044197",
    "et": "VertebralLocation",
    "off": 10991,
    "sff": "vertebral"
  },
  {
    "docID": "N028 James 2015 26044197",
    "et": "Brain",
    "off": 748,
    "sff": "Brain"
  },
  {
    "docID": "N028 James 2015 26044197",
    "et": "AscendingFiberTract",
    "off": 20617,
    "sff": "ascending"
  },
  {
    "docID": "N028 James 2015 26044197",
    "et": "Intraspinal",
    "off": 25000,
    "sff": "intraspinal"
  },
  {
    "docID": "N028 James 2015 26044197",
    "et": "Intraspinal",
    "off": 8470,
    "sff": "intraspinal"
  },
  {
    "docID": "N028 James 2015 26044197",
    "et": "Intraspinal",
    "off": 6291,
    "sff": "intraspinal"
  },
  {
    "docID": "N028 James 2015 26044197",
    "et": "Intraspinal",
    "off": 8739,
    "sff": "intraspinal"
  },
  {
    "docID": "N028 James 2015 26044197",
    "et": "DeliveryMethod",
    "off": 1422,
    "sff": "delivery"
  },
  {
    "docID": "N028 James 2015 26044197",
    "et": "DeliveryMethod",
    "off": 19117,
    "sff": "delivery"
  },
  {
    "docID": "N028 James 2015 26044197",
    "et": "DeliveryMethod",
    "off": 4010,
    "sff": "delivery"
  },
  {
    "docID": "N028 James 2015 26044197",
    "et": "SpinalDorsalHalf",
    "off": 10809,
    "sff": "dorsal"
  },
  {
    "docID": "N028 James 2015 26044197",
    "et": "SpinalDorsalHalf",
    "off": 11209,
    "sff": "dorsal"
  },
  {
    "docID": "N028 James 2015 26044197",
    "et": "SpinalDorsalHalf",
    "off": 11121,
    "sff": "dorsal"
  },
  {
    "docID": "N028 James 2015 26044197",
    "et": "SpinalDorsalHalf",
    "off": 16132,
    "sff": "dorsal"
  },
  {
    "docID": "N028 James 2015 26044197",
    "et": "SpinalDorsalHalf",
    "off": 16260,
    "sff": "dorsal"
  },
  {
    "docID": "N028 James 2015 26044197",
    "et": "SpinalDorsalHalf",
    "off": 16484,
    "sff": "dorsal"
  },
  {
    "docID": "N028 James 2015 26044197",
    "et": "SpinalCord",
    "off": 24107,
    "sff": "cord"
  },
  {
    "docID": "N028 James 2015 26044197",
    "et": "SpinalCord",
    "off": 7914,
    "sff": "cord"
  },
  {
    "docID": "N028 James 2015 26044197",
    "et": "SpinalCord",
    "off": 23402,
    "sff": "cord"
  },
  {
    "docID": "N028 James 2015 26044197",
    "et": "SpinalCord",
    "off": 25960,
    "sff": "cord"
  },
  {
    "docID": "N028 James 2015 26044197",
    "et": "SpinalCord",
    "off": 26856,
    "sff": "cord"
  },
  {
    "docID": "N028 James 2015 26044197",
    "et": "SpinalCord",
    "off": 1043,
    "sff": "cord"
  },
  {
    "docID": "N028 James 2015 26044197",
    "et": "SpinalCord",
    "off": 26323,
    "sff": "cord"
  },
  {
    "docID": "N028 James 2015 26044197",
    "et": "SpinalCord",
    "off": 2395,
    "sff": "cord"
  },
  {
    "docID": "N028 James 2015 26044197",
    "et": "SpinalCord",
    "off": 23004,
    "sff": "cord"
  },
  {
    "docID": "N028 James 2015 26044197",
    "et": "SpinalCord",
    "off": 25308,
    "sff": "cord"
  },
  {
    "docID": "N028 James 2015 26044197",
    "et": "SpinalCord",
    "off": 26522,
    "sff": "cord"
  },
  {
    "docID": "N028 James 2015 26044197",
    "et": "SpinalCord",
    "off": 3160,
    "sff": "cord"
  },
  {
    "docID": "N028 James 2015 26044197",
    "et": "SpinalCord",
    "off": 18261,
    "sff": "cord"
  },
  {
    "docID": "N028 James 2015 26044197",
    "et": "SpinalCord",
    "off": 10945,
    "sff": "cord"
  },
  {
    "docID": "N028 James 2015 26044197",
    "et": "SpinalCord",
    "off": 12289,
    "sff": "cord"
  },
  {
    "docID": "N028 James 2015 26044197",
    "et": "SpinalCord",
    "off": 24834,
    "sff": "cord"
  },
  {
    "docID": "N028 James 2015 26044197",
    "et": "SpinalCord",
    "off": 25085,
    "sff": "cord"
  },
  {
    "docID": "N028 James 2015 26044197",
    "et": "SpinalCord",
    "off": 26686,
    "sff": "cord"
  },
  {
    "docID": "N028 James 2015 26044197",
    "et": "SpinalCord",
    "off": 3852,
    "sff": "cord"
  },
  {
    "docID": "N028 James 2015 26044197",
    "et": "SpinalCord",
    "off": 1223,
    "sff": "cord"
  },
  {
    "docID": "N028 James 2015 26044197",
    "et": "SpinalCord",
    "off": 8197,
    "sff": "cord"
  },
  {
    "docID": "N028 James 2015 26044197",
    "et": "SpinalCord",
    "off": 2118,
    "sff": "cord"
  },
  {
    "docID": "N028 James 2015 26044197",
    "et": "SpinalCord",
    "off": 23878,
    "sff": "cord"
  },
  {
    "docID": "N028 James 2015 26044197",
    "et": "SpinalCord",
    "off": 25588,
    "sff": "cord"
  },
  {
    "docID": "N028 James 2015 26044197",
    "et": "SpinalCord",
    "off": 8114,
    "sff": "cord"
  },
  {
    "docID": "N028 James 2015 26044197",
    "et": "SpinalCord",
    "off": 2608,
    "sff": "cord"
  },
  {
    "docID": "N028 James 2015 26044197",
    "et": "SpinalCord",
    "off": 12718,
    "sff": "cord"
  },
  {
    "docID": "N028 James 2015 26044197",
    "et": "SpinalCord",
    "off": 18939,
    "sff": "cord"
  },
  {
    "docID": "N028 James 2015 26044197",
    "et": "SpinalCord",
    "off": 12668,
    "sff": "cord"
  },
  {
    "docID": "N028 James 2015 26044197",
    "et": "DorsalColumn",
    "off": 16260,
    "sff": "dorsal"
  },
  {
    "docID": "N028 James 2015 26044197",
    "et": "DorsalColumn",
    "off": 16484,
    "sff": "dorsal"
  },
  {
    "docID": "N028 James 2015 26044197",
    "et": "DorsalColumn",
    "off": 11121,
    "sff": "dorsal"
  },
  {
    "docID": "N028 James 2015 26044197",
    "et": "DorsalColumn",
    "off": 10809,
    "sff": "dorsal"
  },
  {
    "docID": "N028 James 2015 26044197",
    "et": "DorsalColumn",
    "off": 11209,
    "sff": "dorsal"
  },
  {
    "docID": "N028 James 2015 26044197",
    "et": "DorsalColumn",
    "off": 16132,
    "sff": "dorsal column"
  },
  {
    "docID": "N028 James 2015 26044197",
    "et": "LesionAdjacentTissue",
    "off": 12162,
    "sff": "lesion"
  },
  {
    "docID": "N028 James 2015 26044197",
    "et": "LesionAdjacentTissue",
    "off": 17250,
    "sff": "lesion"
  },
  {
    "docID": "N028 James 2015 26044197",
    "et": "LesionAdjacentTissue",
    "off": 17602,
    "sff": "lesion"
  },
  {
    "docID": "N028 James 2015 26044197",
    "et": "LesionAdjacentTissue",
    "off": 17996,
    "sff": "lesion"
  },
  {
    "docID": "N028 James 2015 26044197",
    "et": "LesionAdjacentTissue",
    "off": 12410,
    "sff": "lesion"
  },
  {
    "docID": "N028 James 2015 26044197",
    "et": "LesionAdjacentTissue",
    "off": 1896,
    "sff": "lesion"
  },
  {
    "docID": "N028 James 2015 26044197",
    "et": "LesionAdjacentTissue",
    "off": 16408,
    "sff": "lesion"
  },
  {
    "docID": "N028 James 2015 26044197",
    "et": "LesionAdjacentTissue",
    "off": 3031,
    "sff": "lesion"
  },
  {
    "docID": "N028 James 2015 26044197",
    "et": "Cervical",
    "off": 21424,
    "sff": "cervical"
  },
  {
    "docID": "N028 James 2015 26044197",
    "et": "Cervical",
    "off": 7667,
    "sff": "cervical"
  },
  {
    "docID": "N028 James 2015 26044197",
    "et": "Cervical",
    "off": 15795,
    "sff": "cervical"
  },
  {
    "docID": "N028 James 2015 26044197",
    "et": "Cervical",
    "off": 13938,
    "sff": "cervical"
  },
  {
    "docID": "N028 James 2015 26044197",
    "et": "Cervical",
    "off": 247,
    "sff": "cervical"
  },
  {
    "docID": "N028 James 2015 26044197",
    "et": "Cervical",
    "off": 4605,
    "sff": "cervical"
  },
  {
    "docID": "N028 James 2015 26044197",
    "et": "Cervical",
    "off": 5564,
    "sff": "cervical"
  },
  {
    "docID": "N028 James 2015 26044197",
    "et": "Cervical",
    "off": 8223,
    "sff": "cervical"
  },
  {
    "docID": "N028 James 2015 26044197",
    "et": "Cervical",
    "off": 18465,
    "sff": "cervical"
  },
  {
    "docID": "N028 James 2015 26044197",
    "et": "Cervical",
    "off": 19777,
    "sff": "cervical"
  },
  {
    "docID": "N028 James 2015 26044197",
    "et": "Cervical",
    "off": 4964,
    "sff": "cervical"
  },
  {
    "docID": "N028 James 2015 26044197",
    "et": "Cervical",
    "off": 1734,
    "sff": "cervical"
  },
  {
    "docID": "N028 James 2015 26044197",
    "et": "Cervical",
    "off": 16070,
    "sff": "cervical"
  },
  {
    "docID": "N028 James 2015 26044197",
    "et": "Cervical",
    "off": 2249,
    "sff": "cervical"
  },
  {
    "docID": "N028 James 2015 26044197",
    "et": "Cervical",
    "off": 19464,
    "sff": "cervical"
  },
  {
    "docID": "N028 James 2015 26044197",
    "et": "Cervical",
    "off": 5226,
    "sff": "cervical"
  },
  {
    "docID": "N028 James 2015 26044197",
    "et": "Cervical",
    "off": 19277,
    "sff": "cervical"
  },
  {
    "docID": "N028 James 2015 26044197",
    "et": "Cervical",
    "off": 15916,
    "sff": "cervical"
  },
  {
    "docID": "N028 James 2015 26044197",
    "et": "Cervical",
    "off": 16940,
    "sff": "cervical"
  },
  {
    "docID": "N028 James 2015 26044197",
    "et": "Cervical",
    "off": 22572,
    "sff": "cervical"
  },
  {
    "docID": "N028 James 2015 26044197",
    "et": "CentralNervousSystem",
    "off": 3278,
    "sff": "central nervous system"
  },
  {
    "docID": "N028 James 2015 26044197",
    "et": "CentralNervousSystem",
    "off": 3278,
    "sff": "central nervous"
  },
  {
    "docID": "N028 James 2015 26044197",
    "et": "C2",
    "off": 10967,
    "sff": "C2"
  },
  {
    "docID": "N028 James 2015 26044197",
    "et": "C5",
    "off": 7879,
    "sff": "C5"
  },
  {
    "docID": "N028 James 2015 26044197",
    "et": "C5",
    "off": 14486,
    "sff": "C5"
  },
  {
    "docID": "N028 James 2015 26044197",
    "et": "C5",
    "off": 8233,
    "sff": "C5"
  },
  {
    "docID": "N028 James 2015 26044197",
    "et": "VertebralArea",
    "off": 10991,
    "sff": "vertebral"
  },
  {
    "docID": "N028 James 2015 26044197",
    "et": "VertebralArea",
    "off": 7863,
    "sff": "vertebral"
  },
  {
    "docID": "N028 James 2015 26044197",
    "et": "CorticospinalTract",
    "off": 25103,
    "sff": "corticospinal"
  },
  {
    "docID": "N028 James 2015 26044197",
    "et": "CorticospinalTract",
    "off": 24250,
    "sff": "corticospinal"
  },
  {
    "docID": "N028 James 2015 26044197",
    "et": "CorticospinalTract",
    "off": 22151,
    "sff": "corticospinal tract"
  },
  {
    "docID": "N028 James 2015 26044197",
    "et": "CorticospinalTract",
    "off": 20676,
    "sff": "corticospinal tract"
  },
  {
    "docID": "N028 James 2015 26044197",
    "et": "SpinalCentralPart",
    "off": 3278,
    "sff": "central"
  },
  {
    "docID": "N028 James 2015 26044197",
    "et": "InjectionDelivery",
    "off": 8751,
    "sff": "injection"
  },
  {
    "docID": "N028 James 2015 26044197",
    "et": "InjectionDelivery",
    "off": 25012,
    "sff": "injection"
  },
  {
    "docID": "N028 James 2015 26044197",
    "et": "InjectionDelivery",
    "off": 8582,
    "sff": "injection"
  },
  {
    "docID": "N028 James 2015 26044197",
    "et": "VertebralSegment",
    "off": 7863,
    "sff": "vertebral"
  },
  {
    "docID": "N028 James 2015 26044197",
    "et": "VertebralSegment",
    "off": 10991,
    "sff": "vertebral"
  },
  {
    "docID": "N028 James 2015 26044197",
    "et": "SpinalLesionSite",
    "off": 12162,
    "sff": "lesion site"
  },
  {
    "docID": "N028 James 2015 26044197",
    "et": "SpinalLesionSite",
    "off": 17250,
    "sff": "lesion"
  },
  {
    "docID": "N028 James 2015 26044197",
    "et": "SpinalLesionSite",
    "off": 17602,
    "sff": "lesion"
  },
  {
    "docID": "N028 James 2015 26044197",
    "et": "SpinalLesionSite",
    "off": 17996,
    "sff": "lesion"
  },
  {
    "docID": "N028 James 2015 26044197",
    "et": "SpinalLesionSite",
    "off": 3031,
    "sff": "lesion site"
  },
  {
    "docID": "N028 James 2015 26044197",
    "et": "SpinalLesionSite",
    "off": 1896,
    "sff": "lesion"
  },
  {
    "docID": "N028 James 2015 26044197",
    "et": "SpinalLesionSite",
    "off": 16408,
    "sff": "lesion"
  },
  {
    "docID": "N028 James 2015 26044197",
    "et": "SpinalLesionSite",
    "off": 12410,
    "sff": "lesion"
  },
  {
    "docID": "N028 James 2015 26044197",
    "et": "T1",
    "off": 10973,
    "sff": "T1"
  }
]
