[
  {
    "docID": "N032 Wang 2011  21697383",
    "et": "AnatomicalLocation",
    "off": 65706,
    "sff": "anatomical"
  },
  {
    "docID": "N032 Wang 2011  21697383",
    "et": "AnatomicalLocation",
    "off": 76514,
    "sff": "anatomical"
  },
  {
    "docID": "N032 Wang 2011  21697383",
    "et": "AnatomicalLocation",
    "off": 45808,
    "sff": "anatomical"
  },
  {
    "docID": "N032 Wang 2011  21697383",
    "et": "AnatomicalLocation",
    "off": 75487,
    "sff": "anatomical"
  },
  {
    "docID": "N032 Wang 2011  21697383",
    "et": "SuperficialDelivery",
    "off": 35666,
    "sff": "superficial"
  },
  {
    "docID": "N032 Wang 2011  21697383",
    "et": "Brain",
    "off": 63313,
    "sff": "brain"
  },
  {
    "docID": "N032 Wang 2011  21697383",
    "et": "Brain",
    "off": 64813,
    "sff": "Brain"
  },
  {
    "docID": "N032 Wang 2011  21697383",
    "et": "Brain",
    "off": 77431,
    "sff": "brain"
  },
  {
    "docID": "N032 Wang 2011  21697383",
    "et": "Brain",
    "off": 65134,
    "sff": "Brain"
  },
  {
    "docID": "N032 Wang 2011  21697383",
    "et": "Brain",
    "off": 76321,
    "sff": "Brain"
  },
  {
    "docID": "N032 Wang 2011  21697383",
    "et": "Brain",
    "off": 63232,
    "sff": "Brain"
  },
  {
    "docID": "N032 Wang 2011  21697383",
    "et": "Brain",
    "off": 354,
    "sff": "Brain"
  },
  {
    "docID": "N032 Wang 2011  21697383",
    "et": "Brain",
    "off": 76546,
    "sff": "Brain"
  },
  {
    "docID": "N032 Wang 2011  21697383",
    "et": "Brain",
    "off": 70726,
    "sff": "Brain"
  },
  {
    "docID": "N032 Wang 2011  21697383",
    "et": "Brain",
    "off": 11809,
    "sff": "brain"
  },
  {
    "docID": "N032 Wang 2011  21697383",
    "et": "Brain",
    "off": 62429,
    "sff": "Brain"
  },
  {
    "docID": "N032 Wang 2011  21697383",
    "et": "Brain",
    "off": 70052,
    "sff": "brain"
  },
  {
    "docID": "N032 Wang 2011  21697383",
    "et": "Brain",
    "off": 69343,
    "sff": "Brain"
  },
  {
    "docID": "N032 Wang 2011  21697383",
    "et": "Brain",
    "off": 72742,
    "sff": "brain"
  },
  {
    "docID": "N032 Wang 2011  21697383",
    "et": "Brain",
    "off": 66003,
    "sff": "Brain"
  },
  {
    "docID": "N032 Wang 2011  21697383",
    "et": "AscendingFiberTract",
    "off": 5911,
    "sff": "ascending"
  },
  {
    "docID": "N032 Wang 2011  21697383",
    "et": "Intraspinal",
    "off": 67325,
    "sff": "intraspinal"
  },
  {
    "docID": "N032 Wang 2011  21697383",
    "et": "SpinalWhiteMatter",
    "off": 27941,
    "sff": "white matter"
  },
  {
    "docID": "N032 Wang 2011  21697383",
    "et": "SpinalWhiteMatter",
    "off": 28551,
    "sff": "white matter"
  },
  {
    "docID": "N032 Wang 2011  21697383",
    "et": "SpinalWhiteMatter",
    "off": 15305,
    "sff": "white matter"
  },
  {
    "docID": "N032 Wang 2011  21697383",
    "et": "SpinalWhiteMatter",
    "off": 20153,
    "sff": "white matter"
  },
  {
    "docID": "N032 Wang 2011  21697383",
    "et": "SpinalWhiteMatter",
    "off": 27994,
    "sff": "white matter"
  },
  {
    "docID": "N032 Wang 2011  21697383",
    "et": "SpinalWhiteMatter",
    "off": 46156,
    "sff": "white matter"
  },
  {
    "docID": "N032 Wang 2011  21697383",
    "et": "SpinalWhiteMatter",
    "off": 28351,
    "sff": "white matter"
  },
  {
    "docID": "N032 Wang 2011  21697383",
    "et": "SpinalWhiteMatter",
    "off": 46240,
    "sff": "white matter"
  },
  {
    "docID": "N032 Wang 2011  21697383",
    "et": "SpinalWhiteMatter",
    "off": 35698,
    "sff": "white matter"
  },
  {
    "docID": "N032 Wang 2011  21697383",
    "et": "SpinalWhiteMatter",
    "off": 15556,
    "sff": "white matter"
  },
  {
    "docID": "N032 Wang 2011  21697383",
    "et": "SpinalWhiteMatter",
    "off": 28404,
    "sff": "white matter"
  },
  {
    "docID": "N032 Wang 2011  21697383",
    "et": "Intrathecal",
    "off": 13293,
    "sff": "intrathecal"
  },
  {
    "docID": "N032 Wang 2011  21697383",
    "et": "Intrathecal",
    "off": 34908,
    "sff": "intrathecal"
  },
  {
    "docID": "N032 Wang 2011  21697383",
    "et": "Intrathecal",
    "off": 35157,
    "sff": "intrathecal"
  },
  {
    "docID": "N032 Wang 2011  21697383",
    "et": "DeliveryMethod",
    "off": 5951,
    "sff": "delivery"
  },
  {
    "docID": "N032 Wang 2011  21697383",
    "et": "SpinalDorsalHalf",
    "off": 45983,
    "sff": "dorsal"
  },
  {
    "docID": "N032 Wang 2011  21697383",
    "et": "SpinalDorsalHalf",
    "off": 18641,
    "sff": "dorsal"
  },
  {
    "docID": "N032 Wang 2011  21697383",
    "et": "SpinalDorsalHalf",
    "off": 45842,
    "sff": "dorsal"
  },
  {
    "docID": "N032 Wang 2011  21697383",
    "et": "SpinalDorsalHalf",
    "off": 20757,
    "sff": "dorsal"
  },
  {
    "docID": "N032 Wang 2011  21697383",
    "et": "SpinalDorsalHalf",
    "off": 21205,
    "sff": "dorsal"
  },
  {
    "docID": "N032 Wang 2011  21697383",
    "et": "SpinalDorsalHalf",
    "off": 41941,
    "sff": "dorsal"
  },
  {
    "docID": "N032 Wang 2011  21697383",
    "et": "SpinalDorsalHalf",
    "off": 5783,
    "sff": "dorsal"
  },
  {
    "docID": "N032 Wang 2011  21697383",
    "et": "SpinalDorsalHalf",
    "off": 51031,
    "sff": "dorsal"
  },
  {
    "docID": "N032 Wang 2011  21697383",
    "et": "SpinalDorsalHalf",
    "off": 18315,
    "sff": "dorsal"
  },
  {
    "docID": "N032 Wang 2011  21697383",
    "et": "SpinalDorsalHalf",
    "off": 27980,
    "sff": "dorsal"
  },
  {
    "docID": "N032 Wang 2011  21697383",
    "et": "SpinalDorsalHalf",
    "off": 52751,
    "sff": "dorsal"
  },
  {
    "docID": "N032 Wang 2011  21697383",
    "et": "SpinalDorsalHalf",
    "off": 32770,
    "sff": "dorsal"
  },
  {
    "docID": "N032 Wang 2011  21697383",
    "et": "SpinalDorsalHalf",
    "off": 46149,
    "sff": "dorsal"
  },
  {
    "docID": "N032 Wang 2011  21697383",
    "et": "SpinalDorsalHalf",
    "off": 15046,
    "sff": "dorsal"
  },
  {
    "docID": "N032 Wang 2011  21697383",
    "et": "SpinalDorsalHalf",
    "off": 34745,
    "sff": "dorsal"
  },
  {
    "docID": "N032 Wang 2011  21697383",
    "et": "SpinalDorsalHalf",
    "off": 15549,
    "sff": "dorsal"
  },
  {
    "docID": "N032 Wang 2011  21697383",
    "et": "SpinalDorsalHalf",
    "off": 16189,
    "sff": "dorsal"
  },
  {
    "docID": "N032 Wang 2011  21697383",
    "et": "SpinalDorsalHalf",
    "off": 18492,
    "sff": "dorsal"
  },
  {
    "docID": "N032 Wang 2011  21697383",
    "et": "SpinalDorsalHalf",
    "off": 32316,
    "sff": "dorsal"
  },
  {
    "docID": "N032 Wang 2011  21697383",
    "et": "SpinalDorsalHalf",
    "off": 32383,
    "sff": "dorsal"
  },
  {
    "docID": "N032 Wang 2011  21697383",
    "et": "SpinalDorsalHalf",
    "off": 32432,
    "sff": "dorsal"
  },
  {
    "docID": "N032 Wang 2011  21697383",
    "et": "SpinalDorsalHalf",
    "off": 46064,
    "sff": "dorsal"
  },
  {
    "docID": "N032 Wang 2011  21697383",
    "et": "SpinalDorsalHalf",
    "off": 52722,
    "sff": "dorsal"
  },
  {
    "docID": "N032 Wang 2011  21697383",
    "et": "SpinalDorsalHalf",
    "off": 5929,
    "sff": "dorsal"
  },
  {
    "docID": "N032 Wang 2011  21697383",
    "et": "SpinalDorsalHalf",
    "off": 32169,
    "sff": "dorsal"
  },
  {
    "docID": "N032 Wang 2011  21697383",
    "et": "SpinalDorsalHalf",
    "off": 18280,
    "sff": "dorsal"
  },
  {
    "docID": "N032 Wang 2011  21697383",
    "et": "SpinalDorsalHalf",
    "off": 875,
    "sff": "dorsal"
  },
  {
    "docID": "N032 Wang 2011  21697383",
    "et": "SpinalDorsalHalf",
    "off": 35691,
    "sff": "dorsal"
  },
  {
    "docID": "N032 Wang 2011  21697383",
    "et": "SpinalDorsalHalf",
    "off": 18093,
    "sff": "dorsal"
  },
  {
    "docID": "N032 Wang 2011  21697383",
    "et": "SpinalDorsalHalf",
    "off": 5868,
    "sff": "dorsal"
  },
  {
    "docID": "N032 Wang 2011  21697383",
    "et": "SpinalDorsalHalf",
    "off": 69100,
    "sff": "dorsal"
  },
  {
    "docID": "N032 Wang 2011  21697383",
    "et": "SpinalDorsalHalf",
    "off": 71138,
    "sff": "dorsal"
  },
  {
    "docID": "N032 Wang 2011  21697383",
    "et": "SpinalDorsalHalf",
    "off": 18018,
    "sff": "dorsal"
  },
  {
    "docID": "N032 Wang 2011  21697383",
    "et": "SpinalDorsalHalf",
    "off": 32293,
    "sff": "dorsal"
  },
  {
    "docID": "N032 Wang 2011  21697383",
    "et": "SpinalDorsalHalf",
    "off": 28390,
    "sff": "dorsal"
  },
  {
    "docID": "N032 Wang 2011  21697383",
    "et": "SpinalVentralHalf",
    "off": 16586,
    "sff": "ventral"
  },
  {
    "docID": "N032 Wang 2011  21697383",
    "et": "SpinalVentralHalf",
    "off": 32394,
    "sff": "ventral"
  },
  {
    "docID": "N032 Wang 2011  21697383",
    "et": "SpinalCord",
    "off": 1842,
    "sff": "cord"
  },
  {
    "docID": "N032 Wang 2011  21697383",
    "et": "SpinalCord",
    "off": 19761,
    "sff": "cord"
  },
  {
    "docID": "N032 Wang 2011  21697383",
    "et": "SpinalCord",
    "off": 75314,
    "sff": "cord"
  },
  {
    "docID": "N032 Wang 2011  21697383",
    "et": "SpinalCord",
    "off": 66610,
    "sff": "cord"
  },
  {
    "docID": "N032 Wang 2011  21697383",
    "et": "SpinalCord",
    "off": 75825,
    "sff": "cord"
  },
  {
    "docID": "N032 Wang 2011  21697383",
    "et": "SpinalCord",
    "off": 20782,
    "sff": "cord"
  },
  {
    "docID": "N032 Wang 2011  21697383",
    "et": "SpinalCord",
    "off": 35383,
    "sff": "cord"
  },
  {
    "docID": "N032 Wang 2011  21697383",
    "et": "SpinalCord",
    "off": 15157,
    "sff": "cord"
  },
  {
    "docID": "N032 Wang 2011  21697383",
    "et": "SpinalCord",
    "off": 70965,
    "sff": "cord"
  },
  {
    "docID": "N032 Wang 2011  21697383",
    "et": "SpinalCord",
    "off": 58435,
    "sff": "cord"
  },
  {
    "docID": "N032 Wang 2011  21697383",
    "et": "SpinalCord",
    "off": 63554,
    "sff": "cord"
  },
  {
    "docID": "N032 Wang 2011  21697383",
    "et": "SpinalCord",
    "off": 70720,
    "sff": "cord"
  },
  {
    "docID": "N032 Wang 2011  21697383",
    "et": "SpinalCord",
    "off": 19261,
    "sff": "cord"
  },
  {
    "docID": "N032 Wang 2011  21697383",
    "et": "SpinalCord",
    "off": 51527,
    "sff": "cord"
  },
  {
    "docID": "N032 Wang 2011  21697383",
    "et": "SpinalCord",
    "off": 18193,
    "sff": "cord"
  },
  {
    "docID": "N032 Wang 2011  21697383",
    "et": "SpinalCord",
    "off": 19218,
    "sff": "cord"
  },
  {
    "docID": "N032 Wang 2011  21697383",
    "et": "SpinalCord",
    "off": 30482,
    "sff": "cord"
  },
  {
    "docID": "N032 Wang 2011  21697383",
    "et": "SpinalCord",
    "off": 75932,
    "sff": "Cord"
  },
  {
    "docID": "N032 Wang 2011  21697383",
    "et": "SpinalCord",
    "off": 62991,
    "sff": "cord"
  },
  {
    "docID": "N032 Wang 2011  21697383",
    "et": "SpinalCord",
    "off": 64525,
    "sff": "cord"
  },
  {
    "docID": "N032 Wang 2011  21697383",
    "et": "SpinalCord",
    "off": 18958,
    "sff": "cord"
  },
  {
    "docID": "N032 Wang 2011  21697383",
    "et": "SpinalCord",
    "off": 65049,
    "sff": "cord"
  },
  {
    "docID": "N032 Wang 2011  21697383",
    "et": "SpinalCord",
    "off": 18711,
    "sff": "cord"
  },
  {
    "docID": "N032 Wang 2011  21697383",
    "et": "SpinalCord",
    "off": 73240,
    "sff": "cord"
  },
  {
    "docID": "N032 Wang 2011  21697383",
    "et": "SpinalCord",
    "off": 17944,
    "sff": "cord"
  },
  {
    "docID": "N032 Wang 2011  21697383",
    "et": "SpinalCord",
    "off": 19992,
    "sff": "cord"
  },
  {
    "docID": "N032 Wang 2011  21697383",
    "et": "SpinalCord",
    "off": 64800,
    "sff": "cord"
  },
  {
    "docID": "N032 Wang 2011  21697383",
    "et": "SpinalCord",
    "off": 65309,
    "sff": "cord"
  },
  {
    "docID": "N032 Wang 2011  21697383",
    "et": "SpinalCord",
    "off": 76830,
    "sff": "cord"
  },
  {
    "docID": "N032 Wang 2011  21697383",
    "et": "SpinalCord",
    "off": 18220,
    "sff": "cord"
  },
  {
    "docID": "N032 Wang 2011  21697383",
    "et": "SpinalCord",
    "off": 24101,
    "sff": "cord"
  },
  {
    "docID": "N032 Wang 2011  21697383",
    "et": "SpinalCord",
    "off": 627,
    "sff": "cord"
  },
  {
    "docID": "N032 Wang 2011  21697383",
    "et": "SpinalCord",
    "off": 67181,
    "sff": "cord"
  },
  {
    "docID": "N032 Wang 2011  21697383",
    "et": "SpinalCord",
    "off": 18798,
    "sff": "cord"
  },
  {
    "docID": "N032 Wang 2011  21697383",
    "et": "SpinalCord",
    "off": 889,
    "sff": "cord"
  },
  {
    "docID": "N032 Wang 2011  21697383",
    "et": "SpinalCord",
    "off": 70519,
    "sff": "cord"
  },
  {
    "docID": "N032 Wang 2011  21697383",
    "et": "SpinalCord",
    "off": 19829,
    "sff": "cord"
  },
  {
    "docID": "N032 Wang 2011  21697383",
    "et": "SpinalCord",
    "off": 35190,
    "sff": "cord"
  },
  {
    "docID": "N032 Wang 2011  21697383",
    "et": "SpinalCord",
    "off": 66948,
    "sff": "cord"
  },
  {
    "docID": "N032 Wang 2011  21697383",
    "et": "SpinalCord",
    "off": 21122,
    "sff": "cord"
  },
  {
    "docID": "N032 Wang 2011  21697383",
    "et": "SpinalCord",
    "off": 35722,
    "sff": "cord"
  },
  {
    "docID": "N032 Wang 2011  21697383",
    "et": "SpinalCord",
    "off": 11604,
    "sff": "cord"
  },
  {
    "docID": "N032 Wang 2011  21697383",
    "et": "SpinalCord",
    "off": 213,
    "sff": "Cord"
  },
  {
    "docID": "N032 Wang 2011  21697383",
    "et": "SpinalCord",
    "off": 19538,
    "sff": "cord"
  },
  {
    "docID": "N032 Wang 2011  21697383",
    "et": "SpinalCord",
    "off": 67410,
    "sff": "cord"
  },
  {
    "docID": "N032 Wang 2011  21697383",
    "et": "SpinalCord",
    "off": 17998,
    "sff": "cord"
  },
  {
    "docID": "N032 Wang 2011  21697383",
    "et": "SpinalCord",
    "off": 14933,
    "sff": "cord"
  },
  {
    "docID": "N032 Wang 2011  21697383",
    "et": "SpinalCord",
    "off": 30293,
    "sff": "cord"
  },
  {
    "docID": "N032 Wang 2011  21697383",
    "et": "SpinalCord",
    "off": 19038,
    "sff": "cord"
  },
  {
    "docID": "N032 Wang 2011  21697383",
    "et": "SpinalCord",
    "off": 5738,
    "sff": "cord"
  },
  {
    "docID": "N032 Wang 2011  21697383",
    "et": "SpinalCord",
    "off": 69298,
    "sff": "cord"
  },
  {
    "docID": "N032 Wang 2011  21697383",
    "et": "SpinalCord",
    "off": 62128,
    "sff": "cord"
  },
  {
    "docID": "N032 Wang 2011  21697383",
    "et": "SpinalCord",
    "off": 70329,
    "sff": "cord"
  },
  {
    "docID": "N032 Wang 2011  21697383",
    "et": "SpinalCord",
    "off": 49334,
    "sff": "cord"
  },
  {
    "docID": "N032 Wang 2011  21697383",
    "et": "SpinalCord",
    "off": 27587,
    "sff": "cord"
  },
  {
    "docID": "N032 Wang 2011  21697383",
    "et": "SpinalCord",
    "off": 51138,
    "sff": "cord"
  },
  {
    "docID": "N032 Wang 2011  21697383",
    "et": "SpinalCord",
    "off": 64447,
    "sff": "cord"
  },
  {
    "docID": "N032 Wang 2011  21697383",
    "et": "SpinalCord",
    "off": 74942,
    "sff": "cord"
  },
  {
    "docID": "N032 Wang 2011  21697383",
    "et": "SpinalCord",
    "off": 18622,
    "sff": "cord"
  },
  {
    "docID": "N032 Wang 2011  21697383",
    "et": "SpinalCord",
    "off": 18878,
    "sff": "cord"
  },
  {
    "docID": "N032 Wang 2011  21697383",
    "et": "SpinalCord",
    "off": 68542,
    "sff": "cord"
  },
  {
    "docID": "N032 Wang 2011  21697383",
    "et": "SpinalCord",
    "off": 74173,
    "sff": "cord"
  },
  {
    "docID": "N032 Wang 2011  21697383",
    "et": "SpinalCord",
    "off": 75461,
    "sff": "cord"
  },
  {
    "docID": "N032 Wang 2011  21697383",
    "et": "SpinalCord",
    "off": 27540,
    "sff": "cord"
  },
  {
    "docID": "N032 Wang 2011  21697383",
    "et": "SpinalCord",
    "off": 61844,
    "sff": "cord"
  },
  {
    "docID": "N032 Wang 2011  21697383",
    "et": "SpinalCord",
    "off": 74263,
    "sff": "Cord"
  },
  {
    "docID": "N032 Wang 2011  21697383",
    "et": "SpinalCord",
    "off": 13201,
    "sff": "cord"
  },
  {
    "docID": "N032 Wang 2011  21697383",
    "et": "SpinalCord",
    "off": 67729,
    "sff": "cord"
  },
  {
    "docID": "N032 Wang 2011  21697383",
    "et": "SpinalCord",
    "off": 20626,
    "sff": "cord"
  },
  {
    "docID": "N032 Wang 2011  21697383",
    "et": "SpinalCord",
    "off": 62607,
    "sff": "cord"
  },
  {
    "docID": "N032 Wang 2011  21697383",
    "et": "SpinalCord",
    "off": 55694,
    "sff": "cord"
  },
  {
    "docID": "N032 Wang 2011  21697383",
    "et": "SpinalCord",
    "off": 65943,
    "sff": "cord"
  },
  {
    "docID": "N032 Wang 2011  21697383",
    "et": "SpinalCord",
    "off": 68248,
    "sff": "cord"
  },
  {
    "docID": "N032 Wang 2011  21697383",
    "et": "SpinalCord",
    "off": 76694,
    "sff": "cord"
  },
  {
    "docID": "N032 Wang 2011  21697383",
    "et": "SpinalCord",
    "off": 66710,
    "sff": "cord"
  },
  {
    "docID": "N032 Wang 2011  21697383",
    "et": "SpinalCord",
    "off": 28068,
    "sff": "cord"
  },
  {
    "docID": "N032 Wang 2011  21697383",
    "et": "SpinalCord",
    "off": 19625,
    "sff": "cord"
  },
  {
    "docID": "N032 Wang 2011  21697383",
    "et": "SpinalCord",
    "off": 5615,
    "sff": "cord"
  },
  {
    "docID": "N032 Wang 2011  21697383",
    "et": "SpinalCord",
    "off": 65784,
    "sff": "cord"
  },
  {
    "docID": "N032 Wang 2011  21697383",
    "et": "SpinalCord",
    "off": 69621,
    "sff": "cord"
  },
  {
    "docID": "N032 Wang 2011  21697383",
    "et": "SpinalCord",
    "off": 2817,
    "sff": "cord"
  },
  {
    "docID": "N032 Wang 2011  21697383",
    "et": "SpinalCord",
    "off": 18433,
    "sff": "cord"
  },
  {
    "docID": "N032 Wang 2011  21697383",
    "et": "SpinalCord",
    "off": 6142,
    "sff": "cord"
  },
  {
    "docID": "N032 Wang 2011  21697383",
    "et": "SpinalCord",
    "off": 19710,
    "sff": "cord"
  },
  {
    "docID": "N032 Wang 2011  21697383",
    "et": "SpinalCord",
    "off": 69695,
    "sff": "Cord"
  },
  {
    "docID": "N032 Wang 2011  21697383",
    "et": "SpinalCord",
    "off": 20490,
    "sff": "cord"
  },
  {
    "docID": "N032 Wang 2011  21697383",
    "et": "SpinalCord",
    "off": 72200,
    "sff": "cord"
  },
  {
    "docID": "N032 Wang 2011  21697383",
    "et": "SpinalCord",
    "off": 20232,
    "sff": "cord"
  },
  {
    "docID": "N032 Wang 2011  21697383",
    "et": "SpinalCord",
    "off": 16594,
    "sff": "cord"
  },
  {
    "docID": "N032 Wang 2011  21697383",
    "et": "SpinalCord",
    "off": 45773,
    "sff": "cord"
  },
  {
    "docID": "N032 Wang 2011  21697383",
    "et": "SpinalCord",
    "off": 5326,
    "sff": "cord"
  },
  {
    "docID": "N032 Wang 2011  21697383",
    "et": "SpinalCord",
    "off": 72397,
    "sff": "cord"
  },
  {
    "docID": "N032 Wang 2011  21697383",
    "et": "SpinalCord",
    "off": 77275,
    "sff": "cord"
  },
  {
    "docID": "N032 Wang 2011  21697383",
    "et": "SpinalCord",
    "off": 2005,
    "sff": "cord"
  },
  {
    "docID": "N032 Wang 2011  21697383",
    "et": "SpinalCord",
    "off": 51669,
    "sff": "cord"
  },
  {
    "docID": "N032 Wang 2011  21697383",
    "et": "SpinalCord",
    "off": 19940,
    "sff": "cord"
  },
  {
    "docID": "N032 Wang 2011  21697383",
    "et": "SpinalCord",
    "off": 73440,
    "sff": "cord"
  },
  {
    "docID": "N032 Wang 2011  21697383",
    "et": "SpinalCord",
    "off": 74732,
    "sff": "cord"
  },
  {
    "docID": "N032 Wang 2011  21697383",
    "et": "SpinalCord",
    "off": 44268,
    "sff": "cord"
  },
  {
    "docID": "N032 Wang 2011  21697383",
    "et": "SpinalCord",
    "off": 64606,
    "sff": "Cord"
  },
  {
    "docID": "N032 Wang 2011  21697383",
    "et": "SpinalCord",
    "off": 18407,
    "sff": "cord"
  },
  {
    "docID": "N032 Wang 2011  21697383",
    "et": "DorsalColumn",
    "off": 21205,
    "sff": "dorsal"
  },
  {
    "docID": "N032 Wang 2011  21697383",
    "et": "DorsalColumn",
    "off": 41941,
    "sff": "dorsal"
  },
  {
    "docID": "N032 Wang 2011  21697383",
    "et": "DorsalColumn",
    "off": 20757,
    "sff": "dorsal"
  },
  {
    "docID": "N032 Wang 2011  21697383",
    "et": "DorsalColumn",
    "off": 45842,
    "sff": "dorsal"
  },
  {
    "docID": "N032 Wang 2011  21697383",
    "et": "DorsalColumn",
    "off": 18641,
    "sff": "dorsal"
  },
  {
    "docID": "N032 Wang 2011  21697383",
    "et": "DorsalColumn",
    "off": 27980,
    "sff": "dorsal"
  },
  {
    "docID": "N032 Wang 2011  21697383",
    "et": "DorsalColumn",
    "off": 15046,
    "sff": "dorsal"
  },
  {
    "docID": "N032 Wang 2011  21697383",
    "et": "DorsalColumn",
    "off": 71138,
    "sff": "dorsal column"
  },
  {
    "docID": "N032 Wang 2011  21697383",
    "et": "DorsalColumn",
    "off": 46149,
    "sff": "dorsal"
  },
  {
    "docID": "N032 Wang 2011  21697383",
    "et": "DorsalColumn",
    "off": 51031,
    "sff": "dorsal column"
  },
  {
    "docID": "N032 Wang 2011  21697383",
    "et": "DorsalColumn",
    "off": 32383,
    "sff": "dorsal"
  },
  {
    "docID": "N032 Wang 2011  21697383",
    "et": "DorsalColumn",
    "off": 18492,
    "sff": "dorsal"
  },
  {
    "docID": "N032 Wang 2011  21697383",
    "et": "DorsalColumn",
    "off": 15549,
    "sff": "dorsal"
  },
  {
    "docID": "N032 Wang 2011  21697383",
    "et": "DorsalColumn",
    "off": 16189,
    "sff": "dorsal"
  },
  {
    "docID": "N032 Wang 2011  21697383",
    "et": "DorsalColumn",
    "off": 32316,
    "sff": "dorsal"
  },
  {
    "docID": "N032 Wang 2011  21697383",
    "et": "DorsalColumn",
    "off": 52751,
    "sff": "dorsal column"
  },
  {
    "docID": "N032 Wang 2011  21697383",
    "et": "DorsalColumn",
    "off": 34745,
    "sff": "dorsal"
  },
  {
    "docID": "N032 Wang 2011  21697383",
    "et": "DorsalColumn",
    "off": 52722,
    "sff": "dorsal"
  },
  {
    "docID": "N032 Wang 2011  21697383",
    "et": "DorsalColumn",
    "off": 18315,
    "sff": "dorsal column"
  },
  {
    "docID": "N032 Wang 2011  21697383",
    "et": "DorsalColumn",
    "off": 32432,
    "sff": "dorsal"
  },
  {
    "docID": "N032 Wang 2011  21697383",
    "et": "DorsalColumn",
    "off": 46064,
    "sff": "dorsal"
  },
  {
    "docID": "N032 Wang 2011  21697383",
    "et": "DorsalColumn",
    "off": 5868,
    "sff": "dorsal"
  },
  {
    "docID": "N032 Wang 2011  21697383",
    "et": "DorsalColumn",
    "off": 18093,
    "sff": "dorsal"
  },
  {
    "docID": "N032 Wang 2011  21697383",
    "et": "DorsalColumn",
    "off": 69100,
    "sff": "dorsal"
  },
  {
    "docID": "N032 Wang 2011  21697383",
    "et": "DorsalColumn",
    "off": 35691,
    "sff": "dorsal"
  },
  {
    "docID": "N032 Wang 2011  21697383",
    "et": "DorsalColumn",
    "off": 875,
    "sff": "dorsal"
  },
  {
    "docID": "N032 Wang 2011  21697383",
    "et": "DorsalColumn",
    "off": 18280,
    "sff": "dorsal"
  },
  {
    "docID": "N032 Wang 2011  21697383",
    "et": "DorsalColumn",
    "off": 32169,
    "sff": "dorsal"
  },
  {
    "docID": "N032 Wang 2011  21697383",
    "et": "DorsalColumn",
    "off": 5929,
    "sff": "dorsal"
  },
  {
    "docID": "N032 Wang 2011  21697383",
    "et": "DorsalColumn",
    "off": 32770,
    "sff": "dorsal column"
  },
  {
    "docID": "N032 Wang 2011  21697383",
    "et": "DorsalColumn",
    "off": 28390,
    "sff": "dorsal"
  },
  {
    "docID": "N032 Wang 2011  21697383",
    "et": "DorsalColumn",
    "off": 32293,
    "sff": "dorsal"
  },
  {
    "docID": "N032 Wang 2011  21697383",
    "et": "DorsalColumn",
    "off": 18018,
    "sff": "dorsal"
  },
  {
    "docID": "N032 Wang 2011  21697383",
    "et": "DorsalColumn",
    "off": 45983,
    "sff": "dorsal"
  },
  {
    "docID": "N032 Wang 2011  21697383",
    "et": "DorsalColumn",
    "off": 5783,
    "sff": "dorsal"
  },
  {
    "docID": "N032 Wang 2011  21697383",
    "et": "LesionAdjacentTissue",
    "off": 33158,
    "sff": "lesion"
  },
  {
    "docID": "N032 Wang 2011  21697383",
    "et": "LesionAdjacentTissue",
    "off": 46982,
    "sff": "lesion"
  },
  {
    "docID": "N032 Wang 2011  21697383",
    "et": "LesionAdjacentTissue",
    "off": 47494,
    "sff": "lesion"
  },
  {
    "docID": "N032 Wang 2011  21697383",
    "et": "LesionAdjacentTissue",
    "off": 49411,
    "sff": "lesion"
  },
  {
    "docID": "N032 Wang 2011  21697383",
    "et": "LesionAdjacentTissue",
    "off": 47615,
    "sff": "lesion"
  },
  {
    "docID": "N032 Wang 2011  21697383",
    "et": "LesionAdjacentTissue",
    "off": 29182,
    "sff": "lesion"
  },
  {
    "docID": "N032 Wang 2011  21697383",
    "et": "LesionAdjacentTissue",
    "off": 30717,
    "sff": "lesion"
  },
  {
    "docID": "N032 Wang 2011  21697383",
    "et": "LesionAdjacentTissue",
    "off": 47099,
    "sff": "lesion"
  },
  {
    "docID": "N032 Wang 2011  21697383",
    "et": "LesionAdjacentTissue",
    "off": 49787,
    "sff": "lesion"
  },
  {
    "docID": "N032 Wang 2011  21697383",
    "et": "LesionAdjacentTissue",
    "off": 43258,
    "sff": "lesion"
  },
  {
    "docID": "N032 Wang 2011  21697383",
    "et": "LesionAdjacentTissue",
    "off": 32118,
    "sff": "lesion"
  },
  {
    "docID": "N032 Wang 2011  21697383",
    "et": "LesionAdjacentTissue",
    "off": 30325,
    "sff": "lesion"
  },
  {
    "docID": "N032 Wang 2011  21697383",
    "et": "LesionAdjacentTissue",
    "off": 31475,
    "sff": "lesion"
  },
  {
    "docID": "N032 Wang 2011  21697383",
    "et": "LesionAdjacentTissue",
    "off": 18034,
    "sff": "lesion"
  },
  {
    "docID": "N032 Wang 2011  21697383",
    "et": "LesionAdjacentTissue",
    "off": 33521,
    "sff": "lesion"
  },
  {
    "docID": "N032 Wang 2011  21697383",
    "et": "LesionAdjacentTissue",
    "off": 29680,
    "sff": "lesion"
  },
  {
    "docID": "N032 Wang 2011  21697383",
    "et": "LesionAdjacentTissue",
    "off": 56432,
    "sff": "lesion"
  },
  {
    "docID": "N032 Wang 2011  21697383",
    "et": "LesionAdjacentTissue",
    "off": 71152,
    "sff": "lesion"
  },
  {
    "docID": "N032 Wang 2011  21697383",
    "et": "LesionAdjacentTissue",
    "off": 58606,
    "sff": "lesion"
  },
  {
    "docID": "N032 Wang 2011  21697383",
    "et": "LesionAdjacentTissue",
    "off": 32616,
    "sff": "lesion"
  },
  {
    "docID": "N032 Wang 2011  21697383",
    "et": "LesionAdjacentTissue",
    "off": 30886,
    "sff": "lesion"
  },
  {
    "docID": "N032 Wang 2011  21697383",
    "et": "LesionAdjacentTissue",
    "off": 19109,
    "sff": "lesion"
  },
  {
    "docID": "N032 Wang 2011  21697383",
    "et": "LesionAdjacentTissue",
    "off": 34981,
    "sff": "lesion"
  },
  {
    "docID": "N032 Wang 2011  21697383",
    "et": "LesionAdjacentTissue",
    "off": 73763,
    "sff": "lesion"
  },
  {
    "docID": "N032 Wang 2011  21697383",
    "et": "LesionAdjacentTissue",
    "off": 58018,
    "sff": "lesion"
  },
  {
    "docID": "N032 Wang 2011  21697383",
    "et": "LesionAdjacentTissue",
    "off": 27808,
    "sff": "lesion"
  },
  {
    "docID": "N032 Wang 2011  21697383",
    "et": "LesionAdjacentTissue",
    "off": 29216,
    "sff": "lesion"
  },
  {
    "docID": "N032 Wang 2011  21697383",
    "et": "LesionAdjacentTissue",
    "off": 16031,
    "sff": "lesion"
  },
  {
    "docID": "N032 Wang 2011  21697383",
    "et": "LesionAdjacentTissue",
    "off": 18335,
    "sff": "lesion"
  },
  {
    "docID": "N032 Wang 2011  21697383",
    "et": "LesionAdjacentTissue",
    "off": 29982,
    "sff": "lesion"
  },
  {
    "docID": "N032 Wang 2011  21697383",
    "et": "LesionAdjacentTissue",
    "off": 33310,
    "sff": "lesion"
  },
  {
    "docID": "N032 Wang 2011  21697383",
    "et": "LesionAdjacentTissue",
    "off": 33694,
    "sff": "lesion"
  },
  {
    "docID": "N032 Wang 2011  21697383",
    "et": "LesionAdjacentTissue",
    "off": 17949,
    "sff": "lesion"
  },
  {
    "docID": "N032 Wang 2011  21697383",
    "et": "LesionAdjacentTissue",
    "off": 31260,
    "sff": "lesion"
  },
  {
    "docID": "N032 Wang 2011  21697383",
    "et": "LesionAdjacentTissue",
    "off": 6172,
    "sff": "lesion"
  },
  {
    "docID": "N032 Wang 2011  21697383",
    "et": "LesionAdjacentTissue",
    "off": 29595,
    "sff": "lesion"
  },
  {
    "docID": "N032 Wang 2011  21697383",
    "et": "LesionAdjacentTissue",
    "off": 49563,
    "sff": "lesion"
  },
  {
    "docID": "N032 Wang 2011  21697383",
    "et": "LesionAdjacentTissue",
    "off": 29463,
    "sff": "lesion"
  },
  {
    "docID": "N032 Wang 2011  21697383",
    "et": "LesionAdjacentTissue",
    "off": 20187,
    "sff": "Adjacent"
  },
  {
    "docID": "N032 Wang 2011  21697383",
    "et": "LesionAdjacentTissue",
    "off": 33550,
    "sff": "lesion"
  },
  {
    "docID": "N032 Wang 2011  21697383",
    "et": "LesionAdjacentTissue",
    "off": 58764,
    "sff": "lesion"
  },
  {
    "docID": "N032 Wang 2011  21697383",
    "et": "LesionAdjacentTissue",
    "off": 47755,
    "sff": "lesion"
  },
  {
    "docID": "N032 Wang 2011  21697383",
    "et": "LesionAdjacentTissue",
    "off": 49802,
    "sff": "lesion"
  },
  {
    "docID": "N032 Wang 2011  21697383",
    "et": "LesionAdjacentTissue",
    "off": 16520,
    "sff": "lesion"
  },
  {
    "docID": "N032 Wang 2011  21697383",
    "et": "LesionAdjacentTissue",
    "off": 58694,
    "sff": "lesion"
  },
  {
    "docID": "N032 Wang 2011  21697383",
    "et": "LesionAdjacentTissue",
    "off": 32964,
    "sff": "lesion"
  },
  {
    "docID": "N032 Wang 2011  21697383",
    "et": "LesionAdjacentTissue",
    "off": 34882,
    "sff": "lesion"
  },
  {
    "docID": "N032 Wang 2011  21697383",
    "et": "LesionAdjacentTissue",
    "off": 28225,
    "sff": "lesion"
  },
  {
    "docID": "N032 Wang 2011  21697383",
    "et": "LesionAdjacentTissue",
    "off": 16704,
    "sff": "lesion"
  },
  {
    "docID": "N032 Wang 2011  21697383",
    "et": "LesionAdjacentTissue",
    "off": 44224,
    "sff": "lesion"
  },
  {
    "docID": "N032 Wang 2011  21697383",
    "et": "LesionAdjacentTissue",
    "off": 28990,
    "sff": "lesion"
  },
  {
    "docID": "N032 Wang 2011  21697383",
    "et": "LesionAdjacentTissue",
    "off": 33854,
    "sff": "lesion"
  },
  {
    "docID": "N032 Wang 2011  21697383",
    "et": "LesionAdjacentTissue",
    "off": 6329,
    "sff": "lesion"
  },
  {
    "docID": "N032 Wang 2011  21697383",
    "et": "LesionAdjacentTissue",
    "off": 29496,
    "sff": "lesion"
  },
  {
    "docID": "N032 Wang 2011  21697383",
    "et": "LesionAdjacentTissue",
    "off": 17077,
    "sff": "lesion"
  },
  {
    "docID": "N032 Wang 2011  21697383",
    "et": "LesionAdjacentTissue",
    "off": 49838,
    "sff": "lesion"
  },
  {
    "docID": "N032 Wang 2011  21697383",
    "et": "LesionAdjacentTissue",
    "off": 12075,
    "sff": "lesion"
  },
  {
    "docID": "N032 Wang 2011  21697383",
    "et": "LesionAdjacentTissue",
    "off": 16299,
    "sff": "lesion"
  },
  {
    "docID": "N032 Wang 2011  21697383",
    "et": "LesionAdjacentTissue",
    "off": 16683,
    "sff": "lesion"
  },
  {
    "docID": "N032 Wang 2011  21697383",
    "et": "LesionAdjacentTissue",
    "off": 13866,
    "sff": "lesion"
  },
  {
    "docID": "N032 Wang 2011  21697383",
    "et": "LesionAdjacentTissue",
    "off": 53802,
    "sff": "lesion"
  },
  {
    "docID": "N032 Wang 2011  21697383",
    "et": "LesionAdjacentTissue",
    "off": 14702,
    "sff": "Lesion"
  },
  {
    "docID": "N032 Wang 2011  21697383",
    "et": "LesionAdjacentTissue",
    "off": 18533,
    "sff": "lesion"
  },
  {
    "docID": "N032 Wang 2011  21697383",
    "et": "LesionAdjacentTissue",
    "off": 51045,
    "sff": "lesion"
  },
  {
    "docID": "N032 Wang 2011  21697383",
    "et": "LesionAdjacentTissue",
    "off": 31588,
    "sff": "lesion"
  },
  {
    "docID": "N032 Wang 2011  21697383",
    "et": "LesionAdjacentTissue",
    "off": 47844,
    "sff": "lesion"
  },
  {
    "docID": "N032 Wang 2011  21697383",
    "et": "LesionAdjacentTissue",
    "off": 18658,
    "sff": "lesion"
  },
  {
    "docID": "N032 Wang 2011  21697383",
    "et": "LesionAdjacentTissue",
    "off": 49249,
    "sff": "lesion"
  },
  {
    "docID": "N032 Wang 2011  21697383",
    "et": "LesionAdjacentTissue",
    "off": 17376,
    "sff": "lesion"
  },
  {
    "docID": "N032 Wang 2011  21697383",
    "et": "LesionAdjacentTissue",
    "off": 16734,
    "sff": "lesion"
  },
  {
    "docID": "N032 Wang 2011  21697383",
    "et": "LesionAdjacentTissue",
    "off": 51166,
    "sff": "lesion"
  },
  {
    "docID": "N032 Wang 2011  21697383",
    "et": "LesionAdjacentTissue",
    "off": 29148,
    "sff": "lesion"
  },
  {
    "docID": "N032 Wang 2011  21697383",
    "et": "LesionAdjacentTissue",
    "off": 29658,
    "sff": "lesion"
  },
  {
    "docID": "N032 Wang 2011  21697383",
    "et": "LesionAdjacentTissue",
    "off": 29528,
    "sff": "lesion"
  },
  {
    "docID": "N032 Wang 2011  21697383",
    "et": "LesionAdjacentTissue",
    "off": 33367,
    "sff": "lesion"
  },
  {
    "docID": "N032 Wang 2011  21697383",
    "et": "LesionAdjacentTissue",
    "off": 18260,
    "sff": "lesion"
  },
  {
    "docID": "N032 Wang 2011  21697383",
    "et": "LesionAdjacentTissue",
    "off": 35795,
    "sff": "lesion"
  },
  {
    "docID": "N032 Wang 2011  21697383",
    "et": "LesionAdjacentTissue",
    "off": 28498,
    "sff": "lesion"
  },
  {
    "docID": "N032 Wang 2011  21697383",
    "et": "LesionAdjacentTissue",
    "off": 30545,
    "sff": "lesion"
  },
  {
    "docID": "N032 Wang 2011  21697383",
    "et": "LesionAdjacentTissue",
    "off": 15182,
    "sff": "lesion"
  },
  {
    "docID": "N032 Wang 2011  21697383",
    "et": "LesionAdjacentTissue",
    "off": 34638,
    "sff": "lesion"
  },
  {
    "docID": "N032 Wang 2011  21697383",
    "et": "LesionAdjacentTissue",
    "off": 46286,
    "sff": "lesion"
  },
  {
    "docID": "N032 Wang 2011  21697383",
    "et": "LesionAdjacentTissue",
    "off": 47180,
    "sff": "lesion"
  },
  {
    "docID": "N032 Wang 2011  21697383",
    "et": "LesionAdjacentTissue",
    "off": 28875,
    "sff": "lesion"
  },
  {
    "docID": "N032 Wang 2011  21697383",
    "et": "LesionAdjacentTissue",
    "off": 31051,
    "sff": "lesion"
  },
  {
    "docID": "N032 Wang 2011  21697383",
    "et": "LesionAdjacentTissue",
    "off": 46025,
    "sff": "lesion"
  },
  {
    "docID": "N032 Wang 2011  21697383",
    "et": "LesionAdjacentTissue",
    "off": 47305,
    "sff": "lesion"
  },
  {
    "docID": "N032 Wang 2011  21697383",
    "et": "LesionAdjacentTissue",
    "off": 34375,
    "sff": "lesion"
  },
  {
    "docID": "N032 Wang 2011  21697383",
    "et": "LesionAdjacentTissue",
    "off": 47431,
    "sff": "lesion"
  },
  {
    "docID": "N032 Wang 2011  21697383",
    "et": "InfusionDelivery",
    "off": 66354,
    "sff": "infusion"
  },
  {
    "docID": "N032 Wang 2011  21697383",
    "et": "InfusionDelivery",
    "off": 35169,
    "sff": "infusion"
  },
  {
    "docID": "N032 Wang 2011  21697383",
    "et": "InfusionDelivery",
    "off": 7468,
    "sff": "infusion"
  },
  {
    "docID": "N032 Wang 2011  21697383",
    "et": "InfusionDelivery",
    "off": 13305,
    "sff": "infusion"
  },
  {
    "docID": "N032 Wang 2011  21697383",
    "et": "InfusionDelivery",
    "off": 13351,
    "sff": "infusion"
  },
  {
    "docID": "N032 Wang 2011  21697383",
    "et": "Cervical",
    "off": 18177,
    "sff": "cervical"
  },
  {
    "docID": "N032 Wang 2011  21697383",
    "et": "Cervical",
    "off": 69282,
    "sff": "cervical"
  },
  {
    "docID": "N032 Wang 2011  21697383",
    "et": "Cervical",
    "off": 19202,
    "sff": "cervical"
  },
  {
    "docID": "N032 Wang 2011  21697383",
    "et": "Cervical",
    "off": 19522,
    "sff": "cervical"
  },
  {
    "docID": "N032 Wang 2011  21697383",
    "et": "Cervical",
    "off": 77062,
    "sff": "cervical"
  },
  {
    "docID": "N032 Wang 2011  21697383",
    "et": "Cervical",
    "off": 18695,
    "sff": "cervical"
  },
  {
    "docID": "N032 Wang 2011  21697383",
    "et": "Cervical",
    "off": 70949,
    "sff": "cervical"
  },
  {
    "docID": "N032 Wang 2011  21697383",
    "et": "Cervical",
    "off": 13897,
    "sff": "cervical"
  },
  {
    "docID": "N032 Wang 2011  21697383",
    "et": "Cervical",
    "off": 19976,
    "sff": "cervical"
  },
  {
    "docID": "N032 Wang 2011  21697383",
    "et": "Cervical",
    "off": 52685,
    "sff": "cervical"
  },
  {
    "docID": "N032 Wang 2011  21697383",
    "et": "Cervical",
    "off": 18862,
    "sff": "cervical"
  },
  {
    "docID": "N032 Wang 2011  21697383",
    "et": "Cervical",
    "off": 19022,
    "sff": "cervical"
  },
  {
    "docID": "N032 Wang 2011  21697383",
    "et": "Cervical",
    "off": 27571,
    "sff": "cervical"
  },
  {
    "docID": "N032 Wang 2011  21697383",
    "et": "Cervical",
    "off": 51122,
    "sff": "cervical"
  },
  {
    "docID": "N032 Wang 2011  21697383",
    "et": "Cervical",
    "off": 28052,
    "sff": "cervical"
  },
  {
    "docID": "N032 Wang 2011  21697383",
    "et": "Cervical",
    "off": 18391,
    "sff": "cervical"
  },
  {
    "docID": "N032 Wang 2011  21697383",
    "et": "Cervical",
    "off": 51511,
    "sff": "cervical"
  },
  {
    "docID": "N032 Wang 2011  21697383",
    "et": "Cervical",
    "off": 20216,
    "sff": "cervical"
  },
  {
    "docID": "N032 Wang 2011  21697383",
    "et": "Cervical",
    "off": 7418,
    "sff": "cervical"
  },
  {
    "docID": "N032 Wang 2011  21697383",
    "et": "Cervical",
    "off": 20474,
    "sff": "cervical"
  },
  {
    "docID": "N032 Wang 2011  21697383",
    "et": "Cervical",
    "off": 17982,
    "sff": "cervical"
  },
  {
    "docID": "N032 Wang 2011  21697383",
    "et": "CentralNervousSystem",
    "off": 32258,
    "sff": "central"
  },
  {
    "docID": "N032 Wang 2011  21697383",
    "et": "CentralNervousSystem",
    "off": 33734,
    "sff": "central"
  },
  {
    "docID": "N032 Wang 2011  21697383",
    "et": "CentralNervousSystem",
    "off": 64069,
    "sff": "nervous"
  },
  {
    "docID": "N032 Wang 2011  21697383",
    "et": "CentralNervousSystem",
    "off": 76064,
    "sff": "central nervous system"
  },
  {
    "docID": "N032 Wang 2011  21697383",
    "et": "CentralNervousSystem",
    "off": 64069,
    "sff": "nervous system"
  },
  {
    "docID": "N032 Wang 2011  21697383",
    "et": "CentralNervousSystem",
    "off": 76064,
    "sff": "central nervous"
  },
  {
    "docID": "N032 Wang 2011  21697383",
    "et": "CentralNervousSystem",
    "off": 34061,
    "sff": "central"
  },
  {
    "docID": "N032 Wang 2011  21697383",
    "et": "SpinalGrayMatter",
    "off": 15293,
    "sff": "gray matter"
  },
  {
    "docID": "N032 Wang 2011  21697383",
    "et": "SpinalGrayMatter",
    "off": 27936,
    "sff": "gray"
  },
  {
    "docID": "N032 Wang 2011  21697383",
    "et": "SpinalGrayMatter",
    "off": 30298,
    "sff": "gray matter"
  },
  {
    "docID": "N032 Wang 2011  21697383",
    "et": "SpinalGrayMatter",
    "off": 32364,
    "sff": "gray matter"
  },
  {
    "docID": "N032 Wang 2011  21697383",
    "et": "SpinalGrayMatter",
    "off": 28346,
    "sff": "gray"
  },
  {
    "docID": "N032 Wang 2011  21697383",
    "et": "SpinalGrayMatter",
    "off": 46234,
    "sff": "gray"
  },
  {
    "docID": "N032 Wang 2011  21697383",
    "et": "SpinalGrayMatter",
    "off": 28591,
    "sff": "gray matter"
  },
  {
    "docID": "N032 Wang 2011  21697383",
    "et": "SpinalGrayMatter",
    "off": 27824,
    "sff": "gray matter"
  },
  {
    "docID": "N032 Wang 2011  21697383",
    "et": "SpinalGrayMatter",
    "off": 15748,
    "sff": "gray matter"
  },
  {
    "docID": "N032 Wang 2011  21697383",
    "et": "SpinalGrayMatter",
    "off": 28241,
    "sff": "gray matter"
  },
  {
    "docID": "N032 Wang 2011  21697383",
    "et": "SpinalGrayMatter",
    "off": 14979,
    "sff": "gray matter"
  },
  {
    "docID": "N032 Wang 2011  21697383",
    "et": "SpinalGrayMatter",
    "off": 20646,
    "sff": "gray matter"
  },
  {
    "docID": "N032 Wang 2011  21697383",
    "et": "SpinalGrayMatter",
    "off": 20144,
    "sff": "gray"
  },
  {
    "docID": "N032 Wang 2011  21697383",
    "et": "SpinalGrayMatter",
    "off": 48200,
    "sff": "gray matter"
  },
  {
    "docID": "N032 Wang 2011  21697383",
    "et": "SubstanceApplicationLocation",
    "off": 65262,
    "sff": "application"
  },
  {
    "docID": "N032 Wang 2011  21697383",
    "et": "C1",
    "off": 11583,
    "sff": "C1"
  },
  {
    "docID": "N032 Wang 2011  21697383",
    "et": "C1",
    "off": 12011,
    "sff": "C1"
  },
  {
    "docID": "N032 Wang 2011  21697383",
    "et": "C1",
    "off": 14923,
    "sff": "C1"
  },
  {
    "docID": "N032 Wang 2011  21697383",
    "et": "C1",
    "off": 16103,
    "sff": "C1"
  },
  {
    "docID": "N032 Wang 2011  21697383",
    "et": "C2",
    "off": 13381,
    "sff": "C2"
  },
  {
    "docID": "N032 Wang 2011  21697383",
    "et": "C2",
    "off": 14113,
    "sff": "C2"
  },
  {
    "docID": "N032 Wang 2011  21697383",
    "et": "C3",
    "off": 11848,
    "sff": "C3"
  },
  {
    "docID": "N032 Wang 2011  21697383",
    "et": "C3",
    "off": 14824,
    "sff": "C3"
  },
  {
    "docID": "N032 Wang 2011  21697383",
    "et": "C3",
    "off": 15592,
    "sff": "C3"
  },
  {
    "docID": "N032 Wang 2011  21697383",
    "et": "C3",
    "off": 6199,
    "sff": "C3"
  },
  {
    "docID": "N032 Wang 2011  21697383",
    "et": "C3",
    "off": 11587,
    "sff": "C3"
  },
  {
    "docID": "N032 Wang 2011  21697383",
    "et": "C4",
    "off": 6048,
    "sff": "C4"
  },
  {
    "docID": "N032 Wang 2011  21697383",
    "et": "C4",
    "off": 32192,
    "sff": "C4"
  },
  {
    "docID": "N032 Wang 2011  21697383",
    "et": "C4",
    "off": 21202,
    "sff": "C4"
  },
  {
    "docID": "N032 Wang 2011  21697383",
    "et": "C4",
    "off": 41938,
    "sff": "C4"
  },
  {
    "docID": "N032 Wang 2011  21697383",
    "et": "C4",
    "off": 33107,
    "sff": "C4"
  },
  {
    "docID": "N032 Wang 2011  21697383",
    "et": "C4",
    "off": 872,
    "sff": "C4"
  },
  {
    "docID": "N032 Wang 2011  21697383",
    "et": "C4",
    "off": 5566,
    "sff": "C4"
  },
  {
    "docID": "N032 Wang 2011  21697383",
    "et": "C5",
    "off": 11590,
    "sff": "C5"
  },
  {
    "docID": "N032 Wang 2011  21697383",
    "et": "C5",
    "off": 11851,
    "sff": "C5"
  },
  {
    "docID": "N032 Wang 2011  21697383",
    "et": "C5",
    "off": 14827,
    "sff": "C5"
  },
  {
    "docID": "N032 Wang 2011  21697383",
    "et": "C5",
    "off": 6206,
    "sff": "C5"
  },
  {
    "docID": "N032 Wang 2011  21697383",
    "et": "C5",
    "off": 15599,
    "sff": "C5"
  },
  {
    "docID": "N032 Wang 2011  21697383",
    "et": "C6",
    "off": 14119,
    "sff": "C6"
  },
  {
    "docID": "N032 Wang 2011  21697383",
    "et": "C6",
    "off": 13387,
    "sff": "C6"
  },
  {
    "docID": "N032 Wang 2011  21697383",
    "et": "CorticospinalTract",
    "off": 10931,
    "sff": "Corticospinal"
  },
  {
    "docID": "N032 Wang 2011  21697383",
    "et": "CorticospinalTract",
    "off": 11963,
    "sff": "corticospinal tract"
  },
  {
    "docID": "N032 Wang 2011  21697383",
    "et": "CorticospinalTract",
    "off": 64728,
    "sff": "corticospinal tract"
  },
  {
    "docID": "N032 Wang 2011  21697383",
    "et": "CorticospinalTract",
    "off": 68639,
    "sff": "corticospinal tract"
  },
  {
    "docID": "N032 Wang 2011  21697383",
    "et": "CorticospinalTract",
    "off": 15514,
    "sff": "Corticospinal"
  },
  {
    "docID": "N032 Wang 2011  21697383",
    "et": "CorticospinalTract",
    "off": 14718,
    "sff": "corticospinal"
  },
  {
    "docID": "N032 Wang 2011  21697383",
    "et": "CorticospinalTract",
    "off": 14939,
    "sff": "Corticospinal"
  },
  {
    "docID": "N032 Wang 2011  21697383",
    "et": "CorticospinalTract",
    "off": 5001,
    "sff": "corticospinal"
  },
  {
    "docID": "N032 Wang 2011  21697383",
    "et": "CorticospinalTract",
    "off": 18499,
    "sff": "corticospinal tract"
  },
  {
    "docID": "N032 Wang 2011  21697383",
    "et": "CorticospinalTract",
    "off": 48171,
    "sff": "corticospinal"
  },
  {
    "docID": "N032 Wang 2011  21697383",
    "et": "CorticospinalTract",
    "off": 15919,
    "sff": "Corticospinal"
  },
  {
    "docID": "N032 Wang 2011  21697383",
    "et": "CorticospinalTract",
    "off": 45778,
    "sff": "Corticospinal"
  },
  {
    "docID": "N032 Wang 2011  21697383",
    "et": "CorticospinalTract",
    "off": 67428,
    "sff": "corticospinal"
  },
  {
    "docID": "N032 Wang 2011  21697383",
    "et": "CorticospinalTract",
    "off": 5875,
    "sff": "corticospinal"
  },
  {
    "docID": "N032 Wang 2011  21697383",
    "et": "CorticospinalTract",
    "off": 18287,
    "sff": "corticospinal tract"
  },
  {
    "docID": "N032 Wang 2011  21697383",
    "et": "CorticospinalTract",
    "off": 66414,
    "sff": "corticospinal"
  },
  {
    "docID": "N032 Wang 2011  21697383",
    "et": "CorticospinalTract",
    "off": 15691,
    "sff": "Corticospinal"
  },
  {
    "docID": "N032 Wang 2011  21697383",
    "et": "CorticospinalTract",
    "off": 1552,
    "sff": "corticospinal tract"
  },
  {
    "docID": "N032 Wang 2011  21697383",
    "et": "CorticospinalTract",
    "off": 68817,
    "sff": "corticospinal tract"
  },
  {
    "docID": "N032 Wang 2011  21697383",
    "et": "CorticospinalTract",
    "off": 29754,
    "sff": "corticospinal"
  },
  {
    "docID": "N032 Wang 2011  21697383",
    "et": "CorticospinalTract",
    "off": 14752,
    "sff": "Corticospinal"
  },
  {
    "docID": "N032 Wang 2011  21697383",
    "et": "CorticospinalTract",
    "off": 73777,
    "sff": "corticospinal tract"
  },
  {
    "docID": "N032 Wang 2011  21697383",
    "et": "CorticospinalTract",
    "off": 18100,
    "sff": "corticospinal tract"
  },
  {
    "docID": "N032 Wang 2011  21697383",
    "et": "SpinalCentralPart",
    "off": 32258,
    "sff": "central"
  },
  {
    "docID": "N032 Wang 2011  21697383",
    "et": "SpinalCentralPart",
    "off": 34061,
    "sff": "central"
  },
  {
    "docID": "N032 Wang 2011  21697383",
    "et": "SpinalCentralPart",
    "off": 76064,
    "sff": "central"
  },
  {
    "docID": "N032 Wang 2011  21697383",
    "et": "SpinalCentralPart",
    "off": 33734,
    "sff": "central"
  },
  {
    "docID": "N032 Wang 2011  21697383",
    "et": "InjectionDelivery",
    "off": 6991,
    "sff": "injection"
  },
  {
    "docID": "N032 Wang 2011  21697383",
    "et": "InjectionDelivery",
    "off": 11437,
    "sff": "injection"
  },
  {
    "docID": "N032 Wang 2011  21697383",
    "et": "InjectionDelivery",
    "off": 30339,
    "sff": "injection"
  },
  {
    "docID": "N032 Wang 2011  21697383",
    "et": "InjectionDelivery",
    "off": 6931,
    "sff": "injection"
  },
  {
    "docID": "N032 Wang 2011  21697383",
    "et": "InjectionDelivery",
    "off": 50558,
    "sff": "injection"
  },
  {
    "docID": "N032 Wang 2011  21697383",
    "et": "InjectionDelivery",
    "off": 6272,
    "sff": "injection"
  },
  {
    "docID": "N032 Wang 2011  21697383",
    "et": "InjectionDelivery",
    "off": 35560,
    "sff": "injection"
  },
  {
    "docID": "N032 Wang 2011  21697383",
    "et": "InjectionDelivery",
    "off": 30025,
    "sff": "injection"
  },
  {
    "docID": "N032 Wang 2011  21697383",
    "et": "InjectionDelivery",
    "off": 67337,
    "sff": "injection"
  },
  {
    "docID": "N032 Wang 2011  21697383",
    "et": "InjectionDelivery",
    "off": 20362,
    "sff": "injection"
  },
  {
    "docID": "N032 Wang 2011  21697383",
    "et": "InjectionDelivery",
    "off": 28644,
    "sff": "injection"
  },
  {
    "docID": "N032 Wang 2011  21697383",
    "et": "SpinalLesionSite",
    "off": 6329,
    "sff": "lesion site"
  },
  {
    "docID": "N032 Wang 2011  21697383",
    "et": "SpinalLesionSite",
    "off": 49838,
    "sff": "lesion"
  },
  {
    "docID": "N032 Wang 2011  21697383",
    "et": "SpinalLesionSite",
    "off": 13866,
    "sff": "lesion"
  },
  {
    "docID": "N032 Wang 2011  21697383",
    "et": "SpinalLesionSite",
    "off": 16299,
    "sff": "lesion"
  },
  {
    "docID": "N032 Wang 2011  21697383",
    "et": "SpinalLesionSite",
    "off": 16683,
    "sff": "lesion"
  },
  {
    "docID": "N032 Wang 2011  21697383",
    "et": "SpinalLesionSite",
    "off": 53802,
    "sff": "lesion"
  },
  {
    "docID": "N032 Wang 2011  21697383",
    "et": "SpinalLesionSite",
    "off": 34981,
    "sff": "lesion"
  },
  {
    "docID": "N032 Wang 2011  21697383",
    "et": "SpinalLesionSite",
    "off": 14702,
    "sff": "Lesion"
  },
  {
    "docID": "N032 Wang 2011  21697383",
    "et": "SpinalLesionSite",
    "off": 19109,
    "sff": "lesion"
  },
  {
    "docID": "N032 Wang 2011  21697383",
    "et": "SpinalLesionSite",
    "off": 27808,
    "sff": "lesion"
  },
  {
    "docID": "N032 Wang 2011  21697383",
    "et": "SpinalLesionSite",
    "off": 29216,
    "sff": "lesion"
  },
  {
    "docID": "N032 Wang 2011  21697383",
    "et": "SpinalLesionSite",
    "off": 73763,
    "sff": "lesion"
  },
  {
    "docID": "N032 Wang 2011  21697383",
    "et": "SpinalLesionSite",
    "off": 58018,
    "sff": "lesion"
  },
  {
    "docID": "N032 Wang 2011  21697383",
    "et": "SpinalLesionSite",
    "off": 6172,
    "sff": "lesion"
  },
  {
    "docID": "N032 Wang 2011  21697383",
    "et": "SpinalLesionSite",
    "off": 17949,
    "sff": "lesion"
  },
  {
    "docID": "N032 Wang 2011  21697383",
    "et": "SpinalLesionSite",
    "off": 29982,
    "sff": "lesion"
  },
  {
    "docID": "N032 Wang 2011  21697383",
    "et": "SpinalLesionSite",
    "off": 16031,
    "sff": "lesion"
  },
  {
    "docID": "N032 Wang 2011  21697383",
    "et": "SpinalLesionSite",
    "off": 12075,
    "sff": "lesion site"
  },
  {
    "docID": "N032 Wang 2011  21697383",
    "et": "SpinalLesionSite",
    "off": 49563,
    "sff": "lesion"
  },
  {
    "docID": "N032 Wang 2011  21697383",
    "et": "SpinalLesionSite",
    "off": 29595,
    "sff": "lesion"
  },
  {
    "docID": "N032 Wang 2011  21697383",
    "et": "SpinalLesionSite",
    "off": 28498,
    "sff": "lesion"
  },
  {
    "docID": "N032 Wang 2011  21697383",
    "et": "SpinalLesionSite",
    "off": 35795,
    "sff": "lesion"
  },
  {
    "docID": "N032 Wang 2011  21697383",
    "et": "SpinalLesionSite",
    "off": 30886,
    "sff": "lesion site"
  },
  {
    "docID": "N032 Wang 2011  21697383",
    "et": "SpinalLesionSite",
    "off": 47180,
    "sff": "lesion"
  },
  {
    "docID": "N032 Wang 2011  21697383",
    "et": "SpinalLesionSite",
    "off": 15182,
    "sff": "lesion"
  },
  {
    "docID": "N032 Wang 2011  21697383",
    "et": "SpinalLesionSite",
    "off": 34638,
    "sff": "lesion"
  },
  {
    "docID": "N032 Wang 2011  21697383",
    "et": "SpinalLesionSite",
    "off": 46286,
    "sff": "lesion"
  },
  {
    "docID": "N032 Wang 2011  21697383",
    "et": "SpinalLesionSite",
    "off": 47305,
    "sff": "lesion"
  },
  {
    "docID": "N032 Wang 2011  21697383",
    "et": "SpinalLesionSite",
    "off": 28875,
    "sff": "lesion"
  },
  {
    "docID": "N032 Wang 2011  21697383",
    "et": "SpinalLesionSite",
    "off": 31260,
    "sff": "lesion site"
  },
  {
    "docID": "N032 Wang 2011  21697383",
    "et": "SpinalLesionSite",
    "off": 32964,
    "sff": "lesion"
  },
  {
    "docID": "N032 Wang 2011  21697383",
    "et": "SpinalLesionSite",
    "off": 33310,
    "sff": "lesion site"
  },
  {
    "docID": "N032 Wang 2011  21697383",
    "et": "SpinalLesionSite",
    "off": 33694,
    "sff": "lesion site"
  },
  {
    "docID": "N032 Wang 2011  21697383",
    "et": "SpinalLesionSite",
    "off": 18335,
    "sff": "lesion site"
  },
  {
    "docID": "N032 Wang 2011  21697383",
    "et": "SpinalLesionSite",
    "off": 34375,
    "sff": "lesion"
  },
  {
    "docID": "N032 Wang 2011  21697383",
    "et": "SpinalLesionSite",
    "off": 47431,
    "sff": "lesion"
  },
  {
    "docID": "N032 Wang 2011  21697383",
    "et": "SpinalLesionSite",
    "off": 58694,
    "sff": "lesion"
  },
  {
    "docID": "N032 Wang 2011  21697383",
    "et": "SpinalLesionSite",
    "off": 16704,
    "sff": "lesion"
  },
  {
    "docID": "N032 Wang 2011  21697383",
    "et": "SpinalLesionSite",
    "off": 28225,
    "sff": "lesion"
  },
  {
    "docID": "N032 Wang 2011  21697383",
    "et": "SpinalLesionSite",
    "off": 44224,
    "sff": "lesion"
  },
  {
    "docID": "N032 Wang 2011  21697383",
    "et": "SpinalLesionSite",
    "off": 34882,
    "sff": "lesion"
  },
  {
    "docID": "N032 Wang 2011  21697383",
    "et": "SpinalLesionSite",
    "off": 28990,
    "sff": "lesion"
  },
  {
    "docID": "N032 Wang 2011  21697383",
    "et": "SpinalLesionSite",
    "off": 29463,
    "sff": "lesion site"
  },
  {
    "docID": "N032 Wang 2011  21697383",
    "et": "SpinalLesionSite",
    "off": 33854,
    "sff": "lesion"
  },
  {
    "docID": "N032 Wang 2011  21697383",
    "et": "SpinalLesionSite",
    "off": 29496,
    "sff": "lesion"
  },
  {
    "docID": "N032 Wang 2011  21697383",
    "et": "SpinalLesionSite",
    "off": 17077,
    "sff": "lesion"
  },
  {
    "docID": "N032 Wang 2011  21697383",
    "et": "SpinalLesionSite",
    "off": 33521,
    "sff": "lesion"
  },
  {
    "docID": "N032 Wang 2011  21697383",
    "et": "SpinalLesionSite",
    "off": 56432,
    "sff": "lesion"
  },
  {
    "docID": "N032 Wang 2011  21697383",
    "et": "SpinalLesionSite",
    "off": 71152,
    "sff": "lesion"
  },
  {
    "docID": "N032 Wang 2011  21697383",
    "et": "SpinalLesionSite",
    "off": 18034,
    "sff": "lesion"
  },
  {
    "docID": "N032 Wang 2011  21697383",
    "et": "SpinalLesionSite",
    "off": 46982,
    "sff": "lesion site"
  },
  {
    "docID": "N032 Wang 2011  21697383",
    "et": "SpinalLesionSite",
    "off": 58606,
    "sff": "lesion"
  },
  {
    "docID": "N032 Wang 2011  21697383",
    "et": "SpinalLesionSite",
    "off": 30717,
    "sff": "lesion site"
  },
  {
    "docID": "N032 Wang 2011  21697383",
    "et": "SpinalLesionSite",
    "off": 51045,
    "sff": "lesion"
  },
  {
    "docID": "N032 Wang 2011  21697383",
    "et": "SpinalLesionSite",
    "off": 18533,
    "sff": "lesion"
  },
  {
    "docID": "N032 Wang 2011  21697383",
    "et": "SpinalLesionSite",
    "off": 31588,
    "sff": "lesion"
  },
  {
    "docID": "N032 Wang 2011  21697383",
    "et": "SpinalLesionSite",
    "off": 17376,
    "sff": "lesion"
  },
  {
    "docID": "N032 Wang 2011  21697383",
    "et": "SpinalLesionSite",
    "off": 18658,
    "sff": "lesion"
  },
  {
    "docID": "N032 Wang 2011  21697383",
    "et": "SpinalLesionSite",
    "off": 31475,
    "sff": "lesion site"
  },
  {
    "docID": "N032 Wang 2011  21697383",
    "et": "SpinalLesionSite",
    "off": 16734,
    "sff": "lesion"
  },
  {
    "docID": "N032 Wang 2011  21697383",
    "et": "SpinalLesionSite",
    "off": 51166,
    "sff": "lesion"
  },
  {
    "docID": "N032 Wang 2011  21697383",
    "et": "SpinalLesionSite",
    "off": 29528,
    "sff": "lesion"
  },
  {
    "docID": "N032 Wang 2011  21697383",
    "et": "SpinalLesionSite",
    "off": 29658,
    "sff": "lesion"
  },
  {
    "docID": "N032 Wang 2011  21697383",
    "et": "SpinalLesionSite",
    "off": 18260,
    "sff": "lesion"
  },
  {
    "docID": "N032 Wang 2011  21697383",
    "et": "SpinalLesionSite",
    "off": 33367,
    "sff": "lesion"
  },
  {
    "docID": "N032 Wang 2011  21697383",
    "et": "SpinalLesionSite",
    "off": 29680,
    "sff": "lesion site"
  },
  {
    "docID": "N032 Wang 2011  21697383",
    "et": "SpinalLesionSite",
    "off": 49249,
    "sff": "lesion site"
  },
  {
    "docID": "N032 Wang 2011  21697383",
    "et": "SpinalLesionSite",
    "off": 47844,
    "sff": "lesion site"
  },
  {
    "docID": "N032 Wang 2011  21697383",
    "et": "SpinalLesionSite",
    "off": 58764,
    "sff": "lesion"
  },
  {
    "docID": "N032 Wang 2011  21697383",
    "et": "SpinalLesionSite",
    "off": 32616,
    "sff": "lesion site"
  },
  {
    "docID": "N032 Wang 2011  21697383",
    "et": "SpinalLesionSite",
    "off": 33550,
    "sff": "lesion"
  },
  {
    "docID": "N032 Wang 2011  21697383",
    "et": "SpinalLesionSite",
    "off": 16520,
    "sff": "lesion"
  },
  {
    "docID": "N032 Wang 2011  21697383",
    "et": "SpinalLesionSite",
    "off": 47755,
    "sff": "lesion"
  },
  {
    "docID": "N032 Wang 2011  21697383",
    "et": "SpinalLesionSite",
    "off": 29148,
    "sff": "lesion site"
  },
  {
    "docID": "N032 Wang 2011  21697383",
    "et": "SpinalLesionSite",
    "off": 49802,
    "sff": "lesion"
  },
  {
    "docID": "N032 Wang 2011  21697383",
    "et": "SpinalLesionSite",
    "off": 33158,
    "sff": "lesion"
  },
  {
    "docID": "N032 Wang 2011  21697383",
    "et": "SpinalLesionSite",
    "off": 47494,
    "sff": "lesion"
  },
  {
    "docID": "N032 Wang 2011  21697383",
    "et": "SpinalLesionSite",
    "off": 30545,
    "sff": "lesion site"
  },
  {
    "docID": "N032 Wang 2011  21697383",
    "et": "SpinalLesionSite",
    "off": 49411,
    "sff": "lesion"
  },
  {
    "docID": "N032 Wang 2011  21697383",
    "et": "SpinalLesionSite",
    "off": 29182,
    "sff": "lesion"
  },
  {
    "docID": "N032 Wang 2011  21697383",
    "et": "SpinalLesionSite",
    "off": 47615,
    "sff": "lesion"
  },
  {
    "docID": "N032 Wang 2011  21697383",
    "et": "SpinalLesionSite",
    "off": 46025,
    "sff": "lesion site"
  },
  {
    "docID": "N032 Wang 2011  21697383",
    "et": "SpinalLesionSite",
    "off": 31051,
    "sff": "lesion site"
  },
  {
    "docID": "N032 Wang 2011  21697383",
    "et": "SpinalLesionSite",
    "off": 47099,
    "sff": "lesion"
  },
  {
    "docID": "N032 Wang 2011  21697383",
    "et": "SpinalLesionSite",
    "off": 49787,
    "sff": "lesion"
  },
  {
    "docID": "N032 Wang 2011  21697383",
    "et": "SpinalLesionSite",
    "off": 43258,
    "sff": "lesion"
  },
  {
    "docID": "N032 Wang 2011  21697383",
    "et": "SpinalLesionSite",
    "off": 30325,
    "sff": "lesion"
  },
  {
    "docID": "N032 Wang 2011  21697383",
    "et": "SpinalLesionSite",
    "off": 32118,
    "sff": "lesion"
  },
  {
    "docID": "N032 Wang 2011  21697383",
    "et": "T1",
    "off": 32536,
    "sff": "T1"
  },
  {
    "docID": "N032 Wang 2011  21697383",
    "et": "T2",
    "off": 12018,
    "sff": "T2"
  },
  {
    "docID": "N032 Wang 2011  21697383",
    "et": "T2",
    "off": 11594,
    "sff": "T2"
  }
]
