[
  {
    "docID": "N033 Wang 2014 23810979",
    "et": "AnatomicalLocation",
    "off": 47087,
    "sff": "anatomical"
  },
  {
    "docID": "N033 Wang 2014 23810979",
    "et": "AnatomicalLocation",
    "off": 1848,
    "sff": "anatomical"
  },
  {
    "docID": "N033 Wang 2014 23810979",
    "et": "AnatomicalLocation",
    "off": 33787,
    "sff": "anatomical"
  },
  {
    "docID": "N033 Wang 2014 23810979",
    "et": "AnatomicalLocation",
    "off": 41989,
    "sff": "anatomical"
  },
  {
    "docID": "N033 Wang 2014 23810979",
    "et": "AnatomicalLocation",
    "off": 50402,
    "sff": "Anatomical"
  },
  {
    "docID": "N033 Wang 2014 23810979",
    "et": "AnatomicalLocation",
    "off": 37715,
    "sff": "anatomical"
  },
  {
    "docID": "N033 Wang 2014 23810979",
    "et": "SubcutaneousLocation",
    "off": 11454,
    "sff": "subcutaneous"
  },
  {
    "docID": "N033 Wang 2014 23810979",
    "et": "Thoracic",
    "off": 8855,
    "sff": "thoracic"
  },
  {
    "docID": "N033 Wang 2014 23810979",
    "et": "VertebralLocation",
    "off": 9987,
    "sff": "vertebral"
  },
  {
    "docID": "N033 Wang 2014 23810979",
    "et": "VertebralLocation",
    "off": 51925,
    "sff": "vertebral"
  },
  {
    "docID": "N033 Wang 2014 23810979",
    "et": "SpinalSubduralArea",
    "off": 44267,
    "sff": "spinal"
  },
  {
    "docID": "N033 Wang 2014 23810979",
    "et": "SpinalSubduralArea",
    "off": 27498,
    "sff": "spinal"
  },
  {
    "docID": "N033 Wang 2014 23810979",
    "et": "SpinalSubduralArea",
    "off": 8869,
    "sff": "spinal"
  },
  {
    "docID": "N033 Wang 2014 23810979",
    "et": "SpinalSubduralArea",
    "off": 19057,
    "sff": "spinal"
  },
  {
    "docID": "N033 Wang 2014 23810979",
    "et": "SpinalSubduralArea",
    "off": 25712,
    "sff": "spinal"
  },
  {
    "docID": "N033 Wang 2014 23810979",
    "et": "SpinalSubduralArea",
    "off": 48688,
    "sff": "spinal"
  },
  {
    "docID": "N033 Wang 2014 23810979",
    "et": "SpinalSubduralArea",
    "off": 37235,
    "sff": "spinal"
  },
  {
    "docID": "N033 Wang 2014 23810979",
    "et": "SpinalSubduralArea",
    "off": 51886,
    "sff": "Spinal"
  },
  {
    "docID": "N033 Wang 2014 23810979",
    "et": "SpinalSubduralArea",
    "off": 14319,
    "sff": "spinal"
  },
  {
    "docID": "N033 Wang 2014 23810979",
    "et": "SpinalSubduralArea",
    "off": 49519,
    "sff": "spinal"
  },
  {
    "docID": "N033 Wang 2014 23810979",
    "et": "SpinalSubduralArea",
    "off": 45081,
    "sff": "spinal"
  },
  {
    "docID": "N033 Wang 2014 23810979",
    "et": "SpinalSubduralArea",
    "off": 10139,
    "sff": "spinal"
  },
  {
    "docID": "N033 Wang 2014 23810979",
    "et": "SpinalSubduralArea",
    "off": 366,
    "sff": "Spinal"
  },
  {
    "docID": "N033 Wang 2014 23810979",
    "et": "SpinalSubduralArea",
    "off": 49111,
    "sff": "spinal"
  },
  {
    "docID": "N033 Wang 2014 23810979",
    "et": "SpinalSubduralArea",
    "off": 51233,
    "sff": "spinal"
  },
  {
    "docID": "N033 Wang 2014 23810979",
    "et": "SpinalSubduralArea",
    "off": 28128,
    "sff": "spinal"
  },
  {
    "docID": "N033 Wang 2014 23810979",
    "et": "SpinalSubduralArea",
    "off": 50723,
    "sff": "spinal"
  },
  {
    "docID": "N033 Wang 2014 23810979",
    "et": "SpinalSubduralArea",
    "off": 46370,
    "sff": "spinal"
  },
  {
    "docID": "N033 Wang 2014 23810979",
    "et": "SpinalSubduralArea",
    "off": 23964,
    "sff": "spinal"
  },
  {
    "docID": "N033 Wang 2014 23810979",
    "et": "SpinalSubduralArea",
    "off": 45276,
    "sff": "spinal"
  },
  {
    "docID": "N033 Wang 2014 23810979",
    "et": "SpinalSubduralArea",
    "off": 5151,
    "sff": "spinal"
  },
  {
    "docID": "N033 Wang 2014 23810979",
    "et": "SpinalSubduralArea",
    "off": 44617,
    "sff": "spinal"
  },
  {
    "docID": "N033 Wang 2014 23810979",
    "et": "SpinalSubduralArea",
    "off": 44809,
    "sff": "spinal"
  },
  {
    "docID": "N033 Wang 2014 23810979",
    "et": "SpinalSubduralArea",
    "off": 36938,
    "sff": "spinal"
  },
  {
    "docID": "N033 Wang 2014 23810979",
    "et": "SpinalSubduralArea",
    "off": 50250,
    "sff": "spinal"
  },
  {
    "docID": "N033 Wang 2014 23810979",
    "et": "SpinalSubduralArea",
    "off": 47496,
    "sff": "Spinal"
  },
  {
    "docID": "N033 Wang 2014 23810979",
    "et": "SpinalSubduralArea",
    "off": 42573,
    "sff": "Spinal"
  },
  {
    "docID": "N033 Wang 2014 23810979",
    "et": "SpinalSubduralArea",
    "off": 247,
    "sff": "Spinal"
  },
  {
    "docID": "N033 Wang 2014 23810979",
    "et": "SpinalSubduralArea",
    "off": 9935,
    "sff": "spinal"
  },
  {
    "docID": "N033 Wang 2014 23810979",
    "et": "SpinalSubduralArea",
    "off": 36495,
    "sff": "spinal"
  },
  {
    "docID": "N033 Wang 2014 23810979",
    "et": "SpinalSubduralArea",
    "off": 47054,
    "sff": "spinal"
  },
  {
    "docID": "N033 Wang 2014 23810979",
    "et": "SpinalSubduralArea",
    "off": 1272,
    "sff": "spinal"
  },
  {
    "docID": "N033 Wang 2014 23810979",
    "et": "SpinalSubduralArea",
    "off": 45620,
    "sff": "spinal"
  },
  {
    "docID": "N033 Wang 2014 23810979",
    "et": "SpinalSubduralArea",
    "off": 50484,
    "sff": "spinal"
  },
  {
    "docID": "N033 Wang 2014 23810979",
    "et": "SpinalSubduralArea",
    "off": 44150,
    "sff": "spinal"
  },
  {
    "docID": "N033 Wang 2014 23810979",
    "et": "SpinalSubduralArea",
    "off": 48189,
    "sff": "spinal"
  },
  {
    "docID": "N033 Wang 2014 23810979",
    "et": "SpinalSubduralArea",
    "off": 48316,
    "sff": "spinal"
  },
  {
    "docID": "N033 Wang 2014 23810979",
    "et": "SpinalSubduralArea",
    "off": 3391,
    "sff": "spinal"
  },
  {
    "docID": "N033 Wang 2014 23810979",
    "et": "SpinalSubduralArea",
    "off": 42818,
    "sff": "Spinal"
  },
  {
    "docID": "N033 Wang 2014 23810979",
    "et": "Brain",
    "off": 46203,
    "sff": "Brain"
  },
  {
    "docID": "N033 Wang 2014 23810979",
    "et": "Brain",
    "off": 42589,
    "sff": "Brain"
  },
  {
    "docID": "N033 Wang 2014 23810979",
    "et": "Brain",
    "off": 382,
    "sff": "Brain"
  },
  {
    "docID": "N033 Wang 2014 23810979",
    "et": "Brain",
    "off": 606,
    "sff": "Brain"
  },
  {
    "docID": "N033 Wang 2014 23810979",
    "et": "Brain",
    "off": 42834,
    "sff": "Brain"
  },
  {
    "docID": "N033 Wang 2014 23810979",
    "et": "Brain",
    "off": 46213,
    "sff": "Brain"
  },
  {
    "docID": "N033 Wang 2014 23810979",
    "et": "Brain",
    "off": 44280,
    "sff": "Brain"
  },
  {
    "docID": "N033 Wang 2014 23810979",
    "et": "Brain",
    "off": 44842,
    "sff": "Brain"
  },
  {
    "docID": "N033 Wang 2014 23810979",
    "et": "AscendingFiberTract",
    "off": 44980,
    "sff": "fiber"
  },
  {
    "docID": "N033 Wang 2014 23810979",
    "et": "Intraspinal",
    "off": 11336,
    "sff": "intraspinal"
  },
  {
    "docID": "N033 Wang 2014 23810979",
    "et": "Intraspinal",
    "off": 26263,
    "sff": "intraspinal"
  },
  {
    "docID": "N033 Wang 2014 23810979",
    "et": "IntraperitonealLocation",
    "off": 11214,
    "sff": "intraperitoneal"
  },
  {
    "docID": "N033 Wang 2014 23810979",
    "et": "IntraperitonealLocation",
    "off": 26024,
    "sff": "intraperitoneal"
  },
  {
    "docID": "N033 Wang 2014 23810979",
    "et": "IntraperitonealLocation",
    "off": 38402,
    "sff": "intraperitoneal"
  },
  {
    "docID": "N033 Wang 2014 23810979",
    "et": "SpinalWhiteMatter",
    "off": 50723,
    "sff": "spinal"
  },
  {
    "docID": "N033 Wang 2014 23810979",
    "et": "SpinalWhiteMatter",
    "off": 28128,
    "sff": "spinal"
  },
  {
    "docID": "N033 Wang 2014 23810979",
    "et": "SpinalWhiteMatter",
    "off": 5151,
    "sff": "spinal"
  },
  {
    "docID": "N033 Wang 2014 23810979",
    "et": "SpinalWhiteMatter",
    "off": 23964,
    "sff": "spinal"
  },
  {
    "docID": "N033 Wang 2014 23810979",
    "et": "SpinalWhiteMatter",
    "off": 46814,
    "sff": "white"
  },
  {
    "docID": "N033 Wang 2014 23810979",
    "et": "SpinalWhiteMatter",
    "off": 10139,
    "sff": "spinal"
  },
  {
    "docID": "N033 Wang 2014 23810979",
    "et": "SpinalWhiteMatter",
    "off": 27498,
    "sff": "spinal"
  },
  {
    "docID": "N033 Wang 2014 23810979",
    "et": "SpinalWhiteMatter",
    "off": 44897,
    "sff": "white matter"
  },
  {
    "docID": "N033 Wang 2014 23810979",
    "et": "SpinalWhiteMatter",
    "off": 45276,
    "sff": "spinal"
  },
  {
    "docID": "N033 Wang 2014 23810979",
    "et": "SpinalWhiteMatter",
    "off": 8869,
    "sff": "spinal"
  },
  {
    "docID": "N033 Wang 2014 23810979",
    "et": "SpinalWhiteMatter",
    "off": 51233,
    "sff": "spinal"
  },
  {
    "docID": "N033 Wang 2014 23810979",
    "et": "SpinalWhiteMatter",
    "off": 46370,
    "sff": "spinal"
  },
  {
    "docID": "N033 Wang 2014 23810979",
    "et": "SpinalWhiteMatter",
    "off": 42573,
    "sff": "Spinal"
  },
  {
    "docID": "N033 Wang 2014 23810979",
    "et": "SpinalWhiteMatter",
    "off": 9935,
    "sff": "spinal"
  },
  {
    "docID": "N033 Wang 2014 23810979",
    "et": "SpinalWhiteMatter",
    "off": 49111,
    "sff": "spinal"
  },
  {
    "docID": "N033 Wang 2014 23810979",
    "et": "SpinalWhiteMatter",
    "off": 45081,
    "sff": "spinal"
  },
  {
    "docID": "N033 Wang 2014 23810979",
    "et": "SpinalWhiteMatter",
    "off": 44897,
    "sff": "white"
  },
  {
    "docID": "N033 Wang 2014 23810979",
    "et": "SpinalWhiteMatter",
    "off": 47054,
    "sff": "spinal"
  },
  {
    "docID": "N033 Wang 2014 23810979",
    "et": "SpinalWhiteMatter",
    "off": 36495,
    "sff": "spinal"
  },
  {
    "docID": "N033 Wang 2014 23810979",
    "et": "SpinalWhiteMatter",
    "off": 3391,
    "sff": "spinal"
  },
  {
    "docID": "N033 Wang 2014 23810979",
    "et": "SpinalWhiteMatter",
    "off": 42818,
    "sff": "Spinal"
  },
  {
    "docID": "N033 Wang 2014 23810979",
    "et": "SpinalWhiteMatter",
    "off": 44617,
    "sff": "spinal"
  },
  {
    "docID": "N033 Wang 2014 23810979",
    "et": "SpinalWhiteMatter",
    "off": 44809,
    "sff": "spinal"
  },
  {
    "docID": "N033 Wang 2014 23810979",
    "et": "SpinalWhiteMatter",
    "off": 36938,
    "sff": "spinal"
  },
  {
    "docID": "N033 Wang 2014 23810979",
    "et": "SpinalWhiteMatter",
    "off": 50250,
    "sff": "spinal"
  },
  {
    "docID": "N033 Wang 2014 23810979",
    "et": "SpinalWhiteMatter",
    "off": 48316,
    "sff": "spinal"
  },
  {
    "docID": "N033 Wang 2014 23810979",
    "et": "SpinalWhiteMatter",
    "off": 48189,
    "sff": "spinal"
  },
  {
    "docID": "N033 Wang 2014 23810979",
    "et": "SpinalWhiteMatter",
    "off": 47496,
    "sff": "Spinal"
  },
  {
    "docID": "N033 Wang 2014 23810979",
    "et": "SpinalWhiteMatter",
    "off": 37235,
    "sff": "spinal"
  },
  {
    "docID": "N033 Wang 2014 23810979",
    "et": "SpinalWhiteMatter",
    "off": 19057,
    "sff": "spinal"
  },
  {
    "docID": "N033 Wang 2014 23810979",
    "et": "SpinalWhiteMatter",
    "off": 45620,
    "sff": "spinal"
  },
  {
    "docID": "N033 Wang 2014 23810979",
    "et": "SpinalWhiteMatter",
    "off": 50484,
    "sff": "spinal"
  },
  {
    "docID": "N033 Wang 2014 23810979",
    "et": "SpinalWhiteMatter",
    "off": 51886,
    "sff": "Spinal"
  },
  {
    "docID": "N033 Wang 2014 23810979",
    "et": "SpinalWhiteMatter",
    "off": 366,
    "sff": "Spinal"
  },
  {
    "docID": "N033 Wang 2014 23810979",
    "et": "SpinalWhiteMatter",
    "off": 25712,
    "sff": "spinal"
  },
  {
    "docID": "N033 Wang 2014 23810979",
    "et": "SpinalWhiteMatter",
    "off": 14319,
    "sff": "spinal"
  },
  {
    "docID": "N033 Wang 2014 23810979",
    "et": "SpinalWhiteMatter",
    "off": 44150,
    "sff": "spinal"
  },
  {
    "docID": "N033 Wang 2014 23810979",
    "et": "SpinalWhiteMatter",
    "off": 46814,
    "sff": "white matter"
  },
  {
    "docID": "N033 Wang 2014 23810979",
    "et": "SpinalWhiteMatter",
    "off": 25677,
    "sff": "white"
  },
  {
    "docID": "N033 Wang 2014 23810979",
    "et": "SpinalWhiteMatter",
    "off": 44267,
    "sff": "spinal"
  },
  {
    "docID": "N033 Wang 2014 23810979",
    "et": "SpinalWhiteMatter",
    "off": 1272,
    "sff": "spinal"
  },
  {
    "docID": "N033 Wang 2014 23810979",
    "et": "SpinalWhiteMatter",
    "off": 49519,
    "sff": "spinal"
  },
  {
    "docID": "N033 Wang 2014 23810979",
    "et": "SpinalWhiteMatter",
    "off": 247,
    "sff": "Spinal"
  },
  {
    "docID": "N033 Wang 2014 23810979",
    "et": "SpinalWhiteMatter",
    "off": 48688,
    "sff": "spinal"
  },
  {
    "docID": "N033 Wang 2014 23810979",
    "et": "SpinalFiberTract",
    "off": 42573,
    "sff": "Spinal"
  },
  {
    "docID": "N033 Wang 2014 23810979",
    "et": "SpinalFiberTract",
    "off": 9935,
    "sff": "spinal"
  },
  {
    "docID": "N033 Wang 2014 23810979",
    "et": "SpinalFiberTract",
    "off": 49111,
    "sff": "spinal"
  },
  {
    "docID": "N033 Wang 2014 23810979",
    "et": "SpinalFiberTract",
    "off": 45081,
    "sff": "spinal"
  },
  {
    "docID": "N033 Wang 2014 23810979",
    "et": "SpinalFiberTract",
    "off": 45276,
    "sff": "spinal"
  },
  {
    "docID": "N033 Wang 2014 23810979",
    "et": "SpinalFiberTract",
    "off": 51233,
    "sff": "spinal"
  },
  {
    "docID": "N033 Wang 2014 23810979",
    "et": "SpinalFiberTract",
    "off": 46370,
    "sff": "spinal"
  },
  {
    "docID": "N033 Wang 2014 23810979",
    "et": "SpinalFiberTract",
    "off": 47496,
    "sff": "Spinal"
  },
  {
    "docID": "N033 Wang 2014 23810979",
    "et": "SpinalFiberTract",
    "off": 28128,
    "sff": "spinal"
  },
  {
    "docID": "N033 Wang 2014 23810979",
    "et": "SpinalFiberTract",
    "off": 5151,
    "sff": "spinal"
  },
  {
    "docID": "N033 Wang 2014 23810979",
    "et": "SpinalFiberTract",
    "off": 23964,
    "sff": "spinal"
  },
  {
    "docID": "N033 Wang 2014 23810979",
    "et": "SpinalFiberTract",
    "off": 44617,
    "sff": "spinal"
  },
  {
    "docID": "N033 Wang 2014 23810979",
    "et": "SpinalFiberTract",
    "off": 44809,
    "sff": "spinal"
  },
  {
    "docID": "N033 Wang 2014 23810979",
    "et": "SpinalFiberTract",
    "off": 10139,
    "sff": "spinal"
  },
  {
    "docID": "N033 Wang 2014 23810979",
    "et": "SpinalFiberTract",
    "off": 36938,
    "sff": "spinal"
  },
  {
    "docID": "N033 Wang 2014 23810979",
    "et": "SpinalFiberTract",
    "off": 50250,
    "sff": "spinal"
  },
  {
    "docID": "N033 Wang 2014 23810979",
    "et": "SpinalFiberTract",
    "off": 47054,
    "sff": "spinal"
  },
  {
    "docID": "N033 Wang 2014 23810979",
    "et": "SpinalFiberTract",
    "off": 36495,
    "sff": "spinal"
  },
  {
    "docID": "N033 Wang 2014 23810979",
    "et": "SpinalFiberTract",
    "off": 37235,
    "sff": "spinal"
  },
  {
    "docID": "N033 Wang 2014 23810979",
    "et": "SpinalFiberTract",
    "off": 19057,
    "sff": "spinal"
  },
  {
    "docID": "N033 Wang 2014 23810979",
    "et": "SpinalFiberTract",
    "off": 45620,
    "sff": "spinal"
  },
  {
    "docID": "N033 Wang 2014 23810979",
    "et": "SpinalFiberTract",
    "off": 50484,
    "sff": "spinal"
  },
  {
    "docID": "N033 Wang 2014 23810979",
    "et": "SpinalFiberTract",
    "off": 51886,
    "sff": "Spinal"
  },
  {
    "docID": "N033 Wang 2014 23810979",
    "et": "SpinalFiberTract",
    "off": 366,
    "sff": "Spinal"
  },
  {
    "docID": "N033 Wang 2014 23810979",
    "et": "SpinalFiberTract",
    "off": 25712,
    "sff": "spinal"
  },
  {
    "docID": "N033 Wang 2014 23810979",
    "et": "SpinalFiberTract",
    "off": 14319,
    "sff": "spinal"
  },
  {
    "docID": "N033 Wang 2014 23810979",
    "et": "SpinalFiberTract",
    "off": 44150,
    "sff": "spinal"
  },
  {
    "docID": "N033 Wang 2014 23810979",
    "et": "SpinalFiberTract",
    "off": 27498,
    "sff": "spinal"
  },
  {
    "docID": "N033 Wang 2014 23810979",
    "et": "SpinalFiberTract",
    "off": 48316,
    "sff": "spinal"
  },
  {
    "docID": "N033 Wang 2014 23810979",
    "et": "SpinalFiberTract",
    "off": 48189,
    "sff": "spinal"
  },
  {
    "docID": "N033 Wang 2014 23810979",
    "et": "SpinalFiberTract",
    "off": 8869,
    "sff": "spinal"
  },
  {
    "docID": "N033 Wang 2014 23810979",
    "et": "SpinalFiberTract",
    "off": 50723,
    "sff": "spinal"
  },
  {
    "docID": "N033 Wang 2014 23810979",
    "et": "SpinalFiberTract",
    "off": 3391,
    "sff": "spinal"
  },
  {
    "docID": "N033 Wang 2014 23810979",
    "et": "SpinalFiberTract",
    "off": 44980,
    "sff": "fiber"
  },
  {
    "docID": "N033 Wang 2014 23810979",
    "et": "SpinalFiberTract",
    "off": 42818,
    "sff": "Spinal"
  },
  {
    "docID": "N033 Wang 2014 23810979",
    "et": "SpinalFiberTract",
    "off": 44267,
    "sff": "spinal"
  },
  {
    "docID": "N033 Wang 2014 23810979",
    "et": "SpinalFiberTract",
    "off": 1272,
    "sff": "spinal"
  },
  {
    "docID": "N033 Wang 2014 23810979",
    "et": "SpinalFiberTract",
    "off": 49519,
    "sff": "spinal"
  },
  {
    "docID": "N033 Wang 2014 23810979",
    "et": "SpinalFiberTract",
    "off": 247,
    "sff": "Spinal"
  },
  {
    "docID": "N033 Wang 2014 23810979",
    "et": "SpinalFiberTract",
    "off": 48688,
    "sff": "spinal"
  },
  {
    "docID": "N033 Wang 2014 23810979",
    "et": "Intrathecal",
    "off": 38382,
    "sff": "intrathecal"
  },
  {
    "docID": "N033 Wang 2014 23810979",
    "et": "Intrathecal",
    "off": 4497,
    "sff": "intrathecal"
  },
  {
    "docID": "N033 Wang 2014 23810979",
    "et": "Intrathecal",
    "off": 26551,
    "sff": "intrathecal"
  },
  {
    "docID": "N033 Wang 2014 23810979",
    "et": "Intrathecal",
    "off": 29607,
    "sff": "intrathecal"
  },
  {
    "docID": "N033 Wang 2014 23810979",
    "et": "Intrathecal",
    "off": 888,
    "sff": "intrathecal"
  },
  {
    "docID": "N033 Wang 2014 23810979",
    "et": "Intrathecal",
    "off": 25961,
    "sff": "intrathecal"
  },
  {
    "docID": "N033 Wang 2014 23810979",
    "et": "Intrathecal",
    "off": 29273,
    "sff": "intrathecal"
  },
  {
    "docID": "N033 Wang 2014 23810979",
    "et": "Intrathecal",
    "off": 11082,
    "sff": "intrathecal"
  },
  {
    "docID": "N033 Wang 2014 23810979",
    "et": "DeliveryMethod",
    "off": 24440,
    "sff": "delivery"
  },
  {
    "docID": "N033 Wang 2014 23810979",
    "et": "DeliveryMethod",
    "off": 19312,
    "sff": "delivery"
  },
  {
    "docID": "N033 Wang 2014 23810979",
    "et": "DeliveryMethod",
    "off": 26738,
    "sff": "delivery"
  },
  {
    "docID": "N033 Wang 2014 23810979",
    "et": "DeliveryMethod",
    "off": 26091,
    "sff": "delivery"
  },
  {
    "docID": "N033 Wang 2014 23810979",
    "et": "DeliveryMethod",
    "off": 1125,
    "sff": "delivery"
  },
  {
    "docID": "N033 Wang 2014 23810979",
    "et": "DeliveryMethod",
    "off": 22245,
    "sff": "delivery"
  },
  {
    "docID": "N033 Wang 2014 23810979",
    "et": "DeliveryMethod",
    "off": 30813,
    "sff": "delivery"
  },
  {
    "docID": "N033 Wang 2014 23810979",
    "et": "DeliveryMethod",
    "off": 33502,
    "sff": "delivery"
  },
  {
    "docID": "N033 Wang 2014 23810979",
    "et": "DeliveryMethod",
    "off": 39774,
    "sff": "delivery"
  },
  {
    "docID": "N033 Wang 2014 23810979",
    "et": "DeliveryMethod",
    "off": 38879,
    "sff": "delivery"
  },
  {
    "docID": "N033 Wang 2014 23810979",
    "et": "DeliveryMethod",
    "off": 18520,
    "sff": "delivery"
  },
  {
    "docID": "N033 Wang 2014 23810979",
    "et": "DeliveryMethod",
    "off": 31576,
    "sff": "delivery"
  },
  {
    "docID": "N033 Wang 2014 23810979",
    "et": "DeliveryMethod",
    "off": 21977,
    "sff": "delivery"
  },
  {
    "docID": "N033 Wang 2014 23810979",
    "et": "DeliveryMethod",
    "off": 39634,
    "sff": "delivery"
  },
  {
    "docID": "N033 Wang 2014 23810979",
    "et": "DeliveryMethod",
    "off": 23763,
    "sff": "delivery"
  },
  {
    "docID": "N033 Wang 2014 23810979",
    "et": "DeliveryMethod",
    "off": 42323,
    "sff": "delivery"
  },
  {
    "docID": "N033 Wang 2014 23810979",
    "et": "DeliveryMethod",
    "off": 28877,
    "sff": "delivery"
  },
  {
    "docID": "N033 Wang 2014 23810979",
    "et": "DeliveryMethod",
    "off": 4939,
    "sff": "delivery"
  },
  {
    "docID": "N033 Wang 2014 23810979",
    "et": "DeliveryMethod",
    "off": 20299,
    "sff": "delivery"
  },
  {
    "docID": "N033 Wang 2014 23810979",
    "et": "DeliveryMethod",
    "off": 33739,
    "sff": "delivery"
  },
  {
    "docID": "N033 Wang 2014 23810979",
    "et": "DeliveryMethod",
    "off": 41925,
    "sff": "delivery"
  },
  {
    "docID": "N033 Wang 2014 23810979",
    "et": "DeliveryMethod",
    "off": 26563,
    "sff": "delivery"
  },
  {
    "docID": "N033 Wang 2014 23810979",
    "et": "DeliveryMethod",
    "off": 41663,
    "sff": "delivery"
  },
  {
    "docID": "N033 Wang 2014 23810979",
    "et": "DeliveryMethod",
    "off": 39739,
    "sff": "delivery"
  },
  {
    "docID": "N033 Wang 2014 23810979",
    "et": "DeliveryMethod",
    "off": 35510,
    "sff": "delivery"
  },
  {
    "docID": "N033 Wang 2014 23810979",
    "et": "DeliveryMethod",
    "off": 17719,
    "sff": "delivery"
  },
  {
    "docID": "N033 Wang 2014 23810979",
    "et": "DeliveryMethod",
    "off": 23397,
    "sff": "Delivery"
  },
  {
    "docID": "N033 Wang 2014 23810979",
    "et": "DeliveryMethod",
    "off": 27824,
    "sff": "delivery"
  },
  {
    "docID": "N033 Wang 2014 23810979",
    "et": "DeliveryMethod",
    "off": 25518,
    "sff": "delivery"
  },
  {
    "docID": "N033 Wang 2014 23810979",
    "et": "DeliveryMethod",
    "off": 30510,
    "sff": "delivery"
  },
  {
    "docID": "N033 Wang 2014 23810979",
    "et": "DeliveryMethod",
    "off": 20392,
    "sff": "delivery"
  },
  {
    "docID": "N033 Wang 2014 23810979",
    "et": "DeliveryMethod",
    "off": 24745,
    "sff": "delivery"
  },
  {
    "docID": "N033 Wang 2014 23810979",
    "et": "DeliveryMethod",
    "off": 28842,
    "sff": "delivery"
  },
  {
    "docID": "N033 Wang 2014 23810979",
    "et": "DeliveryMethod",
    "off": 4900,
    "sff": "delivery"
  },
  {
    "docID": "N033 Wang 2014 23810979",
    "et": "DeliveryMethod",
    "off": 1318,
    "sff": "delivery"
  },
  {
    "docID": "N033 Wang 2014 23810979",
    "et": "DeliveryMethod",
    "off": 31142,
    "sff": "delivery"
  },
  {
    "docID": "N033 Wang 2014 23810979",
    "et": "DeliveryMethod",
    "off": 26146,
    "sff": "delivery"
  },
  {
    "docID": "N033 Wang 2014 23810979",
    "et": "DeliveryMethod",
    "off": 41890,
    "sff": "delivery"
  },
  {
    "docID": "N033 Wang 2014 23810979",
    "et": "DeliveryMethod",
    "off": 20643,
    "sff": "delivery"
  },
  {
    "docID": "N033 Wang 2014 23810979",
    "et": "DeliveryMethod",
    "off": 37916,
    "sff": "delivery"
  },
  {
    "docID": "N033 Wang 2014 23810979",
    "et": "DeliveryMethod",
    "off": 4509,
    "sff": "delivery"
  },
  {
    "docID": "N033 Wang 2014 23810979",
    "et": "DeliveryMethod",
    "off": 28958,
    "sff": "delivery"
  },
  {
    "docID": "N033 Wang 2014 23810979",
    "et": "DeliveryMethod",
    "off": 22040,
    "sff": "delivery"
  },
  {
    "docID": "N033 Wang 2014 23810979",
    "et": "DeliveryMethod",
    "off": 31769,
    "sff": "delivery"
  },
  {
    "docID": "N033 Wang 2014 23810979",
    "et": "DeliveryMethod",
    "off": 38810,
    "sff": "delivery"
  },
  {
    "docID": "N033 Wang 2014 23810979",
    "et": "DeliveryMethod",
    "off": 19351,
    "sff": "delivery"
  },
  {
    "docID": "N033 Wang 2014 23810979",
    "et": "DeliveryMethod",
    "off": 38423,
    "sff": "delivery"
  },
  {
    "docID": "N033 Wang 2014 23810979",
    "et": "DeliveryMethod",
    "off": 27789,
    "sff": "delivery"
  },
  {
    "docID": "N033 Wang 2014 23810979",
    "et": "DeliveryMethod",
    "off": 21134,
    "sff": "delivery"
  },
  {
    "docID": "N033 Wang 2014 23810979",
    "et": "DeliveryMethod",
    "off": 20357,
    "sff": "delivery"
  },
  {
    "docID": "N033 Wang 2014 23810979",
    "et": "DeliveryMethod",
    "off": 20486,
    "sff": "delivery"
  },
  {
    "docID": "N033 Wang 2014 23810979",
    "et": "DeliveryMethod",
    "off": 26240,
    "sff": "delivery"
  },
  {
    "docID": "N033 Wang 2014 23810979",
    "et": "DeliveryMethod",
    "off": 33537,
    "sff": "delivery"
  },
  {
    "docID": "N033 Wang 2014 23810979",
    "et": "DeliveryMethod",
    "off": 38018,
    "sff": "delivery"
  },
  {
    "docID": "N033 Wang 2014 23810979",
    "et": "SpinalDorsalHalf",
    "off": 44617,
    "sff": "spinal"
  },
  {
    "docID": "N033 Wang 2014 23810979",
    "et": "SpinalDorsalHalf",
    "off": 47496,
    "sff": "Spinal"
  },
  {
    "docID": "N033 Wang 2014 23810979",
    "et": "SpinalDorsalHalf",
    "off": 50250,
    "sff": "spinal"
  },
  {
    "docID": "N033 Wang 2014 23810979",
    "et": "SpinalDorsalHalf",
    "off": 36938,
    "sff": "spinal"
  },
  {
    "docID": "N033 Wang 2014 23810979",
    "et": "SpinalDorsalHalf",
    "off": 9799,
    "sff": "Dorsal"
  },
  {
    "docID": "N033 Wang 2014 23810979",
    "et": "SpinalDorsalHalf",
    "off": 9935,
    "sff": "spinal"
  },
  {
    "docID": "N033 Wang 2014 23810979",
    "et": "SpinalDorsalHalf",
    "off": 47054,
    "sff": "spinal"
  },
  {
    "docID": "N033 Wang 2014 23810979",
    "et": "SpinalDorsalHalf",
    "off": 45276,
    "sff": "spinal"
  },
  {
    "docID": "N033 Wang 2014 23810979",
    "et": "SpinalDorsalHalf",
    "off": 4607,
    "sff": "dorsal"
  },
  {
    "docID": "N033 Wang 2014 23810979",
    "et": "SpinalDorsalHalf",
    "off": 49111,
    "sff": "spinal"
  },
  {
    "docID": "N033 Wang 2014 23810979",
    "et": "SpinalDorsalHalf",
    "off": 23940,
    "sff": "dorsal"
  },
  {
    "docID": "N033 Wang 2014 23810979",
    "et": "SpinalDorsalHalf",
    "off": 10117,
    "sff": "dorsal"
  },
  {
    "docID": "N033 Wang 2014 23810979",
    "et": "SpinalDorsalHalf",
    "off": 37638,
    "sff": "dorsal"
  },
  {
    "docID": "N033 Wang 2014 23810979",
    "et": "SpinalDorsalHalf",
    "off": 10375,
    "sff": "dorsal"
  },
  {
    "docID": "N033 Wang 2014 23810979",
    "et": "SpinalDorsalHalf",
    "off": 28128,
    "sff": "spinal"
  },
  {
    "docID": "N033 Wang 2014 23810979",
    "et": "SpinalDorsalHalf",
    "off": 34952,
    "sff": "dorsal"
  },
  {
    "docID": "N033 Wang 2014 23810979",
    "et": "SpinalDorsalHalf",
    "off": 8869,
    "sff": "spinal"
  },
  {
    "docID": "N033 Wang 2014 23810979",
    "et": "SpinalDorsalHalf",
    "off": 50484,
    "sff": "spinal"
  },
  {
    "docID": "N033 Wang 2014 23810979",
    "et": "SpinalDorsalHalf",
    "off": 51886,
    "sff": "Spinal"
  },
  {
    "docID": "N033 Wang 2014 23810979",
    "et": "SpinalDorsalHalf",
    "off": 1012,
    "sff": "dorsal"
  },
  {
    "docID": "N033 Wang 2014 23810979",
    "et": "SpinalDorsalHalf",
    "off": 45620,
    "sff": "spinal"
  },
  {
    "docID": "N033 Wang 2014 23810979",
    "et": "SpinalDorsalHalf",
    "off": 48688,
    "sff": "spinal"
  },
  {
    "docID": "N033 Wang 2014 23810979",
    "et": "SpinalDorsalHalf",
    "off": 48316,
    "sff": "spinal"
  },
  {
    "docID": "N033 Wang 2014 23810979",
    "et": "SpinalDorsalHalf",
    "off": 37213,
    "sff": "dorsal"
  },
  {
    "docID": "N033 Wang 2014 23810979",
    "et": "SpinalDorsalHalf",
    "off": 3391,
    "sff": "spinal"
  },
  {
    "docID": "N033 Wang 2014 23810979",
    "et": "SpinalDorsalHalf",
    "off": 42818,
    "sff": "Spinal"
  },
  {
    "docID": "N033 Wang 2014 23810979",
    "et": "SpinalDorsalHalf",
    "off": 10856,
    "sff": "dorsal"
  },
  {
    "docID": "N033 Wang 2014 23810979",
    "et": "SpinalDorsalHalf",
    "off": 48189,
    "sff": "spinal"
  },
  {
    "docID": "N033 Wang 2014 23810979",
    "et": "SpinalDorsalHalf",
    "off": 240,
    "sff": "Dorsal"
  },
  {
    "docID": "N033 Wang 2014 23810979",
    "et": "SpinalDorsalHalf",
    "off": 44809,
    "sff": "spinal"
  },
  {
    "docID": "N033 Wang 2014 23810979",
    "et": "SpinalDorsalHalf",
    "off": 29522,
    "sff": "dorsal"
  },
  {
    "docID": "N033 Wang 2014 23810979",
    "et": "SpinalDorsalHalf",
    "off": 8787,
    "sff": "dorsal"
  },
  {
    "docID": "N033 Wang 2014 23810979",
    "et": "SpinalDorsalHalf",
    "off": 42573,
    "sff": "Spinal"
  },
  {
    "docID": "N033 Wang 2014 23810979",
    "et": "SpinalDorsalHalf",
    "off": 16471,
    "sff": "dorsal"
  },
  {
    "docID": "N033 Wang 2014 23810979",
    "et": "SpinalDorsalHalf",
    "off": 36495,
    "sff": "spinal"
  },
  {
    "docID": "N033 Wang 2014 23810979",
    "et": "SpinalDorsalHalf",
    "off": 955,
    "sff": "dorsal"
  },
  {
    "docID": "N033 Wang 2014 23810979",
    "et": "SpinalDorsalHalf",
    "off": 10043,
    "sff": "dorsal"
  },
  {
    "docID": "N033 Wang 2014 23810979",
    "et": "SpinalDorsalHalf",
    "off": 10139,
    "sff": "spinal"
  },
  {
    "docID": "N033 Wang 2014 23810979",
    "et": "SpinalDorsalHalf",
    "off": 23964,
    "sff": "spinal"
  },
  {
    "docID": "N033 Wang 2014 23810979",
    "et": "SpinalDorsalHalf",
    "off": 45081,
    "sff": "spinal"
  },
  {
    "docID": "N033 Wang 2014 23810979",
    "et": "SpinalDorsalHalf",
    "off": 36931,
    "sff": "dorsal"
  },
  {
    "docID": "N033 Wang 2014 23810979",
    "et": "SpinalDorsalHalf",
    "off": 50723,
    "sff": "spinal"
  },
  {
    "docID": "N033 Wang 2014 23810979",
    "et": "SpinalDorsalHalf",
    "off": 46370,
    "sff": "spinal"
  },
  {
    "docID": "N033 Wang 2014 23810979",
    "et": "SpinalDorsalHalf",
    "off": 51233,
    "sff": "spinal"
  },
  {
    "docID": "N033 Wang 2014 23810979",
    "et": "SpinalDorsalHalf",
    "off": 5151,
    "sff": "spinal"
  },
  {
    "docID": "N033 Wang 2014 23810979",
    "et": "SpinalDorsalHalf",
    "off": 44267,
    "sff": "spinal"
  },
  {
    "docID": "N033 Wang 2014 23810979",
    "et": "SpinalDorsalHalf",
    "off": 27498,
    "sff": "spinal"
  },
  {
    "docID": "N033 Wang 2014 23810979",
    "et": "SpinalDorsalHalf",
    "off": 37235,
    "sff": "spinal"
  },
  {
    "docID": "N033 Wang 2014 23810979",
    "et": "SpinalDorsalHalf",
    "off": 366,
    "sff": "Spinal"
  },
  {
    "docID": "N033 Wang 2014 23810979",
    "et": "SpinalDorsalHalf",
    "off": 19057,
    "sff": "spinal"
  },
  {
    "docID": "N033 Wang 2014 23810979",
    "et": "SpinalDorsalHalf",
    "off": 14319,
    "sff": "spinal"
  },
  {
    "docID": "N033 Wang 2014 23810979",
    "et": "SpinalDorsalHalf",
    "off": 25712,
    "sff": "spinal"
  },
  {
    "docID": "N033 Wang 2014 23810979",
    "et": "SpinalDorsalHalf",
    "off": 49519,
    "sff": "spinal"
  },
  {
    "docID": "N033 Wang 2014 23810979",
    "et": "SpinalDorsalHalf",
    "off": 247,
    "sff": "Spinal"
  },
  {
    "docID": "N033 Wang 2014 23810979",
    "et": "SpinalDorsalHalf",
    "off": 1272,
    "sff": "spinal"
  },
  {
    "docID": "N033 Wang 2014 23810979",
    "et": "SpinalDorsalHalf",
    "off": 50466,
    "sff": "dorsal"
  },
  {
    "docID": "N033 Wang 2014 23810979",
    "et": "SpinalDorsalHalf",
    "off": 44150,
    "sff": "spinal"
  },
  {
    "docID": "N033 Wang 2014 23810979",
    "et": "SpinalDorsalHalf",
    "off": 37283,
    "sff": "dorsal"
  },
  {
    "docID": "N033 Wang 2014 23810979",
    "et": "SpinalDorsalHalf",
    "off": 29353,
    "sff": "dorsal"
  },
  {
    "docID": "N033 Wang 2014 23810979",
    "et": "SpinalVentralHalf",
    "off": 42818,
    "sff": "Spinal"
  },
  {
    "docID": "N033 Wang 2014 23810979",
    "et": "SpinalVentralHalf",
    "off": 44617,
    "sff": "spinal"
  },
  {
    "docID": "N033 Wang 2014 23810979",
    "et": "SpinalVentralHalf",
    "off": 44809,
    "sff": "spinal"
  },
  {
    "docID": "N033 Wang 2014 23810979",
    "et": "SpinalVentralHalf",
    "off": 36938,
    "sff": "spinal"
  },
  {
    "docID": "N033 Wang 2014 23810979",
    "et": "SpinalVentralHalf",
    "off": 50250,
    "sff": "spinal"
  },
  {
    "docID": "N033 Wang 2014 23810979",
    "et": "SpinalVentralHalf",
    "off": 48316,
    "sff": "spinal"
  },
  {
    "docID": "N033 Wang 2014 23810979",
    "et": "SpinalVentralHalf",
    "off": 48189,
    "sff": "spinal"
  },
  {
    "docID": "N033 Wang 2014 23810979",
    "et": "SpinalVentralHalf",
    "off": 3391,
    "sff": "spinal"
  },
  {
    "docID": "N033 Wang 2014 23810979",
    "et": "SpinalVentralHalf",
    "off": 47496,
    "sff": "Spinal"
  },
  {
    "docID": "N033 Wang 2014 23810979",
    "et": "SpinalVentralHalf",
    "off": 42573,
    "sff": "Spinal"
  },
  {
    "docID": "N033 Wang 2014 23810979",
    "et": "SpinalVentralHalf",
    "off": 49111,
    "sff": "spinal"
  },
  {
    "docID": "N033 Wang 2014 23810979",
    "et": "SpinalVentralHalf",
    "off": 45081,
    "sff": "spinal"
  },
  {
    "docID": "N033 Wang 2014 23810979",
    "et": "SpinalVentralHalf",
    "off": 10139,
    "sff": "spinal"
  },
  {
    "docID": "N033 Wang 2014 23810979",
    "et": "SpinalVentralHalf",
    "off": 47054,
    "sff": "spinal"
  },
  {
    "docID": "N033 Wang 2014 23810979",
    "et": "SpinalVentralHalf",
    "off": 9935,
    "sff": "spinal"
  },
  {
    "docID": "N033 Wang 2014 23810979",
    "et": "SpinalVentralHalf",
    "off": 36495,
    "sff": "spinal"
  },
  {
    "docID": "N033 Wang 2014 23810979",
    "et": "SpinalVentralHalf",
    "off": 8869,
    "sff": "spinal"
  },
  {
    "docID": "N033 Wang 2014 23810979",
    "et": "SpinalVentralHalf",
    "off": 27498,
    "sff": "spinal"
  },
  {
    "docID": "N033 Wang 2014 23810979",
    "et": "SpinalVentralHalf",
    "off": 44267,
    "sff": "spinal"
  },
  {
    "docID": "N033 Wang 2014 23810979",
    "et": "SpinalVentralHalf",
    "off": 23964,
    "sff": "spinal"
  },
  {
    "docID": "N033 Wang 2014 23810979",
    "et": "SpinalVentralHalf",
    "off": 45276,
    "sff": "spinal"
  },
  {
    "docID": "N033 Wang 2014 23810979",
    "et": "SpinalVentralHalf",
    "off": 5151,
    "sff": "spinal"
  },
  {
    "docID": "N033 Wang 2014 23810979",
    "et": "SpinalVentralHalf",
    "off": 28128,
    "sff": "spinal"
  },
  {
    "docID": "N033 Wang 2014 23810979",
    "et": "SpinalVentralHalf",
    "off": 51233,
    "sff": "spinal"
  },
  {
    "docID": "N033 Wang 2014 23810979",
    "et": "SpinalVentralHalf",
    "off": 46370,
    "sff": "spinal"
  },
  {
    "docID": "N033 Wang 2014 23810979",
    "et": "SpinalVentralHalf",
    "off": 8764,
    "sff": "ventral"
  },
  {
    "docID": "N033 Wang 2014 23810979",
    "et": "SpinalVentralHalf",
    "off": 50723,
    "sff": "spinal"
  },
  {
    "docID": "N033 Wang 2014 23810979",
    "et": "SpinalVentralHalf",
    "off": 366,
    "sff": "Spinal"
  },
  {
    "docID": "N033 Wang 2014 23810979",
    "et": "SpinalVentralHalf",
    "off": 45620,
    "sff": "spinal"
  },
  {
    "docID": "N033 Wang 2014 23810979",
    "et": "SpinalVentralHalf",
    "off": 50484,
    "sff": "spinal"
  },
  {
    "docID": "N033 Wang 2014 23810979",
    "et": "SpinalVentralHalf",
    "off": 51886,
    "sff": "Spinal"
  },
  {
    "docID": "N033 Wang 2014 23810979",
    "et": "SpinalVentralHalf",
    "off": 44150,
    "sff": "spinal"
  },
  {
    "docID": "N033 Wang 2014 23810979",
    "et": "SpinalVentralHalf",
    "off": 1272,
    "sff": "spinal"
  },
  {
    "docID": "N033 Wang 2014 23810979",
    "et": "SpinalVentralHalf",
    "off": 247,
    "sff": "Spinal"
  },
  {
    "docID": "N033 Wang 2014 23810979",
    "et": "SpinalVentralHalf",
    "off": 14319,
    "sff": "spinal"
  },
  {
    "docID": "N033 Wang 2014 23810979",
    "et": "SpinalVentralHalf",
    "off": 49519,
    "sff": "spinal"
  },
  {
    "docID": "N033 Wang 2014 23810979",
    "et": "SpinalVentralHalf",
    "off": 25712,
    "sff": "spinal"
  },
  {
    "docID": "N033 Wang 2014 23810979",
    "et": "SpinalVentralHalf",
    "off": 48688,
    "sff": "spinal"
  },
  {
    "docID": "N033 Wang 2014 23810979",
    "et": "SpinalVentralHalf",
    "off": 19057,
    "sff": "spinal"
  },
  {
    "docID": "N033 Wang 2014 23810979",
    "et": "SpinalVentralHalf",
    "off": 37235,
    "sff": "spinal"
  },
  {
    "docID": "N033 Wang 2014 23810979",
    "et": "SpinalCord",
    "off": 1272,
    "sff": "spinal cord"
  },
  {
    "docID": "N033 Wang 2014 23810979",
    "et": "SpinalCord",
    "off": 44150,
    "sff": "spinal cord"
  },
  {
    "docID": "N033 Wang 2014 23810979",
    "et": "SpinalCord",
    "off": 48316,
    "sff": "spinal cord"
  },
  {
    "docID": "N033 Wang 2014 23810979",
    "et": "SpinalCord",
    "off": 48189,
    "sff": "spinal cord"
  },
  {
    "docID": "N033 Wang 2014 23810979",
    "et": "SpinalCord",
    "off": 3391,
    "sff": "spinal cord"
  },
  {
    "docID": "N033 Wang 2014 23810979",
    "et": "SpinalCord",
    "off": 42818,
    "sff": "Spinal Cord"
  },
  {
    "docID": "N033 Wang 2014 23810979",
    "et": "SpinalCord",
    "off": 44617,
    "sff": "spinal cord"
  },
  {
    "docID": "N033 Wang 2014 23810979",
    "et": "SpinalCord",
    "off": 50250,
    "sff": "spinal cord"
  },
  {
    "docID": "N033 Wang 2014 23810979",
    "et": "SpinalCord",
    "off": 9935,
    "sff": "spinal cord"
  },
  {
    "docID": "N033 Wang 2014 23810979",
    "et": "SpinalCord",
    "off": 36495,
    "sff": "spinal cord"
  },
  {
    "docID": "N033 Wang 2014 23810979",
    "et": "SpinalCord",
    "off": 47054,
    "sff": "spinal cord"
  },
  {
    "docID": "N033 Wang 2014 23810979",
    "et": "SpinalCord",
    "off": 247,
    "sff": "Spinal"
  },
  {
    "docID": "N033 Wang 2014 23810979",
    "et": "SpinalCord",
    "off": 19057,
    "sff": "spinal"
  },
  {
    "docID": "N033 Wang 2014 23810979",
    "et": "SpinalCord",
    "off": 42573,
    "sff": "Spinal Cord"
  },
  {
    "docID": "N033 Wang 2014 23810979",
    "et": "SpinalCord",
    "off": 49111,
    "sff": "spinal cord"
  },
  {
    "docID": "N033 Wang 2014 23810979",
    "et": "SpinalCord",
    "off": 10139,
    "sff": "spinal cord"
  },
  {
    "docID": "N033 Wang 2014 23810979",
    "et": "SpinalCord",
    "off": 23964,
    "sff": "spinal cord"
  },
  {
    "docID": "N033 Wang 2014 23810979",
    "et": "SpinalCord",
    "off": 45276,
    "sff": "spinal cord"
  },
  {
    "docID": "N033 Wang 2014 23810979",
    "et": "SpinalCord",
    "off": 45081,
    "sff": "spinal cord"
  },
  {
    "docID": "N033 Wang 2014 23810979",
    "et": "SpinalCord",
    "off": 28128,
    "sff": "spinal cord"
  },
  {
    "docID": "N033 Wang 2014 23810979",
    "et": "SpinalCord",
    "off": 5151,
    "sff": "spinal cord"
  },
  {
    "docID": "N033 Wang 2014 23810979",
    "et": "SpinalCord",
    "off": 50723,
    "sff": "spinal cord"
  },
  {
    "docID": "N033 Wang 2014 23810979",
    "et": "SpinalCord",
    "off": 51233,
    "sff": "spinal cord"
  },
  {
    "docID": "N033 Wang 2014 23810979",
    "et": "SpinalCord",
    "off": 46370,
    "sff": "spinal cord"
  },
  {
    "docID": "N033 Wang 2014 23810979",
    "et": "SpinalCord",
    "off": 47496,
    "sff": "Spinal"
  },
  {
    "docID": "N033 Wang 2014 23810979",
    "et": "SpinalCord",
    "off": 8869,
    "sff": "spinal cord"
  },
  {
    "docID": "N033 Wang 2014 23810979",
    "et": "SpinalCord",
    "off": 44267,
    "sff": "spinal cord"
  },
  {
    "docID": "N033 Wang 2014 23810979",
    "et": "SpinalCord",
    "off": 44809,
    "sff": "spinal"
  },
  {
    "docID": "N033 Wang 2014 23810979",
    "et": "SpinalCord",
    "off": 27498,
    "sff": "spinal cord"
  },
  {
    "docID": "N033 Wang 2014 23810979",
    "et": "SpinalCord",
    "off": 36938,
    "sff": "spinal"
  },
  {
    "docID": "N033 Wang 2014 23810979",
    "et": "SpinalCord",
    "off": 14319,
    "sff": "spinal cord"
  },
  {
    "docID": "N033 Wang 2014 23810979",
    "et": "SpinalCord",
    "off": 49519,
    "sff": "spinal cord"
  },
  {
    "docID": "N033 Wang 2014 23810979",
    "et": "SpinalCord",
    "off": 51886,
    "sff": "Spinal cord"
  },
  {
    "docID": "N033 Wang 2014 23810979",
    "et": "SpinalCord",
    "off": 25712,
    "sff": "spinal cord"
  },
  {
    "docID": "N033 Wang 2014 23810979",
    "et": "SpinalCord",
    "off": 48688,
    "sff": "spinal cord"
  },
  {
    "docID": "N033 Wang 2014 23810979",
    "et": "SpinalCord",
    "off": 37235,
    "sff": "spinal cord"
  },
  {
    "docID": "N033 Wang 2014 23810979",
    "et": "SpinalCord",
    "off": 45620,
    "sff": "spinal cord"
  },
  {
    "docID": "N033 Wang 2014 23810979",
    "et": "SpinalCord",
    "off": 50484,
    "sff": "spinal cord"
  },
  {
    "docID": "N033 Wang 2014 23810979",
    "et": "SpinalCord",
    "off": 366,
    "sff": "Spinal Cord"
  },
  {
    "docID": "N033 Wang 2014 23810979",
    "et": "DorsalColumn",
    "off": 10375,
    "sff": "dorsal"
  },
  {
    "docID": "N033 Wang 2014 23810979",
    "et": "DorsalColumn",
    "off": 10856,
    "sff": "dorsal"
  },
  {
    "docID": "N033 Wang 2014 23810979",
    "et": "DorsalColumn",
    "off": 34952,
    "sff": "dorsal"
  },
  {
    "docID": "N033 Wang 2014 23810979",
    "et": "DorsalColumn",
    "off": 10117,
    "sff": "dorsal"
  },
  {
    "docID": "N033 Wang 2014 23810979",
    "et": "DorsalColumn",
    "off": 36931,
    "sff": "dorsal"
  },
  {
    "docID": "N033 Wang 2014 23810979",
    "et": "DorsalColumn",
    "off": 37283,
    "sff": "dorsal"
  },
  {
    "docID": "N033 Wang 2014 23810979",
    "et": "DorsalColumn",
    "off": 4607,
    "sff": "dorsal column"
  },
  {
    "docID": "N033 Wang 2014 23810979",
    "et": "DorsalColumn",
    "off": 9799,
    "sff": "Dorsal"
  },
  {
    "docID": "N033 Wang 2014 23810979",
    "et": "DorsalColumn",
    "off": 50466,
    "sff": "dorsal"
  },
  {
    "docID": "N033 Wang 2014 23810979",
    "et": "DorsalColumn",
    "off": 23940,
    "sff": "dorsal column"
  },
  {
    "docID": "N033 Wang 2014 23810979",
    "et": "DorsalColumn",
    "off": 37638,
    "sff": "dorsal column"
  },
  {
    "docID": "N033 Wang 2014 23810979",
    "et": "DorsalColumn",
    "off": 240,
    "sff": "Dorsal"
  },
  {
    "docID": "N033 Wang 2014 23810979",
    "et": "DorsalColumn",
    "off": 16471,
    "sff": "dorsal"
  },
  {
    "docID": "N033 Wang 2014 23810979",
    "et": "DorsalColumn",
    "off": 29353,
    "sff": "dorsal column"
  },
  {
    "docID": "N033 Wang 2014 23810979",
    "et": "DorsalColumn",
    "off": 29522,
    "sff": "dorsal column"
  },
  {
    "docID": "N033 Wang 2014 23810979",
    "et": "DorsalColumn",
    "off": 37213,
    "sff": "dorsal"
  },
  {
    "docID": "N033 Wang 2014 23810979",
    "et": "DorsalColumn",
    "off": 1012,
    "sff": "dorsal column"
  },
  {
    "docID": "N033 Wang 2014 23810979",
    "et": "DorsalColumn",
    "off": 8787,
    "sff": "dorsal column"
  },
  {
    "docID": "N033 Wang 2014 23810979",
    "et": "DorsalColumn",
    "off": 955,
    "sff": "dorsal"
  },
  {
    "docID": "N033 Wang 2014 23810979",
    "et": "DorsalColumn",
    "off": 10043,
    "sff": "dorsal"
  },
  {
    "docID": "N033 Wang 2014 23810979",
    "et": "LesionAdjacentTissue",
    "off": 19830,
    "sff": "lesion"
  },
  {
    "docID": "N033 Wang 2014 23810979",
    "et": "LesionAdjacentTissue",
    "off": 38006,
    "sff": "lesion"
  },
  {
    "docID": "N033 Wang 2014 23810979",
    "et": "LesionAdjacentTissue",
    "off": 27380,
    "sff": "lesion"
  },
  {
    "docID": "N033 Wang 2014 23810979",
    "et": "LesionAdjacentTissue",
    "off": 33525,
    "sff": "lesion"
  },
  {
    "docID": "N033 Wang 2014 23810979",
    "et": "LesionAdjacentTissue",
    "off": 14823,
    "sff": "lesion"
  },
  {
    "docID": "N033 Wang 2014 23810979",
    "et": "LesionAdjacentTissue",
    "off": 25187,
    "sff": "lesion"
  },
  {
    "docID": "N033 Wang 2014 23810979",
    "et": "LesionAdjacentTissue",
    "off": 3185,
    "sff": "lesion"
  },
  {
    "docID": "N033 Wang 2014 23810979",
    "et": "LesionAdjacentTissue",
    "off": 16497,
    "sff": "lesion"
  },
  {
    "docID": "N033 Wang 2014 23810979",
    "et": "LesionAdjacentTissue",
    "off": 4847,
    "sff": "lesion"
  },
  {
    "docID": "N033 Wang 2014 23810979",
    "et": "LesionAdjacentTissue",
    "off": 10730,
    "sff": "lesion"
  },
  {
    "docID": "N033 Wang 2014 23810979",
    "et": "LesionAdjacentTissue",
    "off": 37397,
    "sff": "lesion"
  },
  {
    "docID": "N033 Wang 2014 23810979",
    "et": "LesionAdjacentTissue",
    "off": 25362,
    "sff": "lesion"
  },
  {
    "docID": "N033 Wang 2014 23810979",
    "et": "LesionAdjacentTissue",
    "off": 30738,
    "sff": "lesion"
  },
  {
    "docID": "N033 Wang 2014 23810979",
    "et": "LesionAdjacentTissue",
    "off": 13980,
    "sff": "Lesion"
  },
  {
    "docID": "N033 Wang 2014 23810979",
    "et": "LesionAdjacentTissue",
    "off": 20380,
    "sff": "lesion"
  },
  {
    "docID": "N033 Wang 2014 23810979",
    "et": "LesionAdjacentTissue",
    "off": 41627,
    "sff": "lesion"
  },
  {
    "docID": "N033 Wang 2014 23810979",
    "et": "LesionAdjacentTissue",
    "off": 2566,
    "sff": "lesion"
  },
  {
    "docID": "N033 Wang 2014 23810979",
    "et": "LesionAdjacentTissue",
    "off": 25991,
    "sff": "lesion"
  },
  {
    "docID": "N033 Wang 2014 23810979",
    "et": "LesionAdjacentTissue",
    "off": 37904,
    "sff": "lesion"
  },
  {
    "docID": "N033 Wang 2014 23810979",
    "et": "LesionAdjacentTissue",
    "off": 11025,
    "sff": "lesion"
  },
  {
    "docID": "N033 Wang 2014 23810979",
    "et": "LesionAdjacentTissue",
    "off": 26766,
    "sff": "lesion"
  },
  {
    "docID": "N033 Wang 2014 23810979",
    "et": "LesionAdjacentTissue",
    "off": 29198,
    "sff": "lesion"
  },
  {
    "docID": "N033 Wang 2014 23810979",
    "et": "LesionAdjacentTissue",
    "off": 19339,
    "sff": "lesion"
  },
  {
    "docID": "N033 Wang 2014 23810979",
    "et": "LesionAdjacentTissue",
    "off": 41913,
    "sff": "lesion"
  },
  {
    "docID": "N033 Wang 2014 23810979",
    "et": "LesionAdjacentTissue",
    "off": 19636,
    "sff": "lesion"
  },
  {
    "docID": "N033 Wang 2014 23810979",
    "et": "LesionAdjacentTissue",
    "off": 22068,
    "sff": "lesion"
  },
  {
    "docID": "N033 Wang 2014 23810979",
    "et": "LesionAdjacentTissue",
    "off": 28865,
    "sff": "lesion"
  },
  {
    "docID": "N033 Wang 2014 23810979",
    "et": "LesionAdjacentTissue",
    "off": 36545,
    "sff": "lesion"
  },
  {
    "docID": "N033 Wang 2014 23810979",
    "et": "LesionAdjacentTissue",
    "off": 20666,
    "sff": "lesion"
  },
  {
    "docID": "N033 Wang 2014 23810979",
    "et": "LesionAdjacentTissue",
    "off": 4649,
    "sff": "lesion"
  },
  {
    "docID": "N033 Wang 2014 23810979",
    "et": "LesionAdjacentTissue",
    "off": 20774,
    "sff": "lesion"
  },
  {
    "docID": "N033 Wang 2014 23810979",
    "et": "LesionAdjacentTissue",
    "off": 25638,
    "sff": "lesion"
  },
  {
    "docID": "N033 Wang 2014 23810979",
    "et": "LesionAdjacentTissue",
    "off": 10663,
    "sff": "lesion"
  },
  {
    "docID": "N033 Wang 2014 23810979",
    "et": "LesionAdjacentTissue",
    "off": 38183,
    "sff": "lesion"
  },
  {
    "docID": "N033 Wang 2014 23810979",
    "et": "LesionAdjacentTissue",
    "off": 27812,
    "sff": "lesion"
  },
  {
    "docID": "N033 Wang 2014 23810979",
    "et": "LesionAdjacentTissue",
    "off": 10789,
    "sff": "lesion"
  },
  {
    "docID": "N033 Wang 2014 23810979",
    "et": "LesionAdjacentTissue",
    "off": 25393,
    "sff": "lesion"
  },
  {
    "docID": "N033 Wang 2014 23810979",
    "et": "LesionAdjacentTissue",
    "off": 33198,
    "sff": "lesion"
  },
  {
    "docID": "N033 Wang 2014 23810979",
    "et": "LesionAdjacentTissue",
    "off": 10283,
    "sff": "lesion"
  },
  {
    "docID": "N033 Wang 2014 23810979",
    "et": "LesionAdjacentTissue",
    "off": 31659,
    "sff": "lesion"
  },
  {
    "docID": "N033 Wang 2014 23810979",
    "et": "LesionAdjacentTissue",
    "off": 36011,
    "sff": "lesion"
  },
  {
    "docID": "N033 Wang 2014 23810979",
    "et": "LesionAdjacentTissue",
    "off": 19160,
    "sff": "lesion"
  },
  {
    "docID": "N033 Wang 2014 23810979",
    "et": "LesionAdjacentTissue",
    "off": 39762,
    "sff": "lesion"
  },
  {
    "docID": "N033 Wang 2014 23810979",
    "et": "LesionAdjacentTissue",
    "off": 29395,
    "sff": "lesion"
  },
  {
    "docID": "N033 Wang 2014 23810979",
    "et": "LesionAdjacentTissue",
    "off": 38227,
    "sff": "lesion"
  },
  {
    "docID": "N033 Wang 2014 23810979",
    "et": "LesionAdjacentTissue",
    "off": 25312,
    "sff": "lesion"
  },
  {
    "docID": "N033 Wang 2014 23810979",
    "et": "LesionAdjacentTissue",
    "off": 16348,
    "sff": "Lesion"
  },
  {
    "docID": "N033 Wang 2014 23810979",
    "et": "LesionAdjacentTissue",
    "off": 26589,
    "sff": "lesion"
  },
  {
    "docID": "N033 Wang 2014 23810979",
    "et": "LesionAdjacentTissue",
    "off": 38107,
    "sff": "lesion"
  },
  {
    "docID": "N033 Wang 2014 23810979",
    "et": "LesionAdjacentTissue",
    "off": 26185,
    "sff": "lesion"
  },
  {
    "docID": "N033 Wang 2014 23810979",
    "et": "LesionAdjacentTissue",
    "off": 25924,
    "sff": "lesion"
  },
  {
    "docID": "N033 Wang 2014 23810979",
    "et": "LesionAdjacentTissue",
    "off": 14671,
    "sff": "lesion"
  },
  {
    "docID": "N033 Wang 2014 23810979",
    "et": "LesionAdjacentTissue",
    "off": 25551,
    "sff": "lesion"
  },
  {
    "docID": "N033 Wang 2014 23810979",
    "et": "LesionAdjacentTissue",
    "off": 29645,
    "sff": "lesion"
  },
  {
    "docID": "N033 Wang 2014 23810979",
    "et": "LesionAdjacentTissue",
    "off": 18891,
    "sff": "lesion"
  },
  {
    "docID": "N033 Wang 2014 23810979",
    "et": "InfusionDelivery",
    "off": 25973,
    "sff": "infusion"
  },
  {
    "docID": "N033 Wang 2014 23810979",
    "et": "InfusionDelivery",
    "off": 29285,
    "sff": "infusion"
  },
  {
    "docID": "N033 Wang 2014 23810979",
    "et": "InfusionDelivery",
    "off": 11094,
    "sff": "infusion"
  },
  {
    "docID": "N033 Wang 2014 23810979",
    "et": "InfusionDelivery",
    "off": 29619,
    "sff": "infusion"
  },
  {
    "docID": "N033 Wang 2014 23810979",
    "et": "InfusionDelivery",
    "off": 900,
    "sff": "infusion"
  },
  {
    "docID": "N033 Wang 2014 23810979",
    "et": "Cervical",
    "off": 9971,
    "sff": "cervical"
  },
  {
    "docID": "N033 Wang 2014 23810979",
    "et": "Cervical",
    "off": 46805,
    "sff": "cervical"
  },
  {
    "docID": "N033 Wang 2014 23810979",
    "et": "Cervical",
    "off": 231,
    "sff": "Cervical"
  },
  {
    "docID": "N033 Wang 2014 23810979",
    "et": "Cervical",
    "off": 1263,
    "sff": "cervical"
  },
  {
    "docID": "N033 Wang 2014 23810979",
    "et": "Cervical",
    "off": 1474,
    "sff": "cervical"
  },
  {
    "docID": "N033 Wang 2014 23810979",
    "et": "CentralNervousSystem",
    "off": 2146,
    "sff": "central"
  },
  {
    "docID": "N033 Wang 2014 23810979",
    "et": "CentralNervousSystem",
    "off": 10325,
    "sff": "central"
  },
  {
    "docID": "N033 Wang 2014 23810979",
    "et": "CentralNervousSystem",
    "off": 14423,
    "sff": "central"
  },
  {
    "docID": "N033 Wang 2014 23810979",
    "et": "CentralNervousSystem",
    "off": 50595,
    "sff": "central nervous system"
  },
  {
    "docID": "N033 Wang 2014 23810979",
    "et": "CentralNervousSystem",
    "off": 50595,
    "sff": "central nervous"
  },
  {
    "docID": "N033 Wang 2014 23810979",
    "et": "CentralNervousSystem",
    "off": 49668,
    "sff": "central nervous"
  },
  {
    "docID": "N033 Wang 2014 23810979",
    "et": "SpinalGrayMatter",
    "off": 42818,
    "sff": "Spinal"
  },
  {
    "docID": "N033 Wang 2014 23810979",
    "et": "SpinalGrayMatter",
    "off": 36938,
    "sff": "spinal"
  },
  {
    "docID": "N033 Wang 2014 23810979",
    "et": "SpinalGrayMatter",
    "off": 50250,
    "sff": "spinal"
  },
  {
    "docID": "N033 Wang 2014 23810979",
    "et": "SpinalGrayMatter",
    "off": 44617,
    "sff": "spinal"
  },
  {
    "docID": "N033 Wang 2014 23810979",
    "et": "SpinalGrayMatter",
    "off": 44809,
    "sff": "spinal"
  },
  {
    "docID": "N033 Wang 2014 23810979",
    "et": "SpinalGrayMatter",
    "off": 47054,
    "sff": "spinal"
  },
  {
    "docID": "N033 Wang 2014 23810979",
    "et": "SpinalGrayMatter",
    "off": 3391,
    "sff": "spinal"
  },
  {
    "docID": "N033 Wang 2014 23810979",
    "et": "SpinalGrayMatter",
    "off": 47496,
    "sff": "Spinal"
  },
  {
    "docID": "N033 Wang 2014 23810979",
    "et": "SpinalGrayMatter",
    "off": 27971,
    "sff": "gray"
  },
  {
    "docID": "N033 Wang 2014 23810979",
    "et": "SpinalGrayMatter",
    "off": 42573,
    "sff": "Spinal"
  },
  {
    "docID": "N033 Wang 2014 23810979",
    "et": "SpinalGrayMatter",
    "off": 49111,
    "sff": "spinal"
  },
  {
    "docID": "N033 Wang 2014 23810979",
    "et": "SpinalGrayMatter",
    "off": 45081,
    "sff": "spinal"
  },
  {
    "docID": "N033 Wang 2014 23810979",
    "et": "SpinalGrayMatter",
    "off": 10139,
    "sff": "spinal"
  },
  {
    "docID": "N033 Wang 2014 23810979",
    "et": "SpinalGrayMatter",
    "off": 45276,
    "sff": "spinal"
  },
  {
    "docID": "N033 Wang 2014 23810979",
    "et": "SpinalGrayMatter",
    "off": 23964,
    "sff": "spinal"
  },
  {
    "docID": "N033 Wang 2014 23810979",
    "et": "SpinalGrayMatter",
    "off": 9935,
    "sff": "spinal"
  },
  {
    "docID": "N033 Wang 2014 23810979",
    "et": "SpinalGrayMatter",
    "off": 44919,
    "sff": "gray"
  },
  {
    "docID": "N033 Wang 2014 23810979",
    "et": "SpinalGrayMatter",
    "off": 36495,
    "sff": "spinal"
  },
  {
    "docID": "N033 Wang 2014 23810979",
    "et": "SpinalGrayMatter",
    "off": 27498,
    "sff": "spinal"
  },
  {
    "docID": "N033 Wang 2014 23810979",
    "et": "SpinalGrayMatter",
    "off": 44267,
    "sff": "spinal"
  },
  {
    "docID": "N033 Wang 2014 23810979",
    "et": "SpinalGrayMatter",
    "off": 5151,
    "sff": "spinal"
  },
  {
    "docID": "N033 Wang 2014 23810979",
    "et": "SpinalGrayMatter",
    "off": 28128,
    "sff": "spinal"
  },
  {
    "docID": "N033 Wang 2014 23810979",
    "et": "SpinalGrayMatter",
    "off": 27971,
    "sff": "gray matter"
  },
  {
    "docID": "N033 Wang 2014 23810979",
    "et": "SpinalGrayMatter",
    "off": 46370,
    "sff": "spinal"
  },
  {
    "docID": "N033 Wang 2014 23810979",
    "et": "SpinalGrayMatter",
    "off": 51233,
    "sff": "spinal"
  },
  {
    "docID": "N033 Wang 2014 23810979",
    "et": "SpinalGrayMatter",
    "off": 51886,
    "sff": "Spinal"
  },
  {
    "docID": "N033 Wang 2014 23810979",
    "et": "SpinalGrayMatter",
    "off": 366,
    "sff": "Spinal"
  },
  {
    "docID": "N033 Wang 2014 23810979",
    "et": "SpinalGrayMatter",
    "off": 50723,
    "sff": "spinal"
  },
  {
    "docID": "N033 Wang 2014 23810979",
    "et": "SpinalGrayMatter",
    "off": 8869,
    "sff": "spinal"
  },
  {
    "docID": "N033 Wang 2014 23810979",
    "et": "SpinalGrayMatter",
    "off": 1272,
    "sff": "spinal"
  },
  {
    "docID": "N033 Wang 2014 23810979",
    "et": "SpinalGrayMatter",
    "off": 48316,
    "sff": "spinal"
  },
  {
    "docID": "N033 Wang 2014 23810979",
    "et": "SpinalGrayMatter",
    "off": 44919,
    "sff": "gray matter"
  },
  {
    "docID": "N033 Wang 2014 23810979",
    "et": "SpinalGrayMatter",
    "off": 48189,
    "sff": "spinal"
  },
  {
    "docID": "N033 Wang 2014 23810979",
    "et": "SpinalGrayMatter",
    "off": 14319,
    "sff": "spinal"
  },
  {
    "docID": "N033 Wang 2014 23810979",
    "et": "SpinalGrayMatter",
    "off": 25687,
    "sff": "gray"
  },
  {
    "docID": "N033 Wang 2014 23810979",
    "et": "SpinalGrayMatter",
    "off": 48688,
    "sff": "spinal"
  },
  {
    "docID": "N033 Wang 2014 23810979",
    "et": "SpinalGrayMatter",
    "off": 25712,
    "sff": "spinal"
  },
  {
    "docID": "N033 Wang 2014 23810979",
    "et": "SpinalGrayMatter",
    "off": 49519,
    "sff": "spinal"
  },
  {
    "docID": "N033 Wang 2014 23810979",
    "et": "SpinalGrayMatter",
    "off": 247,
    "sff": "Spinal"
  },
  {
    "docID": "N033 Wang 2014 23810979",
    "et": "SpinalGrayMatter",
    "off": 19057,
    "sff": "spinal"
  },
  {
    "docID": "N033 Wang 2014 23810979",
    "et": "SpinalGrayMatter",
    "off": 45620,
    "sff": "spinal"
  },
  {
    "docID": "N033 Wang 2014 23810979",
    "et": "SpinalGrayMatter",
    "off": 50484,
    "sff": "spinal"
  },
  {
    "docID": "N033 Wang 2014 23810979",
    "et": "SpinalGrayMatter",
    "off": 37235,
    "sff": "spinal"
  },
  {
    "docID": "N033 Wang 2014 23810979",
    "et": "SpinalGrayMatter",
    "off": 44150,
    "sff": "spinal"
  },
  {
    "docID": "N033 Wang 2014 23810979",
    "et": "SubstanceApplicationLocation",
    "off": 3812,
    "sff": "substance"
  },
  {
    "docID": "N033 Wang 2014 23810979",
    "et": "C3",
    "off": 13777,
    "sff": "C3"
  },
  {
    "docID": "N033 Wang 2014 23810979",
    "et": "C3",
    "off": 9981,
    "sff": "C3"
  },
  {
    "docID": "N033 Wang 2014 23810979",
    "et": "C4",
    "off": 21202,
    "sff": "C4"
  },
  {
    "docID": "N033 Wang 2014 23810979",
    "et": "C4",
    "off": 1489,
    "sff": "C4"
  },
  {
    "docID": "N033 Wang 2014 23810979",
    "et": "C4",
    "off": 28465,
    "sff": "C4"
  },
  {
    "docID": "N033 Wang 2014 23810979",
    "et": "C4",
    "off": 10461,
    "sff": "C4"
  },
  {
    "docID": "N033 Wang 2014 23810979",
    "et": "C4",
    "off": 27291,
    "sff": "C4"
  },
  {
    "docID": "N033 Wang 2014 23810979",
    "et": "C4",
    "off": 20711,
    "sff": "C4"
  },
  {
    "docID": "N033 Wang 2014 23810979",
    "et": "C4",
    "off": 25014,
    "sff": "C4"
  },
  {
    "docID": "N033 Wang 2014 23810979",
    "et": "C4",
    "off": 19109,
    "sff": "C4"
  },
  {
    "docID": "N033 Wang 2014 23810979",
    "et": "C4",
    "off": 9796,
    "sff": "C4"
  },
  {
    "docID": "N033 Wang 2014 23810979",
    "et": "C4",
    "off": 10084,
    "sff": "C4"
  },
  {
    "docID": "N033 Wang 2014 23810979",
    "et": "C5",
    "off": 13784,
    "sff": "C5"
  },
  {
    "docID": "N033 Wang 2014 23810979",
    "et": "VertebralArea",
    "off": 9987,
    "sff": "vertebral"
  },
  {
    "docID": "N033 Wang 2014 23810979",
    "et": "VertebralArea",
    "off": 51925,
    "sff": "vertebral"
  },
  {
    "docID": "N033 Wang 2014 23810979",
    "et": "CorticospinalTract",
    "off": 24820,
    "sff": "corticospinal"
  },
  {
    "docID": "N033 Wang 2014 23810979",
    "et": "CorticospinalTract",
    "off": 8623,
    "sff": "corticospinal"
  },
  {
    "docID": "N033 Wang 2014 23810979",
    "et": "CorticospinalTract",
    "off": 46159,
    "sff": "corticospinal"
  },
  {
    "docID": "N033 Wang 2014 23810979",
    "et": "CorticospinalTract",
    "off": 31185,
    "sff": "corticospinal"
  },
  {
    "docID": "N033 Wang 2014 23810979",
    "et": "CorticospinalTract",
    "off": 51441,
    "sff": "corticospinal"
  },
  {
    "docID": "N033 Wang 2014 23810979",
    "et": "CorticospinalTract",
    "off": 9675,
    "sff": "corticospinal"
  },
  {
    "docID": "N033 Wang 2014 23810979",
    "et": "CorticospinalTract",
    "off": 172,
    "sff": "Corticospinal Tract"
  },
  {
    "docID": "N033 Wang 2014 23810979",
    "et": "CorticospinalTract",
    "off": 1161,
    "sff": "corticospinal"
  },
  {
    "docID": "N033 Wang 2014 23810979",
    "et": "CorticospinalTract",
    "off": 35594,
    "sff": "corticospinal"
  },
  {
    "docID": "N033 Wang 2014 23810979",
    "et": "CorticospinalTract",
    "off": 23594,
    "sff": "corticospinal"
  },
  {
    "docID": "N033 Wang 2014 23810979",
    "et": "CorticospinalTract",
    "off": 46653,
    "sff": "corticospinal tract"
  },
  {
    "docID": "N033 Wang 2014 23810979",
    "et": "CorticospinalTract",
    "off": 45564,
    "sff": "corticospinal tract"
  },
  {
    "docID": "N033 Wang 2014 23810979",
    "et": "CorticospinalTract",
    "off": 18431,
    "sff": "corticospinal"
  },
  {
    "docID": "N033 Wang 2014 23810979",
    "et": "CorticospinalTract",
    "off": 2914,
    "sff": "corticospinal tract"
  },
  {
    "docID": "N033 Wang 2014 23810979",
    "et": "CorticospinalTract",
    "off": 23872,
    "sff": "corticospinal"
  },
  {
    "docID": "N033 Wang 2014 23810979",
    "et": "CorticospinalTract",
    "off": 17793,
    "sff": "corticospinal"
  },
  {
    "docID": "N033 Wang 2014 23810979",
    "et": "CorticospinalTract",
    "off": 47968,
    "sff": "corticospinal tract"
  },
  {
    "docID": "N033 Wang 2014 23810979",
    "et": "CorticospinalTract",
    "off": 1043,
    "sff": "corticospinal tract"
  },
  {
    "docID": "N033 Wang 2014 23810979",
    "et": "CorticospinalTract",
    "off": 24599,
    "sff": "corticospinal"
  },
  {
    "docID": "N033 Wang 2014 23810979",
    "et": "SpinalCentralPart",
    "off": 8869,
    "sff": "spinal"
  },
  {
    "docID": "N033 Wang 2014 23810979",
    "et": "SpinalCentralPart",
    "off": 50723,
    "sff": "spinal"
  },
  {
    "docID": "N033 Wang 2014 23810979",
    "et": "SpinalCentralPart",
    "off": 46370,
    "sff": "spinal"
  },
  {
    "docID": "N033 Wang 2014 23810979",
    "et": "SpinalCentralPart",
    "off": 51233,
    "sff": "spinal"
  },
  {
    "docID": "N033 Wang 2014 23810979",
    "et": "SpinalCentralPart",
    "off": 5151,
    "sff": "spinal"
  },
  {
    "docID": "N033 Wang 2014 23810979",
    "et": "SpinalCentralPart",
    "off": 28128,
    "sff": "spinal"
  },
  {
    "docID": "N033 Wang 2014 23810979",
    "et": "SpinalCentralPart",
    "off": 23964,
    "sff": "spinal"
  },
  {
    "docID": "N033 Wang 2014 23810979",
    "et": "SpinalCentralPart",
    "off": 45276,
    "sff": "spinal"
  },
  {
    "docID": "N033 Wang 2014 23810979",
    "et": "SpinalCentralPart",
    "off": 10139,
    "sff": "spinal"
  },
  {
    "docID": "N033 Wang 2014 23810979",
    "et": "SpinalCentralPart",
    "off": 45081,
    "sff": "spinal"
  },
  {
    "docID": "N033 Wang 2014 23810979",
    "et": "SpinalCentralPart",
    "off": 49111,
    "sff": "spinal"
  },
  {
    "docID": "N033 Wang 2014 23810979",
    "et": "SpinalCentralPart",
    "off": 50595,
    "sff": "central"
  },
  {
    "docID": "N033 Wang 2014 23810979",
    "et": "SpinalCentralPart",
    "off": 2146,
    "sff": "central"
  },
  {
    "docID": "N033 Wang 2014 23810979",
    "et": "SpinalCentralPart",
    "off": 9935,
    "sff": "spinal"
  },
  {
    "docID": "N033 Wang 2014 23810979",
    "et": "SpinalCentralPart",
    "off": 36495,
    "sff": "spinal"
  },
  {
    "docID": "N033 Wang 2014 23810979",
    "et": "SpinalCentralPart",
    "off": 47054,
    "sff": "spinal"
  },
  {
    "docID": "N033 Wang 2014 23810979",
    "et": "SpinalCentralPart",
    "off": 42573,
    "sff": "Spinal"
  },
  {
    "docID": "N033 Wang 2014 23810979",
    "et": "SpinalCentralPart",
    "off": 36938,
    "sff": "spinal"
  },
  {
    "docID": "N033 Wang 2014 23810979",
    "et": "SpinalCentralPart",
    "off": 50250,
    "sff": "spinal"
  },
  {
    "docID": "N033 Wang 2014 23810979",
    "et": "SpinalCentralPart",
    "off": 44617,
    "sff": "spinal"
  },
  {
    "docID": "N033 Wang 2014 23810979",
    "et": "SpinalCentralPart",
    "off": 44809,
    "sff": "spinal"
  },
  {
    "docID": "N033 Wang 2014 23810979",
    "et": "SpinalCentralPart",
    "off": 14423,
    "sff": "central"
  },
  {
    "docID": "N033 Wang 2014 23810979",
    "et": "SpinalCentralPart",
    "off": 42818,
    "sff": "Spinal"
  },
  {
    "docID": "N033 Wang 2014 23810979",
    "et": "SpinalCentralPart",
    "off": 10325,
    "sff": "central"
  },
  {
    "docID": "N033 Wang 2014 23810979",
    "et": "SpinalCentralPart",
    "off": 47496,
    "sff": "Spinal"
  },
  {
    "docID": "N033 Wang 2014 23810979",
    "et": "SpinalCentralPart",
    "off": 3391,
    "sff": "spinal"
  },
  {
    "docID": "N033 Wang 2014 23810979",
    "et": "SpinalCentralPart",
    "off": 48189,
    "sff": "spinal"
  },
  {
    "docID": "N033 Wang 2014 23810979",
    "et": "SpinalCentralPart",
    "off": 48316,
    "sff": "spinal"
  },
  {
    "docID": "N033 Wang 2014 23810979",
    "et": "SpinalCentralPart",
    "off": 1272,
    "sff": "spinal"
  },
  {
    "docID": "N033 Wang 2014 23810979",
    "et": "SpinalCentralPart",
    "off": 44150,
    "sff": "spinal"
  },
  {
    "docID": "N033 Wang 2014 23810979",
    "et": "SpinalCentralPart",
    "off": 45620,
    "sff": "spinal"
  },
  {
    "docID": "N033 Wang 2014 23810979",
    "et": "SpinalCentralPart",
    "off": 49668,
    "sff": "central"
  },
  {
    "docID": "N033 Wang 2014 23810979",
    "et": "SpinalCentralPart",
    "off": 50484,
    "sff": "spinal"
  },
  {
    "docID": "N033 Wang 2014 23810979",
    "et": "SpinalCentralPart",
    "off": 37235,
    "sff": "spinal"
  },
  {
    "docID": "N033 Wang 2014 23810979",
    "et": "SpinalCentralPart",
    "off": 247,
    "sff": "Spinal"
  },
  {
    "docID": "N033 Wang 2014 23810979",
    "et": "SpinalCentralPart",
    "off": 19057,
    "sff": "spinal"
  },
  {
    "docID": "N033 Wang 2014 23810979",
    "et": "SpinalCentralPart",
    "off": 25712,
    "sff": "spinal"
  },
  {
    "docID": "N033 Wang 2014 23810979",
    "et": "SpinalCentralPart",
    "off": 48688,
    "sff": "spinal"
  },
  {
    "docID": "N033 Wang 2014 23810979",
    "et": "SpinalCentralPart",
    "off": 14319,
    "sff": "spinal"
  },
  {
    "docID": "N033 Wang 2014 23810979",
    "et": "SpinalCentralPart",
    "off": 49519,
    "sff": "spinal"
  },
  {
    "docID": "N033 Wang 2014 23810979",
    "et": "SpinalCentralPart",
    "off": 366,
    "sff": "Spinal"
  },
  {
    "docID": "N033 Wang 2014 23810979",
    "et": "SpinalCentralPart",
    "off": 44267,
    "sff": "spinal"
  },
  {
    "docID": "N033 Wang 2014 23810979",
    "et": "SpinalCentralPart",
    "off": 27498,
    "sff": "spinal"
  },
  {
    "docID": "N033 Wang 2014 23810979",
    "et": "SpinalCentralPart",
    "off": 51886,
    "sff": "Spinal"
  },
  {
    "docID": "N033 Wang 2014 23810979",
    "et": "InjectionDelivery",
    "off": 10706,
    "sff": "injection"
  },
  {
    "docID": "N033 Wang 2014 23810979",
    "et": "InjectionDelivery",
    "off": 25905,
    "sff": "injection"
  },
  {
    "docID": "N033 Wang 2014 23810979",
    "et": "InjectionDelivery",
    "off": 25844,
    "sff": "injection"
  },
  {
    "docID": "N033 Wang 2014 23810979",
    "et": "InjectionDelivery",
    "off": 10675,
    "sff": "injection"
  },
  {
    "docID": "N033 Wang 2014 23810979",
    "et": "InjectionDelivery",
    "off": 10585,
    "sff": "injection"
  },
  {
    "docID": "N033 Wang 2014 23810979",
    "et": "InjectionDelivery",
    "off": 17912,
    "sff": "injection"
  },
  {
    "docID": "N033 Wang 2014 23810979",
    "et": "InjectionDelivery",
    "off": 26040,
    "sff": "injection"
  },
  {
    "docID": "N033 Wang 2014 23810979",
    "et": "InjectionDelivery",
    "off": 10814,
    "sff": "injection"
  },
  {
    "docID": "N033 Wang 2014 23810979",
    "et": "InjectionDelivery",
    "off": 11230,
    "sff": "injection"
  },
  {
    "docID": "N033 Wang 2014 23810979",
    "et": "InjectionDelivery",
    "off": 11037,
    "sff": "injection"
  },
  {
    "docID": "N033 Wang 2014 23810979",
    "et": "InjectionDelivery",
    "off": 10914,
    "sff": "injection"
  },
  {
    "docID": "N033 Wang 2014 23810979",
    "et": "InjectionDelivery",
    "off": 22080,
    "sff": "injection"
  },
  {
    "docID": "N033 Wang 2014 23810979",
    "et": "InjectionDelivery",
    "off": 27392,
    "sff": "injection"
  },
  {
    "docID": "N033 Wang 2014 23810979",
    "et": "InjectionDelivery",
    "off": 20678,
    "sff": "injection"
  },
  {
    "docID": "N033 Wang 2014 23810979",
    "et": "InjectionDelivery",
    "off": 26275,
    "sff": "injection"
  },
  {
    "docID": "N033 Wang 2014 23810979",
    "et": "InjectionDelivery",
    "off": 32771,
    "sff": "injection"
  },
  {
    "docID": "N033 Wang 2014 23810979",
    "et": "InjectionDelivery",
    "off": 10983,
    "sff": "injection"
  },
  {
    "docID": "N033 Wang 2014 23810979",
    "et": "InjectionDelivery",
    "off": 25293,
    "sff": "injection"
  },
  {
    "docID": "N033 Wang 2014 23810979",
    "et": "InjectionDelivery",
    "off": 37869,
    "sff": "injection"
  },
  {
    "docID": "N033 Wang 2014 23810979",
    "et": "InjectionDelivery",
    "off": 32619,
    "sff": "injection"
  },
  {
    "docID": "N033 Wang 2014 23810979",
    "et": "VertebralSegment",
    "off": 9987,
    "sff": "vertebral"
  },
  {
    "docID": "N033 Wang 2014 23810979",
    "et": "VertebralSegment",
    "off": 51925,
    "sff": "vertebral"
  },
  {
    "docID": "N033 Wang 2014 23810979",
    "et": "SpinalLesionSite",
    "off": 28128,
    "sff": "spinal"
  },
  {
    "docID": "N033 Wang 2014 23810979",
    "et": "SpinalLesionSite",
    "off": 10789,
    "sff": "lesion"
  },
  {
    "docID": "N033 Wang 2014 23810979",
    "et": "SpinalLesionSite",
    "off": 16348,
    "sff": "Lesion"
  },
  {
    "docID": "N033 Wang 2014 23810979",
    "et": "SpinalLesionSite",
    "off": 20774,
    "sff": "lesion"
  },
  {
    "docID": "N033 Wang 2014 23810979",
    "et": "SpinalLesionSite",
    "off": 25638,
    "sff": "lesion"
  },
  {
    "docID": "N033 Wang 2014 23810979",
    "et": "SpinalLesionSite",
    "off": 10283,
    "sff": "lesion"
  },
  {
    "docID": "N033 Wang 2014 23810979",
    "et": "SpinalLesionSite",
    "off": 31659,
    "sff": "lesion site"
  },
  {
    "docID": "N033 Wang 2014 23810979",
    "et": "SpinalLesionSite",
    "off": 36011,
    "sff": "lesion site"
  },
  {
    "docID": "N033 Wang 2014 23810979",
    "et": "SpinalLesionSite",
    "off": 4649,
    "sff": "lesion"
  },
  {
    "docID": "N033 Wang 2014 23810979",
    "et": "SpinalLesionSite",
    "off": 44267,
    "sff": "spinal"
  },
  {
    "docID": "N033 Wang 2014 23810979",
    "et": "SpinalLesionSite",
    "off": 10663,
    "sff": "lesion site"
  },
  {
    "docID": "N033 Wang 2014 23810979",
    "et": "SpinalLesionSite",
    "off": 38183,
    "sff": "lesion"
  },
  {
    "docID": "N033 Wang 2014 23810979",
    "et": "SpinalLesionSite",
    "off": 14319,
    "sff": "spinal"
  },
  {
    "docID": "N033 Wang 2014 23810979",
    "et": "SpinalLesionSite",
    "off": 27812,
    "sff": "lesion site"
  },
  {
    "docID": "N033 Wang 2014 23810979",
    "et": "SpinalLesionSite",
    "off": 28865,
    "sff": "lesion site"
  },
  {
    "docID": "N033 Wang 2014 23810979",
    "et": "SpinalLesionSite",
    "off": 37397,
    "sff": "lesion"
  },
  {
    "docID": "N033 Wang 2014 23810979",
    "et": "SpinalLesionSite",
    "off": 37904,
    "sff": "lesion"
  },
  {
    "docID": "N033 Wang 2014 23810979",
    "et": "SpinalLesionSite",
    "off": 51886,
    "sff": "Spinal"
  },
  {
    "docID": "N033 Wang 2014 23810979",
    "et": "SpinalLesionSite",
    "off": 11025,
    "sff": "lesion"
  },
  {
    "docID": "N033 Wang 2014 23810979",
    "et": "SpinalLesionSite",
    "off": 49111,
    "sff": "spinal"
  },
  {
    "docID": "N033 Wang 2014 23810979",
    "et": "SpinalLesionSite",
    "off": 25362,
    "sff": "lesion"
  },
  {
    "docID": "N033 Wang 2014 23810979",
    "et": "SpinalLesionSite",
    "off": 30738,
    "sff": "lesion"
  },
  {
    "docID": "N033 Wang 2014 23810979",
    "et": "SpinalLesionSite",
    "off": 20666,
    "sff": "lesion site"
  },
  {
    "docID": "N033 Wang 2014 23810979",
    "et": "SpinalLesionSite",
    "off": 41913,
    "sff": "lesion site"
  },
  {
    "docID": "N033 Wang 2014 23810979",
    "et": "SpinalLesionSite",
    "off": 45276,
    "sff": "spinal"
  },
  {
    "docID": "N033 Wang 2014 23810979",
    "et": "SpinalLesionSite",
    "off": 25924,
    "sff": "lesion"
  },
  {
    "docID": "N033 Wang 2014 23810979",
    "et": "SpinalLesionSite",
    "off": 26766,
    "sff": "lesion site"
  },
  {
    "docID": "N033 Wang 2014 23810979",
    "et": "SpinalLesionSite",
    "off": 19339,
    "sff": "lesion site"
  },
  {
    "docID": "N033 Wang 2014 23810979",
    "et": "SpinalLesionSite",
    "off": 44809,
    "sff": "spinal"
  },
  {
    "docID": "N033 Wang 2014 23810979",
    "et": "SpinalLesionSite",
    "off": 25991,
    "sff": "lesion site"
  },
  {
    "docID": "N033 Wang 2014 23810979",
    "et": "SpinalLesionSite",
    "off": 26185,
    "sff": "lesion"
  },
  {
    "docID": "N033 Wang 2014 23810979",
    "et": "SpinalLesionSite",
    "off": 22068,
    "sff": "lesion"
  },
  {
    "docID": "N033 Wang 2014 23810979",
    "et": "SpinalLesionSite",
    "off": 47496,
    "sff": "Spinal"
  },
  {
    "docID": "N033 Wang 2014 23810979",
    "et": "SpinalLesionSite",
    "off": 25393,
    "sff": "lesion"
  },
  {
    "docID": "N033 Wang 2014 23810979",
    "et": "SpinalLesionSite",
    "off": 20380,
    "sff": "lesion site"
  },
  {
    "docID": "N033 Wang 2014 23810979",
    "et": "SpinalLesionSite",
    "off": 1272,
    "sff": "spinal"
  },
  {
    "docID": "N033 Wang 2014 23810979",
    "et": "SpinalLesionSite",
    "off": 51233,
    "sff": "spinal"
  },
  {
    "docID": "N033 Wang 2014 23810979",
    "et": "SpinalLesionSite",
    "off": 16497,
    "sff": "lesion site"
  },
  {
    "docID": "N033 Wang 2014 23810979",
    "et": "SpinalLesionSite",
    "off": 46370,
    "sff": "spinal"
  },
  {
    "docID": "N033 Wang 2014 23810979",
    "et": "SpinalLesionSite",
    "off": 50723,
    "sff": "spinal"
  },
  {
    "docID": "N033 Wang 2014 23810979",
    "et": "SpinalLesionSite",
    "off": 25312,
    "sff": "lesion"
  },
  {
    "docID": "N033 Wang 2014 23810979",
    "et": "SpinalLesionSite",
    "off": 14823,
    "sff": "lesion"
  },
  {
    "docID": "N033 Wang 2014 23810979",
    "et": "SpinalLesionSite",
    "off": 10730,
    "sff": "lesion"
  },
  {
    "docID": "N033 Wang 2014 23810979",
    "et": "SpinalLesionSite",
    "off": 29395,
    "sff": "lesion"
  },
  {
    "docID": "N033 Wang 2014 23810979",
    "et": "SpinalLesionSite",
    "off": 366,
    "sff": "Spinal"
  },
  {
    "docID": "N033 Wang 2014 23810979",
    "et": "SpinalLesionSite",
    "off": 25551,
    "sff": "lesion"
  },
  {
    "docID": "N033 Wang 2014 23810979",
    "et": "SpinalLesionSite",
    "off": 38107,
    "sff": "lesion"
  },
  {
    "docID": "N033 Wang 2014 23810979",
    "et": "SpinalLesionSite",
    "off": 45081,
    "sff": "spinal"
  },
  {
    "docID": "N033 Wang 2014 23810979",
    "et": "SpinalLesionSite",
    "off": 26589,
    "sff": "lesion"
  },
  {
    "docID": "N033 Wang 2014 23810979",
    "et": "SpinalLesionSite",
    "off": 19160,
    "sff": "lesion"
  },
  {
    "docID": "N033 Wang 2014 23810979",
    "et": "SpinalLesionSite",
    "off": 19830,
    "sff": "lesion site"
  },
  {
    "docID": "N033 Wang 2014 23810979",
    "et": "SpinalLesionSite",
    "off": 38006,
    "sff": "lesion site"
  },
  {
    "docID": "N033 Wang 2014 23810979",
    "et": "SpinalLesionSite",
    "off": 5151,
    "sff": "spinal"
  },
  {
    "docID": "N033 Wang 2014 23810979",
    "et": "SpinalLesionSite",
    "off": 38227,
    "sff": "lesion site"
  },
  {
    "docID": "N033 Wang 2014 23810979",
    "et": "SpinalLesionSite",
    "off": 39762,
    "sff": "lesion site"
  },
  {
    "docID": "N033 Wang 2014 23810979",
    "et": "SpinalLesionSite",
    "off": 2566,
    "sff": "lesion"
  },
  {
    "docID": "N033 Wang 2014 23810979",
    "et": "SpinalLesionSite",
    "off": 44617,
    "sff": "spinal"
  },
  {
    "docID": "N033 Wang 2014 23810979",
    "et": "SpinalLesionSite",
    "off": 26185,
    "sff": "lesion site"
  },
  {
    "docID": "N033 Wang 2014 23810979",
    "et": "SpinalLesionSite",
    "off": 36938,
    "sff": "spinal"
  },
  {
    "docID": "N033 Wang 2014 23810979",
    "et": "SpinalLesionSite",
    "off": 29198,
    "sff": "lesion"
  },
  {
    "docID": "N033 Wang 2014 23810979",
    "et": "SpinalLesionSite",
    "off": 50250,
    "sff": "spinal"
  },
  {
    "docID": "N033 Wang 2014 23810979",
    "et": "SpinalLesionSite",
    "off": 25924,
    "sff": "lesion site"
  },
  {
    "docID": "N033 Wang 2014 23810979",
    "et": "SpinalLesionSite",
    "off": 27380,
    "sff": "lesion"
  },
  {
    "docID": "N033 Wang 2014 23810979",
    "et": "SpinalLesionSite",
    "off": 48688,
    "sff": "spinal"
  },
  {
    "docID": "N033 Wang 2014 23810979",
    "et": "SpinalLesionSite",
    "off": 33525,
    "sff": "lesion"
  },
  {
    "docID": "N033 Wang 2014 23810979",
    "et": "SpinalLesionSite",
    "off": 4847,
    "sff": "lesion"
  },
  {
    "docID": "N033 Wang 2014 23810979",
    "et": "SpinalLesionSite",
    "off": 45620,
    "sff": "spinal"
  },
  {
    "docID": "N033 Wang 2014 23810979",
    "et": "SpinalLesionSite",
    "off": 50484,
    "sff": "spinal"
  },
  {
    "docID": "N033 Wang 2014 23810979",
    "et": "SpinalLesionSite",
    "off": 42573,
    "sff": "Spinal"
  },
  {
    "docID": "N033 Wang 2014 23810979",
    "et": "SpinalLesionSite",
    "off": 42818,
    "sff": "Spinal"
  },
  {
    "docID": "N033 Wang 2014 23810979",
    "et": "SpinalLesionSite",
    "off": 48189,
    "sff": "spinal"
  },
  {
    "docID": "N033 Wang 2014 23810979",
    "et": "SpinalLesionSite",
    "off": 3391,
    "sff": "spinal"
  },
  {
    "docID": "N033 Wang 2014 23810979",
    "et": "SpinalLesionSite",
    "off": 27812,
    "sff": "lesion"
  },
  {
    "docID": "N033 Wang 2014 23810979",
    "et": "SpinalLesionSite",
    "off": 31659,
    "sff": "lesion"
  },
  {
    "docID": "N033 Wang 2014 23810979",
    "et": "SpinalLesionSite",
    "off": 36011,
    "sff": "lesion"
  },
  {
    "docID": "N033 Wang 2014 23810979",
    "et": "SpinalLesionSite",
    "off": 4649,
    "sff": "lesion site"
  },
  {
    "docID": "N033 Wang 2014 23810979",
    "et": "SpinalLesionSite",
    "off": 27498,
    "sff": "spinal"
  },
  {
    "docID": "N033 Wang 2014 23810979",
    "et": "SpinalLesionSite",
    "off": 33198,
    "sff": "lesion"
  },
  {
    "docID": "N033 Wang 2014 23810979",
    "et": "SpinalLesionSite",
    "off": 10663,
    "sff": "lesion"
  },
  {
    "docID": "N033 Wang 2014 23810979",
    "et": "SpinalLesionSite",
    "off": 49519,
    "sff": "spinal"
  },
  {
    "docID": "N033 Wang 2014 23810979",
    "et": "SpinalLesionSite",
    "off": 41627,
    "sff": "lesion"
  },
  {
    "docID": "N033 Wang 2014 23810979",
    "et": "SpinalLesionSite",
    "off": 20380,
    "sff": "lesion"
  },
  {
    "docID": "N033 Wang 2014 23810979",
    "et": "SpinalLesionSite",
    "off": 22068,
    "sff": "lesion site"
  },
  {
    "docID": "N033 Wang 2014 23810979",
    "et": "SpinalLesionSite",
    "off": 30738,
    "sff": "lesion site"
  },
  {
    "docID": "N033 Wang 2014 23810979",
    "et": "SpinalLesionSite",
    "off": 11025,
    "sff": "lesion site"
  },
  {
    "docID": "N033 Wang 2014 23810979",
    "et": "SpinalLesionSite",
    "off": 37904,
    "sff": "lesion site"
  },
  {
    "docID": "N033 Wang 2014 23810979",
    "et": "SpinalLesionSite",
    "off": 28865,
    "sff": "lesion"
  },
  {
    "docID": "N033 Wang 2014 23810979",
    "et": "SpinalLesionSite",
    "off": 36545,
    "sff": "lesion"
  },
  {
    "docID": "N033 Wang 2014 23810979",
    "et": "SpinalLesionSite",
    "off": 18891,
    "sff": "lesion"
  },
  {
    "docID": "N033 Wang 2014 23810979",
    "et": "SpinalLesionSite",
    "off": 29645,
    "sff": "lesion"
  },
  {
    "docID": "N033 Wang 2014 23810979",
    "et": "SpinalLesionSite",
    "off": 247,
    "sff": "Spinal"
  },
  {
    "docID": "N033 Wang 2014 23810979",
    "et": "SpinalLesionSite",
    "off": 2566,
    "sff": "lesion site"
  },
  {
    "docID": "N033 Wang 2014 23810979",
    "et": "SpinalLesionSite",
    "off": 36495,
    "sff": "spinal"
  },
  {
    "docID": "N033 Wang 2014 23810979",
    "et": "SpinalLesionSite",
    "off": 25712,
    "sff": "spinal"
  },
  {
    "docID": "N033 Wang 2014 23810979",
    "et": "SpinalLesionSite",
    "off": 19057,
    "sff": "spinal"
  },
  {
    "docID": "N033 Wang 2014 23810979",
    "et": "SpinalLesionSite",
    "off": 19636,
    "sff": "lesion"
  },
  {
    "docID": "N033 Wang 2014 23810979",
    "et": "SpinalLesionSite",
    "off": 37235,
    "sff": "spinal"
  },
  {
    "docID": "N033 Wang 2014 23810979",
    "et": "SpinalLesionSite",
    "off": 44150,
    "sff": "spinal"
  },
  {
    "docID": "N033 Wang 2014 23810979",
    "et": "SpinalLesionSite",
    "off": 41913,
    "sff": "lesion"
  },
  {
    "docID": "N033 Wang 2014 23810979",
    "et": "SpinalLesionSite",
    "off": 20666,
    "sff": "lesion"
  },
  {
    "docID": "N033 Wang 2014 23810979",
    "et": "SpinalLesionSite",
    "off": 25187,
    "sff": "lesion"
  },
  {
    "docID": "N033 Wang 2014 23810979",
    "et": "SpinalLesionSite",
    "off": 13980,
    "sff": "Lesion"
  },
  {
    "docID": "N033 Wang 2014 23810979",
    "et": "SpinalLesionSite",
    "off": 4847,
    "sff": "lesion site"
  },
  {
    "docID": "N033 Wang 2014 23810979",
    "et": "SpinalLesionSite",
    "off": 8869,
    "sff": "spinal"
  },
  {
    "docID": "N033 Wang 2014 23810979",
    "et": "SpinalLesionSite",
    "off": 38227,
    "sff": "lesion"
  },
  {
    "docID": "N033 Wang 2014 23810979",
    "et": "SpinalLesionSite",
    "off": 14671,
    "sff": "lesion"
  },
  {
    "docID": "N033 Wang 2014 23810979",
    "et": "SpinalLesionSite",
    "off": 39762,
    "sff": "lesion"
  },
  {
    "docID": "N033 Wang 2014 23810979",
    "et": "SpinalLesionSite",
    "off": 10139,
    "sff": "spinal"
  },
  {
    "docID": "N033 Wang 2014 23810979",
    "et": "SpinalLesionSite",
    "off": 23964,
    "sff": "spinal"
  },
  {
    "docID": "N033 Wang 2014 23810979",
    "et": "SpinalLesionSite",
    "off": 33525,
    "sff": "lesion site"
  },
  {
    "docID": "N033 Wang 2014 23810979",
    "et": "SpinalLesionSite",
    "off": 27380,
    "sff": "lesion site"
  },
  {
    "docID": "N033 Wang 2014 23810979",
    "et": "SpinalLesionSite",
    "off": 29395,
    "sff": "lesion site"
  },
  {
    "docID": "N033 Wang 2014 23810979",
    "et": "SpinalLesionSite",
    "off": 25551,
    "sff": "lesion site"
  },
  {
    "docID": "N033 Wang 2014 23810979",
    "et": "SpinalLesionSite",
    "off": 29645,
    "sff": "lesion site"
  },
  {
    "docID": "N033 Wang 2014 23810979",
    "et": "SpinalLesionSite",
    "off": 19339,
    "sff": "lesion"
  },
  {
    "docID": "N033 Wang 2014 23810979",
    "et": "SpinalLesionSite",
    "off": 26766,
    "sff": "lesion"
  },
  {
    "docID": "N033 Wang 2014 23810979",
    "et": "SpinalLesionSite",
    "off": 25991,
    "sff": "lesion"
  },
  {
    "docID": "N033 Wang 2014 23810979",
    "et": "SpinalLesionSite",
    "off": 9935,
    "sff": "spinal"
  },
  {
    "docID": "N033 Wang 2014 23810979",
    "et": "SpinalLesionSite",
    "off": 47054,
    "sff": "spinal"
  },
  {
    "docID": "N033 Wang 2014 23810979",
    "et": "SpinalLesionSite",
    "off": 3185,
    "sff": "lesion"
  },
  {
    "docID": "N033 Wang 2014 23810979",
    "et": "SpinalLesionSite",
    "off": 19830,
    "sff": "lesion"
  },
  {
    "docID": "N033 Wang 2014 23810979",
    "et": "SpinalLesionSite",
    "off": 25312,
    "sff": "lesion site"
  },
  {
    "docID": "N033 Wang 2014 23810979",
    "et": "SpinalLesionSite",
    "off": 38006,
    "sff": "lesion"
  },
  {
    "docID": "N033 Wang 2014 23810979",
    "et": "SpinalLesionSite",
    "off": 16497,
    "sff": "lesion"
  },
  {
    "docID": "N033 Wang 2014 23810979",
    "et": "SpinalLesionSite",
    "off": 26589,
    "sff": "lesion site"
  },
  {
    "docID": "N033 Wang 2014 23810979",
    "et": "SpinalLesionSite",
    "off": 48316,
    "sff": "spinal"
  },
  {
    "docID": "N033 Wang 2014 23810979",
    "et": "T2",
    "off": 23961,
    "sff": "T2"
  },
  {
    "docID": "N033 Wang 2014 23810979",
    "et": "T2",
    "off": 8865,
    "sff": "T2"
  }
]
