[
  {
    "docID": "N034 Wilems 2015 26384702",
    "et": "T6",
    "off": 17082,
    "sff": "T6"
  },
  {
    "docID": "N034 Wilems 2015 26384702",
    "et": "T7",
    "off": 17267,
    "sff": "T7"
  },
  {
    "docID": "N034 Wilems 2015 26384702",
    "et": "T8",
    "off": 17153,
    "sff": "T8"
  },
  {
    "docID": "N034 Wilems 2015 26384702",
    "et": "T9",
    "off": 17274,
    "sff": "T9"
  },
  {
    "docID": "N034 Wilems 2015 26384702",
    "et": "SubcutaneousLocation",
    "off": 55477,
    "sff": "subcutaneous"
  },
  {
    "docID": "N034 Wilems 2015 26384702",
    "et": "SubcutaneousLocation",
    "off": 36813,
    "sff": "subcutaneous"
  },
  {
    "docID": "N034 Wilems 2015 26384702",
    "et": "T10",
    "off": 17088,
    "sff": "T10"
  },
  {
    "docID": "N034 Wilems 2015 26384702",
    "et": "Lumbar",
    "off": 45068,
    "sff": "lumbar"
  },
  {
    "docID": "N034 Wilems 2015 26384702",
    "et": "Thoracic",
    "off": 28313,
    "sff": "thoracic"
  },
  {
    "docID": "N034 Wilems 2015 26384702",
    "et": "VertebralLocation",
    "off": 17245,
    "sff": "vertebral"
  },
  {
    "docID": "N034 Wilems 2015 26384702",
    "et": "VertebralLocation",
    "off": 17057,
    "sff": "vertebral"
  },
  {
    "docID": "N034 Wilems 2015 26384702",
    "et": "Brain",
    "off": 49084,
    "sff": "brain"
  },
  {
    "docID": "N034 Wilems 2015 26384702",
    "et": "Brain",
    "off": 51474,
    "sff": "Brain"
  },
  {
    "docID": "N034 Wilems 2015 26384702",
    "et": "Brain",
    "off": 50760,
    "sff": "brain"
  },
  {
    "docID": "N034 Wilems 2015 26384702",
    "et": "Brain",
    "off": 43367,
    "sff": "Brain"
  },
  {
    "docID": "N034 Wilems 2015 26384702",
    "et": "AscendingFiberTract",
    "off": 41319,
    "sff": "fiber"
  },
  {
    "docID": "N034 Wilems 2015 26384702",
    "et": "Intraspinal",
    "off": 44909,
    "sff": "intraspinal"
  },
  {
    "docID": "N034 Wilems 2015 26384702",
    "et": "SpinalFiberTract",
    "off": 41319,
    "sff": "fiber"
  },
  {
    "docID": "N034 Wilems 2015 26384702",
    "et": "Intrathecal",
    "off": 7652,
    "sff": "intrathecal"
  },
  {
    "docID": "N034 Wilems 2015 26384702",
    "et": "Intrathecal",
    "off": 52618,
    "sff": "intrathecal"
  },
  {
    "docID": "N034 Wilems 2015 26384702",
    "et": "DeliveryMethod",
    "off": 5410,
    "sff": "Delivery"
  },
  {
    "docID": "N034 Wilems 2015 26384702",
    "et": "DeliveryMethod",
    "off": 7796,
    "sff": "delivery"
  },
  {
    "docID": "N034 Wilems 2015 26384702",
    "et": "DeliveryMethod",
    "off": 33855,
    "sff": "delivery"
  },
  {
    "docID": "N034 Wilems 2015 26384702",
    "et": "DeliveryMethod",
    "off": 1343,
    "sff": "delivery"
  },
  {
    "docID": "N034 Wilems 2015 26384702",
    "et": "DeliveryMethod",
    "off": 8317,
    "sff": "delivery"
  },
  {
    "docID": "N034 Wilems 2015 26384702",
    "et": "DeliveryMethod",
    "off": 52796,
    "sff": "delivery"
  },
  {
    "docID": "N034 Wilems 2015 26384702",
    "et": "DeliveryMethod",
    "off": 14656,
    "sff": "delivery"
  },
  {
    "docID": "N034 Wilems 2015 26384702",
    "et": "DeliveryMethod",
    "off": 45056,
    "sff": "delivery"
  },
  {
    "docID": "N034 Wilems 2015 26384702",
    "et": "DeliveryMethod",
    "off": 8132,
    "sff": "delivery"
  },
  {
    "docID": "N034 Wilems 2015 26384702",
    "et": "DeliveryMethod",
    "off": 54597,
    "sff": "delivery"
  },
  {
    "docID": "N034 Wilems 2015 26384702",
    "et": "DeliveryMethod",
    "off": 42692,
    "sff": "delivery"
  },
  {
    "docID": "N034 Wilems 2015 26384702",
    "et": "DeliveryMethod",
    "off": 8595,
    "sff": "delivery"
  },
  {
    "docID": "N034 Wilems 2015 26384702",
    "et": "DeliveryMethod",
    "off": 53914,
    "sff": "delivery"
  },
  {
    "docID": "N034 Wilems 2015 26384702",
    "et": "DeliveryMethod",
    "off": 48216,
    "sff": "delivery"
  },
  {
    "docID": "N034 Wilems 2015 26384702",
    "et": "DeliveryMethod",
    "off": 222,
    "sff": "delivery"
  },
  {
    "docID": "N034 Wilems 2015 26384702",
    "et": "DeliveryMethod",
    "off": 5276,
    "sff": "delivery"
  },
  {
    "docID": "N034 Wilems 2015 26384702",
    "et": "DeliveryMethod",
    "off": 9052,
    "sff": "delivery"
  },
  {
    "docID": "N034 Wilems 2015 26384702",
    "et": "DeliveryMethod",
    "off": 34973,
    "sff": "delivery"
  },
  {
    "docID": "N034 Wilems 2015 26384702",
    "et": "DeliveryMethod",
    "off": 5021,
    "sff": "delivery"
  },
  {
    "docID": "N034 Wilems 2015 26384702",
    "et": "DeliveryMethod",
    "off": 28259,
    "sff": "delivery"
  },
  {
    "docID": "N034 Wilems 2015 26384702",
    "et": "DeliveryMethod",
    "off": 28642,
    "sff": "delivery"
  },
  {
    "docID": "N034 Wilems 2015 26384702",
    "et": "DeliveryMethod",
    "off": 41634,
    "sff": "delivery"
  },
  {
    "docID": "N034 Wilems 2015 26384702",
    "et": "DeliveryMethod",
    "off": 46626,
    "sff": "delivery"
  },
  {
    "docID": "N034 Wilems 2015 26384702",
    "et": "DeliveryMethod",
    "off": 1060,
    "sff": "delivery"
  },
  {
    "docID": "N034 Wilems 2015 26384702",
    "et": "DeliveryMethod",
    "off": 18607,
    "sff": "delivery"
  },
  {
    "docID": "N034 Wilems 2015 26384702",
    "et": "DeliveryMethod",
    "off": 41583,
    "sff": "delivery"
  },
  {
    "docID": "N034 Wilems 2015 26384702",
    "et": "DeliveryMethod",
    "off": 7916,
    "sff": "delivery"
  },
  {
    "docID": "N034 Wilems 2015 26384702",
    "et": "DeliveryMethod",
    "off": 42732,
    "sff": "delivery"
  },
  {
    "docID": "N034 Wilems 2015 26384702",
    "et": "SpinalDorsalHalf",
    "off": 17124,
    "sff": "dorsal"
  },
  {
    "docID": "N034 Wilems 2015 26384702",
    "et": "SpinalDorsalHalf",
    "off": 17439,
    "sff": "dorsal"
  },
  {
    "docID": "N034 Wilems 2015 26384702",
    "et": "SpinalDorsalHalf",
    "off": 18045,
    "sff": "dorsal"
  },
  {
    "docID": "N034 Wilems 2015 26384702",
    "et": "SpinalDorsalHalf",
    "off": 5687,
    "sff": "dorsal"
  },
  {
    "docID": "N034 Wilems 2015 26384702",
    "et": "SpinalCord",
    "off": 43937,
    "sff": "cord"
  },
  {
    "docID": "N034 Wilems 2015 26384702",
    "et": "SpinalCord",
    "off": 17570,
    "sff": "cord"
  },
  {
    "docID": "N034 Wilems 2015 26384702",
    "et": "SpinalCord",
    "off": 3107,
    "sff": "cord"
  },
  {
    "docID": "N034 Wilems 2015 26384702",
    "et": "SpinalCord",
    "off": 18076,
    "sff": "cord"
  },
  {
    "docID": "N034 Wilems 2015 26384702",
    "et": "SpinalCord",
    "off": 20517,
    "sff": "cord"
  },
  {
    "docID": "N034 Wilems 2015 26384702",
    "et": "SpinalCord",
    "off": 17191,
    "sff": "cord"
  },
  {
    "docID": "N034 Wilems 2015 26384702",
    "et": "SpinalCord",
    "off": 33319,
    "sff": "cord"
  },
  {
    "docID": "N034 Wilems 2015 26384702",
    "et": "SpinalCord",
    "off": 54695,
    "sff": "cord"
  },
  {
    "docID": "N034 Wilems 2015 26384702",
    "et": "SpinalCord",
    "off": 41907,
    "sff": "cord"
  },
  {
    "docID": "N034 Wilems 2015 26384702",
    "et": "SpinalCord",
    "off": 52653,
    "sff": "cord"
  },
  {
    "docID": "N034 Wilems 2015 26384702",
    "et": "SpinalCord",
    "off": 51000,
    "sff": "cord"
  },
  {
    "docID": "N034 Wilems 2015 26384702",
    "et": "SpinalCord",
    "off": 43322,
    "sff": "cord"
  },
  {
    "docID": "N034 Wilems 2015 26384702",
    "et": "SpinalCord",
    "off": 48954,
    "sff": "cord"
  },
  {
    "docID": "N034 Wilems 2015 26384702",
    "et": "SpinalCord",
    "off": 44161,
    "sff": "cord"
  },
  {
    "docID": "N034 Wilems 2015 26384702",
    "et": "SpinalCord",
    "off": 43522,
    "sff": "cord"
  },
  {
    "docID": "N034 Wilems 2015 26384702",
    "et": "SpinalCord",
    "off": 51202,
    "sff": "cord"
  },
  {
    "docID": "N034 Wilems 2015 26384702",
    "et": "SpinalCord",
    "off": 271,
    "sff": "cord"
  },
  {
    "docID": "N034 Wilems 2015 26384702",
    "et": "SpinalCord",
    "off": 44817,
    "sff": "cord"
  },
  {
    "docID": "N034 Wilems 2015 26384702",
    "et": "SpinalCord",
    "off": 2188,
    "sff": "cord"
  },
  {
    "docID": "N034 Wilems 2015 26384702",
    "et": "SpinalCord",
    "off": 19469,
    "sff": "cord"
  },
  {
    "docID": "N034 Wilems 2015 26384702",
    "et": "SpinalCord",
    "off": 46735,
    "sff": "cord"
  },
  {
    "docID": "N034 Wilems 2015 26384702",
    "et": "SpinalCord",
    "off": 535,
    "sff": "cord"
  },
  {
    "docID": "N034 Wilems 2015 26384702",
    "et": "SpinalCord",
    "off": 50200,
    "sff": "cord"
  },
  {
    "docID": "N034 Wilems 2015 26384702",
    "et": "SpinalCord",
    "off": 16539,
    "sff": "cord"
  },
  {
    "docID": "N034 Wilems 2015 26384702",
    "et": "SpinalCord",
    "off": 54932,
    "sff": "cord"
  },
  {
    "docID": "N034 Wilems 2015 26384702",
    "et": "SpinalCord",
    "off": 46870,
    "sff": "cord"
  },
  {
    "docID": "N034 Wilems 2015 26384702",
    "et": "SpinalCord",
    "off": 50582,
    "sff": "cord"
  },
  {
    "docID": "N034 Wilems 2015 26384702",
    "et": "SpinalCord",
    "off": 47328,
    "sff": "cord"
  },
  {
    "docID": "N034 Wilems 2015 26384702",
    "et": "SpinalCord",
    "off": 45153,
    "sff": "cord"
  },
  {
    "docID": "N034 Wilems 2015 26384702",
    "et": "SpinalCord",
    "off": 48491,
    "sff": "cord"
  },
  {
    "docID": "N034 Wilems 2015 26384702",
    "et": "SpinalCord",
    "off": 7780,
    "sff": "cord"
  },
  {
    "docID": "N034 Wilems 2015 26384702",
    "et": "SpinalCord",
    "off": 17392,
    "sff": "cord"
  },
  {
    "docID": "N034 Wilems 2015 26384702",
    "et": "SpinalCord",
    "off": 20464,
    "sff": "cord"
  },
  {
    "docID": "N034 Wilems 2015 26384702",
    "et": "SpinalCord",
    "off": 5233,
    "sff": "cord"
  },
  {
    "docID": "N034 Wilems 2015 26384702",
    "et": "SpinalCord",
    "off": 23544,
    "sff": "cord"
  },
  {
    "docID": "N034 Wilems 2015 26384702",
    "et": "SpinalCord",
    "off": 52857,
    "sff": "cord"
  },
  {
    "docID": "N034 Wilems 2015 26384702",
    "et": "SpinalCord",
    "off": 6006,
    "sff": "cord"
  },
  {
    "docID": "N034 Wilems 2015 26384702",
    "et": "SpinalCord",
    "off": 26180,
    "sff": "cord"
  },
  {
    "docID": "N034 Wilems 2015 26384702",
    "et": "SpinalCord",
    "off": 46020,
    "sff": "cord"
  },
  {
    "docID": "N034 Wilems 2015 26384702",
    "et": "SpinalCord",
    "off": 47047,
    "sff": "cord"
  },
  {
    "docID": "N034 Wilems 2015 26384702",
    "et": "SpinalCord",
    "off": 25552,
    "sff": "cord"
  },
  {
    "docID": "N034 Wilems 2015 26384702",
    "et": "SpinalCord",
    "off": 44624,
    "sff": "cord"
  },
  {
    "docID": "N034 Wilems 2015 26384702",
    "et": "SpinalCord",
    "off": 24785,
    "sff": "cord"
  },
  {
    "docID": "N034 Wilems 2015 26384702",
    "et": "SpinalCord",
    "off": 45395,
    "sff": "cord"
  },
  {
    "docID": "N034 Wilems 2015 26384702",
    "et": "SpinalCord",
    "off": 21452,
    "sff": "cord"
  },
  {
    "docID": "N034 Wilems 2015 26384702",
    "et": "SpinalCord",
    "off": 51661,
    "sff": "cord"
  },
  {
    "docID": "N034 Wilems 2015 26384702",
    "et": "SpinalCord",
    "off": 17486,
    "sff": "cord"
  },
  {
    "docID": "N034 Wilems 2015 26384702",
    "et": "SpinalCord",
    "off": 47961,
    "sff": "cord"
  },
  {
    "docID": "N034 Wilems 2015 26384702",
    "et": "SpinalCord",
    "off": 17114,
    "sff": "cord"
  },
  {
    "docID": "N034 Wilems 2015 26384702",
    "et": "SpinalCord",
    "off": 43738,
    "sff": "cord"
  },
  {
    "docID": "N034 Wilems 2015 26384702",
    "et": "SpinalCord",
    "off": 44373,
    "sff": "cord"
  },
  {
    "docID": "N034 Wilems 2015 26384702",
    "et": "SpinalCord",
    "off": 47573,
    "sff": "cord"
  },
  {
    "docID": "N034 Wilems 2015 26384702",
    "et": "SpinalCord",
    "off": 46294,
    "sff": "cord"
  },
  {
    "docID": "N034 Wilems 2015 26384702",
    "et": "DorsalColumn",
    "off": 17124,
    "sff": "dorsal"
  },
  {
    "docID": "N034 Wilems 2015 26384702",
    "et": "DorsalColumn",
    "off": 18045,
    "sff": "dorsal"
  },
  {
    "docID": "N034 Wilems 2015 26384702",
    "et": "DorsalColumn",
    "off": 17439,
    "sff": "dorsal"
  },
  {
    "docID": "N034 Wilems 2015 26384702",
    "et": "DorsalColumn",
    "off": 5687,
    "sff": "dorsal"
  },
  {
    "docID": "N034 Wilems 2015 26384702",
    "et": "LesionAdjacentTissue",
    "off": 32140,
    "sff": "adjacent"
  },
  {
    "docID": "N034 Wilems 2015 26384702",
    "et": "LesionAdjacentTissue",
    "off": 30389,
    "sff": "lesion"
  },
  {
    "docID": "N034 Wilems 2015 26384702",
    "et": "LesionAdjacentTissue",
    "off": 21998,
    "sff": "lesion"
  },
  {
    "docID": "N034 Wilems 2015 26384702",
    "et": "LesionAdjacentTissue",
    "off": 27051,
    "sff": "lesion"
  },
  {
    "docID": "N034 Wilems 2015 26384702",
    "et": "LesionAdjacentTissue",
    "off": 33831,
    "sff": "lesion"
  },
  {
    "docID": "N034 Wilems 2015 26384702",
    "et": "LesionAdjacentTissue",
    "off": 24486,
    "sff": "lesion"
  },
  {
    "docID": "N034 Wilems 2015 26384702",
    "et": "LesionAdjacentTissue",
    "off": 35369,
    "sff": "lesion"
  },
  {
    "docID": "N034 Wilems 2015 26384702",
    "et": "LesionAdjacentTissue",
    "off": 25954,
    "sff": "lesion"
  },
  {
    "docID": "N034 Wilems 2015 26384702",
    "et": "LesionAdjacentTissue",
    "off": 32037,
    "sff": "lesion"
  },
  {
    "docID": "N034 Wilems 2015 26384702",
    "et": "LesionAdjacentTissue",
    "off": 24228,
    "sff": "lesion"
  },
  {
    "docID": "N034 Wilems 2015 26384702",
    "et": "LesionAdjacentTissue",
    "off": 28447,
    "sff": "lesion"
  },
  {
    "docID": "N034 Wilems 2015 26384702",
    "et": "LesionAdjacentTissue",
    "off": 36510,
    "sff": "lesion"
  },
  {
    "docID": "N034 Wilems 2015 26384702",
    "et": "LesionAdjacentTissue",
    "off": 19419,
    "sff": "lesion"
  },
  {
    "docID": "N034 Wilems 2015 26384702",
    "et": "LesionAdjacentTissue",
    "off": 32156,
    "sff": "lesion"
  },
  {
    "docID": "N034 Wilems 2015 26384702",
    "et": "LesionAdjacentTissue",
    "off": 34067,
    "sff": "lesion"
  },
  {
    "docID": "N034 Wilems 2015 26384702",
    "et": "LesionAdjacentTissue",
    "off": 21780,
    "sff": "lesion"
  },
  {
    "docID": "N034 Wilems 2015 26384702",
    "et": "LesionAdjacentTissue",
    "off": 38257,
    "sff": "adjacent"
  },
  {
    "docID": "N034 Wilems 2015 26384702",
    "et": "LesionAdjacentTissue",
    "off": 21710,
    "sff": "lesion"
  },
  {
    "docID": "N034 Wilems 2015 26384702",
    "et": "LesionAdjacentTissue",
    "off": 31434,
    "sff": "lesion"
  },
  {
    "docID": "N034 Wilems 2015 26384702",
    "et": "LesionAdjacentTissue",
    "off": 22029,
    "sff": "lesion"
  },
  {
    "docID": "N034 Wilems 2015 26384702",
    "et": "LesionAdjacentTissue",
    "off": 23757,
    "sff": "lesion"
  },
  {
    "docID": "N034 Wilems 2015 26384702",
    "et": "LesionAdjacentTissue",
    "off": 42055,
    "sff": "lesion"
  },
  {
    "docID": "N034 Wilems 2015 26384702",
    "et": "LesionAdjacentTissue",
    "off": 21896,
    "sff": "lesion"
  },
  {
    "docID": "N034 Wilems 2015 26384702",
    "et": "LesionAdjacentTissue",
    "off": 26815,
    "sff": "lesion"
  },
  {
    "docID": "N034 Wilems 2015 26384702",
    "et": "LesionAdjacentTissue",
    "off": 26881,
    "sff": "lesion"
  },
  {
    "docID": "N034 Wilems 2015 26384702",
    "et": "LesionAdjacentTissue",
    "off": 26554,
    "sff": "lesion"
  },
  {
    "docID": "N034 Wilems 2015 26384702",
    "et": "LesionAdjacentTissue",
    "off": 29562,
    "sff": "lesion"
  },
  {
    "docID": "N034 Wilems 2015 26384702",
    "et": "LesionAdjacentTissue",
    "off": 46519,
    "sff": "lesion"
  },
  {
    "docID": "N034 Wilems 2015 26384702",
    "et": "LesionAdjacentTissue",
    "off": 32376,
    "sff": "adjacent"
  },
  {
    "docID": "N034 Wilems 2015 26384702",
    "et": "CentralNervousSystem",
    "off": 3900,
    "sff": "central nervous"
  },
  {
    "docID": "N034 Wilems 2015 26384702",
    "et": "CentralNervousSystem",
    "off": 3900,
    "sff": "central nervous system"
  },
  {
    "docID": "N034 Wilems 2015 26384702",
    "et": "SubstanceApplicationLocation",
    "off": 50535,
    "sff": "application"
  },
  {
    "docID": "N034 Wilems 2015 26384702",
    "et": "VertebralArea",
    "off": 17245,
    "sff": "vertebral"
  },
  {
    "docID": "N034 Wilems 2015 26384702",
    "et": "VertebralArea",
    "off": 17057,
    "sff": "vertebral"
  },
  {
    "docID": "N034 Wilems 2015 26384702",
    "et": "CorticospinalTract",
    "off": 46662,
    "sff": "corticospinal"
  },
  {
    "docID": "N034 Wilems 2015 26384702",
    "et": "CorticospinalTract",
    "off": 5663,
    "sff": "corticospinal tract"
  },
  {
    "docID": "N034 Wilems 2015 26384702",
    "et": "CorticospinalTract",
    "off": 46452,
    "sff": "corticospinal tract"
  },
  {
    "docID": "N034 Wilems 2015 26384702",
    "et": "SpinalCentralPart",
    "off": 3900,
    "sff": "central"
  },
  {
    "docID": "N034 Wilems 2015 26384702",
    "et": "InjectionDelivery",
    "off": 16898,
    "sff": "injection"
  },
  {
    "docID": "N034 Wilems 2015 26384702",
    "et": "InjectionDelivery",
    "off": 45123,
    "sff": "injection"
  },
  {
    "docID": "N034 Wilems 2015 26384702",
    "et": "VertebralSegment",
    "off": 17245,
    "sff": "vertebral"
  },
  {
    "docID": "N034 Wilems 2015 26384702",
    "et": "VertebralSegment",
    "off": 17057,
    "sff": "vertebral"
  },
  {
    "docID": "N034 Wilems 2015 26384702",
    "et": "SpinalLesionSite",
    "off": 19419,
    "sff": "lesion"
  },
  {
    "docID": "N034 Wilems 2015 26384702",
    "et": "SpinalLesionSite",
    "off": 32156,
    "sff": "lesion"
  },
  {
    "docID": "N034 Wilems 2015 26384702",
    "et": "SpinalLesionSite",
    "off": 25954,
    "sff": "lesion"
  },
  {
    "docID": "N034 Wilems 2015 26384702",
    "et": "SpinalLesionSite",
    "off": 35369,
    "sff": "lesion site"
  },
  {
    "docID": "N034 Wilems 2015 26384702",
    "et": "SpinalLesionSite",
    "off": 34067,
    "sff": "lesion"
  },
  {
    "docID": "N034 Wilems 2015 26384702",
    "et": "SpinalLesionSite",
    "off": 22029,
    "sff": "lesion"
  },
  {
    "docID": "N034 Wilems 2015 26384702",
    "et": "SpinalLesionSite",
    "off": 36510,
    "sff": "lesion site"
  },
  {
    "docID": "N034 Wilems 2015 26384702",
    "et": "SpinalLesionSite",
    "off": 28447,
    "sff": "lesion site"
  },
  {
    "docID": "N034 Wilems 2015 26384702",
    "et": "SpinalLesionSite",
    "off": 33831,
    "sff": "lesion site"
  },
  {
    "docID": "N034 Wilems 2015 26384702",
    "et": "SpinalLesionSite",
    "off": 24228,
    "sff": "lesion site"
  },
  {
    "docID": "N034 Wilems 2015 26384702",
    "et": "SpinalLesionSite",
    "off": 31434,
    "sff": "lesion"
  },
  {
    "docID": "N034 Wilems 2015 26384702",
    "et": "SpinalLesionSite",
    "off": 21896,
    "sff": "lesion"
  },
  {
    "docID": "N034 Wilems 2015 26384702",
    "et": "SpinalLesionSite",
    "off": 21710,
    "sff": "lesion site"
  },
  {
    "docID": "N034 Wilems 2015 26384702",
    "et": "SpinalLesionSite",
    "off": 23757,
    "sff": "lesion site"
  },
  {
    "docID": "N034 Wilems 2015 26384702",
    "et": "SpinalLesionSite",
    "off": 26881,
    "sff": "lesion"
  },
  {
    "docID": "N034 Wilems 2015 26384702",
    "et": "SpinalLesionSite",
    "off": 26815,
    "sff": "lesion"
  },
  {
    "docID": "N034 Wilems 2015 26384702",
    "et": "SpinalLesionSite",
    "off": 30389,
    "sff": "lesion"
  },
  {
    "docID": "N034 Wilems 2015 26384702",
    "et": "SpinalLesionSite",
    "off": 21780,
    "sff": "lesion site"
  },
  {
    "docID": "N034 Wilems 2015 26384702",
    "et": "SpinalLesionSite",
    "off": 46519,
    "sff": "lesion"
  },
  {
    "docID": "N034 Wilems 2015 26384702",
    "et": "SpinalLesionSite",
    "off": 21998,
    "sff": "lesion"
  },
  {
    "docID": "N034 Wilems 2015 26384702",
    "et": "SpinalLesionSite",
    "off": 27051,
    "sff": "lesion"
  },
  {
    "docID": "N034 Wilems 2015 26384702",
    "et": "SpinalLesionSite",
    "off": 26554,
    "sff": "lesion site"
  },
  {
    "docID": "N034 Wilems 2015 26384702",
    "et": "SpinalLesionSite",
    "off": 29562,
    "sff": "lesion site"
  },
  {
    "docID": "N034 Wilems 2015 26384702",
    "et": "SpinalLesionSite",
    "off": 24486,
    "sff": "lesion"
  },
  {
    "docID": "N034 Wilems 2015 26384702",
    "et": "SpinalLesionSite",
    "off": 32037,
    "sff": "lesion"
  },
  {
    "docID": "N034 Wilems 2015 26384702",
    "et": "SpinalLesionSite",
    "off": 42055,
    "sff": "lesion site"
  },
  {
    "docID": "N034 Wilems 2015 26384702",
    "et": "RubrospinalTract",
    "off": 47791,
    "sff": "rubrospinal"
  },
  {
    "docID": "N034 Wilems 2015 26384702",
    "et": "RubrospinalTract",
    "off": 48043,
    "sff": "rubrospinal tract"
  }
]
