[
  {
    "docID": "N038 Garcia-Alias 2011 22159095",
    "et": "AnatomicalLocation",
    "off": 52778,
    "sff": "anatomical"
  },
  {
    "docID": "N038 Garcia-Alias 2011 22159095",
    "et": "AnatomicalLocation",
    "off": 52966,
    "sff": "anatomical"
  },
  {
    "docID": "N038 Garcia-Alias 2011 22159095",
    "et": "T6",
    "off": 40697,
    "sff": "T6"
  },
  {
    "docID": "N038 Garcia-Alias 2011 22159095",
    "et": "T6",
    "off": 22999,
    "sff": "T6"
  },
  {
    "docID": "N038 Garcia-Alias 2011 22159095",
    "et": "T6",
    "off": 23607,
    "sff": "T6"
  },
  {
    "docID": "N038 Garcia-Alias 2011 22159095",
    "et": "T6",
    "off": 38293,
    "sff": "T6"
  },
  {
    "docID": "N038 Garcia-Alias 2011 22159095",
    "et": "T6",
    "off": 23252,
    "sff": "T6"
  },
  {
    "docID": "N038 Garcia-Alias 2011 22159095",
    "et": "T6",
    "off": 38515,
    "sff": "T6"
  },
  {
    "docID": "N038 Garcia-Alias 2011 22159095",
    "et": "T6",
    "off": 45650,
    "sff": "T6"
  },
  {
    "docID": "N038 Garcia-Alias 2011 22159095",
    "et": "T6",
    "off": 31857,
    "sff": "T6"
  },
  {
    "docID": "N038 Garcia-Alias 2011 22159095",
    "et": "T6",
    "off": 39658,
    "sff": "T6"
  },
  {
    "docID": "N038 Garcia-Alias 2011 22159095",
    "et": "T6",
    "off": 20583,
    "sff": "T6"
  },
  {
    "docID": "N038 Garcia-Alias 2011 22159095",
    "et": "T6",
    "off": 39558,
    "sff": "T6"
  },
  {
    "docID": "N038 Garcia-Alias 2011 22159095",
    "et": "T6",
    "off": 46982,
    "sff": "T6"
  },
  {
    "docID": "N038 Garcia-Alias 2011 22159095",
    "et": "T6",
    "off": 24069,
    "sff": "T6"
  },
  {
    "docID": "N038 Garcia-Alias 2011 22159095",
    "et": "T6",
    "off": 21250,
    "sff": "T6"
  },
  {
    "docID": "N038 Garcia-Alias 2011 22159095",
    "et": "T6",
    "off": 1920,
    "sff": "T6"
  },
  {
    "docID": "N038 Garcia-Alias 2011 22159095",
    "et": "T6",
    "off": 39038,
    "sff": "T6"
  },
  {
    "docID": "N038 Garcia-Alias 2011 22159095",
    "et": "T8",
    "off": 1514,
    "sff": "T8"
  },
  {
    "docID": "N038 Garcia-Alias 2011 22159095",
    "et": "T8",
    "off": 32913,
    "sff": "T8"
  },
  {
    "docID": "N038 Garcia-Alias 2011 22159095",
    "et": "T8",
    "off": 10992,
    "sff": "T8"
  },
  {
    "docID": "N038 Garcia-Alias 2011 22159095",
    "et": "T8",
    "off": 20586,
    "sff": "T8"
  },
  {
    "docID": "N038 Garcia-Alias 2011 22159095",
    "et": "T8",
    "off": 44570,
    "sff": "T8"
  },
  {
    "docID": "N038 Garcia-Alias 2011 22159095",
    "et": "L1",
    "off": 20643,
    "sff": "L1"
  },
  {
    "docID": "N038 Garcia-Alias 2011 22159095",
    "et": "T9",
    "off": 24072,
    "sff": "T9"
  },
  {
    "docID": "N038 Garcia-Alias 2011 22159095",
    "et": "L5",
    "off": 39780,
    "sff": "L5"
  },
  {
    "docID": "N038 Garcia-Alias 2011 22159095",
    "et": "L5",
    "off": 41476,
    "sff": "L5"
  },
  {
    "docID": "N038 Garcia-Alias 2011 22159095",
    "et": "L5",
    "off": 20937,
    "sff": "L5"
  },
  {
    "docID": "N038 Garcia-Alias 2011 22159095",
    "et": "L5",
    "off": 29180,
    "sff": "L5"
  },
  {
    "docID": "N038 Garcia-Alias 2011 22159095",
    "et": "L5",
    "off": 38108,
    "sff": "L5"
  },
  {
    "docID": "N038 Garcia-Alias 2011 22159095",
    "et": "L5",
    "off": 29346,
    "sff": "L5"
  },
  {
    "docID": "N038 Garcia-Alias 2011 22159095",
    "et": "L5",
    "off": 39136,
    "sff": "L5"
  },
  {
    "docID": "N038 Garcia-Alias 2011 22159095",
    "et": "L5",
    "off": 1974,
    "sff": "L5"
  },
  {
    "docID": "N038 Garcia-Alias 2011 22159095",
    "et": "L5",
    "off": 20691,
    "sff": "L5"
  },
  {
    "docID": "N038 Garcia-Alias 2011 22159095",
    "et": "L5",
    "off": 39475,
    "sff": "L5"
  },
  {
    "docID": "N038 Garcia-Alias 2011 22159095",
    "et": "L5",
    "off": 39351,
    "sff": "L5"
  },
  {
    "docID": "N038 Garcia-Alias 2011 22159095",
    "et": "L5",
    "off": 48750,
    "sff": "L5"
  },
  {
    "docID": "N038 Garcia-Alias 2011 22159095",
    "et": "L5",
    "off": 48523,
    "sff": "L5"
  },
  {
    "docID": "N038 Garcia-Alias 2011 22159095",
    "et": "L5",
    "off": 13196,
    "sff": "L5"
  },
  {
    "docID": "N038 Garcia-Alias 2011 22159095",
    "et": "L5",
    "off": 27244,
    "sff": "L5"
  },
  {
    "docID": "N038 Garcia-Alias 2011 22159095",
    "et": "L5",
    "off": 38575,
    "sff": "L5"
  },
  {
    "docID": "N038 Garcia-Alias 2011 22159095",
    "et": "L5",
    "off": 39887,
    "sff": "L5"
  },
  {
    "docID": "N038 Garcia-Alias 2011 22159095",
    "et": "L5",
    "off": 40719,
    "sff": "L5"
  },
  {
    "docID": "N038 Garcia-Alias 2011 22159095",
    "et": "T11",
    "off": 13490,
    "sff": "T11"
  },
  {
    "docID": "N038 Garcia-Alias 2011 22159095",
    "et": "T11",
    "off": 27251,
    "sff": "T11"
  },
  {
    "docID": "N038 Garcia-Alias 2011 22159095",
    "et": "T11",
    "off": 13188,
    "sff": "T11"
  },
  {
    "docID": "N038 Garcia-Alias 2011 22159095",
    "et": "Lumbar",
    "off": 50507,
    "sff": "lumbar"
  },
  {
    "docID": "N038 Garcia-Alias 2011 22159095",
    "et": "Lumbar",
    "off": 53531,
    "sff": "lumbar"
  },
  {
    "docID": "N038 Garcia-Alias 2011 22159095",
    "et": "Lumbar",
    "off": 6444,
    "sff": "lumbar"
  },
  {
    "docID": "N038 Garcia-Alias 2011 22159095",
    "et": "Lumbar",
    "off": 20636,
    "sff": "lumbar"
  },
  {
    "docID": "N038 Garcia-Alias 2011 22159095",
    "et": "Lumbar",
    "off": 43730,
    "sff": "lumbar"
  },
  {
    "docID": "N038 Garcia-Alias 2011 22159095",
    "et": "Lumbar",
    "off": 51855,
    "sff": "lumbar"
  },
  {
    "docID": "N038 Garcia-Alias 2011 22159095",
    "et": "Lumbar",
    "off": 12992,
    "sff": "lumbar"
  },
  {
    "docID": "N038 Garcia-Alias 2011 22159095",
    "et": "Lumbar",
    "off": 16426,
    "sff": "lumbar"
  },
  {
    "docID": "N038 Garcia-Alias 2011 22159095",
    "et": "Thoracic",
    "off": 32391,
    "sff": "thoracic"
  },
  {
    "docID": "N038 Garcia-Alias 2011 22159095",
    "et": "Thoracic",
    "off": 16413,
    "sff": "thoracic"
  },
  {
    "docID": "N038 Garcia-Alias 2011 22159095",
    "et": "Thoracic",
    "off": 20574,
    "sff": "thoracic"
  },
  {
    "docID": "N038 Garcia-Alias 2011 22159095",
    "et": "Thoracic",
    "off": 12956,
    "sff": "thoracic"
  },
  {
    "docID": "N038 Garcia-Alias 2011 22159095",
    "et": "Thoracic",
    "off": 21233,
    "sff": "thoracic"
  },
  {
    "docID": "N038 Garcia-Alias 2011 22159095",
    "et": "Thoracic",
    "off": 33999,
    "sff": "thoracic"
  },
  {
    "docID": "N038 Garcia-Alias 2011 22159095",
    "et": "Brain",
    "off": 368,
    "sff": "Brain"
  },
  {
    "docID": "N038 Garcia-Alias 2011 22159095",
    "et": "Brain",
    "off": 669,
    "sff": "Brain"
  },
  {
    "docID": "N038 Garcia-Alias 2011 22159095",
    "et": "Brain",
    "off": 7206,
    "sff": "brain"
  },
  {
    "docID": "N038 Garcia-Alias 2011 22159095",
    "et": "Brain",
    "off": 52483,
    "sff": "brain"
  },
  {
    "docID": "N038 Garcia-Alias 2011 22159095",
    "et": "AscendingFiberTract",
    "off": 55004,
    "sff": "ascending"
  },
  {
    "docID": "N038 Garcia-Alias 2011 22159095",
    "et": "AscendingFiberTract",
    "off": 45714,
    "sff": "ascending"
  },
  {
    "docID": "N038 Garcia-Alias 2011 22159095",
    "et": "Intraspinal",
    "off": 24767,
    "sff": "intraspinal"
  },
  {
    "docID": "N038 Garcia-Alias 2011 22159095",
    "et": "Intraspinal",
    "off": 16310,
    "sff": "intraspinal"
  },
  {
    "docID": "N038 Garcia-Alias 2011 22159095",
    "et": "SpinalWhiteMatter",
    "off": 2052,
    "sff": "white matter"
  },
  {
    "docID": "N038 Garcia-Alias 2011 22159095",
    "et": "SpinalWhiteMatter",
    "off": 42180,
    "sff": "white matter"
  },
  {
    "docID": "N038 Garcia-Alias 2011 22159095",
    "et": "SpinalWhiteMatter",
    "off": 46020,
    "sff": "white matter"
  },
  {
    "docID": "N038 Garcia-Alias 2011 22159095",
    "et": "SpinalWhiteMatter",
    "off": 47417,
    "sff": "white"
  },
  {
    "docID": "N038 Garcia-Alias 2011 22159095",
    "et": "SpinalWhiteMatter",
    "off": 6083,
    "sff": "white matter"
  },
  {
    "docID": "N038 Garcia-Alias 2011 22159095",
    "et": "SpinalWhiteMatter",
    "off": 23747,
    "sff": "white matter"
  },
  {
    "docID": "N038 Garcia-Alias 2011 22159095",
    "et": "SpinalWhiteMatter",
    "off": 43074,
    "sff": "white matter"
  },
  {
    "docID": "N038 Garcia-Alias 2011 22159095",
    "et": "SpinalWhiteMatter",
    "off": 33088,
    "sff": "white matter"
  },
  {
    "docID": "N038 Garcia-Alias 2011 22159095",
    "et": "SpinalWhiteMatter",
    "off": 44221,
    "sff": "white"
  },
  {
    "docID": "N038 Garcia-Alias 2011 22159095",
    "et": "SpinalWhiteMatter",
    "off": 26958,
    "sff": "white matter"
  },
  {
    "docID": "N038 Garcia-Alias 2011 22159095",
    "et": "SpinalWhiteMatter",
    "off": 45940,
    "sff": "white"
  },
  {
    "docID": "N038 Garcia-Alias 2011 22159095",
    "et": "SpinalWhiteMatter",
    "off": 31444,
    "sff": "white matter"
  },
  {
    "docID": "N038 Garcia-Alias 2011 22159095",
    "et": "SpinalWhiteMatter",
    "off": 42644,
    "sff": "white matter"
  },
  {
    "docID": "N038 Garcia-Alias 2011 22159095",
    "et": "SpinalWhiteMatter",
    "off": 25683,
    "sff": "white matter"
  },
  {
    "docID": "N038 Garcia-Alias 2011 22159095",
    "et": "SpinalWhiteMatter",
    "off": 31116,
    "sff": "white"
  },
  {
    "docID": "N038 Garcia-Alias 2011 22159095",
    "et": "SpinalWhiteMatter",
    "off": 45070,
    "sff": "white"
  },
  {
    "docID": "N038 Garcia-Alias 2011 22159095",
    "et": "SpinalWhiteMatter",
    "off": 24900,
    "sff": "white"
  },
  {
    "docID": "N038 Garcia-Alias 2011 22159095",
    "et": "SpinalWhiteMatter",
    "off": 32006,
    "sff": "white"
  },
  {
    "docID": "N038 Garcia-Alias 2011 22159095",
    "et": "SpinalWhiteMatter",
    "off": 44824,
    "sff": "white"
  },
  {
    "docID": "N038 Garcia-Alias 2011 22159095",
    "et": "SpinalWhiteMatter",
    "off": 42903,
    "sff": "white"
  },
  {
    "docID": "N038 Garcia-Alias 2011 22159095",
    "et": "SpinalWhiteMatter",
    "off": 42340,
    "sff": "white matter"
  },
  {
    "docID": "N038 Garcia-Alias 2011 22159095",
    "et": "SpinalWhiteMatter",
    "off": 38499,
    "sff": "white matter"
  },
  {
    "docID": "N038 Garcia-Alias 2011 22159095",
    "et": "SpinalWhiteMatter",
    "off": 1187,
    "sff": "white matter"
  },
  {
    "docID": "N038 Garcia-Alias 2011 22159095",
    "et": "SpinalWhiteMatter",
    "off": 30624,
    "sff": "white matter"
  },
  {
    "docID": "N038 Garcia-Alias 2011 22159095",
    "et": "SpinalWhiteMatter",
    "off": 46959,
    "sff": "white matter"
  },
  {
    "docID": "N038 Garcia-Alias 2011 22159095",
    "et": "SpinalWhiteMatter",
    "off": 39022,
    "sff": "white matter"
  },
  {
    "docID": "N038 Garcia-Alias 2011 22159095",
    "et": "SpinalWhiteMatter",
    "off": 32362,
    "sff": "white matter"
  },
  {
    "docID": "N038 Garcia-Alias 2011 22159095",
    "et": "SpinalWhiteMatter",
    "off": 42026,
    "sff": "white matter"
  },
  {
    "docID": "N038 Garcia-Alias 2011 22159095",
    "et": "SpinalWhiteMatter",
    "off": 22248,
    "sff": "white matter"
  },
  {
    "docID": "N038 Garcia-Alias 2011 22159095",
    "et": "SpinalWhiteMatter",
    "off": 27177,
    "sff": "white matter"
  },
  {
    "docID": "N038 Garcia-Alias 2011 22159095",
    "et": "SpinalWhiteMatter",
    "off": 16503,
    "sff": "white matter"
  },
  {
    "docID": "N038 Garcia-Alias 2011 22159095",
    "et": "SpinalWhiteMatter",
    "off": 31086,
    "sff": "white"
  },
  {
    "docID": "N038 Garcia-Alias 2011 22159095",
    "et": "SpinalWhiteMatter",
    "off": 37822,
    "sff": "white matter"
  },
  {
    "docID": "N038 Garcia-Alias 2011 22159095",
    "et": "SpinalWhiteMatter",
    "off": 33725,
    "sff": "white matter"
  },
  {
    "docID": "N038 Garcia-Alias 2011 22159095",
    "et": "SpinalWhiteMatter",
    "off": 44093,
    "sff": "white matter"
  },
  {
    "docID": "N038 Garcia-Alias 2011 22159095",
    "et": "DeliveryMethod",
    "off": 5044,
    "sff": "delivery"
  },
  {
    "docID": "N038 Garcia-Alias 2011 22159095",
    "et": "DeliveryMethod",
    "off": 53061,
    "sff": "Delivery"
  },
  {
    "docID": "N038 Garcia-Alias 2011 22159095",
    "et": "DeliveryMethod",
    "off": 10845,
    "sff": "delivery"
  },
  {
    "docID": "N038 Garcia-Alias 2011 22159095",
    "et": "SpinalDorsalHalf",
    "off": 20499,
    "sff": "Dorsal"
  },
  {
    "docID": "N038 Garcia-Alias 2011 22159095",
    "et": "SpinalDorsalHalf",
    "off": 42173,
    "sff": "dorsal"
  },
  {
    "docID": "N038 Garcia-Alias 2011 22159095",
    "et": "SpinalDorsalHalf",
    "off": 11031,
    "sff": "dorsal"
  },
  {
    "docID": "N038 Garcia-Alias 2011 22159095",
    "et": "SpinalDorsalHalf",
    "off": 23025,
    "sff": "dorsal"
  },
  {
    "docID": "N038 Garcia-Alias 2011 22159095",
    "et": "SpinalDorsalHalf",
    "off": 42354,
    "sff": "dorsal"
  },
  {
    "docID": "N038 Garcia-Alias 2011 22159095",
    "et": "SpinalDorsalHalf",
    "off": 23381,
    "sff": "dorsal"
  },
  {
    "docID": "N038 Garcia-Alias 2011 22159095",
    "et": "SpinalDorsalHalf",
    "off": 21318,
    "sff": "dorsal"
  },
  {
    "docID": "N038 Garcia-Alias 2011 22159095",
    "et": "SpinalDorsalHalf",
    "off": 55014,
    "sff": "dorsal"
  },
  {
    "docID": "N038 Garcia-Alias 2011 22159095",
    "et": "SpinalVentralHalf",
    "off": 12371,
    "sff": "ventral"
  },
  {
    "docID": "N038 Garcia-Alias 2011 22159095",
    "et": "SpinalVentralHalf",
    "off": 20952,
    "sff": "ventral"
  },
  {
    "docID": "N038 Garcia-Alias 2011 22159095",
    "et": "SpinalVentralHalf",
    "off": 13274,
    "sff": "ventral"
  },
  {
    "docID": "N038 Garcia-Alias 2011 22159095",
    "et": "SpinalVentralHalf",
    "off": 43946,
    "sff": "ventral"
  },
  {
    "docID": "N038 Garcia-Alias 2011 22159095",
    "et": "SpinalVentralHalf",
    "off": 30496,
    "sff": "ventral"
  },
  {
    "docID": "N038 Garcia-Alias 2011 22159095",
    "et": "SpinalVentralHalf",
    "off": 16495,
    "sff": "ventral"
  },
  {
    "docID": "N038 Garcia-Alias 2011 22159095",
    "et": "SpinalVentralHalf",
    "off": 16687,
    "sff": "ventral"
  },
  {
    "docID": "N038 Garcia-Alias 2011 22159095",
    "et": "SpinalVentralHalf",
    "off": 27550,
    "sff": "ventral"
  },
  {
    "docID": "N038 Garcia-Alias 2011 22159095",
    "et": "SpinalCord",
    "off": 27076,
    "sff": "cord"
  },
  {
    "docID": "N038 Garcia-Alias 2011 22159095",
    "et": "SpinalCord",
    "off": 26821,
    "sff": "cord"
  },
  {
    "docID": "N038 Garcia-Alias 2011 22159095",
    "et": "SpinalCord",
    "off": 45636,
    "sff": "cord"
  },
  {
    "docID": "N038 Garcia-Alias 2011 22159095",
    "et": "SpinalCord",
    "off": 50497,
    "sff": "cord"
  },
  {
    "docID": "N038 Garcia-Alias 2011 22159095",
    "et": "SpinalCord",
    "off": 28866,
    "sff": "cord"
  },
  {
    "docID": "N038 Garcia-Alias 2011 22159095",
    "et": "SpinalCord",
    "off": 10819,
    "sff": "cord"
  },
  {
    "docID": "N038 Garcia-Alias 2011 22159095",
    "et": "SpinalCord",
    "off": 23742,
    "sff": "cord"
  },
  {
    "docID": "N038 Garcia-Alias 2011 22159095",
    "et": "SpinalCord",
    "off": 53048,
    "sff": "cord"
  },
  {
    "docID": "N038 Garcia-Alias 2011 22159095",
    "et": "SpinalCord",
    "off": 11060,
    "sff": "cord"
  },
  {
    "docID": "N038 Garcia-Alias 2011 22159095",
    "et": "SpinalCord",
    "off": 20532,
    "sff": "cord"
  },
  {
    "docID": "N038 Garcia-Alias 2011 22159095",
    "et": "SpinalCord",
    "off": 48560,
    "sff": "cord"
  },
  {
    "docID": "N038 Garcia-Alias 2011 22159095",
    "et": "SpinalCord",
    "off": 4275,
    "sff": "cord"
  },
  {
    "docID": "N038 Garcia-Alias 2011 22159095",
    "et": "SpinalCord",
    "off": 49458,
    "sff": "cord"
  },
  {
    "docID": "N038 Garcia-Alias 2011 22159095",
    "et": "SpinalCord",
    "off": 14122,
    "sff": "cord"
  },
  {
    "docID": "N038 Garcia-Alias 2011 22159095",
    "et": "SpinalCord",
    "off": 5547,
    "sff": "cord"
  },
  {
    "docID": "N038 Garcia-Alias 2011 22159095",
    "et": "SpinalCord",
    "off": 12965,
    "sff": "cord"
  },
  {
    "docID": "N038 Garcia-Alias 2011 22159095",
    "et": "SpinalCord",
    "off": 29604,
    "sff": "cord"
  },
  {
    "docID": "N038 Garcia-Alias 2011 22159095",
    "et": "SpinalCord",
    "off": 32807,
    "sff": "cord"
  },
  {
    "docID": "N038 Garcia-Alias 2011 22159095",
    "et": "SpinalCord",
    "off": 55846,
    "sff": "cord"
  },
  {
    "docID": "N038 Garcia-Alias 2011 22159095",
    "et": "SpinalCord",
    "off": 29856,
    "sff": "cord"
  },
  {
    "docID": "N038 Garcia-Alias 2011 22159095",
    "et": "SpinalCord",
    "off": 43040,
    "sff": "cord"
  },
  {
    "docID": "N038 Garcia-Alias 2011 22159095",
    "et": "SpinalCord",
    "off": 6947,
    "sff": "cord"
  },
  {
    "docID": "N038 Garcia-Alias 2011 22159095",
    "et": "SpinalCord",
    "off": 51869,
    "sff": "cord"
  },
  {
    "docID": "N038 Garcia-Alias 2011 22159095",
    "et": "SpinalCord",
    "off": 7197,
    "sff": "cord"
  },
  {
    "docID": "N038 Garcia-Alias 2011 22159095",
    "et": "SpinalCord",
    "off": 54428,
    "sff": "cord"
  },
  {
    "docID": "N038 Garcia-Alias 2011 22159095",
    "et": "SpinalCord",
    "off": 29727,
    "sff": "cord"
  },
  {
    "docID": "N038 Garcia-Alias 2011 22159095",
    "et": "SpinalCord",
    "off": 40857,
    "sff": "cord"
  },
  {
    "docID": "N038 Garcia-Alias 2011 22159095",
    "et": "SpinalCord",
    "off": 52761,
    "sff": "cord"
  },
  {
    "docID": "N038 Garcia-Alias 2011 22159095",
    "et": "SpinalCord",
    "off": 29466,
    "sff": "cord"
  },
  {
    "docID": "N038 Garcia-Alias 2011 22159095",
    "et": "SpinalCord",
    "off": 29974,
    "sff": "cord"
  },
  {
    "docID": "N038 Garcia-Alias 2011 22159095",
    "et": "SpinalCord",
    "off": 42771,
    "sff": "cord"
  },
  {
    "docID": "N038 Garcia-Alias 2011 22159095",
    "et": "SpinalCord",
    "off": 13071,
    "sff": "cord"
  },
  {
    "docID": "N038 Garcia-Alias 2011 22159095",
    "et": "SpinalCord",
    "off": 22923,
    "sff": "cord"
  },
  {
    "docID": "N038 Garcia-Alias 2011 22159095",
    "et": "SpinalCord",
    "off": 44298,
    "sff": "cord"
  },
  {
    "docID": "N038 Garcia-Alias 2011 22159095",
    "et": "SpinalCord",
    "off": 52868,
    "sff": "cord"
  },
  {
    "docID": "N038 Garcia-Alias 2011 22159095",
    "et": "SpinalCord",
    "off": 3405,
    "sff": "Cord"
  },
  {
    "docID": "N038 Garcia-Alias 2011 22159095",
    "et": "SpinalCord",
    "off": 14328,
    "sff": "cord"
  },
  {
    "docID": "N038 Garcia-Alias 2011 22159095",
    "et": "SpinalCord",
    "off": 21242,
    "sff": "cord"
  },
  {
    "docID": "N038 Garcia-Alias 2011 22159095",
    "et": "SpinalCord",
    "off": 44155,
    "sff": "cord"
  },
  {
    "docID": "N038 Garcia-Alias 2011 22159095",
    "et": "SpinalCord",
    "off": 54651,
    "sff": "cord"
  },
  {
    "docID": "N038 Garcia-Alias 2011 22159095",
    "et": "SpinalCord",
    "off": 25467,
    "sff": "cord"
  },
  {
    "docID": "N038 Garcia-Alias 2011 22159095",
    "et": "SpinalCord",
    "off": 32250,
    "sff": "cord"
  },
  {
    "docID": "N038 Garcia-Alias 2011 22159095",
    "et": "SpinalCord",
    "off": 33141,
    "sff": "cord"
  },
  {
    "docID": "N038 Garcia-Alias 2011 22159095",
    "et": "SpinalCord",
    "off": 52471,
    "sff": "cord"
  },
  {
    "docID": "N038 Garcia-Alias 2011 22159095",
    "et": "SpinalCord",
    "off": 13170,
    "sff": "cord"
  },
  {
    "docID": "N038 Garcia-Alias 2011 22159095",
    "et": "SpinalCord",
    "off": 56169,
    "sff": "cord"
  },
  {
    "docID": "N038 Garcia-Alias 2011 22159095",
    "et": "SpinalCord",
    "off": 54755,
    "sff": "cord"
  },
  {
    "docID": "N038 Garcia-Alias 2011 22159095",
    "et": "SpinalCord",
    "off": 55267,
    "sff": "cord"
  },
  {
    "docID": "N038 Garcia-Alias 2011 22159095",
    "et": "SpinalCord",
    "off": 26588,
    "sff": "cord"
  },
  {
    "docID": "N038 Garcia-Alias 2011 22159095",
    "et": "SpinalCord",
    "off": 34015,
    "sff": "cord"
  },
  {
    "docID": "N038 Garcia-Alias 2011 22159095",
    "et": "SpinalCord",
    "off": 45785,
    "sff": "cord"
  },
  {
    "docID": "N038 Garcia-Alias 2011 22159095",
    "et": "SpinalCord",
    "off": 183,
    "sff": "Cord"
  },
  {
    "docID": "N038 Garcia-Alias 2011 22159095",
    "et": "SpinalCord",
    "off": 43977,
    "sff": "cord"
  },
  {
    "docID": "N038 Garcia-Alias 2011 22159095",
    "et": "SpinalCord",
    "off": 26697,
    "sff": "cord"
  },
  {
    "docID": "N038 Garcia-Alias 2011 22159095",
    "et": "DorsalColumn",
    "off": 21318,
    "sff": "dorsal"
  },
  {
    "docID": "N038 Garcia-Alias 2011 22159095",
    "et": "DorsalColumn",
    "off": 23381,
    "sff": "dorsal"
  },
  {
    "docID": "N038 Garcia-Alias 2011 22159095",
    "et": "DorsalColumn",
    "off": 11031,
    "sff": "dorsal"
  },
  {
    "docID": "N038 Garcia-Alias 2011 22159095",
    "et": "DorsalColumn",
    "off": 23025,
    "sff": "dorsal"
  },
  {
    "docID": "N038 Garcia-Alias 2011 22159095",
    "et": "DorsalColumn",
    "off": 42173,
    "sff": "dorsal"
  },
  {
    "docID": "N038 Garcia-Alias 2011 22159095",
    "et": "DorsalColumn",
    "off": 42354,
    "sff": "dorsal column"
  },
  {
    "docID": "N038 Garcia-Alias 2011 22159095",
    "et": "DorsalColumn",
    "off": 20499,
    "sff": "Dorsal"
  },
  {
    "docID": "N038 Garcia-Alias 2011 22159095",
    "et": "DorsalColumn",
    "off": 55014,
    "sff": "dorsal column"
  },
  {
    "docID": "N038 Garcia-Alias 2011 22159095",
    "et": "LesionAdjacentTissue",
    "off": 48372,
    "sff": "lesion"
  },
  {
    "docID": "N038 Garcia-Alias 2011 22159095",
    "et": "LesionAdjacentTissue",
    "off": 30837,
    "sff": "lesion"
  },
  {
    "docID": "N038 Garcia-Alias 2011 22159095",
    "et": "LesionAdjacentTissue",
    "off": 47776,
    "sff": "lesion"
  },
  {
    "docID": "N038 Garcia-Alias 2011 22159095",
    "et": "LesionAdjacentTissue",
    "off": 52384,
    "sff": "lesion"
  },
  {
    "docID": "N038 Garcia-Alias 2011 22159095",
    "et": "LesionAdjacentTissue",
    "off": 43585,
    "sff": "lesion"
  },
  {
    "docID": "N038 Garcia-Alias 2011 22159095",
    "et": "LesionAdjacentTissue",
    "off": 25569,
    "sff": "lesion"
  },
  {
    "docID": "N038 Garcia-Alias 2011 22159095",
    "et": "LesionAdjacentTissue",
    "off": 31035,
    "sff": "lesion"
  },
  {
    "docID": "N038 Garcia-Alias 2011 22159095",
    "et": "LesionAdjacentTissue",
    "off": 44475,
    "sff": "lesion"
  },
  {
    "docID": "N038 Garcia-Alias 2011 22159095",
    "et": "LesionAdjacentTissue",
    "off": 45339,
    "sff": "lesion"
  },
  {
    "docID": "N038 Garcia-Alias 2011 22159095",
    "et": "LesionAdjacentTissue",
    "off": 25507,
    "sff": "lesion"
  },
  {
    "docID": "N038 Garcia-Alias 2011 22159095",
    "et": "LesionAdjacentTissue",
    "off": 32066,
    "sff": "lesion"
  },
  {
    "docID": "N038 Garcia-Alias 2011 22159095",
    "et": "LesionAdjacentTissue",
    "off": 33637,
    "sff": "lesion"
  },
  {
    "docID": "N038 Garcia-Alias 2011 22159095",
    "et": "LesionAdjacentTissue",
    "off": 30769,
    "sff": "lesion"
  },
  {
    "docID": "N038 Garcia-Alias 2011 22159095",
    "et": "LesionAdjacentTissue",
    "off": 44526,
    "sff": "lesion"
  },
  {
    "docID": "N038 Garcia-Alias 2011 22159095",
    "et": "LesionAdjacentTissue",
    "off": 30922,
    "sff": "lesion"
  },
  {
    "docID": "N038 Garcia-Alias 2011 22159095",
    "et": "LesionAdjacentTissue",
    "off": 26925,
    "sff": "lesion"
  },
  {
    "docID": "N038 Garcia-Alias 2011 22159095",
    "et": "LesionAdjacentTissue",
    "off": 31213,
    "sff": "lesion"
  },
  {
    "docID": "N038 Garcia-Alias 2011 22159095",
    "et": "Cervical",
    "off": 43717,
    "sff": "cervical"
  },
  {
    "docID": "N038 Garcia-Alias 2011 22159095",
    "et": "CentralNervousSystem",
    "off": 18228,
    "sff": "central"
  },
  {
    "docID": "N038 Garcia-Alias 2011 22159095",
    "et": "CentralNervousSystem",
    "off": 18436,
    "sff": "central"
  },
  {
    "docID": "N038 Garcia-Alias 2011 22159095",
    "et": "CentralNervousSystem",
    "off": 17929,
    "sff": "central"
  },
  {
    "docID": "N038 Garcia-Alias 2011 22159095",
    "et": "CentralNervousSystem",
    "off": 33688,
    "sff": "central"
  },
  {
    "docID": "N038 Garcia-Alias 2011 22159095",
    "et": "CentralNervousSystem",
    "off": 18076,
    "sff": "central"
  },
  {
    "docID": "N038 Garcia-Alias 2011 22159095",
    "et": "SpinalGrayMatter",
    "off": 32013,
    "sff": "gray matter"
  },
  {
    "docID": "N038 Garcia-Alias 2011 22159095",
    "et": "SpinalGrayMatter",
    "off": 25897,
    "sff": "gray matter"
  },
  {
    "docID": "N038 Garcia-Alias 2011 22159095",
    "et": "SpinalGrayMatter",
    "off": 44230,
    "sff": "gray matter"
  },
  {
    "docID": "N038 Garcia-Alias 2011 22159095",
    "et": "SpinalGrayMatter",
    "off": 31079,
    "sff": "gray"
  },
  {
    "docID": "N038 Garcia-Alias 2011 22159095",
    "et": "SpinalGrayMatter",
    "off": 42912,
    "sff": "gray matter"
  },
  {
    "docID": "N038 Garcia-Alias 2011 22159095",
    "et": "SpinalGrayMatter",
    "off": 44160,
    "sff": "gray matter"
  },
  {
    "docID": "N038 Garcia-Alias 2011 22159095",
    "et": "SpinalGrayMatter",
    "off": 47424,
    "sff": "gray matter"
  },
  {
    "docID": "N038 Garcia-Alias 2011 22159095",
    "et": "SpinalGrayMatter",
    "off": 2367,
    "sff": "gray matter"
  },
  {
    "docID": "N038 Garcia-Alias 2011 22159095",
    "et": "SpinalGrayMatter",
    "off": 44831,
    "sff": "gray matter"
  },
  {
    "docID": "N038 Garcia-Alias 2011 22159095",
    "et": "SpinalGrayMatter",
    "off": 44636,
    "sff": "gray matter"
  },
  {
    "docID": "N038 Garcia-Alias 2011 22159095",
    "et": "SpinalGrayMatter",
    "off": 45947,
    "sff": "gray matter"
  },
  {
    "docID": "N038 Garcia-Alias 2011 22159095",
    "et": "SpinalGrayMatter",
    "off": 42776,
    "sff": "gray matter"
  },
  {
    "docID": "N038 Garcia-Alias 2011 22159095",
    "et": "SpinalGrayMatter",
    "off": 25721,
    "sff": "gray matter"
  },
  {
    "docID": "N038 Garcia-Alias 2011 22159095",
    "et": "SpinalGrayMatter",
    "off": 45077,
    "sff": "gray matter"
  },
  {
    "docID": "N038 Garcia-Alias 2011 22159095",
    "et": "SpinalGrayMatter",
    "off": 25783,
    "sff": "gray"
  },
  {
    "docID": "N038 Garcia-Alias 2011 22159095",
    "et": "SpinalGrayMatter",
    "off": 33105,
    "sff": "gray matter"
  },
  {
    "docID": "N038 Garcia-Alias 2011 22159095",
    "et": "SpinalGrayMatter",
    "off": 53328,
    "sff": "gray matter"
  },
  {
    "docID": "N038 Garcia-Alias 2011 22159095",
    "et": "SpinalGrayMatter",
    "off": 24910,
    "sff": "gray matter"
  },
  {
    "docID": "N038 Garcia-Alias 2011 22159095",
    "et": "SpinalGrayMatter",
    "off": 30638,
    "sff": "gray matter"
  },
  {
    "docID": "N038 Garcia-Alias 2011 22159095",
    "et": "Location",
    "off": 27515,
    "sff": "location"
  },
  {
    "docID": "N038 Garcia-Alias 2011 22159095",
    "et": "CorticospinalTract",
    "off": 54840,
    "sff": "corticospinal"
  },
  {
    "docID": "N038 Garcia-Alias 2011 22159095",
    "et": "SpinalCentralPart",
    "off": 33688,
    "sff": "central"
  },
  {
    "docID": "N038 Garcia-Alias 2011 22159095",
    "et": "SpinalCentralPart",
    "off": 18228,
    "sff": "central"
  },
  {
    "docID": "N038 Garcia-Alias 2011 22159095",
    "et": "SpinalCentralPart",
    "off": 18436,
    "sff": "central"
  },
  {
    "docID": "N038 Garcia-Alias 2011 22159095",
    "et": "SpinalCentralPart",
    "off": 18076,
    "sff": "central"
  },
  {
    "docID": "N038 Garcia-Alias 2011 22159095",
    "et": "SpinalCentralPart",
    "off": 17929,
    "sff": "central"
  },
  {
    "docID": "N038 Garcia-Alias 2011 22159095",
    "et": "InjectionDelivery",
    "off": 13025,
    "sff": "injection"
  },
  {
    "docID": "N038 Garcia-Alias 2011 22159095",
    "et": "InjectionDelivery",
    "off": 53088,
    "sff": "injection"
  },
  {
    "docID": "N038 Garcia-Alias 2011 22159095",
    "et": "InjectionDelivery",
    "off": 11877,
    "sff": "injection"
  },
  {
    "docID": "N038 Garcia-Alias 2011 22159095",
    "et": "SpinalLesionSite",
    "off": 32066,
    "sff": "lesion"
  },
  {
    "docID": "N038 Garcia-Alias 2011 22159095",
    "et": "SpinalLesionSite",
    "off": 25569,
    "sff": "lesion"
  },
  {
    "docID": "N038 Garcia-Alias 2011 22159095",
    "et": "SpinalLesionSite",
    "off": 43585,
    "sff": "lesion"
  },
  {
    "docID": "N038 Garcia-Alias 2011 22159095",
    "et": "SpinalLesionSite",
    "off": 47776,
    "sff": "lesion"
  },
  {
    "docID": "N038 Garcia-Alias 2011 22159095",
    "et": "SpinalLesionSite",
    "off": 52384,
    "sff": "lesion"
  },
  {
    "docID": "N038 Garcia-Alias 2011 22159095",
    "et": "SpinalLesionSite",
    "off": 33637,
    "sff": "lesion"
  },
  {
    "docID": "N038 Garcia-Alias 2011 22159095",
    "et": "SpinalLesionSite",
    "off": 25507,
    "sff": "lesion"
  },
  {
    "docID": "N038 Garcia-Alias 2011 22159095",
    "et": "SpinalLesionSite",
    "off": 30922,
    "sff": "lesion"
  },
  {
    "docID": "N038 Garcia-Alias 2011 22159095",
    "et": "SpinalLesionSite",
    "off": 44526,
    "sff": "lesion"
  },
  {
    "docID": "N038 Garcia-Alias 2011 22159095",
    "et": "SpinalLesionSite",
    "off": 26925,
    "sff": "lesion"
  },
  {
    "docID": "N038 Garcia-Alias 2011 22159095",
    "et": "SpinalLesionSite",
    "off": 31213,
    "sff": "lesion"
  },
  {
    "docID": "N038 Garcia-Alias 2011 22159095",
    "et": "SpinalLesionSite",
    "off": 30769,
    "sff": "lesion"
  },
  {
    "docID": "N038 Garcia-Alias 2011 22159095",
    "et": "SpinalLesionSite",
    "off": 30837,
    "sff": "lesion"
  },
  {
    "docID": "N038 Garcia-Alias 2011 22159095",
    "et": "SpinalLesionSite",
    "off": 48372,
    "sff": "lesion"
  },
  {
    "docID": "N038 Garcia-Alias 2011 22159095",
    "et": "SpinalLesionSite",
    "off": 31035,
    "sff": "lesion"
  },
  {
    "docID": "N038 Garcia-Alias 2011 22159095",
    "et": "SpinalLesionSite",
    "off": 44475,
    "sff": "lesion"
  },
  {
    "docID": "N038 Garcia-Alias 2011 22159095",
    "et": "SpinalLesionSite",
    "off": 45339,
    "sff": "lesion"
  },
  {
    "docID": "N038 Garcia-Alias 2011 22159095",
    "et": "RubrospinalTract",
    "off": 45670,
    "sff": "rubrospinal"
  },
  {
    "docID": "N038 Garcia-Alias 2011 22159095",
    "et": "RubrospinalTract",
    "off": 21440,
    "sff": "rubrospinal"
  }
]
