[
  {
    "docID": "N040 Kim 2006 16705682",
    "et": "AnatomicalLocation",
    "off": 5589,
    "sff": "anatomical"
  },
  {
    "docID": "N040 Kim 2006 16705682",
    "et": "AnatomicalLocation",
    "off": 37429,
    "sff": "anatomical"
  },
  {
    "docID": "N040 Kim 2006 16705682",
    "et": "AnatomicalLocation",
    "off": 12539,
    "sff": "anatomical"
  },
  {
    "docID": "N040 Kim 2006 16705682",
    "et": "AnatomicalLocation",
    "off": 63172,
    "sff": "anatomical"
  },
  {
    "docID": "N040 Kim 2006 16705682",
    "et": "AnatomicalLocation",
    "off": 54205,
    "sff": "anatomical"
  },
  {
    "docID": "N040 Kim 2006 16705682",
    "et": "AnatomicalLocation",
    "off": 79976,
    "sff": "Anatomical"
  },
  {
    "docID": "N040 Kim 2006 16705682",
    "et": "AnatomicalLocation",
    "off": 33154,
    "sff": "anatomical"
  },
  {
    "docID": "N040 Kim 2006 16705682",
    "et": "Lumbar",
    "off": 50694,
    "sff": "lumbar"
  },
  {
    "docID": "N040 Kim 2006 16705682",
    "et": "Brain",
    "off": 72647,
    "sff": "Brain"
  },
  {
    "docID": "N040 Kim 2006 16705682",
    "et": "Brain",
    "off": 70885,
    "sff": "Brain"
  },
  {
    "docID": "N040 Kim 2006 16705682",
    "et": "Brain",
    "off": 69697,
    "sff": "Brain"
  },
  {
    "docID": "N040 Kim 2006 16705682",
    "et": "Brain",
    "off": 79689,
    "sff": "brain"
  },
  {
    "docID": "N040 Kim 2006 16705682",
    "et": "Brain",
    "off": 64853,
    "sff": "brain"
  },
  {
    "docID": "N040 Kim 2006 16705682",
    "et": "Brain",
    "off": 68474,
    "sff": "Brain"
  },
  {
    "docID": "N040 Kim 2006 16705682",
    "et": "Brain",
    "off": 74010,
    "sff": "Brain"
  },
  {
    "docID": "N040 Kim 2006 16705682",
    "et": "Brain",
    "off": 68635,
    "sff": "Brain"
  },
  {
    "docID": "N040 Kim 2006 16705682",
    "et": "Brain",
    "off": 57489,
    "sff": "brain"
  },
  {
    "docID": "N040 Kim 2006 16705682",
    "et": "Brain",
    "off": 3476,
    "sff": "Brain"
  },
  {
    "docID": "N040 Kim 2006 16705682",
    "et": "Brain",
    "off": 81459,
    "sff": "Brain"
  },
  {
    "docID": "N040 Kim 2006 16705682",
    "et": "Brain",
    "off": 67761,
    "sff": "Brain"
  },
  {
    "docID": "N040 Kim 2006 16705682",
    "et": "Brain",
    "off": 75985,
    "sff": "Brain"
  },
  {
    "docID": "N040 Kim 2006 16705682",
    "et": "Brain",
    "off": 77826,
    "sff": "brain"
  },
  {
    "docID": "N040 Kim 2006 16705682",
    "et": "Brain",
    "off": 67555,
    "sff": "brain"
  },
  {
    "docID": "N040 Kim 2006 16705682",
    "et": "AscendingFiberTract",
    "off": 27797,
    "sff": "fiber"
  },
  {
    "docID": "N040 Kim 2006 16705682",
    "et": "AscendingFiberTract",
    "off": 18611,
    "sff": "fiber"
  },
  {
    "docID": "N040 Kim 2006 16705682",
    "et": "AscendingFiberTract",
    "off": 46957,
    "sff": "fiber"
  },
  {
    "docID": "N040 Kim 2006 16705682",
    "et": "AscendingFiberTract",
    "off": 16204,
    "sff": "fiber"
  },
  {
    "docID": "N040 Kim 2006 16705682",
    "et": "AscendingFiberTract",
    "off": 74261,
    "sff": "Ascending"
  },
  {
    "docID": "N040 Kim 2006 16705682",
    "et": "AscendingFiberTract",
    "off": 28846,
    "sff": "fiber"
  },
  {
    "docID": "N040 Kim 2006 16705682",
    "et": "AscendingFiberTract",
    "off": 18697,
    "sff": "fiber"
  },
  {
    "docID": "N040 Kim 2006 16705682",
    "et": "AscendingFiberTract",
    "off": 28171,
    "sff": "fiber"
  },
  {
    "docID": "N040 Kim 2006 16705682",
    "et": "AscendingFiberTract",
    "off": 16938,
    "sff": "fiber"
  },
  {
    "docID": "N040 Kim 2006 16705682",
    "et": "AscendingFiberTract",
    "off": 29863,
    "sff": "fiber"
  },
  {
    "docID": "N040 Kim 2006 16705682",
    "et": "AscendingFiberTract",
    "off": 17571,
    "sff": "fiber"
  },
  {
    "docID": "N040 Kim 2006 16705682",
    "et": "AscendingFiberTract",
    "off": 27901,
    "sff": "fiber"
  },
  {
    "docID": "N040 Kim 2006 16705682",
    "et": "AscendingFiberTract",
    "off": 17468,
    "sff": "fiber"
  },
  {
    "docID": "N040 Kim 2006 16705682",
    "et": "AscendingFiberTract",
    "off": 27615,
    "sff": "fiber"
  },
  {
    "docID": "N040 Kim 2006 16705682",
    "et": "Intraspinal",
    "off": 79451,
    "sff": "Intraspinal"
  },
  {
    "docID": "N040 Kim 2006 16705682",
    "et": "Intraspinal",
    "off": 67927,
    "sff": "intraspinal"
  },
  {
    "docID": "N040 Kim 2006 16705682",
    "et": "Intraspinal",
    "off": 63238,
    "sff": "intraspinal"
  },
  {
    "docID": "N040 Kim 2006 16705682",
    "et": "SpinalWhiteMatter",
    "off": 76563,
    "sff": "white matter"
  },
  {
    "docID": "N040 Kim 2006 16705682",
    "et": "SpinalWhiteMatter",
    "off": 25257,
    "sff": "White"
  },
  {
    "docID": "N040 Kim 2006 16705682",
    "et": "SpinalWhiteMatter",
    "off": 48659,
    "sff": "white matter"
  },
  {
    "docID": "N040 Kim 2006 16705682",
    "et": "SpinalWhiteMatter",
    "off": 25447,
    "sff": "white"
  },
  {
    "docID": "N040 Kim 2006 16705682",
    "et": "SpinalWhiteMatter",
    "off": 23501,
    "sff": "White"
  },
  {
    "docID": "N040 Kim 2006 16705682",
    "et": "SpinalWhiteMatter",
    "off": 71958,
    "sff": "white matter"
  },
  {
    "docID": "N040 Kim 2006 16705682",
    "et": "SpinalFiberTract",
    "off": 18611,
    "sff": "fiber"
  },
  {
    "docID": "N040 Kim 2006 16705682",
    "et": "SpinalFiberTract",
    "off": 27797,
    "sff": "fiber"
  },
  {
    "docID": "N040 Kim 2006 16705682",
    "et": "SpinalFiberTract",
    "off": 17468,
    "sff": "fiber"
  },
  {
    "docID": "N040 Kim 2006 16705682",
    "et": "SpinalFiberTract",
    "off": 27901,
    "sff": "fiber"
  },
  {
    "docID": "N040 Kim 2006 16705682",
    "et": "SpinalFiberTract",
    "off": 27615,
    "sff": "fiber"
  },
  {
    "docID": "N040 Kim 2006 16705682",
    "et": "SpinalFiberTract",
    "off": 17571,
    "sff": "fiber"
  },
  {
    "docID": "N040 Kim 2006 16705682",
    "et": "SpinalFiberTract",
    "off": 29863,
    "sff": "fiber"
  },
  {
    "docID": "N040 Kim 2006 16705682",
    "et": "SpinalFiberTract",
    "off": 18697,
    "sff": "fiber"
  },
  {
    "docID": "N040 Kim 2006 16705682",
    "et": "SpinalFiberTract",
    "off": 16938,
    "sff": "fiber"
  },
  {
    "docID": "N040 Kim 2006 16705682",
    "et": "SpinalFiberTract",
    "off": 28171,
    "sff": "fiber"
  },
  {
    "docID": "N040 Kim 2006 16705682",
    "et": "SpinalFiberTract",
    "off": 16204,
    "sff": "fiber"
  },
  {
    "docID": "N040 Kim 2006 16705682",
    "et": "SpinalFiberTract",
    "off": 28846,
    "sff": "fiber"
  },
  {
    "docID": "N040 Kim 2006 16705682",
    "et": "SpinalFiberTract",
    "off": 46957,
    "sff": "fiber"
  },
  {
    "docID": "N040 Kim 2006 16705682",
    "et": "Intrathecal",
    "off": 35062,
    "sff": "Intrathecal"
  },
  {
    "docID": "N040 Kim 2006 16705682",
    "et": "Intrathecal",
    "off": 9203,
    "sff": "intrathecal"
  },
  {
    "docID": "N040 Kim 2006 16705682",
    "et": "Intrathecal",
    "off": 35360,
    "sff": "intrathecal"
  },
  {
    "docID": "N040 Kim 2006 16705682",
    "et": "Intrathecal",
    "off": 8929,
    "sff": "intrathecal"
  },
  {
    "docID": "N040 Kim 2006 16705682",
    "et": "DeliveryMethod",
    "off": 13714,
    "sff": "delivery"
  },
  {
    "docID": "N040 Kim 2006 16705682",
    "et": "DeliveryMethod",
    "off": 24487,
    "sff": "delivery"
  },
  {
    "docID": "N040 Kim 2006 16705682",
    "et": "DeliveryMethod",
    "off": 34950,
    "sff": "delivery"
  },
  {
    "docID": "N040 Kim 2006 16705682",
    "et": "SpinalDorsalHalf",
    "off": 21558,
    "sff": "dorsal"
  },
  {
    "docID": "N040 Kim 2006 16705682",
    "et": "SpinalDorsalHalf",
    "off": 49021,
    "sff": "dorsal half"
  },
  {
    "docID": "N040 Kim 2006 16705682",
    "et": "SpinalDorsalHalf",
    "off": 47748,
    "sff": "dorsal"
  },
  {
    "docID": "N040 Kim 2006 16705682",
    "et": "SpinalDorsalHalf",
    "off": 10965,
    "sff": "dorsal"
  },
  {
    "docID": "N040 Kim 2006 16705682",
    "et": "SpinalDorsalHalf",
    "off": 8418,
    "sff": "dorsal"
  },
  {
    "docID": "N040 Kim 2006 16705682",
    "et": "SpinalDorsalHalf",
    "off": 63939,
    "sff": "dorsal"
  },
  {
    "docID": "N040 Kim 2006 16705682",
    "et": "SpinalDorsalHalf",
    "off": 7312,
    "sff": "dorsal"
  },
  {
    "docID": "N040 Kim 2006 16705682",
    "et": "SpinalDorsalHalf",
    "off": 18449,
    "sff": "dorsal"
  },
  {
    "docID": "N040 Kim 2006 16705682",
    "et": "SpinalDorsalHalf",
    "off": 48687,
    "sff": "dorsal"
  },
  {
    "docID": "N040 Kim 2006 16705682",
    "et": "SpinalDorsalHalf",
    "off": 80030,
    "sff": "dorsal"
  },
  {
    "docID": "N040 Kim 2006 16705682",
    "et": "SpinalDorsalHalf",
    "off": 80604,
    "sff": "dorsal"
  },
  {
    "docID": "N040 Kim 2006 16705682",
    "et": "SpinalDorsalHalf",
    "off": 79787,
    "sff": "dorsal"
  },
  {
    "docID": "N040 Kim 2006 16705682",
    "et": "SpinalVentralHalf",
    "off": 21601,
    "sff": "ventral"
  },
  {
    "docID": "N040 Kim 2006 16705682",
    "et": "SpinalVentralHalf",
    "off": 12897,
    "sff": "ventral"
  },
  {
    "docID": "N040 Kim 2006 16705682",
    "et": "SpinalVentralHalf",
    "off": 28286,
    "sff": "ventral"
  },
  {
    "docID": "N040 Kim 2006 16705682",
    "et": "SpinalVentralHalf",
    "off": 28639,
    "sff": "ventral"
  },
  {
    "docID": "N040 Kim 2006 16705682",
    "et": "SpinalVentralHalf",
    "off": 28196,
    "sff": "ventral"
  },
  {
    "docID": "N040 Kim 2006 16705682",
    "et": "SpinalVentralHalf",
    "off": 17109,
    "sff": "ventral"
  },
  {
    "docID": "N040 Kim 2006 16705682",
    "et": "SpinalVentralHalf",
    "off": 17010,
    "sff": "ventral"
  },
  {
    "docID": "N040 Kim 2006 16705682",
    "et": "SpinalVentralHalf",
    "off": 17235,
    "sff": "ventral"
  },
  {
    "docID": "N040 Kim 2006 16705682",
    "et": "SpinalVentralHalf",
    "off": 80041,
    "sff": "ventral"
  },
  {
    "docID": "N040 Kim 2006 16705682",
    "et": "SpinalVentralHalf",
    "off": 17149,
    "sff": "ventral"
  },
  {
    "docID": "N040 Kim 2006 16705682",
    "et": "SpinalVentralHalf",
    "off": 46010,
    "sff": "ventral"
  },
  {
    "docID": "N040 Kim 2006 16705682",
    "et": "SpinalCord",
    "off": 10256,
    "sff": "cord"
  },
  {
    "docID": "N040 Kim 2006 16705682",
    "et": "SpinalCord",
    "off": 60943,
    "sff": "cord"
  },
  {
    "docID": "N040 Kim 2006 16705682",
    "et": "SpinalCord",
    "off": 16397,
    "sff": "cord"
  },
  {
    "docID": "N040 Kim 2006 16705682",
    "et": "SpinalCord",
    "off": 74772,
    "sff": "cord"
  },
  {
    "docID": "N040 Kim 2006 16705682",
    "et": "SpinalCord",
    "off": 25107,
    "sff": "cord"
  },
  {
    "docID": "N040 Kim 2006 16705682",
    "et": "SpinalCord",
    "off": 80910,
    "sff": "cord"
  },
  {
    "docID": "N040 Kim 2006 16705682",
    "et": "SpinalCord",
    "off": 74512,
    "sff": "cord"
  },
  {
    "docID": "N040 Kim 2006 16705682",
    "et": "SpinalCord",
    "off": 38152,
    "sff": "cord"
  },
  {
    "docID": "N040 Kim 2006 16705682",
    "et": "SpinalCord",
    "off": 68617,
    "sff": "cord"
  },
  {
    "docID": "N040 Kim 2006 16705682",
    "et": "SpinalCord",
    "off": 79883,
    "sff": "cord"
  },
  {
    "docID": "N040 Kim 2006 16705682",
    "et": "SpinalCord",
    "off": 80651,
    "sff": "cord"
  },
  {
    "docID": "N040 Kim 2006 16705682",
    "et": "SpinalCord",
    "off": 81670,
    "sff": "cord"
  },
  {
    "docID": "N040 Kim 2006 16705682",
    "et": "SpinalCord",
    "off": 7168,
    "sff": "cord"
  },
  {
    "docID": "N040 Kim 2006 16705682",
    "et": "SpinalCord",
    "off": 59391,
    "sff": "cord"
  },
  {
    "docID": "N040 Kim 2006 16705682",
    "et": "SpinalCord",
    "off": 24577,
    "sff": "cord"
  },
  {
    "docID": "N040 Kim 2006 16705682",
    "et": "SpinalCord",
    "off": 36344,
    "sff": "cord"
  },
  {
    "docID": "N040 Kim 2006 16705682",
    "et": "SpinalCord",
    "off": 71161,
    "sff": "cord"
  },
  {
    "docID": "N040 Kim 2006 16705682",
    "et": "SpinalCord",
    "off": 40951,
    "sff": "cord"
  },
  {
    "docID": "N040 Kim 2006 16705682",
    "et": "SpinalCord",
    "off": 51438,
    "sff": "cord"
  },
  {
    "docID": "N040 Kim 2006 16705682",
    "et": "SpinalCord",
    "off": 58605,
    "sff": "cord"
  },
  {
    "docID": "N040 Kim 2006 16705682",
    "et": "SpinalCord",
    "off": 57076,
    "sff": "cord"
  },
  {
    "docID": "N040 Kim 2006 16705682",
    "et": "SpinalCord",
    "off": 30705,
    "sff": "cord"
  },
  {
    "docID": "N040 Kim 2006 16705682",
    "et": "SpinalCord",
    "off": 72169,
    "sff": "cord"
  },
  {
    "docID": "N040 Kim 2006 16705682",
    "et": "SpinalCord",
    "off": 78057,
    "sff": "cord"
  },
  {
    "docID": "N040 Kim 2006 16705682",
    "et": "SpinalCord",
    "off": 45798,
    "sff": "cord"
  },
  {
    "docID": "N040 Kim 2006 16705682",
    "et": "SpinalCord",
    "off": 48865,
    "sff": "cord"
  },
  {
    "docID": "N040 Kim 2006 16705682",
    "et": "SpinalCord",
    "off": 30423,
    "sff": "cord"
  },
  {
    "docID": "N040 Kim 2006 16705682",
    "et": "SpinalCord",
    "off": 70620,
    "sff": "cord"
  },
  {
    "docID": "N040 Kim 2006 16705682",
    "et": "SpinalCord",
    "off": 75228,
    "sff": "cord"
  },
  {
    "docID": "N040 Kim 2006 16705682",
    "et": "SpinalCord",
    "off": 72405,
    "sff": "cord"
  },
  {
    "docID": "N040 Kim 2006 16705682",
    "et": "SpinalCord",
    "off": 18511,
    "sff": "cord"
  },
  {
    "docID": "N040 Kim 2006 16705682",
    "et": "SpinalCord",
    "off": 72275,
    "sff": "cord"
  },
  {
    "docID": "N040 Kim 2006 16705682",
    "et": "SpinalCord",
    "off": 850,
    "sff": "cord"
  },
  {
    "docID": "N040 Kim 2006 16705682",
    "et": "SpinalCord",
    "off": 36434,
    "sff": "cord"
  },
  {
    "docID": "N040 Kim 2006 16705682",
    "et": "SpinalCord",
    "off": 23878,
    "sff": "cord"
  },
  {
    "docID": "N040 Kim 2006 16705682",
    "et": "SpinalCord",
    "off": 51532,
    "sff": "cord"
  },
  {
    "docID": "N040 Kim 2006 16705682",
    "et": "SpinalCord",
    "off": 33355,
    "sff": "cord"
  },
  {
    "docID": "N040 Kim 2006 16705682",
    "et": "SpinalCord",
    "off": 39754,
    "sff": "cord"
  },
  {
    "docID": "N040 Kim 2006 16705682",
    "et": "SpinalCord",
    "off": 63815,
    "sff": "cord"
  },
  {
    "docID": "N040 Kim 2006 16705682",
    "et": "SpinalCord",
    "off": 30270,
    "sff": "cord"
  },
  {
    "docID": "N040 Kim 2006 16705682",
    "et": "SpinalCord",
    "off": 32830,
    "sff": "cord"
  },
  {
    "docID": "N040 Kim 2006 16705682",
    "et": "SpinalCord",
    "off": 77635,
    "sff": "cord"
  },
  {
    "docID": "N040 Kim 2006 16705682",
    "et": "SpinalCord",
    "off": 27460,
    "sff": "cord"
  },
  {
    "docID": "N040 Kim 2006 16705682",
    "et": "SpinalCord",
    "off": 6211,
    "sff": "cord"
  },
  {
    "docID": "N040 Kim 2006 16705682",
    "et": "SpinalCord",
    "off": 68414,
    "sff": "cord"
  },
  {
    "docID": "N040 Kim 2006 16705682",
    "et": "SpinalCord",
    "off": 11842,
    "sff": "cord"
  },
  {
    "docID": "N040 Kim 2006 16705682",
    "et": "SpinalCord",
    "off": 53058,
    "sff": "cord"
  },
  {
    "docID": "N040 Kim 2006 16705682",
    "et": "SpinalCord",
    "off": 79167,
    "sff": "cord"
  },
  {
    "docID": "N040 Kim 2006 16705682",
    "et": "SpinalCord",
    "off": 74555,
    "sff": "cord"
  },
  {
    "docID": "N040 Kim 2006 16705682",
    "et": "SpinalCord",
    "off": 71996,
    "sff": "cord"
  },
  {
    "docID": "N040 Kim 2006 16705682",
    "et": "SpinalCord",
    "off": 23356,
    "sff": "cord"
  },
  {
    "docID": "N040 Kim 2006 16705682",
    "et": "SpinalCord",
    "off": 62262,
    "sff": "cord"
  },
  {
    "docID": "N040 Kim 2006 16705682",
    "et": "SpinalCord",
    "off": 73526,
    "sff": "cord"
  },
  {
    "docID": "N040 Kim 2006 16705682",
    "et": "SpinalCord",
    "off": 67895,
    "sff": "cord"
  },
  {
    "docID": "N040 Kim 2006 16705682",
    "et": "SpinalCord",
    "off": 11312,
    "sff": "cord"
  },
  {
    "docID": "N040 Kim 2006 16705682",
    "et": "SpinalCord",
    "off": 69426,
    "sff": "cord"
  },
  {
    "docID": "N040 Kim 2006 16705682",
    "et": "SpinalCord",
    "off": 2350,
    "sff": "cord"
  },
  {
    "docID": "N040 Kim 2006 16705682",
    "et": "SpinalCord",
    "off": 69165,
    "sff": "cord"
  },
  {
    "docID": "N040 Kim 2006 16705682",
    "et": "SpinalCord",
    "off": 56627,
    "sff": "cord"
  },
  {
    "docID": "N040 Kim 2006 16705682",
    "et": "SpinalCord",
    "off": 69679,
    "sff": "cord"
  },
  {
    "docID": "N040 Kim 2006 16705682",
    "et": "SpinalCord",
    "off": 552,
    "sff": "cord"
  },
  {
    "docID": "N040 Kim 2006 16705682",
    "et": "SpinalCord",
    "off": 3111,
    "sff": "cord"
  },
  {
    "docID": "N040 Kim 2006 16705682",
    "et": "SpinalCord",
    "off": 61994,
    "sff": "cord"
  },
  {
    "docID": "N040 Kim 2006 16705682",
    "et": "SpinalCord",
    "off": 75050,
    "sff": "cord"
  },
  {
    "docID": "N040 Kim 2006 16705682",
    "et": "SpinalCord",
    "off": 7461,
    "sff": "cord"
  },
  {
    "docID": "N040 Kim 2006 16705682",
    "et": "SpinalCord",
    "off": 70188,
    "sff": "cord"
  },
  {
    "docID": "N040 Kim 2006 16705682",
    "et": "SpinalCord",
    "off": 46112,
    "sff": "cord"
  },
  {
    "docID": "N040 Kim 2006 16705682",
    "et": "SpinalCord",
    "off": 55581,
    "sff": "cord"
  },
  {
    "docID": "N040 Kim 2006 16705682",
    "et": "SpinalCord",
    "off": 12068,
    "sff": "cord"
  },
  {
    "docID": "N040 Kim 2006 16705682",
    "et": "SpinalCord",
    "off": 23576,
    "sff": "cord"
  },
  {
    "docID": "N040 Kim 2006 16705682",
    "et": "SpinalCord",
    "off": 80153,
    "sff": "cord"
  },
  {
    "docID": "N040 Kim 2006 16705682",
    "et": "SpinalCord",
    "off": 69914,
    "sff": "cord"
  },
  {
    "docID": "N040 Kim 2006 16705682",
    "et": "SpinalCord",
    "off": 25366,
    "sff": "cord"
  },
  {
    "docID": "N040 Kim 2006 16705682",
    "et": "SpinalCord",
    "off": 32534,
    "sff": "cord"
  },
  {
    "docID": "N040 Kim 2006 16705682",
    "et": "SpinalCord",
    "off": 50709,
    "sff": "cord"
  },
  {
    "docID": "N040 Kim 2006 16705682",
    "et": "SpinalCord",
    "off": 53020,
    "sff": "cord"
  },
  {
    "docID": "N040 Kim 2006 16705682",
    "et": "SpinalCord",
    "off": 69777,
    "sff": "cord"
  },
  {
    "docID": "N040 Kim 2006 16705682",
    "et": "SpinalCord",
    "off": 37517,
    "sff": "cord"
  },
  {
    "docID": "N040 Kim 2006 16705682",
    "et": "SpinalCord",
    "off": 69261,
    "sff": "cord"
  },
  {
    "docID": "N040 Kim 2006 16705682",
    "et": "SpinalCord",
    "off": 2451,
    "sff": "cord"
  },
  {
    "docID": "N040 Kim 2006 16705682",
    "et": "SpinalCord",
    "off": 1160,
    "sff": "cord"
  },
  {
    "docID": "N040 Kim 2006 16705682",
    "et": "SpinalCord",
    "off": 34696,
    "sff": "cord"
  },
  {
    "docID": "N040 Kim 2006 16705682",
    "et": "SpinalCord",
    "off": 5255,
    "sff": "cord"
  },
  {
    "docID": "N040 Kim 2006 16705682",
    "et": "SpinalCord",
    "off": 79500,
    "sff": "cord"
  },
  {
    "docID": "N040 Kim 2006 16705682",
    "et": "SpinalCord",
    "off": 51083,
    "sff": "cord"
  },
  {
    "docID": "N040 Kim 2006 16705682",
    "et": "SpinalCord",
    "off": 197,
    "sff": "Cord"
  },
  {
    "docID": "N040 Kim 2006 16705682",
    "et": "SpinalCord",
    "off": 72072,
    "sff": "cord"
  },
  {
    "docID": "N040 Kim 2006 16705682",
    "et": "SpinalCord",
    "off": 78216,
    "sff": "cord"
  },
  {
    "docID": "N040 Kim 2006 16705682",
    "et": "SpinalCord",
    "off": 7293,
    "sff": "cord"
  },
  {
    "docID": "N040 Kim 2006 16705682",
    "et": "SpinalCord",
    "off": 33668,
    "sff": "cord"
  },
  {
    "docID": "N040 Kim 2006 16705682",
    "et": "SpinalCord",
    "off": 60289,
    "sff": "cord"
  },
  {
    "docID": "N040 Kim 2006 16705682",
    "et": "SpinalCord",
    "off": 81024,
    "sff": "cord"
  },
  {
    "docID": "N040 Kim 2006 16705682",
    "et": "SpinalCord",
    "off": 8309,
    "sff": "cord"
  },
  {
    "docID": "N040 Kim 2006 16705682",
    "et": "SpinalCord",
    "off": 78705,
    "sff": "cord"
  },
  {
    "docID": "N040 Kim 2006 16705682",
    "et": "SpinalCord",
    "off": 15471,
    "sff": "cord"
  },
  {
    "docID": "N040 Kim 2006 16705682",
    "et": "SpinalCord",
    "off": 50031,
    "sff": "cord"
  },
  {
    "docID": "N040 Kim 2006 16705682",
    "et": "SpinalCord",
    "off": 57199,
    "sff": "cord"
  },
  {
    "docID": "N040 Kim 2006 16705682",
    "et": "SpinalCord",
    "off": 44915,
    "sff": "cord"
  },
  {
    "docID": "N040 Kim 2006 16705682",
    "et": "SpinalCord",
    "off": 15986,
    "sff": "cord"
  },
  {
    "docID": "N040 Kim 2006 16705682",
    "et": "SpinalCord",
    "off": 57713,
    "sff": "cord"
  },
  {
    "docID": "N040 Kim 2006 16705682",
    "et": "SpinalCord",
    "off": 68460,
    "sff": "cord"
  },
  {
    "docID": "N040 Kim 2006 16705682",
    "et": "SpinalCord",
    "off": 75884,
    "sff": "cord"
  },
  {
    "docID": "N040 Kim 2006 16705682",
    "et": "SpinalCord",
    "off": 29291,
    "sff": "cord"
  },
  {
    "docID": "N040 Kim 2006 16705682",
    "et": "SpinalCord",
    "off": 58208,
    "sff": "cord"
  },
  {
    "docID": "N040 Kim 2006 16705682",
    "et": "SpinalCord",
    "off": 68705,
    "sff": "cord"
  },
  {
    "docID": "N040 Kim 2006 16705682",
    "et": "SpinalCord",
    "off": 32351,
    "sff": "cord"
  },
  {
    "docID": "N040 Kim 2006 16705682",
    "et": "SpinalCord",
    "off": 76132,
    "sff": "cord"
  },
  {
    "docID": "N040 Kim 2006 16705682",
    "et": "SpinalCord",
    "off": 33122,
    "sff": "cord"
  },
  {
    "docID": "N040 Kim 2006 16705682",
    "et": "SpinalCord",
    "off": 55900,
    "sff": "cord"
  },
  {
    "docID": "N040 Kim 2006 16705682",
    "et": "SpinalCord",
    "off": 24923,
    "sff": "cord"
  },
  {
    "docID": "N040 Kim 2006 16705682",
    "et": "SpinalCord",
    "off": 59344,
    "sff": "cord"
  },
  {
    "docID": "N040 Kim 2006 16705682",
    "et": "SpinalCord",
    "off": 29645,
    "sff": "cord"
  },
  {
    "docID": "N040 Kim 2006 16705682",
    "et": "SpinalCord",
    "off": 29396,
    "sff": "cord"
  },
  {
    "docID": "N040 Kim 2006 16705682",
    "et": "SpinalCord",
    "off": 33492,
    "sff": "cord"
  },
  {
    "docID": "N040 Kim 2006 16705682",
    "et": "SpinalCord",
    "off": 34771,
    "sff": "cord"
  },
  {
    "docID": "N040 Kim 2006 16705682",
    "et": "SpinalCord",
    "off": 33745,
    "sff": "cord"
  },
  {
    "docID": "N040 Kim 2006 16705682",
    "et": "SpinalCord",
    "off": 68298,
    "sff": "cord"
  },
  {
    "docID": "N040 Kim 2006 16705682",
    "et": "SpinalCord",
    "off": 80076,
    "sff": "cord"
  },
  {
    "docID": "N040 Kim 2006 16705682",
    "et": "SpinalCord",
    "off": 81861,
    "sff": "cord"
  },
  {
    "docID": "N040 Kim 2006 16705682",
    "et": "SpinalCord",
    "off": 54986,
    "sff": "cord"
  },
  {
    "docID": "N040 Kim 2006 16705682",
    "et": "SpinalCord",
    "off": 38848,
    "sff": "cord"
  },
  {
    "docID": "N040 Kim 2006 16705682",
    "et": "SpinalCord",
    "off": 8127,
    "sff": "cord"
  },
  {
    "docID": "N040 Kim 2006 16705682",
    "et": "SpinalCord",
    "off": 73922,
    "sff": "cord"
  },
  {
    "docID": "N040 Kim 2006 16705682",
    "et": "SpinalCord",
    "off": 1219,
    "sff": "cord"
  },
  {
    "docID": "N040 Kim 2006 16705682",
    "et": "SpinalCord",
    "off": 48579,
    "sff": "cord"
  },
  {
    "docID": "N040 Kim 2006 16705682",
    "et": "SpinalCord",
    "off": 75958,
    "sff": "cord"
  },
  {
    "docID": "N040 Kim 2006 16705682",
    "et": "SpinalCord",
    "off": 10938,
    "sff": "cord"
  },
  {
    "docID": "N040 Kim 2006 16705682",
    "et": "SpinalCord",
    "off": 62647,
    "sff": "cord"
  },
  {
    "docID": "N040 Kim 2006 16705682",
    "et": "SpinalCord",
    "off": 76721,
    "sff": "cord"
  },
  {
    "docID": "N040 Kim 2006 16705682",
    "et": "SpinalCord",
    "off": 23726,
    "sff": "cord"
  },
  {
    "docID": "N040 Kim 2006 16705682",
    "et": "SpinalCord",
    "off": 68525,
    "sff": "cord"
  },
  {
    "docID": "N040 Kim 2006 16705682",
    "et": "SpinalCord",
    "off": 34227,
    "sff": "cord"
  },
  {
    "docID": "N040 Kim 2006 16705682",
    "et": "SpinalCord",
    "off": 77230,
    "sff": "cord"
  },
  {
    "docID": "N040 Kim 2006 16705682",
    "et": "SpinalCord",
    "off": 12722,
    "sff": "cord"
  },
  {
    "docID": "N040 Kim 2006 16705682",
    "et": "SpinalCord",
    "off": 71087,
    "sff": "cord"
  },
  {
    "docID": "N040 Kim 2006 16705682",
    "et": "SpinalCord",
    "off": 56746,
    "sff": "cord"
  },
  {
    "docID": "N040 Kim 2006 16705682",
    "et": "SpinalCord",
    "off": 7593,
    "sff": "cord"
  },
  {
    "docID": "N040 Kim 2006 16705682",
    "et": "SpinalCord",
    "off": 10665,
    "sff": "cord"
  },
  {
    "docID": "N040 Kim 2006 16705682",
    "et": "SpinalCord",
    "off": 35753,
    "sff": "cord"
  },
  {
    "docID": "N040 Kim 2006 16705682",
    "et": "SpinalCord",
    "off": 58015,
    "sff": "cord"
  },
  {
    "docID": "N040 Kim 2006 16705682",
    "et": "SpinalCord",
    "off": 2718,
    "sff": "cord"
  },
  {
    "docID": "N040 Kim 2006 16705682",
    "et": "SpinalCord",
    "off": 5533,
    "sff": "cord"
  },
  {
    "docID": "N040 Kim 2006 16705682",
    "et": "SpinalCord",
    "off": 30116,
    "sff": "cord"
  },
  {
    "docID": "N040 Kim 2006 16705682",
    "et": "SpinalCord",
    "off": 5281,
    "sff": "cord"
  },
  {
    "docID": "N040 Kim 2006 16705682",
    "et": "SpinalCord",
    "off": 71577,
    "sff": "cord"
  },
  {
    "docID": "N040 Kim 2006 16705682",
    "et": "SpinalCord",
    "off": 74394,
    "sff": "cord"
  },
  {
    "docID": "N040 Kim 2006 16705682",
    "et": "DorsalColumn",
    "off": 63939,
    "sff": "dorsal"
  },
  {
    "docID": "N040 Kim 2006 16705682",
    "et": "DorsalColumn",
    "off": 47748,
    "sff": "dorsal"
  },
  {
    "docID": "N040 Kim 2006 16705682",
    "et": "DorsalColumn",
    "off": 7312,
    "sff": "dorsal column"
  },
  {
    "docID": "N040 Kim 2006 16705682",
    "et": "DorsalColumn",
    "off": 10965,
    "sff": "dorsal"
  },
  {
    "docID": "N040 Kim 2006 16705682",
    "et": "DorsalColumn",
    "off": 48687,
    "sff": "dorsal"
  },
  {
    "docID": "N040 Kim 2006 16705682",
    "et": "DorsalColumn",
    "off": 80030,
    "sff": "dorsal"
  },
  {
    "docID": "N040 Kim 2006 16705682",
    "et": "DorsalColumn",
    "off": 8418,
    "sff": "dorsal"
  },
  {
    "docID": "N040 Kim 2006 16705682",
    "et": "DorsalColumn",
    "off": 18449,
    "sff": "dorsal"
  },
  {
    "docID": "N040 Kim 2006 16705682",
    "et": "DorsalColumn",
    "off": 79787,
    "sff": "dorsal column"
  },
  {
    "docID": "N040 Kim 2006 16705682",
    "et": "DorsalColumn",
    "off": 49021,
    "sff": "dorsal"
  },
  {
    "docID": "N040 Kim 2006 16705682",
    "et": "DorsalColumn",
    "off": 80604,
    "sff": "dorsal"
  },
  {
    "docID": "N040 Kim 2006 16705682",
    "et": "DorsalColumn",
    "off": 21558,
    "sff": "dorsal"
  },
  {
    "docID": "N040 Kim 2006 16705682",
    "et": "LesionAdjacentTissue",
    "off": 24870,
    "sff": "lesion"
  },
  {
    "docID": "N040 Kim 2006 16705682",
    "et": "LesionAdjacentTissue",
    "off": 32863,
    "sff": "lesion"
  },
  {
    "docID": "N040 Kim 2006 16705682",
    "et": "LesionAdjacentTissue",
    "off": 32418,
    "sff": "lesion"
  },
  {
    "docID": "N040 Kim 2006 16705682",
    "et": "LesionAdjacentTissue",
    "off": 51490,
    "sff": "lesion"
  },
  {
    "docID": "N040 Kim 2006 16705682",
    "et": "LesionAdjacentTissue",
    "off": 46059,
    "sff": "lesion"
  },
  {
    "docID": "N040 Kim 2006 16705682",
    "et": "LesionAdjacentTissue",
    "off": 489,
    "sff": "lesion"
  },
  {
    "docID": "N040 Kim 2006 16705682",
    "et": "LesionAdjacentTissue",
    "off": 2601,
    "sff": "lesion"
  },
  {
    "docID": "N040 Kim 2006 16705682",
    "et": "LesionAdjacentTissue",
    "off": 17198,
    "sff": "lesion"
  },
  {
    "docID": "N040 Kim 2006 16705682",
    "et": "LesionAdjacentTissue",
    "off": 18151,
    "sff": "lesion"
  },
  {
    "docID": "N040 Kim 2006 16705682",
    "et": "LesionAdjacentTissue",
    "off": 23592,
    "sff": "lesion"
  },
  {
    "docID": "N040 Kim 2006 16705682",
    "et": "LesionAdjacentTissue",
    "off": 32468,
    "sff": "lesion"
  },
  {
    "docID": "N040 Kim 2006 16705682",
    "et": "LesionAdjacentTissue",
    "off": 8278,
    "sff": "lesion"
  },
  {
    "docID": "N040 Kim 2006 16705682",
    "et": "LesionAdjacentTissue",
    "off": 17873,
    "sff": "lesion"
  },
  {
    "docID": "N040 Kim 2006 16705682",
    "et": "LesionAdjacentTissue",
    "off": 25231,
    "sff": "adjacent"
  },
  {
    "docID": "N040 Kim 2006 16705682",
    "et": "LesionAdjacentTissue",
    "off": 32847,
    "sff": "adjacent"
  },
  {
    "docID": "N040 Kim 2006 16705682",
    "et": "LesionAdjacentTissue",
    "off": 7250,
    "sff": "lesion"
  },
  {
    "docID": "N040 Kim 2006 16705682",
    "et": "LesionAdjacentTissue",
    "off": 56220,
    "sff": "lesion"
  },
  {
    "docID": "N040 Kim 2006 16705682",
    "et": "LesionAdjacentTissue",
    "off": 29725,
    "sff": "lesion"
  },
  {
    "docID": "N040 Kim 2006 16705682",
    "et": "LesionAdjacentTissue",
    "off": 64030,
    "sff": "lesion"
  },
  {
    "docID": "N040 Kim 2006 16705682",
    "et": "LesionAdjacentTissue",
    "off": 73949,
    "sff": "lesion"
  },
  {
    "docID": "N040 Kim 2006 16705682",
    "et": "LesionAdjacentTissue",
    "off": 12287,
    "sff": "lesion"
  },
  {
    "docID": "N040 Kim 2006 16705682",
    "et": "LesionAdjacentTissue",
    "off": 64127,
    "sff": "lesion"
  },
  {
    "docID": "N040 Kim 2006 16705682",
    "et": "LesionAdjacentTissue",
    "off": 7330,
    "sff": "adjacent"
  },
  {
    "docID": "N040 Kim 2006 16705682",
    "et": "LesionAdjacentTissue",
    "off": 24034,
    "sff": "adjacent"
  },
  {
    "docID": "N040 Kim 2006 16705682",
    "et": "LesionAdjacentTissue",
    "off": 32587,
    "sff": "lesion"
  },
  {
    "docID": "N040 Kim 2006 16705682",
    "et": "LesionAdjacentTissue",
    "off": 11340,
    "sff": "lesion"
  },
  {
    "docID": "N040 Kim 2006 16705682",
    "et": "LesionAdjacentTissue",
    "off": 48716,
    "sff": "lesion"
  },
  {
    "docID": "N040 Kim 2006 16705682",
    "et": "LesionAdjacentTissue",
    "off": 8205,
    "sff": "lesion"
  },
  {
    "docID": "N040 Kim 2006 16705682",
    "et": "LesionAdjacentTissue",
    "off": 25379,
    "sff": "adjacent"
  },
  {
    "docID": "N040 Kim 2006 16705682",
    "et": "LesionAdjacentTissue",
    "off": 78221,
    "sff": "lesion"
  },
  {
    "docID": "N040 Kim 2006 16705682",
    "et": "LesionAdjacentTissue",
    "off": 23980,
    "sff": "adjacent"
  },
  {
    "docID": "N040 Kim 2006 16705682",
    "et": "LesionAdjacentTissue",
    "off": 8440,
    "sff": "lesion"
  },
  {
    "docID": "N040 Kim 2006 16705682",
    "et": "LesionAdjacentTissue",
    "off": 21688,
    "sff": "lesion"
  },
  {
    "docID": "N040 Kim 2006 16705682",
    "et": "LesionAdjacentTissue",
    "off": 32762,
    "sff": "lesion"
  },
  {
    "docID": "N040 Kim 2006 16705682",
    "et": "InfusionDelivery",
    "off": 55830,
    "sff": "infusion"
  },
  {
    "docID": "N040 Kim 2006 16705682",
    "et": "Cervical",
    "off": 42002,
    "sff": "Cervical"
  },
  {
    "docID": "N040 Kim 2006 16705682",
    "et": "Cervical",
    "off": 79867,
    "sff": "cervical"
  },
  {
    "docID": "N040 Kim 2006 16705682",
    "et": "Cervical",
    "off": 50555,
    "sff": "cervical"
  },
  {
    "docID": "N040 Kim 2006 16705682",
    "et": "Cervical",
    "off": 51067,
    "sff": "cervical"
  },
  {
    "docID": "N040 Kim 2006 16705682",
    "et": "Cervical",
    "off": 38072,
    "sff": "cervical"
  },
  {
    "docID": "N040 Kim 2006 16705682",
    "et": "Cervical",
    "off": 48856,
    "sff": "cervical"
  },
  {
    "docID": "N040 Kim 2006 16705682",
    "et": "Cervical",
    "off": 61785,
    "sff": "cervical"
  },
  {
    "docID": "N040 Kim 2006 16705682",
    "et": "Cervical",
    "off": 72152,
    "sff": "cervical"
  },
  {
    "docID": "N040 Kim 2006 16705682",
    "et": "Cervical",
    "off": 51204,
    "sff": "cervical"
  },
  {
    "docID": "N040 Kim 2006 16705682",
    "et": "Cervical",
    "off": 72389,
    "sff": "cervical"
  },
  {
    "docID": "N040 Kim 2006 16705682",
    "et": "Cervical",
    "off": 39781,
    "sff": "cervical"
  },
  {
    "docID": "N040 Kim 2006 16705682",
    "et": "Cervical",
    "off": 51429,
    "sff": "cervical"
  },
  {
    "docID": "N040 Kim 2006 16705682",
    "et": "Cervical",
    "off": 72780,
    "sff": "cervical"
  },
  {
    "docID": "N040 Kim 2006 16705682",
    "et": "Cervical",
    "off": 9547,
    "sff": "cervical"
  },
  {
    "docID": "N040 Kim 2006 16705682",
    "et": "Cervical",
    "off": 1801,
    "sff": "cervical"
  },
  {
    "docID": "N040 Kim 2006 16705682",
    "et": "Cervical",
    "off": 47447,
    "sff": "cervical"
  },
  {
    "docID": "N040 Kim 2006 16705682",
    "et": "Cervical",
    "off": 7445,
    "sff": "cervical"
  },
  {
    "docID": "N040 Kim 2006 16705682",
    "et": "Cervical",
    "off": 11826,
    "sff": "cervical"
  },
  {
    "docID": "N040 Kim 2006 16705682",
    "et": "Cervical",
    "off": 6864,
    "sff": "cervical"
  },
  {
    "docID": "N040 Kim 2006 16705682",
    "et": "Cervical",
    "off": 1649,
    "sff": "cervical"
  },
  {
    "docID": "N040 Kim 2006 16705682",
    "et": "CentralNervousSystem",
    "off": 45469,
    "sff": "central"
  },
  {
    "docID": "N040 Kim 2006 16705682",
    "et": "CentralNervousSystem",
    "off": 72615,
    "sff": "central nervous"
  },
  {
    "docID": "N040 Kim 2006 16705682",
    "et": "CentralNervousSystem",
    "off": 72615,
    "sff": "central nervous system"
  },
  {
    "docID": "N040 Kim 2006 16705682",
    "et": "CentralNervousSystem",
    "off": 30281,
    "sff": "central"
  },
  {
    "docID": "N040 Kim 2006 16705682",
    "et": "CentralNervousSystem",
    "off": 73818,
    "sff": "central nervous"
  },
  {
    "docID": "N040 Kim 2006 16705682",
    "et": "CentralNervousSystem",
    "off": 31805,
    "sff": "central nervous"
  },
  {
    "docID": "N040 Kim 2006 16705682",
    "et": "CentralNervousSystem",
    "off": 11153,
    "sff": "central"
  },
  {
    "docID": "N040 Kim 2006 16705682",
    "et": "CentralNervousSystem",
    "off": 31805,
    "sff": "central nervous system"
  },
  {
    "docID": "N040 Kim 2006 16705682",
    "et": "SpinalGrayMatter",
    "off": 18744,
    "sff": "gray matter"
  },
  {
    "docID": "N040 Kim 2006 16705682",
    "et": "SpinalGrayMatter",
    "off": 17847,
    "sff": "gray matter"
  },
  {
    "docID": "N040 Kim 2006 16705682",
    "et": "SpinalGrayMatter",
    "off": 48919,
    "sff": "gray matter"
  },
  {
    "docID": "N040 Kim 2006 16705682",
    "et": "SpinalGrayMatter",
    "off": 49399,
    "sff": "gray matter"
  },
  {
    "docID": "N040 Kim 2006 16705682",
    "et": "SpinalGrayMatter",
    "off": 17018,
    "sff": "gray matter"
  },
  {
    "docID": "N040 Kim 2006 16705682",
    "et": "SpinalGrayMatter",
    "off": 51738,
    "sff": "gray matter"
  },
  {
    "docID": "N040 Kim 2006 16705682",
    "et": "SpinalGrayMatter",
    "off": 15001,
    "sff": "gray matter"
  },
  {
    "docID": "N040 Kim 2006 16705682",
    "et": "SpinalGrayMatter",
    "off": 17621,
    "sff": "gray matter"
  },
  {
    "docID": "N040 Kim 2006 16705682",
    "et": "SpinalGrayMatter",
    "off": 49040,
    "sff": "gray matter"
  },
  {
    "docID": "N040 Kim 2006 16705682",
    "et": "SpinalGrayMatter",
    "off": 28204,
    "sff": "gray matter"
  },
  {
    "docID": "N040 Kim 2006 16705682",
    "et": "SpinalGrayMatter",
    "off": 7340,
    "sff": "gray matter"
  },
  {
    "docID": "N040 Kim 2006 16705682",
    "et": "SpinalGrayMatter",
    "off": 46923,
    "sff": "gray matter"
  },
  {
    "docID": "N040 Kim 2006 16705682",
    "et": "SpinalGrayMatter",
    "off": 18061,
    "sff": "Gray"
  },
  {
    "docID": "N040 Kim 2006 16705682",
    "et": "SpinalGrayMatter",
    "off": 49288,
    "sff": "gray matter"
  },
  {
    "docID": "N040 Kim 2006 16705682",
    "et": "SpinalGrayMatter",
    "off": 28647,
    "sff": "gray matter"
  },
  {
    "docID": "N040 Kim 2006 16705682",
    "et": "SpinalGrayMatter",
    "off": 21635,
    "sff": "gray matter"
  },
  {
    "docID": "N040 Kim 2006 16705682",
    "et": "SpinalGrayMatter",
    "off": 28294,
    "sff": "gray matter"
  },
  {
    "docID": "N040 Kim 2006 16705682",
    "et": "SpinalGrayMatter",
    "off": 46018,
    "sff": "gray"
  },
  {
    "docID": "N040 Kim 2006 16705682",
    "et": "SpinalGrayMatter",
    "off": 46244,
    "sff": "gray"
  },
  {
    "docID": "N040 Kim 2006 16705682",
    "et": "SpinalGrayMatter",
    "off": 17157,
    "sff": "gray"
  },
  {
    "docID": "N040 Kim 2006 16705682",
    "et": "SpinalGrayMatter",
    "off": 52165,
    "sff": "gray"
  },
  {
    "docID": "N040 Kim 2006 16705682",
    "et": "SpinalGrayMatter",
    "off": 17243,
    "sff": "gray matter"
  },
  {
    "docID": "N040 Kim 2006 16705682",
    "et": "SpinalGrayMatter",
    "off": 17117,
    "sff": "gray matter"
  },
  {
    "docID": "N040 Kim 2006 16705682",
    "et": "C1",
    "off": 18472,
    "sff": "C1"
  },
  {
    "docID": "N040 Kim 2006 16705682",
    "et": "C2",
    "off": 18475,
    "sff": "C2"
  },
  {
    "docID": "N040 Kim 2006 16705682",
    "et": "C4",
    "off": 38863,
    "sff": "C4"
  },
  {
    "docID": "N040 Kim 2006 16705682",
    "et": "C4",
    "off": 40671,
    "sff": "C4"
  },
  {
    "docID": "N040 Kim 2006 16705682",
    "et": "C4",
    "off": 51487,
    "sff": "C4"
  },
  {
    "docID": "N040 Kim 2006 16705682",
    "et": "C4",
    "off": 6903,
    "sff": "C4"
  },
  {
    "docID": "N040 Kim 2006 16705682",
    "et": "C4",
    "off": 39937,
    "sff": "C4"
  },
  {
    "docID": "N040 Kim 2006 16705682",
    "et": "C4",
    "off": 1443,
    "sff": "C4"
  },
  {
    "docID": "N040 Kim 2006 16705682",
    "et": "C6",
    "off": 46100,
    "sff": "C6"
  },
  {
    "docID": "N040 Kim 2006 16705682",
    "et": "CorticospinalTract",
    "off": 29792,
    "sff": "corticospinal"
  },
  {
    "docID": "N040 Kim 2006 16705682",
    "et": "CorticospinalTract",
    "off": 48416,
    "sff": "corticospinal"
  },
  {
    "docID": "N040 Kim 2006 16705682",
    "et": "CorticospinalTract",
    "off": 49249,
    "sff": "corticospinal"
  },
  {
    "docID": "N040 Kim 2006 16705682",
    "et": "CorticospinalTract",
    "off": 30228,
    "sff": "corticospinal"
  },
  {
    "docID": "N040 Kim 2006 16705682",
    "et": "CorticospinalTract",
    "off": 64661,
    "sff": "corticospinal"
  },
  {
    "docID": "N040 Kim 2006 16705682",
    "et": "CorticospinalTract",
    "off": 49206,
    "sff": "corticospinal tract"
  },
  {
    "docID": "N040 Kim 2006 16705682",
    "et": "CorticospinalTract",
    "off": 47513,
    "sff": "corticospinal"
  },
  {
    "docID": "N040 Kim 2006 16705682",
    "et": "CorticospinalTract",
    "off": 30062,
    "sff": "corticospinal"
  },
  {
    "docID": "N040 Kim 2006 16705682",
    "et": "CorticospinalTract",
    "off": 48301,
    "sff": "corticospinal"
  },
  {
    "docID": "N040 Kim 2006 16705682",
    "et": "CorticospinalTract",
    "off": 18226,
    "sff": "corticospinal"
  },
  {
    "docID": "N040 Kim 2006 16705682",
    "et": "CorticospinalTract",
    "off": 15344,
    "sff": "corticospinal"
  },
  {
    "docID": "N040 Kim 2006 16705682",
    "et": "CorticospinalTract",
    "off": 64497,
    "sff": "corticospinal"
  },
  {
    "docID": "N040 Kim 2006 16705682",
    "et": "CorticospinalTract",
    "off": 49841,
    "sff": "corticospinal"
  },
  {
    "docID": "N040 Kim 2006 16705682",
    "et": "CorticospinalTract",
    "off": 18085,
    "sff": "corticospinal"
  },
  {
    "docID": "N040 Kim 2006 16705682",
    "et": "CorticospinalTract",
    "off": 18597,
    "sff": "corticospinal"
  },
  {
    "docID": "N040 Kim 2006 16705682",
    "et": "CorticospinalTract",
    "off": 47720,
    "sff": "corticospinal"
  },
  {
    "docID": "N040 Kim 2006 16705682",
    "et": "CorticospinalTract",
    "off": 18409,
    "sff": "corticospinal"
  },
  {
    "docID": "N040 Kim 2006 16705682",
    "et": "CorticospinalTract",
    "off": 29567,
    "sff": "corticospinal"
  },
  {
    "docID": "N040 Kim 2006 16705682",
    "et": "CorticospinalTract",
    "off": 47990,
    "sff": "corticospinal"
  },
  {
    "docID": "N040 Kim 2006 16705682",
    "et": "CorticospinalTract",
    "off": 48808,
    "sff": "Corticospinal"
  },
  {
    "docID": "N040 Kim 2006 16705682",
    "et": "CorticospinalTract",
    "off": 74164,
    "sff": "corticospinal"
  },
  {
    "docID": "N040 Kim 2006 16705682",
    "et": "CorticospinalTract",
    "off": 48058,
    "sff": "corticospinal"
  },
  {
    "docID": "N040 Kim 2006 16705682",
    "et": "CorticospinalTract",
    "off": 18683,
    "sff": "corticospinal"
  },
  {
    "docID": "N040 Kim 2006 16705682",
    "et": "CorticospinalTract",
    "off": 17807,
    "sff": "corticospinal"
  },
  {
    "docID": "N040 Kim 2006 16705682",
    "et": "CorticospinalTract",
    "off": 72716,
    "sff": "Corticospinal tract"
  },
  {
    "docID": "N040 Kim 2006 16705682",
    "et": "CorticospinalTract",
    "off": 18001,
    "sff": "corticospinal"
  },
  {
    "docID": "N040 Kim 2006 16705682",
    "et": "CorticospinalTract",
    "off": 69008,
    "sff": "corticospinal"
  },
  {
    "docID": "N040 Kim 2006 16705682",
    "et": "CorticospinalTract",
    "off": 29209,
    "sff": "Corticospinal"
  },
  {
    "docID": "N040 Kim 2006 16705682",
    "et": "CorticospinalTract",
    "off": 75520,
    "sff": "corticospinal tract"
  },
  {
    "docID": "N040 Kim 2006 16705682",
    "et": "CorticospinalTract",
    "off": 10180,
    "sff": "corticospinal"
  },
  {
    "docID": "N040 Kim 2006 16705682",
    "et": "CorticospinalTract",
    "off": 47620,
    "sff": "corticospinal"
  },
  {
    "docID": "N040 Kim 2006 16705682",
    "et": "CorticospinalTract",
    "off": 29450,
    "sff": "corticospinal"
  },
  {
    "docID": "N040 Kim 2006 16705682",
    "et": "CorticospinalTract",
    "off": 16072,
    "sff": "corticospinal"
  },
  {
    "docID": "N040 Kim 2006 16705682",
    "et": "CorticospinalTract",
    "off": 49480,
    "sff": "corticospinal"
  },
  {
    "docID": "N040 Kim 2006 16705682",
    "et": "SpinalCentralPart",
    "off": 11153,
    "sff": "central"
  },
  {
    "docID": "N040 Kim 2006 16705682",
    "et": "SpinalCentralPart",
    "off": 73818,
    "sff": "central"
  },
  {
    "docID": "N040 Kim 2006 16705682",
    "et": "SpinalCentralPart",
    "off": 45469,
    "sff": "central"
  },
  {
    "docID": "N040 Kim 2006 16705682",
    "et": "SpinalCentralPart",
    "off": 31805,
    "sff": "central"
  },
  {
    "docID": "N040 Kim 2006 16705682",
    "et": "SpinalCentralPart",
    "off": 72615,
    "sff": "central"
  },
  {
    "docID": "N040 Kim 2006 16705682",
    "et": "SpinalCentralPart",
    "off": 30281,
    "sff": "central"
  },
  {
    "docID": "N040 Kim 2006 16705682",
    "et": "InjectionDelivery",
    "off": 41052,
    "sff": "injection"
  },
  {
    "docID": "N040 Kim 2006 16705682",
    "et": "InjectionDelivery",
    "off": 27744,
    "sff": "injection"
  },
  {
    "docID": "N040 Kim 2006 16705682",
    "et": "InjectionDelivery",
    "off": 46432,
    "sff": "injection"
  },
  {
    "docID": "N040 Kim 2006 16705682",
    "et": "InjectionDelivery",
    "off": 36258,
    "sff": "injection"
  },
  {
    "docID": "N040 Kim 2006 16705682",
    "et": "InjectionDelivery",
    "off": 51618,
    "sff": "injection"
  },
  {
    "docID": "N040 Kim 2006 16705682",
    "et": "InjectionDelivery",
    "off": 52005,
    "sff": "injection"
  },
  {
    "docID": "N040 Kim 2006 16705682",
    "et": "InjectionDelivery",
    "off": 61415,
    "sff": "injection"
  },
  {
    "docID": "N040 Kim 2006 16705682",
    "et": "InjectionDelivery",
    "off": 35051,
    "sff": "injection"
  },
  {
    "docID": "N040 Kim 2006 16705682",
    "et": "InjectionDelivery",
    "off": 8941,
    "sff": "injection"
  },
  {
    "docID": "N040 Kim 2006 16705682",
    "et": "InjectionDelivery",
    "off": 40822,
    "sff": "Injection"
  },
  {
    "docID": "N040 Kim 2006 16705682",
    "et": "InjectionDelivery",
    "off": 44080,
    "sff": "injection"
  },
  {
    "docID": "N040 Kim 2006 16705682",
    "et": "InjectionDelivery",
    "off": 35379,
    "sff": "injection"
  },
  {
    "docID": "N040 Kim 2006 16705682",
    "et": "InjectionDelivery",
    "off": 37235,
    "sff": "injection"
  },
  {
    "docID": "N040 Kim 2006 16705682",
    "et": "InjectionDelivery",
    "off": 42228,
    "sff": "injection"
  },
  {
    "docID": "N040 Kim 2006 16705682",
    "et": "InjectionDelivery",
    "off": 45236,
    "sff": "injection"
  },
  {
    "docID": "N040 Kim 2006 16705682",
    "et": "InjectionDelivery",
    "off": 45684,
    "sff": "injection"
  },
  {
    "docID": "N040 Kim 2006 16705682",
    "et": "InjectionDelivery",
    "off": 46324,
    "sff": "injection"
  },
  {
    "docID": "N040 Kim 2006 16705682",
    "et": "InjectionDelivery",
    "off": 48764,
    "sff": "injection"
  },
  {
    "docID": "N040 Kim 2006 16705682",
    "et": "InjectionDelivery",
    "off": 9215,
    "sff": "injection"
  },
  {
    "docID": "N040 Kim 2006 16705682",
    "et": "InjectionDelivery",
    "off": 25986,
    "sff": "injection"
  },
  {
    "docID": "N040 Kim 2006 16705682",
    "et": "InjectionDelivery",
    "off": 35074,
    "sff": "injection"
  },
  {
    "docID": "N040 Kim 2006 16705682",
    "et": "InjectionDelivery",
    "off": 46274,
    "sff": "injection"
  },
  {
    "docID": "N040 Kim 2006 16705682",
    "et": "InjectionDelivery",
    "off": 26052,
    "sff": "injection"
  },
  {
    "docID": "N040 Kim 2006 16705682",
    "et": "InjectionDelivery",
    "off": 38980,
    "sff": "injection"
  },
  {
    "docID": "N040 Kim 2006 16705682",
    "et": "InjectionDelivery",
    "off": 42116,
    "sff": "injection"
  },
  {
    "docID": "N040 Kim 2006 16705682",
    "et": "InjectionDelivery",
    "off": 40904,
    "sff": "injection"
  },
  {
    "docID": "N040 Kim 2006 16705682",
    "et": "InjectionDelivery",
    "off": 52493,
    "sff": "injection"
  },
  {
    "docID": "N040 Kim 2006 16705682",
    "et": "InjectionDelivery",
    "off": 22476,
    "sff": "injection"
  },
  {
    "docID": "N040 Kim 2006 16705682",
    "et": "InjectionDelivery",
    "off": 43921,
    "sff": "injection"
  },
  {
    "docID": "N040 Kim 2006 16705682",
    "et": "InjectionDelivery",
    "off": 21907,
    "sff": "injection"
  },
  {
    "docID": "N040 Kim 2006 16705682",
    "et": "InjectionDelivery",
    "off": 9046,
    "sff": "injection"
  },
  {
    "docID": "N040 Kim 2006 16705682",
    "et": "SpinalLesionSite",
    "off": 8205,
    "sff": "lesion"
  },
  {
    "docID": "N040 Kim 2006 16705682",
    "et": "SpinalLesionSite",
    "off": 11340,
    "sff": "lesion"
  },
  {
    "docID": "N040 Kim 2006 16705682",
    "et": "SpinalLesionSite",
    "off": 48716,
    "sff": "lesion"
  },
  {
    "docID": "N040 Kim 2006 16705682",
    "et": "SpinalLesionSite",
    "off": 78221,
    "sff": "lesion"
  },
  {
    "docID": "N040 Kim 2006 16705682",
    "et": "SpinalLesionSite",
    "off": 7250,
    "sff": "lesion"
  },
  {
    "docID": "N040 Kim 2006 16705682",
    "et": "SpinalLesionSite",
    "off": 32468,
    "sff": "lesion"
  },
  {
    "docID": "N040 Kim 2006 16705682",
    "et": "SpinalLesionSite",
    "off": 8278,
    "sff": "lesion"
  },
  {
    "docID": "N040 Kim 2006 16705682",
    "et": "SpinalLesionSite",
    "off": 17873,
    "sff": "lesion site"
  },
  {
    "docID": "N040 Kim 2006 16705682",
    "et": "SpinalLesionSite",
    "off": 64127,
    "sff": "lesion"
  },
  {
    "docID": "N040 Kim 2006 16705682",
    "et": "SpinalLesionSite",
    "off": 51490,
    "sff": "lesion site"
  },
  {
    "docID": "N040 Kim 2006 16705682",
    "et": "SpinalLesionSite",
    "off": 32587,
    "sff": "lesion"
  },
  {
    "docID": "N040 Kim 2006 16705682",
    "et": "SpinalLesionSite",
    "off": 12287,
    "sff": "lesion site"
  },
  {
    "docID": "N040 Kim 2006 16705682",
    "et": "SpinalLesionSite",
    "off": 17198,
    "sff": "lesion"
  },
  {
    "docID": "N040 Kim 2006 16705682",
    "et": "SpinalLesionSite",
    "off": 8440,
    "sff": "lesion site"
  },
  {
    "docID": "N040 Kim 2006 16705682",
    "et": "SpinalLesionSite",
    "off": 32762,
    "sff": "lesion"
  },
  {
    "docID": "N040 Kim 2006 16705682",
    "et": "SpinalLesionSite",
    "off": 21688,
    "sff": "lesion"
  },
  {
    "docID": "N040 Kim 2006 16705682",
    "et": "SpinalLesionSite",
    "off": 64030,
    "sff": "lesion"
  },
  {
    "docID": "N040 Kim 2006 16705682",
    "et": "SpinalLesionSite",
    "off": 32863,
    "sff": "lesion"
  },
  {
    "docID": "N040 Kim 2006 16705682",
    "et": "SpinalLesionSite",
    "off": 56220,
    "sff": "lesion"
  },
  {
    "docID": "N040 Kim 2006 16705682",
    "et": "SpinalLesionSite",
    "off": 29725,
    "sff": "lesion"
  },
  {
    "docID": "N040 Kim 2006 16705682",
    "et": "SpinalLesionSite",
    "off": 73949,
    "sff": "lesion"
  },
  {
    "docID": "N040 Kim 2006 16705682",
    "et": "SpinalLesionSite",
    "off": 32418,
    "sff": "lesion"
  },
  {
    "docID": "N040 Kim 2006 16705682",
    "et": "SpinalLesionSite",
    "off": 24870,
    "sff": "lesion"
  },
  {
    "docID": "N040 Kim 2006 16705682",
    "et": "SpinalLesionSite",
    "off": 18151,
    "sff": "lesion"
  },
  {
    "docID": "N040 Kim 2006 16705682",
    "et": "SpinalLesionSite",
    "off": 489,
    "sff": "lesion"
  },
  {
    "docID": "N040 Kim 2006 16705682",
    "et": "SpinalLesionSite",
    "off": 2601,
    "sff": "lesion"
  },
  {
    "docID": "N040 Kim 2006 16705682",
    "et": "SpinalLesionSite",
    "off": 46059,
    "sff": "lesion"
  },
  {
    "docID": "N040 Kim 2006 16705682",
    "et": "SpinalLesionSite",
    "off": 23592,
    "sff": "lesion"
  },
  {
    "docID": "N040 Kim 2006 16705682",
    "et": "T1",
    "off": 10947,
    "sff": "T1"
  },
  {
    "docID": "N040 Kim 2006 16705682",
    "et": "T1",
    "off": 30793,
    "sff": "T1"
  },
  {
    "docID": "N040 Kim 2006 16705682",
    "et": "T1",
    "off": 51454,
    "sff": "T1"
  },
  {
    "docID": "N040 Kim 2006 16705682",
    "et": "RubrospinalTract",
    "off": 81827,
    "sff": "rubrospinal"
  },
  {
    "docID": "N040 Kim 2006 16705682",
    "et": "RubrospinalTract",
    "off": 76962,
    "sff": "rubrospinal"
  },
  {
    "docID": "N040 Kim 2006 16705682",
    "et": "RubrospinalTract",
    "off": 15786,
    "sff": "rubrospinal"
  }
]
