[
  {
    "docID": "N043 Massey 2008 17540369",
    "et": "AnatomicalLocation",
    "off": 40988,
    "sff": "anatomical"
  },
  {
    "docID": "N043 Massey 2008 17540369",
    "et": "AnatomicalLocation",
    "off": 35637,
    "sff": "anatomical"
  },
  {
    "docID": "N043 Massey 2008 17540369",
    "et": "AnatomicalLocation",
    "off": 740,
    "sff": "Anatomical"
  },
  {
    "docID": "N043 Massey 2008 17540369",
    "et": "Lumbar",
    "off": 15389,
    "sff": "lumbar"
  },
  {
    "docID": "N043 Massey 2008 17540369",
    "et": "Thoracic",
    "off": 9305,
    "sff": "Thoracic"
  },
  {
    "docID": "N043 Massey 2008 17540369",
    "et": "Thoracic",
    "off": 15375,
    "sff": "thoracic"
  },
  {
    "docID": "N043 Massey 2008 17540369",
    "et": "Thoracic",
    "off": 15021,
    "sff": "thoracic"
  },
  {
    "docID": "N043 Massey 2008 17540369",
    "et": "Brain",
    "off": 86697,
    "sff": "Brain"
  },
  {
    "docID": "N043 Massey 2008 17540369",
    "et": "Brain",
    "off": 90542,
    "sff": "Brain"
  },
  {
    "docID": "N043 Massey 2008 17540369",
    "et": "Brain",
    "off": 72663,
    "sff": "brain"
  },
  {
    "docID": "N043 Massey 2008 17540369",
    "et": "Brain",
    "off": 58456,
    "sff": "brain"
  },
  {
    "docID": "N043 Massey 2008 17540369",
    "et": "Brain",
    "off": 79535,
    "sff": "Brain"
  },
  {
    "docID": "N043 Massey 2008 17540369",
    "et": "Brain",
    "off": 3425,
    "sff": "Brain"
  },
  {
    "docID": "N043 Massey 2008 17540369",
    "et": "Brain",
    "off": 88474,
    "sff": "brain"
  },
  {
    "docID": "N043 Massey 2008 17540369",
    "et": "Brain",
    "off": 85476,
    "sff": "Brain"
  },
  {
    "docID": "N043 Massey 2008 17540369",
    "et": "Brain",
    "off": 95131,
    "sff": "brain"
  },
  {
    "docID": "N043 Massey 2008 17540369",
    "et": "Brain",
    "off": 93854,
    "sff": "brain"
  },
  {
    "docID": "N043 Massey 2008 17540369",
    "et": "Brain",
    "off": 74842,
    "sff": "Brain"
  },
  {
    "docID": "N043 Massey 2008 17540369",
    "et": "Brain",
    "off": 94745,
    "sff": "Brain"
  },
  {
    "docID": "N043 Massey 2008 17540369",
    "et": "Brain",
    "off": 88227,
    "sff": "brain"
  },
  {
    "docID": "N043 Massey 2008 17540369",
    "et": "Brain",
    "off": 89829,
    "sff": "brain"
  },
  {
    "docID": "N043 Massey 2008 17540369",
    "et": "Brain",
    "off": 94888,
    "sff": "brain"
  },
  {
    "docID": "N043 Massey 2008 17540369",
    "et": "Brain",
    "off": 85460,
    "sff": "Brain"
  },
  {
    "docID": "N043 Massey 2008 17540369",
    "et": "Brain",
    "off": 74453,
    "sff": "Brain"
  },
  {
    "docID": "N043 Massey 2008 17540369",
    "et": "Brain",
    "off": 4465,
    "sff": "brain"
  },
  {
    "docID": "N043 Massey 2008 17540369",
    "et": "Brain",
    "off": 77812,
    "sff": "brain"
  },
  {
    "docID": "N043 Massey 2008 17540369",
    "et": "Brain",
    "off": 82253,
    "sff": "Brain"
  },
  {
    "docID": "N043 Massey 2008 17540369",
    "et": "Brain",
    "off": 88567,
    "sff": "brain"
  },
  {
    "docID": "N043 Massey 2008 17540369",
    "et": "Brain",
    "off": 4136,
    "sff": "brain"
  },
  {
    "docID": "N043 Massey 2008 17540369",
    "et": "Brain",
    "off": 73977,
    "sff": "brain"
  },
  {
    "docID": "N043 Massey 2008 17540369",
    "et": "Brain",
    "off": 91332,
    "sff": "Brain"
  },
  {
    "docID": "N043 Massey 2008 17540369",
    "et": "Brain",
    "off": 59009,
    "sff": "brain"
  },
  {
    "docID": "N043 Massey 2008 17540369",
    "et": "Brain",
    "off": 75066,
    "sff": "Brain"
  },
  {
    "docID": "N043 Massey 2008 17540369",
    "et": "Brain",
    "off": 2330,
    "sff": "brain"
  },
  {
    "docID": "N043 Massey 2008 17540369",
    "et": "Brain",
    "off": 74440,
    "sff": "brain"
  },
  {
    "docID": "N043 Massey 2008 17540369",
    "et": "Brain",
    "off": 90701,
    "sff": "brain"
  },
  {
    "docID": "N043 Massey 2008 17540369",
    "et": "AscendingFiberTract",
    "off": 73527,
    "sff": "ascending"
  },
  {
    "docID": "N043 Massey 2008 17540369",
    "et": "AscendingFiberTract",
    "off": 52256,
    "sff": "fiber"
  },
  {
    "docID": "N043 Massey 2008 17540369",
    "et": "AscendingFiberTract",
    "off": 81202,
    "sff": "fiber"
  },
  {
    "docID": "N043 Massey 2008 17540369",
    "et": "AscendingFiberTract",
    "off": 89315,
    "sff": "ascending"
  },
  {
    "docID": "N043 Massey 2008 17540369",
    "et": "AscendingFiberTract",
    "off": 80612,
    "sff": "fiber"
  },
  {
    "docID": "N043 Massey 2008 17540369",
    "et": "AscendingFiberTract",
    "off": 86124,
    "sff": "fiber tract"
  },
  {
    "docID": "N043 Massey 2008 17540369",
    "et": "AscendingFiberTract",
    "off": 93288,
    "sff": "fiber"
  },
  {
    "docID": "N043 Massey 2008 17540369",
    "et": "AscendingFiberTract",
    "off": 65470,
    "sff": "ascending"
  },
  {
    "docID": "N043 Massey 2008 17540369",
    "et": "AscendingFiberTract",
    "off": 86124,
    "sff": "fiber"
  },
  {
    "docID": "N043 Massey 2008 17540369",
    "et": "SpinalWhiteMatter",
    "off": 51494,
    "sff": "white matter"
  },
  {
    "docID": "N043 Massey 2008 17540369",
    "et": "SpinalWhiteMatter",
    "off": 2530,
    "sff": "white matter"
  },
  {
    "docID": "N043 Massey 2008 17540369",
    "et": "SpinalWhiteMatter",
    "off": 2702,
    "sff": "white matter"
  },
  {
    "docID": "N043 Massey 2008 17540369",
    "et": "SpinalWhiteMatter",
    "off": 51786,
    "sff": "white"
  },
  {
    "docID": "N043 Massey 2008 17540369",
    "et": "SpinalWhiteMatter",
    "off": 65774,
    "sff": "white matter"
  },
  {
    "docID": "N043 Massey 2008 17540369",
    "et": "SpinalWhiteMatter",
    "off": 33297,
    "sff": "white matter"
  },
  {
    "docID": "N043 Massey 2008 17540369",
    "et": "SpinalWhiteMatter",
    "off": 75746,
    "sff": "white matter"
  },
  {
    "docID": "N043 Massey 2008 17540369",
    "et": "SpinalWhiteMatter",
    "off": 75939,
    "sff": "white matter"
  },
  {
    "docID": "N043 Massey 2008 17540369",
    "et": "IntramuscularLocation",
    "off": 7900,
    "sff": "intramuscular"
  },
  {
    "docID": "N043 Massey 2008 17540369",
    "et": "SpinalFiberTract",
    "off": 86124,
    "sff": "fiber tract"
  },
  {
    "docID": "N043 Massey 2008 17540369",
    "et": "SpinalFiberTract",
    "off": 93288,
    "sff": "fiber"
  },
  {
    "docID": "N043 Massey 2008 17540369",
    "et": "SpinalFiberTract",
    "off": 81202,
    "sff": "fiber"
  },
  {
    "docID": "N043 Massey 2008 17540369",
    "et": "SpinalFiberTract",
    "off": 80612,
    "sff": "fiber"
  },
  {
    "docID": "N043 Massey 2008 17540369",
    "et": "SpinalFiberTract",
    "off": 52256,
    "sff": "fiber"
  },
  {
    "docID": "N043 Massey 2008 17540369",
    "et": "DeliveryMethod",
    "off": 20758,
    "sff": "delivery"
  },
  {
    "docID": "N043 Massey 2008 17540369",
    "et": "DeliveryMethod",
    "off": 21431,
    "sff": "delivery"
  },
  {
    "docID": "N043 Massey 2008 17540369",
    "et": "DeliveryMethod",
    "off": 16882,
    "sff": "delivery"
  },
  {
    "docID": "N043 Massey 2008 17540369",
    "et": "DeliveryMethod",
    "off": 21124,
    "sff": "delivery"
  },
  {
    "docID": "N043 Massey 2008 17540369",
    "et": "DeliveryMethod",
    "off": 95758,
    "sff": "delivery"
  },
  {
    "docID": "N043 Massey 2008 17540369",
    "et": "DeliveryMethod",
    "off": 92496,
    "sff": "delivery"
  },
  {
    "docID": "N043 Massey 2008 17540369",
    "et": "DeliveryMethod",
    "off": 68539,
    "sff": "delivery"
  },
  {
    "docID": "N043 Massey 2008 17540369",
    "et": "DeliveryMethod",
    "off": 72283,
    "sff": "delivery"
  },
  {
    "docID": "N043 Massey 2008 17540369",
    "et": "DeliveryMethod",
    "off": 16316,
    "sff": "delivery"
  },
  {
    "docID": "N043 Massey 2008 17540369",
    "et": "DeliveryMethod",
    "off": 17132,
    "sff": "delivery"
  },
  {
    "docID": "N043 Massey 2008 17540369",
    "et": "DeliveryMethod",
    "off": 54029,
    "sff": "delivery"
  },
  {
    "docID": "N043 Massey 2008 17540369",
    "et": "DeliveryMethod",
    "off": 72188,
    "sff": "delivery"
  },
  {
    "docID": "N043 Massey 2008 17540369",
    "et": "SpinalDorsalHalf",
    "off": 82169,
    "sff": "dorsal"
  },
  {
    "docID": "N043 Massey 2008 17540369",
    "et": "SpinalDorsalHalf",
    "off": 51772,
    "sff": "dorsal"
  },
  {
    "docID": "N043 Massey 2008 17540369",
    "et": "SpinalDorsalHalf",
    "off": 66619,
    "sff": "dorsal"
  },
  {
    "docID": "N043 Massey 2008 17540369",
    "et": "SpinalDorsalHalf",
    "off": 9149,
    "sff": "dorsal"
  },
  {
    "docID": "N043 Massey 2008 17540369",
    "et": "SpinalDorsalHalf",
    "off": 9278,
    "sff": "dorsal"
  },
  {
    "docID": "N043 Massey 2008 17540369",
    "et": "SpinalDorsalHalf",
    "off": 91904,
    "sff": "dorsal"
  },
  {
    "docID": "N043 Massey 2008 17540369",
    "et": "SpinalDorsalHalf",
    "off": 6002,
    "sff": "dorsal"
  },
  {
    "docID": "N043 Massey 2008 17540369",
    "et": "SpinalDorsalHalf",
    "off": 35955,
    "sff": "dorsal"
  },
  {
    "docID": "N043 Massey 2008 17540369",
    "et": "SpinalDorsalHalf",
    "off": 59253,
    "sff": "dorsal"
  },
  {
    "docID": "N043 Massey 2008 17540369",
    "et": "SpinalDorsalHalf",
    "off": 89163,
    "sff": "dorsal"
  },
  {
    "docID": "N043 Massey 2008 17540369",
    "et": "SpinalDorsalHalf",
    "off": 79049,
    "sff": "dorsal"
  },
  {
    "docID": "N043 Massey 2008 17540369",
    "et": "SpinalDorsalHalf",
    "off": 77643,
    "sff": "dorsal"
  },
  {
    "docID": "N043 Massey 2008 17540369",
    "et": "SpinalDorsalHalf",
    "off": 9423,
    "sff": "dorsal"
  },
  {
    "docID": "N043 Massey 2008 17540369",
    "et": "SpinalDorsalHalf",
    "off": 9935,
    "sff": "dorsal"
  },
  {
    "docID": "N043 Massey 2008 17540369",
    "et": "SpinalDorsalHalf",
    "off": 9665,
    "sff": "dorsal"
  },
  {
    "docID": "N043 Massey 2008 17540369",
    "et": "SpinalDorsalHalf",
    "off": 51332,
    "sff": "dorsal"
  },
  {
    "docID": "N043 Massey 2008 17540369",
    "et": "SpinalDorsalHalf",
    "off": 75334,
    "sff": "dorsal"
  },
  {
    "docID": "N043 Massey 2008 17540369",
    "et": "SpinalDorsalHalf",
    "off": 20872,
    "sff": "dorsal"
  },
  {
    "docID": "N043 Massey 2008 17540369",
    "et": "SpinalDorsalHalf",
    "off": 73544,
    "sff": "dorsal"
  },
  {
    "docID": "N043 Massey 2008 17540369",
    "et": "SpinalDorsalHalf",
    "off": 10312,
    "sff": "dorsal"
  },
  {
    "docID": "N043 Massey 2008 17540369",
    "et": "SpinalDorsalHalf",
    "off": 3347,
    "sff": "Dorsal"
  },
  {
    "docID": "N043 Massey 2008 17540369",
    "et": "SpinalDorsalHalf",
    "off": 7067,
    "sff": "dorsal"
  },
  {
    "docID": "N043 Massey 2008 17540369",
    "et": "SpinalDorsalHalf",
    "off": 91289,
    "sff": "dorsal"
  },
  {
    "docID": "N043 Massey 2008 17540369",
    "et": "SpinalDorsalHalf",
    "off": 53598,
    "sff": "dorsal"
  },
  {
    "docID": "N043 Massey 2008 17540369",
    "et": "SpinalDorsalHalf",
    "off": 8606,
    "sff": "dorsal"
  },
  {
    "docID": "N043 Massey 2008 17540369",
    "et": "SpinalDorsalHalf",
    "off": 40797,
    "sff": "dorsal"
  },
  {
    "docID": "N043 Massey 2008 17540369",
    "et": "SpinalDorsalHalf",
    "off": 75167,
    "sff": "dorsal"
  },
  {
    "docID": "N043 Massey 2008 17540369",
    "et": "SpinalDorsalHalf",
    "off": 93012,
    "sff": "dorsal"
  },
  {
    "docID": "N043 Massey 2008 17540369",
    "et": "SpinalDorsalHalf",
    "off": 52435,
    "sff": "dorsal"
  },
  {
    "docID": "N043 Massey 2008 17540369",
    "et": "SpinalDorsalHalf",
    "off": 1944,
    "sff": "dorsal"
  },
  {
    "docID": "N043 Massey 2008 17540369",
    "et": "SpinalDorsalHalf",
    "off": 16024,
    "sff": "dorsal"
  },
  {
    "docID": "N043 Massey 2008 17540369",
    "et": "SpinalDorsalHalf",
    "off": 51479,
    "sff": "dorsal"
  },
  {
    "docID": "N043 Massey 2008 17540369",
    "et": "SpinalDorsalHalf",
    "off": 81962,
    "sff": "dorsal"
  },
  {
    "docID": "N043 Massey 2008 17540369",
    "et": "SpinalDorsalHalf",
    "off": 86379,
    "sff": "dorsal"
  },
  {
    "docID": "N043 Massey 2008 17540369",
    "et": "SpinalDorsalHalf",
    "off": 8941,
    "sff": "dorsal"
  },
  {
    "docID": "N043 Massey 2008 17540369",
    "et": "SpinalDorsalHalf",
    "off": 91108,
    "sff": "dorsal"
  },
  {
    "docID": "N043 Massey 2008 17540369",
    "et": "SpinalDorsalHalf",
    "off": 75044,
    "sff": "dorsal"
  },
  {
    "docID": "N043 Massey 2008 17540369",
    "et": "SpinalDorsalHalf",
    "off": 81443,
    "sff": "dorsal"
  },
  {
    "docID": "N043 Massey 2008 17540369",
    "et": "SpinalDorsalHalf",
    "off": 9638,
    "sff": "dorsal"
  },
  {
    "docID": "N043 Massey 2008 17540369",
    "et": "SpinalDorsalHalf",
    "off": 82920,
    "sff": "dorsal"
  },
  {
    "docID": "N043 Massey 2008 17540369",
    "et": "SpinalCord",
    "off": 3416,
    "sff": "Cord"
  },
  {
    "docID": "N043 Massey 2008 17540369",
    "et": "SpinalCord",
    "off": 81812,
    "sff": "cord"
  },
  {
    "docID": "N043 Massey 2008 17540369",
    "et": "SpinalCord",
    "off": 91156,
    "sff": "cord"
  },
  {
    "docID": "N043 Massey 2008 17540369",
    "et": "SpinalCord",
    "off": 23442,
    "sff": "cord"
  },
  {
    "docID": "N043 Massey 2008 17540369",
    "et": "SpinalCord",
    "off": 80149,
    "sff": "cord"
  },
  {
    "docID": "N043 Massey 2008 17540369",
    "et": "SpinalCord",
    "off": 72211,
    "sff": "cord"
  },
  {
    "docID": "N043 Massey 2008 17540369",
    "et": "SpinalCord",
    "off": 77713,
    "sff": "cord"
  },
  {
    "docID": "N043 Massey 2008 17540369",
    "et": "SpinalCord",
    "off": 8977,
    "sff": "cord"
  },
  {
    "docID": "N043 Massey 2008 17540369",
    "et": "SpinalCord",
    "off": 91933,
    "sff": "cord"
  },
  {
    "docID": "N043 Massey 2008 17540369",
    "et": "SpinalCord",
    "off": 82968,
    "sff": "cord"
  },
  {
    "docID": "N043 Massey 2008 17540369",
    "et": "SpinalCord",
    "off": 86552,
    "sff": "cord"
  },
  {
    "docID": "N043 Massey 2008 17540369",
    "et": "SpinalCord",
    "off": 59545,
    "sff": "cord"
  },
  {
    "docID": "N043 Massey 2008 17540369",
    "et": "SpinalCord",
    "off": 86402,
    "sff": "cord"
  },
  {
    "docID": "N043 Massey 2008 17540369",
    "et": "SpinalCord",
    "off": 91520,
    "sff": "cord"
  },
  {
    "docID": "N043 Massey 2008 17540369",
    "et": "SpinalCord",
    "off": 13566,
    "sff": "cord"
  },
  {
    "docID": "N043 Massey 2008 17540369",
    "et": "SpinalCord",
    "off": 4481,
    "sff": "cord"
  },
  {
    "docID": "N043 Massey 2008 17540369",
    "et": "SpinalCord",
    "off": 10758,
    "sff": "cord"
  },
  {
    "docID": "N043 Massey 2008 17540369",
    "et": "SpinalCord",
    "off": 25865,
    "sff": "cord"
  },
  {
    "docID": "N043 Massey 2008 17540369",
    "et": "SpinalCord",
    "off": 2739,
    "sff": "cord"
  },
  {
    "docID": "N043 Massey 2008 17540369",
    "et": "SpinalCord",
    "off": 74162,
    "sff": "cord"
  },
  {
    "docID": "N043 Massey 2008 17540369",
    "et": "SpinalCord",
    "off": 76208,
    "sff": "cord"
  },
  {
    "docID": "N043 Massey 2008 17540369",
    "et": "SpinalCord",
    "off": 92590,
    "sff": "cord"
  },
  {
    "docID": "N043 Massey 2008 17540369",
    "et": "SpinalCord",
    "off": 10427,
    "sff": "cord"
  },
  {
    "docID": "N043 Massey 2008 17540369",
    "et": "SpinalCord",
    "off": 91321,
    "sff": "cord"
  },
  {
    "docID": "N043 Massey 2008 17540369",
    "et": "SpinalCord",
    "off": 80694,
    "sff": "cord"
  },
  {
    "docID": "N043 Massey 2008 17540369",
    "et": "SpinalCord",
    "off": 86691,
    "sff": "cord"
  },
  {
    "docID": "N043 Massey 2008 17540369",
    "et": "SpinalCord",
    "off": 94497,
    "sff": "cord"
  },
  {
    "docID": "N043 Massey 2008 17540369",
    "et": "SpinalCord",
    "off": 92331,
    "sff": "cord"
  },
  {
    "docID": "N043 Massey 2008 17540369",
    "et": "SpinalCord",
    "off": 89384,
    "sff": "cord"
  },
  {
    "docID": "N043 Massey 2008 17540369",
    "et": "SpinalCord",
    "off": 79699,
    "sff": "cord"
  },
  {
    "docID": "N043 Massey 2008 17540369",
    "et": "SpinalCord",
    "off": 70618,
    "sff": "cord"
  },
  {
    "docID": "N043 Massey 2008 17540369",
    "et": "SpinalCord",
    "off": 79063,
    "sff": "cord"
  },
  {
    "docID": "N043 Massey 2008 17540369",
    "et": "SpinalCord",
    "off": 73794,
    "sff": "cord"
  },
  {
    "docID": "N043 Massey 2008 17540369",
    "et": "SpinalCord",
    "off": 9805,
    "sff": "cord"
  },
  {
    "docID": "N043 Massey 2008 17540369",
    "et": "SpinalCord",
    "off": 75976,
    "sff": "cord"
  },
  {
    "docID": "N043 Massey 2008 17540369",
    "et": "SpinalCord",
    "off": 16072,
    "sff": "cord"
  },
  {
    "docID": "N043 Massey 2008 17540369",
    "et": "SpinalCord",
    "off": 1522,
    "sff": "cord"
  },
  {
    "docID": "N043 Massey 2008 17540369",
    "et": "SpinalCord",
    "off": 9583,
    "sff": "cord"
  },
  {
    "docID": "N043 Massey 2008 17540369",
    "et": "SpinalCord",
    "off": 35950,
    "sff": "cord"
  },
  {
    "docID": "N043 Massey 2008 17540369",
    "et": "SpinalCord",
    "off": 9456,
    "sff": "cord"
  },
  {
    "docID": "N043 Massey 2008 17540369",
    "et": "SpinalCord",
    "off": 57468,
    "sff": "cord"
  },
  {
    "docID": "N043 Massey 2008 17540369",
    "et": "SpinalCord",
    "off": 81660,
    "sff": "cord"
  },
  {
    "docID": "N043 Massey 2008 17540369",
    "et": "SpinalCord",
    "off": 82681,
    "sff": "cord"
  },
  {
    "docID": "N043 Massey 2008 17540369",
    "et": "SpinalCord",
    "off": 79990,
    "sff": "cord"
  },
  {
    "docID": "N043 Massey 2008 17540369",
    "et": "SpinalCord",
    "off": 72932,
    "sff": "cord"
  },
  {
    "docID": "N043 Massey 2008 17540369",
    "et": "SpinalCord",
    "off": 77285,
    "sff": "cord"
  },
  {
    "docID": "N043 Massey 2008 17540369",
    "et": "SpinalCord",
    "off": 228,
    "sff": "cord"
  },
  {
    "docID": "N043 Massey 2008 17540369",
    "et": "SpinalCord",
    "off": 78699,
    "sff": "cord"
  },
  {
    "docID": "N043 Massey 2008 17540369",
    "et": "SpinalCord",
    "off": 994,
    "sff": "Cord"
  },
  {
    "docID": "N043 Massey 2008 17540369",
    "et": "SpinalCord",
    "off": 73574,
    "sff": "cord"
  },
  {
    "docID": "N043 Massey 2008 17540369",
    "et": "Vertebrae",
    "off": 9037,
    "sff": "vertebrae"
  },
  {
    "docID": "N043 Massey 2008 17540369",
    "et": "DorsalColumn",
    "off": 10312,
    "sff": "dorsal column"
  },
  {
    "docID": "N043 Massey 2008 17540369",
    "et": "DorsalColumn",
    "off": 35955,
    "sff": "dorsal"
  },
  {
    "docID": "N043 Massey 2008 17540369",
    "et": "DorsalColumn",
    "off": 6002,
    "sff": "dorsal"
  },
  {
    "docID": "N043 Massey 2008 17540369",
    "et": "DorsalColumn",
    "off": 8941,
    "sff": "dorsal"
  },
  {
    "docID": "N043 Massey 2008 17540369",
    "et": "DorsalColumn",
    "off": 86379,
    "sff": "dorsal"
  },
  {
    "docID": "N043 Massey 2008 17540369",
    "et": "DorsalColumn",
    "off": 51332,
    "sff": "dorsal column"
  },
  {
    "docID": "N043 Massey 2008 17540369",
    "et": "DorsalColumn",
    "off": 1944,
    "sff": "dorsal column"
  },
  {
    "docID": "N043 Massey 2008 17540369",
    "et": "DorsalColumn",
    "off": 75334,
    "sff": "dorsal"
  },
  {
    "docID": "N043 Massey 2008 17540369",
    "et": "DorsalColumn",
    "off": 91289,
    "sff": "dorsal column"
  },
  {
    "docID": "N043 Massey 2008 17540369",
    "et": "DorsalColumn",
    "off": 9665,
    "sff": "dorsal"
  },
  {
    "docID": "N043 Massey 2008 17540369",
    "et": "DorsalColumn",
    "off": 7067,
    "sff": "dorsal column"
  },
  {
    "docID": "N043 Massey 2008 17540369",
    "et": "DorsalColumn",
    "off": 53598,
    "sff": "dorsal column"
  },
  {
    "docID": "N043 Massey 2008 17540369",
    "et": "DorsalColumn",
    "off": 91904,
    "sff": "dorsal"
  },
  {
    "docID": "N043 Massey 2008 17540369",
    "et": "DorsalColumn",
    "off": 40797,
    "sff": "dorsal column"
  },
  {
    "docID": "N043 Massey 2008 17540369",
    "et": "DorsalColumn",
    "off": 9149,
    "sff": "dorsal"
  },
  {
    "docID": "N043 Massey 2008 17540369",
    "et": "DorsalColumn",
    "off": 9278,
    "sff": "dorsal"
  },
  {
    "docID": "N043 Massey 2008 17540369",
    "et": "DorsalColumn",
    "off": 66619,
    "sff": "dorsal"
  },
  {
    "docID": "N043 Massey 2008 17540369",
    "et": "DorsalColumn",
    "off": 52435,
    "sff": "dorsal column"
  },
  {
    "docID": "N043 Massey 2008 17540369",
    "et": "DorsalColumn",
    "off": 81962,
    "sff": "dorsal column"
  },
  {
    "docID": "N043 Massey 2008 17540369",
    "et": "DorsalColumn",
    "off": 93012,
    "sff": "dorsal"
  },
  {
    "docID": "N043 Massey 2008 17540369",
    "et": "DorsalColumn",
    "off": 82920,
    "sff": "dorsal column"
  },
  {
    "docID": "N043 Massey 2008 17540369",
    "et": "DorsalColumn",
    "off": 9423,
    "sff": "dorsal"
  },
  {
    "docID": "N043 Massey 2008 17540369",
    "et": "DorsalColumn",
    "off": 9935,
    "sff": "dorsal"
  },
  {
    "docID": "N043 Massey 2008 17540369",
    "et": "DorsalColumn",
    "off": 77643,
    "sff": "dorsal"
  },
  {
    "docID": "N043 Massey 2008 17540369",
    "et": "DorsalColumn",
    "off": 89163,
    "sff": "dorsal"
  },
  {
    "docID": "N043 Massey 2008 17540369",
    "et": "DorsalColumn",
    "off": 79049,
    "sff": "dorsal"
  },
  {
    "docID": "N043 Massey 2008 17540369",
    "et": "DorsalColumn",
    "off": 73544,
    "sff": "dorsal"
  },
  {
    "docID": "N043 Massey 2008 17540369",
    "et": "DorsalColumn",
    "off": 3347,
    "sff": "Dorsal column"
  },
  {
    "docID": "N043 Massey 2008 17540369",
    "et": "DorsalColumn",
    "off": 20872,
    "sff": "dorsal"
  },
  {
    "docID": "N043 Massey 2008 17540369",
    "et": "DorsalColumn",
    "off": 75044,
    "sff": "dorsal column"
  },
  {
    "docID": "N043 Massey 2008 17540369",
    "et": "DorsalColumn",
    "off": 82169,
    "sff": "dorsal column"
  },
  {
    "docID": "N043 Massey 2008 17540369",
    "et": "DorsalColumn",
    "off": 9638,
    "sff": "dorsal"
  },
  {
    "docID": "N043 Massey 2008 17540369",
    "et": "DorsalColumn",
    "off": 91108,
    "sff": "dorsal"
  },
  {
    "docID": "N043 Massey 2008 17540369",
    "et": "DorsalColumn",
    "off": 81443,
    "sff": "dorsal"
  },
  {
    "docID": "N043 Massey 2008 17540369",
    "et": "DorsalColumn",
    "off": 51772,
    "sff": "dorsal column"
  },
  {
    "docID": "N043 Massey 2008 17540369",
    "et": "DorsalColumn",
    "off": 75167,
    "sff": "dorsal"
  },
  {
    "docID": "N043 Massey 2008 17540369",
    "et": "DorsalColumn",
    "off": 8606,
    "sff": "dorsal"
  },
  {
    "docID": "N043 Massey 2008 17540369",
    "et": "DorsalColumn",
    "off": 59253,
    "sff": "dorsal column"
  },
  {
    "docID": "N043 Massey 2008 17540369",
    "et": "DorsalColumn",
    "off": 16024,
    "sff": "dorsal"
  },
  {
    "docID": "N043 Massey 2008 17540369",
    "et": "DorsalColumn",
    "off": 51479,
    "sff": "dorsal"
  },
  {
    "docID": "N043 Massey 2008 17540369",
    "et": "LesionAdjacentTissue",
    "off": 1719,
    "sff": "lesion"
  },
  {
    "docID": "N043 Massey 2008 17540369",
    "et": "LesionAdjacentTissue",
    "off": 9120,
    "sff": "lesion"
  },
  {
    "docID": "N043 Massey 2008 17540369",
    "et": "LesionAdjacentTissue",
    "off": 51537,
    "sff": "lesion"
  },
  {
    "docID": "N043 Massey 2008 17540369",
    "et": "LesionAdjacentTissue",
    "off": 59550,
    "sff": "lesion"
  },
  {
    "docID": "N043 Massey 2008 17540369",
    "et": "LesionAdjacentTissue",
    "off": 78268,
    "sff": "lesion"
  },
  {
    "docID": "N043 Massey 2008 17540369",
    "et": "LesionAdjacentTissue",
    "off": 78668,
    "sff": "lesion"
  },
  {
    "docID": "N043 Massey 2008 17540369",
    "et": "LesionAdjacentTissue",
    "off": 80699,
    "sff": "lesion"
  },
  {
    "docID": "N043 Massey 2008 17540369",
    "et": "LesionAdjacentTissue",
    "off": 88233,
    "sff": "lesion"
  },
  {
    "docID": "N043 Massey 2008 17540369",
    "et": "LesionAdjacentTissue",
    "off": 76424,
    "sff": "lesion"
  },
  {
    "docID": "N043 Massey 2008 17540369",
    "et": "Cervical",
    "off": 44612,
    "sff": "cervical"
  },
  {
    "docID": "N043 Massey 2008 17540369",
    "et": "Cervical",
    "off": 15364,
    "sff": "cervical"
  },
  {
    "docID": "N043 Massey 2008 17540369",
    "et": "Cervical",
    "off": 6661,
    "sff": "cervical"
  },
  {
    "docID": "N043 Massey 2008 17540369",
    "et": "Cervical",
    "off": 10183,
    "sff": "cervical"
  },
  {
    "docID": "N043 Massey 2008 17540369",
    "et": "Cervical",
    "off": 82664,
    "sff": "cervical"
  },
  {
    "docID": "N043 Massey 2008 17540369",
    "et": "Cervical",
    "off": 82952,
    "sff": "cervical"
  },
  {
    "docID": "N043 Massey 2008 17540369",
    "et": "Cervical",
    "off": 49130,
    "sff": "cervical"
  },
  {
    "docID": "N043 Massey 2008 17540369",
    "et": "Cervical",
    "off": 41554,
    "sff": "cervical"
  },
  {
    "docID": "N043 Massey 2008 17540369",
    "et": "Cervical",
    "off": 66610,
    "sff": "cervical"
  },
  {
    "docID": "N043 Massey 2008 17540369",
    "et": "Cervical",
    "off": 86386,
    "sff": "cervical"
  },
  {
    "docID": "N043 Massey 2008 17540369",
    "et": "Cervical",
    "off": 94481,
    "sff": "cervical"
  },
  {
    "docID": "N043 Massey 2008 17540369",
    "et": "Cervical",
    "off": 23426,
    "sff": "Cervical"
  },
  {
    "docID": "N043 Massey 2008 17540369",
    "et": "Cervical",
    "off": 75158,
    "sff": "cervical"
  },
  {
    "docID": "N043 Massey 2008 17540369",
    "et": "Cervical",
    "off": 41205,
    "sff": "cervical"
  },
  {
    "docID": "N043 Massey 2008 17540369",
    "et": "Cervical",
    "off": 6935,
    "sff": "cervical"
  },
  {
    "docID": "N043 Massey 2008 17540369",
    "et": "Cervical",
    "off": 16055,
    "sff": "cervical"
  },
  {
    "docID": "N043 Massey 2008 17540369",
    "et": "Cervical",
    "off": 8843,
    "sff": "Cervical"
  },
  {
    "docID": "N043 Massey 2008 17540369",
    "et": "Cervical",
    "off": 8669,
    "sff": "cervical"
  },
  {
    "docID": "N043 Massey 2008 17540369",
    "et": "Cervical",
    "off": 35934,
    "sff": "cervical"
  },
  {
    "docID": "N043 Massey 2008 17540369",
    "et": "Cervical",
    "off": 75325,
    "sff": "cervical"
  },
  {
    "docID": "N043 Massey 2008 17540369",
    "et": "CentralNervousSystem",
    "off": 81410,
    "sff": "central nervous system"
  },
  {
    "docID": "N043 Massey 2008 17540369",
    "et": "CentralNervousSystem",
    "off": 86100,
    "sff": "central"
  },
  {
    "docID": "N043 Massey 2008 17540369",
    "et": "CentralNervousSystem",
    "off": 90518,
    "sff": "central nervous system"
  },
  {
    "docID": "N043 Massey 2008 17540369",
    "et": "CentralNervousSystem",
    "off": 86109,
    "sff": "nervous system"
  },
  {
    "docID": "N043 Massey 2008 17540369",
    "et": "CentralNervousSystem",
    "off": 86109,
    "sff": "nervous"
  },
  {
    "docID": "N043 Massey 2008 17540369",
    "et": "CentralNervousSystem",
    "off": 84087,
    "sff": "nervous"
  },
  {
    "docID": "N043 Massey 2008 17540369",
    "et": "CentralNervousSystem",
    "off": 76320,
    "sff": "central"
  },
  {
    "docID": "N043 Massey 2008 17540369",
    "et": "CentralNervousSystem",
    "off": 90518,
    "sff": "central nervous"
  },
  {
    "docID": "N043 Massey 2008 17540369",
    "et": "CentralNervousSystem",
    "off": 75773,
    "sff": "central nervous"
  },
  {
    "docID": "N043 Massey 2008 17540369",
    "et": "CentralNervousSystem",
    "off": 72371,
    "sff": "Central"
  },
  {
    "docID": "N043 Massey 2008 17540369",
    "et": "CentralNervousSystem",
    "off": 87070,
    "sff": "central nervous"
  },
  {
    "docID": "N043 Massey 2008 17540369",
    "et": "CentralNervousSystem",
    "off": 78540,
    "sff": "nervous"
  },
  {
    "docID": "N043 Massey 2008 17540369",
    "et": "CentralNervousSystem",
    "off": 78540,
    "sff": "nervous system"
  },
  {
    "docID": "N043 Massey 2008 17540369",
    "et": "CentralNervousSystem",
    "off": 81410,
    "sff": "central nervous"
  },
  {
    "docID": "N043 Massey 2008 17540369",
    "et": "SpinalGrayMatter",
    "off": 83332,
    "sff": "Gray"
  },
  {
    "docID": "N043 Massey 2008 17540369",
    "et": "SpinalGrayMatter",
    "off": 52171,
    "sff": "gray"
  },
  {
    "docID": "N043 Massey 2008 17540369",
    "et": "SpinalGrayMatter",
    "off": 44163,
    "sff": "gray matter"
  },
  {
    "docID": "N043 Massey 2008 17540369",
    "et": "Location",
    "off": 24499,
    "sff": "location"
  },
  {
    "docID": "N043 Massey 2008 17540369",
    "et": "Location",
    "off": 40853,
    "sff": "location"
  },
  {
    "docID": "N043 Massey 2008 17540369",
    "et": "Location",
    "off": 94522,
    "sff": "location"
  },
  {
    "docID": "N043 Massey 2008 17540369",
    "et": "Location",
    "off": 33501,
    "sff": "location"
  },
  {
    "docID": "N043 Massey 2008 17540369",
    "et": "SubstanceApplicationLocation",
    "off": 33843,
    "sff": "application"
  },
  {
    "docID": "N043 Massey 2008 17540369",
    "et": "SubstanceApplicationLocation",
    "off": 52373,
    "sff": "Application"
  },
  {
    "docID": "N043 Massey 2008 17540369",
    "et": "SubstanceApplicationLocation",
    "off": 2819,
    "sff": "Application"
  },
  {
    "docID": "N043 Massey 2008 17540369",
    "et": "SubstanceApplicationLocation",
    "off": 5170,
    "sff": "application"
  },
  {
    "docID": "N043 Massey 2008 17540369",
    "et": "SubstanceApplicationLocation",
    "off": 7344,
    "sff": "application"
  },
  {
    "docID": "N043 Massey 2008 17540369",
    "et": "C3",
    "off": 10414,
    "sff": "C3"
  },
  {
    "docID": "N043 Massey 2008 17540369",
    "et": "C3",
    "off": 59532,
    "sff": "C3"
  },
  {
    "docID": "N043 Massey 2008 17540369",
    "et": "C3",
    "off": 8964,
    "sff": "C3"
  },
  {
    "docID": "N043 Massey 2008 17540369",
    "et": "C3",
    "off": 9139,
    "sff": "C3"
  },
  {
    "docID": "N043 Massey 2008 17540369",
    "et": "C3",
    "off": 9026,
    "sff": "C3"
  },
  {
    "docID": "N043 Massey 2008 17540369",
    "et": "C4",
    "off": 9146,
    "sff": "C4"
  },
  {
    "docID": "N043 Massey 2008 17540369",
    "et": "C4",
    "off": 9033,
    "sff": "C4"
  },
  {
    "docID": "N043 Massey 2008 17540369",
    "et": "C4",
    "off": 59535,
    "sff": "C4"
  },
  {
    "docID": "N043 Massey 2008 17540369",
    "et": "CorticospinalTract",
    "off": 89337,
    "sff": "corticospinal"
  },
  {
    "docID": "N043 Massey 2008 17540369",
    "et": "SpinalCentralPart",
    "off": 75773,
    "sff": "central"
  },
  {
    "docID": "N043 Massey 2008 17540369",
    "et": "SpinalCentralPart",
    "off": 87070,
    "sff": "central"
  },
  {
    "docID": "N043 Massey 2008 17540369",
    "et": "SpinalCentralPart",
    "off": 76320,
    "sff": "central"
  },
  {
    "docID": "N043 Massey 2008 17540369",
    "et": "SpinalCentralPart",
    "off": 81410,
    "sff": "central"
  },
  {
    "docID": "N043 Massey 2008 17540369",
    "et": "SpinalCentralPart",
    "off": 86100,
    "sff": "central"
  },
  {
    "docID": "N043 Massey 2008 17540369",
    "et": "SpinalCentralPart",
    "off": 72371,
    "sff": "Central"
  },
  {
    "docID": "N043 Massey 2008 17540369",
    "et": "SpinalCentralPart",
    "off": 90518,
    "sff": "central"
  },
  {
    "docID": "N043 Massey 2008 17540369",
    "et": "InjectionDelivery",
    "off": 34180,
    "sff": "injection"
  },
  {
    "docID": "N043 Massey 2008 17540369",
    "et": "InjectionDelivery",
    "off": 16706,
    "sff": "injection"
  },
  {
    "docID": "N043 Massey 2008 17540369",
    "et": "InjectionDelivery",
    "off": 16568,
    "sff": "injection"
  },
  {
    "docID": "N043 Massey 2008 17540369",
    "et": "InjectionDelivery",
    "off": 8087,
    "sff": "injection"
  },
  {
    "docID": "N043 Massey 2008 17540369",
    "et": "InjectionDelivery",
    "off": 21158,
    "sff": "injection"
  },
  {
    "docID": "N043 Massey 2008 17540369",
    "et": "InjectionDelivery",
    "off": 16668,
    "sff": "injection"
  },
  {
    "docID": "N043 Massey 2008 17540369",
    "et": "InjectionDelivery",
    "off": 7914,
    "sff": "injection"
  },
  {
    "docID": "N043 Massey 2008 17540369",
    "et": "InjectionDelivery",
    "off": 74391,
    "sff": "injection"
  },
  {
    "docID": "N043 Massey 2008 17540369",
    "et": "InjectionDelivery",
    "off": 21241,
    "sff": "injection"
  },
  {
    "docID": "N043 Massey 2008 17540369",
    "et": "InjectionDelivery",
    "off": 52831,
    "sff": "Injection"
  },
  {
    "docID": "N043 Massey 2008 17540369",
    "et": "SpinalLesionSite",
    "off": 51537,
    "sff": "lesion"
  },
  {
    "docID": "N043 Massey 2008 17540369",
    "et": "SpinalLesionSite",
    "off": 59550,
    "sff": "lesion"
  },
  {
    "docID": "N043 Massey 2008 17540369",
    "et": "SpinalLesionSite",
    "off": 9120,
    "sff": "lesion"
  },
  {
    "docID": "N043 Massey 2008 17540369",
    "et": "SpinalLesionSite",
    "off": 88233,
    "sff": "lesion"
  },
  {
    "docID": "N043 Massey 2008 17540369",
    "et": "SpinalLesionSite",
    "off": 78268,
    "sff": "lesion"
  },
  {
    "docID": "N043 Massey 2008 17540369",
    "et": "SpinalLesionSite",
    "off": 78668,
    "sff": "lesion"
  },
  {
    "docID": "N043 Massey 2008 17540369",
    "et": "SpinalLesionSite",
    "off": 80699,
    "sff": "lesion"
  },
  {
    "docID": "N043 Massey 2008 17540369",
    "et": "SpinalLesionSite",
    "off": 1719,
    "sff": "lesion"
  },
  {
    "docID": "N043 Massey 2008 17540369",
    "et": "SpinalLesionSite",
    "off": 76424,
    "sff": "lesion"
  },
  {
    "docID": "N043 Massey 2008 17540369",
    "et": "T1",
    "off": 9446,
    "sff": "T1"
  },
  {
    "docID": "N043 Massey 2008 17540369",
    "et": "T1",
    "off": 51329,
    "sff": "T1"
  },
  {
    "docID": "N043 Massey 2008 17540369",
    "et": "T2",
    "off": 9354,
    "sff": "T2"
  }
]
