[
  {
    "docID": "N045 Novotna 2011 21630006",
    "et": "Epidural",
    "off": 43570,
    "sff": "epidural"
  },
  {
    "docID": "N045 Novotna 2011 21630006",
    "et": "Epidural",
    "off": 40339,
    "sff": "Epidural"
  },
  {
    "docID": "N045 Novotna 2011 21630006",
    "et": "L1",
    "off": 38650,
    "sff": "L1"
  },
  {
    "docID": "N045 Novotna 2011 21630006",
    "et": "Thoracic",
    "off": 14483,
    "sff": "thoracic"
  },
  {
    "docID": "N045 Novotna 2011 21630006",
    "et": "Brain",
    "off": 34919,
    "sff": "Brain"
  },
  {
    "docID": "N045 Novotna 2011 21630006",
    "et": "Brain",
    "off": 38889,
    "sff": "Brain"
  },
  {
    "docID": "N045 Novotna 2011 21630006",
    "et": "Brain",
    "off": 43262,
    "sff": "brain"
  },
  {
    "docID": "N045 Novotna 2011 21630006",
    "et": "Brain",
    "off": 38431,
    "sff": "Brain"
  },
  {
    "docID": "N045 Novotna 2011 21630006",
    "et": "Brain",
    "off": 44135,
    "sff": "brain"
  },
  {
    "docID": "N045 Novotna 2011 21630006",
    "et": "IntraperitonealLocation",
    "off": 9624,
    "sff": "intraperitoneal"
  },
  {
    "docID": "N045 Novotna 2011 21630006",
    "et": "SpinalWhiteMatter",
    "off": 11923,
    "sff": "white"
  },
  {
    "docID": "N045 Novotna 2011 21630006",
    "et": "SpinalWhiteMatter",
    "off": 24787,
    "sff": "white"
  },
  {
    "docID": "N045 Novotna 2011 21630006",
    "et": "SpinalWhiteMatter",
    "off": 16561,
    "sff": "white matter"
  },
  {
    "docID": "N045 Novotna 2011 21630006",
    "et": "SpinalWhiteMatter",
    "off": 25426,
    "sff": "white"
  },
  {
    "docID": "N045 Novotna 2011 21630006",
    "et": "SpinalWhiteMatter",
    "off": 22690,
    "sff": "white matter"
  },
  {
    "docID": "N045 Novotna 2011 21630006",
    "et": "SpinalWhiteMatter",
    "off": 24864,
    "sff": "white"
  },
  {
    "docID": "N045 Novotna 2011 21630006",
    "et": "SpinalWhiteMatter",
    "off": 16093,
    "sff": "white"
  },
  {
    "docID": "N045 Novotna 2011 21630006",
    "et": "SpinalWhiteMatter",
    "off": 12318,
    "sff": "white"
  },
  {
    "docID": "N045 Novotna 2011 21630006",
    "et": "SpinalWhiteMatter",
    "off": 18046,
    "sff": "white"
  },
  {
    "docID": "N045 Novotna 2011 21630006",
    "et": "SpinalWhiteMatter",
    "off": 11980,
    "sff": "white"
  },
  {
    "docID": "N045 Novotna 2011 21630006",
    "et": "SpinalWhiteMatter",
    "off": 37390,
    "sff": "white matter"
  },
  {
    "docID": "N045 Novotna 2011 21630006",
    "et": "SpinalWhiteMatter",
    "off": 10010,
    "sff": "white"
  },
  {
    "docID": "N045 Novotna 2011 21630006",
    "et": "Intrathecal",
    "off": 1319,
    "sff": "intrathecal"
  },
  {
    "docID": "N045 Novotna 2011 21630006",
    "et": "Intrathecal",
    "off": 39143,
    "sff": "intrathecal"
  },
  {
    "docID": "N045 Novotna 2011 21630006",
    "et": "Intrathecal",
    "off": 6073,
    "sff": "intrathecal"
  },
  {
    "docID": "N045 Novotna 2011 21630006",
    "et": "Intrathecal",
    "off": 7894,
    "sff": "Intrathecal"
  },
  {
    "docID": "N045 Novotna 2011 21630006",
    "et": "Intrathecal",
    "off": 37108,
    "sff": "intrathecal"
  },
  {
    "docID": "N045 Novotna 2011 21630006",
    "et": "Intrathecal",
    "off": 18513,
    "sff": "Intrathecal"
  },
  {
    "docID": "N045 Novotna 2011 21630006",
    "et": "Intrathecal",
    "off": 32316,
    "sff": "intrathecal"
  },
  {
    "docID": "N045 Novotna 2011 21630006",
    "et": "DeliveryMethod",
    "off": 2231,
    "sff": "delivery"
  },
  {
    "docID": "N045 Novotna 2011 21630006",
    "et": "DeliveryMethod",
    "off": 4662,
    "sff": "delivery"
  },
  {
    "docID": "N045 Novotna 2011 21630006",
    "et": "DeliveryMethod",
    "off": 18525,
    "sff": "delivery"
  },
  {
    "docID": "N045 Novotna 2011 21630006",
    "et": "DeliveryMethod",
    "off": 1340,
    "sff": "delivery"
  },
  {
    "docID": "N045 Novotna 2011 21630006",
    "et": "DeliveryMethod",
    "off": 28852,
    "sff": "Delivery"
  },
  {
    "docID": "N045 Novotna 2011 21630006",
    "et": "DeliveryMethod",
    "off": 30149,
    "sff": "delivery"
  },
  {
    "docID": "N045 Novotna 2011 21630006",
    "et": "DeliveryMethod",
    "off": 32005,
    "sff": "delivery"
  },
  {
    "docID": "N045 Novotna 2011 21630006",
    "et": "DeliveryMethod",
    "off": 32101,
    "sff": "delivery"
  },
  {
    "docID": "N045 Novotna 2011 21630006",
    "et": "DeliveryMethod",
    "off": 33227,
    "sff": "delivery"
  },
  {
    "docID": "N045 Novotna 2011 21630006",
    "et": "DeliveryMethod",
    "off": 32713,
    "sff": "delivery"
  },
  {
    "docID": "N045 Novotna 2011 21630006",
    "et": "DeliveryMethod",
    "off": 37129,
    "sff": "delivery"
  },
  {
    "docID": "N045 Novotna 2011 21630006",
    "et": "DeliveryMethod",
    "off": 18893,
    "sff": "delivery"
  },
  {
    "docID": "N045 Novotna 2011 21630006",
    "et": "DeliveryMethod",
    "off": 14412,
    "sff": "delivery"
  },
  {
    "docID": "N045 Novotna 2011 21630006",
    "et": "DeliveryMethod",
    "off": 98,
    "sff": "Delivery"
  },
  {
    "docID": "N045 Novotna 2011 21630006",
    "et": "SpinalDorsalHalf",
    "off": 29271,
    "sff": "dorsal"
  },
  {
    "docID": "N045 Novotna 2011 21630006",
    "et": "SpinalDorsalHalf",
    "off": 41703,
    "sff": "dorsal"
  },
  {
    "docID": "N045 Novotna 2011 21630006",
    "et": "SpinalDorsalHalf",
    "off": 5295,
    "sff": "dorsal"
  },
  {
    "docID": "N045 Novotna 2011 21630006",
    "et": "SpinalDorsalHalf",
    "off": 34752,
    "sff": "dorsal"
  },
  {
    "docID": "N045 Novotna 2011 21630006",
    "et": "SpinalVentralHalf",
    "off": 22682,
    "sff": "ventral"
  },
  {
    "docID": "N045 Novotna 2011 21630006",
    "et": "SpinalVentralHalf",
    "off": 16553,
    "sff": "ventral"
  },
  {
    "docID": "N045 Novotna 2011 21630006",
    "et": "SpinalCord",
    "off": 7586,
    "sff": "cord"
  },
  {
    "docID": "N045 Novotna 2011 21630006",
    "et": "SpinalCord",
    "off": 33187,
    "sff": "cord"
  },
  {
    "docID": "N045 Novotna 2011 21630006",
    "et": "SpinalCord",
    "off": 14499,
    "sff": "cord"
  },
  {
    "docID": "N045 Novotna 2011 21630006",
    "et": "SpinalCord",
    "off": 39714,
    "sff": "cord"
  },
  {
    "docID": "N045 Novotna 2011 21630006",
    "et": "SpinalCord",
    "off": 34985,
    "sff": "cord"
  },
  {
    "docID": "N045 Novotna 2011 21630006",
    "et": "SpinalCord",
    "off": 39017,
    "sff": "cord"
  },
  {
    "docID": "N045 Novotna 2011 21630006",
    "et": "SpinalCord",
    "off": 40681,
    "sff": "cord"
  },
  {
    "docID": "N045 Novotna 2011 21630006",
    "et": "SpinalCord",
    "off": 25576,
    "sff": "cord"
  },
  {
    "docID": "N045 Novotna 2011 21630006",
    "et": "SpinalCord",
    "off": 26472,
    "sff": "cord"
  },
  {
    "docID": "N045 Novotna 2011 21630006",
    "et": "SpinalCord",
    "off": 36264,
    "sff": "cord"
  },
  {
    "docID": "N045 Novotna 2011 21630006",
    "et": "SpinalCord",
    "off": 19376,
    "sff": "cord"
  },
  {
    "docID": "N045 Novotna 2011 21630006",
    "et": "SpinalCord",
    "off": 180,
    "sff": "Cord"
  },
  {
    "docID": "N045 Novotna 2011 21630006",
    "et": "SpinalCord",
    "off": 16694,
    "sff": "cord"
  },
  {
    "docID": "N045 Novotna 2011 21630006",
    "et": "SpinalCord",
    "off": 1589,
    "sff": "cord"
  },
  {
    "docID": "N045 Novotna 2011 21630006",
    "et": "SpinalCord",
    "off": 41780,
    "sff": "cord"
  },
  {
    "docID": "N045 Novotna 2011 21630006",
    "et": "SpinalCord",
    "off": 36922,
    "sff": "cord"
  },
  {
    "docID": "N045 Novotna 2011 21630006",
    "et": "SpinalCord",
    "off": 43962,
    "sff": "cord"
  },
  {
    "docID": "N045 Novotna 2011 21630006",
    "et": "SpinalCord",
    "off": 31544,
    "sff": "cord"
  },
  {
    "docID": "N045 Novotna 2011 21630006",
    "et": "SpinalCord",
    "off": 2623,
    "sff": "cord"
  },
  {
    "docID": "N045 Novotna 2011 21630006",
    "et": "SpinalCord",
    "off": 14204,
    "sff": "cord"
  },
  {
    "docID": "N045 Novotna 2011 21630006",
    "et": "SpinalCord",
    "off": 37245,
    "sff": "cord"
  },
  {
    "docID": "N045 Novotna 2011 21630006",
    "et": "SpinalCord",
    "off": 38141,
    "sff": "cord"
  },
  {
    "docID": "N045 Novotna 2011 21630006",
    "et": "SpinalCord",
    "off": 3133,
    "sff": "cord"
  },
  {
    "docID": "N045 Novotna 2011 21630006",
    "et": "SpinalCord",
    "off": 34364,
    "sff": "cord"
  },
  {
    "docID": "N045 Novotna 2011 21630006",
    "et": "SpinalCord",
    "off": 17538,
    "sff": "cord"
  },
  {
    "docID": "N045 Novotna 2011 21630006",
    "et": "SpinalCord",
    "off": 40193,
    "sff": "cord"
  },
  {
    "docID": "N045 Novotna 2011 21630006",
    "et": "SpinalCord",
    "off": 1030,
    "sff": "cord"
  },
  {
    "docID": "N045 Novotna 2011 21630006",
    "et": "SpinalCord",
    "off": 41926,
    "sff": "cord"
  },
  {
    "docID": "N045 Novotna 2011 21630006",
    "et": "SpinalCord",
    "off": 6404,
    "sff": "cord"
  },
  {
    "docID": "N045 Novotna 2011 21630006",
    "et": "SpinalCord",
    "off": 7055,
    "sff": "Cord"
  },
  {
    "docID": "N045 Novotna 2011 21630006",
    "et": "SpinalCord",
    "off": 3022,
    "sff": "cord"
  },
  {
    "docID": "N045 Novotna 2011 21630006",
    "et": "SpinalCord",
    "off": 29196,
    "sff": "cord"
  },
  {
    "docID": "N045 Novotna 2011 21630006",
    "et": "SpinalCord",
    "off": 35212,
    "sff": "cord"
  },
  {
    "docID": "N045 Novotna 2011 21630006",
    "et": "SpinalCord",
    "off": 43404,
    "sff": "cord"
  },
  {
    "docID": "N045 Novotna 2011 21630006",
    "et": "SpinalCord",
    "off": 27792,
    "sff": "cord"
  },
  {
    "docID": "N045 Novotna 2011 21630006",
    "et": "SpinalCord",
    "off": 43280,
    "sff": "cord"
  },
  {
    "docID": "N045 Novotna 2011 21630006",
    "et": "SpinalCord",
    "off": 2774,
    "sff": "cord"
  },
  {
    "docID": "N045 Novotna 2011 21630006",
    "et": "SpinalCord",
    "off": 39515,
    "sff": "cord"
  },
  {
    "docID": "N045 Novotna 2011 21630006",
    "et": "SpinalCord",
    "off": 1243,
    "sff": "cord"
  },
  {
    "docID": "N045 Novotna 2011 21630006",
    "et": "SpinalCord",
    "off": 34906,
    "sff": "cord"
  },
  {
    "docID": "N045 Novotna 2011 21630006",
    "et": "SpinalCord",
    "off": 42074,
    "sff": "cord"
  },
  {
    "docID": "N045 Novotna 2011 21630006",
    "et": "SpinalCord",
    "off": 43546,
    "sff": "cord"
  },
  {
    "docID": "N045 Novotna 2011 21630006",
    "et": "SpinalCord",
    "off": 39896,
    "sff": "cord"
  },
  {
    "docID": "N045 Novotna 2011 21630006",
    "et": "SpinalCord",
    "off": 10142,
    "sff": "cord"
  },
  {
    "docID": "N045 Novotna 2011 21630006",
    "et": "SpinalCord",
    "off": 35807,
    "sff": "cord"
  },
  {
    "docID": "N045 Novotna 2011 21630006",
    "et": "SpinalCord",
    "off": 36700,
    "sff": "cord"
  },
  {
    "docID": "N045 Novotna 2011 21630006",
    "et": "DorsalColumn",
    "off": 29271,
    "sff": "dorsal column"
  },
  {
    "docID": "N045 Novotna 2011 21630006",
    "et": "DorsalColumn",
    "off": 41703,
    "sff": "dorsal column"
  },
  {
    "docID": "N045 Novotna 2011 21630006",
    "et": "DorsalColumn",
    "off": 5295,
    "sff": "dorsal column"
  },
  {
    "docID": "N045 Novotna 2011 21630006",
    "et": "DorsalColumn",
    "off": 34752,
    "sff": "dorsal"
  },
  {
    "docID": "N045 Novotna 2011 21630006",
    "et": "TailVeinLocation",
    "off": 12975,
    "sff": "tail"
  },
  {
    "docID": "N045 Novotna 2011 21630006",
    "et": "LesionAdjacentTissue",
    "off": 23411,
    "sff": "lesion"
  },
  {
    "docID": "N045 Novotna 2011 21630006",
    "et": "LesionAdjacentTissue",
    "off": 10230,
    "sff": "lesion"
  },
  {
    "docID": "N045 Novotna 2011 21630006",
    "et": "LesionAdjacentTissue",
    "off": 30320,
    "sff": "lesion"
  },
  {
    "docID": "N045 Novotna 2011 21630006",
    "et": "LesionAdjacentTissue",
    "off": 14321,
    "sff": "lesion"
  },
  {
    "docID": "N045 Novotna 2011 21630006",
    "et": "LesionAdjacentTissue",
    "off": 15345,
    "sff": "lesion"
  },
  {
    "docID": "N045 Novotna 2011 21630006",
    "et": "LesionAdjacentTissue",
    "off": 2021,
    "sff": "lesion"
  },
  {
    "docID": "N045 Novotna 2011 21630006",
    "et": "LesionAdjacentTissue",
    "off": 16485,
    "sff": "lesion"
  },
  {
    "docID": "N045 Novotna 2011 21630006",
    "et": "LesionAdjacentTissue",
    "off": 23140,
    "sff": "lesion"
  },
  {
    "docID": "N045 Novotna 2011 21630006",
    "et": "LesionAdjacentTissue",
    "off": 14819,
    "sff": "lesion"
  },
  {
    "docID": "N045 Novotna 2011 21630006",
    "et": "LesionAdjacentTissue",
    "off": 31587,
    "sff": "lesion"
  },
  {
    "docID": "N045 Novotna 2011 21630006",
    "et": "LesionAdjacentTissue",
    "off": 6113,
    "sff": "lesion"
  },
  {
    "docID": "N045 Novotna 2011 21630006",
    "et": "LesionAdjacentTissue",
    "off": 19167,
    "sff": "lesion"
  },
  {
    "docID": "N045 Novotna 2011 21630006",
    "et": "LesionAdjacentTissue",
    "off": 22239,
    "sff": "lesion"
  },
  {
    "docID": "N045 Novotna 2011 21630006",
    "et": "LesionAdjacentTissue",
    "off": 23902,
    "sff": "lesion"
  },
  {
    "docID": "N045 Novotna 2011 21630006",
    "et": "LesionAdjacentTissue",
    "off": 22745,
    "sff": "lesion"
  },
  {
    "docID": "N045 Novotna 2011 21630006",
    "et": "LesionAdjacentTissue",
    "off": 17752,
    "sff": "lesion"
  },
  {
    "docID": "N045 Novotna 2011 21630006",
    "et": "LesionAdjacentTissue",
    "off": 21207,
    "sff": "lesion"
  },
  {
    "docID": "N045 Novotna 2011 21630006",
    "et": "LesionAdjacentTissue",
    "off": 7629,
    "sff": "lesion"
  },
  {
    "docID": "N045 Novotna 2011 21630006",
    "et": "LesionAdjacentTissue",
    "off": 21962,
    "sff": "lesion"
  },
  {
    "docID": "N045 Novotna 2011 21630006",
    "et": "LesionAdjacentTissue",
    "off": 17615,
    "sff": "lesion"
  },
  {
    "docID": "N045 Novotna 2011 21630006",
    "et": "LesionAdjacentTissue",
    "off": 24142,
    "sff": "lesion"
  },
  {
    "docID": "N045 Novotna 2011 21630006",
    "et": "LesionAdjacentTissue",
    "off": 10180,
    "sff": "lesion"
  },
  {
    "docID": "N045 Novotna 2011 21630006",
    "et": "LesionAdjacentTissue",
    "off": 26180,
    "sff": "lesion"
  },
  {
    "docID": "N045 Novotna 2011 21630006",
    "et": "LesionAdjacentTissue",
    "off": 28482,
    "sff": "lesion"
  },
  {
    "docID": "N045 Novotna 2011 21630006",
    "et": "LesionAdjacentTissue",
    "off": 35401,
    "sff": "lesion"
  },
  {
    "docID": "N045 Novotna 2011 21630006",
    "et": "LesionAdjacentTissue",
    "off": 17993,
    "sff": "lesion"
  },
  {
    "docID": "N045 Novotna 2011 21630006",
    "et": "LesionAdjacentTissue",
    "off": 20553,
    "sff": "lesion"
  },
  {
    "docID": "N045 Novotna 2011 21630006",
    "et": "LesionAdjacentTissue",
    "off": 26825,
    "sff": "lesion"
  },
  {
    "docID": "N045 Novotna 2011 21630006",
    "et": "LesionAdjacentTissue",
    "off": 32835,
    "sff": "lesion"
  },
  {
    "docID": "N045 Novotna 2011 21630006",
    "et": "LesionAdjacentTissue",
    "off": 6343,
    "sff": "lesion"
  },
  {
    "docID": "N045 Novotna 2011 21630006",
    "et": "LesionAdjacentTissue",
    "off": 16316,
    "sff": "lesion"
  },
  {
    "docID": "N045 Novotna 2011 21630006",
    "et": "LesionAdjacentTissue",
    "off": 28730,
    "sff": "lesion"
  },
  {
    "docID": "N045 Novotna 2011 21630006",
    "et": "LesionAdjacentTissue",
    "off": 28608,
    "sff": "lesion"
  },
  {
    "docID": "N045 Novotna 2011 21630006",
    "et": "LesionAdjacentTissue",
    "off": 39483,
    "sff": "lesion"
  },
  {
    "docID": "N045 Novotna 2011 21630006",
    "et": "LesionAdjacentTissue",
    "off": 15550,
    "sff": "lesion"
  },
  {
    "docID": "N045 Novotna 2011 21630006",
    "et": "LesionAdjacentTissue",
    "off": 16820,
    "sff": "lesion"
  },
  {
    "docID": "N045 Novotna 2011 21630006",
    "et": "LesionAdjacentTissue",
    "off": 1208,
    "sff": "lesion"
  },
  {
    "docID": "N045 Novotna 2011 21630006",
    "et": "LesionAdjacentTissue",
    "off": 31028,
    "sff": "lesion"
  },
  {
    "docID": "N045 Novotna 2011 21630006",
    "et": "LesionAdjacentTissue",
    "off": 16045,
    "sff": "lesion"
  },
  {
    "docID": "N045 Novotna 2011 21630006",
    "et": "LesionAdjacentTissue",
    "off": 28331,
    "sff": "lesion"
  },
  {
    "docID": "N045 Novotna 2011 21630006",
    "et": "LesionAdjacentTissue",
    "off": 32042,
    "sff": "lesion"
  },
  {
    "docID": "N045 Novotna 2011 21630006",
    "et": "LesionAdjacentTissue",
    "off": 20773,
    "sff": "lesion"
  },
  {
    "docID": "N045 Novotna 2011 21630006",
    "et": "LesionAdjacentTissue",
    "off": 1698,
    "sff": "lesion"
  },
  {
    "docID": "N045 Novotna 2011 21630006",
    "et": "LesionAdjacentTissue",
    "off": 24093,
    "sff": "lesion"
  },
  {
    "docID": "N045 Novotna 2011 21630006",
    "et": "LesionAdjacentTissue",
    "off": 21020,
    "sff": "lesion"
  },
  {
    "docID": "N045 Novotna 2011 21630006",
    "et": "LesionAdjacentTissue",
    "off": 3994,
    "sff": "lesion"
  },
  {
    "docID": "N045 Novotna 2011 21630006",
    "et": "LesionAdjacentTissue",
    "off": 30113,
    "sff": "lesion"
  },
  {
    "docID": "N045 Novotna 2011 21630006",
    "et": "LesionAdjacentTissue",
    "off": 17953,
    "sff": "lesion"
  },
  {
    "docID": "N045 Novotna 2011 21630006",
    "et": "LesionAdjacentTissue",
    "off": 29596,
    "sff": "lesion"
  },
  {
    "docID": "N045 Novotna 2011 21630006",
    "et": "LesionAdjacentTissue",
    "off": 31260,
    "sff": "lesion"
  },
  {
    "docID": "N045 Novotna 2011 21630006",
    "et": "LesionAdjacentTissue",
    "off": 17310,
    "sff": "lesion"
  },
  {
    "docID": "N045 Novotna 2011 21630006",
    "et": "LesionAdjacentTissue",
    "off": 4500,
    "sff": "lesion"
  },
  {
    "docID": "N045 Novotna 2011 21630006",
    "et": "LesionAdjacentTissue",
    "off": 16914,
    "sff": "lesion"
  },
  {
    "docID": "N045 Novotna 2011 21630006",
    "et": "LesionAdjacentTissue",
    "off": 29842,
    "sff": "lesion"
  },
  {
    "docID": "N045 Novotna 2011 21630006",
    "et": "LesionAdjacentTissue",
    "off": 21784,
    "sff": "lesion"
  },
  {
    "docID": "N045 Novotna 2011 21630006",
    "et": "LesionAdjacentTissue",
    "off": 41745,
    "sff": "lesion"
  },
  {
    "docID": "N045 Novotna 2011 21630006",
    "et": "LesionAdjacentTissue",
    "off": 3473,
    "sff": "lesion"
  },
  {
    "docID": "N045 Novotna 2011 21630006",
    "et": "LesionAdjacentTissue",
    "off": 26001,
    "sff": "lesion"
  },
  {
    "docID": "N045 Novotna 2011 21630006",
    "et": "LesionAdjacentTissue",
    "off": 26511,
    "sff": "lesion"
  },
  {
    "docID": "N045 Novotna 2011 21630006",
    "et": "LesionAdjacentTissue",
    "off": 27662,
    "sff": "lesion"
  },
  {
    "docID": "N045 Novotna 2011 21630006",
    "et": "LesionAdjacentTissue",
    "off": 26237,
    "sff": "lesion"
  },
  {
    "docID": "N045 Novotna 2011 21630006",
    "et": "LesionAdjacentTissue",
    "off": 12161,
    "sff": "lesion"
  },
  {
    "docID": "N045 Novotna 2011 21630006",
    "et": "LesionAdjacentTissue",
    "off": 15231,
    "sff": "lesion"
  },
  {
    "docID": "N045 Novotna 2011 21630006",
    "et": "LesionAdjacentTissue",
    "off": 16255,
    "sff": "lesion"
  },
  {
    "docID": "N045 Novotna 2011 21630006",
    "et": "InfusionDelivery",
    "off": 17650,
    "sff": "infusion"
  },
  {
    "docID": "N045 Novotna 2011 21630006",
    "et": "InfusionDelivery",
    "off": 23048,
    "sff": "infusion"
  },
  {
    "docID": "N045 Novotna 2011 21630006",
    "et": "InfusionDelivery",
    "off": 15047,
    "sff": "infusion"
  },
  {
    "docID": "N045 Novotna 2011 21630006",
    "et": "InfusionDelivery",
    "off": 20494,
    "sff": "infusion"
  },
  {
    "docID": "N045 Novotna 2011 21630006",
    "et": "Cervical",
    "off": 40665,
    "sff": "cervical"
  },
  {
    "docID": "N045 Novotna 2011 21630006",
    "et": "CentralNervousSystem",
    "off": 2013,
    "sff": "central"
  },
  {
    "docID": "N045 Novotna 2011 21630006",
    "et": "CentralNervousSystem",
    "off": 20765,
    "sff": "central"
  },
  {
    "docID": "N045 Novotna 2011 21630006",
    "et": "CentralNervousSystem",
    "off": 37418,
    "sff": "central nervous system"
  },
  {
    "docID": "N045 Novotna 2011 21630006",
    "et": "CentralNervousSystem",
    "off": 39353,
    "sff": "nervous"
  },
  {
    "docID": "N045 Novotna 2011 21630006",
    "et": "CentralNervousSystem",
    "off": 14811,
    "sff": "central"
  },
  {
    "docID": "N045 Novotna 2011 21630006",
    "et": "CentralNervousSystem",
    "off": 38399,
    "sff": "central nervous"
  },
  {
    "docID": "N045 Novotna 2011 21630006",
    "et": "CentralNervousSystem",
    "off": 15720,
    "sff": "central"
  },
  {
    "docID": "N045 Novotna 2011 21630006",
    "et": "CentralNervousSystem",
    "off": 30312,
    "sff": "central"
  },
  {
    "docID": "N045 Novotna 2011 21630006",
    "et": "CentralNervousSystem",
    "off": 38873,
    "sff": "nervous system"
  },
  {
    "docID": "N045 Novotna 2011 21630006",
    "et": "CentralNervousSystem",
    "off": 7695,
    "sff": "nervous system"
  },
  {
    "docID": "N045 Novotna 2011 21630006",
    "et": "CentralNervousSystem",
    "off": 38864,
    "sff": "central"
  },
  {
    "docID": "N045 Novotna 2011 21630006",
    "et": "CentralNervousSystem",
    "off": 37531,
    "sff": "central nervous system"
  },
  {
    "docID": "N045 Novotna 2011 21630006",
    "et": "CentralNervousSystem",
    "off": 14988,
    "sff": "central"
  },
  {
    "docID": "N045 Novotna 2011 21630006",
    "et": "CentralNervousSystem",
    "off": 37705,
    "sff": "nervous"
  },
  {
    "docID": "N045 Novotna 2011 21630006",
    "et": "CentralNervousSystem",
    "off": 29389,
    "sff": "nervous system"
  },
  {
    "docID": "N045 Novotna 2011 21630006",
    "et": "CentralNervousSystem",
    "off": 23894,
    "sff": "central"
  },
  {
    "docID": "N045 Novotna 2011 21630006",
    "et": "CentralNervousSystem",
    "off": 37705,
    "sff": "nervous system"
  },
  {
    "docID": "N045 Novotna 2011 21630006",
    "et": "CentralNervousSystem",
    "off": 21012,
    "sff": "central"
  },
  {
    "docID": "N045 Novotna 2011 21630006",
    "et": "CentralNervousSystem",
    "off": 31252,
    "sff": "central"
  },
  {
    "docID": "N045 Novotna 2011 21630006",
    "et": "CentralNervousSystem",
    "off": 17984,
    "sff": "central"
  },
  {
    "docID": "N045 Novotna 2011 21630006",
    "et": "CentralNervousSystem",
    "off": 20545,
    "sff": "central"
  },
  {
    "docID": "N045 Novotna 2011 21630006",
    "et": "CentralNervousSystem",
    "off": 37531,
    "sff": "central nervous"
  },
  {
    "docID": "N045 Novotna 2011 21630006",
    "et": "CentralNervousSystem",
    "off": 26172,
    "sff": "central"
  },
  {
    "docID": "N045 Novotna 2011 21630006",
    "et": "CentralNervousSystem",
    "off": 38873,
    "sff": "nervous"
  },
  {
    "docID": "N045 Novotna 2011 21630006",
    "et": "CentralNervousSystem",
    "off": 28474,
    "sff": "central"
  },
  {
    "docID": "N045 Novotna 2011 21630006",
    "et": "CentralNervousSystem",
    "off": 29389,
    "sff": "nervous"
  },
  {
    "docID": "N045 Novotna 2011 21630006",
    "et": "CentralNervousSystem",
    "off": 39353,
    "sff": "nervous system"
  },
  {
    "docID": "N045 Novotna 2011 21630006",
    "et": "CentralNervousSystem",
    "off": 3728,
    "sff": "nervous"
  },
  {
    "docID": "N045 Novotna 2011 21630006",
    "et": "CentralNervousSystem",
    "off": 7695,
    "sff": "nervous"
  },
  {
    "docID": "N045 Novotna 2011 21630006",
    "et": "CentralNervousSystem",
    "off": 37418,
    "sff": "central nervous"
  },
  {
    "docID": "N045 Novotna 2011 21630006",
    "et": "CentralNervousSystem",
    "off": 16812,
    "sff": "central"
  },
  {
    "docID": "N045 Novotna 2011 21630006",
    "et": "CentralNervousSystem",
    "off": 16246,
    "sff": "central"
  },
  {
    "docID": "N045 Novotna 2011 21630006",
    "et": "CentralNervousSystem",
    "off": 17142,
    "sff": "central"
  },
  {
    "docID": "N045 Novotna 2011 21630006",
    "et": "CentralNervousSystem",
    "off": 17779,
    "sff": "central"
  },
  {
    "docID": "N045 Novotna 2011 21630006",
    "et": "SpinalGrayMatter",
    "off": 18060,
    "sff": "gray"
  },
  {
    "docID": "N045 Novotna 2011 21630006",
    "et": "SpinalGrayMatter",
    "off": 24874,
    "sff": "gray matter"
  },
  {
    "docID": "N045 Novotna 2011 21630006",
    "et": "SpinalGrayMatter",
    "off": 17067,
    "sff": "gray matter"
  },
  {
    "docID": "N045 Novotna 2011 21630006",
    "et": "SpinalGrayMatter",
    "off": 24747,
    "sff": "gray matter"
  },
  {
    "docID": "N045 Novotna 2011 21630006",
    "et": "SpinalGrayMatter",
    "off": 25436,
    "sff": "gray matter"
  },
  {
    "docID": "N045 Novotna 2011 21630006",
    "et": "SpinalGrayMatter",
    "off": 11892,
    "sff": "gray"
  },
  {
    "docID": "N045 Novotna 2011 21630006",
    "et": "SubstanceApplicationLocation",
    "off": 32908,
    "sff": "application"
  },
  {
    "docID": "N045 Novotna 2011 21630006",
    "et": "SubstanceApplicationLocation",
    "off": 32751,
    "sff": "application"
  },
  {
    "docID": "N045 Novotna 2011 21630006",
    "et": "SubstanceApplicationLocation",
    "off": 31976,
    "sff": "application"
  },
  {
    "docID": "N045 Novotna 2011 21630006",
    "et": "SubstanceApplicationLocation",
    "off": 14347,
    "sff": "application"
  },
  {
    "docID": "N045 Novotna 2011 21630006",
    "et": "SubstanceApplicationLocation",
    "off": 5147,
    "sff": "Application"
  },
  {
    "docID": "N045 Novotna 2011 21630006",
    "et": "SubstanceApplicationLocation",
    "off": 19206,
    "sff": "application"
  },
  {
    "docID": "N045 Novotna 2011 21630006",
    "et": "CorticospinalTract",
    "off": 28957,
    "sff": "corticospinal"
  },
  {
    "docID": "N045 Novotna 2011 21630006",
    "et": "SpinalCentralPart",
    "off": 16246,
    "sff": "central"
  },
  {
    "docID": "N045 Novotna 2011 21630006",
    "et": "SpinalCentralPart",
    "off": 17142,
    "sff": "central"
  },
  {
    "docID": "N045 Novotna 2011 21630006",
    "et": "SpinalCentralPart",
    "off": 23894,
    "sff": "central"
  },
  {
    "docID": "N045 Novotna 2011 21630006",
    "et": "SpinalCentralPart",
    "off": 17779,
    "sff": "central"
  },
  {
    "docID": "N045 Novotna 2011 21630006",
    "et": "SpinalCentralPart",
    "off": 21012,
    "sff": "central"
  },
  {
    "docID": "N045 Novotna 2011 21630006",
    "et": "SpinalCentralPart",
    "off": 31252,
    "sff": "central"
  },
  {
    "docID": "N045 Novotna 2011 21630006",
    "et": "SpinalCentralPart",
    "off": 38864,
    "sff": "central"
  },
  {
    "docID": "N045 Novotna 2011 21630006",
    "et": "SpinalCentralPart",
    "off": 37418,
    "sff": "central"
  },
  {
    "docID": "N045 Novotna 2011 21630006",
    "et": "SpinalCentralPart",
    "off": 14988,
    "sff": "central"
  },
  {
    "docID": "N045 Novotna 2011 21630006",
    "et": "SpinalCentralPart",
    "off": 16812,
    "sff": "central"
  },
  {
    "docID": "N045 Novotna 2011 21630006",
    "et": "SpinalCentralPart",
    "off": 15720,
    "sff": "central"
  },
  {
    "docID": "N045 Novotna 2011 21630006",
    "et": "SpinalCentralPart",
    "off": 30312,
    "sff": "central"
  },
  {
    "docID": "N045 Novotna 2011 21630006",
    "et": "SpinalCentralPart",
    "off": 20545,
    "sff": "central"
  },
  {
    "docID": "N045 Novotna 2011 21630006",
    "et": "SpinalCentralPart",
    "off": 20765,
    "sff": "central"
  },
  {
    "docID": "N045 Novotna 2011 21630006",
    "et": "SpinalCentralPart",
    "off": 38399,
    "sff": "central"
  },
  {
    "docID": "N045 Novotna 2011 21630006",
    "et": "SpinalCentralPart",
    "off": 17984,
    "sff": "central"
  },
  {
    "docID": "N045 Novotna 2011 21630006",
    "et": "SpinalCentralPart",
    "off": 28474,
    "sff": "central"
  },
  {
    "docID": "N045 Novotna 2011 21630006",
    "et": "SpinalCentralPart",
    "off": 14811,
    "sff": "central"
  },
  {
    "docID": "N045 Novotna 2011 21630006",
    "et": "SpinalCentralPart",
    "off": 37531,
    "sff": "central"
  },
  {
    "docID": "N045 Novotna 2011 21630006",
    "et": "SpinalCentralPart",
    "off": 2013,
    "sff": "central"
  },
  {
    "docID": "N045 Novotna 2011 21630006",
    "et": "SpinalCentralPart",
    "off": 26172,
    "sff": "central"
  },
  {
    "docID": "N045 Novotna 2011 21630006",
    "et": "InjectionDelivery",
    "off": 9651,
    "sff": "injection"
  },
  {
    "docID": "N045 Novotna 2011 21630006",
    "et": "InjectionDelivery",
    "off": 32329,
    "sff": "injection"
  },
  {
    "docID": "N045 Novotna 2011 21630006",
    "et": "SpinalLesionSite",
    "off": 17953,
    "sff": "lesion"
  },
  {
    "docID": "N045 Novotna 2011 21630006",
    "et": "SpinalLesionSite",
    "off": 30113,
    "sff": "lesion"
  },
  {
    "docID": "N045 Novotna 2011 21630006",
    "et": "SpinalLesionSite",
    "off": 20773,
    "sff": "lesion"
  },
  {
    "docID": "N045 Novotna 2011 21630006",
    "et": "SpinalLesionSite",
    "off": 1208,
    "sff": "lesion site"
  },
  {
    "docID": "N045 Novotna 2011 21630006",
    "et": "SpinalLesionSite",
    "off": 28730,
    "sff": "lesion site"
  },
  {
    "docID": "N045 Novotna 2011 21630006",
    "et": "SpinalLesionSite",
    "off": 21020,
    "sff": "lesion"
  },
  {
    "docID": "N045 Novotna 2011 21630006",
    "et": "SpinalLesionSite",
    "off": 29596,
    "sff": "lesion"
  },
  {
    "docID": "N045 Novotna 2011 21630006",
    "et": "SpinalLesionSite",
    "off": 31260,
    "sff": "lesion"
  },
  {
    "docID": "N045 Novotna 2011 21630006",
    "et": "SpinalLesionSite",
    "off": 26511,
    "sff": "lesion"
  },
  {
    "docID": "N045 Novotna 2011 21630006",
    "et": "SpinalLesionSite",
    "off": 1698,
    "sff": "lesion site"
  },
  {
    "docID": "N045 Novotna 2011 21630006",
    "et": "SpinalLesionSite",
    "off": 29842,
    "sff": "lesion"
  },
  {
    "docID": "N045 Novotna 2011 21630006",
    "et": "SpinalLesionSite",
    "off": 3473,
    "sff": "lesion"
  },
  {
    "docID": "N045 Novotna 2011 21630006",
    "et": "SpinalLesionSite",
    "off": 24093,
    "sff": "lesion site"
  },
  {
    "docID": "N045 Novotna 2011 21630006",
    "et": "SpinalLesionSite",
    "off": 17310,
    "sff": "lesion site"
  },
  {
    "docID": "N045 Novotna 2011 21630006",
    "et": "SpinalLesionSite",
    "off": 28331,
    "sff": "lesion site"
  },
  {
    "docID": "N045 Novotna 2011 21630006",
    "et": "SpinalLesionSite",
    "off": 32042,
    "sff": "lesion site"
  },
  {
    "docID": "N045 Novotna 2011 21630006",
    "et": "SpinalLesionSite",
    "off": 16255,
    "sff": "lesion"
  },
  {
    "docID": "N045 Novotna 2011 21630006",
    "et": "SpinalLesionSite",
    "off": 17752,
    "sff": "lesion site"
  },
  {
    "docID": "N045 Novotna 2011 21630006",
    "et": "SpinalLesionSite",
    "off": 22745,
    "sff": "lesion site"
  },
  {
    "docID": "N045 Novotna 2011 21630006",
    "et": "SpinalLesionSite",
    "off": 21207,
    "sff": "lesion site"
  },
  {
    "docID": "N045 Novotna 2011 21630006",
    "et": "SpinalLesionSite",
    "off": 30320,
    "sff": "lesion"
  },
  {
    "docID": "N045 Novotna 2011 21630006",
    "et": "SpinalLesionSite",
    "off": 32835,
    "sff": "lesion site"
  },
  {
    "docID": "N045 Novotna 2011 21630006",
    "et": "SpinalLesionSite",
    "off": 15345,
    "sff": "lesion"
  },
  {
    "docID": "N045 Novotna 2011 21630006",
    "et": "SpinalLesionSite",
    "off": 16316,
    "sff": "lesion site"
  },
  {
    "docID": "N045 Novotna 2011 21630006",
    "et": "SpinalLesionSite",
    "off": 23411,
    "sff": "lesion"
  },
  {
    "docID": "N045 Novotna 2011 21630006",
    "et": "SpinalLesionSite",
    "off": 10230,
    "sff": "lesion"
  },
  {
    "docID": "N045 Novotna 2011 21630006",
    "et": "SpinalLesionSite",
    "off": 26825,
    "sff": "lesion site"
  },
  {
    "docID": "N045 Novotna 2011 21630006",
    "et": "SpinalLesionSite",
    "off": 21962,
    "sff": "lesion site"
  },
  {
    "docID": "N045 Novotna 2011 21630006",
    "et": "SpinalLesionSite",
    "off": 10180,
    "sff": "lesion site"
  },
  {
    "docID": "N045 Novotna 2011 21630006",
    "et": "SpinalLesionSite",
    "off": 6343,
    "sff": "lesion site"
  },
  {
    "docID": "N045 Novotna 2011 21630006",
    "et": "SpinalLesionSite",
    "off": 14321,
    "sff": "lesion site"
  },
  {
    "docID": "N045 Novotna 2011 21630006",
    "et": "SpinalLesionSite",
    "off": 23140,
    "sff": "lesion"
  },
  {
    "docID": "N045 Novotna 2011 21630006",
    "et": "SpinalLesionSite",
    "off": 14819,
    "sff": "lesion"
  },
  {
    "docID": "N045 Novotna 2011 21630006",
    "et": "SpinalLesionSite",
    "off": 31587,
    "sff": "lesion"
  },
  {
    "docID": "N045 Novotna 2011 21630006",
    "et": "SpinalLesionSite",
    "off": 2021,
    "sff": "lesion"
  },
  {
    "docID": "N045 Novotna 2011 21630006",
    "et": "SpinalLesionSite",
    "off": 23902,
    "sff": "lesion"
  },
  {
    "docID": "N045 Novotna 2011 21630006",
    "et": "SpinalLesionSite",
    "off": 6113,
    "sff": "lesion site"
  },
  {
    "docID": "N045 Novotna 2011 21630006",
    "et": "SpinalLesionSite",
    "off": 17615,
    "sff": "lesion"
  },
  {
    "docID": "N045 Novotna 2011 21630006",
    "et": "SpinalLesionSite",
    "off": 19167,
    "sff": "lesion site"
  },
  {
    "docID": "N045 Novotna 2011 21630006",
    "et": "SpinalLesionSite",
    "off": 22239,
    "sff": "lesion site"
  },
  {
    "docID": "N045 Novotna 2011 21630006",
    "et": "SpinalLesionSite",
    "off": 17993,
    "sff": "lesion"
  },
  {
    "docID": "N045 Novotna 2011 21630006",
    "et": "SpinalLesionSite",
    "off": 20553,
    "sff": "lesion"
  },
  {
    "docID": "N045 Novotna 2011 21630006",
    "et": "SpinalLesionSite",
    "off": 35401,
    "sff": "lesion"
  },
  {
    "docID": "N045 Novotna 2011 21630006",
    "et": "SpinalLesionSite",
    "off": 16485,
    "sff": "lesion site"
  },
  {
    "docID": "N045 Novotna 2011 21630006",
    "et": "SpinalLesionSite",
    "off": 24142,
    "sff": "lesion"
  },
  {
    "docID": "N045 Novotna 2011 21630006",
    "et": "SpinalLesionSite",
    "off": 7629,
    "sff": "lesion"
  },
  {
    "docID": "N045 Novotna 2011 21630006",
    "et": "SpinalLesionSite",
    "off": 28608,
    "sff": "lesion"
  },
  {
    "docID": "N045 Novotna 2011 21630006",
    "et": "SpinalLesionSite",
    "off": 41745,
    "sff": "lesion site"
  },
  {
    "docID": "N045 Novotna 2011 21630006",
    "et": "SpinalLesionSite",
    "off": 26001,
    "sff": "lesion site"
  },
  {
    "docID": "N045 Novotna 2011 21630006",
    "et": "SpinalLesionSite",
    "off": 16914,
    "sff": "lesion site"
  },
  {
    "docID": "N045 Novotna 2011 21630006",
    "et": "SpinalLesionSite",
    "off": 28482,
    "sff": "lesion"
  },
  {
    "docID": "N045 Novotna 2011 21630006",
    "et": "SpinalLesionSite",
    "off": 26180,
    "sff": "lesion"
  },
  {
    "docID": "N045 Novotna 2011 21630006",
    "et": "SpinalLesionSite",
    "off": 27662,
    "sff": "lesion site"
  },
  {
    "docID": "N045 Novotna 2011 21630006",
    "et": "SpinalLesionSite",
    "off": 21784,
    "sff": "lesion site"
  },
  {
    "docID": "N045 Novotna 2011 21630006",
    "et": "SpinalLesionSite",
    "off": 3994,
    "sff": "lesion site"
  },
  {
    "docID": "N045 Novotna 2011 21630006",
    "et": "SpinalLesionSite",
    "off": 4500,
    "sff": "lesion site"
  },
  {
    "docID": "N045 Novotna 2011 21630006",
    "et": "SpinalLesionSite",
    "off": 39483,
    "sff": "lesion"
  },
  {
    "docID": "N045 Novotna 2011 21630006",
    "et": "SpinalLesionSite",
    "off": 15550,
    "sff": "lesion"
  },
  {
    "docID": "N045 Novotna 2011 21630006",
    "et": "SpinalLesionSite",
    "off": 12161,
    "sff": "lesion site"
  },
  {
    "docID": "N045 Novotna 2011 21630006",
    "et": "SpinalLesionSite",
    "off": 16820,
    "sff": "lesion"
  },
  {
    "docID": "N045 Novotna 2011 21630006",
    "et": "SpinalLesionSite",
    "off": 31028,
    "sff": "lesion"
  },
  {
    "docID": "N045 Novotna 2011 21630006",
    "et": "SpinalLesionSite",
    "off": 26237,
    "sff": "lesion site"
  },
  {
    "docID": "N045 Novotna 2011 21630006",
    "et": "SpinalLesionSite",
    "off": 15231,
    "sff": "lesion site"
  },
  {
    "docID": "N045 Novotna 2011 21630006",
    "et": "SpinalLesionSite",
    "off": 16045,
    "sff": "lesion"
  }
]
