[
  {
    "docID": "N047 Zhao 2011 21855577",
    "et": "AnatomicalLocation",
    "off": 48519,
    "sff": "anatomical"
  },
  {
    "docID": "N047 Zhao 2011 21855577",
    "et": "InhalationDelivery",
    "off": 16847,
    "sff": "inhalation"
  },
  {
    "docID": "N047 Zhao 2011 21855577",
    "et": "SpinalSubduralArea",
    "off": 1711,
    "sff": "spinal"
  },
  {
    "docID": "N047 Zhao 2011 21855577",
    "et": "SpinalSubduralArea",
    "off": 51246,
    "sff": "spinal"
  },
  {
    "docID": "N047 Zhao 2011 21855577",
    "et": "SpinalSubduralArea",
    "off": 51764,
    "sff": "spinal"
  },
  {
    "docID": "N047 Zhao 2011 21855577",
    "et": "SpinalSubduralArea",
    "off": 39464,
    "sff": "spinal"
  },
  {
    "docID": "N047 Zhao 2011 21855577",
    "et": "SpinalSubduralArea",
    "off": 30577,
    "sff": "Spinal"
  },
  {
    "docID": "N047 Zhao 2011 21855577",
    "et": "SpinalSubduralArea",
    "off": 50036,
    "sff": "Spinal"
  },
  {
    "docID": "N047 Zhao 2011 21855577",
    "et": "SpinalSubduralArea",
    "off": 1389,
    "sff": "Spinal"
  },
  {
    "docID": "N047 Zhao 2011 21855577",
    "et": "SpinalSubduralArea",
    "off": 28843,
    "sff": "spinal"
  },
  {
    "docID": "N047 Zhao 2011 21855577",
    "et": "SpinalSubduralArea",
    "off": 18220,
    "sff": "spinal"
  },
  {
    "docID": "N047 Zhao 2011 21855577",
    "et": "SpinalSubduralArea",
    "off": 47267,
    "sff": "spinal"
  },
  {
    "docID": "N047 Zhao 2011 21855577",
    "et": "SpinalSubduralArea",
    "off": 31905,
    "sff": "spinal"
  },
  {
    "docID": "N047 Zhao 2011 21855577",
    "et": "SpinalSubduralArea",
    "off": 30107,
    "sff": "spinal"
  },
  {
    "docID": "N047 Zhao 2011 21855577",
    "et": "SpinalSubduralArea",
    "off": 41551,
    "sff": "spinal"
  },
  {
    "docID": "N047 Zhao 2011 21855577",
    "et": "SpinalSubduralArea",
    "off": 9677,
    "sff": "spinal"
  },
  {
    "docID": "N047 Zhao 2011 21855577",
    "et": "SpinalSubduralArea",
    "off": 5332,
    "sff": "spinal"
  },
  {
    "docID": "N047 Zhao 2011 21855577",
    "et": "SpinalSubduralArea",
    "off": 42706,
    "sff": "spinal"
  },
  {
    "docID": "N047 Zhao 2011 21855577",
    "et": "SpinalSubduralArea",
    "off": 7111,
    "sff": "spinal"
  },
  {
    "docID": "N047 Zhao 2011 21855577",
    "et": "SpinalSubduralArea",
    "off": 41670,
    "sff": "spinal"
  },
  {
    "docID": "N047 Zhao 2011 21855577",
    "et": "SpinalSubduralArea",
    "off": 48197,
    "sff": "spinal"
  },
  {
    "docID": "N047 Zhao 2011 21855577",
    "et": "SpinalSubduralArea",
    "off": 52300,
    "sff": "spinal"
  },
  {
    "docID": "N047 Zhao 2011 21855577",
    "et": "SpinalSubduralArea",
    "off": 5452,
    "sff": "spinal"
  },
  {
    "docID": "N047 Zhao 2011 21855577",
    "et": "SpinalSubduralArea",
    "off": 20685,
    "sff": "Spinal"
  },
  {
    "docID": "N047 Zhao 2011 21855577",
    "et": "SpinalSubduralArea",
    "off": 32591,
    "sff": "Spinal"
  },
  {
    "docID": "N047 Zhao 2011 21855577",
    "et": "SpinalSubduralArea",
    "off": 30910,
    "sff": "spinal"
  },
  {
    "docID": "N047 Zhao 2011 21855577",
    "et": "SpinalSubduralArea",
    "off": 17602,
    "sff": "spinal"
  },
  {
    "docID": "N047 Zhao 2011 21855577",
    "et": "SpinalSubduralArea",
    "off": 18626,
    "sff": "spinal"
  },
  {
    "docID": "N047 Zhao 2011 21855577",
    "et": "SpinalSubduralArea",
    "off": 32055,
    "sff": "spinal"
  },
  {
    "docID": "N047 Zhao 2011 21855577",
    "et": "SpinalSubduralArea",
    "off": 32184,
    "sff": "spinal"
  },
  {
    "docID": "N047 Zhao 2011 21855577",
    "et": "SpinalSubduralArea",
    "off": 51382,
    "sff": "spinal"
  },
  {
    "docID": "N047 Zhao 2011 21855577",
    "et": "SpinalSubduralArea",
    "off": 47675,
    "sff": "spinal"
  },
  {
    "docID": "N047 Zhao 2011 21855577",
    "et": "SpinalSubduralArea",
    "off": 9914,
    "sff": "spinal"
  },
  {
    "docID": "N047 Zhao 2011 21855577",
    "et": "SpinalSubduralArea",
    "off": 17578,
    "sff": "Spinal"
  },
  {
    "docID": "N047 Zhao 2011 21855577",
    "et": "SpinalSubduralArea",
    "off": 20336,
    "sff": "spinal"
  },
  {
    "docID": "N047 Zhao 2011 21855577",
    "et": "SpinalSubduralArea",
    "off": 39919,
    "sff": "spinal"
  },
  {
    "docID": "N047 Zhao 2011 21855577",
    "et": "SpinalSubduralArea",
    "off": 31156,
    "sff": "Spinal"
  },
  {
    "docID": "N047 Zhao 2011 21855577",
    "et": "SpinalSubduralArea",
    "off": 22636,
    "sff": "spinal"
  },
  {
    "docID": "N047 Zhao 2011 21855577",
    "et": "SpinalSubduralArea",
    "off": 44394,
    "sff": "spinal"
  },
  {
    "docID": "N047 Zhao 2011 21855577",
    "et": "SpinalSubduralArea",
    "off": 50351,
    "sff": "Spinal"
  },
  {
    "docID": "N047 Zhao 2011 21855577",
    "et": "SpinalSubduralArea",
    "off": 51549,
    "sff": "spinal"
  },
  {
    "docID": "N047 Zhao 2011 21855577",
    "et": "SpinalSubduralArea",
    "off": 20567,
    "sff": "spinal"
  },
  {
    "docID": "N047 Zhao 2011 21855577",
    "et": "SpinalSubduralArea",
    "off": 41502,
    "sff": "Spinal"
  },
  {
    "docID": "N047 Zhao 2011 21855577",
    "et": "SpinalSubduralArea",
    "off": 47578,
    "sff": "spinal"
  },
  {
    "docID": "N047 Zhao 2011 21855577",
    "et": "SpinalSubduralArea",
    "off": 47375,
    "sff": "spinal"
  },
  {
    "docID": "N047 Zhao 2011 21855577",
    "et": "SpinalSubduralArea",
    "off": 2451,
    "sff": "spinal"
  },
  {
    "docID": "N047 Zhao 2011 21855577",
    "et": "SpinalSubduralArea",
    "off": 32403,
    "sff": "spinal"
  },
  {
    "docID": "N047 Zhao 2011 21855577",
    "et": "SpinalSubduralArea",
    "off": 52485,
    "sff": "spinal"
  },
  {
    "docID": "N047 Zhao 2011 21855577",
    "et": "SpinalSubduralArea",
    "off": 18047,
    "sff": "spinal"
  },
  {
    "docID": "N047 Zhao 2011 21855577",
    "et": "SpinalSubduralArea",
    "off": 44159,
    "sff": "spinal"
  },
  {
    "docID": "N047 Zhao 2011 21855577",
    "et": "SpinalSubduralArea",
    "off": 39806,
    "sff": "spinal"
  },
  {
    "docID": "N047 Zhao 2011 21855577",
    "et": "SpinalSubduralArea",
    "off": 52994,
    "sff": "spinal"
  },
  {
    "docID": "N047 Zhao 2011 21855577",
    "et": "SpinalSubduralArea",
    "off": 4087,
    "sff": "spinal"
  },
  {
    "docID": "N047 Zhao 2011 21855577",
    "et": "SpinalSubduralArea",
    "off": 18296,
    "sff": "spinal"
  },
  {
    "docID": "N047 Zhao 2011 21855577",
    "et": "SpinalSubduralArea",
    "off": 29942,
    "sff": "spinal"
  },
  {
    "docID": "N047 Zhao 2011 21855577",
    "et": "SpinalSubduralArea",
    "off": 8700,
    "sff": "spinal"
  },
  {
    "docID": "N047 Zhao 2011 21855577",
    "et": "SpinalSubduralArea",
    "off": 6522,
    "sff": "spinal"
  },
  {
    "docID": "N047 Zhao 2011 21855577",
    "et": "Brain",
    "off": 39268,
    "sff": "brain"
  },
  {
    "docID": "N047 Zhao 2011 21855577",
    "et": "Brain",
    "off": 51402,
    "sff": "Brain"
  },
  {
    "docID": "N047 Zhao 2011 21855577",
    "et": "Brain",
    "off": 50908,
    "sff": "brain"
  },
  {
    "docID": "N047 Zhao 2011 21855577",
    "et": "Brain",
    "off": 47198,
    "sff": "brain"
  },
  {
    "docID": "N047 Zhao 2011 21855577",
    "et": "Brain",
    "off": 27703,
    "sff": "brain"
  },
  {
    "docID": "N047 Zhao 2011 21855577",
    "et": "Brain",
    "off": 29169,
    "sff": "brain"
  },
  {
    "docID": "N047 Zhao 2011 21855577",
    "et": "Brain",
    "off": 45873,
    "sff": "brain"
  },
  {
    "docID": "N047 Zhao 2011 21855577",
    "et": "Brain",
    "off": 987,
    "sff": "Brain"
  },
  {
    "docID": "N047 Zhao 2011 21855577",
    "et": "Brain",
    "off": 28397,
    "sff": "brain"
  },
  {
    "docID": "N047 Zhao 2011 21855577",
    "et": "Brain",
    "off": 36783,
    "sff": "brain"
  },
  {
    "docID": "N047 Zhao 2011 21855577",
    "et": "Brain",
    "off": 675,
    "sff": "Brain"
  },
  {
    "docID": "N047 Zhao 2011 21855577",
    "et": "Brain",
    "off": 5323,
    "sff": "brain"
  },
  {
    "docID": "N047 Zhao 2011 21855577",
    "et": "Brain",
    "off": 20549,
    "sff": "brain"
  },
  {
    "docID": "N047 Zhao 2011 21855577",
    "et": "Brain",
    "off": 53191,
    "sff": "brain"
  },
  {
    "docID": "N047 Zhao 2011 21855577",
    "et": "Brain",
    "off": 27137,
    "sff": "brain"
  },
  {
    "docID": "N047 Zhao 2011 21855577",
    "et": "Brain",
    "off": 52394,
    "sff": "Brain"
  },
  {
    "docID": "N047 Zhao 2011 21855577",
    "et": "Brain",
    "off": 1921,
    "sff": "brain"
  },
  {
    "docID": "N047 Zhao 2011 21855577",
    "et": "Brain",
    "off": 28540,
    "sff": "brain"
  },
  {
    "docID": "N047 Zhao 2011 21855577",
    "et": "Brain",
    "off": 8510,
    "sff": "brain"
  },
  {
    "docID": "N047 Zhao 2011 21855577",
    "et": "Brain",
    "off": 6042,
    "sff": "brain"
  },
  {
    "docID": "N047 Zhao 2011 21855577",
    "et": "Brain",
    "off": 18266,
    "sff": "brain"
  },
  {
    "docID": "N047 Zhao 2011 21855577",
    "et": "Brain",
    "off": 22618,
    "sff": "brain"
  },
  {
    "docID": "N047 Zhao 2011 21855577",
    "et": "Brain",
    "off": 35994,
    "sff": "brain"
  },
  {
    "docID": "N047 Zhao 2011 21855577",
    "et": "Brain",
    "off": 32021,
    "sff": "brain"
  },
  {
    "docID": "N047 Zhao 2011 21855577",
    "et": "Brain",
    "off": 9621,
    "sff": "brain"
  },
  {
    "docID": "N047 Zhao 2011 21855577",
    "et": "Brain",
    "off": 46802,
    "sff": "brain"
  },
  {
    "docID": "N047 Zhao 2011 21855577",
    "et": "AscendingFiberTract",
    "off": 38163,
    "sff": "ascending"
  },
  {
    "docID": "N047 Zhao 2011 21855577",
    "et": "AscendingFiberTract",
    "off": 41277,
    "sff": "fiber"
  },
  {
    "docID": "N047 Zhao 2011 21855577",
    "et": "AscendingFiberTract",
    "off": 28118,
    "sff": "ascending"
  },
  {
    "docID": "N047 Zhao 2011 21855577",
    "et": "Intraspinal",
    "off": 31827,
    "sff": "Intraspinal"
  },
  {
    "docID": "N047 Zhao 2011 21855577",
    "et": "Intraspinal",
    "off": 18133,
    "sff": "Intraspinal"
  },
  {
    "docID": "N047 Zhao 2011 21855577",
    "et": "SpinalWhiteMatter",
    "off": 44394,
    "sff": "spinal"
  },
  {
    "docID": "N047 Zhao 2011 21855577",
    "et": "SpinalWhiteMatter",
    "off": 41502,
    "sff": "Spinal"
  },
  {
    "docID": "N047 Zhao 2011 21855577",
    "et": "SpinalWhiteMatter",
    "off": 17578,
    "sff": "Spinal"
  },
  {
    "docID": "N047 Zhao 2011 21855577",
    "et": "SpinalWhiteMatter",
    "off": 27351,
    "sff": "white"
  },
  {
    "docID": "N047 Zhao 2011 21855577",
    "et": "SpinalWhiteMatter",
    "off": 8743,
    "sff": "white matter"
  },
  {
    "docID": "N047 Zhao 2011 21855577",
    "et": "SpinalWhiteMatter",
    "off": 51549,
    "sff": "spinal"
  },
  {
    "docID": "N047 Zhao 2011 21855577",
    "et": "SpinalWhiteMatter",
    "off": 47578,
    "sff": "spinal"
  },
  {
    "docID": "N047 Zhao 2011 21855577",
    "et": "SpinalWhiteMatter",
    "off": 5332,
    "sff": "spinal"
  },
  {
    "docID": "N047 Zhao 2011 21855577",
    "et": "SpinalWhiteMatter",
    "off": 20567,
    "sff": "spinal"
  },
  {
    "docID": "N047 Zhao 2011 21855577",
    "et": "SpinalWhiteMatter",
    "off": 32357,
    "sff": "white"
  },
  {
    "docID": "N047 Zhao 2011 21855577",
    "et": "SpinalWhiteMatter",
    "off": 42706,
    "sff": "spinal"
  },
  {
    "docID": "N047 Zhao 2011 21855577",
    "et": "SpinalWhiteMatter",
    "off": 5452,
    "sff": "spinal"
  },
  {
    "docID": "N047 Zhao 2011 21855577",
    "et": "SpinalWhiteMatter",
    "off": 9677,
    "sff": "spinal"
  },
  {
    "docID": "N047 Zhao 2011 21855577",
    "et": "SpinalWhiteMatter",
    "off": 52300,
    "sff": "spinal"
  },
  {
    "docID": "N047 Zhao 2011 21855577",
    "et": "SpinalWhiteMatter",
    "off": 41551,
    "sff": "spinal"
  },
  {
    "docID": "N047 Zhao 2011 21855577",
    "et": "SpinalWhiteMatter",
    "off": 27917,
    "sff": "white matter"
  },
  {
    "docID": "N047 Zhao 2011 21855577",
    "et": "SpinalWhiteMatter",
    "off": 48197,
    "sff": "spinal"
  },
  {
    "docID": "N047 Zhao 2011 21855577",
    "et": "SpinalWhiteMatter",
    "off": 7111,
    "sff": "spinal"
  },
  {
    "docID": "N047 Zhao 2011 21855577",
    "et": "SpinalWhiteMatter",
    "off": 41670,
    "sff": "spinal"
  },
  {
    "docID": "N047 Zhao 2011 21855577",
    "et": "SpinalWhiteMatter",
    "off": 17602,
    "sff": "spinal"
  },
  {
    "docID": "N047 Zhao 2011 21855577",
    "et": "SpinalWhiteMatter",
    "off": 18626,
    "sff": "spinal"
  },
  {
    "docID": "N047 Zhao 2011 21855577",
    "et": "SpinalWhiteMatter",
    "off": 30910,
    "sff": "spinal"
  },
  {
    "docID": "N047 Zhao 2011 21855577",
    "et": "SpinalWhiteMatter",
    "off": 32184,
    "sff": "spinal"
  },
  {
    "docID": "N047 Zhao 2011 21855577",
    "et": "SpinalWhiteMatter",
    "off": 41245,
    "sff": "white matter"
  },
  {
    "docID": "N047 Zhao 2011 21855577",
    "et": "SpinalWhiteMatter",
    "off": 9914,
    "sff": "spinal"
  },
  {
    "docID": "N047 Zhao 2011 21855577",
    "et": "SpinalWhiteMatter",
    "off": 47675,
    "sff": "spinal"
  },
  {
    "docID": "N047 Zhao 2011 21855577",
    "et": "SpinalWhiteMatter",
    "off": 30879,
    "sff": "white matter"
  },
  {
    "docID": "N047 Zhao 2011 21855577",
    "et": "SpinalWhiteMatter",
    "off": 50351,
    "sff": "Spinal"
  },
  {
    "docID": "N047 Zhao 2011 21855577",
    "et": "SpinalWhiteMatter",
    "off": 51764,
    "sff": "spinal"
  },
  {
    "docID": "N047 Zhao 2011 21855577",
    "et": "SpinalWhiteMatter",
    "off": 32055,
    "sff": "spinal"
  },
  {
    "docID": "N047 Zhao 2011 21855577",
    "et": "SpinalWhiteMatter",
    "off": 51382,
    "sff": "spinal"
  },
  {
    "docID": "N047 Zhao 2011 21855577",
    "et": "SpinalWhiteMatter",
    "off": 29359,
    "sff": "White"
  },
  {
    "docID": "N047 Zhao 2011 21855577",
    "et": "SpinalWhiteMatter",
    "off": 37955,
    "sff": "white"
  },
  {
    "docID": "N047 Zhao 2011 21855577",
    "et": "SpinalWhiteMatter",
    "off": 18220,
    "sff": "spinal"
  },
  {
    "docID": "N047 Zhao 2011 21855577",
    "et": "SpinalWhiteMatter",
    "off": 1711,
    "sff": "spinal"
  },
  {
    "docID": "N047 Zhao 2011 21855577",
    "et": "SpinalWhiteMatter",
    "off": 31156,
    "sff": "Spinal"
  },
  {
    "docID": "N047 Zhao 2011 21855577",
    "et": "SpinalWhiteMatter",
    "off": 51246,
    "sff": "spinal"
  },
  {
    "docID": "N047 Zhao 2011 21855577",
    "et": "SpinalWhiteMatter",
    "off": 30879,
    "sff": "white"
  },
  {
    "docID": "N047 Zhao 2011 21855577",
    "et": "SpinalWhiteMatter",
    "off": 39464,
    "sff": "spinal"
  },
  {
    "docID": "N047 Zhao 2011 21855577",
    "et": "SpinalWhiteMatter",
    "off": 28843,
    "sff": "spinal"
  },
  {
    "docID": "N047 Zhao 2011 21855577",
    "et": "SpinalWhiteMatter",
    "off": 41245,
    "sff": "white"
  },
  {
    "docID": "N047 Zhao 2011 21855577",
    "et": "SpinalWhiteMatter",
    "off": 31905,
    "sff": "spinal"
  },
  {
    "docID": "N047 Zhao 2011 21855577",
    "et": "SpinalWhiteMatter",
    "off": 32357,
    "sff": "white matter"
  },
  {
    "docID": "N047 Zhao 2011 21855577",
    "et": "SpinalWhiteMatter",
    "off": 47267,
    "sff": "spinal"
  },
  {
    "docID": "N047 Zhao 2011 21855577",
    "et": "SpinalWhiteMatter",
    "off": 30107,
    "sff": "spinal"
  },
  {
    "docID": "N047 Zhao 2011 21855577",
    "et": "SpinalWhiteMatter",
    "off": 32591,
    "sff": "Spinal"
  },
  {
    "docID": "N047 Zhao 2011 21855577",
    "et": "SpinalWhiteMatter",
    "off": 20685,
    "sff": "Spinal"
  },
  {
    "docID": "N047 Zhao 2011 21855577",
    "et": "SpinalWhiteMatter",
    "off": 54140,
    "sff": "white matter"
  },
  {
    "docID": "N047 Zhao 2011 21855577",
    "et": "SpinalWhiteMatter",
    "off": 8743,
    "sff": "white"
  },
  {
    "docID": "N047 Zhao 2011 21855577",
    "et": "SpinalWhiteMatter",
    "off": 32403,
    "sff": "spinal"
  },
  {
    "docID": "N047 Zhao 2011 21855577",
    "et": "SpinalWhiteMatter",
    "off": 2451,
    "sff": "spinal"
  },
  {
    "docID": "N047 Zhao 2011 21855577",
    "et": "SpinalWhiteMatter",
    "off": 47375,
    "sff": "spinal"
  },
  {
    "docID": "N047 Zhao 2011 21855577",
    "et": "SpinalWhiteMatter",
    "off": 54140,
    "sff": "white"
  },
  {
    "docID": "N047 Zhao 2011 21855577",
    "et": "SpinalWhiteMatter",
    "off": 52485,
    "sff": "spinal"
  },
  {
    "docID": "N047 Zhao 2011 21855577",
    "et": "SpinalWhiteMatter",
    "off": 52994,
    "sff": "spinal"
  },
  {
    "docID": "N047 Zhao 2011 21855577",
    "et": "SpinalWhiteMatter",
    "off": 8700,
    "sff": "spinal"
  },
  {
    "docID": "N047 Zhao 2011 21855577",
    "et": "SpinalWhiteMatter",
    "off": 18047,
    "sff": "spinal"
  },
  {
    "docID": "N047 Zhao 2011 21855577",
    "et": "SpinalWhiteMatter",
    "off": 44159,
    "sff": "spinal"
  },
  {
    "docID": "N047 Zhao 2011 21855577",
    "et": "SpinalWhiteMatter",
    "off": 37955,
    "sff": "white matter"
  },
  {
    "docID": "N047 Zhao 2011 21855577",
    "et": "SpinalWhiteMatter",
    "off": 39806,
    "sff": "spinal"
  },
  {
    "docID": "N047 Zhao 2011 21855577",
    "et": "SpinalWhiteMatter",
    "off": 18296,
    "sff": "spinal"
  },
  {
    "docID": "N047 Zhao 2011 21855577",
    "et": "SpinalWhiteMatter",
    "off": 6522,
    "sff": "spinal"
  },
  {
    "docID": "N047 Zhao 2011 21855577",
    "et": "SpinalWhiteMatter",
    "off": 30577,
    "sff": "Spinal"
  },
  {
    "docID": "N047 Zhao 2011 21855577",
    "et": "SpinalWhiteMatter",
    "off": 27917,
    "sff": "white"
  },
  {
    "docID": "N047 Zhao 2011 21855577",
    "et": "SpinalWhiteMatter",
    "off": 1389,
    "sff": "Spinal"
  },
  {
    "docID": "N047 Zhao 2011 21855577",
    "et": "SpinalWhiteMatter",
    "off": 4087,
    "sff": "spinal"
  },
  {
    "docID": "N047 Zhao 2011 21855577",
    "et": "SpinalWhiteMatter",
    "off": 29942,
    "sff": "spinal"
  },
  {
    "docID": "N047 Zhao 2011 21855577",
    "et": "SpinalWhiteMatter",
    "off": 20336,
    "sff": "spinal"
  },
  {
    "docID": "N047 Zhao 2011 21855577",
    "et": "SpinalWhiteMatter",
    "off": 27351,
    "sff": "white matter"
  },
  {
    "docID": "N047 Zhao 2011 21855577",
    "et": "SpinalWhiteMatter",
    "off": 22636,
    "sff": "spinal"
  },
  {
    "docID": "N047 Zhao 2011 21855577",
    "et": "SpinalWhiteMatter",
    "off": 39919,
    "sff": "spinal"
  },
  {
    "docID": "N047 Zhao 2011 21855577",
    "et": "SpinalWhiteMatter",
    "off": 50036,
    "sff": "Spinal"
  },
  {
    "docID": "N047 Zhao 2011 21855577",
    "et": "SpinalFiberTract",
    "off": 47578,
    "sff": "spinal"
  },
  {
    "docID": "N047 Zhao 2011 21855577",
    "et": "SpinalFiberTract",
    "off": 5332,
    "sff": "spinal"
  },
  {
    "docID": "N047 Zhao 2011 21855577",
    "et": "SpinalFiberTract",
    "off": 20567,
    "sff": "spinal"
  },
  {
    "docID": "N047 Zhao 2011 21855577",
    "et": "SpinalFiberTract",
    "off": 51549,
    "sff": "spinal"
  },
  {
    "docID": "N047 Zhao 2011 21855577",
    "et": "SpinalFiberTract",
    "off": 48197,
    "sff": "spinal"
  },
  {
    "docID": "N047 Zhao 2011 21855577",
    "et": "SpinalFiberTract",
    "off": 41502,
    "sff": "Spinal"
  },
  {
    "docID": "N047 Zhao 2011 21855577",
    "et": "SpinalFiberTract",
    "off": 7111,
    "sff": "spinal"
  },
  {
    "docID": "N047 Zhao 2011 21855577",
    "et": "SpinalFiberTract",
    "off": 41670,
    "sff": "spinal"
  },
  {
    "docID": "N047 Zhao 2011 21855577",
    "et": "SpinalFiberTract",
    "off": 42706,
    "sff": "spinal"
  },
  {
    "docID": "N047 Zhao 2011 21855577",
    "et": "SpinalFiberTract",
    "off": 5452,
    "sff": "spinal"
  },
  {
    "docID": "N047 Zhao 2011 21855577",
    "et": "SpinalFiberTract",
    "off": 9677,
    "sff": "spinal"
  },
  {
    "docID": "N047 Zhao 2011 21855577",
    "et": "SpinalFiberTract",
    "off": 52300,
    "sff": "spinal"
  },
  {
    "docID": "N047 Zhao 2011 21855577",
    "et": "SpinalFiberTract",
    "off": 41551,
    "sff": "spinal"
  },
  {
    "docID": "N047 Zhao 2011 21855577",
    "et": "SpinalFiberTract",
    "off": 32184,
    "sff": "spinal"
  },
  {
    "docID": "N047 Zhao 2011 21855577",
    "et": "SpinalFiberTract",
    "off": 47675,
    "sff": "spinal"
  },
  {
    "docID": "N047 Zhao 2011 21855577",
    "et": "SpinalFiberTract",
    "off": 9914,
    "sff": "spinal"
  },
  {
    "docID": "N047 Zhao 2011 21855577",
    "et": "SpinalFiberTract",
    "off": 51764,
    "sff": "spinal"
  },
  {
    "docID": "N047 Zhao 2011 21855577",
    "et": "SpinalFiberTract",
    "off": 32055,
    "sff": "spinal"
  },
  {
    "docID": "N047 Zhao 2011 21855577",
    "et": "SpinalFiberTract",
    "off": 51382,
    "sff": "spinal"
  },
  {
    "docID": "N047 Zhao 2011 21855577",
    "et": "SpinalFiberTract",
    "off": 17578,
    "sff": "Spinal"
  },
  {
    "docID": "N047 Zhao 2011 21855577",
    "et": "SpinalFiberTract",
    "off": 17602,
    "sff": "spinal"
  },
  {
    "docID": "N047 Zhao 2011 21855577",
    "et": "SpinalFiberTract",
    "off": 18626,
    "sff": "spinal"
  },
  {
    "docID": "N047 Zhao 2011 21855577",
    "et": "SpinalFiberTract",
    "off": 30910,
    "sff": "spinal"
  },
  {
    "docID": "N047 Zhao 2011 21855577",
    "et": "SpinalFiberTract",
    "off": 41277,
    "sff": "fiber"
  },
  {
    "docID": "N047 Zhao 2011 21855577",
    "et": "SpinalFiberTract",
    "off": 39464,
    "sff": "spinal"
  },
  {
    "docID": "N047 Zhao 2011 21855577",
    "et": "SpinalFiberTract",
    "off": 28843,
    "sff": "spinal"
  },
  {
    "docID": "N047 Zhao 2011 21855577",
    "et": "SpinalFiberTract",
    "off": 50351,
    "sff": "Spinal"
  },
  {
    "docID": "N047 Zhao 2011 21855577",
    "et": "SpinalFiberTract",
    "off": 18220,
    "sff": "spinal"
  },
  {
    "docID": "N047 Zhao 2011 21855577",
    "et": "SpinalFiberTract",
    "off": 1711,
    "sff": "spinal"
  },
  {
    "docID": "N047 Zhao 2011 21855577",
    "et": "SpinalFiberTract",
    "off": 31156,
    "sff": "Spinal"
  },
  {
    "docID": "N047 Zhao 2011 21855577",
    "et": "SpinalFiberTract",
    "off": 51246,
    "sff": "spinal"
  },
  {
    "docID": "N047 Zhao 2011 21855577",
    "et": "SpinalFiberTract",
    "off": 30107,
    "sff": "spinal"
  },
  {
    "docID": "N047 Zhao 2011 21855577",
    "et": "SpinalFiberTract",
    "off": 32591,
    "sff": "Spinal"
  },
  {
    "docID": "N047 Zhao 2011 21855577",
    "et": "SpinalFiberTract",
    "off": 20685,
    "sff": "Spinal"
  },
  {
    "docID": "N047 Zhao 2011 21855577",
    "et": "SpinalFiberTract",
    "off": 31905,
    "sff": "spinal"
  },
  {
    "docID": "N047 Zhao 2011 21855577",
    "et": "SpinalFiberTract",
    "off": 47267,
    "sff": "spinal"
  },
  {
    "docID": "N047 Zhao 2011 21855577",
    "et": "SpinalFiberTract",
    "off": 52485,
    "sff": "spinal"
  },
  {
    "docID": "N047 Zhao 2011 21855577",
    "et": "SpinalFiberTract",
    "off": 32403,
    "sff": "spinal"
  },
  {
    "docID": "N047 Zhao 2011 21855577",
    "et": "SpinalFiberTract",
    "off": 2451,
    "sff": "spinal"
  },
  {
    "docID": "N047 Zhao 2011 21855577",
    "et": "SpinalFiberTract",
    "off": 47375,
    "sff": "spinal"
  },
  {
    "docID": "N047 Zhao 2011 21855577",
    "et": "SpinalFiberTract",
    "off": 50036,
    "sff": "Spinal"
  },
  {
    "docID": "N047 Zhao 2011 21855577",
    "et": "SpinalFiberTract",
    "off": 18296,
    "sff": "spinal"
  },
  {
    "docID": "N047 Zhao 2011 21855577",
    "et": "SpinalFiberTract",
    "off": 6522,
    "sff": "spinal"
  },
  {
    "docID": "N047 Zhao 2011 21855577",
    "et": "SpinalFiberTract",
    "off": 30577,
    "sff": "Spinal"
  },
  {
    "docID": "N047 Zhao 2011 21855577",
    "et": "SpinalFiberTract",
    "off": 1389,
    "sff": "Spinal"
  },
  {
    "docID": "N047 Zhao 2011 21855577",
    "et": "SpinalFiberTract",
    "off": 4087,
    "sff": "spinal"
  },
  {
    "docID": "N047 Zhao 2011 21855577",
    "et": "SpinalFiberTract",
    "off": 29942,
    "sff": "spinal"
  },
  {
    "docID": "N047 Zhao 2011 21855577",
    "et": "SpinalFiberTract",
    "off": 52994,
    "sff": "spinal"
  },
  {
    "docID": "N047 Zhao 2011 21855577",
    "et": "SpinalFiberTract",
    "off": 8700,
    "sff": "spinal"
  },
  {
    "docID": "N047 Zhao 2011 21855577",
    "et": "SpinalFiberTract",
    "off": 18047,
    "sff": "spinal"
  },
  {
    "docID": "N047 Zhao 2011 21855577",
    "et": "SpinalFiberTract",
    "off": 44159,
    "sff": "spinal"
  },
  {
    "docID": "N047 Zhao 2011 21855577",
    "et": "SpinalFiberTract",
    "off": 39806,
    "sff": "spinal"
  },
  {
    "docID": "N047 Zhao 2011 21855577",
    "et": "SpinalFiberTract",
    "off": 44394,
    "sff": "spinal"
  },
  {
    "docID": "N047 Zhao 2011 21855577",
    "et": "SpinalFiberTract",
    "off": 20336,
    "sff": "spinal"
  },
  {
    "docID": "N047 Zhao 2011 21855577",
    "et": "SpinalFiberTract",
    "off": 22636,
    "sff": "spinal"
  },
  {
    "docID": "N047 Zhao 2011 21855577",
    "et": "SpinalFiberTract",
    "off": 39919,
    "sff": "spinal"
  },
  {
    "docID": "N047 Zhao 2011 21855577",
    "et": "DeliveryMethod",
    "off": 43283,
    "sff": "delivery"
  },
  {
    "docID": "N047 Zhao 2011 21855577",
    "et": "DeliveryMethod",
    "off": 48579,
    "sff": "delivery"
  },
  {
    "docID": "N047 Zhao 2011 21855577",
    "et": "DeliveryMethod",
    "off": 48692,
    "sff": "delivery"
  },
  {
    "docID": "N047 Zhao 2011 21855577",
    "et": "DeliveryMethod",
    "off": 43153,
    "sff": "delivery"
  },
  {
    "docID": "N047 Zhao 2011 21855577",
    "et": "DeliveryMethod",
    "off": 1539,
    "sff": "delivery"
  },
  {
    "docID": "N047 Zhao 2011 21855577",
    "et": "DeliveryMethod",
    "off": 54103,
    "sff": "delivery"
  },
  {
    "docID": "N047 Zhao 2011 21855577",
    "et": "DeliveryMethod",
    "off": 3880,
    "sff": "delivery"
  },
  {
    "docID": "N047 Zhao 2011 21855577",
    "et": "DeliveryMethod",
    "off": 6775,
    "sff": "delivery"
  },
  {
    "docID": "N047 Zhao 2011 21855577",
    "et": "DeliveryMethod",
    "off": 52902,
    "sff": "delivery"
  },
  {
    "docID": "N047 Zhao 2011 21855577",
    "et": "DeliveryMethod",
    "off": 5708,
    "sff": "Delivery"
  },
  {
    "docID": "N047 Zhao 2011 21855577",
    "et": "DeliveryMethod",
    "off": 6698,
    "sff": "delivery"
  },
  {
    "docID": "N047 Zhao 2011 21855577",
    "et": "DeliveryMethod",
    "off": 53514,
    "sff": "delivery"
  },
  {
    "docID": "N047 Zhao 2011 21855577",
    "et": "SpinalDorsalHalf",
    "off": 20685,
    "sff": "Spinal"
  },
  {
    "docID": "N047 Zhao 2011 21855577",
    "et": "SpinalDorsalHalf",
    "off": 32403,
    "sff": "spinal"
  },
  {
    "docID": "N047 Zhao 2011 21855577",
    "et": "SpinalDorsalHalf",
    "off": 47375,
    "sff": "spinal"
  },
  {
    "docID": "N047 Zhao 2011 21855577",
    "et": "SpinalDorsalHalf",
    "off": 2451,
    "sff": "spinal"
  },
  {
    "docID": "N047 Zhao 2011 21855577",
    "et": "SpinalDorsalHalf",
    "off": 32591,
    "sff": "Spinal"
  },
  {
    "docID": "N047 Zhao 2011 21855577",
    "et": "SpinalDorsalHalf",
    "off": 17986,
    "sff": "dorsal"
  },
  {
    "docID": "N047 Zhao 2011 21855577",
    "et": "SpinalDorsalHalf",
    "off": 47267,
    "sff": "spinal"
  },
  {
    "docID": "N047 Zhao 2011 21855577",
    "et": "SpinalDorsalHalf",
    "off": 31905,
    "sff": "spinal"
  },
  {
    "docID": "N047 Zhao 2011 21855577",
    "et": "SpinalDorsalHalf",
    "off": 30107,
    "sff": "spinal"
  },
  {
    "docID": "N047 Zhao 2011 21855577",
    "et": "SpinalDorsalHalf",
    "off": 1389,
    "sff": "Spinal"
  },
  {
    "docID": "N047 Zhao 2011 21855577",
    "et": "SpinalDorsalHalf",
    "off": 20336,
    "sff": "spinal"
  },
  {
    "docID": "N047 Zhao 2011 21855577",
    "et": "SpinalDorsalHalf",
    "off": 39919,
    "sff": "spinal"
  },
  {
    "docID": "N047 Zhao 2011 21855577",
    "et": "SpinalDorsalHalf",
    "off": 44394,
    "sff": "spinal"
  },
  {
    "docID": "N047 Zhao 2011 21855577",
    "et": "SpinalDorsalHalf",
    "off": 50036,
    "sff": "Spinal"
  },
  {
    "docID": "N047 Zhao 2011 21855577",
    "et": "SpinalDorsalHalf",
    "off": 30139,
    "sff": "dorsal"
  },
  {
    "docID": "N047 Zhao 2011 21855577",
    "et": "SpinalDorsalHalf",
    "off": 22636,
    "sff": "spinal"
  },
  {
    "docID": "N047 Zhao 2011 21855577",
    "et": "SpinalDorsalHalf",
    "off": 30577,
    "sff": "Spinal"
  },
  {
    "docID": "N047 Zhao 2011 21855577",
    "et": "SpinalDorsalHalf",
    "off": 52994,
    "sff": "spinal"
  },
  {
    "docID": "N047 Zhao 2011 21855577",
    "et": "SpinalDorsalHalf",
    "off": 18047,
    "sff": "spinal"
  },
  {
    "docID": "N047 Zhao 2011 21855577",
    "et": "SpinalDorsalHalf",
    "off": 52485,
    "sff": "spinal"
  },
  {
    "docID": "N047 Zhao 2011 21855577",
    "et": "SpinalDorsalHalf",
    "off": 39806,
    "sff": "spinal"
  },
  {
    "docID": "N047 Zhao 2011 21855577",
    "et": "SpinalDorsalHalf",
    "off": 39966,
    "sff": "dorsal"
  },
  {
    "docID": "N047 Zhao 2011 21855577",
    "et": "SpinalDorsalHalf",
    "off": 44159,
    "sff": "spinal"
  },
  {
    "docID": "N047 Zhao 2011 21855577",
    "et": "SpinalDorsalHalf",
    "off": 18296,
    "sff": "spinal"
  },
  {
    "docID": "N047 Zhao 2011 21855577",
    "et": "SpinalDorsalHalf",
    "off": 4087,
    "sff": "spinal"
  },
  {
    "docID": "N047 Zhao 2011 21855577",
    "et": "SpinalDorsalHalf",
    "off": 29942,
    "sff": "spinal"
  },
  {
    "docID": "N047 Zhao 2011 21855577",
    "et": "SpinalDorsalHalf",
    "off": 44710,
    "sff": "dorsal"
  },
  {
    "docID": "N047 Zhao 2011 21855577",
    "et": "SpinalDorsalHalf",
    "off": 8700,
    "sff": "spinal"
  },
  {
    "docID": "N047 Zhao 2011 21855577",
    "et": "SpinalDorsalHalf",
    "off": 6522,
    "sff": "spinal"
  },
  {
    "docID": "N047 Zhao 2011 21855577",
    "et": "SpinalDorsalHalf",
    "off": 42706,
    "sff": "spinal"
  },
  {
    "docID": "N047 Zhao 2011 21855577",
    "et": "SpinalDorsalHalf",
    "off": 5332,
    "sff": "spinal"
  },
  {
    "docID": "N047 Zhao 2011 21855577",
    "et": "SpinalDorsalHalf",
    "off": 41551,
    "sff": "spinal"
  },
  {
    "docID": "N047 Zhao 2011 21855577",
    "et": "SpinalDorsalHalf",
    "off": 8729,
    "sff": "dorsal"
  },
  {
    "docID": "N047 Zhao 2011 21855577",
    "et": "SpinalDorsalHalf",
    "off": 7111,
    "sff": "spinal"
  },
  {
    "docID": "N047 Zhao 2011 21855577",
    "et": "SpinalDorsalHalf",
    "off": 52300,
    "sff": "spinal"
  },
  {
    "docID": "N047 Zhao 2011 21855577",
    "et": "SpinalDorsalHalf",
    "off": 9677,
    "sff": "spinal"
  },
  {
    "docID": "N047 Zhao 2011 21855577",
    "et": "SpinalDorsalHalf",
    "off": 41670,
    "sff": "spinal"
  },
  {
    "docID": "N047 Zhao 2011 21855577",
    "et": "SpinalDorsalHalf",
    "off": 5452,
    "sff": "spinal"
  },
  {
    "docID": "N047 Zhao 2011 21855577",
    "et": "SpinalDorsalHalf",
    "off": 17790,
    "sff": "dorsal"
  },
  {
    "docID": "N047 Zhao 2011 21855577",
    "et": "SpinalDorsalHalf",
    "off": 47578,
    "sff": "spinal"
  },
  {
    "docID": "N047 Zhao 2011 21855577",
    "et": "SpinalDorsalHalf",
    "off": 20567,
    "sff": "spinal"
  },
  {
    "docID": "N047 Zhao 2011 21855577",
    "et": "SpinalDorsalHalf",
    "off": 40329,
    "sff": "dorsal"
  },
  {
    "docID": "N047 Zhao 2011 21855577",
    "et": "SpinalDorsalHalf",
    "off": 51549,
    "sff": "spinal"
  },
  {
    "docID": "N047 Zhao 2011 21855577",
    "et": "SpinalDorsalHalf",
    "off": 41502,
    "sff": "Spinal"
  },
  {
    "docID": "N047 Zhao 2011 21855577",
    "et": "SpinalDorsalHalf",
    "off": 1711,
    "sff": "spinal"
  },
  {
    "docID": "N047 Zhao 2011 21855577",
    "et": "SpinalDorsalHalf",
    "off": 17578,
    "sff": "Spinal"
  },
  {
    "docID": "N047 Zhao 2011 21855577",
    "et": "SpinalDorsalHalf",
    "off": 51764,
    "sff": "spinal"
  },
  {
    "docID": "N047 Zhao 2011 21855577",
    "et": "SpinalDorsalHalf",
    "off": 51246,
    "sff": "spinal"
  },
  {
    "docID": "N047 Zhao 2011 21855577",
    "et": "SpinalDorsalHalf",
    "off": 41965,
    "sff": "dorsal"
  },
  {
    "docID": "N047 Zhao 2011 21855577",
    "et": "SpinalDorsalHalf",
    "off": 31156,
    "sff": "Spinal"
  },
  {
    "docID": "N047 Zhao 2011 21855577",
    "et": "SpinalDorsalHalf",
    "off": 28843,
    "sff": "spinal"
  },
  {
    "docID": "N047 Zhao 2011 21855577",
    "et": "SpinalDorsalHalf",
    "off": 18220,
    "sff": "spinal"
  },
  {
    "docID": "N047 Zhao 2011 21855577",
    "et": "SpinalDorsalHalf",
    "off": 39464,
    "sff": "spinal"
  },
  {
    "docID": "N047 Zhao 2011 21855577",
    "et": "SpinalDorsalHalf",
    "off": 50351,
    "sff": "Spinal"
  },
  {
    "docID": "N047 Zhao 2011 21855577",
    "et": "SpinalDorsalHalf",
    "off": 48197,
    "sff": "spinal"
  },
  {
    "docID": "N047 Zhao 2011 21855577",
    "et": "SpinalDorsalHalf",
    "off": 30910,
    "sff": "spinal"
  },
  {
    "docID": "N047 Zhao 2011 21855577",
    "et": "SpinalDorsalHalf",
    "off": 17602,
    "sff": "spinal"
  },
  {
    "docID": "N047 Zhao 2011 21855577",
    "et": "SpinalDorsalHalf",
    "off": 18626,
    "sff": "spinal"
  },
  {
    "docID": "N047 Zhao 2011 21855577",
    "et": "SpinalDorsalHalf",
    "off": 47675,
    "sff": "spinal"
  },
  {
    "docID": "N047 Zhao 2011 21855577",
    "et": "SpinalDorsalHalf",
    "off": 51382,
    "sff": "spinal"
  },
  {
    "docID": "N047 Zhao 2011 21855577",
    "et": "SpinalDorsalHalf",
    "off": 32055,
    "sff": "spinal"
  },
  {
    "docID": "N047 Zhao 2011 21855577",
    "et": "SpinalDorsalHalf",
    "off": 32184,
    "sff": "spinal"
  },
  {
    "docID": "N047 Zhao 2011 21855577",
    "et": "SpinalDorsalHalf",
    "off": 9914,
    "sff": "spinal"
  },
  {
    "docID": "N047 Zhao 2011 21855577",
    "et": "SpinalVentralHalf",
    "off": 52485,
    "sff": "spinal"
  },
  {
    "docID": "N047 Zhao 2011 21855577",
    "et": "SpinalVentralHalf",
    "off": 52994,
    "sff": "spinal"
  },
  {
    "docID": "N047 Zhao 2011 21855577",
    "et": "SpinalVentralHalf",
    "off": 44159,
    "sff": "spinal"
  },
  {
    "docID": "N047 Zhao 2011 21855577",
    "et": "SpinalVentralHalf",
    "off": 18047,
    "sff": "spinal"
  },
  {
    "docID": "N047 Zhao 2011 21855577",
    "et": "SpinalVentralHalf",
    "off": 39806,
    "sff": "spinal"
  },
  {
    "docID": "N047 Zhao 2011 21855577",
    "et": "SpinalVentralHalf",
    "off": 30107,
    "sff": "spinal"
  },
  {
    "docID": "N047 Zhao 2011 21855577",
    "et": "SpinalVentralHalf",
    "off": 20685,
    "sff": "Spinal"
  },
  {
    "docID": "N047 Zhao 2011 21855577",
    "et": "SpinalVentralHalf",
    "off": 32591,
    "sff": "Spinal"
  },
  {
    "docID": "N047 Zhao 2011 21855577",
    "et": "SpinalVentralHalf",
    "off": 2451,
    "sff": "spinal"
  },
  {
    "docID": "N047 Zhao 2011 21855577",
    "et": "SpinalVentralHalf",
    "off": 32403,
    "sff": "spinal"
  },
  {
    "docID": "N047 Zhao 2011 21855577",
    "et": "SpinalVentralHalf",
    "off": 47375,
    "sff": "spinal"
  },
  {
    "docID": "N047 Zhao 2011 21855577",
    "et": "SpinalVentralHalf",
    "off": 22636,
    "sff": "spinal"
  },
  {
    "docID": "N047 Zhao 2011 21855577",
    "et": "SpinalVentralHalf",
    "off": 44394,
    "sff": "spinal"
  },
  {
    "docID": "N047 Zhao 2011 21855577",
    "et": "SpinalVentralHalf",
    "off": 51549,
    "sff": "spinal"
  },
  {
    "docID": "N047 Zhao 2011 21855577",
    "et": "SpinalVentralHalf",
    "off": 6522,
    "sff": "spinal"
  },
  {
    "docID": "N047 Zhao 2011 21855577",
    "et": "SpinalVentralHalf",
    "off": 8700,
    "sff": "spinal"
  },
  {
    "docID": "N047 Zhao 2011 21855577",
    "et": "SpinalVentralHalf",
    "off": 29942,
    "sff": "spinal"
  },
  {
    "docID": "N047 Zhao 2011 21855577",
    "et": "SpinalVentralHalf",
    "off": 18296,
    "sff": "spinal"
  },
  {
    "docID": "N047 Zhao 2011 21855577",
    "et": "SpinalVentralHalf",
    "off": 1389,
    "sff": "Spinal"
  },
  {
    "docID": "N047 Zhao 2011 21855577",
    "et": "SpinalVentralHalf",
    "off": 4087,
    "sff": "spinal"
  },
  {
    "docID": "N047 Zhao 2011 21855577",
    "et": "SpinalVentralHalf",
    "off": 30577,
    "sff": "Spinal"
  },
  {
    "docID": "N047 Zhao 2011 21855577",
    "et": "SpinalVentralHalf",
    "off": 39919,
    "sff": "spinal"
  },
  {
    "docID": "N047 Zhao 2011 21855577",
    "et": "SpinalVentralHalf",
    "off": 20336,
    "sff": "spinal"
  },
  {
    "docID": "N047 Zhao 2011 21855577",
    "et": "SpinalVentralHalf",
    "off": 50036,
    "sff": "Spinal"
  },
  {
    "docID": "N047 Zhao 2011 21855577",
    "et": "SpinalVentralHalf",
    "off": 52300,
    "sff": "spinal"
  },
  {
    "docID": "N047 Zhao 2011 21855577",
    "et": "SpinalVentralHalf",
    "off": 5452,
    "sff": "spinal"
  },
  {
    "docID": "N047 Zhao 2011 21855577",
    "et": "SpinalVentralHalf",
    "off": 48197,
    "sff": "spinal"
  },
  {
    "docID": "N047 Zhao 2011 21855577",
    "et": "SpinalVentralHalf",
    "off": 7111,
    "sff": "spinal"
  },
  {
    "docID": "N047 Zhao 2011 21855577",
    "et": "SpinalVentralHalf",
    "off": 41670,
    "sff": "spinal"
  },
  {
    "docID": "N047 Zhao 2011 21855577",
    "et": "SpinalVentralHalf",
    "off": 17602,
    "sff": "spinal"
  },
  {
    "docID": "N047 Zhao 2011 21855577",
    "et": "SpinalVentralHalf",
    "off": 18626,
    "sff": "spinal"
  },
  {
    "docID": "N047 Zhao 2011 21855577",
    "et": "SpinalVentralHalf",
    "off": 30910,
    "sff": "spinal"
  },
  {
    "docID": "N047 Zhao 2011 21855577",
    "et": "SpinalVentralHalf",
    "off": 47578,
    "sff": "spinal"
  },
  {
    "docID": "N047 Zhao 2011 21855577",
    "et": "SpinalVentralHalf",
    "off": 20567,
    "sff": "spinal"
  },
  {
    "docID": "N047 Zhao 2011 21855577",
    "et": "SpinalVentralHalf",
    "off": 5332,
    "sff": "spinal"
  },
  {
    "docID": "N047 Zhao 2011 21855577",
    "et": "SpinalVentralHalf",
    "off": 42706,
    "sff": "spinal"
  },
  {
    "docID": "N047 Zhao 2011 21855577",
    "et": "SpinalVentralHalf",
    "off": 41551,
    "sff": "spinal"
  },
  {
    "docID": "N047 Zhao 2011 21855577",
    "et": "SpinalVentralHalf",
    "off": 9677,
    "sff": "spinal"
  },
  {
    "docID": "N047 Zhao 2011 21855577",
    "et": "SpinalVentralHalf",
    "off": 18220,
    "sff": "spinal"
  },
  {
    "docID": "N047 Zhao 2011 21855577",
    "et": "SpinalVentralHalf",
    "off": 28843,
    "sff": "spinal"
  },
  {
    "docID": "N047 Zhao 2011 21855577",
    "et": "SpinalVentralHalf",
    "off": 17578,
    "sff": "Spinal"
  },
  {
    "docID": "N047 Zhao 2011 21855577",
    "et": "SpinalVentralHalf",
    "off": 39464,
    "sff": "spinal"
  },
  {
    "docID": "N047 Zhao 2011 21855577",
    "et": "SpinalVentralHalf",
    "off": 47267,
    "sff": "spinal"
  },
  {
    "docID": "N047 Zhao 2011 21855577",
    "et": "SpinalVentralHalf",
    "off": 31905,
    "sff": "spinal"
  },
  {
    "docID": "N047 Zhao 2011 21855577",
    "et": "SpinalVentralHalf",
    "off": 41502,
    "sff": "Spinal"
  },
  {
    "docID": "N047 Zhao 2011 21855577",
    "et": "SpinalVentralHalf",
    "off": 9914,
    "sff": "spinal"
  },
  {
    "docID": "N047 Zhao 2011 21855577",
    "et": "SpinalVentralHalf",
    "off": 47675,
    "sff": "spinal"
  },
  {
    "docID": "N047 Zhao 2011 21855577",
    "et": "SpinalVentralHalf",
    "off": 32184,
    "sff": "spinal"
  },
  {
    "docID": "N047 Zhao 2011 21855577",
    "et": "SpinalVentralHalf",
    "off": 32055,
    "sff": "spinal"
  },
  {
    "docID": "N047 Zhao 2011 21855577",
    "et": "SpinalVentralHalf",
    "off": 51382,
    "sff": "spinal"
  },
  {
    "docID": "N047 Zhao 2011 21855577",
    "et": "SpinalVentralHalf",
    "off": 51764,
    "sff": "spinal"
  },
  {
    "docID": "N047 Zhao 2011 21855577",
    "et": "SpinalVentralHalf",
    "off": 50351,
    "sff": "Spinal"
  },
  {
    "docID": "N047 Zhao 2011 21855577",
    "et": "SpinalVentralHalf",
    "off": 1711,
    "sff": "spinal"
  },
  {
    "docID": "N047 Zhao 2011 21855577",
    "et": "SpinalVentralHalf",
    "off": 31156,
    "sff": "Spinal"
  },
  {
    "docID": "N047 Zhao 2011 21855577",
    "et": "SpinalVentralHalf",
    "off": 51246,
    "sff": "spinal"
  },
  {
    "docID": "N047 Zhao 2011 21855577",
    "et": "SpinalCord",
    "off": 8700,
    "sff": "spinal cord"
  },
  {
    "docID": "N047 Zhao 2011 21855577",
    "et": "SpinalCord",
    "off": 6522,
    "sff": "spinal cord"
  },
  {
    "docID": "N047 Zhao 2011 21855577",
    "et": "SpinalCord",
    "off": 52994,
    "sff": "spinal cord"
  },
  {
    "docID": "N047 Zhao 2011 21855577",
    "et": "SpinalCord",
    "off": 18296,
    "sff": "spinal cord"
  },
  {
    "docID": "N047 Zhao 2011 21855577",
    "et": "SpinalCord",
    "off": 29942,
    "sff": "spinal cord"
  },
  {
    "docID": "N047 Zhao 2011 21855577",
    "et": "SpinalCord",
    "off": 52485,
    "sff": "spinal cord"
  },
  {
    "docID": "N047 Zhao 2011 21855577",
    "et": "SpinalCord",
    "off": 51549,
    "sff": "spinal"
  },
  {
    "docID": "N047 Zhao 2011 21855577",
    "et": "SpinalCord",
    "off": 18047,
    "sff": "spinal cord"
  },
  {
    "docID": "N047 Zhao 2011 21855577",
    "et": "SpinalCord",
    "off": 44159,
    "sff": "spinal cord"
  },
  {
    "docID": "N047 Zhao 2011 21855577",
    "et": "SpinalCord",
    "off": 39806,
    "sff": "spinal cord"
  },
  {
    "docID": "N047 Zhao 2011 21855577",
    "et": "SpinalCord",
    "off": 20685,
    "sff": "Spinal cord"
  },
  {
    "docID": "N047 Zhao 2011 21855577",
    "et": "SpinalCord",
    "off": 50351,
    "sff": "Spinal"
  },
  {
    "docID": "N047 Zhao 2011 21855577",
    "et": "SpinalCord",
    "off": 4087,
    "sff": "spinal"
  },
  {
    "docID": "N047 Zhao 2011 21855577",
    "et": "SpinalCord",
    "off": 2451,
    "sff": "spinal cord"
  },
  {
    "docID": "N047 Zhao 2011 21855577",
    "et": "SpinalCord",
    "off": 32403,
    "sff": "spinal cord"
  },
  {
    "docID": "N047 Zhao 2011 21855577",
    "et": "SpinalCord",
    "off": 44394,
    "sff": "spinal"
  },
  {
    "docID": "N047 Zhao 2011 21855577",
    "et": "SpinalCord",
    "off": 20336,
    "sff": "spinal"
  },
  {
    "docID": "N047 Zhao 2011 21855577",
    "et": "SpinalCord",
    "off": 32591,
    "sff": "Spinal cord"
  },
  {
    "docID": "N047 Zhao 2011 21855577",
    "et": "SpinalCord",
    "off": 30107,
    "sff": "spinal cord"
  },
  {
    "docID": "N047 Zhao 2011 21855577",
    "et": "SpinalCord",
    "off": 47267,
    "sff": "spinal cord"
  },
  {
    "docID": "N047 Zhao 2011 21855577",
    "et": "SpinalCord",
    "off": 31905,
    "sff": "spinal cord"
  },
  {
    "docID": "N047 Zhao 2011 21855577",
    "et": "SpinalCord",
    "off": 41502,
    "sff": "Spinal cord"
  },
  {
    "docID": "N047 Zhao 2011 21855577",
    "et": "SpinalCord",
    "off": 51246,
    "sff": "spinal cord"
  },
  {
    "docID": "N047 Zhao 2011 21855577",
    "et": "SpinalCord",
    "off": 18220,
    "sff": "spinal cord"
  },
  {
    "docID": "N047 Zhao 2011 21855577",
    "et": "SpinalCord",
    "off": 17578,
    "sff": "Spinal cord"
  },
  {
    "docID": "N047 Zhao 2011 21855577",
    "et": "SpinalCord",
    "off": 28843,
    "sff": "spinal cord"
  },
  {
    "docID": "N047 Zhao 2011 21855577",
    "et": "SpinalCord",
    "off": 39464,
    "sff": "spinal cord"
  },
  {
    "docID": "N047 Zhao 2011 21855577",
    "et": "SpinalCord",
    "off": 31156,
    "sff": "Spinal cord"
  },
  {
    "docID": "N047 Zhao 2011 21855577",
    "et": "SpinalCord",
    "off": 5452,
    "sff": "spinal"
  },
  {
    "docID": "N047 Zhao 2011 21855577",
    "et": "SpinalCord",
    "off": 1711,
    "sff": "spinal cord"
  },
  {
    "docID": "N047 Zhao 2011 21855577",
    "et": "SpinalCord",
    "off": 9914,
    "sff": "spinal cord"
  },
  {
    "docID": "N047 Zhao 2011 21855577",
    "et": "SpinalCord",
    "off": 32184,
    "sff": "spinal cord"
  },
  {
    "docID": "N047 Zhao 2011 21855577",
    "et": "SpinalCord",
    "off": 32055,
    "sff": "spinal cord"
  },
  {
    "docID": "N047 Zhao 2011 21855577",
    "et": "SpinalCord",
    "off": 48197,
    "sff": "spinal cord"
  },
  {
    "docID": "N047 Zhao 2011 21855577",
    "et": "SpinalCord",
    "off": 51382,
    "sff": "spinal cord"
  },
  {
    "docID": "N047 Zhao 2011 21855577",
    "et": "SpinalCord",
    "off": 17602,
    "sff": "spinal cord"
  },
  {
    "docID": "N047 Zhao 2011 21855577",
    "et": "SpinalCord",
    "off": 18626,
    "sff": "spinal cord"
  },
  {
    "docID": "N047 Zhao 2011 21855577",
    "et": "SpinalCord",
    "off": 47675,
    "sff": "spinal cord"
  },
  {
    "docID": "N047 Zhao 2011 21855577",
    "et": "SpinalCord",
    "off": 30910,
    "sff": "spinal cord"
  },
  {
    "docID": "N047 Zhao 2011 21855577",
    "et": "SpinalCord",
    "off": 9677,
    "sff": "spinal cord"
  },
  {
    "docID": "N047 Zhao 2011 21855577",
    "et": "SpinalCord",
    "off": 51764,
    "sff": "spinal"
  },
  {
    "docID": "N047 Zhao 2011 21855577",
    "et": "SpinalCord",
    "off": 7111,
    "sff": "spinal cord"
  },
  {
    "docID": "N047 Zhao 2011 21855577",
    "et": "SpinalCord",
    "off": 41670,
    "sff": "spinal cord"
  },
  {
    "docID": "N047 Zhao 2011 21855577",
    "et": "SpinalCord",
    "off": 5332,
    "sff": "spinal cord"
  },
  {
    "docID": "N047 Zhao 2011 21855577",
    "et": "SpinalCord",
    "off": 42706,
    "sff": "spinal cord"
  },
  {
    "docID": "N047 Zhao 2011 21855577",
    "et": "SpinalCord",
    "off": 41551,
    "sff": "spinal cord"
  },
  {
    "docID": "N047 Zhao 2011 21855577",
    "et": "SpinalCord",
    "off": 52300,
    "sff": "spinal cord"
  },
  {
    "docID": "N047 Zhao 2011 21855577",
    "et": "SpinalCord",
    "off": 20567,
    "sff": "spinal cord"
  },
  {
    "docID": "N047 Zhao 2011 21855577",
    "et": "SpinalCord",
    "off": 47578,
    "sff": "spinal cord"
  },
  {
    "docID": "N047 Zhao 2011 21855577",
    "et": "SpinalCord",
    "off": 1389,
    "sff": "Spinal cord"
  },
  {
    "docID": "N047 Zhao 2011 21855577",
    "et": "SpinalCord",
    "off": 22636,
    "sff": "spinal cord"
  },
  {
    "docID": "N047 Zhao 2011 21855577",
    "et": "SpinalCord",
    "off": 50036,
    "sff": "Spinal Cord"
  },
  {
    "docID": "N047 Zhao 2011 21855577",
    "et": "SpinalCord",
    "off": 30577,
    "sff": "Spinal cord"
  },
  {
    "docID": "N047 Zhao 2011 21855577",
    "et": "SpinalCord",
    "off": 39919,
    "sff": "spinal cord"
  },
  {
    "docID": "N047 Zhao 2011 21855577",
    "et": "SpinalCord",
    "off": 47375,
    "sff": "spinal"
  },
  {
    "docID": "N047 Zhao 2011 21855577",
    "et": "DorsalColumn",
    "off": 30139,
    "sff": "dorsal"
  },
  {
    "docID": "N047 Zhao 2011 21855577",
    "et": "DorsalColumn",
    "off": 39966,
    "sff": "dorsal column"
  },
  {
    "docID": "N047 Zhao 2011 21855577",
    "et": "DorsalColumn",
    "off": 41965,
    "sff": "dorsal column"
  },
  {
    "docID": "N047 Zhao 2011 21855577",
    "et": "DorsalColumn",
    "off": 17790,
    "sff": "dorsal"
  },
  {
    "docID": "N047 Zhao 2011 21855577",
    "et": "DorsalColumn",
    "off": 44710,
    "sff": "dorsal"
  },
  {
    "docID": "N047 Zhao 2011 21855577",
    "et": "DorsalColumn",
    "off": 8729,
    "sff": "dorsal column"
  },
  {
    "docID": "N047 Zhao 2011 21855577",
    "et": "DorsalColumn",
    "off": 17986,
    "sff": "dorsal"
  },
  {
    "docID": "N047 Zhao 2011 21855577",
    "et": "DorsalColumn",
    "off": 40329,
    "sff": "dorsal"
  },
  {
    "docID": "N047 Zhao 2011 21855577",
    "et": "LesionAdjacentTissue",
    "off": 40385,
    "sff": "lesion"
  },
  {
    "docID": "N047 Zhao 2011 21855577",
    "et": "LesionAdjacentTissue",
    "off": 27102,
    "sff": "adjacent"
  },
  {
    "docID": "N047 Zhao 2011 21855577",
    "et": "LesionAdjacentTissue",
    "off": 32574,
    "sff": "lesion"
  },
  {
    "docID": "N047 Zhao 2011 21855577",
    "et": "LesionAdjacentTissue",
    "off": 17590,
    "sff": "lesion"
  },
  {
    "docID": "N047 Zhao 2011 21855577",
    "et": "LesionAdjacentTissue",
    "off": 17972,
    "sff": "lesion"
  },
  {
    "docID": "N047 Zhao 2011 21855577",
    "et": "LesionAdjacentTissue",
    "off": 18232,
    "sff": "lesion"
  },
  {
    "docID": "N047 Zhao 2011 21855577",
    "et": "LesionAdjacentTissue",
    "off": 27368,
    "sff": "adjacent"
  },
  {
    "docID": "N047 Zhao 2011 21855577",
    "et": "LesionAdjacentTissue",
    "off": 30769,
    "sff": "lesion"
  },
  {
    "docID": "N047 Zhao 2011 21855577",
    "et": "LesionAdjacentTissue",
    "off": 39986,
    "sff": "lesion"
  },
  {
    "docID": "N047 Zhao 2011 21855577",
    "et": "LesionAdjacentTissue",
    "off": 21810,
    "sff": "lesion"
  },
  {
    "docID": "N047 Zhao 2011 21855577",
    "et": "LesionAdjacentTissue",
    "off": 31527,
    "sff": "lesion"
  },
  {
    "docID": "N047 Zhao 2011 21855577",
    "et": "LesionAdjacentTissue",
    "off": 42719,
    "sff": "lesion"
  },
  {
    "docID": "N047 Zhao 2011 21855577",
    "et": "LesionAdjacentTissue",
    "off": 30048,
    "sff": "lesion"
  },
  {
    "docID": "N047 Zhao 2011 21855577",
    "et": "LesionAdjacentTissue",
    "off": 32475,
    "sff": "lesion"
  },
  {
    "docID": "N047 Zhao 2011 21855577",
    "et": "LesionAdjacentTissue",
    "off": 30301,
    "sff": "lesion"
  },
  {
    "docID": "N047 Zhao 2011 21855577",
    "et": "LesionAdjacentTissue",
    "off": 2134,
    "sff": "lesion"
  },
  {
    "docID": "N047 Zhao 2011 21855577",
    "et": "LesionAdjacentTissue",
    "off": 32211,
    "sff": "lesion"
  },
  {
    "docID": "N047 Zhao 2011 21855577",
    "et": "LesionAdjacentTissue",
    "off": 31189,
    "sff": "lesion"
  },
  {
    "docID": "N047 Zhao 2011 21855577",
    "et": "LesionAdjacentTissue",
    "off": 43221,
    "sff": "lesion"
  },
  {
    "docID": "N047 Zhao 2011 21855577",
    "et": "LesionAdjacentTissue",
    "off": 42194,
    "sff": "lesion"
  },
  {
    "docID": "N047 Zhao 2011 21855577",
    "et": "LesionAdjacentTissue",
    "off": 47442,
    "sff": "lesion"
  },
  {
    "docID": "N047 Zhao 2011 21855577",
    "et": "LesionAdjacentTissue",
    "off": 47687,
    "sff": "lesion"
  },
  {
    "docID": "N047 Zhao 2011 21855577",
    "et": "LesionAdjacentTissue",
    "off": 22084,
    "sff": "lesion"
  },
  {
    "docID": "N047 Zhao 2011 21855577",
    "et": "LesionAdjacentTissue",
    "off": 30922,
    "sff": "lesion"
  },
  {
    "docID": "N047 Zhao 2011 21855577",
    "et": "LesionAdjacentTissue",
    "off": 41985,
    "sff": "lesion"
  },
  {
    "docID": "N047 Zhao 2011 21855577",
    "et": "LesionAdjacentTissue",
    "off": 29954,
    "sff": "lesion"
  },
  {
    "docID": "N047 Zhao 2011 21855577",
    "et": "LesionAdjacentTissue",
    "off": 43010,
    "sff": "lesion"
  },
  {
    "docID": "N047 Zhao 2011 21855577",
    "et": "LesionAdjacentTissue",
    "off": 18423,
    "sff": "lesion"
  },
  {
    "docID": "N047 Zhao 2011 21855577",
    "et": "LesionAdjacentTissue",
    "off": 32624,
    "sff": "lesion"
  },
  {
    "docID": "N047 Zhao 2011 21855577",
    "et": "LesionAdjacentTissue",
    "off": 47858,
    "sff": "lesion"
  },
  {
    "docID": "N047 Zhao 2011 21855577",
    "et": "LesionAdjacentTissue",
    "off": 42989,
    "sff": "lesion"
  },
  {
    "docID": "N047 Zhao 2011 21855577",
    "et": "LesionAdjacentTissue",
    "off": 32106,
    "sff": "lesion"
  },
  {
    "docID": "N047 Zhao 2011 21855577",
    "et": "LesionAdjacentTissue",
    "off": 30179,
    "sff": "lesion"
  },
  {
    "docID": "N047 Zhao 2011 21855577",
    "et": "LesionAdjacentTissue",
    "off": 47971,
    "sff": "lesion"
  },
  {
    "docID": "N047 Zhao 2011 21855577",
    "et": "LesionAdjacentTissue",
    "off": 43366,
    "sff": "lesion"
  },
  {
    "docID": "N047 Zhao 2011 21855577",
    "et": "LesionAdjacentTissue",
    "off": 32415,
    "sff": "lesion"
  },
  {
    "docID": "N047 Zhao 2011 21855577",
    "et": "LesionAdjacentTissue",
    "off": 2463,
    "sff": "lesion"
  },
  {
    "docID": "N047 Zhao 2011 21855577",
    "et": "LesionAdjacentTissue",
    "off": 44951,
    "sff": "lesion"
  },
  {
    "docID": "N047 Zhao 2011 21855577",
    "et": "LesionAdjacentTissue",
    "off": 31001,
    "sff": "lesion"
  },
  {
    "docID": "N047 Zhao 2011 21855577",
    "et": "LesionAdjacentTissue",
    "off": 42778,
    "sff": "lesion"
  },
  {
    "docID": "N047 Zhao 2011 21855577",
    "et": "LesionAdjacentTissue",
    "off": 32916,
    "sff": "lesion"
  },
  {
    "docID": "N047 Zhao 2011 21855577",
    "et": "LesionAdjacentTissue",
    "off": 31120,
    "sff": "lesion"
  },
  {
    "docID": "N047 Zhao 2011 21855577",
    "et": "LesionAdjacentTissue",
    "off": 21772,
    "sff": "lesion"
  },
  {
    "docID": "N047 Zhao 2011 21855577",
    "et": "LesionAdjacentTissue",
    "off": 18059,
    "sff": "lesion"
  },
  {
    "docID": "N047 Zhao 2011 21855577",
    "et": "LesionAdjacentTissue",
    "off": 30731,
    "sff": "lesion"
  },
  {
    "docID": "N047 Zhao 2011 21855577",
    "et": "LesionAdjacentTissue",
    "off": 44683,
    "sff": "lesion"
  },
  {
    "docID": "N047 Zhao 2011 21855577",
    "et": "LesionAdjacentTissue",
    "off": 18308,
    "sff": "lesion"
  },
  {
    "docID": "N047 Zhao 2011 21855577",
    "et": "LesionAdjacentTissue",
    "off": 48649,
    "sff": "lesion"
  },
  {
    "docID": "N047 Zhao 2011 21855577",
    "et": "LesionAdjacentTissue",
    "off": 42371,
    "sff": "lesion"
  },
  {
    "docID": "N047 Zhao 2011 21855577",
    "et": "LesionAdjacentTissue",
    "off": 42117,
    "sff": "lesion"
  },
  {
    "docID": "N047 Zhao 2011 21855577",
    "et": "InfusionDelivery",
    "off": 47720,
    "sff": "infusion"
  },
  {
    "docID": "N047 Zhao 2011 21855577",
    "et": "InfusionDelivery",
    "off": 48473,
    "sff": "infusion"
  },
  {
    "docID": "N047 Zhao 2011 21855577",
    "et": "InfusionDelivery",
    "off": 49305,
    "sff": "infusion"
  },
  {
    "docID": "N047 Zhao 2011 21855577",
    "et": "InfusionDelivery",
    "off": 18989,
    "sff": "infusion"
  },
  {
    "docID": "N047 Zhao 2011 21855577",
    "et": "InfusionDelivery",
    "off": 49051,
    "sff": "infusion"
  },
  {
    "docID": "N047 Zhao 2011 21855577",
    "et": "InfusionDelivery",
    "off": 49147,
    "sff": "infusion"
  },
  {
    "docID": "N047 Zhao 2011 21855577",
    "et": "InfusionDelivery",
    "off": 6307,
    "sff": "infusion"
  },
  {
    "docID": "N047 Zhao 2011 21855577",
    "et": "InfusionDelivery",
    "off": 18853,
    "sff": "Infusion"
  },
  {
    "docID": "N047 Zhao 2011 21855577",
    "et": "InfusionDelivery",
    "off": 19029,
    "sff": "Infusion"
  },
  {
    "docID": "N047 Zhao 2011 21855577",
    "et": "CentralNervousSystem",
    "off": 3806,
    "sff": "central nervous"
  },
  {
    "docID": "N047 Zhao 2011 21855577",
    "et": "CentralNervousSystem",
    "off": 52730,
    "sff": "nervous system"
  },
  {
    "docID": "N047 Zhao 2011 21855577",
    "et": "CentralNervousSystem",
    "off": 1484,
    "sff": "central nervous"
  },
  {
    "docID": "N047 Zhao 2011 21855577",
    "et": "CentralNervousSystem",
    "off": 2603,
    "sff": "central nervous"
  },
  {
    "docID": "N047 Zhao 2011 21855577",
    "et": "CentralNervousSystem",
    "off": 12004,
    "sff": "central"
  },
  {
    "docID": "N047 Zhao 2011 21855577",
    "et": "CentralNervousSystem",
    "off": 1484,
    "sff": "central nervous system"
  },
  {
    "docID": "N047 Zhao 2011 21855577",
    "et": "CentralNervousSystem",
    "off": 52721,
    "sff": "central"
  },
  {
    "docID": "N047 Zhao 2011 21855577",
    "et": "CentralNervousSystem",
    "off": 3806,
    "sff": "central nervous system"
  },
  {
    "docID": "N047 Zhao 2011 21855577",
    "et": "CentralNervousSystem",
    "off": 12029,
    "sff": "central"
  },
  {
    "docID": "N047 Zhao 2011 21855577",
    "et": "CentralNervousSystem",
    "off": 52730,
    "sff": "nervous"
  },
  {
    "docID": "N047 Zhao 2011 21855577",
    "et": "CentralNervousSystem",
    "off": 2603,
    "sff": "central nervous system"
  },
  {
    "docID": "N047 Zhao 2011 21855577",
    "et": "SpinalGrayMatter",
    "off": 40583,
    "sff": "gray"
  },
  {
    "docID": "N047 Zhao 2011 21855577",
    "et": "SpinalGrayMatter",
    "off": 47375,
    "sff": "spinal"
  },
  {
    "docID": "N047 Zhao 2011 21855577",
    "et": "SpinalGrayMatter",
    "off": 20685,
    "sff": "Spinal"
  },
  {
    "docID": "N047 Zhao 2011 21855577",
    "et": "SpinalGrayMatter",
    "off": 32591,
    "sff": "Spinal"
  },
  {
    "docID": "N047 Zhao 2011 21855577",
    "et": "SpinalGrayMatter",
    "off": 21694,
    "sff": "gray matter"
  },
  {
    "docID": "N047 Zhao 2011 21855577",
    "et": "SpinalGrayMatter",
    "off": 52485,
    "sff": "spinal"
  },
  {
    "docID": "N047 Zhao 2011 21855577",
    "et": "SpinalGrayMatter",
    "off": 52994,
    "sff": "spinal"
  },
  {
    "docID": "N047 Zhao 2011 21855577",
    "et": "SpinalGrayMatter",
    "off": 30107,
    "sff": "spinal"
  },
  {
    "docID": "N047 Zhao 2011 21855577",
    "et": "SpinalGrayMatter",
    "off": 8907,
    "sff": "gray matter"
  },
  {
    "docID": "N047 Zhao 2011 21855577",
    "et": "SpinalGrayMatter",
    "off": 30833,
    "sff": "gray"
  },
  {
    "docID": "N047 Zhao 2011 21855577",
    "et": "SpinalGrayMatter",
    "off": 32403,
    "sff": "spinal"
  },
  {
    "docID": "N047 Zhao 2011 21855577",
    "et": "SpinalGrayMatter",
    "off": 2451,
    "sff": "spinal"
  },
  {
    "docID": "N047 Zhao 2011 21855577",
    "et": "SpinalGrayMatter",
    "off": 39919,
    "sff": "spinal"
  },
  {
    "docID": "N047 Zhao 2011 21855577",
    "et": "SpinalGrayMatter",
    "off": 22636,
    "sff": "spinal"
  },
  {
    "docID": "N047 Zhao 2011 21855577",
    "et": "SpinalGrayMatter",
    "off": 41301,
    "sff": "gray matter"
  },
  {
    "docID": "N047 Zhao 2011 21855577",
    "et": "SpinalGrayMatter",
    "off": 44394,
    "sff": "spinal"
  },
  {
    "docID": "N047 Zhao 2011 21855577",
    "et": "SpinalGrayMatter",
    "off": 1389,
    "sff": "Spinal"
  },
  {
    "docID": "N047 Zhao 2011 21855577",
    "et": "SpinalGrayMatter",
    "off": 32733,
    "sff": "gray matter"
  },
  {
    "docID": "N047 Zhao 2011 21855577",
    "et": "SpinalGrayMatter",
    "off": 39806,
    "sff": "spinal"
  },
  {
    "docID": "N047 Zhao 2011 21855577",
    "et": "SpinalGrayMatter",
    "off": 18047,
    "sff": "spinal"
  },
  {
    "docID": "N047 Zhao 2011 21855577",
    "et": "SpinalGrayMatter",
    "off": 44159,
    "sff": "spinal"
  },
  {
    "docID": "N047 Zhao 2011 21855577",
    "et": "SpinalGrayMatter",
    "off": 8700,
    "sff": "spinal"
  },
  {
    "docID": "N047 Zhao 2011 21855577",
    "et": "SpinalGrayMatter",
    "off": 48024,
    "sff": "gray"
  },
  {
    "docID": "N047 Zhao 2011 21855577",
    "et": "SpinalGrayMatter",
    "off": 18296,
    "sff": "spinal"
  },
  {
    "docID": "N047 Zhao 2011 21855577",
    "et": "SpinalGrayMatter",
    "off": 6522,
    "sff": "spinal"
  },
  {
    "docID": "N047 Zhao 2011 21855577",
    "et": "SpinalGrayMatter",
    "off": 31381,
    "sff": "gray"
  },
  {
    "docID": "N047 Zhao 2011 21855577",
    "et": "SpinalGrayMatter",
    "off": 29942,
    "sff": "spinal"
  },
  {
    "docID": "N047 Zhao 2011 21855577",
    "et": "SpinalGrayMatter",
    "off": 30577,
    "sff": "Spinal"
  },
  {
    "docID": "N047 Zhao 2011 21855577",
    "et": "SpinalGrayMatter",
    "off": 41103,
    "sff": "gray"
  },
  {
    "docID": "N047 Zhao 2011 21855577",
    "et": "SpinalGrayMatter",
    "off": 4087,
    "sff": "spinal"
  },
  {
    "docID": "N047 Zhao 2011 21855577",
    "et": "SpinalGrayMatter",
    "off": 41233,
    "sff": "gray"
  },
  {
    "docID": "N047 Zhao 2011 21855577",
    "et": "SpinalGrayMatter",
    "off": 50036,
    "sff": "Spinal"
  },
  {
    "docID": "N047 Zhao 2011 21855577",
    "et": "SpinalGrayMatter",
    "off": 20336,
    "sff": "spinal"
  },
  {
    "docID": "N047 Zhao 2011 21855577",
    "et": "SpinalGrayMatter",
    "off": 5452,
    "sff": "spinal"
  },
  {
    "docID": "N047 Zhao 2011 21855577",
    "et": "SpinalGrayMatter",
    "off": 41551,
    "sff": "spinal"
  },
  {
    "docID": "N047 Zhao 2011 21855577",
    "et": "SpinalGrayMatter",
    "off": 52300,
    "sff": "spinal"
  },
  {
    "docID": "N047 Zhao 2011 21855577",
    "et": "SpinalGrayMatter",
    "off": 9677,
    "sff": "spinal"
  },
  {
    "docID": "N047 Zhao 2011 21855577",
    "et": "SpinalGrayMatter",
    "off": 30833,
    "sff": "gray matter"
  },
  {
    "docID": "N047 Zhao 2011 21855577",
    "et": "SpinalGrayMatter",
    "off": 21694,
    "sff": "gray"
  },
  {
    "docID": "N047 Zhao 2011 21855577",
    "et": "SpinalGrayMatter",
    "off": 41670,
    "sff": "spinal"
  },
  {
    "docID": "N047 Zhao 2011 21855577",
    "et": "SpinalGrayMatter",
    "off": 7111,
    "sff": "spinal"
  },
  {
    "docID": "N047 Zhao 2011 21855577",
    "et": "SpinalGrayMatter",
    "off": 48197,
    "sff": "spinal"
  },
  {
    "docID": "N047 Zhao 2011 21855577",
    "et": "SpinalGrayMatter",
    "off": 17602,
    "sff": "spinal"
  },
  {
    "docID": "N047 Zhao 2011 21855577",
    "et": "SpinalGrayMatter",
    "off": 18626,
    "sff": "spinal"
  },
  {
    "docID": "N047 Zhao 2011 21855577",
    "et": "SpinalGrayMatter",
    "off": 51549,
    "sff": "spinal"
  },
  {
    "docID": "N047 Zhao 2011 21855577",
    "et": "SpinalGrayMatter",
    "off": 47578,
    "sff": "spinal"
  },
  {
    "docID": "N047 Zhao 2011 21855577",
    "et": "SpinalGrayMatter",
    "off": 41502,
    "sff": "Spinal"
  },
  {
    "docID": "N047 Zhao 2011 21855577",
    "et": "SpinalGrayMatter",
    "off": 5332,
    "sff": "spinal"
  },
  {
    "docID": "N047 Zhao 2011 21855577",
    "et": "SpinalGrayMatter",
    "off": 20567,
    "sff": "spinal"
  },
  {
    "docID": "N047 Zhao 2011 21855577",
    "et": "SpinalGrayMatter",
    "off": 42706,
    "sff": "spinal"
  },
  {
    "docID": "N047 Zhao 2011 21855577",
    "et": "SpinalGrayMatter",
    "off": 40583,
    "sff": "gray matter"
  },
  {
    "docID": "N047 Zhao 2011 21855577",
    "et": "SpinalGrayMatter",
    "off": 51246,
    "sff": "spinal"
  },
  {
    "docID": "N047 Zhao 2011 21855577",
    "et": "SpinalGrayMatter",
    "off": 1711,
    "sff": "spinal"
  },
  {
    "docID": "N047 Zhao 2011 21855577",
    "et": "SpinalGrayMatter",
    "off": 17578,
    "sff": "Spinal"
  },
  {
    "docID": "N047 Zhao 2011 21855577",
    "et": "SpinalGrayMatter",
    "off": 18220,
    "sff": "spinal"
  },
  {
    "docID": "N047 Zhao 2011 21855577",
    "et": "SpinalGrayMatter",
    "off": 28843,
    "sff": "spinal"
  },
  {
    "docID": "N047 Zhao 2011 21855577",
    "et": "SpinalGrayMatter",
    "off": 41103,
    "sff": "gray matter"
  },
  {
    "docID": "N047 Zhao 2011 21855577",
    "et": "SpinalGrayMatter",
    "off": 39464,
    "sff": "spinal"
  },
  {
    "docID": "N047 Zhao 2011 21855577",
    "et": "SpinalGrayMatter",
    "off": 50351,
    "sff": "Spinal"
  },
  {
    "docID": "N047 Zhao 2011 21855577",
    "et": "SpinalGrayMatter",
    "off": 41233,
    "sff": "gray matter"
  },
  {
    "docID": "N047 Zhao 2011 21855577",
    "et": "SpinalGrayMatter",
    "off": 48024,
    "sff": "gray matter"
  },
  {
    "docID": "N047 Zhao 2011 21855577",
    "et": "SpinalGrayMatter",
    "off": 47267,
    "sff": "spinal"
  },
  {
    "docID": "N047 Zhao 2011 21855577",
    "et": "SpinalGrayMatter",
    "off": 31905,
    "sff": "spinal"
  },
  {
    "docID": "N047 Zhao 2011 21855577",
    "et": "SpinalGrayMatter",
    "off": 32733,
    "sff": "gray"
  },
  {
    "docID": "N047 Zhao 2011 21855577",
    "et": "SpinalGrayMatter",
    "off": 30910,
    "sff": "spinal"
  },
  {
    "docID": "N047 Zhao 2011 21855577",
    "et": "SpinalGrayMatter",
    "off": 9914,
    "sff": "spinal"
  },
  {
    "docID": "N047 Zhao 2011 21855577",
    "et": "SpinalGrayMatter",
    "off": 32339,
    "sff": "gray"
  },
  {
    "docID": "N047 Zhao 2011 21855577",
    "et": "SpinalGrayMatter",
    "off": 47675,
    "sff": "spinal"
  },
  {
    "docID": "N047 Zhao 2011 21855577",
    "et": "SpinalGrayMatter",
    "off": 32184,
    "sff": "spinal"
  },
  {
    "docID": "N047 Zhao 2011 21855577",
    "et": "SpinalGrayMatter",
    "off": 41301,
    "sff": "gray"
  },
  {
    "docID": "N047 Zhao 2011 21855577",
    "et": "SpinalGrayMatter",
    "off": 51382,
    "sff": "spinal"
  },
  {
    "docID": "N047 Zhao 2011 21855577",
    "et": "SpinalGrayMatter",
    "off": 32055,
    "sff": "spinal"
  },
  {
    "docID": "N047 Zhao 2011 21855577",
    "et": "SpinalGrayMatter",
    "off": 8907,
    "sff": "gray"
  },
  {
    "docID": "N047 Zhao 2011 21855577",
    "et": "SpinalGrayMatter",
    "off": 51764,
    "sff": "spinal"
  },
  {
    "docID": "N047 Zhao 2011 21855577",
    "et": "SpinalGrayMatter",
    "off": 31156,
    "sff": "Spinal"
  },
  {
    "docID": "N047 Zhao 2011 21855577",
    "et": "Location",
    "off": 22701,
    "sff": "location"
  },
  {
    "docID": "N047 Zhao 2011 21855577",
    "et": "Location",
    "off": 38279,
    "sff": "location"
  },
  {
    "docID": "N047 Zhao 2011 21855577",
    "et": "SubstanceApplicationLocation",
    "off": 50499,
    "sff": "application"
  },
  {
    "docID": "N047 Zhao 2011 21855577",
    "et": "C1",
    "off": 20582,
    "sff": "C1"
  },
  {
    "docID": "N047 Zhao 2011 21855577",
    "et": "C1",
    "off": 22059,
    "sff": "C1"
  },
  {
    "docID": "N047 Zhao 2011 21855577",
    "et": "C1",
    "off": 20703,
    "sff": "C1"
  },
  {
    "docID": "N047 Zhao 2011 21855577",
    "et": "C1",
    "off": 28975,
    "sff": "C1"
  },
  {
    "docID": "N047 Zhao 2011 21855577",
    "et": "C3",
    "off": 30592,
    "sff": "C3"
  },
  {
    "docID": "N047 Zhao 2011 21855577",
    "et": "C3",
    "off": 28927,
    "sff": "C3"
  },
  {
    "docID": "N047 Zhao 2011 21855577",
    "et": "C4",
    "off": 42005,
    "sff": "C4"
  },
  {
    "docID": "N047 Zhao 2011 21855577",
    "et": "C4",
    "off": 17654,
    "sff": "C4"
  },
  {
    "docID": "N047 Zhao 2011 21855577",
    "et": "C4",
    "off": 30595,
    "sff": "C4"
  },
  {
    "docID": "N047 Zhao 2011 21855577",
    "et": "C4",
    "off": 28930,
    "sff": "C4"
  },
  {
    "docID": "N047 Zhao 2011 21855577",
    "et": "C4",
    "off": 39996,
    "sff": "C4"
  },
  {
    "docID": "N047 Zhao 2011 21855577",
    "et": "C4",
    "off": 39631,
    "sff": "C4"
  },
  {
    "docID": "N047 Zhao 2011 21855577",
    "et": "CorticospinalTract",
    "off": 30010,
    "sff": "corticospinal"
  },
  {
    "docID": "N047 Zhao 2011 21855577",
    "et": "CorticospinalTract",
    "off": 1368,
    "sff": "Corticospinal tract"
  },
  {
    "docID": "N047 Zhao 2011 21855577",
    "et": "CorticospinalTract",
    "off": 291,
    "sff": "corticospinal"
  },
  {
    "docID": "N047 Zhao 2011 21855577",
    "et": "CorticospinalTract",
    "off": 2697,
    "sff": "corticospinal tract"
  },
  {
    "docID": "N047 Zhao 2011 21855577",
    "et": "CorticospinalTract",
    "off": 2148,
    "sff": "corticospinal tract"
  },
  {
    "docID": "N047 Zhao 2011 21855577",
    "et": "CorticospinalTract",
    "off": 6596,
    "sff": "corticospinal tract"
  },
  {
    "docID": "N047 Zhao 2011 21855577",
    "et": "CorticospinalTract",
    "off": 9706,
    "sff": "corticospinal"
  },
  {
    "docID": "N047 Zhao 2011 21855577",
    "et": "CorticospinalTract",
    "off": 39368,
    "sff": "corticospinal tract"
  },
  {
    "docID": "N047 Zhao 2011 21855577",
    "et": "CorticospinalTract",
    "off": 46506,
    "sff": "corticospinal tract"
  },
  {
    "docID": "N047 Zhao 2011 21855577",
    "et": "CorticospinalTract",
    "off": 2321,
    "sff": "corticospinal"
  },
  {
    "docID": "N047 Zhao 2011 21855577",
    "et": "CorticospinalTract",
    "off": 19227,
    "sff": "corticospinal tract"
  },
  {
    "docID": "N047 Zhao 2011 21855577",
    "et": "CorticospinalTract",
    "off": 41906,
    "sff": "corticospinal"
  },
  {
    "docID": "N047 Zhao 2011 21855577",
    "et": "CorticospinalTract",
    "off": 2260,
    "sff": "corticospinal"
  },
  {
    "docID": "N047 Zhao 2011 21855577",
    "et": "SpinalCentralPart",
    "off": 1711,
    "sff": "spinal"
  },
  {
    "docID": "N047 Zhao 2011 21855577",
    "et": "SpinalCentralPart",
    "off": 51246,
    "sff": "spinal"
  },
  {
    "docID": "N047 Zhao 2011 21855577",
    "et": "SpinalCentralPart",
    "off": 28843,
    "sff": "spinal"
  },
  {
    "docID": "N047 Zhao 2011 21855577",
    "et": "SpinalCentralPart",
    "off": 18220,
    "sff": "spinal"
  },
  {
    "docID": "N047 Zhao 2011 21855577",
    "et": "SpinalCentralPart",
    "off": 12029,
    "sff": "central"
  },
  {
    "docID": "N047 Zhao 2011 21855577",
    "et": "SpinalCentralPart",
    "off": 32055,
    "sff": "spinal"
  },
  {
    "docID": "N047 Zhao 2011 21855577",
    "et": "SpinalCentralPart",
    "off": 51382,
    "sff": "spinal"
  },
  {
    "docID": "N047 Zhao 2011 21855577",
    "et": "SpinalCentralPart",
    "off": 32184,
    "sff": "spinal"
  },
  {
    "docID": "N047 Zhao 2011 21855577",
    "et": "SpinalCentralPart",
    "off": 51764,
    "sff": "spinal"
  },
  {
    "docID": "N047 Zhao 2011 21855577",
    "et": "SpinalCentralPart",
    "off": 30910,
    "sff": "spinal"
  },
  {
    "docID": "N047 Zhao 2011 21855577",
    "et": "SpinalCentralPart",
    "off": 52721,
    "sff": "central"
  },
  {
    "docID": "N047 Zhao 2011 21855577",
    "et": "SpinalCentralPart",
    "off": 9914,
    "sff": "spinal"
  },
  {
    "docID": "N047 Zhao 2011 21855577",
    "et": "SpinalCentralPart",
    "off": 47675,
    "sff": "spinal"
  },
  {
    "docID": "N047 Zhao 2011 21855577",
    "et": "SpinalCentralPart",
    "off": 41670,
    "sff": "spinal"
  },
  {
    "docID": "N047 Zhao 2011 21855577",
    "et": "SpinalCentralPart",
    "off": 7111,
    "sff": "spinal"
  },
  {
    "docID": "N047 Zhao 2011 21855577",
    "et": "SpinalCentralPart",
    "off": 32591,
    "sff": "Spinal"
  },
  {
    "docID": "N047 Zhao 2011 21855577",
    "et": "SpinalCentralPart",
    "off": 17602,
    "sff": "spinal"
  },
  {
    "docID": "N047 Zhao 2011 21855577",
    "et": "SpinalCentralPart",
    "off": 18626,
    "sff": "spinal"
  },
  {
    "docID": "N047 Zhao 2011 21855577",
    "et": "SpinalCentralPart",
    "off": 20685,
    "sff": "Spinal"
  },
  {
    "docID": "N047 Zhao 2011 21855577",
    "et": "SpinalCentralPart",
    "off": 12004,
    "sff": "central"
  },
  {
    "docID": "N047 Zhao 2011 21855577",
    "et": "SpinalCentralPart",
    "off": 48197,
    "sff": "spinal"
  },
  {
    "docID": "N047 Zhao 2011 21855577",
    "et": "SpinalCentralPart",
    "off": 41551,
    "sff": "spinal"
  },
  {
    "docID": "N047 Zhao 2011 21855577",
    "et": "SpinalCentralPart",
    "off": 5452,
    "sff": "spinal"
  },
  {
    "docID": "N047 Zhao 2011 21855577",
    "et": "SpinalCentralPart",
    "off": 9677,
    "sff": "spinal"
  },
  {
    "docID": "N047 Zhao 2011 21855577",
    "et": "SpinalCentralPart",
    "off": 52300,
    "sff": "spinal"
  },
  {
    "docID": "N047 Zhao 2011 21855577",
    "et": "SpinalCentralPart",
    "off": 20567,
    "sff": "spinal"
  },
  {
    "docID": "N047 Zhao 2011 21855577",
    "et": "SpinalCentralPart",
    "off": 42706,
    "sff": "spinal"
  },
  {
    "docID": "N047 Zhao 2011 21855577",
    "et": "SpinalCentralPart",
    "off": 5332,
    "sff": "spinal"
  },
  {
    "docID": "N047 Zhao 2011 21855577",
    "et": "SpinalCentralPart",
    "off": 47578,
    "sff": "spinal"
  },
  {
    "docID": "N047 Zhao 2011 21855577",
    "et": "SpinalCentralPart",
    "off": 50036,
    "sff": "Spinal"
  },
  {
    "docID": "N047 Zhao 2011 21855577",
    "et": "SpinalCentralPart",
    "off": 51549,
    "sff": "spinal"
  },
  {
    "docID": "N047 Zhao 2011 21855577",
    "et": "SpinalCentralPart",
    "off": 30577,
    "sff": "Spinal"
  },
  {
    "docID": "N047 Zhao 2011 21855577",
    "et": "SpinalCentralPart",
    "off": 1389,
    "sff": "Spinal"
  },
  {
    "docID": "N047 Zhao 2011 21855577",
    "et": "SpinalCentralPart",
    "off": 39919,
    "sff": "spinal"
  },
  {
    "docID": "N047 Zhao 2011 21855577",
    "et": "SpinalCentralPart",
    "off": 20336,
    "sff": "spinal"
  },
  {
    "docID": "N047 Zhao 2011 21855577",
    "et": "SpinalCentralPart",
    "off": 44394,
    "sff": "spinal"
  },
  {
    "docID": "N047 Zhao 2011 21855577",
    "et": "SpinalCentralPart",
    "off": 22636,
    "sff": "spinal"
  },
  {
    "docID": "N047 Zhao 2011 21855577",
    "et": "SpinalCentralPart",
    "off": 29942,
    "sff": "spinal"
  },
  {
    "docID": "N047 Zhao 2011 21855577",
    "et": "SpinalCentralPart",
    "off": 4087,
    "sff": "spinal"
  },
  {
    "docID": "N047 Zhao 2011 21855577",
    "et": "SpinalCentralPart",
    "off": 18296,
    "sff": "spinal"
  },
  {
    "docID": "N047 Zhao 2011 21855577",
    "et": "SpinalCentralPart",
    "off": 41502,
    "sff": "Spinal"
  },
  {
    "docID": "N047 Zhao 2011 21855577",
    "et": "SpinalCentralPart",
    "off": 39806,
    "sff": "spinal"
  },
  {
    "docID": "N047 Zhao 2011 21855577",
    "et": "SpinalCentralPart",
    "off": 18047,
    "sff": "spinal"
  },
  {
    "docID": "N047 Zhao 2011 21855577",
    "et": "SpinalCentralPart",
    "off": 44159,
    "sff": "spinal"
  },
  {
    "docID": "N047 Zhao 2011 21855577",
    "et": "SpinalCentralPart",
    "off": 2603,
    "sff": "central"
  },
  {
    "docID": "N047 Zhao 2011 21855577",
    "et": "SpinalCentralPart",
    "off": 6522,
    "sff": "spinal"
  },
  {
    "docID": "N047 Zhao 2011 21855577",
    "et": "SpinalCentralPart",
    "off": 8700,
    "sff": "spinal"
  },
  {
    "docID": "N047 Zhao 2011 21855577",
    "et": "SpinalCentralPart",
    "off": 52994,
    "sff": "spinal"
  },
  {
    "docID": "N047 Zhao 2011 21855577",
    "et": "SpinalCentralPart",
    "off": 52485,
    "sff": "spinal"
  },
  {
    "docID": "N047 Zhao 2011 21855577",
    "et": "SpinalCentralPart",
    "off": 3806,
    "sff": "central"
  },
  {
    "docID": "N047 Zhao 2011 21855577",
    "et": "SpinalCentralPart",
    "off": 47375,
    "sff": "spinal"
  },
  {
    "docID": "N047 Zhao 2011 21855577",
    "et": "SpinalCentralPart",
    "off": 2451,
    "sff": "spinal"
  },
  {
    "docID": "N047 Zhao 2011 21855577",
    "et": "SpinalCentralPart",
    "off": 32403,
    "sff": "spinal"
  },
  {
    "docID": "N047 Zhao 2011 21855577",
    "et": "SpinalCentralPart",
    "off": 1484,
    "sff": "central"
  },
  {
    "docID": "N047 Zhao 2011 21855577",
    "et": "SpinalCentralPart",
    "off": 31905,
    "sff": "spinal"
  },
  {
    "docID": "N047 Zhao 2011 21855577",
    "et": "SpinalCentralPart",
    "off": 30107,
    "sff": "spinal"
  },
  {
    "docID": "N047 Zhao 2011 21855577",
    "et": "SpinalCentralPart",
    "off": 31156,
    "sff": "Spinal"
  },
  {
    "docID": "N047 Zhao 2011 21855577",
    "et": "SpinalCentralPart",
    "off": 39464,
    "sff": "spinal"
  },
  {
    "docID": "N047 Zhao 2011 21855577",
    "et": "SpinalCentralPart",
    "off": 50351,
    "sff": "Spinal"
  },
  {
    "docID": "N047 Zhao 2011 21855577",
    "et": "SpinalCentralPart",
    "off": 47267,
    "sff": "spinal"
  },
  {
    "docID": "N047 Zhao 2011 21855577",
    "et": "SpinalCentralPart",
    "off": 17578,
    "sff": "Spinal"
  },
  {
    "docID": "N047 Zhao 2011 21855577",
    "et": "InjectionDelivery",
    "off": 6904,
    "sff": "injection"
  },
  {
    "docID": "N047 Zhao 2011 21855577",
    "et": "InjectionDelivery",
    "off": 18104,
    "sff": "injection"
  },
  {
    "docID": "N047 Zhao 2011 21855577",
    "et": "InjectionDelivery",
    "off": 22904,
    "sff": "injection"
  },
  {
    "docID": "N047 Zhao 2011 21855577",
    "et": "InjectionDelivery",
    "off": 39419,
    "sff": "injection"
  },
  {
    "docID": "N047 Zhao 2011 21855577",
    "et": "InjectionDelivery",
    "off": 27009,
    "sff": "Injection"
  },
  {
    "docID": "N047 Zhao 2011 21855577",
    "et": "InjectionDelivery",
    "off": 28155,
    "sff": "injection"
  },
  {
    "docID": "N047 Zhao 2011 21855577",
    "et": "InjectionDelivery",
    "off": 30202,
    "sff": "injection"
  },
  {
    "docID": "N047 Zhao 2011 21855577",
    "et": "InjectionDelivery",
    "off": 6078,
    "sff": "injection"
  },
  {
    "docID": "N047 Zhao 2011 21855577",
    "et": "InjectionDelivery",
    "off": 31088,
    "sff": "injection"
  },
  {
    "docID": "N047 Zhao 2011 21855577",
    "et": "InjectionDelivery",
    "off": 39728,
    "sff": "injection"
  },
  {
    "docID": "N047 Zhao 2011 21855577",
    "et": "InjectionDelivery",
    "off": 29490,
    "sff": "injection"
  },
  {
    "docID": "N047 Zhao 2011 21855577",
    "et": "InjectionDelivery",
    "off": 32434,
    "sff": "injection"
  },
  {
    "docID": "N047 Zhao 2011 21855577",
    "et": "InjectionDelivery",
    "off": 19380,
    "sff": "injection"
  },
  {
    "docID": "N047 Zhao 2011 21855577",
    "et": "InjectionDelivery",
    "off": 27316,
    "sff": "injection"
  },
  {
    "docID": "N047 Zhao 2011 21855577",
    "et": "InjectionDelivery",
    "off": 42871,
    "sff": "injection"
  },
  {
    "docID": "N047 Zhao 2011 21855577",
    "et": "InjectionDelivery",
    "off": 39862,
    "sff": "injection"
  },
  {
    "docID": "N047 Zhao 2011 21855577",
    "et": "InjectionDelivery",
    "off": 17033,
    "sff": "injection"
  },
  {
    "docID": "N047 Zhao 2011 21855577",
    "et": "InjectionDelivery",
    "off": 40200,
    "sff": "injection"
  },
  {
    "docID": "N047 Zhao 2011 21855577",
    "et": "InjectionDelivery",
    "off": 44104,
    "sff": "injection"
  },
  {
    "docID": "N047 Zhao 2011 21855577",
    "et": "InjectionDelivery",
    "off": 42507,
    "sff": "injection"
  },
  {
    "docID": "N047 Zhao 2011 21855577",
    "et": "InjectionDelivery",
    "off": 28875,
    "sff": "injection"
  },
  {
    "docID": "N047 Zhao 2011 21855577",
    "et": "InjectionDelivery",
    "off": 26894,
    "sff": "injection"
  },
  {
    "docID": "N047 Zhao 2011 21855577",
    "et": "InjectionDelivery",
    "off": 19471,
    "sff": "injection"
  },
  {
    "docID": "N047 Zhao 2011 21855577",
    "et": "InjectionDelivery",
    "off": 32002,
    "sff": "injection"
  },
  {
    "docID": "N047 Zhao 2011 21855577",
    "et": "InjectionDelivery",
    "off": 19332,
    "sff": "injection"
  },
  {
    "docID": "N047 Zhao 2011 21855577",
    "et": "InjectionDelivery",
    "off": 47237,
    "sff": "injection"
  },
  {
    "docID": "N047 Zhao 2011 21855577",
    "et": "InjectionDelivery",
    "off": 37188,
    "sff": "injection"
  },
  {
    "docID": "N047 Zhao 2011 21855577",
    "et": "InjectionDelivery",
    "off": 42692,
    "sff": "injection"
  },
  {
    "docID": "N047 Zhao 2011 21855577",
    "et": "InjectionDelivery",
    "off": 28249,
    "sff": "injection"
  },
  {
    "docID": "N047 Zhao 2011 21855577",
    "et": "InjectionDelivery",
    "off": 6939,
    "sff": "injection"
  },
  {
    "docID": "N047 Zhao 2011 21855577",
    "et": "InjectionDelivery",
    "off": 19995,
    "sff": "injection"
  },
  {
    "docID": "N047 Zhao 2011 21855577",
    "et": "InjectionDelivery",
    "off": 30940,
    "sff": "injection"
  },
  {
    "docID": "N047 Zhao 2011 21855577",
    "et": "InjectionDelivery",
    "off": 37919,
    "sff": "injection"
  },
  {
    "docID": "N047 Zhao 2011 21855577",
    "et": "InjectionDelivery",
    "off": 41823,
    "sff": "injection"
  },
  {
    "docID": "N047 Zhao 2011 21855577",
    "et": "InjectionDelivery",
    "off": 5285,
    "sff": "Injection"
  },
  {
    "docID": "N047 Zhao 2011 21855577",
    "et": "InjectionDelivery",
    "off": 41630,
    "sff": "injection"
  },
  {
    "docID": "N047 Zhao 2011 21855577",
    "et": "InjectionDelivery",
    "off": 42390,
    "sff": "injection"
  },
  {
    "docID": "N047 Zhao 2011 21855577",
    "et": "InjectionDelivery",
    "off": 31848,
    "sff": "injection"
  },
  {
    "docID": "N047 Zhao 2011 21855577",
    "et": "InjectionDelivery",
    "off": 41514,
    "sff": "injection"
  },
  {
    "docID": "N047 Zhao 2011 21855577",
    "et": "InjectionDelivery",
    "off": 27821,
    "sff": "injection"
  },
  {
    "docID": "N047 Zhao 2011 21855577",
    "et": "InjectionDelivery",
    "off": 35797,
    "sff": "Injection"
  },
  {
    "docID": "N047 Zhao 2011 21855577",
    "et": "InjectionDelivery",
    "off": 49134,
    "sff": "injection"
  },
  {
    "docID": "N047 Zhao 2011 21855577",
    "et": "InjectionDelivery",
    "off": 17440,
    "sff": "injection"
  },
  {
    "docID": "N047 Zhao 2011 21855577",
    "et": "InjectionDelivery",
    "off": 32225,
    "sff": "injection"
  },
  {
    "docID": "N047 Zhao 2011 21855577",
    "et": "InjectionDelivery",
    "off": 18145,
    "sff": "injection"
  },
  {
    "docID": "N047 Zhao 2011 21855577",
    "et": "InjectionDelivery",
    "off": 29409,
    "sff": "injection"
  },
  {
    "docID": "N047 Zhao 2011 21855577",
    "et": "SpinalLesionSite",
    "off": 39464,
    "sff": "spinal"
  },
  {
    "docID": "N047 Zhao 2011 21855577",
    "et": "SpinalLesionSite",
    "off": 32106,
    "sff": "lesion"
  },
  {
    "docID": "N047 Zhao 2011 21855577",
    "et": "SpinalLesionSite",
    "off": 18423,
    "sff": "lesion site"
  },
  {
    "docID": "N047 Zhao 2011 21855577",
    "et": "SpinalLesionSite",
    "off": 30048,
    "sff": "lesion"
  },
  {
    "docID": "N047 Zhao 2011 21855577",
    "et": "SpinalLesionSite",
    "off": 47971,
    "sff": "lesion"
  },
  {
    "docID": "N047 Zhao 2011 21855577",
    "et": "SpinalLesionSite",
    "off": 51246,
    "sff": "spinal"
  },
  {
    "docID": "N047 Zhao 2011 21855577",
    "et": "SpinalLesionSite",
    "off": 18220,
    "sff": "spinal"
  },
  {
    "docID": "N047 Zhao 2011 21855577",
    "et": "SpinalLesionSite",
    "off": 43366,
    "sff": "lesion"
  },
  {
    "docID": "N047 Zhao 2011 21855577",
    "et": "SpinalLesionSite",
    "off": 30301,
    "sff": "lesion"
  },
  {
    "docID": "N047 Zhao 2011 21855577",
    "et": "SpinalLesionSite",
    "off": 47442,
    "sff": "lesion"
  },
  {
    "docID": "N047 Zhao 2011 21855577",
    "et": "SpinalLesionSite",
    "off": 2134,
    "sff": "lesion"
  },
  {
    "docID": "N047 Zhao 2011 21855577",
    "et": "SpinalLesionSite",
    "off": 18059,
    "sff": "lesion"
  },
  {
    "docID": "N047 Zhao 2011 21855577",
    "et": "SpinalLesionSite",
    "off": 44683,
    "sff": "lesion"
  },
  {
    "docID": "N047 Zhao 2011 21855577",
    "et": "SpinalLesionSite",
    "off": 48197,
    "sff": "spinal"
  },
  {
    "docID": "N047 Zhao 2011 21855577",
    "et": "SpinalLesionSite",
    "off": 41551,
    "sff": "spinal"
  },
  {
    "docID": "N047 Zhao 2011 21855577",
    "et": "SpinalLesionSite",
    "off": 42371,
    "sff": "lesion"
  },
  {
    "docID": "N047 Zhao 2011 21855577",
    "et": "SpinalLesionSite",
    "off": 20685,
    "sff": "Spinal"
  },
  {
    "docID": "N047 Zhao 2011 21855577",
    "et": "SpinalLesionSite",
    "off": 42117,
    "sff": "lesion"
  },
  {
    "docID": "N047 Zhao 2011 21855577",
    "et": "SpinalLesionSite",
    "off": 18308,
    "sff": "lesion"
  },
  {
    "docID": "N047 Zhao 2011 21855577",
    "et": "SpinalLesionSite",
    "off": 52300,
    "sff": "spinal"
  },
  {
    "docID": "N047 Zhao 2011 21855577",
    "et": "SpinalLesionSite",
    "off": 5452,
    "sff": "spinal"
  },
  {
    "docID": "N047 Zhao 2011 21855577",
    "et": "SpinalLesionSite",
    "off": 32055,
    "sff": "spinal"
  },
  {
    "docID": "N047 Zhao 2011 21855577",
    "et": "SpinalLesionSite",
    "off": 31156,
    "sff": "Spinal"
  },
  {
    "docID": "N047 Zhao 2011 21855577",
    "et": "SpinalLesionSite",
    "off": 51764,
    "sff": "spinal"
  },
  {
    "docID": "N047 Zhao 2011 21855577",
    "et": "SpinalLesionSite",
    "off": 32624,
    "sff": "lesion"
  },
  {
    "docID": "N047 Zhao 2011 21855577",
    "et": "SpinalLesionSite",
    "off": 47675,
    "sff": "spinal"
  },
  {
    "docID": "N047 Zhao 2011 21855577",
    "et": "SpinalLesionSite",
    "off": 39919,
    "sff": "spinal"
  },
  {
    "docID": "N047 Zhao 2011 21855577",
    "et": "SpinalLesionSite",
    "off": 2463,
    "sff": "lesion"
  },
  {
    "docID": "N047 Zhao 2011 21855577",
    "et": "SpinalLesionSite",
    "off": 5332,
    "sff": "spinal"
  },
  {
    "docID": "N047 Zhao 2011 21855577",
    "et": "SpinalLesionSite",
    "off": 32415,
    "sff": "lesion"
  },
  {
    "docID": "N047 Zhao 2011 21855577",
    "et": "SpinalLesionSite",
    "off": 42706,
    "sff": "spinal"
  },
  {
    "docID": "N047 Zhao 2011 21855577",
    "et": "SpinalLesionSite",
    "off": 31120,
    "sff": "lesion"
  },
  {
    "docID": "N047 Zhao 2011 21855577",
    "et": "SpinalLesionSite",
    "off": 32916,
    "sff": "lesion"
  },
  {
    "docID": "N047 Zhao 2011 21855577",
    "et": "SpinalLesionSite",
    "off": 41502,
    "sff": "Spinal"
  },
  {
    "docID": "N047 Zhao 2011 21855577",
    "et": "SpinalLesionSite",
    "off": 44951,
    "sff": "lesion"
  },
  {
    "docID": "N047 Zhao 2011 21855577",
    "et": "SpinalLesionSite",
    "off": 47578,
    "sff": "spinal"
  },
  {
    "docID": "N047 Zhao 2011 21855577",
    "et": "SpinalLesionSite",
    "off": 52485,
    "sff": "spinal"
  },
  {
    "docID": "N047 Zhao 2011 21855577",
    "et": "SpinalLesionSite",
    "off": 30922,
    "sff": "lesion"
  },
  {
    "docID": "N047 Zhao 2011 21855577",
    "et": "SpinalLesionSite",
    "off": 52994,
    "sff": "spinal"
  },
  {
    "docID": "N047 Zhao 2011 21855577",
    "et": "SpinalLesionSite",
    "off": 40385,
    "sff": "lesion"
  },
  {
    "docID": "N047 Zhao 2011 21855577",
    "et": "SpinalLesionSite",
    "off": 47375,
    "sff": "spinal"
  },
  {
    "docID": "N047 Zhao 2011 21855577",
    "et": "SpinalLesionSite",
    "off": 4087,
    "sff": "spinal"
  },
  {
    "docID": "N047 Zhao 2011 21855577",
    "et": "SpinalLesionSite",
    "off": 29942,
    "sff": "spinal"
  },
  {
    "docID": "N047 Zhao 2011 21855577",
    "et": "SpinalLesionSite",
    "off": 8700,
    "sff": "spinal"
  },
  {
    "docID": "N047 Zhao 2011 21855577",
    "et": "SpinalLesionSite",
    "off": 17590,
    "sff": "lesion"
  },
  {
    "docID": "N047 Zhao 2011 21855577",
    "et": "SpinalLesionSite",
    "off": 42989,
    "sff": "lesion"
  },
  {
    "docID": "N047 Zhao 2011 21855577",
    "et": "SpinalLesionSite",
    "off": 47267,
    "sff": "spinal"
  },
  {
    "docID": "N047 Zhao 2011 21855577",
    "et": "SpinalLesionSite",
    "off": 31905,
    "sff": "spinal"
  },
  {
    "docID": "N047 Zhao 2011 21855577",
    "et": "SpinalLesionSite",
    "off": 30179,
    "sff": "lesion"
  },
  {
    "docID": "N047 Zhao 2011 21855577",
    "et": "SpinalLesionSite",
    "off": 1711,
    "sff": "spinal"
  },
  {
    "docID": "N047 Zhao 2011 21855577",
    "et": "SpinalLesionSite",
    "off": 1389,
    "sff": "Spinal"
  },
  {
    "docID": "N047 Zhao 2011 21855577",
    "et": "SpinalLesionSite",
    "off": 28843,
    "sff": "spinal"
  },
  {
    "docID": "N047 Zhao 2011 21855577",
    "et": "SpinalLesionSite",
    "off": 32475,
    "sff": "lesion"
  },
  {
    "docID": "N047 Zhao 2011 21855577",
    "et": "SpinalLesionSite",
    "off": 32403,
    "sff": "spinal"
  },
  {
    "docID": "N047 Zhao 2011 21855577",
    "et": "SpinalLesionSite",
    "off": 42719,
    "sff": "lesion"
  },
  {
    "docID": "N047 Zhao 2011 21855577",
    "et": "SpinalLesionSite",
    "off": 2451,
    "sff": "spinal"
  },
  {
    "docID": "N047 Zhao 2011 21855577",
    "et": "SpinalLesionSite",
    "off": 32211,
    "sff": "lesion"
  },
  {
    "docID": "N047 Zhao 2011 21855577",
    "et": "SpinalLesionSite",
    "off": 42194,
    "sff": "lesion"
  },
  {
    "docID": "N047 Zhao 2011 21855577",
    "et": "SpinalLesionSite",
    "off": 30107,
    "sff": "spinal"
  },
  {
    "docID": "N047 Zhao 2011 21855577",
    "et": "SpinalLesionSite",
    "off": 31189,
    "sff": "lesion"
  },
  {
    "docID": "N047 Zhao 2011 21855577",
    "et": "SpinalLesionSite",
    "off": 43221,
    "sff": "lesion"
  },
  {
    "docID": "N047 Zhao 2011 21855577",
    "et": "SpinalLesionSite",
    "off": 30731,
    "sff": "lesion"
  },
  {
    "docID": "N047 Zhao 2011 21855577",
    "et": "SpinalLesionSite",
    "off": 7111,
    "sff": "spinal"
  },
  {
    "docID": "N047 Zhao 2011 21855577",
    "et": "SpinalLesionSite",
    "off": 41670,
    "sff": "spinal"
  },
  {
    "docID": "N047 Zhao 2011 21855577",
    "et": "SpinalLesionSite",
    "off": 48649,
    "sff": "lesion"
  },
  {
    "docID": "N047 Zhao 2011 21855577",
    "et": "SpinalLesionSite",
    "off": 17602,
    "sff": "spinal"
  },
  {
    "docID": "N047 Zhao 2011 21855577",
    "et": "SpinalLesionSite",
    "off": 18626,
    "sff": "spinal"
  },
  {
    "docID": "N047 Zhao 2011 21855577",
    "et": "SpinalLesionSite",
    "off": 21772,
    "sff": "lesion"
  },
  {
    "docID": "N047 Zhao 2011 21855577",
    "et": "SpinalLesionSite",
    "off": 41985,
    "sff": "lesion"
  },
  {
    "docID": "N047 Zhao 2011 21855577",
    "et": "SpinalLesionSite",
    "off": 9677,
    "sff": "spinal"
  },
  {
    "docID": "N047 Zhao 2011 21855577",
    "et": "SpinalLesionSite",
    "off": 29954,
    "sff": "lesion"
  },
  {
    "docID": "N047 Zhao 2011 21855577",
    "et": "SpinalLesionSite",
    "off": 43010,
    "sff": "lesion"
  },
  {
    "docID": "N047 Zhao 2011 21855577",
    "et": "SpinalLesionSite",
    "off": 32591,
    "sff": "Spinal"
  },
  {
    "docID": "N047 Zhao 2011 21855577",
    "et": "SpinalLesionSite",
    "off": 32184,
    "sff": "spinal"
  },
  {
    "docID": "N047 Zhao 2011 21855577",
    "et": "SpinalLesionSite",
    "off": 51382,
    "sff": "spinal"
  },
  {
    "docID": "N047 Zhao 2011 21855577",
    "et": "SpinalLesionSite",
    "off": 47858,
    "sff": "lesion"
  },
  {
    "docID": "N047 Zhao 2011 21855577",
    "et": "SpinalLesionSite",
    "off": 30910,
    "sff": "spinal"
  },
  {
    "docID": "N047 Zhao 2011 21855577",
    "et": "SpinalLesionSite",
    "off": 9914,
    "sff": "spinal"
  },
  {
    "docID": "N047 Zhao 2011 21855577",
    "et": "SpinalLesionSite",
    "off": 18423,
    "sff": "lesion"
  },
  {
    "docID": "N047 Zhao 2011 21855577",
    "et": "SpinalLesionSite",
    "off": 17578,
    "sff": "Spinal"
  },
  {
    "docID": "N047 Zhao 2011 21855577",
    "et": "SpinalLesionSite",
    "off": 20336,
    "sff": "spinal"
  },
  {
    "docID": "N047 Zhao 2011 21855577",
    "et": "SpinalLesionSite",
    "off": 22636,
    "sff": "spinal"
  },
  {
    "docID": "N047 Zhao 2011 21855577",
    "et": "SpinalLesionSite",
    "off": 31527,
    "sff": "lesion"
  },
  {
    "docID": "N047 Zhao 2011 21855577",
    "et": "SpinalLesionSite",
    "off": 50351,
    "sff": "Spinal"
  },
  {
    "docID": "N047 Zhao 2011 21855577",
    "et": "SpinalLesionSite",
    "off": 44394,
    "sff": "spinal"
  },
  {
    "docID": "N047 Zhao 2011 21855577",
    "et": "SpinalLesionSite",
    "off": 31001,
    "sff": "lesion"
  },
  {
    "docID": "N047 Zhao 2011 21855577",
    "et": "SpinalLesionSite",
    "off": 20567,
    "sff": "spinal"
  },
  {
    "docID": "N047 Zhao 2011 21855577",
    "et": "SpinalLesionSite",
    "off": 42778,
    "sff": "lesion"
  },
  {
    "docID": "N047 Zhao 2011 21855577",
    "et": "SpinalLesionSite",
    "off": 51549,
    "sff": "spinal"
  },
  {
    "docID": "N047 Zhao 2011 21855577",
    "et": "SpinalLesionSite",
    "off": 22084,
    "sff": "lesion"
  },
  {
    "docID": "N047 Zhao 2011 21855577",
    "et": "SpinalLesionSite",
    "off": 47687,
    "sff": "lesion"
  },
  {
    "docID": "N047 Zhao 2011 21855577",
    "et": "SpinalLesionSite",
    "off": 30577,
    "sff": "Spinal"
  },
  {
    "docID": "N047 Zhao 2011 21855577",
    "et": "SpinalLesionSite",
    "off": 18232,
    "sff": "lesion"
  },
  {
    "docID": "N047 Zhao 2011 21855577",
    "et": "SpinalLesionSite",
    "off": 18296,
    "sff": "spinal"
  },
  {
    "docID": "N047 Zhao 2011 21855577",
    "et": "SpinalLesionSite",
    "off": 50036,
    "sff": "Spinal"
  },
  {
    "docID": "N047 Zhao 2011 21855577",
    "et": "SpinalLesionSite",
    "off": 32574,
    "sff": "lesion"
  },
  {
    "docID": "N047 Zhao 2011 21855577",
    "et": "SpinalLesionSite",
    "off": 30769,
    "sff": "lesion"
  },
  {
    "docID": "N047 Zhao 2011 21855577",
    "et": "SpinalLesionSite",
    "off": 44159,
    "sff": "spinal"
  },
  {
    "docID": "N047 Zhao 2011 21855577",
    "et": "SpinalLesionSite",
    "off": 18047,
    "sff": "spinal"
  },
  {
    "docID": "N047 Zhao 2011 21855577",
    "et": "SpinalLesionSite",
    "off": 21810,
    "sff": "lesion"
  },
  {
    "docID": "N047 Zhao 2011 21855577",
    "et": "SpinalLesionSite",
    "off": 39806,
    "sff": "spinal"
  },
  {
    "docID": "N047 Zhao 2011 21855577",
    "et": "SpinalLesionSite",
    "off": 39986,
    "sff": "lesion"
  },
  {
    "docID": "N047 Zhao 2011 21855577",
    "et": "SpinalLesionSite",
    "off": 6522,
    "sff": "spinal"
  },
  {
    "docID": "N047 Zhao 2011 21855577",
    "et": "SpinalLesionSite",
    "off": 17972,
    "sff": "lesion"
  }
]
