[
  {
    "docID": "N048 Garcia-Alias 2015 25666586",
    "et": "AnatomicalLocation",
    "off": 28452,
    "sff": "anatomical"
  },
  {
    "docID": "N048 Garcia-Alias 2015 25666586",
    "et": "AnatomicalLocation",
    "off": 4317,
    "sff": "Anatomical"
  },
  {
    "docID": "N048 Garcia-Alias 2015 25666586",
    "et": "AnatomicalLocation",
    "off": 43858,
    "sff": "anatomical"
  },
  {
    "docID": "N048 Garcia-Alias 2015 25666586",
    "et": "AnatomicalLocation",
    "off": 5009,
    "sff": "anatomical"
  },
  {
    "docID": "N048 Garcia-Alias 2015 25666586",
    "et": "AnatomicalLocation",
    "off": 34150,
    "sff": "anatomical"
  },
  {
    "docID": "N048 Garcia-Alias 2015 25666586",
    "et": "AnatomicalLocation",
    "off": 45209,
    "sff": "Anatomical"
  },
  {
    "docID": "N048 Garcia-Alias 2015 25666586",
    "et": "AnatomicalLocation",
    "off": 4156,
    "sff": "anatomical"
  },
  {
    "docID": "N048 Garcia-Alias 2015 25666586",
    "et": "AnatomicalLocation",
    "off": 26460,
    "sff": "anatomical"
  },
  {
    "docID": "N048 Garcia-Alias 2015 25666586",
    "et": "AnatomicalLocation",
    "off": 36460,
    "sff": "anatomical"
  },
  {
    "docID": "N048 Garcia-Alias 2015 25666586",
    "et": "AnatomicalLocation",
    "off": 39739,
    "sff": "anatomical"
  },
  {
    "docID": "N048 Garcia-Alias 2015 25666586",
    "et": "AnatomicalLocation",
    "off": 20473,
    "sff": "anatomical"
  },
  {
    "docID": "N048 Garcia-Alias 2015 25666586",
    "et": "AnatomicalLocation",
    "off": 28655,
    "sff": "anatomical"
  },
  {
    "docID": "N048 Garcia-Alias 2015 25666586",
    "et": "Lumbar",
    "off": 41284,
    "sff": "lumbar"
  },
  {
    "docID": "N048 Garcia-Alias 2015 25666586",
    "et": "Brain",
    "off": 40672,
    "sff": "Brain"
  },
  {
    "docID": "N048 Garcia-Alias 2015 25666586",
    "et": "Brain",
    "off": 40831,
    "sff": "Brain"
  },
  {
    "docID": "N048 Garcia-Alias 2015 25666586",
    "et": "Brain",
    "off": 44110,
    "sff": "Brain"
  },
  {
    "docID": "N048 Garcia-Alias 2015 25666586",
    "et": "Brain",
    "off": 45517,
    "sff": "Brain"
  },
  {
    "docID": "N048 Garcia-Alias 2015 25666586",
    "et": "Brain",
    "off": 44041,
    "sff": "Brain"
  },
  {
    "docID": "N048 Garcia-Alias 2015 25666586",
    "et": "Brain",
    "off": 46922,
    "sff": "Brain"
  },
  {
    "docID": "N048 Garcia-Alias 2015 25666586",
    "et": "Brain",
    "off": 43221,
    "sff": "Brain"
  },
  {
    "docID": "N048 Garcia-Alias 2015 25666586",
    "et": "Brain",
    "off": 679,
    "sff": "Brain"
  },
  {
    "docID": "N048 Garcia-Alias 2015 25666586",
    "et": "Brain",
    "off": 42567,
    "sff": "Brain"
  },
  {
    "docID": "N048 Garcia-Alias 2015 25666586",
    "et": "Brain",
    "off": 44390,
    "sff": "Brain"
  },
  {
    "docID": "N048 Garcia-Alias 2015 25666586",
    "et": "AscendingFiberTract",
    "off": 13748,
    "sff": "fiber"
  },
  {
    "docID": "N048 Garcia-Alias 2015 25666586",
    "et": "AscendingFiberTract",
    "off": 40929,
    "sff": "ascending"
  },
  {
    "docID": "N048 Garcia-Alias 2015 25666586",
    "et": "AscendingFiberTract",
    "off": 15149,
    "sff": "fiber"
  },
  {
    "docID": "N048 Garcia-Alias 2015 25666586",
    "et": "AscendingFiberTract",
    "off": 32902,
    "sff": "ascending"
  },
  {
    "docID": "N048 Garcia-Alias 2015 25666586",
    "et": "Intraspinal",
    "off": 40133,
    "sff": "intraspinal"
  },
  {
    "docID": "N048 Garcia-Alias 2015 25666586",
    "et": "SpinalWhiteMatter",
    "off": 24912,
    "sff": "white matter"
  },
  {
    "docID": "N048 Garcia-Alias 2015 25666586",
    "et": "SpinalWhiteMatter",
    "off": 25597,
    "sff": "white"
  },
  {
    "docID": "N048 Garcia-Alias 2015 25666586",
    "et": "SpinalWhiteMatter",
    "off": 16133,
    "sff": "white matter"
  },
  {
    "docID": "N048 Garcia-Alias 2015 25666586",
    "et": "SpinalWhiteMatter",
    "off": 37655,
    "sff": "white"
  },
  {
    "docID": "N048 Garcia-Alias 2015 25666586",
    "et": "SpinalWhiteMatter",
    "off": 20391,
    "sff": "white matter"
  },
  {
    "docID": "N048 Garcia-Alias 2015 25666586",
    "et": "SpinalWhiteMatter",
    "off": 25330,
    "sff": "white"
  },
  {
    "docID": "N048 Garcia-Alias 2015 25666586",
    "et": "SpinalWhiteMatter",
    "off": 19536,
    "sff": "white"
  },
  {
    "docID": "N048 Garcia-Alias 2015 25666586",
    "et": "SpinalFiberTract",
    "off": 15149,
    "sff": "fiber"
  },
  {
    "docID": "N048 Garcia-Alias 2015 25666586",
    "et": "SpinalFiberTract",
    "off": 13748,
    "sff": "fiber"
  },
  {
    "docID": "N048 Garcia-Alias 2015 25666586",
    "et": "SpinalDorsalHalf",
    "off": 34546,
    "sff": "dorsal"
  },
  {
    "docID": "N048 Garcia-Alias 2015 25666586",
    "et": "SpinalDorsalHalf",
    "off": 26032,
    "sff": "dorsal"
  },
  {
    "docID": "N048 Garcia-Alias 2015 25666586",
    "et": "SpinalDorsalHalf",
    "off": 31217,
    "sff": "dorsal"
  },
  {
    "docID": "N048 Garcia-Alias 2015 25666586",
    "et": "SpinalDorsalHalf",
    "off": 6493,
    "sff": "dorsal"
  },
  {
    "docID": "N048 Garcia-Alias 2015 25666586",
    "et": "SpinalDorsalHalf",
    "off": 20286,
    "sff": "dorsal"
  },
  {
    "docID": "N048 Garcia-Alias 2015 25666586",
    "et": "SpinalDorsalHalf",
    "off": 45263,
    "sff": "dorsal"
  },
  {
    "docID": "N048 Garcia-Alias 2015 25666586",
    "et": "SpinalDorsalHalf",
    "off": 8286,
    "sff": "dorsal"
  },
  {
    "docID": "N048 Garcia-Alias 2015 25666586",
    "et": "SpinalDorsalHalf",
    "off": 27110,
    "sff": "dorsal"
  },
  {
    "docID": "N048 Garcia-Alias 2015 25666586",
    "et": "SpinalDorsalHalf",
    "off": 46326,
    "sff": "dorsal"
  },
  {
    "docID": "N048 Garcia-Alias 2015 25666586",
    "et": "SpinalVentralHalf",
    "off": 26043,
    "sff": "ventral"
  },
  {
    "docID": "N048 Garcia-Alias 2015 25666586",
    "et": "SpinalVentralHalf",
    "off": 45274,
    "sff": "ventral"
  },
  {
    "docID": "N048 Garcia-Alias 2015 25666586",
    "et": "SpinalVentralHalf",
    "off": 34524,
    "sff": "ventral"
  },
  {
    "docID": "N048 Garcia-Alias 2015 25666586",
    "et": "SpinalVentralHalf",
    "off": 2560,
    "sff": "ventral"
  },
  {
    "docID": "N048 Garcia-Alias 2015 25666586",
    "et": "SpinalVentralHalf",
    "off": 31314,
    "sff": "ventral"
  },
  {
    "docID": "N048 Garcia-Alias 2015 25666586",
    "et": "SpinalVentralHalf",
    "off": 7605,
    "sff": "ventral"
  },
  {
    "docID": "N048 Garcia-Alias 2015 25666586",
    "et": "SpinalVentralHalf",
    "off": 24980,
    "sff": "ventral"
  },
  {
    "docID": "N048 Garcia-Alias 2015 25666586",
    "et": "SpinalVentralHalf",
    "off": 20362,
    "sff": "ventral"
  },
  {
    "docID": "N048 Garcia-Alias 2015 25666586",
    "et": "SpinalVentralHalf",
    "off": 16570,
    "sff": "Ventral"
  },
  {
    "docID": "N048 Garcia-Alias 2015 25666586",
    "et": "SpinalVentralHalf",
    "off": 37615,
    "sff": "ventral"
  },
  {
    "docID": "N048 Garcia-Alias 2015 25666586",
    "et": "SpinalVentralHalf",
    "off": 19043,
    "sff": "ventral"
  },
  {
    "docID": "N048 Garcia-Alias 2015 25666586",
    "et": "SpinalVentralHalf",
    "off": 26596,
    "sff": "ventral"
  },
  {
    "docID": "N048 Garcia-Alias 2015 25666586",
    "et": "SpinalVentralHalf",
    "off": 24904,
    "sff": "ventral"
  },
  {
    "docID": "N048 Garcia-Alias 2015 25666586",
    "et": "SpinalCord",
    "off": 9001,
    "sff": "cord"
  },
  {
    "docID": "N048 Garcia-Alias 2015 25666586",
    "et": "SpinalCord",
    "off": 32815,
    "sff": "cord"
  },
  {
    "docID": "N048 Garcia-Alias 2015 25666586",
    "et": "SpinalCord",
    "off": 40239,
    "sff": "cord"
  },
  {
    "docID": "N048 Garcia-Alias 2015 25666586",
    "et": "SpinalCord",
    "off": 16945,
    "sff": "cord"
  },
  {
    "docID": "N048 Garcia-Alias 2015 25666586",
    "et": "SpinalCord",
    "off": 45106,
    "sff": "cord"
  },
  {
    "docID": "N048 Garcia-Alias 2015 25666586",
    "et": "SpinalCord",
    "off": 37147,
    "sff": "cord"
  },
  {
    "docID": "N048 Garcia-Alias 2015 25666586",
    "et": "SpinalCord",
    "off": 46235,
    "sff": "cord"
  },
  {
    "docID": "N048 Garcia-Alias 2015 25666586",
    "et": "SpinalCord",
    "off": 5657,
    "sff": "cord"
  },
  {
    "docID": "N048 Garcia-Alias 2015 25666586",
    "et": "SpinalCord",
    "off": 39065,
    "sff": "cord"
  },
  {
    "docID": "N048 Garcia-Alias 2015 25666586",
    "et": "SpinalCord",
    "off": 4001,
    "sff": "cord"
  },
  {
    "docID": "N048 Garcia-Alias 2015 25666586",
    "et": "SpinalCord",
    "off": 26658,
    "sff": "cord"
  },
  {
    "docID": "N048 Garcia-Alias 2015 25666586",
    "et": "SpinalCord",
    "off": 33186,
    "sff": "cord"
  },
  {
    "docID": "N048 Garcia-Alias 2015 25666586",
    "et": "SpinalCord",
    "off": 19874,
    "sff": "cord"
  },
  {
    "docID": "N048 Garcia-Alias 2015 25666586",
    "et": "SpinalCord",
    "off": 46631,
    "sff": "cord"
  },
  {
    "docID": "N048 Garcia-Alias 2015 25666586",
    "et": "SpinalCord",
    "off": 40102,
    "sff": "cord"
  },
  {
    "docID": "N048 Garcia-Alias 2015 25666586",
    "et": "SpinalCord",
    "off": 4262,
    "sff": "cord"
  },
  {
    "docID": "N048 Garcia-Alias 2015 25666586",
    "et": "SpinalCord",
    "off": 41673,
    "sff": "cord"
  },
  {
    "docID": "N048 Garcia-Alias 2015 25666586",
    "et": "SpinalCord",
    "off": 26318,
    "sff": "cord"
  },
  {
    "docID": "N048 Garcia-Alias 2015 25666586",
    "et": "SpinalCord",
    "off": 37581,
    "sff": "cord"
  },
  {
    "docID": "N048 Garcia-Alias 2015 25666586",
    "et": "SpinalCord",
    "off": 40659,
    "sff": "cord"
  },
  {
    "docID": "N048 Garcia-Alias 2015 25666586",
    "et": "SpinalCord",
    "off": 41299,
    "sff": "cord"
  },
  {
    "docID": "N048 Garcia-Alias 2015 25666586",
    "et": "SpinalCord",
    "off": 41810,
    "sff": "cord"
  },
  {
    "docID": "N048 Garcia-Alias 2015 25666586",
    "et": "SpinalCord",
    "off": 31704,
    "sff": "cord"
  },
  {
    "docID": "N048 Garcia-Alias 2015 25666586",
    "et": "SpinalCord",
    "off": 2621,
    "sff": "cord"
  },
  {
    "docID": "N048 Garcia-Alias 2015 25666586",
    "et": "SpinalCord",
    "off": 37309,
    "sff": "cord"
  },
  {
    "docID": "N048 Garcia-Alias 2015 25666586",
    "et": "SpinalCord",
    "off": 4419,
    "sff": "cord"
  },
  {
    "docID": "N048 Garcia-Alias 2015 25666586",
    "et": "SpinalCord",
    "off": 16194,
    "sff": "cord"
  },
  {
    "docID": "N048 Garcia-Alias 2015 25666586",
    "et": "SpinalCord",
    "off": 15212,
    "sff": "cord"
  },
  {
    "docID": "N048 Garcia-Alias 2015 25666586",
    "et": "SpinalCord",
    "off": 29035,
    "sff": "cord"
  },
  {
    "docID": "N048 Garcia-Alias 2015 25666586",
    "et": "SpinalCord",
    "off": 1007,
    "sff": "cord"
  },
  {
    "docID": "N048 Garcia-Alias 2015 25666586",
    "et": "SpinalCord",
    "off": 42351,
    "sff": "cord"
  },
  {
    "docID": "N048 Garcia-Alias 2015 25666586",
    "et": "SpinalCord",
    "off": 42866,
    "sff": "cord"
  },
  {
    "docID": "N048 Garcia-Alias 2015 25666586",
    "et": "SpinalCord",
    "off": 27505,
    "sff": "cord"
  },
  {
    "docID": "N048 Garcia-Alias 2015 25666586",
    "et": "SpinalCord",
    "off": 4727,
    "sff": "cord"
  },
  {
    "docID": "N048 Garcia-Alias 2015 25666586",
    "et": "SpinalCord",
    "off": 6776,
    "sff": "cord"
  },
  {
    "docID": "N048 Garcia-Alias 2015 25666586",
    "et": "SpinalCord",
    "off": 4825,
    "sff": "cord"
  },
  {
    "docID": "N048 Garcia-Alias 2015 25666586",
    "et": "SpinalCord",
    "off": 31329,
    "sff": "cord"
  },
  {
    "docID": "N048 Garcia-Alias 2015 25666586",
    "et": "SpinalCord",
    "off": 29580,
    "sff": "cord"
  },
  {
    "docID": "N048 Garcia-Alias 2015 25666586",
    "et": "SpinalCord",
    "off": 42507,
    "sff": "cord"
  },
  {
    "docID": "N048 Garcia-Alias 2015 25666586",
    "et": "SpinalCord",
    "off": 38793,
    "sff": "cord"
  },
  {
    "docID": "N048 Garcia-Alias 2015 25666586",
    "et": "SpinalCord",
    "off": 14093,
    "sff": "cord"
  },
  {
    "docID": "N048 Garcia-Alias 2015 25666586",
    "et": "SpinalCord",
    "off": 43406,
    "sff": "cord"
  },
  {
    "docID": "N048 Garcia-Alias 2015 25666586",
    "et": "SpinalCord",
    "off": 30605,
    "sff": "cord"
  },
  {
    "docID": "N048 Garcia-Alias 2015 25666586",
    "et": "SpinalCord",
    "off": 33044,
    "sff": "cord"
  },
  {
    "docID": "N048 Garcia-Alias 2015 25666586",
    "et": "SpinalCord",
    "off": 8088,
    "sff": "cord"
  },
  {
    "docID": "N048 Garcia-Alias 2015 25666586",
    "et": "SpinalCord",
    "off": 31255,
    "sff": "cord"
  },
  {
    "docID": "N048 Garcia-Alias 2015 25666586",
    "et": "SpinalCord",
    "off": 32407,
    "sff": "cord"
  },
  {
    "docID": "N048 Garcia-Alias 2015 25666586",
    "et": "SpinalCord",
    "off": 28438,
    "sff": "cord"
  },
  {
    "docID": "N048 Garcia-Alias 2015 25666586",
    "et": "SpinalCord",
    "off": 32790,
    "sff": "cord"
  },
  {
    "docID": "N048 Garcia-Alias 2015 25666586",
    "et": "SpinalCord",
    "off": 39702,
    "sff": "cord"
  },
  {
    "docID": "N048 Garcia-Alias 2015 25666586",
    "et": "SpinalCord",
    "off": 3350,
    "sff": "cord"
  },
  {
    "docID": "N048 Garcia-Alias 2015 25666586",
    "et": "SpinalCord",
    "off": 27797,
    "sff": "cord"
  },
  {
    "docID": "N048 Garcia-Alias 2015 25666586",
    "et": "SpinalCord",
    "off": 38416,
    "sff": "Cord"
  },
  {
    "docID": "N048 Garcia-Alias 2015 25666586",
    "et": "SpinalCord",
    "off": 8955,
    "sff": "cord"
  },
  {
    "docID": "N048 Garcia-Alias 2015 25666586",
    "et": "SpinalCord",
    "off": 45308,
    "sff": "cord"
  },
  {
    "docID": "N048 Garcia-Alias 2015 25666586",
    "et": "SpinalCord",
    "off": 41082,
    "sff": "cord"
  },
  {
    "docID": "N048 Garcia-Alias 2015 25666586",
    "et": "SpinalCord",
    "off": 39929,
    "sff": "cord"
  },
  {
    "docID": "N048 Garcia-Alias 2015 25666586",
    "et": "SpinalCord",
    "off": 17286,
    "sff": "cord"
  },
  {
    "docID": "N048 Garcia-Alias 2015 25666586",
    "et": "DorsalColumn",
    "off": 6493,
    "sff": "dorsal"
  },
  {
    "docID": "N048 Garcia-Alias 2015 25666586",
    "et": "DorsalColumn",
    "off": 45263,
    "sff": "dorsal"
  },
  {
    "docID": "N048 Garcia-Alias 2015 25666586",
    "et": "DorsalColumn",
    "off": 31217,
    "sff": "dorsal"
  },
  {
    "docID": "N048 Garcia-Alias 2015 25666586",
    "et": "DorsalColumn",
    "off": 26032,
    "sff": "dorsal"
  },
  {
    "docID": "N048 Garcia-Alias 2015 25666586",
    "et": "DorsalColumn",
    "off": 8286,
    "sff": "dorsal"
  },
  {
    "docID": "N048 Garcia-Alias 2015 25666586",
    "et": "DorsalColumn",
    "off": 20286,
    "sff": "dorsal"
  },
  {
    "docID": "N048 Garcia-Alias 2015 25666586",
    "et": "DorsalColumn",
    "off": 46326,
    "sff": "dorsal column"
  },
  {
    "docID": "N048 Garcia-Alias 2015 25666586",
    "et": "DorsalColumn",
    "off": 34546,
    "sff": "dorsal"
  },
  {
    "docID": "N048 Garcia-Alias 2015 25666586",
    "et": "DorsalColumn",
    "off": 27110,
    "sff": "dorsal"
  },
  {
    "docID": "N048 Garcia-Alias 2015 25666586",
    "et": "LesionAdjacentTissue",
    "off": 26023,
    "sff": "adjacent"
  },
  {
    "docID": "N048 Garcia-Alias 2015 25666586",
    "et": "LesionAdjacentTissue",
    "off": 42834,
    "sff": "lesion"
  },
  {
    "docID": "N048 Garcia-Alias 2015 25666586",
    "et": "LesionAdjacentTissue",
    "off": 33837,
    "sff": "adjacent"
  },
  {
    "docID": "N048 Garcia-Alias 2015 25666586",
    "et": "Cervical",
    "off": 43501,
    "sff": "Cervical"
  },
  {
    "docID": "N048 Garcia-Alias 2015 25666586",
    "et": "Cervical",
    "off": 46614,
    "sff": "cervical"
  },
  {
    "docID": "N048 Garcia-Alias 2015 25666586",
    "et": "Cervical",
    "off": 5463,
    "sff": "cervical"
  },
  {
    "docID": "N048 Garcia-Alias 2015 25666586",
    "et": "Cervical",
    "off": 28629,
    "sff": "cervical"
  },
  {
    "docID": "N048 Garcia-Alias 2015 25666586",
    "et": "Cervical",
    "off": 19857,
    "sff": "cervical"
  },
  {
    "docID": "N048 Garcia-Alias 2015 25666586",
    "et": "Cervical",
    "off": 26642,
    "sff": "cervical"
  },
  {
    "docID": "N048 Garcia-Alias 2015 25666586",
    "et": "Cervical",
    "off": 25361,
    "sff": "cervical"
  },
  {
    "docID": "N048 Garcia-Alias 2015 25666586",
    "et": "Cervical",
    "off": 2605,
    "sff": "cervical"
  },
  {
    "docID": "N048 Garcia-Alias 2015 25666586",
    "et": "Cervical",
    "off": 17645,
    "sff": "cervical"
  },
  {
    "docID": "N048 Garcia-Alias 2015 25666586",
    "et": "Cervical",
    "off": 5641,
    "sff": "cervical"
  },
  {
    "docID": "N048 Garcia-Alias 2015 25666586",
    "et": "Cervical",
    "off": 6760,
    "sff": "cervical"
  },
  {
    "docID": "N048 Garcia-Alias 2015 25666586",
    "et": "Cervical",
    "off": 37131,
    "sff": "cervical"
  },
  {
    "docID": "N048 Garcia-Alias 2015 25666586",
    "et": "Cervical",
    "off": 8938,
    "sff": "cervical"
  },
  {
    "docID": "N048 Garcia-Alias 2015 25666586",
    "et": "Cervical",
    "off": 32073,
    "sff": "cervical"
  },
  {
    "docID": "N048 Garcia-Alias 2015 25666586",
    "et": "Cervical",
    "off": 28422,
    "sff": "cervical"
  },
  {
    "docID": "N048 Garcia-Alias 2015 25666586",
    "et": "Cervical",
    "off": 30596,
    "sff": "cervical"
  },
  {
    "docID": "N048 Garcia-Alias 2015 25666586",
    "et": "Cervical",
    "off": 27489,
    "sff": "cervical"
  },
  {
    "docID": "N048 Garcia-Alias 2015 25666586",
    "et": "Cervical",
    "off": 20894,
    "sff": "cervical"
  },
  {
    "docID": "N048 Garcia-Alias 2015 25666586",
    "et": "Cervical",
    "off": 26301,
    "sff": "cervical"
  },
  {
    "docID": "N048 Garcia-Alias 2015 25666586",
    "et": "CentralNervousSystem",
    "off": 41384,
    "sff": "nervous system"
  },
  {
    "docID": "N048 Garcia-Alias 2015 25666586",
    "et": "CentralNervousSystem",
    "off": 42707,
    "sff": "nervous"
  },
  {
    "docID": "N048 Garcia-Alias 2015 25666586",
    "et": "CentralNervousSystem",
    "off": 42707,
    "sff": "nervous system"
  },
  {
    "docID": "N048 Garcia-Alias 2015 25666586",
    "et": "CentralNervousSystem",
    "off": 12098,
    "sff": "central"
  },
  {
    "docID": "N048 Garcia-Alias 2015 25666586",
    "et": "CentralNervousSystem",
    "off": 41384,
    "sff": "nervous"
  },
  {
    "docID": "N048 Garcia-Alias 2015 25666586",
    "et": "SpinalGrayMatter",
    "off": 6741,
    "sff": "gray matter"
  },
  {
    "docID": "N048 Garcia-Alias 2015 25666586",
    "et": "SpinalGrayMatter",
    "off": 31823,
    "sff": "gray matter"
  },
  {
    "docID": "N048 Garcia-Alias 2015 25666586",
    "et": "SpinalGrayMatter",
    "off": 19216,
    "sff": "gray matter"
  },
  {
    "docID": "N048 Garcia-Alias 2015 25666586",
    "et": "SpinalGrayMatter",
    "off": 25104,
    "sff": "gray matter"
  },
  {
    "docID": "N048 Garcia-Alias 2015 25666586",
    "et": "SpinalGrayMatter",
    "off": 32764,
    "sff": "gray matter"
  },
  {
    "docID": "N048 Garcia-Alias 2015 25666586",
    "et": "SpinalGrayMatter",
    "off": 25341,
    "sff": "gray matter"
  },
  {
    "docID": "N048 Garcia-Alias 2015 25666586",
    "et": "SpinalGrayMatter",
    "off": 25562,
    "sff": "gray matter"
  },
  {
    "docID": "N048 Garcia-Alias 2015 25666586",
    "et": "SpinalGrayMatter",
    "off": 17731,
    "sff": "gray matter"
  },
  {
    "docID": "N048 Garcia-Alias 2015 25666586",
    "et": "SpinalGrayMatter",
    "off": 32037,
    "sff": "gray matter"
  },
  {
    "docID": "N048 Garcia-Alias 2015 25666586",
    "et": "SpinalGrayMatter",
    "off": 7078,
    "sff": "gray matter"
  },
  {
    "docID": "N048 Garcia-Alias 2015 25666586",
    "et": "SpinalGrayMatter",
    "off": 24961,
    "sff": "gray matter"
  },
  {
    "docID": "N048 Garcia-Alias 2015 25666586",
    "et": "SpinalGrayMatter",
    "off": 19051,
    "sff": "gray matter"
  },
  {
    "docID": "N048 Garcia-Alias 2015 25666586",
    "et": "SpinalGrayMatter",
    "off": 19467,
    "sff": "gray matter"
  },
  {
    "docID": "N048 Garcia-Alias 2015 25666586",
    "et": "SpinalGrayMatter",
    "off": 31500,
    "sff": "gray matter"
  },
  {
    "docID": "N048 Garcia-Alias 2015 25666586",
    "et": "SpinalGrayMatter",
    "off": 8654,
    "sff": "gray matter"
  },
  {
    "docID": "N048 Garcia-Alias 2015 25666586",
    "et": "Location",
    "off": 36773,
    "sff": "location"
  },
  {
    "docID": "N048 Garcia-Alias 2015 25666586",
    "et": "Location",
    "off": 20951,
    "sff": "location"
  },
  {
    "docID": "N048 Garcia-Alias 2015 25666586",
    "et": "Location",
    "off": 35642,
    "sff": "location"
  },
  {
    "docID": "N048 Garcia-Alias 2015 25666586",
    "et": "C2",
    "off": 25146,
    "sff": "C2"
  },
  {
    "docID": "N048 Garcia-Alias 2015 25666586",
    "et": "C2",
    "off": 15996,
    "sff": "C2"
  },
  {
    "docID": "N048 Garcia-Alias 2015 25666586",
    "et": "C2",
    "off": 31517,
    "sff": "C2"
  },
  {
    "docID": "N048 Garcia-Alias 2015 25666586",
    "et": "C2",
    "off": 32109,
    "sff": "C2"
  },
  {
    "docID": "N048 Garcia-Alias 2015 25666586",
    "et": "C4",
    "off": 17275,
    "sff": "C4"
  },
  {
    "docID": "N048 Garcia-Alias 2015 25666586",
    "et": "C4",
    "off": 1637,
    "sff": "C4"
  },
  {
    "docID": "N048 Garcia-Alias 2015 25666586",
    "et": "C4",
    "off": 20033,
    "sff": "C4"
  },
  {
    "docID": "N048 Garcia-Alias 2015 25666586",
    "et": "C4",
    "off": 32115,
    "sff": "C4"
  },
  {
    "docID": "N048 Garcia-Alias 2015 25666586",
    "et": "C4",
    "off": 16797,
    "sff": "C4"
  },
  {
    "docID": "N048 Garcia-Alias 2015 25666586",
    "et": "C4",
    "off": 17150,
    "sff": "C4"
  },
  {
    "docID": "N048 Garcia-Alias 2015 25666586",
    "et": "C4",
    "off": 8047,
    "sff": "C4"
  },
  {
    "docID": "N048 Garcia-Alias 2015 25666586",
    "et": "C5",
    "off": 32265,
    "sff": "C5"
  },
  {
    "docID": "N048 Garcia-Alias 2015 25666586",
    "et": "C5",
    "off": 8050,
    "sff": "C5"
  },
  {
    "docID": "N048 Garcia-Alias 2015 25666586",
    "et": "C6",
    "off": 25684,
    "sff": "C6"
  },
  {
    "docID": "N048 Garcia-Alias 2015 25666586",
    "et": "CorticospinalTract",
    "off": 36011,
    "sff": "corticospinal"
  },
  {
    "docID": "N048 Garcia-Alias 2015 25666586",
    "et": "CorticospinalTract",
    "off": 942,
    "sff": "Corticospinal"
  },
  {
    "docID": "N048 Garcia-Alias 2015 25666586",
    "et": "CorticospinalTract",
    "off": 44249,
    "sff": "corticospinal"
  },
  {
    "docID": "N048 Garcia-Alias 2015 25666586",
    "et": "CorticospinalTract",
    "off": 3375,
    "sff": "corticospinal tract"
  },
  {
    "docID": "N048 Garcia-Alias 2015 25666586",
    "et": "CorticospinalTract",
    "off": 1055,
    "sff": "corticospinal"
  },
  {
    "docID": "N048 Garcia-Alias 2015 25666586",
    "et": "CorticospinalTract",
    "off": 45058,
    "sff": "corticospinal"
  },
  {
    "docID": "N048 Garcia-Alias 2015 25666586",
    "et": "CorticospinalTract",
    "off": 4627,
    "sff": "corticospinal"
  },
  {
    "docID": "N048 Garcia-Alias 2015 25666586",
    "et": "CorticospinalTract",
    "off": 277,
    "sff": "corticospinal"
  },
  {
    "docID": "N048 Garcia-Alias 2015 25666586",
    "et": "CorticospinalTract",
    "off": 1349,
    "sff": "corticospinal"
  },
  {
    "docID": "N048 Garcia-Alias 2015 25666586",
    "et": "CorticospinalTract",
    "off": 1525,
    "sff": "corticospinal tract"
  },
  {
    "docID": "N048 Garcia-Alias 2015 25666586",
    "et": "C7",
    "off": 25688,
    "sff": "C7"
  },
  {
    "docID": "N048 Garcia-Alias 2015 25666586",
    "et": "C7",
    "off": 20681,
    "sff": "C7"
  },
  {
    "docID": "N048 Garcia-Alias 2015 25666586",
    "et": "C7",
    "off": 1732,
    "sff": "C7"
  },
  {
    "docID": "N048 Garcia-Alias 2015 25666586",
    "et": "C7",
    "off": 19070,
    "sff": "C7"
  },
  {
    "docID": "N048 Garcia-Alias 2015 25666586",
    "et": "C7",
    "off": 8367,
    "sff": "C7"
  },
  {
    "docID": "N048 Garcia-Alias 2015 25666586",
    "et": "SpinalCentralPart",
    "off": 12098,
    "sff": "central"
  },
  {
    "docID": "N048 Garcia-Alias 2015 25666586",
    "et": "InjectionDelivery",
    "off": 20744,
    "sff": "injection"
  },
  {
    "docID": "N048 Garcia-Alias 2015 25666586",
    "et": "InjectionDelivery",
    "off": 20845,
    "sff": "injection"
  },
  {
    "docID": "N048 Garcia-Alias 2015 25666586",
    "et": "InjectionDelivery",
    "off": 7407,
    "sff": "injection"
  },
  {
    "docID": "N048 Garcia-Alias 2015 25666586",
    "et": "InjectionDelivery",
    "off": 19247,
    "sff": "injection"
  },
  {
    "docID": "N048 Garcia-Alias 2015 25666586",
    "et": "InjectionDelivery",
    "off": 13124,
    "sff": "injection"
  },
  {
    "docID": "N048 Garcia-Alias 2015 25666586",
    "et": "InjectionDelivery",
    "off": 9045,
    "sff": "injection"
  },
  {
    "docID": "N048 Garcia-Alias 2015 25666586",
    "et": "InjectionDelivery",
    "off": 13413,
    "sff": "injection"
  },
  {
    "docID": "N048 Garcia-Alias 2015 25666586",
    "et": "SpinalLesionSite",
    "off": 42834,
    "sff": "lesion"
  },
  {
    "docID": "N048 Garcia-Alias 2015 25666586",
    "et": "T1",
    "off": 31523,
    "sff": "T1"
  },
  {
    "docID": "N048 Garcia-Alias 2015 25666586",
    "et": "T1",
    "off": 16003,
    "sff": "T1"
  },
  {
    "docID": "N048 Garcia-Alias 2015 25666586",
    "et": "RubrospinalTract",
    "off": 295,
    "sff": "rubrospinal tract"
  },
  {
    "docID": "N048 Garcia-Alias 2015 25666586",
    "et": "RubrospinalTract",
    "off": 46344,
    "sff": "rubrospinal tract"
  },
  {
    "docID": "N048 Garcia-Alias 2015 25666586",
    "et": "RubrospinalTract",
    "off": 3430,
    "sff": "rubrospinal tract"
  },
  {
    "docID": "N048 Garcia-Alias 2015 25666586",
    "et": "RubrospinalTract",
    "off": 1616,
    "sff": "rubrospinal"
  },
  {
    "docID": "N048 Garcia-Alias 2015 25666586",
    "et": "RubrospinalTract",
    "off": 1073,
    "sff": "rubrospinal"
  },
  {
    "docID": "N048 Garcia-Alias 2015 25666586",
    "et": "RubrospinalTract",
    "off": 36029,
    "sff": "rubrospinal"
  },
  {
    "docID": "N048 Garcia-Alias 2015 25666586",
    "et": "RubrospinalTract",
    "off": 43807,
    "sff": "rubrospinal tract"
  },
  {
    "docID": "N048 Garcia-Alias 2015 25666586",
    "et": "RubrospinalTract",
    "off": 35446,
    "sff": "rubrospinal"
  },
  {
    "docID": "N048 Garcia-Alias 2015 25666586",
    "et": "RubrospinalTract",
    "off": 1367,
    "sff": "rubrospinal"
  },
  {
    "docID": "N048 Garcia-Alias 2015 25666586",
    "et": "RubrospinalTract",
    "off": 35192,
    "sff": "rubrospinal"
  }
]
