[
  {
    "docID": "N049 Wang 2011 21299884",
    "et": "T9",
    "off": 7792,
    "sff": "T9"
  },
  {
    "docID": "N049 Wang 2011 21299884",
    "et": "T9",
    "off": 38900,
    "sff": "T9"
  },
  {
    "docID": "N049 Wang 2011 21299884",
    "et": "T10",
    "off": 7795,
    "sff": "T10"
  },
  {
    "docID": "N049 Wang 2011 21299884",
    "et": "Thoracic",
    "off": 1054,
    "sff": "thoracic"
  },
  {
    "docID": "N049 Wang 2011 21299884",
    "et": "Brain",
    "off": 45322,
    "sff": "brain"
  },
  {
    "docID": "N049 Wang 2011 21299884",
    "et": "Brain",
    "off": 56988,
    "sff": "Brain"
  },
  {
    "docID": "N049 Wang 2011 21299884",
    "et": "AscendingFiberTract",
    "off": 3621,
    "sff": "fiber"
  },
  {
    "docID": "N049 Wang 2011 21299884",
    "et": "AscendingFiberTract",
    "off": 4060,
    "sff": "ascending"
  },
  {
    "docID": "N049 Wang 2011 21299884",
    "et": "AscendingFiberTract",
    "off": 38412,
    "sff": "fiber"
  },
  {
    "docID": "N049 Wang 2011 21299884",
    "et": "AscendingFiberTract",
    "off": 37968,
    "sff": "fiber"
  },
  {
    "docID": "N049 Wang 2011 21299884",
    "et": "Intraspinal",
    "off": 20495,
    "sff": "intraspinal"
  },
  {
    "docID": "N049 Wang 2011 21299884",
    "et": "Intraspinal",
    "off": 32752,
    "sff": "intraspinal"
  },
  {
    "docID": "N049 Wang 2011 21299884",
    "et": "Intraspinal",
    "off": 46377,
    "sff": "intraspinal"
  },
  {
    "docID": "N049 Wang 2011 21299884",
    "et": "SpinalWhiteMatter",
    "off": 26295,
    "sff": "white matter"
  },
  {
    "docID": "N049 Wang 2011 21299884",
    "et": "SpinalWhiteMatter",
    "off": 34152,
    "sff": "white matter"
  },
  {
    "docID": "N049 Wang 2011 21299884",
    "et": "SpinalFiberTract",
    "off": 38412,
    "sff": "fiber"
  },
  {
    "docID": "N049 Wang 2011 21299884",
    "et": "SpinalFiberTract",
    "off": 37968,
    "sff": "fiber"
  },
  {
    "docID": "N049 Wang 2011 21299884",
    "et": "SpinalFiberTract",
    "off": 3621,
    "sff": "fiber"
  },
  {
    "docID": "N049 Wang 2011 21299884",
    "et": "SpinalDorsalHalf",
    "off": 15890,
    "sff": "dorsal"
  },
  {
    "docID": "N049 Wang 2011 21299884",
    "et": "SpinalDorsalHalf",
    "off": 16353,
    "sff": "dorsal"
  },
  {
    "docID": "N049 Wang 2011 21299884",
    "et": "SpinalDorsalHalf",
    "off": 48125,
    "sff": "dorsal"
  },
  {
    "docID": "N049 Wang 2011 21299884",
    "et": "SpinalVentralHalf",
    "off": 48136,
    "sff": "ventral"
  },
  {
    "docID": "N049 Wang 2011 21299884",
    "et": "SpinalCord",
    "off": 32843,
    "sff": "cord"
  },
  {
    "docID": "N049 Wang 2011 21299884",
    "et": "SpinalCord",
    "off": 25671,
    "sff": "cord"
  },
  {
    "docID": "N049 Wang 2011 21299884",
    "et": "SpinalCord",
    "off": 29383,
    "sff": "cord"
  },
  {
    "docID": "N049 Wang 2011 21299884",
    "et": "SpinalCord",
    "off": 38471,
    "sff": "cord"
  },
  {
    "docID": "N049 Wang 2011 21299884",
    "et": "SpinalCord",
    "off": 21700,
    "sff": "cord"
  },
  {
    "docID": "N049 Wang 2011 21299884",
    "et": "SpinalCord",
    "off": 42565,
    "sff": "cord"
  },
  {
    "docID": "N049 Wang 2011 21299884",
    "et": "SpinalCord",
    "off": 53136,
    "sff": "Cord"
  },
  {
    "docID": "N049 Wang 2011 21299884",
    "et": "SpinalCord",
    "off": 1618,
    "sff": "cord"
  },
  {
    "docID": "N049 Wang 2011 21299884",
    "et": "SpinalCord",
    "off": 6225,
    "sff": "cord"
  },
  {
    "docID": "N049 Wang 2011 21299884",
    "et": "SpinalCord",
    "off": 7630,
    "sff": "cord"
  },
  {
    "docID": "N049 Wang 2011 21299884",
    "et": "SpinalCord",
    "off": 44878,
    "sff": "cord"
  },
  {
    "docID": "N049 Wang 2011 21299884",
    "et": "SpinalCord",
    "off": 32719,
    "sff": "cord"
  },
  {
    "docID": "N049 Wang 2011 21299884",
    "et": "SpinalCord",
    "off": 38223,
    "sff": "cord"
  },
  {
    "docID": "N049 Wang 2011 21299884",
    "et": "SpinalCord",
    "off": 58574,
    "sff": "cord"
  },
  {
    "docID": "N049 Wang 2011 21299884",
    "et": "SpinalCord",
    "off": 49997,
    "sff": "cord"
  },
  {
    "docID": "N049 Wang 2011 21299884",
    "et": "SpinalCord",
    "off": 52570,
    "sff": "cord"
  },
  {
    "docID": "N049 Wang 2011 21299884",
    "et": "SpinalCord",
    "off": 56920,
    "sff": "cord"
  },
  {
    "docID": "N049 Wang 2011 21299884",
    "et": "SpinalCord",
    "off": 45273,
    "sff": "cord"
  },
  {
    "docID": "N049 Wang 2011 21299884",
    "et": "SpinalCord",
    "off": 37334,
    "sff": "cord"
  },
  {
    "docID": "N049 Wang 2011 21299884",
    "et": "SpinalCord",
    "off": 23767,
    "sff": "cord"
  },
  {
    "docID": "N049 Wang 2011 21299884",
    "et": "SpinalCord",
    "off": 28884,
    "sff": "cord"
  },
  {
    "docID": "N049 Wang 2011 21299884",
    "et": "SpinalCord",
    "off": 48085,
    "sff": "cord"
  },
  {
    "docID": "N049 Wang 2011 21299884",
    "et": "SpinalCord",
    "off": 29410,
    "sff": "cord"
  },
  {
    "docID": "N049 Wang 2011 21299884",
    "et": "SpinalCord",
    "off": 50657,
    "sff": "cord"
  },
  {
    "docID": "N049 Wang 2011 21299884",
    "et": "SpinalCord",
    "off": 33131,
    "sff": "cord"
  },
  {
    "docID": "N049 Wang 2011 21299884",
    "et": "SpinalCord",
    "off": 36840,
    "sff": "cord"
  },
  {
    "docID": "N049 Wang 2011 21299884",
    "et": "SpinalCord",
    "off": 52456,
    "sff": "cord"
  },
  {
    "docID": "N049 Wang 2011 21299884",
    "et": "SpinalCord",
    "off": 26857,
    "sff": "cord"
  },
  {
    "docID": "N049 Wang 2011 21299884",
    "et": "SpinalCord",
    "off": 44777,
    "sff": "cord"
  },
  {
    "docID": "N049 Wang 2011 21299884",
    "et": "SpinalCord",
    "off": 50151,
    "sff": "cord"
  },
  {
    "docID": "N049 Wang 2011 21299884",
    "et": "SpinalCord",
    "off": 58340,
    "sff": "cord"
  },
  {
    "docID": "N049 Wang 2011 21299884",
    "et": "SpinalCord",
    "off": 27250,
    "sff": "cord"
  },
  {
    "docID": "N049 Wang 2011 21299884",
    "et": "SpinalCord",
    "off": 43634,
    "sff": "cord"
  },
  {
    "docID": "N049 Wang 2011 21299884",
    "et": "SpinalCord",
    "off": 28275,
    "sff": "cord"
  },
  {
    "docID": "N049 Wang 2011 21299884",
    "et": "SpinalCord",
    "off": 6768,
    "sff": "cord"
  },
  {
    "docID": "N049 Wang 2011 21299884",
    "et": "SpinalCord",
    "off": 20720,
    "sff": "cord"
  },
  {
    "docID": "N049 Wang 2011 21299884",
    "et": "SpinalCord",
    "off": 24560,
    "sff": "cord"
  },
  {
    "docID": "N049 Wang 2011 21299884",
    "et": "SpinalCord",
    "off": 25712,
    "sff": "cord"
  },
  {
    "docID": "N049 Wang 2011 21299884",
    "et": "SpinalCord",
    "off": 48248,
    "sff": "cord"
  },
  {
    "docID": "N049 Wang 2011 21299884",
    "et": "SpinalCord",
    "off": 51577,
    "sff": "cord"
  },
  {
    "docID": "N049 Wang 2011 21299884",
    "et": "SpinalCord",
    "off": 51961,
    "sff": "cord"
  },
  {
    "docID": "N049 Wang 2011 21299884",
    "et": "SpinalCord",
    "off": 7541,
    "sff": "cord"
  },
  {
    "docID": "N049 Wang 2011 21299884",
    "et": "SpinalCord",
    "off": 36981,
    "sff": "cord"
  },
  {
    "docID": "N049 Wang 2011 21299884",
    "et": "SpinalCord",
    "off": 23555,
    "sff": "cord"
  },
  {
    "docID": "N049 Wang 2011 21299884",
    "et": "SpinalCord",
    "off": 52096,
    "sff": "cord"
  },
  {
    "docID": "N049 Wang 2011 21299884",
    "et": "SpinalCord",
    "off": 21889,
    "sff": "cord"
  },
  {
    "docID": "N049 Wang 2011 21299884",
    "et": "SpinalCord",
    "off": 16382,
    "sff": "cord"
  },
  {
    "docID": "N049 Wang 2011 21299884",
    "et": "SpinalCord",
    "off": 46846,
    "sff": "cord"
  },
  {
    "docID": "N049 Wang 2011 21299884",
    "et": "SpinalCord",
    "off": 255,
    "sff": "cord"
  },
  {
    "docID": "N049 Wang 2011 21299884",
    "et": "SpinalCord",
    "off": 37375,
    "sff": "cord"
  },
  {
    "docID": "N049 Wang 2011 21299884",
    "et": "SpinalCord",
    "off": 14728,
    "sff": "cord"
  },
  {
    "docID": "N049 Wang 2011 21299884",
    "et": "SpinalCord",
    "off": 24711,
    "sff": "cord"
  },
  {
    "docID": "N049 Wang 2011 21299884",
    "et": "SpinalCord",
    "off": 47239,
    "sff": "cord"
  },
  {
    "docID": "N049 Wang 2011 21299884",
    "et": "SpinalCord",
    "off": 6276,
    "sff": "cord"
  },
  {
    "docID": "N049 Wang 2011 21299884",
    "et": "SpinalCord",
    "off": 34180,
    "sff": "cord"
  },
  {
    "docID": "N049 Wang 2011 21299884",
    "et": "SpinalCord",
    "off": 3461,
    "sff": "cord"
  },
  {
    "docID": "N049 Wang 2011 21299884",
    "et": "SpinalCord",
    "off": 1171,
    "sff": "cord"
  },
  {
    "docID": "N049 Wang 2011 21299884",
    "et": "SpinalCord",
    "off": 38035,
    "sff": "cord"
  },
  {
    "docID": "N049 Wang 2011 21299884",
    "et": "SpinalCord",
    "off": 27279,
    "sff": "cord"
  },
  {
    "docID": "N049 Wang 2011 21299884",
    "et": "SpinalCord",
    "off": 6924,
    "sff": "cord"
  },
  {
    "docID": "N049 Wang 2011 21299884",
    "et": "SpinalCord",
    "off": 8588,
    "sff": "cord"
  },
  {
    "docID": "N049 Wang 2011 21299884",
    "et": "SpinalCord",
    "off": 38682,
    "sff": "cord"
  },
  {
    "docID": "N049 Wang 2011 21299884",
    "et": "SpinalCord",
    "off": 42907,
    "sff": "cord"
  },
  {
    "docID": "N049 Wang 2011 21299884",
    "et": "SpinalCord",
    "off": 22038,
    "sff": "cord"
  },
  {
    "docID": "N049 Wang 2011 21299884",
    "et": "SpinalCord",
    "off": 30484,
    "sff": "cord"
  },
  {
    "docID": "N049 Wang 2011 21299884",
    "et": "SpinalCord",
    "off": 55701,
    "sff": "cord"
  },
  {
    "docID": "N049 Wang 2011 21299884",
    "et": "SpinalCord",
    "off": 6819,
    "sff": "cord"
  },
  {
    "docID": "N049 Wang 2011 21299884",
    "et": "SpinalCord",
    "off": 48419,
    "sff": "cord"
  },
  {
    "docID": "N049 Wang 2011 21299884",
    "et": "SpinalCord",
    "off": 50334,
    "sff": "cord"
  },
  {
    "docID": "N049 Wang 2011 21299884",
    "et": "SpinalCord",
    "off": 52254,
    "sff": "cord"
  },
  {
    "docID": "N049 Wang 2011 21299884",
    "et": "SpinalCord",
    "off": 17195,
    "sff": "cord"
  },
  {
    "docID": "N049 Wang 2011 21299884",
    "et": "SpinalCord",
    "off": 53291,
    "sff": "cord"
  },
  {
    "docID": "N049 Wang 2011 21299884",
    "et": "SpinalCord",
    "off": 7848,
    "sff": "cord"
  },
  {
    "docID": "N049 Wang 2011 21299884",
    "et": "SpinalCord",
    "off": 27816,
    "sff": "cord"
  },
  {
    "docID": "N049 Wang 2011 21299884",
    "et": "SpinalCord",
    "off": 50471,
    "sff": "cord"
  },
  {
    "docID": "N049 Wang 2011 21299884",
    "et": "SpinalCord",
    "off": 51749,
    "sff": "cord"
  },
  {
    "docID": "N049 Wang 2011 21299884",
    "et": "SpinalCord",
    "off": 7091,
    "sff": "cord"
  },
  {
    "docID": "N049 Wang 2011 21299884",
    "et": "SpinalCord",
    "off": 48176,
    "sff": "cord"
  },
  {
    "docID": "N049 Wang 2011 21299884",
    "et": "SpinalCord",
    "off": 1070,
    "sff": "cord"
  },
  {
    "docID": "N049 Wang 2011 21299884",
    "et": "SpinalCord",
    "off": 15919,
    "sff": "cord"
  },
  {
    "docID": "N049 Wang 2011 21299884",
    "et": "SpinalCord",
    "off": 57391,
    "sff": "cord"
  },
  {
    "docID": "N049 Wang 2011 21299884",
    "et": "SpinalCord",
    "off": 32056,
    "sff": "cord"
  },
  {
    "docID": "N049 Wang 2011 21299884",
    "et": "SpinalCord",
    "off": 52664,
    "sff": "cord"
  },
  {
    "docID": "N049 Wang 2011 21299884",
    "et": "SpinalCord",
    "off": 55992,
    "sff": "cord"
  },
  {
    "docID": "N049 Wang 2011 21299884",
    "et": "SpinalCord",
    "off": 51126,
    "sff": "cord"
  },
  {
    "docID": "N049 Wang 2011 21299884",
    "et": "SpinalCord",
    "off": 33079,
    "sff": "cord"
  },
  {
    "docID": "N049 Wang 2011 21299884",
    "et": "SpinalCord",
    "off": 53815,
    "sff": "cord"
  },
  {
    "docID": "N049 Wang 2011 21299884",
    "et": "SpinalCord",
    "off": 437,
    "sff": "cord"
  },
  {
    "docID": "N049 Wang 2011 21299884",
    "et": "SpinalCord",
    "off": 39605,
    "sff": "cord"
  },
  {
    "docID": "N049 Wang 2011 21299884",
    "et": "SpinalCord",
    "off": 28097,
    "sff": "cord"
  },
  {
    "docID": "N049 Wang 2011 21299884",
    "et": "SpinalCord",
    "off": 33217,
    "sff": "cord"
  },
  {
    "docID": "N049 Wang 2011 21299884",
    "et": "SpinalCord",
    "off": 50748,
    "sff": "cord"
  },
  {
    "docID": "N049 Wang 2011 21299884",
    "et": "SpinalCord",
    "off": 57532,
    "sff": "cord"
  },
  {
    "docID": "N049 Wang 2011 21299884",
    "et": "SpinalCord",
    "off": 57789,
    "sff": "cord"
  },
  {
    "docID": "N049 Wang 2011 21299884",
    "et": "DorsalColumn",
    "off": 16353,
    "sff": "dorsal column"
  },
  {
    "docID": "N049 Wang 2011 21299884",
    "et": "DorsalColumn",
    "off": 15890,
    "sff": "dorsal"
  },
  {
    "docID": "N049 Wang 2011 21299884",
    "et": "DorsalColumn",
    "off": 48125,
    "sff": "dorsal"
  },
  {
    "docID": "N049 Wang 2011 21299884",
    "et": "VentricularLocation",
    "off": 46141,
    "sff": "ventricular"
  },
  {
    "docID": "N049 Wang 2011 21299884",
    "et": "LesionAdjacentTissue",
    "off": 37021,
    "sff": "lesion"
  },
  {
    "docID": "N049 Wang 2011 21299884",
    "et": "LesionAdjacentTissue",
    "off": 20630,
    "sff": "lesion"
  },
  {
    "docID": "N049 Wang 2011 21299884",
    "et": "LesionAdjacentTissue",
    "off": 48273,
    "sff": "lesion"
  },
  {
    "docID": "N049 Wang 2011 21299884",
    "et": "LesionAdjacentTissue",
    "off": 22926,
    "sff": "lesion"
  },
  {
    "docID": "N049 Wang 2011 21299884",
    "et": "LesionAdjacentTissue",
    "off": 522,
    "sff": "lesion"
  },
  {
    "docID": "N049 Wang 2011 21299884",
    "et": "LesionAdjacentTissue",
    "off": 7050,
    "sff": "lesion"
  },
  {
    "docID": "N049 Wang 2011 21299884",
    "et": "LesionAdjacentTissue",
    "off": 23946,
    "sff": "lesion"
  },
  {
    "docID": "N049 Wang 2011 21299884",
    "et": "LesionAdjacentTissue",
    "off": 36100,
    "sff": "lesion"
  },
  {
    "docID": "N049 Wang 2011 21299884",
    "et": "LesionAdjacentTissue",
    "off": 47171,
    "sff": "lesion"
  },
  {
    "docID": "N049 Wang 2011 21299884",
    "et": "LesionAdjacentTissue",
    "off": 47491,
    "sff": "lesion"
  },
  {
    "docID": "N049 Wang 2011 21299884",
    "et": "LesionAdjacentTissue",
    "off": 47616,
    "sff": "lesion"
  },
  {
    "docID": "N049 Wang 2011 21299884",
    "et": "LesionAdjacentTissue",
    "off": 27133,
    "sff": "lesion"
  },
  {
    "docID": "N049 Wang 2011 21299884",
    "et": "LesionAdjacentTissue",
    "off": 956,
    "sff": "lesion"
  },
  {
    "docID": "N049 Wang 2011 21299884",
    "et": "LesionAdjacentTissue",
    "off": 14867,
    "sff": "adjacent"
  },
  {
    "docID": "N049 Wang 2011 21299884",
    "et": "LesionAdjacentTissue",
    "off": 47415,
    "sff": "lesion"
  },
  {
    "docID": "N049 Wang 2011 21299884",
    "et": "LesionAdjacentTissue",
    "off": 23731,
    "sff": "lesion"
  },
  {
    "docID": "N049 Wang 2011 21299884",
    "et": "LesionAdjacentTissue",
    "off": 25011,
    "sff": "lesion"
  },
  {
    "docID": "N049 Wang 2011 21299884",
    "et": "LesionAdjacentTissue",
    "off": 26803,
    "sff": "lesion"
  },
  {
    "docID": "N049 Wang 2011 21299884",
    "et": "LesionAdjacentTissue",
    "off": 21806,
    "sff": "lesion"
  },
  {
    "docID": "N049 Wang 2011 21299884",
    "et": "LesionAdjacentTissue",
    "off": 27502,
    "sff": "lesion"
  },
  {
    "docID": "N049 Wang 2011 21299884",
    "et": "LesionAdjacentTissue",
    "off": 28072,
    "sff": "lesion"
  },
  {
    "docID": "N049 Wang 2011 21299884",
    "et": "LesionAdjacentTissue",
    "off": 26087,
    "sff": "lesion"
  },
  {
    "docID": "N049 Wang 2011 21299884",
    "et": "LesionAdjacentTissue",
    "off": 47716,
    "sff": "lesion"
  },
  {
    "docID": "N049 Wang 2011 21299884",
    "et": "LesionAdjacentTissue",
    "off": 2018,
    "sff": "lesion"
  },
  {
    "docID": "N049 Wang 2011 21299884",
    "et": "LesionAdjacentTissue",
    "off": 21664,
    "sff": "lesion"
  },
  {
    "docID": "N049 Wang 2011 21299884",
    "et": "LesionAdjacentTissue",
    "off": 23200,
    "sff": "lesion"
  },
  {
    "docID": "N049 Wang 2011 21299884",
    "et": "LesionAdjacentTissue",
    "off": 23518,
    "sff": "lesion"
  },
  {
    "docID": "N049 Wang 2011 21299884",
    "et": "InfusionDelivery",
    "off": 45189,
    "sff": "Infusion"
  },
  {
    "docID": "N049 Wang 2011 21299884",
    "et": "CentralNervousSystem",
    "off": 48056,
    "sff": "central"
  },
  {
    "docID": "N049 Wang 2011 21299884",
    "et": "CentralNervousSystem",
    "off": 58681,
    "sff": "Central"
  },
  {
    "docID": "N049 Wang 2011 21299884",
    "et": "CentralNervousSystem",
    "off": 3040,
    "sff": "Central"
  },
  {
    "docID": "N049 Wang 2011 21299884",
    "et": "SubstanceApplicationLocation",
    "off": 58292,
    "sff": "application"
  },
  {
    "docID": "N049 Wang 2011 21299884",
    "et": "C1",
    "off": 44926,
    "sff": "C1"
  },
  {
    "docID": "N049 Wang 2011 21299884",
    "et": "C1",
    "off": 27885,
    "sff": "c1"
  },
  {
    "docID": "N049 Wang 2011 21299884",
    "et": "C4",
    "off": 46206,
    "sff": "C4"
  },
  {
    "docID": "N049 Wang 2011 21299884",
    "et": "SpinalCentralPart",
    "off": 3040,
    "sff": "Central"
  },
  {
    "docID": "N049 Wang 2011 21299884",
    "et": "SpinalCentralPart",
    "off": 48056,
    "sff": "central"
  },
  {
    "docID": "N049 Wang 2011 21299884",
    "et": "SpinalCentralPart",
    "off": 58681,
    "sff": "Central"
  },
  {
    "docID": "N049 Wang 2011 21299884",
    "et": "InjectionDelivery",
    "off": 24858,
    "sff": "injection"
  },
  {
    "docID": "N049 Wang 2011 21299884",
    "et": "InjectionDelivery",
    "off": 20659,
    "sff": "injection"
  },
  {
    "docID": "N049 Wang 2011 21299884",
    "et": "InjectionDelivery",
    "off": 20436,
    "sff": "injection"
  },
  {
    "docID": "N049 Wang 2011 21299884",
    "et": "InjectionDelivery",
    "off": 46389,
    "sff": "injection"
  },
  {
    "docID": "N049 Wang 2011 21299884",
    "et": "InjectionDelivery",
    "off": 20463,
    "sff": "injection"
  },
  {
    "docID": "N049 Wang 2011 21299884",
    "et": "InjectionDelivery",
    "off": 45583,
    "sff": "injection"
  },
  {
    "docID": "N049 Wang 2011 21299884",
    "et": "InjectionDelivery",
    "off": 20402,
    "sff": "injection"
  },
  {
    "docID": "N049 Wang 2011 21299884",
    "et": "InjectionDelivery",
    "off": 48203,
    "sff": "injection"
  },
  {
    "docID": "N049 Wang 2011 21299884",
    "et": "InjectionDelivery",
    "off": 46253,
    "sff": "injection"
  },
  {
    "docID": "N049 Wang 2011 21299884",
    "et": "InjectionDelivery",
    "off": 28609,
    "sff": "injection"
  },
  {
    "docID": "N049 Wang 2011 21299884",
    "et": "InjectionDelivery",
    "off": 20507,
    "sff": "injection"
  },
  {
    "docID": "N049 Wang 2011 21299884",
    "et": "InjectionDelivery",
    "off": 20179,
    "sff": "Injection"
  },
  {
    "docID": "N049 Wang 2011 21299884",
    "et": "InjectionDelivery",
    "off": 32765,
    "sff": "injection"
  },
  {
    "docID": "N049 Wang 2011 21299884",
    "et": "InjectionDelivery",
    "off": 37341,
    "sff": "injection"
  },
  {
    "docID": "N049 Wang 2011 21299884",
    "et": "SpinalLesionSite",
    "off": 23946,
    "sff": "lesion"
  },
  {
    "docID": "N049 Wang 2011 21299884",
    "et": "SpinalLesionSite",
    "off": 7050,
    "sff": "lesion"
  },
  {
    "docID": "N049 Wang 2011 21299884",
    "et": "SpinalLesionSite",
    "off": 47171,
    "sff": "lesion"
  },
  {
    "docID": "N049 Wang 2011 21299884",
    "et": "SpinalLesionSite",
    "off": 47491,
    "sff": "lesion"
  },
  {
    "docID": "N049 Wang 2011 21299884",
    "et": "SpinalLesionSite",
    "off": 47616,
    "sff": "lesion"
  },
  {
    "docID": "N049 Wang 2011 21299884",
    "et": "SpinalLesionSite",
    "off": 956,
    "sff": "lesion"
  },
  {
    "docID": "N049 Wang 2011 21299884",
    "et": "SpinalLesionSite",
    "off": 27133,
    "sff": "lesion"
  },
  {
    "docID": "N049 Wang 2011 21299884",
    "et": "SpinalLesionSite",
    "off": 47415,
    "sff": "lesion"
  },
  {
    "docID": "N049 Wang 2011 21299884",
    "et": "SpinalLesionSite",
    "off": 522,
    "sff": "lesion site"
  },
  {
    "docID": "N049 Wang 2011 21299884",
    "et": "SpinalLesionSite",
    "off": 23731,
    "sff": "lesion"
  },
  {
    "docID": "N049 Wang 2011 21299884",
    "et": "SpinalLesionSite",
    "off": 25011,
    "sff": "lesion"
  },
  {
    "docID": "N049 Wang 2011 21299884",
    "et": "SpinalLesionSite",
    "off": 26803,
    "sff": "lesion"
  },
  {
    "docID": "N049 Wang 2011 21299884",
    "et": "SpinalLesionSite",
    "off": 36100,
    "sff": "lesion site"
  },
  {
    "docID": "N049 Wang 2011 21299884",
    "et": "SpinalLesionSite",
    "off": 21806,
    "sff": "lesion"
  },
  {
    "docID": "N049 Wang 2011 21299884",
    "et": "SpinalLesionSite",
    "off": 27502,
    "sff": "lesion"
  },
  {
    "docID": "N049 Wang 2011 21299884",
    "et": "SpinalLesionSite",
    "off": 28072,
    "sff": "lesion"
  },
  {
    "docID": "N049 Wang 2011 21299884",
    "et": "SpinalLesionSite",
    "off": 26087,
    "sff": "lesion"
  },
  {
    "docID": "N049 Wang 2011 21299884",
    "et": "SpinalLesionSite",
    "off": 47716,
    "sff": "lesion"
  },
  {
    "docID": "N049 Wang 2011 21299884",
    "et": "SpinalLesionSite",
    "off": 21664,
    "sff": "lesion"
  },
  {
    "docID": "N049 Wang 2011 21299884",
    "et": "SpinalLesionSite",
    "off": 23200,
    "sff": "lesion"
  },
  {
    "docID": "N049 Wang 2011 21299884",
    "et": "SpinalLesionSite",
    "off": 2018,
    "sff": "lesion"
  },
  {
    "docID": "N049 Wang 2011 21299884",
    "et": "SpinalLesionSite",
    "off": 23518,
    "sff": "lesion"
  },
  {
    "docID": "N049 Wang 2011 21299884",
    "et": "SpinalLesionSite",
    "off": 37021,
    "sff": "lesion"
  },
  {
    "docID": "N049 Wang 2011 21299884",
    "et": "SpinalLesionSite",
    "off": 20630,
    "sff": "lesion"
  },
  {
    "docID": "N049 Wang 2011 21299884",
    "et": "SpinalLesionSite",
    "off": 48273,
    "sff": "lesion"
  },
  {
    "docID": "N049 Wang 2011 21299884",
    "et": "SpinalLesionSite",
    "off": 22926,
    "sff": "lesion"
  }
]
