[
  {
    "docID": "N050 Alilain, Horn et al. 2011",
    "et": "AnatomicalLocation",
    "off": 14989,
    "sff": "Anatomical"
  },
  {
    "docID": "N050 Alilain, Horn et al. 2011",
    "et": "AnatomicalLocation",
    "off": 25135,
    "sff": "anatomical"
  },
  {
    "docID": "N050 Alilain, Horn et al. 2011",
    "et": "AnatomicalLocation",
    "off": 22555,
    "sff": "anatomical"
  },
  {
    "docID": "N050 Alilain, Horn et al. 2011",
    "et": "Brain",
    "off": 37760,
    "sff": "Brain"
  },
  {
    "docID": "N050 Alilain, Horn et al. 2011",
    "et": "Brain",
    "off": 41951,
    "sff": "Brain"
  },
  {
    "docID": "N050 Alilain, Horn et al. 2011",
    "et": "Brain",
    "off": 35102,
    "sff": "brain"
  },
  {
    "docID": "N050 Alilain, Horn et al. 2011",
    "et": "Brain",
    "off": 37589,
    "sff": "Brain"
  },
  {
    "docID": "N050 Alilain, Horn et al. 2011",
    "et": "SpinalWhiteMatter",
    "off": 35176,
    "sff": "white matter"
  },
  {
    "docID": "N050 Alilain, Horn et al. 2011",
    "et": "VeinLocation",
    "off": 29910,
    "sff": "vein"
  },
  {
    "docID": "N050 Alilain, Horn et al. 2011",
    "et": "FemoralVeinLocation",
    "off": 24329,
    "sff": "femoral"
  },
  {
    "docID": "N050 Alilain, Horn et al. 2011",
    "et": "FemoralVeinLocation",
    "off": 29902,
    "sff": "femoral vein"
  },
  {
    "docID": "N050 Alilain, Horn et al. 2011",
    "et": "SpinalDorsalHalf",
    "off": 7536,
    "sff": "dorsal"
  },
  {
    "docID": "N050 Alilain, Horn et al. 2011",
    "et": "SpinalDorsalHalf",
    "off": 39276,
    "sff": "dorsal"
  },
  {
    "docID": "N050 Alilain, Horn et al. 2011",
    "et": "SpinalDorsalHalf",
    "off": 29723,
    "sff": "dorsal"
  },
  {
    "docID": "N050 Alilain, Horn et al. 2011",
    "et": "SpinalDorsalHalf",
    "off": 30521,
    "sff": "dorsal"
  },
  {
    "docID": "N050 Alilain, Horn et al. 2011",
    "et": "SpinalDorsalHalf",
    "off": 25832,
    "sff": "dorsal"
  },
  {
    "docID": "N050 Alilain, Horn et al. 2011",
    "et": "SpinalDorsalHalf",
    "off": 2500,
    "sff": "dorsal"
  },
  {
    "docID": "N050 Alilain, Horn et al. 2011",
    "et": "SpinalDorsalHalf",
    "off": 27333,
    "sff": "dorsal"
  },
  {
    "docID": "N050 Alilain, Horn et al. 2011",
    "et": "SpinalDorsalHalf",
    "off": 26228,
    "sff": "dorsal"
  },
  {
    "docID": "N050 Alilain, Horn et al. 2011",
    "et": "SpinalVentralHalf",
    "off": 16666,
    "sff": "ventral"
  },
  {
    "docID": "N050 Alilain, Horn et al. 2011",
    "et": "SpinalVentralHalf",
    "off": 7566,
    "sff": "ventral"
  },
  {
    "docID": "N050 Alilain, Horn et al. 2011",
    "et": "SpinalVentralHalf",
    "off": 10510,
    "sff": "ventral"
  },
  {
    "docID": "N050 Alilain, Horn et al. 2011",
    "et": "SpinalVentralHalf",
    "off": 21711,
    "sff": "ventral"
  },
  {
    "docID": "N050 Alilain, Horn et al. 2011",
    "et": "SpinalVentralHalf",
    "off": 27316,
    "sff": "ventral"
  },
  {
    "docID": "N050 Alilain, Horn et al. 2011",
    "et": "SpinalVentralHalf",
    "off": 7493,
    "sff": "ventral"
  },
  {
    "docID": "N050 Alilain, Horn et al. 2011",
    "et": "SpinalVentralHalf",
    "off": 29416,
    "sff": "ventral"
  },
  {
    "docID": "N050 Alilain, Horn et al. 2011",
    "et": "SpinalVentralHalf",
    "off": 36470,
    "sff": "ventral"
  },
  {
    "docID": "N050 Alilain, Horn et al. 2011",
    "et": "SpinalCord",
    "off": 27292,
    "sff": "cord"
  },
  {
    "docID": "N050 Alilain, Horn et al. 2011",
    "et": "SpinalCord",
    "off": 39965,
    "sff": "cord"
  },
  {
    "docID": "N050 Alilain, Horn et al. 2011",
    "et": "SpinalCord",
    "off": 23961,
    "sff": "cord"
  },
  {
    "docID": "N050 Alilain, Horn et al. 2011",
    "et": "SpinalCord",
    "off": 2193,
    "sff": "cord"
  },
  {
    "docID": "N050 Alilain, Horn et al. 2011",
    "et": "SpinalCord",
    "off": 2449,
    "sff": "cord"
  },
  {
    "docID": "N050 Alilain, Horn et al. 2011",
    "et": "SpinalCord",
    "off": 22038,
    "sff": "cord"
  },
  {
    "docID": "N050 Alilain, Horn et al. 2011",
    "et": "SpinalCord",
    "off": 25484,
    "sff": "cord"
  },
  {
    "docID": "N050 Alilain, Horn et al. 2011",
    "et": "SpinalCord",
    "off": 35341,
    "sff": "cord"
  },
  {
    "docID": "N050 Alilain, Horn et al. 2011",
    "et": "SpinalCord",
    "off": 41870,
    "sff": "cord"
  },
  {
    "docID": "N050 Alilain, Horn et al. 2011",
    "et": "SpinalCord",
    "off": 526,
    "sff": "cord"
  },
  {
    "docID": "N050 Alilain, Horn et al. 2011",
    "et": "SpinalCord",
    "off": 40459,
    "sff": "cord"
  },
  {
    "docID": "N050 Alilain, Horn et al. 2011",
    "et": "SpinalCord",
    "off": 16386,
    "sff": "cord"
  },
  {
    "docID": "N050 Alilain, Horn et al. 2011",
    "et": "SpinalCord",
    "off": 27909,
    "sff": "cord"
  },
  {
    "docID": "N050 Alilain, Horn et al. 2011",
    "et": "SpinalCord",
    "off": 15867,
    "sff": "cord"
  },
  {
    "docID": "N050 Alilain, Horn et al. 2011",
    "et": "SpinalCord",
    "off": 40190,
    "sff": "cord"
  },
  {
    "docID": "N050 Alilain, Horn et al. 2011",
    "et": "SpinalCord",
    "off": 27641,
    "sff": "cord"
  },
  {
    "docID": "N050 Alilain, Horn et al. 2011",
    "et": "SpinalCord",
    "off": 384,
    "sff": "cord"
  },
  {
    "docID": "N050 Alilain, Horn et al. 2011",
    "et": "SpinalCord",
    "off": 36860,
    "sff": "cord"
  },
  {
    "docID": "N050 Alilain, Horn et al. 2011",
    "et": "SpinalCord",
    "off": 18289,
    "sff": "cord"
  },
  {
    "docID": "N050 Alilain, Horn et al. 2011",
    "et": "SpinalCord",
    "off": 26103,
    "sff": "cord"
  },
  {
    "docID": "N050 Alilain, Horn et al. 2011",
    "et": "SpinalCord",
    "off": 31218,
    "sff": "cord"
  },
  {
    "docID": "N050 Alilain, Horn et al. 2011",
    "et": "SpinalCord",
    "off": 32370,
    "sff": "cord"
  },
  {
    "docID": "N050 Alilain, Horn et al. 2011",
    "et": "SpinalCord",
    "off": 6639,
    "sff": "cord"
  },
  {
    "docID": "N050 Alilain, Horn et al. 2011",
    "et": "SpinalCord",
    "off": 19054,
    "sff": "cord"
  },
  {
    "docID": "N050 Alilain, Horn et al. 2011",
    "et": "SpinalCord",
    "off": 26723,
    "sff": "cord"
  },
  {
    "docID": "N050 Alilain, Horn et al. 2011",
    "et": "SpinalCord",
    "off": 27362,
    "sff": "cord"
  },
  {
    "docID": "N050 Alilain, Horn et al. 2011",
    "et": "SpinalCord",
    "off": 32616,
    "sff": "cord"
  },
  {
    "docID": "N050 Alilain, Horn et al. 2011",
    "et": "SpinalCord",
    "off": 37089,
    "sff": "cord"
  },
  {
    "docID": "N050 Alilain, Horn et al. 2011",
    "et": "SpinalCord",
    "off": 36446,
    "sff": "cord"
  },
  {
    "docID": "N050 Alilain, Horn et al. 2011",
    "et": "SpinalCord",
    "off": 19802,
    "sff": "cord"
  },
  {
    "docID": "N050 Alilain, Horn et al. 2011",
    "et": "SpinalCord",
    "off": 38496,
    "sff": "cord"
  },
  {
    "docID": "N050 Alilain, Horn et al. 2011",
    "et": "SpinalCord",
    "off": 96,
    "sff": "cord"
  },
  {
    "docID": "N050 Alilain, Horn et al. 2011",
    "et": "SpinalCord",
    "off": 34394,
    "sff": "cord"
  },
  {
    "docID": "N050 Alilain, Horn et al. 2011",
    "et": "SpinalCord",
    "off": 26205,
    "sff": "cord"
  },
  {
    "docID": "N050 Alilain, Horn et al. 2011",
    "et": "SpinalCord",
    "off": 26324,
    "sff": "cord"
  },
  {
    "docID": "N050 Alilain, Horn et al. 2011",
    "et": "SpinalCord",
    "off": 37976,
    "sff": "cord"
  },
  {
    "docID": "N050 Alilain, Horn et al. 2011",
    "et": "SpinalCord",
    "off": 36692,
    "sff": "cord"
  },
  {
    "docID": "N050 Alilain, Horn et al. 2011",
    "et": "SpinalCord",
    "off": 29518,
    "sff": "cord"
  },
  {
    "docID": "N050 Alilain, Horn et al. 2011",
    "et": "SpinalCord",
    "off": 26825,
    "sff": "cord"
  },
  {
    "docID": "N050 Alilain, Horn et al. 2011",
    "et": "SpinalCord",
    "off": 36297,
    "sff": "cord"
  },
  {
    "docID": "N050 Alilain, Horn et al. 2011",
    "et": "SpinalCord",
    "off": 39625,
    "sff": "cord"
  },
  {
    "docID": "N050 Alilain, Horn et al. 2011",
    "et": "SpinalCord",
    "off": 34759,
    "sff": "cord"
  },
  {
    "docID": "N050 Alilain, Horn et al. 2011",
    "et": "SpinalCord",
    "off": 1352,
    "sff": "cord"
  },
  {
    "docID": "N050 Alilain, Horn et al. 2011",
    "et": "SpinalCord",
    "off": 199,
    "sff": "cord"
  },
  {
    "docID": "N050 Alilain, Horn et al. 2011",
    "et": "SpinalCord",
    "off": 35650,
    "sff": "cord"
  },
  {
    "docID": "N050 Alilain, Horn et al. 2011",
    "et": "SpinalCord",
    "off": 38979,
    "sff": "cord"
  },
  {
    "docID": "N050 Alilain, Horn et al. 2011",
    "et": "SpinalCord",
    "off": 7484,
    "sff": "cord"
  },
  {
    "docID": "N050 Alilain, Horn et al. 2011",
    "et": "SpinalCord",
    "off": 7103,
    "sff": "cord"
  },
  {
    "docID": "N050 Alilain, Horn et al. 2011",
    "et": "SpinalCord",
    "off": 23487,
    "sff": "cord"
  },
  {
    "docID": "N050 Alilain, Horn et al. 2011",
    "et": "SpinalCord",
    "off": 29752,
    "sff": "cord"
  },
  {
    "docID": "N050 Alilain, Horn et al. 2011",
    "et": "SpinalCord",
    "off": 38195,
    "sff": "cord"
  },
  {
    "docID": "N050 Alilain, Horn et al. 2011",
    "et": "SpinalCord",
    "off": 38829,
    "sff": "cord"
  },
  {
    "docID": "N050 Alilain, Horn et al. 2011",
    "et": "SpinalCord",
    "off": 21167,
    "sff": "cord"
  },
  {
    "docID": "N050 Alilain, Horn et al. 2011",
    "et": "SpinalCord",
    "off": 24750,
    "sff": "cord"
  },
  {
    "docID": "N050 Alilain, Horn et al. 2011",
    "et": "SpinalCord",
    "off": 6692,
    "sff": "cord"
  },
  {
    "docID": "N050 Alilain, Horn et al. 2011",
    "et": "SpinalCord",
    "off": 36005,
    "sff": "cord"
  },
  {
    "docID": "N050 Alilain, Horn et al. 2011",
    "et": "SpinalCord",
    "off": 24993,
    "sff": "cord"
  },
  {
    "docID": "N050 Alilain, Horn et al. 2011",
    "et": "DorsalColumn",
    "off": 7536,
    "sff": "dorsal"
  },
  {
    "docID": "N050 Alilain, Horn et al. 2011",
    "et": "DorsalColumn",
    "off": 29723,
    "sff": "dorsal"
  },
  {
    "docID": "N050 Alilain, Horn et al. 2011",
    "et": "DorsalColumn",
    "off": 39276,
    "sff": "dorsal"
  },
  {
    "docID": "N050 Alilain, Horn et al. 2011",
    "et": "DorsalColumn",
    "off": 25832,
    "sff": "dorsal"
  },
  {
    "docID": "N050 Alilain, Horn et al. 2011",
    "et": "DorsalColumn",
    "off": 30521,
    "sff": "dorsal"
  },
  {
    "docID": "N050 Alilain, Horn et al. 2011",
    "et": "DorsalColumn",
    "off": 2500,
    "sff": "dorsal column"
  },
  {
    "docID": "N050 Alilain, Horn et al. 2011",
    "et": "DorsalColumn",
    "off": 26228,
    "sff": "dorsal"
  },
  {
    "docID": "N050 Alilain, Horn et al. 2011",
    "et": "DorsalColumn",
    "off": 27333,
    "sff": "dorsal"
  },
  {
    "docID": "N050 Alilain, Horn et al. 2011",
    "et": "TailVeinLocation",
    "off": 29910,
    "sff": "vein"
  },
  {
    "docID": "N050 Alilain, Horn et al. 2011",
    "et": "LesionAdjacentTissue",
    "off": 2672,
    "sff": "lesion"
  },
  {
    "docID": "N050 Alilain, Horn et al. 2011",
    "et": "LesionAdjacentTissue",
    "off": 27729,
    "sff": "lesion"
  },
  {
    "docID": "N050 Alilain, Horn et al. 2011",
    "et": "LesionAdjacentTissue",
    "off": 8082,
    "sff": "lesion"
  },
  {
    "docID": "N050 Alilain, Horn et al. 2011",
    "et": "LesionAdjacentTissue",
    "off": 26386,
    "sff": "lesion"
  },
  {
    "docID": "N050 Alilain, Horn et al. 2011",
    "et": "LesionAdjacentTissue",
    "off": 23851,
    "sff": "lesion"
  },
  {
    "docID": "N050 Alilain, Horn et al. 2011",
    "et": "LesionAdjacentTissue",
    "off": 10988,
    "sff": "lesion"
  },
  {
    "docID": "N050 Alilain, Horn et al. 2011",
    "et": "LesionAdjacentTissue",
    "off": 29401,
    "sff": "lesion"
  },
  {
    "docID": "N050 Alilain, Horn et al. 2011",
    "et": "LesionAdjacentTissue",
    "off": 6069,
    "sff": "lesion"
  },
  {
    "docID": "N050 Alilain, Horn et al. 2011",
    "et": "LesionAdjacentTissue",
    "off": 4886,
    "sff": "lesion"
  },
  {
    "docID": "N050 Alilain, Horn et al. 2011",
    "et": "LesionAdjacentTissue",
    "off": 32576,
    "sff": "lesion"
  },
  {
    "docID": "N050 Alilain, Horn et al. 2011",
    "et": "LesionAdjacentTissue",
    "off": 23682,
    "sff": "lesion"
  },
  {
    "docID": "N050 Alilain, Horn et al. 2011",
    "et": "LesionAdjacentTissue",
    "off": 38465,
    "sff": "lesion"
  },
  {
    "docID": "N050 Alilain, Horn et al. 2011",
    "et": "LesionAdjacentTissue",
    "off": 19687,
    "sff": "lesion"
  },
  {
    "docID": "N050 Alilain, Horn et al. 2011",
    "et": "LesionAdjacentTissue",
    "off": 4168,
    "sff": "lesion"
  },
  {
    "docID": "N050 Alilain, Horn et al. 2011",
    "et": "LesionAdjacentTissue",
    "off": 19432,
    "sff": "lesion"
  },
  {
    "docID": "N050 Alilain, Horn et al. 2011",
    "et": "LesionAdjacentTissue",
    "off": 24458,
    "sff": "lesion"
  },
  {
    "docID": "N050 Alilain, Horn et al. 2011",
    "et": "LesionAdjacentTissue",
    "off": 12227,
    "sff": "lesion"
  },
  {
    "docID": "N050 Alilain, Horn et al. 2011",
    "et": "LesionAdjacentTissue",
    "off": 2276,
    "sff": "lesion"
  },
  {
    "docID": "N050 Alilain, Horn et al. 2011",
    "et": "Cervical",
    "off": 232,
    "sff": "cervical"
  },
  {
    "docID": "N050 Alilain, Horn et al. 2011",
    "et": "Cervical",
    "off": 37960,
    "sff": "cervical"
  },
  {
    "docID": "N050 Alilain, Horn et al. 2011",
    "et": "Cervical",
    "off": 36676,
    "sff": "cervical"
  },
  {
    "docID": "N050 Alilain, Horn et al. 2011",
    "et": "Cervical",
    "off": 16370,
    "sff": "cervical"
  },
  {
    "docID": "N050 Alilain, Horn et al. 2011",
    "et": "Cervical",
    "off": 35634,
    "sff": "cervical"
  },
  {
    "docID": "N050 Alilain, Horn et al. 2011",
    "et": "Cervical",
    "off": 40174,
    "sff": "cervical"
  },
  {
    "docID": "N050 Alilain, Horn et al. 2011",
    "et": "Cervical",
    "off": 27949,
    "sff": "cervical"
  },
  {
    "docID": "N050 Alilain, Horn et al. 2011",
    "et": "Cervical",
    "off": 39949,
    "sff": "cervical"
  },
  {
    "docID": "N050 Alilain, Horn et al. 2011",
    "et": "Cervical",
    "off": 36430,
    "sff": "Cervical"
  },
  {
    "docID": "N050 Alilain, Horn et al. 2011",
    "et": "Cervical",
    "off": 26071,
    "sff": "cervical"
  },
  {
    "docID": "N050 Alilain, Horn et al. 2011",
    "et": "Cervical",
    "off": 2164,
    "sff": "cervical"
  },
  {
    "docID": "N050 Alilain, Horn et al. 2011",
    "et": "Cervical",
    "off": 39558,
    "sff": "Cervical"
  },
  {
    "docID": "N050 Alilain, Horn et al. 2011",
    "et": "Cervical",
    "off": 510,
    "sff": "cervical"
  },
  {
    "docID": "N050 Alilain, Horn et al. 2011",
    "et": "Cervical",
    "off": 3903,
    "sff": "cervical"
  },
  {
    "docID": "N050 Alilain, Horn et al. 2011",
    "et": "CentralNervousSystem",
    "off": 15409,
    "sff": "central nervous"
  },
  {
    "docID": "N050 Alilain, Horn et al. 2011",
    "et": "CentralNervousSystem",
    "off": 37243,
    "sff": "central"
  },
  {
    "docID": "N050 Alilain, Horn et al. 2011",
    "et": "CentralNervousSystem",
    "off": 37367,
    "sff": "nervous system"
  },
  {
    "docID": "N050 Alilain, Horn et al. 2011",
    "et": "CentralNervousSystem",
    "off": 37854,
    "sff": "central"
  },
  {
    "docID": "N050 Alilain, Horn et al. 2011",
    "et": "CentralNervousSystem",
    "off": 35203,
    "sff": "central nervous system"
  },
  {
    "docID": "N050 Alilain, Horn et al. 2011",
    "et": "CentralNervousSystem",
    "off": 38293,
    "sff": "nervous system"
  },
  {
    "docID": "N050 Alilain, Horn et al. 2011",
    "et": "CentralNervousSystem",
    "off": 38293,
    "sff": "nervous"
  },
  {
    "docID": "N050 Alilain, Horn et al. 2011",
    "et": "CentralNervousSystem",
    "off": 39763,
    "sff": "nervous system"
  },
  {
    "docID": "N050 Alilain, Horn et al. 2011",
    "et": "CentralNervousSystem",
    "off": 39763,
    "sff": "nervous"
  },
  {
    "docID": "N050 Alilain, Horn et al. 2011",
    "et": "CentralNervousSystem",
    "off": 1662,
    "sff": "central nervous system"
  },
  {
    "docID": "N050 Alilain, Horn et al. 2011",
    "et": "CentralNervousSystem",
    "off": 37367,
    "sff": "nervous"
  },
  {
    "docID": "N050 Alilain, Horn et al. 2011",
    "et": "CentralNervousSystem",
    "off": 37402,
    "sff": "central nervous system"
  },
  {
    "docID": "N050 Alilain, Horn et al. 2011",
    "et": "CentralNervousSystem",
    "off": 35203,
    "sff": "central nervous"
  },
  {
    "docID": "N050 Alilain, Horn et al. 2011",
    "et": "CentralNervousSystem",
    "off": 15409,
    "sff": "central nervous system"
  },
  {
    "docID": "N050 Alilain, Horn et al. 2011",
    "et": "CentralNervousSystem",
    "off": 37402,
    "sff": "central nervous"
  },
  {
    "docID": "N050 Alilain, Horn et al. 2011",
    "et": "CentralNervousSystem",
    "off": 4127,
    "sff": "central"
  },
  {
    "docID": "N050 Alilain, Horn et al. 2011",
    "et": "CentralNervousSystem",
    "off": 1662,
    "sff": "central nervous"
  },
  {
    "docID": "N050 Alilain, Horn et al. 2011",
    "et": "CentralNervousSystem",
    "off": 34968,
    "sff": "central"
  },
  {
    "docID": "N050 Alilain, Horn et al. 2011",
    "et": "CephalicVeinLocation",
    "off": 29910,
    "sff": "vein"
  },
  {
    "docID": "N050 Alilain, Horn et al. 2011",
    "et": "C2",
    "off": 4803,
    "sff": "C2"
  },
  {
    "docID": "N050 Alilain, Horn et al. 2011",
    "et": "C2",
    "off": 4607,
    "sff": "C2"
  },
  {
    "docID": "N050 Alilain, Horn et al. 2011",
    "et": "C2",
    "off": 12671,
    "sff": "C2"
  },
  {
    "docID": "N050 Alilain, Horn et al. 2011",
    "et": "C2",
    "off": 10057,
    "sff": "C2"
  },
  {
    "docID": "N050 Alilain, Horn et al. 2011",
    "et": "C2",
    "off": 5264,
    "sff": "C2"
  },
  {
    "docID": "N050 Alilain, Horn et al. 2011",
    "et": "C2",
    "off": 3153,
    "sff": "C2"
  },
  {
    "docID": "N050 Alilain, Horn et al. 2011",
    "et": "C2",
    "off": 26576,
    "sff": "C2"
  },
  {
    "docID": "N050 Alilain, Horn et al. 2011",
    "et": "C2",
    "off": 3212,
    "sff": "C2"
  },
  {
    "docID": "N050 Alilain, Horn et al. 2011",
    "et": "C2",
    "off": 12493,
    "sff": "C2"
  },
  {
    "docID": "N050 Alilain, Horn et al. 2011",
    "et": "C2",
    "off": 18895,
    "sff": "C2"
  },
  {
    "docID": "N050 Alilain, Horn et al. 2011",
    "et": "C2",
    "off": 23567,
    "sff": "C2"
  },
  {
    "docID": "N050 Alilain, Horn et al. 2011",
    "et": "C2",
    "off": 27726,
    "sff": "C2"
  },
  {
    "docID": "N050 Alilain, Horn et al. 2011",
    "et": "C2",
    "off": 25499,
    "sff": "C2"
  },
  {
    "docID": "N050 Alilain, Horn et al. 2011",
    "et": "C2",
    "off": 21524,
    "sff": "C2"
  },
  {
    "docID": "N050 Alilain, Horn et al. 2011",
    "et": "C2",
    "off": 11157,
    "sff": "C2"
  },
  {
    "docID": "N050 Alilain, Horn et al. 2011",
    "et": "C2",
    "off": 13654,
    "sff": "C2"
  },
  {
    "docID": "N050 Alilain, Horn et al. 2011",
    "et": "C2",
    "off": 37079,
    "sff": "C2"
  },
  {
    "docID": "N050 Alilain, Horn et al. 2011",
    "et": "C2",
    "off": 2199,
    "sff": "C2"
  },
  {
    "docID": "N050 Alilain, Horn et al. 2011",
    "et": "C2",
    "off": 5536,
    "sff": "C2"
  },
  {
    "docID": "N050 Alilain, Horn et al. 2011",
    "et": "C2",
    "off": 7969,
    "sff": "C2"
  },
  {
    "docID": "N050 Alilain, Horn et al. 2011",
    "et": "C2",
    "off": 9570,
    "sff": "C2"
  },
  {
    "docID": "N050 Alilain, Horn et al. 2011",
    "et": "C2",
    "off": 26524,
    "sff": "C2"
  },
  {
    "docID": "N050 Alilain, Horn et al. 2011",
    "et": "C2",
    "off": 3614,
    "sff": "C2"
  },
  {
    "docID": "N050 Alilain, Horn et al. 2011",
    "et": "C2",
    "off": 26655,
    "sff": "C2"
  },
  {
    "docID": "N050 Alilain, Horn et al. 2011",
    "et": "C2",
    "off": 23848,
    "sff": "C2"
  },
  {
    "docID": "N050 Alilain, Horn et al. 2011",
    "et": "C2",
    "off": 14756,
    "sff": "C2"
  },
  {
    "docID": "N050 Alilain, Horn et al. 2011",
    "et": "C2",
    "off": 10599,
    "sff": "C2"
  },
  {
    "docID": "N050 Alilain, Horn et al. 2011",
    "et": "C2",
    "off": 26225,
    "sff": "C2"
  },
  {
    "docID": "N050 Alilain, Horn et al. 2011",
    "et": "C2",
    "off": 14386,
    "sff": "C2"
  },
  {
    "docID": "N050 Alilain, Horn et al. 2011",
    "et": "C3",
    "off": 27625,
    "sff": "C3"
  },
  {
    "docID": "N050 Alilain, Horn et al. 2011",
    "et": "C3",
    "off": 2339,
    "sff": "C3"
  },
  {
    "docID": "N050 Alilain, Horn et al. 2011",
    "et": "C4",
    "off": 27946,
    "sff": "C4"
  },
  {
    "docID": "N050 Alilain, Horn et al. 2011",
    "et": "C4",
    "off": 7490,
    "sff": "C4"
  },
  {
    "docID": "N050 Alilain, Horn et al. 2011",
    "et": "C4",
    "off": 16685,
    "sff": "C4"
  },
  {
    "docID": "N050 Alilain, Horn et al. 2011",
    "et": "C4",
    "off": 21708,
    "sff": "C4"
  },
  {
    "docID": "N050 Alilain, Horn et al. 2011",
    "et": "C4",
    "off": 24044,
    "sff": "C4"
  },
  {
    "docID": "N050 Alilain, Horn et al. 2011",
    "et": "C4",
    "off": 26815,
    "sff": "C4"
  },
  {
    "docID": "N050 Alilain, Horn et al. 2011",
    "et": "C5",
    "off": 27631,
    "sff": "C5"
  },
  {
    "docID": "N050 Alilain, Horn et al. 2011",
    "et": "C6",
    "off": 2342,
    "sff": "C6"
  },
  {
    "docID": "N050 Alilain, Horn et al. 2011",
    "et": "CorticospinalTract",
    "off": 39105,
    "sff": "corticospinal"
  },
  {
    "docID": "N050 Alilain, Horn et al. 2011",
    "et": "SpinalCentralPart",
    "off": 1662,
    "sff": "central"
  },
  {
    "docID": "N050 Alilain, Horn et al. 2011",
    "et": "SpinalCentralPart",
    "off": 4127,
    "sff": "central"
  },
  {
    "docID": "N050 Alilain, Horn et al. 2011",
    "et": "SpinalCentralPart",
    "off": 37854,
    "sff": "central"
  },
  {
    "docID": "N050 Alilain, Horn et al. 2011",
    "et": "SpinalCentralPart",
    "off": 15409,
    "sff": "central"
  },
  {
    "docID": "N050 Alilain, Horn et al. 2011",
    "et": "SpinalCentralPart",
    "off": 37243,
    "sff": "central"
  },
  {
    "docID": "N050 Alilain, Horn et al. 2011",
    "et": "SpinalCentralPart",
    "off": 37402,
    "sff": "central"
  },
  {
    "docID": "N050 Alilain, Horn et al. 2011",
    "et": "SpinalCentralPart",
    "off": 34968,
    "sff": "central"
  },
  {
    "docID": "N050 Alilain, Horn et al. 2011",
    "et": "SpinalCentralPart",
    "off": 35203,
    "sff": "central"
  },
  {
    "docID": "N050 Alilain, Horn et al. 2011",
    "et": "InjectionDelivery",
    "off": 27513,
    "sff": "injection"
  },
  {
    "docID": "N050 Alilain, Horn et al. 2011",
    "et": "InjectionDelivery",
    "off": 23805,
    "sff": "injection"
  },
  {
    "docID": "N050 Alilain, Horn et al. 2011",
    "et": "InjectionDelivery",
    "off": 24076,
    "sff": "injection"
  },
  {
    "docID": "N050 Alilain, Horn et al. 2011",
    "et": "InjectionDelivery",
    "off": 27486,
    "sff": "injection"
  },
  {
    "docID": "N050 Alilain, Horn et al. 2011",
    "et": "SpinalLesionSite",
    "off": 23851,
    "sff": "lesion site"
  },
  {
    "docID": "N050 Alilain, Horn et al. 2011",
    "et": "SpinalLesionSite",
    "off": 29401,
    "sff": "lesion"
  },
  {
    "docID": "N050 Alilain, Horn et al. 2011",
    "et": "SpinalLesionSite",
    "off": 23682,
    "sff": "lesion"
  },
  {
    "docID": "N050 Alilain, Horn et al. 2011",
    "et": "SpinalLesionSite",
    "off": 12227,
    "sff": "lesion"
  },
  {
    "docID": "N050 Alilain, Horn et al. 2011",
    "et": "SpinalLesionSite",
    "off": 32576,
    "sff": "lesion"
  },
  {
    "docID": "N050 Alilain, Horn et al. 2011",
    "et": "SpinalLesionSite",
    "off": 38465,
    "sff": "lesion"
  },
  {
    "docID": "N050 Alilain, Horn et al. 2011",
    "et": "SpinalLesionSite",
    "off": 19687,
    "sff": "lesion"
  },
  {
    "docID": "N050 Alilain, Horn et al. 2011",
    "et": "SpinalLesionSite",
    "off": 2276,
    "sff": "lesion"
  },
  {
    "docID": "N050 Alilain, Horn et al. 2011",
    "et": "SpinalLesionSite",
    "off": 24458,
    "sff": "lesion"
  },
  {
    "docID": "N050 Alilain, Horn et al. 2011",
    "et": "SpinalLesionSite",
    "off": 4168,
    "sff": "lesion"
  },
  {
    "docID": "N050 Alilain, Horn et al. 2011",
    "et": "SpinalLesionSite",
    "off": 19432,
    "sff": "lesion"
  },
  {
    "docID": "N050 Alilain, Horn et al. 2011",
    "et": "SpinalLesionSite",
    "off": 10988,
    "sff": "lesion"
  },
  {
    "docID": "N050 Alilain, Horn et al. 2011",
    "et": "SpinalLesionSite",
    "off": 8082,
    "sff": "lesion"
  },
  {
    "docID": "N050 Alilain, Horn et al. 2011",
    "et": "SpinalLesionSite",
    "off": 26386,
    "sff": "lesion"
  },
  {
    "docID": "N050 Alilain, Horn et al. 2011",
    "et": "SpinalLesionSite",
    "off": 2672,
    "sff": "lesion"
  },
  {
    "docID": "N050 Alilain, Horn et al. 2011",
    "et": "SpinalLesionSite",
    "off": 27729,
    "sff": "lesion"
  },
  {
    "docID": "N050 Alilain, Horn et al. 2011",
    "et": "SpinalLesionSite",
    "off": 4886,
    "sff": "lesion"
  },
  {
    "docID": "N050 Alilain, Horn et al. 2011",
    "et": "SpinalLesionSite",
    "off": 6069,
    "sff": "lesion"
  }
]
