[
  {
    "docID": "N055 Fouad, Pearse et al. 2009",
    "et": "AnatomicalLocation",
    "off": 20840,
    "sff": "anatomical"
  },
  {
    "docID": "N055 Fouad, Pearse et al. 2009",
    "et": "T7",
    "off": 5599,
    "sff": "T7"
  },
  {
    "docID": "N055 Fouad, Pearse et al. 2009",
    "et": "L1",
    "off": 10438,
    "sff": "L1"
  },
  {
    "docID": "N055 Fouad, Pearse et al. 2009",
    "et": "Lumbar",
    "off": 13566,
    "sff": "lumbar"
  },
  {
    "docID": "N055 Fouad, Pearse et al. 2009",
    "et": "Lumbar",
    "off": 23938,
    "sff": "lumbar"
  },
  {
    "docID": "N055 Fouad, Pearse et al. 2009",
    "et": "Lumbar",
    "off": 24354,
    "sff": "lumbar"
  },
  {
    "docID": "N055 Fouad, Pearse et al. 2009",
    "et": "Lumbar",
    "off": 24482,
    "sff": "lumbar"
  },
  {
    "docID": "N055 Fouad, Pearse et al. 2009",
    "et": "Lumbar",
    "off": 13676,
    "sff": "lumbar"
  },
  {
    "docID": "N055 Fouad, Pearse et al. 2009",
    "et": "Lumbar",
    "off": 10042,
    "sff": "lumbar"
  },
  {
    "docID": "N055 Fouad, Pearse et al. 2009",
    "et": "Lumbar",
    "off": 4121,
    "sff": "lumbar"
  },
  {
    "docID": "N055 Fouad, Pearse et al. 2009",
    "et": "Lumbar",
    "off": 25020,
    "sff": "lumbar"
  },
  {
    "docID": "N055 Fouad, Pearse et al. 2009",
    "et": "Lumbar",
    "off": 10418,
    "sff": "lumbar"
  },
  {
    "docID": "N055 Fouad, Pearse et al. 2009",
    "et": "Lumbar",
    "off": 17309,
    "sff": "lumbar"
  },
  {
    "docID": "N055 Fouad, Pearse et al. 2009",
    "et": "Thoracic",
    "off": 1341,
    "sff": "thoracic"
  },
  {
    "docID": "N055 Fouad, Pearse et al. 2009",
    "et": "Thoracic",
    "off": 3862,
    "sff": "thoracic"
  },
  {
    "docID": "N055 Fouad, Pearse et al. 2009",
    "et": "VertebralLocation",
    "off": 5624,
    "sff": "vertebral"
  },
  {
    "docID": "N055 Fouad, Pearse et al. 2009",
    "et": "Brain",
    "off": 4245,
    "sff": "brain"
  },
  {
    "docID": "N055 Fouad, Pearse et al. 2009",
    "et": "Brain",
    "off": 29916,
    "sff": "Brain"
  },
  {
    "docID": "N055 Fouad, Pearse et al. 2009",
    "et": "Brain",
    "off": 28174,
    "sff": "Brain"
  },
  {
    "docID": "N055 Fouad, Pearse et al. 2009",
    "et": "Brain",
    "off": 26129,
    "sff": "Brain"
  },
  {
    "docID": "N055 Fouad, Pearse et al. 2009",
    "et": "AscendingFiberTract",
    "off": 24546,
    "sff": "fiber"
  },
  {
    "docID": "N055 Fouad, Pearse et al. 2009",
    "et": "AscendingFiberTract",
    "off": 13743,
    "sff": "fiber"
  },
  {
    "docID": "N055 Fouad, Pearse et al. 2009",
    "et": "AscendingFiberTract",
    "off": 26047,
    "sff": "ascending"
  },
  {
    "docID": "N055 Fouad, Pearse et al. 2009",
    "et": "AscendingFiberTract",
    "off": 11224,
    "sff": "fiber"
  },
  {
    "docID": "N055 Fouad, Pearse et al. 2009",
    "et": "AscendingFiberTract",
    "off": 16155,
    "sff": "fiber"
  },
  {
    "docID": "N055 Fouad, Pearse et al. 2009",
    "et": "Intraspinal",
    "off": 28123,
    "sff": "intraspinal"
  },
  {
    "docID": "N055 Fouad, Pearse et al. 2009",
    "et": "SpinalWhiteMatter",
    "off": 11628,
    "sff": "white"
  },
  {
    "docID": "N055 Fouad, Pearse et al. 2009",
    "et": "SpinalFiberTract",
    "off": 16155,
    "sff": "fiber"
  },
  {
    "docID": "N055 Fouad, Pearse et al. 2009",
    "et": "SpinalFiberTract",
    "off": 13743,
    "sff": "fiber"
  },
  {
    "docID": "N055 Fouad, Pearse et al. 2009",
    "et": "SpinalFiberTract",
    "off": 24546,
    "sff": "fiber"
  },
  {
    "docID": "N055 Fouad, Pearse et al. 2009",
    "et": "SpinalFiberTract",
    "off": 11224,
    "sff": "fiber"
  },
  {
    "docID": "N055 Fouad, Pearse et al. 2009",
    "et": "DeliveryMethod",
    "off": 25408,
    "sff": "delivery"
  },
  {
    "docID": "N055 Fouad, Pearse et al. 2009",
    "et": "DeliveryMethod",
    "off": 226,
    "sff": "delivery"
  },
  {
    "docID": "N055 Fouad, Pearse et al. 2009",
    "et": "DeliveryMethod",
    "off": 4054,
    "sff": "delivery"
  },
  {
    "docID": "N055 Fouad, Pearse et al. 2009",
    "et": "SpinalCord",
    "off": 18631,
    "sff": "cord"
  },
  {
    "docID": "N055 Fouad, Pearse et al. 2009",
    "et": "SpinalCord",
    "off": 10056,
    "sff": "cord"
  },
  {
    "docID": "N055 Fouad, Pearse et al. 2009",
    "et": "SpinalCord",
    "off": 25608,
    "sff": "cord"
  },
  {
    "docID": "N055 Fouad, Pearse et al. 2009",
    "et": "SpinalCord",
    "off": 8,
    "sff": "Cord"
  },
  {
    "docID": "N055 Fouad, Pearse et al. 2009",
    "et": "SpinalCord",
    "off": 5708,
    "sff": "cord"
  },
  {
    "docID": "N055 Fouad, Pearse et al. 2009",
    "et": "SpinalCord",
    "off": 13580,
    "sff": "cord"
  },
  {
    "docID": "N055 Fouad, Pearse et al. 2009",
    "et": "SpinalCord",
    "off": 26943,
    "sff": "cord"
  },
  {
    "docID": "N055 Fouad, Pearse et al. 2009",
    "et": "SpinalCord",
    "off": 10432,
    "sff": "cord"
  },
  {
    "docID": "N055 Fouad, Pearse et al. 2009",
    "et": "SpinalCord",
    "off": 29694,
    "sff": "cord"
  },
  {
    "docID": "N055 Fouad, Pearse et al. 2009",
    "et": "SpinalCord",
    "off": 6339,
    "sff": "cord"
  },
  {
    "docID": "N055 Fouad, Pearse et al. 2009",
    "et": "SpinalCord",
    "off": 4996,
    "sff": "cord"
  },
  {
    "docID": "N055 Fouad, Pearse et al. 2009",
    "et": "SpinalCord",
    "off": 62,
    "sff": "Cord"
  },
  {
    "docID": "N055 Fouad, Pearse et al. 2009",
    "et": "SpinalCord",
    "off": 17473,
    "sff": "cord"
  },
  {
    "docID": "N055 Fouad, Pearse et al. 2009",
    "et": "SpinalCord",
    "off": 18434,
    "sff": "cord"
  },
  {
    "docID": "N055 Fouad, Pearse et al. 2009",
    "et": "SpinalCord",
    "off": 27126,
    "sff": "cord"
  },
  {
    "docID": "N055 Fouad, Pearse et al. 2009",
    "et": "SpinalCord",
    "off": 13690,
    "sff": "cord"
  },
  {
    "docID": "N055 Fouad, Pearse et al. 2009",
    "et": "SpinalCord",
    "off": 26554,
    "sff": "cord"
  },
  {
    "docID": "N055 Fouad, Pearse et al. 2009",
    "et": "SpinalCord",
    "off": 28346,
    "sff": "cord"
  },
  {
    "docID": "N055 Fouad, Pearse et al. 2009",
    "et": "SpinalCord",
    "off": 27951,
    "sff": "cord"
  },
  {
    "docID": "N055 Fouad, Pearse et al. 2009",
    "et": "SpinalCord",
    "off": 24368,
    "sff": "cord"
  },
  {
    "docID": "N055 Fouad, Pearse et al. 2009",
    "et": "SpinalCord",
    "off": 24496,
    "sff": "cord"
  },
  {
    "docID": "N055 Fouad, Pearse et al. 2009",
    "et": "SpinalCord",
    "off": 307,
    "sff": "cord"
  },
  {
    "docID": "N055 Fouad, Pearse et al. 2009",
    "et": "SpinalCord",
    "off": 23348,
    "sff": "cord"
  },
  {
    "docID": "N055 Fouad, Pearse et al. 2009",
    "et": "SpinalCord",
    "off": 4135,
    "sff": "cord"
  },
  {
    "docID": "N055 Fouad, Pearse et al. 2009",
    "et": "SpinalCord",
    "off": 939,
    "sff": "cord"
  },
  {
    "docID": "N055 Fouad, Pearse et al. 2009",
    "et": "SpinalCord",
    "off": 17323,
    "sff": "cord"
  },
  {
    "docID": "N055 Fouad, Pearse et al. 2009",
    "et": "SpinalCord",
    "off": 27563,
    "sff": "cord"
  },
  {
    "docID": "N055 Fouad, Pearse et al. 2009",
    "et": "SpinalCord",
    "off": 3884,
    "sff": "cord"
  },
  {
    "docID": "N055 Fouad, Pearse et al. 2009",
    "et": "SpinalCord",
    "off": 2346,
    "sff": "cord"
  },
  {
    "docID": "N055 Fouad, Pearse et al. 2009",
    "et": "SpinalCord",
    "off": 28970,
    "sff": "cord"
  },
  {
    "docID": "N055 Fouad, Pearse et al. 2009",
    "et": "SpinalCord",
    "off": 26724,
    "sff": "cord"
  },
  {
    "docID": "N055 Fouad, Pearse et al. 2009",
    "et": "SpinalCord",
    "off": 2913,
    "sff": "cord"
  },
  {
    "docID": "N055 Fouad, Pearse et al. 2009",
    "et": "SpinalCord",
    "off": 4375,
    "sff": "cord"
  },
  {
    "docID": "N055 Fouad, Pearse et al. 2009",
    "et": "SpinalCord",
    "off": 5657,
    "sff": "cord"
  },
  {
    "docID": "N055 Fouad, Pearse et al. 2009",
    "et": "SpinalCord",
    "off": 23952,
    "sff": "cord"
  },
  {
    "docID": "N055 Fouad, Pearse et al. 2009",
    "et": "SpinalCord",
    "off": 27280,
    "sff": "cord"
  },
  {
    "docID": "N055 Fouad, Pearse et al. 2009",
    "et": "SpinalCord",
    "off": 11921,
    "sff": "cord"
  },
  {
    "docID": "N055 Fouad, Pearse et al. 2009",
    "et": "SpinalCord",
    "off": 27729,
    "sff": "cord"
  },
  {
    "docID": "N055 Fouad, Pearse et al. 2009",
    "et": "SpinalCord",
    "off": 28818,
    "sff": "cord"
  },
  {
    "docID": "N055 Fouad, Pearse et al. 2009",
    "et": "LesionAdjacentTissue",
    "off": 20393,
    "sff": "lesion"
  },
  {
    "docID": "N055 Fouad, Pearse et al. 2009",
    "et": "LesionAdjacentTissue",
    "off": 24935,
    "sff": "lesion"
  },
  {
    "docID": "N055 Fouad, Pearse et al. 2009",
    "et": "LesionAdjacentTissue",
    "off": 1310,
    "sff": "lesion"
  },
  {
    "docID": "N055 Fouad, Pearse et al. 2009",
    "et": "LesionAdjacentTissue",
    "off": 23056,
    "sff": "lesion"
  },
  {
    "docID": "N055 Fouad, Pearse et al. 2009",
    "et": "LesionAdjacentTissue",
    "off": 3940,
    "sff": "lesion"
  },
  {
    "docID": "N055 Fouad, Pearse et al. 2009",
    "et": "LesionAdjacentTissue",
    "off": 17492,
    "sff": "lesion"
  },
  {
    "docID": "N055 Fouad, Pearse et al. 2009",
    "et": "LesionAdjacentTissue",
    "off": 5907,
    "sff": "lesion"
  },
  {
    "docID": "N055 Fouad, Pearse et al. 2009",
    "et": "LesionAdjacentTissue",
    "off": 14931,
    "sff": "lesion"
  },
  {
    "docID": "N055 Fouad, Pearse et al. 2009",
    "et": "CentralNervousSystem",
    "off": 26188,
    "sff": "central nervous"
  },
  {
    "docID": "N055 Fouad, Pearse et al. 2009",
    "et": "CentralNervousSystem",
    "off": 2512,
    "sff": "central nervous system"
  },
  {
    "docID": "N055 Fouad, Pearse et al. 2009",
    "et": "CentralNervousSystem",
    "off": 2868,
    "sff": "nervous system"
  },
  {
    "docID": "N055 Fouad, Pearse et al. 2009",
    "et": "CentralNervousSystem",
    "off": 26188,
    "sff": "central nervous system"
  },
  {
    "docID": "N055 Fouad, Pearse et al. 2009",
    "et": "CentralNervousSystem",
    "off": 2868,
    "sff": "nervous"
  },
  {
    "docID": "N055 Fouad, Pearse et al. 2009",
    "et": "CentralNervousSystem",
    "off": 2512,
    "sff": "central nervous"
  },
  {
    "docID": "N055 Fouad, Pearse et al. 2009",
    "et": "CentralNervousSystem",
    "off": 29303,
    "sff": "central"
  },
  {
    "docID": "N055 Fouad, Pearse et al. 2009",
    "et": "Location",
    "off": 19370,
    "sff": "location"
  },
  {
    "docID": "N055 Fouad, Pearse et al. 2009",
    "et": "VertebralArea",
    "off": 5624,
    "sff": "vertebral"
  },
  {
    "docID": "N055 Fouad, Pearse et al. 2009",
    "et": "SpinalCentralPart",
    "off": 26188,
    "sff": "central"
  },
  {
    "docID": "N055 Fouad, Pearse et al. 2009",
    "et": "SpinalCentralPart",
    "off": 29303,
    "sff": "central"
  },
  {
    "docID": "N055 Fouad, Pearse et al. 2009",
    "et": "SpinalCentralPart",
    "off": 2512,
    "sff": "central"
  },
  {
    "docID": "N055 Fouad, Pearse et al. 2009",
    "et": "InjectionDelivery",
    "off": 23424,
    "sff": "injection"
  },
  {
    "docID": "N055 Fouad, Pearse et al. 2009",
    "et": "VertebralSegment",
    "off": 5624,
    "sff": "vertebral segment"
  },
  {
    "docID": "N055 Fouad, Pearse et al. 2009",
    "et": "SpinalLesionSite",
    "off": 3940,
    "sff": "lesion"
  },
  {
    "docID": "N055 Fouad, Pearse et al. 2009",
    "et": "SpinalLesionSite",
    "off": 24935,
    "sff": "lesion site"
  },
  {
    "docID": "N055 Fouad, Pearse et al. 2009",
    "et": "SpinalLesionSite",
    "off": 20393,
    "sff": "lesion"
  },
  {
    "docID": "N055 Fouad, Pearse et al. 2009",
    "et": "SpinalLesionSite",
    "off": 17492,
    "sff": "lesion site"
  },
  {
    "docID": "N055 Fouad, Pearse et al. 2009",
    "et": "SpinalLesionSite",
    "off": 1310,
    "sff": "lesion site"
  },
  {
    "docID": "N055 Fouad, Pearse et al. 2009",
    "et": "SpinalLesionSite",
    "off": 23056,
    "sff": "lesion"
  },
  {
    "docID": "N055 Fouad, Pearse et al. 2009",
    "et": "SpinalLesionSite",
    "off": 5907,
    "sff": "lesion"
  },
  {
    "docID": "N055 Fouad, Pearse et al. 2009",
    "et": "SpinalLesionSite",
    "off": 14931,
    "sff": "lesion"
  }
]
