[
  {
    "docID": "N059 Ikegami, Nakamura et al. 2005",
    "et": "T11",
    "off": 15062,
    "sff": "T11"
  },
  {
    "docID": "N059 Ikegami, Nakamura et al. 2005",
    "et": "InhalationDelivery",
    "off": 18132,
    "sff": "inhalation"
  },
  {
    "docID": "N059 Ikegami, Nakamura et al. 2005",
    "et": "T13",
    "off": 14774,
    "sff": "T13"
  },
  {
    "docID": "N059 Ikegami, Nakamura et al. 2005",
    "et": "Lumbar",
    "off": 39242,
    "sff": "lumbar"
  },
  {
    "docID": "N059 Ikegami, Nakamura et al. 2005",
    "et": "VertebralLocation",
    "off": 15052,
    "sff": "vertebral"
  },
  {
    "docID": "N059 Ikegami, Nakamura et al. 2005",
    "et": "Brain",
    "off": 54847,
    "sff": "Brain"
  },
  {
    "docID": "N059 Ikegami, Nakamura et al. 2005",
    "et": "Brain",
    "off": 53337,
    "sff": "brain"
  },
  {
    "docID": "N059 Ikegami, Nakamura et al. 2005",
    "et": "Brain",
    "off": 54628,
    "sff": "brain"
  },
  {
    "docID": "N059 Ikegami, Nakamura et al. 2005",
    "et": "Brain",
    "off": 55306,
    "sff": "Brain"
  },
  {
    "docID": "N059 Ikegami, Nakamura et al. 2005",
    "et": "Brain",
    "off": 47096,
    "sff": "Brain"
  },
  {
    "docID": "N059 Ikegami, Nakamura et al. 2005",
    "et": "AscendingFiberTract",
    "off": 55723,
    "sff": "ascending"
  },
  {
    "docID": "N059 Ikegami, Nakamura et al. 2005",
    "et": "AscendingFiberTract",
    "off": 21096,
    "sff": "fiber"
  },
  {
    "docID": "N059 Ikegami, Nakamura et al. 2005",
    "et": "Intraspinal",
    "off": 2931,
    "sff": "intraspinal"
  },
  {
    "docID": "N059 Ikegami, Nakamura et al. 2005",
    "et": "Intraspinal",
    "off": 53300,
    "sff": "intraspinal"
  },
  {
    "docID": "N059 Ikegami, Nakamura et al. 2005",
    "et": "Intraspinal",
    "off": 54488,
    "sff": "intraspinal"
  },
  {
    "docID": "N059 Ikegami, Nakamura et al. 2005",
    "et": "IntraperitonealLocation",
    "off": 11840,
    "sff": "intraperitoneal"
  },
  {
    "docID": "N059 Ikegami, Nakamura et al. 2005",
    "et": "SpinalWhiteMatter",
    "off": 26157,
    "sff": "white matter"
  },
  {
    "docID": "N059 Ikegami, Nakamura et al. 2005",
    "et": "SpinalWhiteMatter",
    "off": 33309,
    "sff": "white matter"
  },
  {
    "docID": "N059 Ikegami, Nakamura et al. 2005",
    "et": "SpinalWhiteMatter",
    "off": 33677,
    "sff": "white matter"
  },
  {
    "docID": "N059 Ikegami, Nakamura et al. 2005",
    "et": "SpinalWhiteMatter",
    "off": 38078,
    "sff": "white matter"
  },
  {
    "docID": "N059 Ikegami, Nakamura et al. 2005",
    "et": "SpinalFiberTract",
    "off": 21096,
    "sff": "fiber"
  },
  {
    "docID": "N059 Ikegami, Nakamura et al. 2005",
    "et": "Intrathecal",
    "off": 26032,
    "sff": "intrathecal"
  },
  {
    "docID": "N059 Ikegami, Nakamura et al. 2005",
    "et": "Intrathecal",
    "off": 14342,
    "sff": "intrathecal"
  },
  {
    "docID": "N059 Ikegami, Nakamura et al. 2005",
    "et": "Intrathecal",
    "off": 37526,
    "sff": "intrathecal"
  },
  {
    "docID": "N059 Ikegami, Nakamura et al. 2005",
    "et": "Intrathecal",
    "off": 39956,
    "sff": "intrathecal"
  },
  {
    "docID": "N059 Ikegami, Nakamura et al. 2005",
    "et": "SpinalDorsalHalf",
    "off": 59134,
    "sff": "Dorsal"
  },
  {
    "docID": "N059 Ikegami, Nakamura et al. 2005",
    "et": "SpinalDorsalHalf",
    "off": 34472,
    "sff": "dorsal"
  },
  {
    "docID": "N059 Ikegami, Nakamura et al. 2005",
    "et": "SpinalDorsalHalf",
    "off": 34645,
    "sff": "dorsal"
  },
  {
    "docID": "N059 Ikegami, Nakamura et al. 2005",
    "et": "SpinalVentralHalf",
    "off": 34557,
    "sff": "ventral"
  },
  {
    "docID": "N059 Ikegami, Nakamura et al. 2005",
    "et": "SpinalVentralHalf",
    "off": 34625,
    "sff": "ventral"
  },
  {
    "docID": "N059 Ikegami, Nakamura et al. 2005",
    "et": "SpinalVentralHalf",
    "off": 38058,
    "sff": "ventral half"
  },
  {
    "docID": "N059 Ikegami, Nakamura et al. 2005",
    "et": "SpinalCord",
    "off": 16299,
    "sff": "cord"
  },
  {
    "docID": "N059 Ikegami, Nakamura et al. 2005",
    "et": "SpinalCord",
    "off": 40106,
    "sff": "cord"
  },
  {
    "docID": "N059 Ikegami, Nakamura et al. 2005",
    "et": "SpinalCord",
    "off": 12975,
    "sff": "cord"
  },
  {
    "docID": "N059 Ikegami, Nakamura et al. 2005",
    "et": "SpinalCord",
    "off": 58798,
    "sff": "cord"
  },
  {
    "docID": "N059 Ikegami, Nakamura et al. 2005",
    "et": "SpinalCord",
    "off": 11692,
    "sff": "cord"
  },
  {
    "docID": "N059 Ikegami, Nakamura et al. 2005",
    "et": "SpinalCord",
    "off": 29357,
    "sff": "cord"
  },
  {
    "docID": "N059 Ikegami, Nakamura et al. 2005",
    "et": "SpinalCord",
    "off": 59057,
    "sff": "cord"
  },
  {
    "docID": "N059 Ikegami, Nakamura et al. 2005",
    "et": "SpinalCord",
    "off": 38583,
    "sff": "cord"
  },
  {
    "docID": "N059 Ikegami, Nakamura et al. 2005",
    "et": "SpinalCord",
    "off": 54196,
    "sff": "cord"
  },
  {
    "docID": "N059 Ikegami, Nakamura et al. 2005",
    "et": "SpinalCord",
    "off": 25274,
    "sff": "cord"
  },
  {
    "docID": "N059 Ikegami, Nakamura et al. 2005",
    "et": "SpinalCord",
    "off": 58296,
    "sff": "cord"
  },
  {
    "docID": "N059 Ikegami, Nakamura et al. 2005",
    "et": "SpinalCord",
    "off": 3519,
    "sff": "cord"
  },
  {
    "docID": "N059 Ikegami, Nakamura et al. 2005",
    "et": "SpinalCord",
    "off": 33981,
    "sff": "cord"
  },
  {
    "docID": "N059 Ikegami, Nakamura et al. 2005",
    "et": "SpinalCord",
    "off": 40387,
    "sff": "cord"
  },
  {
    "docID": "N059 Ikegami, Nakamura et al. 2005",
    "et": "SpinalCord",
    "off": 12037,
    "sff": "Cord"
  },
  {
    "docID": "N059 Ikegami, Nakamura et al. 2005",
    "et": "SpinalCord",
    "off": 30656,
    "sff": "cord"
  },
  {
    "docID": "N059 Ikegami, Nakamura et al. 2005",
    "et": "SpinalCord",
    "off": 32197,
    "sff": "cord"
  },
  {
    "docID": "N059 Ikegami, Nakamura et al. 2005",
    "et": "SpinalCord",
    "off": 34500,
    "sff": "cord"
  },
  {
    "docID": "N059 Ikegami, Nakamura et al. 2005",
    "et": "SpinalCord",
    "off": 4746,
    "sff": "cord"
  },
  {
    "docID": "N059 Ikegami, Nakamura et al. 2005",
    "et": "SpinalCord",
    "off": 40335,
    "sff": "cord"
  },
  {
    "docID": "N059 Ikegami, Nakamura et al. 2005",
    "et": "SpinalCord",
    "off": 32398,
    "sff": "cord"
  },
  {
    "docID": "N059 Ikegami, Nakamura et al. 2005",
    "et": "SpinalCord",
    "off": 42126,
    "sff": "cord"
  },
  {
    "docID": "N059 Ikegami, Nakamura et al. 2005",
    "et": "SpinalCord",
    "off": 41874,
    "sff": "cord"
  },
  {
    "docID": "N059 Ikegami, Nakamura et al. 2005",
    "et": "SpinalCord",
    "off": 12689,
    "sff": "cord"
  },
  {
    "docID": "N059 Ikegami, Nakamura et al. 2005",
    "et": "SpinalCord",
    "off": 5783,
    "sff": "cord"
  },
  {
    "docID": "N059 Ikegami, Nakamura et al. 2005",
    "et": "SpinalCord",
    "off": 49049,
    "sff": "cord"
  },
  {
    "docID": "N059 Ikegami, Nakamura et al. 2005",
    "et": "SpinalCord",
    "off": 53661,
    "sff": "cord"
  },
  {
    "docID": "N059 Ikegami, Nakamura et al. 2005",
    "et": "SpinalCord",
    "off": 46492,
    "sff": "cord"
  },
  {
    "docID": "N059 Ikegami, Nakamura et al. 2005",
    "et": "SpinalCord",
    "off": 49564,
    "sff": "cord"
  },
  {
    "docID": "N059 Ikegami, Nakamura et al. 2005",
    "et": "SpinalCord",
    "off": 55201,
    "sff": "cord"
  },
  {
    "docID": "N059 Ikegami, Nakamura et al. 2005",
    "et": "SpinalCord",
    "off": 48807,
    "sff": "cord"
  },
  {
    "docID": "N059 Ikegami, Nakamura et al. 2005",
    "et": "SpinalCord",
    "off": 30886,
    "sff": "cord"
  },
  {
    "docID": "N059 Ikegami, Nakamura et al. 2005",
    "et": "SpinalCord",
    "off": 25193,
    "sff": "cord"
  },
  {
    "docID": "N059 Ikegami, Nakamura et al. 2005",
    "et": "SpinalCord",
    "off": 3437,
    "sff": "cord"
  },
  {
    "docID": "N059 Ikegami, Nakamura et al. 2005",
    "et": "SpinalCord",
    "off": 18043,
    "sff": "cord"
  },
  {
    "docID": "N059 Ikegami, Nakamura et al. 2005",
    "et": "SpinalCord",
    "off": 24184,
    "sff": "cord"
  },
  {
    "docID": "N059 Ikegami, Nakamura et al. 2005",
    "et": "SpinalCord",
    "off": 42366,
    "sff": "cord"
  },
  {
    "docID": "N059 Ikegami, Nakamura et al. 2005",
    "et": "SpinalCord",
    "off": 25725,
    "sff": "cord"
  },
  {
    "docID": "N059 Ikegami, Nakamura et al. 2005",
    "et": "SpinalCord",
    "off": 38524,
    "sff": "cord"
  },
  {
    "docID": "N059 Ikegami, Nakamura et al. 2005",
    "et": "SpinalCord",
    "off": 16512,
    "sff": "cord"
  },
  {
    "docID": "N059 Ikegami, Nakamura et al. 2005",
    "et": "SpinalCord",
    "off": 17025,
    "sff": "cord"
  },
  {
    "docID": "N059 Ikegami, Nakamura et al. 2005",
    "et": "SpinalCord",
    "off": 2122,
    "sff": "cord"
  },
  {
    "docID": "N059 Ikegami, Nakamura et al. 2005",
    "et": "SpinalCord",
    "off": 34121,
    "sff": "cord"
  },
  {
    "docID": "N059 Ikegami, Nakamura et al. 2005",
    "et": "SpinalCord",
    "off": 26702,
    "sff": "cord"
  },
  {
    "docID": "N059 Ikegami, Nakamura et al. 2005",
    "et": "SpinalCord",
    "off": 29773,
    "sff": "cord"
  },
  {
    "docID": "N059 Ikegami, Nakamura et al. 2005",
    "et": "SpinalCord",
    "off": 57421,
    "sff": "cord"
  },
  {
    "docID": "N059 Ikegami, Nakamura et al. 2005",
    "et": "SpinalCord",
    "off": 26192,
    "sff": "cord"
  },
  {
    "docID": "N059 Ikegami, Nakamura et al. 2005",
    "et": "SpinalCord",
    "off": 31578,
    "sff": "cord"
  },
  {
    "docID": "N059 Ikegami, Nakamura et al. 2005",
    "et": "SpinalCord",
    "off": 30297,
    "sff": "cord"
  },
  {
    "docID": "N059 Ikegami, Nakamura et al. 2005",
    "et": "SpinalCord",
    "off": 29272,
    "sff": "cord"
  },
  {
    "docID": "N059 Ikegami, Nakamura et al. 2005",
    "et": "SpinalCord",
    "off": 37720,
    "sff": "cord"
  },
  {
    "docID": "N059 Ikegami, Nakamura et al. 2005",
    "et": "SpinalCord",
    "off": 1630,
    "sff": "cord"
  },
  {
    "docID": "N059 Ikegami, Nakamura et al. 2005",
    "et": "SpinalCord",
    "off": 15966,
    "sff": "cord"
  },
  {
    "docID": "N059 Ikegami, Nakamura et al. 2005",
    "et": "SpinalCord",
    "off": 2908,
    "sff": "cord"
  },
  {
    "docID": "N059 Ikegami, Nakamura et al. 2005",
    "et": "SpinalCord",
    "off": 40029,
    "sff": "cord"
  },
  {
    "docID": "N059 Ikegami, Nakamura et al. 2005",
    "et": "SpinalCord",
    "off": 51037,
    "sff": "cord"
  },
  {
    "docID": "N059 Ikegami, Nakamura et al. 2005",
    "et": "SpinalCord",
    "off": 3170,
    "sff": "cord"
  },
  {
    "docID": "N059 Ikegami, Nakamura et al. 2005",
    "et": "SpinalCord",
    "off": 32098,
    "sff": "cord"
  },
  {
    "docID": "N059 Ikegami, Nakamura et al. 2005",
    "et": "SpinalCord",
    "off": 49506,
    "sff": "cord"
  },
  {
    "docID": "N059 Ikegami, Nakamura et al. 2005",
    "et": "SpinalCord",
    "off": 31528,
    "sff": "cord"
  },
  {
    "docID": "N059 Ikegami, Nakamura et al. 2005",
    "et": "SpinalCord",
    "off": 59437,
    "sff": "cord"
  },
  {
    "docID": "N059 Ikegami, Nakamura et al. 2005",
    "et": "SpinalCord",
    "off": 305,
    "sff": "cord"
  },
  {
    "docID": "N059 Ikegami, Nakamura et al. 2005",
    "et": "SpinalCord",
    "off": 3121,
    "sff": "cord"
  },
  {
    "docID": "N059 Ikegami, Nakamura et al. 2005",
    "et": "SpinalCord",
    "off": 23095,
    "sff": "cord"
  },
  {
    "docID": "N059 Ikegami, Nakamura et al. 2005",
    "et": "SpinalCord",
    "off": 31797,
    "sff": "cord"
  },
  {
    "docID": "N059 Ikegami, Nakamura et al. 2005",
    "et": "SpinalCord",
    "off": 46906,
    "sff": "cord"
  },
  {
    "docID": "N059 Ikegami, Nakamura et al. 2005",
    "et": "SpinalCord",
    "off": 20547,
    "sff": "cord"
  },
  {
    "docID": "N059 Ikegami, Nakamura et al. 2005",
    "et": "SpinalCord",
    "off": 38723,
    "sff": "cord"
  },
  {
    "docID": "N059 Ikegami, Nakamura et al. 2005",
    "et": "SpinalCord",
    "off": 40771,
    "sff": "cord"
  },
  {
    "docID": "N059 Ikegami, Nakamura et al. 2005",
    "et": "SpinalCord",
    "off": 33344,
    "sff": "cord"
  },
  {
    "docID": "N059 Ikegami, Nakamura et al. 2005",
    "et": "SpinalCord",
    "off": 42816,
    "sff": "cord"
  },
  {
    "docID": "N059 Ikegami, Nakamura et al. 2005",
    "et": "SpinalCord",
    "off": 25668,
    "sff": "cord"
  },
  {
    "docID": "N059 Ikegami, Nakamura et al. 2005",
    "et": "SpinalCord",
    "off": 26378,
    "sff": "cord"
  },
  {
    "docID": "N059 Ikegami, Nakamura et al. 2005",
    "et": "SpinalCord",
    "off": 50697,
    "sff": "cord"
  },
  {
    "docID": "N059 Ikegami, Nakamura et al. 2005",
    "et": "SpinalCord",
    "off": 54025,
    "sff": "cord"
  },
  {
    "docID": "N059 Ikegami, Nakamura et al. 2005",
    "et": "SpinalCord",
    "off": 3596,
    "sff": "cord"
  },
  {
    "docID": "N059 Ikegami, Nakamura et al. 2005",
    "et": "SpinalCord",
    "off": 36365,
    "sff": "cord"
  },
  {
    "docID": "N059 Ikegami, Nakamura et al. 2005",
    "et": "SpinalCord",
    "off": 2323,
    "sff": "cord"
  },
  {
    "docID": "N059 Ikegami, Nakamura et al. 2005",
    "et": "SpinalCord",
    "off": 25104,
    "sff": "cord"
  },
  {
    "docID": "N059 Ikegami, Nakamura et al. 2005",
    "et": "SpinalCord",
    "off": 51735,
    "sff": "cord"
  },
  {
    "docID": "N059 Ikegami, Nakamura et al. 2005",
    "et": "SpinalCord",
    "off": 36117,
    "sff": "cord"
  },
  {
    "docID": "N059 Ikegami, Nakamura et al. 2005",
    "et": "SpinalCord",
    "off": 45076,
    "sff": "cord"
  },
  {
    "docID": "N059 Ikegami, Nakamura et al. 2005",
    "et": "SpinalCord",
    "off": 49172,
    "sff": "cord"
  },
  {
    "docID": "N059 Ikegami, Nakamura et al. 2005",
    "et": "SpinalCord",
    "off": 54811,
    "sff": "cord"
  },
  {
    "docID": "N059 Ikegami, Nakamura et al. 2005",
    "et": "SpinalCord",
    "off": 32026,
    "sff": "cord"
  },
  {
    "docID": "N059 Ikegami, Nakamura et al. 2005",
    "et": "SpinalCord",
    "off": 57626,
    "sff": "cord"
  },
  {
    "docID": "N059 Ikegami, Nakamura et al. 2005",
    "et": "SpinalCord",
    "off": 58648,
    "sff": "cord"
  },
  {
    "docID": "N059 Ikegami, Nakamura et al. 2005",
    "et": "SpinalCord",
    "off": 2844,
    "sff": "cord"
  },
  {
    "docID": "N059 Ikegami, Nakamura et al. 2005",
    "et": "SpinalCord",
    "off": 1309,
    "sff": "cord"
  },
  {
    "docID": "N059 Ikegami, Nakamura et al. 2005",
    "et": "SpinalCord",
    "off": 46624,
    "sff": "cord"
  },
  {
    "docID": "N059 Ikegami, Nakamura et al. 2005",
    "et": "SpinalCord",
    "off": 50214,
    "sff": "cord"
  },
  {
    "docID": "N059 Ikegami, Nakamura et al. 2005",
    "et": "SpinalCord",
    "off": 53284,
    "sff": "cord"
  },
  {
    "docID": "N059 Ikegami, Nakamura et al. 2005",
    "et": "SpinalCord",
    "off": 24555,
    "sff": "cord"
  },
  {
    "docID": "N059 Ikegami, Nakamura et al. 2005",
    "et": "SpinalCord",
    "off": 47083,
    "sff": "cord"
  },
  {
    "docID": "N059 Ikegami, Nakamura et al. 2005",
    "et": "SpinalCord",
    "off": 23018,
    "sff": "cord"
  },
  {
    "docID": "N059 Ikegami, Nakamura et al. 2005",
    "et": "SpinalCord",
    "off": 50409,
    "sff": "cord"
  },
  {
    "docID": "N059 Ikegami, Nakamura et al. 2005",
    "et": "SpinalCord",
    "off": 33773,
    "sff": "cord"
  },
  {
    "docID": "N059 Ikegami, Nakamura et al. 2005",
    "et": "SpinalCord",
    "off": 41965,
    "sff": "cord"
  },
  {
    "docID": "N059 Ikegami, Nakamura et al. 2005",
    "et": "SpinalCord",
    "off": 25324,
    "sff": "cord"
  },
  {
    "docID": "N059 Ikegami, Nakamura et al. 2005",
    "et": "SpinalCord",
    "off": 52464,
    "sff": "cord"
  },
  {
    "docID": "N059 Ikegami, Nakamura et al. 2005",
    "et": "SpinalCord",
    "off": 5110,
    "sff": "cord"
  },
  {
    "docID": "N059 Ikegami, Nakamura et al. 2005",
    "et": "SpinalCord",
    "off": 16117,
    "sff": "cord"
  },
  {
    "docID": "N059 Ikegami, Nakamura et al. 2005",
    "et": "SpinalCord",
    "off": 47608,
    "sff": "cord"
  },
  {
    "docID": "N059 Ikegami, Nakamura et al. 2005",
    "et": "SpinalCord",
    "off": 29438,
    "sff": "cord"
  },
  {
    "docID": "N059 Ikegami, Nakamura et al. 2005",
    "et": "SpinalCord",
    "off": 55294,
    "sff": "cord"
  },
  {
    "docID": "N059 Ikegami, Nakamura et al. 2005",
    "et": "SpinalCord",
    "off": 51970,
    "sff": "cord"
  },
  {
    "docID": "N059 Ikegami, Nakamura et al. 2005",
    "et": "SpinalCord",
    "off": 37633,
    "sff": "cord"
  },
  {
    "docID": "N059 Ikegami, Nakamura et al. 2005",
    "et": "SpinalCord",
    "off": 47872,
    "sff": "cord"
  },
  {
    "docID": "N059 Ikegami, Nakamura et al. 2005",
    "et": "SpinalCord",
    "off": 30727,
    "sff": "cord"
  },
  {
    "docID": "N059 Ikegami, Nakamura et al. 2005",
    "et": "SpinalCord",
    "off": 43014,
    "sff": "cord"
  },
  {
    "docID": "N059 Ikegami, Nakamura et al. 2005",
    "et": "SpinalCord",
    "off": 17156,
    "sff": "cord"
  },
  {
    "docID": "N059 Ikegami, Nakamura et al. 2005",
    "et": "SpinalCord",
    "off": 47306,
    "sff": "cord"
  },
  {
    "docID": "N059 Ikegami, Nakamura et al. 2005",
    "et": "SpinalCord",
    "off": 1480,
    "sff": "cord"
  },
  {
    "docID": "N059 Ikegami, Nakamura et al. 2005",
    "et": "SpinalCord",
    "off": 52681,
    "sff": "cord"
  },
  {
    "docID": "N059 Ikegami, Nakamura et al. 2005",
    "et": "SpinalCord",
    "off": 33224,
    "sff": "cord"
  },
  {
    "docID": "N059 Ikegami, Nakamura et al. 2005",
    "et": "SpinalCord",
    "off": 40654,
    "sff": "cord"
  },
  {
    "docID": "N059 Ikegami, Nakamura et al. 2005",
    "et": "SpinalCord",
    "off": 45518,
    "sff": "cord"
  },
  {
    "docID": "N059 Ikegami, Nakamura et al. 2005",
    "et": "SpinalCord",
    "off": 32717,
    "sff": "cord"
  },
  {
    "docID": "N059 Ikegami, Nakamura et al. 2005",
    "et": "SpinalCord",
    "off": 32981,
    "sff": "cord"
  },
  {
    "docID": "N059 Ikegami, Nakamura et al. 2005",
    "et": "SpinalCord",
    "off": 4570,
    "sff": "cord"
  },
  {
    "docID": "N059 Ikegami, Nakamura et al. 2005",
    "et": "SpinalCord",
    "off": 33498,
    "sff": "cord"
  },
  {
    "docID": "N059 Ikegami, Nakamura et al. 2005",
    "et": "SpinalCord",
    "off": 31961,
    "sff": "cord"
  },
  {
    "docID": "N059 Ikegami, Nakamura et al. 2005",
    "et": "SpinalCord",
    "off": 29912,
    "sff": "cord"
  },
  {
    "docID": "N059 Ikegami, Nakamura et al. 2005",
    "et": "SpinalCord",
    "off": 55006,
    "sff": "cord"
  },
  {
    "docID": "N059 Ikegami, Nakamura et al. 2005",
    "et": "SpinalCord",
    "off": 12774,
    "sff": "cord"
  },
  {
    "docID": "N059 Ikegami, Nakamura et al. 2005",
    "et": "SpinalCord",
    "off": 24295,
    "sff": "cord"
  },
  {
    "docID": "N059 Ikegami, Nakamura et al. 2005",
    "et": "SpinalCord",
    "off": 41191,
    "sff": "cord"
  },
  {
    "docID": "N059 Ikegami, Nakamura et al. 2005",
    "et": "SpinalCord",
    "off": 48100,
    "sff": "cord"
  },
  {
    "docID": "N059 Ikegami, Nakamura et al. 2005",
    "et": "DorsalColumn",
    "off": 34472,
    "sff": "dorsal column"
  },
  {
    "docID": "N059 Ikegami, Nakamura et al. 2005",
    "et": "DorsalColumn",
    "off": 34645,
    "sff": "dorsal column"
  },
  {
    "docID": "N059 Ikegami, Nakamura et al. 2005",
    "et": "DorsalColumn",
    "off": 59134,
    "sff": "Dorsal"
  },
  {
    "docID": "N059 Ikegami, Nakamura et al. 2005",
    "et": "LesionAdjacentTissue",
    "off": 24449,
    "sff": "lesion"
  },
  {
    "docID": "N059 Ikegami, Nakamura et al. 2005",
    "et": "LesionAdjacentTissue",
    "off": 24144,
    "sff": "adjacent"
  },
  {
    "docID": "N059 Ikegami, Nakamura et al. 2005",
    "et": "LesionAdjacentTissue",
    "off": 31417,
    "sff": "lesion"
  },
  {
    "docID": "N059 Ikegami, Nakamura et al. 2005",
    "et": "LesionAdjacentTissue",
    "off": 31401,
    "sff": "adjacent"
  },
  {
    "docID": "N059 Ikegami, Nakamura et al. 2005",
    "et": "LesionAdjacentTissue",
    "off": 35056,
    "sff": "lesion"
  },
  {
    "docID": "N059 Ikegami, Nakamura et al. 2005",
    "et": "LesionAdjacentTissue",
    "off": 30129,
    "sff": "lesion"
  },
  {
    "docID": "N059 Ikegami, Nakamura et al. 2005",
    "et": "LesionAdjacentTissue",
    "off": 32682,
    "sff": "lesion"
  },
  {
    "docID": "N059 Ikegami, Nakamura et al. 2005",
    "et": "LesionAdjacentTissue",
    "off": 29996,
    "sff": "lesion"
  },
  {
    "docID": "N059 Ikegami, Nakamura et al. 2005",
    "et": "LesionAdjacentTissue",
    "off": 23272,
    "sff": "lesion"
  },
  {
    "docID": "N059 Ikegami, Nakamura et al. 2005",
    "et": "LesionAdjacentTissue",
    "off": 32867,
    "sff": "lesion"
  },
  {
    "docID": "N059 Ikegami, Nakamura et al. 2005",
    "et": "LesionAdjacentTissue",
    "off": 20636,
    "sff": "lesion"
  },
  {
    "docID": "N059 Ikegami, Nakamura et al. 2005",
    "et": "LesionAdjacentTissue",
    "off": 34842,
    "sff": "lesion"
  },
  {
    "docID": "N059 Ikegami, Nakamura et al. 2005",
    "et": "LesionAdjacentTissue",
    "off": 47579,
    "sff": "lesion"
  },
  {
    "docID": "N059 Ikegami, Nakamura et al. 2005",
    "et": "LesionAdjacentTissue",
    "off": 23390,
    "sff": "lesion"
  },
  {
    "docID": "N059 Ikegami, Nakamura et al. 2005",
    "et": "LesionAdjacentTissue",
    "off": 40733,
    "sff": "lesion"
  },
  {
    "docID": "N059 Ikegami, Nakamura et al. 2005",
    "et": "LesionAdjacentTissue",
    "off": 2514,
    "sff": "lesion"
  },
  {
    "docID": "N059 Ikegami, Nakamura et al. 2005",
    "et": "LesionAdjacentTissue",
    "off": 2262,
    "sff": "lesion"
  },
  {
    "docID": "N059 Ikegami, Nakamura et al. 2005",
    "et": "LesionAdjacentTissue",
    "off": 33109,
    "sff": "lesion"
  },
  {
    "docID": "N059 Ikegami, Nakamura et al. 2005",
    "et": "LesionAdjacentTissue",
    "off": 39822,
    "sff": "lesion"
  },
  {
    "docID": "N059 Ikegami, Nakamura et al. 2005",
    "et": "LesionAdjacentTissue",
    "off": 23179,
    "sff": "lesion"
  },
  {
    "docID": "N059 Ikegami, Nakamura et al. 2005",
    "et": "LesionAdjacentTissue",
    "off": 40848,
    "sff": "lesion"
  },
  {
    "docID": "N059 Ikegami, Nakamura et al. 2005",
    "et": "LesionAdjacentTissue",
    "off": 30353,
    "sff": "lesion"
  },
  {
    "docID": "N059 Ikegami, Nakamura et al. 2005",
    "et": "LesionAdjacentTissue",
    "off": 34762,
    "sff": "lesion"
  },
  {
    "docID": "N059 Ikegami, Nakamura et al. 2005",
    "et": "LesionAdjacentTissue",
    "off": 34187,
    "sff": "lesion"
  },
  {
    "docID": "N059 Ikegami, Nakamura et al. 2005",
    "et": "LesionAdjacentTissue",
    "off": 44102,
    "sff": "lesion"
  },
  {
    "docID": "N059 Ikegami, Nakamura et al. 2005",
    "et": "LesionAdjacentTissue",
    "off": 42052,
    "sff": "lesion"
  },
  {
    "docID": "N059 Ikegami, Nakamura et al. 2005",
    "et": "InfusionDelivery",
    "off": 25341,
    "sff": "infusion"
  },
  {
    "docID": "N059 Ikegami, Nakamura et al. 2005",
    "et": "InfusionDelivery",
    "off": 32760,
    "sff": "infusion"
  },
  {
    "docID": "N059 Ikegami, Nakamura et al. 2005",
    "et": "InfusionDelivery",
    "off": 26044,
    "sff": "infusion"
  },
  {
    "docID": "N059 Ikegami, Nakamura et al. 2005",
    "et": "InfusionDelivery",
    "off": 24241,
    "sff": "infusion"
  },
  {
    "docID": "N059 Ikegami, Nakamura et al. 2005",
    "et": "InfusionDelivery",
    "off": 24367,
    "sff": "infusion"
  },
  {
    "docID": "N059 Ikegami, Nakamura et al. 2005",
    "et": "InfusionDelivery",
    "off": 25142,
    "sff": "infusion"
  },
  {
    "docID": "N059 Ikegami, Nakamura et al. 2005",
    "et": "InfusionDelivery",
    "off": 15221,
    "sff": "infusion"
  },
  {
    "docID": "N059 Ikegami, Nakamura et al. 2005",
    "et": "InfusionDelivery",
    "off": 15987,
    "sff": "infusion"
  },
  {
    "docID": "N059 Ikegami, Nakamura et al. 2005",
    "et": "InfusionDelivery",
    "off": 31879,
    "sff": "infusion"
  },
  {
    "docID": "N059 Ikegami, Nakamura et al. 2005",
    "et": "InfusionDelivery",
    "off": 24322,
    "sff": "infusion"
  },
  {
    "docID": "N059 Ikegami, Nakamura et al. 2005",
    "et": "InfusionDelivery",
    "off": 14400,
    "sff": "infusion"
  },
  {
    "docID": "N059 Ikegami, Nakamura et al. 2005",
    "et": "InfusionDelivery",
    "off": 24518,
    "sff": "infusion"
  },
  {
    "docID": "N059 Ikegami, Nakamura et al. 2005",
    "et": "InfusionDelivery",
    "off": 25222,
    "sff": "infusion"
  },
  {
    "docID": "N059 Ikegami, Nakamura et al. 2005",
    "et": "InfusionDelivery",
    "off": 16900,
    "sff": "infusion"
  },
  {
    "docID": "N059 Ikegami, Nakamura et al. 2005",
    "et": "InfusionDelivery",
    "off": 25754,
    "sff": "infusion"
  },
  {
    "docID": "N059 Ikegami, Nakamura et al. 2005",
    "et": "InfusionDelivery",
    "off": 24473,
    "sff": "infusion"
  },
  {
    "docID": "N059 Ikegami, Nakamura et al. 2005",
    "et": "InfusionDelivery",
    "off": 32794,
    "sff": "infusion"
  },
  {
    "docID": "N059 Ikegami, Nakamura et al. 2005",
    "et": "InfusionDelivery",
    "off": 14354,
    "sff": "infusion"
  },
  {
    "docID": "N059 Ikegami, Nakamura et al. 2005",
    "et": "InfusionDelivery",
    "off": 24593,
    "sff": "infusion"
  },
  {
    "docID": "N059 Ikegami, Nakamura et al. 2005",
    "et": "InfusionDelivery",
    "off": 39119,
    "sff": "infusion"
  },
  {
    "docID": "N059 Ikegami, Nakamura et al. 2005",
    "et": "InfusionDelivery",
    "off": 23955,
    "sff": "infusion"
  },
  {
    "docID": "N059 Ikegami, Nakamura et al. 2005",
    "et": "InfusionDelivery",
    "off": 20327,
    "sff": "infusion"
  },
  {
    "docID": "N059 Ikegami, Nakamura et al. 2005",
    "et": "InfusionDelivery",
    "off": 31656,
    "sff": "infusion"
  },
  {
    "docID": "N059 Ikegami, Nakamura et al. 2005",
    "et": "InfusionDelivery",
    "off": 20192,
    "sff": "infusion"
  },
  {
    "docID": "N059 Ikegami, Nakamura et al. 2005",
    "et": "InfusionDelivery",
    "off": 50976,
    "sff": "infusion"
  },
  {
    "docID": "N059 Ikegami, Nakamura et al. 2005",
    "et": "InfusionDelivery",
    "off": 20260,
    "sff": "infusion"
  },
  {
    "docID": "N059 Ikegami, Nakamura et al. 2005",
    "et": "InfusionDelivery",
    "off": 37538,
    "sff": "infusion"
  },
  {
    "docID": "N059 Ikegami, Nakamura et al. 2005",
    "et": "Cervical",
    "off": 51242,
    "sff": "cervical"
  },
  {
    "docID": "N059 Ikegami, Nakamura et al. 2005",
    "et": "CentralNervousSystem",
    "off": 55446,
    "sff": "central nervous system"
  },
  {
    "docID": "N059 Ikegami, Nakamura et al. 2005",
    "et": "CentralNervousSystem",
    "off": 1036,
    "sff": "central nervous"
  },
  {
    "docID": "N059 Ikegami, Nakamura et al. 2005",
    "et": "CentralNervousSystem",
    "off": 56749,
    "sff": "Nervous"
  },
  {
    "docID": "N059 Ikegami, Nakamura et al. 2005",
    "et": "CentralNervousSystem",
    "off": 5438,
    "sff": "Central"
  },
  {
    "docID": "N059 Ikegami, Nakamura et al. 2005",
    "et": "CentralNervousSystem",
    "off": 55446,
    "sff": "central nervous"
  },
  {
    "docID": "N059 Ikegami, Nakamura et al. 2005",
    "et": "CentralNervousSystem",
    "off": 1036,
    "sff": "central nervous system"
  },
  {
    "docID": "N059 Ikegami, Nakamura et al. 2005",
    "et": "CentralNervousSystem",
    "off": 883,
    "sff": "Central"
  },
  {
    "docID": "N059 Ikegami, Nakamura et al. 2005",
    "et": "Location",
    "off": 41094,
    "sff": "location"
  },
  {
    "docID": "N059 Ikegami, Nakamura et al. 2005",
    "et": "SubstanceApplicationLocation",
    "off": 43575,
    "sff": "application"
  },
  {
    "docID": "N059 Ikegami, Nakamura et al. 2005",
    "et": "SubstanceApplicationLocation",
    "off": 34038,
    "sff": "application"
  },
  {
    "docID": "N059 Ikegami, Nakamura et al. 2005",
    "et": "SubstanceApplicationLocation",
    "off": 2608,
    "sff": "application"
  },
  {
    "docID": "N059 Ikegami, Nakamura et al. 2005",
    "et": "SubstanceApplicationLocation",
    "off": 33393,
    "sff": "application"
  },
  {
    "docID": "N059 Ikegami, Nakamura et al. 2005",
    "et": "SubstanceApplicationLocation",
    "off": 44273,
    "sff": "application"
  },
  {
    "docID": "N059 Ikegami, Nakamura et al. 2005",
    "et": "SubstanceApplicationLocation",
    "off": 43440,
    "sff": "application"
  },
  {
    "docID": "N059 Ikegami, Nakamura et al. 2005",
    "et": "SubstanceApplicationLocation",
    "off": 53950,
    "sff": "application"
  },
  {
    "docID": "N059 Ikegami, Nakamura et al. 2005",
    "et": "SubstanceApplicationLocation",
    "off": 30554,
    "sff": "application"
  },
  {
    "docID": "N059 Ikegami, Nakamura et al. 2005",
    "et": "SubstanceApplicationLocation",
    "off": 26532,
    "sff": "application"
  },
  {
    "docID": "N059 Ikegami, Nakamura et al. 2005",
    "et": "SubstanceApplicationLocation",
    "off": 33156,
    "sff": "application"
  },
  {
    "docID": "N059 Ikegami, Nakamura et al. 2005",
    "et": "SubstanceApplicationLocation",
    "off": 44420,
    "sff": "application"
  },
  {
    "docID": "N059 Ikegami, Nakamura et al. 2005",
    "et": "SubstanceApplicationLocation",
    "off": 45188,
    "sff": "application"
  },
  {
    "docID": "N059 Ikegami, Nakamura et al. 2005",
    "et": "SubstanceApplicationLocation",
    "off": 33830,
    "sff": "application"
  },
  {
    "docID": "N059 Ikegami, Nakamura et al. 2005",
    "et": "SubstanceApplicationLocation",
    "off": 39968,
    "sff": "application"
  },
  {
    "docID": "N059 Ikegami, Nakamura et al. 2005",
    "et": "SubstanceApplicationLocation",
    "off": 32271,
    "sff": "application"
  },
  {
    "docID": "N059 Ikegami, Nakamura et al. 2005",
    "et": "SubstanceApplicationLocation",
    "off": 42863,
    "sff": "application"
  },
  {
    "docID": "N059 Ikegami, Nakamura et al. 2005",
    "et": "SubstanceApplicationLocation",
    "off": 39598,
    "sff": "application"
  },
  {
    "docID": "N059 Ikegami, Nakamura et al. 2005",
    "et": "SubstanceApplicationLocation",
    "off": 54473,
    "sff": "application"
  },
  {
    "docID": "N059 Ikegami, Nakamura et al. 2005",
    "et": "C1",
    "off": 28239,
    "sff": "C1"
  },
  {
    "docID": "N059 Ikegami, Nakamura et al. 2005",
    "et": "C2",
    "off": 21680,
    "sff": "C2"
  },
  {
    "docID": "N059 Ikegami, Nakamura et al. 2005",
    "et": "C3",
    "off": 21737,
    "sff": "C3"
  },
  {
    "docID": "N059 Ikegami, Nakamura et al. 2005",
    "et": "C4",
    "off": 21864,
    "sff": "C4"
  },
  {
    "docID": "N059 Ikegami, Nakamura et al. 2005",
    "et": "C4",
    "off": 28569,
    "sff": "C4"
  },
  {
    "docID": "N059 Ikegami, Nakamura et al. 2005",
    "et": "VertebralArea",
    "off": 15052,
    "sff": "vertebral"
  },
  {
    "docID": "N059 Ikegami, Nakamura et al. 2005",
    "et": "SpinalCentralPart",
    "off": 1036,
    "sff": "central"
  },
  {
    "docID": "N059 Ikegami, Nakamura et al. 2005",
    "et": "SpinalCentralPart",
    "off": 5438,
    "sff": "Central"
  },
  {
    "docID": "N059 Ikegami, Nakamura et al. 2005",
    "et": "SpinalCentralPart",
    "off": 55446,
    "sff": "central"
  },
  {
    "docID": "N059 Ikegami, Nakamura et al. 2005",
    "et": "SpinalCentralPart",
    "off": 883,
    "sff": "Central"
  },
  {
    "docID": "N059 Ikegami, Nakamura et al. 2005",
    "et": "InjectionDelivery",
    "off": 20348,
    "sff": "injection"
  },
  {
    "docID": "N059 Ikegami, Nakamura et al. 2005",
    "et": "VertebralSegment",
    "off": 15052,
    "sff": "vertebral"
  },
  {
    "docID": "N059 Ikegami, Nakamura et al. 2005",
    "et": "SpinalLesionSite",
    "off": 31417,
    "sff": "lesion site"
  },
  {
    "docID": "N059 Ikegami, Nakamura et al. 2005",
    "et": "SpinalLesionSite",
    "off": 32682,
    "sff": "lesion"
  },
  {
    "docID": "N059 Ikegami, Nakamura et al. 2005",
    "et": "SpinalLesionSite",
    "off": 34762,
    "sff": "lesion"
  },
  {
    "docID": "N059 Ikegami, Nakamura et al. 2005",
    "et": "SpinalLesionSite",
    "off": 47579,
    "sff": "lesion site"
  },
  {
    "docID": "N059 Ikegami, Nakamura et al. 2005",
    "et": "SpinalLesionSite",
    "off": 29996,
    "sff": "lesion"
  },
  {
    "docID": "N059 Ikegami, Nakamura et al. 2005",
    "et": "SpinalLesionSite",
    "off": 34187,
    "sff": "lesion"
  },
  {
    "docID": "N059 Ikegami, Nakamura et al. 2005",
    "et": "SpinalLesionSite",
    "off": 24449,
    "sff": "lesion site"
  },
  {
    "docID": "N059 Ikegami, Nakamura et al. 2005",
    "et": "SpinalLesionSite",
    "off": 42052,
    "sff": "lesion"
  },
  {
    "docID": "N059 Ikegami, Nakamura et al. 2005",
    "et": "SpinalLesionSite",
    "off": 32867,
    "sff": "lesion"
  },
  {
    "docID": "N059 Ikegami, Nakamura et al. 2005",
    "et": "SpinalLesionSite",
    "off": 23390,
    "sff": "lesion site"
  },
  {
    "docID": "N059 Ikegami, Nakamura et al. 2005",
    "et": "SpinalLesionSite",
    "off": 44102,
    "sff": "lesion"
  },
  {
    "docID": "N059 Ikegami, Nakamura et al. 2005",
    "et": "SpinalLesionSite",
    "off": 23272,
    "sff": "lesion site"
  },
  {
    "docID": "N059 Ikegami, Nakamura et al. 2005",
    "et": "SpinalLesionSite",
    "off": 34842,
    "sff": "lesion"
  },
  {
    "docID": "N059 Ikegami, Nakamura et al. 2005",
    "et": "SpinalLesionSite",
    "off": 23179,
    "sff": "lesion site"
  },
  {
    "docID": "N059 Ikegami, Nakamura et al. 2005",
    "et": "SpinalLesionSite",
    "off": 20636,
    "sff": "lesion"
  },
  {
    "docID": "N059 Ikegami, Nakamura et al. 2005",
    "et": "SpinalLesionSite",
    "off": 40733,
    "sff": "lesion"
  },
  {
    "docID": "N059 Ikegami, Nakamura et al. 2005",
    "et": "SpinalLesionSite",
    "off": 30129,
    "sff": "lesion site"
  },
  {
    "docID": "N059 Ikegami, Nakamura et al. 2005",
    "et": "SpinalLesionSite",
    "off": 30353,
    "sff": "lesion site"
  },
  {
    "docID": "N059 Ikegami, Nakamura et al. 2005",
    "et": "SpinalLesionSite",
    "off": 35056,
    "sff": "lesion"
  },
  {
    "docID": "N059 Ikegami, Nakamura et al. 2005",
    "et": "SpinalLesionSite",
    "off": 40848,
    "sff": "lesion"
  },
  {
    "docID": "N059 Ikegami, Nakamura et al. 2005",
    "et": "SpinalLesionSite",
    "off": 2514,
    "sff": "lesion"
  },
  {
    "docID": "N059 Ikegami, Nakamura et al. 2005",
    "et": "SpinalLesionSite",
    "off": 2262,
    "sff": "lesion"
  },
  {
    "docID": "N059 Ikegami, Nakamura et al. 2005",
    "et": "SpinalLesionSite",
    "off": 33109,
    "sff": "lesion"
  },
  {
    "docID": "N059 Ikegami, Nakamura et al. 2005",
    "et": "SpinalLesionSite",
    "off": 39822,
    "sff": "lesion site"
  },
  {
    "docID": "N059 Ikegami, Nakamura et al. 2005",
    "et": "RubrospinalTract",
    "off": 59024,
    "sff": "rubrospinal"
  },
  {
    "docID": "N059 Ikegami, Nakamura et al. 2005",
    "et": "RubrospinalTract",
    "off": 51216,
    "sff": "rubrospinal"
  }
]
