[
  {
    "docID": "N064 Mountney, Zahner et al. 2013",
    "et": "AnatomicalLocation",
    "off": 33733,
    "sff": "anatomical"
  },
  {
    "docID": "N064 Mountney, Zahner et al. 2013",
    "et": "AnatomicalLocation",
    "off": 1476,
    "sff": "anatomical"
  },
  {
    "docID": "N064 Mountney, Zahner et al. 2013",
    "et": "AnatomicalLocation",
    "off": 31566,
    "sff": "anatomical"
  },
  {
    "docID": "N064 Mountney, Zahner et al. 2013",
    "et": "AnatomicalLocation",
    "off": 34413,
    "sff": "anatomical"
  },
  {
    "docID": "N064 Mountney, Zahner et al. 2013",
    "et": "AnatomicalLocation",
    "off": 3884,
    "sff": "anatomical"
  },
  {
    "docID": "N064 Mountney, Zahner et al. 2013",
    "et": "T9",
    "off": 6154,
    "sff": "T9"
  },
  {
    "docID": "N064 Mountney, Zahner et al. 2013",
    "et": "T9",
    "off": 6415,
    "sff": "T9"
  },
  {
    "docID": "N064 Mountney, Zahner et al. 2013",
    "et": "SubcutaneousLocation",
    "off": 6748,
    "sff": "subcutaneous"
  },
  {
    "docID": "N064 Mountney, Zahner et al. 2013",
    "et": "T10",
    "off": 6279,
    "sff": "T10"
  },
  {
    "docID": "N064 Mountney, Zahner et al. 2013",
    "et": "T13",
    "off": 6161,
    "sff": "T13"
  },
  {
    "docID": "N064 Mountney, Zahner et al. 2013",
    "et": "SuperficialDelivery",
    "off": 36168,
    "sff": "superficial"
  },
  {
    "docID": "N064 Mountney, Zahner et al. 2013",
    "et": "Thoracic",
    "off": 1083,
    "sff": "thoracic"
  },
  {
    "docID": "N064 Mountney, Zahner et al. 2013",
    "et": "Brain",
    "off": 41272,
    "sff": "brain"
  },
  {
    "docID": "N064 Mountney, Zahner et al. 2013",
    "et": "Brain",
    "off": 43643,
    "sff": "brain"
  },
  {
    "docID": "N064 Mountney, Zahner et al. 2013",
    "et": "Brain",
    "off": 40258,
    "sff": "Brain"
  },
  {
    "docID": "N064 Mountney, Zahner et al. 2013",
    "et": "Brain",
    "off": 41091,
    "sff": "Brain"
  },
  {
    "docID": "N064 Mountney, Zahner et al. 2013",
    "et": "AscendingFiberTract",
    "off": 13563,
    "sff": "fiber"
  },
  {
    "docID": "N064 Mountney, Zahner et al. 2013",
    "et": "Intraspinal",
    "off": 41696,
    "sff": "intraspinal"
  },
  {
    "docID": "N064 Mountney, Zahner et al. 2013",
    "et": "IntraperitonealLocation",
    "off": 5888,
    "sff": "intraperitoneal"
  },
  {
    "docID": "N064 Mountney, Zahner et al. 2013",
    "et": "SpinalWhiteMatter",
    "off": 26004,
    "sff": "white matter"
  },
  {
    "docID": "N064 Mountney, Zahner et al. 2013",
    "et": "SpinalWhiteMatter",
    "off": 11496,
    "sff": "white matter"
  },
  {
    "docID": "N064 Mountney, Zahner et al. 2013",
    "et": "SpinalWhiteMatter",
    "off": 17431,
    "sff": "white matter"
  },
  {
    "docID": "N064 Mountney, Zahner et al. 2013",
    "et": "SpinalWhiteMatter",
    "off": 31366,
    "sff": "white"
  },
  {
    "docID": "N064 Mountney, Zahner et al. 2013",
    "et": "SpinalWhiteMatter",
    "off": 25471,
    "sff": "white matter"
  },
  {
    "docID": "N064 Mountney, Zahner et al. 2013",
    "et": "SpinalWhiteMatter",
    "off": 1345,
    "sff": "white matter"
  },
  {
    "docID": "N064 Mountney, Zahner et al. 2013",
    "et": "SpinalFiberTract",
    "off": 13563,
    "sff": "fiber"
  },
  {
    "docID": "N064 Mountney, Zahner et al. 2013",
    "et": "Intrathecal",
    "off": 34313,
    "sff": "intrathecal"
  },
  {
    "docID": "N064 Mountney, Zahner et al. 2013",
    "et": "Intrathecal",
    "off": 6180,
    "sff": "intrathecal"
  },
  {
    "docID": "N064 Mountney, Zahner et al. 2013",
    "et": "Intrathecal",
    "off": 18821,
    "sff": "intrathecal"
  },
  {
    "docID": "N064 Mountney, Zahner et al. 2013",
    "et": "Intrathecal",
    "off": 6611,
    "sff": "intrathecal"
  },
  {
    "docID": "N064 Mountney, Zahner et al. 2013",
    "et": "DeliveryMethod",
    "off": 34325,
    "sff": "delivery"
  },
  {
    "docID": "N064 Mountney, Zahner et al. 2013",
    "et": "DeliveryMethod",
    "off": 45235,
    "sff": "delivery"
  },
  {
    "docID": "N064 Mountney, Zahner et al. 2013",
    "et": "DeliveryMethod",
    "off": 38945,
    "sff": "delivery"
  },
  {
    "docID": "N064 Mountney, Zahner et al. 2013",
    "et": "DeliveryMethod",
    "off": 23423,
    "sff": "delivery"
  },
  {
    "docID": "N064 Mountney, Zahner et al. 2013",
    "et": "DeliveryMethod",
    "off": 24413,
    "sff": "delivery"
  },
  {
    "docID": "N064 Mountney, Zahner et al. 2013",
    "et": "DeliveryMethod",
    "off": 26798,
    "sff": "delivery"
  },
  {
    "docID": "N064 Mountney, Zahner et al. 2013",
    "et": "DeliveryMethod",
    "off": 34622,
    "sff": "delivery"
  },
  {
    "docID": "N064 Mountney, Zahner et al. 2013",
    "et": "DeliveryMethod",
    "off": 35915,
    "sff": "delivery"
  },
  {
    "docID": "N064 Mountney, Zahner et al. 2013",
    "et": "DeliveryMethod",
    "off": 24322,
    "sff": "Delivery"
  },
  {
    "docID": "N064 Mountney, Zahner et al. 2013",
    "et": "DeliveryMethod",
    "off": 34684,
    "sff": "delivery"
  },
  {
    "docID": "N064 Mountney, Zahner et al. 2013",
    "et": "DeliveryMethod",
    "off": 25770,
    "sff": "delivery"
  },
  {
    "docID": "N064 Mountney, Zahner et al. 2013",
    "et": "DeliveryMethod",
    "off": 16438,
    "sff": "Delivery"
  },
  {
    "docID": "N064 Mountney, Zahner et al. 2013",
    "et": "SpinalDorsalHalf",
    "off": 17608,
    "sff": "dorsal"
  },
  {
    "docID": "N064 Mountney, Zahner et al. 2013",
    "et": "SpinalDorsalHalf",
    "off": 6076,
    "sff": "dorsal"
  },
  {
    "docID": "N064 Mountney, Zahner et al. 2013",
    "et": "SpinalDorsalHalf",
    "off": 30730,
    "sff": "dorsal"
  },
  {
    "docID": "N064 Mountney, Zahner et al. 2013",
    "et": "SpinalDorsalHalf",
    "off": 17210,
    "sff": "Dorsal"
  },
  {
    "docID": "N064 Mountney, Zahner et al. 2013",
    "et": "SpinalDorsalHalf",
    "off": 25503,
    "sff": "dorsal"
  },
  {
    "docID": "N064 Mountney, Zahner et al. 2013",
    "et": "SpinalDorsalHalf",
    "off": 9428,
    "sff": "dorsal"
  },
  {
    "docID": "N064 Mountney, Zahner et al. 2013",
    "et": "SpinalDorsalHalf",
    "off": 18533,
    "sff": "dorsal"
  },
  {
    "docID": "N064 Mountney, Zahner et al. 2013",
    "et": "SpinalDorsalHalf",
    "off": 18185,
    "sff": "Dorsal"
  },
  {
    "docID": "N064 Mountney, Zahner et al. 2013",
    "et": "SpinalVentralHalf",
    "off": 18563,
    "sff": "ventral"
  },
  {
    "docID": "N064 Mountney, Zahner et al. 2013",
    "et": "SpinalVentralHalf",
    "off": 13266,
    "sff": "ventral"
  },
  {
    "docID": "N064 Mountney, Zahner et al. 2013",
    "et": "SpinalVentralHalf",
    "off": 31183,
    "sff": "ventral"
  },
  {
    "docID": "N064 Mountney, Zahner et al. 2013",
    "et": "SpinalVentralHalf",
    "off": 13657,
    "sff": "ventral"
  },
  {
    "docID": "N064 Mountney, Zahner et al. 2013",
    "et": "SpinalVentralHalf",
    "off": 25514,
    "sff": "ventral"
  },
  {
    "docID": "N064 Mountney, Zahner et al. 2013",
    "et": "SpinalVentralHalf",
    "off": 30394,
    "sff": "ventral"
  },
  {
    "docID": "N064 Mountney, Zahner et al. 2013",
    "et": "SpinalVentralHalf",
    "off": 13114,
    "sff": "ventral"
  },
  {
    "docID": "N064 Mountney, Zahner et al. 2013",
    "et": "SpinalVentralHalf",
    "off": 17638,
    "sff": "ventral"
  },
  {
    "docID": "N064 Mountney, Zahner et al. 2013",
    "et": "SpinalVentralHalf",
    "off": 22262,
    "sff": "ventral"
  },
  {
    "docID": "N064 Mountney, Zahner et al. 2013",
    "et": "SpinalVentralHalf",
    "off": 17236,
    "sff": "ventral"
  },
  {
    "docID": "N064 Mountney, Zahner et al. 2013",
    "et": "SpinalVentralHalf",
    "off": 18196,
    "sff": "ventral"
  },
  {
    "docID": "N064 Mountney, Zahner et al. 2013",
    "et": "SpinalCord",
    "off": 25522,
    "sff": "cord"
  },
  {
    "docID": "N064 Mountney, Zahner et al. 2013",
    "et": "SpinalCord",
    "off": 27050,
    "sff": "cord"
  },
  {
    "docID": "N064 Mountney, Zahner et al. 2013",
    "et": "SpinalCord",
    "off": 30757,
    "sff": "cord"
  },
  {
    "docID": "N064 Mountney, Zahner et al. 2013",
    "et": "SpinalCord",
    "off": 39843,
    "sff": "cord"
  },
  {
    "docID": "N064 Mountney, Zahner et al. 2013",
    "et": "SpinalCord",
    "off": 20286,
    "sff": "cord"
  },
  {
    "docID": "N064 Mountney, Zahner et al. 2013",
    "et": "SpinalCord",
    "off": 25404,
    "sff": "cord"
  },
  {
    "docID": "N064 Mountney, Zahner et al. 2013",
    "et": "SpinalCord",
    "off": 40252,
    "sff": "cord"
  },
  {
    "docID": "N064 Mountney, Zahner et al. 2013",
    "et": "SpinalCord",
    "off": 38843,
    "sff": "cord"
  },
  {
    "docID": "N064 Mountney, Zahner et al. 2013",
    "et": "SpinalCord",
    "off": 17850,
    "sff": "cord"
  },
  {
    "docID": "N064 Mountney, Zahner et al. 2013",
    "et": "SpinalCord",
    "off": 25146,
    "sff": "cord"
  },
  {
    "docID": "N064 Mountney, Zahner et al. 2013",
    "et": "SpinalCord",
    "off": 40885,
    "sff": "cord"
  },
  {
    "docID": "N064 Mountney, Zahner et al. 2013",
    "et": "SpinalCord",
    "off": 41525,
    "sff": "cord"
  },
  {
    "docID": "N064 Mountney, Zahner et al. 2013",
    "et": "SpinalCord",
    "off": 41781,
    "sff": "cord"
  },
  {
    "docID": "N064 Mountney, Zahner et al. 2013",
    "et": "SpinalCord",
    "off": 21940,
    "sff": "cord"
  },
  {
    "docID": "N064 Mountney, Zahner et al. 2013",
    "et": "SpinalCord",
    "off": 1331,
    "sff": "cord"
  },
  {
    "docID": "N064 Mountney, Zahner et al. 2013",
    "et": "SpinalCord",
    "off": 32082,
    "sff": "cord"
  },
  {
    "docID": "N064 Mountney, Zahner et al. 2013",
    "et": "SpinalCord",
    "off": 33485,
    "sff": "cord"
  },
  {
    "docID": "N064 Mountney, Zahner et al. 2013",
    "et": "SpinalCord",
    "off": 1099,
    "sff": "cord"
  },
  {
    "docID": "N064 Mountney, Zahner et al. 2013",
    "et": "SpinalCord",
    "off": 31178,
    "sff": "cord"
  },
  {
    "docID": "N064 Mountney, Zahner et al. 2013",
    "et": "SpinalCord",
    "off": 36037,
    "sff": "cord"
  },
  {
    "docID": "N064 Mountney, Zahner et al. 2013",
    "et": "SpinalCord",
    "off": 12356,
    "sff": "cord"
  },
  {
    "docID": "N064 Mountney, Zahner et al. 2013",
    "et": "SpinalCord",
    "off": 737,
    "sff": "cord"
  },
  {
    "docID": "N064 Mountney, Zahner et al. 2013",
    "et": "SpinalCord",
    "off": 21984,
    "sff": "cord"
  },
  {
    "docID": "N064 Mountney, Zahner et al. 2013",
    "et": "SpinalCord",
    "off": 43103,
    "sff": "cord"
  },
  {
    "docID": "N064 Mountney, Zahner et al. 2013",
    "et": "SpinalCord",
    "off": 37982,
    "sff": "cord"
  },
  {
    "docID": "N064 Mountney, Zahner et al. 2013",
    "et": "SpinalCord",
    "off": 30043,
    "sff": "cord"
  },
  {
    "docID": "N064 Mountney, Zahner et al. 2013",
    "et": "SpinalCord",
    "off": 30422,
    "sff": "cord"
  },
  {
    "docID": "N064 Mountney, Zahner et al. 2013",
    "et": "SpinalCord",
    "off": 3540,
    "sff": "cord"
  },
  {
    "docID": "N064 Mountney, Zahner et al. 2013",
    "et": "SpinalCord",
    "off": 34132,
    "sff": "cord"
  },
  {
    "docID": "N064 Mountney, Zahner et al. 2013",
    "et": "SpinalCord",
    "off": 26866,
    "sff": "cord"
  },
  {
    "docID": "N064 Mountney, Zahner et al. 2013",
    "et": "SpinalCord",
    "off": 17392,
    "sff": "cord"
  },
  {
    "docID": "N064 Mountney, Zahner et al. 2013",
    "et": "SpinalCord",
    "off": 3820,
    "sff": "cord"
  },
  {
    "docID": "N064 Mountney, Zahner et al. 2013",
    "et": "SpinalCord",
    "off": 18794,
    "sff": "cord"
  },
  {
    "docID": "N064 Mountney, Zahner et al. 2013",
    "et": "SpinalCord",
    "off": 24169,
    "sff": "cord"
  },
  {
    "docID": "N064 Mountney, Zahner et al. 2013",
    "et": "SpinalCord",
    "off": 33766,
    "sff": "cord"
  },
  {
    "docID": "N064 Mountney, Zahner et al. 2013",
    "et": "SpinalCord",
    "off": 40422,
    "sff": "cord"
  },
  {
    "docID": "N064 Mountney, Zahner et al. 2013",
    "et": "SpinalCord",
    "off": 26625,
    "sff": "cord"
  },
  {
    "docID": "N064 Mountney, Zahner et al. 2013",
    "et": "SpinalCord",
    "off": 17920,
    "sff": "cord"
  },
  {
    "docID": "N064 Mountney, Zahner et al. 2013",
    "et": "SpinalCord",
    "off": 36347,
    "sff": "cord"
  },
  {
    "docID": "N064 Mountney, Zahner et al. 2013",
    "et": "SpinalCord",
    "off": 10616,
    "sff": "cord"
  },
  {
    "docID": "N064 Mountney, Zahner et al. 2013",
    "et": "SpinalCord",
    "off": 21239,
    "sff": "cord"
  },
  {
    "docID": "N064 Mountney, Zahner et al. 2013",
    "et": "SpinalCord",
    "off": 178,
    "sff": "Cord"
  },
  {
    "docID": "N064 Mountney, Zahner et al. 2013",
    "et": "SpinalCord",
    "off": 41078,
    "sff": "cord"
  },
  {
    "docID": "N064 Mountney, Zahner et al. 2013",
    "et": "SpinalCord",
    "off": 1909,
    "sff": "cord"
  },
  {
    "docID": "N064 Mountney, Zahner et al. 2013",
    "et": "SpinalCord",
    "off": 16883,
    "sff": "cord"
  },
  {
    "docID": "N064 Mountney, Zahner et al. 2013",
    "et": "SpinalCord",
    "off": 2191,
    "sff": "cord"
  },
  {
    "docID": "N064 Mountney, Zahner et al. 2013",
    "et": "SpinalCord",
    "off": 44687,
    "sff": "cord"
  },
  {
    "docID": "N064 Mountney, Zahner et al. 2013",
    "et": "SpinalCord",
    "off": 32781,
    "sff": "cord"
  },
  {
    "docID": "N064 Mountney, Zahner et al. 2013",
    "et": "SpinalCord",
    "off": 26508,
    "sff": "cord"
  },
  {
    "docID": "N064 Mountney, Zahner et al. 2013",
    "et": "SpinalCord",
    "off": 36108,
    "sff": "cord"
  },
  {
    "docID": "N064 Mountney, Zahner et al. 2013",
    "et": "SpinalCord",
    "off": 10887,
    "sff": "cord"
  },
  {
    "docID": "N064 Mountney, Zahner et al. 2013",
    "et": "SpinalCord",
    "off": 44193,
    "sff": "cord"
  },
  {
    "docID": "N064 Mountney, Zahner et al. 2013",
    "et": "SpinalCord",
    "off": 40608,
    "sff": "cord"
  },
  {
    "docID": "N064 Mountney, Zahner et al. 2013",
    "et": "SpinalCord",
    "off": 39070,
    "sff": "cord"
  },
  {
    "docID": "N064 Mountney, Zahner et al. 2013",
    "et": "SpinalCord",
    "off": 16924,
    "sff": "cord"
  },
  {
    "docID": "N064 Mountney, Zahner et al. 2013",
    "et": "SpinalCord",
    "off": 20251,
    "sff": "cord"
  },
  {
    "docID": "N064 Mountney, Zahner et al. 2013",
    "et": "SpinalCord",
    "off": 22939,
    "sff": "cord"
  },
  {
    "docID": "N064 Mountney, Zahner et al. 2013",
    "et": "SpinalCord",
    "off": 23578,
    "sff": "cord"
  },
  {
    "docID": "N064 Mountney, Zahner et al. 2013",
    "et": "SpinalCord",
    "off": 2073,
    "sff": "cord"
  },
  {
    "docID": "N064 Mountney, Zahner et al. 2013",
    "et": "SpinalCord",
    "off": 45333,
    "sff": "cord"
  },
  {
    "docID": "N064 Mountney, Zahner et al. 2013",
    "et": "SpinalCord",
    "off": 35347,
    "sff": "cord"
  },
  {
    "docID": "N064 Mountney, Zahner et al. 2013",
    "et": "DorsalColumn",
    "off": 18533,
    "sff": "dorsal"
  },
  {
    "docID": "N064 Mountney, Zahner et al. 2013",
    "et": "DorsalColumn",
    "off": 17608,
    "sff": "dorsal"
  },
  {
    "docID": "N064 Mountney, Zahner et al. 2013",
    "et": "DorsalColumn",
    "off": 30730,
    "sff": "dorsal"
  },
  {
    "docID": "N064 Mountney, Zahner et al. 2013",
    "et": "DorsalColumn",
    "off": 6076,
    "sff": "dorsal"
  },
  {
    "docID": "N064 Mountney, Zahner et al. 2013",
    "et": "DorsalColumn",
    "off": 25503,
    "sff": "dorsal"
  },
  {
    "docID": "N064 Mountney, Zahner et al. 2013",
    "et": "DorsalColumn",
    "off": 17210,
    "sff": "Dorsal"
  },
  {
    "docID": "N064 Mountney, Zahner et al. 2013",
    "et": "DorsalColumn",
    "off": 9428,
    "sff": "dorsal"
  },
  {
    "docID": "N064 Mountney, Zahner et al. 2013",
    "et": "DorsalColumn",
    "off": 18185,
    "sff": "Dorsal"
  },
  {
    "docID": "N064 Mountney, Zahner et al. 2013",
    "et": "LesionAdjacentTissue",
    "off": 10982,
    "sff": "lesion"
  },
  {
    "docID": "N064 Mountney, Zahner et al. 2013",
    "et": "LesionAdjacentTissue",
    "off": 25592,
    "sff": "lesion"
  },
  {
    "docID": "N064 Mountney, Zahner et al. 2013",
    "et": "LesionAdjacentTissue",
    "off": 31832,
    "sff": "lesion"
  },
  {
    "docID": "N064 Mountney, Zahner et al. 2013",
    "et": "LesionAdjacentTissue",
    "off": 13354,
    "sff": "lesion"
  },
  {
    "docID": "N064 Mountney, Zahner et al. 2013",
    "et": "LesionAdjacentTissue",
    "off": 30442,
    "sff": "lesion"
  },
  {
    "docID": "N064 Mountney, Zahner et al. 2013",
    "et": "LesionAdjacentTissue",
    "off": 31419,
    "sff": "lesion"
  },
  {
    "docID": "N064 Mountney, Zahner et al. 2013",
    "et": "LesionAdjacentTissue",
    "off": 22173,
    "sff": "lesion"
  },
  {
    "docID": "N064 Mountney, Zahner et al. 2013",
    "et": "LesionAdjacentTissue",
    "off": 22432,
    "sff": "lesion"
  },
  {
    "docID": "N064 Mountney, Zahner et al. 2013",
    "et": "InfusionDelivery",
    "off": 24212,
    "sff": "infusion"
  },
  {
    "docID": "N064 Mountney, Zahner et al. 2013",
    "et": "InfusionDelivery",
    "off": 16549,
    "sff": "infusion"
  },
  {
    "docID": "N064 Mountney, Zahner et al. 2013",
    "et": "InfusionDelivery",
    "off": 24280,
    "sff": "infusion"
  },
  {
    "docID": "N064 Mountney, Zahner et al. 2013",
    "et": "InfusionDelivery",
    "off": 7497,
    "sff": "infusion"
  },
  {
    "docID": "N064 Mountney, Zahner et al. 2013",
    "et": "InfusionDelivery",
    "off": 24809,
    "sff": "infusion"
  },
  {
    "docID": "N064 Mountney, Zahner et al. 2013",
    "et": "InfusionDelivery",
    "off": 1224,
    "sff": "infusion"
  },
  {
    "docID": "N064 Mountney, Zahner et al. 2013",
    "et": "InfusionDelivery",
    "off": 3323,
    "sff": "infusion"
  },
  {
    "docID": "N064 Mountney, Zahner et al. 2013",
    "et": "InfusionDelivery",
    "off": 24575,
    "sff": "infusion"
  },
  {
    "docID": "N064 Mountney, Zahner et al. 2013",
    "et": "InfusionDelivery",
    "off": 5025,
    "sff": "Infusion"
  },
  {
    "docID": "N064 Mountney, Zahner et al. 2013",
    "et": "InfusionDelivery",
    "off": 26448,
    "sff": "infusion"
  },
  {
    "docID": "N064 Mountney, Zahner et al. 2013",
    "et": "InfusionDelivery",
    "off": 2034,
    "sff": "infusion"
  },
  {
    "docID": "N064 Mountney, Zahner et al. 2013",
    "et": "CentralNervousSystem",
    "off": 37182,
    "sff": "nervous system"
  },
  {
    "docID": "N064 Mountney, Zahner et al. 2013",
    "et": "CentralNervousSystem",
    "off": 32928,
    "sff": "central nervous system"
  },
  {
    "docID": "N064 Mountney, Zahner et al. 2013",
    "et": "CentralNervousSystem",
    "off": 423,
    "sff": "central nervous"
  },
  {
    "docID": "N064 Mountney, Zahner et al. 2013",
    "et": "CentralNervousSystem",
    "off": 32928,
    "sff": "central nervous"
  },
  {
    "docID": "N064 Mountney, Zahner et al. 2013",
    "et": "CentralNervousSystem",
    "off": 37182,
    "sff": "nervous"
  },
  {
    "docID": "N064 Mountney, Zahner et al. 2013",
    "et": "CentralNervousSystem",
    "off": 423,
    "sff": "central nervous system"
  },
  {
    "docID": "N064 Mountney, Zahner et al. 2013",
    "et": "SpinalGrayMatter",
    "off": 17422,
    "sff": "gray"
  },
  {
    "docID": "N064 Mountney, Zahner et al. 2013",
    "et": "SpinalGrayMatter",
    "off": 31375,
    "sff": "gray matter"
  },
  {
    "docID": "N064 Mountney, Zahner et al. 2013",
    "et": "SpinalGrayMatter",
    "off": 25462,
    "sff": "gray"
  },
  {
    "docID": "N064 Mountney, Zahner et al. 2013",
    "et": "SpinalGrayMatter",
    "off": 1336,
    "sff": "gray"
  },
  {
    "docID": "N064 Mountney, Zahner et al. 2013",
    "et": "SpinalGrayMatter",
    "off": 11510,
    "sff": "gray matter"
  },
  {
    "docID": "N064 Mountney, Zahner et al. 2013",
    "et": "SpinalGrayMatter",
    "off": 25995,
    "sff": "gray"
  },
  {
    "docID": "N064 Mountney, Zahner et al. 2013",
    "et": "CorticospinalTract",
    "off": 35108,
    "sff": "corticospinal tract"
  },
  {
    "docID": "N064 Mountney, Zahner et al. 2013",
    "et": "CorticospinalTract",
    "off": 41799,
    "sff": "corticospinal"
  },
  {
    "docID": "N064 Mountney, Zahner et al. 2013",
    "et": "SpinalCentralPart",
    "off": 423,
    "sff": "central"
  },
  {
    "docID": "N064 Mountney, Zahner et al. 2013",
    "et": "SpinalCentralPart",
    "off": 32928,
    "sff": "central"
  },
  {
    "docID": "N064 Mountney, Zahner et al. 2013",
    "et": "InjectionDelivery",
    "off": 6545,
    "sff": "injection"
  },
  {
    "docID": "N064 Mountney, Zahner et al. 2013",
    "et": "InjectionDelivery",
    "off": 41708,
    "sff": "injection"
  },
  {
    "docID": "N064 Mountney, Zahner et al. 2013",
    "et": "SpinalLesionSite",
    "off": 22432,
    "sff": "lesion"
  },
  {
    "docID": "N064 Mountney, Zahner et al. 2013",
    "et": "SpinalLesionSite",
    "off": 13354,
    "sff": "lesion"
  },
  {
    "docID": "N064 Mountney, Zahner et al. 2013",
    "et": "SpinalLesionSite",
    "off": 22173,
    "sff": "lesion"
  },
  {
    "docID": "N064 Mountney, Zahner et al. 2013",
    "et": "SpinalLesionSite",
    "off": 30442,
    "sff": "lesion"
  },
  {
    "docID": "N064 Mountney, Zahner et al. 2013",
    "et": "SpinalLesionSite",
    "off": 31419,
    "sff": "lesion"
  },
  {
    "docID": "N064 Mountney, Zahner et al. 2013",
    "et": "SpinalLesionSite",
    "off": 25592,
    "sff": "lesion"
  },
  {
    "docID": "N064 Mountney, Zahner et al. 2013",
    "et": "SpinalLesionSite",
    "off": 31832,
    "sff": "lesion"
  },
  {
    "docID": "N064 Mountney, Zahner et al. 2013",
    "et": "SpinalLesionSite",
    "off": 10982,
    "sff": "lesion"
  }
]
