[
  {
    "docID": "N070 Tom, Houl",
    "et": "Brain",
    "off": 17629,
    "sff": "Brain"
  },
  {
    "docID": "N070 Tom, Houl",
    "et": "Brain",
    "off": 19549,
    "sff": "Brain"
  },
  {
    "docID": "N070 Tom, Houl",
    "et": "Intraspinal",
    "off": 239,
    "sff": "Intraspinal"
  },
  {
    "docID": "N070 Tom, Houl",
    "et": "SpinalWhiteMatter",
    "off": 16819,
    "sff": "white matter"
  },
  {
    "docID": "N070 Tom, Houl",
    "et": "SpinalWhiteMatter",
    "off": 10032,
    "sff": "white matter"
  },
  {
    "docID": "N070 Tom, Houl",
    "et": "SpinalWhiteMatter",
    "off": 13559,
    "sff": "white matter"
  },
  {
    "docID": "N070 Tom, Houl",
    "et": "SpinalWhiteMatter",
    "off": 21662,
    "sff": "white"
  },
  {
    "docID": "N070 Tom, Houl",
    "et": "SpinalWhiteMatter",
    "off": 17007,
    "sff": "white matter"
  },
  {
    "docID": "N070 Tom, Houl",
    "et": "Intrathecal",
    "off": 14885,
    "sff": "intrathecal"
  },
  {
    "docID": "N070 Tom, Houl",
    "et": "Intrathecal",
    "off": 18421,
    "sff": "intrathecal"
  },
  {
    "docID": "N070 Tom, Houl",
    "et": "Intrathecal",
    "off": 13003,
    "sff": "intrathecal"
  },
  {
    "docID": "N070 Tom, Houl",
    "et": "Intrathecal",
    "off": 13661,
    "sff": "intrathecal"
  },
  {
    "docID": "N070 Tom, Houl",
    "et": "DeliveryMethod",
    "off": 719,
    "sff": "delivery"
  },
  {
    "docID": "N070 Tom, Houl",
    "et": "DeliveryMethod",
    "off": 3375,
    "sff": "delivery"
  },
  {
    "docID": "N070 Tom, Houl",
    "et": "DeliveryMethod",
    "off": 13817,
    "sff": "delivery"
  },
  {
    "docID": "N070 Tom, Houl",
    "et": "DeliveryMethod",
    "off": 1227,
    "sff": "delivery"
  },
  {
    "docID": "N070 Tom, Houl",
    "et": "DeliveryMethod",
    "off": 12749,
    "sff": "delivery"
  },
  {
    "docID": "N070 Tom, Houl",
    "et": "DeliveryMethod",
    "off": 13679,
    "sff": "delivery"
  },
  {
    "docID": "N070 Tom, Houl",
    "et": "DeliveryMethod",
    "off": 12481,
    "sff": "delivery"
  },
  {
    "docID": "N070 Tom, Houl",
    "et": "DeliveryMethod",
    "off": 14897,
    "sff": "delivery"
  },
  {
    "docID": "N070 Tom, Houl",
    "et": "DeliveryMethod",
    "off": 12114,
    "sff": "delivery"
  },
  {
    "docID": "N070 Tom, Houl",
    "et": "SpinalDorsalHalf",
    "off": 3778,
    "sff": "dorsal"
  },
  {
    "docID": "N070 Tom, Houl",
    "et": "SpinalDorsalHalf",
    "off": 3803,
    "sff": "dorsal"
  },
  {
    "docID": "N070 Tom, Houl",
    "et": "SpinalDorsalHalf",
    "off": 6461,
    "sff": "dorsal"
  },
  {
    "docID": "N070 Tom, Houl",
    "et": "SpinalVentralHalf",
    "off": 4061,
    "sff": "ventral"
  },
  {
    "docID": "N070 Tom, Houl",
    "et": "SpinalVentralHalf",
    "off": 8396,
    "sff": "ventral"
  },
  {
    "docID": "N070 Tom, Houl",
    "et": "SpinalVentralHalf",
    "off": 21269,
    "sff": "ventral"
  },
  {
    "docID": "N070 Tom, Houl",
    "et": "SpinalVentralHalf",
    "off": 23239,
    "sff": "ventral"
  },
  {
    "docID": "N070 Tom, Houl",
    "et": "SpinalVentralHalf",
    "off": 21448,
    "sff": "ventral"
  },
  {
    "docID": "N070 Tom, Houl",
    "et": "SpinalVentralHalf",
    "off": 5991,
    "sff": "ventral"
  },
  {
    "docID": "N070 Tom, Houl",
    "et": "SpinalVentralHalf",
    "off": 14647,
    "sff": "ventral"
  },
  {
    "docID": "N070 Tom, Houl",
    "et": "SpinalVentralHalf",
    "off": 21567,
    "sff": "ventral"
  },
  {
    "docID": "N070 Tom, Houl",
    "et": "SpinalCord",
    "off": 1456,
    "sff": "cord"
  },
  {
    "docID": "N070 Tom, Houl",
    "et": "SpinalCord",
    "off": 4144,
    "sff": "cord"
  },
  {
    "docID": "N070 Tom, Houl",
    "et": "SpinalCord",
    "off": 20528,
    "sff": "cord"
  },
  {
    "docID": "N070 Tom, Houl",
    "et": "SpinalCord",
    "off": 19379,
    "sff": "cord"
  },
  {
    "docID": "N070 Tom, Houl",
    "et": "SpinalCord",
    "off": 3061,
    "sff": "cord"
  },
  {
    "docID": "N070 Tom, Houl",
    "et": "SpinalCord",
    "off": 3572,
    "sff": "cord"
  },
  {
    "docID": "N070 Tom, Houl",
    "et": "SpinalCord",
    "off": 4076,
    "sff": "cord"
  },
  {
    "docID": "N070 Tom, Houl",
    "et": "SpinalCord",
    "off": 17159,
    "sff": "cord"
  },
  {
    "docID": "N070 Tom, Houl",
    "et": "SpinalCord",
    "off": 6520,
    "sff": "cord"
  },
  {
    "docID": "N070 Tom, Houl",
    "et": "SpinalCord",
    "off": 15418,
    "sff": "cord"
  },
  {
    "docID": "N070 Tom, Houl",
    "et": "SpinalCord",
    "off": 18321,
    "sff": "cord"
  },
  {
    "docID": "N070 Tom, Houl",
    "et": "SpinalCord",
    "off": 3792,
    "sff": "cord"
  },
  {
    "docID": "N070 Tom, Houl",
    "et": "SpinalCord",
    "off": 13328,
    "sff": "cord"
  },
  {
    "docID": "N070 Tom, Houl",
    "et": "SpinalCord",
    "off": 15632,
    "sff": "cord"
  },
  {
    "docID": "N070 Tom, Houl",
    "et": "SpinalCord",
    "off": 16083,
    "sff": "cord"
  },
  {
    "docID": "N070 Tom, Houl",
    "et": "SpinalCord",
    "off": 11925,
    "sff": "cord"
  },
  {
    "docID": "N070 Tom, Houl",
    "et": "SpinalCord",
    "off": 23124,
    "sff": "cord"
  },
  {
    "docID": "N070 Tom, Houl",
    "et": "SpinalCord",
    "off": 13207,
    "sff": "cord"
  },
  {
    "docID": "N070 Tom, Houl",
    "et": "SpinalCord",
    "off": 12246,
    "sff": "cord"
  },
  {
    "docID": "N070 Tom, Houl",
    "et": "SpinalCord",
    "off": 6475,
    "sff": "cord"
  },
  {
    "docID": "N070 Tom, Houl",
    "et": "SpinalCord",
    "off": 7693,
    "sff": "cord"
  },
  {
    "docID": "N070 Tom, Houl",
    "et": "SpinalCord",
    "off": 10956,
    "sff": "cord"
  },
  {
    "docID": "N070 Tom, Houl",
    "et": "SpinalCord",
    "off": 17934,
    "sff": "cord"
  },
  {
    "docID": "N070 Tom, Houl",
    "et": "SpinalCord",
    "off": 8289,
    "sff": "cord"
  },
  {
    "docID": "N070 Tom, Houl",
    "et": "SpinalCord",
    "off": 18721,
    "sff": "cord"
  },
  {
    "docID": "N070 Tom, Houl",
    "et": "SpinalCord",
    "off": 17440,
    "sff": "cord"
  },
  {
    "docID": "N070 Tom, Houl",
    "et": "SpinalCord",
    "off": 8422,
    "sff": "cord"
  },
  {
    "docID": "N070 Tom, Houl",
    "et": "SpinalCord",
    "off": 16856,
    "sff": "cord"
  },
  {
    "docID": "N070 Tom, Houl",
    "et": "SpinalCord",
    "off": 18456,
    "sff": "cord"
  },
  {
    "docID": "N070 Tom, Houl",
    "et": "SpinalCord",
    "off": 18970,
    "sff": "cord"
  },
  {
    "docID": "N070 Tom, Houl",
    "et": "Vertebrae",
    "off": 6916,
    "sff": "vertebrae"
  },
  {
    "docID": "N070 Tom, Houl",
    "et": "Vertebrae",
    "off": 6398,
    "sff": "vertebrae"
  },
  {
    "docID": "N070 Tom, Houl",
    "et": "DorsalColumn",
    "off": 3778,
    "sff": "dorsal"
  },
  {
    "docID": "N070 Tom, Houl",
    "et": "DorsalColumn",
    "off": 3803,
    "sff": "dorsal"
  },
  {
    "docID": "N070 Tom, Houl",
    "et": "DorsalColumn",
    "off": 6461,
    "sff": "dorsal"
  },
  {
    "docID": "N070 Tom, Houl",
    "et": "LesionAdjacentTissue",
    "off": 21765,
    "sff": "lesion"
  },
  {
    "docID": "N070 Tom, Houl",
    "et": "LesionAdjacentTissue",
    "off": 22402,
    "sff": "lesion"
  },
  {
    "docID": "N070 Tom, Houl",
    "et": "LesionAdjacentTissue",
    "off": 10060,
    "sff": "lesion"
  },
  {
    "docID": "N070 Tom, Houl",
    "et": "LesionAdjacentTissue",
    "off": 14667,
    "sff": "lesion"
  },
  {
    "docID": "N070 Tom, Houl",
    "et": "LesionAdjacentTissue",
    "off": 9105,
    "sff": "adjacent"
  },
  {
    "docID": "N070 Tom, Houl",
    "et": "LesionAdjacentTissue",
    "off": 9424,
    "sff": "lesion"
  },
  {
    "docID": "N070 Tom, Houl",
    "et": "LesionAdjacentTissue",
    "off": 21073,
    "sff": "lesion"
  },
  {
    "docID": "N070 Tom, Houl",
    "et": "LesionAdjacentTissue",
    "off": 21390,
    "sff": "adjacent"
  },
  {
    "docID": "N070 Tom, Houl",
    "et": "LesionAdjacentTissue",
    "off": 9045,
    "sff": "lesion"
  },
  {
    "docID": "N070 Tom, Houl",
    "et": "LesionAdjacentTissue",
    "off": 1048,
    "sff": "lesion"
  },
  {
    "docID": "N070 Tom, Houl",
    "et": "LesionAdjacentTissue",
    "off": 3292,
    "sff": "lesion"
  },
  {
    "docID": "N070 Tom, Houl",
    "et": "LesionAdjacentTissue",
    "off": 8923,
    "sff": "lesion"
  },
  {
    "docID": "N070 Tom, Houl",
    "et": "LesionAdjacentTissue",
    "off": 1377,
    "sff": "lesion"
  },
  {
    "docID": "N070 Tom, Houl",
    "et": "LesionAdjacentTissue",
    "off": 21406,
    "sff": "lesion"
  },
  {
    "docID": "N070 Tom, Houl",
    "et": "LesionAdjacentTissue",
    "off": 2467,
    "sff": "lesion"
  },
  {
    "docID": "N070 Tom, Houl",
    "et": "LesionAdjacentTissue",
    "off": 21544,
    "sff": "lesion"
  },
  {
    "docID": "N070 Tom, Houl",
    "et": "LesionAdjacentTissue",
    "off": 22505,
    "sff": "lesion"
  },
  {
    "docID": "N070 Tom, Houl",
    "et": "LesionAdjacentTissue",
    "off": 9190,
    "sff": "lesion"
  },
  {
    "docID": "N070 Tom, Houl",
    "et": "LesionAdjacentTissue",
    "off": 3819,
    "sff": "lesion"
  },
  {
    "docID": "N070 Tom, Houl",
    "et": "LesionAdjacentTissue",
    "off": 21164,
    "sff": "lesion"
  },
  {
    "docID": "N070 Tom, Houl",
    "et": "LesionAdjacentTissue",
    "off": 21226,
    "sff": "lesion"
  },
  {
    "docID": "N070 Tom, Houl",
    "et": "LesionAdjacentTissue",
    "off": 2926,
    "sff": "lesion"
  },
  {
    "docID": "N070 Tom, Houl",
    "et": "LesionAdjacentTissue",
    "off": 17903,
    "sff": "lesion"
  },
  {
    "docID": "N070 Tom, Houl",
    "et": "LesionAdjacentTissue",
    "off": 3445,
    "sff": "lesion"
  },
  {
    "docID": "N070 Tom, Houl",
    "et": "LesionAdjacentTissue",
    "off": 5493,
    "sff": "lesion"
  },
  {
    "docID": "N070 Tom, Houl",
    "et": "LesionAdjacentTissue",
    "off": 5623,
    "sff": "lesion"
  },
  {
    "docID": "N070 Tom, Houl",
    "et": "LesionAdjacentTissue",
    "off": 9398,
    "sff": "lesion"
  },
  {
    "docID": "N070 Tom, Houl",
    "et": "LesionAdjacentTissue",
    "off": 9020,
    "sff": "lesion"
  },
  {
    "docID": "N070 Tom, Houl",
    "et": "LesionAdjacentTissue",
    "off": 22460,
    "sff": "lesion"
  },
  {
    "docID": "N070 Tom, Houl",
    "et": "LesionAdjacentTissue",
    "off": 2748,
    "sff": "lesion"
  },
  {
    "docID": "N070 Tom, Houl",
    "et": "InfusionDelivery",
    "off": 13424,
    "sff": "infusion"
  },
  {
    "docID": "N070 Tom, Houl",
    "et": "InfusionDelivery",
    "off": 12633,
    "sff": "infusion"
  },
  {
    "docID": "N070 Tom, Houl",
    "et": "Cervical",
    "off": 19363,
    "sff": "cervical"
  },
  {
    "docID": "N070 Tom, Houl",
    "et": "Cervical",
    "off": 3717,
    "sff": "cervical"
  },
  {
    "docID": "N070 Tom, Houl",
    "et": "Cervical",
    "off": 6389,
    "sff": "cervical"
  },
  {
    "docID": "N070 Tom, Houl",
    "et": "CentralNervousSystem",
    "off": 597,
    "sff": "central nervous"
  },
  {
    "docID": "N070 Tom, Houl",
    "et": "CentralNervousSystem",
    "off": 1755,
    "sff": "central nervous system"
  },
  {
    "docID": "N070 Tom, Houl",
    "et": "CentralNervousSystem",
    "off": 17773,
    "sff": "nervous system"
  },
  {
    "docID": "N070 Tom, Houl",
    "et": "CentralNervousSystem",
    "off": 17605,
    "sff": "central nervous"
  },
  {
    "docID": "N070 Tom, Houl",
    "et": "CentralNervousSystem",
    "off": 17034,
    "sff": "central nervous system"
  },
  {
    "docID": "N070 Tom, Houl",
    "et": "CentralNervousSystem",
    "off": 17773,
    "sff": "nervous"
  },
  {
    "docID": "N070 Tom, Houl",
    "et": "CentralNervousSystem",
    "off": 597,
    "sff": "central nervous system"
  },
  {
    "docID": "N070 Tom, Houl",
    "et": "CentralNervousSystem",
    "off": 17605,
    "sff": "central nervous system"
  },
  {
    "docID": "N070 Tom, Houl",
    "et": "CentralNervousSystem",
    "off": 17034,
    "sff": "central nervous"
  },
  {
    "docID": "N070 Tom, Houl",
    "et": "CentralNervousSystem",
    "off": 1755,
    "sff": "central nervous"
  },
  {
    "docID": "N070 Tom, Houl",
    "et": "C3",
    "off": 6510,
    "sff": "C3"
  },
  {
    "docID": "N070 Tom, Houl",
    "et": "C3",
    "off": 6754,
    "sff": "C3"
  },
  {
    "docID": "N070 Tom, Houl",
    "et": "C3",
    "off": 6409,
    "sff": "C3"
  },
  {
    "docID": "N070 Tom, Houl",
    "et": "C4",
    "off": 6910,
    "sff": "C4"
  },
  {
    "docID": "N070 Tom, Houl",
    "et": "C5",
    "off": 7204,
    "sff": "C5"
  },
  {
    "docID": "N070 Tom, Houl",
    "et": "C5",
    "off": 3736,
    "sff": "C5"
  },
  {
    "docID": "N070 Tom, Houl",
    "et": "SpinalCentralPart",
    "off": 597,
    "sff": "central"
  },
  {
    "docID": "N070 Tom, Houl",
    "et": "SpinalCentralPart",
    "off": 17605,
    "sff": "central"
  },
  {
    "docID": "N070 Tom, Houl",
    "et": "SpinalCentralPart",
    "off": 1755,
    "sff": "central"
  },
  {
    "docID": "N070 Tom, Houl",
    "et": "SpinalCentralPart",
    "off": 17034,
    "sff": "central"
  },
  {
    "docID": "N070 Tom, Houl",
    "et": "InjectionDelivery",
    "off": 7298,
    "sff": "injection"
  },
  {
    "docID": "N070 Tom, Houl",
    "et": "SpinalLesionSite",
    "off": 21164,
    "sff": "lesion"
  },
  {
    "docID": "N070 Tom, Houl",
    "et": "SpinalLesionSite",
    "off": 3819,
    "sff": "lesion"
  },
  {
    "docID": "N070 Tom, Houl",
    "et": "SpinalLesionSite",
    "off": 9020,
    "sff": "lesion site"
  },
  {
    "docID": "N070 Tom, Houl",
    "et": "SpinalLesionSite",
    "off": 21226,
    "sff": "lesion"
  },
  {
    "docID": "N070 Tom, Houl",
    "et": "SpinalLesionSite",
    "off": 22505,
    "sff": "lesion"
  },
  {
    "docID": "N070 Tom, Houl",
    "et": "SpinalLesionSite",
    "off": 9190,
    "sff": "lesion"
  },
  {
    "docID": "N070 Tom, Houl",
    "et": "SpinalLesionSite",
    "off": 2467,
    "sff": "lesion"
  },
  {
    "docID": "N070 Tom, Houl",
    "et": "SpinalLesionSite",
    "off": 3445,
    "sff": "lesion site"
  },
  {
    "docID": "N070 Tom, Houl",
    "et": "SpinalLesionSite",
    "off": 2926,
    "sff": "lesion site"
  },
  {
    "docID": "N070 Tom, Houl",
    "et": "SpinalLesionSite",
    "off": 21406,
    "sff": "lesion"
  },
  {
    "docID": "N070 Tom, Houl",
    "et": "SpinalLesionSite",
    "off": 3292,
    "sff": "lesion"
  },
  {
    "docID": "N070 Tom, Houl",
    "et": "SpinalLesionSite",
    "off": 8923,
    "sff": "lesion"
  },
  {
    "docID": "N070 Tom, Houl",
    "et": "SpinalLesionSite",
    "off": 21073,
    "sff": "lesion"
  },
  {
    "docID": "N070 Tom, Houl",
    "et": "SpinalLesionSite",
    "off": 21544,
    "sff": "lesion site"
  },
  {
    "docID": "N070 Tom, Houl",
    "et": "SpinalLesionSite",
    "off": 10060,
    "sff": "lesion"
  },
  {
    "docID": "N070 Tom, Houl",
    "et": "SpinalLesionSite",
    "off": 14667,
    "sff": "lesion"
  },
  {
    "docID": "N070 Tom, Houl",
    "et": "SpinalLesionSite",
    "off": 1377,
    "sff": "lesion site"
  },
  {
    "docID": "N070 Tom, Houl",
    "et": "SpinalLesionSite",
    "off": 21765,
    "sff": "lesion"
  },
  {
    "docID": "N070 Tom, Houl",
    "et": "SpinalLesionSite",
    "off": 9045,
    "sff": "lesion site"
  },
  {
    "docID": "N070 Tom, Houl",
    "et": "SpinalLesionSite",
    "off": 22402,
    "sff": "lesion"
  },
  {
    "docID": "N070 Tom, Houl",
    "et": "SpinalLesionSite",
    "off": 1048,
    "sff": "lesion site"
  },
  {
    "docID": "N070 Tom, Houl",
    "et": "SpinalLesionSite",
    "off": 2748,
    "sff": "lesion"
  },
  {
    "docID": "N070 Tom, Houl",
    "et": "SpinalLesionSite",
    "off": 22460,
    "sff": "lesion"
  },
  {
    "docID": "N070 Tom, Houl",
    "et": "SpinalLesionSite",
    "off": 5623,
    "sff": "lesion"
  },
  {
    "docID": "N070 Tom, Houl",
    "et": "SpinalLesionSite",
    "off": 9424,
    "sff": "lesion site"
  },
  {
    "docID": "N070 Tom, Houl",
    "et": "SpinalLesionSite",
    "off": 9398,
    "sff": "lesion"
  },
  {
    "docID": "N070 Tom, Houl",
    "et": "SpinalLesionSite",
    "off": 5493,
    "sff": "lesion"
  },
  {
    "docID": "N070 Tom, Houl",
    "et": "SpinalLesionSite",
    "off": 17903,
    "sff": "lesion"
  }
]
