[
  {
    "docID": "N078 Aoki 2010",
    "et": "T9",
    "off": 8177,
    "sff": "T9"
  },
  {
    "docID": "N078 Aoki 2010",
    "et": "T9",
    "off": 5436,
    "sff": "T9"
  },
  {
    "docID": "N078 Aoki 2010",
    "et": "SubcutaneousLocation",
    "off": 5315,
    "sff": "subcutaneous"
  },
  {
    "docID": "N078 Aoki 2010",
    "et": "Lumbar",
    "off": 33829,
    "sff": "lumbar"
  },
  {
    "docID": "N078 Aoki 2010",
    "et": "Thoracic",
    "off": 15827,
    "sff": "thoracic"
  },
  {
    "docID": "N078 Aoki 2010",
    "et": "Brain",
    "off": 32328,
    "sff": "Brain"
  },
  {
    "docID": "N078 Aoki 2010",
    "et": "Brain",
    "off": 32513,
    "sff": "Brain"
  },
  {
    "docID": "N078 Aoki 2010",
    "et": "Brain",
    "off": 32946,
    "sff": "Brain"
  },
  {
    "docID": "N078 Aoki 2010",
    "et": "Brain",
    "off": 34767,
    "sff": "Brain"
  },
  {
    "docID": "N078 Aoki 2010",
    "et": "AscendingFiberTract",
    "off": 30527,
    "sff": "ascending"
  },
  {
    "docID": "N078 Aoki 2010",
    "et": "IntraperitonealLocation",
    "off": 6401,
    "sff": "intraperitoneal"
  },
  {
    "docID": "N078 Aoki 2010",
    "et": "IntraperitonealLocation",
    "off": 11074,
    "sff": "intraperitoneal"
  },
  {
    "docID": "N078 Aoki 2010",
    "et": "SpinalDorsalHalf",
    "off": 16217,
    "sff": "dorsal"
  },
  {
    "docID": "N078 Aoki 2010",
    "et": "SpinalDorsalHalf",
    "off": 19910,
    "sff": "dorsal"
  },
  {
    "docID": "N078 Aoki 2010",
    "et": "SpinalDorsalHalf",
    "off": 30544,
    "sff": "dorsal"
  },
  {
    "docID": "N078 Aoki 2010",
    "et": "SpinalDorsalHalf",
    "off": 15709,
    "sff": "dorsal"
  },
  {
    "docID": "N078 Aoki 2010",
    "et": "SpinalDorsalHalf",
    "off": 34140,
    "sff": "dorsal"
  },
  {
    "docID": "N078 Aoki 2010",
    "et": "SpinalVentralHalf",
    "off": 20186,
    "sff": "ventral"
  },
  {
    "docID": "N078 Aoki 2010",
    "et": "SpinalVentralHalf",
    "off": 16249,
    "sff": "ventral"
  },
  {
    "docID": "N078 Aoki 2010",
    "et": "SpinalCord",
    "off": 20883,
    "sff": "cord"
  },
  {
    "docID": "N078 Aoki 2010",
    "et": "SpinalCord",
    "off": 22167,
    "sff": "cord"
  },
  {
    "docID": "N078 Aoki 2010",
    "et": "SpinalCord",
    "off": 27541,
    "sff": "cord"
  },
  {
    "docID": "N078 Aoki 2010",
    "et": "SpinalCord",
    "off": 26138,
    "sff": "cord"
  },
  {
    "docID": "N078 Aoki 2010",
    "et": "SpinalCord",
    "off": 30365,
    "sff": "cord"
  },
  {
    "docID": "N078 Aoki 2010",
    "et": "SpinalCord",
    "off": 16412,
    "sff": "cord"
  },
  {
    "docID": "N078 Aoki 2010",
    "et": "SpinalCord",
    "off": 16130,
    "sff": "cord"
  },
  {
    "docID": "N078 Aoki 2010",
    "et": "SpinalCord",
    "off": 28929,
    "sff": "cord"
  },
  {
    "docID": "N078 Aoki 2010",
    "et": "SpinalCord",
    "off": 19846,
    "sff": "cord"
  },
  {
    "docID": "N078 Aoki 2010",
    "et": "SpinalCord",
    "off": 20235,
    "sff": "cord"
  },
  {
    "docID": "N078 Aoki 2010",
    "et": "SpinalCord",
    "off": 33161,
    "sff": "cord"
  },
  {
    "docID": "N078 Aoki 2010",
    "et": "SpinalCord",
    "off": 11696,
    "sff": "cord"
  },
  {
    "docID": "N078 Aoki 2010",
    "et": "SpinalCord",
    "off": 23606,
    "sff": "cord"
  },
  {
    "docID": "N078 Aoki 2010",
    "et": "SpinalCord",
    "off": 58,
    "sff": "cord"
  },
  {
    "docID": "N078 Aoki 2010",
    "et": "SpinalCord",
    "off": 696,
    "sff": "cord"
  },
  {
    "docID": "N078 Aoki 2010",
    "et": "SpinalCord",
    "off": 31032,
    "sff": "cord"
  },
  {
    "docID": "N078 Aoki 2010",
    "et": "SpinalCord",
    "off": 20004,
    "sff": "cord"
  },
  {
    "docID": "N078 Aoki 2010",
    "et": "SpinalCord",
    "off": 9130,
    "sff": "cord"
  },
  {
    "docID": "N078 Aoki 2010",
    "et": "SpinalCord",
    "off": 31786,
    "sff": "cord"
  },
  {
    "docID": "N078 Aoki 2010",
    "et": "SpinalCord",
    "off": 33962,
    "sff": "cord"
  },
  {
    "docID": "N078 Aoki 2010",
    "et": "SpinalCord",
    "off": 1064,
    "sff": "cord"
  },
  {
    "docID": "N078 Aoki 2010",
    "et": "SpinalCord",
    "off": 24495,
    "sff": "cord"
  },
  {
    "docID": "N078 Aoki 2010",
    "et": "SpinalCord",
    "off": 3794,
    "sff": "cord"
  },
  {
    "docID": "N078 Aoki 2010",
    "et": "SpinalCord",
    "off": 26322,
    "sff": "cord"
  },
  {
    "docID": "N078 Aoki 2010",
    "et": "SpinalCord",
    "off": 32210,
    "sff": "cord"
  },
  {
    "docID": "N078 Aoki 2010",
    "et": "SpinalCord",
    "off": 25434,
    "sff": "cord"
  },
  {
    "docID": "N078 Aoki 2010",
    "et": "SpinalCord",
    "off": 29784,
    "sff": "cord"
  },
  {
    "docID": "N078 Aoki 2010",
    "et": "SpinalCord",
    "off": 33368,
    "sff": "cord"
  },
  {
    "docID": "N078 Aoki 2010",
    "et": "SpinalCord",
    "off": 5468,
    "sff": "cord"
  },
  {
    "docID": "N078 Aoki 2010",
    "et": "SpinalCord",
    "off": 25154,
    "sff": "cord"
  },
  {
    "docID": "N078 Aoki 2010",
    "et": "SpinalCord",
    "off": 4288,
    "sff": "cord"
  },
  {
    "docID": "N078 Aoki 2010",
    "et": "SpinalCord",
    "off": 34507,
    "sff": "cord"
  },
  {
    "docID": "N078 Aoki 2010",
    "et": "SpinalCord",
    "off": 31562,
    "sff": "cord"
  },
  {
    "docID": "N078 Aoki 2010",
    "et": "SpinalCord",
    "off": 32714,
    "sff": "cord"
  },
  {
    "docID": "N078 Aoki 2010",
    "et": "SpinalCord",
    "off": 5449,
    "sff": "cord"
  },
  {
    "docID": "N078 Aoki 2010",
    "et": "SpinalCord",
    "off": 31608,
    "sff": "Cord"
  },
  {
    "docID": "N078 Aoki 2010",
    "et": "SpinalCord",
    "off": 31987,
    "sff": "cord"
  },
  {
    "docID": "N078 Aoki 2010",
    "et": "SpinalCord",
    "off": 8818,
    "sff": "cord"
  },
  {
    "docID": "N078 Aoki 2010",
    "et": "SpinalCord",
    "off": 15985,
    "sff": "cord"
  },
  {
    "docID": "N078 Aoki 2010",
    "et": "SpinalCord",
    "off": 13429,
    "sff": "cord"
  },
  {
    "docID": "N078 Aoki 2010",
    "et": "SpinalCord",
    "off": 14453,
    "sff": "cord"
  },
  {
    "docID": "N078 Aoki 2010",
    "et": "SpinalCord",
    "off": 32507,
    "sff": "cord"
  },
  {
    "docID": "N078 Aoki 2010",
    "et": "SpinalCord",
    "off": 31224,
    "sff": "cord"
  },
  {
    "docID": "N078 Aoki 2010",
    "et": "SpinalCord",
    "off": 7422,
    "sff": "cord"
  },
  {
    "docID": "N078 Aoki 2010",
    "et": "SpinalCord",
    "off": 23679,
    "sff": "cord"
  },
  {
    "docID": "N078 Aoki 2010",
    "et": "SpinalCord",
    "off": 8958,
    "sff": "cord"
  },
  {
    "docID": "N078 Aoki 2010",
    "et": "SpinalCord",
    "off": 25597,
    "sff": "cord"
  },
  {
    "docID": "N078 Aoki 2010",
    "et": "SpinalCord",
    "off": 20348,
    "sff": "cord"
  },
  {
    "docID": "N078 Aoki 2010",
    "et": "SpinalCord",
    "off": 15843,
    "sff": "cord"
  },
  {
    "docID": "N078 Aoki 2010",
    "et": "SpinalCord",
    "off": 15072,
    "sff": "cord"
  },
  {
    "docID": "N078 Aoki 2010",
    "et": "SpinalCord",
    "off": 24676,
    "sff": "cord"
  },
  {
    "docID": "N078 Aoki 2010",
    "et": "SpinalCord",
    "off": 12777,
    "sff": "cord"
  },
  {
    "docID": "N078 Aoki 2010",
    "et": "SpinalCord",
    "off": 21865,
    "sff": "cord"
  },
  {
    "docID": "N078 Aoki 2010",
    "et": "SpinalCord",
    "off": 12271,
    "sff": "cord"
  },
  {
    "docID": "N078 Aoki 2010",
    "et": "SpinalCord",
    "off": 30573,
    "sff": "cord"
  },
  {
    "docID": "N078 Aoki 2010",
    "et": "DorsalColumn",
    "off": 19910,
    "sff": "dorsal"
  },
  {
    "docID": "N078 Aoki 2010",
    "et": "DorsalColumn",
    "off": 16217,
    "sff": "dorsal"
  },
  {
    "docID": "N078 Aoki 2010",
    "et": "DorsalColumn",
    "off": 30544,
    "sff": "dorsal"
  },
  {
    "docID": "N078 Aoki 2010",
    "et": "DorsalColumn",
    "off": 15709,
    "sff": "dorsal"
  },
  {
    "docID": "N078 Aoki 2010",
    "et": "DorsalColumn",
    "off": 34140,
    "sff": "dorsal"
  },
  {
    "docID": "N078 Aoki 2010",
    "et": "LesionAdjacentTissue",
    "off": 13764,
    "sff": "lesion"
  },
  {
    "docID": "N078 Aoki 2010",
    "et": "LesionAdjacentTissue",
    "off": 27753,
    "sff": "lesion"
  },
  {
    "docID": "N078 Aoki 2010",
    "et": "LesionAdjacentTissue",
    "off": 12457,
    "sff": "lesion"
  },
  {
    "docID": "N078 Aoki 2010",
    "et": "LesionAdjacentTissue",
    "off": 24003,
    "sff": "lesion"
  },
  {
    "docID": "N078 Aoki 2010",
    "et": "LesionAdjacentTissue",
    "off": 24996,
    "sff": "lesion"
  },
  {
    "docID": "N078 Aoki 2010",
    "et": "LesionAdjacentTissue",
    "off": 10780,
    "sff": "lesion"
  },
  {
    "docID": "N078 Aoki 2010",
    "et": "LesionAdjacentTissue",
    "off": 1793,
    "sff": "lesion"
  },
  {
    "docID": "N078 Aoki 2010",
    "et": "LesionAdjacentTissue",
    "off": 15509,
    "sff": "lesion"
  },
  {
    "docID": "N078 Aoki 2010",
    "et": "LesionAdjacentTissue",
    "off": 34168,
    "sff": "lesion"
  },
  {
    "docID": "N078 Aoki 2010",
    "et": "LesionAdjacentTissue",
    "off": 18772,
    "sff": "lesion"
  },
  {
    "docID": "N078 Aoki 2010",
    "et": "LesionAdjacentTissue",
    "off": 1164,
    "sff": "lesion"
  },
  {
    "docID": "N078 Aoki 2010",
    "et": "LesionAdjacentTissue",
    "off": 14796,
    "sff": "lesion"
  },
  {
    "docID": "N078 Aoki 2010",
    "et": "LesionAdjacentTissue",
    "off": 20464,
    "sff": "lesion"
  },
  {
    "docID": "N078 Aoki 2010",
    "et": "LesionAdjacentTissue",
    "off": 25868,
    "sff": "lesion"
  },
  {
    "docID": "N078 Aoki 2010",
    "et": "CentralNervousSystem",
    "off": 22539,
    "sff": "central"
  },
  {
    "docID": "N078 Aoki 2010",
    "et": "CentralNervousSystem",
    "off": 29707,
    "sff": "central"
  },
  {
    "docID": "N078 Aoki 2010",
    "et": "CentralNervousSystem",
    "off": 22058,
    "sff": "central"
  },
  {
    "docID": "N078 Aoki 2010",
    "et": "SpinalGrayMatter",
    "off": 20370,
    "sff": "gray matter"
  },
  {
    "docID": "N078 Aoki 2010",
    "et": "CorticospinalTract",
    "off": 11489,
    "sff": "corticospinal"
  },
  {
    "docID": "N078 Aoki 2010",
    "et": "CorticospinalTract",
    "off": 19858,
    "sff": "corticospinal"
  },
  {
    "docID": "N078 Aoki 2010",
    "et": "CorticospinalTract",
    "off": 23907,
    "sff": "corticospinal"
  },
  {
    "docID": "N078 Aoki 2010",
    "et": "CorticospinalTract",
    "off": 10732,
    "sff": "corticospinal"
  },
  {
    "docID": "N078 Aoki 2010",
    "et": "SpinalCentralPart",
    "off": 22058,
    "sff": "central"
  },
  {
    "docID": "N078 Aoki 2010",
    "et": "SpinalCentralPart",
    "off": 22539,
    "sff": "central"
  },
  {
    "docID": "N078 Aoki 2010",
    "et": "SpinalCentralPart",
    "off": 29707,
    "sff": "central"
  },
  {
    "docID": "N078 Aoki 2010",
    "et": "InjectionDelivery",
    "off": 5328,
    "sff": "injection"
  },
  {
    "docID": "N078 Aoki 2010",
    "et": "InjectionDelivery",
    "off": 11351,
    "sff": "injection"
  },
  {
    "docID": "N078 Aoki 2010",
    "et": "InjectionDelivery",
    "off": 11178,
    "sff": "injection"
  },
  {
    "docID": "N078 Aoki 2010",
    "et": "SpinalLesionSite",
    "off": 20464,
    "sff": "lesion"
  },
  {
    "docID": "N078 Aoki 2010",
    "et": "SpinalLesionSite",
    "off": 10780,
    "sff": "lesion site"
  },
  {
    "docID": "N078 Aoki 2010",
    "et": "SpinalLesionSite",
    "off": 18772,
    "sff": "lesion"
  },
  {
    "docID": "N078 Aoki 2010",
    "et": "SpinalLesionSite",
    "off": 15509,
    "sff": "lesion"
  },
  {
    "docID": "N078 Aoki 2010",
    "et": "SpinalLesionSite",
    "off": 12457,
    "sff": "lesion"
  },
  {
    "docID": "N078 Aoki 2010",
    "et": "SpinalLesionSite",
    "off": 27753,
    "sff": "lesion"
  },
  {
    "docID": "N078 Aoki 2010",
    "et": "SpinalLesionSite",
    "off": 1164,
    "sff": "lesion"
  },
  {
    "docID": "N078 Aoki 2010",
    "et": "SpinalLesionSite",
    "off": 14796,
    "sff": "lesion"
  },
  {
    "docID": "N078 Aoki 2010",
    "et": "SpinalLesionSite",
    "off": 1793,
    "sff": "lesion"
  },
  {
    "docID": "N078 Aoki 2010",
    "et": "SpinalLesionSite",
    "off": 13764,
    "sff": "lesion"
  },
  {
    "docID": "N078 Aoki 2010",
    "et": "SpinalLesionSite",
    "off": 24996,
    "sff": "lesion"
  },
  {
    "docID": "N078 Aoki 2010",
    "et": "SpinalLesionSite",
    "off": 24003,
    "sff": "lesion"
  },
  {
    "docID": "N078 Aoki 2010",
    "et": "SpinalLesionSite",
    "off": 25868,
    "sff": "lesion site"
  },
  {
    "docID": "N078 Aoki 2010",
    "et": "SpinalLesionSite",
    "off": 34168,
    "sff": "lesion"
  }
]
