[
  {
    "docID": "N106 Xiong",
    "et": "T10",
    "off": 8143,
    "sff": "T10"
  },
  {
    "docID": "N106 Xiong",
    "et": "T10",
    "off": 7803,
    "sff": "T10"
  },
  {
    "docID": "N106 Xiong",
    "et": "Thoracic",
    "off": 24715,
    "sff": "thoracic"
  },
  {
    "docID": "N106 Xiong",
    "et": "VertebralLocation",
    "off": 8049,
    "sff": "vertebral"
  },
  {
    "docID": "N106 Xiong",
    "et": "Brain",
    "off": 3987,
    "sff": "brain"
  },
  {
    "docID": "N106 Xiong",
    "et": "Brain",
    "off": 5450,
    "sff": "brain"
  },
  {
    "docID": "N106 Xiong",
    "et": "AscendingFiberTract",
    "off": 14771,
    "sff": "fiber"
  },
  {
    "docID": "N106 Xiong",
    "et": "SpinalWhiteMatter",
    "off": 20259,
    "sff": "white matter"
  },
  {
    "docID": "N106 Xiong",
    "et": "SpinalWhiteMatter",
    "off": 19684,
    "sff": "white matter"
  },
  {
    "docID": "N106 Xiong",
    "et": "SpinalWhiteMatter",
    "off": 14323,
    "sff": "white"
  },
  {
    "docID": "N106 Xiong",
    "et": "SpinalWhiteMatter",
    "off": 25040,
    "sff": "white matter"
  },
  {
    "docID": "N106 Xiong",
    "et": "SpinalFiberTract",
    "off": 14771,
    "sff": "fiber"
  },
  {
    "docID": "N106 Xiong",
    "et": "Intrathecal",
    "off": 23353,
    "sff": "intrathecal"
  },
  {
    "docID": "N106 Xiong",
    "et": "SpinalDorsalHalf",
    "off": 19674,
    "sff": "dorsal"
  },
  {
    "docID": "N106 Xiong",
    "et": "SpinalDorsalHalf",
    "off": 20249,
    "sff": "dorsal"
  },
  {
    "docID": "N106 Xiong",
    "et": "SpinalCord",
    "off": 21141,
    "sff": "cord"
  },
  {
    "docID": "N106 Xiong",
    "et": "SpinalCord",
    "off": 403,
    "sff": "cord"
  },
  {
    "docID": "N106 Xiong",
    "et": "SpinalCord",
    "off": 19097,
    "sff": "cord"
  },
  {
    "docID": "N106 Xiong",
    "et": "SpinalCord",
    "off": 19550,
    "sff": "cord"
  },
  {
    "docID": "N106 Xiong",
    "et": "SpinalCord",
    "off": 14305,
    "sff": "cord"
  },
  {
    "docID": "N106 Xiong",
    "et": "SpinalCord",
    "off": 20129,
    "sff": "cord"
  },
  {
    "docID": "N106 Xiong",
    "et": "SpinalCord",
    "off": 8352,
    "sff": "cord"
  },
  {
    "docID": "N106 Xiong",
    "et": "SpinalCord",
    "off": 13898,
    "sff": "cord"
  },
  {
    "docID": "N106 Xiong",
    "et": "SpinalCord",
    "off": 15879,
    "sff": "cord"
  },
  {
    "docID": "N106 Xiong",
    "et": "SpinalCord",
    "off": 14984,
    "sff": "cord"
  },
  {
    "docID": "N106 Xiong",
    "et": "SpinalCord",
    "off": 14221,
    "sff": "cord"
  },
  {
    "docID": "N106 Xiong",
    "et": "SpinalCord",
    "off": 25677,
    "sff": "cord"
  },
  {
    "docID": "N106 Xiong",
    "et": "SpinalCord",
    "off": 10636,
    "sff": "cord"
  },
  {
    "docID": "N106 Xiong",
    "et": "SpinalCord",
    "off": 1680,
    "sff": "cord"
  },
  {
    "docID": "N106 Xiong",
    "et": "SpinalCord",
    "off": 22224,
    "sff": "cord"
  },
  {
    "docID": "N106 Xiong",
    "et": "SpinalCord",
    "off": 21045,
    "sff": "cord"
  },
  {
    "docID": "N106 Xiong",
    "et": "SpinalCord",
    "off": 23030,
    "sff": "cord"
  },
  {
    "docID": "N106 Xiong",
    "et": "SpinalCord",
    "off": 3699,
    "sff": "cord"
  },
  {
    "docID": "N106 Xiong",
    "et": "SpinalCord",
    "off": 19130,
    "sff": "cord"
  },
  {
    "docID": "N106 Xiong",
    "et": "SpinalCord",
    "off": 24378,
    "sff": "cord"
  },
  {
    "docID": "N106 Xiong",
    "et": "SpinalCord",
    "off": 15287,
    "sff": "cord"
  },
  {
    "docID": "N106 Xiong",
    "et": "SpinalCord",
    "off": 1214,
    "sff": "cord"
  },
  {
    "docID": "N106 Xiong",
    "et": "SpinalCord",
    "off": 23291,
    "sff": "cord"
  },
  {
    "docID": "N106 Xiong",
    "et": "SpinalCord",
    "off": 19772,
    "sff": "cord"
  },
  {
    "docID": "N106 Xiong",
    "et": "SpinalCord",
    "off": 10689,
    "sff": "cord"
  },
  {
    "docID": "N106 Xiong",
    "et": "SpinalCord",
    "off": 20546,
    "sff": "cord"
  },
  {
    "docID": "N106 Xiong",
    "et": "SpinalCord",
    "off": 8549,
    "sff": "cord"
  },
  {
    "docID": "N106 Xiong",
    "et": "SpinalCord",
    "off": 867,
    "sff": "cord"
  },
  {
    "docID": "N106 Xiong",
    "et": "SpinalCord",
    "off": 8105,
    "sff": "cord"
  },
  {
    "docID": "N106 Xiong",
    "et": "SpinalCord",
    "off": 8681,
    "sff": "cord"
  },
  {
    "docID": "N106 Xiong",
    "et": "SpinalCord",
    "off": 23595,
    "sff": "cord"
  },
  {
    "docID": "N106 Xiong",
    "et": "SpinalCord",
    "off": 18796,
    "sff": "cord"
  },
  {
    "docID": "N106 Xiong",
    "et": "SpinalCord",
    "off": 23345,
    "sff": "cord"
  },
  {
    "docID": "N106 Xiong",
    "et": "DorsalColumn",
    "off": 19674,
    "sff": "dorsal"
  },
  {
    "docID": "N106 Xiong",
    "et": "DorsalColumn",
    "off": 20249,
    "sff": "dorsal"
  },
  {
    "docID": "N106 Xiong",
    "et": "LesionAdjacentTissue",
    "off": 19718,
    "sff": "lesion"
  },
  {
    "docID": "N106 Xiong",
    "et": "LesionAdjacentTissue",
    "off": 14634,
    "sff": "lesion"
  },
  {
    "docID": "N106 Xiong",
    "et": "LesionAdjacentTissue",
    "off": 19145,
    "sff": "lesion"
  },
  {
    "docID": "N106 Xiong",
    "et": "LesionAdjacentTissue",
    "off": 4190,
    "sff": "lesion"
  },
  {
    "docID": "N106 Xiong",
    "et": "LesionAdjacentTissue",
    "off": 20289,
    "sff": "lesion"
  },
  {
    "docID": "N106 Xiong",
    "et": "LesionAdjacentTissue",
    "off": 14872,
    "sff": "lesion"
  },
  {
    "docID": "N106 Xiong",
    "et": "LesionAdjacentTissue",
    "off": 2268,
    "sff": "lesion"
  },
  {
    "docID": "N106 Xiong",
    "et": "LesionAdjacentTissue",
    "off": 3676,
    "sff": "lesion"
  },
  {
    "docID": "N106 Xiong",
    "et": "LesionAdjacentTissue",
    "off": 23450,
    "sff": "lesion"
  },
  {
    "docID": "N106 Xiong",
    "et": "LesionAdjacentTissue",
    "off": 19502,
    "sff": "lesion"
  },
  {
    "docID": "N106 Xiong",
    "et": "LesionAdjacentTissue",
    "off": 19021,
    "sff": "lesion"
  },
  {
    "docID": "N106 Xiong",
    "et": "LesionAdjacentTissue",
    "off": 19565,
    "sff": "lesion"
  },
  {
    "docID": "N106 Xiong",
    "et": "LesionAdjacentTissue",
    "off": 8564,
    "sff": "lesion"
  },
  {
    "docID": "N106 Xiong",
    "et": "LesionAdjacentTissue",
    "off": 18964,
    "sff": "lesion"
  },
  {
    "docID": "N106 Xiong",
    "et": "LesionAdjacentTissue",
    "off": 15379,
    "sff": "lesion"
  },
  {
    "docID": "N106 Xiong",
    "et": "CentralNervousSystem",
    "off": 14350,
    "sff": "central"
  },
  {
    "docID": "N106 Xiong",
    "et": "SpinalGrayMatter",
    "off": 24183,
    "sff": "gray matter"
  },
  {
    "docID": "N106 Xiong",
    "et": "SpinalGrayMatter",
    "off": 20977,
    "sff": "gray matter"
  },
  {
    "docID": "N106 Xiong",
    "et": "Location",
    "off": 19344,
    "sff": "location"
  },
  {
    "docID": "N106 Xiong",
    "et": "SubstanceApplicationLocation",
    "off": 23153,
    "sff": "application"
  },
  {
    "docID": "N106 Xiong",
    "et": "SubstanceApplicationLocation",
    "off": 21622,
    "sff": "substance"
  },
  {
    "docID": "N106 Xiong",
    "et": "SubstanceApplicationLocation",
    "off": 25259,
    "sff": "application"
  },
  {
    "docID": "N106 Xiong",
    "et": "SubstanceApplicationLocation",
    "off": 23502,
    "sff": "application"
  },
  {
    "docID": "N106 Xiong",
    "et": "SubstanceApplicationLocation",
    "off": 21960,
    "sff": "application"
  },
  {
    "docID": "N106 Xiong",
    "et": "SubstanceApplicationLocation",
    "off": 22840,
    "sff": "application"
  },
  {
    "docID": "N106 Xiong",
    "et": "SubstanceApplicationLocation",
    "off": 22630,
    "sff": "application"
  },
  {
    "docID": "N106 Xiong",
    "et": "VertebralArea",
    "off": 8049,
    "sff": "vertebral"
  },
  {
    "docID": "N106 Xiong",
    "et": "CorticospinalTract",
    "off": 25424,
    "sff": "corticospinal"
  },
  {
    "docID": "N106 Xiong",
    "et": "SpinalCentralPart",
    "off": 14350,
    "sff": "central"
  },
  {
    "docID": "N106 Xiong",
    "et": "InjectionDelivery",
    "off": 23365,
    "sff": "injection"
  },
  {
    "docID": "N106 Xiong",
    "et": "InjectionDelivery",
    "off": 9633,
    "sff": "injection"
  },
  {
    "docID": "N106 Xiong",
    "et": "VertebralSegment",
    "off": 8049,
    "sff": "vertebral"
  },
  {
    "docID": "N106 Xiong",
    "et": "SpinalLesionSite",
    "off": 15379,
    "sff": "lesion"
  },
  {
    "docID": "N106 Xiong",
    "et": "SpinalLesionSite",
    "off": 8564,
    "sff": "lesion"
  },
  {
    "docID": "N106 Xiong",
    "et": "SpinalLesionSite",
    "off": 14872,
    "sff": "lesion"
  },
  {
    "docID": "N106 Xiong",
    "et": "SpinalLesionSite",
    "off": 14634,
    "sff": "lesion"
  },
  {
    "docID": "N106 Xiong",
    "et": "SpinalLesionSite",
    "off": 19021,
    "sff": "lesion"
  },
  {
    "docID": "N106 Xiong",
    "et": "SpinalLesionSite",
    "off": 19565,
    "sff": "lesion site"
  },
  {
    "docID": "N106 Xiong",
    "et": "SpinalLesionSite",
    "off": 19502,
    "sff": "lesion site"
  },
  {
    "docID": "N106 Xiong",
    "et": "SpinalLesionSite",
    "off": 19145,
    "sff": "lesion site"
  },
  {
    "docID": "N106 Xiong",
    "et": "SpinalLesionSite",
    "off": 18964,
    "sff": "lesion site"
  },
  {
    "docID": "N106 Xiong",
    "et": "SpinalLesionSite",
    "off": 19718,
    "sff": "lesion"
  },
  {
    "docID": "N106 Xiong",
    "et": "SpinalLesionSite",
    "off": 23450,
    "sff": "lesion"
  },
  {
    "docID": "N106 Xiong",
    "et": "SpinalLesionSite",
    "off": 2268,
    "sff": "lesion"
  },
  {
    "docID": "N106 Xiong",
    "et": "SpinalLesionSite",
    "off": 3676,
    "sff": "lesion"
  },
  {
    "docID": "N106 Xiong",
    "et": "SpinalLesionSite",
    "off": 4190,
    "sff": "lesion"
  },
  {
    "docID": "N106 Xiong",
    "et": "SpinalLesionSite",
    "off": 20289,
    "sff": "lesion"
  },
  {
    "docID": "N106 Xiong",
    "et": "T4",
    "off": 6272,
    "sff": "T4"
  }
]
