[
  {
    "docID": "N111 Colello, Chow et al. 2016",
    "et": "T8",
    "off": 37047,
    "sff": "T8"
  },
  {
    "docID": "N111 Colello, Chow et al. 2016",
    "et": "T9",
    "off": 27034,
    "sff": "T9"
  },
  {
    "docID": "N111 Colello, Chow et al. 2016",
    "et": "T9",
    "off": 26956,
    "sff": "T9"
  },
  {
    "docID": "N111 Colello, Chow et al. 2016",
    "et": "T9",
    "off": 36524,
    "sff": "T9"
  },
  {
    "docID": "N111 Colello, Chow et al. 2016",
    "et": "T10",
    "off": 26959,
    "sff": "T10"
  },
  {
    "docID": "N111 Colello, Chow et al. 2016",
    "et": "T10",
    "off": 36527,
    "sff": "T10"
  },
  {
    "docID": "N111 Colello, Chow et al. 2016",
    "et": "T10",
    "off": 27037,
    "sff": "T10"
  },
  {
    "docID": "N111 Colello, Chow et al. 2016",
    "et": "Thoracic",
    "off": 60890,
    "sff": "thoracic"
  },
  {
    "docID": "N111 Colello, Chow et al. 2016",
    "et": "Thoracic",
    "off": 26100,
    "sff": "thoracic"
  },
  {
    "docID": "N111 Colello, Chow et al. 2016",
    "et": "Thoracic",
    "off": 64287,
    "sff": "thoracic"
  },
  {
    "docID": "N111 Colello, Chow et al. 2016",
    "et": "VertebralLocation",
    "off": 2901,
    "sff": "vertebral"
  },
  {
    "docID": "N111 Colello, Chow et al. 2016",
    "et": "Brain",
    "off": 57823,
    "sff": "Brain"
  },
  {
    "docID": "N111 Colello, Chow et al. 2016",
    "et": "Brain",
    "off": 68839,
    "sff": "brain"
  },
  {
    "docID": "N111 Colello, Chow et al. 2016",
    "et": "Brain",
    "off": 56369,
    "sff": "Brain"
  },
  {
    "docID": "N111 Colello, Chow et al. 2016",
    "et": "Brain",
    "off": 59931,
    "sff": "brain"
  },
  {
    "docID": "N111 Colello, Chow et al. 2016",
    "et": "Brain",
    "off": 56996,
    "sff": "Brain"
  },
  {
    "docID": "N111 Colello, Chow et al. 2016",
    "et": "Brain",
    "off": 68711,
    "sff": "Brain"
  },
  {
    "docID": "N111 Colello, Chow et al. 2016",
    "et": "Brain",
    "off": 65590,
    "sff": "Brain"
  },
  {
    "docID": "N111 Colello, Chow et al. 2016",
    "et": "Brain",
    "off": 3355,
    "sff": "brain"
  },
  {
    "docID": "N111 Colello, Chow et al. 2016",
    "et": "Brain",
    "off": 57674,
    "sff": "Brain"
  },
  {
    "docID": "N111 Colello, Chow et al. 2016",
    "et": "Brain",
    "off": 63108,
    "sff": "brain"
  },
  {
    "docID": "N111 Colello, Chow et al. 2016",
    "et": "SpinalWhiteMatter",
    "off": 37008,
    "sff": "white"
  },
  {
    "docID": "N111 Colello, Chow et al. 2016",
    "et": "SpinalWhiteMatter",
    "off": 20173,
    "sff": "White"
  },
  {
    "docID": "N111 Colello, Chow et al. 2016",
    "et": "SpinalWhiteMatter",
    "off": 21332,
    "sff": "white"
  },
  {
    "docID": "N111 Colello, Chow et al. 2016",
    "et": "Intrathecal",
    "off": 55560,
    "sff": "Intrathecal"
  },
  {
    "docID": "N111 Colello, Chow et al. 2016",
    "et": "DeliveryMethod",
    "off": 63689,
    "sff": "Delivery"
  },
  {
    "docID": "N111 Colello, Chow et al. 2016",
    "et": "DeliveryMethod",
    "off": 11289,
    "sff": "delivery"
  },
  {
    "docID": "N111 Colello, Chow et al. 2016",
    "et": "DeliveryMethod",
    "off": 55572,
    "sff": "delivery"
  },
  {
    "docID": "N111 Colello, Chow et al. 2016",
    "et": "DeliveryMethod",
    "off": 57379,
    "sff": "delivery"
  },
  {
    "docID": "N111 Colello, Chow et al. 2016",
    "et": "DeliveryMethod",
    "off": 65011,
    "sff": "delivery"
  },
  {
    "docID": "N111 Colello, Chow et al. 2016",
    "et": "DeliveryMethod",
    "off": 14245,
    "sff": "delivery"
  },
  {
    "docID": "N111 Colello, Chow et al. 2016",
    "et": "SpinalDorsalHalf",
    "off": 26687,
    "sff": "dorsal"
  },
  {
    "docID": "N111 Colello, Chow et al. 2016",
    "et": "SpinalDorsalHalf",
    "off": 65410,
    "sff": "dorsal"
  },
  {
    "docID": "N111 Colello, Chow et al. 2016",
    "et": "SpinalDorsalHalf",
    "off": 69433,
    "sff": "Dorsal"
  },
  {
    "docID": "N111 Colello, Chow et al. 2016",
    "et": "SpinalDorsalHalf",
    "off": 8809,
    "sff": "dorsal"
  },
  {
    "docID": "N111 Colello, Chow et al. 2016",
    "et": "SpinalCord",
    "off": 60906,
    "sff": "cord"
  },
  {
    "docID": "N111 Colello, Chow et al. 2016",
    "et": "SpinalCord",
    "off": 56491,
    "sff": "Cord"
  },
  {
    "docID": "N111 Colello, Chow et al. 2016",
    "et": "SpinalCord",
    "off": 1764,
    "sff": "cord"
  },
  {
    "docID": "N111 Colello, Chow et al. 2016",
    "et": "SpinalCord",
    "off": 26085,
    "sff": "cord"
  },
  {
    "docID": "N111 Colello, Chow et al. 2016",
    "et": "SpinalCord",
    "off": 47334,
    "sff": "cord"
  },
  {
    "docID": "N111 Colello, Chow et al. 2016",
    "et": "SpinalCord",
    "off": 56678,
    "sff": "cord"
  },
  {
    "docID": "N111 Colello, Chow et al. 2016",
    "et": "SpinalCord",
    "off": 61284,
    "sff": "cord"
  },
  {
    "docID": "N111 Colello, Chow et al. 2016",
    "et": "SpinalCord",
    "off": 67684,
    "sff": "cord"
  },
  {
    "docID": "N111 Colello, Chow et al. 2016",
    "et": "SpinalCord",
    "off": 66529,
    "sff": "cord"
  },
  {
    "docID": "N111 Colello, Chow et al. 2016",
    "et": "SpinalCord",
    "off": 69344,
    "sff": "cord"
  },
  {
    "docID": "N111 Colello, Chow et al. 2016",
    "et": "SpinalCord",
    "off": 32478,
    "sff": "cord"
  },
  {
    "docID": "N111 Colello, Chow et al. 2016",
    "et": "SpinalCord",
    "off": 68059,
    "sff": "cord"
  },
  {
    "docID": "N111 Colello, Chow et al. 2016",
    "et": "SpinalCord",
    "off": 349,
    "sff": "cord"
  },
  {
    "docID": "N111 Colello, Chow et al. 2016",
    "et": "SpinalCord",
    "off": 41692,
    "sff": "cord"
  },
  {
    "docID": "N111 Colello, Chow et al. 2016",
    "et": "SpinalCord",
    "off": 4216,
    "sff": "cord"
  },
  {
    "docID": "N111 Colello, Chow et al. 2016",
    "et": "SpinalCord",
    "off": 68856,
    "sff": "cord"
  },
  {
    "docID": "N111 Colello, Chow et al. 2016",
    "et": "SpinalCord",
    "off": 2292,
    "sff": "cord"
  },
  {
    "docID": "N111 Colello, Chow et al. 2016",
    "et": "SpinalCord",
    "off": 55155,
    "sff": "cord"
  },
  {
    "docID": "N111 Colello, Chow et al. 2016",
    "et": "SpinalCord",
    "off": 39920,
    "sff": "cord"
  },
  {
    "docID": "N111 Colello, Chow et al. 2016",
    "et": "SpinalCord",
    "off": 60139,
    "sff": "cord"
  },
  {
    "docID": "N111 Colello, Chow et al. 2016",
    "et": "SpinalCord",
    "off": 2823,
    "sff": "cord"
  },
  {
    "docID": "N111 Colello, Chow et al. 2016",
    "et": "SpinalCord",
    "off": 65034,
    "sff": "cord"
  },
  {
    "docID": "N111 Colello, Chow et al. 2016",
    "et": "SpinalCord",
    "off": 60807,
    "sff": "cord"
  },
  {
    "docID": "N111 Colello, Chow et al. 2016",
    "et": "SpinalCord",
    "off": 61575,
    "sff": "cord"
  },
  {
    "docID": "N111 Colello, Chow et al. 2016",
    "et": "SpinalCord",
    "off": 58885,
    "sff": "cord"
  },
  {
    "docID": "N111 Colello, Chow et al. 2016",
    "et": "SpinalCord",
    "off": 13955,
    "sff": "cord"
  },
  {
    "docID": "N111 Colello, Chow et al. 2016",
    "et": "SpinalCord",
    "off": 50182,
    "sff": "cord"
  },
  {
    "docID": "N111 Colello, Chow et al. 2016",
    "et": "SpinalCord",
    "off": 57217,
    "sff": "cord"
  },
  {
    "docID": "N111 Colello, Chow et al. 2016",
    "et": "SpinalCord",
    "off": 27138,
    "sff": "cord"
  },
  {
    "docID": "N111 Colello, Chow et al. 2016",
    "et": "SpinalCord",
    "off": 36354,
    "sff": "cord"
  },
  {
    "docID": "N111 Colello, Chow et al. 2016",
    "et": "SpinalCord",
    "off": 37634,
    "sff": "cord"
  },
  {
    "docID": "N111 Colello, Chow et al. 2016",
    "et": "SpinalCord",
    "off": 69250,
    "sff": "cord"
  },
  {
    "docID": "N111 Colello, Chow et al. 2016",
    "et": "SpinalCord",
    "off": 2561,
    "sff": "cord"
  },
  {
    "docID": "N111 Colello, Chow et al. 2016",
    "et": "SpinalCord",
    "off": 25851,
    "sff": "cord"
  },
  {
    "docID": "N111 Colello, Chow et al. 2016",
    "et": "SpinalCord",
    "off": 2941,
    "sff": "cord"
  },
  {
    "docID": "N111 Colello, Chow et al. 2016",
    "et": "SpinalCord",
    "off": 36505,
    "sff": "cord"
  },
  {
    "docID": "N111 Colello, Chow et al. 2016",
    "et": "SpinalCord",
    "off": 46874,
    "sff": "cord"
  },
  {
    "docID": "N111 Colello, Chow et al. 2016",
    "et": "SpinalCord",
    "off": 68371,
    "sff": "cord"
  },
  {
    "docID": "N111 Colello, Chow et al. 2016",
    "et": "SpinalCord",
    "off": 47636,
    "sff": "cord"
  },
  {
    "docID": "N111 Colello, Chow et al. 2016",
    "et": "SpinalCord",
    "off": 61712,
    "sff": "cord"
  },
  {
    "docID": "N111 Colello, Chow et al. 2016",
    "et": "SpinalCord",
    "off": 62478,
    "sff": "cord"
  },
  {
    "docID": "N111 Colello, Chow et al. 2016",
    "et": "SpinalCord",
    "off": 48523,
    "sff": "cord"
  },
  {
    "docID": "N111 Colello, Chow et al. 2016",
    "et": "SpinalCord",
    "off": 69033,
    "sff": "cord"
  },
  {
    "docID": "N111 Colello, Chow et al. 2016",
    "et": "SpinalCord",
    "off": 60584,
    "sff": "cord"
  },
  {
    "docID": "N111 Colello, Chow et al. 2016",
    "et": "SpinalCord",
    "off": 34085,
    "sff": "cord"
  },
  {
    "docID": "N111 Colello, Chow et al. 2016",
    "et": "SpinalCord",
    "off": 63909,
    "sff": "cord"
  },
  {
    "docID": "N111 Colello, Chow et al. 2016",
    "et": "SpinalCord",
    "off": 68517,
    "sff": "cord"
  },
  {
    "docID": "N111 Colello, Chow et al. 2016",
    "et": "SpinalCord",
    "off": 5411,
    "sff": "cord"
  },
  {
    "docID": "N111 Colello, Chow et al. 2016",
    "et": "SpinalCord",
    "off": 1702,
    "sff": "cord"
  },
  {
    "docID": "N111 Colello, Chow et al. 2016",
    "et": "SpinalCord",
    "off": 805,
    "sff": "cord"
  },
  {
    "docID": "N111 Colello, Chow et al. 2016",
    "et": "SpinalCord",
    "off": 49823,
    "sff": "cord"
  },
  {
    "docID": "N111 Colello, Chow et al. 2016",
    "et": "SpinalCord",
    "off": 45984,
    "sff": "cord"
  },
  {
    "docID": "N111 Colello, Chow et al. 2016",
    "et": "SpinalCord",
    "off": 56221,
    "sff": "cord"
  },
  {
    "docID": "N111 Colello, Chow et al. 2016",
    "et": "SpinalCord",
    "off": 27166,
    "sff": "cord"
  },
  {
    "docID": "N111 Colello, Chow et al. 2016",
    "et": "SpinalCord",
    "off": 58654,
    "sff": "cord"
  },
  {
    "docID": "N111 Colello, Chow et al. 2016",
    "et": "SpinalCord",
    "off": 56476,
    "sff": "cord"
  },
  {
    "docID": "N111 Colello, Chow et al. 2016",
    "et": "SpinalCord",
    "off": 4023,
    "sff": "cord"
  },
  {
    "docID": "N111 Colello, Chow et al. 2016",
    "et": "SpinalCord",
    "off": 57400,
    "sff": "cord"
  },
  {
    "docID": "N111 Colello, Chow et al. 2016",
    "et": "SpinalCord",
    "off": 64435,
    "sff": "cord"
  },
  {
    "docID": "N111 Colello, Chow et al. 2016",
    "et": "SpinalCord",
    "off": 6837,
    "sff": "cord"
  },
  {
    "docID": "N111 Colello, Chow et al. 2016",
    "et": "SpinalCord",
    "off": 2738,
    "sff": "cord"
  },
  {
    "docID": "N111 Colello, Chow et al. 2016",
    "et": "SpinalCord",
    "off": 64303,
    "sff": "cord"
  },
  {
    "docID": "N111 Colello, Chow et al. 2016",
    "et": "SpinalCord",
    "off": 2993,
    "sff": "cord"
  },
  {
    "docID": "N111 Colello, Chow et al. 2016",
    "et": "SpinalCord",
    "off": 3633,
    "sff": "cord"
  },
  {
    "docID": "N111 Colello, Chow et al. 2016",
    "et": "SpinalCord",
    "off": 67504,
    "sff": "cord"
  },
  {
    "docID": "N111 Colello, Chow et al. 2016",
    "et": "SpinalCord",
    "off": 54829,
    "sff": "cord"
  },
  {
    "docID": "N111 Colello, Chow et al. 2016",
    "et": "SpinalCord",
    "off": 37035,
    "sff": "cord"
  },
  {
    "docID": "N111 Colello, Chow et al. 2016",
    "et": "SpinalCord",
    "off": 22474,
    "sff": "cord"
  },
  {
    "docID": "N111 Colello, Chow et al. 2016",
    "et": "SpinalCord",
    "off": 58570,
    "sff": "cord"
  },
  {
    "docID": "N111 Colello, Chow et al. 2016",
    "et": "SpinalCord",
    "off": 60234,
    "sff": "cord"
  },
  {
    "docID": "N111 Colello, Chow et al. 2016",
    "et": "SpinalCord",
    "off": 27336,
    "sff": "cord"
  },
  {
    "docID": "N111 Colello, Chow et al. 2016",
    "et": "SpinalCord",
    "off": 63297,
    "sff": "cord"
  },
  {
    "docID": "N111 Colello, Chow et al. 2016",
    "et": "SpinalCord",
    "off": 67777,
    "sff": "cord"
  },
  {
    "docID": "N111 Colello, Chow et al. 2016",
    "et": "SpinalCord",
    "off": 62402,
    "sff": "cord"
  },
  {
    "docID": "N111 Colello, Chow et al. 2016",
    "et": "SpinalCord",
    "off": 44096,
    "sff": "cord"
  },
  {
    "docID": "N111 Colello, Chow et al. 2016",
    "et": "SpinalCord",
    "off": 59453,
    "sff": "cord"
  },
  {
    "docID": "N111 Colello, Chow et al. 2016",
    "et": "SpinalCord",
    "off": 54331,
    "sff": "cord"
  },
  {
    "docID": "N111 Colello, Chow et al. 2016",
    "et": "SpinalCord",
    "off": 64572,
    "sff": "cord"
  },
  {
    "docID": "N111 Colello, Chow et al. 2016",
    "et": "SpinalCord",
    "off": 67289,
    "sff": "cord"
  },
  {
    "docID": "N111 Colello, Chow et al. 2016",
    "et": "SpinalCord",
    "off": 64858,
    "sff": "cord"
  },
  {
    "docID": "N111 Colello, Chow et al. 2016",
    "et": "SpinalCord",
    "off": 66906,
    "sff": "cord"
  },
  {
    "docID": "N111 Colello, Chow et al. 2016",
    "et": "SpinalCord",
    "off": 63575,
    "sff": "cord"
  },
  {
    "docID": "N111 Colello, Chow et al. 2016",
    "et": "SpinalCord",
    "off": 65237,
    "sff": "cord"
  },
  {
    "docID": "N111 Colello, Chow et al. 2016",
    "et": "SpinalCord",
    "off": 68693,
    "sff": "cord"
  },
  {
    "docID": "N111 Colello, Chow et al. 2016",
    "et": "SpinalCord",
    "off": 3023,
    "sff": "cord"
  },
  {
    "docID": "N111 Colello, Chow et al. 2016",
    "et": "SpinalCord",
    "off": 55632,
    "sff": "cord"
  },
  {
    "docID": "N111 Colello, Chow et al. 2016",
    "et": "SpinalCord",
    "off": 31181,
    "sff": "cord"
  },
  {
    "docID": "N111 Colello, Chow et al. 2016",
    "et": "SpinalCord",
    "off": 68171,
    "sff": "cord"
  },
  {
    "docID": "N111 Colello, Chow et al. 2016",
    "et": "DorsalColumn",
    "off": 8809,
    "sff": "dorsal"
  },
  {
    "docID": "N111 Colello, Chow et al. 2016",
    "et": "DorsalColumn",
    "off": 69433,
    "sff": "Dorsal"
  },
  {
    "docID": "N111 Colello, Chow et al. 2016",
    "et": "DorsalColumn",
    "off": 65410,
    "sff": "dorsal"
  },
  {
    "docID": "N111 Colello, Chow et al. 2016",
    "et": "DorsalColumn",
    "off": 26687,
    "sff": "dorsal"
  },
  {
    "docID": "N111 Colello, Chow et al. 2016",
    "et": "LesionAdjacentTissue",
    "off": 6476,
    "sff": "lesion"
  },
  {
    "docID": "N111 Colello, Chow et al. 2016",
    "et": "LesionAdjacentTissue",
    "off": 59877,
    "sff": "lesion"
  },
  {
    "docID": "N111 Colello, Chow et al. 2016",
    "et": "LesionAdjacentTissue",
    "off": 49486,
    "sff": "lesion"
  },
  {
    "docID": "N111 Colello, Chow et al. 2016",
    "et": "LesionAdjacentTissue",
    "off": 59422,
    "sff": "lesion"
  },
  {
    "docID": "N111 Colello, Chow et al. 2016",
    "et": "LesionAdjacentTissue",
    "off": 862,
    "sff": "lesion"
  },
  {
    "docID": "N111 Colello, Chow et al. 2016",
    "et": "CentralNervousSystem",
    "off": 65566,
    "sff": "central nervous"
  },
  {
    "docID": "N111 Colello, Chow et al. 2016",
    "et": "CentralNervousSystem",
    "off": 64699,
    "sff": "Nervous"
  },
  {
    "docID": "N111 Colello, Chow et al. 2016",
    "et": "CentralNervousSystem",
    "off": 56326,
    "sff": "central nervous system"
  },
  {
    "docID": "N111 Colello, Chow et al. 2016",
    "et": "CentralNervousSystem",
    "off": 56875,
    "sff": "Central nervous system"
  },
  {
    "docID": "N111 Colello, Chow et al. 2016",
    "et": "CentralNervousSystem",
    "off": 58128,
    "sff": "central nervous"
  },
  {
    "docID": "N111 Colello, Chow et al. 2016",
    "et": "CentralNervousSystem",
    "off": 56875,
    "sff": "Central nervous"
  },
  {
    "docID": "N111 Colello, Chow et al. 2016",
    "et": "CentralNervousSystem",
    "off": 56326,
    "sff": "central nervous"
  },
  {
    "docID": "N111 Colello, Chow et al. 2016",
    "et": "CentralNervousSystem",
    "off": 64699,
    "sff": "Nervous System"
  },
  {
    "docID": "N111 Colello, Chow et al. 2016",
    "et": "CentralNervousSystem",
    "off": 59297,
    "sff": "nervous system"
  },
  {
    "docID": "N111 Colello, Chow et al. 2016",
    "et": "CentralNervousSystem",
    "off": 59297,
    "sff": "nervous"
  },
  {
    "docID": "N111 Colello, Chow et al. 2016",
    "et": "CentralNervousSystem",
    "off": 65566,
    "sff": "central nervous system"
  },
  {
    "docID": "N111 Colello, Chow et al. 2016",
    "et": "CentralNervousSystem",
    "off": 58128,
    "sff": "central nervous system"
  },
  {
    "docID": "N111 Colello, Chow et al. 2016",
    "et": "VertebralArea",
    "off": 2901,
    "sff": "vertebral"
  },
  {
    "docID": "N111 Colello, Chow et al. 2016",
    "et": "CorticospinalTract",
    "off": 61039,
    "sff": "corticospinal tract"
  },
  {
    "docID": "N111 Colello, Chow et al. 2016",
    "et": "CorticospinalTract",
    "off": 65928,
    "sff": "corticospinal tract"
  },
  {
    "docID": "N111 Colello, Chow et al. 2016",
    "et": "SpinalCentralPart",
    "off": 56326,
    "sff": "central"
  },
  {
    "docID": "N111 Colello, Chow et al. 2016",
    "et": "SpinalCentralPart",
    "off": 58128,
    "sff": "central"
  },
  {
    "docID": "N111 Colello, Chow et al. 2016",
    "et": "SpinalCentralPart",
    "off": 65566,
    "sff": "central"
  },
  {
    "docID": "N111 Colello, Chow et al. 2016",
    "et": "SpinalCentralPart",
    "off": 56875,
    "sff": "Central"
  },
  {
    "docID": "N111 Colello, Chow et al. 2016",
    "et": "VertebralSegment",
    "off": 2901,
    "sff": "vertebral"
  },
  {
    "docID": "N111 Colello, Chow et al. 2016",
    "et": "SpinalLesionSite",
    "off": 862,
    "sff": "lesion site"
  },
  {
    "docID": "N111 Colello, Chow et al. 2016",
    "et": "SpinalLesionSite",
    "off": 49486,
    "sff": "lesion"
  },
  {
    "docID": "N111 Colello, Chow et al. 2016",
    "et": "SpinalLesionSite",
    "off": 59422,
    "sff": "lesion"
  },
  {
    "docID": "N111 Colello, Chow et al. 2016",
    "et": "SpinalLesionSite",
    "off": 6476,
    "sff": "lesion"
  },
  {
    "docID": "N111 Colello, Chow et al. 2016",
    "et": "SpinalLesionSite",
    "off": 59877,
    "sff": "lesion site"
  }
]
