[
  {
    "docID": "N112 Huang, W.-C.a  b  d  e, Kuo et al. 2006",
    "et": "Epidural",
    "off": 5483,
    "sff": "epidural"
  },
  {
    "docID": "N112 Huang, W.-C.a  b  d  e, Kuo et al. 2006",
    "et": "Epidural",
    "off": 6267,
    "sff": "epidural"
  },
  {
    "docID": "N112 Huang, W.-C.a  b  d  e, Kuo et al. 2006",
    "et": "Epidural",
    "off": 7260,
    "sff": "epidural"
  },
  {
    "docID": "N112 Huang, W.-C.a  b  d  e, Kuo et al. 2006",
    "et": "T8",
    "off": 13242,
    "sff": "T8"
  },
  {
    "docID": "N112 Huang, W.-C.a  b  d  e, Kuo et al. 2006",
    "et": "T8",
    "off": 14810,
    "sff": "T8"
  },
  {
    "docID": "N112 Huang, W.-C.a  b  d  e, Kuo et al. 2006",
    "et": "T8",
    "off": 11571,
    "sff": "T8"
  },
  {
    "docID": "N112 Huang, W.-C.a  b  d  e, Kuo et al. 2006",
    "et": "T8",
    "off": 11537,
    "sff": "T8"
  },
  {
    "docID": "N112 Huang, W.-C.a  b  d  e, Kuo et al. 2006",
    "et": "T8",
    "off": 15249,
    "sff": "T8"
  },
  {
    "docID": "N112 Huang, W.-C.a  b  d  e, Kuo et al. 2006",
    "et": "T8",
    "off": 7216,
    "sff": "T8"
  },
  {
    "docID": "N112 Huang, W.-C.a  b  d  e, Kuo et al. 2006",
    "et": "T8",
    "off": 10102,
    "sff": "T8"
  },
  {
    "docID": "N112 Huang, W.-C.a  b  d  e, Kuo et al. 2006",
    "et": "T8",
    "off": 12085,
    "sff": "T8"
  },
  {
    "docID": "N112 Huang, W.-C.a  b  d  e, Kuo et al. 2006",
    "et": "T8",
    "off": 5812,
    "sff": "T8"
  },
  {
    "docID": "N112 Huang, W.-C.a  b  d  e, Kuo et al. 2006",
    "et": "T8",
    "off": 11604,
    "sff": "T8"
  },
  {
    "docID": "N112 Huang, W.-C.a  b  d  e, Kuo et al. 2006",
    "et": "T8",
    "off": 7179,
    "sff": "T8"
  },
  {
    "docID": "N112 Huang, W.-C.a  b  d  e, Kuo et al. 2006",
    "et": "T8",
    "off": 6121,
    "sff": "T8"
  },
  {
    "docID": "N112 Huang, W.-C.a  b  d  e, Kuo et al. 2006",
    "et": "T8",
    "off": 5583,
    "sff": "T8"
  },
  {
    "docID": "N112 Huang, W.-C.a  b  d  e, Kuo et al. 2006",
    "et": "T8",
    "off": 11554,
    "sff": "T8"
  },
  {
    "docID": "N112 Huang, W.-C.a  b  d  e, Kuo et al. 2006",
    "et": "T8",
    "off": 11586,
    "sff": "T8"
  },
  {
    "docID": "N112 Huang, W.-C.a  b  d  e, Kuo et al. 2006",
    "et": "T8",
    "off": 14048,
    "sff": "T8"
  },
  {
    "docID": "N112 Huang, W.-C.a  b  d  e, Kuo et al. 2006",
    "et": "T8",
    "off": 14663,
    "sff": "T8"
  },
  {
    "docID": "N112 Huang, W.-C.a  b  d  e, Kuo et al. 2006",
    "et": "T8",
    "off": 15463,
    "sff": "T8"
  },
  {
    "docID": "N112 Huang, W.-C.a  b  d  e, Kuo et al. 2006",
    "et": "T8",
    "off": 5894,
    "sff": "T8"
  },
  {
    "docID": "N112 Huang, W.-C.a  b  d  e, Kuo et al. 2006",
    "et": "T8",
    "off": 5125,
    "sff": "T8"
  },
  {
    "docID": "N112 Huang, W.-C.a  b  d  e, Kuo et al. 2006",
    "et": "T9",
    "off": 5586,
    "sff": "T9"
  },
  {
    "docID": "N112 Huang, W.-C.a  b  d  e, Kuo et al. 2006",
    "et": "T10",
    "off": 8206,
    "sff": "T10"
  },
  {
    "docID": "N112 Huang, W.-C.a  b  d  e, Kuo et al. 2006",
    "et": "InhalationDelivery",
    "off": 8135,
    "sff": "inhalation"
  },
  {
    "docID": "N112 Huang, W.-C.a  b  d  e, Kuo et al. 2006",
    "et": "InhalationDelivery",
    "off": 5243,
    "sff": "inhalation"
  },
  {
    "docID": "N112 Huang, W.-C.a  b  d  e, Kuo et al. 2006",
    "et": "InhalationDelivery",
    "off": 7018,
    "sff": "inhalation"
  },
  {
    "docID": "N112 Huang, W.-C.a  b  d  e, Kuo et al. 2006",
    "et": "Brain",
    "off": 2502,
    "sff": "brain"
  },
  {
    "docID": "N112 Huang, W.-C.a  b  d  e, Kuo et al. 2006",
    "et": "Brain",
    "off": 8264,
    "sff": "brain"
  },
  {
    "docID": "N112 Huang, W.-C.a  b  d  e, Kuo et al. 2006",
    "et": "Brain",
    "off": 8606,
    "sff": "brain"
  },
  {
    "docID": "N112 Huang, W.-C.a  b  d  e, Kuo et al. 2006",
    "et": "Brain",
    "off": 8766,
    "sff": "brain"
  },
  {
    "docID": "N112 Huang, W.-C.a  b  d  e, Kuo et al. 2006",
    "et": "SpinalWhiteMatter",
    "off": 21288,
    "sff": "white"
  },
  {
    "docID": "N112 Huang, W.-C.a  b  d  e, Kuo et al. 2006",
    "et": "Intrathecal",
    "off": 7269,
    "sff": "intrathecal"
  },
  {
    "docID": "N112 Huang, W.-C.a  b  d  e, Kuo et al. 2006",
    "et": "Intrathecal",
    "off": 6276,
    "sff": "intrathecal"
  },
  {
    "docID": "N112 Huang, W.-C.a  b  d  e, Kuo et al. 2006",
    "et": "SpinalDorsalHalf",
    "off": 20599,
    "sff": "dorsal"
  },
  {
    "docID": "N112 Huang, W.-C.a  b  d  e, Kuo et al. 2006",
    "et": "SpinalCord",
    "off": 16901,
    "sff": "cord"
  },
  {
    "docID": "N112 Huang, W.-C.a  b  d  e, Kuo et al. 2006",
    "et": "SpinalCord",
    "off": 6025,
    "sff": "cord"
  },
  {
    "docID": "N112 Huang, W.-C.a  b  d  e, Kuo et al. 2006",
    "et": "SpinalCord",
    "off": 2890,
    "sff": "cord"
  },
  {
    "docID": "N112 Huang, W.-C.a  b  d  e, Kuo et al. 2006",
    "et": "SpinalCord",
    "off": 8586,
    "sff": "cord"
  },
  {
    "docID": "N112 Huang, W.-C.a  b  d  e, Kuo et al. 2006",
    "et": "SpinalCord",
    "off": 12811,
    "sff": "cord"
  },
  {
    "docID": "N112 Huang, W.-C.a  b  d  e, Kuo et al. 2006",
    "et": "SpinalCord",
    "off": 6910,
    "sff": "cord"
  },
  {
    "docID": "N112 Huang, W.-C.a  b  d  e, Kuo et al. 2006",
    "et": "SpinalCord",
    "off": 7189,
    "sff": "cord"
  },
  {
    "docID": "N112 Huang, W.-C.a  b  d  e, Kuo et al. 2006",
    "et": "SpinalCord",
    "off": 2518,
    "sff": "cord"
  },
  {
    "docID": "N112 Huang, W.-C.a  b  d  e, Kuo et al. 2006",
    "et": "SpinalCord",
    "off": 5144,
    "sff": "cord"
  },
  {
    "docID": "N112 Huang, W.-C.a  b  d  e, Kuo et al. 2006",
    "et": "SpinalCord",
    "off": 10008,
    "sff": "cord"
  },
  {
    "docID": "N112 Huang, W.-C.a  b  d  e, Kuo et al. 2006",
    "et": "SpinalCord",
    "off": 11160,
    "sff": "cord"
  },
  {
    "docID": "N112 Huang, W.-C.a  b  d  e, Kuo et al. 2006",
    "et": "SpinalCord",
    "off": 1562,
    "sff": "cord"
  },
  {
    "docID": "N112 Huang, W.-C.a  b  d  e, Kuo et al. 2006",
    "et": "SpinalCord",
    "off": 12186,
    "sff": "cord"
  },
  {
    "docID": "N112 Huang, W.-C.a  b  d  e, Kuo et al. 2006",
    "et": "SpinalCord",
    "off": 13212,
    "sff": "cord"
  },
  {
    "docID": "N112 Huang, W.-C.a  b  d  e, Kuo et al. 2006",
    "et": "SpinalCord",
    "off": 4685,
    "sff": "cord"
  },
  {
    "docID": "N112 Huang, W.-C.a  b  d  e, Kuo et al. 2006",
    "et": "SpinalCord",
    "off": 8720,
    "sff": "cord"
  },
  {
    "docID": "N112 Huang, W.-C.a  b  d  e, Kuo et al. 2006",
    "et": "SpinalCord",
    "off": 21906,
    "sff": "cord"
  },
  {
    "docID": "N112 Huang, W.-C.a  b  d  e, Kuo et al. 2006",
    "et": "SpinalCord",
    "off": 12648,
    "sff": "cord"
  },
  {
    "docID": "N112 Huang, W.-C.a  b  d  e, Kuo et al. 2006",
    "et": "SpinalCord",
    "off": 11945,
    "sff": "cord"
  },
  {
    "docID": "N112 Huang, W.-C.a  b  d  e, Kuo et al. 2006",
    "et": "SpinalCord",
    "off": 6250,
    "sff": "cord"
  },
  {
    "docID": "N112 Huang, W.-C.a  b  d  e, Kuo et al. 2006",
    "et": "SpinalCord",
    "off": 11306,
    "sff": "cord"
  },
  {
    "docID": "N112 Huang, W.-C.a  b  d  e, Kuo et al. 2006",
    "et": "SpinalCord",
    "off": 6124,
    "sff": "cord"
  },
  {
    "docID": "N112 Huang, W.-C.a  b  d  e, Kuo et al. 2006",
    "et": "SpinalCord",
    "off": 19743,
    "sff": "cord"
  },
  {
    "docID": "N112 Huang, W.-C.a  b  d  e, Kuo et al. 2006",
    "et": "SpinalCord",
    "off": 1120,
    "sff": "cord"
  },
  {
    "docID": "N112 Huang, W.-C.a  b  d  e, Kuo et al. 2006",
    "et": "SpinalCord",
    "off": 4258,
    "sff": "cord"
  },
  {
    "docID": "N112 Huang, W.-C.a  b  d  e, Kuo et al. 2006",
    "et": "SpinalCord",
    "off": 20130,
    "sff": "cord"
  },
  {
    "docID": "N112 Huang, W.-C.a  b  d  e, Kuo et al. 2006",
    "et": "SpinalCord",
    "off": 10083,
    "sff": "cord"
  },
  {
    "docID": "N112 Huang, W.-C.a  b  d  e, Kuo et al. 2006",
    "et": "SpinalCord",
    "off": 5860,
    "sff": "cord"
  },
  {
    "docID": "N112 Huang, W.-C.a  b  d  e, Kuo et al. 2006",
    "et": "SpinalCord",
    "off": 4151,
    "sff": "cord"
  },
  {
    "docID": "N112 Huang, W.-C.a  b  d  e, Kuo et al. 2006",
    "et": "SpinalCord",
    "off": 184,
    "sff": "cord"
  },
  {
    "docID": "N112 Huang, W.-C.a  b  d  e, Kuo et al. 2006",
    "et": "SpinalCord",
    "off": 9976,
    "sff": "cord"
  },
  {
    "docID": "N112 Huang, W.-C.a  b  d  e, Kuo et al. 2006",
    "et": "SpinalCord",
    "off": 7226,
    "sff": "cord"
  },
  {
    "docID": "N112 Huang, W.-C.a  b  d  e, Kuo et al. 2006",
    "et": "SpinalCord",
    "off": 4412,
    "sff": "cord"
  },
  {
    "docID": "N112 Huang, W.-C.a  b  d  e, Kuo et al. 2006",
    "et": "SpinalCord",
    "off": 14780,
    "sff": "cord"
  },
  {
    "docID": "N112 Huang, W.-C.a  b  d  e, Kuo et al. 2006",
    "et": "SpinalCord",
    "off": 8174,
    "sff": "cord"
  },
  {
    "docID": "N112 Huang, W.-C.a  b  d  e, Kuo et al. 2006",
    "et": "SpinalCord",
    "off": 6768,
    "sff": "cord"
  },
  {
    "docID": "N112 Huang, W.-C.a  b  d  e, Kuo et al. 2006",
    "et": "SpinalCord",
    "off": 22961,
    "sff": "cord"
  },
  {
    "docID": "N112 Huang, W.-C.a  b  d  e, Kuo et al. 2006",
    "et": "SpinalCord",
    "off": 5939,
    "sff": "cord"
  },
  {
    "docID": "N112 Huang, W.-C.a  b  d  e, Kuo et al. 2006",
    "et": "DorsalColumn",
    "off": 20599,
    "sff": "dorsal"
  },
  {
    "docID": "N112 Huang, W.-C.a  b  d  e, Kuo et al. 2006",
    "et": "TailVeinLocation",
    "off": 7932,
    "sff": "tail"
  },
  {
    "docID": "N112 Huang, W.-C.a  b  d  e, Kuo et al. 2006",
    "et": "LesionAdjacentTissue",
    "off": 3787,
    "sff": "lesion"
  },
  {
    "docID": "N112 Huang, W.-C.a  b  d  e, Kuo et al. 2006",
    "et": "LesionAdjacentTissue",
    "off": 9742,
    "sff": "lesion"
  },
  {
    "docID": "N112 Huang, W.-C.a  b  d  e, Kuo et al. 2006",
    "et": "LesionAdjacentTissue",
    "off": 16685,
    "sff": "lesion"
  },
  {
    "docID": "N112 Huang, W.-C.a  b  d  e, Kuo et al. 2006",
    "et": "LesionAdjacentTissue",
    "off": 4740,
    "sff": "lesion"
  },
  {
    "docID": "N112 Huang, W.-C.a  b  d  e, Kuo et al. 2006",
    "et": "LesionAdjacentTissue",
    "off": 1381,
    "sff": "lesion"
  },
  {
    "docID": "N112 Huang, W.-C.a  b  d  e, Kuo et al. 2006",
    "et": "InfusionDelivery",
    "off": 16821,
    "sff": "infusion"
  },
  {
    "docID": "N112 Huang, W.-C.a  b  d  e, Kuo et al. 2006",
    "et": "InfusionDelivery",
    "off": 13908,
    "sff": "infusion"
  },
  {
    "docID": "N112 Huang, W.-C.a  b  d  e, Kuo et al. 2006",
    "et": "InfusionDelivery",
    "off": 7350,
    "sff": "infusion"
  },
  {
    "docID": "N112 Huang, W.-C.a  b  d  e, Kuo et al. 2006",
    "et": "InfusionDelivery",
    "off": 5088,
    "sff": "infusion"
  },
  {
    "docID": "N112 Huang, W.-C.a  b  d  e, Kuo et al. 2006",
    "et": "InfusionDelivery",
    "off": 6789,
    "sff": "infusion"
  },
  {
    "docID": "N112 Huang, W.-C.a  b  d  e, Kuo et al. 2006",
    "et": "InfusionDelivery",
    "off": 6148,
    "sff": "infusion"
  },
  {
    "docID": "N112 Huang, W.-C.a  b  d  e, Kuo et al. 2006",
    "et": "InfusionDelivery",
    "off": 5670,
    "sff": "infusion"
  },
  {
    "docID": "N112 Huang, W.-C.a  b  d  e, Kuo et al. 2006",
    "et": "InfusionDelivery",
    "off": 7110,
    "sff": "infusion"
  },
  {
    "docID": "N112 Huang, W.-C.a  b  d  e, Kuo et al. 2006",
    "et": "InfusionDelivery",
    "off": 10984,
    "sff": "infusion"
  },
  {
    "docID": "N112 Huang, W.-C.a  b  d  e, Kuo et al. 2006",
    "et": "InfusionDelivery",
    "off": 10475,
    "sff": "infusion"
  },
  {
    "docID": "N112 Huang, W.-C.a  b  d  e, Kuo et al. 2006",
    "et": "InfusionDelivery",
    "off": 10859,
    "sff": "infusion"
  },
  {
    "docID": "N112 Huang, W.-C.a  b  d  e, Kuo et al. 2006",
    "et": "InfusionDelivery",
    "off": 10891,
    "sff": "infusion"
  },
  {
    "docID": "N112 Huang, W.-C.a  b  d  e, Kuo et al. 2006",
    "et": "InfusionDelivery",
    "off": 13387,
    "sff": "infusion"
  },
  {
    "docID": "N112 Huang, W.-C.a  b  d  e, Kuo et al. 2006",
    "et": "InfusionDelivery",
    "off": 7407,
    "sff": "infusion"
  },
  {
    "docID": "N112 Huang, W.-C.a  b  d  e, Kuo et al. 2006",
    "et": "InfusionDelivery",
    "off": 11758,
    "sff": "infusion"
  },
  {
    "docID": "N112 Huang, W.-C.a  b  d  e, Kuo et al. 2006",
    "et": "InfusionDelivery",
    "off": 15315,
    "sff": "infusion"
  },
  {
    "docID": "N112 Huang, W.-C.a  b  d  e, Kuo et al. 2006",
    "et": "CentralNervousSystem",
    "off": 21645,
    "sff": "central nervous system"
  },
  {
    "docID": "N112 Huang, W.-C.a  b  d  e, Kuo et al. 2006",
    "et": "CentralNervousSystem",
    "off": 16752,
    "sff": "central"
  },
  {
    "docID": "N112 Huang, W.-C.a  b  d  e, Kuo et al. 2006",
    "et": "CentralNervousSystem",
    "off": 19287,
    "sff": "central nervous"
  },
  {
    "docID": "N112 Huang, W.-C.a  b  d  e, Kuo et al. 2006",
    "et": "CentralNervousSystem",
    "off": 19287,
    "sff": "central nervous system"
  },
  {
    "docID": "N112 Huang, W.-C.a  b  d  e, Kuo et al. 2006",
    "et": "CentralNervousSystem",
    "off": 2740,
    "sff": "central nervous"
  },
  {
    "docID": "N112 Huang, W.-C.a  b  d  e, Kuo et al. 2006",
    "et": "CentralNervousSystem",
    "off": 2740,
    "sff": "central nervous system"
  },
  {
    "docID": "N112 Huang, W.-C.a  b  d  e, Kuo et al. 2006",
    "et": "CentralNervousSystem",
    "off": 21165,
    "sff": "nervous system"
  },
  {
    "docID": "N112 Huang, W.-C.a  b  d  e, Kuo et al. 2006",
    "et": "CentralNervousSystem",
    "off": 21165,
    "sff": "nervous"
  },
  {
    "docID": "N112 Huang, W.-C.a  b  d  e, Kuo et al. 2006",
    "et": "CentralNervousSystem",
    "off": 21645,
    "sff": "central nervous"
  },
  {
    "docID": "N112 Huang, W.-C.a  b  d  e, Kuo et al. 2006",
    "et": "C1",
    "off": 5525,
    "sff": "C1"
  },
  {
    "docID": "N112 Huang, W.-C.a  b  d  e, Kuo et al. 2006",
    "et": "C1",
    "off": 5468,
    "sff": "C1"
  },
  {
    "docID": "N112 Huang, W.-C.a  b  d  e, Kuo et al. 2006",
    "et": "SpinalCentralPart",
    "off": 19287,
    "sff": "central"
  },
  {
    "docID": "N112 Huang, W.-C.a  b  d  e, Kuo et al. 2006",
    "et": "SpinalCentralPart",
    "off": 21645,
    "sff": "central"
  },
  {
    "docID": "N112 Huang, W.-C.a  b  d  e, Kuo et al. 2006",
    "et": "SpinalCentralPart",
    "off": 16752,
    "sff": "central"
  },
  {
    "docID": "N112 Huang, W.-C.a  b  d  e, Kuo et al. 2006",
    "et": "SpinalCentralPart",
    "off": 2740,
    "sff": "central"
  },
  {
    "docID": "N112 Huang, W.-C.a  b  d  e, Kuo et al. 2006",
    "et": "SpinalLesionSite",
    "off": 4740,
    "sff": "lesion site"
  },
  {
    "docID": "N112 Huang, W.-C.a  b  d  e, Kuo et al. 2006",
    "et": "SpinalLesionSite",
    "off": 1381,
    "sff": "lesion site"
  },
  {
    "docID": "N112 Huang, W.-C.a  b  d  e, Kuo et al. 2006",
    "et": "SpinalLesionSite",
    "off": 3787,
    "sff": "lesion"
  },
  {
    "docID": "N112 Huang, W.-C.a  b  d  e, Kuo et al. 2006",
    "et": "SpinalLesionSite",
    "off": 16685,
    "sff": "lesion site"
  },
  {
    "docID": "N112 Huang, W.-C.a  b  d  e, Kuo et al. 2006",
    "et": "SpinalLesionSite",
    "off": 9742,
    "sff": "lesion site"
  }
]
