[
  {
    "docID": "N124 Yuan, Jin et al. 2016",
    "et": "SubcutaneousLocation",
    "off": 10584,
    "sff": "subcutaneous"
  },
  {
    "docID": "N124 Yuan, Jin et al. 2016",
    "et": "Thoracic",
    "off": 39591,
    "sff": "thoracic"
  },
  {
    "docID": "N124 Yuan, Jin et al. 2016",
    "et": "Brain",
    "off": 45393,
    "sff": "brain"
  },
  {
    "docID": "N124 Yuan, Jin et al. 2016",
    "et": "Brain",
    "off": 46693,
    "sff": "Brain"
  },
  {
    "docID": "N124 Yuan, Jin et al. 2016",
    "et": "Intraspinal",
    "off": 38363,
    "sff": "intraspinal"
  },
  {
    "docID": "N124 Yuan, Jin et al. 2016",
    "et": "SpinalWhiteMatter",
    "off": 35400,
    "sff": "White"
  },
  {
    "docID": "N124 Yuan, Jin et al. 2016",
    "et": "SpinalWhiteMatter",
    "off": 25065,
    "sff": "white"
  },
  {
    "docID": "N124 Yuan, Jin et al. 2016",
    "et": "SpinalWhiteMatter",
    "off": 25560,
    "sff": "white"
  },
  {
    "docID": "N124 Yuan, Jin et al. 2016",
    "et": "SpinalWhiteMatter",
    "off": 11540,
    "sff": "white matter"
  },
  {
    "docID": "N124 Yuan, Jin et al. 2016",
    "et": "SpinalWhiteMatter",
    "off": 35447,
    "sff": "white"
  },
  {
    "docID": "N124 Yuan, Jin et al. 2016",
    "et": "SpinalWhiteMatter",
    "off": 26175,
    "sff": "white"
  },
  {
    "docID": "N124 Yuan, Jin et al. 2016",
    "et": "SpinalWhiteMatter",
    "off": 25264,
    "sff": "white matter"
  },
  {
    "docID": "N124 Yuan, Jin et al. 2016",
    "et": "Intrathecal",
    "off": 46586,
    "sff": "Intrathecal"
  },
  {
    "docID": "N124 Yuan, Jin et al. 2016",
    "et": "DeliveryMethod",
    "off": 46603,
    "sff": "delivery"
  },
  {
    "docID": "N124 Yuan, Jin et al. 2016",
    "et": "DeliveryMethod",
    "off": 46659,
    "sff": "delivery"
  },
  {
    "docID": "N124 Yuan, Jin et al. 2016",
    "et": "SpinalDorsalHalf",
    "off": 22688,
    "sff": "dorsal"
  },
  {
    "docID": "N124 Yuan, Jin et al. 2016",
    "et": "SpinalDorsalHalf",
    "off": 4239,
    "sff": "dorsal"
  },
  {
    "docID": "N124 Yuan, Jin et al. 2016",
    "et": "SpinalDorsalHalf",
    "off": 35518,
    "sff": "dorsal"
  },
  {
    "docID": "N124 Yuan, Jin et al. 2016",
    "et": "SpinalDorsalHalf",
    "off": 1293,
    "sff": "dorsal"
  },
  {
    "docID": "N124 Yuan, Jin et al. 2016",
    "et": "SpinalDorsalHalf",
    "off": 9341,
    "sff": "dorsal"
  },
  {
    "docID": "N124 Yuan, Jin et al. 2016",
    "et": "SpinalDorsalHalf",
    "off": 11036,
    "sff": "dorsal"
  },
  {
    "docID": "N124 Yuan, Jin et al. 2016",
    "et": "SpinalDorsalHalf",
    "off": 9417,
    "sff": "dorsal"
  },
  {
    "docID": "N124 Yuan, Jin et al. 2016",
    "et": "SpinalDorsalHalf",
    "off": 11554,
    "sff": "dorsal"
  },
  {
    "docID": "N124 Yuan, Jin et al. 2016",
    "et": "SpinalDorsalHalf",
    "off": 27522,
    "sff": "dorsal"
  },
  {
    "docID": "N124 Yuan, Jin et al. 2016",
    "et": "SpinalCord",
    "off": 39019,
    "sff": "cord"
  },
  {
    "docID": "N124 Yuan, Jin et al. 2016",
    "et": "SpinalCord",
    "off": 24935,
    "sff": "cord"
  },
  {
    "docID": "N124 Yuan, Jin et al. 2016",
    "et": "SpinalCord",
    "off": 26855,
    "sff": "cord"
  },
  {
    "docID": "N124 Yuan, Jin et al. 2016",
    "et": "SpinalCord",
    "off": 41448,
    "sff": "cord"
  },
  {
    "docID": "N124 Yuan, Jin et al. 2016",
    "et": "SpinalCord",
    "off": 41321,
    "sff": "cord"
  },
  {
    "docID": "N124 Yuan, Jin et al. 2016",
    "et": "SpinalCord",
    "off": 4263,
    "sff": "Cord"
  },
  {
    "docID": "N124 Yuan, Jin et al. 2016",
    "et": "SpinalCord",
    "off": 45942,
    "sff": "cord"
  },
  {
    "docID": "N124 Yuan, Jin et al. 2016",
    "et": "SpinalCord",
    "off": 38493,
    "sff": "cord"
  },
  {
    "docID": "N124 Yuan, Jin et al. 2016",
    "et": "SpinalCord",
    "off": 47710,
    "sff": "cord"
  },
  {
    "docID": "N124 Yuan, Jin et al. 2016",
    "et": "SpinalCord",
    "off": 46682,
    "sff": "cord"
  },
  {
    "docID": "N124 Yuan, Jin et al. 2016",
    "et": "SpinalCord",
    "off": 1250,
    "sff": "cord"
  },
  {
    "docID": "N124 Yuan, Jin et al. 2016",
    "et": "SpinalCord",
    "off": 45156,
    "sff": "cord"
  },
  {
    "docID": "N124 Yuan, Jin et al. 2016",
    "et": "SpinalCord",
    "off": 41190,
    "sff": "cord"
  },
  {
    "docID": "N124 Yuan, Jin et al. 2016",
    "et": "SpinalCord",
    "off": 483,
    "sff": "cord"
  },
  {
    "docID": "N124 Yuan, Jin et al. 2016",
    "et": "SpinalCord",
    "off": 5768,
    "sff": "cord"
  },
  {
    "docID": "N124 Yuan, Jin et al. 2016",
    "et": "SpinalCord",
    "off": 12424,
    "sff": "cord"
  },
  {
    "docID": "N124 Yuan, Jin et al. 2016",
    "et": "SpinalCord",
    "off": 44685,
    "sff": "cord"
  },
  {
    "docID": "N124 Yuan, Jin et al. 2016",
    "et": "SpinalCord",
    "off": 13835,
    "sff": "cord"
  },
  {
    "docID": "N124 Yuan, Jin et al. 2016",
    "et": "SpinalCord",
    "off": 42122,
    "sff": "cord"
  },
  {
    "docID": "N124 Yuan, Jin et al. 2016",
    "et": "SpinalCord",
    "off": 26005,
    "sff": "cord"
  },
  {
    "docID": "N124 Yuan, Jin et al. 2016",
    "et": "SpinalCord",
    "off": 30485,
    "sff": "cord"
  },
  {
    "docID": "N124 Yuan, Jin et al. 2016",
    "et": "SpinalCord",
    "off": 11535,
    "sff": "cord"
  },
  {
    "docID": "N124 Yuan, Jin et al. 2016",
    "et": "SpinalCord",
    "off": 42518,
    "sff": "cord"
  },
  {
    "docID": "N124 Yuan, Jin et al. 2016",
    "et": "SpinalCord",
    "off": 40463,
    "sff": "cord"
  },
  {
    "docID": "N124 Yuan, Jin et al. 2016",
    "et": "SpinalCord",
    "off": 40823,
    "sff": "cord"
  },
  {
    "docID": "N124 Yuan, Jin et al. 2016",
    "et": "SpinalCord",
    "off": 44407,
    "sff": "cord"
  },
  {
    "docID": "N124 Yuan, Jin et al. 2016",
    "et": "SpinalCord",
    "off": 43135,
    "sff": "cord"
  },
  {
    "docID": "N124 Yuan, Jin et al. 2016",
    "et": "SpinalCord",
    "off": 39810,
    "sff": "cord"
  },
  {
    "docID": "N124 Yuan, Jin et al. 2016",
    "et": "SpinalCord",
    "off": 11050,
    "sff": "cord"
  },
  {
    "docID": "N124 Yuan, Jin et al. 2016",
    "et": "SpinalCord",
    "off": 45741,
    "sff": "cord"
  },
  {
    "docID": "N124 Yuan, Jin et al. 2016",
    "et": "SpinalCord",
    "off": 40238,
    "sff": "cord"
  },
  {
    "docID": "N124 Yuan, Jin et al. 2016",
    "et": "SpinalCord",
    "off": 1713,
    "sff": "cord"
  },
  {
    "docID": "N124 Yuan, Jin et al. 2016",
    "et": "SpinalCord",
    "off": 35382,
    "sff": "cord"
  },
  {
    "docID": "N124 Yuan, Jin et al. 2016",
    "et": "SpinalCord",
    "off": 10521,
    "sff": "cord"
  },
  {
    "docID": "N124 Yuan, Jin et al. 2016",
    "et": "SpinalCord",
    "off": 40989,
    "sff": "cord"
  },
  {
    "docID": "N124 Yuan, Jin et al. 2016",
    "et": "SpinalCord",
    "off": 36004,
    "sff": "cord"
  },
  {
    "docID": "N124 Yuan, Jin et al. 2016",
    "et": "SpinalCord",
    "off": 24865,
    "sff": "cord"
  },
  {
    "docID": "N124 Yuan, Jin et al. 2016",
    "et": "SpinalCord",
    "off": 9123,
    "sff": "cord"
  },
  {
    "docID": "N124 Yuan, Jin et al. 2016",
    "et": "SpinalCord",
    "off": 200,
    "sff": "cord"
  },
  {
    "docID": "N124 Yuan, Jin et al. 2016",
    "et": "SpinalCord",
    "off": 31175,
    "sff": "cord"
  },
  {
    "docID": "N124 Yuan, Jin et al. 2016",
    "et": "SpinalCord",
    "off": 34888,
    "sff": "cord"
  },
  {
    "docID": "N124 Yuan, Jin et al. 2016",
    "et": "SpinalCord",
    "off": 39369,
    "sff": "cord"
  },
  {
    "docID": "N124 Yuan, Jin et al. 2016",
    "et": "SpinalCord",
    "off": 35285,
    "sff": "cord"
  },
  {
    "docID": "N124 Yuan, Jin et al. 2016",
    "et": "SpinalCord",
    "off": 34774,
    "sff": "cord"
  },
  {
    "docID": "N124 Yuan, Jin et al. 2016",
    "et": "SpinalCord",
    "off": 4054,
    "sff": "cord"
  },
  {
    "docID": "N124 Yuan, Jin et al. 2016",
    "et": "SpinalCord",
    "off": 1335,
    "sff": "cord"
  },
  {
    "docID": "N124 Yuan, Jin et al. 2016",
    "et": "SpinalCord",
    "off": 30135,
    "sff": "cord"
  },
  {
    "docID": "N124 Yuan, Jin et al. 2016",
    "et": "SpinalCord",
    "off": 39607,
    "sff": "cord"
  },
  {
    "docID": "N124 Yuan, Jin et al. 2016",
    "et": "SpinalCord",
    "off": 25784,
    "sff": "cord"
  },
  {
    "docID": "N124 Yuan, Jin et al. 2016",
    "et": "SpinalCord",
    "off": 42297,
    "sff": "cord"
  },
  {
    "docID": "N124 Yuan, Jin et al. 2016",
    "et": "SpinalCord",
    "off": 35014,
    "sff": "cord"
  },
  {
    "docID": "N124 Yuan, Jin et al. 2016",
    "et": "SpinalCord",
    "off": 22591,
    "sff": "cord"
  },
  {
    "docID": "N124 Yuan, Jin et al. 2016",
    "et": "SpinalCord",
    "off": 32193,
    "sff": "cord"
  },
  {
    "docID": "N124 Yuan, Jin et al. 2016",
    "et": "DorsalColumn",
    "off": 4239,
    "sff": "dorsal column"
  },
  {
    "docID": "N124 Yuan, Jin et al. 2016",
    "et": "DorsalColumn",
    "off": 11036,
    "sff": "dorsal"
  },
  {
    "docID": "N124 Yuan, Jin et al. 2016",
    "et": "DorsalColumn",
    "off": 9341,
    "sff": "dorsal"
  },
  {
    "docID": "N124 Yuan, Jin et al. 2016",
    "et": "DorsalColumn",
    "off": 1293,
    "sff": "dorsal column"
  },
  {
    "docID": "N124 Yuan, Jin et al. 2016",
    "et": "DorsalColumn",
    "off": 35518,
    "sff": "dorsal"
  },
  {
    "docID": "N124 Yuan, Jin et al. 2016",
    "et": "DorsalColumn",
    "off": 9417,
    "sff": "dorsal"
  },
  {
    "docID": "N124 Yuan, Jin et al. 2016",
    "et": "DorsalColumn",
    "off": 11554,
    "sff": "dorsal column"
  },
  {
    "docID": "N124 Yuan, Jin et al. 2016",
    "et": "DorsalColumn",
    "off": 27522,
    "sff": "dorsal"
  },
  {
    "docID": "N124 Yuan, Jin et al. 2016",
    "et": "DorsalColumn",
    "off": 22688,
    "sff": "dorsal column"
  },
  {
    "docID": "N124 Yuan, Jin et al. 2016",
    "et": "LesionAdjacentTissue",
    "off": 31966,
    "sff": "lesion"
  },
  {
    "docID": "N124 Yuan, Jin et al. 2016",
    "et": "LesionAdjacentTissue",
    "off": 9967,
    "sff": "lesion"
  },
  {
    "docID": "N124 Yuan, Jin et al. 2016",
    "et": "LesionAdjacentTissue",
    "off": 27776,
    "sff": "lesion"
  },
  {
    "docID": "N124 Yuan, Jin et al. 2016",
    "et": "LesionAdjacentTissue",
    "off": 31052,
    "sff": "lesion"
  },
  {
    "docID": "N124 Yuan, Jin et al. 2016",
    "et": "LesionAdjacentTissue",
    "off": 41515,
    "sff": "lesion"
  },
  {
    "docID": "N124 Yuan, Jin et al. 2016",
    "et": "LesionAdjacentTissue",
    "off": 9793,
    "sff": "lesion"
  },
  {
    "docID": "N124 Yuan, Jin et al. 2016",
    "et": "LesionAdjacentTissue",
    "off": 13908,
    "sff": "lesion"
  },
  {
    "docID": "N124 Yuan, Jin et al. 2016",
    "et": "LesionAdjacentTissue",
    "off": 34979,
    "sff": "lesion"
  },
  {
    "docID": "N124 Yuan, Jin et al. 2016",
    "et": "CentralNervousSystem",
    "off": 1918,
    "sff": "central nervous system"
  },
  {
    "docID": "N124 Yuan, Jin et al. 2016",
    "et": "CentralNervousSystem",
    "off": 45526,
    "sff": "central nervous"
  },
  {
    "docID": "N124 Yuan, Jin et al. 2016",
    "et": "CentralNervousSystem",
    "off": 1678,
    "sff": "central"
  },
  {
    "docID": "N124 Yuan, Jin et al. 2016",
    "et": "CentralNervousSystem",
    "off": 31780,
    "sff": "nervous"
  },
  {
    "docID": "N124 Yuan, Jin et al. 2016",
    "et": "CentralNervousSystem",
    "off": 42709,
    "sff": "central"
  },
  {
    "docID": "N124 Yuan, Jin et al. 2016",
    "et": "CentralNervousSystem",
    "off": 1918,
    "sff": "central nervous"
  },
  {
    "docID": "N124 Yuan, Jin et al. 2016",
    "et": "CentralNervousSystem",
    "off": 45526,
    "sff": "central nervous system"
  },
  {
    "docID": "N124 Yuan, Jin et al. 2016",
    "et": "SubstanceApplicationLocation",
    "off": 16594,
    "sff": "application"
  },
  {
    "docID": "N124 Yuan, Jin et al. 2016",
    "et": "SubstanceApplicationLocation",
    "off": 34480,
    "sff": "application"
  },
  {
    "docID": "N124 Yuan, Jin et al. 2016",
    "et": "SubstanceApplicationLocation",
    "off": 19838,
    "sff": "application"
  },
  {
    "docID": "N124 Yuan, Jin et al. 2016",
    "et": "SubstanceApplicationLocation",
    "off": 36860,
    "sff": "application"
  },
  {
    "docID": "N124 Yuan, Jin et al. 2016",
    "et": "SubstanceApplicationLocation",
    "off": 22137,
    "sff": "application"
  },
  {
    "docID": "N124 Yuan, Jin et al. 2016",
    "et": "SubstanceApplicationLocation",
    "off": 10842,
    "sff": "application"
  },
  {
    "docID": "N124 Yuan, Jin et al. 2016",
    "et": "SubstanceApplicationLocation",
    "off": 17668,
    "sff": "application"
  },
  {
    "docID": "N124 Yuan, Jin et al. 2016",
    "et": "SubstanceApplicationLocation",
    "off": 34209,
    "sff": "application"
  },
  {
    "docID": "N124 Yuan, Jin et al. 2016",
    "et": "SubstanceApplicationLocation",
    "off": 36589,
    "sff": "application"
  },
  {
    "docID": "N124 Yuan, Jin et al. 2016",
    "et": "SubstanceApplicationLocation",
    "off": 21898,
    "sff": "application"
  },
  {
    "docID": "N124 Yuan, Jin et al. 2016",
    "et": "SubstanceApplicationLocation",
    "off": 21095,
    "sff": "application"
  },
  {
    "docID": "N124 Yuan, Jin et al. 2016",
    "et": "SubstanceApplicationLocation",
    "off": 22343,
    "sff": "application"
  },
  {
    "docID": "N124 Yuan, Jin et al. 2016",
    "et": "SubstanceApplicationLocation",
    "off": 10729,
    "sff": "Application"
  },
  {
    "docID": "N124 Yuan, Jin et al. 2016",
    "et": "C3",
    "off": 9486,
    "sff": "C3"
  },
  {
    "docID": "N124 Yuan, Jin et al. 2016",
    "et": "C4",
    "off": 25865,
    "sff": "C4"
  },
  {
    "docID": "N124 Yuan, Jin et al. 2016",
    "et": "C4",
    "off": 9199,
    "sff": "C4"
  },
  {
    "docID": "N124 Yuan, Jin et al. 2016",
    "et": "C4",
    "off": 9489,
    "sff": "C4"
  },
  {
    "docID": "N124 Yuan, Jin et al. 2016",
    "et": "C4",
    "off": 25037,
    "sff": "C4"
  },
  {
    "docID": "N124 Yuan, Jin et al. 2016",
    "et": "SpinalCentralPart",
    "off": 1678,
    "sff": "central"
  },
  {
    "docID": "N124 Yuan, Jin et al. 2016",
    "et": "SpinalCentralPart",
    "off": 1918,
    "sff": "central"
  },
  {
    "docID": "N124 Yuan, Jin et al. 2016",
    "et": "SpinalCentralPart",
    "off": 42709,
    "sff": "central"
  },
  {
    "docID": "N124 Yuan, Jin et al. 2016",
    "et": "SpinalCentralPart",
    "off": 45526,
    "sff": "central"
  },
  {
    "docID": "N124 Yuan, Jin et al. 2016",
    "et": "InjectionDelivery",
    "off": 30998,
    "sff": "injection"
  },
  {
    "docID": "N124 Yuan, Jin et al. 2016",
    "et": "InjectionDelivery",
    "off": 11672,
    "sff": "injection"
  },
  {
    "docID": "N124 Yuan, Jin et al. 2016",
    "et": "InjectionDelivery",
    "off": 28252,
    "sff": "injection"
  },
  {
    "docID": "N124 Yuan, Jin et al. 2016",
    "et": "InjectionDelivery",
    "off": 11802,
    "sff": "injection"
  },
  {
    "docID": "N124 Yuan, Jin et al. 2016",
    "et": "InjectionDelivery",
    "off": 26586,
    "sff": "injection"
  },
  {
    "docID": "N124 Yuan, Jin et al. 2016",
    "et": "InjectionDelivery",
    "off": 35773,
    "sff": "injection"
  },
  {
    "docID": "N124 Yuan, Jin et al. 2016",
    "et": "InjectionDelivery",
    "off": 9838,
    "sff": "injection"
  },
  {
    "docID": "N124 Yuan, Jin et al. 2016",
    "et": "InjectionDelivery",
    "off": 36014,
    "sff": "injection"
  },
  {
    "docID": "N124 Yuan, Jin et al. 2016",
    "et": "InjectionDelivery",
    "off": 30223,
    "sff": "injection"
  },
  {
    "docID": "N124 Yuan, Jin et al. 2016",
    "et": "InjectionDelivery",
    "off": 35637,
    "sff": "injection"
  },
  {
    "docID": "N124 Yuan, Jin et al. 2016",
    "et": "InjectionDelivery",
    "off": 31250,
    "sff": "injection"
  },
  {
    "docID": "N124 Yuan, Jin et al. 2016",
    "et": "InjectionDelivery",
    "off": 35475,
    "sff": "injection"
  },
  {
    "docID": "N124 Yuan, Jin et al. 2016",
    "et": "InjectionDelivery",
    "off": 27078,
    "sff": "injection"
  },
  {
    "docID": "N124 Yuan, Jin et al. 2016",
    "et": "InjectionDelivery",
    "off": 26888,
    "sff": "injection"
  },
  {
    "docID": "N124 Yuan, Jin et al. 2016",
    "et": "InjectionDelivery",
    "off": 23051,
    "sff": "injection"
  },
  {
    "docID": "N124 Yuan, Jin et al. 2016",
    "et": "InjectionDelivery",
    "off": 26219,
    "sff": "injection"
  },
  {
    "docID": "N124 Yuan, Jin et al. 2016",
    "et": "InjectionDelivery",
    "off": 25792,
    "sff": "injection"
  },
  {
    "docID": "N124 Yuan, Jin et al. 2016",
    "et": "InjectionDelivery",
    "off": 30047,
    "sff": "injection"
  },
  {
    "docID": "N124 Yuan, Jin et al. 2016",
    "et": "InjectionDelivery",
    "off": 23234,
    "sff": "injection"
  },
  {
    "docID": "N124 Yuan, Jin et al. 2016",
    "et": "InjectionDelivery",
    "off": 10597,
    "sff": "injection"
  },
  {
    "docID": "N124 Yuan, Jin et al. 2016",
    "et": "InjectionDelivery",
    "off": 26757,
    "sff": "injection"
  },
  {
    "docID": "N124 Yuan, Jin et al. 2016",
    "et": "InjectionDelivery",
    "off": 31906,
    "sff": "injection"
  },
  {
    "docID": "N124 Yuan, Jin et al. 2016",
    "et": "InjectionDelivery",
    "off": 30371,
    "sff": "injection"
  },
  {
    "docID": "N124 Yuan, Jin et al. 2016",
    "et": "SpinalLesionSite",
    "off": 31052,
    "sff": "lesion"
  },
  {
    "docID": "N124 Yuan, Jin et al. 2016",
    "et": "SpinalLesionSite",
    "off": 41515,
    "sff": "lesion"
  },
  {
    "docID": "N124 Yuan, Jin et al. 2016",
    "et": "SpinalLesionSite",
    "off": 27776,
    "sff": "lesion"
  },
  {
    "docID": "N124 Yuan, Jin et al. 2016",
    "et": "SpinalLesionSite",
    "off": 9793,
    "sff": "lesion"
  },
  {
    "docID": "N124 Yuan, Jin et al. 2016",
    "et": "SpinalLesionSite",
    "off": 9967,
    "sff": "lesion site"
  },
  {
    "docID": "N124 Yuan, Jin et al. 2016",
    "et": "SpinalLesionSite",
    "off": 31966,
    "sff": "lesion"
  },
  {
    "docID": "N124 Yuan, Jin et al. 2016",
    "et": "SpinalLesionSite",
    "off": 13908,
    "sff": "lesion"
  },
  {
    "docID": "N124 Yuan, Jin et al. 2016",
    "et": "SpinalLesionSite",
    "off": 34979,
    "sff": "lesion"
  }
]
