[
  {
    "docID": "N130 Barbour 2013",
    "et": "AnatomicalLocation",
    "off": 2573,
    "sff": "anatomical"
  },
  {
    "docID": "N130 Barbour 2013",
    "et": "AnatomicalLocation",
    "off": 50493,
    "sff": "anatomical"
  },
  {
    "docID": "N130 Barbour 2013",
    "et": "AnatomicalLocation",
    "off": 63246,
    "sff": "anatomical"
  },
  {
    "docID": "N130 Barbour 2013",
    "et": "AnatomicalLocation",
    "off": 63358,
    "sff": "anatomical"
  },
  {
    "docID": "N130 Barbour 2013",
    "et": "AnatomicalLocation",
    "off": 4251,
    "sff": "anatomical"
  },
  {
    "docID": "N130 Barbour 2013",
    "et": "AnatomicalLocation",
    "off": 5506,
    "sff": "anatomical"
  },
  {
    "docID": "N130 Barbour 2013",
    "et": "T8",
    "off": 10485,
    "sff": "T8"
  },
  {
    "docID": "N130 Barbour 2013",
    "et": "T11",
    "off": 10492,
    "sff": "T11"
  },
  {
    "docID": "N130 Barbour 2013",
    "et": "T10",
    "off": 560,
    "sff": "T10"
  },
  {
    "docID": "N130 Barbour 2013",
    "et": "T10",
    "off": 10153,
    "sff": "T10"
  },
  {
    "docID": "N130 Barbour 2013",
    "et": "T12",
    "off": 13611,
    "sff": "T12"
  },
  {
    "docID": "N130 Barbour 2013",
    "et": "Thoracic",
    "off": 28948,
    "sff": "thoracic"
  },
  {
    "docID": "N130 Barbour 2013",
    "et": "Thoracic",
    "off": 68499,
    "sff": "thoracic"
  },
  {
    "docID": "N130 Barbour 2013",
    "et": "VertebralLocation",
    "off": 10129,
    "sff": "vertebral"
  },
  {
    "docID": "N130 Barbour 2013",
    "et": "Brain",
    "off": 75609,
    "sff": "Brain"
  },
  {
    "docID": "N130 Barbour 2013",
    "et": "Brain",
    "off": 20413,
    "sff": "brain"
  },
  {
    "docID": "N130 Barbour 2013",
    "et": "Brain",
    "off": 71350,
    "sff": "Brain"
  },
  {
    "docID": "N130 Barbour 2013",
    "et": "Brain",
    "off": 82390,
    "sff": "Brain"
  },
  {
    "docID": "N130 Barbour 2013",
    "et": "Brain",
    "off": 21694,
    "sff": "brain"
  },
  {
    "docID": "N130 Barbour 2013",
    "et": "Brain",
    "off": 28860,
    "sff": "brain"
  },
  {
    "docID": "N130 Barbour 2013",
    "et": "Brain",
    "off": 67665,
    "sff": "Brain"
  },
  {
    "docID": "N130 Barbour 2013",
    "et": "Brain",
    "off": 43432,
    "sff": "brain"
  },
  {
    "docID": "N130 Barbour 2013",
    "et": "Brain",
    "off": 63916,
    "sff": "Brain"
  },
  {
    "docID": "N130 Barbour 2013",
    "et": "Brain",
    "off": 14706,
    "sff": "brain"
  },
  {
    "docID": "N130 Barbour 2013",
    "et": "Brain",
    "off": 66665,
    "sff": "Brain"
  },
  {
    "docID": "N130 Barbour 2013",
    "et": "Brain",
    "off": 75849,
    "sff": "Brain"
  },
  {
    "docID": "N130 Barbour 2013",
    "et": "Brain",
    "off": 14925,
    "sff": "brain"
  },
  {
    "docID": "N130 Barbour 2013",
    "et": "Brain",
    "off": 43659,
    "sff": "brain"
  },
  {
    "docID": "N130 Barbour 2013",
    "et": "Brain",
    "off": 83934,
    "sff": "Brain"
  },
  {
    "docID": "N130 Barbour 2013",
    "et": "Brain",
    "off": 15254,
    "sff": "brain"
  },
  {
    "docID": "N130 Barbour 2013",
    "et": "Brain",
    "off": 85885,
    "sff": "Brain"
  },
  {
    "docID": "N130 Barbour 2013",
    "et": "Brain",
    "off": 75835,
    "sff": "Brain"
  },
  {
    "docID": "N130 Barbour 2013",
    "et": "AscendingFiberTract",
    "off": 59017,
    "sff": "fiber"
  },
  {
    "docID": "N130 Barbour 2013",
    "et": "AscendingFiberTract",
    "off": 77665,
    "sff": "fiber"
  },
  {
    "docID": "N130 Barbour 2013",
    "et": "IntraperitonealLocation",
    "off": 14368,
    "sff": "intraperitoneal"
  },
  {
    "docID": "N130 Barbour 2013",
    "et": "SpinalWhiteMatter",
    "off": 33672,
    "sff": "white"
  },
  {
    "docID": "N130 Barbour 2013",
    "et": "SpinalWhiteMatter",
    "off": 41351,
    "sff": "white matter"
  },
  {
    "docID": "N130 Barbour 2013",
    "et": "SpinalWhiteMatter",
    "off": 82262,
    "sff": "white matter"
  },
  {
    "docID": "N130 Barbour 2013",
    "et": "SpinalWhiteMatter",
    "off": 38964,
    "sff": "white matter"
  },
  {
    "docID": "N130 Barbour 2013",
    "et": "SpinalWhiteMatter",
    "off": 27669,
    "sff": "white matter"
  },
  {
    "docID": "N130 Barbour 2013",
    "et": "SpinalWhiteMatter",
    "off": 48096,
    "sff": "white matter"
  },
  {
    "docID": "N130 Barbour 2013",
    "et": "SpinalWhiteMatter",
    "off": 76432,
    "sff": "white matter"
  },
  {
    "docID": "N130 Barbour 2013",
    "et": "SpinalWhiteMatter",
    "off": 31267,
    "sff": "white"
  },
  {
    "docID": "N130 Barbour 2013",
    "et": "SpinalWhiteMatter",
    "off": 41467,
    "sff": "white matter"
  },
  {
    "docID": "N130 Barbour 2013",
    "et": "IntramuscularLocation",
    "off": 10909,
    "sff": "intramuscular"
  },
  {
    "docID": "N130 Barbour 2013",
    "et": "SpinalFiberTract",
    "off": 59017,
    "sff": "fiber"
  },
  {
    "docID": "N130 Barbour 2013",
    "et": "SpinalFiberTract",
    "off": 77665,
    "sff": "fiber"
  },
  {
    "docID": "N130 Barbour 2013",
    "et": "Intrathecal",
    "off": 79858,
    "sff": "Intrathecal"
  },
  {
    "docID": "N130 Barbour 2013",
    "et": "DeliveryMethod",
    "off": 59735,
    "sff": "delivery"
  },
  {
    "docID": "N130 Barbour 2013",
    "et": "DeliveryMethod",
    "off": 87351,
    "sff": "delivery"
  },
  {
    "docID": "N130 Barbour 2013",
    "et": "SpinalDorsalHalf",
    "off": 48089,
    "sff": "dorsal"
  },
  {
    "docID": "N130 Barbour 2013",
    "et": "SpinalDorsalHalf",
    "off": 41460,
    "sff": "Dorsal"
  },
  {
    "docID": "N130 Barbour 2013",
    "et": "SpinalDorsalHalf",
    "off": 54663,
    "sff": "dorsal"
  },
  {
    "docID": "N130 Barbour 2013",
    "et": "SpinalDorsalHalf",
    "off": 54406,
    "sff": "dorsal"
  },
  {
    "docID": "N130 Barbour 2013",
    "et": "SpinalDorsalHalf",
    "off": 74768,
    "sff": "dorsal"
  },
  {
    "docID": "N130 Barbour 2013",
    "et": "SpinalDorsalHalf",
    "off": 42739,
    "sff": "dorsal"
  },
  {
    "docID": "N130 Barbour 2013",
    "et": "SpinalDorsalHalf",
    "off": 10465,
    "sff": "dorsal"
  },
  {
    "docID": "N130 Barbour 2013",
    "et": "SpinalDorsalHalf",
    "off": 76949,
    "sff": "dorsal"
  },
  {
    "docID": "N130 Barbour 2013",
    "et": "SpinalDorsalHalf",
    "off": 4765,
    "sff": "dorsal"
  },
  {
    "docID": "N130 Barbour 2013",
    "et": "SpinalDorsalHalf",
    "off": 21165,
    "sff": "dorsal"
  },
  {
    "docID": "N130 Barbour 2013",
    "et": "SpinalDorsalHalf",
    "off": 65864,
    "sff": "dorsal"
  },
  {
    "docID": "N130 Barbour 2013",
    "et": "SpinalVentralHalf",
    "off": 41408,
    "sff": "ventral"
  },
  {
    "docID": "N130 Barbour 2013",
    "et": "SpinalVentralHalf",
    "off": 27661,
    "sff": "ventral"
  },
  {
    "docID": "N130 Barbour 2013",
    "et": "SpinalCord",
    "off": 5699,
    "sff": "cord"
  },
  {
    "docID": "N130 Barbour 2013",
    "et": "SpinalCord",
    "off": 14917,
    "sff": "cord"
  },
  {
    "docID": "N130 Barbour 2013",
    "et": "SpinalCord",
    "off": 71563,
    "sff": "Cord"
  },
  {
    "docID": "N130 Barbour 2013",
    "et": "SpinalCord",
    "off": 78919,
    "sff": "cord"
  },
  {
    "docID": "N130 Barbour 2013",
    "et": "SpinalCord",
    "off": 80710,
    "sff": "cord"
  },
  {
    "docID": "N130 Barbour 2013",
    "et": "SpinalCord",
    "off": 580,
    "sff": "cord"
  },
  {
    "docID": "N130 Barbour 2013",
    "et": "SpinalCord",
    "off": 67898,
    "sff": "cord"
  },
  {
    "docID": "N130 Barbour 2013",
    "et": "SpinalCord",
    "off": 1596,
    "sff": "cord"
  },
  {
    "docID": "N130 Barbour 2013",
    "et": "SpinalCord",
    "off": 2866,
    "sff": "cord"
  },
  {
    "docID": "N130 Barbour 2013",
    "et": "SpinalCord",
    "off": 80439,
    "sff": "cord"
  },
  {
    "docID": "N130 Barbour 2013",
    "et": "SpinalCord",
    "off": 16944,
    "sff": "cord"
  },
  {
    "docID": "N130 Barbour 2013",
    "et": "SpinalCord",
    "off": 35889,
    "sff": "cord"
  },
  {
    "docID": "N130 Barbour 2013",
    "et": "SpinalCord",
    "off": 72241,
    "sff": "cord"
  },
  {
    "docID": "N130 Barbour 2013",
    "et": "SpinalCord",
    "off": 65183,
    "sff": "Cord"
  },
  {
    "docID": "N130 Barbour 2013",
    "et": "SpinalCord",
    "off": 68914,
    "sff": "cord"
  },
  {
    "docID": "N130 Barbour 2013",
    "et": "SpinalCord",
    "off": 44846,
    "sff": "cord"
  },
  {
    "docID": "N130 Barbour 2013",
    "et": "SpinalCord",
    "off": 22057,
    "sff": "cord"
  },
  {
    "docID": "N130 Barbour 2013",
    "et": "SpinalCord",
    "off": 76584,
    "sff": "cord"
  },
  {
    "docID": "N130 Barbour 2013",
    "et": "SpinalCord",
    "off": 23594,
    "sff": "cord"
  },
  {
    "docID": "N130 Barbour 2013",
    "et": "SpinalCord",
    "off": 36710,
    "sff": "cord"
  },
  {
    "docID": "N130 Barbour 2013",
    "et": "SpinalCord",
    "off": 68705,
    "sff": "cord"
  },
  {
    "docID": "N130 Barbour 2013",
    "et": "SpinalCord",
    "off": 29027,
    "sff": "cord"
  },
  {
    "docID": "N130 Barbour 2013",
    "et": "SpinalCord",
    "off": 2904,
    "sff": "cord"
  },
  {
    "docID": "N130 Barbour 2013",
    "et": "SpinalCord",
    "off": 5208,
    "sff": "cord"
  },
  {
    "docID": "N130 Barbour 2013",
    "et": "SpinalCord",
    "off": 54106,
    "sff": "cord"
  },
  {
    "docID": "N130 Barbour 2013",
    "et": "SpinalCord",
    "off": 16469,
    "sff": "cord"
  },
  {
    "docID": "N130 Barbour 2013",
    "et": "SpinalCord",
    "off": 24150,
    "sff": "cord"
  },
  {
    "docID": "N130 Barbour 2013",
    "et": "SpinalCord",
    "off": 78673,
    "sff": "cord"
  },
  {
    "docID": "N130 Barbour 2013",
    "et": "SpinalCord",
    "off": 63826,
    "sff": "cord"
  },
  {
    "docID": "N130 Barbour 2013",
    "et": "SpinalCord",
    "off": 75596,
    "sff": "cord"
  },
  {
    "docID": "N130 Barbour 2013",
    "et": "SpinalCord",
    "off": 2632,
    "sff": "cord"
  },
  {
    "docID": "N130 Barbour 2013",
    "et": "SpinalCord",
    "off": 74314,
    "sff": "cord"
  },
  {
    "docID": "N130 Barbour 2013",
    "et": "SpinalCord",
    "off": 80970,
    "sff": "cord"
  },
  {
    "docID": "N130 Barbour 2013",
    "et": "SpinalCord",
    "off": 25991,
    "sff": "cord"
  },
  {
    "docID": "N130 Barbour 2013",
    "et": "SpinalCord",
    "off": 76930,
    "sff": "cord"
  },
  {
    "docID": "N130 Barbour 2013",
    "et": "SpinalCord",
    "off": 1919,
    "sff": "cord"
  },
  {
    "docID": "N130 Barbour 2013",
    "et": "SpinalCord",
    "off": 72056,
    "sff": "cord"
  },
  {
    "docID": "N130 Barbour 2013",
    "et": "SpinalCord",
    "off": 35961,
    "sff": "cord"
  },
  {
    "docID": "N130 Barbour 2013",
    "et": "SpinalCord",
    "off": 42105,
    "sff": "cord"
  },
  {
    "docID": "N130 Barbour 2013",
    "et": "SpinalCord",
    "off": 77173,
    "sff": "cord"
  },
  {
    "docID": "N130 Barbour 2013",
    "et": "SpinalCord",
    "off": 87157,
    "sff": "cord"
  },
  {
    "docID": "N130 Barbour 2013",
    "et": "SpinalCord",
    "off": 67190,
    "sff": "cord"
  },
  {
    "docID": "N130 Barbour 2013",
    "et": "SpinalCord",
    "off": 40301,
    "sff": "cord"
  },
  {
    "docID": "N130 Barbour 2013",
    "et": "SpinalCord",
    "off": 14697,
    "sff": "cord"
  },
  {
    "docID": "N130 Barbour 2013",
    "et": "SpinalCord",
    "off": 31849,
    "sff": "cord"
  },
  {
    "docID": "N130 Barbour 2013",
    "et": "SpinalCord",
    "off": 63081,
    "sff": "cord"
  },
  {
    "docID": "N130 Barbour 2013",
    "et": "SpinalCord",
    "off": 74603,
    "sff": "cord"
  },
  {
    "docID": "N130 Barbour 2013",
    "et": "SpinalCord",
    "off": 60523,
    "sff": "cord"
  },
  {
    "docID": "N130 Barbour 2013",
    "et": "SpinalCord",
    "off": 49828,
    "sff": "cord"
  },
  {
    "docID": "N130 Barbour 2013",
    "et": "SpinalCord",
    "off": 23717,
    "sff": "cord"
  },
  {
    "docID": "N130 Barbour 2013",
    "et": "SpinalCord",
    "off": 82852,
    "sff": "cord"
  },
  {
    "docID": "N130 Barbour 2013",
    "et": "SpinalCord",
    "off": 27296,
    "sff": "cord"
  },
  {
    "docID": "N130 Barbour 2013",
    "et": "SpinalCord",
    "off": 31905,
    "sff": "cord"
  },
  {
    "docID": "N130 Barbour 2013",
    "et": "SpinalCord",
    "off": 68257,
    "sff": "cord"
  },
  {
    "docID": "N130 Barbour 2013",
    "et": "SpinalCord",
    "off": 17827,
    "sff": "cord"
  },
  {
    "docID": "N130 Barbour 2013",
    "et": "SpinalCord",
    "off": 68515,
    "sff": "cord"
  },
  {
    "docID": "N130 Barbour 2013",
    "et": "SpinalCord",
    "off": 26526,
    "sff": "cord"
  },
  {
    "docID": "N130 Barbour 2013",
    "et": "SpinalCord",
    "off": 79512,
    "sff": "cord"
  },
  {
    "docID": "N130 Barbour 2013",
    "et": "SpinalCord",
    "off": 53397,
    "sff": "cord"
  },
  {
    "docID": "N130 Barbour 2013",
    "et": "SpinalCord",
    "off": 53909,
    "sff": "cord"
  },
  {
    "docID": "N130 Barbour 2013",
    "et": "SpinalCord",
    "off": 87447,
    "sff": "cord"
  },
  {
    "docID": "N130 Barbour 2013",
    "et": "SpinalCord",
    "off": 71831,
    "sff": "cord"
  },
  {
    "docID": "N130 Barbour 2013",
    "et": "SpinalCord",
    "off": 21393,
    "sff": "cord"
  },
  {
    "docID": "N130 Barbour 2013",
    "et": "SpinalCord",
    "off": 62353,
    "sff": "cord"
  },
  {
    "docID": "N130 Barbour 2013",
    "et": "SpinalCord",
    "off": 4756,
    "sff": "cord"
  },
  {
    "docID": "N130 Barbour 2013",
    "et": "SpinalCord",
    "off": 24716,
    "sff": "cord"
  },
  {
    "docID": "N130 Barbour 2013",
    "et": "SpinalCord",
    "off": 80013,
    "sff": "cord"
  },
  {
    "docID": "N130 Barbour 2013",
    "et": "SpinalCord",
    "off": 15240,
    "sff": "cord"
  },
  {
    "docID": "N130 Barbour 2013",
    "et": "SpinalCord",
    "off": 141,
    "sff": "cord"
  },
  {
    "docID": "N130 Barbour 2013",
    "et": "SpinalCord",
    "off": 397,
    "sff": "cord"
  },
  {
    "docID": "N130 Barbour 2013",
    "et": "SpinalCord",
    "off": 21444,
    "sff": "cord"
  },
  {
    "docID": "N130 Barbour 2013",
    "et": "SpinalCord",
    "off": 3778,
    "sff": "cord"
  },
  {
    "docID": "N130 Barbour 2013",
    "et": "SpinalCord",
    "off": 15552,
    "sff": "cord"
  },
  {
    "docID": "N130 Barbour 2013",
    "et": "SpinalCord",
    "off": 23490,
    "sff": "cord"
  },
  {
    "docID": "N130 Barbour 2013",
    "et": "SpinalCord",
    "off": 5560,
    "sff": "cord"
  },
  {
    "docID": "N130 Barbour 2013",
    "et": "SpinalCord",
    "off": 45247,
    "sff": "cord"
  },
  {
    "docID": "N130 Barbour 2013",
    "et": "SpinalCord",
    "off": 47551,
    "sff": "cord"
  },
  {
    "docID": "N130 Barbour 2013",
    "et": "SpinalCord",
    "off": 42681,
    "sff": "cord"
  },
  {
    "docID": "N130 Barbour 2013",
    "et": "SpinalCord",
    "off": 75192,
    "sff": "cord"
  },
  {
    "docID": "N130 Barbour 2013",
    "et": "SpinalCord",
    "off": 81851,
    "sff": "cord"
  },
  {
    "docID": "N130 Barbour 2013",
    "et": "SpinalCord",
    "off": 79284,
    "sff": "cord"
  },
  {
    "docID": "N130 Barbour 2013",
    "et": "SpinalCord",
    "off": 60598,
    "sff": "cord"
  },
  {
    "docID": "N130 Barbour 2013",
    "et": "SpinalCord",
    "off": 13740,
    "sff": "cord"
  },
  {
    "docID": "N130 Barbour 2013",
    "et": "SpinalCord",
    "off": 86959,
    "sff": "cord"
  },
  {
    "docID": "N130 Barbour 2013",
    "et": "SpinalCord",
    "off": 23983,
    "sff": "cord"
  },
  {
    "docID": "N130 Barbour 2013",
    "et": "SpinalCord",
    "off": 70319,
    "sff": "cord"
  },
  {
    "docID": "N130 Barbour 2013",
    "et": "SpinalCord",
    "off": 73440,
    "sff": "cord"
  },
  {
    "docID": "N130 Barbour 2013",
    "et": "SpinalCord",
    "off": 24546,
    "sff": "cord"
  },
  {
    "docID": "N130 Barbour 2013",
    "et": "SpinalCord",
    "off": 42723,
    "sff": "cord"
  },
  {
    "docID": "N130 Barbour 2013",
    "et": "SpinalCord",
    "off": 69603,
    "sff": "cord"
  },
  {
    "docID": "N130 Barbour 2013",
    "et": "SpinalCord",
    "off": 67036,
    "sff": "cord"
  },
  {
    "docID": "N130 Barbour 2013",
    "et": "SpinalCord",
    "off": 86236,
    "sff": "cord"
  },
  {
    "docID": "N130 Barbour 2013",
    "et": "SpinalCord",
    "off": 70110,
    "sff": "cord"
  },
  {
    "docID": "N130 Barbour 2013",
    "et": "SpinalCord",
    "off": 81368,
    "sff": "cord"
  },
  {
    "docID": "N130 Barbour 2013",
    "et": "SpinalCord",
    "off": 22747,
    "sff": "cord"
  },
  {
    "docID": "N130 Barbour 2013",
    "et": "SpinalCord",
    "off": 33237,
    "sff": "cord"
  },
  {
    "docID": "N130 Barbour 2013",
    "et": "SpinalCord",
    "off": 81108,
    "sff": "cord"
  },
  {
    "docID": "N130 Barbour 2013",
    "et": "SpinalCord",
    "off": 52438,
    "sff": "cord"
  },
  {
    "docID": "N130 Barbour 2013",
    "et": "SpinalCord",
    "off": 9937,
    "sff": "cord"
  },
  {
    "docID": "N130 Barbour 2013",
    "et": "SpinalCord",
    "off": 65997,
    "sff": "cord"
  },
  {
    "docID": "N130 Barbour 2013",
    "et": "SpinalCord",
    "off": 69326,
    "sff": "cord"
  },
  {
    "docID": "N130 Barbour 2013",
    "et": "SpinalCord",
    "off": 73988,
    "sff": "cord"
  },
  {
    "docID": "N130 Barbour 2013",
    "et": "SpinalCord",
    "off": 77569,
    "sff": "cord"
  },
  {
    "docID": "N130 Barbour 2013",
    "et": "SpinalCord",
    "off": 17660,
    "sff": "cord"
  },
  {
    "docID": "N130 Barbour 2013",
    "et": "SpinalCord",
    "off": 32760,
    "sff": "cord"
  },
  {
    "docID": "N130 Barbour 2013",
    "et": "SpinalCord",
    "off": 34808,
    "sff": "cord"
  },
  {
    "docID": "N130 Barbour 2013",
    "et": "SpinalCord",
    "off": 79609,
    "sff": "cord"
  },
  {
    "docID": "N130 Barbour 2013",
    "et": "SpinalCord",
    "off": 17910,
    "sff": "cord"
  },
  {
    "docID": "N130 Barbour 2013",
    "et": "SpinalCord",
    "off": 81649,
    "sff": "cord"
  },
  {
    "docID": "N130 Barbour 2013",
    "et": "SpinalCord",
    "off": 49905,
    "sff": "cord"
  },
  {
    "docID": "N130 Barbour 2013",
    "et": "SpinalCord",
    "off": 23795,
    "sff": "cord"
  },
  {
    "docID": "N130 Barbour 2013",
    "et": "SpinalCord",
    "off": 69868,
    "sff": "cord"
  },
  {
    "docID": "N130 Barbour 2013",
    "et": "SpinalCord",
    "off": 31727,
    "sff": "cord"
  },
  {
    "docID": "N130 Barbour 2013",
    "et": "SpinalCord",
    "off": 28139,
    "sff": "cord"
  },
  {
    "docID": "N130 Barbour 2013",
    "et": "SpinalCord",
    "off": 28964,
    "sff": "cord"
  },
  {
    "docID": "N130 Barbour 2013",
    "et": "SpinalCord",
    "off": 79141,
    "sff": "cord"
  },
  {
    "docID": "N130 Barbour 2013",
    "et": "SpinalCord",
    "off": 23330,
    "sff": "cord"
  },
  {
    "docID": "N130 Barbour 2013",
    "et": "SpinalCord",
    "off": 76825,
    "sff": "cord"
  },
  {
    "docID": "N130 Barbour 2013",
    "et": "SpinalCord",
    "off": 798,
    "sff": "cord"
  },
  {
    "docID": "N130 Barbour 2013",
    "et": "SpinalCord",
    "off": 11546,
    "sff": "cord"
  },
  {
    "docID": "N130 Barbour 2013",
    "et": "SpinalCord",
    "off": 35092,
    "sff": "cord"
  },
  {
    "docID": "N130 Barbour 2013",
    "et": "SpinalCord",
    "off": 69141,
    "sff": "cord"
  },
  {
    "docID": "N130 Barbour 2013",
    "et": "SpinalCord",
    "off": 88082,
    "sff": "cord"
  },
  {
    "docID": "N130 Barbour 2013",
    "et": "DorsalColumn",
    "off": 54406,
    "sff": "dorsal"
  },
  {
    "docID": "N130 Barbour 2013",
    "et": "DorsalColumn",
    "off": 76949,
    "sff": "dorsal"
  },
  {
    "docID": "N130 Barbour 2013",
    "et": "DorsalColumn",
    "off": 65864,
    "sff": "dorsal"
  },
  {
    "docID": "N130 Barbour 2013",
    "et": "DorsalColumn",
    "off": 54663,
    "sff": "dorsal"
  },
  {
    "docID": "N130 Barbour 2013",
    "et": "DorsalColumn",
    "off": 10465,
    "sff": "dorsal"
  },
  {
    "docID": "N130 Barbour 2013",
    "et": "DorsalColumn",
    "off": 42739,
    "sff": "dorsal"
  },
  {
    "docID": "N130 Barbour 2013",
    "et": "DorsalColumn",
    "off": 4765,
    "sff": "dorsal"
  },
  {
    "docID": "N130 Barbour 2013",
    "et": "DorsalColumn",
    "off": 74768,
    "sff": "dorsal"
  },
  {
    "docID": "N130 Barbour 2013",
    "et": "DorsalColumn",
    "off": 21165,
    "sff": "dorsal column"
  },
  {
    "docID": "N130 Barbour 2013",
    "et": "DorsalColumn",
    "off": 41460,
    "sff": "Dorsal"
  },
  {
    "docID": "N130 Barbour 2013",
    "et": "DorsalColumn",
    "off": 48089,
    "sff": "dorsal"
  },
  {
    "docID": "N130 Barbour 2013",
    "et": "LesionAdjacentTissue",
    "off": 26006,
    "sff": "lesion"
  },
  {
    "docID": "N130 Barbour 2013",
    "et": "LesionAdjacentTissue",
    "off": 3090,
    "sff": "lesion"
  },
  {
    "docID": "N130 Barbour 2013",
    "et": "LesionAdjacentTissue",
    "off": 37395,
    "sff": "lesion"
  },
  {
    "docID": "N130 Barbour 2013",
    "et": "LesionAdjacentTissue",
    "off": 30994,
    "sff": "lesion"
  },
  {
    "docID": "N130 Barbour 2013",
    "et": "LesionAdjacentTissue",
    "off": 41237,
    "sff": "lesion"
  },
  {
    "docID": "N130 Barbour 2013",
    "et": "LesionAdjacentTissue",
    "off": 7707,
    "sff": "lesion"
  },
  {
    "docID": "N130 Barbour 2013",
    "et": "LesionAdjacentTissue",
    "off": 36125,
    "sff": "lesion"
  },
  {
    "docID": "N130 Barbour 2013",
    "et": "LesionAdjacentTissue",
    "off": 50716,
    "sff": "lesion"
  },
  {
    "docID": "N130 Barbour 2013",
    "et": "LesionAdjacentTissue",
    "off": 54074,
    "sff": "adjacent"
  },
  {
    "docID": "N130 Barbour 2013",
    "et": "LesionAdjacentTissue",
    "off": 24840,
    "sff": "lesion"
  },
  {
    "docID": "N130 Barbour 2013",
    "et": "LesionAdjacentTissue",
    "off": 38914,
    "sff": "lesion"
  },
  {
    "docID": "N130 Barbour 2013",
    "et": "LesionAdjacentTissue",
    "off": 41605,
    "sff": "lesion"
  },
  {
    "docID": "N130 Barbour 2013",
    "et": "LesionAdjacentTissue",
    "off": 29828,
    "sff": "lesion"
  },
  {
    "docID": "N130 Barbour 2013",
    "et": "LesionAdjacentTissue",
    "off": 51215,
    "sff": "lesion"
  },
  {
    "docID": "N130 Barbour 2013",
    "et": "LesionAdjacentTissue",
    "off": 35217,
    "sff": "lesion"
  },
  {
    "docID": "N130 Barbour 2013",
    "et": "LesionAdjacentTissue",
    "off": 35857,
    "sff": "lesion"
  },
  {
    "docID": "N130 Barbour 2013",
    "et": "LesionAdjacentTissue",
    "off": 48657,
    "sff": "lesion"
  },
  {
    "docID": "N130 Barbour 2013",
    "et": "LesionAdjacentTissue",
    "off": 58123,
    "sff": "lesion"
  },
  {
    "docID": "N130 Barbour 2013",
    "et": "LesionAdjacentTissue",
    "off": 53561,
    "sff": "lesion"
  },
  {
    "docID": "N130 Barbour 2013",
    "et": "LesionAdjacentTissue",
    "off": 54457,
    "sff": "lesion"
  },
  {
    "docID": "N130 Barbour 2013",
    "et": "LesionAdjacentTissue",
    "off": 36408,
    "sff": "lesion"
  },
  {
    "docID": "N130 Barbour 2013",
    "et": "LesionAdjacentTissue",
    "off": 42165,
    "sff": "lesion"
  },
  {
    "docID": "N130 Barbour 2013",
    "et": "LesionAdjacentTissue",
    "off": 54196,
    "sff": "lesion"
  },
  {
    "docID": "N130 Barbour 2013",
    "et": "LesionAdjacentTissue",
    "off": 55999,
    "sff": "lesion"
  },
  {
    "docID": "N130 Barbour 2013",
    "et": "LesionAdjacentTissue",
    "off": 16958,
    "sff": "lesion"
  },
  {
    "docID": "N130 Barbour 2013",
    "et": "LesionAdjacentTissue",
    "off": 27195,
    "sff": "lesion"
  },
  {
    "docID": "N130 Barbour 2013",
    "et": "LesionAdjacentTissue",
    "off": 51773,
    "sff": "lesion"
  },
  {
    "docID": "N130 Barbour 2013",
    "et": "LesionAdjacentTissue",
    "off": 23335,
    "sff": "lesion"
  },
  {
    "docID": "N130 Barbour 2013",
    "et": "LesionAdjacentTissue",
    "off": 26663,
    "sff": "lesion"
  },
  {
    "docID": "N130 Barbour 2013",
    "et": "LesionAdjacentTissue",
    "off": 28969,
    "sff": "lesion"
  },
  {
    "docID": "N130 Barbour 2013",
    "et": "LesionAdjacentTissue",
    "off": 33705,
    "sff": "lesion"
  },
  {
    "docID": "N130 Barbour 2013",
    "et": "LesionAdjacentTissue",
    "off": 27432,
    "sff": "lesion"
  },
  {
    "docID": "N130 Barbour 2013",
    "et": "LesionAdjacentTissue",
    "off": 36771,
    "sff": "lesion"
  },
  {
    "docID": "N130 Barbour 2013",
    "et": "LesionAdjacentTissue",
    "off": 31397,
    "sff": "lesion"
  },
  {
    "docID": "N130 Barbour 2013",
    "et": "LesionAdjacentTissue",
    "off": 25018,
    "sff": "Lesion"
  },
  {
    "docID": "N130 Barbour 2013",
    "et": "LesionAdjacentTissue",
    "off": 23599,
    "sff": "lesion"
  },
  {
    "docID": "N130 Barbour 2013",
    "et": "LesionAdjacentTissue",
    "off": 29744,
    "sff": "lesion"
  },
  {
    "docID": "N130 Barbour 2013",
    "et": "LesionAdjacentTissue",
    "off": 23722,
    "sff": "lesion"
  },
  {
    "docID": "N130 Barbour 2013",
    "et": "LesionAdjacentTissue",
    "off": 61738,
    "sff": "lesion"
  },
  {
    "docID": "N130 Barbour 2013",
    "et": "LesionAdjacentTissue",
    "off": 21420,
    "sff": "lesion"
  },
  {
    "docID": "N130 Barbour 2013",
    "et": "LesionAdjacentTissue",
    "off": 74796,
    "sff": "lesion"
  },
  {
    "docID": "N130 Barbour 2013",
    "et": "LesionAdjacentTissue",
    "off": 18391,
    "sff": "lesion"
  },
  {
    "docID": "N130 Barbour 2013",
    "et": "LesionAdjacentTissue",
    "off": 11736,
    "sff": "lesion"
  },
  {
    "docID": "N130 Barbour 2013",
    "et": "LesionAdjacentTissue",
    "off": 81620,
    "sff": "lesion"
  },
  {
    "docID": "N130 Barbour 2013",
    "et": "LesionAdjacentTissue",
    "off": 41055,
    "sff": "lesion"
  },
  {
    "docID": "N130 Barbour 2013",
    "et": "LesionAdjacentTissue",
    "off": 54363,
    "sff": "lesion"
  },
  {
    "docID": "N130 Barbour 2013",
    "et": "LesionAdjacentTissue",
    "off": 28250,
    "sff": "lesion"
  },
  {
    "docID": "N130 Barbour 2013",
    "et": "LesionAdjacentTissue",
    "off": 24963,
    "sff": "Lesion"
  },
  {
    "docID": "N130 Barbour 2013",
    "et": "LesionAdjacentTissue",
    "off": 41308,
    "sff": "lesion"
  },
  {
    "docID": "N130 Barbour 2013",
    "et": "LesionAdjacentTissue",
    "off": 45276,
    "sff": "lesion"
  },
  {
    "docID": "N130 Barbour 2013",
    "et": "LesionAdjacentTissue",
    "off": 23495,
    "sff": "lesion"
  },
  {
    "docID": "N130 Barbour 2013",
    "et": "LesionAdjacentTissue",
    "off": 35399,
    "sff": "lesion"
  },
  {
    "docID": "N130 Barbour 2013",
    "et": "LesionAdjacentTissue",
    "off": 28489,
    "sff": "lesion"
  },
  {
    "docID": "N130 Barbour 2013",
    "et": "LesionAdjacentTissue",
    "off": 35273,
    "sff": "lesion"
  },
  {
    "docID": "N130 Barbour 2013",
    "et": "LesionAdjacentTissue",
    "off": 54985,
    "sff": "lesion"
  },
  {
    "docID": "N130 Barbour 2013",
    "et": "LesionAdjacentTissue",
    "off": 59075,
    "sff": "lesion"
  },
  {
    "docID": "N130 Barbour 2013",
    "et": "LesionAdjacentTissue",
    "off": 38991,
    "sff": "lesion"
  },
  {
    "docID": "N130 Barbour 2013",
    "et": "LesionAdjacentTissue",
    "off": 55247,
    "sff": "lesion"
  },
  {
    "docID": "N130 Barbour 2013",
    "et": "LesionAdjacentTissue",
    "off": 30926,
    "sff": "lesion"
  },
  {
    "docID": "N130 Barbour 2013",
    "et": "LesionAdjacentTissue",
    "off": 12240,
    "sff": "lesion"
  },
  {
    "docID": "N130 Barbour 2013",
    "et": "LesionAdjacentTissue",
    "off": 68176,
    "sff": "lesion"
  },
  {
    "docID": "N130 Barbour 2013",
    "et": "LesionAdjacentTissue",
    "off": 25202,
    "sff": "lesion"
  },
  {
    "docID": "N130 Barbour 2013",
    "et": "LesionAdjacentTissue",
    "off": 40306,
    "sff": "lesion"
  },
  {
    "docID": "N130 Barbour 2013",
    "et": "LesionAdjacentTissue",
    "off": 2421,
    "sff": "lesion"
  },
  {
    "docID": "N130 Barbour 2013",
    "et": "LesionAdjacentTissue",
    "off": 36596,
    "sff": "lesion"
  },
  {
    "docID": "N130 Barbour 2013",
    "et": "LesionAdjacentTissue",
    "off": 52724,
    "sff": "lesion"
  },
  {
    "docID": "N130 Barbour 2013",
    "et": "LesionAdjacentTissue",
    "off": 7423,
    "sff": "lesion"
  },
  {
    "docID": "N130 Barbour 2013",
    "et": "LesionAdjacentTissue",
    "off": 28160,
    "sff": "lesion"
  },
  {
    "docID": "N130 Barbour 2013",
    "et": "LesionAdjacentTissue",
    "off": 61946,
    "sff": "lesion"
  },
  {
    "docID": "N130 Barbour 2013",
    "et": "LesionAdjacentTissue",
    "off": 58237,
    "sff": "lesion"
  },
  {
    "docID": "N130 Barbour 2013",
    "et": "LesionAdjacentTissue",
    "off": 24551,
    "sff": "lesion"
  },
  {
    "docID": "N130 Barbour 2013",
    "et": "LesionAdjacentTissue",
    "off": 35873,
    "sff": "adjacent"
  },
  {
    "docID": "N130 Barbour 2013",
    "et": "LesionAdjacentTissue",
    "off": 17134,
    "sff": "lesion"
  },
  {
    "docID": "N130 Barbour 2013",
    "et": "LesionAdjacentTissue",
    "off": 2161,
    "sff": "lesion"
  },
  {
    "docID": "N130 Barbour 2013",
    "et": "LesionAdjacentTissue",
    "off": 36459,
    "sff": "lesion"
  },
  {
    "docID": "N130 Barbour 2013",
    "et": "LesionAdjacentTissue",
    "off": 62828,
    "sff": "lesion"
  },
  {
    "docID": "N130 Barbour 2013",
    "et": "CentralNervousSystem",
    "off": 54051,
    "sff": "central"
  },
  {
    "docID": "N130 Barbour 2013",
    "et": "CentralNervousSystem",
    "off": 77336,
    "sff": "central nervous"
  },
  {
    "docID": "N130 Barbour 2013",
    "et": "CentralNervousSystem",
    "off": 70146,
    "sff": "Central Nervous"
  },
  {
    "docID": "N130 Barbour 2013",
    "et": "CentralNervousSystem",
    "off": 26405,
    "sff": "central"
  },
  {
    "docID": "N130 Barbour 2013",
    "et": "CentralNervousSystem",
    "off": 79733,
    "sff": "nervous"
  },
  {
    "docID": "N130 Barbour 2013",
    "et": "CentralNervousSystem",
    "off": 13169,
    "sff": "central"
  },
  {
    "docID": "N130 Barbour 2013",
    "et": "CentralNervousSystem",
    "off": 26625,
    "sff": "central"
  },
  {
    "docID": "N130 Barbour 2013",
    "et": "CentralNervousSystem",
    "off": 70146,
    "sff": "Central Nervous System"
  },
  {
    "docID": "N130 Barbour 2013",
    "et": "Location",
    "off": 39854,
    "sff": "location"
  },
  {
    "docID": "N130 Barbour 2013",
    "et": "SubstanceApplicationLocation",
    "off": 16611,
    "sff": "substance"
  },
  {
    "docID": "N130 Barbour 2013",
    "et": "VertebralArea",
    "off": 10129,
    "sff": "vertebral"
  },
  {
    "docID": "N130 Barbour 2013",
    "et": "CorticospinalTract",
    "off": 66747,
    "sff": "corticospinal tract"
  },
  {
    "docID": "N130 Barbour 2013",
    "et": "CorticospinalTract",
    "off": 84228,
    "sff": "corticospinal"
  },
  {
    "docID": "N130 Barbour 2013",
    "et": "CorticospinalTract",
    "off": 44758,
    "sff": "corticospinal"
  },
  {
    "docID": "N130 Barbour 2013",
    "et": "SpinalCentralPart",
    "off": 26405,
    "sff": "central"
  },
  {
    "docID": "N130 Barbour 2013",
    "et": "SpinalCentralPart",
    "off": 77336,
    "sff": "central"
  },
  {
    "docID": "N130 Barbour 2013",
    "et": "SpinalCentralPart",
    "off": 13169,
    "sff": "central"
  },
  {
    "docID": "N130 Barbour 2013",
    "et": "SpinalCentralPart",
    "off": 26625,
    "sff": "central"
  },
  {
    "docID": "N130 Barbour 2013",
    "et": "SpinalCentralPart",
    "off": 54051,
    "sff": "central"
  },
  {
    "docID": "N130 Barbour 2013",
    "et": "SpinalCentralPart",
    "off": 70146,
    "sff": "Central"
  },
  {
    "docID": "N130 Barbour 2013",
    "et": "InjectionDelivery",
    "off": 35761,
    "sff": "injection"
  },
  {
    "docID": "N130 Barbour 2013",
    "et": "InjectionDelivery",
    "off": 7247,
    "sff": "injection"
  },
  {
    "docID": "N130 Barbour 2013",
    "et": "InjectionDelivery",
    "off": 11924,
    "sff": "injection"
  },
  {
    "docID": "N130 Barbour 2013",
    "et": "InjectionDelivery",
    "off": 46646,
    "sff": "injection"
  },
  {
    "docID": "N130 Barbour 2013",
    "et": "InjectionDelivery",
    "off": 35578,
    "sff": "injection"
  },
  {
    "docID": "N130 Barbour 2013",
    "et": "InjectionDelivery",
    "off": 51005,
    "sff": "injection"
  },
  {
    "docID": "N130 Barbour 2013",
    "et": "InjectionDelivery",
    "off": 23454,
    "sff": "injection"
  },
  {
    "docID": "N130 Barbour 2013",
    "et": "InjectionDelivery",
    "off": 35710,
    "sff": "injection"
  },
  {
    "docID": "N130 Barbour 2013",
    "et": "InjectionDelivery",
    "off": 7456,
    "sff": "injection"
  },
  {
    "docID": "N130 Barbour 2013",
    "et": "InjectionDelivery",
    "off": 44869,
    "sff": "injection"
  },
  {
    "docID": "N130 Barbour 2013",
    "et": "InjectionDelivery",
    "off": 905,
    "sff": "injection"
  },
  {
    "docID": "N130 Barbour 2013",
    "et": "InjectionDelivery",
    "off": 51115,
    "sff": "injection"
  },
  {
    "docID": "N130 Barbour 2013",
    "et": "InjectionDelivery",
    "off": 23756,
    "sff": "injection"
  },
  {
    "docID": "N130 Barbour 2013",
    "et": "InjectionDelivery",
    "off": 30092,
    "sff": "injection"
  },
  {
    "docID": "N130 Barbour 2013",
    "et": "InjectionDelivery",
    "off": 56044,
    "sff": "injection"
  },
  {
    "docID": "N130 Barbour 2013",
    "et": "VertebralSegment",
    "off": 10129,
    "sff": "vertebral"
  },
  {
    "docID": "N130 Barbour 2013",
    "et": "SpinalLesionSite",
    "off": 30926,
    "sff": "lesion site"
  },
  {
    "docID": "N130 Barbour 2013",
    "et": "SpinalLesionSite",
    "off": 38991,
    "sff": "lesion site"
  },
  {
    "docID": "N130 Barbour 2013",
    "et": "SpinalLesionSite",
    "off": 35273,
    "sff": "lesion"
  },
  {
    "docID": "N130 Barbour 2013",
    "et": "SpinalLesionSite",
    "off": 54985,
    "sff": "lesion"
  },
  {
    "docID": "N130 Barbour 2013",
    "et": "SpinalLesionSite",
    "off": 35399,
    "sff": "lesion"
  },
  {
    "docID": "N130 Barbour 2013",
    "et": "SpinalLesionSite",
    "off": 28489,
    "sff": "lesion site"
  },
  {
    "docID": "N130 Barbour 2013",
    "et": "SpinalLesionSite",
    "off": 23495,
    "sff": "lesion site"
  },
  {
    "docID": "N130 Barbour 2013",
    "et": "SpinalLesionSite",
    "off": 23599,
    "sff": "lesion"
  },
  {
    "docID": "N130 Barbour 2013",
    "et": "SpinalLesionSite",
    "off": 41055,
    "sff": "lesion site"
  },
  {
    "docID": "N130 Barbour 2013",
    "et": "SpinalLesionSite",
    "off": 28250,
    "sff": "lesion site"
  },
  {
    "docID": "N130 Barbour 2013",
    "et": "SpinalLesionSite",
    "off": 36408,
    "sff": "lesion"
  },
  {
    "docID": "N130 Barbour 2013",
    "et": "SpinalLesionSite",
    "off": 16958,
    "sff": "lesion"
  },
  {
    "docID": "N130 Barbour 2013",
    "et": "SpinalLesionSite",
    "off": 18391,
    "sff": "lesion site"
  },
  {
    "docID": "N130 Barbour 2013",
    "et": "SpinalLesionSite",
    "off": 81620,
    "sff": "lesion site"
  },
  {
    "docID": "N130 Barbour 2013",
    "et": "SpinalLesionSite",
    "off": 29744,
    "sff": "lesion site"
  },
  {
    "docID": "N130 Barbour 2013",
    "et": "SpinalLesionSite",
    "off": 21420,
    "sff": "lesion site"
  },
  {
    "docID": "N130 Barbour 2013",
    "et": "SpinalLesionSite",
    "off": 23722,
    "sff": "lesion site"
  },
  {
    "docID": "N130 Barbour 2013",
    "et": "SpinalLesionSite",
    "off": 61738,
    "sff": "lesion site"
  },
  {
    "docID": "N130 Barbour 2013",
    "et": "SpinalLesionSite",
    "off": 27432,
    "sff": "lesion site"
  },
  {
    "docID": "N130 Barbour 2013",
    "et": "SpinalLesionSite",
    "off": 28969,
    "sff": "lesion site"
  },
  {
    "docID": "N130 Barbour 2013",
    "et": "SpinalLesionSite",
    "off": 23335,
    "sff": "lesion site"
  },
  {
    "docID": "N130 Barbour 2013",
    "et": "SpinalLesionSite",
    "off": 26663,
    "sff": "lesion site"
  },
  {
    "docID": "N130 Barbour 2013",
    "et": "SpinalLesionSite",
    "off": 31397,
    "sff": "lesion site"
  },
  {
    "docID": "N130 Barbour 2013",
    "et": "SpinalLesionSite",
    "off": 36459,
    "sff": "lesion"
  },
  {
    "docID": "N130 Barbour 2013",
    "et": "SpinalLesionSite",
    "off": 59075,
    "sff": "lesion site"
  },
  {
    "docID": "N130 Barbour 2013",
    "et": "SpinalLesionSite",
    "off": 68176,
    "sff": "lesion"
  },
  {
    "docID": "N130 Barbour 2013",
    "et": "SpinalLesionSite",
    "off": 12240,
    "sff": "lesion"
  },
  {
    "docID": "N130 Barbour 2013",
    "et": "SpinalLesionSite",
    "off": 55247,
    "sff": "lesion"
  },
  {
    "docID": "N130 Barbour 2013",
    "et": "SpinalLesionSite",
    "off": 55999,
    "sff": "lesion site"
  },
  {
    "docID": "N130 Barbour 2013",
    "et": "SpinalLesionSite",
    "off": 51773,
    "sff": "lesion site"
  },
  {
    "docID": "N130 Barbour 2013",
    "et": "SpinalLesionSite",
    "off": 27195,
    "sff": "lesion site"
  },
  {
    "docID": "N130 Barbour 2013",
    "et": "SpinalLesionSite",
    "off": 11736,
    "sff": "lesion"
  },
  {
    "docID": "N130 Barbour 2013",
    "et": "SpinalLesionSite",
    "off": 25018,
    "sff": "Lesion site"
  },
  {
    "docID": "N130 Barbour 2013",
    "et": "SpinalLesionSite",
    "off": 53561,
    "sff": "lesion site"
  },
  {
    "docID": "N130 Barbour 2013",
    "et": "SpinalLesionSite",
    "off": 54457,
    "sff": "lesion site"
  },
  {
    "docID": "N130 Barbour 2013",
    "et": "SpinalLesionSite",
    "off": 41308,
    "sff": "lesion"
  },
  {
    "docID": "N130 Barbour 2013",
    "et": "SpinalLesionSite",
    "off": 45276,
    "sff": "lesion"
  },
  {
    "docID": "N130 Barbour 2013",
    "et": "SpinalLesionSite",
    "off": 54196,
    "sff": "lesion site"
  },
  {
    "docID": "N130 Barbour 2013",
    "et": "SpinalLesionSite",
    "off": 42165,
    "sff": "lesion site"
  },
  {
    "docID": "N130 Barbour 2013",
    "et": "SpinalLesionSite",
    "off": 54363,
    "sff": "lesion"
  },
  {
    "docID": "N130 Barbour 2013",
    "et": "SpinalLesionSite",
    "off": 30994,
    "sff": "lesion site"
  },
  {
    "docID": "N130 Barbour 2013",
    "et": "SpinalLesionSite",
    "off": 37395,
    "sff": "lesion site"
  },
  {
    "docID": "N130 Barbour 2013",
    "et": "SpinalLesionSite",
    "off": 3090,
    "sff": "lesion site"
  },
  {
    "docID": "N130 Barbour 2013",
    "et": "SpinalLesionSite",
    "off": 35857,
    "sff": "lesion site"
  },
  {
    "docID": "N130 Barbour 2013",
    "et": "SpinalLesionSite",
    "off": 58123,
    "sff": "lesion site"
  },
  {
    "docID": "N130 Barbour 2013",
    "et": "SpinalLesionSite",
    "off": 24840,
    "sff": "lesion site"
  },
  {
    "docID": "N130 Barbour 2013",
    "et": "SpinalLesionSite",
    "off": 29828,
    "sff": "lesion site"
  },
  {
    "docID": "N130 Barbour 2013",
    "et": "SpinalLesionSite",
    "off": 41605,
    "sff": "lesion site"
  },
  {
    "docID": "N130 Barbour 2013",
    "et": "SpinalLesionSite",
    "off": 40306,
    "sff": "lesion"
  },
  {
    "docID": "N130 Barbour 2013",
    "et": "SpinalLesionSite",
    "off": 36596,
    "sff": "lesion"
  },
  {
    "docID": "N130 Barbour 2013",
    "et": "SpinalLesionSite",
    "off": 50716,
    "sff": "lesion site"
  },
  {
    "docID": "N130 Barbour 2013",
    "et": "SpinalLesionSite",
    "off": 36125,
    "sff": "lesion site"
  },
  {
    "docID": "N130 Barbour 2013",
    "et": "SpinalLesionSite",
    "off": 41237,
    "sff": "lesion site"
  },
  {
    "docID": "N130 Barbour 2013",
    "et": "SpinalLesionSite",
    "off": 2161,
    "sff": "lesion site"
  },
  {
    "docID": "N130 Barbour 2013",
    "et": "SpinalLesionSite",
    "off": 25202,
    "sff": "lesion site"
  },
  {
    "docID": "N130 Barbour 2013",
    "et": "SpinalLesionSite",
    "off": 17134,
    "sff": "lesion site"
  },
  {
    "docID": "N130 Barbour 2013",
    "et": "SpinalLesionSite",
    "off": 62828,
    "sff": "lesion site"
  },
  {
    "docID": "N130 Barbour 2013",
    "et": "SpinalLesionSite",
    "off": 36771,
    "sff": "lesion"
  },
  {
    "docID": "N130 Barbour 2013",
    "et": "SpinalLesionSite",
    "off": 33705,
    "sff": "lesion"
  },
  {
    "docID": "N130 Barbour 2013",
    "et": "SpinalLesionSite",
    "off": 24551,
    "sff": "lesion site"
  },
  {
    "docID": "N130 Barbour 2013",
    "et": "SpinalLesionSite",
    "off": 74796,
    "sff": "lesion"
  },
  {
    "docID": "N130 Barbour 2013",
    "et": "SpinalLesionSite",
    "off": 35217,
    "sff": "lesion"
  },
  {
    "docID": "N130 Barbour 2013",
    "et": "SpinalLesionSite",
    "off": 38914,
    "sff": "lesion site"
  },
  {
    "docID": "N130 Barbour 2013",
    "et": "SpinalLesionSite",
    "off": 48657,
    "sff": "lesion"
  },
  {
    "docID": "N130 Barbour 2013",
    "et": "SpinalLesionSite",
    "off": 24963,
    "sff": "Lesion site"
  },
  {
    "docID": "N130 Barbour 2013",
    "et": "SpinalLesionSite",
    "off": 28160,
    "sff": "lesion site"
  },
  {
    "docID": "N130 Barbour 2013",
    "et": "SpinalLesionSite",
    "off": 51215,
    "sff": "lesion"
  },
  {
    "docID": "N130 Barbour 2013",
    "et": "SpinalLesionSite",
    "off": 26006,
    "sff": "lesion"
  },
  {
    "docID": "N130 Barbour 2013",
    "et": "SpinalLesionSite",
    "off": 7423,
    "sff": "lesion site"
  },
  {
    "docID": "N130 Barbour 2013",
    "et": "SpinalLesionSite",
    "off": 58237,
    "sff": "lesion site"
  },
  {
    "docID": "N130 Barbour 2013",
    "et": "SpinalLesionSite",
    "off": 61946,
    "sff": "lesion site"
  },
  {
    "docID": "N130 Barbour 2013",
    "et": "SpinalLesionSite",
    "off": 2421,
    "sff": "lesion site"
  },
  {
    "docID": "N130 Barbour 2013",
    "et": "SpinalLesionSite",
    "off": 7707,
    "sff": "lesion"
  },
  {
    "docID": "N130 Barbour 2013",
    "et": "SpinalLesionSite",
    "off": 52724,
    "sff": "lesion site"
  },
  {
    "docID": "N130 Barbour 2013",
    "et": "RubrospinalTract",
    "off": 68145,
    "sff": "rubrospinal tract"
  },
  {
    "docID": "N130 Barbour 2013",
    "et": "RubrospinalTract",
    "off": 44012,
    "sff": "Rubrospinal"
  },
  {
    "docID": "N130 Barbour 2013",
    "et": "RubrospinalTract",
    "off": 29302,
    "sff": "Rubrospinal"
  }
]
