[
  {
    "docID": "N133 Bretzner 2008",
    "et": "Brain",
    "off": 51983,
    "sff": "Brain"
  },
  {
    "docID": "N133 Bretzner 2008",
    "et": "Brain",
    "off": 55691,
    "sff": "Brain"
  },
  {
    "docID": "N133 Bretzner 2008",
    "et": "Brain",
    "off": 55496,
    "sff": "Brain"
  },
  {
    "docID": "N133 Bretzner 2008",
    "et": "Brain",
    "off": 62288,
    "sff": "Brain"
  },
  {
    "docID": "N133 Bretzner 2008",
    "et": "SpinalWhiteMatter",
    "off": 22774,
    "sff": "white"
  },
  {
    "docID": "N133 Bretzner 2008",
    "et": "SpinalWhiteMatter",
    "off": 22015,
    "sff": "white matter"
  },
  {
    "docID": "N133 Bretzner 2008",
    "et": "DeliveryMethod",
    "off": 46699,
    "sff": "delivery"
  },
  {
    "docID": "N133 Bretzner 2008",
    "et": "DeliveryMethod",
    "off": 46538,
    "sff": "delivery"
  },
  {
    "docID": "N133 Bretzner 2008",
    "et": "SpinalDorsalHalf",
    "off": 60701,
    "sff": "dorsal"
  },
  {
    "docID": "N133 Bretzner 2008",
    "et": "SpinalDorsalHalf",
    "off": 61368,
    "sff": "dorsal"
  },
  {
    "docID": "N133 Bretzner 2008",
    "et": "SpinalDorsalHalf",
    "off": 60233,
    "sff": "dorsal"
  },
  {
    "docID": "N133 Bretzner 2008",
    "et": "SpinalDorsalHalf",
    "off": 19206,
    "sff": "dorsal"
  },
  {
    "docID": "N133 Bretzner 2008",
    "et": "SpinalDorsalHalf",
    "off": 57972,
    "sff": "dorsal"
  },
  {
    "docID": "N133 Bretzner 2008",
    "et": "SpinalDorsalHalf",
    "off": 47541,
    "sff": "dorsal"
  },
  {
    "docID": "N133 Bretzner 2008",
    "et": "SpinalDorsalHalf",
    "off": 46834,
    "sff": "dorsal"
  },
  {
    "docID": "N133 Bretzner 2008",
    "et": "SpinalDorsalHalf",
    "off": 58803,
    "sff": "dorsal"
  },
  {
    "docID": "N133 Bretzner 2008",
    "et": "SpinalDorsalHalf",
    "off": 18641,
    "sff": "dorsal"
  },
  {
    "docID": "N133 Bretzner 2008",
    "et": "SpinalDorsalHalf",
    "off": 50977,
    "sff": "dorsal"
  },
  {
    "docID": "N133 Bretzner 2008",
    "et": "SpinalCord",
    "off": 2757,
    "sff": "cord"
  },
  {
    "docID": "N133 Bretzner 2008",
    "et": "SpinalCord",
    "off": 14405,
    "sff": "cord"
  },
  {
    "docID": "N133 Bretzner 2008",
    "et": "SpinalCord",
    "off": 26821,
    "sff": "cord"
  },
  {
    "docID": "N133 Bretzner 2008",
    "et": "SpinalCord",
    "off": 53568,
    "sff": "cord"
  },
  {
    "docID": "N133 Bretzner 2008",
    "et": "SpinalCord",
    "off": 39231,
    "sff": "cord"
  },
  {
    "docID": "N133 Bretzner 2008",
    "et": "SpinalCord",
    "off": 50883,
    "sff": "cord"
  },
  {
    "docID": "N133 Bretzner 2008",
    "et": "SpinalCord",
    "off": 36162,
    "sff": "cord"
  },
  {
    "docID": "N133 Bretzner 2008",
    "et": "SpinalCord",
    "off": 37441,
    "sff": "cord"
  },
  {
    "docID": "N133 Bretzner 2008",
    "et": "SpinalCord",
    "off": 4664,
    "sff": "cord"
  },
  {
    "docID": "N133 Bretzner 2008",
    "et": "SpinalCord",
    "off": 59,
    "sff": "cord"
  },
  {
    "docID": "N133 Bretzner 2008",
    "et": "SpinalCord",
    "off": 47676,
    "sff": "cord"
  },
  {
    "docID": "N133 Bretzner 2008",
    "et": "SpinalCord",
    "off": 39867,
    "sff": "cord"
  },
  {
    "docID": "N133 Bretzner 2008",
    "et": "SpinalCord",
    "off": 8377,
    "sff": "cord"
  },
  {
    "docID": "N133 Bretzner 2008",
    "et": "SpinalCord",
    "off": 30010,
    "sff": "cord"
  },
  {
    "docID": "N133 Bretzner 2008",
    "et": "SpinalCord",
    "off": 2349,
    "sff": "cord"
  },
  {
    "docID": "N133 Bretzner 2008",
    "et": "SpinalCord",
    "off": 57395,
    "sff": "cord"
  },
  {
    "docID": "N133 Bretzner 2008",
    "et": "SpinalCord",
    "off": 34994,
    "sff": "cord"
  },
  {
    "docID": "N133 Bretzner 2008",
    "et": "SpinalCord",
    "off": 17831,
    "sff": "cord"
  },
  {
    "docID": "N133 Bretzner 2008",
    "et": "SpinalCord",
    "off": 60715,
    "sff": "cord"
  },
  {
    "docID": "N133 Bretzner 2008",
    "et": "SpinalCord",
    "off": 18985,
    "sff": "cord"
  },
  {
    "docID": "N133 Bretzner 2008",
    "et": "SpinalCord",
    "off": 38441,
    "sff": "cord"
  },
  {
    "docID": "N133 Bretzner 2008",
    "et": "SpinalCord",
    "off": 60063,
    "sff": "cord"
  },
  {
    "docID": "N133 Bretzner 2008",
    "et": "SpinalCord",
    "off": 53278,
    "sff": "cord"
  },
  {
    "docID": "N133 Bretzner 2008",
    "et": "SpinalCord",
    "off": 38936,
    "sff": "cord"
  },
  {
    "docID": "N133 Bretzner 2008",
    "et": "SpinalCord",
    "off": 35095,
    "sff": "cord"
  },
  {
    "docID": "N133 Bretzner 2008",
    "et": "SpinalCord",
    "off": 56597,
    "sff": "cord"
  },
  {
    "docID": "N133 Bretzner 2008",
    "et": "SpinalCord",
    "off": 58140,
    "sff": "cord"
  },
  {
    "docID": "N133 Bretzner 2008",
    "et": "SpinalCord",
    "off": 59674,
    "sff": "cord"
  },
  {
    "docID": "N133 Bretzner 2008",
    "et": "SpinalCord",
    "off": 37913,
    "sff": "cord"
  },
  {
    "docID": "N133 Bretzner 2008",
    "et": "SpinalCord",
    "off": 62612,
    "sff": "cord"
  },
  {
    "docID": "N133 Bretzner 2008",
    "et": "SpinalCord",
    "off": 22289,
    "sff": "cord"
  },
  {
    "docID": "N133 Bretzner 2008",
    "et": "SpinalCord",
    "off": 2568,
    "sff": "cord"
  },
  {
    "docID": "N133 Bretzner 2008",
    "et": "SpinalCord",
    "off": 61830,
    "sff": "cord"
  },
  {
    "docID": "N133 Bretzner 2008",
    "et": "SpinalCord",
    "off": 55685,
    "sff": "cord"
  },
  {
    "docID": "N133 Bretzner 2008",
    "et": "SpinalCord",
    "off": 4236,
    "sff": "cord"
  },
  {
    "docID": "N133 Bretzner 2008",
    "et": "SpinalCord",
    "off": 649,
    "sff": "cord"
  },
  {
    "docID": "N133 Bretzner 2008",
    "et": "SpinalCord",
    "off": 51977,
    "sff": "cord"
  },
  {
    "docID": "N133 Bretzner 2008",
    "et": "SpinalCord",
    "off": 58623,
    "sff": "cord"
  },
  {
    "docID": "N133 Bretzner 2008",
    "et": "SpinalCord",
    "off": 21757,
    "sff": "cord"
  },
  {
    "docID": "N133 Bretzner 2008",
    "et": "SpinalCord",
    "off": 51710,
    "sff": "cord"
  },
  {
    "docID": "N133 Bretzner 2008",
    "et": "SpinalCord",
    "off": 60541,
    "sff": "cord"
  },
  {
    "docID": "N133 Bretzner 2008",
    "et": "SpinalCord",
    "off": 49922,
    "sff": "cord"
  },
  {
    "docID": "N133 Bretzner 2008",
    "et": "SpinalCord",
    "off": 4354,
    "sff": "cord"
  },
  {
    "docID": "N133 Bretzner 2008",
    "et": "SpinalCord",
    "off": 50305,
    "sff": "cord"
  },
  {
    "docID": "N133 Bretzner 2008",
    "et": "SpinalCord",
    "off": 21879,
    "sff": "cord"
  },
  {
    "docID": "N133 Bretzner 2008",
    "et": "SpinalCord",
    "off": 52854,
    "sff": "cord"
  },
  {
    "docID": "N133 Bretzner 2008",
    "et": "SpinalCord",
    "off": 45435,
    "sff": "cord"
  },
  {
    "docID": "N133 Bretzner 2008",
    "et": "SpinalCord",
    "off": 10483,
    "sff": "cord"
  },
  {
    "docID": "N133 Bretzner 2008",
    "et": "SpinalCord",
    "off": 59380,
    "sff": "cord"
  },
  {
    "docID": "N133 Bretzner 2008",
    "et": "SpinalCord",
    "off": 54259,
    "sff": "cord"
  },
  {
    "docID": "N133 Bretzner 2008",
    "et": "SpinalCord",
    "off": 52203,
    "sff": "Cord"
  },
  {
    "docID": "N133 Bretzner 2008",
    "et": "SpinalCord",
    "off": 50791,
    "sff": "cord"
  },
  {
    "docID": "N133 Bretzner 2008",
    "et": "SpinalCord",
    "off": 61415,
    "sff": "cord"
  },
  {
    "docID": "N133 Bretzner 2008",
    "et": "SpinalCord",
    "off": 485,
    "sff": "cord"
  },
  {
    "docID": "N133 Bretzner 2008",
    "et": "SpinalCord",
    "off": 58982,
    "sff": "cord"
  },
  {
    "docID": "N133 Bretzner 2008",
    "et": "SpinalCord",
    "off": 61802,
    "sff": "cord"
  },
  {
    "docID": "N133 Bretzner 2008",
    "et": "SpinalCord",
    "off": 61023,
    "sff": "cord"
  },
  {
    "docID": "N133 Bretzner 2008",
    "et": "SpinalCord",
    "off": 56420,
    "sff": "cord"
  },
  {
    "docID": "N133 Bretzner 2008",
    "et": "SpinalCord",
    "off": 38753,
    "sff": "cord"
  },
  {
    "docID": "N133 Bretzner 2008",
    "et": "SpinalCord",
    "off": 55256,
    "sff": "cord"
  },
  {
    "docID": "N133 Bretzner 2008",
    "et": "SpinalCord",
    "off": 9814,
    "sff": "cord"
  },
  {
    "docID": "N133 Bretzner 2008",
    "et": "SpinalCord",
    "off": 45660,
    "sff": "cord"
  },
  {
    "docID": "N133 Bretzner 2008",
    "et": "SpinalCord",
    "off": 46172,
    "sff": "cord"
  },
  {
    "docID": "N133 Bretzner 2008",
    "et": "SpinalCord",
    "off": 55885,
    "sff": "cord"
  },
  {
    "docID": "N133 Bretzner 2008",
    "et": "SpinalCord",
    "off": 51412,
    "sff": "cord"
  },
  {
    "docID": "N133 Bretzner 2008",
    "et": "SpinalCord",
    "off": 9300,
    "sff": "cord"
  },
  {
    "docID": "N133 Bretzner 2008",
    "et": "SpinalCord",
    "off": 22610,
    "sff": "cord"
  },
  {
    "docID": "N133 Bretzner 2008",
    "et": "SpinalCord",
    "off": 34513,
    "sff": "cord"
  },
  {
    "docID": "N133 Bretzner 2008",
    "et": "DorsalColumn",
    "off": 19206,
    "sff": "dorsal"
  },
  {
    "docID": "N133 Bretzner 2008",
    "et": "DorsalColumn",
    "off": 60701,
    "sff": "dorsal"
  },
  {
    "docID": "N133 Bretzner 2008",
    "et": "DorsalColumn",
    "off": 61368,
    "sff": "dorsal"
  },
  {
    "docID": "N133 Bretzner 2008",
    "et": "DorsalColumn",
    "off": 60233,
    "sff": "dorsal"
  },
  {
    "docID": "N133 Bretzner 2008",
    "et": "DorsalColumn",
    "off": 18641,
    "sff": "dorsal"
  },
  {
    "docID": "N133 Bretzner 2008",
    "et": "DorsalColumn",
    "off": 46834,
    "sff": "dorsal"
  },
  {
    "docID": "N133 Bretzner 2008",
    "et": "DorsalColumn",
    "off": 58803,
    "sff": "dorsal"
  },
  {
    "docID": "N133 Bretzner 2008",
    "et": "DorsalColumn",
    "off": 57972,
    "sff": "dorsal"
  },
  {
    "docID": "N133 Bretzner 2008",
    "et": "DorsalColumn",
    "off": 47541,
    "sff": "dorsal"
  },
  {
    "docID": "N133 Bretzner 2008",
    "et": "DorsalColumn",
    "off": 50977,
    "sff": "dorsal"
  },
  {
    "docID": "N133 Bretzner 2008",
    "et": "LesionAdjacentTissue",
    "off": 18842,
    "sff": "lesion"
  },
  {
    "docID": "N133 Bretzner 2008",
    "et": "LesionAdjacentTissue",
    "off": 29084,
    "sff": "lesion"
  },
  {
    "docID": "N133 Bretzner 2008",
    "et": "LesionAdjacentTissue",
    "off": 21399,
    "sff": "lesion"
  },
  {
    "docID": "N133 Bretzner 2008",
    "et": "LesionAdjacentTissue",
    "off": 22814,
    "sff": "lesion"
  },
  {
    "docID": "N133 Bretzner 2008",
    "et": "LesionAdjacentTissue",
    "off": 56602,
    "sff": "lesion"
  },
  {
    "docID": "N133 Bretzner 2008",
    "et": "LesionAdjacentTissue",
    "off": 18082,
    "sff": "lesion"
  },
  {
    "docID": "N133 Bretzner 2008",
    "et": "LesionAdjacentTissue",
    "off": 1700,
    "sff": "lesion"
  },
  {
    "docID": "N133 Bretzner 2008",
    "et": "LesionAdjacentTissue",
    "off": 28452,
    "sff": "lesion"
  },
  {
    "docID": "N133 Bretzner 2008",
    "et": "LesionAdjacentTissue",
    "off": 4643,
    "sff": "lesion"
  },
  {
    "docID": "N133 Bretzner 2008",
    "et": "LesionAdjacentTissue",
    "off": 33545,
    "sff": "lesion"
  },
  {
    "docID": "N133 Bretzner 2008",
    "et": "LesionAdjacentTissue",
    "off": 33801,
    "sff": "lesion"
  },
  {
    "docID": "N133 Bretzner 2008",
    "et": "LesionAdjacentTissue",
    "off": 22930,
    "sff": "lesion"
  },
  {
    "docID": "N133 Bretzner 2008",
    "et": "LesionAdjacentTissue",
    "off": 39827,
    "sff": "lesion"
  },
  {
    "docID": "N133 Bretzner 2008",
    "et": "LesionAdjacentTissue",
    "off": 23189,
    "sff": "lesion"
  },
  {
    "docID": "N133 Bretzner 2008",
    "et": "LesionAdjacentTissue",
    "off": 45456,
    "sff": "lesion"
  },
  {
    "docID": "N133 Bretzner 2008",
    "et": "LesionAdjacentTissue",
    "off": 24056,
    "sff": "lesion"
  },
  {
    "docID": "N133 Bretzner 2008",
    "et": "LesionAdjacentTissue",
    "off": 29693,
    "sff": "lesion"
  },
  {
    "docID": "N133 Bretzner 2008",
    "et": "LesionAdjacentTissue",
    "off": 38910,
    "sff": "lesion"
  },
  {
    "docID": "N133 Bretzner 2008",
    "et": "LesionAdjacentTissue",
    "off": 22141,
    "sff": "lesion"
  },
  {
    "docID": "N133 Bretzner 2008",
    "et": "LesionAdjacentTissue",
    "off": 28157,
    "sff": "lesion"
  },
  {
    "docID": "N133 Bretzner 2008",
    "et": "LesionAdjacentTissue",
    "off": 28800,
    "sff": "lesion"
  },
  {
    "docID": "N133 Bretzner 2008",
    "et": "LesionAdjacentTissue",
    "off": 32774,
    "sff": "lesion"
  },
  {
    "docID": "N133 Bretzner 2008",
    "et": "LesionAdjacentTissue",
    "off": 41606,
    "sff": "lesion"
  },
  {
    "docID": "N133 Bretzner 2008",
    "et": "LesionAdjacentTissue",
    "off": 29311,
    "sff": "lesion"
  },
  {
    "docID": "N133 Bretzner 2008",
    "et": "LesionAdjacentTissue",
    "off": 26116,
    "sff": "lesion"
  },
  {
    "docID": "N133 Bretzner 2008",
    "et": "LesionAdjacentTissue",
    "off": 28932,
    "sff": "lesion"
  },
  {
    "docID": "N133 Bretzner 2008",
    "et": "LesionAdjacentTissue",
    "off": 23555,
    "sff": "lesion"
  },
  {
    "docID": "N133 Bretzner 2008",
    "et": "LesionAdjacentTissue",
    "off": 10090,
    "sff": "lesion"
  },
  {
    "docID": "N133 Bretzner 2008",
    "et": "LesionAdjacentTissue",
    "off": 42989,
    "sff": "lesion"
  },
  {
    "docID": "N133 Bretzner 2008",
    "et": "LesionAdjacentTissue",
    "off": 18540,
    "sff": "lesion"
  },
  {
    "docID": "N133 Bretzner 2008",
    "et": "LesionAdjacentTissue",
    "off": 30708,
    "sff": "lesion"
  },
  {
    "docID": "N133 Bretzner 2008",
    "et": "LesionAdjacentTissue",
    "off": 33140,
    "sff": "lesion"
  },
  {
    "docID": "N133 Bretzner 2008",
    "et": "LesionAdjacentTissue",
    "off": 40943,
    "sff": "lesion"
  },
  {
    "docID": "N133 Bretzner 2008",
    "et": "LesionAdjacentTissue",
    "off": 28382,
    "sff": "lesion"
  },
  {
    "docID": "N133 Bretzner 2008",
    "et": "LesionAdjacentTissue",
    "off": 33369,
    "sff": "lesion"
  },
  {
    "docID": "N133 Bretzner 2008",
    "et": "LesionAdjacentTissue",
    "off": 60261,
    "sff": "lesion"
  },
  {
    "docID": "N133 Bretzner 2008",
    "et": "LesionAdjacentTissue",
    "off": 20707,
    "sff": "lesion"
  },
  {
    "docID": "N133 Bretzner 2008",
    "et": "LesionAdjacentTissue",
    "off": 24547,
    "sff": "lesion"
  },
  {
    "docID": "N133 Bretzner 2008",
    "et": "LesionAdjacentTissue",
    "off": 23114,
    "sff": "lesion"
  },
  {
    "docID": "N133 Bretzner 2008",
    "et": "LesionAdjacentTissue",
    "off": 59981,
    "sff": "lesion"
  },
  {
    "docID": "N133 Bretzner 2008",
    "et": "LesionAdjacentTissue",
    "off": 30407,
    "sff": "lesion"
  },
  {
    "docID": "N133 Bretzner 2008",
    "et": "LesionAdjacentTissue",
    "off": 45639,
    "sff": "lesion"
  },
  {
    "docID": "N133 Bretzner 2008",
    "et": "LesionAdjacentTissue",
    "off": 42696,
    "sff": "lesion"
  },
  {
    "docID": "N133 Bretzner 2008",
    "et": "LesionAdjacentTissue",
    "off": 18463,
    "sff": "Lesion"
  },
  {
    "docID": "N133 Bretzner 2008",
    "et": "LesionAdjacentTissue",
    "off": 39123,
    "sff": "lesion"
  },
  {
    "docID": "N133 Bretzner 2008",
    "et": "LesionAdjacentTissue",
    "off": 25557,
    "sff": "lesion"
  },
  {
    "docID": "N133 Bretzner 2008",
    "et": "LesionAdjacentTissue",
    "off": 31952,
    "sff": "lesion"
  },
  {
    "docID": "N133 Bretzner 2008",
    "et": "LesionAdjacentTissue",
    "off": 22995,
    "sff": "lesion"
  },
  {
    "docID": "N133 Bretzner 2008",
    "et": "LesionAdjacentTissue",
    "off": 34107,
    "sff": "lesion"
  },
  {
    "docID": "N133 Bretzner 2008",
    "et": "LesionAdjacentTissue",
    "off": 31294,
    "sff": "lesion"
  },
  {
    "docID": "N133 Bretzner 2008",
    "et": "LesionAdjacentTissue",
    "off": 32441,
    "sff": "lesion"
  },
  {
    "docID": "N133 Bretzner 2008",
    "et": "LesionAdjacentTissue",
    "off": 25787,
    "sff": "lesion"
  },
  {
    "docID": "N133 Bretzner 2008",
    "et": "LesionAdjacentTissue",
    "off": 24258,
    "sff": "lesion"
  },
  {
    "docID": "N133 Bretzner 2008",
    "et": "LesionAdjacentTissue",
    "off": 24128,
    "sff": "lesion"
  },
  {
    "docID": "N133 Bretzner 2008",
    "et": "LesionAdjacentTissue",
    "off": 23082,
    "sff": "lesion"
  },
  {
    "docID": "N133 Bretzner 2008",
    "et": "LesionAdjacentTissue",
    "off": 20140,
    "sff": "lesion"
  },
  {
    "docID": "N133 Bretzner 2008",
    "et": "LesionAdjacentTissue",
    "off": 42537,
    "sff": "lesion"
  },
  {
    "docID": "N133 Bretzner 2008",
    "et": "LesionAdjacentTissue",
    "off": 2225,
    "sff": "lesion"
  },
  {
    "docID": "N133 Bretzner 2008",
    "et": "LesionAdjacentTissue",
    "off": 47796,
    "sff": "lesion"
  },
  {
    "docID": "N133 Bretzner 2008",
    "et": "LesionAdjacentTissue",
    "off": 41394,
    "sff": "lesion"
  },
  {
    "docID": "N133 Bretzner 2008",
    "et": "InfusionDelivery",
    "off": 47337,
    "sff": "infusion"
  },
  {
    "docID": "N133 Bretzner 2008",
    "et": "InfusionDelivery",
    "off": 38788,
    "sff": "infusion"
  },
  {
    "docID": "N133 Bretzner 2008",
    "et": "InfusionDelivery",
    "off": 42326,
    "sff": "infusion"
  },
  {
    "docID": "N133 Bretzner 2008",
    "et": "InfusionDelivery",
    "off": 39991,
    "sff": "infusion"
  },
  {
    "docID": "N133 Bretzner 2008",
    "et": "InfusionDelivery",
    "off": 47872,
    "sff": "infusion"
  },
  {
    "docID": "N133 Bretzner 2008",
    "et": "InfusionDelivery",
    "off": 28574,
    "sff": "infusion"
  },
  {
    "docID": "N133 Bretzner 2008",
    "et": "InfusionDelivery",
    "off": 48273,
    "sff": "infusion"
  },
  {
    "docID": "N133 Bretzner 2008",
    "et": "InfusionDelivery",
    "off": 47138,
    "sff": "infusion"
  },
  {
    "docID": "N133 Bretzner 2008",
    "et": "InfusionDelivery",
    "off": 45869,
    "sff": "infusion"
  },
  {
    "docID": "N133 Bretzner 2008",
    "et": "InfusionDelivery",
    "off": 129,
    "sff": "infusion"
  },
  {
    "docID": "N133 Bretzner 2008",
    "et": "Cervical",
    "off": 15809,
    "sff": "Cervical"
  },
  {
    "docID": "N133 Bretzner 2008",
    "et": "Cervical",
    "off": 38737,
    "sff": "cervical"
  },
  {
    "docID": "N133 Bretzner 2008",
    "et": "Cervical",
    "off": 1501,
    "sff": "cervical"
  },
  {
    "docID": "N133 Bretzner 2008",
    "et": "Cervical",
    "off": 18430,
    "sff": "cervical"
  },
  {
    "docID": "N133 Bretzner 2008",
    "et": "Cervical",
    "off": 4220,
    "sff": "cervical"
  },
  {
    "docID": "N133 Bretzner 2008",
    "et": "Cervical",
    "off": 24223,
    "sff": "cervical"
  },
  {
    "docID": "N133 Bretzner 2008",
    "et": "Cervical",
    "off": 831,
    "sff": "cervical"
  },
  {
    "docID": "N133 Bretzner 2008",
    "et": "Cervical",
    "off": 4634,
    "sff": "cervical"
  },
  {
    "docID": "N133 Bretzner 2008",
    "et": "Cervical",
    "off": 53956,
    "sff": "cervical"
  },
  {
    "docID": "N133 Bretzner 2008",
    "et": "Cervical",
    "off": 742,
    "sff": "cervical"
  },
  {
    "docID": "N133 Bretzner 2008",
    "et": "Cervical",
    "off": 15462,
    "sff": "cervical"
  },
  {
    "docID": "N133 Bretzner 2008",
    "et": "Cervical",
    "off": 15730,
    "sff": "Cervical"
  },
  {
    "docID": "N133 Bretzner 2008",
    "et": "Cervical",
    "off": 22273,
    "sff": "cervical"
  },
  {
    "docID": "N133 Bretzner 2008",
    "et": "Cervical",
    "off": 9224,
    "sff": "cervical"
  },
  {
    "docID": "N133 Bretzner 2008",
    "et": "CentralNervousSystem",
    "off": 19237,
    "sff": "central"
  },
  {
    "docID": "N133 Bretzner 2008",
    "et": "CentralNervousSystem",
    "off": 51866,
    "sff": "nervous"
  },
  {
    "docID": "N133 Bretzner 2008",
    "et": "CentralNervousSystem",
    "off": 18672,
    "sff": "central"
  },
  {
    "docID": "N133 Bretzner 2008",
    "et": "CentralNervousSystem",
    "off": 51866,
    "sff": "nervous system"
  },
  {
    "docID": "N133 Bretzner 2008",
    "et": "SpinalGrayMatter",
    "off": 22187,
    "sff": "gray matter"
  },
  {
    "docID": "N133 Bretzner 2008",
    "et": "SpinalGrayMatter",
    "off": 22072,
    "sff": "gray"
  },
  {
    "docID": "N133 Bretzner 2008",
    "et": "SpinalGrayMatter",
    "off": 22205,
    "sff": "gray"
  },
  {
    "docID": "N133 Bretzner 2008",
    "et": "SpinalGrayMatter",
    "off": 26294,
    "sff": "gray"
  },
  {
    "docID": "N133 Bretzner 2008",
    "et": "SubstanceApplicationLocation",
    "off": 34307,
    "sff": "application"
  },
  {
    "docID": "N133 Bretzner 2008",
    "et": "SubstanceApplicationLocation",
    "off": 40750,
    "sff": "application"
  },
  {
    "docID": "N133 Bretzner 2008",
    "et": "C2",
    "off": 24240,
    "sff": "C2"
  },
  {
    "docID": "N133 Bretzner 2008",
    "et": "C2",
    "off": 24481,
    "sff": "C2"
  },
  {
    "docID": "N133 Bretzner 2008",
    "et": "C2",
    "off": 15748,
    "sff": "C2"
  },
  {
    "docID": "N133 Bretzner 2008",
    "et": "C2",
    "off": 32131,
    "sff": "C2"
  },
  {
    "docID": "N133 Bretzner 2008",
    "et": "C2",
    "off": 17721,
    "sff": "C2"
  },
  {
    "docID": "N133 Bretzner 2008",
    "et": "C2",
    "off": 18459,
    "sff": "C2"
  },
  {
    "docID": "N133 Bretzner 2008",
    "et": "C3",
    "off": 15832,
    "sff": "C3"
  },
  {
    "docID": "N133 Bretzner 2008",
    "et": "C4",
    "off": 21235,
    "sff": "C4"
  },
  {
    "docID": "N133 Bretzner 2008",
    "et": "C5",
    "off": 21238,
    "sff": "C5"
  },
  {
    "docID": "N133 Bretzner 2008",
    "et": "C6",
    "off": 15838,
    "sff": "C6"
  },
  {
    "docID": "N133 Bretzner 2008",
    "et": "CorticospinalTract",
    "off": 54534,
    "sff": "corticospinal"
  },
  {
    "docID": "N133 Bretzner 2008",
    "et": "CorticospinalTract",
    "off": 54375,
    "sff": "corticospinal tract"
  },
  {
    "docID": "N133 Bretzner 2008",
    "et": "CorticospinalTract",
    "off": 60667,
    "sff": "corticospinal tract"
  },
  {
    "docID": "N133 Bretzner 2008",
    "et": "CorticospinalTract",
    "off": 53676,
    "sff": "corticospinal tract"
  },
  {
    "docID": "N133 Bretzner 2008",
    "et": "C7",
    "off": 15755,
    "sff": "C7"
  },
  {
    "docID": "N133 Bretzner 2008",
    "et": "SpinalCentralPart",
    "off": 19237,
    "sff": "central"
  },
  {
    "docID": "N133 Bretzner 2008",
    "et": "SpinalCentralPart",
    "off": 18672,
    "sff": "central"
  },
  {
    "docID": "N133 Bretzner 2008",
    "et": "InjectionDelivery",
    "off": 15094,
    "sff": "injection"
  },
  {
    "docID": "N133 Bretzner 2008",
    "et": "InjectionDelivery",
    "off": 10535,
    "sff": "injection"
  },
  {
    "docID": "N133 Bretzner 2008",
    "et": "InjectionDelivery",
    "off": 40861,
    "sff": "injection"
  },
  {
    "docID": "N133 Bretzner 2008",
    "et": "InjectionDelivery",
    "off": 10429,
    "sff": "injection"
  },
  {
    "docID": "N133 Bretzner 2008",
    "et": "InjectionDelivery",
    "off": 41662,
    "sff": "injection"
  },
  {
    "docID": "N133 Bretzner 2008",
    "et": "SpinalLesionSite",
    "off": 25557,
    "sff": "lesion site"
  },
  {
    "docID": "N133 Bretzner 2008",
    "et": "SpinalLesionSite",
    "off": 30407,
    "sff": "lesion"
  },
  {
    "docID": "N133 Bretzner 2008",
    "et": "SpinalLesionSite",
    "off": 45639,
    "sff": "lesion"
  },
  {
    "docID": "N133 Bretzner 2008",
    "et": "SpinalLesionSite",
    "off": 42696,
    "sff": "lesion"
  },
  {
    "docID": "N133 Bretzner 2008",
    "et": "SpinalLesionSite",
    "off": 39123,
    "sff": "lesion site"
  },
  {
    "docID": "N133 Bretzner 2008",
    "et": "SpinalLesionSite",
    "off": 59981,
    "sff": "lesion"
  },
  {
    "docID": "N133 Bretzner 2008",
    "et": "SpinalLesionSite",
    "off": 23114,
    "sff": "lesion site"
  },
  {
    "docID": "N133 Bretzner 2008",
    "et": "SpinalLesionSite",
    "off": 31952,
    "sff": "lesion"
  },
  {
    "docID": "N133 Bretzner 2008",
    "et": "SpinalLesionSite",
    "off": 22995,
    "sff": "lesion"
  },
  {
    "docID": "N133 Bretzner 2008",
    "et": "SpinalLesionSite",
    "off": 32441,
    "sff": "lesion"
  },
  {
    "docID": "N133 Bretzner 2008",
    "et": "SpinalLesionSite",
    "off": 34107,
    "sff": "lesion"
  },
  {
    "docID": "N133 Bretzner 2008",
    "et": "SpinalLesionSite",
    "off": 31294,
    "sff": "lesion"
  },
  {
    "docID": "N133 Bretzner 2008",
    "et": "SpinalLesionSite",
    "off": 24128,
    "sff": "lesion"
  },
  {
    "docID": "N133 Bretzner 2008",
    "et": "SpinalLesionSite",
    "off": 24258,
    "sff": "lesion"
  },
  {
    "docID": "N133 Bretzner 2008",
    "et": "SpinalLesionSite",
    "off": 18463,
    "sff": "Lesion"
  },
  {
    "docID": "N133 Bretzner 2008",
    "et": "SpinalLesionSite",
    "off": 1700,
    "sff": "lesion"
  },
  {
    "docID": "N133 Bretzner 2008",
    "et": "SpinalLesionSite",
    "off": 42537,
    "sff": "lesion"
  },
  {
    "docID": "N133 Bretzner 2008",
    "et": "SpinalLesionSite",
    "off": 20140,
    "sff": "lesion"
  },
  {
    "docID": "N133 Bretzner 2008",
    "et": "SpinalLesionSite",
    "off": 40943,
    "sff": "lesion site"
  },
  {
    "docID": "N133 Bretzner 2008",
    "et": "SpinalLesionSite",
    "off": 10090,
    "sff": "lesion site"
  },
  {
    "docID": "N133 Bretzner 2008",
    "et": "SpinalLesionSite",
    "off": 41394,
    "sff": "lesion"
  },
  {
    "docID": "N133 Bretzner 2008",
    "et": "SpinalLesionSite",
    "off": 32774,
    "sff": "lesion site"
  },
  {
    "docID": "N133 Bretzner 2008",
    "et": "SpinalLesionSite",
    "off": 41606,
    "sff": "lesion site"
  },
  {
    "docID": "N133 Bretzner 2008",
    "et": "SpinalLesionSite",
    "off": 21399,
    "sff": "lesion"
  },
  {
    "docID": "N133 Bretzner 2008",
    "et": "SpinalLesionSite",
    "off": 56602,
    "sff": "lesion"
  },
  {
    "docID": "N133 Bretzner 2008",
    "et": "SpinalLesionSite",
    "off": 22141,
    "sff": "lesion site"
  },
  {
    "docID": "N133 Bretzner 2008",
    "et": "SpinalLesionSite",
    "off": 28157,
    "sff": "lesion site"
  },
  {
    "docID": "N133 Bretzner 2008",
    "et": "SpinalLesionSite",
    "off": 29084,
    "sff": "lesion"
  },
  {
    "docID": "N133 Bretzner 2008",
    "et": "SpinalLesionSite",
    "off": 22814,
    "sff": "lesion"
  },
  {
    "docID": "N133 Bretzner 2008",
    "et": "SpinalLesionSite",
    "off": 4643,
    "sff": "lesion"
  },
  {
    "docID": "N133 Bretzner 2008",
    "et": "SpinalLesionSite",
    "off": 18082,
    "sff": "lesion"
  },
  {
    "docID": "N133 Bretzner 2008",
    "et": "SpinalLesionSite",
    "off": 23189,
    "sff": "lesion site"
  },
  {
    "docID": "N133 Bretzner 2008",
    "et": "SpinalLesionSite",
    "off": 26116,
    "sff": "lesion"
  },
  {
    "docID": "N133 Bretzner 2008",
    "et": "SpinalLesionSite",
    "off": 28932,
    "sff": "lesion"
  },
  {
    "docID": "N133 Bretzner 2008",
    "et": "SpinalLesionSite",
    "off": 33801,
    "sff": "lesion"
  },
  {
    "docID": "N133 Bretzner 2008",
    "et": "SpinalLesionSite",
    "off": 33545,
    "sff": "lesion site"
  },
  {
    "docID": "N133 Bretzner 2008",
    "et": "SpinalLesionSite",
    "off": 45456,
    "sff": "lesion"
  },
  {
    "docID": "N133 Bretzner 2008",
    "et": "SpinalLesionSite",
    "off": 39827,
    "sff": "lesion"
  },
  {
    "docID": "N133 Bretzner 2008",
    "et": "SpinalLesionSite",
    "off": 22930,
    "sff": "lesion"
  },
  {
    "docID": "N133 Bretzner 2008",
    "et": "SpinalLesionSite",
    "off": 30708,
    "sff": "lesion"
  },
  {
    "docID": "N133 Bretzner 2008",
    "et": "SpinalLesionSite",
    "off": 33140,
    "sff": "lesion"
  },
  {
    "docID": "N133 Bretzner 2008",
    "et": "SpinalLesionSite",
    "off": 24056,
    "sff": "lesion"
  },
  {
    "docID": "N133 Bretzner 2008",
    "et": "SpinalLesionSite",
    "off": 28452,
    "sff": "lesion site"
  },
  {
    "docID": "N133 Bretzner 2008",
    "et": "SpinalLesionSite",
    "off": 29693,
    "sff": "lesion"
  },
  {
    "docID": "N133 Bretzner 2008",
    "et": "SpinalLesionSite",
    "off": 29311,
    "sff": "lesion"
  },
  {
    "docID": "N133 Bretzner 2008",
    "et": "SpinalLesionSite",
    "off": 38910,
    "sff": "lesion"
  },
  {
    "docID": "N133 Bretzner 2008",
    "et": "SpinalLesionSite",
    "off": 18842,
    "sff": "lesion site"
  },
  {
    "docID": "N133 Bretzner 2008",
    "et": "SpinalLesionSite",
    "off": 28800,
    "sff": "lesion"
  },
  {
    "docID": "N133 Bretzner 2008",
    "et": "SpinalLesionSite",
    "off": 23555,
    "sff": "lesion"
  },
  {
    "docID": "N133 Bretzner 2008",
    "et": "SpinalLesionSite",
    "off": 60261,
    "sff": "lesion"
  },
  {
    "docID": "N133 Bretzner 2008",
    "et": "SpinalLesionSite",
    "off": 2225,
    "sff": "lesion site"
  },
  {
    "docID": "N133 Bretzner 2008",
    "et": "SpinalLesionSite",
    "off": 47796,
    "sff": "lesion site"
  },
  {
    "docID": "N133 Bretzner 2008",
    "et": "SpinalLesionSite",
    "off": 42989,
    "sff": "lesion"
  },
  {
    "docID": "N133 Bretzner 2008",
    "et": "SpinalLesionSite",
    "off": 18540,
    "sff": "lesion"
  },
  {
    "docID": "N133 Bretzner 2008",
    "et": "SpinalLesionSite",
    "off": 23082,
    "sff": "lesion site"
  },
  {
    "docID": "N133 Bretzner 2008",
    "et": "SpinalLesionSite",
    "off": 33369,
    "sff": "lesion"
  },
  {
    "docID": "N133 Bretzner 2008",
    "et": "SpinalLesionSite",
    "off": 28382,
    "sff": "lesion"
  },
  {
    "docID": "N133 Bretzner 2008",
    "et": "SpinalLesionSite",
    "off": 20707,
    "sff": "lesion"
  },
  {
    "docID": "N133 Bretzner 2008",
    "et": "SpinalLesionSite",
    "off": 24547,
    "sff": "lesion"
  },
  {
    "docID": "N133 Bretzner 2008",
    "et": "SpinalLesionSite",
    "off": 25787,
    "sff": "lesion site"
  },
  {
    "docID": "N133 Bretzner 2008",
    "et": "RubrospinalTract",
    "off": 32414,
    "sff": "rubrospinal"
  },
  {
    "docID": "N133 Bretzner 2008",
    "et": "RubrospinalTract",
    "off": 41060,
    "sff": "rubrospinal tract"
  },
  {
    "docID": "N133 Bretzner 2008",
    "et": "RubrospinalTract",
    "off": 3743,
    "sff": "rubrospinal"
  },
  {
    "docID": "N133 Bretzner 2008",
    "et": "RubrospinalTract",
    "off": 4513,
    "sff": "rubrospinal"
  },
  {
    "docID": "N133 Bretzner 2008",
    "et": "RubrospinalTract",
    "off": 24090,
    "sff": "rubrospinal"
  },
  {
    "docID": "N133 Bretzner 2008",
    "et": "RubrospinalTract",
    "off": 42778,
    "sff": "rubrospinal"
  },
  {
    "docID": "N133 Bretzner 2008",
    "et": "RubrospinalTract",
    "off": 1179,
    "sff": "rubrospinal"
  },
  {
    "docID": "N133 Bretzner 2008",
    "et": "RubrospinalTract",
    "off": 14363,
    "sff": "rubrospinal"
  },
  {
    "docID": "N133 Bretzner 2008",
    "et": "RubrospinalTract",
    "off": 46621,
    "sff": "rubrospinal"
  },
  {
    "docID": "N133 Bretzner 2008",
    "et": "RubrospinalTract",
    "off": 18156,
    "sff": "rubrospinal tract"
  },
  {
    "docID": "N133 Bretzner 2008",
    "et": "RubrospinalTract",
    "off": 62444,
    "sff": "rubrospinal tract"
  },
  {
    "docID": "N133 Bretzner 2008",
    "et": "RubrospinalTract",
    "off": 32536,
    "sff": "rubrospinal"
  },
  {
    "docID": "N133 Bretzner 2008",
    "et": "RubrospinalTract",
    "off": 45194,
    "sff": "rubrospinal"
  },
  {
    "docID": "N133 Bretzner 2008",
    "et": "RubrospinalTract",
    "off": 47755,
    "sff": "rubrospinal"
  },
  {
    "docID": "N133 Bretzner 2008",
    "et": "RubrospinalTract",
    "off": 53004,
    "sff": "rubrospinal"
  },
  {
    "docID": "N133 Bretzner 2008",
    "et": "RubrospinalTract",
    "off": 21199,
    "sff": "rubrospinal tract"
  },
  {
    "docID": "N133 Bretzner 2008",
    "et": "RubrospinalTract",
    "off": 24198,
    "sff": "rubrospinal"
  },
  {
    "docID": "N133 Bretzner 2008",
    "et": "RubrospinalTract",
    "off": 40454,
    "sff": "rubrospinal"
  },
  {
    "docID": "N133 Bretzner 2008",
    "et": "RubrospinalTract",
    "off": 21511,
    "sff": "rubrospinal"
  },
  {
    "docID": "N133 Bretzner 2008",
    "et": "RubrospinalTract",
    "off": 21767,
    "sff": "rubrospinal"
  },
  {
    "docID": "N133 Bretzner 2008",
    "et": "RubrospinalTract",
    "off": 41351,
    "sff": "rubrospinal"
  },
  {
    "docID": "N133 Bretzner 2008",
    "et": "RubrospinalTract",
    "off": 40194,
    "sff": "rubrospinal"
  },
  {
    "docID": "N133 Bretzner 2008",
    "et": "RubrospinalTract",
    "off": 18052,
    "sff": "rubrospinal"
  },
  {
    "docID": "N133 Bretzner 2008",
    "et": "RubrospinalTract",
    "off": 41093,
    "sff": "rubrospinal"
  },
  {
    "docID": "N133 Bretzner 2008",
    "et": "RubrospinalTract",
    "off": 17725,
    "sff": "Rubrospinal"
  },
  {
    "docID": "N133 Bretzner 2008",
    "et": "RubrospinalTract",
    "off": 42302,
    "sff": "rubrospinal"
  },
  {
    "docID": "N133 Bretzner 2008",
    "et": "RubrospinalTract",
    "off": 28095,
    "sff": "rubrospinal"
  },
  {
    "docID": "N133 Bretzner 2008",
    "et": "RubrospinalTract",
    "off": 17601,
    "sff": "rubrospinal"
  },
  {
    "docID": "N133 Bretzner 2008",
    "et": "RubrospinalTract",
    "off": 21825,
    "sff": "rubrospinal"
  },
  {
    "docID": "N133 Bretzner 2008",
    "et": "RubrospinalTract",
    "off": 18234,
    "sff": "rubrospinal"
  },
  {
    "docID": "N133 Bretzner 2008",
    "et": "RubrospinalTract",
    "off": 40769,
    "sff": "Rubrospinal"
  },
  {
    "docID": "N133 Bretzner 2008",
    "et": "RubrospinalTract",
    "off": 1084,
    "sff": "rubrospinal"
  },
  {
    "docID": "N133 Bretzner 2008",
    "et": "RubrospinalTract",
    "off": 3516,
    "sff": "rubrospinal"
  },
  {
    "docID": "N133 Bretzner 2008",
    "et": "RubrospinalTract",
    "off": 1335,
    "sff": "rubrospinal"
  },
  {
    "docID": "N133 Bretzner 2008",
    "et": "RubrospinalTract",
    "off": 4018,
    "sff": "rubrospinal"
  },
  {
    "docID": "N133 Bretzner 2008",
    "et": "RubrospinalTract",
    "off": 39090,
    "sff": "rubrospinal"
  },
  {
    "docID": "N133 Bretzner 2008",
    "et": "RubrospinalTract",
    "off": 9350,
    "sff": "rubrospinal tract"
  },
  {
    "docID": "N133 Bretzner 2008",
    "et": "RubrospinalTract",
    "off": 32046,
    "sff": "rubrospinal"
  },
  {
    "docID": "N133 Bretzner 2008",
    "et": "RubrospinalTract",
    "off": 30897,
    "sff": "rubrospinal"
  },
  {
    "docID": "N133 Bretzner 2008",
    "et": "RubrospinalTract",
    "off": 53930,
    "sff": "rubrospinal"
  },
  {
    "docID": "N133 Bretzner 2008",
    "et": "RubrospinalTract",
    "off": 4139,
    "sff": "rubrospinal"
  },
  {
    "docID": "N133 Bretzner 2008",
    "et": "RubrospinalTract",
    "off": 42029,
    "sff": "rubrospinal"
  },
  {
    "docID": "N133 Bretzner 2008",
    "et": "RubrospinalTract",
    "off": 31911,
    "sff": "rubrospinal"
  },
  {
    "docID": "N133 Bretzner 2008",
    "et": "RubrospinalTract",
    "off": 22440,
    "sff": "rubrospinal"
  },
  {
    "docID": "N133 Bretzner 2008",
    "et": "RubrospinalTract",
    "off": 22562,
    "sff": "rubrospinal"
  },
  {
    "docID": "N133 Bretzner 2008",
    "et": "RubrospinalTract",
    "off": 21983,
    "sff": "rubrospinal"
  },
  {
    "docID": "N133 Bretzner 2008",
    "et": "RubrospinalTract",
    "off": 22751,
    "sff": "rubrospinal"
  },
  {
    "docID": "N133 Bretzner 2008",
    "et": "RubrospinalTract",
    "off": 41567,
    "sff": "rubrospinal"
  },
  {
    "docID": "N133 Bretzner 2008",
    "et": "RubrospinalTract",
    "off": 24033,
    "sff": "rubrospinal"
  },
  {
    "docID": "N133 Bretzner 2008",
    "et": "RubrospinalTract",
    "off": 28635,
    "sff": "rubrospinal"
  },
  {
    "docID": "N133 Bretzner 2008",
    "et": "RubrospinalTract",
    "off": 43357,
    "sff": "rubrospinal"
  },
  {
    "docID": "N133 Bretzner 2008",
    "et": "RubrospinalTract",
    "off": 59949,
    "sff": "rubrospinal tract"
  },
  {
    "docID": "N133 Bretzner 2008",
    "et": "RubrospinalTract",
    "off": 14297,
    "sff": "rubrospinal"
  },
  {
    "docID": "N133 Bretzner 2008",
    "et": "RubrospinalTract",
    "off": 1619,
    "sff": "rubrospinal"
  },
  {
    "docID": "N133 Bretzner 2008",
    "et": "RubrospinalTract",
    "off": 44499,
    "sff": "rubrospinal"
  },
  {
    "docID": "N133 Bretzner 2008",
    "et": "RubrospinalTract",
    "off": 54997,
    "sff": "rubrospinal"
  },
  {
    "docID": "N133 Bretzner 2008",
    "et": "RubrospinalTract",
    "off": 781,
    "sff": "Rubrospinal"
  },
  {
    "docID": "N133 Bretzner 2008",
    "et": "RubrospinalTract",
    "off": 31054,
    "sff": "rubrospinal"
  },
  {
    "docID": "N133 Bretzner 2008",
    "et": "RubrospinalTract",
    "off": 18384,
    "sff": "rubrospinal"
  },
  {
    "docID": "N133 Bretzner 2008",
    "et": "RubrospinalTract",
    "off": 22154,
    "sff": "Rubrospinal"
  },
  {
    "docID": "N133 Bretzner 2008",
    "et": "RubrospinalTract",
    "off": 54219,
    "sff": "rubrospinal"
  },
  {
    "docID": "N133 Bretzner 2008",
    "et": "RubrospinalTract",
    "off": 716,
    "sff": "rubrospinal"
  },
  {
    "docID": "N133 Bretzner 2008",
    "et": "RubrospinalTract",
    "off": 31432,
    "sff": "rubrospinal"
  },
  {
    "docID": "N133 Bretzner 2008",
    "et": "RubrospinalTract",
    "off": 20675,
    "sff": "rubrospinal"
  },
  {
    "docID": "N133 Bretzner 2008",
    "et": "RubrospinalTract",
    "off": 42947,
    "sff": "rubrospinal"
  },
  {
    "docID": "N133 Bretzner 2008",
    "et": "RubrospinalTract",
    "off": 24516,
    "sff": "rubrospinal"
  },
  {
    "docID": "N133 Bretzner 2008",
    "et": "RubrospinalTract",
    "off": 31230,
    "sff": "rubrospinal"
  },
  {
    "docID": "N133 Bretzner 2008",
    "et": "RubrospinalTract",
    "off": 1664,
    "sff": "rubrospinal"
  },
  {
    "docID": "N133 Bretzner 2008",
    "et": "RubrospinalTract",
    "off": 44032,
    "sff": "rubrospinal"
  },
  {
    "docID": "N133 Bretzner 2008",
    "et": "RubrospinalTract",
    "off": 4987,
    "sff": "rubrospinal"
  },
  {
    "docID": "N133 Bretzner 2008",
    "et": "RubrospinalTract",
    "off": 32632,
    "sff": "rubrospinal"
  },
  {
    "docID": "N133 Bretzner 2008",
    "et": "RubrospinalTract",
    "off": 39161,
    "sff": "rubrospinal"
  },
  {
    "docID": "N133 Bretzner 2008",
    "et": "RubrospinalTract",
    "off": 30962,
    "sff": "rubrospinal"
  },
  {
    "docID": "N133 Bretzner 2008",
    "et": "RubrospinalTract",
    "off": 29548,
    "sff": "rubrospinal"
  },
  {
    "docID": "N133 Bretzner 2008",
    "et": "RubrospinalTract",
    "off": 61539,
    "sff": "rubrospinal"
  },
  {
    "docID": "N133 Bretzner 2008",
    "et": "RubrospinalTract",
    "off": 4452,
    "sff": "rubrospinal"
  },
  {
    "docID": "N133 Bretzner 2008",
    "et": "RubrospinalTract",
    "off": 41189,
    "sff": "rubrospinal"
  }
]
