[
  {
    "docID": "N136 Centenaro 2011",
    "et": "T8",
    "off": 31022,
    "sff": "T8"
  },
  {
    "docID": "N136 Centenaro 2011",
    "et": "T9",
    "off": 31025,
    "sff": "T9"
  },
  {
    "docID": "N136 Centenaro 2011",
    "et": "T12",
    "off": 37088,
    "sff": "T12"
  },
  {
    "docID": "N136 Centenaro 2011",
    "et": "Thoracic",
    "off": 51686,
    "sff": "thoracic"
  },
  {
    "docID": "N136 Centenaro 2011",
    "et": "Thoracic",
    "off": 38085,
    "sff": "thoracic"
  },
  {
    "docID": "N136 Centenaro 2011",
    "et": "Thoracic",
    "off": 51912,
    "sff": "thoracic"
  },
  {
    "docID": "N136 Centenaro 2011",
    "et": "Thoracic",
    "off": 20254,
    "sff": "thoracic"
  },
  {
    "docID": "N136 Centenaro 2011",
    "et": "Thoracic",
    "off": 30939,
    "sff": "thoracic"
  },
  {
    "docID": "N136 Centenaro 2011",
    "et": "Thoracic",
    "off": 36171,
    "sff": "thoracic"
  },
  {
    "docID": "N136 Centenaro 2011",
    "et": "Thoracic",
    "off": 5985,
    "sff": "thoracic"
  },
  {
    "docID": "N136 Centenaro 2011",
    "et": "VertebralLocation",
    "off": 31329,
    "sff": "vertebral"
  },
  {
    "docID": "N136 Centenaro 2011",
    "et": "VertebralLocation",
    "off": 31409,
    "sff": "vertebral"
  },
  {
    "docID": "N136 Centenaro 2011",
    "et": "Brain",
    "off": 29189,
    "sff": "Brain"
  },
  {
    "docID": "N136 Centenaro 2011",
    "et": "Brain",
    "off": 38065,
    "sff": "Brain"
  },
  {
    "docID": "N136 Centenaro 2011",
    "et": "Brain",
    "off": 49764,
    "sff": "Brain"
  },
  {
    "docID": "N136 Centenaro 2011",
    "et": "Brain",
    "off": 16870,
    "sff": "brain"
  },
  {
    "docID": "N136 Centenaro 2011",
    "et": "AscendingFiberTract",
    "off": 18982,
    "sff": "ascending"
  },
  {
    "docID": "N136 Centenaro 2011",
    "et": "AscendingFiberTract",
    "off": 27852,
    "sff": "fiber"
  },
  {
    "docID": "N136 Centenaro 2011",
    "et": "AscendingFiberTract",
    "off": 4316,
    "sff": "fiber"
  },
  {
    "docID": "N136 Centenaro 2011",
    "et": "AscendingFiberTract",
    "off": 40778,
    "sff": "ascending"
  },
  {
    "docID": "N136 Centenaro 2011",
    "et": "AscendingFiberTract",
    "off": 8984,
    "sff": "fiber"
  },
  {
    "docID": "N136 Centenaro 2011",
    "et": "AscendingFiberTract",
    "off": 45205,
    "sff": "fiber"
  },
  {
    "docID": "N136 Centenaro 2011",
    "et": "AscendingFiberTract",
    "off": 3147,
    "sff": "ascending"
  },
  {
    "docID": "N136 Centenaro 2011",
    "et": "SpinalWhiteMatter",
    "off": 46430,
    "sff": "white"
  },
  {
    "docID": "N136 Centenaro 2011",
    "et": "SpinalFiberTract",
    "off": 45205,
    "sff": "fiber"
  },
  {
    "docID": "N136 Centenaro 2011",
    "et": "SpinalFiberTract",
    "off": 8984,
    "sff": "fiber"
  },
  {
    "docID": "N136 Centenaro 2011",
    "et": "SpinalFiberTract",
    "off": 4316,
    "sff": "fiber"
  },
  {
    "docID": "N136 Centenaro 2011",
    "et": "SpinalFiberTract",
    "off": 27852,
    "sff": "fiber"
  },
  {
    "docID": "N136 Centenaro 2011",
    "et": "SpinalDorsalHalf",
    "off": 17556,
    "sff": "dorsal"
  },
  {
    "docID": "N136 Centenaro 2011",
    "et": "SpinalDorsalHalf",
    "off": 49639,
    "sff": "dorsal"
  },
  {
    "docID": "N136 Centenaro 2011",
    "et": "SpinalDorsalHalf",
    "off": 24072,
    "sff": "dorsal"
  },
  {
    "docID": "N136 Centenaro 2011",
    "et": "SpinalVentralHalf",
    "off": 17567,
    "sff": "ventral"
  },
  {
    "docID": "N136 Centenaro 2011",
    "et": "SpinalCord",
    "off": 20021,
    "sff": "cord"
  },
  {
    "docID": "N136 Centenaro 2011",
    "et": "SpinalCord",
    "off": 48692,
    "sff": "cord"
  },
  {
    "docID": "N136 Centenaro 2011",
    "et": "SpinalCord",
    "off": 30263,
    "sff": "cord"
  },
  {
    "docID": "N136 Centenaro 2011",
    "et": "SpinalCord",
    "off": 50615,
    "sff": "cord"
  },
  {
    "docID": "N136 Centenaro 2011",
    "et": "SpinalCord",
    "off": 18870,
    "sff": "cord"
  },
  {
    "docID": "N136 Centenaro 2011",
    "et": "SpinalCord",
    "off": 29878,
    "sff": "cord"
  },
  {
    "docID": "N136 Centenaro 2011",
    "et": "SpinalCord",
    "off": 2992,
    "sff": "cord"
  },
  {
    "docID": "N136 Centenaro 2011",
    "et": "SpinalCord",
    "off": 10802,
    "sff": "cord"
  },
  {
    "docID": "N136 Centenaro 2011",
    "et": "SpinalCord",
    "off": 31283,
    "sff": "cord"
  },
  {
    "docID": "N136 Centenaro 2011",
    "et": "SpinalCord",
    "off": 38332,
    "sff": "cord"
  },
  {
    "docID": "N136 Centenaro 2011",
    "et": "SpinalCord",
    "off": 50875,
    "sff": "cord"
  },
  {
    "docID": "N136 Centenaro 2011",
    "et": "SpinalCord",
    "off": 30650,
    "sff": "cord"
  },
  {
    "docID": "N136 Centenaro 2011",
    "et": "SpinalCord",
    "off": 44100,
    "sff": "cord"
  },
  {
    "docID": "N136 Centenaro 2011",
    "et": "SpinalCord",
    "off": 53063,
    "sff": "cord"
  },
  {
    "docID": "N136 Centenaro 2011",
    "et": "SpinalCord",
    "off": 44482,
    "sff": "cord"
  },
  {
    "docID": "N136 Centenaro 2011",
    "et": "SpinalCord",
    "off": 52418,
    "sff": "cord"
  },
  {
    "docID": "N136 Centenaro 2011",
    "et": "SpinalCord",
    "off": 40652,
    "sff": "cord"
  },
  {
    "docID": "N136 Centenaro 2011",
    "et": "SpinalCord",
    "off": 42828,
    "sff": "cord"
  },
  {
    "docID": "N136 Centenaro 2011",
    "et": "SpinalCord",
    "off": 18376,
    "sff": "cord"
  },
  {
    "docID": "N136 Centenaro 2011",
    "et": "SpinalCord",
    "off": 8266,
    "sff": "cord"
  },
  {
    "docID": "N136 Centenaro 2011",
    "et": "SpinalCord",
    "off": 13131,
    "sff": "cord"
  },
  {
    "docID": "N136 Centenaro 2011",
    "et": "SpinalCord",
    "off": 6740,
    "sff": "cord"
  },
  {
    "docID": "N136 Centenaro 2011",
    "et": "SpinalCord",
    "off": 38101,
    "sff": "cord"
  },
  {
    "docID": "N136 Centenaro 2011",
    "et": "SpinalCord",
    "off": 34775,
    "sff": "cord"
  },
  {
    "docID": "N136 Centenaro 2011",
    "et": "SpinalCord",
    "off": 87,
    "sff": "cord"
  },
  {
    "docID": "N136 Centenaro 2011",
    "et": "SpinalCord",
    "off": 30166,
    "sff": "cord"
  },
  {
    "docID": "N136 Centenaro 2011",
    "et": "SpinalCord",
    "off": 30678,
    "sff": "cord"
  },
  {
    "docID": "N136 Centenaro 2011",
    "et": "SpinalCord",
    "off": 51414,
    "sff": "cord"
  },
  {
    "docID": "N136 Centenaro 2011",
    "et": "SpinalCord",
    "off": 12113,
    "sff": "cord"
  },
  {
    "docID": "N136 Centenaro 2011",
    "et": "SpinalCord",
    "off": 48976,
    "sff": "cord"
  },
  {
    "docID": "N136 Centenaro 2011",
    "et": "SpinalCord",
    "off": 24275,
    "sff": "cord"
  },
  {
    "docID": "N136 Centenaro 2011",
    "et": "SpinalCord",
    "off": 37586,
    "sff": "cord"
  },
  {
    "docID": "N136 Centenaro 2011",
    "et": "SpinalCord",
    "off": 43218,
    "sff": "cord"
  },
  {
    "docID": "N136 Centenaro 2011",
    "et": "SpinalCord",
    "off": 26333,
    "sff": "cord"
  },
  {
    "docID": "N136 Centenaro 2011",
    "et": "SpinalCord",
    "off": 51037,
    "sff": "cord"
  },
  {
    "docID": "N136 Centenaro 2011",
    "et": "SpinalCord",
    "off": 31071,
    "sff": "cord"
  },
  {
    "docID": "N136 Centenaro 2011",
    "et": "SpinalCord",
    "off": 23512,
    "sff": "cord"
  },
  {
    "docID": "N136 Centenaro 2011",
    "et": "SpinalCord",
    "off": 51928,
    "sff": "cord"
  },
  {
    "docID": "N136 Centenaro 2011",
    "et": "SpinalCord",
    "off": 36187,
    "sff": "cord"
  },
  {
    "docID": "N136 Centenaro 2011",
    "et": "SpinalCord",
    "off": 6875,
    "sff": "cord"
  },
  {
    "docID": "N136 Centenaro 2011",
    "et": "SpinalCord",
    "off": 8672,
    "sff": "cord"
  },
  {
    "docID": "N136 Centenaro 2011",
    "et": "SpinalCord",
    "off": 48106,
    "sff": "cord"
  },
  {
    "docID": "N136 Centenaro 2011",
    "et": "SpinalCord",
    "off": 30070,
    "sff": "cord"
  },
  {
    "docID": "N136 Centenaro 2011",
    "et": "SpinalCord",
    "off": 48246,
    "sff": "cord"
  },
  {
    "docID": "N136 Centenaro 2011",
    "et": "SpinalCord",
    "off": 49398,
    "sff": "cord"
  },
  {
    "docID": "N136 Centenaro 2011",
    "et": "SpinalCord",
    "off": 51702,
    "sff": "cord"
  },
  {
    "docID": "N136 Centenaro 2011",
    "et": "SpinalCord",
    "off": 6001,
    "sff": "cord"
  },
  {
    "docID": "N136 Centenaro 2011",
    "et": "SpinalCord",
    "off": 49139,
    "sff": "cord"
  },
  {
    "docID": "N136 Centenaro 2011",
    "et": "SpinalCord",
    "off": 25202,
    "sff": "cord"
  },
  {
    "docID": "N136 Centenaro 2011",
    "et": "SpinalCord",
    "off": 50290,
    "sff": "cord"
  },
  {
    "docID": "N136 Centenaro 2011",
    "et": "SpinalCord",
    "off": 1534,
    "sff": "cord"
  },
  {
    "docID": "N136 Centenaro 2011",
    "et": "SpinalCord",
    "off": 7167,
    "sff": "cord"
  },
  {
    "docID": "N136 Centenaro 2011",
    "et": "SpinalCord",
    "off": 23678,
    "sff": "cord"
  },
  {
    "docID": "N136 Centenaro 2011",
    "et": "SpinalCord",
    "off": 3192,
    "sff": "cord"
  },
  {
    "docID": "N136 Centenaro 2011",
    "et": "SpinalCord",
    "off": 15608,
    "sff": "cord"
  },
  {
    "docID": "N136 Centenaro 2011",
    "et": "SpinalCord",
    "off": 44411,
    "sff": "cord"
  },
  {
    "docID": "N136 Centenaro 2011",
    "et": "SpinalCord",
    "off": 9860,
    "sff": "cord"
  },
  {
    "docID": "N136 Centenaro 2011",
    "et": "SpinalCord",
    "off": 1797,
    "sff": "cord"
  },
  {
    "docID": "N136 Centenaro 2011",
    "et": "SpinalCord",
    "off": 11783,
    "sff": "cord"
  },
  {
    "docID": "N136 Centenaro 2011",
    "et": "SpinalCord",
    "off": 20482,
    "sff": "cord"
  },
  {
    "docID": "N136 Centenaro 2011",
    "et": "SpinalCord",
    "off": 22669,
    "sff": "cord"
  },
  {
    "docID": "N136 Centenaro 2011",
    "et": "SpinalCord",
    "off": 52621,
    "sff": "cord"
  },
  {
    "docID": "N136 Centenaro 2011",
    "et": "SpinalCord",
    "off": 1037,
    "sff": "cord"
  },
  {
    "docID": "N136 Centenaro 2011",
    "et": "SpinalCord",
    "off": 39055,
    "sff": "cord"
  },
  {
    "docID": "N136 Centenaro 2011",
    "et": "SpinalCord",
    "off": 35593,
    "sff": "cord"
  },
  {
    "docID": "N136 Centenaro 2011",
    "et": "SpinalCord",
    "off": 37129,
    "sff": "cord"
  },
  {
    "docID": "N136 Centenaro 2011",
    "et": "SpinalCord",
    "off": 46346,
    "sff": "cord"
  },
  {
    "docID": "N136 Centenaro 2011",
    "et": "SpinalCord",
    "off": 8340,
    "sff": "cord"
  },
  {
    "docID": "N136 Centenaro 2011",
    "et": "SpinalCord",
    "off": 28692,
    "sff": "cord"
  },
  {
    "docID": "N136 Centenaro 2011",
    "et": "SpinalCord",
    "off": 9111,
    "sff": "cord"
  },
  {
    "docID": "N136 Centenaro 2011",
    "et": "SpinalCord",
    "off": 29974,
    "sff": "cord"
  },
  {
    "docID": "N136 Centenaro 2011",
    "et": "SpinalCord",
    "off": 22288,
    "sff": "cord"
  },
  {
    "docID": "N136 Centenaro 2011",
    "et": "SpinalCord",
    "off": 2706,
    "sff": "cord"
  },
  {
    "docID": "N136 Centenaro 2011",
    "et": "SpinalCord",
    "off": 5138,
    "sff": "cord"
  },
  {
    "docID": "N136 Centenaro 2011",
    "et": "SpinalCord",
    "off": 30360,
    "sff": "cord"
  },
  {
    "docID": "N136 Centenaro 2011",
    "et": "SpinalCord",
    "off": 7718,
    "sff": "cord"
  },
  {
    "docID": "N136 Centenaro 2011",
    "et": "SpinalCord",
    "off": 18214,
    "sff": "cord"
  },
  {
    "docID": "N136 Centenaro 2011",
    "et": "SpinalCord",
    "off": 7457,
    "sff": "cord"
  },
  {
    "docID": "N136 Centenaro 2011",
    "et": "SpinalCord",
    "off": 19756,
    "sff": "cord"
  },
  {
    "docID": "N136 Centenaro 2011",
    "et": "SpinalCord",
    "off": 26156,
    "sff": "cord"
  },
  {
    "docID": "N136 Centenaro 2011",
    "et": "SpinalCord",
    "off": 35759,
    "sff": "cord"
  },
  {
    "docID": "N136 Centenaro 2011",
    "et": "SpinalCord",
    "off": 20270,
    "sff": "cord"
  },
  {
    "docID": "N136 Centenaro 2011",
    "et": "SpinalCord",
    "off": 49441,
    "sff": "Cord"
  },
  {
    "docID": "N136 Centenaro 2011",
    "et": "SpinalCord",
    "off": 43689,
    "sff": "cord"
  },
  {
    "docID": "N136 Centenaro 2011",
    "et": "SpinalCord",
    "off": 52265,
    "sff": "cord"
  },
  {
    "docID": "N136 Centenaro 2011",
    "et": "SpinalCord",
    "off": 48424,
    "sff": "cord"
  },
  {
    "docID": "N136 Centenaro 2011",
    "et": "Vertebrae",
    "off": 31028,
    "sff": "vertebrae"
  },
  {
    "docID": "N136 Centenaro 2011",
    "et": "Vertebrae",
    "off": 37092,
    "sff": "vertebrae"
  },
  {
    "docID": "N136 Centenaro 2011",
    "et": "DorsalColumn",
    "off": 49639,
    "sff": "dorsal"
  },
  {
    "docID": "N136 Centenaro 2011",
    "et": "DorsalColumn",
    "off": 17556,
    "sff": "dorsal"
  },
  {
    "docID": "N136 Centenaro 2011",
    "et": "DorsalColumn",
    "off": 24072,
    "sff": "dorsal column"
  },
  {
    "docID": "N136 Centenaro 2011",
    "et": "LesionAdjacentTissue",
    "off": 12231,
    "sff": "lesion"
  },
  {
    "docID": "N136 Centenaro 2011",
    "et": "LesionAdjacentTissue",
    "off": 15495,
    "sff": "lesion"
  },
  {
    "docID": "N136 Centenaro 2011",
    "et": "LesionAdjacentTissue",
    "off": 35913,
    "sff": "lesion"
  },
  {
    "docID": "N136 Centenaro 2011",
    "et": "LesionAdjacentTissue",
    "off": 31428,
    "sff": "lesion"
  },
  {
    "docID": "N136 Centenaro 2011",
    "et": "LesionAdjacentTissue",
    "off": 38149,
    "sff": "lesion"
  },
  {
    "docID": "N136 Centenaro 2011",
    "et": "LesionAdjacentTissue",
    "off": 10116,
    "sff": "lesion"
  },
  {
    "docID": "N136 Centenaro 2011",
    "et": "LesionAdjacentTissue",
    "off": 19716,
    "sff": "lesion"
  },
  {
    "docID": "N136 Centenaro 2011",
    "et": "LesionAdjacentTissue",
    "off": 46017,
    "sff": "lesion"
  },
  {
    "docID": "N136 Centenaro 2011",
    "et": "LesionAdjacentTissue",
    "off": 20983,
    "sff": "lesion"
  },
  {
    "docID": "N136 Centenaro 2011",
    "et": "LesionAdjacentTissue",
    "off": 11190,
    "sff": "lesion"
  },
  {
    "docID": "N136 Centenaro 2011",
    "et": "LesionAdjacentTissue",
    "off": 8504,
    "sff": "lesion"
  },
  {
    "docID": "N136 Centenaro 2011",
    "et": "LesionAdjacentTissue",
    "off": 26740,
    "sff": "lesion"
  },
  {
    "docID": "N136 Centenaro 2011",
    "et": "LesionAdjacentTissue",
    "off": 10354,
    "sff": "lesion"
  },
  {
    "docID": "N136 Centenaro 2011",
    "et": "LesionAdjacentTissue",
    "off": 11058,
    "sff": "lesion"
  },
  {
    "docID": "N136 Centenaro 2011",
    "et": "LesionAdjacentTissue",
    "off": 26675,
    "sff": "lesion"
  },
  {
    "docID": "N136 Centenaro 2011",
    "et": "LesionAdjacentTissue",
    "off": 1838,
    "sff": "lesion"
  },
  {
    "docID": "N136 Centenaro 2011",
    "et": "LesionAdjacentTissue",
    "off": 45807,
    "sff": "lesion"
  },
  {
    "docID": "N136 Centenaro 2011",
    "et": "LesionAdjacentTissue",
    "off": 23915,
    "sff": "lesion"
  },
  {
    "docID": "N136 Centenaro 2011",
    "et": "LesionAdjacentTissue",
    "off": 9062,
    "sff": "lesion"
  },
  {
    "docID": "N136 Centenaro 2011",
    "et": "LesionAdjacentTissue",
    "off": 23397,
    "sff": "lesion"
  },
  {
    "docID": "N136 Centenaro 2011",
    "et": "LesionAdjacentTissue",
    "off": 24357,
    "sff": "lesion"
  },
  {
    "docID": "N136 Centenaro 2011",
    "et": "LesionAdjacentTissue",
    "off": 2149,
    "sff": "lesion"
  },
  {
    "docID": "N136 Centenaro 2011",
    "et": "LesionAdjacentTissue",
    "off": 27875,
    "sff": "lesion"
  },
  {
    "docID": "N136 Centenaro 2011",
    "et": "LesionAdjacentTissue",
    "off": 9503,
    "sff": "lesion"
  },
  {
    "docID": "N136 Centenaro 2011",
    "et": "LesionAdjacentTissue",
    "off": 31264,
    "sff": "lesion"
  },
  {
    "docID": "N136 Centenaro 2011",
    "et": "LesionAdjacentTissue",
    "off": 19232,
    "sff": "lesion"
  },
  {
    "docID": "N136 Centenaro 2011",
    "et": "LesionAdjacentTissue",
    "off": 9302,
    "sff": "lesion"
  },
  {
    "docID": "N136 Centenaro 2011",
    "et": "LesionAdjacentTissue",
    "off": 18457,
    "sff": "lesion"
  },
  {
    "docID": "N136 Centenaro 2011",
    "et": "LesionAdjacentTissue",
    "off": 8722,
    "sff": "lesion"
  },
  {
    "docID": "N136 Centenaro 2011",
    "et": "LesionAdjacentTissue",
    "off": 11730,
    "sff": "lesion"
  },
  {
    "docID": "N136 Centenaro 2011",
    "et": "LesionAdjacentTissue",
    "off": 18834,
    "sff": "lesion"
  },
  {
    "docID": "N136 Centenaro 2011",
    "et": "LesionAdjacentTissue",
    "off": 46229,
    "sff": "lesion"
  },
  {
    "docID": "N136 Centenaro 2011",
    "et": "LesionAdjacentTissue",
    "off": 24593,
    "sff": "lesion"
  },
  {
    "docID": "N136 Centenaro 2011",
    "et": "LesionAdjacentTissue",
    "off": 18059,
    "sff": "lesion"
  },
  {
    "docID": "N136 Centenaro 2011",
    "et": "LesionAdjacentTissue",
    "off": 22090,
    "sff": "lesion"
  },
  {
    "docID": "N136 Centenaro 2011",
    "et": "Cervical",
    "off": 22272,
    "sff": "cervical"
  },
  {
    "docID": "N136 Centenaro 2011",
    "et": "CentralNervousSystem",
    "off": 50111,
    "sff": "nervous system"
  },
  {
    "docID": "N136 Centenaro 2011",
    "et": "CentralNervousSystem",
    "off": 2743,
    "sff": "central"
  },
  {
    "docID": "N136 Centenaro 2011",
    "et": "CentralNervousSystem",
    "off": 28212,
    "sff": "central nervous system"
  },
  {
    "docID": "N136 Centenaro 2011",
    "et": "CentralNervousSystem",
    "off": 50111,
    "sff": "nervous"
  },
  {
    "docID": "N136 Centenaro 2011",
    "et": "CentralNervousSystem",
    "off": 4516,
    "sff": "central nervous system"
  },
  {
    "docID": "N136 Centenaro 2011",
    "et": "CentralNervousSystem",
    "off": 45997,
    "sff": "central"
  },
  {
    "docID": "N136 Centenaro 2011",
    "et": "CentralNervousSystem",
    "off": 4516,
    "sff": "central nervous"
  },
  {
    "docID": "N136 Centenaro 2011",
    "et": "CentralNervousSystem",
    "off": 28212,
    "sff": "central nervous"
  },
  {
    "docID": "N136 Centenaro 2011",
    "et": "CentralNervousSystem",
    "off": 46209,
    "sff": "central"
  },
  {
    "docID": "N136 Centenaro 2011",
    "et": "SpinalGrayMatter",
    "off": 51865,
    "sff": "gray matter"
  },
  {
    "docID": "N136 Centenaro 2011",
    "et": "Location",
    "off": 42955,
    "sff": "location"
  },
  {
    "docID": "N136 Centenaro 2011",
    "et": "Location",
    "off": 6546,
    "sff": "location"
  },
  {
    "docID": "N136 Centenaro 2011",
    "et": "SubstanceApplicationLocation",
    "off": 1454,
    "sff": "application"
  },
  {
    "docID": "N136 Centenaro 2011",
    "et": "SubstanceApplicationLocation",
    "off": 50054,
    "sff": "application"
  },
  {
    "docID": "N136 Centenaro 2011",
    "et": "SubstanceApplicationLocation",
    "off": 28421,
    "sff": "application"
  },
  {
    "docID": "N136 Centenaro 2011",
    "et": "SubstanceApplicationLocation",
    "off": 2869,
    "sff": "application"
  },
  {
    "docID": "N136 Centenaro 2011",
    "et": "SubstanceApplicationLocation",
    "off": 2641,
    "sff": "application"
  },
  {
    "docID": "N136 Centenaro 2011",
    "et": "C3",
    "off": 22704,
    "sff": "C3"
  },
  {
    "docID": "N136 Centenaro 2011",
    "et": "C3",
    "off": 24093,
    "sff": "C3"
  },
  {
    "docID": "N136 Centenaro 2011",
    "et": "C4",
    "off": 22707,
    "sff": "C4"
  },
  {
    "docID": "N136 Centenaro 2011",
    "et": "VertebralArea",
    "off": 31329,
    "sff": "vertebral"
  },
  {
    "docID": "N136 Centenaro 2011",
    "et": "VertebralArea",
    "off": 31409,
    "sff": "vertebral"
  },
  {
    "docID": "N136 Centenaro 2011",
    "et": "SpinalCentralPart",
    "off": 2743,
    "sff": "central"
  },
  {
    "docID": "N136 Centenaro 2011",
    "et": "SpinalCentralPart",
    "off": 45997,
    "sff": "central part"
  },
  {
    "docID": "N136 Centenaro 2011",
    "et": "SpinalCentralPart",
    "off": 4516,
    "sff": "central"
  },
  {
    "docID": "N136 Centenaro 2011",
    "et": "SpinalCentralPart",
    "off": 28212,
    "sff": "central"
  },
  {
    "docID": "N136 Centenaro 2011",
    "et": "SpinalCentralPart",
    "off": 46209,
    "sff": "central part"
  },
  {
    "docID": "N136 Centenaro 2011",
    "et": "InjectionDelivery",
    "off": 22454,
    "sff": "injection"
  },
  {
    "docID": "N136 Centenaro 2011",
    "et": "InjectionDelivery",
    "off": 36972,
    "sff": "injection"
  },
  {
    "docID": "N136 Centenaro 2011",
    "et": "VertebralSegment",
    "off": 31329,
    "sff": "vertebral"
  },
  {
    "docID": "N136 Centenaro 2011",
    "et": "VertebralSegment",
    "off": 31409,
    "sff": "vertebral"
  },
  {
    "docID": "N136 Centenaro 2011",
    "et": "SpinalLesionSite",
    "off": 10354,
    "sff": "lesion"
  },
  {
    "docID": "N136 Centenaro 2011",
    "et": "SpinalLesionSite",
    "off": 11058,
    "sff": "lesion"
  },
  {
    "docID": "N136 Centenaro 2011",
    "et": "SpinalLesionSite",
    "off": 11190,
    "sff": "lesion"
  },
  {
    "docID": "N136 Centenaro 2011",
    "et": "SpinalLesionSite",
    "off": 45807,
    "sff": "lesion"
  },
  {
    "docID": "N136 Centenaro 2011",
    "et": "SpinalLesionSite",
    "off": 26740,
    "sff": "lesion"
  },
  {
    "docID": "N136 Centenaro 2011",
    "et": "SpinalLesionSite",
    "off": 26675,
    "sff": "lesion"
  },
  {
    "docID": "N136 Centenaro 2011",
    "et": "SpinalLesionSite",
    "off": 22090,
    "sff": "lesion site"
  },
  {
    "docID": "N136 Centenaro 2011",
    "et": "SpinalLesionSite",
    "off": 1838,
    "sff": "lesion"
  },
  {
    "docID": "N136 Centenaro 2011",
    "et": "SpinalLesionSite",
    "off": 38149,
    "sff": "lesion site"
  },
  {
    "docID": "N136 Centenaro 2011",
    "et": "SpinalLesionSite",
    "off": 23915,
    "sff": "lesion"
  },
  {
    "docID": "N136 Centenaro 2011",
    "et": "SpinalLesionSite",
    "off": 19232,
    "sff": "lesion"
  },
  {
    "docID": "N136 Centenaro 2011",
    "et": "SpinalLesionSite",
    "off": 31264,
    "sff": "lesion"
  },
  {
    "docID": "N136 Centenaro 2011",
    "et": "SpinalLesionSite",
    "off": 9503,
    "sff": "lesion"
  },
  {
    "docID": "N136 Centenaro 2011",
    "et": "SpinalLesionSite",
    "off": 2149,
    "sff": "lesion"
  },
  {
    "docID": "N136 Centenaro 2011",
    "et": "SpinalLesionSite",
    "off": 24357,
    "sff": "lesion"
  },
  {
    "docID": "N136 Centenaro 2011",
    "et": "SpinalLesionSite",
    "off": 18457,
    "sff": "lesion"
  },
  {
    "docID": "N136 Centenaro 2011",
    "et": "SpinalLesionSite",
    "off": 11730,
    "sff": "lesion"
  },
  {
    "docID": "N136 Centenaro 2011",
    "et": "SpinalLesionSite",
    "off": 18834,
    "sff": "lesion"
  },
  {
    "docID": "N136 Centenaro 2011",
    "et": "SpinalLesionSite",
    "off": 27875,
    "sff": "lesion site"
  },
  {
    "docID": "N136 Centenaro 2011",
    "et": "SpinalLesionSite",
    "off": 24593,
    "sff": "lesion"
  },
  {
    "docID": "N136 Centenaro 2011",
    "et": "SpinalLesionSite",
    "off": 46229,
    "sff": "lesion"
  },
  {
    "docID": "N136 Centenaro 2011",
    "et": "SpinalLesionSite",
    "off": 9302,
    "sff": "lesion"
  },
  {
    "docID": "N136 Centenaro 2011",
    "et": "SpinalLesionSite",
    "off": 35913,
    "sff": "lesion"
  },
  {
    "docID": "N136 Centenaro 2011",
    "et": "SpinalLesionSite",
    "off": 12231,
    "sff": "lesion"
  },
  {
    "docID": "N136 Centenaro 2011",
    "et": "SpinalLesionSite",
    "off": 15495,
    "sff": "lesion"
  },
  {
    "docID": "N136 Centenaro 2011",
    "et": "SpinalLesionSite",
    "off": 9062,
    "sff": "lesion site"
  },
  {
    "docID": "N136 Centenaro 2011",
    "et": "SpinalLesionSite",
    "off": 23397,
    "sff": "lesion site"
  },
  {
    "docID": "N136 Centenaro 2011",
    "et": "SpinalLesionSite",
    "off": 18059,
    "sff": "lesion"
  },
  {
    "docID": "N136 Centenaro 2011",
    "et": "SpinalLesionSite",
    "off": 8722,
    "sff": "lesion site"
  },
  {
    "docID": "N136 Centenaro 2011",
    "et": "SpinalLesionSite",
    "off": 10116,
    "sff": "lesion"
  },
  {
    "docID": "N136 Centenaro 2011",
    "et": "SpinalLesionSite",
    "off": 19716,
    "sff": "lesion"
  },
  {
    "docID": "N136 Centenaro 2011",
    "et": "SpinalLesionSite",
    "off": 31428,
    "sff": "lesion"
  },
  {
    "docID": "N136 Centenaro 2011",
    "et": "SpinalLesionSite",
    "off": 46017,
    "sff": "lesion"
  },
  {
    "docID": "N136 Centenaro 2011",
    "et": "SpinalLesionSite",
    "off": 8504,
    "sff": "lesion"
  },
  {
    "docID": "N136 Centenaro 2011",
    "et": "SpinalLesionSite",
    "off": 20983,
    "sff": "lesion"
  }
]
