[
  {
    "docID": "N139 Collazos-Castro 2005",
    "et": "AnatomicalLocation",
    "off": 36091,
    "sff": "anatomical"
  },
  {
    "docID": "N139 Collazos-Castro 2005",
    "et": "Thoracic",
    "off": 43485,
    "sff": "thoracic"
  },
  {
    "docID": "N139 Collazos-Castro 2005",
    "et": "Thoracic",
    "off": 4030,
    "sff": "thoracic"
  },
  {
    "docID": "N139 Collazos-Castro 2005",
    "et": "Thoracic",
    "off": 4834,
    "sff": "thoracic"
  },
  {
    "docID": "N139 Collazos-Castro 2005",
    "et": "Thoracic",
    "off": 24722,
    "sff": "thoracic"
  },
  {
    "docID": "N139 Collazos-Castro 2005",
    "et": "Thoracic",
    "off": 3508,
    "sff": "thoracic"
  },
  {
    "docID": "N139 Collazos-Castro 2005",
    "et": "Brain",
    "off": 26053,
    "sff": "brain"
  },
  {
    "docID": "N139 Collazos-Castro 2005",
    "et": "Brain",
    "off": 37051,
    "sff": "Brain"
  },
  {
    "docID": "N139 Collazos-Castro 2005",
    "et": "Brain",
    "off": 35237,
    "sff": "Brain"
  },
  {
    "docID": "N139 Collazos-Castro 2005",
    "et": "Brain",
    "off": 44885,
    "sff": "Brain"
  },
  {
    "docID": "N139 Collazos-Castro 2005",
    "et": "Brain",
    "off": 45077,
    "sff": "Brain"
  },
  {
    "docID": "N139 Collazos-Castro 2005",
    "et": "Brain",
    "off": 38969,
    "sff": "brain"
  },
  {
    "docID": "N139 Collazos-Castro 2005",
    "et": "Brain",
    "off": 43793,
    "sff": "Brain"
  },
  {
    "docID": "N139 Collazos-Castro 2005",
    "et": "Brain",
    "off": 42372,
    "sff": "Brain"
  },
  {
    "docID": "N139 Collazos-Castro 2005",
    "et": "AscendingFiberTract",
    "off": 20168,
    "sff": "Fiber"
  },
  {
    "docID": "N139 Collazos-Castro 2005",
    "et": "AscendingFiberTract",
    "off": 33041,
    "sff": "ascending"
  },
  {
    "docID": "N139 Collazos-Castro 2005",
    "et": "SpinalWhiteMatter",
    "off": 14743,
    "sff": "white"
  },
  {
    "docID": "N139 Collazos-Castro 2005",
    "et": "SpinalWhiteMatter",
    "off": 17136,
    "sff": "white matter"
  },
  {
    "docID": "N139 Collazos-Castro 2005",
    "et": "SpinalFiberTract",
    "off": 20168,
    "sff": "Fiber"
  },
  {
    "docID": "N139 Collazos-Castro 2005",
    "et": "SpinalDorsalHalf",
    "off": 749,
    "sff": "dorsal"
  },
  {
    "docID": "N139 Collazos-Castro 2005",
    "et": "SpinalDorsalHalf",
    "off": 14919,
    "sff": "Dorsal"
  },
  {
    "docID": "N139 Collazos-Castro 2005",
    "et": "SpinalDorsalHalf",
    "off": 41613,
    "sff": "dorsal"
  },
  {
    "docID": "N139 Collazos-Castro 2005",
    "et": "SpinalDorsalHalf",
    "off": 20358,
    "sff": "Dorsal"
  },
  {
    "docID": "N139 Collazos-Castro 2005",
    "et": "SpinalDorsalHalf",
    "off": 30895,
    "sff": "dorsal"
  },
  {
    "docID": "N139 Collazos-Castro 2005",
    "et": "SpinalDorsalHalf",
    "off": 39753,
    "sff": "dorsal"
  },
  {
    "docID": "N139 Collazos-Castro 2005",
    "et": "SpinalDorsalHalf",
    "off": 15809,
    "sff": "Dorsal"
  },
  {
    "docID": "N139 Collazos-Castro 2005",
    "et": "SpinalDorsalHalf",
    "off": 38539,
    "sff": "dorsal"
  },
  {
    "docID": "N139 Collazos-Castro 2005",
    "et": "SpinalDorsalHalf",
    "off": 17106,
    "sff": "dorsal"
  },
  {
    "docID": "N139 Collazos-Castro 2005",
    "et": "SpinalDorsalHalf",
    "off": 17506,
    "sff": "dorsal"
  },
  {
    "docID": "N139 Collazos-Castro 2005",
    "et": "SpinalVentralHalf",
    "off": 31042,
    "sff": "ventral"
  },
  {
    "docID": "N139 Collazos-Castro 2005",
    "et": "SpinalCord",
    "off": 14504,
    "sff": "cord"
  },
  {
    "docID": "N139 Collazos-Castro 2005",
    "et": "SpinalCord",
    "off": 17704,
    "sff": "cord"
  },
  {
    "docID": "N139 Collazos-Castro 2005",
    "et": "SpinalCord",
    "off": 425,
    "sff": "cord"
  },
  {
    "docID": "N139 Collazos-Castro 2005",
    "et": "SpinalCord",
    "off": 32937,
    "sff": "cord"
  },
  {
    "docID": "N139 Collazos-Castro 2005",
    "et": "SpinalCord",
    "off": 41388,
    "sff": "cord"
  },
  {
    "docID": "N139 Collazos-Castro 2005",
    "et": "SpinalCord",
    "off": 35371,
    "sff": "cord"
  },
  {
    "docID": "N139 Collazos-Castro 2005",
    "et": "SpinalCord",
    "off": 10033,
    "sff": "cord"
  },
  {
    "docID": "N139 Collazos-Castro 2005",
    "et": "SpinalCord",
    "off": 38574,
    "sff": "cord"
  },
  {
    "docID": "N139 Collazos-Castro 2005",
    "et": "SpinalCord",
    "off": 35508,
    "sff": "cord"
  },
  {
    "docID": "N139 Collazos-Castro 2005",
    "et": "SpinalCord",
    "off": 53,
    "sff": "cord"
  },
  {
    "docID": "N139 Collazos-Castro 2005",
    "et": "SpinalCord",
    "off": 29109,
    "sff": "cord"
  },
  {
    "docID": "N139 Collazos-Castro 2005",
    "et": "SpinalCord",
    "off": 37616,
    "sff": "Cord"
  },
  {
    "docID": "N139 Collazos-Castro 2005",
    "et": "SpinalCord",
    "off": 40249,
    "sff": "cord"
  },
  {
    "docID": "N139 Collazos-Castro 2005",
    "et": "SpinalCord",
    "off": 37564,
    "sff": "cord"
  },
  {
    "docID": "N139 Collazos-Castro 2005",
    "et": "SpinalCord",
    "off": 27835,
    "sff": "cord"
  },
  {
    "docID": "N139 Collazos-Castro 2005",
    "et": "SpinalCord",
    "off": 8769,
    "sff": "cord"
  },
  {
    "docID": "N139 Collazos-Castro 2005",
    "et": "SpinalCord",
    "off": 3268,
    "sff": "cord"
  },
  {
    "docID": "N139 Collazos-Castro 2005",
    "et": "SpinalCord",
    "off": 40386,
    "sff": "cord"
  },
  {
    "docID": "N139 Collazos-Castro 2005",
    "et": "SpinalCord",
    "off": 15942,
    "sff": "cord"
  },
  {
    "docID": "N139 Collazos-Castro 2005",
    "et": "SpinalCord",
    "off": 15431,
    "sff": "cord"
  },
  {
    "docID": "N139 Collazos-Castro 2005",
    "et": "SpinalCord",
    "off": 15562,
    "sff": "cord"
  },
  {
    "docID": "N139 Collazos-Castro 2005",
    "et": "SpinalCord",
    "off": 43082,
    "sff": "cord"
  },
  {
    "docID": "N139 Collazos-Castro 2005",
    "et": "SpinalCord",
    "off": 12629,
    "sff": "cord"
  },
  {
    "docID": "N139 Collazos-Castro 2005",
    "et": "SpinalCord",
    "off": 40917,
    "sff": "cord"
  },
  {
    "docID": "N139 Collazos-Castro 2005",
    "et": "SpinalCord",
    "off": 14679,
    "sff": "cord"
  },
  {
    "docID": "N139 Collazos-Castro 2005",
    "et": "SpinalCord",
    "off": 38108,
    "sff": "cord"
  },
  {
    "docID": "N139 Collazos-Castro 2005",
    "et": "SpinalCord",
    "off": 39388,
    "sff": "cord"
  },
  {
    "docID": "N139 Collazos-Castro 2005",
    "et": "SpinalCord",
    "off": 34912,
    "sff": "cord"
  },
  {
    "docID": "N139 Collazos-Castro 2005",
    "et": "SpinalCord",
    "off": 45150,
    "sff": "cord"
  },
  {
    "docID": "N139 Collazos-Castro 2005",
    "et": "SpinalCord",
    "off": 37224,
    "sff": "cord"
  },
  {
    "docID": "N139 Collazos-Castro 2005",
    "et": "SpinalCord",
    "off": 43501,
    "sff": "cord"
  },
  {
    "docID": "N139 Collazos-Castro 2005",
    "et": "SpinalCord",
    "off": 39786,
    "sff": "cord"
  },
  {
    "docID": "N139 Collazos-Castro 2005",
    "et": "SpinalCord",
    "off": 41835,
    "sff": "cord"
  },
  {
    "docID": "N139 Collazos-Castro 2005",
    "et": "SpinalCord",
    "off": 39536,
    "sff": "cord"
  },
  {
    "docID": "N139 Collazos-Castro 2005",
    "et": "SpinalCord",
    "off": 41973,
    "sff": "cord"
  },
  {
    "docID": "N139 Collazos-Castro 2005",
    "et": "SpinalCord",
    "off": 4850,
    "sff": "cord"
  },
  {
    "docID": "N139 Collazos-Castro 2005",
    "et": "SpinalCord",
    "off": 34429,
    "sff": "cord"
  },
  {
    "docID": "N139 Collazos-Castro 2005",
    "et": "SpinalCord",
    "off": 36605,
    "sff": "cord"
  },
  {
    "docID": "N139 Collazos-Castro 2005",
    "et": "SpinalCord",
    "off": 16506,
    "sff": "cord"
  },
  {
    "docID": "N139 Collazos-Castro 2005",
    "et": "SpinalCord",
    "off": 3195,
    "sff": "cord"
  },
  {
    "docID": "N139 Collazos-Castro 2005",
    "et": "SpinalCord",
    "off": 39425,
    "sff": "cord"
  },
  {
    "docID": "N139 Collazos-Castro 2005",
    "et": "SpinalCord",
    "off": 36862,
    "sff": "cord"
  },
  {
    "docID": "N139 Collazos-Castro 2005",
    "et": "SpinalCord",
    "off": 35973,
    "sff": "cord"
  },
  {
    "docID": "N139 Collazos-Castro 2005",
    "et": "SpinalCord",
    "off": 44168,
    "sff": "cord"
  },
  {
    "docID": "N139 Collazos-Castro 2005",
    "et": "SpinalCord",
    "off": 20873,
    "sff": "cord"
  },
  {
    "docID": "N139 Collazos-Castro 2005",
    "et": "SpinalCord",
    "off": 13197,
    "sff": "cord"
  },
  {
    "docID": "N139 Collazos-Castro 2005",
    "et": "SpinalCord",
    "off": 28810,
    "sff": "cord"
  },
  {
    "docID": "N139 Collazos-Castro 2005",
    "et": "SpinalCord",
    "off": 43787,
    "sff": "cord"
  },
  {
    "docID": "N139 Collazos-Castro 2005",
    "et": "SpinalCord",
    "off": 36121,
    "sff": "cord"
  },
  {
    "docID": "N139 Collazos-Castro 2005",
    "et": "SpinalCord",
    "off": 37404,
    "sff": "cord"
  },
  {
    "docID": "N139 Collazos-Castro 2005",
    "et": "SpinalCord",
    "off": 43676,
    "sff": "cord"
  },
  {
    "docID": "N139 Collazos-Castro 2005",
    "et": "SpinalCord",
    "off": 13466,
    "sff": "cord"
  },
  {
    "docID": "N139 Collazos-Castro 2005",
    "et": "SpinalCord",
    "off": 43937,
    "sff": "cord"
  },
  {
    "docID": "N139 Collazos-Castro 2005",
    "et": "SpinalCord",
    "off": 12575,
    "sff": "cord"
  },
  {
    "docID": "N139 Collazos-Castro 2005",
    "et": "SpinalCord",
    "off": 44196,
    "sff": "cord"
  },
  {
    "docID": "N139 Collazos-Castro 2005",
    "et": "SpinalCord",
    "off": 24738,
    "sff": "cord"
  },
  {
    "docID": "N139 Collazos-Castro 2005",
    "et": "SpinalCord",
    "off": 26274,
    "sff": "cord"
  },
  {
    "docID": "N139 Collazos-Castro 2005",
    "et": "SpinalCord",
    "off": 41251,
    "sff": "cord"
  },
  {
    "docID": "N139 Collazos-Castro 2005",
    "et": "DorsalColumn",
    "off": 41613,
    "sff": "dorsal column"
  },
  {
    "docID": "N139 Collazos-Castro 2005",
    "et": "DorsalColumn",
    "off": 39753,
    "sff": "dorsal"
  },
  {
    "docID": "N139 Collazos-Castro 2005",
    "et": "DorsalColumn",
    "off": 20358,
    "sff": "Dorsal"
  },
  {
    "docID": "N139 Collazos-Castro 2005",
    "et": "DorsalColumn",
    "off": 749,
    "sff": "dorsal"
  },
  {
    "docID": "N139 Collazos-Castro 2005",
    "et": "DorsalColumn",
    "off": 15809,
    "sff": "Dorsal"
  },
  {
    "docID": "N139 Collazos-Castro 2005",
    "et": "DorsalColumn",
    "off": 38539,
    "sff": "dorsal"
  },
  {
    "docID": "N139 Collazos-Castro 2005",
    "et": "DorsalColumn",
    "off": 17106,
    "sff": "dorsal"
  },
  {
    "docID": "N139 Collazos-Castro 2005",
    "et": "DorsalColumn",
    "off": 17506,
    "sff": "dorsal"
  },
  {
    "docID": "N139 Collazos-Castro 2005",
    "et": "DorsalColumn",
    "off": 14919,
    "sff": "Dorsal"
  },
  {
    "docID": "N139 Collazos-Castro 2005",
    "et": "DorsalColumn",
    "off": 30895,
    "sff": "dorsal column"
  },
  {
    "docID": "N139 Collazos-Castro 2005",
    "et": "LesionAdjacentTissue",
    "off": 19581,
    "sff": "lesion"
  },
  {
    "docID": "N139 Collazos-Castro 2005",
    "et": "LesionAdjacentTissue",
    "off": 15612,
    "sff": "lesion"
  },
  {
    "docID": "N139 Collazos-Castro 2005",
    "et": "LesionAdjacentTissue",
    "off": 20732,
    "sff": "lesion"
  },
  {
    "docID": "N139 Collazos-Castro 2005",
    "et": "LesionAdjacentTissue",
    "off": 12684,
    "sff": "adjacent"
  },
  {
    "docID": "N139 Collazos-Castro 2005",
    "et": "LesionAdjacentTissue",
    "off": 17266,
    "sff": "lesion"
  },
  {
    "docID": "N139 Collazos-Castro 2005",
    "et": "LesionAdjacentTissue",
    "off": 19702,
    "sff": "lesion"
  },
  {
    "docID": "N139 Collazos-Castro 2005",
    "et": "LesionAdjacentTissue",
    "off": 2805,
    "sff": "lesion"
  },
  {
    "docID": "N139 Collazos-Castro 2005",
    "et": "LesionAdjacentTissue",
    "off": 27893,
    "sff": "lesion"
  },
  {
    "docID": "N139 Collazos-Castro 2005",
    "et": "LesionAdjacentTissue",
    "off": 32491,
    "sff": "lesion"
  },
  {
    "docID": "N139 Collazos-Castro 2005",
    "et": "LesionAdjacentTissue",
    "off": 24810,
    "sff": "lesion"
  },
  {
    "docID": "N139 Collazos-Castro 2005",
    "et": "LesionAdjacentTissue",
    "off": 29162,
    "sff": "lesion"
  },
  {
    "docID": "N139 Collazos-Castro 2005",
    "et": "LesionAdjacentTissue",
    "off": 36576,
    "sff": "lesion"
  },
  {
    "docID": "N139 Collazos-Castro 2005",
    "et": "LesionAdjacentTissue",
    "off": 9304,
    "sff": "lesion"
  },
  {
    "docID": "N139 Collazos-Castro 2005",
    "et": "LesionAdjacentTissue",
    "off": 2898,
    "sff": "lesion"
  },
  {
    "docID": "N139 Collazos-Castro 2005",
    "et": "LesionAdjacentTissue",
    "off": 30546,
    "sff": "lesion"
  },
  {
    "docID": "N139 Collazos-Castro 2005",
    "et": "LesionAdjacentTissue",
    "off": 27594,
    "sff": "lesion"
  },
  {
    "docID": "N139 Collazos-Castro 2005",
    "et": "LesionAdjacentTissue",
    "off": 29263,
    "sff": "lesion"
  },
  {
    "docID": "N139 Collazos-Castro 2005",
    "et": "LesionAdjacentTissue",
    "off": 34895,
    "sff": "lesion"
  },
  {
    "docID": "N139 Collazos-Castro 2005",
    "et": "LesionAdjacentTissue",
    "off": 20429,
    "sff": "lesion"
  },
  {
    "docID": "N139 Collazos-Castro 2005",
    "et": "LesionAdjacentTissue",
    "off": 3138,
    "sff": "lesion"
  },
  {
    "docID": "N139 Collazos-Castro 2005",
    "et": "LesionAdjacentTissue",
    "off": 12864,
    "sff": "lesion"
  },
  {
    "docID": "N139 Collazos-Castro 2005",
    "et": "LesionAdjacentTissue",
    "off": 827,
    "sff": "lesion"
  },
  {
    "docID": "N139 Collazos-Castro 2005",
    "et": "LesionAdjacentTissue",
    "off": 13629,
    "sff": "lesion"
  },
  {
    "docID": "N139 Collazos-Castro 2005",
    "et": "LesionAdjacentTissue",
    "off": 18365,
    "sff": "lesion"
  },
  {
    "docID": "N139 Collazos-Castro 2005",
    "et": "LesionAdjacentTissue",
    "off": 27312,
    "sff": "lesion"
  },
  {
    "docID": "N139 Collazos-Castro 2005",
    "et": "LesionAdjacentTissue",
    "off": 28855,
    "sff": "lesion"
  },
  {
    "docID": "N139 Collazos-Castro 2005",
    "et": "LesionAdjacentTissue",
    "off": 17460,
    "sff": "lesion"
  },
  {
    "docID": "N139 Collazos-Castro 2005",
    "et": "LesionAdjacentTissue",
    "off": 28724,
    "sff": "lesion"
  },
  {
    "docID": "N139 Collazos-Castro 2005",
    "et": "LesionAdjacentTissue",
    "off": 2593,
    "sff": "lesion"
  },
  {
    "docID": "N139 Collazos-Castro 2005",
    "et": "LesionAdjacentTissue",
    "off": 19872,
    "sff": "lesion"
  },
  {
    "docID": "N139 Collazos-Castro 2005",
    "et": "LesionAdjacentTissue",
    "off": 15271,
    "sff": "lesion"
  },
  {
    "docID": "N139 Collazos-Castro 2005",
    "et": "LesionAdjacentTissue",
    "off": 15968,
    "sff": "adjacent"
  },
  {
    "docID": "N139 Collazos-Castro 2005",
    "et": "LesionAdjacentTissue",
    "off": 28455,
    "sff": "lesion"
  },
  {
    "docID": "N139 Collazos-Castro 2005",
    "et": "LesionAdjacentTissue",
    "off": 41627,
    "sff": "lesion"
  },
  {
    "docID": "N139 Collazos-Castro 2005",
    "et": "LesionAdjacentTissue",
    "off": 3865,
    "sff": "lesion"
  },
  {
    "docID": "N139 Collazos-Castro 2005",
    "et": "LesionAdjacentTissue",
    "off": 27417,
    "sff": "lesion"
  },
  {
    "docID": "N139 Collazos-Castro 2005",
    "et": "LesionAdjacentTissue",
    "off": 28959,
    "sff": "lesion"
  },
  {
    "docID": "N139 Collazos-Castro 2005",
    "et": "LesionAdjacentTissue",
    "off": 14995,
    "sff": "lesion"
  },
  {
    "docID": "N139 Collazos-Castro 2005",
    "et": "LesionAdjacentTissue",
    "off": 1426,
    "sff": "lesion"
  },
  {
    "docID": "N139 Collazos-Castro 2005",
    "et": "LesionAdjacentTissue",
    "off": 10642,
    "sff": "lesion"
  },
  {
    "docID": "N139 Collazos-Castro 2005",
    "et": "LesionAdjacentTissue",
    "off": 20496,
    "sff": "lesion"
  },
  {
    "docID": "N139 Collazos-Castro 2005",
    "et": "LesionAdjacentTissue",
    "off": 41393,
    "sff": "adjacent"
  },
  {
    "docID": "N139 Collazos-Castro 2005",
    "et": "LesionAdjacentTissue",
    "off": 17814,
    "sff": "lesion"
  },
  {
    "docID": "N139 Collazos-Castro 2005",
    "et": "LesionAdjacentTissue",
    "off": 31115,
    "sff": "lesion"
  },
  {
    "docID": "N139 Collazos-Castro 2005",
    "et": "LesionAdjacentTissue",
    "off": 12801,
    "sff": "lesion"
  },
  {
    "docID": "N139 Collazos-Castro 2005",
    "et": "LesionAdjacentTissue",
    "off": 14209,
    "sff": "lesion"
  },
  {
    "docID": "N139 Collazos-Castro 2005",
    "et": "LesionAdjacentTissue",
    "off": 34694,
    "sff": "lesion"
  },
  {
    "docID": "N139 Collazos-Castro 2005",
    "et": "LesionAdjacentTissue",
    "off": 21253,
    "sff": "lesion"
  },
  {
    "docID": "N139 Collazos-Castro 2005",
    "et": "LesionAdjacentTissue",
    "off": 34180,
    "sff": "lesion"
  },
  {
    "docID": "N139 Collazos-Castro 2005",
    "et": "Cervical",
    "off": 24565,
    "sff": "cervical"
  },
  {
    "docID": "N139 Collazos-Castro 2005",
    "et": "Cervical",
    "off": 3252,
    "sff": "cervical"
  },
  {
    "docID": "N139 Collazos-Castro 2005",
    "et": "Cervical",
    "off": 4500,
    "sff": "cervical"
  },
  {
    "docID": "N139 Collazos-Castro 2005",
    "et": "Cervical",
    "off": 4814,
    "sff": "cervical"
  },
  {
    "docID": "N139 Collazos-Castro 2005",
    "et": "Cervical",
    "off": 43757,
    "sff": "cervical"
  },
  {
    "docID": "N139 Collazos-Castro 2005",
    "et": "Cervical",
    "off": 40233,
    "sff": "cervical"
  },
  {
    "docID": "N139 Collazos-Castro 2005",
    "et": "Cervical",
    "off": 37548,
    "sff": "cervical"
  },
  {
    "docID": "N139 Collazos-Castro 2005",
    "et": "Cervical",
    "off": 43660,
    "sff": "cervical"
  },
  {
    "docID": "N139 Collazos-Castro 2005",
    "et": "Cervical",
    "off": 37,
    "sff": "cervical"
  },
  {
    "docID": "N139 Collazos-Castro 2005",
    "et": "Cervical",
    "off": 12613,
    "sff": "cervical"
  },
  {
    "docID": "N139 Collazos-Castro 2005",
    "et": "Cervical",
    "off": 38565,
    "sff": "cervical"
  },
  {
    "docID": "N139 Collazos-Castro 2005",
    "et": "Cervical",
    "off": 10017,
    "sff": "cervical"
  },
  {
    "docID": "N139 Collazos-Castro 2005",
    "et": "Cervical",
    "off": 29599,
    "sff": "cervical"
  },
  {
    "docID": "N139 Collazos-Castro 2005",
    "et": "Cervical",
    "off": 4412,
    "sff": "cervical"
  },
  {
    "docID": "N139 Collazos-Castro 2005",
    "et": "Cervical",
    "off": 30492,
    "sff": "cervical"
  },
  {
    "docID": "N139 Collazos-Castro 2005",
    "et": "CentralNervousSystem",
    "off": 34272,
    "sff": "Central nervous system"
  },
  {
    "docID": "N139 Collazos-Castro 2005",
    "et": "CentralNervousSystem",
    "off": 34272,
    "sff": "Central nervous"
  },
  {
    "docID": "N139 Collazos-Castro 2005",
    "et": "CentralNervousSystem",
    "off": 34814,
    "sff": "central nervous system"
  },
  {
    "docID": "N139 Collazos-Castro 2005",
    "et": "CentralNervousSystem",
    "off": 44392,
    "sff": "central nervous"
  },
  {
    "docID": "N139 Collazos-Castro 2005",
    "et": "CentralNervousSystem",
    "off": 32803,
    "sff": "nervous system"
  },
  {
    "docID": "N139 Collazos-Castro 2005",
    "et": "CentralNervousSystem",
    "off": 17022,
    "sff": "central"
  },
  {
    "docID": "N139 Collazos-Castro 2005",
    "et": "CentralNervousSystem",
    "off": 32803,
    "sff": "nervous"
  },
  {
    "docID": "N139 Collazos-Castro 2005",
    "et": "CentralNervousSystem",
    "off": 12762,
    "sff": "central"
  },
  {
    "docID": "N139 Collazos-Castro 2005",
    "et": "CentralNervousSystem",
    "off": 17530,
    "sff": "central"
  },
  {
    "docID": "N139 Collazos-Castro 2005",
    "et": "CentralNervousSystem",
    "off": 14232,
    "sff": "central"
  },
  {
    "docID": "N139 Collazos-Castro 2005",
    "et": "CentralNervousSystem",
    "off": 44392,
    "sff": "central nervous system"
  },
  {
    "docID": "N139 Collazos-Castro 2005",
    "et": "CentralNervousSystem",
    "off": 34814,
    "sff": "central nervous"
  },
  {
    "docID": "N139 Collazos-Castro 2005",
    "et": "SpinalGrayMatter",
    "off": 17538,
    "sff": "gray matter"
  },
  {
    "docID": "N139 Collazos-Castro 2005",
    "et": "Location",
    "off": 12724,
    "sff": "location"
  },
  {
    "docID": "N139 Collazos-Castro 2005",
    "et": "Location",
    "off": 12979,
    "sff": "location"
  },
  {
    "docID": "N139 Collazos-Castro 2005",
    "et": "Location",
    "off": 2609,
    "sff": "location"
  },
  {
    "docID": "N139 Collazos-Castro 2005",
    "et": "Location",
    "off": 9230,
    "sff": "location"
  },
  {
    "docID": "N139 Collazos-Castro 2005",
    "et": "SubstanceApplicationLocation",
    "off": 42141,
    "sff": "application"
  },
  {
    "docID": "N139 Collazos-Castro 2005",
    "et": "CorticospinalTract",
    "off": 1352,
    "sff": "Corticospinal"
  },
  {
    "docID": "N139 Collazos-Castro 2005",
    "et": "CorticospinalTract",
    "off": 40671,
    "sff": "corticospinal tract"
  },
  {
    "docID": "N139 Collazos-Castro 2005",
    "et": "CorticospinalTract",
    "off": 40805,
    "sff": "corticospinal"
  },
  {
    "docID": "N139 Collazos-Castro 2005",
    "et": "CorticospinalTract",
    "off": 29355,
    "sff": "Corticospinal"
  },
  {
    "docID": "N139 Collazos-Castro 2005",
    "et": "CorticospinalTract",
    "off": 21211,
    "sff": "corticospinal"
  },
  {
    "docID": "N139 Collazos-Castro 2005",
    "et": "CorticospinalTract",
    "off": 39158,
    "sff": "corticospinal tract"
  },
  {
    "docID": "N139 Collazos-Castro 2005",
    "et": "CorticospinalTract",
    "off": 756,
    "sff": "corticospinal tract"
  },
  {
    "docID": "N139 Collazos-Castro 2005",
    "et": "CorticospinalTract",
    "off": 3764,
    "sff": "corticospinal"
  },
  {
    "docID": "N139 Collazos-Castro 2005",
    "et": "CorticospinalTract",
    "off": 40516,
    "sff": "corticospinal"
  },
  {
    "docID": "N139 Collazos-Castro 2005",
    "et": "CorticospinalTract",
    "off": 44324,
    "sff": "corticospinal"
  },
  {
    "docID": "N139 Collazos-Castro 2005",
    "et": "SpinalCentralPart",
    "off": 12762,
    "sff": "central"
  },
  {
    "docID": "N139 Collazos-Castro 2005",
    "et": "SpinalCentralPart",
    "off": 17530,
    "sff": "central"
  },
  {
    "docID": "N139 Collazos-Castro 2005",
    "et": "SpinalCentralPart",
    "off": 17022,
    "sff": "central"
  },
  {
    "docID": "N139 Collazos-Castro 2005",
    "et": "SpinalCentralPart",
    "off": 34814,
    "sff": "central"
  },
  {
    "docID": "N139 Collazos-Castro 2005",
    "et": "SpinalCentralPart",
    "off": 44392,
    "sff": "central"
  },
  {
    "docID": "N139 Collazos-Castro 2005",
    "et": "SpinalCentralPart",
    "off": 14232,
    "sff": "central part"
  },
  {
    "docID": "N139 Collazos-Castro 2005",
    "et": "SpinalCentralPart",
    "off": 34272,
    "sff": "Central"
  },
  {
    "docID": "N139 Collazos-Castro 2005",
    "et": "InjectionDelivery",
    "off": 21191,
    "sff": "injection"
  },
  {
    "docID": "N139 Collazos-Castro 2005",
    "et": "InjectionDelivery",
    "off": 1084,
    "sff": "injection"
  },
  {
    "docID": "N139 Collazos-Castro 2005",
    "et": "InjectionDelivery",
    "off": 9650,
    "sff": "injection"
  },
  {
    "docID": "N139 Collazos-Castro 2005",
    "et": "SpinalLesionSite",
    "off": 15271,
    "sff": "lesion"
  },
  {
    "docID": "N139 Collazos-Castro 2005",
    "et": "SpinalLesionSite",
    "off": 28455,
    "sff": "lesion"
  },
  {
    "docID": "N139 Collazos-Castro 2005",
    "et": "SpinalLesionSite",
    "off": 24810,
    "sff": "lesion"
  },
  {
    "docID": "N139 Collazos-Castro 2005",
    "et": "SpinalLesionSite",
    "off": 29162,
    "sff": "lesion"
  },
  {
    "docID": "N139 Collazos-Castro 2005",
    "et": "SpinalLesionSite",
    "off": 32491,
    "sff": "lesion"
  },
  {
    "docID": "N139 Collazos-Castro 2005",
    "et": "SpinalLesionSite",
    "off": 19872,
    "sff": "lesion"
  },
  {
    "docID": "N139 Collazos-Castro 2005",
    "et": "SpinalLesionSite",
    "off": 28959,
    "sff": "lesion"
  },
  {
    "docID": "N139 Collazos-Castro 2005",
    "et": "SpinalLesionSite",
    "off": 2593,
    "sff": "lesion"
  },
  {
    "docID": "N139 Collazos-Castro 2005",
    "et": "SpinalLesionSite",
    "off": 17814,
    "sff": "lesion"
  },
  {
    "docID": "N139 Collazos-Castro 2005",
    "et": "SpinalLesionSite",
    "off": 9304,
    "sff": "lesion"
  },
  {
    "docID": "N139 Collazos-Castro 2005",
    "et": "SpinalLesionSite",
    "off": 3865,
    "sff": "lesion"
  },
  {
    "docID": "N139 Collazos-Castro 2005",
    "et": "SpinalLesionSite",
    "off": 27417,
    "sff": "lesion"
  },
  {
    "docID": "N139 Collazos-Castro 2005",
    "et": "SpinalLesionSite",
    "off": 41627,
    "sff": "lesion"
  },
  {
    "docID": "N139 Collazos-Castro 2005",
    "et": "SpinalLesionSite",
    "off": 20429,
    "sff": "lesion"
  },
  {
    "docID": "N139 Collazos-Castro 2005",
    "et": "SpinalLesionSite",
    "off": 20496,
    "sff": "lesion"
  },
  {
    "docID": "N139 Collazos-Castro 2005",
    "et": "SpinalLesionSite",
    "off": 29263,
    "sff": "lesion"
  },
  {
    "docID": "N139 Collazos-Castro 2005",
    "et": "SpinalLesionSite",
    "off": 34895,
    "sff": "lesion"
  },
  {
    "docID": "N139 Collazos-Castro 2005",
    "et": "SpinalLesionSite",
    "off": 30546,
    "sff": "lesion"
  },
  {
    "docID": "N139 Collazos-Castro 2005",
    "et": "SpinalLesionSite",
    "off": 1426,
    "sff": "lesion"
  },
  {
    "docID": "N139 Collazos-Castro 2005",
    "et": "SpinalLesionSite",
    "off": 2898,
    "sff": "lesion"
  },
  {
    "docID": "N139 Collazos-Castro 2005",
    "et": "SpinalLesionSite",
    "off": 10642,
    "sff": "lesion"
  },
  {
    "docID": "N139 Collazos-Castro 2005",
    "et": "SpinalLesionSite",
    "off": 14995,
    "sff": "lesion"
  },
  {
    "docID": "N139 Collazos-Castro 2005",
    "et": "SpinalLesionSite",
    "off": 34694,
    "sff": "lesion"
  },
  {
    "docID": "N139 Collazos-Castro 2005",
    "et": "SpinalLesionSite",
    "off": 21253,
    "sff": "lesion"
  },
  {
    "docID": "N139 Collazos-Castro 2005",
    "et": "SpinalLesionSite",
    "off": 27594,
    "sff": "lesion"
  },
  {
    "docID": "N139 Collazos-Castro 2005",
    "et": "SpinalLesionSite",
    "off": 31115,
    "sff": "lesion"
  },
  {
    "docID": "N139 Collazos-Castro 2005",
    "et": "SpinalLesionSite",
    "off": 13629,
    "sff": "lesion"
  },
  {
    "docID": "N139 Collazos-Castro 2005",
    "et": "SpinalLesionSite",
    "off": 18365,
    "sff": "lesion"
  },
  {
    "docID": "N139 Collazos-Castro 2005",
    "et": "SpinalLesionSite",
    "off": 19581,
    "sff": "lesion"
  },
  {
    "docID": "N139 Collazos-Castro 2005",
    "et": "SpinalLesionSite",
    "off": 36576,
    "sff": "lesion site"
  },
  {
    "docID": "N139 Collazos-Castro 2005",
    "et": "SpinalLesionSite",
    "off": 12864,
    "sff": "lesion"
  },
  {
    "docID": "N139 Collazos-Castro 2005",
    "et": "SpinalLesionSite",
    "off": 12801,
    "sff": "lesion"
  },
  {
    "docID": "N139 Collazos-Castro 2005",
    "et": "SpinalLesionSite",
    "off": 14209,
    "sff": "lesion"
  },
  {
    "docID": "N139 Collazos-Castro 2005",
    "et": "SpinalLesionSite",
    "off": 3138,
    "sff": "lesion"
  },
  {
    "docID": "N139 Collazos-Castro 2005",
    "et": "SpinalLesionSite",
    "off": 2805,
    "sff": "lesion"
  },
  {
    "docID": "N139 Collazos-Castro 2005",
    "et": "SpinalLesionSite",
    "off": 19702,
    "sff": "lesion"
  },
  {
    "docID": "N139 Collazos-Castro 2005",
    "et": "SpinalLesionSite",
    "off": 27893,
    "sff": "lesion"
  },
  {
    "docID": "N139 Collazos-Castro 2005",
    "et": "SpinalLesionSite",
    "off": 28855,
    "sff": "lesion"
  },
  {
    "docID": "N139 Collazos-Castro 2005",
    "et": "SpinalLesionSite",
    "off": 827,
    "sff": "lesion"
  },
  {
    "docID": "N139 Collazos-Castro 2005",
    "et": "SpinalLesionSite",
    "off": 20732,
    "sff": "lesion"
  },
  {
    "docID": "N139 Collazos-Castro 2005",
    "et": "SpinalLesionSite",
    "off": 34180,
    "sff": "lesion site"
  },
  {
    "docID": "N139 Collazos-Castro 2005",
    "et": "SpinalLesionSite",
    "off": 15612,
    "sff": "lesion"
  },
  {
    "docID": "N139 Collazos-Castro 2005",
    "et": "SpinalLesionSite",
    "off": 27312,
    "sff": "lesion"
  },
  {
    "docID": "N139 Collazos-Castro 2005",
    "et": "SpinalLesionSite",
    "off": 17266,
    "sff": "lesion"
  },
  {
    "docID": "N139 Collazos-Castro 2005",
    "et": "SpinalLesionSite",
    "off": 28724,
    "sff": "lesion"
  },
  {
    "docID": "N139 Collazos-Castro 2005",
    "et": "SpinalLesionSite",
    "off": 17460,
    "sff": "lesion"
  },
  {
    "docID": "N139 Collazos-Castro 2005",
    "et": "RubrospinalTract",
    "off": 37750,
    "sff": "rubrospinal"
  }
]
