[
  {
    "docID": "N142 Deumens 2006 2",
    "et": "T11",
    "off": 11323,
    "sff": "T11"
  },
  {
    "docID": "N142 Deumens 2006 2",
    "et": "T11",
    "off": 6471,
    "sff": "T11"
  },
  {
    "docID": "N142 Deumens 2006 2",
    "et": "T12",
    "off": 6475,
    "sff": "T12"
  },
  {
    "docID": "N142 Deumens 2006 2",
    "et": "T12",
    "off": 11327,
    "sff": "T12"
  },
  {
    "docID": "N142 Deumens 2006 2",
    "et": "Thoracic",
    "off": 12404,
    "sff": "thoracic"
  },
  {
    "docID": "N142 Deumens 2006 2",
    "et": "Thoracic",
    "off": 30541,
    "sff": "thoracic"
  },
  {
    "docID": "N142 Deumens 2006 2",
    "et": "Brain",
    "off": 13920,
    "sff": "brain"
  },
  {
    "docID": "N142 Deumens 2006 2",
    "et": "Brain",
    "off": 44990,
    "sff": "Brain"
  },
  {
    "docID": "N142 Deumens 2006 2",
    "et": "Brain",
    "off": 43268,
    "sff": "Brain"
  },
  {
    "docID": "N142 Deumens 2006 2",
    "et": "Brain",
    "off": 44275,
    "sff": "Brain"
  },
  {
    "docID": "N142 Deumens 2006 2",
    "et": "AscendingFiberTract",
    "off": 20879,
    "sff": "fiber"
  },
  {
    "docID": "N142 Deumens 2006 2",
    "et": "AscendingFiberTract",
    "off": 12088,
    "sff": "ascending"
  },
  {
    "docID": "N142 Deumens 2006 2",
    "et": "Intraspinal",
    "off": 9393,
    "sff": "intraspinal"
  },
  {
    "docID": "N142 Deumens 2006 2",
    "et": "IntraperitonealLocation",
    "off": 10511,
    "sff": "intraperitoneal"
  },
  {
    "docID": "N142 Deumens 2006 2",
    "et": "SpinalWhiteMatter",
    "off": 30408,
    "sff": "white matter"
  },
  {
    "docID": "N142 Deumens 2006 2",
    "et": "SpinalWhiteMatter",
    "off": 16650,
    "sff": "white matter"
  },
  {
    "docID": "N142 Deumens 2006 2",
    "et": "SpinalWhiteMatter",
    "off": 24971,
    "sff": "white matter"
  },
  {
    "docID": "N142 Deumens 2006 2",
    "et": "SpinalWhiteMatter",
    "off": 16509,
    "sff": "white matter"
  },
  {
    "docID": "N142 Deumens 2006 2",
    "et": "SpinalFiberTract",
    "off": 20879,
    "sff": "fiber"
  },
  {
    "docID": "N142 Deumens 2006 2",
    "et": "DeliveryMethod",
    "off": 41554,
    "sff": "delivery"
  },
  {
    "docID": "N142 Deumens 2006 2",
    "et": "SpinalDorsalHalf",
    "off": 20280,
    "sff": "dorsal"
  },
  {
    "docID": "N142 Deumens 2006 2",
    "et": "SpinalDorsalHalf",
    "off": 22583,
    "sff": "dorsal"
  },
  {
    "docID": "N142 Deumens 2006 2",
    "et": "SpinalDorsalHalf",
    "off": 24955,
    "sff": "dorsal"
  },
  {
    "docID": "N142 Deumens 2006 2",
    "et": "SpinalDorsalHalf",
    "off": 16638,
    "sff": "dorsal"
  },
  {
    "docID": "N142 Deumens 2006 2",
    "et": "SpinalDorsalHalf",
    "off": 11837,
    "sff": "dorsal"
  },
  {
    "docID": "N142 Deumens 2006 2",
    "et": "SpinalDorsalHalf",
    "off": 12098,
    "sff": "dorsal"
  },
  {
    "docID": "N142 Deumens 2006 2",
    "et": "SpinalDorsalHalf",
    "off": 11440,
    "sff": "dorsal half"
  },
  {
    "docID": "N142 Deumens 2006 2",
    "et": "SpinalDorsalHalf",
    "off": 11794,
    "sff": "dorsal"
  },
  {
    "docID": "N142 Deumens 2006 2",
    "et": "SpinalDorsalHalf",
    "off": 12050,
    "sff": "dorsal"
  },
  {
    "docID": "N142 Deumens 2006 2",
    "et": "SpinalDorsalHalf",
    "off": 4690,
    "sff": "dorsal"
  },
  {
    "docID": "N142 Deumens 2006 2",
    "et": "SpinalDorsalHalf",
    "off": 11736,
    "sff": "dorsal"
  },
  {
    "docID": "N142 Deumens 2006 2",
    "et": "SpinalDorsalHalf",
    "off": 29148,
    "sff": "dorsal"
  },
  {
    "docID": "N142 Deumens 2006 2",
    "et": "SpinalDorsalHalf",
    "off": 39006,
    "sff": "dorsal"
  },
  {
    "docID": "N142 Deumens 2006 2",
    "et": "SpinalDorsalHalf",
    "off": 11552,
    "sff": "dorsal"
  },
  {
    "docID": "N142 Deumens 2006 2",
    "et": "SpinalDorsalHalf",
    "off": 38114,
    "sff": "dorsal"
  },
  {
    "docID": "N142 Deumens 2006 2",
    "et": "SpinalDorsalHalf",
    "off": 29028,
    "sff": "dorsal"
  },
  {
    "docID": "N142 Deumens 2006 2",
    "et": "SpinalDorsalHalf",
    "off": 6693,
    "sff": "dorsal"
  },
  {
    "docID": "N142 Deumens 2006 2",
    "et": "SpinalDorsalHalf",
    "off": 37734,
    "sff": "dorsal"
  },
  {
    "docID": "N142 Deumens 2006 2",
    "et": "SpinalDorsalHalf",
    "off": 30245,
    "sff": "dorsal"
  },
  {
    "docID": "N142 Deumens 2006 2",
    "et": "SpinalDorsalHalf",
    "off": 11688,
    "sff": "dorsal"
  },
  {
    "docID": "N142 Deumens 2006 2",
    "et": "SpinalDorsalHalf",
    "off": 6442,
    "sff": "dorsal"
  },
  {
    "docID": "N142 Deumens 2006 2",
    "et": "SpinalDorsalHalf",
    "off": 16497,
    "sff": "dorsal"
  },
  {
    "docID": "N142 Deumens 2006 2",
    "et": "SpinalDorsalHalf",
    "off": 37489,
    "sff": "dorsal"
  },
  {
    "docID": "N142 Deumens 2006 2",
    "et": "SpinalDorsalHalf",
    "off": 41075,
    "sff": "dorsal"
  },
  {
    "docID": "N142 Deumens 2006 2",
    "et": "SpinalDorsalHalf",
    "off": 36662,
    "sff": "dorsal"
  },
  {
    "docID": "N142 Deumens 2006 2",
    "et": "SpinalCord",
    "off": 913,
    "sff": "cord"
  },
  {
    "docID": "N142 Deumens 2006 2",
    "et": "SpinalCord",
    "off": 24211,
    "sff": "cord"
  },
  {
    "docID": "N142 Deumens 2006 2",
    "et": "SpinalCord",
    "off": 41873,
    "sff": "cord"
  },
  {
    "docID": "N142 Deumens 2006 2",
    "et": "SpinalCord",
    "off": 42701,
    "sff": "cord"
  },
  {
    "docID": "N142 Deumens 2006 2",
    "et": "SpinalCord",
    "off": 40458,
    "sff": "cord"
  },
  {
    "docID": "N142 Deumens 2006 2",
    "et": "SpinalCord",
    "off": 32203,
    "sff": "cord"
  },
  {
    "docID": "N142 Deumens 2006 2",
    "et": "SpinalCord",
    "off": 33355,
    "sff": "cord"
  },
  {
    "docID": "N142 Deumens 2006 2",
    "et": "SpinalCord",
    "off": 11466,
    "sff": "cord"
  },
  {
    "docID": "N142 Deumens 2006 2",
    "et": "SpinalCord",
    "off": 32518,
    "sff": "cord"
  },
  {
    "docID": "N142 Deumens 2006 2",
    "et": "SpinalCord",
    "off": 25735,
    "sff": "cord"
  },
  {
    "docID": "N142 Deumens 2006 2",
    "et": "SpinalCord",
    "off": 5063,
    "sff": "cord"
  },
  {
    "docID": "N142 Deumens 2006 2",
    "et": "SpinalCord",
    "off": 45666,
    "sff": "cord"
  },
  {
    "docID": "N142 Deumens 2006 2",
    "et": "SpinalCord",
    "off": 46562,
    "sff": "cord"
  },
  {
    "docID": "N142 Deumens 2006 2",
    "et": "SpinalCord",
    "off": 11360,
    "sff": "cord"
  },
  {
    "docID": "N142 Deumens 2006 2",
    "et": "SpinalCord",
    "off": 14048,
    "sff": "cord"
  },
  {
    "docID": "N142 Deumens 2006 2",
    "et": "SpinalCord",
    "off": 3554,
    "sff": "cord"
  },
  {
    "docID": "N142 Deumens 2006 2",
    "et": "SpinalCord",
    "off": 45791,
    "sff": "cord"
  },
  {
    "docID": "N142 Deumens 2006 2",
    "et": "SpinalCord",
    "off": 42074,
    "sff": "cord"
  },
  {
    "docID": "N142 Deumens 2006 2",
    "et": "SpinalCord",
    "off": 41112,
    "sff": "cord"
  },
  {
    "docID": "N142 Deumens 2006 2",
    "et": "SpinalCord",
    "off": 44632,
    "sff": "cord"
  },
  {
    "docID": "N142 Deumens 2006 2",
    "et": "SpinalCord",
    "off": 14165,
    "sff": "cord"
  },
  {
    "docID": "N142 Deumens 2006 2",
    "et": "SpinalCord",
    "off": 2071,
    "sff": "cord"
  },
  {
    "docID": "N142 Deumens 2006 2",
    "et": "SpinalCord",
    "off": 2391,
    "sff": "cord"
  },
  {
    "docID": "N142 Deumens 2006 2",
    "et": "SpinalCord",
    "off": 4823,
    "sff": "cord"
  },
  {
    "docID": "N142 Deumens 2006 2",
    "et": "SpinalCord",
    "off": 40725,
    "sff": "cord"
  },
  {
    "docID": "N142 Deumens 2006 2",
    "et": "SpinalCord",
    "off": 3377,
    "sff": "cord"
  },
  {
    "docID": "N142 Deumens 2006 2",
    "et": "SpinalCord",
    "off": 34609,
    "sff": "cord"
  },
  {
    "docID": "N142 Deumens 2006 2",
    "et": "SpinalCord",
    "off": 37231,
    "sff": "cord"
  },
  {
    "docID": "N142 Deumens 2006 2",
    "et": "SpinalCord",
    "off": 44460,
    "sff": "cord"
  },
  {
    "docID": "N142 Deumens 2006 2",
    "et": "SpinalCord",
    "off": 43050,
    "sff": "cord"
  },
  {
    "docID": "N142 Deumens 2006 2",
    "et": "SpinalCord",
    "off": 1061,
    "sff": "cord"
  },
  {
    "docID": "N142 Deumens 2006 2",
    "et": "SpinalCord",
    "off": 11940,
    "sff": "cord"
  },
  {
    "docID": "N142 Deumens 2006 2",
    "et": "SpinalCord",
    "off": 42340,
    "sff": "cord"
  },
  {
    "docID": "N142 Deumens 2006 2",
    "et": "SpinalCord",
    "off": 43876,
    "sff": "cord"
  },
  {
    "docID": "N142 Deumens 2006 2",
    "et": "SpinalCord",
    "off": 12609,
    "sff": "cord"
  },
  {
    "docID": "N142 Deumens 2006 2",
    "et": "SpinalCord",
    "off": 16450,
    "sff": "cord"
  },
  {
    "docID": "N142 Deumens 2006 2",
    "et": "SpinalCord",
    "off": 34176,
    "sff": "cord"
  },
  {
    "docID": "N142 Deumens 2006 2",
    "et": "SpinalCord",
    "off": 13949,
    "sff": "cord"
  },
  {
    "docID": "N142 Deumens 2006 2",
    "et": "SpinalCord",
    "off": 24062,
    "sff": "cord"
  },
  {
    "docID": "N142 Deumens 2006 2",
    "et": "SpinalCord",
    "off": 42174,
    "sff": "cord"
  },
  {
    "docID": "N142 Deumens 2006 2",
    "et": "SpinalCord",
    "off": 40319,
    "sff": "cord"
  },
  {
    "docID": "N142 Deumens 2006 2",
    "et": "SpinalCord",
    "off": 41663,
    "sff": "cord"
  },
  {
    "docID": "N142 Deumens 2006 2",
    "et": "SpinalCord",
    "off": 1913,
    "sff": "cord"
  },
  {
    "docID": "N142 Deumens 2006 2",
    "et": "SpinalCord",
    "off": 24632,
    "sff": "cord"
  },
  {
    "docID": "N142 Deumens 2006 2",
    "et": "SpinalCord",
    "off": 43448,
    "sff": "cord"
  },
  {
    "docID": "N142 Deumens 2006 2",
    "et": "SpinalCord",
    "off": 11578,
    "sff": "cord"
  },
  {
    "docID": "N142 Deumens 2006 2",
    "et": "SpinalCord",
    "off": 44793,
    "sff": "cord"
  },
  {
    "docID": "N142 Deumens 2006 2",
    "et": "DorsalColumn",
    "off": 41075,
    "sff": "dorsal"
  },
  {
    "docID": "N142 Deumens 2006 2",
    "et": "DorsalColumn",
    "off": 16497,
    "sff": "dorsal"
  },
  {
    "docID": "N142 Deumens 2006 2",
    "et": "DorsalColumn",
    "off": 37489,
    "sff": "dorsal"
  },
  {
    "docID": "N142 Deumens 2006 2",
    "et": "DorsalColumn",
    "off": 11440,
    "sff": "dorsal"
  },
  {
    "docID": "N142 Deumens 2006 2",
    "et": "DorsalColumn",
    "off": 24955,
    "sff": "dorsal"
  },
  {
    "docID": "N142 Deumens 2006 2",
    "et": "DorsalColumn",
    "off": 22583,
    "sff": "dorsal"
  },
  {
    "docID": "N142 Deumens 2006 2",
    "et": "DorsalColumn",
    "off": 20280,
    "sff": "dorsal"
  },
  {
    "docID": "N142 Deumens 2006 2",
    "et": "DorsalColumn",
    "off": 36662,
    "sff": "dorsal"
  },
  {
    "docID": "N142 Deumens 2006 2",
    "et": "DorsalColumn",
    "off": 11837,
    "sff": "dorsal"
  },
  {
    "docID": "N142 Deumens 2006 2",
    "et": "DorsalColumn",
    "off": 16638,
    "sff": "dorsal"
  },
  {
    "docID": "N142 Deumens 2006 2",
    "et": "DorsalColumn",
    "off": 4690,
    "sff": "dorsal"
  },
  {
    "docID": "N142 Deumens 2006 2",
    "et": "DorsalColumn",
    "off": 11794,
    "sff": "dorsal"
  },
  {
    "docID": "N142 Deumens 2006 2",
    "et": "DorsalColumn",
    "off": 12050,
    "sff": "dorsal"
  },
  {
    "docID": "N142 Deumens 2006 2",
    "et": "DorsalColumn",
    "off": 29148,
    "sff": "dorsal"
  },
  {
    "docID": "N142 Deumens 2006 2",
    "et": "DorsalColumn",
    "off": 11736,
    "sff": "dorsal"
  },
  {
    "docID": "N142 Deumens 2006 2",
    "et": "DorsalColumn",
    "off": 29028,
    "sff": "dorsal"
  },
  {
    "docID": "N142 Deumens 2006 2",
    "et": "DorsalColumn",
    "off": 38114,
    "sff": "dorsal"
  },
  {
    "docID": "N142 Deumens 2006 2",
    "et": "DorsalColumn",
    "off": 11552,
    "sff": "dorsal"
  },
  {
    "docID": "N142 Deumens 2006 2",
    "et": "DorsalColumn",
    "off": 39006,
    "sff": "dorsal"
  },
  {
    "docID": "N142 Deumens 2006 2",
    "et": "DorsalColumn",
    "off": 6442,
    "sff": "dorsal"
  },
  {
    "docID": "N142 Deumens 2006 2",
    "et": "DorsalColumn",
    "off": 12098,
    "sff": "dorsal column"
  },
  {
    "docID": "N142 Deumens 2006 2",
    "et": "DorsalColumn",
    "off": 11688,
    "sff": "dorsal"
  },
  {
    "docID": "N142 Deumens 2006 2",
    "et": "DorsalColumn",
    "off": 6693,
    "sff": "dorsal"
  },
  {
    "docID": "N142 Deumens 2006 2",
    "et": "DorsalColumn",
    "off": 30245,
    "sff": "dorsal"
  },
  {
    "docID": "N142 Deumens 2006 2",
    "et": "DorsalColumn",
    "off": 37734,
    "sff": "dorsal"
  },
  {
    "docID": "N142 Deumens 2006 2",
    "et": "LesionAdjacentTissue",
    "off": 1573,
    "sff": "lesion"
  },
  {
    "docID": "N142 Deumens 2006 2",
    "et": "LesionAdjacentTissue",
    "off": 20514,
    "sff": "lesion"
  },
  {
    "docID": "N142 Deumens 2006 2",
    "et": "LesionAdjacentTissue",
    "off": 29603,
    "sff": "lesion"
  },
  {
    "docID": "N142 Deumens 2006 2",
    "et": "LesionAdjacentTissue",
    "off": 31393,
    "sff": "lesion"
  },
  {
    "docID": "N142 Deumens 2006 2",
    "et": "LesionAdjacentTissue",
    "off": 12204,
    "sff": "lesion"
  },
  {
    "docID": "N142 Deumens 2006 2",
    "et": "LesionAdjacentTissue",
    "off": 29485,
    "sff": "lesion"
  },
  {
    "docID": "N142 Deumens 2006 2",
    "et": "LesionAdjacentTissue",
    "off": 36269,
    "sff": "lesion"
  },
  {
    "docID": "N142 Deumens 2006 2",
    "et": "LesionAdjacentTissue",
    "off": 1066,
    "sff": "lesion"
  },
  {
    "docID": "N142 Deumens 2006 2",
    "et": "LesionAdjacentTissue",
    "off": 25386,
    "sff": "lesion"
  },
  {
    "docID": "N142 Deumens 2006 2",
    "et": "LesionAdjacentTissue",
    "off": 35242,
    "sff": "lesion"
  },
  {
    "docID": "N142 Deumens 2006 2",
    "et": "LesionAdjacentTissue",
    "off": 25513,
    "sff": "lesion"
  },
  {
    "docID": "N142 Deumens 2006 2",
    "et": "LesionAdjacentTissue",
    "off": 31528,
    "sff": "lesion"
  },
  {
    "docID": "N142 Deumens 2006 2",
    "et": "LesionAdjacentTissue",
    "off": 31655,
    "sff": "lesion"
  },
  {
    "docID": "N142 Deumens 2006 2",
    "et": "LesionAdjacentTissue",
    "off": 1319,
    "sff": "lesion"
  },
  {
    "docID": "N142 Deumens 2006 2",
    "et": "LesionAdjacentTissue",
    "off": 16820,
    "sff": "lesion"
  },
  {
    "docID": "N142 Deumens 2006 2",
    "et": "LesionAdjacentTissue",
    "off": 46133,
    "sff": "lesion"
  },
  {
    "docID": "N142 Deumens 2006 2",
    "et": "LesionAdjacentTissue",
    "off": 38706,
    "sff": "lesion"
  },
  {
    "docID": "N142 Deumens 2006 2",
    "et": "LesionAdjacentTissue",
    "off": 38960,
    "sff": "lesion"
  },
  {
    "docID": "N142 Deumens 2006 2",
    "et": "LesionAdjacentTissue",
    "off": 26671,
    "sff": "lesion"
  },
  {
    "docID": "N142 Deumens 2006 2",
    "et": "LesionAdjacentTissue",
    "off": 7087,
    "sff": "lesion"
  },
  {
    "docID": "N142 Deumens 2006 2",
    "et": "LesionAdjacentTissue",
    "off": 31805,
    "sff": "lesion"
  },
  {
    "docID": "N142 Deumens 2006 2",
    "et": "LesionAdjacentTissue",
    "off": 38589,
    "sff": "lesion"
  },
  {
    "docID": "N142 Deumens 2006 2",
    "et": "LesionAdjacentTissue",
    "off": 11962,
    "sff": "lesion"
  },
  {
    "docID": "N142 Deumens 2006 2",
    "et": "LesionAdjacentTissue",
    "off": 34106,
    "sff": "lesion"
  },
  {
    "docID": "N142 Deumens 2006 2",
    "et": "LesionAdjacentTissue",
    "off": 34306,
    "sff": "lesion"
  },
  {
    "docID": "N142 Deumens 2006 2",
    "et": "LesionAdjacentTissue",
    "off": 32767,
    "sff": "lesion"
  },
  {
    "docID": "N142 Deumens 2006 2",
    "et": "LesionAdjacentTissue",
    "off": 38541,
    "sff": "lesion"
  },
  {
    "docID": "N142 Deumens 2006 2",
    "et": "LesionAdjacentTissue",
    "off": 12301,
    "sff": "lesion"
  },
  {
    "docID": "N142 Deumens 2006 2",
    "et": "LesionAdjacentTissue",
    "off": 5129,
    "sff": "lesion"
  },
  {
    "docID": "N142 Deumens 2006 2",
    "et": "LesionAdjacentTissue",
    "off": 4496,
    "sff": "lesion"
  },
  {
    "docID": "N142 Deumens 2006 2",
    "et": "LesionAdjacentTissue",
    "off": 5391,
    "sff": "lesion"
  },
  {
    "docID": "N142 Deumens 2006 2",
    "et": "LesionAdjacentTissue",
    "off": 31261,
    "sff": "lesion"
  },
  {
    "docID": "N142 Deumens 2006 2",
    "et": "LesionAdjacentTissue",
    "off": 3741,
    "sff": "lesion"
  },
  {
    "docID": "N142 Deumens 2006 2",
    "et": "LesionAdjacentTissue",
    "off": 17181,
    "sff": "lesion"
  },
  {
    "docID": "N142 Deumens 2006 2",
    "et": "LesionAdjacentTissue",
    "off": 35995,
    "sff": "lesion"
  },
  {
    "docID": "N142 Deumens 2006 2",
    "et": "LesionAdjacentTissue",
    "off": 918,
    "sff": "lesion"
  },
  {
    "docID": "N142 Deumens 2006 2",
    "et": "LesionAdjacentTissue",
    "off": 13975,
    "sff": "lesion"
  },
  {
    "docID": "N142 Deumens 2006 2",
    "et": "LesionAdjacentTissue",
    "off": 34789,
    "sff": "lesion"
  },
  {
    "docID": "N142 Deumens 2006 2",
    "et": "LesionAdjacentTissue",
    "off": 1634,
    "sff": "lesion"
  },
  {
    "docID": "N142 Deumens 2006 2",
    "et": "LesionAdjacentTissue",
    "off": 3939,
    "sff": "lesion"
  },
  {
    "docID": "N142 Deumens 2006 2",
    "et": "LesionAdjacentTissue",
    "off": 24417,
    "sff": "lesion"
  },
  {
    "docID": "N142 Deumens 2006 2",
    "et": "LesionAdjacentTissue",
    "off": 38497,
    "sff": "lesion"
  },
  {
    "docID": "N142 Deumens 2006 2",
    "et": "LesionAdjacentTissue",
    "off": 11998,
    "sff": "lesion"
  },
  {
    "docID": "N142 Deumens 2006 2",
    "et": "LesionAdjacentTissue",
    "off": 1247,
    "sff": "lesion"
  },
  {
    "docID": "N142 Deumens 2006 2",
    "et": "LesionAdjacentTissue",
    "off": 12652,
    "sff": "lesion"
  },
  {
    "docID": "N142 Deumens 2006 2",
    "et": "LesionAdjacentTissue",
    "off": 30956,
    "sff": "lesion"
  },
  {
    "docID": "N142 Deumens 2006 2",
    "et": "LesionAdjacentTissue",
    "off": 29416,
    "sff": "lesion"
  },
  {
    "docID": "N142 Deumens 2006 2",
    "et": "LesionAdjacentTissue",
    "off": 36327,
    "sff": "lesion"
  },
  {
    "docID": "N142 Deumens 2006 2",
    "et": "LesionAdjacentTissue",
    "off": 45671,
    "sff": "lesion"
  },
  {
    "docID": "N142 Deumens 2006 2",
    "et": "LesionAdjacentTissue",
    "off": 7015,
    "sff": "lesion"
  },
  {
    "docID": "N142 Deumens 2006 2",
    "et": "LesionAdjacentTissue",
    "off": 16756,
    "sff": "lesion"
  },
  {
    "docID": "N142 Deumens 2006 2",
    "et": "LesionAdjacentTissue",
    "off": 28915,
    "sff": "lesion"
  },
  {
    "docID": "N142 Deumens 2006 2",
    "et": "LesionAdjacentTissue",
    "off": 38386,
    "sff": "lesion"
  },
  {
    "docID": "N142 Deumens 2006 2",
    "et": "LesionAdjacentTissue",
    "off": 25457,
    "sff": "lesion"
  },
  {
    "docID": "N142 Deumens 2006 2",
    "et": "LesionAdjacentTissue",
    "off": 39025,
    "sff": "lesion"
  },
  {
    "docID": "N142 Deumens 2006 2",
    "et": "LesionAdjacentTissue",
    "off": 12796,
    "sff": "lesion"
  },
  {
    "docID": "N142 Deumens 2006 2",
    "et": "LesionAdjacentTissue",
    "off": 1405,
    "sff": "lesion"
  },
  {
    "docID": "N142 Deumens 2006 2",
    "et": "LesionAdjacentTissue",
    "off": 12413,
    "sff": "lesion"
  },
  {
    "docID": "N142 Deumens 2006 2",
    "et": "LesionAdjacentTissue",
    "off": 11640,
    "sff": "lesion"
  },
  {
    "docID": "N142 Deumens 2006 2",
    "et": "LesionAdjacentTissue",
    "off": 29047,
    "sff": "lesion"
  },
  {
    "docID": "N142 Deumens 2006 2",
    "et": "LesionAdjacentTissue",
    "off": 1989,
    "sff": "lesion"
  },
  {
    "docID": "N142 Deumens 2006 2",
    "et": "LesionAdjacentTissue",
    "off": 30660,
    "sff": "lesion"
  },
  {
    "docID": "N142 Deumens 2006 2",
    "et": "LesionAdjacentTissue",
    "off": 67,
    "sff": "Lesion"
  },
  {
    "docID": "N142 Deumens 2006 2",
    "et": "LesionAdjacentTissue",
    "off": 29761,
    "sff": "lesion"
  },
  {
    "docID": "N142 Deumens 2006 2",
    "et": "LesionAdjacentTissue",
    "off": 1473,
    "sff": "lesion"
  },
  {
    "docID": "N142 Deumens 2006 2",
    "et": "LesionAdjacentTissue",
    "off": 4159,
    "sff": "lesion"
  },
  {
    "docID": "N142 Deumens 2006 2",
    "et": "LesionAdjacentTissue",
    "off": 20940,
    "sff": "lesion"
  },
  {
    "docID": "N142 Deumens 2006 2",
    "et": "LesionAdjacentTissue",
    "off": 39368,
    "sff": "lesion"
  },
  {
    "docID": "N142 Deumens 2006 2",
    "et": "LesionAdjacentTissue",
    "off": 20434,
    "sff": "lesion"
  },
  {
    "docID": "N142 Deumens 2006 2",
    "et": "LesionAdjacentTissue",
    "off": 38866,
    "sff": "lesion"
  },
  {
    "docID": "N142 Deumens 2006 2",
    "et": "LesionAdjacentTissue",
    "off": 9295,
    "sff": "lesion"
  },
  {
    "docID": "N142 Deumens 2006 2",
    "et": "LesionAdjacentTissue",
    "off": 38734,
    "sff": "lesion"
  },
  {
    "docID": "N142 Deumens 2006 2",
    "et": "LesionAdjacentTissue",
    "off": 30045,
    "sff": "lesion"
  },
  {
    "docID": "N142 Deumens 2006 2",
    "et": "LesionAdjacentTissue",
    "off": 36187,
    "sff": "lesion"
  },
  {
    "docID": "N142 Deumens 2006 2",
    "et": "LesionAdjacentTissue",
    "off": 26583,
    "sff": "lesion"
  },
  {
    "docID": "N142 Deumens 2006 2",
    "et": "CentralNervousSystem",
    "off": 11858,
    "sff": "central"
  },
  {
    "docID": "N142 Deumens 2006 2",
    "et": "CentralNervousSystem",
    "off": 11876,
    "sff": "central"
  },
  {
    "docID": "N142 Deumens 2006 2",
    "et": "SpinalGrayMatter",
    "off": 17128,
    "sff": "gray matter"
  },
  {
    "docID": "N142 Deumens 2006 2",
    "et": "SpinalGrayMatter",
    "off": 16504,
    "sff": "gray"
  },
  {
    "docID": "N142 Deumens 2006 2",
    "et": "SpinalGrayMatter",
    "off": 25156,
    "sff": "gray matter"
  },
  {
    "docID": "N142 Deumens 2006 2",
    "et": "SpinalGrayMatter",
    "off": 16645,
    "sff": "gray"
  },
  {
    "docID": "N142 Deumens 2006 2",
    "et": "SpinalGrayMatter",
    "off": 24962,
    "sff": "gray"
  },
  {
    "docID": "N142 Deumens 2006 2",
    "et": "SpinalGrayMatter",
    "off": 11884,
    "sff": "gray matter"
  },
  {
    "docID": "N142 Deumens 2006 2",
    "et": "SpinalGrayMatter",
    "off": 16732,
    "sff": "gray matter"
  },
  {
    "docID": "N142 Deumens 2006 2",
    "et": "SpinalGrayMatter",
    "off": 16940,
    "sff": "gray matter"
  },
  {
    "docID": "N142 Deumens 2006 2",
    "et": "SpinalGrayMatter",
    "off": 30636,
    "sff": "gray matter"
  },
  {
    "docID": "N142 Deumens 2006 2",
    "et": "Location",
    "off": 26376,
    "sff": "location"
  },
  {
    "docID": "N142 Deumens 2006 2",
    "et": "SubstanceApplicationLocation",
    "off": 41851,
    "sff": "application"
  },
  {
    "docID": "N142 Deumens 2006 2",
    "et": "C1",
    "off": 30214,
    "sff": "C1"
  },
  {
    "docID": "N142 Deumens 2006 2",
    "et": "C2",
    "off": 30217,
    "sff": "C2"
  },
  {
    "docID": "N142 Deumens 2006 2",
    "et": "CorticospinalTract",
    "off": 43680,
    "sff": "corticospinal"
  },
  {
    "docID": "N142 Deumens 2006 2",
    "et": "CorticospinalTract",
    "off": 42807,
    "sff": "corticospinal tract"
  },
  {
    "docID": "N142 Deumens 2006 2",
    "et": "CorticospinalTract",
    "off": 44737,
    "sff": "corticospinal"
  },
  {
    "docID": "N142 Deumens 2006 2",
    "et": "CorticospinalTract",
    "off": 2171,
    "sff": "corticospinal"
  },
  {
    "docID": "N142 Deumens 2006 2",
    "et": "CorticospinalTract",
    "off": 46910,
    "sff": "corticospinal tract"
  },
  {
    "docID": "N142 Deumens 2006 2",
    "et": "CorticospinalTract",
    "off": 20228,
    "sff": "Corticospinal"
  },
  {
    "docID": "N142 Deumens 2006 2",
    "et": "CorticospinalTract",
    "off": 41590,
    "sff": "corticospinal"
  },
  {
    "docID": "N142 Deumens 2006 2",
    "et": "CorticospinalTract",
    "off": 43186,
    "sff": "corticospinal"
  },
  {
    "docID": "N142 Deumens 2006 2",
    "et": "CorticospinalTract",
    "off": 43531,
    "sff": "corticospinal tract"
  },
  {
    "docID": "N142 Deumens 2006 2",
    "et": "CorticospinalTract",
    "off": 43336,
    "sff": "corticospinal"
  },
  {
    "docID": "N142 Deumens 2006 2",
    "et": "CorticospinalTract",
    "off": 21,
    "sff": "Corticospinal"
  },
  {
    "docID": "N142 Deumens 2006 2",
    "et": "CorticospinalTract",
    "off": 868,
    "sff": "corticospinal"
  },
  {
    "docID": "N142 Deumens 2006 2",
    "et": "CorticospinalTract",
    "off": 45604,
    "sff": "corticospinal tract"
  },
  {
    "docID": "N142 Deumens 2006 2",
    "et": "CorticospinalTract",
    "off": 46147,
    "sff": "corticospinal tract"
  },
  {
    "docID": "N142 Deumens 2006 2",
    "et": "SpinalCentralPart",
    "off": 11876,
    "sff": "central"
  },
  {
    "docID": "N142 Deumens 2006 2",
    "et": "SpinalCentralPart",
    "off": 11858,
    "sff": "central"
  },
  {
    "docID": "N142 Deumens 2006 2",
    "et": "InjectionDelivery",
    "off": 10638,
    "sff": "injection"
  },
  {
    "docID": "N142 Deumens 2006 2",
    "et": "InjectionDelivery",
    "off": 36639,
    "sff": "injection"
  },
  {
    "docID": "N142 Deumens 2006 2",
    "et": "InjectionDelivery",
    "off": 12525,
    "sff": "injection"
  },
  {
    "docID": "N142 Deumens 2006 2",
    "et": "InjectionDelivery",
    "off": 24299,
    "sff": "injection"
  },
  {
    "docID": "N142 Deumens 2006 2",
    "et": "InjectionDelivery",
    "off": 33490,
    "sff": "injection"
  },
  {
    "docID": "N142 Deumens 2006 2",
    "et": "InjectionDelivery",
    "off": 12545,
    "sff": "injection"
  },
  {
    "docID": "N142 Deumens 2006 2",
    "et": "InjectionDelivery",
    "off": 12854,
    "sff": "injection"
  },
  {
    "docID": "N142 Deumens 2006 2",
    "et": "InjectionDelivery",
    "off": 13478,
    "sff": "injection"
  },
  {
    "docID": "N142 Deumens 2006 2",
    "et": "InjectionDelivery",
    "off": 39625,
    "sff": "injection"
  },
  {
    "docID": "N142 Deumens 2006 2",
    "et": "InjectionDelivery",
    "off": 5786,
    "sff": "injection"
  },
  {
    "docID": "N142 Deumens 2006 2",
    "et": "InjectionDelivery",
    "off": 11239,
    "sff": "injection"
  },
  {
    "docID": "N142 Deumens 2006 2",
    "et": "InjectionDelivery",
    "off": 36230,
    "sff": "injection"
  },
  {
    "docID": "N142 Deumens 2006 2",
    "et": "SpinalLesionSite",
    "off": 20434,
    "sff": "lesion"
  },
  {
    "docID": "N142 Deumens 2006 2",
    "et": "SpinalLesionSite",
    "off": 38866,
    "sff": "lesion"
  },
  {
    "docID": "N142 Deumens 2006 2",
    "et": "SpinalLesionSite",
    "off": 20940,
    "sff": "lesion"
  },
  {
    "docID": "N142 Deumens 2006 2",
    "et": "SpinalLesionSite",
    "off": 38734,
    "sff": "lesion"
  },
  {
    "docID": "N142 Deumens 2006 2",
    "et": "SpinalLesionSite",
    "off": 26583,
    "sff": "lesion"
  },
  {
    "docID": "N142 Deumens 2006 2",
    "et": "SpinalLesionSite",
    "off": 29416,
    "sff": "lesion site"
  },
  {
    "docID": "N142 Deumens 2006 2",
    "et": "SpinalLesionSite",
    "off": 1247,
    "sff": "lesion"
  },
  {
    "docID": "N142 Deumens 2006 2",
    "et": "SpinalLesionSite",
    "off": 9295,
    "sff": "lesion site"
  },
  {
    "docID": "N142 Deumens 2006 2",
    "et": "SpinalLesionSite",
    "off": 25457,
    "sff": "lesion site"
  },
  {
    "docID": "N142 Deumens 2006 2",
    "et": "SpinalLesionSite",
    "off": 24417,
    "sff": "lesion"
  },
  {
    "docID": "N142 Deumens 2006 2",
    "et": "SpinalLesionSite",
    "off": 38497,
    "sff": "lesion"
  },
  {
    "docID": "N142 Deumens 2006 2",
    "et": "SpinalLesionSite",
    "off": 1634,
    "sff": "lesion"
  },
  {
    "docID": "N142 Deumens 2006 2",
    "et": "SpinalLesionSite",
    "off": 36187,
    "sff": "lesion"
  },
  {
    "docID": "N142 Deumens 2006 2",
    "et": "SpinalLesionSite",
    "off": 30045,
    "sff": "lesion"
  },
  {
    "docID": "N142 Deumens 2006 2",
    "et": "SpinalLesionSite",
    "off": 11998,
    "sff": "lesion"
  },
  {
    "docID": "N142 Deumens 2006 2",
    "et": "SpinalLesionSite",
    "off": 36327,
    "sff": "lesion"
  },
  {
    "docID": "N142 Deumens 2006 2",
    "et": "SpinalLesionSite",
    "off": 45671,
    "sff": "lesion"
  },
  {
    "docID": "N142 Deumens 2006 2",
    "et": "SpinalLesionSite",
    "off": 3939,
    "sff": "lesion"
  },
  {
    "docID": "N142 Deumens 2006 2",
    "et": "SpinalLesionSite",
    "off": 34789,
    "sff": "lesion"
  },
  {
    "docID": "N142 Deumens 2006 2",
    "et": "SpinalLesionSite",
    "off": 26671,
    "sff": "lesion"
  },
  {
    "docID": "N142 Deumens 2006 2",
    "et": "SpinalLesionSite",
    "off": 38960,
    "sff": "lesion"
  },
  {
    "docID": "N142 Deumens 2006 2",
    "et": "SpinalLesionSite",
    "off": 38706,
    "sff": "lesion"
  },
  {
    "docID": "N142 Deumens 2006 2",
    "et": "SpinalLesionSite",
    "off": 36269,
    "sff": "lesion"
  },
  {
    "docID": "N142 Deumens 2006 2",
    "et": "SpinalLesionSite",
    "off": 11962,
    "sff": "lesion"
  },
  {
    "docID": "N142 Deumens 2006 2",
    "et": "SpinalLesionSite",
    "off": 16820,
    "sff": "lesion site"
  },
  {
    "docID": "N142 Deumens 2006 2",
    "et": "SpinalLesionSite",
    "off": 34106,
    "sff": "lesion"
  },
  {
    "docID": "N142 Deumens 2006 2",
    "et": "SpinalLesionSite",
    "off": 46133,
    "sff": "lesion"
  },
  {
    "docID": "N142 Deumens 2006 2",
    "et": "SpinalLesionSite",
    "off": 4159,
    "sff": "lesion"
  },
  {
    "docID": "N142 Deumens 2006 2",
    "et": "SpinalLesionSite",
    "off": 7087,
    "sff": "lesion site"
  },
  {
    "docID": "N142 Deumens 2006 2",
    "et": "SpinalLesionSite",
    "off": 1473,
    "sff": "lesion"
  },
  {
    "docID": "N142 Deumens 2006 2",
    "et": "SpinalLesionSite",
    "off": 29761,
    "sff": "lesion"
  },
  {
    "docID": "N142 Deumens 2006 2",
    "et": "SpinalLesionSite",
    "off": 12204,
    "sff": "lesion site"
  },
  {
    "docID": "N142 Deumens 2006 2",
    "et": "SpinalLesionSite",
    "off": 31805,
    "sff": "lesion"
  },
  {
    "docID": "N142 Deumens 2006 2",
    "et": "SpinalLesionSite",
    "off": 38589,
    "sff": "lesion"
  },
  {
    "docID": "N142 Deumens 2006 2",
    "et": "SpinalLesionSite",
    "off": 1319,
    "sff": "lesion site"
  },
  {
    "docID": "N142 Deumens 2006 2",
    "et": "SpinalLesionSite",
    "off": 39368,
    "sff": "lesion"
  },
  {
    "docID": "N142 Deumens 2006 2",
    "et": "SpinalLesionSite",
    "off": 1989,
    "sff": "lesion"
  },
  {
    "docID": "N142 Deumens 2006 2",
    "et": "SpinalLesionSite",
    "off": 5391,
    "sff": "lesion"
  },
  {
    "docID": "N142 Deumens 2006 2",
    "et": "SpinalLesionSite",
    "off": 4496,
    "sff": "lesion"
  },
  {
    "docID": "N142 Deumens 2006 2",
    "et": "SpinalLesionSite",
    "off": 17181,
    "sff": "lesion site"
  },
  {
    "docID": "N142 Deumens 2006 2",
    "et": "SpinalLesionSite",
    "off": 29603,
    "sff": "lesion site"
  },
  {
    "docID": "N142 Deumens 2006 2",
    "et": "SpinalLesionSite",
    "off": 67,
    "sff": "Lesion"
  },
  {
    "docID": "N142 Deumens 2006 2",
    "et": "SpinalLesionSite",
    "off": 38541,
    "sff": "lesion"
  },
  {
    "docID": "N142 Deumens 2006 2",
    "et": "SpinalLesionSite",
    "off": 31655,
    "sff": "lesion site"
  },
  {
    "docID": "N142 Deumens 2006 2",
    "et": "SpinalLesionSite",
    "off": 13975,
    "sff": "lesion site"
  },
  {
    "docID": "N142 Deumens 2006 2",
    "et": "SpinalLesionSite",
    "off": 25513,
    "sff": "lesion site"
  },
  {
    "docID": "N142 Deumens 2006 2",
    "et": "SpinalLesionSite",
    "off": 25386,
    "sff": "lesion site"
  },
  {
    "docID": "N142 Deumens 2006 2",
    "et": "SpinalLesionSite",
    "off": 29485,
    "sff": "lesion site"
  },
  {
    "docID": "N142 Deumens 2006 2",
    "et": "SpinalLesionSite",
    "off": 918,
    "sff": "lesion"
  },
  {
    "docID": "N142 Deumens 2006 2",
    "et": "SpinalLesionSite",
    "off": 12301,
    "sff": "lesion site"
  },
  {
    "docID": "N142 Deumens 2006 2",
    "et": "SpinalLesionSite",
    "off": 31393,
    "sff": "lesion"
  },
  {
    "docID": "N142 Deumens 2006 2",
    "et": "SpinalLesionSite",
    "off": 20514,
    "sff": "lesion"
  },
  {
    "docID": "N142 Deumens 2006 2",
    "et": "SpinalLesionSite",
    "off": 35995,
    "sff": "lesion"
  },
  {
    "docID": "N142 Deumens 2006 2",
    "et": "SpinalLesionSite",
    "off": 3741,
    "sff": "lesion"
  },
  {
    "docID": "N142 Deumens 2006 2",
    "et": "SpinalLesionSite",
    "off": 5129,
    "sff": "lesion site"
  },
  {
    "docID": "N142 Deumens 2006 2",
    "et": "SpinalLesionSite",
    "off": 31261,
    "sff": "lesion"
  },
  {
    "docID": "N142 Deumens 2006 2",
    "et": "SpinalLesionSite",
    "off": 31528,
    "sff": "lesion"
  },
  {
    "docID": "N142 Deumens 2006 2",
    "et": "SpinalLesionSite",
    "off": 1066,
    "sff": "lesion"
  },
  {
    "docID": "N142 Deumens 2006 2",
    "et": "SpinalLesionSite",
    "off": 35242,
    "sff": "lesion"
  },
  {
    "docID": "N142 Deumens 2006 2",
    "et": "SpinalLesionSite",
    "off": 1573,
    "sff": "lesion"
  },
  {
    "docID": "N142 Deumens 2006 2",
    "et": "SpinalLesionSite",
    "off": 12413,
    "sff": "lesion site"
  },
  {
    "docID": "N142 Deumens 2006 2",
    "et": "SpinalLesionSite",
    "off": 39025,
    "sff": "lesion"
  },
  {
    "docID": "N142 Deumens 2006 2",
    "et": "SpinalLesionSite",
    "off": 12796,
    "sff": "lesion site"
  },
  {
    "docID": "N142 Deumens 2006 2",
    "et": "SpinalLesionSite",
    "off": 38386,
    "sff": "lesion"
  },
  {
    "docID": "N142 Deumens 2006 2",
    "et": "SpinalLesionSite",
    "off": 30660,
    "sff": "lesion site"
  },
  {
    "docID": "N142 Deumens 2006 2",
    "et": "SpinalLesionSite",
    "off": 30956,
    "sff": "lesion"
  },
  {
    "docID": "N142 Deumens 2006 2",
    "et": "SpinalLesionSite",
    "off": 29047,
    "sff": "lesion"
  },
  {
    "docID": "N142 Deumens 2006 2",
    "et": "SpinalLesionSite",
    "off": 11640,
    "sff": "lesion"
  },
  {
    "docID": "N142 Deumens 2006 2",
    "et": "SpinalLesionSite",
    "off": 16756,
    "sff": "lesion site"
  },
  {
    "docID": "N142 Deumens 2006 2",
    "et": "SpinalLesionSite",
    "off": 28915,
    "sff": "lesion"
  },
  {
    "docID": "N142 Deumens 2006 2",
    "et": "SpinalLesionSite",
    "off": 32767,
    "sff": "lesion"
  },
  {
    "docID": "N142 Deumens 2006 2",
    "et": "SpinalLesionSite",
    "off": 12652,
    "sff": "lesion site"
  },
  {
    "docID": "N142 Deumens 2006 2",
    "et": "SpinalLesionSite",
    "off": 34306,
    "sff": "lesion"
  },
  {
    "docID": "N142 Deumens 2006 2",
    "et": "SpinalLesionSite",
    "off": 1405,
    "sff": "lesion"
  },
  {
    "docID": "N142 Deumens 2006 2",
    "et": "SpinalLesionSite",
    "off": 7015,
    "sff": "lesion site"
  },
  {
    "docID": "N142 Deumens 2006 2",
    "et": "RubrospinalTract",
    "off": 12027,
    "sff": "rubrospinal"
  },
  {
    "docID": "N142 Deumens 2006 2",
    "et": "RubrospinalTract",
    "off": 46683,
    "sff": "rubrospinal"
  }
]
