[
  {
    "docID": "N144 Ferrero-Gutierrez 2013",
    "et": "T7",
    "off": 14766,
    "sff": "T7"
  },
  {
    "docID": "N144 Ferrero-Gutierrez 2013",
    "et": "SubcutaneousLocation",
    "off": 33691,
    "sff": "subcutaneous"
  },
  {
    "docID": "N144 Ferrero-Gutierrez 2013",
    "et": "InhalationDelivery",
    "off": 7444,
    "sff": "inhalation"
  },
  {
    "docID": "N144 Ferrero-Gutierrez 2013",
    "et": "InhalationDelivery",
    "off": 14657,
    "sff": "inhalation"
  },
  {
    "docID": "N144 Ferrero-Gutierrez 2013",
    "et": "VertebralLocation",
    "off": 14750,
    "sff": "vertebral"
  },
  {
    "docID": "N144 Ferrero-Gutierrez 2013",
    "et": "Brain",
    "off": 43836,
    "sff": "Brain"
  },
  {
    "docID": "N144 Ferrero-Gutierrez 2013",
    "et": "Brain",
    "off": 42153,
    "sff": "brain"
  },
  {
    "docID": "N144 Ferrero-Gutierrez 2013",
    "et": "Brain",
    "off": 46018,
    "sff": "Brain"
  },
  {
    "docID": "N144 Ferrero-Gutierrez 2013",
    "et": "Brain",
    "off": 47268,
    "sff": "Brain"
  },
  {
    "docID": "N144 Ferrero-Gutierrez 2013",
    "et": "Brain",
    "off": 42182,
    "sff": "Brain"
  },
  {
    "docID": "N144 Ferrero-Gutierrez 2013",
    "et": "Brain",
    "off": 45830,
    "sff": "Brain"
  },
  {
    "docID": "N144 Ferrero-Gutierrez 2013",
    "et": "Brain",
    "off": 44945,
    "sff": "brain"
  },
  {
    "docID": "N144 Ferrero-Gutierrez 2013",
    "et": "AscendingFiberTract",
    "off": 28922,
    "sff": "ascending"
  },
  {
    "docID": "N144 Ferrero-Gutierrez 2013",
    "et": "AscendingFiberTract",
    "off": 39209,
    "sff": "ascending"
  },
  {
    "docID": "N144 Ferrero-Gutierrez 2013",
    "et": "SpinalWhiteMatter",
    "off": 48520,
    "sff": "white matter"
  },
  {
    "docID": "N144 Ferrero-Gutierrez 2013",
    "et": "SpinalWhiteMatter",
    "off": 2432,
    "sff": "white matter"
  },
  {
    "docID": "N144 Ferrero-Gutierrez 2013",
    "et": "SpinalDorsalHalf",
    "off": 47668,
    "sff": "dorsal"
  },
  {
    "docID": "N144 Ferrero-Gutierrez 2013",
    "et": "SpinalDorsalHalf",
    "off": 35641,
    "sff": "dorsal"
  },
  {
    "docID": "N144 Ferrero-Gutierrez 2013",
    "et": "SpinalCord",
    "off": 26870,
    "sff": "cord"
  },
  {
    "docID": "N144 Ferrero-Gutierrez 2013",
    "et": "SpinalCord",
    "off": 50550,
    "sff": "cord"
  },
  {
    "docID": "N144 Ferrero-Gutierrez 2013",
    "et": "SpinalCord",
    "off": 39157,
    "sff": "cord"
  },
  {
    "docID": "N144 Ferrero-Gutierrez 2013",
    "et": "SpinalCord",
    "off": 28146,
    "sff": "cord"
  },
  {
    "docID": "N144 Ferrero-Gutierrez 2013",
    "et": "SpinalCord",
    "off": 14715,
    "sff": "cord"
  },
  {
    "docID": "N144 Ferrero-Gutierrez 2013",
    "et": "SpinalCord",
    "off": 45817,
    "sff": "cord"
  },
  {
    "docID": "N144 Ferrero-Gutierrez 2013",
    "et": "SpinalCord",
    "off": 37380,
    "sff": "cord"
  },
  {
    "docID": "N144 Ferrero-Gutierrez 2013",
    "et": "SpinalCord",
    "off": 14209,
    "sff": "cord"
  },
  {
    "docID": "N144 Ferrero-Gutierrez 2013",
    "et": "SpinalCord",
    "off": 28418,
    "sff": "cord"
  },
  {
    "docID": "N144 Ferrero-Gutierrez 2013",
    "et": "SpinalCord",
    "off": 42882,
    "sff": "cord"
  },
  {
    "docID": "N144 Ferrero-Gutierrez 2013",
    "et": "SpinalCord",
    "off": 128,
    "sff": "cord"
  },
  {
    "docID": "N144 Ferrero-Gutierrez 2013",
    "et": "SpinalCord",
    "off": 22784,
    "sff": "cord"
  },
  {
    "docID": "N144 Ferrero-Gutierrez 2013",
    "et": "SpinalCord",
    "off": 46339,
    "sff": "cord"
  },
  {
    "docID": "N144 Ferrero-Gutierrez 2013",
    "et": "SpinalCord",
    "off": 47886,
    "sff": "cord"
  },
  {
    "docID": "N144 Ferrero-Gutierrez 2013",
    "et": "SpinalCord",
    "off": 14985,
    "sff": "cord"
  },
  {
    "docID": "N144 Ferrero-Gutierrez 2013",
    "et": "SpinalCord",
    "off": 2184,
    "sff": "cord"
  },
  {
    "docID": "N144 Ferrero-Gutierrez 2013",
    "et": "SpinalCord",
    "off": 37128,
    "sff": "cord"
  },
  {
    "docID": "N144 Ferrero-Gutierrez 2013",
    "et": "SpinalCord",
    "off": 46216,
    "sff": "cord"
  },
  {
    "docID": "N144 Ferrero-Gutierrez 2013",
    "et": "SpinalCord",
    "off": 49545,
    "sff": "cord"
  },
  {
    "docID": "N144 Ferrero-Gutierrez 2013",
    "et": "SpinalCord",
    "off": 48662,
    "sff": "cord"
  },
  {
    "docID": "N144 Ferrero-Gutierrez 2013",
    "et": "SpinalCord",
    "off": 27157,
    "sff": "cord"
  },
  {
    "docID": "N144 Ferrero-Gutierrez 2013",
    "et": "SpinalCord",
    "off": 30354,
    "sff": "Cord"
  },
  {
    "docID": "N144 Ferrero-Gutierrez 2013",
    "et": "SpinalCord",
    "off": 29983,
    "sff": "cord"
  },
  {
    "docID": "N144 Ferrero-Gutierrez 2013",
    "et": "SpinalCord",
    "off": 41626,
    "sff": "cord"
  },
  {
    "docID": "N144 Ferrero-Gutierrez 2013",
    "et": "SpinalCord",
    "off": 15128,
    "sff": "cord"
  },
  {
    "docID": "N144 Ferrero-Gutierrez 2013",
    "et": "SpinalCord",
    "off": 37668,
    "sff": "cord"
  },
  {
    "docID": "N144 Ferrero-Gutierrez 2013",
    "et": "SpinalCord",
    "off": 27936,
    "sff": "cord"
  },
  {
    "docID": "N144 Ferrero-Gutierrez 2013",
    "et": "SpinalCord",
    "off": 47649,
    "sff": "cord"
  },
  {
    "docID": "N144 Ferrero-Gutierrez 2013",
    "et": "SpinalCord",
    "off": 21805,
    "sff": "cord"
  },
  {
    "docID": "N144 Ferrero-Gutierrez 2013",
    "et": "SpinalCord",
    "off": 47021,
    "sff": "cord"
  },
  {
    "docID": "N144 Ferrero-Gutierrez 2013",
    "et": "SpinalCord",
    "off": 47530,
    "sff": "cord"
  },
  {
    "docID": "N144 Ferrero-Gutierrez 2013",
    "et": "SpinalCord",
    "off": 30885,
    "sff": "Cord"
  },
  {
    "docID": "N144 Ferrero-Gutierrez 2013",
    "et": "SpinalCord",
    "off": 948,
    "sff": "cord"
  },
  {
    "docID": "N144 Ferrero-Gutierrez 2013",
    "et": "SpinalCord",
    "off": 4023,
    "sff": "cord"
  },
  {
    "docID": "N144 Ferrero-Gutierrez 2013",
    "et": "SpinalCord",
    "off": 22320,
    "sff": "cord"
  },
  {
    "docID": "N144 Ferrero-Gutierrez 2013",
    "et": "SpinalCord",
    "off": 36659,
    "sff": "cord"
  },
  {
    "docID": "N144 Ferrero-Gutierrez 2013",
    "et": "SpinalCord",
    "off": 41521,
    "sff": "cord"
  },
  {
    "docID": "N144 Ferrero-Gutierrez 2013",
    "et": "SpinalCord",
    "off": 43697,
    "sff": "cord"
  },
  {
    "docID": "N144 Ferrero-Gutierrez 2013",
    "et": "SpinalCord",
    "off": 35135,
    "sff": "cord"
  },
  {
    "docID": "N144 Ferrero-Gutierrez 2013",
    "et": "SpinalCord",
    "off": 46012,
    "sff": "cord"
  },
  {
    "docID": "N144 Ferrero-Gutierrez 2013",
    "et": "SpinalCord",
    "off": 42170,
    "sff": "cord"
  },
  {
    "docID": "N144 Ferrero-Gutierrez 2013",
    "et": "SpinalCord",
    "off": 43195,
    "sff": "cord"
  },
  {
    "docID": "N144 Ferrero-Gutierrez 2013",
    "et": "SpinalCord",
    "off": 39864,
    "sff": "cord"
  },
  {
    "docID": "N144 Ferrero-Gutierrez 2013",
    "et": "SpinalCord",
    "off": 28740,
    "sff": "cord"
  },
  {
    "docID": "N144 Ferrero-Gutierrez 2013",
    "et": "SpinalCord",
    "off": 49349,
    "sff": "cord"
  },
  {
    "docID": "N144 Ferrero-Gutierrez 2013",
    "et": "SpinalCord",
    "off": 40010,
    "sff": "cord"
  },
  {
    "docID": "N144 Ferrero-Gutierrez 2013",
    "et": "SpinalCord",
    "off": 587,
    "sff": "cord"
  },
  {
    "docID": "N144 Ferrero-Gutierrez 2013",
    "et": "SpinalCord",
    "off": 48328,
    "sff": "cord"
  },
  {
    "docID": "N144 Ferrero-Gutierrez 2013",
    "et": "SpinalCord",
    "off": 2135,
    "sff": "cord"
  },
  {
    "docID": "N144 Ferrero-Gutierrez 2013",
    "et": "SpinalCord",
    "off": 44501,
    "sff": "cord"
  },
  {
    "docID": "N144 Ferrero-Gutierrez 2013",
    "et": "SpinalCord",
    "off": 37969,
    "sff": "cord"
  },
  {
    "docID": "N144 Ferrero-Gutierrez 2013",
    "et": "SpinalCord",
    "off": 14052,
    "sff": "cord"
  },
  {
    "docID": "N144 Ferrero-Gutierrez 2013",
    "et": "SpinalCord",
    "off": 30820,
    "sff": "cord"
  },
  {
    "docID": "N144 Ferrero-Gutierrez 2013",
    "et": "SpinalCord",
    "off": 43363,
    "sff": "cord"
  },
  {
    "docID": "N144 Ferrero-Gutierrez 2013",
    "et": "SpinalCord",
    "off": 29805,
    "sff": "cord"
  },
  {
    "docID": "N144 Ferrero-Gutierrez 2013",
    "et": "SpinalCord",
    "off": 49517,
    "sff": "cord"
  },
  {
    "docID": "N144 Ferrero-Gutierrez 2013",
    "et": "SpinalCord",
    "off": 36968,
    "sff": "cord"
  },
  {
    "docID": "N144 Ferrero-Gutierrez 2013",
    "et": "DorsalColumn",
    "off": 47668,
    "sff": "dorsal"
  },
  {
    "docID": "N144 Ferrero-Gutierrez 2013",
    "et": "DorsalColumn",
    "off": 35641,
    "sff": "dorsal"
  },
  {
    "docID": "N144 Ferrero-Gutierrez 2013",
    "et": "TailVeinLocation",
    "off": 17127,
    "sff": "tail"
  },
  {
    "docID": "N144 Ferrero-Gutierrez 2013",
    "et": "LesionAdjacentTissue",
    "off": 1831,
    "sff": "lesion"
  },
  {
    "docID": "N144 Ferrero-Gutierrez 2013",
    "et": "LesionAdjacentTissue",
    "off": 37750,
    "sff": "lesion"
  },
  {
    "docID": "N144 Ferrero-Gutierrez 2013",
    "et": "LesionAdjacentTissue",
    "off": 2722,
    "sff": "lesion"
  },
  {
    "docID": "N144 Ferrero-Gutierrez 2013",
    "et": "LesionAdjacentTissue",
    "off": 37265,
    "sff": "lesion"
  },
  {
    "docID": "N144 Ferrero-Gutierrez 2013",
    "et": "LesionAdjacentTissue",
    "off": 23484,
    "sff": "lesion"
  },
  {
    "docID": "N144 Ferrero-Gutierrez 2013",
    "et": "LesionAdjacentTissue",
    "off": 28492,
    "sff": "lesion"
  },
  {
    "docID": "N144 Ferrero-Gutierrez 2013",
    "et": "Cervical",
    "off": 42866,
    "sff": "cervical"
  },
  {
    "docID": "N144 Ferrero-Gutierrez 2013",
    "et": "CentralNervousSystem",
    "off": 45352,
    "sff": "central nervous"
  },
  {
    "docID": "N144 Ferrero-Gutierrez 2013",
    "et": "CentralNervousSystem",
    "off": 22776,
    "sff": "central"
  },
  {
    "docID": "N144 Ferrero-Gutierrez 2013",
    "et": "CentralNervousSystem",
    "off": 26664,
    "sff": "nervous"
  },
  {
    "docID": "N144 Ferrero-Gutierrez 2013",
    "et": "CentralNervousSystem",
    "off": 36993,
    "sff": "nervous"
  },
  {
    "docID": "N144 Ferrero-Gutierrez 2013",
    "et": "CentralNervousSystem",
    "off": 3539,
    "sff": "central nervous"
  },
  {
    "docID": "N144 Ferrero-Gutierrez 2013",
    "et": "CentralNervousSystem",
    "off": 314,
    "sff": "Central"
  },
  {
    "docID": "N144 Ferrero-Gutierrez 2013",
    "et": "CentralNervousSystem",
    "off": 4015,
    "sff": "central"
  },
  {
    "docID": "N144 Ferrero-Gutierrez 2013",
    "et": "CentralNervousSystem",
    "off": 43805,
    "sff": "central nervous system"
  },
  {
    "docID": "N144 Ferrero-Gutierrez 2013",
    "et": "CentralNervousSystem",
    "off": 47407,
    "sff": "central"
  },
  {
    "docID": "N144 Ferrero-Gutierrez 2013",
    "et": "CentralNervousSystem",
    "off": 3539,
    "sff": "central nervous system"
  },
  {
    "docID": "N144 Ferrero-Gutierrez 2013",
    "et": "CentralNervousSystem",
    "off": 14281,
    "sff": "central"
  },
  {
    "docID": "N144 Ferrero-Gutierrez 2013",
    "et": "CentralNervousSystem",
    "off": 43805,
    "sff": "central nervous"
  },
  {
    "docID": "N144 Ferrero-Gutierrez 2013",
    "et": "CentralNervousSystem",
    "off": 26875,
    "sff": "central"
  },
  {
    "docID": "N144 Ferrero-Gutierrez 2013",
    "et": "CentralNervousSystem",
    "off": 45352,
    "sff": "central nervous system"
  },
  {
    "docID": "N144 Ferrero-Gutierrez 2013",
    "et": "CentralNervousSystem",
    "off": 27162,
    "sff": "central"
  },
  {
    "docID": "N144 Ferrero-Gutierrez 2013",
    "et": "CentralNervousSystem",
    "off": 22305,
    "sff": "central"
  },
  {
    "docID": "N144 Ferrero-Gutierrez 2013",
    "et": "SpinalGrayMatter",
    "off": 2423,
    "sff": "gray"
  },
  {
    "docID": "N144 Ferrero-Gutierrez 2013",
    "et": "VertebralArea",
    "off": 14750,
    "sff": "vertebral"
  },
  {
    "docID": "N144 Ferrero-Gutierrez 2013",
    "et": "SpinalCentralPart",
    "off": 22776,
    "sff": "central"
  },
  {
    "docID": "N144 Ferrero-Gutierrez 2013",
    "et": "SpinalCentralPart",
    "off": 45352,
    "sff": "central"
  },
  {
    "docID": "N144 Ferrero-Gutierrez 2013",
    "et": "SpinalCentralPart",
    "off": 314,
    "sff": "Central"
  },
  {
    "docID": "N144 Ferrero-Gutierrez 2013",
    "et": "SpinalCentralPart",
    "off": 3539,
    "sff": "central"
  },
  {
    "docID": "N144 Ferrero-Gutierrez 2013",
    "et": "SpinalCentralPart",
    "off": 22305,
    "sff": "central"
  },
  {
    "docID": "N144 Ferrero-Gutierrez 2013",
    "et": "SpinalCentralPart",
    "off": 4015,
    "sff": "central"
  },
  {
    "docID": "N144 Ferrero-Gutierrez 2013",
    "et": "SpinalCentralPart",
    "off": 47407,
    "sff": "central"
  },
  {
    "docID": "N144 Ferrero-Gutierrez 2013",
    "et": "SpinalCentralPart",
    "off": 43805,
    "sff": "central"
  },
  {
    "docID": "N144 Ferrero-Gutierrez 2013",
    "et": "SpinalCentralPart",
    "off": 26875,
    "sff": "central"
  },
  {
    "docID": "N144 Ferrero-Gutierrez 2013",
    "et": "SpinalCentralPart",
    "off": 27162,
    "sff": "central"
  },
  {
    "docID": "N144 Ferrero-Gutierrez 2013",
    "et": "SpinalCentralPart",
    "off": 14281,
    "sff": "central"
  },
  {
    "docID": "N144 Ferrero-Gutierrez 2013",
    "et": "InjectionDelivery",
    "off": 3904,
    "sff": "injection"
  },
  {
    "docID": "N144 Ferrero-Gutierrez 2013",
    "et": "InjectionDelivery",
    "off": 4603,
    "sff": "injection"
  },
  {
    "docID": "N144 Ferrero-Gutierrez 2013",
    "et": "VertebralSegment",
    "off": 14750,
    "sff": "vertebral"
  },
  {
    "docID": "N144 Ferrero-Gutierrez 2013",
    "et": "SpinalLesionSite",
    "off": 2722,
    "sff": "lesion site"
  },
  {
    "docID": "N144 Ferrero-Gutierrez 2013",
    "et": "SpinalLesionSite",
    "off": 37750,
    "sff": "lesion"
  },
  {
    "docID": "N144 Ferrero-Gutierrez 2013",
    "et": "SpinalLesionSite",
    "off": 23484,
    "sff": "lesion site"
  },
  {
    "docID": "N144 Ferrero-Gutierrez 2013",
    "et": "SpinalLesionSite",
    "off": 28492,
    "sff": "lesion site"
  },
  {
    "docID": "N144 Ferrero-Gutierrez 2013",
    "et": "SpinalLesionSite",
    "off": 1831,
    "sff": "lesion"
  },
  {
    "docID": "N144 Ferrero-Gutierrez 2013",
    "et": "SpinalLesionSite",
    "off": 37265,
    "sff": "lesion site"
  }
]
