[
  {
    "docID": "N145 Fouad 2005",
    "et": "T8",
    "off": 9939,
    "sff": "T8"
  },
  {
    "docID": "N145 Fouad 2005",
    "et": "L1",
    "off": 59983,
    "sff": "L1"
  },
  {
    "docID": "N145 Fouad 2005",
    "et": "SubcutaneousLocation",
    "off": 9384,
    "sff": "subcutaneous"
  },
  {
    "docID": "N145 Fouad 2005",
    "et": "Lumbar",
    "off": 12668,
    "sff": "lumbar"
  },
  {
    "docID": "N145 Fouad 2005",
    "et": "Lumbar",
    "off": 30221,
    "sff": "lumbar"
  },
  {
    "docID": "N145 Fouad 2005",
    "et": "Lumbar",
    "off": 58556,
    "sff": "lumbar"
  },
  {
    "docID": "N145 Fouad 2005",
    "et": "Lumbar",
    "off": 44170,
    "sff": "lumbar"
  },
  {
    "docID": "N145 Fouad 2005",
    "et": "Lumbar",
    "off": 36804,
    "sff": "lumbar"
  },
  {
    "docID": "N145 Fouad 2005",
    "et": "Thoracic",
    "off": 60562,
    "sff": "thoracic"
  },
  {
    "docID": "N145 Fouad 2005",
    "et": "Thoracic",
    "off": 50579,
    "sff": "thoracic"
  },
  {
    "docID": "N145 Fouad 2005",
    "et": "Thoracic",
    "off": 54100,
    "sff": "thoracic"
  },
  {
    "docID": "N145 Fouad 2005",
    "et": "Thoracic",
    "off": 59668,
    "sff": "thoracic"
  },
  {
    "docID": "N145 Fouad 2005",
    "et": "Thoracic",
    "off": 51688,
    "sff": "thoracic"
  },
  {
    "docID": "N145 Fouad 2005",
    "et": "Thoracic",
    "off": 26204,
    "sff": "thoracic"
  },
  {
    "docID": "N145 Fouad 2005",
    "et": "VertebralLocation",
    "off": 40015,
    "sff": "vertebral"
  },
  {
    "docID": "N145 Fouad 2005",
    "et": "VertebralLocation",
    "off": 9770,
    "sff": "vertebral"
  },
  {
    "docID": "N145 Fouad 2005",
    "et": "Brain",
    "off": 58736,
    "sff": "Brain"
  },
  {
    "docID": "N145 Fouad 2005",
    "et": "Brain",
    "off": 52593,
    "sff": "Brain"
  },
  {
    "docID": "N145 Fouad 2005",
    "et": "Brain",
    "off": 40651,
    "sff": "brain"
  },
  {
    "docID": "N145 Fouad 2005",
    "et": "Brain",
    "off": 57068,
    "sff": "Brain"
  },
  {
    "docID": "N145 Fouad 2005",
    "et": "Brain",
    "off": 20808,
    "sff": "brain"
  },
  {
    "docID": "N145 Fouad 2005",
    "et": "Brain",
    "off": 51465,
    "sff": "Brain"
  },
  {
    "docID": "N145 Fouad 2005",
    "et": "Brain",
    "off": 56258,
    "sff": "brain"
  },
  {
    "docID": "N145 Fouad 2005",
    "et": "Brain",
    "off": 21692,
    "sff": "brain"
  },
  {
    "docID": "N145 Fouad 2005",
    "et": "Brain",
    "off": 54851,
    "sff": "brain"
  },
  {
    "docID": "N145 Fouad 2005",
    "et": "Brain",
    "off": 58726,
    "sff": "Brain"
  },
  {
    "docID": "N145 Fouad 2005",
    "et": "Brain",
    "off": 48119,
    "sff": "Brain"
  },
  {
    "docID": "N145 Fouad 2005",
    "et": "AscendingFiberTract",
    "off": 24657,
    "sff": "fiber"
  },
  {
    "docID": "N145 Fouad 2005",
    "et": "AscendingFiberTract",
    "off": 6906,
    "sff": "fiber"
  },
  {
    "docID": "N145 Fouad 2005",
    "et": "AscendingFiberTract",
    "off": 18963,
    "sff": "ascending"
  },
  {
    "docID": "N145 Fouad 2005",
    "et": "AscendingFiberTract",
    "off": 35946,
    "sff": "fiber"
  },
  {
    "docID": "N145 Fouad 2005",
    "et": "AscendingFiberTract",
    "off": 24207,
    "sff": "fiber"
  },
  {
    "docID": "N145 Fouad 2005",
    "et": "AscendingFiberTract",
    "off": 37550,
    "sff": "ascending"
  },
  {
    "docID": "N145 Fouad 2005",
    "et": "AscendingFiberTract",
    "off": 6669,
    "sff": "fiber"
  },
  {
    "docID": "N145 Fouad 2005",
    "et": "AscendingFiberTract",
    "off": 39948,
    "sff": "fiber"
  },
  {
    "docID": "N145 Fouad 2005",
    "et": "Intraspinal",
    "off": 48659,
    "sff": "intraspinal"
  },
  {
    "docID": "N145 Fouad 2005",
    "et": "SpinalFiberTract",
    "off": 39948,
    "sff": "fiber"
  },
  {
    "docID": "N145 Fouad 2005",
    "et": "SpinalFiberTract",
    "off": 35946,
    "sff": "fiber"
  },
  {
    "docID": "N145 Fouad 2005",
    "et": "SpinalFiberTract",
    "off": 6906,
    "sff": "fiber"
  },
  {
    "docID": "N145 Fouad 2005",
    "et": "SpinalFiberTract",
    "off": 24657,
    "sff": "fiber"
  },
  {
    "docID": "N145 Fouad 2005",
    "et": "SpinalFiberTract",
    "off": 24207,
    "sff": "fiber"
  },
  {
    "docID": "N145 Fouad 2005",
    "et": "SpinalFiberTract",
    "off": 6669,
    "sff": "fiber"
  },
  {
    "docID": "N145 Fouad 2005",
    "et": "Intrathecal",
    "off": 12603,
    "sff": "intrathecal"
  },
  {
    "docID": "N145 Fouad 2005",
    "et": "Sacral",
    "off": 48981,
    "sff": "sacral"
  },
  {
    "docID": "N145 Fouad 2005",
    "et": "DeliveryMethod",
    "off": 11440,
    "sff": "delivery"
  },
  {
    "docID": "N145 Fouad 2005",
    "et": "DeliveryMethod",
    "off": 12576,
    "sff": "delivery"
  },
  {
    "docID": "N145 Fouad 2005",
    "et": "DeliveryMethod",
    "off": 12688,
    "sff": "delivery"
  },
  {
    "docID": "N145 Fouad 2005",
    "et": "DeliveryMethod",
    "off": 8898,
    "sff": "delivery"
  },
  {
    "docID": "N145 Fouad 2005",
    "et": "DeliveryMethod",
    "off": 9059,
    "sff": "delivery"
  },
  {
    "docID": "N145 Fouad 2005",
    "et": "DeliveryMethod",
    "off": 11622,
    "sff": "delivery"
  },
  {
    "docID": "N145 Fouad 2005",
    "et": "DeliveryMethod",
    "off": 12919,
    "sff": "delivery"
  },
  {
    "docID": "N145 Fouad 2005",
    "et": "DeliveryMethod",
    "off": 49081,
    "sff": "delivery"
  },
  {
    "docID": "N145 Fouad 2005",
    "et": "DeliveryMethod",
    "off": 11930,
    "sff": "delivery"
  },
  {
    "docID": "N145 Fouad 2005",
    "et": "SpinalDorsalHalf",
    "off": 19057,
    "sff": "dorsal"
  },
  {
    "docID": "N145 Fouad 2005",
    "et": "SpinalDorsalHalf",
    "off": 41964,
    "sff": "dorsal"
  },
  {
    "docID": "N145 Fouad 2005",
    "et": "SpinalDorsalHalf",
    "off": 49119,
    "sff": "dorsal"
  },
  {
    "docID": "N145 Fouad 2005",
    "et": "SpinalDorsalHalf",
    "off": 11109,
    "sff": "dorsal"
  },
  {
    "docID": "N145 Fouad 2005",
    "et": "SpinalCord",
    "off": 14138,
    "sff": "cord"
  },
  {
    "docID": "N145 Fouad 2005",
    "et": "SpinalCord",
    "off": 56447,
    "sff": "Cord"
  },
  {
    "docID": "N145 Fouad 2005",
    "et": "SpinalCord",
    "off": 48444,
    "sff": "cord"
  },
  {
    "docID": "N145 Fouad 2005",
    "et": "SpinalCord",
    "off": 1339,
    "sff": "cord"
  },
  {
    "docID": "N145 Fouad 2005",
    "et": "SpinalCord",
    "off": 20799,
    "sff": "cord"
  },
  {
    "docID": "N145 Fouad 2005",
    "et": "SpinalCord",
    "off": 56642,
    "sff": "cord"
  },
  {
    "docID": "N145 Fouad 2005",
    "et": "SpinalCord",
    "off": 28229,
    "sff": "cord"
  },
  {
    "docID": "N145 Fouad 2005",
    "et": "SpinalCord",
    "off": 42055,
    "sff": "cord"
  },
  {
    "docID": "N145 Fouad 2005",
    "et": "SpinalCord",
    "off": 54342,
    "sff": "cord"
  },
  {
    "docID": "N145 Fouad 2005",
    "et": "SpinalCord",
    "off": 60759,
    "sff": "cord"
  },
  {
    "docID": "N145 Fouad 2005",
    "et": "SpinalCord",
    "off": 58712,
    "sff": "cord"
  },
  {
    "docID": "N145 Fouad 2005",
    "et": "SpinalCord",
    "off": 29015,
    "sff": "cord"
  },
  {
    "docID": "N145 Fouad 2005",
    "et": "SpinalCord",
    "off": 9308,
    "sff": "cord"
  },
  {
    "docID": "N145 Fouad 2005",
    "et": "SpinalCord",
    "off": 52569,
    "sff": "cord"
  },
  {
    "docID": "N145 Fouad 2005",
    "et": "SpinalCord",
    "off": 40541,
    "sff": "cord"
  },
  {
    "docID": "N145 Fouad 2005",
    "et": "SpinalCord",
    "off": 51549,
    "sff": "cord"
  },
  {
    "docID": "N145 Fouad 2005",
    "et": "SpinalCord",
    "off": 54116,
    "sff": "cord"
  },
  {
    "docID": "N145 Fouad 2005",
    "et": "SpinalCord",
    "off": 61281,
    "sff": "cord"
  },
  {
    "docID": "N145 Fouad 2005",
    "et": "SpinalCord",
    "off": 48995,
    "sff": "cord"
  },
  {
    "docID": "N145 Fouad 2005",
    "et": "SpinalCord",
    "off": 57186,
    "sff": "cord"
  },
  {
    "docID": "N145 Fouad 2005",
    "et": "SpinalCord",
    "off": 56423,
    "sff": "cord"
  },
  {
    "docID": "N145 Fouad 2005",
    "et": "SpinalCord",
    "off": 11877,
    "sff": "cord"
  },
  {
    "docID": "N145 Fouad 2005",
    "et": "SpinalCord",
    "off": 45677,
    "sff": "cord"
  },
  {
    "docID": "N145 Fouad 2005",
    "et": "SpinalCord",
    "off": 25457,
    "sff": "cord"
  },
  {
    "docID": "N145 Fouad 2005",
    "et": "SpinalCord",
    "off": 27508,
    "sff": "cord"
  },
  {
    "docID": "N145 Fouad 2005",
    "et": "SpinalCord",
    "off": 55409,
    "sff": "cord"
  },
  {
    "docID": "N145 Fouad 2005",
    "et": "SpinalCord",
    "off": 8051,
    "sff": "cord"
  },
  {
    "docID": "N145 Fouad 2005",
    "et": "SpinalCord",
    "off": 56181,
    "sff": "cord"
  },
  {
    "docID": "N145 Fouad 2005",
    "et": "SpinalCord",
    "off": 57461,
    "sff": "cord"
  },
  {
    "docID": "N145 Fouad 2005",
    "et": "SpinalCord",
    "off": 43127,
    "sff": "cord"
  },
  {
    "docID": "N145 Fouad 2005",
    "et": "SpinalCord",
    "off": 49408,
    "sff": "cord"
  },
  {
    "docID": "N145 Fouad 2005",
    "et": "SpinalCord",
    "off": 767,
    "sff": "cord"
  },
  {
    "docID": "N145 Fouad 2005",
    "et": "SpinalCord",
    "off": 36353,
    "sff": "cord"
  },
  {
    "docID": "N145 Fouad 2005",
    "et": "SpinalCord",
    "off": 49927,
    "sff": "cord"
  },
  {
    "docID": "N145 Fouad 2005",
    "et": "SpinalCord",
    "off": 55562,
    "sff": "cord"
  },
  {
    "docID": "N145 Fouad 2005",
    "et": "SpinalCord",
    "off": 59150,
    "sff": "cord"
  },
  {
    "docID": "N145 Fouad 2005",
    "et": "SpinalCord",
    "off": 40721,
    "sff": "cord"
  },
  {
    "docID": "N145 Fouad 2005",
    "et": "SpinalCord",
    "off": 42519,
    "sff": "cord"
  },
  {
    "docID": "N145 Fouad 2005",
    "et": "SpinalCord",
    "off": 159,
    "sff": "Cord"
  },
  {
    "docID": "N145 Fouad 2005",
    "et": "SpinalCord",
    "off": 41754,
    "sff": "cord"
  },
  {
    "docID": "N145 Fouad 2005",
    "et": "SpinalCord",
    "off": 30235,
    "sff": "cord"
  },
  {
    "docID": "N145 Fouad 2005",
    "et": "SpinalCord",
    "off": 43291,
    "sff": "cord"
  },
  {
    "docID": "N145 Fouad 2005",
    "et": "SpinalCord",
    "off": 12061,
    "sff": "cord"
  },
  {
    "docID": "N145 Fouad 2005",
    "et": "SpinalCord",
    "off": 49181,
    "sff": "cord"
  },
  {
    "docID": "N145 Fouad 2005",
    "et": "SpinalCord",
    "off": 1824,
    "sff": "cord"
  },
  {
    "docID": "N145 Fouad 2005",
    "et": "SpinalCord",
    "off": 53796,
    "sff": "cord"
  },
  {
    "docID": "N145 Fouad 2005",
    "et": "SpinalCord",
    "off": 59684,
    "sff": "cord"
  },
  {
    "docID": "N145 Fouad 2005",
    "et": "SpinalCord",
    "off": 15395,
    "sff": "cord"
  },
  {
    "docID": "N145 Fouad 2005",
    "et": "SpinalCord",
    "off": 47914,
    "sff": "cord"
  },
  {
    "docID": "N145 Fouad 2005",
    "et": "SpinalCord",
    "off": 10025,
    "sff": "cord"
  },
  {
    "docID": "N145 Fouad 2005",
    "et": "SpinalCord",
    "off": 28201,
    "sff": "cord"
  },
  {
    "docID": "N145 Fouad 2005",
    "et": "SpinalCord",
    "off": 1067,
    "sff": "cord"
  },
  {
    "docID": "N145 Fouad 2005",
    "et": "SpinalCord",
    "off": 58922,
    "sff": "cord"
  },
  {
    "docID": "N145 Fouad 2005",
    "et": "SpinalCord",
    "off": 34863,
    "sff": "cord"
  },
  {
    "docID": "N145 Fouad 2005",
    "et": "SpinalCord",
    "off": 60979,
    "sff": "cord"
  },
  {
    "docID": "N145 Fouad 2005",
    "et": "SpinalCord",
    "off": 25654,
    "sff": "cord"
  },
  {
    "docID": "N145 Fouad 2005",
    "et": "SpinalCord",
    "off": 42431,
    "sff": "cord"
  },
  {
    "docID": "N145 Fouad 2005",
    "et": "SpinalCord",
    "off": 60094,
    "sff": "cord"
  },
  {
    "docID": "N145 Fouad 2005",
    "et": "SpinalCord",
    "off": 9921,
    "sff": "cord"
  },
  {
    "docID": "N145 Fouad 2005",
    "et": "SpinalCord",
    "off": 56001,
    "sff": "cord"
  },
  {
    "docID": "N145 Fouad 2005",
    "et": "SpinalCord",
    "off": 12739,
    "sff": "cord"
  },
  {
    "docID": "N145 Fouad 2005",
    "et": "SpinalCord",
    "off": 60359,
    "sff": "cord"
  },
  {
    "docID": "N145 Fouad 2005",
    "et": "SpinalCord",
    "off": 15301,
    "sff": "cord"
  },
  {
    "docID": "N145 Fouad 2005",
    "et": "SpinalCord",
    "off": 59845,
    "sff": "cord"
  },
  {
    "docID": "N145 Fouad 2005",
    "et": "SpinalCord",
    "off": 27338,
    "sff": "cord"
  },
  {
    "docID": "N145 Fouad 2005",
    "et": "SpinalCord",
    "off": 51146,
    "sff": "cord"
  },
  {
    "docID": "N145 Fouad 2005",
    "et": "SpinalCord",
    "off": 24779,
    "sff": "cord"
  },
  {
    "docID": "N145 Fouad 2005",
    "et": "SpinalCord",
    "off": 57807,
    "sff": "cord"
  },
  {
    "docID": "N145 Fouad 2005",
    "et": "SpinalCord",
    "off": 55757,
    "sff": "cord"
  },
  {
    "docID": "N145 Fouad 2005",
    "et": "SpinalCord",
    "off": 36818,
    "sff": "cord"
  },
  {
    "docID": "N145 Fouad 2005",
    "et": "SpinalCord",
    "off": 52179,
    "sff": "cord"
  },
  {
    "docID": "N145 Fouad 2005",
    "et": "SpinalCord",
    "off": 50390,
    "sff": "cord"
  },
  {
    "docID": "N145 Fouad 2005",
    "et": "SpinalCord",
    "off": 45021,
    "sff": "cord"
  },
  {
    "docID": "N145 Fouad 2005",
    "et": "SpinalCord",
    "off": 50909,
    "sff": "cord"
  },
  {
    "docID": "N145 Fouad 2005",
    "et": "SpinalCord",
    "off": 50147,
    "sff": "cord"
  },
  {
    "docID": "N145 Fouad 2005",
    "et": "SpinalCord",
    "off": 25830,
    "sff": "cord"
  },
  {
    "docID": "N145 Fouad 2005",
    "et": "SpinalCord",
    "off": 50663,
    "sff": "cord"
  },
  {
    "docID": "N145 Fouad 2005",
    "et": "SpinalCord",
    "off": 43759,
    "sff": "cord"
  },
  {
    "docID": "N145 Fouad 2005",
    "et": "SpinalCord",
    "off": 48628,
    "sff": "cord"
  },
  {
    "docID": "N145 Fouad 2005",
    "et": "SpinalCord",
    "off": 52727,
    "sff": "cord"
  },
  {
    "docID": "N145 Fouad 2005",
    "et": "SpinalCord",
    "off": 51704,
    "sff": "cord"
  },
  {
    "docID": "N145 Fouad 2005",
    "et": "SpinalCord",
    "off": 20983,
    "sff": "cord"
  },
  {
    "docID": "N145 Fouad 2005",
    "et": "SpinalCord",
    "off": 56822,
    "sff": "cord"
  },
  {
    "docID": "N145 Fouad 2005",
    "et": "SpinalCord",
    "off": 892,
    "sff": "cord"
  },
  {
    "docID": "N145 Fouad 2005",
    "et": "SpinalCord",
    "off": 34939,
    "sff": "cord"
  },
  {
    "docID": "N145 Fouad 2005",
    "et": "SpinalCord",
    "off": 26237,
    "sff": "cord"
  },
  {
    "docID": "N145 Fouad 2005",
    "et": "SpinalCord",
    "off": 9862,
    "sff": "cord"
  },
  {
    "docID": "N145 Fouad 2005",
    "et": "SpinalCord",
    "off": 14981,
    "sff": "cord"
  },
  {
    "docID": "N145 Fouad 2005",
    "et": "SpinalCord",
    "off": 49543,
    "sff": "cord"
  },
  {
    "docID": "N145 Fouad 2005",
    "et": "SpinalCord",
    "off": 5772,
    "sff": "cord"
  },
  {
    "docID": "N145 Fouad 2005",
    "et": "SpinalCord",
    "off": 13964,
    "sff": "cord"
  },
  {
    "docID": "N145 Fouad 2005",
    "et": "SpinalCord",
    "off": 27276,
    "sff": "cord"
  },
  {
    "docID": "N145 Fouad 2005",
    "et": "SpinalCord",
    "off": 44177,
    "sff": "cord"
  },
  {
    "docID": "N145 Fouad 2005",
    "et": "SpinalCord",
    "off": 61074,
    "sff": "cord"
  },
  {
    "docID": "N145 Fouad 2005",
    "et": "SpinalCord",
    "off": 10647,
    "sff": "cord"
  },
  {
    "docID": "N145 Fouad 2005",
    "et": "SpinalCord",
    "off": 30615,
    "sff": "cord"
  },
  {
    "docID": "N145 Fouad 2005",
    "et": "SpinalCord",
    "off": 2458,
    "sff": "cord"
  },
  {
    "docID": "N145 Fouad 2005",
    "et": "SpinalCord",
    "off": 51353,
    "sff": "cord"
  },
  {
    "docID": "N145 Fouad 2005",
    "et": "SpinalCord",
    "off": 28576,
    "sff": "cord"
  },
  {
    "docID": "N145 Fouad 2005",
    "et": "SpinalCord",
    "off": 53153,
    "sff": "cord"
  },
  {
    "docID": "N145 Fouad 2005",
    "et": "SpinalCord",
    "off": 50595,
    "sff": "cord"
  },
  {
    "docID": "N145 Fouad 2005",
    "et": "SpinalCord",
    "off": 60578,
    "sff": "cord"
  },
  {
    "docID": "N145 Fouad 2005",
    "et": "SpinalCord",
    "off": 59047,
    "sff": "cord"
  },
  {
    "docID": "N145 Fouad 2005",
    "et": "SpinalCord",
    "off": 21933,
    "sff": "cord"
  },
  {
    "docID": "N145 Fouad 2005",
    "et": "SpinalCord",
    "off": 57005,
    "sff": "cord"
  },
  {
    "docID": "N145 Fouad 2005",
    "et": "SpinalCord",
    "off": 37295,
    "sff": "cord"
  },
  {
    "docID": "N145 Fouad 2005",
    "et": "SpinalCord",
    "off": 21683,
    "sff": "cord"
  },
  {
    "docID": "N145 Fouad 2005",
    "et": "DorsalColumn",
    "off": 41964,
    "sff": "dorsal"
  },
  {
    "docID": "N145 Fouad 2005",
    "et": "DorsalColumn",
    "off": 49119,
    "sff": "dorsal column"
  },
  {
    "docID": "N145 Fouad 2005",
    "et": "DorsalColumn",
    "off": 19057,
    "sff": "dorsal"
  },
  {
    "docID": "N145 Fouad 2005",
    "et": "DorsalColumn",
    "off": 11109,
    "sff": "dorsal"
  },
  {
    "docID": "N145 Fouad 2005",
    "et": "TailVeinLocation",
    "off": 35589,
    "sff": "tail"
  },
  {
    "docID": "N145 Fouad 2005",
    "et": "TailVeinLocation",
    "off": 19004,
    "sff": "tail"
  },
  {
    "docID": "N145 Fouad 2005",
    "et": "TailVeinLocation",
    "off": 35372,
    "sff": "tail"
  },
  {
    "docID": "N145 Fouad 2005",
    "et": "TailVeinLocation",
    "off": 27124,
    "sff": "tail"
  },
  {
    "docID": "N145 Fouad 2005",
    "et": "LesionAdjacentTissue",
    "off": 24269,
    "sff": "lesion"
  },
  {
    "docID": "N145 Fouad 2005",
    "et": "LesionAdjacentTissue",
    "off": 45933,
    "sff": "lesion"
  },
  {
    "docID": "N145 Fouad 2005",
    "et": "LesionAdjacentTissue",
    "off": 11502,
    "sff": "lesion"
  },
  {
    "docID": "N145 Fouad 2005",
    "et": "LesionAdjacentTissue",
    "off": 45195,
    "sff": "lesion"
  },
  {
    "docID": "N145 Fouad 2005",
    "et": "LesionAdjacentTissue",
    "off": 35308,
    "sff": "lesion"
  },
  {
    "docID": "N145 Fouad 2005",
    "et": "LesionAdjacentTissue",
    "off": 42642,
    "sff": "lesion"
  },
  {
    "docID": "N145 Fouad 2005",
    "et": "LesionAdjacentTissue",
    "off": 55762,
    "sff": "lesion"
  },
  {
    "docID": "N145 Fouad 2005",
    "et": "LesionAdjacentTissue",
    "off": 42704,
    "sff": "lesion"
  },
  {
    "docID": "N145 Fouad 2005",
    "et": "LesionAdjacentTissue",
    "off": 58927,
    "sff": "lesion"
  },
  {
    "docID": "N145 Fouad 2005",
    "et": "LesionAdjacentTissue",
    "off": 37161,
    "sff": "lesion"
  },
  {
    "docID": "N145 Fouad 2005",
    "et": "LesionAdjacentTissue",
    "off": 52732,
    "sff": "lesion"
  },
  {
    "docID": "N145 Fouad 2005",
    "et": "LesionAdjacentTissue",
    "off": 11486,
    "sff": "adjacent"
  },
  {
    "docID": "N145 Fouad 2005",
    "et": "LesionAdjacentTissue",
    "off": 21648,
    "sff": "adjacent"
  },
  {
    "docID": "N145 Fouad 2005",
    "et": "LesionAdjacentTissue",
    "off": 35062,
    "sff": "lesion"
  },
  {
    "docID": "N145 Fouad 2005",
    "et": "LesionAdjacentTissue",
    "off": 10483,
    "sff": "lesion"
  },
  {
    "docID": "N145 Fouad 2005",
    "et": "LesionAdjacentTissue",
    "off": 30553,
    "sff": "lesion"
  },
  {
    "docID": "N145 Fouad 2005",
    "et": "LesionAdjacentTissue",
    "off": 44666,
    "sff": "lesion"
  },
  {
    "docID": "N145 Fouad 2005",
    "et": "LesionAdjacentTissue",
    "off": 25784,
    "sff": "lesion"
  },
  {
    "docID": "N145 Fouad 2005",
    "et": "Cervical",
    "off": 52923,
    "sff": "cervical"
  },
  {
    "docID": "N145 Fouad 2005",
    "et": "Cervical",
    "off": 21924,
    "sff": "cervical"
  },
  {
    "docID": "N145 Fouad 2005",
    "et": "Cervical",
    "off": 51639,
    "sff": "Cervical"
  },
  {
    "docID": "N145 Fouad 2005",
    "et": "CentralNervousSystem",
    "off": 54665,
    "sff": "central nervous"
  },
  {
    "docID": "N145 Fouad 2005",
    "et": "CentralNervousSystem",
    "off": 59417,
    "sff": "central nervous"
  },
  {
    "docID": "N145 Fouad 2005",
    "et": "CentralNervousSystem",
    "off": 40230,
    "sff": "nervous system"
  },
  {
    "docID": "N145 Fouad 2005",
    "et": "CentralNervousSystem",
    "off": 51434,
    "sff": "central nervous"
  },
  {
    "docID": "N145 Fouad 2005",
    "et": "CentralNervousSystem",
    "off": 40230,
    "sff": "nervous"
  },
  {
    "docID": "N145 Fouad 2005",
    "et": "CentralNervousSystem",
    "off": 59880,
    "sff": "central nervous"
  },
  {
    "docID": "N145 Fouad 2005",
    "et": "CentralNervousSystem",
    "off": 54665,
    "sff": "central nervous system"
  },
  {
    "docID": "N145 Fouad 2005",
    "et": "CentralNervousSystem",
    "off": 59417,
    "sff": "central nervous system"
  },
  {
    "docID": "N145 Fouad 2005",
    "et": "CentralNervousSystem",
    "off": 59880,
    "sff": "central nervous system"
  },
  {
    "docID": "N145 Fouad 2005",
    "et": "CentralNervousSystem",
    "off": 51434,
    "sff": "central nervous system"
  },
  {
    "docID": "N145 Fouad 2005",
    "et": "Location",
    "off": 35428,
    "sff": "location"
  },
  {
    "docID": "N145 Fouad 2005",
    "et": "SubstanceApplicationLocation",
    "off": 26276,
    "sff": "application"
  },
  {
    "docID": "N145 Fouad 2005",
    "et": "SubstanceApplicationLocation",
    "off": 36647,
    "sff": "application"
  },
  {
    "docID": "N145 Fouad 2005",
    "et": "SubstanceApplicationLocation",
    "off": 40774,
    "sff": "application"
  },
  {
    "docID": "N145 Fouad 2005",
    "et": "SubstanceApplicationLocation",
    "off": 43668,
    "sff": "application"
  },
  {
    "docID": "N145 Fouad 2005",
    "et": "SubstanceApplicationLocation",
    "off": 40601,
    "sff": "application"
  },
  {
    "docID": "N145 Fouad 2005",
    "et": "SubstanceApplicationLocation",
    "off": 47353,
    "sff": "application"
  },
  {
    "docID": "N145 Fouad 2005",
    "et": "SubstanceApplicationLocation",
    "off": 40381,
    "sff": "application"
  },
  {
    "docID": "N145 Fouad 2005",
    "et": "VertebralArea",
    "off": 40015,
    "sff": "vertebral"
  },
  {
    "docID": "N145 Fouad 2005",
    "et": "VertebralArea",
    "off": 9770,
    "sff": "vertebral"
  },
  {
    "docID": "N145 Fouad 2005",
    "et": "CorticospinalTract",
    "off": 51661,
    "sff": "corticospinal"
  },
  {
    "docID": "N145 Fouad 2005",
    "et": "CorticospinalTract",
    "off": 19775,
    "sff": "corticospinal tract"
  },
  {
    "docID": "N145 Fouad 2005",
    "et": "CorticospinalTract",
    "off": 53244,
    "sff": "corticospinal tract"
  },
  {
    "docID": "N145 Fouad 2005",
    "et": "CorticospinalTract",
    "off": 58860,
    "sff": "corticospinal tract"
  },
  {
    "docID": "N145 Fouad 2005",
    "et": "CorticospinalTract",
    "off": 52673,
    "sff": "corticospinal"
  },
  {
    "docID": "N145 Fouad 2005",
    "et": "CorticospinalTract",
    "off": 24823,
    "sff": "Corticospinal"
  },
  {
    "docID": "N145 Fouad 2005",
    "et": "CorticospinalTract",
    "off": 49703,
    "sff": "corticospinal tract"
  },
  {
    "docID": "N145 Fouad 2005",
    "et": "CorticospinalTract",
    "off": 1879,
    "sff": "corticospinal"
  },
  {
    "docID": "N145 Fouad 2005",
    "et": "SpinalCentralPart",
    "off": 51434,
    "sff": "central"
  },
  {
    "docID": "N145 Fouad 2005",
    "et": "SpinalCentralPart",
    "off": 54665,
    "sff": "central"
  },
  {
    "docID": "N145 Fouad 2005",
    "et": "SpinalCentralPart",
    "off": 59417,
    "sff": "central"
  },
  {
    "docID": "N145 Fouad 2005",
    "et": "SpinalCentralPart",
    "off": 59880,
    "sff": "central"
  },
  {
    "docID": "N145 Fouad 2005",
    "et": "InjectionDelivery",
    "off": 9397,
    "sff": "injection"
  },
  {
    "docID": "N145 Fouad 2005",
    "et": "InjectionDelivery",
    "off": 30462,
    "sff": "injection"
  },
  {
    "docID": "N145 Fouad 2005",
    "et": "InjectionDelivery",
    "off": 25723,
    "sff": "injection"
  },
  {
    "docID": "N145 Fouad 2005",
    "et": "InjectionDelivery",
    "off": 8056,
    "sff": "injection"
  },
  {
    "docID": "N145 Fouad 2005",
    "et": "InjectionDelivery",
    "off": 10408,
    "sff": "injection"
  },
  {
    "docID": "N145 Fouad 2005",
    "et": "VertebralSegment",
    "off": 40015,
    "sff": "vertebral"
  },
  {
    "docID": "N145 Fouad 2005",
    "et": "VertebralSegment",
    "off": 9770,
    "sff": "vertebral"
  },
  {
    "docID": "N145 Fouad 2005",
    "et": "SpinalLesionSite",
    "off": 25784,
    "sff": "lesion"
  },
  {
    "docID": "N145 Fouad 2005",
    "et": "SpinalLesionSite",
    "off": 30553,
    "sff": "lesion"
  },
  {
    "docID": "N145 Fouad 2005",
    "et": "SpinalLesionSite",
    "off": 44666,
    "sff": "lesion"
  },
  {
    "docID": "N145 Fouad 2005",
    "et": "SpinalLesionSite",
    "off": 10483,
    "sff": "lesion"
  },
  {
    "docID": "N145 Fouad 2005",
    "et": "SpinalLesionSite",
    "off": 52732,
    "sff": "lesion"
  },
  {
    "docID": "N145 Fouad 2005",
    "et": "SpinalLesionSite",
    "off": 45195,
    "sff": "lesion site"
  },
  {
    "docID": "N145 Fouad 2005",
    "et": "SpinalLesionSite",
    "off": 42704,
    "sff": "lesion"
  },
  {
    "docID": "N145 Fouad 2005",
    "et": "SpinalLesionSite",
    "off": 42642,
    "sff": "lesion"
  },
  {
    "docID": "N145 Fouad 2005",
    "et": "SpinalLesionSite",
    "off": 55762,
    "sff": "lesion"
  },
  {
    "docID": "N145 Fouad 2005",
    "et": "SpinalLesionSite",
    "off": 24269,
    "sff": "lesion site"
  },
  {
    "docID": "N145 Fouad 2005",
    "et": "SpinalLesionSite",
    "off": 35062,
    "sff": "lesion"
  },
  {
    "docID": "N145 Fouad 2005",
    "et": "SpinalLesionSite",
    "off": 37161,
    "sff": "lesion"
  },
  {
    "docID": "N145 Fouad 2005",
    "et": "SpinalLesionSite",
    "off": 35308,
    "sff": "lesion"
  },
  {
    "docID": "N145 Fouad 2005",
    "et": "SpinalLesionSite",
    "off": 45933,
    "sff": "lesion"
  },
  {
    "docID": "N145 Fouad 2005",
    "et": "SpinalLesionSite",
    "off": 58927,
    "sff": "lesion"
  },
  {
    "docID": "N145 Fouad 2005",
    "et": "SpinalLesionSite",
    "off": 11502,
    "sff": "lesion"
  },
  {
    "docID": "N145 Fouad 2005",
    "et": "RubrospinalTract",
    "off": 52897,
    "sff": "rubrospinal"
  }
]
