[
  {
    "docID": "N146 Fouad 2009",
    "et": "AnatomicalLocation",
    "off": 20736,
    "sff": "anatomical"
  },
  {
    "docID": "N146 Fouad 2009",
    "et": "T7",
    "off": 5454,
    "sff": "T7"
  },
  {
    "docID": "N146 Fouad 2009",
    "et": "L1",
    "off": 10303,
    "sff": "L1"
  },
  {
    "docID": "N146 Fouad 2009",
    "et": "Lumbar",
    "off": 9906,
    "sff": "lumbar"
  },
  {
    "docID": "N146 Fouad 2009",
    "et": "Lumbar",
    "off": 24916,
    "sff": "lumbar"
  },
  {
    "docID": "N146 Fouad 2009",
    "et": "Lumbar",
    "off": 3975,
    "sff": "lumbar"
  },
  {
    "docID": "N146 Fouad 2009",
    "et": "Lumbar",
    "off": 23834,
    "sff": "lumbar"
  },
  {
    "docID": "N146 Fouad 2009",
    "et": "Lumbar",
    "off": 24250,
    "sff": "lumbar"
  },
  {
    "docID": "N146 Fouad 2009",
    "et": "Lumbar",
    "off": 24378,
    "sff": "lumbar"
  },
  {
    "docID": "N146 Fouad 2009",
    "et": "Lumbar",
    "off": 10283,
    "sff": "lumbar"
  },
  {
    "docID": "N146 Fouad 2009",
    "et": "Lumbar",
    "off": 13549,
    "sff": "lumbar"
  },
  {
    "docID": "N146 Fouad 2009",
    "et": "Lumbar",
    "off": 17197,
    "sff": "lumbar"
  },
  {
    "docID": "N146 Fouad 2009",
    "et": "Lumbar",
    "off": 13439,
    "sff": "lumbar"
  },
  {
    "docID": "N146 Fouad 2009",
    "et": "Thoracic",
    "off": 3716,
    "sff": "thoracic"
  },
  {
    "docID": "N146 Fouad 2009",
    "et": "Thoracic",
    "off": 1191,
    "sff": "thoracic"
  },
  {
    "docID": "N146 Fouad 2009",
    "et": "VertebralLocation",
    "off": 5479,
    "sff": "vertebral"
  },
  {
    "docID": "N146 Fouad 2009",
    "et": "Brain",
    "off": 4099,
    "sff": "brain"
  },
  {
    "docID": "N146 Fouad 2009",
    "et": "Brain",
    "off": 28090,
    "sff": "Brain"
  },
  {
    "docID": "N146 Fouad 2009",
    "et": "Brain",
    "off": 29852,
    "sff": "Brain"
  },
  {
    "docID": "N146 Fouad 2009",
    "et": "Brain",
    "off": 26025,
    "sff": "Brain"
  },
  {
    "docID": "N146 Fouad 2009",
    "et": "AscendingFiberTract",
    "off": 11092,
    "sff": "fiber"
  },
  {
    "docID": "N146 Fouad 2009",
    "et": "AscendingFiberTract",
    "off": 13616,
    "sff": "fiber"
  },
  {
    "docID": "N146 Fouad 2009",
    "et": "AscendingFiberTract",
    "off": 24442,
    "sff": "fiber"
  },
  {
    "docID": "N146 Fouad 2009",
    "et": "AscendingFiberTract",
    "off": 16039,
    "sff": "fiber"
  },
  {
    "docID": "N146 Fouad 2009",
    "et": "AscendingFiberTract",
    "off": 25943,
    "sff": "ascending"
  },
  {
    "docID": "N146 Fouad 2009",
    "et": "Intraspinal",
    "off": 28039,
    "sff": "intraspinal"
  },
  {
    "docID": "N146 Fouad 2009",
    "et": "SpinalWhiteMatter",
    "off": 11498,
    "sff": "white"
  },
  {
    "docID": "N146 Fouad 2009",
    "et": "SpinalFiberTract",
    "off": 13616,
    "sff": "fiber"
  },
  {
    "docID": "N146 Fouad 2009",
    "et": "SpinalFiberTract",
    "off": 11092,
    "sff": "fiber"
  },
  {
    "docID": "N146 Fouad 2009",
    "et": "SpinalFiberTract",
    "off": 16039,
    "sff": "fiber"
  },
  {
    "docID": "N146 Fouad 2009",
    "et": "SpinalFiberTract",
    "off": 24442,
    "sff": "fiber"
  },
  {
    "docID": "N146 Fouad 2009",
    "et": "DeliveryMethod",
    "off": 78,
    "sff": "delivery"
  },
  {
    "docID": "N146 Fouad 2009",
    "et": "DeliveryMethod",
    "off": 3908,
    "sff": "delivery"
  },
  {
    "docID": "N146 Fouad 2009",
    "et": "DeliveryMethod",
    "off": 25304,
    "sff": "delivery"
  },
  {
    "docID": "N146 Fouad 2009",
    "et": "SpinalCord",
    "off": 28264,
    "sff": "cord"
  },
  {
    "docID": "N146 Fouad 2009",
    "et": "SpinalCord",
    "off": 23848,
    "sff": "cord"
  },
  {
    "docID": "N146 Fouad 2009",
    "et": "SpinalCord",
    "off": 159,
    "sff": "cord"
  },
  {
    "docID": "N146 Fouad 2009",
    "et": "SpinalCord",
    "off": 18527,
    "sff": "cord"
  },
  {
    "docID": "N146 Fouad 2009",
    "et": "SpinalCord",
    "off": 25504,
    "sff": "cord"
  },
  {
    "docID": "N146 Fouad 2009",
    "et": "SpinalCord",
    "off": 26847,
    "sff": "cord"
  },
  {
    "docID": "N146 Fouad 2009",
    "et": "SpinalCord",
    "off": 10297,
    "sff": "cord"
  },
  {
    "docID": "N146 Fouad 2009",
    "et": "SpinalCord",
    "off": 27641,
    "sff": "cord"
  },
  {
    "docID": "N146 Fouad 2009",
    "et": "SpinalCord",
    "off": 5563,
    "sff": "cord"
  },
  {
    "docID": "N146 Fouad 2009",
    "et": "SpinalCord",
    "off": 6203,
    "sff": "cord"
  },
  {
    "docID": "N146 Fouad 2009",
    "et": "SpinalCord",
    "off": 13563,
    "sff": "cord"
  },
  {
    "docID": "N146 Fouad 2009",
    "et": "SpinalCord",
    "off": 17211,
    "sff": "cord"
  },
  {
    "docID": "N146 Fouad 2009",
    "et": "SpinalCord",
    "off": 29628,
    "sff": "cord"
  },
  {
    "docID": "N146 Fouad 2009",
    "et": "SpinalCord",
    "off": 4850,
    "sff": "cord"
  },
  {
    "docID": "N146 Fouad 2009",
    "et": "SpinalCord",
    "off": 27188,
    "sff": "cord"
  },
  {
    "docID": "N146 Fouad 2009",
    "et": "SpinalCord",
    "off": 5512,
    "sff": "cord"
  },
  {
    "docID": "N146 Fouad 2009",
    "et": "SpinalCord",
    "off": 24264,
    "sff": "cord"
  },
  {
    "docID": "N146 Fouad 2009",
    "et": "SpinalCord",
    "off": 24392,
    "sff": "cord"
  },
  {
    "docID": "N146 Fouad 2009",
    "et": "SpinalCord",
    "off": 2765,
    "sff": "cord"
  },
  {
    "docID": "N146 Fouad 2009",
    "et": "SpinalCord",
    "off": 13453,
    "sff": "cord"
  },
  {
    "docID": "N146 Fouad 2009",
    "et": "SpinalCord",
    "off": 23244,
    "sff": "cord"
  },
  {
    "docID": "N146 Fouad 2009",
    "et": "SpinalCord",
    "off": 26626,
    "sff": "cord"
  },
  {
    "docID": "N146 Fouad 2009",
    "et": "SpinalCord",
    "off": 9920,
    "sff": "cord"
  },
  {
    "docID": "N146 Fouad 2009",
    "et": "SpinalCord",
    "off": 4229,
    "sff": "cord"
  },
  {
    "docID": "N146 Fouad 2009",
    "et": "SpinalCord",
    "off": 28740,
    "sff": "cord"
  },
  {
    "docID": "N146 Fouad 2009",
    "et": "SpinalCord",
    "off": 29914,
    "sff": "cord"
  },
  {
    "docID": "N146 Fouad 2009",
    "et": "SpinalCord",
    "off": 3738,
    "sff": "cord"
  },
  {
    "docID": "N146 Fouad 2009",
    "et": "SpinalCord",
    "off": 27865,
    "sff": "cord"
  },
  {
    "docID": "N146 Fouad 2009",
    "et": "SpinalCord",
    "off": 27032,
    "sff": "cord"
  },
  {
    "docID": "N146 Fouad 2009",
    "et": "SpinalCord",
    "off": 18328,
    "sff": "cord"
  },
  {
    "docID": "N146 Fouad 2009",
    "et": "SpinalCord",
    "off": 28894,
    "sff": "cord"
  },
  {
    "docID": "N146 Fouad 2009",
    "et": "SpinalCord",
    "off": 17361,
    "sff": "cord"
  },
  {
    "docID": "N146 Fouad 2009",
    "et": "SpinalCord",
    "off": 27473,
    "sff": "cord"
  },
  {
    "docID": "N146 Fouad 2009",
    "et": "SpinalCord",
    "off": 11791,
    "sff": "cord"
  },
  {
    "docID": "N146 Fouad 2009",
    "et": "SpinalCord",
    "off": 789,
    "sff": "cord"
  },
  {
    "docID": "N146 Fouad 2009",
    "et": "SpinalCord",
    "off": 3989,
    "sff": "cord"
  },
  {
    "docID": "N146 Fouad 2009",
    "et": "SpinalCord",
    "off": 2198,
    "sff": "cord"
  },
  {
    "docID": "N146 Fouad 2009",
    "et": "SpinalCord",
    "off": 26454,
    "sff": "cord"
  },
  {
    "docID": "N146 Fouad 2009",
    "et": "LesionAdjacentTissue",
    "off": 24831,
    "sff": "lesion"
  },
  {
    "docID": "N146 Fouad 2009",
    "et": "LesionAdjacentTissue",
    "off": 14804,
    "sff": "lesion"
  },
  {
    "docID": "N146 Fouad 2009",
    "et": "LesionAdjacentTissue",
    "off": 17380,
    "sff": "lesion"
  },
  {
    "docID": "N146 Fouad 2009",
    "et": "LesionAdjacentTissue",
    "off": 3794,
    "sff": "lesion"
  },
  {
    "docID": "N146 Fouad 2009",
    "et": "LesionAdjacentTissue",
    "off": 5762,
    "sff": "lesion"
  },
  {
    "docID": "N146 Fouad 2009",
    "et": "LesionAdjacentTissue",
    "off": 20289,
    "sff": "lesion"
  },
  {
    "docID": "N146 Fouad 2009",
    "et": "LesionAdjacentTissue",
    "off": 1160,
    "sff": "lesion"
  },
  {
    "docID": "N146 Fouad 2009",
    "et": "LesionAdjacentTissue",
    "off": 22952,
    "sff": "lesion"
  },
  {
    "docID": "N146 Fouad 2009",
    "et": "CentralNervousSystem",
    "off": 2364,
    "sff": "central nervous"
  },
  {
    "docID": "N146 Fouad 2009",
    "et": "CentralNervousSystem",
    "off": 2720,
    "sff": "nervous"
  },
  {
    "docID": "N146 Fouad 2009",
    "et": "CentralNervousSystem",
    "off": 29233,
    "sff": "central"
  },
  {
    "docID": "N146 Fouad 2009",
    "et": "CentralNervousSystem",
    "off": 26086,
    "sff": "central nervous"
  },
  {
    "docID": "N146 Fouad 2009",
    "et": "CentralNervousSystem",
    "off": 2364,
    "sff": "central nervous system"
  },
  {
    "docID": "N146 Fouad 2009",
    "et": "CentralNervousSystem",
    "off": 2720,
    "sff": "nervous system"
  },
  {
    "docID": "N146 Fouad 2009",
    "et": "CentralNervousSystem",
    "off": 26086,
    "sff": "central nervous system"
  },
  {
    "docID": "N146 Fouad 2009",
    "et": "Location",
    "off": 19266,
    "sff": "location"
  },
  {
    "docID": "N146 Fouad 2009",
    "et": "VertebralArea",
    "off": 5479,
    "sff": "vertebral"
  },
  {
    "docID": "N146 Fouad 2009",
    "et": "SpinalCentralPart",
    "off": 2364,
    "sff": "central"
  },
  {
    "docID": "N146 Fouad 2009",
    "et": "SpinalCentralPart",
    "off": 26086,
    "sff": "central"
  },
  {
    "docID": "N146 Fouad 2009",
    "et": "SpinalCentralPart",
    "off": 29233,
    "sff": "central"
  },
  {
    "docID": "N146 Fouad 2009",
    "et": "InjectionDelivery",
    "off": 23320,
    "sff": "injection"
  },
  {
    "docID": "N146 Fouad 2009",
    "et": "VertebralSegment",
    "off": 5479,
    "sff": "vertebral segment"
  },
  {
    "docID": "N146 Fouad 2009",
    "et": "SpinalLesionSite",
    "off": 1160,
    "sff": "lesion site"
  },
  {
    "docID": "N146 Fouad 2009",
    "et": "SpinalLesionSite",
    "off": 22952,
    "sff": "lesion"
  },
  {
    "docID": "N146 Fouad 2009",
    "et": "SpinalLesionSite",
    "off": 17380,
    "sff": "lesion site"
  },
  {
    "docID": "N146 Fouad 2009",
    "et": "SpinalLesionSite",
    "off": 24831,
    "sff": "lesion site"
  },
  {
    "docID": "N146 Fouad 2009",
    "et": "SpinalLesionSite",
    "off": 20289,
    "sff": "lesion"
  },
  {
    "docID": "N146 Fouad 2009",
    "et": "SpinalLesionSite",
    "off": 3794,
    "sff": "lesion"
  },
  {
    "docID": "N146 Fouad 2009",
    "et": "SpinalLesionSite",
    "off": 5762,
    "sff": "lesion"
  },
  {
    "docID": "N146 Fouad 2009",
    "et": "SpinalLesionSite",
    "off": 14804,
    "sff": "lesion"
  }
]
