[
  {
    "docID": "N147 Garc%2B¡a-Al%2B¡as 2004",
    "et": "AnatomicalLocation",
    "off": 45643,
    "sff": "Anatomical"
  },
  {
    "docID": "N147 Garc%2B¡a-Al%2B¡as 2004",
    "et": "AnatomicalLocation",
    "off": 10968,
    "sff": "anatomical"
  },
  {
    "docID": "N147 Garc%2B¡a-Al%2B¡as 2004",
    "et": "T8",
    "off": 16221,
    "sff": "T8"
  },
  {
    "docID": "N147 Garc%2B¡a-Al%2B¡as 2004",
    "et": "T8",
    "off": 24090,
    "sff": "T8"
  },
  {
    "docID": "N147 Garc%2B¡a-Al%2B¡as 2004",
    "et": "T8",
    "off": 14699,
    "sff": "T8"
  },
  {
    "docID": "N147 Garc%2B¡a-Al%2B¡as 2004",
    "et": "T8",
    "off": 13974,
    "sff": "T8"
  },
  {
    "docID": "N147 Garc%2B¡a-Al%2B¡as 2004",
    "et": "T8",
    "off": 837,
    "sff": "T8"
  },
  {
    "docID": "N147 Garc%2B¡a-Al%2B¡as 2004",
    "et": "T8",
    "off": 16642,
    "sff": "T8"
  },
  {
    "docID": "N147 Garc%2B¡a-Al%2B¡as 2004",
    "et": "T8",
    "off": 7187,
    "sff": "T8"
  },
  {
    "docID": "N147 Garc%2B¡a-Al%2B¡as 2004",
    "et": "T13",
    "off": 31223,
    "sff": "T13"
  },
  {
    "docID": "N147 Garc%2B¡a-Al%2B¡as 2004",
    "et": "T13",
    "off": 26534,
    "sff": "T13"
  },
  {
    "docID": "N147 Garc%2B¡a-Al%2B¡as 2004",
    "et": "T13",
    "off": 19539,
    "sff": "T13"
  },
  {
    "docID": "N147 Garc%2B¡a-Al%2B¡as 2004",
    "et": "T13",
    "off": 15844,
    "sff": "T13"
  },
  {
    "docID": "N147 Garc%2B¡a-Al%2B¡as 2004",
    "et": "T13",
    "off": 13982,
    "sff": "T13"
  },
  {
    "docID": "N147 Garc%2B¡a-Al%2B¡as 2004",
    "et": "T13",
    "off": 19680,
    "sff": "T13"
  },
  {
    "docID": "N147 Garc%2B¡a-Al%2B¡as 2004",
    "et": "T13",
    "off": 26107,
    "sff": "T13"
  },
  {
    "docID": "N147 Garc%2B¡a-Al%2B¡as 2004",
    "et": "Lumbar",
    "off": 12419,
    "sff": "lumbar"
  },
  {
    "docID": "N147 Garc%2B¡a-Al%2B¡as 2004",
    "et": "Lumbar",
    "off": 1254,
    "sff": "lumbar"
  },
  {
    "docID": "N147 Garc%2B¡a-Al%2B¡as 2004",
    "et": "Lumbar",
    "off": 28638,
    "sff": "lumbar"
  },
  {
    "docID": "N147 Garc%2B¡a-Al%2B¡as 2004",
    "et": "Thoracic",
    "off": 7099,
    "sff": "thoracic"
  },
  {
    "docID": "N147 Garc%2B¡a-Al%2B¡as 2004",
    "et": "Thoracic",
    "off": 26891,
    "sff": "thoracic"
  },
  {
    "docID": "N147 Garc%2B¡a-Al%2B¡as 2004",
    "et": "Thoracic",
    "off": 43546,
    "sff": "thoracic"
  },
  {
    "docID": "N147 Garc%2B¡a-Al%2B¡as 2004",
    "et": "Thoracic",
    "off": 23485,
    "sff": "thoracic"
  },
  {
    "docID": "N147 Garc%2B¡a-Al%2B¡as 2004",
    "et": "Thoracic",
    "off": 6950,
    "sff": "thoracic"
  },
  {
    "docID": "N147 Garc%2B¡a-Al%2B¡as 2004",
    "et": "Thoracic",
    "off": 45974,
    "sff": "thoracic"
  },
  {
    "docID": "N147 Garc%2B¡a-Al%2B¡as 2004",
    "et": "Thoracic",
    "off": 47974,
    "sff": "thoracic"
  },
  {
    "docID": "N147 Garc%2B¡a-Al%2B¡as 2004",
    "et": "Thoracic",
    "off": 34504,
    "sff": "thoracic"
  },
  {
    "docID": "N147 Garc%2B¡a-Al%2B¡as 2004",
    "et": "Brain",
    "off": 37574,
    "sff": "brain"
  },
  {
    "docID": "N147 Garc%2B¡a-Al%2B¡as 2004",
    "et": "Brain",
    "off": 41281,
    "sff": "Brain"
  },
  {
    "docID": "N147 Garc%2B¡a-Al%2B¡as 2004",
    "et": "Brain",
    "off": 42607,
    "sff": "Brain"
  },
  {
    "docID": "N147 Garc%2B¡a-Al%2B¡as 2004",
    "et": "Brain",
    "off": 41644,
    "sff": "Brain"
  },
  {
    "docID": "N147 Garc%2B¡a-Al%2B¡as 2004",
    "et": "Brain",
    "off": 38719,
    "sff": "brain"
  },
  {
    "docID": "N147 Garc%2B¡a-Al%2B¡as 2004",
    "et": "Brain",
    "off": 41711,
    "sff": "brain"
  },
  {
    "docID": "N147 Garc%2B¡a-Al%2B¡as 2004",
    "et": "Brain",
    "off": 41785,
    "sff": "Brain"
  },
  {
    "docID": "N147 Garc%2B¡a-Al%2B¡as 2004",
    "et": "Brain",
    "off": 47769,
    "sff": "Brain"
  },
  {
    "docID": "N147 Garc%2B¡a-Al%2B¡as 2004",
    "et": "Brain",
    "off": 40417,
    "sff": "brain"
  },
  {
    "docID": "N147 Garc%2B¡a-Al%2B¡as 2004",
    "et": "Brain",
    "off": 39671,
    "sff": "Brain"
  },
  {
    "docID": "N147 Garc%2B¡a-Al%2B¡as 2004",
    "et": "Brain",
    "off": 47783,
    "sff": "Brain"
  },
  {
    "docID": "N147 Garc%2B¡a-Al%2B¡as 2004",
    "et": "AscendingFiberTract",
    "off": 7426,
    "sff": "fiber"
  },
  {
    "docID": "N147 Garc%2B¡a-Al%2B¡as 2004",
    "et": "AscendingFiberTract",
    "off": 11073,
    "sff": "ascending"
  },
  {
    "docID": "N147 Garc%2B¡a-Al%2B¡as 2004",
    "et": "AscendingFiberTract",
    "off": 39356,
    "sff": "fiber"
  },
  {
    "docID": "N147 Garc%2B¡a-Al%2B¡as 2004",
    "et": "AscendingFiberTract",
    "off": 2583,
    "sff": "ascending"
  },
  {
    "docID": "N147 Garc%2B¡a-Al%2B¡as 2004",
    "et": "SpinalWhiteMatter",
    "off": 26189,
    "sff": "white matter"
  },
  {
    "docID": "N147 Garc%2B¡a-Al%2B¡as 2004",
    "et": "SpinalWhiteMatter",
    "off": 41432,
    "sff": "white matter"
  },
  {
    "docID": "N147 Garc%2B¡a-Al%2B¡as 2004",
    "et": "SpinalWhiteMatter",
    "off": 2608,
    "sff": "white matter"
  },
  {
    "docID": "N147 Garc%2B¡a-Al%2B¡as 2004",
    "et": "SpinalFiberTract",
    "off": 39356,
    "sff": "fiber"
  },
  {
    "docID": "N147 Garc%2B¡a-Al%2B¡as 2004",
    "et": "SpinalFiberTract",
    "off": 7426,
    "sff": "fiber"
  },
  {
    "docID": "N147 Garc%2B¡a-Al%2B¡as 2004",
    "et": "DeliveryMethod",
    "off": 37912,
    "sff": "delivery"
  },
  {
    "docID": "N147 Garc%2B¡a-Al%2B¡as 2004",
    "et": "SpinalDorsalHalf",
    "off": 34209,
    "sff": "dorsal"
  },
  {
    "docID": "N147 Garc%2B¡a-Al%2B¡as 2004",
    "et": "SpinalDorsalHalf",
    "off": 45697,
    "sff": "dorsal"
  },
  {
    "docID": "N147 Garc%2B¡a-Al%2B¡as 2004",
    "et": "SpinalDorsalHalf",
    "off": 24287,
    "sff": "dorsal"
  },
  {
    "docID": "N147 Garc%2B¡a-Al%2B¡as 2004",
    "et": "SpinalDorsalHalf",
    "off": 7292,
    "sff": "dorsal"
  },
  {
    "docID": "N147 Garc%2B¡a-Al%2B¡as 2004",
    "et": "SpinalDorsalHalf",
    "off": 27465,
    "sff": "dorsal"
  },
  {
    "docID": "N147 Garc%2B¡a-Al%2B¡as 2004",
    "et": "SpinalDorsalHalf",
    "off": 24262,
    "sff": "dorsal"
  },
  {
    "docID": "N147 Garc%2B¡a-Al%2B¡as 2004",
    "et": "SpinalDorsalHalf",
    "off": 29158,
    "sff": "dorsal"
  },
  {
    "docID": "N147 Garc%2B¡a-Al%2B¡as 2004",
    "et": "SpinalDorsalHalf",
    "off": 29319,
    "sff": "dorsal"
  },
  {
    "docID": "N147 Garc%2B¡a-Al%2B¡as 2004",
    "et": "SpinalDorsalHalf",
    "off": 25733,
    "sff": "dorsal"
  },
  {
    "docID": "N147 Garc%2B¡a-Al%2B¡as 2004",
    "et": "SpinalDorsalHalf",
    "off": 19555,
    "sff": "dorsal"
  },
  {
    "docID": "N147 Garc%2B¡a-Al%2B¡as 2004",
    "et": "SpinalDorsalHalf",
    "off": 41041,
    "sff": "dorsal"
  },
  {
    "docID": "N147 Garc%2B¡a-Al%2B¡as 2004",
    "et": "SpinalDorsalHalf",
    "off": 31759,
    "sff": "dorsal"
  },
  {
    "docID": "N147 Garc%2B¡a-Al%2B¡as 2004",
    "et": "SpinalDorsalHalf",
    "off": 27501,
    "sff": "dorsal"
  },
  {
    "docID": "N147 Garc%2B¡a-Al%2B¡as 2004",
    "et": "SpinalDorsalHalf",
    "off": 27789,
    "sff": "dorsal"
  },
  {
    "docID": "N147 Garc%2B¡a-Al%2B¡as 2004",
    "et": "SpinalDorsalHalf",
    "off": 24536,
    "sff": "dorsal"
  },
  {
    "docID": "N147 Garc%2B¡a-Al%2B¡as 2004",
    "et": "SpinalDorsalHalf",
    "off": 26456,
    "sff": "dorsal"
  },
  {
    "docID": "N147 Garc%2B¡a-Al%2B¡as 2004",
    "et": "SpinalDorsalHalf",
    "off": 5273,
    "sff": "dorsal"
  },
  {
    "docID": "N147 Garc%2B¡a-Al%2B¡as 2004",
    "et": "SpinalDorsalHalf",
    "off": 7161,
    "sff": "dorsal"
  },
  {
    "docID": "N147 Garc%2B¡a-Al%2B¡as 2004",
    "et": "SpinalDorsalHalf",
    "off": 24214,
    "sff": "dorsal"
  },
  {
    "docID": "N147 Garc%2B¡a-Al%2B¡as 2004",
    "et": "SpinalVentralHalf",
    "off": 16793,
    "sff": "ventral"
  },
  {
    "docID": "N147 Garc%2B¡a-Al%2B¡as 2004",
    "et": "SpinalVentralHalf",
    "off": 26158,
    "sff": "ventral"
  },
  {
    "docID": "N147 Garc%2B¡a-Al%2B¡as 2004",
    "et": "SpinalVentralHalf",
    "off": 27566,
    "sff": "ventral"
  },
  {
    "docID": "N147 Garc%2B¡a-Al%2B¡as 2004",
    "et": "SpinalVentralHalf",
    "off": 25791,
    "sff": "ventral"
  },
  {
    "docID": "N147 Garc%2B¡a-Al%2B¡as 2004",
    "et": "SpinalVentralHalf",
    "off": 45708,
    "sff": "ventral"
  },
  {
    "docID": "N147 Garc%2B¡a-Al%2B¡as 2004",
    "et": "SpinalVentralHalf",
    "off": 26434,
    "sff": "ventral"
  },
  {
    "docID": "N147 Garc%2B¡a-Al%2B¡as 2004",
    "et": "SpinalVentralHalf",
    "off": 42390,
    "sff": "ventral"
  },
  {
    "docID": "N147 Garc%2B¡a-Al%2B¡as 2004",
    "et": "SpinalVentralHalf",
    "off": 27527,
    "sff": "ventral"
  },
  {
    "docID": "N147 Garc%2B¡a-Al%2B¡as 2004",
    "et": "SpinalCord",
    "off": 16185,
    "sff": "cord"
  },
  {
    "docID": "N147 Garc%2B¡a-Al%2B¡as 2004",
    "et": "SpinalCord",
    "off": 14392,
    "sff": "cord"
  },
  {
    "docID": "N147 Garc%2B¡a-Al%2B¡as 2004",
    "et": "SpinalCord",
    "off": 25656,
    "sff": "cord"
  },
  {
    "docID": "N147 Garc%2B¡a-Al%2B¡as 2004",
    "et": "SpinalCord",
    "off": 11068,
    "sff": "cord"
  },
  {
    "docID": "N147 Garc%2B¡a-Al%2B¡as 2004",
    "et": "SpinalCord",
    "off": 37691,
    "sff": "cord"
  },
  {
    "docID": "N147 Garc%2B¡a-Al%2B¡as 2004",
    "et": "SpinalCord",
    "off": 41275,
    "sff": "cord"
  },
  {
    "docID": "N147 Garc%2B¡a-Al%2B¡as 2004",
    "et": "SpinalCord",
    "off": 19522,
    "sff": "cord"
  },
  {
    "docID": "N147 Garc%2B¡a-Al%2B¡as 2004",
    "et": "SpinalCord",
    "off": 19267,
    "sff": "cord"
  },
  {
    "docID": "N147 Garc%2B¡a-Al%2B¡as 2004",
    "et": "SpinalCord",
    "off": 43562,
    "sff": "cord"
  },
  {
    "docID": "N147 Garc%2B¡a-Al%2B¡as 2004",
    "et": "SpinalCord",
    "off": 45096,
    "sff": "cord"
  },
  {
    "docID": "N147 Garc%2B¡a-Al%2B¡as 2004",
    "et": "SpinalCord",
    "off": 19500,
    "sff": "cord"
  },
  {
    "docID": "N147 Garc%2B¡a-Al%2B¡as 2004",
    "et": "SpinalCord",
    "off": 7467,
    "sff": "cord"
  },
  {
    "docID": "N147 Garc%2B¡a-Al%2B¡as 2004",
    "et": "SpinalCord",
    "off": 45355,
    "sff": "cord"
  },
  {
    "docID": "N147 Garc%2B¡a-Al%2B¡as 2004",
    "et": "SpinalCord",
    "off": 47147,
    "sff": "cord"
  },
  {
    "docID": "N147 Garc%2B¡a-Al%2B¡as 2004",
    "et": "SpinalCord",
    "off": 17201,
    "sff": "cord"
  },
  {
    "docID": "N147 Garc%2B¡a-Al%2B¡as 2004",
    "et": "SpinalCord",
    "off": 39217,
    "sff": "cord"
  },
  {
    "docID": "N147 Garc%2B¡a-Al%2B¡as 2004",
    "et": "SpinalCord",
    "off": 43057,
    "sff": "cord"
  },
  {
    "docID": "N147 Garc%2B¡a-Al%2B¡as 2004",
    "et": "SpinalCord",
    "off": 48215,
    "sff": "cord"
  },
  {
    "docID": "N147 Garc%2B¡a-Al%2B¡as 2004",
    "et": "SpinalCord",
    "off": 16476,
    "sff": "cord"
  },
  {
    "docID": "N147 Garc%2B¡a-Al%2B¡as 2004",
    "et": "SpinalCord",
    "off": 102,
    "sff": "Cord"
  },
  {
    "docID": "N147 Garc%2B¡a-Al%2B¡as 2004",
    "et": "SpinalCord",
    "off": 14176,
    "sff": "cord"
  },
  {
    "docID": "N147 Garc%2B¡a-Al%2B¡as 2004",
    "et": "SpinalCord",
    "off": 40288,
    "sff": "cord"
  },
  {
    "docID": "N147 Garc%2B¡a-Al%2B¡as 2004",
    "et": "SpinalCord",
    "off": 34916,
    "sff": "cord"
  },
  {
    "docID": "N147 Garc%2B¡a-Al%2B¡as 2004",
    "et": "SpinalCord",
    "off": 46410,
    "sff": "cord"
  },
  {
    "docID": "N147 Garc%2B¡a-Al%2B¡as 2004",
    "et": "SpinalCord",
    "off": 19785,
    "sff": "cord"
  },
  {
    "docID": "N147 Garc%2B¡a-Al%2B¡as 2004",
    "et": "SpinalCord",
    "off": 8007,
    "sff": "cord"
  },
  {
    "docID": "N147 Garc%2B¡a-Al%2B¡as 2004",
    "et": "SpinalCord",
    "off": 4685,
    "sff": "cord"
  },
  {
    "docID": "N147 Garc%2B¡a-Al%2B¡as 2004",
    "et": "SpinalCord",
    "off": 46155,
    "sff": "cord"
  },
  {
    "docID": "N147 Garc%2B¡a-Al%2B¡as 2004",
    "et": "SpinalCord",
    "off": 591,
    "sff": "cord"
  },
  {
    "docID": "N147 Garc%2B¡a-Al%2B¡as 2004",
    "et": "SpinalCord",
    "off": 847,
    "sff": "cord"
  },
  {
    "docID": "N147 Garc%2B¡a-Al%2B¡as 2004",
    "et": "SpinalCord",
    "off": 4435,
    "sff": "cord"
  },
  {
    "docID": "N147 Garc%2B¡a-Al%2B¡as 2004",
    "et": "SpinalCord",
    "off": 30073,
    "sff": "cord"
  },
  {
    "docID": "N147 Garc%2B¡a-Al%2B¡as 2004",
    "et": "SpinalCord",
    "off": 6721,
    "sff": "Cord"
  },
  {
    "docID": "N147 Garc%2B¡a-Al%2B¡as 2004",
    "et": "SpinalCord",
    "off": 7287,
    "sff": "cord"
  },
  {
    "docID": "N147 Garc%2B¡a-Al%2B¡as 2004",
    "et": "SpinalCord",
    "off": 46972,
    "sff": "cord"
  },
  {
    "docID": "N147 Garc%2B¡a-Al%2B¡as 2004",
    "et": "SpinalCord",
    "off": 22145,
    "sff": "cord"
  },
  {
    "docID": "N147 Garc%2B¡a-Al%2B¡as 2004",
    "et": "SpinalCord",
    "off": 39045,
    "sff": "cord"
  },
  {
    "docID": "N147 Garc%2B¡a-Al%2B¡as 2004",
    "et": "SpinalCord",
    "off": 14467,
    "sff": "cord"
  },
  {
    "docID": "N147 Garc%2B¡a-Al%2B¡as 2004",
    "et": "SpinalCord",
    "off": 31850,
    "sff": "cord"
  },
  {
    "docID": "N147 Garc%2B¡a-Al%2B¡as 2004",
    "et": "SpinalCord",
    "off": 42601,
    "sff": "cord"
  },
  {
    "docID": "N147 Garc%2B¡a-Al%2B¡as 2004",
    "et": "SpinalCord",
    "off": 8296,
    "sff": "cord"
  },
  {
    "docID": "N147 Garc%2B¡a-Al%2B¡as 2004",
    "et": "SpinalCord",
    "off": 15975,
    "sff": "cord"
  },
  {
    "docID": "N147 Garc%2B¡a-Al%2B¡as 2004",
    "et": "SpinalCord",
    "off": 43373,
    "sff": "cord"
  },
  {
    "docID": "N147 Garc%2B¡a-Al%2B¡as 2004",
    "et": "SpinalCord",
    "off": 41074,
    "sff": "cord"
  },
  {
    "docID": "N147 Garc%2B¡a-Al%2B¡as 2004",
    "et": "SpinalCord",
    "off": 47990,
    "sff": "cord"
  },
  {
    "docID": "N147 Garc%2B¡a-Al%2B¡as 2004",
    "et": "SpinalCord",
    "off": 32667,
    "sff": "cord"
  },
  {
    "docID": "N147 Garc%2B¡a-Al%2B¡as 2004",
    "et": "SpinalCord",
    "off": 45990,
    "sff": "cord"
  },
  {
    "docID": "N147 Garc%2B¡a-Al%2B¡as 2004",
    "et": "SpinalCord",
    "off": 18340,
    "sff": "cord"
  },
  {
    "docID": "N147 Garc%2B¡a-Al%2B¡as 2004",
    "et": "SpinalCord",
    "off": 40099,
    "sff": "cord"
  },
  {
    "docID": "N147 Garc%2B¡a-Al%2B¡as 2004",
    "et": "SpinalCord",
    "off": 26249,
    "sff": "cord"
  },
  {
    "docID": "N147 Garc%2B¡a-Al%2B¡as 2004",
    "et": "SpinalCord",
    "off": 40590,
    "sff": "cord"
  },
  {
    "docID": "N147 Garc%2B¡a-Al%2B¡as 2004",
    "et": "SpinalCord",
    "off": 24977,
    "sff": "cord"
  },
  {
    "docID": "N147 Garc%2B¡a-Al%2B¡as 2004",
    "et": "SpinalCord",
    "off": 32912,
    "sff": "cord"
  },
  {
    "docID": "N147 Garc%2B¡a-Al%2B¡as 2004",
    "et": "SpinalCord",
    "off": 44175,
    "sff": "cord"
  },
  {
    "docID": "N147 Garc%2B¡a-Al%2B¡as 2004",
    "et": "SpinalCord",
    "off": 5782,
    "sff": "cord"
  },
  {
    "docID": "N147 Garc%2B¡a-Al%2B¡as 2004",
    "et": "SpinalCord",
    "off": 34198,
    "sff": "cord"
  },
  {
    "docID": "N147 Garc%2B¡a-Al%2B¡as 2004",
    "et": "SpinalCord",
    "off": 40129,
    "sff": "cord"
  },
  {
    "docID": "N147 Garc%2B¡a-Al%2B¡as 2004",
    "et": "SpinalCord",
    "off": 2496,
    "sff": "cord"
  },
  {
    "docID": "N147 Garc%2B¡a-Al%2B¡as 2004",
    "et": "SpinalCord",
    "off": 5312,
    "sff": "cord"
  },
  {
    "docID": "N147 Garc%2B¡a-Al%2B¡as 2004",
    "et": "SpinalCord",
    "off": 25280,
    "sff": "cord"
  },
  {
    "docID": "N147 Garc%2B¡a-Al%2B¡as 2004",
    "et": "SpinalCord",
    "off": 28607,
    "sff": "cord"
  },
  {
    "docID": "N147 Garc%2B¡a-Al%2B¡as 2004",
    "et": "SpinalCord",
    "off": 37061,
    "sff": "cord"
  },
  {
    "docID": "N147 Garc%2B¡a-Al%2B¡as 2004",
    "et": "SpinalCord",
    "off": 24746,
    "sff": "cord"
  },
  {
    "docID": "N147 Garc%2B¡a-Al%2B¡as 2004",
    "et": "SpinalCord",
    "off": 13993,
    "sff": "cord"
  },
  {
    "docID": "N147 Garc%2B¡a-Al%2B¡as 2004",
    "et": "SpinalCord",
    "off": 16808,
    "sff": "cord"
  },
  {
    "docID": "N147 Garc%2B¡a-Al%2B¡as 2004",
    "et": "SpinalCord",
    "off": 45742,
    "sff": "cord"
  },
  {
    "docID": "N147 Garc%2B¡a-Al%2B¡as 2004",
    "et": "SpinalCord",
    "off": 24242,
    "sff": "cord"
  },
  {
    "docID": "N147 Garc%2B¡a-Al%2B¡as 2004",
    "et": "SpinalCord",
    "off": 26545,
    "sff": "cord"
  },
  {
    "docID": "N147 Garc%2B¡a-Al%2B¡as 2004",
    "et": "SpinalCord",
    "off": 5040,
    "sff": "cord"
  },
  {
    "docID": "N147 Garc%2B¡a-Al%2B¡as 2004",
    "et": "SpinalCord",
    "off": 17370,
    "sff": "cord"
  },
  {
    "docID": "N147 Garc%2B¡a-Al%2B¡as 2004",
    "et": "SpinalCord",
    "off": 34520,
    "sff": "cord"
  },
  {
    "docID": "N147 Garc%2B¡a-Al%2B¡as 2004",
    "et": "SpinalCord",
    "off": 5591,
    "sff": "cord"
  },
  {
    "docID": "N147 Garc%2B¡a-Al%2B¡as 2004",
    "et": "SpinalCord",
    "off": 34018,
    "sff": "cord"
  },
  {
    "docID": "N147 Garc%2B¡a-Al%2B¡as 2004",
    "et": "SpinalCord",
    "off": 7391,
    "sff": "cord"
  },
  {
    "docID": "N147 Garc%2B¡a-Al%2B¡as 2004",
    "et": "SpinalCord",
    "off": 26591,
    "sff": "cord"
  },
  {
    "docID": "N147 Garc%2B¡a-Al%2B¡as 2004",
    "et": "SpinalCord",
    "off": 43749,
    "sff": "cord"
  },
  {
    "docID": "N147 Garc%2B¡a-Al%2B¡as 2004",
    "et": "SpinalCord",
    "off": 7139,
    "sff": "cord"
  },
  {
    "docID": "N147 Garc%2B¡a-Al%2B¡as 2004",
    "et": "SpinalCord",
    "off": 25827,
    "sff": "cord"
  },
  {
    "docID": "N147 Garc%2B¡a-Al%2B¡as 2004",
    "et": "SpinalCord",
    "off": 47331,
    "sff": "cord"
  },
  {
    "docID": "N147 Garc%2B¡a-Al%2B¡as 2004",
    "et": "SpinalCord",
    "off": 26823,
    "sff": "cord"
  },
  {
    "docID": "N147 Garc%2B¡a-Al%2B¡as 2004",
    "et": "SpinalCord",
    "off": 23501,
    "sff": "cord"
  },
  {
    "docID": "N147 Garc%2B¡a-Al%2B¡as 2004",
    "et": "SpinalCord",
    "off": 4044,
    "sff": "cord"
  },
  {
    "docID": "N147 Garc%2B¡a-Al%2B¡as 2004",
    "et": "SpinalCord",
    "off": 15825,
    "sff": "cord"
  },
  {
    "docID": "N147 Garc%2B¡a-Al%2B¡as 2004",
    "et": "SpinalCord",
    "off": 19664,
    "sff": "cord"
  },
  {
    "docID": "N147 Garc%2B¡a-Al%2B¡as 2004",
    "et": "SpinalCord",
    "off": 1231,
    "sff": "cord"
  },
  {
    "docID": "N147 Garc%2B¡a-Al%2B¡as 2004",
    "et": "SpinalCord",
    "off": 43987,
    "sff": "cord"
  },
  {
    "docID": "N147 Garc%2B¡a-Al%2B¡as 2004",
    "et": "SpinalCord",
    "off": 43006,
    "sff": "cord"
  },
  {
    "docID": "N147 Garc%2B¡a-Al%2B¡as 2004",
    "et": "SpinalCord",
    "off": 37885,
    "sff": "cord"
  },
  {
    "docID": "N147 Garc%2B¡a-Al%2B¡as 2004",
    "et": "SpinalCord",
    "off": 5890,
    "sff": "cord"
  },
  {
    "docID": "N147 Garc%2B¡a-Al%2B¡as 2004",
    "et": "SpinalCord",
    "off": 47359,
    "sff": "cord"
  },
  {
    "docID": "N147 Garc%2B¡a-Al%2B¡as 2004",
    "et": "SpinalCord",
    "off": 44292,
    "sff": "cord"
  },
  {
    "docID": "N147 Garc%2B¡a-Al%2B¡as 2004",
    "et": "SpinalCord",
    "off": 26090,
    "sff": "cord"
  },
  {
    "docID": "N147 Garc%2B¡a-Al%2B¡as 2004",
    "et": "SpinalCord",
    "off": 38375,
    "sff": "cord"
  },
  {
    "docID": "N147 Garc%2B¡a-Al%2B¡as 2004",
    "et": "SpinalCord",
    "off": 26347,
    "sff": "cord"
  },
  {
    "docID": "N147 Garc%2B¡a-Al%2B¡as 2004",
    "et": "SpinalCord",
    "off": 752,
    "sff": "cord"
  },
  {
    "docID": "N147 Garc%2B¡a-Al%2B¡as 2004",
    "et": "SpinalCord",
    "off": 46575,
    "sff": "cord"
  },
  {
    "docID": "N147 Garc%2B¡a-Al%2B¡as 2004",
    "et": "SpinalCord",
    "off": 5365,
    "sff": "cord"
  },
  {
    "docID": "N147 Garc%2B¡a-Al%2B¡as 2004",
    "et": "SpinalCord",
    "off": 17140,
    "sff": "cord"
  },
  {
    "docID": "N147 Garc%2B¡a-Al%2B¡as 2004",
    "et": "SpinalCord",
    "off": 24564,
    "sff": "cord"
  },
  {
    "docID": "N147 Garc%2B¡a-Al%2B¡as 2004",
    "et": "SpinalCord",
    "off": 42782,
    "sff": "cord"
  },
  {
    "docID": "N147 Garc%2B¡a-Al%2B¡as 2004",
    "et": "SpinalCord",
    "off": 26907,
    "sff": "cord"
  },
  {
    "docID": "N147 Garc%2B¡a-Al%2B¡as 2004",
    "et": "SpinalCord",
    "off": 28703,
    "sff": "cord"
  },
  {
    "docID": "N147 Garc%2B¡a-Al%2B¡as 2004",
    "et": "SpinalCord",
    "off": 3620,
    "sff": "cord"
  },
  {
    "docID": "N147 Garc%2B¡a-Al%2B¡as 2004",
    "et": "SpinalCord",
    "off": 24100,
    "sff": "cord"
  },
  {
    "docID": "N147 Garc%2B¡a-Al%2B¡as 2004",
    "et": "SpinalCord",
    "off": 7689,
    "sff": "cord"
  },
  {
    "docID": "N147 Garc%2B¡a-Al%2B¡as 2004",
    "et": "SpinalCord",
    "off": 33811,
    "sff": "cord"
  },
  {
    "docID": "N147 Garc%2B¡a-Al%2B¡as 2004",
    "et": "Vertebrae",
    "off": 7108,
    "sff": "vertebrae"
  },
  {
    "docID": "N147 Garc%2B¡a-Al%2B¡as 2004",
    "et": "DorsalColumn",
    "off": 5273,
    "sff": "dorsal"
  },
  {
    "docID": "N147 Garc%2B¡a-Al%2B¡as 2004",
    "et": "DorsalColumn",
    "off": 7161,
    "sff": "dorsal"
  },
  {
    "docID": "N147 Garc%2B¡a-Al%2B¡as 2004",
    "et": "DorsalColumn",
    "off": 24287,
    "sff": "dorsal"
  },
  {
    "docID": "N147 Garc%2B¡a-Al%2B¡as 2004",
    "et": "DorsalColumn",
    "off": 24536,
    "sff": "dorsal"
  },
  {
    "docID": "N147 Garc%2B¡a-Al%2B¡as 2004",
    "et": "DorsalColumn",
    "off": 26456,
    "sff": "dorsal"
  },
  {
    "docID": "N147 Garc%2B¡a-Al%2B¡as 2004",
    "et": "DorsalColumn",
    "off": 7292,
    "sff": "dorsal"
  },
  {
    "docID": "N147 Garc%2B¡a-Al%2B¡as 2004",
    "et": "DorsalColumn",
    "off": 24214,
    "sff": "dorsal"
  },
  {
    "docID": "N147 Garc%2B¡a-Al%2B¡as 2004",
    "et": "DorsalColumn",
    "off": 41041,
    "sff": "dorsal"
  },
  {
    "docID": "N147 Garc%2B¡a-Al%2B¡as 2004",
    "et": "DorsalColumn",
    "off": 27501,
    "sff": "dorsal"
  },
  {
    "docID": "N147 Garc%2B¡a-Al%2B¡as 2004",
    "et": "DorsalColumn",
    "off": 27789,
    "sff": "dorsal"
  },
  {
    "docID": "N147 Garc%2B¡a-Al%2B¡as 2004",
    "et": "DorsalColumn",
    "off": 31759,
    "sff": "dorsal"
  },
  {
    "docID": "N147 Garc%2B¡a-Al%2B¡as 2004",
    "et": "DorsalColumn",
    "off": 27465,
    "sff": "dorsal"
  },
  {
    "docID": "N147 Garc%2B¡a-Al%2B¡as 2004",
    "et": "DorsalColumn",
    "off": 25733,
    "sff": "dorsal"
  },
  {
    "docID": "N147 Garc%2B¡a-Al%2B¡as 2004",
    "et": "DorsalColumn",
    "off": 29158,
    "sff": "dorsal column"
  },
  {
    "docID": "N147 Garc%2B¡a-Al%2B¡as 2004",
    "et": "DorsalColumn",
    "off": 24262,
    "sff": "dorsal"
  },
  {
    "docID": "N147 Garc%2B¡a-Al%2B¡as 2004",
    "et": "DorsalColumn",
    "off": 29319,
    "sff": "dorsal"
  },
  {
    "docID": "N147 Garc%2B¡a-Al%2B¡as 2004",
    "et": "DorsalColumn",
    "off": 45697,
    "sff": "dorsal"
  },
  {
    "docID": "N147 Garc%2B¡a-Al%2B¡as 2004",
    "et": "DorsalColumn",
    "off": 34209,
    "sff": "dorsal column"
  },
  {
    "docID": "N147 Garc%2B¡a-Al%2B¡as 2004",
    "et": "DorsalColumn",
    "off": 19555,
    "sff": "dorsal"
  },
  {
    "docID": "N147 Garc%2B¡a-Al%2B¡as 2004",
    "et": "TailVeinLocation",
    "off": 12134,
    "sff": "tail"
  },
  {
    "docID": "N147 Garc%2B¡a-Al%2B¡as 2004",
    "et": "LesionAdjacentTissue",
    "off": 19342,
    "sff": "lesion"
  },
  {
    "docID": "N147 Garc%2B¡a-Al%2B¡as 2004",
    "et": "LesionAdjacentTissue",
    "off": 16208,
    "sff": "lesion"
  },
  {
    "docID": "N147 Garc%2B¡a-Al%2B¡as 2004",
    "et": "LesionAdjacentTissue",
    "off": 29978,
    "sff": "lesion"
  },
  {
    "docID": "N147 Garc%2B¡a-Al%2B¡as 2004",
    "et": "LesionAdjacentTissue",
    "off": 35034,
    "sff": "lesion"
  },
  {
    "docID": "N147 Garc%2B¡a-Al%2B¡as 2004",
    "et": "LesionAdjacentTissue",
    "off": 867,
    "sff": "lesion"
  },
  {
    "docID": "N147 Garc%2B¡a-Al%2B¡as 2004",
    "et": "LesionAdjacentTissue",
    "off": 27382,
    "sff": "lesion"
  },
  {
    "docID": "N147 Garc%2B¡a-Al%2B¡as 2004",
    "et": "LesionAdjacentTissue",
    "off": 37544,
    "sff": "lesion"
  },
  {
    "docID": "N147 Garc%2B¡a-Al%2B¡as 2004",
    "et": "LesionAdjacentTissue",
    "off": 25235,
    "sff": "lesion"
  },
  {
    "docID": "N147 Garc%2B¡a-Al%2B¡as 2004",
    "et": "LesionAdjacentTissue",
    "off": 1525,
    "sff": "lesion"
  },
  {
    "docID": "N147 Garc%2B¡a-Al%2B¡as 2004",
    "et": "LesionAdjacentTissue",
    "off": 16628,
    "sff": "lesion"
  },
  {
    "docID": "N147 Garc%2B¡a-Al%2B¡as 2004",
    "et": "CentralNervousSystem",
    "off": 40831,
    "sff": "central nervous"
  },
  {
    "docID": "N147 Garc%2B¡a-Al%2B¡as 2004",
    "et": "CentralNervousSystem",
    "off": 2274,
    "sff": "central nervous system"
  },
  {
    "docID": "N147 Garc%2B¡a-Al%2B¡as 2004",
    "et": "CentralNervousSystem",
    "off": 33142,
    "sff": "central"
  },
  {
    "docID": "N147 Garc%2B¡a-Al%2B¡as 2004",
    "et": "CentralNervousSystem",
    "off": 3684,
    "sff": "central"
  },
  {
    "docID": "N147 Garc%2B¡a-Al%2B¡as 2004",
    "et": "CentralNervousSystem",
    "off": 10990,
    "sff": "Central"
  },
  {
    "docID": "N147 Garc%2B¡a-Al%2B¡as 2004",
    "et": "CentralNervousSystem",
    "off": 39619,
    "sff": "central"
  },
  {
    "docID": "N147 Garc%2B¡a-Al%2B¡as 2004",
    "et": "CentralNervousSystem",
    "off": 40831,
    "sff": "central nervous system"
  },
  {
    "docID": "N147 Garc%2B¡a-Al%2B¡as 2004",
    "et": "CentralNervousSystem",
    "off": 4000,
    "sff": "central"
  },
  {
    "docID": "N147 Garc%2B¡a-Al%2B¡as 2004",
    "et": "CentralNervousSystem",
    "off": 43177,
    "sff": "central nervous"
  },
  {
    "docID": "N147 Garc%2B¡a-Al%2B¡as 2004",
    "et": "CentralNervousSystem",
    "off": 2274,
    "sff": "central nervous"
  },
  {
    "docID": "N147 Garc%2B¡a-Al%2B¡as 2004",
    "et": "CentralNervousSystem",
    "off": 43177,
    "sff": "central nervous system"
  },
  {
    "docID": "N147 Garc%2B¡a-Al%2B¡as 2004",
    "et": "CentralNervousSystem",
    "off": 37289,
    "sff": "central"
  },
  {
    "docID": "N147 Garc%2B¡a-Al%2B¡as 2004",
    "et": "SpinalGrayMatter",
    "off": 2538,
    "sff": "gray matter"
  },
  {
    "docID": "N147 Garc%2B¡a-Al%2B¡as 2004",
    "et": "SpinalGrayMatter",
    "off": 27579,
    "sff": "gray matter"
  },
  {
    "docID": "N147 Garc%2B¡a-Al%2B¡as 2004",
    "et": "SpinalGrayMatter",
    "off": 26166,
    "sff": "gray matter"
  },
  {
    "docID": "N147 Garc%2B¡a-Al%2B¡as 2004",
    "et": "SubstanceApplicationLocation",
    "off": 13825,
    "sff": "application"
  },
  {
    "docID": "N147 Garc%2B¡a-Al%2B¡as 2004",
    "et": "CorticospinalTract",
    "off": 19562,
    "sff": "corticospinal tract"
  },
  {
    "docID": "N147 Garc%2B¡a-Al%2B¡as 2004",
    "et": "CorticospinalTract",
    "off": 26493,
    "sff": "corticospinal tract"
  },
  {
    "docID": "N147 Garc%2B¡a-Al%2B¡as 2004",
    "et": "CorticospinalTract",
    "off": 31070,
    "sff": "corticospinal tract"
  },
  {
    "docID": "N147 Garc%2B¡a-Al%2B¡as 2004",
    "et": "CorticospinalTract",
    "off": 1474,
    "sff": "corticospinal"
  },
  {
    "docID": "N147 Garc%2B¡a-Al%2B¡as 2004",
    "et": "CorticospinalTract",
    "off": 42017,
    "sff": "corticospinal tract"
  },
  {
    "docID": "N147 Garc%2B¡a-Al%2B¡as 2004",
    "et": "SpinalCentralPart",
    "off": 10990,
    "sff": "Central"
  },
  {
    "docID": "N147 Garc%2B¡a-Al%2B¡as 2004",
    "et": "SpinalCentralPart",
    "off": 40831,
    "sff": "central"
  },
  {
    "docID": "N147 Garc%2B¡a-Al%2B¡as 2004",
    "et": "SpinalCentralPart",
    "off": 37289,
    "sff": "central"
  },
  {
    "docID": "N147 Garc%2B¡a-Al%2B¡as 2004",
    "et": "SpinalCentralPart",
    "off": 43177,
    "sff": "central"
  },
  {
    "docID": "N147 Garc%2B¡a-Al%2B¡as 2004",
    "et": "SpinalCentralPart",
    "off": 3684,
    "sff": "central"
  },
  {
    "docID": "N147 Garc%2B¡a-Al%2B¡as 2004",
    "et": "SpinalCentralPart",
    "off": 33142,
    "sff": "central"
  },
  {
    "docID": "N147 Garc%2B¡a-Al%2B¡as 2004",
    "et": "SpinalCentralPart",
    "off": 4000,
    "sff": "central"
  },
  {
    "docID": "N147 Garc%2B¡a-Al%2B¡as 2004",
    "et": "SpinalCentralPart",
    "off": 2274,
    "sff": "central"
  },
  {
    "docID": "N147 Garc%2B¡a-Al%2B¡as 2004",
    "et": "SpinalCentralPart",
    "off": 39619,
    "sff": "central"
  },
  {
    "docID": "N147 Garc%2B¡a-Al%2B¡as 2004",
    "et": "InjectionDelivery",
    "off": 8593,
    "sff": "injection"
  },
  {
    "docID": "N147 Garc%2B¡a-Al%2B¡as 2004",
    "et": "InjectionDelivery",
    "off": 5125,
    "sff": "injection"
  },
  {
    "docID": "N147 Garc%2B¡a-Al%2B¡as 2004",
    "et": "SpinalLesionSite",
    "off": 37544,
    "sff": "lesion"
  },
  {
    "docID": "N147 Garc%2B¡a-Al%2B¡as 2004",
    "et": "SpinalLesionSite",
    "off": 27382,
    "sff": "lesion"
  },
  {
    "docID": "N147 Garc%2B¡a-Al%2B¡as 2004",
    "et": "SpinalLesionSite",
    "off": 29978,
    "sff": "lesion site"
  },
  {
    "docID": "N147 Garc%2B¡a-Al%2B¡as 2004",
    "et": "SpinalLesionSite",
    "off": 25235,
    "sff": "lesion site"
  },
  {
    "docID": "N147 Garc%2B¡a-Al%2B¡as 2004",
    "et": "SpinalLesionSite",
    "off": 35034,
    "sff": "lesion"
  },
  {
    "docID": "N147 Garc%2B¡a-Al%2B¡as 2004",
    "et": "SpinalLesionSite",
    "off": 16208,
    "sff": "lesion site"
  },
  {
    "docID": "N147 Garc%2B¡a-Al%2B¡as 2004",
    "et": "SpinalLesionSite",
    "off": 867,
    "sff": "lesion"
  },
  {
    "docID": "N147 Garc%2B¡a-Al%2B¡as 2004",
    "et": "SpinalLesionSite",
    "off": 1525,
    "sff": "lesion"
  },
  {
    "docID": "N147 Garc%2B¡a-Al%2B¡as 2004",
    "et": "SpinalLesionSite",
    "off": 19342,
    "sff": "lesion site"
  },
  {
    "docID": "N147 Garc%2B¡a-Al%2B¡as 2004",
    "et": "SpinalLesionSite",
    "off": 16628,
    "sff": "lesion"
  },
  {
    "docID": "N147 Garc%2B¡a-Al%2B¡as 2004",
    "et": "T1",
    "off": 13970,
    "sff": "T1"
  },
  {
    "docID": "N147 Garc%2B¡a-Al%2B¡as 2004",
    "et": "T1",
    "off": 26374,
    "sff": "T1"
  }
]
