[
  {
    "docID": "N148 Gorrie 2010",
    "et": "T9",
    "off": 36661,
    "sff": "T9"
  },
  {
    "docID": "N148 Gorrie 2010",
    "et": "T9",
    "off": 11144,
    "sff": "T9"
  },
  {
    "docID": "N148 Gorrie 2010",
    "et": "T11",
    "off": 36668,
    "sff": "T11"
  },
  {
    "docID": "N148 Gorrie 2010",
    "et": "T11",
    "off": 11151,
    "sff": "T11"
  },
  {
    "docID": "N148 Gorrie 2010",
    "et": "T10",
    "off": 35684,
    "sff": "T10"
  },
  {
    "docID": "N148 Gorrie 2010",
    "et": "T10",
    "off": 36577,
    "sff": "T10"
  },
  {
    "docID": "N148 Gorrie 2010",
    "et": "T10",
    "off": 1215,
    "sff": "T10"
  },
  {
    "docID": "N148 Gorrie 2010",
    "et": "Thoracic",
    "off": 1200,
    "sff": "thoracic"
  },
  {
    "docID": "N148 Gorrie 2010",
    "et": "Thoracic",
    "off": 35525,
    "sff": "thoracic"
  },
  {
    "docID": "N148 Gorrie 2010",
    "et": "VertebralLocation",
    "off": 36609,
    "sff": "vertebral"
  },
  {
    "docID": "N148 Gorrie 2010",
    "et": "Brain",
    "off": 22521,
    "sff": "brain"
  },
  {
    "docID": "N148 Gorrie 2010",
    "et": "AscendingFiberTract",
    "off": 29199,
    "sff": "ascending"
  },
  {
    "docID": "N148 Gorrie 2010",
    "et": "SpinalWhiteMatter",
    "off": 18327,
    "sff": "white matter"
  },
  {
    "docID": "N148 Gorrie 2010",
    "et": "SpinalWhiteMatter",
    "off": 7350,
    "sff": "white matter"
  },
  {
    "docID": "N148 Gorrie 2010",
    "et": "SpinalWhiteMatter",
    "off": 14438,
    "sff": "white matter"
  },
  {
    "docID": "N148 Gorrie 2010",
    "et": "SpinalWhiteMatter",
    "off": 9787,
    "sff": "white matter"
  },
  {
    "docID": "N148 Gorrie 2010",
    "et": "SpinalWhiteMatter",
    "off": 17275,
    "sff": "white matter"
  },
  {
    "docID": "N148 Gorrie 2010",
    "et": "SpinalWhiteMatter",
    "off": 10426,
    "sff": "white matter"
  },
  {
    "docID": "N148 Gorrie 2010",
    "et": "SpinalWhiteMatter",
    "off": 14640,
    "sff": "white matter"
  },
  {
    "docID": "N148 Gorrie 2010",
    "et": "SpinalWhiteMatter",
    "off": 17520,
    "sff": "white matter"
  },
  {
    "docID": "N148 Gorrie 2010",
    "et": "SpinalWhiteMatter",
    "off": 16191,
    "sff": "white matter"
  },
  {
    "docID": "N148 Gorrie 2010",
    "et": "SpinalDorsalHalf",
    "off": 40493,
    "sff": "dorsal"
  },
  {
    "docID": "N148 Gorrie 2010",
    "et": "SpinalDorsalHalf",
    "off": 40909,
    "sff": "dorsal"
  },
  {
    "docID": "N148 Gorrie 2010",
    "et": "SpinalDorsalHalf",
    "off": 26489,
    "sff": "dorsal"
  },
  {
    "docID": "N148 Gorrie 2010",
    "et": "SpinalDorsalHalf",
    "off": 35481,
    "sff": "dorsal"
  },
  {
    "docID": "N148 Gorrie 2010",
    "et": "SpinalDorsalHalf",
    "off": 8107,
    "sff": "dorsal"
  },
  {
    "docID": "N148 Gorrie 2010",
    "et": "SpinalDorsalHalf",
    "off": 14955,
    "sff": "dorsal"
  },
  {
    "docID": "N148 Gorrie 2010",
    "et": "SpinalDorsalHalf",
    "off": 24725,
    "sff": "dorsal"
  },
  {
    "docID": "N148 Gorrie 2010",
    "et": "SpinalDorsalHalf",
    "off": 7766,
    "sff": "dorsal"
  },
  {
    "docID": "N148 Gorrie 2010",
    "et": "SpinalDorsalHalf",
    "off": 7846,
    "sff": "dorsal"
  },
  {
    "docID": "N148 Gorrie 2010",
    "et": "SpinalDorsalHalf",
    "off": 40759,
    "sff": "dorsal"
  },
  {
    "docID": "N148 Gorrie 2010",
    "et": "SpinalDorsalHalf",
    "off": 40963,
    "sff": "dorsal"
  },
  {
    "docID": "N148 Gorrie 2010",
    "et": "SpinalVentralHalf",
    "off": 40503,
    "sff": "ventral"
  },
  {
    "docID": "N148 Gorrie 2010",
    "et": "SpinalVentralHalf",
    "off": 40919,
    "sff": "ventral"
  },
  {
    "docID": "N148 Gorrie 2010",
    "et": "SpinalVentralHalf",
    "off": 16984,
    "sff": "ventral"
  },
  {
    "docID": "N148 Gorrie 2010",
    "et": "SpinalVentralHalf",
    "off": 25786,
    "sff": "ventral"
  },
  {
    "docID": "N148 Gorrie 2010",
    "et": "SpinalVentralHalf",
    "off": 40986,
    "sff": "ventral"
  },
  {
    "docID": "N148 Gorrie 2010",
    "et": "SpinalVentralHalf",
    "off": 7787,
    "sff": "ventral"
  },
  {
    "docID": "N148 Gorrie 2010",
    "et": "SpinalVentralHalf",
    "off": 26737,
    "sff": "ventral"
  },
  {
    "docID": "N148 Gorrie 2010",
    "et": "SpinalVentralHalf",
    "off": 40769,
    "sff": "ventral"
  },
  {
    "docID": "N148 Gorrie 2010",
    "et": "SpinalVentralHalf",
    "off": 15908,
    "sff": "ventral"
  },
  {
    "docID": "N148 Gorrie 2010",
    "et": "SpinalVentralHalf",
    "off": 8117,
    "sff": "ventral"
  },
  {
    "docID": "N148 Gorrie 2010",
    "et": "SpinalVentralHalf",
    "off": 15670,
    "sff": "ventral"
  },
  {
    "docID": "N148 Gorrie 2010",
    "et": "SpinalVentralHalf",
    "off": 39270,
    "sff": "ventral"
  },
  {
    "docID": "N148 Gorrie 2010",
    "et": "SpinalCord",
    "off": 22199,
    "sff": "cord"
  },
  {
    "docID": "N148 Gorrie 2010",
    "et": "SpinalCord",
    "off": 15929,
    "sff": "cord"
  },
  {
    "docID": "N148 Gorrie 2010",
    "et": "SpinalCord",
    "off": 18362,
    "sff": "cord"
  },
  {
    "docID": "N148 Gorrie 2010",
    "et": "SpinalCord",
    "off": 7997,
    "sff": "cord"
  },
  {
    "docID": "N148 Gorrie 2010",
    "et": "SpinalCord",
    "off": 8125,
    "sff": "cord"
  },
  {
    "docID": "N148 Gorrie 2010",
    "et": "SpinalCord",
    "off": 6959,
    "sff": "cord"
  },
  {
    "docID": "N148 Gorrie 2010",
    "et": "SpinalCord",
    "off": 29747,
    "sff": "cord"
  },
  {
    "docID": "N148 Gorrie 2010",
    "et": "SpinalCord",
    "off": 24754,
    "sff": "cord"
  },
  {
    "docID": "N148 Gorrie 2010",
    "et": "SpinalCord",
    "off": 7860,
    "sff": "cord"
  },
  {
    "docID": "N148 Gorrie 2010",
    "et": "SpinalCord",
    "off": 40883,
    "sff": "cord"
  },
  {
    "docID": "N148 Gorrie 2010",
    "et": "SpinalCord",
    "off": 1991,
    "sff": "cord"
  },
  {
    "docID": "N148 Gorrie 2010",
    "et": "SpinalCord",
    "off": 24519,
    "sff": "cord"
  },
  {
    "docID": "N148 Gorrie 2010",
    "et": "SpinalCord",
    "off": 2120,
    "sff": "cord"
  },
  {
    "docID": "N148 Gorrie 2010",
    "et": "SpinalCord",
    "off": 7752,
    "sff": "cord"
  },
  {
    "docID": "N148 Gorrie 2010",
    "et": "SpinalCord",
    "off": 843,
    "sff": "cord"
  },
  {
    "docID": "N148 Gorrie 2010",
    "et": "SpinalCord",
    "off": 36813,
    "sff": "cord"
  },
  {
    "docID": "N148 Gorrie 2010",
    "et": "SpinalCord",
    "off": 30285,
    "sff": "cord"
  },
  {
    "docID": "N148 Gorrie 2010",
    "et": "SpinalCord",
    "off": 43968,
    "sff": "cord"
  },
  {
    "docID": "N148 Gorrie 2010",
    "et": "SpinalCord",
    "off": 64,
    "sff": "cord"
  },
  {
    "docID": "N148 Gorrie 2010",
    "et": "SpinalCord",
    "off": 579,
    "sff": "cord"
  },
  {
    "docID": "N148 Gorrie 2010",
    "et": "SpinalCord",
    "off": 16962,
    "sff": "cord"
  },
  {
    "docID": "N148 Gorrie 2010",
    "et": "SpinalCord",
    "off": 37443,
    "sff": "cord"
  },
  {
    "docID": "N148 Gorrie 2010",
    "et": "SpinalCord",
    "off": 42968,
    "sff": "cord"
  },
  {
    "docID": "N148 Gorrie 2010",
    "et": "SpinalCord",
    "off": 28758,
    "sff": "cord"
  },
  {
    "docID": "N148 Gorrie 2010",
    "et": "SpinalCord",
    "off": 43869,
    "sff": "cord"
  },
  {
    "docID": "N148 Gorrie 2010",
    "et": "SpinalCord",
    "off": 25807,
    "sff": "cord"
  },
  {
    "docID": "N148 Gorrie 2010",
    "et": "SpinalCord",
    "off": 43344,
    "sff": "cord"
  },
  {
    "docID": "N148 Gorrie 2010",
    "et": "SpinalCord",
    "off": 3022,
    "sff": "cord"
  },
  {
    "docID": "N148 Gorrie 2010",
    "et": "SpinalCord",
    "off": 8398,
    "sff": "cord"
  },
  {
    "docID": "N148 Gorrie 2010",
    "et": "SpinalCord",
    "off": 15697,
    "sff": "cord"
  },
  {
    "docID": "N148 Gorrie 2010",
    "et": "SpinalCord",
    "off": 27089,
    "sff": "cord"
  },
  {
    "docID": "N148 Gorrie 2010",
    "et": "SpinalCord",
    "off": 43220,
    "sff": "cord"
  },
  {
    "docID": "N148 Gorrie 2010",
    "et": "SpinalCord",
    "off": 40533,
    "sff": "cord"
  },
  {
    "docID": "N148 Gorrie 2010",
    "et": "SpinalCord",
    "off": 4820,
    "sff": "cord"
  },
  {
    "docID": "N148 Gorrie 2010",
    "et": "SpinalCord",
    "off": 8934,
    "sff": "cord"
  },
  {
    "docID": "N148 Gorrie 2010",
    "et": "SpinalCord",
    "off": 15466,
    "sff": "cord"
  },
  {
    "docID": "N148 Gorrie 2010",
    "et": "SpinalCord",
    "off": 16362,
    "sff": "cord"
  },
  {
    "docID": "N148 Gorrie 2010",
    "et": "SpinalCord",
    "off": 23658,
    "sff": "cord"
  },
  {
    "docID": "N148 Gorrie 2010",
    "et": "SpinalCord",
    "off": 40810,
    "sff": "cord"
  },
  {
    "docID": "N148 Gorrie 2010",
    "et": "SpinalCord",
    "off": 10092,
    "sff": "cord"
  },
  {
    "docID": "N148 Gorrie 2010",
    "et": "SpinalCord",
    "off": 35294,
    "sff": "cord"
  },
  {
    "docID": "N148 Gorrie 2010",
    "et": "SpinalCord",
    "off": 736,
    "sff": "cord"
  },
  {
    "docID": "N148 Gorrie 2010",
    "et": "SpinalCord",
    "off": 1120,
    "sff": "cord"
  },
  {
    "docID": "N148 Gorrie 2010",
    "et": "SpinalCord",
    "off": 7139,
    "sff": "cord"
  },
  {
    "docID": "N148 Gorrie 2010",
    "et": "SpinalCord",
    "off": 2276,
    "sff": "cord"
  },
  {
    "docID": "N148 Gorrie 2010",
    "et": "SpinalCord",
    "off": 18916,
    "sff": "cord"
  },
  {
    "docID": "N148 Gorrie 2010",
    "et": "SpinalCord",
    "off": 28790,
    "sff": "cord"
  },
  {
    "docID": "N148 Gorrie 2010",
    "et": "SpinalCord",
    "off": 22904,
    "sff": "cord"
  },
  {
    "docID": "N148 Gorrie 2010",
    "et": "SpinalCord",
    "off": 28155,
    "sff": "cord"
  },
  {
    "docID": "N148 Gorrie 2010",
    "et": "SpinalCord",
    "off": 42480,
    "sff": "cord"
  },
  {
    "docID": "N148 Gorrie 2010",
    "et": "SpinalCord",
    "off": 26758,
    "sff": "cord"
  },
  {
    "docID": "N148 Gorrie 2010",
    "et": "SpinalCord",
    "off": 24841,
    "sff": "cord"
  },
  {
    "docID": "N148 Gorrie 2010",
    "et": "SpinalCord",
    "off": 11528,
    "sff": "cord"
  },
  {
    "docID": "N148 Gorrie 2010",
    "et": "SpinalCord",
    "off": 2571,
    "sff": "cord"
  },
  {
    "docID": "N148 Gorrie 2010",
    "et": "SpinalCord",
    "off": 9610,
    "sff": "cord"
  },
  {
    "docID": "N148 Gorrie 2010",
    "et": "SpinalCord",
    "off": 29567,
    "sff": "cord"
  },
  {
    "docID": "N148 Gorrie 2010",
    "et": "SpinalCord",
    "off": 14974,
    "sff": "cord"
  },
  {
    "docID": "N148 Gorrie 2010",
    "et": "SpinalCord",
    "off": 30593,
    "sff": "cord"
  },
  {
    "docID": "N148 Gorrie 2010",
    "et": "SpinalCord",
    "off": 40194,
    "sff": "cord"
  },
  {
    "docID": "N148 Gorrie 2010",
    "et": "SpinalCord",
    "off": 3990,
    "sff": "cord"
  },
  {
    "docID": "N148 Gorrie 2010",
    "et": "SpinalCord",
    "off": 5014,
    "sff": "cord"
  },
  {
    "docID": "N148 Gorrie 2010",
    "et": "SpinalCord",
    "off": 43926,
    "sff": "cord"
  },
  {
    "docID": "N148 Gorrie 2010",
    "et": "SpinalCord",
    "off": 5912,
    "sff": "cord"
  },
  {
    "docID": "N148 Gorrie 2010",
    "et": "SpinalCord",
    "off": 36508,
    "sff": "cord"
  },
  {
    "docID": "N148 Gorrie 2010",
    "et": "SpinalCord",
    "off": 2461,
    "sff": "cord"
  },
  {
    "docID": "N148 Gorrie 2010",
    "et": "SpinalCord",
    "off": 10639,
    "sff": "cord"
  },
  {
    "docID": "N148 Gorrie 2010",
    "et": "SpinalCord",
    "off": 18703,
    "sff": "cord"
  },
  {
    "docID": "N148 Gorrie 2010",
    "et": "SpinalCord",
    "off": 9358,
    "sff": "cord"
  },
  {
    "docID": "N148 Gorrie 2010",
    "et": "SpinalCord",
    "off": 40725,
    "sff": "cord"
  },
  {
    "docID": "N148 Gorrie 2010",
    "et": "SpinalCord",
    "off": 1192,
    "sff": "cord"
  },
  {
    "docID": "N148 Gorrie 2010",
    "et": "SpinalCord",
    "off": 15144,
    "sff": "cord"
  },
  {
    "docID": "N148 Gorrie 2010",
    "et": "SpinalCord",
    "off": 9514,
    "sff": "cord"
  },
  {
    "docID": "N148 Gorrie 2010",
    "et": "SpinalCord",
    "off": 2080,
    "sff": "cord"
  },
  {
    "docID": "N148 Gorrie 2010",
    "et": "SpinalCord",
    "off": 4261,
    "sff": "cord"
  },
  {
    "docID": "N148 Gorrie 2010",
    "et": "Vertebrae",
    "off": 35688,
    "sff": "vertebrae"
  },
  {
    "docID": "N148 Gorrie 2010",
    "et": "DorsalColumn",
    "off": 26489,
    "sff": "dorsal"
  },
  {
    "docID": "N148 Gorrie 2010",
    "et": "DorsalColumn",
    "off": 35481,
    "sff": "dorsal"
  },
  {
    "docID": "N148 Gorrie 2010",
    "et": "DorsalColumn",
    "off": 40759,
    "sff": "dorsal"
  },
  {
    "docID": "N148 Gorrie 2010",
    "et": "DorsalColumn",
    "off": 40493,
    "sff": "dorsal"
  },
  {
    "docID": "N148 Gorrie 2010",
    "et": "DorsalColumn",
    "off": 40909,
    "sff": "dorsal"
  },
  {
    "docID": "N148 Gorrie 2010",
    "et": "DorsalColumn",
    "off": 8107,
    "sff": "dorsal"
  },
  {
    "docID": "N148 Gorrie 2010",
    "et": "DorsalColumn",
    "off": 14955,
    "sff": "dorsal"
  },
  {
    "docID": "N148 Gorrie 2010",
    "et": "DorsalColumn",
    "off": 24725,
    "sff": "dorsal"
  },
  {
    "docID": "N148 Gorrie 2010",
    "et": "DorsalColumn",
    "off": 7766,
    "sff": "dorsal"
  },
  {
    "docID": "N148 Gorrie 2010",
    "et": "DorsalColumn",
    "off": 7846,
    "sff": "dorsal"
  },
  {
    "docID": "N148 Gorrie 2010",
    "et": "DorsalColumn",
    "off": 40963,
    "sff": "dorsal"
  },
  {
    "docID": "N148 Gorrie 2010",
    "et": "LesionAdjacentTissue",
    "off": 15242,
    "sff": "lesion"
  },
  {
    "docID": "N148 Gorrie 2010",
    "et": "LesionAdjacentTissue",
    "off": 1675,
    "sff": "lesion"
  },
  {
    "docID": "N148 Gorrie 2010",
    "et": "LesionAdjacentTissue",
    "off": 14216,
    "sff": "lesion"
  },
  {
    "docID": "N148 Gorrie 2010",
    "et": "LesionAdjacentTissue",
    "off": 7950,
    "sff": "lesion"
  },
  {
    "docID": "N148 Gorrie 2010",
    "et": "LesionAdjacentTissue",
    "off": 14351,
    "sff": "lesion"
  },
  {
    "docID": "N148 Gorrie 2010",
    "et": "LesionAdjacentTissue",
    "off": 17549,
    "sff": "lesion"
  },
  {
    "docID": "N148 Gorrie 2010",
    "et": "LesionAdjacentTissue",
    "off": 1814,
    "sff": "lesion"
  },
  {
    "docID": "N148 Gorrie 2010",
    "et": "LesionAdjacentTissue",
    "off": 40625,
    "sff": "adjacent"
  },
  {
    "docID": "N148 Gorrie 2010",
    "et": "LesionAdjacentTissue",
    "off": 27826,
    "sff": "adjacent"
  },
  {
    "docID": "N148 Gorrie 2010",
    "et": "LesionAdjacentTissue",
    "off": 9627,
    "sff": "lesion"
  },
  {
    "docID": "N148 Gorrie 2010",
    "et": "LesionAdjacentTissue",
    "off": 7192,
    "sff": "lesion"
  },
  {
    "docID": "N148 Gorrie 2010",
    "et": "LesionAdjacentTissue",
    "off": 7320,
    "sff": "lesion"
  },
  {
    "docID": "N148 Gorrie 2010",
    "et": "LesionAdjacentTissue",
    "off": 18969,
    "sff": "lesion"
  },
  {
    "docID": "N148 Gorrie 2010",
    "et": "LesionAdjacentTissue",
    "off": 24095,
    "sff": "lesion"
  },
  {
    "docID": "N148 Gorrie 2010",
    "et": "LesionAdjacentTissue",
    "off": 16795,
    "sff": "adjacent"
  },
  {
    "docID": "N148 Gorrie 2010",
    "et": "LesionAdjacentTissue",
    "off": 43804,
    "sff": "lesion"
  },
  {
    "docID": "N148 Gorrie 2010",
    "et": "LesionAdjacentTissue",
    "off": 43042,
    "sff": "lesion"
  },
  {
    "docID": "N148 Gorrie 2010",
    "et": "LesionAdjacentTissue",
    "off": 24352,
    "sff": "lesion"
  },
  {
    "docID": "N148 Gorrie 2010",
    "et": "LesionAdjacentTissue",
    "off": 17441,
    "sff": "lesion"
  },
  {
    "docID": "N148 Gorrie 2010",
    "et": "LesionAdjacentTissue",
    "off": 8871,
    "sff": "lesion"
  },
  {
    "docID": "N148 Gorrie 2010",
    "et": "LesionAdjacentTissue",
    "off": 27175,
    "sff": "lesion"
  },
  {
    "docID": "N148 Gorrie 2010",
    "et": "LesionAdjacentTissue",
    "off": 1572,
    "sff": "lesion"
  },
  {
    "docID": "N148 Gorrie 2010",
    "et": "LesionAdjacentTissue",
    "off": 16164,
    "sff": "lesion"
  },
  {
    "docID": "N148 Gorrie 2010",
    "et": "LesionAdjacentTissue",
    "off": 16811,
    "sff": "lesion"
  },
  {
    "docID": "N148 Gorrie 2010",
    "et": "LesionAdjacentTissue",
    "off": 1798,
    "sff": "adjacent"
  },
  {
    "docID": "N148 Gorrie 2010",
    "et": "LesionAdjacentTissue",
    "off": 8360,
    "sff": "lesion"
  },
  {
    "docID": "N148 Gorrie 2010",
    "et": "LesionAdjacentTissue",
    "off": 8493,
    "sff": "lesion"
  },
  {
    "docID": "N148 Gorrie 2010",
    "et": "LesionAdjacentTissue",
    "off": 42082,
    "sff": "Lesion"
  },
  {
    "docID": "N148 Gorrie 2010",
    "et": "LesionAdjacentTissue",
    "off": 9139,
    "sff": "lesion"
  },
  {
    "docID": "N148 Gorrie 2010",
    "et": "LesionAdjacentTissue",
    "off": 26934,
    "sff": "lesion"
  },
  {
    "docID": "N148 Gorrie 2010",
    "et": "LesionAdjacentTissue",
    "off": 30902,
    "sff": "lesion"
  },
  {
    "docID": "N148 Gorrie 2010",
    "et": "LesionAdjacentTissue",
    "off": 43194,
    "sff": "lesion"
  },
  {
    "docID": "N148 Gorrie 2010",
    "et": "LesionAdjacentTissue",
    "off": 11192,
    "sff": "lesion"
  },
  {
    "docID": "N148 Gorrie 2010",
    "et": "LesionAdjacentTissue",
    "off": 42558,
    "sff": "lesion"
  },
  {
    "docID": "N148 Gorrie 2010",
    "et": "LesionAdjacentTissue",
    "off": 17084,
    "sff": "lesion"
  },
  {
    "docID": "N148 Gorrie 2010",
    "et": "LesionAdjacentTissue",
    "off": 10045,
    "sff": "lesion"
  },
  {
    "docID": "N148 Gorrie 2010",
    "et": "LesionAdjacentTissue",
    "off": 16061,
    "sff": "lesion"
  },
  {
    "docID": "N148 Gorrie 2010",
    "et": "LesionAdjacentTissue",
    "off": 27842,
    "sff": "lesion"
  },
  {
    "docID": "N148 Gorrie 2010",
    "et": "LesionAdjacentTissue",
    "off": 17533,
    "sff": "adjacent"
  },
  {
    "docID": "N148 Gorrie 2010",
    "et": "LesionAdjacentTissue",
    "off": 8897,
    "sff": "lesion"
  },
  {
    "docID": "N148 Gorrie 2010",
    "et": "LesionAdjacentTissue",
    "off": 30662,
    "sff": "lesion"
  },
  {
    "docID": "N148 Gorrie 2010",
    "et": "LesionAdjacentTissue",
    "off": 1607,
    "sff": "lesion"
  },
  {
    "docID": "N148 Gorrie 2010",
    "et": "LesionAdjacentTissue",
    "off": 10315,
    "sff": "lesion"
  },
  {
    "docID": "N148 Gorrie 2010",
    "et": "LesionAdjacentTissue",
    "off": 16331,
    "sff": "lesion"
  },
  {
    "docID": "N148 Gorrie 2010",
    "et": "LesionAdjacentTissue",
    "off": 16486,
    "sff": "adjacent"
  },
  {
    "docID": "N148 Gorrie 2010",
    "et": "LesionAdjacentTissue",
    "off": 28489,
    "sff": "lesion"
  },
  {
    "docID": "N148 Gorrie 2010",
    "et": "LesionAdjacentTissue",
    "off": 42831,
    "sff": "lesion"
  },
  {
    "docID": "N148 Gorrie 2010",
    "et": "LesionAdjacentTissue",
    "off": 43624,
    "sff": "adjacent"
  },
  {
    "docID": "N148 Gorrie 2010",
    "et": "LesionAdjacentTissue",
    "off": 43725,
    "sff": "lesion"
  },
  {
    "docID": "N148 Gorrie 2010",
    "et": "LesionAdjacentTissue",
    "off": 7629,
    "sff": "lesion"
  },
  {
    "docID": "N148 Gorrie 2010",
    "et": "LesionAdjacentTissue",
    "off": 38605,
    "sff": "lesion"
  },
  {
    "docID": "N148 Gorrie 2010",
    "et": "LesionAdjacentTissue",
    "off": 36818,
    "sff": "lesion"
  },
  {
    "docID": "N148 Gorrie 2010",
    "et": "LesionAdjacentTissue",
    "off": 17360,
    "sff": "lesion"
  },
  {
    "docID": "N148 Gorrie 2010",
    "et": "LesionAdjacentTissue",
    "off": 6993,
    "sff": "lesion"
  },
  {
    "docID": "N148 Gorrie 2010",
    "et": "LesionAdjacentTissue",
    "off": 14801,
    "sff": "lesion"
  },
  {
    "docID": "N148 Gorrie 2010",
    "et": "LesionAdjacentTissue",
    "off": 9457,
    "sff": "adjacent"
  },
  {
    "docID": "N148 Gorrie 2010",
    "et": "LesionAdjacentTissue",
    "off": 7508,
    "sff": "lesion"
  },
  {
    "docID": "N148 Gorrie 2010",
    "et": "LesionAdjacentTissue",
    "off": 9556,
    "sff": "adjacent"
  },
  {
    "docID": "N148 Gorrie 2010",
    "et": "LesionAdjacentTissue",
    "off": 29275,
    "sff": "lesion"
  },
  {
    "docID": "N148 Gorrie 2010",
    "et": "LesionAdjacentTissue",
    "off": 7896,
    "sff": "lesion"
  },
  {
    "docID": "N148 Gorrie 2010",
    "et": "LesionAdjacentTissue",
    "off": 8278,
    "sff": "adjacent"
  },
  {
    "docID": "N148 Gorrie 2010",
    "et": "LesionAdjacentTissue",
    "off": 19033,
    "sff": "lesion"
  },
  {
    "docID": "N148 Gorrie 2010",
    "et": "LesionAdjacentTissue",
    "off": 24281,
    "sff": "lesion"
  },
  {
    "docID": "N148 Gorrie 2010",
    "et": "LesionAdjacentTissue",
    "off": 36953,
    "sff": "lesion"
  },
  {
    "docID": "N148 Gorrie 2010",
    "et": "LesionAdjacentTissue",
    "off": 8542,
    "sff": "lesion"
  },
  {
    "docID": "N148 Gorrie 2010",
    "et": "LesionAdjacentTissue",
    "off": 7391,
    "sff": "lesion"
  },
  {
    "docID": "N148 Gorrie 2010",
    "et": "LesionAdjacentTissue",
    "off": 26973,
    "sff": "lesion"
  },
  {
    "docID": "N148 Gorrie 2010",
    "et": "LesionAdjacentTissue",
    "off": 8294,
    "sff": "lesion"
  },
  {
    "docID": "N148 Gorrie 2010",
    "et": "LesionAdjacentTissue",
    "off": 15207,
    "sff": "lesion"
  },
  {
    "docID": "N148 Gorrie 2010",
    "et": "LesionAdjacentTissue",
    "off": 9572,
    "sff": "lesion"
  },
  {
    "docID": "N148 Gorrie 2010",
    "et": "LesionAdjacentTissue",
    "off": 36581,
    "sff": "lesion"
  },
  {
    "docID": "N148 Gorrie 2010",
    "et": "LesionAdjacentTissue",
    "off": 18921,
    "sff": "lesion"
  },
  {
    "docID": "N148 Gorrie 2010",
    "et": "LesionAdjacentTissue",
    "off": 42604,
    "sff": "lesion"
  },
  {
    "docID": "N148 Gorrie 2010",
    "et": "LesionAdjacentTissue",
    "off": 10097,
    "sff": "lesion"
  },
  {
    "docID": "N148 Gorrie 2010",
    "et": "LesionAdjacentTissue",
    "off": 16502,
    "sff": "lesion"
  },
  {
    "docID": "N148 Gorrie 2010",
    "et": "LesionAdjacentTissue",
    "off": 14106,
    "sff": "Lesion"
  },
  {
    "docID": "N148 Gorrie 2010",
    "et": "LesionAdjacentTissue",
    "off": 17652,
    "sff": "lesion"
  },
  {
    "docID": "N148 Gorrie 2010",
    "et": "LesionAdjacentTissue",
    "off": 27770,
    "sff": "lesion"
  },
  {
    "docID": "N148 Gorrie 2010",
    "et": "LesionAdjacentTissue",
    "off": 5883,
    "sff": "lesion"
  },
  {
    "docID": "N148 Gorrie 2010",
    "et": "LesionAdjacentTissue",
    "off": 43640,
    "sff": "lesion"
  },
  {
    "docID": "N148 Gorrie 2010",
    "et": "LesionAdjacentTissue",
    "off": 6909,
    "sff": "lesion"
  },
  {
    "docID": "N148 Gorrie 2010",
    "et": "LesionAdjacentTissue",
    "off": 11005,
    "sff": "lesion"
  },
  {
    "docID": "N148 Gorrie 2010",
    "et": "LesionAdjacentTissue",
    "off": 18045,
    "sff": "lesion"
  },
  {
    "docID": "N148 Gorrie 2010",
    "et": "LesionAdjacentTissue",
    "off": 43709,
    "sff": "adjacent"
  },
  {
    "docID": "N148 Gorrie 2010",
    "et": "LesionAdjacentTissue",
    "off": 7552,
    "sff": "lesion"
  },
  {
    "docID": "N148 Gorrie 2010",
    "et": "LesionAdjacentTissue",
    "off": 3585,
    "sff": "lesion"
  },
  {
    "docID": "N148 Gorrie 2010",
    "et": "LesionAdjacentTissue",
    "off": 9473,
    "sff": "lesion"
  },
  {
    "docID": "N148 Gorrie 2010",
    "et": "LesionAdjacentTissue",
    "off": 7816,
    "sff": "Lesion"
  },
  {
    "docID": "N148 Gorrie 2010",
    "et": "LesionAdjacentTissue",
    "off": 16007,
    "sff": "lesion"
  },
  {
    "docID": "N148 Gorrie 2010",
    "et": "LesionAdjacentTissue",
    "off": 27655,
    "sff": "lesion"
  },
  {
    "docID": "N148 Gorrie 2010",
    "et": "LesionAdjacentTissue",
    "off": 43268,
    "sff": "lesion"
  },
  {
    "docID": "N148 Gorrie 2010",
    "et": "CentralNervousSystem",
    "off": 2246,
    "sff": "nervous"
  },
  {
    "docID": "N148 Gorrie 2010",
    "et": "CentralNervousSystem",
    "off": 15585,
    "sff": "central"
  },
  {
    "docID": "N148 Gorrie 2010",
    "et": "CentralNervousSystem",
    "off": 2246,
    "sff": "nervous system"
  },
  {
    "docID": "N148 Gorrie 2010",
    "et": "CentralNervousSystem",
    "off": 5875,
    "sff": "central"
  },
  {
    "docID": "N148 Gorrie 2010",
    "et": "CentralNervousSystem",
    "off": 25775,
    "sff": "central"
  },
  {
    "docID": "N148 Gorrie 2010",
    "et": "CentralNervousSystem",
    "off": 40860,
    "sff": "central"
  },
  {
    "docID": "N148 Gorrie 2010",
    "et": "CentralNervousSystem",
    "off": 15896,
    "sff": "central"
  },
  {
    "docID": "N148 Gorrie 2010",
    "et": "Location",
    "off": 11199,
    "sff": "location"
  },
  {
    "docID": "N148 Gorrie 2010",
    "et": "SubstanceApplicationLocation",
    "off": 22221,
    "sff": "application"
  },
  {
    "docID": "N148 Gorrie 2010",
    "et": "VertebralArea",
    "off": 36609,
    "sff": "vertebral"
  },
  {
    "docID": "N148 Gorrie 2010",
    "et": "CorticospinalTract",
    "off": 26543,
    "sff": "corticospinal"
  },
  {
    "docID": "N148 Gorrie 2010",
    "et": "SpinalCentralPart",
    "off": 15896,
    "sff": "central"
  },
  {
    "docID": "N148 Gorrie 2010",
    "et": "SpinalCentralPart",
    "off": 40860,
    "sff": "central"
  },
  {
    "docID": "N148 Gorrie 2010",
    "et": "SpinalCentralPart",
    "off": 15585,
    "sff": "central"
  },
  {
    "docID": "N148 Gorrie 2010",
    "et": "SpinalCentralPart",
    "off": 25775,
    "sff": "central"
  },
  {
    "docID": "N148 Gorrie 2010",
    "et": "SpinalCentralPart",
    "off": 5875,
    "sff": "central"
  },
  {
    "docID": "N148 Gorrie 2010",
    "et": "InjectionDelivery",
    "off": 12883,
    "sff": "injection"
  },
  {
    "docID": "N148 Gorrie 2010",
    "et": "InjectionDelivery",
    "off": 37186,
    "sff": "injection"
  },
  {
    "docID": "N148 Gorrie 2010",
    "et": "InjectionDelivery",
    "off": 7038,
    "sff": "injection"
  },
  {
    "docID": "N148 Gorrie 2010",
    "et": "VertebralSegment",
    "off": 36609,
    "sff": "vertebral"
  },
  {
    "docID": "N148 Gorrie 2010",
    "et": "SpinalLesionSite",
    "off": 26934,
    "sff": "lesion"
  },
  {
    "docID": "N148 Gorrie 2010",
    "et": "SpinalLesionSite",
    "off": 30902,
    "sff": "lesion"
  },
  {
    "docID": "N148 Gorrie 2010",
    "et": "SpinalLesionSite",
    "off": 11192,
    "sff": "lesion"
  },
  {
    "docID": "N148 Gorrie 2010",
    "et": "SpinalLesionSite",
    "off": 28489,
    "sff": "lesion site"
  },
  {
    "docID": "N148 Gorrie 2010",
    "et": "SpinalLesionSite",
    "off": 43194,
    "sff": "lesion"
  },
  {
    "docID": "N148 Gorrie 2010",
    "et": "SpinalLesionSite",
    "off": 17084,
    "sff": "lesion"
  },
  {
    "docID": "N148 Gorrie 2010",
    "et": "SpinalLesionSite",
    "off": 30662,
    "sff": "lesion site"
  },
  {
    "docID": "N148 Gorrie 2010",
    "et": "SpinalLesionSite",
    "off": 10045,
    "sff": "lesion"
  },
  {
    "docID": "N148 Gorrie 2010",
    "et": "SpinalLesionSite",
    "off": 16061,
    "sff": "lesion"
  },
  {
    "docID": "N148 Gorrie 2010",
    "et": "SpinalLesionSite",
    "off": 42558,
    "sff": "lesion"
  },
  {
    "docID": "N148 Gorrie 2010",
    "et": "SpinalLesionSite",
    "off": 8897,
    "sff": "lesion"
  },
  {
    "docID": "N148 Gorrie 2010",
    "et": "SpinalLesionSite",
    "off": 27842,
    "sff": "lesion"
  },
  {
    "docID": "N148 Gorrie 2010",
    "et": "SpinalLesionSite",
    "off": 1607,
    "sff": "lesion"
  },
  {
    "docID": "N148 Gorrie 2010",
    "et": "SpinalLesionSite",
    "off": 10315,
    "sff": "lesion"
  },
  {
    "docID": "N148 Gorrie 2010",
    "et": "SpinalLesionSite",
    "off": 16331,
    "sff": "lesion"
  },
  {
    "docID": "N148 Gorrie 2010",
    "et": "SpinalLesionSite",
    "off": 42082,
    "sff": "Lesion"
  },
  {
    "docID": "N148 Gorrie 2010",
    "et": "SpinalLesionSite",
    "off": 7629,
    "sff": "lesion"
  },
  {
    "docID": "N148 Gorrie 2010",
    "et": "SpinalLesionSite",
    "off": 38605,
    "sff": "lesion"
  },
  {
    "docID": "N148 Gorrie 2010",
    "et": "SpinalLesionSite",
    "off": 43725,
    "sff": "lesion"
  },
  {
    "docID": "N148 Gorrie 2010",
    "et": "SpinalLesionSite",
    "off": 42831,
    "sff": "lesion"
  },
  {
    "docID": "N148 Gorrie 2010",
    "et": "SpinalLesionSite",
    "off": 17360,
    "sff": "lesion"
  },
  {
    "docID": "N148 Gorrie 2010",
    "et": "SpinalLesionSite",
    "off": 14801,
    "sff": "lesion"
  },
  {
    "docID": "N148 Gorrie 2010",
    "et": "SpinalLesionSite",
    "off": 36818,
    "sff": "lesion"
  },
  {
    "docID": "N148 Gorrie 2010",
    "et": "SpinalLesionSite",
    "off": 7508,
    "sff": "lesion"
  },
  {
    "docID": "N148 Gorrie 2010",
    "et": "SpinalLesionSite",
    "off": 36581,
    "sff": "lesion site"
  },
  {
    "docID": "N148 Gorrie 2010",
    "et": "SpinalLesionSite",
    "off": 7896,
    "sff": "lesion"
  },
  {
    "docID": "N148 Gorrie 2010",
    "et": "SpinalLesionSite",
    "off": 24281,
    "sff": "lesion"
  },
  {
    "docID": "N148 Gorrie 2010",
    "et": "SpinalLesionSite",
    "off": 36953,
    "sff": "lesion"
  },
  {
    "docID": "N148 Gorrie 2010",
    "et": "SpinalLesionSite",
    "off": 29275,
    "sff": "lesion"
  },
  {
    "docID": "N148 Gorrie 2010",
    "et": "SpinalLesionSite",
    "off": 26973,
    "sff": "lesion"
  },
  {
    "docID": "N148 Gorrie 2010",
    "et": "SpinalLesionSite",
    "off": 7816,
    "sff": "Lesion"
  },
  {
    "docID": "N148 Gorrie 2010",
    "et": "SpinalLesionSite",
    "off": 8542,
    "sff": "lesion"
  },
  {
    "docID": "N148 Gorrie 2010",
    "et": "SpinalLesionSite",
    "off": 7391,
    "sff": "lesion"
  },
  {
    "docID": "N148 Gorrie 2010",
    "et": "SpinalLesionSite",
    "off": 9572,
    "sff": "lesion"
  },
  {
    "docID": "N148 Gorrie 2010",
    "et": "SpinalLesionSite",
    "off": 8294,
    "sff": "lesion"
  },
  {
    "docID": "N148 Gorrie 2010",
    "et": "SpinalLesionSite",
    "off": 15207,
    "sff": "lesion"
  },
  {
    "docID": "N148 Gorrie 2010",
    "et": "SpinalLesionSite",
    "off": 18921,
    "sff": "lesion"
  },
  {
    "docID": "N148 Gorrie 2010",
    "et": "SpinalLesionSite",
    "off": 19033,
    "sff": "lesion site"
  },
  {
    "docID": "N148 Gorrie 2010",
    "et": "SpinalLesionSite",
    "off": 42604,
    "sff": "lesion"
  },
  {
    "docID": "N148 Gorrie 2010",
    "et": "SpinalLesionSite",
    "off": 6993,
    "sff": "lesion site"
  },
  {
    "docID": "N148 Gorrie 2010",
    "et": "SpinalLesionSite",
    "off": 10097,
    "sff": "lesion"
  },
  {
    "docID": "N148 Gorrie 2010",
    "et": "SpinalLesionSite",
    "off": 17652,
    "sff": "lesion"
  },
  {
    "docID": "N148 Gorrie 2010",
    "et": "SpinalLesionSite",
    "off": 16502,
    "sff": "lesion"
  },
  {
    "docID": "N148 Gorrie 2010",
    "et": "SpinalLesionSite",
    "off": 43640,
    "sff": "lesion"
  },
  {
    "docID": "N148 Gorrie 2010",
    "et": "SpinalLesionSite",
    "off": 27770,
    "sff": "lesion"
  },
  {
    "docID": "N148 Gorrie 2010",
    "et": "SpinalLesionSite",
    "off": 5883,
    "sff": "lesion"
  },
  {
    "docID": "N148 Gorrie 2010",
    "et": "SpinalLesionSite",
    "off": 16007,
    "sff": "lesion site"
  },
  {
    "docID": "N148 Gorrie 2010",
    "et": "SpinalLesionSite",
    "off": 6909,
    "sff": "lesion site"
  },
  {
    "docID": "N148 Gorrie 2010",
    "et": "SpinalLesionSite",
    "off": 11005,
    "sff": "lesion"
  },
  {
    "docID": "N148 Gorrie 2010",
    "et": "SpinalLesionSite",
    "off": 18045,
    "sff": "lesion"
  },
  {
    "docID": "N148 Gorrie 2010",
    "et": "SpinalLesionSite",
    "off": 7552,
    "sff": "lesion"
  },
  {
    "docID": "N148 Gorrie 2010",
    "et": "SpinalLesionSite",
    "off": 3585,
    "sff": "lesion"
  },
  {
    "docID": "N148 Gorrie 2010",
    "et": "SpinalLesionSite",
    "off": 9473,
    "sff": "lesion"
  },
  {
    "docID": "N148 Gorrie 2010",
    "et": "SpinalLesionSite",
    "off": 43268,
    "sff": "lesion"
  },
  {
    "docID": "N148 Gorrie 2010",
    "et": "SpinalLesionSite",
    "off": 27655,
    "sff": "lesion"
  },
  {
    "docID": "N148 Gorrie 2010",
    "et": "SpinalLesionSite",
    "off": 14216,
    "sff": "lesion"
  },
  {
    "docID": "N148 Gorrie 2010",
    "et": "SpinalLesionSite",
    "off": 15242,
    "sff": "lesion"
  },
  {
    "docID": "N148 Gorrie 2010",
    "et": "SpinalLesionSite",
    "off": 1675,
    "sff": "lesion"
  },
  {
    "docID": "N148 Gorrie 2010",
    "et": "SpinalLesionSite",
    "off": 17549,
    "sff": "lesion"
  },
  {
    "docID": "N148 Gorrie 2010",
    "et": "SpinalLesionSite",
    "off": 7950,
    "sff": "lesion"
  },
  {
    "docID": "N148 Gorrie 2010",
    "et": "SpinalLesionSite",
    "off": 14351,
    "sff": "lesion"
  },
  {
    "docID": "N148 Gorrie 2010",
    "et": "SpinalLesionSite",
    "off": 14106,
    "sff": "Lesion"
  },
  {
    "docID": "N148 Gorrie 2010",
    "et": "SpinalLesionSite",
    "off": 1814,
    "sff": "lesion"
  },
  {
    "docID": "N148 Gorrie 2010",
    "et": "SpinalLesionSite",
    "off": 7192,
    "sff": "lesion"
  },
  {
    "docID": "N148 Gorrie 2010",
    "et": "SpinalLesionSite",
    "off": 7320,
    "sff": "lesion"
  },
  {
    "docID": "N148 Gorrie 2010",
    "et": "SpinalLesionSite",
    "off": 18969,
    "sff": "lesion"
  },
  {
    "docID": "N148 Gorrie 2010",
    "et": "SpinalLesionSite",
    "off": 9627,
    "sff": "lesion"
  },
  {
    "docID": "N148 Gorrie 2010",
    "et": "SpinalLesionSite",
    "off": 43804,
    "sff": "lesion"
  },
  {
    "docID": "N148 Gorrie 2010",
    "et": "SpinalLesionSite",
    "off": 24352,
    "sff": "lesion"
  },
  {
    "docID": "N148 Gorrie 2010",
    "et": "SpinalLesionSite",
    "off": 17441,
    "sff": "lesion"
  },
  {
    "docID": "N148 Gorrie 2010",
    "et": "SpinalLesionSite",
    "off": 43042,
    "sff": "lesion"
  },
  {
    "docID": "N148 Gorrie 2010",
    "et": "SpinalLesionSite",
    "off": 24095,
    "sff": "lesion site"
  },
  {
    "docID": "N148 Gorrie 2010",
    "et": "SpinalLesionSite",
    "off": 1572,
    "sff": "lesion"
  },
  {
    "docID": "N148 Gorrie 2010",
    "et": "SpinalLesionSite",
    "off": 16164,
    "sff": "lesion"
  },
  {
    "docID": "N148 Gorrie 2010",
    "et": "SpinalLesionSite",
    "off": 8871,
    "sff": "lesion"
  },
  {
    "docID": "N148 Gorrie 2010",
    "et": "SpinalLesionSite",
    "off": 27175,
    "sff": "lesion"
  },
  {
    "docID": "N148 Gorrie 2010",
    "et": "SpinalLesionSite",
    "off": 8360,
    "sff": "lesion"
  },
  {
    "docID": "N148 Gorrie 2010",
    "et": "SpinalLesionSite",
    "off": 16811,
    "sff": "lesion"
  },
  {
    "docID": "N148 Gorrie 2010",
    "et": "SpinalLesionSite",
    "off": 8493,
    "sff": "lesion"
  },
  {
    "docID": "N148 Gorrie 2010",
    "et": "SpinalLesionSite",
    "off": 9139,
    "sff": "lesion"
  },
  {
    "docID": "N148 Gorrie 2010",
    "et": "RubrospinalTract",
    "off": 26561,
    "sff": "rubrospinal"
  }
]
