[
  {
    "docID": "N149 Granger 2012",
    "et": "L4",
    "off": 6899,
    "sff": "L4"
  },
  {
    "docID": "N149 Granger 2012",
    "et": "L5",
    "off": 6983,
    "sff": "L5"
  },
  {
    "docID": "N149 Granger 2012",
    "et": "T10",
    "off": 6891,
    "sff": "T10"
  },
  {
    "docID": "N149 Granger 2012",
    "et": "Lumbar",
    "off": 6948,
    "sff": "lumbar"
  },
  {
    "docID": "N149 Granger 2012",
    "et": "Thoracic",
    "off": 5284,
    "sff": "thoracic"
  },
  {
    "docID": "N149 Granger 2012",
    "et": "Thoracic",
    "off": 7204,
    "sff": "thoracic"
  },
  {
    "docID": "N149 Granger 2012",
    "et": "VertebralLocation",
    "off": 17930,
    "sff": "vertebral"
  },
  {
    "docID": "N149 Granger 2012",
    "et": "VertebralLocation",
    "off": 18056,
    "sff": "vertebral"
  },
  {
    "docID": "N149 Granger 2012",
    "et": "VertebralLocation",
    "off": 17612,
    "sff": "vertebral"
  },
  {
    "docID": "N149 Granger 2012",
    "et": "VertebralLocation",
    "off": 17263,
    "sff": "vertebral"
  },
  {
    "docID": "N149 Granger 2012",
    "et": "VertebralLocation",
    "off": 17860,
    "sff": "vertebral"
  },
  {
    "docID": "N149 Granger 2012",
    "et": "Brain",
    "off": 35299,
    "sff": "brain"
  },
  {
    "docID": "N149 Granger 2012",
    "et": "Brain",
    "off": 38549,
    "sff": "brain"
  },
  {
    "docID": "N149 Granger 2012",
    "et": "Brain",
    "off": 41301,
    "sff": "brain"
  },
  {
    "docID": "N149 Granger 2012",
    "et": "Intraspinal",
    "off": 3165,
    "sff": "intraspinal"
  },
  {
    "docID": "N149 Granger 2012",
    "et": "Intraspinal",
    "off": 8156,
    "sff": "intraspinal"
  },
  {
    "docID": "N149 Granger 2012",
    "et": "Intraspinal",
    "off": 9434,
    "sff": "intraspinal"
  },
  {
    "docID": "N149 Granger 2012",
    "et": "Intraspinal",
    "off": 38426,
    "sff": "intraspinal"
  },
  {
    "docID": "N149 Granger 2012",
    "et": "Intraspinal",
    "off": 38880,
    "sff": "intraspinal"
  },
  {
    "docID": "N149 Granger 2012",
    "et": "Intraspinal",
    "off": 6079,
    "sff": "intraspinal"
  },
  {
    "docID": "N149 Granger 2012",
    "et": "Intraspinal",
    "off": 29215,
    "sff": "intraspinal"
  },
  {
    "docID": "N149 Granger 2012",
    "et": "Intraspinal",
    "off": 2302,
    "sff": "intraspinal"
  },
  {
    "docID": "N149 Granger 2012",
    "et": "Intraspinal",
    "off": 39262,
    "sff": "intraspinal"
  },
  {
    "docID": "N149 Granger 2012",
    "et": "Intraspinal",
    "off": 5395,
    "sff": "intraspinal"
  },
  {
    "docID": "N149 Granger 2012",
    "et": "Intraspinal",
    "off": 1369,
    "sff": "intraspinal"
  },
  {
    "docID": "N149 Granger 2012",
    "et": "Intraspinal",
    "off": 28537,
    "sff": "intraspinal"
  },
  {
    "docID": "N149 Granger 2012",
    "et": "Intraspinal",
    "off": 33815,
    "sff": "intraspinal"
  },
  {
    "docID": "N149 Granger 2012",
    "et": "Intraspinal",
    "off": 23222,
    "sff": "intraspinal"
  },
  {
    "docID": "N149 Granger 2012",
    "et": "Intraspinal",
    "off": 1901,
    "sff": "intraspinal"
  },
  {
    "docID": "N149 Granger 2012",
    "et": "Intraspinal",
    "off": 25808,
    "sff": "intraspinal"
  },
  {
    "docID": "N149 Granger 2012",
    "et": "Intraspinal",
    "off": 43535,
    "sff": "intraspinal"
  },
  {
    "docID": "N149 Granger 2012",
    "et": "Intraspinal",
    "off": 40297,
    "sff": "intraspinal"
  },
  {
    "docID": "N149 Granger 2012",
    "et": "Intraspinal",
    "off": 905,
    "sff": "Intraspinal"
  },
  {
    "docID": "N149 Granger 2012",
    "et": "DeliveryMethod",
    "off": 38952,
    "sff": "delivery"
  },
  {
    "docID": "N149 Granger 2012",
    "et": "DeliveryMethod",
    "off": 40048,
    "sff": "delivery"
  },
  {
    "docID": "N149 Granger 2012",
    "et": "SpinalVentralHalf",
    "off": 17590,
    "sff": "ventral"
  },
  {
    "docID": "N149 Granger 2012",
    "et": "SpinalCord",
    "off": 1000,
    "sff": "cord"
  },
  {
    "docID": "N149 Granger 2012",
    "et": "SpinalCord",
    "off": 7658,
    "sff": "cord"
  },
  {
    "docID": "N149 Granger 2012",
    "et": "SpinalCord",
    "off": 31848,
    "sff": "cord"
  },
  {
    "docID": "N149 Granger 2012",
    "et": "SpinalCord",
    "off": 6863,
    "sff": "cord"
  },
  {
    "docID": "N149 Granger 2012",
    "et": "SpinalCord",
    "off": 18386,
    "sff": "cord"
  },
  {
    "docID": "N149 Granger 2012",
    "et": "SpinalCord",
    "off": 2904,
    "sff": "cord"
  },
  {
    "docID": "N149 Granger 2012",
    "et": "SpinalCord",
    "off": 39364,
    "sff": "cord"
  },
  {
    "docID": "N149 Granger 2012",
    "et": "SpinalCord",
    "off": 66,
    "sff": "cord"
  },
  {
    "docID": "N149 Granger 2012",
    "et": "SpinalCord",
    "off": 4929,
    "sff": "cord"
  },
  {
    "docID": "N149 Granger 2012",
    "et": "SpinalCord",
    "off": 34509,
    "sff": "cord"
  },
  {
    "docID": "N149 Granger 2012",
    "et": "SpinalCord",
    "off": 43469,
    "sff": "cord"
  },
  {
    "docID": "N149 Granger 2012",
    "et": "SpinalCord",
    "off": 43723,
    "sff": "cord"
  },
  {
    "docID": "N149 Granger 2012",
    "et": "SpinalCord",
    "off": 6605,
    "sff": "cord"
  },
  {
    "docID": "N149 Granger 2012",
    "et": "SpinalCord",
    "off": 33715,
    "sff": "cord"
  },
  {
    "docID": "N149 Granger 2012",
    "et": "SpinalCord",
    "off": 42802,
    "sff": "cord"
  },
  {
    "docID": "N149 Granger 2012",
    "et": "SpinalCord",
    "off": 4413,
    "sff": "cord"
  },
  {
    "docID": "N149 Granger 2012",
    "et": "SpinalCord",
    "off": 18105,
    "sff": "cord"
  },
  {
    "docID": "N149 Granger 2012",
    "et": "SpinalCord",
    "off": 826,
    "sff": "cord"
  },
  {
    "docID": "N149 Granger 2012",
    "et": "SpinalCord",
    "off": 28069,
    "sff": "cord"
  },
  {
    "docID": "N149 Granger 2012",
    "et": "SpinalCord",
    "off": 3362,
    "sff": "cord"
  },
  {
    "docID": "N149 Granger 2012",
    "et": "SpinalCord",
    "off": 34719,
    "sff": "cord"
  },
  {
    "docID": "N149 Granger 2012",
    "et": "SpinalCord",
    "off": 36000,
    "sff": "cord"
  },
  {
    "docID": "N149 Granger 2012",
    "et": "SpinalCord",
    "off": 5543,
    "sff": "cord"
  },
  {
    "docID": "N149 Granger 2012",
    "et": "SpinalCord",
    "off": 41130,
    "sff": "cord"
  },
  {
    "docID": "N149 Granger 2012",
    "et": "SpinalCord",
    "off": 1706,
    "sff": "cord"
  },
  {
    "docID": "N149 Granger 2012",
    "et": "SpinalCord",
    "off": 17320,
    "sff": "cord"
  },
  {
    "docID": "N149 Granger 2012",
    "et": "SpinalCord",
    "off": 6933,
    "sff": "cord"
  },
  {
    "docID": "N149 Granger 2012",
    "et": "SpinalCord",
    "off": 28180,
    "sff": "cord"
  },
  {
    "docID": "N149 Granger 2012",
    "et": "SpinalCord",
    "off": 34192,
    "sff": "cord"
  },
  {
    "docID": "N149 Granger 2012",
    "et": "SpinalCord",
    "off": 27806,
    "sff": "cord"
  },
  {
    "docID": "N149 Granger 2012",
    "et": "SpinalCord",
    "off": 39966,
    "sff": "cord"
  },
  {
    "docID": "N149 Granger 2012",
    "et": "SpinalCord",
    "off": 41883,
    "sff": "cord"
  },
  {
    "docID": "N149 Granger 2012",
    "et": "SpinalCord",
    "off": 2773,
    "sff": "Cord"
  },
  {
    "docID": "N149 Granger 2012",
    "et": "SpinalCord",
    "off": 17561,
    "sff": "cord"
  },
  {
    "docID": "N149 Granger 2012",
    "et": "SpinalCord",
    "off": 40600,
    "sff": "cord"
  },
  {
    "docID": "N149 Granger 2012",
    "et": "SpinalCord",
    "off": 40454,
    "sff": "cord"
  },
  {
    "docID": "N149 Granger 2012",
    "et": "SpinalCord",
    "off": 1152,
    "sff": "cord"
  },
  {
    "docID": "N149 Granger 2012",
    "et": "SpinalCord",
    "off": 1280,
    "sff": "cord"
  },
  {
    "docID": "N149 Granger 2012",
    "et": "SpinalCord",
    "off": 37634,
    "sff": "cord"
  },
  {
    "docID": "N149 Granger 2012",
    "et": "SpinalCord",
    "off": 22542,
    "sff": "cord"
  },
  {
    "docID": "N149 Granger 2012",
    "et": "SpinalCord",
    "off": 19211,
    "sff": "cord"
  },
  {
    "docID": "N149 Granger 2012",
    "et": "SpinalCord",
    "off": 2573,
    "sff": "cord"
  },
  {
    "docID": "N149 Granger 2012",
    "et": "SpinalCord",
    "off": 12552,
    "sff": "cord"
  },
  {
    "docID": "N149 Granger 2012",
    "et": "SpinalCord",
    "off": 41458,
    "sff": "cord"
  },
  {
    "docID": "N149 Granger 2012",
    "et": "SpinalCord",
    "off": 25982,
    "sff": "cord"
  },
  {
    "docID": "N149 Granger 2012",
    "et": "SpinalCord",
    "off": 5886,
    "sff": "cord"
  },
  {
    "docID": "N149 Granger 2012",
    "et": "SpinalCord",
    "off": 39419,
    "sff": "cord"
  },
  {
    "docID": "N149 Granger 2012",
    "et": "SpinalCord",
    "off": 6909,
    "sff": "cord"
  },
  {
    "docID": "N149 Granger 2012",
    "et": "SpinalCord",
    "off": 2424,
    "sff": "cord"
  },
  {
    "docID": "N149 Granger 2012",
    "et": "SpinalCord",
    "off": 4855,
    "sff": "cord"
  },
  {
    "docID": "N149 Granger 2012",
    "et": "Vertebrae",
    "off": 17412,
    "sff": "vertebrae"
  },
  {
    "docID": "N149 Granger 2012",
    "et": "LesionAdjacentTissue",
    "off": 11461,
    "sff": "lesion"
  },
  {
    "docID": "N149 Granger 2012",
    "et": "LesionAdjacentTissue",
    "off": 9362,
    "sff": "lesion"
  },
  {
    "docID": "N149 Granger 2012",
    "et": "LesionAdjacentTissue",
    "off": 38206,
    "sff": "lesion"
  },
  {
    "docID": "N149 Granger 2012",
    "et": "LesionAdjacentTissue",
    "off": 17453,
    "sff": "lesion"
  },
  {
    "docID": "N149 Granger 2012",
    "et": "LesionAdjacentTissue",
    "off": 40957,
    "sff": "lesion"
  },
  {
    "docID": "N149 Granger 2012",
    "et": "Location",
    "off": 17910,
    "sff": "location"
  },
  {
    "docID": "N149 Granger 2012",
    "et": "Location",
    "off": 39643,
    "sff": "location"
  },
  {
    "docID": "N149 Granger 2012",
    "et": "VertebralArea",
    "off": 17860,
    "sff": "vertebral"
  },
  {
    "docID": "N149 Granger 2012",
    "et": "VertebralArea",
    "off": 17263,
    "sff": "vertebral"
  },
  {
    "docID": "N149 Granger 2012",
    "et": "VertebralArea",
    "off": 17612,
    "sff": "vertebral"
  },
  {
    "docID": "N149 Granger 2012",
    "et": "VertebralArea",
    "off": 18056,
    "sff": "vertebral"
  },
  {
    "docID": "N149 Granger 2012",
    "et": "VertebralArea",
    "off": 17930,
    "sff": "vertebral"
  },
  {
    "docID": "N149 Granger 2012",
    "et": "InjectionDelivery",
    "off": 20354,
    "sff": "injection"
  },
  {
    "docID": "N149 Granger 2012",
    "et": "InjectionDelivery",
    "off": 6160,
    "sff": "injection"
  },
  {
    "docID": "N149 Granger 2012",
    "et": "InjectionDelivery",
    "off": 1973,
    "sff": "injection"
  },
  {
    "docID": "N149 Granger 2012",
    "et": "InjectionDelivery",
    "off": 19216,
    "sff": "injection"
  },
  {
    "docID": "N149 Granger 2012",
    "et": "InjectionDelivery",
    "off": 39681,
    "sff": "injection"
  },
  {
    "docID": "N149 Granger 2012",
    "et": "InjectionDelivery",
    "off": 18396,
    "sff": "injection"
  },
  {
    "docID": "N149 Granger 2012",
    "et": "InjectionDelivery",
    "off": 25820,
    "sff": "injection"
  },
  {
    "docID": "N149 Granger 2012",
    "et": "InjectionDelivery",
    "off": 9446,
    "sff": "injection"
  },
  {
    "docID": "N149 Granger 2012",
    "et": "InjectionDelivery",
    "off": 33561,
    "sff": "injection"
  },
  {
    "docID": "N149 Granger 2012",
    "et": "VertebralSegment",
    "off": 17930,
    "sff": "vertebral"
  },
  {
    "docID": "N149 Granger 2012",
    "et": "VertebralSegment",
    "off": 18056,
    "sff": "vertebral"
  },
  {
    "docID": "N149 Granger 2012",
    "et": "VertebralSegment",
    "off": 17612,
    "sff": "vertebral"
  },
  {
    "docID": "N149 Granger 2012",
    "et": "VertebralSegment",
    "off": 17263,
    "sff": "vertebral"
  },
  {
    "docID": "N149 Granger 2012",
    "et": "VertebralSegment",
    "off": 17860,
    "sff": "vertebral"
  },
  {
    "docID": "N149 Granger 2012",
    "et": "SpinalLesionSite",
    "off": 9362,
    "sff": "lesion site"
  },
  {
    "docID": "N149 Granger 2012",
    "et": "SpinalLesionSite",
    "off": 40957,
    "sff": "lesion"
  },
  {
    "docID": "N149 Granger 2012",
    "et": "SpinalLesionSite",
    "off": 17453,
    "sff": "lesion"
  },
  {
    "docID": "N149 Granger 2012",
    "et": "SpinalLesionSite",
    "off": 38206,
    "sff": "lesion site"
  },
  {
    "docID": "N149 Granger 2012",
    "et": "SpinalLesionSite",
    "off": 11461,
    "sff": "lesion site"
  },
  {
    "docID": "N149 Granger 2012",
    "et": "T1",
    "off": 10556,
    "sff": "T1"
  },
  {
    "docID": "N149 Granger 2012",
    "et": "T2",
    "off": 10564,
    "sff": "T2"
  }
]
