[
  {
    "docID": "N150 Guest 2008",
    "et": "T9",
    "off": 15306,
    "sff": "T9"
  },
  {
    "docID": "N150 Guest 2008",
    "et": "T9",
    "off": 36042,
    "sff": "T9"
  },
  {
    "docID": "N150 Guest 2008",
    "et": "T9",
    "off": 1147,
    "sff": "T9"
  },
  {
    "docID": "N150 Guest 2008",
    "et": "T9",
    "off": 13698,
    "sff": "T9"
  },
  {
    "docID": "N150 Guest 2008",
    "et": "T9",
    "off": 13635,
    "sff": "T9"
  },
  {
    "docID": "N150 Guest 2008",
    "et": "T10",
    "off": 13642,
    "sff": "T10"
  },
  {
    "docID": "N150 Guest 2008",
    "et": "T10",
    "off": 13701,
    "sff": "T10"
  },
  {
    "docID": "N150 Guest 2008",
    "et": "Thoracic",
    "off": 56841,
    "sff": "thoracic"
  },
  {
    "docID": "N150 Guest 2008",
    "et": "Thoracic",
    "off": 13611,
    "sff": "thoracic"
  },
  {
    "docID": "N150 Guest 2008",
    "et": "AscendingFiberTract",
    "off": 7914,
    "sff": "fiber"
  },
  {
    "docID": "N150 Guest 2008",
    "et": "AscendingFiberTract",
    "off": 9477,
    "sff": "fiber"
  },
  {
    "docID": "N150 Guest 2008",
    "et": "AscendingFiberTract",
    "off": 22992,
    "sff": "fiber"
  },
  {
    "docID": "N150 Guest 2008",
    "et": "AscendingFiberTract",
    "off": 57926,
    "sff": "fiber"
  },
  {
    "docID": "N150 Guest 2008",
    "et": "AscendingFiberTract",
    "off": 42567,
    "sff": "fiber"
  },
  {
    "docID": "N150 Guest 2008",
    "et": "AscendingFiberTract",
    "off": 30541,
    "sff": "fiber"
  },
  {
    "docID": "N150 Guest 2008",
    "et": "AscendingFiberTract",
    "off": 21593,
    "sff": "fiber"
  },
  {
    "docID": "N150 Guest 2008",
    "et": "AscendingFiberTract",
    "off": 27031,
    "sff": "fiber"
  },
  {
    "docID": "N150 Guest 2008",
    "et": "AscendingFiberTract",
    "off": 29071,
    "sff": "ascending"
  },
  {
    "docID": "N150 Guest 2008",
    "et": "AscendingFiberTract",
    "off": 29975,
    "sff": "fiber"
  },
  {
    "docID": "N150 Guest 2008",
    "et": "AscendingFiberTract",
    "off": 51457,
    "sff": "fiber"
  },
  {
    "docID": "N150 Guest 2008",
    "et": "AscendingFiberTract",
    "off": 58133,
    "sff": "fiber"
  },
  {
    "docID": "N150 Guest 2008",
    "et": "AscendingFiberTract",
    "off": 30430,
    "sff": "fiber"
  },
  {
    "docID": "N150 Guest 2008",
    "et": "SpinalWhiteMatter",
    "off": 28068,
    "sff": "white"
  },
  {
    "docID": "N150 Guest 2008",
    "et": "SpinalWhiteMatter",
    "off": 26742,
    "sff": "white"
  },
  {
    "docID": "N150 Guest 2008",
    "et": "SpinalWhiteMatter",
    "off": 31429,
    "sff": "white"
  },
  {
    "docID": "N150 Guest 2008",
    "et": "SpinalWhiteMatter",
    "off": 28263,
    "sff": "white"
  },
  {
    "docID": "N150 Guest 2008",
    "et": "SpinalWhiteMatter",
    "off": 31546,
    "sff": "white"
  },
  {
    "docID": "N150 Guest 2008",
    "et": "SpinalWhiteMatter",
    "off": 45463,
    "sff": "white"
  },
  {
    "docID": "N150 Guest 2008",
    "et": "SpinalWhiteMatter",
    "off": 31857,
    "sff": "white"
  },
  {
    "docID": "N150 Guest 2008",
    "et": "SpinalWhiteMatter",
    "off": 45408,
    "sff": "white"
  },
  {
    "docID": "N150 Guest 2008",
    "et": "IntramuscularLocation",
    "off": 12846,
    "sff": "intramuscular"
  },
  {
    "docID": "N150 Guest 2008",
    "et": "SpinalFiberTract",
    "off": 51457,
    "sff": "fiber"
  },
  {
    "docID": "N150 Guest 2008",
    "et": "SpinalFiberTract",
    "off": 22992,
    "sff": "fiber"
  },
  {
    "docID": "N150 Guest 2008",
    "et": "SpinalFiberTract",
    "off": 27031,
    "sff": "fiber"
  },
  {
    "docID": "N150 Guest 2008",
    "et": "SpinalFiberTract",
    "off": 29975,
    "sff": "fiber"
  },
  {
    "docID": "N150 Guest 2008",
    "et": "SpinalFiberTract",
    "off": 42567,
    "sff": "fiber"
  },
  {
    "docID": "N150 Guest 2008",
    "et": "SpinalFiberTract",
    "off": 57926,
    "sff": "fiber"
  },
  {
    "docID": "N150 Guest 2008",
    "et": "SpinalFiberTract",
    "off": 9477,
    "sff": "fiber"
  },
  {
    "docID": "N150 Guest 2008",
    "et": "SpinalFiberTract",
    "off": 58133,
    "sff": "fiber"
  },
  {
    "docID": "N150 Guest 2008",
    "et": "SpinalFiberTract",
    "off": 7914,
    "sff": "fiber"
  },
  {
    "docID": "N150 Guest 2008",
    "et": "SpinalFiberTract",
    "off": 21593,
    "sff": "fiber"
  },
  {
    "docID": "N150 Guest 2008",
    "et": "SpinalFiberTract",
    "off": 30430,
    "sff": "fiber"
  },
  {
    "docID": "N150 Guest 2008",
    "et": "SpinalFiberTract",
    "off": 30541,
    "sff": "fiber"
  },
  {
    "docID": "N150 Guest 2008",
    "et": "SpinalDorsalHalf",
    "off": 51387,
    "sff": "dorsal"
  },
  {
    "docID": "N150 Guest 2008",
    "et": "SpinalDorsalHalf",
    "off": 60034,
    "sff": "dorsal"
  },
  {
    "docID": "N150 Guest 2008",
    "et": "SpinalDorsalHalf",
    "off": 15026,
    "sff": "dorsal"
  },
  {
    "docID": "N150 Guest 2008",
    "et": "SpinalVentralHalf",
    "off": 9353,
    "sff": "ventral"
  },
  {
    "docID": "N150 Guest 2008",
    "et": "SpinalVentralHalf",
    "off": 14987,
    "sff": "ventral"
  },
  {
    "docID": "N150 Guest 2008",
    "et": "SpinalCord",
    "off": 58978,
    "sff": "cord"
  },
  {
    "docID": "N150 Guest 2008",
    "et": "SpinalCord",
    "off": 21980,
    "sff": "cord"
  },
  {
    "docID": "N150 Guest 2008",
    "et": "SpinalCord",
    "off": 13800,
    "sff": "cord"
  },
  {
    "docID": "N150 Guest 2008",
    "et": "SpinalCord",
    "off": 13675,
    "sff": "cord"
  },
  {
    "docID": "N150 Guest 2008",
    "et": "SpinalCord",
    "off": 47727,
    "sff": "cord"
  },
  {
    "docID": "N150 Guest 2008",
    "et": "SpinalCord",
    "off": 19182,
    "sff": "cord"
  },
  {
    "docID": "N150 Guest 2008",
    "et": "SpinalCord",
    "off": 25710,
    "sff": "cord"
  },
  {
    "docID": "N150 Guest 2008",
    "et": "SpinalCord",
    "off": 55673,
    "sff": "cord"
  },
  {
    "docID": "N150 Guest 2008",
    "et": "SpinalCord",
    "off": 21623,
    "sff": "cord"
  },
  {
    "docID": "N150 Guest 2008",
    "et": "SpinalCord",
    "off": 57077,
    "sff": "cord"
  },
  {
    "docID": "N150 Guest 2008",
    "et": "SpinalCord",
    "off": 61313,
    "sff": "cord"
  },
  {
    "docID": "N150 Guest 2008",
    "et": "SpinalCord",
    "off": 24700,
    "sff": "cord"
  },
  {
    "docID": "N150 Guest 2008",
    "et": "SpinalCord",
    "off": 1791,
    "sff": "cord"
  },
  {
    "docID": "N150 Guest 2008",
    "et": "SpinalCord",
    "off": 1160,
    "sff": "cord"
  },
  {
    "docID": "N150 Guest 2008",
    "et": "SpinalCord",
    "off": 59401,
    "sff": "cord"
  },
  {
    "docID": "N150 Guest 2008",
    "et": "SpinalCord",
    "off": 16261,
    "sff": "cord"
  },
  {
    "docID": "N150 Guest 2008",
    "et": "SpinalCord",
    "off": 30725,
    "sff": "cord"
  },
  {
    "docID": "N150 Guest 2008",
    "et": "SpinalCord",
    "off": 25988,
    "sff": "cord"
  },
  {
    "docID": "N150 Guest 2008",
    "et": "SpinalCord",
    "off": 51342,
    "sff": "cord"
  },
  {
    "docID": "N150 Guest 2008",
    "et": "SpinalCord",
    "off": 22156,
    "sff": "cord"
  },
  {
    "docID": "N150 Guest 2008",
    "et": "SpinalCord",
    "off": 41626,
    "sff": "cord"
  },
  {
    "docID": "N150 Guest 2008",
    "et": "SpinalCord",
    "off": 51096,
    "sff": "cord"
  },
  {
    "docID": "N150 Guest 2008",
    "et": "SpinalCord",
    "off": 30487,
    "sff": "cord"
  },
  {
    "docID": "N150 Guest 2008",
    "et": "SpinalCord",
    "off": 28577,
    "sff": "cord"
  },
  {
    "docID": "N150 Guest 2008",
    "et": "SpinalCord",
    "off": 19872,
    "sff": "cord"
  },
  {
    "docID": "N150 Guest 2008",
    "et": "SpinalCord",
    "off": 39339,
    "sff": "cord"
  },
  {
    "docID": "N150 Guest 2008",
    "et": "SpinalCord",
    "off": 54440,
    "sff": "cord"
  },
  {
    "docID": "N150 Guest 2008",
    "et": "SpinalCord",
    "off": 15524,
    "sff": "cord"
  },
  {
    "docID": "N150 Guest 2008",
    "et": "SpinalCord",
    "off": 2727,
    "sff": "cord"
  },
  {
    "docID": "N150 Guest 2008",
    "et": "SpinalCord",
    "off": 560,
    "sff": "cord"
  },
  {
    "docID": "N150 Guest 2008",
    "et": "SpinalCord",
    "off": 19122,
    "sff": "cord"
  },
  {
    "docID": "N150 Guest 2008",
    "et": "SpinalCord",
    "off": 45102,
    "sff": "cord"
  },
  {
    "docID": "N150 Guest 2008",
    "et": "SpinalCord",
    "off": 26031,
    "sff": "cord"
  },
  {
    "docID": "N150 Guest 2008",
    "et": "SpinalCord",
    "off": 53932,
    "sff": "cord"
  },
  {
    "docID": "N150 Guest 2008",
    "et": "SpinalCord",
    "off": 18745,
    "sff": "cord"
  },
  {
    "docID": "N150 Guest 2008",
    "et": "SpinalCord",
    "off": 43834,
    "sff": "cord"
  },
  {
    "docID": "N150 Guest 2008",
    "et": "SpinalCord",
    "off": 27832,
    "sff": "cord"
  },
  {
    "docID": "N150 Guest 2008",
    "et": "SpinalCord",
    "off": 52283,
    "sff": "cord"
  },
  {
    "docID": "N150 Guest 2008",
    "et": "SpinalCord",
    "off": 58678,
    "sff": "cord"
  },
  {
    "docID": "N150 Guest 2008",
    "et": "SpinalCord",
    "off": 6964,
    "sff": "cord"
  },
  {
    "docID": "N150 Guest 2008",
    "et": "SpinalCord",
    "off": 13876,
    "sff": "cord"
  },
  {
    "docID": "N150 Guest 2008",
    "et": "SpinalCord",
    "off": 7990,
    "sff": "cord"
  },
  {
    "docID": "N150 Guest 2008",
    "et": "SpinalCord",
    "off": 14019,
    "sff": "cord"
  },
  {
    "docID": "N150 Guest 2008",
    "et": "SpinalCord",
    "off": 38977,
    "sff": "cord"
  },
  {
    "docID": "N150 Guest 2008",
    "et": "SpinalCord",
    "off": 47678,
    "sff": "cord"
  },
  {
    "docID": "N150 Guest 2008",
    "et": "SpinalCord",
    "off": 200,
    "sff": "cord"
  },
  {
    "docID": "N150 Guest 2008",
    "et": "SpinalCord",
    "off": 41416,
    "sff": "cord"
  },
  {
    "docID": "N150 Guest 2008",
    "et": "SpinalCord",
    "off": 14917,
    "sff": "cord"
  },
  {
    "docID": "N150 Guest 2008",
    "et": "SpinalCord",
    "off": 28357,
    "sff": "cord"
  },
  {
    "docID": "N150 Guest 2008",
    "et": "SpinalCord",
    "off": 8140,
    "sff": "cord"
  },
  {
    "docID": "N150 Guest 2008",
    "et": "SpinalCord",
    "off": 41307,
    "sff": "cord"
  },
  {
    "docID": "N150 Guest 2008",
    "et": "SpinalCord",
    "off": 24794,
    "sff": "cord"
  },
  {
    "docID": "N150 Guest 2008",
    "et": "SpinalCord",
    "off": 30037,
    "sff": "cord"
  },
  {
    "docID": "N150 Guest 2008",
    "et": "SpinalCord",
    "off": 59734,
    "sff": "cord"
  },
  {
    "docID": "N150 Guest 2008",
    "et": "SpinalCord",
    "off": 39636,
    "sff": "cord"
  },
  {
    "docID": "N150 Guest 2008",
    "et": "SpinalCord",
    "off": 55764,
    "sff": "cord"
  },
  {
    "docID": "N150 Guest 2008",
    "et": "SpinalCord",
    "off": 19286,
    "sff": "cord"
  },
  {
    "docID": "N150 Guest 2008",
    "et": "DorsalColumn",
    "off": 60034,
    "sff": "dorsal"
  },
  {
    "docID": "N150 Guest 2008",
    "et": "DorsalColumn",
    "off": 15026,
    "sff": "dorsal"
  },
  {
    "docID": "N150 Guest 2008",
    "et": "DorsalColumn",
    "off": 51387,
    "sff": "dorsal column"
  },
  {
    "docID": "N150 Guest 2008",
    "et": "LesionAdjacentTissue",
    "off": 23216,
    "sff": "lesion"
  },
  {
    "docID": "N150 Guest 2008",
    "et": "LesionAdjacentTissue",
    "off": 31471,
    "sff": "lesion"
  },
  {
    "docID": "N150 Guest 2008",
    "et": "LesionAdjacentTissue",
    "off": 31084,
    "sff": "lesion"
  },
  {
    "docID": "N150 Guest 2008",
    "et": "LesionAdjacentTissue",
    "off": 41197,
    "sff": "lesion"
  },
  {
    "docID": "N150 Guest 2008",
    "et": "LesionAdjacentTissue",
    "off": 42605,
    "sff": "lesion"
  },
  {
    "docID": "N150 Guest 2008",
    "et": "LesionAdjacentTissue",
    "off": 43850,
    "sff": "lesion"
  },
  {
    "docID": "N150 Guest 2008",
    "et": "LesionAdjacentTissue",
    "off": 2344,
    "sff": "lesion"
  },
  {
    "docID": "N150 Guest 2008",
    "et": "LesionAdjacentTissue",
    "off": 46565,
    "sff": "adjacent"
  },
  {
    "docID": "N150 Guest 2008",
    "et": "LesionAdjacentTissue",
    "off": 31582,
    "sff": "adjacent"
  },
  {
    "docID": "N150 Guest 2008",
    "et": "LesionAdjacentTissue",
    "off": 43454,
    "sff": "adjacent"
  },
  {
    "docID": "N150 Guest 2008",
    "et": "LesionAdjacentTissue",
    "off": 59137,
    "sff": "lesion"
  },
  {
    "docID": "N150 Guest 2008",
    "et": "LesionAdjacentTissue",
    "off": 43008,
    "sff": "lesion"
  },
  {
    "docID": "N150 Guest 2008",
    "et": "LesionAdjacentTissue",
    "off": 45837,
    "sff": "Adjacent"
  },
  {
    "docID": "N150 Guest 2008",
    "et": "LesionAdjacentTissue",
    "off": 51486,
    "sff": "lesion"
  },
  {
    "docID": "N150 Guest 2008",
    "et": "LesionAdjacentTissue",
    "off": 30134,
    "sff": "adjacent"
  },
  {
    "docID": "N150 Guest 2008",
    "et": "LesionAdjacentTissue",
    "off": 59125,
    "sff": "adjacent"
  },
  {
    "docID": "N150 Guest 2008",
    "et": "CentralNervousSystem",
    "off": 3179,
    "sff": "central nervous system"
  },
  {
    "docID": "N150 Guest 2008",
    "et": "CentralNervousSystem",
    "off": 27679,
    "sff": "central"
  },
  {
    "docID": "N150 Guest 2008",
    "et": "CentralNervousSystem",
    "off": 39727,
    "sff": "central"
  },
  {
    "docID": "N150 Guest 2008",
    "et": "CentralNervousSystem",
    "off": 3179,
    "sff": "central nervous"
  },
  {
    "docID": "N150 Guest 2008",
    "et": "CentralNervousSystem",
    "off": 30402,
    "sff": "central"
  },
  {
    "docID": "N150 Guest 2008",
    "et": "CentralNervousSystem",
    "off": 59346,
    "sff": "central"
  },
  {
    "docID": "N150 Guest 2008",
    "et": "CentralNervousSystem",
    "off": 59555,
    "sff": "central"
  },
  {
    "docID": "N150 Guest 2008",
    "et": "CentralNervousSystem",
    "off": 39574,
    "sff": "central"
  },
  {
    "docID": "N150 Guest 2008",
    "et": "CentralNervousSystem",
    "off": 39926,
    "sff": "central"
  },
  {
    "docID": "N150 Guest 2008",
    "et": "CentralNervousSystem",
    "off": 28248,
    "sff": "central"
  },
  {
    "docID": "N150 Guest 2008",
    "et": "CorticospinalTract",
    "off": 15405,
    "sff": "corticospinal tract"
  },
  {
    "docID": "N150 Guest 2008",
    "et": "CorticospinalTract",
    "off": 136,
    "sff": "corticospinal"
  },
  {
    "docID": "N150 Guest 2008",
    "et": "CorticospinalTract",
    "off": 1002,
    "sff": "corticospinal"
  },
  {
    "docID": "N150 Guest 2008",
    "et": "SpinalCentralPart",
    "off": 59555,
    "sff": "central"
  },
  {
    "docID": "N150 Guest 2008",
    "et": "SpinalCentralPart",
    "off": 30402,
    "sff": "central"
  },
  {
    "docID": "N150 Guest 2008",
    "et": "SpinalCentralPart",
    "off": 59346,
    "sff": "central"
  },
  {
    "docID": "N150 Guest 2008",
    "et": "SpinalCentralPart",
    "off": 27679,
    "sff": "central"
  },
  {
    "docID": "N150 Guest 2008",
    "et": "SpinalCentralPart",
    "off": 39727,
    "sff": "central"
  },
  {
    "docID": "N150 Guest 2008",
    "et": "SpinalCentralPart",
    "off": 3179,
    "sff": "central"
  },
  {
    "docID": "N150 Guest 2008",
    "et": "SpinalCentralPart",
    "off": 28248,
    "sff": "central"
  },
  {
    "docID": "N150 Guest 2008",
    "et": "SpinalCentralPart",
    "off": 39574,
    "sff": "central"
  },
  {
    "docID": "N150 Guest 2008",
    "et": "SpinalCentralPart",
    "off": 39926,
    "sff": "central"
  },
  {
    "docID": "N150 Guest 2008",
    "et": "InjectionDelivery",
    "off": 6491,
    "sff": "injection"
  },
  {
    "docID": "N150 Guest 2008",
    "et": "InjectionDelivery",
    "off": 18865,
    "sff": "injection"
  },
  {
    "docID": "N150 Guest 2008",
    "et": "InjectionDelivery",
    "off": 34131,
    "sff": "injection"
  },
  {
    "docID": "N150 Guest 2008",
    "et": "InjectionDelivery",
    "off": 32409,
    "sff": "injection"
  },
  {
    "docID": "N150 Guest 2008",
    "et": "InjectionDelivery",
    "off": 35176,
    "sff": "injection"
  },
  {
    "docID": "N150 Guest 2008",
    "et": "InjectionDelivery",
    "off": 14855,
    "sff": "injection"
  },
  {
    "docID": "N150 Guest 2008",
    "et": "InjectionDelivery",
    "off": 14967,
    "sff": "injection"
  },
  {
    "docID": "N150 Guest 2008",
    "et": "SpinalLesionSite",
    "off": 31471,
    "sff": "lesion site"
  },
  {
    "docID": "N150 Guest 2008",
    "et": "SpinalLesionSite",
    "off": 43008,
    "sff": "lesion"
  },
  {
    "docID": "N150 Guest 2008",
    "et": "SpinalLesionSite",
    "off": 59137,
    "sff": "lesion"
  },
  {
    "docID": "N150 Guest 2008",
    "et": "SpinalLesionSite",
    "off": 31084,
    "sff": "lesion site"
  },
  {
    "docID": "N150 Guest 2008",
    "et": "SpinalLesionSite",
    "off": 2344,
    "sff": "lesion site"
  },
  {
    "docID": "N150 Guest 2008",
    "et": "SpinalLesionSite",
    "off": 43850,
    "sff": "lesion site"
  },
  {
    "docID": "N150 Guest 2008",
    "et": "SpinalLesionSite",
    "off": 41197,
    "sff": "lesion site"
  },
  {
    "docID": "N150 Guest 2008",
    "et": "SpinalLesionSite",
    "off": 42605,
    "sff": "lesion site"
  },
  {
    "docID": "N150 Guest 2008",
    "et": "SpinalLesionSite",
    "off": 51486,
    "sff": "lesion site"
  },
  {
    "docID": "N150 Guest 2008",
    "et": "SpinalLesionSite",
    "off": 23216,
    "sff": "lesion site"
  }
]
