[
  {
    "docID": "N152 Ibrahim 2009",
    "et": "AnatomicalLocation",
    "off": 26617,
    "sff": "anatomical"
  },
  {
    "docID": "N152 Ibrahim 2009",
    "et": "L4",
    "off": 27932,
    "sff": "L4"
  },
  {
    "docID": "N152 Ibrahim 2009",
    "et": "Lumbar",
    "off": 2099,
    "sff": "lumbar"
  },
  {
    "docID": "N152 Ibrahim 2009",
    "et": "Lumbar",
    "off": 7043,
    "sff": "lumbar"
  },
  {
    "docID": "N152 Ibrahim 2009",
    "et": "Thoracic",
    "off": 10249,
    "sff": "thoracic"
  },
  {
    "docID": "N152 Ibrahim 2009",
    "et": "VertebralLocation",
    "off": 10167,
    "sff": "vertebral"
  },
  {
    "docID": "N152 Ibrahim 2009",
    "et": "Brain",
    "off": 168,
    "sff": "Brain"
  },
  {
    "docID": "N152 Ibrahim 2009",
    "et": "Brain",
    "off": 472,
    "sff": "Brain"
  },
  {
    "docID": "N152 Ibrahim 2009",
    "et": "Brain",
    "off": 1532,
    "sff": "brain"
  },
  {
    "docID": "N152 Ibrahim 2009",
    "et": "AscendingFiberTract",
    "off": 25469,
    "sff": "ascending"
  },
  {
    "docID": "N152 Ibrahim 2009",
    "et": "AscendingFiberTract",
    "off": 19032,
    "sff": "ascending"
  },
  {
    "docID": "N152 Ibrahim 2009",
    "et": "Intraspinal",
    "off": 26550,
    "sff": "intraspinal"
  },
  {
    "docID": "N152 Ibrahim 2009",
    "et": "SpinalWhiteMatter",
    "off": 25367,
    "sff": "white matter"
  },
  {
    "docID": "N152 Ibrahim 2009",
    "et": "SpinalWhiteMatter",
    "off": 15837,
    "sff": "white"
  },
  {
    "docID": "N152 Ibrahim 2009",
    "et": "SpinalDorsalHalf",
    "off": 27962,
    "sff": "dorsal"
  },
  {
    "docID": "N152 Ibrahim 2009",
    "et": "SpinalDorsalHalf",
    "off": 27772,
    "sff": "dorsal"
  },
  {
    "docID": "N152 Ibrahim 2009",
    "et": "SpinalDorsalHalf",
    "off": 15830,
    "sff": "dorsal"
  },
  {
    "docID": "N152 Ibrahim 2009",
    "et": "SpinalDorsalHalf",
    "off": 25270,
    "sff": "dorsal"
  },
  {
    "docID": "N152 Ibrahim 2009",
    "et": "SpinalDorsalHalf",
    "off": 22681,
    "sff": "dorsal"
  },
  {
    "docID": "N152 Ibrahim 2009",
    "et": "SpinalDorsalHalf",
    "off": 1347,
    "sff": "dorsal"
  },
  {
    "docID": "N152 Ibrahim 2009",
    "et": "SpinalDorsalHalf",
    "off": 32542,
    "sff": "dorsal"
  },
  {
    "docID": "N152 Ibrahim 2009",
    "et": "SpinalDorsalHalf",
    "off": 7050,
    "sff": "dorsal"
  },
  {
    "docID": "N152 Ibrahim 2009",
    "et": "SpinalDorsalHalf",
    "off": 25387,
    "sff": "dorsal"
  },
  {
    "docID": "N152 Ibrahim 2009",
    "et": "SpinalDorsalHalf",
    "off": 18732,
    "sff": "dorsal"
  },
  {
    "docID": "N152 Ibrahim 2009",
    "et": "SpinalDorsalHalf",
    "off": 15112,
    "sff": "dorsal"
  },
  {
    "docID": "N152 Ibrahim 2009",
    "et": "SpinalDorsalHalf",
    "off": 1865,
    "sff": "dorsal"
  },
  {
    "docID": "N152 Ibrahim 2009",
    "et": "SpinalDorsalHalf",
    "off": 15602,
    "sff": "dorsal"
  },
  {
    "docID": "N152 Ibrahim 2009",
    "et": "SpinalDorsalHalf",
    "off": 4340,
    "sff": "dorsal"
  },
  {
    "docID": "N152 Ibrahim 2009",
    "et": "SpinalDorsalHalf",
    "off": 9486,
    "sff": "dorsal"
  },
  {
    "docID": "N152 Ibrahim 2009",
    "et": "SpinalVentralHalf",
    "off": 7323,
    "sff": "ventral"
  },
  {
    "docID": "N152 Ibrahim 2009",
    "et": "SpinalCord",
    "off": 12730,
    "sff": "Cord"
  },
  {
    "docID": "N152 Ibrahim 2009",
    "et": "SpinalCord",
    "off": 27701,
    "sff": "cord"
  },
  {
    "docID": "N152 Ibrahim 2009",
    "et": "SpinalCord",
    "off": 13559,
    "sff": "cord"
  },
  {
    "docID": "N152 Ibrahim 2009",
    "et": "SpinalCord",
    "off": 24697,
    "sff": "cord"
  },
  {
    "docID": "N152 Ibrahim 2009",
    "et": "SpinalCord",
    "off": 8252,
    "sff": "cord"
  },
  {
    "docID": "N152 Ibrahim 2009",
    "et": "SpinalCord",
    "off": 15293,
    "sff": "cord"
  },
  {
    "docID": "N152 Ibrahim 2009",
    "et": "SpinalCord",
    "off": 12160,
    "sff": "cord"
  },
  {
    "docID": "N152 Ibrahim 2009",
    "et": "SpinalCord",
    "off": 13759,
    "sff": "cord"
  },
  {
    "docID": "N152 Ibrahim 2009",
    "et": "SpinalCord",
    "off": 18566,
    "sff": "cord"
  },
  {
    "docID": "N152 Ibrahim 2009",
    "et": "SpinalCord",
    "off": 15050,
    "sff": "cord"
  },
  {
    "docID": "N152 Ibrahim 2009",
    "et": "SpinalCord",
    "off": 10313,
    "sff": "cord"
  },
  {
    "docID": "N152 Ibrahim 2009",
    "et": "SpinalCord",
    "off": 1549,
    "sff": "cord"
  },
  {
    "docID": "N152 Ibrahim 2009",
    "et": "SpinalCord",
    "off": 4623,
    "sff": "cord"
  },
  {
    "docID": "N152 Ibrahim 2009",
    "et": "SpinalCord",
    "off": 13266,
    "sff": "cord"
  },
  {
    "docID": "N152 Ibrahim 2009",
    "et": "SpinalCord",
    "off": 23314,
    "sff": "cord"
  },
  {
    "docID": "N152 Ibrahim 2009",
    "et": "SpinalCord",
    "off": 10518,
    "sff": "cord"
  },
  {
    "docID": "N152 Ibrahim 2009",
    "et": "SpinalCord",
    "off": 2202,
    "sff": "cord"
  },
  {
    "docID": "N152 Ibrahim 2009",
    "et": "SpinalCord",
    "off": 28699,
    "sff": "cord"
  },
  {
    "docID": "N152 Ibrahim 2009",
    "et": "SpinalCord",
    "off": 4382,
    "sff": "cord"
  },
  {
    "docID": "N152 Ibrahim 2009",
    "et": "SpinalCord",
    "off": 4130,
    "sff": "cord"
  },
  {
    "docID": "N152 Ibrahim 2009",
    "et": "SpinalCord",
    "off": 15521,
    "sff": "cord"
  },
  {
    "docID": "N152 Ibrahim 2009",
    "et": "SpinalCord",
    "off": 22177,
    "sff": "cord"
  },
  {
    "docID": "N152 Ibrahim 2009",
    "et": "SpinalCord",
    "off": 1382,
    "sff": "cord"
  },
  {
    "docID": "N152 Ibrahim 2009",
    "et": "SpinalCord",
    "off": 7974,
    "sff": "cord"
  },
  {
    "docID": "N152 Ibrahim 2009",
    "et": "SpinalCord",
    "off": 616,
    "sff": "cord"
  },
  {
    "docID": "N152 Ibrahim 2009",
    "et": "SpinalCord",
    "off": 33320,
    "sff": "cord"
  },
  {
    "docID": "N152 Ibrahim 2009",
    "et": "SpinalCord",
    "off": 22695,
    "sff": "cord"
  },
  {
    "docID": "N152 Ibrahim 2009",
    "et": "SpinalCord",
    "off": 1705,
    "sff": "cord"
  },
  {
    "docID": "N152 Ibrahim 2009",
    "et": "SpinalCord",
    "off": 33068,
    "sff": "cord"
  },
  {
    "docID": "N152 Ibrahim 2009",
    "et": "SpinalCord",
    "off": 24109,
    "sff": "cord"
  },
  {
    "docID": "N152 Ibrahim 2009",
    "et": "SpinalCord",
    "off": 28589,
    "sff": "cord"
  },
  {
    "docID": "N152 Ibrahim 2009",
    "et": "SpinalCord",
    "off": 31023,
    "sff": "cord"
  },
  {
    "docID": "N152 Ibrahim 2009",
    "et": "SpinalCord",
    "off": 18418,
    "sff": "cord"
  },
  {
    "docID": "N152 Ibrahim 2009",
    "et": "DorsalColumn",
    "off": 15830,
    "sff": "dorsal"
  },
  {
    "docID": "N152 Ibrahim 2009",
    "et": "DorsalColumn",
    "off": 25270,
    "sff": "dorsal"
  },
  {
    "docID": "N152 Ibrahim 2009",
    "et": "DorsalColumn",
    "off": 4340,
    "sff": "dorsal"
  },
  {
    "docID": "N152 Ibrahim 2009",
    "et": "DorsalColumn",
    "off": 27962,
    "sff": "dorsal"
  },
  {
    "docID": "N152 Ibrahim 2009",
    "et": "DorsalColumn",
    "off": 22681,
    "sff": "dorsal"
  },
  {
    "docID": "N152 Ibrahim 2009",
    "et": "DorsalColumn",
    "off": 9486,
    "sff": "dorsal"
  },
  {
    "docID": "N152 Ibrahim 2009",
    "et": "DorsalColumn",
    "off": 18732,
    "sff": "dorsal"
  },
  {
    "docID": "N152 Ibrahim 2009",
    "et": "DorsalColumn",
    "off": 15602,
    "sff": "dorsal"
  },
  {
    "docID": "N152 Ibrahim 2009",
    "et": "DorsalColumn",
    "off": 7050,
    "sff": "dorsal"
  },
  {
    "docID": "N152 Ibrahim 2009",
    "et": "DorsalColumn",
    "off": 25387,
    "sff": "dorsal"
  },
  {
    "docID": "N152 Ibrahim 2009",
    "et": "DorsalColumn",
    "off": 15112,
    "sff": "dorsal"
  },
  {
    "docID": "N152 Ibrahim 2009",
    "et": "DorsalColumn",
    "off": 1865,
    "sff": "dorsal"
  },
  {
    "docID": "N152 Ibrahim 2009",
    "et": "DorsalColumn",
    "off": 32542,
    "sff": "dorsal"
  },
  {
    "docID": "N152 Ibrahim 2009",
    "et": "DorsalColumn",
    "off": 27772,
    "sff": "dorsal"
  },
  {
    "docID": "N152 Ibrahim 2009",
    "et": "DorsalColumn",
    "off": 1347,
    "sff": "dorsal"
  },
  {
    "docID": "N152 Ibrahim 2009",
    "et": "LesionAdjacentTissue",
    "off": 27953,
    "sff": "adjacent"
  },
  {
    "docID": "N152 Ibrahim 2009",
    "et": "LesionAdjacentTissue",
    "off": 3704,
    "sff": "lesion"
  },
  {
    "docID": "N152 Ibrahim 2009",
    "et": "LesionAdjacentTissue",
    "off": 4886,
    "sff": "adjacent"
  },
  {
    "docID": "N152 Ibrahim 2009",
    "et": "LesionAdjacentTissue",
    "off": 14400,
    "sff": "lesion"
  },
  {
    "docID": "N152 Ibrahim 2009",
    "et": "LesionAdjacentTissue",
    "off": 14531,
    "sff": "lesion"
  },
  {
    "docID": "N152 Ibrahim 2009",
    "et": "LesionAdjacentTissue",
    "off": 9119,
    "sff": "adjacent"
  },
  {
    "docID": "N152 Ibrahim 2009",
    "et": "LesionAdjacentTissue",
    "off": 22672,
    "sff": "adjacent"
  },
  {
    "docID": "N152 Ibrahim 2009",
    "et": "InfusionDelivery",
    "off": 6849,
    "sff": "infusion"
  },
  {
    "docID": "N152 Ibrahim 2009",
    "et": "Cervical",
    "off": 13715,
    "sff": "cervical"
  },
  {
    "docID": "N152 Ibrahim 2009",
    "et": "CentralNervousSystem",
    "off": 15363,
    "sff": "central"
  },
  {
    "docID": "N152 Ibrahim 2009",
    "et": "CentralNervousSystem",
    "off": 23084,
    "sff": "central"
  },
  {
    "docID": "N152 Ibrahim 2009",
    "et": "Location",
    "off": 23203,
    "sff": "location"
  },
  {
    "docID": "N152 Ibrahim 2009",
    "et": "Location",
    "off": 25457,
    "sff": "location"
  },
  {
    "docID": "N152 Ibrahim 2009",
    "et": "SubstanceApplicationLocation",
    "off": 1407,
    "sff": "application"
  },
  {
    "docID": "N152 Ibrahim 2009",
    "et": "SubstanceApplicationLocation",
    "off": 26326,
    "sff": "application"
  },
  {
    "docID": "N152 Ibrahim 2009",
    "et": "SubstanceApplicationLocation",
    "off": 33171,
    "sff": "application"
  },
  {
    "docID": "N152 Ibrahim 2009",
    "et": "C1",
    "off": 7210,
    "sff": "C1"
  },
  {
    "docID": "N152 Ibrahim 2009",
    "et": "C4",
    "off": 18789,
    "sff": "C4"
  },
  {
    "docID": "N152 Ibrahim 2009",
    "et": "C4",
    "off": 18435,
    "sff": "C4"
  },
  {
    "docID": "N152 Ibrahim 2009",
    "et": "C4",
    "off": 8498,
    "sff": "C4"
  },
  {
    "docID": "N152 Ibrahim 2009",
    "et": "C4",
    "off": 4055,
    "sff": "C4"
  },
  {
    "docID": "N152 Ibrahim 2009",
    "et": "C4",
    "off": 12315,
    "sff": "C4"
  },
  {
    "docID": "N152 Ibrahim 2009",
    "et": "C4",
    "off": 7098,
    "sff": "C4"
  },
  {
    "docID": "N152 Ibrahim 2009",
    "et": "C5",
    "off": 12834,
    "sff": "C5"
  },
  {
    "docID": "N152 Ibrahim 2009",
    "et": "C5",
    "off": 8675,
    "sff": "C5"
  },
  {
    "docID": "N152 Ibrahim 2009",
    "et": "C5",
    "off": 13045,
    "sff": "C5"
  },
  {
    "docID": "N152 Ibrahim 2009",
    "et": "C5",
    "off": 19216,
    "sff": "C5"
  },
  {
    "docID": "N152 Ibrahim 2009",
    "et": "C5",
    "off": 20188,
    "sff": "C5"
  },
  {
    "docID": "N152 Ibrahim 2009",
    "et": "C5",
    "off": 4973,
    "sff": "C5"
  },
  {
    "docID": "N152 Ibrahim 2009",
    "et": "C5",
    "off": 8391,
    "sff": "C5"
  },
  {
    "docID": "N152 Ibrahim 2009",
    "et": "C5",
    "off": 20343,
    "sff": "C5"
  },
  {
    "docID": "N152 Ibrahim 2009",
    "et": "C5",
    "off": 8744,
    "sff": "C5"
  },
  {
    "docID": "N152 Ibrahim 2009",
    "et": "C5",
    "off": 21544,
    "sff": "C5"
  },
  {
    "docID": "N152 Ibrahim 2009",
    "et": "C6",
    "off": 27250,
    "sff": "C6"
  },
  {
    "docID": "N152 Ibrahim 2009",
    "et": "C6",
    "off": 27443,
    "sff": "C6"
  },
  {
    "docID": "N152 Ibrahim 2009",
    "et": "C6",
    "off": 2293,
    "sff": "C6"
  },
  {
    "docID": "N152 Ibrahim 2009",
    "et": "C6",
    "off": 12175,
    "sff": "C6"
  },
  {
    "docID": "N152 Ibrahim 2009",
    "et": "C6",
    "off": 21866,
    "sff": "C6"
  },
  {
    "docID": "N152 Ibrahim 2009",
    "et": "C6",
    "off": 3787,
    "sff": "C6"
  },
  {
    "docID": "N152 Ibrahim 2009",
    "et": "C6",
    "off": 20364,
    "sff": "C6"
  },
  {
    "docID": "N152 Ibrahim 2009",
    "et": "C6",
    "off": 19330,
    "sff": "C6"
  },
  {
    "docID": "N152 Ibrahim 2009",
    "et": "C6",
    "off": 4356,
    "sff": "C6"
  },
  {
    "docID": "N152 Ibrahim 2009",
    "et": "C6",
    "off": 22655,
    "sff": "C6"
  },
  {
    "docID": "N152 Ibrahim 2009",
    "et": "C6",
    "off": 16960,
    "sff": "C6"
  },
  {
    "docID": "N152 Ibrahim 2009",
    "et": "C6",
    "off": 19584,
    "sff": "C6"
  },
  {
    "docID": "N152 Ibrahim 2009",
    "et": "C6",
    "off": 5018,
    "sff": "C6"
  },
  {
    "docID": "N152 Ibrahim 2009",
    "et": "C6",
    "off": 12764,
    "sff": "C6"
  },
  {
    "docID": "N152 Ibrahim 2009",
    "et": "C6",
    "off": 18813,
    "sff": "C6"
  },
  {
    "docID": "N152 Ibrahim 2009",
    "et": "C6",
    "off": 3767,
    "sff": "C6"
  },
  {
    "docID": "N152 Ibrahim 2009",
    "et": "C6",
    "off": 16344,
    "sff": "C6"
  },
  {
    "docID": "N152 Ibrahim 2009",
    "et": "VertebralArea",
    "off": 10167,
    "sff": "vertebral"
  },
  {
    "docID": "N152 Ibrahim 2009",
    "et": "C7",
    "off": 18819,
    "sff": "C7"
  },
  {
    "docID": "N152 Ibrahim 2009",
    "et": "C7",
    "off": 21635,
    "sff": "C7"
  },
  {
    "docID": "N152 Ibrahim 2009",
    "et": "C7",
    "off": 24563,
    "sff": "C7"
  },
  {
    "docID": "N152 Ibrahim 2009",
    "et": "C7",
    "off": 12882,
    "sff": "C7"
  },
  {
    "docID": "N152 Ibrahim 2009",
    "et": "C7",
    "off": 20370,
    "sff": "C7"
  },
  {
    "docID": "N152 Ibrahim 2009",
    "et": "C7",
    "off": 12965,
    "sff": "C7"
  },
  {
    "docID": "N152 Ibrahim 2009",
    "et": "C7",
    "off": 5198,
    "sff": "C7"
  },
  {
    "docID": "N152 Ibrahim 2009",
    "et": "SpinalCentralPart",
    "off": 23084,
    "sff": "central"
  },
  {
    "docID": "N152 Ibrahim 2009",
    "et": "SpinalCentralPart",
    "off": 15363,
    "sff": "central"
  },
  {
    "docID": "N152 Ibrahim 2009",
    "et": "InjectionDelivery",
    "off": 13534,
    "sff": "injection"
  },
  {
    "docID": "N152 Ibrahim 2009",
    "et": "InjectionDelivery",
    "off": 5244,
    "sff": "injection"
  },
  {
    "docID": "N152 Ibrahim 2009",
    "et": "InjectionDelivery",
    "off": 4805,
    "sff": "injection"
  },
  {
    "docID": "N152 Ibrahim 2009",
    "et": "InjectionDelivery",
    "off": 27892,
    "sff": "injection"
  },
  {
    "docID": "N152 Ibrahim 2009",
    "et": "VertebralSegment",
    "off": 10167,
    "sff": "vertebral"
  },
  {
    "docID": "N152 Ibrahim 2009",
    "et": "SpinalLesionSite",
    "off": 14531,
    "sff": "lesion"
  },
  {
    "docID": "N152 Ibrahim 2009",
    "et": "SpinalLesionSite",
    "off": 3704,
    "sff": "lesion"
  },
  {
    "docID": "N152 Ibrahim 2009",
    "et": "SpinalLesionSite",
    "off": 14400,
    "sff": "lesion"
  },
  {
    "docID": "N152 Ibrahim 2009",
    "et": "T1",
    "off": 4359,
    "sff": "T1"
  },
  {
    "docID": "N152 Ibrahim 2009",
    "et": "T1",
    "off": 16966,
    "sff": "T1"
  },
  {
    "docID": "N152 Ibrahim 2009",
    "et": "T1",
    "off": 19590,
    "sff": "T1"
  },
  {
    "docID": "N152 Ibrahim 2009",
    "et": "T1",
    "off": 21547,
    "sff": "T1"
  },
  {
    "docID": "N152 Ibrahim 2009",
    "et": "T1",
    "off": 8397,
    "sff": "T1"
  },
  {
    "docID": "N152 Ibrahim 2009",
    "et": "T1",
    "off": 3790,
    "sff": "T1"
  },
  {
    "docID": "N152 Ibrahim 2009",
    "et": "T1",
    "off": 19222,
    "sff": "T1"
  },
  {
    "docID": "N152 Ibrahim 2009",
    "et": "T1",
    "off": 27449,
    "sff": "T1"
  },
  {
    "docID": "N152 Ibrahim 2009",
    "et": "T1",
    "off": 27256,
    "sff": "T1"
  },
  {
    "docID": "N152 Ibrahim 2009",
    "et": "T1",
    "off": 2299,
    "sff": "T1"
  },
  {
    "docID": "N152 Ibrahim 2009",
    "et": "T1",
    "off": 3770,
    "sff": "T1"
  },
  {
    "docID": "N152 Ibrahim 2009",
    "et": "T1",
    "off": 20349,
    "sff": "T1"
  },
  {
    "docID": "N152 Ibrahim 2009",
    "et": "T1",
    "off": 16350,
    "sff": "T1"
  },
  {
    "docID": "N152 Ibrahim 2009",
    "et": "T1",
    "off": 5024,
    "sff": "T1"
  },
  {
    "docID": "N152 Ibrahim 2009",
    "et": "T1",
    "off": 12837,
    "sff": "T1"
  },
  {
    "docID": "N152 Ibrahim 2009",
    "et": "T1",
    "off": 22661,
    "sff": "T1"
  },
  {
    "docID": "N152 Ibrahim 2009",
    "et": "T2",
    "off": 18441,
    "sff": "T2"
  },
  {
    "docID": "N152 Ibrahim 2009",
    "et": "T2",
    "off": 4058,
    "sff": "T2"
  },
  {
    "docID": "N152 Ibrahim 2009",
    "et": "T2",
    "off": 7101,
    "sff": "T2"
  },
  {
    "docID": "N152 Ibrahim 2009",
    "et": "T2",
    "off": 8508,
    "sff": "T2"
  },
  {
    "docID": "N152 Ibrahim 2009",
    "et": "T2",
    "off": 12318,
    "sff": "T2"
  },
  {
    "docID": "N152 Ibrahim 2009",
    "et": "T2",
    "off": 18783,
    "sff": "T2"
  },
  {
    "docID": "N152 Ibrahim 2009",
    "et": "T2",
    "off": 4979,
    "sff": "T2"
  },
  {
    "docID": "N152 Ibrahim 2009",
    "et": "T3",
    "off": 6983,
    "sff": "T3"
  }
]
