[
  {
    "docID": "N153 Imaizumi 2000",
    "et": "T5",
    "off": 6546,
    "sff": "T5"
  },
  {
    "docID": "N153 Imaizumi 2000",
    "et": "T6",
    "off": 6759,
    "sff": "T6"
  },
  {
    "docID": "N153 Imaizumi 2000",
    "et": "L1",
    "off": 6766,
    "sff": "L1"
  },
  {
    "docID": "N153 Imaizumi 2000",
    "et": "L2",
    "off": 6553,
    "sff": "L2"
  },
  {
    "docID": "N153 Imaizumi 2000",
    "et": "L4",
    "off": 21287,
    "sff": "L4"
  },
  {
    "docID": "N153 Imaizumi 2000",
    "et": "L4",
    "off": 5925,
    "sff": "L4"
  },
  {
    "docID": "N153 Imaizumi 2000",
    "et": "L4",
    "off": 32004,
    "sff": "L4"
  },
  {
    "docID": "N153 Imaizumi 2000",
    "et": "L5",
    "off": 21290,
    "sff": "L5"
  },
  {
    "docID": "N153 Imaizumi 2000",
    "et": "L5",
    "off": 5932,
    "sff": "L5"
  },
  {
    "docID": "N153 Imaizumi 2000",
    "et": "T11",
    "off": 5038,
    "sff": "T11"
  },
  {
    "docID": "N153 Imaizumi 2000",
    "et": "T11",
    "off": 4994,
    "sff": "T11"
  },
  {
    "docID": "N153 Imaizumi 2000",
    "et": "Lumbar",
    "off": 4930,
    "sff": "lumbar"
  },
  {
    "docID": "N153 Imaizumi 2000",
    "et": "VertebralLocation",
    "off": 4978,
    "sff": "vertebral"
  },
  {
    "docID": "N153 Imaizumi 2000",
    "et": "VertebralLocation",
    "off": 6504,
    "sff": "vertebral"
  },
  {
    "docID": "N153 Imaizumi 2000",
    "et": "AscendingFiberTract",
    "off": 3725,
    "sff": "ascending"
  },
  {
    "docID": "N153 Imaizumi 2000",
    "et": "AscendingFiberTract",
    "off": 31434,
    "sff": "ascending"
  },
  {
    "docID": "N153 Imaizumi 2000",
    "et": "AscendingFiberTract",
    "off": 32104,
    "sff": "ascending"
  },
  {
    "docID": "N153 Imaizumi 2000",
    "et": "AscendingFiberTract",
    "off": 16791,
    "sff": "ascending"
  },
  {
    "docID": "N153 Imaizumi 2000",
    "et": "VeinLocation",
    "off": 5261,
    "sff": "vein"
  },
  {
    "docID": "N153 Imaizumi 2000",
    "et": "FemoralVeinLocation",
    "off": 5261,
    "sff": "vein"
  },
  {
    "docID": "N153 Imaizumi 2000",
    "et": "SpinalDorsalHalf",
    "off": 4949,
    "sff": "dorsal"
  },
  {
    "docID": "N153 Imaizumi 2000",
    "et": "SpinalDorsalHalf",
    "off": 33241,
    "sff": "dorsal"
  },
  {
    "docID": "N153 Imaizumi 2000",
    "et": "SpinalDorsalHalf",
    "off": 21453,
    "sff": "dorsal"
  },
  {
    "docID": "N153 Imaizumi 2000",
    "et": "SpinalDorsalHalf",
    "off": 26961,
    "sff": "dorsal"
  },
  {
    "docID": "N153 Imaizumi 2000",
    "et": "SpinalDorsalHalf",
    "off": 16849,
    "sff": "dorsal"
  },
  {
    "docID": "N153 Imaizumi 2000",
    "et": "SpinalDorsalHalf",
    "off": 15568,
    "sff": "dorsal"
  },
  {
    "docID": "N153 Imaizumi 2000",
    "et": "SpinalDorsalHalf",
    "off": 15311,
    "sff": "dorsal"
  },
  {
    "docID": "N153 Imaizumi 2000",
    "et": "SpinalDorsalHalf",
    "off": 15695,
    "sff": "dorsal"
  },
  {
    "docID": "N153 Imaizumi 2000",
    "et": "SpinalDorsalHalf",
    "off": 22606,
    "sff": "dorsal"
  },
  {
    "docID": "N153 Imaizumi 2000",
    "et": "SpinalDorsalHalf",
    "off": 16104,
    "sff": "dorsal"
  },
  {
    "docID": "N153 Imaizumi 2000",
    "et": "SpinalDorsalHalf",
    "off": 21864,
    "sff": "dorsal"
  },
  {
    "docID": "N153 Imaizumi 2000",
    "et": "SpinalDorsalHalf",
    "off": 27875,
    "sff": "dorsal"
  },
  {
    "docID": "N153 Imaizumi 2000",
    "et": "SpinalDorsalHalf",
    "off": 25444,
    "sff": "dorsal"
  },
  {
    "docID": "N153 Imaizumi 2000",
    "et": "SpinalDorsalHalf",
    "off": 19035,
    "sff": "dorsal"
  },
  {
    "docID": "N153 Imaizumi 2000",
    "et": "SpinalDorsalHalf",
    "off": 30042,
    "sff": "dorsal"
  },
  {
    "docID": "N153 Imaizumi 2000",
    "et": "SpinalDorsalHalf",
    "off": 5618,
    "sff": "dorsal"
  },
  {
    "docID": "N153 Imaizumi 2000",
    "et": "SpinalDorsalHalf",
    "off": 11634,
    "sff": "dorsal"
  },
  {
    "docID": "N153 Imaizumi 2000",
    "et": "SpinalDorsalHalf",
    "off": 25849,
    "sff": "dorsal"
  },
  {
    "docID": "N153 Imaizumi 2000",
    "et": "SpinalDorsalHalf",
    "off": 32121,
    "sff": "dorsal"
  },
  {
    "docID": "N153 Imaizumi 2000",
    "et": "SpinalDorsalHalf",
    "off": 31987,
    "sff": "dorsal"
  },
  {
    "docID": "N153 Imaizumi 2000",
    "et": "SpinalDorsalHalf",
    "off": 620,
    "sff": "dorsal"
  },
  {
    "docID": "N153 Imaizumi 2000",
    "et": "SpinalDorsalHalf",
    "off": 25713,
    "sff": "dorsal"
  },
  {
    "docID": "N153 Imaizumi 2000",
    "et": "SpinalDorsalHalf",
    "off": 22388,
    "sff": "Dorsal"
  },
  {
    "docID": "N153 Imaizumi 2000",
    "et": "SpinalDorsalHalf",
    "off": 14831,
    "sff": "dorsal"
  },
  {
    "docID": "N153 Imaizumi 2000",
    "et": "SpinalDorsalHalf",
    "off": 18671,
    "sff": "dorsal"
  },
  {
    "docID": "N153 Imaizumi 2000",
    "et": "SpinalDorsalHalf",
    "off": 14958,
    "sff": "dorsal"
  },
  {
    "docID": "N153 Imaizumi 2000",
    "et": "SpinalDorsalHalf",
    "off": 16622,
    "sff": "dorsal"
  },
  {
    "docID": "N153 Imaizumi 2000",
    "et": "SpinalDorsalHalf",
    "off": 7300,
    "sff": "dorsal"
  },
  {
    "docID": "N153 Imaizumi 2000",
    "et": "SpinalDorsalHalf",
    "off": 14596,
    "sff": "dorsal"
  },
  {
    "docID": "N153 Imaizumi 2000",
    "et": "SpinalDorsalHalf",
    "off": 29315,
    "sff": "dorsal"
  },
  {
    "docID": "N153 Imaizumi 2000",
    "et": "SpinalDorsalHalf",
    "off": 22778,
    "sff": "dorsal"
  },
  {
    "docID": "N153 Imaizumi 2000",
    "et": "SpinalDorsalHalf",
    "off": 21375,
    "sff": "dorsal"
  },
  {
    "docID": "N153 Imaizumi 2000",
    "et": "SpinalDorsalHalf",
    "off": 25213,
    "sff": "dorsal"
  },
  {
    "docID": "N153 Imaizumi 2000",
    "et": "SpinalDorsalHalf",
    "off": 16408,
    "sff": "dorsal"
  },
  {
    "docID": "N153 Imaizumi 2000",
    "et": "SpinalDorsalHalf",
    "off": 25747,
    "sff": "dorsal"
  },
  {
    "docID": "N153 Imaizumi 2000",
    "et": "SpinalDorsalHalf",
    "off": 17046,
    "sff": "dorsal"
  },
  {
    "docID": "N153 Imaizumi 2000",
    "et": "SpinalDorsalHalf",
    "off": 7437,
    "sff": "dorsal"
  },
  {
    "docID": "N153 Imaizumi 2000",
    "et": "SpinalDorsalHalf",
    "off": 12684,
    "sff": "dorsal"
  },
  {
    "docID": "N153 Imaizumi 2000",
    "et": "SpinalDorsalHalf",
    "off": 26639,
    "sff": "dorsal"
  },
  {
    "docID": "N153 Imaizumi 2000",
    "et": "SpinalDorsalHalf",
    "off": 25867,
    "sff": "dorsal"
  },
  {
    "docID": "N153 Imaizumi 2000",
    "et": "SpinalDorsalHalf",
    "off": 11407,
    "sff": "dorsal"
  },
  {
    "docID": "N153 Imaizumi 2000",
    "et": "SpinalDorsalHalf",
    "off": 15631,
    "sff": "dorsal"
  },
  {
    "docID": "N153 Imaizumi 2000",
    "et": "SpinalDorsalHalf",
    "off": 27304,
    "sff": "dorsal"
  },
  {
    "docID": "N153 Imaizumi 2000",
    "et": "SpinalDorsalHalf",
    "off": 3490,
    "sff": "dorsal"
  },
  {
    "docID": "N153 Imaizumi 2000",
    "et": "SpinalDorsalHalf",
    "off": 12329,
    "sff": "dorsal"
  },
  {
    "docID": "N153 Imaizumi 2000",
    "et": "SpinalDorsalHalf",
    "off": 16680,
    "sff": "dorsal"
  },
  {
    "docID": "N153 Imaizumi 2000",
    "et": "SpinalDorsalHalf",
    "off": 12070,
    "sff": "dorsal"
  },
  {
    "docID": "N153 Imaizumi 2000",
    "et": "SpinalDorsalHalf",
    "off": 22950,
    "sff": "dorsal"
  },
  {
    "docID": "N153 Imaizumi 2000",
    "et": "SpinalDorsalHalf",
    "off": 21019,
    "sff": "dorsal"
  },
  {
    "docID": "N153 Imaizumi 2000",
    "et": "SpinalDorsalHalf",
    "off": 12642,
    "sff": "Dorsal"
  },
  {
    "docID": "N153 Imaizumi 2000",
    "et": "SpinalDorsalHalf",
    "off": 15775,
    "sff": "dorsal"
  },
  {
    "docID": "N153 Imaizumi 2000",
    "et": "SpinalDorsalHalf",
    "off": 26269,
    "sff": "dorsal"
  },
  {
    "docID": "N153 Imaizumi 2000",
    "et": "SpinalDorsalHalf",
    "off": 10547,
    "sff": "dorsal"
  },
  {
    "docID": "N153 Imaizumi 2000",
    "et": "SpinalDorsalHalf",
    "off": 10803,
    "sff": "dorsal"
  },
  {
    "docID": "N153 Imaizumi 2000",
    "et": "SpinalDorsalHalf",
    "off": 23993,
    "sff": "dorsal"
  },
  {
    "docID": "N153 Imaizumi 2000",
    "et": "SpinalDorsalHalf",
    "off": 20536,
    "sff": "dorsal"
  },
  {
    "docID": "N153 Imaizumi 2000",
    "et": "SpinalDorsalHalf",
    "off": 22839,
    "sff": "dorsal"
  },
  {
    "docID": "N153 Imaizumi 2000",
    "et": "SpinalDorsalHalf",
    "off": 12716,
    "sff": "dorsal"
  },
  {
    "docID": "N153 Imaizumi 2000",
    "et": "SpinalDorsalHalf",
    "off": 25648,
    "sff": "dorsal"
  },
  {
    "docID": "N153 Imaizumi 2000",
    "et": "SpinalDorsalHalf",
    "off": 3760,
    "sff": "dorsal"
  },
  {
    "docID": "N153 Imaizumi 2000",
    "et": "SpinalDorsalHalf",
    "off": 21294,
    "sff": "dorsal"
  },
  {
    "docID": "N153 Imaizumi 2000",
    "et": "SpinalDorsalHalf",
    "off": 20293,
    "sff": "dorsal"
  },
  {
    "docID": "N153 Imaizumi 2000",
    "et": "SpinalDorsalHalf",
    "off": 7619,
    "sff": "dorsal"
  },
  {
    "docID": "N153 Imaizumi 2000",
    "et": "SpinalDorsalHalf",
    "off": 20803,
    "sff": "dorsal"
  },
  {
    "docID": "N153 Imaizumi 2000",
    "et": "SpinalDorsalHalf",
    "off": 25544,
    "sff": "dorsal"
  },
  {
    "docID": "N153 Imaizumi 2000",
    "et": "SpinalDorsalHalf",
    "off": 15943,
    "sff": "dorsal"
  },
  {
    "docID": "N153 Imaizumi 2000",
    "et": "SpinalDorsalHalf",
    "off": 12102,
    "sff": "dorsal"
  },
  {
    "docID": "N153 Imaizumi 2000",
    "et": "SpinalDorsalHalf",
    "off": 15164,
    "sff": "dorsal"
  },
  {
    "docID": "N153 Imaizumi 2000",
    "et": "SpinalDorsalHalf",
    "off": 22331,
    "sff": "dorsal"
  },
  {
    "docID": "N153 Imaizumi 2000",
    "et": "SpinalDorsalHalf",
    "off": 32960,
    "sff": "dorsal"
  },
  {
    "docID": "N153 Imaizumi 2000",
    "et": "SpinalDorsalHalf",
    "off": 5050,
    "sff": "dorsal"
  },
  {
    "docID": "N153 Imaizumi 2000",
    "et": "SpinalVentralHalf",
    "off": 12658,
    "sff": "Ventral"
  },
  {
    "docID": "N153 Imaizumi 2000",
    "et": "SpinalVentralHalf",
    "off": 25724,
    "sff": "ventral"
  },
  {
    "docID": "N153 Imaizumi 2000",
    "et": "SpinalVentralHalf",
    "off": 26248,
    "sff": "ventral"
  },
  {
    "docID": "N153 Imaizumi 2000",
    "et": "SpinalVentralHalf",
    "off": 12695,
    "sff": "ventral"
  },
  {
    "docID": "N153 Imaizumi 2000",
    "et": "SpinalVentralHalf",
    "off": 22373,
    "sff": "ventral"
  },
  {
    "docID": "N153 Imaizumi 2000",
    "et": "SpinalVentralHalf",
    "off": 25522,
    "sff": "ventral"
  },
  {
    "docID": "N153 Imaizumi 2000",
    "et": "SpinalVentralHalf",
    "off": 12081,
    "sff": "ventral"
  },
  {
    "docID": "N153 Imaizumi 2000",
    "et": "SpinalCord",
    "off": 5231,
    "sff": "cord"
  },
  {
    "docID": "N153 Imaizumi 2000",
    "et": "SpinalCord",
    "off": 1905,
    "sff": "cord"
  },
  {
    "docID": "N153 Imaizumi 2000",
    "et": "SpinalCord",
    "off": 2228,
    "sff": "cord"
  },
  {
    "docID": "N153 Imaizumi 2000",
    "et": "SpinalCord",
    "off": 757,
    "sff": "cord"
  },
  {
    "docID": "N153 Imaizumi 2000",
    "et": "SpinalCord",
    "off": 19445,
    "sff": "cord"
  },
  {
    "docID": "N153 Imaizumi 2000",
    "et": "SpinalCord",
    "off": 3369,
    "sff": "cord"
  },
  {
    "docID": "N153 Imaizumi 2000",
    "et": "SpinalCord",
    "off": 4265,
    "sff": "cord"
  },
  {
    "docID": "N153 Imaizumi 2000",
    "et": "SpinalCord",
    "off": 1642,
    "sff": "cord"
  },
  {
    "docID": "N153 Imaizumi 2000",
    "et": "SpinalCord",
    "off": 6382,
    "sff": "cord"
  },
  {
    "docID": "N153 Imaizumi 2000",
    "et": "SpinalCord",
    "off": 32415,
    "sff": "cord"
  },
  {
    "docID": "N153 Imaizumi 2000",
    "et": "SpinalCord",
    "off": 7329,
    "sff": "cord"
  },
  {
    "docID": "N153 Imaizumi 2000",
    "et": "SpinalCord",
    "off": 26851,
    "sff": "cord"
  },
  {
    "docID": "N153 Imaizumi 2000",
    "et": "SpinalCord",
    "off": 1444,
    "sff": "cord"
  },
  {
    "docID": "N153 Imaizumi 2000",
    "et": "SpinalCord",
    "off": 34467,
    "sff": "cord"
  },
  {
    "docID": "N153 Imaizumi 2000",
    "et": "SpinalCord",
    "off": 10149,
    "sff": "cord"
  },
  {
    "docID": "N153 Imaizumi 2000",
    "et": "SpinalCord",
    "off": 5464,
    "sff": "cord"
  },
  {
    "docID": "N153 Imaizumi 2000",
    "et": "SpinalCord",
    "off": 9817,
    "sff": "cord"
  },
  {
    "docID": "N153 Imaizumi 2000",
    "et": "SpinalCord",
    "off": 13659,
    "sff": "cord"
  },
  {
    "docID": "N153 Imaizumi 2000",
    "et": "SpinalCord",
    "off": 20445,
    "sff": "cord"
  },
  {
    "docID": "N153 Imaizumi 2000",
    "et": "SpinalCord",
    "off": 7198,
    "sff": "cord"
  },
  {
    "docID": "N153 Imaizumi 2000",
    "et": "SpinalCord",
    "off": 13391,
    "sff": "cord"
  },
  {
    "docID": "N153 Imaizumi 2000",
    "et": "SpinalCord",
    "off": 14863,
    "sff": "cord"
  },
  {
    "docID": "N153 Imaizumi 2000",
    "et": "SpinalCord",
    "off": 4944,
    "sff": "cord"
  },
  {
    "docID": "N153 Imaizumi 2000",
    "et": "SpinalCord",
    "off": 20944,
    "sff": "cord"
  },
  {
    "docID": "N153 Imaizumi 2000",
    "et": "SpinalCord",
    "off": 6738,
    "sff": "cord"
  },
  {
    "docID": "N153 Imaizumi 2000",
    "et": "SpinalCord",
    "off": 16018,
    "sff": "cord"
  },
  {
    "docID": "N153 Imaizumi 2000",
    "et": "SpinalCord",
    "off": 2759,
    "sff": "cord"
  },
  {
    "docID": "N153 Imaizumi 2000",
    "et": "SpinalCord",
    "off": 10826,
    "sff": "cord"
  },
  {
    "docID": "N153 Imaizumi 2000",
    "et": "SpinalCord",
    "off": 653,
    "sff": "cord"
  },
  {
    "docID": "N153 Imaizumi 2000",
    "et": "SpinalCord",
    "off": 3265,
    "sff": "cord"
  },
  {
    "docID": "N153 Imaizumi 2000",
    "et": "SpinalCord",
    "off": 4417,
    "sff": "cord"
  },
  {
    "docID": "N153 Imaizumi 2000",
    "et": "SpinalCord",
    "off": 32257,
    "sff": "cord"
  },
  {
    "docID": "N153 Imaizumi 2000",
    "et": "SpinalCord",
    "off": 6211,
    "sff": "cord"
  },
  {
    "docID": "N153 Imaizumi 2000",
    "et": "SpinalCord",
    "off": 32517,
    "sff": "cord"
  },
  {
    "docID": "N153 Imaizumi 2000",
    "et": "SpinalCord",
    "off": 134,
    "sff": "cord"
  },
  {
    "docID": "N153 Imaizumi 2000",
    "et": "SpinalCord",
    "off": 15417,
    "sff": "cord"
  },
  {
    "docID": "N153 Imaizumi 2000",
    "et": "SpinalCord",
    "off": 15610,
    "sff": "cord"
  },
  {
    "docID": "N153 Imaizumi 2000",
    "et": "DorsalColumn",
    "off": 16849,
    "sff": "dorsal"
  },
  {
    "docID": "N153 Imaizumi 2000",
    "et": "DorsalColumn",
    "off": 15568,
    "sff": "dorsal"
  },
  {
    "docID": "N153 Imaizumi 2000",
    "et": "DorsalColumn",
    "off": 27875,
    "sff": "dorsal column"
  },
  {
    "docID": "N153 Imaizumi 2000",
    "et": "DorsalColumn",
    "off": 19035,
    "sff": "dorsal"
  },
  {
    "docID": "N153 Imaizumi 2000",
    "et": "DorsalColumn",
    "off": 30042,
    "sff": "dorsal"
  },
  {
    "docID": "N153 Imaizumi 2000",
    "et": "DorsalColumn",
    "off": 33241,
    "sff": "dorsal column"
  },
  {
    "docID": "N153 Imaizumi 2000",
    "et": "DorsalColumn",
    "off": 20293,
    "sff": "dorsal"
  },
  {
    "docID": "N153 Imaizumi 2000",
    "et": "DorsalColumn",
    "off": 5618,
    "sff": "dorsal column"
  },
  {
    "docID": "N153 Imaizumi 2000",
    "et": "DorsalColumn",
    "off": 14958,
    "sff": "dorsal column"
  },
  {
    "docID": "N153 Imaizumi 2000",
    "et": "DorsalColumn",
    "off": 16104,
    "sff": "dorsal column"
  },
  {
    "docID": "N153 Imaizumi 2000",
    "et": "DorsalColumn",
    "off": 21453,
    "sff": "dorsal"
  },
  {
    "docID": "N153 Imaizumi 2000",
    "et": "DorsalColumn",
    "off": 21864,
    "sff": "dorsal column"
  },
  {
    "docID": "N153 Imaizumi 2000",
    "et": "DorsalColumn",
    "off": 15695,
    "sff": "dorsal"
  },
  {
    "docID": "N153 Imaizumi 2000",
    "et": "DorsalColumn",
    "off": 22606,
    "sff": "dorsal"
  },
  {
    "docID": "N153 Imaizumi 2000",
    "et": "DorsalColumn",
    "off": 3760,
    "sff": "dorsal"
  },
  {
    "docID": "N153 Imaizumi 2000",
    "et": "DorsalColumn",
    "off": 10547,
    "sff": "dorsal"
  },
  {
    "docID": "N153 Imaizumi 2000",
    "et": "DorsalColumn",
    "off": 10803,
    "sff": "dorsal"
  },
  {
    "docID": "N153 Imaizumi 2000",
    "et": "DorsalColumn",
    "off": 12102,
    "sff": "dorsal column"
  },
  {
    "docID": "N153 Imaizumi 2000",
    "et": "DorsalColumn",
    "off": 15943,
    "sff": "dorsal column"
  },
  {
    "docID": "N153 Imaizumi 2000",
    "et": "DorsalColumn",
    "off": 22388,
    "sff": "Dorsal column"
  },
  {
    "docID": "N153 Imaizumi 2000",
    "et": "DorsalColumn",
    "off": 32960,
    "sff": "dorsal column"
  },
  {
    "docID": "N153 Imaizumi 2000",
    "et": "DorsalColumn",
    "off": 22839,
    "sff": "dorsal"
  },
  {
    "docID": "N153 Imaizumi 2000",
    "et": "DorsalColumn",
    "off": 7619,
    "sff": "dorsal column"
  },
  {
    "docID": "N153 Imaizumi 2000",
    "et": "DorsalColumn",
    "off": 20803,
    "sff": "dorsal column"
  },
  {
    "docID": "N153 Imaizumi 2000",
    "et": "DorsalColumn",
    "off": 23993,
    "sff": "dorsal"
  },
  {
    "docID": "N153 Imaizumi 2000",
    "et": "DorsalColumn",
    "off": 20536,
    "sff": "dorsal"
  },
  {
    "docID": "N153 Imaizumi 2000",
    "et": "DorsalColumn",
    "off": 22331,
    "sff": "dorsal"
  },
  {
    "docID": "N153 Imaizumi 2000",
    "et": "DorsalColumn",
    "off": 15164,
    "sff": "dorsal"
  },
  {
    "docID": "N153 Imaizumi 2000",
    "et": "DorsalColumn",
    "off": 5050,
    "sff": "dorsal column"
  },
  {
    "docID": "N153 Imaizumi 2000",
    "et": "DorsalColumn",
    "off": 4949,
    "sff": "dorsal column"
  },
  {
    "docID": "N153 Imaizumi 2000",
    "et": "DorsalColumn",
    "off": 3490,
    "sff": "dorsal"
  },
  {
    "docID": "N153 Imaizumi 2000",
    "et": "DorsalColumn",
    "off": 26961,
    "sff": "dorsal column"
  },
  {
    "docID": "N153 Imaizumi 2000",
    "et": "DorsalColumn",
    "off": 12070,
    "sff": "dorsal"
  },
  {
    "docID": "N153 Imaizumi 2000",
    "et": "DorsalColumn",
    "off": 22950,
    "sff": "dorsal"
  },
  {
    "docID": "N153 Imaizumi 2000",
    "et": "DorsalColumn",
    "off": 12329,
    "sff": "dorsal"
  },
  {
    "docID": "N153 Imaizumi 2000",
    "et": "DorsalColumn",
    "off": 16680,
    "sff": "dorsal"
  },
  {
    "docID": "N153 Imaizumi 2000",
    "et": "DorsalColumn",
    "off": 15311,
    "sff": "dorsal column"
  },
  {
    "docID": "N153 Imaizumi 2000",
    "et": "DorsalColumn",
    "off": 25544,
    "sff": "dorsal column"
  },
  {
    "docID": "N153 Imaizumi 2000",
    "et": "DorsalColumn",
    "off": 12716,
    "sff": "dorsal"
  },
  {
    "docID": "N153 Imaizumi 2000",
    "et": "DorsalColumn",
    "off": 21294,
    "sff": "dorsal"
  },
  {
    "docID": "N153 Imaizumi 2000",
    "et": "DorsalColumn",
    "off": 25747,
    "sff": "dorsal"
  },
  {
    "docID": "N153 Imaizumi 2000",
    "et": "DorsalColumn",
    "off": 17046,
    "sff": "dorsal"
  },
  {
    "docID": "N153 Imaizumi 2000",
    "et": "DorsalColumn",
    "off": 16408,
    "sff": "dorsal"
  },
  {
    "docID": "N153 Imaizumi 2000",
    "et": "DorsalColumn",
    "off": 21019,
    "sff": "dorsal"
  },
  {
    "docID": "N153 Imaizumi 2000",
    "et": "DorsalColumn",
    "off": 26269,
    "sff": "dorsal"
  },
  {
    "docID": "N153 Imaizumi 2000",
    "et": "DorsalColumn",
    "off": 15775,
    "sff": "dorsal"
  },
  {
    "docID": "N153 Imaizumi 2000",
    "et": "DorsalColumn",
    "off": 29315,
    "sff": "dorsal"
  },
  {
    "docID": "N153 Imaizumi 2000",
    "et": "DorsalColumn",
    "off": 25648,
    "sff": "dorsal column"
  },
  {
    "docID": "N153 Imaizumi 2000",
    "et": "DorsalColumn",
    "off": 7300,
    "sff": "dorsal"
  },
  {
    "docID": "N153 Imaizumi 2000",
    "et": "DorsalColumn",
    "off": 25867,
    "sff": "dorsal"
  },
  {
    "docID": "N153 Imaizumi 2000",
    "et": "DorsalColumn",
    "off": 27304,
    "sff": "dorsal column"
  },
  {
    "docID": "N153 Imaizumi 2000",
    "et": "DorsalColumn",
    "off": 12684,
    "sff": "dorsal"
  },
  {
    "docID": "N153 Imaizumi 2000",
    "et": "DorsalColumn",
    "off": 11407,
    "sff": "dorsal"
  },
  {
    "docID": "N153 Imaizumi 2000",
    "et": "DorsalColumn",
    "off": 15631,
    "sff": "dorsal"
  },
  {
    "docID": "N153 Imaizumi 2000",
    "et": "DorsalColumn",
    "off": 26639,
    "sff": "dorsal"
  },
  {
    "docID": "N153 Imaizumi 2000",
    "et": "DorsalColumn",
    "off": 14596,
    "sff": "dorsal column"
  },
  {
    "docID": "N153 Imaizumi 2000",
    "et": "DorsalColumn",
    "off": 25713,
    "sff": "dorsal"
  },
  {
    "docID": "N153 Imaizumi 2000",
    "et": "DorsalColumn",
    "off": 31987,
    "sff": "dorsal"
  },
  {
    "docID": "N153 Imaizumi 2000",
    "et": "DorsalColumn",
    "off": 11634,
    "sff": "dorsal"
  },
  {
    "docID": "N153 Imaizumi 2000",
    "et": "DorsalColumn",
    "off": 25849,
    "sff": "dorsal"
  },
  {
    "docID": "N153 Imaizumi 2000",
    "et": "DorsalColumn",
    "off": 12642,
    "sff": "Dorsal"
  },
  {
    "docID": "N153 Imaizumi 2000",
    "et": "DorsalColumn",
    "off": 22778,
    "sff": "dorsal"
  },
  {
    "docID": "N153 Imaizumi 2000",
    "et": "DorsalColumn",
    "off": 25213,
    "sff": "dorsal"
  },
  {
    "docID": "N153 Imaizumi 2000",
    "et": "DorsalColumn",
    "off": 32121,
    "sff": "dorsal column"
  },
  {
    "docID": "N153 Imaizumi 2000",
    "et": "DorsalColumn",
    "off": 21375,
    "sff": "dorsal"
  },
  {
    "docID": "N153 Imaizumi 2000",
    "et": "DorsalColumn",
    "off": 25444,
    "sff": "dorsal"
  },
  {
    "docID": "N153 Imaizumi 2000",
    "et": "DorsalColumn",
    "off": 7437,
    "sff": "dorsal column"
  },
  {
    "docID": "N153 Imaizumi 2000",
    "et": "DorsalColumn",
    "off": 620,
    "sff": "dorsal"
  },
  {
    "docID": "N153 Imaizumi 2000",
    "et": "DorsalColumn",
    "off": 14831,
    "sff": "dorsal"
  },
  {
    "docID": "N153 Imaizumi 2000",
    "et": "DorsalColumn",
    "off": 18671,
    "sff": "dorsal"
  },
  {
    "docID": "N153 Imaizumi 2000",
    "et": "DorsalColumn",
    "off": 16622,
    "sff": "dorsal"
  },
  {
    "docID": "N153 Imaizumi 2000",
    "et": "TailVeinLocation",
    "off": 5261,
    "sff": "vein"
  },
  {
    "docID": "N153 Imaizumi 2000",
    "et": "LesionAdjacentTissue",
    "off": 21121,
    "sff": "lesion"
  },
  {
    "docID": "N153 Imaizumi 2000",
    "et": "LesionAdjacentTissue",
    "off": 15495,
    "sff": "lesion"
  },
  {
    "docID": "N153 Imaizumi 2000",
    "et": "LesionAdjacentTissue",
    "off": 17351,
    "sff": "lesion"
  },
  {
    "docID": "N153 Imaizumi 2000",
    "et": "LesionAdjacentTissue",
    "off": 29831,
    "sff": "lesion"
  },
  {
    "docID": "N153 Imaizumi 2000",
    "et": "LesionAdjacentTissue",
    "off": 27338,
    "sff": "lesion"
  },
  {
    "docID": "N153 Imaizumi 2000",
    "et": "LesionAdjacentTissue",
    "off": 974,
    "sff": "lesion"
  },
  {
    "docID": "N153 Imaizumi 2000",
    "et": "LesionAdjacentTissue",
    "off": 6286,
    "sff": "lesion"
  },
  {
    "docID": "N153 Imaizumi 2000",
    "et": "LesionAdjacentTissue",
    "off": 18576,
    "sff": "lesion"
  },
  {
    "docID": "N153 Imaizumi 2000",
    "et": "LesionAdjacentTissue",
    "off": 25360,
    "sff": "lesion"
  },
  {
    "docID": "N153 Imaizumi 2000",
    "et": "LesionAdjacentTissue",
    "off": 22735,
    "sff": "lesion"
  },
  {
    "docID": "N153 Imaizumi 2000",
    "et": "LesionAdjacentTissue",
    "off": 32335,
    "sff": "lesion"
  },
  {
    "docID": "N153 Imaizumi 2000",
    "et": "LesionAdjacentTissue",
    "off": 11570,
    "sff": "lesion"
  },
  {
    "docID": "N153 Imaizumi 2000",
    "et": "LesionAdjacentTissue",
    "off": 17266,
    "sff": "lesion"
  },
  {
    "docID": "N153 Imaizumi 2000",
    "et": "LesionAdjacentTissue",
    "off": 32435,
    "sff": "lesion"
  },
  {
    "docID": "N153 Imaizumi 2000",
    "et": "LesionAdjacentTissue",
    "off": 29878,
    "sff": "lesion"
  },
  {
    "docID": "N153 Imaizumi 2000",
    "et": "LesionAdjacentTissue",
    "off": 24120,
    "sff": "lesion"
  },
  {
    "docID": "N153 Imaizumi 2000",
    "et": "LesionAdjacentTissue",
    "off": 13628,
    "sff": "lesion"
  },
  {
    "docID": "N153 Imaizumi 2000",
    "et": "LesionAdjacentTissue",
    "off": 16188,
    "sff": "lesion"
  },
  {
    "docID": "N153 Imaizumi 2000",
    "et": "LesionAdjacentTissue",
    "off": 27516,
    "sff": "lesion"
  },
  {
    "docID": "N153 Imaizumi 2000",
    "et": "LesionAdjacentTissue",
    "off": 5755,
    "sff": "lesion"
  },
  {
    "docID": "N153 Imaizumi 2000",
    "et": "LesionAdjacentTissue",
    "off": 17789,
    "sff": "lesion"
  },
  {
    "docID": "N153 Imaizumi 2000",
    "et": "LesionAdjacentTissue",
    "off": 12160,
    "sff": "lesion"
  },
  {
    "docID": "N153 Imaizumi 2000",
    "et": "LesionAdjacentTissue",
    "off": 11489,
    "sff": "lesion"
  },
  {
    "docID": "N153 Imaizumi 2000",
    "et": "LesionAdjacentTissue",
    "off": 15524,
    "sff": "lesion"
  },
  {
    "docID": "N153 Imaizumi 2000",
    "et": "LesionAdjacentTissue",
    "off": 11558,
    "sff": "lesion"
  },
  {
    "docID": "N153 Imaizumi 2000",
    "et": "LesionAdjacentTissue",
    "off": 21482,
    "sff": "lesion"
  },
  {
    "docID": "N153 Imaizumi 2000",
    "et": "LesionAdjacentTissue",
    "off": 20329,
    "sff": "lesion"
  },
  {
    "docID": "N153 Imaizumi 2000",
    "et": "LesionAdjacentTissue",
    "off": 17581,
    "sff": "lesion"
  },
  {
    "docID": "N153 Imaizumi 2000",
    "et": "LesionAdjacentTissue",
    "off": 23789,
    "sff": "lesion"
  },
  {
    "docID": "N153 Imaizumi 2000",
    "et": "LesionAdjacentTissue",
    "off": 11312,
    "sff": "lesion"
  },
  {
    "docID": "N153 Imaizumi 2000",
    "et": "LesionAdjacentTissue",
    "off": 21808,
    "sff": "lesion"
  },
  {
    "docID": "N153 Imaizumi 2000",
    "et": "LesionAdjacentTissue",
    "off": 17135,
    "sff": "lesion"
  },
  {
    "docID": "N153 Imaizumi 2000",
    "et": "LesionAdjacentTissue",
    "off": 7697,
    "sff": "lesion"
  },
  {
    "docID": "N153 Imaizumi 2000",
    "et": "LesionAdjacentTissue",
    "off": 15443,
    "sff": "lesion"
  },
  {
    "docID": "N153 Imaizumi 2000",
    "et": "LesionAdjacentTissue",
    "off": 23062,
    "sff": "lesion"
  },
  {
    "docID": "N153 Imaizumi 2000",
    "et": "LesionAdjacentTissue",
    "off": 21528,
    "sff": "lesion"
  },
  {
    "docID": "N153 Imaizumi 2000",
    "et": "LesionAdjacentTissue",
    "off": 13850,
    "sff": "lesion"
  },
  {
    "docID": "N153 Imaizumi 2000",
    "et": "LesionAdjacentTissue",
    "off": 21914,
    "sff": "lesion"
  },
  {
    "docID": "N153 Imaizumi 2000",
    "et": "LesionAdjacentTissue",
    "off": 27162,
    "sff": "lesion"
  },
  {
    "docID": "N153 Imaizumi 2000",
    "et": "LesionAdjacentTissue",
    "off": 13150,
    "sff": "lesion"
  },
  {
    "docID": "N153 Imaizumi 2000",
    "et": "LesionAdjacentTissue",
    "off": 32093,
    "sff": "lesion"
  },
  {
    "docID": "N153 Imaizumi 2000",
    "et": "LesionAdjacentTissue",
    "off": 15840,
    "sff": "lesion"
  },
  {
    "docID": "N153 Imaizumi 2000",
    "et": "LesionAdjacentTissue",
    "off": 13279,
    "sff": "lesion"
  },
  {
    "docID": "N153 Imaizumi 2000",
    "et": "LesionAdjacentTissue",
    "off": 30175,
    "sff": "lesion"
  },
  {
    "docID": "N153 Imaizumi 2000",
    "et": "CentralNervousSystem",
    "off": 2356,
    "sff": "central nervous"
  },
  {
    "docID": "N153 Imaizumi 2000",
    "et": "CentralNervousSystem",
    "off": 2524,
    "sff": "nervous system"
  },
  {
    "docID": "N153 Imaizumi 2000",
    "et": "CentralNervousSystem",
    "off": 2524,
    "sff": "nervous"
  },
  {
    "docID": "N153 Imaizumi 2000",
    "et": "CentralNervousSystem",
    "off": 5253,
    "sff": "central"
  },
  {
    "docID": "N153 Imaizumi 2000",
    "et": "CentralNervousSystem",
    "off": 2356,
    "sff": "central nervous system"
  },
  {
    "docID": "N153 Imaizumi 2000",
    "et": "CephalicVeinLocation",
    "off": 5261,
    "sff": "vein"
  },
  {
    "docID": "N153 Imaizumi 2000",
    "et": "Location",
    "off": 9282,
    "sff": "location"
  },
  {
    "docID": "N153 Imaizumi 2000",
    "et": "VertebralArea",
    "off": 6504,
    "sff": "vertebral"
  },
  {
    "docID": "N153 Imaizumi 2000",
    "et": "VertebralArea",
    "off": 4978,
    "sff": "vertebral"
  },
  {
    "docID": "N153 Imaizumi 2000",
    "et": "CorticospinalTract",
    "off": 31699,
    "sff": "corticospinal tract"
  },
  {
    "docID": "N153 Imaizumi 2000",
    "et": "CorticospinalTract",
    "off": 31407,
    "sff": "corticospinal tract"
  },
  {
    "docID": "N153 Imaizumi 2000",
    "et": "CorticospinalTract",
    "off": 29817,
    "sff": "corticospinal"
  },
  {
    "docID": "N153 Imaizumi 2000",
    "et": "SpinalCentralPart",
    "off": 5253,
    "sff": "central"
  },
  {
    "docID": "N153 Imaizumi 2000",
    "et": "SpinalCentralPart",
    "off": 2356,
    "sff": "central"
  },
  {
    "docID": "N153 Imaizumi 2000",
    "et": "InjectionDelivery",
    "off": 5698,
    "sff": "injection"
  },
  {
    "docID": "N153 Imaizumi 2000",
    "et": "VertebralSegment",
    "off": 4978,
    "sff": "vertebral"
  },
  {
    "docID": "N153 Imaizumi 2000",
    "et": "VertebralSegment",
    "off": 6504,
    "sff": "vertebral"
  },
  {
    "docID": "N153 Imaizumi 2000",
    "et": "SpinalLesionSite",
    "off": 17789,
    "sff": "lesion site"
  },
  {
    "docID": "N153 Imaizumi 2000",
    "et": "SpinalLesionSite",
    "off": 23789,
    "sff": "lesion"
  },
  {
    "docID": "N153 Imaizumi 2000",
    "et": "SpinalLesionSite",
    "off": 27516,
    "sff": "lesion site"
  },
  {
    "docID": "N153 Imaizumi 2000",
    "et": "SpinalLesionSite",
    "off": 20329,
    "sff": "lesion"
  },
  {
    "docID": "N153 Imaizumi 2000",
    "et": "SpinalLesionSite",
    "off": 21121,
    "sff": "lesion site"
  },
  {
    "docID": "N153 Imaizumi 2000",
    "et": "SpinalLesionSite",
    "off": 11558,
    "sff": "lesion"
  },
  {
    "docID": "N153 Imaizumi 2000",
    "et": "SpinalLesionSite",
    "off": 15524,
    "sff": "lesion"
  },
  {
    "docID": "N153 Imaizumi 2000",
    "et": "SpinalLesionSite",
    "off": 11489,
    "sff": "lesion"
  },
  {
    "docID": "N153 Imaizumi 2000",
    "et": "SpinalLesionSite",
    "off": 15840,
    "sff": "lesion"
  },
  {
    "docID": "N153 Imaizumi 2000",
    "et": "SpinalLesionSite",
    "off": 13279,
    "sff": "lesion"
  },
  {
    "docID": "N153 Imaizumi 2000",
    "et": "SpinalLesionSite",
    "off": 30175,
    "sff": "lesion"
  },
  {
    "docID": "N153 Imaizumi 2000",
    "et": "SpinalLesionSite",
    "off": 13628,
    "sff": "lesion"
  },
  {
    "docID": "N153 Imaizumi 2000",
    "et": "SpinalLesionSite",
    "off": 16188,
    "sff": "lesion"
  },
  {
    "docID": "N153 Imaizumi 2000",
    "et": "SpinalLesionSite",
    "off": 5755,
    "sff": "lesion"
  },
  {
    "docID": "N153 Imaizumi 2000",
    "et": "SpinalLesionSite",
    "off": 24120,
    "sff": "lesion"
  },
  {
    "docID": "N153 Imaizumi 2000",
    "et": "SpinalLesionSite",
    "off": 18576,
    "sff": "lesion site"
  },
  {
    "docID": "N153 Imaizumi 2000",
    "et": "SpinalLesionSite",
    "off": 29878,
    "sff": "lesion"
  },
  {
    "docID": "N153 Imaizumi 2000",
    "et": "SpinalLesionSite",
    "off": 32435,
    "sff": "lesion"
  },
  {
    "docID": "N153 Imaizumi 2000",
    "et": "SpinalLesionSite",
    "off": 11570,
    "sff": "lesion"
  },
  {
    "docID": "N153 Imaizumi 2000",
    "et": "SpinalLesionSite",
    "off": 17266,
    "sff": "lesion"
  },
  {
    "docID": "N153 Imaizumi 2000",
    "et": "SpinalLesionSite",
    "off": 11312,
    "sff": "lesion"
  },
  {
    "docID": "N153 Imaizumi 2000",
    "et": "SpinalLesionSite",
    "off": 21808,
    "sff": "lesion"
  },
  {
    "docID": "N153 Imaizumi 2000",
    "et": "SpinalLesionSite",
    "off": 29831,
    "sff": "lesion site"
  },
  {
    "docID": "N153 Imaizumi 2000",
    "et": "SpinalLesionSite",
    "off": 13150,
    "sff": "lesion site"
  },
  {
    "docID": "N153 Imaizumi 2000",
    "et": "SpinalLesionSite",
    "off": 27338,
    "sff": "lesion"
  },
  {
    "docID": "N153 Imaizumi 2000",
    "et": "SpinalLesionSite",
    "off": 15495,
    "sff": "lesion"
  },
  {
    "docID": "N153 Imaizumi 2000",
    "et": "SpinalLesionSite",
    "off": 17351,
    "sff": "lesion"
  },
  {
    "docID": "N153 Imaizumi 2000",
    "et": "SpinalLesionSite",
    "off": 23062,
    "sff": "lesion site"
  },
  {
    "docID": "N153 Imaizumi 2000",
    "et": "SpinalLesionSite",
    "off": 15443,
    "sff": "lesion site"
  },
  {
    "docID": "N153 Imaizumi 2000",
    "et": "SpinalLesionSite",
    "off": 12160,
    "sff": "lesion"
  },
  {
    "docID": "N153 Imaizumi 2000",
    "et": "SpinalLesionSite",
    "off": 13850,
    "sff": "lesion site"
  },
  {
    "docID": "N153 Imaizumi 2000",
    "et": "SpinalLesionSite",
    "off": 17581,
    "sff": "lesion site"
  },
  {
    "docID": "N153 Imaizumi 2000",
    "et": "SpinalLesionSite",
    "off": 32093,
    "sff": "lesion"
  },
  {
    "docID": "N153 Imaizumi 2000",
    "et": "SpinalLesionSite",
    "off": 21914,
    "sff": "lesion"
  },
  {
    "docID": "N153 Imaizumi 2000",
    "et": "SpinalLesionSite",
    "off": 27162,
    "sff": "lesion"
  },
  {
    "docID": "N153 Imaizumi 2000",
    "et": "SpinalLesionSite",
    "off": 21528,
    "sff": "lesion"
  },
  {
    "docID": "N153 Imaizumi 2000",
    "et": "SpinalLesionSite",
    "off": 17135,
    "sff": "lesion site"
  },
  {
    "docID": "N153 Imaizumi 2000",
    "et": "SpinalLesionSite",
    "off": 7697,
    "sff": "lesion"
  },
  {
    "docID": "N153 Imaizumi 2000",
    "et": "SpinalLesionSite",
    "off": 21482,
    "sff": "lesion site"
  },
  {
    "docID": "N153 Imaizumi 2000",
    "et": "SpinalLesionSite",
    "off": 25360,
    "sff": "lesion"
  },
  {
    "docID": "N153 Imaizumi 2000",
    "et": "SpinalLesionSite",
    "off": 22735,
    "sff": "lesion"
  },
  {
    "docID": "N153 Imaizumi 2000",
    "et": "SpinalLesionSite",
    "off": 32335,
    "sff": "lesion"
  },
  {
    "docID": "N153 Imaizumi 2000",
    "et": "SpinalLesionSite",
    "off": 974,
    "sff": "lesion"
  },
  {
    "docID": "N153 Imaizumi 2000",
    "et": "SpinalLesionSite",
    "off": 6286,
    "sff": "lesion"
  }
]
