[
  {
    "docID": "N154 Iwatsuki 2008",
    "et": "AnatomicalLocation",
    "off": 2420,
    "sff": "anatomical"
  },
  {
    "docID": "N154 Iwatsuki 2008",
    "et": "SuperficialDelivery",
    "off": 10870,
    "sff": "superficial"
  },
  {
    "docID": "N154 Iwatsuki 2008",
    "et": "Thoracic",
    "off": 4535,
    "sff": "thoracic"
  },
  {
    "docID": "N154 Iwatsuki 2008",
    "et": "Thoracic",
    "off": 2899,
    "sff": "thoracic"
  },
  {
    "docID": "N154 Iwatsuki 2008",
    "et": "Brain",
    "off": 9812,
    "sff": "brain"
  },
  {
    "docID": "N154 Iwatsuki 2008",
    "et": "SpinalCord",
    "off": 54,
    "sff": "cord"
  },
  {
    "docID": "N154 Iwatsuki 2008",
    "et": "SpinalCord",
    "off": 3124,
    "sff": "cord"
  },
  {
    "docID": "N154 Iwatsuki 2008",
    "et": "SpinalCord",
    "off": 11988,
    "sff": "cord"
  },
  {
    "docID": "N154 Iwatsuki 2008",
    "et": "SpinalCord",
    "off": 5043,
    "sff": "cord"
  },
  {
    "docID": "N154 Iwatsuki 2008",
    "et": "SpinalCord",
    "off": 2040,
    "sff": "cord"
  },
  {
    "docID": "N154 Iwatsuki 2008",
    "et": "SpinalCord",
    "off": 5214,
    "sff": "cord"
  },
  {
    "docID": "N154 Iwatsuki 2008",
    "et": "SpinalCord",
    "off": 1339,
    "sff": "cord"
  },
  {
    "docID": "N154 Iwatsuki 2008",
    "et": "SpinalCord",
    "off": 674,
    "sff": "cord"
  },
  {
    "docID": "N154 Iwatsuki 2008",
    "et": "SpinalCord",
    "off": 4544,
    "sff": "cord"
  },
  {
    "docID": "N154 Iwatsuki 2008",
    "et": "SpinalCord",
    "off": 2623,
    "sff": "cord"
  },
  {
    "docID": "N154 Iwatsuki 2008",
    "et": "SpinalCord",
    "off": 4134,
    "sff": "cord"
  },
  {
    "docID": "N154 Iwatsuki 2008",
    "et": "SpinalCord",
    "off": 837,
    "sff": "cord"
  },
  {
    "docID": "N154 Iwatsuki 2008",
    "et": "SpinalCord",
    "off": 6213,
    "sff": "cord"
  },
  {
    "docID": "N154 Iwatsuki 2008",
    "et": "SpinalCord",
    "off": 10602,
    "sff": "cord"
  },
  {
    "docID": "N154 Iwatsuki 2008",
    "et": "SpinalCord",
    "off": 3016,
    "sff": "cord"
  },
  {
    "docID": "N154 Iwatsuki 2008",
    "et": "SpinalCord",
    "off": 11246,
    "sff": "cord"
  },
  {
    "docID": "N154 Iwatsuki 2008",
    "et": "SpinalCord",
    "off": 1456,
    "sff": "cord"
  },
  {
    "docID": "N154 Iwatsuki 2008",
    "et": "Vertebrae",
    "off": 2917,
    "sff": "vertebrae"
  },
  {
    "docID": "N154 Iwatsuki 2008",
    "et": "CentralNervousSystem",
    "off": 10001,
    "sff": "central nervous system"
  },
  {
    "docID": "N154 Iwatsuki 2008",
    "et": "CentralNervousSystem",
    "off": 10001,
    "sff": "central nervous"
  },
  {
    "docID": "N154 Iwatsuki 2008",
    "et": "CorticospinalTract",
    "off": 8081,
    "sff": "Corticospinal tract"
  },
  {
    "docID": "N154 Iwatsuki 2008",
    "et": "CorticospinalTract",
    "off": 10474,
    "sff": "corticospinal"
  },
  {
    "docID": "N154 Iwatsuki 2008",
    "et": "CorticospinalTract",
    "off": 2508,
    "sff": "corticospinal tract"
  },
  {
    "docID": "N154 Iwatsuki 2008",
    "et": "SpinalCentralPart",
    "off": 10001,
    "sff": "central"
  },
  {
    "docID": "N154 Iwatsuki 2008",
    "et": "InjectionDelivery",
    "off": 6508,
    "sff": "injection"
  },
  {
    "docID": "N154 Iwatsuki 2008",
    "et": "InjectionDelivery",
    "off": 6848,
    "sff": "injection"
  }
]
