[
  {
    "docID": "N157 Kalincik 2010",
    "et": "T5",
    "off": 19604,
    "sff": "T5"
  },
  {
    "docID": "N157 Kalincik 2010",
    "et": "T5",
    "off": 13573,
    "sff": "T5"
  },
  {
    "docID": "N157 Kalincik 2010",
    "et": "T5",
    "off": 26761,
    "sff": "t5"
  },
  {
    "docID": "N157 Kalincik 2010",
    "et": "T5",
    "off": 19758,
    "sff": "T5"
  },
  {
    "docID": "N157 Kalincik 2010",
    "et": "T5",
    "off": 30119,
    "sff": "T5"
  },
  {
    "docID": "N157 Kalincik 2010",
    "et": "T5",
    "off": 34968,
    "sff": "t5"
  },
  {
    "docID": "N157 Kalincik 2010",
    "et": "T6",
    "off": 8749,
    "sff": "T6"
  },
  {
    "docID": "N157 Kalincik 2010",
    "et": "T6",
    "off": 13576,
    "sff": "T6"
  },
  {
    "docID": "N157 Kalincik 2010",
    "et": "T7",
    "off": 31409,
    "sff": "T7"
  },
  {
    "docID": "N157 Kalincik 2010",
    "et": "T7",
    "off": 26719,
    "sff": "T7"
  },
  {
    "docID": "N157 Kalincik 2010",
    "et": "T7",
    "off": 14510,
    "sff": "T7"
  },
  {
    "docID": "N157 Kalincik 2010",
    "et": "T7",
    "off": 35950,
    "sff": "T7"
  },
  {
    "docID": "N157 Kalincik 2010",
    "et": "T7",
    "off": 9129,
    "sff": "T7"
  },
  {
    "docID": "N157 Kalincik 2010",
    "et": "T7",
    "off": 20073,
    "sff": "T7"
  },
  {
    "docID": "N157 Kalincik 2010",
    "et": "T7",
    "off": 26153,
    "sff": "T7"
  },
  {
    "docID": "N157 Kalincik 2010",
    "et": "T7",
    "off": 8634,
    "sff": "T7"
  },
  {
    "docID": "N157 Kalincik 2010",
    "et": "T7",
    "off": 16090,
    "sff": "T7"
  },
  {
    "docID": "N157 Kalincik 2010",
    "et": "T7",
    "off": 31863,
    "sff": "T7"
  },
  {
    "docID": "N157 Kalincik 2010",
    "et": "SubcutaneousLocation",
    "off": 7796,
    "sff": "Subcutaneous"
  },
  {
    "docID": "N157 Kalincik 2010",
    "et": "Lumbar",
    "off": 31606,
    "sff": "lumbar"
  },
  {
    "docID": "N157 Kalincik 2010",
    "et": "Thoracic",
    "off": 4087,
    "sff": "thoracic"
  },
  {
    "docID": "N157 Kalincik 2010",
    "et": "Thoracic",
    "off": 31596,
    "sff": "thoracic"
  },
  {
    "docID": "N157 Kalincik 2010",
    "et": "Intraspinal",
    "off": 20509,
    "sff": "intraspinal"
  },
  {
    "docID": "N157 Kalincik 2010",
    "et": "Intraspinal",
    "off": 32257,
    "sff": "intraspinal"
  },
  {
    "docID": "N157 Kalincik 2010",
    "et": "Intraspinal",
    "off": 32417,
    "sff": "intraspinal"
  },
  {
    "docID": "N157 Kalincik 2010",
    "et": "SpinalWhiteMatter",
    "off": 18818,
    "sff": "white"
  },
  {
    "docID": "N157 Kalincik 2010",
    "et": "Sacral",
    "off": 31617,
    "sff": "sacral"
  },
  {
    "docID": "N157 Kalincik 2010",
    "et": "SpinalDorsalHalf",
    "off": 19061,
    "sff": "dorsal"
  },
  {
    "docID": "N157 Kalincik 2010",
    "et": "SpinalDorsalHalf",
    "off": 31557,
    "sff": "dorsal"
  },
  {
    "docID": "N157 Kalincik 2010",
    "et": "SpinalDorsalHalf",
    "off": 12262,
    "sff": "dorsal"
  },
  {
    "docID": "N157 Kalincik 2010",
    "et": "SpinalDorsalHalf",
    "off": 2868,
    "sff": "dorsal"
  },
  {
    "docID": "N157 Kalincik 2010",
    "et": "SpinalDorsalHalf",
    "off": 7426,
    "sff": "dorsal"
  },
  {
    "docID": "N157 Kalincik 2010",
    "et": "SpinalDorsalHalf",
    "off": 20050,
    "sff": "dorsal"
  },
  {
    "docID": "N157 Kalincik 2010",
    "et": "SpinalDorsalHalf",
    "off": 35759,
    "sff": "dorsal"
  },
  {
    "docID": "N157 Kalincik 2010",
    "et": "SpinalDorsalHalf",
    "off": 27582,
    "sff": "dorsal"
  },
  {
    "docID": "N157 Kalincik 2010",
    "et": "SpinalDorsalHalf",
    "off": 25980,
    "sff": "dorsal"
  },
  {
    "docID": "N157 Kalincik 2010",
    "et": "SpinalDorsalHalf",
    "off": 4234,
    "sff": "dorsal"
  },
  {
    "docID": "N157 Kalincik 2010",
    "et": "SpinalVentralHalf",
    "off": 12246,
    "sff": "ventral"
  },
  {
    "docID": "N157 Kalincik 2010",
    "et": "SpinalCord",
    "off": 14607,
    "sff": "cord"
  },
  {
    "docID": "N157 Kalincik 2010",
    "et": "SpinalCord",
    "off": 28685,
    "sff": "cord"
  },
  {
    "docID": "N157 Kalincik 2010",
    "et": "SpinalCord",
    "off": 35793,
    "sff": "cord"
  },
  {
    "docID": "N157 Kalincik 2010",
    "et": "SpinalCord",
    "off": 30086,
    "sff": "cord"
  },
  {
    "docID": "N157 Kalincik 2010",
    "et": "SpinalCord",
    "off": 6340,
    "sff": "cord"
  },
  {
    "docID": "N157 Kalincik 2010",
    "et": "SpinalCord",
    "off": 26244,
    "sff": "cord"
  },
  {
    "docID": "N157 Kalincik 2010",
    "et": "SpinalCord",
    "off": 25931,
    "sff": "cord"
  },
  {
    "docID": "N157 Kalincik 2010",
    "et": "SpinalCord",
    "off": 7455,
    "sff": "cord"
  },
  {
    "docID": "N157 Kalincik 2010",
    "et": "SpinalCord",
    "off": 6238,
    "sff": "cord"
  },
  {
    "docID": "N157 Kalincik 2010",
    "et": "SpinalCord",
    "off": 39070,
    "sff": "cord"
  },
  {
    "docID": "N157 Kalincik 2010",
    "et": "SpinalCord",
    "off": 28,
    "sff": "cord"
  },
  {
    "docID": "N157 Kalincik 2010",
    "et": "SpinalCord",
    "off": 2524,
    "sff": "cord"
  },
  {
    "docID": "N157 Kalincik 2010",
    "et": "SpinalCord",
    "off": 18524,
    "sff": "cord"
  },
  {
    "docID": "N157 Kalincik 2010",
    "et": "SpinalCord",
    "off": 37724,
    "sff": "cord"
  },
  {
    "docID": "N157 Kalincik 2010",
    "et": "SpinalCord",
    "off": 27299,
    "sff": "cord"
  },
  {
    "docID": "N157 Kalincik 2010",
    "et": "SpinalCord",
    "off": 36259,
    "sff": "cord"
  },
  {
    "docID": "N157 Kalincik 2010",
    "et": "SpinalCord",
    "off": 1250,
    "sff": "cord"
  },
  {
    "docID": "N157 Kalincik 2010",
    "et": "SpinalCord",
    "off": 6946,
    "sff": "cord"
  },
  {
    "docID": "N157 Kalincik 2010",
    "et": "SpinalCord",
    "off": 34016,
    "sff": "cord"
  },
  {
    "docID": "N157 Kalincik 2010",
    "et": "SpinalCord",
    "off": 26134,
    "sff": "cord"
  },
  {
    "docID": "N157 Kalincik 2010",
    "et": "SpinalCord",
    "off": 32086,
    "sff": "cord"
  },
  {
    "docID": "N157 Kalincik 2010",
    "et": "SpinalCord",
    "off": 12891,
    "sff": "cord"
  },
  {
    "docID": "N157 Kalincik 2010",
    "et": "SpinalCord",
    "off": 3801,
    "sff": "cord"
  },
  {
    "docID": "N157 Kalincik 2010",
    "et": "SpinalCord",
    "off": 7087,
    "sff": "cord"
  },
  {
    "docID": "N157 Kalincik 2010",
    "et": "SpinalCord",
    "off": 28398,
    "sff": "cord"
  },
  {
    "docID": "N157 Kalincik 2010",
    "et": "SpinalCord",
    "off": 11756,
    "sff": "cord"
  },
  {
    "docID": "N157 Kalincik 2010",
    "et": "SpinalCord",
    "off": 28076,
    "sff": "cord"
  },
  {
    "docID": "N157 Kalincik 2010",
    "et": "SpinalCord",
    "off": 9457,
    "sff": "cord"
  },
  {
    "docID": "N157 Kalincik 2010",
    "et": "SpinalCord",
    "off": 11697,
    "sff": "cord"
  },
  {
    "docID": "N157 Kalincik 2010",
    "et": "SpinalCord",
    "off": 12977,
    "sff": "cord"
  },
  {
    "docID": "N157 Kalincik 2010",
    "et": "SpinalCord",
    "off": 27953,
    "sff": "cord"
  },
  {
    "docID": "N157 Kalincik 2010",
    "et": "SpinalCord",
    "off": 4326,
    "sff": "cord"
  },
  {
    "docID": "N157 Kalincik 2010",
    "et": "SpinalCord",
    "off": 20646,
    "sff": "cord"
  },
  {
    "docID": "N157 Kalincik 2010",
    "et": "SpinalCord",
    "off": 27878,
    "sff": "cord"
  },
  {
    "docID": "N157 Kalincik 2010",
    "et": "SpinalCord",
    "off": 8617,
    "sff": "cord"
  },
  {
    "docID": "N157 Kalincik 2010",
    "et": "SpinalCord",
    "off": 16680,
    "sff": "cord"
  },
  {
    "docID": "N157 Kalincik 2010",
    "et": "SpinalCord",
    "off": 37245,
    "sff": "cord"
  },
  {
    "docID": "N157 Kalincik 2010",
    "et": "SpinalCord",
    "off": 28739,
    "sff": "cord"
  },
  {
    "docID": "N157 Kalincik 2010",
    "et": "SpinalCord",
    "off": 32771,
    "sff": "cord"
  },
  {
    "docID": "N157 Kalincik 2010",
    "et": "SpinalCord",
    "off": 3586,
    "sff": "cord"
  },
  {
    "docID": "N157 Kalincik 2010",
    "et": "SpinalCord",
    "off": 2295,
    "sff": "cord"
  },
  {
    "docID": "N157 Kalincik 2010",
    "et": "SpinalCord",
    "off": 500,
    "sff": "cord"
  },
  {
    "docID": "N157 Kalincik 2010",
    "et": "SpinalCord",
    "off": 32891,
    "sff": "cord"
  },
  {
    "docID": "N157 Kalincik 2010",
    "et": "DorsalColumn",
    "off": 7426,
    "sff": "dorsal"
  },
  {
    "docID": "N157 Kalincik 2010",
    "et": "DorsalColumn",
    "off": 20050,
    "sff": "dorsal"
  },
  {
    "docID": "N157 Kalincik 2010",
    "et": "DorsalColumn",
    "off": 2868,
    "sff": "dorsal"
  },
  {
    "docID": "N157 Kalincik 2010",
    "et": "DorsalColumn",
    "off": 27582,
    "sff": "dorsal"
  },
  {
    "docID": "N157 Kalincik 2010",
    "et": "DorsalColumn",
    "off": 35759,
    "sff": "dorsal"
  },
  {
    "docID": "N157 Kalincik 2010",
    "et": "DorsalColumn",
    "off": 25980,
    "sff": "dorsal"
  },
  {
    "docID": "N157 Kalincik 2010",
    "et": "DorsalColumn",
    "off": 19061,
    "sff": "dorsal"
  },
  {
    "docID": "N157 Kalincik 2010",
    "et": "DorsalColumn",
    "off": 31557,
    "sff": "dorsal"
  },
  {
    "docID": "N157 Kalincik 2010",
    "et": "DorsalColumn",
    "off": 12262,
    "sff": "dorsal"
  },
  {
    "docID": "N157 Kalincik 2010",
    "et": "DorsalColumn",
    "off": 4234,
    "sff": "dorsal"
  },
  {
    "docID": "N157 Kalincik 2010",
    "et": "LesionAdjacentTissue",
    "off": 1634,
    "sff": "lesion"
  },
  {
    "docID": "N157 Kalincik 2010",
    "et": "LesionAdjacentTissue",
    "off": 21218,
    "sff": "lesion"
  },
  {
    "docID": "N157 Kalincik 2010",
    "et": "LesionAdjacentTissue",
    "off": 12707,
    "sff": "lesion"
  },
  {
    "docID": "N157 Kalincik 2010",
    "et": "LesionAdjacentTissue",
    "off": 21345,
    "sff": "lesion"
  },
  {
    "docID": "N157 Kalincik 2010",
    "et": "LesionAdjacentTissue",
    "off": 28863,
    "sff": "adjacent"
  },
  {
    "docID": "N157 Kalincik 2010",
    "et": "LesionAdjacentTissue",
    "off": 18348,
    "sff": "lesion"
  },
  {
    "docID": "N157 Kalincik 2010",
    "et": "LesionAdjacentTissue",
    "off": 16870,
    "sff": "lesion"
  },
  {
    "docID": "N157 Kalincik 2010",
    "et": "LesionAdjacentTissue",
    "off": 28134,
    "sff": "lesion"
  },
  {
    "docID": "N157 Kalincik 2010",
    "et": "LesionAdjacentTissue",
    "off": 27495,
    "sff": "lesion"
  },
  {
    "docID": "N157 Kalincik 2010",
    "et": "LesionAdjacentTissue",
    "off": 24360,
    "sff": "lesion"
  },
  {
    "docID": "N157 Kalincik 2010",
    "et": "LesionAdjacentTissue",
    "off": 36264,
    "sff": "lesion"
  },
  {
    "docID": "N157 Kalincik 2010",
    "et": "LesionAdjacentTissue",
    "off": 40371,
    "sff": "lesion"
  },
  {
    "docID": "N157 Kalincik 2010",
    "et": "LesionAdjacentTissue",
    "off": 1844,
    "sff": "lesion"
  },
  {
    "docID": "N157 Kalincik 2010",
    "et": "LesionAdjacentTissue",
    "off": 22575,
    "sff": "lesion"
  },
  {
    "docID": "N157 Kalincik 2010",
    "et": "LesionAdjacentTissue",
    "off": 27260,
    "sff": "lesion"
  },
  {
    "docID": "N157 Kalincik 2010",
    "et": "LesionAdjacentTissue",
    "off": 33335,
    "sff": "lesion"
  },
  {
    "docID": "N157 Kalincik 2010",
    "et": "LesionAdjacentTissue",
    "off": 30840,
    "sff": "lesion"
  },
  {
    "docID": "N157 Kalincik 2010",
    "et": "LesionAdjacentTissue",
    "off": 35832,
    "sff": "lesion"
  },
  {
    "docID": "N157 Kalincik 2010",
    "et": "LesionAdjacentTissue",
    "off": 2041,
    "sff": "lesion"
  },
  {
    "docID": "N157 Kalincik 2010",
    "et": "LesionAdjacentTissue",
    "off": 32896,
    "sff": "lesion"
  },
  {
    "docID": "N157 Kalincik 2010",
    "et": "LesionAdjacentTissue",
    "off": 31370,
    "sff": "lesion"
  },
  {
    "docID": "N157 Kalincik 2010",
    "et": "LesionAdjacentTissue",
    "off": 37514,
    "sff": "lesion"
  },
  {
    "docID": "N157 Kalincik 2010",
    "et": "LesionAdjacentTissue",
    "off": 3877,
    "sff": "adjacent"
  },
  {
    "docID": "N157 Kalincik 2010",
    "et": "LesionAdjacentTissue",
    "off": 33319,
    "sff": "adjacent"
  },
  {
    "docID": "N157 Kalincik 2010",
    "et": "LesionAdjacentTissue",
    "off": 1748,
    "sff": "lesion"
  },
  {
    "docID": "N157 Kalincik 2010",
    "et": "LesionAdjacentTissue",
    "off": 23253,
    "sff": "lesion"
  },
  {
    "docID": "N157 Kalincik 2010",
    "et": "LesionAdjacentTissue",
    "off": 29205,
    "sff": "lesion"
  },
  {
    "docID": "N157 Kalincik 2010",
    "et": "LesionAdjacentTissue",
    "off": 28879,
    "sff": "lesion"
  },
  {
    "docID": "N157 Kalincik 2010",
    "et": "LesionAdjacentTissue",
    "off": 4305,
    "sff": "adjacent"
  },
  {
    "docID": "N157 Kalincik 2010",
    "et": "LesionAdjacentTissue",
    "off": 26896,
    "sff": "lesion"
  },
  {
    "docID": "N157 Kalincik 2010",
    "et": "LesionAdjacentTissue",
    "off": 26577,
    "sff": "lesion"
  },
  {
    "docID": "N157 Kalincik 2010",
    "et": "LesionAdjacentTissue",
    "off": 36561,
    "sff": "lesion"
  },
  {
    "docID": "N157 Kalincik 2010",
    "et": "LesionAdjacentTissue",
    "off": 31899,
    "sff": "lesion"
  },
  {
    "docID": "N157 Kalincik 2010",
    "et": "LesionAdjacentTissue",
    "off": 2583,
    "sff": "adjacent"
  },
  {
    "docID": "N157 Kalincik 2010",
    "et": "LesionAdjacentTissue",
    "off": 27608,
    "sff": "lesion"
  },
  {
    "docID": "N157 Kalincik 2010",
    "et": "LesionAdjacentTissue",
    "off": 27479,
    "sff": "adjacent"
  },
  {
    "docID": "N157 Kalincik 2010",
    "et": "LesionAdjacentTissue",
    "off": 34649,
    "sff": "lesion"
  },
  {
    "docID": "N157 Kalincik 2010",
    "et": "CentralNervousSystem",
    "off": 7477,
    "sff": "nervous"
  },
  {
    "docID": "N157 Kalincik 2010",
    "et": "CentralNervousSystem",
    "off": 2568,
    "sff": "nervous"
  },
  {
    "docID": "N157 Kalincik 2010",
    "et": "CentralNervousSystem",
    "off": 33304,
    "sff": "nervous"
  },
  {
    "docID": "N157 Kalincik 2010",
    "et": "CentralNervousSystem",
    "off": 12276,
    "sff": "central"
  },
  {
    "docID": "N157 Kalincik 2010",
    "et": "CentralNervousSystem",
    "off": 19043,
    "sff": "central"
  },
  {
    "docID": "N157 Kalincik 2010",
    "et": "CentralNervousSystem",
    "off": 555,
    "sff": "nervous"
  },
  {
    "docID": "N157 Kalincik 2010",
    "et": "CentralNervousSystem",
    "off": 33563,
    "sff": "nervous"
  },
  {
    "docID": "N157 Kalincik 2010",
    "et": "CentralNervousSystem",
    "off": 28030,
    "sff": "nervous"
  },
  {
    "docID": "N157 Kalincik 2010",
    "et": "CentralNervousSystem",
    "off": 36320,
    "sff": "nervous"
  },
  {
    "docID": "N157 Kalincik 2010",
    "et": "CentralNervousSystem",
    "off": 20575,
    "sff": "nervous"
  },
  {
    "docID": "N157 Kalincik 2010",
    "et": "SpinalCentralPart",
    "off": 19043,
    "sff": "central"
  },
  {
    "docID": "N157 Kalincik 2010",
    "et": "SpinalCentralPart",
    "off": 12276,
    "sff": "central"
  },
  {
    "docID": "N157 Kalincik 2010",
    "et": "InjectionDelivery",
    "off": 6212,
    "sff": "injection"
  },
  {
    "docID": "N157 Kalincik 2010",
    "et": "SpinalLesionSite",
    "off": 26577,
    "sff": "lesion"
  },
  {
    "docID": "N157 Kalincik 2010",
    "et": "SpinalLesionSite",
    "off": 36561,
    "sff": "lesion"
  },
  {
    "docID": "N157 Kalincik 2010",
    "et": "SpinalLesionSite",
    "off": 28879,
    "sff": "lesion"
  },
  {
    "docID": "N157 Kalincik 2010",
    "et": "SpinalLesionSite",
    "off": 26896,
    "sff": "lesion"
  },
  {
    "docID": "N157 Kalincik 2010",
    "et": "SpinalLesionSite",
    "off": 1748,
    "sff": "lesion"
  },
  {
    "docID": "N157 Kalincik 2010",
    "et": "SpinalLesionSite",
    "off": 23253,
    "sff": "lesion"
  },
  {
    "docID": "N157 Kalincik 2010",
    "et": "SpinalLesionSite",
    "off": 29205,
    "sff": "lesion"
  },
  {
    "docID": "N157 Kalincik 2010",
    "et": "SpinalLesionSite",
    "off": 34649,
    "sff": "lesion"
  },
  {
    "docID": "N157 Kalincik 2010",
    "et": "SpinalLesionSite",
    "off": 27608,
    "sff": "lesion"
  },
  {
    "docID": "N157 Kalincik 2010",
    "et": "SpinalLesionSite",
    "off": 31899,
    "sff": "lesion"
  },
  {
    "docID": "N157 Kalincik 2010",
    "et": "SpinalLesionSite",
    "off": 21345,
    "sff": "lesion"
  },
  {
    "docID": "N157 Kalincik 2010",
    "et": "SpinalLesionSite",
    "off": 21218,
    "sff": "lesion"
  },
  {
    "docID": "N157 Kalincik 2010",
    "et": "SpinalLesionSite",
    "off": 1634,
    "sff": "lesion"
  },
  {
    "docID": "N157 Kalincik 2010",
    "et": "SpinalLesionSite",
    "off": 12707,
    "sff": "lesion"
  },
  {
    "docID": "N157 Kalincik 2010",
    "et": "SpinalLesionSite",
    "off": 16870,
    "sff": "lesion"
  },
  {
    "docID": "N157 Kalincik 2010",
    "et": "SpinalLesionSite",
    "off": 28134,
    "sff": "lesion"
  },
  {
    "docID": "N157 Kalincik 2010",
    "et": "SpinalLesionSite",
    "off": 27495,
    "sff": "lesion"
  },
  {
    "docID": "N157 Kalincik 2010",
    "et": "SpinalLesionSite",
    "off": 24360,
    "sff": "lesion"
  },
  {
    "docID": "N157 Kalincik 2010",
    "et": "SpinalLesionSite",
    "off": 36264,
    "sff": "lesion"
  },
  {
    "docID": "N157 Kalincik 2010",
    "et": "SpinalLesionSite",
    "off": 18348,
    "sff": "lesion"
  },
  {
    "docID": "N157 Kalincik 2010",
    "et": "SpinalLesionSite",
    "off": 22575,
    "sff": "lesion"
  },
  {
    "docID": "N157 Kalincik 2010",
    "et": "SpinalLesionSite",
    "off": 1844,
    "sff": "lesion"
  },
  {
    "docID": "N157 Kalincik 2010",
    "et": "SpinalLesionSite",
    "off": 40371,
    "sff": "lesion"
  },
  {
    "docID": "N157 Kalincik 2010",
    "et": "SpinalLesionSite",
    "off": 33335,
    "sff": "lesion"
  },
  {
    "docID": "N157 Kalincik 2010",
    "et": "SpinalLesionSite",
    "off": 2041,
    "sff": "lesion"
  },
  {
    "docID": "N157 Kalincik 2010",
    "et": "SpinalLesionSite",
    "off": 30840,
    "sff": "lesion"
  },
  {
    "docID": "N157 Kalincik 2010",
    "et": "SpinalLesionSite",
    "off": 35832,
    "sff": "lesion"
  },
  {
    "docID": "N157 Kalincik 2010",
    "et": "SpinalLesionSite",
    "off": 27260,
    "sff": "lesion"
  },
  {
    "docID": "N157 Kalincik 2010",
    "et": "SpinalLesionSite",
    "off": 32896,
    "sff": "lesion"
  },
  {
    "docID": "N157 Kalincik 2010",
    "et": "SpinalLesionSite",
    "off": 31370,
    "sff": "lesion"
  },
  {
    "docID": "N157 Kalincik 2010",
    "et": "SpinalLesionSite",
    "off": 37514,
    "sff": "lesion"
  },
  {
    "docID": "N157 Kalincik 2010",
    "et": "T1",
    "off": 9122,
    "sff": "T1"
  },
  {
    "docID": "N157 Kalincik 2010",
    "et": "T1",
    "off": 20066,
    "sff": "T1"
  },
  {
    "docID": "N157 Kalincik 2010",
    "et": "T1",
    "off": 26146,
    "sff": "T1"
  },
  {
    "docID": "N157 Kalincik 2010",
    "et": "T1",
    "off": 16083,
    "sff": "T1"
  },
  {
    "docID": "N157 Kalincik 2010",
    "et": "T1",
    "off": 8631,
    "sff": "T1"
  },
  {
    "docID": "N157 Kalincik 2010",
    "et": "T1",
    "off": 14503,
    "sff": "T1"
  },
  {
    "docID": "N157 Kalincik 2010",
    "et": "T2",
    "off": 8746,
    "sff": "T2"
  },
  {
    "docID": "N157 Kalincik 2010",
    "et": "T2",
    "off": 19752,
    "sff": "T2"
  },
  {
    "docID": "N157 Kalincik 2010",
    "et": "T2",
    "off": 13533,
    "sff": "T2"
  },
  {
    "docID": "N157 Kalincik 2010",
    "et": "T2",
    "off": 19595,
    "sff": "T2"
  },
  {
    "docID": "N157 Kalincik 2010",
    "et": "T3",
    "off": 13536,
    "sff": "T3"
  },
  {
    "docID": "N157 Kalincik 2010",
    "et": "T3",
    "off": 6903,
    "sff": "T3"
  },
  {
    "docID": "N157 Kalincik 2010",
    "et": "T4",
    "off": 1315,
    "sff": "T4"
  },
  {
    "docID": "N157 Kalincik 2010",
    "et": "T4",
    "off": 7012,
    "sff": "T4"
  },
  {
    "docID": "N157 Kalincik 2010",
    "et": "T4",
    "off": 30110,
    "sff": "T4"
  },
  {
    "docID": "N157 Kalincik 2010",
    "et": "T4",
    "off": 6425,
    "sff": "T4"
  },
  {
    "docID": "N157 Kalincik 2010",
    "et": "T4",
    "off": 6330,
    "sff": "T4"
  },
  {
    "docID": "N157 Kalincik 2010",
    "et": "T4",
    "off": 27130,
    "sff": "T4"
  },
  {
    "docID": "N157 Kalincik 2010",
    "et": "T4",
    "off": 27893,
    "sff": "T4"
  },
  {
    "docID": "N157 Kalincik 2010",
    "et": "T4",
    "off": 3791,
    "sff": "T4"
  },
  {
    "docID": "N157 Kalincik 2010",
    "et": "T4",
    "off": 50,
    "sff": "T4"
  },
  {
    "docID": "N157 Kalincik 2010",
    "et": "T4",
    "off": 20466,
    "sff": "T4"
  },
  {
    "docID": "N157 Kalincik 2010",
    "et": "T4",
    "off": 31244,
    "sff": "T4"
  },
  {
    "docID": "N157 Kalincik 2010",
    "et": "T4",
    "off": 4359,
    "sff": "T4"
  },
  {
    "docID": "N157 Kalincik 2010",
    "et": "T4",
    "off": 520,
    "sff": "T4"
  },
  {
    "docID": "N157 Kalincik 2010",
    "et": "T4",
    "off": 1225,
    "sff": "T4"
  },
  {
    "docID": "N157 Kalincik 2010",
    "et": "T4",
    "off": 17833,
    "sff": "T4"
  }
]
