[
  {
    "docID": "N158 Kang 2015",
    "et": "T10",
    "off": 11473,
    "sff": "T10"
  },
  {
    "docID": "N158 Kang 2015",
    "et": "VertebralLocation",
    "off": 11454,
    "sff": "vertebral"
  },
  {
    "docID": "N158 Kang 2015",
    "et": "Brain",
    "off": 4358,
    "sff": "brain"
  },
  {
    "docID": "N158 Kang 2015",
    "et": "AscendingFiberTract",
    "off": 20762,
    "sff": "fiber"
  },
  {
    "docID": "N158 Kang 2015",
    "et": "AscendingFiberTract",
    "off": 19939,
    "sff": "fiber"
  },
  {
    "docID": "N158 Kang 2015",
    "et": "AscendingFiberTract",
    "off": 22100,
    "sff": "fiber"
  },
  {
    "docID": "N158 Kang 2015",
    "et": "AscendingFiberTract",
    "off": 18877,
    "sff": "fiber"
  },
  {
    "docID": "N158 Kang 2015",
    "et": "AscendingFiberTract",
    "off": 19726,
    "sff": "fiber"
  },
  {
    "docID": "N158 Kang 2015",
    "et": "IntraperitonealLocation",
    "off": 11312,
    "sff": "intraperitoneal"
  },
  {
    "docID": "N158 Kang 2015",
    "et": "IntraperitonealLocation",
    "off": 7525,
    "sff": "intraperitoneal"
  },
  {
    "docID": "N158 Kang 2015",
    "et": "SpinalWhiteMatter",
    "off": 19326,
    "sff": "white matter"
  },
  {
    "docID": "N158 Kang 2015",
    "et": "SpinalFiberTract",
    "off": 19939,
    "sff": "fiber"
  },
  {
    "docID": "N158 Kang 2015",
    "et": "SpinalFiberTract",
    "off": 22100,
    "sff": "fiber"
  },
  {
    "docID": "N158 Kang 2015",
    "et": "SpinalFiberTract",
    "off": 20762,
    "sff": "fiber"
  },
  {
    "docID": "N158 Kang 2015",
    "et": "SpinalFiberTract",
    "off": 18877,
    "sff": "fiber"
  },
  {
    "docID": "N158 Kang 2015",
    "et": "SpinalFiberTract",
    "off": 19726,
    "sff": "fiber"
  },
  {
    "docID": "N158 Kang 2015",
    "et": "SpinalDorsalHalf",
    "off": 11400,
    "sff": "dorsal"
  },
  {
    "docID": "N158 Kang 2015",
    "et": "SpinalCord",
    "off": 469,
    "sff": "cord"
  },
  {
    "docID": "N158 Kang 2015",
    "et": "SpinalCord",
    "off": 1993,
    "sff": "cord"
  },
  {
    "docID": "N158 Kang 2015",
    "et": "SpinalCord",
    "off": 647,
    "sff": "cord"
  },
  {
    "docID": "N158 Kang 2015",
    "et": "SpinalCord",
    "off": 13703,
    "sff": "cord"
  },
  {
    "docID": "N158 Kang 2015",
    "et": "SpinalCord",
    "off": 107,
    "sff": "cord"
  },
  {
    "docID": "N158 Kang 2015",
    "et": "SpinalCord",
    "off": 1451,
    "sff": "cord"
  },
  {
    "docID": "N158 Kang 2015",
    "et": "SpinalCord",
    "off": 11851,
    "sff": "cord"
  },
  {
    "docID": "N158 Kang 2015",
    "et": "SpinalCord",
    "off": 11585,
    "sff": "cord"
  },
  {
    "docID": "N158 Kang 2015",
    "et": "SpinalCord",
    "off": 21921,
    "sff": "cord"
  },
  {
    "docID": "N158 Kang 2015",
    "et": "SpinalCord",
    "off": 20740,
    "sff": "cord"
  },
  {
    "docID": "N158 Kang 2015",
    "et": "SpinalCord",
    "off": 546,
    "sff": "cord"
  },
  {
    "docID": "N158 Kang 2015",
    "et": "SpinalCord",
    "off": 25923,
    "sff": "cord"
  },
  {
    "docID": "N158 Kang 2015",
    "et": "SpinalCord",
    "off": 11639,
    "sff": "cord"
  },
  {
    "docID": "N158 Kang 2015",
    "et": "SpinalCord",
    "off": 24476,
    "sff": "cord"
  },
  {
    "docID": "N158 Kang 2015",
    "et": "SpinalCord",
    "off": 21882,
    "sff": "cord"
  },
  {
    "docID": "N158 Kang 2015",
    "et": "DorsalColumn",
    "off": 11400,
    "sff": "dorsal"
  },
  {
    "docID": "N158 Kang 2015",
    "et": "LesionAdjacentTissue",
    "off": 17408,
    "sff": "adjacent"
  },
  {
    "docID": "N158 Kang 2015",
    "et": "CentralNervousSystem",
    "off": 23546,
    "sff": "central nervous system"
  },
  {
    "docID": "N158 Kang 2015",
    "et": "CentralNervousSystem",
    "off": 23076,
    "sff": "nervous"
  },
  {
    "docID": "N158 Kang 2015",
    "et": "CentralNervousSystem",
    "off": 23527,
    "sff": "nervous"
  },
  {
    "docID": "N158 Kang 2015",
    "et": "CentralNervousSystem",
    "off": 23527,
    "sff": "nervous system"
  },
  {
    "docID": "N158 Kang 2015",
    "et": "CentralNervousSystem",
    "off": 23546,
    "sff": "central nervous"
  },
  {
    "docID": "N158 Kang 2015",
    "et": "Location",
    "off": 22546,
    "sff": "location"
  },
  {
    "docID": "N158 Kang 2015",
    "et": "Location",
    "off": 21560,
    "sff": "location"
  },
  {
    "docID": "N158 Kang 2015",
    "et": "VertebralArea",
    "off": 11454,
    "sff": "vertebral"
  },
  {
    "docID": "N158 Kang 2015",
    "et": "SpinalCentralPart",
    "off": 23546,
    "sff": "central"
  },
  {
    "docID": "N158 Kang 2015",
    "et": "InjectionDelivery",
    "off": 10592,
    "sff": "injection"
  },
  {
    "docID": "N158 Kang 2015",
    "et": "InjectionDelivery",
    "off": 11328,
    "sff": "injection"
  },
  {
    "docID": "N158 Kang 2015",
    "et": "InjectionDelivery",
    "off": 7541,
    "sff": "injection"
  },
  {
    "docID": "N158 Kang 2015",
    "et": "VertebralSegment",
    "off": 11454,
    "sff": "vertebral"
  }
]
