[
  {
    "docID": "N159 Keyvan-Fouladi 2003",
    "et": "AnatomicalLocation",
    "off": 17494,
    "sff": "anatomical"
  },
  {
    "docID": "N159 Keyvan-Fouladi 2003",
    "et": "AnatomicalLocation",
    "off": 20748,
    "sff": "anatomical"
  },
  {
    "docID": "N159 Keyvan-Fouladi 2003",
    "et": "Lumbar",
    "off": 21908,
    "sff": "lumbar"
  },
  {
    "docID": "N159 Keyvan-Fouladi 2003",
    "et": "Thoracic",
    "off": 2558,
    "sff": "thoracic"
  },
  {
    "docID": "N159 Keyvan-Fouladi 2003",
    "et": "AscendingFiberTract",
    "off": 18555,
    "sff": "ascending"
  },
  {
    "docID": "N159 Keyvan-Fouladi 2003",
    "et": "AscendingFiberTract",
    "off": 18100,
    "sff": "ascending"
  },
  {
    "docID": "N159 Keyvan-Fouladi 2003",
    "et": "AscendingFiberTract",
    "off": 14037,
    "sff": "ascending"
  },
  {
    "docID": "N159 Keyvan-Fouladi 2003",
    "et": "Intraspinal",
    "off": 18047,
    "sff": "intraspinal"
  },
  {
    "docID": "N159 Keyvan-Fouladi 2003",
    "et": "SpinalWhiteMatter",
    "off": 20625,
    "sff": "white matter"
  },
  {
    "docID": "N159 Keyvan-Fouladi 2003",
    "et": "VeinLocation",
    "off": 4057,
    "sff": "vein"
  },
  {
    "docID": "N159 Keyvan-Fouladi 2003",
    "et": "FemoralVeinLocation",
    "off": 4057,
    "sff": "vein"
  },
  {
    "docID": "N159 Keyvan-Fouladi 2003",
    "et": "SpinalDorsalHalf",
    "off": 16768,
    "sff": "dorsal"
  },
  {
    "docID": "N159 Keyvan-Fouladi 2003",
    "et": "SpinalDorsalHalf",
    "off": 1425,
    "sff": "dorsal"
  },
  {
    "docID": "N159 Keyvan-Fouladi 2003",
    "et": "SpinalDorsalHalf",
    "off": 431,
    "sff": "dorsal"
  },
  {
    "docID": "N159 Keyvan-Fouladi 2003",
    "et": "SpinalDorsalHalf",
    "off": 14047,
    "sff": "dorsal"
  },
  {
    "docID": "N159 Keyvan-Fouladi 2003",
    "et": "SpinalDorsalHalf",
    "off": 18575,
    "sff": "dorsal"
  },
  {
    "docID": "N159 Keyvan-Fouladi 2003",
    "et": "SpinalDorsalHalf",
    "off": 19532,
    "sff": "dorsal"
  },
  {
    "docID": "N159 Keyvan-Fouladi 2003",
    "et": "SpinalDorsalHalf",
    "off": 3418,
    "sff": "dorsal"
  },
  {
    "docID": "N159 Keyvan-Fouladi 2003",
    "et": "SpinalDorsalHalf",
    "off": 20327,
    "sff": "dorsal"
  },
  {
    "docID": "N159 Keyvan-Fouladi 2003",
    "et": "SpinalDorsalHalf",
    "off": 3683,
    "sff": "dorsal"
  },
  {
    "docID": "N159 Keyvan-Fouladi 2003",
    "et": "SpinalDorsalHalf",
    "off": 18355,
    "sff": "dorsal"
  },
  {
    "docID": "N159 Keyvan-Fouladi 2003",
    "et": "SpinalVentralHalf",
    "off": 18463,
    "sff": "ventral"
  },
  {
    "docID": "N159 Keyvan-Fouladi 2003",
    "et": "SpinalVentralHalf",
    "off": 18483,
    "sff": "ventral"
  },
  {
    "docID": "N159 Keyvan-Fouladi 2003",
    "et": "SpinalCord",
    "off": 1719,
    "sff": "cord"
  },
  {
    "docID": "N159 Keyvan-Fouladi 2003",
    "et": "SpinalCord",
    "off": 6343,
    "sff": "cord"
  },
  {
    "docID": "N159 Keyvan-Fouladi 2003",
    "et": "SpinalCord",
    "off": 2386,
    "sff": "cord"
  },
  {
    "docID": "N159 Keyvan-Fouladi 2003",
    "et": "SpinalCord",
    "off": 18722,
    "sff": "cord"
  },
  {
    "docID": "N159 Keyvan-Fouladi 2003",
    "et": "SpinalCord",
    "off": 3712,
    "sff": "cord"
  },
  {
    "docID": "N159 Keyvan-Fouladi 2003",
    "et": "SpinalCord",
    "off": 2261,
    "sff": "cord"
  },
  {
    "docID": "N159 Keyvan-Fouladi 2003",
    "et": "DorsalColumn",
    "off": 19532,
    "sff": "dorsal"
  },
  {
    "docID": "N159 Keyvan-Fouladi 2003",
    "et": "DorsalColumn",
    "off": 3418,
    "sff": "dorsal"
  },
  {
    "docID": "N159 Keyvan-Fouladi 2003",
    "et": "DorsalColumn",
    "off": 14047,
    "sff": "dorsal"
  },
  {
    "docID": "N159 Keyvan-Fouladi 2003",
    "et": "DorsalColumn",
    "off": 18575,
    "sff": "dorsal"
  },
  {
    "docID": "N159 Keyvan-Fouladi 2003",
    "et": "DorsalColumn",
    "off": 431,
    "sff": "dorsal"
  },
  {
    "docID": "N159 Keyvan-Fouladi 2003",
    "et": "DorsalColumn",
    "off": 3683,
    "sff": "dorsal"
  },
  {
    "docID": "N159 Keyvan-Fouladi 2003",
    "et": "DorsalColumn",
    "off": 1425,
    "sff": "dorsal"
  },
  {
    "docID": "N159 Keyvan-Fouladi 2003",
    "et": "DorsalColumn",
    "off": 20327,
    "sff": "dorsal"
  },
  {
    "docID": "N159 Keyvan-Fouladi 2003",
    "et": "DorsalColumn",
    "off": 16768,
    "sff": "dorsal"
  },
  {
    "docID": "N159 Keyvan-Fouladi 2003",
    "et": "DorsalColumn",
    "off": 18355,
    "sff": "dorsal"
  },
  {
    "docID": "N159 Keyvan-Fouladi 2003",
    "et": "TailVeinLocation",
    "off": 4057,
    "sff": "vein"
  },
  {
    "docID": "N159 Keyvan-Fouladi 2003",
    "et": "LesionAdjacentTissue",
    "off": 20285,
    "sff": "lesion"
  },
  {
    "docID": "N159 Keyvan-Fouladi 2003",
    "et": "LesionAdjacentTissue",
    "off": 10559,
    "sff": "lesion"
  },
  {
    "docID": "N159 Keyvan-Fouladi 2003",
    "et": "LesionAdjacentTissue",
    "off": 7866,
    "sff": "lesion"
  },
  {
    "docID": "N159 Keyvan-Fouladi 2003",
    "et": "LesionAdjacentTissue",
    "off": 13557,
    "sff": "lesion"
  },
  {
    "docID": "N159 Keyvan-Fouladi 2003",
    "et": "LesionAdjacentTissue",
    "off": 9844,
    "sff": "lesion"
  },
  {
    "docID": "N159 Keyvan-Fouladi 2003",
    "et": "LesionAdjacentTissue",
    "off": 20616,
    "sff": "adjacent"
  },
  {
    "docID": "N159 Keyvan-Fouladi 2003",
    "et": "LesionAdjacentTissue",
    "off": 4304,
    "sff": "lesion"
  },
  {
    "docID": "N159 Keyvan-Fouladi 2003",
    "et": "LesionAdjacentTissue",
    "off": 7369,
    "sff": "lesion"
  },
  {
    "docID": "N159 Keyvan-Fouladi 2003",
    "et": "LesionAdjacentTissue",
    "off": 5131,
    "sff": "lesion"
  },
  {
    "docID": "N159 Keyvan-Fouladi 2003",
    "et": "LesionAdjacentTissue",
    "off": 972,
    "sff": "lesion"
  },
  {
    "docID": "N159 Keyvan-Fouladi 2003",
    "et": "LesionAdjacentTissue",
    "off": 6597,
    "sff": "lesion"
  },
  {
    "docID": "N159 Keyvan-Fouladi 2003",
    "et": "LesionAdjacentTissue",
    "off": 13447,
    "sff": "lesion"
  },
  {
    "docID": "N159 Keyvan-Fouladi 2003",
    "et": "LesionAdjacentTissue",
    "off": 1602,
    "sff": "lesion"
  },
  {
    "docID": "N159 Keyvan-Fouladi 2003",
    "et": "LesionAdjacentTissue",
    "off": 8641,
    "sff": "adjacent"
  },
  {
    "docID": "N159 Keyvan-Fouladi 2003",
    "et": "LesionAdjacentTissue",
    "off": 11778,
    "sff": "lesion"
  },
  {
    "docID": "N159 Keyvan-Fouladi 2003",
    "et": "LesionAdjacentTissue",
    "off": 22302,
    "sff": "lesion"
  },
  {
    "docID": "N159 Keyvan-Fouladi 2003",
    "et": "LesionAdjacentTissue",
    "off": 6687,
    "sff": "lesion"
  },
  {
    "docID": "N159 Keyvan-Fouladi 2003",
    "et": "LesionAdjacentTissue",
    "off": 20377,
    "sff": "lesion"
  },
  {
    "docID": "N159 Keyvan-Fouladi 2003",
    "et": "LesionAdjacentTissue",
    "off": 3282,
    "sff": "Lesion"
  },
  {
    "docID": "N159 Keyvan-Fouladi 2003",
    "et": "LesionAdjacentTissue",
    "off": 6300,
    "sff": "lesion"
  },
  {
    "docID": "N159 Keyvan-Fouladi 2003",
    "et": "LesionAdjacentTissue",
    "off": 12949,
    "sff": "lesion"
  },
  {
    "docID": "N159 Keyvan-Fouladi 2003",
    "et": "LesionAdjacentTissue",
    "off": 15591,
    "sff": "adjacent"
  },
  {
    "docID": "N159 Keyvan-Fouladi 2003",
    "et": "LesionAdjacentTissue",
    "off": 4268,
    "sff": "lesion"
  },
  {
    "docID": "N159 Keyvan-Fouladi 2003",
    "et": "LesionAdjacentTissue",
    "off": 3558,
    "sff": "lesion"
  },
  {
    "docID": "N159 Keyvan-Fouladi 2003",
    "et": "LesionAdjacentTissue",
    "off": 16614,
    "sff": "lesion"
  },
  {
    "docID": "N159 Keyvan-Fouladi 2003",
    "et": "LesionAdjacentTissue",
    "off": 8679,
    "sff": "lesion"
  },
  {
    "docID": "N159 Keyvan-Fouladi 2003",
    "et": "LesionAdjacentTissue",
    "off": 14695,
    "sff": "lesion"
  },
  {
    "docID": "N159 Keyvan-Fouladi 2003",
    "et": "LesionAdjacentTissue",
    "off": 866,
    "sff": "lesion"
  },
  {
    "docID": "N159 Keyvan-Fouladi 2003",
    "et": "Cervical",
    "off": 9192,
    "sff": "cervical"
  },
  {
    "docID": "N159 Keyvan-Fouladi 2003",
    "et": "Cervical",
    "off": 16790,
    "sff": "cervical"
  },
  {
    "docID": "N159 Keyvan-Fouladi 2003",
    "et": "Cervical",
    "off": 3765,
    "sff": "cervical"
  },
  {
    "docID": "N159 Keyvan-Fouladi 2003",
    "et": "Cervical",
    "off": 496,
    "sff": "cervical"
  },
  {
    "docID": "N159 Keyvan-Fouladi 2003",
    "et": "Cervical",
    "off": 17695,
    "sff": "cervical"
  },
  {
    "docID": "N159 Keyvan-Fouladi 2003",
    "et": "SpinalGrayMatter",
    "off": 1249,
    "sff": "gray matter"
  },
  {
    "docID": "N159 Keyvan-Fouladi 2003",
    "et": "SpinalGrayMatter",
    "off": 15600,
    "sff": "gray matter"
  },
  {
    "docID": "N159 Keyvan-Fouladi 2003",
    "et": "CephalicVeinLocation",
    "off": 4057,
    "sff": "vein"
  },
  {
    "docID": "N159 Keyvan-Fouladi 2003",
    "et": "CorticospinalTract",
    "off": 642,
    "sff": "corticospinal tract"
  },
  {
    "docID": "N159 Keyvan-Fouladi 2003",
    "et": "CorticospinalTract",
    "off": 26,
    "sff": "Corticospinal Tract"
  },
  {
    "docID": "N159 Keyvan-Fouladi 2003",
    "et": "CorticospinalTract",
    "off": 9014,
    "sff": "corticospinal"
  },
  {
    "docID": "N159 Keyvan-Fouladi 2003",
    "et": "CorticospinalTract",
    "off": 438,
    "sff": "corticospinal tract"
  },
  {
    "docID": "N159 Keyvan-Fouladi 2003",
    "et": "CorticospinalTract",
    "off": 1084,
    "sff": "corticospinal"
  },
  {
    "docID": "N159 Keyvan-Fouladi 2003",
    "et": "CorticospinalTract",
    "off": 1432,
    "sff": "corticospinal tract"
  },
  {
    "docID": "N159 Keyvan-Fouladi 2003",
    "et": "CorticospinalTract",
    "off": 1180,
    "sff": "corticospinal tract"
  },
  {
    "docID": "N159 Keyvan-Fouladi 2003",
    "et": "CorticospinalTract",
    "off": 1313,
    "sff": "corticospinal tract"
  },
  {
    "docID": "N159 Keyvan-Fouladi 2003",
    "et": "InjectionDelivery",
    "off": 14224,
    "sff": "injection"
  },
  {
    "docID": "N159 Keyvan-Fouladi 2003",
    "et": "SpinalLesionSite",
    "off": 8679,
    "sff": "lesion"
  },
  {
    "docID": "N159 Keyvan-Fouladi 2003",
    "et": "SpinalLesionSite",
    "off": 14695,
    "sff": "lesion"
  },
  {
    "docID": "N159 Keyvan-Fouladi 2003",
    "et": "SpinalLesionSite",
    "off": 3558,
    "sff": "lesion"
  },
  {
    "docID": "N159 Keyvan-Fouladi 2003",
    "et": "SpinalLesionSite",
    "off": 16614,
    "sff": "lesion"
  },
  {
    "docID": "N159 Keyvan-Fouladi 2003",
    "et": "SpinalLesionSite",
    "off": 4268,
    "sff": "lesion"
  },
  {
    "docID": "N159 Keyvan-Fouladi 2003",
    "et": "SpinalLesionSite",
    "off": 6687,
    "sff": "lesion"
  },
  {
    "docID": "N159 Keyvan-Fouladi 2003",
    "et": "SpinalLesionSite",
    "off": 1602,
    "sff": "lesion site"
  },
  {
    "docID": "N159 Keyvan-Fouladi 2003",
    "et": "SpinalLesionSite",
    "off": 22302,
    "sff": "lesion"
  },
  {
    "docID": "N159 Keyvan-Fouladi 2003",
    "et": "SpinalLesionSite",
    "off": 20285,
    "sff": "lesion site"
  },
  {
    "docID": "N159 Keyvan-Fouladi 2003",
    "et": "SpinalLesionSite",
    "off": 13447,
    "sff": "lesion site"
  },
  {
    "docID": "N159 Keyvan-Fouladi 2003",
    "et": "SpinalLesionSite",
    "off": 7866,
    "sff": "lesion"
  },
  {
    "docID": "N159 Keyvan-Fouladi 2003",
    "et": "SpinalLesionSite",
    "off": 6597,
    "sff": "lesion site"
  },
  {
    "docID": "N159 Keyvan-Fouladi 2003",
    "et": "SpinalLesionSite",
    "off": 972,
    "sff": "lesion site"
  },
  {
    "docID": "N159 Keyvan-Fouladi 2003",
    "et": "SpinalLesionSite",
    "off": 13557,
    "sff": "lesion"
  },
  {
    "docID": "N159 Keyvan-Fouladi 2003",
    "et": "SpinalLesionSite",
    "off": 9844,
    "sff": "lesion"
  },
  {
    "docID": "N159 Keyvan-Fouladi 2003",
    "et": "SpinalLesionSite",
    "off": 7369,
    "sff": "lesion"
  },
  {
    "docID": "N159 Keyvan-Fouladi 2003",
    "et": "SpinalLesionSite",
    "off": 20377,
    "sff": "lesion site"
  },
  {
    "docID": "N159 Keyvan-Fouladi 2003",
    "et": "SpinalLesionSite",
    "off": 5131,
    "sff": "lesion"
  },
  {
    "docID": "N159 Keyvan-Fouladi 2003",
    "et": "SpinalLesionSite",
    "off": 10559,
    "sff": "lesion"
  },
  {
    "docID": "N159 Keyvan-Fouladi 2003",
    "et": "SpinalLesionSite",
    "off": 866,
    "sff": "lesion site"
  },
  {
    "docID": "N159 Keyvan-Fouladi 2003",
    "et": "SpinalLesionSite",
    "off": 11778,
    "sff": "lesion"
  },
  {
    "docID": "N159 Keyvan-Fouladi 2003",
    "et": "SpinalLesionSite",
    "off": 3282,
    "sff": "Lesion"
  },
  {
    "docID": "N159 Keyvan-Fouladi 2003",
    "et": "SpinalLesionSite",
    "off": 6300,
    "sff": "lesion"
  },
  {
    "docID": "N159 Keyvan-Fouladi 2003",
    "et": "SpinalLesionSite",
    "off": 4304,
    "sff": "lesion"
  },
  {
    "docID": "N159 Keyvan-Fouladi 2003",
    "et": "SpinalLesionSite",
    "off": 12949,
    "sff": "lesion"
  },
  {
    "docID": "N159 Keyvan-Fouladi 2003",
    "et": "RubrospinalTract",
    "off": 17606,
    "sff": "rubrospinal tract"
  },
  {
    "docID": "N159 Keyvan-Fouladi 2003",
    "et": "RubrospinalTract",
    "off": 18413,
    "sff": "rubrospinal tract"
  }
]
