[
  {
    "docID": "N161 Lang 2013",
    "et": "T10",
    "off": 15885,
    "sff": "T10"
  },
  {
    "docID": "N161 Lang 2013",
    "et": "T10",
    "off": 19583,
    "sff": "T10"
  },
  {
    "docID": "N161 Lang 2013",
    "et": "SuperficialDelivery",
    "off": 9192,
    "sff": "superficial"
  },
  {
    "docID": "N161 Lang 2013",
    "et": "SuperficialDelivery",
    "off": 13318,
    "sff": "superficial"
  },
  {
    "docID": "N161 Lang 2013",
    "et": "SuperficialDelivery",
    "off": 20560,
    "sff": "superficial"
  },
  {
    "docID": "N161 Lang 2013",
    "et": "SuperficialDelivery",
    "off": 12603,
    "sff": "superficial"
  },
  {
    "docID": "N161 Lang 2013",
    "et": "Lumbar",
    "off": 11545,
    "sff": "lumbar"
  },
  {
    "docID": "N161 Lang 2013",
    "et": "Thoracic",
    "off": 15875,
    "sff": "thoracic"
  },
  {
    "docID": "N161 Lang 2013",
    "et": "Brain",
    "off": 902,
    "sff": "Brain"
  },
  {
    "docID": "N161 Lang 2013",
    "et": "Brain",
    "off": 2688,
    "sff": "brain"
  },
  {
    "docID": "N161 Lang 2013",
    "et": "IntraperitonealLocation",
    "off": 19360,
    "sff": "intraperitoneal"
  },
  {
    "docID": "N161 Lang 2013",
    "et": "SpinalDorsalHalf",
    "off": 12628,
    "sff": "dorsal"
  },
  {
    "docID": "N161 Lang 2013",
    "et": "SpinalDorsalHalf",
    "off": 1073,
    "sff": "dorsal"
  },
  {
    "docID": "N161 Lang 2013",
    "et": "SpinalDorsalHalf",
    "off": 9213,
    "sff": "dorsal"
  },
  {
    "docID": "N161 Lang 2013",
    "et": "SpinalDorsalHalf",
    "off": 13339,
    "sff": "dorsal"
  },
  {
    "docID": "N161 Lang 2013",
    "et": "SpinalDorsalHalf",
    "off": 14091,
    "sff": "dorsal"
  },
  {
    "docID": "N161 Lang 2013",
    "et": "SpinalDorsalHalf",
    "off": 4617,
    "sff": "dorsal"
  },
  {
    "docID": "N161 Lang 2013",
    "et": "SpinalDorsalHalf",
    "off": 13530,
    "sff": "dorsal"
  },
  {
    "docID": "N161 Lang 2013",
    "et": "SpinalCord",
    "off": 19789,
    "sff": "cord"
  },
  {
    "docID": "N161 Lang 2013",
    "et": "SpinalCord",
    "off": 10316,
    "sff": "cord"
  },
  {
    "docID": "N161 Lang 2013",
    "et": "SpinalCord",
    "off": 23820,
    "sff": "cord"
  },
  {
    "docID": "N161 Lang 2013",
    "et": "SpinalCord",
    "off": 7954,
    "sff": "cord"
  },
  {
    "docID": "N161 Lang 2013",
    "et": "SpinalCord",
    "off": 15890,
    "sff": "cord"
  },
  {
    "docID": "N161 Lang 2013",
    "et": "SpinalCord",
    "off": 19281,
    "sff": "cord"
  },
  {
    "docID": "N161 Lang 2013",
    "et": "SpinalCord",
    "off": 19605,
    "sff": "cord"
  },
  {
    "docID": "N161 Lang 2013",
    "et": "SpinalCord",
    "off": 12500,
    "sff": "cord"
  },
  {
    "docID": "N161 Lang 2013",
    "et": "SpinalCord",
    "off": 22746,
    "sff": "cord"
  },
  {
    "docID": "N161 Lang 2013",
    "et": "SpinalCord",
    "off": 4377,
    "sff": "cord"
  },
  {
    "docID": "N161 Lang 2013",
    "et": "SpinalCord",
    "off": 20418,
    "sff": "cord"
  },
  {
    "docID": "N161 Lang 2013",
    "et": "SpinalCord",
    "off": 1793,
    "sff": "cord"
  },
  {
    "docID": "N161 Lang 2013",
    "et": "SpinalCord",
    "off": 5248,
    "sff": "cord"
  },
  {
    "docID": "N161 Lang 2013",
    "et": "SpinalCord",
    "off": 20096,
    "sff": "cord"
  },
  {
    "docID": "N161 Lang 2013",
    "et": "SpinalCord",
    "off": 22341,
    "sff": "cord"
  },
  {
    "docID": "N161 Lang 2013",
    "et": "SpinalCord",
    "off": 1413,
    "sff": "cord"
  },
  {
    "docID": "N161 Lang 2013",
    "et": "SpinalCord",
    "off": 19723,
    "sff": "cord"
  },
  {
    "docID": "N161 Lang 2013",
    "et": "SpinalCord",
    "off": 10890,
    "sff": "cord"
  },
  {
    "docID": "N161 Lang 2013",
    "et": "SpinalCord",
    "off": 4552,
    "sff": "cord"
  },
  {
    "docID": "N161 Lang 2013",
    "et": "SpinalCord",
    "off": 9777,
    "sff": "cord"
  },
  {
    "docID": "N161 Lang 2013",
    "et": "SpinalCord",
    "off": 113,
    "sff": "cord"
  },
  {
    "docID": "N161 Lang 2013",
    "et": "SpinalCord",
    "off": 22256,
    "sff": "cord"
  },
  {
    "docID": "N161 Lang 2013",
    "et": "SpinalCord",
    "off": 2998,
    "sff": "cord"
  },
  {
    "docID": "N161 Lang 2013",
    "et": "SpinalCord",
    "off": 10677,
    "sff": "cord"
  },
  {
    "docID": "N161 Lang 2013",
    "et": "SpinalCord",
    "off": 12149,
    "sff": "cord"
  },
  {
    "docID": "N161 Lang 2013",
    "et": "SpinalCord",
    "off": 8116,
    "sff": "cord"
  },
  {
    "docID": "N161 Lang 2013",
    "et": "SpinalCord",
    "off": 440,
    "sff": "cord"
  },
  {
    "docID": "N161 Lang 2013",
    "et": "SpinalCord",
    "off": 13752,
    "sff": "cord"
  },
  {
    "docID": "N161 Lang 2013",
    "et": "SpinalCord",
    "off": 8222,
    "sff": "cord"
  },
  {
    "docID": "N161 Lang 2013",
    "et": "SpinalCord",
    "off": 11678,
    "sff": "cord"
  },
  {
    "docID": "N161 Lang 2013",
    "et": "SpinalCord",
    "off": 9248,
    "sff": "cord"
  },
  {
    "docID": "N161 Lang 2013",
    "et": "SpinalCord",
    "off": 1573,
    "sff": "cord"
  },
  {
    "docID": "N161 Lang 2013",
    "et": "SpinalCord",
    "off": 2603,
    "sff": "cord"
  },
  {
    "docID": "N161 Lang 2013",
    "et": "SpinalCord",
    "off": 15849,
    "sff": "cord"
  },
  {
    "docID": "N161 Lang 2013",
    "et": "DorsalColumn",
    "off": 9213,
    "sff": "dorsal"
  },
  {
    "docID": "N161 Lang 2013",
    "et": "DorsalColumn",
    "off": 12628,
    "sff": "dorsal"
  },
  {
    "docID": "N161 Lang 2013",
    "et": "DorsalColumn",
    "off": 1073,
    "sff": "dorsal"
  },
  {
    "docID": "N161 Lang 2013",
    "et": "DorsalColumn",
    "off": 13339,
    "sff": "dorsal"
  },
  {
    "docID": "N161 Lang 2013",
    "et": "DorsalColumn",
    "off": 14091,
    "sff": "dorsal"
  },
  {
    "docID": "N161 Lang 2013",
    "et": "DorsalColumn",
    "off": 13530,
    "sff": "dorsal"
  },
  {
    "docID": "N161 Lang 2013",
    "et": "DorsalColumn",
    "off": 4617,
    "sff": "dorsal"
  },
  {
    "docID": "N161 Lang 2013",
    "et": "LesionAdjacentTissue",
    "off": 22315,
    "sff": "lesion"
  },
  {
    "docID": "N161 Lang 2013",
    "et": "CentralNervousSystem",
    "off": 13901,
    "sff": "central"
  },
  {
    "docID": "N161 Lang 2013",
    "et": "SpinalCentralPart",
    "off": 13901,
    "sff": "central"
  },
  {
    "docID": "N161 Lang 2013",
    "et": "InjectionDelivery",
    "off": 19376,
    "sff": "injection"
  },
  {
    "docID": "N161 Lang 2013",
    "et": "InjectionDelivery",
    "off": 20816,
    "sff": "injection"
  },
  {
    "docID": "N161 Lang 2013",
    "et": "InjectionDelivery",
    "off": 20545,
    "sff": "injection"
  },
  {
    "docID": "N161 Lang 2013",
    "et": "SpinalLesionSite",
    "off": 22315,
    "sff": "lesion site"
  }
]
