[
  {
    "docID": "N165 Li 2010",
    "et": "L1",
    "off": 2265,
    "sff": "L1"
  },
  {
    "docID": "N165 Li 2010",
    "et": "T10",
    "off": 3766,
    "sff": "T10"
  },
  {
    "docID": "N165 Li 2010",
    "et": "T10",
    "off": 487,
    "sff": "T10"
  },
  {
    "docID": "N165 Li 2010",
    "et": "Thoracic",
    "off": 7522,
    "sff": "thoracic"
  },
  {
    "docID": "N165 Li 2010",
    "et": "VertebralLocation",
    "off": 3746,
    "sff": "vertebral"
  },
  {
    "docID": "N165 Li 2010",
    "et": "Brain",
    "off": 6862,
    "sff": "brain"
  },
  {
    "docID": "N165 Li 2010",
    "et": "SpinalWhiteMatter",
    "off": 4650,
    "sff": "white matter"
  },
  {
    "docID": "N165 Li 2010",
    "et": "SpinalCord",
    "off": 3377,
    "sff": "cord"
  },
  {
    "docID": "N165 Li 2010",
    "et": "SpinalCord",
    "off": 15411,
    "sff": "cord"
  },
  {
    "docID": "N165 Li 2010",
    "et": "SpinalCord",
    "off": 13113,
    "sff": "cord"
  },
  {
    "docID": "N165 Li 2010",
    "et": "SpinalCord",
    "off": 17083,
    "sff": "cord"
  },
  {
    "docID": "N165 Li 2010",
    "et": "SpinalCord",
    "off": 10364,
    "sff": "cord"
  },
  {
    "docID": "N165 Li 2010",
    "et": "SpinalCord",
    "off": 14335,
    "sff": "cord"
  },
  {
    "docID": "N165 Li 2010",
    "et": "SpinalCord",
    "off": 13504,
    "sff": "cord"
  },
  {
    "docID": "N165 Li 2010",
    "et": "SpinalCord",
    "off": 3010,
    "sff": "cord"
  },
  {
    "docID": "N165 Li 2010",
    "et": "SpinalCord",
    "off": 8069,
    "sff": "cord"
  },
  {
    "docID": "N165 Li 2010",
    "et": "SpinalCord",
    "off": 9674,
    "sff": "cord"
  },
  {
    "docID": "N165 Li 2010",
    "et": "SpinalCord",
    "off": 6796,
    "sff": "cord"
  },
  {
    "docID": "N165 Li 2010",
    "et": "SpinalCord",
    "off": 3407,
    "sff": "cord"
  },
  {
    "docID": "N165 Li 2010",
    "et": "SpinalCord",
    "off": 336,
    "sff": "cord"
  },
  {
    "docID": "N165 Li 2010",
    "et": "SpinalCord",
    "off": 2448,
    "sff": "cord"
  },
  {
    "docID": "N165 Li 2010",
    "et": "SpinalCord",
    "off": 1618,
    "sff": "cord"
  },
  {
    "docID": "N165 Li 2010",
    "et": "SpinalCord",
    "off": 7058,
    "sff": "cord"
  },
  {
    "docID": "N165 Li 2010",
    "et": "SpinalCord",
    "off": 84,
    "sff": "cord"
  },
  {
    "docID": "N165 Li 2010",
    "et": "SpinalCord",
    "off": 1814,
    "sff": "cord"
  },
  {
    "docID": "N165 Li 2010",
    "et": "SpinalCord",
    "off": 12824,
    "sff": "cord"
  },
  {
    "docID": "N165 Li 2010",
    "et": "SpinalCord",
    "off": 10587,
    "sff": "cord"
  },
  {
    "docID": "N165 Li 2010",
    "et": "SpinalCord",
    "off": 15707,
    "sff": "cord"
  },
  {
    "docID": "N165 Li 2010",
    "et": "SpinalCord",
    "off": 1118,
    "sff": "cord"
  },
  {
    "docID": "N165 Li 2010",
    "et": "SpinalCord",
    "off": 1886,
    "sff": "cord"
  },
  {
    "docID": "N165 Li 2010",
    "et": "SpinalCord",
    "off": 15264,
    "sff": "cord"
  },
  {
    "docID": "N165 Li 2010",
    "et": "SpinalCord",
    "off": 3810,
    "sff": "cord"
  },
  {
    "docID": "N165 Li 2010",
    "et": "SpinalCord",
    "off": 2531,
    "sff": "cord"
  },
  {
    "docID": "N165 Li 2010",
    "et": "SpinalCord",
    "off": 12581,
    "sff": "cord"
  },
  {
    "docID": "N165 Li 2010",
    "et": "SpinalCord",
    "off": 2662,
    "sff": "cord"
  },
  {
    "docID": "N165 Li 2010",
    "et": "SpinalCord",
    "off": 679,
    "sff": "cord"
  },
  {
    "docID": "N165 Li 2010",
    "et": "SpinalCord",
    "off": 13415,
    "sff": "cord"
  },
  {
    "docID": "N165 Li 2010",
    "et": "SpinalCord",
    "off": 16167,
    "sff": "cord"
  },
  {
    "docID": "N165 Li 2010",
    "et": "SpinalCord",
    "off": 1002,
    "sff": "cord"
  },
  {
    "docID": "N165 Li 2010",
    "et": "LesionAdjacentTissue",
    "off": 11834,
    "sff": "adjacent"
  },
  {
    "docID": "N165 Li 2010",
    "et": "SubstanceApplicationLocation",
    "off": 13337,
    "sff": "application"
  },
  {
    "docID": "N165 Li 2010",
    "et": "SubstanceApplicationLocation",
    "off": 13561,
    "sff": "application"
  },
  {
    "docID": "N165 Li 2010",
    "et": "SubstanceApplicationLocation",
    "off": 3197,
    "sff": "application"
  },
  {
    "docID": "N165 Li 2010",
    "et": "SubstanceApplicationLocation",
    "off": 12544,
    "sff": "application"
  },
  {
    "docID": "N165 Li 2010",
    "et": "SubstanceApplicationLocation",
    "off": 12847,
    "sff": "application"
  },
  {
    "docID": "N165 Li 2010",
    "et": "VertebralArea",
    "off": 3746,
    "sff": "vertebral"
  },
  {
    "docID": "N165 Li 2010",
    "et": "InjectionDelivery",
    "off": 7126,
    "sff": "injection"
  },
  {
    "docID": "N165 Li 2010",
    "et": "InjectionDelivery",
    "off": 3651,
    "sff": "injection"
  },
  {
    "docID": "N165 Li 2010",
    "et": "InjectionDelivery",
    "off": 7229,
    "sff": "injection"
  },
  {
    "docID": "N165 Li 2010",
    "et": "VertebralSegment",
    "off": 3746,
    "sff": "vertebral"
  }
]
