[
  {
    "docID": "N168 Li 2016",
    "et": "AscendingFiberTract",
    "off": 17084,
    "sff": "fiber"
  },
  {
    "docID": "N168 Li 2016",
    "et": "AscendingFiberTract",
    "off": 18276,
    "sff": "fiber"
  },
  {
    "docID": "N168 Li 2016",
    "et": "AscendingFiberTract",
    "off": 18483,
    "sff": "fiber"
  },
  {
    "docID": "N168 Li 2016",
    "et": "AscendingFiberTract",
    "off": 14464,
    "sff": "ascending"
  },
  {
    "docID": "N168 Li 2016",
    "et": "SpinalFiberTract",
    "off": 18483,
    "sff": "fiber"
  },
  {
    "docID": "N168 Li 2016",
    "et": "SpinalFiberTract",
    "off": 18276,
    "sff": "fiber"
  },
  {
    "docID": "N168 Li 2016",
    "et": "SpinalFiberTract",
    "off": 17084,
    "sff": "fiber"
  },
  {
    "docID": "N168 Li 2016",
    "et": "SpinalDorsalHalf",
    "off": 16663,
    "sff": "dorsal"
  },
  {
    "docID": "N168 Li 2016",
    "et": "SpinalDorsalHalf",
    "off": 18637,
    "sff": "dorsal"
  },
  {
    "docID": "N168 Li 2016",
    "et": "SpinalDorsalHalf",
    "off": 14474,
    "sff": "dorsal"
  },
  {
    "docID": "N168 Li 2016",
    "et": "SpinalVentralHalf",
    "off": 14518,
    "sff": "ventral"
  },
  {
    "docID": "N168 Li 2016",
    "et": "SpinalVentralHalf",
    "off": 13038,
    "sff": "ventral"
  },
  {
    "docID": "N168 Li 2016",
    "et": "SpinalCord",
    "off": 14533,
    "sff": "cord"
  },
  {
    "docID": "N168 Li 2016",
    "et": "SpinalCord",
    "off": 257,
    "sff": "cord"
  },
  {
    "docID": "N168 Li 2016",
    "et": "SpinalCord",
    "off": 17201,
    "sff": "cord"
  },
  {
    "docID": "N168 Li 2016",
    "et": "SpinalCord",
    "off": 2034,
    "sff": "cord"
  },
  {
    "docID": "N168 Li 2016",
    "et": "SpinalCord",
    "off": 603,
    "sff": "cord"
  },
  {
    "docID": "N168 Li 2016",
    "et": "SpinalCord",
    "off": 508,
    "sff": "cord"
  },
  {
    "docID": "N168 Li 2016",
    "et": "SpinalCord",
    "off": 14237,
    "sff": "cord"
  },
  {
    "docID": "N168 Li 2016",
    "et": "SpinalCord",
    "off": 20520,
    "sff": "cord"
  },
  {
    "docID": "N168 Li 2016",
    "et": "SpinalCord",
    "off": 3097,
    "sff": "cord"
  },
  {
    "docID": "N168 Li 2016",
    "et": "Vertebrae",
    "off": 5557,
    "sff": "vertebrae"
  },
  {
    "docID": "N168 Li 2016",
    "et": "DorsalColumn",
    "off": 14474,
    "sff": "dorsal column"
  },
  {
    "docID": "N168 Li 2016",
    "et": "DorsalColumn",
    "off": 16663,
    "sff": "dorsal"
  },
  {
    "docID": "N168 Li 2016",
    "et": "DorsalColumn",
    "off": 18637,
    "sff": "dorsal"
  },
  {
    "docID": "N168 Li 2016",
    "et": "LesionAdjacentTissue",
    "off": 18656,
    "sff": "adjacent"
  },
  {
    "docID": "N168 Li 2016",
    "et": "LesionAdjacentTissue",
    "off": 2373,
    "sff": "lesion"
  },
  {
    "docID": "N168 Li 2016",
    "et": "LesionAdjacentTissue",
    "off": 15685,
    "sff": "lesion"
  },
  {
    "docID": "N168 Li 2016",
    "et": "LesionAdjacentTissue",
    "off": 2120,
    "sff": "lesion"
  },
  {
    "docID": "N168 Li 2016",
    "et": "LesionAdjacentTissue",
    "off": 18248,
    "sff": "lesion"
  },
  {
    "docID": "N168 Li 2016",
    "et": "LesionAdjacentTissue",
    "off": 1474,
    "sff": "lesion"
  },
  {
    "docID": "N168 Li 2016",
    "et": "LesionAdjacentTissue",
    "off": 10050,
    "sff": "lesion"
  },
  {
    "docID": "N168 Li 2016",
    "et": "LesionAdjacentTissue",
    "off": 13390,
    "sff": "lesion"
  },
  {
    "docID": "N168 Li 2016",
    "et": "LesionAdjacentTissue",
    "off": 13451,
    "sff": "lesion"
  },
  {
    "docID": "N168 Li 2016",
    "et": "LesionAdjacentTissue",
    "off": 7351,
    "sff": "lesion"
  },
  {
    "docID": "N168 Li 2016",
    "et": "LesionAdjacentTissue",
    "off": 12973,
    "sff": "adjacent"
  },
  {
    "docID": "N168 Li 2016",
    "et": "LesionAdjacentTissue",
    "off": 14573,
    "sff": "adjacent"
  },
  {
    "docID": "N168 Li 2016",
    "et": "LesionAdjacentTissue",
    "off": 5694,
    "sff": "lesion"
  },
  {
    "docID": "N168 Li 2016",
    "et": "LesionAdjacentTissue",
    "off": 19902,
    "sff": "lesion"
  },
  {
    "docID": "N168 Li 2016",
    "et": "LesionAdjacentTissue",
    "off": 16121,
    "sff": "lesion"
  },
  {
    "docID": "N168 Li 2016",
    "et": "LesionAdjacentTissue",
    "off": 15424,
    "sff": "adjacent"
  },
  {
    "docID": "N168 Li 2016",
    "et": "LesionAdjacentTissue",
    "off": 1320,
    "sff": "lesion"
  },
  {
    "docID": "N168 Li 2016",
    "et": "LesionAdjacentTissue",
    "off": 18856,
    "sff": "lesion"
  },
  {
    "docID": "N168 Li 2016",
    "et": "LesionAdjacentTissue",
    "off": 5730,
    "sff": "lesion"
  },
  {
    "docID": "N168 Li 2016",
    "et": "LesionAdjacentTissue",
    "off": 13986,
    "sff": "lesion"
  },
  {
    "docID": "N168 Li 2016",
    "et": "LesionAdjacentTissue",
    "off": 2276,
    "sff": "lesion"
  },
  {
    "docID": "N168 Li 2016",
    "et": "LesionAdjacentTissue",
    "off": 13895,
    "sff": "adjacent"
  },
  {
    "docID": "N168 Li 2016",
    "et": "LesionAdjacentTissue",
    "off": 9071,
    "sff": "lesion"
  },
  {
    "docID": "N168 Li 2016",
    "et": "LesionAdjacentTissue",
    "off": 5648,
    "sff": "adjacent"
  },
  {
    "docID": "N168 Li 2016",
    "et": "LesionAdjacentTissue",
    "off": 14357,
    "sff": "lesion"
  },
  {
    "docID": "N168 Li 2016",
    "et": "LesionAdjacentTissue",
    "off": 5905,
    "sff": "lesion"
  },
  {
    "docID": "N168 Li 2016",
    "et": "LesionAdjacentTissue",
    "off": 9169,
    "sff": "lesion"
  },
  {
    "docID": "N168 Li 2016",
    "et": "LesionAdjacentTissue",
    "off": 13137,
    "sff": "lesion"
  },
  {
    "docID": "N168 Li 2016",
    "et": "LesionAdjacentTissue",
    "off": 14420,
    "sff": "lesion"
  },
  {
    "docID": "N168 Li 2016",
    "et": "LesionAdjacentTissue",
    "off": 2323,
    "sff": "lesion"
  },
  {
    "docID": "N168 Li 2016",
    "et": "LesionAdjacentTissue",
    "off": 9629,
    "sff": "lesion"
  },
  {
    "docID": "N168 Li 2016",
    "et": "LesionAdjacentTissue",
    "off": 2201,
    "sff": "adjacent"
  },
  {
    "docID": "N168 Li 2016",
    "et": "LesionAdjacentTissue",
    "off": 16027,
    "sff": "lesion"
  },
  {
    "docID": "N168 Li 2016",
    "et": "SpinalGrayMatter",
    "off": 2217,
    "sff": "gray matter"
  },
  {
    "docID": "N168 Li 2016",
    "et": "SpinalGrayMatter",
    "off": 5657,
    "sff": "gray matter"
  },
  {
    "docID": "N168 Li 2016",
    "et": "SpinalGrayMatter",
    "off": 15433,
    "sff": "gray matter"
  },
  {
    "docID": "N168 Li 2016",
    "et": "SpinalGrayMatter",
    "off": 12982,
    "sff": "gray matter"
  },
  {
    "docID": "N168 Li 2016",
    "et": "SpinalGrayMatter",
    "off": 14561,
    "sff": "gray matter"
  },
  {
    "docID": "N168 Li 2016",
    "et": "SpinalGrayMatter",
    "off": 13904,
    "sff": "gray matter"
  },
  {
    "docID": "N168 Li 2016",
    "et": "SpinalGrayMatter",
    "off": 18672,
    "sff": "gray matter"
  },
  {
    "docID": "N168 Li 2016",
    "et": "SubstanceApplicationLocation",
    "off": 2557,
    "sff": "application"
  },
  {
    "docID": "N168 Li 2016",
    "et": "C1",
    "off": 12049,
    "sff": "C1"
  },
  {
    "docID": "N168 Li 2016",
    "et": "C1",
    "off": 5547,
    "sff": "C1"
  },
  {
    "docID": "N168 Li 2016",
    "et": "C1",
    "off": 1033,
    "sff": "C1"
  },
  {
    "docID": "N168 Li 2016",
    "et": "C1",
    "off": 2249,
    "sff": "C1"
  },
  {
    "docID": "N168 Li 2016",
    "et": "C1",
    "off": 10649,
    "sff": "C1"
  },
  {
    "docID": "N168 Li 2016",
    "et": "C1",
    "off": 18691,
    "sff": "C1"
  },
  {
    "docID": "N168 Li 2016",
    "et": "C2",
    "off": 5554,
    "sff": "C2"
  },
  {
    "docID": "N168 Li 2016",
    "et": "CorticospinalTract",
    "off": 10030,
    "sff": "corticospinal tract"
  },
  {
    "docID": "N168 Li 2016",
    "et": "CorticospinalTract",
    "off": 2163,
    "sff": "corticospinal tract"
  },
  {
    "docID": "N168 Li 2016",
    "et": "CorticospinalTract",
    "off": 26,
    "sff": "Corticospinal Tract"
  },
  {
    "docID": "N168 Li 2016",
    "et": "CorticospinalTract",
    "off": 1049,
    "sff": "corticospinal tract"
  },
  {
    "docID": "N168 Li 2016",
    "et": "InjectionDelivery",
    "off": 4543,
    "sff": "injection"
  },
  {
    "docID": "N168 Li 2016",
    "et": "InjectionDelivery",
    "off": 9236,
    "sff": "injection"
  },
  {
    "docID": "N168 Li 2016",
    "et": "InjectionDelivery",
    "off": 2381,
    "sff": "injection"
  },
  {
    "docID": "N168 Li 2016",
    "et": "SpinalLesionSite",
    "off": 1474,
    "sff": "lesion site"
  },
  {
    "docID": "N168 Li 2016",
    "et": "SpinalLesionSite",
    "off": 9071,
    "sff": "lesion"
  },
  {
    "docID": "N168 Li 2016",
    "et": "SpinalLesionSite",
    "off": 16121,
    "sff": "lesion"
  },
  {
    "docID": "N168 Li 2016",
    "et": "SpinalLesionSite",
    "off": 7351,
    "sff": "lesion site"
  },
  {
    "docID": "N168 Li 2016",
    "et": "SpinalLesionSite",
    "off": 2276,
    "sff": "lesion"
  },
  {
    "docID": "N168 Li 2016",
    "et": "SpinalLesionSite",
    "off": 13451,
    "sff": "lesion site"
  },
  {
    "docID": "N168 Li 2016",
    "et": "SpinalLesionSite",
    "off": 5730,
    "sff": "lesion"
  },
  {
    "docID": "N168 Li 2016",
    "et": "SpinalLesionSite",
    "off": 13986,
    "sff": "lesion"
  },
  {
    "docID": "N168 Li 2016",
    "et": "SpinalLesionSite",
    "off": 1320,
    "sff": "lesion"
  },
  {
    "docID": "N168 Li 2016",
    "et": "SpinalLesionSite",
    "off": 18856,
    "sff": "lesion"
  },
  {
    "docID": "N168 Li 2016",
    "et": "SpinalLesionSite",
    "off": 5905,
    "sff": "lesion"
  },
  {
    "docID": "N168 Li 2016",
    "et": "SpinalLesionSite",
    "off": 9169,
    "sff": "lesion"
  },
  {
    "docID": "N168 Li 2016",
    "et": "SpinalLesionSite",
    "off": 13137,
    "sff": "lesion"
  },
  {
    "docID": "N168 Li 2016",
    "et": "SpinalLesionSite",
    "off": 13390,
    "sff": "lesion"
  },
  {
    "docID": "N168 Li 2016",
    "et": "SpinalLesionSite",
    "off": 14357,
    "sff": "lesion"
  },
  {
    "docID": "N168 Li 2016",
    "et": "SpinalLesionSite",
    "off": 14420,
    "sff": "lesion"
  },
  {
    "docID": "N168 Li 2016",
    "et": "SpinalLesionSite",
    "off": 2323,
    "sff": "lesion"
  },
  {
    "docID": "N168 Li 2016",
    "et": "SpinalLesionSite",
    "off": 9629,
    "sff": "lesion"
  },
  {
    "docID": "N168 Li 2016",
    "et": "SpinalLesionSite",
    "off": 16027,
    "sff": "lesion"
  },
  {
    "docID": "N168 Li 2016",
    "et": "SpinalLesionSite",
    "off": 5694,
    "sff": "lesion"
  },
  {
    "docID": "N168 Li 2016",
    "et": "SpinalLesionSite",
    "off": 19902,
    "sff": "lesion"
  },
  {
    "docID": "N168 Li 2016",
    "et": "SpinalLesionSite",
    "off": 2373,
    "sff": "lesion"
  },
  {
    "docID": "N168 Li 2016",
    "et": "SpinalLesionSite",
    "off": 15685,
    "sff": "lesion"
  },
  {
    "docID": "N168 Li 2016",
    "et": "SpinalLesionSite",
    "off": 10050,
    "sff": "lesion"
  },
  {
    "docID": "N168 Li 2016",
    "et": "SpinalLesionSite",
    "off": 2120,
    "sff": "lesion"
  },
  {
    "docID": "N168 Li 2016",
    "et": "SpinalLesionSite",
    "off": 18248,
    "sff": "lesion"
  }
]
