[
  {
    "docID": "N172 L+¦pez-Vales 2004",
    "et": "AnatomicalLocation",
    "off": 13594,
    "sff": "anatomical"
  },
  {
    "docID": "N172 L+¦pez-Vales 2004",
    "et": "T7",
    "off": 28087,
    "sff": "T7"
  },
  {
    "docID": "N172 L+¦pez-Vales 2004",
    "et": "T7",
    "off": 14332,
    "sff": "T7"
  },
  {
    "docID": "N172 L+¦pez-Vales 2004",
    "et": "T8",
    "off": 8330,
    "sff": "T8"
  },
  {
    "docID": "N172 L+¦pez-Vales 2004",
    "et": "T8",
    "off": 23118,
    "sff": "T8"
  },
  {
    "docID": "N172 L+¦pez-Vales 2004",
    "et": "T8",
    "off": 13900,
    "sff": "T8"
  },
  {
    "docID": "N172 L+¦pez-Vales 2004",
    "et": "T8",
    "off": 24098,
    "sff": "T8"
  },
  {
    "docID": "N172 L+¦pez-Vales 2004",
    "et": "T8",
    "off": 27522,
    "sff": "T8"
  },
  {
    "docID": "N172 L+¦pez-Vales 2004",
    "et": "T8",
    "off": 14336,
    "sff": "T8"
  },
  {
    "docID": "N172 L+¦pez-Vales 2004",
    "et": "T9",
    "off": 14343,
    "sff": "T9"
  },
  {
    "docID": "N172 L+¦pez-Vales 2004",
    "et": "T9",
    "off": 28528,
    "sff": "T9"
  },
  {
    "docID": "N172 L+¦pez-Vales 2004",
    "et": "Thoracic",
    "off": 8246,
    "sff": "thoracic"
  },
  {
    "docID": "N172 L+¦pez-Vales 2004",
    "et": "AscendingFiberTract",
    "off": 30356,
    "sff": "ascending"
  },
  {
    "docID": "N172 L+¦pez-Vales 2004",
    "et": "AscendingFiberTract",
    "off": 12035,
    "sff": "ascending"
  },
  {
    "docID": "N172 L+¦pez-Vales 2004",
    "et": "AscendingFiberTract",
    "off": 8898,
    "sff": "fiber"
  },
  {
    "docID": "N172 L+¦pez-Vales 2004",
    "et": "AscendingFiberTract",
    "off": 8821,
    "sff": "fiber"
  },
  {
    "docID": "N172 L+¦pez-Vales 2004",
    "et": "AscendingFiberTract",
    "off": 9050,
    "sff": "fiber"
  },
  {
    "docID": "N172 L+¦pez-Vales 2004",
    "et": "Intraspinal",
    "off": 3482,
    "sff": "Intraspinal"
  },
  {
    "docID": "N172 L+¦pez-Vales 2004",
    "et": "Intraspinal",
    "off": 3120,
    "sff": "intraspinal"
  },
  {
    "docID": "N172 L+¦pez-Vales 2004",
    "et": "SpinalWhiteMatter",
    "off": 24362,
    "sff": "white matter"
  },
  {
    "docID": "N172 L+¦pez-Vales 2004",
    "et": "SpinalWhiteMatter",
    "off": 26746,
    "sff": "white matter"
  },
  {
    "docID": "N172 L+¦pez-Vales 2004",
    "et": "SpinalWhiteMatter",
    "off": 27002,
    "sff": "white matter"
  },
  {
    "docID": "N172 L+¦pez-Vales 2004",
    "et": "SpinalWhiteMatter",
    "off": 33262,
    "sff": "white matter"
  },
  {
    "docID": "N172 L+¦pez-Vales 2004",
    "et": "SpinalFiberTract",
    "off": 8821,
    "sff": "fiber"
  },
  {
    "docID": "N172 L+¦pez-Vales 2004",
    "et": "SpinalFiberTract",
    "off": 8898,
    "sff": "fiber"
  },
  {
    "docID": "N172 L+¦pez-Vales 2004",
    "et": "SpinalFiberTract",
    "off": 9050,
    "sff": "fiber"
  },
  {
    "docID": "N172 L+¦pez-Vales 2004",
    "et": "SpinalDorsalHalf",
    "off": 23642,
    "sff": "dorsal"
  },
  {
    "docID": "N172 L+¦pez-Vales 2004",
    "et": "SpinalDorsalHalf",
    "off": 9880,
    "sff": "dorsal"
  },
  {
    "docID": "N172 L+¦pez-Vales 2004",
    "et": "SpinalDorsalHalf",
    "off": 8753,
    "sff": "dorsal"
  },
  {
    "docID": "N172 L+¦pez-Vales 2004",
    "et": "SpinalDorsalHalf",
    "off": 23186,
    "sff": "dorsal"
  },
  {
    "docID": "N172 L+¦pez-Vales 2004",
    "et": "SpinalDorsalHalf",
    "off": 23429,
    "sff": "dorsal"
  },
  {
    "docID": "N172 L+¦pez-Vales 2004",
    "et": "SpinalDorsalHalf",
    "off": 31173,
    "sff": "dorsal"
  },
  {
    "docID": "N172 L+¦pez-Vales 2004",
    "et": "SpinalDorsalHalf",
    "off": 29764,
    "sff": "dorsal"
  },
  {
    "docID": "N172 L+¦pez-Vales 2004",
    "et": "SpinalDorsalHalf",
    "off": 8308,
    "sff": "dorsal"
  },
  {
    "docID": "N172 L+¦pez-Vales 2004",
    "et": "SpinalDorsalHalf",
    "off": 31491,
    "sff": "dorsal"
  },
  {
    "docID": "N172 L+¦pez-Vales 2004",
    "et": "SpinalVentralHalf",
    "off": 17441,
    "sff": "ventral"
  },
  {
    "docID": "N172 L+¦pez-Vales 2004",
    "et": "SpinalVentralHalf",
    "off": 24338,
    "sff": "ventral"
  },
  {
    "docID": "N172 L+¦pez-Vales 2004",
    "et": "SpinalVentralHalf",
    "off": 29583,
    "sff": "ventral"
  },
  {
    "docID": "N172 L+¦pez-Vales 2004",
    "et": "SpinalVentralHalf",
    "off": 31581,
    "sff": "ventral"
  },
  {
    "docID": "N172 L+¦pez-Vales 2004",
    "et": "SpinalVentralHalf",
    "off": 17543,
    "sff": "ventral"
  },
  {
    "docID": "N172 L+¦pez-Vales 2004",
    "et": "SpinalVentralHalf",
    "off": 24390,
    "sff": "ventral"
  },
  {
    "docID": "N172 L+¦pez-Vales 2004",
    "et": "SpinalCord",
    "off": 15761,
    "sff": "cord"
  },
  {
    "docID": "N172 L+¦pez-Vales 2004",
    "et": "SpinalCord",
    "off": 34712,
    "sff": "cord"
  },
  {
    "docID": "N172 L+¦pez-Vales 2004",
    "et": "SpinalCord",
    "off": 24473,
    "sff": "cord"
  },
  {
    "docID": "N172 L+¦pez-Vales 2004",
    "et": "SpinalCord",
    "off": 3469,
    "sff": "cord"
  },
  {
    "docID": "N172 L+¦pez-Vales 2004",
    "et": "SpinalCord",
    "off": 8858,
    "sff": "cord"
  },
  {
    "docID": "N172 L+¦pez-Vales 2004",
    "et": "SpinalCord",
    "off": 23697,
    "sff": "cord"
  },
  {
    "docID": "N172 L+¦pez-Vales 2004",
    "et": "SpinalCord",
    "off": 9365,
    "sff": "cord"
  },
  {
    "docID": "N172 L+¦pez-Vales 2004",
    "et": "SpinalCord",
    "off": 24996,
    "sff": "cord"
  },
  {
    "docID": "N172 L+¦pez-Vales 2004",
    "et": "SpinalCord",
    "off": 29864,
    "sff": "cord"
  },
  {
    "docID": "N172 L+¦pez-Vales 2004",
    "et": "SpinalCord",
    "off": 9117,
    "sff": "cord"
  },
  {
    "docID": "N172 L+¦pez-Vales 2004",
    "et": "SpinalCord",
    "off": 9643,
    "sff": "cord"
  },
  {
    "docID": "N172 L+¦pez-Vales 2004",
    "et": "SpinalCord",
    "off": 28060,
    "sff": "cord"
  },
  {
    "docID": "N172 L+¦pez-Vales 2004",
    "et": "SpinalCord",
    "off": 7907,
    "sff": "Cord"
  },
  {
    "docID": "N172 L+¦pez-Vales 2004",
    "et": "SpinalCord",
    "off": 26528,
    "sff": "cord"
  },
  {
    "docID": "N172 L+¦pez-Vales 2004",
    "et": "SpinalCord",
    "off": 33184,
    "sff": "cord"
  },
  {
    "docID": "N172 L+¦pez-Vales 2004",
    "et": "SpinalCord",
    "off": 35746,
    "sff": "cord"
  },
  {
    "docID": "N172 L+¦pez-Vales 2004",
    "et": "SpinalCord",
    "off": 4027,
    "sff": "cord"
  },
  {
    "docID": "N172 L+¦pez-Vales 2004",
    "et": "SpinalCord",
    "off": 36268,
    "sff": "cord"
  },
  {
    "docID": "N172 L+¦pez-Vales 2004",
    "et": "SpinalCord",
    "off": 23987,
    "sff": "cord"
  },
  {
    "docID": "N172 L+¦pez-Vales 2004",
    "et": "SpinalCord",
    "off": 9921,
    "sff": "cord"
  },
  {
    "docID": "N172 L+¦pez-Vales 2004",
    "et": "SpinalCord",
    "off": 14017,
    "sff": "cord"
  },
  {
    "docID": "N172 L+¦pez-Vales 2004",
    "et": "SpinalCord",
    "off": 29638,
    "sff": "cord"
  },
  {
    "docID": "N172 L+¦pez-Vales 2004",
    "et": "SpinalCord",
    "off": 4286,
    "sff": "cord"
  },
  {
    "docID": "N172 L+¦pez-Vales 2004",
    "et": "SpinalCord",
    "off": 35530,
    "sff": "cord"
  },
  {
    "docID": "N172 L+¦pez-Vales 2004",
    "et": "SpinalCord",
    "off": 32193,
    "sff": "cord"
  },
  {
    "docID": "N172 L+¦pez-Vales 2004",
    "et": "SpinalCord",
    "off": 1476,
    "sff": "cord"
  },
  {
    "docID": "N172 L+¦pez-Vales 2004",
    "et": "SpinalCord",
    "off": 9811,
    "sff": "cord"
  },
  {
    "docID": "N172 L+¦pez-Vales 2004",
    "et": "SpinalCord",
    "off": 20563,
    "sff": "cord"
  },
  {
    "docID": "N172 L+¦pez-Vales 2004",
    "et": "SpinalCord",
    "off": 26710,
    "sff": "cord"
  },
  {
    "docID": "N172 L+¦pez-Vales 2004",
    "et": "SpinalCord",
    "off": 4432,
    "sff": "cord"
  },
  {
    "docID": "N172 L+¦pez-Vales 2004",
    "et": "SpinalCord",
    "off": 16976,
    "sff": "cord"
  },
  {
    "docID": "N172 L+¦pez-Vales 2004",
    "et": "SpinalCord",
    "off": 23128,
    "sff": "cord"
  },
  {
    "docID": "N172 L+¦pez-Vales 2004",
    "et": "SpinalCord",
    "off": 8782,
    "sff": "cord"
  },
  {
    "docID": "N172 L+¦pez-Vales 2004",
    "et": "SpinalCord",
    "off": 24653,
    "sff": "cord"
  },
  {
    "docID": "N172 L+¦pez-Vales 2004",
    "et": "SpinalCord",
    "off": 30545,
    "sff": "cord"
  },
  {
    "docID": "N172 L+¦pez-Vales 2004",
    "et": "SpinalCord",
    "off": 25938,
    "sff": "cord"
  },
  {
    "docID": "N172 L+¦pez-Vales 2004",
    "et": "SpinalCord",
    "off": 16226,
    "sff": "cord"
  },
  {
    "docID": "N172 L+¦pez-Vales 2004",
    "et": "SpinalCord",
    "off": 31078,
    "sff": "cord"
  },
  {
    "docID": "N172 L+¦pez-Vales 2004",
    "et": "SpinalCord",
    "off": 27495,
    "sff": "cord"
  },
  {
    "docID": "N172 L+¦pez-Vales 2004",
    "et": "SpinalCord",
    "off": 8286,
    "sff": "cord"
  },
  {
    "docID": "N172 L+¦pez-Vales 2004",
    "et": "SpinalCord",
    "off": 36714,
    "sff": "cord"
  },
  {
    "docID": "N172 L+¦pez-Vales 2004",
    "et": "SpinalCord",
    "off": 28510,
    "sff": "cord"
  },
  {
    "docID": "N172 L+¦pez-Vales 2004",
    "et": "SpinalCord",
    "off": 2152,
    "sff": "cord"
  },
  {
    "docID": "N172 L+¦pez-Vales 2004",
    "et": "SpinalCord",
    "off": 21862,
    "sff": "cord"
  },
  {
    "docID": "N172 L+¦pez-Vales 2004",
    "et": "SpinalCord",
    "off": 8562,
    "sff": "cord"
  },
  {
    "docID": "N172 L+¦pez-Vales 2004",
    "et": "SpinalCord",
    "off": 17265,
    "sff": "cord"
  },
  {
    "docID": "N172 L+¦pez-Vales 2004",
    "et": "SpinalCord",
    "off": 368,
    "sff": "cord"
  },
  {
    "docID": "N172 L+¦pez-Vales 2004",
    "et": "SpinalCord",
    "off": 15984,
    "sff": "cord"
  },
  {
    "docID": "N172 L+¦pez-Vales 2004",
    "et": "SpinalCord",
    "off": 22894,
    "sff": "cord"
  },
  {
    "docID": "N172 L+¦pez-Vales 2004",
    "et": "SpinalCord",
    "off": 14455,
    "sff": "cord"
  },
  {
    "docID": "N172 L+¦pez-Vales 2004",
    "et": "SpinalCord",
    "off": 29810,
    "sff": "cord"
  },
  {
    "docID": "N172 L+¦pez-Vales 2004",
    "et": "SpinalCord",
    "off": 3971,
    "sff": "cord"
  },
  {
    "docID": "N172 L+¦pez-Vales 2004",
    "et": "SpinalCord",
    "off": 2433,
    "sff": "cord"
  },
  {
    "docID": "N172 L+¦pez-Vales 2004",
    "et": "SpinalCord",
    "off": 16765,
    "sff": "cord"
  },
  {
    "docID": "N172 L+¦pez-Vales 2004",
    "et": "SpinalCord",
    "off": 35979,
    "sff": "cord"
  },
  {
    "docID": "N172 L+¦pez-Vales 2004",
    "et": "SpinalCord",
    "off": 32276,
    "sff": "cord"
  },
  {
    "docID": "N172 L+¦pez-Vales 2004",
    "et": "SpinalCord",
    "off": 17680,
    "sff": "cord"
  },
  {
    "docID": "N172 L+¦pez-Vales 2004",
    "et": "SpinalCord",
    "off": 35098,
    "sff": "cord"
  },
  {
    "docID": "N172 L+¦pez-Vales 2004",
    "et": "SpinalCord",
    "off": 23822,
    "sff": "cord"
  },
  {
    "docID": "N172 L+¦pez-Vales 2004",
    "et": "SpinalCord",
    "off": 33038,
    "sff": "cord"
  },
  {
    "docID": "N172 L+¦pez-Vales 2004",
    "et": "SpinalCord",
    "off": 15907,
    "sff": "cord"
  },
  {
    "docID": "N172 L+¦pez-Vales 2004",
    "et": "SpinalCord",
    "off": 14111,
    "sff": "cord"
  },
  {
    "docID": "N172 L+¦pez-Vales 2004",
    "et": "SpinalCord",
    "off": 101,
    "sff": "Cord"
  },
  {
    "docID": "N172 L+¦pez-Vales 2004",
    "et": "SpinalCord",
    "off": 16414,
    "sff": "cord"
  },
  {
    "docID": "N172 L+¦pez-Vales 2004",
    "et": "SpinalCord",
    "off": 28202,
    "sff": "cord"
  },
  {
    "docID": "N172 L+¦pez-Vales 2004",
    "et": "SpinalCord",
    "off": 18585,
    "sff": "CORD"
  },
  {
    "docID": "N172 L+¦pez-Vales 2004",
    "et": "SpinalCord",
    "off": 36898,
    "sff": "cord"
  },
  {
    "docID": "N172 L+¦pez-Vales 2004",
    "et": "SpinalCord",
    "off": 1841,
    "sff": "cord"
  },
  {
    "docID": "N172 L+¦pez-Vales 2004",
    "et": "SpinalCord",
    "off": 23350,
    "sff": "cord"
  },
  {
    "docID": "N172 L+¦pez-Vales 2004",
    "et": "SpinalCord",
    "off": 33078,
    "sff": "cord"
  },
  {
    "docID": "N172 L+¦pez-Vales 2004",
    "et": "SpinalCord",
    "off": 8493,
    "sff": "cord"
  },
  {
    "docID": "N172 L+¦pez-Vales 2004",
    "et": "SpinalCord",
    "off": 23099,
    "sff": "cord"
  },
  {
    "docID": "N172 L+¦pez-Vales 2004",
    "et": "SpinalCord",
    "off": 24108,
    "sff": "cord"
  },
  {
    "docID": "N172 L+¦pez-Vales 2004",
    "et": "SpinalCord",
    "off": 13882,
    "sff": "cord"
  },
  {
    "docID": "N172 L+¦pez-Vales 2004",
    "et": "SpinalCord",
    "off": 26415,
    "sff": "cord"
  },
  {
    "docID": "N172 L+¦pez-Vales 2004",
    "et": "SpinalCord",
    "off": 16695,
    "sff": "cord"
  },
  {
    "docID": "N172 L+¦pez-Vales 2004",
    "et": "SpinalCord",
    "off": 16951,
    "sff": "cord"
  },
  {
    "docID": "N172 L+¦pez-Vales 2004",
    "et": "SpinalCord",
    "off": 28230,
    "sff": "cord"
  },
  {
    "docID": "N172 L+¦pez-Vales 2004",
    "et": "SpinalCord",
    "off": 1087,
    "sff": "cord"
  },
  {
    "docID": "N172 L+¦pez-Vales 2004",
    "et": "SpinalCord",
    "off": 30795,
    "sff": "cord"
  },
  {
    "docID": "N172 L+¦pez-Vales 2004",
    "et": "SpinalCord",
    "off": 9290,
    "sff": "cord"
  },
  {
    "docID": "N172 L+¦pez-Vales 2004",
    "et": "SpinalCord",
    "off": 31444,
    "sff": "cord"
  },
  {
    "docID": "N172 L+¦pez-Vales 2004",
    "et": "SpinalCord",
    "off": 36570,
    "sff": "cord"
  },
  {
    "docID": "N172 L+¦pez-Vales 2004",
    "et": "SpinalCord",
    "off": 16346,
    "sff": "cord"
  },
  {
    "docID": "N172 L+¦pez-Vales 2004",
    "et": "SpinalCord",
    "off": 36306,
    "sff": "cord"
  },
  {
    "docID": "N172 L+¦pez-Vales 2004",
    "et": "SpinalCord",
    "off": 27091,
    "sff": "cord"
  },
  {
    "docID": "N172 L+¦pez-Vales 2004",
    "et": "SpinalCord",
    "off": 20449,
    "sff": "cord"
  },
  {
    "docID": "N172 L+¦pez-Vales 2004",
    "et": "SpinalCord",
    "off": 734,
    "sff": "cord"
  },
  {
    "docID": "N172 L+¦pez-Vales 2004",
    "et": "SpinalCord",
    "off": 18523,
    "sff": "CORD"
  },
  {
    "docID": "N172 L+¦pez-Vales 2004",
    "et": "SpinalCord",
    "off": 24284,
    "sff": "cord"
  },
  {
    "docID": "N172 L+¦pez-Vales 2004",
    "et": "SpinalCord",
    "off": 3301,
    "sff": "cord"
  },
  {
    "docID": "N172 L+¦pez-Vales 2004",
    "et": "SpinalCord",
    "off": 20965,
    "sff": "cord"
  },
  {
    "docID": "N172 L+¦pez-Vales 2004",
    "et": "SpinalCord",
    "off": 12015,
    "sff": "cord"
  },
  {
    "docID": "N172 L+¦pez-Vales 2004",
    "et": "SpinalCord",
    "off": 19949,
    "sff": "cord"
  },
  {
    "docID": "N172 L+¦pez-Vales 2004",
    "et": "SpinalCord",
    "off": 33772,
    "sff": "cord"
  },
  {
    "docID": "N172 L+¦pez-Vales 2004",
    "et": "SpinalCord",
    "off": 15352,
    "sff": "cord"
  },
  {
    "docID": "N172 L+¦pez-Vales 2004",
    "et": "SpinalCord",
    "off": 29425,
    "sff": "cord"
  },
  {
    "docID": "N172 L+¦pez-Vales 2004",
    "et": "SpinalCord",
    "off": 3061,
    "sff": "cord"
  },
  {
    "docID": "N172 L+¦pez-Vales 2004",
    "et": "Vertebrae",
    "off": 14346,
    "sff": "vertebrae"
  },
  {
    "docID": "N172 L+¦pez-Vales 2004",
    "et": "Vertebrae",
    "off": 8255,
    "sff": "vertebrae"
  },
  {
    "docID": "N172 L+¦pez-Vales 2004",
    "et": "DorsalColumn",
    "off": 23429,
    "sff": "dorsal"
  },
  {
    "docID": "N172 L+¦pez-Vales 2004",
    "et": "DorsalColumn",
    "off": 31173,
    "sff": "dorsal"
  },
  {
    "docID": "N172 L+¦pez-Vales 2004",
    "et": "DorsalColumn",
    "off": 9880,
    "sff": "dorsal"
  },
  {
    "docID": "N172 L+¦pez-Vales 2004",
    "et": "DorsalColumn",
    "off": 23642,
    "sff": "dorsal"
  },
  {
    "docID": "N172 L+¦pez-Vales 2004",
    "et": "DorsalColumn",
    "off": 8753,
    "sff": "dorsal"
  },
  {
    "docID": "N172 L+¦pez-Vales 2004",
    "et": "DorsalColumn",
    "off": 23186,
    "sff": "dorsal"
  },
  {
    "docID": "N172 L+¦pez-Vales 2004",
    "et": "DorsalColumn",
    "off": 31491,
    "sff": "dorsal"
  },
  {
    "docID": "N172 L+¦pez-Vales 2004",
    "et": "DorsalColumn",
    "off": 8308,
    "sff": "dorsal"
  },
  {
    "docID": "N172 L+¦pez-Vales 2004",
    "et": "DorsalColumn",
    "off": 29764,
    "sff": "dorsal"
  },
  {
    "docID": "N172 L+¦pez-Vales 2004",
    "et": "LesionAdjacentTissue",
    "off": 23142,
    "sff": "lesion"
  },
  {
    "docID": "N172 L+¦pez-Vales 2004",
    "et": "LesionAdjacentTissue",
    "off": 20840,
    "sff": "lesion"
  },
  {
    "docID": "N172 L+¦pez-Vales 2004",
    "et": "LesionAdjacentTissue",
    "off": 21867,
    "sff": "lesion"
  },
  {
    "docID": "N172 L+¦pez-Vales 2004",
    "et": "LesionAdjacentTissue",
    "off": 31146,
    "sff": "lesion"
  },
  {
    "docID": "N172 L+¦pez-Vales 2004",
    "et": "LesionAdjacentTissue",
    "off": 9740,
    "sff": "lesion"
  },
  {
    "docID": "N172 L+¦pez-Vales 2004",
    "et": "LesionAdjacentTissue",
    "off": 23373,
    "sff": "lesion"
  },
  {
    "docID": "N172 L+¦pez-Vales 2004",
    "et": "LesionAdjacentTissue",
    "off": 13969,
    "sff": "lesion"
  },
  {
    "docID": "N172 L+¦pez-Vales 2004",
    "et": "LesionAdjacentTissue",
    "off": 21841,
    "sff": "lesion"
  },
  {
    "docID": "N172 L+¦pez-Vales 2004",
    "et": "LesionAdjacentTissue",
    "off": 33490,
    "sff": "lesion"
  },
  {
    "docID": "N172 L+¦pez-Vales 2004",
    "et": "LesionAdjacentTissue",
    "off": 20021,
    "sff": "lesion"
  },
  {
    "docID": "N172 L+¦pez-Vales 2004",
    "et": "LesionAdjacentTissue",
    "off": 17654,
    "sff": "lesion"
  },
  {
    "docID": "N172 L+¦pez-Vales 2004",
    "et": "LesionAdjacentTissue",
    "off": 31319,
    "sff": "lesion"
  },
  {
    "docID": "N172 L+¦pez-Vales 2004",
    "et": "LesionAdjacentTissue",
    "off": 14136,
    "sff": "lesion"
  },
  {
    "docID": "N172 L+¦pez-Vales 2004",
    "et": "LesionAdjacentTissue",
    "off": 2937,
    "sff": "lesion"
  },
  {
    "docID": "N172 L+¦pez-Vales 2004",
    "et": "LesionAdjacentTissue",
    "off": 20540,
    "sff": "lesion"
  },
  {
    "docID": "N172 L+¦pez-Vales 2004",
    "et": "LesionAdjacentTissue",
    "off": 29341,
    "sff": "lesion"
  },
  {
    "docID": "N172 L+¦pez-Vales 2004",
    "et": "LesionAdjacentTissue",
    "off": 24704,
    "sff": "lesion"
  },
  {
    "docID": "N172 L+¦pez-Vales 2004",
    "et": "LesionAdjacentTissue",
    "off": 14049,
    "sff": "lesion"
  },
  {
    "docID": "N172 L+¦pez-Vales 2004",
    "et": "LesionAdjacentTissue",
    "off": 8706,
    "sff": "lesion"
  },
  {
    "docID": "N172 L+¦pez-Vales 2004",
    "et": "LesionAdjacentTissue",
    "off": 18560,
    "sff": "LESION"
  },
  {
    "docID": "N172 L+¦pez-Vales 2004",
    "et": "LesionAdjacentTissue",
    "off": 26628,
    "sff": "lesion"
  },
  {
    "docID": "N172 L+¦pez-Vales 2004",
    "et": "CentralNervousSystem",
    "off": 23213,
    "sff": "central"
  },
  {
    "docID": "N172 L+¦pez-Vales 2004",
    "et": "SpinalGrayMatter",
    "off": 8608,
    "sff": "gray matter"
  },
  {
    "docID": "N172 L+¦pez-Vales 2004",
    "et": "SpinalGrayMatter",
    "off": 29591,
    "sff": "gray matter"
  },
  {
    "docID": "N172 L+¦pez-Vales 2004",
    "et": "SpinalGrayMatter",
    "off": 20200,
    "sff": "gray matter"
  },
  {
    "docID": "N172 L+¦pez-Vales 2004",
    "et": "CorticospinalTract",
    "off": 35338,
    "sff": "corticospinal"
  },
  {
    "docID": "N172 L+¦pez-Vales 2004",
    "et": "SpinalCentralPart",
    "off": 23213,
    "sff": "central"
  },
  {
    "docID": "N172 L+¦pez-Vales 2004",
    "et": "InjectionDelivery",
    "off": 3585,
    "sff": "injection"
  },
  {
    "docID": "N172 L+¦pez-Vales 2004",
    "et": "InjectionDelivery",
    "off": 3132,
    "sff": "injection"
  },
  {
    "docID": "N172 L+¦pez-Vales 2004",
    "et": "InjectionDelivery",
    "off": 29995,
    "sff": "injection"
  },
  {
    "docID": "N172 L+¦pez-Vales 2004",
    "et": "InjectionDelivery",
    "off": 9766,
    "sff": "injection"
  },
  {
    "docID": "N172 L+¦pez-Vales 2004",
    "et": "SpinalLesionSite",
    "off": 13969,
    "sff": "lesion"
  },
  {
    "docID": "N172 L+¦pez-Vales 2004",
    "et": "SpinalLesionSite",
    "off": 21841,
    "sff": "lesion"
  },
  {
    "docID": "N172 L+¦pez-Vales 2004",
    "et": "SpinalLesionSite",
    "off": 23373,
    "sff": "lesion"
  },
  {
    "docID": "N172 L+¦pez-Vales 2004",
    "et": "SpinalLesionSite",
    "off": 21867,
    "sff": "lesion"
  },
  {
    "docID": "N172 L+¦pez-Vales 2004",
    "et": "SpinalLesionSite",
    "off": 9740,
    "sff": "lesion"
  },
  {
    "docID": "N172 L+¦pez-Vales 2004",
    "et": "SpinalLesionSite",
    "off": 2937,
    "sff": "lesion site"
  },
  {
    "docID": "N172 L+¦pez-Vales 2004",
    "et": "SpinalLesionSite",
    "off": 18560,
    "sff": "LESION"
  },
  {
    "docID": "N172 L+¦pez-Vales 2004",
    "et": "SpinalLesionSite",
    "off": 31146,
    "sff": "lesion"
  },
  {
    "docID": "N172 L+¦pez-Vales 2004",
    "et": "SpinalLesionSite",
    "off": 20840,
    "sff": "lesion"
  },
  {
    "docID": "N172 L+¦pez-Vales 2004",
    "et": "SpinalLesionSite",
    "off": 23142,
    "sff": "lesion"
  },
  {
    "docID": "N172 L+¦pez-Vales 2004",
    "et": "SpinalLesionSite",
    "off": 26628,
    "sff": "lesion"
  },
  {
    "docID": "N172 L+¦pez-Vales 2004",
    "et": "SpinalLesionSite",
    "off": 29341,
    "sff": "lesion site"
  },
  {
    "docID": "N172 L+¦pez-Vales 2004",
    "et": "SpinalLesionSite",
    "off": 14049,
    "sff": "lesion"
  },
  {
    "docID": "N172 L+¦pez-Vales 2004",
    "et": "SpinalLesionSite",
    "off": 33490,
    "sff": "lesion site"
  },
  {
    "docID": "N172 L+¦pez-Vales 2004",
    "et": "SpinalLesionSite",
    "off": 8706,
    "sff": "lesion"
  },
  {
    "docID": "N172 L+¦pez-Vales 2004",
    "et": "SpinalLesionSite",
    "off": 24704,
    "sff": "lesion"
  },
  {
    "docID": "N172 L+¦pez-Vales 2004",
    "et": "SpinalLesionSite",
    "off": 20021,
    "sff": "lesion site"
  },
  {
    "docID": "N172 L+¦pez-Vales 2004",
    "et": "SpinalLesionSite",
    "off": 20540,
    "sff": "lesion"
  },
  {
    "docID": "N172 L+¦pez-Vales 2004",
    "et": "SpinalLesionSite",
    "off": 31319,
    "sff": "lesion"
  },
  {
    "docID": "N172 L+¦pez-Vales 2004",
    "et": "SpinalLesionSite",
    "off": 14136,
    "sff": "lesion"
  },
  {
    "docID": "N172 L+¦pez-Vales 2004",
    "et": "SpinalLesionSite",
    "off": 17654,
    "sff": "lesion"
  }
]
