[
  {
    "docID": "N173 L+¦pez-Vales 2006",
    "et": "AnatomicalLocation",
    "off": 12135,
    "sff": "anatomical"
  },
  {
    "docID": "N173 L+¦pez-Vales 2006",
    "et": "T6",
    "off": 14967,
    "sff": "T6"
  },
  {
    "docID": "N173 L+¦pez-Vales 2006",
    "et": "T8",
    "off": 8564,
    "sff": "T8"
  },
  {
    "docID": "N173 L+¦pez-Vales 2006",
    "et": "T8",
    "off": 9258,
    "sff": "T8"
  },
  {
    "docID": "N173 L+¦pez-Vales 2006",
    "et": "T8",
    "off": 9336,
    "sff": "T8"
  },
  {
    "docID": "N173 L+¦pez-Vales 2006",
    "et": "T8",
    "off": 19965,
    "sff": "T8"
  },
  {
    "docID": "N173 L+¦pez-Vales 2006",
    "et": "T9",
    "off": 9262,
    "sff": "T9"
  },
  {
    "docID": "N173 L+¦pez-Vales 2006",
    "et": "T10",
    "off": 14970,
    "sff": "T10"
  },
  {
    "docID": "N173 L+¦pez-Vales 2006",
    "et": "Lumbar",
    "off": 25499,
    "sff": "lumbar"
  },
  {
    "docID": "N173 L+¦pez-Vales 2006",
    "et": "Lumbar",
    "off": 12624,
    "sff": "lumbar"
  },
  {
    "docID": "N173 L+¦pez-Vales 2006",
    "et": "Lumbar",
    "off": 35395,
    "sff": "lumbar"
  },
  {
    "docID": "N173 L+¦pez-Vales 2006",
    "et": "Lumbar",
    "off": 26605,
    "sff": "lumbar"
  },
  {
    "docID": "N173 L+¦pez-Vales 2006",
    "et": "Thoracic",
    "off": 27602,
    "sff": "thoracic"
  },
  {
    "docID": "N173 L+¦pez-Vales 2006",
    "et": "Thoracic",
    "off": 3824,
    "sff": "thoracic"
  },
  {
    "docID": "N173 L+¦pez-Vales 2006",
    "et": "Thoracic",
    "off": 27085,
    "sff": "thoracic"
  },
  {
    "docID": "N173 L+¦pez-Vales 2006",
    "et": "AscendingFiberTract",
    "off": 8925,
    "sff": "fiber"
  },
  {
    "docID": "N173 L+¦pez-Vales 2006",
    "et": "AscendingFiberTract",
    "off": 9119,
    "sff": "fiber"
  },
  {
    "docID": "N173 L+¦pez-Vales 2006",
    "et": "AscendingFiberTract",
    "off": 18261,
    "sff": "Fiber"
  },
  {
    "docID": "N173 L+¦pez-Vales 2006",
    "et": "IntraperitonealLocation",
    "off": 10707,
    "sff": "intraperitoneal"
  },
  {
    "docID": "N173 L+¦pez-Vales 2006",
    "et": "SpinalFiberTract",
    "off": 8925,
    "sff": "fiber"
  },
  {
    "docID": "N173 L+¦pez-Vales 2006",
    "et": "SpinalFiberTract",
    "off": 18261,
    "sff": "Fiber"
  },
  {
    "docID": "N173 L+¦pez-Vales 2006",
    "et": "SpinalFiberTract",
    "off": 9119,
    "sff": "fiber"
  },
  {
    "docID": "N173 L+¦pez-Vales 2006",
    "et": "DeliveryMethod",
    "off": 3263,
    "sff": "delivery"
  },
  {
    "docID": "N173 L+¦pez-Vales 2006",
    "et": "SpinalDorsalHalf",
    "off": 4277,
    "sff": "dorsal"
  },
  {
    "docID": "N173 L+¦pez-Vales 2006",
    "et": "SpinalDorsalHalf",
    "off": 8809,
    "sff": "dorsal"
  },
  {
    "docID": "N173 L+¦pez-Vales 2006",
    "et": "SpinalDorsalHalf",
    "off": 28920,
    "sff": "dorsal"
  },
  {
    "docID": "N173 L+¦pez-Vales 2006",
    "et": "SpinalDorsalHalf",
    "off": 8542,
    "sff": "dorsal"
  },
  {
    "docID": "N173 L+¦pez-Vales 2006",
    "et": "SpinalDorsalHalf",
    "off": 32876,
    "sff": "dorsal"
  },
  {
    "docID": "N173 L+¦pez-Vales 2006",
    "et": "SpinalDorsalHalf",
    "off": 32512,
    "sff": "dorsal"
  },
  {
    "docID": "N173 L+¦pez-Vales 2006",
    "et": "SpinalVentralHalf",
    "off": 29483,
    "sff": "ventral"
  },
  {
    "docID": "N173 L+¦pez-Vales 2006",
    "et": "SpinalVentralHalf",
    "off": 32955,
    "sff": "ventral"
  },
  {
    "docID": "N173 L+¦pez-Vales 2006",
    "et": "SpinalVentralHalf",
    "off": 28982,
    "sff": "ventral"
  },
  {
    "docID": "N173 L+¦pez-Vales 2006",
    "et": "SpinalVentralHalf",
    "off": 28898,
    "sff": "ventral"
  },
  {
    "docID": "N173 L+¦pez-Vales 2006",
    "et": "SpinalCord",
    "off": 814,
    "sff": "cord"
  },
  {
    "docID": "N173 L+¦pez-Vales 2006",
    "et": "SpinalCord",
    "off": 6190,
    "sff": "cord"
  },
  {
    "docID": "N173 L+¦pez-Vales 2006",
    "et": "SpinalCord",
    "off": 21037,
    "sff": "cord"
  },
  {
    "docID": "N173 L+¦pez-Vales 2006",
    "et": "SpinalCord",
    "off": 17068,
    "sff": "cord"
  },
  {
    "docID": "N173 L+¦pez-Vales 2006",
    "et": "SpinalCord",
    "off": 35637,
    "sff": "cord"
  },
  {
    "docID": "N173 L+¦pez-Vales 2006",
    "et": "SpinalCord",
    "off": 17962,
    "sff": "cord"
  },
  {
    "docID": "N173 L+¦pez-Vales 2006",
    "et": "SpinalCord",
    "off": 13864,
    "sff": "cord"
  },
  {
    "docID": "N173 L+¦pez-Vales 2006",
    "et": "SpinalCord",
    "off": 31292,
    "sff": "cord"
  },
  {
    "docID": "N173 L+¦pez-Vales 2006",
    "et": "SpinalCord",
    "off": 931,
    "sff": "cord"
  },
  {
    "docID": "N173 L+¦pez-Vales 2006",
    "et": "SpinalCord",
    "off": 33471,
    "sff": "cord"
  },
  {
    "docID": "N173 L+¦pez-Vales 2006",
    "et": "SpinalCord",
    "off": 36415,
    "sff": "cord"
  },
  {
    "docID": "N173 L+¦pez-Vales 2006",
    "et": "SpinalCord",
    "off": 17185,
    "sff": "cord"
  },
  {
    "docID": "N173 L+¦pez-Vales 2006",
    "et": "SpinalCord",
    "off": 19264,
    "sff": "cord"
  },
  {
    "docID": "N173 L+¦pez-Vales 2006",
    "et": "SpinalCord",
    "off": 8765,
    "sff": "cord"
  },
  {
    "docID": "N173 L+¦pez-Vales 2006",
    "et": "SpinalCord",
    "off": 4924,
    "sff": "cord"
  },
  {
    "docID": "N173 L+¦pez-Vales 2006",
    "et": "SpinalCord",
    "off": 21945,
    "sff": "cord"
  },
  {
    "docID": "N173 L+¦pez-Vales 2006",
    "et": "SpinalCord",
    "off": 9272,
    "sff": "cord"
  },
  {
    "docID": "N173 L+¦pez-Vales 2006",
    "et": "SpinalCord",
    "off": 2487,
    "sff": "cord"
  },
  {
    "docID": "N173 L+¦pez-Vales 2006",
    "et": "SpinalCord",
    "off": 32302,
    "sff": "cord"
  },
  {
    "docID": "N173 L+¦pez-Vales 2006",
    "et": "SpinalCord",
    "off": 8626,
    "sff": "cord"
  },
  {
    "docID": "N173 L+¦pez-Vales 2006",
    "et": "SpinalCord",
    "off": 16818,
    "sff": "cord"
  },
  {
    "docID": "N173 L+¦pez-Vales 2006",
    "et": "SpinalCord",
    "off": 23217,
    "sff": "cord"
  },
  {
    "docID": "N173 L+¦pez-Vales 2006",
    "et": "SpinalCord",
    "off": 36144,
    "sff": "cord"
  },
  {
    "docID": "N173 L+¦pez-Vales 2006",
    "et": "SpinalCord",
    "off": 38867,
    "sff": "cord"
  },
  {
    "docID": "N173 L+¦pez-Vales 2006",
    "et": "SpinalCord",
    "off": 34900,
    "sff": "cord"
  },
  {
    "docID": "N173 L+¦pez-Vales 2006",
    "et": "SpinalCord",
    "off": 3142,
    "sff": "cord"
  },
  {
    "docID": "N173 L+¦pez-Vales 2006",
    "et": "SpinalCord",
    "off": 27611,
    "sff": "cord"
  },
  {
    "docID": "N173 L+¦pez-Vales 2006",
    "et": "SpinalCord",
    "off": 29531,
    "sff": "cord"
  },
  {
    "docID": "N173 L+¦pez-Vales 2006",
    "et": "SpinalCord",
    "off": 2757,
    "sff": "cord"
  },
  {
    "docID": "N173 L+¦pez-Vales 2006",
    "et": "SpinalCord",
    "off": 27101,
    "sff": "cord"
  },
  {
    "docID": "N173 L+¦pez-Vales 2006",
    "et": "SpinalCord",
    "off": 41181,
    "sff": "cord"
  },
  {
    "docID": "N173 L+¦pez-Vales 2006",
    "et": "SpinalCord",
    "off": 35039,
    "sff": "cord"
  },
  {
    "docID": "N173 L+¦pez-Vales 2006",
    "et": "SpinalCord",
    "off": 3393,
    "sff": "cord"
  },
  {
    "docID": "N173 L+¦pez-Vales 2006",
    "et": "SpinalCord",
    "off": 25158,
    "sff": "cord"
  },
  {
    "docID": "N173 L+¦pez-Vales 2006",
    "et": "SpinalCord",
    "off": 34247,
    "sff": "cord"
  },
  {
    "docID": "N173 L+¦pez-Vales 2006",
    "et": "SpinalCord",
    "off": 2009,
    "sff": "cord"
  },
  {
    "docID": "N173 L+¦pez-Vales 2006",
    "et": "SpinalCord",
    "off": 4310,
    "sff": "cord"
  },
  {
    "docID": "N173 L+¦pez-Vales 2006",
    "et": "SpinalCord",
    "off": 9302,
    "sff": "cord"
  },
  {
    "docID": "N173 L+¦pez-Vales 2006",
    "et": "SpinalCord",
    "off": 5586,
    "sff": "cord"
  },
  {
    "docID": "N173 L+¦pez-Vales 2006",
    "et": "SpinalCord",
    "off": 32976,
    "sff": "cord"
  },
  {
    "docID": "N173 L+¦pez-Vales 2006",
    "et": "SpinalCord",
    "off": 1263,
    "sff": "cord"
  },
  {
    "docID": "N173 L+¦pez-Vales 2006",
    "et": "SpinalCord",
    "off": 16494,
    "sff": "cord"
  },
  {
    "docID": "N173 L+¦pez-Vales 2006",
    "et": "SpinalCord",
    "off": 32371,
    "sff": "cord"
  },
  {
    "docID": "N173 L+¦pez-Vales 2006",
    "et": "SpinalCord",
    "off": 9833,
    "sff": "cord"
  },
  {
    "docID": "N173 L+¦pez-Vales 2006",
    "et": "SpinalCord",
    "off": 19945,
    "sff": "cord"
  },
  {
    "docID": "N173 L+¦pez-Vales 2006",
    "et": "SpinalCord",
    "off": 103,
    "sff": "cord"
  },
  {
    "docID": "N173 L+¦pez-Vales 2006",
    "et": "SpinalCord",
    "off": 15079,
    "sff": "cord"
  },
  {
    "docID": "N173 L+¦pez-Vales 2006",
    "et": "SpinalCord",
    "off": 14950,
    "sff": "cord"
  },
  {
    "docID": "N173 L+¦pez-Vales 2006",
    "et": "SpinalCord",
    "off": 1636,
    "sff": "cord"
  },
  {
    "docID": "N173 L+¦pez-Vales 2006",
    "et": "SpinalCord",
    "off": 20708,
    "sff": "cord"
  },
  {
    "docID": "N173 L+¦pez-Vales 2006",
    "et": "SpinalCord",
    "off": 36990,
    "sff": "cord"
  },
  {
    "docID": "N173 L+¦pez-Vales 2006",
    "et": "SpinalCord",
    "off": 22399,
    "sff": "cord"
  },
  {
    "docID": "N173 L+¦pez-Vales 2006",
    "et": "SpinalCord",
    "off": 30691,
    "sff": "cord"
  },
  {
    "docID": "N173 L+¦pez-Vales 2006",
    "et": "SpinalCord",
    "off": 14842,
    "sff": "cord"
  },
  {
    "docID": "N173 L+¦pez-Vales 2006",
    "et": "SpinalCord",
    "off": 24313,
    "sff": "cord"
  },
  {
    "docID": "N173 L+¦pez-Vales 2006",
    "et": "SpinalCord",
    "off": 31592,
    "sff": "cord"
  },
  {
    "docID": "N173 L+¦pez-Vales 2006",
    "et": "SpinalCord",
    "off": 18552,
    "sff": "cord"
  },
  {
    "docID": "N173 L+¦pez-Vales 2006",
    "et": "SpinalCord",
    "off": 41449,
    "sff": "cord"
  },
  {
    "docID": "N173 L+¦pez-Vales 2006",
    "et": "SpinalCord",
    "off": 18678,
    "sff": "cord"
  },
  {
    "docID": "N173 L+¦pez-Vales 2006",
    "et": "SpinalCord",
    "off": 10100,
    "sff": "cord"
  },
  {
    "docID": "N173 L+¦pez-Vales 2006",
    "et": "SpinalCord",
    "off": 1907,
    "sff": "cord"
  },
  {
    "docID": "N173 L+¦pez-Vales 2006",
    "et": "SpinalCord",
    "off": 17779,
    "sff": "cord"
  },
  {
    "docID": "N173 L+¦pez-Vales 2006",
    "et": "SpinalCord",
    "off": 3570,
    "sff": "cord"
  },
  {
    "docID": "N173 L+¦pez-Vales 2006",
    "et": "SpinalCord",
    "off": 3954,
    "sff": "cord"
  },
  {
    "docID": "N173 L+¦pez-Vales 2006",
    "et": "SpinalCord",
    "off": 2064,
    "sff": "cord"
  },
  {
    "docID": "N173 L+¦pez-Vales 2006",
    "et": "SpinalCord",
    "off": 35857,
    "sff": "cord"
  },
  {
    "docID": "N173 L+¦pez-Vales 2006",
    "et": "SpinalCord",
    "off": 22799,
    "sff": "cord"
  },
  {
    "docID": "N173 L+¦pez-Vales 2006",
    "et": "SpinalCord",
    "off": 20491,
    "sff": "cord"
  },
  {
    "docID": "N173 L+¦pez-Vales 2006",
    "et": "SpinalCord",
    "off": 33942,
    "sff": "cord"
  },
  {
    "docID": "N173 L+¦pez-Vales 2006",
    "et": "SpinalCord",
    "off": 36246,
    "sff": "cord"
  },
  {
    "docID": "N173 L+¦pez-Vales 2006",
    "et": "SpinalCord",
    "off": 3849,
    "sff": "cord"
  },
  {
    "docID": "N173 L+¦pez-Vales 2006",
    "et": "SpinalCord",
    "off": 19849,
    "sff": "cord"
  },
  {
    "docID": "N173 L+¦pez-Vales 2006",
    "et": "SpinalCord",
    "off": 22023,
    "sff": "cord"
  },
  {
    "docID": "N173 L+¦pez-Vales 2006",
    "et": "SpinalCord",
    "off": 33818,
    "sff": "cord"
  },
  {
    "docID": "N173 L+¦pez-Vales 2006",
    "et": "SpinalCord",
    "off": 8838,
    "sff": "cord"
  },
  {
    "docID": "N173 L+¦pez-Vales 2006",
    "et": "SpinalCord",
    "off": 39325,
    "sff": "cord"
  },
  {
    "docID": "N173 L+¦pez-Vales 2006",
    "et": "SpinalCord",
    "off": 898,
    "sff": "cord"
  },
  {
    "docID": "N173 L+¦pez-Vales 2006",
    "et": "SpinalCord",
    "off": 8962,
    "sff": "cord"
  },
  {
    "docID": "N173 L+¦pez-Vales 2006",
    "et": "SpinalCord",
    "off": 13570,
    "sff": "cord"
  },
  {
    "docID": "N173 L+¦pez-Vales 2006",
    "et": "SpinalCord",
    "off": 27424,
    "sff": "cord"
  },
  {
    "docID": "N173 L+¦pez-Vales 2006",
    "et": "SpinalCord",
    "off": 28802,
    "sff": "cord"
  },
  {
    "docID": "N173 L+¦pez-Vales 2006",
    "et": "SpinalCord",
    "off": 34306,
    "sff": "cord"
  },
  {
    "docID": "N173 L+¦pez-Vales 2006",
    "et": "SpinalCord",
    "off": 37634,
    "sff": "cord"
  },
  {
    "docID": "N173 L+¦pez-Vales 2006",
    "et": "SpinalCord",
    "off": 28163,
    "sff": "cord"
  },
  {
    "docID": "N173 L+¦pez-Vales 2006",
    "et": "SpinalCord",
    "off": 39683,
    "sff": "cord"
  },
  {
    "docID": "N173 L+¦pez-Vales 2006",
    "et": "SpinalCord",
    "off": 27526,
    "sff": "cord"
  },
  {
    "docID": "N173 L+¦pez-Vales 2006",
    "et": "SpinalCord",
    "off": 18201,
    "sff": "cord"
  },
  {
    "docID": "N173 L+¦pez-Vales 2006",
    "et": "SpinalCord",
    "off": 10008,
    "sff": "cord"
  },
  {
    "docID": "N173 L+¦pez-Vales 2006",
    "et": "SpinalCord",
    "off": 33545,
    "sff": "cord"
  },
  {
    "docID": "N173 L+¦pez-Vales 2006",
    "et": "SpinalCord",
    "off": 34702,
    "sff": "cord"
  },
  {
    "docID": "N173 L+¦pez-Vales 2006",
    "et": "SpinalCord",
    "off": 13330,
    "sff": "cord"
  },
  {
    "docID": "N173 L+¦pez-Vales 2006",
    "et": "SpinalCord",
    "off": 41743,
    "sff": "cord"
  },
  {
    "docID": "N173 L+¦pez-Vales 2006",
    "et": "SpinalCord",
    "off": 6417,
    "sff": "cord"
  },
  {
    "docID": "N173 L+¦pez-Vales 2006",
    "et": "DorsalColumn",
    "off": 4277,
    "sff": "dorsal"
  },
  {
    "docID": "N173 L+¦pez-Vales 2006",
    "et": "DorsalColumn",
    "off": 28920,
    "sff": "dorsal"
  },
  {
    "docID": "N173 L+¦pez-Vales 2006",
    "et": "DorsalColumn",
    "off": 8809,
    "sff": "dorsal"
  },
  {
    "docID": "N173 L+¦pez-Vales 2006",
    "et": "DorsalColumn",
    "off": 32876,
    "sff": "dorsal"
  },
  {
    "docID": "N173 L+¦pez-Vales 2006",
    "et": "DorsalColumn",
    "off": 8542,
    "sff": "dorsal"
  },
  {
    "docID": "N173 L+¦pez-Vales 2006",
    "et": "DorsalColumn",
    "off": 32512,
    "sff": "dorsal"
  },
  {
    "docID": "N173 L+¦pez-Vales 2006",
    "et": "LesionAdjacentTissue",
    "off": 20775,
    "sff": "lesion"
  },
  {
    "docID": "N173 L+¦pez-Vales 2006",
    "et": "LesionAdjacentTissue",
    "off": 18248,
    "sff": "lesion"
  },
  {
    "docID": "N173 L+¦pez-Vales 2006",
    "et": "LesionAdjacentTissue",
    "off": 28872,
    "sff": "lesion"
  },
  {
    "docID": "N173 L+¦pez-Vales 2006",
    "et": "LesionAdjacentTissue",
    "off": 30139,
    "sff": "lesion"
  },
  {
    "docID": "N173 L+¦pez-Vales 2006",
    "et": "LesionAdjacentTissue",
    "off": 35323,
    "sff": "lesion"
  },
  {
    "docID": "N173 L+¦pez-Vales 2006",
    "et": "LesionAdjacentTissue",
    "off": 27645,
    "sff": "lesion"
  },
  {
    "docID": "N173 L+¦pez-Vales 2006",
    "et": "LesionAdjacentTissue",
    "off": 17246,
    "sff": "lesion"
  },
  {
    "docID": "N173 L+¦pez-Vales 2006",
    "et": "LesionAdjacentTissue",
    "off": 22910,
    "sff": "lesion"
  },
  {
    "docID": "N173 L+¦pez-Vales 2006",
    "et": "LesionAdjacentTissue",
    "off": 18719,
    "sff": "lesion"
  },
  {
    "docID": "N173 L+¦pez-Vales 2006",
    "et": "LesionAdjacentTissue",
    "off": 18783,
    "sff": "lesion"
  },
  {
    "docID": "N173 L+¦pez-Vales 2006",
    "et": "LesionAdjacentTissue",
    "off": 21441,
    "sff": "lesion"
  },
  {
    "docID": "N173 L+¦pez-Vales 2006",
    "et": "LesionAdjacentTissue",
    "off": 21505,
    "sff": "lesion"
  },
  {
    "docID": "N173 L+¦pez-Vales 2006",
    "et": "LesionAdjacentTissue",
    "off": 20467,
    "sff": "lesion"
  },
  {
    "docID": "N173 L+¦pez-Vales 2006",
    "et": "LesionAdjacentTissue",
    "off": 9748,
    "sff": "lesion"
  },
  {
    "docID": "N173 L+¦pez-Vales 2006",
    "et": "LesionAdjacentTissue",
    "off": 10196,
    "sff": "lesion"
  },
  {
    "docID": "N173 L+¦pez-Vales 2006",
    "et": "LesionAdjacentTissue",
    "off": 18870,
    "sff": "lesion"
  },
  {
    "docID": "N173 L+¦pez-Vales 2006",
    "et": "LesionAdjacentTissue",
    "off": 14073,
    "sff": "lesion"
  },
  {
    "docID": "N173 L+¦pez-Vales 2006",
    "et": "LesionAdjacentTissue",
    "off": 26906,
    "sff": "lesion"
  },
  {
    "docID": "N173 L+¦pez-Vales 2006",
    "et": "LesionAdjacentTissue",
    "off": 22284,
    "sff": "lesion"
  },
  {
    "docID": "N173 L+¦pez-Vales 2006",
    "et": "LesionAdjacentTissue",
    "off": 27948,
    "sff": "lesion"
  },
  {
    "docID": "N173 L+¦pez-Vales 2006",
    "et": "LesionAdjacentTissue",
    "off": 30796,
    "sff": "lesion"
  },
  {
    "docID": "N173 L+¦pez-Vales 2006",
    "et": "LesionAdjacentTissue",
    "off": 31277,
    "sff": "lesion"
  },
  {
    "docID": "N173 L+¦pez-Vales 2006",
    "et": "LesionAdjacentTissue",
    "off": 1391,
    "sff": "lesion"
  },
  {
    "docID": "N173 L+¦pez-Vales 2006",
    "et": "LesionAdjacentTissue",
    "off": 34031,
    "sff": "lesion"
  },
  {
    "docID": "N173 L+¦pez-Vales 2006",
    "et": "CentralNervousSystem",
    "off": 7998,
    "sff": "central nervous"
  },
  {
    "docID": "N173 L+¦pez-Vales 2006",
    "et": "SpinalGrayMatter",
    "off": 22186,
    "sff": "gray matter"
  },
  {
    "docID": "N173 L+¦pez-Vales 2006",
    "et": "CorticospinalTract",
    "off": 13796,
    "sff": "corticospinal tract"
  },
  {
    "docID": "N173 L+¦pez-Vales 2006",
    "et": "CorticospinalTract",
    "off": 4440,
    "sff": "corticospinal"
  },
  {
    "docID": "N173 L+¦pez-Vales 2006",
    "et": "CorticospinalTract",
    "off": 36023,
    "sff": "corticospinal"
  },
  {
    "docID": "N173 L+¦pez-Vales 2006",
    "et": "CorticospinalTract",
    "off": 13885,
    "sff": "corticospinal tract"
  },
  {
    "docID": "N173 L+¦pez-Vales 2006",
    "et": "CorticospinalTract",
    "off": 14547,
    "sff": "corticospinal"
  },
  {
    "docID": "N173 L+¦pez-Vales 2006",
    "et": "SpinalCentralPart",
    "off": 7998,
    "sff": "central"
  },
  {
    "docID": "N173 L+¦pez-Vales 2006",
    "et": "InjectionDelivery",
    "off": 9788,
    "sff": "injection"
  },
  {
    "docID": "N173 L+¦pez-Vales 2006",
    "et": "InjectionDelivery",
    "off": 14524,
    "sff": "injection"
  },
  {
    "docID": "N173 L+¦pez-Vales 2006",
    "et": "InjectionDelivery",
    "off": 14264,
    "sff": "injection"
  },
  {
    "docID": "N173 L+¦pez-Vales 2006",
    "et": "SpinalLesionSite",
    "off": 1391,
    "sff": "lesion"
  },
  {
    "docID": "N173 L+¦pez-Vales 2006",
    "et": "SpinalLesionSite",
    "off": 22284,
    "sff": "lesion"
  },
  {
    "docID": "N173 L+¦pez-Vales 2006",
    "et": "SpinalLesionSite",
    "off": 27948,
    "sff": "lesion"
  },
  {
    "docID": "N173 L+¦pez-Vales 2006",
    "et": "SpinalLesionSite",
    "off": 30796,
    "sff": "lesion"
  },
  {
    "docID": "N173 L+¦pez-Vales 2006",
    "et": "SpinalLesionSite",
    "off": 31277,
    "sff": "lesion"
  },
  {
    "docID": "N173 L+¦pez-Vales 2006",
    "et": "SpinalLesionSite",
    "off": 21441,
    "sff": "lesion site"
  },
  {
    "docID": "N173 L+¦pez-Vales 2006",
    "et": "SpinalLesionSite",
    "off": 21505,
    "sff": "lesion site"
  },
  {
    "docID": "N173 L+¦pez-Vales 2006",
    "et": "SpinalLesionSite",
    "off": 18248,
    "sff": "lesion"
  },
  {
    "docID": "N173 L+¦pez-Vales 2006",
    "et": "SpinalLesionSite",
    "off": 9748,
    "sff": "lesion"
  },
  {
    "docID": "N173 L+¦pez-Vales 2006",
    "et": "SpinalLesionSite",
    "off": 10196,
    "sff": "lesion"
  },
  {
    "docID": "N173 L+¦pez-Vales 2006",
    "et": "SpinalLesionSite",
    "off": 28872,
    "sff": "lesion site"
  },
  {
    "docID": "N173 L+¦pez-Vales 2006",
    "et": "SpinalLesionSite",
    "off": 20467,
    "sff": "lesion"
  },
  {
    "docID": "N173 L+¦pez-Vales 2006",
    "et": "SpinalLesionSite",
    "off": 17246,
    "sff": "lesion"
  },
  {
    "docID": "N173 L+¦pez-Vales 2006",
    "et": "SpinalLesionSite",
    "off": 22910,
    "sff": "lesion"
  },
  {
    "docID": "N173 L+¦pez-Vales 2006",
    "et": "SpinalLesionSite",
    "off": 34031,
    "sff": "lesion site"
  },
  {
    "docID": "N173 L+¦pez-Vales 2006",
    "et": "SpinalLesionSite",
    "off": 18719,
    "sff": "lesion"
  },
  {
    "docID": "N173 L+¦pez-Vales 2006",
    "et": "SpinalLesionSite",
    "off": 18783,
    "sff": "lesion"
  },
  {
    "docID": "N173 L+¦pez-Vales 2006",
    "et": "SpinalLesionSite",
    "off": 27645,
    "sff": "lesion"
  },
  {
    "docID": "N173 L+¦pez-Vales 2006",
    "et": "SpinalLesionSite",
    "off": 26906,
    "sff": "lesion"
  },
  {
    "docID": "N173 L+¦pez-Vales 2006",
    "et": "SpinalLesionSite",
    "off": 18870,
    "sff": "lesion site"
  },
  {
    "docID": "N173 L+¦pez-Vales 2006",
    "et": "SpinalLesionSite",
    "off": 20775,
    "sff": "lesion"
  },
  {
    "docID": "N173 L+¦pez-Vales 2006",
    "et": "SpinalLesionSite",
    "off": 30139,
    "sff": "lesion site"
  },
  {
    "docID": "N173 L+¦pez-Vales 2006",
    "et": "SpinalLesionSite",
    "off": 35323,
    "sff": "lesion site"
  },
  {
    "docID": "N173 L+¦pez-Vales 2006",
    "et": "SpinalLesionSite",
    "off": 14073,
    "sff": "lesion site"
  }
]
