[
  {
    "docID": "N175 L+¦pez-Vales2006 2",
    "et": "T8",
    "off": 896,
    "sff": "T8"
  },
  {
    "docID": "N175 L+¦pez-Vales2006 2",
    "et": "T8",
    "off": 3919,
    "sff": "T8"
  },
  {
    "docID": "N175 L+¦pez-Vales2006 2",
    "et": "T8",
    "off": 7000,
    "sff": "T8"
  },
  {
    "docID": "N175 L+¦pez-Vales2006 2",
    "et": "T8",
    "off": 10520,
    "sff": "T8"
  },
  {
    "docID": "N175 L+¦pez-Vales2006 2",
    "et": "Brain",
    "off": 21779,
    "sff": "brain"
  },
  {
    "docID": "N175 L+¦pez-Vales2006 2",
    "et": "AscendingFiberTract",
    "off": 4282,
    "sff": "fiber"
  },
  {
    "docID": "N175 L+¦pez-Vales2006 2",
    "et": "IntraperitonealLocation",
    "off": 5336,
    "sff": "intraperitoneal"
  },
  {
    "docID": "N175 L+¦pez-Vales2006 2",
    "et": "IntraperitonealLocation",
    "off": 3811,
    "sff": "intraperitoneal"
  },
  {
    "docID": "N175 L+¦pez-Vales2006 2",
    "et": "IntraperitonealLocation",
    "off": 5441,
    "sff": "intraperitoneal"
  },
  {
    "docID": "N175 L+¦pez-Vales2006 2",
    "et": "SpinalFiberTract",
    "off": 4282,
    "sff": "fiber"
  },
  {
    "docID": "N175 L+¦pez-Vales2006 2",
    "et": "SpinalDorsalHalf",
    "off": 13147,
    "sff": "dorsal"
  },
  {
    "docID": "N175 L+¦pez-Vales2006 2",
    "et": "SpinalDorsalHalf",
    "off": 3897,
    "sff": "dorsal"
  },
  {
    "docID": "N175 L+¦pez-Vales2006 2",
    "et": "SpinalDorsalHalf",
    "off": 4169,
    "sff": "dorsal"
  },
  {
    "docID": "N175 L+¦pez-Vales2006 2",
    "et": "SpinalDorsalHalf",
    "off": 13172,
    "sff": "dorsal"
  },
  {
    "docID": "N175 L+¦pez-Vales2006 2",
    "et": "SpinalDorsalHalf",
    "off": 13778,
    "sff": "dorsal"
  },
  {
    "docID": "N175 L+¦pez-Vales2006 2",
    "et": "SpinalDorsalHalf",
    "off": 4881,
    "sff": "dorsal"
  },
  {
    "docID": "N175 L+¦pez-Vales2006 2",
    "et": "SpinalDorsalHalf",
    "off": 14197,
    "sff": "dorsal"
  },
  {
    "docID": "N175 L+¦pez-Vales2006 2",
    "et": "SpinalVentralHalf",
    "off": 14580,
    "sff": "ventral"
  },
  {
    "docID": "N175 L+¦pez-Vales2006 2",
    "et": "SpinalVentralHalf",
    "off": 9036,
    "sff": "ventral"
  },
  {
    "docID": "N175 L+¦pez-Vales2006 2",
    "et": "SpinalVentralHalf",
    "off": 10908,
    "sff": "ventral"
  },
  {
    "docID": "N175 L+¦pez-Vales2006 2",
    "et": "SpinalVentralHalf",
    "off": 9001,
    "sff": "ventral"
  },
  {
    "docID": "N175 L+¦pez-Vales2006 2",
    "et": "SpinalVentralHalf",
    "off": 13848,
    "sff": "ventral"
  },
  {
    "docID": "N175 L+¦pez-Vales2006 2",
    "et": "SpinalCord",
    "off": 14502,
    "sff": "cord"
  },
  {
    "docID": "N175 L+¦pez-Vales2006 2",
    "et": "SpinalCord",
    "off": 1705,
    "sff": "cord"
  },
  {
    "docID": "N175 L+¦pez-Vales2006 2",
    "et": "SpinalCord",
    "off": 4521,
    "sff": "cord"
  },
  {
    "docID": "N175 L+¦pez-Vales2006 2",
    "et": "SpinalCord",
    "off": 21675,
    "sff": "cord"
  },
  {
    "docID": "N175 L+¦pez-Vales2006 2",
    "et": "SpinalCord",
    "off": 6816,
    "sff": "cord"
  },
  {
    "docID": "N175 L+¦pez-Vales2006 2",
    "et": "SpinalCord",
    "off": 20897,
    "sff": "cord"
  },
  {
    "docID": "N175 L+¦pez-Vales2006 2",
    "et": "SpinalCord",
    "off": 3990,
    "sff": "cord"
  },
  {
    "docID": "N175 L+¦pez-Vales2006 2",
    "et": "SpinalCord",
    "off": 13722,
    "sff": "cord"
  },
  {
    "docID": "N175 L+¦pez-Vales2006 2",
    "et": "SpinalCord",
    "off": 1819,
    "sff": "cord"
  },
  {
    "docID": "N175 L+¦pez-Vales2006 2",
    "et": "SpinalCord",
    "off": 2204,
    "sff": "cord"
  },
  {
    "docID": "N175 L+¦pez-Vales2006 2",
    "et": "SpinalCord",
    "off": 13597,
    "sff": "cord"
  },
  {
    "docID": "N175 L+¦pez-Vales2006 2",
    "et": "SpinalCord",
    "off": 2575,
    "sff": "cord"
  },
  {
    "docID": "N175 L+¦pez-Vales2006 2",
    "et": "SpinalCord",
    "off": 13456,
    "sff": "cord"
  },
  {
    "docID": "N175 L+¦pez-Vales2006 2",
    "et": "SpinalCord",
    "off": 16147,
    "sff": "cord"
  },
  {
    "docID": "N175 L+¦pez-Vales2006 2",
    "et": "SpinalCord",
    "off": 10696,
    "sff": "cord"
  },
  {
    "docID": "N175 L+¦pez-Vales2006 2",
    "et": "SpinalCord",
    "off": 587,
    "sff": "cord"
  },
  {
    "docID": "N175 L+¦pez-Vales2006 2",
    "et": "SpinalCord",
    "off": 10443,
    "sff": "cord"
  },
  {
    "docID": "N175 L+¦pez-Vales2006 2",
    "et": "SpinalCord",
    "off": 17739,
    "sff": "cord"
  },
  {
    "docID": "N175 L+¦pez-Vales2006 2",
    "et": "SpinalCord",
    "off": 8012,
    "sff": "cord"
  },
  {
    "docID": "N175 L+¦pez-Vales2006 2",
    "et": "SpinalCord",
    "off": 13248,
    "sff": "cord"
  },
  {
    "docID": "N175 L+¦pez-Vales2006 2",
    "et": "SpinalCord",
    "off": 705,
    "sff": "cord"
  },
  {
    "docID": "N175 L+¦pez-Vales2006 2",
    "et": "SpinalCord",
    "off": 5057,
    "sff": "cord"
  },
  {
    "docID": "N175 L+¦pez-Vales2006 2",
    "et": "SpinalCord",
    "off": 8374,
    "sff": "cord"
  },
  {
    "docID": "N175 L+¦pez-Vales2006 2",
    "et": "SpinalCord",
    "off": 15542,
    "sff": "cord"
  },
  {
    "docID": "N175 L+¦pez-Vales2006 2",
    "et": "SpinalCord",
    "off": 6968,
    "sff": "cord"
  },
  {
    "docID": "N175 L+¦pez-Vales2006 2",
    "et": "SpinalCord",
    "off": 4922,
    "sff": "cord"
  },
  {
    "docID": "N175 L+¦pez-Vales2006 2",
    "et": "SpinalCord",
    "off": 19631,
    "sff": "cord"
  },
  {
    "docID": "N175 L+¦pez-Vales2006 2",
    "et": "SpinalCord",
    "off": 4191,
    "sff": "cord"
  },
  {
    "docID": "N175 L+¦pez-Vales2006 2",
    "et": "SpinalCord",
    "off": 2400,
    "sff": "cord"
  },
  {
    "docID": "N175 L+¦pez-Vales2006 2",
    "et": "SpinalCord",
    "off": 4320,
    "sff": "cord"
  },
  {
    "docID": "N175 L+¦pez-Vales2006 2",
    "et": "SpinalCord",
    "off": 13922,
    "sff": "cord"
  },
  {
    "docID": "N175 L+¦pez-Vales2006 2",
    "et": "SpinalCord",
    "off": 20438,
    "sff": "cord"
  },
  {
    "docID": "N175 L+¦pez-Vales2006 2",
    "et": "SpinalCord",
    "off": 17232,
    "sff": "cord"
  },
  {
    "docID": "N175 L+¦pez-Vales2006 2",
    "et": "SpinalCord",
    "off": 1873,
    "sff": "cord"
  },
  {
    "docID": "N175 L+¦pez-Vales2006 2",
    "et": "SpinalCord",
    "off": 11605,
    "sff": "cord"
  },
  {
    "docID": "N175 L+¦pez-Vales2006 2",
    "et": "SpinalCord",
    "off": 19846,
    "sff": "cord"
  },
  {
    "docID": "N175 L+¦pez-Vales2006 2",
    "et": "SpinalCord",
    "off": 10888,
    "sff": "cord"
  },
  {
    "docID": "N175 L+¦pez-Vales2006 2",
    "et": "SpinalCord",
    "off": 21000,
    "sff": "cord"
  },
  {
    "docID": "N175 L+¦pez-Vales2006 2",
    "et": "SpinalCord",
    "off": 14345,
    "sff": "cord"
  },
  {
    "docID": "N175 L+¦pez-Vales2006 2",
    "et": "SpinalCord",
    "off": 906,
    "sff": "cord"
  },
  {
    "docID": "N175 L+¦pez-Vales2006 2",
    "et": "SpinalCord",
    "off": 16906,
    "sff": "cord"
  },
  {
    "docID": "N175 L+¦pez-Vales2006 2",
    "et": "SpinalCord",
    "off": 8190,
    "sff": "cord"
  },
  {
    "docID": "N175 L+¦pez-Vales2006 2",
    "et": "SpinalCord",
    "off": 19455,
    "sff": "cord"
  },
  {
    "docID": "N175 L+¦pez-Vales2006 2",
    "et": "SpinalCord",
    "off": 768,
    "sff": "cord"
  },
  {
    "docID": "N175 L+¦pez-Vales2006 2",
    "et": "SpinalCord",
    "off": 5763,
    "sff": "cord"
  },
  {
    "docID": "N175 L+¦pez-Vales2006 2",
    "et": "SpinalCord",
    "off": 2934,
    "sff": "cord"
  },
  {
    "docID": "N175 L+¦pez-Vales2006 2",
    "et": "SpinalCord",
    "off": 3958,
    "sff": "cord"
  },
  {
    "docID": "N175 L+¦pez-Vales2006 2",
    "et": "SpinalCord",
    "off": 16374,
    "sff": "cord"
  },
  {
    "docID": "N175 L+¦pez-Vales2006 2",
    "et": "SpinalCord",
    "off": 18422,
    "sff": "cord"
  },
  {
    "docID": "N175 L+¦pez-Vales2006 2",
    "et": "SpinalCord",
    "off": 12280,
    "sff": "cord"
  },
  {
    "docID": "N175 L+¦pez-Vales2006 2",
    "et": "SpinalCord",
    "off": 494,
    "sff": "cord"
  },
  {
    "docID": "N175 L+¦pez-Vales2006 2",
    "et": "SpinalCord",
    "off": 15726,
    "sff": "cord"
  },
  {
    "docID": "N175 L+¦pez-Vales2006 2",
    "et": "SpinalCord",
    "off": 114,
    "sff": "Cord"
  },
  {
    "docID": "N175 L+¦pez-Vales2006 2",
    "et": "SpinalCord",
    "off": 1394,
    "sff": "cord"
  },
  {
    "docID": "N175 L+¦pez-Vales2006 2",
    "et": "DorsalColumn",
    "off": 3897,
    "sff": "dorsal"
  },
  {
    "docID": "N175 L+¦pez-Vales2006 2",
    "et": "DorsalColumn",
    "off": 4169,
    "sff": "dorsal"
  },
  {
    "docID": "N175 L+¦pez-Vales2006 2",
    "et": "DorsalColumn",
    "off": 13147,
    "sff": "dorsal"
  },
  {
    "docID": "N175 L+¦pez-Vales2006 2",
    "et": "DorsalColumn",
    "off": 13778,
    "sff": "dorsal"
  },
  {
    "docID": "N175 L+¦pez-Vales2006 2",
    "et": "DorsalColumn",
    "off": 4881,
    "sff": "dorsal"
  },
  {
    "docID": "N175 L+¦pez-Vales2006 2",
    "et": "DorsalColumn",
    "off": 13172,
    "sff": "dorsal"
  },
  {
    "docID": "N175 L+¦pez-Vales2006 2",
    "et": "DorsalColumn",
    "off": 14197,
    "sff": "dorsal"
  },
  {
    "docID": "N175 L+¦pez-Vales2006 2",
    "et": "LesionAdjacentTissue",
    "off": 8457,
    "sff": "lesion"
  },
  {
    "docID": "N175 L+¦pez-Vales2006 2",
    "et": "LesionAdjacentTissue",
    "off": 3963,
    "sff": "lesion"
  },
  {
    "docID": "N175 L+¦pez-Vales2006 2",
    "et": "LesionAdjacentTissue",
    "off": 5002,
    "sff": "lesion"
  },
  {
    "docID": "N175 L+¦pez-Vales2006 2",
    "et": "LesionAdjacentTissue",
    "off": 17594,
    "sff": "lesion"
  },
  {
    "docID": "N175 L+¦pez-Vales2006 2",
    "et": "LesionAdjacentTissue",
    "off": 16675,
    "sff": "lesion"
  },
  {
    "docID": "N175 L+¦pez-Vales2006 2",
    "et": "LesionAdjacentTissue",
    "off": 14133,
    "sff": "lesion"
  },
  {
    "docID": "N175 L+¦pez-Vales2006 2",
    "et": "CentralNervousSystem",
    "off": 13201,
    "sff": "central"
  },
  {
    "docID": "N175 L+¦pez-Vales2006 2",
    "et": "SpinalGrayMatter",
    "off": 14236,
    "sff": "gray matter"
  },
  {
    "docID": "N175 L+¦pez-Vales2006 2",
    "et": "SpinalGrayMatter",
    "off": 10893,
    "sff": "gray matter"
  },
  {
    "docID": "N175 L+¦pez-Vales2006 2",
    "et": "SpinalGrayMatter",
    "off": 13504,
    "sff": "gray matter"
  },
  {
    "docID": "N175 L+¦pez-Vales2006 2",
    "et": "SpinalGrayMatter",
    "off": 13179,
    "sff": "gray matter"
  },
  {
    "docID": "N175 L+¦pez-Vales2006 2",
    "et": "SpinalCentralPart",
    "off": 13201,
    "sff": "central"
  },
  {
    "docID": "N175 L+¦pez-Vales2006 2",
    "et": "InjectionDelivery",
    "off": 5025,
    "sff": "injection"
  },
  {
    "docID": "N175 L+¦pez-Vales2006 2",
    "et": "InjectionDelivery",
    "off": 16720,
    "sff": "injection"
  },
  {
    "docID": "N175 L+¦pez-Vales2006 2",
    "et": "InjectionDelivery",
    "off": 940,
    "sff": "injection"
  },
  {
    "docID": "N175 L+¦pez-Vales2006 2",
    "et": "SpinalLesionSite",
    "off": 16675,
    "sff": "lesion"
  },
  {
    "docID": "N175 L+¦pez-Vales2006 2",
    "et": "SpinalLesionSite",
    "off": 3963,
    "sff": "lesion"
  },
  {
    "docID": "N175 L+¦pez-Vales2006 2",
    "et": "SpinalLesionSite",
    "off": 17594,
    "sff": "lesion"
  },
  {
    "docID": "N175 L+¦pez-Vales2006 2",
    "et": "SpinalLesionSite",
    "off": 5002,
    "sff": "lesion"
  },
  {
    "docID": "N175 L+¦pez-Vales2006 2",
    "et": "SpinalLesionSite",
    "off": 8457,
    "sff": "lesion"
  },
  {
    "docID": "N175 L+¦pez-Vales2006 2",
    "et": "SpinalLesionSite",
    "off": 14133,
    "sff": "lesion"
  }
]
