[
  {
    "docID": "N176 Lu 2006",
    "et": "Brain",
    "off": 41279,
    "sff": "brain"
  },
  {
    "docID": "N176 Lu 2006",
    "et": "Brain",
    "off": 39458,
    "sff": "brain"
  },
  {
    "docID": "N176 Lu 2006",
    "et": "AscendingFiberTract",
    "off": 15749,
    "sff": "Ascending"
  },
  {
    "docID": "N176 Lu 2006",
    "et": "AscendingFiberTract",
    "off": 1060,
    "sff": "ascending"
  },
  {
    "docID": "N176 Lu 2006",
    "et": "IntraperitonealLocation",
    "off": 37257,
    "sff": "intraperitoneal"
  },
  {
    "docID": "N176 Lu 2006",
    "et": "SpinalWhiteMatter",
    "off": 27105,
    "sff": "white matter"
  },
  {
    "docID": "N176 Lu 2006",
    "et": "SpinalWhiteMatter",
    "off": 12635,
    "sff": "white matter"
  },
  {
    "docID": "N176 Lu 2006",
    "et": "SpinalWhiteMatter",
    "off": 19029,
    "sff": "white"
  },
  {
    "docID": "N176 Lu 2006",
    "et": "SpinalWhiteMatter",
    "off": 41670,
    "sff": "white matter"
  },
  {
    "docID": "N176 Lu 2006",
    "et": "SpinalWhiteMatter",
    "off": 41175,
    "sff": "white matter"
  },
  {
    "docID": "N176 Lu 2006",
    "et": "SpinalWhiteMatter",
    "off": 11462,
    "sff": "white"
  },
  {
    "docID": "N176 Lu 2006",
    "et": "SpinalWhiteMatter",
    "off": 11557,
    "sff": "white matter"
  },
  {
    "docID": "N176 Lu 2006",
    "et": "SpinalWhiteMatter",
    "off": 35494,
    "sff": "white"
  },
  {
    "docID": "N176 Lu 2006",
    "et": "SpinalWhiteMatter",
    "off": 35929,
    "sff": "white matter"
  },
  {
    "docID": "N176 Lu 2006",
    "et": "SpinalWhiteMatter",
    "off": 10819,
    "sff": "white matter"
  },
  {
    "docID": "N176 Lu 2006",
    "et": "SpinalWhiteMatter",
    "off": 13667,
    "sff": "white matter"
  },
  {
    "docID": "N176 Lu 2006",
    "et": "SpinalWhiteMatter",
    "off": 35227,
    "sff": "white matter"
  },
  {
    "docID": "N176 Lu 2006",
    "et": "SpinalWhiteMatter",
    "off": 19808,
    "sff": "white matter"
  },
  {
    "docID": "N176 Lu 2006",
    "et": "SpinalWhiteMatter",
    "off": 34577,
    "sff": "white matter"
  },
  {
    "docID": "N176 Lu 2006",
    "et": "SpinalWhiteMatter",
    "off": 25610,
    "sff": "white matter"
  },
  {
    "docID": "N176 Lu 2006",
    "et": "SpinalWhiteMatter",
    "off": 15017,
    "sff": "white matter"
  },
  {
    "docID": "N176 Lu 2006",
    "et": "SpinalWhiteMatter",
    "off": 15208,
    "sff": "white matter"
  },
  {
    "docID": "N176 Lu 2006",
    "et": "SpinalWhiteMatter",
    "off": 34614,
    "sff": "white matter"
  },
  {
    "docID": "N176 Lu 2006",
    "et": "SpinalWhiteMatter",
    "off": 41384,
    "sff": "white matter"
  },
  {
    "docID": "N176 Lu 2006",
    "et": "SpinalWhiteMatter",
    "off": 34761,
    "sff": "white matter"
  },
  {
    "docID": "N176 Lu 2006",
    "et": "SpinalWhiteMatter",
    "off": 35466,
    "sff": "white matter"
  },
  {
    "docID": "N176 Lu 2006",
    "et": "SpinalDorsalHalf",
    "off": 12162,
    "sff": "dorsal"
  },
  {
    "docID": "N176 Lu 2006",
    "et": "SpinalDorsalHalf",
    "off": 45123,
    "sff": "dorsal"
  },
  {
    "docID": "N176 Lu 2006",
    "et": "SpinalDorsalHalf",
    "off": 2758,
    "sff": "dorsal"
  },
  {
    "docID": "N176 Lu 2006",
    "et": "SpinalDorsalHalf",
    "off": 23559,
    "sff": "dorsal"
  },
  {
    "docID": "N176 Lu 2006",
    "et": "SpinalDorsalHalf",
    "off": 35213,
    "sff": "dorsal"
  },
  {
    "docID": "N176 Lu 2006",
    "et": "SpinalDorsalHalf",
    "off": 15759,
    "sff": "dorsal"
  },
  {
    "docID": "N176 Lu 2006",
    "et": "SpinalDorsalHalf",
    "off": 14352,
    "sff": "dorsal"
  },
  {
    "docID": "N176 Lu 2006",
    "et": "SpinalDorsalHalf",
    "off": 10001,
    "sff": "dorsal"
  },
  {
    "docID": "N176 Lu 2006",
    "et": "SpinalDorsalHalf",
    "off": 31056,
    "sff": "dorsal"
  },
  {
    "docID": "N176 Lu 2006",
    "et": "SpinalDorsalHalf",
    "off": 36624,
    "sff": "dorsal"
  },
  {
    "docID": "N176 Lu 2006",
    "et": "SpinalDorsalHalf",
    "off": 9781,
    "sff": "dorsal"
  },
  {
    "docID": "N176 Lu 2006",
    "et": "SpinalDorsalHalf",
    "off": 10485,
    "sff": "dorsal"
  },
  {
    "docID": "N176 Lu 2006",
    "et": "SpinalDorsalHalf",
    "off": 10805,
    "sff": "dorsal"
  },
  {
    "docID": "N176 Lu 2006",
    "et": "SpinalDorsalHalf",
    "off": 29300,
    "sff": "dorsal"
  },
  {
    "docID": "N176 Lu 2006",
    "et": "SpinalDorsalHalf",
    "off": 2104,
    "sff": "dorsal"
  },
  {
    "docID": "N176 Lu 2006",
    "et": "SpinalDorsalHalf",
    "off": 11642,
    "sff": "dorsal"
  },
  {
    "docID": "N176 Lu 2006",
    "et": "SpinalDorsalHalf",
    "off": 34747,
    "sff": "dorsal"
  },
  {
    "docID": "N176 Lu 2006",
    "et": "SpinalDorsalHalf",
    "off": 11709,
    "sff": "dorsal"
  },
  {
    "docID": "N176 Lu 2006",
    "et": "SpinalDorsalHalf",
    "off": 13858,
    "sff": "dorsal"
  },
  {
    "docID": "N176 Lu 2006",
    "et": "SpinalDorsalHalf",
    "off": 14244,
    "sff": "dorsal"
  },
  {
    "docID": "N176 Lu 2006",
    "et": "SpinalDorsalHalf",
    "off": 17446,
    "sff": "dorsal"
  },
  {
    "docID": "N176 Lu 2006",
    "et": "SpinalDorsalHalf",
    "off": 10344,
    "sff": "dorsal"
  },
  {
    "docID": "N176 Lu 2006",
    "et": "SpinalDorsalHalf",
    "off": 13160,
    "sff": "dorsal"
  },
  {
    "docID": "N176 Lu 2006",
    "et": "SpinalDorsalHalf",
    "off": 34987,
    "sff": "dorsal"
  },
  {
    "docID": "N176 Lu 2006",
    "et": "SpinalDorsalHalf",
    "off": 35694,
    "sff": "dorsal"
  },
  {
    "docID": "N176 Lu 2006",
    "et": "SpinalDorsalHalf",
    "off": 19794,
    "sff": "dorsal"
  },
  {
    "docID": "N176 Lu 2006",
    "et": "SpinalDorsalHalf",
    "off": 12628,
    "sff": "dorsal"
  },
  {
    "docID": "N176 Lu 2006",
    "et": "SpinalDorsalHalf",
    "off": 13653,
    "sff": "dorsal"
  },
  {
    "docID": "N176 Lu 2006",
    "et": "SpinalDorsalHalf",
    "off": 29332,
    "sff": "dorsal"
  },
  {
    "docID": "N176 Lu 2006",
    "et": "SpinalDorsalHalf",
    "off": 45142,
    "sff": "dorsal"
  },
  {
    "docID": "N176 Lu 2006",
    "et": "SpinalDorsalHalf",
    "off": 23259,
    "sff": "dorsal"
  },
  {
    "docID": "N176 Lu 2006",
    "et": "SpinalDorsalHalf",
    "off": 15003,
    "sff": "dorsal"
  },
  {
    "docID": "N176 Lu 2006",
    "et": "SpinalDorsalHalf",
    "off": 27098,
    "sff": "dorsal"
  },
  {
    "docID": "N176 Lu 2006",
    "et": "SpinalDorsalHalf",
    "off": 29274,
    "sff": "dorsal"
  },
  {
    "docID": "N176 Lu 2006",
    "et": "SpinalDorsalHalf",
    "off": 10078,
    "sff": "dorsal"
  },
  {
    "docID": "N176 Lu 2006",
    "et": "SpinalDorsalHalf",
    "off": 15201,
    "sff": "dorsal"
  },
  {
    "docID": "N176 Lu 2006",
    "et": "SpinalVentralHalf",
    "off": 11694,
    "sff": "ventral"
  },
  {
    "docID": "N176 Lu 2006",
    "et": "SpinalCord",
    "off": 44701,
    "sff": "cord"
  },
  {
    "docID": "N176 Lu 2006",
    "et": "SpinalCord",
    "off": 42773,
    "sff": "cord"
  },
  {
    "docID": "N176 Lu 2006",
    "et": "SpinalCord",
    "off": 33942,
    "sff": "cord"
  },
  {
    "docID": "N176 Lu 2006",
    "et": "SpinalCord",
    "off": 39060,
    "sff": "cord"
  },
  {
    "docID": "N176 Lu 2006",
    "et": "SpinalCord",
    "off": 41170,
    "sff": "cord"
  },
  {
    "docID": "N176 Lu 2006",
    "et": "SpinalCord",
    "off": 41296,
    "sff": "cord"
  },
  {
    "docID": "N176 Lu 2006",
    "et": "SpinalCord",
    "off": 35085,
    "sff": "cord"
  },
  {
    "docID": "N176 Lu 2006",
    "et": "SpinalCord",
    "off": 5259,
    "sff": "cord"
  },
  {
    "docID": "N176 Lu 2006",
    "et": "SpinalCord",
    "off": 11723,
    "sff": "cord"
  },
  {
    "docID": "N176 Lu 2006",
    "et": "SpinalCord",
    "off": 15246,
    "sff": "cord"
  },
  {
    "docID": "N176 Lu 2006",
    "et": "SpinalCord",
    "off": 43787,
    "sff": "cord"
  },
  {
    "docID": "N176 Lu 2006",
    "et": "SpinalCord",
    "off": 46155,
    "sff": "cord"
  },
  {
    "docID": "N176 Lu 2006",
    "et": "SpinalCord",
    "off": 112,
    "sff": "Cord"
  },
  {
    "docID": "N176 Lu 2006",
    "et": "SpinalCord",
    "off": 1929,
    "sff": "cord"
  },
  {
    "docID": "N176 Lu 2006",
    "et": "SpinalCord",
    "off": 38536,
    "sff": "cord"
  },
  {
    "docID": "N176 Lu 2006",
    "et": "SpinalCord",
    "off": 45768,
    "sff": "cord"
  },
  {
    "docID": "N176 Lu 2006",
    "et": "SpinalCord",
    "off": 19205,
    "sff": "cord"
  },
  {
    "docID": "N176 Lu 2006",
    "et": "SpinalCord",
    "off": 637,
    "sff": "cord"
  },
  {
    "docID": "N176 Lu 2006",
    "et": "SpinalCord",
    "off": 31293,
    "sff": "cord"
  },
  {
    "docID": "N176 Lu 2006",
    "et": "SpinalCord",
    "off": 3960,
    "sff": "cord"
  },
  {
    "docID": "N176 Lu 2006",
    "et": "SpinalCord",
    "off": 2746,
    "sff": "cord"
  },
  {
    "docID": "N176 Lu 2006",
    "et": "SpinalCord",
    "off": 4217,
    "sff": "cord"
  },
  {
    "docID": "N176 Lu 2006",
    "et": "SpinalCord",
    "off": 38776,
    "sff": "cord"
  },
  {
    "docID": "N176 Lu 2006",
    "et": "SpinalCord",
    "off": 28979,
    "sff": "cord"
  },
  {
    "docID": "N176 Lu 2006",
    "et": "SpinalCord",
    "off": 9776,
    "sff": "cord"
  },
  {
    "docID": "N176 Lu 2006",
    "et": "SpinalCord",
    "off": 10480,
    "sff": "cord"
  },
  {
    "docID": "N176 Lu 2006",
    "et": "SpinalCord",
    "off": 1647,
    "sff": "cord"
  },
  {
    "docID": "N176 Lu 2006",
    "et": "SpinalCord",
    "off": 10092,
    "sff": "cord"
  },
  {
    "docID": "N176 Lu 2006",
    "et": "SpinalCord",
    "off": 40429,
    "sff": "cord"
  },
  {
    "docID": "N176 Lu 2006",
    "et": "SpinalCord",
    "off": 13550,
    "sff": "cord"
  },
  {
    "docID": "N176 Lu 2006",
    "et": "SpinalCord",
    "off": 42220,
    "sff": "cord"
  },
  {
    "docID": "N176 Lu 2006",
    "et": "SpinalCord",
    "off": 18345,
    "sff": "cord"
  },
  {
    "docID": "N176 Lu 2006",
    "et": "SpinalCord",
    "off": 18467,
    "sff": "cord"
  },
  {
    "docID": "N176 Lu 2006",
    "et": "SpinalCord",
    "off": 5094,
    "sff": "cord"
  },
  {
    "docID": "N176 Lu 2006",
    "et": "SpinalCord",
    "off": 26150,
    "sff": "cord"
  },
  {
    "docID": "N176 Lu 2006",
    "et": "DorsalColumn",
    "off": 31056,
    "sff": "dorsal column"
  },
  {
    "docID": "N176 Lu 2006",
    "et": "DorsalColumn",
    "off": 36624,
    "sff": "dorsal column"
  },
  {
    "docID": "N176 Lu 2006",
    "et": "DorsalColumn",
    "off": 11709,
    "sff": "dorsal"
  },
  {
    "docID": "N176 Lu 2006",
    "et": "DorsalColumn",
    "off": 19794,
    "sff": "dorsal column"
  },
  {
    "docID": "N176 Lu 2006",
    "et": "DorsalColumn",
    "off": 11642,
    "sff": "dorsal"
  },
  {
    "docID": "N176 Lu 2006",
    "et": "DorsalColumn",
    "off": 13653,
    "sff": "dorsal column"
  },
  {
    "docID": "N176 Lu 2006",
    "et": "DorsalColumn",
    "off": 2758,
    "sff": "dorsal"
  },
  {
    "docID": "N176 Lu 2006",
    "et": "DorsalColumn",
    "off": 23559,
    "sff": "dorsal"
  },
  {
    "docID": "N176 Lu 2006",
    "et": "DorsalColumn",
    "off": 15003,
    "sff": "dorsal column"
  },
  {
    "docID": "N176 Lu 2006",
    "et": "DorsalColumn",
    "off": 23259,
    "sff": "dorsal column"
  },
  {
    "docID": "N176 Lu 2006",
    "et": "DorsalColumn",
    "off": 45123,
    "sff": "dorsal"
  },
  {
    "docID": "N176 Lu 2006",
    "et": "DorsalColumn",
    "off": 35694,
    "sff": "dorsal"
  },
  {
    "docID": "N176 Lu 2006",
    "et": "DorsalColumn",
    "off": 12162,
    "sff": "dorsal column"
  },
  {
    "docID": "N176 Lu 2006",
    "et": "DorsalColumn",
    "off": 34987,
    "sff": "dorsal"
  },
  {
    "docID": "N176 Lu 2006",
    "et": "DorsalColumn",
    "off": 10344,
    "sff": "dorsal"
  },
  {
    "docID": "N176 Lu 2006",
    "et": "DorsalColumn",
    "off": 35213,
    "sff": "dorsal column"
  },
  {
    "docID": "N176 Lu 2006",
    "et": "DorsalColumn",
    "off": 15759,
    "sff": "dorsal column"
  },
  {
    "docID": "N176 Lu 2006",
    "et": "DorsalColumn",
    "off": 10078,
    "sff": "dorsal"
  },
  {
    "docID": "N176 Lu 2006",
    "et": "DorsalColumn",
    "off": 9781,
    "sff": "dorsal column"
  },
  {
    "docID": "N176 Lu 2006",
    "et": "DorsalColumn",
    "off": 10485,
    "sff": "dorsal column"
  },
  {
    "docID": "N176 Lu 2006",
    "et": "DorsalColumn",
    "off": 10805,
    "sff": "dorsal column"
  },
  {
    "docID": "N176 Lu 2006",
    "et": "DorsalColumn",
    "off": 27098,
    "sff": "dorsal"
  },
  {
    "docID": "N176 Lu 2006",
    "et": "DorsalColumn",
    "off": 29274,
    "sff": "dorsal"
  },
  {
    "docID": "N176 Lu 2006",
    "et": "DorsalColumn",
    "off": 29300,
    "sff": "dorsal column"
  },
  {
    "docID": "N176 Lu 2006",
    "et": "DorsalColumn",
    "off": 2104,
    "sff": "dorsal column"
  },
  {
    "docID": "N176 Lu 2006",
    "et": "DorsalColumn",
    "off": 34747,
    "sff": "dorsal column"
  },
  {
    "docID": "N176 Lu 2006",
    "et": "DorsalColumn",
    "off": 15201,
    "sff": "dorsal"
  },
  {
    "docID": "N176 Lu 2006",
    "et": "DorsalColumn",
    "off": 13858,
    "sff": "dorsal column"
  },
  {
    "docID": "N176 Lu 2006",
    "et": "DorsalColumn",
    "off": 14244,
    "sff": "dorsal column"
  },
  {
    "docID": "N176 Lu 2006",
    "et": "DorsalColumn",
    "off": 17446,
    "sff": "dorsal column"
  },
  {
    "docID": "N176 Lu 2006",
    "et": "DorsalColumn",
    "off": 45142,
    "sff": "dorsal"
  },
  {
    "docID": "N176 Lu 2006",
    "et": "DorsalColumn",
    "off": 13160,
    "sff": "dorsal column"
  },
  {
    "docID": "N176 Lu 2006",
    "et": "DorsalColumn",
    "off": 12628,
    "sff": "dorsal"
  },
  {
    "docID": "N176 Lu 2006",
    "et": "DorsalColumn",
    "off": 29332,
    "sff": "dorsal"
  },
  {
    "docID": "N176 Lu 2006",
    "et": "DorsalColumn",
    "off": 14352,
    "sff": "dorsal"
  },
  {
    "docID": "N176 Lu 2006",
    "et": "DorsalColumn",
    "off": 10001,
    "sff": "dorsal"
  },
  {
    "docID": "N176 Lu 2006",
    "et": "LesionAdjacentTissue",
    "off": 38127,
    "sff": "lesion"
  },
  {
    "docID": "N176 Lu 2006",
    "et": "LesionAdjacentTissue",
    "off": 1515,
    "sff": "lesion"
  },
  {
    "docID": "N176 Lu 2006",
    "et": "LesionAdjacentTissue",
    "off": 30186,
    "sff": "lesion"
  },
  {
    "docID": "N176 Lu 2006",
    "et": "LesionAdjacentTissue",
    "off": 30711,
    "sff": "lesion"
  },
  {
    "docID": "N176 Lu 2006",
    "et": "LesionAdjacentTissue",
    "off": 39415,
    "sff": "lesion"
  },
  {
    "docID": "N176 Lu 2006",
    "et": "LesionAdjacentTissue",
    "off": 26869,
    "sff": "lesion"
  },
  {
    "docID": "N176 Lu 2006",
    "et": "LesionAdjacentTissue",
    "off": 34806,
    "sff": "lesion"
  },
  {
    "docID": "N176 Lu 2006",
    "et": "LesionAdjacentTissue",
    "off": 25073,
    "sff": "lesion"
  },
  {
    "docID": "N176 Lu 2006",
    "et": "LesionAdjacentTissue",
    "off": 34289,
    "sff": "lesion"
  },
  {
    "docID": "N176 Lu 2006",
    "et": "LesionAdjacentTissue",
    "off": 21746,
    "sff": "lesion"
  },
  {
    "docID": "N176 Lu 2006",
    "et": "LesionAdjacentTissue",
    "off": 42225,
    "sff": "lesion"
  },
  {
    "docID": "N176 Lu 2006",
    "et": "LesionAdjacentTissue",
    "off": 26077,
    "sff": "lesion"
  },
  {
    "docID": "N176 Lu 2006",
    "et": "LesionAdjacentTissue",
    "off": 30429,
    "sff": "lesion"
  },
  {
    "docID": "N176 Lu 2006",
    "et": "LesionAdjacentTissue",
    "off": 24798,
    "sff": "lesion"
  },
  {
    "docID": "N176 Lu 2006",
    "et": "LesionAdjacentTissue",
    "off": 15067,
    "sff": "lesion"
  },
  {
    "docID": "N176 Lu 2006",
    "et": "LesionAdjacentTissue",
    "off": 25819,
    "sff": "lesion"
  },
  {
    "docID": "N176 Lu 2006",
    "et": "LesionAdjacentTissue",
    "off": 11495,
    "sff": "lesion"
  },
  {
    "docID": "N176 Lu 2006",
    "et": "LesionAdjacentTissue",
    "off": 29927,
    "sff": "lesion"
  },
  {
    "docID": "N176 Lu 2006",
    "et": "LesionAdjacentTissue",
    "off": 35048,
    "sff": "lesion"
  },
  {
    "docID": "N176 Lu 2006",
    "et": "LesionAdjacentTissue",
    "off": 35814,
    "sff": "lesion"
  },
  {
    "docID": "N176 Lu 2006",
    "et": "LesionAdjacentTissue",
    "off": 32740,
    "sff": "lesion"
  },
  {
    "docID": "N176 Lu 2006",
    "et": "LesionAdjacentTissue",
    "off": 27149,
    "sff": "lesion"
  },
  {
    "docID": "N176 Lu 2006",
    "et": "LesionAdjacentTissue",
    "off": 29706,
    "sff": "lesion"
  },
  {
    "docID": "N176 Lu 2006",
    "et": "LesionAdjacentTissue",
    "off": 32024,
    "sff": "lesion"
  },
  {
    "docID": "N176 Lu 2006",
    "et": "LesionAdjacentTissue",
    "off": 21523,
    "sff": "lesion"
  },
  {
    "docID": "N176 Lu 2006",
    "et": "LesionAdjacentTissue",
    "off": 24083,
    "sff": "lesion"
  },
  {
    "docID": "N176 Lu 2006",
    "et": "LesionAdjacentTissue",
    "off": 31277,
    "sff": "adjacent"
  },
  {
    "docID": "N176 Lu 2006",
    "et": "LesionAdjacentTissue",
    "off": 36113,
    "sff": "lesion"
  },
  {
    "docID": "N176 Lu 2006",
    "et": "LesionAdjacentTissue",
    "off": 19474,
    "sff": "lesion"
  },
  {
    "docID": "N176 Lu 2006",
    "et": "LesionAdjacentTissue",
    "off": 37120,
    "sff": "lesion"
  },
  {
    "docID": "N176 Lu 2006",
    "et": "LesionAdjacentTissue",
    "off": 45823,
    "sff": "lesion"
  },
  {
    "docID": "N176 Lu 2006",
    "et": "LesionAdjacentTissue",
    "off": 18685,
    "sff": "lesion"
  },
  {
    "docID": "N176 Lu 2006",
    "et": "LesionAdjacentTissue",
    "off": 46332,
    "sff": "lesion"
  },
  {
    "docID": "N176 Lu 2006",
    "et": "LesionAdjacentTissue",
    "off": 11772,
    "sff": "lesion"
  },
  {
    "docID": "N176 Lu 2006",
    "et": "LesionAdjacentTissue",
    "off": 31484,
    "sff": "lesion"
  },
  {
    "docID": "N176 Lu 2006",
    "et": "LesionAdjacentTissue",
    "off": 33543,
    "sff": "lesion"
  },
  {
    "docID": "N176 Lu 2006",
    "et": "LesionAdjacentTissue",
    "off": 26629,
    "sff": "lesion"
  },
  {
    "docID": "N176 Lu 2006",
    "et": "LesionAdjacentTissue",
    "off": 35587,
    "sff": "lesion"
  },
  {
    "docID": "N176 Lu 2006",
    "et": "LesionAdjacentTissue",
    "off": 38657,
    "sff": "lesion"
  },
  {
    "docID": "N176 Lu 2006",
    "et": "LesionAdjacentTissue",
    "off": 41006,
    "sff": "lesion"
  },
  {
    "docID": "N176 Lu 2006",
    "et": "LesionAdjacentTissue",
    "off": 20024,
    "sff": "lesion"
  },
  {
    "docID": "N176 Lu 2006",
    "et": "LesionAdjacentTissue",
    "off": 33336,
    "sff": "lesion"
  },
  {
    "docID": "N176 Lu 2006",
    "et": "LesionAdjacentTissue",
    "off": 25142,
    "sff": "lesion"
  },
  {
    "docID": "N176 Lu 2006",
    "et": "LesionAdjacentTissue",
    "off": 36916,
    "sff": "lesion"
  },
  {
    "docID": "N176 Lu 2006",
    "et": "LesionAdjacentTissue",
    "off": 40497,
    "sff": "lesion"
  },
  {
    "docID": "N176 Lu 2006",
    "et": "LesionAdjacentTissue",
    "off": 29983,
    "sff": "lesion"
  },
  {
    "docID": "N176 Lu 2006",
    "et": "LesionAdjacentTissue",
    "off": 41759,
    "sff": "lesion"
  },
  {
    "docID": "N176 Lu 2006",
    "et": "LesionAdjacentTissue",
    "off": 39198,
    "sff": "lesion"
  },
  {
    "docID": "N176 Lu 2006",
    "et": "LesionAdjacentTissue",
    "off": 36638,
    "sff": "lesion"
  },
  {
    "docID": "N176 Lu 2006",
    "et": "LesionAdjacentTissue",
    "off": 1561,
    "sff": "lesion"
  },
  {
    "docID": "N176 Lu 2006",
    "et": "LesionAdjacentTissue",
    "off": 22297,
    "sff": "lesion"
  },
  {
    "docID": "N176 Lu 2006",
    "et": "LesionAdjacentTissue",
    "off": 11034,
    "sff": "lesion"
  },
  {
    "docID": "N176 Lu 2006",
    "et": "LesionAdjacentTissue",
    "off": 23322,
    "sff": "lesion"
  },
  {
    "docID": "N176 Lu 2006",
    "et": "LesionAdjacentTissue",
    "off": 18472,
    "sff": "lesion"
  },
  {
    "docID": "N176 Lu 2006",
    "et": "LesionAdjacentTissue",
    "off": 43815,
    "sff": "lesion"
  },
  {
    "docID": "N176 Lu 2006",
    "et": "LesionAdjacentTissue",
    "off": 21283,
    "sff": "lesion"
  },
  {
    "docID": "N176 Lu 2006",
    "et": "LesionAdjacentTissue",
    "off": 28195,
    "sff": "lesion"
  },
  {
    "docID": "N176 Lu 2006",
    "et": "LesionAdjacentTissue",
    "off": 44580,
    "sff": "lesion"
  },
  {
    "docID": "N176 Lu 2006",
    "et": "LesionAdjacentTissue",
    "off": 15137,
    "sff": "lesion"
  },
  {
    "docID": "N176 Lu 2006",
    "et": "LesionAdjacentTissue",
    "off": 44834,
    "sff": "lesion"
  },
  {
    "docID": "N176 Lu 2006",
    "et": "LesionAdjacentTissue",
    "off": 9805,
    "sff": "lesion"
  },
  {
    "docID": "N176 Lu 2006",
    "et": "LesionAdjacentTissue",
    "off": 26186,
    "sff": "lesion"
  },
  {
    "docID": "N176 Lu 2006",
    "et": "LesionAdjacentTissue",
    "off": 36439,
    "sff": "lesion"
  },
  {
    "docID": "N176 Lu 2006",
    "et": "LesionAdjacentTissue",
    "off": 24408,
    "sff": "lesion"
  },
  {
    "docID": "N176 Lu 2006",
    "et": "LesionAdjacentTissue",
    "off": 24917,
    "sff": "lesion"
  },
  {
    "docID": "N176 Lu 2006",
    "et": "LesionAdjacentTissue",
    "off": 35413,
    "sff": "lesion"
  },
  {
    "docID": "N176 Lu 2006",
    "et": "LesionAdjacentTissue",
    "off": 27222,
    "sff": "lesion"
  },
  {
    "docID": "N176 Lu 2006",
    "et": "LesionAdjacentTissue",
    "off": 24660,
    "sff": "lesion"
  },
  {
    "docID": "N176 Lu 2006",
    "et": "LesionAdjacentTissue",
    "off": 22866,
    "sff": "lesion"
  },
  {
    "docID": "N176 Lu 2006",
    "et": "LesionAdjacentTissue",
    "off": 4416,
    "sff": "lesion"
  },
  {
    "docID": "N176 Lu 2006",
    "et": "LesionAdjacentTissue",
    "off": 25920,
    "sff": "lesion"
  },
  {
    "docID": "N176 Lu 2006",
    "et": "LesionAdjacentTissue",
    "off": 31552,
    "sff": "lesion"
  },
  {
    "docID": "N176 Lu 2006",
    "et": "LesionAdjacentTissue",
    "off": 10555,
    "sff": "lesion"
  },
  {
    "docID": "N176 Lu 2006",
    "et": "LesionAdjacentTissue",
    "off": 11065,
    "sff": "lesion"
  },
  {
    "docID": "N176 Lu 2006",
    "et": "LesionAdjacentTissue",
    "off": 26681,
    "sff": "lesion"
  },
  {
    "docID": "N176 Lu 2006",
    "et": "LesionAdjacentTissue",
    "off": 25658,
    "sff": "lesion"
  },
  {
    "docID": "N176 Lu 2006",
    "et": "LesionAdjacentTissue",
    "off": 21832,
    "sff": "lesion"
  },
  {
    "docID": "N176 Lu 2006",
    "et": "LesionAdjacentTissue",
    "off": 27717,
    "sff": "lesion"
  },
  {
    "docID": "N176 Lu 2006",
    "et": "LesionAdjacentTissue",
    "off": 582,
    "sff": "lesion"
  },
  {
    "docID": "N176 Lu 2006",
    "et": "LesionAdjacentTissue",
    "off": 2118,
    "sff": "lesion"
  },
  {
    "docID": "N176 Lu 2006",
    "et": "LesionAdjacentTissue",
    "off": 12097,
    "sff": "lesion"
  },
  {
    "docID": "N176 Lu 2006",
    "et": "LesionAdjacentTissue",
    "off": 28737,
    "sff": "lesion"
  },
  {
    "docID": "N176 Lu 2006",
    "et": "LesionAdjacentTissue",
    "off": 25455,
    "sff": "lesion"
  },
  {
    "docID": "N176 Lu 2006",
    "et": "LesionAdjacentTissue",
    "off": 37229,
    "sff": "lesion"
  },
  {
    "docID": "N176 Lu 2006",
    "et": "LesionAdjacentTissue",
    "off": 31342,
    "sff": "lesion"
  },
  {
    "docID": "N176 Lu 2006",
    "et": "LesionAdjacentTissue",
    "off": 33134,
    "sff": "lesion"
  },
  {
    "docID": "N176 Lu 2006",
    "et": "LesionAdjacentTissue",
    "off": 25707,
    "sff": "lesion"
  },
  {
    "docID": "N176 Lu 2006",
    "et": "LesionAdjacentTissue",
    "off": 32107,
    "sff": "lesion"
  },
  {
    "docID": "N176 Lu 2006",
    "et": "LesionAdjacentTissue",
    "off": 31850,
    "sff": "lesion"
  },
  {
    "docID": "N176 Lu 2006",
    "et": "LesionAdjacentTissue",
    "off": 26487,
    "sff": "lesion"
  },
  {
    "docID": "N176 Lu 2006",
    "et": "LesionAdjacentTissue",
    "off": 34680,
    "sff": "lesion"
  },
  {
    "docID": "N176 Lu 2006",
    "et": "LesionAdjacentTissue",
    "off": 28278,
    "sff": "lesion"
  },
  {
    "docID": "N176 Lu 2006",
    "et": "LesionAdjacentTissue",
    "off": 30068,
    "sff": "lesion"
  },
  {
    "docID": "N176 Lu 2006",
    "et": "LesionAdjacentTissue",
    "off": 34932,
    "sff": "lesion"
  },
  {
    "docID": "N176 Lu 2006",
    "et": "LesionAdjacentTissue",
    "off": 22365,
    "sff": "lesion"
  },
  {
    "docID": "N176 Lu 2006",
    "et": "LesionAdjacentTissue",
    "off": 32862,
    "sff": "lesion"
  },
  {
    "docID": "N176 Lu 2006",
    "et": "LesionAdjacentTissue",
    "off": 24155,
    "sff": "lesion"
  },
  {
    "docID": "N176 Lu 2006",
    "et": "LesionAdjacentTissue",
    "off": 34395,
    "sff": "lesion"
  },
  {
    "docID": "N176 Lu 2006",
    "et": "LesionAdjacentTissue",
    "off": 26518,
    "sff": "adjacent"
  },
  {
    "docID": "N176 Lu 2006",
    "et": "LesionAdjacentTissue",
    "off": 36186,
    "sff": "lesion"
  },
  {
    "docID": "N176 Lu 2006",
    "et": "LesionAdjacentTissue",
    "off": 14440,
    "sff": "lesion"
  },
  {
    "docID": "N176 Lu 2006",
    "et": "LesionAdjacentTissue",
    "off": 30568,
    "sff": "lesion"
  },
  {
    "docID": "N176 Lu 2006",
    "et": "LesionAdjacentTissue",
    "off": 29539,
    "sff": "lesion"
  },
  {
    "docID": "N176 Lu 2006",
    "et": "LesionAdjacentTissue",
    "off": 12900,
    "sff": "lesion"
  },
  {
    "docID": "N176 Lu 2006",
    "et": "LesionAdjacentTissue",
    "off": 30308,
    "sff": "lesion"
  },
  {
    "docID": "N176 Lu 2006",
    "et": "LesionAdjacentTissue",
    "off": 26209,
    "sff": "lesion"
  },
  {
    "docID": "N176 Lu 2006",
    "et": "LesionAdjacentTissue",
    "off": 26721,
    "sff": "lesion"
  },
  {
    "docID": "N176 Lu 2006",
    "et": "LesionAdjacentTissue",
    "off": 23138,
    "sff": "lesion"
  },
  {
    "docID": "N176 Lu 2006",
    "et": "LesionAdjacentTissue",
    "off": 32610,
    "sff": "lesion"
  },
  {
    "docID": "N176 Lu 2006",
    "et": "LesionAdjacentTissue",
    "off": 33634,
    "sff": "lesion"
  },
  {
    "docID": "N176 Lu 2006",
    "et": "LesionAdjacentTissue",
    "off": 11151,
    "sff": "lesion"
  },
  {
    "docID": "N176 Lu 2006",
    "et": "LesionAdjacentTissue",
    "off": 912,
    "sff": "lesion"
  },
  {
    "docID": "N176 Lu 2006",
    "et": "LesionAdjacentTissue",
    "off": 5264,
    "sff": "lesion"
  },
  {
    "docID": "N176 Lu 2006",
    "et": "LesionAdjacentTissue",
    "off": 36752,
    "sff": "lesion"
  },
  {
    "docID": "N176 Lu 2006",
    "et": "LesionAdjacentTissue",
    "off": 42893,
    "sff": "lesion"
  },
  {
    "docID": "N176 Lu 2006",
    "et": "LesionAdjacentTissue",
    "off": 24459,
    "sff": "lesion"
  },
  {
    "docID": "N176 Lu 2006",
    "et": "LesionAdjacentTissue",
    "off": 37011,
    "sff": "lesion"
  },
  {
    "docID": "N176 Lu 2006",
    "et": "LesionAdjacentTissue",
    "off": 25727,
    "sff": "lesion"
  },
  {
    "docID": "N176 Lu 2006",
    "et": "LesionAdjacentTissue",
    "off": 4734,
    "sff": "lesion"
  },
  {
    "docID": "N176 Lu 2006",
    "et": "LesionAdjacentTissue",
    "off": 38781,
    "sff": "lesion"
  },
  {
    "docID": "N176 Lu 2006",
    "et": "LesionAdjacentTissue",
    "off": 21882,
    "sff": "lesion"
  },
  {
    "docID": "N176 Lu 2006",
    "et": "LesionAdjacentTissue",
    "off": 26759,
    "sff": "lesion"
  },
  {
    "docID": "N176 Lu 2006",
    "et": "LesionAdjacentTissue",
    "off": 29832,
    "sff": "lesion"
  },
  {
    "docID": "N176 Lu 2006",
    "et": "LesionAdjacentTissue",
    "off": 23427,
    "sff": "lesion"
  },
  {
    "docID": "N176 Lu 2006",
    "et": "LesionAdjacentTissue",
    "off": 23683,
    "sff": "lesion"
  },
  {
    "docID": "N176 Lu 2006",
    "et": "LesionAdjacentTissue",
    "off": 13444,
    "sff": "lesion"
  },
  {
    "docID": "N176 Lu 2006",
    "et": "LesionAdjacentTissue",
    "off": 38276,
    "sff": "lesion"
  },
  {
    "docID": "N176 Lu 2006",
    "et": "LesionAdjacentTissue",
    "off": 944,
    "sff": "lesion"
  },
  {
    "docID": "N176 Lu 2006",
    "et": "LesionAdjacentTissue",
    "off": 23984,
    "sff": "lesion"
  },
  {
    "docID": "N176 Lu 2006",
    "et": "LesionAdjacentTissue",
    "off": 18350,
    "sff": "lesion"
  },
  {
    "docID": "N176 Lu 2006",
    "et": "LesionAdjacentTissue",
    "off": 25006,
    "sff": "lesion"
  },
  {
    "docID": "N176 Lu 2006",
    "et": "LesionAdjacentTissue",
    "off": 36014,
    "sff": "lesion"
  },
  {
    "docID": "N176 Lu 2006",
    "et": "LesionAdjacentTissue",
    "off": 31659,
    "sff": "lesion"
  },
  {
    "docID": "N176 Lu 2006",
    "et": "LesionAdjacentTissue",
    "off": 32437,
    "sff": "lesion"
  },
  {
    "docID": "N176 Lu 2006",
    "et": "LesionAdjacentTissue",
    "off": 27059,
    "sff": "lesion"
  },
  {
    "docID": "N176 Lu 2006",
    "et": "LesionAdjacentTissue",
    "off": 26015,
    "sff": "lesion"
  },
  {
    "docID": "N176 Lu 2006",
    "et": "LesionAdjacentTissue",
    "off": 32672,
    "sff": "lesion"
  },
  {
    "docID": "N176 Lu 2006",
    "et": "LesionAdjacentTissue",
    "off": 16286,
    "sff": "lesion"
  },
  {
    "docID": "N176 Lu 2006",
    "et": "LesionAdjacentTissue",
    "off": 30878,
    "sff": "lesion"
  },
  {
    "docID": "N176 Lu 2006",
    "et": "LesionAdjacentTissue",
    "off": 43677,
    "sff": "lesion"
  },
  {
    "docID": "N176 Lu 2006",
    "et": "LesionAdjacentTissue",
    "off": 18518,
    "sff": "adjacent"
  },
  {
    "docID": "N176 Lu 2006",
    "et": "LesionAdjacentTissue",
    "off": 39065,
    "sff": "lesion"
  },
  {
    "docID": "N176 Lu 2006",
    "et": "LesionAdjacentTissue",
    "off": 41881,
    "sff": "lesion"
  },
  {
    "docID": "N176 Lu 2006",
    "et": "LesionAdjacentTissue",
    "off": 10405,
    "sff": "lesion"
  },
  {
    "docID": "N176 Lu 2006",
    "et": "LesionAdjacentTissue",
    "off": 12965,
    "sff": "lesion"
  },
  {
    "docID": "N176 Lu 2006",
    "et": "LesionAdjacentTissue",
    "off": 26534,
    "sff": "lesion"
  },
  {
    "docID": "N176 Lu 2006",
    "et": "LesionAdjacentTissue",
    "off": 21412,
    "sff": "lesion"
  },
  {
    "docID": "N176 Lu 2006",
    "et": "LesionAdjacentTissue",
    "off": 4514,
    "sff": "lesion"
  },
  {
    "docID": "N176 Lu 2006",
    "et": "LesionAdjacentTissue",
    "off": 21666,
    "sff": "lesion"
  },
  {
    "docID": "N176 Lu 2006",
    "et": "LesionAdjacentTissue",
    "off": 19151,
    "sff": "lesion"
  },
  {
    "docID": "N176 Lu 2006",
    "et": "LesionAdjacentTissue",
    "off": 35535,
    "sff": "lesion"
  },
  {
    "docID": "N176 Lu 2006",
    "et": "LesionAdjacentTissue",
    "off": 25548,
    "sff": "lesion"
  },
  {
    "docID": "N176 Lu 2006",
    "et": "LesionAdjacentTissue",
    "off": 25289,
    "sff": "lesion"
  },
  {
    "docID": "N176 Lu 2006",
    "et": "LesionAdjacentTissue",
    "off": 32970,
    "sff": "lesion"
  },
  {
    "docID": "N176 Lu 2006",
    "et": "LesionAdjacentTissue",
    "off": 32471,
    "sff": "lesion"
  },
  {
    "docID": "N176 Lu 2006",
    "et": "LesionAdjacentTissue",
    "off": 1752,
    "sff": "lesion"
  },
  {
    "docID": "N176 Lu 2006",
    "et": "LesionAdjacentTissue",
    "off": 21976,
    "sff": "lesion"
  },
  {
    "docID": "N176 Lu 2006",
    "et": "LesionAdjacentTissue",
    "off": 34520,
    "sff": "lesion"
  },
  {
    "docID": "N176 Lu 2006",
    "et": "LesionAdjacentTissue",
    "off": 44757,
    "sff": "lesion"
  },
  {
    "docID": "N176 Lu 2006",
    "et": "LesionAdjacentTissue",
    "off": 12243,
    "sff": "lesion"
  },
  {
    "docID": "N176 Lu 2006",
    "et": "LesionAdjacentTissue",
    "off": 13523,
    "sff": "lesion"
  },
  {
    "docID": "N176 Lu 2006",
    "et": "LesionAdjacentTissue",
    "off": 1471,
    "sff": "lesion"
  },
  {
    "docID": "N176 Lu 2006",
    "et": "LesionAdjacentTissue",
    "off": 26302,
    "sff": "lesion"
  },
  {
    "docID": "N176 Lu 2006",
    "et": "LesionAdjacentTissue",
    "off": 32190,
    "sff": "lesion"
  },
  {
    "docID": "N176 Lu 2006",
    "et": "LesionAdjacentTissue",
    "off": 43964,
    "sff": "lesion"
  },
  {
    "docID": "N176 Lu 2006",
    "et": "LesionAdjacentTissue",
    "off": 11964,
    "sff": "lesion"
  },
  {
    "docID": "N176 Lu 2006",
    "et": "LesionAdjacentTissue",
    "off": 12729,
    "sff": "lesion"
  },
  {
    "docID": "N176 Lu 2006",
    "et": "LesionAdjacentTissue",
    "off": 23482,
    "sff": "lesion"
  },
  {
    "docID": "N176 Lu 2006",
    "et": "Cervical",
    "off": 9760,
    "sff": "cervical"
  },
  {
    "docID": "N176 Lu 2006",
    "et": "Cervical",
    "off": 29265,
    "sff": "cervical"
  },
  {
    "docID": "N176 Lu 2006",
    "et": "Cervical",
    "off": 16277,
    "sff": "cervical"
  },
  {
    "docID": "N176 Lu 2006",
    "et": "CentralNervousSystem",
    "off": 6830,
    "sff": "central"
  },
  {
    "docID": "N176 Lu 2006",
    "et": "CentralNervousSystem",
    "off": 21187,
    "sff": "central"
  },
  {
    "docID": "N176 Lu 2006",
    "et": "SpinalGrayMatter",
    "off": 1652,
    "sff": "gray matter"
  },
  {
    "docID": "N176 Lu 2006",
    "et": "SpinalGrayMatter",
    "off": 11649,
    "sff": "gray matter"
  },
  {
    "docID": "N176 Lu 2006",
    "et": "SpinalGrayMatter",
    "off": 11472,
    "sff": "gray matter"
  },
  {
    "docID": "N176 Lu 2006",
    "et": "SpinalGrayMatter",
    "off": 10863,
    "sff": "gray matter"
  },
  {
    "docID": "N176 Lu 2006",
    "et": "SpinalGrayMatter",
    "off": 35489,
    "sff": "gray"
  },
  {
    "docID": "N176 Lu 2006",
    "et": "SpinalGrayMatter",
    "off": 25581,
    "sff": "gray matter"
  },
  {
    "docID": "N176 Lu 2006",
    "et": "SpinalGrayMatter",
    "off": 34572,
    "sff": "gray"
  },
  {
    "docID": "N176 Lu 2006",
    "et": "SpinalGrayMatter",
    "off": 34343,
    "sff": "gray matter"
  },
  {
    "docID": "N176 Lu 2006",
    "et": "Location",
    "off": 38911,
    "sff": "location"
  },
  {
    "docID": "N176 Lu 2006",
    "et": "Location",
    "off": 16643,
    "sff": "location"
  },
  {
    "docID": "N176 Lu 2006",
    "et": "SubstanceApplicationLocation",
    "off": 41779,
    "sff": "substance"
  },
  {
    "docID": "N176 Lu 2006",
    "et": "C4",
    "off": 777,
    "sff": "C4"
  },
  {
    "docID": "N176 Lu 2006",
    "et": "C4",
    "off": 28969,
    "sff": "C4"
  },
  {
    "docID": "N176 Lu 2006",
    "et": "C4",
    "off": 9991,
    "sff": "C4"
  },
  {
    "docID": "N176 Lu 2006",
    "et": "C4",
    "off": 36110,
    "sff": "C4"
  },
  {
    "docID": "N176 Lu 2006",
    "et": "C4",
    "off": 14241,
    "sff": "C4"
  },
  {
    "docID": "N176 Lu 2006",
    "et": "C4",
    "off": 13776,
    "sff": "C4"
  },
  {
    "docID": "N176 Lu 2006",
    "et": "CorticospinalTract",
    "off": 23084,
    "sff": "corticospinal"
  },
  {
    "docID": "N176 Lu 2006",
    "et": "CorticospinalTract",
    "off": 22566,
    "sff": "corticospinal"
  },
  {
    "docID": "N176 Lu 2006",
    "et": "CorticospinalTract",
    "off": 45149,
    "sff": "corticospinal tract"
  },
  {
    "docID": "N176 Lu 2006",
    "et": "CorticospinalTract",
    "off": 39170,
    "sff": "corticospinal"
  },
  {
    "docID": "N176 Lu 2006",
    "et": "CorticospinalTract",
    "off": 29339,
    "sff": "corticospinal tract"
  },
  {
    "docID": "N176 Lu 2006",
    "et": "CorticospinalTract",
    "off": 15264,
    "sff": "corticospinal tract"
  },
  {
    "docID": "N176 Lu 2006",
    "et": "CorticospinalTract",
    "off": 22672,
    "sff": "Corticospinal"
  },
  {
    "docID": "N176 Lu 2006",
    "et": "CorticospinalTract",
    "off": 2075,
    "sff": "corticospinal"
  },
  {
    "docID": "N176 Lu 2006",
    "et": "CorticospinalTract",
    "off": 22796,
    "sff": "Corticospinal"
  },
  {
    "docID": "N176 Lu 2006",
    "et": "CorticospinalTract",
    "off": 22232,
    "sff": "corticospinal tract"
  },
  {
    "docID": "N176 Lu 2006",
    "et": "CorticospinalTract",
    "off": 1176,
    "sff": "corticospinal"
  },
  {
    "docID": "N176 Lu 2006",
    "et": "CorticospinalTract",
    "off": 43222,
    "sff": "corticospinal tract"
  },
  {
    "docID": "N176 Lu 2006",
    "et": "CorticospinalTract",
    "off": 22098,
    "sff": "corticospinal"
  },
  {
    "docID": "N176 Lu 2006",
    "et": "CorticospinalTract",
    "off": 30510,
    "sff": "Corticospinal tract"
  },
  {
    "docID": "N176 Lu 2006",
    "et": "CorticospinalTract",
    "off": 30453,
    "sff": "corticospinal"
  },
  {
    "docID": "N176 Lu 2006",
    "et": "CorticospinalTract",
    "off": 30676,
    "sff": "corticospinal"
  },
  {
    "docID": "N176 Lu 2006",
    "et": "CorticospinalTract",
    "off": 46090,
    "sff": "corticospinal tract"
  },
  {
    "docID": "N176 Lu 2006",
    "et": "CorticospinalTract",
    "off": 4622,
    "sff": "corticospinal"
  },
  {
    "docID": "N176 Lu 2006",
    "et": "CorticospinalTract",
    "off": 17614,
    "sff": "corticospinal tract"
  },
  {
    "docID": "N176 Lu 2006",
    "et": "CorticospinalTract",
    "off": 45008,
    "sff": "corticospinal"
  },
  {
    "docID": "N176 Lu 2006",
    "et": "SpinalCentralPart",
    "off": 6830,
    "sff": "central"
  },
  {
    "docID": "N176 Lu 2006",
    "et": "SpinalCentralPart",
    "off": 21187,
    "sff": "central"
  },
  {
    "docID": "N176 Lu 2006",
    "et": "InjectionDelivery",
    "off": 23398,
    "sff": "injection"
  },
  {
    "docID": "N176 Lu 2006",
    "et": "InjectionDelivery",
    "off": 1261,
    "sff": "injection"
  },
  {
    "docID": "N176 Lu 2006",
    "et": "InjectionDelivery",
    "off": 11120,
    "sff": "injection"
  },
  {
    "docID": "N176 Lu 2006",
    "et": "InjectionDelivery",
    "off": 36080,
    "sff": "injection"
  },
  {
    "docID": "N176 Lu 2006",
    "et": "InjectionDelivery",
    "off": 24431,
    "sff": "injection"
  },
  {
    "docID": "N176 Lu 2006",
    "et": "InjectionDelivery",
    "off": 885,
    "sff": "injection"
  },
  {
    "docID": "N176 Lu 2006",
    "et": "InjectionDelivery",
    "off": 41070,
    "sff": "injection"
  },
  {
    "docID": "N176 Lu 2006",
    "et": "InjectionDelivery",
    "off": 14708,
    "sff": "injection"
  },
  {
    "docID": "N176 Lu 2006",
    "et": "InjectionDelivery",
    "off": 34548,
    "sff": "injection"
  },
  {
    "docID": "N176 Lu 2006",
    "et": "InjectionDelivery",
    "off": 35964,
    "sff": "injection"
  },
  {
    "docID": "N176 Lu 2006",
    "et": "InjectionDelivery",
    "off": 21376,
    "sff": "injection"
  },
  {
    "docID": "N176 Lu 2006",
    "et": "InjectionDelivery",
    "off": 25472,
    "sff": "injection"
  },
  {
    "docID": "N176 Lu 2006",
    "et": "InjectionDelivery",
    "off": 36734,
    "sff": "injection"
  },
  {
    "docID": "N176 Lu 2006",
    "et": "InjectionDelivery",
    "off": 21634,
    "sff": "injection"
  },
  {
    "docID": "N176 Lu 2006",
    "et": "InjectionDelivery",
    "off": 14024,
    "sff": "injection"
  },
  {
    "docID": "N176 Lu 2006",
    "et": "InjectionDelivery",
    "off": 15688,
    "sff": "injection"
  },
  {
    "docID": "N176 Lu 2006",
    "et": "InjectionDelivery",
    "off": 35784,
    "sff": "injection"
  },
  {
    "docID": "N176 Lu 2006",
    "et": "InjectionDelivery",
    "off": 27335,
    "sff": "injection"
  },
  {
    "docID": "N176 Lu 2006",
    "et": "InjectionDelivery",
    "off": 37575,
    "sff": "injection"
  },
  {
    "docID": "N176 Lu 2006",
    "et": "InjectionDelivery",
    "off": 22342,
    "sff": "injection"
  },
  {
    "docID": "N176 Lu 2006",
    "et": "InjectionDelivery",
    "off": 32717,
    "sff": "injection"
  },
  {
    "docID": "N176 Lu 2006",
    "et": "InjectionDelivery",
    "off": 25419,
    "sff": "injection"
  },
  {
    "docID": "N176 Lu 2006",
    "et": "InjectionDelivery",
    "off": 34506,
    "sff": "injection"
  },
  {
    "docID": "N176 Lu 2006",
    "et": "InjectionDelivery",
    "off": 36815,
    "sff": "injection"
  },
  {
    "docID": "N176 Lu 2006",
    "et": "InjectionDelivery",
    "off": 26580,
    "sff": "injection"
  },
  {
    "docID": "N176 Lu 2006",
    "et": "InjectionDelivery",
    "off": 11859,
    "sff": "injection"
  },
  {
    "docID": "N176 Lu 2006",
    "et": "InjectionDelivery",
    "off": 37464,
    "sff": "injection"
  },
  {
    "docID": "N176 Lu 2006",
    "et": "InjectionDelivery",
    "off": 37341,
    "sff": "injection"
  },
  {
    "docID": "N176 Lu 2006",
    "et": "InjectionDelivery",
    "off": 35291,
    "sff": "injection"
  },
  {
    "docID": "N176 Lu 2006",
    "et": "InjectionDelivery",
    "off": 25050,
    "sff": "injection"
  },
  {
    "docID": "N176 Lu 2006",
    "et": "InjectionDelivery",
    "off": 32094,
    "sff": "injection"
  },
  {
    "docID": "N176 Lu 2006",
    "et": "InjectionDelivery",
    "off": 32478,
    "sff": "injection"
  },
  {
    "docID": "N176 Lu 2006",
    "et": "InjectionDelivery",
    "off": 43158,
    "sff": "Injection"
  },
  {
    "docID": "N176 Lu 2006",
    "et": "InjectionDelivery",
    "off": 20067,
    "sff": "injection"
  },
  {
    "docID": "N176 Lu 2006",
    "et": "InjectionDelivery",
    "off": 29667,
    "sff": "injection"
  },
  {
    "docID": "N176 Lu 2006",
    "et": "InjectionDelivery",
    "off": 29485,
    "sff": "injection"
  },
  {
    "docID": "N176 Lu 2006",
    "et": "InjectionDelivery",
    "off": 12076,
    "sff": "injection"
  },
  {
    "docID": "N176 Lu 2006",
    "et": "InjectionDelivery",
    "off": 42024,
    "sff": "injection"
  },
  {
    "docID": "N176 Lu 2006",
    "et": "InjectionDelivery",
    "off": 12465,
    "sff": "injection"
  },
  {
    "docID": "N176 Lu 2006",
    "et": "InjectionDelivery",
    "off": 35125,
    "sff": "injection"
  },
  {
    "docID": "N176 Lu 2006",
    "et": "InjectionDelivery",
    "off": 32569,
    "sff": "injection"
  },
  {
    "docID": "N176 Lu 2006",
    "et": "InjectionDelivery",
    "off": 10936,
    "sff": "injection"
  },
  {
    "docID": "N176 Lu 2006",
    "et": "InjectionDelivery",
    "off": 1718,
    "sff": "injection"
  },
  {
    "docID": "N176 Lu 2006",
    "et": "InjectionDelivery",
    "off": 32829,
    "sff": "injection"
  },
  {
    "docID": "N176 Lu 2006",
    "et": "InjectionDelivery",
    "off": 34875,
    "sff": "injection"
  },
  {
    "docID": "N176 Lu 2006",
    "et": "InjectionDelivery",
    "off": 33728,
    "sff": "injection"
  },
  {
    "docID": "N176 Lu 2006",
    "et": "InjectionDelivery",
    "off": 42947,
    "sff": "injection"
  },
  {
    "docID": "N176 Lu 2006",
    "et": "InjectionDelivery",
    "off": 1342,
    "sff": "injection"
  },
  {
    "docID": "N176 Lu 2006",
    "et": "InjectionDelivery",
    "off": 35396,
    "sff": "injection"
  },
  {
    "docID": "N176 Lu 2006",
    "et": "InjectionDelivery",
    "off": 26248,
    "sff": "injection"
  },
  {
    "docID": "N176 Lu 2006",
    "et": "InjectionDelivery",
    "off": 43147,
    "sff": "injection"
  },
  {
    "docID": "N176 Lu 2006",
    "et": "InjectionDelivery",
    "off": 27402,
    "sff": "injection"
  },
  {
    "docID": "N176 Lu 2006",
    "et": "InjectionDelivery",
    "off": 32906,
    "sff": "injection"
  },
  {
    "docID": "N176 Lu 2006",
    "et": "InjectionDelivery",
    "off": 21263,
    "sff": "injection"
  },
  {
    "docID": "N176 Lu 2006",
    "et": "InjectionDelivery",
    "off": 31631,
    "sff": "injection"
  },
  {
    "docID": "N176 Lu 2006",
    "et": "InjectionDelivery",
    "off": 11278,
    "sff": "injection"
  },
  {
    "docID": "N176 Lu 2006",
    "et": "InjectionDelivery",
    "off": 19988,
    "sff": "injection"
  },
  {
    "docID": "N176 Lu 2006",
    "et": "InjectionDelivery",
    "off": 23956,
    "sff": "injection"
  },
  {
    "docID": "N176 Lu 2006",
    "et": "InjectionDelivery",
    "off": 33554,
    "sff": "injection"
  },
  {
    "docID": "N176 Lu 2006",
    "et": "InjectionDelivery",
    "off": 27032,
    "sff": "injection"
  },
  {
    "docID": "N176 Lu 2006",
    "et": "InjectionDelivery",
    "off": 38935,
    "sff": "injection"
  },
  {
    "docID": "N176 Lu 2006",
    "et": "InjectionDelivery",
    "off": 10774,
    "sff": "injection"
  },
  {
    "docID": "N176 Lu 2006",
    "et": "InjectionDelivery",
    "off": 33302,
    "sff": "injection"
  },
  {
    "docID": "N176 Lu 2006",
    "et": "InjectionDelivery",
    "off": 34454,
    "sff": "injection"
  },
  {
    "docID": "N176 Lu 2006",
    "et": "InjectionDelivery",
    "off": 27679,
    "sff": "injection"
  },
  {
    "docID": "N176 Lu 2006",
    "et": "InjectionDelivery",
    "off": 32415,
    "sff": "injection"
  },
  {
    "docID": "N176 Lu 2006",
    "et": "InjectionDelivery",
    "off": 33444,
    "sff": "injection"
  },
  {
    "docID": "N176 Lu 2006",
    "et": "InjectionDelivery",
    "off": 36132,
    "sff": "injection"
  },
  {
    "docID": "N176 Lu 2006",
    "et": "InjectionDelivery",
    "off": 25763,
    "sff": "injection"
  },
  {
    "docID": "N176 Lu 2006",
    "et": "SpinalLesionSite",
    "off": 11034,
    "sff": "lesion"
  },
  {
    "docID": "N176 Lu 2006",
    "et": "SpinalLesionSite",
    "off": 23322,
    "sff": "lesion"
  },
  {
    "docID": "N176 Lu 2006",
    "et": "SpinalLesionSite",
    "off": 21412,
    "sff": "lesion site"
  },
  {
    "docID": "N176 Lu 2006",
    "et": "SpinalLesionSite",
    "off": 44834,
    "sff": "lesion"
  },
  {
    "docID": "N176 Lu 2006",
    "et": "SpinalLesionSite",
    "off": 28195,
    "sff": "lesion"
  },
  {
    "docID": "N176 Lu 2006",
    "et": "SpinalLesionSite",
    "off": 44580,
    "sff": "lesion"
  },
  {
    "docID": "N176 Lu 2006",
    "et": "SpinalLesionSite",
    "off": 16286,
    "sff": "lesion site"
  },
  {
    "docID": "N176 Lu 2006",
    "et": "SpinalLesionSite",
    "off": 39198,
    "sff": "lesion"
  },
  {
    "docID": "N176 Lu 2006",
    "et": "SpinalLesionSite",
    "off": 41759,
    "sff": "lesion"
  },
  {
    "docID": "N176 Lu 2006",
    "et": "SpinalLesionSite",
    "off": 15137,
    "sff": "lesion"
  },
  {
    "docID": "N176 Lu 2006",
    "et": "SpinalLesionSite",
    "off": 29706,
    "sff": "lesion"
  },
  {
    "docID": "N176 Lu 2006",
    "et": "SpinalLesionSite",
    "off": 12729,
    "sff": "lesion site"
  },
  {
    "docID": "N176 Lu 2006",
    "et": "SpinalLesionSite",
    "off": 43677,
    "sff": "lesion site"
  },
  {
    "docID": "N176 Lu 2006",
    "et": "SpinalLesionSite",
    "off": 32437,
    "sff": "lesion site"
  },
  {
    "docID": "N176 Lu 2006",
    "et": "SpinalLesionSite",
    "off": 33543,
    "sff": "lesion"
  },
  {
    "docID": "N176 Lu 2006",
    "et": "SpinalLesionSite",
    "off": 36113,
    "sff": "lesion"
  },
  {
    "docID": "N176 Lu 2006",
    "et": "SpinalLesionSite",
    "off": 29832,
    "sff": "lesion site"
  },
  {
    "docID": "N176 Lu 2006",
    "et": "SpinalLesionSite",
    "off": 26759,
    "sff": "lesion site"
  },
  {
    "docID": "N176 Lu 2006",
    "et": "SpinalLesionSite",
    "off": 25142,
    "sff": "lesion"
  },
  {
    "docID": "N176 Lu 2006",
    "et": "SpinalLesionSite",
    "off": 13444,
    "sff": "lesion site"
  },
  {
    "docID": "N176 Lu 2006",
    "et": "SpinalLesionSite",
    "off": 33336,
    "sff": "lesion"
  },
  {
    "docID": "N176 Lu 2006",
    "et": "SpinalLesionSite",
    "off": 11065,
    "sff": "lesion"
  },
  {
    "docID": "N176 Lu 2006",
    "et": "SpinalLesionSite",
    "off": 23683,
    "sff": "lesion site"
  },
  {
    "docID": "N176 Lu 2006",
    "et": "SpinalLesionSite",
    "off": 26681,
    "sff": "lesion"
  },
  {
    "docID": "N176 Lu 2006",
    "et": "SpinalLesionSite",
    "off": 4734,
    "sff": "lesion site"
  },
  {
    "docID": "N176 Lu 2006",
    "et": "SpinalLesionSite",
    "off": 39065,
    "sff": "lesion site"
  },
  {
    "docID": "N176 Lu 2006",
    "et": "SpinalLesionSite",
    "off": 41881,
    "sff": "lesion site"
  },
  {
    "docID": "N176 Lu 2006",
    "et": "SpinalLesionSite",
    "off": 12097,
    "sff": "lesion"
  },
  {
    "docID": "N176 Lu 2006",
    "et": "SpinalLesionSite",
    "off": 38781,
    "sff": "lesion site"
  },
  {
    "docID": "N176 Lu 2006",
    "et": "SpinalLesionSite",
    "off": 18472,
    "sff": "lesion"
  },
  {
    "docID": "N176 Lu 2006",
    "et": "SpinalLesionSite",
    "off": 36916,
    "sff": "lesion"
  },
  {
    "docID": "N176 Lu 2006",
    "et": "SpinalLesionSite",
    "off": 11151,
    "sff": "lesion site"
  },
  {
    "docID": "N176 Lu 2006",
    "et": "SpinalLesionSite",
    "off": 25819,
    "sff": "lesion"
  },
  {
    "docID": "N176 Lu 2006",
    "et": "SpinalLesionSite",
    "off": 14440,
    "sff": "lesion site"
  },
  {
    "docID": "N176 Lu 2006",
    "et": "SpinalLesionSite",
    "off": 30568,
    "sff": "lesion site"
  },
  {
    "docID": "N176 Lu 2006",
    "et": "SpinalLesionSite",
    "off": 32471,
    "sff": "lesion"
  },
  {
    "docID": "N176 Lu 2006",
    "et": "SpinalLesionSite",
    "off": 1752,
    "sff": "lesion"
  },
  {
    "docID": "N176 Lu 2006",
    "et": "SpinalLesionSite",
    "off": 30308,
    "sff": "lesion site"
  },
  {
    "docID": "N176 Lu 2006",
    "et": "SpinalLesionSite",
    "off": 29539,
    "sff": "lesion site"
  },
  {
    "docID": "N176 Lu 2006",
    "et": "SpinalLesionSite",
    "off": 23138,
    "sff": "lesion site"
  },
  {
    "docID": "N176 Lu 2006",
    "et": "SpinalLesionSite",
    "off": 33634,
    "sff": "lesion site"
  },
  {
    "docID": "N176 Lu 2006",
    "et": "SpinalLesionSite",
    "off": 32740,
    "sff": "lesion"
  },
  {
    "docID": "N176 Lu 2006",
    "et": "SpinalLesionSite",
    "off": 24798,
    "sff": "lesion"
  },
  {
    "docID": "N176 Lu 2006",
    "et": "SpinalLesionSite",
    "off": 32862,
    "sff": "lesion site"
  },
  {
    "docID": "N176 Lu 2006",
    "et": "SpinalLesionSite",
    "off": 34395,
    "sff": "lesion site"
  },
  {
    "docID": "N176 Lu 2006",
    "et": "SpinalLesionSite",
    "off": 21882,
    "sff": "lesion site"
  },
  {
    "docID": "N176 Lu 2006",
    "et": "SpinalLesionSite",
    "off": 32970,
    "sff": "lesion"
  },
  {
    "docID": "N176 Lu 2006",
    "et": "SpinalLesionSite",
    "off": 25548,
    "sff": "lesion"
  },
  {
    "docID": "N176 Lu 2006",
    "et": "SpinalLesionSite",
    "off": 34680,
    "sff": "lesion site"
  },
  {
    "docID": "N176 Lu 2006",
    "et": "SpinalLesionSite",
    "off": 28278,
    "sff": "lesion site"
  },
  {
    "docID": "N176 Lu 2006",
    "et": "SpinalLesionSite",
    "off": 34932,
    "sff": "lesion site"
  },
  {
    "docID": "N176 Lu 2006",
    "et": "SpinalLesionSite",
    "off": 44757,
    "sff": "lesion"
  },
  {
    "docID": "N176 Lu 2006",
    "et": "SpinalLesionSite",
    "off": 33134,
    "sff": "lesion site"
  },
  {
    "docID": "N176 Lu 2006",
    "et": "SpinalLesionSite",
    "off": 19151,
    "sff": "lesion"
  },
  {
    "docID": "N176 Lu 2006",
    "et": "SpinalLesionSite",
    "off": 18685,
    "sff": "lesion"
  },
  {
    "docID": "N176 Lu 2006",
    "et": "SpinalLesionSite",
    "off": 27717,
    "sff": "lesion site"
  },
  {
    "docID": "N176 Lu 2006",
    "et": "SpinalLesionSite",
    "off": 39415,
    "sff": "lesion"
  },
  {
    "docID": "N176 Lu 2006",
    "et": "SpinalLesionSite",
    "off": 28737,
    "sff": "lesion site"
  },
  {
    "docID": "N176 Lu 2006",
    "et": "SpinalLesionSite",
    "off": 4416,
    "sff": "lesion site"
  },
  {
    "docID": "N176 Lu 2006",
    "et": "SpinalLesionSite",
    "off": 25920,
    "sff": "lesion site"
  },
  {
    "docID": "N176 Lu 2006",
    "et": "SpinalLesionSite",
    "off": 31552,
    "sff": "lesion site"
  },
  {
    "docID": "N176 Lu 2006",
    "et": "SpinalLesionSite",
    "off": 26629,
    "sff": "lesion"
  },
  {
    "docID": "N176 Lu 2006",
    "et": "SpinalLesionSite",
    "off": 37120,
    "sff": "lesion"
  },
  {
    "docID": "N176 Lu 2006",
    "et": "SpinalLesionSite",
    "off": 10555,
    "sff": "lesion site"
  },
  {
    "docID": "N176 Lu 2006",
    "et": "SpinalLesionSite",
    "off": 38657,
    "sff": "lesion"
  },
  {
    "docID": "N176 Lu 2006",
    "et": "SpinalLesionSite",
    "off": 1515,
    "sff": "lesion"
  },
  {
    "docID": "N176 Lu 2006",
    "et": "SpinalLesionSite",
    "off": 24408,
    "sff": "lesion site"
  },
  {
    "docID": "N176 Lu 2006",
    "et": "SpinalLesionSite",
    "off": 35413,
    "sff": "lesion site"
  },
  {
    "docID": "N176 Lu 2006",
    "et": "SpinalLesionSite",
    "off": 24660,
    "sff": "lesion site"
  },
  {
    "docID": "N176 Lu 2006",
    "et": "SpinalLesionSite",
    "off": 38127,
    "sff": "lesion"
  },
  {
    "docID": "N176 Lu 2006",
    "et": "SpinalLesionSite",
    "off": 41006,
    "sff": "lesion site"
  },
  {
    "docID": "N176 Lu 2006",
    "et": "SpinalLesionSite",
    "off": 40497,
    "sff": "lesion site"
  },
  {
    "docID": "N176 Lu 2006",
    "et": "SpinalLesionSite",
    "off": 21283,
    "sff": "lesion site"
  },
  {
    "docID": "N176 Lu 2006",
    "et": "SpinalLesionSite",
    "off": 4514,
    "sff": "lesion"
  },
  {
    "docID": "N176 Lu 2006",
    "et": "SpinalLesionSite",
    "off": 21666,
    "sff": "lesion"
  },
  {
    "docID": "N176 Lu 2006",
    "et": "SpinalLesionSite",
    "off": 10405,
    "sff": "lesion"
  },
  {
    "docID": "N176 Lu 2006",
    "et": "SpinalLesionSite",
    "off": 12965,
    "sff": "lesion"
  },
  {
    "docID": "N176 Lu 2006",
    "et": "SpinalLesionSite",
    "off": 29983,
    "sff": "lesion site"
  },
  {
    "docID": "N176 Lu 2006",
    "et": "SpinalLesionSite",
    "off": 30878,
    "sff": "lesion"
  },
  {
    "docID": "N176 Lu 2006",
    "et": "SpinalLesionSite",
    "off": 26015,
    "sff": "lesion"
  },
  {
    "docID": "N176 Lu 2006",
    "et": "SpinalLesionSite",
    "off": 32672,
    "sff": "lesion"
  },
  {
    "docID": "N176 Lu 2006",
    "et": "SpinalLesionSite",
    "off": 25658,
    "sff": "lesion site"
  },
  {
    "docID": "N176 Lu 2006",
    "et": "SpinalLesionSite",
    "off": 24459,
    "sff": "lesion"
  },
  {
    "docID": "N176 Lu 2006",
    "et": "SpinalLesionSite",
    "off": 20024,
    "sff": "lesion site"
  },
  {
    "docID": "N176 Lu 2006",
    "et": "SpinalLesionSite",
    "off": 36638,
    "sff": "lesion site"
  },
  {
    "docID": "N176 Lu 2006",
    "et": "SpinalLesionSite",
    "off": 42893,
    "sff": "lesion"
  },
  {
    "docID": "N176 Lu 2006",
    "et": "SpinalLesionSite",
    "off": 37011,
    "sff": "lesion"
  },
  {
    "docID": "N176 Lu 2006",
    "et": "SpinalLesionSite",
    "off": 43815,
    "sff": "lesion site"
  },
  {
    "docID": "N176 Lu 2006",
    "et": "SpinalLesionSite",
    "off": 912,
    "sff": "lesion"
  },
  {
    "docID": "N176 Lu 2006",
    "et": "SpinalLesionSite",
    "off": 5264,
    "sff": "lesion"
  },
  {
    "docID": "N176 Lu 2006",
    "et": "SpinalLesionSite",
    "off": 36752,
    "sff": "lesion"
  },
  {
    "docID": "N176 Lu 2006",
    "et": "SpinalLesionSite",
    "off": 23482,
    "sff": "lesion"
  },
  {
    "docID": "N176 Lu 2006",
    "et": "SpinalLesionSite",
    "off": 43964,
    "sff": "lesion"
  },
  {
    "docID": "N176 Lu 2006",
    "et": "SpinalLesionSite",
    "off": 35587,
    "sff": "lesion site"
  },
  {
    "docID": "N176 Lu 2006",
    "et": "SpinalLesionSite",
    "off": 26302,
    "sff": "lesion"
  },
  {
    "docID": "N176 Lu 2006",
    "et": "SpinalLesionSite",
    "off": 11772,
    "sff": "lesion site"
  },
  {
    "docID": "N176 Lu 2006",
    "et": "SpinalLesionSite",
    "off": 31484,
    "sff": "lesion site"
  },
  {
    "docID": "N176 Lu 2006",
    "et": "SpinalLesionSite",
    "off": 1561,
    "sff": "lesion site"
  },
  {
    "docID": "N176 Lu 2006",
    "et": "SpinalLesionSite",
    "off": 22297,
    "sff": "lesion site"
  },
  {
    "docID": "N176 Lu 2006",
    "et": "SpinalLesionSite",
    "off": 31659,
    "sff": "lesion"
  },
  {
    "docID": "N176 Lu 2006",
    "et": "SpinalLesionSite",
    "off": 46332,
    "sff": "lesion site"
  },
  {
    "docID": "N176 Lu 2006",
    "et": "SpinalLesionSite",
    "off": 32024,
    "sff": "lesion site"
  },
  {
    "docID": "N176 Lu 2006",
    "et": "SpinalLesionSite",
    "off": 26534,
    "sff": "lesion"
  },
  {
    "docID": "N176 Lu 2006",
    "et": "SpinalLesionSite",
    "off": 45823,
    "sff": "lesion site"
  },
  {
    "docID": "N176 Lu 2006",
    "et": "SpinalLesionSite",
    "off": 21523,
    "sff": "lesion site"
  },
  {
    "docID": "N176 Lu 2006",
    "et": "SpinalLesionSite",
    "off": 24083,
    "sff": "lesion site"
  },
  {
    "docID": "N176 Lu 2006",
    "et": "SpinalLesionSite",
    "off": 19474,
    "sff": "lesion site"
  },
  {
    "docID": "N176 Lu 2006",
    "et": "SpinalLesionSite",
    "off": 27059,
    "sff": "lesion"
  },
  {
    "docID": "N176 Lu 2006",
    "et": "SpinalLesionSite",
    "off": 18350,
    "sff": "lesion"
  },
  {
    "docID": "N176 Lu 2006",
    "et": "SpinalLesionSite",
    "off": 25006,
    "sff": "lesion"
  },
  {
    "docID": "N176 Lu 2006",
    "et": "SpinalLesionSite",
    "off": 36014,
    "sff": "lesion"
  },
  {
    "docID": "N176 Lu 2006",
    "et": "SpinalLesionSite",
    "off": 27149,
    "sff": "lesion site"
  },
  {
    "docID": "N176 Lu 2006",
    "et": "SpinalLesionSite",
    "off": 944,
    "sff": "lesion"
  },
  {
    "docID": "N176 Lu 2006",
    "et": "SpinalLesionSite",
    "off": 23984,
    "sff": "lesion"
  },
  {
    "docID": "N176 Lu 2006",
    "et": "SpinalLesionSite",
    "off": 30186,
    "sff": "lesion site"
  },
  {
    "docID": "N176 Lu 2006",
    "et": "SpinalLesionSite",
    "off": 36186,
    "sff": "lesion"
  },
  {
    "docID": "N176 Lu 2006",
    "et": "SpinalLesionSite",
    "off": 24155,
    "sff": "lesion"
  },
  {
    "docID": "N176 Lu 2006",
    "et": "SpinalLesionSite",
    "off": 35048,
    "sff": "lesion site"
  },
  {
    "docID": "N176 Lu 2006",
    "et": "SpinalLesionSite",
    "off": 11495,
    "sff": "lesion site"
  },
  {
    "docID": "N176 Lu 2006",
    "et": "SpinalLesionSite",
    "off": 22365,
    "sff": "lesion"
  },
  {
    "docID": "N176 Lu 2006",
    "et": "SpinalLesionSite",
    "off": 29927,
    "sff": "lesion site"
  },
  {
    "docID": "N176 Lu 2006",
    "et": "SpinalLesionSite",
    "off": 27222,
    "sff": "lesion"
  },
  {
    "docID": "N176 Lu 2006",
    "et": "SpinalLesionSite",
    "off": 35814,
    "sff": "lesion site"
  },
  {
    "docID": "N176 Lu 2006",
    "et": "SpinalLesionSite",
    "off": 36439,
    "sff": "lesion"
  },
  {
    "docID": "N176 Lu 2006",
    "et": "SpinalLesionSite",
    "off": 42225,
    "sff": "lesion site"
  },
  {
    "docID": "N176 Lu 2006",
    "et": "SpinalLesionSite",
    "off": 32610,
    "sff": "lesion"
  },
  {
    "docID": "N176 Lu 2006",
    "et": "SpinalLesionSite",
    "off": 12900,
    "sff": "lesion"
  },
  {
    "docID": "N176 Lu 2006",
    "et": "SpinalLesionSite",
    "off": 26077,
    "sff": "lesion site"
  },
  {
    "docID": "N176 Lu 2006",
    "et": "SpinalLesionSite",
    "off": 30429,
    "sff": "lesion site"
  },
  {
    "docID": "N176 Lu 2006",
    "et": "SpinalLesionSite",
    "off": 15067,
    "sff": "lesion site"
  },
  {
    "docID": "N176 Lu 2006",
    "et": "SpinalLesionSite",
    "off": 26209,
    "sff": "lesion"
  },
  {
    "docID": "N176 Lu 2006",
    "et": "SpinalLesionSite",
    "off": 26721,
    "sff": "lesion"
  },
  {
    "docID": "N176 Lu 2006",
    "et": "SpinalLesionSite",
    "off": 26186,
    "sff": "lesion"
  },
  {
    "docID": "N176 Lu 2006",
    "et": "SpinalLesionSite",
    "off": 9805,
    "sff": "lesion"
  },
  {
    "docID": "N176 Lu 2006",
    "et": "SpinalLesionSite",
    "off": 30711,
    "sff": "lesion site"
  },
  {
    "docID": "N176 Lu 2006",
    "et": "SpinalLesionSite",
    "off": 582,
    "sff": "lesion"
  },
  {
    "docID": "N176 Lu 2006",
    "et": "SpinalLesionSite",
    "off": 2118,
    "sff": "lesion"
  },
  {
    "docID": "N176 Lu 2006",
    "et": "SpinalLesionSite",
    "off": 34806,
    "sff": "lesion site"
  },
  {
    "docID": "N176 Lu 2006",
    "et": "SpinalLesionSite",
    "off": 26869,
    "sff": "lesion site"
  },
  {
    "docID": "N176 Lu 2006",
    "et": "SpinalLesionSite",
    "off": 21832,
    "sff": "lesion"
  },
  {
    "docID": "N176 Lu 2006",
    "et": "SpinalLesionSite",
    "off": 21746,
    "sff": "lesion site"
  },
  {
    "docID": "N176 Lu 2006",
    "et": "SpinalLesionSite",
    "off": 22866,
    "sff": "lesion"
  },
  {
    "docID": "N176 Lu 2006",
    "et": "SpinalLesionSite",
    "off": 25073,
    "sff": "lesion site"
  },
  {
    "docID": "N176 Lu 2006",
    "et": "SpinalLesionSite",
    "off": 34289,
    "sff": "lesion site"
  },
  {
    "docID": "N176 Lu 2006",
    "et": "SpinalLesionSite",
    "off": 24917,
    "sff": "lesion"
  },
  {
    "docID": "N176 Lu 2006",
    "et": "SpinalLesionSite",
    "off": 25289,
    "sff": "lesion site"
  },
  {
    "docID": "N176 Lu 2006",
    "et": "SpinalLesionSite",
    "off": 26487,
    "sff": "lesion"
  },
  {
    "docID": "N176 Lu 2006",
    "et": "SpinalLesionSite",
    "off": 23427,
    "sff": "lesion"
  },
  {
    "docID": "N176 Lu 2006",
    "et": "SpinalLesionSite",
    "off": 38276,
    "sff": "lesion"
  },
  {
    "docID": "N176 Lu 2006",
    "et": "SpinalLesionSite",
    "off": 1471,
    "sff": "lesion site"
  },
  {
    "docID": "N176 Lu 2006",
    "et": "SpinalLesionSite",
    "off": 32190,
    "sff": "lesion site"
  },
  {
    "docID": "N176 Lu 2006",
    "et": "SpinalLesionSite",
    "off": 25727,
    "sff": "lesion"
  },
  {
    "docID": "N176 Lu 2006",
    "et": "SpinalLesionSite",
    "off": 11964,
    "sff": "lesion site"
  },
  {
    "docID": "N176 Lu 2006",
    "et": "SpinalLesionSite",
    "off": 31850,
    "sff": "lesion"
  },
  {
    "docID": "N176 Lu 2006",
    "et": "SpinalLesionSite",
    "off": 25707,
    "sff": "lesion"
  },
  {
    "docID": "N176 Lu 2006",
    "et": "SpinalLesionSite",
    "off": 32107,
    "sff": "lesion"
  },
  {
    "docID": "N176 Lu 2006",
    "et": "SpinalLesionSite",
    "off": 21976,
    "sff": "lesion site"
  },
  {
    "docID": "N176 Lu 2006",
    "et": "SpinalLesionSite",
    "off": 34520,
    "sff": "lesion site"
  },
  {
    "docID": "N176 Lu 2006",
    "et": "SpinalLesionSite",
    "off": 37229,
    "sff": "lesion"
  },
  {
    "docID": "N176 Lu 2006",
    "et": "SpinalLesionSite",
    "off": 12243,
    "sff": "lesion site"
  },
  {
    "docID": "N176 Lu 2006",
    "et": "SpinalLesionSite",
    "off": 13523,
    "sff": "lesion site"
  },
  {
    "docID": "N176 Lu 2006",
    "et": "SpinalLesionSite",
    "off": 30068,
    "sff": "lesion"
  },
  {
    "docID": "N176 Lu 2006",
    "et": "SpinalLesionSite",
    "off": 35535,
    "sff": "lesion site"
  },
  {
    "docID": "N176 Lu 2006",
    "et": "SpinalLesionSite",
    "off": 31342,
    "sff": "lesion"
  },
  {
    "docID": "N176 Lu 2006",
    "et": "SpinalLesionSite",
    "off": 25455,
    "sff": "lesion"
  }
]
