[
  {
    "docID": "N177 Luo 2013",
    "et": "Brain",
    "off": 4366,
    "sff": "brain"
  },
  {
    "docID": "N177 Luo 2013",
    "et": "SpinalDorsalHalf",
    "off": 8762,
    "sff": "dorsal"
  },
  {
    "docID": "N177 Luo 2013",
    "et": "SpinalDorsalHalf",
    "off": 14948,
    "sff": "dorsal"
  },
  {
    "docID": "N177 Luo 2013",
    "et": "SpinalDorsalHalf",
    "off": 7876,
    "sff": "dorsal"
  },
  {
    "docID": "N177 Luo 2013",
    "et": "SpinalCord",
    "off": 6341,
    "sff": "cord"
  },
  {
    "docID": "N177 Luo 2013",
    "et": "SpinalCord",
    "off": 15941,
    "sff": "cord"
  },
  {
    "docID": "N177 Luo 2013",
    "et": "SpinalCord",
    "off": 2052,
    "sff": "cord"
  },
  {
    "docID": "N177 Luo 2013",
    "et": "SpinalCord",
    "off": 16515,
    "sff": "cord"
  },
  {
    "docID": "N177 Luo 2013",
    "et": "SpinalCord",
    "off": 6593,
    "sff": "cord"
  },
  {
    "docID": "N177 Luo 2013",
    "et": "SpinalCord",
    "off": 14752,
    "sff": "cord"
  },
  {
    "docID": "N177 Luo 2013",
    "et": "SpinalCord",
    "off": 15261,
    "sff": "cord"
  },
  {
    "docID": "N177 Luo 2013",
    "et": "SpinalCord",
    "off": 121,
    "sff": "cord"
  },
  {
    "docID": "N177 Luo 2013",
    "et": "SpinalCord",
    "off": 3897,
    "sff": "cord"
  },
  {
    "docID": "N177 Luo 2013",
    "et": "SpinalCord",
    "off": 15765,
    "sff": "cord"
  },
  {
    "docID": "N177 Luo 2013",
    "et": "SpinalCord",
    "off": 14548,
    "sff": "cord"
  },
  {
    "docID": "N177 Luo 2013",
    "et": "SpinalCord",
    "off": 2385,
    "sff": "cord"
  },
  {
    "docID": "N177 Luo 2013",
    "et": "SpinalCord",
    "off": 5009,
    "sff": "cord"
  },
  {
    "docID": "N177 Luo 2013",
    "et": "SpinalCord",
    "off": 880,
    "sff": "cord"
  },
  {
    "docID": "N177 Luo 2013",
    "et": "SpinalCord",
    "off": 16270,
    "sff": "cord"
  },
  {
    "docID": "N177 Luo 2013",
    "et": "SpinalCord",
    "off": 3398,
    "sff": "cord"
  },
  {
    "docID": "N177 Luo 2013",
    "et": "DorsalColumn",
    "off": 8762,
    "sff": "dorsal"
  },
  {
    "docID": "N177 Luo 2013",
    "et": "DorsalColumn",
    "off": 7876,
    "sff": "dorsal"
  },
  {
    "docID": "N177 Luo 2013",
    "et": "DorsalColumn",
    "off": 14948,
    "sff": "dorsal"
  },
  {
    "docID": "N177 Luo 2013",
    "et": "TailVeinLocation",
    "off": 8049,
    "sff": "tail"
  },
  {
    "docID": "N177 Luo 2013",
    "et": "TailVeinLocation",
    "off": 7898,
    "sff": "tail"
  },
  {
    "docID": "N177 Luo 2013",
    "et": "TailVeinLocation",
    "off": 7725,
    "sff": "Tail"
  },
  {
    "docID": "N177 Luo 2013",
    "et": "TailVeinLocation",
    "off": 7772,
    "sff": "TAIL"
  },
  {
    "docID": "N177 Luo 2013",
    "et": "TailVeinLocation",
    "off": 1748,
    "sff": "tail"
  },
  {
    "docID": "N177 Luo 2013",
    "et": "TailVeinLocation",
    "off": 8260,
    "sff": "tail"
  },
  {
    "docID": "N177 Luo 2013",
    "et": "TailVeinLocation",
    "off": 7954,
    "sff": "tail"
  },
  {
    "docID": "N177 Luo 2013",
    "et": "LesionAdjacentTissue",
    "off": 7022,
    "sff": "lesion"
  },
  {
    "docID": "N177 Luo 2013",
    "et": "CentralNervousSystem",
    "off": 18176,
    "sff": "central"
  },
  {
    "docID": "N177 Luo 2013",
    "et": "CentralNervousSystem",
    "off": 17577,
    "sff": "central"
  },
  {
    "docID": "N177 Luo 2013",
    "et": "CentralNervousSystem",
    "off": 4157,
    "sff": "nervous"
  },
  {
    "docID": "N177 Luo 2013",
    "et": "CentralNervousSystem",
    "off": 4157,
    "sff": "nervous system"
  },
  {
    "docID": "N177 Luo 2013",
    "et": "SpinalCentralPart",
    "off": 17577,
    "sff": "central"
  },
  {
    "docID": "N177 Luo 2013",
    "et": "SpinalCentralPart",
    "off": 18176,
    "sff": "central"
  },
  {
    "docID": "N177 Luo 2013",
    "et": "SpinalLesionSite",
    "off": 7022,
    "sff": "lesion"
  }
]
