[
  {
    "docID": "N180 Mayeur 2013",
    "et": "AnatomicalLocation",
    "off": 3931,
    "sff": "anatomical"
  },
  {
    "docID": "N180 Mayeur 2013",
    "et": "AnatomicalLocation",
    "off": 43415,
    "sff": "anatomical"
  },
  {
    "docID": "N180 Mayeur 2013",
    "et": "AnatomicalLocation",
    "off": 38438,
    "sff": "anatomical"
  },
  {
    "docID": "N180 Mayeur 2013",
    "et": "AnatomicalLocation",
    "off": 39094,
    "sff": "anatomical"
  },
  {
    "docID": "N180 Mayeur 2013",
    "et": "AnatomicalLocation",
    "off": 19121,
    "sff": "anatomical"
  },
  {
    "docID": "N180 Mayeur 2013",
    "et": "IntraperitonealLocation",
    "off": 13860,
    "sff": "intraperitoneal"
  },
  {
    "docID": "N180 Mayeur 2013",
    "et": "SpinalWhiteMatter",
    "off": 26331,
    "sff": "White Matter"
  },
  {
    "docID": "N180 Mayeur 2013",
    "et": "SpinalWhiteMatter",
    "off": 26135,
    "sff": "White"
  },
  {
    "docID": "N180 Mayeur 2013",
    "et": "SpinalWhiteMatter",
    "off": 34015,
    "sff": "white"
  },
  {
    "docID": "N180 Mayeur 2013",
    "et": "SpinalWhiteMatter",
    "off": 32929,
    "sff": "white"
  },
  {
    "docID": "N180 Mayeur 2013",
    "et": "DeliveryMethod",
    "off": 16008,
    "sff": "delivery"
  },
  {
    "docID": "N180 Mayeur 2013",
    "et": "SpinalDorsalHalf",
    "off": 15151,
    "sff": "dorsal"
  },
  {
    "docID": "N180 Mayeur 2013",
    "et": "SpinalDorsalHalf",
    "off": 14952,
    "sff": "dorsal"
  },
  {
    "docID": "N180 Mayeur 2013",
    "et": "SpinalCord",
    "off": 34456,
    "sff": "cord"
  },
  {
    "docID": "N180 Mayeur 2013",
    "et": "SpinalCord",
    "off": 38615,
    "sff": "cord"
  },
  {
    "docID": "N180 Mayeur 2013",
    "et": "SpinalCord",
    "off": 15181,
    "sff": "cord"
  },
  {
    "docID": "N180 Mayeur 2013",
    "et": "SpinalCord",
    "off": 15370,
    "sff": "cord"
  },
  {
    "docID": "N180 Mayeur 2013",
    "et": "SpinalCord",
    "off": 38986,
    "sff": "cord"
  },
  {
    "docID": "N180 Mayeur 2013",
    "et": "SpinalCord",
    "off": 17164,
    "sff": "cord"
  },
  {
    "docID": "N180 Mayeur 2013",
    "et": "SpinalCord",
    "off": 21196,
    "sff": "cord"
  },
  {
    "docID": "N180 Mayeur 2013",
    "et": "SpinalCord",
    "off": 14469,
    "sff": "cord"
  },
  {
    "docID": "N180 Mayeur 2013",
    "et": "SpinalCord",
    "off": 33157,
    "sff": "cord"
  },
  {
    "docID": "N180 Mayeur 2013",
    "et": "SpinalCord",
    "off": 6280,
    "sff": "cord"
  },
  {
    "docID": "N180 Mayeur 2013",
    "et": "SpinalCord",
    "off": 19527,
    "sff": "cord"
  },
  {
    "docID": "N180 Mayeur 2013",
    "et": "SpinalCord",
    "off": 42756,
    "sff": "cord"
  },
  {
    "docID": "N180 Mayeur 2013",
    "et": "SpinalCord",
    "off": 4484,
    "sff": "cord"
  },
  {
    "docID": "N180 Mayeur 2013",
    "et": "SpinalCord",
    "off": 15236,
    "sff": "cord"
  },
  {
    "docID": "N180 Mayeur 2013",
    "et": "SpinalCord",
    "off": 19390,
    "sff": "cord"
  },
  {
    "docID": "N180 Mayeur 2013",
    "et": "SpinalCord",
    "off": 17535,
    "sff": "cord"
  },
  {
    "docID": "N180 Mayeur 2013",
    "et": "SpinalCord",
    "off": 42619,
    "sff": "cord"
  },
  {
    "docID": "N180 Mayeur 2013",
    "et": "SpinalCord",
    "off": 15676,
    "sff": "cord"
  },
  {
    "docID": "N180 Mayeur 2013",
    "et": "SpinalCord",
    "off": 20988,
    "sff": "cord"
  },
  {
    "docID": "N180 Mayeur 2013",
    "et": "SpinalCord",
    "off": 31164,
    "sff": "cord"
  },
  {
    "docID": "N180 Mayeur 2013",
    "et": "SpinalCord",
    "off": 2811,
    "sff": "cord"
  },
  {
    "docID": "N180 Mayeur 2013",
    "et": "SpinalCord",
    "off": 4151,
    "sff": "cord"
  },
  {
    "docID": "N180 Mayeur 2013",
    "et": "SpinalCord",
    "off": 42358,
    "sff": "cord"
  },
  {
    "docID": "N180 Mayeur 2013",
    "et": "SpinalCord",
    "off": 14642,
    "sff": "cord"
  },
  {
    "docID": "N180 Mayeur 2013",
    "et": "SpinalCord",
    "off": 2929,
    "sff": "cord"
  },
  {
    "docID": "N180 Mayeur 2013",
    "et": "SpinalCord",
    "off": 14065,
    "sff": "cord"
  },
  {
    "docID": "N180 Mayeur 2013",
    "et": "SpinalCord",
    "off": 1839,
    "sff": "cord"
  },
  {
    "docID": "N180 Mayeur 2013",
    "et": "SpinalCord",
    "off": 14319,
    "sff": "cord"
  },
  {
    "docID": "N180 Mayeur 2013",
    "et": "SpinalCord",
    "off": 37167,
    "sff": "cord"
  },
  {
    "docID": "N180 Mayeur 2013",
    "et": "SpinalCord",
    "off": 1126,
    "sff": "cord"
  },
  {
    "docID": "N180 Mayeur 2013",
    "et": "SpinalCord",
    "off": 76,
    "sff": "Cord"
  },
  {
    "docID": "N180 Mayeur 2013",
    "et": "SpinalCord",
    "off": 13705,
    "sff": "Cord"
  },
  {
    "docID": "N180 Mayeur 2013",
    "et": "SpinalCord",
    "off": 34151,
    "sff": "cord"
  },
  {
    "docID": "N180 Mayeur 2013",
    "et": "SpinalCord",
    "off": 6690,
    "sff": "cord"
  },
  {
    "docID": "N180 Mayeur 2013",
    "et": "SpinalCord",
    "off": 23586,
    "sff": "cord"
  },
  {
    "docID": "N180 Mayeur 2013",
    "et": "SpinalCord",
    "off": 14177,
    "sff": "cord"
  },
  {
    "docID": "N180 Mayeur 2013",
    "et": "SpinalCord",
    "off": 15071,
    "sff": "cord"
  },
  {
    "docID": "N180 Mayeur 2013",
    "et": "DorsalColumn",
    "off": 14952,
    "sff": "dorsal"
  },
  {
    "docID": "N180 Mayeur 2013",
    "et": "DorsalColumn",
    "off": 15151,
    "sff": "dorsal"
  },
  {
    "docID": "N180 Mayeur 2013",
    "et": "LesionAdjacentTissue",
    "off": 1865,
    "sff": "lesion"
  },
  {
    "docID": "N180 Mayeur 2013",
    "et": "LesionAdjacentTissue",
    "off": 15337,
    "sff": "lesion"
  },
  {
    "docID": "N180 Mayeur 2013",
    "et": "LesionAdjacentTissue",
    "off": 26515,
    "sff": "lesion"
  },
  {
    "docID": "N180 Mayeur 2013",
    "et": "LesionAdjacentTissue",
    "off": 33955,
    "sff": "lesion"
  },
  {
    "docID": "N180 Mayeur 2013",
    "et": "LesionAdjacentTissue",
    "off": 15700,
    "sff": "lesion"
  },
  {
    "docID": "N180 Mayeur 2013",
    "et": "LesionAdjacentTissue",
    "off": 17652,
    "sff": "lesion"
  },
  {
    "docID": "N180 Mayeur 2013",
    "et": "LesionAdjacentTissue",
    "off": 26162,
    "sff": "lesion"
  },
  {
    "docID": "N180 Mayeur 2013",
    "et": "LesionAdjacentTissue",
    "off": 13710,
    "sff": "Lesion"
  },
  {
    "docID": "N180 Mayeur 2013",
    "et": "LesionAdjacentTissue",
    "off": 33630,
    "sff": "lesion"
  },
  {
    "docID": "N180 Mayeur 2013",
    "et": "SubstanceApplicationLocation",
    "off": 42948,
    "sff": "application"
  },
  {
    "docID": "N180 Mayeur 2013",
    "et": "SubstanceApplicationLocation",
    "off": 37838,
    "sff": "application"
  },
  {
    "docID": "N180 Mayeur 2013",
    "et": "InjectionDelivery",
    "off": 15554,
    "sff": "injection"
  },
  {
    "docID": "N180 Mayeur 2013",
    "et": "InjectionDelivery",
    "off": 15968,
    "sff": "injection"
  },
  {
    "docID": "N180 Mayeur 2013",
    "et": "InjectionDelivery",
    "off": 26119,
    "sff": "injection"
  },
  {
    "docID": "N180 Mayeur 2013",
    "et": "InjectionDelivery",
    "off": 13876,
    "sff": "injection"
  },
  {
    "docID": "N180 Mayeur 2013",
    "et": "InjectionDelivery",
    "off": 33892,
    "sff": "injection"
  },
  {
    "docID": "N180 Mayeur 2013",
    "et": "InjectionDelivery",
    "off": 16040,
    "sff": "injection"
  },
  {
    "docID": "N180 Mayeur 2013",
    "et": "InjectionDelivery",
    "off": 33720,
    "sff": "injection"
  },
  {
    "docID": "N180 Mayeur 2013",
    "et": "SpinalLesionSite",
    "off": 13710,
    "sff": "Lesion"
  },
  {
    "docID": "N180 Mayeur 2013",
    "et": "SpinalLesionSite",
    "off": 15700,
    "sff": "lesion"
  },
  {
    "docID": "N180 Mayeur 2013",
    "et": "SpinalLesionSite",
    "off": 17652,
    "sff": "lesion site"
  },
  {
    "docID": "N180 Mayeur 2013",
    "et": "SpinalLesionSite",
    "off": 26515,
    "sff": "lesion site"
  },
  {
    "docID": "N180 Mayeur 2013",
    "et": "SpinalLesionSite",
    "off": 33955,
    "sff": "lesion site"
  },
  {
    "docID": "N180 Mayeur 2013",
    "et": "SpinalLesionSite",
    "off": 26162,
    "sff": "lesion site"
  },
  {
    "docID": "N180 Mayeur 2013",
    "et": "SpinalLesionSite",
    "off": 33630,
    "sff": "lesion site"
  },
  {
    "docID": "N180 Mayeur 2013",
    "et": "SpinalLesionSite",
    "off": 1865,
    "sff": "lesion"
  },
  {
    "docID": "N180 Mayeur 2013",
    "et": "SpinalLesionSite",
    "off": 15337,
    "sff": "lesion"
  },
  {
    "docID": "N180 Mayeur 2013",
    "et": "T2",
    "off": 33046,
    "sff": "T2"
  },
  {
    "docID": "N180 Mayeur 2013",
    "et": "T2",
    "off": 21408,
    "sff": "T2"
  }
]
