[
  {
    "docID": "N183 Moreno-Flores 2006",
    "et": "AnatomicalLocation",
    "off": 17743,
    "sff": "Anatomical"
  },
  {
    "docID": "N183 Moreno-Flores 2006",
    "et": "AnatomicalLocation",
    "off": 34816,
    "sff": "anatomical"
  },
  {
    "docID": "N183 Moreno-Flores 2006",
    "et": "AnatomicalLocation",
    "off": 33806,
    "sff": "anatomical"
  },
  {
    "docID": "N183 Moreno-Flores 2006",
    "et": "AnatomicalLocation",
    "off": 29244,
    "sff": "anatomical"
  },
  {
    "docID": "N183 Moreno-Flores 2006",
    "et": "Lumbar",
    "off": 19665,
    "sff": "lumbar"
  },
  {
    "docID": "N183 Moreno-Flores 2006",
    "et": "Lumbar",
    "off": 11776,
    "sff": "lumbar"
  },
  {
    "docID": "N183 Moreno-Flores 2006",
    "et": "Lumbar",
    "off": 34606,
    "sff": "lumbar"
  },
  {
    "docID": "N183 Moreno-Flores 2006",
    "et": "Lumbar",
    "off": 11944,
    "sff": "lumbar"
  },
  {
    "docID": "N183 Moreno-Flores 2006",
    "et": "Lumbar",
    "off": 12038,
    "sff": "lumbar"
  },
  {
    "docID": "N183 Moreno-Flores 2006",
    "et": "Lumbar",
    "off": 19923,
    "sff": "lumbar"
  },
  {
    "docID": "N183 Moreno-Flores 2006",
    "et": "Brain",
    "off": 34478,
    "sff": "brain"
  },
  {
    "docID": "N183 Moreno-Flores 2006",
    "et": "AscendingFiberTract",
    "off": 18249,
    "sff": "ascending"
  },
  {
    "docID": "N183 Moreno-Flores 2006",
    "et": "AscendingFiberTract",
    "off": 33833,
    "sff": "ascending"
  },
  {
    "docID": "N183 Moreno-Flores 2006",
    "et": "AscendingFiberTract",
    "off": 34839,
    "sff": "ascending"
  },
  {
    "docID": "N183 Moreno-Flores 2006",
    "et": "AscendingFiberTract",
    "off": 20249,
    "sff": "fiber"
  },
  {
    "docID": "N183 Moreno-Flores 2006",
    "et": "AscendingFiberTract",
    "off": 19040,
    "sff": "ascending"
  },
  {
    "docID": "N183 Moreno-Flores 2006",
    "et": "AscendingFiberTract",
    "off": 8480,
    "sff": "Ascending"
  },
  {
    "docID": "N183 Moreno-Flores 2006",
    "et": "AscendingFiberTract",
    "off": 17820,
    "sff": "ascending"
  },
  {
    "docID": "N183 Moreno-Flores 2006",
    "et": "Intraspinal",
    "off": 30929,
    "sff": "intraspinal"
  },
  {
    "docID": "N183 Moreno-Flores 2006",
    "et": "SpinalFiberTract",
    "off": 20249,
    "sff": "fiber"
  },
  {
    "docID": "N183 Moreno-Flores 2006",
    "et": "SpinalDorsalHalf",
    "off": 20305,
    "sff": "dorsal"
  },
  {
    "docID": "N183 Moreno-Flores 2006",
    "et": "SpinalDorsalHalf",
    "off": 19533,
    "sff": "dorsal"
  },
  {
    "docID": "N183 Moreno-Flores 2006",
    "et": "SpinalDorsalHalf",
    "off": 1063,
    "sff": "dorsal"
  },
  {
    "docID": "N183 Moreno-Flores 2006",
    "et": "SpinalDorsalHalf",
    "off": 19466,
    "sff": "dorsal"
  },
  {
    "docID": "N183 Moreno-Flores 2006",
    "et": "SpinalDorsalHalf",
    "off": 32969,
    "sff": "dorsal"
  },
  {
    "docID": "N183 Moreno-Flores 2006",
    "et": "SpinalDorsalHalf",
    "off": 19782,
    "sff": "dorsal"
  },
  {
    "docID": "N183 Moreno-Flores 2006",
    "et": "SpinalDorsalHalf",
    "off": 5062,
    "sff": "dorsal"
  },
  {
    "docID": "N183 Moreno-Flores 2006",
    "et": "SpinalDorsalHalf",
    "off": 22210,
    "sff": "dorsal"
  },
  {
    "docID": "N183 Moreno-Flores 2006",
    "et": "SpinalDorsalHalf",
    "off": 5436,
    "sff": "dorsal"
  },
  {
    "docID": "N183 Moreno-Flores 2006",
    "et": "SpinalDorsalHalf",
    "off": 8573,
    "sff": "dorsal"
  },
  {
    "docID": "N183 Moreno-Flores 2006",
    "et": "SpinalDorsalHalf",
    "off": 11901,
    "sff": "dorsal"
  },
  {
    "docID": "N183 Moreno-Flores 2006",
    "et": "SpinalDorsalHalf",
    "off": 34878,
    "sff": "dorsal"
  },
  {
    "docID": "N183 Moreno-Flores 2006",
    "et": "SpinalDorsalHalf",
    "off": 18071,
    "sff": "dorsal"
  },
  {
    "docID": "N183 Moreno-Flores 2006",
    "et": "SpinalDorsalHalf",
    "off": 30842,
    "sff": "dorsal"
  },
  {
    "docID": "N183 Moreno-Flores 2006",
    "et": "SpinalDorsalHalf",
    "off": 38202,
    "sff": "dorsal"
  },
  {
    "docID": "N183 Moreno-Flores 2006",
    "et": "SpinalDorsalHalf",
    "off": 20089,
    "sff": "dorsal"
  },
  {
    "docID": "N183 Moreno-Flores 2006",
    "et": "SpinalDorsalHalf",
    "off": 33344,
    "sff": "dorsal half"
  },
  {
    "docID": "N183 Moreno-Flores 2006",
    "et": "SpinalDorsalHalf",
    "off": 14549,
    "sff": "dorsal"
  },
  {
    "docID": "N183 Moreno-Flores 2006",
    "et": "SpinalDorsalHalf",
    "off": 9974,
    "sff": "dorsal"
  },
  {
    "docID": "N183 Moreno-Flores 2006",
    "et": "SpinalVentralHalf",
    "off": 31417,
    "sff": "ventral"
  },
  {
    "docID": "N183 Moreno-Flores 2006",
    "et": "SpinalCord",
    "off": 5160,
    "sff": "cord"
  },
  {
    "docID": "N183 Moreno-Flores 2006",
    "et": "SpinalCord",
    "off": 29867,
    "sff": "cord"
  },
  {
    "docID": "N183 Moreno-Flores 2006",
    "et": "SpinalCord",
    "off": 27307,
    "sff": "cord"
  },
  {
    "docID": "N183 Moreno-Flores 2006",
    "et": "SpinalCord",
    "off": 24879,
    "sff": "cord"
  },
  {
    "docID": "N183 Moreno-Flores 2006",
    "et": "SpinalCord",
    "off": 7329,
    "sff": "cord"
  },
  {
    "docID": "N183 Moreno-Flores 2006",
    "et": "SpinalCord",
    "off": 25378,
    "sff": "cord"
  },
  {
    "docID": "N183 Moreno-Flores 2006",
    "et": "SpinalCord",
    "off": 31271,
    "sff": "cord"
  },
  {
    "docID": "N183 Moreno-Flores 2006",
    "et": "SpinalCord",
    "off": 1339,
    "sff": "cord"
  },
  {
    "docID": "N183 Moreno-Flores 2006",
    "et": "SpinalCord",
    "off": 20285,
    "sff": "cord"
  },
  {
    "docID": "N183 Moreno-Flores 2006",
    "et": "SpinalCord",
    "off": 17596,
    "sff": "cord"
  },
  {
    "docID": "N183 Moreno-Flores 2006",
    "et": "SpinalCord",
    "off": 6975,
    "sff": "cord"
  },
  {
    "docID": "N183 Moreno-Flores 2006",
    "et": "SpinalCord",
    "off": 116,
    "sff": "Cord"
  },
  {
    "docID": "N183 Moreno-Flores 2006",
    "et": "SpinalCord",
    "off": 22066,
    "sff": "cord"
  },
  {
    "docID": "N183 Moreno-Flores 2006",
    "et": "SpinalCord",
    "off": 6581,
    "sff": "cord"
  },
  {
    "docID": "N183 Moreno-Flores 2006",
    "et": "SpinalCord",
    "off": 11958,
    "sff": "cord"
  },
  {
    "docID": "N183 Moreno-Flores 2006",
    "et": "SpinalCord",
    "off": 20043,
    "sff": "cord"
  },
  {
    "docID": "N183 Moreno-Flores 2006",
    "et": "SpinalCord",
    "off": 9037,
    "sff": "cord"
  },
  {
    "docID": "N183 Moreno-Flores 2006",
    "et": "SpinalCord",
    "off": 17738,
    "sff": "Cord"
  },
  {
    "docID": "N183 Moreno-Flores 2006",
    "et": "SpinalCord",
    "off": 35021,
    "sff": "cord"
  },
  {
    "docID": "N183 Moreno-Flores 2006",
    "et": "SpinalCord",
    "off": 6336,
    "sff": "cord"
  },
  {
    "docID": "N183 Moreno-Flores 2006",
    "et": "SpinalCord",
    "off": 14915,
    "sff": "cord"
  },
  {
    "docID": "N183 Moreno-Flores 2006",
    "et": "SpinalCord",
    "off": 25283,
    "sff": "cord"
  },
  {
    "docID": "N183 Moreno-Flores 2006",
    "et": "SpinalCord",
    "off": 30273,
    "sff": "cord"
  },
  {
    "docID": "N183 Moreno-Flores 2006",
    "et": "SpinalCord",
    "off": 5465,
    "sff": "cord"
  },
  {
    "docID": "N183 Moreno-Flores 2006",
    "et": "SpinalCord",
    "off": 33370,
    "sff": "cord"
  },
  {
    "docID": "N183 Moreno-Flores 2006",
    "et": "SpinalCord",
    "off": 12250,
    "sff": "cord"
  },
  {
    "docID": "N183 Moreno-Flores 2006",
    "et": "SpinalCord",
    "off": 16093,
    "sff": "cord"
  },
  {
    "docID": "N183 Moreno-Flores 2006",
    "et": "SpinalCord",
    "off": 19679,
    "sff": "cord"
  },
  {
    "docID": "N183 Moreno-Flores 2006",
    "et": "SpinalCord",
    "off": 38109,
    "sff": "cord"
  },
  {
    "docID": "N183 Moreno-Flores 2006",
    "et": "SpinalCord",
    "off": 38237,
    "sff": "cord"
  },
  {
    "docID": "N183 Moreno-Flores 2006",
    "et": "SpinalCord",
    "off": 1235,
    "sff": "cord"
  },
  {
    "docID": "N183 Moreno-Flores 2006",
    "et": "SpinalCord",
    "off": 26836,
    "sff": "cord"
  },
  {
    "docID": "N183 Moreno-Flores 2006",
    "et": "SpinalCord",
    "off": 15063,
    "sff": "cord"
  },
  {
    "docID": "N183 Moreno-Flores 2006",
    "et": "SpinalCord",
    "off": 9963,
    "sff": "cord"
  },
  {
    "docID": "N183 Moreno-Flores 2006",
    "et": "SpinalCord",
    "off": 36072,
    "sff": "cord"
  },
  {
    "docID": "N183 Moreno-Flores 2006",
    "et": "SpinalCord",
    "off": 30830,
    "sff": "cord"
  },
  {
    "docID": "N183 Moreno-Flores 2006",
    "et": "SpinalCord",
    "off": 26592,
    "sff": "cord"
  },
  {
    "docID": "N183 Moreno-Flores 2006",
    "et": "SpinalCord",
    "off": 5095,
    "sff": "cord"
  },
  {
    "docID": "N183 Moreno-Flores 2006",
    "et": "SpinalCord",
    "off": 3046,
    "sff": "cord"
  },
  {
    "docID": "N183 Moreno-Flores 2006",
    "et": "SpinalCord",
    "off": 28541,
    "sff": "cord"
  },
  {
    "docID": "N183 Moreno-Flores 2006",
    "et": "SpinalCord",
    "off": 36350,
    "sff": "cord"
  },
  {
    "docID": "N183 Moreno-Flores 2006",
    "et": "SpinalCord",
    "off": 17151,
    "sff": "cord"
  },
  {
    "docID": "N183 Moreno-Flores 2006",
    "et": "SpinalCord",
    "off": 32308,
    "sff": "Cord"
  },
  {
    "docID": "N183 Moreno-Flores 2006",
    "et": "SpinalCord",
    "off": 36592,
    "sff": "cord"
  },
  {
    "docID": "N183 Moreno-Flores 2006",
    "et": "SpinalCord",
    "off": 8562,
    "sff": "cord"
  },
  {
    "docID": "N183 Moreno-Flores 2006",
    "et": "SpinalCord",
    "off": 16887,
    "sff": "cord"
  },
  {
    "docID": "N183 Moreno-Flores 2006",
    "et": "SpinalCord",
    "off": 35188,
    "sff": "cord"
  },
  {
    "docID": "N183 Moreno-Flores 2006",
    "et": "SpinalCord",
    "off": 27786,
    "sff": "cord"
  },
  {
    "docID": "N183 Moreno-Flores 2006",
    "et": "SpinalCord",
    "off": 5644,
    "sff": "cord"
  },
  {
    "docID": "N183 Moreno-Flores 2006",
    "et": "SpinalCord",
    "off": 20364,
    "sff": "cord"
  },
  {
    "docID": "N183 Moreno-Flores 2006",
    "et": "SpinalCord",
    "off": 11790,
    "sff": "cord"
  },
  {
    "docID": "N183 Moreno-Flores 2006",
    "et": "SpinalCord",
    "off": 19086,
    "sff": "cord"
  },
  {
    "docID": "N183 Moreno-Flores 2006",
    "et": "SpinalCord",
    "off": 7425,
    "sff": "cord"
  },
  {
    "docID": "N183 Moreno-Flores 2006",
    "et": "SpinalCord",
    "off": 34178,
    "sff": "cord"
  },
  {
    "docID": "N183 Moreno-Flores 2006",
    "et": "SpinalCord",
    "off": 14366,
    "sff": "Cord"
  },
  {
    "docID": "N183 Moreno-Flores 2006",
    "et": "SpinalCord",
    "off": 21785,
    "sff": "cord"
  },
  {
    "docID": "N183 Moreno-Flores 2006",
    "et": "SpinalCord",
    "off": 10008,
    "sff": "cord"
  },
  {
    "docID": "N183 Moreno-Flores 2006",
    "et": "SpinalCord",
    "off": 30875,
    "sff": "cord"
  },
  {
    "docID": "N183 Moreno-Flores 2006",
    "et": "SpinalCord",
    "off": 37016,
    "sff": "cord"
  },
  {
    "docID": "N183 Moreno-Flores 2006",
    "et": "SpinalCord",
    "off": 1050,
    "sff": "cord"
  },
  {
    "docID": "N183 Moreno-Flores 2006",
    "et": "SpinalCord",
    "off": 14487,
    "sff": "cord"
  },
  {
    "docID": "N183 Moreno-Flores 2006",
    "et": "DorsalColumn",
    "off": 8573,
    "sff": "dorsal column"
  },
  {
    "docID": "N183 Moreno-Flores 2006",
    "et": "DorsalColumn",
    "off": 32969,
    "sff": "dorsal"
  },
  {
    "docID": "N183 Moreno-Flores 2006",
    "et": "DorsalColumn",
    "off": 19466,
    "sff": "dorsal"
  },
  {
    "docID": "N183 Moreno-Flores 2006",
    "et": "DorsalColumn",
    "off": 38202,
    "sff": "dorsal column"
  },
  {
    "docID": "N183 Moreno-Flores 2006",
    "et": "DorsalColumn",
    "off": 20089,
    "sff": "dorsal column"
  },
  {
    "docID": "N183 Moreno-Flores 2006",
    "et": "DorsalColumn",
    "off": 9974,
    "sff": "dorsal column"
  },
  {
    "docID": "N183 Moreno-Flores 2006",
    "et": "DorsalColumn",
    "off": 18071,
    "sff": "dorsal"
  },
  {
    "docID": "N183 Moreno-Flores 2006",
    "et": "DorsalColumn",
    "off": 20305,
    "sff": "dorsal column"
  },
  {
    "docID": "N183 Moreno-Flores 2006",
    "et": "DorsalColumn",
    "off": 14549,
    "sff": "dorsal"
  },
  {
    "docID": "N183 Moreno-Flores 2006",
    "et": "DorsalColumn",
    "off": 5436,
    "sff": "dorsal"
  },
  {
    "docID": "N183 Moreno-Flores 2006",
    "et": "DorsalColumn",
    "off": 19533,
    "sff": "dorsal column"
  },
  {
    "docID": "N183 Moreno-Flores 2006",
    "et": "DorsalColumn",
    "off": 30842,
    "sff": "dorsal"
  },
  {
    "docID": "N183 Moreno-Flores 2006",
    "et": "DorsalColumn",
    "off": 33344,
    "sff": "dorsal"
  },
  {
    "docID": "N183 Moreno-Flores 2006",
    "et": "DorsalColumn",
    "off": 11901,
    "sff": "dorsal"
  },
  {
    "docID": "N183 Moreno-Flores 2006",
    "et": "DorsalColumn",
    "off": 34878,
    "sff": "dorsal"
  },
  {
    "docID": "N183 Moreno-Flores 2006",
    "et": "DorsalColumn",
    "off": 1063,
    "sff": "dorsal column"
  },
  {
    "docID": "N183 Moreno-Flores 2006",
    "et": "DorsalColumn",
    "off": 22210,
    "sff": "dorsal column"
  },
  {
    "docID": "N183 Moreno-Flores 2006",
    "et": "DorsalColumn",
    "off": 5062,
    "sff": "dorsal"
  },
  {
    "docID": "N183 Moreno-Flores 2006",
    "et": "DorsalColumn",
    "off": 19782,
    "sff": "dorsal"
  },
  {
    "docID": "N183 Moreno-Flores 2006",
    "et": "LesionAdjacentTissue",
    "off": 10237,
    "sff": "lesion"
  },
  {
    "docID": "N183 Moreno-Flores 2006",
    "et": "LesionAdjacentTissue",
    "off": 9211,
    "sff": "lesion"
  },
  {
    "docID": "N183 Moreno-Flores 2006",
    "et": "LesionAdjacentTissue",
    "off": 9242,
    "sff": "adjacent"
  },
  {
    "docID": "N183 Moreno-Flores 2006",
    "et": "LesionAdjacentTissue",
    "off": 8988,
    "sff": "adjacent"
  },
  {
    "docID": "N183 Moreno-Flores 2006",
    "et": "LesionAdjacentTissue",
    "off": 9603,
    "sff": "lesion"
  },
  {
    "docID": "N183 Moreno-Flores 2006",
    "et": "LesionAdjacentTissue",
    "off": 24067,
    "sff": "lesion"
  },
  {
    "docID": "N183 Moreno-Flores 2006",
    "et": "LesionAdjacentTissue",
    "off": 37250,
    "sff": "lesion"
  },
  {
    "docID": "N183 Moreno-Flores 2006",
    "et": "LesionAdjacentTissue",
    "off": 5257,
    "sff": "lesion"
  },
  {
    "docID": "N183 Moreno-Flores 2006",
    "et": "LesionAdjacentTissue",
    "off": 21257,
    "sff": "lesion"
  },
  {
    "docID": "N183 Moreno-Flores 2006",
    "et": "LesionAdjacentTissue",
    "off": 22151,
    "sff": "lesion"
  },
  {
    "docID": "N183 Moreno-Flores 2006",
    "et": "LesionAdjacentTissue",
    "off": 33425,
    "sff": "lesion"
  },
  {
    "docID": "N183 Moreno-Flores 2006",
    "et": "LesionAdjacentTissue",
    "off": 18703,
    "sff": "lesion"
  },
  {
    "docID": "N183 Moreno-Flores 2006",
    "et": "LesionAdjacentTissue",
    "off": 21519,
    "sff": "lesion"
  },
  {
    "docID": "N183 Moreno-Flores 2006",
    "et": "LesionAdjacentTissue",
    "off": 11538,
    "sff": "lesion"
  },
  {
    "docID": "N183 Moreno-Flores 2006",
    "et": "LesionAdjacentTissue",
    "off": 21010,
    "sff": "lesion"
  },
  {
    "docID": "N183 Moreno-Flores 2006",
    "et": "LesionAdjacentTissue",
    "off": 19091,
    "sff": "lesion"
  },
  {
    "docID": "N183 Moreno-Flores 2006",
    "et": "LesionAdjacentTissue",
    "off": 11673,
    "sff": "lesion"
  },
  {
    "docID": "N183 Moreno-Flores 2006",
    "et": "LesionAdjacentTissue",
    "off": 14621,
    "sff": "lesion"
  },
  {
    "docID": "N183 Moreno-Flores 2006",
    "et": "LesionAdjacentTissue",
    "off": 28957,
    "sff": "lesion"
  },
  {
    "docID": "N183 Moreno-Flores 2006",
    "et": "LesionAdjacentTissue",
    "off": 20384,
    "sff": "lesion"
  },
  {
    "docID": "N183 Moreno-Flores 2006",
    "et": "LesionAdjacentTissue",
    "off": 10401,
    "sff": "lesion"
  },
  {
    "docID": "N183 Moreno-Flores 2006",
    "et": "LesionAdjacentTissue",
    "off": 6524,
    "sff": "adjacent"
  },
  {
    "docID": "N183 Moreno-Flores 2006",
    "et": "LesionAdjacentTissue",
    "off": 11039,
    "sff": "lesion"
  },
  {
    "docID": "N183 Moreno-Flores 2006",
    "et": "LesionAdjacentTissue",
    "off": 20516,
    "sff": "lesion"
  },
  {
    "docID": "N183 Moreno-Flores 2006",
    "et": "LesionAdjacentTissue",
    "off": 28069,
    "sff": "lesion"
  },
  {
    "docID": "N183 Moreno-Flores 2006",
    "et": "LesionAdjacentTissue",
    "off": 8361,
    "sff": "lesion"
  },
  {
    "docID": "N183 Moreno-Flores 2006",
    "et": "LesionAdjacentTissue",
    "off": 21158,
    "sff": "lesion"
  },
  {
    "docID": "N183 Moreno-Flores 2006",
    "et": "LesionAdjacentTissue",
    "off": 37158,
    "sff": "lesion"
  },
  {
    "docID": "N183 Moreno-Flores 2006",
    "et": "LesionAdjacentTissue",
    "off": 10928,
    "sff": "lesion"
  },
  {
    "docID": "N183 Moreno-Flores 2006",
    "et": "LesionAdjacentTissue",
    "off": 21681,
    "sff": "lesion"
  },
  {
    "docID": "N183 Moreno-Flores 2006",
    "et": "LesionAdjacentTissue",
    "off": 11183,
    "sff": "lesion"
  },
  {
    "docID": "N183 Moreno-Flores 2006",
    "et": "LesionAdjacentTissue",
    "off": 20022,
    "sff": "lesion"
  },
  {
    "docID": "N183 Moreno-Flores 2006",
    "et": "LesionAdjacentTissue",
    "off": 21308,
    "sff": "lesion"
  },
  {
    "docID": "N183 Moreno-Flores 2006",
    "et": "LesionAdjacentTissue",
    "off": 11453,
    "sff": "lesion"
  },
  {
    "docID": "N183 Moreno-Flores 2006",
    "et": "LesionAdjacentTissue",
    "off": 32955,
    "sff": "lesion"
  },
  {
    "docID": "N183 Moreno-Flores 2006",
    "et": "LesionAdjacentTissue",
    "off": 9537,
    "sff": "lesion"
  },
  {
    "docID": "N183 Moreno-Flores 2006",
    "et": "LesionAdjacentTissue",
    "off": 30145,
    "sff": "lesion"
  },
  {
    "docID": "N183 Moreno-Flores 2006",
    "et": "LesionAdjacentTissue",
    "off": 1598,
    "sff": "lesion"
  },
  {
    "docID": "N183 Moreno-Flores 2006",
    "et": "LesionAdjacentTissue",
    "off": 36671,
    "sff": "lesion"
  },
  {
    "docID": "N183 Moreno-Flores 2006",
    "et": "LesionAdjacentTissue",
    "off": 19391,
    "sff": "lesion"
  },
  {
    "docID": "N183 Moreno-Flores 2006",
    "et": "LesionAdjacentTissue",
    "off": 10821,
    "sff": "lesion"
  },
  {
    "docID": "N183 Moreno-Flores 2006",
    "et": "LesionAdjacentTissue",
    "off": 11843,
    "sff": "lesion"
  },
  {
    "docID": "N183 Moreno-Flores 2006",
    "et": "LesionAdjacentTissue",
    "off": 33475,
    "sff": "lesion"
  },
  {
    "docID": "N183 Moreno-Flores 2006",
    "et": "LesionAdjacentTissue",
    "off": 38088,
    "sff": "lesion"
  },
  {
    "docID": "N183 Moreno-Flores 2006",
    "et": "LesionAdjacentTissue",
    "off": 38216,
    "sff": "lesion"
  },
  {
    "docID": "N183 Moreno-Flores 2006",
    "et": "LesionAdjacentTissue",
    "off": 17356,
    "sff": "lesion"
  },
  {
    "docID": "N183 Moreno-Flores 2006",
    "et": "LesionAdjacentTissue",
    "off": 1488,
    "sff": "lesion"
  },
  {
    "docID": "N183 Moreno-Flores 2006",
    "et": "LesionAdjacentTissue",
    "off": 18511,
    "sff": "lesion"
  },
  {
    "docID": "N183 Moreno-Flores 2006",
    "et": "LesionAdjacentTissue",
    "off": 10584,
    "sff": "lesion"
  },
  {
    "docID": "N183 Moreno-Flores 2006",
    "et": "LesionAdjacentTissue",
    "off": 23640,
    "sff": "lesion"
  },
  {
    "docID": "N183 Moreno-Flores 2006",
    "et": "LesionAdjacentTissue",
    "off": 9305,
    "sff": "lesion"
  },
  {
    "docID": "N183 Moreno-Flores 2006",
    "et": "LesionAdjacentTissue",
    "off": 19289,
    "sff": "lesion"
  },
  {
    "docID": "N183 Moreno-Flores 2006",
    "et": "LesionAdjacentTissue",
    "off": 34524,
    "sff": "lesion"
  },
  {
    "docID": "N183 Moreno-Flores 2006",
    "et": "LesionAdjacentTissue",
    "off": 10848,
    "sff": "lesion"
  },
  {
    "docID": "N183 Moreno-Flores 2006",
    "et": "LesionAdjacentTissue",
    "off": 30561,
    "sff": "lesion"
  },
  {
    "docID": "N183 Moreno-Flores 2006",
    "et": "LesionAdjacentTissue",
    "off": 6756,
    "sff": "lesion"
  },
  {
    "docID": "N183 Moreno-Flores 2006",
    "et": "LesionAdjacentTissue",
    "off": 24548,
    "sff": "lesion"
  },
  {
    "docID": "N183 Moreno-Flores 2006",
    "et": "LesionAdjacentTissue",
    "off": 28771,
    "sff": "lesion"
  },
  {
    "docID": "N183 Moreno-Flores 2006",
    "et": "LesionAdjacentTissue",
    "off": 8936,
    "sff": "lesion"
  },
  {
    "docID": "N183 Moreno-Flores 2006",
    "et": "LesionAdjacentTissue",
    "off": 37095,
    "sff": "lesion"
  },
  {
    "docID": "N183 Moreno-Flores 2006",
    "et": "LesionAdjacentTissue",
    "off": 20462,
    "sff": "lesion"
  },
  {
    "docID": "N183 Moreno-Flores 2006",
    "et": "LesionAdjacentTissue",
    "off": 24175,
    "sff": "lesion"
  },
  {
    "docID": "N183 Moreno-Flores 2006",
    "et": "LesionAdjacentTissue",
    "off": 36846,
    "sff": "lesion"
  },
  {
    "docID": "N183 Moreno-Flores 2006",
    "et": "LesionAdjacentTissue",
    "off": 11378,
    "sff": "lesion"
  },
  {
    "docID": "N183 Moreno-Flores 2006",
    "et": "LesionAdjacentTissue",
    "off": 37363,
    "sff": "lesion"
  },
  {
    "docID": "N183 Moreno-Flores 2006",
    "et": "LesionAdjacentTissue",
    "off": 16755,
    "sff": "lesion"
  },
  {
    "docID": "N183 Moreno-Flores 2006",
    "et": "LesionAdjacentTissue",
    "off": 21619,
    "sff": "lesion"
  },
  {
    "docID": "N183 Moreno-Flores 2006",
    "et": "LesionAdjacentTissue",
    "off": 28664,
    "sff": "lesion"
  },
  {
    "docID": "N183 Moreno-Flores 2006",
    "et": "LesionAdjacentTissue",
    "off": 20729,
    "sff": "lesion"
  },
  {
    "docID": "N183 Moreno-Flores 2006",
    "et": "LesionAdjacentTissue",
    "off": 34550,
    "sff": "lesion"
  },
  {
    "docID": "N183 Moreno-Flores 2006",
    "et": "LesionAdjacentTissue",
    "off": 16119,
    "sff": "lesion"
  },
  {
    "docID": "N183 Moreno-Flores 2006",
    "et": "LesionAdjacentTissue",
    "off": 18935,
    "sff": "lesion"
  },
  {
    "docID": "N183 Moreno-Flores 2006",
    "et": "Cervical",
    "off": 37000,
    "sff": "cervical"
  },
  {
    "docID": "N183 Moreno-Flores 2006",
    "et": "Cervical",
    "off": 31255,
    "sff": "cervical"
  },
  {
    "docID": "N183 Moreno-Flores 2006",
    "et": "Cervical",
    "off": 21769,
    "sff": "cervical"
  },
  {
    "docID": "N183 Moreno-Flores 2006",
    "et": "Cervical",
    "off": 36576,
    "sff": "cervical"
  },
  {
    "docID": "N183 Moreno-Flores 2006",
    "et": "Cervical",
    "off": 20269,
    "sff": "cervical"
  },
  {
    "docID": "N183 Moreno-Flores 2006",
    "et": "Cervical",
    "off": 34494,
    "sff": "cervical"
  },
  {
    "docID": "N183 Moreno-Flores 2006",
    "et": "CentralNervousSystem",
    "off": 2014,
    "sff": "central nervous"
  },
  {
    "docID": "N183 Moreno-Flores 2006",
    "et": "CentralNervousSystem",
    "off": 2103,
    "sff": "nervous"
  },
  {
    "docID": "N183 Moreno-Flores 2006",
    "et": "CentralNervousSystem",
    "off": 2103,
    "sff": "nervous system"
  },
  {
    "docID": "N183 Moreno-Flores 2006",
    "et": "CentralNervousSystem",
    "off": 18095,
    "sff": "central"
  },
  {
    "docID": "N183 Moreno-Flores 2006",
    "et": "CentralNervousSystem",
    "off": 2014,
    "sff": "central nervous system"
  },
  {
    "docID": "N183 Moreno-Flores 2006",
    "et": "C1",
    "off": 34574,
    "sff": "C1"
  },
  {
    "docID": "N183 Moreno-Flores 2006",
    "et": "C3",
    "off": 14580,
    "sff": "C3"
  },
  {
    "docID": "N183 Moreno-Flores 2006",
    "et": "C3",
    "off": 33000,
    "sff": "C3"
  },
  {
    "docID": "N183 Moreno-Flores 2006",
    "et": "CorticospinalTract",
    "off": 9906,
    "sff": "corticospinal tract"
  },
  {
    "docID": "N183 Moreno-Flores 2006",
    "et": "CorticospinalTract",
    "off": 1552,
    "sff": "corticospinal tract"
  },
  {
    "docID": "N183 Moreno-Flores 2006",
    "et": "CorticospinalTract",
    "off": 19486,
    "sff": "corticospinal tract"
  },
  {
    "docID": "N183 Moreno-Flores 2006",
    "et": "CorticospinalTract",
    "off": 30299,
    "sff": "corticospinal tract"
  },
  {
    "docID": "N183 Moreno-Flores 2006",
    "et": "C7",
    "off": 34578,
    "sff": "C7"
  },
  {
    "docID": "N183 Moreno-Flores 2006",
    "et": "SpinalCentralPart",
    "off": 18095,
    "sff": "central"
  },
  {
    "docID": "N183 Moreno-Flores 2006",
    "et": "SpinalCentralPart",
    "off": 2014,
    "sff": "central"
  },
  {
    "docID": "N183 Moreno-Flores 2006",
    "et": "InjectionDelivery",
    "off": 10054,
    "sff": "injection"
  },
  {
    "docID": "N183 Moreno-Flores 2006",
    "et": "InjectionDelivery",
    "off": 8645,
    "sff": "injection"
  },
  {
    "docID": "N183 Moreno-Flores 2006",
    "et": "InjectionDelivery",
    "off": 16147,
    "sff": "injection"
  },
  {
    "docID": "N183 Moreno-Flores 2006",
    "et": "InjectionDelivery",
    "off": 6721,
    "sff": "injection"
  },
  {
    "docID": "N183 Moreno-Flores 2006",
    "et": "InjectionDelivery",
    "off": 36415,
    "sff": "injection"
  },
  {
    "docID": "N183 Moreno-Flores 2006",
    "et": "InjectionDelivery",
    "off": 15994,
    "sff": "injection"
  },
  {
    "docID": "N183 Moreno-Flores 2006",
    "et": "SpinalLesionSite",
    "off": 11183,
    "sff": "lesion site"
  },
  {
    "docID": "N183 Moreno-Flores 2006",
    "et": "SpinalLesionSite",
    "off": 21681,
    "sff": "lesion site"
  },
  {
    "docID": "N183 Moreno-Flores 2006",
    "et": "SpinalLesionSite",
    "off": 10928,
    "sff": "lesion site"
  },
  {
    "docID": "N183 Moreno-Flores 2006",
    "et": "SpinalLesionSite",
    "off": 20022,
    "sff": "lesion"
  },
  {
    "docID": "N183 Moreno-Flores 2006",
    "et": "SpinalLesionSite",
    "off": 21158,
    "sff": "lesion site"
  },
  {
    "docID": "N183 Moreno-Flores 2006",
    "et": "SpinalLesionSite",
    "off": 28069,
    "sff": "lesion site"
  },
  {
    "docID": "N183 Moreno-Flores 2006",
    "et": "SpinalLesionSite",
    "off": 32955,
    "sff": "lesion"
  },
  {
    "docID": "N183 Moreno-Flores 2006",
    "et": "SpinalLesionSite",
    "off": 8361,
    "sff": "lesion site"
  },
  {
    "docID": "N183 Moreno-Flores 2006",
    "et": "SpinalLesionSite",
    "off": 11039,
    "sff": "lesion site"
  },
  {
    "docID": "N183 Moreno-Flores 2006",
    "et": "SpinalLesionSite",
    "off": 19391,
    "sff": "lesion"
  },
  {
    "docID": "N183 Moreno-Flores 2006",
    "et": "SpinalLesionSite",
    "off": 36671,
    "sff": "lesion"
  },
  {
    "docID": "N183 Moreno-Flores 2006",
    "et": "SpinalLesionSite",
    "off": 9537,
    "sff": "lesion"
  },
  {
    "docID": "N183 Moreno-Flores 2006",
    "et": "SpinalLesionSite",
    "off": 28957,
    "sff": "lesion site"
  },
  {
    "docID": "N183 Moreno-Flores 2006",
    "et": "SpinalLesionSite",
    "off": 30145,
    "sff": "lesion"
  },
  {
    "docID": "N183 Moreno-Flores 2006",
    "et": "SpinalLesionSite",
    "off": 11843,
    "sff": "lesion"
  },
  {
    "docID": "N183 Moreno-Flores 2006",
    "et": "SpinalLesionSite",
    "off": 33475,
    "sff": "lesion"
  },
  {
    "docID": "N183 Moreno-Flores 2006",
    "et": "SpinalLesionSite",
    "off": 10401,
    "sff": "lesion site"
  },
  {
    "docID": "N183 Moreno-Flores 2006",
    "et": "SpinalLesionSite",
    "off": 20384,
    "sff": "lesion site"
  },
  {
    "docID": "N183 Moreno-Flores 2006",
    "et": "SpinalLesionSite",
    "off": 38088,
    "sff": "lesion"
  },
  {
    "docID": "N183 Moreno-Flores 2006",
    "et": "SpinalLesionSite",
    "off": 38216,
    "sff": "lesion"
  },
  {
    "docID": "N183 Moreno-Flores 2006",
    "et": "SpinalLesionSite",
    "off": 17356,
    "sff": "lesion"
  },
  {
    "docID": "N183 Moreno-Flores 2006",
    "et": "SpinalLesionSite",
    "off": 10584,
    "sff": "lesion site"
  },
  {
    "docID": "N183 Moreno-Flores 2006",
    "et": "SpinalLesionSite",
    "off": 18511,
    "sff": "lesion site"
  },
  {
    "docID": "N183 Moreno-Flores 2006",
    "et": "SpinalLesionSite",
    "off": 1488,
    "sff": "lesion site"
  },
  {
    "docID": "N183 Moreno-Flores 2006",
    "et": "SpinalLesionSite",
    "off": 23640,
    "sff": "lesion"
  },
  {
    "docID": "N183 Moreno-Flores 2006",
    "et": "SpinalLesionSite",
    "off": 9305,
    "sff": "lesion"
  },
  {
    "docID": "N183 Moreno-Flores 2006",
    "et": "SpinalLesionSite",
    "off": 10821,
    "sff": "lesion site"
  },
  {
    "docID": "N183 Moreno-Flores 2006",
    "et": "SpinalLesionSite",
    "off": 19289,
    "sff": "lesion"
  },
  {
    "docID": "N183 Moreno-Flores 2006",
    "et": "SpinalLesionSite",
    "off": 1598,
    "sff": "lesion site"
  },
  {
    "docID": "N183 Moreno-Flores 2006",
    "et": "SpinalLesionSite",
    "off": 10848,
    "sff": "lesion"
  },
  {
    "docID": "N183 Moreno-Flores 2006",
    "et": "SpinalLesionSite",
    "off": 11453,
    "sff": "lesion site"
  },
  {
    "docID": "N183 Moreno-Flores 2006",
    "et": "SpinalLesionSite",
    "off": 21308,
    "sff": "lesion site"
  },
  {
    "docID": "N183 Moreno-Flores 2006",
    "et": "SpinalLesionSite",
    "off": 24548,
    "sff": "lesion"
  },
  {
    "docID": "N183 Moreno-Flores 2006",
    "et": "SpinalLesionSite",
    "off": 18935,
    "sff": "lesion site"
  },
  {
    "docID": "N183 Moreno-Flores 2006",
    "et": "SpinalLesionSite",
    "off": 37095,
    "sff": "lesion"
  },
  {
    "docID": "N183 Moreno-Flores 2006",
    "et": "SpinalLesionSite",
    "off": 8936,
    "sff": "lesion"
  },
  {
    "docID": "N183 Moreno-Flores 2006",
    "et": "SpinalLesionSite",
    "off": 9211,
    "sff": "lesion site"
  },
  {
    "docID": "N183 Moreno-Flores 2006",
    "et": "SpinalLesionSite",
    "off": 34550,
    "sff": "lesion site"
  },
  {
    "docID": "N183 Moreno-Flores 2006",
    "et": "SpinalLesionSite",
    "off": 20462,
    "sff": "lesion"
  },
  {
    "docID": "N183 Moreno-Flores 2006",
    "et": "SpinalLesionSite",
    "off": 28664,
    "sff": "lesion site"
  },
  {
    "docID": "N183 Moreno-Flores 2006",
    "et": "SpinalLesionSite",
    "off": 24175,
    "sff": "lesion"
  },
  {
    "docID": "N183 Moreno-Flores 2006",
    "et": "SpinalLesionSite",
    "off": 11378,
    "sff": "lesion"
  },
  {
    "docID": "N183 Moreno-Flores 2006",
    "et": "SpinalLesionSite",
    "off": 37363,
    "sff": "lesion site"
  },
  {
    "docID": "N183 Moreno-Flores 2006",
    "et": "SpinalLesionSite",
    "off": 16755,
    "sff": "lesion"
  },
  {
    "docID": "N183 Moreno-Flores 2006",
    "et": "SpinalLesionSite",
    "off": 21619,
    "sff": "lesion site"
  },
  {
    "docID": "N183 Moreno-Flores 2006",
    "et": "SpinalLesionSite",
    "off": 36846,
    "sff": "lesion site"
  },
  {
    "docID": "N183 Moreno-Flores 2006",
    "et": "SpinalLesionSite",
    "off": 16119,
    "sff": "lesion"
  },
  {
    "docID": "N183 Moreno-Flores 2006",
    "et": "SpinalLesionSite",
    "off": 20729,
    "sff": "lesion"
  },
  {
    "docID": "N183 Moreno-Flores 2006",
    "et": "SpinalLesionSite",
    "off": 6756,
    "sff": "lesion site"
  },
  {
    "docID": "N183 Moreno-Flores 2006",
    "et": "SpinalLesionSite",
    "off": 24067,
    "sff": "lesion"
  },
  {
    "docID": "N183 Moreno-Flores 2006",
    "et": "SpinalLesionSite",
    "off": 28771,
    "sff": "lesion site"
  },
  {
    "docID": "N183 Moreno-Flores 2006",
    "et": "SpinalLesionSite",
    "off": 34524,
    "sff": "lesion site"
  },
  {
    "docID": "N183 Moreno-Flores 2006",
    "et": "SpinalLesionSite",
    "off": 30561,
    "sff": "lesion site"
  },
  {
    "docID": "N183 Moreno-Flores 2006",
    "et": "SpinalLesionSite",
    "off": 5257,
    "sff": "lesion"
  },
  {
    "docID": "N183 Moreno-Flores 2006",
    "et": "SpinalLesionSite",
    "off": 21257,
    "sff": "lesion"
  },
  {
    "docID": "N183 Moreno-Flores 2006",
    "et": "SpinalLesionSite",
    "off": 11673,
    "sff": "lesion site"
  },
  {
    "docID": "N183 Moreno-Flores 2006",
    "et": "SpinalLesionSite",
    "off": 18703,
    "sff": "lesion"
  },
  {
    "docID": "N183 Moreno-Flores 2006",
    "et": "SpinalLesionSite",
    "off": 21519,
    "sff": "lesion site"
  },
  {
    "docID": "N183 Moreno-Flores 2006",
    "et": "SpinalLesionSite",
    "off": 19091,
    "sff": "lesion site"
  },
  {
    "docID": "N183 Moreno-Flores 2006",
    "et": "SpinalLesionSite",
    "off": 11538,
    "sff": "lesion site"
  },
  {
    "docID": "N183 Moreno-Flores 2006",
    "et": "SpinalLesionSite",
    "off": 21010,
    "sff": "lesion site"
  },
  {
    "docID": "N183 Moreno-Flores 2006",
    "et": "SpinalLesionSite",
    "off": 33425,
    "sff": "lesion site"
  },
  {
    "docID": "N183 Moreno-Flores 2006",
    "et": "SpinalLesionSite",
    "off": 22151,
    "sff": "lesion site"
  },
  {
    "docID": "N183 Moreno-Flores 2006",
    "et": "SpinalLesionSite",
    "off": 14621,
    "sff": "lesion"
  },
  {
    "docID": "N183 Moreno-Flores 2006",
    "et": "SpinalLesionSite",
    "off": 10237,
    "sff": "lesion site"
  },
  {
    "docID": "N183 Moreno-Flores 2006",
    "et": "SpinalLesionSite",
    "off": 37250,
    "sff": "lesion site"
  },
  {
    "docID": "N183 Moreno-Flores 2006",
    "et": "SpinalLesionSite",
    "off": 9603,
    "sff": "lesion site"
  },
  {
    "docID": "N183 Moreno-Flores 2006",
    "et": "SpinalLesionSite",
    "off": 20516,
    "sff": "lesion"
  },
  {
    "docID": "N183 Moreno-Flores 2006",
    "et": "SpinalLesionSite",
    "off": 37158,
    "sff": "lesion"
  },
  {
    "docID": "N183 Moreno-Flores 2006",
    "et": "RubrospinalTract",
    "off": 31507,
    "sff": "rubrospinal"
  }
]
