[
  {
    "docID": "N185 Munoz-Quiles 2009",
    "et": "T6",
    "off": 11210,
    "sff": "T6"
  },
  {
    "docID": "N185 Munoz-Quiles 2009",
    "et": "T8",
    "off": 5298,
    "sff": "T8"
  },
  {
    "docID": "N185 Munoz-Quiles 2009",
    "et": "T9",
    "off": 5304,
    "sff": "T9"
  },
  {
    "docID": "N185 Munoz-Quiles 2009",
    "et": "T10",
    "off": 11216,
    "sff": "T10"
  },
  {
    "docID": "N185 Munoz-Quiles 2009",
    "et": "VertebralLocation",
    "off": 6815,
    "sff": "Vertebral"
  },
  {
    "docID": "N185 Munoz-Quiles 2009",
    "et": "VertebralLocation",
    "off": 16795,
    "sff": "vertebral"
  },
  {
    "docID": "N185 Munoz-Quiles 2009",
    "et": "SpinalWhiteMatter",
    "off": 28482,
    "sff": "white"
  },
  {
    "docID": "N185 Munoz-Quiles 2009",
    "et": "SpinalWhiteMatter",
    "off": 19771,
    "sff": "white"
  },
  {
    "docID": "N185 Munoz-Quiles 2009",
    "et": "SpinalDorsalHalf",
    "off": 6502,
    "sff": "dorsal"
  },
  {
    "docID": "N185 Munoz-Quiles 2009",
    "et": "SpinalDorsalHalf",
    "off": 17179,
    "sff": "Dorsal"
  },
  {
    "docID": "N185 Munoz-Quiles 2009",
    "et": "SpinalDorsalHalf",
    "off": 20700,
    "sff": "dorsal"
  },
  {
    "docID": "N185 Munoz-Quiles 2009",
    "et": "SpinalVentralHalf",
    "off": 6491,
    "sff": "ventral"
  },
  {
    "docID": "N185 Munoz-Quiles 2009",
    "et": "SpinalVentralHalf",
    "off": 20716,
    "sff": "ventral"
  },
  {
    "docID": "N185 Munoz-Quiles 2009",
    "et": "SpinalCord",
    "off": 30278,
    "sff": "cord"
  },
  {
    "docID": "N185 Munoz-Quiles 2009",
    "et": "SpinalCord",
    "off": 40771,
    "sff": "cord"
  },
  {
    "docID": "N185 Munoz-Quiles 2009",
    "et": "SpinalCord",
    "off": 10884,
    "sff": "cord"
  },
  {
    "docID": "N185 Munoz-Quiles 2009",
    "et": "SpinalCord",
    "off": 29124,
    "sff": "cord"
  },
  {
    "docID": "N185 Munoz-Quiles 2009",
    "et": "SpinalCord",
    "off": 17161,
    "sff": "cord"
  },
  {
    "docID": "N185 Munoz-Quiles 2009",
    "et": "SpinalCord",
    "off": 16903,
    "sff": "cord"
  },
  {
    "docID": "N185 Munoz-Quiles 2009",
    "et": "SpinalCord",
    "off": 6349,
    "sff": "cord"
  },
  {
    "docID": "N185 Munoz-Quiles 2009",
    "et": "SpinalCord",
    "off": 26190,
    "sff": "cord"
  },
  {
    "docID": "N185 Munoz-Quiles 2009",
    "et": "SpinalCord",
    "off": 1425,
    "sff": "cord"
  },
  {
    "docID": "N185 Munoz-Quiles 2009",
    "et": "SpinalCord",
    "off": 6225,
    "sff": "cord"
  },
  {
    "docID": "N185 Munoz-Quiles 2009",
    "et": "SpinalCord",
    "off": 12305,
    "sff": "cord"
  },
  {
    "docID": "N185 Munoz-Quiles 2009",
    "et": "SpinalCord",
    "off": 1882,
    "sff": "cord"
  },
  {
    "docID": "N185 Munoz-Quiles 2009",
    "et": "SpinalCord",
    "off": 16666,
    "sff": "cord"
  },
  {
    "docID": "N185 Munoz-Quiles 2009",
    "et": "SpinalCord",
    "off": 19799,
    "sff": "cord"
  },
  {
    "docID": "N185 Munoz-Quiles 2009",
    "et": "SpinalCord",
    "off": 31963,
    "sff": "cord"
  },
  {
    "docID": "N185 Munoz-Quiles 2009",
    "et": "SpinalCord",
    "off": 6117,
    "sff": "cord"
  },
  {
    "docID": "N185 Munoz-Quiles 2009",
    "et": "SpinalCord",
    "off": 301,
    "sff": "cord"
  },
  {
    "docID": "N185 Munoz-Quiles 2009",
    "et": "SpinalCord",
    "off": 19693,
    "sff": "cord"
  },
  {
    "docID": "N185 Munoz-Quiles 2009",
    "et": "SpinalCord",
    "off": 11118,
    "sff": "cord"
  },
  {
    "docID": "N185 Munoz-Quiles 2009",
    "et": "SpinalCord",
    "off": 16757,
    "sff": "cord"
  },
  {
    "docID": "N185 Munoz-Quiles 2009",
    "et": "SpinalCord",
    "off": 17208,
    "sff": "cord"
  },
  {
    "docID": "N185 Munoz-Quiles 2009",
    "et": "SpinalCord",
    "off": 30461,
    "sff": "cord"
  },
  {
    "docID": "N185 Munoz-Quiles 2009",
    "et": "SpinalCord",
    "off": 28862,
    "sff": "cord"
  },
  {
    "docID": "N185 Munoz-Quiles 2009",
    "et": "SpinalCord",
    "off": 19899,
    "sff": "cord"
  },
  {
    "docID": "N185 Munoz-Quiles 2009",
    "et": "SpinalCord",
    "off": 28539,
    "sff": "cord"
  },
  {
    "docID": "N185 Munoz-Quiles 2009",
    "et": "Vertebrae",
    "off": 17032,
    "sff": "vertebrae"
  },
  {
    "docID": "N185 Munoz-Quiles 2009",
    "et": "Vertebrae",
    "off": 6889,
    "sff": "vertebrae"
  },
  {
    "docID": "N185 Munoz-Quiles 2009",
    "et": "DorsalColumn",
    "off": 6502,
    "sff": "dorsal"
  },
  {
    "docID": "N185 Munoz-Quiles 2009",
    "et": "DorsalColumn",
    "off": 17179,
    "sff": "Dorsal"
  },
  {
    "docID": "N185 Munoz-Quiles 2009",
    "et": "DorsalColumn",
    "off": 20700,
    "sff": "dorsal"
  },
  {
    "docID": "N185 Munoz-Quiles 2009",
    "et": "LesionAdjacentTissue",
    "off": 32088,
    "sff": "lesion"
  },
  {
    "docID": "N185 Munoz-Quiles 2009",
    "et": "LesionAdjacentTissue",
    "off": 16841,
    "sff": "Lesion"
  },
  {
    "docID": "N185 Munoz-Quiles 2009",
    "et": "LesionAdjacentTissue",
    "off": 30806,
    "sff": "lesion"
  },
  {
    "docID": "N185 Munoz-Quiles 2009",
    "et": "LesionAdjacentTissue",
    "off": 8085,
    "sff": "lesion"
  },
  {
    "docID": "N185 Munoz-Quiles 2009",
    "et": "LesionAdjacentTissue",
    "off": 9723,
    "sff": "lesion"
  },
  {
    "docID": "N185 Munoz-Quiles 2009",
    "et": "LesionAdjacentTissue",
    "off": 17016,
    "sff": "adjacent"
  },
  {
    "docID": "N185 Munoz-Quiles 2009",
    "et": "LesionAdjacentTissue",
    "off": 32818,
    "sff": "lesion"
  },
  {
    "docID": "N185 Munoz-Quiles 2009",
    "et": "LesionAdjacentTissue",
    "off": 5494,
    "sff": "lesion"
  },
  {
    "docID": "N185 Munoz-Quiles 2009",
    "et": "LesionAdjacentTissue",
    "off": 31605,
    "sff": "lesion"
  },
  {
    "docID": "N185 Munoz-Quiles 2009",
    "et": "LesionAdjacentTissue",
    "off": 37100,
    "sff": "lesion"
  },
  {
    "docID": "N185 Munoz-Quiles 2009",
    "et": "LesionAdjacentTissue",
    "off": 8880,
    "sff": "lesion"
  },
  {
    "docID": "N185 Munoz-Quiles 2009",
    "et": "LesionAdjacentTissue",
    "off": 13964,
    "sff": "adjacent"
  },
  {
    "docID": "N185 Munoz-Quiles 2009",
    "et": "LesionAdjacentTissue",
    "off": 19556,
    "sff": "lesion"
  },
  {
    "docID": "N185 Munoz-Quiles 2009",
    "et": "LesionAdjacentTissue",
    "off": 31780,
    "sff": "lesion"
  },
  {
    "docID": "N185 Munoz-Quiles 2009",
    "et": "LesionAdjacentTissue",
    "off": 36836,
    "sff": "lesion"
  },
  {
    "docID": "N185 Munoz-Quiles 2009",
    "et": "LesionAdjacentTissue",
    "off": 37027,
    "sff": "lesion"
  },
  {
    "docID": "N185 Munoz-Quiles 2009",
    "et": "LesionAdjacentTissue",
    "off": 16738,
    "sff": "lesion"
  },
  {
    "docID": "N185 Munoz-Quiles 2009",
    "et": "LesionAdjacentTissue",
    "off": 6880,
    "sff": "adjacent"
  },
  {
    "docID": "N185 Munoz-Quiles 2009",
    "et": "LesionAdjacentTissue",
    "off": 8934,
    "sff": "lesion"
  },
  {
    "docID": "N185 Munoz-Quiles 2009",
    "et": "LesionAdjacentTissue",
    "off": 22245,
    "sff": "lesion"
  },
  {
    "docID": "N185 Munoz-Quiles 2009",
    "et": "LesionAdjacentTissue",
    "off": 7963,
    "sff": "lesion"
  },
  {
    "docID": "N185 Munoz-Quiles 2009",
    "et": "LesionAdjacentTissue",
    "off": 12571,
    "sff": "lesion"
  },
  {
    "docID": "N185 Munoz-Quiles 2009",
    "et": "LesionAdjacentTissue",
    "off": 30297,
    "sff": "lesion"
  },
  {
    "docID": "N185 Munoz-Quiles 2009",
    "et": "LesionAdjacentTissue",
    "off": 28832,
    "sff": "lesion"
  },
  {
    "docID": "N185 Munoz-Quiles 2009",
    "et": "LesionAdjacentTissue",
    "off": 13019,
    "sff": "adjacent"
  },
  {
    "docID": "N185 Munoz-Quiles 2009",
    "et": "CentralNervousSystem",
    "off": 38829,
    "sff": "central"
  },
  {
    "docID": "N185 Munoz-Quiles 2009",
    "et": "CentralNervousSystem",
    "off": 2391,
    "sff": "central"
  },
  {
    "docID": "N185 Munoz-Quiles 2009",
    "et": "SpinalGrayMatter",
    "off": 19001,
    "sff": "gray"
  },
  {
    "docID": "N185 Munoz-Quiles 2009",
    "et": "Location",
    "off": 13728,
    "sff": "location"
  },
  {
    "docID": "N185 Munoz-Quiles 2009",
    "et": "Location",
    "off": 11334,
    "sff": "location"
  },
  {
    "docID": "N185 Munoz-Quiles 2009",
    "et": "VertebralArea",
    "off": 6815,
    "sff": "Vertebral"
  },
  {
    "docID": "N185 Munoz-Quiles 2009",
    "et": "VertebralArea",
    "off": 16795,
    "sff": "vertebral"
  },
  {
    "docID": "N185 Munoz-Quiles 2009",
    "et": "SpinalCentralPart",
    "off": 2391,
    "sff": "central"
  },
  {
    "docID": "N185 Munoz-Quiles 2009",
    "et": "SpinalCentralPart",
    "off": 38829,
    "sff": "central"
  },
  {
    "docID": "N185 Munoz-Quiles 2009",
    "et": "InjectionDelivery",
    "off": 8271,
    "sff": "injection"
  },
  {
    "docID": "N185 Munoz-Quiles 2009",
    "et": "InjectionDelivery",
    "off": 8991,
    "sff": "injection"
  },
  {
    "docID": "N185 Munoz-Quiles 2009",
    "et": "InjectionDelivery",
    "off": 21535,
    "sff": "injection"
  },
  {
    "docID": "N185 Munoz-Quiles 2009",
    "et": "InjectionDelivery",
    "off": 8905,
    "sff": "Injection"
  },
  {
    "docID": "N185 Munoz-Quiles 2009",
    "et": "InjectionDelivery",
    "off": 29249,
    "sff": "injection"
  },
  {
    "docID": "N185 Munoz-Quiles 2009",
    "et": "InjectionDelivery",
    "off": 22614,
    "sff": "injection"
  },
  {
    "docID": "N185 Munoz-Quiles 2009",
    "et": "InjectionDelivery",
    "off": 8023,
    "sff": "injection"
  },
  {
    "docID": "N185 Munoz-Quiles 2009",
    "et": "InjectionDelivery",
    "off": 22538,
    "sff": "injection"
  },
  {
    "docID": "N185 Munoz-Quiles 2009",
    "et": "InjectionDelivery",
    "off": 21612,
    "sff": "injection"
  },
  {
    "docID": "N185 Munoz-Quiles 2009",
    "et": "InjectionDelivery",
    "off": 9645,
    "sff": "injection"
  },
  {
    "docID": "N185 Munoz-Quiles 2009",
    "et": "InjectionDelivery",
    "off": 26125,
    "sff": "injection"
  },
  {
    "docID": "N185 Munoz-Quiles 2009",
    "et": "VertebralSegment",
    "off": 6815,
    "sff": "Vertebral"
  },
  {
    "docID": "N185 Munoz-Quiles 2009",
    "et": "VertebralSegment",
    "off": 16795,
    "sff": "vertebral"
  },
  {
    "docID": "N185 Munoz-Quiles 2009",
    "et": "SpinalLesionSite",
    "off": 28832,
    "sff": "lesion"
  },
  {
    "docID": "N185 Munoz-Quiles 2009",
    "et": "SpinalLesionSite",
    "off": 16738,
    "sff": "lesion"
  },
  {
    "docID": "N185 Munoz-Quiles 2009",
    "et": "SpinalLesionSite",
    "off": 37027,
    "sff": "lesion"
  },
  {
    "docID": "N185 Munoz-Quiles 2009",
    "et": "SpinalLesionSite",
    "off": 19556,
    "sff": "lesion"
  },
  {
    "docID": "N185 Munoz-Quiles 2009",
    "et": "SpinalLesionSite",
    "off": 22245,
    "sff": "lesion"
  },
  {
    "docID": "N185 Munoz-Quiles 2009",
    "et": "SpinalLesionSite",
    "off": 31780,
    "sff": "lesion"
  },
  {
    "docID": "N185 Munoz-Quiles 2009",
    "et": "SpinalLesionSite",
    "off": 36836,
    "sff": "lesion"
  },
  {
    "docID": "N185 Munoz-Quiles 2009",
    "et": "SpinalLesionSite",
    "off": 5494,
    "sff": "lesion"
  },
  {
    "docID": "N185 Munoz-Quiles 2009",
    "et": "SpinalLesionSite",
    "off": 30806,
    "sff": "lesion"
  },
  {
    "docID": "N185 Munoz-Quiles 2009",
    "et": "SpinalLesionSite",
    "off": 30297,
    "sff": "lesion site"
  },
  {
    "docID": "N185 Munoz-Quiles 2009",
    "et": "SpinalLesionSite",
    "off": 32088,
    "sff": "lesion"
  },
  {
    "docID": "N185 Munoz-Quiles 2009",
    "et": "SpinalLesionSite",
    "off": 7963,
    "sff": "lesion"
  },
  {
    "docID": "N185 Munoz-Quiles 2009",
    "et": "SpinalLesionSite",
    "off": 9723,
    "sff": "lesion"
  },
  {
    "docID": "N185 Munoz-Quiles 2009",
    "et": "SpinalLesionSite",
    "off": 12571,
    "sff": "lesion"
  },
  {
    "docID": "N185 Munoz-Quiles 2009",
    "et": "SpinalLesionSite",
    "off": 16841,
    "sff": "Lesion"
  },
  {
    "docID": "N185 Munoz-Quiles 2009",
    "et": "SpinalLesionSite",
    "off": 8880,
    "sff": "lesion"
  },
  {
    "docID": "N185 Munoz-Quiles 2009",
    "et": "SpinalLesionSite",
    "off": 32818,
    "sff": "lesion"
  },
  {
    "docID": "N185 Munoz-Quiles 2009",
    "et": "SpinalLesionSite",
    "off": 31605,
    "sff": "lesion"
  },
  {
    "docID": "N185 Munoz-Quiles 2009",
    "et": "SpinalLesionSite",
    "off": 8085,
    "sff": "lesion"
  },
  {
    "docID": "N185 Munoz-Quiles 2009",
    "et": "SpinalLesionSite",
    "off": 8934,
    "sff": "lesion"
  },
  {
    "docID": "N185 Munoz-Quiles 2009",
    "et": "SpinalLesionSite",
    "off": 37100,
    "sff": "lesion"
  }
]
