[
  {
    "docID": "N188 Negredo 2008",
    "et": "T8",
    "off": 13129,
    "sff": "T8"
  },
  {
    "docID": "N188 Negredo 2008",
    "et": "T9",
    "off": 13132,
    "sff": "T9"
  },
  {
    "docID": "N188 Negredo 2008",
    "et": "SubcutaneousLocation",
    "off": 14160,
    "sff": "subcutaneous"
  },
  {
    "docID": "N188 Negredo 2008",
    "et": "Lumbar",
    "off": 52841,
    "sff": "lumbar"
  },
  {
    "docID": "N188 Negredo 2008",
    "et": "Thoracic",
    "off": 13102,
    "sff": "thoracic"
  },
  {
    "docID": "N188 Negredo 2008",
    "et": "Brain",
    "off": 2640,
    "sff": "brain"
  },
  {
    "docID": "N188 Negredo 2008",
    "et": "SpinalWhiteMatter",
    "off": 19929,
    "sff": "white"
  },
  {
    "docID": "N188 Negredo 2008",
    "et": "SpinalWhiteMatter",
    "off": 19731,
    "sff": "white"
  },
  {
    "docID": "N188 Negredo 2008",
    "et": "SpinalCord",
    "off": 1295,
    "sff": "cord"
  },
  {
    "docID": "N188 Negredo 2008",
    "et": "SpinalCord",
    "off": 3339,
    "sff": "cord"
  },
  {
    "docID": "N188 Negredo 2008",
    "et": "SpinalCord",
    "off": 51660,
    "sff": "cord"
  },
  {
    "docID": "N188 Negredo 2008",
    "et": "SpinalCord",
    "off": 27146,
    "sff": "cord"
  },
  {
    "docID": "N188 Negredo 2008",
    "et": "SpinalCord",
    "off": 13400,
    "sff": "cord"
  },
  {
    "docID": "N188 Negredo 2008",
    "et": "SpinalCord",
    "off": 85,
    "sff": "cord"
  },
  {
    "docID": "N188 Negredo 2008",
    "et": "SpinalCord",
    "off": 47956,
    "sff": "cord"
  },
  {
    "docID": "N188 Negredo 2008",
    "et": "SpinalCord",
    "off": 30163,
    "sff": "cord"
  },
  {
    "docID": "N188 Negredo 2008",
    "et": "SpinalCord",
    "off": 39699,
    "sff": "cord"
  },
  {
    "docID": "N188 Negredo 2008",
    "et": "SpinalCord",
    "off": 13664,
    "sff": "cord"
  },
  {
    "docID": "N188 Negredo 2008",
    "et": "SpinalCord",
    "off": 7198,
    "sff": "cord"
  },
  {
    "docID": "N188 Negredo 2008",
    "et": "SpinalCord",
    "off": 13790,
    "sff": "cord"
  },
  {
    "docID": "N188 Negredo 2008",
    "et": "SpinalCord",
    "off": 14929,
    "sff": "Cord"
  },
  {
    "docID": "N188 Negredo 2008",
    "et": "SpinalCord",
    "off": 50659,
    "sff": "cord"
  },
  {
    "docID": "N188 Negredo 2008",
    "et": "SpinalCord",
    "off": 14689,
    "sff": "cord"
  },
  {
    "docID": "N188 Negredo 2008",
    "et": "SpinalCord",
    "off": 28336,
    "sff": "cord"
  },
  {
    "docID": "N188 Negredo 2008",
    "et": "SpinalCord",
    "off": 35375,
    "sff": "cord"
  },
  {
    "docID": "N188 Negredo 2008",
    "et": "SpinalCord",
    "off": 26414,
    "sff": "cord"
  },
  {
    "docID": "N188 Negredo 2008",
    "et": "SpinalCord",
    "off": 686,
    "sff": "cord"
  },
  {
    "docID": "N188 Negredo 2008",
    "et": "SpinalCord",
    "off": 12014,
    "sff": "cord"
  },
  {
    "docID": "N188 Negredo 2008",
    "et": "SpinalCord",
    "off": 8812,
    "sff": "cord"
  },
  {
    "docID": "N188 Negredo 2008",
    "et": "SpinalCord",
    "off": 11628,
    "sff": "cord"
  },
  {
    "docID": "N188 Negredo 2008",
    "et": "SpinalCord",
    "off": 6122,
    "sff": "cord"
  },
  {
    "docID": "N188 Negredo 2008",
    "et": "SpinalCord",
    "off": 34739,
    "sff": "cord"
  },
  {
    "docID": "N188 Negredo 2008",
    "et": "SpinalCord",
    "off": 13883,
    "sff": "cord"
  },
  {
    "docID": "N188 Negredo 2008",
    "et": "SpinalCord",
    "off": 47547,
    "sff": "cord"
  },
  {
    "docID": "N188 Negredo 2008",
    "et": "SpinalCord",
    "off": 2553,
    "sff": "cord"
  },
  {
    "docID": "N188 Negredo 2008",
    "et": "TailVeinLocation",
    "off": 13043,
    "sff": "tail"
  },
  {
    "docID": "N188 Negredo 2008",
    "et": "LesionAdjacentTissue",
    "off": 14694,
    "sff": "lesion"
  },
  {
    "docID": "N188 Negredo 2008",
    "et": "LesionAdjacentTissue",
    "off": 13284,
    "sff": "lesion"
  },
  {
    "docID": "N188 Negredo 2008",
    "et": "CentralNervousSystem",
    "off": 51564,
    "sff": "central"
  },
  {
    "docID": "N188 Negredo 2008",
    "et": "CentralNervousSystem",
    "off": 53963,
    "sff": "central"
  },
  {
    "docID": "N188 Negredo 2008",
    "et": "CentralNervousSystem",
    "off": 51343,
    "sff": "central"
  },
  {
    "docID": "N188 Negredo 2008",
    "et": "SpinalCentralPart",
    "off": 53963,
    "sff": "central"
  },
  {
    "docID": "N188 Negredo 2008",
    "et": "SpinalCentralPart",
    "off": 51564,
    "sff": "central"
  },
  {
    "docID": "N188 Negredo 2008",
    "et": "SpinalCentralPart",
    "off": 51343,
    "sff": "central"
  },
  {
    "docID": "N188 Negredo 2008",
    "et": "InjectionDelivery",
    "off": 15988,
    "sff": "injection"
  },
  {
    "docID": "N188 Negredo 2008",
    "et": "SpinalLesionSite",
    "off": 13284,
    "sff": "lesion"
  },
  {
    "docID": "N188 Negredo 2008",
    "et": "SpinalLesionSite",
    "off": 14694,
    "sff": "lesion"
  },
  {
    "docID": "N188 Negredo 2008",
    "et": "T3",
    "off": 24890,
    "sff": "T3"
  }
]
