[
  {
    "docID": "N189 Novikova 2011",
    "et": "L1",
    "off": 17216,
    "sff": "L1"
  },
  {
    "docID": "N189 Novikova 2011",
    "et": "Lumbar",
    "off": 15893,
    "sff": "lumbar"
  },
  {
    "docID": "N189 Novikova 2011",
    "et": "Lumbar",
    "off": 31593,
    "sff": "lumbar"
  },
  {
    "docID": "N189 Novikova 2011",
    "et": "Brain",
    "off": 19079,
    "sff": "brain"
  },
  {
    "docID": "N189 Novikova 2011",
    "et": "Intraspinal",
    "off": 28655,
    "sff": "intraspinal"
  },
  {
    "docID": "N189 Novikova 2011",
    "et": "Intraspinal",
    "off": 41007,
    "sff": "intraspinal"
  },
  {
    "docID": "N189 Novikova 2011",
    "et": "Intraspinal",
    "off": 36229,
    "sff": "intraspinal"
  },
  {
    "docID": "N189 Novikova 2011",
    "et": "Intraspinal",
    "off": 35015,
    "sff": "intraspinal"
  },
  {
    "docID": "N189 Novikova 2011",
    "et": "IntraperitonealLocation",
    "off": 18707,
    "sff": "intraperitoneal"
  },
  {
    "docID": "N189 Novikova 2011",
    "et": "SpinalWhiteMatter",
    "off": 34750,
    "sff": "white"
  },
  {
    "docID": "N189 Novikova 2011",
    "et": "SpinalWhiteMatter",
    "off": 35979,
    "sff": "white matter"
  },
  {
    "docID": "N189 Novikova 2011",
    "et": "Intrathecal",
    "off": 45801,
    "sff": "intrathecal"
  },
  {
    "docID": "N189 Novikova 2011",
    "et": "SpinalDorsalHalf",
    "off": 17259,
    "sff": "dorsal"
  },
  {
    "docID": "N189 Novikova 2011",
    "et": "SpinalVentralHalf",
    "off": 18325,
    "sff": "ventral"
  },
  {
    "docID": "N189 Novikova 2011",
    "et": "SpinalVentralHalf",
    "off": 31749,
    "sff": "ventral"
  },
  {
    "docID": "N189 Novikova 2011",
    "et": "SpinalCord",
    "off": 13173,
    "sff": "cord"
  },
  {
    "docID": "N189 Novikova 2011",
    "et": "SpinalCord",
    "off": 38900,
    "sff": "cord"
  },
  {
    "docID": "N189 Novikova 2011",
    "et": "SpinalCord",
    "off": 3447,
    "sff": "cord"
  },
  {
    "docID": "N189 Novikova 2011",
    "et": "SpinalCord",
    "off": 31607,
    "sff": "cord"
  },
  {
    "docID": "N189 Novikova 2011",
    "et": "SpinalCord",
    "off": 7032,
    "sff": "cord"
  },
  {
    "docID": "N189 Novikova 2011",
    "et": "SpinalCord",
    "off": 19181,
    "sff": "cord"
  },
  {
    "docID": "N189 Novikova 2011",
    "et": "SpinalCord",
    "off": 19051,
    "sff": "cord"
  },
  {
    "docID": "N189 Novikova 2011",
    "et": "SpinalCord",
    "off": 42348,
    "sff": "cord"
  },
  {
    "docID": "N189 Novikova 2011",
    "et": "SpinalCord",
    "off": 6385,
    "sff": "cord"
  },
  {
    "docID": "N189 Novikova 2011",
    "et": "SpinalCord",
    "off": 40818,
    "sff": "cord"
  },
  {
    "docID": "N189 Novikova 2011",
    "et": "SpinalCord",
    "off": 1010,
    "sff": "cord"
  },
  {
    "docID": "N189 Novikova 2011",
    "et": "SpinalCord",
    "off": 19952,
    "sff": "cord"
  },
  {
    "docID": "N189 Novikova 2011",
    "et": "SpinalCord",
    "off": 15114,
    "sff": "cord"
  },
  {
    "docID": "N189 Novikova 2011",
    "et": "SpinalCord",
    "off": 5629,
    "sff": "cord"
  },
  {
    "docID": "N189 Novikova 2011",
    "et": "SpinalCord",
    "off": 36734,
    "sff": "cord"
  },
  {
    "docID": "N189 Novikova 2011",
    "et": "SpinalCord",
    "off": 27289,
    "sff": "cord"
  },
  {
    "docID": "N189 Novikova 2011",
    "et": "SpinalCord",
    "off": 43790,
    "sff": "cord"
  },
  {
    "docID": "N189 Novikova 2011",
    "et": "SpinalCord",
    "off": 14990,
    "sff": "cord"
  },
  {
    "docID": "N189 Novikova 2011",
    "et": "SpinalCord",
    "off": 26383,
    "sff": "cord"
  },
  {
    "docID": "N189 Novikova 2011",
    "et": "SpinalCord",
    "off": 46096,
    "sff": "cord"
  },
  {
    "docID": "N189 Novikova 2011",
    "et": "SpinalCord",
    "off": 15907,
    "sff": "cord"
  },
  {
    "docID": "N189 Novikova 2011",
    "et": "SpinalCord",
    "off": 6948,
    "sff": "cord"
  },
  {
    "docID": "N189 Novikova 2011",
    "et": "SpinalCord",
    "off": 20007,
    "sff": "cord"
  },
  {
    "docID": "N189 Novikova 2011",
    "et": "SpinalCord",
    "off": 2205,
    "sff": "cord"
  },
  {
    "docID": "N189 Novikova 2011",
    "et": "SpinalCord",
    "off": 25246,
    "sff": "cord"
  },
  {
    "docID": "N189 Novikova 2011",
    "et": "SpinalCord",
    "off": 12315,
    "sff": "cord"
  },
  {
    "docID": "N189 Novikova 2011",
    "et": "SpinalCord",
    "off": 30235,
    "sff": "cord"
  },
  {
    "docID": "N189 Novikova 2011",
    "et": "SpinalCord",
    "off": 38684,
    "sff": "cord"
  },
  {
    "docID": "N189 Novikova 2011",
    "et": "SpinalCord",
    "off": 15260,
    "sff": "cord"
  },
  {
    "docID": "N189 Novikova 2011",
    "et": "SpinalCord",
    "off": 5429,
    "sff": "cord"
  },
  {
    "docID": "N189 Novikova 2011",
    "et": "SpinalCord",
    "off": 37818,
    "sff": "cord"
  },
  {
    "docID": "N189 Novikova 2011",
    "et": "SpinalCord",
    "off": 3258,
    "sff": "cord"
  },
  {
    "docID": "N189 Novikova 2011",
    "et": "SpinalCord",
    "off": 17836,
    "sff": "cord"
  },
  {
    "docID": "N189 Novikova 2011",
    "et": "SpinalCord",
    "off": 22577,
    "sff": "cord"
  },
  {
    "docID": "N189 Novikova 2011",
    "et": "SpinalCord",
    "off": 43314,
    "sff": "cord"
  },
  {
    "docID": "N189 Novikova 2011",
    "et": "SpinalCord",
    "off": 44229,
    "sff": "cord"
  },
  {
    "docID": "N189 Novikova 2011",
    "et": "SpinalCord",
    "off": 27721,
    "sff": "cord"
  },
  {
    "docID": "N189 Novikova 2011",
    "et": "SpinalCord",
    "off": 17226,
    "sff": "cord"
  },
  {
    "docID": "N189 Novikova 2011",
    "et": "SpinalCord",
    "off": 42567,
    "sff": "cord"
  },
  {
    "docID": "N189 Novikova 2011",
    "et": "SpinalCord",
    "off": 35518,
    "sff": "cord"
  },
  {
    "docID": "N189 Novikova 2011",
    "et": "SpinalCord",
    "off": 6462,
    "sff": "cord"
  },
  {
    "docID": "N189 Novikova 2011",
    "et": "SpinalCord",
    "off": 4667,
    "sff": "cord"
  },
  {
    "docID": "N189 Novikova 2011",
    "et": "SpinalCord",
    "off": 39356,
    "sff": "cord"
  },
  {
    "docID": "N189 Novikova 2011",
    "et": "SpinalCord",
    "off": 4028,
    "sff": "cord"
  },
  {
    "docID": "N189 Novikova 2011",
    "et": "SpinalCord",
    "off": 20674,
    "sff": "cord"
  },
  {
    "docID": "N189 Novikova 2011",
    "et": "SpinalCord",
    "off": 29760,
    "sff": "cord"
  },
  {
    "docID": "N189 Novikova 2011",
    "et": "SpinalCord",
    "off": 4948,
    "sff": "cord"
  },
  {
    "docID": "N189 Novikova 2011",
    "et": "SpinalCord",
    "off": 601,
    "sff": "cord"
  },
  {
    "docID": "N189 Novikova 2011",
    "et": "SpinalCord",
    "off": 78,
    "sff": "cord"
  },
  {
    "docID": "N189 Novikova 2011",
    "et": "SpinalCord",
    "off": 43085,
    "sff": "cord"
  },
  {
    "docID": "N189 Novikova 2011",
    "et": "SpinalCord",
    "off": 26060,
    "sff": "cord"
  },
  {
    "docID": "N189 Novikova 2011",
    "et": "SpinalCord",
    "off": 34793,
    "sff": "cord"
  },
  {
    "docID": "N189 Novikova 2011",
    "et": "SpinalCord",
    "off": 37223,
    "sff": "cord"
  },
  {
    "docID": "N189 Novikova 2011",
    "et": "SpinalCord",
    "off": 2398,
    "sff": "cord"
  },
  {
    "docID": "N189 Novikova 2011",
    "et": "DorsalColumn",
    "off": 17259,
    "sff": "dorsal"
  },
  {
    "docID": "N189 Novikova 2011",
    "et": "LesionAdjacentTissue",
    "off": 15076,
    "sff": "adjacent"
  },
  {
    "docID": "N189 Novikova 2011",
    "et": "LesionAdjacentTissue",
    "off": 28075,
    "sff": "lesion"
  },
  {
    "docID": "N189 Novikova 2011",
    "et": "LesionAdjacentTissue",
    "off": 33833,
    "sff": "lesion"
  },
  {
    "docID": "N189 Novikova 2011",
    "et": "LesionAdjacentTissue",
    "off": 35913,
    "sff": "lesion"
  },
  {
    "docID": "N189 Novikova 2011",
    "et": "LesionAdjacentTissue",
    "off": 43762,
    "sff": "lesion"
  },
  {
    "docID": "N189 Novikova 2011",
    "et": "LesionAdjacentTissue",
    "off": 3512,
    "sff": "lesion"
  },
  {
    "docID": "N189 Novikova 2011",
    "et": "LesionAdjacentTissue",
    "off": 17559,
    "sff": "lesion"
  },
  {
    "docID": "N189 Novikova 2011",
    "et": "LesionAdjacentTissue",
    "off": 6038,
    "sff": "lesion"
  },
  {
    "docID": "N189 Novikova 2011",
    "et": "LesionAdjacentTissue",
    "off": 37020,
    "sff": "lesion"
  },
  {
    "docID": "N189 Novikova 2011",
    "et": "LesionAdjacentTissue",
    "off": 6845,
    "sff": "lesion"
  },
  {
    "docID": "N189 Novikova 2011",
    "et": "LesionAdjacentTissue",
    "off": 34493,
    "sff": "lesion"
  },
  {
    "docID": "N189 Novikova 2011",
    "et": "LesionAdjacentTissue",
    "off": 16580,
    "sff": "lesion"
  },
  {
    "docID": "N189 Novikova 2011",
    "et": "LesionAdjacentTissue",
    "off": 5506,
    "sff": "lesion"
  },
  {
    "docID": "N189 Novikova 2011",
    "et": "InfusionDelivery",
    "off": 45813,
    "sff": "infusion"
  },
  {
    "docID": "N189 Novikova 2011",
    "et": "Cervical",
    "off": 27413,
    "sff": "cervical"
  },
  {
    "docID": "N189 Novikova 2011",
    "et": "Cervical",
    "off": 1156,
    "sff": "cervical"
  },
  {
    "docID": "N189 Novikova 2011",
    "et": "Cervical",
    "off": 6932,
    "sff": "cervical"
  },
  {
    "docID": "N189 Novikova 2011",
    "et": "Cervical",
    "off": 15028,
    "sff": "cervical"
  },
  {
    "docID": "N189 Novikova 2011",
    "et": "Cervical",
    "off": 32419,
    "sff": "cervical"
  },
  {
    "docID": "N189 Novikova 2011",
    "et": "Cervical",
    "off": 26367,
    "sff": "cervical"
  },
  {
    "docID": "N189 Novikova 2011",
    "et": "Cervical",
    "off": 35502,
    "sff": "cervical"
  },
  {
    "docID": "N189 Novikova 2011",
    "et": "Cervical",
    "off": 27884,
    "sff": "cervical"
  },
  {
    "docID": "N189 Novikova 2011",
    "et": "Cervical",
    "off": 26044,
    "sff": "cervical"
  },
  {
    "docID": "N189 Novikova 2011",
    "et": "Cervical",
    "off": 31849,
    "sff": "cervical"
  },
  {
    "docID": "N189 Novikova 2011",
    "et": "CentralNervousSystem",
    "off": 2332,
    "sff": "nervous"
  },
  {
    "docID": "N189 Novikova 2011",
    "et": "CentralNervousSystem",
    "off": 3682,
    "sff": "nervous"
  },
  {
    "docID": "N189 Novikova 2011",
    "et": "CentralNervousSystem",
    "off": 2332,
    "sff": "nervous system"
  },
  {
    "docID": "N189 Novikova 2011",
    "et": "CentralNervousSystem",
    "off": 3816,
    "sff": "central"
  },
  {
    "docID": "N189 Novikova 2011",
    "et": "SpinalGrayMatter",
    "off": 15085,
    "sff": "gray matter"
  },
  {
    "docID": "N189 Novikova 2011",
    "et": "SpinalGrayMatter",
    "off": 26222,
    "sff": "gray matter"
  },
  {
    "docID": "N189 Novikova 2011",
    "et": "SpinalGrayMatter",
    "off": 32912,
    "sff": "gray matter"
  },
  {
    "docID": "N189 Novikova 2011",
    "et": "SpinalGrayMatter",
    "off": 33244,
    "sff": "gray matter"
  },
  {
    "docID": "N189 Novikova 2011",
    "et": "SpinalGrayMatter",
    "off": 34760,
    "sff": "gray matter"
  },
  {
    "docID": "N189 Novikova 2011",
    "et": "SpinalGrayMatter",
    "off": 34083,
    "sff": "gray matter"
  },
  {
    "docID": "N189 Novikova 2011",
    "et": "Location",
    "off": 6417,
    "sff": "location"
  },
  {
    "docID": "N189 Novikova 2011",
    "et": "SubstanceApplicationLocation",
    "off": 15874,
    "sff": "application"
  },
  {
    "docID": "N189 Novikova 2011",
    "et": "SubstanceApplicationLocation",
    "off": 31574,
    "sff": "application"
  },
  {
    "docID": "N189 Novikova 2011",
    "et": "C2",
    "off": 22750,
    "sff": "C2"
  },
  {
    "docID": "N189 Novikova 2011",
    "et": "C2",
    "off": 32416,
    "sff": "C2"
  },
  {
    "docID": "N189 Novikova 2011",
    "et": "C2",
    "off": 22567,
    "sff": "C2"
  },
  {
    "docID": "N189 Novikova 2011",
    "et": "C3",
    "off": 19195,
    "sff": "C3"
  },
  {
    "docID": "N189 Novikova 2011",
    "et": "C3",
    "off": 19942,
    "sff": "C3"
  },
  {
    "docID": "N189 Novikova 2011",
    "et": "C3",
    "off": 19065,
    "sff": "C3"
  },
  {
    "docID": "N189 Novikova 2011",
    "et": "C4",
    "off": 31858,
    "sff": "C4"
  },
  {
    "docID": "N189 Novikova 2011",
    "et": "C4",
    "off": 15104,
    "sff": "C4"
  },
  {
    "docID": "N189 Novikova 2011",
    "et": "C4",
    "off": 19994,
    "sff": "C4"
  },
  {
    "docID": "N189 Novikova 2011",
    "et": "C4",
    "off": 1165,
    "sff": "C4"
  },
  {
    "docID": "N189 Novikova 2011",
    "et": "C5",
    "off": 19198,
    "sff": "C5"
  },
  {
    "docID": "N189 Novikova 2011",
    "et": "C5",
    "off": 19997,
    "sff": "C5"
  },
  {
    "docID": "N189 Novikova 2011",
    "et": "C5",
    "off": 19068,
    "sff": "C5"
  },
  {
    "docID": "N189 Novikova 2011",
    "et": "CorticospinalTract",
    "off": 42378,
    "sff": "corticospinal"
  },
  {
    "docID": "N189 Novikova 2011",
    "et": "SpinalCentralPart",
    "off": 3816,
    "sff": "central"
  },
  {
    "docID": "N189 Novikova 2011",
    "et": "InjectionDelivery",
    "off": 25749,
    "sff": "injection"
  },
  {
    "docID": "N189 Novikova 2011",
    "et": "InjectionDelivery",
    "off": 30326,
    "sff": "injection"
  },
  {
    "docID": "N189 Novikova 2011",
    "et": "InjectionDelivery",
    "off": 31032,
    "sff": "injection"
  },
  {
    "docID": "N189 Novikova 2011",
    "et": "InjectionDelivery",
    "off": 36472,
    "sff": "injection"
  },
  {
    "docID": "N189 Novikova 2011",
    "et": "InjectionDelivery",
    "off": 30457,
    "sff": "injection"
  },
  {
    "docID": "N189 Novikova 2011",
    "et": "InjectionDelivery",
    "off": 36329,
    "sff": "injection"
  },
  {
    "docID": "N189 Novikova 2011",
    "et": "InjectionDelivery",
    "off": 25540,
    "sff": "Injection"
  },
  {
    "docID": "N189 Novikova 2011",
    "et": "InjectionDelivery",
    "off": 30186,
    "sff": "injection"
  },
  {
    "docID": "N189 Novikova 2011",
    "et": "InjectionDelivery",
    "off": 35660,
    "sff": "injection"
  },
  {
    "docID": "N189 Novikova 2011",
    "et": "InjectionDelivery",
    "off": 1422,
    "sff": "injection"
  },
  {
    "docID": "N189 Novikova 2011",
    "et": "InjectionDelivery",
    "off": 31408,
    "sff": "injection"
  },
  {
    "docID": "N189 Novikova 2011",
    "et": "SpinalLesionSite",
    "off": 5506,
    "sff": "lesion"
  },
  {
    "docID": "N189 Novikova 2011",
    "et": "SpinalLesionSite",
    "off": 16580,
    "sff": "lesion site"
  },
  {
    "docID": "N189 Novikova 2011",
    "et": "SpinalLesionSite",
    "off": 6038,
    "sff": "lesion site"
  },
  {
    "docID": "N189 Novikova 2011",
    "et": "SpinalLesionSite",
    "off": 17559,
    "sff": "lesion"
  },
  {
    "docID": "N189 Novikova 2011",
    "et": "SpinalLesionSite",
    "off": 43762,
    "sff": "lesion site"
  },
  {
    "docID": "N189 Novikova 2011",
    "et": "SpinalLesionSite",
    "off": 28075,
    "sff": "lesion site"
  },
  {
    "docID": "N189 Novikova 2011",
    "et": "SpinalLesionSite",
    "off": 37020,
    "sff": "lesion site"
  },
  {
    "docID": "N189 Novikova 2011",
    "et": "SpinalLesionSite",
    "off": 6845,
    "sff": "lesion site"
  },
  {
    "docID": "N189 Novikova 2011",
    "et": "SpinalLesionSite",
    "off": 34493,
    "sff": "lesion site"
  },
  {
    "docID": "N189 Novikova 2011",
    "et": "SpinalLesionSite",
    "off": 3512,
    "sff": "lesion site"
  },
  {
    "docID": "N189 Novikova 2011",
    "et": "SpinalLesionSite",
    "off": 33833,
    "sff": "lesion site"
  },
  {
    "docID": "N189 Novikova 2011",
    "et": "SpinalLesionSite",
    "off": 35913,
    "sff": "lesion site"
  },
  {
    "docID": "N189 Novikova 2011",
    "et": "RubrospinalTract",
    "off": 21836,
    "sff": "rubrospinal"
  },
  {
    "docID": "N189 Novikova 2011",
    "et": "RubrospinalTract",
    "off": 43596,
    "sff": "rubrospinal"
  },
  {
    "docID": "N189 Novikova 2011",
    "et": "RubrospinalTract",
    "off": 31885,
    "sff": "rubrospinal"
  },
  {
    "docID": "N189 Novikova 2011",
    "et": "RubrospinalTract",
    "off": 23310,
    "sff": "rubrospinal"
  },
  {
    "docID": "N189 Novikova 2011",
    "et": "RubrospinalTract",
    "off": 33678,
    "sff": "rubrospinal"
  },
  {
    "docID": "N189 Novikova 2011",
    "et": "RubrospinalTract",
    "off": 17672,
    "sff": "rubrospinal"
  },
  {
    "docID": "N189 Novikova 2011",
    "et": "RubrospinalTract",
    "off": 33098,
    "sff": "rubrospinal"
  },
  {
    "docID": "N189 Novikova 2011",
    "et": "RubrospinalTract",
    "off": 26180,
    "sff": "rubrospinal"
  },
  {
    "docID": "N189 Novikova 2011",
    "et": "RubrospinalTract",
    "off": 17088,
    "sff": "rubrospinal"
  },
  {
    "docID": "N189 Novikova 2011",
    "et": "RubrospinalTract",
    "off": 33281,
    "sff": "rubrospinal"
  },
  {
    "docID": "N189 Novikova 2011",
    "et": "RubrospinalTract",
    "off": 45123,
    "sff": "rubrospinal"
  },
  {
    "docID": "N189 Novikova 2011",
    "et": "RubrospinalTract",
    "off": 1817,
    "sff": "rubrospinal"
  },
  {
    "docID": "N189 Novikova 2011",
    "et": "RubrospinalTract",
    "off": 19865,
    "sff": "rubrospinal"
  },
  {
    "docID": "N189 Novikova 2011",
    "et": "RubrospinalTract",
    "off": 15963,
    "sff": "rubrospinal"
  },
  {
    "docID": "N189 Novikova 2011",
    "et": "RubrospinalTract",
    "off": 43035,
    "sff": "rubrospinal"
  },
  {
    "docID": "N189 Novikova 2011",
    "et": "RubrospinalTract",
    "off": 31508,
    "sff": "rubrospinal"
  },
  {
    "docID": "N189 Novikova 2011",
    "et": "RubrospinalTract",
    "off": 43733,
    "sff": "rubrospinal"
  },
  {
    "docID": "N189 Novikova 2011",
    "et": "RubrospinalTract",
    "off": 22480,
    "sff": "Rubrospinal"
  },
  {
    "docID": "N189 Novikova 2011",
    "et": "RubrospinalTract",
    "off": 26007,
    "sff": "rubrospinal"
  },
  {
    "docID": "N189 Novikova 2011",
    "et": "RubrospinalTract",
    "off": 17318,
    "sff": "rubrospinal tract"
  },
  {
    "docID": "N189 Novikova 2011",
    "et": "RubrospinalTract",
    "off": 43217,
    "sff": "rubrospinal"
  },
  {
    "docID": "N189 Novikova 2011",
    "et": "RubrospinalTract",
    "off": 34578,
    "sff": "rubrospinal"
  },
  {
    "docID": "N189 Novikova 2011",
    "et": "RubrospinalTract",
    "off": 35474,
    "sff": "rubrospinal"
  },
  {
    "docID": "N189 Novikova 2011",
    "et": "RubrospinalTract",
    "off": 1899,
    "sff": "rubrospinal"
  },
  {
    "docID": "N189 Novikova 2011",
    "et": "RubrospinalTract",
    "off": 22444,
    "sff": "rubrospinal"
  },
  {
    "docID": "N189 Novikova 2011",
    "et": "RubrospinalTract",
    "off": 34285,
    "sff": "rubrospinal"
  },
  {
    "docID": "N189 Novikova 2011",
    "et": "RubrospinalTract",
    "off": 1709,
    "sff": "rubrospinal"
  },
  {
    "docID": "N189 Novikova 2011",
    "et": "RubrospinalTract",
    "off": 27755,
    "sff": "rubrospinal"
  },
  {
    "docID": "N189 Novikova 2011",
    "et": "RubrospinalTract",
    "off": 32171,
    "sff": "rubrospinal"
  },
  {
    "docID": "N189 Novikova 2011",
    "et": "RubrospinalTract",
    "off": 36132,
    "sff": "rubrospinal"
  },
  {
    "docID": "N189 Novikova 2011",
    "et": "RubrospinalTract",
    "off": 45734,
    "sff": "rubrospinal"
  },
  {
    "docID": "N189 Novikova 2011",
    "et": "RubrospinalTract",
    "off": 1510,
    "sff": "rubrospinal"
  },
  {
    "docID": "N189 Novikova 2011",
    "et": "RubrospinalTract",
    "off": 26275,
    "sff": "rubrospinal"
  },
  {
    "docID": "N189 Novikova 2011",
    "et": "RubrospinalTract",
    "off": 32995,
    "sff": "rubrospinal"
  },
  {
    "docID": "N189 Novikova 2011",
    "et": "RubrospinalTract",
    "off": 34168,
    "sff": "rubrospinal"
  },
  {
    "docID": "N189 Novikova 2011",
    "et": "RubrospinalTract",
    "off": 17017,
    "sff": "rubrospinal"
  },
  {
    "docID": "N189 Novikova 2011",
    "et": "RubrospinalTract",
    "off": 32761,
    "sff": "rubrospinal"
  },
  {
    "docID": "N189 Novikova 2011",
    "et": "RubrospinalTract",
    "off": 6906,
    "sff": "rubrospinal"
  },
  {
    "docID": "N189 Novikova 2011",
    "et": "RubrospinalTract",
    "off": 26107,
    "sff": "rubrospinal"
  },
  {
    "docID": "N189 Novikova 2011",
    "et": "RubrospinalTract",
    "off": 28027,
    "sff": "rubrospinal"
  },
  {
    "docID": "N189 Novikova 2011",
    "et": "RubrospinalTract",
    "off": 33908,
    "sff": "rubrospinal"
  },
  {
    "docID": "N189 Novikova 2011",
    "et": "RubrospinalTract",
    "off": 22705,
    "sff": "Rubrospinal"
  },
  {
    "docID": "N189 Novikova 2011",
    "et": "RubrospinalTract",
    "off": 32502,
    "sff": "rubrospinal"
  },
  {
    "docID": "N189 Novikova 2011",
    "et": "RubrospinalTract",
    "off": 35953,
    "sff": "rubrospinal"
  },
  {
    "docID": "N189 Novikova 2011",
    "et": "RubrospinalTract",
    "off": 17714,
    "sff": "rubrospinal"
  },
  {
    "docID": "N189 Novikova 2011",
    "et": "RubrospinalTract",
    "off": 45682,
    "sff": "rubrospinal"
  }
]
