[
  {
    "docID": "N190 Pearse 2004",
    "et": "T6",
    "off": 9506,
    "sff": "T6"
  },
  {
    "docID": "N190 Pearse 2004",
    "et": "T8",
    "off": 9349,
    "sff": "T8"
  },
  {
    "docID": "N190 Pearse 2004",
    "et": "T9",
    "off": 9410,
    "sff": "T9"
  },
  {
    "docID": "N190 Pearse 2004",
    "et": "T11",
    "off": 13656,
    "sff": "T11"
  },
  {
    "docID": "N190 Pearse 2004",
    "et": "T10",
    "off": 13648,
    "sff": "T10"
  },
  {
    "docID": "N190 Pearse 2004",
    "et": "T12",
    "off": 9513,
    "sff": "T12"
  },
  {
    "docID": "N190 Pearse 2004",
    "et": "SuperficialDelivery",
    "off": 9265,
    "sff": "superficial"
  },
  {
    "docID": "N190 Pearse 2004",
    "et": "Thoracic",
    "off": 9331,
    "sff": "thoracic"
  },
  {
    "docID": "N190 Pearse 2004",
    "et": "Thoracic",
    "off": 9239,
    "sff": "thoracic"
  },
  {
    "docID": "N190 Pearse 2004",
    "et": "Thoracic",
    "off": 14286,
    "sff": "thoracic"
  },
  {
    "docID": "N190 Pearse 2004",
    "et": "Thoracic",
    "off": 768,
    "sff": "thoracic"
  },
  {
    "docID": "N190 Pearse 2004",
    "et": "Thoracic",
    "off": 39615,
    "sff": "thoracic"
  },
  {
    "docID": "N190 Pearse 2004",
    "et": "Brain",
    "off": 44432,
    "sff": "brain"
  },
  {
    "docID": "N190 Pearse 2004",
    "et": "Brain",
    "off": 18065,
    "sff": "brain"
  },
  {
    "docID": "N190 Pearse 2004",
    "et": "Brain",
    "off": 11924,
    "sff": "brain"
  },
  {
    "docID": "N190 Pearse 2004",
    "et": "AscendingFiberTract",
    "off": 19388,
    "sff": "fiber"
  },
  {
    "docID": "N190 Pearse 2004",
    "et": "AscendingFiberTract",
    "off": 6094,
    "sff": "ascending"
  },
  {
    "docID": "N190 Pearse 2004",
    "et": "AscendingFiberTract",
    "off": 7674,
    "sff": "fiber"
  },
  {
    "docID": "N190 Pearse 2004",
    "et": "AscendingFiberTract",
    "off": 33738,
    "sff": "fiber"
  },
  {
    "docID": "N190 Pearse 2004",
    "et": "AscendingFiberTract",
    "off": 34099,
    "sff": "fiber"
  },
  {
    "docID": "N190 Pearse 2004",
    "et": "AscendingFiberTract",
    "off": 7460,
    "sff": "fiber"
  },
  {
    "docID": "N190 Pearse 2004",
    "et": "AscendingFiberTract",
    "off": 1589,
    "sff": "fiber"
  },
  {
    "docID": "N190 Pearse 2004",
    "et": "AscendingFiberTract",
    "off": 1727,
    "sff": "fiber"
  },
  {
    "docID": "N190 Pearse 2004",
    "et": "AscendingFiberTract",
    "off": 35088,
    "sff": "fiber"
  },
  {
    "docID": "N190 Pearse 2004",
    "et": "AscendingFiberTract",
    "off": 22866,
    "sff": "fiber"
  },
  {
    "docID": "N190 Pearse 2004",
    "et": "AscendingFiberTract",
    "off": 33490,
    "sff": "fiber"
  },
  {
    "docID": "N190 Pearse 2004",
    "et": "SpinalWhiteMatter",
    "off": 24085,
    "sff": "white"
  },
  {
    "docID": "N190 Pearse 2004",
    "et": "SpinalWhiteMatter",
    "off": 24487,
    "sff": "white matter"
  },
  {
    "docID": "N190 Pearse 2004",
    "et": "SpinalWhiteMatter",
    "off": 33825,
    "sff": "white"
  },
  {
    "docID": "N190 Pearse 2004",
    "et": "SpinalWhiteMatter",
    "off": 29135,
    "sff": "white matter"
  },
  {
    "docID": "N190 Pearse 2004",
    "et": "SpinalWhiteMatter",
    "off": 31311,
    "sff": "white matter"
  },
  {
    "docID": "N190 Pearse 2004",
    "et": "SpinalWhiteMatter",
    "off": 32921,
    "sff": "white matter"
  },
  {
    "docID": "N190 Pearse 2004",
    "et": "VeinLocation",
    "off": 10423,
    "sff": "vein"
  },
  {
    "docID": "N190 Pearse 2004",
    "et": "VeinLocation",
    "off": 10552,
    "sff": "vein"
  },
  {
    "docID": "N190 Pearse 2004",
    "et": "SpinalFiberTract",
    "off": 1727,
    "sff": "fiber"
  },
  {
    "docID": "N190 Pearse 2004",
    "et": "SpinalFiberTract",
    "off": 33738,
    "sff": "fiber"
  },
  {
    "docID": "N190 Pearse 2004",
    "et": "SpinalFiberTract",
    "off": 19388,
    "sff": "fiber"
  },
  {
    "docID": "N190 Pearse 2004",
    "et": "SpinalFiberTract",
    "off": 7674,
    "sff": "fiber"
  },
  {
    "docID": "N190 Pearse 2004",
    "et": "SpinalFiberTract",
    "off": 35088,
    "sff": "fiber"
  },
  {
    "docID": "N190 Pearse 2004",
    "et": "SpinalFiberTract",
    "off": 1589,
    "sff": "fiber"
  },
  {
    "docID": "N190 Pearse 2004",
    "et": "SpinalFiberTract",
    "off": 22866,
    "sff": "fiber"
  },
  {
    "docID": "N190 Pearse 2004",
    "et": "SpinalFiberTract",
    "off": 33490,
    "sff": "fiber"
  },
  {
    "docID": "N190 Pearse 2004",
    "et": "SpinalFiberTract",
    "off": 7460,
    "sff": "fiber"
  },
  {
    "docID": "N190 Pearse 2004",
    "et": "SpinalFiberTract",
    "off": 34099,
    "sff": "fiber"
  },
  {
    "docID": "N190 Pearse 2004",
    "et": "FemoralVeinLocation",
    "off": 10552,
    "sff": "vein"
  },
  {
    "docID": "N190 Pearse 2004",
    "et": "FemoralVeinLocation",
    "off": 10423,
    "sff": "vein"
  },
  {
    "docID": "N190 Pearse 2004",
    "et": "SpinalDorsalHalf",
    "off": 9364,
    "sff": "dorsal"
  },
  {
    "docID": "N190 Pearse 2004",
    "et": "SpinalDorsalHalf",
    "off": 10717,
    "sff": "dorsal"
  },
  {
    "docID": "N190 Pearse 2004",
    "et": "SpinalVentralHalf",
    "off": 10367,
    "sff": "ventral"
  },
  {
    "docID": "N190 Pearse 2004",
    "et": "SpinalCord",
    "off": 2487,
    "sff": "CORD"
  },
  {
    "docID": "N190 Pearse 2004",
    "et": "SpinalCord",
    "off": 16037,
    "sff": "cord"
  },
  {
    "docID": "N190 Pearse 2004",
    "et": "SpinalCord",
    "off": 17701,
    "sff": "cord"
  },
  {
    "docID": "N190 Pearse 2004",
    "et": "SpinalCord",
    "off": 15658,
    "sff": "cord"
  },
  {
    "docID": "N190 Pearse 2004",
    "et": "SpinalCord",
    "off": 30504,
    "sff": "cord"
  },
  {
    "docID": "N190 Pearse 2004",
    "et": "SpinalCord",
    "off": 30382,
    "sff": "cord"
  },
  {
    "docID": "N190 Pearse 2004",
    "et": "SpinalCord",
    "off": 41747,
    "sff": "cord"
  },
  {
    "docID": "N190 Pearse 2004",
    "et": "SpinalCord",
    "off": 16788,
    "sff": "cord"
  },
  {
    "docID": "N190 Pearse 2004",
    "et": "SpinalCord",
    "off": 33557,
    "sff": "cord"
  },
  {
    "docID": "N190 Pearse 2004",
    "et": "SpinalCord",
    "off": 410,
    "sff": "cord"
  },
  {
    "docID": "N190 Pearse 2004",
    "et": "SpinalCord",
    "off": 19866,
    "sff": "cord"
  },
  {
    "docID": "N190 Pearse 2004",
    "et": "SpinalCord",
    "off": 51227,
    "sff": "cord"
  },
  {
    "docID": "N190 Pearse 2004",
    "et": "SpinalCord",
    "off": 35202,
    "sff": "cord"
  },
  {
    "docID": "N190 Pearse 2004",
    "et": "SpinalCord",
    "off": 17283,
    "sff": "cord"
  },
  {
    "docID": "N190 Pearse 2004",
    "et": "SpinalCord",
    "off": 36359,
    "sff": "cord"
  },
  {
    "docID": "N190 Pearse 2004",
    "et": "SpinalCord",
    "off": 2180,
    "sff": "cord"
  },
  {
    "docID": "N190 Pearse 2004",
    "et": "SpinalCord",
    "off": 45323,
    "sff": "cord"
  },
  {
    "docID": "N190 Pearse 2004",
    "et": "SpinalCord",
    "off": 777,
    "sff": "cord"
  },
  {
    "docID": "N190 Pearse 2004",
    "et": "SpinalCord",
    "off": 23257,
    "sff": "CORD"
  },
  {
    "docID": "N190 Pearse 2004",
    "et": "SpinalCord",
    "off": 24588,
    "sff": "cord"
  },
  {
    "docID": "N190 Pearse 2004",
    "et": "SpinalCord",
    "off": 30194,
    "sff": "cord"
  },
  {
    "docID": "N190 Pearse 2004",
    "et": "SpinalCord",
    "off": 31602,
    "sff": "cord"
  },
  {
    "docID": "N190 Pearse 2004",
    "et": "SpinalCord",
    "off": 19568,
    "sff": "cord"
  },
  {
    "docID": "N190 Pearse 2004",
    "et": "SpinalCord",
    "off": 16503,
    "sff": "cord"
  },
  {
    "docID": "N190 Pearse 2004",
    "et": "SpinalCord",
    "off": 23669,
    "sff": "cord"
  },
  {
    "docID": "N190 Pearse 2004",
    "et": "SpinalCord",
    "off": 6010,
    "sff": "cord"
  },
  {
    "docID": "N190 Pearse 2004",
    "et": "SpinalCord",
    "off": 6138,
    "sff": "cord"
  },
  {
    "docID": "N190 Pearse 2004",
    "et": "SpinalCord",
    "off": 14585,
    "sff": "cord"
  },
  {
    "docID": "N190 Pearse 2004",
    "et": "SpinalCord",
    "off": 16761,
    "sff": "cord"
  },
  {
    "docID": "N190 Pearse 2004",
    "et": "SpinalCord",
    "off": 16639,
    "sff": "cord"
  },
  {
    "docID": "N190 Pearse 2004",
    "et": "SpinalCord",
    "off": 17151,
    "sff": "cord"
  },
  {
    "docID": "N190 Pearse 2004",
    "et": "SpinalCord",
    "off": 4326,
    "sff": "cord"
  },
  {
    "docID": "N190 Pearse 2004",
    "et": "SpinalCord",
    "off": 24422,
    "sff": "cord"
  },
  {
    "docID": "N190 Pearse 2004",
    "et": "SpinalCord",
    "off": 30310,
    "sff": "cord"
  },
  {
    "docID": "N190 Pearse 2004",
    "et": "SpinalCord",
    "off": 47207,
    "sff": "cord"
  },
  {
    "docID": "N190 Pearse 2004",
    "et": "SpinalCord",
    "off": 50278,
    "sff": "cord"
  },
  {
    "docID": "N190 Pearse 2004",
    "et": "SpinalCord",
    "off": 9573,
    "sff": "cord"
  },
  {
    "docID": "N190 Pearse 2004",
    "et": "SpinalCord",
    "off": 34410,
    "sff": "cord"
  },
  {
    "docID": "N190 Pearse 2004",
    "et": "SpinalCord",
    "off": 17007,
    "sff": "cord"
  },
  {
    "docID": "N190 Pearse 2004",
    "et": "SpinalCord",
    "off": 45911,
    "sff": "cord"
  },
  {
    "docID": "N190 Pearse 2004",
    "et": "SpinalCord",
    "off": 16980,
    "sff": "cord"
  },
  {
    "docID": "N190 Pearse 2004",
    "et": "SpinalCord",
    "off": 14302,
    "sff": "cord"
  },
  {
    "docID": "N190 Pearse 2004",
    "et": "SpinalCord",
    "off": 2781,
    "sff": "cord"
  },
  {
    "docID": "N190 Pearse 2004",
    "et": "SpinalCord",
    "off": 24285,
    "sff": "cord"
  },
  {
    "docID": "N190 Pearse 2004",
    "et": "SpinalCord",
    "off": 43869,
    "sff": "cord"
  },
  {
    "docID": "N190 Pearse 2004",
    "et": "SpinalCord",
    "off": 20163,
    "sff": "cord"
  },
  {
    "docID": "N190 Pearse 2004",
    "et": "SpinalCord",
    "off": 5568,
    "sff": "cord"
  },
  {
    "docID": "N190 Pearse 2004",
    "et": "SpinalCord",
    "off": 30912,
    "sff": "cord"
  },
  {
    "docID": "N190 Pearse 2004",
    "et": "SpinalCord",
    "off": 35137,
    "sff": "Cord"
  },
  {
    "docID": "N190 Pearse 2004",
    "et": "SpinalCord",
    "off": 15690,
    "sff": "cord"
  },
  {
    "docID": "N190 Pearse 2004",
    "et": "SpinalCord",
    "off": 78,
    "sff": "Cord"
  },
  {
    "docID": "N190 Pearse 2004",
    "et": "SpinalCord",
    "off": 1099,
    "sff": "cord"
  },
  {
    "docID": "N190 Pearse 2004",
    "et": "SpinalCord",
    "off": 29899,
    "sff": "cord"
  },
  {
    "docID": "N190 Pearse 2004",
    "et": "SpinalCord",
    "off": 31432,
    "sff": "cord"
  },
  {
    "docID": "N190 Pearse 2004",
    "et": "SpinalCord",
    "off": 31566,
    "sff": "cord"
  },
  {
    "docID": "N190 Pearse 2004",
    "et": "SpinalCord",
    "off": 17359,
    "sff": "cord"
  },
  {
    "docID": "N190 Pearse 2004",
    "et": "SpinalCord",
    "off": 26831,
    "sff": "cord"
  },
  {
    "docID": "N190 Pearse 2004",
    "et": "SpinalCord",
    "off": 39631,
    "sff": "cord"
  },
  {
    "docID": "N190 Pearse 2004",
    "et": "SpinalCord",
    "off": 30028,
    "sff": "cord"
  },
  {
    "docID": "N190 Pearse 2004",
    "et": "SpinalCord",
    "off": 23986,
    "sff": "cord"
  },
  {
    "docID": "N190 Pearse 2004",
    "et": "SpinalCord",
    "off": 24242,
    "sff": "cord"
  },
  {
    "docID": "N190 Pearse 2004",
    "et": "SpinalCord",
    "off": 9393,
    "sff": "cord"
  },
  {
    "docID": "N190 Pearse 2004",
    "et": "SpinalCord",
    "off": 15281,
    "sff": "cord"
  },
  {
    "docID": "N190 Pearse 2004",
    "et": "SpinalCord",
    "off": 30129,
    "sff": "cord"
  },
  {
    "docID": "N190 Pearse 2004",
    "et": "SpinalCord",
    "off": 30646,
    "sff": "cord"
  },
  {
    "docID": "N190 Pearse 2004",
    "et": "SpinalCord",
    "off": 23860,
    "sff": "cord"
  },
  {
    "docID": "N190 Pearse 2004",
    "et": "SpinalCord",
    "off": 17852,
    "sff": "cord"
  },
  {
    "docID": "N190 Pearse 2004",
    "et": "SpinalCord",
    "off": 5693,
    "sff": "cord"
  },
  {
    "docID": "N190 Pearse 2004",
    "et": "Vertebrae",
    "off": 9493,
    "sff": "vertebrae"
  },
  {
    "docID": "N190 Pearse 2004",
    "et": "Vertebrae",
    "off": 13638,
    "sff": "vertebrae"
  },
  {
    "docID": "N190 Pearse 2004",
    "et": "DorsalColumn",
    "off": 9364,
    "sff": "dorsal"
  },
  {
    "docID": "N190 Pearse 2004",
    "et": "DorsalColumn",
    "off": 10717,
    "sff": "dorsal"
  },
  {
    "docID": "N190 Pearse 2004",
    "et": "TailVeinLocation",
    "off": 10552,
    "sff": "vein"
  },
  {
    "docID": "N190 Pearse 2004",
    "et": "TailVeinLocation",
    "off": 37262,
    "sff": "tail"
  },
  {
    "docID": "N190 Pearse 2004",
    "et": "TailVeinLocation",
    "off": 10423,
    "sff": "vein"
  },
  {
    "docID": "N190 Pearse 2004",
    "et": "TailVeinLocation",
    "off": 47434,
    "sff": "tail"
  },
  {
    "docID": "N190 Pearse 2004",
    "et": "LesionAdjacentTissue",
    "off": 3717,
    "sff": "lesion"
  },
  {
    "docID": "N190 Pearse 2004",
    "et": "LesionAdjacentTissue",
    "off": 45766,
    "sff": "lesion"
  },
  {
    "docID": "N190 Pearse 2004",
    "et": "LesionAdjacentTissue",
    "off": 16059,
    "sff": "lesion"
  },
  {
    "docID": "N190 Pearse 2004",
    "et": "LesionAdjacentTissue",
    "off": 17770,
    "sff": "lesion"
  },
  {
    "docID": "N190 Pearse 2004",
    "et": "LesionAdjacentTissue",
    "off": 14353,
    "sff": "lesion"
  },
  {
    "docID": "N190 Pearse 2004",
    "et": "Cervical",
    "off": 45757,
    "sff": "cervical"
  },
  {
    "docID": "N190 Pearse 2004",
    "et": "CentralNervousSystem",
    "off": 5287,
    "sff": "nervous"
  },
  {
    "docID": "N190 Pearse 2004",
    "et": "CentralNervousSystem",
    "off": 20302,
    "sff": "central"
  },
  {
    "docID": "N190 Pearse 2004",
    "et": "CentralNervousSystem",
    "off": 38494,
    "sff": "central"
  },
  {
    "docID": "N190 Pearse 2004",
    "et": "CentralNervousSystem",
    "off": 23775,
    "sff": "central"
  },
  {
    "docID": "N190 Pearse 2004",
    "et": "CentralNervousSystem",
    "off": 22570,
    "sff": "central"
  },
  {
    "docID": "N190 Pearse 2004",
    "et": "CentralNervousSystem",
    "off": 28827,
    "sff": "central"
  },
  {
    "docID": "N190 Pearse 2004",
    "et": "CentralNervousSystem",
    "off": 5287,
    "sff": "nervous system"
  },
  {
    "docID": "N190 Pearse 2004",
    "et": "CentralNervousSystem",
    "off": 22484,
    "sff": "central"
  },
  {
    "docID": "N190 Pearse 2004",
    "et": "CentralNervousSystem",
    "off": 22309,
    "sff": "central"
  },
  {
    "docID": "N190 Pearse 2004",
    "et": "SpinalGrayMatter",
    "off": 33835,
    "sff": "gray matter"
  },
  {
    "docID": "N190 Pearse 2004",
    "et": "SpinalGrayMatter",
    "off": 24478,
    "sff": "gray"
  },
  {
    "docID": "N190 Pearse 2004",
    "et": "SpinalGrayMatter",
    "off": 47129,
    "sff": "gray matter"
  },
  {
    "docID": "N190 Pearse 2004",
    "et": "CephalicVeinLocation",
    "off": 10423,
    "sff": "vein"
  },
  {
    "docID": "N190 Pearse 2004",
    "et": "CephalicVeinLocation",
    "off": 10552,
    "sff": "vein"
  },
  {
    "docID": "N190 Pearse 2004",
    "et": "CorticospinalTract",
    "off": 32735,
    "sff": "corticospinal"
  },
  {
    "docID": "N190 Pearse 2004",
    "et": "CorticospinalTract",
    "off": 26035,
    "sff": "corticospinal"
  },
  {
    "docID": "N190 Pearse 2004",
    "et": "CorticospinalTract",
    "off": 45715,
    "sff": "corticospinal tract"
  },
  {
    "docID": "N190 Pearse 2004",
    "et": "CorticospinalTract",
    "off": 33144,
    "sff": "corticospinal"
  },
  {
    "docID": "N190 Pearse 2004",
    "et": "CorticospinalTract",
    "off": 32969,
    "sff": "corticospinal"
  },
  {
    "docID": "N190 Pearse 2004",
    "et": "SpinalCentralPart",
    "off": 22484,
    "sff": "central"
  },
  {
    "docID": "N190 Pearse 2004",
    "et": "SpinalCentralPart",
    "off": 22309,
    "sff": "central"
  },
  {
    "docID": "N190 Pearse 2004",
    "et": "SpinalCentralPart",
    "off": 28827,
    "sff": "central"
  },
  {
    "docID": "N190 Pearse 2004",
    "et": "SpinalCentralPart",
    "off": 38494,
    "sff": "central"
  },
  {
    "docID": "N190 Pearse 2004",
    "et": "SpinalCentralPart",
    "off": 22570,
    "sff": "central"
  },
  {
    "docID": "N190 Pearse 2004",
    "et": "SpinalCentralPart",
    "off": 23775,
    "sff": "central"
  },
  {
    "docID": "N190 Pearse 2004",
    "et": "SpinalCentralPart",
    "off": 20302,
    "sff": "central"
  },
  {
    "docID": "N190 Pearse 2004",
    "et": "InjectionDelivery",
    "off": 15087,
    "sff": "injection"
  },
  {
    "docID": "N190 Pearse 2004",
    "et": "InjectionDelivery",
    "off": 13330,
    "sff": "injection"
  },
  {
    "docID": "N190 Pearse 2004",
    "et": "InjectionDelivery",
    "off": 13961,
    "sff": "injection"
  },
  {
    "docID": "N190 Pearse 2004",
    "et": "InjectionDelivery",
    "off": 34217,
    "sff": "injection"
  },
  {
    "docID": "N190 Pearse 2004",
    "et": "InjectionDelivery",
    "off": 12554,
    "sff": "injection"
  },
  {
    "docID": "N190 Pearse 2004",
    "et": "InjectionDelivery",
    "off": 13850,
    "sff": "injection"
  },
  {
    "docID": "N190 Pearse 2004",
    "et": "SpinalLesionSite",
    "off": 14353,
    "sff": "lesion"
  },
  {
    "docID": "N190 Pearse 2004",
    "et": "SpinalLesionSite",
    "off": 45766,
    "sff": "lesion"
  },
  {
    "docID": "N190 Pearse 2004",
    "et": "SpinalLesionSite",
    "off": 17770,
    "sff": "lesion"
  },
  {
    "docID": "N190 Pearse 2004",
    "et": "SpinalLesionSite",
    "off": 3717,
    "sff": "lesion site"
  },
  {
    "docID": "N190 Pearse 2004",
    "et": "SpinalLesionSite",
    "off": 16059,
    "sff": "lesion"
  }
]
