[
  {
    "docID": "N191 Pearse 2007",
    "et": "T7",
    "off": 15494,
    "sff": "T7"
  },
  {
    "docID": "N191 Pearse 2007",
    "et": "T8",
    "off": 24783,
    "sff": "T8"
  },
  {
    "docID": "N191 Pearse 2007",
    "et": "T8",
    "off": 10934,
    "sff": "T8"
  },
  {
    "docID": "N191 Pearse 2007",
    "et": "L1",
    "off": 5633,
    "sff": "L1"
  },
  {
    "docID": "N191 Pearse 2007",
    "et": "L1",
    "off": 91245,
    "sff": "L1"
  },
  {
    "docID": "N191 Pearse 2007",
    "et": "T9",
    "off": 10995,
    "sff": "T9"
  },
  {
    "docID": "N191 Pearse 2007",
    "et": "L5",
    "off": 25875,
    "sff": "L5"
  },
  {
    "docID": "N191 Pearse 2007",
    "et": "SubcutaneousLocation",
    "off": 11741,
    "sff": "subcutaneous"
  },
  {
    "docID": "N191 Pearse 2007",
    "et": "Thoracic",
    "off": 10916,
    "sff": "thoracic"
  },
  {
    "docID": "N191 Pearse 2007",
    "et": "Thoracic",
    "off": 10752,
    "sff": "thoracic"
  },
  {
    "docID": "N191 Pearse 2007",
    "et": "Thoracic",
    "off": 15500,
    "sff": "thoracic"
  },
  {
    "docID": "N191 Pearse 2007",
    "et": "Brain",
    "off": 15239,
    "sff": "brain"
  },
  {
    "docID": "N191 Pearse 2007",
    "et": "AscendingFiberTract",
    "off": 26413,
    "sff": "fiber"
  },
  {
    "docID": "N191 Pearse 2007",
    "et": "AscendingFiberTract",
    "off": 39879,
    "sff": "ascending"
  },
  {
    "docID": "N191 Pearse 2007",
    "et": "AscendingFiberTract",
    "off": 67533,
    "sff": "ascending"
  },
  {
    "docID": "N191 Pearse 2007",
    "et": "AscendingFiberTract",
    "off": 8312,
    "sff": "fiber"
  },
  {
    "docID": "N191 Pearse 2007",
    "et": "AscendingFiberTract",
    "off": 4971,
    "sff": "ascending fiber"
  },
  {
    "docID": "N191 Pearse 2007",
    "et": "AscendingFiberTract",
    "off": 57193,
    "sff": "ascending"
  },
  {
    "docID": "N191 Pearse 2007",
    "et": "AscendingFiberTract",
    "off": 39330,
    "sff": "Ascending"
  },
  {
    "docID": "N191 Pearse 2007",
    "et": "AscendingFiberTract",
    "off": 88341,
    "sff": "ascending"
  },
  {
    "docID": "N191 Pearse 2007",
    "et": "AscendingFiberTract",
    "off": 56448,
    "sff": "fiber"
  },
  {
    "docID": "N191 Pearse 2007",
    "et": "AscendingFiberTract",
    "off": 58272,
    "sff": "fiber"
  },
  {
    "docID": "N191 Pearse 2007",
    "et": "AscendingFiberTract",
    "off": 60088,
    "sff": "ascending"
  },
  {
    "docID": "N191 Pearse 2007",
    "et": "AscendingFiberTract",
    "off": 29697,
    "sff": "fiber"
  },
  {
    "docID": "N191 Pearse 2007",
    "et": "AscendingFiberTract",
    "off": 59505,
    "sff": "ascending"
  },
  {
    "docID": "N191 Pearse 2007",
    "et": "AscendingFiberTract",
    "off": 89184,
    "sff": "ascending"
  },
  {
    "docID": "N191 Pearse 2007",
    "et": "AscendingFiberTract",
    "off": 8585,
    "sff": "fiber"
  },
  {
    "docID": "N191 Pearse 2007",
    "et": "AscendingFiberTract",
    "off": 39962,
    "sff": "ascending"
  },
  {
    "docID": "N191 Pearse 2007",
    "et": "AscendingFiberTract",
    "off": 90265,
    "sff": "ascending"
  },
  {
    "docID": "N191 Pearse 2007",
    "et": "AscendingFiberTract",
    "off": 56602,
    "sff": "ascending fiber"
  },
  {
    "docID": "N191 Pearse 2007",
    "et": "AscendingFiberTract",
    "off": 56891,
    "sff": "ascending"
  },
  {
    "docID": "N191 Pearse 2007",
    "et": "IntraperitonealLocation",
    "off": 10716,
    "sff": "intraperitoneal"
  },
  {
    "docID": "N191 Pearse 2007",
    "et": "SpinalWhiteMatter",
    "off": 33456,
    "sff": "White"
  },
  {
    "docID": "N191 Pearse 2007",
    "et": "SpinalWhiteMatter",
    "off": 39711,
    "sff": "White"
  },
  {
    "docID": "N191 Pearse 2007",
    "et": "SpinalWhiteMatter",
    "off": 55126,
    "sff": "white"
  },
  {
    "docID": "N191 Pearse 2007",
    "et": "SpinalWhiteMatter",
    "off": 82373,
    "sff": "white"
  },
  {
    "docID": "N191 Pearse 2007",
    "et": "SpinalWhiteMatter",
    "off": 41563,
    "sff": "white"
  },
  {
    "docID": "N191 Pearse 2007",
    "et": "SpinalWhiteMatter",
    "off": 54057,
    "sff": "white"
  },
  {
    "docID": "N191 Pearse 2007",
    "et": "SpinalWhiteMatter",
    "off": 33543,
    "sff": "White"
  },
  {
    "docID": "N191 Pearse 2007",
    "et": "SpinalWhiteMatter",
    "off": 38278,
    "sff": "White"
  },
  {
    "docID": "N191 Pearse 2007",
    "et": "SpinalWhiteMatter",
    "off": 39798,
    "sff": "White"
  },
  {
    "docID": "N191 Pearse 2007",
    "et": "SpinalWhiteMatter",
    "off": 37842,
    "sff": "white matter"
  },
  {
    "docID": "N191 Pearse 2007",
    "et": "SpinalWhiteMatter",
    "off": 54481,
    "sff": "white"
  },
  {
    "docID": "N191 Pearse 2007",
    "et": "IntramuscularLocation",
    "off": 11564,
    "sff": "intramuscular"
  },
  {
    "docID": "N191 Pearse 2007",
    "et": "SpinalFiberTract",
    "off": 8312,
    "sff": "fiber"
  },
  {
    "docID": "N191 Pearse 2007",
    "et": "SpinalFiberTract",
    "off": 8585,
    "sff": "fiber"
  },
  {
    "docID": "N191 Pearse 2007",
    "et": "SpinalFiberTract",
    "off": 4981,
    "sff": "fiber"
  },
  {
    "docID": "N191 Pearse 2007",
    "et": "SpinalFiberTract",
    "off": 56612,
    "sff": "fiber"
  },
  {
    "docID": "N191 Pearse 2007",
    "et": "SpinalFiberTract",
    "off": 29697,
    "sff": "fiber"
  },
  {
    "docID": "N191 Pearse 2007",
    "et": "SpinalFiberTract",
    "off": 56448,
    "sff": "fiber"
  },
  {
    "docID": "N191 Pearse 2007",
    "et": "SpinalFiberTract",
    "off": 58272,
    "sff": "fiber"
  },
  {
    "docID": "N191 Pearse 2007",
    "et": "SpinalFiberTract",
    "off": 26413,
    "sff": "fiber"
  },
  {
    "docID": "N191 Pearse 2007",
    "et": "DeliveryMethod",
    "off": 69575,
    "sff": "delivery"
  },
  {
    "docID": "N191 Pearse 2007",
    "et": "DeliveryMethod",
    "off": 95246,
    "sff": "delivery"
  },
  {
    "docID": "N191 Pearse 2007",
    "et": "SpinalDorsalHalf",
    "off": 78412,
    "sff": "dorsal"
  },
  {
    "docID": "N191 Pearse 2007",
    "et": "SpinalDorsalHalf",
    "off": 25961,
    "sff": "dorsal"
  },
  {
    "docID": "N191 Pearse 2007",
    "et": "SpinalDorsalHalf",
    "off": 52894,
    "sff": "dorsal"
  },
  {
    "docID": "N191 Pearse 2007",
    "et": "SpinalDorsalHalf",
    "off": 25810,
    "sff": "dorsal"
  },
  {
    "docID": "N191 Pearse 2007",
    "et": "SpinalDorsalHalf",
    "off": 37202,
    "sff": "dorsal"
  },
  {
    "docID": "N191 Pearse 2007",
    "et": "SpinalDorsalHalf",
    "off": 51303,
    "sff": "dorsal"
  },
  {
    "docID": "N191 Pearse 2007",
    "et": "SpinalDorsalHalf",
    "off": 50648,
    "sff": "dorsal"
  },
  {
    "docID": "N191 Pearse 2007",
    "et": "SpinalDorsalHalf",
    "off": 55416,
    "sff": "dorsal"
  },
  {
    "docID": "N191 Pearse 2007",
    "et": "SpinalDorsalHalf",
    "off": 80823,
    "sff": "dorsal"
  },
  {
    "docID": "N191 Pearse 2007",
    "et": "SpinalDorsalHalf",
    "off": 10949,
    "sff": "dorsal"
  },
  {
    "docID": "N191 Pearse 2007",
    "et": "SpinalDorsalHalf",
    "off": 7254,
    "sff": "dorsal"
  },
  {
    "docID": "N191 Pearse 2007",
    "et": "SpinalDorsalHalf",
    "off": 38806,
    "sff": "dorsal"
  },
  {
    "docID": "N191 Pearse 2007",
    "et": "SpinalVentralHalf",
    "off": 37217,
    "sff": "ventral"
  },
  {
    "docID": "N191 Pearse 2007",
    "et": "SpinalCord",
    "off": 65570,
    "sff": "cord"
  },
  {
    "docID": "N191 Pearse 2007",
    "et": "SpinalCord",
    "off": 24864,
    "sff": "cord"
  },
  {
    "docID": "N191 Pearse 2007",
    "et": "SpinalCord",
    "off": 25885,
    "sff": "cord"
  },
  {
    "docID": "N191 Pearse 2007",
    "et": "SpinalCord",
    "off": 14362,
    "sff": "cord"
  },
  {
    "docID": "N191 Pearse 2007",
    "et": "SpinalCord",
    "off": 24115,
    "sff": "cord"
  },
  {
    "docID": "N191 Pearse 2007",
    "et": "SpinalCord",
    "off": 54322,
    "sff": "cord"
  },
  {
    "docID": "N191 Pearse 2007",
    "et": "SpinalCord",
    "off": 93,
    "sff": "Cord"
  },
  {
    "docID": "N191 Pearse 2007",
    "et": "SpinalCord",
    "off": 22574,
    "sff": "cord"
  },
  {
    "docID": "N191 Pearse 2007",
    "et": "SpinalCord",
    "off": 36910,
    "sff": "cord"
  },
  {
    "docID": "N191 Pearse 2007",
    "et": "SpinalCord",
    "off": 11053,
    "sff": "cord"
  },
  {
    "docID": "N191 Pearse 2007",
    "et": "SpinalCord",
    "off": 23852,
    "sff": "cord"
  },
  {
    "docID": "N191 Pearse 2007",
    "et": "SpinalCord",
    "off": 86050,
    "sff": "cord"
  },
  {
    "docID": "N191 Pearse 2007",
    "et": "SpinalCord",
    "off": 52263,
    "sff": "cord"
  },
  {
    "docID": "N191 Pearse 2007",
    "et": "SpinalCord",
    "off": 77860,
    "sff": "cord"
  },
  {
    "docID": "N191 Pearse 2007",
    "et": "SpinalCord",
    "off": 2308,
    "sff": "cord"
  },
  {
    "docID": "N191 Pearse 2007",
    "et": "SpinalCord",
    "off": 86025,
    "sff": "cord"
  },
  {
    "docID": "N191 Pearse 2007",
    "et": "SpinalCord",
    "off": 88842,
    "sff": "cord"
  },
  {
    "docID": "N191 Pearse 2007",
    "et": "SpinalCord",
    "off": 66815,
    "sff": "cord"
  },
  {
    "docID": "N191 Pearse 2007",
    "et": "SpinalCord",
    "off": 32766,
    "sff": "cord"
  },
  {
    "docID": "N191 Pearse 2007",
    "et": "SpinalCord",
    "off": 33022,
    "sff": "cord"
  },
  {
    "docID": "N191 Pearse 2007",
    "et": "SpinalCord",
    "off": 96015,
    "sff": "cord"
  },
  {
    "docID": "N191 Pearse 2007",
    "et": "SpinalCord",
    "off": 3320,
    "sff": "cord"
  },
  {
    "docID": "N191 Pearse 2007",
    "et": "SpinalCord",
    "off": 87059,
    "sff": "cord"
  },
  {
    "docID": "N191 Pearse 2007",
    "et": "SpinalCord",
    "off": 43511,
    "sff": "cord"
  },
  {
    "docID": "N191 Pearse 2007",
    "et": "SpinalCord",
    "off": 25109,
    "sff": "cord"
  },
  {
    "docID": "N191 Pearse 2007",
    "et": "SpinalCord",
    "off": 67860,
    "sff": "cord"
  },
  {
    "docID": "N191 Pearse 2007",
    "et": "SpinalCord",
    "off": 84727,
    "sff": "cord"
  },
  {
    "docID": "N191 Pearse 2007",
    "et": "SpinalCord",
    "off": 67083,
    "sff": "cord"
  },
  {
    "docID": "N191 Pearse 2007",
    "et": "SpinalCord",
    "off": 75531,
    "sff": "cord"
  },
  {
    "docID": "N191 Pearse 2007",
    "et": "SpinalCord",
    "off": 80896,
    "sff": "cord"
  },
  {
    "docID": "N191 Pearse 2007",
    "et": "SpinalCord",
    "off": 23562,
    "sff": "cord"
  },
  {
    "docID": "N191 Pearse 2007",
    "et": "SpinalCord",
    "off": 85479,
    "sff": "cord"
  },
  {
    "docID": "N191 Pearse 2007",
    "et": "SpinalCord",
    "off": 10978,
    "sff": "cord"
  },
  {
    "docID": "N191 Pearse 2007",
    "et": "SpinalCord",
    "off": 77288,
    "sff": "cord"
  },
  {
    "docID": "N191 Pearse 2007",
    "et": "SpinalCord",
    "off": 26593,
    "sff": "cord"
  },
  {
    "docID": "N191 Pearse 2007",
    "et": "SpinalCord",
    "off": 48353,
    "sff": "cord"
  },
  {
    "docID": "N191 Pearse 2007",
    "et": "SpinalCord",
    "off": 83441,
    "sff": "cord"
  },
  {
    "docID": "N191 Pearse 2007",
    "et": "SpinalCord",
    "off": 49367,
    "sff": "cord"
  },
  {
    "docID": "N191 Pearse 2007",
    "et": "SpinalCord",
    "off": 7666,
    "sff": "cord"
  },
  {
    "docID": "N191 Pearse 2007",
    "et": "SpinalCord",
    "off": 79322,
    "sff": "cord"
  },
  {
    "docID": "N191 Pearse 2007",
    "et": "SpinalCord",
    "off": 25577,
    "sff": "cord"
  },
  {
    "docID": "N191 Pearse 2007",
    "et": "SpinalCord",
    "off": 31209,
    "sff": "cord"
  },
  {
    "docID": "N191 Pearse 2007",
    "et": "SpinalCord",
    "off": 23271,
    "sff": "cord"
  },
  {
    "docID": "N191 Pearse 2007",
    "et": "SpinalCord",
    "off": 45798,
    "sff": "cord"
  },
  {
    "docID": "N191 Pearse 2007",
    "et": "SpinalCord",
    "off": 37829,
    "sff": "cord"
  },
  {
    "docID": "N191 Pearse 2007",
    "et": "SpinalCord",
    "off": 37572,
    "sff": "cord"
  },
  {
    "docID": "N191 Pearse 2007",
    "et": "SpinalCord",
    "off": 41150,
    "sff": "cord"
  },
  {
    "docID": "N191 Pearse 2007",
    "et": "SpinalCord",
    "off": 62292,
    "sff": "Cord"
  },
  {
    "docID": "N191 Pearse 2007",
    "et": "SpinalCord",
    "off": 86224,
    "sff": "cord"
  },
  {
    "docID": "N191 Pearse 2007",
    "et": "SpinalCord",
    "off": 24789,
    "sff": "cord"
  },
  {
    "docID": "N191 Pearse 2007",
    "et": "SpinalCord",
    "off": 5843,
    "sff": "cord"
  },
  {
    "docID": "N191 Pearse 2007",
    "et": "SpinalCord",
    "off": 30417,
    "sff": "cord"
  },
  {
    "docID": "N191 Pearse 2007",
    "et": "SpinalCord",
    "off": 70609,
    "sff": "cord"
  },
  {
    "docID": "N191 Pearse 2007",
    "et": "SpinalCord",
    "off": 87486,
    "sff": "cord"
  },
  {
    "docID": "N191 Pearse 2007",
    "et": "SpinalCord",
    "off": 12490,
    "sff": "cord"
  },
  {
    "docID": "N191 Pearse 2007",
    "et": "SpinalCord",
    "off": 38857,
    "sff": "cord"
  },
  {
    "docID": "N191 Pearse 2007",
    "et": "SpinalCord",
    "off": 32159,
    "sff": "cord"
  },
  {
    "docID": "N191 Pearse 2007",
    "et": "SpinalCord",
    "off": 6047,
    "sff": "cord"
  },
  {
    "docID": "N191 Pearse 2007",
    "et": "SpinalCord",
    "off": 15256,
    "sff": "cord"
  },
  {
    "docID": "N191 Pearse 2007",
    "et": "SpinalCord",
    "off": 95668,
    "sff": "cord"
  },
  {
    "docID": "N191 Pearse 2007",
    "et": "SpinalCord",
    "off": 36532,
    "sff": "cord"
  },
  {
    "docID": "N191 Pearse 2007",
    "et": "SpinalCord",
    "off": 944,
    "sff": "cord"
  },
  {
    "docID": "N191 Pearse 2007",
    "et": "SpinalCord",
    "off": 88220,
    "sff": "cord"
  },
  {
    "docID": "N191 Pearse 2007",
    "et": "SpinalCord",
    "off": 81565,
    "sff": "cord"
  },
  {
    "docID": "N191 Pearse 2007",
    "et": "SpinalCord",
    "off": 27052,
    "sff": "cord"
  },
  {
    "docID": "N191 Pearse 2007",
    "et": "SpinalCord",
    "off": 78753,
    "sff": "cord"
  },
  {
    "docID": "N191 Pearse 2007",
    "et": "SpinalCord",
    "off": 5032,
    "sff": "cord"
  },
  {
    "docID": "N191 Pearse 2007",
    "et": "SpinalCord",
    "off": 39045,
    "sff": "cord"
  },
  {
    "docID": "N191 Pearse 2007",
    "et": "SpinalCord",
    "off": 66691,
    "sff": "cord"
  },
  {
    "docID": "N191 Pearse 2007",
    "et": "SpinalCord",
    "off": 22657,
    "sff": "cord"
  },
  {
    "docID": "N191 Pearse 2007",
    "et": "SpinalCord",
    "off": 22144,
    "sff": "cord"
  },
  {
    "docID": "N191 Pearse 2007",
    "et": "SpinalCord",
    "off": 80273,
    "sff": "cord"
  },
  {
    "docID": "N191 Pearse 2007",
    "et": "SpinalCord",
    "off": 2452,
    "sff": "cord"
  },
  {
    "docID": "N191 Pearse 2007",
    "et": "SpinalCord",
    "off": 50832,
    "sff": "cord"
  },
  {
    "docID": "N191 Pearse 2007",
    "et": "SpinalCord",
    "off": 40079,
    "sff": "cord"
  },
  {
    "docID": "N191 Pearse 2007",
    "et": "SpinalCord",
    "off": 91006,
    "sff": "cord"
  },
  {
    "docID": "N191 Pearse 2007",
    "et": "SpinalCord",
    "off": 2696,
    "sff": "cord"
  },
  {
    "docID": "N191 Pearse 2007",
    "et": "SpinalCord",
    "off": 33673,
    "sff": "cord"
  },
  {
    "docID": "N191 Pearse 2007",
    "et": "SpinalCord",
    "off": 31623,
    "sff": "cord"
  },
  {
    "docID": "N191 Pearse 2007",
    "et": "SpinalCord",
    "off": 36743,
    "sff": "cord"
  },
  {
    "docID": "N191 Pearse 2007",
    "et": "SpinalCord",
    "off": 92006,
    "sff": "cord"
  },
  {
    "docID": "N191 Pearse 2007",
    "et": "SpinalCord",
    "off": 75873,
    "sff": "cord"
  },
  {
    "docID": "N191 Pearse 2007",
    "et": "SpinalCord",
    "off": 7514,
    "sff": "cord"
  },
  {
    "docID": "N191 Pearse 2007",
    "et": "SpinalCord",
    "off": 86899,
    "sff": "cord"
  },
  {
    "docID": "N191 Pearse 2007",
    "et": "SpinalCord",
    "off": 16757,
    "sff": "cord"
  },
  {
    "docID": "N191 Pearse 2007",
    "et": "SpinalCord",
    "off": 44405,
    "sff": "cord"
  },
  {
    "docID": "N191 Pearse 2007",
    "et": "SpinalCord",
    "off": 18802,
    "sff": "cord"
  },
  {
    "docID": "N191 Pearse 2007",
    "et": "SpinalCord",
    "off": 19826,
    "sff": "cord"
  },
  {
    "docID": "N191 Pearse 2007",
    "et": "SpinalCord",
    "off": 92252,
    "sff": "cord"
  },
  {
    "docID": "N191 Pearse 2007",
    "et": "SpinalCord",
    "off": 75116,
    "sff": "cord"
  },
  {
    "docID": "N191 Pearse 2007",
    "et": "SpinalCord",
    "off": 36203,
    "sff": "cord"
  },
  {
    "docID": "N191 Pearse 2007",
    "et": "SpinalCord",
    "off": 93028,
    "sff": "cord"
  },
  {
    "docID": "N191 Pearse 2007",
    "et": "SpinalCord",
    "off": 85831,
    "sff": "cord"
  },
  {
    "docID": "N191 Pearse 2007",
    "et": "SpinalCord",
    "off": 75329,
    "sff": "cord"
  },
  {
    "docID": "N191 Pearse 2007",
    "et": "SpinalCord",
    "off": 51773,
    "sff": "cord"
  },
  {
    "docID": "N191 Pearse 2007",
    "et": "SpinalCord",
    "off": 35387,
    "sff": "cord"
  },
  {
    "docID": "N191 Pearse 2007",
    "et": "SpinalCord",
    "off": 82000,
    "sff": "cord"
  },
  {
    "docID": "N191 Pearse 2007",
    "et": "SpinalCord",
    "off": 5947,
    "sff": "cord"
  },
  {
    "docID": "N191 Pearse 2007",
    "et": "SpinalCord",
    "off": 824,
    "sff": "cord"
  },
  {
    "docID": "N191 Pearse 2007",
    "et": "SpinalCord",
    "off": 7224,
    "sff": "cord"
  },
  {
    "docID": "N191 Pearse 2007",
    "et": "SpinalCord",
    "off": 93522,
    "sff": "cord"
  },
  {
    "docID": "N191 Pearse 2007",
    "et": "SpinalCord",
    "off": 32055,
    "sff": "cord"
  },
  {
    "docID": "N191 Pearse 2007",
    "et": "SpinalCord",
    "off": 80186,
    "sff": "cord"
  },
  {
    "docID": "N191 Pearse 2007",
    "et": "SpinalCord",
    "off": 18765,
    "sff": "cord"
  },
  {
    "docID": "N191 Pearse 2007",
    "et": "SpinalCord",
    "off": 84803,
    "sff": "cord"
  },
  {
    "docID": "N191 Pearse 2007",
    "et": "DorsalColumn",
    "off": 7254,
    "sff": "dorsal"
  },
  {
    "docID": "N191 Pearse 2007",
    "et": "DorsalColumn",
    "off": 51303,
    "sff": "dorsal"
  },
  {
    "docID": "N191 Pearse 2007",
    "et": "DorsalColumn",
    "off": 80823,
    "sff": "dorsal"
  },
  {
    "docID": "N191 Pearse 2007",
    "et": "DorsalColumn",
    "off": 10949,
    "sff": "dorsal"
  },
  {
    "docID": "N191 Pearse 2007",
    "et": "DorsalColumn",
    "off": 50648,
    "sff": "dorsal"
  },
  {
    "docID": "N191 Pearse 2007",
    "et": "DorsalColumn",
    "off": 55416,
    "sff": "dorsal"
  },
  {
    "docID": "N191 Pearse 2007",
    "et": "DorsalColumn",
    "off": 25810,
    "sff": "dorsal"
  },
  {
    "docID": "N191 Pearse 2007",
    "et": "DorsalColumn",
    "off": 78412,
    "sff": "dorsal"
  },
  {
    "docID": "N191 Pearse 2007",
    "et": "DorsalColumn",
    "off": 52894,
    "sff": "dorsal"
  },
  {
    "docID": "N191 Pearse 2007",
    "et": "DorsalColumn",
    "off": 37202,
    "sff": "dorsal"
  },
  {
    "docID": "N191 Pearse 2007",
    "et": "DorsalColumn",
    "off": 25961,
    "sff": "dorsal"
  },
  {
    "docID": "N191 Pearse 2007",
    "et": "DorsalColumn",
    "off": 38806,
    "sff": "dorsal"
  },
  {
    "docID": "N191 Pearse 2007",
    "et": "TailVeinLocation",
    "off": 28922,
    "sff": "tail"
  },
  {
    "docID": "N191 Pearse 2007",
    "et": "TailVeinLocation",
    "off": 29048,
    "sff": "tail"
  },
  {
    "docID": "N191 Pearse 2007",
    "et": "LesionAdjacentTissue",
    "off": 1396,
    "sff": "lesion"
  },
  {
    "docID": "N191 Pearse 2007",
    "et": "LesionAdjacentTissue",
    "off": 47164,
    "sff": "lesion"
  },
  {
    "docID": "N191 Pearse 2007",
    "et": "LesionAdjacentTissue",
    "off": 90316,
    "sff": "adjacent"
  },
  {
    "docID": "N191 Pearse 2007",
    "et": "LesionAdjacentTissue",
    "off": 90355,
    "sff": "lesion"
  },
  {
    "docID": "N191 Pearse 2007",
    "et": "LesionAdjacentTissue",
    "off": 90802,
    "sff": "lesion"
  },
  {
    "docID": "N191 Pearse 2007",
    "et": "LesionAdjacentTissue",
    "off": 1785,
    "sff": "lesion"
  },
  {
    "docID": "N191 Pearse 2007",
    "et": "LesionAdjacentTissue",
    "off": 95030,
    "sff": "lesion"
  },
  {
    "docID": "N191 Pearse 2007",
    "et": "LesionAdjacentTissue",
    "off": 60236,
    "sff": "lesion"
  },
  {
    "docID": "N191 Pearse 2007",
    "et": "LesionAdjacentTissue",
    "off": 33166,
    "sff": "lesion"
  },
  {
    "docID": "N191 Pearse 2007",
    "et": "LesionAdjacentTissue",
    "off": 46926,
    "sff": "lesion"
  },
  {
    "docID": "N191 Pearse 2007",
    "et": "LesionAdjacentTissue",
    "off": 38607,
    "sff": "lesion"
  },
  {
    "docID": "N191 Pearse 2007",
    "et": "LesionAdjacentTissue",
    "off": 1295,
    "sff": "lesion"
  },
  {
    "docID": "N191 Pearse 2007",
    "et": "LesionAdjacentTissue",
    "off": 46977,
    "sff": "lesion"
  },
  {
    "docID": "N191 Pearse 2007",
    "et": "LesionAdjacentTissue",
    "off": 84416,
    "sff": "lesion"
  },
  {
    "docID": "N191 Pearse 2007",
    "et": "LesionAdjacentTissue",
    "off": 38533,
    "sff": "lesion"
  },
  {
    "docID": "N191 Pearse 2007",
    "et": "LesionAdjacentTissue",
    "off": 90692,
    "sff": "lesion"
  },
  {
    "docID": "N191 Pearse 2007",
    "et": "LesionAdjacentTissue",
    "off": 85720,
    "sff": "lesion"
  },
  {
    "docID": "N191 Pearse 2007",
    "et": "LesionAdjacentTissue",
    "off": 15572,
    "sff": "lesion"
  },
  {
    "docID": "N191 Pearse 2007",
    "et": "LesionAdjacentTissue",
    "off": 24286,
    "sff": "lesion"
  },
  {
    "docID": "N191 Pearse 2007",
    "et": "LesionAdjacentTissue",
    "off": 24478,
    "sff": "lesion"
  },
  {
    "docID": "N191 Pearse 2007",
    "et": "LesionAdjacentTissue",
    "off": 90668,
    "sff": "adjacent"
  },
  {
    "docID": "N191 Pearse 2007",
    "et": "LesionAdjacentTissue",
    "off": 49823,
    "sff": "lesion"
  },
  {
    "docID": "N191 Pearse 2007",
    "et": "LesionAdjacentTissue",
    "off": 59821,
    "sff": "adjacent"
  },
  {
    "docID": "N191 Pearse 2007",
    "et": "LesionAdjacentTissue",
    "off": 46864,
    "sff": "lesion"
  },
  {
    "docID": "N191 Pearse 2007",
    "et": "LesionAdjacentTissue",
    "off": 49275,
    "sff": "adjacent"
  },
  {
    "docID": "N191 Pearse 2007",
    "et": "LesionAdjacentTissue",
    "off": 1626,
    "sff": "lesion"
  },
  {
    "docID": "N191 Pearse 2007",
    "et": "LesionAdjacentTissue",
    "off": 54869,
    "sff": "lesion"
  },
  {
    "docID": "N191 Pearse 2007",
    "et": "LesionAdjacentTissue",
    "off": 1432,
    "sff": "lesion"
  },
  {
    "docID": "N191 Pearse 2007",
    "et": "LesionAdjacentTissue",
    "off": 32361,
    "sff": "lesion"
  },
  {
    "docID": "N191 Pearse 2007",
    "et": "LesionAdjacentTissue",
    "off": 91183,
    "sff": "lesion"
  },
  {
    "docID": "N191 Pearse 2007",
    "et": "CentralNervousSystem",
    "off": 83622,
    "sff": "central"
  },
  {
    "docID": "N191 Pearse 2007",
    "et": "CentralNervousSystem",
    "off": 34176,
    "sff": "central"
  },
  {
    "docID": "N191 Pearse 2007",
    "et": "CentralNervousSystem",
    "off": 61888,
    "sff": "central"
  },
  {
    "docID": "N191 Pearse 2007",
    "et": "CentralNervousSystem",
    "off": 78785,
    "sff": "nervous system"
  },
  {
    "docID": "N191 Pearse 2007",
    "et": "CentralNervousSystem",
    "off": 38823,
    "sff": "central"
  },
  {
    "docID": "N191 Pearse 2007",
    "et": "CentralNervousSystem",
    "off": 83232,
    "sff": "central"
  },
  {
    "docID": "N191 Pearse 2007",
    "et": "CentralNervousSystem",
    "off": 55334,
    "sff": "central"
  },
  {
    "docID": "N191 Pearse 2007",
    "et": "CentralNervousSystem",
    "off": 78785,
    "sff": "nervous"
  },
  {
    "docID": "N191 Pearse 2007",
    "et": "CentralNervousSystem",
    "off": 70921,
    "sff": "central"
  },
  {
    "docID": "N191 Pearse 2007",
    "et": "CentralNervousSystem",
    "off": 1961,
    "sff": "central"
  },
  {
    "docID": "N191 Pearse 2007",
    "et": "CentralNervousSystem",
    "off": 4092,
    "sff": "nervous"
  },
  {
    "docID": "N191 Pearse 2007",
    "et": "CentralNervousSystem",
    "off": 4092,
    "sff": "nervous system"
  },
  {
    "docID": "N191 Pearse 2007",
    "et": "CentralNervousSystem",
    "off": 32204,
    "sff": "central"
  },
  {
    "docID": "N191 Pearse 2007",
    "et": "CentralNervousSystem",
    "off": 49964,
    "sff": "central"
  },
  {
    "docID": "N191 Pearse 2007",
    "et": "CentralNervousSystem",
    "off": 3238,
    "sff": "central nervous"
  },
  {
    "docID": "N191 Pearse 2007",
    "et": "CentralNervousSystem",
    "off": 38039,
    "sff": "central"
  },
  {
    "docID": "N191 Pearse 2007",
    "et": "CentralNervousSystem",
    "off": 83504,
    "sff": "central"
  },
  {
    "docID": "N191 Pearse 2007",
    "et": "CentralNervousSystem",
    "off": 3238,
    "sff": "central nervous system"
  },
  {
    "docID": "N191 Pearse 2007",
    "et": "CentralNervousSystem",
    "off": 60730,
    "sff": "central"
  },
  {
    "docID": "N191 Pearse 2007",
    "et": "CentralNervousSystem",
    "off": 41209,
    "sff": "central"
  },
  {
    "docID": "N191 Pearse 2007",
    "et": "CentralNervousSystem",
    "off": 27582,
    "sff": "central"
  },
  {
    "docID": "N191 Pearse 2007",
    "et": "CentralNervousSystem",
    "off": 86778,
    "sff": "central"
  },
  {
    "docID": "N191 Pearse 2007",
    "et": "CentralNervousSystem",
    "off": 67292,
    "sff": "central"
  },
  {
    "docID": "N191 Pearse 2007",
    "et": "SpinalGrayMatter",
    "off": 55135,
    "sff": "gray matter"
  },
  {
    "docID": "N191 Pearse 2007",
    "et": "SpinalGrayMatter",
    "off": 82382,
    "sff": "gray matter"
  },
  {
    "docID": "N191 Pearse 2007",
    "et": "SpinalGrayMatter",
    "off": 54067,
    "sff": "gray matter"
  },
  {
    "docID": "N191 Pearse 2007",
    "et": "SpinalGrayMatter",
    "off": 37834,
    "sff": "gray"
  },
  {
    "docID": "N191 Pearse 2007",
    "et": "SpinalGrayMatter",
    "off": 54491,
    "sff": "gray matter"
  },
  {
    "docID": "N191 Pearse 2007",
    "et": "Location",
    "off": 95880,
    "sff": "location"
  },
  {
    "docID": "N191 Pearse 2007",
    "et": "Location",
    "off": 89521,
    "sff": "location"
  },
  {
    "docID": "N191 Pearse 2007",
    "et": "Location",
    "off": 38415,
    "sff": "location"
  },
  {
    "docID": "N191 Pearse 2007",
    "et": "Location",
    "off": 37323,
    "sff": "location"
  },
  {
    "docID": "N191 Pearse 2007",
    "et": "SubstanceApplicationLocation",
    "off": 89477,
    "sff": "application"
  },
  {
    "docID": "N191 Pearse 2007",
    "et": "C2",
    "off": 25869,
    "sff": "C2"
  },
  {
    "docID": "N191 Pearse 2007",
    "et": "CorticospinalTract",
    "off": 58365,
    "sff": "corticospinal tract"
  },
  {
    "docID": "N191 Pearse 2007",
    "et": "CorticospinalTract",
    "off": 21418,
    "sff": "corticospinal tract"
  },
  {
    "docID": "N191 Pearse 2007",
    "et": "CorticospinalTract",
    "off": 40475,
    "sff": "corticospinal tract"
  },
  {
    "docID": "N191 Pearse 2007",
    "et": "SpinalCentralPart",
    "off": 38039,
    "sff": "central"
  },
  {
    "docID": "N191 Pearse 2007",
    "et": "SpinalCentralPart",
    "off": 41209,
    "sff": "central"
  },
  {
    "docID": "N191 Pearse 2007",
    "et": "SpinalCentralPart",
    "off": 60730,
    "sff": "central"
  },
  {
    "docID": "N191 Pearse 2007",
    "et": "SpinalCentralPart",
    "off": 86778,
    "sff": "central"
  },
  {
    "docID": "N191 Pearse 2007",
    "et": "SpinalCentralPart",
    "off": 67292,
    "sff": "central"
  },
  {
    "docID": "N191 Pearse 2007",
    "et": "SpinalCentralPart",
    "off": 27582,
    "sff": "central"
  },
  {
    "docID": "N191 Pearse 2007",
    "et": "SpinalCentralPart",
    "off": 83504,
    "sff": "central"
  },
  {
    "docID": "N191 Pearse 2007",
    "et": "SpinalCentralPart",
    "off": 38823,
    "sff": "central"
  },
  {
    "docID": "N191 Pearse 2007",
    "et": "SpinalCentralPart",
    "off": 1961,
    "sff": "central"
  },
  {
    "docID": "N191 Pearse 2007",
    "et": "SpinalCentralPart",
    "off": 70921,
    "sff": "central"
  },
  {
    "docID": "N191 Pearse 2007",
    "et": "SpinalCentralPart",
    "off": 32204,
    "sff": "central"
  },
  {
    "docID": "N191 Pearse 2007",
    "et": "SpinalCentralPart",
    "off": 49964,
    "sff": "central"
  },
  {
    "docID": "N191 Pearse 2007",
    "et": "SpinalCentralPart",
    "off": 61888,
    "sff": "central"
  },
  {
    "docID": "N191 Pearse 2007",
    "et": "SpinalCentralPart",
    "off": 83232,
    "sff": "central"
  },
  {
    "docID": "N191 Pearse 2007",
    "et": "SpinalCentralPart",
    "off": 34176,
    "sff": "central"
  },
  {
    "docID": "N191 Pearse 2007",
    "et": "SpinalCentralPart",
    "off": 83622,
    "sff": "central"
  },
  {
    "docID": "N191 Pearse 2007",
    "et": "SpinalCentralPart",
    "off": 3238,
    "sff": "central"
  },
  {
    "docID": "N191 Pearse 2007",
    "et": "SpinalCentralPart",
    "off": 55334,
    "sff": "central"
  },
  {
    "docID": "N191 Pearse 2007",
    "et": "InjectionDelivery",
    "off": 38004,
    "sff": "injection"
  },
  {
    "docID": "N191 Pearse 2007",
    "et": "InjectionDelivery",
    "off": 44410,
    "sff": "injection"
  },
  {
    "docID": "N191 Pearse 2007",
    "et": "InjectionDelivery",
    "off": 24444,
    "sff": "injection"
  },
  {
    "docID": "N191 Pearse 2007",
    "et": "InjectionDelivery",
    "off": 36860,
    "sff": "injection"
  },
  {
    "docID": "N191 Pearse 2007",
    "et": "InjectionDelivery",
    "off": 55292,
    "sff": "injection"
  },
  {
    "docID": "N191 Pearse 2007",
    "et": "InjectionDelivery",
    "off": 89785,
    "sff": "injection"
  },
  {
    "docID": "N191 Pearse 2007",
    "et": "InjectionDelivery",
    "off": 49531,
    "sff": "injection"
  },
  {
    "docID": "N191 Pearse 2007",
    "et": "InjectionDelivery",
    "off": 54902,
    "sff": "injection"
  },
  {
    "docID": "N191 Pearse 2007",
    "et": "InjectionDelivery",
    "off": 37880,
    "sff": "injection"
  },
  {
    "docID": "N191 Pearse 2007",
    "et": "InjectionDelivery",
    "off": 55159,
    "sff": "injection"
  },
  {
    "docID": "N191 Pearse 2007",
    "et": "InjectionDelivery",
    "off": 48420,
    "sff": "injection"
  },
  {
    "docID": "N191 Pearse 2007",
    "et": "InjectionDelivery",
    "off": 14953,
    "sff": "injection"
  },
  {
    "docID": "N191 Pearse 2007",
    "et": "InjectionDelivery",
    "off": 10732,
    "sff": "injection"
  },
  {
    "docID": "N191 Pearse 2007",
    "et": "InjectionDelivery",
    "off": 87978,
    "sff": "injection"
  },
  {
    "docID": "N191 Pearse 2007",
    "et": "InjectionDelivery",
    "off": 54758,
    "sff": "injection"
  },
  {
    "docID": "N191 Pearse 2007",
    "et": "InjectionDelivery",
    "off": 67345,
    "sff": "injection"
  },
  {
    "docID": "N191 Pearse 2007",
    "et": "InjectionDelivery",
    "off": 84500,
    "sff": "injection"
  },
  {
    "docID": "N191 Pearse 2007",
    "et": "InjectionDelivery",
    "off": 87958,
    "sff": "injection"
  },
  {
    "docID": "N191 Pearse 2007",
    "et": "InjectionDelivery",
    "off": 1410,
    "sff": "injection"
  },
  {
    "docID": "N191 Pearse 2007",
    "et": "InjectionDelivery",
    "off": 83326,
    "sff": "injection"
  },
  {
    "docID": "N191 Pearse 2007",
    "et": "InjectionDelivery",
    "off": 83264,
    "sff": "injection"
  },
  {
    "docID": "N191 Pearse 2007",
    "et": "InjectionDelivery",
    "off": 13705,
    "sff": "injection"
  },
  {
    "docID": "N191 Pearse 2007",
    "et": "InjectionDelivery",
    "off": 14089,
    "sff": "injection"
  },
  {
    "docID": "N191 Pearse 2007",
    "et": "InjectionDelivery",
    "off": 1793,
    "sff": "Injection"
  },
  {
    "docID": "N191 Pearse 2007",
    "et": "InjectionDelivery",
    "off": 75846,
    "sff": "injection"
  },
  {
    "docID": "N191 Pearse 2007",
    "et": "InjectionDelivery",
    "off": 37381,
    "sff": "injection"
  },
  {
    "docID": "N191 Pearse 2007",
    "et": "SpinalLesionSite",
    "off": 24286,
    "sff": "lesion"
  },
  {
    "docID": "N191 Pearse 2007",
    "et": "SpinalLesionSite",
    "off": 24478,
    "sff": "lesion"
  },
  {
    "docID": "N191 Pearse 2007",
    "et": "SpinalLesionSite",
    "off": 49823,
    "sff": "lesion"
  },
  {
    "docID": "N191 Pearse 2007",
    "et": "SpinalLesionSite",
    "off": 32361,
    "sff": "lesion"
  },
  {
    "docID": "N191 Pearse 2007",
    "et": "SpinalLesionSite",
    "off": 47164,
    "sff": "lesion site"
  },
  {
    "docID": "N191 Pearse 2007",
    "et": "SpinalLesionSite",
    "off": 84416,
    "sff": "lesion site"
  },
  {
    "docID": "N191 Pearse 2007",
    "et": "SpinalLesionSite",
    "off": 46977,
    "sff": "lesion site"
  },
  {
    "docID": "N191 Pearse 2007",
    "et": "SpinalLesionSite",
    "off": 90355,
    "sff": "lesion"
  },
  {
    "docID": "N191 Pearse 2007",
    "et": "SpinalLesionSite",
    "off": 1396,
    "sff": "lesion"
  },
  {
    "docID": "N191 Pearse 2007",
    "et": "SpinalLesionSite",
    "off": 90802,
    "sff": "lesion"
  },
  {
    "docID": "N191 Pearse 2007",
    "et": "SpinalLesionSite",
    "off": 1785,
    "sff": "lesion"
  },
  {
    "docID": "N191 Pearse 2007",
    "et": "SpinalLesionSite",
    "off": 46926,
    "sff": "lesion site"
  },
  {
    "docID": "N191 Pearse 2007",
    "et": "SpinalLesionSite",
    "off": 46864,
    "sff": "lesion site"
  },
  {
    "docID": "N191 Pearse 2007",
    "et": "SpinalLesionSite",
    "off": 95030,
    "sff": "lesion"
  },
  {
    "docID": "N191 Pearse 2007",
    "et": "SpinalLesionSite",
    "off": 90692,
    "sff": "lesion"
  },
  {
    "docID": "N191 Pearse 2007",
    "et": "SpinalLesionSite",
    "off": 60236,
    "sff": "lesion"
  },
  {
    "docID": "N191 Pearse 2007",
    "et": "SpinalLesionSite",
    "off": 38533,
    "sff": "lesion"
  },
  {
    "docID": "N191 Pearse 2007",
    "et": "SpinalLesionSite",
    "off": 15572,
    "sff": "lesion"
  },
  {
    "docID": "N191 Pearse 2007",
    "et": "SpinalLesionSite",
    "off": 33166,
    "sff": "lesion"
  },
  {
    "docID": "N191 Pearse 2007",
    "et": "SpinalLesionSite",
    "off": 38607,
    "sff": "lesion"
  },
  {
    "docID": "N191 Pearse 2007",
    "et": "SpinalLesionSite",
    "off": 1295,
    "sff": "lesion"
  },
  {
    "docID": "N191 Pearse 2007",
    "et": "SpinalLesionSite",
    "off": 1626,
    "sff": "lesion"
  },
  {
    "docID": "N191 Pearse 2007",
    "et": "SpinalLesionSite",
    "off": 85720,
    "sff": "lesion"
  },
  {
    "docID": "N191 Pearse 2007",
    "et": "SpinalLesionSite",
    "off": 1432,
    "sff": "lesion"
  },
  {
    "docID": "N191 Pearse 2007",
    "et": "SpinalLesionSite",
    "off": 54869,
    "sff": "lesion"
  },
  {
    "docID": "N191 Pearse 2007",
    "et": "SpinalLesionSite",
    "off": 91183,
    "sff": "lesion site"
  }
]
