[
  {
    "docID": "N193 Ramer 2004",
    "et": "Thoracic",
    "off": 4453,
    "sff": "thoracic"
  },
  {
    "docID": "N193 Ramer 2004",
    "et": "AscendingFiberTract",
    "off": 33801,
    "sff": "fiber"
  },
  {
    "docID": "N193 Ramer 2004",
    "et": "AscendingFiberTract",
    "off": 3563,
    "sff": "fiber"
  },
  {
    "docID": "N193 Ramer 2004",
    "et": "SpinalWhiteMatter",
    "off": 18508,
    "sff": "white"
  },
  {
    "docID": "N193 Ramer 2004",
    "et": "SpinalWhiteMatter",
    "off": 16704,
    "sff": "white"
  },
  {
    "docID": "N193 Ramer 2004",
    "et": "SpinalFiberTract",
    "off": 3563,
    "sff": "fiber"
  },
  {
    "docID": "N193 Ramer 2004",
    "et": "SpinalFiberTract",
    "off": 33801,
    "sff": "fiber"
  },
  {
    "docID": "N193 Ramer 2004",
    "et": "DeliveryMethod",
    "off": 4891,
    "sff": "delivery"
  },
  {
    "docID": "N193 Ramer 2004",
    "et": "SpinalDorsalHalf",
    "off": 37152,
    "sff": "dorsal"
  },
  {
    "docID": "N193 Ramer 2004",
    "et": "SpinalDorsalHalf",
    "off": 15307,
    "sff": "dorsal"
  },
  {
    "docID": "N193 Ramer 2004",
    "et": "SpinalDorsalHalf",
    "off": 14932,
    "sff": "dorsal"
  },
  {
    "docID": "N193 Ramer 2004",
    "et": "SpinalCord",
    "off": 15814,
    "sff": "cord"
  },
  {
    "docID": "N193 Ramer 2004",
    "et": "SpinalCord",
    "off": 32975,
    "sff": "cord"
  },
  {
    "docID": "N193 Ramer 2004",
    "et": "SpinalCord",
    "off": 6867,
    "sff": "cord"
  },
  {
    "docID": "N193 Ramer 2004",
    "et": "SpinalCord",
    "off": 40921,
    "sff": "cord"
  },
  {
    "docID": "N193 Ramer 2004",
    "et": "SpinalCord",
    "off": 46424,
    "sff": "cord"
  },
  {
    "docID": "N193 Ramer 2004",
    "et": "SpinalCord",
    "off": 44759,
    "sff": "cord"
  },
  {
    "docID": "N193 Ramer 2004",
    "et": "SpinalCord",
    "off": 46170,
    "sff": "cord"
  },
  {
    "docID": "N193 Ramer 2004",
    "et": "SpinalCord",
    "off": 2217,
    "sff": "cord"
  },
  {
    "docID": "N193 Ramer 2004",
    "et": "SpinalCord",
    "off": 48552,
    "sff": "cord"
  },
  {
    "docID": "N193 Ramer 2004",
    "et": "SpinalCord",
    "off": 4263,
    "sff": "cord"
  },
  {
    "docID": "N193 Ramer 2004",
    "et": "SpinalCord",
    "off": 1574,
    "sff": "cord"
  },
  {
    "docID": "N193 Ramer 2004",
    "et": "SpinalCord",
    "off": 47270,
    "sff": "cord"
  },
  {
    "docID": "N193 Ramer 2004",
    "et": "SpinalCord",
    "off": 1837,
    "sff": "cord"
  },
  {
    "docID": "N193 Ramer 2004",
    "et": "SpinalCord",
    "off": 44204,
    "sff": "cord"
  },
  {
    "docID": "N193 Ramer 2004",
    "et": "SpinalCord",
    "off": 47404,
    "sff": "cord"
  },
  {
    "docID": "N193 Ramer 2004",
    "et": "SpinalCord",
    "off": 56106,
    "sff": "cord"
  },
  {
    "docID": "N193 Ramer 2004",
    "et": "SpinalCord",
    "off": 27441,
    "sff": "cord"
  },
  {
    "docID": "N193 Ramer 2004",
    "et": "SpinalCord",
    "off": 41909,
    "sff": "cord"
  },
  {
    "docID": "N193 Ramer 2004",
    "et": "SpinalCord",
    "off": 27314,
    "sff": "cord"
  },
  {
    "docID": "N193 Ramer 2004",
    "et": "SpinalCord",
    "off": 46002,
    "sff": "cord"
  },
  {
    "docID": "N193 Ramer 2004",
    "et": "SpinalCord",
    "off": 49080,
    "sff": "cord"
  },
  {
    "docID": "N193 Ramer 2004",
    "et": "SpinalCord",
    "off": 34615,
    "sff": "cord"
  },
  {
    "docID": "N193 Ramer 2004",
    "et": "SpinalCord",
    "off": 5174,
    "sff": "cord"
  },
  {
    "docID": "N193 Ramer 2004",
    "et": "SpinalCord",
    "off": 48444,
    "sff": "cord"
  },
  {
    "docID": "N193 Ramer 2004",
    "et": "SpinalCord",
    "off": 647,
    "sff": "cord"
  },
  {
    "docID": "N193 Ramer 2004",
    "et": "SpinalCord",
    "off": 22662,
    "sff": "cord"
  },
  {
    "docID": "N193 Ramer 2004",
    "et": "SpinalCord",
    "off": 24973,
    "sff": "cord"
  },
  {
    "docID": "N193 Ramer 2004",
    "et": "SpinalCord",
    "off": 20619,
    "sff": "cord"
  },
  {
    "docID": "N193 Ramer 2004",
    "et": "SpinalCord",
    "off": 28819,
    "sff": "cord"
  },
  {
    "docID": "N193 Ramer 2004",
    "et": "SpinalCord",
    "off": 43283,
    "sff": "cord"
  },
  {
    "docID": "N193 Ramer 2004",
    "et": "SpinalCord",
    "off": 43923,
    "sff": "cord"
  },
  {
    "docID": "N193 Ramer 2004",
    "et": "SpinalCord",
    "off": 44562,
    "sff": "cord"
  },
  {
    "docID": "N193 Ramer 2004",
    "et": "SpinalCord",
    "off": 1177,
    "sff": "cord"
  },
  {
    "docID": "N193 Ramer 2004",
    "et": "SpinalCord",
    "off": 10390,
    "sff": "cord"
  },
  {
    "docID": "N193 Ramer 2004",
    "et": "SpinalCord",
    "off": 15766,
    "sff": "cord"
  },
  {
    "docID": "N193 Ramer 2004",
    "et": "SpinalCord",
    "off": 40476,
    "sff": "cord"
  },
  {
    "docID": "N193 Ramer 2004",
    "et": "SpinalCord",
    "off": 43423,
    "sff": "cord"
  },
  {
    "docID": "N193 Ramer 2004",
    "et": "SpinalCord",
    "off": 37924,
    "sff": "cord"
  },
  {
    "docID": "N193 Ramer 2004",
    "et": "SpinalCord",
    "off": 21225,
    "sff": "cord"
  },
  {
    "docID": "N193 Ramer 2004",
    "et": "SpinalCord",
    "off": 111,
    "sff": "Cord"
  },
  {
    "docID": "N193 Ramer 2004",
    "et": "SpinalCord",
    "off": 20204,
    "sff": "cord"
  },
  {
    "docID": "N193 Ramer 2004",
    "et": "SpinalCord",
    "off": 27500,
    "sff": "cord"
  },
  {
    "docID": "N193 Ramer 2004",
    "et": "SpinalCord",
    "off": 14961,
    "sff": "cord"
  },
  {
    "docID": "N193 Ramer 2004",
    "et": "SpinalCord",
    "off": 42997,
    "sff": "cord"
  },
  {
    "docID": "N193 Ramer 2004",
    "et": "SpinalCord",
    "off": 25715,
    "sff": "cord"
  },
  {
    "docID": "N193 Ramer 2004",
    "et": "SpinalCord",
    "off": 7032,
    "sff": "cord"
  },
  {
    "docID": "N193 Ramer 2004",
    "et": "SpinalCord",
    "off": 33656,
    "sff": "cord"
  },
  {
    "docID": "N193 Ramer 2004",
    "et": "SpinalCord",
    "off": 6657,
    "sff": "cord"
  },
  {
    "docID": "N193 Ramer 2004",
    "et": "SpinalCord",
    "off": 23297,
    "sff": "cord"
  },
  {
    "docID": "N193 Ramer 2004",
    "et": "SpinalCord",
    "off": 29182,
    "sff": "cord"
  },
  {
    "docID": "N193 Ramer 2004",
    "et": "DorsalColumn",
    "off": 15307,
    "sff": "dorsal"
  },
  {
    "docID": "N193 Ramer 2004",
    "et": "DorsalColumn",
    "off": 14932,
    "sff": "dorsal"
  },
  {
    "docID": "N193 Ramer 2004",
    "et": "DorsalColumn",
    "off": 37152,
    "sff": "dorsal"
  },
  {
    "docID": "N193 Ramer 2004",
    "et": "LesionAdjacentTissue",
    "off": 18200,
    "sff": "lesion"
  },
  {
    "docID": "N193 Ramer 2004",
    "et": "LesionAdjacentTissue",
    "off": 17720,
    "sff": "adjacent"
  },
  {
    "docID": "N193 Ramer 2004",
    "et": "LesionAdjacentTissue",
    "off": 23321,
    "sff": "lesion"
  },
  {
    "docID": "N193 Ramer 2004",
    "et": "LesionAdjacentTissue",
    "off": 20506,
    "sff": "lesion"
  },
  {
    "docID": "N193 Ramer 2004",
    "et": "LesionAdjacentTissue",
    "off": 1301,
    "sff": "lesion"
  },
  {
    "docID": "N193 Ramer 2004",
    "et": "LesionAdjacentTissue",
    "off": 22293,
    "sff": "lesion"
  },
  {
    "docID": "N193 Ramer 2004",
    "et": "LesionAdjacentTissue",
    "off": 1814,
    "sff": "lesion"
  },
  {
    "docID": "N193 Ramer 2004",
    "et": "LesionAdjacentTissue",
    "off": 33047,
    "sff": "lesion"
  },
  {
    "docID": "N193 Ramer 2004",
    "et": "LesionAdjacentTissue",
    "off": 36883,
    "sff": "lesion"
  },
  {
    "docID": "N193 Ramer 2004",
    "et": "LesionAdjacentTissue",
    "off": 25100,
    "sff": "lesion"
  },
  {
    "docID": "N193 Ramer 2004",
    "et": "LesionAdjacentTissue",
    "off": 53005,
    "sff": "lesion"
  },
  {
    "docID": "N193 Ramer 2004",
    "et": "LesionAdjacentTissue",
    "off": 40719,
    "sff": "lesion"
  },
  {
    "docID": "N193 Ramer 2004",
    "et": "LesionAdjacentTissue",
    "off": 32260,
    "sff": "lesion"
  },
  {
    "docID": "N193 Ramer 2004",
    "et": "LesionAdjacentTissue",
    "off": 25861,
    "sff": "lesion"
  },
  {
    "docID": "N193 Ramer 2004",
    "et": "LesionAdjacentTissue",
    "off": 46597,
    "sff": "lesion"
  },
  {
    "docID": "N193 Ramer 2004",
    "et": "LesionAdjacentTissue",
    "off": 27399,
    "sff": "lesion"
  },
  {
    "docID": "N193 Ramer 2004",
    "et": "LesionAdjacentTissue",
    "off": 22529,
    "sff": "lesion"
  },
  {
    "docID": "N193 Ramer 2004",
    "et": "LesionAdjacentTissue",
    "off": 42241,
    "sff": "lesion"
  },
  {
    "docID": "N193 Ramer 2004",
    "et": "LesionAdjacentTissue",
    "off": 34872,
    "sff": "lesion"
  },
  {
    "docID": "N193 Ramer 2004",
    "et": "LesionAdjacentTissue",
    "off": 51768,
    "sff": "lesion"
  },
  {
    "docID": "N193 Ramer 2004",
    "et": "LesionAdjacentTissue",
    "off": 11321,
    "sff": "lesion"
  },
  {
    "docID": "N193 Ramer 2004",
    "et": "LesionAdjacentTissue",
    "off": 20027,
    "sff": "lesion"
  },
  {
    "docID": "N193 Ramer 2004",
    "et": "LesionAdjacentTissue",
    "off": 29751,
    "sff": "lesion"
  },
  {
    "docID": "N193 Ramer 2004",
    "et": "LesionAdjacentTissue",
    "off": 24625,
    "sff": "lesion"
  },
  {
    "docID": "N193 Ramer 2004",
    "et": "LesionAdjacentTissue",
    "off": 22060,
    "sff": "lesion"
  },
  {
    "docID": "N193 Ramer 2004",
    "et": "LesionAdjacentTissue",
    "off": 17454,
    "sff": "lesion"
  },
  {
    "docID": "N193 Ramer 2004",
    "et": "LesionAdjacentTissue",
    "off": 32046,
    "sff": "lesion"
  },
  {
    "docID": "N193 Ramer 2004",
    "et": "LesionAdjacentTissue",
    "off": 56111,
    "sff": "lesion"
  },
  {
    "docID": "N193 Ramer 2004",
    "et": "LesionAdjacentTissue",
    "off": 39720,
    "sff": "lesion"
  },
  {
    "docID": "N193 Ramer 2004",
    "et": "LesionAdjacentTissue",
    "off": 16425,
    "sff": "lesion"
  },
  {
    "docID": "N193 Ramer 2004",
    "et": "LesionAdjacentTissue",
    "off": 28458,
    "sff": "lesion"
  },
  {
    "docID": "N193 Ramer 2004",
    "et": "LesionAdjacentTissue",
    "off": 17700,
    "sff": "lesion"
  },
  {
    "docID": "N193 Ramer 2004",
    "et": "LesionAdjacentTissue",
    "off": 28196,
    "sff": "lesion"
  },
  {
    "docID": "N193 Ramer 2004",
    "et": "LesionAdjacentTissue",
    "off": 30244,
    "sff": "lesion"
  },
  {
    "docID": "N193 Ramer 2004",
    "et": "LesionAdjacentTissue",
    "off": 23077,
    "sff": "lesion"
  },
  {
    "docID": "N193 Ramer 2004",
    "et": "LesionAdjacentTissue",
    "off": 44583,
    "sff": "lesion"
  },
  {
    "docID": "N193 Ramer 2004",
    "et": "LesionAdjacentTissue",
    "off": 31009,
    "sff": "lesion"
  },
  {
    "docID": "N193 Ramer 2004",
    "et": "LesionAdjacentTissue",
    "off": 33569,
    "sff": "lesion"
  },
  {
    "docID": "N193 Ramer 2004",
    "et": "LesionAdjacentTissue",
    "off": 20259,
    "sff": "lesion"
  },
  {
    "docID": "N193 Ramer 2004",
    "et": "LesionAdjacentTissue",
    "off": 32733,
    "sff": "lesion"
  },
  {
    "docID": "N193 Ramer 2004",
    "et": "LesionAdjacentTissue",
    "off": 17624,
    "sff": "lesion"
  },
  {
    "docID": "N193 Ramer 2004",
    "et": "LesionAdjacentTissue",
    "off": 22746,
    "sff": "lesion"
  },
  {
    "docID": "N193 Ramer 2004",
    "et": "LesionAdjacentTissue",
    "off": 48858,
    "sff": "lesion"
  },
  {
    "docID": "N193 Ramer 2004",
    "et": "LesionAdjacentTissue",
    "off": 53467,
    "sff": "lesion"
  },
  {
    "docID": "N193 Ramer 2004",
    "et": "LesionAdjacentTissue",
    "off": 24276,
    "sff": "lesion"
  },
  {
    "docID": "N193 Ramer 2004",
    "et": "LesionAdjacentTissue",
    "off": 52693,
    "sff": "lesion"
  },
  {
    "docID": "N193 Ramer 2004",
    "et": "LesionAdjacentTissue",
    "off": 28887,
    "sff": "lesion"
  },
  {
    "docID": "N193 Ramer 2004",
    "et": "LesionAdjacentTissue",
    "off": 33239,
    "sff": "lesion"
  },
  {
    "docID": "N193 Ramer 2004",
    "et": "LesionAdjacentTissue",
    "off": 19404,
    "sff": "lesion"
  },
  {
    "docID": "N193 Ramer 2004",
    "et": "LesionAdjacentTissue",
    "off": 42441,
    "sff": "lesion"
  },
  {
    "docID": "N193 Ramer 2004",
    "et": "LesionAdjacentTissue",
    "off": 16586,
    "sff": "lesion"
  },
  {
    "docID": "N193 Ramer 2004",
    "et": "LesionAdjacentTissue",
    "off": 31178,
    "sff": "lesion"
  },
  {
    "docID": "N193 Ramer 2004",
    "et": "LesionAdjacentTissue",
    "off": 33482,
    "sff": "lesion"
  },
  {
    "docID": "N193 Ramer 2004",
    "et": "LesionAdjacentTissue",
    "off": 36554,
    "sff": "lesion"
  },
  {
    "docID": "N193 Ramer 2004",
    "et": "LesionAdjacentTissue",
    "off": 39371,
    "sff": "lesion"
  },
  {
    "docID": "N193 Ramer 2004",
    "et": "LesionAdjacentTissue",
    "off": 40132,
    "sff": "lesion"
  },
  {
    "docID": "N193 Ramer 2004",
    "et": "LesionAdjacentTissue",
    "off": 19654,
    "sff": "lesion"
  },
  {
    "docID": "N193 Ramer 2004",
    "et": "LesionAdjacentTissue",
    "off": 32195,
    "sff": "lesion"
  },
  {
    "docID": "N193 Ramer 2004",
    "et": "LesionAdjacentTissue",
    "off": 50627,
    "sff": "lesion"
  },
  {
    "docID": "N193 Ramer 2004",
    "et": "LesionAdjacentTissue",
    "off": 39162,
    "sff": "lesion"
  },
  {
    "docID": "N193 Ramer 2004",
    "et": "LesionAdjacentTissue",
    "off": 20209,
    "sff": "lesion"
  },
  {
    "docID": "N193 Ramer 2004",
    "et": "LesionAdjacentTissue",
    "off": 42737,
    "sff": "lesion"
  },
  {
    "docID": "N193 Ramer 2004",
    "et": "LesionAdjacentTissue",
    "off": 23283,
    "sff": "lesion"
  },
  {
    "docID": "N193 Ramer 2004",
    "et": "LesionAdjacentTissue",
    "off": 25581,
    "sff": "lesion"
  },
  {
    "docID": "N193 Ramer 2004",
    "et": "LesionAdjacentTissue",
    "off": 35309,
    "sff": "lesion"
  },
  {
    "docID": "N193 Ramer 2004",
    "et": "LesionAdjacentTissue",
    "off": 35055,
    "sff": "lesion"
  },
  {
    "docID": "N193 Ramer 2004",
    "et": "LesionAdjacentTissue",
    "off": 484,
    "sff": "lesion"
  },
  {
    "docID": "N193 Ramer 2004",
    "et": "LesionAdjacentTissue",
    "off": 40420,
    "sff": "lesion"
  },
  {
    "docID": "N193 Ramer 2004",
    "et": "LesionAdjacentTissue",
    "off": 15335,
    "sff": "lesion"
  },
  {
    "docID": "N193 Ramer 2004",
    "et": "LesionAdjacentTissue",
    "off": 32487,
    "sff": "lesion"
  },
  {
    "docID": "N193 Ramer 2004",
    "et": "LesionAdjacentTissue",
    "off": 32992,
    "sff": "lesion"
  },
  {
    "docID": "N193 Ramer 2004",
    "et": "LesionAdjacentTissue",
    "off": 47072,
    "sff": "lesion"
  },
  {
    "docID": "N193 Ramer 2004",
    "et": "LesionAdjacentTissue",
    "off": 50145,
    "sff": "lesion"
  },
  {
    "docID": "N193 Ramer 2004",
    "et": "LesionAdjacentTissue",
    "off": 15075,
    "sff": "lesion"
  },
  {
    "docID": "N193 Ramer 2004",
    "et": "LesionAdjacentTissue",
    "off": 19613,
    "sff": "lesion"
  },
  {
    "docID": "N193 Ramer 2004",
    "et": "LesionAdjacentTissue",
    "off": 36765,
    "sff": "lesion"
  },
  {
    "docID": "N193 Ramer 2004",
    "et": "LesionAdjacentTissue",
    "off": 1182,
    "sff": "lesion"
  },
  {
    "docID": "N193 Ramer 2004",
    "et": "LesionAdjacentTissue",
    "off": 4500,
    "sff": "lesion"
  },
  {
    "docID": "N193 Ramer 2004",
    "et": "LesionAdjacentTissue",
    "off": 21904,
    "sff": "lesion"
  },
  {
    "docID": "N193 Ramer 2004",
    "et": "LesionAdjacentTissue",
    "off": 19091,
    "sff": "lesion"
  },
  {
    "docID": "N193 Ramer 2004",
    "et": "LesionAdjacentTissue",
    "off": 24723,
    "sff": "lesion"
  },
  {
    "docID": "N193 Ramer 2004",
    "et": "LesionAdjacentTissue",
    "off": 30349,
    "sff": "lesion"
  },
  {
    "docID": "N193 Ramer 2004",
    "et": "LesionAdjacentTissue",
    "off": 31624,
    "sff": "lesion"
  },
  {
    "docID": "N193 Ramer 2004",
    "et": "LesionAdjacentTissue",
    "off": 47499,
    "sff": "lesion"
  },
  {
    "docID": "N193 Ramer 2004",
    "et": "LesionAdjacentTissue",
    "off": 19845,
    "sff": "lesion"
  },
  {
    "docID": "N193 Ramer 2004",
    "et": "LesionAdjacentTissue",
    "off": 25478,
    "sff": "lesion"
  },
  {
    "docID": "N193 Ramer 2004",
    "et": "LesionAdjacentTissue",
    "off": 18816,
    "sff": "lesion"
  },
  {
    "docID": "N193 Ramer 2004",
    "et": "LesionAdjacentTissue",
    "off": 53888,
    "sff": "lesion"
  },
  {
    "docID": "N193 Ramer 2004",
    "et": "LesionAdjacentTissue",
    "off": 17025,
    "sff": "lesion"
  },
  {
    "docID": "N193 Ramer 2004",
    "et": "LesionAdjacentTissue",
    "off": 30851,
    "sff": "lesion"
  },
  {
    "docID": "N193 Ramer 2004",
    "et": "LesionAdjacentTissue",
    "off": 30140,
    "sff": "lesion"
  },
  {
    "docID": "N193 Ramer 2004",
    "et": "LesionAdjacentTissue",
    "off": 49085,
    "sff": "lesion"
  },
  {
    "docID": "N193 Ramer 2004",
    "et": "LesionAdjacentTissue",
    "off": 37310,
    "sff": "lesion"
  },
  {
    "docID": "N193 Ramer 2004",
    "et": "LesionAdjacentTissue",
    "off": 29375,
    "sff": "lesion"
  },
  {
    "docID": "N193 Ramer 2004",
    "et": "LesionAdjacentTissue",
    "off": 53945,
    "sff": "lesion"
  },
  {
    "docID": "N193 Ramer 2004",
    "et": "LesionAdjacentTissue",
    "off": 17850,
    "sff": "lesion"
  },
  {
    "docID": "N193 Ramer 2004",
    "et": "LesionAdjacentTissue",
    "off": 41914,
    "sff": "lesion"
  },
  {
    "docID": "N193 Ramer 2004",
    "et": "LesionAdjacentTissue",
    "off": 22964,
    "sff": "lesion"
  },
  {
    "docID": "N193 Ramer 2004",
    "et": "LesionAdjacentTissue",
    "off": 29617,
    "sff": "lesion"
  },
  {
    "docID": "N193 Ramer 2004",
    "et": "LesionAdjacentTissue",
    "off": 39089,
    "sff": "lesion"
  },
  {
    "docID": "N193 Ramer 2004",
    "et": "LesionAdjacentTissue",
    "off": 39859,
    "sff": "lesion"
  },
  {
    "docID": "N193 Ramer 2004",
    "et": "LesionAdjacentTissue",
    "off": 4268,
    "sff": "lesion"
  },
  {
    "docID": "N193 Ramer 2004",
    "et": "LesionAdjacentTissue",
    "off": 21164,
    "sff": "lesion"
  },
  {
    "docID": "N193 Ramer 2004",
    "et": "LesionAdjacentTissue",
    "off": 39598,
    "sff": "lesion"
  },
  {
    "docID": "N193 Ramer 2004",
    "et": "LesionAdjacentTissue",
    "off": 18607,
    "sff": "lesion"
  },
  {
    "docID": "N193 Ramer 2004",
    "et": "LesionAdjacentTissue",
    "off": 38063,
    "sff": "lesion"
  },
  {
    "docID": "N193 Ramer 2004",
    "et": "LesionAdjacentTissue",
    "off": 1704,
    "sff": "lesion"
  },
  {
    "docID": "N193 Ramer 2004",
    "et": "LesionAdjacentTissue",
    "off": 37800,
    "sff": "lesion"
  },
  {
    "docID": "N193 Ramer 2004",
    "et": "LesionAdjacentTissue",
    "off": 28074,
    "sff": "lesion"
  },
  {
    "docID": "N193 Ramer 2004",
    "et": "LesionAdjacentTissue",
    "off": 45227,
    "sff": "lesion"
  },
  {
    "docID": "N193 Ramer 2004",
    "et": "LesionAdjacentTissue",
    "off": 32677,
    "sff": "lesion"
  },
  {
    "docID": "N193 Ramer 2004",
    "et": "LesionAdjacentTissue",
    "off": 34725,
    "sff": "lesion"
  },
  {
    "docID": "N193 Ramer 2004",
    "et": "LesionAdjacentTissue",
    "off": 37029,
    "sff": "lesion"
  },
  {
    "docID": "N193 Ramer 2004",
    "et": "LesionAdjacentTissue",
    "off": 55200,
    "sff": "lesion"
  },
  {
    "docID": "N193 Ramer 2004",
    "et": "LesionAdjacentTissue",
    "off": 17571,
    "sff": "lesion"
  },
  {
    "docID": "N193 Ramer 2004",
    "et": "LesionAdjacentTissue",
    "off": 46429,
    "sff": "lesion"
  },
  {
    "docID": "N193 Ramer 2004",
    "et": "LesionAdjacentTissue",
    "off": 31326,
    "sff": "lesion"
  },
  {
    "docID": "N193 Ramer 2004",
    "et": "LesionAdjacentTissue",
    "off": 32601,
    "sff": "lesion"
  },
  {
    "docID": "N193 Ramer 2004",
    "et": "LesionAdjacentTissue",
    "off": 22106,
    "sff": "lesion"
  },
  {
    "docID": "N193 Ramer 2004",
    "et": "LesionAdjacentTissue",
    "off": 53077,
    "sff": "lesion"
  },
  {
    "docID": "N193 Ramer 2004",
    "et": "LesionAdjacentTissue",
    "off": 16727,
    "sff": "lesion"
  },
  {
    "docID": "N193 Ramer 2004",
    "et": "LesionAdjacentTissue",
    "off": 55376,
    "sff": "lesion"
  },
  {
    "docID": "N193 Ramer 2004",
    "et": "LesionAdjacentTissue",
    "off": 32083,
    "sff": "lesion"
  },
  {
    "docID": "N193 Ramer 2004",
    "et": "LesionAdjacentTissue",
    "off": 33363,
    "sff": "lesion"
  },
  {
    "docID": "N193 Ramer 2004",
    "et": "LesionAdjacentTissue",
    "off": 34131,
    "sff": "lesion"
  },
  {
    "docID": "N193 Ramer 2004",
    "et": "LesionAdjacentTissue",
    "off": 34636,
    "sff": "lesion"
  },
  {
    "docID": "N193 Ramer 2004",
    "et": "LesionAdjacentTissue",
    "off": 17229,
    "sff": "lesion"
  },
  {
    "docID": "N193 Ramer 2004",
    "et": "LesionAdjacentTissue",
    "off": 38221,
    "sff": "lesion"
  },
  {
    "docID": "N193 Ramer 2004",
    "et": "LesionAdjacentTissue",
    "off": 47181,
    "sff": "lesion"
  },
  {
    "docID": "N193 Ramer 2004",
    "et": "LesionAdjacentTissue",
    "off": 25416,
    "sff": "lesion"
  },
  {
    "docID": "N193 Ramer 2004",
    "et": "LesionAdjacentTissue",
    "off": 28233,
    "sff": "lesion"
  },
  {
    "docID": "N193 Ramer 2004",
    "et": "LesionAdjacentTissue",
    "off": 36169,
    "sff": "lesion"
  },
  {
    "docID": "N193 Ramer 2004",
    "et": "LesionAdjacentTissue",
    "off": 35914,
    "sff": "lesion"
  },
  {
    "docID": "N193 Ramer 2004",
    "et": "LesionAdjacentTissue",
    "off": 39492,
    "sff": "lesion"
  },
  {
    "docID": "N193 Ramer 2004",
    "et": "LesionAdjacentTissue",
    "off": 29509,
    "sff": "lesion"
  },
  {
    "docID": "N193 Ramer 2004",
    "et": "LesionAdjacentTissue",
    "off": 40518,
    "sff": "lesion"
  },
  {
    "docID": "N193 Ramer 2004",
    "et": "LesionAdjacentTissue",
    "off": 55104,
    "sff": "lesion"
  },
  {
    "docID": "N193 Ramer 2004",
    "et": "LesionAdjacentTissue",
    "off": 31297,
    "sff": "lesion"
  },
  {
    "docID": "N193 Ramer 2004",
    "et": "LesionAdjacentTissue",
    "off": 7037,
    "sff": "lesion"
  },
  {
    "docID": "N193 Ramer 2004",
    "et": "LesionAdjacentTissue",
    "off": 37501,
    "sff": "lesion"
  },
  {
    "docID": "N193 Ramer 2004",
    "et": "LesionAdjacentTissue",
    "off": 18046,
    "sff": "lesion"
  },
  {
    "docID": "N193 Ramer 2004",
    "et": "LesionAdjacentTissue",
    "off": 20350,
    "sff": "lesion"
  },
  {
    "docID": "N193 Ramer 2004",
    "et": "LesionAdjacentTissue",
    "off": 35711,
    "sff": "lesion"
  },
  {
    "docID": "N193 Ramer 2004",
    "et": "LesionAdjacentTissue",
    "off": 42107,
    "sff": "lesion"
  },
  {
    "docID": "N193 Ramer 2004",
    "et": "LesionAdjacentTissue",
    "off": 16502,
    "sff": "lesion"
  },
  {
    "docID": "N193 Ramer 2004",
    "et": "LesionAdjacentTissue",
    "off": 36720,
    "sff": "lesion"
  },
  {
    "docID": "N193 Ramer 2004",
    "et": "LesionAdjacentTissue",
    "off": 56433,
    "sff": "lesion"
  },
  {
    "docID": "N193 Ramer 2004",
    "et": "LesionAdjacentTissue",
    "off": 55666,
    "sff": "lesion"
  },
  {
    "docID": "N193 Ramer 2004",
    "et": "LesionAdjacentTissue",
    "off": 25196,
    "sff": "lesion"
  },
  {
    "docID": "N193 Ramer 2004",
    "et": "LesionAdjacentTissue",
    "off": 39533,
    "sff": "lesion"
  },
  {
    "docID": "N193 Ramer 2004",
    "et": "LesionAdjacentTissue",
    "off": 20591,
    "sff": "lesion"
  },
  {
    "docID": "N193 Ramer 2004",
    "et": "LesionAdjacentTissue",
    "off": 53615,
    "sff": "lesion"
  },
  {
    "docID": "N193 Ramer 2004",
    "et": "LesionAdjacentTissue",
    "off": 22628,
    "sff": "lesion"
  },
  {
    "docID": "N193 Ramer 2004",
    "et": "LesionAdjacentTissue",
    "off": 49509,
    "sff": "lesion"
  },
  {
    "docID": "N193 Ramer 2004",
    "et": "LesionAdjacentTissue",
    "off": 35431,
    "sff": "lesion"
  },
  {
    "docID": "N193 Ramer 2004",
    "et": "LesionAdjacentTissue",
    "off": 42336,
    "sff": "lesion"
  },
  {
    "docID": "N193 Ramer 2004",
    "et": "LesionAdjacentTissue",
    "off": 44640,
    "sff": "lesion"
  },
  {
    "docID": "N193 Ramer 2004",
    "et": "LesionAdjacentTissue",
    "off": 37217,
    "sff": "lesion"
  },
  {
    "docID": "N193 Ramer 2004",
    "et": "LesionAdjacentTissue",
    "off": 42849,
    "sff": "lesion"
  },
  {
    "docID": "N193 Ramer 2004",
    "et": "LesionAdjacentTissue",
    "off": 15970,
    "sff": "lesion"
  },
  {
    "docID": "N193 Ramer 2004",
    "et": "Cervical",
    "off": 10374,
    "sff": "cervical"
  },
  {
    "docID": "N193 Ramer 2004",
    "et": "Cervical",
    "off": 12892,
    "sff": "Cervical"
  },
  {
    "docID": "N193 Ramer 2004",
    "et": "Cervical",
    "off": 12688,
    "sff": "cervical"
  },
  {
    "docID": "N193 Ramer 2004",
    "et": "CentralNervousSystem",
    "off": 1388,
    "sff": "central nervous"
  },
  {
    "docID": "N193 Ramer 2004",
    "et": "CentralNervousSystem",
    "off": 2481,
    "sff": "central nervous system"
  },
  {
    "docID": "N193 Ramer 2004",
    "et": "CentralNervousSystem",
    "off": 37090,
    "sff": "central"
  },
  {
    "docID": "N193 Ramer 2004",
    "et": "CentralNervousSystem",
    "off": 35951,
    "sff": "central"
  },
  {
    "docID": "N193 Ramer 2004",
    "et": "CentralNervousSystem",
    "off": 1388,
    "sff": "central nervous system"
  },
  {
    "docID": "N193 Ramer 2004",
    "et": "CentralNervousSystem",
    "off": 2481,
    "sff": "central nervous"
  },
  {
    "docID": "N193 Ramer 2004",
    "et": "CentralNervousSystem",
    "off": 2633,
    "sff": "nervous system"
  },
  {
    "docID": "N193 Ramer 2004",
    "et": "CentralNervousSystem",
    "off": 2570,
    "sff": "central"
  },
  {
    "docID": "N193 Ramer 2004",
    "et": "CentralNervousSystem",
    "off": 2633,
    "sff": "nervous"
  },
  {
    "docID": "N193 Ramer 2004",
    "et": "CentralNervousSystem",
    "off": 52104,
    "sff": "central"
  },
  {
    "docID": "N193 Ramer 2004",
    "et": "C2",
    "off": 12915,
    "sff": "C2"
  },
  {
    "docID": "N193 Ramer 2004",
    "et": "C4",
    "off": 10404,
    "sff": "C4"
  },
  {
    "docID": "N193 Ramer 2004",
    "et": "C6",
    "off": 12921,
    "sff": "C6"
  },
  {
    "docID": "N193 Ramer 2004",
    "et": "SpinalCentralPart",
    "off": 1388,
    "sff": "central"
  },
  {
    "docID": "N193 Ramer 2004",
    "et": "SpinalCentralPart",
    "off": 52104,
    "sff": "central"
  },
  {
    "docID": "N193 Ramer 2004",
    "et": "SpinalCentralPart",
    "off": 2570,
    "sff": "central"
  },
  {
    "docID": "N193 Ramer 2004",
    "et": "SpinalCentralPart",
    "off": 35951,
    "sff": "central"
  },
  {
    "docID": "N193 Ramer 2004",
    "et": "SpinalCentralPart",
    "off": 2481,
    "sff": "central"
  },
  {
    "docID": "N193 Ramer 2004",
    "et": "SpinalCentralPart",
    "off": 37090,
    "sff": "central"
  },
  {
    "docID": "N193 Ramer 2004",
    "et": "InjectionDelivery",
    "off": 21974,
    "sff": "injection"
  },
  {
    "docID": "N193 Ramer 2004",
    "et": "InjectionDelivery",
    "off": 11260,
    "sff": "injection"
  },
  {
    "docID": "N193 Ramer 2004",
    "et": "InjectionDelivery",
    "off": 11532,
    "sff": "injection"
  },
  {
    "docID": "N193 Ramer 2004",
    "et": "InjectionDelivery",
    "off": 12332,
    "sff": "injection"
  },
  {
    "docID": "N193 Ramer 2004",
    "et": "InjectionDelivery",
    "off": 12444,
    "sff": "injection"
  },
  {
    "docID": "N193 Ramer 2004",
    "et": "InjectionDelivery",
    "off": 20460,
    "sff": "injection"
  },
  {
    "docID": "N193 Ramer 2004",
    "et": "InjectionDelivery",
    "off": 15421,
    "sff": "injection"
  },
  {
    "docID": "N193 Ramer 2004",
    "et": "InjectionDelivery",
    "off": 22333,
    "sff": "injection"
  },
  {
    "docID": "N193 Ramer 2004",
    "et": "InjectionDelivery",
    "off": 41885,
    "sff": "injection"
  },
  {
    "docID": "N193 Ramer 2004",
    "et": "InjectionDelivery",
    "off": 16688,
    "sff": "injection"
  },
  {
    "docID": "N193 Ramer 2004",
    "et": "InjectionDelivery",
    "off": 11647,
    "sff": "injection"
  },
  {
    "docID": "N193 Ramer 2004",
    "et": "InjectionDelivery",
    "off": 21471,
    "sff": "injection"
  },
  {
    "docID": "N193 Ramer 2004",
    "et": "SpinalLesionSite",
    "off": 25416,
    "sff": "lesion"
  },
  {
    "docID": "N193 Ramer 2004",
    "et": "SpinalLesionSite",
    "off": 29509,
    "sff": "lesion"
  },
  {
    "docID": "N193 Ramer 2004",
    "et": "SpinalLesionSite",
    "off": 40518,
    "sff": "lesion"
  },
  {
    "docID": "N193 Ramer 2004",
    "et": "SpinalLesionSite",
    "off": 28233,
    "sff": "lesion"
  },
  {
    "docID": "N193 Ramer 2004",
    "et": "SpinalLesionSite",
    "off": 35914,
    "sff": "lesion"
  },
  {
    "docID": "N193 Ramer 2004",
    "et": "SpinalLesionSite",
    "off": 55104,
    "sff": "lesion"
  },
  {
    "docID": "N193 Ramer 2004",
    "et": "SpinalLesionSite",
    "off": 22746,
    "sff": "lesion site"
  },
  {
    "docID": "N193 Ramer 2004",
    "et": "SpinalLesionSite",
    "off": 39492,
    "sff": "lesion"
  },
  {
    "docID": "N193 Ramer 2004",
    "et": "SpinalLesionSite",
    "off": 48858,
    "sff": "lesion site"
  },
  {
    "docID": "N193 Ramer 2004",
    "et": "SpinalLesionSite",
    "off": 32733,
    "sff": "lesion site"
  },
  {
    "docID": "N193 Ramer 2004",
    "et": "SpinalLesionSite",
    "off": 29751,
    "sff": "lesion"
  },
  {
    "docID": "N193 Ramer 2004",
    "et": "SpinalLesionSite",
    "off": 34872,
    "sff": "lesion"
  },
  {
    "docID": "N193 Ramer 2004",
    "et": "SpinalLesionSite",
    "off": 50627,
    "sff": "lesion site"
  },
  {
    "docID": "N193 Ramer 2004",
    "et": "SpinalLesionSite",
    "off": 40132,
    "sff": "lesion site"
  },
  {
    "docID": "N193 Ramer 2004",
    "et": "SpinalLesionSite",
    "off": 17454,
    "sff": "lesion"
  },
  {
    "docID": "N193 Ramer 2004",
    "et": "SpinalLesionSite",
    "off": 56111,
    "sff": "lesion"
  },
  {
    "docID": "N193 Ramer 2004",
    "et": "SpinalLesionSite",
    "off": 31178,
    "sff": "lesion site"
  },
  {
    "docID": "N193 Ramer 2004",
    "et": "SpinalLesionSite",
    "off": 33482,
    "sff": "lesion site"
  },
  {
    "docID": "N193 Ramer 2004",
    "et": "SpinalLesionSite",
    "off": 24625,
    "sff": "lesion"
  },
  {
    "docID": "N193 Ramer 2004",
    "et": "SpinalLesionSite",
    "off": 35431,
    "sff": "lesion"
  },
  {
    "docID": "N193 Ramer 2004",
    "et": "SpinalLesionSite",
    "off": 49509,
    "sff": "lesion"
  },
  {
    "docID": "N193 Ramer 2004",
    "et": "SpinalLesionSite",
    "off": 53945,
    "sff": "lesion site"
  },
  {
    "docID": "N193 Ramer 2004",
    "et": "SpinalLesionSite",
    "off": 25196,
    "sff": "lesion"
  },
  {
    "docID": "N193 Ramer 2004",
    "et": "SpinalLesionSite",
    "off": 22964,
    "sff": "lesion site"
  },
  {
    "docID": "N193 Ramer 2004",
    "et": "SpinalLesionSite",
    "off": 29375,
    "sff": "lesion site"
  },
  {
    "docID": "N193 Ramer 2004",
    "et": "SpinalLesionSite",
    "off": 37310,
    "sff": "lesion site"
  },
  {
    "docID": "N193 Ramer 2004",
    "et": "SpinalLesionSite",
    "off": 42336,
    "sff": "lesion"
  },
  {
    "docID": "N193 Ramer 2004",
    "et": "SpinalLesionSite",
    "off": 46429,
    "sff": "lesion"
  },
  {
    "docID": "N193 Ramer 2004",
    "et": "SpinalLesionSite",
    "off": 31326,
    "sff": "lesion"
  },
  {
    "docID": "N193 Ramer 2004",
    "et": "SpinalLesionSite",
    "off": 15970,
    "sff": "lesion"
  },
  {
    "docID": "N193 Ramer 2004",
    "et": "SpinalLesionSite",
    "off": 17850,
    "sff": "lesion site"
  },
  {
    "docID": "N193 Ramer 2004",
    "et": "SpinalLesionSite",
    "off": 22628,
    "sff": "lesion"
  },
  {
    "docID": "N193 Ramer 2004",
    "et": "SpinalLesionSite",
    "off": 41914,
    "sff": "lesion site"
  },
  {
    "docID": "N193 Ramer 2004",
    "et": "SpinalLesionSite",
    "off": 42849,
    "sff": "lesion"
  },
  {
    "docID": "N193 Ramer 2004",
    "et": "SpinalLesionSite",
    "off": 53077,
    "sff": "lesion"
  },
  {
    "docID": "N193 Ramer 2004",
    "et": "SpinalLesionSite",
    "off": 1704,
    "sff": "lesion site"
  },
  {
    "docID": "N193 Ramer 2004",
    "et": "SpinalLesionSite",
    "off": 16727,
    "sff": "lesion"
  },
  {
    "docID": "N193 Ramer 2004",
    "et": "SpinalLesionSite",
    "off": 37800,
    "sff": "lesion site"
  },
  {
    "docID": "N193 Ramer 2004",
    "et": "SpinalLesionSite",
    "off": 32601,
    "sff": "lesion"
  },
  {
    "docID": "N193 Ramer 2004",
    "et": "SpinalLesionSite",
    "off": 32677,
    "sff": "lesion site"
  },
  {
    "docID": "N193 Ramer 2004",
    "et": "SpinalLesionSite",
    "off": 37029,
    "sff": "lesion site"
  },
  {
    "docID": "N193 Ramer 2004",
    "et": "SpinalLesionSite",
    "off": 22106,
    "sff": "lesion"
  },
  {
    "docID": "N193 Ramer 2004",
    "et": "SpinalLesionSite",
    "off": 18607,
    "sff": "lesion site"
  },
  {
    "docID": "N193 Ramer 2004",
    "et": "SpinalLesionSite",
    "off": 38063,
    "sff": "lesion site"
  },
  {
    "docID": "N193 Ramer 2004",
    "et": "SpinalLesionSite",
    "off": 55376,
    "sff": "lesion"
  },
  {
    "docID": "N193 Ramer 2004",
    "et": "SpinalLesionSite",
    "off": 38221,
    "sff": "lesion"
  },
  {
    "docID": "N193 Ramer 2004",
    "et": "SpinalLesionSite",
    "off": 47181,
    "sff": "lesion"
  },
  {
    "docID": "N193 Ramer 2004",
    "et": "SpinalLesionSite",
    "off": 32083,
    "sff": "lesion"
  },
  {
    "docID": "N193 Ramer 2004",
    "et": "SpinalLesionSite",
    "off": 33363,
    "sff": "lesion"
  },
  {
    "docID": "N193 Ramer 2004",
    "et": "SpinalLesionSite",
    "off": 21164,
    "sff": "lesion site"
  },
  {
    "docID": "N193 Ramer 2004",
    "et": "SpinalLesionSite",
    "off": 19845,
    "sff": "lesion"
  },
  {
    "docID": "N193 Ramer 2004",
    "et": "SpinalLesionSite",
    "off": 25478,
    "sff": "lesion"
  },
  {
    "docID": "N193 Ramer 2004",
    "et": "SpinalLesionSite",
    "off": 22293,
    "sff": "lesion site"
  },
  {
    "docID": "N193 Ramer 2004",
    "et": "SpinalLesionSite",
    "off": 7037,
    "sff": "lesion"
  },
  {
    "docID": "N193 Ramer 2004",
    "et": "SpinalLesionSite",
    "off": 18816,
    "sff": "lesion"
  },
  {
    "docID": "N193 Ramer 2004",
    "et": "SpinalLesionSite",
    "off": 31009,
    "sff": "lesion site"
  },
  {
    "docID": "N193 Ramer 2004",
    "et": "SpinalLesionSite",
    "off": 20350,
    "sff": "lesion"
  },
  {
    "docID": "N193 Ramer 2004",
    "et": "SpinalLesionSite",
    "off": 30851,
    "sff": "lesion"
  },
  {
    "docID": "N193 Ramer 2004",
    "et": "SpinalLesionSite",
    "off": 20506,
    "sff": "lesion site"
  },
  {
    "docID": "N193 Ramer 2004",
    "et": "SpinalLesionSite",
    "off": 16502,
    "sff": "lesion"
  },
  {
    "docID": "N193 Ramer 2004",
    "et": "SpinalLesionSite",
    "off": 25861,
    "sff": "lesion site"
  },
  {
    "docID": "N193 Ramer 2004",
    "et": "SpinalLesionSite",
    "off": 46597,
    "sff": "lesion site"
  },
  {
    "docID": "N193 Ramer 2004",
    "et": "SpinalLesionSite",
    "off": 53615,
    "sff": "lesion"
  },
  {
    "docID": "N193 Ramer 2004",
    "et": "SpinalLesionSite",
    "off": 39533,
    "sff": "lesion"
  },
  {
    "docID": "N193 Ramer 2004",
    "et": "SpinalLesionSite",
    "off": 53005,
    "sff": "lesion site"
  },
  {
    "docID": "N193 Ramer 2004",
    "et": "SpinalLesionSite",
    "off": 34725,
    "sff": "lesion"
  },
  {
    "docID": "N193 Ramer 2004",
    "et": "SpinalLesionSite",
    "off": 45227,
    "sff": "lesion"
  },
  {
    "docID": "N193 Ramer 2004",
    "et": "SpinalLesionSite",
    "off": 4268,
    "sff": "lesion"
  },
  {
    "docID": "N193 Ramer 2004",
    "et": "SpinalLesionSite",
    "off": 28074,
    "sff": "lesion"
  },
  {
    "docID": "N193 Ramer 2004",
    "et": "SpinalLesionSite",
    "off": 1182,
    "sff": "lesion"
  },
  {
    "docID": "N193 Ramer 2004",
    "et": "SpinalLesionSite",
    "off": 55200,
    "sff": "lesion"
  },
  {
    "docID": "N193 Ramer 2004",
    "et": "SpinalLesionSite",
    "off": 22529,
    "sff": "lesion site"
  },
  {
    "docID": "N193 Ramer 2004",
    "et": "SpinalLesionSite",
    "off": 17571,
    "sff": "lesion"
  },
  {
    "docID": "N193 Ramer 2004",
    "et": "SpinalLesionSite",
    "off": 32487,
    "sff": "lesion site"
  },
  {
    "docID": "N193 Ramer 2004",
    "et": "SpinalLesionSite",
    "off": 484,
    "sff": "lesion site"
  },
  {
    "docID": "N193 Ramer 2004",
    "et": "SpinalLesionSite",
    "off": 40420,
    "sff": "lesion site"
  },
  {
    "docID": "N193 Ramer 2004",
    "et": "SpinalLesionSite",
    "off": 35055,
    "sff": "lesion site"
  },
  {
    "docID": "N193 Ramer 2004",
    "et": "SpinalLesionSite",
    "off": 20209,
    "sff": "lesion site"
  },
  {
    "docID": "N193 Ramer 2004",
    "et": "SpinalLesionSite",
    "off": 30349,
    "sff": "lesion"
  },
  {
    "docID": "N193 Ramer 2004",
    "et": "SpinalLesionSite",
    "off": 4500,
    "sff": "lesion"
  },
  {
    "docID": "N193 Ramer 2004",
    "et": "SpinalLesionSite",
    "off": 25581,
    "sff": "lesion site"
  },
  {
    "docID": "N193 Ramer 2004",
    "et": "SpinalLesionSite",
    "off": 35309,
    "sff": "lesion site"
  },
  {
    "docID": "N193 Ramer 2004",
    "et": "SpinalLesionSite",
    "off": 19091,
    "sff": "lesion"
  },
  {
    "docID": "N193 Ramer 2004",
    "et": "SpinalLesionSite",
    "off": 19654,
    "sff": "lesion"
  },
  {
    "docID": "N193 Ramer 2004",
    "et": "SpinalLesionSite",
    "off": 16586,
    "sff": "lesion"
  },
  {
    "docID": "N193 Ramer 2004",
    "et": "SpinalLesionSite",
    "off": 34131,
    "sff": "lesion site"
  },
  {
    "docID": "N193 Ramer 2004",
    "et": "SpinalLesionSite",
    "off": 39371,
    "sff": "lesion"
  },
  {
    "docID": "N193 Ramer 2004",
    "et": "SpinalLesionSite",
    "off": 19404,
    "sff": "lesion"
  },
  {
    "docID": "N193 Ramer 2004",
    "et": "SpinalLesionSite",
    "off": 42441,
    "sff": "lesion"
  },
  {
    "docID": "N193 Ramer 2004",
    "et": "SpinalLesionSite",
    "off": 36554,
    "sff": "lesion"
  },
  {
    "docID": "N193 Ramer 2004",
    "et": "SpinalLesionSite",
    "off": 37217,
    "sff": "lesion site"
  },
  {
    "docID": "N193 Ramer 2004",
    "et": "SpinalLesionSite",
    "off": 49085,
    "sff": "lesion"
  },
  {
    "docID": "N193 Ramer 2004",
    "et": "SpinalLesionSite",
    "off": 44640,
    "sff": "lesion site"
  },
  {
    "docID": "N193 Ramer 2004",
    "et": "SpinalLesionSite",
    "off": 32195,
    "sff": "lesion"
  },
  {
    "docID": "N193 Ramer 2004",
    "et": "SpinalLesionSite",
    "off": 36169,
    "sff": "lesion site"
  },
  {
    "docID": "N193 Ramer 2004",
    "et": "SpinalLesionSite",
    "off": 30140,
    "sff": "lesion"
  },
  {
    "docID": "N193 Ramer 2004",
    "et": "SpinalLesionSite",
    "off": 39598,
    "sff": "lesion"
  },
  {
    "docID": "N193 Ramer 2004",
    "et": "SpinalLesionSite",
    "off": 39859,
    "sff": "lesion"
  },
  {
    "docID": "N193 Ramer 2004",
    "et": "SpinalLesionSite",
    "off": 17229,
    "sff": "lesion site"
  },
  {
    "docID": "N193 Ramer 2004",
    "et": "SpinalLesionSite",
    "off": 29617,
    "sff": "lesion"
  },
  {
    "docID": "N193 Ramer 2004",
    "et": "SpinalLesionSite",
    "off": 39089,
    "sff": "lesion"
  },
  {
    "docID": "N193 Ramer 2004",
    "et": "SpinalLesionSite",
    "off": 34636,
    "sff": "lesion site"
  },
  {
    "docID": "N193 Ramer 2004",
    "et": "SpinalLesionSite",
    "off": 11321,
    "sff": "lesion site"
  },
  {
    "docID": "N193 Ramer 2004",
    "et": "SpinalLesionSite",
    "off": 15335,
    "sff": "lesion"
  },
  {
    "docID": "N193 Ramer 2004",
    "et": "SpinalLesionSite",
    "off": 51768,
    "sff": "lesion site"
  },
  {
    "docID": "N193 Ramer 2004",
    "et": "SpinalLesionSite",
    "off": 32992,
    "sff": "lesion"
  },
  {
    "docID": "N193 Ramer 2004",
    "et": "SpinalLesionSite",
    "off": 47072,
    "sff": "lesion"
  },
  {
    "docID": "N193 Ramer 2004",
    "et": "SpinalLesionSite",
    "off": 31297,
    "sff": "lesion site"
  },
  {
    "docID": "N193 Ramer 2004",
    "et": "SpinalLesionSite",
    "off": 20027,
    "sff": "lesion site"
  },
  {
    "docID": "N193 Ramer 2004",
    "et": "SpinalLesionSite",
    "off": 50145,
    "sff": "lesion"
  },
  {
    "docID": "N193 Ramer 2004",
    "et": "SpinalLesionSite",
    "off": 15075,
    "sff": "lesion"
  },
  {
    "docID": "N193 Ramer 2004",
    "et": "SpinalLesionSite",
    "off": 28887,
    "sff": "lesion"
  },
  {
    "docID": "N193 Ramer 2004",
    "et": "SpinalLesionSite",
    "off": 33239,
    "sff": "lesion"
  },
  {
    "docID": "N193 Ramer 2004",
    "et": "SpinalLesionSite",
    "off": 44583,
    "sff": "lesion site"
  },
  {
    "docID": "N193 Ramer 2004",
    "et": "SpinalLesionSite",
    "off": 16425,
    "sff": "lesion site"
  },
  {
    "docID": "N193 Ramer 2004",
    "et": "SpinalLesionSite",
    "off": 17624,
    "sff": "lesion"
  },
  {
    "docID": "N193 Ramer 2004",
    "et": "SpinalLesionSite",
    "off": 52693,
    "sff": "lesion"
  },
  {
    "docID": "N193 Ramer 2004",
    "et": "SpinalLesionSite",
    "off": 53467,
    "sff": "lesion"
  },
  {
    "docID": "N193 Ramer 2004",
    "et": "SpinalLesionSite",
    "off": 23077,
    "sff": "lesion site"
  },
  {
    "docID": "N193 Ramer 2004",
    "et": "SpinalLesionSite",
    "off": 17700,
    "sff": "lesion site"
  },
  {
    "docID": "N193 Ramer 2004",
    "et": "SpinalLesionSite",
    "off": 28196,
    "sff": "lesion site"
  },
  {
    "docID": "N193 Ramer 2004",
    "et": "SpinalLesionSite",
    "off": 30244,
    "sff": "lesion site"
  },
  {
    "docID": "N193 Ramer 2004",
    "et": "SpinalLesionSite",
    "off": 32046,
    "sff": "lesion site"
  },
  {
    "docID": "N193 Ramer 2004",
    "et": "SpinalLesionSite",
    "off": 24276,
    "sff": "lesion"
  },
  {
    "docID": "N193 Ramer 2004",
    "et": "SpinalLesionSite",
    "off": 27399,
    "sff": "lesion"
  },
  {
    "docID": "N193 Ramer 2004",
    "et": "SpinalLesionSite",
    "off": 24723,
    "sff": "lesion site"
  },
  {
    "docID": "N193 Ramer 2004",
    "et": "SpinalLesionSite",
    "off": 25100,
    "sff": "lesion"
  },
  {
    "docID": "N193 Ramer 2004",
    "et": "SpinalLesionSite",
    "off": 32260,
    "sff": "lesion"
  },
  {
    "docID": "N193 Ramer 2004",
    "et": "SpinalLesionSite",
    "off": 19613,
    "sff": "lesion site"
  },
  {
    "docID": "N193 Ramer 2004",
    "et": "SpinalLesionSite",
    "off": 36765,
    "sff": "lesion site"
  },
  {
    "docID": "N193 Ramer 2004",
    "et": "SpinalLesionSite",
    "off": 42241,
    "sff": "lesion"
  },
  {
    "docID": "N193 Ramer 2004",
    "et": "SpinalLesionSite",
    "off": 31624,
    "sff": "lesion site"
  },
  {
    "docID": "N193 Ramer 2004",
    "et": "SpinalLesionSite",
    "off": 39162,
    "sff": "lesion"
  },
  {
    "docID": "N193 Ramer 2004",
    "et": "SpinalLesionSite",
    "off": 21904,
    "sff": "lesion site"
  },
  {
    "docID": "N193 Ramer 2004",
    "et": "SpinalLesionSite",
    "off": 23283,
    "sff": "lesion"
  },
  {
    "docID": "N193 Ramer 2004",
    "et": "SpinalLesionSite",
    "off": 47499,
    "sff": "lesion site"
  },
  {
    "docID": "N193 Ramer 2004",
    "et": "SpinalLesionSite",
    "off": 42737,
    "sff": "lesion"
  },
  {
    "docID": "N193 Ramer 2004",
    "et": "SpinalLesionSite",
    "off": 39720,
    "sff": "lesion"
  },
  {
    "docID": "N193 Ramer 2004",
    "et": "SpinalLesionSite",
    "off": 22060,
    "sff": "lesion"
  },
  {
    "docID": "N193 Ramer 2004",
    "et": "SpinalLesionSite",
    "off": 55666,
    "sff": "lesion site"
  },
  {
    "docID": "N193 Ramer 2004",
    "et": "SpinalLesionSite",
    "off": 28458,
    "sff": "lesion"
  },
  {
    "docID": "N193 Ramer 2004",
    "et": "SpinalLesionSite",
    "off": 35711,
    "sff": "lesion site"
  },
  {
    "docID": "N193 Ramer 2004",
    "et": "SpinalLesionSite",
    "off": 18046,
    "sff": "lesion site"
  },
  {
    "docID": "N193 Ramer 2004",
    "et": "SpinalLesionSite",
    "off": 17025,
    "sff": "lesion site"
  },
  {
    "docID": "N193 Ramer 2004",
    "et": "SpinalLesionSite",
    "off": 53888,
    "sff": "lesion site"
  },
  {
    "docID": "N193 Ramer 2004",
    "et": "SpinalLesionSite",
    "off": 20259,
    "sff": "lesion"
  },
  {
    "docID": "N193 Ramer 2004",
    "et": "SpinalLesionSite",
    "off": 42107,
    "sff": "lesion site"
  },
  {
    "docID": "N193 Ramer 2004",
    "et": "SpinalLesionSite",
    "off": 33569,
    "sff": "lesion"
  },
  {
    "docID": "N193 Ramer 2004",
    "et": "SpinalLesionSite",
    "off": 37501,
    "sff": "lesion site"
  },
  {
    "docID": "N193 Ramer 2004",
    "et": "SpinalLesionSite",
    "off": 1814,
    "sff": "lesion"
  },
  {
    "docID": "N193 Ramer 2004",
    "et": "SpinalLesionSite",
    "off": 33047,
    "sff": "lesion"
  },
  {
    "docID": "N193 Ramer 2004",
    "et": "SpinalLesionSite",
    "off": 1301,
    "sff": "lesion"
  },
  {
    "docID": "N193 Ramer 2004",
    "et": "SpinalLesionSite",
    "off": 18200,
    "sff": "lesion"
  },
  {
    "docID": "N193 Ramer 2004",
    "et": "SpinalLesionSite",
    "off": 23321,
    "sff": "lesion"
  },
  {
    "docID": "N193 Ramer 2004",
    "et": "SpinalLesionSite",
    "off": 20591,
    "sff": "lesion site"
  },
  {
    "docID": "N193 Ramer 2004",
    "et": "SpinalLesionSite",
    "off": 40719,
    "sff": "lesion"
  },
  {
    "docID": "N193 Ramer 2004",
    "et": "SpinalLesionSite",
    "off": 56433,
    "sff": "lesion site"
  },
  {
    "docID": "N193 Ramer 2004",
    "et": "SpinalLesionSite",
    "off": 36720,
    "sff": "lesion site"
  },
  {
    "docID": "N193 Ramer 2004",
    "et": "SpinalLesionSite",
    "off": 36883,
    "sff": "lesion"
  },
  {
    "docID": "N193 Ramer 2004",
    "et": "RubrospinalTract",
    "off": 52960,
    "sff": "rubrospinal"
  },
  {
    "docID": "N193 Ramer 2004",
    "et": "RubrospinalTract",
    "off": 21985,
    "sff": "rubrospinal"
  },
  {
    "docID": "N193 Ramer 2004",
    "et": "RubrospinalTract",
    "off": 21852,
    "sff": "rubrospinal"
  },
  {
    "docID": "N193 Ramer 2004",
    "et": "RubrospinalTract",
    "off": 52456,
    "sff": "Rubrospinal"
  },
  {
    "docID": "N193 Ramer 2004",
    "et": "RubrospinalTract",
    "off": 41308,
    "sff": "rubrospinal tract"
  },
  {
    "docID": "N193 Ramer 2004",
    "et": "RubrospinalTract",
    "off": 21482,
    "sff": "rubrospinal"
  },
  {
    "docID": "N193 Ramer 2004",
    "et": "RubrospinalTract",
    "off": 37871,
    "sff": "rubrospinal"
  },
  {
    "docID": "N193 Ramer 2004",
    "et": "RubrospinalTract",
    "off": 53039,
    "sff": "rubrospinal"
  },
  {
    "docID": "N193 Ramer 2004",
    "et": "RubrospinalTract",
    "off": 38578,
    "sff": "rubrospinal"
  },
  {
    "docID": "N193 Ramer 2004",
    "et": "RubrospinalTract",
    "off": 52658,
    "sff": "rubrospinal"
  },
  {
    "docID": "N193 Ramer 2004",
    "et": "RubrospinalTract",
    "off": 10706,
    "sff": "rubrospinal tract"
  },
  {
    "docID": "N193 Ramer 2004",
    "et": "RubrospinalTract",
    "off": 38353,
    "sff": "rubrospinal tract"
  },
  {
    "docID": "N193 Ramer 2004",
    "et": "RubrospinalTract",
    "off": 39661,
    "sff": "rubrospinal"
  },
  {
    "docID": "N193 Ramer 2004",
    "et": "RubrospinalTract",
    "off": 39546,
    "sff": "rubrospinal"
  },
  {
    "docID": "N193 Ramer 2004",
    "et": "RubrospinalTract",
    "off": 39043,
    "sff": "rubrospinal tract"
  },
  {
    "docID": "N193 Ramer 2004",
    "et": "RubrospinalTract",
    "off": 53505,
    "sff": "rubrospinal"
  },
  {
    "docID": "N193 Ramer 2004",
    "et": "RubrospinalTract",
    "off": 1863,
    "sff": "rubrospinal"
  },
  {
    "docID": "N193 Ramer 2004",
    "et": "RubrospinalTract",
    "off": 39432,
    "sff": "rubrospinal"
  },
  {
    "docID": "N193 Ramer 2004",
    "et": "RubrospinalTract",
    "off": 22344,
    "sff": "rubrospinal"
  },
  {
    "docID": "N193 Ramer 2004",
    "et": "RubrospinalTract",
    "off": 53257,
    "sff": "rubrospinal"
  },
  {
    "docID": "N193 Ramer 2004",
    "et": "RubrospinalTract",
    "off": 53385,
    "sff": "rubrospinal"
  },
  {
    "docID": "N193 Ramer 2004",
    "et": "RubrospinalTract",
    "off": 11909,
    "sff": "rubrospinal"
  },
  {
    "docID": "N193 Ramer 2004",
    "et": "RubrospinalTract",
    "off": 39237,
    "sff": "rubrospinal"
  },
  {
    "docID": "N193 Ramer 2004",
    "et": "RubrospinalTract",
    "off": 22482,
    "sff": "rubrospinal"
  },
  {
    "docID": "N193 Ramer 2004",
    "et": "RubrospinalTract",
    "off": 21323,
    "sff": "Rubrospinal"
  },
  {
    "docID": "N193 Ramer 2004",
    "et": "RubrospinalTract",
    "off": 39819,
    "sff": "rubrospinal"
  },
  {
    "docID": "N193 Ramer 2004",
    "et": "RubrospinalTract",
    "off": 52437,
    "sff": "rubrospinal"
  }
]
