[
  {
    "docID": "N201 Sasaki 2006",
    "et": "AnatomicalLocation",
    "off": 17487,
    "sff": "anatomical location"
  },
  {
    "docID": "N201 Sasaki 2006",
    "et": "T9",
    "off": 5223,
    "sff": "T9"
  },
  {
    "docID": "N201 Sasaki 2006",
    "et": "T9",
    "off": 17282,
    "sff": "T9"
  },
  {
    "docID": "N201 Sasaki 2006",
    "et": "T9",
    "off": 10048,
    "sff": "T9"
  },
  {
    "docID": "N201 Sasaki 2006",
    "et": "T9",
    "off": 863,
    "sff": "T9"
  },
  {
    "docID": "N201 Sasaki 2006",
    "et": "Lumbar",
    "off": 25922,
    "sff": "lumbar"
  },
  {
    "docID": "N201 Sasaki 2006",
    "et": "Brain",
    "off": 12980,
    "sff": "brain"
  },
  {
    "docID": "N201 Sasaki 2006",
    "et": "Brain",
    "off": 6887,
    "sff": "brain"
  },
  {
    "docID": "N201 Sasaki 2006",
    "et": "Brain",
    "off": 6313,
    "sff": "brain"
  },
  {
    "docID": "N201 Sasaki 2006",
    "et": "Intraspinal",
    "off": 26270,
    "sff": "intraspinal"
  },
  {
    "docID": "N201 Sasaki 2006",
    "et": "Intraspinal",
    "off": 26366,
    "sff": "intraspinal"
  },
  {
    "docID": "N201 Sasaki 2006",
    "et": "Intraspinal",
    "off": 26001,
    "sff": "intraspinal"
  },
  {
    "docID": "N201 Sasaki 2006",
    "et": "Intraspinal",
    "off": 25851,
    "sff": "intraspinal"
  },
  {
    "docID": "N201 Sasaki 2006",
    "et": "SpinalWhiteMatter",
    "off": 4497,
    "sff": "white matter"
  },
  {
    "docID": "N201 Sasaki 2006",
    "et": "DeliveryMethod",
    "off": 24297,
    "sff": "delivery"
  },
  {
    "docID": "N201 Sasaki 2006",
    "et": "SpinalDorsalHalf",
    "off": 17228,
    "sff": "dorsal"
  },
  {
    "docID": "N201 Sasaki 2006",
    "et": "SpinalDorsalHalf",
    "off": 5453,
    "sff": "dorsal"
  },
  {
    "docID": "N201 Sasaki 2006",
    "et": "SpinalDorsalHalf",
    "off": 25949,
    "sff": "dorsal"
  },
  {
    "docID": "N201 Sasaki 2006",
    "et": "SpinalDorsalHalf",
    "off": 5226,
    "sff": "dorsal"
  },
  {
    "docID": "N201 Sasaki 2006",
    "et": "SpinalDorsalHalf",
    "off": 5544,
    "sff": "dorsal"
  },
  {
    "docID": "N201 Sasaki 2006",
    "et": "SpinalDorsalHalf",
    "off": 4954,
    "sff": "Dorsal"
  },
  {
    "docID": "N201 Sasaki 2006",
    "et": "SpinalDorsalHalf",
    "off": 27602,
    "sff": "dorsal"
  },
  {
    "docID": "N201 Sasaki 2006",
    "et": "SpinalDorsalHalf",
    "off": 17168,
    "sff": "Dorsal"
  },
  {
    "docID": "N201 Sasaki 2006",
    "et": "SpinalDorsalHalf",
    "off": 22771,
    "sff": "dorsal"
  },
  {
    "docID": "N201 Sasaki 2006",
    "et": "SpinalDorsalHalf",
    "off": 832,
    "sff": "dorsal"
  },
  {
    "docID": "N201 Sasaki 2006",
    "et": "SpinalDorsalHalf",
    "off": 52,
    "sff": "Dorsal"
  },
  {
    "docID": "N201 Sasaki 2006",
    "et": "SpinalCord",
    "off": 23189,
    "sff": "cord"
  },
  {
    "docID": "N201 Sasaki 2006",
    "et": "SpinalCord",
    "off": 17182,
    "sff": "Cord"
  },
  {
    "docID": "N201 Sasaki 2006",
    "et": "SpinalCord",
    "off": 857,
    "sff": "cord"
  },
  {
    "docID": "N201 Sasaki 2006",
    "et": "SpinalCord",
    "off": 3673,
    "sff": "cord"
  },
  {
    "docID": "N201 Sasaki 2006",
    "et": "SpinalCord",
    "off": 1175,
    "sff": "cord"
  },
  {
    "docID": "N201 Sasaki 2006",
    "et": "SpinalCord",
    "off": 1495,
    "sff": "cord"
  },
  {
    "docID": "N201 Sasaki 2006",
    "et": "SpinalCord",
    "off": 10574,
    "sff": "cord"
  },
  {
    "docID": "N201 Sasaki 2006",
    "et": "SpinalCord",
    "off": 22796,
    "sff": "cord"
  },
  {
    "docID": "N201 Sasaki 2006",
    "et": "SpinalCord",
    "off": 23887,
    "sff": "cord"
  },
  {
    "docID": "N201 Sasaki 2006",
    "et": "SpinalCord",
    "off": 1350,
    "sff": "cord"
  },
  {
    "docID": "N201 Sasaki 2006",
    "et": "SpinalCord",
    "off": 26822,
    "sff": "cord"
  },
  {
    "docID": "N201 Sasaki 2006",
    "et": "SpinalCord",
    "off": 11913,
    "sff": "cord"
  },
  {
    "docID": "N201 Sasaki 2006",
    "et": "SpinalCord",
    "off": 3134,
    "sff": "cord"
  },
  {
    "docID": "N201 Sasaki 2006",
    "et": "SpinalCord",
    "off": 23420,
    "sff": "cord"
  },
  {
    "docID": "N201 Sasaki 2006",
    "et": "SpinalCord",
    "off": 3391,
    "sff": "cord"
  },
  {
    "docID": "N201 Sasaki 2006",
    "et": "SpinalCord",
    "off": 25013,
    "sff": "cord"
  },
  {
    "docID": "N201 Sasaki 2006",
    "et": "SpinalCord",
    "off": 6330,
    "sff": "cord"
  },
  {
    "docID": "N201 Sasaki 2006",
    "et": "SpinalCord",
    "off": 12154,
    "sff": "cord"
  },
  {
    "docID": "N201 Sasaki 2006",
    "et": "SpinalCord",
    "off": 16063,
    "sff": "Cord"
  },
  {
    "docID": "N201 Sasaki 2006",
    "et": "SpinalCord",
    "off": 66,
    "sff": "Cord"
  },
  {
    "docID": "N201 Sasaki 2006",
    "et": "SpinalCord",
    "off": 6446,
    "sff": "cord"
  },
  {
    "docID": "N201 Sasaki 2006",
    "et": "SpinalCord",
    "off": 1836,
    "sff": "cord"
  },
  {
    "docID": "N201 Sasaki 2006",
    "et": "SpinalCord",
    "off": 549,
    "sff": "cord"
  },
  {
    "docID": "N201 Sasaki 2006",
    "et": "SpinalCord",
    "off": 25819,
    "sff": "cord"
  },
  {
    "docID": "N201 Sasaki 2006",
    "et": "SpinalCord",
    "off": 24866,
    "sff": "cord"
  },
  {
    "docID": "N201 Sasaki 2006",
    "et": "SpinalCord",
    "off": 16672,
    "sff": "cord"
  },
  {
    "docID": "N201 Sasaki 2006",
    "et": "SpinalCord",
    "off": 27616,
    "sff": "cord"
  },
  {
    "docID": "N201 Sasaki 2006",
    "et": "SpinalCord",
    "off": 21727,
    "sff": "cord"
  },
  {
    "docID": "N201 Sasaki 2006",
    "et": "DorsalColumn",
    "off": 5544,
    "sff": "dorsal"
  },
  {
    "docID": "N201 Sasaki 2006",
    "et": "DorsalColumn",
    "off": 5226,
    "sff": "dorsal"
  },
  {
    "docID": "N201 Sasaki 2006",
    "et": "DorsalColumn",
    "off": 17168,
    "sff": "Dorsal"
  },
  {
    "docID": "N201 Sasaki 2006",
    "et": "DorsalColumn",
    "off": 832,
    "sff": "dorsal"
  },
  {
    "docID": "N201 Sasaki 2006",
    "et": "DorsalColumn",
    "off": 4954,
    "sff": "Dorsal"
  },
  {
    "docID": "N201 Sasaki 2006",
    "et": "DorsalColumn",
    "off": 27602,
    "sff": "dorsal"
  },
  {
    "docID": "N201 Sasaki 2006",
    "et": "DorsalColumn",
    "off": 22771,
    "sff": "dorsal"
  },
  {
    "docID": "N201 Sasaki 2006",
    "et": "DorsalColumn",
    "off": 17228,
    "sff": "dorsal"
  },
  {
    "docID": "N201 Sasaki 2006",
    "et": "DorsalColumn",
    "off": 5453,
    "sff": "dorsal"
  },
  {
    "docID": "N201 Sasaki 2006",
    "et": "DorsalColumn",
    "off": 25949,
    "sff": "dorsal"
  },
  {
    "docID": "N201 Sasaki 2006",
    "et": "DorsalColumn",
    "off": 52,
    "sff": "Dorsal"
  },
  {
    "docID": "N201 Sasaki 2006",
    "et": "LesionAdjacentTissue",
    "off": 5706,
    "sff": "lesion"
  },
  {
    "docID": "N201 Sasaki 2006",
    "et": "LesionAdjacentTissue",
    "off": 6118,
    "sff": "lesion"
  },
  {
    "docID": "N201 Sasaki 2006",
    "et": "LesionAdjacentTissue",
    "off": 7751,
    "sff": "lesion"
  },
  {
    "docID": "N201 Sasaki 2006",
    "et": "LesionAdjacentTissue",
    "off": 12648,
    "sff": "lesion"
  },
  {
    "docID": "N201 Sasaki 2006",
    "et": "LesionAdjacentTissue",
    "off": 10034,
    "sff": "lesion"
  },
  {
    "docID": "N201 Sasaki 2006",
    "et": "LesionAdjacentTissue",
    "off": 16399,
    "sff": "lesion"
  },
  {
    "docID": "N201 Sasaki 2006",
    "et": "LesionAdjacentTissue",
    "off": 16240,
    "sff": "lesion"
  },
  {
    "docID": "N201 Sasaki 2006",
    "et": "LesionAdjacentTissue",
    "off": 16592,
    "sff": "lesion"
  },
  {
    "docID": "N201 Sasaki 2006",
    "et": "LesionAdjacentTissue",
    "off": 1563,
    "sff": "lesion"
  },
  {
    "docID": "N201 Sasaki 2006",
    "et": "LesionAdjacentTissue",
    "off": 12091,
    "sff": "lesion"
  },
  {
    "docID": "N201 Sasaki 2006",
    "et": "LesionAdjacentTissue",
    "off": 16533,
    "sff": "lesion"
  },
  {
    "docID": "N201 Sasaki 2006",
    "et": "LesionAdjacentTissue",
    "off": 26081,
    "sff": "lesion"
  },
  {
    "docID": "N201 Sasaki 2006",
    "et": "LesionAdjacentTissue",
    "off": 21982,
    "sff": "lesion"
  },
  {
    "docID": "N201 Sasaki 2006",
    "et": "LesionAdjacentTissue",
    "off": 3615,
    "sff": "lesion"
  },
  {
    "docID": "N201 Sasaki 2006",
    "et": "Location",
    "off": 17498,
    "sff": "location"
  },
  {
    "docID": "N201 Sasaki 2006",
    "et": "Location",
    "off": 13073,
    "sff": "location"
  },
  {
    "docID": "N201 Sasaki 2006",
    "et": "CorticospinalTract",
    "off": 3940,
    "sff": "corticospinal"
  },
  {
    "docID": "N201 Sasaki 2006",
    "et": "CorticospinalTract",
    "off": 767,
    "sff": "corticospinal tract"
  },
  {
    "docID": "N201 Sasaki 2006",
    "et": "CorticospinalTract",
    "off": 20216,
    "sff": "Corticospinal"
  },
  {
    "docID": "N201 Sasaki 2006",
    "et": "CorticospinalTract",
    "off": 14490,
    "sff": "corticospinal"
  },
  {
    "docID": "N201 Sasaki 2006",
    "et": "CorticospinalTract",
    "off": 3289,
    "sff": "corticospinal tract"
  },
  {
    "docID": "N201 Sasaki 2006",
    "et": "CorticospinalTract",
    "off": 3710,
    "sff": "corticospinal"
  },
  {
    "docID": "N201 Sasaki 2006",
    "et": "CorticospinalTract",
    "off": 22837,
    "sff": "corticospinal"
  },
  {
    "docID": "N201 Sasaki 2006",
    "et": "CorticospinalTract",
    "off": 13747,
    "sff": "corticospinal"
  },
  {
    "docID": "N201 Sasaki 2006",
    "et": "CorticospinalTract",
    "off": 17235,
    "sff": "corticospinal tract"
  },
  {
    "docID": "N201 Sasaki 2006",
    "et": "CorticospinalTract",
    "off": 13431,
    "sff": "corticospinal"
  },
  {
    "docID": "N201 Sasaki 2006",
    "et": "CorticospinalTract",
    "off": 13132,
    "sff": "corticospinal"
  },
  {
    "docID": "N201 Sasaki 2006",
    "et": "CorticospinalTract",
    "off": 26028,
    "sff": "corticospinal"
  },
  {
    "docID": "N201 Sasaki 2006",
    "et": "CorticospinalTract",
    "off": 26218,
    "sff": "corticospinal"
  },
  {
    "docID": "N201 Sasaki 2006",
    "et": "CorticospinalTract",
    "off": 3083,
    "sff": "corticospinal"
  },
  {
    "docID": "N201 Sasaki 2006",
    "et": "CorticospinalTract",
    "off": 18,
    "sff": "Corticospinal Tract"
  },
  {
    "docID": "N201 Sasaki 2006",
    "et": "CorticospinalTract",
    "off": 22539,
    "sff": "Corticospinal tract"
  },
  {
    "docID": "N201 Sasaki 2006",
    "et": "InjectionDelivery",
    "off": 17269,
    "sff": "injection"
  },
  {
    "docID": "N201 Sasaki 2006",
    "et": "InjectionDelivery",
    "off": 5764,
    "sff": "injection"
  },
  {
    "docID": "N201 Sasaki 2006",
    "et": "SpinalLesionSite",
    "off": 16533,
    "sff": "lesion"
  },
  {
    "docID": "N201 Sasaki 2006",
    "et": "SpinalLesionSite",
    "off": 10034,
    "sff": "lesion"
  },
  {
    "docID": "N201 Sasaki 2006",
    "et": "SpinalLesionSite",
    "off": 12091,
    "sff": "lesion site"
  },
  {
    "docID": "N201 Sasaki 2006",
    "et": "SpinalLesionSite",
    "off": 1563,
    "sff": "lesion"
  },
  {
    "docID": "N201 Sasaki 2006",
    "et": "SpinalLesionSite",
    "off": 26081,
    "sff": "lesion"
  },
  {
    "docID": "N201 Sasaki 2006",
    "et": "SpinalLesionSite",
    "off": 21982,
    "sff": "lesion"
  },
  {
    "docID": "N201 Sasaki 2006",
    "et": "SpinalLesionSite",
    "off": 3615,
    "sff": "lesion"
  },
  {
    "docID": "N201 Sasaki 2006",
    "et": "SpinalLesionSite",
    "off": 12648,
    "sff": "lesion"
  },
  {
    "docID": "N201 Sasaki 2006",
    "et": "SpinalLesionSite",
    "off": 6118,
    "sff": "lesion"
  },
  {
    "docID": "N201 Sasaki 2006",
    "et": "SpinalLesionSite",
    "off": 7751,
    "sff": "lesion"
  },
  {
    "docID": "N201 Sasaki 2006",
    "et": "SpinalLesionSite",
    "off": 5706,
    "sff": "lesion"
  },
  {
    "docID": "N201 Sasaki 2006",
    "et": "SpinalLesionSite",
    "off": 16240,
    "sff": "lesion"
  },
  {
    "docID": "N201 Sasaki 2006",
    "et": "SpinalLesionSite",
    "off": 16592,
    "sff": "lesion"
  },
  {
    "docID": "N201 Sasaki 2006",
    "et": "SpinalLesionSite",
    "off": 16399,
    "sff": "lesion"
  },
  {
    "docID": "N201 Sasaki 2006",
    "et": "RubrospinalTract",
    "off": 26468,
    "sff": "rubrospinal"
  }
]
