[
  {
    "docID": "N203 Stamegna 2011",
    "et": "AnatomicalLocation",
    "off": 35590,
    "sff": "Anatomical"
  },
  {
    "docID": "N203 Stamegna 2011",
    "et": "AnatomicalLocation",
    "off": 29725,
    "sff": "anatomical"
  },
  {
    "docID": "N203 Stamegna 2011",
    "et": "Lumbar",
    "off": 13406,
    "sff": "lumbar"
  },
  {
    "docID": "N203 Stamegna 2011",
    "et": "Thoracic",
    "off": 31813,
    "sff": "thoracic"
  },
  {
    "docID": "N203 Stamegna 2011",
    "et": "Thoracic",
    "off": 32020,
    "sff": "thoracic"
  },
  {
    "docID": "N203 Stamegna 2011",
    "et": "VertebralLocation",
    "off": 7942,
    "sff": "vertebral"
  },
  {
    "docID": "N203 Stamegna 2011",
    "et": "VertebralLocation",
    "off": 16018,
    "sff": "vertebral"
  },
  {
    "docID": "N203 Stamegna 2011",
    "et": "SpinalWhiteMatter",
    "off": 7618,
    "sff": "white matter"
  },
  {
    "docID": "N203 Stamegna 2011",
    "et": "SpinalWhiteMatter",
    "off": 16089,
    "sff": "white matter"
  },
  {
    "docID": "N203 Stamegna 2011",
    "et": "SpinalWhiteMatter",
    "off": 31068,
    "sff": "white matter"
  },
  {
    "docID": "N203 Stamegna 2011",
    "et": "VeinLocation",
    "off": 13461,
    "sff": "vein"
  },
  {
    "docID": "N203 Stamegna 2011",
    "et": "FemoralVeinLocation",
    "off": 13461,
    "sff": "vein"
  },
  {
    "docID": "N203 Stamegna 2011",
    "et": "SpinalDorsalHalf",
    "off": 9107,
    "sff": "dorsal"
  },
  {
    "docID": "N203 Stamegna 2011",
    "et": "SpinalDorsalHalf",
    "off": 31822,
    "sff": "dorsal"
  },
  {
    "docID": "N203 Stamegna 2011",
    "et": "SpinalDorsalHalf",
    "off": 7184,
    "sff": "dorsal"
  },
  {
    "docID": "N203 Stamegna 2011",
    "et": "SpinalDorsalHalf",
    "off": 7681,
    "sff": "dorsal"
  },
  {
    "docID": "N203 Stamegna 2011",
    "et": "SpinalDorsalHalf",
    "off": 6890,
    "sff": "dorsal"
  },
  {
    "docID": "N203 Stamegna 2011",
    "et": "SpinalVentralHalf",
    "off": 11839,
    "sff": "ventral"
  },
  {
    "docID": "N203 Stamegna 2011",
    "et": "SpinalVentralHalf",
    "off": 27015,
    "sff": "ventral"
  },
  {
    "docID": "N203 Stamegna 2011",
    "et": "SpinalVentralHalf",
    "off": 17223,
    "sff": "ventral"
  },
  {
    "docID": "N203 Stamegna 2011",
    "et": "SpinalVentralHalf",
    "off": 16134,
    "sff": "ventral"
  },
  {
    "docID": "N203 Stamegna 2011",
    "et": "SpinalVentralHalf",
    "off": 8932,
    "sff": "ventral"
  },
  {
    "docID": "N203 Stamegna 2011",
    "et": "SpinalCord",
    "off": 28113,
    "sff": "cord"
  },
  {
    "docID": "N203 Stamegna 2011",
    "et": "SpinalCord",
    "off": 4180,
    "sff": "cord"
  },
  {
    "docID": "N203 Stamegna 2011",
    "et": "SpinalCord",
    "off": 21523,
    "sff": "cord"
  },
  {
    "docID": "N203 Stamegna 2011",
    "et": "SpinalCord",
    "off": 7830,
    "sff": "cord"
  },
  {
    "docID": "N203 Stamegna 2011",
    "et": "SpinalCord",
    "off": 14614,
    "sff": "cord"
  },
  {
    "docID": "N203 Stamegna 2011",
    "et": "SpinalCord",
    "off": 16985,
    "sff": "cord"
  },
  {
    "docID": "N203 Stamegna 2011",
    "et": "SpinalCord",
    "off": 18905,
    "sff": "cord"
  },
  {
    "docID": "N203 Stamegna 2011",
    "et": "SpinalCord",
    "off": 35673,
    "sff": "cord"
  },
  {
    "docID": "N203 Stamegna 2011",
    "et": "SpinalCord",
    "off": 21725,
    "sff": "cord"
  },
  {
    "docID": "N203 Stamegna 2011",
    "et": "SpinalCord",
    "off": 26976,
    "sff": "cord"
  },
  {
    "docID": "N203 Stamegna 2011",
    "et": "SpinalCord",
    "off": 2339,
    "sff": "cord"
  },
  {
    "docID": "N203 Stamegna 2011",
    "et": "SpinalCord",
    "off": 102,
    "sff": "cord"
  },
  {
    "docID": "N203 Stamegna 2011",
    "et": "SpinalCord",
    "off": 1445,
    "sff": "cord"
  },
  {
    "docID": "N203 Stamegna 2011",
    "et": "SpinalCord",
    "off": 38565,
    "sff": "cord"
  },
  {
    "docID": "N203 Stamegna 2011",
    "et": "SpinalCord",
    "off": 9129,
    "sff": "cord"
  },
  {
    "docID": "N203 Stamegna 2011",
    "et": "SpinalCord",
    "off": 38765,
    "sff": "cord"
  },
  {
    "docID": "N203 Stamegna 2011",
    "et": "SpinalCord",
    "off": 11760,
    "sff": "cord"
  },
  {
    "docID": "N203 Stamegna 2011",
    "et": "SpinalCord",
    "off": 17392,
    "sff": "cord"
  },
  {
    "docID": "N203 Stamegna 2011",
    "et": "SpinalCord",
    "off": 21935,
    "sff": "cord"
  },
  {
    "docID": "N203 Stamegna 2011",
    "et": "SpinalCord",
    "off": 26095,
    "sff": "cord"
  },
  {
    "docID": "N203 Stamegna 2011",
    "et": "SpinalCord",
    "off": 26225,
    "sff": "cord"
  },
  {
    "docID": "N203 Stamegna 2011",
    "et": "SpinalCord",
    "off": 4918,
    "sff": "cord"
  },
  {
    "docID": "N203 Stamegna 2011",
    "et": "SpinalCord",
    "off": 8757,
    "sff": "cord"
  },
  {
    "docID": "N203 Stamegna 2011",
    "et": "SpinalCord",
    "off": 24760,
    "sff": "cord"
  },
  {
    "docID": "N203 Stamegna 2011",
    "et": "SpinalCord",
    "off": 16889,
    "sff": "cord"
  },
  {
    "docID": "N203 Stamegna 2011",
    "et": "SpinalCord",
    "off": 27452,
    "sff": "cord"
  },
  {
    "docID": "N203 Stamegna 2011",
    "et": "SpinalCord",
    "off": 7101,
    "sff": "cord"
  },
  {
    "docID": "N203 Stamegna 2011",
    "et": "SpinalCord",
    "off": 26367,
    "sff": "cord"
  },
  {
    "docID": "N203 Stamegna 2011",
    "et": "SpinalCord",
    "off": 837,
    "sff": "cord"
  },
  {
    "docID": "N203 Stamegna 2011",
    "et": "SpinalCord",
    "off": 19847,
    "sff": "cord"
  },
  {
    "docID": "N203 Stamegna 2011",
    "et": "SpinalCord",
    "off": 20682,
    "sff": "cord"
  },
  {
    "docID": "N203 Stamegna 2011",
    "et": "SpinalCord",
    "off": 39690,
    "sff": "cord"
  },
  {
    "docID": "N203 Stamegna 2011",
    "et": "SpinalCord",
    "off": 26569,
    "sff": "cord"
  },
  {
    "docID": "N203 Stamegna 2011",
    "et": "SpinalCord",
    "off": 26825,
    "sff": "cord"
  },
  {
    "docID": "N203 Stamegna 2011",
    "et": "SpinalCord",
    "off": 31689,
    "sff": "cord"
  },
  {
    "docID": "N203 Stamegna 2011",
    "et": "SpinalCord",
    "off": 7437,
    "sff": "cord"
  },
  {
    "docID": "N203 Stamegna 2011",
    "et": "SpinalCord",
    "off": 11661,
    "sff": "cord"
  },
  {
    "docID": "N203 Stamegna 2011",
    "et": "DorsalColumn",
    "off": 7681,
    "sff": "dorsal"
  },
  {
    "docID": "N203 Stamegna 2011",
    "et": "DorsalColumn",
    "off": 7184,
    "sff": "dorsal"
  },
  {
    "docID": "N203 Stamegna 2011",
    "et": "DorsalColumn",
    "off": 9107,
    "sff": "dorsal"
  },
  {
    "docID": "N203 Stamegna 2011",
    "et": "DorsalColumn",
    "off": 6890,
    "sff": "dorsal"
  },
  {
    "docID": "N203 Stamegna 2011",
    "et": "DorsalColumn",
    "off": 31822,
    "sff": "dorsal"
  },
  {
    "docID": "N203 Stamegna 2011",
    "et": "TailVeinLocation",
    "off": 13461,
    "sff": "vein"
  },
  {
    "docID": "N203 Stamegna 2011",
    "et": "LesionAdjacentTissue",
    "off": 20356,
    "sff": "lesion"
  },
  {
    "docID": "N203 Stamegna 2011",
    "et": "LesionAdjacentTissue",
    "off": 10789,
    "sff": "lesion"
  },
  {
    "docID": "N203 Stamegna 2011",
    "et": "LesionAdjacentTissue",
    "off": 17209,
    "sff": "lesion"
  },
  {
    "docID": "N203 Stamegna 2011",
    "et": "LesionAdjacentTissue",
    "off": 21183,
    "sff": "lesion"
  },
  {
    "docID": "N203 Stamegna 2011",
    "et": "LesionAdjacentTissue",
    "off": 13972,
    "sff": "lesion"
  },
  {
    "docID": "N203 Stamegna 2011",
    "et": "LesionAdjacentTissue",
    "off": 29681,
    "sff": "lesion"
  },
  {
    "docID": "N203 Stamegna 2011",
    "et": "LesionAdjacentTissue",
    "off": 11477,
    "sff": "lesion"
  },
  {
    "docID": "N203 Stamegna 2011",
    "et": "LesionAdjacentTissue",
    "off": 15733,
    "sff": "lesion"
  },
  {
    "docID": "N203 Stamegna 2011",
    "et": "LesionAdjacentTissue",
    "off": 8911,
    "sff": "lesion"
  },
  {
    "docID": "N203 Stamegna 2011",
    "et": "LesionAdjacentTissue",
    "off": 16303,
    "sff": "lesion"
  },
  {
    "docID": "N203 Stamegna 2011",
    "et": "LesionAdjacentTissue",
    "off": 31376,
    "sff": "lesion"
  },
  {
    "docID": "N203 Stamegna 2011",
    "et": "LesionAdjacentTissue",
    "off": 8781,
    "sff": "lesion"
  },
  {
    "docID": "N203 Stamegna 2011",
    "et": "LesionAdjacentTissue",
    "off": 35373,
    "sff": "lesion"
  },
  {
    "docID": "N203 Stamegna 2011",
    "et": "Cervical",
    "off": 39681,
    "sff": "cervical"
  },
  {
    "docID": "N203 Stamegna 2011",
    "et": "Cervical",
    "off": 6701,
    "sff": "Cervical"
  },
  {
    "docID": "N203 Stamegna 2011",
    "et": "Cervical",
    "off": 33462,
    "sff": "cervical"
  },
  {
    "docID": "N203 Stamegna 2011",
    "et": "Cervical",
    "off": 19831,
    "sff": "cervical"
  },
  {
    "docID": "N203 Stamegna 2011",
    "et": "Cervical",
    "off": 26553,
    "sff": "cervical"
  },
  {
    "docID": "N203 Stamegna 2011",
    "et": "Cervical",
    "off": 26809,
    "sff": "cervical"
  },
  {
    "docID": "N203 Stamegna 2011",
    "et": "Cervical",
    "off": 2560,
    "sff": "Cervical"
  },
  {
    "docID": "N203 Stamegna 2011",
    "et": "Cervical",
    "off": 4527,
    "sff": "cervical"
  },
  {
    "docID": "N203 Stamegna 2011",
    "et": "Cervical",
    "off": 12143,
    "sff": "cervical"
  },
  {
    "docID": "N203 Stamegna 2011",
    "et": "Cervical",
    "off": 24751,
    "sff": "cervical"
  },
  {
    "docID": "N203 Stamegna 2011",
    "et": "Cervical",
    "off": 6897,
    "sff": "cervical"
  },
  {
    "docID": "N203 Stamegna 2011",
    "et": "Cervical",
    "off": 27436,
    "sff": "cervical"
  },
  {
    "docID": "N203 Stamegna 2011",
    "et": "Cervical",
    "off": 4909,
    "sff": "cervical"
  },
  {
    "docID": "N203 Stamegna 2011",
    "et": "Cervical",
    "off": 32742,
    "sff": "cervical"
  },
  {
    "docID": "N203 Stamegna 2011",
    "et": "Cervical",
    "off": 21538,
    "sff": "cervical"
  },
  {
    "docID": "N203 Stamegna 2011",
    "et": "Cervical",
    "off": 28004,
    "sff": "cervical"
  },
  {
    "docID": "N203 Stamegna 2011",
    "et": "Cervical",
    "off": 17376,
    "sff": "cervical"
  },
  {
    "docID": "N203 Stamegna 2011",
    "et": "Cervical",
    "off": 26394,
    "sff": "cervical"
  },
  {
    "docID": "N203 Stamegna 2011",
    "et": "Cervical",
    "off": 86,
    "sff": "cervical"
  },
  {
    "docID": "N203 Stamegna 2011",
    "et": "Cervical",
    "off": 33815,
    "sff": "cervical"
  },
  {
    "docID": "N203 Stamegna 2011",
    "et": "Cervical",
    "off": 1237,
    "sff": "cervical"
  },
  {
    "docID": "N203 Stamegna 2011",
    "et": "Cervical",
    "off": 32143,
    "sff": "cervical"
  },
  {
    "docID": "N203 Stamegna 2011",
    "et": "Cervical",
    "off": 14598,
    "sff": "cervical"
  },
  {
    "docID": "N203 Stamegna 2011",
    "et": "Cervical",
    "off": 16904,
    "sff": "cervical"
  },
  {
    "docID": "N203 Stamegna 2011",
    "et": "Cervical",
    "off": 16969,
    "sff": "cervical"
  },
  {
    "docID": "N203 Stamegna 2011",
    "et": "Cervical",
    "off": 4164,
    "sff": "cervical"
  },
  {
    "docID": "N203 Stamegna 2011",
    "et": "Cervical",
    "off": 4421,
    "sff": "cervical"
  },
  {
    "docID": "N203 Stamegna 2011",
    "et": "Cervical",
    "off": 33029,
    "sff": "cervical"
  },
  {
    "docID": "N203 Stamegna 2011",
    "et": "CentralNervousSystem",
    "off": 3646,
    "sff": "central"
  },
  {
    "docID": "N203 Stamegna 2011",
    "et": "CentralNervousSystem",
    "off": 34864,
    "sff": "central"
  },
  {
    "docID": "N203 Stamegna 2011",
    "et": "CentralNervousSystem",
    "off": 39179,
    "sff": "central"
  },
  {
    "docID": "N203 Stamegna 2011",
    "et": "CentralNervousSystem",
    "off": 39096,
    "sff": "central"
  },
  {
    "docID": "N203 Stamegna 2011",
    "et": "CentralNervousSystem",
    "off": 2295,
    "sff": "nervous"
  },
  {
    "docID": "N203 Stamegna 2011",
    "et": "CentralNervousSystem",
    "off": 2295,
    "sff": "nervous system"
  },
  {
    "docID": "N203 Stamegna 2011",
    "et": "CephalicVeinLocation",
    "off": 13461,
    "sff": "vein"
  },
  {
    "docID": "N203 Stamegna 2011",
    "et": "SubstanceApplicationLocation",
    "off": 2099,
    "sff": "application"
  },
  {
    "docID": "N203 Stamegna 2011",
    "et": "C1",
    "off": 28746,
    "sff": "C1"
  },
  {
    "docID": "N203 Stamegna 2011",
    "et": "C1",
    "off": 12140,
    "sff": "C1"
  },
  {
    "docID": "N203 Stamegna 2011",
    "et": "C1",
    "off": 19970,
    "sff": "C1"
  },
  {
    "docID": "N203 Stamegna 2011",
    "et": "C1",
    "off": 28642,
    "sff": "C1"
  },
  {
    "docID": "N203 Stamegna 2011",
    "et": "C1",
    "off": 29155,
    "sff": "C1"
  },
  {
    "docID": "N203 Stamegna 2011",
    "et": "C1",
    "off": 35560,
    "sff": "C1"
  },
  {
    "docID": "N203 Stamegna 2011",
    "et": "C1",
    "off": 27433,
    "sff": "C1"
  },
  {
    "docID": "N203 Stamegna 2011",
    "et": "C1",
    "off": 34918,
    "sff": "C1"
  },
  {
    "docID": "N203 Stamegna 2011",
    "et": "C1",
    "off": 11836,
    "sff": "C1"
  },
  {
    "docID": "N203 Stamegna 2011",
    "et": "C1",
    "off": 18911,
    "sff": "C1"
  },
  {
    "docID": "N203 Stamegna 2011",
    "et": "C1",
    "off": 35136,
    "sff": "C1"
  },
  {
    "docID": "N203 Stamegna 2011",
    "et": "C1",
    "off": 28001,
    "sff": "C1"
  },
  {
    "docID": "N203 Stamegna 2011",
    "et": "C1",
    "off": 29503,
    "sff": "C1"
  },
  {
    "docID": "N203 Stamegna 2011",
    "et": "C1",
    "off": 20179,
    "sff": "C1"
  },
  {
    "docID": "N203 Stamegna 2011",
    "et": "C1",
    "off": 35221,
    "sff": "C1"
  },
  {
    "docID": "N203 Stamegna 2011",
    "et": "C1",
    "off": 26550,
    "sff": "C1"
  },
  {
    "docID": "N203 Stamegna 2011",
    "et": "C1",
    "off": 26806,
    "sff": "C1"
  },
  {
    "docID": "N203 Stamegna 2011",
    "et": "C1",
    "off": 26966,
    "sff": "C1"
  },
  {
    "docID": "N203 Stamegna 2011",
    "et": "C1",
    "off": 26391,
    "sff": "C1"
  },
  {
    "docID": "N203 Stamegna 2011",
    "et": "C2",
    "off": 7820,
    "sff": "C2"
  },
  {
    "docID": "N203 Stamegna 2011",
    "et": "C2",
    "off": 7181,
    "sff": "C2"
  },
  {
    "docID": "N203 Stamegna 2011",
    "et": "C2",
    "off": 7678,
    "sff": "C2"
  },
  {
    "docID": "N203 Stamegna 2011",
    "et": "C2",
    "off": 7423,
    "sff": "C2"
  },
  {
    "docID": "N203 Stamegna 2011",
    "et": "C2",
    "off": 21535,
    "sff": "C2"
  },
  {
    "docID": "N203 Stamegna 2011",
    "et": "C2",
    "off": 16901,
    "sff": "C2"
  },
  {
    "docID": "N203 Stamegna 2011",
    "et": "C2",
    "off": 15714,
    "sff": "C2"
  },
  {
    "docID": "N203 Stamegna 2011",
    "et": "C2",
    "off": 7939,
    "sff": "C2"
  },
  {
    "docID": "N203 Stamegna 2011",
    "et": "C2",
    "off": 6937,
    "sff": "C2"
  },
  {
    "docID": "N203 Stamegna 2011",
    "et": "C3",
    "off": 2758,
    "sff": "C3"
  },
  {
    "docID": "N203 Stamegna 2011",
    "et": "C5",
    "off": 2761,
    "sff": "C5"
  },
  {
    "docID": "N203 Stamegna 2011",
    "et": "VertebralArea",
    "off": 7942,
    "sff": "vertebral"
  },
  {
    "docID": "N203 Stamegna 2011",
    "et": "VertebralArea",
    "off": 16018,
    "sff": "vertebral"
  },
  {
    "docID": "N203 Stamegna 2011",
    "et": "SpinalCentralPart",
    "off": 34864,
    "sff": "central"
  },
  {
    "docID": "N203 Stamegna 2011",
    "et": "SpinalCentralPart",
    "off": 39179,
    "sff": "central"
  },
  {
    "docID": "N203 Stamegna 2011",
    "et": "SpinalCentralPart",
    "off": 39096,
    "sff": "central"
  },
  {
    "docID": "N203 Stamegna 2011",
    "et": "SpinalCentralPart",
    "off": 3646,
    "sff": "central"
  },
  {
    "docID": "N203 Stamegna 2011",
    "et": "InjectionDelivery",
    "off": 9260,
    "sff": "injection"
  },
  {
    "docID": "N203 Stamegna 2011",
    "et": "InjectionDelivery",
    "off": 9323,
    "sff": "injection"
  },
  {
    "docID": "N203 Stamegna 2011",
    "et": "InjectionDelivery",
    "off": 22248,
    "sff": "injection"
  },
  {
    "docID": "N203 Stamegna 2011",
    "et": "InjectionDelivery",
    "off": 8627,
    "sff": "injection"
  },
  {
    "docID": "N203 Stamegna 2011",
    "et": "VertebralSegment",
    "off": 7942,
    "sff": "vertebral"
  },
  {
    "docID": "N203 Stamegna 2011",
    "et": "VertebralSegment",
    "off": 16018,
    "sff": "vertebral"
  },
  {
    "docID": "N203 Stamegna 2011",
    "et": "SpinalLesionSite",
    "off": 8781,
    "sff": "lesion"
  },
  {
    "docID": "N203 Stamegna 2011",
    "et": "SpinalLesionSite",
    "off": 21183,
    "sff": "lesion site"
  },
  {
    "docID": "N203 Stamegna 2011",
    "et": "SpinalLesionSite",
    "off": 11477,
    "sff": "lesion"
  },
  {
    "docID": "N203 Stamegna 2011",
    "et": "SpinalLesionSite",
    "off": 13972,
    "sff": "lesion"
  },
  {
    "docID": "N203 Stamegna 2011",
    "et": "SpinalLesionSite",
    "off": 20356,
    "sff": "lesion site"
  },
  {
    "docID": "N203 Stamegna 2011",
    "et": "SpinalLesionSite",
    "off": 8911,
    "sff": "lesion"
  },
  {
    "docID": "N203 Stamegna 2011",
    "et": "SpinalLesionSite",
    "off": 35373,
    "sff": "lesion"
  },
  {
    "docID": "N203 Stamegna 2011",
    "et": "SpinalLesionSite",
    "off": 17209,
    "sff": "lesion"
  },
  {
    "docID": "N203 Stamegna 2011",
    "et": "SpinalLesionSite",
    "off": 29681,
    "sff": "lesion site"
  },
  {
    "docID": "N203 Stamegna 2011",
    "et": "SpinalLesionSite",
    "off": 31376,
    "sff": "lesion site"
  },
  {
    "docID": "N203 Stamegna 2011",
    "et": "SpinalLesionSite",
    "off": 16303,
    "sff": "lesion site"
  },
  {
    "docID": "N203 Stamegna 2011",
    "et": "SpinalLesionSite",
    "off": 10789,
    "sff": "lesion"
  },
  {
    "docID": "N203 Stamegna 2011",
    "et": "SpinalLesionSite",
    "off": 15733,
    "sff": "lesion site"
  }
]
