[
  {
    "docID": "N211 Toft 2012",
    "et": "L1",
    "off": 16458,
    "sff": "L1"
  },
  {
    "docID": "N211 Toft 2012",
    "et": "L3",
    "off": 14610,
    "sff": "L3"
  },
  {
    "docID": "N211 Toft 2012",
    "et": "L3",
    "off": 15040,
    "sff": "L3"
  },
  {
    "docID": "N211 Toft 2012",
    "et": "L4",
    "off": 24976,
    "sff": "L4"
  },
  {
    "docID": "N211 Toft 2012",
    "et": "L4",
    "off": 32979,
    "sff": "L4"
  },
  {
    "docID": "N211 Toft 2012",
    "et": "L4",
    "off": 17220,
    "sff": "L4"
  },
  {
    "docID": "N211 Toft 2012",
    "et": "L5",
    "off": 32986,
    "sff": "L5"
  },
  {
    "docID": "N211 Toft 2012",
    "et": "L5",
    "off": 17227,
    "sff": "L5"
  },
  {
    "docID": "N211 Toft 2012",
    "et": "L5",
    "off": 24983,
    "sff": "L5"
  },
  {
    "docID": "N211 Toft 2012",
    "et": "T13",
    "off": 16454,
    "sff": "T13"
  },
  {
    "docID": "N211 Toft 2012",
    "et": "Lumbar",
    "off": 16402,
    "sff": "lumbar"
  },
  {
    "docID": "N211 Toft 2012",
    "et": "VertebralLocation",
    "off": 16461,
    "sff": "vertebral"
  },
  {
    "docID": "N211 Toft 2012",
    "et": "Brain",
    "off": 52237,
    "sff": "brain"
  },
  {
    "docID": "N211 Toft 2012",
    "et": "Brain",
    "off": 52682,
    "sff": "brain"
  },
  {
    "docID": "N211 Toft 2012",
    "et": "AscendingFiberTract",
    "off": 45138,
    "sff": "fiber"
  },
  {
    "docID": "N211 Toft 2012",
    "et": "AscendingFiberTract",
    "off": 43788,
    "sff": "ascending"
  },
  {
    "docID": "N211 Toft 2012",
    "et": "AscendingFiberTract",
    "off": 52750,
    "sff": "fiber"
  },
  {
    "docID": "N211 Toft 2012",
    "et": "AscendingFiberTract",
    "off": 25022,
    "sff": "ascending"
  },
  {
    "docID": "N211 Toft 2012",
    "et": "AscendingFiberTract",
    "off": 25118,
    "sff": "ascending"
  },
  {
    "docID": "N211 Toft 2012",
    "et": "AscendingFiberTract",
    "off": 49791,
    "sff": "ascending"
  },
  {
    "docID": "N211 Toft 2012",
    "et": "AscendingFiberTract",
    "off": 49833,
    "sff": "fiber"
  },
  {
    "docID": "N211 Toft 2012",
    "et": "AscendingFiberTract",
    "off": 2468,
    "sff": "ascending"
  },
  {
    "docID": "N211 Toft 2012",
    "et": "AscendingFiberTract",
    "off": 33012,
    "sff": "ascending"
  },
  {
    "docID": "N211 Toft 2012",
    "et": "AscendingFiberTract",
    "off": 17048,
    "sff": "ascending"
  },
  {
    "docID": "N211 Toft 2012",
    "et": "IntraperitonealLocation",
    "off": 17859,
    "sff": "intraperitoneal"
  },
  {
    "docID": "N211 Toft 2012",
    "et": "SpinalWhiteMatter",
    "off": 33440,
    "sff": "white matter"
  },
  {
    "docID": "N211 Toft 2012",
    "et": "VeinLocation",
    "off": 15563,
    "sff": "vein"
  },
  {
    "docID": "N211 Toft 2012",
    "et": "VeinLocation",
    "off": 16784,
    "sff": "vein"
  },
  {
    "docID": "N211 Toft 2012",
    "et": "SpinalFiberTract",
    "off": 52750,
    "sff": "fiber"
  },
  {
    "docID": "N211 Toft 2012",
    "et": "SpinalFiberTract",
    "off": 45138,
    "sff": "fiber"
  },
  {
    "docID": "N211 Toft 2012",
    "et": "SpinalFiberTract",
    "off": 49833,
    "sff": "fiber"
  },
  {
    "docID": "N211 Toft 2012",
    "et": "FemoralVeinLocation",
    "off": 16784,
    "sff": "vein"
  },
  {
    "docID": "N211 Toft 2012",
    "et": "FemoralVeinLocation",
    "off": 15563,
    "sff": "vein"
  },
  {
    "docID": "N211 Toft 2012",
    "et": "SpinalDorsalHalf",
    "off": 31776,
    "sff": "dorsal"
  },
  {
    "docID": "N211 Toft 2012",
    "et": "SpinalDorsalHalf",
    "off": 14425,
    "sff": "dorsal"
  },
  {
    "docID": "N211 Toft 2012",
    "et": "SpinalDorsalHalf",
    "off": 25128,
    "sff": "dorsal"
  },
  {
    "docID": "N211 Toft 2012",
    "et": "SpinalDorsalHalf",
    "off": 17058,
    "sff": "dorsal"
  },
  {
    "docID": "N211 Toft 2012",
    "et": "SpinalDorsalHalf",
    "off": 55728,
    "sff": "dorsal"
  },
  {
    "docID": "N211 Toft 2012",
    "et": "SpinalDorsalHalf",
    "off": 42089,
    "sff": "dorsal"
  },
  {
    "docID": "N211 Toft 2012",
    "et": "SpinalDorsalHalf",
    "off": 51703,
    "sff": "dorsal"
  },
  {
    "docID": "N211 Toft 2012",
    "et": "SpinalDorsalHalf",
    "off": 52279,
    "sff": "dorsal"
  },
  {
    "docID": "N211 Toft 2012",
    "et": "SpinalDorsalHalf",
    "off": 14771,
    "sff": "dorsal"
  },
  {
    "docID": "N211 Toft 2012",
    "et": "SpinalDorsalHalf",
    "off": 33460,
    "sff": "dorsal"
  },
  {
    "docID": "N211 Toft 2012",
    "et": "SpinalDorsalHalf",
    "off": 14705,
    "sff": "dorsal"
  },
  {
    "docID": "N211 Toft 2012",
    "et": "SpinalDorsalHalf",
    "off": 61181,
    "sff": "dorsal"
  },
  {
    "docID": "N211 Toft 2012",
    "et": "SpinalDorsalHalf",
    "off": 33022,
    "sff": "dorsal"
  },
  {
    "docID": "N211 Toft 2012",
    "et": "SpinalDorsalHalf",
    "off": 52348,
    "sff": "dorsal"
  },
  {
    "docID": "N211 Toft 2012",
    "et": "SpinalDorsalHalf",
    "off": 60282,
    "sff": "dorsal"
  },
  {
    "docID": "N211 Toft 2012",
    "et": "SpinalDorsalHalf",
    "off": 25032,
    "sff": "dorsal"
  },
  {
    "docID": "N211 Toft 2012",
    "et": "SpinalDorsalHalf",
    "off": 15043,
    "sff": "dorsal"
  },
  {
    "docID": "N211 Toft 2012",
    "et": "SpinalDorsalHalf",
    "off": 16707,
    "sff": "dorsal"
  },
  {
    "docID": "N211 Toft 2012",
    "et": "SpinalDorsalHalf",
    "off": 50189,
    "sff": "dorsal"
  },
  {
    "docID": "N211 Toft 2012",
    "et": "SpinalDorsalHalf",
    "off": 49801,
    "sff": "dorsal"
  },
  {
    "docID": "N211 Toft 2012",
    "et": "SpinalDorsalHalf",
    "off": 14872,
    "sff": "dorsal"
  },
  {
    "docID": "N211 Toft 2012",
    "et": "SpinalDorsalHalf",
    "off": 51285,
    "sff": "dorsal"
  },
  {
    "docID": "N211 Toft 2012",
    "et": "SpinalDorsalHalf",
    "off": 20182,
    "sff": "dorsal"
  },
  {
    "docID": "N211 Toft 2012",
    "et": "SpinalDorsalHalf",
    "off": 43798,
    "sff": "dorsal"
  },
  {
    "docID": "N211 Toft 2012",
    "et": "SpinalDorsalHalf",
    "off": 33172,
    "sff": "dorsal"
  },
  {
    "docID": "N211 Toft 2012",
    "et": "SpinalDorsalHalf",
    "off": 16145,
    "sff": "dorsal"
  },
  {
    "docID": "N211 Toft 2012",
    "et": "SpinalDorsalHalf",
    "off": 52562,
    "sff": "dorsal"
  },
  {
    "docID": "N211 Toft 2012",
    "et": "SpinalCord",
    "off": 16824,
    "sff": "cord"
  },
  {
    "docID": "N211 Toft 2012",
    "et": "SpinalCord",
    "off": 56951,
    "sff": "cord"
  },
  {
    "docID": "N211 Toft 2012",
    "et": "SpinalCord",
    "off": 61949,
    "sff": "cord"
  },
  {
    "docID": "N211 Toft 2012",
    "et": "SpinalCord",
    "off": 634,
    "sff": "cord"
  },
  {
    "docID": "N211 Toft 2012",
    "et": "SpinalCord",
    "off": 62785,
    "sff": "cord"
  },
  {
    "docID": "N211 Toft 2012",
    "et": "SpinalCord",
    "off": 14846,
    "sff": "cord"
  },
  {
    "docID": "N211 Toft 2012",
    "et": "SpinalCord",
    "off": 16121,
    "sff": "Cord"
  },
  {
    "docID": "N211 Toft 2012",
    "et": "SpinalCord",
    "off": 4740,
    "sff": "cord"
  },
  {
    "docID": "N211 Toft 2012",
    "et": "SpinalCord",
    "off": 58309,
    "sff": "cord"
  },
  {
    "docID": "N211 Toft 2012",
    "et": "SpinalCord",
    "off": 34492,
    "sff": "Cord"
  },
  {
    "docID": "N211 Toft 2012",
    "et": "SpinalCord",
    "off": 63208,
    "sff": "cord"
  },
  {
    "docID": "N211 Toft 2012",
    "et": "SpinalCord",
    "off": 39015,
    "sff": "cord"
  },
  {
    "docID": "N211 Toft 2012",
    "et": "SpinalCord",
    "off": 52134,
    "sff": "cord"
  },
  {
    "docID": "N211 Toft 2012",
    "et": "SpinalCord",
    "off": 1004,
    "sff": "cord"
  },
  {
    "docID": "N211 Toft 2012",
    "et": "SpinalCord",
    "off": 58540,
    "sff": "cord"
  },
  {
    "docID": "N211 Toft 2012",
    "et": "SpinalCord",
    "off": 6129,
    "sff": "cord"
  },
  {
    "docID": "N211 Toft 2012",
    "et": "SpinalCord",
    "off": 48240,
    "sff": "cord"
  },
  {
    "docID": "N211 Toft 2012",
    "et": "SpinalCord",
    "off": 114,
    "sff": "Cord"
  },
  {
    "docID": "N211 Toft 2012",
    "et": "SpinalCord",
    "off": 6447,
    "sff": "cord"
  },
  {
    "docID": "N211 Toft 2012",
    "et": "SpinalCord",
    "off": 37230,
    "sff": "cord"
  },
  {
    "docID": "N211 Toft 2012",
    "et": "SpinalCord",
    "off": 60212,
    "sff": "cord"
  },
  {
    "docID": "N211 Toft 2012",
    "et": "SpinalCord",
    "off": 2968,
    "sff": "cord"
  },
  {
    "docID": "N211 Toft 2012",
    "et": "SpinalCord",
    "off": 17696,
    "sff": "Cord"
  },
  {
    "docID": "N211 Toft 2012",
    "et": "SpinalCord",
    "off": 27415,
    "sff": "cord"
  },
  {
    "docID": "N211 Toft 2012",
    "et": "SpinalCord",
    "off": 55446,
    "sff": "cord"
  },
  {
    "docID": "N211 Toft 2012",
    "et": "SpinalCord",
    "off": 5597,
    "sff": "cord"
  },
  {
    "docID": "N211 Toft 2012",
    "et": "SpinalCord",
    "off": 26780,
    "sff": "cord"
  },
  {
    "docID": "N211 Toft 2012",
    "et": "SpinalCord",
    "off": 38684,
    "sff": "cord"
  },
  {
    "docID": "N211 Toft 2012",
    "et": "SpinalCord",
    "off": 5854,
    "sff": "cord"
  },
  {
    "docID": "N211 Toft 2012",
    "et": "SpinalCord",
    "off": 26847,
    "sff": "cord"
  },
  {
    "docID": "N211 Toft 2012",
    "et": "SpinalCord",
    "off": 45855,
    "sff": "cord"
  },
  {
    "docID": "N211 Toft 2012",
    "et": "SpinalCord",
    "off": 17764,
    "sff": "cord"
  },
  {
    "docID": "N211 Toft 2012",
    "et": "SpinalCord",
    "off": 2403,
    "sff": "cord"
  },
  {
    "docID": "N211 Toft 2012",
    "et": "SpinalCord",
    "off": 6627,
    "sff": "cord"
  },
  {
    "docID": "N211 Toft 2012",
    "et": "SpinalCord",
    "off": 2504,
    "sff": "cord"
  },
  {
    "docID": "N211 Toft 2012",
    "et": "SpinalCord",
    "off": 63049,
    "sff": "cord"
  },
  {
    "docID": "N211 Toft 2012",
    "et": "SpinalCord",
    "off": 203,
    "sff": "Cord"
  },
  {
    "docID": "N211 Toft 2012",
    "et": "SpinalCord",
    "off": 55623,
    "sff": "cord"
  },
  {
    "docID": "N211 Toft 2012",
    "et": "SpinalCord",
    "off": 4426,
    "sff": "cord"
  },
  {
    "docID": "N211 Toft 2012",
    "et": "SpinalCord",
    "off": 56843,
    "sff": "cord"
  },
  {
    "docID": "N211 Toft 2012",
    "et": "SpinalCord",
    "off": 34634,
    "sff": "cord"
  },
  {
    "docID": "N211 Toft 2012",
    "et": "SpinalCord",
    "off": 2128,
    "sff": "cord"
  },
  {
    "docID": "N211 Toft 2012",
    "et": "SpinalCord",
    "off": 55953,
    "sff": "cord"
  },
  {
    "docID": "N211 Toft 2012",
    "et": "SpinalCord",
    "off": 63375,
    "sff": "cord"
  },
  {
    "docID": "N211 Toft 2012",
    "et": "SpinalCord",
    "off": 17813,
    "sff": "cord"
  },
  {
    "docID": "N211 Toft 2012",
    "et": "SpinalCord",
    "off": 31508,
    "sff": "cord"
  },
  {
    "docID": "N211 Toft 2012",
    "et": "SpinalCord",
    "off": 49556,
    "sff": "cord"
  },
  {
    "docID": "N211 Toft 2012",
    "et": "SpinalCord",
    "off": 49171,
    "sff": "cord"
  },
  {
    "docID": "N211 Toft 2012",
    "et": "DorsalColumn",
    "off": 14872,
    "sff": "dorsal"
  },
  {
    "docID": "N211 Toft 2012",
    "et": "DorsalColumn",
    "off": 42089,
    "sff": "dorsal column"
  },
  {
    "docID": "N211 Toft 2012",
    "et": "DorsalColumn",
    "off": 25128,
    "sff": "dorsal column"
  },
  {
    "docID": "N211 Toft 2012",
    "et": "DorsalColumn",
    "off": 51285,
    "sff": "dorsal"
  },
  {
    "docID": "N211 Toft 2012",
    "et": "DorsalColumn",
    "off": 55728,
    "sff": "dorsal column"
  },
  {
    "docID": "N211 Toft 2012",
    "et": "DorsalColumn",
    "off": 52562,
    "sff": "dorsal"
  },
  {
    "docID": "N211 Toft 2012",
    "et": "DorsalColumn",
    "off": 33022,
    "sff": "dorsal column"
  },
  {
    "docID": "N211 Toft 2012",
    "et": "DorsalColumn",
    "off": 61181,
    "sff": "dorsal column"
  },
  {
    "docID": "N211 Toft 2012",
    "et": "DorsalColumn",
    "off": 60282,
    "sff": "dorsal column"
  },
  {
    "docID": "N211 Toft 2012",
    "et": "DorsalColumn",
    "off": 52348,
    "sff": "dorsal"
  },
  {
    "docID": "N211 Toft 2012",
    "et": "DorsalColumn",
    "off": 51703,
    "sff": "dorsal"
  },
  {
    "docID": "N211 Toft 2012",
    "et": "DorsalColumn",
    "off": 52279,
    "sff": "dorsal"
  },
  {
    "docID": "N211 Toft 2012",
    "et": "DorsalColumn",
    "off": 49801,
    "sff": "dorsal column"
  },
  {
    "docID": "N211 Toft 2012",
    "et": "DorsalColumn",
    "off": 25032,
    "sff": "dorsal column"
  },
  {
    "docID": "N211 Toft 2012",
    "et": "DorsalColumn",
    "off": 43798,
    "sff": "dorsal column"
  },
  {
    "docID": "N211 Toft 2012",
    "et": "DorsalColumn",
    "off": 14705,
    "sff": "dorsal"
  },
  {
    "docID": "N211 Toft 2012",
    "et": "DorsalColumn",
    "off": 20182,
    "sff": "dorsal column"
  },
  {
    "docID": "N211 Toft 2012",
    "et": "DorsalColumn",
    "off": 33460,
    "sff": "dorsal"
  },
  {
    "docID": "N211 Toft 2012",
    "et": "DorsalColumn",
    "off": 33172,
    "sff": "dorsal column"
  },
  {
    "docID": "N211 Toft 2012",
    "et": "DorsalColumn",
    "off": 16145,
    "sff": "dorsal column"
  },
  {
    "docID": "N211 Toft 2012",
    "et": "DorsalColumn",
    "off": 14771,
    "sff": "dorsal"
  },
  {
    "docID": "N211 Toft 2012",
    "et": "DorsalColumn",
    "off": 50189,
    "sff": "dorsal"
  },
  {
    "docID": "N211 Toft 2012",
    "et": "DorsalColumn",
    "off": 14425,
    "sff": "dorsal column"
  },
  {
    "docID": "N211 Toft 2012",
    "et": "DorsalColumn",
    "off": 17058,
    "sff": "dorsal column"
  },
  {
    "docID": "N211 Toft 2012",
    "et": "DorsalColumn",
    "off": 15043,
    "sff": "dorsal"
  },
  {
    "docID": "N211 Toft 2012",
    "et": "DorsalColumn",
    "off": 16707,
    "sff": "dorsal"
  },
  {
    "docID": "N211 Toft 2012",
    "et": "DorsalColumn",
    "off": 31776,
    "sff": "dorsal column"
  },
  {
    "docID": "N211 Toft 2012",
    "et": "TailVeinLocation",
    "off": 16784,
    "sff": "vein"
  },
  {
    "docID": "N211 Toft 2012",
    "et": "TailVeinLocation",
    "off": 15563,
    "sff": "vein"
  },
  {
    "docID": "N211 Toft 2012",
    "et": "LesionAdjacentTissue",
    "off": 15497,
    "sff": "lesion"
  },
  {
    "docID": "N211 Toft 2012",
    "et": "LesionAdjacentTissue",
    "off": 25231,
    "sff": "lesion"
  },
  {
    "docID": "N211 Toft 2012",
    "et": "LesionAdjacentTissue",
    "off": 21449,
    "sff": "lesion"
  },
  {
    "docID": "N211 Toft 2012",
    "et": "LesionAdjacentTissue",
    "off": 20810,
    "sff": "lesion"
  },
  {
    "docID": "N211 Toft 2012",
    "et": "LesionAdjacentTissue",
    "off": 34314,
    "sff": "lesion"
  },
  {
    "docID": "N211 Toft 2012",
    "et": "LesionAdjacentTissue",
    "off": 1804,
    "sff": "lesion"
  },
  {
    "docID": "N211 Toft 2012",
    "et": "LesionAdjacentTissue",
    "off": 20481,
    "sff": "lesion"
  },
  {
    "docID": "N211 Toft 2012",
    "et": "LesionAdjacentTissue",
    "off": 58268,
    "sff": "lesion"
  },
  {
    "docID": "N211 Toft 2012",
    "et": "LesionAdjacentTissue",
    "off": 25821,
    "sff": "lesion"
  },
  {
    "docID": "N211 Toft 2012",
    "et": "LesionAdjacentTissue",
    "off": 32862,
    "sff": "lesion"
  },
  {
    "docID": "N211 Toft 2012",
    "et": "LesionAdjacentTissue",
    "off": 18143,
    "sff": "lesion"
  },
  {
    "docID": "N211 Toft 2012",
    "et": "LesionAdjacentTissue",
    "off": 21722,
    "sff": "lesion"
  },
  {
    "docID": "N211 Toft 2012",
    "et": "LesionAdjacentTissue",
    "off": 26010,
    "sff": "lesion"
  },
  {
    "docID": "N211 Toft 2012",
    "et": "LesionAdjacentTissue",
    "off": 34198,
    "sff": "lesion"
  },
  {
    "docID": "N211 Toft 2012",
    "et": "LesionAdjacentTissue",
    "off": 25361,
    "sff": "lesion"
  },
  {
    "docID": "N211 Toft 2012",
    "et": "LesionAdjacentTissue",
    "off": 33361,
    "sff": "lesion"
  },
  {
    "docID": "N211 Toft 2012",
    "et": "LesionAdjacentTissue",
    "off": 43538,
    "sff": "lesion"
  },
  {
    "docID": "N211 Toft 2012",
    "et": "LesionAdjacentTissue",
    "off": 20398,
    "sff": "lesion"
  },
  {
    "docID": "N211 Toft 2012",
    "et": "LesionAdjacentTissue",
    "off": 20143,
    "sff": "lesion"
  },
  {
    "docID": "N211 Toft 2012",
    "et": "LesionAdjacentTissue",
    "off": 15853,
    "sff": "lesion"
  },
  {
    "docID": "N211 Toft 2012",
    "et": "LesionAdjacentTissue",
    "off": 20523,
    "sff": "lesion"
  },
  {
    "docID": "N211 Toft 2012",
    "et": "LesionAdjacentTissue",
    "off": 19566,
    "sff": "Lesion"
  },
  {
    "docID": "N211 Toft 2012",
    "et": "LesionAdjacentTissue",
    "off": 20196,
    "sff": "lesion"
  },
  {
    "docID": "N211 Toft 2012",
    "et": "LesionAdjacentTissue",
    "off": 38909,
    "sff": "adjacent"
  },
  {
    "docID": "N211 Toft 2012",
    "et": "LesionAdjacentTissue",
    "off": 20333,
    "sff": "Lesion"
  },
  {
    "docID": "N211 Toft 2012",
    "et": "LesionAdjacentTissue",
    "off": 23719,
    "sff": "lesion"
  },
  {
    "docID": "N211 Toft 2012",
    "et": "LesionAdjacentTissue",
    "off": 14439,
    "sff": "lesion"
  },
  {
    "docID": "N211 Toft 2012",
    "et": "LesionAdjacentTissue",
    "off": 15865,
    "sff": "lesion"
  },
  {
    "docID": "N211 Toft 2012",
    "et": "LesionAdjacentTissue",
    "off": 25214,
    "sff": "lesion"
  },
  {
    "docID": "N211 Toft 2012",
    "et": "LesionAdjacentTissue",
    "off": 20665,
    "sff": "lesion"
  },
  {
    "docID": "N211 Toft 2012",
    "et": "LesionAdjacentTissue",
    "off": 1661,
    "sff": "lesion"
  },
  {
    "docID": "N211 Toft 2012",
    "et": "LesionAdjacentTissue",
    "off": 4349,
    "sff": "lesion"
  },
  {
    "docID": "N211 Toft 2012",
    "et": "LesionAdjacentTissue",
    "off": 15163,
    "sff": "adjacent"
  },
  {
    "docID": "N211 Toft 2012",
    "et": "LesionAdjacentTissue",
    "off": 25914,
    "sff": "lesion"
  },
  {
    "docID": "N211 Toft 2012",
    "et": "LesionAdjacentTissue",
    "off": 6332,
    "sff": "lesion"
  },
  {
    "docID": "N211 Toft 2012",
    "et": "LesionAdjacentTissue",
    "off": 33844,
    "sff": "lesion"
  },
  {
    "docID": "N211 Toft 2012",
    "et": "LesionAdjacentTissue",
    "off": 2807,
    "sff": "lesion"
  },
  {
    "docID": "N211 Toft 2012",
    "et": "LesionAdjacentTissue",
    "off": 18288,
    "sff": "lesion"
  },
  {
    "docID": "N211 Toft 2012",
    "et": "LesionAdjacentTissue",
    "off": 23921,
    "sff": "lesion"
  },
  {
    "docID": "N211 Toft 2012",
    "et": "Cervical",
    "off": 49720,
    "sff": "cervical"
  },
  {
    "docID": "N211 Toft 2012",
    "et": "Cervical",
    "off": 51276,
    "sff": "cervical"
  },
  {
    "docID": "N211 Toft 2012",
    "et": "CentralNervousSystem",
    "off": 35686,
    "sff": "central"
  },
  {
    "docID": "N211 Toft 2012",
    "et": "CentralNervousSystem",
    "off": 45684,
    "sff": "nervous system"
  },
  {
    "docID": "N211 Toft 2012",
    "et": "CentralNervousSystem",
    "off": 35348,
    "sff": "central"
  },
  {
    "docID": "N211 Toft 2012",
    "et": "CentralNervousSystem",
    "off": 15555,
    "sff": "central"
  },
  {
    "docID": "N211 Toft 2012",
    "et": "CentralNervousSystem",
    "off": 3347,
    "sff": "nervous system"
  },
  {
    "docID": "N211 Toft 2012",
    "et": "CentralNervousSystem",
    "off": 35488,
    "sff": "central"
  },
  {
    "docID": "N211 Toft 2012",
    "et": "CentralNervousSystem",
    "off": 45684,
    "sff": "nervous"
  },
  {
    "docID": "N211 Toft 2012",
    "et": "CentralNervousSystem",
    "off": 3347,
    "sff": "nervous"
  },
  {
    "docID": "N211 Toft 2012",
    "et": "CentralNervousSystem",
    "off": 16776,
    "sff": "central"
  },
  {
    "docID": "N211 Toft 2012",
    "et": "CephalicVeinLocation",
    "off": 16784,
    "sff": "vein"
  },
  {
    "docID": "N211 Toft 2012",
    "et": "CephalicVeinLocation",
    "off": 15563,
    "sff": "vein"
  },
  {
    "docID": "N211 Toft 2012",
    "et": "VertebralArea",
    "off": 16461,
    "sff": "vertebral"
  },
  {
    "docID": "N211 Toft 2012",
    "et": "CorticospinalTract",
    "off": 43581,
    "sff": "corticospinal"
  },
  {
    "docID": "N211 Toft 2012",
    "et": "CorticospinalTract",
    "off": 43492,
    "sff": "corticospinal"
  },
  {
    "docID": "N211 Toft 2012",
    "et": "SpinalCentralPart",
    "off": 16776,
    "sff": "central"
  },
  {
    "docID": "N211 Toft 2012",
    "et": "SpinalCentralPart",
    "off": 15555,
    "sff": "central"
  },
  {
    "docID": "N211 Toft 2012",
    "et": "SpinalCentralPart",
    "off": 35348,
    "sff": "central"
  },
  {
    "docID": "N211 Toft 2012",
    "et": "SpinalCentralPart",
    "off": 35686,
    "sff": "central"
  },
  {
    "docID": "N211 Toft 2012",
    "et": "SpinalCentralPart",
    "off": 35488,
    "sff": "central"
  },
  {
    "docID": "N211 Toft 2012",
    "et": "InjectionDelivery",
    "off": 35030,
    "sff": "injection"
  },
  {
    "docID": "N211 Toft 2012",
    "et": "InjectionDelivery",
    "off": 35055,
    "sff": "Injection"
  },
  {
    "docID": "N211 Toft 2012",
    "et": "InjectionDelivery",
    "off": 55893,
    "sff": "injection"
  },
  {
    "docID": "N211 Toft 2012",
    "et": "InjectionDelivery",
    "off": 18295,
    "sff": "injection"
  },
  {
    "docID": "N211 Toft 2012",
    "et": "InjectionDelivery",
    "off": 15273,
    "sff": "injection"
  },
  {
    "docID": "N211 Toft 2012",
    "et": "InjectionDelivery",
    "off": 17585,
    "sff": "injection"
  },
  {
    "docID": "N211 Toft 2012",
    "et": "InjectionDelivery",
    "off": 34849,
    "sff": "injection"
  },
  {
    "docID": "N211 Toft 2012",
    "et": "InjectionDelivery",
    "off": 27524,
    "sff": "injection"
  },
  {
    "docID": "N211 Toft 2012",
    "et": "InjectionDelivery",
    "off": 18164,
    "sff": "injection"
  },
  {
    "docID": "N211 Toft 2012",
    "et": "InjectionDelivery",
    "off": 34938,
    "sff": "Injection"
  },
  {
    "docID": "N211 Toft 2012",
    "et": "VertebralSegment",
    "off": 16461,
    "sff": "vertebral"
  },
  {
    "docID": "N211 Toft 2012",
    "et": "SpinalLesionSite",
    "off": 2807,
    "sff": "lesion"
  },
  {
    "docID": "N211 Toft 2012",
    "et": "SpinalLesionSite",
    "off": 25914,
    "sff": "lesion"
  },
  {
    "docID": "N211 Toft 2012",
    "et": "SpinalLesionSite",
    "off": 19566,
    "sff": "Lesion"
  },
  {
    "docID": "N211 Toft 2012",
    "et": "SpinalLesionSite",
    "off": 20665,
    "sff": "lesion"
  },
  {
    "docID": "N211 Toft 2012",
    "et": "SpinalLesionSite",
    "off": 6332,
    "sff": "lesion"
  },
  {
    "docID": "N211 Toft 2012",
    "et": "SpinalLesionSite",
    "off": 20398,
    "sff": "lesion"
  },
  {
    "docID": "N211 Toft 2012",
    "et": "SpinalLesionSite",
    "off": 15853,
    "sff": "lesion"
  },
  {
    "docID": "N211 Toft 2012",
    "et": "SpinalLesionSite",
    "off": 18288,
    "sff": "lesion"
  },
  {
    "docID": "N211 Toft 2012",
    "et": "SpinalLesionSite",
    "off": 25361,
    "sff": "lesion site"
  },
  {
    "docID": "N211 Toft 2012",
    "et": "SpinalLesionSite",
    "off": 23921,
    "sff": "lesion"
  },
  {
    "docID": "N211 Toft 2012",
    "et": "SpinalLesionSite",
    "off": 1804,
    "sff": "lesion site"
  },
  {
    "docID": "N211 Toft 2012",
    "et": "SpinalLesionSite",
    "off": 20810,
    "sff": "lesion"
  },
  {
    "docID": "N211 Toft 2012",
    "et": "SpinalLesionSite",
    "off": 34314,
    "sff": "lesion"
  },
  {
    "docID": "N211 Toft 2012",
    "et": "SpinalLesionSite",
    "off": 15497,
    "sff": "lesion"
  },
  {
    "docID": "N211 Toft 2012",
    "et": "SpinalLesionSite",
    "off": 21449,
    "sff": "lesion"
  },
  {
    "docID": "N211 Toft 2012",
    "et": "SpinalLesionSite",
    "off": 1661,
    "sff": "lesion"
  },
  {
    "docID": "N211 Toft 2012",
    "et": "SpinalLesionSite",
    "off": 4349,
    "sff": "lesion"
  },
  {
    "docID": "N211 Toft 2012",
    "et": "SpinalLesionSite",
    "off": 34198,
    "sff": "lesion"
  },
  {
    "docID": "N211 Toft 2012",
    "et": "SpinalLesionSite",
    "off": 20333,
    "sff": "Lesion Site"
  },
  {
    "docID": "N211 Toft 2012",
    "et": "SpinalLesionSite",
    "off": 21722,
    "sff": "lesion"
  },
  {
    "docID": "N211 Toft 2012",
    "et": "SpinalLesionSite",
    "off": 26010,
    "sff": "lesion"
  },
  {
    "docID": "N211 Toft 2012",
    "et": "SpinalLesionSite",
    "off": 58268,
    "sff": "lesion"
  },
  {
    "docID": "N211 Toft 2012",
    "et": "SpinalLesionSite",
    "off": 20143,
    "sff": "lesion site"
  },
  {
    "docID": "N211 Toft 2012",
    "et": "SpinalLesionSite",
    "off": 25231,
    "sff": "lesion"
  },
  {
    "docID": "N211 Toft 2012",
    "et": "SpinalLesionSite",
    "off": 33361,
    "sff": "lesion"
  },
  {
    "docID": "N211 Toft 2012",
    "et": "SpinalLesionSite",
    "off": 43538,
    "sff": "lesion"
  },
  {
    "docID": "N211 Toft 2012",
    "et": "SpinalLesionSite",
    "off": 14439,
    "sff": "lesion"
  },
  {
    "docID": "N211 Toft 2012",
    "et": "SpinalLesionSite",
    "off": 15865,
    "sff": "lesion site"
  },
  {
    "docID": "N211 Toft 2012",
    "et": "SpinalLesionSite",
    "off": 23719,
    "sff": "lesion"
  },
  {
    "docID": "N211 Toft 2012",
    "et": "SpinalLesionSite",
    "off": 20523,
    "sff": "lesion"
  },
  {
    "docID": "N211 Toft 2012",
    "et": "SpinalLesionSite",
    "off": 33844,
    "sff": "lesion site"
  },
  {
    "docID": "N211 Toft 2012",
    "et": "SpinalLesionSite",
    "off": 32862,
    "sff": "lesion"
  },
  {
    "docID": "N211 Toft 2012",
    "et": "SpinalLesionSite",
    "off": 25214,
    "sff": "lesion site"
  },
  {
    "docID": "N211 Toft 2012",
    "et": "SpinalLesionSite",
    "off": 25821,
    "sff": "lesion"
  },
  {
    "docID": "N211 Toft 2012",
    "et": "SpinalLesionSite",
    "off": 20481,
    "sff": "lesion site"
  },
  {
    "docID": "N211 Toft 2012",
    "et": "SpinalLesionSite",
    "off": 18143,
    "sff": "lesion"
  },
  {
    "docID": "N211 Toft 2012",
    "et": "SpinalLesionSite",
    "off": 20196,
    "sff": "lesion"
  },
  {
    "docID": "N211 Toft 2012",
    "et": "RubrospinalTract",
    "off": 49772,
    "sff": "rubrospinal"
  }
]
