[
  {
    "docID": "N212 Torres-Esp¡n 2014",
    "et": "T6",
    "off": 11029,
    "sff": "T6"
  },
  {
    "docID": "N212 Torres-Esp¡n 2014",
    "et": "T8",
    "off": 11086,
    "sff": "T8"
  },
  {
    "docID": "N212 Torres-Esp¡n 2014",
    "et": "T9",
    "off": 11089,
    "sff": "T9"
  },
  {
    "docID": "N212 Torres-Esp¡n 2014",
    "et": "SubcutaneousLocation",
    "off": 10904,
    "sff": "subcutaneous"
  },
  {
    "docID": "N212 Torres-Esp¡n 2014",
    "et": "T10",
    "off": 11032,
    "sff": "T10"
  },
  {
    "docID": "N212 Torres-Esp¡n 2014",
    "et": "Thoracic",
    "off": 42693,
    "sff": "Thoracic"
  },
  {
    "docID": "N212 Torres-Esp¡n 2014",
    "et": "Thoracic",
    "off": 47525,
    "sff": "thoracic"
  },
  {
    "docID": "N212 Torres-Esp¡n 2014",
    "et": "Brain",
    "off": 16642,
    "sff": "brain"
  },
  {
    "docID": "N212 Torres-Esp¡n 2014",
    "et": "AscendingFiberTract",
    "off": 2192,
    "sff": "ascending"
  },
  {
    "docID": "N212 Torres-Esp¡n 2014",
    "et": "SpinalWhiteMatter",
    "off": 29523,
    "sff": "white"
  },
  {
    "docID": "N212 Torres-Esp¡n 2014",
    "et": "SpinalWhiteMatter",
    "off": 39871,
    "sff": "white matter"
  },
  {
    "docID": "N212 Torres-Esp¡n 2014",
    "et": "SpinalWhiteMatter",
    "off": 44048,
    "sff": "white matter"
  },
  {
    "docID": "N212 Torres-Esp¡n 2014",
    "et": "SpinalWhiteMatter",
    "off": 22376,
    "sff": "white matter"
  },
  {
    "docID": "N212 Torres-Esp¡n 2014",
    "et": "SpinalWhiteMatter",
    "off": 43997,
    "sff": "white matter"
  },
  {
    "docID": "N212 Torres-Esp¡n 2014",
    "et": "SpinalWhiteMatter",
    "off": 30201,
    "sff": "white"
  },
  {
    "docID": "N212 Torres-Esp¡n 2014",
    "et": "SpinalWhiteMatter",
    "off": 29240,
    "sff": "white"
  },
  {
    "docID": "N212 Torres-Esp¡n 2014",
    "et": "SpinalWhiteMatter",
    "off": 44474,
    "sff": "white matter"
  },
  {
    "docID": "N212 Torres-Esp¡n 2014",
    "et": "Intrathecal",
    "off": 3099,
    "sff": "intrathecal"
  },
  {
    "docID": "N212 Torres-Esp¡n 2014",
    "et": "DeliveryMethod",
    "off": 5071,
    "sff": "delivery"
  },
  {
    "docID": "N212 Torres-Esp¡n 2014",
    "et": "DeliveryMethod",
    "off": 41696,
    "sff": "delivery"
  },
  {
    "docID": "N212 Torres-Esp¡n 2014",
    "et": "SpinalDorsalHalf",
    "off": 10994,
    "sff": "dorsal"
  },
  {
    "docID": "N212 Torres-Esp¡n 2014",
    "et": "SpinalDorsalHalf",
    "off": 49150,
    "sff": "dorsal"
  },
  {
    "docID": "N212 Torres-Esp¡n 2014",
    "et": "SpinalVentralHalf",
    "off": 39088,
    "sff": "ventral"
  },
  {
    "docID": "N212 Torres-Esp¡n 2014",
    "et": "SpinalVentralHalf",
    "off": 28391,
    "sff": "ventral"
  },
  {
    "docID": "N212 Torres-Esp¡n 2014",
    "et": "SpinalVentralHalf",
    "off": 13864,
    "sff": "ventral"
  },
  {
    "docID": "N212 Torres-Esp¡n 2014",
    "et": "SpinalVentralHalf",
    "off": 43961,
    "sff": "ventral"
  },
  {
    "docID": "N212 Torres-Esp¡n 2014",
    "et": "SpinalVentralHalf",
    "off": 20079,
    "sff": "ventral"
  },
  {
    "docID": "N212 Torres-Esp¡n 2014",
    "et": "SpinalCord",
    "off": 43362,
    "sff": "cord"
  },
  {
    "docID": "N212 Torres-Esp¡n 2014",
    "et": "SpinalCord",
    "off": 100,
    "sff": "cord"
  },
  {
    "docID": "N212 Torres-Esp¡n 2014",
    "et": "SpinalCord",
    "off": 11108,
    "sff": "cord"
  },
  {
    "docID": "N212 Torres-Esp¡n 2014",
    "et": "SpinalCord",
    "off": 44388,
    "sff": "cord"
  },
  {
    "docID": "N212 Torres-Esp¡n 2014",
    "et": "SpinalCord",
    "off": 46500,
    "sff": "cord"
  },
  {
    "docID": "N212 Torres-Esp¡n 2014",
    "et": "SpinalCord",
    "off": 18583,
    "sff": "cord"
  },
  {
    "docID": "N212 Torres-Esp¡n 2014",
    "et": "SpinalCord",
    "off": 1178,
    "sff": "cord"
  },
  {
    "docID": "N212 Torres-Esp¡n 2014",
    "et": "SpinalCord",
    "off": 42775,
    "sff": "cord"
  },
  {
    "docID": "N212 Torres-Esp¡n 2014",
    "et": "SpinalCord",
    "off": 49879,
    "sff": "cord"
  },
  {
    "docID": "N212 Torres-Esp¡n 2014",
    "et": "SpinalCord",
    "off": 29276,
    "sff": "cord"
  },
  {
    "docID": "N212 Torres-Esp¡n 2014",
    "et": "SpinalCord",
    "off": 50011,
    "sff": "cord"
  },
  {
    "docID": "N212 Torres-Esp¡n 2014",
    "et": "SpinalCord",
    "off": 51099,
    "sff": "cord"
  },
  {
    "docID": "N212 Torres-Esp¡n 2014",
    "et": "SpinalCord",
    "off": 47708,
    "sff": "cord"
  },
  {
    "docID": "N212 Torres-Esp¡n 2014",
    "et": "SpinalCord",
    "off": 18831,
    "sff": "cord"
  },
  {
    "docID": "N212 Torres-Esp¡n 2014",
    "et": "SpinalCord",
    "off": 39827,
    "sff": "cord"
  },
  {
    "docID": "N212 Torres-Esp¡n 2014",
    "et": "SpinalCord",
    "off": 29141,
    "sff": "cord"
  },
  {
    "docID": "N212 Torres-Esp¡n 2014",
    "et": "SpinalCord",
    "off": 37588,
    "sff": "cord"
  },
  {
    "docID": "N212 Torres-Esp¡n 2014",
    "et": "SpinalCord",
    "off": 51412,
    "sff": "cord"
  },
  {
    "docID": "N212 Torres-Esp¡n 2014",
    "et": "SpinalCord",
    "off": 22472,
    "sff": "cord"
  },
  {
    "docID": "N212 Torres-Esp¡n 2014",
    "et": "SpinalCord",
    "off": 21834,
    "sff": "cord"
  },
  {
    "docID": "N212 Torres-Esp¡n 2014",
    "et": "SpinalCord",
    "off": 21644,
    "sff": "cord"
  },
  {
    "docID": "N212 Torres-Esp¡n 2014",
    "et": "SpinalCord",
    "off": 589,
    "sff": "cord"
  },
  {
    "docID": "N212 Torres-Esp¡n 2014",
    "et": "SpinalCord",
    "off": 28365,
    "sff": "cord"
  },
  {
    "docID": "N212 Torres-Esp¡n 2014",
    "et": "SpinalCord",
    "off": 42892,
    "sff": "cord"
  },
  {
    "docID": "N212 Torres-Esp¡n 2014",
    "et": "SpinalCord",
    "off": 37889,
    "sff": "cord"
  },
  {
    "docID": "N212 Torres-Esp¡n 2014",
    "et": "SpinalCord",
    "off": 1986,
    "sff": "cord"
  },
  {
    "docID": "N212 Torres-Esp¡n 2014",
    "et": "SpinalCord",
    "off": 5762,
    "sff": "cord"
  },
  {
    "docID": "N212 Torres-Esp¡n 2014",
    "et": "SpinalCord",
    "off": 42687,
    "sff": "cord"
  },
  {
    "docID": "N212 Torres-Esp¡n 2014",
    "et": "SpinalCord",
    "off": 21189,
    "sff": "cord"
  },
  {
    "docID": "N212 Torres-Esp¡n 2014",
    "et": "SpinalCord",
    "off": 35461,
    "sff": "cord"
  },
  {
    "docID": "N212 Torres-Esp¡n 2014",
    "et": "SpinalCord",
    "off": 31032,
    "sff": "cord"
  },
  {
    "docID": "N212 Torres-Esp¡n 2014",
    "et": "SpinalCord",
    "off": 30263,
    "sff": "cord"
  },
  {
    "docID": "N212 Torres-Esp¡n 2014",
    "et": "SpinalCord",
    "off": 42039,
    "sff": "cord"
  },
  {
    "docID": "N212 Torres-Esp¡n 2014",
    "et": "SpinalCord",
    "off": 48632,
    "sff": "cord"
  },
  {
    "docID": "N212 Torres-Esp¡n 2014",
    "et": "SpinalCord",
    "off": 27772,
    "sff": "cord"
  },
  {
    "docID": "N212 Torres-Esp¡n 2014",
    "et": "SpinalCord",
    "off": 50866,
    "sff": "cord"
  },
  {
    "docID": "N212 Torres-Esp¡n 2014",
    "et": "SpinalCord",
    "off": 2162,
    "sff": "cord"
  },
  {
    "docID": "N212 Torres-Esp¡n 2014",
    "et": "SpinalCord",
    "off": 2932,
    "sff": "cord"
  },
  {
    "docID": "N212 Torres-Esp¡n 2014",
    "et": "SpinalCord",
    "off": 18343,
    "sff": "cord"
  },
  {
    "docID": "N212 Torres-Esp¡n 2014",
    "et": "SpinalCord",
    "off": 19495,
    "sff": "cord"
  },
  {
    "docID": "N212 Torres-Esp¡n 2014",
    "et": "SpinalCord",
    "off": 30119,
    "sff": "cord"
  },
  {
    "docID": "N212 Torres-Esp¡n 2014",
    "et": "SpinalCord",
    "off": 4142,
    "sff": "cord"
  },
  {
    "docID": "N212 Torres-Esp¡n 2014",
    "et": "SpinalCord",
    "off": 48556,
    "sff": "cord"
  },
  {
    "docID": "N212 Torres-Esp¡n 2014",
    "et": "DorsalColumn",
    "off": 10994,
    "sff": "dorsal"
  },
  {
    "docID": "N212 Torres-Esp¡n 2014",
    "et": "DorsalColumn",
    "off": 49150,
    "sff": "dorsal column"
  },
  {
    "docID": "N212 Torres-Esp¡n 2014",
    "et": "LesionAdjacentTissue",
    "off": 19889,
    "sff": "lesion"
  },
  {
    "docID": "N212 Torres-Esp¡n 2014",
    "et": "LesionAdjacentTissue",
    "off": 28565,
    "sff": "lesion"
  },
  {
    "docID": "N212 Torres-Esp¡n 2014",
    "et": "LesionAdjacentTissue",
    "off": 49164,
    "sff": "lesion"
  },
  {
    "docID": "N212 Torres-Esp¡n 2014",
    "et": "LesionAdjacentTissue",
    "off": 44665,
    "sff": "lesion"
  },
  {
    "docID": "N212 Torres-Esp¡n 2014",
    "et": "LesionAdjacentTissue",
    "off": 47056,
    "sff": "lesion"
  },
  {
    "docID": "N212 Torres-Esp¡n 2014",
    "et": "LesionAdjacentTissue",
    "off": 46479,
    "sff": "lesion"
  },
  {
    "docID": "N212 Torres-Esp¡n 2014",
    "et": "LesionAdjacentTissue",
    "off": 50845,
    "sff": "lesion"
  },
  {
    "docID": "N212 Torres-Esp¡n 2014",
    "et": "CentralNervousSystem",
    "off": 3981,
    "sff": "central"
  },
  {
    "docID": "N212 Torres-Esp¡n 2014",
    "et": "CentralNervousSystem",
    "off": 16490,
    "sff": "Central"
  },
  {
    "docID": "N212 Torres-Esp¡n 2014",
    "et": "SpinalGrayMatter",
    "off": 29226,
    "sff": "gray"
  },
  {
    "docID": "N212 Torres-Esp¡n 2014",
    "et": "SpinalGrayMatter",
    "off": 29560,
    "sff": "gray matter"
  },
  {
    "docID": "N212 Torres-Esp¡n 2014",
    "et": "SpinalGrayMatter",
    "off": 22367,
    "sff": "gray"
  },
  {
    "docID": "N212 Torres-Esp¡n 2014",
    "et": "SubstanceApplicationLocation",
    "off": 51844,
    "sff": "application"
  },
  {
    "docID": "N212 Torres-Esp¡n 2014",
    "et": "SubstanceApplicationLocation",
    "off": 644,
    "sff": "application"
  },
  {
    "docID": "N212 Torres-Esp¡n 2014",
    "et": "SpinalCentralPart",
    "off": 3981,
    "sff": "central"
  },
  {
    "docID": "N212 Torres-Esp¡n 2014",
    "et": "SpinalCentralPart",
    "off": 16490,
    "sff": "Central"
  },
  {
    "docID": "N212 Torres-Esp¡n 2014",
    "et": "InjectionDelivery",
    "off": 32397,
    "sff": "injection"
  },
  {
    "docID": "N212 Torres-Esp¡n 2014",
    "et": "InjectionDelivery",
    "off": 3111,
    "sff": "injection"
  },
  {
    "docID": "N212 Torres-Esp¡n 2014",
    "et": "InjectionDelivery",
    "off": 31591,
    "sff": "injection"
  },
  {
    "docID": "N212 Torres-Esp¡n 2014",
    "et": "InjectionDelivery",
    "off": 10917,
    "sff": "injection"
  },
  {
    "docID": "N212 Torres-Esp¡n 2014",
    "et": "InjectionDelivery",
    "off": 12131,
    "sff": "injection"
  },
  {
    "docID": "N212 Torres-Esp¡n 2014",
    "et": "InjectionDelivery",
    "off": 12739,
    "sff": "injection"
  },
  {
    "docID": "N212 Torres-Esp¡n 2014",
    "et": "InjectionDelivery",
    "off": 38049,
    "sff": "injection"
  },
  {
    "docID": "N212 Torres-Esp¡n 2014",
    "et": "InjectionDelivery",
    "off": 44897,
    "sff": "injection"
  },
  {
    "docID": "N212 Torres-Esp¡n 2014",
    "et": "InjectionDelivery",
    "off": 31168,
    "sff": "injection"
  },
  {
    "docID": "N212 Torres-Esp¡n 2014",
    "et": "InjectionDelivery",
    "off": 18168,
    "sff": "injection"
  },
  {
    "docID": "N212 Torres-Esp¡n 2014",
    "et": "InjectionDelivery",
    "off": 26679,
    "sff": "injection"
  },
  {
    "docID": "N212 Torres-Esp¡n 2014",
    "et": "InjectionDelivery",
    "off": 28791,
    "sff": "injection"
  },
  {
    "docID": "N212 Torres-Esp¡n 2014",
    "et": "InjectionDelivery",
    "off": 31639,
    "sff": "injection"
  },
  {
    "docID": "N212 Torres-Esp¡n 2014",
    "et": "InjectionDelivery",
    "off": 38837,
    "sff": "injection"
  },
  {
    "docID": "N212 Torres-Esp¡n 2014",
    "et": "InjectionDelivery",
    "off": 48393,
    "sff": "injection"
  },
  {
    "docID": "N212 Torres-Esp¡n 2014",
    "et": "InjectionDelivery",
    "off": 39697,
    "sff": "injection"
  },
  {
    "docID": "N212 Torres-Esp¡n 2014",
    "et": "InjectionDelivery",
    "off": 26639,
    "sff": "injection"
  },
  {
    "docID": "N212 Torres-Esp¡n 2014",
    "et": "InjectionDelivery",
    "off": 30606,
    "sff": "injection"
  },
  {
    "docID": "N212 Torres-Esp¡n 2014",
    "et": "SpinalLesionSite",
    "off": 46479,
    "sff": "lesion"
  },
  {
    "docID": "N212 Torres-Esp¡n 2014",
    "et": "SpinalLesionSite",
    "off": 47056,
    "sff": "lesion"
  },
  {
    "docID": "N212 Torres-Esp¡n 2014",
    "et": "SpinalLesionSite",
    "off": 19889,
    "sff": "lesion"
  },
  {
    "docID": "N212 Torres-Esp¡n 2014",
    "et": "SpinalLesionSite",
    "off": 28565,
    "sff": "lesion"
  },
  {
    "docID": "N212 Torres-Esp¡n 2014",
    "et": "SpinalLesionSite",
    "off": 44665,
    "sff": "lesion"
  },
  {
    "docID": "N212 Torres-Esp¡n 2014",
    "et": "SpinalLesionSite",
    "off": 49164,
    "sff": "lesion"
  },
  {
    "docID": "N212 Torres-Esp¡n 2014",
    "et": "SpinalLesionSite",
    "off": 50845,
    "sff": "lesion"
  }
]
