[
  {
    "docID": "N214 Vavrek 2007",
    "et": "Lumbar",
    "off": 2688,
    "sff": "lumbar"
  },
  {
    "docID": "N214 Vavrek 2007",
    "et": "Lumbar",
    "off": 16798,
    "sff": "lumbar"
  },
  {
    "docID": "N214 Vavrek 2007",
    "et": "Lumbar",
    "off": 10125,
    "sff": "lumbar"
  },
  {
    "docID": "N214 Vavrek 2007",
    "et": "Lumbar",
    "off": 664,
    "sff": "lumbar"
  },
  {
    "docID": "N214 Vavrek 2007",
    "et": "Thoracic",
    "off": 1454,
    "sff": "thoracic"
  },
  {
    "docID": "N214 Vavrek 2007",
    "et": "Thoracic",
    "off": 4624,
    "sff": "thoracic"
  },
  {
    "docID": "N214 Vavrek 2007",
    "et": "Thoracic",
    "off": 9155,
    "sff": "thoracic"
  },
  {
    "docID": "N214 Vavrek 2007",
    "et": "Thoracic",
    "off": 7510,
    "sff": "thoracic"
  },
  {
    "docID": "N214 Vavrek 2007",
    "et": "Thoracic",
    "off": 9032,
    "sff": "thoracic"
  },
  {
    "docID": "N214 Vavrek 2007",
    "et": "Thoracic",
    "off": 10649,
    "sff": "thoracic"
  },
  {
    "docID": "N214 Vavrek 2007",
    "et": "Thoracic",
    "off": 9947,
    "sff": "thoracic"
  },
  {
    "docID": "N214 Vavrek 2007",
    "et": "Thoracic",
    "off": 13083,
    "sff": "thoracic"
  },
  {
    "docID": "N214 Vavrek 2007",
    "et": "VertebralLocation",
    "off": 4637,
    "sff": "vertebral"
  },
  {
    "docID": "N214 Vavrek 2007",
    "et": "Brain",
    "off": 8515,
    "sff": "brain"
  },
  {
    "docID": "N214 Vavrek 2007",
    "et": "AscendingFiberTract",
    "off": 2820,
    "sff": "fiber"
  },
  {
    "docID": "N214 Vavrek 2007",
    "et": "AscendingFiberTract",
    "off": 3700,
    "sff": "fiber"
  },
  {
    "docID": "N214 Vavrek 2007",
    "et": "SpinalFiberTract",
    "off": 2820,
    "sff": "fiber"
  },
  {
    "docID": "N214 Vavrek 2007",
    "et": "SpinalFiberTract",
    "off": 3700,
    "sff": "fiber"
  },
  {
    "docID": "N214 Vavrek 2007",
    "et": "Intrathecal",
    "off": 2385,
    "sff": "intrathecal"
  },
  {
    "docID": "N214 Vavrek 2007",
    "et": "DeliveryMethod",
    "off": 601,
    "sff": "delivery"
  },
  {
    "docID": "N214 Vavrek 2007",
    "et": "DeliveryMethod",
    "off": 2397,
    "sff": "delivery"
  },
  {
    "docID": "N214 Vavrek 2007",
    "et": "SpinalDorsalHalf",
    "off": 11827,
    "sff": "dorsal"
  },
  {
    "docID": "N214 Vavrek 2007",
    "et": "SpinalDorsalHalf",
    "off": 7199,
    "sff": "dorsal"
  },
  {
    "docID": "N214 Vavrek 2007",
    "et": "SpinalDorsalHalf",
    "off": 12015,
    "sff": "dorsal"
  },
  {
    "docID": "N214 Vavrek 2007",
    "et": "SpinalVentralHalf",
    "off": 12063,
    "sff": "ventral"
  },
  {
    "docID": "N214 Vavrek 2007",
    "et": "SpinalVentralHalf",
    "off": 11763,
    "sff": "ventral"
  },
  {
    "docID": "N214 Vavrek 2007",
    "et": "SpinalVentralHalf",
    "off": 7206,
    "sff": "ventral"
  },
  {
    "docID": "N214 Vavrek 2007",
    "et": "SpinalCord",
    "off": 6461,
    "sff": "cord"
  },
  {
    "docID": "N214 Vavrek 2007",
    "et": "SpinalCord",
    "off": 10749,
    "sff": "cord"
  },
  {
    "docID": "N214 Vavrek 2007",
    "et": "SpinalCord",
    "off": 1470,
    "sff": "cord"
  },
  {
    "docID": "N214 Vavrek 2007",
    "et": "SpinalCord",
    "off": 2107,
    "sff": "cord"
  },
  {
    "docID": "N214 Vavrek 2007",
    "et": "SpinalCord",
    "off": 1282,
    "sff": "cord"
  },
  {
    "docID": "N214 Vavrek 2007",
    "et": "SpinalCord",
    "off": 6018,
    "sff": "cord"
  },
  {
    "docID": "N214 Vavrek 2007",
    "et": "SpinalCord",
    "off": 8578,
    "sff": "cord"
  },
  {
    "docID": "N214 Vavrek 2007",
    "et": "SpinalCord",
    "off": 1027,
    "sff": "cord"
  },
  {
    "docID": "N214 Vavrek 2007",
    "et": "SpinalCord",
    "off": 13444,
    "sff": "cord"
  },
  {
    "docID": "N214 Vavrek 2007",
    "et": "SpinalCord",
    "off": 5321,
    "sff": "cord"
  },
  {
    "docID": "N214 Vavrek 2007",
    "et": "SpinalCord",
    "off": 17674,
    "sff": "cord"
  },
  {
    "docID": "N214 Vavrek 2007",
    "et": "SpinalCord",
    "off": 1415,
    "sff": "cord"
  },
  {
    "docID": "N214 Vavrek 2007",
    "et": "SpinalCord",
    "off": 2375,
    "sff": "cord"
  },
  {
    "docID": "N214 Vavrek 2007",
    "et": "SpinalCord",
    "off": 6151,
    "sff": "cord"
  },
  {
    "docID": "N214 Vavrek 2007",
    "et": "SpinalCord",
    "off": 4680,
    "sff": "cord"
  },
  {
    "docID": "N214 Vavrek 2007",
    "et": "SpinalCord",
    "off": 10478,
    "sff": "cord"
  },
  {
    "docID": "N214 Vavrek 2007",
    "et": "SpinalCord",
    "off": 9963,
    "sff": "cord"
  },
  {
    "docID": "N214 Vavrek 2007",
    "et": "SpinalCord",
    "off": 13099,
    "sff": "cord"
  },
  {
    "docID": "N214 Vavrek 2007",
    "et": "SpinalCord",
    "off": 16812,
    "sff": "cord"
  },
  {
    "docID": "N214 Vavrek 2007",
    "et": "SpinalCord",
    "off": 14063,
    "sff": "cord"
  },
  {
    "docID": "N214 Vavrek 2007",
    "et": "SpinalCord",
    "off": 7926,
    "sff": "cord"
  },
  {
    "docID": "N214 Vavrek 2007",
    "et": "SpinalCord",
    "off": 13686,
    "sff": "cord"
  },
  {
    "docID": "N214 Vavrek 2007",
    "et": "SpinalCord",
    "off": 4339,
    "sff": "cord"
  },
  {
    "docID": "N214 Vavrek 2007",
    "et": "SpinalCord",
    "off": 16505,
    "sff": "cord"
  },
  {
    "docID": "N214 Vavrek 2007",
    "et": "SpinalCord",
    "off": 97,
    "sff": "Cord"
  },
  {
    "docID": "N214 Vavrek 2007",
    "et": "SpinalCord",
    "off": 10139,
    "sff": "cord"
  },
  {
    "docID": "N214 Vavrek 2007",
    "et": "SpinalCord",
    "off": 4833,
    "sff": "cord"
  },
  {
    "docID": "N214 Vavrek 2007",
    "et": "SpinalCord",
    "off": 8927,
    "sff": "cord"
  },
  {
    "docID": "N214 Vavrek 2007",
    "et": "SpinalCord",
    "off": 16544,
    "sff": "cord"
  },
  {
    "docID": "N214 Vavrek 2007",
    "et": "SpinalCord",
    "off": 678,
    "sff": "cord"
  },
  {
    "docID": "N214 Vavrek 2007",
    "et": "SpinalCord",
    "off": 7526,
    "sff": "cord"
  },
  {
    "docID": "N214 Vavrek 2007",
    "et": "SpinalCord",
    "off": 9188,
    "sff": "cord"
  },
  {
    "docID": "N214 Vavrek 2007",
    "et": "SpinalCord",
    "off": 10665,
    "sff": "cord"
  },
  {
    "docID": "N214 Vavrek 2007",
    "et": "SpinalCord",
    "off": 935,
    "sff": "cord"
  },
  {
    "docID": "N214 Vavrek 2007",
    "et": "SpinalCord",
    "off": 9832,
    "sff": "cord"
  },
  {
    "docID": "N214 Vavrek 2007",
    "et": "SpinalCord",
    "off": 2702,
    "sff": "cord"
  },
  {
    "docID": "N214 Vavrek 2007",
    "et": "SpinalCord",
    "off": 210,
    "sff": "cord"
  },
  {
    "docID": "N214 Vavrek 2007",
    "et": "SpinalCord",
    "off": 6674,
    "sff": "cord"
  },
  {
    "docID": "N214 Vavrek 2007",
    "et": "SpinalCord",
    "off": 3220,
    "sff": "cord"
  },
  {
    "docID": "N214 Vavrek 2007",
    "et": "SpinalCord",
    "off": 9048,
    "sff": "cord"
  },
  {
    "docID": "N214 Vavrek 2007",
    "et": "DorsalColumn",
    "off": 7199,
    "sff": "dorsal"
  },
  {
    "docID": "N214 Vavrek 2007",
    "et": "DorsalColumn",
    "off": 12015,
    "sff": "dorsal"
  },
  {
    "docID": "N214 Vavrek 2007",
    "et": "DorsalColumn",
    "off": 11827,
    "sff": "dorsal"
  },
  {
    "docID": "N214 Vavrek 2007",
    "et": "LesionAdjacentTissue",
    "off": 14576,
    "sff": "lesion"
  },
  {
    "docID": "N214 Vavrek 2007",
    "et": "LesionAdjacentTissue",
    "off": 1935,
    "sff": "lesion"
  },
  {
    "docID": "N214 Vavrek 2007",
    "et": "LesionAdjacentTissue",
    "off": 9069,
    "sff": "lesion"
  },
  {
    "docID": "N214 Vavrek 2007",
    "et": "LesionAdjacentTissue",
    "off": 10541,
    "sff": "lesion"
  },
  {
    "docID": "N214 Vavrek 2007",
    "et": "LesionAdjacentTissue",
    "off": 16563,
    "sff": "lesion"
  },
  {
    "docID": "N214 Vavrek 2007",
    "et": "LesionAdjacentTissue",
    "off": 13522,
    "sff": "lesion"
  },
  {
    "docID": "N214 Vavrek 2007",
    "et": "LesionAdjacentTissue",
    "off": 13573,
    "sff": "lesion"
  },
  {
    "docID": "N214 Vavrek 2007",
    "et": "LesionAdjacentTissue",
    "off": 1132,
    "sff": "lesion"
  },
  {
    "docID": "N214 Vavrek 2007",
    "et": "LesionAdjacentTissue",
    "off": 13470,
    "sff": "lesion"
  },
  {
    "docID": "N214 Vavrek 2007",
    "et": "LesionAdjacentTissue",
    "off": 14398,
    "sff": "lesion"
  },
  {
    "docID": "N214 Vavrek 2007",
    "et": "LesionAdjacentTissue",
    "off": 481,
    "sff": "lesion"
  },
  {
    "docID": "N214 Vavrek 2007",
    "et": "LesionAdjacentTissue",
    "off": 9852,
    "sff": "lesion"
  },
  {
    "docID": "N214 Vavrek 2007",
    "et": "LesionAdjacentTissue",
    "off": 7547,
    "sff": "lesion"
  },
  {
    "docID": "N214 Vavrek 2007",
    "et": "Cervical",
    "off": 10733,
    "sff": "cervical"
  },
  {
    "docID": "N214 Vavrek 2007",
    "et": "Cervical",
    "off": 9172,
    "sff": "cervical"
  },
  {
    "docID": "N214 Vavrek 2007",
    "et": "CentralNervousSystem",
    "off": 1716,
    "sff": "CENTRAL NERVOUS SYSTEM"
  },
  {
    "docID": "N214 Vavrek 2007",
    "et": "CentralNervousSystem",
    "off": 10041,
    "sff": "central"
  },
  {
    "docID": "N214 Vavrek 2007",
    "et": "CentralNervousSystem",
    "off": 1716,
    "sff": "CENTRAL NERVOUS"
  },
  {
    "docID": "N214 Vavrek 2007",
    "et": "Location",
    "off": 8811,
    "sff": "LOCATION"
  },
  {
    "docID": "N214 Vavrek 2007",
    "et": "Location",
    "off": 8625,
    "sff": "location"
  },
  {
    "docID": "N214 Vavrek 2007",
    "et": "VertebralArea",
    "off": 4637,
    "sff": "vertebral"
  },
  {
    "docID": "N214 Vavrek 2007",
    "et": "SpinalCentralPart",
    "off": 1716,
    "sff": "CENTRAL"
  },
  {
    "docID": "N214 Vavrek 2007",
    "et": "SpinalCentralPart",
    "off": 10041,
    "sff": "central"
  },
  {
    "docID": "N214 Vavrek 2007",
    "et": "InjectionDelivery",
    "off": 6271,
    "sff": "injection"
  },
  {
    "docID": "N214 Vavrek 2007",
    "et": "InjectionDelivery",
    "off": 5888,
    "sff": "injection"
  },
  {
    "docID": "N214 Vavrek 2007",
    "et": "InjectionDelivery",
    "off": 4344,
    "sff": "injection"
  },
  {
    "docID": "N214 Vavrek 2007",
    "et": "VertebralSegment",
    "off": 4637,
    "sff": "vertebral segment"
  },
  {
    "docID": "N214 Vavrek 2007",
    "et": "SpinalLesionSite",
    "off": 7547,
    "sff": "lesion"
  },
  {
    "docID": "N214 Vavrek 2007",
    "et": "SpinalLesionSite",
    "off": 9069,
    "sff": "lesion site"
  },
  {
    "docID": "N214 Vavrek 2007",
    "et": "SpinalLesionSite",
    "off": 9852,
    "sff": "lesion"
  },
  {
    "docID": "N214 Vavrek 2007",
    "et": "SpinalLesionSite",
    "off": 10541,
    "sff": "lesion site"
  },
  {
    "docID": "N214 Vavrek 2007",
    "et": "SpinalLesionSite",
    "off": 13470,
    "sff": "lesion"
  },
  {
    "docID": "N214 Vavrek 2007",
    "et": "SpinalLesionSite",
    "off": 14398,
    "sff": "lesion"
  },
  {
    "docID": "N214 Vavrek 2007",
    "et": "SpinalLesionSite",
    "off": 481,
    "sff": "lesion"
  },
  {
    "docID": "N214 Vavrek 2007",
    "et": "SpinalLesionSite",
    "off": 16563,
    "sff": "lesion"
  },
  {
    "docID": "N214 Vavrek 2007",
    "et": "SpinalLesionSite",
    "off": 13522,
    "sff": "lesion"
  },
  {
    "docID": "N214 Vavrek 2007",
    "et": "SpinalLesionSite",
    "off": 1935,
    "sff": "lesion site"
  },
  {
    "docID": "N214 Vavrek 2007",
    "et": "SpinalLesionSite",
    "off": 14576,
    "sff": "lesion site"
  },
  {
    "docID": "N214 Vavrek 2007",
    "et": "SpinalLesionSite",
    "off": 1132,
    "sff": "lesion"
  },
  {
    "docID": "N214 Vavrek 2007",
    "et": "SpinalLesionSite",
    "off": 13573,
    "sff": "lesion"
  }
]
