[
  {
    "docID": "N218 Plant 2003",
    "et": "T8",
    "off": 43202,
    "sff": "T8"
  },
  {
    "docID": "N218 Plant 2003",
    "et": "L1",
    "off": 43034,
    "sff": "L1"
  },
  {
    "docID": "N218 Plant 2003",
    "et": "T9",
    "off": 9085,
    "sff": "T9"
  },
  {
    "docID": "N218 Plant 2003",
    "et": "T11",
    "off": 43183,
    "sff": "T11"
  },
  {
    "docID": "N218 Plant 2003",
    "et": "T10",
    "off": 9088,
    "sff": "T10"
  },
  {
    "docID": "N218 Plant 2003",
    "et": "SuperficialDelivery",
    "off": 38690,
    "sff": "superficial"
  },
  {
    "docID": "N218 Plant 2003",
    "et": "Thoracic",
    "off": 2008,
    "sff": "thoracic"
  },
  {
    "docID": "N218 Plant 2003",
    "et": "Thoracic",
    "off": 423,
    "sff": "thoracic"
  },
  {
    "docID": "N218 Plant 2003",
    "et": "Thoracic",
    "off": 5402,
    "sff": "thoracic"
  },
  {
    "docID": "N218 Plant 2003",
    "et": "Thoracic",
    "off": 33338,
    "sff": "thoracic"
  },
  {
    "docID": "N218 Plant 2003",
    "et": "VertebralLocation",
    "off": 9068,
    "sff": "vertebral"
  },
  {
    "docID": "N218 Plant 2003",
    "et": "Brain",
    "off": 13232,
    "sff": "brain"
  },
  {
    "docID": "N218 Plant 2003",
    "et": "Brain",
    "off": 16192,
    "sff": "brain"
  },
  {
    "docID": "N218 Plant 2003",
    "et": "Brain",
    "off": 29681,
    "sff": "brain"
  },
  {
    "docID": "N218 Plant 2003",
    "et": "Brain",
    "off": 29023,
    "sff": "brain"
  },
  {
    "docID": "N218 Plant 2003",
    "et": "Brain",
    "off": 30813,
    "sff": "brain"
  },
  {
    "docID": "N218 Plant 2003",
    "et": "Brain",
    "off": 29450,
    "sff": "brain"
  },
  {
    "docID": "N218 Plant 2003",
    "et": "Brain",
    "off": 1643,
    "sff": "brain"
  },
  {
    "docID": "N218 Plant 2003",
    "et": "Brain",
    "off": 29947,
    "sff": "brain"
  },
  {
    "docID": "N218 Plant 2003",
    "et": "Brain",
    "off": 38021,
    "sff": "brain"
  },
  {
    "docID": "N218 Plant 2003",
    "et": "AscendingFiberTract",
    "off": 3309,
    "sff": "fiber"
  },
  {
    "docID": "N218 Plant 2003",
    "et": "AscendingFiberTract",
    "off": 2411,
    "sff": "fiber"
  },
  {
    "docID": "N218 Plant 2003",
    "et": "AscendingFiberTract",
    "off": 37615,
    "sff": "Fiber"
  },
  {
    "docID": "N218 Plant 2003",
    "et": "AscendingFiberTract",
    "off": 5749,
    "sff": "fiber"
  },
  {
    "docID": "N218 Plant 2003",
    "et": "AscendingFiberTract",
    "off": 5919,
    "sff": "fiber"
  },
  {
    "docID": "N218 Plant 2003",
    "et": "SpinalWhiteMatter",
    "off": 38901,
    "sff": "white matter"
  },
  {
    "docID": "N218 Plant 2003",
    "et": "SpinalWhiteMatter",
    "off": 26099,
    "sff": "white matter"
  },
  {
    "docID": "N218 Plant 2003",
    "et": "SpinalWhiteMatter",
    "off": 43956,
    "sff": "white matter"
  },
  {
    "docID": "N218 Plant 2003",
    "et": "SpinalWhiteMatter",
    "off": 28271,
    "sff": "white matter"
  },
  {
    "docID": "N218 Plant 2003",
    "et": "SpinalWhiteMatter",
    "off": 4574,
    "sff": "white matter"
  },
  {
    "docID": "N218 Plant 2003",
    "et": "SpinalWhiteMatter",
    "off": 25787,
    "sff": "white matter"
  },
  {
    "docID": "N218 Plant 2003",
    "et": "SpinalWhiteMatter",
    "off": 28090,
    "sff": "white matter"
  },
  {
    "docID": "N218 Plant 2003",
    "et": "SpinalWhiteMatter",
    "off": 18851,
    "sff": "white matter"
  },
  {
    "docID": "N218 Plant 2003",
    "et": "SpinalWhiteMatter",
    "off": 35937,
    "sff": "white matter"
  },
  {
    "docID": "N218 Plant 2003",
    "et": "SpinalWhiteMatter",
    "off": 27970,
    "sff": "white matter"
  },
  {
    "docID": "N218 Plant 2003",
    "et": "SpinalWhiteMatter",
    "off": 39181,
    "sff": "white matter"
  },
  {
    "docID": "N218 Plant 2003",
    "et": "SpinalWhiteMatter",
    "off": 23275,
    "sff": "white matter"
  },
  {
    "docID": "N218 Plant 2003",
    "et": "SpinalWhiteMatter",
    "off": 1319,
    "sff": "white matter"
  },
  {
    "docID": "N218 Plant 2003",
    "et": "SpinalWhiteMatter",
    "off": 38728,
    "sff": "white matter"
  },
  {
    "docID": "N218 Plant 2003",
    "et": "SpinalFiberTract",
    "off": 5749,
    "sff": "fiber"
  },
  {
    "docID": "N218 Plant 2003",
    "et": "SpinalFiberTract",
    "off": 37615,
    "sff": "Fiber"
  },
  {
    "docID": "N218 Plant 2003",
    "et": "SpinalFiberTract",
    "off": 2411,
    "sff": "fiber"
  },
  {
    "docID": "N218 Plant 2003",
    "et": "SpinalFiberTract",
    "off": 3309,
    "sff": "fiber"
  },
  {
    "docID": "N218 Plant 2003",
    "et": "SpinalFiberTract",
    "off": 5919,
    "sff": "fiber"
  },
  {
    "docID": "N218 Plant 2003",
    "et": "SpinalDorsalHalf",
    "off": 26649,
    "sff": "dorsal"
  },
  {
    "docID": "N218 Plant 2003",
    "et": "SpinalDorsalHalf",
    "off": 36777,
    "sff": "dorsal"
  },
  {
    "docID": "N218 Plant 2003",
    "et": "SpinalDorsalHalf",
    "off": 3731,
    "sff": "dorsal"
  },
  {
    "docID": "N218 Plant 2003",
    "et": "SpinalDorsalHalf",
    "off": 28083,
    "sff": "dorsal"
  },
  {
    "docID": "N218 Plant 2003",
    "et": "SpinalDorsalHalf",
    "off": 26112,
    "sff": "dorsal"
  },
  {
    "docID": "N218 Plant 2003",
    "et": "SpinalDorsalHalf",
    "off": 36992,
    "sff": "dorsal"
  },
  {
    "docID": "N218 Plant 2003",
    "et": "SpinalDorsalHalf",
    "off": 10063,
    "sff": "dorsal"
  },
  {
    "docID": "N218 Plant 2003",
    "et": "SpinalDorsalHalf",
    "off": 10028,
    "sff": "dorsal"
  },
  {
    "docID": "N218 Plant 2003",
    "et": "SpinalVentralHalf",
    "off": 26123,
    "sff": "ventral"
  },
  {
    "docID": "N218 Plant 2003",
    "et": "SpinalVentralHalf",
    "off": 38873,
    "sff": "ventral"
  },
  {
    "docID": "N218 Plant 2003",
    "et": "SpinalVentralHalf",
    "off": 38893,
    "sff": "ventral"
  },
  {
    "docID": "N218 Plant 2003",
    "et": "SpinalCord",
    "off": 2677,
    "sff": "cord"
  },
  {
    "docID": "N218 Plant 2003",
    "et": "SpinalCord",
    "off": 24181,
    "sff": "cord"
  },
  {
    "docID": "N218 Plant 2003",
    "et": "SpinalCord",
    "off": 1009,
    "sff": "cord"
  },
  {
    "docID": "N218 Plant 2003",
    "et": "SpinalCord",
    "off": 3953,
    "sff": "cord"
  },
  {
    "docID": "N218 Plant 2003",
    "et": "SpinalCord",
    "off": 17905,
    "sff": "cord"
  },
  {
    "docID": "N218 Plant 2003",
    "et": "SpinalCord",
    "off": 21745,
    "sff": "cord"
  },
  {
    "docID": "N218 Plant 2003",
    "et": "SpinalCord",
    "off": 19052,
    "sff": "cord"
  },
  {
    "docID": "N218 Plant 2003",
    "et": "SpinalCord",
    "off": 2299,
    "sff": "CORD"
  },
  {
    "docID": "N218 Plant 2003",
    "et": "SpinalCord",
    "off": 2024,
    "sff": "cord"
  },
  {
    "docID": "N218 Plant 2003",
    "et": "SpinalCord",
    "off": 34154,
    "sff": "cord"
  },
  {
    "docID": "N218 Plant 2003",
    "et": "SpinalCord",
    "off": 4323,
    "sff": "cord"
  },
  {
    "docID": "N218 Plant 2003",
    "et": "SpinalCord",
    "off": 39526,
    "sff": "cord"
  },
  {
    "docID": "N218 Plant 2003",
    "et": "SpinalCord",
    "off": 10331,
    "sff": "cord"
  },
  {
    "docID": "N218 Plant 2003",
    "et": "SpinalCord",
    "off": 41694,
    "sff": "cord"
  },
  {
    "docID": "N218 Plant 2003",
    "et": "SpinalCord",
    "off": 36823,
    "sff": "cord"
  },
  {
    "docID": "N218 Plant 2003",
    "et": "SpinalCord",
    "off": 10004,
    "sff": "cord"
  },
  {
    "docID": "N218 Plant 2003",
    "et": "SpinalCord",
    "off": 9106,
    "sff": "cord"
  },
  {
    "docID": "N218 Plant 2003",
    "et": "SpinalCord",
    "off": 39694,
    "sff": "cord"
  },
  {
    "docID": "N218 Plant 2003",
    "et": "SpinalCord",
    "off": 13187,
    "sff": "cord"
  },
  {
    "docID": "N218 Plant 2003",
    "et": "SpinalCord",
    "off": 23174,
    "sff": "cord"
  },
  {
    "docID": "N218 Plant 2003",
    "et": "SpinalCord",
    "off": 10364,
    "sff": "cord"
  },
  {
    "docID": "N218 Plant 2003",
    "et": "SpinalCord",
    "off": 23804,
    "sff": "cord"
  },
  {
    "docID": "N218 Plant 2003",
    "et": "SpinalCord",
    "off": 34295,
    "sff": "cord"
  },
  {
    "docID": "N218 Plant 2003",
    "et": "SpinalCord",
    "off": 10744,
    "sff": "cord"
  },
  {
    "docID": "N218 Plant 2003",
    "et": "SpinalCord",
    "off": 18168,
    "sff": "cord"
  },
  {
    "docID": "N218 Plant 2003",
    "et": "SpinalCord",
    "off": 19193,
    "sff": "cord"
  },
  {
    "docID": "N218 Plant 2003",
    "et": "SpinalCord",
    "off": 27316,
    "sff": "cord"
  },
  {
    "docID": "N218 Plant 2003",
    "et": "SpinalCord",
    "off": 39093,
    "sff": "cord"
  },
  {
    "docID": "N218 Plant 2003",
    "et": "SpinalCord",
    "off": 15663,
    "sff": "cord"
  },
  {
    "docID": "N218 Plant 2003",
    "et": "SpinalCord",
    "off": 35120,
    "sff": "cord"
  },
  {
    "docID": "N218 Plant 2003",
    "et": "SpinalCord",
    "off": 37680,
    "sff": "cord"
  },
  {
    "docID": "N218 Plant 2003",
    "et": "SpinalCord",
    "off": 4268,
    "sff": "cord"
  },
  {
    "docID": "N218 Plant 2003",
    "et": "SpinalCord",
    "off": 33838,
    "sff": "cord"
  },
  {
    "docID": "N218 Plant 2003",
    "et": "SpinalCord",
    "off": 5418,
    "sff": "cord"
  },
  {
    "docID": "N218 Plant 2003",
    "et": "SpinalCord",
    "off": 36906,
    "sff": "cord"
  },
  {
    "docID": "N218 Plant 2003",
    "et": "SpinalCord",
    "off": 549,
    "sff": "cord"
  },
  {
    "docID": "N218 Plant 2003",
    "et": "SpinalCord",
    "off": 139,
    "sff": "Cord"
  },
  {
    "docID": "N218 Plant 2003",
    "et": "SpinalCord",
    "off": 17952,
    "sff": "cord"
  },
  {
    "docID": "N218 Plant 2003",
    "et": "SpinalCord",
    "off": 10142,
    "sff": "cord"
  },
  {
    "docID": "N218 Plant 2003",
    "et": "SpinalCord",
    "off": 3354,
    "sff": "cord"
  },
  {
    "docID": "N218 Plant 2003",
    "et": "SpinalCord",
    "off": 31443,
    "sff": "cord"
  },
  {
    "docID": "N218 Plant 2003",
    "et": "SpinalCord",
    "off": 12884,
    "sff": "cord"
  },
  {
    "docID": "N218 Plant 2003",
    "et": "SpinalCord",
    "off": 38996,
    "sff": "cord"
  },
  {
    "docID": "N218 Plant 2003",
    "et": "SpinalCord",
    "off": 2262,
    "sff": "cord"
  },
  {
    "docID": "N218 Plant 2003",
    "et": "SpinalCord",
    "off": 12112,
    "sff": "cord"
  },
  {
    "docID": "N218 Plant 2003",
    "et": "SpinalCord",
    "off": 43212,
    "sff": "cord"
  },
  {
    "docID": "N218 Plant 2003",
    "et": "SpinalCord",
    "off": 21191,
    "sff": "cord"
  },
  {
    "docID": "N218 Plant 2003",
    "et": "SpinalCord",
    "off": 26695,
    "sff": "cord"
  },
  {
    "docID": "N218 Plant 2003",
    "et": "SpinalCord",
    "off": 17609,
    "sff": "cord"
  },
  {
    "docID": "N218 Plant 2003",
    "et": "SpinalCord",
    "off": 33354,
    "sff": "cord"
  },
  {
    "docID": "N218 Plant 2003",
    "et": "SpinalCord",
    "off": 37443,
    "sff": "cord"
  },
  {
    "docID": "N218 Plant 2003",
    "et": "SpinalCord",
    "off": 1348,
    "sff": "cord"
  },
  {
    "docID": "N218 Plant 2003",
    "et": "SpinalCord",
    "off": 34372,
    "sff": "cord"
  },
  {
    "docID": "N218 Plant 2003",
    "et": "SpinalCord",
    "off": 30661,
    "sff": "cord"
  },
  {
    "docID": "N218 Plant 2003",
    "et": "SpinalCord",
    "off": 9286,
    "sff": "cord"
  },
  {
    "docID": "N218 Plant 2003",
    "et": "SpinalCord",
    "off": 16063,
    "sff": "cord"
  },
  {
    "docID": "N218 Plant 2003",
    "et": "SpinalCord",
    "off": 43072,
    "sff": "cord"
  },
  {
    "docID": "N218 Plant 2003",
    "et": "SpinalCord",
    "off": 17729,
    "sff": "cord"
  },
  {
    "docID": "N218 Plant 2003",
    "et": "SpinalCord",
    "off": 34497,
    "sff": "cord"
  },
  {
    "docID": "N218 Plant 2003",
    "et": "SpinalCord",
    "off": 10050,
    "sff": "cord"
  },
  {
    "docID": "N218 Plant 2003",
    "et": "SpinalCord",
    "off": 18370,
    "sff": "cord"
  },
  {
    "docID": "N218 Plant 2003",
    "et": "SpinalCord",
    "off": 42818,
    "sff": "cord"
  },
  {
    "docID": "N218 Plant 2003",
    "et": "SpinalCord",
    "off": 439,
    "sff": "cord"
  },
  {
    "docID": "N218 Plant 2003",
    "et": "DorsalColumn",
    "off": 26112,
    "sff": "dorsal"
  },
  {
    "docID": "N218 Plant 2003",
    "et": "DorsalColumn",
    "off": 36992,
    "sff": "dorsal"
  },
  {
    "docID": "N218 Plant 2003",
    "et": "DorsalColumn",
    "off": 28083,
    "sff": "dorsal"
  },
  {
    "docID": "N218 Plant 2003",
    "et": "DorsalColumn",
    "off": 3731,
    "sff": "dorsal"
  },
  {
    "docID": "N218 Plant 2003",
    "et": "DorsalColumn",
    "off": 10028,
    "sff": "dorsal"
  },
  {
    "docID": "N218 Plant 2003",
    "et": "DorsalColumn",
    "off": 10063,
    "sff": "dorsal"
  },
  {
    "docID": "N218 Plant 2003",
    "et": "DorsalColumn",
    "off": 26649,
    "sff": "dorsal"
  },
  {
    "docID": "N218 Plant 2003",
    "et": "DorsalColumn",
    "off": 36777,
    "sff": "dorsal"
  },
  {
    "docID": "N218 Plant 2003",
    "et": "LesionAdjacentTissue",
    "off": 12167,
    "sff": "lesion"
  },
  {
    "docID": "N218 Plant 2003",
    "et": "LesionAdjacentTissue",
    "off": 33095,
    "sff": "lesion"
  },
  {
    "docID": "N218 Plant 2003",
    "et": "LesionAdjacentTissue",
    "off": 22844,
    "sff": "Lesion"
  },
  {
    "docID": "N218 Plant 2003",
    "et": "LesionAdjacentTissue",
    "off": 19011,
    "sff": "lesion"
  },
  {
    "docID": "N218 Plant 2003",
    "et": "LesionAdjacentTissue",
    "off": 18316,
    "sff": "lesion"
  },
  {
    "docID": "N218 Plant 2003",
    "et": "LesionAdjacentTissue",
    "off": 27211,
    "sff": "lesion"
  },
  {
    "docID": "N218 Plant 2003",
    "et": "LesionAdjacentTissue",
    "off": 23736,
    "sff": "lesion"
  },
  {
    "docID": "N218 Plant 2003",
    "et": "LesionAdjacentTissue",
    "off": 28338,
    "sff": "lesion"
  },
  {
    "docID": "N218 Plant 2003",
    "et": "LesionAdjacentTissue",
    "off": 20980,
    "sff": "lesion"
  },
  {
    "docID": "N218 Plant 2003",
    "et": "LesionAdjacentTissue",
    "off": 23539,
    "sff": "lesion"
  },
  {
    "docID": "N218 Plant 2003",
    "et": "LesionAdjacentTissue",
    "off": 831,
    "sff": "lesion"
  },
  {
    "docID": "N218 Plant 2003",
    "et": "LesionAdjacentTissue",
    "off": 28928,
    "sff": "lesion"
  },
  {
    "docID": "N218 Plant 2003",
    "et": "LesionAdjacentTissue",
    "off": 18815,
    "sff": "lesion"
  },
  {
    "docID": "N218 Plant 2003",
    "et": "LesionAdjacentTissue",
    "off": 26426,
    "sff": "lesion"
  },
  {
    "docID": "N218 Plant 2003",
    "et": "LesionAdjacentTissue",
    "off": 10085,
    "sff": "lesion"
  },
  {
    "docID": "N218 Plant 2003",
    "et": "LesionAdjacentTissue",
    "off": 27045,
    "sff": "lesion"
  },
  {
    "docID": "N218 Plant 2003",
    "et": "LesionAdjacentTissue",
    "off": 24999,
    "sff": "lesion"
  },
  {
    "docID": "N218 Plant 2003",
    "et": "LesionAdjacentTissue",
    "off": 12898,
    "sff": "lesion"
  },
  {
    "docID": "N218 Plant 2003",
    "et": "LesionAdjacentTissue",
    "off": 19692,
    "sff": "lesion"
  },
  {
    "docID": "N218 Plant 2003",
    "et": "LesionAdjacentTissue",
    "off": 40108,
    "sff": "lesion"
  },
  {
    "docID": "N218 Plant 2003",
    "et": "LesionAdjacentTissue",
    "off": 17429,
    "sff": "lesion"
  },
  {
    "docID": "N218 Plant 2003",
    "et": "LesionAdjacentTissue",
    "off": 37784,
    "sff": "lesion"
  },
  {
    "docID": "N218 Plant 2003",
    "et": "LesionAdjacentTissue",
    "off": 15127,
    "sff": "lesion"
  },
  {
    "docID": "N218 Plant 2003",
    "et": "LesionAdjacentTissue",
    "off": 20631,
    "sff": "lesion"
  },
  {
    "docID": "N218 Plant 2003",
    "et": "LesionAdjacentTissue",
    "off": 18899,
    "sff": "lesion"
  },
  {
    "docID": "N218 Plant 2003",
    "et": "LesionAdjacentTissue",
    "off": 18014,
    "sff": "lesion"
  },
  {
    "docID": "N218 Plant 2003",
    "et": "LesionAdjacentTissue",
    "off": 26138,
    "sff": "lesion"
  },
  {
    "docID": "N218 Plant 2003",
    "et": "CentralNervousSystem",
    "off": 42915,
    "sff": "central"
  },
  {
    "docID": "N218 Plant 2003",
    "et": "CentralNervousSystem",
    "off": 3035,
    "sff": "nervous system"
  },
  {
    "docID": "N218 Plant 2003",
    "et": "CentralNervousSystem",
    "off": 3035,
    "sff": "nervous"
  },
  {
    "docID": "N218 Plant 2003",
    "et": "CentralNervousSystem",
    "off": 905,
    "sff": "nervous"
  },
  {
    "docID": "N218 Plant 2003",
    "et": "CentralNervousSystem",
    "off": 33166,
    "sff": "nervous"
  },
  {
    "docID": "N218 Plant 2003",
    "et": "CentralNervousSystem",
    "off": 43323,
    "sff": "central"
  },
  {
    "docID": "N218 Plant 2003",
    "et": "CentralNervousSystem",
    "off": 2863,
    "sff": "central"
  },
  {
    "docID": "N218 Plant 2003",
    "et": "SpinalGrayMatter",
    "off": 25948,
    "sff": "gray matter"
  },
  {
    "docID": "N218 Plant 2003",
    "et": "SpinalGrayMatter",
    "off": 18783,
    "sff": "gray matter"
  },
  {
    "docID": "N218 Plant 2003",
    "et": "VertebralArea",
    "off": 9068,
    "sff": "vertebral"
  },
  {
    "docID": "N218 Plant 2003",
    "et": "SpinalCentralPart",
    "off": 42915,
    "sff": "central"
  },
  {
    "docID": "N218 Plant 2003",
    "et": "SpinalCentralPart",
    "off": 2863,
    "sff": "central"
  },
  {
    "docID": "N218 Plant 2003",
    "et": "SpinalCentralPart",
    "off": 43323,
    "sff": "central"
  },
  {
    "docID": "N218 Plant 2003",
    "et": "InjectionDelivery",
    "off": 21472,
    "sff": "injection"
  },
  {
    "docID": "N218 Plant 2003",
    "et": "InjectionDelivery",
    "off": 10623,
    "sff": "injection"
  },
  {
    "docID": "N218 Plant 2003",
    "et": "InjectionDelivery",
    "off": 43906,
    "sff": "injection"
  },
  {
    "docID": "N218 Plant 2003",
    "et": "InjectionDelivery",
    "off": 10248,
    "sff": "injection"
  },
  {
    "docID": "N218 Plant 2003",
    "et": "InjectionDelivery",
    "off": 11977,
    "sff": "injection"
  },
  {
    "docID": "N218 Plant 2003",
    "et": "InjectionDelivery",
    "off": 29769,
    "sff": "injection"
  },
  {
    "docID": "N218 Plant 2003",
    "et": "InjectionDelivery",
    "off": 648,
    "sff": "injection"
  },
  {
    "docID": "N218 Plant 2003",
    "et": "InjectionDelivery",
    "off": 12620,
    "sff": "injection"
  },
  {
    "docID": "N218 Plant 2003",
    "et": "InjectionDelivery",
    "off": 11147,
    "sff": "injection"
  },
  {
    "docID": "N218 Plant 2003",
    "et": "InjectionDelivery",
    "off": 10160,
    "sff": "injection"
  },
  {
    "docID": "N218 Plant 2003",
    "et": "InjectionDelivery",
    "off": 44239,
    "sff": "injection"
  },
  {
    "docID": "N218 Plant 2003",
    "et": "InjectionDelivery",
    "off": 12342,
    "sff": "injection"
  },
  {
    "docID": "N218 Plant 2003",
    "et": "InjectionDelivery",
    "off": 44087,
    "sff": "injection"
  },
  {
    "docID": "N218 Plant 2003",
    "et": "VertebralSegment",
    "off": 9068,
    "sff": "vertebral"
  },
  {
    "docID": "N218 Plant 2003",
    "et": "SpinalLesionSite",
    "off": 831,
    "sff": "lesion site"
  },
  {
    "docID": "N218 Plant 2003",
    "et": "SpinalLesionSite",
    "off": 20980,
    "sff": "lesion"
  },
  {
    "docID": "N218 Plant 2003",
    "et": "SpinalLesionSite",
    "off": 23539,
    "sff": "lesion"
  },
  {
    "docID": "N218 Plant 2003",
    "et": "SpinalLesionSite",
    "off": 28338,
    "sff": "lesion"
  },
  {
    "docID": "N218 Plant 2003",
    "et": "SpinalLesionSite",
    "off": 23736,
    "sff": "lesion site"
  },
  {
    "docID": "N218 Plant 2003",
    "et": "SpinalLesionSite",
    "off": 26426,
    "sff": "lesion"
  },
  {
    "docID": "N218 Plant 2003",
    "et": "SpinalLesionSite",
    "off": 18014,
    "sff": "lesion"
  },
  {
    "docID": "N218 Plant 2003",
    "et": "SpinalLesionSite",
    "off": 27045,
    "sff": "lesion"
  },
  {
    "docID": "N218 Plant 2003",
    "et": "SpinalLesionSite",
    "off": 10085,
    "sff": "lesion"
  },
  {
    "docID": "N218 Plant 2003",
    "et": "SpinalLesionSite",
    "off": 12898,
    "sff": "lesion"
  },
  {
    "docID": "N218 Plant 2003",
    "et": "SpinalLesionSite",
    "off": 24999,
    "sff": "lesion"
  },
  {
    "docID": "N218 Plant 2003",
    "et": "SpinalLesionSite",
    "off": 33095,
    "sff": "lesion site"
  },
  {
    "docID": "N218 Plant 2003",
    "et": "SpinalLesionSite",
    "off": 22844,
    "sff": "Lesion Site"
  },
  {
    "docID": "N218 Plant 2003",
    "et": "SpinalLesionSite",
    "off": 18899,
    "sff": "lesion"
  },
  {
    "docID": "N218 Plant 2003",
    "et": "SpinalLesionSite",
    "off": 37784,
    "sff": "lesion"
  },
  {
    "docID": "N218 Plant 2003",
    "et": "SpinalLesionSite",
    "off": 15127,
    "sff": "lesion"
  },
  {
    "docID": "N218 Plant 2003",
    "et": "SpinalLesionSite",
    "off": 20631,
    "sff": "lesion"
  },
  {
    "docID": "N218 Plant 2003",
    "et": "SpinalLesionSite",
    "off": 17429,
    "sff": "lesion site"
  },
  {
    "docID": "N218 Plant 2003",
    "et": "SpinalLesionSite",
    "off": 26138,
    "sff": "lesion"
  },
  {
    "docID": "N218 Plant 2003",
    "et": "SpinalLesionSite",
    "off": 28928,
    "sff": "lesion"
  },
  {
    "docID": "N218 Plant 2003",
    "et": "SpinalLesionSite",
    "off": 18815,
    "sff": "lesion"
  },
  {
    "docID": "N218 Plant 2003",
    "et": "SpinalLesionSite",
    "off": 19011,
    "sff": "lesion"
  },
  {
    "docID": "N218 Plant 2003",
    "et": "SpinalLesionSite",
    "off": 19692,
    "sff": "lesion site"
  },
  {
    "docID": "N218 Plant 2003",
    "et": "SpinalLesionSite",
    "off": 40108,
    "sff": "lesion site"
  },
  {
    "docID": "N218 Plant 2003",
    "et": "SpinalLesionSite",
    "off": 12167,
    "sff": "lesion"
  },
  {
    "docID": "N218 Plant 2003",
    "et": "SpinalLesionSite",
    "off": 18316,
    "sff": "lesion"
  },
  {
    "docID": "N218 Plant 2003",
    "et": "SpinalLesionSite",
    "off": 27211,
    "sff": "lesion"
  },
  {
    "docID": "N218 Plant 2003",
    "et": "RubrospinalTract",
    "off": 21845,
    "sff": "rubrospinal"
  },
  {
    "docID": "N218 Plant 2003",
    "et": "RubrospinalTract",
    "off": 31079,
    "sff": "rubrospinal"
  },
  {
    "docID": "N218 Plant 2003",
    "et": "RubrospinalTract",
    "off": 39042,
    "sff": "rubrospinal"
  },
  {
    "docID": "N218 Plant 2003",
    "et": "RubrospinalTract",
    "off": 42381,
    "sff": "rubrospinal"
  }
]
