[
  {
    "docID": "N220 Ruitenberg 2003",
    "et": "AnatomicalLocation",
    "off": 5954,
    "sff": "Anatomical"
  },
  {
    "docID": "N220 Ruitenberg 2003",
    "et": "SubcutaneousLocation",
    "off": 20443,
    "sff": "subcutaneous"
  },
  {
    "docID": "N220 Ruitenberg 2003",
    "et": "Lumbar",
    "off": 14433,
    "sff": "lumbar"
  },
  {
    "docID": "N220 Ruitenberg 2003",
    "et": "Brain",
    "off": 6500,
    "sff": "brain"
  },
  {
    "docID": "N220 Ruitenberg 2003",
    "et": "Brain",
    "off": 24224,
    "sff": "brain"
  },
  {
    "docID": "N220 Ruitenberg 2003",
    "et": "Brain",
    "off": 469,
    "sff": "Brain"
  },
  {
    "docID": "N220 Ruitenberg 2003",
    "et": "AscendingFiberTract",
    "off": 42674,
    "sff": "fiber"
  },
  {
    "docID": "N220 Ruitenberg 2003",
    "et": "AscendingFiberTract",
    "off": 55208,
    "sff": "Fiber"
  },
  {
    "docID": "N220 Ruitenberg 2003",
    "et": "AscendingFiberTract",
    "off": 32708,
    "sff": "Fiber"
  },
  {
    "docID": "N220 Ruitenberg 2003",
    "et": "AscendingFiberTract",
    "off": 33271,
    "sff": "fiber"
  },
  {
    "docID": "N220 Ruitenberg 2003",
    "et": "IntraperitonealLocation",
    "off": 9139,
    "sff": "intraperitoneal"
  },
  {
    "docID": "N220 Ruitenberg 2003",
    "et": "IntraperitonealLocation",
    "off": 14265,
    "sff": "intraperitoneal"
  },
  {
    "docID": "N220 Ruitenberg 2003",
    "et": "SpinalWhiteMatter",
    "off": 44493,
    "sff": "white matter"
  },
  {
    "docID": "N220 Ruitenberg 2003",
    "et": "SpinalWhiteMatter",
    "off": 65382,
    "sff": "white matter"
  },
  {
    "docID": "N220 Ruitenberg 2003",
    "et": "SpinalWhiteMatter",
    "off": 41230,
    "sff": "white matter"
  },
  {
    "docID": "N220 Ruitenberg 2003",
    "et": "IntramuscularLocation",
    "off": 19327,
    "sff": "intramuscular"
  },
  {
    "docID": "N220 Ruitenberg 2003",
    "et": "SpinalFiberTract",
    "off": 32708,
    "sff": "Fiber"
  },
  {
    "docID": "N220 Ruitenberg 2003",
    "et": "SpinalFiberTract",
    "off": 55208,
    "sff": "Fiber"
  },
  {
    "docID": "N220 Ruitenberg 2003",
    "et": "SpinalFiberTract",
    "off": 42674,
    "sff": "fiber"
  },
  {
    "docID": "N220 Ruitenberg 2003",
    "et": "SpinalFiberTract",
    "off": 33271,
    "sff": "fiber"
  },
  {
    "docID": "N220 Ruitenberg 2003",
    "et": "DeliveryMethod",
    "off": 3581,
    "sff": "delivery"
  },
  {
    "docID": "N220 Ruitenberg 2003",
    "et": "DeliveryMethod",
    "off": 71887,
    "sff": "delivery"
  },
  {
    "docID": "N220 Ruitenberg 2003",
    "et": "DeliveryMethod",
    "off": 24090,
    "sff": "delivery"
  },
  {
    "docID": "N220 Ruitenberg 2003",
    "et": "DeliveryMethod",
    "off": 3233,
    "sff": "delivery"
  },
  {
    "docID": "N220 Ruitenberg 2003",
    "et": "DeliveryMethod",
    "off": 25539,
    "sff": "delivery"
  },
  {
    "docID": "N220 Ruitenberg 2003",
    "et": "SpinalDorsalHalf",
    "off": 19545,
    "sff": "dorsal"
  },
  {
    "docID": "N220 Ruitenberg 2003",
    "et": "SpinalDorsalHalf",
    "off": 37433,
    "sff": "dorsal"
  },
  {
    "docID": "N220 Ruitenberg 2003",
    "et": "SpinalDorsalHalf",
    "off": 24202,
    "sff": "dorsal"
  },
  {
    "docID": "N220 Ruitenberg 2003",
    "et": "SpinalDorsalHalf",
    "off": 38458,
    "sff": "dorsal"
  },
  {
    "docID": "N220 Ruitenberg 2003",
    "et": "SpinalDorsalHalf",
    "off": 67082,
    "sff": "dorsal"
  },
  {
    "docID": "N220 Ruitenberg 2003",
    "et": "SpinalDorsalHalf",
    "off": 52459,
    "sff": "dorsal"
  },
  {
    "docID": "N220 Ruitenberg 2003",
    "et": "SpinalDorsalHalf",
    "off": 51916,
    "sff": "dorsal"
  },
  {
    "docID": "N220 Ruitenberg 2003",
    "et": "SpinalDorsalHalf",
    "off": 13812,
    "sff": "dorsal"
  },
  {
    "docID": "N220 Ruitenberg 2003",
    "et": "SpinalDorsalHalf",
    "off": 19779,
    "sff": "dorsal"
  },
  {
    "docID": "N220 Ruitenberg 2003",
    "et": "SpinalDorsalHalf",
    "off": 20002,
    "sff": "dorsal"
  },
  {
    "docID": "N220 Ruitenberg 2003",
    "et": "SpinalVentralHalf",
    "off": 9461,
    "sff": "ventral"
  },
  {
    "docID": "N220 Ruitenberg 2003",
    "et": "SpinalCord",
    "off": 63771,
    "sff": "cord"
  },
  {
    "docID": "N220 Ruitenberg 2003",
    "et": "SpinalCord",
    "off": 68379,
    "sff": "cord"
  },
  {
    "docID": "N220 Ruitenberg 2003",
    "et": "SpinalCord",
    "off": 5531,
    "sff": "cord"
  },
  {
    "docID": "N220 Ruitenberg 2003",
    "et": "SpinalCord",
    "off": 69788,
    "sff": "cord"
  },
  {
    "docID": "N220 Ruitenberg 2003",
    "et": "SpinalCord",
    "off": 1111,
    "sff": "cord"
  },
  {
    "docID": "N220 Ruitenberg 2003",
    "et": "SpinalCord",
    "off": 3799,
    "sff": "cord"
  },
  {
    "docID": "N220 Ruitenberg 2003",
    "et": "SpinalCord",
    "off": 28057,
    "sff": "cord"
  },
  {
    "docID": "N220 Ruitenberg 2003",
    "et": "SpinalCord",
    "off": 32418,
    "sff": "cord"
  },
  {
    "docID": "N220 Ruitenberg 2003",
    "et": "SpinalCord",
    "off": 536,
    "sff": "Cord"
  },
  {
    "docID": "N220 Ruitenberg 2003",
    "et": "SpinalCord",
    "off": 52644,
    "sff": "cord"
  },
  {
    "docID": "N220 Ruitenberg 2003",
    "et": "SpinalCord",
    "off": 219,
    "sff": "Cord"
  },
  {
    "docID": "N220 Ruitenberg 2003",
    "et": "SpinalCord",
    "off": 37407,
    "sff": "cord"
  },
  {
    "docID": "N220 Ruitenberg 2003",
    "et": "SpinalCord",
    "off": 36768,
    "sff": "cord"
  },
  {
    "docID": "N220 Ruitenberg 2003",
    "et": "SpinalCord",
    "off": 54752,
    "sff": "cord"
  },
  {
    "docID": "N220 Ruitenberg 2003",
    "et": "SpinalCord",
    "off": 19655,
    "sff": "cord"
  },
  {
    "docID": "N220 Ruitenberg 2003",
    "et": "SpinalCord",
    "off": 27208,
    "sff": "cord"
  },
  {
    "docID": "N220 Ruitenberg 2003",
    "et": "SpinalCord",
    "off": 57212,
    "sff": "cord"
  },
  {
    "docID": "N220 Ruitenberg 2003",
    "et": "SpinalCord",
    "off": 44087,
    "sff": "cord"
  },
  {
    "docID": "N220 Ruitenberg 2003",
    "et": "SpinalCord",
    "off": 37110,
    "sff": "cord"
  },
  {
    "docID": "N220 Ruitenberg 2003",
    "et": "SpinalCord",
    "off": 39798,
    "sff": "cord"
  },
  {
    "docID": "N220 Ruitenberg 2003",
    "et": "SpinalCord",
    "off": 71993,
    "sff": "cord"
  },
  {
    "docID": "N220 Ruitenberg 2003",
    "et": "SpinalCord",
    "off": 72697,
    "sff": "cord"
  },
  {
    "docID": "N220 Ruitenberg 2003",
    "et": "SpinalCord",
    "off": 4857,
    "sff": "cord"
  },
  {
    "docID": "N220 Ruitenberg 2003",
    "et": "SpinalCord",
    "off": 42040,
    "sff": "cord"
  },
  {
    "docID": "N220 Ruitenberg 2003",
    "et": "SpinalCord",
    "off": 19523,
    "sff": "cord"
  },
  {
    "docID": "N220 Ruitenberg 2003",
    "et": "SpinalCord",
    "off": 21572,
    "sff": "cord"
  },
  {
    "docID": "N220 Ruitenberg 2003",
    "et": "SpinalCord",
    "off": 5440,
    "sff": "cord"
  },
  {
    "docID": "N220 Ruitenberg 2003",
    "et": "SpinalCord",
    "off": 44225,
    "sff": "cord"
  },
  {
    "docID": "N220 Ruitenberg 2003",
    "et": "SpinalCord",
    "off": 66733,
    "sff": "cord"
  },
  {
    "docID": "N220 Ruitenberg 2003",
    "et": "SpinalCord",
    "off": 65260,
    "sff": "cord"
  },
  {
    "docID": "N220 Ruitenberg 2003",
    "et": "SpinalCord",
    "off": 17830,
    "sff": "cord"
  },
  {
    "docID": "N220 Ruitenberg 2003",
    "et": "SpinalCord",
    "off": 38694,
    "sff": "cord"
  },
  {
    "docID": "N220 Ruitenberg 2003",
    "et": "SpinalCord",
    "off": 41766,
    "sff": "cord"
  },
  {
    "docID": "N220 Ruitenberg 2003",
    "et": "SpinalCord",
    "off": 19880,
    "sff": "cord"
  },
  {
    "docID": "N220 Ruitenberg 2003",
    "et": "SpinalCord",
    "off": 17908,
    "sff": "cord"
  },
  {
    "docID": "N220 Ruitenberg 2003",
    "et": "SpinalCord",
    "off": 18548,
    "sff": "cord"
  },
  {
    "docID": "N220 Ruitenberg 2003",
    "et": "SpinalCord",
    "off": 19828,
    "sff": "cord"
  },
  {
    "docID": "N220 Ruitenberg 2003",
    "et": "SpinalCord",
    "off": 42292,
    "sff": "cord"
  },
  {
    "docID": "N220 Ruitenberg 2003",
    "et": "SpinalCord",
    "off": 51892,
    "sff": "cord"
  },
  {
    "docID": "N220 Ruitenberg 2003",
    "et": "SpinalCord",
    "off": 52916,
    "sff": "cord"
  },
  {
    "docID": "N220 Ruitenberg 2003",
    "et": "SpinalCord",
    "off": 53044,
    "sff": "cord"
  },
  {
    "docID": "N220 Ruitenberg 2003",
    "et": "SpinalCord",
    "off": 32622,
    "sff": "cord"
  },
  {
    "docID": "N220 Ruitenberg 2003",
    "et": "SpinalCord",
    "off": 68974,
    "sff": "cord"
  },
  {
    "docID": "N220 Ruitenberg 2003",
    "et": "SpinalCord",
    "off": 71598,
    "sff": "cord"
  },
  {
    "docID": "N220 Ruitenberg 2003",
    "et": "Vertebrae",
    "off": 26069,
    "sff": "vertebrae"
  },
  {
    "docID": "N220 Ruitenberg 2003",
    "et": "DorsalColumn",
    "off": 52459,
    "sff": "dorsal"
  },
  {
    "docID": "N220 Ruitenberg 2003",
    "et": "DorsalColumn",
    "off": 51916,
    "sff": "dorsal"
  },
  {
    "docID": "N220 Ruitenberg 2003",
    "et": "DorsalColumn",
    "off": 67082,
    "sff": "dorsal"
  },
  {
    "docID": "N220 Ruitenberg 2003",
    "et": "DorsalColumn",
    "off": 24202,
    "sff": "dorsal"
  },
  {
    "docID": "N220 Ruitenberg 2003",
    "et": "DorsalColumn",
    "off": 38458,
    "sff": "dorsal"
  },
  {
    "docID": "N220 Ruitenberg 2003",
    "et": "DorsalColumn",
    "off": 19545,
    "sff": "dorsal"
  },
  {
    "docID": "N220 Ruitenberg 2003",
    "et": "DorsalColumn",
    "off": 37433,
    "sff": "dorsal"
  },
  {
    "docID": "N220 Ruitenberg 2003",
    "et": "DorsalColumn",
    "off": 13812,
    "sff": "dorsal"
  },
  {
    "docID": "N220 Ruitenberg 2003",
    "et": "DorsalColumn",
    "off": 19779,
    "sff": "dorsal"
  },
  {
    "docID": "N220 Ruitenberg 2003",
    "et": "DorsalColumn",
    "off": 20002,
    "sff": "dorsal"
  },
  {
    "docID": "N220 Ruitenberg 2003",
    "et": "TailVeinLocation",
    "off": 46203,
    "sff": "tail"
  },
  {
    "docID": "N220 Ruitenberg 2003",
    "et": "LesionAdjacentTissue",
    "off": 51694,
    "sff": "lesion"
  },
  {
    "docID": "N220 Ruitenberg 2003",
    "et": "LesionAdjacentTissue",
    "off": 54638,
    "sff": "lesion"
  },
  {
    "docID": "N220 Ruitenberg 2003",
    "et": "LesionAdjacentTissue",
    "off": 72174,
    "sff": "lesion"
  },
  {
    "docID": "N220 Ruitenberg 2003",
    "et": "LesionAdjacentTissue",
    "off": 48106,
    "sff": "lesion"
  },
  {
    "docID": "N220 Ruitenberg 2003",
    "et": "LesionAdjacentTissue",
    "off": 26090,
    "sff": "lesion"
  },
  {
    "docID": "N220 Ruitenberg 2003",
    "et": "LesionAdjacentTissue",
    "off": 37738,
    "sff": "lesion"
  },
  {
    "docID": "N220 Ruitenberg 2003",
    "et": "LesionAdjacentTissue",
    "off": 31079,
    "sff": "lesion"
  },
  {
    "docID": "N220 Ruitenberg 2003",
    "et": "LesionAdjacentTissue",
    "off": 60132,
    "sff": "lesion"
  },
  {
    "docID": "N220 Ruitenberg 2003",
    "et": "LesionAdjacentTissue",
    "off": 22497,
    "sff": "lesion"
  },
  {
    "docID": "N220 Ruitenberg 2003",
    "et": "LesionAdjacentTissue",
    "off": 38755,
    "sff": "lesion"
  },
  {
    "docID": "N220 Ruitenberg 2003",
    "et": "LesionAdjacentTissue",
    "off": 29309,
    "sff": "lesion"
  },
  {
    "docID": "N220 Ruitenberg 2003",
    "et": "LesionAdjacentTissue",
    "off": 65790,
    "sff": "lesion"
  },
  {
    "docID": "N220 Ruitenberg 2003",
    "et": "LesionAdjacentTissue",
    "off": 69758,
    "sff": "lesion"
  },
  {
    "docID": "N220 Ruitenberg 2003",
    "et": "LesionAdjacentTissue",
    "off": 39036,
    "sff": "lesion"
  },
  {
    "docID": "N220 Ruitenberg 2003",
    "et": "LesionAdjacentTissue",
    "off": 44029,
    "sff": "lesion"
  },
  {
    "docID": "N220 Ruitenberg 2003",
    "et": "LesionAdjacentTissue",
    "off": 44541,
    "sff": "lesion"
  },
  {
    "docID": "N220 Ruitenberg 2003",
    "et": "LesionAdjacentTissue",
    "off": 17913,
    "sff": "lesion"
  },
  {
    "docID": "N220 Ruitenberg 2003",
    "et": "LesionAdjacentTissue",
    "off": 51066,
    "sff": "lesion"
  },
  {
    "docID": "N220 Ruitenberg 2003",
    "et": "LesionAdjacentTissue",
    "off": 30971,
    "sff": "lesion"
  },
  {
    "docID": "N220 Ruitenberg 2003",
    "et": "LesionAdjacentTissue",
    "off": 55033,
    "sff": "lesion"
  },
  {
    "docID": "N220 Ruitenberg 2003",
    "et": "LesionAdjacentTissue",
    "off": 63609,
    "sff": "lesion"
  },
  {
    "docID": "N220 Ruitenberg 2003",
    "et": "LesionAdjacentTissue",
    "off": 48012,
    "sff": "lesion"
  },
  {
    "docID": "N220 Ruitenberg 2003",
    "et": "LesionAdjacentTissue",
    "off": 31246,
    "sff": "lesion"
  },
  {
    "docID": "N220 Ruitenberg 2003",
    "et": "LesionAdjacentTissue",
    "off": 36878,
    "sff": "lesion"
  },
  {
    "docID": "N220 Ruitenberg 2003",
    "et": "LesionAdjacentTissue",
    "off": 63373,
    "sff": "lesion"
  },
  {
    "docID": "N220 Ruitenberg 2003",
    "et": "LesionAdjacentTissue",
    "off": 38538,
    "sff": "lesion"
  },
  {
    "docID": "N220 Ruitenberg 2003",
    "et": "LesionAdjacentTissue",
    "off": 20234,
    "sff": "lesion"
  },
  {
    "docID": "N220 Ruitenberg 2003",
    "et": "LesionAdjacentTissue",
    "off": 40201,
    "sff": "lesion"
  },
  {
    "docID": "N220 Ruitenberg 2003",
    "et": "LesionAdjacentTissue",
    "off": 51304,
    "sff": "adjacent"
  },
  {
    "docID": "N220 Ruitenberg 2003",
    "et": "LesionAdjacentTissue",
    "off": 54914,
    "sff": "lesion"
  },
  {
    "docID": "N220 Ruitenberg 2003",
    "et": "LesionAdjacentTissue",
    "off": 53379,
    "sff": "lesion"
  },
  {
    "docID": "N220 Ruitenberg 2003",
    "et": "LesionAdjacentTissue",
    "off": 137,
    "sff": "Lesion"
  },
  {
    "docID": "N220 Ruitenberg 2003",
    "et": "LesionAdjacentTissue",
    "off": 2333,
    "sff": "lesion"
  },
  {
    "docID": "N220 Ruitenberg 2003",
    "et": "LesionAdjacentTissue",
    "off": 56858,
    "sff": "lesion"
  },
  {
    "docID": "N220 Ruitenberg 2003",
    "et": "LesionAdjacentTissue",
    "off": 50966,
    "sff": "lesion"
  },
  {
    "docID": "N220 Ruitenberg 2003",
    "et": "LesionAdjacentTissue",
    "off": 37904,
    "sff": "lesion"
  },
  {
    "docID": "N220 Ruitenberg 2003",
    "et": "LesionAdjacentTissue",
    "off": 43792,
    "sff": "lesion"
  },
  {
    "docID": "N220 Ruitenberg 2003",
    "et": "LesionAdjacentTissue",
    "off": 54702,
    "sff": "lesion"
  },
  {
    "docID": "N220 Ruitenberg 2003",
    "et": "LesionAdjacentTissue",
    "off": 33838,
    "sff": "lesion"
  },
  {
    "docID": "N220 Ruitenberg 2003",
    "et": "LesionAdjacentTissue",
    "off": 44459,
    "sff": "lesion"
  },
  {
    "docID": "N220 Ruitenberg 2003",
    "et": "LesionAdjacentTissue",
    "off": 30891,
    "sff": "lesion"
  },
  {
    "docID": "N220 Ruitenberg 2003",
    "et": "LesionAdjacentTissue",
    "off": 22436,
    "sff": "lesion"
  },
  {
    "docID": "N220 Ruitenberg 2003",
    "et": "LesionAdjacentTissue",
    "off": 44708,
    "sff": "lesion"
  },
  {
    "docID": "N220 Ruitenberg 2003",
    "et": "LesionAdjacentTissue",
    "off": 38437,
    "sff": "lesion"
  },
  {
    "docID": "N220 Ruitenberg 2003",
    "et": "LesionAdjacentTissue",
    "off": 41378,
    "sff": "lesion"
  },
  {
    "docID": "N220 Ruitenberg 2003",
    "et": "LesionAdjacentTissue",
    "off": 70048,
    "sff": "lesion"
  },
  {
    "docID": "N220 Ruitenberg 2003",
    "et": "LesionAdjacentTissue",
    "off": 40353,
    "sff": "lesion"
  },
  {
    "docID": "N220 Ruitenberg 2003",
    "et": "LesionAdjacentTissue",
    "off": 64545,
    "sff": "lesion"
  },
  {
    "docID": "N220 Ruitenberg 2003",
    "et": "LesionAdjacentTissue",
    "off": 42045,
    "sff": "lesion"
  },
  {
    "docID": "N220 Ruitenberg 2003",
    "et": "LesionAdjacentTissue",
    "off": 64952,
    "sff": "lesion"
  },
  {
    "docID": "N220 Ruitenberg 2003",
    "et": "LesionAdjacentTissue",
    "off": 37166,
    "sff": "adjacent"
  },
  {
    "docID": "N220 Ruitenberg 2003",
    "et": "LesionAdjacentTissue",
    "off": 38199,
    "sff": "lesion"
  },
  {
    "docID": "N220 Ruitenberg 2003",
    "et": "LesionAdjacentTissue",
    "off": 20023,
    "sff": "lesion"
  },
  {
    "docID": "N220 Ruitenberg 2003",
    "et": "LesionAdjacentTissue",
    "off": 32177,
    "sff": "lesion"
  },
  {
    "docID": "N220 Ruitenberg 2003",
    "et": "LesionAdjacentTissue",
    "off": 40625,
    "sff": "lesion"
  },
  {
    "docID": "N220 Ruitenberg 2003",
    "et": "LesionAdjacentTissue",
    "off": 32974,
    "sff": "lesion"
  },
  {
    "docID": "N220 Ruitenberg 2003",
    "et": "LesionAdjacentTissue",
    "off": 40523,
    "sff": "lesion"
  },
  {
    "docID": "N220 Ruitenberg 2003",
    "et": "LesionAdjacentTissue",
    "off": 44107,
    "sff": "lesion"
  },
  {
    "docID": "N220 Ruitenberg 2003",
    "et": "LesionAdjacentTissue",
    "off": 63816,
    "sff": "lesion"
  },
  {
    "docID": "N220 Ruitenberg 2003",
    "et": "LesionAdjacentTissue",
    "off": 1610,
    "sff": "lesion"
  },
  {
    "docID": "N220 Ruitenberg 2003",
    "et": "LesionAdjacentTissue",
    "off": 38090,
    "sff": "lesion"
  },
  {
    "docID": "N220 Ruitenberg 2003",
    "et": "LesionAdjacentTissue",
    "off": 32069,
    "sff": "lesion"
  },
  {
    "docID": "N220 Ruitenberg 2003",
    "et": "LesionAdjacentTissue",
    "off": 48197,
    "sff": "lesion"
  },
  {
    "docID": "N220 Ruitenberg 2003",
    "et": "LesionAdjacentTissue",
    "off": 62917,
    "sff": "Lesion"
  },
  {
    "docID": "N220 Ruitenberg 2003",
    "et": "LesionAdjacentTissue",
    "off": 62016,
    "sff": "lesion"
  },
  {
    "docID": "N220 Ruitenberg 2003",
    "et": "LesionAdjacentTissue",
    "off": 63168,
    "sff": "lesion"
  },
  {
    "docID": "N220 Ruitenberg 2003",
    "et": "LesionAdjacentTissue",
    "off": 39902,
    "sff": "lesion"
  },
  {
    "docID": "N220 Ruitenberg 2003",
    "et": "LesionAdjacentTissue",
    "off": 56543,
    "sff": "lesion"
  },
  {
    "docID": "N220 Ruitenberg 2003",
    "et": "LesionAdjacentTissue",
    "off": 37598,
    "sff": "lesion"
  },
  {
    "docID": "N220 Ruitenberg 2003",
    "et": "LesionAdjacentTissue",
    "off": 32348,
    "sff": "Lesion"
  },
  {
    "docID": "N220 Ruitenberg 2003",
    "et": "LesionAdjacentTissue",
    "off": 53849,
    "sff": "lesion"
  },
  {
    "docID": "N220 Ruitenberg 2003",
    "et": "LesionAdjacentTissue",
    "off": 52438,
    "sff": "lesion"
  },
  {
    "docID": "N220 Ruitenberg 2003",
    "et": "LesionAdjacentTissue",
    "off": 42711,
    "sff": "lesion"
  },
  {
    "docID": "N220 Ruitenberg 2003",
    "et": "LesionAdjacentTissue",
    "off": 42967,
    "sff": "lesion"
  },
  {
    "docID": "N220 Ruitenberg 2003",
    "et": "LesionAdjacentTissue",
    "off": 44628,
    "sff": "lesion"
  },
  {
    "docID": "N220 Ruitenberg 2003",
    "et": "LesionAdjacentTissue",
    "off": 62291,
    "sff": "lesion"
  },
  {
    "docID": "N220 Ruitenberg 2003",
    "et": "LesionAdjacentTissue",
    "off": 33491,
    "sff": "lesion"
  },
  {
    "docID": "N220 Ruitenberg 2003",
    "et": "Cervical",
    "off": 27641,
    "sff": "cervical"
  },
  {
    "docID": "N220 Ruitenberg 2003",
    "et": "Cervical",
    "off": 1095,
    "sff": "cervical"
  },
  {
    "docID": "N220 Ruitenberg 2003",
    "et": "Cervical",
    "off": 17814,
    "sff": "cervical"
  },
  {
    "docID": "N220 Ruitenberg 2003",
    "et": "Cervical",
    "off": 19170,
    "sff": "cervical"
  },
  {
    "docID": "N220 Ruitenberg 2003",
    "et": "Cervical",
    "off": 5937,
    "sff": "cervical"
  },
  {
    "docID": "N220 Ruitenberg 2003",
    "et": "Cervical",
    "off": 39782,
    "sff": "cervical"
  },
  {
    "docID": "N220 Ruitenberg 2003",
    "et": "Cervical",
    "off": 19578,
    "sff": "cervical"
  },
  {
    "docID": "N220 Ruitenberg 2003",
    "et": "Cervical",
    "off": 27192,
    "sff": "cervical"
  },
  {
    "docID": "N220 Ruitenberg 2003",
    "et": "Cervical",
    "off": 57384,
    "sff": "cervical"
  },
  {
    "docID": "N220 Ruitenberg 2003",
    "et": "CentralNervousSystem",
    "off": 53928,
    "sff": "central"
  },
  {
    "docID": "N220 Ruitenberg 2003",
    "et": "CentralNervousSystem",
    "off": 41358,
    "sff": "central"
  },
  {
    "docID": "N220 Ruitenberg 2003",
    "et": "SpinalGrayMatter",
    "off": 44476,
    "sff": "Gray matter"
  },
  {
    "docID": "N220 Ruitenberg 2003",
    "et": "SpinalGrayMatter",
    "off": 20122,
    "sff": "gray matter"
  },
  {
    "docID": "N220 Ruitenberg 2003",
    "et": "SpinalGrayMatter",
    "off": 42347,
    "sff": "gray"
  },
  {
    "docID": "N220 Ruitenberg 2003",
    "et": "SpinalGrayMatter",
    "off": 42297,
    "sff": "gray matter"
  },
  {
    "docID": "N220 Ruitenberg 2003",
    "et": "SpinalGrayMatter",
    "off": 42316,
    "sff": "gray"
  },
  {
    "docID": "N220 Ruitenberg 2003",
    "et": "C2",
    "off": 27658,
    "sff": "C2"
  },
  {
    "docID": "N220 Ruitenberg 2003",
    "et": "C3",
    "off": 26079,
    "sff": "C3"
  },
  {
    "docID": "N220 Ruitenberg 2003",
    "et": "C5",
    "off": 25577,
    "sff": "C5"
  },
  {
    "docID": "N220 Ruitenberg 2003",
    "et": "C6",
    "off": 57402,
    "sff": "C6"
  },
  {
    "docID": "N220 Ruitenberg 2003",
    "et": "C6",
    "off": 27661,
    "sff": "C6"
  },
  {
    "docID": "N220 Ruitenberg 2003",
    "et": "CorticospinalTract",
    "off": 3357,
    "sff": "corticospinal tract"
  },
  {
    "docID": "N220 Ruitenberg 2003",
    "et": "SpinalCentralPart",
    "off": 41358,
    "sff": "central"
  },
  {
    "docID": "N220 Ruitenberg 2003",
    "et": "SpinalCentralPart",
    "off": 53928,
    "sff": "central"
  },
  {
    "docID": "N220 Ruitenberg 2003",
    "et": "InjectionDelivery",
    "off": 20295,
    "sff": "injection"
  },
  {
    "docID": "N220 Ruitenberg 2003",
    "et": "InjectionDelivery",
    "off": 20456,
    "sff": "injection"
  },
  {
    "docID": "N220 Ruitenberg 2003",
    "et": "InjectionDelivery",
    "off": 19341,
    "sff": "injection"
  },
  {
    "docID": "N220 Ruitenberg 2003",
    "et": "InjectionDelivery",
    "off": 9155,
    "sff": "injection"
  },
  {
    "docID": "N220 Ruitenberg 2003",
    "et": "InjectionDelivery",
    "off": 42066,
    "sff": "injection"
  },
  {
    "docID": "N220 Ruitenberg 2003",
    "et": "InjectionDelivery",
    "off": 24482,
    "sff": "injection"
  },
  {
    "docID": "N220 Ruitenberg 2003",
    "et": "SpinalLesionSite",
    "off": 50966,
    "sff": "lesion"
  },
  {
    "docID": "N220 Ruitenberg 2003",
    "et": "SpinalLesionSite",
    "off": 56858,
    "sff": "lesion"
  },
  {
    "docID": "N220 Ruitenberg 2003",
    "et": "SpinalLesionSite",
    "off": 37904,
    "sff": "lesion"
  },
  {
    "docID": "N220 Ruitenberg 2003",
    "et": "SpinalLesionSite",
    "off": 43792,
    "sff": "lesion"
  },
  {
    "docID": "N220 Ruitenberg 2003",
    "et": "SpinalLesionSite",
    "off": 32348,
    "sff": "Lesion"
  },
  {
    "docID": "N220 Ruitenberg 2003",
    "et": "SpinalLesionSite",
    "off": 36878,
    "sff": "lesion"
  },
  {
    "docID": "N220 Ruitenberg 2003",
    "et": "SpinalLesionSite",
    "off": 63373,
    "sff": "lesion"
  },
  {
    "docID": "N220 Ruitenberg 2003",
    "et": "SpinalLesionSite",
    "off": 30891,
    "sff": "lesion site"
  },
  {
    "docID": "N220 Ruitenberg 2003",
    "et": "SpinalLesionSite",
    "off": 38437,
    "sff": "lesion"
  },
  {
    "docID": "N220 Ruitenberg 2003",
    "et": "SpinalLesionSite",
    "off": 44459,
    "sff": "lesion"
  },
  {
    "docID": "N220 Ruitenberg 2003",
    "et": "SpinalLesionSite",
    "off": 64545,
    "sff": "lesion"
  },
  {
    "docID": "N220 Ruitenberg 2003",
    "et": "SpinalLesionSite",
    "off": 2333,
    "sff": "lesion"
  },
  {
    "docID": "N220 Ruitenberg 2003",
    "et": "SpinalLesionSite",
    "off": 22436,
    "sff": "lesion"
  },
  {
    "docID": "N220 Ruitenberg 2003",
    "et": "SpinalLesionSite",
    "off": 44708,
    "sff": "lesion"
  },
  {
    "docID": "N220 Ruitenberg 2003",
    "et": "SpinalLesionSite",
    "off": 41378,
    "sff": "lesion"
  },
  {
    "docID": "N220 Ruitenberg 2003",
    "et": "SpinalLesionSite",
    "off": 40353,
    "sff": "lesion"
  },
  {
    "docID": "N220 Ruitenberg 2003",
    "et": "SpinalLesionSite",
    "off": 70048,
    "sff": "lesion"
  },
  {
    "docID": "N220 Ruitenberg 2003",
    "et": "SpinalLesionSite",
    "off": 20023,
    "sff": "lesion"
  },
  {
    "docID": "N220 Ruitenberg 2003",
    "et": "SpinalLesionSite",
    "off": 38199,
    "sff": "lesion"
  },
  {
    "docID": "N220 Ruitenberg 2003",
    "et": "SpinalLesionSite",
    "off": 64952,
    "sff": "lesion"
  },
  {
    "docID": "N220 Ruitenberg 2003",
    "et": "SpinalLesionSite",
    "off": 31246,
    "sff": "lesion site"
  },
  {
    "docID": "N220 Ruitenberg 2003",
    "et": "SpinalLesionSite",
    "off": 33838,
    "sff": "lesion"
  },
  {
    "docID": "N220 Ruitenberg 2003",
    "et": "SpinalLesionSite",
    "off": 54702,
    "sff": "lesion"
  },
  {
    "docID": "N220 Ruitenberg 2003",
    "et": "SpinalLesionSite",
    "off": 32177,
    "sff": "lesion"
  },
  {
    "docID": "N220 Ruitenberg 2003",
    "et": "SpinalLesionSite",
    "off": 40625,
    "sff": "lesion"
  },
  {
    "docID": "N220 Ruitenberg 2003",
    "et": "SpinalLesionSite",
    "off": 32069,
    "sff": "lesion"
  },
  {
    "docID": "N220 Ruitenberg 2003",
    "et": "SpinalLesionSite",
    "off": 48197,
    "sff": "lesion"
  },
  {
    "docID": "N220 Ruitenberg 2003",
    "et": "SpinalLesionSite",
    "off": 44107,
    "sff": "lesion"
  },
  {
    "docID": "N220 Ruitenberg 2003",
    "et": "SpinalLesionSite",
    "off": 1610,
    "sff": "lesion"
  },
  {
    "docID": "N220 Ruitenberg 2003",
    "et": "SpinalLesionSite",
    "off": 38090,
    "sff": "lesion"
  },
  {
    "docID": "N220 Ruitenberg 2003",
    "et": "SpinalLesionSite",
    "off": 63816,
    "sff": "lesion"
  },
  {
    "docID": "N220 Ruitenberg 2003",
    "et": "SpinalLesionSite",
    "off": 42045,
    "sff": "lesion"
  },
  {
    "docID": "N220 Ruitenberg 2003",
    "et": "SpinalLesionSite",
    "off": 62917,
    "sff": "Lesion"
  },
  {
    "docID": "N220 Ruitenberg 2003",
    "et": "SpinalLesionSite",
    "off": 62016,
    "sff": "lesion"
  },
  {
    "docID": "N220 Ruitenberg 2003",
    "et": "SpinalLesionSite",
    "off": 63168,
    "sff": "lesion"
  },
  {
    "docID": "N220 Ruitenberg 2003",
    "et": "SpinalLesionSite",
    "off": 42711,
    "sff": "lesion"
  },
  {
    "docID": "N220 Ruitenberg 2003",
    "et": "SpinalLesionSite",
    "off": 42967,
    "sff": "lesion"
  },
  {
    "docID": "N220 Ruitenberg 2003",
    "et": "SpinalLesionSite",
    "off": 52438,
    "sff": "lesion"
  },
  {
    "docID": "N220 Ruitenberg 2003",
    "et": "SpinalLesionSite",
    "off": 31079,
    "sff": "lesion site"
  },
  {
    "docID": "N220 Ruitenberg 2003",
    "et": "SpinalLesionSite",
    "off": 32974,
    "sff": "lesion"
  },
  {
    "docID": "N220 Ruitenberg 2003",
    "et": "SpinalLesionSite",
    "off": 62291,
    "sff": "lesion"
  },
  {
    "docID": "N220 Ruitenberg 2003",
    "et": "SpinalLesionSite",
    "off": 44628,
    "sff": "lesion"
  },
  {
    "docID": "N220 Ruitenberg 2003",
    "et": "SpinalLesionSite",
    "off": 33491,
    "sff": "lesion"
  },
  {
    "docID": "N220 Ruitenberg 2003",
    "et": "SpinalLesionSite",
    "off": 26090,
    "sff": "lesion"
  },
  {
    "docID": "N220 Ruitenberg 2003",
    "et": "SpinalLesionSite",
    "off": 37738,
    "sff": "lesion"
  },
  {
    "docID": "N220 Ruitenberg 2003",
    "et": "SpinalLesionSite",
    "off": 48106,
    "sff": "lesion"
  },
  {
    "docID": "N220 Ruitenberg 2003",
    "et": "SpinalLesionSite",
    "off": 56543,
    "sff": "lesion"
  },
  {
    "docID": "N220 Ruitenberg 2003",
    "et": "SpinalLesionSite",
    "off": 37598,
    "sff": "lesion"
  },
  {
    "docID": "N220 Ruitenberg 2003",
    "et": "SpinalLesionSite",
    "off": 39902,
    "sff": "lesion"
  },
  {
    "docID": "N220 Ruitenberg 2003",
    "et": "SpinalLesionSite",
    "off": 60132,
    "sff": "lesion"
  },
  {
    "docID": "N220 Ruitenberg 2003",
    "et": "SpinalLesionSite",
    "off": 38755,
    "sff": "lesion"
  },
  {
    "docID": "N220 Ruitenberg 2003",
    "et": "SpinalLesionSite",
    "off": 22497,
    "sff": "lesion"
  },
  {
    "docID": "N220 Ruitenberg 2003",
    "et": "SpinalLesionSite",
    "off": 63609,
    "sff": "lesion"
  },
  {
    "docID": "N220 Ruitenberg 2003",
    "et": "SpinalLesionSite",
    "off": 39036,
    "sff": "lesion"
  },
  {
    "docID": "N220 Ruitenberg 2003",
    "et": "SpinalLesionSite",
    "off": 30971,
    "sff": "lesion"
  },
  {
    "docID": "N220 Ruitenberg 2003",
    "et": "SpinalLesionSite",
    "off": 51066,
    "sff": "lesion"
  },
  {
    "docID": "N220 Ruitenberg 2003",
    "et": "SpinalLesionSite",
    "off": 17913,
    "sff": "lesion"
  },
  {
    "docID": "N220 Ruitenberg 2003",
    "et": "SpinalLesionSite",
    "off": 55033,
    "sff": "lesion"
  },
  {
    "docID": "N220 Ruitenberg 2003",
    "et": "SpinalLesionSite",
    "off": 51694,
    "sff": "lesion"
  },
  {
    "docID": "N220 Ruitenberg 2003",
    "et": "SpinalLesionSite",
    "off": 54638,
    "sff": "lesion"
  },
  {
    "docID": "N220 Ruitenberg 2003",
    "et": "SpinalLesionSite",
    "off": 72174,
    "sff": "lesion"
  },
  {
    "docID": "N220 Ruitenberg 2003",
    "et": "SpinalLesionSite",
    "off": 40523,
    "sff": "lesion site"
  },
  {
    "docID": "N220 Ruitenberg 2003",
    "et": "SpinalLesionSite",
    "off": 53849,
    "sff": "lesion site"
  },
  {
    "docID": "N220 Ruitenberg 2003",
    "et": "SpinalLesionSite",
    "off": 48012,
    "sff": "lesion"
  },
  {
    "docID": "N220 Ruitenberg 2003",
    "et": "SpinalLesionSite",
    "off": 20234,
    "sff": "lesion"
  },
  {
    "docID": "N220 Ruitenberg 2003",
    "et": "SpinalLesionSite",
    "off": 38538,
    "sff": "lesion"
  },
  {
    "docID": "N220 Ruitenberg 2003",
    "et": "SpinalLesionSite",
    "off": 40201,
    "sff": "lesion"
  },
  {
    "docID": "N220 Ruitenberg 2003",
    "et": "SpinalLesionSite",
    "off": 137,
    "sff": "Lesion"
  },
  {
    "docID": "N220 Ruitenberg 2003",
    "et": "SpinalLesionSite",
    "off": 29309,
    "sff": "lesion"
  },
  {
    "docID": "N220 Ruitenberg 2003",
    "et": "SpinalLesionSite",
    "off": 44029,
    "sff": "lesion"
  },
  {
    "docID": "N220 Ruitenberg 2003",
    "et": "SpinalLesionSite",
    "off": 44541,
    "sff": "lesion"
  },
  {
    "docID": "N220 Ruitenberg 2003",
    "et": "SpinalLesionSite",
    "off": 53379,
    "sff": "lesion"
  },
  {
    "docID": "N220 Ruitenberg 2003",
    "et": "SpinalLesionSite",
    "off": 65790,
    "sff": "lesion"
  },
  {
    "docID": "N220 Ruitenberg 2003",
    "et": "SpinalLesionSite",
    "off": 69758,
    "sff": "lesion"
  },
  {
    "docID": "N220 Ruitenberg 2003",
    "et": "SpinalLesionSite",
    "off": 54914,
    "sff": "lesion"
  },
  {
    "docID": "N220 Ruitenberg 2003",
    "et": "RubrospinalTract",
    "off": 25344,
    "sff": "Rubrospinal"
  },
  {
    "docID": "N220 Ruitenberg 2003",
    "et": "RubrospinalTract",
    "off": 26287,
    "sff": "rubrospinal"
  },
  {
    "docID": "N220 Ruitenberg 2003",
    "et": "RubrospinalTract",
    "off": 57919,
    "sff": "rubrospinal"
  },
  {
    "docID": "N220 Ruitenberg 2003",
    "et": "RubrospinalTract",
    "off": 55152,
    "sff": "rubrospinal"
  },
  {
    "docID": "N220 Ruitenberg 2003",
    "et": "RubrospinalTract",
    "off": 18807,
    "sff": "Rubrospinal"
  },
  {
    "docID": "N220 Ruitenberg 2003",
    "et": "RubrospinalTract",
    "off": 24743,
    "sff": "rubrospinal"
  },
  {
    "docID": "N220 Ruitenberg 2003",
    "et": "RubrospinalTract",
    "off": 3387,
    "sff": "rubrospinal tract"
  },
  {
    "docID": "N220 Ruitenberg 2003",
    "et": "RubrospinalTract",
    "off": 44984,
    "sff": "rubrospinal"
  },
  {
    "docID": "N220 Ruitenberg 2003",
    "et": "RubrospinalTract",
    "off": 18643,
    "sff": "Rubrospinal"
  },
  {
    "docID": "N220 Ruitenberg 2003",
    "et": "RubrospinalTract",
    "off": 105,
    "sff": "Rubrospinal Tract"
  },
  {
    "docID": "N220 Ruitenberg 2003",
    "et": "RubrospinalTract",
    "off": 1944,
    "sff": "rubrospinal tract"
  },
  {
    "docID": "N220 Ruitenberg 2003",
    "et": "RubrospinalTract",
    "off": 70531,
    "sff": "rubrospinal"
  }
]
