[
  {
    "docID": "N221 Takami 2002",
    "et": "T7",
    "off": 14833,
    "sff": "T7"
  },
  {
    "docID": "N221 Takami 2002",
    "et": "T7",
    "off": 14287,
    "sff": "T7"
  },
  {
    "docID": "N221 Takami 2002",
    "et": "T7",
    "off": 15215,
    "sff": "T7"
  },
  {
    "docID": "N221 Takami 2002",
    "et": "T7",
    "off": 12149,
    "sff": "T7"
  },
  {
    "docID": "N221 Takami 2002",
    "et": "T7",
    "off": 15891,
    "sff": "T7"
  },
  {
    "docID": "N221 Takami 2002",
    "et": "T7",
    "off": 15704,
    "sff": "T7"
  },
  {
    "docID": "N221 Takami 2002",
    "et": "T8",
    "off": 35314,
    "sff": "T8"
  },
  {
    "docID": "N221 Takami 2002",
    "et": "T8",
    "off": 23875,
    "sff": "T8"
  },
  {
    "docID": "N221 Takami 2002",
    "et": "T8",
    "off": 35418,
    "sff": "T8"
  },
  {
    "docID": "N221 Takami 2002",
    "et": "T8",
    "off": 9514,
    "sff": "T8"
  },
  {
    "docID": "N221 Takami 2002",
    "et": "T9",
    "off": 19510,
    "sff": "T9"
  },
  {
    "docID": "N221 Takami 2002",
    "et": "T9",
    "off": 15701,
    "sff": "T9"
  },
  {
    "docID": "N221 Takami 2002",
    "et": "T9",
    "off": 9443,
    "sff": "T9"
  },
  {
    "docID": "N221 Takami 2002",
    "et": "T9",
    "off": 26841,
    "sff": "T9"
  },
  {
    "docID": "N221 Takami 2002",
    "et": "T9",
    "off": 26952,
    "sff": "T9"
  },
  {
    "docID": "N221 Takami 2002",
    "et": "T9",
    "off": 653,
    "sff": "T9"
  },
  {
    "docID": "N221 Takami 2002",
    "et": "T9",
    "off": 22238,
    "sff": "T9"
  },
  {
    "docID": "N221 Takami 2002",
    "et": "T9",
    "off": 20157,
    "sff": "T9"
  },
  {
    "docID": "N221 Takami 2002",
    "et": "T11",
    "off": 11522,
    "sff": "T11"
  },
  {
    "docID": "N221 Takami 2002",
    "et": "T10",
    "off": 11514,
    "sff": "T10"
  },
  {
    "docID": "N221 Takami 2002",
    "et": "Thoracic",
    "off": 3534,
    "sff": "thoracic"
  },
  {
    "docID": "N221 Takami 2002",
    "et": "Thoracic",
    "off": 38793,
    "sff": "thoracic"
  },
  {
    "docID": "N221 Takami 2002",
    "et": "Thoracic",
    "off": 137,
    "sff": "Thoracic"
  },
  {
    "docID": "N221 Takami 2002",
    "et": "Thoracic",
    "off": 12154,
    "sff": "thoracic"
  },
  {
    "docID": "N221 Takami 2002",
    "et": "Thoracic",
    "off": 9433,
    "sff": "thoracic"
  },
  {
    "docID": "N221 Takami 2002",
    "et": "Thoracic",
    "off": 19513,
    "sff": "thoracic"
  },
  {
    "docID": "N221 Takami 2002",
    "et": "Thoracic",
    "off": 643,
    "sff": "thoracic"
  },
  {
    "docID": "N221 Takami 2002",
    "et": "Thoracic",
    "off": 36259,
    "sff": "thoracic"
  },
  {
    "docID": "N221 Takami 2002",
    "et": "Thoracic",
    "off": 2160,
    "sff": "thoracic"
  },
  {
    "docID": "N221 Takami 2002",
    "et": "Thoracic",
    "off": 5202,
    "sff": "thoracic"
  },
  {
    "docID": "N221 Takami 2002",
    "et": "AscendingFiberTract",
    "off": 4334,
    "sff": "ascending"
  },
  {
    "docID": "N221 Takami 2002",
    "et": "AscendingFiberTract",
    "off": 6412,
    "sff": "fiber"
  },
  {
    "docID": "N221 Takami 2002",
    "et": "AscendingFiberTract",
    "off": 34147,
    "sff": "ascending"
  },
  {
    "docID": "N221 Takami 2002",
    "et": "AscendingFiberTract",
    "off": 6242,
    "sff": "fiber"
  },
  {
    "docID": "N221 Takami 2002",
    "et": "SpinalWhiteMatter",
    "off": 34317,
    "sff": "white matter"
  },
  {
    "docID": "N221 Takami 2002",
    "et": "SpinalWhiteMatter",
    "off": 21021,
    "sff": "white"
  },
  {
    "docID": "N221 Takami 2002",
    "et": "SpinalWhiteMatter",
    "off": 40371,
    "sff": "white matter"
  },
  {
    "docID": "N221 Takami 2002",
    "et": "SpinalWhiteMatter",
    "off": 34578,
    "sff": "white matter"
  },
  {
    "docID": "N221 Takami 2002",
    "et": "SpinalWhiteMatter",
    "off": 25381,
    "sff": "white matter"
  },
  {
    "docID": "N221 Takami 2002",
    "et": "SpinalWhiteMatter",
    "off": 23495,
    "sff": "white matter"
  },
  {
    "docID": "N221 Takami 2002",
    "et": "SpinalWhiteMatter",
    "off": 34759,
    "sff": "white matter"
  },
  {
    "docID": "N221 Takami 2002",
    "et": "SpinalWhiteMatter",
    "off": 21047,
    "sff": "white"
  },
  {
    "docID": "N221 Takami 2002",
    "et": "SpinalWhiteMatter",
    "off": 37469,
    "sff": "white matter"
  },
  {
    "docID": "N221 Takami 2002",
    "et": "SpinalWhiteMatter",
    "off": 25250,
    "sff": "white matter"
  },
  {
    "docID": "N221 Takami 2002",
    "et": "SpinalWhiteMatter",
    "off": 19749,
    "sff": "white"
  },
  {
    "docID": "N221 Takami 2002",
    "et": "SpinalWhiteMatter",
    "off": 28852,
    "sff": "white matter"
  },
  {
    "docID": "N221 Takami 2002",
    "et": "SpinalWhiteMatter",
    "off": 19992,
    "sff": "white matter"
  },
  {
    "docID": "N221 Takami 2002",
    "et": "SpinalFiberTract",
    "off": 6412,
    "sff": "fiber"
  },
  {
    "docID": "N221 Takami 2002",
    "et": "SpinalFiberTract",
    "off": 6242,
    "sff": "fiber"
  },
  {
    "docID": "N221 Takami 2002",
    "et": "SpinalDorsalHalf",
    "off": 20996,
    "sff": "Dorsal"
  },
  {
    "docID": "N221 Takami 2002",
    "et": "SpinalDorsalHalf",
    "off": 9495,
    "sff": "dorsal"
  },
  {
    "docID": "N221 Takami 2002",
    "et": "SpinalDorsalHalf",
    "off": 28958,
    "sff": "dorsal"
  },
  {
    "docID": "N221 Takami 2002",
    "et": "SpinalDorsalHalf",
    "off": 29099,
    "sff": "dorsal"
  },
  {
    "docID": "N221 Takami 2002",
    "et": "SpinalVentralHalf",
    "off": 40069,
    "sff": "ventral"
  },
  {
    "docID": "N221 Takami 2002",
    "et": "SpinalVentralHalf",
    "off": 21039,
    "sff": "ventral"
  },
  {
    "docID": "N221 Takami 2002",
    "et": "SpinalCord",
    "off": 19529,
    "sff": "cord"
  },
  {
    "docID": "N221 Takami 2002",
    "et": "SpinalCord",
    "off": 23880,
    "sff": "cord"
  },
  {
    "docID": "N221 Takami 2002",
    "et": "SpinalCord",
    "off": 9539,
    "sff": "cord"
  },
  {
    "docID": "N221 Takami 2002",
    "et": "SpinalCord",
    "off": 153,
    "sff": "Cord"
  },
  {
    "docID": "N221 Takami 2002",
    "et": "SpinalCord",
    "off": 20160,
    "sff": "cord"
  },
  {
    "docID": "N221 Takami 2002",
    "et": "SpinalCord",
    "off": 4798,
    "sff": "cord"
  },
  {
    "docID": "N221 Takami 2002",
    "et": "SpinalCord",
    "off": 41947,
    "sff": "cord"
  },
  {
    "docID": "N221 Takami 2002",
    "et": "SpinalCord",
    "off": 42075,
    "sff": "cord"
  },
  {
    "docID": "N221 Takami 2002",
    "et": "SpinalCord",
    "off": 47451,
    "sff": "cord"
  },
  {
    "docID": "N221 Takami 2002",
    "et": "SpinalCord",
    "off": 16730,
    "sff": "cord"
  },
  {
    "docID": "N221 Takami 2002",
    "et": "SpinalCord",
    "off": 33112,
    "sff": "cord"
  },
  {
    "docID": "N221 Takami 2002",
    "et": "SpinalCord",
    "off": 17111,
    "sff": "cord"
  },
  {
    "docID": "N221 Takami 2002",
    "et": "SpinalCord",
    "off": 32982,
    "sff": "cord"
  },
  {
    "docID": "N221 Takami 2002",
    "et": "SpinalCord",
    "off": 14292,
    "sff": "cord"
  },
  {
    "docID": "N221 Takami 2002",
    "et": "SpinalCord",
    "off": 38612,
    "sff": "cord"
  },
  {
    "docID": "N221 Takami 2002",
    "et": "SpinalCord",
    "off": 29136,
    "sff": "cord"
  },
  {
    "docID": "N221 Takami 2002",
    "et": "SpinalCord",
    "off": 41676,
    "sff": "cord"
  },
  {
    "docID": "N221 Takami 2002",
    "et": "SpinalCord",
    "off": 21353,
    "sff": "cord"
  },
  {
    "docID": "N221 Takami 2002",
    "et": "SpinalCord",
    "off": 24039,
    "sff": "cord"
  },
  {
    "docID": "N221 Takami 2002",
    "et": "SpinalCord",
    "off": 16229,
    "sff": "cord"
  },
  {
    "docID": "N221 Takami 2002",
    "et": "SpinalCord",
    "off": 20197,
    "sff": "cord"
  },
  {
    "docID": "N221 Takami 2002",
    "et": "SpinalCord",
    "off": 5218,
    "sff": "cord"
  },
  {
    "docID": "N221 Takami 2002",
    "et": "SpinalCord",
    "off": 22241,
    "sff": "cord"
  },
  {
    "docID": "N221 Takami 2002",
    "et": "SpinalCord",
    "off": 3550,
    "sff": "cord"
  },
  {
    "docID": "N221 Takami 2002",
    "et": "SpinalCord",
    "off": 47708,
    "sff": "cord"
  },
  {
    "docID": "N221 Takami 2002",
    "et": "SpinalCord",
    "off": 4475,
    "sff": "cord"
  },
  {
    "docID": "N221 Takami 2002",
    "et": "SpinalCord",
    "off": 12666,
    "sff": "cord"
  },
  {
    "docID": "N221 Takami 2002",
    "et": "SpinalCord",
    "off": 12407,
    "sff": "cord"
  },
  {
    "docID": "N221 Takami 2002",
    "et": "SpinalCord",
    "off": 35319,
    "sff": "cord"
  },
  {
    "docID": "N221 Takami 2002",
    "et": "SpinalCord",
    "off": 15350,
    "sff": "cord"
  },
  {
    "docID": "N221 Takami 2002",
    "et": "SpinalCord",
    "off": 33526,
    "sff": "cord"
  },
  {
    "docID": "N221 Takami 2002",
    "et": "SpinalCord",
    "off": 47605,
    "sff": "cord"
  },
  {
    "docID": "N221 Takami 2002",
    "et": "SpinalCord",
    "off": 15220,
    "sff": "cord"
  },
  {
    "docID": "N221 Takami 2002",
    "et": "SpinalCord",
    "off": 19825,
    "sff": "cord"
  },
  {
    "docID": "N221 Takami 2002",
    "et": "SpinalCord",
    "off": 1007,
    "sff": "cord"
  },
  {
    "docID": "N221 Takami 2002",
    "et": "SpinalCord",
    "off": 35439,
    "sff": "cord"
  },
  {
    "docID": "N221 Takami 2002",
    "et": "SpinalCord",
    "off": 9454,
    "sff": "cord"
  },
  {
    "docID": "N221 Takami 2002",
    "et": "SpinalCord",
    "off": 27374,
    "sff": "cord"
  },
  {
    "docID": "N221 Takami 2002",
    "et": "SpinalCord",
    "off": 43275,
    "sff": "cord"
  },
  {
    "docID": "N221 Takami 2002",
    "et": "SpinalCord",
    "off": 3332,
    "sff": "cord"
  },
  {
    "docID": "N221 Takami 2002",
    "et": "SpinalCord",
    "off": 2176,
    "sff": "cord"
  },
  {
    "docID": "N221 Takami 2002",
    "et": "SpinalCord",
    "off": 27648,
    "sff": "cord"
  },
  {
    "docID": "N221 Takami 2002",
    "et": "SpinalCord",
    "off": 4378,
    "sff": "cord"
  },
  {
    "docID": "N221 Takami 2002",
    "et": "SpinalCord",
    "off": 42266,
    "sff": "cord"
  },
  {
    "docID": "N221 Takami 2002",
    "et": "SpinalCord",
    "off": 2713,
    "sff": "cord"
  },
  {
    "docID": "N221 Takami 2002",
    "et": "SpinalCord",
    "off": 26905,
    "sff": "cord"
  },
  {
    "docID": "N221 Takami 2002",
    "et": "SpinalCord",
    "off": 38809,
    "sff": "cord"
  },
  {
    "docID": "N221 Takami 2002",
    "et": "SpinalCord",
    "off": 664,
    "sff": "cord"
  },
  {
    "docID": "N221 Takami 2002",
    "et": "SpinalCord",
    "off": 47124,
    "sff": "cord"
  },
  {
    "docID": "N221 Takami 2002",
    "et": "SpinalCord",
    "off": 21264,
    "sff": "cord"
  },
  {
    "docID": "N221 Takami 2002",
    "et": "SpinalCord",
    "off": 26665,
    "sff": "cord"
  },
  {
    "docID": "N221 Takami 2002",
    "et": "SpinalCord",
    "off": 34979,
    "sff": "cord"
  },
  {
    "docID": "N221 Takami 2002",
    "et": "SpinalCord",
    "off": 12321,
    "sff": "cord"
  },
  {
    "docID": "N221 Takami 2002",
    "et": "SpinalCord",
    "off": 14620,
    "sff": "cord"
  },
  {
    "docID": "N221 Takami 2002",
    "et": "SpinalCord",
    "off": 4282,
    "sff": "cord"
  },
  {
    "docID": "N221 Takami 2002",
    "et": "SpinalCord",
    "off": 33208,
    "sff": "cord"
  },
  {
    "docID": "N221 Takami 2002",
    "et": "SpinalCord",
    "off": 22581,
    "sff": "cord"
  },
  {
    "docID": "N221 Takami 2002",
    "et": "SpinalCord",
    "off": 36275,
    "sff": "cord"
  },
  {
    "docID": "N221 Takami 2002",
    "et": "SpinalCord",
    "off": 2220,
    "sff": "cord"
  },
  {
    "docID": "N221 Takami 2002",
    "et": "DorsalColumn",
    "off": 28958,
    "sff": "dorsal"
  },
  {
    "docID": "N221 Takami 2002",
    "et": "DorsalColumn",
    "off": 9495,
    "sff": "dorsal"
  },
  {
    "docID": "N221 Takami 2002",
    "et": "DorsalColumn",
    "off": 20996,
    "sff": "Dorsal"
  },
  {
    "docID": "N221 Takami 2002",
    "et": "DorsalColumn",
    "off": 29099,
    "sff": "dorsal"
  },
  {
    "docID": "N221 Takami 2002",
    "et": "LesionAdjacentTissue",
    "off": 28063,
    "sff": "lesion"
  },
  {
    "docID": "N221 Takami 2002",
    "et": "LesionAdjacentTissue",
    "off": 31072,
    "sff": "lesion"
  },
  {
    "docID": "N221 Takami 2002",
    "et": "LesionAdjacentTissue",
    "off": 28725,
    "sff": "adjacent"
  },
  {
    "docID": "N221 Takami 2002",
    "et": "LesionAdjacentTissue",
    "off": 37016,
    "sff": "lesion"
  },
  {
    "docID": "N221 Takami 2002",
    "et": "LesionAdjacentTissue",
    "off": 26330,
    "sff": "lesion"
  },
  {
    "docID": "N221 Takami 2002",
    "et": "LesionAdjacentTissue",
    "off": 21467,
    "sff": "lesion"
  },
  {
    "docID": "N221 Takami 2002",
    "et": "LesionAdjacentTissue",
    "off": 27868,
    "sff": "lesion"
  },
  {
    "docID": "N221 Takami 2002",
    "et": "LesionAdjacentTissue",
    "off": 48169,
    "sff": "adjacent"
  },
  {
    "docID": "N221 Takami 2002",
    "et": "LesionAdjacentTissue",
    "off": 38769,
    "sff": "lesion"
  },
  {
    "docID": "N221 Takami 2002",
    "et": "LesionAdjacentTissue",
    "off": 29429,
    "sff": "lesion"
  },
  {
    "docID": "N221 Takami 2002",
    "et": "LesionAdjacentTissue",
    "off": 47989,
    "sff": "lesion"
  },
  {
    "docID": "N221 Takami 2002",
    "et": "LesionAdjacentTissue",
    "off": 21676,
    "sff": "lesion"
  },
  {
    "docID": "N221 Takami 2002",
    "et": "LesionAdjacentTissue",
    "off": 31294,
    "sff": "lesion"
  },
  {
    "docID": "N221 Takami 2002",
    "et": "LesionAdjacentTissue",
    "off": 44222,
    "sff": "lesion"
  },
  {
    "docID": "N221 Takami 2002",
    "et": "LesionAdjacentTissue",
    "off": 21378,
    "sff": "lesion"
  },
  {
    "docID": "N221 Takami 2002",
    "et": "LesionAdjacentTissue",
    "off": 14661,
    "sff": "lesion"
  },
  {
    "docID": "N221 Takami 2002",
    "et": "LesionAdjacentTissue",
    "off": 19382,
    "sff": "lesion"
  },
  {
    "docID": "N221 Takami 2002",
    "et": "LesionAdjacentTissue",
    "off": 31032,
    "sff": "lesion"
  },
  {
    "docID": "N221 Takami 2002",
    "et": "LesionAdjacentTissue",
    "off": 16251,
    "sff": "lesion"
  },
  {
    "docID": "N221 Takami 2002",
    "et": "LesionAdjacentTissue",
    "off": 25296,
    "sff": "lesion"
  },
  {
    "docID": "N221 Takami 2002",
    "et": "LesionAdjacentTissue",
    "off": 20625,
    "sff": "lesion"
  },
  {
    "docID": "N221 Takami 2002",
    "et": "LesionAdjacentTissue",
    "off": 48145,
    "sff": "lesion"
  },
  {
    "docID": "N221 Takami 2002",
    "et": "LesionAdjacentTissue",
    "off": 1747,
    "sff": "lesion"
  },
  {
    "docID": "N221 Takami 2002",
    "et": "LesionAdjacentTissue",
    "off": 25427,
    "sff": "lesion"
  },
  {
    "docID": "N221 Takami 2002",
    "et": "LesionAdjacentTissue",
    "off": 35027,
    "sff": "lesion"
  },
  {
    "docID": "N221 Takami 2002",
    "et": "LesionAdjacentTissue",
    "off": 39750,
    "sff": "lesion"
  },
  {
    "docID": "N221 Takami 2002",
    "et": "CentralNervousSystem",
    "off": 21689,
    "sff": "central"
  },
  {
    "docID": "N221 Takami 2002",
    "et": "CentralNervousSystem",
    "off": 31321,
    "sff": "central"
  },
  {
    "docID": "N221 Takami 2002",
    "et": "CentralNervousSystem",
    "off": 32278,
    "sff": "central"
  },
  {
    "docID": "N221 Takami 2002",
    "et": "CentralNervousSystem",
    "off": 3418,
    "sff": "nervous"
  },
  {
    "docID": "N221 Takami 2002",
    "et": "CentralNervousSystem",
    "off": 29005,
    "sff": "central"
  },
  {
    "docID": "N221 Takami 2002",
    "et": "CentralNervousSystem",
    "off": 3418,
    "sff": "nervous system"
  },
  {
    "docID": "N221 Takami 2002",
    "et": "CentralNervousSystem",
    "off": 24617,
    "sff": "Central"
  },
  {
    "docID": "N221 Takami 2002",
    "et": "CentralNervousSystem",
    "off": 42375,
    "sff": "nervous"
  },
  {
    "docID": "N221 Takami 2002",
    "et": "CentralNervousSystem",
    "off": 30418,
    "sff": "central"
  },
  {
    "docID": "N221 Takami 2002",
    "et": "CentralNervousSystem",
    "off": 30642,
    "sff": "central"
  },
  {
    "docID": "N221 Takami 2002",
    "et": "SpinalGrayMatter",
    "off": 34547,
    "sff": "gray matter"
  },
  {
    "docID": "N221 Takami 2002",
    "et": "SpinalGrayMatter",
    "off": 23478,
    "sff": "Gray matter"
  },
  {
    "docID": "N221 Takami 2002",
    "et": "SpinalGrayMatter",
    "off": 23382,
    "sff": "gray matter"
  },
  {
    "docID": "N221 Takami 2002",
    "et": "SpinalGrayMatter",
    "off": 19835,
    "sff": "Gray matter"
  },
  {
    "docID": "N221 Takami 2002",
    "et": "SpinalGrayMatter",
    "off": 36849,
    "sff": "gray matter"
  },
  {
    "docID": "N221 Takami 2002",
    "et": "SubstanceApplicationLocation",
    "off": 2591,
    "sff": "application"
  },
  {
    "docID": "N221 Takami 2002",
    "et": "C2",
    "off": 15724,
    "sff": "C2"
  },
  {
    "docID": "N221 Takami 2002",
    "et": "C2",
    "off": 35436,
    "sff": "C2"
  },
  {
    "docID": "N221 Takami 2002",
    "et": "C2",
    "off": 12397,
    "sff": "C2"
  },
  {
    "docID": "N221 Takami 2002",
    "et": "C2",
    "off": 15347,
    "sff": "C2"
  },
  {
    "docID": "N221 Takami 2002",
    "et": "C6",
    "off": 15339,
    "sff": "C6"
  },
  {
    "docID": "N221 Takami 2002",
    "et": "C6",
    "off": 12389,
    "sff": "C6"
  },
  {
    "docID": "N221 Takami 2002",
    "et": "C6",
    "off": 15716,
    "sff": "C6"
  },
  {
    "docID": "N221 Takami 2002",
    "et": "C6",
    "off": 35428,
    "sff": "C6"
  },
  {
    "docID": "N221 Takami 2002",
    "et": "CorticospinalTract",
    "off": 36505,
    "sff": "corticospinal"
  },
  {
    "docID": "N221 Takami 2002",
    "et": "CorticospinalTract",
    "off": 36631,
    "sff": "corticospinal"
  },
  {
    "docID": "N221 Takami 2002",
    "et": "CorticospinalTract",
    "off": 36787,
    "sff": "corticospinal"
  },
  {
    "docID": "N221 Takami 2002",
    "et": "CorticospinalTract",
    "off": 14223,
    "sff": "corticospinal"
  },
  {
    "docID": "N221 Takami 2002",
    "et": "CorticospinalTract",
    "off": 36432,
    "sff": "corticospinal"
  },
  {
    "docID": "N221 Takami 2002",
    "et": "CorticospinalTract",
    "off": 39880,
    "sff": "corticospinal tract"
  },
  {
    "docID": "N221 Takami 2002",
    "et": "CorticospinalTract",
    "off": 40077,
    "sff": "corticospinal"
  },
  {
    "docID": "N221 Takami 2002",
    "et": "CorticospinalTract",
    "off": 14790,
    "sff": "corticospinal"
  },
  {
    "docID": "N221 Takami 2002",
    "et": "CorticospinalTract",
    "off": 24838,
    "sff": "corticospinal"
  },
  {
    "docID": "N221 Takami 2002",
    "et": "CorticospinalTract",
    "off": 39937,
    "sff": "corticospinal tract"
  },
  {
    "docID": "N221 Takami 2002",
    "et": "CorticospinalTract",
    "off": 14466,
    "sff": "corticospinal"
  },
  {
    "docID": "N221 Takami 2002",
    "et": "CorticospinalTract",
    "off": 36959,
    "sff": "corticospinal"
  },
  {
    "docID": "N221 Takami 2002",
    "et": "CorticospinalTract",
    "off": 1701,
    "sff": "Corticospinal"
  },
  {
    "docID": "N221 Takami 2002",
    "et": "CorticospinalTract",
    "off": 24701,
    "sff": "corticospinal"
  },
  {
    "docID": "N221 Takami 2002",
    "et": "SpinalCentralPart",
    "off": 29005,
    "sff": "central"
  },
  {
    "docID": "N221 Takami 2002",
    "et": "SpinalCentralPart",
    "off": 30418,
    "sff": "central"
  },
  {
    "docID": "N221 Takami 2002",
    "et": "SpinalCentralPart",
    "off": 30642,
    "sff": "central"
  },
  {
    "docID": "N221 Takami 2002",
    "et": "SpinalCentralPart",
    "off": 32278,
    "sff": "central"
  },
  {
    "docID": "N221 Takami 2002",
    "et": "SpinalCentralPart",
    "off": 21689,
    "sff": "central"
  },
  {
    "docID": "N221 Takami 2002",
    "et": "SpinalCentralPart",
    "off": 31321,
    "sff": "central"
  },
  {
    "docID": "N221 Takami 2002",
    "et": "SpinalCentralPart",
    "off": 24617,
    "sff": "Central"
  },
  {
    "docID": "N221 Takami 2002",
    "et": "InjectionDelivery",
    "off": 11815,
    "sff": "injection"
  },
  {
    "docID": "N221 Takami 2002",
    "et": "InjectionDelivery",
    "off": 11711,
    "sff": "injection"
  },
  {
    "docID": "N221 Takami 2002",
    "et": "InjectionDelivery",
    "off": 19581,
    "sff": "injection"
  },
  {
    "docID": "N221 Takami 2002",
    "et": "SpinalLesionSite",
    "off": 14661,
    "sff": "lesion"
  },
  {
    "docID": "N221 Takami 2002",
    "et": "SpinalLesionSite",
    "off": 39750,
    "sff": "lesion"
  },
  {
    "docID": "N221 Takami 2002",
    "et": "SpinalLesionSite",
    "off": 20625,
    "sff": "lesion"
  },
  {
    "docID": "N221 Takami 2002",
    "et": "SpinalLesionSite",
    "off": 38769,
    "sff": "lesion"
  },
  {
    "docID": "N221 Takami 2002",
    "et": "SpinalLesionSite",
    "off": 48145,
    "sff": "lesion"
  },
  {
    "docID": "N221 Takami 2002",
    "et": "SpinalLesionSite",
    "off": 21378,
    "sff": "lesion site"
  },
  {
    "docID": "N221 Takami 2002",
    "et": "SpinalLesionSite",
    "off": 25296,
    "sff": "lesion"
  },
  {
    "docID": "N221 Takami 2002",
    "et": "SpinalLesionSite",
    "off": 21676,
    "sff": "lesion"
  },
  {
    "docID": "N221 Takami 2002",
    "et": "SpinalLesionSite",
    "off": 26330,
    "sff": "lesion"
  },
  {
    "docID": "N221 Takami 2002",
    "et": "SpinalLesionSite",
    "off": 31032,
    "sff": "lesion"
  },
  {
    "docID": "N221 Takami 2002",
    "et": "SpinalLesionSite",
    "off": 37016,
    "sff": "lesion"
  },
  {
    "docID": "N221 Takami 2002",
    "et": "SpinalLesionSite",
    "off": 29429,
    "sff": "lesion"
  },
  {
    "docID": "N221 Takami 2002",
    "et": "SpinalLesionSite",
    "off": 47989,
    "sff": "lesion"
  },
  {
    "docID": "N221 Takami 2002",
    "et": "SpinalLesionSite",
    "off": 1747,
    "sff": "lesion"
  },
  {
    "docID": "N221 Takami 2002",
    "et": "SpinalLesionSite",
    "off": 19382,
    "sff": "lesion"
  },
  {
    "docID": "N221 Takami 2002",
    "et": "SpinalLesionSite",
    "off": 25427,
    "sff": "lesion"
  },
  {
    "docID": "N221 Takami 2002",
    "et": "SpinalLesionSite",
    "off": 35027,
    "sff": "lesion"
  },
  {
    "docID": "N221 Takami 2002",
    "et": "SpinalLesionSite",
    "off": 28063,
    "sff": "lesion"
  },
  {
    "docID": "N221 Takami 2002",
    "et": "SpinalLesionSite",
    "off": 31072,
    "sff": "lesion"
  },
  {
    "docID": "N221 Takami 2002",
    "et": "SpinalLesionSite",
    "off": 31294,
    "sff": "lesion"
  },
  {
    "docID": "N221 Takami 2002",
    "et": "SpinalLesionSite",
    "off": 44222,
    "sff": "lesion"
  },
  {
    "docID": "N221 Takami 2002",
    "et": "SpinalLesionSite",
    "off": 16251,
    "sff": "lesion"
  },
  {
    "docID": "N221 Takami 2002",
    "et": "SpinalLesionSite",
    "off": 21467,
    "sff": "lesion"
  },
  {
    "docID": "N221 Takami 2002",
    "et": "SpinalLesionSite",
    "off": 27868,
    "sff": "lesion"
  },
  {
    "docID": "N221 Takami 2002",
    "et": "T2",
    "off": 35424,
    "sff": "T2"
  },
  {
    "docID": "N221 Takami 2002",
    "et": "T2",
    "off": 15335,
    "sff": "T2"
  },
  {
    "docID": "N221 Takami 2002",
    "et": "T2",
    "off": 12385,
    "sff": "T2"
  },
  {
    "docID": "N221 Takami 2002",
    "et": "T2",
    "off": 15712,
    "sff": "T2"
  }
]
