[
  {
    "docID": "N225 Xiao 2005",
    "et": "AnatomicalLocation",
    "off": 57215,
    "sff": "anatomical"
  },
  {
    "docID": "N225 Xiao 2005",
    "et": "SubcutaneousLocation",
    "off": 11469,
    "sff": "subcutaneous"
  },
  {
    "docID": "N225 Xiao 2005",
    "et": "SubcutaneousLocation",
    "off": 13227,
    "sff": "subcutaneous"
  },
  {
    "docID": "N225 Xiao 2005",
    "et": "SubcutaneousLocation",
    "off": 13076,
    "sff": "subcutaneous"
  },
  {
    "docID": "N225 Xiao 2005",
    "et": "SuperficialDelivery",
    "off": 44128,
    "sff": "superficial"
  },
  {
    "docID": "N225 Xiao 2005",
    "et": "Thoracic",
    "off": 45806,
    "sff": "thoracic"
  },
  {
    "docID": "N225 Xiao 2005",
    "et": "Thoracic",
    "off": 17830,
    "sff": "thoracic"
  },
  {
    "docID": "N225 Xiao 2005",
    "et": "Brain",
    "off": 20528,
    "sff": "brain"
  },
  {
    "docID": "N225 Xiao 2005",
    "et": "Brain",
    "off": 18030,
    "sff": "brain"
  },
  {
    "docID": "N225 Xiao 2005",
    "et": "AscendingFiberTract",
    "off": 58344,
    "sff": "ascending"
  },
  {
    "docID": "N225 Xiao 2005",
    "et": "AscendingFiberTract",
    "off": 54267,
    "sff": "ascending"
  },
  {
    "docID": "N225 Xiao 2005",
    "et": "AscendingFiberTract",
    "off": 59070,
    "sff": "ascending"
  },
  {
    "docID": "N225 Xiao 2005",
    "et": "IntraperitonealLocation",
    "off": 12322,
    "sff": "intraperitoneal"
  },
  {
    "docID": "N225 Xiao 2005",
    "et": "SpinalWhiteMatter",
    "off": 25609,
    "sff": "white matter"
  },
  {
    "docID": "N225 Xiao 2005",
    "et": "SpinalWhiteMatter",
    "off": 54218,
    "sff": "white matter"
  },
  {
    "docID": "N225 Xiao 2005",
    "et": "SpinalWhiteMatter",
    "off": 39435,
    "sff": "white matter"
  },
  {
    "docID": "N225 Xiao 2005",
    "et": "SpinalWhiteMatter",
    "off": 26407,
    "sff": "white matter"
  },
  {
    "docID": "N225 Xiao 2005",
    "et": "SpinalWhiteMatter",
    "off": 33156,
    "sff": "white matter"
  },
  {
    "docID": "N225 Xiao 2005",
    "et": "SpinalWhiteMatter",
    "off": 27855,
    "sff": "white matter"
  },
  {
    "docID": "N225 Xiao 2005",
    "et": "SpinalWhiteMatter",
    "off": 27118,
    "sff": "white matter"
  },
  {
    "docID": "N225 Xiao 2005",
    "et": "SpinalWhiteMatter",
    "off": 39565,
    "sff": "white matter"
  },
  {
    "docID": "N225 Xiao 2005",
    "et": "SpinalWhiteMatter",
    "off": 44153,
    "sff": "white matter"
  },
  {
    "docID": "N225 Xiao 2005",
    "et": "SpinalWhiteMatter",
    "off": 1536,
    "sff": "white matter"
  },
  {
    "docID": "N225 Xiao 2005",
    "et": "SpinalWhiteMatter",
    "off": 27456,
    "sff": "white matter"
  },
  {
    "docID": "N225 Xiao 2005",
    "et": "SpinalWhiteMatter",
    "off": 1091,
    "sff": "white matter"
  },
  {
    "docID": "N225 Xiao 2005",
    "et": "SpinalWhiteMatter",
    "off": 38977,
    "sff": "white matter"
  },
  {
    "docID": "N225 Xiao 2005",
    "et": "IntramuscularLocation",
    "off": 11542,
    "sff": "intramuscular"
  },
  {
    "docID": "N225 Xiao 2005",
    "et": "SpinalDorsalHalf",
    "off": 58526,
    "sff": "dorsal"
  },
  {
    "docID": "N225 Xiao 2005",
    "et": "SpinalDorsalHalf",
    "off": 46203,
    "sff": "dorsal"
  },
  {
    "docID": "N225 Xiao 2005",
    "et": "SpinalDorsalHalf",
    "off": 38218,
    "sff": "dorsal"
  },
  {
    "docID": "N225 Xiao 2005",
    "et": "SpinalDorsalHalf",
    "off": 39096,
    "sff": "dorsal"
  },
  {
    "docID": "N225 Xiao 2005",
    "et": "SpinalDorsalHalf",
    "off": 12472,
    "sff": "dorsal"
  },
  {
    "docID": "N225 Xiao 2005",
    "et": "SpinalDorsalHalf",
    "off": 12849,
    "sff": "dorsal"
  },
  {
    "docID": "N225 Xiao 2005",
    "et": "SpinalDorsalHalf",
    "off": 38159,
    "sff": "dorsal"
  },
  {
    "docID": "N225 Xiao 2005",
    "et": "SpinalVentralHalf",
    "off": 38170,
    "sff": "ventral"
  },
  {
    "docID": "N225 Xiao 2005",
    "et": "SpinalVentralHalf",
    "off": 26607,
    "sff": "ventral"
  },
  {
    "docID": "N225 Xiao 2005",
    "et": "SpinalVentralHalf",
    "off": 39155,
    "sff": "ventral"
  },
  {
    "docID": "N225 Xiao 2005",
    "et": "SpinalVentralHalf",
    "off": 58546,
    "sff": "ventral"
  },
  {
    "docID": "N225 Xiao 2005",
    "et": "SpinalVentralHalf",
    "off": 12802,
    "sff": "ventral"
  },
  {
    "docID": "N225 Xiao 2005",
    "et": "SpinalCord",
    "off": 12452,
    "sff": "cord"
  },
  {
    "docID": "N225 Xiao 2005",
    "et": "SpinalCord",
    "off": 53419,
    "sff": "cord"
  },
  {
    "docID": "N225 Xiao 2005",
    "et": "SpinalCord",
    "off": 51104,
    "sff": "cord"
  },
  {
    "docID": "N225 Xiao 2005",
    "et": "SpinalCord",
    "off": 55074,
    "sff": "cord"
  },
  {
    "docID": "N225 Xiao 2005",
    "et": "SpinalCord",
    "off": 26402,
    "sff": "cord"
  },
  {
    "docID": "N225 Xiao 2005",
    "et": "SpinalCord",
    "off": 38045,
    "sff": "cord"
  },
  {
    "docID": "N225 Xiao 2005",
    "et": "SpinalCord",
    "off": 42653,
    "sff": "cord"
  },
  {
    "docID": "N225 Xiao 2005",
    "et": "SpinalCord",
    "off": 32695,
    "sff": "cord"
  },
  {
    "docID": "N225 Xiao 2005",
    "et": "SpinalCord",
    "off": 59320,
    "sff": "cord"
  },
  {
    "docID": "N225 Xiao 2005",
    "et": "SpinalCord",
    "off": 43833,
    "sff": "cord"
  },
  {
    "docID": "N225 Xiao 2005",
    "et": "SpinalCord",
    "off": 52921,
    "sff": "cord"
  },
  {
    "docID": "N225 Xiao 2005",
    "et": "SpinalCord",
    "off": 9653,
    "sff": "cord"
  },
  {
    "docID": "N225 Xiao 2005",
    "et": "SpinalCord",
    "off": 46004,
    "sff": "cord"
  },
  {
    "docID": "N225 Xiao 2005",
    "et": "SpinalCord",
    "off": 37941,
    "sff": "cord"
  },
  {
    "docID": "N225 Xiao 2005",
    "et": "SpinalCord",
    "off": 2360,
    "sff": "cord"
  },
  {
    "docID": "N225 Xiao 2005",
    "et": "SpinalCord",
    "off": 5048,
    "sff": "cord"
  },
  {
    "docID": "N225 Xiao 2005",
    "et": "SpinalCord",
    "off": 5165,
    "sff": "cord"
  },
  {
    "docID": "N225 Xiao 2005",
    "et": "SpinalCord",
    "off": 31148,
    "sff": "cord"
  },
  {
    "docID": "N225 Xiao 2005",
    "et": "SpinalCord",
    "off": 59571,
    "sff": "cord"
  },
  {
    "docID": "N225 Xiao 2005",
    "et": "SpinalCord",
    "off": 45612,
    "sff": "cord"
  },
  {
    "docID": "N225 Xiao 2005",
    "et": "SpinalCord",
    "off": 50733,
    "sff": "cord"
  },
  {
    "docID": "N225 Xiao 2005",
    "et": "SpinalCord",
    "off": 40879,
    "sff": "cord"
  },
  {
    "docID": "N225 Xiao 2005",
    "et": "SpinalCord",
    "off": 25479,
    "sff": "cord"
  },
  {
    "docID": "N225 Xiao 2005",
    "et": "SpinalCord",
    "off": 46730,
    "sff": "cord"
  },
  {
    "docID": "N225 Xiao 2005",
    "et": "SpinalCord",
    "off": 24842,
    "sff": "cord"
  },
  {
    "docID": "N225 Xiao 2005",
    "et": "SpinalCord",
    "off": 11017,
    "sff": "cord"
  },
  {
    "docID": "N225 Xiao 2005",
    "et": "SpinalCord",
    "off": 30728,
    "sff": "cord"
  },
  {
    "docID": "N225 Xiao 2005",
    "et": "SpinalCord",
    "off": 25085,
    "sff": "cord"
  },
  {
    "docID": "N225 Xiao 2005",
    "et": "SpinalCord",
    "off": 54524,
    "sff": "cord"
  },
  {
    "docID": "N225 Xiao 2005",
    "et": "SpinalCord",
    "off": 45822,
    "sff": "cord"
  },
  {
    "docID": "N225 Xiao 2005",
    "et": "SpinalCord",
    "off": 53915,
    "sff": "cord"
  },
  {
    "docID": "N225 Xiao 2005",
    "et": "SpinalCord",
    "off": 20890,
    "sff": "cord"
  },
  {
    "docID": "N225 Xiao 2005",
    "et": "SpinalCord",
    "off": 54166,
    "sff": "cord"
  },
  {
    "docID": "N225 Xiao 2005",
    "et": "SpinalCord",
    "off": 2061,
    "sff": "cord"
  },
  {
    "docID": "N225 Xiao 2005",
    "et": "SpinalCord",
    "off": 51218,
    "sff": "cord"
  },
  {
    "docID": "N225 Xiao 2005",
    "et": "SpinalCord",
    "off": 46861,
    "sff": "cord"
  },
  {
    "docID": "N225 Xiao 2005",
    "et": "SpinalCord",
    "off": 20496,
    "sff": "cord"
  },
  {
    "docID": "N225 Xiao 2005",
    "et": "SpinalCord",
    "off": 55567,
    "sff": "cord"
  },
  {
    "docID": "N225 Xiao 2005",
    "et": "SpinalCord",
    "off": 18021,
    "sff": "cord"
  },
  {
    "docID": "N225 Xiao 2005",
    "et": "SpinalCord",
    "off": 38506,
    "sff": "cord"
  },
  {
    "docID": "N225 Xiao 2005",
    "et": "SpinalCord",
    "off": 46570,
    "sff": "cord"
  },
  {
    "docID": "N225 Xiao 2005",
    "et": "SpinalCord",
    "off": 9963,
    "sff": "cord"
  },
  {
    "docID": "N225 Xiao 2005",
    "et": "SpinalCord",
    "off": 20971,
    "sff": "cord"
  },
  {
    "docID": "N225 Xiao 2005",
    "et": "SpinalCord",
    "off": 51044,
    "sff": "cord"
  },
  {
    "docID": "N225 Xiao 2005",
    "et": "SpinalCord",
    "off": 10218,
    "sff": "cord"
  },
  {
    "docID": "N225 Xiao 2005",
    "et": "SpinalCord",
    "off": 14954,
    "sff": "cord"
  },
  {
    "docID": "N225 Xiao 2005",
    "et": "SpinalCord",
    "off": 21599,
    "sff": "cord"
  },
  {
    "docID": "N225 Xiao 2005",
    "et": "SpinalCord",
    "off": 59107,
    "sff": "cord"
  },
  {
    "docID": "N225 Xiao 2005",
    "et": "SpinalCord",
    "off": 25186,
    "sff": "cord"
  },
  {
    "docID": "N225 Xiao 2005",
    "et": "SpinalCord",
    "off": 28513,
    "sff": "cord"
  },
  {
    "docID": "N225 Xiao 2005",
    "et": "SpinalCord",
    "off": 18144,
    "sff": "cord"
  },
  {
    "docID": "N225 Xiao 2005",
    "et": "SpinalCord",
    "off": 27488,
    "sff": "cord"
  },
  {
    "docID": "N225 Xiao 2005",
    "et": "SpinalCord",
    "off": 11639,
    "sff": "cord"
  },
  {
    "docID": "N225 Xiao 2005",
    "et": "SpinalCord",
    "off": 12667,
    "sff": "cord"
  },
  {
    "docID": "N225 Xiao 2005",
    "et": "SpinalCord",
    "off": 12154,
    "sff": "cord"
  },
  {
    "docID": "N225 Xiao 2005",
    "et": "SpinalCord",
    "off": 20591,
    "sff": "cord"
  },
  {
    "docID": "N225 Xiao 2005",
    "et": "SpinalCord",
    "off": 59762,
    "sff": "cord"
  },
  {
    "docID": "N225 Xiao 2005",
    "et": "SpinalCord",
    "off": 15347,
    "sff": "cord"
  },
  {
    "docID": "N225 Xiao 2005",
    "et": "SpinalCord",
    "off": 50668,
    "sff": "cord"
  },
  {
    "docID": "N225 Xiao 2005",
    "et": "SpinalCord",
    "off": 17862,
    "sff": "cord"
  },
  {
    "docID": "N225 Xiao 2005",
    "et": "SpinalCord",
    "off": 37835,
    "sff": "cord"
  },
  {
    "docID": "N225 Xiao 2005",
    "et": "SpinalCord",
    "off": 24779,
    "sff": "cord"
  },
  {
    "docID": "N225 Xiao 2005",
    "et": "SpinalCord",
    "off": 51399,
    "sff": "cord"
  },
  {
    "docID": "N225 Xiao 2005",
    "et": "SpinalCord",
    "off": 25919,
    "sff": "cord"
  },
  {
    "docID": "N225 Xiao 2005",
    "et": "SpinalCord",
    "off": 39000,
    "sff": "cord"
  },
  {
    "docID": "N225 Xiao 2005",
    "et": "SpinalCord",
    "off": 19669,
    "sff": "cord"
  },
  {
    "docID": "N225 Xiao 2005",
    "et": "SpinalCord",
    "off": 38868,
    "sff": "cord"
  },
  {
    "docID": "N225 Xiao 2005",
    "et": "SpinalCord",
    "off": 729,
    "sff": "cord"
  },
  {
    "docID": "N225 Xiao 2005",
    "et": "SpinalCord",
    "off": 28751,
    "sff": "cord"
  },
  {
    "docID": "N225 Xiao 2005",
    "et": "SpinalCord",
    "off": 45393,
    "sff": "cord"
  },
  {
    "docID": "N225 Xiao 2005",
    "et": "SpinalCord",
    "off": 60238,
    "sff": "cord"
  },
  {
    "docID": "N225 Xiao 2005",
    "et": "Vertebrae",
    "off": 12508,
    "sff": "vertebrae"
  },
  {
    "docID": "N225 Xiao 2005",
    "et": "DorsalColumn",
    "off": 38218,
    "sff": "dorsal"
  },
  {
    "docID": "N225 Xiao 2005",
    "et": "DorsalColumn",
    "off": 46203,
    "sff": "dorsal"
  },
  {
    "docID": "N225 Xiao 2005",
    "et": "DorsalColumn",
    "off": 12472,
    "sff": "dorsal"
  },
  {
    "docID": "N225 Xiao 2005",
    "et": "DorsalColumn",
    "off": 39096,
    "sff": "dorsal"
  },
  {
    "docID": "N225 Xiao 2005",
    "et": "DorsalColumn",
    "off": 12849,
    "sff": "dorsal"
  },
  {
    "docID": "N225 Xiao 2005",
    "et": "DorsalColumn",
    "off": 58526,
    "sff": "dorsal"
  },
  {
    "docID": "N225 Xiao 2005",
    "et": "DorsalColumn",
    "off": 38159,
    "sff": "dorsal"
  },
  {
    "docID": "N225 Xiao 2005",
    "et": "LesionAdjacentTissue",
    "off": 46589,
    "sff": "lesion"
  },
  {
    "docID": "N225 Xiao 2005",
    "et": "LesionAdjacentTissue",
    "off": 26365,
    "sff": "lesion"
  },
  {
    "docID": "N225 Xiao 2005",
    "et": "LesionAdjacentTissue",
    "off": 31222,
    "sff": "lesion"
  },
  {
    "docID": "N225 Xiao 2005",
    "et": "LesionAdjacentTissue",
    "off": 42232,
    "sff": "lesion"
  },
  {
    "docID": "N225 Xiao 2005",
    "et": "LesionAdjacentTissue",
    "off": 54789,
    "sff": "lesion"
  },
  {
    "docID": "N225 Xiao 2005",
    "et": "LesionAdjacentTissue",
    "off": 43268,
    "sff": "lesion"
  },
  {
    "docID": "N225 Xiao 2005",
    "et": "LesionAdjacentTissue",
    "off": 58628,
    "sff": "lesion"
  },
  {
    "docID": "N225 Xiao 2005",
    "et": "LesionAdjacentTissue",
    "off": 20991,
    "sff": "lesion"
  },
  {
    "docID": "N225 Xiao 2005",
    "et": "LesionAdjacentTissue",
    "off": 49409,
    "sff": "lesion"
  },
  {
    "docID": "N225 Xiao 2005",
    "et": "LesionAdjacentTissue",
    "off": 1042,
    "sff": "lesion"
  },
  {
    "docID": "N225 Xiao 2005",
    "et": "LesionAdjacentTissue",
    "off": 20501,
    "sff": "lesion"
  },
  {
    "docID": "N225 Xiao 2005",
    "et": "LesionAdjacentTissue",
    "off": 57108,
    "sff": "lesion"
  },
  {
    "docID": "N225 Xiao 2005",
    "et": "LesionAdjacentTissue",
    "off": 27153,
    "sff": "lesion"
  },
  {
    "docID": "N225 Xiao 2005",
    "et": "LesionAdjacentTissue",
    "off": 50960,
    "sff": "lesion"
  },
  {
    "docID": "N225 Xiao 2005",
    "et": "LesionAdjacentTissue",
    "off": 1243,
    "sff": "lesion"
  },
  {
    "docID": "N225 Xiao 2005",
    "et": "LesionAdjacentTissue",
    "off": 43994,
    "sff": "lesion"
  },
  {
    "docID": "N225 Xiao 2005",
    "et": "LesionAdjacentTissue",
    "off": 49622,
    "sff": "lesion"
  },
  {
    "docID": "N225 Xiao 2005",
    "et": "LesionAdjacentTissue",
    "off": 41443,
    "sff": "lesion"
  },
  {
    "docID": "N225 Xiao 2005",
    "et": "LesionAdjacentTissue",
    "off": 42466,
    "sff": "lesion"
  },
  {
    "docID": "N225 Xiao 2005",
    "et": "LesionAdjacentTissue",
    "off": 49378,
    "sff": "lesion"
  },
  {
    "docID": "N225 Xiao 2005",
    "et": "LesionAdjacentTissue",
    "off": 54330,
    "sff": "adjacent"
  },
  {
    "docID": "N225 Xiao 2005",
    "et": "LesionAdjacentTissue",
    "off": 14048,
    "sff": "lesion"
  },
  {
    "docID": "N225 Xiao 2005",
    "et": "LesionAdjacentTissue",
    "off": 43488,
    "sff": "lesion"
  },
  {
    "docID": "N225 Xiao 2005",
    "et": "LesionAdjacentTissue",
    "off": 44522,
    "sff": "lesion"
  },
  {
    "docID": "N225 Xiao 2005",
    "et": "LesionAdjacentTissue",
    "off": 24808,
    "sff": "lesion"
  },
  {
    "docID": "N225 Xiao 2005",
    "et": "LesionAdjacentTissue",
    "off": 40424,
    "sff": "lesion"
  },
  {
    "docID": "N225 Xiao 2005",
    "et": "LesionAdjacentTissue",
    "off": 47081,
    "sff": "lesion"
  },
  {
    "docID": "N225 Xiao 2005",
    "et": "LesionAdjacentTissue",
    "off": 53493,
    "sff": "lesion"
  },
  {
    "docID": "N225 Xiao 2005",
    "et": "LesionAdjacentTissue",
    "off": 56308,
    "sff": "lesion"
  },
  {
    "docID": "N225 Xiao 2005",
    "et": "LesionAdjacentTissue",
    "off": 1850,
    "sff": "lesion"
  },
  {
    "docID": "N225 Xiao 2005",
    "et": "LesionAdjacentTissue",
    "off": 31034,
    "sff": "lesion"
  },
  {
    "docID": "N225 Xiao 2005",
    "et": "LesionAdjacentTissue",
    "off": 45631,
    "sff": "lesion"
  },
  {
    "docID": "N225 Xiao 2005",
    "et": "LesionAdjacentTissue",
    "off": 49214,
    "sff": "lesion"
  },
  {
    "docID": "N225 Xiao 2005",
    "et": "LesionAdjacentTissue",
    "off": 53982,
    "sff": "adjacent"
  },
  {
    "docID": "N225 Xiao 2005",
    "et": "LesionAdjacentTissue",
    "off": 29515,
    "sff": "lesion"
  },
  {
    "docID": "N225 Xiao 2005",
    "et": "LesionAdjacentTissue",
    "off": 37963,
    "sff": "lesion"
  },
  {
    "docID": "N225 Xiao 2005",
    "et": "LesionAdjacentTissue",
    "off": 54346,
    "sff": "lesion"
  },
  {
    "docID": "N225 Xiao 2005",
    "et": "LesionAdjacentTissue",
    "off": 27980,
    "sff": "lesion"
  },
  {
    "docID": "N225 Xiao 2005",
    "et": "LesionAdjacentTissue",
    "off": 42069,
    "sff": "lesion"
  },
  {
    "docID": "N225 Xiao 2005",
    "et": "LesionAdjacentTissue",
    "off": 40528,
    "sff": "lesion"
  },
  {
    "docID": "N225 Xiao 2005",
    "et": "LesionAdjacentTissue",
    "off": 28957,
    "sff": "lesion"
  },
  {
    "docID": "N225 Xiao 2005",
    "et": "LesionAdjacentTissue",
    "off": 38678,
    "sff": "lesion"
  },
  {
    "docID": "N225 Xiao 2005",
    "et": "LesionAdjacentTissue",
    "off": 41751,
    "sff": "lesion"
  },
  {
    "docID": "N225 Xiao 2005",
    "et": "LesionAdjacentTissue",
    "off": 43542,
    "sff": "lesion"
  },
  {
    "docID": "N225 Xiao 2005",
    "et": "LesionAdjacentTissue",
    "off": 44057,
    "sff": "lesion"
  },
  {
    "docID": "N225 Xiao 2005",
    "et": "LesionAdjacentTissue",
    "off": 31779,
    "sff": "lesion"
  },
  {
    "docID": "N225 Xiao 2005",
    "et": "LesionAdjacentTissue",
    "off": 51197,
    "sff": "adjacent"
  },
  {
    "docID": "N225 Xiao 2005",
    "et": "LesionAdjacentTissue",
    "off": 29726,
    "sff": "lesion"
  },
  {
    "docID": "N225 Xiao 2005",
    "et": "LesionAdjacentTissue",
    "off": 44577,
    "sff": "lesion"
  },
  {
    "docID": "N225 Xiao 2005",
    "et": "LesionAdjacentTissue",
    "off": 42016,
    "sff": "lesion"
  },
  {
    "docID": "N225 Xiao 2005",
    "et": "LesionAdjacentTissue",
    "off": 42282,
    "sff": "lesion"
  },
  {
    "docID": "N225 Xiao 2005",
    "et": "LesionAdjacentTissue",
    "off": 43306,
    "sff": "lesion"
  },
  {
    "docID": "N225 Xiao 2005",
    "et": "LesionAdjacentTissue",
    "off": 47404,
    "sff": "lesion"
  },
  {
    "docID": "N225 Xiao 2005",
    "et": "LesionAdjacentTissue",
    "off": 48172,
    "sff": "lesion"
  },
  {
    "docID": "N225 Xiao 2005",
    "et": "LesionAdjacentTissue",
    "off": 26162,
    "sff": "lesion"
  },
  {
    "docID": "N225 Xiao 2005",
    "et": "LesionAdjacentTissue",
    "off": 35124,
    "sff": "lesion"
  },
  {
    "docID": "N225 Xiao 2005",
    "et": "LesionAdjacentTissue",
    "off": 40238,
    "sff": "lesion"
  },
  {
    "docID": "N225 Xiao 2005",
    "et": "LesionAdjacentTissue",
    "off": 53550,
    "sff": "lesion"
  },
  {
    "docID": "N225 Xiao 2005",
    "et": "LesionAdjacentTissue",
    "off": 9776,
    "sff": "lesion"
  },
  {
    "docID": "N225 Xiao 2005",
    "et": "LesionAdjacentTissue",
    "off": 44337,
    "sff": "lesion"
  },
  {
    "docID": "N225 Xiao 2005",
    "et": "LesionAdjacentTissue",
    "off": 29233,
    "sff": "lesion"
  },
  {
    "docID": "N225 Xiao 2005",
    "et": "LesionAdjacentTissue",
    "off": 27770,
    "sff": "lesion"
  },
  {
    "docID": "N225 Xiao 2005",
    "et": "LesionAdjacentTissue",
    "off": 42898,
    "sff": "adjacent"
  },
  {
    "docID": "N225 Xiao 2005",
    "et": "LesionAdjacentTissue",
    "off": 40057,
    "sff": "lesion"
  },
  {
    "docID": "N225 Xiao 2005",
    "et": "LesionAdjacentTissue",
    "off": 25987,
    "sff": "lesion"
  },
  {
    "docID": "N225 Xiao 2005",
    "et": "LesionAdjacentTissue",
    "off": 12677,
    "sff": "lesion"
  },
  {
    "docID": "N225 Xiao 2005",
    "et": "LesionAdjacentTissue",
    "off": 31627,
    "sff": "lesion"
  },
  {
    "docID": "N225 Xiao 2005",
    "et": "LesionAdjacentTissue",
    "off": 30604,
    "sff": "lesion"
  },
  {
    "docID": "N225 Xiao 2005",
    "et": "LesionAdjacentTissue",
    "off": 45447,
    "sff": "lesion"
  },
  {
    "docID": "N225 Xiao 2005",
    "et": "LesionAdjacentTissue",
    "off": 35208,
    "sff": "lesion"
  },
  {
    "docID": "N225 Xiao 2005",
    "et": "LesionAdjacentTissue",
    "off": 28297,
    "sff": "lesion"
  },
  {
    "docID": "N225 Xiao 2005",
    "et": "LesionAdjacentTissue",
    "off": 13455,
    "sff": "lesion"
  },
  {
    "docID": "N225 Xiao 2005",
    "et": "LesionAdjacentTissue",
    "off": 34906,
    "sff": "lesion"
  },
  {
    "docID": "N225 Xiao 2005",
    "et": "LesionAdjacentTissue",
    "off": 29531,
    "sff": "lesion"
  },
  {
    "docID": "N225 Xiao 2005",
    "et": "LesionAdjacentTissue",
    "off": 30811,
    "sff": "lesion"
  },
  {
    "docID": "N225 Xiao 2005",
    "et": "LesionAdjacentTissue",
    "off": 35158,
    "sff": "lesion"
  },
  {
    "docID": "N225 Xiao 2005",
    "et": "LesionAdjacentTissue",
    "off": 41046,
    "sff": "lesion"
  },
  {
    "docID": "N225 Xiao 2005",
    "et": "LesionAdjacentTissue",
    "off": 46935,
    "sff": "lesion"
  },
  {
    "docID": "N225 Xiao 2005",
    "et": "LesionAdjacentTissue",
    "off": 30551,
    "sff": "lesion"
  },
  {
    "docID": "N225 Xiao 2005",
    "et": "LesionAdjacentTissue",
    "off": 31319,
    "sff": "lesion"
  },
  {
    "docID": "N225 Xiao 2005",
    "et": "LesionAdjacentTissue",
    "off": 29273,
    "sff": "lesion"
  },
  {
    "docID": "N225 Xiao 2005",
    "et": "LesionAdjacentTissue",
    "off": 34649,
    "sff": "lesion"
  },
  {
    "docID": "N225 Xiao 2005",
    "et": "LesionAdjacentTissue",
    "off": 33890,
    "sff": "lesion"
  },
  {
    "docID": "N225 Xiao 2005",
    "et": "LesionAdjacentTissue",
    "off": 31587,
    "sff": "lesion"
  },
  {
    "docID": "N225 Xiao 2005",
    "et": "LesionAdjacentTissue",
    "off": 32862,
    "sff": "lesion"
  },
  {
    "docID": "N225 Xiao 2005",
    "et": "LesionAdjacentTissue",
    "off": 25951,
    "sff": "lesion"
  },
  {
    "docID": "N225 Xiao 2005",
    "et": "LesionAdjacentTissue",
    "off": 37985,
    "sff": "lesion"
  },
  {
    "docID": "N225 Xiao 2005",
    "et": "LesionAdjacentTissue",
    "off": 40033,
    "sff": "lesion"
  },
  {
    "docID": "N225 Xiao 2005",
    "et": "LesionAdjacentTissue",
    "off": 58208,
    "sff": "lesion"
  },
  {
    "docID": "N225 Xiao 2005",
    "et": "LesionAdjacentTissue",
    "off": 54891,
    "sff": "lesion"
  },
  {
    "docID": "N225 Xiao 2005",
    "et": "LesionAdjacentTissue",
    "off": 56679,
    "sff": "lesion"
  },
  {
    "docID": "N225 Xiao 2005",
    "et": "LesionAdjacentTissue",
    "off": 44659,
    "sff": "lesion"
  },
  {
    "docID": "N225 Xiao 2005",
    "et": "LesionAdjacentTissue",
    "off": 38485,
    "sff": "adjacent"
  },
  {
    "docID": "N225 Xiao 2005",
    "et": "LesionAdjacentTissue",
    "off": 28092,
    "sff": "lesion"
  },
  {
    "docID": "N225 Xiao 2005",
    "et": "LesionAdjacentTissue",
    "off": 41661,
    "sff": "lesion"
  },
  {
    "docID": "N225 Xiao 2005",
    "et": "LesionAdjacentTissue",
    "off": 57021,
    "sff": "lesion"
  },
  {
    "docID": "N225 Xiao 2005",
    "et": "LesionAdjacentTissue",
    "off": 22104,
    "sff": "adjacent"
  },
  {
    "docID": "N225 Xiao 2005",
    "et": "LesionAdjacentTissue",
    "off": 42679,
    "sff": "lesion"
  },
  {
    "docID": "N225 Xiao 2005",
    "et": "LesionAdjacentTissue",
    "off": 30904,
    "sff": "lesion"
  },
  {
    "docID": "N225 Xiao 2005",
    "et": "LesionAdjacentTissue",
    "off": 38338,
    "sff": "lesion"
  },
  {
    "docID": "N225 Xiao 2005",
    "et": "LesionAdjacentTissue",
    "off": 32963,
    "sff": "lesion"
  },
  {
    "docID": "N225 Xiao 2005",
    "et": "LesionAdjacentTissue",
    "off": 28350,
    "sff": "lesion"
  },
  {
    "docID": "N225 Xiao 2005",
    "et": "LesionAdjacentTissue",
    "off": 45503,
    "sff": "lesion"
  },
  {
    "docID": "N225 Xiao 2005",
    "et": "LesionAdjacentTissue",
    "off": 40128,
    "sff": "lesion"
  },
  {
    "docID": "N225 Xiao 2005",
    "et": "LesionAdjacentTissue",
    "off": 25025,
    "sff": "lesion"
  },
  {
    "docID": "N225 Xiao 2005",
    "et": "LesionAdjacentTissue",
    "off": 30401,
    "sff": "lesion"
  },
  {
    "docID": "N225 Xiao 2005",
    "et": "LesionAdjacentTissue",
    "off": 42432,
    "sff": "lesion"
  },
  {
    "docID": "N225 Xiao 2005",
    "et": "LesionAdjacentTissue",
    "off": 42695,
    "sff": "lesion"
  },
  {
    "docID": "N225 Xiao 2005",
    "et": "LesionAdjacentTissue",
    "off": 41427,
    "sff": "lesion"
  },
  {
    "docID": "N225 Xiao 2005",
    "et": "LesionAdjacentTissue",
    "off": 25165,
    "sff": "adjacent"
  },
  {
    "docID": "N225 Xiao 2005",
    "et": "LesionAdjacentTissue",
    "off": 980,
    "sff": "lesion"
  },
  {
    "docID": "N225 Xiao 2005",
    "et": "LesionAdjacentTissue",
    "off": 48597,
    "sff": "lesion"
  },
  {
    "docID": "N225 Xiao 2005",
    "et": "LesionAdjacentTissue",
    "off": 51157,
    "sff": "lesion"
  },
  {
    "docID": "N225 Xiao 2005",
    "et": "LesionAdjacentTissue",
    "off": 26831,
    "sff": "lesion"
  },
  {
    "docID": "N225 Xiao 2005",
    "et": "LesionAdjacentTissue",
    "off": 33744,
    "sff": "lesion"
  },
  {
    "docID": "N225 Xiao 2005",
    "et": "LesionAdjacentTissue",
    "off": 11418,
    "sff": "lesion"
  },
  {
    "docID": "N225 Xiao 2005",
    "et": "LesionAdjacentTissue",
    "off": 46749,
    "sff": "lesion"
  },
  {
    "docID": "N225 Xiao 2005",
    "et": "LesionAdjacentTissue",
    "off": 26781,
    "sff": "lesion"
  },
  {
    "docID": "N225 Xiao 2005",
    "et": "LesionAdjacentTissue",
    "off": 30358,
    "sff": "lesion"
  },
  {
    "docID": "N225 Xiao 2005",
    "et": "LesionAdjacentTissue",
    "off": 41879,
    "sff": "lesion"
  },
  {
    "docID": "N225 Xiao 2005",
    "et": "LesionAdjacentTissue",
    "off": 49046,
    "sff": "lesion"
  },
  {
    "docID": "N225 Xiao 2005",
    "et": "LesionAdjacentTissue",
    "off": 34467,
    "sff": "lesion"
  },
  {
    "docID": "N225 Xiao 2005",
    "et": "LesionAdjacentTissue",
    "off": 40100,
    "sff": "lesion"
  },
  {
    "docID": "N225 Xiao 2005",
    "et": "LesionAdjacentTissue",
    "off": 45733,
    "sff": "lesion"
  },
  {
    "docID": "N225 Xiao 2005",
    "et": "LesionAdjacentTissue",
    "off": 34725,
    "sff": "lesion"
  },
  {
    "docID": "N225 Xiao 2005",
    "et": "LesionAdjacentTissue",
    "off": 31646,
    "sff": "lesion"
  },
  {
    "docID": "N225 Xiao 2005",
    "et": "LesionAdjacentTissue",
    "off": 39296,
    "sff": "adjacent"
  },
  {
    "docID": "N225 Xiao 2005",
    "et": "LesionAdjacentTissue",
    "off": 54942,
    "sff": "lesion"
  },
  {
    "docID": "N225 Xiao 2005",
    "et": "LesionAdjacentTissue",
    "off": 29865,
    "sff": "lesion"
  },
  {
    "docID": "N225 Xiao 2005",
    "et": "LesionAdjacentTissue",
    "off": 39598,
    "sff": "lesion"
  },
  {
    "docID": "N225 Xiao 2005",
    "et": "LesionAdjacentTissue",
    "off": 27056,
    "sff": "lesion"
  },
  {
    "docID": "N225 Xiao 2005",
    "et": "InfusionDelivery",
    "off": 4470,
    "sff": "Infusion"
  },
  {
    "docID": "N225 Xiao 2005",
    "et": "Cervical",
    "off": 43953,
    "sff": "cervical"
  },
  {
    "docID": "N225 Xiao 2005",
    "et": "Cervical",
    "off": 25903,
    "sff": "cervical"
  },
  {
    "docID": "N225 Xiao 2005",
    "et": "Cervical",
    "off": 862,
    "sff": "cervical"
  },
  {
    "docID": "N225 Xiao 2005",
    "et": "Cervical",
    "off": 20955,
    "sff": "cervical"
  },
  {
    "docID": "N225 Xiao 2005",
    "et": "Cervical",
    "off": 24763,
    "sff": "cervical"
  },
  {
    "docID": "N225 Xiao 2005",
    "et": "Cervical",
    "off": 31132,
    "sff": "cervical"
  },
  {
    "docID": "N225 Xiao 2005",
    "et": "Cervical",
    "off": 50652,
    "sff": "cervical"
  },
  {
    "docID": "N225 Xiao 2005",
    "et": "Cervical",
    "off": 17817,
    "sff": "cervical"
  },
  {
    "docID": "N225 Xiao 2005",
    "et": "Cervical",
    "off": 10202,
    "sff": "cervical"
  },
  {
    "docID": "N225 Xiao 2005",
    "et": "Cervical",
    "off": 25463,
    "sff": "cervical"
  },
  {
    "docID": "N225 Xiao 2005",
    "et": "Cervical",
    "off": 45944,
    "sff": "cervical"
  },
  {
    "docID": "N225 Xiao 2005",
    "et": "Cervical",
    "off": 27617,
    "sff": "cervical"
  },
  {
    "docID": "N225 Xiao 2005",
    "et": "Cervical",
    "off": 45377,
    "sff": "cervical"
  },
  {
    "docID": "N225 Xiao 2005",
    "et": "Cervical",
    "off": 28735,
    "sff": "cervical"
  },
  {
    "docID": "N225 Xiao 2005",
    "et": "Cervical",
    "off": 38029,
    "sff": "cervical"
  },
  {
    "docID": "N225 Xiao 2005",
    "et": "Cervical",
    "off": 12651,
    "sff": "cervical"
  },
  {
    "docID": "N225 Xiao 2005",
    "et": "Cervical",
    "off": 12138,
    "sff": "cervical"
  },
  {
    "docID": "N225 Xiao 2005",
    "et": "Cervical",
    "off": 5032,
    "sff": "cervical"
  },
  {
    "docID": "N225 Xiao 2005",
    "et": "SpinalGrayMatter",
    "off": 57392,
    "sff": "gray matter"
  },
  {
    "docID": "N225 Xiao 2005",
    "et": "SpinalGrayMatter",
    "off": 54318,
    "sff": "gray matter"
  },
  {
    "docID": "N225 Xiao 2005",
    "et": "SpinalGrayMatter",
    "off": 38192,
    "sff": "gray matter"
  },
  {
    "docID": "N225 Xiao 2005",
    "et": "SpinalGrayMatter",
    "off": 46640,
    "sff": "gray matter"
  },
  {
    "docID": "N225 Xiao 2005",
    "et": "SpinalGrayMatter",
    "off": 33099,
    "sff": "gray matter"
  },
  {
    "docID": "N225 Xiao 2005",
    "et": "SpinalGrayMatter",
    "off": 33257,
    "sff": "gray matter"
  },
  {
    "docID": "N225 Xiao 2005",
    "et": "SpinalGrayMatter",
    "off": 12824,
    "sff": "gray matter"
  },
  {
    "docID": "N225 Xiao 2005",
    "et": "SpinalGrayMatter",
    "off": 26984,
    "sff": "gray matter"
  },
  {
    "docID": "N225 Xiao 2005",
    "et": "SpinalGrayMatter",
    "off": 1618,
    "sff": "gray matter"
  },
  {
    "docID": "N225 Xiao 2005",
    "et": "SpinalGrayMatter",
    "off": 33204,
    "sff": "gray matter"
  },
  {
    "docID": "N225 Xiao 2005",
    "et": "SpinalGrayMatter",
    "off": 39284,
    "sff": "gray matter"
  },
  {
    "docID": "N225 Xiao 2005",
    "et": "Location",
    "off": 3905,
    "sff": "location"
  },
  {
    "docID": "N225 Xiao 2005",
    "et": "Location",
    "off": 44293,
    "sff": "location"
  },
  {
    "docID": "N225 Xiao 2005",
    "et": "SubstanceApplicationLocation",
    "off": 55674,
    "sff": "application"
  },
  {
    "docID": "N225 Xiao 2005",
    "et": "C1",
    "off": 43972,
    "sff": "C1"
  },
  {
    "docID": "N225 Xiao 2005",
    "et": "C1",
    "off": 46061,
    "sff": "C1"
  },
  {
    "docID": "N225 Xiao 2005",
    "et": "C2",
    "off": 30666,
    "sff": "C2"
  },
  {
    "docID": "N225 Xiao 2005",
    "et": "C3",
    "off": 55302,
    "sff": "C3"
  },
  {
    "docID": "N225 Xiao 2005",
    "et": "C3",
    "off": 12133,
    "sff": "C3"
  },
  {
    "docID": "N225 Xiao 2005",
    "et": "C3",
    "off": 12498,
    "sff": "C3"
  },
  {
    "docID": "N225 Xiao 2005",
    "et": "C3",
    "off": 45362,
    "sff": "C3"
  },
  {
    "docID": "N225 Xiao 2005",
    "et": "C3",
    "off": 37929,
    "sff": "C3"
  },
  {
    "docID": "N225 Xiao 2005",
    "et": "C4",
    "off": 45366,
    "sff": "C4"
  },
  {
    "docID": "N225 Xiao 2005",
    "et": "C4",
    "off": 12505,
    "sff": "C4"
  },
  {
    "docID": "N225 Xiao 2005",
    "et": "C6",
    "off": 32992,
    "sff": "C6"
  },
  {
    "docID": "N225 Xiao 2005",
    "et": "C6",
    "off": 32683,
    "sff": "C6"
  },
  {
    "docID": "N225 Xiao 2005",
    "et": "C6",
    "off": 32842,
    "sff": "C6"
  },
  {
    "docID": "N225 Xiao 2005",
    "et": "C6",
    "off": 45992,
    "sff": "C6"
  },
  {
    "docID": "N225 Xiao 2005",
    "et": "CorticospinalTract",
    "off": 58480,
    "sff": "corticospinal tract"
  },
  {
    "docID": "N225 Xiao 2005",
    "et": "CorticospinalTract",
    "off": 26444,
    "sff": "corticospinal tract"
  },
  {
    "docID": "N225 Xiao 2005",
    "et": "InjectionDelivery",
    "off": 43844,
    "sff": "injection"
  },
  {
    "docID": "N225 Xiao 2005",
    "et": "InjectionDelivery",
    "off": 10182,
    "sff": "injection"
  },
  {
    "docID": "N225 Xiao 2005",
    "et": "InjectionDelivery",
    "off": 13240,
    "sff": "injection"
  },
  {
    "docID": "N225 Xiao 2005",
    "et": "InjectionDelivery",
    "off": 10967,
    "sff": "injection"
  },
  {
    "docID": "N225 Xiao 2005",
    "et": "InjectionDelivery",
    "off": 46872,
    "sff": "injection"
  },
  {
    "docID": "N225 Xiao 2005",
    "et": "InjectionDelivery",
    "off": 6770,
    "sff": "injection"
  },
  {
    "docID": "N225 Xiao 2005",
    "et": "InjectionDelivery",
    "off": 12338,
    "sff": "injection"
  },
  {
    "docID": "N225 Xiao 2005",
    "et": "InjectionDelivery",
    "off": 44191,
    "sff": "injection"
  },
  {
    "docID": "N225 Xiao 2005",
    "et": "SpinalLesionSite",
    "off": 31779,
    "sff": "lesion"
  },
  {
    "docID": "N225 Xiao 2005",
    "et": "SpinalLesionSite",
    "off": 42282,
    "sff": "lesion"
  },
  {
    "docID": "N225 Xiao 2005",
    "et": "SpinalLesionSite",
    "off": 43306,
    "sff": "lesion"
  },
  {
    "docID": "N225 Xiao 2005",
    "et": "SpinalLesionSite",
    "off": 53550,
    "sff": "lesion"
  },
  {
    "docID": "N225 Xiao 2005",
    "et": "SpinalLesionSite",
    "off": 48172,
    "sff": "lesion"
  },
  {
    "docID": "N225 Xiao 2005",
    "et": "SpinalLesionSite",
    "off": 29233,
    "sff": "lesion"
  },
  {
    "docID": "N225 Xiao 2005",
    "et": "SpinalLesionSite",
    "off": 44337,
    "sff": "lesion"
  },
  {
    "docID": "N225 Xiao 2005",
    "et": "SpinalLesionSite",
    "off": 26162,
    "sff": "lesion"
  },
  {
    "docID": "N225 Xiao 2005",
    "et": "SpinalLesionSite",
    "off": 9776,
    "sff": "lesion"
  },
  {
    "docID": "N225 Xiao 2005",
    "et": "SpinalLesionSite",
    "off": 35124,
    "sff": "lesion"
  },
  {
    "docID": "N225 Xiao 2005",
    "et": "SpinalLesionSite",
    "off": 45733,
    "sff": "lesion site"
  },
  {
    "docID": "N225 Xiao 2005",
    "et": "SpinalLesionSite",
    "off": 1850,
    "sff": "lesion"
  },
  {
    "docID": "N225 Xiao 2005",
    "et": "SpinalLesionSite",
    "off": 31034,
    "sff": "lesion"
  },
  {
    "docID": "N225 Xiao 2005",
    "et": "SpinalLesionSite",
    "off": 49214,
    "sff": "lesion"
  },
  {
    "docID": "N225 Xiao 2005",
    "et": "SpinalLesionSite",
    "off": 46749,
    "sff": "lesion site"
  },
  {
    "docID": "N225 Xiao 2005",
    "et": "SpinalLesionSite",
    "off": 45631,
    "sff": "lesion"
  },
  {
    "docID": "N225 Xiao 2005",
    "et": "SpinalLesionSite",
    "off": 43268,
    "sff": "lesion"
  },
  {
    "docID": "N225 Xiao 2005",
    "et": "SpinalLesionSite",
    "off": 58628,
    "sff": "lesion"
  },
  {
    "docID": "N225 Xiao 2005",
    "et": "SpinalLesionSite",
    "off": 13455,
    "sff": "lesion site"
  },
  {
    "docID": "N225 Xiao 2005",
    "et": "SpinalLesionSite",
    "off": 27153,
    "sff": "lesion"
  },
  {
    "docID": "N225 Xiao 2005",
    "et": "SpinalLesionSite",
    "off": 28297,
    "sff": "lesion site"
  },
  {
    "docID": "N225 Xiao 2005",
    "et": "SpinalLesionSite",
    "off": 1042,
    "sff": "lesion"
  },
  {
    "docID": "N225 Xiao 2005",
    "et": "SpinalLesionSite",
    "off": 38678,
    "sff": "lesion"
  },
  {
    "docID": "N225 Xiao 2005",
    "et": "SpinalLesionSite",
    "off": 43542,
    "sff": "lesion"
  },
  {
    "docID": "N225 Xiao 2005",
    "et": "SpinalLesionSite",
    "off": 45447,
    "sff": "lesion site"
  },
  {
    "docID": "N225 Xiao 2005",
    "et": "SpinalLesionSite",
    "off": 57108,
    "sff": "lesion"
  },
  {
    "docID": "N225 Xiao 2005",
    "et": "SpinalLesionSite",
    "off": 44057,
    "sff": "lesion"
  },
  {
    "docID": "N225 Xiao 2005",
    "et": "SpinalLesionSite",
    "off": 25987,
    "sff": "lesion site"
  },
  {
    "docID": "N225 Xiao 2005",
    "et": "SpinalLesionSite",
    "off": 41751,
    "sff": "lesion"
  },
  {
    "docID": "N225 Xiao 2005",
    "et": "SpinalLesionSite",
    "off": 28957,
    "sff": "lesion"
  },
  {
    "docID": "N225 Xiao 2005",
    "et": "SpinalLesionSite",
    "off": 29726,
    "sff": "lesion"
  },
  {
    "docID": "N225 Xiao 2005",
    "et": "SpinalLesionSite",
    "off": 42016,
    "sff": "lesion"
  },
  {
    "docID": "N225 Xiao 2005",
    "et": "SpinalLesionSite",
    "off": 41443,
    "sff": "lesion"
  },
  {
    "docID": "N225 Xiao 2005",
    "et": "SpinalLesionSite",
    "off": 47081,
    "sff": "lesion"
  },
  {
    "docID": "N225 Xiao 2005",
    "et": "SpinalLesionSite",
    "off": 44522,
    "sff": "lesion"
  },
  {
    "docID": "N225 Xiao 2005",
    "et": "SpinalLesionSite",
    "off": 24808,
    "sff": "lesion"
  },
  {
    "docID": "N225 Xiao 2005",
    "et": "SpinalLesionSite",
    "off": 53493,
    "sff": "lesion"
  },
  {
    "docID": "N225 Xiao 2005",
    "et": "SpinalLesionSite",
    "off": 31222,
    "sff": "lesion"
  },
  {
    "docID": "N225 Xiao 2005",
    "et": "SpinalLesionSite",
    "off": 56308,
    "sff": "lesion"
  },
  {
    "docID": "N225 Xiao 2005",
    "et": "SpinalLesionSite",
    "off": 58208,
    "sff": "lesion site"
  },
  {
    "docID": "N225 Xiao 2005",
    "et": "SpinalLesionSite",
    "off": 40033,
    "sff": "lesion site"
  },
  {
    "docID": "N225 Xiao 2005",
    "et": "SpinalLesionSite",
    "off": 42232,
    "sff": "lesion"
  },
  {
    "docID": "N225 Xiao 2005",
    "et": "SpinalLesionSite",
    "off": 26365,
    "sff": "lesion"
  },
  {
    "docID": "N225 Xiao 2005",
    "et": "SpinalLesionSite",
    "off": 49409,
    "sff": "lesion"
  },
  {
    "docID": "N225 Xiao 2005",
    "et": "SpinalLesionSite",
    "off": 30811,
    "sff": "lesion site"
  },
  {
    "docID": "N225 Xiao 2005",
    "et": "SpinalLesionSite",
    "off": 46935,
    "sff": "lesion site"
  },
  {
    "docID": "N225 Xiao 2005",
    "et": "SpinalLesionSite",
    "off": 42695,
    "sff": "lesion"
  },
  {
    "docID": "N225 Xiao 2005",
    "et": "SpinalLesionSite",
    "off": 54346,
    "sff": "lesion site"
  },
  {
    "docID": "N225 Xiao 2005",
    "et": "SpinalLesionSite",
    "off": 26831,
    "sff": "lesion"
  },
  {
    "docID": "N225 Xiao 2005",
    "et": "SpinalLesionSite",
    "off": 33744,
    "sff": "lesion"
  },
  {
    "docID": "N225 Xiao 2005",
    "et": "SpinalLesionSite",
    "off": 48597,
    "sff": "lesion"
  },
  {
    "docID": "N225 Xiao 2005",
    "et": "SpinalLesionSite",
    "off": 51157,
    "sff": "lesion"
  },
  {
    "docID": "N225 Xiao 2005",
    "et": "SpinalLesionSite",
    "off": 49622,
    "sff": "lesion"
  },
  {
    "docID": "N225 Xiao 2005",
    "et": "SpinalLesionSite",
    "off": 41427,
    "sff": "lesion"
  },
  {
    "docID": "N225 Xiao 2005",
    "et": "SpinalLesionSite",
    "off": 1243,
    "sff": "lesion"
  },
  {
    "docID": "N225 Xiao 2005",
    "et": "SpinalLesionSite",
    "off": 42466,
    "sff": "lesion"
  },
  {
    "docID": "N225 Xiao 2005",
    "et": "SpinalLesionSite",
    "off": 49378,
    "sff": "lesion"
  },
  {
    "docID": "N225 Xiao 2005",
    "et": "SpinalLesionSite",
    "off": 43488,
    "sff": "lesion"
  },
  {
    "docID": "N225 Xiao 2005",
    "et": "SpinalLesionSite",
    "off": 34725,
    "sff": "lesion"
  },
  {
    "docID": "N225 Xiao 2005",
    "et": "SpinalLesionSite",
    "off": 34467,
    "sff": "lesion"
  },
  {
    "docID": "N225 Xiao 2005",
    "et": "SpinalLesionSite",
    "off": 40100,
    "sff": "lesion"
  },
  {
    "docID": "N225 Xiao 2005",
    "et": "SpinalLesionSite",
    "off": 29865,
    "sff": "lesion"
  },
  {
    "docID": "N225 Xiao 2005",
    "et": "SpinalLesionSite",
    "off": 40238,
    "sff": "lesion site"
  },
  {
    "docID": "N225 Xiao 2005",
    "et": "SpinalLesionSite",
    "off": 39598,
    "sff": "lesion"
  },
  {
    "docID": "N225 Xiao 2005",
    "et": "SpinalLesionSite",
    "off": 47404,
    "sff": "lesion site"
  },
  {
    "docID": "N225 Xiao 2005",
    "et": "SpinalLesionSite",
    "off": 27056,
    "sff": "lesion"
  },
  {
    "docID": "N225 Xiao 2005",
    "et": "SpinalLesionSite",
    "off": 42679,
    "sff": "lesion"
  },
  {
    "docID": "N225 Xiao 2005",
    "et": "SpinalLesionSite",
    "off": 30904,
    "sff": "lesion"
  },
  {
    "docID": "N225 Xiao 2005",
    "et": "SpinalLesionSite",
    "off": 44577,
    "sff": "lesion site"
  },
  {
    "docID": "N225 Xiao 2005",
    "et": "SpinalLesionSite",
    "off": 41661,
    "sff": "lesion"
  },
  {
    "docID": "N225 Xiao 2005",
    "et": "SpinalLesionSite",
    "off": 57021,
    "sff": "lesion"
  },
  {
    "docID": "N225 Xiao 2005",
    "et": "SpinalLesionSite",
    "off": 28350,
    "sff": "lesion"
  },
  {
    "docID": "N225 Xiao 2005",
    "et": "SpinalLesionSite",
    "off": 25025,
    "sff": "lesion"
  },
  {
    "docID": "N225 Xiao 2005",
    "et": "SpinalLesionSite",
    "off": 30401,
    "sff": "lesion"
  },
  {
    "docID": "N225 Xiao 2005",
    "et": "SpinalLesionSite",
    "off": 38338,
    "sff": "lesion"
  },
  {
    "docID": "N225 Xiao 2005",
    "et": "SpinalLesionSite",
    "off": 45503,
    "sff": "lesion"
  },
  {
    "docID": "N225 Xiao 2005",
    "et": "SpinalLesionSite",
    "off": 40128,
    "sff": "lesion"
  },
  {
    "docID": "N225 Xiao 2005",
    "et": "SpinalLesionSite",
    "off": 42432,
    "sff": "lesion"
  },
  {
    "docID": "N225 Xiao 2005",
    "et": "SpinalLesionSite",
    "off": 12677,
    "sff": "lesion"
  },
  {
    "docID": "N225 Xiao 2005",
    "et": "SpinalLesionSite",
    "off": 20501,
    "sff": "lesion site"
  },
  {
    "docID": "N225 Xiao 2005",
    "et": "SpinalLesionSite",
    "off": 50960,
    "sff": "lesion site"
  },
  {
    "docID": "N225 Xiao 2005",
    "et": "SpinalLesionSite",
    "off": 35208,
    "sff": "lesion"
  },
  {
    "docID": "N225 Xiao 2005",
    "et": "SpinalLesionSite",
    "off": 31627,
    "sff": "lesion"
  },
  {
    "docID": "N225 Xiao 2005",
    "et": "SpinalLesionSite",
    "off": 30604,
    "sff": "lesion"
  },
  {
    "docID": "N225 Xiao 2005",
    "et": "SpinalLesionSite",
    "off": 30358,
    "sff": "lesion"
  },
  {
    "docID": "N225 Xiao 2005",
    "et": "SpinalLesionSite",
    "off": 49046,
    "sff": "lesion"
  },
  {
    "docID": "N225 Xiao 2005",
    "et": "SpinalLesionSite",
    "off": 54789,
    "sff": "lesion site"
  },
  {
    "docID": "N225 Xiao 2005",
    "et": "SpinalLesionSite",
    "off": 11418,
    "sff": "lesion"
  },
  {
    "docID": "N225 Xiao 2005",
    "et": "SpinalLesionSite",
    "off": 41879,
    "sff": "lesion"
  },
  {
    "docID": "N225 Xiao 2005",
    "et": "SpinalLesionSite",
    "off": 26781,
    "sff": "lesion"
  },
  {
    "docID": "N225 Xiao 2005",
    "et": "SpinalLesionSite",
    "off": 31646,
    "sff": "lesion"
  },
  {
    "docID": "N225 Xiao 2005",
    "et": "SpinalLesionSite",
    "off": 54942,
    "sff": "lesion"
  },
  {
    "docID": "N225 Xiao 2005",
    "et": "SpinalLesionSite",
    "off": 20991,
    "sff": "lesion site"
  },
  {
    "docID": "N225 Xiao 2005",
    "et": "SpinalLesionSite",
    "off": 46589,
    "sff": "lesion site"
  },
  {
    "docID": "N225 Xiao 2005",
    "et": "SpinalLesionSite",
    "off": 31587,
    "sff": "lesion"
  },
  {
    "docID": "N225 Xiao 2005",
    "et": "SpinalLesionSite",
    "off": 56679,
    "sff": "lesion"
  },
  {
    "docID": "N225 Xiao 2005",
    "et": "SpinalLesionSite",
    "off": 54891,
    "sff": "lesion"
  },
  {
    "docID": "N225 Xiao 2005",
    "et": "SpinalLesionSite",
    "off": 40424,
    "sff": "lesion site"
  },
  {
    "docID": "N225 Xiao 2005",
    "et": "SpinalLesionSite",
    "off": 44659,
    "sff": "lesion"
  },
  {
    "docID": "N225 Xiao 2005",
    "et": "SpinalLesionSite",
    "off": 40057,
    "sff": "lesion"
  },
  {
    "docID": "N225 Xiao 2005",
    "et": "SpinalLesionSite",
    "off": 14048,
    "sff": "lesion site"
  },
  {
    "docID": "N225 Xiao 2005",
    "et": "SpinalLesionSite",
    "off": 27770,
    "sff": "lesion"
  },
  {
    "docID": "N225 Xiao 2005",
    "et": "SpinalLesionSite",
    "off": 43994,
    "sff": "lesion site"
  },
  {
    "docID": "N225 Xiao 2005",
    "et": "SpinalLesionSite",
    "off": 980,
    "sff": "lesion site"
  },
  {
    "docID": "N225 Xiao 2005",
    "et": "SpinalLesionSite",
    "off": 29515,
    "sff": "lesion"
  },
  {
    "docID": "N225 Xiao 2005",
    "et": "SpinalLesionSite",
    "off": 37963,
    "sff": "lesion"
  },
  {
    "docID": "N225 Xiao 2005",
    "et": "SpinalLesionSite",
    "off": 27980,
    "sff": "lesion"
  },
  {
    "docID": "N225 Xiao 2005",
    "et": "SpinalLesionSite",
    "off": 40528,
    "sff": "lesion"
  },
  {
    "docID": "N225 Xiao 2005",
    "et": "SpinalLesionSite",
    "off": 42069,
    "sff": "lesion"
  },
  {
    "docID": "N225 Xiao 2005",
    "et": "SpinalLesionSite",
    "off": 35158,
    "sff": "lesion"
  },
  {
    "docID": "N225 Xiao 2005",
    "et": "SpinalLesionSite",
    "off": 41046,
    "sff": "lesion"
  },
  {
    "docID": "N225 Xiao 2005",
    "et": "SpinalLesionSite",
    "off": 29273,
    "sff": "lesion"
  },
  {
    "docID": "N225 Xiao 2005",
    "et": "SpinalLesionSite",
    "off": 34649,
    "sff": "lesion"
  },
  {
    "docID": "N225 Xiao 2005",
    "et": "SpinalLesionSite",
    "off": 34906,
    "sff": "lesion"
  },
  {
    "docID": "N225 Xiao 2005",
    "et": "SpinalLesionSite",
    "off": 30551,
    "sff": "lesion"
  },
  {
    "docID": "N225 Xiao 2005",
    "et": "SpinalLesionSite",
    "off": 31319,
    "sff": "lesion"
  },
  {
    "docID": "N225 Xiao 2005",
    "et": "SpinalLesionSite",
    "off": 32963,
    "sff": "lesion site"
  },
  {
    "docID": "N225 Xiao 2005",
    "et": "SpinalLesionSite",
    "off": 28092,
    "sff": "lesion site"
  },
  {
    "docID": "N225 Xiao 2005",
    "et": "SpinalLesionSite",
    "off": 32862,
    "sff": "lesion"
  },
  {
    "docID": "N225 Xiao 2005",
    "et": "SpinalLesionSite",
    "off": 29531,
    "sff": "lesion"
  },
  {
    "docID": "N225 Xiao 2005",
    "et": "SpinalLesionSite",
    "off": 37985,
    "sff": "lesion"
  },
  {
    "docID": "N225 Xiao 2005",
    "et": "SpinalLesionSite",
    "off": 33890,
    "sff": "lesion"
  },
  {
    "docID": "N225 Xiao 2005",
    "et": "SpinalLesionSite",
    "off": 25951,
    "sff": "lesion"
  },
  {
    "docID": "N225 Xiao 2005",
    "et": "T1",
    "off": 14882,
    "sff": "T1"
  },
  {
    "docID": "N225 Xiao 2005",
    "et": "T1",
    "off": 11025,
    "sff": "T1"
  },
  {
    "docID": "N225 Xiao 2005",
    "et": "T1",
    "off": 45828,
    "sff": "T1"
  },
  {
    "docID": "N225 Xiao 2005",
    "et": "T1",
    "off": 46801,
    "sff": "T1"
  },
  {
    "docID": "N225 Xiao 2005",
    "et": "RubrospinalTract",
    "off": 4782,
    "sff": "rubrospinal"
  },
  {
    "docID": "N225 Xiao 2005",
    "et": "RubrospinalTract",
    "off": 26897,
    "sff": "rubrospinal tract"
  },
  {
    "docID": "N225 Xiao 2005",
    "et": "RubrospinalTract",
    "off": 4336,
    "sff": "rubrospinal tract"
  },
  {
    "docID": "N225 Xiao 2005",
    "et": "RubrospinalTract",
    "off": 551,
    "sff": "rubrospinal tract"
  },
  {
    "docID": "N225 Xiao 2005",
    "et": "RubrospinalTract",
    "off": 67,
    "sff": "rubrospinal"
  }
]
