[
  {
    "docID": "N227 Yamamoto 2009",
    "et": "AscendingFiberTract",
    "off": 7003,
    "sff": "ascending"
  },
  {
    "docID": "N227 Yamamoto 2009",
    "et": "SpinalWhiteMatter",
    "off": 4585,
    "sff": "white"
  },
  {
    "docID": "N227 Yamamoto 2009",
    "et": "SpinalDorsalHalf",
    "off": 8333,
    "sff": "dorsal"
  },
  {
    "docID": "N227 Yamamoto 2009",
    "et": "SpinalDorsalHalf",
    "off": 21114,
    "sff": "dorsal"
  },
  {
    "docID": "N227 Yamamoto 2009",
    "et": "SpinalDorsalHalf",
    "off": 18518,
    "sff": "dorsal"
  },
  {
    "docID": "N227 Yamamoto 2009",
    "et": "SpinalDorsalHalf",
    "off": 7013,
    "sff": "dorsal"
  },
  {
    "docID": "N227 Yamamoto 2009",
    "et": "SpinalDorsalHalf",
    "off": 8131,
    "sff": "dorsal"
  },
  {
    "docID": "N227 Yamamoto 2009",
    "et": "SpinalVentralHalf",
    "off": 7304,
    "sff": "ventral"
  },
  {
    "docID": "N227 Yamamoto 2009",
    "et": "SpinalVentralHalf",
    "off": 7917,
    "sff": "ventral"
  },
  {
    "docID": "N227 Yamamoto 2009",
    "et": "SpinalCord",
    "off": 17831,
    "sff": "cord"
  },
  {
    "docID": "N227 Yamamoto 2009",
    "et": "SpinalCord",
    "off": 7897,
    "sff": "cord"
  },
  {
    "docID": "N227 Yamamoto 2009",
    "et": "SpinalCord",
    "off": 7285,
    "sff": "cord"
  },
  {
    "docID": "N227 Yamamoto 2009",
    "et": "SpinalCord",
    "off": 18543,
    "sff": "cord"
  },
  {
    "docID": "N227 Yamamoto 2009",
    "et": "SpinalCord",
    "off": 19903,
    "sff": "cord"
  },
  {
    "docID": "N227 Yamamoto 2009",
    "et": "SpinalCord",
    "off": 7456,
    "sff": "cord"
  },
  {
    "docID": "N227 Yamamoto 2009",
    "et": "SpinalCord",
    "off": 17547,
    "sff": "cord"
  },
  {
    "docID": "N227 Yamamoto 2009",
    "et": "SpinalCord",
    "off": 18765,
    "sff": "cord"
  },
  {
    "docID": "N227 Yamamoto 2009",
    "et": "Vertebrae",
    "off": 17602,
    "sff": "vertebrae"
  },
  {
    "docID": "N227 Yamamoto 2009",
    "et": "DorsalColumn",
    "off": 21114,
    "sff": "dorsal"
  },
  {
    "docID": "N227 Yamamoto 2009",
    "et": "DorsalColumn",
    "off": 7013,
    "sff": "dorsal"
  },
  {
    "docID": "N227 Yamamoto 2009",
    "et": "DorsalColumn",
    "off": 18518,
    "sff": "dorsal"
  },
  {
    "docID": "N227 Yamamoto 2009",
    "et": "DorsalColumn",
    "off": 8131,
    "sff": "dorsal"
  },
  {
    "docID": "N227 Yamamoto 2009",
    "et": "DorsalColumn",
    "off": 8333,
    "sff": "dorsal"
  },
  {
    "docID": "N227 Yamamoto 2009",
    "et": "LesionAdjacentTissue",
    "off": 4266,
    "sff": "lesion"
  },
  {
    "docID": "N227 Yamamoto 2009",
    "et": "LesionAdjacentTissue",
    "off": 17963,
    "sff": "lesion"
  },
  {
    "docID": "N227 Yamamoto 2009",
    "et": "LesionAdjacentTissue",
    "off": 7525,
    "sff": "lesion"
  },
  {
    "docID": "N227 Yamamoto 2009",
    "et": "LesionAdjacentTissue",
    "off": 7713,
    "sff": "lesion"
  },
  {
    "docID": "N227 Yamamoto 2009",
    "et": "LesionAdjacentTissue",
    "off": 21346,
    "sff": "lesion"
  },
  {
    "docID": "N227 Yamamoto 2009",
    "et": "LesionAdjacentTissue",
    "off": 8610,
    "sff": "lesion"
  },
  {
    "docID": "N227 Yamamoto 2009",
    "et": "LesionAdjacentTissue",
    "off": 8157,
    "sff": "lesion"
  },
  {
    "docID": "N227 Yamamoto 2009",
    "et": "LesionAdjacentTissue",
    "off": 4510,
    "sff": "lesion"
  },
  {
    "docID": "N227 Yamamoto 2009",
    "et": "LesionAdjacentTissue",
    "off": 17917,
    "sff": "adjacent"
  },
  {
    "docID": "N227 Yamamoto 2009",
    "et": "LesionAdjacentTissue",
    "off": 10905,
    "sff": "lesion"
  },
  {
    "docID": "N227 Yamamoto 2009",
    "et": "LesionAdjacentTissue",
    "off": 2395,
    "sff": "lesion"
  },
  {
    "docID": "N227 Yamamoto 2009",
    "et": "LesionAdjacentTissue",
    "off": 5148,
    "sff": "lesion"
  },
  {
    "docID": "N227 Yamamoto 2009",
    "et": "LesionAdjacentTissue",
    "off": 2968,
    "sff": "lesion"
  },
  {
    "docID": "N227 Yamamoto 2009",
    "et": "LesionAdjacentTissue",
    "off": 3992,
    "sff": "lesion"
  },
  {
    "docID": "N227 Yamamoto 2009",
    "et": "LesionAdjacentTissue",
    "off": 18706,
    "sff": "lesion"
  },
  {
    "docID": "N227 Yamamoto 2009",
    "et": "LesionAdjacentTissue",
    "off": 8466,
    "sff": "lesion"
  },
  {
    "docID": "N227 Yamamoto 2009",
    "et": "LesionAdjacentTissue",
    "off": 595,
    "sff": "lesion"
  },
  {
    "docID": "N227 Yamamoto 2009",
    "et": "LesionAdjacentTissue",
    "off": 6355,
    "sff": "lesion"
  },
  {
    "docID": "N227 Yamamoto 2009",
    "et": "LesionAdjacentTissue",
    "off": 9235,
    "sff": "lesion"
  },
  {
    "docID": "N227 Yamamoto 2009",
    "et": "LesionAdjacentTissue",
    "off": 7440,
    "sff": "adjacent"
  },
  {
    "docID": "N227 Yamamoto 2009",
    "et": "LesionAdjacentTissue",
    "off": 3280,
    "sff": "lesion"
  },
  {
    "docID": "N227 Yamamoto 2009",
    "et": "LesionAdjacentTissue",
    "off": 8656,
    "sff": "lesion"
  },
  {
    "docID": "N227 Yamamoto 2009",
    "et": "LesionAdjacentTissue",
    "off": 17999,
    "sff": "lesion"
  },
  {
    "docID": "N227 Yamamoto 2009",
    "et": "LesionAdjacentTissue",
    "off": 138,
    "sff": "lesion"
  },
  {
    "docID": "N227 Yamamoto 2009",
    "et": "LesionAdjacentTissue",
    "off": 6946,
    "sff": "adjacent"
  },
  {
    "docID": "N227 Yamamoto 2009",
    "et": "LesionAdjacentTissue",
    "off": 4607,
    "sff": "Lesion"
  },
  {
    "docID": "N227 Yamamoto 2009",
    "et": "LesionAdjacentTissue",
    "off": 6214,
    "sff": "lesion"
  },
  {
    "docID": "N227 Yamamoto 2009",
    "et": "LesionAdjacentTissue",
    "off": 9857,
    "sff": "lesion"
  },
  {
    "docID": "N227 Yamamoto 2009",
    "et": "LesionAdjacentTissue",
    "off": 19331,
    "sff": "lesion"
  },
  {
    "docID": "N227 Yamamoto 2009",
    "et": "LesionAdjacentTissue",
    "off": 7264,
    "sff": "adjacent"
  },
  {
    "docID": "N227 Yamamoto 2009",
    "et": "LesionAdjacentTissue",
    "off": 5888,
    "sff": "lesion"
  },
  {
    "docID": "N227 Yamamoto 2009",
    "et": "LesionAdjacentTissue",
    "off": 10233,
    "sff": "lesion"
  },
  {
    "docID": "N227 Yamamoto 2009",
    "et": "LesionAdjacentTissue",
    "off": 4859,
    "sff": "lesion"
  },
  {
    "docID": "N227 Yamamoto 2009",
    "et": "LesionAdjacentTissue",
    "off": 8380,
    "sff": "lesion"
  },
  {
    "docID": "N227 Yamamoto 2009",
    "et": "LesionAdjacentTissue",
    "off": 3702,
    "sff": "lesion"
  },
  {
    "docID": "N227 Yamamoto 2009",
    "et": "LesionAdjacentTissue",
    "off": 8949,
    "sff": "lesion"
  },
  {
    "docID": "N227 Yamamoto 2009",
    "et": "LesionAdjacentTissue",
    "off": 19765,
    "sff": "lesion"
  },
  {
    "docID": "N227 Yamamoto 2009",
    "et": "LesionAdjacentTissue",
    "off": 7793,
    "sff": "lesion"
  },
  {
    "docID": "N227 Yamamoto 2009",
    "et": "LesionAdjacentTissue",
    "off": 878,
    "sff": "lesion"
  },
  {
    "docID": "N227 Yamamoto 2009",
    "et": "LesionAdjacentTissue",
    "off": 7599,
    "sff": "lesion"
  },
  {
    "docID": "N227 Yamamoto 2009",
    "et": "LesionAdjacentTissue",
    "off": 1200,
    "sff": "lesion"
  },
  {
    "docID": "N227 Yamamoto 2009",
    "et": "Cervical",
    "off": 2178,
    "sff": "cervical"
  },
  {
    "docID": "N227 Yamamoto 2009",
    "et": "Cervical",
    "off": 17593,
    "sff": "cervical"
  },
  {
    "docID": "N227 Yamamoto 2009",
    "et": "SubstanceApplicationLocation",
    "off": 623,
    "sff": "application"
  },
  {
    "docID": "N227 Yamamoto 2009",
    "et": "SubstanceApplicationLocation",
    "off": 2441,
    "sff": "application"
  },
  {
    "docID": "N227 Yamamoto 2009",
    "et": "C1",
    "off": 6910,
    "sff": "C1"
  },
  {
    "docID": "N227 Yamamoto 2009",
    "et": "C2",
    "off": 6913,
    "sff": "C2"
  },
  {
    "docID": "N227 Yamamoto 2009",
    "et": "CorticospinalTract",
    "off": 100,
    "sff": "corticospinal tract"
  },
  {
    "docID": "N227 Yamamoto 2009",
    "et": "CorticospinalTract",
    "off": 2298,
    "sff": "corticospinal"
  },
  {
    "docID": "N227 Yamamoto 2009",
    "et": "CorticospinalTract",
    "off": 458,
    "sff": "corticospinal tract"
  },
  {
    "docID": "N227 Yamamoto 2009",
    "et": "CorticospinalTract",
    "off": 2187,
    "sff": "corticospinal tract"
  },
  {
    "docID": "N227 Yamamoto 2009",
    "et": "InjectionDelivery",
    "off": 6306,
    "sff": "injection"
  },
  {
    "docID": "N227 Yamamoto 2009",
    "et": "InjectionDelivery",
    "off": 18856,
    "sff": "injection"
  },
  {
    "docID": "N227 Yamamoto 2009",
    "et": "InjectionDelivery",
    "off": 7324,
    "sff": "injection"
  },
  {
    "docID": "N227 Yamamoto 2009",
    "et": "SpinalLesionSite",
    "off": 8466,
    "sff": "lesion"
  },
  {
    "docID": "N227 Yamamoto 2009",
    "et": "SpinalLesionSite",
    "off": 595,
    "sff": "lesion"
  },
  {
    "docID": "N227 Yamamoto 2009",
    "et": "SpinalLesionSite",
    "off": 6355,
    "sff": "lesion"
  },
  {
    "docID": "N227 Yamamoto 2009",
    "et": "SpinalLesionSite",
    "off": 9235,
    "sff": "lesion"
  },
  {
    "docID": "N227 Yamamoto 2009",
    "et": "SpinalLesionSite",
    "off": 2968,
    "sff": "lesion"
  },
  {
    "docID": "N227 Yamamoto 2009",
    "et": "SpinalLesionSite",
    "off": 3992,
    "sff": "lesion"
  },
  {
    "docID": "N227 Yamamoto 2009",
    "et": "SpinalLesionSite",
    "off": 10905,
    "sff": "lesion"
  },
  {
    "docID": "N227 Yamamoto 2009",
    "et": "SpinalLesionSite",
    "off": 138,
    "sff": "lesion"
  },
  {
    "docID": "N227 Yamamoto 2009",
    "et": "SpinalLesionSite",
    "off": 3280,
    "sff": "lesion"
  },
  {
    "docID": "N227 Yamamoto 2009",
    "et": "SpinalLesionSite",
    "off": 8656,
    "sff": "lesion"
  },
  {
    "docID": "N227 Yamamoto 2009",
    "et": "SpinalLesionSite",
    "off": 17999,
    "sff": "lesion"
  },
  {
    "docID": "N227 Yamamoto 2009",
    "et": "SpinalLesionSite",
    "off": 4607,
    "sff": "Lesion"
  },
  {
    "docID": "N227 Yamamoto 2009",
    "et": "SpinalLesionSite",
    "off": 19331,
    "sff": "lesion"
  },
  {
    "docID": "N227 Yamamoto 2009",
    "et": "SpinalLesionSite",
    "off": 18706,
    "sff": "lesion site"
  },
  {
    "docID": "N227 Yamamoto 2009",
    "et": "SpinalLesionSite",
    "off": 6214,
    "sff": "lesion"
  },
  {
    "docID": "N227 Yamamoto 2009",
    "et": "SpinalLesionSite",
    "off": 8380,
    "sff": "lesion"
  },
  {
    "docID": "N227 Yamamoto 2009",
    "et": "SpinalLesionSite",
    "off": 4859,
    "sff": "lesion"
  },
  {
    "docID": "N227 Yamamoto 2009",
    "et": "SpinalLesionSite",
    "off": 5888,
    "sff": "lesion"
  },
  {
    "docID": "N227 Yamamoto 2009",
    "et": "SpinalLesionSite",
    "off": 9857,
    "sff": "lesion"
  },
  {
    "docID": "N227 Yamamoto 2009",
    "et": "SpinalLesionSite",
    "off": 8949,
    "sff": "lesion"
  },
  {
    "docID": "N227 Yamamoto 2009",
    "et": "SpinalLesionSite",
    "off": 19765,
    "sff": "lesion"
  },
  {
    "docID": "N227 Yamamoto 2009",
    "et": "SpinalLesionSite",
    "off": 10233,
    "sff": "lesion"
  },
  {
    "docID": "N227 Yamamoto 2009",
    "et": "SpinalLesionSite",
    "off": 3702,
    "sff": "lesion"
  },
  {
    "docID": "N227 Yamamoto 2009",
    "et": "SpinalLesionSite",
    "off": 4266,
    "sff": "lesion"
  },
  {
    "docID": "N227 Yamamoto 2009",
    "et": "SpinalLesionSite",
    "off": 17963,
    "sff": "lesion"
  },
  {
    "docID": "N227 Yamamoto 2009",
    "et": "SpinalLesionSite",
    "off": 878,
    "sff": "lesion"
  },
  {
    "docID": "N227 Yamamoto 2009",
    "et": "SpinalLesionSite",
    "off": 7599,
    "sff": "lesion"
  },
  {
    "docID": "N227 Yamamoto 2009",
    "et": "SpinalLesionSite",
    "off": 7525,
    "sff": "lesion"
  },
  {
    "docID": "N227 Yamamoto 2009",
    "et": "SpinalLesionSite",
    "off": 8610,
    "sff": "lesion"
  },
  {
    "docID": "N227 Yamamoto 2009",
    "et": "SpinalLesionSite",
    "off": 21346,
    "sff": "lesion"
  },
  {
    "docID": "N227 Yamamoto 2009",
    "et": "SpinalLesionSite",
    "off": 1200,
    "sff": "lesion site"
  },
  {
    "docID": "N227 Yamamoto 2009",
    "et": "SpinalLesionSite",
    "off": 7793,
    "sff": "lesion site"
  },
  {
    "docID": "N227 Yamamoto 2009",
    "et": "SpinalLesionSite",
    "off": 5148,
    "sff": "lesion"
  },
  {
    "docID": "N227 Yamamoto 2009",
    "et": "SpinalLesionSite",
    "off": 8157,
    "sff": "lesion"
  },
  {
    "docID": "N227 Yamamoto 2009",
    "et": "SpinalLesionSite",
    "off": 2395,
    "sff": "lesion"
  },
  {
    "docID": "N227 Yamamoto 2009",
    "et": "SpinalLesionSite",
    "off": 7713,
    "sff": "lesion"
  },
  {
    "docID": "N227 Yamamoto 2009",
    "et": "SpinalLesionSite",
    "off": 4510,
    "sff": "lesion"
  }
]
