[
  {
    "docID": "N229 Yui 2014",
    "et": "T8",
    "off": 14718,
    "sff": "T8"
  },
  {
    "docID": "N229 Yui 2014",
    "et": "T9",
    "off": 21014,
    "sff": "T9"
  },
  {
    "docID": "N229 Yui 2014",
    "et": "SubcutaneousLocation",
    "off": 12236,
    "sff": "subcutaneous"
  },
  {
    "docID": "N229 Yui 2014",
    "et": "T10",
    "off": 11952,
    "sff": "T10"
  },
  {
    "docID": "N229 Yui 2014",
    "et": "T10",
    "off": 12955,
    "sff": "T10"
  },
  {
    "docID": "N229 Yui 2014",
    "et": "T10",
    "off": 21017,
    "sff": "T10"
  },
  {
    "docID": "N229 Yui 2014",
    "et": "T12",
    "off": 14721,
    "sff": "T12"
  },
  {
    "docID": "N229 Yui 2014",
    "et": "VertebralLocation",
    "off": 11956,
    "sff": "vertebral"
  },
  {
    "docID": "N229 Yui 2014",
    "et": "IntraperitonealLocation",
    "off": 5870,
    "sff": "intraperitoneal"
  },
  {
    "docID": "N229 Yui 2014",
    "et": "SpinalWhiteMatter",
    "off": 19467,
    "sff": "white matter"
  },
  {
    "docID": "N229 Yui 2014",
    "et": "SpinalWhiteMatter",
    "off": 19691,
    "sff": "white matter"
  },
  {
    "docID": "N229 Yui 2014",
    "et": "SpinalWhiteMatter",
    "off": 19962,
    "sff": "white matter"
  },
  {
    "docID": "N229 Yui 2014",
    "et": "SpinalWhiteMatter",
    "off": 20920,
    "sff": "white matter"
  },
  {
    "docID": "N229 Yui 2014",
    "et": "SpinalWhiteMatter",
    "off": 20759,
    "sff": "white matter"
  },
  {
    "docID": "N229 Yui 2014",
    "et": "SpinalWhiteMatter",
    "off": 21987,
    "sff": "white matter"
  },
  {
    "docID": "N229 Yui 2014",
    "et": "SpinalWhiteMatter",
    "off": 21567,
    "sff": "white matter"
  },
  {
    "docID": "N229 Yui 2014",
    "et": "VeinLocation",
    "off": 13490,
    "sff": "vein"
  },
  {
    "docID": "N229 Yui 2014",
    "et": "FemoralVeinLocation",
    "off": 13490,
    "sff": "vein"
  },
  {
    "docID": "N229 Yui 2014",
    "et": "SpinalDorsalHalf",
    "off": 11912,
    "sff": "dorsal"
  },
  {
    "docID": "N229 Yui 2014",
    "et": "SpinalCord",
    "off": 954,
    "sff": "cord"
  },
  {
    "docID": "N229 Yui 2014",
    "et": "SpinalCord",
    "off": 21180,
    "sff": "cord"
  },
  {
    "docID": "N229 Yui 2014",
    "et": "SpinalCord",
    "off": 14523,
    "sff": "cord"
  },
  {
    "docID": "N229 Yui 2014",
    "et": "SpinalCord",
    "off": 15734,
    "sff": "cord"
  },
  {
    "docID": "N229 Yui 2014",
    "et": "SpinalCord",
    "off": 18614,
    "sff": "cord"
  },
  {
    "docID": "N229 Yui 2014",
    "et": "SpinalCord",
    "off": 376,
    "sff": "cord"
  },
  {
    "docID": "N229 Yui 2014",
    "et": "SpinalCord",
    "off": 18551,
    "sff": "cord"
  },
  {
    "docID": "N229 Yui 2014",
    "et": "SpinalCord",
    "off": 15236,
    "sff": "cord"
  },
  {
    "docID": "N229 Yui 2014",
    "et": "SpinalCord",
    "off": 20873,
    "sff": "cord"
  },
  {
    "docID": "N229 Yui 2014",
    "et": "SpinalCord",
    "off": 13323,
    "sff": "cord"
  },
  {
    "docID": "N229 Yui 2014",
    "et": "SpinalCord",
    "off": 20683,
    "sff": "cord"
  },
  {
    "docID": "N229 Yui 2014",
    "et": "SpinalCord",
    "off": 71,
    "sff": "cord"
  },
  {
    "docID": "N229 Yui 2014",
    "et": "SpinalCord",
    "off": 15762,
    "sff": "cord"
  },
  {
    "docID": "N229 Yui 2014",
    "et": "SpinalCord",
    "off": 13779,
    "sff": "cord"
  },
  {
    "docID": "N229 Yui 2014",
    "et": "SpinalCord",
    "off": 4816,
    "sff": "cord"
  },
  {
    "docID": "N229 Yui 2014",
    "et": "SpinalCord",
    "off": 14745,
    "sff": "cord"
  },
  {
    "docID": "N229 Yui 2014",
    "et": "SpinalCord",
    "off": 19417,
    "sff": "cord"
  },
  {
    "docID": "N229 Yui 2014",
    "et": "SpinalCord",
    "off": 24025,
    "sff": "cord"
  },
  {
    "docID": "N229 Yui 2014",
    "et": "SpinalCord",
    "off": 25497,
    "sff": "cord"
  },
  {
    "docID": "N229 Yui 2014",
    "et": "SpinalCord",
    "off": 4188,
    "sff": "cord"
  },
  {
    "docID": "N229 Yui 2014",
    "et": "SpinalCord",
    "off": 13532,
    "sff": "cord"
  },
  {
    "docID": "N229 Yui 2014",
    "et": "SpinalCord",
    "off": 26012,
    "sff": "cord"
  },
  {
    "docID": "N229 Yui 2014",
    "et": "SpinalCord",
    "off": 22358,
    "sff": "cord"
  },
  {
    "docID": "N229 Yui 2014",
    "et": "SpinalCord",
    "off": 14421,
    "sff": "cord"
  },
  {
    "docID": "N229 Yui 2014",
    "et": "SpinalCord",
    "off": 23829,
    "sff": "cord"
  },
  {
    "docID": "N229 Yui 2014",
    "et": "SpinalCord",
    "off": 21399,
    "sff": "cord"
  },
  {
    "docID": "N229 Yui 2014",
    "et": "SpinalCord",
    "off": 19614,
    "sff": "cord"
  },
  {
    "docID": "N229 Yui 2014",
    "et": "SpinalCord",
    "off": 1120,
    "sff": "cord"
  },
  {
    "docID": "N229 Yui 2014",
    "et": "SpinalCord",
    "off": 614,
    "sff": "cord"
  },
  {
    "docID": "N229 Yui 2014",
    "et": "SpinalCord",
    "off": 21734,
    "sff": "cord"
  },
  {
    "docID": "N229 Yui 2014",
    "et": "SpinalCord",
    "off": 19493,
    "sff": "cord"
  },
  {
    "docID": "N229 Yui 2014",
    "et": "SpinalCord",
    "off": 23592,
    "sff": "cord"
  },
  {
    "docID": "N229 Yui 2014",
    "et": "SpinalCord",
    "off": 1191,
    "sff": "cord"
  },
  {
    "docID": "N229 Yui 2014",
    "et": "SpinalCord",
    "off": 12979,
    "sff": "cord"
  },
  {
    "docID": "N229 Yui 2014",
    "et": "SpinalCord",
    "off": 21421,
    "sff": "cord"
  },
  {
    "docID": "N229 Yui 2014",
    "et": "DorsalColumn",
    "off": 11912,
    "sff": "dorsal"
  },
  {
    "docID": "N229 Yui 2014",
    "et": "TailVeinLocation",
    "off": 13490,
    "sff": "vein"
  },
  {
    "docID": "N229 Yui 2014",
    "et": "LesionAdjacentTissue",
    "off": 15257,
    "sff": "lesion"
  },
  {
    "docID": "N229 Yui 2014",
    "et": "LesionAdjacentTissue",
    "off": 20970,
    "sff": "lesion"
  },
  {
    "docID": "N229 Yui 2014",
    "et": "LesionAdjacentTissue",
    "off": 13559,
    "sff": "lesion"
  },
  {
    "docID": "N229 Yui 2014",
    "et": "LesionAdjacentTissue",
    "off": 19526,
    "sff": "lesion"
  },
  {
    "docID": "N229 Yui 2014",
    "et": "LesionAdjacentTissue",
    "off": 19503,
    "sff": "lesion"
  },
  {
    "docID": "N229 Yui 2014",
    "et": "SpinalGrayMatter",
    "off": 20689,
    "sff": "gray matter"
  },
  {
    "docID": "N229 Yui 2014",
    "et": "SpinalGrayMatter",
    "off": 21551,
    "sff": "gray matter"
  },
  {
    "docID": "N229 Yui 2014",
    "et": "SpinalGrayMatter",
    "off": 21935,
    "sff": "gray matter"
  },
  {
    "docID": "N229 Yui 2014",
    "et": "SpinalGrayMatter",
    "off": 19450,
    "sff": "gray matter"
  },
  {
    "docID": "N229 Yui 2014",
    "et": "SpinalGrayMatter",
    "off": 19674,
    "sff": "gray matter"
  },
  {
    "docID": "N229 Yui 2014",
    "et": "SpinalGrayMatter",
    "off": 19945,
    "sff": "gray matter"
  },
  {
    "docID": "N229 Yui 2014",
    "et": "SpinalGrayMatter",
    "off": 20904,
    "sff": "gray matter"
  },
  {
    "docID": "N229 Yui 2014",
    "et": "SpinalGrayMatter",
    "off": 21478,
    "sff": "gray matter"
  },
  {
    "docID": "N229 Yui 2014",
    "et": "CephalicVeinLocation",
    "off": 13490,
    "sff": "vein"
  },
  {
    "docID": "N229 Yui 2014",
    "et": "VertebralArea",
    "off": 11956,
    "sff": "vertebral"
  },
  {
    "docID": "N229 Yui 2014",
    "et": "InjectionDelivery",
    "off": 13879,
    "sff": "injection"
  },
  {
    "docID": "N229 Yui 2014",
    "et": "InjectionDelivery",
    "off": 5893,
    "sff": "injection"
  },
  {
    "docID": "N229 Yui 2014",
    "et": "InjectionDelivery",
    "off": 11867,
    "sff": "injection"
  },
  {
    "docID": "N229 Yui 2014",
    "et": "InjectionDelivery",
    "off": 12827,
    "sff": "injection"
  },
  {
    "docID": "N229 Yui 2014",
    "et": "InjectionDelivery",
    "off": 13951,
    "sff": "injection"
  },
  {
    "docID": "N229 Yui 2014",
    "et": "InjectionDelivery",
    "off": 13838,
    "sff": "injection"
  },
  {
    "docID": "N229 Yui 2014",
    "et": "InjectionDelivery",
    "off": 18579,
    "sff": "injection"
  },
  {
    "docID": "N229 Yui 2014",
    "et": "VertebralSegment",
    "off": 11956,
    "sff": "vertebral"
  },
  {
    "docID": "N229 Yui 2014",
    "et": "SpinalLesionSite",
    "off": 15257,
    "sff": "lesion"
  },
  {
    "docID": "N229 Yui 2014",
    "et": "SpinalLesionSite",
    "off": 20970,
    "sff": "lesion"
  },
  {
    "docID": "N229 Yui 2014",
    "et": "SpinalLesionSite",
    "off": 19526,
    "sff": "lesion"
  },
  {
    "docID": "N229 Yui 2014",
    "et": "SpinalLesionSite",
    "off": 13559,
    "sff": "lesion"
  },
  {
    "docID": "N229 Yui 2014",
    "et": "SpinalLesionSite",
    "off": 19503,
    "sff": "lesion"
  }
]
