[
  {
    "docID": "N230 Zhang 2011 2",
    "et": "T10",
    "off": 794,
    "sff": "T10"
  },
  {
    "docID": "N230 Zhang 2011 2",
    "et": "T10",
    "off": 6068,
    "sff": "T10"
  },
  {
    "docID": "N230 Zhang 2011 2",
    "et": "Thoracic",
    "off": 6049,
    "sff": "thoracic"
  },
  {
    "docID": "N230 Zhang 2011 2",
    "et": "SpinalWhiteMatter",
    "off": 15663,
    "sff": "White"
  },
  {
    "docID": "N230 Zhang 2011 2",
    "et": "SpinalWhiteMatter",
    "off": 27091,
    "sff": "white matter"
  },
  {
    "docID": "N230 Zhang 2011 2",
    "et": "SpinalWhiteMatter",
    "off": 2477,
    "sff": "white matter"
  },
  {
    "docID": "N230 Zhang 2011 2",
    "et": "SpinalDorsalHalf",
    "off": 27736,
    "sff": "dorsal"
  },
  {
    "docID": "N230 Zhang 2011 2",
    "et": "SpinalDorsalHalf",
    "off": 17239,
    "sff": "dorsal"
  },
  {
    "docID": "N230 Zhang 2011 2",
    "et": "SpinalDorsalHalf",
    "off": 21142,
    "sff": "dorsal"
  },
  {
    "docID": "N230 Zhang 2011 2",
    "et": "SpinalDorsalHalf",
    "off": 16532,
    "sff": "dorsal"
  },
  {
    "docID": "N230 Zhang 2011 2",
    "et": "SpinalDorsalHalf",
    "off": 27219,
    "sff": "dorsal"
  },
  {
    "docID": "N230 Zhang 2011 2",
    "et": "SpinalDorsalHalf",
    "off": 18578,
    "sff": "dorsal"
  },
  {
    "docID": "N230 Zhang 2011 2",
    "et": "SpinalDorsalHalf",
    "off": 22479,
    "sff": "dorsal"
  },
  {
    "docID": "N230 Zhang 2011 2",
    "et": "SpinalDorsalHalf",
    "off": 2957,
    "sff": "dorsal"
  },
  {
    "docID": "N230 Zhang 2011 2",
    "et": "SpinalDorsalHalf",
    "off": 13964,
    "sff": "dorsal"
  },
  {
    "docID": "N230 Zhang 2011 2",
    "et": "SpinalDorsalHalf",
    "off": 27084,
    "sff": "dorsal"
  },
  {
    "docID": "N230 Zhang 2011 2",
    "et": "SpinalDorsalHalf",
    "off": 18890,
    "sff": "dorsal"
  },
  {
    "docID": "N230 Zhang 2011 2",
    "et": "SpinalDorsalHalf",
    "off": 34245,
    "sff": "dorsal"
  },
  {
    "docID": "N230 Zhang 2011 2",
    "et": "SpinalDorsalHalf",
    "off": 17599,
    "sff": "dorsal"
  },
  {
    "docID": "N230 Zhang 2011 2",
    "et": "SpinalDorsalHalf",
    "off": 25725,
    "sff": "dorsal"
  },
  {
    "docID": "N230 Zhang 2011 2",
    "et": "SpinalDorsalHalf",
    "off": 20283,
    "sff": "dorsal"
  },
  {
    "docID": "N230 Zhang 2011 2",
    "et": "SpinalDorsalHalf",
    "off": 3832,
    "sff": "dorsal"
  },
  {
    "docID": "N230 Zhang 2011 2",
    "et": "SpinalDorsalHalf",
    "off": 16044,
    "sff": "dorsal"
  },
  {
    "docID": "N230 Zhang 2011 2",
    "et": "SpinalDorsalHalf",
    "off": 1194,
    "sff": "dorsal"
  },
  {
    "docID": "N230 Zhang 2011 2",
    "et": "SpinalDorsalHalf",
    "off": 21354,
    "sff": "dorsal"
  },
  {
    "docID": "N230 Zhang 2011 2",
    "et": "SpinalDorsalHalf",
    "off": 27496,
    "sff": "dorsal"
  },
  {
    "docID": "N230 Zhang 2011 2",
    "et": "SpinalDorsalHalf",
    "off": 2470,
    "sff": "dorsal"
  },
  {
    "docID": "N230 Zhang 2011 2",
    "et": "SpinalDorsalHalf",
    "off": 21285,
    "sff": "dorsal"
  },
  {
    "docID": "N230 Zhang 2011 2",
    "et": "SpinalDorsalHalf",
    "off": 16417,
    "sff": "dorsal"
  },
  {
    "docID": "N230 Zhang 2011 2",
    "et": "SpinalDorsalHalf",
    "off": 19809,
    "sff": "dorsal"
  },
  {
    "docID": "N230 Zhang 2011 2",
    "et": "SpinalDorsalHalf",
    "off": 20001,
    "sff": "dorsal"
  },
  {
    "docID": "N230 Zhang 2011 2",
    "et": "SpinalDorsalHalf",
    "off": 2848,
    "sff": "dorsal"
  },
  {
    "docID": "N230 Zhang 2011 2",
    "et": "SpinalDorsalHalf",
    "off": 11680,
    "sff": "dorsal"
  },
  {
    "docID": "N230 Zhang 2011 2",
    "et": "SpinalDorsalHalf",
    "off": 12445,
    "sff": "dorsal"
  },
  {
    "docID": "N230 Zhang 2011 2",
    "et": "SpinalDorsalHalf",
    "off": 12251,
    "sff": "dorsal"
  },
  {
    "docID": "N230 Zhang 2011 2",
    "et": "SpinalDorsalHalf",
    "off": 16922,
    "sff": "dorsal"
  },
  {
    "docID": "N230 Zhang 2011 2",
    "et": "SpinalVentralHalf",
    "off": 19825,
    "sff": "ventral"
  },
  {
    "docID": "N230 Zhang 2011 2",
    "et": "SpinalVentralHalf",
    "off": 17616,
    "sff": "ventral"
  },
  {
    "docID": "N230 Zhang 2011 2",
    "et": "SpinalVentralHalf",
    "off": 22490,
    "sff": "ventral"
  },
  {
    "docID": "N230 Zhang 2011 2",
    "et": "SpinalVentralHalf",
    "off": 3144,
    "sff": "ventral"
  },
  {
    "docID": "N230 Zhang 2011 2",
    "et": "SpinalVentralHalf",
    "off": 16061,
    "sff": "ventral"
  },
  {
    "docID": "N230 Zhang 2011 2",
    "et": "SpinalVentralHalf",
    "off": 12462,
    "sff": "ventral"
  },
  {
    "docID": "N230 Zhang 2011 2",
    "et": "SpinalCord",
    "off": 30580,
    "sff": "cord"
  },
  {
    "docID": "N230 Zhang 2011 2",
    "et": "SpinalCord",
    "off": 8560,
    "sff": "cord"
  },
  {
    "docID": "N230 Zhang 2011 2",
    "et": "SpinalCord",
    "off": 17642,
    "sff": "cord"
  },
  {
    "docID": "N230 Zhang 2011 2",
    "et": "SpinalCord",
    "off": 28013,
    "sff": "cord"
  },
  {
    "docID": "N230 Zhang 2011 2",
    "et": "SpinalCord",
    "off": 17255,
    "sff": "cord"
  },
  {
    "docID": "N230 Zhang 2011 2",
    "et": "SpinalCord",
    "off": 196,
    "sff": "Cord"
  },
  {
    "docID": "N230 Zhang 2011 2",
    "et": "SpinalCord",
    "off": 24578,
    "sff": "cord"
  },
  {
    "docID": "N230 Zhang 2011 2",
    "et": "SpinalCord",
    "off": 8063,
    "sff": "cord"
  },
  {
    "docID": "N230 Zhang 2011 2",
    "et": "SpinalCord",
    "off": 14463,
    "sff": "cord"
  },
  {
    "docID": "N230 Zhang 2011 2",
    "et": "SpinalCord",
    "off": 8954,
    "sff": "cord"
  },
  {
    "docID": "N230 Zhang 2011 2",
    "et": "SpinalCord",
    "off": 5885,
    "sff": "cord"
  },
  {
    "docID": "N230 Zhang 2011 2",
    "et": "SpinalCord",
    "off": 26745,
    "sff": "cord"
  },
  {
    "docID": "N230 Zhang 2011 2",
    "et": "SpinalCord",
    "off": 28409,
    "sff": "cord"
  },
  {
    "docID": "N230 Zhang 2011 2",
    "et": "SpinalCord",
    "off": 5586,
    "sff": "cord"
  },
  {
    "docID": "N230 Zhang 2011 2",
    "et": "SpinalCord",
    "off": 2382,
    "sff": "cord"
  },
  {
    "docID": "N230 Zhang 2011 2",
    "et": "SpinalCord",
    "off": 3402,
    "sff": "cord"
  },
  {
    "docID": "N230 Zhang 2011 2",
    "et": "SpinalCord",
    "off": 23368,
    "sff": "cord"
  },
  {
    "docID": "N230 Zhang 2011 2",
    "et": "SpinalCord",
    "off": 482,
    "sff": "cord"
  },
  {
    "docID": "N230 Zhang 2011 2",
    "et": "SpinalCord",
    "off": 5349,
    "sff": "cord"
  },
  {
    "docID": "N230 Zhang 2011 2",
    "et": "SpinalCord",
    "off": 13285,
    "sff": "cord"
  },
  {
    "docID": "N230 Zhang 2011 2",
    "et": "SpinalCord",
    "off": 15333,
    "sff": "cord"
  },
  {
    "docID": "N230 Zhang 2011 2",
    "et": "SpinalCord",
    "off": 23397,
    "sff": "cord"
  },
  {
    "docID": "N230 Zhang 2011 2",
    "et": "SpinalCord",
    "off": 31066,
    "sff": "cord"
  },
  {
    "docID": "N230 Zhang 2011 2",
    "et": "SpinalCord",
    "off": 349,
    "sff": "cord"
  },
  {
    "docID": "N230 Zhang 2011 2",
    "et": "SpinalCord",
    "off": 21848,
    "sff": "cord"
  },
  {
    "docID": "N230 Zhang 2011 2",
    "et": "SpinalCord",
    "off": 11225,
    "sff": "cord"
  },
  {
    "docID": "N230 Zhang 2011 2",
    "et": "SpinalCord",
    "off": 21171,
    "sff": "cord"
  },
  {
    "docID": "N230 Zhang 2011 2",
    "et": "SpinalCord",
    "off": 22320,
    "sff": "cord"
  },
  {
    "docID": "N230 Zhang 2011 2",
    "et": "SpinalCord",
    "off": 33585,
    "sff": "cord"
  },
  {
    "docID": "N230 Zhang 2011 2",
    "et": "SpinalCord",
    "off": 2346,
    "sff": "cord"
  },
  {
    "docID": "N230 Zhang 2011 2",
    "et": "SpinalCord",
    "off": 39,
    "sff": "cord"
  },
  {
    "docID": "N230 Zhang 2011 2",
    "et": "SpinalCord",
    "off": 2983,
    "sff": "cord"
  },
  {
    "docID": "N230 Zhang 2011 2",
    "et": "SpinalCord",
    "off": 4674,
    "sff": "cord"
  },
  {
    "docID": "N230 Zhang 2011 2",
    "et": "SpinalCord",
    "off": 8645,
    "sff": "cord"
  },
  {
    "docID": "N230 Zhang 2011 2",
    "et": "SpinalCord",
    "off": 2107,
    "sff": "cord"
  },
  {
    "docID": "N230 Zhang 2011 2",
    "et": "SpinalCord",
    "off": 32445,
    "sff": "cord"
  },
  {
    "docID": "N230 Zhang 2011 2",
    "et": "SpinalCord",
    "off": 22198,
    "sff": "cord"
  },
  {
    "docID": "N230 Zhang 2011 2",
    "et": "SpinalCord",
    "off": 11703,
    "sff": "cord"
  },
  {
    "docID": "N230 Zhang 2011 2",
    "et": "SpinalCord",
    "off": 20024,
    "sff": "cord"
  },
  {
    "docID": "N230 Zhang 2011 2",
    "et": "SpinalCord",
    "off": 34744,
    "sff": "cord"
  },
  {
    "docID": "N230 Zhang 2011 2",
    "et": "SpinalCord",
    "off": 33423,
    "sff": "cord"
  },
  {
    "docID": "N230 Zhang 2011 2",
    "et": "SpinalCord",
    "off": 27020,
    "sff": "cord"
  },
  {
    "docID": "N230 Zhang 2011 2",
    "et": "SpinalCord",
    "off": 5795,
    "sff": "cord"
  },
  {
    "docID": "N230 Zhang 2011 2",
    "et": "SpinalCord",
    "off": 9502,
    "sff": "cord"
  },
  {
    "docID": "N230 Zhang 2011 2",
    "et": "SpinalCord",
    "off": 32415,
    "sff": "cord"
  },
  {
    "docID": "N230 Zhang 2011 2",
    "et": "SpinalCord",
    "off": 6044,
    "sff": "cord"
  },
  {
    "docID": "N230 Zhang 2011 2",
    "et": "SpinalCord",
    "off": 3608,
    "sff": "cord"
  },
  {
    "docID": "N230 Zhang 2011 2",
    "et": "SpinalCord",
    "off": 18840,
    "sff": "cord"
  },
  {
    "docID": "N230 Zhang 2011 2",
    "et": "SpinalCord",
    "off": 4505,
    "sff": "cord"
  },
  {
    "docID": "N230 Zhang 2011 2",
    "et": "DorsalColumn",
    "off": 16532,
    "sff": "dorsal"
  },
  {
    "docID": "N230 Zhang 2011 2",
    "et": "DorsalColumn",
    "off": 27219,
    "sff": "dorsal"
  },
  {
    "docID": "N230 Zhang 2011 2",
    "et": "DorsalColumn",
    "off": 21142,
    "sff": "dorsal"
  },
  {
    "docID": "N230 Zhang 2011 2",
    "et": "DorsalColumn",
    "off": 22479,
    "sff": "dorsal"
  },
  {
    "docID": "N230 Zhang 2011 2",
    "et": "DorsalColumn",
    "off": 18578,
    "sff": "dorsal"
  },
  {
    "docID": "N230 Zhang 2011 2",
    "et": "DorsalColumn",
    "off": 12251,
    "sff": "dorsal"
  },
  {
    "docID": "N230 Zhang 2011 2",
    "et": "DorsalColumn",
    "off": 12445,
    "sff": "dorsal"
  },
  {
    "docID": "N230 Zhang 2011 2",
    "et": "DorsalColumn",
    "off": 27736,
    "sff": "dorsal"
  },
  {
    "docID": "N230 Zhang 2011 2",
    "et": "DorsalColumn",
    "off": 17239,
    "sff": "dorsal"
  },
  {
    "docID": "N230 Zhang 2011 2",
    "et": "DorsalColumn",
    "off": 16922,
    "sff": "dorsal"
  },
  {
    "docID": "N230 Zhang 2011 2",
    "et": "DorsalColumn",
    "off": 2470,
    "sff": "dorsal"
  },
  {
    "docID": "N230 Zhang 2011 2",
    "et": "DorsalColumn",
    "off": 21285,
    "sff": "dorsal"
  },
  {
    "docID": "N230 Zhang 2011 2",
    "et": "DorsalColumn",
    "off": 2848,
    "sff": "dorsal"
  },
  {
    "docID": "N230 Zhang 2011 2",
    "et": "DorsalColumn",
    "off": 11680,
    "sff": "dorsal"
  },
  {
    "docID": "N230 Zhang 2011 2",
    "et": "DorsalColumn",
    "off": 16417,
    "sff": "dorsal"
  },
  {
    "docID": "N230 Zhang 2011 2",
    "et": "DorsalColumn",
    "off": 19809,
    "sff": "dorsal"
  },
  {
    "docID": "N230 Zhang 2011 2",
    "et": "DorsalColumn",
    "off": 20001,
    "sff": "dorsal"
  },
  {
    "docID": "N230 Zhang 2011 2",
    "et": "DorsalColumn",
    "off": 16044,
    "sff": "dorsal"
  },
  {
    "docID": "N230 Zhang 2011 2",
    "et": "DorsalColumn",
    "off": 27496,
    "sff": "dorsal"
  },
  {
    "docID": "N230 Zhang 2011 2",
    "et": "DorsalColumn",
    "off": 21354,
    "sff": "dorsal"
  },
  {
    "docID": "N230 Zhang 2011 2",
    "et": "DorsalColumn",
    "off": 1194,
    "sff": "dorsal"
  },
  {
    "docID": "N230 Zhang 2011 2",
    "et": "DorsalColumn",
    "off": 20283,
    "sff": "dorsal"
  },
  {
    "docID": "N230 Zhang 2011 2",
    "et": "DorsalColumn",
    "off": 25725,
    "sff": "dorsal"
  },
  {
    "docID": "N230 Zhang 2011 2",
    "et": "DorsalColumn",
    "off": 3832,
    "sff": "dorsal"
  },
  {
    "docID": "N230 Zhang 2011 2",
    "et": "DorsalColumn",
    "off": 34245,
    "sff": "dorsal"
  },
  {
    "docID": "N230 Zhang 2011 2",
    "et": "DorsalColumn",
    "off": 17599,
    "sff": "dorsal"
  },
  {
    "docID": "N230 Zhang 2011 2",
    "et": "DorsalColumn",
    "off": 27084,
    "sff": "dorsal"
  },
  {
    "docID": "N230 Zhang 2011 2",
    "et": "DorsalColumn",
    "off": 13964,
    "sff": "dorsal"
  },
  {
    "docID": "N230 Zhang 2011 2",
    "et": "DorsalColumn",
    "off": 2957,
    "sff": "dorsal"
  },
  {
    "docID": "N230 Zhang 2011 2",
    "et": "DorsalColumn",
    "off": 18890,
    "sff": "dorsal"
  },
  {
    "docID": "N230 Zhang 2011 2",
    "et": "LesionAdjacentTissue",
    "off": 25541,
    "sff": "lesion"
  },
  {
    "docID": "N230 Zhang 2011 2",
    "et": "LesionAdjacentTissue",
    "off": 30599,
    "sff": "lesion"
  },
  {
    "docID": "N230 Zhang 2011 2",
    "et": "LesionAdjacentTissue",
    "off": 8911,
    "sff": "lesion"
  },
  {
    "docID": "N230 Zhang 2011 2",
    "et": "LesionAdjacentTissue",
    "off": 24522,
    "sff": "lesion"
  },
  {
    "docID": "N230 Zhang 2011 2",
    "et": "LesionAdjacentTissue",
    "off": 1620,
    "sff": "lesion"
  },
  {
    "docID": "N230 Zhang 2011 2",
    "et": "LesionAdjacentTissue",
    "off": 26133,
    "sff": "lesion"
  },
  {
    "docID": "N230 Zhang 2011 2",
    "et": "LesionAdjacentTissue",
    "off": 21788,
    "sff": "lesion"
  },
  {
    "docID": "N230 Zhang 2011 2",
    "et": "LesionAdjacentTissue",
    "off": 33113,
    "sff": "lesion"
  },
  {
    "docID": "N230 Zhang 2011 2",
    "et": "LesionAdjacentTissue",
    "off": 24344,
    "sff": "lesion"
  },
  {
    "docID": "N230 Zhang 2011 2",
    "et": "LesionAdjacentTissue",
    "off": 29912,
    "sff": "lesion"
  },
  {
    "docID": "N230 Zhang 2011 2",
    "et": "LesionAdjacentTissue",
    "off": 27291,
    "sff": "lesion"
  },
  {
    "docID": "N230 Zhang 2011 2",
    "et": "LesionAdjacentTissue",
    "off": 5530,
    "sff": "lesion"
  },
  {
    "docID": "N230 Zhang 2011 2",
    "et": "LesionAdjacentTissue",
    "off": 12775,
    "sff": "lesion"
  },
  {
    "docID": "N230 Zhang 2011 2",
    "et": "LesionAdjacentTissue",
    "off": 29990,
    "sff": "lesion"
  },
  {
    "docID": "N230 Zhang 2011 2",
    "et": "LesionAdjacentTissue",
    "off": 15457,
    "sff": "lesion"
  },
  {
    "docID": "N230 Zhang 2011 2",
    "et": "LesionAdjacentTissue",
    "off": 29664,
    "sff": "lesion"
  },
  {
    "docID": "N230 Zhang 2011 2",
    "et": "LesionAdjacentTissue",
    "off": 8163,
    "sff": "lesion"
  },
  {
    "docID": "N230 Zhang 2011 2",
    "et": "LesionAdjacentTissue",
    "off": 16813,
    "sff": "lesion"
  },
  {
    "docID": "N230 Zhang 2011 2",
    "et": "LesionAdjacentTissue",
    "off": 13036,
    "sff": "lesion"
  },
  {
    "docID": "N230 Zhang 2011 2",
    "et": "LesionAdjacentTissue",
    "off": 3054,
    "sff": "lesion"
  },
  {
    "docID": "N230 Zhang 2011 2",
    "et": "LesionAdjacentTissue",
    "off": 24431,
    "sff": "lesion"
  },
  {
    "docID": "N230 Zhang 2011 2",
    "et": "LesionAdjacentTissue",
    "off": 2550,
    "sff": "lesion"
  },
  {
    "docID": "N230 Zhang 2011 2",
    "et": "LesionAdjacentTissue",
    "off": 16310,
    "sff": "lesion"
  },
  {
    "docID": "N230 Zhang 2011 2",
    "et": "LesionAdjacentTissue",
    "off": 19185,
    "sff": "lesion"
  },
  {
    "docID": "N230 Zhang 2011 2",
    "et": "LesionAdjacentTissue",
    "off": 2867,
    "sff": "lesion"
  },
  {
    "docID": "N230 Zhang 2011 2",
    "et": "LesionAdjacentTissue",
    "off": 24696,
    "sff": "lesion"
  },
  {
    "docID": "N230 Zhang 2011 2",
    "et": "LesionAdjacentTissue",
    "off": 23995,
    "sff": "lesion"
  },
  {
    "docID": "N230 Zhang 2011 2",
    "et": "LesionAdjacentTissue",
    "off": 11770,
    "sff": "lesion"
  },
  {
    "docID": "N230 Zhang 2011 2",
    "et": "LesionAdjacentTissue",
    "off": 23930,
    "sff": "lesion"
  },
  {
    "docID": "N230 Zhang 2011 2",
    "et": "LesionAdjacentTissue",
    "off": 33146,
    "sff": "lesion"
  },
  {
    "docID": "N230 Zhang 2011 2",
    "et": "CentralNervousSystem",
    "off": 15571,
    "sff": "central"
  },
  {
    "docID": "N230 Zhang 2011 2",
    "et": "CentralNervousSystem",
    "off": 15764,
    "sff": "central"
  },
  {
    "docID": "N230 Zhang 2011 2",
    "et": "CentralNervousSystem",
    "off": 23434,
    "sff": "Central"
  },
  {
    "docID": "N230 Zhang 2011 2",
    "et": "CentralNervousSystem",
    "off": 28212,
    "sff": "nervous system"
  },
  {
    "docID": "N230 Zhang 2011 2",
    "et": "CentralNervousSystem",
    "off": 33504,
    "sff": "central"
  },
  {
    "docID": "N230 Zhang 2011 2",
    "et": "CentralNervousSystem",
    "off": 28212,
    "sff": "nervous"
  },
  {
    "docID": "N230 Zhang 2011 2",
    "et": "CentralNervousSystem",
    "off": 23526,
    "sff": "central"
  },
  {
    "docID": "N230 Zhang 2011 2",
    "et": "CentralNervousSystem",
    "off": 15369,
    "sff": "central"
  },
  {
    "docID": "N230 Zhang 2011 2",
    "et": "CentralNervousSystem",
    "off": 15881,
    "sff": "central"
  },
  {
    "docID": "N230 Zhang 2011 2",
    "et": "CentralNervousSystem",
    "off": 15161,
    "sff": "Central"
  },
  {
    "docID": "N230 Zhang 2011 2",
    "et": "CentralNervousSystem",
    "off": 33387,
    "sff": "central"
  },
  {
    "docID": "N230 Zhang 2011 2",
    "et": "CentralNervousSystem",
    "off": 28160,
    "sff": "nervous system"
  },
  {
    "docID": "N230 Zhang 2011 2",
    "et": "CentralNervousSystem",
    "off": 28160,
    "sff": "nervous"
  },
  {
    "docID": "N230 Zhang 2011 2",
    "et": "SpinalGrayMatter",
    "off": 27114,
    "sff": "gray matter"
  },
  {
    "docID": "N230 Zhang 2011 2",
    "et": "SpinalGrayMatter",
    "off": 2454,
    "sff": "gray matter"
  },
  {
    "docID": "N230 Zhang 2011 2",
    "et": "SpinalCentralPart",
    "off": 15764,
    "sff": "central"
  },
  {
    "docID": "N230 Zhang 2011 2",
    "et": "SpinalCentralPart",
    "off": 15571,
    "sff": "central"
  },
  {
    "docID": "N230 Zhang 2011 2",
    "et": "SpinalCentralPart",
    "off": 23526,
    "sff": "central"
  },
  {
    "docID": "N230 Zhang 2011 2",
    "et": "SpinalCentralPart",
    "off": 33504,
    "sff": "central"
  },
  {
    "docID": "N230 Zhang 2011 2",
    "et": "SpinalCentralPart",
    "off": 33387,
    "sff": "central"
  },
  {
    "docID": "N230 Zhang 2011 2",
    "et": "SpinalCentralPart",
    "off": 23434,
    "sff": "Central"
  },
  {
    "docID": "N230 Zhang 2011 2",
    "et": "SpinalCentralPart",
    "off": 15161,
    "sff": "Central"
  },
  {
    "docID": "N230 Zhang 2011 2",
    "et": "SpinalCentralPart",
    "off": 15369,
    "sff": "central"
  },
  {
    "docID": "N230 Zhang 2011 2",
    "et": "SpinalCentralPart",
    "off": 15881,
    "sff": "central"
  },
  {
    "docID": "N230 Zhang 2011 2",
    "et": "InjectionDelivery",
    "off": 8399,
    "sff": "injection"
  },
  {
    "docID": "N230 Zhang 2011 2",
    "et": "SpinalLesionSite",
    "off": 24431,
    "sff": "lesion"
  },
  {
    "docID": "N230 Zhang 2011 2",
    "et": "SpinalLesionSite",
    "off": 16813,
    "sff": "lesion"
  },
  {
    "docID": "N230 Zhang 2011 2",
    "et": "SpinalLesionSite",
    "off": 3054,
    "sff": "lesion"
  },
  {
    "docID": "N230 Zhang 2011 2",
    "et": "SpinalLesionSite",
    "off": 2867,
    "sff": "lesion"
  },
  {
    "docID": "N230 Zhang 2011 2",
    "et": "SpinalLesionSite",
    "off": 19185,
    "sff": "lesion"
  },
  {
    "docID": "N230 Zhang 2011 2",
    "et": "SpinalLesionSite",
    "off": 24696,
    "sff": "lesion"
  },
  {
    "docID": "N230 Zhang 2011 2",
    "et": "SpinalLesionSite",
    "off": 2550,
    "sff": "lesion"
  },
  {
    "docID": "N230 Zhang 2011 2",
    "et": "SpinalLesionSite",
    "off": 16310,
    "sff": "lesion"
  },
  {
    "docID": "N230 Zhang 2011 2",
    "et": "SpinalLesionSite",
    "off": 23995,
    "sff": "lesion"
  },
  {
    "docID": "N230 Zhang 2011 2",
    "et": "SpinalLesionSite",
    "off": 33146,
    "sff": "lesion"
  },
  {
    "docID": "N230 Zhang 2011 2",
    "et": "SpinalLesionSite",
    "off": 11770,
    "sff": "lesion"
  },
  {
    "docID": "N230 Zhang 2011 2",
    "et": "SpinalLesionSite",
    "off": 23930,
    "sff": "lesion"
  },
  {
    "docID": "N230 Zhang 2011 2",
    "et": "SpinalLesionSite",
    "off": 30599,
    "sff": "lesion"
  },
  {
    "docID": "N230 Zhang 2011 2",
    "et": "SpinalLesionSite",
    "off": 25541,
    "sff": "lesion"
  },
  {
    "docID": "N230 Zhang 2011 2",
    "et": "SpinalLesionSite",
    "off": 24522,
    "sff": "lesion"
  },
  {
    "docID": "N230 Zhang 2011 2",
    "et": "SpinalLesionSite",
    "off": 8911,
    "sff": "lesion"
  },
  {
    "docID": "N230 Zhang 2011 2",
    "et": "SpinalLesionSite",
    "off": 1620,
    "sff": "lesion"
  },
  {
    "docID": "N230 Zhang 2011 2",
    "et": "SpinalLesionSite",
    "off": 29912,
    "sff": "lesion"
  },
  {
    "docID": "N230 Zhang 2011 2",
    "et": "SpinalLesionSite",
    "off": 24344,
    "sff": "lesion"
  },
  {
    "docID": "N230 Zhang 2011 2",
    "et": "SpinalLesionSite",
    "off": 26133,
    "sff": "lesion"
  },
  {
    "docID": "N230 Zhang 2011 2",
    "et": "SpinalLesionSite",
    "off": 21788,
    "sff": "lesion"
  },
  {
    "docID": "N230 Zhang 2011 2",
    "et": "SpinalLesionSite",
    "off": 27291,
    "sff": "lesion"
  },
  {
    "docID": "N230 Zhang 2011 2",
    "et": "SpinalLesionSite",
    "off": 5530,
    "sff": "lesion"
  },
  {
    "docID": "N230 Zhang 2011 2",
    "et": "SpinalLesionSite",
    "off": 33113,
    "sff": "lesion"
  },
  {
    "docID": "N230 Zhang 2011 2",
    "et": "SpinalLesionSite",
    "off": 29664,
    "sff": "lesion"
  },
  {
    "docID": "N230 Zhang 2011 2",
    "et": "SpinalLesionSite",
    "off": 8163,
    "sff": "lesion"
  },
  {
    "docID": "N230 Zhang 2011 2",
    "et": "SpinalLesionSite",
    "off": 15457,
    "sff": "lesion"
  },
  {
    "docID": "N230 Zhang 2011 2",
    "et": "SpinalLesionSite",
    "off": 12775,
    "sff": "lesion"
  },
  {
    "docID": "N230 Zhang 2011 2",
    "et": "SpinalLesionSite",
    "off": 29990,
    "sff": "lesion"
  },
  {
    "docID": "N230 Zhang 2011 2",
    "et": "SpinalLesionSite",
    "off": 13036,
    "sff": "lesion"
  }
]
