[
  {
    "docID": "N231 Zhang 2011",
    "et": "AnatomicalLocation",
    "off": 7027,
    "sff": "anatomical"
  },
  {
    "docID": "N231 Zhang 2011",
    "et": "AnatomicalLocation",
    "off": 22190,
    "sff": "anatomical"
  },
  {
    "docID": "N231 Zhang 2011",
    "et": "AnatomicalLocation",
    "off": 61,
    "sff": "anatomical"
  },
  {
    "docID": "N231 Zhang 2011",
    "et": "AnatomicalLocation",
    "off": 429,
    "sff": "anatomical"
  },
  {
    "docID": "N231 Zhang 2011",
    "et": "AnatomicalLocation",
    "off": 24681,
    "sff": "anatomical"
  },
  {
    "docID": "N231 Zhang 2011",
    "et": "AnatomicalLocation",
    "off": 4793,
    "sff": "anatomical"
  },
  {
    "docID": "N231 Zhang 2011",
    "et": "T7",
    "off": 37568,
    "sff": "T7"
  },
  {
    "docID": "N231 Zhang 2011",
    "et": "T10",
    "off": 898,
    "sff": "T10"
  },
  {
    "docID": "N231 Zhang 2011",
    "et": "T10",
    "off": 37729,
    "sff": "T10"
  },
  {
    "docID": "N231 Zhang 2011",
    "et": "T10",
    "off": 37575,
    "sff": "T10"
  },
  {
    "docID": "N231 Zhang 2011",
    "et": "SuperficialDelivery",
    "off": 39320,
    "sff": "superficial"
  },
  {
    "docID": "N231 Zhang 2011",
    "et": "SuperficialDelivery",
    "off": 13513,
    "sff": "superficial"
  },
  {
    "docID": "N231 Zhang 2011",
    "et": "SuperficialDelivery",
    "off": 8330,
    "sff": "superficial"
  },
  {
    "docID": "N231 Zhang 2011",
    "et": "SuperficialDelivery",
    "off": 8130,
    "sff": "superficial"
  },
  {
    "docID": "N231 Zhang 2011",
    "et": "Thoracic",
    "off": 37549,
    "sff": "thoracic"
  },
  {
    "docID": "N231 Zhang 2011",
    "et": "VertebralLocation",
    "off": 37468,
    "sff": "vertebral"
  },
  {
    "docID": "N231 Zhang 2011",
    "et": "AscendingFiberTract",
    "off": 30758,
    "sff": "ascending"
  },
  {
    "docID": "N231 Zhang 2011",
    "et": "AscendingFiberTract",
    "off": 19349,
    "sff": "ascending"
  },
  {
    "docID": "N231 Zhang 2011",
    "et": "DeliveryMethod",
    "off": 40723,
    "sff": "delivery"
  },
  {
    "docID": "N231 Zhang 2011",
    "et": "SpinalDorsalHalf",
    "off": 12208,
    "sff": "dorsal"
  },
  {
    "docID": "N231 Zhang 2011",
    "et": "SpinalDorsalHalf",
    "off": 22723,
    "sff": "dorsal"
  },
  {
    "docID": "N231 Zhang 2011",
    "et": "SpinalDorsalHalf",
    "off": 22931,
    "sff": "dorsal"
  },
  {
    "docID": "N231 Zhang 2011",
    "et": "SpinalDorsalHalf",
    "off": 10332,
    "sff": "dorsal"
  },
  {
    "docID": "N231 Zhang 2011",
    "et": "SpinalDorsalHalf",
    "off": 23038,
    "sff": "dorsal"
  },
  {
    "docID": "N231 Zhang 2011",
    "et": "SpinalDorsalHalf",
    "off": 37582,
    "sff": "dorsal"
  },
  {
    "docID": "N231 Zhang 2011",
    "et": "SpinalVentralHalf",
    "off": 18954,
    "sff": "ventral"
  },
  {
    "docID": "N231 Zhang 2011",
    "et": "SpinalVentralHalf",
    "off": 12230,
    "sff": "ventral"
  },
  {
    "docID": "N231 Zhang 2011",
    "et": "SpinalVentralHalf",
    "off": 19015,
    "sff": "ventral"
  },
  {
    "docID": "N231 Zhang 2011",
    "et": "SpinalCord",
    "off": 3802,
    "sff": "cord"
  },
  {
    "docID": "N231 Zhang 2011",
    "et": "SpinalCord",
    "off": 22742,
    "sff": "cord"
  },
  {
    "docID": "N231 Zhang 2011",
    "et": "SpinalCord",
    "off": 1236,
    "sff": "cord"
  },
  {
    "docID": "N231 Zhang 2011",
    "et": "SpinalCord",
    "off": 37716,
    "sff": "cord"
  },
  {
    "docID": "N231 Zhang 2011",
    "et": "SpinalCord",
    "off": 3349,
    "sff": "cord"
  },
  {
    "docID": "N231 Zhang 2011",
    "et": "SpinalCord",
    "off": 22162,
    "sff": "cord"
  },
  {
    "docID": "N231 Zhang 2011",
    "et": "SpinalCord",
    "off": 39506,
    "sff": "cord"
  },
  {
    "docID": "N231 Zhang 2011",
    "et": "SpinalCord",
    "off": 5265,
    "sff": "cord"
  },
  {
    "docID": "N231 Zhang 2011",
    "et": "SpinalCord",
    "off": 140,
    "sff": "cord"
  },
  {
    "docID": "N231 Zhang 2011",
    "et": "SpinalCord",
    "off": 37196,
    "sff": "cord"
  },
  {
    "docID": "N231 Zhang 2011",
    "et": "SpinalCord",
    "off": 11402,
    "sff": "cord"
  },
  {
    "docID": "N231 Zhang 2011",
    "et": "SpinalCord",
    "off": 1931,
    "sff": "cord"
  },
  {
    "docID": "N231 Zhang 2011",
    "et": "SpinalCord",
    "off": 6984,
    "sff": "cord"
  },
  {
    "docID": "N231 Zhang 2011",
    "et": "SpinalCord",
    "off": 6153,
    "sff": "cord"
  },
  {
    "docID": "N231 Zhang 2011",
    "et": "SpinalCord",
    "off": 24137,
    "sff": "cord"
  },
  {
    "docID": "N231 Zhang 2011",
    "et": "SpinalCord",
    "off": 38729,
    "sff": "cord"
  },
  {
    "docID": "N231 Zhang 2011",
    "et": "SpinalCord",
    "off": 12358,
    "sff": "cord"
  },
  {
    "docID": "N231 Zhang 2011",
    "et": "SpinalCord",
    "off": 26885,
    "sff": "cord"
  },
  {
    "docID": "N231 Zhang 2011",
    "et": "SpinalCord",
    "off": 42179,
    "sff": "cord"
  },
  {
    "docID": "N231 Zhang 2011",
    "et": "SpinalCord",
    "off": 14782,
    "sff": "cord"
  },
  {
    "docID": "N231 Zhang 2011",
    "et": "SpinalCord",
    "off": 37630,
    "sff": "cord"
  },
  {
    "docID": "N231 Zhang 2011",
    "et": "SpinalCord",
    "off": 2618,
    "sff": "cord"
  },
  {
    "docID": "N231 Zhang 2011",
    "et": "SpinalCord",
    "off": 10939,
    "sff": "cord"
  },
  {
    "docID": "N231 Zhang 2011",
    "et": "SpinalCord",
    "off": 40440,
    "sff": "cord"
  },
  {
    "docID": "N231 Zhang 2011",
    "et": "SpinalCord",
    "off": 2036,
    "sff": "cord"
  },
  {
    "docID": "N231 Zhang 2011",
    "et": "SpinalCord",
    "off": 309,
    "sff": "cord"
  },
  {
    "docID": "N231 Zhang 2011",
    "et": "SpinalCord",
    "off": 885,
    "sff": "cord"
  },
  {
    "docID": "N231 Zhang 2011",
    "et": "SpinalCord",
    "off": 25973,
    "sff": "cord"
  },
  {
    "docID": "N231 Zhang 2011",
    "et": "SpinalCord",
    "off": 10227,
    "sff": "cord"
  },
  {
    "docID": "N231 Zhang 2011",
    "et": "SpinalCord",
    "off": 26035,
    "sff": "cord"
  },
  {
    "docID": "N231 Zhang 2011",
    "et": "SpinalCord",
    "off": 3249,
    "sff": "cord"
  },
  {
    "docID": "N231 Zhang 2011",
    "et": "SpinalCord",
    "off": 21999,
    "sff": "cord"
  },
  {
    "docID": "N231 Zhang 2011",
    "et": "SpinalCord",
    "off": 38895,
    "sff": "cord"
  },
  {
    "docID": "N231 Zhang 2011",
    "et": "SpinalCord",
    "off": 34093,
    "sff": "cord"
  },
  {
    "docID": "N231 Zhang 2011",
    "et": "SpinalCord",
    "off": 2214,
    "sff": "cord"
  },
  {
    "docID": "N231 Zhang 2011",
    "et": "SpinalCord",
    "off": 31079,
    "sff": "cord"
  },
  {
    "docID": "N231 Zhang 2011",
    "et": "SpinalCord",
    "off": 34599,
    "sff": "cord"
  },
  {
    "docID": "N231 Zhang 2011",
    "et": "SpinalCord",
    "off": 39591,
    "sff": "cord"
  },
  {
    "docID": "N231 Zhang 2011",
    "et": "SpinalCord",
    "off": 12834,
    "sff": "cord"
  },
  {
    "docID": "N231 Zhang 2011",
    "et": "SpinalCord",
    "off": 9377,
    "sff": "cord"
  },
  {
    "docID": "N231 Zhang 2011",
    "et": "SpinalCord",
    "off": 14497,
    "sff": "cord"
  },
  {
    "docID": "N231 Zhang 2011",
    "et": "SpinalCord",
    "off": 19038,
    "sff": "cord"
  },
  {
    "docID": "N231 Zhang 2011",
    "et": "SpinalCord",
    "off": 37277,
    "sff": "cord"
  },
  {
    "docID": "N231 Zhang 2011",
    "et": "DorsalColumn",
    "off": 10332,
    "sff": "dorsal"
  },
  {
    "docID": "N231 Zhang 2011",
    "et": "DorsalColumn",
    "off": 22723,
    "sff": "dorsal"
  },
  {
    "docID": "N231 Zhang 2011",
    "et": "DorsalColumn",
    "off": 22931,
    "sff": "dorsal"
  },
  {
    "docID": "N231 Zhang 2011",
    "et": "DorsalColumn",
    "off": 12208,
    "sff": "dorsal"
  },
  {
    "docID": "N231 Zhang 2011",
    "et": "DorsalColumn",
    "off": 23038,
    "sff": "dorsal"
  },
  {
    "docID": "N231 Zhang 2011",
    "et": "DorsalColumn",
    "off": 37582,
    "sff": "dorsal"
  },
  {
    "docID": "N231 Zhang 2011",
    "et": "LesionAdjacentTissue",
    "off": 13419,
    "sff": "lesion"
  },
  {
    "docID": "N231 Zhang 2011",
    "et": "LesionAdjacentTissue",
    "off": 44010,
    "sff": "lesion"
  },
  {
    "docID": "N231 Zhang 2011",
    "et": "LesionAdjacentTissue",
    "off": 9065,
    "sff": "lesion"
  },
  {
    "docID": "N231 Zhang 2011",
    "et": "LesionAdjacentTissue",
    "off": 2929,
    "sff": "lesion"
  },
  {
    "docID": "N231 Zhang 2011",
    "et": "LesionAdjacentTissue",
    "off": 27247,
    "sff": "lesion"
  },
  {
    "docID": "N231 Zhang 2011",
    "et": "LesionAdjacentTissue",
    "off": 1114,
    "sff": "lesion"
  },
  {
    "docID": "N231 Zhang 2011",
    "et": "LesionAdjacentTissue",
    "off": 15450,
    "sff": "lesion"
  },
  {
    "docID": "N231 Zhang 2011",
    "et": "LesionAdjacentTissue",
    "off": 16858,
    "sff": "lesion"
  },
  {
    "docID": "N231 Zhang 2011",
    "et": "LesionAdjacentTissue",
    "off": 41306,
    "sff": "lesion"
  },
  {
    "docID": "N231 Zhang 2011",
    "et": "LesionAdjacentTissue",
    "off": 26713,
    "sff": "lesion"
  },
  {
    "docID": "N231 Zhang 2011",
    "et": "LesionAdjacentTissue",
    "off": 19160,
    "sff": "lesion"
  },
  {
    "docID": "N231 Zhang 2011",
    "et": "LesionAdjacentTissue",
    "off": 26838,
    "sff": "lesion"
  },
  {
    "docID": "N231 Zhang 2011",
    "et": "LesionAdjacentTissue",
    "off": 16482,
    "sff": "lesion"
  },
  {
    "docID": "N231 Zhang 2011",
    "et": "LesionAdjacentTissue",
    "off": 22113,
    "sff": "lesion"
  },
  {
    "docID": "N231 Zhang 2011",
    "et": "LesionAdjacentTissue",
    "off": 44874,
    "sff": "lesion"
  },
  {
    "docID": "N231 Zhang 2011",
    "et": "LesionAdjacentTissue",
    "off": 44105,
    "sff": "lesion"
  },
  {
    "docID": "N231 Zhang 2011",
    "et": "LesionAdjacentTissue",
    "off": 8776,
    "sff": "lesion"
  },
  {
    "docID": "N231 Zhang 2011",
    "et": "LesionAdjacentTissue",
    "off": 10069,
    "sff": "lesion"
  },
  {
    "docID": "N231 Zhang 2011",
    "et": "LesionAdjacentTissue",
    "off": 39892,
    "sff": "lesion"
  },
  {
    "docID": "N231 Zhang 2011",
    "et": "LesionAdjacentTissue",
    "off": 25041,
    "sff": "lesion"
  },
  {
    "docID": "N231 Zhang 2011",
    "et": "LesionAdjacentTissue",
    "off": 13264,
    "sff": "lesion"
  },
  {
    "docID": "N231 Zhang 2011",
    "et": "LesionAdjacentTissue",
    "off": 16590,
    "sff": "lesion"
  },
  {
    "docID": "N231 Zhang 2011",
    "et": "LesionAdjacentTissue",
    "off": 8250,
    "sff": "lesion"
  },
  {
    "docID": "N231 Zhang 2011",
    "et": "LesionAdjacentTissue",
    "off": 22329,
    "sff": "lesion"
  },
  {
    "docID": "N231 Zhang 2011",
    "et": "LesionAdjacentTissue",
    "off": 14135,
    "sff": "lesion"
  },
  {
    "docID": "N231 Zhang 2011",
    "et": "LesionAdjacentTissue",
    "off": 11205,
    "sff": "lesion"
  },
  {
    "docID": "N231 Zhang 2011",
    "et": "LesionAdjacentTissue",
    "off": 41027,
    "sff": "lesion"
  },
  {
    "docID": "N231 Zhang 2011",
    "et": "LesionAdjacentTissue",
    "off": 16684,
    "sff": "lesion"
  },
  {
    "docID": "N231 Zhang 2011",
    "et": "LesionAdjacentTissue",
    "off": 14251,
    "sff": "lesion"
  },
  {
    "docID": "N231 Zhang 2011",
    "et": "LesionAdjacentTissue",
    "off": 40105,
    "sff": "lesion"
  },
  {
    "docID": "N231 Zhang 2011",
    "et": "LesionAdjacentTissue",
    "off": 10790,
    "sff": "lesion"
  },
  {
    "docID": "N231 Zhang 2011",
    "et": "LesionAdjacentTissue",
    "off": 40369,
    "sff": "lesion"
  },
  {
    "docID": "N231 Zhang 2011",
    "et": "LesionAdjacentTissue",
    "off": 3886,
    "sff": "lesion"
  },
  {
    "docID": "N231 Zhang 2011",
    "et": "LesionAdjacentTissue",
    "off": 14745,
    "sff": "lesion"
  },
  {
    "docID": "N231 Zhang 2011",
    "et": "LesionAdjacentTissue",
    "off": 15001,
    "sff": "lesion"
  },
  {
    "docID": "N231 Zhang 2011",
    "et": "LesionAdjacentTissue",
    "off": 9880,
    "sff": "lesion"
  },
  {
    "docID": "N231 Zhang 2011",
    "et": "LesionAdjacentTissue",
    "off": 31383,
    "sff": "lesion"
  },
  {
    "docID": "N231 Zhang 2011",
    "et": "LesionAdjacentTissue",
    "off": 15521,
    "sff": "lesion"
  },
  {
    "docID": "N231 Zhang 2011",
    "et": "LesionAdjacentTissue",
    "off": 17677,
    "sff": "lesion"
  },
  {
    "docID": "N231 Zhang 2011",
    "et": "LesionAdjacentTissue",
    "off": 8073,
    "sff": "lesion"
  },
  {
    "docID": "N231 Zhang 2011",
    "et": "LesionAdjacentTissue",
    "off": 10502,
    "sff": "lesion"
  },
  {
    "docID": "N231 Zhang 2011",
    "et": "LesionAdjacentTissue",
    "off": 17158,
    "sff": "lesion"
  },
  {
    "docID": "N231 Zhang 2011",
    "et": "LesionAdjacentTissue",
    "off": 786,
    "sff": "lesion"
  },
  {
    "docID": "N231 Zhang 2011",
    "et": "LesionAdjacentTissue",
    "off": 27537,
    "sff": "lesion"
  },
  {
    "docID": "N231 Zhang 2011",
    "et": "LesionAdjacentTissue",
    "off": 22908,
    "sff": "lesion"
  },
  {
    "docID": "N231 Zhang 2011",
    "et": "LesionAdjacentTissue",
    "off": 12152,
    "sff": "lesion"
  },
  {
    "docID": "N231 Zhang 2011",
    "et": "LesionAdjacentTissue",
    "off": 39042,
    "sff": "lesion"
  },
  {
    "docID": "N231 Zhang 2011",
    "et": "LesionAdjacentTissue",
    "off": 13952,
    "sff": "lesion"
  },
  {
    "docID": "N231 Zhang 2011",
    "et": "LesionAdjacentTissue",
    "off": 44414,
    "sff": "lesion"
  },
  {
    "docID": "N231 Zhang 2011",
    "et": "Location",
    "off": 29917,
    "sff": "location"
  },
  {
    "docID": "N231 Zhang 2011",
    "et": "Location",
    "off": 40070,
    "sff": "location"
  },
  {
    "docID": "N231 Zhang 2011",
    "et": "SubstanceApplicationLocation",
    "off": 6472,
    "sff": "application"
  },
  {
    "docID": "N231 Zhang 2011",
    "et": "VertebralArea",
    "off": 37468,
    "sff": "vertebral"
  },
  {
    "docID": "N231 Zhang 2011",
    "et": "InjectionDelivery",
    "off": 39873,
    "sff": "injection"
  },
  {
    "docID": "N231 Zhang 2011",
    "et": "InjectionDelivery",
    "off": 39260,
    "sff": "injection"
  },
  {
    "docID": "N231 Zhang 2011",
    "et": "VertebralSegment",
    "off": 37468,
    "sff": "vertebral"
  },
  {
    "docID": "N231 Zhang 2011",
    "et": "SpinalLesionSite",
    "off": 9880,
    "sff": "lesion"
  },
  {
    "docID": "N231 Zhang 2011",
    "et": "SpinalLesionSite",
    "off": 31383,
    "sff": "lesion"
  },
  {
    "docID": "N231 Zhang 2011",
    "et": "SpinalLesionSite",
    "off": 14745,
    "sff": "lesion"
  },
  {
    "docID": "N231 Zhang 2011",
    "et": "SpinalLesionSite",
    "off": 15001,
    "sff": "lesion"
  },
  {
    "docID": "N231 Zhang 2011",
    "et": "SpinalLesionSite",
    "off": 15521,
    "sff": "lesion"
  },
  {
    "docID": "N231 Zhang 2011",
    "et": "SpinalLesionSite",
    "off": 8073,
    "sff": "lesion"
  },
  {
    "docID": "N231 Zhang 2011",
    "et": "SpinalLesionSite",
    "off": 10502,
    "sff": "lesion"
  },
  {
    "docID": "N231 Zhang 2011",
    "et": "SpinalLesionSite",
    "off": 17158,
    "sff": "lesion"
  },
  {
    "docID": "N231 Zhang 2011",
    "et": "SpinalLesionSite",
    "off": 786,
    "sff": "lesion"
  },
  {
    "docID": "N231 Zhang 2011",
    "et": "SpinalLesionSite",
    "off": 27537,
    "sff": "lesion"
  },
  {
    "docID": "N231 Zhang 2011",
    "et": "SpinalLesionSite",
    "off": 17677,
    "sff": "lesion"
  },
  {
    "docID": "N231 Zhang 2011",
    "et": "SpinalLesionSite",
    "off": 12152,
    "sff": "lesion"
  },
  {
    "docID": "N231 Zhang 2011",
    "et": "SpinalLesionSite",
    "off": 13952,
    "sff": "lesion"
  },
  {
    "docID": "N231 Zhang 2011",
    "et": "SpinalLesionSite",
    "off": 39042,
    "sff": "lesion"
  },
  {
    "docID": "N231 Zhang 2011",
    "et": "SpinalLesionSite",
    "off": 22908,
    "sff": "lesion"
  },
  {
    "docID": "N231 Zhang 2011",
    "et": "SpinalLesionSite",
    "off": 44414,
    "sff": "lesion"
  },
  {
    "docID": "N231 Zhang 2011",
    "et": "SpinalLesionSite",
    "off": 44010,
    "sff": "lesion"
  },
  {
    "docID": "N231 Zhang 2011",
    "et": "SpinalLesionSite",
    "off": 9065,
    "sff": "lesion"
  },
  {
    "docID": "N231 Zhang 2011",
    "et": "SpinalLesionSite",
    "off": 27247,
    "sff": "lesion"
  },
  {
    "docID": "N231 Zhang 2011",
    "et": "SpinalLesionSite",
    "off": 13419,
    "sff": "lesion"
  },
  {
    "docID": "N231 Zhang 2011",
    "et": "SpinalLesionSite",
    "off": 19160,
    "sff": "lesion"
  },
  {
    "docID": "N231 Zhang 2011",
    "et": "SpinalLesionSite",
    "off": 15450,
    "sff": "lesion"
  },
  {
    "docID": "N231 Zhang 2011",
    "et": "SpinalLesionSite",
    "off": 16858,
    "sff": "lesion"
  },
  {
    "docID": "N231 Zhang 2011",
    "et": "SpinalLesionSite",
    "off": 41306,
    "sff": "lesion"
  },
  {
    "docID": "N231 Zhang 2011",
    "et": "SpinalLesionSite",
    "off": 1114,
    "sff": "lesion"
  },
  {
    "docID": "N231 Zhang 2011",
    "et": "SpinalLesionSite",
    "off": 26713,
    "sff": "lesion"
  },
  {
    "docID": "N231 Zhang 2011",
    "et": "SpinalLesionSite",
    "off": 39892,
    "sff": "lesion"
  },
  {
    "docID": "N231 Zhang 2011",
    "et": "SpinalLesionSite",
    "off": 26838,
    "sff": "lesion"
  },
  {
    "docID": "N231 Zhang 2011",
    "et": "SpinalLesionSite",
    "off": 10069,
    "sff": "lesion"
  },
  {
    "docID": "N231 Zhang 2011",
    "et": "SpinalLesionSite",
    "off": 2929,
    "sff": "lesion site"
  },
  {
    "docID": "N231 Zhang 2011",
    "et": "SpinalLesionSite",
    "off": 16482,
    "sff": "lesion"
  },
  {
    "docID": "N231 Zhang 2011",
    "et": "SpinalLesionSite",
    "off": 22113,
    "sff": "lesion"
  },
  {
    "docID": "N231 Zhang 2011",
    "et": "SpinalLesionSite",
    "off": 8776,
    "sff": "lesion"
  },
  {
    "docID": "N231 Zhang 2011",
    "et": "SpinalLesionSite",
    "off": 44874,
    "sff": "lesion"
  },
  {
    "docID": "N231 Zhang 2011",
    "et": "SpinalLesionSite",
    "off": 44105,
    "sff": "lesion"
  },
  {
    "docID": "N231 Zhang 2011",
    "et": "SpinalLesionSite",
    "off": 41027,
    "sff": "lesion"
  },
  {
    "docID": "N231 Zhang 2011",
    "et": "SpinalLesionSite",
    "off": 11205,
    "sff": "lesion"
  },
  {
    "docID": "N231 Zhang 2011",
    "et": "SpinalLesionSite",
    "off": 13264,
    "sff": "lesion"
  },
  {
    "docID": "N231 Zhang 2011",
    "et": "SpinalLesionSite",
    "off": 25041,
    "sff": "lesion"
  },
  {
    "docID": "N231 Zhang 2011",
    "et": "SpinalLesionSite",
    "off": 16590,
    "sff": "lesion"
  },
  {
    "docID": "N231 Zhang 2011",
    "et": "SpinalLesionSite",
    "off": 14135,
    "sff": "lesion"
  },
  {
    "docID": "N231 Zhang 2011",
    "et": "SpinalLesionSite",
    "off": 8250,
    "sff": "lesion"
  },
  {
    "docID": "N231 Zhang 2011",
    "et": "SpinalLesionSite",
    "off": 22329,
    "sff": "lesion"
  },
  {
    "docID": "N231 Zhang 2011",
    "et": "SpinalLesionSite",
    "off": 40105,
    "sff": "lesion"
  },
  {
    "docID": "N231 Zhang 2011",
    "et": "SpinalLesionSite",
    "off": 10790,
    "sff": "lesion"
  },
  {
    "docID": "N231 Zhang 2011",
    "et": "SpinalLesionSite",
    "off": 40369,
    "sff": "lesion"
  },
  {
    "docID": "N231 Zhang 2011",
    "et": "SpinalLesionSite",
    "off": 16684,
    "sff": "lesion"
  },
  {
    "docID": "N231 Zhang 2011",
    "et": "SpinalLesionSite",
    "off": 14251,
    "sff": "lesion"
  },
  {
    "docID": "N231 Zhang 2011",
    "et": "SpinalLesionSite",
    "off": 3886,
    "sff": "lesion"
  }
]
