[
  {
    "docID": "N232 Zhang 2012",
    "et": "AnatomicalLocation",
    "off": 3162,
    "sff": "Anatomical"
  },
  {
    "docID": "N232 Zhang 2012",
    "et": "AnatomicalLocation",
    "off": 24334,
    "sff": "anatomical"
  },
  {
    "docID": "N232 Zhang 2012",
    "et": "AnatomicalLocation",
    "off": 30445,
    "sff": "anatomical"
  },
  {
    "docID": "N232 Zhang 2012",
    "et": "Epidural",
    "off": 6656,
    "sff": "epidural"
  },
  {
    "docID": "N232 Zhang 2012",
    "et": "T7",
    "off": 34346,
    "sff": "T7"
  },
  {
    "docID": "N232 Zhang 2012",
    "et": "T8",
    "off": 34402,
    "sff": "T8"
  },
  {
    "docID": "N232 Zhang 2012",
    "et": "L1",
    "off": 25372,
    "sff": "L1"
  },
  {
    "docID": "N232 Zhang 2012",
    "et": "T9",
    "off": 34409,
    "sff": "T9"
  },
  {
    "docID": "N232 Zhang 2012",
    "et": "T9",
    "off": 34438,
    "sff": "T9"
  },
  {
    "docID": "N232 Zhang 2012",
    "et": "T10",
    "off": 34550,
    "sff": "T10"
  },
  {
    "docID": "N232 Zhang 2012",
    "et": "T10",
    "off": 761,
    "sff": "T10"
  },
  {
    "docID": "N232 Zhang 2012",
    "et": "T10",
    "off": 34353,
    "sff": "T10"
  },
  {
    "docID": "N232 Zhang 2012",
    "et": "T10",
    "off": 25451,
    "sff": "T10"
  },
  {
    "docID": "N232 Zhang 2012",
    "et": "T10",
    "off": 34445,
    "sff": "T10"
  },
  {
    "docID": "N232 Zhang 2012",
    "et": "Lumbar",
    "off": 25077,
    "sff": "lumbar"
  },
  {
    "docID": "N232 Zhang 2012",
    "et": "Thoracic",
    "off": 25011,
    "sff": "thoracic"
  },
  {
    "docID": "N232 Zhang 2012",
    "et": "Thoracic",
    "off": 34327,
    "sff": "thoracic"
  },
  {
    "docID": "N232 Zhang 2012",
    "et": "VertebralLocation",
    "off": 34246,
    "sff": "vertebral"
  },
  {
    "docID": "N232 Zhang 2012",
    "et": "Brain",
    "off": 27541,
    "sff": "brain"
  },
  {
    "docID": "N232 Zhang 2012",
    "et": "Brain",
    "off": 27204,
    "sff": "brain"
  },
  {
    "docID": "N232 Zhang 2012",
    "et": "Brain",
    "off": 40943,
    "sff": "brain"
  },
  {
    "docID": "N232 Zhang 2012",
    "et": "Brain",
    "off": 40782,
    "sff": "brain"
  },
  {
    "docID": "N232 Zhang 2012",
    "et": "Brain",
    "off": 26865,
    "sff": "brain"
  },
  {
    "docID": "N232 Zhang 2012",
    "et": "Brain",
    "off": 26714,
    "sff": "brain"
  },
  {
    "docID": "N232 Zhang 2012",
    "et": "Brain",
    "off": 27149,
    "sff": "brain"
  },
  {
    "docID": "N232 Zhang 2012",
    "et": "Brain",
    "off": 12445,
    "sff": "brain"
  },
  {
    "docID": "N232 Zhang 2012",
    "et": "AscendingFiberTract",
    "off": 19773,
    "sff": "ascending"
  },
  {
    "docID": "N232 Zhang 2012",
    "et": "AscendingFiberTract",
    "off": 26904,
    "sff": "ascending"
  },
  {
    "docID": "N232 Zhang 2012",
    "et": "DeliveryMethod",
    "off": 36702,
    "sff": "delivery"
  },
  {
    "docID": "N232 Zhang 2012",
    "et": "DeliveryMethod",
    "off": 37163,
    "sff": "delivery"
  },
  {
    "docID": "N232 Zhang 2012",
    "et": "SpinalDorsalHalf",
    "off": 11790,
    "sff": "dorsal"
  },
  {
    "docID": "N232 Zhang 2012",
    "et": "SpinalDorsalHalf",
    "off": 46881,
    "sff": "dorsal"
  },
  {
    "docID": "N232 Zhang 2012",
    "et": "SpinalDorsalHalf",
    "off": 34366,
    "sff": "dorsal"
  },
  {
    "docID": "N232 Zhang 2012",
    "et": "SpinalDorsalHalf",
    "off": 11050,
    "sff": "dorsal"
  },
  {
    "docID": "N232 Zhang 2012",
    "et": "SpinalDorsalHalf",
    "off": 43892,
    "sff": "dorsal"
  },
  {
    "docID": "N232 Zhang 2012",
    "et": "SpinalVentralHalf",
    "off": 11067,
    "sff": "ventral"
  },
  {
    "docID": "N232 Zhang 2012",
    "et": "SpinalVentralHalf",
    "off": 46892,
    "sff": "ventral"
  },
  {
    "docID": "N232 Zhang 2012",
    "et": "SpinalVentralHalf",
    "off": 11812,
    "sff": "ventral"
  },
  {
    "docID": "N232 Zhang 2012",
    "et": "SpinalCord",
    "off": 27114,
    "sff": "cord"
  },
  {
    "docID": "N232 Zhang 2012",
    "et": "SpinalCord",
    "off": 34602,
    "sff": "cord"
  },
  {
    "docID": "N232 Zhang 2012",
    "et": "SpinalCord",
    "off": 34537,
    "sff": "cord"
  },
  {
    "docID": "N232 Zhang 2012",
    "et": "SpinalCord",
    "off": 6382,
    "sff": "cord"
  },
  {
    "docID": "N232 Zhang 2012",
    "et": "SpinalCord",
    "off": 46635,
    "sff": "cord"
  },
  {
    "docID": "N232 Zhang 2012",
    "et": "SpinalCord",
    "off": 159,
    "sff": "cord"
  },
  {
    "docID": "N232 Zhang 2012",
    "et": "SpinalCord",
    "off": 2405,
    "sff": "cord"
  },
  {
    "docID": "N232 Zhang 2012",
    "et": "SpinalCord",
    "off": 27558,
    "sff": "cord"
  },
  {
    "docID": "N232 Zhang 2012",
    "et": "SpinalCord",
    "off": 2662,
    "sff": "cord"
  },
  {
    "docID": "N232 Zhang 2012",
    "et": "SpinalCord",
    "off": 22819,
    "sff": "cord"
  },
  {
    "docID": "N232 Zhang 2012",
    "et": "SpinalCord",
    "off": 18084,
    "sff": "cord"
  },
  {
    "docID": "N232 Zhang 2012",
    "et": "SpinalCord",
    "off": 44346,
    "sff": "cord"
  },
  {
    "docID": "N232 Zhang 2012",
    "et": "SpinalCord",
    "off": 34424,
    "sff": "cord"
  },
  {
    "docID": "N232 Zhang 2012",
    "et": "SpinalCord",
    "off": 40504,
    "sff": "cord"
  },
  {
    "docID": "N232 Zhang 2012",
    "et": "SpinalCord",
    "off": 4719,
    "sff": "cord"
  },
  {
    "docID": "N232 Zhang 2012",
    "et": "SpinalCord",
    "off": 7535,
    "sff": "cord"
  },
  {
    "docID": "N232 Zhang 2012",
    "et": "SpinalCord",
    "off": 22192,
    "sff": "cord"
  },
  {
    "docID": "N232 Zhang 2012",
    "et": "SpinalCord",
    "off": 3571,
    "sff": "cord"
  },
  {
    "docID": "N232 Zhang 2012",
    "et": "SpinalCord",
    "off": 756,
    "sff": "cord"
  },
  {
    "docID": "N232 Zhang 2012",
    "et": "SpinalCord",
    "off": 35722,
    "sff": "cord"
  },
  {
    "docID": "N232 Zhang 2012",
    "et": "SpinalCord",
    "off": 33992,
    "sff": "cord"
  },
  {
    "docID": "N232 Zhang 2012",
    "et": "SpinalCord",
    "off": 10189,
    "sff": "cord"
  },
  {
    "docID": "N232 Zhang 2012",
    "et": "SpinalCord",
    "off": 43598,
    "sff": "cord"
  },
  {
    "docID": "N232 Zhang 2012",
    "et": "SpinalCord",
    "off": 334,
    "sff": "cord"
  },
  {
    "docID": "N232 Zhang 2012",
    "et": "SpinalCord",
    "off": 2047,
    "sff": "cord"
  },
  {
    "docID": "N232 Zhang 2012",
    "et": "SpinalCord",
    "off": 517,
    "sff": "cord"
  },
  {
    "docID": "N232 Zhang 2012",
    "et": "SpinalCord",
    "off": 30086,
    "sff": "cord"
  },
  {
    "docID": "N232 Zhang 2012",
    "et": "SpinalCord",
    "off": 10950,
    "sff": "cord"
  },
  {
    "docID": "N232 Zhang 2012",
    "et": "SpinalCord",
    "off": 34052,
    "sff": "cord"
  },
  {
    "docID": "N232 Zhang 2012",
    "et": "SpinalCord",
    "off": 2948,
    "sff": "cord"
  },
  {
    "docID": "N232 Zhang 2012",
    "et": "SpinalCord",
    "off": 43678,
    "sff": "cord"
  },
  {
    "docID": "N232 Zhang 2012",
    "et": "SpinalCord",
    "off": 36252,
    "sff": "cord"
  },
  {
    "docID": "N232 Zhang 2012",
    "et": "SpinalCord",
    "off": 40796,
    "sff": "cord"
  },
  {
    "docID": "N232 Zhang 2012",
    "et": "SpinalCord",
    "off": 43995,
    "sff": "cord"
  },
  {
    "docID": "N232 Zhang 2012",
    "et": "SpinalCord",
    "off": 3920,
    "sff": "cord"
  },
  {
    "docID": "N232 Zhang 2012",
    "et": "SpinalCord",
    "off": 36822,
    "sff": "cord"
  },
  {
    "docID": "N232 Zhang 2012",
    "et": "DorsalColumn",
    "off": 11050,
    "sff": "dorsal"
  },
  {
    "docID": "N232 Zhang 2012",
    "et": "DorsalColumn",
    "off": 11790,
    "sff": "dorsal"
  },
  {
    "docID": "N232 Zhang 2012",
    "et": "DorsalColumn",
    "off": 34366,
    "sff": "dorsal"
  },
  {
    "docID": "N232 Zhang 2012",
    "et": "DorsalColumn",
    "off": 43892,
    "sff": "dorsal"
  },
  {
    "docID": "N232 Zhang 2012",
    "et": "DorsalColumn",
    "off": 46881,
    "sff": "dorsal"
  },
  {
    "docID": "N232 Zhang 2012",
    "et": "TailVeinLocation",
    "off": 17091,
    "sff": "tail"
  },
  {
    "docID": "N232 Zhang 2012",
    "et": "TailVeinLocation",
    "off": 38199,
    "sff": "tail"
  },
  {
    "docID": "N232 Zhang 2012",
    "et": "TailVeinLocation",
    "off": 585,
    "sff": "tail"
  },
  {
    "docID": "N232 Zhang 2012",
    "et": "TailVeinLocation",
    "off": 38089,
    "sff": "tail"
  },
  {
    "docID": "N232 Zhang 2012",
    "et": "TailVeinLocation",
    "off": 37250,
    "sff": "Tail"
  },
  {
    "docID": "N232 Zhang 2012",
    "et": "TailVeinLocation",
    "off": 6144,
    "sff": "tail"
  },
  {
    "docID": "N232 Zhang 2012",
    "et": "TailVeinLocation",
    "off": 10992,
    "sff": "tail"
  },
  {
    "docID": "N232 Zhang 2012",
    "et": "TailVeinLocation",
    "off": 5986,
    "sff": "tail"
  },
  {
    "docID": "N232 Zhang 2012",
    "et": "TailVeinLocation",
    "off": 6561,
    "sff": "tail"
  },
  {
    "docID": "N232 Zhang 2012",
    "et": "LesionAdjacentTissue",
    "off": 35835,
    "sff": "lesion"
  },
  {
    "docID": "N232 Zhang 2012",
    "et": "LesionAdjacentTissue",
    "off": 43899,
    "sff": "lesion"
  },
  {
    "docID": "N232 Zhang 2012",
    "et": "LesionAdjacentTissue",
    "off": 18946,
    "sff": "lesion"
  },
  {
    "docID": "N232 Zhang 2012",
    "et": "LesionAdjacentTissue",
    "off": 43528,
    "sff": "lesion"
  },
  {
    "docID": "N232 Zhang 2012",
    "et": "LesionAdjacentTissue",
    "off": 44296,
    "sff": "lesion"
  },
  {
    "docID": "N232 Zhang 2012",
    "et": "LesionAdjacentTissue",
    "off": 22792,
    "sff": "lesion"
  },
  {
    "docID": "N232 Zhang 2012",
    "et": "LesionAdjacentTissue",
    "off": 2821,
    "sff": "lesion"
  },
  {
    "docID": "N232 Zhang 2012",
    "et": "LesionAdjacentTissue",
    "off": 17669,
    "sff": "lesion"
  },
  {
    "docID": "N232 Zhang 2012",
    "et": "LesionAdjacentTissue",
    "off": 1034,
    "sff": "lesion"
  },
  {
    "docID": "N232 Zhang 2012",
    "et": "LesionAdjacentTissue",
    "off": 19530,
    "sff": "lesion"
  },
  {
    "docID": "N232 Zhang 2012",
    "et": "LesionAdjacentTissue",
    "off": 46543,
    "sff": "lesion"
  },
  {
    "docID": "N232 Zhang 2012",
    "et": "LesionAdjacentTissue",
    "off": 3085,
    "sff": "lesion"
  },
  {
    "docID": "N232 Zhang 2012",
    "et": "LesionAdjacentTissue",
    "off": 36620,
    "sff": "lesion"
  },
  {
    "docID": "N232 Zhang 2012",
    "et": "LesionAdjacentTissue",
    "off": 10130,
    "sff": "lesion"
  },
  {
    "docID": "N232 Zhang 2012",
    "et": "LesionAdjacentTissue",
    "off": 10578,
    "sff": "lesion"
  },
  {
    "docID": "N232 Zhang 2012",
    "et": "LesionAdjacentTissue",
    "off": 17686,
    "sff": "lesion"
  },
  {
    "docID": "N232 Zhang 2012",
    "et": "LesionAdjacentTissue",
    "off": 9819,
    "sff": "lesion"
  },
  {
    "docID": "N232 Zhang 2012",
    "et": "LesionAdjacentTissue",
    "off": 9883,
    "sff": "lesion"
  },
  {
    "docID": "N232 Zhang 2012",
    "et": "LesionAdjacentTissue",
    "off": 11417,
    "sff": "lesion"
  },
  {
    "docID": "N232 Zhang 2012",
    "et": "LesionAdjacentTissue",
    "off": 18656,
    "sff": "lesion"
  },
  {
    "docID": "N232 Zhang 2012",
    "et": "LesionAdjacentTissue",
    "off": 27295,
    "sff": "lesion"
  },
  {
    "docID": "N232 Zhang 2012",
    "et": "LesionAdjacentTissue",
    "off": 10014,
    "sff": "lesion"
  },
  {
    "docID": "N232 Zhang 2012",
    "et": "LesionAdjacentTissue",
    "off": 36891,
    "sff": "lesion"
  },
  {
    "docID": "N232 Zhang 2012",
    "et": "LesionAdjacentTissue",
    "off": 46747,
    "sff": "lesion"
  },
  {
    "docID": "N232 Zhang 2012",
    "et": "LesionAdjacentTissue",
    "off": 18333,
    "sff": "lesion"
  },
  {
    "docID": "N232 Zhang 2012",
    "et": "LesionAdjacentTissue",
    "off": 44444,
    "sff": "lesion"
  },
  {
    "docID": "N232 Zhang 2012",
    "et": "LesionAdjacentTissue",
    "off": 11236,
    "sff": "lesion"
  },
  {
    "docID": "N232 Zhang 2012",
    "et": "LesionAdjacentTissue",
    "off": 18147,
    "sff": "lesion"
  },
  {
    "docID": "N232 Zhang 2012",
    "et": "LesionAdjacentTissue",
    "off": 17890,
    "sff": "lesion"
  },
  {
    "docID": "N232 Zhang 2012",
    "et": "LesionAdjacentTissue",
    "off": 6119,
    "sff": "lesion"
  },
  {
    "docID": "N232 Zhang 2012",
    "et": "LesionAdjacentTissue",
    "off": 43683,
    "sff": "lesion"
  },
  {
    "docID": "N232 Zhang 2012",
    "et": "LesionAdjacentTissue",
    "off": 45614,
    "sff": "lesion"
  },
  {
    "docID": "N232 Zhang 2012",
    "et": "LesionAdjacentTissue",
    "off": 44713,
    "sff": "lesion"
  },
  {
    "docID": "N232 Zhang 2012",
    "et": "LesionAdjacentTissue",
    "off": 36970,
    "sff": "lesion"
  },
  {
    "docID": "N232 Zhang 2012",
    "et": "LesionAdjacentTissue",
    "off": 10867,
    "sff": "lesion"
  },
  {
    "docID": "N232 Zhang 2012",
    "et": "LesionAdjacentTissue",
    "off": 18033,
    "sff": "lesion"
  },
  {
    "docID": "N232 Zhang 2012",
    "et": "LesionAdjacentTissue",
    "off": 3893,
    "sff": "lesion"
  },
  {
    "docID": "N232 Zhang 2012",
    "et": "CentralNervousSystem",
    "off": 43670,
    "sff": "central"
  },
  {
    "docID": "N232 Zhang 2012",
    "et": "CentralNervousSystem",
    "off": 651,
    "sff": "central"
  },
  {
    "docID": "N232 Zhang 2012",
    "et": "CentralNervousSystem",
    "off": 3674,
    "sff": "central"
  },
  {
    "docID": "N232 Zhang 2012",
    "et": "SubstanceApplicationLocation",
    "off": 25808,
    "sff": "application"
  },
  {
    "docID": "N232 Zhang 2012",
    "et": "SubstanceApplicationLocation",
    "off": 37580,
    "sff": "application"
  },
  {
    "docID": "N232 Zhang 2012",
    "et": "SubstanceApplicationLocation",
    "off": 5340,
    "sff": "application"
  },
  {
    "docID": "N232 Zhang 2012",
    "et": "SubstanceApplicationLocation",
    "off": 542,
    "sff": "application"
  },
  {
    "docID": "N232 Zhang 2012",
    "et": "SubstanceApplicationLocation",
    "off": 22221,
    "sff": "application"
  },
  {
    "docID": "N232 Zhang 2012",
    "et": "VertebralArea",
    "off": 34246,
    "sff": "vertebral"
  },
  {
    "docID": "N232 Zhang 2012",
    "et": "SpinalCentralPart",
    "off": 651,
    "sff": "central"
  },
  {
    "docID": "N232 Zhang 2012",
    "et": "SpinalCentralPart",
    "off": 3674,
    "sff": "central"
  },
  {
    "docID": "N232 Zhang 2012",
    "et": "SpinalCentralPart",
    "off": 43670,
    "sff": "central"
  },
  {
    "docID": "N232 Zhang 2012",
    "et": "InjectionDelivery",
    "off": 36020,
    "sff": "injection"
  },
  {
    "docID": "N232 Zhang 2012",
    "et": "VertebralSegment",
    "off": 34246,
    "sff": "vertebral"
  },
  {
    "docID": "N232 Zhang 2012",
    "et": "SpinalLesionSite",
    "off": 6119,
    "sff": "lesion"
  },
  {
    "docID": "N232 Zhang 2012",
    "et": "SpinalLesionSite",
    "off": 44713,
    "sff": "lesion"
  },
  {
    "docID": "N232 Zhang 2012",
    "et": "SpinalLesionSite",
    "off": 36970,
    "sff": "lesion"
  },
  {
    "docID": "N232 Zhang 2012",
    "et": "SpinalLesionSite",
    "off": 45614,
    "sff": "lesion"
  },
  {
    "docID": "N232 Zhang 2012",
    "et": "SpinalLesionSite",
    "off": 18033,
    "sff": "lesion"
  },
  {
    "docID": "N232 Zhang 2012",
    "et": "SpinalLesionSite",
    "off": 10867,
    "sff": "lesion"
  },
  {
    "docID": "N232 Zhang 2012",
    "et": "SpinalLesionSite",
    "off": 3893,
    "sff": "lesion"
  },
  {
    "docID": "N232 Zhang 2012",
    "et": "SpinalLesionSite",
    "off": 35835,
    "sff": "lesion"
  },
  {
    "docID": "N232 Zhang 2012",
    "et": "SpinalLesionSite",
    "off": 43899,
    "sff": "lesion"
  },
  {
    "docID": "N232 Zhang 2012",
    "et": "SpinalLesionSite",
    "off": 18946,
    "sff": "lesion"
  },
  {
    "docID": "N232 Zhang 2012",
    "et": "SpinalLesionSite",
    "off": 2821,
    "sff": "lesion"
  },
  {
    "docID": "N232 Zhang 2012",
    "et": "SpinalLesionSite",
    "off": 17669,
    "sff": "lesion"
  },
  {
    "docID": "N232 Zhang 2012",
    "et": "SpinalLesionSite",
    "off": 22792,
    "sff": "lesion"
  },
  {
    "docID": "N232 Zhang 2012",
    "et": "SpinalLesionSite",
    "off": 43528,
    "sff": "lesion"
  },
  {
    "docID": "N232 Zhang 2012",
    "et": "SpinalLesionSite",
    "off": 44296,
    "sff": "lesion"
  },
  {
    "docID": "N232 Zhang 2012",
    "et": "SpinalLesionSite",
    "off": 1034,
    "sff": "lesion"
  },
  {
    "docID": "N232 Zhang 2012",
    "et": "SpinalLesionSite",
    "off": 19530,
    "sff": "lesion"
  },
  {
    "docID": "N232 Zhang 2012",
    "et": "SpinalLesionSite",
    "off": 3085,
    "sff": "lesion"
  },
  {
    "docID": "N232 Zhang 2012",
    "et": "SpinalLesionSite",
    "off": 36620,
    "sff": "lesion"
  },
  {
    "docID": "N232 Zhang 2012",
    "et": "SpinalLesionSite",
    "off": 46543,
    "sff": "lesion"
  },
  {
    "docID": "N232 Zhang 2012",
    "et": "SpinalLesionSite",
    "off": 10130,
    "sff": "lesion"
  },
  {
    "docID": "N232 Zhang 2012",
    "et": "SpinalLesionSite",
    "off": 10578,
    "sff": "lesion"
  },
  {
    "docID": "N232 Zhang 2012",
    "et": "SpinalLesionSite",
    "off": 17686,
    "sff": "lesion"
  },
  {
    "docID": "N232 Zhang 2012",
    "et": "SpinalLesionSite",
    "off": 11417,
    "sff": "lesion"
  },
  {
    "docID": "N232 Zhang 2012",
    "et": "SpinalLesionSite",
    "off": 9819,
    "sff": "lesion"
  },
  {
    "docID": "N232 Zhang 2012",
    "et": "SpinalLesionSite",
    "off": 9883,
    "sff": "lesion"
  },
  {
    "docID": "N232 Zhang 2012",
    "et": "SpinalLesionSite",
    "off": 36891,
    "sff": "lesion"
  },
  {
    "docID": "N232 Zhang 2012",
    "et": "SpinalLesionSite",
    "off": 46747,
    "sff": "lesion"
  },
  {
    "docID": "N232 Zhang 2012",
    "et": "SpinalLesionSite",
    "off": 18333,
    "sff": "lesion"
  },
  {
    "docID": "N232 Zhang 2012",
    "et": "SpinalLesionSite",
    "off": 44444,
    "sff": "lesion"
  },
  {
    "docID": "N232 Zhang 2012",
    "et": "SpinalLesionSite",
    "off": 27295,
    "sff": "lesion"
  },
  {
    "docID": "N232 Zhang 2012",
    "et": "SpinalLesionSite",
    "off": 10014,
    "sff": "lesion"
  },
  {
    "docID": "N232 Zhang 2012",
    "et": "SpinalLesionSite",
    "off": 18656,
    "sff": "lesion"
  },
  {
    "docID": "N232 Zhang 2012",
    "et": "SpinalLesionSite",
    "off": 18147,
    "sff": "lesion"
  },
  {
    "docID": "N232 Zhang 2012",
    "et": "SpinalLesionSite",
    "off": 43683,
    "sff": "lesion"
  },
  {
    "docID": "N232 Zhang 2012",
    "et": "SpinalLesionSite",
    "off": 17890,
    "sff": "lesion"
  },
  {
    "docID": "N232 Zhang 2012",
    "et": "SpinalLesionSite",
    "off": 11236,
    "sff": "lesion"
  }
]
