[
  {
    "docID": "N233 Zhang 2015",
    "et": "T9",
    "off": 9318,
    "sff": "T9"
  },
  {
    "docID": "N233 Zhang 2015",
    "et": "T11",
    "off": 9325,
    "sff": "T11"
  },
  {
    "docID": "N233 Zhang 2015",
    "et": "T10",
    "off": 7491,
    "sff": "T10"
  },
  {
    "docID": "N233 Zhang 2015",
    "et": "VertebralLocation",
    "off": 7474,
    "sff": "vertebral"
  },
  {
    "docID": "N233 Zhang 2015",
    "et": "IntraperitonealLocation",
    "off": 7372,
    "sff": "intraperitoneal"
  },
  {
    "docID": "N233 Zhang 2015",
    "et": "SpinalWhiteMatter",
    "off": 6392,
    "sff": "white matter"
  },
  {
    "docID": "N233 Zhang 2015",
    "et": "SpinalCord",
    "off": 4523,
    "sff": "cord"
  },
  {
    "docID": "N233 Zhang 2015",
    "et": "SpinalCord",
    "off": 25962,
    "sff": "cord"
  },
  {
    "docID": "N233 Zhang 2015",
    "et": "SpinalCord",
    "off": 1836,
    "sff": "cord"
  },
  {
    "docID": "N233 Zhang 2015",
    "et": "SpinalCord",
    "off": 9135,
    "sff": "cord"
  },
  {
    "docID": "N233 Zhang 2015",
    "et": "SpinalCord",
    "off": 10926,
    "sff": "cord"
  },
  {
    "docID": "N233 Zhang 2015",
    "et": "SpinalCord",
    "off": 15726,
    "sff": "cord"
  },
  {
    "docID": "N233 Zhang 2015",
    "et": "SpinalCord",
    "off": 19313,
    "sff": "cord"
  },
  {
    "docID": "N233 Zhang 2015",
    "et": "SpinalCord",
    "off": 20136,
    "sff": "cord"
  },
  {
    "docID": "N233 Zhang 2015",
    "et": "SpinalCord",
    "off": 24922,
    "sff": "cord"
  },
  {
    "docID": "N233 Zhang 2015",
    "et": "SpinalCord",
    "off": 14300,
    "sff": "cord"
  },
  {
    "docID": "N233 Zhang 2015",
    "et": "SpinalCord",
    "off": 25567,
    "sff": "cord"
  },
  {
    "docID": "N233 Zhang 2015",
    "et": "SpinalCord",
    "off": 14880,
    "sff": "cord"
  },
  {
    "docID": "N233 Zhang 2015",
    "et": "SpinalCord",
    "off": 152,
    "sff": "Cord"
  },
  {
    "docID": "N233 Zhang 2015",
    "et": "SpinalCord",
    "off": 338,
    "sff": "cord"
  },
  {
    "docID": "N233 Zhang 2015",
    "et": "SpinalCord",
    "off": 16210,
    "sff": "cord"
  },
  {
    "docID": "N233 Zhang 2015",
    "et": "SpinalCord",
    "off": 9300,
    "sff": "cord"
  },
  {
    "docID": "N233 Zhang 2015",
    "et": "SpinalCord",
    "off": 4121,
    "sff": "cord"
  },
  {
    "docID": "N233 Zhang 2015",
    "et": "SpinalCord",
    "off": 3404,
    "sff": "cord"
  },
  {
    "docID": "N233 Zhang 2015",
    "et": "SpinalCord",
    "off": 849,
    "sff": "cord"
  },
  {
    "docID": "N233 Zhang 2015",
    "et": "SpinalCord",
    "off": 8337,
    "sff": "cord"
  },
  {
    "docID": "N233 Zhang 2015",
    "et": "SpinalCord",
    "off": 22978,
    "sff": "cord"
  },
  {
    "docID": "N233 Zhang 2015",
    "et": "SpinalCord",
    "off": 8516,
    "sff": "cord"
  },
  {
    "docID": "N233 Zhang 2015",
    "et": "SpinalCord",
    "off": 7611,
    "sff": "cord"
  },
  {
    "docID": "N233 Zhang 2015",
    "et": "SpinalCord",
    "off": 23227,
    "sff": "cord"
  },
  {
    "docID": "N233 Zhang 2015",
    "et": "SpinalCord",
    "off": 572,
    "sff": "cord"
  },
  {
    "docID": "N233 Zhang 2015",
    "et": "SpinalCord",
    "off": 24124,
    "sff": "cord"
  },
  {
    "docID": "N233 Zhang 2015",
    "et": "SpinalCord",
    "off": 17918,
    "sff": "cord"
  },
  {
    "docID": "N233 Zhang 2015",
    "et": "SpinalCord",
    "off": 22720,
    "sff": "cord"
  },
  {
    "docID": "N233 Zhang 2015",
    "et": "SpinalCord",
    "off": 7029,
    "sff": "Cord"
  },
  {
    "docID": "N233 Zhang 2015",
    "et": "LesionAdjacentTissue",
    "off": 2175,
    "sff": "lesion"
  },
  {
    "docID": "N233 Zhang 2015",
    "et": "LesionAdjacentTissue",
    "off": 8566,
    "sff": "lesion"
  },
  {
    "docID": "N233 Zhang 2015",
    "et": "CentralNervousSystem",
    "off": 3474,
    "sff": "central"
  },
  {
    "docID": "N233 Zhang 2015",
    "et": "C1",
    "off": 14460,
    "sff": "C1"
  },
  {
    "docID": "N233 Zhang 2015",
    "et": "C2",
    "off": 14491,
    "sff": "C2"
  },
  {
    "docID": "N233 Zhang 2015",
    "et": "C3",
    "off": 14406,
    "sff": "C3"
  },
  {
    "docID": "N233 Zhang 2015",
    "et": "C3",
    "off": 14709,
    "sff": "C3"
  },
  {
    "docID": "N233 Zhang 2015",
    "et": "C3",
    "off": 14541,
    "sff": "C3"
  },
  {
    "docID": "N233 Zhang 2015",
    "et": "VertebralArea",
    "off": 7474,
    "sff": "vertebral"
  },
  {
    "docID": "N233 Zhang 2015",
    "et": "SpinalCentralPart",
    "off": 3474,
    "sff": "central"
  },
  {
    "docID": "N233 Zhang 2015",
    "et": "InjectionDelivery",
    "off": 16248,
    "sff": "injection"
  },
  {
    "docID": "N233 Zhang 2015",
    "et": "InjectionDelivery",
    "off": 8886,
    "sff": "injection"
  },
  {
    "docID": "N233 Zhang 2015",
    "et": "InjectionDelivery",
    "off": 7388,
    "sff": "injection"
  },
  {
    "docID": "N233 Zhang 2015",
    "et": "InjectionDelivery",
    "off": 8779,
    "sff": "injection"
  },
  {
    "docID": "N233 Zhang 2015",
    "et": "InjectionDelivery",
    "off": 15819,
    "sff": "injection"
  },
  {
    "docID": "N233 Zhang 2015",
    "et": "InjectionDelivery",
    "off": 16155,
    "sff": "injection"
  },
  {
    "docID": "N233 Zhang 2015",
    "et": "InjectionDelivery",
    "off": 4233,
    "sff": "injection"
  },
  {
    "docID": "N233 Zhang 2015",
    "et": "VertebralSegment",
    "off": 7474,
    "sff": "vertebral"
  },
  {
    "docID": "N233 Zhang 2015",
    "et": "SpinalLesionSite",
    "off": 8566,
    "sff": "lesion"
  },
  {
    "docID": "N233 Zhang 2015",
    "et": "SpinalLesionSite",
    "off": 2175,
    "sff": "lesion site"
  }
]
