[
  {
    "docID": "N234 Zhang 2016",
    "et": "T10",
    "off": 994,
    "sff": "T10"
  },
  {
    "docID": "N234 Zhang 2016",
    "et": "T10",
    "off": 7595,
    "sff": "T10"
  },
  {
    "docID": "N234 Zhang 2016",
    "et": "VertebralLocation",
    "off": 984,
    "sff": "vertebral"
  },
  {
    "docID": "N234 Zhang 2016",
    "et": "VertebralLocation",
    "off": 7585,
    "sff": "vertebral"
  },
  {
    "docID": "N234 Zhang 2016",
    "et": "Brain",
    "off": 28147,
    "sff": "brain"
  },
  {
    "docID": "N234 Zhang 2016",
    "et": "IntraperitonealLocation",
    "off": 7473,
    "sff": "intraperitoneal"
  },
  {
    "docID": "N234 Zhang 2016",
    "et": "SpinalWhiteMatter",
    "off": 5287,
    "sff": "white matter"
  },
  {
    "docID": "N234 Zhang 2016",
    "et": "IntramuscularLocation",
    "off": 7903,
    "sff": "intramuscular"
  },
  {
    "docID": "N234 Zhang 2016",
    "et": "SpinalCord",
    "off": 141,
    "sff": "Cord"
  },
  {
    "docID": "N234 Zhang 2016",
    "et": "SpinalCord",
    "off": 320,
    "sff": "cord"
  },
  {
    "docID": "N234 Zhang 2016",
    "et": "SpinalCord",
    "off": 15808,
    "sff": "cord"
  },
  {
    "docID": "N234 Zhang 2016",
    "et": "SpinalCord",
    "off": 4301,
    "sff": "cord"
  },
  {
    "docID": "N234 Zhang 2016",
    "et": "SpinalCord",
    "off": 33613,
    "sff": "cord"
  },
  {
    "docID": "N234 Zhang 2016",
    "et": "SpinalCord",
    "off": 13771,
    "sff": "cord"
  },
  {
    "docID": "N234 Zhang 2016",
    "et": "SpinalCord",
    "off": 25483,
    "sff": "cord"
  },
  {
    "docID": "N234 Zhang 2016",
    "et": "SpinalCord",
    "off": 8520,
    "sff": "cord"
  },
  {
    "docID": "N234 Zhang 2016",
    "et": "SpinalCord",
    "off": 18311,
    "sff": "cord"
  },
  {
    "docID": "N234 Zhang 2016",
    "et": "SpinalCord",
    "off": 7750,
    "sff": "cord"
  },
  {
    "docID": "N234 Zhang 2016",
    "et": "SpinalCord",
    "off": 16661,
    "sff": "cord"
  },
  {
    "docID": "N234 Zhang 2016",
    "et": "SpinalCord",
    "off": 9364,
    "sff": "cord"
  },
  {
    "docID": "N234 Zhang 2016",
    "et": "SpinalCord",
    "off": 18067,
    "sff": "cord"
  },
  {
    "docID": "N234 Zhang 2016",
    "et": "SpinalCord",
    "off": 850,
    "sff": "cord"
  },
  {
    "docID": "N234 Zhang 2016",
    "et": "SpinalCord",
    "off": 26193,
    "sff": "cord"
  },
  {
    "docID": "N234 Zhang 2016",
    "et": "SpinalCord",
    "off": 16272,
    "sff": "cord"
  },
  {
    "docID": "N234 Zhang 2016",
    "et": "SpinalCord",
    "off": 7645,
    "sff": "cord"
  },
  {
    "docID": "N234 Zhang 2016",
    "et": "SpinalCord",
    "off": 12188,
    "sff": "cord"
  },
  {
    "docID": "N234 Zhang 2016",
    "et": "SpinalCord",
    "off": 14556,
    "sff": "cord"
  },
  {
    "docID": "N234 Zhang 2016",
    "et": "SpinalCord",
    "off": 15897,
    "sff": "cord"
  },
  {
    "docID": "N234 Zhang 2016",
    "et": "SpinalCord",
    "off": 2072,
    "sff": "cord"
  },
  {
    "docID": "N234 Zhang 2016",
    "et": "SpinalCord",
    "off": 8150,
    "sff": "cord"
  },
  {
    "docID": "N234 Zhang 2016",
    "et": "SpinalCord",
    "off": 22870,
    "sff": "cord"
  },
  {
    "docID": "N234 Zhang 2016",
    "et": "SpinalCord",
    "off": 9761,
    "sff": "cord"
  },
  {
    "docID": "N234 Zhang 2016",
    "et": "SpinalCord",
    "off": 9438,
    "sff": "cord"
  },
  {
    "docID": "N234 Zhang 2016",
    "et": "SpinalCord",
    "off": 20012,
    "sff": "cord"
  },
  {
    "docID": "N234 Zhang 2016",
    "et": "SpinalCord",
    "off": 7396,
    "sff": "Cord"
  },
  {
    "docID": "N234 Zhang 2016",
    "et": "SpinalCord",
    "off": 17577,
    "sff": "cord"
  },
  {
    "docID": "N234 Zhang 2016",
    "et": "SpinalCord",
    "off": 13672,
    "sff": "cord"
  },
  {
    "docID": "N234 Zhang 2016",
    "et": "SpinalCord",
    "off": 23463,
    "sff": "cord"
  },
  {
    "docID": "N234 Zhang 2016",
    "et": "SpinalCord",
    "off": 1958,
    "sff": "cord"
  },
  {
    "docID": "N234 Zhang 2016",
    "et": "SpinalCord",
    "off": 9574,
    "sff": "cord"
  },
  {
    "docID": "N234 Zhang 2016",
    "et": "SpinalCord",
    "off": 20462,
    "sff": "cord"
  },
  {
    "docID": "N234 Zhang 2016",
    "et": "SpinalCord",
    "off": 4157,
    "sff": "cord"
  },
  {
    "docID": "N234 Zhang 2016",
    "et": "SpinalCord",
    "off": 11770,
    "sff": "cord"
  },
  {
    "docID": "N234 Zhang 2016",
    "et": "LesionAdjacentTissue",
    "off": 8570,
    "sff": "lesion"
  },
  {
    "docID": "N234 Zhang 2016",
    "et": "LesionAdjacentTissue",
    "off": 19431,
    "sff": "adjacent"
  },
  {
    "docID": "N234 Zhang 2016",
    "et": "VertebralArea",
    "off": 7585,
    "sff": "vertebral"
  },
  {
    "docID": "N234 Zhang 2016",
    "et": "VertebralArea",
    "off": 984,
    "sff": "vertebral"
  },
  {
    "docID": "N234 Zhang 2016",
    "et": "InjectionDelivery",
    "off": 7489,
    "sff": "injection"
  },
  {
    "docID": "N234 Zhang 2016",
    "et": "InjectionDelivery",
    "off": 8896,
    "sff": "injection"
  },
  {
    "docID": "N234 Zhang 2016",
    "et": "InjectionDelivery",
    "off": 8635,
    "sff": "injection"
  },
  {
    "docID": "N234 Zhang 2016",
    "et": "InjectionDelivery",
    "off": 8455,
    "sff": "injection"
  },
  {
    "docID": "N234 Zhang 2016",
    "et": "VertebralSegment",
    "off": 984,
    "sff": "vertebral"
  },
  {
    "docID": "N234 Zhang 2016",
    "et": "VertebralSegment",
    "off": 7585,
    "sff": "vertebral"
  },
  {
    "docID": "N234 Zhang 2016",
    "et": "SpinalLesionSite",
    "off": 8570,
    "sff": "lesion"
  }
]
