[
  {
    "docID": "N236 Akbari",
    "et": "T9",
    "off": 5928,
    "sff": "T9"
  },
  {
    "docID": "N236 Akbari",
    "et": "SubcutaneousLocation",
    "off": 6220,
    "sff": "subcutaneous"
  },
  {
    "docID": "N236 Akbari",
    "et": "T10",
    "off": 5931,
    "sff": "T10"
  },
  {
    "docID": "N236 Akbari",
    "et": "Thoracic",
    "off": 16652,
    "sff": "thoracic"
  },
  {
    "docID": "N236 Akbari",
    "et": "Thoracic",
    "off": 5935,
    "sff": "thoracic"
  },
  {
    "docID": "N236 Akbari",
    "et": "Intrathecal",
    "off": 650,
    "sff": "intrathecal"
  },
  {
    "docID": "N236 Akbari",
    "et": "Intrathecal",
    "off": 5527,
    "sff": "intrathecal"
  },
  {
    "docID": "N236 Akbari",
    "et": "DeliveryMethod",
    "off": 5699,
    "sff": "delivery"
  },
  {
    "docID": "N236 Akbari",
    "et": "SpinalDorsalHalf",
    "off": 5838,
    "sff": "dorsal"
  },
  {
    "docID": "N236 Akbari",
    "et": "SpinalDorsalHalf",
    "off": 5885,
    "sff": "dorsal"
  },
  {
    "docID": "N236 Akbari",
    "et": "SpinalCord",
    "off": 11030,
    "sff": "cord"
  },
  {
    "docID": "N236 Akbari",
    "et": "SpinalCord",
    "off": 86,
    "sff": "cord"
  },
  {
    "docID": "N236 Akbari",
    "et": "SpinalCord",
    "off": 3484,
    "sff": "cord"
  },
  {
    "docID": "N236 Akbari",
    "et": "SpinalCord",
    "off": 13499,
    "sff": "cord"
  },
  {
    "docID": "N236 Akbari",
    "et": "SpinalCord",
    "off": 11641,
    "sff": "cord"
  },
  {
    "docID": "N236 Akbari",
    "et": "SpinalCord",
    "off": 5951,
    "sff": "cord"
  },
  {
    "docID": "N236 Akbari",
    "et": "SpinalCord",
    "off": 7712,
    "sff": "cord"
  },
  {
    "docID": "N236 Akbari",
    "et": "SpinalCord",
    "off": 2365,
    "sff": "cord"
  },
  {
    "docID": "N236 Akbari",
    "et": "SpinalCord",
    "off": 195,
    "sff": "cord"
  },
  {
    "docID": "N236 Akbari",
    "et": "SpinalCord",
    "off": 8641,
    "sff": "cord"
  },
  {
    "docID": "N236 Akbari",
    "et": "SpinalCord",
    "off": 12481,
    "sff": "cord"
  },
  {
    "docID": "N236 Akbari",
    "et": "SpinalCord",
    "off": 1413,
    "sff": "cord"
  },
  {
    "docID": "N236 Akbari",
    "et": "SpinalCord",
    "off": 2405,
    "sff": "cord"
  },
  {
    "docID": "N236 Akbari",
    "et": "SpinalCord",
    "off": 17355,
    "sff": "cord"
  },
  {
    "docID": "N236 Akbari",
    "et": "SpinalCord",
    "off": 17802,
    "sff": "cord"
  },
  {
    "docID": "N236 Akbari",
    "et": "SpinalCord",
    "off": 7086,
    "sff": "cord"
  },
  {
    "docID": "N236 Akbari",
    "et": "SpinalCord",
    "off": 5678,
    "sff": "cord"
  },
  {
    "docID": "N236 Akbari",
    "et": "SpinalCord",
    "off": 9330,
    "sff": "cord"
  },
  {
    "docID": "N236 Akbari",
    "et": "DorsalColumn",
    "off": 5885,
    "sff": "dorsal"
  },
  {
    "docID": "N236 Akbari",
    "et": "DorsalColumn",
    "off": 5838,
    "sff": "dorsal"
  },
  {
    "docID": "N236 Akbari",
    "et": "LesionAdjacentTissue",
    "off": 2106,
    "sff": "lesion"
  },
  {
    "docID": "N236 Akbari",
    "et": "LesionAdjacentTissue",
    "off": 19980,
    "sff": "lesion"
  },
  {
    "docID": "N236 Akbari",
    "et": "LesionAdjacentTissue",
    "off": 21438,
    "sff": "lesion"
  },
  {
    "docID": "N236 Akbari",
    "et": "LesionAdjacentTissue",
    "off": 15635,
    "sff": "lesion"
  },
  {
    "docID": "N236 Akbari",
    "et": "LesionAdjacentTissue",
    "off": 16322,
    "sff": "lesion"
  },
  {
    "docID": "N236 Akbari",
    "et": "InjectionDelivery",
    "off": 662,
    "sff": "injection"
  },
  {
    "docID": "N236 Akbari",
    "et": "InjectionDelivery",
    "off": 20746,
    "sff": "injection"
  },
  {
    "docID": "N236 Akbari",
    "et": "InjectionDelivery",
    "off": 5631,
    "sff": "injection"
  },
  {
    "docID": "N236 Akbari",
    "et": "InjectionDelivery",
    "off": 5759,
    "sff": "injection"
  },
  {
    "docID": "N236 Akbari",
    "et": "InjectionDelivery",
    "off": 5539,
    "sff": "injection"
  },
  {
    "docID": "N236 Akbari",
    "et": "SpinalLesionSite",
    "off": 16322,
    "sff": "lesion site"
  },
  {
    "docID": "N236 Akbari",
    "et": "SpinalLesionSite",
    "off": 2106,
    "sff": "lesion"
  },
  {
    "docID": "N236 Akbari",
    "et": "SpinalLesionSite",
    "off": 15635,
    "sff": "lesion site"
  },
  {
    "docID": "N236 Akbari",
    "et": "SpinalLesionSite",
    "off": 21438,
    "sff": "lesion site"
  },
  {
    "docID": "N236 Akbari",
    "et": "SpinalLesionSite",
    "off": 19980,
    "sff": "lesion site"
  }
]
