[
  {
    "docID": "N246 Gu 2017",
    "et": "T9",
    "off": 20726,
    "sff": "T9"
  },
  {
    "docID": "N246 Gu 2017",
    "et": "T9",
    "off": 31865,
    "sff": "T9"
  },
  {
    "docID": "N246 Gu 2017",
    "et": "SubcutaneousLocation",
    "off": 32473,
    "sff": "subcutaneous"
  },
  {
    "docID": "N246 Gu 2017",
    "et": "T10",
    "off": 409,
    "sff": "T10"
  },
  {
    "docID": "N246 Gu 2017",
    "et": "T10",
    "off": 20733,
    "sff": "T10"
  },
  {
    "docID": "N246 Gu 2017",
    "et": "T10",
    "off": 31935,
    "sff": "T10"
  },
  {
    "docID": "N246 Gu 2017",
    "et": "VertebralLocation",
    "off": 35048,
    "sff": "vertebral"
  },
  {
    "docID": "N246 Gu 2017",
    "et": "Brain",
    "off": 11294,
    "sff": "brain"
  },
  {
    "docID": "N246 Gu 2017",
    "et": "AscendingFiberTract",
    "off": 14970,
    "sff": "fiber"
  },
  {
    "docID": "N246 Gu 2017",
    "et": "AscendingFiberTract",
    "off": 15402,
    "sff": "fiber"
  },
  {
    "docID": "N246 Gu 2017",
    "et": "AscendingFiberTract",
    "off": 2443,
    "sff": "fiber"
  },
  {
    "docID": "N246 Gu 2017",
    "et": "AscendingFiberTract",
    "off": 15724,
    "sff": "fiber"
  },
  {
    "docID": "N246 Gu 2017",
    "et": "AscendingFiberTract",
    "off": 25723,
    "sff": "fiber"
  },
  {
    "docID": "N246 Gu 2017",
    "et": "AscendingFiberTract",
    "off": 15263,
    "sff": "fiber"
  },
  {
    "docID": "N246 Gu 2017",
    "et": "AscendingFiberTract",
    "off": 35160,
    "sff": "ascending"
  },
  {
    "docID": "N246 Gu 2017",
    "et": "AscendingFiberTract",
    "off": 8822,
    "sff": "fiber"
  },
  {
    "docID": "N246 Gu 2017",
    "et": "IntraperitonealLocation",
    "off": 456,
    "sff": "intraperitoneal"
  },
  {
    "docID": "N246 Gu 2017",
    "et": "IntraperitonealLocation",
    "off": 31752,
    "sff": "intraperitoneal"
  },
  {
    "docID": "N246 Gu 2017",
    "et": "IntraperitonealLocation",
    "off": 20010,
    "sff": "intraperitoneal"
  },
  {
    "docID": "N246 Gu 2017",
    "et": "SpinalWhiteMatter",
    "off": 15159,
    "sff": "white matter"
  },
  {
    "docID": "N246 Gu 2017",
    "et": "SpinalFiberTract",
    "off": 15724,
    "sff": "fiber"
  },
  {
    "docID": "N246 Gu 2017",
    "et": "SpinalFiberTract",
    "off": 15263,
    "sff": "fiber"
  },
  {
    "docID": "N246 Gu 2017",
    "et": "SpinalFiberTract",
    "off": 14970,
    "sff": "fiber"
  },
  {
    "docID": "N246 Gu 2017",
    "et": "SpinalFiberTract",
    "off": 15402,
    "sff": "fiber"
  },
  {
    "docID": "N246 Gu 2017",
    "et": "SpinalFiberTract",
    "off": 2443,
    "sff": "fiber"
  },
  {
    "docID": "N246 Gu 2017",
    "et": "SpinalFiberTract",
    "off": 25723,
    "sff": "fiber"
  },
  {
    "docID": "N246 Gu 2017",
    "et": "SpinalFiberTract",
    "off": 8822,
    "sff": "fiber"
  },
  {
    "docID": "N246 Gu 2017",
    "et": "DeliveryMethod",
    "off": 11712,
    "sff": "delivery"
  },
  {
    "docID": "N246 Gu 2017",
    "et": "DeliveryMethod",
    "off": 14288,
    "sff": "delivery"
  },
  {
    "docID": "N246 Gu 2017",
    "et": "DeliveryMethod",
    "off": 1036,
    "sff": "delivery"
  },
  {
    "docID": "N246 Gu 2017",
    "et": "DeliveryMethod",
    "off": 28157,
    "sff": "delivery"
  },
  {
    "docID": "N246 Gu 2017",
    "et": "DeliveryMethod",
    "off": 5925,
    "sff": "delivery"
  },
  {
    "docID": "N246 Gu 2017",
    "et": "DeliveryMethod",
    "off": 18597,
    "sff": "delivery"
  },
  {
    "docID": "N246 Gu 2017",
    "et": "SpinalCord",
    "off": 1788,
    "sff": "cord"
  },
  {
    "docID": "N246 Gu 2017",
    "et": "SpinalCord",
    "off": 15549,
    "sff": "cord"
  },
  {
    "docID": "N246 Gu 2017",
    "et": "SpinalCord",
    "off": 5563,
    "sff": "cord"
  },
  {
    "docID": "N246 Gu 2017",
    "et": "SpinalCord",
    "off": 8569,
    "sff": "cord"
  },
  {
    "docID": "N246 Gu 2017",
    "et": "SpinalCord",
    "off": 18439,
    "sff": "cord"
  },
  {
    "docID": "N246 Gu 2017",
    "et": "SpinalCord",
    "off": 1988,
    "sff": "cord"
  },
  {
    "docID": "N246 Gu 2017",
    "et": "SpinalCord",
    "off": 131,
    "sff": "cord"
  },
  {
    "docID": "N246 Gu 2017",
    "et": "SpinalCord",
    "off": 2113,
    "sff": "cord"
  },
  {
    "docID": "N246 Gu 2017",
    "et": "SpinalCord",
    "off": 5806,
    "sff": "cord"
  },
  {
    "docID": "N246 Gu 2017",
    "et": "SpinalCord",
    "off": 6383,
    "sff": "cord"
  },
  {
    "docID": "N246 Gu 2017",
    "et": "SpinalCord",
    "off": 25902,
    "sff": "cord"
  },
  {
    "docID": "N246 Gu 2017",
    "et": "SpinalCord",
    "off": 16748,
    "sff": "cord"
  },
  {
    "docID": "N246 Gu 2017",
    "et": "SpinalCord",
    "off": 14891,
    "sff": "cord"
  },
  {
    "docID": "N246 Gu 2017",
    "et": "SpinalCord",
    "off": 22184,
    "sff": "cord"
  },
  {
    "docID": "N246 Gu 2017",
    "et": "SpinalCord",
    "off": 310,
    "sff": "cord"
  },
  {
    "docID": "N246 Gu 2017",
    "et": "SpinalCord",
    "off": 2933,
    "sff": "cord"
  },
  {
    "docID": "N246 Gu 2017",
    "et": "SpinalCord",
    "off": 24243,
    "sff": "cord"
  },
  {
    "docID": "N246 Gu 2017",
    "et": "SpinalCord",
    "off": 26097,
    "sff": "cord"
  },
  {
    "docID": "N246 Gu 2017",
    "et": "SpinalCord",
    "off": 8497,
    "sff": "cord"
  },
  {
    "docID": "N246 Gu 2017",
    "et": "SpinalCord",
    "off": 13023,
    "sff": "cord"
  },
  {
    "docID": "N246 Gu 2017",
    "et": "SpinalCord",
    "off": 14175,
    "sff": "cord"
  },
  {
    "docID": "N246 Gu 2017",
    "et": "SpinalCord",
    "off": 15135,
    "sff": "cord"
  },
  {
    "docID": "N246 Gu 2017",
    "et": "SpinalCord",
    "off": 26398,
    "sff": "cord"
  },
  {
    "docID": "N246 Gu 2017",
    "et": "SpinalCord",
    "off": 5148,
    "sff": "cord"
  },
  {
    "docID": "N246 Gu 2017",
    "et": "SpinalCord",
    "off": 13724,
    "sff": "cord"
  },
  {
    "docID": "N246 Gu 2017",
    "et": "SpinalCord",
    "off": 32219,
    "sff": "cord"
  },
  {
    "docID": "N246 Gu 2017",
    "et": "SpinalCord",
    "off": 15320,
    "sff": "cord"
  },
  {
    "docID": "N246 Gu 2017",
    "et": "SpinalCord",
    "off": 31909,
    "sff": "cord"
  },
  {
    "docID": "N246 Gu 2017",
    "et": "SpinalCord",
    "off": 25614,
    "sff": "cord"
  },
  {
    "docID": "N246 Gu 2017",
    "et": "SpinalCord",
    "off": 24781,
    "sff": "cord"
  },
  {
    "docID": "N246 Gu 2017",
    "et": "SpinalCord",
    "off": 4429,
    "sff": "cord"
  },
  {
    "docID": "N246 Gu 2017",
    "et": "SpinalCord",
    "off": 34955,
    "sff": "cord"
  },
  {
    "docID": "N246 Gu 2017",
    "et": "SpinalCord",
    "off": 15051,
    "sff": "cord"
  },
  {
    "docID": "N246 Gu 2017",
    "et": "SpinalCord",
    "off": 24458,
    "sff": "cord"
  },
  {
    "docID": "N246 Gu 2017",
    "et": "SpinalCord",
    "off": 22792,
    "sff": "cord"
  },
  {
    "docID": "N246 Gu 2017",
    "et": "SpinalCord",
    "off": 7894,
    "sff": "cord"
  },
  {
    "docID": "N246 Gu 2017",
    "et": "SpinalCord",
    "off": 8342,
    "sff": "cord"
  },
  {
    "docID": "N246 Gu 2017",
    "et": "SpinalCord",
    "off": 25366,
    "sff": "cord"
  },
  {
    "docID": "N246 Gu 2017",
    "et": "SpinalCord",
    "off": 31510,
    "sff": "cord"
  },
  {
    "docID": "N246 Gu 2017",
    "et": "SpinalCord",
    "off": 8789,
    "sff": "cord"
  },
  {
    "docID": "N246 Gu 2017",
    "et": "SpinalCord",
    "off": 31892,
    "sff": "cord"
  },
  {
    "docID": "N246 Gu 2017",
    "et": "SpinalCord",
    "off": 22099,
    "sff": "cord"
  },
  {
    "docID": "N246 Gu 2017",
    "et": "TailVeinLocation",
    "off": 32126,
    "sff": "tail"
  },
  {
    "docID": "N246 Gu 2017",
    "et": "LesionAdjacentTissue",
    "off": 1487,
    "sff": "lesion"
  },
  {
    "docID": "N246 Gu 2017",
    "et": "LesionAdjacentTissue",
    "off": 27861,
    "sff": "lesion"
  },
  {
    "docID": "N246 Gu 2017",
    "et": "LesionAdjacentTissue",
    "off": 16299,
    "sff": "lesion"
  },
  {
    "docID": "N246 Gu 2017",
    "et": "LesionAdjacentTissue",
    "off": 2567,
    "sff": "lesion"
  },
  {
    "docID": "N246 Gu 2017",
    "et": "LesionAdjacentTissue",
    "off": 12998,
    "sff": "lesion"
  },
  {
    "docID": "N246 Gu 2017",
    "et": "LesionAdjacentTissue",
    "off": 26723,
    "sff": "lesion"
  },
  {
    "docID": "N246 Gu 2017",
    "et": "LesionAdjacentTissue",
    "off": 16543,
    "sff": "lesion"
  },
  {
    "docID": "N246 Gu 2017",
    "et": "LesionAdjacentTissue",
    "off": 26245,
    "sff": "lesion"
  },
  {
    "docID": "N246 Gu 2017",
    "et": "LesionAdjacentTissue",
    "off": 27621,
    "sff": "lesion"
  },
  {
    "docID": "N246 Gu 2017",
    "et": "LesionAdjacentTissue",
    "off": 7737,
    "sff": "lesion"
  },
  {
    "docID": "N246 Gu 2017",
    "et": "LesionAdjacentTissue",
    "off": 8884,
    "sff": "lesion"
  },
  {
    "docID": "N246 Gu 2017",
    "et": "LesionAdjacentTissue",
    "off": 16052,
    "sff": "lesion"
  },
  {
    "docID": "N246 Gu 2017",
    "et": "LesionAdjacentTissue",
    "off": 15826,
    "sff": "lesion"
  },
  {
    "docID": "N246 Gu 2017",
    "et": "LesionAdjacentTissue",
    "off": 15986,
    "sff": "lesion"
  },
  {
    "docID": "N246 Gu 2017",
    "et": "CentralNervousSystem",
    "off": 1954,
    "sff": "central"
  },
  {
    "docID": "N246 Gu 2017",
    "et": "CentralNervousSystem",
    "off": 23127,
    "sff": "nervous system"
  },
  {
    "docID": "N246 Gu 2017",
    "et": "CentralNervousSystem",
    "off": 23127,
    "sff": "nervous"
  },
  {
    "docID": "N246 Gu 2017",
    "et": "SpinalGrayMatter",
    "off": 9701,
    "sff": "gray"
  },
  {
    "docID": "N246 Gu 2017",
    "et": "SpinalGrayMatter",
    "off": 20636,
    "sff": "gray matter"
  },
  {
    "docID": "N246 Gu 2017",
    "et": "SpinalGrayMatter",
    "off": 37341,
    "sff": "gray matter"
  },
  {
    "docID": "N246 Gu 2017",
    "et": "SpinalGrayMatter",
    "off": 9453,
    "sff": "gray matter"
  },
  {
    "docID": "N246 Gu 2017",
    "et": "SpinalGrayMatter",
    "off": 9410,
    "sff": "gray matter"
  },
  {
    "docID": "N246 Gu 2017",
    "et": "SpinalGrayMatter",
    "off": 17618,
    "sff": "gray matter"
  },
  {
    "docID": "N246 Gu 2017",
    "et": "SpinalGrayMatter",
    "off": 17491,
    "sff": "gray matter"
  },
  {
    "docID": "N246 Gu 2017",
    "et": "SpinalGrayMatter",
    "off": 37474,
    "sff": "gray matter"
  },
  {
    "docID": "N246 Gu 2017",
    "et": "VertebralArea",
    "off": 35048,
    "sff": "vertebral"
  },
  {
    "docID": "N246 Gu 2017",
    "et": "SpinalCentralPart",
    "off": 1954,
    "sff": "central"
  },
  {
    "docID": "N246 Gu 2017",
    "et": "InjectionDelivery",
    "off": 23996,
    "sff": "injection"
  },
  {
    "docID": "N246 Gu 2017",
    "et": "InjectionDelivery",
    "off": 18487,
    "sff": "injection"
  },
  {
    "docID": "N246 Gu 2017",
    "et": "InjectionDelivery",
    "off": 31768,
    "sff": "injection"
  },
  {
    "docID": "N246 Gu 2017",
    "et": "InjectionDelivery",
    "off": 472,
    "sff": "injection"
  },
  {
    "docID": "N246 Gu 2017",
    "et": "InjectionDelivery",
    "off": 20026,
    "sff": "injection"
  },
  {
    "docID": "N246 Gu 2017",
    "et": "InjectionDelivery",
    "off": 18803,
    "sff": "injection"
  },
  {
    "docID": "N246 Gu 2017",
    "et": "InjectionDelivery",
    "off": 21907,
    "sff": "injection"
  },
  {
    "docID": "N246 Gu 2017",
    "et": "InjectionDelivery",
    "off": 32486,
    "sff": "injection"
  },
  {
    "docID": "N246 Gu 2017",
    "et": "InjectionDelivery",
    "off": 21361,
    "sff": "injection"
  },
  {
    "docID": "N246 Gu 2017",
    "et": "VertebralSegment",
    "off": 35048,
    "sff": "vertebral"
  },
  {
    "docID": "N246 Gu 2017",
    "et": "SpinalLesionSite",
    "off": 1487,
    "sff": "lesion site"
  },
  {
    "docID": "N246 Gu 2017",
    "et": "SpinalLesionSite",
    "off": 15826,
    "sff": "lesion site"
  },
  {
    "docID": "N246 Gu 2017",
    "et": "SpinalLesionSite",
    "off": 15986,
    "sff": "lesion site"
  },
  {
    "docID": "N246 Gu 2017",
    "et": "SpinalLesionSite",
    "off": 7737,
    "sff": "lesion"
  },
  {
    "docID": "N246 Gu 2017",
    "et": "SpinalLesionSite",
    "off": 27621,
    "sff": "lesion site"
  },
  {
    "docID": "N246 Gu 2017",
    "et": "SpinalLesionSite",
    "off": 27861,
    "sff": "lesion"
  },
  {
    "docID": "N246 Gu 2017",
    "et": "SpinalLesionSite",
    "off": 16299,
    "sff": "lesion site"
  },
  {
    "docID": "N246 Gu 2017",
    "et": "SpinalLesionSite",
    "off": 16543,
    "sff": "lesion site"
  },
  {
    "docID": "N246 Gu 2017",
    "et": "SpinalLesionSite",
    "off": 2567,
    "sff": "lesion"
  },
  {
    "docID": "N246 Gu 2017",
    "et": "SpinalLesionSite",
    "off": 26723,
    "sff": "lesion site"
  },
  {
    "docID": "N246 Gu 2017",
    "et": "SpinalLesionSite",
    "off": 8884,
    "sff": "lesion site"
  },
  {
    "docID": "N246 Gu 2017",
    "et": "SpinalLesionSite",
    "off": 16052,
    "sff": "lesion site"
  },
  {
    "docID": "N246 Gu 2017",
    "et": "SpinalLesionSite",
    "off": 12998,
    "sff": "lesion"
  },
  {
    "docID": "N246 Gu 2017",
    "et": "SpinalLesionSite",
    "off": 26245,
    "sff": "lesion"
  },
  {
    "docID": "N246 Gu 2017",
    "et": "T1",
    "off": 8302,
    "sff": "T1"
  },
  {
    "docID": "N246 Gu 2017",
    "et": "T1",
    "off": 13817,
    "sff": "T1"
  },
  {
    "docID": "N246 Gu 2017",
    "et": "T1",
    "off": 33928,
    "sff": "T1"
  },
  {
    "docID": "N246 Gu 2017",
    "et": "T2",
    "off": 13851,
    "sff": "T2"
  },
  {
    "docID": "N246 Gu 2017",
    "et": "T2",
    "off": 8457,
    "sff": "T2"
  },
  {
    "docID": "N246 Gu 2017",
    "et": "T2",
    "off": 33944,
    "sff": "T2"
  }
]
