[
  {
    "docID": "N249 Khankan",
    "et": "AnatomicalLocation",
    "off": 16134,
    "sff": "anatomical"
  },
  {
    "docID": "N249 Khankan",
    "et": "AnatomicalLocation",
    "off": 4619,
    "sff": "anatomical"
  },
  {
    "docID": "N249 Khankan",
    "et": "T6",
    "off": 11950,
    "sff": "T6"
  },
  {
    "docID": "N249 Khankan",
    "et": "T8",
    "off": 12031,
    "sff": "T8"
  },
  {
    "docID": "N249 Khankan",
    "et": "L1",
    "off": 11956,
    "sff": "L1"
  },
  {
    "docID": "N249 Khankan",
    "et": "T9",
    "off": 12285,
    "sff": "T9"
  },
  {
    "docID": "N249 Khankan",
    "et": "T9",
    "off": 12038,
    "sff": "T9"
  },
  {
    "docID": "N249 Khankan",
    "et": "VertebralLocation",
    "off": 11933,
    "sff": "vertebral"
  },
  {
    "docID": "N249 Khankan",
    "et": "Brain",
    "off": 4099,
    "sff": "brain"
  },
  {
    "docID": "N249 Khankan",
    "et": "SpinalWhiteMatter",
    "off": 23697,
    "sff": "white"
  },
  {
    "docID": "N249 Khankan",
    "et": "SpinalWhiteMatter",
    "off": 28908,
    "sff": "white"
  },
  {
    "docID": "N249 Khankan",
    "et": "SpinalWhiteMatter",
    "off": 30713,
    "sff": "white"
  },
  {
    "docID": "N249 Khankan",
    "et": "SpinalWhiteMatter",
    "off": 22233,
    "sff": "white"
  },
  {
    "docID": "N249 Khankan",
    "et": "SpinalWhiteMatter",
    "off": 30485,
    "sff": "white"
  },
  {
    "docID": "N249 Khankan",
    "et": "SpinalWhiteMatter",
    "off": 22037,
    "sff": "white"
  },
  {
    "docID": "N249 Khankan",
    "et": "SpinalWhiteMatter",
    "off": 22325,
    "sff": "white"
  },
  {
    "docID": "N249 Khankan",
    "et": "SpinalWhiteMatter",
    "off": 22357,
    "sff": "white"
  },
  {
    "docID": "N249 Khankan",
    "et": "SpinalWhiteMatter",
    "off": 22067,
    "sff": "white"
  },
  {
    "docID": "N249 Khankan",
    "et": "SpinalWhiteMatter",
    "off": 26241,
    "sff": "white"
  },
  {
    "docID": "N249 Khankan",
    "et": "SpinalWhiteMatter",
    "off": 29440,
    "sff": "white"
  },
  {
    "docID": "N249 Khankan",
    "et": "SpinalWhiteMatter",
    "off": 29471,
    "sff": "white"
  },
  {
    "docID": "N249 Khankan",
    "et": "SpinalWhiteMatter",
    "off": 30748,
    "sff": "white"
  },
  {
    "docID": "N249 Khankan",
    "et": "SpinalWhiteMatter",
    "off": 25563,
    "sff": "white"
  },
  {
    "docID": "N249 Khankan",
    "et": "SpinalWhiteMatter",
    "off": 24698,
    "sff": "white"
  },
  {
    "docID": "N249 Khankan",
    "et": "SpinalWhiteMatter",
    "off": 53242,
    "sff": "white"
  },
  {
    "docID": "N249 Khankan",
    "et": "SpinalWhiteMatter",
    "off": 25321,
    "sff": "white"
  },
  {
    "docID": "N249 Khankan",
    "et": "SpinalWhiteMatter",
    "off": 27601,
    "sff": "White"
  },
  {
    "docID": "N249 Khankan",
    "et": "SpinalWhiteMatter",
    "off": 32457,
    "sff": "white"
  },
  {
    "docID": "N249 Khankan",
    "et": "SpinalWhiteMatter",
    "off": 24454,
    "sff": "white"
  },
  {
    "docID": "N249 Khankan",
    "et": "SpinalWhiteMatter",
    "off": 53286,
    "sff": "white"
  },
  {
    "docID": "N249 Khankan",
    "et": "SpinalWhiteMatter",
    "off": 24418,
    "sff": "white"
  },
  {
    "docID": "N249 Khankan",
    "et": "SpinalWhiteMatter",
    "off": 30370,
    "sff": "white"
  },
  {
    "docID": "N249 Khankan",
    "et": "SpinalDorsalHalf",
    "off": 63715,
    "sff": "dorsal"
  },
  {
    "docID": "N249 Khankan",
    "et": "SpinalDorsalHalf",
    "off": 12061,
    "sff": "dorsal"
  },
  {
    "docID": "N249 Khankan",
    "et": "SpinalDorsalHalf",
    "off": 23149,
    "sff": "dorsal"
  },
  {
    "docID": "N249 Khankan",
    "et": "SpinalVentralHalf",
    "off": 12201,
    "sff": "ventral"
  },
  {
    "docID": "N249 Khankan",
    "et": "SpinalCord",
    "off": 989,
    "sff": "cord"
  },
  {
    "docID": "N249 Khankan",
    "et": "SpinalCord",
    "off": 62036,
    "sff": "cord"
  },
  {
    "docID": "N249 Khankan",
    "et": "SpinalCord",
    "off": 11732,
    "sff": "cord"
  },
  {
    "docID": "N249 Khankan",
    "et": "SpinalCord",
    "off": 46411,
    "sff": "cord"
  },
  {
    "docID": "N249 Khankan",
    "et": "SpinalCord",
    "off": 2000,
    "sff": "cord"
  },
  {
    "docID": "N249 Khankan",
    "et": "SpinalCord",
    "off": 27462,
    "sff": "cord"
  },
  {
    "docID": "N249 Khankan",
    "et": "SpinalCord",
    "off": 38852,
    "sff": "cord"
  },
  {
    "docID": "N249 Khankan",
    "et": "SpinalCord",
    "off": 12996,
    "sff": "cord"
  },
  {
    "docID": "N249 Khankan",
    "et": "SpinalCord",
    "off": 12233,
    "sff": "cord"
  },
  {
    "docID": "N249 Khankan",
    "et": "SpinalCord",
    "off": 25150,
    "sff": "cord"
  },
  {
    "docID": "N249 Khankan",
    "et": "SpinalCord",
    "off": 6203,
    "sff": "cord"
  },
  {
    "docID": "N249 Khankan",
    "et": "SpinalCord",
    "off": 59586,
    "sff": "cord"
  },
  {
    "docID": "N249 Khankan",
    "et": "SpinalCord",
    "off": 694,
    "sff": "cord"
  },
  {
    "docID": "N249 Khankan",
    "et": "SpinalCord",
    "off": 38323,
    "sff": "cord"
  },
  {
    "docID": "N249 Khankan",
    "et": "SpinalCord",
    "off": 46131,
    "sff": "cord"
  },
  {
    "docID": "N249 Khankan",
    "et": "SpinalCord",
    "off": 23095,
    "sff": "cord"
  },
  {
    "docID": "N249 Khankan",
    "et": "SpinalCord",
    "off": 12459,
    "sff": "cord"
  },
  {
    "docID": "N249 Khankan",
    "et": "SpinalCord",
    "off": 60460,
    "sff": "cord"
  },
  {
    "docID": "N249 Khankan",
    "et": "SpinalCord",
    "off": 2097,
    "sff": "cord"
  },
  {
    "docID": "N249 Khankan",
    "et": "SpinalCord",
    "off": 67762,
    "sff": "cord"
  },
  {
    "docID": "N249 Khankan",
    "et": "SpinalCord",
    "off": 1956,
    "sff": "cord"
  },
  {
    "docID": "N249 Khankan",
    "et": "SpinalCord",
    "off": 60827,
    "sff": "cord"
  },
  {
    "docID": "N249 Khankan",
    "et": "SpinalCord",
    "off": 64417,
    "sff": "cord"
  },
  {
    "docID": "N249 Khankan",
    "et": "SpinalCord",
    "off": 23315,
    "sff": "cord"
  },
  {
    "docID": "N249 Khankan",
    "et": "SpinalCord",
    "off": 7692,
    "sff": "cord"
  },
  {
    "docID": "N249 Khankan",
    "et": "SpinalCord",
    "off": 13068,
    "sff": "cord"
  },
  {
    "docID": "N249 Khankan",
    "et": "SpinalCord",
    "off": 21899,
    "sff": "cord"
  },
  {
    "docID": "N249 Khankan",
    "et": "SpinalCord",
    "off": 66699,
    "sff": "cord"
  },
  {
    "docID": "N249 Khankan",
    "et": "SpinalCord",
    "off": 34578,
    "sff": "cord"
  },
  {
    "docID": "N249 Khankan",
    "et": "SpinalCord",
    "off": 66065,
    "sff": "cord"
  },
  {
    "docID": "N249 Khankan",
    "et": "SpinalCord",
    "off": 261,
    "sff": "cord"
  },
  {
    "docID": "N249 Khankan",
    "et": "SpinalCord",
    "off": 71,
    "sff": "Cord"
  },
  {
    "docID": "N249 Khankan",
    "et": "SpinalCord",
    "off": 5384,
    "sff": "cord"
  },
  {
    "docID": "N249 Khankan",
    "et": "SpinalCord",
    "off": 38279,
    "sff": "cord"
  },
  {
    "docID": "N249 Khankan",
    "et": "SpinalCord",
    "off": 63751,
    "sff": "cord"
  },
  {
    "docID": "N249 Khankan",
    "et": "SpinalCord",
    "off": 4350,
    "sff": "cord"
  },
  {
    "docID": "N249 Khankan",
    "et": "SpinalCord",
    "off": 38013,
    "sff": "cord"
  },
  {
    "docID": "N249 Khankan",
    "et": "SpinalCord",
    "off": 57852,
    "sff": "cord"
  },
  {
    "docID": "N249 Khankan",
    "et": "SpinalCord",
    "off": 59515,
    "sff": "cord"
  },
  {
    "docID": "N249 Khankan",
    "et": "SpinalCord",
    "off": 35457,
    "sff": "cord"
  },
  {
    "docID": "N249 Khankan",
    "et": "SpinalCord",
    "off": 13184,
    "sff": "cord"
  },
  {
    "docID": "N249 Khankan",
    "et": "SpinalCord",
    "off": 12153,
    "sff": "cord"
  },
  {
    "docID": "N249 Khankan",
    "et": "SpinalCord",
    "off": 62074,
    "sff": "cord"
  },
  {
    "docID": "N249 Khankan",
    "et": "SpinalCord",
    "off": 65786,
    "sff": "cord"
  },
  {
    "docID": "N249 Khankan",
    "et": "SpinalCord",
    "off": 5112,
    "sff": "cord"
  },
  {
    "docID": "N249 Khankan",
    "et": "SpinalCord",
    "off": 51959,
    "sff": "cord"
  },
  {
    "docID": "N249 Khankan",
    "et": "SpinalCord",
    "off": 16237,
    "sff": "cord"
  },
  {
    "docID": "N249 Khankan",
    "et": "SpinalCord",
    "off": 42989,
    "sff": "cord"
  },
  {
    "docID": "N249 Khankan",
    "et": "SpinalCord",
    "off": 58226,
    "sff": "cord"
  },
  {
    "docID": "N249 Khankan",
    "et": "SpinalCord",
    "off": 28017,
    "sff": "cord"
  },
  {
    "docID": "N249 Khankan",
    "et": "SpinalCord",
    "off": 36849,
    "sff": "cord"
  },
  {
    "docID": "N249 Khankan",
    "et": "SpinalCord",
    "off": 17127,
    "sff": "cord"
  },
  {
    "docID": "N249 Khankan",
    "et": "DorsalColumn",
    "off": 63715,
    "sff": "dorsal column"
  },
  {
    "docID": "N249 Khankan",
    "et": "DorsalColumn",
    "off": 12061,
    "sff": "dorsal"
  },
  {
    "docID": "N249 Khankan",
    "et": "DorsalColumn",
    "off": 23149,
    "sff": "dorsal"
  },
  {
    "docID": "N249 Khankan",
    "et": "LesionAdjacentTissue",
    "off": 16108,
    "sff": "Lesion"
  },
  {
    "docID": "N249 Khankan",
    "et": "LesionAdjacentTissue",
    "off": 36658,
    "sff": "lesion"
  },
  {
    "docID": "N249 Khankan",
    "et": "LesionAdjacentTissue",
    "off": 50482,
    "sff": "lesion"
  },
  {
    "docID": "N249 Khankan",
    "et": "LesionAdjacentTissue",
    "off": 43824,
    "sff": "lesion"
  },
  {
    "docID": "N249 Khankan",
    "et": "LesionAdjacentTissue",
    "off": 17980,
    "sff": "lesion"
  },
  {
    "docID": "N249 Khankan",
    "et": "LesionAdjacentTissue",
    "off": 34103,
    "sff": "lesion"
  },
  {
    "docID": "N249 Khankan",
    "et": "LesionAdjacentTissue",
    "off": 53794,
    "sff": "lesion"
  },
  {
    "docID": "N249 Khankan",
    "et": "LesionAdjacentTissue",
    "off": 18978,
    "sff": "lesion"
  },
  {
    "docID": "N249 Khankan",
    "et": "LesionAdjacentTissue",
    "off": 22816,
    "sff": "lesion"
  },
  {
    "docID": "N249 Khankan",
    "et": "LesionAdjacentTissue",
    "off": 29728,
    "sff": "lesion"
  },
  {
    "docID": "N249 Khankan",
    "et": "LesionAdjacentTissue",
    "off": 55852,
    "sff": "lesion"
  },
  {
    "docID": "N249 Khankan",
    "et": "LesionAdjacentTissue",
    "off": 57132,
    "sff": "lesion"
  },
  {
    "docID": "N249 Khankan",
    "et": "LesionAdjacentTissue",
    "off": 58662,
    "sff": "lesion"
  },
  {
    "docID": "N249 Khankan",
    "et": "LesionAdjacentTissue",
    "off": 62503,
    "sff": "lesion"
  },
  {
    "docID": "N249 Khankan",
    "et": "LesionAdjacentTissue",
    "off": 22312,
    "sff": "lesion"
  },
  {
    "docID": "N249 Khankan",
    "et": "LesionAdjacentTissue",
    "off": 29458,
    "sff": "lesion"
  },
  {
    "docID": "N249 Khankan",
    "et": "LesionAdjacentTissue",
    "off": 5902,
    "sff": "lesion"
  },
  {
    "docID": "N249 Khankan",
    "et": "LesionAdjacentTissue",
    "off": 26644,
    "sff": "lesion"
  },
  {
    "docID": "N249 Khankan",
    "et": "LesionAdjacentTissue",
    "off": 36367,
    "sff": "lesion"
  },
  {
    "docID": "N249 Khankan",
    "et": "LesionAdjacentTissue",
    "off": 60431,
    "sff": "lesion"
  },
  {
    "docID": "N249 Khankan",
    "et": "LesionAdjacentTissue",
    "off": 40473,
    "sff": "lesion"
  },
  {
    "docID": "N249 Khankan",
    "et": "LesionAdjacentTissue",
    "off": 21786,
    "sff": "lesion"
  },
  {
    "docID": "N249 Khankan",
    "et": "LesionAdjacentTissue",
    "off": 56090,
    "sff": "lesion"
  },
  {
    "docID": "N249 Khankan",
    "et": "LesionAdjacentTissue",
    "off": 50972,
    "sff": "lesion"
  },
  {
    "docID": "N249 Khankan",
    "et": "LesionAdjacentTissue",
    "off": 31254,
    "sff": "lesion"
  },
  {
    "docID": "N249 Khankan",
    "et": "LesionAdjacentTissue",
    "off": 50711,
    "sff": "lesion"
  },
  {
    "docID": "N249 Khankan",
    "et": "LesionAdjacentTissue",
    "off": 27420,
    "sff": "Lesion"
  },
  {
    "docID": "N249 Khankan",
    "et": "LesionAdjacentTissue",
    "off": 39426,
    "sff": "lesion"
  },
  {
    "docID": "N249 Khankan",
    "et": "LesionAdjacentTissue",
    "off": 36612,
    "sff": "lesion"
  },
  {
    "docID": "N249 Khankan",
    "et": "LesionAdjacentTissue",
    "off": 514,
    "sff": "lesion"
  },
  {
    "docID": "N249 Khankan",
    "et": "LesionAdjacentTissue",
    "off": 16904,
    "sff": "lesion"
  },
  {
    "docID": "N249 Khankan",
    "et": "LesionAdjacentTissue",
    "off": 62985,
    "sff": "lesion"
  },
  {
    "docID": "N249 Khankan",
    "et": "LesionAdjacentTissue",
    "off": 50188,
    "sff": "lesion"
  },
  {
    "docID": "N249 Khankan",
    "et": "LesionAdjacentTissue",
    "off": 67340,
    "sff": "lesion"
  },
  {
    "docID": "N249 Khankan",
    "et": "LesionAdjacentTissue",
    "off": 56581,
    "sff": "lesion"
  },
  {
    "docID": "N249 Khankan",
    "et": "LesionAdjacentTissue",
    "off": 5643,
    "sff": "lesion"
  },
  {
    "docID": "N249 Khankan",
    "et": "LesionAdjacentTissue",
    "off": 26886,
    "sff": "lesion"
  },
  {
    "docID": "N249 Khankan",
    "et": "LesionAdjacentTissue",
    "off": 38406,
    "sff": "lesion"
  },
  {
    "docID": "N249 Khankan",
    "et": "LesionAdjacentTissue",
    "off": 22024,
    "sff": "lesion"
  },
  {
    "docID": "N249 Khankan",
    "et": "LesionAdjacentTissue",
    "off": 17901,
    "sff": "lesion"
  },
  {
    "docID": "N249 Khankan",
    "et": "LesionAdjacentTissue",
    "off": 31981,
    "sff": "lesion"
  },
  {
    "docID": "N249 Khankan",
    "et": "LesionAdjacentTissue",
    "off": 58864,
    "sff": "lesion"
  },
  {
    "docID": "N249 Khankan",
    "et": "LesionAdjacentTissue",
    "off": 66042,
    "sff": "lesion"
  },
  {
    "docID": "N249 Khankan",
    "et": "LesionAdjacentTissue",
    "off": 19091,
    "sff": "adjacent"
  },
  {
    "docID": "N249 Khankan",
    "et": "LesionAdjacentTissue",
    "off": 35061,
    "sff": "lesion"
  },
  {
    "docID": "N249 Khankan",
    "et": "LesionAdjacentTissue",
    "off": 25079,
    "sff": "lesion"
  },
  {
    "docID": "N249 Khankan",
    "et": "LesionAdjacentTissue",
    "off": 46818,
    "sff": "lesion"
  },
  {
    "docID": "N249 Khankan",
    "et": "LesionAdjacentTissue",
    "off": 51422,
    "sff": "lesion"
  },
  {
    "docID": "N249 Khankan",
    "et": "LesionAdjacentTissue",
    "off": 62942,
    "sff": "lesion"
  },
  {
    "docID": "N249 Khankan",
    "et": "LesionAdjacentTissue",
    "off": 13032,
    "sff": "lesion"
  },
  {
    "docID": "N249 Khankan",
    "et": "LesionAdjacentTissue",
    "off": 30955,
    "sff": "lesion"
  },
  {
    "docID": "N249 Khankan",
    "et": "LesionAdjacentTissue",
    "off": 22764,
    "sff": "lesion"
  },
  {
    "docID": "N249 Khankan",
    "et": "LesionAdjacentTissue",
    "off": 35564,
    "sff": "lesion"
  },
  {
    "docID": "N249 Khankan",
    "et": "LesionAdjacentTissue",
    "off": 55532,
    "sff": "lesion"
  },
  {
    "docID": "N249 Khankan",
    "et": "LesionAdjacentTissue",
    "off": 53480,
    "sff": "lesion"
  },
  {
    "docID": "N249 Khankan",
    "et": "LesionAdjacentTissue",
    "off": 34513,
    "sff": "lesion"
  },
  {
    "docID": "N249 Khankan",
    "et": "LesionAdjacentTissue",
    "off": 57298,
    "sff": "lesion"
  },
  {
    "docID": "N249 Khankan",
    "et": "LesionAdjacentTissue",
    "off": 16846,
    "sff": "lesion"
  },
  {
    "docID": "N249 Khankan",
    "et": "LesionAdjacentTissue",
    "off": 42195,
    "sff": "lesion"
  },
  {
    "docID": "N249 Khankan",
    "et": "LesionAdjacentTissue",
    "off": 40398,
    "sff": "lesion"
  },
  {
    "docID": "N249 Khankan",
    "et": "LesionAdjacentTissue",
    "off": 55257,
    "sff": "lesion"
  },
  {
    "docID": "N249 Khankan",
    "et": "LesionAdjacentTissue",
    "off": 35800,
    "sff": "lesion"
  },
  {
    "docID": "N249 Khankan",
    "et": "LesionAdjacentTissue",
    "off": 30657,
    "sff": "lesion"
  },
  {
    "docID": "N249 Khankan",
    "et": "LesionAdjacentTissue",
    "off": 46017,
    "sff": "lesion"
  },
  {
    "docID": "N249 Khankan",
    "et": "LesionAdjacentTissue",
    "off": 17599,
    "sff": "lesion"
  },
  {
    "docID": "N249 Khankan",
    "et": "LesionAdjacentTissue",
    "off": 52675,
    "sff": "lesion"
  },
  {
    "docID": "N249 Khankan",
    "et": "LesionAdjacentTissue",
    "off": 23741,
    "sff": "lesion"
  },
  {
    "docID": "N249 Khankan",
    "et": "LesionAdjacentTissue",
    "off": 38077,
    "sff": "lesion"
  },
  {
    "docID": "N249 Khankan",
    "et": "LesionAdjacentTissue",
    "off": 42111,
    "sff": "adjacent"
  },
  {
    "docID": "N249 Khankan",
    "et": "LesionAdjacentTissue",
    "off": 36295,
    "sff": "lesion"
  },
  {
    "docID": "N249 Khankan",
    "et": "LesionAdjacentTissue",
    "off": 58055,
    "sff": "lesion"
  },
  {
    "docID": "N249 Khankan",
    "et": "LesionAdjacentTissue",
    "off": 58311,
    "sff": "lesion"
  },
  {
    "docID": "N249 Khankan",
    "et": "LesionAdjacentTissue",
    "off": 50376,
    "sff": "lesion"
  },
  {
    "docID": "N249 Khankan",
    "et": "LesionAdjacentTissue",
    "off": 27058,
    "sff": "lesion"
  },
  {
    "docID": "N249 Khankan",
    "et": "LesionAdjacentTissue",
    "off": 64180,
    "sff": "lesion"
  },
  {
    "docID": "N249 Khankan",
    "et": "LesionAdjacentTissue",
    "off": 4788,
    "sff": "lesion"
  },
  {
    "docID": "N249 Khankan",
    "et": "LesionAdjacentTissue",
    "off": 24240,
    "sff": "lesion"
  },
  {
    "docID": "N249 Khankan",
    "et": "LesionAdjacentTissue",
    "off": 34997,
    "sff": "lesion"
  },
  {
    "docID": "N249 Khankan",
    "et": "LesionAdjacentTissue",
    "off": 65206,
    "sff": "lesion"
  },
  {
    "docID": "N249 Khankan",
    "et": "LesionAdjacentTissue",
    "off": 24503,
    "sff": "lesion"
  },
  {
    "docID": "N249 Khankan",
    "et": "LesionAdjacentTissue",
    "off": 40119,
    "sff": "lesion"
  },
  {
    "docID": "N249 Khankan",
    "et": "LesionAdjacentTissue",
    "off": 41655,
    "sff": "lesion"
  },
  {
    "docID": "N249 Khankan",
    "et": "LesionAdjacentTissue",
    "off": 46775,
    "sff": "lesion"
  },
  {
    "docID": "N249 Khankan",
    "et": "LesionAdjacentTissue",
    "off": 63416,
    "sff": "lesion"
  },
  {
    "docID": "N249 Khankan",
    "et": "LesionAdjacentTissue",
    "off": 28573,
    "sff": "lesion"
  },
  {
    "docID": "N249 Khankan",
    "et": "LesionAdjacentTissue",
    "off": 31390,
    "sff": "lesion"
  },
  {
    "docID": "N249 Khankan",
    "et": "LesionAdjacentTissue",
    "off": 36510,
    "sff": "lesion"
  },
  {
    "docID": "N249 Khankan",
    "et": "LesionAdjacentTissue",
    "off": 18082,
    "sff": "lesion"
  },
  {
    "docID": "N249 Khankan",
    "et": "LesionAdjacentTissue",
    "off": 3489,
    "sff": "lesion"
  },
  {
    "docID": "N249 Khankan",
    "et": "LesionAdjacentTissue",
    "off": 29856,
    "sff": "lesion"
  },
  {
    "docID": "N249 Khankan",
    "et": "LesionAdjacentTissue",
    "off": 38816,
    "sff": "lesion"
  },
  {
    "docID": "N249 Khankan",
    "et": "LesionAdjacentTissue",
    "off": 40617,
    "sff": "lesion"
  },
  {
    "docID": "N249 Khankan",
    "et": "LesionAdjacentTissue",
    "off": 2470,
    "sff": "lesion"
  },
  {
    "docID": "N249 Khankan",
    "et": "LesionAdjacentTissue",
    "off": 42923,
    "sff": "lesion"
  },
  {
    "docID": "N249 Khankan",
    "et": "LesionAdjacentTissue",
    "off": 6060,
    "sff": "lesion"
  },
  {
    "docID": "N249 Khankan",
    "et": "LesionAdjacentTissue",
    "off": 42662,
    "sff": "lesion"
  },
  {
    "docID": "N249 Khankan",
    "et": "LesionAdjacentTissue",
    "off": 17065,
    "sff": "lesion"
  },
  {
    "docID": "N249 Khankan",
    "et": "LesionAdjacentTissue",
    "off": 35987,
    "sff": "lesion"
  },
  {
    "docID": "N249 Khankan",
    "et": "LesionAdjacentTissue",
    "off": 22164,
    "sff": "lesion"
  },
  {
    "docID": "N249 Khankan",
    "et": "LesionAdjacentTissue",
    "off": 56212,
    "sff": "lesion"
  },
  {
    "docID": "N249 Khankan",
    "et": "LesionAdjacentTissue",
    "off": 25741,
    "sff": "lesion"
  },
  {
    "docID": "N249 Khankan",
    "et": "LesionAdjacentTissue",
    "off": 53404,
    "sff": "lesion"
  },
  {
    "docID": "N249 Khankan",
    "et": "LesionAdjacentTissue",
    "off": 16794,
    "sff": "lesion"
  },
  {
    "docID": "N249 Khankan",
    "et": "LesionAdjacentTissue",
    "off": 29569,
    "sff": "lesion"
  },
  {
    "docID": "N249 Khankan",
    "et": "LesionAdjacentTissue",
    "off": 43650,
    "sff": "lesion"
  },
  {
    "docID": "N249 Khankan",
    "et": "LesionAdjacentTissue",
    "off": 54403,
    "sff": "lesion"
  },
  {
    "docID": "N249 Khankan",
    "et": "LesionAdjacentTissue",
    "off": 29312,
    "sff": "lesion"
  },
  {
    "docID": "N249 Khankan",
    "et": "LesionAdjacentTissue",
    "off": 55431,
    "sff": "lesion"
  },
  {
    "docID": "N249 Khankan",
    "et": "LesionAdjacentTissue",
    "off": 55668,
    "sff": "lesion"
  },
  {
    "docID": "N249 Khankan",
    "et": "LesionAdjacentTissue",
    "off": 17266,
    "sff": "lesion"
  },
  {
    "docID": "N249 Khankan",
    "et": "LesionAdjacentTissue",
    "off": 42095,
    "sff": "lesion"
  },
  {
    "docID": "N249 Khankan",
    "et": "LesionAdjacentTissue",
    "off": 28281,
    "sff": "lesion"
  },
  {
    "docID": "N249 Khankan",
    "et": "LesionAdjacentTissue",
    "off": 35193,
    "sff": "lesion"
  },
  {
    "docID": "N249 Khankan",
    "et": "LesionAdjacentTissue",
    "off": 53113,
    "sff": "lesion"
  },
  {
    "docID": "N249 Khankan",
    "et": "LesionAdjacentTissue",
    "off": 45686,
    "sff": "lesion"
  },
  {
    "docID": "N249 Khankan",
    "et": "LesionAdjacentTissue",
    "off": 36728,
    "sff": "lesion"
  },
  {
    "docID": "N249 Khankan",
    "et": "LesionAdjacentTissue",
    "off": 41080,
    "sff": "lesion"
  },
  {
    "docID": "N249 Khankan",
    "et": "LesionAdjacentTissue",
    "off": 40801,
    "sff": "lesion"
  },
  {
    "docID": "N249 Khankan",
    "et": "LesionAdjacentTissue",
    "off": 36451,
    "sff": "lesion"
  },
  {
    "docID": "N249 Khankan",
    "et": "LesionAdjacentTissue",
    "off": 35940,
    "sff": "lesion"
  },
  {
    "docID": "N249 Khankan",
    "et": "LesionAdjacentTissue",
    "off": 34653,
    "sff": "lesion"
  },
  {
    "docID": "N249 Khankan",
    "et": "LesionAdjacentTissue",
    "off": 52829,
    "sff": "lesion"
  },
  {
    "docID": "N249 Khankan",
    "et": "LesionAdjacentTissue",
    "off": 41568,
    "sff": "lesion"
  },
  {
    "docID": "N249 Khankan",
    "et": "LesionAdjacentTissue",
    "off": 63592,
    "sff": "lesion"
  },
  {
    "docID": "N249 Khankan",
    "et": "LesionAdjacentTissue",
    "off": 48978,
    "sff": "lesion"
  },
  {
    "docID": "N249 Khankan",
    "et": "LesionAdjacentTissue",
    "off": 67410,
    "sff": "lesion"
  },
  {
    "docID": "N249 Khankan",
    "et": "LesionAdjacentTissue",
    "off": 41805,
    "sff": "lesion"
  },
  {
    "docID": "N249 Khankan",
    "et": "LesionAdjacentTissue",
    "off": 58192,
    "sff": "lesion"
  },
  {
    "docID": "N249 Khankan",
    "et": "LesionAdjacentTissue",
    "off": 35670,
    "sff": "lesion"
  },
  {
    "docID": "N249 Khankan",
    "et": "LesionAdjacentTissue",
    "off": 25922,
    "sff": "lesion"
  },
  {
    "docID": "N249 Khankan",
    "et": "LesionAdjacentTissue",
    "off": 16702,
    "sff": "lesion"
  },
  {
    "docID": "N249 Khankan",
    "et": "LesionAdjacentTissue",
    "off": 31811,
    "sff": "lesion"
  },
  {
    "docID": "N249 Khankan",
    "et": "LesionAdjacentTissue",
    "off": 35396,
    "sff": "lesion"
  },
  {
    "docID": "N249 Khankan",
    "et": "LesionAdjacentTissue",
    "off": 30525,
    "sff": "lesion"
  },
  {
    "docID": "N249 Khankan",
    "et": "LesionAdjacentTissue",
    "off": 54846,
    "sff": "lesion"
  },
  {
    "docID": "N249 Khankan",
    "et": "LesionAdjacentTissue",
    "off": 2632,
    "sff": "lesion"
  },
  {
    "docID": "N249 Khankan",
    "et": "LesionAdjacentTissue",
    "off": 16968,
    "sff": "lesion"
  },
  {
    "docID": "N249 Khankan",
    "et": "LesionAdjacentTissue",
    "off": 18760,
    "sff": "lesion"
  },
  {
    "docID": "N249 Khankan",
    "et": "LesionAdjacentTissue",
    "off": 38213,
    "sff": "lesion"
  },
  {
    "docID": "N249 Khankan",
    "et": "LesionAdjacentTissue",
    "off": 67654,
    "sff": "lesion"
  },
  {
    "docID": "N249 Khankan",
    "et": "LesionAdjacentTissue",
    "off": 40263,
    "sff": "lesion"
  },
  {
    "docID": "N249 Khankan",
    "et": "LesionAdjacentTissue",
    "off": 1353,
    "sff": "lesion"
  },
  {
    "docID": "N249 Khankan",
    "et": "LesionAdjacentTissue",
    "off": 36168,
    "sff": "lesion"
  },
  {
    "docID": "N249 Khankan",
    "et": "CentralNervousSystem",
    "off": 57956,
    "sff": "central"
  },
  {
    "docID": "N249 Khankan",
    "et": "VertebralArea",
    "off": 11933,
    "sff": "vertebral"
  },
  {
    "docID": "N249 Khankan",
    "et": "CorticospinalTract",
    "off": 4724,
    "sff": "corticospinal tract"
  },
  {
    "docID": "N249 Khankan",
    "et": "SpinalCentralPart",
    "off": 57956,
    "sff": "central"
  },
  {
    "docID": "N249 Khankan",
    "et": "InjectionDelivery",
    "off": 13149,
    "sff": "injection"
  },
  {
    "docID": "N249 Khankan",
    "et": "VertebralSegment",
    "off": 11933,
    "sff": "vertebral"
  },
  {
    "docID": "N249 Khankan",
    "et": "SpinalLesionSite",
    "off": 52829,
    "sff": "lesion"
  },
  {
    "docID": "N249 Khankan",
    "et": "SpinalLesionSite",
    "off": 34653,
    "sff": "lesion"
  },
  {
    "docID": "N249 Khankan",
    "et": "SpinalLesionSite",
    "off": 41568,
    "sff": "lesion"
  },
  {
    "docID": "N249 Khankan",
    "et": "SpinalLesionSite",
    "off": 40801,
    "sff": "lesion"
  },
  {
    "docID": "N249 Khankan",
    "et": "SpinalLesionSite",
    "off": 36451,
    "sff": "lesion"
  },
  {
    "docID": "N249 Khankan",
    "et": "SpinalLesionSite",
    "off": 35940,
    "sff": "lesion"
  },
  {
    "docID": "N249 Khankan",
    "et": "SpinalLesionSite",
    "off": 63592,
    "sff": "lesion"
  },
  {
    "docID": "N249 Khankan",
    "et": "SpinalLesionSite",
    "off": 41805,
    "sff": "lesion"
  },
  {
    "docID": "N249 Khankan",
    "et": "SpinalLesionSite",
    "off": 48978,
    "sff": "lesion"
  },
  {
    "docID": "N249 Khankan",
    "et": "SpinalLesionSite",
    "off": 67410,
    "sff": "lesion"
  },
  {
    "docID": "N249 Khankan",
    "et": "SpinalLesionSite",
    "off": 58864,
    "sff": "lesion site"
  },
  {
    "docID": "N249 Khankan",
    "et": "SpinalLesionSite",
    "off": 35670,
    "sff": "lesion"
  },
  {
    "docID": "N249 Khankan",
    "et": "SpinalLesionSite",
    "off": 30525,
    "sff": "lesion"
  },
  {
    "docID": "N249 Khankan",
    "et": "SpinalLesionSite",
    "off": 17980,
    "sff": "lesion"
  },
  {
    "docID": "N249 Khankan",
    "et": "SpinalLesionSite",
    "off": 16702,
    "sff": "lesion"
  },
  {
    "docID": "N249 Khankan",
    "et": "SpinalLesionSite",
    "off": 54846,
    "sff": "lesion"
  },
  {
    "docID": "N249 Khankan",
    "et": "SpinalLesionSite",
    "off": 31811,
    "sff": "lesion"
  },
  {
    "docID": "N249 Khankan",
    "et": "SpinalLesionSite",
    "off": 25922,
    "sff": "lesion"
  },
  {
    "docID": "N249 Khankan",
    "et": "SpinalLesionSite",
    "off": 38213,
    "sff": "lesion"
  },
  {
    "docID": "N249 Khankan",
    "et": "SpinalLesionSite",
    "off": 35396,
    "sff": "lesion"
  },
  {
    "docID": "N249 Khankan",
    "et": "SpinalLesionSite",
    "off": 56581,
    "sff": "lesion site"
  },
  {
    "docID": "N249 Khankan",
    "et": "SpinalLesionSite",
    "off": 40263,
    "sff": "lesion"
  },
  {
    "docID": "N249 Khankan",
    "et": "SpinalLesionSite",
    "off": 1353,
    "sff": "lesion"
  },
  {
    "docID": "N249 Khankan",
    "et": "SpinalLesionSite",
    "off": 67654,
    "sff": "lesion"
  },
  {
    "docID": "N249 Khankan",
    "et": "SpinalLesionSite",
    "off": 16968,
    "sff": "lesion"
  },
  {
    "docID": "N249 Khankan",
    "et": "SpinalLesionSite",
    "off": 18760,
    "sff": "lesion"
  },
  {
    "docID": "N249 Khankan",
    "et": "SpinalLesionSite",
    "off": 36168,
    "sff": "lesion"
  },
  {
    "docID": "N249 Khankan",
    "et": "SpinalLesionSite",
    "off": 55852,
    "sff": "lesion"
  },
  {
    "docID": "N249 Khankan",
    "et": "SpinalLesionSite",
    "off": 57132,
    "sff": "lesion"
  },
  {
    "docID": "N249 Khankan",
    "et": "SpinalLesionSite",
    "off": 43824,
    "sff": "lesion"
  },
  {
    "docID": "N249 Khankan",
    "et": "SpinalLesionSite",
    "off": 36658,
    "sff": "lesion"
  },
  {
    "docID": "N249 Khankan",
    "et": "SpinalLesionSite",
    "off": 50482,
    "sff": "lesion"
  },
  {
    "docID": "N249 Khankan",
    "et": "SpinalLesionSite",
    "off": 34103,
    "sff": "lesion"
  },
  {
    "docID": "N249 Khankan",
    "et": "SpinalLesionSite",
    "off": 53404,
    "sff": "lesion"
  },
  {
    "docID": "N249 Khankan",
    "et": "SpinalLesionSite",
    "off": 6060,
    "sff": "lesion site"
  },
  {
    "docID": "N249 Khankan",
    "et": "SpinalLesionSite",
    "off": 16794,
    "sff": "lesion"
  },
  {
    "docID": "N249 Khankan",
    "et": "SpinalLesionSite",
    "off": 28573,
    "sff": "lesion"
  },
  {
    "docID": "N249 Khankan",
    "et": "SpinalLesionSite",
    "off": 31390,
    "sff": "lesion"
  },
  {
    "docID": "N249 Khankan",
    "et": "SpinalLesionSite",
    "off": 36510,
    "sff": "lesion"
  },
  {
    "docID": "N249 Khankan",
    "et": "SpinalLesionSite",
    "off": 29856,
    "sff": "lesion"
  },
  {
    "docID": "N249 Khankan",
    "et": "SpinalLesionSite",
    "off": 38816,
    "sff": "lesion"
  },
  {
    "docID": "N249 Khankan",
    "et": "SpinalLesionSite",
    "off": 18082,
    "sff": "lesion"
  },
  {
    "docID": "N249 Khankan",
    "et": "SpinalLesionSite",
    "off": 2470,
    "sff": "lesion"
  },
  {
    "docID": "N249 Khankan",
    "et": "SpinalLesionSite",
    "off": 40617,
    "sff": "lesion"
  },
  {
    "docID": "N249 Khankan",
    "et": "SpinalLesionSite",
    "off": 3489,
    "sff": "lesion site"
  },
  {
    "docID": "N249 Khankan",
    "et": "SpinalLesionSite",
    "off": 17065,
    "sff": "lesion"
  },
  {
    "docID": "N249 Khankan",
    "et": "SpinalLesionSite",
    "off": 42662,
    "sff": "lesion"
  },
  {
    "docID": "N249 Khankan",
    "et": "SpinalLesionSite",
    "off": 25741,
    "sff": "lesion"
  },
  {
    "docID": "N249 Khankan",
    "et": "SpinalLesionSite",
    "off": 35987,
    "sff": "lesion"
  },
  {
    "docID": "N249 Khankan",
    "et": "SpinalLesionSite",
    "off": 56212,
    "sff": "lesion"
  },
  {
    "docID": "N249 Khankan",
    "et": "SpinalLesionSite",
    "off": 4788,
    "sff": "lesion site"
  },
  {
    "docID": "N249 Khankan",
    "et": "SpinalLesionSite",
    "off": 22164,
    "sff": "lesion"
  },
  {
    "docID": "N249 Khankan",
    "et": "SpinalLesionSite",
    "off": 27058,
    "sff": "lesion site"
  },
  {
    "docID": "N249 Khankan",
    "et": "SpinalLesionSite",
    "off": 58055,
    "sff": "lesion site"
  },
  {
    "docID": "N249 Khankan",
    "et": "SpinalLesionSite",
    "off": 29569,
    "sff": "lesion"
  },
  {
    "docID": "N249 Khankan",
    "et": "SpinalLesionSite",
    "off": 29312,
    "sff": "lesion"
  },
  {
    "docID": "N249 Khankan",
    "et": "SpinalLesionSite",
    "off": 43650,
    "sff": "lesion"
  },
  {
    "docID": "N249 Khankan",
    "et": "SpinalLesionSite",
    "off": 54403,
    "sff": "lesion"
  },
  {
    "docID": "N249 Khankan",
    "et": "SpinalLesionSite",
    "off": 46017,
    "sff": "lesion site"
  },
  {
    "docID": "N249 Khankan",
    "et": "SpinalLesionSite",
    "off": 42095,
    "sff": "lesion"
  },
  {
    "docID": "N249 Khankan",
    "et": "SpinalLesionSite",
    "off": 55668,
    "sff": "lesion"
  },
  {
    "docID": "N249 Khankan",
    "et": "SpinalLesionSite",
    "off": 17266,
    "sff": "lesion"
  },
  {
    "docID": "N249 Khankan",
    "et": "SpinalLesionSite",
    "off": 41080,
    "sff": "lesion"
  },
  {
    "docID": "N249 Khankan",
    "et": "SpinalLesionSite",
    "off": 53113,
    "sff": "lesion"
  },
  {
    "docID": "N249 Khankan",
    "et": "SpinalLesionSite",
    "off": 28281,
    "sff": "lesion"
  },
  {
    "docID": "N249 Khankan",
    "et": "SpinalLesionSite",
    "off": 35193,
    "sff": "lesion"
  },
  {
    "docID": "N249 Khankan",
    "et": "SpinalLesionSite",
    "off": 45686,
    "sff": "lesion"
  },
  {
    "docID": "N249 Khankan",
    "et": "SpinalLesionSite",
    "off": 36728,
    "sff": "lesion"
  },
  {
    "docID": "N249 Khankan",
    "et": "SpinalLesionSite",
    "off": 51422,
    "sff": "lesion"
  },
  {
    "docID": "N249 Khankan",
    "et": "SpinalLesionSite",
    "off": 62942,
    "sff": "lesion"
  },
  {
    "docID": "N249 Khankan",
    "et": "SpinalLesionSite",
    "off": 46818,
    "sff": "lesion"
  },
  {
    "docID": "N249 Khankan",
    "et": "SpinalLesionSite",
    "off": 53480,
    "sff": "lesion"
  },
  {
    "docID": "N249 Khankan",
    "et": "SpinalLesionSite",
    "off": 13032,
    "sff": "lesion"
  },
  {
    "docID": "N249 Khankan",
    "et": "SpinalLesionSite",
    "off": 16846,
    "sff": "lesion"
  },
  {
    "docID": "N249 Khankan",
    "et": "SpinalLesionSite",
    "off": 40398,
    "sff": "lesion"
  },
  {
    "docID": "N249 Khankan",
    "et": "SpinalLesionSite",
    "off": 34513,
    "sff": "lesion"
  },
  {
    "docID": "N249 Khankan",
    "et": "SpinalLesionSite",
    "off": 57298,
    "sff": "lesion"
  },
  {
    "docID": "N249 Khankan",
    "et": "SpinalLesionSite",
    "off": 42195,
    "sff": "lesion"
  },
  {
    "docID": "N249 Khankan",
    "et": "SpinalLesionSite",
    "off": 55257,
    "sff": "lesion"
  },
  {
    "docID": "N249 Khankan",
    "et": "SpinalLesionSite",
    "off": 35800,
    "sff": "lesion"
  },
  {
    "docID": "N249 Khankan",
    "et": "SpinalLesionSite",
    "off": 23741,
    "sff": "lesion"
  },
  {
    "docID": "N249 Khankan",
    "et": "SpinalLesionSite",
    "off": 38077,
    "sff": "lesion"
  },
  {
    "docID": "N249 Khankan",
    "et": "SpinalLesionSite",
    "off": 17599,
    "sff": "lesion"
  },
  {
    "docID": "N249 Khankan",
    "et": "SpinalLesionSite",
    "off": 55431,
    "sff": "lesion site"
  },
  {
    "docID": "N249 Khankan",
    "et": "SpinalLesionSite",
    "off": 30657,
    "sff": "lesion"
  },
  {
    "docID": "N249 Khankan",
    "et": "SpinalLesionSite",
    "off": 52675,
    "sff": "lesion"
  },
  {
    "docID": "N249 Khankan",
    "et": "SpinalLesionSite",
    "off": 36295,
    "sff": "lesion"
  },
  {
    "docID": "N249 Khankan",
    "et": "SpinalLesionSite",
    "off": 50376,
    "sff": "lesion"
  },
  {
    "docID": "N249 Khankan",
    "et": "SpinalLesionSite",
    "off": 58311,
    "sff": "lesion"
  },
  {
    "docID": "N249 Khankan",
    "et": "SpinalLesionSite",
    "off": 27420,
    "sff": "Lesion site"
  },
  {
    "docID": "N249 Khankan",
    "et": "SpinalLesionSite",
    "off": 42923,
    "sff": "lesion"
  },
  {
    "docID": "N249 Khankan",
    "et": "SpinalLesionSite",
    "off": 24240,
    "sff": "lesion"
  },
  {
    "docID": "N249 Khankan",
    "et": "SpinalLesionSite",
    "off": 64180,
    "sff": "lesion"
  },
  {
    "docID": "N249 Khankan",
    "et": "SpinalLesionSite",
    "off": 34997,
    "sff": "lesion"
  },
  {
    "docID": "N249 Khankan",
    "et": "SpinalLesionSite",
    "off": 24503,
    "sff": "lesion"
  },
  {
    "docID": "N249 Khankan",
    "et": "SpinalLesionSite",
    "off": 40119,
    "sff": "lesion"
  },
  {
    "docID": "N249 Khankan",
    "et": "SpinalLesionSite",
    "off": 63416,
    "sff": "lesion"
  },
  {
    "docID": "N249 Khankan",
    "et": "SpinalLesionSite",
    "off": 65206,
    "sff": "lesion"
  },
  {
    "docID": "N249 Khankan",
    "et": "SpinalLesionSite",
    "off": 41655,
    "sff": "lesion"
  },
  {
    "docID": "N249 Khankan",
    "et": "SpinalLesionSite",
    "off": 46775,
    "sff": "lesion"
  },
  {
    "docID": "N249 Khankan",
    "et": "SpinalLesionSite",
    "off": 50972,
    "sff": "lesion"
  },
  {
    "docID": "N249 Khankan",
    "et": "SpinalLesionSite",
    "off": 16108,
    "sff": "Lesion site"
  },
  {
    "docID": "N249 Khankan",
    "et": "SpinalLesionSite",
    "off": 21786,
    "sff": "lesion"
  },
  {
    "docID": "N249 Khankan",
    "et": "SpinalLesionSite",
    "off": 56090,
    "sff": "lesion"
  },
  {
    "docID": "N249 Khankan",
    "et": "SpinalLesionSite",
    "off": 22816,
    "sff": "lesion"
  },
  {
    "docID": "N249 Khankan",
    "et": "SpinalLesionSite",
    "off": 29728,
    "sff": "lesion"
  },
  {
    "docID": "N249 Khankan",
    "et": "SpinalLesionSite",
    "off": 18978,
    "sff": "lesion"
  },
  {
    "docID": "N249 Khankan",
    "et": "SpinalLesionSite",
    "off": 53794,
    "sff": "lesion"
  },
  {
    "docID": "N249 Khankan",
    "et": "SpinalLesionSite",
    "off": 58662,
    "sff": "lesion site"
  },
  {
    "docID": "N249 Khankan",
    "et": "SpinalLesionSite",
    "off": 22312,
    "sff": "lesion"
  },
  {
    "docID": "N249 Khankan",
    "et": "SpinalLesionSite",
    "off": 62503,
    "sff": "lesion"
  },
  {
    "docID": "N249 Khankan",
    "et": "SpinalLesionSite",
    "off": 5643,
    "sff": "lesion"
  },
  {
    "docID": "N249 Khankan",
    "et": "SpinalLesionSite",
    "off": 50188,
    "sff": "lesion"
  },
  {
    "docID": "N249 Khankan",
    "et": "SpinalLesionSite",
    "off": 67340,
    "sff": "lesion"
  },
  {
    "docID": "N249 Khankan",
    "et": "SpinalLesionSite",
    "off": 36367,
    "sff": "lesion"
  },
  {
    "docID": "N249 Khankan",
    "et": "SpinalLesionSite",
    "off": 5902,
    "sff": "lesion"
  },
  {
    "docID": "N249 Khankan",
    "et": "SpinalLesionSite",
    "off": 60431,
    "sff": "lesion"
  },
  {
    "docID": "N249 Khankan",
    "et": "SpinalLesionSite",
    "off": 29458,
    "sff": "lesion"
  },
  {
    "docID": "N249 Khankan",
    "et": "SpinalLesionSite",
    "off": 26644,
    "sff": "lesion"
  },
  {
    "docID": "N249 Khankan",
    "et": "SpinalLesionSite",
    "off": 31254,
    "sff": "lesion"
  },
  {
    "docID": "N249 Khankan",
    "et": "SpinalLesionSite",
    "off": 40473,
    "sff": "lesion"
  },
  {
    "docID": "N249 Khankan",
    "et": "SpinalLesionSite",
    "off": 50711,
    "sff": "lesion"
  },
  {
    "docID": "N249 Khankan",
    "et": "SpinalLesionSite",
    "off": 66042,
    "sff": "lesion"
  },
  {
    "docID": "N249 Khankan",
    "et": "SpinalLesionSite",
    "off": 2632,
    "sff": "lesion site"
  },
  {
    "docID": "N249 Khankan",
    "et": "SpinalLesionSite",
    "off": 514,
    "sff": "lesion"
  },
  {
    "docID": "N249 Khankan",
    "et": "SpinalLesionSite",
    "off": 39426,
    "sff": "lesion"
  },
  {
    "docID": "N249 Khankan",
    "et": "SpinalLesionSite",
    "off": 36612,
    "sff": "lesion"
  },
  {
    "docID": "N249 Khankan",
    "et": "SpinalLesionSite",
    "off": 26886,
    "sff": "lesion"
  },
  {
    "docID": "N249 Khankan",
    "et": "SpinalLesionSite",
    "off": 38406,
    "sff": "lesion"
  },
  {
    "docID": "N249 Khankan",
    "et": "SpinalLesionSite",
    "off": 62985,
    "sff": "lesion"
  },
  {
    "docID": "N249 Khankan",
    "et": "SpinalLesionSite",
    "off": 16904,
    "sff": "lesion"
  },
  {
    "docID": "N249 Khankan",
    "et": "SpinalLesionSite",
    "off": 22024,
    "sff": "lesion"
  },
  {
    "docID": "N249 Khankan",
    "et": "SpinalLesionSite",
    "off": 30955,
    "sff": "lesion"
  },
  {
    "docID": "N249 Khankan",
    "et": "SpinalLesionSite",
    "off": 55532,
    "sff": "lesion"
  },
  {
    "docID": "N249 Khankan",
    "et": "SpinalLesionSite",
    "off": 17901,
    "sff": "lesion"
  },
  {
    "docID": "N249 Khankan",
    "et": "SpinalLesionSite",
    "off": 31981,
    "sff": "lesion"
  },
  {
    "docID": "N249 Khankan",
    "et": "SpinalLesionSite",
    "off": 22764,
    "sff": "lesion"
  },
  {
    "docID": "N249 Khankan",
    "et": "SpinalLesionSite",
    "off": 35564,
    "sff": "lesion"
  },
  {
    "docID": "N249 Khankan",
    "et": "SpinalLesionSite",
    "off": 35061,
    "sff": "lesion"
  },
  {
    "docID": "N249 Khankan",
    "et": "SpinalLesionSite",
    "off": 25079,
    "sff": "lesion"
  },
  {
    "docID": "N249 Khankan",
    "et": "SpinalLesionSite",
    "off": 58192,
    "sff": "lesion site"
  }
]
