[
  {
    "docID": "N251 Nategh",
    "et": "T9",
    "off": 4628,
    "sff": "T9"
  },
  {
    "docID": "N251 Nategh",
    "et": "SubcutaneousLocation",
    "off": 5226,
    "sff": "subcutaneous"
  },
  {
    "docID": "N251 Nategh",
    "et": "T10",
    "off": 4631,
    "sff": "T10"
  },
  {
    "docID": "N251 Nategh",
    "et": "T12",
    "off": 4572,
    "sff": "T12"
  },
  {
    "docID": "N251 Nategh",
    "et": "Thoracic",
    "off": 4576,
    "sff": "thoracic"
  },
  {
    "docID": "N251 Nategh",
    "et": "AscendingFiberTract",
    "off": 6483,
    "sff": "fiber"
  },
  {
    "docID": "N251 Nategh",
    "et": "SpinalWhiteMatter",
    "off": 16828,
    "sff": "white matter"
  },
  {
    "docID": "N251 Nategh",
    "et": "SpinalWhiteMatter",
    "off": 10109,
    "sff": "white matter"
  },
  {
    "docID": "N251 Nategh",
    "et": "SpinalWhiteMatter",
    "off": 12014,
    "sff": "white matter"
  },
  {
    "docID": "N251 Nategh",
    "et": "SpinalFiberTract",
    "off": 6483,
    "sff": "fiber"
  },
  {
    "docID": "N251 Nategh",
    "et": "SpinalDorsalHalf",
    "off": 4833,
    "sff": "dorsal"
  },
  {
    "docID": "N251 Nategh",
    "et": "SpinalDorsalHalf",
    "off": 13905,
    "sff": "dorsal"
  },
  {
    "docID": "N251 Nategh",
    "et": "SpinalDorsalHalf",
    "off": 2263,
    "sff": "dorsal"
  },
  {
    "docID": "N251 Nategh",
    "et": "SpinalVentralHalf",
    "off": 4821,
    "sff": "ventral"
  },
  {
    "docID": "N251 Nategh",
    "et": "SpinalVentralHalf",
    "off": 14097,
    "sff": "ventral"
  },
  {
    "docID": "N251 Nategh",
    "et": "SpinalVentralHalf",
    "off": 13916,
    "sff": "ventral"
  },
  {
    "docID": "N251 Nategh",
    "et": "SpinalCord",
    "off": 1959,
    "sff": "cord"
  },
  {
    "docID": "N251 Nategh",
    "et": "SpinalCord",
    "off": 17639,
    "sff": "cord"
  },
  {
    "docID": "N251 Nategh",
    "et": "SpinalCord",
    "off": 11944,
    "sff": "cord"
  },
  {
    "docID": "N251 Nategh",
    "et": "SpinalCord",
    "off": 106,
    "sff": "Cord"
  },
  {
    "docID": "N251 Nategh",
    "et": "SpinalCord",
    "off": 869,
    "sff": "cord"
  },
  {
    "docID": "N251 Nategh",
    "et": "SpinalCord",
    "off": 678,
    "sff": "cord"
  },
  {
    "docID": "N251 Nategh",
    "et": "SpinalCord",
    "off": 4326,
    "sff": "cord"
  },
  {
    "docID": "N251 Nategh",
    "et": "SpinalCord",
    "off": 3489,
    "sff": "cord"
  },
  {
    "docID": "N251 Nategh",
    "et": "SpinalCord",
    "off": 12577,
    "sff": "cord"
  },
  {
    "docID": "N251 Nategh",
    "et": "SpinalCord",
    "off": 13794,
    "sff": "cord"
  },
  {
    "docID": "N251 Nategh",
    "et": "SpinalCord",
    "off": 17890,
    "sff": "cord"
  },
  {
    "docID": "N251 Nategh",
    "et": "SpinalCord",
    "off": 14125,
    "sff": "cord"
  },
  {
    "docID": "N251 Nategh",
    "et": "SpinalCord",
    "off": 13417,
    "sff": "cord"
  },
  {
    "docID": "N251 Nategh",
    "et": "SpinalCord",
    "off": 12307,
    "sff": "cord"
  },
  {
    "docID": "N251 Nategh",
    "et": "SpinalCord",
    "off": 15764,
    "sff": "cord"
  },
  {
    "docID": "N251 Nategh",
    "et": "SpinalCord",
    "off": 18321,
    "sff": "cord"
  },
  {
    "docID": "N251 Nategh",
    "et": "SpinalCord",
    "off": 10079,
    "sff": "cord"
  },
  {
    "docID": "N251 Nategh",
    "et": "SpinalCord",
    "off": 1632,
    "sff": "cord"
  },
  {
    "docID": "N251 Nategh",
    "et": "SpinalCord",
    "off": 734,
    "sff": "cord"
  },
  {
    "docID": "N251 Nategh",
    "et": "SpinalCord",
    "off": 2654,
    "sff": "cord"
  },
  {
    "docID": "N251 Nategh",
    "et": "SpinalCord",
    "off": 15706,
    "sff": "cord"
  },
  {
    "docID": "N251 Nategh",
    "et": "SpinalCord",
    "off": 453,
    "sff": "cord"
  },
  {
    "docID": "N251 Nategh",
    "et": "SpinalCord",
    "off": 1286,
    "sff": "cord"
  },
  {
    "docID": "N251 Nategh",
    "et": "SpinalCord",
    "off": 193,
    "sff": "cord"
  },
  {
    "docID": "N251 Nategh",
    "et": "SpinalCord",
    "off": 2306,
    "sff": "cord"
  },
  {
    "docID": "N251 Nategh",
    "et": "SpinalCord",
    "off": 4745,
    "sff": "cord"
  },
  {
    "docID": "N251 Nategh",
    "et": "SpinalCord",
    "off": 4856,
    "sff": "cord"
  },
  {
    "docID": "N251 Nategh",
    "et": "SpinalCord",
    "off": 6837,
    "sff": "cord"
  },
  {
    "docID": "N251 Nategh",
    "et": "SpinalCord",
    "off": 8244,
    "sff": "cord"
  },
  {
    "docID": "N251 Nategh",
    "et": "SpinalCord",
    "off": 16625,
    "sff": "cord"
  },
  {
    "docID": "N251 Nategh",
    "et": "SpinalCord",
    "off": 13810,
    "sff": "cord"
  },
  {
    "docID": "N251 Nategh",
    "et": "SpinalCord",
    "off": 2047,
    "sff": "cord"
  },
  {
    "docID": "N251 Nategh",
    "et": "SpinalCord",
    "off": 3327,
    "sff": "cord"
  },
  {
    "docID": "N251 Nategh",
    "et": "SpinalCord",
    "off": 2496,
    "sff": "cord"
  },
  {
    "docID": "N251 Nategh",
    "et": "SpinalCord",
    "off": 3645,
    "sff": "cord"
  },
  {
    "docID": "N251 Nategh",
    "et": "SpinalCord",
    "off": 13629,
    "sff": "cord"
  },
  {
    "docID": "N251 Nategh",
    "et": "SpinalCord",
    "off": 18235,
    "sff": "cord"
  },
  {
    "docID": "N251 Nategh",
    "et": "DorsalColumn",
    "off": 4833,
    "sff": "dorsal"
  },
  {
    "docID": "N251 Nategh",
    "et": "DorsalColumn",
    "off": 13905,
    "sff": "dorsal"
  },
  {
    "docID": "N251 Nategh",
    "et": "DorsalColumn",
    "off": 2263,
    "sff": "dorsal column"
  },
  {
    "docID": "N251 Nategh",
    "et": "LesionAdjacentTissue",
    "off": 8278,
    "sff": "lesion"
  },
  {
    "docID": "N251 Nategh",
    "et": "InjectionDelivery",
    "off": 7557,
    "sff": "injection"
  },
  {
    "docID": "N251 Nategh",
    "et": "InjectionDelivery",
    "off": 5239,
    "sff": "injection"
  },
  {
    "docID": "N251 Nategh",
    "et": "InjectionDelivery",
    "off": 18434,
    "sff": "injection"
  },
  {
    "docID": "N251 Nategh",
    "et": "InjectionDelivery",
    "off": 7004,
    "sff": "injection"
  },
  {
    "docID": "N251 Nategh",
    "et": "SpinalLesionSite",
    "off": 8278,
    "sff": "lesion"
  },
  {
    "docID": "N251 Nategh",
    "et": "T4",
    "off": 4569,
    "sff": "T4"
  }
]
