[
  {
    "docID": "N254 Tsa 2017",
    "et": "T7",
    "off": 27502,
    "sff": "T7"
  },
  {
    "docID": "N254 Tsa 2017",
    "et": "T7",
    "off": 12735,
    "sff": "T7"
  },
  {
    "docID": "N254 Tsa 2017",
    "et": "T7",
    "off": 22972,
    "sff": "T7"
  },
  {
    "docID": "N254 Tsa 2017",
    "et": "T7",
    "off": 31340,
    "sff": "T7"
  },
  {
    "docID": "N254 Tsa 2017",
    "et": "T7",
    "off": 19963,
    "sff": "T7"
  },
  {
    "docID": "N254 Tsa 2017",
    "et": "T8",
    "off": 11294,
    "sff": "T8"
  },
  {
    "docID": "N254 Tsa 2017",
    "et": "T8",
    "off": 5244,
    "sff": "T8"
  },
  {
    "docID": "N254 Tsa 2017",
    "et": "T8",
    "off": 11453,
    "sff": "T8"
  },
  {
    "docID": "N254 Tsa 2017",
    "et": "T8",
    "off": 27170,
    "sff": "T8"
  },
  {
    "docID": "N254 Tsa 2017",
    "et": "T8",
    "off": 27251,
    "sff": "T8"
  },
  {
    "docID": "N254 Tsa 2017",
    "et": "T8",
    "off": 32355,
    "sff": "T8"
  },
  {
    "docID": "N254 Tsa 2017",
    "et": "T8",
    "off": 26837,
    "sff": "T8"
  },
  {
    "docID": "N254 Tsa 2017",
    "et": "T9",
    "off": 12739,
    "sff": "T9"
  },
  {
    "docID": "N254 Tsa 2017",
    "et": "T9",
    "off": 27507,
    "sff": "T9"
  },
  {
    "docID": "N254 Tsa 2017",
    "et": "T9",
    "off": 19968,
    "sff": "T9"
  },
  {
    "docID": "N254 Tsa 2017",
    "et": "T12",
    "off": 16635,
    "sff": "T12"
  },
  {
    "docID": "N254 Tsa 2017",
    "et": "T12",
    "off": 22990,
    "sff": "T12"
  },
  {
    "docID": "N254 Tsa 2017",
    "et": "T12",
    "off": 31489,
    "sff": "T12"
  },
  {
    "docID": "N254 Tsa 2017",
    "et": "Thoracic",
    "off": 12713,
    "sff": "thoracic"
  },
  {
    "docID": "N254 Tsa 2017",
    "et": "Thoracic",
    "off": 31480,
    "sff": "thoracic"
  },
  {
    "docID": "N254 Tsa 2017",
    "et": "Thoracic",
    "off": 16539,
    "sff": "thoracic"
  },
  {
    "docID": "N254 Tsa 2017",
    "et": "Thoracic",
    "off": 19941,
    "sff": "thoracic"
  },
  {
    "docID": "N254 Tsa 2017",
    "et": "Thoracic",
    "off": 20102,
    "sff": "thoracic"
  },
  {
    "docID": "N254 Tsa 2017",
    "et": "Thoracic",
    "off": 39730,
    "sff": "thoracic"
  },
  {
    "docID": "N254 Tsa 2017",
    "et": "Thoracic",
    "off": 5235,
    "sff": "thoracic"
  },
  {
    "docID": "N254 Tsa 2017",
    "et": "Thoracic",
    "off": 31331,
    "sff": "thoracic"
  },
  {
    "docID": "N254 Tsa 2017",
    "et": "Thoracic",
    "off": 11266,
    "sff": "thoracic"
  },
  {
    "docID": "N254 Tsa 2017",
    "et": "Thoracic",
    "off": 1116,
    "sff": "thoracic"
  },
  {
    "docID": "N254 Tsa 2017",
    "et": "Thoracic",
    "off": 27086,
    "sff": "thoracic"
  },
  {
    "docID": "N254 Tsa 2017",
    "et": "VertebralLocation",
    "off": 11275,
    "sff": "vertebral"
  },
  {
    "docID": "N254 Tsa 2017",
    "et": "Brain",
    "off": 4058,
    "sff": "brain"
  },
  {
    "docID": "N254 Tsa 2017",
    "et": "AscendingFiberTract",
    "off": 1652,
    "sff": "fiber tract"
  },
  {
    "docID": "N254 Tsa 2017",
    "et": "AscendingFiberTract",
    "off": 1477,
    "sff": "fiber"
  },
  {
    "docID": "N254 Tsa 2017",
    "et": "AscendingFiberTract",
    "off": 1652,
    "sff": "fiber"
  },
  {
    "docID": "N254 Tsa 2017",
    "et": "AscendingFiberTract",
    "off": 32391,
    "sff": "fiber"
  },
  {
    "docID": "N254 Tsa 2017",
    "et": "AscendingFiberTract",
    "off": 32391,
    "sff": "fiber tract"
  },
  {
    "docID": "N254 Tsa 2017",
    "et": "SpinalWhiteMatter",
    "off": 34203,
    "sff": "white"
  },
  {
    "docID": "N254 Tsa 2017",
    "et": "SpinalWhiteMatter",
    "off": 39898,
    "sff": "white matter"
  },
  {
    "docID": "N254 Tsa 2017",
    "et": "SpinalWhiteMatter",
    "off": 39984,
    "sff": "white matter"
  },
  {
    "docID": "N254 Tsa 2017",
    "et": "SpinalWhiteMatter",
    "off": 41208,
    "sff": "white matter"
  },
  {
    "docID": "N254 Tsa 2017",
    "et": "SpinalWhiteMatter",
    "off": 22727,
    "sff": "white matter"
  },
  {
    "docID": "N254 Tsa 2017",
    "et": "SpinalFiberTract",
    "off": 1477,
    "sff": "fiber"
  },
  {
    "docID": "N254 Tsa 2017",
    "et": "SpinalFiberTract",
    "off": 32391,
    "sff": "fiber tract"
  },
  {
    "docID": "N254 Tsa 2017",
    "et": "SpinalFiberTract",
    "off": 1652,
    "sff": "fiber tract"
  },
  {
    "docID": "N254 Tsa 2017",
    "et": "DeliveryMethod",
    "off": 4825,
    "sff": "delivery"
  },
  {
    "docID": "N254 Tsa 2017",
    "et": "DeliveryMethod",
    "off": 10153,
    "sff": "delivery"
  },
  {
    "docID": "N254 Tsa 2017",
    "et": "SpinalDorsalHalf",
    "off": 40142,
    "sff": "dorsal"
  },
  {
    "docID": "N254 Tsa 2017",
    "et": "SpinalVentralHalf",
    "off": 40339,
    "sff": "ventral"
  },
  {
    "docID": "N254 Tsa 2017",
    "et": "SpinalVentralHalf",
    "off": 40171,
    "sff": "ventral"
  },
  {
    "docID": "N254 Tsa 2017",
    "et": "SpinalCord",
    "off": 35944,
    "sff": "cord"
  },
  {
    "docID": "N254 Tsa 2017",
    "et": "SpinalCord",
    "off": 1511,
    "sff": "cord"
  },
  {
    "docID": "N254 Tsa 2017",
    "et": "SpinalCord",
    "off": 22375,
    "sff": "cord"
  },
  {
    "docID": "N254 Tsa 2017",
    "et": "SpinalCord",
    "off": 34530,
    "sff": "cord"
  },
  {
    "docID": "N254 Tsa 2017",
    "et": "SpinalCord",
    "off": 11374,
    "sff": "cord"
  },
  {
    "docID": "N254 Tsa 2017",
    "et": "SpinalCord",
    "off": 1132,
    "sff": "cord"
  },
  {
    "docID": "N254 Tsa 2017",
    "et": "SpinalCord",
    "off": 37356,
    "sff": "cord"
  },
  {
    "docID": "N254 Tsa 2017",
    "et": "SpinalCord",
    "off": 21481,
    "sff": "cord"
  },
  {
    "docID": "N254 Tsa 2017",
    "et": "SpinalCord",
    "off": 28023,
    "sff": "cord"
  },
  {
    "docID": "N254 Tsa 2017",
    "et": "SpinalCord",
    "off": 19957,
    "sff": "cord"
  },
  {
    "docID": "N254 Tsa 2017",
    "et": "SpinalCord",
    "off": 37492,
    "sff": "cord"
  },
  {
    "docID": "N254 Tsa 2017",
    "et": "SpinalCord",
    "off": 40564,
    "sff": "cord"
  },
  {
    "docID": "N254 Tsa 2017",
    "et": "SpinalCord",
    "off": 371,
    "sff": "cord"
  },
  {
    "docID": "N254 Tsa 2017",
    "et": "SpinalCord",
    "off": 5362,
    "sff": "cord"
  },
  {
    "docID": "N254 Tsa 2017",
    "et": "SpinalCord",
    "off": 22664,
    "sff": "cord"
  },
  {
    "docID": "N254 Tsa 2017",
    "et": "SpinalCord",
    "off": 40194,
    "sff": "cord"
  },
  {
    "docID": "N254 Tsa 2017",
    "et": "SpinalCord",
    "off": 35214,
    "sff": "cord"
  },
  {
    "docID": "N254 Tsa 2017",
    "et": "SpinalCord",
    "off": 141,
    "sff": "cord"
  },
  {
    "docID": "N254 Tsa 2017",
    "et": "SpinalCord",
    "off": 36875,
    "sff": "cord"
  },
  {
    "docID": "N254 Tsa 2017",
    "et": "SpinalCord",
    "off": 27786,
    "sff": "cord"
  },
  {
    "docID": "N254 Tsa 2017",
    "et": "SpinalCord",
    "off": 21784,
    "sff": "cord"
  },
  {
    "docID": "N254 Tsa 2017",
    "et": "SpinalCord",
    "off": 26263,
    "sff": "cord"
  },
  {
    "docID": "N254 Tsa 2017",
    "et": "SpinalCord",
    "off": 20118,
    "sff": "cord"
  },
  {
    "docID": "N254 Tsa 2017",
    "et": "SpinalCord",
    "off": 38038,
    "sff": "cord"
  },
  {
    "docID": "N254 Tsa 2017",
    "et": "SpinalCord",
    "off": 11541,
    "sff": "cord"
  },
  {
    "docID": "N254 Tsa 2017",
    "et": "SpinalCord",
    "off": 19860,
    "sff": "cord"
  },
  {
    "docID": "N254 Tsa 2017",
    "et": "SpinalCord",
    "off": 5265,
    "sff": "cord"
  },
  {
    "docID": "N254 Tsa 2017",
    "et": "SpinalCord",
    "off": 1950,
    "sff": "cord"
  },
  {
    "docID": "N254 Tsa 2017",
    "et": "SpinalCord",
    "off": 20254,
    "sff": "cord"
  },
  {
    "docID": "N254 Tsa 2017",
    "et": "SpinalCord",
    "off": 36509,
    "sff": "cord"
  },
  {
    "docID": "N254 Tsa 2017",
    "et": "SpinalCord",
    "off": 31388,
    "sff": "cord"
  },
  {
    "docID": "N254 Tsa 2017",
    "et": "SpinalCord",
    "off": 27931,
    "sff": "cord"
  },
  {
    "docID": "N254 Tsa 2017",
    "et": "SpinalCord",
    "off": 37275,
    "sff": "cord"
  },
  {
    "docID": "N254 Tsa 2017",
    "et": "SpinalCord",
    "off": 32538,
    "sff": "cord"
  },
  {
    "docID": "N254 Tsa 2017",
    "et": "SpinalCord",
    "off": 41383,
    "sff": "cord"
  },
  {
    "docID": "N254 Tsa 2017",
    "et": "SpinalCord",
    "off": 37921,
    "sff": "cord"
  },
  {
    "docID": "N254 Tsa 2017",
    "et": "SpinalCord",
    "off": 32688,
    "sff": "cord"
  },
  {
    "docID": "N254 Tsa 2017",
    "et": "SpinalCord",
    "off": 29101,
    "sff": "cord"
  },
  {
    "docID": "N254 Tsa 2017",
    "et": "SpinalCord",
    "off": 19244,
    "sff": "cord"
  },
  {
    "docID": "N254 Tsa 2017",
    "et": "SpinalCord",
    "off": 31020,
    "sff": "cord"
  },
  {
    "docID": "N254 Tsa 2017",
    "et": "SpinalCord",
    "off": 11435,
    "sff": "cord"
  },
  {
    "docID": "N254 Tsa 2017",
    "et": "SpinalCord",
    "off": 10931,
    "sff": "cord"
  },
  {
    "docID": "N254 Tsa 2017",
    "et": "SpinalCord",
    "off": 1714,
    "sff": "cord"
  },
  {
    "docID": "N254 Tsa 2017",
    "et": "SpinalCord",
    "off": 2866,
    "sff": "cord"
  },
  {
    "docID": "N254 Tsa 2017",
    "et": "SpinalCord",
    "off": 39602,
    "sff": "cord"
  },
  {
    "docID": "N254 Tsa 2017",
    "et": "SpinalCord",
    "off": 12729,
    "sff": "cord"
  },
  {
    "docID": "N254 Tsa 2017",
    "et": "SpinalCord",
    "off": 40007,
    "sff": "cord"
  },
  {
    "docID": "N254 Tsa 2017",
    "et": "SpinalCord",
    "off": 27078,
    "sff": "cord"
  },
  {
    "docID": "N254 Tsa 2017",
    "et": "SpinalCord",
    "off": 41157,
    "sff": "cord"
  },
  {
    "docID": "N254 Tsa 2017",
    "et": "SpinalCord",
    "off": 40514,
    "sff": "cord"
  },
  {
    "docID": "N254 Tsa 2017",
    "et": "SpinalCord",
    "off": 30927,
    "sff": "cord"
  },
  {
    "docID": "N254 Tsa 2017",
    "et": "SpinalCord",
    "off": 42831,
    "sff": "cord"
  },
  {
    "docID": "N254 Tsa 2017",
    "et": "SpinalCord",
    "off": 7502,
    "sff": "cord"
  },
  {
    "docID": "N254 Tsa 2017",
    "et": "SpinalCord",
    "off": 3020,
    "sff": "cord"
  },
  {
    "docID": "N254 Tsa 2017",
    "et": "SpinalCord",
    "off": 36812,
    "sff": "cord"
  },
  {
    "docID": "N254 Tsa 2017",
    "et": "SpinalCord",
    "off": 37835,
    "sff": "cord"
  },
  {
    "docID": "N254 Tsa 2017",
    "et": "SpinalCord",
    "off": 31064,
    "sff": "cord"
  },
  {
    "docID": "N254 Tsa 2017",
    "et": "SpinalCord",
    "off": 40404,
    "sff": "cord"
  },
  {
    "docID": "N254 Tsa 2017",
    "et": "SpinalCord",
    "off": 40788,
    "sff": "cord"
  },
  {
    "docID": "N254 Tsa 2017",
    "et": "SpinalCord",
    "off": 20947,
    "sff": "cord"
  },
  {
    "docID": "N254 Tsa 2017",
    "et": "SpinalCord",
    "off": 10588,
    "sff": "cord"
  },
  {
    "docID": "N254 Tsa 2017",
    "et": "DorsalColumn",
    "off": 40142,
    "sff": "dorsal"
  },
  {
    "docID": "N254 Tsa 2017",
    "et": "LesionAdjacentTissue",
    "off": 4028,
    "sff": "lesion"
  },
  {
    "docID": "N254 Tsa 2017",
    "et": "LesionAdjacentTissue",
    "off": 20460,
    "sff": "lesion"
  },
  {
    "docID": "N254 Tsa 2017",
    "et": "LesionAdjacentTissue",
    "off": 40732,
    "sff": "lesion"
  },
  {
    "docID": "N254 Tsa 2017",
    "et": "LesionAdjacentTissue",
    "off": 20849,
    "sff": "lesion"
  },
  {
    "docID": "N254 Tsa 2017",
    "et": "LesionAdjacentTissue",
    "off": 36549,
    "sff": "lesion"
  },
  {
    "docID": "N254 Tsa 2017",
    "et": "CentralNervousSystem",
    "off": 31796,
    "sff": "central"
  },
  {
    "docID": "N254 Tsa 2017",
    "et": "CentralNervousSystem",
    "off": 2140,
    "sff": "central"
  },
  {
    "docID": "N254 Tsa 2017",
    "et": "SpinalGrayMatter",
    "off": 22817,
    "sff": "gray matter"
  },
  {
    "docID": "N254 Tsa 2017",
    "et": "SpinalGrayMatter",
    "off": 41128,
    "sff": "gray matter"
  },
  {
    "docID": "N254 Tsa 2017",
    "et": "SpinalGrayMatter",
    "off": 39882,
    "sff": "gray matter"
  },
  {
    "docID": "N254 Tsa 2017",
    "et": "Location",
    "off": 20000,
    "sff": "location"
  },
  {
    "docID": "N254 Tsa 2017",
    "et": "SubstanceApplicationLocation",
    "off": 119,
    "sff": "application"
  },
  {
    "docID": "N254 Tsa 2017",
    "et": "VertebralArea",
    "off": 11275,
    "sff": "vertebral"
  },
  {
    "docID": "N254 Tsa 2017",
    "et": "CorticospinalTract",
    "off": 31295,
    "sff": "corticospinal tract"
  },
  {
    "docID": "N254 Tsa 2017",
    "et": "CorticospinalTract",
    "off": 39631,
    "sff": "corticospinal"
  },
  {
    "docID": "N254 Tsa 2017",
    "et": "CorticospinalTract",
    "off": 39304,
    "sff": "corticospinaltract"
  },
  {
    "docID": "N254 Tsa 2017",
    "et": "SpinalCentralPart",
    "off": 2140,
    "sff": "central"
  },
  {
    "docID": "N254 Tsa 2017",
    "et": "SpinalCentralPart",
    "off": 31796,
    "sff": "central"
  },
  {
    "docID": "N254 Tsa 2017",
    "et": "InjectionDelivery",
    "off": 9234,
    "sff": "injection"
  },
  {
    "docID": "N254 Tsa 2017",
    "et": "InjectionDelivery",
    "off": 12521,
    "sff": "injection"
  },
  {
    "docID": "N254 Tsa 2017",
    "et": "InjectionDelivery",
    "off": 12410,
    "sff": "injection"
  },
  {
    "docID": "N254 Tsa 2017",
    "et": "VertebralSegment",
    "off": 11275,
    "sff": "vertebral"
  },
  {
    "docID": "N254 Tsa 2017",
    "et": "SpinalLesionSite",
    "off": 36549,
    "sff": "lesion"
  },
  {
    "docID": "N254 Tsa 2017",
    "et": "SpinalLesionSite",
    "off": 40732,
    "sff": "lesion site"
  },
  {
    "docID": "N254 Tsa 2017",
    "et": "SpinalLesionSite",
    "off": 20849,
    "sff": "lesion"
  },
  {
    "docID": "N254 Tsa 2017",
    "et": "SpinalLesionSite",
    "off": 4028,
    "sff": "lesion"
  },
  {
    "docID": "N254 Tsa 2017",
    "et": "SpinalLesionSite",
    "off": 20460,
    "sff": "lesion"
  }
]
