[
  {
    "docID": "N131 Boyd 2004",
    "et": "BrainNucleus",
    "off": 26251,
    "sff": "Brain"
  },
  {
    "docID": "N131 Boyd 2004",
    "et": "BrainNucleus",
    "off": 25769,
    "sff": "Brain"
  },
  {
    "docID": "N131 Boyd 2004",
    "et": "BrainNucleus",
    "off": 24026,
    "sff": "Brain"
  },
  {
    "docID": "N131 Boyd 2004",
    "et": "BrainNucleus",
    "off": 24554,
    "sff": "Brain"
  },
  {
    "docID": "N131 Boyd 2004",
    "et": "BrainNucleus",
    "off": 26750,
    "sff": "Brain"
  },
  {
    "docID": "N131 Boyd 2004",
    "et": "BrainNucleus",
    "off": 24643,
    "sff": "Brain"
  },
  {
    "docID": "N131 Boyd 2004",
    "et": "BrainNucleus",
    "off": 26689,
    "sff": "Brain"
  },
  {
    "docID": "N131 Boyd 2004",
    "et": "BrainNucleus",
    "off": 24088,
    "sff": "Brain"
  },
  {
    "docID": "N131 Boyd 2004",
    "et": "BrainNucleus",
    "off": 25957,
    "sff": "Brain"
  },
  {
    "docID": "N131 Boyd 2004",
    "et": "BrainNucleus",
    "off": 28757,
    "sff": "Brain"
  },
  {
    "docID": "N131 Boyd 2004",
    "et": "SpinalSubduralArea",
    "off": 1819,
    "sff": "spinal"
  },
  {
    "docID": "N131 Boyd 2004",
    "et": "SpinalSubduralArea",
    "off": 17121,
    "sff": "spinal"
  },
  {
    "docID": "N131 Boyd 2004",
    "et": "SpinalSubduralArea",
    "off": 17941,
    "sff": "spinal"
  },
  {
    "docID": "N131 Boyd 2004",
    "et": "SpinalSubduralArea",
    "off": 10010,
    "sff": "spinal"
  },
  {
    "docID": "N131 Boyd 2004",
    "et": "SpinalSubduralArea",
    "off": 28059,
    "sff": "Spinal"
  },
  {
    "docID": "N131 Boyd 2004",
    "et": "SpinalSubduralArea",
    "off": 5004,
    "sff": "spinal"
  },
  {
    "docID": "N131 Boyd 2004",
    "et": "SpinalSubduralArea",
    "off": 11020,
    "sff": "spinal"
  },
  {
    "docID": "N131 Boyd 2004",
    "et": "SpinalSubduralArea",
    "off": 15506,
    "sff": "spinal"
  },
  {
    "docID": "N131 Boyd 2004",
    "et": "SpinalSubduralArea",
    "off": 19602,
    "sff": "spinal"
  },
  {
    "docID": "N131 Boyd 2004",
    "et": "SpinalSubduralArea",
    "off": 9551,
    "sff": "spinal"
  },
  {
    "docID": "N131 Boyd 2004",
    "et": "SpinalSubduralArea",
    "off": 9288,
    "sff": "spinal"
  },
  {
    "docID": "N131 Boyd 2004",
    "et": "SpinalSubduralArea",
    "off": 18568,
    "sff": "spinal"
  },
  {
    "docID": "N131 Boyd 2004",
    "et": "SpinalSubduralArea",
    "off": 892,
    "sff": "spinal"
  },
  {
    "docID": "N131 Boyd 2004",
    "et": "SpinalSubduralArea",
    "off": 123,
    "sff": "spinal"
  },
  {
    "docID": "N131 Boyd 2004",
    "et": "SpinalSubduralArea",
    "off": 10817,
    "sff": "spinal"
  },
  {
    "docID": "N131 Boyd 2004",
    "et": "SpinalSubduralArea",
    "off": 20673,
    "sff": "spinal"
  },
  {
    "docID": "N131 Boyd 2004",
    "et": "SpinalSubduralArea",
    "off": 2752,
    "sff": "spinal"
  },
  {
    "docID": "N131 Boyd 2004",
    "et": "SpinalSubduralArea",
    "off": 15936,
    "sff": "spinal"
  },
  {
    "docID": "N131 Boyd 2004",
    "et": "SpinalSubduralArea",
    "off": 694,
    "sff": "spinal"
  },
  {
    "docID": "N131 Boyd 2004",
    "et": "SpinalSubduralArea",
    "off": 4086,
    "sff": "spinal"
  },
  {
    "docID": "N131 Boyd 2004",
    "et": "SpinalSubduralArea",
    "off": 813,
    "sff": "spinal"
  },
  {
    "docID": "N131 Boyd 2004",
    "et": "SpinalSubduralArea",
    "off": 1901,
    "sff": "spinal"
  },
  {
    "docID": "N131 Boyd 2004",
    "et": "SpinalSubduralArea",
    "off": 4525,
    "sff": "spinal"
  },
  {
    "docID": "N131 Boyd 2004",
    "et": "SpinalSubduralArea",
    "off": 11244,
    "sff": "spinal"
  },
  {
    "docID": "N131 Boyd 2004",
    "et": "SpinalSubduralArea",
    "off": 20779,
    "sff": "spinal"
  },
  {
    "docID": "N131 Boyd 2004",
    "et": "SpinalSubduralArea",
    "off": 20143,
    "sff": "spinal"
  },
  {
    "docID": "N131 Boyd 2004",
    "et": "SpinalSubduralArea",
    "off": 3242,
    "sff": "spinal"
  },
  {
    "docID": "N131 Boyd 2004",
    "et": "Intraspinal",
    "off": 7458,
    "sff": "intraspinal"
  },
  {
    "docID": "N131 Boyd 2004",
    "et": "Intraspinal",
    "off": 16021,
    "sff": "intraspinal"
  },
  {
    "docID": "N131 Boyd 2004",
    "et": "Intraspinal",
    "off": 7318,
    "sff": "intraspinal"
  },
  {
    "docID": "N131 Boyd 2004",
    "et": "Intraspinal",
    "off": 4265,
    "sff": "intraspinal"
  },
  {
    "docID": "N131 Boyd 2004",
    "et": "Intraspinal",
    "off": 2571,
    "sff": "intraspinal"
  },
  {
    "docID": "N131 Boyd 2004",
    "et": "Intraspinal",
    "off": 3498,
    "sff": "intraspinal"
  },
  {
    "docID": "N131 Boyd 2004",
    "et": "Intraspinal",
    "off": 7018,
    "sff": "intraspinal"
  },
  {
    "docID": "N131 Boyd 2004",
    "et": "Intraspinal",
    "off": 14970,
    "sff": "intraspinal"
  },
  {
    "docID": "N131 Boyd 2004",
    "et": "Intraspinal",
    "off": 21500,
    "sff": "intraspinal"
  },
  {
    "docID": "N131 Boyd 2004",
    "et": "Intraspinal",
    "off": 22479,
    "sff": "intraspinal"
  },
  {
    "docID": "N131 Boyd 2004",
    "et": "Intraspinal",
    "off": 9825,
    "sff": "intraspinal"
  },
  {
    "docID": "N131 Boyd 2004",
    "et": "CentralCanal",
    "off": 4427,
    "sff": "central"
  },
  {
    "docID": "N131 Boyd 2004",
    "et": "CentralCanal",
    "off": 19906,
    "sff": "central"
  },
  {
    "docID": "N131 Boyd 2004",
    "et": "CentralCanal",
    "off": 22668,
    "sff": "central"
  },
  {
    "docID": "N131 Boyd 2004",
    "et": "CentralCanal",
    "off": 21614,
    "sff": "central"
  },
  {
    "docID": "N131 Boyd 2004",
    "et": "CentralCanal",
    "off": 19399,
    "sff": "central"
  },
  {
    "docID": "N131 Boyd 2004",
    "et": "CentralCanal",
    "off": 15203,
    "sff": "central"
  },
  {
    "docID": "N131 Boyd 2004",
    "et": "CentralCanal",
    "off": 28179,
    "sff": "Central"
  },
  {
    "docID": "N131 Boyd 2004",
    "et": "SpinalFiberTract",
    "off": 9288,
    "sff": "spinal"
  },
  {
    "docID": "N131 Boyd 2004",
    "et": "SpinalFiberTract",
    "off": 18568,
    "sff": "spinal"
  },
  {
    "docID": "N131 Boyd 2004",
    "et": "SpinalFiberTract",
    "off": 9551,
    "sff": "spinal"
  },
  {
    "docID": "N131 Boyd 2004",
    "et": "SpinalFiberTract",
    "off": 11020,
    "sff": "spinal"
  },
  {
    "docID": "N131 Boyd 2004",
    "et": "SpinalFiberTract",
    "off": 5004,
    "sff": "spinal"
  },
  {
    "docID": "N131 Boyd 2004",
    "et": "SpinalFiberTract",
    "off": 694,
    "sff": "spinal"
  },
  {
    "docID": "N131 Boyd 2004",
    "et": "SpinalFiberTract",
    "off": 4086,
    "sff": "spinal"
  },
  {
    "docID": "N131 Boyd 2004",
    "et": "SpinalFiberTract",
    "off": 15936,
    "sff": "spinal"
  },
  {
    "docID": "N131 Boyd 2004",
    "et": "SpinalFiberTract",
    "off": 10817,
    "sff": "spinal"
  },
  {
    "docID": "N131 Boyd 2004",
    "et": "SpinalFiberTract",
    "off": 20673,
    "sff": "spinal"
  },
  {
    "docID": "N131 Boyd 2004",
    "et": "SpinalFiberTract",
    "off": 2752,
    "sff": "spinal"
  },
  {
    "docID": "N131 Boyd 2004",
    "et": "SpinalFiberTract",
    "off": 123,
    "sff": "spinal"
  },
  {
    "docID": "N131 Boyd 2004",
    "et": "SpinalFiberTract",
    "off": 892,
    "sff": "spinal"
  },
  {
    "docID": "N131 Boyd 2004",
    "et": "SpinalFiberTract",
    "off": 20143,
    "sff": "spinal"
  },
  {
    "docID": "N131 Boyd 2004",
    "et": "SpinalFiberTract",
    "off": 11244,
    "sff": "spinal"
  },
  {
    "docID": "N131 Boyd 2004",
    "et": "SpinalFiberTract",
    "off": 3242,
    "sff": "spinal"
  },
  {
    "docID": "N131 Boyd 2004",
    "et": "SpinalFiberTract",
    "off": 813,
    "sff": "spinal"
  },
  {
    "docID": "N131 Boyd 2004",
    "et": "SpinalFiberTract",
    "off": 1901,
    "sff": "spinal"
  },
  {
    "docID": "N131 Boyd 2004",
    "et": "SpinalFiberTract",
    "off": 4525,
    "sff": "spinal"
  },
  {
    "docID": "N131 Boyd 2004",
    "et": "SpinalFiberTract",
    "off": 20779,
    "sff": "spinal"
  },
  {
    "docID": "N131 Boyd 2004",
    "et": "SpinalFiberTract",
    "off": 17941,
    "sff": "spinal"
  },
  {
    "docID": "N131 Boyd 2004",
    "et": "SpinalFiberTract",
    "off": 15506,
    "sff": "spinal"
  },
  {
    "docID": "N131 Boyd 2004",
    "et": "SpinalFiberTract",
    "off": 19602,
    "sff": "spinal"
  },
  {
    "docID": "N131 Boyd 2004",
    "et": "SpinalFiberTract",
    "off": 17121,
    "sff": "spinal"
  },
  {
    "docID": "N131 Boyd 2004",
    "et": "SpinalFiberTract",
    "off": 28059,
    "sff": "Spinal"
  },
  {
    "docID": "N131 Boyd 2004",
    "et": "SpinalFiberTract",
    "off": 1819,
    "sff": "spinal"
  },
  {
    "docID": "N131 Boyd 2004",
    "et": "SpinalFiberTract",
    "off": 10010,
    "sff": "spinal"
  },
  {
    "docID": "N131 Boyd 2004",
    "et": "SpinalVentralHalf",
    "off": 694,
    "sff": "spinal"
  },
  {
    "docID": "N131 Boyd 2004",
    "et": "SpinalVentralHalf",
    "off": 4086,
    "sff": "spinal"
  },
  {
    "docID": "N131 Boyd 2004",
    "et": "SpinalVentralHalf",
    "off": 20143,
    "sff": "spinal"
  },
  {
    "docID": "N131 Boyd 2004",
    "et": "SpinalVentralHalf",
    "off": 813,
    "sff": "spinal"
  },
  {
    "docID": "N131 Boyd 2004",
    "et": "SpinalVentralHalf",
    "off": 1901,
    "sff": "spinal"
  },
  {
    "docID": "N131 Boyd 2004",
    "et": "SpinalVentralHalf",
    "off": 4525,
    "sff": "spinal"
  },
  {
    "docID": "N131 Boyd 2004",
    "et": "SpinalVentralHalf",
    "off": 20779,
    "sff": "spinal"
  },
  {
    "docID": "N131 Boyd 2004",
    "et": "SpinalVentralHalf",
    "off": 11244,
    "sff": "spinal"
  },
  {
    "docID": "N131 Boyd 2004",
    "et": "SpinalVentralHalf",
    "off": 9288,
    "sff": "spinal"
  },
  {
    "docID": "N131 Boyd 2004",
    "et": "SpinalVentralHalf",
    "off": 18568,
    "sff": "spinal"
  },
  {
    "docID": "N131 Boyd 2004",
    "et": "SpinalVentralHalf",
    "off": 10817,
    "sff": "spinal"
  },
  {
    "docID": "N131 Boyd 2004",
    "et": "SpinalVentralHalf",
    "off": 20673,
    "sff": "spinal"
  },
  {
    "docID": "N131 Boyd 2004",
    "et": "SpinalVentralHalf",
    "off": 2752,
    "sff": "spinal"
  },
  {
    "docID": "N131 Boyd 2004",
    "et": "SpinalVentralHalf",
    "off": 15936,
    "sff": "spinal"
  },
  {
    "docID": "N131 Boyd 2004",
    "et": "SpinalVentralHalf",
    "off": 123,
    "sff": "spinal"
  },
  {
    "docID": "N131 Boyd 2004",
    "et": "SpinalVentralHalf",
    "off": 892,
    "sff": "spinal"
  },
  {
    "docID": "N131 Boyd 2004",
    "et": "SpinalVentralHalf",
    "off": 10010,
    "sff": "spinal"
  },
  {
    "docID": "N131 Boyd 2004",
    "et": "SpinalVentralHalf",
    "off": 17941,
    "sff": "spinal"
  },
  {
    "docID": "N131 Boyd 2004",
    "et": "SpinalVentralHalf",
    "off": 15506,
    "sff": "spinal"
  },
  {
    "docID": "N131 Boyd 2004",
    "et": "SpinalVentralHalf",
    "off": 19602,
    "sff": "spinal"
  },
  {
    "docID": "N131 Boyd 2004",
    "et": "SpinalVentralHalf",
    "off": 9551,
    "sff": "spinal"
  },
  {
    "docID": "N131 Boyd 2004",
    "et": "SpinalVentralHalf",
    "off": 5004,
    "sff": "spinal"
  },
  {
    "docID": "N131 Boyd 2004",
    "et": "SpinalVentralHalf",
    "off": 11020,
    "sff": "spinal"
  },
  {
    "docID": "N131 Boyd 2004",
    "et": "SpinalVentralHalf",
    "off": 3242,
    "sff": "spinal"
  },
  {
    "docID": "N131 Boyd 2004",
    "et": "SpinalVentralHalf",
    "off": 17121,
    "sff": "spinal"
  },
  {
    "docID": "N131 Boyd 2004",
    "et": "SpinalVentralHalf",
    "off": 28059,
    "sff": "Spinal"
  },
  {
    "docID": "N131 Boyd 2004",
    "et": "SpinalVentralHalf",
    "off": 1819,
    "sff": "spinal"
  },
  {
    "docID": "N131 Boyd 2004",
    "et": "TissueSparingTest",
    "off": 6424,
    "sff": "Tissue"
  },
  {
    "docID": "N131 Boyd 2004",
    "et": "TissueSparingTest",
    "off": 6584,
    "sff": "Tissue"
  },
  {
    "docID": "N131 Boyd 2004",
    "et": "TissueSparingTest",
    "off": 5647,
    "sff": "tissue sparing"
  },
  {
    "docID": "N131 Boyd 2004",
    "et": "DorsalColumn",
    "off": 17211,
    "sff": "dorsal"
  },
  {
    "docID": "N131 Boyd 2004",
    "et": "DorsalColumn",
    "off": 20497,
    "sff": "dorsal"
  },
  {
    "docID": "N131 Boyd 2004",
    "et": "DorsalColumn",
    "off": 17762,
    "sff": "dorsal"
  },
  {
    "docID": "N131 Boyd 2004",
    "et": "SpinalFiber",
    "off": 10010,
    "sff": "spinal"
  },
  {
    "docID": "N131 Boyd 2004",
    "et": "SpinalFiber",
    "off": 1819,
    "sff": "spinal"
  },
  {
    "docID": "N131 Boyd 2004",
    "et": "SpinalFiber",
    "off": 28059,
    "sff": "Spinal"
  },
  {
    "docID": "N131 Boyd 2004",
    "et": "SpinalFiber",
    "off": 17941,
    "sff": "spinal"
  },
  {
    "docID": "N131 Boyd 2004",
    "et": "SpinalFiber",
    "off": 15506,
    "sff": "spinal"
  },
  {
    "docID": "N131 Boyd 2004",
    "et": "SpinalFiber",
    "off": 19602,
    "sff": "spinal"
  },
  {
    "docID": "N131 Boyd 2004",
    "et": "SpinalFiber",
    "off": 9551,
    "sff": "spinal"
  },
  {
    "docID": "N131 Boyd 2004",
    "et": "SpinalFiber",
    "off": 5004,
    "sff": "spinal"
  },
  {
    "docID": "N131 Boyd 2004",
    "et": "SpinalFiber",
    "off": 11020,
    "sff": "spinal"
  },
  {
    "docID": "N131 Boyd 2004",
    "et": "SpinalFiber",
    "off": 9288,
    "sff": "spinal"
  },
  {
    "docID": "N131 Boyd 2004",
    "et": "SpinalFiber",
    "off": 18568,
    "sff": "spinal"
  },
  {
    "docID": "N131 Boyd 2004",
    "et": "SpinalFiber",
    "off": 2752,
    "sff": "spinal"
  },
  {
    "docID": "N131 Boyd 2004",
    "et": "SpinalFiber",
    "off": 15936,
    "sff": "spinal"
  },
  {
    "docID": "N131 Boyd 2004",
    "et": "SpinalFiber",
    "off": 10817,
    "sff": "spinal"
  },
  {
    "docID": "N131 Boyd 2004",
    "et": "SpinalFiber",
    "off": 20673,
    "sff": "spinal"
  },
  {
    "docID": "N131 Boyd 2004",
    "et": "SpinalFiber",
    "off": 892,
    "sff": "spinal"
  },
  {
    "docID": "N131 Boyd 2004",
    "et": "SpinalFiber",
    "off": 123,
    "sff": "spinal"
  },
  {
    "docID": "N131 Boyd 2004",
    "et": "SpinalFiber",
    "off": 694,
    "sff": "spinal"
  },
  {
    "docID": "N131 Boyd 2004",
    "et": "SpinalFiber",
    "off": 4086,
    "sff": "spinal"
  },
  {
    "docID": "N131 Boyd 2004",
    "et": "SpinalFiber",
    "off": 20143,
    "sff": "spinal"
  },
  {
    "docID": "N131 Boyd 2004",
    "et": "SpinalFiber",
    "off": 11244,
    "sff": "spinal"
  },
  {
    "docID": "N131 Boyd 2004",
    "et": "SpinalFiber",
    "off": 813,
    "sff": "spinal"
  },
  {
    "docID": "N131 Boyd 2004",
    "et": "SpinalFiber",
    "off": 1901,
    "sff": "spinal"
  },
  {
    "docID": "N131 Boyd 2004",
    "et": "SpinalFiber",
    "off": 4525,
    "sff": "spinal"
  },
  {
    "docID": "N131 Boyd 2004",
    "et": "SpinalFiber",
    "off": 3242,
    "sff": "spinal"
  },
  {
    "docID": "N131 Boyd 2004",
    "et": "SpinalFiber",
    "off": 20779,
    "sff": "spinal"
  },
  {
    "docID": "N131 Boyd 2004",
    "et": "SpinalFiber",
    "off": 17121,
    "sff": "spinal"
  },
  {
    "docID": "N131 Boyd 2004",
    "et": "MotorReflexTest",
    "off": 10579,
    "sff": "motor"
  },
  {
    "docID": "N131 Boyd 2004",
    "et": "SurvivalObservation",
    "off": 3567,
    "sff": "survival"
  },
  {
    "docID": "N131 Boyd 2004",
    "et": "InfectionExamination",
    "off": 5323,
    "sff": "Infection"
  },
  {
    "docID": "N131 Boyd 2004",
    "et": "InfectionExamination",
    "off": 16323,
    "sff": "infection"
  },
  {
    "docID": "N131 Boyd 2004",
    "et": "InfectionExamination",
    "off": 16382,
    "sff": "infection"
  },
  {
    "docID": "N131 Boyd 2004",
    "et": "Left",
    "off": 5020,
    "sff": "left"
  },
  {
    "docID": "N131 Boyd 2004",
    "et": "GeneExpressionAnalysis",
    "off": 4056,
    "sff": "gene"
  },
  {
    "docID": "N131 Boyd 2004",
    "et": "GeneExpressionAnalysis",
    "off": 20960,
    "sff": "expression"
  },
  {
    "docID": "N131 Boyd 2004",
    "et": "GeneExpressionAnalysis",
    "off": 21120,
    "sff": "expression"
  },
  {
    "docID": "N131 Boyd 2004",
    "et": "GeneExpressionAnalysis",
    "off": 20811,
    "sff": "expression"
  },
  {
    "docID": "N131 Boyd 2004",
    "et": "GeneExpressionAnalysis",
    "off": 1400,
    "sff": "expression"
  },
  {
    "docID": "N131 Boyd 2004",
    "et": "GeneExpressionAnalysis",
    "off": 11429,
    "sff": "Expression"
  },
  {
    "docID": "N131 Boyd 2004",
    "et": "GeneExpressionAnalysis",
    "off": 11365,
    "sff": "gene"
  },
  {
    "docID": "N131 Boyd 2004",
    "et": "GeneExpressionAnalysis",
    "off": 26477,
    "sff": "Gene"
  },
  {
    "docID": "N131 Boyd 2004",
    "et": "AxonalRegenerationTest",
    "off": 2886,
    "sff": "axonal regeneration"
  },
  {
    "docID": "N131 Boyd 2004",
    "et": "AxonalRegenerationTest",
    "off": 15400,
    "sff": "axonal regeneration"
  },
  {
    "docID": "N131 Boyd 2004",
    "et": "AxonalRegenerationTest",
    "off": 28152,
    "sff": "Axonal Regeneration"
  },
  {
    "docID": "N131 Boyd 2004",
    "et": "SubstanceApplicationLocation",
    "off": 10347,
    "sff": "substance"
  },
  {
    "docID": "N131 Boyd 2004",
    "et": "ProteinLevelAnalysis",
    "off": 9661,
    "sff": "protein"
  },
  {
    "docID": "N131 Boyd 2004",
    "et": "ProteinLevelAnalysis",
    "off": 13141,
    "sff": "level"
  },
  {
    "docID": "N131 Boyd 2004",
    "et": "ProteinLevelAnalysis",
    "off": 14912,
    "sff": "level"
  },
  {
    "docID": "N131 Boyd 2004",
    "et": "ProteinLevelAnalysis",
    "off": 879,
    "sff": "level"
  },
  {
    "docID": "N131 Boyd 2004",
    "et": "ProteinLevelAnalysis",
    "off": 1298,
    "sff": "level"
  },
  {
    "docID": "N131 Boyd 2004",
    "et": "ProteinLevelAnalysis",
    "off": 20838,
    "sff": "protein"
  },
  {
    "docID": "N131 Boyd 2004",
    "et": "ProteinLevelAnalysis",
    "off": 15051,
    "sff": "level"
  },
  {
    "docID": "N131 Boyd 2004",
    "et": "SpinalLesionSite",
    "off": 17941,
    "sff": "spinal"
  },
  {
    "docID": "N131 Boyd 2004",
    "et": "SpinalLesionSite",
    "off": 19602,
    "sff": "spinal"
  },
  {
    "docID": "N131 Boyd 2004",
    "et": "SpinalLesionSite",
    "off": 15506,
    "sff": "spinal"
  },
  {
    "docID": "N131 Boyd 2004",
    "et": "SpinalLesionSite",
    "off": 9551,
    "sff": "spinal"
  },
  {
    "docID": "N131 Boyd 2004",
    "et": "SpinalLesionSite",
    "off": 1819,
    "sff": "spinal"
  },
  {
    "docID": "N131 Boyd 2004",
    "et": "SpinalLesionSite",
    "off": 10010,
    "sff": "spinal"
  },
  {
    "docID": "N131 Boyd 2004",
    "et": "SpinalLesionSite",
    "off": 28059,
    "sff": "Spinal"
  },
  {
    "docID": "N131 Boyd 2004",
    "et": "SpinalLesionSite",
    "off": 10817,
    "sff": "spinal"
  },
  {
    "docID": "N131 Boyd 2004",
    "et": "SpinalLesionSite",
    "off": 20673,
    "sff": "spinal"
  },
  {
    "docID": "N131 Boyd 2004",
    "et": "SpinalLesionSite",
    "off": 2752,
    "sff": "spinal"
  },
  {
    "docID": "N131 Boyd 2004",
    "et": "SpinalLesionSite",
    "off": 15936,
    "sff": "spinal"
  },
  {
    "docID": "N131 Boyd 2004",
    "et": "SpinalLesionSite",
    "off": 5004,
    "sff": "spinal"
  },
  {
    "docID": "N131 Boyd 2004",
    "et": "SpinalLesionSite",
    "off": 11020,
    "sff": "spinal"
  },
  {
    "docID": "N131 Boyd 2004",
    "et": "SpinalLesionSite",
    "off": 18568,
    "sff": "spinal"
  },
  {
    "docID": "N131 Boyd 2004",
    "et": "SpinalLesionSite",
    "off": 9288,
    "sff": "spinal"
  },
  {
    "docID": "N131 Boyd 2004",
    "et": "SpinalLesionSite",
    "off": 694,
    "sff": "spinal"
  },
  {
    "docID": "N131 Boyd 2004",
    "et": "SpinalLesionSite",
    "off": 4086,
    "sff": "spinal"
  },
  {
    "docID": "N131 Boyd 2004",
    "et": "SpinalLesionSite",
    "off": 20143,
    "sff": "spinal"
  },
  {
    "docID": "N131 Boyd 2004",
    "et": "SpinalLesionSite",
    "off": 123,
    "sff": "spinal"
  },
  {
    "docID": "N131 Boyd 2004",
    "et": "SpinalLesionSite",
    "off": 892,
    "sff": "spinal"
  },
  {
    "docID": "N131 Boyd 2004",
    "et": "SpinalLesionSite",
    "off": 17121,
    "sff": "spinal"
  },
  {
    "docID": "N131 Boyd 2004",
    "et": "SpinalLesionSite",
    "off": 813,
    "sff": "spinal"
  },
  {
    "docID": "N131 Boyd 2004",
    "et": "SpinalLesionSite",
    "off": 1901,
    "sff": "spinal"
  },
  {
    "docID": "N131 Boyd 2004",
    "et": "SpinalLesionSite",
    "off": 4525,
    "sff": "spinal"
  },
  {
    "docID": "N131 Boyd 2004",
    "et": "SpinalLesionSite",
    "off": 11244,
    "sff": "spinal"
  },
  {
    "docID": "N131 Boyd 2004",
    "et": "SpinalLesionSite",
    "off": 20779,
    "sff": "spinal"
  },
  {
    "docID": "N131 Boyd 2004",
    "et": "SpinalLesionSite",
    "off": 3242,
    "sff": "spinal"
  },
  {
    "docID": "N131 Boyd 2004",
    "et": "SchwannCellChangesTest",
    "off": 8922,
    "sff": "Schwann"
  },
  {
    "docID": "N131 Boyd 2004",
    "et": "SchwannCellChangesTest",
    "off": 14660,
    "sff": "cell"
  },
  {
    "docID": "N131 Boyd 2004",
    "et": "SchwannCellChangesTest",
    "off": 8220,
    "sff": "Schwann"
  },
  {
    "docID": "N131 Boyd 2004",
    "et": "SchwannCellChangesTest",
    "off": 324,
    "sff": "Cell"
  },
  {
    "docID": "N131 Boyd 2004",
    "et": "SchwannCellChangesTest",
    "off": 1373,
    "sff": "Schwann"
  },
  {
    "docID": "N131 Boyd 2004",
    "et": "SchwannCellChangesTest",
    "off": 3394,
    "sff": "Cell"
  },
  {
    "docID": "N131 Boyd 2004",
    "et": "SchwannCellChangesTest",
    "off": 8991,
    "sff": "Schwann"
  },
  {
    "docID": "N131 Boyd 2004",
    "et": "SchwannCellChangesTest",
    "off": 21151,
    "sff": "Schwann"
  },
  {
    "docID": "N131 Boyd 2004",
    "et": "SchwannCellChangesTest",
    "off": 22367,
    "sff": "Schwann"
  },
  {
    "docID": "N131 Boyd 2004",
    "et": "SchwannCellChangesTest",
    "off": 1636,
    "sff": "Schwann"
  },
  {
    "docID": "N131 Boyd 2004",
    "et": "SchwannCellChangesTest",
    "off": 19817,
    "sff": "Schwann"
  },
  {
    "docID": "N131 Boyd 2004",
    "et": "SchwannCellChangesTest",
    "off": 8427,
    "sff": "Schwann"
  },
  {
    "docID": "N131 Boyd 2004",
    "et": "SchwannCellChangesTest",
    "off": 14805,
    "sff": "cell"
  },
  {
    "docID": "N131 Boyd 2004",
    "et": "SchwannCellChangesTest",
    "off": 10995,
    "sff": "Schwann"
  },
  {
    "docID": "N131 Boyd 2004",
    "et": "SchwannCellChangesTest",
    "off": 19380,
    "sff": "Schwann"
  },
  {
    "docID": "N131 Boyd 2004",
    "et": "SchwannCellChangesTest",
    "off": 7990,
    "sff": "Schwann"
  },
  {
    "docID": "N131 Boyd 2004",
    "et": "SchwannCellChangesTest",
    "off": 17910,
    "sff": "Schwann"
  },
  {
    "docID": "N131 Boyd 2004",
    "et": "SchwannCellChangesTest",
    "off": 8823,
    "sff": "Schwann"
  },
  {
    "docID": "N131 Boyd 2004",
    "et": "SchwannCellChangesTest",
    "off": 11086,
    "sff": "cell"
  },
  {
    "docID": "N131 Boyd 2004",
    "et": "SchwannCellChangesTest",
    "off": 14520,
    "sff": "Schwann"
  },
  {
    "docID": "N131 Boyd 2004",
    "et": "SchwannCellChangesTest",
    "off": 22649,
    "sff": "Schwann"
  },
  {
    "docID": "N131 Boyd 2004",
    "et": "SchwannCellChangesTest",
    "off": 16955,
    "sff": "Schwann"
  },
  {
    "docID": "N131 Boyd 2004",
    "et": "SchwannCellChangesTest",
    "off": 229,
    "sff": "Cell"
  },
  {
    "docID": "N131 Boyd 2004",
    "et": "SchwannCellChangesTest",
    "off": 27877,
    "sff": "Cell"
  },
  {
    "docID": "N131 Boyd 2004",
    "et": "SchwannCellChangesTest",
    "off": 22166,
    "sff": "Schwann cell"
  },
  {
    "docID": "N131 Boyd 2004",
    "et": "SchwannCellChangesTest",
    "off": 10880,
    "sff": "Schwann"
  },
  {
    "docID": "N131 Boyd 2004",
    "et": "SchwannCellChangesTest",
    "off": 21926,
    "sff": "cell"
  },
  {
    "docID": "N131 Boyd 2004",
    "et": "SchwannCellChangesTest",
    "off": 22272,
    "sff": "Schwann"
  },
  {
    "docID": "N131 Boyd 2004",
    "et": "SchwannCellChangesTest",
    "off": 2075,
    "sff": "cell"
  },
  {
    "docID": "N131 Boyd 2004",
    "et": "SchwannCellChangesTest",
    "off": 21441,
    "sff": "Schwann"
  },
  {
    "docID": "N131 Boyd 2004",
    "et": "SchwannCellChangesTest",
    "off": 8194,
    "sff": "Schwann"
  },
  {
    "docID": "N131 Boyd 2004",
    "et": "SchwannCellChangesTest",
    "off": 21785,
    "sff": "cell"
  },
  {
    "docID": "N131 Boyd 2004",
    "et": "SchwannCellChangesTest",
    "off": 18758,
    "sff": "Schwann"
  },
  {
    "docID": "N131 Boyd 2004",
    "et": "SchwannCellChangesTest",
    "off": 1479,
    "sff": "Schwann"
  },
  {
    "docID": "N131 Boyd 2004",
    "et": "SchwannCellChangesTest",
    "off": 14344,
    "sff": "Schwann"
  },
  {
    "docID": "N131 Boyd 2004",
    "et": "SchwannCellChangesTest",
    "off": 21002,
    "sff": "Schwann"
  },
  {
    "docID": "N131 Boyd 2004",
    "et": "SchwannCellChangesTest",
    "off": 3153,
    "sff": "Schwann"
  },
  {
    "docID": "N131 Boyd 2004",
    "et": "SchwannCellChangesTest",
    "off": 21311,
    "sff": "Schwann cell"
  },
  {
    "docID": "N131 Boyd 2004",
    "et": "SchwannCellChangesTest",
    "off": 22418,
    "sff": "Schwann"
  },
  {
    "docID": "N131 Boyd 2004",
    "et": "SchwannCellChangesTest",
    "off": 10707,
    "sff": "Schwann"
  },
  {
    "docID": "N131 Boyd 2004",
    "et": "SchwannCellChangesTest",
    "off": 13912,
    "sff": "Schwann"
  },
  {
    "docID": "N131 Boyd 2004",
    "et": "MotorNeurons",
    "off": 10579,
    "sff": "motor"
  },
  {
    "docID": "N131 Boyd 2004",
    "et": "FunctionalTest",
    "off": 1793,
    "sff": "functional"
  },
  {
    "docID": "N131 Boyd 2004",
    "et": "FunctionalTest",
    "off": 15440,
    "sff": "functional"
  },
  {
    "docID": "N131 Boyd 2004",
    "et": "FunctionalTest",
    "off": 668,
    "sff": "functional"
  },
  {
    "docID": "N131 Boyd 2004",
    "et": "FunctionalTest",
    "off": 2620,
    "sff": "functional"
  },
  {
    "docID": "N131 Boyd 2004",
    "et": "MyelinationTest",
    "off": 19891,
    "sff": "myelination"
  },
  {
    "docID": "N131 Boyd 2004",
    "et": "MyelinationTest",
    "off": 1776,
    "sff": "myelination"
  },
  {
    "docID": "N131 Boyd 2004",
    "et": "MyelinationTest",
    "off": 17296,
    "sff": "myelination"
  },
  {
    "docID": "N131 Boyd 2004",
    "et": "SpinalCord",
    "off": 11244,
    "sff": "spinal cord"
  },
  {
    "docID": "N131 Boyd 2004",
    "et": "SpinalCord",
    "off": 813,
    "sff": "spinal cord"
  },
  {
    "docID": "N131 Boyd 2004",
    "et": "SpinalCord",
    "off": 1901,
    "sff": "spinal cord"
  },
  {
    "docID": "N131 Boyd 2004",
    "et": "SpinalCord",
    "off": 4525,
    "sff": "spinal cord"
  },
  {
    "docID": "N131 Boyd 2004",
    "et": "SpinalCord",
    "off": 20143,
    "sff": "spinal cord"
  },
  {
    "docID": "N131 Boyd 2004",
    "et": "SpinalCord",
    "off": 9551,
    "sff": "spinal"
  },
  {
    "docID": "N131 Boyd 2004",
    "et": "SpinalCord",
    "off": 3242,
    "sff": "spinal cord"
  },
  {
    "docID": "N131 Boyd 2004",
    "et": "SpinalCord",
    "off": 20779,
    "sff": "spinal cord"
  },
  {
    "docID": "N131 Boyd 2004",
    "et": "SpinalCord",
    "off": 892,
    "sff": "spinal cord"
  },
  {
    "docID": "N131 Boyd 2004",
    "et": "SpinalCord",
    "off": 2752,
    "sff": "spinal cord"
  },
  {
    "docID": "N131 Boyd 2004",
    "et": "SpinalCord",
    "off": 15936,
    "sff": "spinal cord"
  },
  {
    "docID": "N131 Boyd 2004",
    "et": "SpinalCord",
    "off": 10817,
    "sff": "spinal cord"
  },
  {
    "docID": "N131 Boyd 2004",
    "et": "SpinalCord",
    "off": 20673,
    "sff": "spinal cord"
  },
  {
    "docID": "N131 Boyd 2004",
    "et": "SpinalCord",
    "off": 694,
    "sff": "spinal cord"
  },
  {
    "docID": "N131 Boyd 2004",
    "et": "SpinalCord",
    "off": 4086,
    "sff": "spinal cord"
  },
  {
    "docID": "N131 Boyd 2004",
    "et": "SpinalCord",
    "off": 123,
    "sff": "spinal cord"
  },
  {
    "docID": "N131 Boyd 2004",
    "et": "SpinalCord",
    "off": 5004,
    "sff": "spinal cord"
  },
  {
    "docID": "N131 Boyd 2004",
    "et": "SpinalCord",
    "off": 11020,
    "sff": "spinal cord"
  },
  {
    "docID": "N131 Boyd 2004",
    "et": "SpinalCord",
    "off": 15506,
    "sff": "spinal cord"
  },
  {
    "docID": "N131 Boyd 2004",
    "et": "SpinalCord",
    "off": 19602,
    "sff": "spinal cord"
  },
  {
    "docID": "N131 Boyd 2004",
    "et": "SpinalCord",
    "off": 9288,
    "sff": "spinal cord"
  },
  {
    "docID": "N131 Boyd 2004",
    "et": "SpinalCord",
    "off": 18568,
    "sff": "spinal cord"
  },
  {
    "docID": "N131 Boyd 2004",
    "et": "SpinalCord",
    "off": 17121,
    "sff": "spinal cord"
  },
  {
    "docID": "N131 Boyd 2004",
    "et": "SpinalCord",
    "off": 17941,
    "sff": "spinal cord"
  },
  {
    "docID": "N131 Boyd 2004",
    "et": "SpinalCord",
    "off": 28059,
    "sff": "Spinal Cord"
  },
  {
    "docID": "N131 Boyd 2004",
    "et": "SpinalCord",
    "off": 10010,
    "sff": "spinal cord"
  },
  {
    "docID": "N131 Boyd 2004",
    "et": "SpinalCord",
    "off": 1819,
    "sff": "spinal cord"
  },
  {
    "docID": "N131 Boyd 2004",
    "et": "LesionAdjacentTissue",
    "off": 14623,
    "sff": "adjacent"
  },
  {
    "docID": "N131 Boyd 2004",
    "et": "LesionAdjacentTissue",
    "off": 14398,
    "sff": "adjacent"
  },
  {
    "docID": "N131 Boyd 2004",
    "et": "LesionAdjacentTissue",
    "off": 13441,
    "sff": "adjacent"
  },
  {
    "docID": "N131 Boyd 2004",
    "et": "ContactPlacingResponseTest",
    "off": 19464,
    "sff": "contact"
  },
  {
    "docID": "N131 Boyd 2004",
    "et": "ContactPlacingResponseTest",
    "off": 1449,
    "sff": "contact"
  },
  {
    "docID": "N131 Boyd 2004",
    "et": "CentralNervousSystem",
    "off": 28179,
    "sff": "Central Nervous System"
  },
  {
    "docID": "N131 Boyd 2004",
    "et": "CentralNervousSystem",
    "off": 22668,
    "sff": "central"
  },
  {
    "docID": "N131 Boyd 2004",
    "et": "CentralNervousSystem",
    "off": 28179,
    "sff": "Central Nervous"
  },
  {
    "docID": "N131 Boyd 2004",
    "et": "CentralNervousSystem",
    "off": 2339,
    "sff": "nervous"
  },
  {
    "docID": "N131 Boyd 2004",
    "et": "CentralNervousSystem",
    "off": 15203,
    "sff": "central"
  },
  {
    "docID": "N131 Boyd 2004",
    "et": "CentralNervousSystem",
    "off": 21614,
    "sff": "central"
  },
  {
    "docID": "N131 Boyd 2004",
    "et": "CentralNervousSystem",
    "off": 19906,
    "sff": "central"
  },
  {
    "docID": "N131 Boyd 2004",
    "et": "CentralNervousSystem",
    "off": 4427,
    "sff": "central"
  },
  {
    "docID": "N131 Boyd 2004",
    "et": "CentralNervousSystem",
    "off": 19399,
    "sff": "central"
  },
  {
    "docID": "N131 Boyd 2004",
    "et": "SinglePelletReachingTest",
    "off": 1523,
    "sff": "single"
  },
  {
    "docID": "N131 Boyd 2004",
    "et": "SinglePelletReachingTest",
    "off": 12824,
    "sff": "single"
  },
  {
    "docID": "N131 Boyd 2004",
    "et": "SensoryTest",
    "off": 10382,
    "sff": "sensory"
  },
  {
    "docID": "N131 Boyd 2004",
    "et": "AxonalDamageTest",
    "off": 15400,
    "sff": "axonal"
  },
  {
    "docID": "N131 Boyd 2004",
    "et": "AxonalDamageTest",
    "off": 28152,
    "sff": "Axonal"
  },
  {
    "docID": "N131 Boyd 2004",
    "et": "AxonalDamageTest",
    "off": 2886,
    "sff": "axonal"
  },
  {
    "docID": "N131 Boyd 2004",
    "et": "SpinalCentralPart",
    "off": 21614,
    "sff": "central"
  },
  {
    "docID": "N131 Boyd 2004",
    "et": "SpinalCentralPart",
    "off": 28059,
    "sff": "Spinal"
  },
  {
    "docID": "N131 Boyd 2004",
    "et": "SpinalCentralPart",
    "off": 1819,
    "sff": "spinal"
  },
  {
    "docID": "N131 Boyd 2004",
    "et": "SpinalCentralPart",
    "off": 10010,
    "sff": "spinal"
  },
  {
    "docID": "N131 Boyd 2004",
    "et": "SpinalCentralPart",
    "off": 17121,
    "sff": "spinal"
  },
  {
    "docID": "N131 Boyd 2004",
    "et": "SpinalCentralPart",
    "off": 15203,
    "sff": "central"
  },
  {
    "docID": "N131 Boyd 2004",
    "et": "SpinalCentralPart",
    "off": 813,
    "sff": "spinal"
  },
  {
    "docID": "N131 Boyd 2004",
    "et": "SpinalCentralPart",
    "off": 1901,
    "sff": "spinal"
  },
  {
    "docID": "N131 Boyd 2004",
    "et": "SpinalCentralPart",
    "off": 4525,
    "sff": "spinal"
  },
  {
    "docID": "N131 Boyd 2004",
    "et": "SpinalCentralPart",
    "off": 11244,
    "sff": "spinal"
  },
  {
    "docID": "N131 Boyd 2004",
    "et": "SpinalCentralPart",
    "off": 20143,
    "sff": "spinal"
  },
  {
    "docID": "N131 Boyd 2004",
    "et": "SpinalCentralPart",
    "off": 20779,
    "sff": "spinal"
  },
  {
    "docID": "N131 Boyd 2004",
    "et": "SpinalCentralPart",
    "off": 3242,
    "sff": "spinal"
  },
  {
    "docID": "N131 Boyd 2004",
    "et": "SpinalCentralPart",
    "off": 694,
    "sff": "spinal"
  },
  {
    "docID": "N131 Boyd 2004",
    "et": "SpinalCentralPart",
    "off": 4086,
    "sff": "spinal"
  },
  {
    "docID": "N131 Boyd 2004",
    "et": "SpinalCentralPart",
    "off": 892,
    "sff": "spinal"
  },
  {
    "docID": "N131 Boyd 2004",
    "et": "SpinalCentralPart",
    "off": 22668,
    "sff": "central"
  },
  {
    "docID": "N131 Boyd 2004",
    "et": "SpinalCentralPart",
    "off": 123,
    "sff": "spinal"
  },
  {
    "docID": "N131 Boyd 2004",
    "et": "SpinalCentralPart",
    "off": 4427,
    "sff": "central"
  },
  {
    "docID": "N131 Boyd 2004",
    "et": "SpinalCentralPart",
    "off": 19399,
    "sff": "central"
  },
  {
    "docID": "N131 Boyd 2004",
    "et": "SpinalCentralPart",
    "off": 10817,
    "sff": "spinal"
  },
  {
    "docID": "N131 Boyd 2004",
    "et": "SpinalCentralPart",
    "off": 20673,
    "sff": "spinal"
  },
  {
    "docID": "N131 Boyd 2004",
    "et": "SpinalCentralPart",
    "off": 28179,
    "sff": "Central"
  },
  {
    "docID": "N131 Boyd 2004",
    "et": "SpinalCentralPart",
    "off": 2752,
    "sff": "spinal"
  },
  {
    "docID": "N131 Boyd 2004",
    "et": "SpinalCentralPart",
    "off": 15936,
    "sff": "spinal"
  },
  {
    "docID": "N131 Boyd 2004",
    "et": "SpinalCentralPart",
    "off": 19906,
    "sff": "central"
  },
  {
    "docID": "N131 Boyd 2004",
    "et": "SpinalCentralPart",
    "off": 5004,
    "sff": "spinal"
  },
  {
    "docID": "N131 Boyd 2004",
    "et": "SpinalCentralPart",
    "off": 11020,
    "sff": "spinal"
  },
  {
    "docID": "N131 Boyd 2004",
    "et": "SpinalCentralPart",
    "off": 9551,
    "sff": "spinal"
  },
  {
    "docID": "N131 Boyd 2004",
    "et": "SpinalCentralPart",
    "off": 9288,
    "sff": "spinal"
  },
  {
    "docID": "N131 Boyd 2004",
    "et": "SpinalCentralPart",
    "off": 18568,
    "sff": "spinal"
  },
  {
    "docID": "N131 Boyd 2004",
    "et": "SpinalCentralPart",
    "off": 17941,
    "sff": "spinal"
  },
  {
    "docID": "N131 Boyd 2004",
    "et": "SpinalCentralPart",
    "off": 15506,
    "sff": "spinal"
  },
  {
    "docID": "N131 Boyd 2004",
    "et": "SpinalCentralPart",
    "off": 19602,
    "sff": "spinal"
  },
  {
    "docID": "N131 Boyd 2004",
    "et": "TyrosineHydroxylaseFibers",
    "off": 10401,
    "sff": "tyrosine hydroxylase"
  },
  {
    "docID": "N131 Boyd 2004",
    "et": "NarrowBeamTest",
    "off": 14232,
    "sff": "narrow"
  },
  {
    "docID": "N131 Boyd 2004",
    "et": "AxonalDiebackTest",
    "off": 2886,
    "sff": "axonal"
  },
  {
    "docID": "N131 Boyd 2004",
    "et": "AxonalDiebackTest",
    "off": 15400,
    "sff": "axonal"
  },
  {
    "docID": "N131 Boyd 2004",
    "et": "AxonalDiebackTest",
    "off": 28152,
    "sff": "Axonal"
  },
  {
    "docID": "N131 Boyd 2004",
    "et": "SpinalCordStump",
    "off": 2752,
    "sff": "spinal cord"
  },
  {
    "docID": "N131 Boyd 2004",
    "et": "SpinalCordStump",
    "off": 15936,
    "sff": "spinal cord"
  },
  {
    "docID": "N131 Boyd 2004",
    "et": "SpinalCordStump",
    "off": 20673,
    "sff": "spinal cord"
  },
  {
    "docID": "N131 Boyd 2004",
    "et": "SpinalCordStump",
    "off": 10817,
    "sff": "spinal cord"
  },
  {
    "docID": "N131 Boyd 2004",
    "et": "SpinalCordStump",
    "off": 694,
    "sff": "spinal cord"
  },
  {
    "docID": "N131 Boyd 2004",
    "et": "SpinalCordStump",
    "off": 4086,
    "sff": "spinal cord"
  },
  {
    "docID": "N131 Boyd 2004",
    "et": "SpinalCordStump",
    "off": 892,
    "sff": "spinal cord"
  },
  {
    "docID": "N131 Boyd 2004",
    "et": "SpinalCordStump",
    "off": 123,
    "sff": "spinal cord"
  },
  {
    "docID": "N131 Boyd 2004",
    "et": "SpinalCordStump",
    "off": 813,
    "sff": "spinal cord"
  },
  {
    "docID": "N131 Boyd 2004",
    "et": "SpinalCordStump",
    "off": 1901,
    "sff": "spinal cord"
  },
  {
    "docID": "N131 Boyd 2004",
    "et": "SpinalCordStump",
    "off": 4525,
    "sff": "spinal cord"
  },
  {
    "docID": "N131 Boyd 2004",
    "et": "SpinalCordStump",
    "off": 20143,
    "sff": "spinal cord"
  },
  {
    "docID": "N131 Boyd 2004",
    "et": "SpinalCordStump",
    "off": 28059,
    "sff": "Spinal Cord"
  },
  {
    "docID": "N131 Boyd 2004",
    "et": "SpinalCordStump",
    "off": 9551,
    "sff": "spinal"
  },
  {
    "docID": "N131 Boyd 2004",
    "et": "SpinalCordStump",
    "off": 20779,
    "sff": "spinal cord"
  },
  {
    "docID": "N131 Boyd 2004",
    "et": "SpinalCordStump",
    "off": 11244,
    "sff": "spinal cord"
  },
  {
    "docID": "N131 Boyd 2004",
    "et": "SpinalCordStump",
    "off": 3242,
    "sff": "spinal cord"
  },
  {
    "docID": "N131 Boyd 2004",
    "et": "SpinalCordStump",
    "off": 17121,
    "sff": "spinal cord"
  },
  {
    "docID": "N131 Boyd 2004",
    "et": "SpinalCordStump",
    "off": 17941,
    "sff": "spinal cord"
  },
  {
    "docID": "N131 Boyd 2004",
    "et": "SpinalCordStump",
    "off": 1819,
    "sff": "spinal cord"
  },
  {
    "docID": "N131 Boyd 2004",
    "et": "SpinalCordStump",
    "off": 10010,
    "sff": "spinal cord"
  },
  {
    "docID": "N131 Boyd 2004",
    "et": "SpinalCordStump",
    "off": 16063,
    "sff": "cord"
  },
  {
    "docID": "N131 Boyd 2004",
    "et": "SpinalCordStump",
    "off": 15506,
    "sff": "spinal cord"
  },
  {
    "docID": "N131 Boyd 2004",
    "et": "SpinalCordStump",
    "off": 19602,
    "sff": "spinal cord"
  },
  {
    "docID": "N131 Boyd 2004",
    "et": "SpinalCordStump",
    "off": 9288,
    "sff": "spinal cord"
  },
  {
    "docID": "N131 Boyd 2004",
    "et": "SpinalCordStump",
    "off": 18568,
    "sff": "spinal cord"
  },
  {
    "docID": "N131 Boyd 2004",
    "et": "SpinalCordStump",
    "off": 5004,
    "sff": "spinal cord"
  },
  {
    "docID": "N131 Boyd 2004",
    "et": "SpinalCordStump",
    "off": 11020,
    "sff": "spinal cord"
  },
  {
    "docID": "N131 Boyd 2004",
    "et": "MotorEvokedPotentialsTest",
    "off": 10579,
    "sff": "motor"
  },
  {
    "docID": "N131 Boyd 2004",
    "et": "Brain",
    "off": 26689,
    "sff": "Brain"
  },
  {
    "docID": "N131 Boyd 2004",
    "et": "Brain",
    "off": 26750,
    "sff": "Brain"
  },
  {
    "docID": "N131 Boyd 2004",
    "et": "Brain",
    "off": 24026,
    "sff": "Brain"
  },
  {
    "docID": "N131 Boyd 2004",
    "et": "Brain",
    "off": 24554,
    "sff": "Brain"
  },
  {
    "docID": "N131 Boyd 2004",
    "et": "Brain",
    "off": 26251,
    "sff": "Brain"
  },
  {
    "docID": "N131 Boyd 2004",
    "et": "Brain",
    "off": 24088,
    "sff": "Brain"
  },
  {
    "docID": "N131 Boyd 2004",
    "et": "Brain",
    "off": 25769,
    "sff": "Brain"
  },
  {
    "docID": "N131 Boyd 2004",
    "et": "Brain",
    "off": 25957,
    "sff": "Brain"
  },
  {
    "docID": "N131 Boyd 2004",
    "et": "Brain",
    "off": 28757,
    "sff": "Brain"
  },
  {
    "docID": "N131 Boyd 2004",
    "et": "Brain",
    "off": 24643,
    "sff": "Brain"
  },
  {
    "docID": "N131 Boyd 2004",
    "et": "SpinalWhiteMatter",
    "off": 17941,
    "sff": "spinal"
  },
  {
    "docID": "N131 Boyd 2004",
    "et": "SpinalWhiteMatter",
    "off": 15506,
    "sff": "spinal"
  },
  {
    "docID": "N131 Boyd 2004",
    "et": "SpinalWhiteMatter",
    "off": 19602,
    "sff": "spinal"
  },
  {
    "docID": "N131 Boyd 2004",
    "et": "SpinalWhiteMatter",
    "off": 9551,
    "sff": "spinal"
  },
  {
    "docID": "N131 Boyd 2004",
    "et": "SpinalWhiteMatter",
    "off": 11020,
    "sff": "spinal"
  },
  {
    "docID": "N131 Boyd 2004",
    "et": "SpinalWhiteMatter",
    "off": 5004,
    "sff": "spinal"
  },
  {
    "docID": "N131 Boyd 2004",
    "et": "SpinalWhiteMatter",
    "off": 9288,
    "sff": "spinal"
  },
  {
    "docID": "N131 Boyd 2004",
    "et": "SpinalWhiteMatter",
    "off": 18568,
    "sff": "spinal"
  },
  {
    "docID": "N131 Boyd 2004",
    "et": "SpinalWhiteMatter",
    "off": 15936,
    "sff": "spinal"
  },
  {
    "docID": "N131 Boyd 2004",
    "et": "SpinalWhiteMatter",
    "off": 10817,
    "sff": "spinal"
  },
  {
    "docID": "N131 Boyd 2004",
    "et": "SpinalWhiteMatter",
    "off": 20673,
    "sff": "spinal"
  },
  {
    "docID": "N131 Boyd 2004",
    "et": "SpinalWhiteMatter",
    "off": 2752,
    "sff": "spinal"
  },
  {
    "docID": "N131 Boyd 2004",
    "et": "SpinalWhiteMatter",
    "off": 123,
    "sff": "spinal"
  },
  {
    "docID": "N131 Boyd 2004",
    "et": "SpinalWhiteMatter",
    "off": 892,
    "sff": "spinal"
  },
  {
    "docID": "N131 Boyd 2004",
    "et": "SpinalWhiteMatter",
    "off": 694,
    "sff": "spinal"
  },
  {
    "docID": "N131 Boyd 2004",
    "et": "SpinalWhiteMatter",
    "off": 4086,
    "sff": "spinal"
  },
  {
    "docID": "N131 Boyd 2004",
    "et": "SpinalWhiteMatter",
    "off": 20143,
    "sff": "spinal"
  },
  {
    "docID": "N131 Boyd 2004",
    "et": "SpinalWhiteMatter",
    "off": 11244,
    "sff": "spinal"
  },
  {
    "docID": "N131 Boyd 2004",
    "et": "SpinalWhiteMatter",
    "off": 3242,
    "sff": "spinal"
  },
  {
    "docID": "N131 Boyd 2004",
    "et": "SpinalWhiteMatter",
    "off": 813,
    "sff": "spinal"
  },
  {
    "docID": "N131 Boyd 2004",
    "et": "SpinalWhiteMatter",
    "off": 1901,
    "sff": "spinal"
  },
  {
    "docID": "N131 Boyd 2004",
    "et": "SpinalWhiteMatter",
    "off": 4525,
    "sff": "spinal"
  },
  {
    "docID": "N131 Boyd 2004",
    "et": "SpinalWhiteMatter",
    "off": 20779,
    "sff": "spinal"
  },
  {
    "docID": "N131 Boyd 2004",
    "et": "SpinalWhiteMatter",
    "off": 17121,
    "sff": "spinal"
  },
  {
    "docID": "N131 Boyd 2004",
    "et": "SpinalWhiteMatter",
    "off": 28059,
    "sff": "Spinal"
  },
  {
    "docID": "N131 Boyd 2004",
    "et": "SpinalWhiteMatter",
    "off": 9075,
    "sff": "white"
  },
  {
    "docID": "N131 Boyd 2004",
    "et": "SpinalWhiteMatter",
    "off": 1819,
    "sff": "spinal"
  },
  {
    "docID": "N131 Boyd 2004",
    "et": "SpinalWhiteMatter",
    "off": 10010,
    "sff": "spinal"
  },
  {
    "docID": "N131 Boyd 2004",
    "et": "Dorsal",
    "off": 20497,
    "sff": "dorsal"
  },
  {
    "docID": "N131 Boyd 2004",
    "et": "Dorsal",
    "off": 17211,
    "sff": "dorsal"
  },
  {
    "docID": "N131 Boyd 2004",
    "et": "Dorsal",
    "off": 17762,
    "sff": "dorsal"
  },
  {
    "docID": "N131 Boyd 2004",
    "et": "SympatheticPreganglionicNeurons",
    "off": 10484,
    "sff": "sympathetic"
  },
  {
    "docID": "N131 Boyd 2004",
    "et": "SpinalGrayMatter",
    "off": 892,
    "sff": "spinal"
  },
  {
    "docID": "N131 Boyd 2004",
    "et": "SpinalGrayMatter",
    "off": 123,
    "sff": "spinal"
  },
  {
    "docID": "N131 Boyd 2004",
    "et": "SpinalGrayMatter",
    "off": 694,
    "sff": "spinal"
  },
  {
    "docID": "N131 Boyd 2004",
    "et": "SpinalGrayMatter",
    "off": 4086,
    "sff": "spinal"
  },
  {
    "docID": "N131 Boyd 2004",
    "et": "SpinalGrayMatter",
    "off": 20143,
    "sff": "spinal"
  },
  {
    "docID": "N131 Boyd 2004",
    "et": "SpinalGrayMatter",
    "off": 5004,
    "sff": "spinal"
  },
  {
    "docID": "N131 Boyd 2004",
    "et": "SpinalGrayMatter",
    "off": 11020,
    "sff": "spinal"
  },
  {
    "docID": "N131 Boyd 2004",
    "et": "SpinalGrayMatter",
    "off": 9288,
    "sff": "spinal"
  },
  {
    "docID": "N131 Boyd 2004",
    "et": "SpinalGrayMatter",
    "off": 18568,
    "sff": "spinal"
  },
  {
    "docID": "N131 Boyd 2004",
    "et": "SpinalGrayMatter",
    "off": 2752,
    "sff": "spinal"
  },
  {
    "docID": "N131 Boyd 2004",
    "et": "SpinalGrayMatter",
    "off": 10817,
    "sff": "spinal"
  },
  {
    "docID": "N131 Boyd 2004",
    "et": "SpinalGrayMatter",
    "off": 20673,
    "sff": "spinal"
  },
  {
    "docID": "N131 Boyd 2004",
    "et": "SpinalGrayMatter",
    "off": 15936,
    "sff": "spinal"
  },
  {
    "docID": "N131 Boyd 2004",
    "et": "SpinalGrayMatter",
    "off": 1819,
    "sff": "spinal"
  },
  {
    "docID": "N131 Boyd 2004",
    "et": "SpinalGrayMatter",
    "off": 10010,
    "sff": "spinal"
  },
  {
    "docID": "N131 Boyd 2004",
    "et": "SpinalGrayMatter",
    "off": 28059,
    "sff": "Spinal"
  },
  {
    "docID": "N131 Boyd 2004",
    "et": "SpinalGrayMatter",
    "off": 17941,
    "sff": "spinal"
  },
  {
    "docID": "N131 Boyd 2004",
    "et": "SpinalGrayMatter",
    "off": 15506,
    "sff": "spinal"
  },
  {
    "docID": "N131 Boyd 2004",
    "et": "SpinalGrayMatter",
    "off": 19602,
    "sff": "spinal"
  },
  {
    "docID": "N131 Boyd 2004",
    "et": "SpinalGrayMatter",
    "off": 9551,
    "sff": "spinal"
  },
  {
    "docID": "N131 Boyd 2004",
    "et": "SpinalGrayMatter",
    "off": 4525,
    "sff": "spinal"
  },
  {
    "docID": "N131 Boyd 2004",
    "et": "SpinalGrayMatter",
    "off": 813,
    "sff": "spinal"
  },
  {
    "docID": "N131 Boyd 2004",
    "et": "SpinalGrayMatter",
    "off": 1901,
    "sff": "spinal"
  },
  {
    "docID": "N131 Boyd 2004",
    "et": "SpinalGrayMatter",
    "off": 11244,
    "sff": "spinal"
  },
  {
    "docID": "N131 Boyd 2004",
    "et": "SpinalGrayMatter",
    "off": 3242,
    "sff": "spinal"
  },
  {
    "docID": "N131 Boyd 2004",
    "et": "SpinalGrayMatter",
    "off": 20779,
    "sff": "spinal"
  },
  {
    "docID": "N131 Boyd 2004",
    "et": "SpinalGrayMatter",
    "off": 17121,
    "sff": "spinal"
  },
  {
    "docID": "N131 Boyd 2004",
    "et": "AxonalChangesTest",
    "off": 28152,
    "sff": "Axonal"
  },
  {
    "docID": "N131 Boyd 2004",
    "et": "AxonalChangesTest",
    "off": 2886,
    "sff": "axonal"
  },
  {
    "docID": "N131 Boyd 2004",
    "et": "AxonalChangesTest",
    "off": 15400,
    "sff": "axonal"
  },
  {
    "docID": "N131 Boyd 2004",
    "et": "LocomotorTest",
    "off": 3005,
    "sff": "locomotor"
  },
  {
    "docID": "N131 Boyd 2004",
    "et": "BloodBrainBarrierTest",
    "off": 24643,
    "sff": "Brain"
  },
  {
    "docID": "N131 Boyd 2004",
    "et": "BloodBrainBarrierTest",
    "off": 26689,
    "sff": "Brain"
  },
  {
    "docID": "N131 Boyd 2004",
    "et": "BloodBrainBarrierTest",
    "off": 24088,
    "sff": "Brain"
  },
  {
    "docID": "N131 Boyd 2004",
    "et": "BloodBrainBarrierTest",
    "off": 25957,
    "sff": "Brain"
  },
  {
    "docID": "N131 Boyd 2004",
    "et": "BloodBrainBarrierTest",
    "off": 28757,
    "sff": "Brain"
  },
  {
    "docID": "N131 Boyd 2004",
    "et": "BloodBrainBarrierTest",
    "off": 26251,
    "sff": "Brain"
  },
  {
    "docID": "N131 Boyd 2004",
    "et": "BloodBrainBarrierTest",
    "off": 24026,
    "sff": "Brain"
  },
  {
    "docID": "N131 Boyd 2004",
    "et": "BloodBrainBarrierTest",
    "off": 24554,
    "sff": "Brain"
  },
  {
    "docID": "N131 Boyd 2004",
    "et": "BloodBrainBarrierTest",
    "off": 25769,
    "sff": "Brain"
  },
  {
    "docID": "N131 Boyd 2004",
    "et": "BloodBrainBarrierTest",
    "off": 26750,
    "sff": "Brain"
  },
  {
    "docID": "N131 Boyd 2004",
    "et": "BladderFunctionParameter",
    "off": 3015,
    "sff": "function"
  },
  {
    "docID": "N131 Boyd 2004",
    "et": "L1",
    "off": 21963,
    "sff": "L1"
  },
  {
    "docID": "N131 Boyd 2004",
    "et": "T11",
    "off": 4913,
    "sff": "T11"
  },
  {
    "docID": "N131 Boyd 2004",
    "et": "T10",
    "off": 9269,
    "sff": "T10"
  },
  {
    "docID": "N131 Boyd 2004",
    "et": "T10",
    "off": 875,
    "sff": "T10"
  },
  {
    "docID": "N131 Boyd 2004",
    "et": "T10",
    "off": 4909,
    "sff": "T10"
  },
  {
    "docID": "N131 Boyd 2004",
    "et": "AxonalSproutingTest",
    "off": 2886,
    "sff": "axonal"
  },
  {
    "docID": "N131 Boyd 2004",
    "et": "AxonalSproutingTest",
    "off": 15400,
    "sff": "axonal"
  },
  {
    "docID": "N131 Boyd 2004",
    "et": "AxonalSproutingTest",
    "off": 28152,
    "sff": "Axonal"
  },
  {
    "docID": "N131 Boyd 2004",
    "et": "NeuronalCellLossTest",
    "off": 21785,
    "sff": "cell"
  },
  {
    "docID": "N131 Boyd 2004",
    "et": "NeuronalCellLossTest",
    "off": 2075,
    "sff": "cell"
  },
  {
    "docID": "N131 Boyd 2004",
    "et": "NeuronalCellLossTest",
    "off": 21319,
    "sff": "cell"
  },
  {
    "docID": "N131 Boyd 2004",
    "et": "NeuronalCellLossTest",
    "off": 324,
    "sff": "Cell"
  },
  {
    "docID": "N131 Boyd 2004",
    "et": "NeuronalCellLossTest",
    "off": 14805,
    "sff": "cell"
  },
  {
    "docID": "N131 Boyd 2004",
    "et": "NeuronalCellLossTest",
    "off": 3394,
    "sff": "Cell"
  },
  {
    "docID": "N131 Boyd 2004",
    "et": "NeuronalCellLossTest",
    "off": 21926,
    "sff": "cell"
  },
  {
    "docID": "N131 Boyd 2004",
    "et": "NeuronalCellLossTest",
    "off": 14660,
    "sff": "cell"
  },
  {
    "docID": "N131 Boyd 2004",
    "et": "NeuronalCellLossTest",
    "off": 229,
    "sff": "Cell"
  },
  {
    "docID": "N131 Boyd 2004",
    "et": "NeuronalCellLossTest",
    "off": 27877,
    "sff": "Cell"
  },
  {
    "docID": "N131 Boyd 2004",
    "et": "NeuronalCellLossTest",
    "off": 11086,
    "sff": "cell"
  },
  {
    "docID": "N131 Boyd 2004",
    "et": "NeuronalCellLossTest",
    "off": 22174,
    "sff": "cell"
  },
  {
    "docID": "N131 Boyd 2004",
    "et": "VascularFunctionParameter",
    "off": 3015,
    "sff": "function"
  },
  {
    "docID": "N131 Boyd 2004",
    "et": "ObservationOfAnimalBehaviour",
    "off": 6403,
    "sff": "Animal"
  },
  {
    "docID": "N131 Boyd 2004",
    "et": "ObservationOfAnimalBehaviour",
    "off": 6563,
    "sff": "Animal"
  },
  {
    "docID": "N131 Boyd 2004",
    "et": "ObservationOfAnimalBehaviour",
    "off": 22401,
    "sff": "observation"
  },
  {
    "docID": "N131 Boyd 2004",
    "et": "ObservationOfAnimalBehaviour",
    "off": 4796,
    "sff": "animal"
  },
  {
    "docID": "N131 Boyd 2004",
    "et": "MotorTest",
    "off": 10579,
    "sff": "motor"
  },
  {
    "docID": "N131 Boyd 2004",
    "et": "SpinalDorsalHalf",
    "off": 2752,
    "sff": "spinal"
  },
  {
    "docID": "N131 Boyd 2004",
    "et": "SpinalDorsalHalf",
    "off": 15936,
    "sff": "spinal"
  },
  {
    "docID": "N131 Boyd 2004",
    "et": "SpinalDorsalHalf",
    "off": 10817,
    "sff": "spinal"
  },
  {
    "docID": "N131 Boyd 2004",
    "et": "SpinalDorsalHalf",
    "off": 20673,
    "sff": "spinal"
  },
  {
    "docID": "N131 Boyd 2004",
    "et": "SpinalDorsalHalf",
    "off": 892,
    "sff": "spinal"
  },
  {
    "docID": "N131 Boyd 2004",
    "et": "SpinalDorsalHalf",
    "off": 17211,
    "sff": "dorsal"
  },
  {
    "docID": "N131 Boyd 2004",
    "et": "SpinalDorsalHalf",
    "off": 123,
    "sff": "spinal"
  },
  {
    "docID": "N131 Boyd 2004",
    "et": "SpinalDorsalHalf",
    "off": 694,
    "sff": "spinal"
  },
  {
    "docID": "N131 Boyd 2004",
    "et": "SpinalDorsalHalf",
    "off": 4086,
    "sff": "spinal"
  },
  {
    "docID": "N131 Boyd 2004",
    "et": "SpinalDorsalHalf",
    "off": 15506,
    "sff": "spinal"
  },
  {
    "docID": "N131 Boyd 2004",
    "et": "SpinalDorsalHalf",
    "off": 19602,
    "sff": "spinal"
  },
  {
    "docID": "N131 Boyd 2004",
    "et": "SpinalDorsalHalf",
    "off": 5004,
    "sff": "spinal"
  },
  {
    "docID": "N131 Boyd 2004",
    "et": "SpinalDorsalHalf",
    "off": 11020,
    "sff": "spinal"
  },
  {
    "docID": "N131 Boyd 2004",
    "et": "SpinalDorsalHalf",
    "off": 9551,
    "sff": "spinal"
  },
  {
    "docID": "N131 Boyd 2004",
    "et": "SpinalDorsalHalf",
    "off": 9288,
    "sff": "spinal"
  },
  {
    "docID": "N131 Boyd 2004",
    "et": "SpinalDorsalHalf",
    "off": 18568,
    "sff": "spinal"
  },
  {
    "docID": "N131 Boyd 2004",
    "et": "SpinalDorsalHalf",
    "off": 28059,
    "sff": "Spinal"
  },
  {
    "docID": "N131 Boyd 2004",
    "et": "SpinalDorsalHalf",
    "off": 17121,
    "sff": "spinal"
  },
  {
    "docID": "N131 Boyd 2004",
    "et": "SpinalDorsalHalf",
    "off": 10010,
    "sff": "spinal"
  },
  {
    "docID": "N131 Boyd 2004",
    "et": "SpinalDorsalHalf",
    "off": 1819,
    "sff": "spinal"
  },
  {
    "docID": "N131 Boyd 2004",
    "et": "SpinalDorsalHalf",
    "off": 17941,
    "sff": "spinal"
  },
  {
    "docID": "N131 Boyd 2004",
    "et": "SpinalDorsalHalf",
    "off": 17762,
    "sff": "dorsal"
  },
  {
    "docID": "N131 Boyd 2004",
    "et": "SpinalDorsalHalf",
    "off": 20497,
    "sff": "dorsal"
  },
  {
    "docID": "N131 Boyd 2004",
    "et": "SpinalDorsalHalf",
    "off": 11244,
    "sff": "spinal"
  },
  {
    "docID": "N131 Boyd 2004",
    "et": "SpinalDorsalHalf",
    "off": 813,
    "sff": "spinal"
  },
  {
    "docID": "N131 Boyd 2004",
    "et": "SpinalDorsalHalf",
    "off": 1901,
    "sff": "spinal"
  },
  {
    "docID": "N131 Boyd 2004",
    "et": "SpinalDorsalHalf",
    "off": 4525,
    "sff": "spinal"
  },
  {
    "docID": "N131 Boyd 2004",
    "et": "SpinalDorsalHalf",
    "off": 20143,
    "sff": "spinal"
  },
  {
    "docID": "N131 Boyd 2004",
    "et": "SpinalDorsalHalf",
    "off": 3242,
    "sff": "spinal"
  },
  {
    "docID": "N131 Boyd 2004",
    "et": "SpinalDorsalHalf",
    "off": 20779,
    "sff": "spinal"
  },
  {
    "docID": "N131 Boyd 2004",
    "et": "LimbMuscleStrengthTest",
    "off": 6293,
    "sff": "muscle"
  },
  {
    "docID": "N131 Boyd 2004",
    "et": "CorticospinalTract",
    "off": 18170,
    "sff": "corticospinal tract"
  },
  {
    "docID": "N131 Boyd 2004",
    "et": "SpinalCordEvokedPotentialsTest",
    "off": 694,
    "sff": "spinal cord"
  },
  {
    "docID": "N131 Boyd 2004",
    "et": "SpinalCordEvokedPotentialsTest",
    "off": 4086,
    "sff": "spinal cord"
  },
  {
    "docID": "N131 Boyd 2004",
    "et": "SpinalCordEvokedPotentialsTest",
    "off": 20143,
    "sff": "spinal cord"
  },
  {
    "docID": "N131 Boyd 2004",
    "et": "SpinalCordEvokedPotentialsTest",
    "off": 20779,
    "sff": "spinal cord"
  },
  {
    "docID": "N131 Boyd 2004",
    "et": "SpinalCordEvokedPotentialsTest",
    "off": 11244,
    "sff": "spinal cord"
  },
  {
    "docID": "N131 Boyd 2004",
    "et": "SpinalCordEvokedPotentialsTest",
    "off": 813,
    "sff": "spinal cord"
  },
  {
    "docID": "N131 Boyd 2004",
    "et": "SpinalCordEvokedPotentialsTest",
    "off": 1901,
    "sff": "spinal cord"
  },
  {
    "docID": "N131 Boyd 2004",
    "et": "SpinalCordEvokedPotentialsTest",
    "off": 4525,
    "sff": "spinal cord"
  },
  {
    "docID": "N131 Boyd 2004",
    "et": "SpinalCordEvokedPotentialsTest",
    "off": 3242,
    "sff": "spinal cord"
  },
  {
    "docID": "N131 Boyd 2004",
    "et": "SpinalCordEvokedPotentialsTest",
    "off": 17121,
    "sff": "spinal cord"
  },
  {
    "docID": "N131 Boyd 2004",
    "et": "SpinalCordEvokedPotentialsTest",
    "off": 1819,
    "sff": "spinal cord"
  },
  {
    "docID": "N131 Boyd 2004",
    "et": "SpinalCordEvokedPotentialsTest",
    "off": 10010,
    "sff": "spinal cord"
  },
  {
    "docID": "N131 Boyd 2004",
    "et": "SpinalCordEvokedPotentialsTest",
    "off": 16063,
    "sff": "cord"
  },
  {
    "docID": "N131 Boyd 2004",
    "et": "SpinalCordEvokedPotentialsTest",
    "off": 17941,
    "sff": "spinal cord"
  },
  {
    "docID": "N131 Boyd 2004",
    "et": "SpinalCordEvokedPotentialsTest",
    "off": 28059,
    "sff": "Spinal Cord"
  },
  {
    "docID": "N131 Boyd 2004",
    "et": "SpinalCordEvokedPotentialsTest",
    "off": 15506,
    "sff": "spinal cord"
  },
  {
    "docID": "N131 Boyd 2004",
    "et": "SpinalCordEvokedPotentialsTest",
    "off": 19602,
    "sff": "spinal cord"
  },
  {
    "docID": "N131 Boyd 2004",
    "et": "SpinalCordEvokedPotentialsTest",
    "off": 5004,
    "sff": "spinal cord"
  },
  {
    "docID": "N131 Boyd 2004",
    "et": "SpinalCordEvokedPotentialsTest",
    "off": 11020,
    "sff": "spinal cord"
  },
  {
    "docID": "N131 Boyd 2004",
    "et": "SpinalCordEvokedPotentialsTest",
    "off": 9288,
    "sff": "spinal cord"
  },
  {
    "docID": "N131 Boyd 2004",
    "et": "SpinalCordEvokedPotentialsTest",
    "off": 18568,
    "sff": "spinal cord"
  },
  {
    "docID": "N131 Boyd 2004",
    "et": "SpinalCordEvokedPotentialsTest",
    "off": 9551,
    "sff": "spinal"
  },
  {
    "docID": "N131 Boyd 2004",
    "et": "SpinalCordEvokedPotentialsTest",
    "off": 2752,
    "sff": "spinal cord"
  },
  {
    "docID": "N131 Boyd 2004",
    "et": "SpinalCordEvokedPotentialsTest",
    "off": 15936,
    "sff": "spinal cord"
  },
  {
    "docID": "N131 Boyd 2004",
    "et": "SpinalCordEvokedPotentialsTest",
    "off": 10817,
    "sff": "spinal cord"
  },
  {
    "docID": "N131 Boyd 2004",
    "et": "SpinalCordEvokedPotentialsTest",
    "off": 20673,
    "sff": "spinal cord"
  },
  {
    "docID": "N131 Boyd 2004",
    "et": "SpinalCordEvokedPotentialsTest",
    "off": 123,
    "sff": "spinal cord"
  },
  {
    "docID": "N131 Boyd 2004",
    "et": "SpinalCordEvokedPotentialsTest",
    "off": 892,
    "sff": "spinal cord"
  }
]
