[
  {
    "docID": "N141 Deng 2008",
    "et": "BrainNucleus",
    "off": 27362,
    "sff": "brain"
  },
  {
    "docID": "N141 Deng 2008",
    "et": "BrainNucleus",
    "off": 30123,
    "sff": "brain"
  },
  {
    "docID": "N141 Deng 2008",
    "et": "BrainNucleus",
    "off": 27407,
    "sff": "brain"
  },
  {
    "docID": "N141 Deng 2008",
    "et": "BrainNucleus",
    "off": 2977,
    "sff": "brain"
  },
  {
    "docID": "N141 Deng 2008",
    "et": "BrainNucleus",
    "off": 27168,
    "sff": "brain"
  },
  {
    "docID": "N141 Deng 2008",
    "et": "SubcutaneousLocation",
    "off": 9356,
    "sff": "subcutaneous"
  },
  {
    "docID": "N141 Deng 2008",
    "et": "BBBTest",
    "off": 21603,
    "sff": "BBB"
  },
  {
    "docID": "N141 Deng 2008",
    "et": "BBBTest",
    "off": 22098,
    "sff": "BBB"
  },
  {
    "docID": "N141 Deng 2008",
    "et": "BBBTest",
    "off": 9802,
    "sff": "BBB"
  },
  {
    "docID": "N141 Deng 2008",
    "et": "BBBTest",
    "off": 13786,
    "sff": "BBB"
  },
  {
    "docID": "N141 Deng 2008",
    "et": "BBBTest",
    "off": 21625,
    "sff": "BBB"
  },
  {
    "docID": "N141 Deng 2008",
    "et": "WalkingAnalysisParameter",
    "off": 13416,
    "sff": "analysis"
  },
  {
    "docID": "N141 Deng 2008",
    "et": "WalkingAnalysisParameter",
    "off": 17057,
    "sff": "analysis"
  },
  {
    "docID": "N141 Deng 2008",
    "et": "SurfaceRightingReflexTest",
    "off": 14022,
    "sff": "surface"
  },
  {
    "docID": "N141 Deng 2008",
    "et": "SpinalSubduralArea",
    "off": 11566,
    "sff": "spinal"
  },
  {
    "docID": "N141 Deng 2008",
    "et": "SpinalSubduralArea",
    "off": 15919,
    "sff": "spinal"
  },
  {
    "docID": "N141 Deng 2008",
    "et": "SpinalSubduralArea",
    "off": 29934,
    "sff": "spinal"
  },
  {
    "docID": "N141 Deng 2008",
    "et": "SpinalSubduralArea",
    "off": 32364,
    "sff": "spinal"
  },
  {
    "docID": "N141 Deng 2008",
    "et": "SpinalSubduralArea",
    "off": 9136,
    "sff": "spinal"
  },
  {
    "docID": "N141 Deng 2008",
    "et": "SpinalSubduralArea",
    "off": 2161,
    "sff": "spinal"
  },
  {
    "docID": "N141 Deng 2008",
    "et": "SpinalSubduralArea",
    "off": 30567,
    "sff": "spinal"
  },
  {
    "docID": "N141 Deng 2008",
    "et": "SpinalSubduralArea",
    "off": 2986,
    "sff": "spinal"
  },
  {
    "docID": "N141 Deng 2008",
    "et": "SpinalSubduralArea",
    "off": 13224,
    "sff": "spinal"
  },
  {
    "docID": "N141 Deng 2008",
    "et": "SpinalSubduralArea",
    "off": 23656,
    "sff": "spinal"
  },
  {
    "docID": "N141 Deng 2008",
    "et": "SpinalSubduralArea",
    "off": 16253,
    "sff": "spinal"
  },
  {
    "docID": "N141 Deng 2008",
    "et": "SpinalSubduralArea",
    "off": 25853,
    "sff": "spinal"
  },
  {
    "docID": "N141 Deng 2008",
    "et": "SpinalSubduralArea",
    "off": 30781,
    "sff": "spinal"
  },
  {
    "docID": "N141 Deng 2008",
    "et": "SpinalSubduralArea",
    "off": 31805,
    "sff": "spinal"
  },
  {
    "docID": "N141 Deng 2008",
    "et": "SpinalSubduralArea",
    "off": 125,
    "sff": "spinal"
  },
  {
    "docID": "N141 Deng 2008",
    "et": "SpinalSubduralArea",
    "off": 19266,
    "sff": "spinal"
  },
  {
    "docID": "N141 Deng 2008",
    "et": "SpinalSubduralArea",
    "off": 31554,
    "sff": "spinal"
  },
  {
    "docID": "N141 Deng 2008",
    "et": "SpinalSubduralArea",
    "off": 18231,
    "sff": "spinal"
  },
  {
    "docID": "N141 Deng 2008",
    "et": "SpinalSubduralArea",
    "off": 29057,
    "sff": "Spinal"
  },
  {
    "docID": "N141 Deng 2008",
    "et": "SpinalSubduralArea",
    "off": 11404,
    "sff": "spinal"
  },
  {
    "docID": "N141 Deng 2008",
    "et": "SpinalSubduralArea",
    "off": 29840,
    "sff": "spinal"
  },
  {
    "docID": "N141 Deng 2008",
    "et": "SpinalSubduralArea",
    "off": 710,
    "sff": "spinal"
  },
  {
    "docID": "N141 Deng 2008",
    "et": "SpinalSubduralArea",
    "off": 12038,
    "sff": "spinal"
  },
  {
    "docID": "N141 Deng 2008",
    "et": "SpinalSubduralArea",
    "off": 31307,
    "sff": "spinal"
  },
  {
    "docID": "N141 Deng 2008",
    "et": "SpinalSubduralArea",
    "off": 30920,
    "sff": "spinal"
  },
  {
    "docID": "N141 Deng 2008",
    "et": "SpinalSubduralArea",
    "off": 30430,
    "sff": "spinal"
  },
  {
    "docID": "N141 Deng 2008",
    "et": "SpinalSubduralArea",
    "off": 5026,
    "sff": "spinal"
  },
  {
    "docID": "N141 Deng 2008",
    "et": "SpinalSubduralArea",
    "off": 22294,
    "sff": "spinal"
  },
  {
    "docID": "N141 Deng 2008",
    "et": "SpinalSubduralArea",
    "off": 29205,
    "sff": "spinal"
  },
  {
    "docID": "N141 Deng 2008",
    "et": "SpinalSubduralArea",
    "off": 11541,
    "sff": "spinal"
  },
  {
    "docID": "N141 Deng 2008",
    "et": "SpinalSubduralArea",
    "off": 15700,
    "sff": "spinal"
  },
  {
    "docID": "N141 Deng 2008",
    "et": "SpinalSubduralArea",
    "off": 1176,
    "sff": "spinal"
  },
  {
    "docID": "N141 Deng 2008",
    "et": "SpinalSubduralArea",
    "off": 29337,
    "sff": "spinal"
  },
  {
    "docID": "N141 Deng 2008",
    "et": "SpinalSubduralArea",
    "off": 29657,
    "sff": "spinal"
  },
  {
    "docID": "N141 Deng 2008",
    "et": "StainingArea",
    "off": 11859,
    "sff": "staining"
  },
  {
    "docID": "N141 Deng 2008",
    "et": "StainingArea",
    "off": 11875,
    "sff": "staining"
  },
  {
    "docID": "N141 Deng 2008",
    "et": "StainingArea",
    "off": 11923,
    "sff": "staining"
  },
  {
    "docID": "N141 Deng 2008",
    "et": "StainingArea",
    "off": 14391,
    "sff": "staining"
  },
  {
    "docID": "N141 Deng 2008",
    "et": "StainingArea",
    "off": 14967,
    "sff": "staining"
  },
  {
    "docID": "N141 Deng 2008",
    "et": "StainingArea",
    "off": 21563,
    "sff": "staining"
  },
  {
    "docID": "N141 Deng 2008",
    "et": "StainingArea",
    "off": 11722,
    "sff": "staining"
  },
  {
    "docID": "N141 Deng 2008",
    "et": "StainingArea",
    "off": 12378,
    "sff": "staining"
  },
  {
    "docID": "N141 Deng 2008",
    "et": "StainingArea",
    "off": 18654,
    "sff": "staining"
  },
  {
    "docID": "N141 Deng 2008",
    "et": "CentralCanal",
    "off": 9234,
    "sff": "central"
  },
  {
    "docID": "N141 Deng 2008",
    "et": "CentralCanal",
    "off": 4298,
    "sff": "central"
  },
  {
    "docID": "N141 Deng 2008",
    "et": "SpinalFiberTract",
    "off": 1176,
    "sff": "spinal"
  },
  {
    "docID": "N141 Deng 2008",
    "et": "SpinalFiberTract",
    "off": 29337,
    "sff": "spinal"
  },
  {
    "docID": "N141 Deng 2008",
    "et": "SpinalFiberTract",
    "off": 29657,
    "sff": "spinal"
  },
  {
    "docID": "N141 Deng 2008",
    "et": "SpinalFiberTract",
    "off": 15700,
    "sff": "spinal"
  },
  {
    "docID": "N141 Deng 2008",
    "et": "SpinalFiberTract",
    "off": 22294,
    "sff": "spinal"
  },
  {
    "docID": "N141 Deng 2008",
    "et": "SpinalFiberTract",
    "off": 11541,
    "sff": "spinal"
  },
  {
    "docID": "N141 Deng 2008",
    "et": "SpinalFiberTract",
    "off": 29205,
    "sff": "spinal"
  },
  {
    "docID": "N141 Deng 2008",
    "et": "SpinalFiberTract",
    "off": 5026,
    "sff": "spinal"
  },
  {
    "docID": "N141 Deng 2008",
    "et": "SpinalFiberTract",
    "off": 30430,
    "sff": "spinal"
  },
  {
    "docID": "N141 Deng 2008",
    "et": "SpinalFiberTract",
    "off": 13224,
    "sff": "spinal"
  },
  {
    "docID": "N141 Deng 2008",
    "et": "SpinalFiberTract",
    "off": 23656,
    "sff": "spinal"
  },
  {
    "docID": "N141 Deng 2008",
    "et": "SpinalFiberTract",
    "off": 30567,
    "sff": "spinal"
  },
  {
    "docID": "N141 Deng 2008",
    "et": "SpinalFiberTract",
    "off": 2986,
    "sff": "spinal"
  },
  {
    "docID": "N141 Deng 2008",
    "et": "SpinalFiberTract",
    "off": 9136,
    "sff": "spinal"
  },
  {
    "docID": "N141 Deng 2008",
    "et": "SpinalFiberTract",
    "off": 15919,
    "sff": "spinal"
  },
  {
    "docID": "N141 Deng 2008",
    "et": "SpinalFiberTract",
    "off": 2161,
    "sff": "spinal"
  },
  {
    "docID": "N141 Deng 2008",
    "et": "SpinalFiberTract",
    "off": 6584,
    "sff": "fiber"
  },
  {
    "docID": "N141 Deng 2008",
    "et": "SpinalFiberTract",
    "off": 32364,
    "sff": "spinal"
  },
  {
    "docID": "N141 Deng 2008",
    "et": "SpinalFiberTract",
    "off": 11566,
    "sff": "spinal"
  },
  {
    "docID": "N141 Deng 2008",
    "et": "SpinalFiberTract",
    "off": 29934,
    "sff": "spinal"
  },
  {
    "docID": "N141 Deng 2008",
    "et": "SpinalFiberTract",
    "off": 18231,
    "sff": "spinal"
  },
  {
    "docID": "N141 Deng 2008",
    "et": "SpinalFiberTract",
    "off": 19266,
    "sff": "spinal"
  },
  {
    "docID": "N141 Deng 2008",
    "et": "SpinalFiberTract",
    "off": 31554,
    "sff": "spinal"
  },
  {
    "docID": "N141 Deng 2008",
    "et": "SpinalFiberTract",
    "off": 29057,
    "sff": "Spinal"
  },
  {
    "docID": "N141 Deng 2008",
    "et": "SpinalFiberTract",
    "off": 125,
    "sff": "spinal"
  },
  {
    "docID": "N141 Deng 2008",
    "et": "SpinalFiberTract",
    "off": 16253,
    "sff": "spinal"
  },
  {
    "docID": "N141 Deng 2008",
    "et": "SpinalFiberTract",
    "off": 25853,
    "sff": "spinal"
  },
  {
    "docID": "N141 Deng 2008",
    "et": "SpinalFiberTract",
    "off": 30781,
    "sff": "spinal"
  },
  {
    "docID": "N141 Deng 2008",
    "et": "SpinalFiberTract",
    "off": 31805,
    "sff": "spinal"
  },
  {
    "docID": "N141 Deng 2008",
    "et": "SpinalFiberTract",
    "off": 30920,
    "sff": "spinal"
  },
  {
    "docID": "N141 Deng 2008",
    "et": "SpinalFiberTract",
    "off": 710,
    "sff": "spinal"
  },
  {
    "docID": "N141 Deng 2008",
    "et": "SpinalFiberTract",
    "off": 12038,
    "sff": "spinal"
  },
  {
    "docID": "N141 Deng 2008",
    "et": "SpinalFiberTract",
    "off": 29840,
    "sff": "spinal"
  },
  {
    "docID": "N141 Deng 2008",
    "et": "SpinalFiberTract",
    "off": 11404,
    "sff": "spinal"
  },
  {
    "docID": "N141 Deng 2008",
    "et": "SpinalFiberTract",
    "off": 31307,
    "sff": "spinal"
  },
  {
    "docID": "N141 Deng 2008",
    "et": "SpinalFiberTract",
    "off": 6746,
    "sff": "fiber"
  },
  {
    "docID": "N141 Deng 2008",
    "et": "SpinalVentralHalf",
    "off": 31307,
    "sff": "spinal"
  },
  {
    "docID": "N141 Deng 2008",
    "et": "SpinalVentralHalf",
    "off": 30920,
    "sff": "spinal"
  },
  {
    "docID": "N141 Deng 2008",
    "et": "SpinalVentralHalf",
    "off": 12038,
    "sff": "spinal"
  },
  {
    "docID": "N141 Deng 2008",
    "et": "SpinalVentralHalf",
    "off": 710,
    "sff": "spinal"
  },
  {
    "docID": "N141 Deng 2008",
    "et": "SpinalVentralHalf",
    "off": 19266,
    "sff": "spinal"
  },
  {
    "docID": "N141 Deng 2008",
    "et": "SpinalVentralHalf",
    "off": 31554,
    "sff": "spinal"
  },
  {
    "docID": "N141 Deng 2008",
    "et": "SpinalVentralHalf",
    "off": 125,
    "sff": "spinal"
  },
  {
    "docID": "N141 Deng 2008",
    "et": "SpinalVentralHalf",
    "off": 29057,
    "sff": "Spinal"
  },
  {
    "docID": "N141 Deng 2008",
    "et": "SpinalVentralHalf",
    "off": 16253,
    "sff": "spinal"
  },
  {
    "docID": "N141 Deng 2008",
    "et": "SpinalVentralHalf",
    "off": 25853,
    "sff": "spinal"
  },
  {
    "docID": "N141 Deng 2008",
    "et": "SpinalVentralHalf",
    "off": 30781,
    "sff": "spinal"
  },
  {
    "docID": "N141 Deng 2008",
    "et": "SpinalVentralHalf",
    "off": 31805,
    "sff": "spinal"
  },
  {
    "docID": "N141 Deng 2008",
    "et": "SpinalVentralHalf",
    "off": 18231,
    "sff": "spinal"
  },
  {
    "docID": "N141 Deng 2008",
    "et": "SpinalVentralHalf",
    "off": 2161,
    "sff": "spinal"
  },
  {
    "docID": "N141 Deng 2008",
    "et": "SpinalVentralHalf",
    "off": 9136,
    "sff": "spinal"
  },
  {
    "docID": "N141 Deng 2008",
    "et": "SpinalVentralHalf",
    "off": 11566,
    "sff": "spinal"
  },
  {
    "docID": "N141 Deng 2008",
    "et": "SpinalVentralHalf",
    "off": 29934,
    "sff": "spinal"
  },
  {
    "docID": "N141 Deng 2008",
    "et": "SpinalVentralHalf",
    "off": 15919,
    "sff": "spinal"
  },
  {
    "docID": "N141 Deng 2008",
    "et": "SpinalVentralHalf",
    "off": 32364,
    "sff": "spinal"
  },
  {
    "docID": "N141 Deng 2008",
    "et": "SpinalVentralHalf",
    "off": 13224,
    "sff": "spinal"
  },
  {
    "docID": "N141 Deng 2008",
    "et": "SpinalVentralHalf",
    "off": 23656,
    "sff": "spinal"
  },
  {
    "docID": "N141 Deng 2008",
    "et": "SpinalVentralHalf",
    "off": 2986,
    "sff": "spinal"
  },
  {
    "docID": "N141 Deng 2008",
    "et": "SpinalVentralHalf",
    "off": 30567,
    "sff": "spinal"
  },
  {
    "docID": "N141 Deng 2008",
    "et": "SpinalVentralHalf",
    "off": 5026,
    "sff": "spinal"
  },
  {
    "docID": "N141 Deng 2008",
    "et": "SpinalVentralHalf",
    "off": 30430,
    "sff": "spinal"
  },
  {
    "docID": "N141 Deng 2008",
    "et": "SpinalVentralHalf",
    "off": 1176,
    "sff": "spinal"
  },
  {
    "docID": "N141 Deng 2008",
    "et": "SpinalVentralHalf",
    "off": 29337,
    "sff": "spinal"
  },
  {
    "docID": "N141 Deng 2008",
    "et": "SpinalVentralHalf",
    "off": 29657,
    "sff": "spinal"
  },
  {
    "docID": "N141 Deng 2008",
    "et": "SpinalVentralHalf",
    "off": 22294,
    "sff": "spinal"
  },
  {
    "docID": "N141 Deng 2008",
    "et": "SpinalVentralHalf",
    "off": 15700,
    "sff": "spinal"
  },
  {
    "docID": "N141 Deng 2008",
    "et": "SpinalVentralHalf",
    "off": 11541,
    "sff": "spinal"
  },
  {
    "docID": "N141 Deng 2008",
    "et": "SpinalVentralHalf",
    "off": 29205,
    "sff": "spinal"
  },
  {
    "docID": "N141 Deng 2008",
    "et": "SpinalVentralHalf",
    "off": 29840,
    "sff": "spinal"
  },
  {
    "docID": "N141 Deng 2008",
    "et": "SpinalVentralHalf",
    "off": 11404,
    "sff": "spinal"
  },
  {
    "docID": "N141 Deng 2008",
    "et": "TissueSparingTest",
    "off": 11174,
    "sff": "Tissue"
  },
  {
    "docID": "N141 Deng 2008",
    "et": "TissueSparingTest",
    "off": 24971,
    "sff": "tissue"
  },
  {
    "docID": "N141 Deng 2008",
    "et": "TissueSparingTest",
    "off": 20814,
    "sff": "tissue"
  },
  {
    "docID": "N141 Deng 2008",
    "et": "TissueSparingTest",
    "off": 466,
    "sff": "Tissue"
  },
  {
    "docID": "N141 Deng 2008",
    "et": "TissueSparingTest",
    "off": 30712,
    "sff": "tissue"
  },
  {
    "docID": "N141 Deng 2008",
    "et": "TissueSparingTest",
    "off": 6849,
    "sff": "Tissue"
  },
  {
    "docID": "N141 Deng 2008",
    "et": "TissueSparingTest",
    "off": 6841,
    "sff": "tissue"
  },
  {
    "docID": "N141 Deng 2008",
    "et": "TissueSparingTest",
    "off": 14915,
    "sff": "tissue"
  },
  {
    "docID": "N141 Deng 2008",
    "et": "TissueSparingTest",
    "off": 28719,
    "sff": "tissue"
  },
  {
    "docID": "N141 Deng 2008",
    "et": "SpinalFiber",
    "off": 32364,
    "sff": "spinal"
  },
  {
    "docID": "N141 Deng 2008",
    "et": "SpinalFiber",
    "off": 2986,
    "sff": "spinal"
  },
  {
    "docID": "N141 Deng 2008",
    "et": "SpinalFiber",
    "off": 30567,
    "sff": "spinal"
  },
  {
    "docID": "N141 Deng 2008",
    "et": "SpinalFiber",
    "off": 13224,
    "sff": "spinal"
  },
  {
    "docID": "N141 Deng 2008",
    "et": "SpinalFiber",
    "off": 23656,
    "sff": "spinal"
  },
  {
    "docID": "N141 Deng 2008",
    "et": "SpinalFiber",
    "off": 5026,
    "sff": "spinal"
  },
  {
    "docID": "N141 Deng 2008",
    "et": "SpinalFiber",
    "off": 30430,
    "sff": "spinal"
  },
  {
    "docID": "N141 Deng 2008",
    "et": "SpinalFiber",
    "off": 18231,
    "sff": "spinal"
  },
  {
    "docID": "N141 Deng 2008",
    "et": "SpinalFiber",
    "off": 2161,
    "sff": "spinal"
  },
  {
    "docID": "N141 Deng 2008",
    "et": "SpinalFiber",
    "off": 15919,
    "sff": "spinal"
  },
  {
    "docID": "N141 Deng 2008",
    "et": "SpinalFiber",
    "off": 9136,
    "sff": "spinal"
  },
  {
    "docID": "N141 Deng 2008",
    "et": "SpinalFiber",
    "off": 11566,
    "sff": "spinal"
  },
  {
    "docID": "N141 Deng 2008",
    "et": "SpinalFiber",
    "off": 29934,
    "sff": "spinal"
  },
  {
    "docID": "N141 Deng 2008",
    "et": "SpinalFiber",
    "off": 31307,
    "sff": "spinal"
  },
  {
    "docID": "N141 Deng 2008",
    "et": "SpinalFiber",
    "off": 11404,
    "sff": "spinal"
  },
  {
    "docID": "N141 Deng 2008",
    "et": "SpinalFiber",
    "off": 710,
    "sff": "spinal"
  },
  {
    "docID": "N141 Deng 2008",
    "et": "SpinalFiber",
    "off": 30920,
    "sff": "spinal"
  },
  {
    "docID": "N141 Deng 2008",
    "et": "SpinalFiber",
    "off": 12038,
    "sff": "spinal"
  },
  {
    "docID": "N141 Deng 2008",
    "et": "SpinalFiber",
    "off": 19266,
    "sff": "spinal"
  },
  {
    "docID": "N141 Deng 2008",
    "et": "SpinalFiber",
    "off": 31554,
    "sff": "spinal"
  },
  {
    "docID": "N141 Deng 2008",
    "et": "SpinalFiber",
    "off": 29057,
    "sff": "Spinal"
  },
  {
    "docID": "N141 Deng 2008",
    "et": "SpinalFiber",
    "off": 125,
    "sff": "spinal"
  },
  {
    "docID": "N141 Deng 2008",
    "et": "SpinalFiber",
    "off": 16253,
    "sff": "spinal"
  },
  {
    "docID": "N141 Deng 2008",
    "et": "SpinalFiber",
    "off": 25853,
    "sff": "spinal"
  },
  {
    "docID": "N141 Deng 2008",
    "et": "SpinalFiber",
    "off": 30781,
    "sff": "spinal"
  },
  {
    "docID": "N141 Deng 2008",
    "et": "SpinalFiber",
    "off": 31805,
    "sff": "spinal"
  },
  {
    "docID": "N141 Deng 2008",
    "et": "SpinalFiber",
    "off": 29337,
    "sff": "spinal"
  },
  {
    "docID": "N141 Deng 2008",
    "et": "SpinalFiber",
    "off": 29657,
    "sff": "spinal"
  },
  {
    "docID": "N141 Deng 2008",
    "et": "SpinalFiber",
    "off": 1176,
    "sff": "spinal"
  },
  {
    "docID": "N141 Deng 2008",
    "et": "SpinalFiber",
    "off": 11541,
    "sff": "spinal"
  },
  {
    "docID": "N141 Deng 2008",
    "et": "SpinalFiber",
    "off": 29205,
    "sff": "spinal"
  },
  {
    "docID": "N141 Deng 2008",
    "et": "SpinalFiber",
    "off": 22294,
    "sff": "spinal"
  },
  {
    "docID": "N141 Deng 2008",
    "et": "SpinalFiber",
    "off": 15700,
    "sff": "spinal"
  },
  {
    "docID": "N141 Deng 2008",
    "et": "SpinalFiber",
    "off": 29840,
    "sff": "spinal"
  },
  {
    "docID": "N141 Deng 2008",
    "et": "MotorReflexTest",
    "off": 27558,
    "sff": "motor"
  },
  {
    "docID": "N141 Deng 2008",
    "et": "MotorReflexTest",
    "off": 22315,
    "sff": "motor"
  },
  {
    "docID": "N141 Deng 2008",
    "et": "MotorReflexTest",
    "off": 24235,
    "sff": "motor"
  },
  {
    "docID": "N141 Deng 2008",
    "et": "MotorReflexTest",
    "off": 9754,
    "sff": "motor"
  },
  {
    "docID": "N141 Deng 2008",
    "et": "SurvivalObservation",
    "off": 23579,
    "sff": "survival"
  },
  {
    "docID": "N141 Deng 2008",
    "et": "SurvivalObservation",
    "off": 25759,
    "sff": "survival"
  },
  {
    "docID": "N141 Deng 2008",
    "et": "SurvivalObservation",
    "off": 3331,
    "sff": "survival"
  },
  {
    "docID": "N141 Deng 2008",
    "et": "SurvivalObservation",
    "off": 19747,
    "sff": "survival"
  },
  {
    "docID": "N141 Deng 2008",
    "et": "SurvivalObservation",
    "off": 24759,
    "sff": "survival"
  },
  {
    "docID": "N141 Deng 2008",
    "et": "InfectionExamination",
    "off": 9498,
    "sff": "infection"
  },
  {
    "docID": "N141 Deng 2008",
    "et": "InfectionExamination",
    "off": 8653,
    "sff": "infection"
  },
  {
    "docID": "N141 Deng 2008",
    "et": "Left",
    "off": 10506,
    "sff": "left"
  },
  {
    "docID": "N141 Deng 2008",
    "et": "GeneExpressionAnalysis",
    "off": 26226,
    "sff": "expression"
  },
  {
    "docID": "N141 Deng 2008",
    "et": "GeneExpressionAnalysis",
    "off": 23341,
    "sff": "gene"
  },
  {
    "docID": "N141 Deng 2008",
    "et": "GeneExpressionAnalysis",
    "off": 17204,
    "sff": "Expression"
  },
  {
    "docID": "N141 Deng 2008",
    "et": "GeneExpressionAnalysis",
    "off": 27067,
    "sff": "expression"
  },
  {
    "docID": "N141 Deng 2008",
    "et": "GeneExpressionAnalysis",
    "off": 16634,
    "sff": "expression"
  },
  {
    "docID": "N141 Deng 2008",
    "et": "GeneExpressionAnalysis",
    "off": 7460,
    "sff": "expression"
  },
  {
    "docID": "N141 Deng 2008",
    "et": "AxonalRegenerationTest",
    "off": 29609,
    "sff": "axonal regeneration"
  },
  {
    "docID": "N141 Deng 2008",
    "et": "AxonalRegenerationTest",
    "off": 32338,
    "sff": "axonal"
  },
  {
    "docID": "N141 Deng 2008",
    "et": "AxonalRegenerationTest",
    "off": 11916,
    "sff": "axonal"
  },
  {
    "docID": "N141 Deng 2008",
    "et": "AxonalRegenerationTest",
    "off": 2237,
    "sff": "axonal"
  },
  {
    "docID": "N141 Deng 2008",
    "et": "AxonalRegenerationTest",
    "off": 3298,
    "sff": "axonal regeneration"
  },
  {
    "docID": "N141 Deng 2008",
    "et": "SubstanceApplicationLocation",
    "off": 23365,
    "sff": "application"
  },
  {
    "docID": "N141 Deng 2008",
    "et": "SubstanceApplicationLocation",
    "off": 30950,
    "sff": "application"
  },
  {
    "docID": "N141 Deng 2008",
    "et": "ProteinLevelAnalysis",
    "off": 8546,
    "sff": "protein"
  },
  {
    "docID": "N141 Deng 2008",
    "et": "ProteinLevelAnalysis",
    "off": 6451,
    "sff": "protein"
  },
  {
    "docID": "N141 Deng 2008",
    "et": "NeurologicScalesTest",
    "off": 23132,
    "sff": "neurologic"
  },
  {
    "docID": "N141 Deng 2008",
    "et": "NeurologicScalesTest",
    "off": 27523,
    "sff": "neurologic"
  },
  {
    "docID": "N141 Deng 2008",
    "et": "SpinalLesionSite",
    "off": 30567,
    "sff": "spinal"
  },
  {
    "docID": "N141 Deng 2008",
    "et": "SpinalLesionSite",
    "off": 5026,
    "sff": "spinal"
  },
  {
    "docID": "N141 Deng 2008",
    "et": "SpinalLesionSite",
    "off": 14508,
    "sff": "lesion"
  },
  {
    "docID": "N141 Deng 2008",
    "et": "SpinalLesionSite",
    "off": 11566,
    "sff": "spinal"
  },
  {
    "docID": "N141 Deng 2008",
    "et": "SpinalLesionSite",
    "off": 29934,
    "sff": "spinal"
  },
  {
    "docID": "N141 Deng 2008",
    "et": "SpinalLesionSite",
    "off": 15919,
    "sff": "spinal"
  },
  {
    "docID": "N141 Deng 2008",
    "et": "SpinalLesionSite",
    "off": 32364,
    "sff": "spinal"
  },
  {
    "docID": "N141 Deng 2008",
    "et": "SpinalLesionSite",
    "off": 2986,
    "sff": "spinal"
  },
  {
    "docID": "N141 Deng 2008",
    "et": "SpinalLesionSite",
    "off": 2275,
    "sff": "lesion"
  },
  {
    "docID": "N141 Deng 2008",
    "et": "SpinalLesionSite",
    "off": 13224,
    "sff": "spinal"
  },
  {
    "docID": "N141 Deng 2008",
    "et": "SpinalLesionSite",
    "off": 23656,
    "sff": "spinal"
  },
  {
    "docID": "N141 Deng 2008",
    "et": "SpinalLesionSite",
    "off": 18231,
    "sff": "spinal"
  },
  {
    "docID": "N141 Deng 2008",
    "et": "SpinalLesionSite",
    "off": 9136,
    "sff": "spinal"
  },
  {
    "docID": "N141 Deng 2008",
    "et": "SpinalLesionSite",
    "off": 2161,
    "sff": "spinal"
  },
  {
    "docID": "N141 Deng 2008",
    "et": "SpinalLesionSite",
    "off": 125,
    "sff": "spinal"
  },
  {
    "docID": "N141 Deng 2008",
    "et": "SpinalLesionSite",
    "off": 16253,
    "sff": "spinal"
  },
  {
    "docID": "N141 Deng 2008",
    "et": "SpinalLesionSite",
    "off": 25853,
    "sff": "spinal"
  },
  {
    "docID": "N141 Deng 2008",
    "et": "SpinalLesionSite",
    "off": 30781,
    "sff": "spinal"
  },
  {
    "docID": "N141 Deng 2008",
    "et": "SpinalLesionSite",
    "off": 31805,
    "sff": "spinal"
  },
  {
    "docID": "N141 Deng 2008",
    "et": "SpinalLesionSite",
    "off": 710,
    "sff": "spinal"
  },
  {
    "docID": "N141 Deng 2008",
    "et": "SpinalLesionSite",
    "off": 12038,
    "sff": "spinal"
  },
  {
    "docID": "N141 Deng 2008",
    "et": "SpinalLesionSite",
    "off": 29057,
    "sff": "Spinal"
  },
  {
    "docID": "N141 Deng 2008",
    "et": "SpinalLesionSite",
    "off": 19266,
    "sff": "spinal"
  },
  {
    "docID": "N141 Deng 2008",
    "et": "SpinalLesionSite",
    "off": 31554,
    "sff": "spinal"
  },
  {
    "docID": "N141 Deng 2008",
    "et": "SpinalLesionSite",
    "off": 11404,
    "sff": "spinal"
  },
  {
    "docID": "N141 Deng 2008",
    "et": "SpinalLesionSite",
    "off": 31307,
    "sff": "spinal"
  },
  {
    "docID": "N141 Deng 2008",
    "et": "SpinalLesionSite",
    "off": 30920,
    "sff": "spinal"
  },
  {
    "docID": "N141 Deng 2008",
    "et": "SpinalLesionSite",
    "off": 22294,
    "sff": "spinal"
  },
  {
    "docID": "N141 Deng 2008",
    "et": "SpinalLesionSite",
    "off": 15700,
    "sff": "spinal"
  },
  {
    "docID": "N141 Deng 2008",
    "et": "SpinalLesionSite",
    "off": 11541,
    "sff": "spinal"
  },
  {
    "docID": "N141 Deng 2008",
    "et": "SpinalLesionSite",
    "off": 29205,
    "sff": "spinal"
  },
  {
    "docID": "N141 Deng 2008",
    "et": "SpinalLesionSite",
    "off": 29840,
    "sff": "spinal"
  },
  {
    "docID": "N141 Deng 2008",
    "et": "SpinalLesionSite",
    "off": 30430,
    "sff": "spinal"
  },
  {
    "docID": "N141 Deng 2008",
    "et": "SpinalLesionSite",
    "off": 1176,
    "sff": "spinal"
  },
  {
    "docID": "N141 Deng 2008",
    "et": "SpinalLesionSite",
    "off": 29337,
    "sff": "spinal"
  },
  {
    "docID": "N141 Deng 2008",
    "et": "SpinalLesionSite",
    "off": 29657,
    "sff": "spinal"
  },
  {
    "docID": "N141 Deng 2008",
    "et": "T9",
    "off": 7752,
    "sff": "T9"
  },
  {
    "docID": "N141 Deng 2008",
    "et": "T9",
    "off": 11523,
    "sff": "T9"
  },
  {
    "docID": "N141 Deng 2008",
    "et": "LesionVolumeTest",
    "off": 2275,
    "sff": "lesion"
  },
  {
    "docID": "N141 Deng 2008",
    "et": "LesionVolumeTest",
    "off": 14508,
    "sff": "lesion"
  },
  {
    "docID": "N141 Deng 2008",
    "et": "Latency",
    "off": 1477,
    "sff": "latency"
  },
  {
    "docID": "N141 Deng 2008",
    "et": "Latency",
    "off": 11050,
    "sff": "latency"
  },
  {
    "docID": "N141 Deng 2008",
    "et": "Latency",
    "off": 22174,
    "sff": "latency"
  },
  {
    "docID": "N141 Deng 2008",
    "et": "Latency",
    "off": 22139,
    "sff": "Latency"
  },
  {
    "docID": "N141 Deng 2008",
    "et": "Latency",
    "off": 13888,
    "sff": "latency"
  },
  {
    "docID": "N141 Deng 2008",
    "et": "SchwannCellChangesTest",
    "off": 5523,
    "sff": "cell"
  },
  {
    "docID": "N141 Deng 2008",
    "et": "SchwannCellChangesTest",
    "off": 24854,
    "sff": "cell"
  },
  {
    "docID": "N141 Deng 2008",
    "et": "SchwannCellChangesTest",
    "off": 25047,
    "sff": "cell"
  },
  {
    "docID": "N141 Deng 2008",
    "et": "SchwannCellChangesTest",
    "off": 4812,
    "sff": "cell"
  },
  {
    "docID": "N141 Deng 2008",
    "et": "SchwannCellChangesTest",
    "off": 23885,
    "sff": "cell"
  },
  {
    "docID": "N141 Deng 2008",
    "et": "SchwannCellChangesTest",
    "off": 23761,
    "sff": "cell"
  },
  {
    "docID": "N141 Deng 2008",
    "et": "SchwannCellChangesTest",
    "off": 24465,
    "sff": "cell"
  },
  {
    "docID": "N141 Deng 2008",
    "et": "SchwannCellChangesTest",
    "off": 5454,
    "sff": "cell"
  },
  {
    "docID": "N141 Deng 2008",
    "et": "SchwannCellChangesTest",
    "off": 13966,
    "sff": "cell"
  },
  {
    "docID": "N141 Deng 2008",
    "et": "SchwannCellChangesTest",
    "off": 5700,
    "sff": "cell"
  },
  {
    "docID": "N141 Deng 2008",
    "et": "SchwannCellChangesTest",
    "off": 457,
    "sff": "Cell"
  },
  {
    "docID": "N141 Deng 2008",
    "et": "SchwannCellChangesTest",
    "off": 29505,
    "sff": "cell"
  },
  {
    "docID": "N141 Deng 2008",
    "et": "SchwannCellChangesTest",
    "off": 7604,
    "sff": "cell"
  },
  {
    "docID": "N141 Deng 2008",
    "et": "SchwannCellChangesTest",
    "off": 26677,
    "sff": "cell"
  },
  {
    "docID": "N141 Deng 2008",
    "et": "SchwannCellChangesTest",
    "off": 9015,
    "sff": "Cell"
  },
  {
    "docID": "N141 Deng 2008",
    "et": "SchwannCellChangesTest",
    "off": 2484,
    "sff": "cell"
  },
  {
    "docID": "N141 Deng 2008",
    "et": "SchwannCellChangesTest",
    "off": 9075,
    "sff": "cell"
  },
  {
    "docID": "N141 Deng 2008",
    "et": "SchwannCellChangesTest",
    "off": 30963,
    "sff": "Cell"
  },
  {
    "docID": "N141 Deng 2008",
    "et": "SchwannCellChangesTest",
    "off": 2936,
    "sff": "cell"
  },
  {
    "docID": "N141 Deng 2008",
    "et": "SchwannCellChangesTest",
    "off": 18090,
    "sff": "cell"
  },
  {
    "docID": "N141 Deng 2008",
    "et": "SchwannCellChangesTest",
    "off": 4990,
    "sff": "Schwann"
  },
  {
    "docID": "N141 Deng 2008",
    "et": "SchwannCellChangesTest",
    "off": 5053,
    "sff": "Schwann"
  },
  {
    "docID": "N141 Deng 2008",
    "et": "SchwannCellChangesTest",
    "off": 28654,
    "sff": "cell"
  },
  {
    "docID": "N141 Deng 2008",
    "et": "SchwannCellChangesTest",
    "off": 23547,
    "sff": "Schwann"
  },
  {
    "docID": "N141 Deng 2008",
    "et": "SchwannCellChangesTest",
    "off": 30181,
    "sff": "cell"
  },
  {
    "docID": "N141 Deng 2008",
    "et": "SchwannCellChangesTest",
    "off": 3237,
    "sff": "cell"
  },
  {
    "docID": "N141 Deng 2008",
    "et": "SchwannCellChangesTest",
    "off": 13863,
    "sff": "cell"
  },
  {
    "docID": "N141 Deng 2008",
    "et": "SchwannCellChangesTest",
    "off": 18535,
    "sff": "cell"
  },
  {
    "docID": "N141 Deng 2008",
    "et": "SchwannCellChangesTest",
    "off": 18138,
    "sff": "cell"
  },
  {
    "docID": "N141 Deng 2008",
    "et": "SchwannCellChangesTest",
    "off": 26394,
    "sff": "cell"
  },
  {
    "docID": "N141 Deng 2008",
    "et": "SchwannCellChangesTest",
    "off": 24928,
    "sff": "cell"
  },
  {
    "docID": "N141 Deng 2008",
    "et": "SchwannCellChangesTest",
    "off": 1310,
    "sff": "cell"
  },
  {
    "docID": "N141 Deng 2008",
    "et": "SchwannCellChangesTest",
    "off": 23495,
    "sff": "Schwann"
  },
  {
    "docID": "N141 Deng 2008",
    "et": "MotorNeurons",
    "off": 27558,
    "sff": "motor"
  },
  {
    "docID": "N141 Deng 2008",
    "et": "MotorNeurons",
    "off": 9754,
    "sff": "motor"
  },
  {
    "docID": "N141 Deng 2008",
    "et": "MotorNeurons",
    "off": 22315,
    "sff": "motor"
  },
  {
    "docID": "N141 Deng 2008",
    "et": "MotorNeurons",
    "off": 24235,
    "sff": "motor"
  },
  {
    "docID": "N141 Deng 2008",
    "et": "FunctionalTest",
    "off": 28443,
    "sff": "functional"
  },
  {
    "docID": "N141 Deng 2008",
    "et": "FunctionalTest",
    "off": 25084,
    "sff": "functional"
  },
  {
    "docID": "N141 Deng 2008",
    "et": "FunctionalTest",
    "off": 1225,
    "sff": "functional"
  },
  {
    "docID": "N141 Deng 2008",
    "et": "FunctionalTest",
    "off": 31850,
    "sff": "functional"
  },
  {
    "docID": "N141 Deng 2008",
    "et": "FunctionalTest",
    "off": 26839,
    "sff": "functional"
  },
  {
    "docID": "N141 Deng 2008",
    "et": "FunctionalTest",
    "off": 3443,
    "sff": "functional"
  },
  {
    "docID": "N141 Deng 2008",
    "et": "FunctionalTest",
    "off": 24099,
    "sff": "functional"
  },
  {
    "docID": "N141 Deng 2008",
    "et": "FunctionalTest",
    "off": 2868,
    "sff": "functional"
  },
  {
    "docID": "N141 Deng 2008",
    "et": "FunctionalTest",
    "off": 31268,
    "sff": "functional"
  },
  {
    "docID": "N141 Deng 2008",
    "et": "FunctionalTest",
    "off": 4913,
    "sff": "functional"
  },
  {
    "docID": "N141 Deng 2008",
    "et": "FunctionalTest",
    "off": 24528,
    "sff": "functional"
  },
  {
    "docID": "N141 Deng 2008",
    "et": "SecondaryDegenerationTest",
    "off": 12716,
    "sff": "secondary"
  },
  {
    "docID": "N141 Deng 2008",
    "et": "SecondaryDegenerationTest",
    "off": 12989,
    "sff": "secondary"
  },
  {
    "docID": "N141 Deng 2008",
    "et": "SecondaryDegenerationTest",
    "off": 12774,
    "sff": "secondary"
  },
  {
    "docID": "N141 Deng 2008",
    "et": "TreatmentSite",
    "off": 5304,
    "sff": "treatment"
  },
  {
    "docID": "N141 Deng 2008",
    "et": "TreatmentSite",
    "off": 13689,
    "sff": "treatment"
  },
  {
    "docID": "N141 Deng 2008",
    "et": "TreatmentSite",
    "off": 18456,
    "sff": "treatment"
  },
  {
    "docID": "N141 Deng 2008",
    "et": "TreatmentSite",
    "off": 13588,
    "sff": "treatment"
  },
  {
    "docID": "N141 Deng 2008",
    "et": "TreatmentSite",
    "off": 29490,
    "sff": "treatment"
  },
  {
    "docID": "N141 Deng 2008",
    "et": "TreatmentSite",
    "off": 9966,
    "sff": "treatment"
  },
  {
    "docID": "N141 Deng 2008",
    "et": "TreatmentSite",
    "off": 18540,
    "sff": "treatment"
  },
  {
    "docID": "N141 Deng 2008",
    "et": "TreatmentSite",
    "off": 2122,
    "sff": "treatment"
  },
  {
    "docID": "N141 Deng 2008",
    "et": "Longitudinal",
    "off": 16216,
    "sff": "longitudinal"
  },
  {
    "docID": "N141 Deng 2008",
    "et": "SpinalCord",
    "off": 25853,
    "sff": "spinal cord"
  },
  {
    "docID": "N141 Deng 2008",
    "et": "SpinalCord",
    "off": 30781,
    "sff": "spinal cord"
  },
  {
    "docID": "N141 Deng 2008",
    "et": "SpinalCord",
    "off": 31805,
    "sff": "spinal cord"
  },
  {
    "docID": "N141 Deng 2008",
    "et": "SpinalCord",
    "off": 18231,
    "sff": "spinal cord"
  },
  {
    "docID": "N141 Deng 2008",
    "et": "SpinalCord",
    "off": 31554,
    "sff": "spinal cord"
  },
  {
    "docID": "N141 Deng 2008",
    "et": "SpinalCord",
    "off": 19266,
    "sff": "spinal cord"
  },
  {
    "docID": "N141 Deng 2008",
    "et": "SpinalCord",
    "off": 29057,
    "sff": "Spinal cord"
  },
  {
    "docID": "N141 Deng 2008",
    "et": "SpinalCord",
    "off": 125,
    "sff": "spinal cord"
  },
  {
    "docID": "N141 Deng 2008",
    "et": "SpinalCord",
    "off": 16253,
    "sff": "spinal cord"
  },
  {
    "docID": "N141 Deng 2008",
    "et": "SpinalCord",
    "off": 29934,
    "sff": "spinal cord"
  },
  {
    "docID": "N141 Deng 2008",
    "et": "SpinalCord",
    "off": 2986,
    "sff": "spinal cord"
  },
  {
    "docID": "N141 Deng 2008",
    "et": "SpinalCord",
    "off": 1176,
    "sff": "spinal"
  },
  {
    "docID": "N141 Deng 2008",
    "et": "SpinalCord",
    "off": 13224,
    "sff": "spinal cord"
  },
  {
    "docID": "N141 Deng 2008",
    "et": "SpinalCord",
    "off": 30567,
    "sff": "spinal cord"
  },
  {
    "docID": "N141 Deng 2008",
    "et": "SpinalCord",
    "off": 2161,
    "sff": "spinal cord"
  },
  {
    "docID": "N141 Deng 2008",
    "et": "SpinalCord",
    "off": 23656,
    "sff": "spinal cord"
  },
  {
    "docID": "N141 Deng 2008",
    "et": "SpinalCord",
    "off": 9136,
    "sff": "spinal cord"
  },
  {
    "docID": "N141 Deng 2008",
    "et": "SpinalCord",
    "off": 15919,
    "sff": "spinal cord"
  },
  {
    "docID": "N141 Deng 2008",
    "et": "SpinalCord",
    "off": 32364,
    "sff": "spinal cord"
  },
  {
    "docID": "N141 Deng 2008",
    "et": "SpinalCord",
    "off": 30430,
    "sff": "spinal cord"
  },
  {
    "docID": "N141 Deng 2008",
    "et": "SpinalCord",
    "off": 11541,
    "sff": "spinal cord"
  },
  {
    "docID": "N141 Deng 2008",
    "et": "SpinalCord",
    "off": 29205,
    "sff": "spinal cord"
  },
  {
    "docID": "N141 Deng 2008",
    "et": "SpinalCord",
    "off": 22294,
    "sff": "spinal cord"
  },
  {
    "docID": "N141 Deng 2008",
    "et": "SpinalCord",
    "off": 5026,
    "sff": "spinal cord"
  },
  {
    "docID": "N141 Deng 2008",
    "et": "SpinalCord",
    "off": 29337,
    "sff": "spinal cord"
  },
  {
    "docID": "N141 Deng 2008",
    "et": "SpinalCord",
    "off": 29657,
    "sff": "spinal cord"
  },
  {
    "docID": "N141 Deng 2008",
    "et": "SpinalCord",
    "off": 11404,
    "sff": "spinal cord"
  },
  {
    "docID": "N141 Deng 2008",
    "et": "SpinalCord",
    "off": 29840,
    "sff": "spinal cord"
  },
  {
    "docID": "N141 Deng 2008",
    "et": "SpinalCord",
    "off": 710,
    "sff": "spinal cord"
  },
  {
    "docID": "N141 Deng 2008",
    "et": "SpinalCord",
    "off": 12038,
    "sff": "spinal cord"
  },
  {
    "docID": "N141 Deng 2008",
    "et": "SpinalCord",
    "off": 15700,
    "sff": "spinal cord"
  },
  {
    "docID": "N141 Deng 2008",
    "et": "SpinalCord",
    "off": 30920,
    "sff": "spinal cord"
  },
  {
    "docID": "N141 Deng 2008",
    "et": "SpinalCord",
    "off": 11566,
    "sff": "spinal"
  },
  {
    "docID": "N141 Deng 2008",
    "et": "SpinalCord",
    "off": 31307,
    "sff": "spinal cord"
  },
  {
    "docID": "N141 Deng 2008",
    "et": "LesionAdjacentTissue",
    "off": 14508,
    "sff": "lesion"
  },
  {
    "docID": "N141 Deng 2008",
    "et": "LesionAdjacentTissue",
    "off": 20929,
    "sff": "adjacent"
  },
  {
    "docID": "N141 Deng 2008",
    "et": "LesionAdjacentTissue",
    "off": 2275,
    "sff": "lesion"
  },
  {
    "docID": "N141 Deng 2008",
    "et": "GaitPawRotation",
    "off": 21998,
    "sff": "gait"
  },
  {
    "docID": "N141 Deng 2008",
    "et": "GaitPawRotation",
    "off": 1459,
    "sff": "gait"
  },
  {
    "docID": "N141 Deng 2008",
    "et": "ContactPlacingResponseTest",
    "off": 26200,
    "sff": "contact"
  },
  {
    "docID": "N141 Deng 2008",
    "et": "CentralNervousSystem",
    "off": 4298,
    "sff": "central nervous"
  },
  {
    "docID": "N141 Deng 2008",
    "et": "CentralNervousSystem",
    "off": 9234,
    "sff": "central"
  },
  {
    "docID": "N141 Deng 2008",
    "et": "CentralNervousSystem",
    "off": 4298,
    "sff": "central nervous system"
  },
  {
    "docID": "N141 Deng 2008",
    "et": "StainingLength",
    "off": 11859,
    "sff": "staining"
  },
  {
    "docID": "N141 Deng 2008",
    "et": "StainingLength",
    "off": 11875,
    "sff": "staining"
  },
  {
    "docID": "N141 Deng 2008",
    "et": "StainingLength",
    "off": 11923,
    "sff": "staining"
  },
  {
    "docID": "N141 Deng 2008",
    "et": "StainingLength",
    "off": 14391,
    "sff": "staining"
  },
  {
    "docID": "N141 Deng 2008",
    "et": "StainingLength",
    "off": 14967,
    "sff": "staining"
  },
  {
    "docID": "N141 Deng 2008",
    "et": "StainingLength",
    "off": 21563,
    "sff": "staining"
  },
  {
    "docID": "N141 Deng 2008",
    "et": "StainingLength",
    "off": 11722,
    "sff": "staining"
  },
  {
    "docID": "N141 Deng 2008",
    "et": "StainingLength",
    "off": 12378,
    "sff": "staining"
  },
  {
    "docID": "N141 Deng 2008",
    "et": "StainingLength",
    "off": 18654,
    "sff": "staining"
  },
  {
    "docID": "N141 Deng 2008",
    "et": "LimbRotation",
    "off": 9749,
    "sff": "limb"
  },
  {
    "docID": "N141 Deng 2008",
    "et": "LimbRotation",
    "off": 10516,
    "sff": "limb"
  },
  {
    "docID": "N141 Deng 2008",
    "et": "HemorrhageTest",
    "off": 18110,
    "sff": "hemorrhage"
  },
  {
    "docID": "N141 Deng 2008",
    "et": "T50MeanArterialPressure",
    "off": 22480,
    "sff": "mean"
  },
  {
    "docID": "N141 Deng 2008",
    "et": "T50MeanArterialPressure",
    "off": 20209,
    "sff": "mean"
  },
  {
    "docID": "N141 Deng 2008",
    "et": "StainingDensity",
    "off": 11859,
    "sff": "staining"
  },
  {
    "docID": "N141 Deng 2008",
    "et": "StainingDensity",
    "off": 11875,
    "sff": "staining"
  },
  {
    "docID": "N141 Deng 2008",
    "et": "StainingDensity",
    "off": 11923,
    "sff": "staining"
  },
  {
    "docID": "N141 Deng 2008",
    "et": "StainingDensity",
    "off": 14391,
    "sff": "staining"
  },
  {
    "docID": "N141 Deng 2008",
    "et": "StainingDensity",
    "off": 14967,
    "sff": "staining"
  },
  {
    "docID": "N141 Deng 2008",
    "et": "StainingDensity",
    "off": 11722,
    "sff": "staining"
  },
  {
    "docID": "N141 Deng 2008",
    "et": "StainingDensity",
    "off": 12378,
    "sff": "staining"
  },
  {
    "docID": "N141 Deng 2008",
    "et": "StainingDensity",
    "off": 21563,
    "sff": "staining"
  },
  {
    "docID": "N141 Deng 2008",
    "et": "StainingDensity",
    "off": 18654,
    "sff": "staining"
  },
  {
    "docID": "N141 Deng 2008",
    "et": "SinglePelletReachingTest",
    "off": 5431,
    "sff": "single"
  },
  {
    "docID": "N141 Deng 2008",
    "et": "SinglePelletReachingTest",
    "off": 10955,
    "sff": "single"
  },
  {
    "docID": "N141 Deng 2008",
    "et": "BBBSubscoreTest",
    "off": 21625,
    "sff": "BBB"
  },
  {
    "docID": "N141 Deng 2008",
    "et": "BBBSubscoreTest",
    "off": 22098,
    "sff": "BBB"
  },
  {
    "docID": "N141 Deng 2008",
    "et": "BBBSubscoreTest",
    "off": 9802,
    "sff": "BBB"
  },
  {
    "docID": "N141 Deng 2008",
    "et": "BBBSubscoreTest",
    "off": 13786,
    "sff": "BBB"
  },
  {
    "docID": "N141 Deng 2008",
    "et": "BBBSubscoreTest",
    "off": 21603,
    "sff": "BBB"
  },
  {
    "docID": "N141 Deng 2008",
    "et": "AxonalDamageTest",
    "off": 3298,
    "sff": "axonal"
  },
  {
    "docID": "N141 Deng 2008",
    "et": "AxonalDamageTest",
    "off": 32338,
    "sff": "axonal"
  },
  {
    "docID": "N141 Deng 2008",
    "et": "AxonalDamageTest",
    "off": 11916,
    "sff": "axonal"
  },
  {
    "docID": "N141 Deng 2008",
    "et": "AxonalDamageTest",
    "off": 2237,
    "sff": "axonal"
  },
  {
    "docID": "N141 Deng 2008",
    "et": "AxonalDamageTest",
    "off": 29609,
    "sff": "axonal"
  },
  {
    "docID": "N141 Deng 2008",
    "et": "SpinalCentralPart",
    "off": 29934,
    "sff": "spinal"
  },
  {
    "docID": "N141 Deng 2008",
    "et": "SpinalCentralPart",
    "off": 11566,
    "sff": "spinal"
  },
  {
    "docID": "N141 Deng 2008",
    "et": "SpinalCentralPart",
    "off": 15919,
    "sff": "spinal"
  },
  {
    "docID": "N141 Deng 2008",
    "et": "SpinalCentralPart",
    "off": 9136,
    "sff": "spinal"
  },
  {
    "docID": "N141 Deng 2008",
    "et": "SpinalCentralPart",
    "off": 2986,
    "sff": "spinal"
  },
  {
    "docID": "N141 Deng 2008",
    "et": "SpinalCentralPart",
    "off": 32364,
    "sff": "spinal"
  },
  {
    "docID": "N141 Deng 2008",
    "et": "SpinalCentralPart",
    "off": 18231,
    "sff": "spinal"
  },
  {
    "docID": "N141 Deng 2008",
    "et": "SpinalCentralPart",
    "off": 2161,
    "sff": "spinal"
  },
  {
    "docID": "N141 Deng 2008",
    "et": "SpinalCentralPart",
    "off": 30430,
    "sff": "spinal"
  },
  {
    "docID": "N141 Deng 2008",
    "et": "SpinalCentralPart",
    "off": 4298,
    "sff": "central"
  },
  {
    "docID": "N141 Deng 2008",
    "et": "SpinalCentralPart",
    "off": 29337,
    "sff": "spinal"
  },
  {
    "docID": "N141 Deng 2008",
    "et": "SpinalCentralPart",
    "off": 29657,
    "sff": "spinal"
  },
  {
    "docID": "N141 Deng 2008",
    "et": "SpinalCentralPart",
    "off": 23656,
    "sff": "spinal"
  },
  {
    "docID": "N141 Deng 2008",
    "et": "SpinalCentralPart",
    "off": 13224,
    "sff": "spinal"
  },
  {
    "docID": "N141 Deng 2008",
    "et": "SpinalCentralPart",
    "off": 30567,
    "sff": "spinal"
  },
  {
    "docID": "N141 Deng 2008",
    "et": "SpinalCentralPart",
    "off": 5026,
    "sff": "spinal"
  },
  {
    "docID": "N141 Deng 2008",
    "et": "SpinalCentralPart",
    "off": 29840,
    "sff": "spinal"
  },
  {
    "docID": "N141 Deng 2008",
    "et": "SpinalCentralPart",
    "off": 11404,
    "sff": "spinal"
  },
  {
    "docID": "N141 Deng 2008",
    "et": "SpinalCentralPart",
    "off": 29057,
    "sff": "Spinal"
  },
  {
    "docID": "N141 Deng 2008",
    "et": "SpinalCentralPart",
    "off": 31307,
    "sff": "spinal"
  },
  {
    "docID": "N141 Deng 2008",
    "et": "SpinalCentralPart",
    "off": 11541,
    "sff": "spinal"
  },
  {
    "docID": "N141 Deng 2008",
    "et": "SpinalCentralPart",
    "off": 22294,
    "sff": "spinal"
  },
  {
    "docID": "N141 Deng 2008",
    "et": "SpinalCentralPart",
    "off": 29205,
    "sff": "spinal"
  },
  {
    "docID": "N141 Deng 2008",
    "et": "SpinalCentralPart",
    "off": 1176,
    "sff": "spinal"
  },
  {
    "docID": "N141 Deng 2008",
    "et": "SpinalCentralPart",
    "off": 9234,
    "sff": "central"
  },
  {
    "docID": "N141 Deng 2008",
    "et": "SpinalCentralPart",
    "off": 15700,
    "sff": "spinal"
  },
  {
    "docID": "N141 Deng 2008",
    "et": "SpinalCentralPart",
    "off": 125,
    "sff": "spinal"
  },
  {
    "docID": "N141 Deng 2008",
    "et": "SpinalCentralPart",
    "off": 16253,
    "sff": "spinal"
  },
  {
    "docID": "N141 Deng 2008",
    "et": "SpinalCentralPart",
    "off": 25853,
    "sff": "spinal"
  },
  {
    "docID": "N141 Deng 2008",
    "et": "SpinalCentralPart",
    "off": 30781,
    "sff": "spinal"
  },
  {
    "docID": "N141 Deng 2008",
    "et": "SpinalCentralPart",
    "off": 31805,
    "sff": "spinal"
  },
  {
    "docID": "N141 Deng 2008",
    "et": "SpinalCentralPart",
    "off": 710,
    "sff": "spinal"
  },
  {
    "docID": "N141 Deng 2008",
    "et": "SpinalCentralPart",
    "off": 12038,
    "sff": "spinal"
  },
  {
    "docID": "N141 Deng 2008",
    "et": "SpinalCentralPart",
    "off": 30920,
    "sff": "spinal"
  },
  {
    "docID": "N141 Deng 2008",
    "et": "SpinalCentralPart",
    "off": 31554,
    "sff": "spinal"
  },
  {
    "docID": "N141 Deng 2008",
    "et": "SpinalCentralPart",
    "off": 19266,
    "sff": "spinal"
  },
  {
    "docID": "N141 Deng 2008",
    "et": "AxonalDiebackTest",
    "off": 3298,
    "sff": "axonal"
  },
  {
    "docID": "N141 Deng 2008",
    "et": "AxonalDiebackTest",
    "off": 29609,
    "sff": "axonal"
  },
  {
    "docID": "N141 Deng 2008",
    "et": "AxonalDiebackTest",
    "off": 32338,
    "sff": "axonal"
  },
  {
    "docID": "N141 Deng 2008",
    "et": "AxonalDiebackTest",
    "off": 2237,
    "sff": "axonal"
  },
  {
    "docID": "N141 Deng 2008",
    "et": "AxonalDiebackTest",
    "off": 11916,
    "sff": "axonal"
  },
  {
    "docID": "N141 Deng 2008",
    "et": "NonNeuronalCellChangesTest",
    "off": 2609,
    "sff": "neuronal"
  },
  {
    "docID": "N141 Deng 2008",
    "et": "NonNeuronalCellChangesTest",
    "off": 25775,
    "sff": "neuronal"
  },
  {
    "docID": "N141 Deng 2008",
    "et": "NonNeuronalCellChangesTest",
    "off": 3344,
    "sff": "neuronal"
  },
  {
    "docID": "N141 Deng 2008",
    "et": "NonNeuronalCellChangesTest",
    "off": 18368,
    "sff": "neuronal"
  },
  {
    "docID": "N141 Deng 2008",
    "et": "NonNeuronalCellChangesTest",
    "off": 25533,
    "sff": "neuronal"
  },
  {
    "docID": "N141 Deng 2008",
    "et": "NonNeuronalCellChangesTest",
    "off": 26619,
    "sff": "neuronal"
  },
  {
    "docID": "N141 Deng 2008",
    "et": "NonNeuronalCellChangesTest",
    "off": 28540,
    "sff": "neuronal"
  },
  {
    "docID": "N141 Deng 2008",
    "et": "NonNeuronalCellChangesTest",
    "off": 791,
    "sff": "neuronal"
  },
  {
    "docID": "N141 Deng 2008",
    "et": "NonNeuronalCellChangesTest",
    "off": 20487,
    "sff": "neuronal"
  },
  {
    "docID": "N141 Deng 2008",
    "et": "NonNeuronalCellChangesTest",
    "off": 32614,
    "sff": "neuronal"
  },
  {
    "docID": "N141 Deng 2008",
    "et": "SpinalCordStump",
    "off": 29840,
    "sff": "spinal cord"
  },
  {
    "docID": "N141 Deng 2008",
    "et": "SpinalCordStump",
    "off": 30077,
    "sff": "cord"
  },
  {
    "docID": "N141 Deng 2008",
    "et": "SpinalCordStump",
    "off": 11541,
    "sff": "spinal cord"
  },
  {
    "docID": "N141 Deng 2008",
    "et": "SpinalCordStump",
    "off": 29205,
    "sff": "spinal cord"
  },
  {
    "docID": "N141 Deng 2008",
    "et": "SpinalCordStump",
    "off": 15700,
    "sff": "spinal cord"
  },
  {
    "docID": "N141 Deng 2008",
    "et": "SpinalCordStump",
    "off": 19964,
    "sff": "cord"
  },
  {
    "docID": "N141 Deng 2008",
    "et": "SpinalCordStump",
    "off": 30920,
    "sff": "spinal cord"
  },
  {
    "docID": "N141 Deng 2008",
    "et": "SpinalCordStump",
    "off": 710,
    "sff": "spinal cord"
  },
  {
    "docID": "N141 Deng 2008",
    "et": "SpinalCordStump",
    "off": 11566,
    "sff": "spinal"
  },
  {
    "docID": "N141 Deng 2008",
    "et": "SpinalCordStump",
    "off": 12038,
    "sff": "spinal cord"
  },
  {
    "docID": "N141 Deng 2008",
    "et": "SpinalCordStump",
    "off": 11404,
    "sff": "spinal cord"
  },
  {
    "docID": "N141 Deng 2008",
    "et": "SpinalCordStump",
    "off": 31307,
    "sff": "spinal cord"
  },
  {
    "docID": "N141 Deng 2008",
    "et": "SpinalCordStump",
    "off": 30430,
    "sff": "spinal cord"
  },
  {
    "docID": "N141 Deng 2008",
    "et": "SpinalCordStump",
    "off": 5026,
    "sff": "spinal cord"
  },
  {
    "docID": "N141 Deng 2008",
    "et": "SpinalCordStump",
    "off": 29337,
    "sff": "spinal cord"
  },
  {
    "docID": "N141 Deng 2008",
    "et": "SpinalCordStump",
    "off": 29657,
    "sff": "spinal cord"
  },
  {
    "docID": "N141 Deng 2008",
    "et": "SpinalCordStump",
    "off": 22294,
    "sff": "spinal cord"
  },
  {
    "docID": "N141 Deng 2008",
    "et": "SpinalCordStump",
    "off": 1176,
    "sff": "spinal"
  },
  {
    "docID": "N141 Deng 2008",
    "et": "SpinalCordStump",
    "off": 2161,
    "sff": "spinal cord"
  },
  {
    "docID": "N141 Deng 2008",
    "et": "SpinalCordStump",
    "off": 9136,
    "sff": "spinal cord"
  },
  {
    "docID": "N141 Deng 2008",
    "et": "SpinalCordStump",
    "off": 15919,
    "sff": "spinal cord"
  },
  {
    "docID": "N141 Deng 2008",
    "et": "SpinalCordStump",
    "off": 29934,
    "sff": "spinal cord"
  },
  {
    "docID": "N141 Deng 2008",
    "et": "SpinalCordStump",
    "off": 13224,
    "sff": "spinal cord"
  },
  {
    "docID": "N141 Deng 2008",
    "et": "SpinalCordStump",
    "off": 23656,
    "sff": "spinal cord"
  },
  {
    "docID": "N141 Deng 2008",
    "et": "SpinalCordStump",
    "off": 30567,
    "sff": "spinal cord"
  },
  {
    "docID": "N141 Deng 2008",
    "et": "SpinalCordStump",
    "off": 32364,
    "sff": "spinal cord"
  },
  {
    "docID": "N141 Deng 2008",
    "et": "SpinalCordStump",
    "off": 2986,
    "sff": "spinal cord"
  },
  {
    "docID": "N141 Deng 2008",
    "et": "SpinalCordStump",
    "off": 29057,
    "sff": "Spinal cord"
  },
  {
    "docID": "N141 Deng 2008",
    "et": "SpinalCordStump",
    "off": 32045,
    "sff": "cord"
  },
  {
    "docID": "N141 Deng 2008",
    "et": "SpinalCordStump",
    "off": 19266,
    "sff": "spinal cord"
  },
  {
    "docID": "N141 Deng 2008",
    "et": "SpinalCordStump",
    "off": 31554,
    "sff": "spinal cord"
  },
  {
    "docID": "N141 Deng 2008",
    "et": "SpinalCordStump",
    "off": 18231,
    "sff": "spinal cord"
  },
  {
    "docID": "N141 Deng 2008",
    "et": "SpinalCordStump",
    "off": 24181,
    "sff": "cord"
  },
  {
    "docID": "N141 Deng 2008",
    "et": "SpinalCordStump",
    "off": 125,
    "sff": "spinal cord"
  },
  {
    "docID": "N141 Deng 2008",
    "et": "SpinalCordStump",
    "off": 16253,
    "sff": "spinal cord"
  },
  {
    "docID": "N141 Deng 2008",
    "et": "SpinalCordStump",
    "off": 25853,
    "sff": "spinal cord"
  },
  {
    "docID": "N141 Deng 2008",
    "et": "SpinalCordStump",
    "off": 30781,
    "sff": "spinal cord"
  },
  {
    "docID": "N141 Deng 2008",
    "et": "SpinalCordStump",
    "off": 31805,
    "sff": "spinal cord"
  },
  {
    "docID": "N141 Deng 2008",
    "et": "MotorEvokedPotentialsTest",
    "off": 10163,
    "sff": "evoked"
  },
  {
    "docID": "N141 Deng 2008",
    "et": "MotorEvokedPotentialsTest",
    "off": 10080,
    "sff": "motor-evoked potentials"
  },
  {
    "docID": "N141 Deng 2008",
    "et": "MotorEvokedPotentialsTest",
    "off": 1510,
    "sff": "motor-evoked"
  },
  {
    "docID": "N141 Deng 2008",
    "et": "MotorEvokedPotentialsTest",
    "off": 27558,
    "sff": "motor"
  },
  {
    "docID": "N141 Deng 2008",
    "et": "MotorEvokedPotentialsTest",
    "off": 9754,
    "sff": "motor"
  },
  {
    "docID": "N141 Deng 2008",
    "et": "MotorEvokedPotentialsTest",
    "off": 22315,
    "sff": "motor"
  },
  {
    "docID": "N141 Deng 2008",
    "et": "MotorEvokedPotentialsTest",
    "off": 24235,
    "sff": "motor"
  },
  {
    "docID": "N141 Deng 2008",
    "et": "MotorEvokedPotentialsTest",
    "off": 10080,
    "sff": "motor-evoked"
  },
  {
    "docID": "N141 Deng 2008",
    "et": "Brain",
    "off": 27168,
    "sff": "brain"
  },
  {
    "docID": "N141 Deng 2008",
    "et": "Brain",
    "off": 27407,
    "sff": "brain"
  },
  {
    "docID": "N141 Deng 2008",
    "et": "Brain",
    "off": 27362,
    "sff": "brain"
  },
  {
    "docID": "N141 Deng 2008",
    "et": "Brain",
    "off": 2977,
    "sff": "brain"
  },
  {
    "docID": "N141 Deng 2008",
    "et": "Brain",
    "off": 30123,
    "sff": "brain"
  },
  {
    "docID": "N141 Deng 2008",
    "et": "AscendingFiberTract",
    "off": 2227,
    "sff": "ascending"
  },
  {
    "docID": "N141 Deng 2008",
    "et": "AscendingFiberTract",
    "off": 6584,
    "sff": "fiber"
  },
  {
    "docID": "N141 Deng 2008",
    "et": "AscendingFiberTract",
    "off": 6746,
    "sff": "fiber"
  },
  {
    "docID": "N141 Deng 2008",
    "et": "SpinalWhiteMatter",
    "off": 13224,
    "sff": "spinal"
  },
  {
    "docID": "N141 Deng 2008",
    "et": "SpinalWhiteMatter",
    "off": 23656,
    "sff": "spinal"
  },
  {
    "docID": "N141 Deng 2008",
    "et": "SpinalWhiteMatter",
    "off": 30567,
    "sff": "spinal"
  },
  {
    "docID": "N141 Deng 2008",
    "et": "SpinalWhiteMatter",
    "off": 2986,
    "sff": "spinal"
  },
  {
    "docID": "N141 Deng 2008",
    "et": "SpinalWhiteMatter",
    "off": 5026,
    "sff": "spinal"
  },
  {
    "docID": "N141 Deng 2008",
    "et": "SpinalWhiteMatter",
    "off": 30430,
    "sff": "spinal"
  },
  {
    "docID": "N141 Deng 2008",
    "et": "SpinalWhiteMatter",
    "off": 18231,
    "sff": "spinal"
  },
  {
    "docID": "N141 Deng 2008",
    "et": "SpinalWhiteMatter",
    "off": 9136,
    "sff": "spinal"
  },
  {
    "docID": "N141 Deng 2008",
    "et": "SpinalWhiteMatter",
    "off": 15919,
    "sff": "spinal"
  },
  {
    "docID": "N141 Deng 2008",
    "et": "SpinalWhiteMatter",
    "off": 2161,
    "sff": "spinal"
  },
  {
    "docID": "N141 Deng 2008",
    "et": "SpinalWhiteMatter",
    "off": 32364,
    "sff": "spinal"
  },
  {
    "docID": "N141 Deng 2008",
    "et": "SpinalWhiteMatter",
    "off": 11566,
    "sff": "spinal"
  },
  {
    "docID": "N141 Deng 2008",
    "et": "SpinalWhiteMatter",
    "off": 29934,
    "sff": "spinal"
  },
  {
    "docID": "N141 Deng 2008",
    "et": "SpinalWhiteMatter",
    "off": 30920,
    "sff": "spinal"
  },
  {
    "docID": "N141 Deng 2008",
    "et": "SpinalWhiteMatter",
    "off": 710,
    "sff": "spinal"
  },
  {
    "docID": "N141 Deng 2008",
    "et": "SpinalWhiteMatter",
    "off": 12038,
    "sff": "spinal"
  },
  {
    "docID": "N141 Deng 2008",
    "et": "SpinalWhiteMatter",
    "off": 19266,
    "sff": "spinal"
  },
  {
    "docID": "N141 Deng 2008",
    "et": "SpinalWhiteMatter",
    "off": 31554,
    "sff": "spinal"
  },
  {
    "docID": "N141 Deng 2008",
    "et": "SpinalWhiteMatter",
    "off": 18162,
    "sff": "white"
  },
  {
    "docID": "N141 Deng 2008",
    "et": "SpinalWhiteMatter",
    "off": 29057,
    "sff": "Spinal"
  },
  {
    "docID": "N141 Deng 2008",
    "et": "SpinalWhiteMatter",
    "off": 125,
    "sff": "spinal"
  },
  {
    "docID": "N141 Deng 2008",
    "et": "SpinalWhiteMatter",
    "off": 16253,
    "sff": "spinal"
  },
  {
    "docID": "N141 Deng 2008",
    "et": "SpinalWhiteMatter",
    "off": 25853,
    "sff": "spinal"
  },
  {
    "docID": "N141 Deng 2008",
    "et": "SpinalWhiteMatter",
    "off": 30781,
    "sff": "spinal"
  },
  {
    "docID": "N141 Deng 2008",
    "et": "SpinalWhiteMatter",
    "off": 31805,
    "sff": "spinal"
  },
  {
    "docID": "N141 Deng 2008",
    "et": "SpinalWhiteMatter",
    "off": 1176,
    "sff": "spinal"
  },
  {
    "docID": "N141 Deng 2008",
    "et": "SpinalWhiteMatter",
    "off": 29337,
    "sff": "spinal"
  },
  {
    "docID": "N141 Deng 2008",
    "et": "SpinalWhiteMatter",
    "off": 29657,
    "sff": "spinal"
  },
  {
    "docID": "N141 Deng 2008",
    "et": "SpinalWhiteMatter",
    "off": 15700,
    "sff": "spinal"
  },
  {
    "docID": "N141 Deng 2008",
    "et": "SpinalWhiteMatter",
    "off": 22294,
    "sff": "spinal"
  },
  {
    "docID": "N141 Deng 2008",
    "et": "SpinalWhiteMatter",
    "off": 11541,
    "sff": "spinal"
  },
  {
    "docID": "N141 Deng 2008",
    "et": "SpinalWhiteMatter",
    "off": 29205,
    "sff": "spinal"
  },
  {
    "docID": "N141 Deng 2008",
    "et": "SpinalWhiteMatter",
    "off": 29840,
    "sff": "spinal"
  },
  {
    "docID": "N141 Deng 2008",
    "et": "SpinalWhiteMatter",
    "off": 11404,
    "sff": "spinal"
  },
  {
    "docID": "N141 Deng 2008",
    "et": "SpinalWhiteMatter",
    "off": 31307,
    "sff": "spinal"
  },
  {
    "docID": "N141 Deng 2008",
    "et": "SpinalWhiteMatter",
    "off": 18162,
    "sff": "white matter"
  },
  {
    "docID": "N141 Deng 2008",
    "et": "GaitCoordination",
    "off": 1459,
    "sff": "gait"
  },
  {
    "docID": "N141 Deng 2008",
    "et": "GaitCoordination",
    "off": 21998,
    "sff": "gait"
  },
  {
    "docID": "N141 Deng 2008",
    "et": "BodyWeightExamination",
    "off": 7679,
    "sff": "weight"
  },
  {
    "docID": "N141 Deng 2008",
    "et": "BodyWeightExamination",
    "off": 9407,
    "sff": "body weight"
  },
  {
    "docID": "N141 Deng 2008",
    "et": "OpenFieldTest",
    "off": 9792,
    "sff": "openfield"
  },
  {
    "docID": "N141 Deng 2008",
    "et": "OpenFieldTest",
    "off": 9902,
    "sff": "open field"
  },
  {
    "docID": "N141 Deng 2008",
    "et": "NeurogenesisTest",
    "off": 26080,
    "sff": "neurogenesis"
  },
  {
    "docID": "N141 Deng 2008",
    "et": "NeurogenesisTest",
    "off": 4015,
    "sff": "neurogenesis"
  },
  {
    "docID": "N141 Deng 2008",
    "et": "NeurogenesisTest",
    "off": 31833,
    "sff": "neurogenesis"
  },
  {
    "docID": "N141 Deng 2008",
    "et": "NeurogenesisTest",
    "off": 26156,
    "sff": "neurogenesis"
  },
  {
    "docID": "N141 Deng 2008",
    "et": "SpinalGrayMatter",
    "off": 31307,
    "sff": "spinal"
  },
  {
    "docID": "N141 Deng 2008",
    "et": "SpinalGrayMatter",
    "off": 11404,
    "sff": "spinal"
  },
  {
    "docID": "N141 Deng 2008",
    "et": "SpinalGrayMatter",
    "off": 18179,
    "sff": "gray"
  },
  {
    "docID": "N141 Deng 2008",
    "et": "SpinalGrayMatter",
    "off": 30920,
    "sff": "spinal"
  },
  {
    "docID": "N141 Deng 2008",
    "et": "SpinalGrayMatter",
    "off": 710,
    "sff": "spinal"
  },
  {
    "docID": "N141 Deng 2008",
    "et": "SpinalGrayMatter",
    "off": 12038,
    "sff": "spinal"
  },
  {
    "docID": "N141 Deng 2008",
    "et": "SpinalGrayMatter",
    "off": 29057,
    "sff": "Spinal"
  },
  {
    "docID": "N141 Deng 2008",
    "et": "SpinalGrayMatter",
    "off": 19266,
    "sff": "spinal"
  },
  {
    "docID": "N141 Deng 2008",
    "et": "SpinalGrayMatter",
    "off": 31554,
    "sff": "spinal"
  },
  {
    "docID": "N141 Deng 2008",
    "et": "SpinalGrayMatter",
    "off": 125,
    "sff": "spinal"
  },
  {
    "docID": "N141 Deng 2008",
    "et": "SpinalGrayMatter",
    "off": 16253,
    "sff": "spinal"
  },
  {
    "docID": "N141 Deng 2008",
    "et": "SpinalGrayMatter",
    "off": 25853,
    "sff": "spinal"
  },
  {
    "docID": "N141 Deng 2008",
    "et": "SpinalGrayMatter",
    "off": 30781,
    "sff": "spinal"
  },
  {
    "docID": "N141 Deng 2008",
    "et": "SpinalGrayMatter",
    "off": 31805,
    "sff": "spinal"
  },
  {
    "docID": "N141 Deng 2008",
    "et": "SpinalGrayMatter",
    "off": 18231,
    "sff": "spinal"
  },
  {
    "docID": "N141 Deng 2008",
    "et": "SpinalGrayMatter",
    "off": 2161,
    "sff": "spinal"
  },
  {
    "docID": "N141 Deng 2008",
    "et": "SpinalGrayMatter",
    "off": 15919,
    "sff": "spinal"
  },
  {
    "docID": "N141 Deng 2008",
    "et": "SpinalGrayMatter",
    "off": 9136,
    "sff": "spinal"
  },
  {
    "docID": "N141 Deng 2008",
    "et": "SpinalGrayMatter",
    "off": 11566,
    "sff": "spinal"
  },
  {
    "docID": "N141 Deng 2008",
    "et": "SpinalGrayMatter",
    "off": 29934,
    "sff": "spinal"
  },
  {
    "docID": "N141 Deng 2008",
    "et": "SpinalGrayMatter",
    "off": 32364,
    "sff": "spinal"
  },
  {
    "docID": "N141 Deng 2008",
    "et": "SpinalGrayMatter",
    "off": 2986,
    "sff": "spinal"
  },
  {
    "docID": "N141 Deng 2008",
    "et": "SpinalGrayMatter",
    "off": 30567,
    "sff": "spinal"
  },
  {
    "docID": "N141 Deng 2008",
    "et": "SpinalGrayMatter",
    "off": 13224,
    "sff": "spinal"
  },
  {
    "docID": "N141 Deng 2008",
    "et": "SpinalGrayMatter",
    "off": 23656,
    "sff": "spinal"
  },
  {
    "docID": "N141 Deng 2008",
    "et": "SpinalGrayMatter",
    "off": 5026,
    "sff": "spinal"
  },
  {
    "docID": "N141 Deng 2008",
    "et": "SpinalGrayMatter",
    "off": 18179,
    "sff": "gray matter"
  },
  {
    "docID": "N141 Deng 2008",
    "et": "SpinalGrayMatter",
    "off": 30430,
    "sff": "spinal"
  },
  {
    "docID": "N141 Deng 2008",
    "et": "SpinalGrayMatter",
    "off": 29337,
    "sff": "spinal"
  },
  {
    "docID": "N141 Deng 2008",
    "et": "SpinalGrayMatter",
    "off": 29657,
    "sff": "spinal"
  },
  {
    "docID": "N141 Deng 2008",
    "et": "SpinalGrayMatter",
    "off": 1176,
    "sff": "spinal"
  },
  {
    "docID": "N141 Deng 2008",
    "et": "SpinalGrayMatter",
    "off": 11541,
    "sff": "spinal"
  },
  {
    "docID": "N141 Deng 2008",
    "et": "SpinalGrayMatter",
    "off": 29205,
    "sff": "spinal"
  },
  {
    "docID": "N141 Deng 2008",
    "et": "SpinalGrayMatter",
    "off": 22294,
    "sff": "spinal"
  },
  {
    "docID": "N141 Deng 2008",
    "et": "SpinalGrayMatter",
    "off": 15700,
    "sff": "spinal"
  },
  {
    "docID": "N141 Deng 2008",
    "et": "SpinalGrayMatter",
    "off": 29840,
    "sff": "spinal"
  },
  {
    "docID": "N141 Deng 2008",
    "et": "AxonalChangesTest",
    "off": 2237,
    "sff": "axonal"
  },
  {
    "docID": "N141 Deng 2008",
    "et": "AxonalChangesTest",
    "off": 11916,
    "sff": "axonal"
  },
  {
    "docID": "N141 Deng 2008",
    "et": "AxonalChangesTest",
    "off": 32338,
    "sff": "axonal"
  },
  {
    "docID": "N141 Deng 2008",
    "et": "AxonalChangesTest",
    "off": 3298,
    "sff": "axonal"
  },
  {
    "docID": "N141 Deng 2008",
    "et": "AxonalChangesTest",
    "off": 29609,
    "sff": "axonal"
  },
  {
    "docID": "N141 Deng 2008",
    "et": "BloodBrainBarrierTest",
    "off": 30082,
    "sff": "blood"
  },
  {
    "docID": "N141 Deng 2008",
    "et": "BloodBrainBarrierTest",
    "off": 30123,
    "sff": "brain"
  },
  {
    "docID": "N141 Deng 2008",
    "et": "BloodBrainBarrierTest",
    "off": 27168,
    "sff": "brain"
  },
  {
    "docID": "N141 Deng 2008",
    "et": "BloodBrainBarrierTest",
    "off": 2977,
    "sff": "brain"
  },
  {
    "docID": "N141 Deng 2008",
    "et": "BloodBrainBarrierTest",
    "off": 27407,
    "sff": "brain"
  },
  {
    "docID": "N141 Deng 2008",
    "et": "BloodBrainBarrierTest",
    "off": 27362,
    "sff": "brain"
  },
  {
    "docID": "N141 Deng 2008",
    "et": "Caudal",
    "off": 9220,
    "sff": "caudal"
  },
  {
    "docID": "N141 Deng 2008",
    "et": "BladderFunctionParameter",
    "off": 27564,
    "sff": "function"
  },
  {
    "docID": "N141 Deng 2008",
    "et": "BladderFunctionParameter",
    "off": 9760,
    "sff": "function"
  },
  {
    "docID": "N141 Deng 2008",
    "et": "BladderFunctionParameter",
    "off": 24241,
    "sff": "function"
  },
  {
    "docID": "N141 Deng 2008",
    "et": "BladderFunctionParameter",
    "off": 9586,
    "sff": "function"
  },
  {
    "docID": "N141 Deng 2008",
    "et": "InflammationTest",
    "off": 20821,
    "sff": "inflammation"
  },
  {
    "docID": "N141 Deng 2008",
    "et": "GaitTest",
    "off": 21998,
    "sff": "gait"
  },
  {
    "docID": "N141 Deng 2008",
    "et": "GaitTest",
    "off": 1459,
    "sff": "gait"
  },
  {
    "docID": "N141 Deng 2008",
    "et": "T11",
    "off": 11526,
    "sff": "T11"
  },
  {
    "docID": "N141 Deng 2008",
    "et": "GaitAnalysisParameter",
    "off": 21998,
    "sff": "gait"
  },
  {
    "docID": "N141 Deng 2008",
    "et": "GaitAnalysisParameter",
    "off": 1459,
    "sff": "gait"
  },
  {
    "docID": "N141 Deng 2008",
    "et": "GaitAnalysisParameter",
    "off": 13416,
    "sff": "analysis"
  },
  {
    "docID": "N141 Deng 2008",
    "et": "GaitAnalysisParameter",
    "off": 17057,
    "sff": "analysis"
  },
  {
    "docID": "N141 Deng 2008",
    "et": "T10",
    "off": 7755,
    "sff": "T10"
  },
  {
    "docID": "N141 Deng 2008",
    "et": "T10",
    "off": 7851,
    "sff": "T10"
  },
  {
    "docID": "N141 Deng 2008",
    "et": "DescendingFiberTract",
    "off": 6584,
    "sff": "fiber"
  },
  {
    "docID": "N141 Deng 2008",
    "et": "DescendingFiberTract",
    "off": 2212,
    "sff": "descending"
  },
  {
    "docID": "N141 Deng 2008",
    "et": "DescendingFiberTract",
    "off": 6746,
    "sff": "fiber"
  },
  {
    "docID": "N141 Deng 2008",
    "et": "Thoracic",
    "off": 5317,
    "sff": "thoracic"
  },
  {
    "docID": "N141 Deng 2008",
    "et": "Thoracic",
    "off": 969,
    "sff": "thoracic"
  },
  {
    "docID": "N141 Deng 2008",
    "et": "AutomatedGaitAnalysis",
    "off": 21998,
    "sff": "gait"
  },
  {
    "docID": "N141 Deng 2008",
    "et": "AutomatedGaitAnalysis",
    "off": 1459,
    "sff": "gait"
  },
  {
    "docID": "N141 Deng 2008",
    "et": "AxonalSproutingTest",
    "off": 29609,
    "sff": "axonal"
  },
  {
    "docID": "N141 Deng 2008",
    "et": "AxonalSproutingTest",
    "off": 11916,
    "sff": "axonal"
  },
  {
    "docID": "N141 Deng 2008",
    "et": "AxonalSproutingTest",
    "off": 2237,
    "sff": "axonal"
  },
  {
    "docID": "N141 Deng 2008",
    "et": "AxonalSproutingTest",
    "off": 3298,
    "sff": "axonal"
  },
  {
    "docID": "N141 Deng 2008",
    "et": "AxonalSproutingTest",
    "off": 32338,
    "sff": "axonal"
  },
  {
    "docID": "N141 Deng 2008",
    "et": "BloodCirculationExamination",
    "off": 30082,
    "sff": "blood"
  },
  {
    "docID": "N141 Deng 2008",
    "et": "NeuronalCellLossTest",
    "off": 18090,
    "sff": "cell"
  },
  {
    "docID": "N141 Deng 2008",
    "et": "NeuronalCellLossTest",
    "off": 13863,
    "sff": "cell"
  },
  {
    "docID": "N141 Deng 2008",
    "et": "NeuronalCellLossTest",
    "off": 18535,
    "sff": "cell"
  },
  {
    "docID": "N141 Deng 2008",
    "et": "NeuronalCellLossTest",
    "off": 32614,
    "sff": "neuronal"
  },
  {
    "docID": "N141 Deng 2008",
    "et": "NeuronalCellLossTest",
    "off": 30963,
    "sff": "Cell"
  },
  {
    "docID": "N141 Deng 2008",
    "et": "NeuronalCellLossTest",
    "off": 25533,
    "sff": "neuronal loss"
  },
  {
    "docID": "N141 Deng 2008",
    "et": "NeuronalCellLossTest",
    "off": 791,
    "sff": "neuronal"
  },
  {
    "docID": "N141 Deng 2008",
    "et": "NeuronalCellLossTest",
    "off": 3237,
    "sff": "cell"
  },
  {
    "docID": "N141 Deng 2008",
    "et": "NeuronalCellLossTest",
    "off": 30181,
    "sff": "cell"
  },
  {
    "docID": "N141 Deng 2008",
    "et": "NeuronalCellLossTest",
    "off": 9015,
    "sff": "Cell"
  },
  {
    "docID": "N141 Deng 2008",
    "et": "NeuronalCellLossTest",
    "off": 1310,
    "sff": "cell"
  },
  {
    "docID": "N141 Deng 2008",
    "et": "NeuronalCellLossTest",
    "off": 24928,
    "sff": "cell"
  },
  {
    "docID": "N141 Deng 2008",
    "et": "NeuronalCellLossTest",
    "off": 3344,
    "sff": "neuronal"
  },
  {
    "docID": "N141 Deng 2008",
    "et": "NeuronalCellLossTest",
    "off": 2936,
    "sff": "cell"
  },
  {
    "docID": "N141 Deng 2008",
    "et": "NeuronalCellLossTest",
    "off": 9075,
    "sff": "cell"
  },
  {
    "docID": "N141 Deng 2008",
    "et": "NeuronalCellLossTest",
    "off": 20487,
    "sff": "neuronal"
  },
  {
    "docID": "N141 Deng 2008",
    "et": "NeuronalCellLossTest",
    "off": 26677,
    "sff": "cell"
  },
  {
    "docID": "N141 Deng 2008",
    "et": "NeuronalCellLossTest",
    "off": 28540,
    "sff": "neuronal"
  },
  {
    "docID": "N141 Deng 2008",
    "et": "NeuronalCellLossTest",
    "off": 2484,
    "sff": "cell"
  },
  {
    "docID": "N141 Deng 2008",
    "et": "NeuronalCellLossTest",
    "off": 7604,
    "sff": "cell"
  },
  {
    "docID": "N141 Deng 2008",
    "et": "NeuronalCellLossTest",
    "off": 28654,
    "sff": "cell"
  },
  {
    "docID": "N141 Deng 2008",
    "et": "NeuronalCellLossTest",
    "off": 18368,
    "sff": "neuronal"
  },
  {
    "docID": "N141 Deng 2008",
    "et": "NeuronalCellLossTest",
    "off": 23885,
    "sff": "cell"
  },
  {
    "docID": "N141 Deng 2008",
    "et": "NeuronalCellLossTest",
    "off": 4812,
    "sff": "cell"
  },
  {
    "docID": "N141 Deng 2008",
    "et": "NeuronalCellLossTest",
    "off": 25533,
    "sff": "neuronal"
  },
  {
    "docID": "N141 Deng 2008",
    "et": "NeuronalCellLossTest",
    "off": 26619,
    "sff": "neuronal"
  },
  {
    "docID": "N141 Deng 2008",
    "et": "NeuronalCellLossTest",
    "off": 5700,
    "sff": "cell"
  },
  {
    "docID": "N141 Deng 2008",
    "et": "NeuronalCellLossTest",
    "off": 29505,
    "sff": "cell"
  },
  {
    "docID": "N141 Deng 2008",
    "et": "NeuronalCellLossTest",
    "off": 2609,
    "sff": "neuronal"
  },
  {
    "docID": "N141 Deng 2008",
    "et": "NeuronalCellLossTest",
    "off": 18138,
    "sff": "cell"
  },
  {
    "docID": "N141 Deng 2008",
    "et": "NeuronalCellLossTest",
    "off": 26394,
    "sff": "cell"
  },
  {
    "docID": "N141 Deng 2008",
    "et": "NeuronalCellLossTest",
    "off": 25775,
    "sff": "neuronal"
  },
  {
    "docID": "N141 Deng 2008",
    "et": "NeuronalCellLossTest",
    "off": 25047,
    "sff": "cell"
  },
  {
    "docID": "N141 Deng 2008",
    "et": "NeuronalCellLossTest",
    "off": 24854,
    "sff": "cell"
  },
  {
    "docID": "N141 Deng 2008",
    "et": "NeuronalCellLossTest",
    "off": 5523,
    "sff": "cell"
  },
  {
    "docID": "N141 Deng 2008",
    "et": "NeuronalCellLossTest",
    "off": 457,
    "sff": "Cell"
  },
  {
    "docID": "N141 Deng 2008",
    "et": "NeuronalCellLossTest",
    "off": 5454,
    "sff": "cell"
  },
  {
    "docID": "N141 Deng 2008",
    "et": "NeuronalCellLossTest",
    "off": 13966,
    "sff": "cell"
  },
  {
    "docID": "N141 Deng 2008",
    "et": "NeuronalCellLossTest",
    "off": 23761,
    "sff": "cell"
  },
  {
    "docID": "N141 Deng 2008",
    "et": "NeuronalCellLossTest",
    "off": 24465,
    "sff": "cell"
  },
  {
    "docID": "N141 Deng 2008",
    "et": "VascularFunctionParameter",
    "off": 27564,
    "sff": "function"
  },
  {
    "docID": "N141 Deng 2008",
    "et": "VascularFunctionParameter",
    "off": 9760,
    "sff": "function"
  },
  {
    "docID": "N141 Deng 2008",
    "et": "VascularFunctionParameter",
    "off": 24241,
    "sff": "function"
  },
  {
    "docID": "N141 Deng 2008",
    "et": "VascularFunctionParameter",
    "off": 9586,
    "sff": "function"
  },
  {
    "docID": "N141 Deng 2008",
    "et": "ObservationOfAnimalBehaviour",
    "off": 18629,
    "sff": "observation"
  },
  {
    "docID": "N141 Deng 2008",
    "et": "MotorTest",
    "off": 22315,
    "sff": "motor"
  },
  {
    "docID": "N141 Deng 2008",
    "et": "MotorTest",
    "off": 24235,
    "sff": "motor"
  },
  {
    "docID": "N141 Deng 2008",
    "et": "MotorTest",
    "off": 9754,
    "sff": "motor"
  },
  {
    "docID": "N141 Deng 2008",
    "et": "MotorTest",
    "off": 27558,
    "sff": "motor"
  },
  {
    "docID": "N141 Deng 2008",
    "et": "SpinalDorsalHalf",
    "off": 15700,
    "sff": "spinal"
  },
  {
    "docID": "N141 Deng 2008",
    "et": "SpinalDorsalHalf",
    "off": 29840,
    "sff": "spinal"
  },
  {
    "docID": "N141 Deng 2008",
    "et": "SpinalDorsalHalf",
    "off": 31307,
    "sff": "spinal"
  },
  {
    "docID": "N141 Deng 2008",
    "et": "SpinalDorsalHalf",
    "off": 11404,
    "sff": "spinal"
  },
  {
    "docID": "N141 Deng 2008",
    "et": "SpinalDorsalHalf",
    "off": 710,
    "sff": "spinal"
  },
  {
    "docID": "N141 Deng 2008",
    "et": "SpinalDorsalHalf",
    "off": 12038,
    "sff": "spinal"
  },
  {
    "docID": "N141 Deng 2008",
    "et": "SpinalDorsalHalf",
    "off": 30920,
    "sff": "spinal"
  },
  {
    "docID": "N141 Deng 2008",
    "et": "SpinalDorsalHalf",
    "off": 19266,
    "sff": "spinal"
  },
  {
    "docID": "N141 Deng 2008",
    "et": "SpinalDorsalHalf",
    "off": 31554,
    "sff": "spinal"
  },
  {
    "docID": "N141 Deng 2008",
    "et": "SpinalDorsalHalf",
    "off": 125,
    "sff": "spinal"
  },
  {
    "docID": "N141 Deng 2008",
    "et": "SpinalDorsalHalf",
    "off": 16253,
    "sff": "spinal"
  },
  {
    "docID": "N141 Deng 2008",
    "et": "SpinalDorsalHalf",
    "off": 25853,
    "sff": "spinal"
  },
  {
    "docID": "N141 Deng 2008",
    "et": "SpinalDorsalHalf",
    "off": 30781,
    "sff": "spinal"
  },
  {
    "docID": "N141 Deng 2008",
    "et": "SpinalDorsalHalf",
    "off": 31805,
    "sff": "spinal"
  },
  {
    "docID": "N141 Deng 2008",
    "et": "SpinalDorsalHalf",
    "off": 29057,
    "sff": "Spinal"
  },
  {
    "docID": "N141 Deng 2008",
    "et": "SpinalDorsalHalf",
    "off": 18231,
    "sff": "spinal"
  },
  {
    "docID": "N141 Deng 2008",
    "et": "SpinalDorsalHalf",
    "off": 2161,
    "sff": "spinal"
  },
  {
    "docID": "N141 Deng 2008",
    "et": "SpinalDorsalHalf",
    "off": 11566,
    "sff": "spinal"
  },
  {
    "docID": "N141 Deng 2008",
    "et": "SpinalDorsalHalf",
    "off": 29934,
    "sff": "spinal"
  },
  {
    "docID": "N141 Deng 2008",
    "et": "SpinalDorsalHalf",
    "off": 15919,
    "sff": "spinal"
  },
  {
    "docID": "N141 Deng 2008",
    "et": "SpinalDorsalHalf",
    "off": 9136,
    "sff": "spinal"
  },
  {
    "docID": "N141 Deng 2008",
    "et": "SpinalDorsalHalf",
    "off": 2986,
    "sff": "spinal"
  },
  {
    "docID": "N141 Deng 2008",
    "et": "SpinalDorsalHalf",
    "off": 32364,
    "sff": "spinal"
  },
  {
    "docID": "N141 Deng 2008",
    "et": "SpinalDorsalHalf",
    "off": 30567,
    "sff": "spinal"
  },
  {
    "docID": "N141 Deng 2008",
    "et": "SpinalDorsalHalf",
    "off": 13224,
    "sff": "spinal"
  },
  {
    "docID": "N141 Deng 2008",
    "et": "SpinalDorsalHalf",
    "off": 23656,
    "sff": "spinal"
  },
  {
    "docID": "N141 Deng 2008",
    "et": "SpinalDorsalHalf",
    "off": 5026,
    "sff": "spinal"
  },
  {
    "docID": "N141 Deng 2008",
    "et": "SpinalDorsalHalf",
    "off": 30430,
    "sff": "spinal"
  },
  {
    "docID": "N141 Deng 2008",
    "et": "SpinalDorsalHalf",
    "off": 29337,
    "sff": "spinal"
  },
  {
    "docID": "N141 Deng 2008",
    "et": "SpinalDorsalHalf",
    "off": 29657,
    "sff": "spinal"
  },
  {
    "docID": "N141 Deng 2008",
    "et": "SpinalDorsalHalf",
    "off": 11541,
    "sff": "spinal"
  },
  {
    "docID": "N141 Deng 2008",
    "et": "SpinalDorsalHalf",
    "off": 29205,
    "sff": "spinal"
  },
  {
    "docID": "N141 Deng 2008",
    "et": "SpinalDorsalHalf",
    "off": 22294,
    "sff": "spinal"
  },
  {
    "docID": "N141 Deng 2008",
    "et": "SpinalDorsalHalf",
    "off": 1176,
    "sff": "spinal"
  },
  {
    "docID": "N141 Deng 2008",
    "et": "SomatosensoryEvokedPotentialsTest",
    "off": 10163,
    "sff": "evoked"
  },
  {
    "docID": "N141 Deng 2008",
    "et": "NeuronalChangesTest",
    "off": 25533,
    "sff": "neuronal"
  },
  {
    "docID": "N141 Deng 2008",
    "et": "NeuronalChangesTest",
    "off": 28540,
    "sff": "neuronal"
  },
  {
    "docID": "N141 Deng 2008",
    "et": "NeuronalChangesTest",
    "off": 25775,
    "sff": "neuronal"
  },
  {
    "docID": "N141 Deng 2008",
    "et": "NeuronalChangesTest",
    "off": 2609,
    "sff": "neuronal"
  },
  {
    "docID": "N141 Deng 2008",
    "et": "NeuronalChangesTest",
    "off": 3344,
    "sff": "neuronal"
  },
  {
    "docID": "N141 Deng 2008",
    "et": "NeuronalChangesTest",
    "off": 18368,
    "sff": "neuronal"
  },
  {
    "docID": "N141 Deng 2008",
    "et": "NeuronalChangesTest",
    "off": 791,
    "sff": "neuronal"
  },
  {
    "docID": "N141 Deng 2008",
    "et": "NeuronalChangesTest",
    "off": 20487,
    "sff": "neuronal"
  },
  {
    "docID": "N141 Deng 2008",
    "et": "NeuronalChangesTest",
    "off": 32614,
    "sff": "neuronal"
  },
  {
    "docID": "N141 Deng 2008",
    "et": "NeuronalChangesTest",
    "off": 26619,
    "sff": "neuronal"
  },
  {
    "docID": "N141 Deng 2008",
    "et": "LimbMuscleStrengthTest",
    "off": 9277,
    "sff": "muscle"
  },
  {
    "docID": "N141 Deng 2008",
    "et": "LimbMuscleStrengthTest",
    "off": 9749,
    "sff": "limb"
  },
  {
    "docID": "N141 Deng 2008",
    "et": "LimbMuscleStrengthTest",
    "off": 10516,
    "sff": "limb"
  },
  {
    "docID": "N141 Deng 2008",
    "et": "LimbMuscleStrengthTest",
    "off": 10601,
    "sff": "muscle"
  },
  {
    "docID": "N141 Deng 2008",
    "et": "LimbMuscleStrengthTest",
    "off": 10665,
    "sff": "muscle"
  },
  {
    "docID": "N141 Deng 2008",
    "et": "NeuronalActivityTest",
    "off": 791,
    "sff": "neuronal"
  },
  {
    "docID": "N141 Deng 2008",
    "et": "NeuronalActivityTest",
    "off": 20487,
    "sff": "neuronal"
  },
  {
    "docID": "N141 Deng 2008",
    "et": "NeuronalActivityTest",
    "off": 32614,
    "sff": "neuronal"
  },
  {
    "docID": "N141 Deng 2008",
    "et": "NeuronalActivityTest",
    "off": 26619,
    "sff": "neuronal"
  },
  {
    "docID": "N141 Deng 2008",
    "et": "NeuronalActivityTest",
    "off": 25533,
    "sff": "neuronal"
  },
  {
    "docID": "N141 Deng 2008",
    "et": "NeuronalActivityTest",
    "off": 28540,
    "sff": "neuronal"
  },
  {
    "docID": "N141 Deng 2008",
    "et": "NeuronalActivityTest",
    "off": 25775,
    "sff": "neuronal"
  },
  {
    "docID": "N141 Deng 2008",
    "et": "NeuronalActivityTest",
    "off": 3344,
    "sff": "neuronal"
  },
  {
    "docID": "N141 Deng 2008",
    "et": "NeuronalActivityTest",
    "off": 18368,
    "sff": "neuronal"
  },
  {
    "docID": "N141 Deng 2008",
    "et": "NeuronalActivityTest",
    "off": 2609,
    "sff": "neuronal"
  },
  {
    "docID": "N141 Deng 2008",
    "et": "MeanArterialPressure",
    "off": 22480,
    "sff": "mean"
  },
  {
    "docID": "N141 Deng 2008",
    "et": "MeanArterialPressure",
    "off": 20209,
    "sff": "mean"
  },
  {
    "docID": "N141 Deng 2008",
    "et": "SpinalCordEvokedPotentialsTest",
    "off": 19266,
    "sff": "spinal cord"
  },
  {
    "docID": "N141 Deng 2008",
    "et": "SpinalCordEvokedPotentialsTest",
    "off": 29057,
    "sff": "Spinal cord"
  },
  {
    "docID": "N141 Deng 2008",
    "et": "SpinalCordEvokedPotentialsTest",
    "off": 710,
    "sff": "spinal cord"
  },
  {
    "docID": "N141 Deng 2008",
    "et": "SpinalCordEvokedPotentialsTest",
    "off": 12038,
    "sff": "spinal cord"
  },
  {
    "docID": "N141 Deng 2008",
    "et": "SpinalCordEvokedPotentialsTest",
    "off": 32045,
    "sff": "cord"
  },
  {
    "docID": "N141 Deng 2008",
    "et": "SpinalCordEvokedPotentialsTest",
    "off": 31554,
    "sff": "spinal cord"
  },
  {
    "docID": "N141 Deng 2008",
    "et": "SpinalCordEvokedPotentialsTest",
    "off": 30781,
    "sff": "spinal cord"
  },
  {
    "docID": "N141 Deng 2008",
    "et": "SpinalCordEvokedPotentialsTest",
    "off": 31805,
    "sff": "spinal cord"
  },
  {
    "docID": "N141 Deng 2008",
    "et": "SpinalCordEvokedPotentialsTest",
    "off": 24181,
    "sff": "cord"
  },
  {
    "docID": "N141 Deng 2008",
    "et": "SpinalCordEvokedPotentialsTest",
    "off": 125,
    "sff": "spinal cord"
  },
  {
    "docID": "N141 Deng 2008",
    "et": "SpinalCordEvokedPotentialsTest",
    "off": 16253,
    "sff": "spinal cord"
  },
  {
    "docID": "N141 Deng 2008",
    "et": "SpinalCordEvokedPotentialsTest",
    "off": 25853,
    "sff": "spinal cord"
  },
  {
    "docID": "N141 Deng 2008",
    "et": "SpinalCordEvokedPotentialsTest",
    "off": 29205,
    "sff": "spinal cord"
  },
  {
    "docID": "N141 Deng 2008",
    "et": "SpinalCordEvokedPotentialsTest",
    "off": 29840,
    "sff": "spinal cord"
  },
  {
    "docID": "N141 Deng 2008",
    "et": "SpinalCordEvokedPotentialsTest",
    "off": 22294,
    "sff": "spinal cord"
  },
  {
    "docID": "N141 Deng 2008",
    "et": "SpinalCordEvokedPotentialsTest",
    "off": 30077,
    "sff": "cord"
  },
  {
    "docID": "N141 Deng 2008",
    "et": "SpinalCordEvokedPotentialsTest",
    "off": 11541,
    "sff": "spinal cord"
  },
  {
    "docID": "N141 Deng 2008",
    "et": "SpinalCordEvokedPotentialsTest",
    "off": 19964,
    "sff": "cord"
  },
  {
    "docID": "N141 Deng 2008",
    "et": "SpinalCordEvokedPotentialsTest",
    "off": 15700,
    "sff": "spinal cord"
  },
  {
    "docID": "N141 Deng 2008",
    "et": "SpinalCordEvokedPotentialsTest",
    "off": 30920,
    "sff": "spinal cord"
  },
  {
    "docID": "N141 Deng 2008",
    "et": "SpinalCordEvokedPotentialsTest",
    "off": 11566,
    "sff": "spinal"
  },
  {
    "docID": "N141 Deng 2008",
    "et": "SpinalCordEvokedPotentialsTest",
    "off": 11404,
    "sff": "spinal cord"
  },
  {
    "docID": "N141 Deng 2008",
    "et": "SpinalCordEvokedPotentialsTest",
    "off": 31307,
    "sff": "spinal cord"
  },
  {
    "docID": "N141 Deng 2008",
    "et": "SpinalCordEvokedPotentialsTest",
    "off": 5026,
    "sff": "spinal cord"
  },
  {
    "docID": "N141 Deng 2008",
    "et": "SpinalCordEvokedPotentialsTest",
    "off": 30567,
    "sff": "spinal cord"
  },
  {
    "docID": "N141 Deng 2008",
    "et": "SpinalCordEvokedPotentialsTest",
    "off": 30430,
    "sff": "spinal cord"
  },
  {
    "docID": "N141 Deng 2008",
    "et": "SpinalCordEvokedPotentialsTest",
    "off": 29337,
    "sff": "spinal cord"
  },
  {
    "docID": "N141 Deng 2008",
    "et": "SpinalCordEvokedPotentialsTest",
    "off": 29657,
    "sff": "spinal cord"
  },
  {
    "docID": "N141 Deng 2008",
    "et": "SpinalCordEvokedPotentialsTest",
    "off": 2161,
    "sff": "spinal cord"
  },
  {
    "docID": "N141 Deng 2008",
    "et": "SpinalCordEvokedPotentialsTest",
    "off": 1176,
    "sff": "spinal"
  },
  {
    "docID": "N141 Deng 2008",
    "et": "SpinalCordEvokedPotentialsTest",
    "off": 9136,
    "sff": "spinal cord"
  },
  {
    "docID": "N141 Deng 2008",
    "et": "SpinalCordEvokedPotentialsTest",
    "off": 18231,
    "sff": "spinal cord"
  },
  {
    "docID": "N141 Deng 2008",
    "et": "SpinalCordEvokedPotentialsTest",
    "off": 32364,
    "sff": "spinal cord"
  },
  {
    "docID": "N141 Deng 2008",
    "et": "SpinalCordEvokedPotentialsTest",
    "off": 2986,
    "sff": "spinal cord"
  },
  {
    "docID": "N141 Deng 2008",
    "et": "SpinalCordEvokedPotentialsTest",
    "off": 29934,
    "sff": "spinal cord"
  },
  {
    "docID": "N141 Deng 2008",
    "et": "SpinalCordEvokedPotentialsTest",
    "off": 13224,
    "sff": "spinal cord"
  },
  {
    "docID": "N141 Deng 2008",
    "et": "SpinalCordEvokedPotentialsTest",
    "off": 23656,
    "sff": "spinal cord"
  },
  {
    "docID": "N141 Deng 2008",
    "et": "SpinalCordEvokedPotentialsTest",
    "off": 15919,
    "sff": "spinal cord"
  }
]
