[
  {
    "docID": "N151 Huang 2010",
    "et": "BBBTest",
    "off": 5933,
    "sff": "BBB"
  },
  {
    "docID": "N151 Huang 2010",
    "et": "BBBTest",
    "off": 12707,
    "sff": "BBB"
  },
  {
    "docID": "N151 Huang 2010",
    "et": "BBBTest",
    "off": 19253,
    "sff": "BBB"
  },
  {
    "docID": "N151 Huang 2010",
    "et": "WalkingAnalysisParameter",
    "off": 14008,
    "sff": "walking"
  },
  {
    "docID": "N151 Huang 2010",
    "et": "WalkingAnalysisParameter",
    "off": 19264,
    "sff": "analysis"
  },
  {
    "docID": "N151 Huang 2010",
    "et": "WalkingAnalysisParameter",
    "off": 16467,
    "sff": "analysis"
  },
  {
    "docID": "N151 Huang 2010",
    "et": "WalkingAnalysisParameter",
    "off": 4340,
    "sff": "walking"
  },
  {
    "docID": "N151 Huang 2010",
    "et": "WalkingAnalysisParameter",
    "off": 4531,
    "sff": "walking"
  },
  {
    "docID": "N151 Huang 2010",
    "et": "WalkingAnalysisParameter",
    "off": 13555,
    "sff": "walking"
  },
  {
    "docID": "N151 Huang 2010",
    "et": "WalkingAnalysisParameter",
    "off": 6,
    "sff": "analysis"
  },
  {
    "docID": "N151 Huang 2010",
    "et": "WalkingAnalysisParameter",
    "off": 4454,
    "sff": "walking"
  },
  {
    "docID": "N151 Huang 2010",
    "et": "WalkingAnalysisParameter",
    "off": 15366,
    "sff": "walking"
  },
  {
    "docID": "N151 Huang 2010",
    "et": "WalkingAnalysisParameter",
    "off": 19287,
    "sff": "analysis"
  },
  {
    "docID": "N151 Huang 2010",
    "et": "WalkingAnalysisParameter",
    "off": 15900,
    "sff": "analysis"
  },
  {
    "docID": "N151 Huang 2010",
    "et": "MolecularChangesTest",
    "off": 4916,
    "sff": "molecular"
  },
  {
    "docID": "N151 Huang 2010",
    "et": "MolecularChangesTest",
    "off": 5104,
    "sff": "molecular"
  },
  {
    "docID": "N151 Huang 2010",
    "et": "SpinalSubduralArea",
    "off": 14215,
    "sff": "spinal"
  },
  {
    "docID": "N151 Huang 2010",
    "et": "SpinalSubduralArea",
    "off": 10888,
    "sff": "spinal"
  },
  {
    "docID": "N151 Huang 2010",
    "et": "SpinalSubduralArea",
    "off": 16386,
    "sff": "spinal"
  },
  {
    "docID": "N151 Huang 2010",
    "et": "SpinalSubduralArea",
    "off": 6404,
    "sff": "spinal"
  },
  {
    "docID": "N151 Huang 2010",
    "et": "SpinalSubduralArea",
    "off": 9533,
    "sff": "spinal"
  },
  {
    "docID": "N151 Huang 2010",
    "et": "SpinalSubduralArea",
    "off": 5694,
    "sff": "spinal"
  },
  {
    "docID": "N151 Huang 2010",
    "et": "SpinalSubduralArea",
    "off": 9475,
    "sff": "Spinal"
  },
  {
    "docID": "N151 Huang 2010",
    "et": "SpinalSubduralArea",
    "off": 16890,
    "sff": "spinal"
  },
  {
    "docID": "N151 Huang 2010",
    "et": "SpinalSubduralArea",
    "off": 1019,
    "sff": "spinal"
  },
  {
    "docID": "N151 Huang 2010",
    "et": "SpinalSubduralArea",
    "off": 10678,
    "sff": "spinal"
  },
  {
    "docID": "N151 Huang 2010",
    "et": "SpinalSubduralArea",
    "off": 2040,
    "sff": "spinal"
  },
  {
    "docID": "N151 Huang 2010",
    "et": "SpinalSubduralArea",
    "off": 4600,
    "sff": "spinal"
  },
  {
    "docID": "N151 Huang 2010",
    "et": "SpinalSubduralArea",
    "off": 3570,
    "sff": "spinal"
  },
  {
    "docID": "N151 Huang 2010",
    "et": "SpinalSubduralArea",
    "off": 3828,
    "sff": "spinal"
  },
  {
    "docID": "N151 Huang 2010",
    "et": "SpinalSubduralArea",
    "off": 11822,
    "sff": "spinal"
  },
  {
    "docID": "N151 Huang 2010",
    "et": "SpinalSubduralArea",
    "off": 4848,
    "sff": "spinal"
  },
  {
    "docID": "N151 Huang 2010",
    "et": "SpinalSubduralArea",
    "off": 12464,
    "sff": "spinal"
  },
  {
    "docID": "N151 Huang 2010",
    "et": "SpinalSubduralArea",
    "off": 17961,
    "sff": "spinal"
  },
  {
    "docID": "N151 Huang 2010",
    "et": "SpinalSubduralArea",
    "off": 2154,
    "sff": "spinal"
  },
  {
    "docID": "N151 Huang 2010",
    "et": "SpinalSubduralArea",
    "off": 12582,
    "sff": "spinal"
  },
  {
    "docID": "N151 Huang 2010",
    "et": "SpinalSubduralArea",
    "off": 10600,
    "sff": "spinal"
  },
  {
    "docID": "N151 Huang 2010",
    "et": "SpinalSubduralArea",
    "off": 1569,
    "sff": "spinal"
  },
  {
    "docID": "N151 Huang 2010",
    "et": "SpinalSubduralArea",
    "off": 12066,
    "sff": "spinal"
  },
  {
    "docID": "N151 Huang 2010",
    "et": "SpinalSubduralArea",
    "off": 4068,
    "sff": "spinal"
  },
  {
    "docID": "N151 Huang 2010",
    "et": "SpinalSubduralArea",
    "off": 5284,
    "sff": "spinal"
  },
  {
    "docID": "N151 Huang 2010",
    "et": "SpinalSubduralArea",
    "off": 3677,
    "sff": "spinal"
  },
  {
    "docID": "N151 Huang 2010",
    "et": "SpinalSubduralArea",
    "off": 17247,
    "sff": "spinal"
  },
  {
    "docID": "N151 Huang 2010",
    "et": "SpinalSubduralArea",
    "off": 1945,
    "sff": "spinal"
  },
  {
    "docID": "N151 Huang 2010",
    "et": "SpinalSubduralArea",
    "off": 3291,
    "sff": "spinal"
  },
  {
    "docID": "N151 Huang 2010",
    "et": "SpinalSubduralArea",
    "off": 11547,
    "sff": "spinal"
  },
  {
    "docID": "N151 Huang 2010",
    "et": "SpinalSubduralArea",
    "off": 2392,
    "sff": "spinal"
  },
  {
    "docID": "N151 Huang 2010",
    "et": "SpinalSubduralArea",
    "off": 9304,
    "sff": "spinal"
  },
  {
    "docID": "N151 Huang 2010",
    "et": "SpinalSubduralArea",
    "off": 11224,
    "sff": "spinal"
  },
  {
    "docID": "N151 Huang 2010",
    "et": "SpinalSubduralArea",
    "off": 18,
    "sff": "spinal"
  },
  {
    "docID": "N151 Huang 2010",
    "et": "SpinalSubduralArea",
    "off": 17807,
    "sff": "spinal"
  },
  {
    "docID": "N151 Huang 2010",
    "et": "SpinalSubduralArea",
    "off": 13067,
    "sff": "spinal"
  },
  {
    "docID": "N151 Huang 2010",
    "et": "StainingArea",
    "off": 10096,
    "sff": "staining"
  },
  {
    "docID": "N151 Huang 2010",
    "et": "SpinalFiberTract",
    "off": 11822,
    "sff": "spinal"
  },
  {
    "docID": "N151 Huang 2010",
    "et": "SpinalFiberTract",
    "off": 2154,
    "sff": "spinal"
  },
  {
    "docID": "N151 Huang 2010",
    "et": "SpinalFiberTract",
    "off": 10600,
    "sff": "spinal"
  },
  {
    "docID": "N151 Huang 2010",
    "et": "SpinalFiberTract",
    "off": 17961,
    "sff": "spinal"
  },
  {
    "docID": "N151 Huang 2010",
    "et": "SpinalFiberTract",
    "off": 10678,
    "sff": "spinal"
  },
  {
    "docID": "N151 Huang 2010",
    "et": "SpinalFiberTract",
    "off": 3828,
    "sff": "spinal"
  },
  {
    "docID": "N151 Huang 2010",
    "et": "SpinalFiberTract",
    "off": 3570,
    "sff": "spinal"
  },
  {
    "docID": "N151 Huang 2010",
    "et": "SpinalFiberTract",
    "off": 4848,
    "sff": "spinal"
  },
  {
    "docID": "N151 Huang 2010",
    "et": "SpinalFiberTract",
    "off": 12464,
    "sff": "spinal"
  },
  {
    "docID": "N151 Huang 2010",
    "et": "SpinalFiberTract",
    "off": 17247,
    "sff": "spinal"
  },
  {
    "docID": "N151 Huang 2010",
    "et": "SpinalFiberTract",
    "off": 3677,
    "sff": "spinal"
  },
  {
    "docID": "N151 Huang 2010",
    "et": "SpinalFiberTract",
    "off": 3291,
    "sff": "spinal"
  },
  {
    "docID": "N151 Huang 2010",
    "et": "SpinalFiberTract",
    "off": 11547,
    "sff": "spinal"
  },
  {
    "docID": "N151 Huang 2010",
    "et": "SpinalFiberTract",
    "off": 2392,
    "sff": "spinal"
  },
  {
    "docID": "N151 Huang 2010",
    "et": "SpinalFiberTract",
    "off": 9304,
    "sff": "spinal"
  },
  {
    "docID": "N151 Huang 2010",
    "et": "SpinalFiberTract",
    "off": 11224,
    "sff": "spinal"
  },
  {
    "docID": "N151 Huang 2010",
    "et": "SpinalFiberTract",
    "off": 1945,
    "sff": "spinal"
  },
  {
    "docID": "N151 Huang 2010",
    "et": "SpinalFiberTract",
    "off": 12582,
    "sff": "spinal"
  },
  {
    "docID": "N151 Huang 2010",
    "et": "SpinalFiberTract",
    "off": 4068,
    "sff": "spinal"
  },
  {
    "docID": "N151 Huang 2010",
    "et": "SpinalFiberTract",
    "off": 5284,
    "sff": "spinal"
  },
  {
    "docID": "N151 Huang 2010",
    "et": "SpinalFiberTract",
    "off": 12066,
    "sff": "spinal"
  },
  {
    "docID": "N151 Huang 2010",
    "et": "SpinalFiberTract",
    "off": 1569,
    "sff": "spinal"
  },
  {
    "docID": "N151 Huang 2010",
    "et": "SpinalFiberTract",
    "off": 17807,
    "sff": "spinal"
  },
  {
    "docID": "N151 Huang 2010",
    "et": "SpinalFiberTract",
    "off": 13067,
    "sff": "spinal"
  },
  {
    "docID": "N151 Huang 2010",
    "et": "SpinalFiberTract",
    "off": 10888,
    "sff": "spinal"
  },
  {
    "docID": "N151 Huang 2010",
    "et": "SpinalFiberTract",
    "off": 18,
    "sff": "spinal"
  },
  {
    "docID": "N151 Huang 2010",
    "et": "SpinalFiberTract",
    "off": 5694,
    "sff": "spinal"
  },
  {
    "docID": "N151 Huang 2010",
    "et": "SpinalFiberTract",
    "off": 9533,
    "sff": "spinal"
  },
  {
    "docID": "N151 Huang 2010",
    "et": "SpinalFiberTract",
    "off": 1019,
    "sff": "spinal"
  },
  {
    "docID": "N151 Huang 2010",
    "et": "SpinalFiberTract",
    "off": 16890,
    "sff": "spinal"
  },
  {
    "docID": "N151 Huang 2010",
    "et": "SpinalFiberTract",
    "off": 2040,
    "sff": "spinal"
  },
  {
    "docID": "N151 Huang 2010",
    "et": "SpinalFiberTract",
    "off": 4600,
    "sff": "spinal"
  },
  {
    "docID": "N151 Huang 2010",
    "et": "SpinalFiberTract",
    "off": 14215,
    "sff": "spinal"
  },
  {
    "docID": "N151 Huang 2010",
    "et": "SpinalFiberTract",
    "off": 6404,
    "sff": "spinal"
  },
  {
    "docID": "N151 Huang 2010",
    "et": "SpinalFiberTract",
    "off": 9475,
    "sff": "Spinal"
  },
  {
    "docID": "N151 Huang 2010",
    "et": "SpinalFiberTract",
    "off": 16386,
    "sff": "spinal"
  },
  {
    "docID": "N151 Huang 2010",
    "et": "SpinalVentralHalf",
    "off": 17247,
    "sff": "spinal"
  },
  {
    "docID": "N151 Huang 2010",
    "et": "SpinalVentralHalf",
    "off": 3677,
    "sff": "spinal"
  },
  {
    "docID": "N151 Huang 2010",
    "et": "SpinalVentralHalf",
    "off": 3291,
    "sff": "spinal"
  },
  {
    "docID": "N151 Huang 2010",
    "et": "SpinalVentralHalf",
    "off": 11547,
    "sff": "spinal"
  },
  {
    "docID": "N151 Huang 2010",
    "et": "SpinalVentralHalf",
    "off": 1945,
    "sff": "spinal"
  },
  {
    "docID": "N151 Huang 2010",
    "et": "SpinalVentralHalf",
    "off": 2392,
    "sff": "spinal"
  },
  {
    "docID": "N151 Huang 2010",
    "et": "SpinalVentralHalf",
    "off": 9304,
    "sff": "spinal"
  },
  {
    "docID": "N151 Huang 2010",
    "et": "SpinalVentralHalf",
    "off": 11224,
    "sff": "spinal"
  },
  {
    "docID": "N151 Huang 2010",
    "et": "SpinalVentralHalf",
    "off": 18,
    "sff": "spinal"
  },
  {
    "docID": "N151 Huang 2010",
    "et": "SpinalVentralHalf",
    "off": 4848,
    "sff": "spinal"
  },
  {
    "docID": "N151 Huang 2010",
    "et": "SpinalVentralHalf",
    "off": 12464,
    "sff": "spinal"
  },
  {
    "docID": "N151 Huang 2010",
    "et": "SpinalVentralHalf",
    "off": 11822,
    "sff": "spinal"
  },
  {
    "docID": "N151 Huang 2010",
    "et": "SpinalVentralHalf",
    "off": 2154,
    "sff": "spinal"
  },
  {
    "docID": "N151 Huang 2010",
    "et": "SpinalVentralHalf",
    "off": 17961,
    "sff": "spinal"
  },
  {
    "docID": "N151 Huang 2010",
    "et": "SpinalVentralHalf",
    "off": 10600,
    "sff": "spinal"
  },
  {
    "docID": "N151 Huang 2010",
    "et": "SpinalVentralHalf",
    "off": 12582,
    "sff": "spinal"
  },
  {
    "docID": "N151 Huang 2010",
    "et": "SpinalVentralHalf",
    "off": 4068,
    "sff": "spinal"
  },
  {
    "docID": "N151 Huang 2010",
    "et": "SpinalVentralHalf",
    "off": 5284,
    "sff": "spinal"
  },
  {
    "docID": "N151 Huang 2010",
    "et": "SpinalVentralHalf",
    "off": 12066,
    "sff": "spinal"
  },
  {
    "docID": "N151 Huang 2010",
    "et": "SpinalVentralHalf",
    "off": 1569,
    "sff": "spinal"
  },
  {
    "docID": "N151 Huang 2010",
    "et": "SpinalVentralHalf",
    "off": 5694,
    "sff": "spinal"
  },
  {
    "docID": "N151 Huang 2010",
    "et": "SpinalVentralHalf",
    "off": 9533,
    "sff": "spinal"
  },
  {
    "docID": "N151 Huang 2010",
    "et": "SpinalVentralHalf",
    "off": 1019,
    "sff": "spinal"
  },
  {
    "docID": "N151 Huang 2010",
    "et": "SpinalVentralHalf",
    "off": 16890,
    "sff": "spinal"
  },
  {
    "docID": "N151 Huang 2010",
    "et": "SpinalVentralHalf",
    "off": 2040,
    "sff": "spinal"
  },
  {
    "docID": "N151 Huang 2010",
    "et": "SpinalVentralHalf",
    "off": 4600,
    "sff": "spinal"
  },
  {
    "docID": "N151 Huang 2010",
    "et": "SpinalVentralHalf",
    "off": 10678,
    "sff": "spinal"
  },
  {
    "docID": "N151 Huang 2010",
    "et": "SpinalVentralHalf",
    "off": 3828,
    "sff": "spinal"
  },
  {
    "docID": "N151 Huang 2010",
    "et": "SpinalVentralHalf",
    "off": 3570,
    "sff": "spinal"
  },
  {
    "docID": "N151 Huang 2010",
    "et": "SpinalVentralHalf",
    "off": 17807,
    "sff": "spinal"
  },
  {
    "docID": "N151 Huang 2010",
    "et": "SpinalVentralHalf",
    "off": 13067,
    "sff": "spinal"
  },
  {
    "docID": "N151 Huang 2010",
    "et": "SpinalVentralHalf",
    "off": 10888,
    "sff": "spinal"
  },
  {
    "docID": "N151 Huang 2010",
    "et": "SpinalVentralHalf",
    "off": 14215,
    "sff": "spinal"
  },
  {
    "docID": "N151 Huang 2010",
    "et": "SpinalVentralHalf",
    "off": 9475,
    "sff": "Spinal"
  },
  {
    "docID": "N151 Huang 2010",
    "et": "SpinalVentralHalf",
    "off": 6404,
    "sff": "spinal"
  },
  {
    "docID": "N151 Huang 2010",
    "et": "SpinalVentralHalf",
    "off": 16386,
    "sff": "spinal"
  },
  {
    "docID": "N151 Huang 2010",
    "et": "Rostral",
    "off": 3503,
    "sff": "rostral"
  },
  {
    "docID": "N151 Huang 2010",
    "et": "DorsalColumn",
    "off": 17319,
    "sff": "dorsal"
  },
  {
    "docID": "N151 Huang 2010",
    "et": "SpinalFiber",
    "off": 5694,
    "sff": "spinal"
  },
  {
    "docID": "N151 Huang 2010",
    "et": "SpinalFiber",
    "off": 9533,
    "sff": "spinal"
  },
  {
    "docID": "N151 Huang 2010",
    "et": "SpinalFiber",
    "off": 1019,
    "sff": "spinal"
  },
  {
    "docID": "N151 Huang 2010",
    "et": "SpinalFiber",
    "off": 16890,
    "sff": "spinal"
  },
  {
    "docID": "N151 Huang 2010",
    "et": "SpinalFiber",
    "off": 2040,
    "sff": "spinal"
  },
  {
    "docID": "N151 Huang 2010",
    "et": "SpinalFiber",
    "off": 4600,
    "sff": "spinal"
  },
  {
    "docID": "N151 Huang 2010",
    "et": "SpinalFiber",
    "off": 10678,
    "sff": "spinal"
  },
  {
    "docID": "N151 Huang 2010",
    "et": "SpinalFiber",
    "off": 3828,
    "sff": "spinal"
  },
  {
    "docID": "N151 Huang 2010",
    "et": "SpinalFiber",
    "off": 3570,
    "sff": "spinal"
  },
  {
    "docID": "N151 Huang 2010",
    "et": "SpinalFiber",
    "off": 4848,
    "sff": "spinal"
  },
  {
    "docID": "N151 Huang 2010",
    "et": "SpinalFiber",
    "off": 12464,
    "sff": "spinal"
  },
  {
    "docID": "N151 Huang 2010",
    "et": "SpinalFiber",
    "off": 11822,
    "sff": "spinal"
  },
  {
    "docID": "N151 Huang 2010",
    "et": "SpinalFiber",
    "off": 2154,
    "sff": "spinal"
  },
  {
    "docID": "N151 Huang 2010",
    "et": "SpinalFiber",
    "off": 17961,
    "sff": "spinal"
  },
  {
    "docID": "N151 Huang 2010",
    "et": "SpinalFiber",
    "off": 10600,
    "sff": "spinal"
  },
  {
    "docID": "N151 Huang 2010",
    "et": "SpinalFiber",
    "off": 12582,
    "sff": "spinal"
  },
  {
    "docID": "N151 Huang 2010",
    "et": "SpinalFiber",
    "off": 4068,
    "sff": "spinal"
  },
  {
    "docID": "N151 Huang 2010",
    "et": "SpinalFiber",
    "off": 5284,
    "sff": "spinal"
  },
  {
    "docID": "N151 Huang 2010",
    "et": "SpinalFiber",
    "off": 12066,
    "sff": "spinal"
  },
  {
    "docID": "N151 Huang 2010",
    "et": "SpinalFiber",
    "off": 1569,
    "sff": "spinal"
  },
  {
    "docID": "N151 Huang 2010",
    "et": "SpinalFiber",
    "off": 17247,
    "sff": "spinal"
  },
  {
    "docID": "N151 Huang 2010",
    "et": "SpinalFiber",
    "off": 3677,
    "sff": "spinal"
  },
  {
    "docID": "N151 Huang 2010",
    "et": "SpinalFiber",
    "off": 3291,
    "sff": "spinal"
  },
  {
    "docID": "N151 Huang 2010",
    "et": "SpinalFiber",
    "off": 11547,
    "sff": "spinal"
  },
  {
    "docID": "N151 Huang 2010",
    "et": "SpinalFiber",
    "off": 1945,
    "sff": "spinal"
  },
  {
    "docID": "N151 Huang 2010",
    "et": "SpinalFiber",
    "off": 2392,
    "sff": "spinal"
  },
  {
    "docID": "N151 Huang 2010",
    "et": "SpinalFiber",
    "off": 9304,
    "sff": "spinal"
  },
  {
    "docID": "N151 Huang 2010",
    "et": "SpinalFiber",
    "off": 11224,
    "sff": "spinal"
  },
  {
    "docID": "N151 Huang 2010",
    "et": "SpinalFiber",
    "off": 18,
    "sff": "spinal"
  },
  {
    "docID": "N151 Huang 2010",
    "et": "SpinalFiber",
    "off": 17807,
    "sff": "spinal"
  },
  {
    "docID": "N151 Huang 2010",
    "et": "SpinalFiber",
    "off": 13067,
    "sff": "spinal"
  },
  {
    "docID": "N151 Huang 2010",
    "et": "SpinalFiber",
    "off": 10888,
    "sff": "spinal"
  },
  {
    "docID": "N151 Huang 2010",
    "et": "SpinalFiber",
    "off": 14215,
    "sff": "spinal"
  },
  {
    "docID": "N151 Huang 2010",
    "et": "SpinalFiber",
    "off": 9475,
    "sff": "Spinal"
  },
  {
    "docID": "N151 Huang 2010",
    "et": "SpinalFiber",
    "off": 6404,
    "sff": "spinal"
  },
  {
    "docID": "N151 Huang 2010",
    "et": "SpinalFiber",
    "off": 16386,
    "sff": "spinal"
  },
  {
    "docID": "N151 Huang 2010",
    "et": "MotorReflexTest",
    "off": 16925,
    "sff": "motor"
  },
  {
    "docID": "N151 Huang 2010",
    "et": "MotorReflexTest",
    "off": 5034,
    "sff": "motor"
  },
  {
    "docID": "N151 Huang 2010",
    "et": "MotorReflexTest",
    "off": 12670,
    "sff": "motor"
  },
  {
    "docID": "N151 Huang 2010",
    "et": "MotorReflexTest",
    "off": 18181,
    "sff": "motor"
  },
  {
    "docID": "N151 Huang 2010",
    "et": "MotorReflexTest",
    "off": 19043,
    "sff": "motor"
  },
  {
    "docID": "N151 Huang 2010",
    "et": "MotorReflexTest",
    "off": 4210,
    "sff": "motor"
  },
  {
    "docID": "N151 Huang 2010",
    "et": "SwingSpeed",
    "off": 19107,
    "sff": "swing"
  },
  {
    "docID": "N151 Huang 2010",
    "et": "SurvivalObservation",
    "off": 18251,
    "sff": "survival"
  },
  {
    "docID": "N151 Huang 2010",
    "et": "SurvivalObservation",
    "off": 11725,
    "sff": "survival"
  },
  {
    "docID": "N151 Huang 2010",
    "et": "Left",
    "off": 4471,
    "sff": "left"
  },
  {
    "docID": "N151 Huang 2010",
    "et": "Left",
    "off": 4561,
    "sff": "left"
  },
  {
    "docID": "N151 Huang 2010",
    "et": "GeneExpressionAnalysis",
    "off": 4100,
    "sff": "expression"
  },
  {
    "docID": "N151 Huang 2010",
    "et": "AxonalRegenerationTest",
    "off": 12351,
    "sff": "axonal regeneration"
  },
  {
    "docID": "N151 Huang 2010",
    "et": "AxonalRegenerationTest",
    "off": 974,
    "sff": "axonal regeneration"
  },
  {
    "docID": "N151 Huang 2010",
    "et": "AxonalRegenerationTest",
    "off": 5641,
    "sff": "axonal"
  },
  {
    "docID": "N151 Huang 2010",
    "et": "AxonalRegenerationTest",
    "off": 1766,
    "sff": "axonal"
  },
  {
    "docID": "N151 Huang 2010",
    "et": "AxonalRegenerationTest",
    "off": 1413,
    "sff": "axonal"
  },
  {
    "docID": "N151 Huang 2010",
    "et": "AxonalRegenerationTest",
    "off": 5461,
    "sff": "axonal"
  },
  {
    "docID": "N151 Huang 2010",
    "et": "AxonalRegenerationTest",
    "off": 1188,
    "sff": "axonal"
  },
  {
    "docID": "N151 Huang 2010",
    "et": "AxonalRegenerationTest",
    "off": 18524,
    "sff": "axonal"
  },
  {
    "docID": "N151 Huang 2010",
    "et": "StanceSwingRatio",
    "off": 14512,
    "sff": "stance"
  },
  {
    "docID": "N151 Huang 2010",
    "et": "StanceSwingRatio",
    "off": 19107,
    "sff": "swing"
  },
  {
    "docID": "N151 Huang 2010",
    "et": "SpinalLesionSite",
    "off": 1019,
    "sff": "spinal"
  },
  {
    "docID": "N151 Huang 2010",
    "et": "SpinalLesionSite",
    "off": 16890,
    "sff": "spinal"
  },
  {
    "docID": "N151 Huang 2010",
    "et": "SpinalLesionSite",
    "off": 12476,
    "sff": "lesion"
  },
  {
    "docID": "N151 Huang 2010",
    "et": "SpinalLesionSite",
    "off": 2040,
    "sff": "spinal"
  },
  {
    "docID": "N151 Huang 2010",
    "et": "SpinalLesionSite",
    "off": 4600,
    "sff": "spinal"
  },
  {
    "docID": "N151 Huang 2010",
    "et": "SpinalLesionSite",
    "off": 10690,
    "sff": "lesion"
  },
  {
    "docID": "N151 Huang 2010",
    "et": "SpinalLesionSite",
    "off": 5184,
    "sff": "lesion"
  },
  {
    "docID": "N151 Huang 2010",
    "et": "SpinalLesionSite",
    "off": 6404,
    "sff": "spinal"
  },
  {
    "docID": "N151 Huang 2010",
    "et": "SpinalLesionSite",
    "off": 16386,
    "sff": "spinal"
  },
  {
    "docID": "N151 Huang 2010",
    "et": "SpinalLesionSite",
    "off": 6100,
    "sff": "lesion site"
  },
  {
    "docID": "N151 Huang 2010",
    "et": "SpinalLesionSite",
    "off": 5184,
    "sff": "lesion site"
  },
  {
    "docID": "N151 Huang 2010",
    "et": "SpinalLesionSite",
    "off": 17070,
    "sff": "lesion"
  },
  {
    "docID": "N151 Huang 2010",
    "et": "SpinalLesionSite",
    "off": 2154,
    "sff": "spinal"
  },
  {
    "docID": "N151 Huang 2010",
    "et": "SpinalLesionSite",
    "off": 10600,
    "sff": "spinal"
  },
  {
    "docID": "N151 Huang 2010",
    "et": "SpinalLesionSite",
    "off": 3828,
    "sff": "spinal"
  },
  {
    "docID": "N151 Huang 2010",
    "et": "SpinalLesionSite",
    "off": 11559,
    "sff": "lesion"
  },
  {
    "docID": "N151 Huang 2010",
    "et": "SpinalLesionSite",
    "off": 3570,
    "sff": "spinal"
  },
  {
    "docID": "N151 Huang 2010",
    "et": "SpinalLesionSite",
    "off": 4848,
    "sff": "spinal"
  },
  {
    "docID": "N151 Huang 2010",
    "et": "SpinalLesionSite",
    "off": 3291,
    "sff": "spinal"
  },
  {
    "docID": "N151 Huang 2010",
    "et": "SpinalLesionSite",
    "off": 4126,
    "sff": "lesion"
  },
  {
    "docID": "N151 Huang 2010",
    "et": "SpinalLesionSite",
    "off": 2392,
    "sff": "spinal"
  },
  {
    "docID": "N151 Huang 2010",
    "et": "SpinalLesionSite",
    "off": 9304,
    "sff": "spinal"
  },
  {
    "docID": "N151 Huang 2010",
    "et": "SpinalLesionSite",
    "off": 11224,
    "sff": "spinal"
  },
  {
    "docID": "N151 Huang 2010",
    "et": "SpinalLesionSite",
    "off": 1001,
    "sff": "lesion site"
  },
  {
    "docID": "N151 Huang 2010",
    "et": "SpinalLesionSite",
    "off": 9505,
    "sff": "lesion"
  },
  {
    "docID": "N151 Huang 2010",
    "et": "SpinalLesionSite",
    "off": 4068,
    "sff": "spinal"
  },
  {
    "docID": "N151 Huang 2010",
    "et": "SpinalLesionSite",
    "off": 6389,
    "sff": "lesion site"
  },
  {
    "docID": "N151 Huang 2010",
    "et": "SpinalLesionSite",
    "off": 17247,
    "sff": "spinal"
  },
  {
    "docID": "N151 Huang 2010",
    "et": "SpinalLesionSite",
    "off": 16753,
    "sff": "lesion site"
  },
  {
    "docID": "N151 Huang 2010",
    "et": "SpinalLesionSite",
    "off": 3677,
    "sff": "spinal"
  },
  {
    "docID": "N151 Huang 2010",
    "et": "SpinalLesionSite",
    "off": 1550,
    "sff": "lesion"
  },
  {
    "docID": "N151 Huang 2010",
    "et": "SpinalLesionSite",
    "off": 16398,
    "sff": "lesion"
  },
  {
    "docID": "N151 Huang 2010",
    "et": "SpinalLesionSite",
    "off": 1550,
    "sff": "lesion site"
  },
  {
    "docID": "N151 Huang 2010",
    "et": "SpinalLesionSite",
    "off": 1794,
    "sff": "lesion"
  },
  {
    "docID": "N151 Huang 2010",
    "et": "SpinalLesionSite",
    "off": 10678,
    "sff": "spinal"
  },
  {
    "docID": "N151 Huang 2010",
    "et": "SpinalLesionSite",
    "off": 6389,
    "sff": "lesion"
  },
  {
    "docID": "N151 Huang 2010",
    "et": "SpinalLesionSite",
    "off": 10612,
    "sff": "lesion"
  },
  {
    "docID": "N151 Huang 2010",
    "et": "SpinalLesionSite",
    "off": 9475,
    "sff": "Spinal"
  },
  {
    "docID": "N151 Huang 2010",
    "et": "SpinalLesionSite",
    "off": 10363,
    "sff": "lesion"
  },
  {
    "docID": "N151 Huang 2010",
    "et": "SpinalLesionSite",
    "off": 5694,
    "sff": "spinal"
  },
  {
    "docID": "N151 Huang 2010",
    "et": "SpinalLesionSite",
    "off": 9533,
    "sff": "spinal"
  },
  {
    "docID": "N151 Huang 2010",
    "et": "SpinalLesionSite",
    "off": 17961,
    "sff": "spinal"
  },
  {
    "docID": "N151 Huang 2010",
    "et": "SpinalLesionSite",
    "off": 10363,
    "sff": "lesion site"
  },
  {
    "docID": "N151 Huang 2010",
    "et": "SpinalLesionSite",
    "off": 12582,
    "sff": "spinal"
  },
  {
    "docID": "N151 Huang 2010",
    "et": "SpinalLesionSite",
    "off": 16753,
    "sff": "lesion"
  },
  {
    "docID": "N151 Huang 2010",
    "et": "SpinalLesionSite",
    "off": 2023,
    "sff": "lesion"
  },
  {
    "docID": "N151 Huang 2010",
    "et": "SpinalLesionSite",
    "off": 11236,
    "sff": "lesion"
  },
  {
    "docID": "N151 Huang 2010",
    "et": "SpinalLesionSite",
    "off": 12464,
    "sff": "spinal"
  },
  {
    "docID": "N151 Huang 2010",
    "et": "SpinalLesionSite",
    "off": 1001,
    "sff": "lesion"
  },
  {
    "docID": "N151 Huang 2010",
    "et": "SpinalLesionSite",
    "off": 3689,
    "sff": "lesion"
  },
  {
    "docID": "N151 Huang 2010",
    "et": "SpinalLesionSite",
    "off": 11822,
    "sff": "spinal"
  },
  {
    "docID": "N151 Huang 2010",
    "et": "SpinalLesionSite",
    "off": 1794,
    "sff": "lesion site"
  },
  {
    "docID": "N151 Huang 2010",
    "et": "SpinalLesionSite",
    "off": 11547,
    "sff": "spinal"
  },
  {
    "docID": "N151 Huang 2010",
    "et": "SpinalLesionSite",
    "off": 1945,
    "sff": "spinal"
  },
  {
    "docID": "N151 Huang 2010",
    "et": "SpinalLesionSite",
    "off": 17070,
    "sff": "lesion site"
  },
  {
    "docID": "N151 Huang 2010",
    "et": "SpinalLesionSite",
    "off": 5284,
    "sff": "spinal"
  },
  {
    "docID": "N151 Huang 2010",
    "et": "SpinalLesionSite",
    "off": 12066,
    "sff": "spinal"
  },
  {
    "docID": "N151 Huang 2010",
    "et": "SpinalLesionSite",
    "off": 1569,
    "sff": "spinal"
  },
  {
    "docID": "N151 Huang 2010",
    "et": "SpinalLesionSite",
    "off": 6100,
    "sff": "lesion"
  },
  {
    "docID": "N151 Huang 2010",
    "et": "SpinalLesionSite",
    "off": 9561,
    "sff": "lesion"
  },
  {
    "docID": "N151 Huang 2010",
    "et": "SpinalLesionSite",
    "off": 13067,
    "sff": "spinal"
  },
  {
    "docID": "N151 Huang 2010",
    "et": "SpinalLesionSite",
    "off": 17230,
    "sff": "lesion"
  },
  {
    "docID": "N151 Huang 2010",
    "et": "SpinalLesionSite",
    "off": 10888,
    "sff": "spinal"
  },
  {
    "docID": "N151 Huang 2010",
    "et": "SpinalLesionSite",
    "off": 14215,
    "sff": "spinal"
  },
  {
    "docID": "N151 Huang 2010",
    "et": "SpinalLesionSite",
    "off": 11559,
    "sff": "lesion site"
  },
  {
    "docID": "N151 Huang 2010",
    "et": "SpinalLesionSite",
    "off": 18,
    "sff": "spinal"
  },
  {
    "docID": "N151 Huang 2010",
    "et": "SpinalLesionSite",
    "off": 5706,
    "sff": "lesion"
  },
  {
    "docID": "N151 Huang 2010",
    "et": "SpinalLesionSite",
    "off": 17807,
    "sff": "spinal"
  },
  {
    "docID": "N151 Huang 2010",
    "et": "T8",
    "off": 3354,
    "sff": "T8"
  },
  {
    "docID": "N151 Huang 2010",
    "et": "LesionVolumeTest",
    "off": 11236,
    "sff": "lesion"
  },
  {
    "docID": "N151 Huang 2010",
    "et": "LesionVolumeTest",
    "off": 2023,
    "sff": "lesion"
  },
  {
    "docID": "N151 Huang 2010",
    "et": "LesionVolumeTest",
    "off": 11559,
    "sff": "lesion"
  },
  {
    "docID": "N151 Huang 2010",
    "et": "LesionVolumeTest",
    "off": 1001,
    "sff": "lesion"
  },
  {
    "docID": "N151 Huang 2010",
    "et": "LesionVolumeTest",
    "off": 3689,
    "sff": "lesion"
  },
  {
    "docID": "N151 Huang 2010",
    "et": "LesionVolumeTest",
    "off": 5706,
    "sff": "lesion"
  },
  {
    "docID": "N151 Huang 2010",
    "et": "LesionVolumeTest",
    "off": 12476,
    "sff": "lesion"
  },
  {
    "docID": "N151 Huang 2010",
    "et": "LesionVolumeTest",
    "off": 4126,
    "sff": "lesion"
  },
  {
    "docID": "N151 Huang 2010",
    "et": "LesionVolumeTest",
    "off": 9505,
    "sff": "lesion"
  },
  {
    "docID": "N151 Huang 2010",
    "et": "LesionVolumeTest",
    "off": 5184,
    "sff": "lesion"
  },
  {
    "docID": "N151 Huang 2010",
    "et": "LesionVolumeTest",
    "off": 1794,
    "sff": "lesion"
  },
  {
    "docID": "N151 Huang 2010",
    "et": "LesionVolumeTest",
    "off": 10690,
    "sff": "lesion"
  },
  {
    "docID": "N151 Huang 2010",
    "et": "LesionVolumeTest",
    "off": 6389,
    "sff": "lesion"
  },
  {
    "docID": "N151 Huang 2010",
    "et": "LesionVolumeTest",
    "off": 6100,
    "sff": "lesion"
  },
  {
    "docID": "N151 Huang 2010",
    "et": "LesionVolumeTest",
    "off": 10612,
    "sff": "lesion"
  },
  {
    "docID": "N151 Huang 2010",
    "et": "LesionVolumeTest",
    "off": 9561,
    "sff": "lesion"
  },
  {
    "docID": "N151 Huang 2010",
    "et": "LesionVolumeTest",
    "off": 10363,
    "sff": "lesion"
  },
  {
    "docID": "N151 Huang 2010",
    "et": "LesionVolumeTest",
    "off": 16398,
    "sff": "lesion"
  },
  {
    "docID": "N151 Huang 2010",
    "et": "LesionVolumeTest",
    "off": 17070,
    "sff": "lesion"
  },
  {
    "docID": "N151 Huang 2010",
    "et": "LesionVolumeTest",
    "off": 17230,
    "sff": "lesion"
  },
  {
    "docID": "N151 Huang 2010",
    "et": "LesionVolumeTest",
    "off": 1550,
    "sff": "lesion"
  },
  {
    "docID": "N151 Huang 2010",
    "et": "LesionVolumeTest",
    "off": 16753,
    "sff": "lesion"
  },
  {
    "docID": "N151 Huang 2010",
    "et": "SchwannCellChangesTest",
    "off": 16328,
    "sff": "cell"
  },
  {
    "docID": "N151 Huang 2010",
    "et": "SchwannCellChangesTest",
    "off": 6631,
    "sff": "cell"
  },
  {
    "docID": "N151 Huang 2010",
    "et": "SchwannCellChangesTest",
    "off": 1902,
    "sff": "cell"
  },
  {
    "docID": "N151 Huang 2010",
    "et": "SchwannCellChangesTest",
    "off": 11950,
    "sff": "cell"
  },
  {
    "docID": "N151 Huang 2010",
    "et": "SchwannCellChangesTest",
    "off": 18015,
    "sff": "cell"
  },
  {
    "docID": "N151 Huang 2010",
    "et": "SchwannCellChangesTest",
    "off": 11685,
    "sff": "cell"
  },
  {
    "docID": "N151 Huang 2010",
    "et": "SchwannCellChangesTest",
    "off": 6500,
    "sff": "cell"
  },
  {
    "docID": "N151 Huang 2010",
    "et": "SchwannCellChangesTest",
    "off": 11652,
    "sff": "cell"
  },
  {
    "docID": "N151 Huang 2010",
    "et": "SchwannCellChangesTest",
    "off": 1726,
    "sff": "cell"
  },
  {
    "docID": "N151 Huang 2010",
    "et": "SchwannCellChangesTest",
    "off": 10494,
    "sff": "cell"
  },
  {
    "docID": "N151 Huang 2010",
    "et": "SchwannCellChangesTest",
    "off": 11485,
    "sff": "cell"
  },
  {
    "docID": "N151 Huang 2010",
    "et": "SchwannCellChangesTest",
    "off": 6929,
    "sff": "cell"
  },
  {
    "docID": "N151 Huang 2010",
    "et": "SchwannCellChangesTest",
    "off": 8656,
    "sff": "cell"
  },
  {
    "docID": "N151 Huang 2010",
    "et": "SchwannCellChangesTest",
    "off": 6329,
    "sff": "Schwann"
  },
  {
    "docID": "N151 Huang 2010",
    "et": "SchwannCellChangesTest",
    "off": 118,
    "sff": "cell"
  },
  {
    "docID": "N151 Huang 2010",
    "et": "SchwannCellChangesTest",
    "off": 18156,
    "sff": "Cell"
  },
  {
    "docID": "N151 Huang 2010",
    "et": "MotorNeurons",
    "off": 16925,
    "sff": "motor"
  },
  {
    "docID": "N151 Huang 2010",
    "et": "MotorNeurons",
    "off": 5034,
    "sff": "motor"
  },
  {
    "docID": "N151 Huang 2010",
    "et": "MotorNeurons",
    "off": 12670,
    "sff": "motor"
  },
  {
    "docID": "N151 Huang 2010",
    "et": "MotorNeurons",
    "off": 18181,
    "sff": "motor"
  },
  {
    "docID": "N151 Huang 2010",
    "et": "MotorNeurons",
    "off": 4210,
    "sff": "motor"
  },
  {
    "docID": "N151 Huang 2010",
    "et": "MotorNeurons",
    "off": 19043,
    "sff": "motor"
  },
  {
    "docID": "N151 Huang 2010",
    "et": "FunctionalTest",
    "off": 16420,
    "sff": "functional"
  },
  {
    "docID": "N151 Huang 2010",
    "et": "FunctionalTest",
    "off": 5884,
    "sff": "functional"
  },
  {
    "docID": "N151 Huang 2010",
    "et": "FunctionalTest",
    "off": 5482,
    "sff": "functional"
  },
  {
    "docID": "N151 Huang 2010",
    "et": "FunctionalTest",
    "off": 18554,
    "sff": "functional"
  },
  {
    "docID": "N151 Huang 2010",
    "et": "FunctionalTest",
    "off": 1445,
    "sff": "functional"
  },
  {
    "docID": "N151 Huang 2010",
    "et": "FunctionalTest",
    "off": 11775,
    "sff": "functional"
  },
  {
    "docID": "N151 Huang 2010",
    "et": "FunctionalTest",
    "off": 13407,
    "sff": "functional"
  },
  {
    "docID": "N151 Huang 2010",
    "et": "FunctionalTest",
    "off": 5986,
    "sff": "functional"
  },
  {
    "docID": "N151 Huang 2010",
    "et": "SwingDuration",
    "off": 19107,
    "sff": "swing"
  },
  {
    "docID": "N151 Huang 2010",
    "et": "SecondaryDegenerationTest",
    "off": 10033,
    "sff": "secondary"
  },
  {
    "docID": "N151 Huang 2010",
    "et": "SecondaryDegenerationTest",
    "off": 10154,
    "sff": "secondary"
  },
  {
    "docID": "N151 Huang 2010",
    "et": "Right",
    "off": 4480,
    "sff": "right"
  },
  {
    "docID": "N151 Huang 2010",
    "et": "Right",
    "off": 15515,
    "sff": "right"
  },
  {
    "docID": "N151 Huang 2010",
    "et": "Right",
    "off": 4570,
    "sff": "right"
  },
  {
    "docID": "N151 Huang 2010",
    "et": "StepError",
    "off": 2111,
    "sff": "step"
  },
  {
    "docID": "N151 Huang 2010",
    "et": "StepError",
    "off": 14707,
    "sff": "step"
  },
  {
    "docID": "N151 Huang 2010",
    "et": "StepError",
    "off": 19123,
    "sff": "step"
  },
  {
    "docID": "N151 Huang 2010",
    "et": "Intrathecal",
    "off": 1343,
    "sff": "intrathecal"
  },
  {
    "docID": "N151 Huang 2010",
    "et": "Intrathecal",
    "off": 16834,
    "sff": "intrathecal"
  },
  {
    "docID": "N151 Huang 2010",
    "et": "Intrathecal",
    "off": 17538,
    "sff": "intrathecal"
  },
  {
    "docID": "N151 Huang 2010",
    "et": "Intrathecal",
    "off": 5788,
    "sff": "intrathecal"
  },
  {
    "docID": "N151 Huang 2010",
    "et": "Intrathecal",
    "off": 13176,
    "sff": "intrathecal"
  },
  {
    "docID": "N151 Huang 2010",
    "et": "TreatmentSite",
    "off": 1507,
    "sff": "treatment"
  },
  {
    "docID": "N151 Huang 2010",
    "et": "TreatmentSite",
    "off": 12836,
    "sff": "treatment"
  },
  {
    "docID": "N151 Huang 2010",
    "et": "TreatmentSite",
    "off": 3973,
    "sff": "treatment"
  },
  {
    "docID": "N151 Huang 2010",
    "et": "TreatmentSite",
    "off": 12965,
    "sff": "treatment"
  },
  {
    "docID": "N151 Huang 2010",
    "et": "TreatmentSite",
    "off": 6662,
    "sff": "treatment"
  },
  {
    "docID": "N151 Huang 2010",
    "et": "TreatmentSite",
    "off": 13944,
    "sff": "treatment"
  },
  {
    "docID": "N151 Huang 2010",
    "et": "TreatmentSite",
    "off": 19064,
    "sff": "treatment"
  },
  {
    "docID": "N151 Huang 2010",
    "et": "TreatmentSite",
    "off": 17049,
    "sff": "treatment"
  },
  {
    "docID": "N151 Huang 2010",
    "et": "TreatmentSite",
    "off": 4637,
    "sff": "treatment"
  },
  {
    "docID": "N151 Huang 2010",
    "et": "TreatmentSite",
    "off": 4701,
    "sff": "treatment"
  },
  {
    "docID": "N151 Huang 2010",
    "et": "TreatmentSite",
    "off": 3317,
    "sff": "treatment"
  },
  {
    "docID": "N151 Huang 2010",
    "et": "TreatmentSite",
    "off": 4263,
    "sff": "treatment"
  },
  {
    "docID": "N151 Huang 2010",
    "et": "TreatmentSite",
    "off": 5609,
    "sff": "treatment"
  },
  {
    "docID": "N151 Huang 2010",
    "et": "Longitudinal",
    "off": 3267,
    "sff": "longitudinal"
  },
  {
    "docID": "N151 Huang 2010",
    "et": "SpinalCord",
    "off": 18,
    "sff": "spinal cord"
  },
  {
    "docID": "N151 Huang 2010",
    "et": "SpinalCord",
    "off": 9533,
    "sff": "spinal"
  },
  {
    "docID": "N151 Huang 2010",
    "et": "SpinalCord",
    "off": 1945,
    "sff": "spinal cord"
  },
  {
    "docID": "N151 Huang 2010",
    "et": "SpinalCord",
    "off": 2392,
    "sff": "spinal cord"
  },
  {
    "docID": "N151 Huang 2010",
    "et": "SpinalCord",
    "off": 9304,
    "sff": "spinal cord"
  },
  {
    "docID": "N151 Huang 2010",
    "et": "SpinalCord",
    "off": 11224,
    "sff": "spinal cord"
  },
  {
    "docID": "N151 Huang 2010",
    "et": "SpinalCord",
    "off": 13067,
    "sff": "spinal cord"
  },
  {
    "docID": "N151 Huang 2010",
    "et": "SpinalCord",
    "off": 17807,
    "sff": "spinal cord"
  },
  {
    "docID": "N151 Huang 2010",
    "et": "SpinalCord",
    "off": 12066,
    "sff": "spinal cord"
  },
  {
    "docID": "N151 Huang 2010",
    "et": "SpinalCord",
    "off": 4068,
    "sff": "spinal cord"
  },
  {
    "docID": "N151 Huang 2010",
    "et": "SpinalCord",
    "off": 17961,
    "sff": "spinal cord"
  },
  {
    "docID": "N151 Huang 2010",
    "et": "SpinalCord",
    "off": 10600,
    "sff": "spinal cord"
  },
  {
    "docID": "N151 Huang 2010",
    "et": "SpinalCord",
    "off": 3291,
    "sff": "spinal cord"
  },
  {
    "docID": "N151 Huang 2010",
    "et": "SpinalCord",
    "off": 11547,
    "sff": "spinal cord"
  },
  {
    "docID": "N151 Huang 2010",
    "et": "SpinalCord",
    "off": 3677,
    "sff": "spinal cord"
  },
  {
    "docID": "N151 Huang 2010",
    "et": "SpinalCord",
    "off": 17247,
    "sff": "spinal cord"
  },
  {
    "docID": "N151 Huang 2010",
    "et": "SpinalCord",
    "off": 1569,
    "sff": "spinal cord"
  },
  {
    "docID": "N151 Huang 2010",
    "et": "SpinalCord",
    "off": 3570,
    "sff": "spinal cord"
  },
  {
    "docID": "N151 Huang 2010",
    "et": "SpinalCord",
    "off": 3828,
    "sff": "spinal cord"
  },
  {
    "docID": "N151 Huang 2010",
    "et": "SpinalCord",
    "off": 10678,
    "sff": "spinal cord"
  },
  {
    "docID": "N151 Huang 2010",
    "et": "SpinalCord",
    "off": 2040,
    "sff": "spinal cord"
  },
  {
    "docID": "N151 Huang 2010",
    "et": "SpinalCord",
    "off": 4600,
    "sff": "spinal cord"
  },
  {
    "docID": "N151 Huang 2010",
    "et": "SpinalCord",
    "off": 2154,
    "sff": "spinal cord"
  },
  {
    "docID": "N151 Huang 2010",
    "et": "SpinalCord",
    "off": 11822,
    "sff": "spinal cord"
  },
  {
    "docID": "N151 Huang 2010",
    "et": "SpinalCord",
    "off": 4848,
    "sff": "spinal cord"
  },
  {
    "docID": "N151 Huang 2010",
    "et": "SpinalCord",
    "off": 12464,
    "sff": "spinal cord"
  },
  {
    "docID": "N151 Huang 2010",
    "et": "SpinalCord",
    "off": 9475,
    "sff": "Spinal cord"
  },
  {
    "docID": "N151 Huang 2010",
    "et": "SpinalCord",
    "off": 16386,
    "sff": "spinal cord"
  },
  {
    "docID": "N151 Huang 2010",
    "et": "SpinalCord",
    "off": 6404,
    "sff": "spinal cord"
  },
  {
    "docID": "N151 Huang 2010",
    "et": "SpinalCord",
    "off": 14215,
    "sff": "spinal cord"
  },
  {
    "docID": "N151 Huang 2010",
    "et": "SpinalCord",
    "off": 12582,
    "sff": "spinal"
  },
  {
    "docID": "N151 Huang 2010",
    "et": "SpinalCord",
    "off": 10888,
    "sff": "spinal cord"
  },
  {
    "docID": "N151 Huang 2010",
    "et": "SpinalCord",
    "off": 1019,
    "sff": "spinal cord"
  },
  {
    "docID": "N151 Huang 2010",
    "et": "SpinalCord",
    "off": 16890,
    "sff": "spinal cord"
  },
  {
    "docID": "N151 Huang 2010",
    "et": "SpinalCord",
    "off": 5284,
    "sff": "spinal"
  },
  {
    "docID": "N151 Huang 2010",
    "et": "SpinalCord",
    "off": 5694,
    "sff": "spinal cord"
  },
  {
    "docID": "N151 Huang 2010",
    "et": "LesionAdjacentTissue",
    "off": 6100,
    "sff": "lesion"
  },
  {
    "docID": "N151 Huang 2010",
    "et": "LesionAdjacentTissue",
    "off": 10612,
    "sff": "lesion"
  },
  {
    "docID": "N151 Huang 2010",
    "et": "LesionAdjacentTissue",
    "off": 6389,
    "sff": "lesion"
  },
  {
    "docID": "N151 Huang 2010",
    "et": "LesionAdjacentTissue",
    "off": 16753,
    "sff": "lesion"
  },
  {
    "docID": "N151 Huang 2010",
    "et": "LesionAdjacentTissue",
    "off": 1550,
    "sff": "lesion"
  },
  {
    "docID": "N151 Huang 2010",
    "et": "LesionAdjacentTissue",
    "off": 16398,
    "sff": "lesion"
  },
  {
    "docID": "N151 Huang 2010",
    "et": "LesionAdjacentTissue",
    "off": 17070,
    "sff": "lesion"
  },
  {
    "docID": "N151 Huang 2010",
    "et": "LesionAdjacentTissue",
    "off": 17230,
    "sff": "lesion"
  },
  {
    "docID": "N151 Huang 2010",
    "et": "LesionAdjacentTissue",
    "off": 2023,
    "sff": "lesion"
  },
  {
    "docID": "N151 Huang 2010",
    "et": "LesionAdjacentTissue",
    "off": 11559,
    "sff": "lesion"
  },
  {
    "docID": "N151 Huang 2010",
    "et": "LesionAdjacentTissue",
    "off": 5706,
    "sff": "lesion"
  },
  {
    "docID": "N151 Huang 2010",
    "et": "LesionAdjacentTissue",
    "off": 1001,
    "sff": "lesion"
  },
  {
    "docID": "N151 Huang 2010",
    "et": "LesionAdjacentTissue",
    "off": 3689,
    "sff": "lesion"
  },
  {
    "docID": "N151 Huang 2010",
    "et": "LesionAdjacentTissue",
    "off": 11236,
    "sff": "lesion"
  },
  {
    "docID": "N151 Huang 2010",
    "et": "LesionAdjacentTissue",
    "off": 5184,
    "sff": "lesion"
  },
  {
    "docID": "N151 Huang 2010",
    "et": "LesionAdjacentTissue",
    "off": 1794,
    "sff": "lesion"
  },
  {
    "docID": "N151 Huang 2010",
    "et": "LesionAdjacentTissue",
    "off": 10690,
    "sff": "lesion"
  },
  {
    "docID": "N151 Huang 2010",
    "et": "LesionAdjacentTissue",
    "off": 9505,
    "sff": "lesion"
  },
  {
    "docID": "N151 Huang 2010",
    "et": "LesionAdjacentTissue",
    "off": 12476,
    "sff": "lesion"
  },
  {
    "docID": "N151 Huang 2010",
    "et": "LesionAdjacentTissue",
    "off": 10363,
    "sff": "lesion"
  },
  {
    "docID": "N151 Huang 2010",
    "et": "LesionAdjacentTissue",
    "off": 4126,
    "sff": "lesion"
  },
  {
    "docID": "N151 Huang 2010",
    "et": "LesionAdjacentTissue",
    "off": 9561,
    "sff": "lesion"
  },
  {
    "docID": "N151 Huang 2010",
    "et": "GaitPawRotation",
    "off": 14884,
    "sff": "gait"
  },
  {
    "docID": "N151 Huang 2010",
    "et": "GaitPawRotation",
    "off": 16116,
    "sff": "gait"
  },
  {
    "docID": "N151 Huang 2010",
    "et": "GaitPawRotation",
    "off": 4402,
    "sff": "gait"
  },
  {
    "docID": "N151 Huang 2010",
    "et": "GaitPawRotation",
    "off": 15101,
    "sff": "paw"
  },
  {
    "docID": "N151 Huang 2010",
    "et": "GaitPawRotation",
    "off": 19282,
    "sff": "gait"
  },
  {
    "docID": "N151 Huang 2010",
    "et": "GaitPawRotation",
    "off": 15145,
    "sff": "paw"
  },
  {
    "docID": "N151 Huang 2010",
    "et": "GaitPawRotation",
    "off": 15895,
    "sff": "gait"
  },
  {
    "docID": "N151 Huang 2010",
    "et": "GaitPawRotation",
    "off": 15034,
    "sff": "gait"
  },
  {
    "docID": "N151 Huang 2010",
    "et": "GaitPawRotation",
    "off": 14016,
    "sff": "gait"
  },
  {
    "docID": "N151 Huang 2010",
    "et": "GaitPawRotation",
    "off": 2238,
    "sff": "gait"
  },
  {
    "docID": "N151 Huang 2010",
    "et": "GaitPawRotation",
    "off": 16462,
    "sff": "gait"
  },
  {
    "docID": "N151 Huang 2010",
    "et": "GaitPawRotation",
    "off": 15183,
    "sff": "gait"
  },
  {
    "docID": "N151 Huang 2010",
    "et": "CentralNervousSystem",
    "off": 12225,
    "sff": "nervous"
  },
  {
    "docID": "N151 Huang 2010",
    "et": "CentralNervousSystem",
    "off": 12225,
    "sff": "nervous system"
  },
  {
    "docID": "N151 Huang 2010",
    "et": "StainingLength",
    "off": 10096,
    "sff": "staining"
  },
  {
    "docID": "N151 Huang 2010",
    "et": "LimbRotation",
    "off": 15980,
    "sff": "limb"
  },
  {
    "docID": "N151 Huang 2010",
    "et": "LimbRotation",
    "off": 15178,
    "sff": "limb"
  },
  {
    "docID": "N151 Huang 2010",
    "et": "LimbRotation",
    "off": 14920,
    "sff": "limb"
  },
  {
    "docID": "N151 Huang 2010",
    "et": "LimbRotation",
    "off": 15121,
    "sff": "limb"
  },
  {
    "docID": "N151 Huang 2010",
    "et": "StainingDensity",
    "off": 10096,
    "sff": "staining"
  },
  {
    "docID": "N151 Huang 2010",
    "et": "SensoryTest",
    "off": 17280,
    "sff": "sensory"
  },
  {
    "docID": "N151 Huang 2010",
    "et": "BBBSubscoreTest",
    "off": 5933,
    "sff": "BBB"
  },
  {
    "docID": "N151 Huang 2010",
    "et": "BBBSubscoreTest",
    "off": 12707,
    "sff": "BBB"
  },
  {
    "docID": "N151 Huang 2010",
    "et": "BBBSubscoreTest",
    "off": 19253,
    "sff": "BBB"
  },
  {
    "docID": "N151 Huang 2010",
    "et": "AxonalDamageTest",
    "off": 1766,
    "sff": "axonal"
  },
  {
    "docID": "N151 Huang 2010",
    "et": "AxonalDamageTest",
    "off": 1413,
    "sff": "axonal"
  },
  {
    "docID": "N151 Huang 2010",
    "et": "AxonalDamageTest",
    "off": 5461,
    "sff": "axonal"
  },
  {
    "docID": "N151 Huang 2010",
    "et": "AxonalDamageTest",
    "off": 18524,
    "sff": "axonal"
  },
  {
    "docID": "N151 Huang 2010",
    "et": "AxonalDamageTest",
    "off": 1188,
    "sff": "axonal"
  },
  {
    "docID": "N151 Huang 2010",
    "et": "AxonalDamageTest",
    "off": 12351,
    "sff": "axonal"
  },
  {
    "docID": "N151 Huang 2010",
    "et": "AxonalDamageTest",
    "off": 974,
    "sff": "axonal"
  },
  {
    "docID": "N151 Huang 2010",
    "et": "AxonalDamageTest",
    "off": 5641,
    "sff": "axonal"
  },
  {
    "docID": "N151 Huang 2010",
    "et": "SpinalCentralPart",
    "off": 6404,
    "sff": "spinal"
  },
  {
    "docID": "N151 Huang 2010",
    "et": "SpinalCentralPart",
    "off": 16386,
    "sff": "spinal"
  },
  {
    "docID": "N151 Huang 2010",
    "et": "SpinalCentralPart",
    "off": 9475,
    "sff": "Spinal"
  },
  {
    "docID": "N151 Huang 2010",
    "et": "SpinalCentralPart",
    "off": 5694,
    "sff": "spinal"
  },
  {
    "docID": "N151 Huang 2010",
    "et": "SpinalCentralPart",
    "off": 13067,
    "sff": "spinal"
  },
  {
    "docID": "N151 Huang 2010",
    "et": "SpinalCentralPart",
    "off": 10888,
    "sff": "spinal"
  },
  {
    "docID": "N151 Huang 2010",
    "et": "SpinalCentralPart",
    "off": 14215,
    "sff": "spinal"
  },
  {
    "docID": "N151 Huang 2010",
    "et": "SpinalCentralPart",
    "off": 18,
    "sff": "spinal"
  },
  {
    "docID": "N151 Huang 2010",
    "et": "SpinalCentralPart",
    "off": 17807,
    "sff": "spinal"
  },
  {
    "docID": "N151 Huang 2010",
    "et": "SpinalCentralPart",
    "off": 3677,
    "sff": "spinal"
  },
  {
    "docID": "N151 Huang 2010",
    "et": "SpinalCentralPart",
    "off": 3291,
    "sff": "spinal"
  },
  {
    "docID": "N151 Huang 2010",
    "et": "SpinalCentralPart",
    "off": 11547,
    "sff": "spinal"
  },
  {
    "docID": "N151 Huang 2010",
    "et": "SpinalCentralPart",
    "off": 2392,
    "sff": "spinal"
  },
  {
    "docID": "N151 Huang 2010",
    "et": "SpinalCentralPart",
    "off": 9304,
    "sff": "spinal"
  },
  {
    "docID": "N151 Huang 2010",
    "et": "SpinalCentralPart",
    "off": 11224,
    "sff": "spinal"
  },
  {
    "docID": "N151 Huang 2010",
    "et": "SpinalCentralPart",
    "off": 1945,
    "sff": "spinal"
  },
  {
    "docID": "N151 Huang 2010",
    "et": "SpinalCentralPart",
    "off": 4068,
    "sff": "spinal"
  },
  {
    "docID": "N151 Huang 2010",
    "et": "SpinalCentralPart",
    "off": 5284,
    "sff": "spinal"
  },
  {
    "docID": "N151 Huang 2010",
    "et": "SpinalCentralPart",
    "off": 12066,
    "sff": "spinal"
  },
  {
    "docID": "N151 Huang 2010",
    "et": "SpinalCentralPart",
    "off": 1569,
    "sff": "spinal"
  },
  {
    "docID": "N151 Huang 2010",
    "et": "SpinalCentralPart",
    "off": 17247,
    "sff": "spinal"
  },
  {
    "docID": "N151 Huang 2010",
    "et": "SpinalCentralPart",
    "off": 2154,
    "sff": "spinal"
  },
  {
    "docID": "N151 Huang 2010",
    "et": "SpinalCentralPart",
    "off": 10600,
    "sff": "spinal"
  },
  {
    "docID": "N151 Huang 2010",
    "et": "SpinalCentralPart",
    "off": 17961,
    "sff": "spinal"
  },
  {
    "docID": "N151 Huang 2010",
    "et": "SpinalCentralPart",
    "off": 12582,
    "sff": "spinal"
  },
  {
    "docID": "N151 Huang 2010",
    "et": "SpinalCentralPart",
    "off": 3828,
    "sff": "spinal"
  },
  {
    "docID": "N151 Huang 2010",
    "et": "SpinalCentralPart",
    "off": 3570,
    "sff": "spinal"
  },
  {
    "docID": "N151 Huang 2010",
    "et": "SpinalCentralPart",
    "off": 4848,
    "sff": "spinal"
  },
  {
    "docID": "N151 Huang 2010",
    "et": "SpinalCentralPart",
    "off": 12464,
    "sff": "spinal"
  },
  {
    "docID": "N151 Huang 2010",
    "et": "SpinalCentralPart",
    "off": 11822,
    "sff": "spinal"
  },
  {
    "docID": "N151 Huang 2010",
    "et": "SpinalCentralPart",
    "off": 9533,
    "sff": "spinal"
  },
  {
    "docID": "N151 Huang 2010",
    "et": "SpinalCentralPart",
    "off": 16890,
    "sff": "spinal"
  },
  {
    "docID": "N151 Huang 2010",
    "et": "SpinalCentralPart",
    "off": 1019,
    "sff": "spinal"
  },
  {
    "docID": "N151 Huang 2010",
    "et": "SpinalCentralPart",
    "off": 2040,
    "sff": "spinal"
  },
  {
    "docID": "N151 Huang 2010",
    "et": "SpinalCentralPart",
    "off": 4600,
    "sff": "spinal"
  },
  {
    "docID": "N151 Huang 2010",
    "et": "SpinalCentralPart",
    "off": 10678,
    "sff": "spinal"
  },
  {
    "docID": "N151 Huang 2010",
    "et": "PawLength",
    "off": 15145,
    "sff": "paw"
  },
  {
    "docID": "N151 Huang 2010",
    "et": "PawLength",
    "off": 15101,
    "sff": "paw"
  },
  {
    "docID": "N151 Huang 2010",
    "et": "AxonalDiebackTest",
    "off": 18524,
    "sff": "axonal"
  },
  {
    "docID": "N151 Huang 2010",
    "et": "AxonalDiebackTest",
    "off": 974,
    "sff": "axonal"
  },
  {
    "docID": "N151 Huang 2010",
    "et": "AxonalDiebackTest",
    "off": 5641,
    "sff": "axonal"
  },
  {
    "docID": "N151 Huang 2010",
    "et": "AxonalDiebackTest",
    "off": 1188,
    "sff": "axonal"
  },
  {
    "docID": "N151 Huang 2010",
    "et": "AxonalDiebackTest",
    "off": 1766,
    "sff": "axonal"
  },
  {
    "docID": "N151 Huang 2010",
    "et": "AxonalDiebackTest",
    "off": 1413,
    "sff": "axonal"
  },
  {
    "docID": "N151 Huang 2010",
    "et": "AxonalDiebackTest",
    "off": 5461,
    "sff": "axonal"
  },
  {
    "docID": "N151 Huang 2010",
    "et": "AxonalDiebackTest",
    "off": 12351,
    "sff": "axonal"
  },
  {
    "docID": "N151 Huang 2010",
    "et": "SpinalCordStump",
    "off": 10600,
    "sff": "spinal cord"
  },
  {
    "docID": "N151 Huang 2010",
    "et": "SpinalCordStump",
    "off": 17961,
    "sff": "spinal cord"
  },
  {
    "docID": "N151 Huang 2010",
    "et": "SpinalCordStump",
    "off": 2154,
    "sff": "spinal cord"
  },
  {
    "docID": "N151 Huang 2010",
    "et": "SpinalCordStump",
    "off": 4068,
    "sff": "spinal cord"
  },
  {
    "docID": "N151 Huang 2010",
    "et": "SpinalCordStump",
    "off": 17247,
    "sff": "spinal cord"
  },
  {
    "docID": "N151 Huang 2010",
    "et": "SpinalCordStump",
    "off": 1569,
    "sff": "spinal cord"
  },
  {
    "docID": "N151 Huang 2010",
    "et": "SpinalCordStump",
    "off": 12066,
    "sff": "spinal cord"
  },
  {
    "docID": "N151 Huang 2010",
    "et": "SpinalCordStump",
    "off": 3291,
    "sff": "spinal cord"
  },
  {
    "docID": "N151 Huang 2010",
    "et": "SpinalCordStump",
    "off": 11547,
    "sff": "spinal cord"
  },
  {
    "docID": "N151 Huang 2010",
    "et": "SpinalCordStump",
    "off": 3677,
    "sff": "spinal cord"
  },
  {
    "docID": "N151 Huang 2010",
    "et": "SpinalCordStump",
    "off": 2392,
    "sff": "spinal cord"
  },
  {
    "docID": "N151 Huang 2010",
    "et": "SpinalCordStump",
    "off": 9304,
    "sff": "spinal cord"
  },
  {
    "docID": "N151 Huang 2010",
    "et": "SpinalCordStump",
    "off": 11224,
    "sff": "spinal cord"
  },
  {
    "docID": "N151 Huang 2010",
    "et": "SpinalCordStump",
    "off": 1945,
    "sff": "spinal cord"
  },
  {
    "docID": "N151 Huang 2010",
    "et": "SpinalCordStump",
    "off": 5284,
    "sff": "spinal"
  },
  {
    "docID": "N151 Huang 2010",
    "et": "SpinalCordStump",
    "off": 12582,
    "sff": "spinal"
  },
  {
    "docID": "N151 Huang 2010",
    "et": "SpinalCordStump",
    "off": 17807,
    "sff": "spinal cord"
  },
  {
    "docID": "N151 Huang 2010",
    "et": "SpinalCordStump",
    "off": 18,
    "sff": "spinal cord"
  },
  {
    "docID": "N151 Huang 2010",
    "et": "SpinalCordStump",
    "off": 13067,
    "sff": "spinal cord"
  },
  {
    "docID": "N151 Huang 2010",
    "et": "SpinalCordStump",
    "off": 14215,
    "sff": "spinal cord"
  },
  {
    "docID": "N151 Huang 2010",
    "et": "SpinalCordStump",
    "off": 10888,
    "sff": "spinal cord"
  },
  {
    "docID": "N151 Huang 2010",
    "et": "SpinalCordStump",
    "off": 9475,
    "sff": "Spinal cord"
  },
  {
    "docID": "N151 Huang 2010",
    "et": "SpinalCordStump",
    "off": 6404,
    "sff": "spinal cord"
  },
  {
    "docID": "N151 Huang 2010",
    "et": "SpinalCordStump",
    "off": 16386,
    "sff": "spinal cord"
  },
  {
    "docID": "N151 Huang 2010",
    "et": "SpinalCordStump",
    "off": 1019,
    "sff": "spinal cord"
  },
  {
    "docID": "N151 Huang 2010",
    "et": "SpinalCordStump",
    "off": 9533,
    "sff": "spinal"
  },
  {
    "docID": "N151 Huang 2010",
    "et": "SpinalCordStump",
    "off": 5694,
    "sff": "spinal cord"
  },
  {
    "docID": "N151 Huang 2010",
    "et": "SpinalCordStump",
    "off": 2040,
    "sff": "spinal cord"
  },
  {
    "docID": "N151 Huang 2010",
    "et": "SpinalCordStump",
    "off": 4600,
    "sff": "spinal cord"
  },
  {
    "docID": "N151 Huang 2010",
    "et": "SpinalCordStump",
    "off": 16890,
    "sff": "spinal cord"
  },
  {
    "docID": "N151 Huang 2010",
    "et": "SpinalCordStump",
    "off": 3828,
    "sff": "spinal cord"
  },
  {
    "docID": "N151 Huang 2010",
    "et": "SpinalCordStump",
    "off": 10678,
    "sff": "spinal cord"
  },
  {
    "docID": "N151 Huang 2010",
    "et": "SpinalCordStump",
    "off": 4848,
    "sff": "spinal cord"
  },
  {
    "docID": "N151 Huang 2010",
    "et": "SpinalCordStump",
    "off": 12464,
    "sff": "spinal cord"
  },
  {
    "docID": "N151 Huang 2010",
    "et": "SpinalCordStump",
    "off": 3570,
    "sff": "spinal cord"
  },
  {
    "docID": "N151 Huang 2010",
    "et": "SpinalCordStump",
    "off": 11822,
    "sff": "spinal cord"
  },
  {
    "docID": "N151 Huang 2010",
    "et": "MotorEvokedPotentialsTest",
    "off": 18181,
    "sff": "motor"
  },
  {
    "docID": "N151 Huang 2010",
    "et": "MotorEvokedPotentialsTest",
    "off": 19043,
    "sff": "motor"
  },
  {
    "docID": "N151 Huang 2010",
    "et": "MotorEvokedPotentialsTest",
    "off": 5034,
    "sff": "motor"
  },
  {
    "docID": "N151 Huang 2010",
    "et": "MotorEvokedPotentialsTest",
    "off": 16925,
    "sff": "motor"
  },
  {
    "docID": "N151 Huang 2010",
    "et": "MotorEvokedPotentialsTest",
    "off": 12670,
    "sff": "motor"
  },
  {
    "docID": "N151 Huang 2010",
    "et": "MotorEvokedPotentialsTest",
    "off": 4210,
    "sff": "motor"
  },
  {
    "docID": "N151 Huang 2010",
    "et": "SpinalWhiteMatter",
    "off": 5694,
    "sff": "spinal"
  },
  {
    "docID": "N151 Huang 2010",
    "et": "SpinalWhiteMatter",
    "off": 9533,
    "sff": "spinal"
  },
  {
    "docID": "N151 Huang 2010",
    "et": "SpinalWhiteMatter",
    "off": 1019,
    "sff": "spinal"
  },
  {
    "docID": "N151 Huang 2010",
    "et": "SpinalWhiteMatter",
    "off": 16890,
    "sff": "spinal"
  },
  {
    "docID": "N151 Huang 2010",
    "et": "SpinalWhiteMatter",
    "off": 2040,
    "sff": "spinal"
  },
  {
    "docID": "N151 Huang 2010",
    "et": "SpinalWhiteMatter",
    "off": 4600,
    "sff": "spinal"
  },
  {
    "docID": "N151 Huang 2010",
    "et": "SpinalWhiteMatter",
    "off": 3515,
    "sff": "white"
  },
  {
    "docID": "N151 Huang 2010",
    "et": "SpinalWhiteMatter",
    "off": 10678,
    "sff": "spinal"
  },
  {
    "docID": "N151 Huang 2010",
    "et": "SpinalWhiteMatter",
    "off": 3828,
    "sff": "spinal"
  },
  {
    "docID": "N151 Huang 2010",
    "et": "SpinalWhiteMatter",
    "off": 3570,
    "sff": "spinal"
  },
  {
    "docID": "N151 Huang 2010",
    "et": "SpinalWhiteMatter",
    "off": 4848,
    "sff": "spinal"
  },
  {
    "docID": "N151 Huang 2010",
    "et": "SpinalWhiteMatter",
    "off": 12464,
    "sff": "spinal"
  },
  {
    "docID": "N151 Huang 2010",
    "et": "SpinalWhiteMatter",
    "off": 11822,
    "sff": "spinal"
  },
  {
    "docID": "N151 Huang 2010",
    "et": "SpinalWhiteMatter",
    "off": 2154,
    "sff": "spinal"
  },
  {
    "docID": "N151 Huang 2010",
    "et": "SpinalWhiteMatter",
    "off": 10600,
    "sff": "spinal"
  },
  {
    "docID": "N151 Huang 2010",
    "et": "SpinalWhiteMatter",
    "off": 17961,
    "sff": "spinal"
  },
  {
    "docID": "N151 Huang 2010",
    "et": "SpinalWhiteMatter",
    "off": 12582,
    "sff": "spinal"
  },
  {
    "docID": "N151 Huang 2010",
    "et": "SpinalWhiteMatter",
    "off": 4068,
    "sff": "spinal"
  },
  {
    "docID": "N151 Huang 2010",
    "et": "SpinalWhiteMatter",
    "off": 5284,
    "sff": "spinal"
  },
  {
    "docID": "N151 Huang 2010",
    "et": "SpinalWhiteMatter",
    "off": 12066,
    "sff": "spinal"
  },
  {
    "docID": "N151 Huang 2010",
    "et": "SpinalWhiteMatter",
    "off": 1569,
    "sff": "spinal"
  },
  {
    "docID": "N151 Huang 2010",
    "et": "SpinalWhiteMatter",
    "off": 17247,
    "sff": "spinal"
  },
  {
    "docID": "N151 Huang 2010",
    "et": "SpinalWhiteMatter",
    "off": 3677,
    "sff": "spinal"
  },
  {
    "docID": "N151 Huang 2010",
    "et": "SpinalWhiteMatter",
    "off": 3291,
    "sff": "spinal"
  },
  {
    "docID": "N151 Huang 2010",
    "et": "SpinalWhiteMatter",
    "off": 11547,
    "sff": "spinal"
  },
  {
    "docID": "N151 Huang 2010",
    "et": "SpinalWhiteMatter",
    "off": 2392,
    "sff": "spinal"
  },
  {
    "docID": "N151 Huang 2010",
    "et": "SpinalWhiteMatter",
    "off": 9304,
    "sff": "spinal"
  },
  {
    "docID": "N151 Huang 2010",
    "et": "SpinalWhiteMatter",
    "off": 11224,
    "sff": "spinal"
  },
  {
    "docID": "N151 Huang 2010",
    "et": "SpinalWhiteMatter",
    "off": 1945,
    "sff": "spinal"
  },
  {
    "docID": "N151 Huang 2010",
    "et": "SpinalWhiteMatter",
    "off": 3550,
    "sff": "white"
  },
  {
    "docID": "N151 Huang 2010",
    "et": "SpinalWhiteMatter",
    "off": 18,
    "sff": "spinal"
  },
  {
    "docID": "N151 Huang 2010",
    "et": "SpinalWhiteMatter",
    "off": 3332,
    "sff": "white"
  },
  {
    "docID": "N151 Huang 2010",
    "et": "SpinalWhiteMatter",
    "off": 17807,
    "sff": "spinal"
  },
  {
    "docID": "N151 Huang 2010",
    "et": "SpinalWhiteMatter",
    "off": 13067,
    "sff": "spinal"
  },
  {
    "docID": "N151 Huang 2010",
    "et": "SpinalWhiteMatter",
    "off": 10888,
    "sff": "spinal"
  },
  {
    "docID": "N151 Huang 2010",
    "et": "SpinalWhiteMatter",
    "off": 14215,
    "sff": "spinal"
  },
  {
    "docID": "N151 Huang 2010",
    "et": "SpinalWhiteMatter",
    "off": 6404,
    "sff": "spinal"
  },
  {
    "docID": "N151 Huang 2010",
    "et": "SpinalWhiteMatter",
    "off": 9475,
    "sff": "Spinal"
  },
  {
    "docID": "N151 Huang 2010",
    "et": "SpinalWhiteMatter",
    "off": 16386,
    "sff": "spinal"
  },
  {
    "docID": "N151 Huang 2010",
    "et": "Dorsal",
    "off": 17319,
    "sff": "dorsal"
  },
  {
    "docID": "N151 Huang 2010",
    "et": "GaitCoordination",
    "off": 15034,
    "sff": "gait"
  },
  {
    "docID": "N151 Huang 2010",
    "et": "GaitCoordination",
    "off": 15895,
    "sff": "gait"
  },
  {
    "docID": "N151 Huang 2010",
    "et": "GaitCoordination",
    "off": 14884,
    "sff": "gait"
  },
  {
    "docID": "N151 Huang 2010",
    "et": "GaitCoordination",
    "off": 16116,
    "sff": "gait"
  },
  {
    "docID": "N151 Huang 2010",
    "et": "GaitCoordination",
    "off": 4402,
    "sff": "gait"
  },
  {
    "docID": "N151 Huang 2010",
    "et": "GaitCoordination",
    "off": 19282,
    "sff": "gait"
  },
  {
    "docID": "N151 Huang 2010",
    "et": "GaitCoordination",
    "off": 14016,
    "sff": "gait"
  },
  {
    "docID": "N151 Huang 2010",
    "et": "GaitCoordination",
    "off": 15183,
    "sff": "gait"
  },
  {
    "docID": "N151 Huang 2010",
    "et": "GaitCoordination",
    "off": 2238,
    "sff": "gait"
  },
  {
    "docID": "N151 Huang 2010",
    "et": "GaitCoordination",
    "off": 16462,
    "sff": "gait"
  },
  {
    "docID": "N151 Huang 2010",
    "et": "BodyWeightExamination",
    "off": 12787,
    "sff": "weight"
  },
  {
    "docID": "N151 Huang 2010",
    "et": "BodyWeightExamination",
    "off": 19182,
    "sff": "body weight"
  },
  {
    "docID": "N151 Huang 2010",
    "et": "BodyWeightExamination",
    "off": 14440,
    "sff": "weight"
  },
  {
    "docID": "N151 Huang 2010",
    "et": "BodyWeightExamination",
    "off": 14395,
    "sff": "body"
  },
  {
    "docID": "N151 Huang 2010",
    "et": "BodyWeightExamination",
    "off": 13688,
    "sff": "body weight"
  },
  {
    "docID": "N151 Huang 2010",
    "et": "Diameter",
    "off": 7506,
    "sff": "diameter"
  },
  {
    "docID": "N151 Huang 2010",
    "et": "Diameter",
    "off": 7072,
    "sff": "diameter"
  },
  {
    "docID": "N151 Huang 2010",
    "et": "ErrorStepRatio",
    "off": 14707,
    "sff": "step"
  },
  {
    "docID": "N151 Huang 2010",
    "et": "ErrorStepRatio",
    "off": 19123,
    "sff": "step"
  },
  {
    "docID": "N151 Huang 2010",
    "et": "ErrorStepRatio",
    "off": 2111,
    "sff": "step"
  },
  {
    "docID": "N151 Huang 2010",
    "et": "NeurogenesisTest",
    "off": 18917,
    "sff": "neurogenesis"
  },
  {
    "docID": "N151 Huang 2010",
    "et": "StepHeight",
    "off": 2111,
    "sff": "step"
  },
  {
    "docID": "N151 Huang 2010",
    "et": "StepHeight",
    "off": 19123,
    "sff": "step height"
  },
  {
    "docID": "N151 Huang 2010",
    "et": "StepHeight",
    "off": 14707,
    "sff": "step"
  },
  {
    "docID": "N151 Huang 2010",
    "et": "SpinalGrayMatter",
    "off": 12066,
    "sff": "spinal"
  },
  {
    "docID": "N151 Huang 2010",
    "et": "SpinalGrayMatter",
    "off": 1569,
    "sff": "spinal"
  },
  {
    "docID": "N151 Huang 2010",
    "et": "SpinalGrayMatter",
    "off": 17961,
    "sff": "spinal"
  },
  {
    "docID": "N151 Huang 2010",
    "et": "SpinalGrayMatter",
    "off": 3677,
    "sff": "spinal"
  },
  {
    "docID": "N151 Huang 2010",
    "et": "SpinalGrayMatter",
    "off": 3291,
    "sff": "spinal"
  },
  {
    "docID": "N151 Huang 2010",
    "et": "SpinalGrayMatter",
    "off": 11547,
    "sff": "spinal"
  },
  {
    "docID": "N151 Huang 2010",
    "et": "SpinalGrayMatter",
    "off": 1945,
    "sff": "spinal"
  },
  {
    "docID": "N151 Huang 2010",
    "et": "SpinalGrayMatter",
    "off": 2392,
    "sff": "spinal"
  },
  {
    "docID": "N151 Huang 2010",
    "et": "SpinalGrayMatter",
    "off": 9304,
    "sff": "spinal"
  },
  {
    "docID": "N151 Huang 2010",
    "et": "SpinalGrayMatter",
    "off": 11224,
    "sff": "spinal"
  },
  {
    "docID": "N151 Huang 2010",
    "et": "SpinalGrayMatter",
    "off": 3570,
    "sff": "spinal"
  },
  {
    "docID": "N151 Huang 2010",
    "et": "SpinalGrayMatter",
    "off": 4848,
    "sff": "spinal"
  },
  {
    "docID": "N151 Huang 2010",
    "et": "SpinalGrayMatter",
    "off": 12464,
    "sff": "spinal"
  },
  {
    "docID": "N151 Huang 2010",
    "et": "SpinalGrayMatter",
    "off": 11822,
    "sff": "spinal"
  },
  {
    "docID": "N151 Huang 2010",
    "et": "SpinalGrayMatter",
    "off": 2154,
    "sff": "spinal"
  },
  {
    "docID": "N151 Huang 2010",
    "et": "SpinalGrayMatter",
    "off": 10600,
    "sff": "spinal"
  },
  {
    "docID": "N151 Huang 2010",
    "et": "SpinalGrayMatter",
    "off": 17247,
    "sff": "spinal"
  },
  {
    "docID": "N151 Huang 2010",
    "et": "SpinalGrayMatter",
    "off": 12582,
    "sff": "spinal"
  },
  {
    "docID": "N151 Huang 2010",
    "et": "SpinalGrayMatter",
    "off": 4068,
    "sff": "spinal"
  },
  {
    "docID": "N151 Huang 2010",
    "et": "SpinalGrayMatter",
    "off": 5284,
    "sff": "spinal"
  },
  {
    "docID": "N151 Huang 2010",
    "et": "SpinalGrayMatter",
    "off": 14215,
    "sff": "spinal"
  },
  {
    "docID": "N151 Huang 2010",
    "et": "SpinalGrayMatter",
    "off": 5694,
    "sff": "spinal"
  },
  {
    "docID": "N151 Huang 2010",
    "et": "SpinalGrayMatter",
    "off": 9475,
    "sff": "Spinal"
  },
  {
    "docID": "N151 Huang 2010",
    "et": "SpinalGrayMatter",
    "off": 9533,
    "sff": "spinal"
  },
  {
    "docID": "N151 Huang 2010",
    "et": "SpinalGrayMatter",
    "off": 13067,
    "sff": "spinal"
  },
  {
    "docID": "N151 Huang 2010",
    "et": "SpinalGrayMatter",
    "off": 1019,
    "sff": "spinal"
  },
  {
    "docID": "N151 Huang 2010",
    "et": "SpinalGrayMatter",
    "off": 2040,
    "sff": "spinal"
  },
  {
    "docID": "N151 Huang 2010",
    "et": "SpinalGrayMatter",
    "off": 4600,
    "sff": "spinal"
  },
  {
    "docID": "N151 Huang 2010",
    "et": "SpinalGrayMatter",
    "off": 17807,
    "sff": "spinal"
  },
  {
    "docID": "N151 Huang 2010",
    "et": "SpinalGrayMatter",
    "off": 10678,
    "sff": "spinal"
  },
  {
    "docID": "N151 Huang 2010",
    "et": "SpinalGrayMatter",
    "off": 3828,
    "sff": "spinal"
  },
  {
    "docID": "N151 Huang 2010",
    "et": "SpinalGrayMatter",
    "off": 18,
    "sff": "spinal"
  },
  {
    "docID": "N151 Huang 2010",
    "et": "SpinalGrayMatter",
    "off": 16890,
    "sff": "spinal"
  },
  {
    "docID": "N151 Huang 2010",
    "et": "SpinalGrayMatter",
    "off": 10888,
    "sff": "spinal"
  },
  {
    "docID": "N151 Huang 2010",
    "et": "SpinalGrayMatter",
    "off": 16386,
    "sff": "spinal"
  },
  {
    "docID": "N151 Huang 2010",
    "et": "SpinalGrayMatter",
    "off": 6404,
    "sff": "spinal"
  },
  {
    "docID": "N151 Huang 2010",
    "et": "PawWidth",
    "off": 15101,
    "sff": "paw"
  },
  {
    "docID": "N151 Huang 2010",
    "et": "PawWidth",
    "off": 15145,
    "sff": "paw"
  },
  {
    "docID": "N151 Huang 2010",
    "et": "AxonalChangesTest",
    "off": 1188,
    "sff": "axonal"
  },
  {
    "docID": "N151 Huang 2010",
    "et": "AxonalChangesTest",
    "off": 1766,
    "sff": "axonal"
  },
  {
    "docID": "N151 Huang 2010",
    "et": "AxonalChangesTest",
    "off": 1413,
    "sff": "axonal"
  },
  {
    "docID": "N151 Huang 2010",
    "et": "AxonalChangesTest",
    "off": 5461,
    "sff": "axonal"
  },
  {
    "docID": "N151 Huang 2010",
    "et": "AxonalChangesTest",
    "off": 5641,
    "sff": "axonal"
  },
  {
    "docID": "N151 Huang 2010",
    "et": "AxonalChangesTest",
    "off": 18524,
    "sff": "axonal"
  },
  {
    "docID": "N151 Huang 2010",
    "et": "AxonalChangesTest",
    "off": 974,
    "sff": "axonal"
  },
  {
    "docID": "N151 Huang 2010",
    "et": "AxonalChangesTest",
    "off": 12351,
    "sff": "axonal"
  },
  {
    "docID": "N151 Huang 2010",
    "et": "LocomotorTest",
    "off": 19079,
    "sff": "locomotor"
  },
  {
    "docID": "N151 Huang 2010",
    "et": "LocomotorTest",
    "off": 14022,
    "sff": "Locomotor"
  },
  {
    "docID": "N151 Huang 2010",
    "et": "LocomotorTest",
    "off": 19376,
    "sff": "locomotor"
  },
  {
    "docID": "N151 Huang 2010",
    "et": "Caudal",
    "off": 9598,
    "sff": "caudal"
  },
  {
    "docID": "N151 Huang 2010",
    "et": "Caudal",
    "off": 3532,
    "sff": "caudal"
  },
  {
    "docID": "N151 Huang 2010",
    "et": "BladderFunctionParameter",
    "off": 12676,
    "sff": "function"
  },
  {
    "docID": "N151 Huang 2010",
    "et": "BladderFunctionParameter",
    "off": 15985,
    "sff": "function"
  },
  {
    "docID": "N151 Huang 2010",
    "et": "BladderFunctionParameter",
    "off": 5040,
    "sff": "function"
  },
  {
    "docID": "N151 Huang 2010",
    "et": "BladderFunctionParameter",
    "off": 18187,
    "sff": "function"
  },
  {
    "docID": "N151 Huang 2010",
    "et": "BladderFunctionParameter",
    "off": 19049,
    "sff": "function"
  },
  {
    "docID": "N151 Huang 2010",
    "et": "BladderFunctionParameter",
    "off": 19386,
    "sff": "function"
  },
  {
    "docID": "N151 Huang 2010",
    "et": "BladderFunctionParameter",
    "off": 4216,
    "sff": "function"
  },
  {
    "docID": "N151 Huang 2010",
    "et": "StepParameter",
    "off": 2111,
    "sff": "step"
  },
  {
    "docID": "N151 Huang 2010",
    "et": "StepParameter",
    "off": 14707,
    "sff": "step"
  },
  {
    "docID": "N151 Huang 2010",
    "et": "StepParameter",
    "off": 19123,
    "sff": "step"
  },
  {
    "docID": "N151 Huang 2010",
    "et": "RelativePawPlacement",
    "off": 15101,
    "sff": "paw"
  },
  {
    "docID": "N151 Huang 2010",
    "et": "RelativePawPlacement",
    "off": 15145,
    "sff": "paw"
  },
  {
    "docID": "N151 Huang 2010",
    "et": "GaitTest",
    "off": 2238,
    "sff": "gait"
  },
  {
    "docID": "N151 Huang 2010",
    "et": "GaitTest",
    "off": 16462,
    "sff": "gait"
  },
  {
    "docID": "N151 Huang 2010",
    "et": "GaitTest",
    "off": 15183,
    "sff": "gait"
  },
  {
    "docID": "N151 Huang 2010",
    "et": "GaitTest",
    "off": 14016,
    "sff": "gait"
  },
  {
    "docID": "N151 Huang 2010",
    "et": "GaitTest",
    "off": 15034,
    "sff": "gait"
  },
  {
    "docID": "N151 Huang 2010",
    "et": "GaitTest",
    "off": 15895,
    "sff": "gait"
  },
  {
    "docID": "N151 Huang 2010",
    "et": "GaitTest",
    "off": 4402,
    "sff": "gait"
  },
  {
    "docID": "N151 Huang 2010",
    "et": "GaitTest",
    "off": 19282,
    "sff": "gait"
  },
  {
    "docID": "N151 Huang 2010",
    "et": "GaitTest",
    "off": 14884,
    "sff": "gait"
  },
  {
    "docID": "N151 Huang 2010",
    "et": "GaitTest",
    "off": 16116,
    "sff": "gait"
  },
  {
    "docID": "N151 Huang 2010",
    "et": "GaitAnalysisParameter",
    "off": 19264,
    "sff": "analysis"
  },
  {
    "docID": "N151 Huang 2010",
    "et": "GaitAnalysisParameter",
    "off": 14884,
    "sff": "gait"
  },
  {
    "docID": "N151 Huang 2010",
    "et": "GaitAnalysisParameter",
    "off": 16116,
    "sff": "gait"
  },
  {
    "docID": "N151 Huang 2010",
    "et": "GaitAnalysisParameter",
    "off": 16462,
    "sff": "gait analysis"
  },
  {
    "docID": "N151 Huang 2010",
    "et": "GaitAnalysisParameter",
    "off": 15034,
    "sff": "gait"
  },
  {
    "docID": "N151 Huang 2010",
    "et": "GaitAnalysisParameter",
    "off": 19282,
    "sff": "gait analysis"
  },
  {
    "docID": "N151 Huang 2010",
    "et": "GaitAnalysisParameter",
    "off": 2238,
    "sff": "gait"
  },
  {
    "docID": "N151 Huang 2010",
    "et": "GaitAnalysisParameter",
    "off": 4402,
    "sff": "gait"
  },
  {
    "docID": "N151 Huang 2010",
    "et": "GaitAnalysisParameter",
    "off": 15183,
    "sff": "gait"
  },
  {
    "docID": "N151 Huang 2010",
    "et": "GaitAnalysisParameter",
    "off": 14016,
    "sff": "gait"
  },
  {
    "docID": "N151 Huang 2010",
    "et": "GaitAnalysisParameter",
    "off": 15895,
    "sff": "gait analysis"
  },
  {
    "docID": "N151 Huang 2010",
    "et": "TemporalParameter",
    "off": 14957,
    "sff": "temporal"
  },
  {
    "docID": "N151 Huang 2010",
    "et": "TemporalParameter",
    "off": 2079,
    "sff": "temporal"
  },
  {
    "docID": "N151 Huang 2010",
    "et": "AutomatedGaitAnalysis",
    "off": 16116,
    "sff": "gait"
  },
  {
    "docID": "N151 Huang 2010",
    "et": "AutomatedGaitAnalysis",
    "off": 15895,
    "sff": "gait"
  },
  {
    "docID": "N151 Huang 2010",
    "et": "AutomatedGaitAnalysis",
    "off": 15034,
    "sff": "gait"
  },
  {
    "docID": "N151 Huang 2010",
    "et": "AutomatedGaitAnalysis",
    "off": 16462,
    "sff": "gait"
  },
  {
    "docID": "N151 Huang 2010",
    "et": "AutomatedGaitAnalysis",
    "off": 15183,
    "sff": "gait"
  },
  {
    "docID": "N151 Huang 2010",
    "et": "AutomatedGaitAnalysis",
    "off": 4402,
    "sff": "gait"
  },
  {
    "docID": "N151 Huang 2010",
    "et": "AutomatedGaitAnalysis",
    "off": 19282,
    "sff": "gait"
  },
  {
    "docID": "N151 Huang 2010",
    "et": "AutomatedGaitAnalysis",
    "off": 14884,
    "sff": "gait"
  },
  {
    "docID": "N151 Huang 2010",
    "et": "AutomatedGaitAnalysis",
    "off": 15895,
    "sff": "gait analysis"
  },
  {
    "docID": "N151 Huang 2010",
    "et": "AutomatedGaitAnalysis",
    "off": 19282,
    "sff": "gait analysis"
  },
  {
    "docID": "N151 Huang 2010",
    "et": "AutomatedGaitAnalysis",
    "off": 2238,
    "sff": "gait"
  },
  {
    "docID": "N151 Huang 2010",
    "et": "AutomatedGaitAnalysis",
    "off": 16462,
    "sff": "gait analysis"
  },
  {
    "docID": "N151 Huang 2010",
    "et": "AutomatedGaitAnalysis",
    "off": 14016,
    "sff": "gait"
  },
  {
    "docID": "N151 Huang 2010",
    "et": "StanceLength",
    "off": 14512,
    "sff": "stance"
  },
  {
    "docID": "N151 Huang 2010",
    "et": "AxonalSproutingTest",
    "off": 5641,
    "sff": "axonal"
  },
  {
    "docID": "N151 Huang 2010",
    "et": "AxonalSproutingTest",
    "off": 18524,
    "sff": "axonal"
  },
  {
    "docID": "N151 Huang 2010",
    "et": "AxonalSproutingTest",
    "off": 974,
    "sff": "axonal"
  },
  {
    "docID": "N151 Huang 2010",
    "et": "AxonalSproutingTest",
    "off": 12351,
    "sff": "axonal"
  },
  {
    "docID": "N151 Huang 2010",
    "et": "AxonalSproutingTest",
    "off": 5461,
    "sff": "axonal sprouting"
  },
  {
    "docID": "N151 Huang 2010",
    "et": "AxonalSproutingTest",
    "off": 1188,
    "sff": "axonal"
  },
  {
    "docID": "N151 Huang 2010",
    "et": "AxonalSproutingTest",
    "off": 1766,
    "sff": "axonal"
  },
  {
    "docID": "N151 Huang 2010",
    "et": "AxonalSproutingTest",
    "off": 1413,
    "sff": "axonal"
  },
  {
    "docID": "N151 Huang 2010",
    "et": "NeuronalCellLossTest",
    "off": 18015,
    "sff": "cell"
  },
  {
    "docID": "N151 Huang 2010",
    "et": "NeuronalCellLossTest",
    "off": 11485,
    "sff": "cell"
  },
  {
    "docID": "N151 Huang 2010",
    "et": "NeuronalCellLossTest",
    "off": 1726,
    "sff": "cell"
  },
  {
    "docID": "N151 Huang 2010",
    "et": "NeuronalCellLossTest",
    "off": 10494,
    "sff": "cell"
  },
  {
    "docID": "N151 Huang 2010",
    "et": "NeuronalCellLossTest",
    "off": 118,
    "sff": "cell"
  },
  {
    "docID": "N151 Huang 2010",
    "et": "NeuronalCellLossTest",
    "off": 18156,
    "sff": "Cell"
  },
  {
    "docID": "N151 Huang 2010",
    "et": "NeuronalCellLossTest",
    "off": 6929,
    "sff": "cell"
  },
  {
    "docID": "N151 Huang 2010",
    "et": "NeuronalCellLossTest",
    "off": 8656,
    "sff": "cell"
  },
  {
    "docID": "N151 Huang 2010",
    "et": "NeuronalCellLossTest",
    "off": 1902,
    "sff": "cell"
  },
  {
    "docID": "N151 Huang 2010",
    "et": "NeuronalCellLossTest",
    "off": 11950,
    "sff": "cell"
  },
  {
    "docID": "N151 Huang 2010",
    "et": "NeuronalCellLossTest",
    "off": 6631,
    "sff": "cell"
  },
  {
    "docID": "N151 Huang 2010",
    "et": "NeuronalCellLossTest",
    "off": 16328,
    "sff": "cell"
  },
  {
    "docID": "N151 Huang 2010",
    "et": "NeuronalCellLossTest",
    "off": 11685,
    "sff": "cell"
  },
  {
    "docID": "N151 Huang 2010",
    "et": "NeuronalCellLossTest",
    "off": 6500,
    "sff": "cell"
  },
  {
    "docID": "N151 Huang 2010",
    "et": "NeuronalCellLossTest",
    "off": 11652,
    "sff": "cell"
  },
  {
    "docID": "N151 Huang 2010",
    "et": "VascularFunctionParameter",
    "off": 15985,
    "sff": "function"
  },
  {
    "docID": "N151 Huang 2010",
    "et": "VascularFunctionParameter",
    "off": 5040,
    "sff": "function"
  },
  {
    "docID": "N151 Huang 2010",
    "et": "VascularFunctionParameter",
    "off": 12676,
    "sff": "function"
  },
  {
    "docID": "N151 Huang 2010",
    "et": "VascularFunctionParameter",
    "off": 19049,
    "sff": "function"
  },
  {
    "docID": "N151 Huang 2010",
    "et": "VascularFunctionParameter",
    "off": 4216,
    "sff": "function"
  },
  {
    "docID": "N151 Huang 2010",
    "et": "VascularFunctionParameter",
    "off": 18187,
    "sff": "function"
  },
  {
    "docID": "N151 Huang 2010",
    "et": "VascularFunctionParameter",
    "off": 19386,
    "sff": "function"
  },
  {
    "docID": "N151 Huang 2010",
    "et": "ObservationOfAnimalBehaviour",
    "off": 1331,
    "sff": "animal"
  },
  {
    "docID": "N151 Huang 2010",
    "et": "ObservationOfAnimalBehaviour",
    "off": 13365,
    "sff": "animal"
  },
  {
    "docID": "N151 Huang 2010",
    "et": "ObservationOfAnimalBehaviour",
    "off": 5847,
    "sff": "animal"
  },
  {
    "docID": "N151 Huang 2010",
    "et": "ObservationOfAnimalBehaviour",
    "off": 5513,
    "sff": "animal"
  },
  {
    "docID": "N151 Huang 2010",
    "et": "ObservationOfAnimalBehaviour",
    "off": 15228,
    "sff": "animal"
  },
  {
    "docID": "N151 Huang 2010",
    "et": "ObservationOfAnimalBehaviour",
    "off": 4318,
    "sff": "animal"
  },
  {
    "docID": "N151 Huang 2010",
    "et": "ObservationOfAnimalBehaviour",
    "off": 15024,
    "sff": "animal"
  },
  {
    "docID": "N151 Huang 2010",
    "et": "MotorTest",
    "off": 12670,
    "sff": "motor"
  },
  {
    "docID": "N151 Huang 2010",
    "et": "MotorTest",
    "off": 16925,
    "sff": "motor"
  },
  {
    "docID": "N151 Huang 2010",
    "et": "MotorTest",
    "off": 5034,
    "sff": "motor"
  },
  {
    "docID": "N151 Huang 2010",
    "et": "MotorTest",
    "off": 18181,
    "sff": "motor"
  },
  {
    "docID": "N151 Huang 2010",
    "et": "MotorTest",
    "off": 19043,
    "sff": "motor"
  },
  {
    "docID": "N151 Huang 2010",
    "et": "MotorTest",
    "off": 4210,
    "sff": "motor"
  },
  {
    "docID": "N151 Huang 2010",
    "et": "SpinalDorsalHalf",
    "off": 12582,
    "sff": "spinal"
  },
  {
    "docID": "N151 Huang 2010",
    "et": "SpinalDorsalHalf",
    "off": 17961,
    "sff": "spinal"
  },
  {
    "docID": "N151 Huang 2010",
    "et": "SpinalDorsalHalf",
    "off": 10600,
    "sff": "spinal"
  },
  {
    "docID": "N151 Huang 2010",
    "et": "SpinalDorsalHalf",
    "off": 12066,
    "sff": "spinal"
  },
  {
    "docID": "N151 Huang 2010",
    "et": "SpinalDorsalHalf",
    "off": 4068,
    "sff": "spinal"
  },
  {
    "docID": "N151 Huang 2010",
    "et": "SpinalDorsalHalf",
    "off": 5284,
    "sff": "spinal"
  },
  {
    "docID": "N151 Huang 2010",
    "et": "SpinalDorsalHalf",
    "off": 17247,
    "sff": "spinal"
  },
  {
    "docID": "N151 Huang 2010",
    "et": "SpinalDorsalHalf",
    "off": 1569,
    "sff": "spinal"
  },
  {
    "docID": "N151 Huang 2010",
    "et": "SpinalDorsalHalf",
    "off": 3291,
    "sff": "spinal"
  },
  {
    "docID": "N151 Huang 2010",
    "et": "SpinalDorsalHalf",
    "off": 11547,
    "sff": "spinal"
  },
  {
    "docID": "N151 Huang 2010",
    "et": "SpinalDorsalHalf",
    "off": 3677,
    "sff": "spinal"
  },
  {
    "docID": "N151 Huang 2010",
    "et": "SpinalDorsalHalf",
    "off": 17319,
    "sff": "dorsal"
  },
  {
    "docID": "N151 Huang 2010",
    "et": "SpinalDorsalHalf",
    "off": 10678,
    "sff": "spinal"
  },
  {
    "docID": "N151 Huang 2010",
    "et": "SpinalDorsalHalf",
    "off": 2040,
    "sff": "spinal"
  },
  {
    "docID": "N151 Huang 2010",
    "et": "SpinalDorsalHalf",
    "off": 4600,
    "sff": "spinal"
  },
  {
    "docID": "N151 Huang 2010",
    "et": "SpinalDorsalHalf",
    "off": 3570,
    "sff": "spinal"
  },
  {
    "docID": "N151 Huang 2010",
    "et": "SpinalDorsalHalf",
    "off": 3828,
    "sff": "spinal"
  },
  {
    "docID": "N151 Huang 2010",
    "et": "SpinalDorsalHalf",
    "off": 11822,
    "sff": "spinal"
  },
  {
    "docID": "N151 Huang 2010",
    "et": "SpinalDorsalHalf",
    "off": 4848,
    "sff": "spinal"
  },
  {
    "docID": "N151 Huang 2010",
    "et": "SpinalDorsalHalf",
    "off": 12464,
    "sff": "spinal"
  },
  {
    "docID": "N151 Huang 2010",
    "et": "SpinalDorsalHalf",
    "off": 2154,
    "sff": "spinal"
  },
  {
    "docID": "N151 Huang 2010",
    "et": "SpinalDorsalHalf",
    "off": 14215,
    "sff": "spinal"
  },
  {
    "docID": "N151 Huang 2010",
    "et": "SpinalDorsalHalf",
    "off": 9475,
    "sff": "Spinal"
  },
  {
    "docID": "N151 Huang 2010",
    "et": "SpinalDorsalHalf",
    "off": 10888,
    "sff": "spinal"
  },
  {
    "docID": "N151 Huang 2010",
    "et": "SpinalDorsalHalf",
    "off": 16386,
    "sff": "spinal"
  },
  {
    "docID": "N151 Huang 2010",
    "et": "SpinalDorsalHalf",
    "off": 6404,
    "sff": "spinal"
  },
  {
    "docID": "N151 Huang 2010",
    "et": "SpinalDorsalHalf",
    "off": 5694,
    "sff": "spinal"
  },
  {
    "docID": "N151 Huang 2010",
    "et": "SpinalDorsalHalf",
    "off": 1019,
    "sff": "spinal"
  },
  {
    "docID": "N151 Huang 2010",
    "et": "SpinalDorsalHalf",
    "off": 16890,
    "sff": "spinal"
  },
  {
    "docID": "N151 Huang 2010",
    "et": "SpinalDorsalHalf",
    "off": 9533,
    "sff": "spinal"
  },
  {
    "docID": "N151 Huang 2010",
    "et": "SpinalDorsalHalf",
    "off": 1945,
    "sff": "spinal"
  },
  {
    "docID": "N151 Huang 2010",
    "et": "SpinalDorsalHalf",
    "off": 2392,
    "sff": "spinal"
  },
  {
    "docID": "N151 Huang 2010",
    "et": "SpinalDorsalHalf",
    "off": 9304,
    "sff": "spinal"
  },
  {
    "docID": "N151 Huang 2010",
    "et": "SpinalDorsalHalf",
    "off": 11224,
    "sff": "spinal"
  },
  {
    "docID": "N151 Huang 2010",
    "et": "SpinalDorsalHalf",
    "off": 18,
    "sff": "spinal"
  },
  {
    "docID": "N151 Huang 2010",
    "et": "SpinalDorsalHalf",
    "off": 17807,
    "sff": "spinal"
  },
  {
    "docID": "N151 Huang 2010",
    "et": "SpinalDorsalHalf",
    "off": 13067,
    "sff": "spinal"
  },
  {
    "docID": "N151 Huang 2010",
    "et": "WalkingAnalysisTest",
    "off": 14008,
    "sff": "walking"
  },
  {
    "docID": "N151 Huang 2010",
    "et": "WalkingAnalysisTest",
    "off": 4454,
    "sff": "walking"
  },
  {
    "docID": "N151 Huang 2010",
    "et": "WalkingAnalysisTest",
    "off": 15366,
    "sff": "walking"
  },
  {
    "docID": "N151 Huang 2010",
    "et": "WalkingAnalysisTest",
    "off": 4340,
    "sff": "walking"
  },
  {
    "docID": "N151 Huang 2010",
    "et": "WalkingAnalysisTest",
    "off": 4531,
    "sff": "walking"
  },
  {
    "docID": "N151 Huang 2010",
    "et": "WalkingAnalysisTest",
    "off": 13555,
    "sff": "walking"
  },
  {
    "docID": "N151 Huang 2010",
    "et": "LimbMuscleStrengthTest",
    "off": 15980,
    "sff": "limb"
  },
  {
    "docID": "N151 Huang 2010",
    "et": "LimbMuscleStrengthTest",
    "off": 15121,
    "sff": "limb"
  },
  {
    "docID": "N151 Huang 2010",
    "et": "LimbMuscleStrengthTest",
    "off": 14920,
    "sff": "limb"
  },
  {
    "docID": "N151 Huang 2010",
    "et": "LimbMuscleStrengthTest",
    "off": 15178,
    "sff": "limb"
  },
  {
    "docID": "N151 Huang 2010",
    "et": "SpinalCordEvokedPotentialsTest",
    "off": 1945,
    "sff": "spinal cord"
  },
  {
    "docID": "N151 Huang 2010",
    "et": "SpinalCordEvokedPotentialsTest",
    "off": 3291,
    "sff": "spinal cord"
  },
  {
    "docID": "N151 Huang 2010",
    "et": "SpinalCordEvokedPotentialsTest",
    "off": 11547,
    "sff": "spinal cord"
  },
  {
    "docID": "N151 Huang 2010",
    "et": "SpinalCordEvokedPotentialsTest",
    "off": 2392,
    "sff": "spinal cord"
  },
  {
    "docID": "N151 Huang 2010",
    "et": "SpinalCordEvokedPotentialsTest",
    "off": 9304,
    "sff": "spinal cord"
  },
  {
    "docID": "N151 Huang 2010",
    "et": "SpinalCordEvokedPotentialsTest",
    "off": 11224,
    "sff": "spinal cord"
  },
  {
    "docID": "N151 Huang 2010",
    "et": "SpinalCordEvokedPotentialsTest",
    "off": 18,
    "sff": "spinal cord"
  },
  {
    "docID": "N151 Huang 2010",
    "et": "SpinalCordEvokedPotentialsTest",
    "off": 17807,
    "sff": "spinal cord"
  },
  {
    "docID": "N151 Huang 2010",
    "et": "SpinalCordEvokedPotentialsTest",
    "off": 13067,
    "sff": "spinal cord"
  },
  {
    "docID": "N151 Huang 2010",
    "et": "SpinalCordEvokedPotentialsTest",
    "off": 10888,
    "sff": "spinal cord"
  },
  {
    "docID": "N151 Huang 2010",
    "et": "SpinalCordEvokedPotentialsTest",
    "off": 14215,
    "sff": "spinal cord"
  },
  {
    "docID": "N151 Huang 2010",
    "et": "SpinalCordEvokedPotentialsTest",
    "off": 16386,
    "sff": "spinal cord"
  },
  {
    "docID": "N151 Huang 2010",
    "et": "SpinalCordEvokedPotentialsTest",
    "off": 6404,
    "sff": "spinal cord"
  },
  {
    "docID": "N151 Huang 2010",
    "et": "SpinalCordEvokedPotentialsTest",
    "off": 9475,
    "sff": "Spinal cord"
  },
  {
    "docID": "N151 Huang 2010",
    "et": "SpinalCordEvokedPotentialsTest",
    "off": 5694,
    "sff": "spinal cord"
  },
  {
    "docID": "N151 Huang 2010",
    "et": "SpinalCordEvokedPotentialsTest",
    "off": 16890,
    "sff": "spinal cord"
  },
  {
    "docID": "N151 Huang 2010",
    "et": "SpinalCordEvokedPotentialsTest",
    "off": 5284,
    "sff": "spinal"
  },
  {
    "docID": "N151 Huang 2010",
    "et": "SpinalCordEvokedPotentialsTest",
    "off": 1019,
    "sff": "spinal cord"
  },
  {
    "docID": "N151 Huang 2010",
    "et": "SpinalCordEvokedPotentialsTest",
    "off": 10678,
    "sff": "spinal cord"
  },
  {
    "docID": "N151 Huang 2010",
    "et": "SpinalCordEvokedPotentialsTest",
    "off": 12582,
    "sff": "spinal"
  },
  {
    "docID": "N151 Huang 2010",
    "et": "SpinalCordEvokedPotentialsTest",
    "off": 2040,
    "sff": "spinal cord"
  },
  {
    "docID": "N151 Huang 2010",
    "et": "SpinalCordEvokedPotentialsTest",
    "off": 4600,
    "sff": "spinal cord"
  },
  {
    "docID": "N151 Huang 2010",
    "et": "SpinalCordEvokedPotentialsTest",
    "off": 3570,
    "sff": "spinal cord"
  },
  {
    "docID": "N151 Huang 2010",
    "et": "SpinalCordEvokedPotentialsTest",
    "off": 3828,
    "sff": "spinal cord"
  },
  {
    "docID": "N151 Huang 2010",
    "et": "SpinalCordEvokedPotentialsTest",
    "off": 11822,
    "sff": "spinal cord"
  },
  {
    "docID": "N151 Huang 2010",
    "et": "SpinalCordEvokedPotentialsTest",
    "off": 4848,
    "sff": "spinal cord"
  },
  {
    "docID": "N151 Huang 2010",
    "et": "SpinalCordEvokedPotentialsTest",
    "off": 12464,
    "sff": "spinal cord"
  },
  {
    "docID": "N151 Huang 2010",
    "et": "SpinalCordEvokedPotentialsTest",
    "off": 2154,
    "sff": "spinal cord"
  },
  {
    "docID": "N151 Huang 2010",
    "et": "SpinalCordEvokedPotentialsTest",
    "off": 17961,
    "sff": "spinal cord"
  },
  {
    "docID": "N151 Huang 2010",
    "et": "SpinalCordEvokedPotentialsTest",
    "off": 10600,
    "sff": "spinal cord"
  },
  {
    "docID": "N151 Huang 2010",
    "et": "SpinalCordEvokedPotentialsTest",
    "off": 12066,
    "sff": "spinal cord"
  },
  {
    "docID": "N151 Huang 2010",
    "et": "SpinalCordEvokedPotentialsTest",
    "off": 1569,
    "sff": "spinal cord"
  },
  {
    "docID": "N151 Huang 2010",
    "et": "SpinalCordEvokedPotentialsTest",
    "off": 4068,
    "sff": "spinal cord"
  },
  {
    "docID": "N151 Huang 2010",
    "et": "SpinalCordEvokedPotentialsTest",
    "off": 3677,
    "sff": "spinal cord"
  },
  {
    "docID": "N151 Huang 2010",
    "et": "SpinalCordEvokedPotentialsTest",
    "off": 9533,
    "sff": "spinal"
  },
  {
    "docID": "N151 Huang 2010",
    "et": "SpinalCordEvokedPotentialsTest",
    "off": 17247,
    "sff": "spinal cord"
  }
]
