[
  {
    "docID": "N158 Kang 2015",
    "et": "BrainNucleus",
    "off": 4358,
    "sff": "brain"
  },
  {
    "docID": "N158 Kang 2015",
    "et": "BBBTest",
    "off": 25566,
    "sff": "BBB"
  },
  {
    "docID": "N158 Kang 2015",
    "et": "BBBTest",
    "off": 29518,
    "sff": "BBB"
  },
  {
    "docID": "N158 Kang 2015",
    "et": "BBBTest",
    "off": 14012,
    "sff": "BBB"
  },
  {
    "docID": "N158 Kang 2015",
    "et": "BBBTest",
    "off": 14316,
    "sff": "BBB"
  },
  {
    "docID": "N158 Kang 2015",
    "et": "BBBTest",
    "off": 21164,
    "sff": "BBB"
  },
  {
    "docID": "N158 Kang 2015",
    "et": "BBBTest",
    "off": 28315,
    "sff": "BBB"
  },
  {
    "docID": "N158 Kang 2015",
    "et": "BBBTest",
    "off": 27190,
    "sff": "BBB"
  },
  {
    "docID": "N158 Kang 2015",
    "et": "BBBTest",
    "off": 12392,
    "sff": "BBB"
  },
  {
    "docID": "N158 Kang 2015",
    "et": "BBBTest",
    "off": 14210,
    "sff": "BBB"
  },
  {
    "docID": "N158 Kang 2015",
    "et": "WalkingAnalysisParameter",
    "off": 5828,
    "sff": "analysis"
  },
  {
    "docID": "N158 Kang 2015",
    "et": "WalkingAnalysisParameter",
    "off": 21092,
    "sff": "analysis"
  },
  {
    "docID": "N158 Kang 2015",
    "et": "WalkingAnalysisParameter",
    "off": 27700,
    "sff": "analysis"
  },
  {
    "docID": "N158 Kang 2015",
    "et": "WalkingAnalysisParameter",
    "off": 21299,
    "sff": "analysis"
  },
  {
    "docID": "N158 Kang 2015",
    "et": "WalkingAnalysisParameter",
    "off": 7090,
    "sff": "analysis"
  },
  {
    "docID": "N158 Kang 2015",
    "et": "WalkingAnalysisParameter",
    "off": 13933,
    "sff": "analysis"
  },
  {
    "docID": "N158 Kang 2015",
    "et": "WalkingAnalysisParameter",
    "off": 13912,
    "sff": "analysis"
  },
  {
    "docID": "N158 Kang 2015",
    "et": "WalkingAnalysisParameter",
    "off": 7179,
    "sff": "analysis"
  },
  {
    "docID": "N158 Kang 2015",
    "et": "SpinalSubduralArea",
    "off": 12939,
    "sff": "spinal"
  },
  {
    "docID": "N158 Kang 2015",
    "et": "SpinalSubduralArea",
    "off": 462,
    "sff": "spinal"
  },
  {
    "docID": "N158 Kang 2015",
    "et": "SpinalSubduralArea",
    "off": 11632,
    "sff": "spinal"
  },
  {
    "docID": "N158 Kang 2015",
    "et": "SpinalSubduralArea",
    "off": 1986,
    "sff": "spinal"
  },
  {
    "docID": "N158 Kang 2015",
    "et": "SpinalSubduralArea",
    "off": 100,
    "sff": "spinal"
  },
  {
    "docID": "N158 Kang 2015",
    "et": "SpinalSubduralArea",
    "off": 1444,
    "sff": "spinal"
  },
  {
    "docID": "N158 Kang 2015",
    "et": "SpinalSubduralArea",
    "off": 11844,
    "sff": "spinal"
  },
  {
    "docID": "N158 Kang 2015",
    "et": "SpinalSubduralArea",
    "off": 11491,
    "sff": "spinal"
  },
  {
    "docID": "N158 Kang 2015",
    "et": "SpinalSubduralArea",
    "off": 13064,
    "sff": "spinal"
  },
  {
    "docID": "N158 Kang 2015",
    "et": "SpinalSubduralArea",
    "off": 12807,
    "sff": "spinal"
  },
  {
    "docID": "N158 Kang 2015",
    "et": "SpinalSubduralArea",
    "off": 11578,
    "sff": "spinal"
  },
  {
    "docID": "N158 Kang 2015",
    "et": "SpinalSubduralArea",
    "off": 25916,
    "sff": "spinal"
  },
  {
    "docID": "N158 Kang 2015",
    "et": "SpinalSubduralArea",
    "off": 539,
    "sff": "spinal"
  },
  {
    "docID": "N158 Kang 2015",
    "et": "SpinalSubduralArea",
    "off": 21914,
    "sff": "spinal"
  },
  {
    "docID": "N158 Kang 2015",
    "et": "SpinalSubduralArea",
    "off": 640,
    "sff": "spinal"
  },
  {
    "docID": "N158 Kang 2015",
    "et": "SpinalSubduralArea",
    "off": 13696,
    "sff": "spinal"
  },
  {
    "docID": "N158 Kang 2015",
    "et": "SpinalSubduralArea",
    "off": 20733,
    "sff": "spinal"
  },
  {
    "docID": "N158 Kang 2015",
    "et": "SpinalSubduralArea",
    "off": 21875,
    "sff": "spinal"
  },
  {
    "docID": "N158 Kang 2015",
    "et": "SpinalSubduralArea",
    "off": 24469,
    "sff": "spinal"
  },
  {
    "docID": "N158 Kang 2015",
    "et": "StainingArea",
    "off": 9663,
    "sff": "staining"
  },
  {
    "docID": "N158 Kang 2015",
    "et": "StainingArea",
    "off": 9505,
    "sff": "staining"
  },
  {
    "docID": "N158 Kang 2015",
    "et": "StainingArea",
    "off": 20161,
    "sff": "staining"
  },
  {
    "docID": "N158 Kang 2015",
    "et": "StainingArea",
    "off": 8354,
    "sff": "staining"
  },
  {
    "docID": "N158 Kang 2015",
    "et": "StainingArea",
    "off": 10233,
    "sff": "staining"
  },
  {
    "docID": "N158 Kang 2015",
    "et": "StainingArea",
    "off": 13225,
    "sff": "Staining"
  },
  {
    "docID": "N158 Kang 2015",
    "et": "StainingArea",
    "off": 14875,
    "sff": "staining"
  },
  {
    "docID": "N158 Kang 2015",
    "et": "StainingArea",
    "off": 16187,
    "sff": "staining"
  },
  {
    "docID": "N158 Kang 2015",
    "et": "StainingArea",
    "off": 10908,
    "sff": "staining"
  },
  {
    "docID": "N158 Kang 2015",
    "et": "StainingArea",
    "off": 9421,
    "sff": "staining"
  },
  {
    "docID": "N158 Kang 2015",
    "et": "StainingArea",
    "off": 14575,
    "sff": "staining"
  },
  {
    "docID": "N158 Kang 2015",
    "et": "StainingArea",
    "off": 13360,
    "sff": "staining"
  },
  {
    "docID": "N158 Kang 2015",
    "et": "StainingArea",
    "off": 16083,
    "sff": "staining"
  },
  {
    "docID": "N158 Kang 2015",
    "et": "StainingArea",
    "off": 13158,
    "sff": "staining"
  },
  {
    "docID": "N158 Kang 2015",
    "et": "StainingArea",
    "off": 20232,
    "sff": "staining"
  },
  {
    "docID": "N158 Kang 2015",
    "et": "StainingArea",
    "off": 14763,
    "sff": "staining"
  },
  {
    "docID": "N158 Kang 2015",
    "et": "AdhesiveRemovalParameter",
    "off": 23962,
    "sff": "adhesive"
  },
  {
    "docID": "N158 Kang 2015",
    "et": "CentralCanal",
    "off": 23546,
    "sff": "central"
  },
  {
    "docID": "N158 Kang 2015",
    "et": "SpinalFiberTract",
    "off": 24469,
    "sff": "spinal"
  },
  {
    "docID": "N158 Kang 2015",
    "et": "SpinalFiberTract",
    "off": 11632,
    "sff": "spinal"
  },
  {
    "docID": "N158 Kang 2015",
    "et": "SpinalFiberTract",
    "off": 19939,
    "sff": "fiber"
  },
  {
    "docID": "N158 Kang 2015",
    "et": "SpinalFiberTract",
    "off": 21875,
    "sff": "spinal"
  },
  {
    "docID": "N158 Kang 2015",
    "et": "SpinalFiberTract",
    "off": 25916,
    "sff": "spinal"
  },
  {
    "docID": "N158 Kang 2015",
    "et": "SpinalFiberTract",
    "off": 20733,
    "sff": "spinal"
  },
  {
    "docID": "N158 Kang 2015",
    "et": "SpinalFiberTract",
    "off": 19726,
    "sff": "fiber"
  },
  {
    "docID": "N158 Kang 2015",
    "et": "SpinalFiberTract",
    "off": 11578,
    "sff": "spinal"
  },
  {
    "docID": "N158 Kang 2015",
    "et": "SpinalFiberTract",
    "off": 21914,
    "sff": "spinal"
  },
  {
    "docID": "N158 Kang 2015",
    "et": "SpinalFiberTract",
    "off": 539,
    "sff": "spinal"
  },
  {
    "docID": "N158 Kang 2015",
    "et": "SpinalFiberTract",
    "off": 100,
    "sff": "spinal"
  },
  {
    "docID": "N158 Kang 2015",
    "et": "SpinalFiberTract",
    "off": 1444,
    "sff": "spinal"
  },
  {
    "docID": "N158 Kang 2015",
    "et": "SpinalFiberTract",
    "off": 11844,
    "sff": "spinal"
  },
  {
    "docID": "N158 Kang 2015",
    "et": "SpinalFiberTract",
    "off": 12807,
    "sff": "spinal"
  },
  {
    "docID": "N158 Kang 2015",
    "et": "SpinalFiberTract",
    "off": 640,
    "sff": "spinal"
  },
  {
    "docID": "N158 Kang 2015",
    "et": "SpinalFiberTract",
    "off": 13696,
    "sff": "spinal"
  },
  {
    "docID": "N158 Kang 2015",
    "et": "SpinalFiberTract",
    "off": 22100,
    "sff": "fiber"
  },
  {
    "docID": "N158 Kang 2015",
    "et": "SpinalFiberTract",
    "off": 1986,
    "sff": "spinal"
  },
  {
    "docID": "N158 Kang 2015",
    "et": "SpinalFiberTract",
    "off": 11491,
    "sff": "spinal"
  },
  {
    "docID": "N158 Kang 2015",
    "et": "SpinalFiberTract",
    "off": 462,
    "sff": "spinal"
  },
  {
    "docID": "N158 Kang 2015",
    "et": "SpinalFiberTract",
    "off": 18877,
    "sff": "fiber"
  },
  {
    "docID": "N158 Kang 2015",
    "et": "SpinalFiberTract",
    "off": 13064,
    "sff": "spinal"
  },
  {
    "docID": "N158 Kang 2015",
    "et": "SpinalFiberTract",
    "off": 20762,
    "sff": "fiber"
  },
  {
    "docID": "N158 Kang 2015",
    "et": "SpinalFiberTract",
    "off": 12939,
    "sff": "spinal"
  },
  {
    "docID": "N158 Kang 2015",
    "et": "IntegratedAmplitude",
    "off": 25891,
    "sff": "integrated"
  },
  {
    "docID": "N158 Kang 2015",
    "et": "SpinalVentralHalf",
    "off": 12807,
    "sff": "spinal"
  },
  {
    "docID": "N158 Kang 2015",
    "et": "SpinalVentralHalf",
    "off": 13064,
    "sff": "spinal"
  },
  {
    "docID": "N158 Kang 2015",
    "et": "SpinalVentralHalf",
    "off": 1986,
    "sff": "spinal"
  },
  {
    "docID": "N158 Kang 2015",
    "et": "SpinalVentralHalf",
    "off": 11491,
    "sff": "spinal"
  },
  {
    "docID": "N158 Kang 2015",
    "et": "SpinalVentralHalf",
    "off": 100,
    "sff": "spinal"
  },
  {
    "docID": "N158 Kang 2015",
    "et": "SpinalVentralHalf",
    "off": 1444,
    "sff": "spinal"
  },
  {
    "docID": "N158 Kang 2015",
    "et": "SpinalVentralHalf",
    "off": 11844,
    "sff": "spinal"
  },
  {
    "docID": "N158 Kang 2015",
    "et": "SpinalVentralHalf",
    "off": 20733,
    "sff": "spinal"
  },
  {
    "docID": "N158 Kang 2015",
    "et": "SpinalVentralHalf",
    "off": 640,
    "sff": "spinal"
  },
  {
    "docID": "N158 Kang 2015",
    "et": "SpinalVentralHalf",
    "off": 13696,
    "sff": "spinal"
  },
  {
    "docID": "N158 Kang 2015",
    "et": "SpinalVentralHalf",
    "off": 21914,
    "sff": "spinal"
  },
  {
    "docID": "N158 Kang 2015",
    "et": "SpinalVentralHalf",
    "off": 11578,
    "sff": "spinal"
  },
  {
    "docID": "N158 Kang 2015",
    "et": "SpinalVentralHalf",
    "off": 539,
    "sff": "spinal"
  },
  {
    "docID": "N158 Kang 2015",
    "et": "SpinalVentralHalf",
    "off": 25916,
    "sff": "spinal"
  },
  {
    "docID": "N158 Kang 2015",
    "et": "SpinalVentralHalf",
    "off": 24469,
    "sff": "spinal"
  },
  {
    "docID": "N158 Kang 2015",
    "et": "SpinalVentralHalf",
    "off": 21875,
    "sff": "spinal"
  },
  {
    "docID": "N158 Kang 2015",
    "et": "SpinalVentralHalf",
    "off": 462,
    "sff": "spinal"
  },
  {
    "docID": "N158 Kang 2015",
    "et": "SpinalVentralHalf",
    "off": 11632,
    "sff": "spinal"
  },
  {
    "docID": "N158 Kang 2015",
    "et": "SpinalVentralHalf",
    "off": 12939,
    "sff": "spinal"
  },
  {
    "docID": "N158 Kang 2015",
    "et": "TissueSparingTest",
    "off": 18584,
    "sff": "tissue"
  },
  {
    "docID": "N158 Kang 2015",
    "et": "TissueSparingTest",
    "off": 19554,
    "sff": "tissue"
  },
  {
    "docID": "N158 Kang 2015",
    "et": "TissueSparingTest",
    "off": 23084,
    "sff": "tissue"
  },
  {
    "docID": "N158 Kang 2015",
    "et": "TissueSparingTest",
    "off": 4493,
    "sff": "tissue"
  },
  {
    "docID": "N158 Kang 2015",
    "et": "DorsalColumn",
    "off": 11400,
    "sff": "dorsal"
  },
  {
    "docID": "N158 Kang 2015",
    "et": "SpinalFiber",
    "off": 12807,
    "sff": "spinal"
  },
  {
    "docID": "N158 Kang 2015",
    "et": "SpinalFiber",
    "off": 13064,
    "sff": "spinal"
  },
  {
    "docID": "N158 Kang 2015",
    "et": "SpinalFiber",
    "off": 1986,
    "sff": "spinal"
  },
  {
    "docID": "N158 Kang 2015",
    "et": "SpinalFiber",
    "off": 11491,
    "sff": "spinal"
  },
  {
    "docID": "N158 Kang 2015",
    "et": "SpinalFiber",
    "off": 100,
    "sff": "spinal"
  },
  {
    "docID": "N158 Kang 2015",
    "et": "SpinalFiber",
    "off": 1444,
    "sff": "spinal"
  },
  {
    "docID": "N158 Kang 2015",
    "et": "SpinalFiber",
    "off": 11844,
    "sff": "spinal"
  },
  {
    "docID": "N158 Kang 2015",
    "et": "SpinalFiber",
    "off": 640,
    "sff": "spinal"
  },
  {
    "docID": "N158 Kang 2015",
    "et": "SpinalFiber",
    "off": 13696,
    "sff": "spinal"
  },
  {
    "docID": "N158 Kang 2015",
    "et": "SpinalFiber",
    "off": 539,
    "sff": "spinal"
  },
  {
    "docID": "N158 Kang 2015",
    "et": "SpinalFiber",
    "off": 11578,
    "sff": "spinal"
  },
  {
    "docID": "N158 Kang 2015",
    "et": "SpinalFiber",
    "off": 21914,
    "sff": "spinal"
  },
  {
    "docID": "N158 Kang 2015",
    "et": "SpinalFiber",
    "off": 20733,
    "sff": "spinal"
  },
  {
    "docID": "N158 Kang 2015",
    "et": "SpinalFiber",
    "off": 25916,
    "sff": "spinal"
  },
  {
    "docID": "N158 Kang 2015",
    "et": "SpinalFiber",
    "off": 21875,
    "sff": "spinal"
  },
  {
    "docID": "N158 Kang 2015",
    "et": "SpinalFiber",
    "off": 24469,
    "sff": "spinal"
  },
  {
    "docID": "N158 Kang 2015",
    "et": "SpinalFiber",
    "off": 462,
    "sff": "spinal"
  },
  {
    "docID": "N158 Kang 2015",
    "et": "SpinalFiber",
    "off": 11632,
    "sff": "spinal"
  },
  {
    "docID": "N158 Kang 2015",
    "et": "SpinalFiber",
    "off": 12939,
    "sff": "spinal"
  },
  {
    "docID": "N158 Kang 2015",
    "et": "MotorReflexTest",
    "off": 27296,
    "sff": "motor"
  },
  {
    "docID": "N158 Kang 2015",
    "et": "MotorReflexTest",
    "off": 29867,
    "sff": "motor"
  },
  {
    "docID": "N158 Kang 2015",
    "et": "ConductionVelocity",
    "off": 1778,
    "sff": "conduction"
  },
  {
    "docID": "N158 Kang 2015",
    "et": "SurvivalObservation",
    "off": 21506,
    "sff": "survival"
  },
  {
    "docID": "N158 Kang 2015",
    "et": "SurvivalObservation",
    "off": 22203,
    "sff": "survival"
  },
  {
    "docID": "N158 Kang 2015",
    "et": "SurvivalObservation",
    "off": 1031,
    "sff": "Survival"
  },
  {
    "docID": "N158 Kang 2015",
    "et": "AxonalRegenerationTest",
    "off": 1839,
    "sff": "axonal"
  },
  {
    "docID": "N158 Kang 2015",
    "et": "SignalIntensity",
    "off": 1771,
    "sff": "signal"
  },
  {
    "docID": "N158 Kang 2015",
    "et": "SignalIntensity",
    "off": 28241,
    "sff": "signal"
  },
  {
    "docID": "N158 Kang 2015",
    "et": "SignalIntensity",
    "off": 1658,
    "sff": "signal"
  },
  {
    "docID": "N158 Kang 2015",
    "et": "ProteinLevelAnalysis",
    "off": 22987,
    "sff": "protein"
  },
  {
    "docID": "N158 Kang 2015",
    "et": "NeurologicScalesTest",
    "off": 29745,
    "sff": "neurologic"
  },
  {
    "docID": "N158 Kang 2015",
    "et": "SpinalLesionSite",
    "off": 1986,
    "sff": "spinal"
  },
  {
    "docID": "N158 Kang 2015",
    "et": "SpinalLesionSite",
    "off": 1444,
    "sff": "spinal"
  },
  {
    "docID": "N158 Kang 2015",
    "et": "SpinalLesionSite",
    "off": 11844,
    "sff": "spinal"
  },
  {
    "docID": "N158 Kang 2015",
    "et": "SpinalLesionSite",
    "off": 100,
    "sff": "spinal"
  },
  {
    "docID": "N158 Kang 2015",
    "et": "SpinalLesionSite",
    "off": 11491,
    "sff": "spinal"
  },
  {
    "docID": "N158 Kang 2015",
    "et": "SpinalLesionSite",
    "off": 20733,
    "sff": "spinal"
  },
  {
    "docID": "N158 Kang 2015",
    "et": "SpinalLesionSite",
    "off": 13696,
    "sff": "spinal"
  },
  {
    "docID": "N158 Kang 2015",
    "et": "SpinalLesionSite",
    "off": 640,
    "sff": "spinal"
  },
  {
    "docID": "N158 Kang 2015",
    "et": "SpinalLesionSite",
    "off": 12939,
    "sff": "spinal"
  },
  {
    "docID": "N158 Kang 2015",
    "et": "SpinalLesionSite",
    "off": 13064,
    "sff": "spinal"
  },
  {
    "docID": "N158 Kang 2015",
    "et": "SpinalLesionSite",
    "off": 12807,
    "sff": "spinal"
  },
  {
    "docID": "N158 Kang 2015",
    "et": "SpinalLesionSite",
    "off": 21875,
    "sff": "spinal"
  },
  {
    "docID": "N158 Kang 2015",
    "et": "SpinalLesionSite",
    "off": 462,
    "sff": "spinal"
  },
  {
    "docID": "N158 Kang 2015",
    "et": "SpinalLesionSite",
    "off": 11632,
    "sff": "spinal"
  },
  {
    "docID": "N158 Kang 2015",
    "et": "SpinalLesionSite",
    "off": 11578,
    "sff": "spinal"
  },
  {
    "docID": "N158 Kang 2015",
    "et": "SpinalLesionSite",
    "off": 21914,
    "sff": "spinal"
  },
  {
    "docID": "N158 Kang 2015",
    "et": "SpinalLesionSite",
    "off": 539,
    "sff": "spinal"
  },
  {
    "docID": "N158 Kang 2015",
    "et": "SpinalLesionSite",
    "off": 25916,
    "sff": "spinal"
  },
  {
    "docID": "N158 Kang 2015",
    "et": "SpinalLesionSite",
    "off": 24469,
    "sff": "spinal"
  },
  {
    "docID": "N158 Kang 2015",
    "et": "SchwannCellChangesTest",
    "off": 6931,
    "sff": "cell"
  },
  {
    "docID": "N158 Kang 2015",
    "et": "SchwannCellChangesTest",
    "off": 1492,
    "sff": "cell"
  },
  {
    "docID": "N158 Kang 2015",
    "et": "SchwannCellChangesTest",
    "off": 6421,
    "sff": "cell"
  },
  {
    "docID": "N158 Kang 2015",
    "et": "SchwannCellChangesTest",
    "off": 6998,
    "sff": "cell"
  },
  {
    "docID": "N158 Kang 2015",
    "et": "SchwannCellChangesTest",
    "off": 24264,
    "sff": "cell"
  },
  {
    "docID": "N158 Kang 2015",
    "et": "SchwannCellChangesTest",
    "off": 18765,
    "sff": "cell"
  },
  {
    "docID": "N158 Kang 2015",
    "et": "SchwannCellChangesTest",
    "off": 6241,
    "sff": "cell"
  },
  {
    "docID": "N158 Kang 2015",
    "et": "SchwannCellChangesTest",
    "off": 26338,
    "sff": "cell"
  },
  {
    "docID": "N158 Kang 2015",
    "et": "SchwannCellChangesTest",
    "off": 23398,
    "sff": "cell"
  },
  {
    "docID": "N158 Kang 2015",
    "et": "SchwannCellChangesTest",
    "off": 23595,
    "sff": "Schwann cell"
  },
  {
    "docID": "N158 Kang 2015",
    "et": "SchwannCellChangesTest",
    "off": 23710,
    "sff": "cell"
  },
  {
    "docID": "N158 Kang 2015",
    "et": "SchwannCellChangesTest",
    "off": 27038,
    "sff": "cell"
  },
  {
    "docID": "N158 Kang 2015",
    "et": "SchwannCellChangesTest",
    "off": 4638,
    "sff": "cell"
  },
  {
    "docID": "N158 Kang 2015",
    "et": "SchwannCellChangesTest",
    "off": 4721,
    "sff": "cell"
  },
  {
    "docID": "N158 Kang 2015",
    "et": "SchwannCellChangesTest",
    "off": 5173,
    "sff": "cell"
  },
  {
    "docID": "N158 Kang 2015",
    "et": "SchwannCellChangesTest",
    "off": 26538,
    "sff": "cell"
  },
  {
    "docID": "N158 Kang 2015",
    "et": "SchwannCellChangesTest",
    "off": 3819,
    "sff": "cell"
  },
  {
    "docID": "N158 Kang 2015",
    "et": "SchwannCellChangesTest",
    "off": 10627,
    "sff": "cell"
  },
  {
    "docID": "N158 Kang 2015",
    "et": "SchwannCellChangesTest",
    "off": 30211,
    "sff": "cell"
  },
  {
    "docID": "N158 Kang 2015",
    "et": "SchwannCellChangesTest",
    "off": 26808,
    "sff": "cell"
  },
  {
    "docID": "N158 Kang 2015",
    "et": "SchwannCellChangesTest",
    "off": 1338,
    "sff": "cell"
  },
  {
    "docID": "N158 Kang 2015",
    "et": "SchwannCellChangesTest",
    "off": 4794,
    "sff": "cell"
  },
  {
    "docID": "N158 Kang 2015",
    "et": "SchwannCellChangesTest",
    "off": 18940,
    "sff": "cell"
  },
  {
    "docID": "N158 Kang 2015",
    "et": "SchwannCellChangesTest",
    "off": 6652,
    "sff": "cell"
  },
  {
    "docID": "N158 Kang 2015",
    "et": "SchwannCellChangesTest",
    "off": 5629,
    "sff": "cell"
  },
  {
    "docID": "N158 Kang 2015",
    "et": "SchwannCellChangesTest",
    "off": 23934,
    "sff": "cell"
  },
  {
    "docID": "N158 Kang 2015",
    "et": "MotorNeurons",
    "off": 27296,
    "sff": "motor"
  },
  {
    "docID": "N158 Kang 2015",
    "et": "MotorNeurons",
    "off": 29867,
    "sff": "motor"
  },
  {
    "docID": "N158 Kang 2015",
    "et": "FunctionalTest",
    "off": 3029,
    "sff": "functional"
  },
  {
    "docID": "N158 Kang 2015",
    "et": "FunctionalTest",
    "off": 21621,
    "sff": "functional"
  },
  {
    "docID": "N158 Kang 2015",
    "et": "FunctionalTest",
    "off": 21456,
    "sff": "functional"
  },
  {
    "docID": "N158 Kang 2015",
    "et": "SecondaryDegenerationTest",
    "off": 7320,
    "sff": "secondary"
  },
  {
    "docID": "N158 Kang 2015",
    "et": "SecondaryDegenerationTest",
    "off": 3994,
    "sff": "secondary"
  },
  {
    "docID": "N158 Kang 2015",
    "et": "SecondaryDegenerationTest",
    "off": 5935,
    "sff": "secondary"
  },
  {
    "docID": "N158 Kang 2015",
    "et": "SecondaryDegenerationTest",
    "off": 9744,
    "sff": "secondary"
  },
  {
    "docID": "N158 Kang 2015",
    "et": "SecondaryDegenerationTest",
    "off": 9618,
    "sff": "secondary"
  },
  {
    "docID": "N158 Kang 2015",
    "et": "SecondaryDegenerationTest",
    "off": 14524,
    "sff": "secondary"
  },
  {
    "docID": "N158 Kang 2015",
    "et": "Right",
    "off": 11572,
    "sff": "right"
  },
  {
    "docID": "N158 Kang 2015",
    "et": "StepError",
    "off": 6736,
    "sff": "step"
  },
  {
    "docID": "N158 Kang 2015",
    "et": "Longitudinal",
    "off": 11524,
    "sff": "longitudinal"
  },
  {
    "docID": "N158 Kang 2015",
    "et": "SpinalCord",
    "off": 24469,
    "sff": "spinal cord"
  },
  {
    "docID": "N158 Kang 2015",
    "et": "SpinalCord",
    "off": 11491,
    "sff": "spinal"
  },
  {
    "docID": "N158 Kang 2015",
    "et": "SpinalCord",
    "off": 21875,
    "sff": "spinal cord"
  },
  {
    "docID": "N158 Kang 2015",
    "et": "SpinalCord",
    "off": 640,
    "sff": "spinal cord"
  },
  {
    "docID": "N158 Kang 2015",
    "et": "SpinalCord",
    "off": 13696,
    "sff": "spinal cord"
  },
  {
    "docID": "N158 Kang 2015",
    "et": "SpinalCord",
    "off": 20733,
    "sff": "spinal cord"
  },
  {
    "docID": "N158 Kang 2015",
    "et": "SpinalCord",
    "off": 25916,
    "sff": "spinal cord"
  },
  {
    "docID": "N158 Kang 2015",
    "et": "SpinalCord",
    "off": 11578,
    "sff": "spinal cord"
  },
  {
    "docID": "N158 Kang 2015",
    "et": "SpinalCord",
    "off": 21914,
    "sff": "spinal cord"
  },
  {
    "docID": "N158 Kang 2015",
    "et": "SpinalCord",
    "off": 539,
    "sff": "spinal cord"
  },
  {
    "docID": "N158 Kang 2015",
    "et": "SpinalCord",
    "off": 100,
    "sff": "spinal cord"
  },
  {
    "docID": "N158 Kang 2015",
    "et": "SpinalCord",
    "off": 1444,
    "sff": "spinal cord"
  },
  {
    "docID": "N158 Kang 2015",
    "et": "SpinalCord",
    "off": 11844,
    "sff": "spinal cord"
  },
  {
    "docID": "N158 Kang 2015",
    "et": "SpinalCord",
    "off": 1986,
    "sff": "spinal cord"
  },
  {
    "docID": "N158 Kang 2015",
    "et": "SpinalCord",
    "off": 11632,
    "sff": "spinal cord"
  },
  {
    "docID": "N158 Kang 2015",
    "et": "SpinalCord",
    "off": 13064,
    "sff": "spinal"
  },
  {
    "docID": "N158 Kang 2015",
    "et": "SpinalCord",
    "off": 462,
    "sff": "spinal cord"
  },
  {
    "docID": "N158 Kang 2015",
    "et": "SpinalCord",
    "off": 12807,
    "sff": "spinal"
  },
  {
    "docID": "N158 Kang 2015",
    "et": "SpinalCord",
    "off": 12939,
    "sff": "spinal"
  },
  {
    "docID": "N158 Kang 2015",
    "et": "LesionAdjacentTissue",
    "off": 17408,
    "sff": "adjacent"
  },
  {
    "docID": "N158 Kang 2015",
    "et": "ContactPlacingResponseTest",
    "off": 23107,
    "sff": "contact"
  },
  {
    "docID": "N158 Kang 2015",
    "et": "CentralNervousSystem",
    "off": 23546,
    "sff": "central nervous"
  },
  {
    "docID": "N158 Kang 2015",
    "et": "CentralNervousSystem",
    "off": 23076,
    "sff": "nervous"
  },
  {
    "docID": "N158 Kang 2015",
    "et": "CentralNervousSystem",
    "off": 23546,
    "sff": "central nervous system"
  },
  {
    "docID": "N158 Kang 2015",
    "et": "CentralNervousSystem",
    "off": 23527,
    "sff": "nervous system"
  },
  {
    "docID": "N158 Kang 2015",
    "et": "CentralNervousSystem",
    "off": 23527,
    "sff": "nervous"
  },
  {
    "docID": "N158 Kang 2015",
    "et": "StainingLength",
    "off": 9663,
    "sff": "staining"
  },
  {
    "docID": "N158 Kang 2015",
    "et": "StainingLength",
    "off": 9505,
    "sff": "staining"
  },
  {
    "docID": "N158 Kang 2015",
    "et": "StainingLength",
    "off": 20161,
    "sff": "staining"
  },
  {
    "docID": "N158 Kang 2015",
    "et": "StainingLength",
    "off": 8354,
    "sff": "staining"
  },
  {
    "docID": "N158 Kang 2015",
    "et": "StainingLength",
    "off": 13158,
    "sff": "staining"
  },
  {
    "docID": "N158 Kang 2015",
    "et": "StainingLength",
    "off": 20232,
    "sff": "staining"
  },
  {
    "docID": "N158 Kang 2015",
    "et": "StainingLength",
    "off": 14763,
    "sff": "staining"
  },
  {
    "docID": "N158 Kang 2015",
    "et": "StainingLength",
    "off": 9421,
    "sff": "staining"
  },
  {
    "docID": "N158 Kang 2015",
    "et": "StainingLength",
    "off": 14575,
    "sff": "staining"
  },
  {
    "docID": "N158 Kang 2015",
    "et": "StainingLength",
    "off": 13360,
    "sff": "staining"
  },
  {
    "docID": "N158 Kang 2015",
    "et": "StainingLength",
    "off": 16083,
    "sff": "staining"
  },
  {
    "docID": "N158 Kang 2015",
    "et": "StainingLength",
    "off": 13225,
    "sff": "Staining"
  },
  {
    "docID": "N158 Kang 2015",
    "et": "StainingLength",
    "off": 10233,
    "sff": "staining"
  },
  {
    "docID": "N158 Kang 2015",
    "et": "StainingLength",
    "off": 14875,
    "sff": "staining"
  },
  {
    "docID": "N158 Kang 2015",
    "et": "StainingLength",
    "off": 16187,
    "sff": "staining"
  },
  {
    "docID": "N158 Kang 2015",
    "et": "StainingLength",
    "off": 10908,
    "sff": "staining"
  },
  {
    "docID": "N158 Kang 2015",
    "et": "LimbRotation",
    "off": 28382,
    "sff": "limb"
  },
  {
    "docID": "N158 Kang 2015",
    "et": "LimbRotation",
    "off": 27291,
    "sff": "limb"
  },
  {
    "docID": "N158 Kang 2015",
    "et": "LimbRotation",
    "off": 1163,
    "sff": "limb"
  },
  {
    "docID": "N158 Kang 2015",
    "et": "Location",
    "off": 22546,
    "sff": "location"
  },
  {
    "docID": "N158 Kang 2015",
    "et": "Location",
    "off": 21560,
    "sff": "location"
  },
  {
    "docID": "N158 Kang 2015",
    "et": "StainingDensity",
    "off": 10908,
    "sff": "staining"
  },
  {
    "docID": "N158 Kang 2015",
    "et": "StainingDensity",
    "off": 14875,
    "sff": "staining"
  },
  {
    "docID": "N158 Kang 2015",
    "et": "StainingDensity",
    "off": 20161,
    "sff": "staining"
  },
  {
    "docID": "N158 Kang 2015",
    "et": "StainingDensity",
    "off": 10233,
    "sff": "staining"
  },
  {
    "docID": "N158 Kang 2015",
    "et": "StainingDensity",
    "off": 13225,
    "sff": "Staining"
  },
  {
    "docID": "N158 Kang 2015",
    "et": "StainingDensity",
    "off": 8354,
    "sff": "staining"
  },
  {
    "docID": "N158 Kang 2015",
    "et": "StainingDensity",
    "off": 9505,
    "sff": "staining"
  },
  {
    "docID": "N158 Kang 2015",
    "et": "StainingDensity",
    "off": 16187,
    "sff": "staining"
  },
  {
    "docID": "N158 Kang 2015",
    "et": "StainingDensity",
    "off": 9663,
    "sff": "staining"
  },
  {
    "docID": "N158 Kang 2015",
    "et": "StainingDensity",
    "off": 9421,
    "sff": "staining"
  },
  {
    "docID": "N158 Kang 2015",
    "et": "StainingDensity",
    "off": 14763,
    "sff": "staining"
  },
  {
    "docID": "N158 Kang 2015",
    "et": "StainingDensity",
    "off": 16083,
    "sff": "staining"
  },
  {
    "docID": "N158 Kang 2015",
    "et": "StainingDensity",
    "off": 13158,
    "sff": "staining"
  },
  {
    "docID": "N158 Kang 2015",
    "et": "StainingDensity",
    "off": 20232,
    "sff": "staining"
  },
  {
    "docID": "N158 Kang 2015",
    "et": "StainingDensity",
    "off": 13360,
    "sff": "staining"
  },
  {
    "docID": "N158 Kang 2015",
    "et": "StainingDensity",
    "off": 14575,
    "sff": "staining"
  },
  {
    "docID": "N158 Kang 2015",
    "et": "AdhesiveRemovalTest",
    "off": 23962,
    "sff": "adhesive"
  },
  {
    "docID": "N158 Kang 2015",
    "et": "BBBSubscoreTest",
    "off": 14210,
    "sff": "BBB"
  },
  {
    "docID": "N158 Kang 2015",
    "et": "BBBSubscoreTest",
    "off": 25566,
    "sff": "BBB"
  },
  {
    "docID": "N158 Kang 2015",
    "et": "BBBSubscoreTest",
    "off": 29518,
    "sff": "BBB"
  },
  {
    "docID": "N158 Kang 2015",
    "et": "BBBSubscoreTest",
    "off": 14012,
    "sff": "BBB"
  },
  {
    "docID": "N158 Kang 2015",
    "et": "BBBSubscoreTest",
    "off": 14316,
    "sff": "BBB"
  },
  {
    "docID": "N158 Kang 2015",
    "et": "BBBSubscoreTest",
    "off": 21164,
    "sff": "BBB"
  },
  {
    "docID": "N158 Kang 2015",
    "et": "BBBSubscoreTest",
    "off": 28315,
    "sff": "BBB"
  },
  {
    "docID": "N158 Kang 2015",
    "et": "BBBSubscoreTest",
    "off": 12392,
    "sff": "BBB"
  },
  {
    "docID": "N158 Kang 2015",
    "et": "BBBSubscoreTest",
    "off": 27190,
    "sff": "BBB"
  },
  {
    "docID": "N158 Kang 2015",
    "et": "AxonalDamageTest",
    "off": 1839,
    "sff": "axonal"
  },
  {
    "docID": "N158 Kang 2015",
    "et": "SpinalCentralPart",
    "off": 13064,
    "sff": "spinal"
  },
  {
    "docID": "N158 Kang 2015",
    "et": "SpinalCentralPart",
    "off": 12807,
    "sff": "spinal"
  },
  {
    "docID": "N158 Kang 2015",
    "et": "SpinalCentralPart",
    "off": 12939,
    "sff": "spinal"
  },
  {
    "docID": "N158 Kang 2015",
    "et": "SpinalCentralPart",
    "off": 23546,
    "sff": "central"
  },
  {
    "docID": "N158 Kang 2015",
    "et": "SpinalCentralPart",
    "off": 11632,
    "sff": "spinal"
  },
  {
    "docID": "N158 Kang 2015",
    "et": "SpinalCentralPart",
    "off": 462,
    "sff": "spinal"
  },
  {
    "docID": "N158 Kang 2015",
    "et": "SpinalCentralPart",
    "off": 24469,
    "sff": "spinal"
  },
  {
    "docID": "N158 Kang 2015",
    "et": "SpinalCentralPart",
    "off": 21875,
    "sff": "spinal"
  },
  {
    "docID": "N158 Kang 2015",
    "et": "SpinalCentralPart",
    "off": 20733,
    "sff": "spinal"
  },
  {
    "docID": "N158 Kang 2015",
    "et": "SpinalCentralPart",
    "off": 25916,
    "sff": "spinal"
  },
  {
    "docID": "N158 Kang 2015",
    "et": "SpinalCentralPart",
    "off": 539,
    "sff": "spinal"
  },
  {
    "docID": "N158 Kang 2015",
    "et": "SpinalCentralPart",
    "off": 11578,
    "sff": "spinal"
  },
  {
    "docID": "N158 Kang 2015",
    "et": "SpinalCentralPart",
    "off": 21914,
    "sff": "spinal"
  },
  {
    "docID": "N158 Kang 2015",
    "et": "SpinalCentralPart",
    "off": 640,
    "sff": "spinal"
  },
  {
    "docID": "N158 Kang 2015",
    "et": "SpinalCentralPart",
    "off": 13696,
    "sff": "spinal"
  },
  {
    "docID": "N158 Kang 2015",
    "et": "SpinalCentralPart",
    "off": 100,
    "sff": "spinal"
  },
  {
    "docID": "N158 Kang 2015",
    "et": "SpinalCentralPart",
    "off": 1444,
    "sff": "spinal"
  },
  {
    "docID": "N158 Kang 2015",
    "et": "SpinalCentralPart",
    "off": 11844,
    "sff": "spinal"
  },
  {
    "docID": "N158 Kang 2015",
    "et": "SpinalCentralPart",
    "off": 11491,
    "sff": "spinal"
  },
  {
    "docID": "N158 Kang 2015",
    "et": "SpinalCentralPart",
    "off": 1986,
    "sff": "spinal"
  },
  {
    "docID": "N158 Kang 2015",
    "et": "AxonalDiebackTest",
    "off": 1839,
    "sff": "axonal"
  },
  {
    "docID": "N158 Kang 2015",
    "et": "SpinalCordStump",
    "off": 462,
    "sff": "spinal cord"
  },
  {
    "docID": "N158 Kang 2015",
    "et": "SpinalCordStump",
    "off": 11632,
    "sff": "spinal cord"
  },
  {
    "docID": "N158 Kang 2015",
    "et": "SpinalCordStump",
    "off": 100,
    "sff": "spinal cord"
  },
  {
    "docID": "N158 Kang 2015",
    "et": "SpinalCordStump",
    "off": 1444,
    "sff": "spinal cord"
  },
  {
    "docID": "N158 Kang 2015",
    "et": "SpinalCordStump",
    "off": 12939,
    "sff": "spinal"
  },
  {
    "docID": "N158 Kang 2015",
    "et": "SpinalCordStump",
    "off": 11844,
    "sff": "spinal cord"
  },
  {
    "docID": "N158 Kang 2015",
    "et": "SpinalCordStump",
    "off": 12807,
    "sff": "spinal"
  },
  {
    "docID": "N158 Kang 2015",
    "et": "SpinalCordStump",
    "off": 13064,
    "sff": "spinal"
  },
  {
    "docID": "N158 Kang 2015",
    "et": "SpinalCordStump",
    "off": 20733,
    "sff": "spinal cord"
  },
  {
    "docID": "N158 Kang 2015",
    "et": "SpinalCordStump",
    "off": 539,
    "sff": "spinal cord"
  },
  {
    "docID": "N158 Kang 2015",
    "et": "SpinalCordStump",
    "off": 11491,
    "sff": "spinal"
  },
  {
    "docID": "N158 Kang 2015",
    "et": "SpinalCordStump",
    "off": 25916,
    "sff": "spinal cord"
  },
  {
    "docID": "N158 Kang 2015",
    "et": "SpinalCordStump",
    "off": 640,
    "sff": "spinal cord"
  },
  {
    "docID": "N158 Kang 2015",
    "et": "SpinalCordStump",
    "off": 1986,
    "sff": "spinal cord"
  },
  {
    "docID": "N158 Kang 2015",
    "et": "SpinalCordStump",
    "off": 13696,
    "sff": "spinal cord"
  },
  {
    "docID": "N158 Kang 2015",
    "et": "SpinalCordStump",
    "off": 24469,
    "sff": "spinal cord"
  },
  {
    "docID": "N158 Kang 2015",
    "et": "SpinalCordStump",
    "off": 21875,
    "sff": "spinal cord"
  },
  {
    "docID": "N158 Kang 2015",
    "et": "SpinalCordStump",
    "off": 11578,
    "sff": "spinal cord"
  },
  {
    "docID": "N158 Kang 2015",
    "et": "SpinalCordStump",
    "off": 21914,
    "sff": "spinal cord"
  },
  {
    "docID": "N158 Kang 2015",
    "et": "MotorEvokedPotentialsTest",
    "off": 29867,
    "sff": "motor"
  },
  {
    "docID": "N158 Kang 2015",
    "et": "MotorEvokedPotentialsTest",
    "off": 27296,
    "sff": "motor"
  },
  {
    "docID": "N158 Kang 2015",
    "et": "HeartRate",
    "off": 12834,
    "sff": "heart"
  },
  {
    "docID": "N158 Kang 2015",
    "et": "HeartRate",
    "off": 13726,
    "sff": "heart"
  },
  {
    "docID": "N158 Kang 2015",
    "et": "Brain",
    "off": 4358,
    "sff": "brain"
  },
  {
    "docID": "N158 Kang 2015",
    "et": "AscendingFiberTract",
    "off": 19939,
    "sff": "fiber"
  },
  {
    "docID": "N158 Kang 2015",
    "et": "AscendingFiberTract",
    "off": 18877,
    "sff": "fiber"
  },
  {
    "docID": "N158 Kang 2015",
    "et": "AscendingFiberTract",
    "off": 19726,
    "sff": "fiber"
  },
  {
    "docID": "N158 Kang 2015",
    "et": "AscendingFiberTract",
    "off": 20762,
    "sff": "fiber"
  },
  {
    "docID": "N158 Kang 2015",
    "et": "AscendingFiberTract",
    "off": 22100,
    "sff": "fiber"
  },
  {
    "docID": "N158 Kang 2015",
    "et": "SpinalWhiteMatter",
    "off": 100,
    "sff": "spinal"
  },
  {
    "docID": "N158 Kang 2015",
    "et": "SpinalWhiteMatter",
    "off": 1444,
    "sff": "spinal"
  },
  {
    "docID": "N158 Kang 2015",
    "et": "SpinalWhiteMatter",
    "off": 11844,
    "sff": "spinal"
  },
  {
    "docID": "N158 Kang 2015",
    "et": "SpinalWhiteMatter",
    "off": 12807,
    "sff": "spinal"
  },
  {
    "docID": "N158 Kang 2015",
    "et": "SpinalWhiteMatter",
    "off": 640,
    "sff": "spinal"
  },
  {
    "docID": "N158 Kang 2015",
    "et": "SpinalWhiteMatter",
    "off": 13696,
    "sff": "spinal"
  },
  {
    "docID": "N158 Kang 2015",
    "et": "SpinalWhiteMatter",
    "off": 1986,
    "sff": "spinal"
  },
  {
    "docID": "N158 Kang 2015",
    "et": "SpinalWhiteMatter",
    "off": 11491,
    "sff": "spinal"
  },
  {
    "docID": "N158 Kang 2015",
    "et": "SpinalWhiteMatter",
    "off": 25916,
    "sff": "spinal"
  },
  {
    "docID": "N158 Kang 2015",
    "et": "SpinalWhiteMatter",
    "off": 20733,
    "sff": "spinal"
  },
  {
    "docID": "N158 Kang 2015",
    "et": "SpinalWhiteMatter",
    "off": 19326,
    "sff": "white matter"
  },
  {
    "docID": "N158 Kang 2015",
    "et": "SpinalWhiteMatter",
    "off": 11578,
    "sff": "spinal"
  },
  {
    "docID": "N158 Kang 2015",
    "et": "SpinalWhiteMatter",
    "off": 21914,
    "sff": "spinal"
  },
  {
    "docID": "N158 Kang 2015",
    "et": "SpinalWhiteMatter",
    "off": 539,
    "sff": "spinal"
  },
  {
    "docID": "N158 Kang 2015",
    "et": "SpinalWhiteMatter",
    "off": 24469,
    "sff": "spinal"
  },
  {
    "docID": "N158 Kang 2015",
    "et": "SpinalWhiteMatter",
    "off": 11632,
    "sff": "spinal"
  },
  {
    "docID": "N158 Kang 2015",
    "et": "SpinalWhiteMatter",
    "off": 21875,
    "sff": "spinal"
  },
  {
    "docID": "N158 Kang 2015",
    "et": "SpinalWhiteMatter",
    "off": 462,
    "sff": "spinal"
  },
  {
    "docID": "N158 Kang 2015",
    "et": "SpinalWhiteMatter",
    "off": 13064,
    "sff": "spinal"
  },
  {
    "docID": "N158 Kang 2015",
    "et": "SpinalWhiteMatter",
    "off": 19326,
    "sff": "white"
  },
  {
    "docID": "N158 Kang 2015",
    "et": "SpinalWhiteMatter",
    "off": 12939,
    "sff": "spinal"
  },
  {
    "docID": "N158 Kang 2015",
    "et": "Dorsal",
    "off": 11400,
    "sff": "dorsal"
  },
  {
    "docID": "N158 Kang 2015",
    "et": "BladderFunctionTest",
    "off": 12137,
    "sff": "bladder"
  },
  {
    "docID": "N158 Kang 2015",
    "et": "Diameter",
    "off": 17359,
    "sff": "diameter"
  },
  {
    "docID": "N158 Kang 2015",
    "et": "Diameter",
    "off": 5239,
    "sff": "diameter"
  },
  {
    "docID": "N158 Kang 2015",
    "et": "Diameter",
    "off": 16501,
    "sff": "diameter"
  },
  {
    "docID": "N158 Kang 2015",
    "et": "ErrorStepRatio",
    "off": 6736,
    "sff": "step"
  },
  {
    "docID": "N158 Kang 2015",
    "et": "StepHeight",
    "off": 6736,
    "sff": "step"
  },
  {
    "docID": "N158 Kang 2015",
    "et": "SpinalGrayMatter",
    "off": 13064,
    "sff": "spinal"
  },
  {
    "docID": "N158 Kang 2015",
    "et": "SpinalGrayMatter",
    "off": 12939,
    "sff": "spinal"
  },
  {
    "docID": "N158 Kang 2015",
    "et": "SpinalGrayMatter",
    "off": 100,
    "sff": "spinal"
  },
  {
    "docID": "N158 Kang 2015",
    "et": "SpinalGrayMatter",
    "off": 1444,
    "sff": "spinal"
  },
  {
    "docID": "N158 Kang 2015",
    "et": "SpinalGrayMatter",
    "off": 11844,
    "sff": "spinal"
  },
  {
    "docID": "N158 Kang 2015",
    "et": "SpinalGrayMatter",
    "off": 12807,
    "sff": "spinal"
  },
  {
    "docID": "N158 Kang 2015",
    "et": "SpinalGrayMatter",
    "off": 640,
    "sff": "spinal"
  },
  {
    "docID": "N158 Kang 2015",
    "et": "SpinalGrayMatter",
    "off": 13696,
    "sff": "spinal"
  },
  {
    "docID": "N158 Kang 2015",
    "et": "SpinalGrayMatter",
    "off": 11491,
    "sff": "spinal"
  },
  {
    "docID": "N158 Kang 2015",
    "et": "SpinalGrayMatter",
    "off": 1986,
    "sff": "spinal"
  },
  {
    "docID": "N158 Kang 2015",
    "et": "SpinalGrayMatter",
    "off": 20733,
    "sff": "spinal"
  },
  {
    "docID": "N158 Kang 2015",
    "et": "SpinalGrayMatter",
    "off": 25916,
    "sff": "spinal"
  },
  {
    "docID": "N158 Kang 2015",
    "et": "SpinalGrayMatter",
    "off": 539,
    "sff": "spinal"
  },
  {
    "docID": "N158 Kang 2015",
    "et": "SpinalGrayMatter",
    "off": 11578,
    "sff": "spinal"
  },
  {
    "docID": "N158 Kang 2015",
    "et": "SpinalGrayMatter",
    "off": 21914,
    "sff": "spinal"
  },
  {
    "docID": "N158 Kang 2015",
    "et": "SpinalGrayMatter",
    "off": 24469,
    "sff": "spinal"
  },
  {
    "docID": "N158 Kang 2015",
    "et": "SpinalGrayMatter",
    "off": 11632,
    "sff": "spinal"
  },
  {
    "docID": "N158 Kang 2015",
    "et": "SpinalGrayMatter",
    "off": 21875,
    "sff": "spinal"
  },
  {
    "docID": "N158 Kang 2015",
    "et": "SpinalGrayMatter",
    "off": 462,
    "sff": "spinal"
  },
  {
    "docID": "N158 Kang 2015",
    "et": "AxonalChangesTest",
    "off": 1839,
    "sff": "axonal"
  },
  {
    "docID": "N158 Kang 2015",
    "et": "LocomotorTest",
    "off": 12290,
    "sff": "Locomotor"
  },
  {
    "docID": "N158 Kang 2015",
    "et": "LocomotorTest",
    "off": 21024,
    "sff": "Locomotor"
  },
  {
    "docID": "N158 Kang 2015",
    "et": "LocomotorTest",
    "off": 12505,
    "sff": "locomotor"
  },
  {
    "docID": "N158 Kang 2015",
    "et": "LocomotorTest",
    "off": 12245,
    "sff": "locomotor"
  },
  {
    "docID": "N158 Kang 2015",
    "et": "BloodBrainBarrierTest",
    "off": 4358,
    "sff": "brain"
  },
  {
    "docID": "N158 Kang 2015",
    "et": "VertebralArea",
    "off": 11454,
    "sff": "vertebral"
  },
  {
    "docID": "N158 Kang 2015",
    "et": "Caudal",
    "off": 19122,
    "sff": "caudal"
  },
  {
    "docID": "N158 Kang 2015",
    "et": "Caudal",
    "off": 25868,
    "sff": "caudal"
  },
  {
    "docID": "N158 Kang 2015",
    "et": "Caudal",
    "off": 19242,
    "sff": "caudal"
  },
  {
    "docID": "N158 Kang 2015",
    "et": "VertebralSegment",
    "off": 11454,
    "sff": "vertebral"
  },
  {
    "docID": "N158 Kang 2015",
    "et": "BladderFunctionParameter",
    "off": 23127,
    "sff": "function"
  },
  {
    "docID": "N158 Kang 2015",
    "et": "BladderFunctionParameter",
    "off": 2198,
    "sff": "function"
  },
  {
    "docID": "N158 Kang 2015",
    "et": "BladderFunctionParameter",
    "off": 12137,
    "sff": "bladder"
  },
  {
    "docID": "N158 Kang 2015",
    "et": "BladderFunctionParameter",
    "off": 29756,
    "sff": "function"
  },
  {
    "docID": "N158 Kang 2015",
    "et": "BladderFunctionParameter",
    "off": 1168,
    "sff": "function"
  },
  {
    "docID": "N158 Kang 2015",
    "et": "BladderFunctionParameter",
    "off": 27302,
    "sff": "function"
  },
  {
    "docID": "N158 Kang 2015",
    "et": "BladderFunctionParameter",
    "off": 2732,
    "sff": "function"
  },
  {
    "docID": "N158 Kang 2015",
    "et": "BladderFunctionParameter",
    "off": 12300,
    "sff": "function"
  },
  {
    "docID": "N158 Kang 2015",
    "et": "BladderFunctionParameter",
    "off": 30091,
    "sff": "function"
  },
  {
    "docID": "N158 Kang 2015",
    "et": "BladderFunctionParameter",
    "off": 21034,
    "sff": "function"
  },
  {
    "docID": "N158 Kang 2015",
    "et": "BladderFunctionParameter",
    "off": 25001,
    "sff": "function"
  },
  {
    "docID": "N158 Kang 2015",
    "et": "BladderFunctionParameter",
    "off": 12255,
    "sff": "function"
  },
  {
    "docID": "N158 Kang 2015",
    "et": "BladderFunctionParameter",
    "off": 12515,
    "sff": "function"
  },
  {
    "docID": "N158 Kang 2015",
    "et": "BladderFunctionParameter",
    "off": 28387,
    "sff": "function"
  },
  {
    "docID": "N158 Kang 2015",
    "et": "StepParameter",
    "off": 6736,
    "sff": "step"
  },
  {
    "docID": "N158 Kang 2015",
    "et": "SignalAbsence",
    "off": 1658,
    "sff": "signal"
  },
  {
    "docID": "N158 Kang 2015",
    "et": "SignalAbsence",
    "off": 1771,
    "sff": "signal"
  },
  {
    "docID": "N158 Kang 2015",
    "et": "SignalAbsence",
    "off": 28241,
    "sff": "signal"
  },
  {
    "docID": "N158 Kang 2015",
    "et": "VerticalGrid",
    "off": 15667,
    "sff": "Vertical"
  },
  {
    "docID": "N158 Kang 2015",
    "et": "VerticalGrid",
    "off": 15790,
    "sff": "Vertical"
  },
  {
    "docID": "N158 Kang 2015",
    "et": "InflammationTest",
    "off": 25630,
    "sff": "inflammation"
  },
  {
    "docID": "N158 Kang 2015",
    "et": "InflammationTest",
    "off": 24900,
    "sff": "inflammation"
  },
  {
    "docID": "N158 Kang 2015",
    "et": "GaitAnalysisParameter",
    "off": 5828,
    "sff": "analysis"
  },
  {
    "docID": "N158 Kang 2015",
    "et": "GaitAnalysisParameter",
    "off": 21092,
    "sff": "analysis"
  },
  {
    "docID": "N158 Kang 2015",
    "et": "GaitAnalysisParameter",
    "off": 27700,
    "sff": "analysis"
  },
  {
    "docID": "N158 Kang 2015",
    "et": "GaitAnalysisParameter",
    "off": 7179,
    "sff": "analysis"
  },
  {
    "docID": "N158 Kang 2015",
    "et": "GaitAnalysisParameter",
    "off": 13912,
    "sff": "analysis"
  },
  {
    "docID": "N158 Kang 2015",
    "et": "GaitAnalysisParameter",
    "off": 13933,
    "sff": "analysis"
  },
  {
    "docID": "N158 Kang 2015",
    "et": "GaitAnalysisParameter",
    "off": 21299,
    "sff": "analysis"
  },
  {
    "docID": "N158 Kang 2015",
    "et": "GaitAnalysisParameter",
    "off": 7090,
    "sff": "analysis"
  },
  {
    "docID": "N158 Kang 2015",
    "et": "T10",
    "off": 11473,
    "sff": "T10"
  },
  {
    "docID": "N158 Kang 2015",
    "et": "DescendingFiberTract",
    "off": 20762,
    "sff": "fiber"
  },
  {
    "docID": "N158 Kang 2015",
    "et": "DescendingFiberTract",
    "off": 22100,
    "sff": "fiber"
  },
  {
    "docID": "N158 Kang 2015",
    "et": "DescendingFiberTract",
    "off": 19939,
    "sff": "fiber"
  },
  {
    "docID": "N158 Kang 2015",
    "et": "DescendingFiberTract",
    "off": 19726,
    "sff": "fiber"
  },
  {
    "docID": "N158 Kang 2015",
    "et": "DescendingFiberTract",
    "off": 18877,
    "sff": "fiber"
  },
  {
    "docID": "N158 Kang 2015",
    "et": "VertebralLocation",
    "off": 11454,
    "sff": "vertebral"
  },
  {
    "docID": "N158 Kang 2015",
    "et": "IntraperitonealLocation",
    "off": 11312,
    "sff": "intraperitoneal"
  },
  {
    "docID": "N158 Kang 2015",
    "et": "IntraperitonealLocation",
    "off": 7525,
    "sff": "intraperitoneal"
  },
  {
    "docID": "N158 Kang 2015",
    "et": "AxonalSproutingTest",
    "off": 1839,
    "sff": "axonal"
  },
  {
    "docID": "N158 Kang 2015",
    "et": "BladderSize",
    "off": 12137,
    "sff": "bladder"
  },
  {
    "docID": "N158 Kang 2015",
    "et": "Bilateral",
    "off": 7613,
    "sff": "bilateral"
  },
  {
    "docID": "N158 Kang 2015",
    "et": "NeuronalCellLossTest",
    "off": 26538,
    "sff": "cell"
  },
  {
    "docID": "N158 Kang 2015",
    "et": "NeuronalCellLossTest",
    "off": 23398,
    "sff": "cell"
  },
  {
    "docID": "N158 Kang 2015",
    "et": "NeuronalCellLossTest",
    "off": 6241,
    "sff": "cell"
  },
  {
    "docID": "N158 Kang 2015",
    "et": "NeuronalCellLossTest",
    "off": 26338,
    "sff": "cell"
  },
  {
    "docID": "N158 Kang 2015",
    "et": "NeuronalCellLossTest",
    "off": 4638,
    "sff": "cell"
  },
  {
    "docID": "N158 Kang 2015",
    "et": "NeuronalCellLossTest",
    "off": 23710,
    "sff": "cell"
  },
  {
    "docID": "N158 Kang 2015",
    "et": "NeuronalCellLossTest",
    "off": 27038,
    "sff": "cell"
  },
  {
    "docID": "N158 Kang 2015",
    "et": "NeuronalCellLossTest",
    "off": 6931,
    "sff": "cell"
  },
  {
    "docID": "N158 Kang 2015",
    "et": "NeuronalCellLossTest",
    "off": 1492,
    "sff": "cell"
  },
  {
    "docID": "N158 Kang 2015",
    "et": "NeuronalCellLossTest",
    "off": 6421,
    "sff": "cell"
  },
  {
    "docID": "N158 Kang 2015",
    "et": "NeuronalCellLossTest",
    "off": 6998,
    "sff": "cell"
  },
  {
    "docID": "N158 Kang 2015",
    "et": "NeuronalCellLossTest",
    "off": 18765,
    "sff": "cell"
  },
  {
    "docID": "N158 Kang 2015",
    "et": "NeuronalCellLossTest",
    "off": 24264,
    "sff": "cell"
  },
  {
    "docID": "N158 Kang 2015",
    "et": "NeuronalCellLossTest",
    "off": 10627,
    "sff": "cell"
  },
  {
    "docID": "N158 Kang 2015",
    "et": "NeuronalCellLossTest",
    "off": 30211,
    "sff": "cell"
  },
  {
    "docID": "N158 Kang 2015",
    "et": "NeuronalCellLossTest",
    "off": 6652,
    "sff": "cell"
  },
  {
    "docID": "N158 Kang 2015",
    "et": "NeuronalCellLossTest",
    "off": 18940,
    "sff": "cell"
  },
  {
    "docID": "N158 Kang 2015",
    "et": "NeuronalCellLossTest",
    "off": 5629,
    "sff": "cell"
  },
  {
    "docID": "N158 Kang 2015",
    "et": "NeuronalCellLossTest",
    "off": 23934,
    "sff": "cell"
  },
  {
    "docID": "N158 Kang 2015",
    "et": "NeuronalCellLossTest",
    "off": 26808,
    "sff": "cell"
  },
  {
    "docID": "N158 Kang 2015",
    "et": "NeuronalCellLossTest",
    "off": 1338,
    "sff": "cell"
  },
  {
    "docID": "N158 Kang 2015",
    "et": "NeuronalCellLossTest",
    "off": 4794,
    "sff": "cell"
  },
  {
    "docID": "N158 Kang 2015",
    "et": "NeuronalCellLossTest",
    "off": 23603,
    "sff": "cell"
  },
  {
    "docID": "N158 Kang 2015",
    "et": "NeuronalCellLossTest",
    "off": 5173,
    "sff": "cell"
  },
  {
    "docID": "N158 Kang 2015",
    "et": "NeuronalCellLossTest",
    "off": 4721,
    "sff": "cell"
  },
  {
    "docID": "N158 Kang 2015",
    "et": "NeuronalCellLossTest",
    "off": 3819,
    "sff": "cell"
  },
  {
    "docID": "N158 Kang 2015",
    "et": "VascularFunctionParameter",
    "off": 12515,
    "sff": "function"
  },
  {
    "docID": "N158 Kang 2015",
    "et": "VascularFunctionParameter",
    "off": 28387,
    "sff": "function"
  },
  {
    "docID": "N158 Kang 2015",
    "et": "VascularFunctionParameter",
    "off": 12255,
    "sff": "function"
  },
  {
    "docID": "N158 Kang 2015",
    "et": "VascularFunctionParameter",
    "off": 2732,
    "sff": "function"
  },
  {
    "docID": "N158 Kang 2015",
    "et": "VascularFunctionParameter",
    "off": 12300,
    "sff": "function"
  },
  {
    "docID": "N158 Kang 2015",
    "et": "VascularFunctionParameter",
    "off": 30091,
    "sff": "function"
  },
  {
    "docID": "N158 Kang 2015",
    "et": "VascularFunctionParameter",
    "off": 21034,
    "sff": "function"
  },
  {
    "docID": "N158 Kang 2015",
    "et": "VascularFunctionParameter",
    "off": 25001,
    "sff": "function"
  },
  {
    "docID": "N158 Kang 2015",
    "et": "VascularFunctionParameter",
    "off": 27302,
    "sff": "function"
  },
  {
    "docID": "N158 Kang 2015",
    "et": "VascularFunctionParameter",
    "off": 1168,
    "sff": "function"
  },
  {
    "docID": "N158 Kang 2015",
    "et": "VascularFunctionParameter",
    "off": 29756,
    "sff": "function"
  },
  {
    "docID": "N158 Kang 2015",
    "et": "VascularFunctionParameter",
    "off": 23127,
    "sff": "function"
  },
  {
    "docID": "N158 Kang 2015",
    "et": "VascularFunctionParameter",
    "off": 2198,
    "sff": "function"
  },
  {
    "docID": "N158 Kang 2015",
    "et": "ObservationOfAnimalBehaviour",
    "off": 13637,
    "sff": "observation"
  },
  {
    "docID": "N158 Kang 2015",
    "et": "ObservationOfAnimalBehaviour",
    "off": 22011,
    "sff": "Animal"
  },
  {
    "docID": "N158 Kang 2015",
    "et": "ObservationOfAnimalBehaviour",
    "off": 3326,
    "sff": "Animal"
  },
  {
    "docID": "N158 Kang 2015",
    "et": "ObservationOfAnimalBehaviour",
    "off": 13022,
    "sff": "observation"
  },
  {
    "docID": "N158 Kang 2015",
    "et": "BladderWeight",
    "off": 12137,
    "sff": "bladder"
  },
  {
    "docID": "N158 Kang 2015",
    "et": "MotorTest",
    "off": 27296,
    "sff": "motor"
  },
  {
    "docID": "N158 Kang 2015",
    "et": "MotorTest",
    "off": 29867,
    "sff": "motor"
  },
  {
    "docID": "N158 Kang 2015",
    "et": "SpinalDorsalHalf",
    "off": 12939,
    "sff": "spinal"
  },
  {
    "docID": "N158 Kang 2015",
    "et": "SpinalDorsalHalf",
    "off": 11400,
    "sff": "dorsal"
  },
  {
    "docID": "N158 Kang 2015",
    "et": "SpinalDorsalHalf",
    "off": 11632,
    "sff": "spinal"
  },
  {
    "docID": "N158 Kang 2015",
    "et": "SpinalDorsalHalf",
    "off": 462,
    "sff": "spinal"
  },
  {
    "docID": "N158 Kang 2015",
    "et": "SpinalDorsalHalf",
    "off": 100,
    "sff": "spinal"
  },
  {
    "docID": "N158 Kang 2015",
    "et": "SpinalDorsalHalf",
    "off": 1444,
    "sff": "spinal"
  },
  {
    "docID": "N158 Kang 2015",
    "et": "SpinalDorsalHalf",
    "off": 11844,
    "sff": "spinal"
  },
  {
    "docID": "N158 Kang 2015",
    "et": "SpinalDorsalHalf",
    "off": 1986,
    "sff": "spinal"
  },
  {
    "docID": "N158 Kang 2015",
    "et": "SpinalDorsalHalf",
    "off": 11491,
    "sff": "spinal"
  },
  {
    "docID": "N158 Kang 2015",
    "et": "SpinalDorsalHalf",
    "off": 13064,
    "sff": "spinal"
  },
  {
    "docID": "N158 Kang 2015",
    "et": "SpinalDorsalHalf",
    "off": 12807,
    "sff": "spinal"
  },
  {
    "docID": "N158 Kang 2015",
    "et": "SpinalDorsalHalf",
    "off": 20733,
    "sff": "spinal"
  },
  {
    "docID": "N158 Kang 2015",
    "et": "SpinalDorsalHalf",
    "off": 25916,
    "sff": "spinal"
  },
  {
    "docID": "N158 Kang 2015",
    "et": "SpinalDorsalHalf",
    "off": 539,
    "sff": "spinal"
  },
  {
    "docID": "N158 Kang 2015",
    "et": "SpinalDorsalHalf",
    "off": 11578,
    "sff": "spinal"
  },
  {
    "docID": "N158 Kang 2015",
    "et": "SpinalDorsalHalf",
    "off": 21914,
    "sff": "spinal"
  },
  {
    "docID": "N158 Kang 2015",
    "et": "SpinalDorsalHalf",
    "off": 640,
    "sff": "spinal"
  },
  {
    "docID": "N158 Kang 2015",
    "et": "SpinalDorsalHalf",
    "off": 13696,
    "sff": "spinal"
  },
  {
    "docID": "N158 Kang 2015",
    "et": "SpinalDorsalHalf",
    "off": 24469,
    "sff": "spinal"
  },
  {
    "docID": "N158 Kang 2015",
    "et": "SpinalDorsalHalf",
    "off": 21875,
    "sff": "spinal"
  },
  {
    "docID": "N158 Kang 2015",
    "et": "SignalPresence",
    "off": 1771,
    "sff": "signal"
  },
  {
    "docID": "N158 Kang 2015",
    "et": "SignalPresence",
    "off": 28241,
    "sff": "signal"
  },
  {
    "docID": "N158 Kang 2015",
    "et": "SignalPresence",
    "off": 1658,
    "sff": "signal"
  },
  {
    "docID": "N158 Kang 2015",
    "et": "LimbMuscleStrengthTest",
    "off": 364,
    "sff": "muscle"
  },
  {
    "docID": "N158 Kang 2015",
    "et": "LimbMuscleStrengthTest",
    "off": 28382,
    "sff": "limb"
  },
  {
    "docID": "N158 Kang 2015",
    "et": "LimbMuscleStrengthTest",
    "off": 18,
    "sff": "muscle"
  },
  {
    "docID": "N158 Kang 2015",
    "et": "LimbMuscleStrengthTest",
    "off": 1163,
    "sff": "limb"
  },
  {
    "docID": "N158 Kang 2015",
    "et": "LimbMuscleStrengthTest",
    "off": 27291,
    "sff": "limb"
  },
  {
    "docID": "N158 Kang 2015",
    "et": "LimbMuscleStrengthTest",
    "off": 7706,
    "sff": "Muscle"
  },
  {
    "docID": "N158 Kang 2015",
    "et": "LimbMuscleStrengthTest",
    "off": 2296,
    "sff": "Muscle"
  },
  {
    "docID": "N158 Kang 2015",
    "et": "LimbMuscleStrengthTest",
    "off": 17309,
    "sff": "muscle"
  },
  {
    "docID": "N158 Kang 2015",
    "et": "LimbMuscleStrengthTest",
    "off": 22910,
    "sff": "muscle"
  },
  {
    "docID": "N158 Kang 2015",
    "et": "LimbMuscleStrengthTest",
    "off": 8110,
    "sff": "muscle"
  },
  {
    "docID": "N158 Kang 2015",
    "et": "LimbMuscleStrengthTest",
    "off": 1552,
    "sff": "muscle"
  },
  {
    "docID": "N158 Kang 2015",
    "et": "SpinalCordEvokedPotentialsTest",
    "off": 12807,
    "sff": "spinal"
  },
  {
    "docID": "N158 Kang 2015",
    "et": "SpinalCordEvokedPotentialsTest",
    "off": 640,
    "sff": "spinal cord"
  },
  {
    "docID": "N158 Kang 2015",
    "et": "SpinalCordEvokedPotentialsTest",
    "off": 13064,
    "sff": "spinal"
  },
  {
    "docID": "N158 Kang 2015",
    "et": "SpinalCordEvokedPotentialsTest",
    "off": 13696,
    "sff": "spinal cord"
  },
  {
    "docID": "N158 Kang 2015",
    "et": "SpinalCordEvokedPotentialsTest",
    "off": 20733,
    "sff": "spinal cord"
  },
  {
    "docID": "N158 Kang 2015",
    "et": "SpinalCordEvokedPotentialsTest",
    "off": 11491,
    "sff": "spinal"
  },
  {
    "docID": "N158 Kang 2015",
    "et": "SpinalCordEvokedPotentialsTest",
    "off": 100,
    "sff": "spinal cord"
  },
  {
    "docID": "N158 Kang 2015",
    "et": "SpinalCordEvokedPotentialsTest",
    "off": 1444,
    "sff": "spinal cord"
  },
  {
    "docID": "N158 Kang 2015",
    "et": "SpinalCordEvokedPotentialsTest",
    "off": 11844,
    "sff": "spinal cord"
  },
  {
    "docID": "N158 Kang 2015",
    "et": "SpinalCordEvokedPotentialsTest",
    "off": 1986,
    "sff": "spinal cord"
  },
  {
    "docID": "N158 Kang 2015",
    "et": "SpinalCordEvokedPotentialsTest",
    "off": 24469,
    "sff": "spinal cord"
  },
  {
    "docID": "N158 Kang 2015",
    "et": "SpinalCordEvokedPotentialsTest",
    "off": 539,
    "sff": "spinal cord"
  },
  {
    "docID": "N158 Kang 2015",
    "et": "SpinalCordEvokedPotentialsTest",
    "off": 25916,
    "sff": "spinal cord"
  },
  {
    "docID": "N158 Kang 2015",
    "et": "SpinalCordEvokedPotentialsTest",
    "off": 11578,
    "sff": "spinal cord"
  },
  {
    "docID": "N158 Kang 2015",
    "et": "SpinalCordEvokedPotentialsTest",
    "off": 21914,
    "sff": "spinal cord"
  },
  {
    "docID": "N158 Kang 2015",
    "et": "SpinalCordEvokedPotentialsTest",
    "off": 11632,
    "sff": "spinal cord"
  },
  {
    "docID": "N158 Kang 2015",
    "et": "SpinalCordEvokedPotentialsTest",
    "off": 462,
    "sff": "spinal cord"
  },
  {
    "docID": "N158 Kang 2015",
    "et": "SpinalCordEvokedPotentialsTest",
    "off": 21875,
    "sff": "spinal cord"
  },
  {
    "docID": "N158 Kang 2015",
    "et": "SpinalCordEvokedPotentialsTest",
    "off": 12939,
    "sff": "spinal"
  }
]
