[
  {
    "docID": "N161 Lang 2013",
    "et": "BrainNucleus",
    "off": 902,
    "sff": "Brain"
  },
  {
    "docID": "N161 Lang 2013",
    "et": "BrainNucleus",
    "off": 2688,
    "sff": "brain"
  },
  {
    "docID": "N161 Lang 2013",
    "et": "MechanicalAllodyniaTest",
    "off": 20858,
    "sff": "mechanical"
  },
  {
    "docID": "N161 Lang 2013",
    "et": "MechanicalAllodyniaTest",
    "off": 20941,
    "sff": "mechanical"
  },
  {
    "docID": "N161 Lang 2013",
    "et": "MechanicalAllodyniaTest",
    "off": 11974,
    "sff": "mechanical"
  },
  {
    "docID": "N161 Lang 2013",
    "et": "MechanicalAllodyniaTest",
    "off": 2921,
    "sff": "mechanical"
  },
  {
    "docID": "N161 Lang 2013",
    "et": "MechanicalAllodyniaTest",
    "off": 7467,
    "sff": "Mechanical"
  },
  {
    "docID": "N161 Lang 2013",
    "et": "MechanicalAllodyniaTest",
    "off": 800,
    "sff": "mechanical"
  },
  {
    "docID": "N161 Lang 2013",
    "et": "WalkingAnalysisParameter",
    "off": 7435,
    "sff": "analysis"
  },
  {
    "docID": "N161 Lang 2013",
    "et": "WalkingAnalysisParameter",
    "off": 4700,
    "sff": "analysis"
  },
  {
    "docID": "N161 Lang 2013",
    "et": "WalkingAnalysisParameter",
    "off": 8855,
    "sff": "analysis"
  },
  {
    "docID": "N161 Lang 2013",
    "et": "WalkingAnalysisParameter",
    "off": 5301,
    "sff": "analysis"
  },
  {
    "docID": "N161 Lang 2013",
    "et": "WalkingAnalysisParameter",
    "off": 26406,
    "sff": "analysis"
  },
  {
    "docID": "N161 Lang 2013",
    "et": "WalkingAnalysisParameter",
    "off": 7839,
    "sff": "analysis"
  },
  {
    "docID": "N161 Lang 2013",
    "et": "WalkingAnalysisParameter",
    "off": 26384,
    "sff": "analysis"
  },
  {
    "docID": "N161 Lang 2013",
    "et": "WalkingAnalysisParameter",
    "off": 25215,
    "sff": "analysis"
  },
  {
    "docID": "N161 Lang 2013",
    "et": "MolecularChangesTest",
    "off": 14750,
    "sff": "molecular changes"
  },
  {
    "docID": "N161 Lang 2013",
    "et": "SurfaceRightingReflexTest",
    "off": 3377,
    "sff": "surface"
  },
  {
    "docID": "N161 Lang 2013",
    "et": "SurfaceRightingReflexTest",
    "off": 6492,
    "sff": "surface"
  },
  {
    "docID": "N161 Lang 2013",
    "et": "SurfaceRightingReflexTest",
    "off": 839,
    "sff": "surface"
  },
  {
    "docID": "N161 Lang 2013",
    "et": "SurfaceRightingReflexTest",
    "off": 21738,
    "sff": "surface"
  },
  {
    "docID": "N161 Lang 2013",
    "et": "SpinalSubduralArea",
    "off": 4370,
    "sff": "spinal"
  },
  {
    "docID": "N161 Lang 2013",
    "et": "SpinalSubduralArea",
    "off": 22739,
    "sff": "spinal"
  },
  {
    "docID": "N161 Lang 2013",
    "et": "SpinalSubduralArea",
    "off": 8215,
    "sff": "spinal"
  },
  {
    "docID": "N161 Lang 2013",
    "et": "SpinalSubduralArea",
    "off": 11671,
    "sff": "spinal"
  },
  {
    "docID": "N161 Lang 2013",
    "et": "SpinalSubduralArea",
    "off": 13845,
    "sff": "spinal"
  },
  {
    "docID": "N161 Lang 2013",
    "et": "SpinalSubduralArea",
    "off": 22548,
    "sff": "spinal"
  },
  {
    "docID": "N161 Lang 2013",
    "et": "SpinalSubduralArea",
    "off": 22932,
    "sff": "spinal"
  },
  {
    "docID": "N161 Lang 2013",
    "et": "SpinalSubduralArea",
    "off": 19274,
    "sff": "spinal"
  },
  {
    "docID": "N161 Lang 2013",
    "et": "SpinalSubduralArea",
    "off": 7947,
    "sff": "spinal"
  },
  {
    "docID": "N161 Lang 2013",
    "et": "SpinalSubduralArea",
    "off": 19598,
    "sff": "spinal"
  },
  {
    "docID": "N161 Lang 2013",
    "et": "SpinalSubduralArea",
    "off": 12493,
    "sff": "spinal"
  },
  {
    "docID": "N161 Lang 2013",
    "et": "SpinalSubduralArea",
    "off": 15842,
    "sff": "spinal"
  },
  {
    "docID": "N161 Lang 2013",
    "et": "SpinalSubduralArea",
    "off": 2596,
    "sff": "spinal"
  },
  {
    "docID": "N161 Lang 2013",
    "et": "SpinalSubduralArea",
    "off": 22756,
    "sff": "spinal"
  },
  {
    "docID": "N161 Lang 2013",
    "et": "SpinalSubduralArea",
    "off": 9241,
    "sff": "spinal"
  },
  {
    "docID": "N161 Lang 2013",
    "et": "SpinalSubduralArea",
    "off": 734,
    "sff": "spinal"
  },
  {
    "docID": "N161 Lang 2013",
    "et": "SpinalSubduralArea",
    "off": 1566,
    "sff": "spinal"
  },
  {
    "docID": "N161 Lang 2013",
    "et": "SpinalSubduralArea",
    "off": 22115,
    "sff": "Spinal"
  },
  {
    "docID": "N161 Lang 2013",
    "et": "SpinalSubduralArea",
    "off": 433,
    "sff": "spinal"
  },
  {
    "docID": "N161 Lang 2013",
    "et": "SpinalSubduralArea",
    "off": 13745,
    "sff": "spinal"
  },
  {
    "docID": "N161 Lang 2013",
    "et": "SpinalSubduralArea",
    "off": 9770,
    "sff": "spinal"
  },
  {
    "docID": "N161 Lang 2013",
    "et": "SpinalSubduralArea",
    "off": 22249,
    "sff": "spinal"
  },
  {
    "docID": "N161 Lang 2013",
    "et": "SpinalSubduralArea",
    "off": 10670,
    "sff": "spinal"
  },
  {
    "docID": "N161 Lang 2013",
    "et": "SpinalSubduralArea",
    "off": 12142,
    "sff": "spinal"
  },
  {
    "docID": "N161 Lang 2013",
    "et": "SpinalSubduralArea",
    "off": 2991,
    "sff": "spinal"
  },
  {
    "docID": "N161 Lang 2013",
    "et": "SpinalSubduralArea",
    "off": 8109,
    "sff": "spinal"
  },
  {
    "docID": "N161 Lang 2013",
    "et": "SpinalSubduralArea",
    "off": 10883,
    "sff": "spinal"
  },
  {
    "docID": "N161 Lang 2013",
    "et": "SpinalSubduralArea",
    "off": 4545,
    "sff": "spinal"
  },
  {
    "docID": "N161 Lang 2013",
    "et": "SpinalSubduralArea",
    "off": 22086,
    "sff": "spinal"
  },
  {
    "docID": "N161 Lang 2013",
    "et": "SpinalSubduralArea",
    "off": 19716,
    "sff": "spinal"
  },
  {
    "docID": "N161 Lang 2013",
    "et": "SpinalSubduralArea",
    "off": 23813,
    "sff": "spinal"
  },
  {
    "docID": "N161 Lang 2013",
    "et": "SpinalSubduralArea",
    "off": 10309,
    "sff": "spinal"
  },
  {
    "docID": "N161 Lang 2013",
    "et": "SpinalSubduralArea",
    "off": 1786,
    "sff": "spinal"
  },
  {
    "docID": "N161 Lang 2013",
    "et": "SpinalSubduralArea",
    "off": 20411,
    "sff": "spinal"
  },
  {
    "docID": "N161 Lang 2013",
    "et": "SpinalSubduralArea",
    "off": 5241,
    "sff": "spinal"
  },
  {
    "docID": "N161 Lang 2013",
    "et": "SpinalSubduralArea",
    "off": 1406,
    "sff": "spinal"
  },
  {
    "docID": "N161 Lang 2013",
    "et": "SpinalSubduralArea",
    "off": 22334,
    "sff": "spinal"
  },
  {
    "docID": "N161 Lang 2013",
    "et": "StainingArea",
    "off": 9737,
    "sff": "staining"
  },
  {
    "docID": "N161 Lang 2013",
    "et": "StainingArea",
    "off": 23592,
    "sff": "staining"
  },
  {
    "docID": "N161 Lang 2013",
    "et": "StainingArea",
    "off": 8491,
    "sff": "staining"
  },
  {
    "docID": "N161 Lang 2013",
    "et": "StainingArea",
    "off": 13162,
    "sff": "staining"
  },
  {
    "docID": "N161 Lang 2013",
    "et": "StainingArea",
    "off": 4861,
    "sff": "staining"
  },
  {
    "docID": "N161 Lang 2013",
    "et": "StainingArea",
    "off": 6781,
    "sff": "staining"
  },
  {
    "docID": "N161 Lang 2013",
    "et": "StainingArea",
    "off": 15036,
    "sff": "staining"
  },
  {
    "docID": "N161 Lang 2013",
    "et": "StainingArea",
    "off": 9535,
    "sff": "staining"
  },
  {
    "docID": "N161 Lang 2013",
    "et": "StainingArea",
    "off": 18689,
    "sff": "staining"
  },
  {
    "docID": "N161 Lang 2013",
    "et": "StainingArea",
    "off": 18371,
    "sff": "staining"
  },
  {
    "docID": "N161 Lang 2013",
    "et": "StainingArea",
    "off": 3351,
    "sff": "staining"
  },
  {
    "docID": "N161 Lang 2013",
    "et": "StainingArea",
    "off": 982,
    "sff": "staining"
  },
  {
    "docID": "N161 Lang 2013",
    "et": "StainingArea",
    "off": 18649,
    "sff": "staining"
  },
  {
    "docID": "N161 Lang 2013",
    "et": "StainingArea",
    "off": 6426,
    "sff": "staining"
  },
  {
    "docID": "N161 Lang 2013",
    "et": "StainingArea",
    "off": 23023,
    "sff": "staining"
  },
  {
    "docID": "N161 Lang 2013",
    "et": "StainingArea",
    "off": 9425,
    "sff": "staining"
  },
  {
    "docID": "N161 Lang 2013",
    "et": "StainingArea",
    "off": 3408,
    "sff": "staining"
  },
  {
    "docID": "N161 Lang 2013",
    "et": "CentralCanal",
    "off": 13901,
    "sff": "central"
  },
  {
    "docID": "N161 Lang 2013",
    "et": "SpinalFiberTract",
    "off": 20411,
    "sff": "spinal"
  },
  {
    "docID": "N161 Lang 2013",
    "et": "SpinalFiberTract",
    "off": 1406,
    "sff": "spinal"
  },
  {
    "docID": "N161 Lang 2013",
    "et": "SpinalFiberTract",
    "off": 22334,
    "sff": "spinal"
  },
  {
    "docID": "N161 Lang 2013",
    "et": "SpinalFiberTract",
    "off": 1786,
    "sff": "spinal"
  },
  {
    "docID": "N161 Lang 2013",
    "et": "SpinalFiberTract",
    "off": 5241,
    "sff": "spinal"
  },
  {
    "docID": "N161 Lang 2013",
    "et": "SpinalFiberTract",
    "off": 19716,
    "sff": "spinal"
  },
  {
    "docID": "N161 Lang 2013",
    "et": "SpinalFiberTract",
    "off": 10883,
    "sff": "spinal"
  },
  {
    "docID": "N161 Lang 2013",
    "et": "SpinalFiberTract",
    "off": 22086,
    "sff": "spinal"
  },
  {
    "docID": "N161 Lang 2013",
    "et": "SpinalFiberTract",
    "off": 10309,
    "sff": "spinal"
  },
  {
    "docID": "N161 Lang 2013",
    "et": "SpinalFiberTract",
    "off": 23813,
    "sff": "spinal"
  },
  {
    "docID": "N161 Lang 2013",
    "et": "SpinalFiberTract",
    "off": 4545,
    "sff": "spinal"
  },
  {
    "docID": "N161 Lang 2013",
    "et": "SpinalFiberTract",
    "off": 7947,
    "sff": "spinal"
  },
  {
    "docID": "N161 Lang 2013",
    "et": "SpinalFiberTract",
    "off": 19598,
    "sff": "spinal"
  },
  {
    "docID": "N161 Lang 2013",
    "et": "SpinalFiberTract",
    "off": 12493,
    "sff": "spinal"
  },
  {
    "docID": "N161 Lang 2013",
    "et": "SpinalFiberTract",
    "off": 22115,
    "sff": "Spinal"
  },
  {
    "docID": "N161 Lang 2013",
    "et": "SpinalFiberTract",
    "off": 19274,
    "sff": "spinal"
  },
  {
    "docID": "N161 Lang 2013",
    "et": "SpinalFiberTract",
    "off": 22548,
    "sff": "spinal"
  },
  {
    "docID": "N161 Lang 2013",
    "et": "SpinalFiberTract",
    "off": 22932,
    "sff": "spinal"
  },
  {
    "docID": "N161 Lang 2013",
    "et": "SpinalFiberTract",
    "off": 22739,
    "sff": "spinal"
  },
  {
    "docID": "N161 Lang 2013",
    "et": "SpinalFiberTract",
    "off": 13845,
    "sff": "spinal"
  },
  {
    "docID": "N161 Lang 2013",
    "et": "SpinalFiberTract",
    "off": 4370,
    "sff": "spinal"
  },
  {
    "docID": "N161 Lang 2013",
    "et": "SpinalFiberTract",
    "off": 734,
    "sff": "spinal"
  },
  {
    "docID": "N161 Lang 2013",
    "et": "SpinalFiberTract",
    "off": 1566,
    "sff": "spinal"
  },
  {
    "docID": "N161 Lang 2013",
    "et": "SpinalFiberTract",
    "off": 8215,
    "sff": "spinal"
  },
  {
    "docID": "N161 Lang 2013",
    "et": "SpinalFiberTract",
    "off": 11671,
    "sff": "spinal"
  },
  {
    "docID": "N161 Lang 2013",
    "et": "SpinalFiberTract",
    "off": 9241,
    "sff": "spinal"
  },
  {
    "docID": "N161 Lang 2013",
    "et": "SpinalFiberTract",
    "off": 2596,
    "sff": "spinal"
  },
  {
    "docID": "N161 Lang 2013",
    "et": "SpinalFiberTract",
    "off": 22756,
    "sff": "spinal"
  },
  {
    "docID": "N161 Lang 2013",
    "et": "SpinalFiberTract",
    "off": 15842,
    "sff": "spinal"
  },
  {
    "docID": "N161 Lang 2013",
    "et": "SpinalFiberTract",
    "off": 10670,
    "sff": "spinal"
  },
  {
    "docID": "N161 Lang 2013",
    "et": "SpinalFiberTract",
    "off": 12142,
    "sff": "spinal"
  },
  {
    "docID": "N161 Lang 2013",
    "et": "SpinalFiberTract",
    "off": 8109,
    "sff": "spinal"
  },
  {
    "docID": "N161 Lang 2013",
    "et": "SpinalFiberTract",
    "off": 9770,
    "sff": "spinal"
  },
  {
    "docID": "N161 Lang 2013",
    "et": "SpinalFiberTract",
    "off": 22249,
    "sff": "spinal"
  },
  {
    "docID": "N161 Lang 2013",
    "et": "SpinalFiberTract",
    "off": 2991,
    "sff": "spinal"
  },
  {
    "docID": "N161 Lang 2013",
    "et": "SpinalFiberTract",
    "off": 433,
    "sff": "spinal"
  },
  {
    "docID": "N161 Lang 2013",
    "et": "SpinalFiberTract",
    "off": 13745,
    "sff": "spinal"
  },
  {
    "docID": "N161 Lang 2013",
    "et": "PainTest",
    "off": 1387,
    "sff": "pain"
  },
  {
    "docID": "N161 Lang 2013",
    "et": "PainTest",
    "off": 45,
    "sff": "pain"
  },
  {
    "docID": "N161 Lang 2013",
    "et": "PainTest",
    "off": 1519,
    "sff": "pain"
  },
  {
    "docID": "N161 Lang 2013",
    "et": "PainTest",
    "off": 13055,
    "sff": "pain"
  },
  {
    "docID": "N161 Lang 2013",
    "et": "PainTest",
    "off": 13875,
    "sff": "pain"
  },
  {
    "docID": "N161 Lang 2013",
    "et": "SpinalVentralHalf",
    "off": 8109,
    "sff": "spinal"
  },
  {
    "docID": "N161 Lang 2013",
    "et": "SpinalVentralHalf",
    "off": 2991,
    "sff": "spinal"
  },
  {
    "docID": "N161 Lang 2013",
    "et": "SpinalVentralHalf",
    "off": 10670,
    "sff": "spinal"
  },
  {
    "docID": "N161 Lang 2013",
    "et": "SpinalVentralHalf",
    "off": 12142,
    "sff": "spinal"
  },
  {
    "docID": "N161 Lang 2013",
    "et": "SpinalVentralHalf",
    "off": 9770,
    "sff": "spinal"
  },
  {
    "docID": "N161 Lang 2013",
    "et": "SpinalVentralHalf",
    "off": 22249,
    "sff": "spinal"
  },
  {
    "docID": "N161 Lang 2013",
    "et": "SpinalVentralHalf",
    "off": 2596,
    "sff": "spinal"
  },
  {
    "docID": "N161 Lang 2013",
    "et": "SpinalVentralHalf",
    "off": 22756,
    "sff": "spinal"
  },
  {
    "docID": "N161 Lang 2013",
    "et": "SpinalVentralHalf",
    "off": 22115,
    "sff": "Spinal"
  },
  {
    "docID": "N161 Lang 2013",
    "et": "SpinalVentralHalf",
    "off": 15842,
    "sff": "spinal"
  },
  {
    "docID": "N161 Lang 2013",
    "et": "SpinalVentralHalf",
    "off": 734,
    "sff": "spinal"
  },
  {
    "docID": "N161 Lang 2013",
    "et": "SpinalVentralHalf",
    "off": 1566,
    "sff": "spinal"
  },
  {
    "docID": "N161 Lang 2013",
    "et": "SpinalVentralHalf",
    "off": 9241,
    "sff": "spinal"
  },
  {
    "docID": "N161 Lang 2013",
    "et": "SpinalVentralHalf",
    "off": 13845,
    "sff": "spinal"
  },
  {
    "docID": "N161 Lang 2013",
    "et": "SpinalVentralHalf",
    "off": 8215,
    "sff": "spinal"
  },
  {
    "docID": "N161 Lang 2013",
    "et": "SpinalVentralHalf",
    "off": 11671,
    "sff": "spinal"
  },
  {
    "docID": "N161 Lang 2013",
    "et": "SpinalVentralHalf",
    "off": 22548,
    "sff": "spinal"
  },
  {
    "docID": "N161 Lang 2013",
    "et": "SpinalVentralHalf",
    "off": 22932,
    "sff": "spinal"
  },
  {
    "docID": "N161 Lang 2013",
    "et": "SpinalVentralHalf",
    "off": 22739,
    "sff": "spinal"
  },
  {
    "docID": "N161 Lang 2013",
    "et": "SpinalVentralHalf",
    "off": 4370,
    "sff": "spinal"
  },
  {
    "docID": "N161 Lang 2013",
    "et": "SpinalVentralHalf",
    "off": 12493,
    "sff": "spinal"
  },
  {
    "docID": "N161 Lang 2013",
    "et": "SpinalVentralHalf",
    "off": 19598,
    "sff": "spinal"
  },
  {
    "docID": "N161 Lang 2013",
    "et": "SpinalVentralHalf",
    "off": 19274,
    "sff": "spinal"
  },
  {
    "docID": "N161 Lang 2013",
    "et": "SpinalVentralHalf",
    "off": 7947,
    "sff": "spinal"
  },
  {
    "docID": "N161 Lang 2013",
    "et": "SpinalVentralHalf",
    "off": 10309,
    "sff": "spinal"
  },
  {
    "docID": "N161 Lang 2013",
    "et": "SpinalVentralHalf",
    "off": 22086,
    "sff": "spinal"
  },
  {
    "docID": "N161 Lang 2013",
    "et": "SpinalVentralHalf",
    "off": 19716,
    "sff": "spinal"
  },
  {
    "docID": "N161 Lang 2013",
    "et": "SpinalVentralHalf",
    "off": 23813,
    "sff": "spinal"
  },
  {
    "docID": "N161 Lang 2013",
    "et": "SpinalVentralHalf",
    "off": 4545,
    "sff": "spinal"
  },
  {
    "docID": "N161 Lang 2013",
    "et": "SpinalVentralHalf",
    "off": 10883,
    "sff": "spinal"
  },
  {
    "docID": "N161 Lang 2013",
    "et": "SpinalVentralHalf",
    "off": 22334,
    "sff": "spinal"
  },
  {
    "docID": "N161 Lang 2013",
    "et": "SpinalVentralHalf",
    "off": 1406,
    "sff": "spinal"
  },
  {
    "docID": "N161 Lang 2013",
    "et": "SpinalVentralHalf",
    "off": 5241,
    "sff": "spinal"
  },
  {
    "docID": "N161 Lang 2013",
    "et": "SpinalVentralHalf",
    "off": 20411,
    "sff": "spinal"
  },
  {
    "docID": "N161 Lang 2013",
    "et": "SpinalVentralHalf",
    "off": 1786,
    "sff": "spinal"
  },
  {
    "docID": "N161 Lang 2013",
    "et": "SpinalVentralHalf",
    "off": 433,
    "sff": "spinal"
  },
  {
    "docID": "N161 Lang 2013",
    "et": "SpinalVentralHalf",
    "off": 13745,
    "sff": "spinal"
  },
  {
    "docID": "N161 Lang 2013",
    "et": "TissueSparingTest",
    "off": 16988,
    "sff": "tissue"
  },
  {
    "docID": "N161 Lang 2013",
    "et": "TissueSparingTest",
    "off": 16843,
    "sff": "tissue"
  },
  {
    "docID": "N161 Lang 2013",
    "et": "TissueSparingTest",
    "off": 21925,
    "sff": "tissue"
  },
  {
    "docID": "N161 Lang 2013",
    "et": "DorsalColumn",
    "off": 9213,
    "sff": "dorsal"
  },
  {
    "docID": "N161 Lang 2013",
    "et": "DorsalColumn",
    "off": 12628,
    "sff": "dorsal"
  },
  {
    "docID": "N161 Lang 2013",
    "et": "DorsalColumn",
    "off": 1073,
    "sff": "dorsal"
  },
  {
    "docID": "N161 Lang 2013",
    "et": "DorsalColumn",
    "off": 13339,
    "sff": "dorsal"
  },
  {
    "docID": "N161 Lang 2013",
    "et": "DorsalColumn",
    "off": 14091,
    "sff": "dorsal"
  },
  {
    "docID": "N161 Lang 2013",
    "et": "DorsalColumn",
    "off": 13530,
    "sff": "dorsal"
  },
  {
    "docID": "N161 Lang 2013",
    "et": "DorsalColumn",
    "off": 4617,
    "sff": "dorsal"
  },
  {
    "docID": "N161 Lang 2013",
    "et": "SpinalFiber",
    "off": 12493,
    "sff": "spinal"
  },
  {
    "docID": "N161 Lang 2013",
    "et": "SpinalFiber",
    "off": 19598,
    "sff": "spinal"
  },
  {
    "docID": "N161 Lang 2013",
    "et": "SpinalFiber",
    "off": 7947,
    "sff": "spinal"
  },
  {
    "docID": "N161 Lang 2013",
    "et": "SpinalFiber",
    "off": 19274,
    "sff": "spinal"
  },
  {
    "docID": "N161 Lang 2013",
    "et": "SpinalFiber",
    "off": 10309,
    "sff": "spinal"
  },
  {
    "docID": "N161 Lang 2013",
    "et": "SpinalFiber",
    "off": 23813,
    "sff": "spinal"
  },
  {
    "docID": "N161 Lang 2013",
    "et": "SpinalFiber",
    "off": 22086,
    "sff": "spinal"
  },
  {
    "docID": "N161 Lang 2013",
    "et": "SpinalFiber",
    "off": 4545,
    "sff": "spinal"
  },
  {
    "docID": "N161 Lang 2013",
    "et": "SpinalFiber",
    "off": 19716,
    "sff": "spinal"
  },
  {
    "docID": "N161 Lang 2013",
    "et": "SpinalFiber",
    "off": 10883,
    "sff": "spinal"
  },
  {
    "docID": "N161 Lang 2013",
    "et": "SpinalFiber",
    "off": 734,
    "sff": "spinal"
  },
  {
    "docID": "N161 Lang 2013",
    "et": "SpinalFiber",
    "off": 1566,
    "sff": "spinal"
  },
  {
    "docID": "N161 Lang 2013",
    "et": "SpinalFiber",
    "off": 9241,
    "sff": "spinal"
  },
  {
    "docID": "N161 Lang 2013",
    "et": "SpinalFiber",
    "off": 11671,
    "sff": "spinal"
  },
  {
    "docID": "N161 Lang 2013",
    "et": "SpinalFiber",
    "off": 13845,
    "sff": "spinal"
  },
  {
    "docID": "N161 Lang 2013",
    "et": "SpinalFiber",
    "off": 8215,
    "sff": "spinal"
  },
  {
    "docID": "N161 Lang 2013",
    "et": "SpinalFiber",
    "off": 4370,
    "sff": "spinal"
  },
  {
    "docID": "N161 Lang 2013",
    "et": "SpinalFiber",
    "off": 22739,
    "sff": "spinal"
  },
  {
    "docID": "N161 Lang 2013",
    "et": "SpinalFiber",
    "off": 22548,
    "sff": "spinal"
  },
  {
    "docID": "N161 Lang 2013",
    "et": "SpinalFiber",
    "off": 22932,
    "sff": "spinal"
  },
  {
    "docID": "N161 Lang 2013",
    "et": "SpinalFiber",
    "off": 10670,
    "sff": "spinal"
  },
  {
    "docID": "N161 Lang 2013",
    "et": "SpinalFiber",
    "off": 8109,
    "sff": "spinal"
  },
  {
    "docID": "N161 Lang 2013",
    "et": "SpinalFiber",
    "off": 2991,
    "sff": "spinal"
  },
  {
    "docID": "N161 Lang 2013",
    "et": "SpinalFiber",
    "off": 12142,
    "sff": "spinal"
  },
  {
    "docID": "N161 Lang 2013",
    "et": "SpinalFiber",
    "off": 9770,
    "sff": "spinal"
  },
  {
    "docID": "N161 Lang 2013",
    "et": "SpinalFiber",
    "off": 22249,
    "sff": "spinal"
  },
  {
    "docID": "N161 Lang 2013",
    "et": "SpinalFiber",
    "off": 22115,
    "sff": "Spinal"
  },
  {
    "docID": "N161 Lang 2013",
    "et": "SpinalFiber",
    "off": 22756,
    "sff": "spinal"
  },
  {
    "docID": "N161 Lang 2013",
    "et": "SpinalFiber",
    "off": 2596,
    "sff": "spinal"
  },
  {
    "docID": "N161 Lang 2013",
    "et": "SpinalFiber",
    "off": 15842,
    "sff": "spinal"
  },
  {
    "docID": "N161 Lang 2013",
    "et": "SpinalFiber",
    "off": 1406,
    "sff": "spinal"
  },
  {
    "docID": "N161 Lang 2013",
    "et": "SpinalFiber",
    "off": 22334,
    "sff": "spinal"
  },
  {
    "docID": "N161 Lang 2013",
    "et": "SpinalFiber",
    "off": 1786,
    "sff": "spinal"
  },
  {
    "docID": "N161 Lang 2013",
    "et": "SpinalFiber",
    "off": 20411,
    "sff": "spinal"
  },
  {
    "docID": "N161 Lang 2013",
    "et": "SpinalFiber",
    "off": 5241,
    "sff": "spinal"
  },
  {
    "docID": "N161 Lang 2013",
    "et": "SpinalFiber",
    "off": 433,
    "sff": "spinal"
  },
  {
    "docID": "N161 Lang 2013",
    "et": "SpinalFiber",
    "off": 13745,
    "sff": "spinal"
  },
  {
    "docID": "N161 Lang 2013",
    "et": "MotorReflexTest",
    "off": 11944,
    "sff": "motor"
  },
  {
    "docID": "N161 Lang 2013",
    "et": "MotorReflexTest",
    "off": 2766,
    "sff": "motor"
  },
  {
    "docID": "N161 Lang 2013",
    "et": "MotorReflexTest",
    "off": 385,
    "sff": "motor"
  },
  {
    "docID": "N161 Lang 2013",
    "et": "SurvivalObservation",
    "off": 22224,
    "sff": "survival"
  },
  {
    "docID": "N161 Lang 2013",
    "et": "SurvivalObservation",
    "off": 7871,
    "sff": "Survival"
  },
  {
    "docID": "N161 Lang 2013",
    "et": "SurvivalObservation",
    "off": 7925,
    "sff": "survival"
  },
  {
    "docID": "N161 Lang 2013",
    "et": "SurvivalObservation",
    "off": 12921,
    "sff": "survival"
  },
  {
    "docID": "N161 Lang 2013",
    "et": "SurvivalObservation",
    "off": 4184,
    "sff": "Survival"
  },
  {
    "docID": "N161 Lang 2013",
    "et": "SurvivalObservation",
    "off": 22715,
    "sff": "survival"
  },
  {
    "docID": "N161 Lang 2013",
    "et": "Left",
    "off": 3939,
    "sff": "left"
  },
  {
    "docID": "N161 Lang 2013",
    "et": "Left",
    "off": 7142,
    "sff": "left"
  },
  {
    "docID": "N161 Lang 2013",
    "et": "Left",
    "off": 7366,
    "sff": "left"
  },
  {
    "docID": "N161 Lang 2013",
    "et": "Left",
    "off": 3712,
    "sff": "left"
  },
  {
    "docID": "N161 Lang 2013",
    "et": "Left",
    "off": 19772,
    "sff": "left"
  },
  {
    "docID": "N161 Lang 2013",
    "et": "GeneExpressionAnalysis",
    "off": 13493,
    "sff": "expression"
  },
  {
    "docID": "N161 Lang 2013",
    "et": "GeneExpressionAnalysis",
    "off": 5204,
    "sff": "expression"
  },
  {
    "docID": "N161 Lang 2013",
    "et": "GeneExpressionAnalysis",
    "off": 5620,
    "sff": "expression"
  },
  {
    "docID": "N161 Lang 2013",
    "et": "GeneExpressionAnalysis",
    "off": 4759,
    "sff": "expression"
  },
  {
    "docID": "N161 Lang 2013",
    "et": "GeneExpressionAnalysis",
    "off": 12471,
    "sff": "expression"
  },
  {
    "docID": "N161 Lang 2013",
    "et": "GeneExpressionAnalysis",
    "off": 13393,
    "sff": "expression"
  },
  {
    "docID": "N161 Lang 2013",
    "et": "GeneExpressionAnalysis",
    "off": 5712,
    "sff": "expression"
  },
  {
    "docID": "N161 Lang 2013",
    "et": "GeneExpressionAnalysis",
    "off": 13200,
    "sff": "expression"
  },
  {
    "docID": "N161 Lang 2013",
    "et": "GeneExpressionAnalysis",
    "off": 10291,
    "sff": "expression"
  },
  {
    "docID": "N161 Lang 2013",
    "et": "GeneExpressionAnalysis",
    "off": 4988,
    "sff": "expression"
  },
  {
    "docID": "N161 Lang 2013",
    "et": "GeneExpressionAnalysis",
    "off": 24152,
    "sff": "Gene"
  },
  {
    "docID": "N161 Lang 2013",
    "et": "GeneExpressionAnalysis",
    "off": 5880,
    "sff": "expression"
  },
  {
    "docID": "N161 Lang 2013",
    "et": "GeneExpressionAnalysis",
    "off": 25061,
    "sff": "gene"
  },
  {
    "docID": "N161 Lang 2013",
    "et": "AxonalRegenerationTest",
    "off": 11435,
    "sff": "axonal regeneration"
  },
  {
    "docID": "N161 Lang 2013",
    "et": "AxonalRegenerationTest",
    "off": 12779,
    "sff": "axonal regeneration"
  },
  {
    "docID": "N161 Lang 2013",
    "et": "AxonalRegenerationTest",
    "off": 11250,
    "sff": "axonal regeneration"
  },
  {
    "docID": "N161 Lang 2013",
    "et": "SignalIntensity",
    "off": 25976,
    "sff": "signal"
  },
  {
    "docID": "N161 Lang 2013",
    "et": "SignalIntensity",
    "off": 25947,
    "sff": "signal"
  },
  {
    "docID": "N161 Lang 2013",
    "et": "ProteinLevelAnalysis",
    "off": 14654,
    "sff": "level"
  },
  {
    "docID": "N161 Lang 2013",
    "et": "ProteinLevelAnalysis",
    "off": 25652,
    "sff": "protein"
  },
  {
    "docID": "N161 Lang 2013",
    "et": "ProteinLevelAnalysis",
    "off": 7800,
    "sff": "level"
  },
  {
    "docID": "N161 Lang 2013",
    "et": "ProteinLevelAnalysis",
    "off": 10648,
    "sff": "level"
  },
  {
    "docID": "N161 Lang 2013",
    "et": "ProteinLevelAnalysis",
    "off": 11000,
    "sff": "level"
  },
  {
    "docID": "N161 Lang 2013",
    "et": "ProteinLevelAnalysis",
    "off": 25525,
    "sff": "protein"
  },
  {
    "docID": "N161 Lang 2013",
    "et": "ProteinLevelAnalysis",
    "off": 7990,
    "sff": "protein"
  },
  {
    "docID": "N161 Lang 2013",
    "et": "ProteinLevelAnalysis",
    "off": 24132,
    "sff": "level"
  },
  {
    "docID": "N161 Lang 2013",
    "et": "ProteinLevelAnalysis",
    "off": 1126,
    "sff": "level"
  },
  {
    "docID": "N161 Lang 2013",
    "et": "ProteinLevelAnalysis",
    "off": 1318,
    "sff": "level"
  },
  {
    "docID": "N161 Lang 2013",
    "et": "ProteinLevelAnalysis",
    "off": 16464,
    "sff": "protein"
  },
  {
    "docID": "N161 Lang 2013",
    "et": "ProteinLevelAnalysis",
    "off": 19587,
    "sff": "level"
  },
  {
    "docID": "N161 Lang 2013",
    "et": "ProteinLevelAnalysis",
    "off": 11405,
    "sff": "level"
  },
  {
    "docID": "N161 Lang 2013",
    "et": "ProteinLevelAnalysis",
    "off": 13710,
    "sff": "level"
  },
  {
    "docID": "N161 Lang 2013",
    "et": "ProteinLevelAnalysis",
    "off": 26152,
    "sff": "level"
  },
  {
    "docID": "N161 Lang 2013",
    "et": "ProteinLevelAnalysis",
    "off": 15895,
    "sff": "level"
  },
  {
    "docID": "N161 Lang 2013",
    "et": "SpinalLesionSite",
    "off": 19274,
    "sff": "spinal"
  },
  {
    "docID": "N161 Lang 2013",
    "et": "SpinalLesionSite",
    "off": 7947,
    "sff": "spinal"
  },
  {
    "docID": "N161 Lang 2013",
    "et": "SpinalLesionSite",
    "off": 22086,
    "sff": "spinal"
  },
  {
    "docID": "N161 Lang 2013",
    "et": "SpinalLesionSite",
    "off": 19716,
    "sff": "spinal"
  },
  {
    "docID": "N161 Lang 2013",
    "et": "SpinalLesionSite",
    "off": 10309,
    "sff": "spinal"
  },
  {
    "docID": "N161 Lang 2013",
    "et": "SpinalLesionSite",
    "off": 23813,
    "sff": "spinal"
  },
  {
    "docID": "N161 Lang 2013",
    "et": "SpinalLesionSite",
    "off": 22739,
    "sff": "spinal"
  },
  {
    "docID": "N161 Lang 2013",
    "et": "SpinalLesionSite",
    "off": 4370,
    "sff": "spinal"
  },
  {
    "docID": "N161 Lang 2013",
    "et": "SpinalLesionSite",
    "off": 19598,
    "sff": "spinal"
  },
  {
    "docID": "N161 Lang 2013",
    "et": "SpinalLesionSite",
    "off": 12493,
    "sff": "spinal"
  },
  {
    "docID": "N161 Lang 2013",
    "et": "SpinalLesionSite",
    "off": 9241,
    "sff": "spinal"
  },
  {
    "docID": "N161 Lang 2013",
    "et": "SpinalLesionSite",
    "off": 8215,
    "sff": "spinal"
  },
  {
    "docID": "N161 Lang 2013",
    "et": "SpinalLesionSite",
    "off": 11671,
    "sff": "spinal"
  },
  {
    "docID": "N161 Lang 2013",
    "et": "SpinalLesionSite",
    "off": 22315,
    "sff": "lesion site"
  },
  {
    "docID": "N161 Lang 2013",
    "et": "SpinalLesionSite",
    "off": 22548,
    "sff": "spinal"
  },
  {
    "docID": "N161 Lang 2013",
    "et": "SpinalLesionSite",
    "off": 22932,
    "sff": "spinal"
  },
  {
    "docID": "N161 Lang 2013",
    "et": "SpinalLesionSite",
    "off": 13845,
    "sff": "spinal"
  },
  {
    "docID": "N161 Lang 2013",
    "et": "SpinalLesionSite",
    "off": 15842,
    "sff": "spinal"
  },
  {
    "docID": "N161 Lang 2013",
    "et": "SpinalLesionSite",
    "off": 734,
    "sff": "spinal"
  },
  {
    "docID": "N161 Lang 2013",
    "et": "SpinalLesionSite",
    "off": 1566,
    "sff": "spinal"
  },
  {
    "docID": "N161 Lang 2013",
    "et": "SpinalLesionSite",
    "off": 22115,
    "sff": "Spinal"
  },
  {
    "docID": "N161 Lang 2013",
    "et": "SpinalLesionSite",
    "off": 9770,
    "sff": "spinal"
  },
  {
    "docID": "N161 Lang 2013",
    "et": "SpinalLesionSite",
    "off": 22315,
    "sff": "lesion"
  },
  {
    "docID": "N161 Lang 2013",
    "et": "SpinalLesionSite",
    "off": 22249,
    "sff": "spinal"
  },
  {
    "docID": "N161 Lang 2013",
    "et": "SpinalLesionSite",
    "off": 2596,
    "sff": "spinal"
  },
  {
    "docID": "N161 Lang 2013",
    "et": "SpinalLesionSite",
    "off": 22756,
    "sff": "spinal"
  },
  {
    "docID": "N161 Lang 2013",
    "et": "SpinalLesionSite",
    "off": 433,
    "sff": "spinal"
  },
  {
    "docID": "N161 Lang 2013",
    "et": "SpinalLesionSite",
    "off": 13745,
    "sff": "spinal"
  },
  {
    "docID": "N161 Lang 2013",
    "et": "SpinalLesionSite",
    "off": 10670,
    "sff": "spinal"
  },
  {
    "docID": "N161 Lang 2013",
    "et": "SpinalLesionSite",
    "off": 12142,
    "sff": "spinal"
  },
  {
    "docID": "N161 Lang 2013",
    "et": "SpinalLesionSite",
    "off": 2991,
    "sff": "spinal"
  },
  {
    "docID": "N161 Lang 2013",
    "et": "SpinalLesionSite",
    "off": 8109,
    "sff": "spinal"
  },
  {
    "docID": "N161 Lang 2013",
    "et": "SpinalLesionSite",
    "off": 20411,
    "sff": "spinal"
  },
  {
    "docID": "N161 Lang 2013",
    "et": "SpinalLesionSite",
    "off": 1786,
    "sff": "spinal"
  },
  {
    "docID": "N161 Lang 2013",
    "et": "SpinalLesionSite",
    "off": 5241,
    "sff": "spinal"
  },
  {
    "docID": "N161 Lang 2013",
    "et": "SpinalLesionSite",
    "off": 4545,
    "sff": "spinal"
  },
  {
    "docID": "N161 Lang 2013",
    "et": "SpinalLesionSite",
    "off": 10883,
    "sff": "spinal"
  },
  {
    "docID": "N161 Lang 2013",
    "et": "SpinalLesionSite",
    "off": 22334,
    "sff": "spinal"
  },
  {
    "docID": "N161 Lang 2013",
    "et": "SpinalLesionSite",
    "off": 1406,
    "sff": "spinal"
  },
  {
    "docID": "N161 Lang 2013",
    "et": "LesionVolumeTest",
    "off": 22315,
    "sff": "lesion"
  },
  {
    "docID": "N161 Lang 2013",
    "et": "Latency",
    "off": 21852,
    "sff": "latency"
  },
  {
    "docID": "N161 Lang 2013",
    "et": "Latency",
    "off": 3732,
    "sff": "latency"
  },
  {
    "docID": "N161 Lang 2013",
    "et": "Latency",
    "off": 6966,
    "sff": "latency"
  },
  {
    "docID": "N161 Lang 2013",
    "et": "SchwannCellChangesTest",
    "off": 2236,
    "sff": "Schwann"
  },
  {
    "docID": "N161 Lang 2013",
    "et": "SchwannCellChangesTest",
    "off": 17046,
    "sff": "cell"
  },
  {
    "docID": "N161 Lang 2013",
    "et": "SchwannCellChangesTest",
    "off": 25942,
    "sff": "cell"
  },
  {
    "docID": "N161 Lang 2013",
    "et": "SchwannCellChangesTest",
    "off": 17020,
    "sff": "cell"
  },
  {
    "docID": "N161 Lang 2013",
    "et": "SchwannCellChangesTest",
    "off": 6122,
    "sff": "cell"
  },
  {
    "docID": "N161 Lang 2013",
    "et": "SchwannCellChangesTest",
    "off": 1933,
    "sff": "cell"
  },
  {
    "docID": "N161 Lang 2013",
    "et": "SchwannCellChangesTest",
    "off": 16384,
    "sff": "cell"
  },
  {
    "docID": "N161 Lang 2013",
    "et": "SchwannCellChangesTest",
    "off": 20069,
    "sff": "Cell"
  },
  {
    "docID": "N161 Lang 2013",
    "et": "SchwannCellChangesTest",
    "off": 11056,
    "sff": "cell"
  },
  {
    "docID": "N161 Lang 2013",
    "et": "SchwannCellChangesTest",
    "off": 6306,
    "sff": "cell"
  },
  {
    "docID": "N161 Lang 2013",
    "et": "SchwannCellChangesTest",
    "off": 19970,
    "sff": "cell"
  },
  {
    "docID": "N161 Lang 2013",
    "et": "SchwannCellChangesTest",
    "off": 25971,
    "sff": "cell"
  },
  {
    "docID": "N161 Lang 2013",
    "et": "MotorNeurons",
    "off": 11944,
    "sff": "motor"
  },
  {
    "docID": "N161 Lang 2013",
    "et": "MotorNeurons",
    "off": 2766,
    "sff": "motor"
  },
  {
    "docID": "N161 Lang 2013",
    "et": "MotorNeurons",
    "off": 385,
    "sff": "motor"
  },
  {
    "docID": "N161 Lang 2013",
    "et": "FunctionalTest",
    "off": 1760,
    "sff": "functional"
  },
  {
    "docID": "N161 Lang 2013",
    "et": "FunctionalTest",
    "off": 22966,
    "sff": "functional"
  },
  {
    "docID": "N161 Lang 2013",
    "et": "FunctionalTest",
    "off": 9876,
    "sff": "functional"
  },
  {
    "docID": "N161 Lang 2013",
    "et": "SecondaryDegenerationTest",
    "off": 19073,
    "sff": "secondary"
  },
  {
    "docID": "N161 Lang 2013",
    "et": "SecondaryDegenerationTest",
    "off": 26022,
    "sff": "secondary"
  },
  {
    "docID": "N161 Lang 2013",
    "et": "SecondaryDegenerationTest",
    "off": 23268,
    "sff": "secondary"
  },
  {
    "docID": "N161 Lang 2013",
    "et": "SecondaryDegenerationTest",
    "off": 8530,
    "sff": "secondary"
  },
  {
    "docID": "N161 Lang 2013",
    "et": "HargreavesApparatus",
    "off": 21456,
    "sff": "Hargreaves"
  },
  {
    "docID": "N161 Lang 2013",
    "et": "TreatmentSite",
    "off": 2823,
    "sff": "treatment"
  },
  {
    "docID": "N161 Lang 2013",
    "et": "TreatmentSite",
    "off": 11330,
    "sff": "treatment"
  },
  {
    "docID": "N161 Lang 2013",
    "et": "TreatmentSite",
    "off": 20147,
    "sff": "treatment"
  },
  {
    "docID": "N161 Lang 2013",
    "et": "TreatmentSite",
    "off": 11840,
    "sff": "treatment"
  },
  {
    "docID": "N161 Lang 2013",
    "et": "TreatmentSite",
    "off": 2033,
    "sff": "treatment"
  },
  {
    "docID": "N161 Lang 2013",
    "et": "TreatmentSite",
    "off": 7745,
    "sff": "treatment"
  },
  {
    "docID": "N161 Lang 2013",
    "et": "TreatmentSite",
    "off": 11119,
    "sff": "treatment"
  },
  {
    "docID": "N161 Lang 2013",
    "et": "TreatmentSite",
    "off": 12031,
    "sff": "treatment"
  },
  {
    "docID": "N161 Lang 2013",
    "et": "TreatmentSite",
    "off": 15439,
    "sff": "treatment"
  },
  {
    "docID": "N161 Lang 2013",
    "et": "SpinalCord",
    "off": 1566,
    "sff": "spinal cord"
  },
  {
    "docID": "N161 Lang 2013",
    "et": "SpinalCord",
    "off": 22086,
    "sff": "spinal"
  },
  {
    "docID": "N161 Lang 2013",
    "et": "SpinalCord",
    "off": 9241,
    "sff": "spinal cord"
  },
  {
    "docID": "N161 Lang 2013",
    "et": "SpinalCord",
    "off": 2596,
    "sff": "spinal cord"
  },
  {
    "docID": "N161 Lang 2013",
    "et": "SpinalCord",
    "off": 15842,
    "sff": "spinal cord"
  },
  {
    "docID": "N161 Lang 2013",
    "et": "SpinalCord",
    "off": 19598,
    "sff": "spinal cord"
  },
  {
    "docID": "N161 Lang 2013",
    "et": "SpinalCord",
    "off": 12493,
    "sff": "spinal cord"
  },
  {
    "docID": "N161 Lang 2013",
    "et": "SpinalCord",
    "off": 7947,
    "sff": "spinal cord"
  },
  {
    "docID": "N161 Lang 2013",
    "et": "SpinalCord",
    "off": 19274,
    "sff": "spinal cord"
  },
  {
    "docID": "N161 Lang 2013",
    "et": "SpinalCord",
    "off": 8215,
    "sff": "spinal cord"
  },
  {
    "docID": "N161 Lang 2013",
    "et": "SpinalCord",
    "off": 11671,
    "sff": "spinal cord"
  },
  {
    "docID": "N161 Lang 2013",
    "et": "SpinalCord",
    "off": 22739,
    "sff": "spinal cord"
  },
  {
    "docID": "N161 Lang 2013",
    "et": "SpinalCord",
    "off": 4370,
    "sff": "spinal cord"
  },
  {
    "docID": "N161 Lang 2013",
    "et": "SpinalCord",
    "off": 22115,
    "sff": "Spinal"
  },
  {
    "docID": "N161 Lang 2013",
    "et": "SpinalCord",
    "off": 1406,
    "sff": "spinal cord"
  },
  {
    "docID": "N161 Lang 2013",
    "et": "SpinalCord",
    "off": 22334,
    "sff": "spinal cord"
  },
  {
    "docID": "N161 Lang 2013",
    "et": "SpinalCord",
    "off": 20411,
    "sff": "spinal cord"
  },
  {
    "docID": "N161 Lang 2013",
    "et": "SpinalCord",
    "off": 1786,
    "sff": "spinal cord"
  },
  {
    "docID": "N161 Lang 2013",
    "et": "SpinalCord",
    "off": 5241,
    "sff": "spinal cord"
  },
  {
    "docID": "N161 Lang 2013",
    "et": "SpinalCord",
    "off": 734,
    "sff": "spinal"
  },
  {
    "docID": "N161 Lang 2013",
    "et": "SpinalCord",
    "off": 10309,
    "sff": "spinal cord"
  },
  {
    "docID": "N161 Lang 2013",
    "et": "SpinalCord",
    "off": 23813,
    "sff": "spinal cord"
  },
  {
    "docID": "N161 Lang 2013",
    "et": "SpinalCord",
    "off": 19716,
    "sff": "spinal cord"
  },
  {
    "docID": "N161 Lang 2013",
    "et": "SpinalCord",
    "off": 22756,
    "sff": "spinal"
  },
  {
    "docID": "N161 Lang 2013",
    "et": "SpinalCord",
    "off": 10883,
    "sff": "spinal cord"
  },
  {
    "docID": "N161 Lang 2013",
    "et": "SpinalCord",
    "off": 4545,
    "sff": "spinal cord"
  },
  {
    "docID": "N161 Lang 2013",
    "et": "SpinalCord",
    "off": 2991,
    "sff": "spinal cord"
  },
  {
    "docID": "N161 Lang 2013",
    "et": "SpinalCord",
    "off": 10670,
    "sff": "spinal cord"
  },
  {
    "docID": "N161 Lang 2013",
    "et": "SpinalCord",
    "off": 12142,
    "sff": "spinal cord"
  },
  {
    "docID": "N161 Lang 2013",
    "et": "SpinalCord",
    "off": 8109,
    "sff": "spinal cord"
  },
  {
    "docID": "N161 Lang 2013",
    "et": "SpinalCord",
    "off": 13845,
    "sff": "spinal"
  },
  {
    "docID": "N161 Lang 2013",
    "et": "SpinalCord",
    "off": 9770,
    "sff": "spinal cord"
  },
  {
    "docID": "N161 Lang 2013",
    "et": "SpinalCord",
    "off": 22249,
    "sff": "spinal cord"
  },
  {
    "docID": "N161 Lang 2013",
    "et": "SpinalCord",
    "off": 22548,
    "sff": "spinal"
  },
  {
    "docID": "N161 Lang 2013",
    "et": "SpinalCord",
    "off": 22932,
    "sff": "spinal"
  },
  {
    "docID": "N161 Lang 2013",
    "et": "SpinalCord",
    "off": 433,
    "sff": "spinal cord"
  },
  {
    "docID": "N161 Lang 2013",
    "et": "SpinalCord",
    "off": 13745,
    "sff": "spinal cord"
  },
  {
    "docID": "N161 Lang 2013",
    "et": "LesionAdjacentTissue",
    "off": 22315,
    "sff": "lesion"
  },
  {
    "docID": "N161 Lang 2013",
    "et": "GaitPawRotation",
    "off": 21837,
    "sff": "paw"
  },
  {
    "docID": "N161 Lang 2013",
    "et": "GaitPawRotation",
    "off": 21244,
    "sff": "paw"
  },
  {
    "docID": "N161 Lang 2013",
    "et": "GaitPawRotation",
    "off": 21759,
    "sff": "paw"
  },
  {
    "docID": "N161 Lang 2013",
    "et": "GaitPawRotation",
    "off": 3944,
    "sff": "paw"
  },
  {
    "docID": "N161 Lang 2013",
    "et": "GaitPawRotation",
    "off": 6984,
    "sff": "paw"
  },
  {
    "docID": "N161 Lang 2013",
    "et": "GaitPawRotation",
    "off": 21131,
    "sff": "paw"
  },
  {
    "docID": "N161 Lang 2013",
    "et": "GaitPawRotation",
    "off": 3717,
    "sff": "paw"
  },
  {
    "docID": "N161 Lang 2013",
    "et": "GaitPawRotation",
    "off": 6951,
    "sff": "paw"
  },
  {
    "docID": "N161 Lang 2013",
    "et": "GaitPawRotation",
    "off": 20912,
    "sff": "paw"
  },
  {
    "docID": "N161 Lang 2013",
    "et": "ContactPlacingResponseTest",
    "off": 6356,
    "sff": "contact"
  },
  {
    "docID": "N161 Lang 2013",
    "et": "CentralNervousSystem",
    "off": 13901,
    "sff": "central"
  },
  {
    "docID": "N161 Lang 2013",
    "et": "StainingLength",
    "off": 23592,
    "sff": "staining"
  },
  {
    "docID": "N161 Lang 2013",
    "et": "StainingLength",
    "off": 8491,
    "sff": "staining"
  },
  {
    "docID": "N161 Lang 2013",
    "et": "StainingLength",
    "off": 9737,
    "sff": "staining"
  },
  {
    "docID": "N161 Lang 2013",
    "et": "StainingLength",
    "off": 13162,
    "sff": "staining"
  },
  {
    "docID": "N161 Lang 2013",
    "et": "StainingLength",
    "off": 23023,
    "sff": "staining"
  },
  {
    "docID": "N161 Lang 2013",
    "et": "StainingLength",
    "off": 3408,
    "sff": "staining"
  },
  {
    "docID": "N161 Lang 2013",
    "et": "StainingLength",
    "off": 9425,
    "sff": "staining"
  },
  {
    "docID": "N161 Lang 2013",
    "et": "StainingLength",
    "off": 3351,
    "sff": "staining"
  },
  {
    "docID": "N161 Lang 2013",
    "et": "StainingLength",
    "off": 982,
    "sff": "staining"
  },
  {
    "docID": "N161 Lang 2013",
    "et": "StainingLength",
    "off": 15036,
    "sff": "staining"
  },
  {
    "docID": "N161 Lang 2013",
    "et": "StainingLength",
    "off": 18649,
    "sff": "staining"
  },
  {
    "docID": "N161 Lang 2013",
    "et": "StainingLength",
    "off": 6426,
    "sff": "staining"
  },
  {
    "docID": "N161 Lang 2013",
    "et": "StainingLength",
    "off": 9535,
    "sff": "staining"
  },
  {
    "docID": "N161 Lang 2013",
    "et": "StainingLength",
    "off": 4861,
    "sff": "staining"
  },
  {
    "docID": "N161 Lang 2013",
    "et": "StainingLength",
    "off": 6781,
    "sff": "staining"
  },
  {
    "docID": "N161 Lang 2013",
    "et": "StainingLength",
    "off": 18371,
    "sff": "staining"
  },
  {
    "docID": "N161 Lang 2013",
    "et": "StainingLength",
    "off": 18689,
    "sff": "staining"
  },
  {
    "docID": "N161 Lang 2013",
    "et": "T50MeanArterialPressure",
    "off": 26457,
    "sff": "mean"
  },
  {
    "docID": "N161 Lang 2013",
    "et": "StainingDensity",
    "off": 23592,
    "sff": "staining"
  },
  {
    "docID": "N161 Lang 2013",
    "et": "StainingDensity",
    "off": 9737,
    "sff": "staining"
  },
  {
    "docID": "N161 Lang 2013",
    "et": "StainingDensity",
    "off": 13162,
    "sff": "staining"
  },
  {
    "docID": "N161 Lang 2013",
    "et": "StainingDensity",
    "off": 8491,
    "sff": "staining"
  },
  {
    "docID": "N161 Lang 2013",
    "et": "StainingDensity",
    "off": 4861,
    "sff": "staining"
  },
  {
    "docID": "N161 Lang 2013",
    "et": "StainingDensity",
    "off": 6781,
    "sff": "staining"
  },
  {
    "docID": "N161 Lang 2013",
    "et": "StainingDensity",
    "off": 9535,
    "sff": "staining"
  },
  {
    "docID": "N161 Lang 2013",
    "et": "StainingDensity",
    "off": 18689,
    "sff": "staining"
  },
  {
    "docID": "N161 Lang 2013",
    "et": "StainingDensity",
    "off": 18371,
    "sff": "staining"
  },
  {
    "docID": "N161 Lang 2013",
    "et": "StainingDensity",
    "off": 982,
    "sff": "staining"
  },
  {
    "docID": "N161 Lang 2013",
    "et": "StainingDensity",
    "off": 3351,
    "sff": "staining"
  },
  {
    "docID": "N161 Lang 2013",
    "et": "StainingDensity",
    "off": 6426,
    "sff": "staining"
  },
  {
    "docID": "N161 Lang 2013",
    "et": "StainingDensity",
    "off": 18649,
    "sff": "staining"
  },
  {
    "docID": "N161 Lang 2013",
    "et": "StainingDensity",
    "off": 15036,
    "sff": "staining"
  },
  {
    "docID": "N161 Lang 2013",
    "et": "StainingDensity",
    "off": 3408,
    "sff": "staining"
  },
  {
    "docID": "N161 Lang 2013",
    "et": "StainingDensity",
    "off": 23023,
    "sff": "staining"
  },
  {
    "docID": "N161 Lang 2013",
    "et": "StainingDensity",
    "off": 9425,
    "sff": "staining"
  },
  {
    "docID": "N161 Lang 2013",
    "et": "SensoryTest",
    "off": 627,
    "sff": "sensory"
  },
  {
    "docID": "N161 Lang 2013",
    "et": "SensoryTest",
    "off": 13507,
    "sff": "sensory"
  },
  {
    "docID": "N161 Lang 2013",
    "et": "SensoryTest",
    "off": 20775,
    "sff": "sensory"
  },
  {
    "docID": "N161 Lang 2013",
    "et": "SensoryTest",
    "off": 11784,
    "sff": "sensory"
  },
  {
    "docID": "N161 Lang 2013",
    "et": "SensoryTest",
    "off": 22010,
    "sff": "sensory"
  },
  {
    "docID": "N161 Lang 2013",
    "et": "SensoryTest",
    "off": 493,
    "sff": "sensory"
  },
  {
    "docID": "N161 Lang 2013",
    "et": "SensoryTest",
    "off": 2879,
    "sff": "sensory"
  },
  {
    "docID": "N161 Lang 2013",
    "et": "SensoryTest",
    "off": 11920,
    "sff": "sensory"
  },
  {
    "docID": "N161 Lang 2013",
    "et": "AxonalDamageTest",
    "off": 11250,
    "sff": "axonal"
  },
  {
    "docID": "N161 Lang 2013",
    "et": "AxonalDamageTest",
    "off": 11435,
    "sff": "axonal"
  },
  {
    "docID": "N161 Lang 2013",
    "et": "AxonalDamageTest",
    "off": 12779,
    "sff": "axonal"
  },
  {
    "docID": "N161 Lang 2013",
    "et": "SpinalCentralPart",
    "off": 4370,
    "sff": "spinal"
  },
  {
    "docID": "N161 Lang 2013",
    "et": "SpinalCentralPart",
    "off": 22739,
    "sff": "spinal"
  },
  {
    "docID": "N161 Lang 2013",
    "et": "SpinalCentralPart",
    "off": 22548,
    "sff": "spinal"
  },
  {
    "docID": "N161 Lang 2013",
    "et": "SpinalCentralPart",
    "off": 22932,
    "sff": "spinal"
  },
  {
    "docID": "N161 Lang 2013",
    "et": "SpinalCentralPart",
    "off": 12493,
    "sff": "spinal"
  },
  {
    "docID": "N161 Lang 2013",
    "et": "SpinalCentralPart",
    "off": 19598,
    "sff": "spinal"
  },
  {
    "docID": "N161 Lang 2013",
    "et": "SpinalCentralPart",
    "off": 9241,
    "sff": "spinal"
  },
  {
    "docID": "N161 Lang 2013",
    "et": "SpinalCentralPart",
    "off": 13845,
    "sff": "spinal"
  },
  {
    "docID": "N161 Lang 2013",
    "et": "SpinalCentralPart",
    "off": 8215,
    "sff": "spinal"
  },
  {
    "docID": "N161 Lang 2013",
    "et": "SpinalCentralPart",
    "off": 11671,
    "sff": "spinal"
  },
  {
    "docID": "N161 Lang 2013",
    "et": "SpinalCentralPart",
    "off": 4545,
    "sff": "spinal"
  },
  {
    "docID": "N161 Lang 2013",
    "et": "SpinalCentralPart",
    "off": 10883,
    "sff": "spinal"
  },
  {
    "docID": "N161 Lang 2013",
    "et": "SpinalCentralPart",
    "off": 19716,
    "sff": "spinal"
  },
  {
    "docID": "N161 Lang 2013",
    "et": "SpinalCentralPart",
    "off": 1406,
    "sff": "spinal"
  },
  {
    "docID": "N161 Lang 2013",
    "et": "SpinalCentralPart",
    "off": 22334,
    "sff": "spinal"
  },
  {
    "docID": "N161 Lang 2013",
    "et": "SpinalCentralPart",
    "off": 19274,
    "sff": "spinal"
  },
  {
    "docID": "N161 Lang 2013",
    "et": "SpinalCentralPart",
    "off": 7947,
    "sff": "spinal"
  },
  {
    "docID": "N161 Lang 2013",
    "et": "SpinalCentralPart",
    "off": 10309,
    "sff": "spinal"
  },
  {
    "docID": "N161 Lang 2013",
    "et": "SpinalCentralPart",
    "off": 23813,
    "sff": "spinal"
  },
  {
    "docID": "N161 Lang 2013",
    "et": "SpinalCentralPart",
    "off": 22086,
    "sff": "spinal"
  },
  {
    "docID": "N161 Lang 2013",
    "et": "SpinalCentralPart",
    "off": 433,
    "sff": "spinal"
  },
  {
    "docID": "N161 Lang 2013",
    "et": "SpinalCentralPart",
    "off": 13745,
    "sff": "spinal"
  },
  {
    "docID": "N161 Lang 2013",
    "et": "SpinalCentralPart",
    "off": 8109,
    "sff": "spinal"
  },
  {
    "docID": "N161 Lang 2013",
    "et": "SpinalCentralPart",
    "off": 10670,
    "sff": "spinal"
  },
  {
    "docID": "N161 Lang 2013",
    "et": "SpinalCentralPart",
    "off": 12142,
    "sff": "spinal"
  },
  {
    "docID": "N161 Lang 2013",
    "et": "SpinalCentralPart",
    "off": 2991,
    "sff": "spinal"
  },
  {
    "docID": "N161 Lang 2013",
    "et": "SpinalCentralPart",
    "off": 5241,
    "sff": "spinal"
  },
  {
    "docID": "N161 Lang 2013",
    "et": "SpinalCentralPart",
    "off": 1786,
    "sff": "spinal"
  },
  {
    "docID": "N161 Lang 2013",
    "et": "SpinalCentralPart",
    "off": 22115,
    "sff": "Spinal"
  },
  {
    "docID": "N161 Lang 2013",
    "et": "SpinalCentralPart",
    "off": 20411,
    "sff": "spinal"
  },
  {
    "docID": "N161 Lang 2013",
    "et": "SpinalCentralPart",
    "off": 15842,
    "sff": "spinal"
  },
  {
    "docID": "N161 Lang 2013",
    "et": "SpinalCentralPart",
    "off": 2596,
    "sff": "spinal"
  },
  {
    "docID": "N161 Lang 2013",
    "et": "SpinalCentralPart",
    "off": 22756,
    "sff": "spinal"
  },
  {
    "docID": "N161 Lang 2013",
    "et": "SpinalCentralPart",
    "off": 13901,
    "sff": "central"
  },
  {
    "docID": "N161 Lang 2013",
    "et": "SpinalCentralPart",
    "off": 734,
    "sff": "spinal"
  },
  {
    "docID": "N161 Lang 2013",
    "et": "SpinalCentralPart",
    "off": 1566,
    "sff": "spinal"
  },
  {
    "docID": "N161 Lang 2013",
    "et": "SpinalCentralPart",
    "off": 22249,
    "sff": "spinal"
  },
  {
    "docID": "N161 Lang 2013",
    "et": "SpinalCentralPart",
    "off": 9770,
    "sff": "spinal"
  },
  {
    "docID": "N161 Lang 2013",
    "et": "PawLength",
    "off": 21244,
    "sff": "paw"
  },
  {
    "docID": "N161 Lang 2013",
    "et": "PawLength",
    "off": 21131,
    "sff": "paw"
  },
  {
    "docID": "N161 Lang 2013",
    "et": "PawLength",
    "off": 3944,
    "sff": "paw"
  },
  {
    "docID": "N161 Lang 2013",
    "et": "PawLength",
    "off": 6984,
    "sff": "paw"
  },
  {
    "docID": "N161 Lang 2013",
    "et": "PawLength",
    "off": 6951,
    "sff": "paw"
  },
  {
    "docID": "N161 Lang 2013",
    "et": "PawLength",
    "off": 3717,
    "sff": "paw"
  },
  {
    "docID": "N161 Lang 2013",
    "et": "PawLength",
    "off": 20912,
    "sff": "paw"
  },
  {
    "docID": "N161 Lang 2013",
    "et": "PawLength",
    "off": 21759,
    "sff": "paw"
  },
  {
    "docID": "N161 Lang 2013",
    "et": "PawLength",
    "off": 21837,
    "sff": "paw"
  },
  {
    "docID": "N161 Lang 2013",
    "et": "AxonalDiebackTest",
    "off": 11435,
    "sff": "axonal"
  },
  {
    "docID": "N161 Lang 2013",
    "et": "AxonalDiebackTest",
    "off": 12779,
    "sff": "axonal"
  },
  {
    "docID": "N161 Lang 2013",
    "et": "AxonalDiebackTest",
    "off": 11250,
    "sff": "axonal"
  },
  {
    "docID": "N161 Lang 2013",
    "et": "NonNeuronalCellChangesTest",
    "off": 9479,
    "sff": "neuronal"
  },
  {
    "docID": "N161 Lang 2013",
    "et": "NonNeuronalCellChangesTest",
    "off": 1726,
    "sff": "neuronal"
  },
  {
    "docID": "N161 Lang 2013",
    "et": "SpinalCordStump",
    "off": 5241,
    "sff": "spinal cord"
  },
  {
    "docID": "N161 Lang 2013",
    "et": "SpinalCordStump",
    "off": 8109,
    "sff": "spinal cord"
  },
  {
    "docID": "N161 Lang 2013",
    "et": "SpinalCordStump",
    "off": 13845,
    "sff": "spinal"
  },
  {
    "docID": "N161 Lang 2013",
    "et": "SpinalCordStump",
    "off": 22548,
    "sff": "spinal"
  },
  {
    "docID": "N161 Lang 2013",
    "et": "SpinalCordStump",
    "off": 22932,
    "sff": "spinal"
  },
  {
    "docID": "N161 Lang 2013",
    "et": "SpinalCordStump",
    "off": 9770,
    "sff": "spinal cord"
  },
  {
    "docID": "N161 Lang 2013",
    "et": "SpinalCordStump",
    "off": 13745,
    "sff": "spinal cord"
  },
  {
    "docID": "N161 Lang 2013",
    "et": "SpinalCordStump",
    "off": 433,
    "sff": "spinal cord"
  },
  {
    "docID": "N161 Lang 2013",
    "et": "SpinalCordStump",
    "off": 2991,
    "sff": "spinal cord"
  },
  {
    "docID": "N161 Lang 2013",
    "et": "SpinalCordStump",
    "off": 10670,
    "sff": "spinal cord"
  },
  {
    "docID": "N161 Lang 2013",
    "et": "SpinalCordStump",
    "off": 12142,
    "sff": "spinal cord"
  },
  {
    "docID": "N161 Lang 2013",
    "et": "SpinalCordStump",
    "off": 10309,
    "sff": "spinal cord"
  },
  {
    "docID": "N161 Lang 2013",
    "et": "SpinalCordStump",
    "off": 23813,
    "sff": "spinal cord"
  },
  {
    "docID": "N161 Lang 2013",
    "et": "SpinalCordStump",
    "off": 19716,
    "sff": "spinal cord"
  },
  {
    "docID": "N161 Lang 2013",
    "et": "SpinalCordStump",
    "off": 113,
    "sff": "cord"
  },
  {
    "docID": "N161 Lang 2013",
    "et": "SpinalCordStump",
    "off": 10883,
    "sff": "spinal cord"
  },
  {
    "docID": "N161 Lang 2013",
    "et": "SpinalCordStump",
    "off": 22756,
    "sff": "spinal"
  },
  {
    "docID": "N161 Lang 2013",
    "et": "SpinalCordStump",
    "off": 1786,
    "sff": "spinal cord"
  },
  {
    "docID": "N161 Lang 2013",
    "et": "SpinalCordStump",
    "off": 20411,
    "sff": "spinal cord"
  },
  {
    "docID": "N161 Lang 2013",
    "et": "SpinalCordStump",
    "off": 22115,
    "sff": "Spinal"
  },
  {
    "docID": "N161 Lang 2013",
    "et": "SpinalCordStump",
    "off": 4545,
    "sff": "spinal cord"
  },
  {
    "docID": "N161 Lang 2013",
    "et": "SpinalCordStump",
    "off": 734,
    "sff": "spinal"
  },
  {
    "docID": "N161 Lang 2013",
    "et": "SpinalCordStump",
    "off": 1406,
    "sff": "spinal cord"
  },
  {
    "docID": "N161 Lang 2013",
    "et": "SpinalCordStump",
    "off": 22334,
    "sff": "spinal cord"
  },
  {
    "docID": "N161 Lang 2013",
    "et": "SpinalCordStump",
    "off": 4370,
    "sff": "spinal cord"
  },
  {
    "docID": "N161 Lang 2013",
    "et": "SpinalCordStump",
    "off": 22739,
    "sff": "spinal cord"
  },
  {
    "docID": "N161 Lang 2013",
    "et": "SpinalCordStump",
    "off": 9241,
    "sff": "spinal cord"
  },
  {
    "docID": "N161 Lang 2013",
    "et": "SpinalCordStump",
    "off": 20096,
    "sff": "cord"
  },
  {
    "docID": "N161 Lang 2013",
    "et": "SpinalCordStump",
    "off": 8215,
    "sff": "spinal cord"
  },
  {
    "docID": "N161 Lang 2013",
    "et": "SpinalCordStump",
    "off": 11671,
    "sff": "spinal cord"
  },
  {
    "docID": "N161 Lang 2013",
    "et": "SpinalCordStump",
    "off": 12493,
    "sff": "spinal cord"
  },
  {
    "docID": "N161 Lang 2013",
    "et": "SpinalCordStump",
    "off": 7947,
    "sff": "spinal cord"
  },
  {
    "docID": "N161 Lang 2013",
    "et": "SpinalCordStump",
    "off": 19274,
    "sff": "spinal cord"
  },
  {
    "docID": "N161 Lang 2013",
    "et": "SpinalCordStump",
    "off": 19598,
    "sff": "spinal cord"
  },
  {
    "docID": "N161 Lang 2013",
    "et": "SpinalCordStump",
    "off": 2596,
    "sff": "spinal cord"
  },
  {
    "docID": "N161 Lang 2013",
    "et": "SpinalCordStump",
    "off": 15842,
    "sff": "spinal cord"
  },
  {
    "docID": "N161 Lang 2013",
    "et": "SpinalCordStump",
    "off": 15890,
    "sff": "cord"
  },
  {
    "docID": "N161 Lang 2013",
    "et": "SpinalCordStump",
    "off": 22249,
    "sff": "spinal cord"
  },
  {
    "docID": "N161 Lang 2013",
    "et": "SpinalCordStump",
    "off": 19789,
    "sff": "cord"
  },
  {
    "docID": "N161 Lang 2013",
    "et": "SpinalCordStump",
    "off": 22086,
    "sff": "spinal"
  },
  {
    "docID": "N161 Lang 2013",
    "et": "SpinalCordStump",
    "off": 1566,
    "sff": "spinal cord"
  },
  {
    "docID": "N161 Lang 2013",
    "et": "MotorEvokedPotentialsTest",
    "off": 11944,
    "sff": "motor"
  },
  {
    "docID": "N161 Lang 2013",
    "et": "MotorEvokedPotentialsTest",
    "off": 2766,
    "sff": "motor"
  },
  {
    "docID": "N161 Lang 2013",
    "et": "MotorEvokedPotentialsTest",
    "off": 385,
    "sff": "motor"
  },
  {
    "docID": "N161 Lang 2013",
    "et": "Brain",
    "off": 902,
    "sff": "Brain"
  },
  {
    "docID": "N161 Lang 2013",
    "et": "Brain",
    "off": 2688,
    "sff": "brain"
  },
  {
    "docID": "N161 Lang 2013",
    "et": "SpinalWhiteMatter",
    "off": 7947,
    "sff": "spinal"
  },
  {
    "docID": "N161 Lang 2013",
    "et": "SpinalWhiteMatter",
    "off": 19598,
    "sff": "spinal"
  },
  {
    "docID": "N161 Lang 2013",
    "et": "SpinalWhiteMatter",
    "off": 12493,
    "sff": "spinal"
  },
  {
    "docID": "N161 Lang 2013",
    "et": "SpinalWhiteMatter",
    "off": 19274,
    "sff": "spinal"
  },
  {
    "docID": "N161 Lang 2013",
    "et": "SpinalWhiteMatter",
    "off": 19716,
    "sff": "spinal"
  },
  {
    "docID": "N161 Lang 2013",
    "et": "SpinalWhiteMatter",
    "off": 10883,
    "sff": "spinal"
  },
  {
    "docID": "N161 Lang 2013",
    "et": "SpinalWhiteMatter",
    "off": 22086,
    "sff": "spinal"
  },
  {
    "docID": "N161 Lang 2013",
    "et": "SpinalWhiteMatter",
    "off": 10309,
    "sff": "spinal"
  },
  {
    "docID": "N161 Lang 2013",
    "et": "SpinalWhiteMatter",
    "off": 23813,
    "sff": "spinal"
  },
  {
    "docID": "N161 Lang 2013",
    "et": "SpinalWhiteMatter",
    "off": 4545,
    "sff": "spinal"
  },
  {
    "docID": "N161 Lang 2013",
    "et": "SpinalWhiteMatter",
    "off": 734,
    "sff": "spinal"
  },
  {
    "docID": "N161 Lang 2013",
    "et": "SpinalWhiteMatter",
    "off": 1566,
    "sff": "spinal"
  },
  {
    "docID": "N161 Lang 2013",
    "et": "SpinalWhiteMatter",
    "off": 8215,
    "sff": "spinal"
  },
  {
    "docID": "N161 Lang 2013",
    "et": "SpinalWhiteMatter",
    "off": 11671,
    "sff": "spinal"
  },
  {
    "docID": "N161 Lang 2013",
    "et": "SpinalWhiteMatter",
    "off": 9241,
    "sff": "spinal"
  },
  {
    "docID": "N161 Lang 2013",
    "et": "SpinalWhiteMatter",
    "off": 22548,
    "sff": "spinal"
  },
  {
    "docID": "N161 Lang 2013",
    "et": "SpinalWhiteMatter",
    "off": 22932,
    "sff": "spinal"
  },
  {
    "docID": "N161 Lang 2013",
    "et": "SpinalWhiteMatter",
    "off": 22739,
    "sff": "spinal"
  },
  {
    "docID": "N161 Lang 2013",
    "et": "SpinalWhiteMatter",
    "off": 13845,
    "sff": "spinal"
  },
  {
    "docID": "N161 Lang 2013",
    "et": "SpinalWhiteMatter",
    "off": 4370,
    "sff": "spinal"
  },
  {
    "docID": "N161 Lang 2013",
    "et": "SpinalWhiteMatter",
    "off": 10670,
    "sff": "spinal"
  },
  {
    "docID": "N161 Lang 2013",
    "et": "SpinalWhiteMatter",
    "off": 12142,
    "sff": "spinal"
  },
  {
    "docID": "N161 Lang 2013",
    "et": "SpinalWhiteMatter",
    "off": 8109,
    "sff": "spinal"
  },
  {
    "docID": "N161 Lang 2013",
    "et": "SpinalWhiteMatter",
    "off": 22115,
    "sff": "Spinal"
  },
  {
    "docID": "N161 Lang 2013",
    "et": "SpinalWhiteMatter",
    "off": 9770,
    "sff": "spinal"
  },
  {
    "docID": "N161 Lang 2013",
    "et": "SpinalWhiteMatter",
    "off": 22249,
    "sff": "spinal"
  },
  {
    "docID": "N161 Lang 2013",
    "et": "SpinalWhiteMatter",
    "off": 2596,
    "sff": "spinal"
  },
  {
    "docID": "N161 Lang 2013",
    "et": "SpinalWhiteMatter",
    "off": 22756,
    "sff": "spinal"
  },
  {
    "docID": "N161 Lang 2013",
    "et": "SpinalWhiteMatter",
    "off": 15842,
    "sff": "spinal"
  },
  {
    "docID": "N161 Lang 2013",
    "et": "SpinalWhiteMatter",
    "off": 20411,
    "sff": "spinal"
  },
  {
    "docID": "N161 Lang 2013",
    "et": "SpinalWhiteMatter",
    "off": 1406,
    "sff": "spinal"
  },
  {
    "docID": "N161 Lang 2013",
    "et": "SpinalWhiteMatter",
    "off": 22334,
    "sff": "spinal"
  },
  {
    "docID": "N161 Lang 2013",
    "et": "SpinalWhiteMatter",
    "off": 1786,
    "sff": "spinal"
  },
  {
    "docID": "N161 Lang 2013",
    "et": "SpinalWhiteMatter",
    "off": 5241,
    "sff": "spinal"
  },
  {
    "docID": "N161 Lang 2013",
    "et": "SpinalWhiteMatter",
    "off": 2991,
    "sff": "spinal"
  },
  {
    "docID": "N161 Lang 2013",
    "et": "SpinalWhiteMatter",
    "off": 433,
    "sff": "spinal"
  },
  {
    "docID": "N161 Lang 2013",
    "et": "SpinalWhiteMatter",
    "off": 13745,
    "sff": "spinal"
  },
  {
    "docID": "N161 Lang 2013",
    "et": "Dorsal",
    "off": 12628,
    "sff": "dorsal"
  },
  {
    "docID": "N161 Lang 2013",
    "et": "Dorsal",
    "off": 1073,
    "sff": "dorsal"
  },
  {
    "docID": "N161 Lang 2013",
    "et": "Dorsal",
    "off": 13339,
    "sff": "dorsal"
  },
  {
    "docID": "N161 Lang 2013",
    "et": "Dorsal",
    "off": 14091,
    "sff": "dorsal"
  },
  {
    "docID": "N161 Lang 2013",
    "et": "Dorsal",
    "off": 9213,
    "sff": "dorsal"
  },
  {
    "docID": "N161 Lang 2013",
    "et": "Dorsal",
    "off": 13530,
    "sff": "dorsal"
  },
  {
    "docID": "N161 Lang 2013",
    "et": "Dorsal",
    "off": 4617,
    "sff": "dorsal"
  },
  {
    "docID": "N161 Lang 2013",
    "et": "Threshold",
    "off": 21146,
    "sff": "threshold"
  },
  {
    "docID": "N161 Lang 2013",
    "et": "BodyWeightExamination",
    "off": 19501,
    "sff": "body"
  },
  {
    "docID": "N161 Lang 2013",
    "et": "SpinalGrayMatter",
    "off": 433,
    "sff": "spinal"
  },
  {
    "docID": "N161 Lang 2013",
    "et": "SpinalGrayMatter",
    "off": 13745,
    "sff": "spinal"
  },
  {
    "docID": "N161 Lang 2013",
    "et": "SpinalGrayMatter",
    "off": 2991,
    "sff": "spinal"
  },
  {
    "docID": "N161 Lang 2013",
    "et": "SpinalGrayMatter",
    "off": 8109,
    "sff": "spinal"
  },
  {
    "docID": "N161 Lang 2013",
    "et": "SpinalGrayMatter",
    "off": 10670,
    "sff": "spinal"
  },
  {
    "docID": "N161 Lang 2013",
    "et": "SpinalGrayMatter",
    "off": 12142,
    "sff": "spinal"
  },
  {
    "docID": "N161 Lang 2013",
    "et": "SpinalGrayMatter",
    "off": 22115,
    "sff": "Spinal"
  },
  {
    "docID": "N161 Lang 2013",
    "et": "SpinalGrayMatter",
    "off": 22249,
    "sff": "spinal"
  },
  {
    "docID": "N161 Lang 2013",
    "et": "SpinalGrayMatter",
    "off": 9770,
    "sff": "spinal"
  },
  {
    "docID": "N161 Lang 2013",
    "et": "SpinalGrayMatter",
    "off": 2596,
    "sff": "spinal"
  },
  {
    "docID": "N161 Lang 2013",
    "et": "SpinalGrayMatter",
    "off": 22756,
    "sff": "spinal"
  },
  {
    "docID": "N161 Lang 2013",
    "et": "SpinalGrayMatter",
    "off": 15842,
    "sff": "spinal"
  },
  {
    "docID": "N161 Lang 2013",
    "et": "SpinalGrayMatter",
    "off": 734,
    "sff": "spinal"
  },
  {
    "docID": "N161 Lang 2013",
    "et": "SpinalGrayMatter",
    "off": 1566,
    "sff": "spinal"
  },
  {
    "docID": "N161 Lang 2013",
    "et": "SpinalGrayMatter",
    "off": 9241,
    "sff": "spinal"
  },
  {
    "docID": "N161 Lang 2013",
    "et": "SpinalGrayMatter",
    "off": 8215,
    "sff": "spinal"
  },
  {
    "docID": "N161 Lang 2013",
    "et": "SpinalGrayMatter",
    "off": 11671,
    "sff": "spinal"
  },
  {
    "docID": "N161 Lang 2013",
    "et": "SpinalGrayMatter",
    "off": 13845,
    "sff": "spinal"
  },
  {
    "docID": "N161 Lang 2013",
    "et": "SpinalGrayMatter",
    "off": 22739,
    "sff": "spinal"
  },
  {
    "docID": "N161 Lang 2013",
    "et": "SpinalGrayMatter",
    "off": 22548,
    "sff": "spinal"
  },
  {
    "docID": "N161 Lang 2013",
    "et": "SpinalGrayMatter",
    "off": 22932,
    "sff": "spinal"
  },
  {
    "docID": "N161 Lang 2013",
    "et": "SpinalGrayMatter",
    "off": 4370,
    "sff": "spinal"
  },
  {
    "docID": "N161 Lang 2013",
    "et": "SpinalGrayMatter",
    "off": 12493,
    "sff": "spinal"
  },
  {
    "docID": "N161 Lang 2013",
    "et": "SpinalGrayMatter",
    "off": 19598,
    "sff": "spinal"
  },
  {
    "docID": "N161 Lang 2013",
    "et": "SpinalGrayMatter",
    "off": 7947,
    "sff": "spinal"
  },
  {
    "docID": "N161 Lang 2013",
    "et": "SpinalGrayMatter",
    "off": 19274,
    "sff": "spinal"
  },
  {
    "docID": "N161 Lang 2013",
    "et": "SpinalGrayMatter",
    "off": 10309,
    "sff": "spinal"
  },
  {
    "docID": "N161 Lang 2013",
    "et": "SpinalGrayMatter",
    "off": 23813,
    "sff": "spinal"
  },
  {
    "docID": "N161 Lang 2013",
    "et": "SpinalGrayMatter",
    "off": 22086,
    "sff": "spinal"
  },
  {
    "docID": "N161 Lang 2013",
    "et": "SpinalGrayMatter",
    "off": 10883,
    "sff": "spinal"
  },
  {
    "docID": "N161 Lang 2013",
    "et": "SpinalGrayMatter",
    "off": 19716,
    "sff": "spinal"
  },
  {
    "docID": "N161 Lang 2013",
    "et": "SpinalGrayMatter",
    "off": 4545,
    "sff": "spinal"
  },
  {
    "docID": "N161 Lang 2013",
    "et": "SpinalGrayMatter",
    "off": 1406,
    "sff": "spinal"
  },
  {
    "docID": "N161 Lang 2013",
    "et": "SpinalGrayMatter",
    "off": 22334,
    "sff": "spinal"
  },
  {
    "docID": "N161 Lang 2013",
    "et": "SpinalGrayMatter",
    "off": 20411,
    "sff": "spinal"
  },
  {
    "docID": "N161 Lang 2013",
    "et": "SpinalGrayMatter",
    "off": 5241,
    "sff": "spinal"
  },
  {
    "docID": "N161 Lang 2013",
    "et": "SpinalGrayMatter",
    "off": 1786,
    "sff": "spinal"
  },
  {
    "docID": "N161 Lang 2013",
    "et": "PawWidth",
    "off": 21837,
    "sff": "paw"
  },
  {
    "docID": "N161 Lang 2013",
    "et": "PawWidth",
    "off": 21759,
    "sff": "paw"
  },
  {
    "docID": "N161 Lang 2013",
    "et": "PawWidth",
    "off": 20912,
    "sff": "paw"
  },
  {
    "docID": "N161 Lang 2013",
    "et": "PawWidth",
    "off": 21131,
    "sff": "paw"
  },
  {
    "docID": "N161 Lang 2013",
    "et": "PawWidth",
    "off": 21244,
    "sff": "paw"
  },
  {
    "docID": "N161 Lang 2013",
    "et": "PawWidth",
    "off": 3717,
    "sff": "paw"
  },
  {
    "docID": "N161 Lang 2013",
    "et": "PawWidth",
    "off": 6951,
    "sff": "paw"
  },
  {
    "docID": "N161 Lang 2013",
    "et": "PawWidth",
    "off": 3944,
    "sff": "paw"
  },
  {
    "docID": "N161 Lang 2013",
    "et": "PawWidth",
    "off": 6984,
    "sff": "paw"
  },
  {
    "docID": "N161 Lang 2013",
    "et": "AxonalChangesTest",
    "off": 11435,
    "sff": "axonal"
  },
  {
    "docID": "N161 Lang 2013",
    "et": "AxonalChangesTest",
    "off": 12779,
    "sff": "axonal"
  },
  {
    "docID": "N161 Lang 2013",
    "et": "AxonalChangesTest",
    "off": 11250,
    "sff": "axonal"
  },
  {
    "docID": "N161 Lang 2013",
    "et": "LocomotorTest",
    "off": 11395,
    "sff": "locomotor"
  },
  {
    "docID": "N161 Lang 2013",
    "et": "BloodBrainBarrierTest",
    "off": 902,
    "sff": "Brain"
  },
  {
    "docID": "N161 Lang 2013",
    "et": "BloodBrainBarrierTest",
    "off": 2688,
    "sff": "brain"
  },
  {
    "docID": "N161 Lang 2013",
    "et": "ThermalHyperalgesiaTest",
    "off": 20873,
    "sff": "thermal"
  },
  {
    "docID": "N161 Lang 2013",
    "et": "ThermalHyperalgesiaTest",
    "off": 3661,
    "sff": "thermal"
  },
  {
    "docID": "N161 Lang 2013",
    "et": "ThermalHyperalgesiaTest",
    "off": 3918,
    "sff": "thermal"
  },
  {
    "docID": "N161 Lang 2013",
    "et": "ThermalHyperalgesiaTest",
    "off": 21328,
    "sff": "Thermal hyperalgesia"
  },
  {
    "docID": "N161 Lang 2013",
    "et": "ThermalHyperalgesiaTest",
    "off": 2936,
    "sff": "thermal hyperalgesia"
  },
  {
    "docID": "N161 Lang 2013",
    "et": "ThermalHyperalgesiaTest",
    "off": 11989,
    "sff": "thermal"
  },
  {
    "docID": "N161 Lang 2013",
    "et": "ThermalHyperalgesiaTest",
    "off": 7091,
    "sff": "thermal"
  },
  {
    "docID": "N161 Lang 2013",
    "et": "ThermalHyperalgesiaTest",
    "off": 7042,
    "sff": "Thermal"
  },
  {
    "docID": "N161 Lang 2013",
    "et": "BladderFunctionParameter",
    "off": 11792,
    "sff": "function"
  },
  {
    "docID": "N161 Lang 2013",
    "et": "BladderFunctionParameter",
    "off": 22018,
    "sff": "function"
  },
  {
    "docID": "N161 Lang 2013",
    "et": "BladderFunctionParameter",
    "off": 11950,
    "sff": "function"
  },
  {
    "docID": "N161 Lang 2013",
    "et": "BladderFunctionParameter",
    "off": 11224,
    "sff": "function"
  },
  {
    "docID": "N161 Lang 2013",
    "et": "BladderFunctionParameter",
    "off": 11928,
    "sff": "function"
  },
  {
    "docID": "N161 Lang 2013",
    "et": "BladderFunctionParameter",
    "off": 2185,
    "sff": "function"
  },
  {
    "docID": "N161 Lang 2013",
    "et": "BladderFunctionParameter",
    "off": 635,
    "sff": "function"
  },
  {
    "docID": "N161 Lang 2013",
    "et": "BladderFunctionParameter",
    "off": 2772,
    "sff": "function"
  },
  {
    "docID": "N161 Lang 2013",
    "et": "BladderFunctionParameter",
    "off": 501,
    "sff": "function"
  },
  {
    "docID": "N161 Lang 2013",
    "et": "BladderFunctionParameter",
    "off": 11365,
    "sff": "function"
  },
  {
    "docID": "N161 Lang 2013",
    "et": "BladderFunctionParameter",
    "off": 391,
    "sff": "function"
  },
  {
    "docID": "N161 Lang 2013",
    "et": "BladderFunctionParameter",
    "off": 2887,
    "sff": "function"
  },
  {
    "docID": "N161 Lang 2013",
    "et": "SignalAbsence",
    "off": 25947,
    "sff": "signal"
  },
  {
    "docID": "N161 Lang 2013",
    "et": "SignalAbsence",
    "off": 25976,
    "sff": "signal"
  },
  {
    "docID": "N161 Lang 2013",
    "et": "RelativePawPlacement",
    "off": 21131,
    "sff": "paw"
  },
  {
    "docID": "N161 Lang 2013",
    "et": "RelativePawPlacement",
    "off": 3944,
    "sff": "paw"
  },
  {
    "docID": "N161 Lang 2013",
    "et": "RelativePawPlacement",
    "off": 6984,
    "sff": "paw"
  },
  {
    "docID": "N161 Lang 2013",
    "et": "RelativePawPlacement",
    "off": 6951,
    "sff": "paw"
  },
  {
    "docID": "N161 Lang 2013",
    "et": "RelativePawPlacement",
    "off": 3717,
    "sff": "paw"
  },
  {
    "docID": "N161 Lang 2013",
    "et": "RelativePawPlacement",
    "off": 5368,
    "sff": "Relative"
  },
  {
    "docID": "N161 Lang 2013",
    "et": "RelativePawPlacement",
    "off": 20912,
    "sff": "paw"
  },
  {
    "docID": "N161 Lang 2013",
    "et": "RelativePawPlacement",
    "off": 21759,
    "sff": "paw"
  },
  {
    "docID": "N161 Lang 2013",
    "et": "RelativePawPlacement",
    "off": 21837,
    "sff": "paw"
  },
  {
    "docID": "N161 Lang 2013",
    "et": "RelativePawPlacement",
    "off": 21244,
    "sff": "paw"
  },
  {
    "docID": "N161 Lang 2013",
    "et": "RelativePawPlacement",
    "off": 25182,
    "sff": "relative"
  },
  {
    "docID": "N161 Lang 2013",
    "et": "GaitAnalysisParameter",
    "off": 7839,
    "sff": "analysis"
  },
  {
    "docID": "N161 Lang 2013",
    "et": "GaitAnalysisParameter",
    "off": 25215,
    "sff": "analysis"
  },
  {
    "docID": "N161 Lang 2013",
    "et": "GaitAnalysisParameter",
    "off": 26384,
    "sff": "analysis"
  },
  {
    "docID": "N161 Lang 2013",
    "et": "GaitAnalysisParameter",
    "off": 7435,
    "sff": "analysis"
  },
  {
    "docID": "N161 Lang 2013",
    "et": "GaitAnalysisParameter",
    "off": 4700,
    "sff": "analysis"
  },
  {
    "docID": "N161 Lang 2013",
    "et": "GaitAnalysisParameter",
    "off": 8855,
    "sff": "analysis"
  },
  {
    "docID": "N161 Lang 2013",
    "et": "GaitAnalysisParameter",
    "off": 5301,
    "sff": "analysis"
  },
  {
    "docID": "N161 Lang 2013",
    "et": "GaitAnalysisParameter",
    "off": 26406,
    "sff": "analysis"
  },
  {
    "docID": "N161 Lang 2013",
    "et": "T10",
    "off": 15885,
    "sff": "T10"
  },
  {
    "docID": "N161 Lang 2013",
    "et": "T10",
    "off": 19583,
    "sff": "T10"
  },
  {
    "docID": "N161 Lang 2013",
    "et": "DescendingFiberTract",
    "off": 2664,
    "sff": "descending"
  },
  {
    "docID": "N161 Lang 2013",
    "et": "Lumbar",
    "off": 11545,
    "sff": "lumbar"
  },
  {
    "docID": "N161 Lang 2013",
    "et": "Thoracic",
    "off": 15875,
    "sff": "thoracic"
  },
  {
    "docID": "N161 Lang 2013",
    "et": "IntraperitonealLocation",
    "off": 19360,
    "sff": "intraperitoneal"
  },
  {
    "docID": "N161 Lang 2013",
    "et": "AxonalSproutingTest",
    "off": 11435,
    "sff": "axonal"
  },
  {
    "docID": "N161 Lang 2013",
    "et": "AxonalSproutingTest",
    "off": 12779,
    "sff": "axonal"
  },
  {
    "docID": "N161 Lang 2013",
    "et": "AxonalSproutingTest",
    "off": 11250,
    "sff": "axonal"
  },
  {
    "docID": "N161 Lang 2013",
    "et": "NeuronalCellLossTest",
    "off": 11056,
    "sff": "cell"
  },
  {
    "docID": "N161 Lang 2013",
    "et": "NeuronalCellLossTest",
    "off": 6122,
    "sff": "cell"
  },
  {
    "docID": "N161 Lang 2013",
    "et": "NeuronalCellLossTest",
    "off": 1933,
    "sff": "cell"
  },
  {
    "docID": "N161 Lang 2013",
    "et": "NeuronalCellLossTest",
    "off": 1726,
    "sff": "neuronal"
  },
  {
    "docID": "N161 Lang 2013",
    "et": "NeuronalCellLossTest",
    "off": 6306,
    "sff": "cell"
  },
  {
    "docID": "N161 Lang 2013",
    "et": "NeuronalCellLossTest",
    "off": 19970,
    "sff": "cell"
  },
  {
    "docID": "N161 Lang 2013",
    "et": "NeuronalCellLossTest",
    "off": 20069,
    "sff": "Cell"
  },
  {
    "docID": "N161 Lang 2013",
    "et": "NeuronalCellLossTest",
    "off": 16384,
    "sff": "cell"
  },
  {
    "docID": "N161 Lang 2013",
    "et": "NeuronalCellLossTest",
    "off": 17020,
    "sff": "cell"
  },
  {
    "docID": "N161 Lang 2013",
    "et": "NeuronalCellLossTest",
    "off": 17046,
    "sff": "cell"
  },
  {
    "docID": "N161 Lang 2013",
    "et": "NeuronalCellLossTest",
    "off": 25942,
    "sff": "cell"
  },
  {
    "docID": "N161 Lang 2013",
    "et": "NeuronalCellLossTest",
    "off": 25971,
    "sff": "cell"
  },
  {
    "docID": "N161 Lang 2013",
    "et": "NeuronalCellLossTest",
    "off": 9479,
    "sff": "neuronal"
  },
  {
    "docID": "N161 Lang 2013",
    "et": "VascularFunctionParameter",
    "off": 11950,
    "sff": "function"
  },
  {
    "docID": "N161 Lang 2013",
    "et": "VascularFunctionParameter",
    "off": 11792,
    "sff": "function"
  },
  {
    "docID": "N161 Lang 2013",
    "et": "VascularFunctionParameter",
    "off": 22018,
    "sff": "function"
  },
  {
    "docID": "N161 Lang 2013",
    "et": "VascularFunctionParameter",
    "off": 2772,
    "sff": "function"
  },
  {
    "docID": "N161 Lang 2013",
    "et": "VascularFunctionParameter",
    "off": 501,
    "sff": "function"
  },
  {
    "docID": "N161 Lang 2013",
    "et": "VascularFunctionParameter",
    "off": 11365,
    "sff": "function"
  },
  {
    "docID": "N161 Lang 2013",
    "et": "VascularFunctionParameter",
    "off": 391,
    "sff": "function"
  },
  {
    "docID": "N161 Lang 2013",
    "et": "VascularFunctionParameter",
    "off": 2887,
    "sff": "function"
  },
  {
    "docID": "N161 Lang 2013",
    "et": "VascularFunctionParameter",
    "off": 11224,
    "sff": "function"
  },
  {
    "docID": "N161 Lang 2013",
    "et": "VascularFunctionParameter",
    "off": 11928,
    "sff": "function"
  },
  {
    "docID": "N161 Lang 2013",
    "et": "VascularFunctionParameter",
    "off": 2185,
    "sff": "function"
  },
  {
    "docID": "N161 Lang 2013",
    "et": "VascularFunctionParameter",
    "off": 635,
    "sff": "function"
  },
  {
    "docID": "N161 Lang 2013",
    "et": "ObservationOfAnimalBehaviour",
    "off": 11664,
    "sff": "animal"
  },
  {
    "docID": "N161 Lang 2013",
    "et": "ObservationOfAnimalBehaviour",
    "off": 21961,
    "sff": "observation"
  },
  {
    "docID": "N161 Lang 2013",
    "et": "ObservationOfAnimalBehaviour",
    "off": 15585,
    "sff": "Animal"
  },
  {
    "docID": "N161 Lang 2013",
    "et": "ObservationOfAnimalBehaviour",
    "off": 16132,
    "sff": "Animal"
  },
  {
    "docID": "N161 Lang 2013",
    "et": "ObservationOfAnimalBehaviour",
    "off": 14376,
    "sff": "observation"
  },
  {
    "docID": "N161 Lang 2013",
    "et": "ObservationOfAnimalBehaviour",
    "off": 15669,
    "sff": "Animal"
  },
  {
    "docID": "N161 Lang 2013",
    "et": "ObservationOfAnimalBehaviour",
    "off": 3217,
    "sff": "animal"
  },
  {
    "docID": "N161 Lang 2013",
    "et": "ObservationOfAnimalBehaviour",
    "off": 16082,
    "sff": "animal"
  },
  {
    "docID": "N161 Lang 2013",
    "et": "ObservationOfAnimalBehaviour",
    "off": 22661,
    "sff": "observation"
  },
  {
    "docID": "N161 Lang 2013",
    "et": "MotorTest",
    "off": 2766,
    "sff": "motor"
  },
  {
    "docID": "N161 Lang 2013",
    "et": "MotorTest",
    "off": 11944,
    "sff": "motor"
  },
  {
    "docID": "N161 Lang 2013",
    "et": "MotorTest",
    "off": 385,
    "sff": "motor"
  },
  {
    "docID": "N161 Lang 2013",
    "et": "SpinalDorsalHalf",
    "off": 433,
    "sff": "spinal"
  },
  {
    "docID": "N161 Lang 2013",
    "et": "SpinalDorsalHalf",
    "off": 1073,
    "sff": "dorsal"
  },
  {
    "docID": "N161 Lang 2013",
    "et": "SpinalDorsalHalf",
    "off": 13745,
    "sff": "spinal"
  },
  {
    "docID": "N161 Lang 2013",
    "et": "SpinalDorsalHalf",
    "off": 8109,
    "sff": "spinal"
  },
  {
    "docID": "N161 Lang 2013",
    "et": "SpinalDorsalHalf",
    "off": 9213,
    "sff": "dorsal"
  },
  {
    "docID": "N161 Lang 2013",
    "et": "SpinalDorsalHalf",
    "off": 10670,
    "sff": "spinal"
  },
  {
    "docID": "N161 Lang 2013",
    "et": "SpinalDorsalHalf",
    "off": 12142,
    "sff": "spinal"
  },
  {
    "docID": "N161 Lang 2013",
    "et": "SpinalDorsalHalf",
    "off": 22249,
    "sff": "spinal"
  },
  {
    "docID": "N161 Lang 2013",
    "et": "SpinalDorsalHalf",
    "off": 2991,
    "sff": "spinal"
  },
  {
    "docID": "N161 Lang 2013",
    "et": "SpinalDorsalHalf",
    "off": 9770,
    "sff": "spinal"
  },
  {
    "docID": "N161 Lang 2013",
    "et": "SpinalDorsalHalf",
    "off": 2596,
    "sff": "spinal"
  },
  {
    "docID": "N161 Lang 2013",
    "et": "SpinalDorsalHalf",
    "off": 15842,
    "sff": "spinal"
  },
  {
    "docID": "N161 Lang 2013",
    "et": "SpinalDorsalHalf",
    "off": 22756,
    "sff": "spinal"
  },
  {
    "docID": "N161 Lang 2013",
    "et": "SpinalDorsalHalf",
    "off": 14091,
    "sff": "dorsal"
  },
  {
    "docID": "N161 Lang 2013",
    "et": "SpinalDorsalHalf",
    "off": 4617,
    "sff": "dorsal"
  },
  {
    "docID": "N161 Lang 2013",
    "et": "SpinalDorsalHalf",
    "off": 9241,
    "sff": "spinal"
  },
  {
    "docID": "N161 Lang 2013",
    "et": "SpinalDorsalHalf",
    "off": 22115,
    "sff": "Spinal"
  },
  {
    "docID": "N161 Lang 2013",
    "et": "SpinalDorsalHalf",
    "off": 734,
    "sff": "spinal"
  },
  {
    "docID": "N161 Lang 2013",
    "et": "SpinalDorsalHalf",
    "off": 1566,
    "sff": "spinal"
  },
  {
    "docID": "N161 Lang 2013",
    "et": "SpinalDorsalHalf",
    "off": 13845,
    "sff": "spinal"
  },
  {
    "docID": "N161 Lang 2013",
    "et": "SpinalDorsalHalf",
    "off": 4370,
    "sff": "spinal"
  },
  {
    "docID": "N161 Lang 2013",
    "et": "SpinalDorsalHalf",
    "off": 8215,
    "sff": "spinal"
  },
  {
    "docID": "N161 Lang 2013",
    "et": "SpinalDorsalHalf",
    "off": 11671,
    "sff": "spinal"
  },
  {
    "docID": "N161 Lang 2013",
    "et": "SpinalDorsalHalf",
    "off": 12628,
    "sff": "dorsal"
  },
  {
    "docID": "N161 Lang 2013",
    "et": "SpinalDorsalHalf",
    "off": 22739,
    "sff": "spinal"
  },
  {
    "docID": "N161 Lang 2013",
    "et": "SpinalDorsalHalf",
    "off": 22548,
    "sff": "spinal"
  },
  {
    "docID": "N161 Lang 2013",
    "et": "SpinalDorsalHalf",
    "off": 22932,
    "sff": "spinal"
  },
  {
    "docID": "N161 Lang 2013",
    "et": "SpinalDorsalHalf",
    "off": 12493,
    "sff": "spinal"
  },
  {
    "docID": "N161 Lang 2013",
    "et": "SpinalDorsalHalf",
    "off": 19598,
    "sff": "spinal"
  },
  {
    "docID": "N161 Lang 2013",
    "et": "SpinalDorsalHalf",
    "off": 13339,
    "sff": "dorsal"
  },
  {
    "docID": "N161 Lang 2013",
    "et": "SpinalDorsalHalf",
    "off": 13530,
    "sff": "dorsal"
  },
  {
    "docID": "N161 Lang 2013",
    "et": "SpinalDorsalHalf",
    "off": 19274,
    "sff": "spinal"
  },
  {
    "docID": "N161 Lang 2013",
    "et": "SpinalDorsalHalf",
    "off": 7947,
    "sff": "spinal"
  },
  {
    "docID": "N161 Lang 2013",
    "et": "SpinalDorsalHalf",
    "off": 10309,
    "sff": "spinal"
  },
  {
    "docID": "N161 Lang 2013",
    "et": "SpinalDorsalHalf",
    "off": 23813,
    "sff": "spinal"
  },
  {
    "docID": "N161 Lang 2013",
    "et": "SpinalDorsalHalf",
    "off": 22086,
    "sff": "spinal"
  },
  {
    "docID": "N161 Lang 2013",
    "et": "SpinalDorsalHalf",
    "off": 4545,
    "sff": "spinal"
  },
  {
    "docID": "N161 Lang 2013",
    "et": "SpinalDorsalHalf",
    "off": 10883,
    "sff": "spinal"
  },
  {
    "docID": "N161 Lang 2013",
    "et": "SpinalDorsalHalf",
    "off": 19716,
    "sff": "spinal"
  },
  {
    "docID": "N161 Lang 2013",
    "et": "SpinalDorsalHalf",
    "off": 22334,
    "sff": "spinal"
  },
  {
    "docID": "N161 Lang 2013",
    "et": "SpinalDorsalHalf",
    "off": 1786,
    "sff": "spinal"
  },
  {
    "docID": "N161 Lang 2013",
    "et": "SpinalDorsalHalf",
    "off": 5241,
    "sff": "spinal"
  },
  {
    "docID": "N161 Lang 2013",
    "et": "SpinalDorsalHalf",
    "off": 1406,
    "sff": "spinal"
  },
  {
    "docID": "N161 Lang 2013",
    "et": "SpinalDorsalHalf",
    "off": 20411,
    "sff": "spinal"
  },
  {
    "docID": "N161 Lang 2013",
    "et": "SignalPresence",
    "off": 25976,
    "sff": "signal"
  },
  {
    "docID": "N161 Lang 2013",
    "et": "SignalPresence",
    "off": 25947,
    "sff": "signal"
  },
  {
    "docID": "N161 Lang 2013",
    "et": "NeuronalChangesTest",
    "off": 9479,
    "sff": "neuronal"
  },
  {
    "docID": "N161 Lang 2013",
    "et": "NeuronalChangesTest",
    "off": 1726,
    "sff": "neuronal"
  },
  {
    "docID": "N161 Lang 2013",
    "et": "NeuronalActivityTest",
    "off": 1726,
    "sff": "neuronal"
  },
  {
    "docID": "N161 Lang 2013",
    "et": "NeuronalActivityTest",
    "off": 9479,
    "sff": "neuronal"
  },
  {
    "docID": "N161 Lang 2013",
    "et": "MeanArterialPressure",
    "off": 26457,
    "sff": "mean"
  },
  {
    "docID": "N161 Lang 2013",
    "et": "Ipsilateral",
    "off": 14079,
    "sff": "ipsilateral"
  },
  {
    "docID": "N161 Lang 2013",
    "et": "SpinalCordEvokedPotentialsTest",
    "off": 2596,
    "sff": "spinal cord"
  },
  {
    "docID": "N161 Lang 2013",
    "et": "SpinalCordEvokedPotentialsTest",
    "off": 15890,
    "sff": "cord"
  },
  {
    "docID": "N161 Lang 2013",
    "et": "SpinalCordEvokedPotentialsTest",
    "off": 9770,
    "sff": "spinal cord"
  },
  {
    "docID": "N161 Lang 2013",
    "et": "SpinalCordEvokedPotentialsTest",
    "off": 22249,
    "sff": "spinal cord"
  },
  {
    "docID": "N161 Lang 2013",
    "et": "SpinalCordEvokedPotentialsTest",
    "off": 1566,
    "sff": "spinal cord"
  },
  {
    "docID": "N161 Lang 2013",
    "et": "SpinalCordEvokedPotentialsTest",
    "off": 22086,
    "sff": "spinal"
  },
  {
    "docID": "N161 Lang 2013",
    "et": "SpinalCordEvokedPotentialsTest",
    "off": 15842,
    "sff": "spinal cord"
  },
  {
    "docID": "N161 Lang 2013",
    "et": "SpinalCordEvokedPotentialsTest",
    "off": 734,
    "sff": "spinal"
  },
  {
    "docID": "N161 Lang 2013",
    "et": "SpinalCordEvokedPotentialsTest",
    "off": 20411,
    "sff": "spinal cord"
  },
  {
    "docID": "N161 Lang 2013",
    "et": "SpinalCordEvokedPotentialsTest",
    "off": 1786,
    "sff": "spinal cord"
  },
  {
    "docID": "N161 Lang 2013",
    "et": "SpinalCordEvokedPotentialsTest",
    "off": 5241,
    "sff": "spinal cord"
  },
  {
    "docID": "N161 Lang 2013",
    "et": "SpinalCordEvokedPotentialsTest",
    "off": 2991,
    "sff": "spinal cord"
  },
  {
    "docID": "N161 Lang 2013",
    "et": "SpinalCordEvokedPotentialsTest",
    "off": 10670,
    "sff": "spinal cord"
  },
  {
    "docID": "N161 Lang 2013",
    "et": "SpinalCordEvokedPotentialsTest",
    "off": 12142,
    "sff": "spinal cord"
  },
  {
    "docID": "N161 Lang 2013",
    "et": "SpinalCordEvokedPotentialsTest",
    "off": 8109,
    "sff": "spinal cord"
  },
  {
    "docID": "N161 Lang 2013",
    "et": "SpinalCordEvokedPotentialsTest",
    "off": 13845,
    "sff": "spinal"
  },
  {
    "docID": "N161 Lang 2013",
    "et": "SpinalCordEvokedPotentialsTest",
    "off": 22548,
    "sff": "spinal"
  },
  {
    "docID": "N161 Lang 2013",
    "et": "SpinalCordEvokedPotentialsTest",
    "off": 22932,
    "sff": "spinal"
  },
  {
    "docID": "N161 Lang 2013",
    "et": "SpinalCordEvokedPotentialsTest",
    "off": 433,
    "sff": "spinal cord"
  },
  {
    "docID": "N161 Lang 2013",
    "et": "SpinalCordEvokedPotentialsTest",
    "off": 13745,
    "sff": "spinal cord"
  },
  {
    "docID": "N161 Lang 2013",
    "et": "SpinalCordEvokedPotentialsTest",
    "off": 10309,
    "sff": "spinal cord"
  },
  {
    "docID": "N161 Lang 2013",
    "et": "SpinalCordEvokedPotentialsTest",
    "off": 23813,
    "sff": "spinal cord"
  },
  {
    "docID": "N161 Lang 2013",
    "et": "SpinalCordEvokedPotentialsTest",
    "off": 19716,
    "sff": "spinal cord"
  },
  {
    "docID": "N161 Lang 2013",
    "et": "SpinalCordEvokedPotentialsTest",
    "off": 113,
    "sff": "cord"
  },
  {
    "docID": "N161 Lang 2013",
    "et": "SpinalCordEvokedPotentialsTest",
    "off": 7947,
    "sff": "spinal cord"
  },
  {
    "docID": "N161 Lang 2013",
    "et": "SpinalCordEvokedPotentialsTest",
    "off": 19274,
    "sff": "spinal cord"
  },
  {
    "docID": "N161 Lang 2013",
    "et": "SpinalCordEvokedPotentialsTest",
    "off": 1406,
    "sff": "spinal cord"
  },
  {
    "docID": "N161 Lang 2013",
    "et": "SpinalCordEvokedPotentialsTest",
    "off": 22115,
    "sff": "Spinal"
  },
  {
    "docID": "N161 Lang 2013",
    "et": "SpinalCordEvokedPotentialsTest",
    "off": 22334,
    "sff": "spinal cord"
  },
  {
    "docID": "N161 Lang 2013",
    "et": "SpinalCordEvokedPotentialsTest",
    "off": 22756,
    "sff": "spinal"
  },
  {
    "docID": "N161 Lang 2013",
    "et": "SpinalCordEvokedPotentialsTest",
    "off": 10883,
    "sff": "spinal cord"
  },
  {
    "docID": "N161 Lang 2013",
    "et": "SpinalCordEvokedPotentialsTest",
    "off": 4545,
    "sff": "spinal cord"
  },
  {
    "docID": "N161 Lang 2013",
    "et": "SpinalCordEvokedPotentialsTest",
    "off": 8215,
    "sff": "spinal cord"
  },
  {
    "docID": "N161 Lang 2013",
    "et": "SpinalCordEvokedPotentialsTest",
    "off": 11671,
    "sff": "spinal cord"
  },
  {
    "docID": "N161 Lang 2013",
    "et": "SpinalCordEvokedPotentialsTest",
    "off": 9241,
    "sff": "spinal cord"
  },
  {
    "docID": "N161 Lang 2013",
    "et": "SpinalCordEvokedPotentialsTest",
    "off": 20096,
    "sff": "cord"
  },
  {
    "docID": "N161 Lang 2013",
    "et": "SpinalCordEvokedPotentialsTest",
    "off": 19598,
    "sff": "spinal cord"
  },
  {
    "docID": "N161 Lang 2013",
    "et": "SpinalCordEvokedPotentialsTest",
    "off": 19789,
    "sff": "cord"
  },
  {
    "docID": "N161 Lang 2013",
    "et": "SpinalCordEvokedPotentialsTest",
    "off": 12493,
    "sff": "spinal cord"
  },
  {
    "docID": "N161 Lang 2013",
    "et": "SpinalCordEvokedPotentialsTest",
    "off": 22739,
    "sff": "spinal cord"
  },
  {
    "docID": "N161 Lang 2013",
    "et": "SpinalCordEvokedPotentialsTest",
    "off": 4370,
    "sff": "spinal cord"
  }
]
