[
  {
    "docID": "N163 Lee 2004",
    "et": "BBBTest",
    "off": 10706,
    "sff": "BBB"
  },
  {
    "docID": "N163 Lee 2004",
    "et": "BBBTest",
    "off": 21009,
    "sff": "BBB"
  },
  {
    "docID": "N163 Lee 2004",
    "et": "BBBTest",
    "off": 20911,
    "sff": "BBB"
  },
  {
    "docID": "N163 Lee 2004",
    "et": "BBBTest",
    "off": 7339,
    "sff": "BBB"
  },
  {
    "docID": "N163 Lee 2004",
    "et": "WalkingAnalysisParameter",
    "off": 7314,
    "sff": "walking"
  },
  {
    "docID": "N163 Lee 2004",
    "et": "WalkingAnalysisParameter",
    "off": 2843,
    "sff": "analysis"
  },
  {
    "docID": "N163 Lee 2004",
    "et": "WalkingAnalysisParameter",
    "off": 10686,
    "sff": "analysis"
  },
  {
    "docID": "N163 Lee 2004",
    "et": "WalkingAnalysisParameter",
    "off": 10354,
    "sff": "analysis"
  },
  {
    "docID": "N163 Lee 2004",
    "et": "SurfaceRightingReflexTest",
    "off": 7720,
    "sff": "surface"
  },
  {
    "docID": "N163 Lee 2004",
    "et": "SpinalSubduralArea",
    "off": 8201,
    "sff": "spinal"
  },
  {
    "docID": "N163 Lee 2004",
    "et": "SpinalSubduralArea",
    "off": 19208,
    "sff": "spinal"
  },
  {
    "docID": "N163 Lee 2004",
    "et": "SpinalSubduralArea",
    "off": 18117,
    "sff": "spinal"
  },
  {
    "docID": "N163 Lee 2004",
    "et": "SpinalSubduralArea",
    "off": 20036,
    "sff": "spinal"
  },
  {
    "docID": "N163 Lee 2004",
    "et": "SpinalSubduralArea",
    "off": 4546,
    "sff": "spinal"
  },
  {
    "docID": "N163 Lee 2004",
    "et": "SpinalSubduralArea",
    "off": 18047,
    "sff": "spinal"
  },
  {
    "docID": "N163 Lee 2004",
    "et": "SpinalSubduralArea",
    "off": 25022,
    "sff": "spinal"
  },
  {
    "docID": "N163 Lee 2004",
    "et": "SpinalSubduralArea",
    "off": 12669,
    "sff": "spinal"
  },
  {
    "docID": "N163 Lee 2004",
    "et": "SpinalSubduralArea",
    "off": 1469,
    "sff": "spinal"
  },
  {
    "docID": "N163 Lee 2004",
    "et": "SpinalSubduralArea",
    "off": 21243,
    "sff": "spinal"
  },
  {
    "docID": "N163 Lee 2004",
    "et": "SpinalSubduralArea",
    "off": 8698,
    "sff": "spinal"
  },
  {
    "docID": "N163 Lee 2004",
    "et": "SpinalSubduralArea",
    "off": 13048,
    "sff": "spinal"
  },
  {
    "docID": "N163 Lee 2004",
    "et": "SpinalSubduralArea",
    "off": 14197,
    "sff": "spinal"
  },
  {
    "docID": "N163 Lee 2004",
    "et": "SpinalSubduralArea",
    "off": 2677,
    "sff": "spinal"
  },
  {
    "docID": "N163 Lee 2004",
    "et": "SpinalSubduralArea",
    "off": 2483,
    "sff": "spinal"
  },
  {
    "docID": "N163 Lee 2004",
    "et": "SpinalSubduralArea",
    "off": 6067,
    "sff": "spinal"
  },
  {
    "docID": "N163 Lee 2004",
    "et": "SpinalSubduralArea",
    "off": 6000,
    "sff": "spinal"
  },
  {
    "docID": "N163 Lee 2004",
    "et": "SpinalSubduralArea",
    "off": 12459,
    "sff": "spinal"
  },
  {
    "docID": "N163 Lee 2004",
    "et": "SpinalSubduralArea",
    "off": 1579,
    "sff": "spinal"
  },
  {
    "docID": "N163 Lee 2004",
    "et": "SpinalSubduralArea",
    "off": 24554,
    "sff": "spinal"
  },
  {
    "docID": "N163 Lee 2004",
    "et": "SpinalSubduralArea",
    "off": 13478,
    "sff": "spinal"
  },
  {
    "docID": "N163 Lee 2004",
    "et": "SpinalSubduralArea",
    "off": 20005,
    "sff": "spinal"
  },
  {
    "docID": "N163 Lee 2004",
    "et": "SpinalSubduralArea",
    "off": 2080,
    "sff": "spinal"
  },
  {
    "docID": "N163 Lee 2004",
    "et": "SpinalSubduralArea",
    "off": 12832,
    "sff": "spinal"
  },
  {
    "docID": "N163 Lee 2004",
    "et": "SpinalSubduralArea",
    "off": 7007,
    "sff": "spinal"
  },
  {
    "docID": "N163 Lee 2004",
    "et": "SpinalSubduralArea",
    "off": 25886,
    "sff": "spinal"
  },
  {
    "docID": "N163 Lee 2004",
    "et": "SpinalSubduralArea",
    "off": 14365,
    "sff": "spinal"
  },
  {
    "docID": "N163 Lee 2004",
    "et": "SpinalSubduralArea",
    "off": 15964,
    "sff": "spinal"
  },
  {
    "docID": "N163 Lee 2004",
    "et": "SpinalSubduralArea",
    "off": 1306,
    "sff": "spinal"
  },
  {
    "docID": "N163 Lee 2004",
    "et": "SpinalSubduralArea",
    "off": 88,
    "sff": "spinal"
  },
  {
    "docID": "N163 Lee 2004",
    "et": "SpinalSubduralArea",
    "off": 11929,
    "sff": "spinal"
  },
  {
    "docID": "N163 Lee 2004",
    "et": "SpinalSubduralArea",
    "off": 25497,
    "sff": "spinal"
  },
  {
    "docID": "N163 Lee 2004",
    "et": "SpinalSubduralArea",
    "off": 1753,
    "sff": "spinal"
  },
  {
    "docID": "N163 Lee 2004",
    "et": "SpinalSubduralArea",
    "off": 17496,
    "sff": "spinal"
  },
  {
    "docID": "N163 Lee 2004",
    "et": "SpinalSubduralArea",
    "off": 9431,
    "sff": "spinal"
  },
  {
    "docID": "N163 Lee 2004",
    "et": "SpinalSubduralArea",
    "off": 12311,
    "sff": "spinal"
  },
  {
    "docID": "N163 Lee 2004",
    "et": "SpinalSubduralArea",
    "off": 21334,
    "sff": "spinal"
  },
  {
    "docID": "N163 Lee 2004",
    "et": "SpinalSubduralArea",
    "off": 4116,
    "sff": "spinal"
  },
  {
    "docID": "N163 Lee 2004",
    "et": "SpinalSubduralArea",
    "off": 13973,
    "sff": "spinal"
  },
  {
    "docID": "N163 Lee 2004",
    "et": "SpinalSubduralArea",
    "off": 15891,
    "sff": "spinal"
  },
  {
    "docID": "N163 Lee 2004",
    "et": "SpinalSubduralArea",
    "off": 1232,
    "sff": "spinal"
  },
  {
    "docID": "N163 Lee 2004",
    "et": "SpinalSubduralArea",
    "off": 9552,
    "sff": "spinal"
  },
  {
    "docID": "N163 Lee 2004",
    "et": "SpinalSubduralArea",
    "off": 25744,
    "sff": "spinal"
  },
  {
    "docID": "N163 Lee 2004",
    "et": "StainingArea",
    "off": 23456,
    "sff": "staining"
  },
  {
    "docID": "N163 Lee 2004",
    "et": "StainingArea",
    "off": 15262,
    "sff": "staining"
  },
  {
    "docID": "N163 Lee 2004",
    "et": "StainingArea",
    "off": 10955,
    "sff": "staining"
  },
  {
    "docID": "N163 Lee 2004",
    "et": "StainingArea",
    "off": 15320,
    "sff": "staining"
  },
  {
    "docID": "N163 Lee 2004",
    "et": "StainingArea",
    "off": 16950,
    "sff": "staining"
  },
  {
    "docID": "N163 Lee 2004",
    "et": "StainingArea",
    "off": 15522,
    "sff": "staining"
  },
  {
    "docID": "N163 Lee 2004",
    "et": "StainingArea",
    "off": 10932,
    "sff": "staining"
  },
  {
    "docID": "N163 Lee 2004",
    "et": "AdhesiveRemovalParameter",
    "off": 4903,
    "sff": "removal"
  },
  {
    "docID": "N163 Lee 2004",
    "et": "AdhesiveRemovalParameter",
    "off": 8367,
    "sff": "adhesive"
  },
  {
    "docID": "N163 Lee 2004",
    "et": "TailFlickReflexTest",
    "off": 8346,
    "sff": "tail"
  },
  {
    "docID": "N163 Lee 2004",
    "et": "CentralCanal",
    "off": 2235,
    "sff": "central"
  },
  {
    "docID": "N163 Lee 2004",
    "et": "CentralCanal",
    "off": 14612,
    "sff": "central"
  },
  {
    "docID": "N163 Lee 2004",
    "et": "SpinalFiberTract",
    "off": 2677,
    "sff": "spinal"
  },
  {
    "docID": "N163 Lee 2004",
    "et": "SpinalFiberTract",
    "off": 14197,
    "sff": "spinal"
  },
  {
    "docID": "N163 Lee 2004",
    "et": "SpinalFiberTract",
    "off": 13048,
    "sff": "spinal"
  },
  {
    "docID": "N163 Lee 2004",
    "et": "SpinalFiberTract",
    "off": 8698,
    "sff": "spinal"
  },
  {
    "docID": "N163 Lee 2004",
    "et": "SpinalFiberTract",
    "off": 21243,
    "sff": "spinal"
  },
  {
    "docID": "N163 Lee 2004",
    "et": "SpinalFiberTract",
    "off": 6000,
    "sff": "spinal"
  },
  {
    "docID": "N163 Lee 2004",
    "et": "SpinalFiberTract",
    "off": 2483,
    "sff": "spinal"
  },
  {
    "docID": "N163 Lee 2004",
    "et": "SpinalFiberTract",
    "off": 6067,
    "sff": "spinal"
  },
  {
    "docID": "N163 Lee 2004",
    "et": "SpinalFiberTract",
    "off": 13478,
    "sff": "spinal"
  },
  {
    "docID": "N163 Lee 2004",
    "et": "SpinalFiberTract",
    "off": 20005,
    "sff": "spinal"
  },
  {
    "docID": "N163 Lee 2004",
    "et": "SpinalFiberTract",
    "off": 24554,
    "sff": "spinal"
  },
  {
    "docID": "N163 Lee 2004",
    "et": "SpinalFiberTract",
    "off": 1579,
    "sff": "spinal"
  },
  {
    "docID": "N163 Lee 2004",
    "et": "SpinalFiberTract",
    "off": 12459,
    "sff": "spinal"
  },
  {
    "docID": "N163 Lee 2004",
    "et": "SpinalFiberTract",
    "off": 25886,
    "sff": "spinal"
  },
  {
    "docID": "N163 Lee 2004",
    "et": "SpinalFiberTract",
    "off": 14365,
    "sff": "spinal"
  },
  {
    "docID": "N163 Lee 2004",
    "et": "SpinalFiberTract",
    "off": 2080,
    "sff": "spinal"
  },
  {
    "docID": "N163 Lee 2004",
    "et": "SpinalFiberTract",
    "off": 12832,
    "sff": "spinal"
  },
  {
    "docID": "N163 Lee 2004",
    "et": "SpinalFiberTract",
    "off": 7007,
    "sff": "spinal"
  },
  {
    "docID": "N163 Lee 2004",
    "et": "SpinalFiberTract",
    "off": 21334,
    "sff": "spinal"
  },
  {
    "docID": "N163 Lee 2004",
    "et": "SpinalFiberTract",
    "off": 13973,
    "sff": "spinal"
  },
  {
    "docID": "N163 Lee 2004",
    "et": "SpinalFiberTract",
    "off": 88,
    "sff": "spinal"
  },
  {
    "docID": "N163 Lee 2004",
    "et": "SpinalFiberTract",
    "off": 17496,
    "sff": "spinal"
  },
  {
    "docID": "N163 Lee 2004",
    "et": "SpinalFiberTract",
    "off": 9431,
    "sff": "spinal"
  },
  {
    "docID": "N163 Lee 2004",
    "et": "SpinalFiberTract",
    "off": 12311,
    "sff": "spinal"
  },
  {
    "docID": "N163 Lee 2004",
    "et": "SpinalFiberTract",
    "off": 1306,
    "sff": "spinal"
  },
  {
    "docID": "N163 Lee 2004",
    "et": "SpinalFiberTract",
    "off": 1753,
    "sff": "spinal"
  },
  {
    "docID": "N163 Lee 2004",
    "et": "SpinalFiberTract",
    "off": 11929,
    "sff": "spinal"
  },
  {
    "docID": "N163 Lee 2004",
    "et": "SpinalFiberTract",
    "off": 25497,
    "sff": "spinal"
  },
  {
    "docID": "N163 Lee 2004",
    "et": "SpinalFiberTract",
    "off": 15964,
    "sff": "spinal"
  },
  {
    "docID": "N163 Lee 2004",
    "et": "SpinalFiberTract",
    "off": 1232,
    "sff": "spinal"
  },
  {
    "docID": "N163 Lee 2004",
    "et": "SpinalFiberTract",
    "off": 9552,
    "sff": "spinal"
  },
  {
    "docID": "N163 Lee 2004",
    "et": "SpinalFiberTract",
    "off": 25744,
    "sff": "spinal"
  },
  {
    "docID": "N163 Lee 2004",
    "et": "SpinalFiberTract",
    "off": 4116,
    "sff": "spinal"
  },
  {
    "docID": "N163 Lee 2004",
    "et": "SpinalFiberTract",
    "off": 4929,
    "sff": "fiber"
  },
  {
    "docID": "N163 Lee 2004",
    "et": "SpinalFiberTract",
    "off": 15891,
    "sff": "spinal"
  },
  {
    "docID": "N163 Lee 2004",
    "et": "SpinalFiberTract",
    "off": 18117,
    "sff": "spinal"
  },
  {
    "docID": "N163 Lee 2004",
    "et": "SpinalFiberTract",
    "off": 19208,
    "sff": "spinal"
  },
  {
    "docID": "N163 Lee 2004",
    "et": "SpinalFiberTract",
    "off": 8201,
    "sff": "spinal"
  },
  {
    "docID": "N163 Lee 2004",
    "et": "SpinalFiberTract",
    "off": 25022,
    "sff": "spinal"
  },
  {
    "docID": "N163 Lee 2004",
    "et": "SpinalFiberTract",
    "off": 1469,
    "sff": "spinal"
  },
  {
    "docID": "N163 Lee 2004",
    "et": "SpinalFiberTract",
    "off": 12669,
    "sff": "spinal"
  },
  {
    "docID": "N163 Lee 2004",
    "et": "SpinalFiberTract",
    "off": 18047,
    "sff": "spinal"
  },
  {
    "docID": "N163 Lee 2004",
    "et": "SpinalFiberTract",
    "off": 4546,
    "sff": "spinal"
  },
  {
    "docID": "N163 Lee 2004",
    "et": "SpinalFiberTract",
    "off": 20036,
    "sff": "spinal"
  },
  {
    "docID": "N163 Lee 2004",
    "et": "SpinalFiberTract",
    "off": 2193,
    "sff": "fiber"
  },
  {
    "docID": "N163 Lee 2004",
    "et": "SpinalVentralHalf",
    "off": 13478,
    "sff": "spinal"
  },
  {
    "docID": "N163 Lee 2004",
    "et": "SpinalVentralHalf",
    "off": 1579,
    "sff": "spinal"
  },
  {
    "docID": "N163 Lee 2004",
    "et": "SpinalVentralHalf",
    "off": 6771,
    "sff": "ventral"
  },
  {
    "docID": "N163 Lee 2004",
    "et": "SpinalVentralHalf",
    "off": 13430,
    "sff": "ventral"
  },
  {
    "docID": "N163 Lee 2004",
    "et": "SpinalVentralHalf",
    "off": 24554,
    "sff": "spinal"
  },
  {
    "docID": "N163 Lee 2004",
    "et": "SpinalVentralHalf",
    "off": 12459,
    "sff": "spinal"
  },
  {
    "docID": "N163 Lee 2004",
    "et": "SpinalVentralHalf",
    "off": 6000,
    "sff": "spinal"
  },
  {
    "docID": "N163 Lee 2004",
    "et": "SpinalVentralHalf",
    "off": 12271,
    "sff": "ventral"
  },
  {
    "docID": "N163 Lee 2004",
    "et": "SpinalVentralHalf",
    "off": 2677,
    "sff": "spinal"
  },
  {
    "docID": "N163 Lee 2004",
    "et": "SpinalVentralHalf",
    "off": 14197,
    "sff": "spinal"
  },
  {
    "docID": "N163 Lee 2004",
    "et": "SpinalVentralHalf",
    "off": 2483,
    "sff": "spinal"
  },
  {
    "docID": "N163 Lee 2004",
    "et": "SpinalVentralHalf",
    "off": 6067,
    "sff": "spinal"
  },
  {
    "docID": "N163 Lee 2004",
    "et": "SpinalVentralHalf",
    "off": 17496,
    "sff": "spinal"
  },
  {
    "docID": "N163 Lee 2004",
    "et": "SpinalVentralHalf",
    "off": 11929,
    "sff": "spinal"
  },
  {
    "docID": "N163 Lee 2004",
    "et": "SpinalVentralHalf",
    "off": 25497,
    "sff": "spinal"
  },
  {
    "docID": "N163 Lee 2004",
    "et": "SpinalVentralHalf",
    "off": 1753,
    "sff": "spinal"
  },
  {
    "docID": "N163 Lee 2004",
    "et": "SpinalVentralHalf",
    "off": 21334,
    "sff": "spinal"
  },
  {
    "docID": "N163 Lee 2004",
    "et": "SpinalVentralHalf",
    "off": 88,
    "sff": "spinal"
  },
  {
    "docID": "N163 Lee 2004",
    "et": "SpinalVentralHalf",
    "off": 9431,
    "sff": "spinal"
  },
  {
    "docID": "N163 Lee 2004",
    "et": "SpinalVentralHalf",
    "off": 12311,
    "sff": "spinal"
  },
  {
    "docID": "N163 Lee 2004",
    "et": "SpinalVentralHalf",
    "off": 15964,
    "sff": "spinal"
  },
  {
    "docID": "N163 Lee 2004",
    "et": "SpinalVentralHalf",
    "off": 1306,
    "sff": "spinal"
  },
  {
    "docID": "N163 Lee 2004",
    "et": "SpinalVentralHalf",
    "off": 14365,
    "sff": "spinal"
  },
  {
    "docID": "N163 Lee 2004",
    "et": "SpinalVentralHalf",
    "off": 12832,
    "sff": "spinal"
  },
  {
    "docID": "N163 Lee 2004",
    "et": "SpinalVentralHalf",
    "off": 25886,
    "sff": "spinal"
  },
  {
    "docID": "N163 Lee 2004",
    "et": "SpinalVentralHalf",
    "off": 2080,
    "sff": "spinal"
  },
  {
    "docID": "N163 Lee 2004",
    "et": "SpinalVentralHalf",
    "off": 7007,
    "sff": "spinal"
  },
  {
    "docID": "N163 Lee 2004",
    "et": "SpinalVentralHalf",
    "off": 20005,
    "sff": "spinal"
  },
  {
    "docID": "N163 Lee 2004",
    "et": "SpinalVentralHalf",
    "off": 19208,
    "sff": "spinal"
  },
  {
    "docID": "N163 Lee 2004",
    "et": "SpinalVentralHalf",
    "off": 8201,
    "sff": "spinal"
  },
  {
    "docID": "N163 Lee 2004",
    "et": "SpinalVentralHalf",
    "off": 9552,
    "sff": "spinal"
  },
  {
    "docID": "N163 Lee 2004",
    "et": "SpinalVentralHalf",
    "off": 25744,
    "sff": "spinal"
  },
  {
    "docID": "N163 Lee 2004",
    "et": "SpinalVentralHalf",
    "off": 1232,
    "sff": "spinal"
  },
  {
    "docID": "N163 Lee 2004",
    "et": "SpinalVentralHalf",
    "off": 4116,
    "sff": "spinal"
  },
  {
    "docID": "N163 Lee 2004",
    "et": "SpinalVentralHalf",
    "off": 13973,
    "sff": "spinal"
  },
  {
    "docID": "N163 Lee 2004",
    "et": "SpinalVentralHalf",
    "off": 15891,
    "sff": "spinal"
  },
  {
    "docID": "N163 Lee 2004",
    "et": "SpinalVentralHalf",
    "off": 13048,
    "sff": "spinal"
  },
  {
    "docID": "N163 Lee 2004",
    "et": "SpinalVentralHalf",
    "off": 12669,
    "sff": "spinal"
  },
  {
    "docID": "N163 Lee 2004",
    "et": "SpinalVentralHalf",
    "off": 1469,
    "sff": "spinal"
  },
  {
    "docID": "N163 Lee 2004",
    "et": "SpinalVentralHalf",
    "off": 8698,
    "sff": "spinal"
  },
  {
    "docID": "N163 Lee 2004",
    "et": "SpinalVentralHalf",
    "off": 21243,
    "sff": "spinal"
  },
  {
    "docID": "N163 Lee 2004",
    "et": "SpinalVentralHalf",
    "off": 25022,
    "sff": "spinal"
  },
  {
    "docID": "N163 Lee 2004",
    "et": "SpinalVentralHalf",
    "off": 18047,
    "sff": "spinal"
  },
  {
    "docID": "N163 Lee 2004",
    "et": "SpinalVentralHalf",
    "off": 20036,
    "sff": "spinal"
  },
  {
    "docID": "N163 Lee 2004",
    "et": "SpinalVentralHalf",
    "off": 18117,
    "sff": "spinal"
  },
  {
    "docID": "N163 Lee 2004",
    "et": "SpinalVentralHalf",
    "off": 4546,
    "sff": "spinal"
  },
  {
    "docID": "N163 Lee 2004",
    "et": "Rostral",
    "off": 6330,
    "sff": "rostral"
  },
  {
    "docID": "N163 Lee 2004",
    "et": "Rostral",
    "off": 13418,
    "sff": "rostral"
  },
  {
    "docID": "N163 Lee 2004",
    "et": "Rostral",
    "off": 6965,
    "sff": "rostral"
  },
  {
    "docID": "N163 Lee 2004",
    "et": "Rostral",
    "off": 12259,
    "sff": "rostral"
  },
  {
    "docID": "N163 Lee 2004",
    "et": "Rostral",
    "off": 18468,
    "sff": "rostral"
  },
  {
    "docID": "N163 Lee 2004",
    "et": "Rostral",
    "off": 13808,
    "sff": "rostral"
  },
  {
    "docID": "N163 Lee 2004",
    "et": "TissueSparingTest",
    "off": 21938,
    "sff": "tissue"
  },
  {
    "docID": "N163 Lee 2004",
    "et": "DorsalColumn",
    "off": 17294,
    "sff": "dorsal column"
  },
  {
    "docID": "N163 Lee 2004",
    "et": "DorsalColumn",
    "off": 6807,
    "sff": "dorsal"
  },
  {
    "docID": "N163 Lee 2004",
    "et": "DorsalColumn",
    "off": 16184,
    "sff": "dorsal column"
  },
  {
    "docID": "N163 Lee 2004",
    "et": "SpinalFiber",
    "off": 8201,
    "sff": "spinal"
  },
  {
    "docID": "N163 Lee 2004",
    "et": "SpinalFiber",
    "off": 19208,
    "sff": "spinal"
  },
  {
    "docID": "N163 Lee 2004",
    "et": "SpinalFiber",
    "off": 1232,
    "sff": "spinal"
  },
  {
    "docID": "N163 Lee 2004",
    "et": "SpinalFiber",
    "off": 9552,
    "sff": "spinal"
  },
  {
    "docID": "N163 Lee 2004",
    "et": "SpinalFiber",
    "off": 25744,
    "sff": "spinal"
  },
  {
    "docID": "N163 Lee 2004",
    "et": "SpinalFiber",
    "off": 13973,
    "sff": "spinal"
  },
  {
    "docID": "N163 Lee 2004",
    "et": "SpinalFiber",
    "off": 21334,
    "sff": "spinal"
  },
  {
    "docID": "N163 Lee 2004",
    "et": "SpinalFiber",
    "off": 15891,
    "sff": "spinal"
  },
  {
    "docID": "N163 Lee 2004",
    "et": "SpinalFiber",
    "off": 4116,
    "sff": "spinal"
  },
  {
    "docID": "N163 Lee 2004",
    "et": "SpinalFiber",
    "off": 1753,
    "sff": "spinal"
  },
  {
    "docID": "N163 Lee 2004",
    "et": "SpinalFiber",
    "off": 11929,
    "sff": "spinal"
  },
  {
    "docID": "N163 Lee 2004",
    "et": "SpinalFiber",
    "off": 25497,
    "sff": "spinal"
  },
  {
    "docID": "N163 Lee 2004",
    "et": "SpinalFiber",
    "off": 1306,
    "sff": "spinal"
  },
  {
    "docID": "N163 Lee 2004",
    "et": "SpinalFiber",
    "off": 9431,
    "sff": "spinal"
  },
  {
    "docID": "N163 Lee 2004",
    "et": "SpinalFiber",
    "off": 12311,
    "sff": "spinal"
  },
  {
    "docID": "N163 Lee 2004",
    "et": "SpinalFiber",
    "off": 88,
    "sff": "spinal"
  },
  {
    "docID": "N163 Lee 2004",
    "et": "SpinalFiber",
    "off": 17496,
    "sff": "spinal"
  },
  {
    "docID": "N163 Lee 2004",
    "et": "SpinalFiber",
    "off": 14365,
    "sff": "spinal"
  },
  {
    "docID": "N163 Lee 2004",
    "et": "SpinalFiber",
    "off": 25886,
    "sff": "spinal"
  },
  {
    "docID": "N163 Lee 2004",
    "et": "SpinalFiber",
    "off": 15964,
    "sff": "spinal"
  },
  {
    "docID": "N163 Lee 2004",
    "et": "SpinalFiber",
    "off": 7007,
    "sff": "spinal"
  },
  {
    "docID": "N163 Lee 2004",
    "et": "SpinalFiber",
    "off": 2080,
    "sff": "spinal"
  },
  {
    "docID": "N163 Lee 2004",
    "et": "SpinalFiber",
    "off": 12832,
    "sff": "spinal"
  },
  {
    "docID": "N163 Lee 2004",
    "et": "SpinalFiber",
    "off": 20005,
    "sff": "spinal"
  },
  {
    "docID": "N163 Lee 2004",
    "et": "SpinalFiber",
    "off": 13478,
    "sff": "spinal"
  },
  {
    "docID": "N163 Lee 2004",
    "et": "SpinalFiber",
    "off": 24554,
    "sff": "spinal"
  },
  {
    "docID": "N163 Lee 2004",
    "et": "SpinalFiber",
    "off": 1579,
    "sff": "spinal"
  },
  {
    "docID": "N163 Lee 2004",
    "et": "SpinalFiber",
    "off": 12459,
    "sff": "spinal"
  },
  {
    "docID": "N163 Lee 2004",
    "et": "SpinalFiber",
    "off": 6000,
    "sff": "spinal"
  },
  {
    "docID": "N163 Lee 2004",
    "et": "SpinalFiber",
    "off": 2677,
    "sff": "spinal"
  },
  {
    "docID": "N163 Lee 2004",
    "et": "SpinalFiber",
    "off": 14197,
    "sff": "spinal"
  },
  {
    "docID": "N163 Lee 2004",
    "et": "SpinalFiber",
    "off": 2483,
    "sff": "spinal"
  },
  {
    "docID": "N163 Lee 2004",
    "et": "SpinalFiber",
    "off": 6067,
    "sff": "spinal"
  },
  {
    "docID": "N163 Lee 2004",
    "et": "SpinalFiber",
    "off": 8698,
    "sff": "spinal"
  },
  {
    "docID": "N163 Lee 2004",
    "et": "SpinalFiber",
    "off": 13048,
    "sff": "spinal"
  },
  {
    "docID": "N163 Lee 2004",
    "et": "SpinalFiber",
    "off": 1469,
    "sff": "spinal"
  },
  {
    "docID": "N163 Lee 2004",
    "et": "SpinalFiber",
    "off": 12669,
    "sff": "spinal"
  },
  {
    "docID": "N163 Lee 2004",
    "et": "SpinalFiber",
    "off": 25022,
    "sff": "spinal"
  },
  {
    "docID": "N163 Lee 2004",
    "et": "SpinalFiber",
    "off": 21243,
    "sff": "spinal"
  },
  {
    "docID": "N163 Lee 2004",
    "et": "SpinalFiber",
    "off": 4546,
    "sff": "spinal"
  },
  {
    "docID": "N163 Lee 2004",
    "et": "SpinalFiber",
    "off": 18047,
    "sff": "spinal"
  },
  {
    "docID": "N163 Lee 2004",
    "et": "SpinalFiber",
    "off": 18117,
    "sff": "spinal"
  },
  {
    "docID": "N163 Lee 2004",
    "et": "SpinalFiber",
    "off": 20036,
    "sff": "spinal"
  },
  {
    "docID": "N163 Lee 2004",
    "et": "SurvivalObservation",
    "off": 26328,
    "sff": "survival"
  },
  {
    "docID": "N163 Lee 2004",
    "et": "SurvivalObservation",
    "off": 895,
    "sff": "survival"
  },
  {
    "docID": "N163 Lee 2004",
    "et": "Left",
    "off": 17600,
    "sff": "left"
  },
  {
    "docID": "N163 Lee 2004",
    "et": "Left",
    "off": 12093,
    "sff": "left"
  },
  {
    "docID": "N163 Lee 2004",
    "et": "Left",
    "off": 13154,
    "sff": "left"
  },
  {
    "docID": "N163 Lee 2004",
    "et": "AxonalRegenerationTest",
    "off": 757,
    "sff": "axonal regeneration"
  },
  {
    "docID": "N163 Lee 2004",
    "et": "SignalIntensity",
    "off": 18228,
    "sff": "signal"
  },
  {
    "docID": "N163 Lee 2004",
    "et": "SignalIntensity",
    "off": 16018,
    "sff": "signal"
  },
  {
    "docID": "N163 Lee 2004",
    "et": "ProteinLevelAnalysis",
    "off": 25127,
    "sff": "protein"
  },
  {
    "docID": "N163 Lee 2004",
    "et": "ProteinLevelAnalysis",
    "off": 9829,
    "sff": "protein"
  },
  {
    "docID": "N163 Lee 2004",
    "et": "RemovalLatency",
    "off": 4903,
    "sff": "removal"
  },
  {
    "docID": "N163 Lee 2004",
    "et": "SpinalLesionSite",
    "off": 20036,
    "sff": "spinal"
  },
  {
    "docID": "N163 Lee 2004",
    "et": "SpinalLesionSite",
    "off": 18117,
    "sff": "spinal"
  },
  {
    "docID": "N163 Lee 2004",
    "et": "SpinalLesionSite",
    "off": 4546,
    "sff": "spinal"
  },
  {
    "docID": "N163 Lee 2004",
    "et": "SpinalLesionSite",
    "off": 19208,
    "sff": "spinal"
  },
  {
    "docID": "N163 Lee 2004",
    "et": "SpinalLesionSite",
    "off": 8201,
    "sff": "spinal"
  },
  {
    "docID": "N163 Lee 2004",
    "et": "SpinalLesionSite",
    "off": 26050,
    "sff": "lesion"
  },
  {
    "docID": "N163 Lee 2004",
    "et": "SpinalLesionSite",
    "off": 1469,
    "sff": "spinal"
  },
  {
    "docID": "N163 Lee 2004",
    "et": "SpinalLesionSite",
    "off": 12669,
    "sff": "spinal"
  },
  {
    "docID": "N163 Lee 2004",
    "et": "SpinalLesionSite",
    "off": 8698,
    "sff": "spinal"
  },
  {
    "docID": "N163 Lee 2004",
    "et": "SpinalLesionSite",
    "off": 21243,
    "sff": "spinal"
  },
  {
    "docID": "N163 Lee 2004",
    "et": "SpinalLesionSite",
    "off": 25022,
    "sff": "spinal"
  },
  {
    "docID": "N163 Lee 2004",
    "et": "SpinalLesionSite",
    "off": 18047,
    "sff": "spinal"
  },
  {
    "docID": "N163 Lee 2004",
    "et": "SpinalLesionSite",
    "off": 2677,
    "sff": "spinal"
  },
  {
    "docID": "N163 Lee 2004",
    "et": "SpinalLesionSite",
    "off": 14197,
    "sff": "spinal"
  },
  {
    "docID": "N163 Lee 2004",
    "et": "SpinalLesionSite",
    "off": 2483,
    "sff": "spinal"
  },
  {
    "docID": "N163 Lee 2004",
    "et": "SpinalLesionSite",
    "off": 6067,
    "sff": "spinal"
  },
  {
    "docID": "N163 Lee 2004",
    "et": "SpinalLesionSite",
    "off": 13048,
    "sff": "spinal"
  },
  {
    "docID": "N163 Lee 2004",
    "et": "SpinalLesionSite",
    "off": 25008,
    "sff": "lesion"
  },
  {
    "docID": "N163 Lee 2004",
    "et": "SpinalLesionSite",
    "off": 24554,
    "sff": "spinal"
  },
  {
    "docID": "N163 Lee 2004",
    "et": "SpinalLesionSite",
    "off": 1579,
    "sff": "spinal"
  },
  {
    "docID": "N163 Lee 2004",
    "et": "SpinalLesionSite",
    "off": 12459,
    "sff": "spinal"
  },
  {
    "docID": "N163 Lee 2004",
    "et": "SpinalLesionSite",
    "off": 6000,
    "sff": "spinal"
  },
  {
    "docID": "N163 Lee 2004",
    "et": "SpinalLesionSite",
    "off": 20005,
    "sff": "spinal"
  },
  {
    "docID": "N163 Lee 2004",
    "et": "SpinalLesionSite",
    "off": 13478,
    "sff": "spinal"
  },
  {
    "docID": "N163 Lee 2004",
    "et": "SpinalLesionSite",
    "off": 15964,
    "sff": "spinal"
  },
  {
    "docID": "N163 Lee 2004",
    "et": "SpinalLesionSite",
    "off": 14365,
    "sff": "spinal"
  },
  {
    "docID": "N163 Lee 2004",
    "et": "SpinalLesionSite",
    "off": 1306,
    "sff": "spinal"
  },
  {
    "docID": "N163 Lee 2004",
    "et": "SpinalLesionSite",
    "off": 2080,
    "sff": "spinal"
  },
  {
    "docID": "N163 Lee 2004",
    "et": "SpinalLesionSite",
    "off": 12832,
    "sff": "spinal"
  },
  {
    "docID": "N163 Lee 2004",
    "et": "SpinalLesionSite",
    "off": 25177,
    "sff": "lesion"
  },
  {
    "docID": "N163 Lee 2004",
    "et": "SpinalLesionSite",
    "off": 25886,
    "sff": "spinal"
  },
  {
    "docID": "N163 Lee 2004",
    "et": "SpinalLesionSite",
    "off": 7007,
    "sff": "spinal"
  },
  {
    "docID": "N163 Lee 2004",
    "et": "SpinalLesionSite",
    "off": 4116,
    "sff": "spinal"
  },
  {
    "docID": "N163 Lee 2004",
    "et": "SpinalLesionSite",
    "off": 13973,
    "sff": "spinal"
  },
  {
    "docID": "N163 Lee 2004",
    "et": "SpinalLesionSite",
    "off": 15891,
    "sff": "spinal"
  },
  {
    "docID": "N163 Lee 2004",
    "et": "SpinalLesionSite",
    "off": 88,
    "sff": "spinal"
  },
  {
    "docID": "N163 Lee 2004",
    "et": "SpinalLesionSite",
    "off": 17496,
    "sff": "spinal"
  },
  {
    "docID": "N163 Lee 2004",
    "et": "SpinalLesionSite",
    "off": 1753,
    "sff": "spinal"
  },
  {
    "docID": "N163 Lee 2004",
    "et": "SpinalLesionSite",
    "off": 11929,
    "sff": "spinal"
  },
  {
    "docID": "N163 Lee 2004",
    "et": "SpinalLesionSite",
    "off": 25497,
    "sff": "spinal"
  },
  {
    "docID": "N163 Lee 2004",
    "et": "SpinalLesionSite",
    "off": 21334,
    "sff": "spinal"
  },
  {
    "docID": "N163 Lee 2004",
    "et": "SpinalLesionSite",
    "off": 9431,
    "sff": "spinal"
  },
  {
    "docID": "N163 Lee 2004",
    "et": "SpinalLesionSite",
    "off": 12311,
    "sff": "spinal"
  },
  {
    "docID": "N163 Lee 2004",
    "et": "SpinalLesionSite",
    "off": 1232,
    "sff": "spinal"
  },
  {
    "docID": "N163 Lee 2004",
    "et": "SpinalLesionSite",
    "off": 9552,
    "sff": "spinal"
  },
  {
    "docID": "N163 Lee 2004",
    "et": "SpinalLesionSite",
    "off": 25483,
    "sff": "lesion"
  },
  {
    "docID": "N163 Lee 2004",
    "et": "SpinalLesionSite",
    "off": 25744,
    "sff": "spinal"
  },
  {
    "docID": "N163 Lee 2004",
    "et": "T2",
    "off": 3804,
    "sff": "T2"
  },
  {
    "docID": "N163 Lee 2004",
    "et": "T2",
    "off": 11302,
    "sff": "T2"
  },
  {
    "docID": "N163 Lee 2004",
    "et": "T2",
    "off": 8837,
    "sff": "T2"
  },
  {
    "docID": "N163 Lee 2004",
    "et": "T2",
    "off": 16067,
    "sff": "T2"
  },
  {
    "docID": "N163 Lee 2004",
    "et": "T2",
    "off": 14801,
    "sff": "T2"
  },
  {
    "docID": "N163 Lee 2004",
    "et": "T2",
    "off": 15630,
    "sff": "T2"
  },
  {
    "docID": "N163 Lee 2004",
    "et": "T2",
    "off": 22893,
    "sff": "T2"
  },
  {
    "docID": "N163 Lee 2004",
    "et": "T8",
    "off": 6034,
    "sff": "T8"
  },
  {
    "docID": "N163 Lee 2004",
    "et": "LesionVolumeTest",
    "off": 25008,
    "sff": "lesion"
  },
  {
    "docID": "N163 Lee 2004",
    "et": "LesionVolumeTest",
    "off": 25177,
    "sff": "lesion"
  },
  {
    "docID": "N163 Lee 2004",
    "et": "LesionVolumeTest",
    "off": 25483,
    "sff": "lesion"
  },
  {
    "docID": "N163 Lee 2004",
    "et": "LesionVolumeTest",
    "off": 26050,
    "sff": "lesion"
  },
  {
    "docID": "N163 Lee 2004",
    "et": "GripStrengthMeter",
    "off": 7545,
    "sff": "strength"
  },
  {
    "docID": "N163 Lee 2004",
    "et": "SchwannCellChangesTest",
    "off": 26323,
    "sff": "cell"
  },
  {
    "docID": "N163 Lee 2004",
    "et": "SchwannCellChangesTest",
    "off": 1839,
    "sff": "cell"
  },
  {
    "docID": "N163 Lee 2004",
    "et": "SchwannCellChangesTest",
    "off": 3147,
    "sff": "cell"
  },
  {
    "docID": "N163 Lee 2004",
    "et": "SchwannCellChangesTest",
    "off": 6443,
    "sff": "cell"
  },
  {
    "docID": "N163 Lee 2004",
    "et": "SchwannCellChangesTest",
    "off": 11432,
    "sff": "cell"
  },
  {
    "docID": "N163 Lee 2004",
    "et": "SchwannCellChangesTest",
    "off": 15714,
    "sff": "cell"
  },
  {
    "docID": "N163 Lee 2004",
    "et": "SchwannCellChangesTest",
    "off": 4581,
    "sff": "Cell"
  },
  {
    "docID": "N163 Lee 2004",
    "et": "SchwannCellChangesTest",
    "off": 21758,
    "sff": "cell"
  },
  {
    "docID": "N163 Lee 2004",
    "et": "SchwannCellChangesTest",
    "off": 23967,
    "sff": "cell"
  },
  {
    "docID": "N163 Lee 2004",
    "et": "SchwannCellChangesTest",
    "off": 3514,
    "sff": "cell"
  },
  {
    "docID": "N163 Lee 2004",
    "et": "SchwannCellChangesTest",
    "off": 24160,
    "sff": "Schwann"
  },
  {
    "docID": "N163 Lee 2004",
    "et": "SchwannCellChangesTest",
    "off": 23931,
    "sff": "cell"
  },
  {
    "docID": "N163 Lee 2004",
    "et": "SchwannCellChangesTest",
    "off": 11352,
    "sff": "cell"
  },
  {
    "docID": "N163 Lee 2004",
    "et": "SchwannCellChangesTest",
    "off": 12888,
    "sff": "cell"
  },
  {
    "docID": "N163 Lee 2004",
    "et": "SchwannCellChangesTest",
    "off": 3068,
    "sff": "Schwann"
  },
  {
    "docID": "N163 Lee 2004",
    "et": "SchwannCellChangesTest",
    "off": 20057,
    "sff": "cell"
  },
  {
    "docID": "N163 Lee 2004",
    "et": "SchwannCellChangesTest",
    "off": 23193,
    "sff": "cell"
  },
  {
    "docID": "N163 Lee 2004",
    "et": "SchwannCellChangesTest",
    "off": 3286,
    "sff": "cell"
  },
  {
    "docID": "N163 Lee 2004",
    "et": "SchwannCellChangesTest",
    "off": 15447,
    "sff": "cell"
  },
  {
    "docID": "N163 Lee 2004",
    "et": "SchwannCellChangesTest",
    "off": 26261,
    "sff": "cell"
  },
  {
    "docID": "N163 Lee 2004",
    "et": "GaleRatingScoreTest",
    "off": 7343,
    "sff": "rating"
  },
  {
    "docID": "N163 Lee 2004",
    "et": "SecondaryDegenerationTest",
    "off": 10153,
    "sff": "secondary"
  },
  {
    "docID": "N163 Lee 2004",
    "et": "Right",
    "off": 12117,
    "sff": "right"
  },
  {
    "docID": "N163 Lee 2004",
    "et": "Right",
    "off": 13178,
    "sff": "right"
  },
  {
    "docID": "N163 Lee 2004",
    "et": "Ventral",
    "off": 13430,
    "sff": "ventral"
  },
  {
    "docID": "N163 Lee 2004",
    "et": "Ventral",
    "off": 12271,
    "sff": "ventral"
  },
  {
    "docID": "N163 Lee 2004",
    "et": "Ventral",
    "off": 6771,
    "sff": "ventral"
  },
  {
    "docID": "N163 Lee 2004",
    "et": "TreatmentSite",
    "off": 9207,
    "sff": "treatment"
  },
  {
    "docID": "N163 Lee 2004",
    "et": "TreatmentSite",
    "off": 6205,
    "sff": "treatment"
  },
  {
    "docID": "N163 Lee 2004",
    "et": "Longitudinal",
    "off": 12631,
    "sff": "Longitudinal"
  },
  {
    "docID": "N163 Lee 2004",
    "et": "SpinalCord",
    "off": 1306,
    "sff": "spinal cord"
  },
  {
    "docID": "N163 Lee 2004",
    "et": "SpinalCord",
    "off": 1753,
    "sff": "spinal cord"
  },
  {
    "docID": "N163 Lee 2004",
    "et": "SpinalCord",
    "off": 11929,
    "sff": "spinal cord"
  },
  {
    "docID": "N163 Lee 2004",
    "et": "SpinalCord",
    "off": 88,
    "sff": "spinal cord"
  },
  {
    "docID": "N163 Lee 2004",
    "et": "SpinalCord",
    "off": 14365,
    "sff": "spinal cord"
  },
  {
    "docID": "N163 Lee 2004",
    "et": "SpinalCord",
    "off": 12311,
    "sff": "spinal cord"
  },
  {
    "docID": "N163 Lee 2004",
    "et": "SpinalCord",
    "off": 25886,
    "sff": "spinal cord"
  },
  {
    "docID": "N163 Lee 2004",
    "et": "SpinalCord",
    "off": 17496,
    "sff": "spinal cord"
  },
  {
    "docID": "N163 Lee 2004",
    "et": "SpinalCord",
    "off": 25497,
    "sff": "spinal cord"
  },
  {
    "docID": "N163 Lee 2004",
    "et": "SpinalCord",
    "off": 21243,
    "sff": "spinal"
  },
  {
    "docID": "N163 Lee 2004",
    "et": "SpinalCord",
    "off": 15891,
    "sff": "spinal cord"
  },
  {
    "docID": "N163 Lee 2004",
    "et": "SpinalCord",
    "off": 13973,
    "sff": "spinal cord"
  },
  {
    "docID": "N163 Lee 2004",
    "et": "SpinalCord",
    "off": 21334,
    "sff": "spinal cord"
  },
  {
    "docID": "N163 Lee 2004",
    "et": "SpinalCord",
    "off": 25744,
    "sff": "spinal"
  },
  {
    "docID": "N163 Lee 2004",
    "et": "SpinalCord",
    "off": 4116,
    "sff": "spinal cord"
  },
  {
    "docID": "N163 Lee 2004",
    "et": "SpinalCord",
    "off": 1232,
    "sff": "spinal"
  },
  {
    "docID": "N163 Lee 2004",
    "et": "SpinalCord",
    "off": 9552,
    "sff": "spinal"
  },
  {
    "docID": "N163 Lee 2004",
    "et": "SpinalCord",
    "off": 1579,
    "sff": "spinal cord"
  },
  {
    "docID": "N163 Lee 2004",
    "et": "SpinalCord",
    "off": 12459,
    "sff": "spinal cord"
  },
  {
    "docID": "N163 Lee 2004",
    "et": "SpinalCord",
    "off": 8201,
    "sff": "spinal"
  },
  {
    "docID": "N163 Lee 2004",
    "et": "SpinalCord",
    "off": 2080,
    "sff": "spinal cord"
  },
  {
    "docID": "N163 Lee 2004",
    "et": "SpinalCord",
    "off": 12832,
    "sff": "spinal cord"
  },
  {
    "docID": "N163 Lee 2004",
    "et": "SpinalCord",
    "off": 20005,
    "sff": "spinal cord"
  },
  {
    "docID": "N163 Lee 2004",
    "et": "SpinalCord",
    "off": 13478,
    "sff": "spinal cord"
  },
  {
    "docID": "N163 Lee 2004",
    "et": "SpinalCord",
    "off": 8698,
    "sff": "spinal cord"
  },
  {
    "docID": "N163 Lee 2004",
    "et": "SpinalCord",
    "off": 13048,
    "sff": "spinal cord"
  },
  {
    "docID": "N163 Lee 2004",
    "et": "SpinalCord",
    "off": 7007,
    "sff": "spinal"
  },
  {
    "docID": "N163 Lee 2004",
    "et": "SpinalCord",
    "off": 25022,
    "sff": "spinal cord"
  },
  {
    "docID": "N163 Lee 2004",
    "et": "SpinalCord",
    "off": 1469,
    "sff": "spinal cord"
  },
  {
    "docID": "N163 Lee 2004",
    "et": "SpinalCord",
    "off": 12669,
    "sff": "spinal cord"
  },
  {
    "docID": "N163 Lee 2004",
    "et": "SpinalCord",
    "off": 15964,
    "sff": "spinal"
  },
  {
    "docID": "N163 Lee 2004",
    "et": "SpinalCord",
    "off": 24554,
    "sff": "spinal"
  },
  {
    "docID": "N163 Lee 2004",
    "et": "SpinalCord",
    "off": 6000,
    "sff": "spinal cord"
  },
  {
    "docID": "N163 Lee 2004",
    "et": "SpinalCord",
    "off": 14197,
    "sff": "spinal cord"
  },
  {
    "docID": "N163 Lee 2004",
    "et": "SpinalCord",
    "off": 9431,
    "sff": "spinal"
  },
  {
    "docID": "N163 Lee 2004",
    "et": "SpinalCord",
    "off": 2677,
    "sff": "spinal cord"
  },
  {
    "docID": "N163 Lee 2004",
    "et": "SpinalCord",
    "off": 2483,
    "sff": "spinal cord"
  },
  {
    "docID": "N163 Lee 2004",
    "et": "SpinalCord",
    "off": 6067,
    "sff": "spinal cord"
  },
  {
    "docID": "N163 Lee 2004",
    "et": "SpinalCord",
    "off": 19208,
    "sff": "spinal cord"
  },
  {
    "docID": "N163 Lee 2004",
    "et": "SpinalCord",
    "off": 4546,
    "sff": "spinal cord"
  },
  {
    "docID": "N163 Lee 2004",
    "et": "SpinalCord",
    "off": 20036,
    "sff": "spinal cord"
  },
  {
    "docID": "N163 Lee 2004",
    "et": "SpinalCord",
    "off": 18117,
    "sff": "spinal cord"
  },
  {
    "docID": "N163 Lee 2004",
    "et": "SpinalCord",
    "off": 18047,
    "sff": "spinal cord"
  },
  {
    "docID": "N163 Lee 2004",
    "et": "LesionAdjacentTissue",
    "off": 25008,
    "sff": "lesion"
  },
  {
    "docID": "N163 Lee 2004",
    "et": "LesionAdjacentTissue",
    "off": 26050,
    "sff": "lesion"
  },
  {
    "docID": "N163 Lee 2004",
    "et": "LesionAdjacentTissue",
    "off": 25177,
    "sff": "lesion"
  },
  {
    "docID": "N163 Lee 2004",
    "et": "LesionAdjacentTissue",
    "off": 25483,
    "sff": "lesion"
  },
  {
    "docID": "N163 Lee 2004",
    "et": "CentralNervousSystem",
    "off": 14612,
    "sff": "central"
  },
  {
    "docID": "N163 Lee 2004",
    "et": "CentralNervousSystem",
    "off": 2235,
    "sff": "central nervous"
  },
  {
    "docID": "N163 Lee 2004",
    "et": "CentralNervousSystem",
    "off": 2235,
    "sff": "central nervous system"
  },
  {
    "docID": "N163 Lee 2004",
    "et": "StainingLength",
    "off": 15522,
    "sff": "staining"
  },
  {
    "docID": "N163 Lee 2004",
    "et": "StainingLength",
    "off": 23456,
    "sff": "staining"
  },
  {
    "docID": "N163 Lee 2004",
    "et": "StainingLength",
    "off": 15262,
    "sff": "staining"
  },
  {
    "docID": "N163 Lee 2004",
    "et": "StainingLength",
    "off": 10955,
    "sff": "staining"
  },
  {
    "docID": "N163 Lee 2004",
    "et": "StainingLength",
    "off": 15320,
    "sff": "staining"
  },
  {
    "docID": "N163 Lee 2004",
    "et": "StainingLength",
    "off": 16950,
    "sff": "staining"
  },
  {
    "docID": "N163 Lee 2004",
    "et": "StainingLength",
    "off": 10932,
    "sff": "staining"
  },
  {
    "docID": "N163 Lee 2004",
    "et": "HemorrhageTest",
    "off": 22556,
    "sff": "hemorrhage"
  },
  {
    "docID": "N163 Lee 2004",
    "et": "HemorrhageTest",
    "off": 23339,
    "sff": "hemorrhage"
  },
  {
    "docID": "N163 Lee 2004",
    "et": "HemorrhageTest",
    "off": 14776,
    "sff": "hemorrhage"
  },
  {
    "docID": "N163 Lee 2004",
    "et": "HemorrhageTest",
    "off": 19287,
    "sff": "hemorrhage"
  },
  {
    "docID": "N163 Lee 2004",
    "et": "HemorrhageTest",
    "off": 1668,
    "sff": "hemorrhage"
  },
  {
    "docID": "N163 Lee 2004",
    "et": "HemorrhageTest",
    "off": 12612,
    "sff": "hemorrhage"
  },
  {
    "docID": "N163 Lee 2004",
    "et": "HemorrhageTest",
    "off": 22692,
    "sff": "hemorrhage"
  },
  {
    "docID": "N163 Lee 2004",
    "et": "HemorrhageTest",
    "off": 19622,
    "sff": "hemorrhage"
  },
  {
    "docID": "N163 Lee 2004",
    "et": "HemorrhageTest",
    "off": 22870,
    "sff": "hemorrhage"
  },
  {
    "docID": "N163 Lee 2004",
    "et": "HemorrhageTest",
    "off": 26144,
    "sff": "hemorrhage"
  },
  {
    "docID": "N163 Lee 2004",
    "et": "HemorrhageTest",
    "off": 16849,
    "sff": "hemorrhage"
  },
  {
    "docID": "N163 Lee 2004",
    "et": "HemorrhageTest",
    "off": 23521,
    "sff": "hemorrhage"
  },
  {
    "docID": "N163 Lee 2004",
    "et": "StainingDensity",
    "off": 23456,
    "sff": "staining"
  },
  {
    "docID": "N163 Lee 2004",
    "et": "StainingDensity",
    "off": 15522,
    "sff": "staining"
  },
  {
    "docID": "N163 Lee 2004",
    "et": "StainingDensity",
    "off": 10955,
    "sff": "staining"
  },
  {
    "docID": "N163 Lee 2004",
    "et": "StainingDensity",
    "off": 15262,
    "sff": "staining"
  },
  {
    "docID": "N163 Lee 2004",
    "et": "StainingDensity",
    "off": 15320,
    "sff": "staining"
  },
  {
    "docID": "N163 Lee 2004",
    "et": "StainingDensity",
    "off": 10932,
    "sff": "staining"
  },
  {
    "docID": "N163 Lee 2004",
    "et": "StainingDensity",
    "off": 16950,
    "sff": "staining"
  },
  {
    "docID": "N163 Lee 2004",
    "et": "AdhesiveRemovalTest",
    "off": 8367,
    "sff": "adhesive"
  },
  {
    "docID": "N163 Lee 2004",
    "et": "BBBSubscoreTest",
    "off": 21009,
    "sff": "BBB"
  },
  {
    "docID": "N163 Lee 2004",
    "et": "BBBSubscoreTest",
    "off": 10706,
    "sff": "BBB"
  },
  {
    "docID": "N163 Lee 2004",
    "et": "BBBSubscoreTest",
    "off": 7339,
    "sff": "BBB"
  },
  {
    "docID": "N163 Lee 2004",
    "et": "BBBSubscoreTest",
    "off": 20911,
    "sff": "BBB"
  },
  {
    "docID": "N163 Lee 2004",
    "et": "AxonalDamageTest",
    "off": 757,
    "sff": "axonal"
  },
  {
    "docID": "N163 Lee 2004",
    "et": "HistologicalInvestigationParameter",
    "off": 9058,
    "sff": "Histological"
  },
  {
    "docID": "N163 Lee 2004",
    "et": "HistologicalInvestigationParameter",
    "off": 23602,
    "sff": "histological"
  },
  {
    "docID": "N163 Lee 2004",
    "et": "HistologicalInvestigationParameter",
    "off": 9034,
    "sff": "Histological"
  },
  {
    "docID": "N163 Lee 2004",
    "et": "HistologicalInvestigationParameter",
    "off": 17860,
    "sff": "histological"
  },
  {
    "docID": "N163 Lee 2004",
    "et": "HistologicalInvestigationParameter",
    "off": 5733,
    "sff": "histological"
  },
  {
    "docID": "N163 Lee 2004",
    "et": "HistologicalInvestigationParameter",
    "off": 2830,
    "sff": "histological"
  },
  {
    "docID": "N163 Lee 2004",
    "et": "HistologicalInvestigationParameter",
    "off": 16937,
    "sff": "histological"
  },
  {
    "docID": "N163 Lee 2004",
    "et": "HistologicalInvestigationParameter",
    "off": 1501,
    "sff": "histological"
  },
  {
    "docID": "N163 Lee 2004",
    "et": "SpinalCentralPart",
    "off": 25744,
    "sff": "spinal"
  },
  {
    "docID": "N163 Lee 2004",
    "et": "SpinalCentralPart",
    "off": 1232,
    "sff": "spinal"
  },
  {
    "docID": "N163 Lee 2004",
    "et": "SpinalCentralPart",
    "off": 9552,
    "sff": "spinal"
  },
  {
    "docID": "N163 Lee 2004",
    "et": "SpinalCentralPart",
    "off": 20036,
    "sff": "spinal"
  },
  {
    "docID": "N163 Lee 2004",
    "et": "SpinalCentralPart",
    "off": 18117,
    "sff": "spinal"
  },
  {
    "docID": "N163 Lee 2004",
    "et": "SpinalCentralPart",
    "off": 19208,
    "sff": "spinal"
  },
  {
    "docID": "N163 Lee 2004",
    "et": "SpinalCentralPart",
    "off": 8201,
    "sff": "spinal"
  },
  {
    "docID": "N163 Lee 2004",
    "et": "SpinalCentralPart",
    "off": 15964,
    "sff": "spinal"
  },
  {
    "docID": "N163 Lee 2004",
    "et": "SpinalCentralPart",
    "off": 14365,
    "sff": "spinal"
  },
  {
    "docID": "N163 Lee 2004",
    "et": "SpinalCentralPart",
    "off": 25886,
    "sff": "spinal"
  },
  {
    "docID": "N163 Lee 2004",
    "et": "SpinalCentralPart",
    "off": 7007,
    "sff": "spinal"
  },
  {
    "docID": "N163 Lee 2004",
    "et": "SpinalCentralPart",
    "off": 2080,
    "sff": "spinal"
  },
  {
    "docID": "N163 Lee 2004",
    "et": "SpinalCentralPart",
    "off": 12832,
    "sff": "spinal"
  },
  {
    "docID": "N163 Lee 2004",
    "et": "SpinalCentralPart",
    "off": 4116,
    "sff": "spinal"
  },
  {
    "docID": "N163 Lee 2004",
    "et": "SpinalCentralPart",
    "off": 15891,
    "sff": "spinal"
  },
  {
    "docID": "N163 Lee 2004",
    "et": "SpinalCentralPart",
    "off": 13973,
    "sff": "spinal"
  },
  {
    "docID": "N163 Lee 2004",
    "et": "SpinalCentralPart",
    "off": 21334,
    "sff": "spinal"
  },
  {
    "docID": "N163 Lee 2004",
    "et": "SpinalCentralPart",
    "off": 9431,
    "sff": "spinal"
  },
  {
    "docID": "N163 Lee 2004",
    "et": "SpinalCentralPart",
    "off": 12311,
    "sff": "spinal"
  },
  {
    "docID": "N163 Lee 2004",
    "et": "SpinalCentralPart",
    "off": 17496,
    "sff": "spinal"
  },
  {
    "docID": "N163 Lee 2004",
    "et": "SpinalCentralPart",
    "off": 88,
    "sff": "spinal"
  },
  {
    "docID": "N163 Lee 2004",
    "et": "SpinalCentralPart",
    "off": 1753,
    "sff": "spinal"
  },
  {
    "docID": "N163 Lee 2004",
    "et": "SpinalCentralPart",
    "off": 11929,
    "sff": "spinal"
  },
  {
    "docID": "N163 Lee 2004",
    "et": "SpinalCentralPart",
    "off": 1306,
    "sff": "spinal"
  },
  {
    "docID": "N163 Lee 2004",
    "et": "SpinalCentralPart",
    "off": 25497,
    "sff": "spinal"
  },
  {
    "docID": "N163 Lee 2004",
    "et": "SpinalCentralPart",
    "off": 1579,
    "sff": "spinal"
  },
  {
    "docID": "N163 Lee 2004",
    "et": "SpinalCentralPart",
    "off": 2235,
    "sff": "central"
  },
  {
    "docID": "N163 Lee 2004",
    "et": "SpinalCentralPart",
    "off": 12459,
    "sff": "spinal"
  },
  {
    "docID": "N163 Lee 2004",
    "et": "SpinalCentralPart",
    "off": 6000,
    "sff": "spinal"
  },
  {
    "docID": "N163 Lee 2004",
    "et": "SpinalCentralPart",
    "off": 13478,
    "sff": "spinal"
  },
  {
    "docID": "N163 Lee 2004",
    "et": "SpinalCentralPart",
    "off": 20005,
    "sff": "spinal"
  },
  {
    "docID": "N163 Lee 2004",
    "et": "SpinalCentralPart",
    "off": 24554,
    "sff": "spinal"
  },
  {
    "docID": "N163 Lee 2004",
    "et": "SpinalCentralPart",
    "off": 21243,
    "sff": "spinal"
  },
  {
    "docID": "N163 Lee 2004",
    "et": "SpinalCentralPart",
    "off": 1469,
    "sff": "spinal"
  },
  {
    "docID": "N163 Lee 2004",
    "et": "SpinalCentralPart",
    "off": 12669,
    "sff": "spinal"
  },
  {
    "docID": "N163 Lee 2004",
    "et": "SpinalCentralPart",
    "off": 25022,
    "sff": "spinal"
  },
  {
    "docID": "N163 Lee 2004",
    "et": "SpinalCentralPart",
    "off": 18047,
    "sff": "spinal"
  },
  {
    "docID": "N163 Lee 2004",
    "et": "SpinalCentralPart",
    "off": 4546,
    "sff": "spinal"
  },
  {
    "docID": "N163 Lee 2004",
    "et": "SpinalCentralPart",
    "off": 2483,
    "sff": "spinal"
  },
  {
    "docID": "N163 Lee 2004",
    "et": "SpinalCentralPart",
    "off": 6067,
    "sff": "spinal"
  },
  {
    "docID": "N163 Lee 2004",
    "et": "SpinalCentralPart",
    "off": 14612,
    "sff": "central"
  },
  {
    "docID": "N163 Lee 2004",
    "et": "SpinalCentralPart",
    "off": 2677,
    "sff": "spinal"
  },
  {
    "docID": "N163 Lee 2004",
    "et": "SpinalCentralPart",
    "off": 14197,
    "sff": "spinal"
  },
  {
    "docID": "N163 Lee 2004",
    "et": "SpinalCentralPart",
    "off": 13048,
    "sff": "spinal"
  },
  {
    "docID": "N163 Lee 2004",
    "et": "SpinalCentralPart",
    "off": 8698,
    "sff": "spinal"
  },
  {
    "docID": "N163 Lee 2004",
    "et": "AxonalDiebackTest",
    "off": 757,
    "sff": "axonal"
  },
  {
    "docID": "N163 Lee 2004",
    "et": "SpinalCordStump",
    "off": 1579,
    "sff": "spinal cord"
  },
  {
    "docID": "N163 Lee 2004",
    "et": "SpinalCordStump",
    "off": 12459,
    "sff": "spinal cord"
  },
  {
    "docID": "N163 Lee 2004",
    "et": "SpinalCordStump",
    "off": 13478,
    "sff": "spinal cord"
  },
  {
    "docID": "N163 Lee 2004",
    "et": "SpinalCordStump",
    "off": 20005,
    "sff": "spinal cord"
  },
  {
    "docID": "N163 Lee 2004",
    "et": "SpinalCordStump",
    "off": 2080,
    "sff": "spinal cord"
  },
  {
    "docID": "N163 Lee 2004",
    "et": "SpinalCordStump",
    "off": 12832,
    "sff": "spinal cord"
  },
  {
    "docID": "N163 Lee 2004",
    "et": "SpinalCordStump",
    "off": 25886,
    "sff": "spinal cord"
  },
  {
    "docID": "N163 Lee 2004",
    "et": "SpinalCordStump",
    "off": 14365,
    "sff": "spinal cord"
  },
  {
    "docID": "N163 Lee 2004",
    "et": "SpinalCordStump",
    "off": 1306,
    "sff": "spinal cord"
  },
  {
    "docID": "N163 Lee 2004",
    "et": "SpinalCordStump",
    "off": 11929,
    "sff": "spinal cord"
  },
  {
    "docID": "N163 Lee 2004",
    "et": "SpinalCordStump",
    "off": 25497,
    "sff": "spinal cord"
  },
  {
    "docID": "N163 Lee 2004",
    "et": "SpinalCordStump",
    "off": 12311,
    "sff": "spinal cord"
  },
  {
    "docID": "N163 Lee 2004",
    "et": "SpinalCordStump",
    "off": 13973,
    "sff": "spinal cord"
  },
  {
    "docID": "N163 Lee 2004",
    "et": "SpinalCordStump",
    "off": 4116,
    "sff": "spinal cord"
  },
  {
    "docID": "N163 Lee 2004",
    "et": "SpinalCordStump",
    "off": 15891,
    "sff": "spinal cord"
  },
  {
    "docID": "N163 Lee 2004",
    "et": "SpinalCordStump",
    "off": 16520,
    "sff": "cord"
  },
  {
    "docID": "N163 Lee 2004",
    "et": "SpinalCordStump",
    "off": 18117,
    "sff": "spinal cord"
  },
  {
    "docID": "N163 Lee 2004",
    "et": "SpinalCordStump",
    "off": 20036,
    "sff": "spinal cord"
  },
  {
    "docID": "N163 Lee 2004",
    "et": "SpinalCordStump",
    "off": 4546,
    "sff": "spinal cord"
  },
  {
    "docID": "N163 Lee 2004",
    "et": "SpinalCordStump",
    "off": 25022,
    "sff": "spinal cord"
  },
  {
    "docID": "N163 Lee 2004",
    "et": "SpinalCordStump",
    "off": 1469,
    "sff": "spinal cord"
  },
  {
    "docID": "N163 Lee 2004",
    "et": "SpinalCordStump",
    "off": 2483,
    "sff": "spinal cord"
  },
  {
    "docID": "N163 Lee 2004",
    "et": "SpinalCordStump",
    "off": 6067,
    "sff": "spinal cord"
  },
  {
    "docID": "N163 Lee 2004",
    "et": "SpinalCordStump",
    "off": 22505,
    "sff": "cord"
  },
  {
    "docID": "N163 Lee 2004",
    "et": "SpinalCordStump",
    "off": 1232,
    "sff": "spinal"
  },
  {
    "docID": "N163 Lee 2004",
    "et": "SpinalCordStump",
    "off": 9552,
    "sff": "spinal"
  },
  {
    "docID": "N163 Lee 2004",
    "et": "SpinalCordStump",
    "off": 9431,
    "sff": "spinal"
  },
  {
    "docID": "N163 Lee 2004",
    "et": "SpinalCordStump",
    "off": 6880,
    "sff": "cord"
  },
  {
    "docID": "N163 Lee 2004",
    "et": "SpinalCordStump",
    "off": 7007,
    "sff": "spinal"
  },
  {
    "docID": "N163 Lee 2004",
    "et": "SpinalCordStump",
    "off": 15964,
    "sff": "spinal"
  },
  {
    "docID": "N163 Lee 2004",
    "et": "SpinalCordStump",
    "off": 24554,
    "sff": "spinal"
  },
  {
    "docID": "N163 Lee 2004",
    "et": "SpinalCordStump",
    "off": 1753,
    "sff": "spinal cord"
  },
  {
    "docID": "N163 Lee 2004",
    "et": "SpinalCordStump",
    "off": 88,
    "sff": "spinal cord"
  },
  {
    "docID": "N163 Lee 2004",
    "et": "SpinalCordStump",
    "off": 17496,
    "sff": "spinal cord"
  },
  {
    "docID": "N163 Lee 2004",
    "et": "SpinalCordStump",
    "off": 21334,
    "sff": "spinal cord"
  },
  {
    "docID": "N163 Lee 2004",
    "et": "SpinalCordStump",
    "off": 19011,
    "sff": "cord"
  },
  {
    "docID": "N163 Lee 2004",
    "et": "SpinalCordStump",
    "off": 21243,
    "sff": "spinal"
  },
  {
    "docID": "N163 Lee 2004",
    "et": "SpinalCordStump",
    "off": 18368,
    "sff": "cord"
  },
  {
    "docID": "N163 Lee 2004",
    "et": "SpinalCordStump",
    "off": 19208,
    "sff": "spinal cord"
  },
  {
    "docID": "N163 Lee 2004",
    "et": "SpinalCordStump",
    "off": 18047,
    "sff": "spinal cord"
  },
  {
    "docID": "N163 Lee 2004",
    "et": "SpinalCordStump",
    "off": 12669,
    "sff": "spinal cord"
  },
  {
    "docID": "N163 Lee 2004",
    "et": "SpinalCordStump",
    "off": 8698,
    "sff": "spinal cord"
  },
  {
    "docID": "N163 Lee 2004",
    "et": "SpinalCordStump",
    "off": 8201,
    "sff": "spinal"
  },
  {
    "docID": "N163 Lee 2004",
    "et": "SpinalCordStump",
    "off": 13048,
    "sff": "spinal cord"
  },
  {
    "docID": "N163 Lee 2004",
    "et": "SpinalCordStump",
    "off": 2677,
    "sff": "spinal cord"
  },
  {
    "docID": "N163 Lee 2004",
    "et": "SpinalCordStump",
    "off": 14197,
    "sff": "spinal cord"
  },
  {
    "docID": "N163 Lee 2004",
    "et": "SpinalCordStump",
    "off": 20777,
    "sff": "cord"
  },
  {
    "docID": "N163 Lee 2004",
    "et": "SpinalCordStump",
    "off": 6000,
    "sff": "spinal cord"
  },
  {
    "docID": "N163 Lee 2004",
    "et": "SpinalCordStump",
    "off": 25744,
    "sff": "spinal"
  },
  {
    "docID": "N163 Lee 2004",
    "et": "TailFlickApparatus",
    "off": 8346,
    "sff": "tail"
  },
  {
    "docID": "N163 Lee 2004",
    "et": "AscendingFiberTract",
    "off": 2193,
    "sff": "fiber"
  },
  {
    "docID": "N163 Lee 2004",
    "et": "AscendingFiberTract",
    "off": 4929,
    "sff": "fiber"
  },
  {
    "docID": "N163 Lee 2004",
    "et": "SpinalWhiteMatter",
    "off": 18117,
    "sff": "spinal"
  },
  {
    "docID": "N163 Lee 2004",
    "et": "SpinalWhiteMatter",
    "off": 24721,
    "sff": "white matter"
  },
  {
    "docID": "N163 Lee 2004",
    "et": "SpinalWhiteMatter",
    "off": 1232,
    "sff": "spinal"
  },
  {
    "docID": "N163 Lee 2004",
    "et": "SpinalWhiteMatter",
    "off": 9552,
    "sff": "spinal"
  },
  {
    "docID": "N163 Lee 2004",
    "et": "SpinalWhiteMatter",
    "off": 21334,
    "sff": "spinal"
  },
  {
    "docID": "N163 Lee 2004",
    "et": "SpinalWhiteMatter",
    "off": 88,
    "sff": "spinal"
  },
  {
    "docID": "N163 Lee 2004",
    "et": "SpinalWhiteMatter",
    "off": 17496,
    "sff": "spinal"
  },
  {
    "docID": "N163 Lee 2004",
    "et": "SpinalWhiteMatter",
    "off": 9431,
    "sff": "spinal"
  },
  {
    "docID": "N163 Lee 2004",
    "et": "SpinalWhiteMatter",
    "off": 1753,
    "sff": "spinal"
  },
  {
    "docID": "N163 Lee 2004",
    "et": "SpinalWhiteMatter",
    "off": 15964,
    "sff": "spinal"
  },
  {
    "docID": "N163 Lee 2004",
    "et": "SpinalWhiteMatter",
    "off": 7007,
    "sff": "spinal"
  },
  {
    "docID": "N163 Lee 2004",
    "et": "SpinalWhiteMatter",
    "off": 13478,
    "sff": "spinal"
  },
  {
    "docID": "N163 Lee 2004",
    "et": "SpinalWhiteMatter",
    "off": 20005,
    "sff": "spinal"
  },
  {
    "docID": "N163 Lee 2004",
    "et": "SpinalWhiteMatter",
    "off": 1579,
    "sff": "spinal"
  },
  {
    "docID": "N163 Lee 2004",
    "et": "SpinalWhiteMatter",
    "off": 12459,
    "sff": "spinal"
  },
  {
    "docID": "N163 Lee 2004",
    "et": "SpinalWhiteMatter",
    "off": 2483,
    "sff": "spinal"
  },
  {
    "docID": "N163 Lee 2004",
    "et": "SpinalWhiteMatter",
    "off": 6067,
    "sff": "spinal"
  },
  {
    "docID": "N163 Lee 2004",
    "et": "SpinalWhiteMatter",
    "off": 14620,
    "sff": "white matter"
  },
  {
    "docID": "N163 Lee 2004",
    "et": "SpinalWhiteMatter",
    "off": 18889,
    "sff": "white"
  },
  {
    "docID": "N163 Lee 2004",
    "et": "SpinalWhiteMatter",
    "off": 25022,
    "sff": "spinal"
  },
  {
    "docID": "N163 Lee 2004",
    "et": "SpinalWhiteMatter",
    "off": 1469,
    "sff": "spinal"
  },
  {
    "docID": "N163 Lee 2004",
    "et": "SpinalWhiteMatter",
    "off": 4546,
    "sff": "spinal"
  },
  {
    "docID": "N163 Lee 2004",
    "et": "SpinalWhiteMatter",
    "off": 20036,
    "sff": "spinal"
  },
  {
    "docID": "N163 Lee 2004",
    "et": "SpinalWhiteMatter",
    "off": 19208,
    "sff": "spinal"
  },
  {
    "docID": "N163 Lee 2004",
    "et": "SpinalWhiteMatter",
    "off": 8201,
    "sff": "spinal"
  },
  {
    "docID": "N163 Lee 2004",
    "et": "SpinalWhiteMatter",
    "off": 25744,
    "sff": "spinal"
  },
  {
    "docID": "N163 Lee 2004",
    "et": "SpinalWhiteMatter",
    "off": 4116,
    "sff": "spinal"
  },
  {
    "docID": "N163 Lee 2004",
    "et": "SpinalWhiteMatter",
    "off": 15891,
    "sff": "spinal"
  },
  {
    "docID": "N163 Lee 2004",
    "et": "SpinalWhiteMatter",
    "off": 13973,
    "sff": "spinal"
  },
  {
    "docID": "N163 Lee 2004",
    "et": "SpinalWhiteMatter",
    "off": 12311,
    "sff": "spinal"
  },
  {
    "docID": "N163 Lee 2004",
    "et": "SpinalWhiteMatter",
    "off": 1306,
    "sff": "spinal"
  },
  {
    "docID": "N163 Lee 2004",
    "et": "SpinalWhiteMatter",
    "off": 11929,
    "sff": "spinal"
  },
  {
    "docID": "N163 Lee 2004",
    "et": "SpinalWhiteMatter",
    "off": 25497,
    "sff": "spinal"
  },
  {
    "docID": "N163 Lee 2004",
    "et": "SpinalWhiteMatter",
    "off": 25886,
    "sff": "spinal"
  },
  {
    "docID": "N163 Lee 2004",
    "et": "SpinalWhiteMatter",
    "off": 14365,
    "sff": "spinal"
  },
  {
    "docID": "N163 Lee 2004",
    "et": "SpinalWhiteMatter",
    "off": 2080,
    "sff": "spinal"
  },
  {
    "docID": "N163 Lee 2004",
    "et": "SpinalWhiteMatter",
    "off": 12832,
    "sff": "spinal"
  },
  {
    "docID": "N163 Lee 2004",
    "et": "SpinalWhiteMatter",
    "off": 18889,
    "sff": "white matter"
  },
  {
    "docID": "N163 Lee 2004",
    "et": "SpinalWhiteMatter",
    "off": 14620,
    "sff": "white"
  },
  {
    "docID": "N163 Lee 2004",
    "et": "SpinalWhiteMatter",
    "off": 24554,
    "sff": "spinal"
  },
  {
    "docID": "N163 Lee 2004",
    "et": "SpinalWhiteMatter",
    "off": 6000,
    "sff": "spinal"
  },
  {
    "docID": "N163 Lee 2004",
    "et": "SpinalWhiteMatter",
    "off": 2677,
    "sff": "spinal"
  },
  {
    "docID": "N163 Lee 2004",
    "et": "SpinalWhiteMatter",
    "off": 14197,
    "sff": "spinal"
  },
  {
    "docID": "N163 Lee 2004",
    "et": "SpinalWhiteMatter",
    "off": 13048,
    "sff": "spinal"
  },
  {
    "docID": "N163 Lee 2004",
    "et": "SpinalWhiteMatter",
    "off": 8698,
    "sff": "spinal"
  },
  {
    "docID": "N163 Lee 2004",
    "et": "SpinalWhiteMatter",
    "off": 21243,
    "sff": "spinal"
  },
  {
    "docID": "N163 Lee 2004",
    "et": "SpinalWhiteMatter",
    "off": 12669,
    "sff": "spinal"
  },
  {
    "docID": "N163 Lee 2004",
    "et": "SpinalWhiteMatter",
    "off": 18047,
    "sff": "spinal"
  },
  {
    "docID": "N163 Lee 2004",
    "et": "SpinalWhiteMatter",
    "off": 24721,
    "sff": "white"
  },
  {
    "docID": "N163 Lee 2004",
    "et": "Dorsal",
    "off": 17294,
    "sff": "dorsal"
  },
  {
    "docID": "N163 Lee 2004",
    "et": "Dorsal",
    "off": 16184,
    "sff": "dorsal"
  },
  {
    "docID": "N163 Lee 2004",
    "et": "Dorsal",
    "off": 6807,
    "sff": "dorsal"
  },
  {
    "docID": "N163 Lee 2004",
    "et": "BodyWeightExamination",
    "off": 4707,
    "sff": "body weight"
  },
  {
    "docID": "N163 Lee 2004",
    "et": "BodyWeightExamination",
    "off": 5941,
    "sff": "body weight"
  },
  {
    "docID": "N163 Lee 2004",
    "et": "BodyWeightExamination",
    "off": 8540,
    "sff": "Body"
  },
  {
    "docID": "N163 Lee 2004",
    "et": "BodyWeightExamination",
    "off": 8651,
    "sff": "body"
  },
  {
    "docID": "N163 Lee 2004",
    "et": "Diameter",
    "off": 5492,
    "sff": "diameter"
  },
  {
    "docID": "N163 Lee 2004",
    "et": "Diameter",
    "off": 6613,
    "sff": "diameter"
  },
  {
    "docID": "N163 Lee 2004",
    "et": "Diameter",
    "off": 7589,
    "sff": "diameter"
  },
  {
    "docID": "N163 Lee 2004",
    "et": "OpenFieldTest",
    "off": 7303,
    "sff": "open field"
  },
  {
    "docID": "N163 Lee 2004",
    "et": "TailVeinLocation",
    "off": 8346,
    "sff": "tail"
  },
  {
    "docID": "N163 Lee 2004",
    "et": "SpinalGrayMatter",
    "off": 1579,
    "sff": "spinal"
  },
  {
    "docID": "N163 Lee 2004",
    "et": "SpinalGrayMatter",
    "off": 12459,
    "sff": "spinal"
  },
  {
    "docID": "N163 Lee 2004",
    "et": "SpinalGrayMatter",
    "off": 24554,
    "sff": "spinal"
  },
  {
    "docID": "N163 Lee 2004",
    "et": "SpinalGrayMatter",
    "off": 6000,
    "sff": "spinal"
  },
  {
    "docID": "N163 Lee 2004",
    "et": "SpinalGrayMatter",
    "off": 2483,
    "sff": "spinal"
  },
  {
    "docID": "N163 Lee 2004",
    "et": "SpinalGrayMatter",
    "off": 6067,
    "sff": "spinal"
  },
  {
    "docID": "N163 Lee 2004",
    "et": "SpinalGrayMatter",
    "off": 13048,
    "sff": "spinal"
  },
  {
    "docID": "N163 Lee 2004",
    "et": "SpinalGrayMatter",
    "off": 2677,
    "sff": "spinal"
  },
  {
    "docID": "N163 Lee 2004",
    "et": "SpinalGrayMatter",
    "off": 14197,
    "sff": "spinal"
  },
  {
    "docID": "N163 Lee 2004",
    "et": "SpinalGrayMatter",
    "off": 17331,
    "sff": "gray"
  },
  {
    "docID": "N163 Lee 2004",
    "et": "SpinalGrayMatter",
    "off": 15964,
    "sff": "spinal"
  },
  {
    "docID": "N163 Lee 2004",
    "et": "SpinalGrayMatter",
    "off": 1753,
    "sff": "spinal"
  },
  {
    "docID": "N163 Lee 2004",
    "et": "SpinalGrayMatter",
    "off": 11929,
    "sff": "spinal"
  },
  {
    "docID": "N163 Lee 2004",
    "et": "SpinalGrayMatter",
    "off": 25497,
    "sff": "spinal"
  },
  {
    "docID": "N163 Lee 2004",
    "et": "SpinalGrayMatter",
    "off": 1306,
    "sff": "spinal"
  },
  {
    "docID": "N163 Lee 2004",
    "et": "SpinalGrayMatter",
    "off": 7007,
    "sff": "spinal"
  },
  {
    "docID": "N163 Lee 2004",
    "et": "SpinalGrayMatter",
    "off": 2080,
    "sff": "spinal"
  },
  {
    "docID": "N163 Lee 2004",
    "et": "SpinalGrayMatter",
    "off": 12832,
    "sff": "spinal"
  },
  {
    "docID": "N163 Lee 2004",
    "et": "SpinalGrayMatter",
    "off": 14365,
    "sff": "spinal"
  },
  {
    "docID": "N163 Lee 2004",
    "et": "SpinalGrayMatter",
    "off": 25886,
    "sff": "spinal"
  },
  {
    "docID": "N163 Lee 2004",
    "et": "SpinalGrayMatter",
    "off": 20005,
    "sff": "spinal"
  },
  {
    "docID": "N163 Lee 2004",
    "et": "SpinalGrayMatter",
    "off": 13478,
    "sff": "spinal"
  },
  {
    "docID": "N163 Lee 2004",
    "et": "SpinalGrayMatter",
    "off": 8201,
    "sff": "spinal"
  },
  {
    "docID": "N163 Lee 2004",
    "et": "SpinalGrayMatter",
    "off": 17331,
    "sff": "gray matter"
  },
  {
    "docID": "N163 Lee 2004",
    "et": "SpinalGrayMatter",
    "off": 1232,
    "sff": "spinal"
  },
  {
    "docID": "N163 Lee 2004",
    "et": "SpinalGrayMatter",
    "off": 9552,
    "sff": "spinal"
  },
  {
    "docID": "N163 Lee 2004",
    "et": "SpinalGrayMatter",
    "off": 25744,
    "sff": "spinal"
  },
  {
    "docID": "N163 Lee 2004",
    "et": "SpinalGrayMatter",
    "off": 15891,
    "sff": "spinal"
  },
  {
    "docID": "N163 Lee 2004",
    "et": "SpinalGrayMatter",
    "off": 4116,
    "sff": "spinal"
  },
  {
    "docID": "N163 Lee 2004",
    "et": "SpinalGrayMatter",
    "off": 9431,
    "sff": "spinal"
  },
  {
    "docID": "N163 Lee 2004",
    "et": "SpinalGrayMatter",
    "off": 12311,
    "sff": "spinal"
  },
  {
    "docID": "N163 Lee 2004",
    "et": "SpinalGrayMatter",
    "off": 88,
    "sff": "spinal"
  },
  {
    "docID": "N163 Lee 2004",
    "et": "SpinalGrayMatter",
    "off": 17496,
    "sff": "spinal"
  },
  {
    "docID": "N163 Lee 2004",
    "et": "SpinalGrayMatter",
    "off": 13973,
    "sff": "spinal"
  },
  {
    "docID": "N163 Lee 2004",
    "et": "SpinalGrayMatter",
    "off": 21334,
    "sff": "spinal"
  },
  {
    "docID": "N163 Lee 2004",
    "et": "SpinalGrayMatter",
    "off": 21243,
    "sff": "spinal"
  },
  {
    "docID": "N163 Lee 2004",
    "et": "SpinalGrayMatter",
    "off": 8698,
    "sff": "spinal"
  },
  {
    "docID": "N163 Lee 2004",
    "et": "SpinalGrayMatter",
    "off": 18047,
    "sff": "spinal"
  },
  {
    "docID": "N163 Lee 2004",
    "et": "SpinalGrayMatter",
    "off": 1469,
    "sff": "spinal"
  },
  {
    "docID": "N163 Lee 2004",
    "et": "SpinalGrayMatter",
    "off": 12669,
    "sff": "spinal"
  },
  {
    "docID": "N163 Lee 2004",
    "et": "SpinalGrayMatter",
    "off": 25022,
    "sff": "spinal"
  },
  {
    "docID": "N163 Lee 2004",
    "et": "SpinalGrayMatter",
    "off": 20036,
    "sff": "spinal"
  },
  {
    "docID": "N163 Lee 2004",
    "et": "SpinalGrayMatter",
    "off": 4546,
    "sff": "spinal"
  },
  {
    "docID": "N163 Lee 2004",
    "et": "SpinalGrayMatter",
    "off": 19208,
    "sff": "spinal"
  },
  {
    "docID": "N163 Lee 2004",
    "et": "SpinalGrayMatter",
    "off": 18117,
    "sff": "spinal"
  },
  {
    "docID": "N163 Lee 2004",
    "et": "AxonalChangesTest",
    "off": 757,
    "sff": "axonal"
  },
  {
    "docID": "N163 Lee 2004",
    "et": "Caudal",
    "off": 13846,
    "sff": "caudal"
  },
  {
    "docID": "N163 Lee 2004",
    "et": "Caudal",
    "off": 6365,
    "sff": "caudal"
  },
  {
    "docID": "N163 Lee 2004",
    "et": "Caudal",
    "off": 6976,
    "sff": "caudal"
  },
  {
    "docID": "N163 Lee 2004",
    "et": "Caudal",
    "off": 18479,
    "sff": "caudal"
  },
  {
    "docID": "N163 Lee 2004",
    "et": "Caudal",
    "off": 13140,
    "sff": "caudal"
  },
  {
    "docID": "N163 Lee 2004",
    "et": "BladderFunctionParameter",
    "off": 908,
    "sff": "function"
  },
  {
    "docID": "N163 Lee 2004",
    "et": "BladderFunctionParameter",
    "off": 21763,
    "sff": "function"
  },
  {
    "docID": "N163 Lee 2004",
    "et": "SignalAbsence",
    "off": 18228,
    "sff": "signal"
  },
  {
    "docID": "N163 Lee 2004",
    "et": "SignalAbsence",
    "off": 16018,
    "sff": "signal"
  },
  {
    "docID": "N163 Lee 2004",
    "et": "RelativePawPlacement",
    "off": 13374,
    "sff": "relative"
  },
  {
    "docID": "N163 Lee 2004",
    "et": "GaitAnalysisParameter",
    "off": 2843,
    "sff": "analysis"
  },
  {
    "docID": "N163 Lee 2004",
    "et": "GaitAnalysisParameter",
    "off": 10686,
    "sff": "analysis"
  },
  {
    "docID": "N163 Lee 2004",
    "et": "GaitAnalysisParameter",
    "off": 10354,
    "sff": "analysis"
  },
  {
    "docID": "N163 Lee 2004",
    "et": "DescendingFiberTract",
    "off": 2193,
    "sff": "fiber"
  },
  {
    "docID": "N163 Lee 2004",
    "et": "DescendingFiberTract",
    "off": 4929,
    "sff": "fiber"
  },
  {
    "docID": "N163 Lee 2004",
    "et": "TemporalParameter",
    "off": 1168,
    "sff": "temporal"
  },
  {
    "docID": "N163 Lee 2004",
    "et": "TemporalParameter",
    "off": 14085,
    "sff": "temporal"
  },
  {
    "docID": "N163 Lee 2004",
    "et": "TemporalParameter",
    "off": 26382,
    "sff": "temporal"
  },
  {
    "docID": "N163 Lee 2004",
    "et": "TemporalParameter",
    "off": 3939,
    "sff": "temporal"
  },
  {
    "docID": "N163 Lee 2004",
    "et": "AxonalSproutingTest",
    "off": 757,
    "sff": "axonal"
  },
  {
    "docID": "N163 Lee 2004",
    "et": "NeuronalCellLossTest",
    "off": 11432,
    "sff": "cell"
  },
  {
    "docID": "N163 Lee 2004",
    "et": "NeuronalCellLossTest",
    "off": 3147,
    "sff": "cell"
  },
  {
    "docID": "N163 Lee 2004",
    "et": "NeuronalCellLossTest",
    "off": 6443,
    "sff": "cell"
  },
  {
    "docID": "N163 Lee 2004",
    "et": "NeuronalCellLossTest",
    "off": 1839,
    "sff": "cell"
  },
  {
    "docID": "N163 Lee 2004",
    "et": "NeuronalCellLossTest",
    "off": 26323,
    "sff": "cell"
  },
  {
    "docID": "N163 Lee 2004",
    "et": "NeuronalCellLossTest",
    "off": 26261,
    "sff": "cell"
  },
  {
    "docID": "N163 Lee 2004",
    "et": "NeuronalCellLossTest",
    "off": 15447,
    "sff": "cell"
  },
  {
    "docID": "N163 Lee 2004",
    "et": "NeuronalCellLossTest",
    "off": 3286,
    "sff": "cell"
  },
  {
    "docID": "N163 Lee 2004",
    "et": "NeuronalCellLossTest",
    "off": 20057,
    "sff": "cell"
  },
  {
    "docID": "N163 Lee 2004",
    "et": "NeuronalCellLossTest",
    "off": 23193,
    "sff": "cell"
  },
  {
    "docID": "N163 Lee 2004",
    "et": "NeuronalCellLossTest",
    "off": 11352,
    "sff": "cell"
  },
  {
    "docID": "N163 Lee 2004",
    "et": "NeuronalCellLossTest",
    "off": 12888,
    "sff": "cell"
  },
  {
    "docID": "N163 Lee 2004",
    "et": "NeuronalCellLossTest",
    "off": 23931,
    "sff": "cell"
  },
  {
    "docID": "N163 Lee 2004",
    "et": "NeuronalCellLossTest",
    "off": 3514,
    "sff": "cell"
  },
  {
    "docID": "N163 Lee 2004",
    "et": "NeuronalCellLossTest",
    "off": 23967,
    "sff": "cell"
  },
  {
    "docID": "N163 Lee 2004",
    "et": "NeuronalCellLossTest",
    "off": 21758,
    "sff": "cell"
  },
  {
    "docID": "N163 Lee 2004",
    "et": "NeuronalCellLossTest",
    "off": 4581,
    "sff": "Cell"
  },
  {
    "docID": "N163 Lee 2004",
    "et": "NeuronalCellLossTest",
    "off": 15714,
    "sff": "cell"
  },
  {
    "docID": "N163 Lee 2004",
    "et": "VascularFunctionParameter",
    "off": 21763,
    "sff": "function"
  },
  {
    "docID": "N163 Lee 2004",
    "et": "VascularFunctionParameter",
    "off": 908,
    "sff": "function"
  },
  {
    "docID": "N163 Lee 2004",
    "et": "ObservationOfAnimalBehaviour",
    "off": 22426,
    "sff": "animal"
  },
  {
    "docID": "N163 Lee 2004",
    "et": "ObservationOfAnimalBehaviour",
    "off": 1824,
    "sff": "observation"
  },
  {
    "docID": "N163 Lee 2004",
    "et": "ObservationOfAnimalBehaviour",
    "off": 26416,
    "sff": "animal"
  },
  {
    "docID": "N163 Lee 2004",
    "et": "ObservationOfAnimalBehaviour",
    "off": 7145,
    "sff": "Animal"
  },
  {
    "docID": "N163 Lee 2004",
    "et": "SpinalDorsalHalf",
    "off": 6000,
    "sff": "spinal"
  },
  {
    "docID": "N163 Lee 2004",
    "et": "SpinalDorsalHalf",
    "off": 2483,
    "sff": "spinal"
  },
  {
    "docID": "N163 Lee 2004",
    "et": "SpinalDorsalHalf",
    "off": 6067,
    "sff": "spinal"
  },
  {
    "docID": "N163 Lee 2004",
    "et": "SpinalDorsalHalf",
    "off": 2677,
    "sff": "spinal"
  },
  {
    "docID": "N163 Lee 2004",
    "et": "SpinalDorsalHalf",
    "off": 14197,
    "sff": "spinal"
  },
  {
    "docID": "N163 Lee 2004",
    "et": "SpinalDorsalHalf",
    "off": 13048,
    "sff": "spinal"
  },
  {
    "docID": "N163 Lee 2004",
    "et": "SpinalDorsalHalf",
    "off": 8698,
    "sff": "spinal"
  },
  {
    "docID": "N163 Lee 2004",
    "et": "SpinalDorsalHalf",
    "off": 21243,
    "sff": "spinal"
  },
  {
    "docID": "N163 Lee 2004",
    "et": "SpinalDorsalHalf",
    "off": 1469,
    "sff": "spinal"
  },
  {
    "docID": "N163 Lee 2004",
    "et": "SpinalDorsalHalf",
    "off": 12669,
    "sff": "spinal"
  },
  {
    "docID": "N163 Lee 2004",
    "et": "SpinalDorsalHalf",
    "off": 25022,
    "sff": "spinal"
  },
  {
    "docID": "N163 Lee 2004",
    "et": "SpinalDorsalHalf",
    "off": 7007,
    "sff": "spinal"
  },
  {
    "docID": "N163 Lee 2004",
    "et": "SpinalDorsalHalf",
    "off": 2080,
    "sff": "spinal"
  },
  {
    "docID": "N163 Lee 2004",
    "et": "SpinalDorsalHalf",
    "off": 12832,
    "sff": "spinal"
  },
  {
    "docID": "N163 Lee 2004",
    "et": "SpinalDorsalHalf",
    "off": 20005,
    "sff": "spinal"
  },
  {
    "docID": "N163 Lee 2004",
    "et": "SpinalDorsalHalf",
    "off": 13478,
    "sff": "spinal"
  },
  {
    "docID": "N163 Lee 2004",
    "et": "SpinalDorsalHalf",
    "off": 6807,
    "sff": "dorsal"
  },
  {
    "docID": "N163 Lee 2004",
    "et": "SpinalDorsalHalf",
    "off": 24554,
    "sff": "spinal"
  },
  {
    "docID": "N163 Lee 2004",
    "et": "SpinalDorsalHalf",
    "off": 1579,
    "sff": "spinal"
  },
  {
    "docID": "N163 Lee 2004",
    "et": "SpinalDorsalHalf",
    "off": 12459,
    "sff": "spinal"
  },
  {
    "docID": "N163 Lee 2004",
    "et": "SpinalDorsalHalf",
    "off": 1232,
    "sff": "spinal"
  },
  {
    "docID": "N163 Lee 2004",
    "et": "SpinalDorsalHalf",
    "off": 9552,
    "sff": "spinal"
  },
  {
    "docID": "N163 Lee 2004",
    "et": "SpinalDorsalHalf",
    "off": 25744,
    "sff": "spinal"
  },
  {
    "docID": "N163 Lee 2004",
    "et": "SpinalDorsalHalf",
    "off": 17294,
    "sff": "dorsal"
  },
  {
    "docID": "N163 Lee 2004",
    "et": "SpinalDorsalHalf",
    "off": 15891,
    "sff": "spinal"
  },
  {
    "docID": "N163 Lee 2004",
    "et": "SpinalDorsalHalf",
    "off": 4116,
    "sff": "spinal"
  },
  {
    "docID": "N163 Lee 2004",
    "et": "SpinalDorsalHalf",
    "off": 13973,
    "sff": "spinal"
  },
  {
    "docID": "N163 Lee 2004",
    "et": "SpinalDorsalHalf",
    "off": 21334,
    "sff": "spinal"
  },
  {
    "docID": "N163 Lee 2004",
    "et": "SpinalDorsalHalf",
    "off": 9431,
    "sff": "spinal"
  },
  {
    "docID": "N163 Lee 2004",
    "et": "SpinalDorsalHalf",
    "off": 12311,
    "sff": "spinal"
  },
  {
    "docID": "N163 Lee 2004",
    "et": "SpinalDorsalHalf",
    "off": 88,
    "sff": "spinal"
  },
  {
    "docID": "N163 Lee 2004",
    "et": "SpinalDorsalHalf",
    "off": 17496,
    "sff": "spinal"
  },
  {
    "docID": "N163 Lee 2004",
    "et": "SpinalDorsalHalf",
    "off": 1753,
    "sff": "spinal"
  },
  {
    "docID": "N163 Lee 2004",
    "et": "SpinalDorsalHalf",
    "off": 11929,
    "sff": "spinal"
  },
  {
    "docID": "N163 Lee 2004",
    "et": "SpinalDorsalHalf",
    "off": 25497,
    "sff": "spinal"
  },
  {
    "docID": "N163 Lee 2004",
    "et": "SpinalDorsalHalf",
    "off": 1306,
    "sff": "spinal"
  },
  {
    "docID": "N163 Lee 2004",
    "et": "SpinalDorsalHalf",
    "off": 15964,
    "sff": "spinal"
  },
  {
    "docID": "N163 Lee 2004",
    "et": "SpinalDorsalHalf",
    "off": 14365,
    "sff": "spinal"
  },
  {
    "docID": "N163 Lee 2004",
    "et": "SpinalDorsalHalf",
    "off": 25886,
    "sff": "spinal"
  },
  {
    "docID": "N163 Lee 2004",
    "et": "SpinalDorsalHalf",
    "off": 18047,
    "sff": "spinal"
  },
  {
    "docID": "N163 Lee 2004",
    "et": "SpinalDorsalHalf",
    "off": 4546,
    "sff": "spinal"
  },
  {
    "docID": "N163 Lee 2004",
    "et": "SpinalDorsalHalf",
    "off": 20036,
    "sff": "spinal"
  },
  {
    "docID": "N163 Lee 2004",
    "et": "SpinalDorsalHalf",
    "off": 18117,
    "sff": "spinal"
  },
  {
    "docID": "N163 Lee 2004",
    "et": "SpinalDorsalHalf",
    "off": 16184,
    "sff": "dorsal"
  },
  {
    "docID": "N163 Lee 2004",
    "et": "SpinalDorsalHalf",
    "off": 19208,
    "sff": "spinal"
  },
  {
    "docID": "N163 Lee 2004",
    "et": "SpinalDorsalHalf",
    "off": 8201,
    "sff": "spinal"
  },
  {
    "docID": "N163 Lee 2004",
    "et": "WalkingAnalysisTest",
    "off": 7314,
    "sff": "walking"
  },
  {
    "docID": "N163 Lee 2004",
    "et": "SignalPresence",
    "off": 16018,
    "sff": "signal"
  },
  {
    "docID": "N163 Lee 2004",
    "et": "SignalPresence",
    "off": 18228,
    "sff": "signal"
  },
  {
    "docID": "N163 Lee 2004",
    "et": "HistologicalInvestigationTest",
    "off": 9058,
    "sff": "Histological"
  },
  {
    "docID": "N163 Lee 2004",
    "et": "HistologicalInvestigationTest",
    "off": 16937,
    "sff": "histological"
  },
  {
    "docID": "N163 Lee 2004",
    "et": "HistologicalInvestigationTest",
    "off": 1501,
    "sff": "histological"
  },
  {
    "docID": "N163 Lee 2004",
    "et": "HistologicalInvestigationTest",
    "off": 2830,
    "sff": "histological"
  },
  {
    "docID": "N163 Lee 2004",
    "et": "HistologicalInvestigationTest",
    "off": 9034,
    "sff": "Histological"
  },
  {
    "docID": "N163 Lee 2004",
    "et": "HistologicalInvestigationTest",
    "off": 17860,
    "sff": "histological"
  },
  {
    "docID": "N163 Lee 2004",
    "et": "HistologicalInvestigationTest",
    "off": 23602,
    "sff": "histological"
  },
  {
    "docID": "N163 Lee 2004",
    "et": "HistologicalInvestigationTest",
    "off": 5733,
    "sff": "histological"
  },
  {
    "docID": "N163 Lee 2004",
    "et": "ImagingTest",
    "off": 1143,
    "sff": "imaging"
  },
  {
    "docID": "N163 Lee 2004",
    "et": "ImagingTest",
    "off": 15946,
    "sff": "imaging"
  },
  {
    "docID": "N163 Lee 2004",
    "et": "ImagingTest",
    "off": 1790,
    "sff": "imaging"
  },
  {
    "docID": "N163 Lee 2004",
    "et": "ImagingTest",
    "off": 21919,
    "sff": "imaging"
  },
  {
    "docID": "N163 Lee 2004",
    "et": "ImagingTest",
    "off": 7793,
    "sff": "imaging"
  },
  {
    "docID": "N163 Lee 2004",
    "et": "ImagingTest",
    "off": 8802,
    "sff": "imaging"
  },
  {
    "docID": "N163 Lee 2004",
    "et": "ImagingTest",
    "off": 1395,
    "sff": "imaging"
  },
  {
    "docID": "N163 Lee 2004",
    "et": "ImagingTest",
    "off": 23076,
    "sff": "imaging"
  },
  {
    "docID": "N163 Lee 2004",
    "et": "ImagingTest",
    "off": 9172,
    "sff": "imaging"
  },
  {
    "docID": "N163 Lee 2004",
    "et": "ImagingTest",
    "off": 8710,
    "sff": "imaging"
  },
  {
    "docID": "N163 Lee 2004",
    "et": "CorticospinalTract",
    "off": 25457,
    "sff": "corticospinal tract"
  },
  {
    "docID": "N163 Lee 2004",
    "et": "CorticospinalTract",
    "off": 6814,
    "sff": "corticospinal tract"
  },
  {
    "docID": "N163 Lee 2004",
    "et": "SpinalCordEvokedPotentialsTest",
    "off": 1753,
    "sff": "spinal cord"
  },
  {
    "docID": "N163 Lee 2004",
    "et": "SpinalCordEvokedPotentialsTest",
    "off": 88,
    "sff": "spinal cord"
  },
  {
    "docID": "N163 Lee 2004",
    "et": "SpinalCordEvokedPotentialsTest",
    "off": 1232,
    "sff": "spinal"
  },
  {
    "docID": "N163 Lee 2004",
    "et": "SpinalCordEvokedPotentialsTest",
    "off": 9552,
    "sff": "spinal"
  },
  {
    "docID": "N163 Lee 2004",
    "et": "SpinalCordEvokedPotentialsTest",
    "off": 17496,
    "sff": "spinal cord"
  },
  {
    "docID": "N163 Lee 2004",
    "et": "SpinalCordEvokedPotentialsTest",
    "off": 18368,
    "sff": "cord"
  },
  {
    "docID": "N163 Lee 2004",
    "et": "SpinalCordEvokedPotentialsTest",
    "off": 9431,
    "sff": "spinal"
  },
  {
    "docID": "N163 Lee 2004",
    "et": "SpinalCordEvokedPotentialsTest",
    "off": 15964,
    "sff": "spinal"
  },
  {
    "docID": "N163 Lee 2004",
    "et": "SpinalCordEvokedPotentialsTest",
    "off": 19011,
    "sff": "cord"
  },
  {
    "docID": "N163 Lee 2004",
    "et": "SpinalCordEvokedPotentialsTest",
    "off": 7007,
    "sff": "spinal"
  },
  {
    "docID": "N163 Lee 2004",
    "et": "SpinalCordEvokedPotentialsTest",
    "off": 18117,
    "sff": "spinal cord"
  },
  {
    "docID": "N163 Lee 2004",
    "et": "SpinalCordEvokedPotentialsTest",
    "off": 20036,
    "sff": "spinal cord"
  },
  {
    "docID": "N163 Lee 2004",
    "et": "SpinalCordEvokedPotentialsTest",
    "off": 4546,
    "sff": "spinal cord"
  },
  {
    "docID": "N163 Lee 2004",
    "et": "SpinalCordEvokedPotentialsTest",
    "off": 18047,
    "sff": "spinal cord"
  },
  {
    "docID": "N163 Lee 2004",
    "et": "SpinalCordEvokedPotentialsTest",
    "off": 12669,
    "sff": "spinal cord"
  },
  {
    "docID": "N163 Lee 2004",
    "et": "SpinalCordEvokedPotentialsTest",
    "off": 8698,
    "sff": "spinal cord"
  },
  {
    "docID": "N163 Lee 2004",
    "et": "SpinalCordEvokedPotentialsTest",
    "off": 24554,
    "sff": "spinal"
  },
  {
    "docID": "N163 Lee 2004",
    "et": "SpinalCordEvokedPotentialsTest",
    "off": 13048,
    "sff": "spinal cord"
  },
  {
    "docID": "N163 Lee 2004",
    "et": "SpinalCordEvokedPotentialsTest",
    "off": 2677,
    "sff": "spinal cord"
  },
  {
    "docID": "N163 Lee 2004",
    "et": "SpinalCordEvokedPotentialsTest",
    "off": 14197,
    "sff": "spinal cord"
  },
  {
    "docID": "N163 Lee 2004",
    "et": "SpinalCordEvokedPotentialsTest",
    "off": 20777,
    "sff": "cord"
  },
  {
    "docID": "N163 Lee 2004",
    "et": "SpinalCordEvokedPotentialsTest",
    "off": 6000,
    "sff": "spinal cord"
  },
  {
    "docID": "N163 Lee 2004",
    "et": "SpinalCordEvokedPotentialsTest",
    "off": 21334,
    "sff": "spinal cord"
  },
  {
    "docID": "N163 Lee 2004",
    "et": "SpinalCordEvokedPotentialsTest",
    "off": 21243,
    "sff": "spinal"
  },
  {
    "docID": "N163 Lee 2004",
    "et": "SpinalCordEvokedPotentialsTest",
    "off": 8201,
    "sff": "spinal"
  },
  {
    "docID": "N163 Lee 2004",
    "et": "SpinalCordEvokedPotentialsTest",
    "off": 2080,
    "sff": "spinal cord"
  },
  {
    "docID": "N163 Lee 2004",
    "et": "SpinalCordEvokedPotentialsTest",
    "off": 12832,
    "sff": "spinal cord"
  },
  {
    "docID": "N163 Lee 2004",
    "et": "SpinalCordEvokedPotentialsTest",
    "off": 14365,
    "sff": "spinal cord"
  },
  {
    "docID": "N163 Lee 2004",
    "et": "SpinalCordEvokedPotentialsTest",
    "off": 1306,
    "sff": "spinal cord"
  },
  {
    "docID": "N163 Lee 2004",
    "et": "SpinalCordEvokedPotentialsTest",
    "off": 11929,
    "sff": "spinal cord"
  },
  {
    "docID": "N163 Lee 2004",
    "et": "SpinalCordEvokedPotentialsTest",
    "off": 16520,
    "sff": "cord"
  },
  {
    "docID": "N163 Lee 2004",
    "et": "SpinalCordEvokedPotentialsTest",
    "off": 25744,
    "sff": "spinal"
  },
  {
    "docID": "N163 Lee 2004",
    "et": "SpinalCordEvokedPotentialsTest",
    "off": 12311,
    "sff": "spinal cord"
  },
  {
    "docID": "N163 Lee 2004",
    "et": "SpinalCordEvokedPotentialsTest",
    "off": 13973,
    "sff": "spinal cord"
  },
  {
    "docID": "N163 Lee 2004",
    "et": "SpinalCordEvokedPotentialsTest",
    "off": 4116,
    "sff": "spinal cord"
  },
  {
    "docID": "N163 Lee 2004",
    "et": "SpinalCordEvokedPotentialsTest",
    "off": 15891,
    "sff": "spinal cord"
  },
  {
    "docID": "N163 Lee 2004",
    "et": "SpinalCordEvokedPotentialsTest",
    "off": 19208,
    "sff": "spinal cord"
  },
  {
    "docID": "N163 Lee 2004",
    "et": "SpinalCordEvokedPotentialsTest",
    "off": 25022,
    "sff": "spinal cord"
  },
  {
    "docID": "N163 Lee 2004",
    "et": "SpinalCordEvokedPotentialsTest",
    "off": 1469,
    "sff": "spinal cord"
  },
  {
    "docID": "N163 Lee 2004",
    "et": "SpinalCordEvokedPotentialsTest",
    "off": 2483,
    "sff": "spinal cord"
  },
  {
    "docID": "N163 Lee 2004",
    "et": "SpinalCordEvokedPotentialsTest",
    "off": 6067,
    "sff": "spinal cord"
  },
  {
    "docID": "N163 Lee 2004",
    "et": "SpinalCordEvokedPotentialsTest",
    "off": 22505,
    "sff": "cord"
  },
  {
    "docID": "N163 Lee 2004",
    "et": "SpinalCordEvokedPotentialsTest",
    "off": 6880,
    "sff": "cord"
  },
  {
    "docID": "N163 Lee 2004",
    "et": "SpinalCordEvokedPotentialsTest",
    "off": 1579,
    "sff": "spinal cord"
  },
  {
    "docID": "N163 Lee 2004",
    "et": "SpinalCordEvokedPotentialsTest",
    "off": 12459,
    "sff": "spinal cord"
  },
  {
    "docID": "N163 Lee 2004",
    "et": "SpinalCordEvokedPotentialsTest",
    "off": 25497,
    "sff": "spinal cord"
  },
  {
    "docID": "N163 Lee 2004",
    "et": "SpinalCordEvokedPotentialsTest",
    "off": 13478,
    "sff": "spinal cord"
  },
  {
    "docID": "N163 Lee 2004",
    "et": "SpinalCordEvokedPotentialsTest",
    "off": 20005,
    "sff": "spinal cord"
  },
  {
    "docID": "N163 Lee 2004",
    "et": "SpinalCordEvokedPotentialsTest",
    "off": 25886,
    "sff": "spinal cord"
  }
]
