[
  {
    "docID": "N167 Li 2012",
    "et": "MechanicalAllodyniaTest",
    "off": 6054,
    "sff": "mechanical"
  },
  {
    "docID": "N167 Li 2012",
    "et": "BBBTest",
    "off": 22269,
    "sff": "BBB"
  },
  {
    "docID": "N167 Li 2012",
    "et": "BBBTest",
    "off": 11788,
    "sff": "BBB"
  },
  {
    "docID": "N167 Li 2012",
    "et": "BBBTest",
    "off": 11930,
    "sff": "BBB"
  },
  {
    "docID": "N167 Li 2012",
    "et": "BBBTest",
    "off": 26649,
    "sff": "BBB"
  },
  {
    "docID": "N167 Li 2012",
    "et": "BBBTest",
    "off": 20920,
    "sff": "BBB"
  },
  {
    "docID": "N167 Li 2012",
    "et": "BBBTest",
    "off": 20563,
    "sff": "BBB"
  },
  {
    "docID": "N167 Li 2012",
    "et": "BBBTest",
    "off": 4292,
    "sff": "BBB"
  },
  {
    "docID": "N167 Li 2012",
    "et": "BBBTest",
    "off": 15844,
    "sff": "BBB"
  },
  {
    "docID": "N167 Li 2012",
    "et": "BBBTest",
    "off": 863,
    "sff": "BBB"
  },
  {
    "docID": "N167 Li 2012",
    "et": "BBBTest",
    "off": 26591,
    "sff": "BBB"
  },
  {
    "docID": "N167 Li 2012",
    "et": "WalkingAnalysisParameter",
    "off": 4180,
    "sff": "analysis"
  },
  {
    "docID": "N167 Li 2012",
    "et": "WalkingAnalysisParameter",
    "off": 15796,
    "sff": "analysis"
  },
  {
    "docID": "N167 Li 2012",
    "et": "WalkingAnalysisParameter",
    "off": 12071,
    "sff": "Analysis"
  },
  {
    "docID": "N167 Li 2012",
    "et": "WalkingAnalysisParameter",
    "off": 13005,
    "sff": "Analysis"
  },
  {
    "docID": "N167 Li 2012",
    "et": "WalkingAnalysisParameter",
    "off": 1690,
    "sff": "analysis"
  },
  {
    "docID": "N167 Li 2012",
    "et": "WalkingAnalysisParameter",
    "off": 20325,
    "sff": "analysis"
  },
  {
    "docID": "N167 Li 2012",
    "et": "MolecularChangesTest",
    "off": 6848,
    "sff": "Molecular"
  },
  {
    "docID": "N167 Li 2012",
    "et": "MolecularChangesTest",
    "off": 2053,
    "sff": "molecular"
  },
  {
    "docID": "N167 Li 2012",
    "et": "MolecularChangesTest",
    "off": 6697,
    "sff": "Molecular"
  },
  {
    "docID": "N167 Li 2012",
    "et": "MolecularChangesTest",
    "off": 6755,
    "sff": "Molecular"
  },
  {
    "docID": "N167 Li 2012",
    "et": "SurfaceRightingReflexTest",
    "off": 12595,
    "sff": "surface"
  },
  {
    "docID": "N167 Li 2012",
    "et": "SpinalSubduralArea",
    "off": 22217,
    "sff": "spinal"
  },
  {
    "docID": "N167 Li 2012",
    "et": "SpinalSubduralArea",
    "off": 28809,
    "sff": "spinal"
  },
  {
    "docID": "N167 Li 2012",
    "et": "SpinalSubduralArea",
    "off": 29325,
    "sff": "spinal"
  },
  {
    "docID": "N167 Li 2012",
    "et": "SpinalSubduralArea",
    "off": 12938,
    "sff": "spinal"
  },
  {
    "docID": "N167 Li 2012",
    "et": "SpinalSubduralArea",
    "off": 29503,
    "sff": "spinal"
  },
  {
    "docID": "N167 Li 2012",
    "et": "SpinalSubduralArea",
    "off": 22590,
    "sff": "spinal"
  },
  {
    "docID": "N167 Li 2012",
    "et": "SpinalSubduralArea",
    "off": 27326,
    "sff": "spinal"
  },
  {
    "docID": "N167 Li 2012",
    "et": "SpinalSubduralArea",
    "off": 7492,
    "sff": "spinal"
  },
  {
    "docID": "N167 Li 2012",
    "et": "SpinalSubduralArea",
    "off": 8965,
    "sff": "spinal"
  },
  {
    "docID": "N167 Li 2012",
    "et": "SpinalSubduralArea",
    "off": 26562,
    "sff": "spinal"
  },
  {
    "docID": "N167 Li 2012",
    "et": "SpinalSubduralArea",
    "off": 16472,
    "sff": "spinal"
  },
  {
    "docID": "N167 Li 2012",
    "et": "SpinalSubduralArea",
    "off": 146,
    "sff": "Spinal"
  },
  {
    "docID": "N167 Li 2012",
    "et": "SpinalSubduralArea",
    "off": 28635,
    "sff": "spinal"
  },
  {
    "docID": "N167 Li 2012",
    "et": "SpinalSubduralArea",
    "off": 3856,
    "sff": "spinal"
  },
  {
    "docID": "N167 Li 2012",
    "et": "SpinalSubduralArea",
    "off": 18512,
    "sff": "spinal"
  },
  {
    "docID": "N167 Li 2012",
    "et": "SpinalSubduralArea",
    "off": 593,
    "sff": "spinal"
  },
  {
    "docID": "N167 Li 2012",
    "et": "SpinalSubduralArea",
    "off": 657,
    "sff": "spinal"
  },
  {
    "docID": "N167 Li 2012",
    "et": "SpinalSubduralArea",
    "off": 27024,
    "sff": "spinal"
  },
  {
    "docID": "N167 Li 2012",
    "et": "SpinalSubduralArea",
    "off": 23061,
    "sff": "spinal"
  },
  {
    "docID": "N167 Li 2012",
    "et": "SpinalSubduralArea",
    "off": 2002,
    "sff": "spinal"
  },
  {
    "docID": "N167 Li 2012",
    "et": "SpinalSubduralArea",
    "off": 2834,
    "sff": "spinal"
  },
  {
    "docID": "N167 Li 2012",
    "et": "SpinalSubduralArea",
    "off": 22163,
    "sff": "spinal"
  },
  {
    "docID": "N167 Li 2012",
    "et": "SpinalSubduralArea",
    "off": 423,
    "sff": "spinal"
  },
  {
    "docID": "N167 Li 2012",
    "et": "SpinalSubduralArea",
    "off": 13535,
    "sff": "spinal"
  },
  {
    "docID": "N167 Li 2012",
    "et": "SpinalSubduralArea",
    "off": 14820,
    "sff": "spinal"
  },
  {
    "docID": "N167 Li 2012",
    "et": "SpinalSubduralArea",
    "off": 23141,
    "sff": "spinal"
  },
  {
    "docID": "N167 Li 2012",
    "et": "SpinalSubduralArea",
    "off": 27364,
    "sff": "spinal"
  },
  {
    "docID": "N167 Li 2012",
    "et": "SpinalSubduralArea",
    "off": 4066,
    "sff": "spinal"
  },
  {
    "docID": "N167 Li 2012",
    "et": "SpinalSubduralArea",
    "off": 4834,
    "sff": "spinal"
  },
  {
    "docID": "N167 Li 2012",
    "et": "SpinalSubduralArea",
    "off": 22947,
    "sff": "spinal"
  },
  {
    "docID": "N167 Li 2012",
    "et": "SpinalSubduralArea",
    "off": 13885,
    "sff": "spinal"
  },
  {
    "docID": "N167 Li 2012",
    "et": "SpinalSubduralArea",
    "off": 26107,
    "sff": "spinal"
  },
  {
    "docID": "N167 Li 2012",
    "et": "SpinalSubduralArea",
    "off": 9134,
    "sff": "spinal"
  },
  {
    "docID": "N167 Li 2012",
    "et": "SpinalSubduralArea",
    "off": 16495,
    "sff": "spinal"
  },
  {
    "docID": "N167 Li 2012",
    "et": "SpinalSubduralArea",
    "off": 29422,
    "sff": "spinal"
  },
  {
    "docID": "N167 Li 2012",
    "et": "SpinalSubduralArea",
    "off": 24181,
    "sff": "spinal"
  },
  {
    "docID": "N167 Li 2012",
    "et": "SpinalSubduralArea",
    "off": 29045,
    "sff": "spinal"
  },
  {
    "docID": "N167 Li 2012",
    "et": "StainingArea",
    "off": 6895,
    "sff": "staining"
  },
  {
    "docID": "N167 Li 2012",
    "et": "SpinalFiberTract",
    "off": 9134,
    "sff": "spinal"
  },
  {
    "docID": "N167 Li 2012",
    "et": "SpinalFiberTract",
    "off": 29422,
    "sff": "spinal"
  },
  {
    "docID": "N167 Li 2012",
    "et": "SpinalFiberTract",
    "off": 16495,
    "sff": "spinal"
  },
  {
    "docID": "N167 Li 2012",
    "et": "SpinalFiberTract",
    "off": 26107,
    "sff": "spinal"
  },
  {
    "docID": "N167 Li 2012",
    "et": "SpinalFiberTract",
    "off": 24181,
    "sff": "spinal"
  },
  {
    "docID": "N167 Li 2012",
    "et": "SpinalFiberTract",
    "off": 29045,
    "sff": "spinal"
  },
  {
    "docID": "N167 Li 2012",
    "et": "SpinalFiberTract",
    "off": 26562,
    "sff": "spinal"
  },
  {
    "docID": "N167 Li 2012",
    "et": "SpinalFiberTract",
    "off": 7492,
    "sff": "spinal"
  },
  {
    "docID": "N167 Li 2012",
    "et": "SpinalFiberTract",
    "off": 22590,
    "sff": "spinal"
  },
  {
    "docID": "N167 Li 2012",
    "et": "SpinalFiberTract",
    "off": 27326,
    "sff": "spinal"
  },
  {
    "docID": "N167 Li 2012",
    "et": "SpinalFiberTract",
    "off": 13885,
    "sff": "spinal"
  },
  {
    "docID": "N167 Li 2012",
    "et": "SpinalFiberTract",
    "off": 29503,
    "sff": "spinal"
  },
  {
    "docID": "N167 Li 2012",
    "et": "SpinalFiberTract",
    "off": 12938,
    "sff": "spinal"
  },
  {
    "docID": "N167 Li 2012",
    "et": "SpinalFiberTract",
    "off": 22217,
    "sff": "spinal"
  },
  {
    "docID": "N167 Li 2012",
    "et": "SpinalFiberTract",
    "off": 28809,
    "sff": "spinal"
  },
  {
    "docID": "N167 Li 2012",
    "et": "SpinalFiberTract",
    "off": 146,
    "sff": "Spinal"
  },
  {
    "docID": "N167 Li 2012",
    "et": "SpinalFiberTract",
    "off": 8965,
    "sff": "spinal"
  },
  {
    "docID": "N167 Li 2012",
    "et": "SpinalFiberTract",
    "off": 2002,
    "sff": "spinal"
  },
  {
    "docID": "N167 Li 2012",
    "et": "SpinalFiberTract",
    "off": 2834,
    "sff": "spinal"
  },
  {
    "docID": "N167 Li 2012",
    "et": "SpinalFiberTract",
    "off": 593,
    "sff": "spinal"
  },
  {
    "docID": "N167 Li 2012",
    "et": "SpinalFiberTract",
    "off": 657,
    "sff": "spinal"
  },
  {
    "docID": "N167 Li 2012",
    "et": "SpinalFiberTract",
    "off": 22163,
    "sff": "spinal"
  },
  {
    "docID": "N167 Li 2012",
    "et": "SpinalFiberTract",
    "off": 29325,
    "sff": "spinal"
  },
  {
    "docID": "N167 Li 2012",
    "et": "SpinalFiberTract",
    "off": 3856,
    "sff": "spinal"
  },
  {
    "docID": "N167 Li 2012",
    "et": "SpinalFiberTract",
    "off": 18512,
    "sff": "spinal"
  },
  {
    "docID": "N167 Li 2012",
    "et": "SpinalFiberTract",
    "off": 27024,
    "sff": "spinal"
  },
  {
    "docID": "N167 Li 2012",
    "et": "SpinalFiberTract",
    "off": 28635,
    "sff": "spinal"
  },
  {
    "docID": "N167 Li 2012",
    "et": "SpinalFiberTract",
    "off": 23061,
    "sff": "spinal"
  },
  {
    "docID": "N167 Li 2012",
    "et": "SpinalFiberTract",
    "off": 16472,
    "sff": "spinal"
  },
  {
    "docID": "N167 Li 2012",
    "et": "SpinalFiberTract",
    "off": 4066,
    "sff": "spinal"
  },
  {
    "docID": "N167 Li 2012",
    "et": "SpinalFiberTract",
    "off": 4834,
    "sff": "spinal"
  },
  {
    "docID": "N167 Li 2012",
    "et": "SpinalFiberTract",
    "off": 14820,
    "sff": "spinal"
  },
  {
    "docID": "N167 Li 2012",
    "et": "SpinalFiberTract",
    "off": 27364,
    "sff": "spinal"
  },
  {
    "docID": "N167 Li 2012",
    "et": "SpinalFiberTract",
    "off": 22947,
    "sff": "spinal"
  },
  {
    "docID": "N167 Li 2012",
    "et": "SpinalFiberTract",
    "off": 13535,
    "sff": "spinal"
  },
  {
    "docID": "N167 Li 2012",
    "et": "SpinalFiberTract",
    "off": 23141,
    "sff": "spinal"
  },
  {
    "docID": "N167 Li 2012",
    "et": "SpinalFiberTract",
    "off": 423,
    "sff": "spinal"
  },
  {
    "docID": "N167 Li 2012",
    "et": "SpinalVentralHalf",
    "off": 14820,
    "sff": "spinal"
  },
  {
    "docID": "N167 Li 2012",
    "et": "SpinalVentralHalf",
    "off": 27364,
    "sff": "spinal"
  },
  {
    "docID": "N167 Li 2012",
    "et": "SpinalVentralHalf",
    "off": 4066,
    "sff": "spinal"
  },
  {
    "docID": "N167 Li 2012",
    "et": "SpinalVentralHalf",
    "off": 4834,
    "sff": "spinal"
  },
  {
    "docID": "N167 Li 2012",
    "et": "SpinalVentralHalf",
    "off": 23141,
    "sff": "spinal"
  },
  {
    "docID": "N167 Li 2012",
    "et": "SpinalVentralHalf",
    "off": 22947,
    "sff": "spinal"
  },
  {
    "docID": "N167 Li 2012",
    "et": "SpinalVentralHalf",
    "off": 13535,
    "sff": "spinal"
  },
  {
    "docID": "N167 Li 2012",
    "et": "SpinalVentralHalf",
    "off": 28635,
    "sff": "spinal"
  },
  {
    "docID": "N167 Li 2012",
    "et": "SpinalVentralHalf",
    "off": 16472,
    "sff": "spinal"
  },
  {
    "docID": "N167 Li 2012",
    "et": "SpinalVentralHalf",
    "off": 2002,
    "sff": "spinal"
  },
  {
    "docID": "N167 Li 2012",
    "et": "SpinalVentralHalf",
    "off": 2834,
    "sff": "spinal"
  },
  {
    "docID": "N167 Li 2012",
    "et": "SpinalVentralHalf",
    "off": 23061,
    "sff": "spinal"
  },
  {
    "docID": "N167 Li 2012",
    "et": "SpinalVentralHalf",
    "off": 22163,
    "sff": "spinal"
  },
  {
    "docID": "N167 Li 2012",
    "et": "SpinalVentralHalf",
    "off": 146,
    "sff": "Spinal"
  },
  {
    "docID": "N167 Li 2012",
    "et": "SpinalVentralHalf",
    "off": 18512,
    "sff": "spinal"
  },
  {
    "docID": "N167 Li 2012",
    "et": "SpinalVentralHalf",
    "off": 27024,
    "sff": "spinal"
  },
  {
    "docID": "N167 Li 2012",
    "et": "SpinalVentralHalf",
    "off": 593,
    "sff": "spinal"
  },
  {
    "docID": "N167 Li 2012",
    "et": "SpinalVentralHalf",
    "off": 657,
    "sff": "spinal"
  },
  {
    "docID": "N167 Li 2012",
    "et": "SpinalVentralHalf",
    "off": 3856,
    "sff": "spinal"
  },
  {
    "docID": "N167 Li 2012",
    "et": "SpinalVentralHalf",
    "off": 12938,
    "sff": "spinal"
  },
  {
    "docID": "N167 Li 2012",
    "et": "SpinalVentralHalf",
    "off": 29325,
    "sff": "spinal"
  },
  {
    "docID": "N167 Li 2012",
    "et": "SpinalVentralHalf",
    "off": 22217,
    "sff": "spinal"
  },
  {
    "docID": "N167 Li 2012",
    "et": "SpinalVentralHalf",
    "off": 28809,
    "sff": "spinal"
  },
  {
    "docID": "N167 Li 2012",
    "et": "SpinalVentralHalf",
    "off": 8965,
    "sff": "spinal"
  },
  {
    "docID": "N167 Li 2012",
    "et": "SpinalVentralHalf",
    "off": 26562,
    "sff": "spinal"
  },
  {
    "docID": "N167 Li 2012",
    "et": "SpinalVentralHalf",
    "off": 7492,
    "sff": "spinal"
  },
  {
    "docID": "N167 Li 2012",
    "et": "SpinalVentralHalf",
    "off": 22590,
    "sff": "spinal"
  },
  {
    "docID": "N167 Li 2012",
    "et": "SpinalVentralHalf",
    "off": 27326,
    "sff": "spinal"
  },
  {
    "docID": "N167 Li 2012",
    "et": "SpinalVentralHalf",
    "off": 29503,
    "sff": "spinal"
  },
  {
    "docID": "N167 Li 2012",
    "et": "SpinalVentralHalf",
    "off": 13885,
    "sff": "spinal"
  },
  {
    "docID": "N167 Li 2012",
    "et": "SpinalVentralHalf",
    "off": 26107,
    "sff": "spinal"
  },
  {
    "docID": "N167 Li 2012",
    "et": "SpinalVentralHalf",
    "off": 24181,
    "sff": "spinal"
  },
  {
    "docID": "N167 Li 2012",
    "et": "SpinalVentralHalf",
    "off": 29045,
    "sff": "spinal"
  },
  {
    "docID": "N167 Li 2012",
    "et": "SpinalVentralHalf",
    "off": 9134,
    "sff": "spinal"
  },
  {
    "docID": "N167 Li 2012",
    "et": "SpinalVentralHalf",
    "off": 29422,
    "sff": "spinal"
  },
  {
    "docID": "N167 Li 2012",
    "et": "SpinalVentralHalf",
    "off": 16495,
    "sff": "spinal"
  },
  {
    "docID": "N167 Li 2012",
    "et": "SpinalVentralHalf",
    "off": 423,
    "sff": "spinal"
  },
  {
    "docID": "N167 Li 2012",
    "et": "Rostral",
    "off": 8215,
    "sff": "rostral"
  },
  {
    "docID": "N167 Li 2012",
    "et": "Rostral",
    "off": 27648,
    "sff": "rostral"
  },
  {
    "docID": "N167 Li 2012",
    "et": "TissueSparingTest",
    "off": 17205,
    "sff": "tissue"
  },
  {
    "docID": "N167 Li 2012",
    "et": "TissueSparingTest",
    "off": 10168,
    "sff": "tissue"
  },
  {
    "docID": "N167 Li 2012",
    "et": "TissueSparingTest",
    "off": 14452,
    "sff": "tissue"
  },
  {
    "docID": "N167 Li 2012",
    "et": "TissueSparingTest",
    "off": 17844,
    "sff": "tissue"
  },
  {
    "docID": "N167 Li 2012",
    "et": "TissueSparingTest",
    "off": 2461,
    "sff": "tissue"
  },
  {
    "docID": "N167 Li 2012",
    "et": "TissueSparingTest",
    "off": 14973,
    "sff": "tissue"
  },
  {
    "docID": "N167 Li 2012",
    "et": "TissueSparingTest",
    "off": 9978,
    "sff": "tissue"
  },
  {
    "docID": "N167 Li 2012",
    "et": "TissueSparingTest",
    "off": 1243,
    "sff": "tissue"
  },
  {
    "docID": "N167 Li 2012",
    "et": "TissueSparingTest",
    "off": 6009,
    "sff": "Tissue"
  },
  {
    "docID": "N167 Li 2012",
    "et": "TissueSparingTest",
    "off": 2509,
    "sff": "tissue"
  },
  {
    "docID": "N167 Li 2012",
    "et": "TissueSparingTest",
    "off": 18666,
    "sff": "tissue"
  },
  {
    "docID": "N167 Li 2012",
    "et": "TissueSparingTest",
    "off": 18762,
    "sff": "tissue"
  },
  {
    "docID": "N167 Li 2012",
    "et": "TissueSparingTest",
    "off": 13897,
    "sff": "tissue"
  },
  {
    "docID": "N167 Li 2012",
    "et": "TissueSparingTest",
    "off": 5484,
    "sff": "tissue"
  },
  {
    "docID": "N167 Li 2012",
    "et": "DorsalColumn",
    "off": 28744,
    "sff": "dorsal"
  },
  {
    "docID": "N167 Li 2012",
    "et": "DorsalColumn",
    "off": 451,
    "sff": "dorsal"
  },
  {
    "docID": "N167 Li 2012",
    "et": "SpinalFiber",
    "off": 7492,
    "sff": "spinal"
  },
  {
    "docID": "N167 Li 2012",
    "et": "SpinalFiber",
    "off": 8965,
    "sff": "spinal"
  },
  {
    "docID": "N167 Li 2012",
    "et": "SpinalFiber",
    "off": 26562,
    "sff": "spinal"
  },
  {
    "docID": "N167 Li 2012",
    "et": "SpinalFiber",
    "off": 29503,
    "sff": "spinal"
  },
  {
    "docID": "N167 Li 2012",
    "et": "SpinalFiber",
    "off": 13885,
    "sff": "spinal"
  },
  {
    "docID": "N167 Li 2012",
    "et": "SpinalFiber",
    "off": 22590,
    "sff": "spinal"
  },
  {
    "docID": "N167 Li 2012",
    "et": "SpinalFiber",
    "off": 27326,
    "sff": "spinal"
  },
  {
    "docID": "N167 Li 2012",
    "et": "SpinalFiber",
    "off": 26107,
    "sff": "spinal"
  },
  {
    "docID": "N167 Li 2012",
    "et": "SpinalFiber",
    "off": 23061,
    "sff": "spinal"
  },
  {
    "docID": "N167 Li 2012",
    "et": "SpinalFiber",
    "off": 22163,
    "sff": "spinal"
  },
  {
    "docID": "N167 Li 2012",
    "et": "SpinalFiber",
    "off": 146,
    "sff": "Spinal"
  },
  {
    "docID": "N167 Li 2012",
    "et": "SpinalFiber",
    "off": 3856,
    "sff": "spinal"
  },
  {
    "docID": "N167 Li 2012",
    "et": "SpinalFiber",
    "off": 2002,
    "sff": "spinal"
  },
  {
    "docID": "N167 Li 2012",
    "et": "SpinalFiber",
    "off": 2834,
    "sff": "spinal"
  },
  {
    "docID": "N167 Li 2012",
    "et": "SpinalFiber",
    "off": 593,
    "sff": "spinal"
  },
  {
    "docID": "N167 Li 2012",
    "et": "SpinalFiber",
    "off": 657,
    "sff": "spinal"
  },
  {
    "docID": "N167 Li 2012",
    "et": "SpinalFiber",
    "off": 18512,
    "sff": "spinal"
  },
  {
    "docID": "N167 Li 2012",
    "et": "SpinalFiber",
    "off": 27024,
    "sff": "spinal"
  },
  {
    "docID": "N167 Li 2012",
    "et": "SpinalFiber",
    "off": 29325,
    "sff": "spinal"
  },
  {
    "docID": "N167 Li 2012",
    "et": "SpinalFiber",
    "off": 22217,
    "sff": "spinal"
  },
  {
    "docID": "N167 Li 2012",
    "et": "SpinalFiber",
    "off": 28809,
    "sff": "spinal"
  },
  {
    "docID": "N167 Li 2012",
    "et": "SpinalFiber",
    "off": 12938,
    "sff": "spinal"
  },
  {
    "docID": "N167 Li 2012",
    "et": "SpinalFiber",
    "off": 23141,
    "sff": "spinal"
  },
  {
    "docID": "N167 Li 2012",
    "et": "SpinalFiber",
    "off": 22947,
    "sff": "spinal"
  },
  {
    "docID": "N167 Li 2012",
    "et": "SpinalFiber",
    "off": 14820,
    "sff": "spinal"
  },
  {
    "docID": "N167 Li 2012",
    "et": "SpinalFiber",
    "off": 27364,
    "sff": "spinal"
  },
  {
    "docID": "N167 Li 2012",
    "et": "SpinalFiber",
    "off": 4066,
    "sff": "spinal"
  },
  {
    "docID": "N167 Li 2012",
    "et": "SpinalFiber",
    "off": 4834,
    "sff": "spinal"
  },
  {
    "docID": "N167 Li 2012",
    "et": "SpinalFiber",
    "off": 13535,
    "sff": "spinal"
  },
  {
    "docID": "N167 Li 2012",
    "et": "SpinalFiber",
    "off": 28635,
    "sff": "spinal"
  },
  {
    "docID": "N167 Li 2012",
    "et": "SpinalFiber",
    "off": 16472,
    "sff": "spinal"
  },
  {
    "docID": "N167 Li 2012",
    "et": "SpinalFiber",
    "off": 24181,
    "sff": "spinal"
  },
  {
    "docID": "N167 Li 2012",
    "et": "SpinalFiber",
    "off": 29045,
    "sff": "spinal"
  },
  {
    "docID": "N167 Li 2012",
    "et": "SpinalFiber",
    "off": 16495,
    "sff": "spinal"
  },
  {
    "docID": "N167 Li 2012",
    "et": "SpinalFiber",
    "off": 9134,
    "sff": "spinal"
  },
  {
    "docID": "N167 Li 2012",
    "et": "SpinalFiber",
    "off": 29422,
    "sff": "spinal"
  },
  {
    "docID": "N167 Li 2012",
    "et": "SpinalFiber",
    "off": 423,
    "sff": "spinal"
  },
  {
    "docID": "N167 Li 2012",
    "et": "MotorReflexTest",
    "off": 814,
    "sff": "motor"
  },
  {
    "docID": "N167 Li 2012",
    "et": "MotorReflexTest",
    "off": 4240,
    "sff": "motor"
  },
  {
    "docID": "N167 Li 2012",
    "et": "MotorReflexTest",
    "off": 4803,
    "sff": "motor"
  },
  {
    "docID": "N167 Li 2012",
    "et": "MotorReflexTest",
    "off": 160,
    "sff": "Motor"
  },
  {
    "docID": "N167 Li 2012",
    "et": "MotorReflexTest",
    "off": 1945,
    "sff": "motor"
  },
  {
    "docID": "N167 Li 2012",
    "et": "ElectrophysiologicalFrequency",
    "off": 22815,
    "sff": "Electrophysiological"
  },
  {
    "docID": "N167 Li 2012",
    "et": "SurvivalObservation",
    "off": 8587,
    "sff": "survival"
  },
  {
    "docID": "N167 Li 2012",
    "et": "Left",
    "off": 12303,
    "sff": "left"
  },
  {
    "docID": "N167 Li 2012",
    "et": "GeneExpressionAnalysis",
    "off": 14187,
    "sff": "expression"
  },
  {
    "docID": "N167 Li 2012",
    "et": "GeneExpressionAnalysis",
    "off": 24109,
    "sff": "expression"
  },
  {
    "docID": "N167 Li 2012",
    "et": "GeneExpressionAnalysis",
    "off": 29273,
    "sff": "expression"
  },
  {
    "docID": "N167 Li 2012",
    "et": "GeneExpressionAnalysis",
    "off": 7859,
    "sff": "expression"
  },
  {
    "docID": "N167 Li 2012",
    "et": "GeneExpressionAnalysis",
    "off": 17538,
    "sff": "expression"
  },
  {
    "docID": "N167 Li 2012",
    "et": "GeneExpressionAnalysis",
    "off": 22402,
    "sff": "expression"
  },
  {
    "docID": "N167 Li 2012",
    "et": "GeneExpressionAnalysis",
    "off": 28882,
    "sff": "expression"
  },
  {
    "docID": "N167 Li 2012",
    "et": "AxonalRegenerationTest",
    "off": 24604,
    "sff": "axonal"
  },
  {
    "docID": "N167 Li 2012",
    "et": "AxonalRegenerationTest",
    "off": 27195,
    "sff": "axonal"
  },
  {
    "docID": "N167 Li 2012",
    "et": "AxonalRegenerationTest",
    "off": 2590,
    "sff": "axonal regeneration"
  },
  {
    "docID": "N167 Li 2012",
    "et": "ProteinLevelAnalysis",
    "off": 16832,
    "sff": "level"
  },
  {
    "docID": "N167 Li 2012",
    "et": "ProteinLevelAnalysis",
    "off": 16502,
    "sff": "level"
  },
  {
    "docID": "N167 Li 2012",
    "et": "ProteinLevelAnalysis",
    "off": 2196,
    "sff": "protein"
  },
  {
    "docID": "N167 Li 2012",
    "et": "ProteinLevelAnalysis",
    "off": 4021,
    "sff": "protein"
  },
  {
    "docID": "N167 Li 2012",
    "et": "ProteinLevelAnalysis",
    "off": 1334,
    "sff": "protein"
  },
  {
    "docID": "N167 Li 2012",
    "et": "SpinalLesionSite",
    "off": 22590,
    "sff": "spinal"
  },
  {
    "docID": "N167 Li 2012",
    "et": "SpinalLesionSite",
    "off": 27326,
    "sff": "spinal"
  },
  {
    "docID": "N167 Li 2012",
    "et": "SpinalLesionSite",
    "off": 8195,
    "sff": "lesion"
  },
  {
    "docID": "N167 Li 2012",
    "et": "SpinalLesionSite",
    "off": 29503,
    "sff": "spinal"
  },
  {
    "docID": "N167 Li 2012",
    "et": "SpinalLesionSite",
    "off": 13885,
    "sff": "spinal"
  },
  {
    "docID": "N167 Li 2012",
    "et": "SpinalLesionSite",
    "off": 26107,
    "sff": "spinal"
  },
  {
    "docID": "N167 Li 2012",
    "et": "SpinalLesionSite",
    "off": 22217,
    "sff": "spinal"
  },
  {
    "docID": "N167 Li 2012",
    "et": "SpinalLesionSite",
    "off": 28809,
    "sff": "spinal"
  },
  {
    "docID": "N167 Li 2012",
    "et": "SpinalLesionSite",
    "off": 7492,
    "sff": "spinal"
  },
  {
    "docID": "N167 Li 2012",
    "et": "SpinalLesionSite",
    "off": 8965,
    "sff": "spinal"
  },
  {
    "docID": "N167 Li 2012",
    "et": "SpinalLesionSite",
    "off": 26562,
    "sff": "spinal"
  },
  {
    "docID": "N167 Li 2012",
    "et": "SpinalLesionSite",
    "off": 3856,
    "sff": "spinal"
  },
  {
    "docID": "N167 Li 2012",
    "et": "SpinalLesionSite",
    "off": 18512,
    "sff": "spinal"
  },
  {
    "docID": "N167 Li 2012",
    "et": "SpinalLesionSite",
    "off": 27024,
    "sff": "spinal"
  },
  {
    "docID": "N167 Li 2012",
    "et": "SpinalLesionSite",
    "off": 10065,
    "sff": "lesion"
  },
  {
    "docID": "N167 Li 2012",
    "et": "SpinalLesionSite",
    "off": 593,
    "sff": "spinal"
  },
  {
    "docID": "N167 Li 2012",
    "et": "SpinalLesionSite",
    "off": 657,
    "sff": "spinal"
  },
  {
    "docID": "N167 Li 2012",
    "et": "SpinalLesionSite",
    "off": 29325,
    "sff": "spinal"
  },
  {
    "docID": "N167 Li 2012",
    "et": "SpinalLesionSite",
    "off": 12938,
    "sff": "spinal"
  },
  {
    "docID": "N167 Li 2012",
    "et": "SpinalLesionSite",
    "off": 146,
    "sff": "Spinal"
  },
  {
    "docID": "N167 Li 2012",
    "et": "SpinalLesionSite",
    "off": 16472,
    "sff": "spinal"
  },
  {
    "docID": "N167 Li 2012",
    "et": "SpinalLesionSite",
    "off": 23061,
    "sff": "spinal"
  },
  {
    "docID": "N167 Li 2012",
    "et": "SpinalLesionSite",
    "off": 2002,
    "sff": "spinal"
  },
  {
    "docID": "N167 Li 2012",
    "et": "SpinalLesionSite",
    "off": 2834,
    "sff": "spinal"
  },
  {
    "docID": "N167 Li 2012",
    "et": "SpinalLesionSite",
    "off": 22163,
    "sff": "spinal"
  },
  {
    "docID": "N167 Li 2012",
    "et": "SpinalLesionSite",
    "off": 13535,
    "sff": "spinal"
  },
  {
    "docID": "N167 Li 2012",
    "et": "SpinalLesionSite",
    "off": 28635,
    "sff": "spinal"
  },
  {
    "docID": "N167 Li 2012",
    "et": "SpinalLesionSite",
    "off": 423,
    "sff": "spinal"
  },
  {
    "docID": "N167 Li 2012",
    "et": "SpinalLesionSite",
    "off": 14820,
    "sff": "spinal"
  },
  {
    "docID": "N167 Li 2012",
    "et": "SpinalLesionSite",
    "off": 27364,
    "sff": "spinal"
  },
  {
    "docID": "N167 Li 2012",
    "et": "SpinalLesionSite",
    "off": 23141,
    "sff": "spinal"
  },
  {
    "docID": "N167 Li 2012",
    "et": "SpinalLesionSite",
    "off": 4066,
    "sff": "spinal"
  },
  {
    "docID": "N167 Li 2012",
    "et": "SpinalLesionSite",
    "off": 4834,
    "sff": "spinal"
  },
  {
    "docID": "N167 Li 2012",
    "et": "SpinalLesionSite",
    "off": 22947,
    "sff": "spinal"
  },
  {
    "docID": "N167 Li 2012",
    "et": "SpinalLesionSite",
    "off": 9134,
    "sff": "spinal"
  },
  {
    "docID": "N167 Li 2012",
    "et": "SpinalLesionSite",
    "off": 29422,
    "sff": "spinal"
  },
  {
    "docID": "N167 Li 2012",
    "et": "SpinalLesionSite",
    "off": 16495,
    "sff": "spinal"
  },
  {
    "docID": "N167 Li 2012",
    "et": "SpinalLesionSite",
    "off": 24181,
    "sff": "spinal"
  },
  {
    "docID": "N167 Li 2012",
    "et": "SpinalLesionSite",
    "off": 29045,
    "sff": "spinal"
  },
  {
    "docID": "N167 Li 2012",
    "et": "LesionVolumeTest",
    "off": 10065,
    "sff": "lesion"
  },
  {
    "docID": "N167 Li 2012",
    "et": "LesionVolumeTest",
    "off": 8195,
    "sff": "lesion"
  },
  {
    "docID": "N167 Li 2012",
    "et": "Latency",
    "off": 21310,
    "sff": "latency"
  },
  {
    "docID": "N167 Li 2012",
    "et": "Latency",
    "off": 21566,
    "sff": "latency"
  },
  {
    "docID": "N167 Li 2012",
    "et": "Latency",
    "off": 21186,
    "sff": "latency"
  },
  {
    "docID": "N167 Li 2012",
    "et": "Latency",
    "off": 12728,
    "sff": "latency"
  },
  {
    "docID": "N167 Li 2012",
    "et": "Latency",
    "off": 16140,
    "sff": "latency"
  },
  {
    "docID": "N167 Li 2012",
    "et": "SchwannCellChangesTest",
    "off": 269,
    "sff": "cell"
  },
  {
    "docID": "N167 Li 2012",
    "et": "SchwannCellChangesTest",
    "off": 1837,
    "sff": "cell"
  },
  {
    "docID": "N167 Li 2012",
    "et": "SchwannCellChangesTest",
    "off": 5549,
    "sff": "cell"
  },
  {
    "docID": "N167 Li 2012",
    "et": "SchwannCellChangesTest",
    "off": 8301,
    "sff": "cell"
  },
  {
    "docID": "N167 Li 2012",
    "et": "SchwannCellChangesTest",
    "off": 19471,
    "sff": "cell"
  },
  {
    "docID": "N167 Li 2012",
    "et": "SchwannCellChangesTest",
    "off": 8271,
    "sff": "cell"
  },
  {
    "docID": "N167 Li 2012",
    "et": "SchwannCellChangesTest",
    "off": 287,
    "sff": "Schwann"
  },
  {
    "docID": "N167 Li 2012",
    "et": "SchwannCellChangesTest",
    "off": 5520,
    "sff": "cell"
  },
  {
    "docID": "N167 Li 2012",
    "et": "SchwannCellChangesTest",
    "off": 8082,
    "sff": "cell"
  },
  {
    "docID": "N167 Li 2012",
    "et": "SchwannCellChangesTest",
    "off": 2374,
    "sff": "cell"
  },
  {
    "docID": "N167 Li 2012",
    "et": "SchwannCellChangesTest",
    "off": 9734,
    "sff": "cell"
  },
  {
    "docID": "N167 Li 2012",
    "et": "SchwannCellChangesTest",
    "off": 22377,
    "sff": "cell"
  },
  {
    "docID": "N167 Li 2012",
    "et": "SchwannCellChangesTest",
    "off": 16671,
    "sff": "cell"
  },
  {
    "docID": "N167 Li 2012",
    "et": "SchwannCellChangesTest",
    "off": 1918,
    "sff": "cell"
  },
  {
    "docID": "N167 Li 2012",
    "et": "SchwannCellChangesTest",
    "off": 11,
    "sff": "Schwann"
  },
  {
    "docID": "N167 Li 2012",
    "et": "SchwannCellChangesTest",
    "off": 2665,
    "sff": "Schwann"
  },
  {
    "docID": "N167 Li 2012",
    "et": "SchwannCellChangesTest",
    "off": 29594,
    "sff": "cell"
  },
  {
    "docID": "N167 Li 2012",
    "et": "SchwannCellChangesTest",
    "off": 14024,
    "sff": "Schwann cell"
  },
  {
    "docID": "N167 Li 2012",
    "et": "MotorNeurons",
    "off": 814,
    "sff": "motor"
  },
  {
    "docID": "N167 Li 2012",
    "et": "MotorNeurons",
    "off": 4240,
    "sff": "motor"
  },
  {
    "docID": "N167 Li 2012",
    "et": "MotorNeurons",
    "off": 4803,
    "sff": "motor"
  },
  {
    "docID": "N167 Li 2012",
    "et": "MotorNeurons",
    "off": 160,
    "sff": "Motor"
  },
  {
    "docID": "N167 Li 2012",
    "et": "MotorNeurons",
    "off": 1945,
    "sff": "motor"
  },
  {
    "docID": "N167 Li 2012",
    "et": "FunctionalTest",
    "off": 23204,
    "sff": "functional"
  },
  {
    "docID": "N167 Li 2012",
    "et": "FunctionalTest",
    "off": 4736,
    "sff": "functional"
  },
  {
    "docID": "N167 Li 2012",
    "et": "FunctionalTest",
    "off": 1566,
    "sff": "functional"
  },
  {
    "docID": "N167 Li 2012",
    "et": "GaleRatingScoreTest",
    "off": 877,
    "sff": "rating"
  },
  {
    "docID": "N167 Li 2012",
    "et": "GaleRatingScoreTest",
    "off": 4306,
    "sff": "rating"
  },
  {
    "docID": "N167 Li 2012",
    "et": "GaleRatingScoreTest",
    "off": 11802,
    "sff": "rating"
  },
  {
    "docID": "N167 Li 2012",
    "et": "SecondaryDegenerationTest",
    "off": 10904,
    "sff": "secondary"
  },
  {
    "docID": "N167 Li 2012",
    "et": "SecondaryDegenerationTest",
    "off": 6778,
    "sff": "secondary"
  },
  {
    "docID": "N167 Li 2012",
    "et": "Right",
    "off": 12312,
    "sff": "right"
  },
  {
    "docID": "N167 Li 2012",
    "et": "TreatmentSite",
    "off": 11912,
    "sff": "treatment"
  },
  {
    "docID": "N167 Li 2012",
    "et": "Longitudinal",
    "off": 10382,
    "sff": "Longitudinal"
  },
  {
    "docID": "N167 Li 2012",
    "et": "Longitudinal",
    "off": 9098,
    "sff": "longitudinal"
  },
  {
    "docID": "N167 Li 2012",
    "et": "SpinalCord",
    "off": 23061,
    "sff": "spinal cord"
  },
  {
    "docID": "N167 Li 2012",
    "et": "SpinalCord",
    "off": 22163,
    "sff": "spinal cord"
  },
  {
    "docID": "N167 Li 2012",
    "et": "SpinalCord",
    "off": 2002,
    "sff": "spinal cord"
  },
  {
    "docID": "N167 Li 2012",
    "et": "SpinalCord",
    "off": 2834,
    "sff": "spinal cord"
  },
  {
    "docID": "N167 Li 2012",
    "et": "SpinalCord",
    "off": 26562,
    "sff": "spinal"
  },
  {
    "docID": "N167 Li 2012",
    "et": "SpinalCord",
    "off": 28635,
    "sff": "spinal cord"
  },
  {
    "docID": "N167 Li 2012",
    "et": "SpinalCord",
    "off": 593,
    "sff": "spinal cord"
  },
  {
    "docID": "N167 Li 2012",
    "et": "SpinalCord",
    "off": 657,
    "sff": "spinal cord"
  },
  {
    "docID": "N167 Li 2012",
    "et": "SpinalCord",
    "off": 3856,
    "sff": "spinal cord"
  },
  {
    "docID": "N167 Li 2012",
    "et": "SpinalCord",
    "off": 18512,
    "sff": "spinal cord"
  },
  {
    "docID": "N167 Li 2012",
    "et": "SpinalCord",
    "off": 27024,
    "sff": "spinal cord"
  },
  {
    "docID": "N167 Li 2012",
    "et": "SpinalCord",
    "off": 16472,
    "sff": "spinal cord"
  },
  {
    "docID": "N167 Li 2012",
    "et": "SpinalCord",
    "off": 9134,
    "sff": "spinal"
  },
  {
    "docID": "N167 Li 2012",
    "et": "SpinalCord",
    "off": 28809,
    "sff": "spinal cord"
  },
  {
    "docID": "N167 Li 2012",
    "et": "SpinalCord",
    "off": 29325,
    "sff": "spinal cord"
  },
  {
    "docID": "N167 Li 2012",
    "et": "SpinalCord",
    "off": 16495,
    "sff": "spinal"
  },
  {
    "docID": "N167 Li 2012",
    "et": "SpinalCord",
    "off": 29503,
    "sff": "spinal cord"
  },
  {
    "docID": "N167 Li 2012",
    "et": "SpinalCord",
    "off": 23141,
    "sff": "spinal"
  },
  {
    "docID": "N167 Li 2012",
    "et": "SpinalCord",
    "off": 22217,
    "sff": "spinal cord"
  },
  {
    "docID": "N167 Li 2012",
    "et": "SpinalCord",
    "off": 24181,
    "sff": "spinal cord"
  },
  {
    "docID": "N167 Li 2012",
    "et": "SpinalCord",
    "off": 27326,
    "sff": "spinal cord"
  },
  {
    "docID": "N167 Li 2012",
    "et": "SpinalCord",
    "off": 22590,
    "sff": "spinal cord"
  },
  {
    "docID": "N167 Li 2012",
    "et": "SpinalCord",
    "off": 13885,
    "sff": "spinal cord"
  },
  {
    "docID": "N167 Li 2012",
    "et": "SpinalCord",
    "off": 26107,
    "sff": "spinal cord"
  },
  {
    "docID": "N167 Li 2012",
    "et": "SpinalCord",
    "off": 29045,
    "sff": "spinal cord"
  },
  {
    "docID": "N167 Li 2012",
    "et": "SpinalCord",
    "off": 14820,
    "sff": "spinal cord"
  },
  {
    "docID": "N167 Li 2012",
    "et": "SpinalCord",
    "off": 22947,
    "sff": "spinal cord"
  },
  {
    "docID": "N167 Li 2012",
    "et": "SpinalCord",
    "off": 4066,
    "sff": "spinal cord"
  },
  {
    "docID": "N167 Li 2012",
    "et": "SpinalCord",
    "off": 4834,
    "sff": "spinal cord"
  },
  {
    "docID": "N167 Li 2012",
    "et": "SpinalCord",
    "off": 13535,
    "sff": "spinal cord"
  },
  {
    "docID": "N167 Li 2012",
    "et": "SpinalCord",
    "off": 29422,
    "sff": "spinal cord"
  },
  {
    "docID": "N167 Li 2012",
    "et": "SpinalCord",
    "off": 8965,
    "sff": "spinal"
  },
  {
    "docID": "N167 Li 2012",
    "et": "SpinalCord",
    "off": 7492,
    "sff": "spinal"
  },
  {
    "docID": "N167 Li 2012",
    "et": "SpinalCord",
    "off": 12938,
    "sff": "spinal"
  },
  {
    "docID": "N167 Li 2012",
    "et": "SpinalCord",
    "off": 27364,
    "sff": "spinal cord"
  },
  {
    "docID": "N167 Li 2012",
    "et": "SpinalCord",
    "off": 423,
    "sff": "spinal cord"
  },
  {
    "docID": "N167 Li 2012",
    "et": "LesionAdjacentTissue",
    "off": 10065,
    "sff": "lesion"
  },
  {
    "docID": "N167 Li 2012",
    "et": "LesionAdjacentTissue",
    "off": 8195,
    "sff": "lesion"
  },
  {
    "docID": "N167 Li 2012",
    "et": "LesionAdjacentTissue",
    "off": 24815,
    "sff": "adjacent"
  },
  {
    "docID": "N167 Li 2012",
    "et": "ContactPlacingResponseTest",
    "off": 23587,
    "sff": "contact"
  },
  {
    "docID": "N167 Li 2012",
    "et": "ContactPlacingResponseTest",
    "off": 3690,
    "sff": "contact"
  },
  {
    "docID": "N167 Li 2012",
    "et": "StainingLength",
    "off": 6895,
    "sff": "staining"
  },
  {
    "docID": "N167 Li 2012",
    "et": "LimbRotation",
    "off": 27245,
    "sff": "limb"
  },
  {
    "docID": "N167 Li 2012",
    "et": "LimbRotation",
    "off": 20472,
    "sff": "limb"
  },
  {
    "docID": "N167 Li 2012",
    "et": "LimbRotation",
    "off": 7718,
    "sff": "limb"
  },
  {
    "docID": "N167 Li 2012",
    "et": "Location",
    "off": 10076,
    "sff": "location"
  },
  {
    "docID": "N167 Li 2012",
    "et": "StainingDensity",
    "off": 6895,
    "sff": "staining"
  },
  {
    "docID": "N167 Li 2012",
    "et": "SinglePelletReachingTest",
    "off": 7316,
    "sff": "single"
  },
  {
    "docID": "N167 Li 2012",
    "et": "BBBSubscoreTest",
    "off": 863,
    "sff": "BBB"
  },
  {
    "docID": "N167 Li 2012",
    "et": "BBBSubscoreTest",
    "off": 11788,
    "sff": "BBB"
  },
  {
    "docID": "N167 Li 2012",
    "et": "BBBSubscoreTest",
    "off": 11930,
    "sff": "BBB"
  },
  {
    "docID": "N167 Li 2012",
    "et": "BBBSubscoreTest",
    "off": 20920,
    "sff": "BBB"
  },
  {
    "docID": "N167 Li 2012",
    "et": "BBBSubscoreTest",
    "off": 26649,
    "sff": "BBB"
  },
  {
    "docID": "N167 Li 2012",
    "et": "BBBSubscoreTest",
    "off": 4292,
    "sff": "BBB"
  },
  {
    "docID": "N167 Li 2012",
    "et": "BBBSubscoreTest",
    "off": 15844,
    "sff": "BBB"
  },
  {
    "docID": "N167 Li 2012",
    "et": "BBBSubscoreTest",
    "off": 22269,
    "sff": "BBB"
  },
  {
    "docID": "N167 Li 2012",
    "et": "BBBSubscoreTest",
    "off": 20563,
    "sff": "BBB"
  },
  {
    "docID": "N167 Li 2012",
    "et": "BBBSubscoreTest",
    "off": 26591,
    "sff": "BBB"
  },
  {
    "docID": "N167 Li 2012",
    "et": "AxonalDamageTest",
    "off": 24604,
    "sff": "axonal"
  },
  {
    "docID": "N167 Li 2012",
    "et": "AxonalDamageTest",
    "off": 27195,
    "sff": "axonal"
  },
  {
    "docID": "N167 Li 2012",
    "et": "AxonalDamageTest",
    "off": 2590,
    "sff": "axonal"
  },
  {
    "docID": "N167 Li 2012",
    "et": "HistologicalInvestigationParameter",
    "off": 8655,
    "sff": "Histological"
  },
  {
    "docID": "N167 Li 2012",
    "et": "HistologicalInvestigationParameter",
    "off": 12968,
    "sff": "histological"
  },
  {
    "docID": "N167 Li 2012",
    "et": "HistologicalInvestigationParameter",
    "off": 22299,
    "sff": "Histological"
  },
  {
    "docID": "N167 Li 2012",
    "et": "HistologicalInvestigationParameter",
    "off": 13465,
    "sff": "Histological"
  },
  {
    "docID": "N167 Li 2012",
    "et": "SpinalCentralPart",
    "off": 22217,
    "sff": "spinal"
  },
  {
    "docID": "N167 Li 2012",
    "et": "SpinalCentralPart",
    "off": 12938,
    "sff": "spinal"
  },
  {
    "docID": "N167 Li 2012",
    "et": "SpinalCentralPart",
    "off": 28809,
    "sff": "spinal"
  },
  {
    "docID": "N167 Li 2012",
    "et": "SpinalCentralPart",
    "off": 7492,
    "sff": "spinal"
  },
  {
    "docID": "N167 Li 2012",
    "et": "SpinalCentralPart",
    "off": 8965,
    "sff": "spinal"
  },
  {
    "docID": "N167 Li 2012",
    "et": "SpinalCentralPart",
    "off": 3856,
    "sff": "spinal"
  },
  {
    "docID": "N167 Li 2012",
    "et": "SpinalCentralPart",
    "off": 18512,
    "sff": "spinal"
  },
  {
    "docID": "N167 Li 2012",
    "et": "SpinalCentralPart",
    "off": 27024,
    "sff": "spinal"
  },
  {
    "docID": "N167 Li 2012",
    "et": "SpinalCentralPart",
    "off": 593,
    "sff": "spinal"
  },
  {
    "docID": "N167 Li 2012",
    "et": "SpinalCentralPart",
    "off": 657,
    "sff": "spinal"
  },
  {
    "docID": "N167 Li 2012",
    "et": "SpinalCentralPart",
    "off": 2002,
    "sff": "spinal"
  },
  {
    "docID": "N167 Li 2012",
    "et": "SpinalCentralPart",
    "off": 2834,
    "sff": "spinal"
  },
  {
    "docID": "N167 Li 2012",
    "et": "SpinalCentralPart",
    "off": 29325,
    "sff": "spinal"
  },
  {
    "docID": "N167 Li 2012",
    "et": "SpinalCentralPart",
    "off": 146,
    "sff": "Spinal"
  },
  {
    "docID": "N167 Li 2012",
    "et": "SpinalCentralPart",
    "off": 24181,
    "sff": "spinal"
  },
  {
    "docID": "N167 Li 2012",
    "et": "SpinalCentralPart",
    "off": 29045,
    "sff": "spinal"
  },
  {
    "docID": "N167 Li 2012",
    "et": "SpinalCentralPart",
    "off": 29503,
    "sff": "spinal"
  },
  {
    "docID": "N167 Li 2012",
    "et": "SpinalCentralPart",
    "off": 26562,
    "sff": "spinal"
  },
  {
    "docID": "N167 Li 2012",
    "et": "SpinalCentralPart",
    "off": 26107,
    "sff": "spinal"
  },
  {
    "docID": "N167 Li 2012",
    "et": "SpinalCentralPart",
    "off": 13885,
    "sff": "spinal"
  },
  {
    "docID": "N167 Li 2012",
    "et": "SpinalCentralPart",
    "off": 22590,
    "sff": "spinal"
  },
  {
    "docID": "N167 Li 2012",
    "et": "SpinalCentralPart",
    "off": 27326,
    "sff": "spinal"
  },
  {
    "docID": "N167 Li 2012",
    "et": "SpinalCentralPart",
    "off": 423,
    "sff": "spinal"
  },
  {
    "docID": "N167 Li 2012",
    "et": "SpinalCentralPart",
    "off": 22947,
    "sff": "spinal"
  },
  {
    "docID": "N167 Li 2012",
    "et": "SpinalCentralPart",
    "off": 14820,
    "sff": "spinal"
  },
  {
    "docID": "N167 Li 2012",
    "et": "SpinalCentralPart",
    "off": 27364,
    "sff": "spinal"
  },
  {
    "docID": "N167 Li 2012",
    "et": "SpinalCentralPart",
    "off": 23141,
    "sff": "spinal"
  },
  {
    "docID": "N167 Li 2012",
    "et": "SpinalCentralPart",
    "off": 16495,
    "sff": "spinal"
  },
  {
    "docID": "N167 Li 2012",
    "et": "SpinalCentralPart",
    "off": 29422,
    "sff": "spinal"
  },
  {
    "docID": "N167 Li 2012",
    "et": "SpinalCentralPart",
    "off": 9134,
    "sff": "spinal"
  },
  {
    "docID": "N167 Li 2012",
    "et": "SpinalCentralPart",
    "off": 16472,
    "sff": "spinal"
  },
  {
    "docID": "N167 Li 2012",
    "et": "SpinalCentralPart",
    "off": 22163,
    "sff": "spinal"
  },
  {
    "docID": "N167 Li 2012",
    "et": "SpinalCentralPart",
    "off": 23061,
    "sff": "spinal"
  },
  {
    "docID": "N167 Li 2012",
    "et": "SpinalCentralPart",
    "off": 13535,
    "sff": "spinal"
  },
  {
    "docID": "N167 Li 2012",
    "et": "SpinalCentralPart",
    "off": 4066,
    "sff": "spinal"
  },
  {
    "docID": "N167 Li 2012",
    "et": "SpinalCentralPart",
    "off": 4834,
    "sff": "spinal"
  },
  {
    "docID": "N167 Li 2012",
    "et": "SpinalCentralPart",
    "off": 28635,
    "sff": "spinal"
  },
  {
    "docID": "N167 Li 2012",
    "et": "ElectrophysiologicalAmplitude",
    "off": 22815,
    "sff": "Electrophysiological"
  },
  {
    "docID": "N167 Li 2012",
    "et": "AxonalDiebackTest",
    "off": 2590,
    "sff": "axonal"
  },
  {
    "docID": "N167 Li 2012",
    "et": "AxonalDiebackTest",
    "off": 24604,
    "sff": "axonal"
  },
  {
    "docID": "N167 Li 2012",
    "et": "AxonalDiebackTest",
    "off": 27195,
    "sff": "axonal"
  },
  {
    "docID": "N167 Li 2012",
    "et": "SpinalCordStump",
    "off": 22947,
    "sff": "spinal cord"
  },
  {
    "docID": "N167 Li 2012",
    "et": "SpinalCordStump",
    "off": 12938,
    "sff": "spinal"
  },
  {
    "docID": "N167 Li 2012",
    "et": "SpinalCordStump",
    "off": 423,
    "sff": "spinal cord"
  },
  {
    "docID": "N167 Li 2012",
    "et": "SpinalCordStump",
    "off": 8965,
    "sff": "spinal"
  },
  {
    "docID": "N167 Li 2012",
    "et": "SpinalCordStump",
    "off": 18588,
    "sff": "cord"
  },
  {
    "docID": "N167 Li 2012",
    "et": "SpinalCordStump",
    "off": 29503,
    "sff": "spinal cord"
  },
  {
    "docID": "N167 Li 2012",
    "et": "SpinalCordStump",
    "off": 22590,
    "sff": "spinal cord"
  },
  {
    "docID": "N167 Li 2012",
    "et": "SpinalCordStump",
    "off": 27326,
    "sff": "spinal cord"
  },
  {
    "docID": "N167 Li 2012",
    "et": "SpinalCordStump",
    "off": 13885,
    "sff": "spinal cord"
  },
  {
    "docID": "N167 Li 2012",
    "et": "SpinalCordStump",
    "off": 22448,
    "sff": "cord"
  },
  {
    "docID": "N167 Li 2012",
    "et": "SpinalCordStump",
    "off": 22217,
    "sff": "spinal cord"
  },
  {
    "docID": "N167 Li 2012",
    "et": "SpinalCordStump",
    "off": 16495,
    "sff": "spinal"
  },
  {
    "docID": "N167 Li 2012",
    "et": "SpinalCordStump",
    "off": 13812,
    "sff": "cord"
  },
  {
    "docID": "N167 Li 2012",
    "et": "SpinalCordStump",
    "off": 23141,
    "sff": "spinal"
  },
  {
    "docID": "N167 Li 2012",
    "et": "SpinalCordStump",
    "off": 28635,
    "sff": "spinal cord"
  },
  {
    "docID": "N167 Li 2012",
    "et": "SpinalCordStump",
    "off": 16472,
    "sff": "spinal cord"
  },
  {
    "docID": "N167 Li 2012",
    "et": "SpinalCordStump",
    "off": 13535,
    "sff": "spinal cord"
  },
  {
    "docID": "N167 Li 2012",
    "et": "SpinalCordStump",
    "off": 28293,
    "sff": "cord"
  },
  {
    "docID": "N167 Li 2012",
    "et": "SpinalCordStump",
    "off": 29188,
    "sff": "cord"
  },
  {
    "docID": "N167 Li 2012",
    "et": "SpinalCordStump",
    "off": 2002,
    "sff": "spinal cord"
  },
  {
    "docID": "N167 Li 2012",
    "et": "SpinalCordStump",
    "off": 9874,
    "sff": "cord"
  },
  {
    "docID": "N167 Li 2012",
    "et": "SpinalCordStump",
    "off": 593,
    "sff": "spinal cord"
  },
  {
    "docID": "N167 Li 2012",
    "et": "SpinalCordStump",
    "off": 18512,
    "sff": "spinal cord"
  },
  {
    "docID": "N167 Li 2012",
    "et": "SpinalCordStump",
    "off": 1113,
    "sff": "cord"
  },
  {
    "docID": "N167 Li 2012",
    "et": "SpinalCordStump",
    "off": 29422,
    "sff": "spinal cord"
  },
  {
    "docID": "N167 Li 2012",
    "et": "SpinalCordStump",
    "off": 4066,
    "sff": "spinal cord"
  },
  {
    "docID": "N167 Li 2012",
    "et": "SpinalCordStump",
    "off": 4834,
    "sff": "spinal cord"
  },
  {
    "docID": "N167 Li 2012",
    "et": "SpinalCordStump",
    "off": 7492,
    "sff": "spinal"
  },
  {
    "docID": "N167 Li 2012",
    "et": "SpinalCordStump",
    "off": 14820,
    "sff": "spinal cord"
  },
  {
    "docID": "N167 Li 2012",
    "et": "SpinalCordStump",
    "off": 27364,
    "sff": "spinal cord"
  },
  {
    "docID": "N167 Li 2012",
    "et": "SpinalCordStump",
    "off": 26107,
    "sff": "spinal cord"
  },
  {
    "docID": "N167 Li 2012",
    "et": "SpinalCordStump",
    "off": 29162,
    "sff": "cord"
  },
  {
    "docID": "N167 Li 2012",
    "et": "SpinalCordStump",
    "off": 14321,
    "sff": "cord"
  },
  {
    "docID": "N167 Li 2012",
    "et": "SpinalCordStump",
    "off": 24181,
    "sff": "spinal cord"
  },
  {
    "docID": "N167 Li 2012",
    "et": "SpinalCordStump",
    "off": 29045,
    "sff": "spinal cord"
  },
  {
    "docID": "N167 Li 2012",
    "et": "SpinalCordStump",
    "off": 28809,
    "sff": "spinal cord"
  },
  {
    "docID": "N167 Li 2012",
    "et": "SpinalCordStump",
    "off": 9134,
    "sff": "spinal"
  },
  {
    "docID": "N167 Li 2012",
    "et": "SpinalCordStump",
    "off": 7603,
    "sff": "cord"
  },
  {
    "docID": "N167 Li 2012",
    "et": "SpinalCordStump",
    "off": 29325,
    "sff": "spinal cord"
  },
  {
    "docID": "N167 Li 2012",
    "et": "SpinalCordStump",
    "off": 22466,
    "sff": "cord"
  },
  {
    "docID": "N167 Li 2012",
    "et": "SpinalCordStump",
    "off": 26562,
    "sff": "spinal"
  },
  {
    "docID": "N167 Li 2012",
    "et": "SpinalCordStump",
    "off": 964,
    "sff": "cord"
  },
  {
    "docID": "N167 Li 2012",
    "et": "SpinalCordStump",
    "off": 2834,
    "sff": "spinal cord"
  },
  {
    "docID": "N167 Li 2012",
    "et": "SpinalCordStump",
    "off": 8145,
    "sff": "cord"
  },
  {
    "docID": "N167 Li 2012",
    "et": "SpinalCordStump",
    "off": 22163,
    "sff": "spinal cord"
  },
  {
    "docID": "N167 Li 2012",
    "et": "SpinalCordStump",
    "off": 14162,
    "sff": "cord"
  },
  {
    "docID": "N167 Li 2012",
    "et": "SpinalCordStump",
    "off": 657,
    "sff": "spinal cord"
  },
  {
    "docID": "N167 Li 2012",
    "et": "SpinalCordStump",
    "off": 3856,
    "sff": "spinal cord"
  },
  {
    "docID": "N167 Li 2012",
    "et": "SpinalCordStump",
    "off": 27024,
    "sff": "spinal cord"
  },
  {
    "docID": "N167 Li 2012",
    "et": "SpinalCordStump",
    "off": 23061,
    "sff": "spinal cord"
  },
  {
    "docID": "N167 Li 2012",
    "et": "MotorEvokedPotentialsTest",
    "off": 4346,
    "sff": "evoked potentials"
  },
  {
    "docID": "N167 Li 2012",
    "et": "MotorEvokedPotentialsTest",
    "off": 160,
    "sff": "Motor"
  },
  {
    "docID": "N167 Li 2012",
    "et": "MotorEvokedPotentialsTest",
    "off": 1945,
    "sff": "motor"
  },
  {
    "docID": "N167 Li 2012",
    "et": "MotorEvokedPotentialsTest",
    "off": 4346,
    "sff": "evoked"
  },
  {
    "docID": "N167 Li 2012",
    "et": "MotorEvokedPotentialsTest",
    "off": 814,
    "sff": "motor"
  },
  {
    "docID": "N167 Li 2012",
    "et": "MotorEvokedPotentialsTest",
    "off": 917,
    "sff": "evoked potentials"
  },
  {
    "docID": "N167 Li 2012",
    "et": "MotorEvokedPotentialsTest",
    "off": 4240,
    "sff": "motor"
  },
  {
    "docID": "N167 Li 2012",
    "et": "MotorEvokedPotentialsTest",
    "off": 12899,
    "sff": "evoked potentials"
  },
  {
    "docID": "N167 Li 2012",
    "et": "MotorEvokedPotentialsTest",
    "off": 27926,
    "sff": "evoked"
  },
  {
    "docID": "N167 Li 2012",
    "et": "MotorEvokedPotentialsTest",
    "off": 4803,
    "sff": "motor"
  },
  {
    "docID": "N167 Li 2012",
    "et": "MotorEvokedPotentialsTest",
    "off": 12899,
    "sff": "evoked"
  },
  {
    "docID": "N167 Li 2012",
    "et": "MotorEvokedPotentialsTest",
    "off": 917,
    "sff": "evoked"
  },
  {
    "docID": "N167 Li 2012",
    "et": "AscendingFiberTract",
    "off": 27509,
    "sff": "ascending"
  },
  {
    "docID": "N167 Li 2012",
    "et": "SpinalWhiteMatter",
    "off": 26562,
    "sff": "spinal"
  },
  {
    "docID": "N167 Li 2012",
    "et": "SpinalWhiteMatter",
    "off": 7492,
    "sff": "spinal"
  },
  {
    "docID": "N167 Li 2012",
    "et": "SpinalWhiteMatter",
    "off": 28789,
    "sff": "white"
  },
  {
    "docID": "N167 Li 2012",
    "et": "SpinalWhiteMatter",
    "off": 22590,
    "sff": "spinal"
  },
  {
    "docID": "N167 Li 2012",
    "et": "SpinalWhiteMatter",
    "off": 27326,
    "sff": "spinal"
  },
  {
    "docID": "N167 Li 2012",
    "et": "SpinalWhiteMatter",
    "off": 13885,
    "sff": "spinal"
  },
  {
    "docID": "N167 Li 2012",
    "et": "SpinalWhiteMatter",
    "off": 29503,
    "sff": "spinal"
  },
  {
    "docID": "N167 Li 2012",
    "et": "SpinalWhiteMatter",
    "off": 494,
    "sff": "white"
  },
  {
    "docID": "N167 Li 2012",
    "et": "SpinalWhiteMatter",
    "off": 26107,
    "sff": "spinal"
  },
  {
    "docID": "N167 Li 2012",
    "et": "SpinalWhiteMatter",
    "off": 24181,
    "sff": "spinal"
  },
  {
    "docID": "N167 Li 2012",
    "et": "SpinalWhiteMatter",
    "off": 29045,
    "sff": "spinal"
  },
  {
    "docID": "N167 Li 2012",
    "et": "SpinalWhiteMatter",
    "off": 2002,
    "sff": "spinal"
  },
  {
    "docID": "N167 Li 2012",
    "et": "SpinalWhiteMatter",
    "off": 2834,
    "sff": "spinal"
  },
  {
    "docID": "N167 Li 2012",
    "et": "SpinalWhiteMatter",
    "off": 593,
    "sff": "spinal"
  },
  {
    "docID": "N167 Li 2012",
    "et": "SpinalWhiteMatter",
    "off": 657,
    "sff": "spinal"
  },
  {
    "docID": "N167 Li 2012",
    "et": "SpinalWhiteMatter",
    "off": 22163,
    "sff": "spinal"
  },
  {
    "docID": "N167 Li 2012",
    "et": "SpinalWhiteMatter",
    "off": 29325,
    "sff": "spinal"
  },
  {
    "docID": "N167 Li 2012",
    "et": "SpinalWhiteMatter",
    "off": 3856,
    "sff": "spinal"
  },
  {
    "docID": "N167 Li 2012",
    "et": "SpinalWhiteMatter",
    "off": 18512,
    "sff": "spinal"
  },
  {
    "docID": "N167 Li 2012",
    "et": "SpinalWhiteMatter",
    "off": 27024,
    "sff": "spinal"
  },
  {
    "docID": "N167 Li 2012",
    "et": "SpinalWhiteMatter",
    "off": 28789,
    "sff": "white matter"
  },
  {
    "docID": "N167 Li 2012",
    "et": "SpinalWhiteMatter",
    "off": 24161,
    "sff": "white"
  },
  {
    "docID": "N167 Li 2012",
    "et": "SpinalWhiteMatter",
    "off": 5727,
    "sff": "white"
  },
  {
    "docID": "N167 Li 2012",
    "et": "SpinalWhiteMatter",
    "off": 12938,
    "sff": "spinal"
  },
  {
    "docID": "N167 Li 2012",
    "et": "SpinalWhiteMatter",
    "off": 494,
    "sff": "white matter"
  },
  {
    "docID": "N167 Li 2012",
    "et": "SpinalWhiteMatter",
    "off": 22217,
    "sff": "spinal"
  },
  {
    "docID": "N167 Li 2012",
    "et": "SpinalWhiteMatter",
    "off": 28809,
    "sff": "spinal"
  },
  {
    "docID": "N167 Li 2012",
    "et": "SpinalWhiteMatter",
    "off": 146,
    "sff": "Spinal"
  },
  {
    "docID": "N167 Li 2012",
    "et": "SpinalWhiteMatter",
    "off": 8965,
    "sff": "spinal"
  },
  {
    "docID": "N167 Li 2012",
    "et": "SpinalWhiteMatter",
    "off": 4066,
    "sff": "spinal"
  },
  {
    "docID": "N167 Li 2012",
    "et": "SpinalWhiteMatter",
    "off": 4834,
    "sff": "spinal"
  },
  {
    "docID": "N167 Li 2012",
    "et": "SpinalWhiteMatter",
    "off": 14820,
    "sff": "spinal"
  },
  {
    "docID": "N167 Li 2012",
    "et": "SpinalWhiteMatter",
    "off": 27364,
    "sff": "spinal"
  },
  {
    "docID": "N167 Li 2012",
    "et": "SpinalWhiteMatter",
    "off": 22947,
    "sff": "spinal"
  },
  {
    "docID": "N167 Li 2012",
    "et": "SpinalWhiteMatter",
    "off": 13535,
    "sff": "spinal"
  },
  {
    "docID": "N167 Li 2012",
    "et": "SpinalWhiteMatter",
    "off": 5727,
    "sff": "white matter"
  },
  {
    "docID": "N167 Li 2012",
    "et": "SpinalWhiteMatter",
    "off": 24161,
    "sff": "white matter"
  },
  {
    "docID": "N167 Li 2012",
    "et": "SpinalWhiteMatter",
    "off": 28635,
    "sff": "spinal"
  },
  {
    "docID": "N167 Li 2012",
    "et": "SpinalWhiteMatter",
    "off": 23061,
    "sff": "spinal"
  },
  {
    "docID": "N167 Li 2012",
    "et": "SpinalWhiteMatter",
    "off": 16472,
    "sff": "spinal"
  },
  {
    "docID": "N167 Li 2012",
    "et": "SpinalWhiteMatter",
    "off": 9134,
    "sff": "spinal"
  },
  {
    "docID": "N167 Li 2012",
    "et": "SpinalWhiteMatter",
    "off": 29422,
    "sff": "spinal"
  },
  {
    "docID": "N167 Li 2012",
    "et": "SpinalWhiteMatter",
    "off": 16495,
    "sff": "spinal"
  },
  {
    "docID": "N167 Li 2012",
    "et": "SpinalWhiteMatter",
    "off": 23141,
    "sff": "spinal"
  },
  {
    "docID": "N167 Li 2012",
    "et": "SpinalWhiteMatter",
    "off": 423,
    "sff": "spinal"
  },
  {
    "docID": "N167 Li 2012",
    "et": "Dorsal",
    "off": 28744,
    "sff": "dorsal"
  },
  {
    "docID": "N167 Li 2012",
    "et": "Dorsal",
    "off": 451,
    "sff": "dorsal"
  },
  {
    "docID": "N167 Li 2012",
    "et": "BladderFunctionTest",
    "off": 7770,
    "sff": "bladder"
  },
  {
    "docID": "N167 Li 2012",
    "et": "BladderFunctionTest",
    "off": 7851,
    "sff": "bladder"
  },
  {
    "docID": "N167 Li 2012",
    "et": "BodyWeightExamination",
    "off": 16676,
    "sff": "body"
  },
  {
    "docID": "N167 Li 2012",
    "et": "BodyWeightExamination",
    "off": 2379,
    "sff": "body"
  },
  {
    "docID": "N167 Li 2012",
    "et": "BodyWeightExamination",
    "off": 7560,
    "sff": "weight"
  },
  {
    "docID": "N167 Li 2012",
    "et": "Diameter",
    "off": 15461,
    "sff": "diameter"
  },
  {
    "docID": "N167 Li 2012",
    "et": "ErrorStepRatio",
    "off": 13358,
    "sff": "error"
  },
  {
    "docID": "N167 Li 2012",
    "et": "OpenFieldTest",
    "off": 27749,
    "sff": "open field"
  },
  {
    "docID": "N167 Li 2012",
    "et": "ElectrophysiologicalDuration",
    "off": 22815,
    "sff": "Electrophysiological"
  },
  {
    "docID": "N167 Li 2012",
    "et": "SpinalGrayMatter",
    "off": 423,
    "sff": "spinal"
  },
  {
    "docID": "N167 Li 2012",
    "et": "SpinalGrayMatter",
    "off": 23141,
    "sff": "spinal"
  },
  {
    "docID": "N167 Li 2012",
    "et": "SpinalGrayMatter",
    "off": 22947,
    "sff": "spinal"
  },
  {
    "docID": "N167 Li 2012",
    "et": "SpinalGrayMatter",
    "off": 14820,
    "sff": "spinal"
  },
  {
    "docID": "N167 Li 2012",
    "et": "SpinalGrayMatter",
    "off": 27364,
    "sff": "spinal"
  },
  {
    "docID": "N167 Li 2012",
    "et": "SpinalGrayMatter",
    "off": 4066,
    "sff": "spinal"
  },
  {
    "docID": "N167 Li 2012",
    "et": "SpinalGrayMatter",
    "off": 4834,
    "sff": "spinal"
  },
  {
    "docID": "N167 Li 2012",
    "et": "SpinalGrayMatter",
    "off": 13535,
    "sff": "spinal"
  },
  {
    "docID": "N167 Li 2012",
    "et": "SpinalGrayMatter",
    "off": 28635,
    "sff": "spinal"
  },
  {
    "docID": "N167 Li 2012",
    "et": "SpinalGrayMatter",
    "off": 146,
    "sff": "Spinal"
  },
  {
    "docID": "N167 Li 2012",
    "et": "SpinalGrayMatter",
    "off": 16472,
    "sff": "spinal"
  },
  {
    "docID": "N167 Li 2012",
    "et": "SpinalGrayMatter",
    "off": 23061,
    "sff": "spinal"
  },
  {
    "docID": "N167 Li 2012",
    "et": "SpinalGrayMatter",
    "off": 22163,
    "sff": "spinal"
  },
  {
    "docID": "N167 Li 2012",
    "et": "SpinalGrayMatter",
    "off": 593,
    "sff": "spinal"
  },
  {
    "docID": "N167 Li 2012",
    "et": "SpinalGrayMatter",
    "off": 657,
    "sff": "spinal"
  },
  {
    "docID": "N167 Li 2012",
    "et": "SpinalGrayMatter",
    "off": 2002,
    "sff": "spinal"
  },
  {
    "docID": "N167 Li 2012",
    "et": "SpinalGrayMatter",
    "off": 2834,
    "sff": "spinal"
  },
  {
    "docID": "N167 Li 2012",
    "et": "SpinalGrayMatter",
    "off": 3856,
    "sff": "spinal"
  },
  {
    "docID": "N167 Li 2012",
    "et": "SpinalGrayMatter",
    "off": 18512,
    "sff": "spinal"
  },
  {
    "docID": "N167 Li 2012",
    "et": "SpinalGrayMatter",
    "off": 27024,
    "sff": "spinal"
  },
  {
    "docID": "N167 Li 2012",
    "et": "SpinalGrayMatter",
    "off": 29325,
    "sff": "spinal"
  },
  {
    "docID": "N167 Li 2012",
    "et": "SpinalGrayMatter",
    "off": 22217,
    "sff": "spinal"
  },
  {
    "docID": "N167 Li 2012",
    "et": "SpinalGrayMatter",
    "off": 28809,
    "sff": "spinal"
  },
  {
    "docID": "N167 Li 2012",
    "et": "SpinalGrayMatter",
    "off": 12938,
    "sff": "spinal"
  },
  {
    "docID": "N167 Li 2012",
    "et": "SpinalGrayMatter",
    "off": 8965,
    "sff": "spinal"
  },
  {
    "docID": "N167 Li 2012",
    "et": "SpinalGrayMatter",
    "off": 7492,
    "sff": "spinal"
  },
  {
    "docID": "N167 Li 2012",
    "et": "SpinalGrayMatter",
    "off": 26562,
    "sff": "spinal"
  },
  {
    "docID": "N167 Li 2012",
    "et": "SpinalGrayMatter",
    "off": 29503,
    "sff": "spinal"
  },
  {
    "docID": "N167 Li 2012",
    "et": "SpinalGrayMatter",
    "off": 13885,
    "sff": "spinal"
  },
  {
    "docID": "N167 Li 2012",
    "et": "SpinalGrayMatter",
    "off": 22590,
    "sff": "spinal"
  },
  {
    "docID": "N167 Li 2012",
    "et": "SpinalGrayMatter",
    "off": 27326,
    "sff": "spinal"
  },
  {
    "docID": "N167 Li 2012",
    "et": "SpinalGrayMatter",
    "off": 26107,
    "sff": "spinal"
  },
  {
    "docID": "N167 Li 2012",
    "et": "SpinalGrayMatter",
    "off": 24181,
    "sff": "spinal"
  },
  {
    "docID": "N167 Li 2012",
    "et": "SpinalGrayMatter",
    "off": 29045,
    "sff": "spinal"
  },
  {
    "docID": "N167 Li 2012",
    "et": "SpinalGrayMatter",
    "off": 16495,
    "sff": "spinal"
  },
  {
    "docID": "N167 Li 2012",
    "et": "SpinalGrayMatter",
    "off": 9134,
    "sff": "spinal"
  },
  {
    "docID": "N167 Li 2012",
    "et": "SpinalGrayMatter",
    "off": 29422,
    "sff": "spinal"
  },
  {
    "docID": "N167 Li 2012",
    "et": "AxonalChangesTest",
    "off": 27195,
    "sff": "axonal"
  },
  {
    "docID": "N167 Li 2012",
    "et": "AxonalChangesTest",
    "off": 24604,
    "sff": "axonal"
  },
  {
    "docID": "N167 Li 2012",
    "et": "AxonalChangesTest",
    "off": 2590,
    "sff": "axonal"
  },
  {
    "docID": "N167 Li 2012",
    "et": "LocomotorTest",
    "off": 15932,
    "sff": "locomotor"
  },
  {
    "docID": "N167 Li 2012",
    "et": "LocomotorTest",
    "off": 20477,
    "sff": "locomotor"
  },
  {
    "docID": "N167 Li 2012",
    "et": "LocomotorTest",
    "off": 4296,
    "sff": "locomotor"
  },
  {
    "docID": "N167 Li 2012",
    "et": "LocomotorTest",
    "off": 20365,
    "sff": "Locomotor"
  },
  {
    "docID": "N167 Li 2012",
    "et": "LocomotorTest",
    "off": 867,
    "sff": "locomotor"
  },
  {
    "docID": "N167 Li 2012",
    "et": "LocomotorTest",
    "off": 11861,
    "sff": "locomotor"
  },
  {
    "docID": "N167 Li 2012",
    "et": "LocomotorTest",
    "off": 11792,
    "sff": "locomotor"
  },
  {
    "docID": "N167 Li 2012",
    "et": "LocomotorTest",
    "off": 27250,
    "sff": "locomotor"
  },
  {
    "docID": "N167 Li 2012",
    "et": "VertebralArea",
    "off": 7438,
    "sff": "vertebral"
  },
  {
    "docID": "N167 Li 2012",
    "et": "Caudal",
    "off": 5651,
    "sff": "caudal"
  },
  {
    "docID": "N167 Li 2012",
    "et": "Caudal",
    "off": 8227,
    "sff": "caudal"
  },
  {
    "docID": "N167 Li 2012",
    "et": "VertebralSegment",
    "off": 7438,
    "sff": "vertebral"
  },
  {
    "docID": "N167 Li 2012",
    "et": "BladderFunctionParameter",
    "off": 4246,
    "sff": "function"
  },
  {
    "docID": "N167 Li 2012",
    "et": "BladderFunctionParameter",
    "off": 7851,
    "sff": "bladder"
  },
  {
    "docID": "N167 Li 2012",
    "et": "BladderFunctionParameter",
    "off": 166,
    "sff": "Function"
  },
  {
    "docID": "N167 Li 2012",
    "et": "BladderFunctionParameter",
    "off": 27000,
    "sff": "function"
  },
  {
    "docID": "N167 Li 2012",
    "et": "BladderFunctionParameter",
    "off": 820,
    "sff": "function"
  },
  {
    "docID": "N167 Li 2012",
    "et": "BladderFunctionParameter",
    "off": 29300,
    "sff": "function"
  },
  {
    "docID": "N167 Li 2012",
    "et": "BladderFunctionParameter",
    "off": 22193,
    "sff": "function"
  },
  {
    "docID": "N167 Li 2012",
    "et": "BladderFunctionParameter",
    "off": 26705,
    "sff": "function"
  },
  {
    "docID": "N167 Li 2012",
    "et": "BladderFunctionParameter",
    "off": 22922,
    "sff": "function"
  },
  {
    "docID": "N167 Li 2012",
    "et": "BladderFunctionParameter",
    "off": 15942,
    "sff": "function"
  },
  {
    "docID": "N167 Li 2012",
    "et": "BladderFunctionParameter",
    "off": 7770,
    "sff": "bladder"
  },
  {
    "docID": "N167 Li 2012",
    "et": "BladderFunctionParameter",
    "off": 20487,
    "sff": "function"
  },
  {
    "docID": "N167 Li 2012",
    "et": "BladderFunctionParameter",
    "off": 4809,
    "sff": "function"
  },
  {
    "docID": "N167 Li 2012",
    "et": "BladderFunctionParameter",
    "off": 26537,
    "sff": "function"
  },
  {
    "docID": "N167 Li 2012",
    "et": "BladderFunctionParameter",
    "off": 28610,
    "sff": "function"
  },
  {
    "docID": "N167 Li 2012",
    "et": "BladderFunctionParameter",
    "off": 1951,
    "sff": "function"
  },
  {
    "docID": "N167 Li 2012",
    "et": "BladderFunctionParameter",
    "off": 11871,
    "sff": "function"
  },
  {
    "docID": "N167 Li 2012",
    "et": "GaitAnalysisParameter",
    "off": 12071,
    "sff": "Analysis"
  },
  {
    "docID": "N167 Li 2012",
    "et": "GaitAnalysisParameter",
    "off": 20325,
    "sff": "analysis"
  },
  {
    "docID": "N167 Li 2012",
    "et": "GaitAnalysisParameter",
    "off": 4180,
    "sff": "analysis"
  },
  {
    "docID": "N167 Li 2012",
    "et": "GaitAnalysisParameter",
    "off": 15796,
    "sff": "analysis"
  },
  {
    "docID": "N167 Li 2012",
    "et": "GaitAnalysisParameter",
    "off": 13005,
    "sff": "Analysis"
  },
  {
    "docID": "N167 Li 2012",
    "et": "GaitAnalysisParameter",
    "off": 1690,
    "sff": "analysis"
  },
  {
    "docID": "N167 Li 2012",
    "et": "T10",
    "off": 7455,
    "sff": "T10"
  },
  {
    "docID": "N167 Li 2012",
    "et": "T10",
    "off": 16491,
    "sff": "T10"
  },
  {
    "docID": "N167 Li 2012",
    "et": "Thoracic",
    "off": 27317,
    "sff": "thoracic"
  },
  {
    "docID": "N167 Li 2012",
    "et": "VertebralLocation",
    "off": 7438,
    "sff": "vertebral"
  },
  {
    "docID": "N167 Li 2012",
    "et": "SerotonergicFibers",
    "off": 27575,
    "sff": "serotonergic"
  },
  {
    "docID": "N167 Li 2012",
    "et": "IntraperitonealLocation",
    "off": 7323,
    "sff": "intraperitoneal"
  },
  {
    "docID": "N167 Li 2012",
    "et": "AxonalSproutingTest",
    "off": 2590,
    "sff": "axonal"
  },
  {
    "docID": "N167 Li 2012",
    "et": "AxonalSproutingTest",
    "off": 27195,
    "sff": "axonal"
  },
  {
    "docID": "N167 Li 2012",
    "et": "AxonalSproutingTest",
    "off": 24604,
    "sff": "axonal"
  },
  {
    "docID": "N167 Li 2012",
    "et": "BladderSize",
    "off": 7770,
    "sff": "bladder"
  },
  {
    "docID": "N167 Li 2012",
    "et": "BladderSize",
    "off": 7851,
    "sff": "bladder"
  },
  {
    "docID": "N167 Li 2012",
    "et": "NeuronalCellLossTest",
    "off": 2374,
    "sff": "cell"
  },
  {
    "docID": "N167 Li 2012",
    "et": "NeuronalCellLossTest",
    "off": 9734,
    "sff": "cell"
  },
  {
    "docID": "N167 Li 2012",
    "et": "NeuronalCellLossTest",
    "off": 16671,
    "sff": "cell"
  },
  {
    "docID": "N167 Li 2012",
    "et": "NeuronalCellLossTest",
    "off": 1918,
    "sff": "cell"
  },
  {
    "docID": "N167 Li 2012",
    "et": "NeuronalCellLossTest",
    "off": 29594,
    "sff": "cell"
  },
  {
    "docID": "N167 Li 2012",
    "et": "NeuronalCellLossTest",
    "off": 5520,
    "sff": "cell"
  },
  {
    "docID": "N167 Li 2012",
    "et": "NeuronalCellLossTest",
    "off": 14032,
    "sff": "cell"
  },
  {
    "docID": "N167 Li 2012",
    "et": "NeuronalCellLossTest",
    "off": 8082,
    "sff": "cell"
  },
  {
    "docID": "N167 Li 2012",
    "et": "NeuronalCellLossTest",
    "off": 269,
    "sff": "cell"
  },
  {
    "docID": "N167 Li 2012",
    "et": "NeuronalCellLossTest",
    "off": 1837,
    "sff": "cell"
  },
  {
    "docID": "N167 Li 2012",
    "et": "NeuronalCellLossTest",
    "off": 5549,
    "sff": "cell"
  },
  {
    "docID": "N167 Li 2012",
    "et": "NeuronalCellLossTest",
    "off": 8301,
    "sff": "cell"
  },
  {
    "docID": "N167 Li 2012",
    "et": "NeuronalCellLossTest",
    "off": 8271,
    "sff": "cell"
  },
  {
    "docID": "N167 Li 2012",
    "et": "NeuronalCellLossTest",
    "off": 19471,
    "sff": "cell"
  },
  {
    "docID": "N167 Li 2012",
    "et": "NeuronalCellLossTest",
    "off": 22377,
    "sff": "cell"
  },
  {
    "docID": "N167 Li 2012",
    "et": "VascularFunctionParameter",
    "off": 15942,
    "sff": "function"
  },
  {
    "docID": "N167 Li 2012",
    "et": "VascularFunctionParameter",
    "off": 20487,
    "sff": "function"
  },
  {
    "docID": "N167 Li 2012",
    "et": "VascularFunctionParameter",
    "off": 4809,
    "sff": "function"
  },
  {
    "docID": "N167 Li 2012",
    "et": "VascularFunctionParameter",
    "off": 26537,
    "sff": "function"
  },
  {
    "docID": "N167 Li 2012",
    "et": "VascularFunctionParameter",
    "off": 22922,
    "sff": "function"
  },
  {
    "docID": "N167 Li 2012",
    "et": "VascularFunctionParameter",
    "off": 1951,
    "sff": "function"
  },
  {
    "docID": "N167 Li 2012",
    "et": "VascularFunctionParameter",
    "off": 11871,
    "sff": "function"
  },
  {
    "docID": "N167 Li 2012",
    "et": "VascularFunctionParameter",
    "off": 28610,
    "sff": "function"
  },
  {
    "docID": "N167 Li 2012",
    "et": "VascularFunctionParameter",
    "off": 820,
    "sff": "function"
  },
  {
    "docID": "N167 Li 2012",
    "et": "VascularFunctionParameter",
    "off": 29300,
    "sff": "function"
  },
  {
    "docID": "N167 Li 2012",
    "et": "VascularFunctionParameter",
    "off": 166,
    "sff": "Function"
  },
  {
    "docID": "N167 Li 2012",
    "et": "VascularFunctionParameter",
    "off": 4246,
    "sff": "function"
  },
  {
    "docID": "N167 Li 2012",
    "et": "VascularFunctionParameter",
    "off": 27000,
    "sff": "function"
  },
  {
    "docID": "N167 Li 2012",
    "et": "VascularFunctionParameter",
    "off": 22193,
    "sff": "function"
  },
  {
    "docID": "N167 Li 2012",
    "et": "VascularFunctionParameter",
    "off": 26705,
    "sff": "function"
  },
  {
    "docID": "N167 Li 2012",
    "et": "ObservationOfAnimalBehaviour",
    "off": 19826,
    "sff": "observation"
  },
  {
    "docID": "N167 Li 2012",
    "et": "ObservationOfAnimalBehaviour",
    "off": 13478,
    "sff": "observation"
  },
  {
    "docID": "N167 Li 2012",
    "et": "ObservationOfAnimalBehaviour",
    "off": 22001,
    "sff": "animal"
  },
  {
    "docID": "N167 Li 2012",
    "et": "ObservationOfAnimalBehaviour",
    "off": 7255,
    "sff": "Animal"
  },
  {
    "docID": "N167 Li 2012",
    "et": "ObservationOfAnimalBehaviour",
    "off": 11626,
    "sff": "animal"
  },
  {
    "docID": "N167 Li 2012",
    "et": "ObservationOfAnimalBehaviour",
    "off": 23021,
    "sff": "observation"
  },
  {
    "docID": "N167 Li 2012",
    "et": "BladderWeight",
    "off": 7770,
    "sff": "bladder"
  },
  {
    "docID": "N167 Li 2012",
    "et": "BladderWeight",
    "off": 7851,
    "sff": "bladder"
  },
  {
    "docID": "N167 Li 2012",
    "et": "MotorTest",
    "off": 4803,
    "sff": "motor"
  },
  {
    "docID": "N167 Li 2012",
    "et": "MotorTest",
    "off": 4240,
    "sff": "motor"
  },
  {
    "docID": "N167 Li 2012",
    "et": "MotorTest",
    "off": 814,
    "sff": "motor"
  },
  {
    "docID": "N167 Li 2012",
    "et": "MotorTest",
    "off": 160,
    "sff": "Motor"
  },
  {
    "docID": "N167 Li 2012",
    "et": "MotorTest",
    "off": 1945,
    "sff": "motor"
  },
  {
    "docID": "N167 Li 2012",
    "et": "SpinalDorsalHalf",
    "off": 423,
    "sff": "spinal"
  },
  {
    "docID": "N167 Li 2012",
    "et": "SpinalDorsalHalf",
    "off": 9134,
    "sff": "spinal"
  },
  {
    "docID": "N167 Li 2012",
    "et": "SpinalDorsalHalf",
    "off": 29422,
    "sff": "spinal"
  },
  {
    "docID": "N167 Li 2012",
    "et": "SpinalDorsalHalf",
    "off": 4066,
    "sff": "spinal"
  },
  {
    "docID": "N167 Li 2012",
    "et": "SpinalDorsalHalf",
    "off": 22947,
    "sff": "spinal"
  },
  {
    "docID": "N167 Li 2012",
    "et": "SpinalDorsalHalf",
    "off": 14820,
    "sff": "spinal"
  },
  {
    "docID": "N167 Li 2012",
    "et": "SpinalDorsalHalf",
    "off": 27364,
    "sff": "spinal"
  },
  {
    "docID": "N167 Li 2012",
    "et": "SpinalDorsalHalf",
    "off": 23141,
    "sff": "spinal"
  },
  {
    "docID": "N167 Li 2012",
    "et": "SpinalDorsalHalf",
    "off": 13535,
    "sff": "spinal"
  },
  {
    "docID": "N167 Li 2012",
    "et": "SpinalDorsalHalf",
    "off": 4834,
    "sff": "spinal"
  },
  {
    "docID": "N167 Li 2012",
    "et": "SpinalDorsalHalf",
    "off": 28635,
    "sff": "spinal"
  },
  {
    "docID": "N167 Li 2012",
    "et": "SpinalDorsalHalf",
    "off": 146,
    "sff": "Spinal"
  },
  {
    "docID": "N167 Li 2012",
    "et": "SpinalDorsalHalf",
    "off": 16472,
    "sff": "spinal"
  },
  {
    "docID": "N167 Li 2012",
    "et": "SpinalDorsalHalf",
    "off": 451,
    "sff": "dorsal"
  },
  {
    "docID": "N167 Li 2012",
    "et": "SpinalDorsalHalf",
    "off": 2002,
    "sff": "spinal"
  },
  {
    "docID": "N167 Li 2012",
    "et": "SpinalDorsalHalf",
    "off": 2834,
    "sff": "spinal"
  },
  {
    "docID": "N167 Li 2012",
    "et": "SpinalDorsalHalf",
    "off": 22163,
    "sff": "spinal"
  },
  {
    "docID": "N167 Li 2012",
    "et": "SpinalDorsalHalf",
    "off": 593,
    "sff": "spinal"
  },
  {
    "docID": "N167 Li 2012",
    "et": "SpinalDorsalHalf",
    "off": 657,
    "sff": "spinal"
  },
  {
    "docID": "N167 Li 2012",
    "et": "SpinalDorsalHalf",
    "off": 3856,
    "sff": "spinal"
  },
  {
    "docID": "N167 Li 2012",
    "et": "SpinalDorsalHalf",
    "off": 23061,
    "sff": "spinal"
  },
  {
    "docID": "N167 Li 2012",
    "et": "SpinalDorsalHalf",
    "off": 18512,
    "sff": "spinal"
  },
  {
    "docID": "N167 Li 2012",
    "et": "SpinalDorsalHalf",
    "off": 27024,
    "sff": "spinal"
  },
  {
    "docID": "N167 Li 2012",
    "et": "SpinalDorsalHalf",
    "off": 29325,
    "sff": "spinal"
  },
  {
    "docID": "N167 Li 2012",
    "et": "SpinalDorsalHalf",
    "off": 28744,
    "sff": "dorsal"
  },
  {
    "docID": "N167 Li 2012",
    "et": "SpinalDorsalHalf",
    "off": 22217,
    "sff": "spinal"
  },
  {
    "docID": "N167 Li 2012",
    "et": "SpinalDorsalHalf",
    "off": 28809,
    "sff": "spinal"
  },
  {
    "docID": "N167 Li 2012",
    "et": "SpinalDorsalHalf",
    "off": 12938,
    "sff": "spinal"
  },
  {
    "docID": "N167 Li 2012",
    "et": "SpinalDorsalHalf",
    "off": 7492,
    "sff": "spinal"
  },
  {
    "docID": "N167 Li 2012",
    "et": "SpinalDorsalHalf",
    "off": 8965,
    "sff": "spinal"
  },
  {
    "docID": "N167 Li 2012",
    "et": "SpinalDorsalHalf",
    "off": 29503,
    "sff": "spinal"
  },
  {
    "docID": "N167 Li 2012",
    "et": "SpinalDorsalHalf",
    "off": 26562,
    "sff": "spinal"
  },
  {
    "docID": "N167 Li 2012",
    "et": "SpinalDorsalHalf",
    "off": 26107,
    "sff": "spinal"
  },
  {
    "docID": "N167 Li 2012",
    "et": "SpinalDorsalHalf",
    "off": 13885,
    "sff": "spinal"
  },
  {
    "docID": "N167 Li 2012",
    "et": "SpinalDorsalHalf",
    "off": 22590,
    "sff": "spinal"
  },
  {
    "docID": "N167 Li 2012",
    "et": "SpinalDorsalHalf",
    "off": 27326,
    "sff": "spinal"
  },
  {
    "docID": "N167 Li 2012",
    "et": "SpinalDorsalHalf",
    "off": 24181,
    "sff": "spinal"
  },
  {
    "docID": "N167 Li 2012",
    "et": "SpinalDorsalHalf",
    "off": 29045,
    "sff": "spinal"
  },
  {
    "docID": "N167 Li 2012",
    "et": "SpinalDorsalHalf",
    "off": 16495,
    "sff": "spinal"
  },
  {
    "docID": "N167 Li 2012",
    "et": "Lateral",
    "off": 12644,
    "sff": "lateral"
  },
  {
    "docID": "N167 Li 2012",
    "et": "SomatosensoryEvokedPotentialsTest",
    "off": 903,
    "sff": "somatosensory evoked"
  },
  {
    "docID": "N167 Li 2012",
    "et": "SomatosensoryEvokedPotentialsTest",
    "off": 12899,
    "sff": "evoked"
  },
  {
    "docID": "N167 Li 2012",
    "et": "SomatosensoryEvokedPotentialsTest",
    "off": 27926,
    "sff": "evoked"
  },
  {
    "docID": "N167 Li 2012",
    "et": "SomatosensoryEvokedPotentialsTest",
    "off": 4332,
    "sff": "somatosensory evoked"
  },
  {
    "docID": "N167 Li 2012",
    "et": "SomatosensoryEvokedPotentialsTest",
    "off": 903,
    "sff": "somatosensory evoked potentials"
  },
  {
    "docID": "N167 Li 2012",
    "et": "SomatosensoryEvokedPotentialsTest",
    "off": 12899,
    "sff": "evoked potentials"
  },
  {
    "docID": "N167 Li 2012",
    "et": "SomatosensoryEvokedPotentialsTest",
    "off": 4332,
    "sff": "somatosensory evoked potentials"
  },
  {
    "docID": "N167 Li 2012",
    "et": "HistologicalInvestigationTest",
    "off": 12968,
    "sff": "histological"
  },
  {
    "docID": "N167 Li 2012",
    "et": "HistologicalInvestigationTest",
    "off": 8655,
    "sff": "Histological"
  },
  {
    "docID": "N167 Li 2012",
    "et": "HistologicalInvestigationTest",
    "off": 13465,
    "sff": "Histological"
  },
  {
    "docID": "N167 Li 2012",
    "et": "HistologicalInvestigationTest",
    "off": 22299,
    "sff": "Histological"
  },
  {
    "docID": "N167 Li 2012",
    "et": "LimbMuscleStrengthTest",
    "off": 27245,
    "sff": "limb"
  },
  {
    "docID": "N167 Li 2012",
    "et": "LimbMuscleStrengthTest",
    "off": 20472,
    "sff": "limb"
  },
  {
    "docID": "N167 Li 2012",
    "et": "LimbMuscleStrengthTest",
    "off": 7718,
    "sff": "limb"
  },
  {
    "docID": "N167 Li 2012",
    "et": "LimbMuscleStrengthTest",
    "off": 8529,
    "sff": "muscle"
  },
  {
    "docID": "N167 Li 2012",
    "et": "CorticospinalTract",
    "off": 27609,
    "sff": "corticospinal"
  },
  {
    "docID": "N167 Li 2012",
    "et": "SpinalCordEvokedPotentialsTest",
    "off": 7492,
    "sff": "spinal"
  },
  {
    "docID": "N167 Li 2012",
    "et": "SpinalCordEvokedPotentialsTest",
    "off": 28635,
    "sff": "spinal cord"
  },
  {
    "docID": "N167 Li 2012",
    "et": "SpinalCordEvokedPotentialsTest",
    "off": 26562,
    "sff": "spinal"
  },
  {
    "docID": "N167 Li 2012",
    "et": "SpinalCordEvokedPotentialsTest",
    "off": 13535,
    "sff": "spinal cord"
  },
  {
    "docID": "N167 Li 2012",
    "et": "SpinalCordEvokedPotentialsTest",
    "off": 14162,
    "sff": "cord"
  },
  {
    "docID": "N167 Li 2012",
    "et": "SpinalCordEvokedPotentialsTest",
    "off": 2002,
    "sff": "spinal cord"
  },
  {
    "docID": "N167 Li 2012",
    "et": "SpinalCordEvokedPotentialsTest",
    "off": 8145,
    "sff": "cord"
  },
  {
    "docID": "N167 Li 2012",
    "et": "SpinalCordEvokedPotentialsTest",
    "off": 16472,
    "sff": "spinal cord"
  },
  {
    "docID": "N167 Li 2012",
    "et": "SpinalCordEvokedPotentialsTest",
    "off": 1113,
    "sff": "cord"
  },
  {
    "docID": "N167 Li 2012",
    "et": "SpinalCordEvokedPotentialsTest",
    "off": 29422,
    "sff": "spinal cord"
  },
  {
    "docID": "N167 Li 2012",
    "et": "SpinalCordEvokedPotentialsTest",
    "off": 14820,
    "sff": "spinal cord"
  },
  {
    "docID": "N167 Li 2012",
    "et": "SpinalCordEvokedPotentialsTest",
    "off": 27364,
    "sff": "spinal cord"
  },
  {
    "docID": "N167 Li 2012",
    "et": "SpinalCordEvokedPotentialsTest",
    "off": 4066,
    "sff": "spinal cord"
  },
  {
    "docID": "N167 Li 2012",
    "et": "SpinalCordEvokedPotentialsTest",
    "off": 4834,
    "sff": "spinal cord"
  },
  {
    "docID": "N167 Li 2012",
    "et": "SpinalCordEvokedPotentialsTest",
    "off": 26107,
    "sff": "spinal cord"
  },
  {
    "docID": "N167 Li 2012",
    "et": "SpinalCordEvokedPotentialsTest",
    "off": 24181,
    "sff": "spinal cord"
  },
  {
    "docID": "N167 Li 2012",
    "et": "SpinalCordEvokedPotentialsTest",
    "off": 29045,
    "sff": "spinal cord"
  },
  {
    "docID": "N167 Li 2012",
    "et": "SpinalCordEvokedPotentialsTest",
    "off": 7603,
    "sff": "cord"
  },
  {
    "docID": "N167 Li 2012",
    "et": "SpinalCordEvokedPotentialsTest",
    "off": 22448,
    "sff": "cord"
  },
  {
    "docID": "N167 Li 2012",
    "et": "SpinalCordEvokedPotentialsTest",
    "off": 29325,
    "sff": "spinal cord"
  },
  {
    "docID": "N167 Li 2012",
    "et": "SpinalCordEvokedPotentialsTest",
    "off": 657,
    "sff": "spinal cord"
  },
  {
    "docID": "N167 Li 2012",
    "et": "SpinalCordEvokedPotentialsTest",
    "off": 3856,
    "sff": "spinal cord"
  },
  {
    "docID": "N167 Li 2012",
    "et": "SpinalCordEvokedPotentialsTest",
    "off": 27024,
    "sff": "spinal cord"
  },
  {
    "docID": "N167 Li 2012",
    "et": "SpinalCordEvokedPotentialsTest",
    "off": 9134,
    "sff": "spinal"
  },
  {
    "docID": "N167 Li 2012",
    "et": "SpinalCordEvokedPotentialsTest",
    "off": 964,
    "sff": "cord"
  },
  {
    "docID": "N167 Li 2012",
    "et": "SpinalCordEvokedPotentialsTest",
    "off": 22466,
    "sff": "cord"
  },
  {
    "docID": "N167 Li 2012",
    "et": "SpinalCordEvokedPotentialsTest",
    "off": 28809,
    "sff": "spinal cord"
  },
  {
    "docID": "N167 Li 2012",
    "et": "SpinalCordEvokedPotentialsTest",
    "off": 8965,
    "sff": "spinal"
  },
  {
    "docID": "N167 Li 2012",
    "et": "SpinalCordEvokedPotentialsTest",
    "off": 28293,
    "sff": "cord"
  },
  {
    "docID": "N167 Li 2012",
    "et": "SpinalCordEvokedPotentialsTest",
    "off": 23061,
    "sff": "spinal cord"
  },
  {
    "docID": "N167 Li 2012",
    "et": "SpinalCordEvokedPotentialsTest",
    "off": 9874,
    "sff": "cord"
  },
  {
    "docID": "N167 Li 2012",
    "et": "SpinalCordEvokedPotentialsTest",
    "off": 22163,
    "sff": "spinal cord"
  },
  {
    "docID": "N167 Li 2012",
    "et": "SpinalCordEvokedPotentialsTest",
    "off": 2834,
    "sff": "spinal cord"
  },
  {
    "docID": "N167 Li 2012",
    "et": "SpinalCordEvokedPotentialsTest",
    "off": 18588,
    "sff": "cord"
  },
  {
    "docID": "N167 Li 2012",
    "et": "SpinalCordEvokedPotentialsTest",
    "off": 22947,
    "sff": "spinal cord"
  },
  {
    "docID": "N167 Li 2012",
    "et": "SpinalCordEvokedPotentialsTest",
    "off": 12938,
    "sff": "spinal"
  },
  {
    "docID": "N167 Li 2012",
    "et": "SpinalCordEvokedPotentialsTest",
    "off": 423,
    "sff": "spinal cord"
  },
  {
    "docID": "N167 Li 2012",
    "et": "SpinalCordEvokedPotentialsTest",
    "off": 13885,
    "sff": "spinal cord"
  },
  {
    "docID": "N167 Li 2012",
    "et": "SpinalCordEvokedPotentialsTest",
    "off": 23141,
    "sff": "spinal"
  },
  {
    "docID": "N167 Li 2012",
    "et": "SpinalCordEvokedPotentialsTest",
    "off": 29162,
    "sff": "cord"
  },
  {
    "docID": "N167 Li 2012",
    "et": "SpinalCordEvokedPotentialsTest",
    "off": 29503,
    "sff": "spinal cord"
  },
  {
    "docID": "N167 Li 2012",
    "et": "SpinalCordEvokedPotentialsTest",
    "off": 22590,
    "sff": "spinal cord"
  },
  {
    "docID": "N167 Li 2012",
    "et": "SpinalCordEvokedPotentialsTest",
    "off": 27326,
    "sff": "spinal cord"
  },
  {
    "docID": "N167 Li 2012",
    "et": "SpinalCordEvokedPotentialsTest",
    "off": 13812,
    "sff": "cord"
  },
  {
    "docID": "N167 Li 2012",
    "et": "SpinalCordEvokedPotentialsTest",
    "off": 14321,
    "sff": "cord"
  },
  {
    "docID": "N167 Li 2012",
    "et": "SpinalCordEvokedPotentialsTest",
    "off": 593,
    "sff": "spinal cord"
  },
  {
    "docID": "N167 Li 2012",
    "et": "SpinalCordEvokedPotentialsTest",
    "off": 18512,
    "sff": "spinal cord"
  },
  {
    "docID": "N167 Li 2012",
    "et": "SpinalCordEvokedPotentialsTest",
    "off": 16495,
    "sff": "spinal"
  },
  {
    "docID": "N167 Li 2012",
    "et": "SpinalCordEvokedPotentialsTest",
    "off": 29188,
    "sff": "cord"
  },
  {
    "docID": "N167 Li 2012",
    "et": "SpinalCordEvokedPotentialsTest",
    "off": 22217,
    "sff": "spinal cord"
  }
]
