[
  {
    "docID": "N177 Luo 2013",
    "et": "BrainNucleus",
    "off": 4366,
    "sff": "brain"
  },
  {
    "docID": "N177 Luo 2013",
    "et": "MechanicalAllodyniaTest",
    "off": 1628,
    "sff": "mechanical"
  },
  {
    "docID": "N177 Luo 2013",
    "et": "MechanicalAllodyniaTest",
    "off": 8341,
    "sff": "Mechanical"
  },
  {
    "docID": "N177 Luo 2013",
    "et": "MechanicalAllodyniaTest",
    "off": 5031,
    "sff": "mechanical"
  },
  {
    "docID": "N177 Luo 2013",
    "et": "MechanicalAllodyniaTest",
    "off": 13258,
    "sff": "Mechanical"
  },
  {
    "docID": "N177 Luo 2013",
    "et": "MechanicalAllodyniaTest",
    "off": 8361,
    "sff": "Mechanical"
  },
  {
    "docID": "N177 Luo 2013",
    "et": "MechanicalAllodyniaTest",
    "off": 9220,
    "sff": "mechanical"
  },
  {
    "docID": "N177 Luo 2013",
    "et": "WalkingAnalysisParameter",
    "off": 9393,
    "sff": "analysis"
  },
  {
    "docID": "N177 Luo 2013",
    "et": "WalkingAnalysisParameter",
    "off": 10801,
    "sff": "analysis"
  },
  {
    "docID": "N177 Luo 2013",
    "et": "WalkingAnalysisParameter",
    "off": 6155,
    "sff": "analysis"
  },
  {
    "docID": "N177 Luo 2013",
    "et": "SurfaceRightingReflexTest",
    "off": 8769,
    "sff": "surface"
  },
  {
    "docID": "N177 Luo 2013",
    "et": "SurfaceRightingReflexTest",
    "off": 7883,
    "sff": "surface"
  },
  {
    "docID": "N177 Luo 2013",
    "et": "SpinalSubduralArea",
    "off": 6334,
    "sff": "Spinal"
  },
  {
    "docID": "N177 Luo 2013",
    "et": "SpinalSubduralArea",
    "off": 3391,
    "sff": "spinal"
  },
  {
    "docID": "N177 Luo 2013",
    "et": "SpinalSubduralArea",
    "off": 14924,
    "sff": "spinal"
  },
  {
    "docID": "N177 Luo 2013",
    "et": "SpinalSubduralArea",
    "off": 14541,
    "sff": "spinal"
  },
  {
    "docID": "N177 Luo 2013",
    "et": "SpinalSubduralArea",
    "off": 15758,
    "sff": "spinal"
  },
  {
    "docID": "N177 Luo 2013",
    "et": "SpinalSubduralArea",
    "off": 16263,
    "sff": "spinal"
  },
  {
    "docID": "N177 Luo 2013",
    "et": "SpinalSubduralArea",
    "off": 5002,
    "sff": "spinal"
  },
  {
    "docID": "N177 Luo 2013",
    "et": "SpinalSubduralArea",
    "off": 15254,
    "sff": "spinal"
  },
  {
    "docID": "N177 Luo 2013",
    "et": "SpinalSubduralArea",
    "off": 873,
    "sff": "Spinal"
  },
  {
    "docID": "N177 Luo 2013",
    "et": "SpinalSubduralArea",
    "off": 3890,
    "sff": "spinal"
  },
  {
    "docID": "N177 Luo 2013",
    "et": "SpinalSubduralArea",
    "off": 16508,
    "sff": "spinal"
  },
  {
    "docID": "N177 Luo 2013",
    "et": "SpinalSubduralArea",
    "off": 1341,
    "sff": "spinal"
  },
  {
    "docID": "N177 Luo 2013",
    "et": "SpinalSubduralArea",
    "off": 2045,
    "sff": "spinal"
  },
  {
    "docID": "N177 Luo 2013",
    "et": "SpinalSubduralArea",
    "off": 15934,
    "sff": "spinal"
  },
  {
    "docID": "N177 Luo 2013",
    "et": "SpinalSubduralArea",
    "off": 16606,
    "sff": "spinal"
  },
  {
    "docID": "N177 Luo 2013",
    "et": "SpinalSubduralArea",
    "off": 14745,
    "sff": "spinal"
  },
  {
    "docID": "N177 Luo 2013",
    "et": "SpinalSubduralArea",
    "off": 6586,
    "sff": "spinal"
  },
  {
    "docID": "N177 Luo 2013",
    "et": "StainingArea",
    "off": 14898,
    "sff": "staining"
  },
  {
    "docID": "N177 Luo 2013",
    "et": "StainingArea",
    "off": 6319,
    "sff": "staining"
  },
  {
    "docID": "N177 Luo 2013",
    "et": "TailFlickReflexTest",
    "off": 8260,
    "sff": "tail"
  },
  {
    "docID": "N177 Luo 2013",
    "et": "TailFlickReflexTest",
    "off": 8285,
    "sff": "flick"
  },
  {
    "docID": "N177 Luo 2013",
    "et": "TailFlickReflexTest",
    "off": 1748,
    "sff": "tail flick"
  },
  {
    "docID": "N177 Luo 2013",
    "et": "TailFlickReflexTest",
    "off": 7954,
    "sff": "tail"
  },
  {
    "docID": "N177 Luo 2013",
    "et": "TailFlickReflexTest",
    "off": 7725,
    "sff": "Tail flick"
  },
  {
    "docID": "N177 Luo 2013",
    "et": "TailFlickReflexTest",
    "off": 8049,
    "sff": "tail"
  },
  {
    "docID": "N177 Luo 2013",
    "et": "TailFlickReflexTest",
    "off": 7898,
    "sff": "tail"
  },
  {
    "docID": "N177 Luo 2013",
    "et": "TailFlickReflexTest",
    "off": 7772,
    "sff": "TAIL FLICK"
  },
  {
    "docID": "N177 Luo 2013",
    "et": "CentralCanal",
    "off": 18176,
    "sff": "central"
  },
  {
    "docID": "N177 Luo 2013",
    "et": "CentralCanal",
    "off": 17577,
    "sff": "central"
  },
  {
    "docID": "N177 Luo 2013",
    "et": "SpinalFiberTract",
    "off": 14541,
    "sff": "spinal"
  },
  {
    "docID": "N177 Luo 2013",
    "et": "SpinalFiberTract",
    "off": 14924,
    "sff": "spinal"
  },
  {
    "docID": "N177 Luo 2013",
    "et": "SpinalFiberTract",
    "off": 873,
    "sff": "Spinal"
  },
  {
    "docID": "N177 Luo 2013",
    "et": "SpinalFiberTract",
    "off": 5002,
    "sff": "spinal"
  },
  {
    "docID": "N177 Luo 2013",
    "et": "SpinalFiberTract",
    "off": 16263,
    "sff": "spinal"
  },
  {
    "docID": "N177 Luo 2013",
    "et": "SpinalFiberTract",
    "off": 6334,
    "sff": "Spinal"
  },
  {
    "docID": "N177 Luo 2013",
    "et": "SpinalFiberTract",
    "off": 3391,
    "sff": "spinal"
  },
  {
    "docID": "N177 Luo 2013",
    "et": "SpinalFiberTract",
    "off": 15934,
    "sff": "spinal"
  },
  {
    "docID": "N177 Luo 2013",
    "et": "SpinalFiberTract",
    "off": 16606,
    "sff": "spinal"
  },
  {
    "docID": "N177 Luo 2013",
    "et": "SpinalFiberTract",
    "off": 1341,
    "sff": "spinal"
  },
  {
    "docID": "N177 Luo 2013",
    "et": "SpinalFiberTract",
    "off": 2045,
    "sff": "spinal"
  },
  {
    "docID": "N177 Luo 2013",
    "et": "SpinalFiberTract",
    "off": 16508,
    "sff": "spinal"
  },
  {
    "docID": "N177 Luo 2013",
    "et": "SpinalFiberTract",
    "off": 6586,
    "sff": "spinal"
  },
  {
    "docID": "N177 Luo 2013",
    "et": "SpinalFiberTract",
    "off": 14745,
    "sff": "spinal"
  },
  {
    "docID": "N177 Luo 2013",
    "et": "SpinalFiberTract",
    "off": 15254,
    "sff": "spinal"
  },
  {
    "docID": "N177 Luo 2013",
    "et": "SpinalFiberTract",
    "off": 3890,
    "sff": "spinal"
  },
  {
    "docID": "N177 Luo 2013",
    "et": "SpinalFiberTract",
    "off": 15758,
    "sff": "spinal"
  },
  {
    "docID": "N177 Luo 2013",
    "et": "PainTest",
    "off": 16987,
    "sff": "pain"
  },
  {
    "docID": "N177 Luo 2013",
    "et": "PainTest",
    "off": 1020,
    "sff": "pain"
  },
  {
    "docID": "N177 Luo 2013",
    "et": "PainTest",
    "off": 2674,
    "sff": "pain"
  },
  {
    "docID": "N177 Luo 2013",
    "et": "PainTest",
    "off": 17922,
    "sff": "pain"
  },
  {
    "docID": "N177 Luo 2013",
    "et": "PainTest",
    "off": 2480,
    "sff": "pain"
  },
  {
    "docID": "N177 Luo 2013",
    "et": "PainTest",
    "off": 17079,
    "sff": "pain"
  },
  {
    "docID": "N177 Luo 2013",
    "et": "PainTest",
    "off": 5829,
    "sff": "pain"
  },
  {
    "docID": "N177 Luo 2013",
    "et": "PainTest",
    "off": 17700,
    "sff": "pain"
  },
  {
    "docID": "N177 Luo 2013",
    "et": "SpinalVentralHalf",
    "off": 15934,
    "sff": "spinal"
  },
  {
    "docID": "N177 Luo 2013",
    "et": "SpinalVentralHalf",
    "off": 16606,
    "sff": "spinal"
  },
  {
    "docID": "N177 Luo 2013",
    "et": "SpinalVentralHalf",
    "off": 1341,
    "sff": "spinal"
  },
  {
    "docID": "N177 Luo 2013",
    "et": "SpinalVentralHalf",
    "off": 2045,
    "sff": "spinal"
  },
  {
    "docID": "N177 Luo 2013",
    "et": "SpinalVentralHalf",
    "off": 16508,
    "sff": "spinal"
  },
  {
    "docID": "N177 Luo 2013",
    "et": "SpinalVentralHalf",
    "off": 6586,
    "sff": "spinal"
  },
  {
    "docID": "N177 Luo 2013",
    "et": "SpinalVentralHalf",
    "off": 6334,
    "sff": "Spinal"
  },
  {
    "docID": "N177 Luo 2013",
    "et": "SpinalVentralHalf",
    "off": 14745,
    "sff": "spinal"
  },
  {
    "docID": "N177 Luo 2013",
    "et": "SpinalVentralHalf",
    "off": 3391,
    "sff": "spinal"
  },
  {
    "docID": "N177 Luo 2013",
    "et": "SpinalVentralHalf",
    "off": 15758,
    "sff": "spinal"
  },
  {
    "docID": "N177 Luo 2013",
    "et": "SpinalVentralHalf",
    "off": 14541,
    "sff": "spinal"
  },
  {
    "docID": "N177 Luo 2013",
    "et": "SpinalVentralHalf",
    "off": 14924,
    "sff": "spinal"
  },
  {
    "docID": "N177 Luo 2013",
    "et": "SpinalVentralHalf",
    "off": 873,
    "sff": "Spinal"
  },
  {
    "docID": "N177 Luo 2013",
    "et": "SpinalVentralHalf",
    "off": 5002,
    "sff": "spinal"
  },
  {
    "docID": "N177 Luo 2013",
    "et": "SpinalVentralHalf",
    "off": 16263,
    "sff": "spinal"
  },
  {
    "docID": "N177 Luo 2013",
    "et": "SpinalVentralHalf",
    "off": 15254,
    "sff": "spinal"
  },
  {
    "docID": "N177 Luo 2013",
    "et": "SpinalVentralHalf",
    "off": 3890,
    "sff": "spinal"
  },
  {
    "docID": "N177 Luo 2013",
    "et": "Rostral",
    "off": 6665,
    "sff": "rostral"
  },
  {
    "docID": "N177 Luo 2013",
    "et": "TissueSparingTest",
    "off": 8239,
    "sff": "tissue"
  },
  {
    "docID": "N177 Luo 2013",
    "et": "DorsalColumn",
    "off": 8762,
    "sff": "dorsal"
  },
  {
    "docID": "N177 Luo 2013",
    "et": "DorsalColumn",
    "off": 7876,
    "sff": "dorsal"
  },
  {
    "docID": "N177 Luo 2013",
    "et": "DorsalColumn",
    "off": 14948,
    "sff": "dorsal"
  },
  {
    "docID": "N177 Luo 2013",
    "et": "SpinalFiber",
    "off": 3391,
    "sff": "spinal"
  },
  {
    "docID": "N177 Luo 2013",
    "et": "SpinalFiber",
    "off": 15934,
    "sff": "spinal"
  },
  {
    "docID": "N177 Luo 2013",
    "et": "SpinalFiber",
    "off": 16606,
    "sff": "spinal"
  },
  {
    "docID": "N177 Luo 2013",
    "et": "SpinalFiber",
    "off": 1341,
    "sff": "spinal"
  },
  {
    "docID": "N177 Luo 2013",
    "et": "SpinalFiber",
    "off": 2045,
    "sff": "spinal"
  },
  {
    "docID": "N177 Luo 2013",
    "et": "SpinalFiber",
    "off": 16508,
    "sff": "spinal"
  },
  {
    "docID": "N177 Luo 2013",
    "et": "SpinalFiber",
    "off": 6334,
    "sff": "Spinal"
  },
  {
    "docID": "N177 Luo 2013",
    "et": "SpinalFiber",
    "off": 6586,
    "sff": "spinal"
  },
  {
    "docID": "N177 Luo 2013",
    "et": "SpinalFiber",
    "off": 14745,
    "sff": "spinal"
  },
  {
    "docID": "N177 Luo 2013",
    "et": "SpinalFiber",
    "off": 16263,
    "sff": "spinal"
  },
  {
    "docID": "N177 Luo 2013",
    "et": "SpinalFiber",
    "off": 15758,
    "sff": "spinal"
  },
  {
    "docID": "N177 Luo 2013",
    "et": "SpinalFiber",
    "off": 14541,
    "sff": "spinal"
  },
  {
    "docID": "N177 Luo 2013",
    "et": "SpinalFiber",
    "off": 873,
    "sff": "Spinal"
  },
  {
    "docID": "N177 Luo 2013",
    "et": "SpinalFiber",
    "off": 14924,
    "sff": "spinal"
  },
  {
    "docID": "N177 Luo 2013",
    "et": "SpinalFiber",
    "off": 5002,
    "sff": "spinal"
  },
  {
    "docID": "N177 Luo 2013",
    "et": "SpinalFiber",
    "off": 15254,
    "sff": "spinal"
  },
  {
    "docID": "N177 Luo 2013",
    "et": "SpinalFiber",
    "off": 3890,
    "sff": "spinal"
  },
  {
    "docID": "N177 Luo 2013",
    "et": "MotorReflexTest",
    "off": 16633,
    "sff": "motor"
  },
  {
    "docID": "N177 Luo 2013",
    "et": "SurvivalObservation",
    "off": 1296,
    "sff": "survival"
  },
  {
    "docID": "N177 Luo 2013",
    "et": "SurvivalObservation",
    "off": 14398,
    "sff": "survival"
  },
  {
    "docID": "N177 Luo 2013",
    "et": "SurvivalObservation",
    "off": 4760,
    "sff": "survival"
  },
  {
    "docID": "N177 Luo 2013",
    "et": "SurvivalObservation",
    "off": 4822,
    "sff": "survival"
  },
  {
    "docID": "N177 Luo 2013",
    "et": "SurvivalObservation",
    "off": 3351,
    "sff": "survival"
  },
  {
    "docID": "N177 Luo 2013",
    "et": "SurvivalObservation",
    "off": 13127,
    "sff": "survival"
  },
  {
    "docID": "N177 Luo 2013",
    "et": "SurvivalObservation",
    "off": 12556,
    "sff": "survival"
  },
  {
    "docID": "N177 Luo 2013",
    "et": "SurvivalObservation",
    "off": 14636,
    "sff": "survival"
  },
  {
    "docID": "N177 Luo 2013",
    "et": "SurvivalObservation",
    "off": 1853,
    "sff": "survival"
  },
  {
    "docID": "N177 Luo 2013",
    "et": "SurvivalObservation",
    "off": 10317,
    "sff": "survival"
  },
  {
    "docID": "N177 Luo 2013",
    "et": "SurvivalObservation",
    "off": 3275,
    "sff": "survival"
  },
  {
    "docID": "N177 Luo 2013",
    "et": "GeneExpressionAnalysis",
    "off": 18101,
    "sff": "expression"
  },
  {
    "docID": "N177 Luo 2013",
    "et": "GeneExpressionAnalysis",
    "off": 15633,
    "sff": "expression"
  },
  {
    "docID": "N177 Luo 2013",
    "et": "GeneExpressionAnalysis",
    "off": 10863,
    "sff": "expression"
  },
  {
    "docID": "N177 Luo 2013",
    "et": "GeneExpressionAnalysis",
    "off": 16110,
    "sff": "expression"
  },
  {
    "docID": "N177 Luo 2013",
    "et": "GeneExpressionAnalysis",
    "off": 1997,
    "sff": "expression"
  },
  {
    "docID": "N177 Luo 2013",
    "et": "GeneExpressionAnalysis",
    "off": 15197,
    "sff": "expression"
  },
  {
    "docID": "N177 Luo 2013",
    "et": "GeneExpressionAnalysis",
    "off": 9927,
    "sff": "expression"
  },
  {
    "docID": "N177 Luo 2013",
    "et": "AxonalRegenerationTest",
    "off": 4702,
    "sff": "axonal"
  },
  {
    "docID": "N177 Luo 2013",
    "et": "AxonalRegenerationTest",
    "off": 3639,
    "sff": "axonal"
  },
  {
    "docID": "N177 Luo 2013",
    "et": "AxonalRegenerationTest",
    "off": 4103,
    "sff": "axonal"
  },
  {
    "docID": "N177 Luo 2013",
    "et": "ProteinLevelAnalysis",
    "off": 15294,
    "sff": "level"
  },
  {
    "docID": "N177 Luo 2013",
    "et": "ProteinLevelAnalysis",
    "off": 10678,
    "sff": "protein"
  },
  {
    "docID": "N177 Luo 2013",
    "et": "ProteinLevelAnalysis",
    "off": 10918,
    "sff": "level"
  },
  {
    "docID": "N177 Luo 2013",
    "et": "ProteinLevelAnalysis",
    "off": 15307,
    "sff": "protein"
  },
  {
    "docID": "N177 Luo 2013",
    "et": "ProteinLevelAnalysis",
    "off": 15620,
    "sff": "level"
  },
  {
    "docID": "N177 Luo 2013",
    "et": "SpinalLesionSite",
    "off": 6586,
    "sff": "spinal"
  },
  {
    "docID": "N177 Luo 2013",
    "et": "SpinalLesionSite",
    "off": 14745,
    "sff": "spinal"
  },
  {
    "docID": "N177 Luo 2013",
    "et": "SpinalLesionSite",
    "off": 15254,
    "sff": "spinal"
  },
  {
    "docID": "N177 Luo 2013",
    "et": "SpinalLesionSite",
    "off": 3890,
    "sff": "spinal"
  },
  {
    "docID": "N177 Luo 2013",
    "et": "SpinalLesionSite",
    "off": 15758,
    "sff": "spinal"
  },
  {
    "docID": "N177 Luo 2013",
    "et": "SpinalLesionSite",
    "off": 14541,
    "sff": "spinal"
  },
  {
    "docID": "N177 Luo 2013",
    "et": "SpinalLesionSite",
    "off": 14924,
    "sff": "spinal"
  },
  {
    "docID": "N177 Luo 2013",
    "et": "SpinalLesionSite",
    "off": 5002,
    "sff": "spinal"
  },
  {
    "docID": "N177 Luo 2013",
    "et": "SpinalLesionSite",
    "off": 16263,
    "sff": "spinal"
  },
  {
    "docID": "N177 Luo 2013",
    "et": "SpinalLesionSite",
    "off": 873,
    "sff": "Spinal"
  },
  {
    "docID": "N177 Luo 2013",
    "et": "SpinalLesionSite",
    "off": 7022,
    "sff": "lesion"
  },
  {
    "docID": "N177 Luo 2013",
    "et": "SpinalLesionSite",
    "off": 6334,
    "sff": "Spinal"
  },
  {
    "docID": "N177 Luo 2013",
    "et": "SpinalLesionSite",
    "off": 3391,
    "sff": "spinal"
  },
  {
    "docID": "N177 Luo 2013",
    "et": "SpinalLesionSite",
    "off": 15934,
    "sff": "spinal"
  },
  {
    "docID": "N177 Luo 2013",
    "et": "SpinalLesionSite",
    "off": 16606,
    "sff": "spinal"
  },
  {
    "docID": "N177 Luo 2013",
    "et": "SpinalLesionSite",
    "off": 1341,
    "sff": "spinal"
  },
  {
    "docID": "N177 Luo 2013",
    "et": "SpinalLesionSite",
    "off": 2045,
    "sff": "spinal"
  },
  {
    "docID": "N177 Luo 2013",
    "et": "SpinalLesionSite",
    "off": 16508,
    "sff": "spinal"
  },
  {
    "docID": "N177 Luo 2013",
    "et": "LesionVolumeTest",
    "off": 7022,
    "sff": "lesion"
  },
  {
    "docID": "N177 Luo 2013",
    "et": "Latency",
    "off": 1789,
    "sff": "latency"
  },
  {
    "docID": "N177 Luo 2013",
    "et": "Latency",
    "off": 1759,
    "sff": "latency"
  },
  {
    "docID": "N177 Luo 2013",
    "et": "SchwannCellChangesTest",
    "off": 2342,
    "sff": "cell"
  },
  {
    "docID": "N177 Luo 2013",
    "et": "SchwannCellChangesTest",
    "off": 6362,
    "sff": "cell"
  },
  {
    "docID": "N177 Luo 2013",
    "et": "SchwannCellChangesTest",
    "off": 16377,
    "sff": "cell"
  },
  {
    "docID": "N177 Luo 2013",
    "et": "SchwannCellChangesTest",
    "off": 7472,
    "sff": "cell"
  },
  {
    "docID": "N177 Luo 2013",
    "et": "SchwannCellChangesTest",
    "off": 3540,
    "sff": "cell"
  },
  {
    "docID": "N177 Luo 2013",
    "et": "MotorNeurons",
    "off": 16633,
    "sff": "motor"
  },
  {
    "docID": "N177 Luo 2013",
    "et": "FunctionalTest",
    "off": 2647,
    "sff": "functional"
  },
  {
    "docID": "N177 Luo 2013",
    "et": "FunctionalTest",
    "off": 4079,
    "sff": "functional"
  },
  {
    "docID": "N177 Luo 2013",
    "et": "TreatmentSite",
    "off": 1245,
    "sff": "treatment"
  },
  {
    "docID": "N177 Luo 2013",
    "et": "TreatmentSite",
    "off": 5695,
    "sff": "treatment"
  },
  {
    "docID": "N177 Luo 2013",
    "et": "TreatmentSite",
    "off": 2308,
    "sff": "treatment"
  },
  {
    "docID": "N177 Luo 2013",
    "et": "TreatmentSite",
    "off": 1115,
    "sff": "treatment"
  },
  {
    "docID": "N177 Luo 2013",
    "et": "TreatmentSite",
    "off": 9276,
    "sff": "treatment"
  },
  {
    "docID": "N177 Luo 2013",
    "et": "TreatmentSite",
    "off": 16332,
    "sff": "treatment"
  },
  {
    "docID": "N177 Luo 2013",
    "et": "SpinalCord",
    "off": 3890,
    "sff": "spinal cord"
  },
  {
    "docID": "N177 Luo 2013",
    "et": "SpinalCord",
    "off": 15254,
    "sff": "spinal cord"
  },
  {
    "docID": "N177 Luo 2013",
    "et": "SpinalCord",
    "off": 14745,
    "sff": "spinal cord"
  },
  {
    "docID": "N177 Luo 2013",
    "et": "SpinalCord",
    "off": 6586,
    "sff": "spinal cord"
  },
  {
    "docID": "N177 Luo 2013",
    "et": "SpinalCord",
    "off": 1341,
    "sff": "spinal"
  },
  {
    "docID": "N177 Luo 2013",
    "et": "SpinalCord",
    "off": 2045,
    "sff": "spinal cord"
  },
  {
    "docID": "N177 Luo 2013",
    "et": "SpinalCord",
    "off": 16508,
    "sff": "spinal cord"
  },
  {
    "docID": "N177 Luo 2013",
    "et": "SpinalCord",
    "off": 3391,
    "sff": "spinal cord"
  },
  {
    "docID": "N177 Luo 2013",
    "et": "SpinalCord",
    "off": 6334,
    "sff": "Spinal cord"
  },
  {
    "docID": "N177 Luo 2013",
    "et": "SpinalCord",
    "off": 15934,
    "sff": "spinal cord"
  },
  {
    "docID": "N177 Luo 2013",
    "et": "SpinalCord",
    "off": 16606,
    "sff": "spinal"
  },
  {
    "docID": "N177 Luo 2013",
    "et": "SpinalCord",
    "off": 16263,
    "sff": "spinal cord"
  },
  {
    "docID": "N177 Luo 2013",
    "et": "SpinalCord",
    "off": 873,
    "sff": "Spinal cord"
  },
  {
    "docID": "N177 Luo 2013",
    "et": "SpinalCord",
    "off": 5002,
    "sff": "spinal cord"
  },
  {
    "docID": "N177 Luo 2013",
    "et": "SpinalCord",
    "off": 14541,
    "sff": "spinal cord"
  },
  {
    "docID": "N177 Luo 2013",
    "et": "SpinalCord",
    "off": 14924,
    "sff": "spinal"
  },
  {
    "docID": "N177 Luo 2013",
    "et": "SpinalCord",
    "off": 15758,
    "sff": "spinal cord"
  },
  {
    "docID": "N177 Luo 2013",
    "et": "LesionAdjacentTissue",
    "off": 7022,
    "sff": "lesion"
  },
  {
    "docID": "N177 Luo 2013",
    "et": "GaitPawRotation",
    "off": 9178,
    "sff": "paw"
  },
  {
    "docID": "N177 Luo 2013",
    "et": "GaitPawRotation",
    "off": 8789,
    "sff": "paw"
  },
  {
    "docID": "N177 Luo 2013",
    "et": "CentralNervousSystem",
    "off": 18176,
    "sff": "central"
  },
  {
    "docID": "N177 Luo 2013",
    "et": "CentralNervousSystem",
    "off": 17577,
    "sff": "central"
  },
  {
    "docID": "N177 Luo 2013",
    "et": "CentralNervousSystem",
    "off": 4157,
    "sff": "nervous"
  },
  {
    "docID": "N177 Luo 2013",
    "et": "CentralNervousSystem",
    "off": 4157,
    "sff": "nervous system"
  },
  {
    "docID": "N177 Luo 2013",
    "et": "StainingLength",
    "off": 14898,
    "sff": "staining"
  },
  {
    "docID": "N177 Luo 2013",
    "et": "StainingLength",
    "off": 6319,
    "sff": "staining"
  },
  {
    "docID": "N177 Luo 2013",
    "et": "T50MeanArterialPressure",
    "off": 9132,
    "sff": "mean"
  },
  {
    "docID": "N177 Luo 2013",
    "et": "StainingDensity",
    "off": 6319,
    "sff": "staining"
  },
  {
    "docID": "N177 Luo 2013",
    "et": "StainingDensity",
    "off": 14898,
    "sff": "staining"
  },
  {
    "docID": "N177 Luo 2013",
    "et": "SinglePelletReachingTest",
    "off": 11367,
    "sff": "single"
  },
  {
    "docID": "N177 Luo 2013",
    "et": "SinglePelletReachingTest",
    "off": 12756,
    "sff": "single"
  },
  {
    "docID": "N177 Luo 2013",
    "et": "SinglePelletReachingTest",
    "off": 12928,
    "sff": "single"
  },
  {
    "docID": "N177 Luo 2013",
    "et": "SensoryTest",
    "off": 14144,
    "sff": "sensory"
  },
  {
    "docID": "N177 Luo 2013",
    "et": "SensoryTest",
    "off": 18337,
    "sff": "sensory"
  },
  {
    "docID": "N177 Luo 2013",
    "et": "SensoryTest",
    "off": 1563,
    "sff": "sensory"
  },
  {
    "docID": "N177 Luo 2013",
    "et": "SensoryTest",
    "off": 2171,
    "sff": "sensory"
  },
  {
    "docID": "N177 Luo 2013",
    "et": "SensoryTest",
    "off": 13224,
    "sff": "sensory"
  },
  {
    "docID": "N177 Luo 2013",
    "et": "SensoryTest",
    "off": 17512,
    "sff": "sensory"
  },
  {
    "docID": "N177 Luo 2013",
    "et": "SensoryTest",
    "off": 1966,
    "sff": "sensory"
  },
  {
    "docID": "N177 Luo 2013",
    "et": "SensoryTest",
    "off": 4959,
    "sff": "sensory"
  },
  {
    "docID": "N177 Luo 2013",
    "et": "SensoryTest",
    "off": 16700,
    "sff": "sensory"
  },
  {
    "docID": "N177 Luo 2013",
    "et": "SensoryTest",
    "off": 18572,
    "sff": "sensory"
  },
  {
    "docID": "N177 Luo 2013",
    "et": "SensoryTest",
    "off": 16221,
    "sff": "sensory"
  },
  {
    "docID": "N177 Luo 2013",
    "et": "AxonalDamageTest",
    "off": 4702,
    "sff": "axonal"
  },
  {
    "docID": "N177 Luo 2013",
    "et": "AxonalDamageTest",
    "off": 3639,
    "sff": "axonal"
  },
  {
    "docID": "N177 Luo 2013",
    "et": "AxonalDamageTest",
    "off": 4103,
    "sff": "axonal"
  },
  {
    "docID": "N177 Luo 2013",
    "et": "SpinalCentralPart",
    "off": 6334,
    "sff": "Spinal"
  },
  {
    "docID": "N177 Luo 2013",
    "et": "SpinalCentralPart",
    "off": 15934,
    "sff": "spinal"
  },
  {
    "docID": "N177 Luo 2013",
    "et": "SpinalCentralPart",
    "off": 16606,
    "sff": "spinal"
  },
  {
    "docID": "N177 Luo 2013",
    "et": "SpinalCentralPart",
    "off": 3391,
    "sff": "spinal"
  },
  {
    "docID": "N177 Luo 2013",
    "et": "SpinalCentralPart",
    "off": 16508,
    "sff": "spinal"
  },
  {
    "docID": "N177 Luo 2013",
    "et": "SpinalCentralPart",
    "off": 1341,
    "sff": "spinal"
  },
  {
    "docID": "N177 Luo 2013",
    "et": "SpinalCentralPart",
    "off": 2045,
    "sff": "spinal"
  },
  {
    "docID": "N177 Luo 2013",
    "et": "SpinalCentralPart",
    "off": 6586,
    "sff": "spinal"
  },
  {
    "docID": "N177 Luo 2013",
    "et": "SpinalCentralPart",
    "off": 14745,
    "sff": "spinal"
  },
  {
    "docID": "N177 Luo 2013",
    "et": "SpinalCentralPart",
    "off": 15254,
    "sff": "spinal"
  },
  {
    "docID": "N177 Luo 2013",
    "et": "SpinalCentralPart",
    "off": 3890,
    "sff": "spinal"
  },
  {
    "docID": "N177 Luo 2013",
    "et": "SpinalCentralPart",
    "off": 18176,
    "sff": "central"
  },
  {
    "docID": "N177 Luo 2013",
    "et": "SpinalCentralPart",
    "off": 15758,
    "sff": "spinal"
  },
  {
    "docID": "N177 Luo 2013",
    "et": "SpinalCentralPart",
    "off": 14924,
    "sff": "spinal"
  },
  {
    "docID": "N177 Luo 2013",
    "et": "SpinalCentralPart",
    "off": 14541,
    "sff": "spinal"
  },
  {
    "docID": "N177 Luo 2013",
    "et": "SpinalCentralPart",
    "off": 5002,
    "sff": "spinal"
  },
  {
    "docID": "N177 Luo 2013",
    "et": "SpinalCentralPart",
    "off": 17577,
    "sff": "central"
  },
  {
    "docID": "N177 Luo 2013",
    "et": "SpinalCentralPart",
    "off": 873,
    "sff": "Spinal"
  },
  {
    "docID": "N177 Luo 2013",
    "et": "SpinalCentralPart",
    "off": 16263,
    "sff": "spinal"
  },
  {
    "docID": "N177 Luo 2013",
    "et": "PawLength",
    "off": 8789,
    "sff": "paw"
  },
  {
    "docID": "N177 Luo 2013",
    "et": "PawLength",
    "off": 9178,
    "sff": "paw"
  },
  {
    "docID": "N177 Luo 2013",
    "et": "AxonalDiebackTest",
    "off": 3639,
    "sff": "axonal"
  },
  {
    "docID": "N177 Luo 2013",
    "et": "AxonalDiebackTest",
    "off": 4103,
    "sff": "axonal"
  },
  {
    "docID": "N177 Luo 2013",
    "et": "AxonalDiebackTest",
    "off": 4702,
    "sff": "axonal"
  },
  {
    "docID": "N177 Luo 2013",
    "et": "NonNeuronalCellChangesTest",
    "off": 2583,
    "sff": "neuronal"
  },
  {
    "docID": "N177 Luo 2013",
    "et": "SpinalCordStump",
    "off": 16263,
    "sff": "spinal cord"
  },
  {
    "docID": "N177 Luo 2013",
    "et": "SpinalCordStump",
    "off": 121,
    "sff": "cord"
  },
  {
    "docID": "N177 Luo 2013",
    "et": "SpinalCordStump",
    "off": 14541,
    "sff": "spinal cord"
  },
  {
    "docID": "N177 Luo 2013",
    "et": "SpinalCordStump",
    "off": 15758,
    "sff": "spinal cord"
  },
  {
    "docID": "N177 Luo 2013",
    "et": "SpinalCordStump",
    "off": 873,
    "sff": "Spinal cord"
  },
  {
    "docID": "N177 Luo 2013",
    "et": "SpinalCordStump",
    "off": 5002,
    "sff": "spinal cord"
  },
  {
    "docID": "N177 Luo 2013",
    "et": "SpinalCordStump",
    "off": 14924,
    "sff": "spinal"
  },
  {
    "docID": "N177 Luo 2013",
    "et": "SpinalCordStump",
    "off": 1341,
    "sff": "spinal"
  },
  {
    "docID": "N177 Luo 2013",
    "et": "SpinalCordStump",
    "off": 15254,
    "sff": "spinal cord"
  },
  {
    "docID": "N177 Luo 2013",
    "et": "SpinalCordStump",
    "off": 16606,
    "sff": "spinal"
  },
  {
    "docID": "N177 Luo 2013",
    "et": "SpinalCordStump",
    "off": 3890,
    "sff": "spinal cord"
  },
  {
    "docID": "N177 Luo 2013",
    "et": "SpinalCordStump",
    "off": 2045,
    "sff": "spinal cord"
  },
  {
    "docID": "N177 Luo 2013",
    "et": "SpinalCordStump",
    "off": 15934,
    "sff": "spinal cord"
  },
  {
    "docID": "N177 Luo 2013",
    "et": "SpinalCordStump",
    "off": 3391,
    "sff": "spinal cord"
  },
  {
    "docID": "N177 Luo 2013",
    "et": "SpinalCordStump",
    "off": 14745,
    "sff": "spinal cord"
  },
  {
    "docID": "N177 Luo 2013",
    "et": "SpinalCordStump",
    "off": 2385,
    "sff": "cord"
  },
  {
    "docID": "N177 Luo 2013",
    "et": "SpinalCordStump",
    "off": 6586,
    "sff": "spinal cord"
  },
  {
    "docID": "N177 Luo 2013",
    "et": "SpinalCordStump",
    "off": 6334,
    "sff": "Spinal cord"
  },
  {
    "docID": "N177 Luo 2013",
    "et": "SpinalCordStump",
    "off": 16508,
    "sff": "spinal cord"
  },
  {
    "docID": "N177 Luo 2013",
    "et": "MotorEvokedPotentialsTest",
    "off": 16633,
    "sff": "motor"
  },
  {
    "docID": "N177 Luo 2013",
    "et": "Brain",
    "off": 4366,
    "sff": "brain"
  },
  {
    "docID": "N177 Luo 2013",
    "et": "TailFlickApparatus",
    "off": 7725,
    "sff": "Tail flick"
  },
  {
    "docID": "N177 Luo 2013",
    "et": "TailFlickApparatus",
    "off": 8049,
    "sff": "tail"
  },
  {
    "docID": "N177 Luo 2013",
    "et": "TailFlickApparatus",
    "off": 7954,
    "sff": "tail"
  },
  {
    "docID": "N177 Luo 2013",
    "et": "TailFlickApparatus",
    "off": 8260,
    "sff": "tail"
  },
  {
    "docID": "N177 Luo 2013",
    "et": "TailFlickApparatus",
    "off": 8285,
    "sff": "flick"
  },
  {
    "docID": "N177 Luo 2013",
    "et": "TailFlickApparatus",
    "off": 7772,
    "sff": "TAIL FLICK"
  },
  {
    "docID": "N177 Luo 2013",
    "et": "TailFlickApparatus",
    "off": 1748,
    "sff": "tail flick"
  },
  {
    "docID": "N177 Luo 2013",
    "et": "TailFlickApparatus",
    "off": 7898,
    "sff": "tail"
  },
  {
    "docID": "N177 Luo 2013",
    "et": "SpinalWhiteMatter",
    "off": 1341,
    "sff": "spinal"
  },
  {
    "docID": "N177 Luo 2013",
    "et": "SpinalWhiteMatter",
    "off": 2045,
    "sff": "spinal"
  },
  {
    "docID": "N177 Luo 2013",
    "et": "SpinalWhiteMatter",
    "off": 16508,
    "sff": "spinal"
  },
  {
    "docID": "N177 Luo 2013",
    "et": "SpinalWhiteMatter",
    "off": 6586,
    "sff": "spinal"
  },
  {
    "docID": "N177 Luo 2013",
    "et": "SpinalWhiteMatter",
    "off": 14745,
    "sff": "spinal"
  },
  {
    "docID": "N177 Luo 2013",
    "et": "SpinalWhiteMatter",
    "off": 15254,
    "sff": "spinal"
  },
  {
    "docID": "N177 Luo 2013",
    "et": "SpinalWhiteMatter",
    "off": 6334,
    "sff": "Spinal"
  },
  {
    "docID": "N177 Luo 2013",
    "et": "SpinalWhiteMatter",
    "off": 3391,
    "sff": "spinal"
  },
  {
    "docID": "N177 Luo 2013",
    "et": "SpinalWhiteMatter",
    "off": 15934,
    "sff": "spinal"
  },
  {
    "docID": "N177 Luo 2013",
    "et": "SpinalWhiteMatter",
    "off": 16606,
    "sff": "spinal"
  },
  {
    "docID": "N177 Luo 2013",
    "et": "SpinalWhiteMatter",
    "off": 14541,
    "sff": "spinal"
  },
  {
    "docID": "N177 Luo 2013",
    "et": "SpinalWhiteMatter",
    "off": 14924,
    "sff": "spinal"
  },
  {
    "docID": "N177 Luo 2013",
    "et": "SpinalWhiteMatter",
    "off": 873,
    "sff": "Spinal"
  },
  {
    "docID": "N177 Luo 2013",
    "et": "SpinalWhiteMatter",
    "off": 5002,
    "sff": "spinal"
  },
  {
    "docID": "N177 Luo 2013",
    "et": "SpinalWhiteMatter",
    "off": 16263,
    "sff": "spinal"
  },
  {
    "docID": "N177 Luo 2013",
    "et": "SpinalWhiteMatter",
    "off": 3890,
    "sff": "spinal"
  },
  {
    "docID": "N177 Luo 2013",
    "et": "SpinalWhiteMatter",
    "off": 15758,
    "sff": "spinal"
  },
  {
    "docID": "N177 Luo 2013",
    "et": "Dorsal",
    "off": 7876,
    "sff": "dorsal"
  },
  {
    "docID": "N177 Luo 2013",
    "et": "Dorsal",
    "off": 14948,
    "sff": "dorsal"
  },
  {
    "docID": "N177 Luo 2013",
    "et": "Dorsal",
    "off": 8762,
    "sff": "dorsal"
  },
  {
    "docID": "N177 Luo 2013",
    "et": "Threshold",
    "off": 9191,
    "sff": "threshold"
  },
  {
    "docID": "N177 Luo 2013",
    "et": "BodyWeightExamination",
    "off": 6738,
    "sff": "body"
  },
  {
    "docID": "N177 Luo 2013",
    "et": "Diameter",
    "off": 10588,
    "sff": "diameter"
  },
  {
    "docID": "N177 Luo 2013",
    "et": "Diameter",
    "off": 12809,
    "sff": "diameter"
  },
  {
    "docID": "N177 Luo 2013",
    "et": "TailVeinLocation",
    "off": 7898,
    "sff": "tail"
  },
  {
    "docID": "N177 Luo 2013",
    "et": "TailVeinLocation",
    "off": 7772,
    "sff": "TAIL"
  },
  {
    "docID": "N177 Luo 2013",
    "et": "TailVeinLocation",
    "off": 7954,
    "sff": "tail"
  },
  {
    "docID": "N177 Luo 2013",
    "et": "TailVeinLocation",
    "off": 8049,
    "sff": "tail"
  },
  {
    "docID": "N177 Luo 2013",
    "et": "TailVeinLocation",
    "off": 1748,
    "sff": "tail"
  },
  {
    "docID": "N177 Luo 2013",
    "et": "TailVeinLocation",
    "off": 7725,
    "sff": "Tail"
  },
  {
    "docID": "N177 Luo 2013",
    "et": "TailVeinLocation",
    "off": 8260,
    "sff": "tail"
  },
  {
    "docID": "N177 Luo 2013",
    "et": "SpinalGrayMatter",
    "off": 1341,
    "sff": "spinal"
  },
  {
    "docID": "N177 Luo 2013",
    "et": "SpinalGrayMatter",
    "off": 2045,
    "sff": "spinal"
  },
  {
    "docID": "N177 Luo 2013",
    "et": "SpinalGrayMatter",
    "off": 16263,
    "sff": "spinal"
  },
  {
    "docID": "N177 Luo 2013",
    "et": "SpinalGrayMatter",
    "off": 6334,
    "sff": "Spinal"
  },
  {
    "docID": "N177 Luo 2013",
    "et": "SpinalGrayMatter",
    "off": 6586,
    "sff": "spinal"
  },
  {
    "docID": "N177 Luo 2013",
    "et": "SpinalGrayMatter",
    "off": 16508,
    "sff": "spinal"
  },
  {
    "docID": "N177 Luo 2013",
    "et": "SpinalGrayMatter",
    "off": 15934,
    "sff": "spinal"
  },
  {
    "docID": "N177 Luo 2013",
    "et": "SpinalGrayMatter",
    "off": 16606,
    "sff": "spinal"
  },
  {
    "docID": "N177 Luo 2013",
    "et": "SpinalGrayMatter",
    "off": 873,
    "sff": "Spinal"
  },
  {
    "docID": "N177 Luo 2013",
    "et": "SpinalGrayMatter",
    "off": 3391,
    "sff": "spinal"
  },
  {
    "docID": "N177 Luo 2013",
    "et": "SpinalGrayMatter",
    "off": 3890,
    "sff": "spinal"
  },
  {
    "docID": "N177 Luo 2013",
    "et": "SpinalGrayMatter",
    "off": 15254,
    "sff": "spinal"
  },
  {
    "docID": "N177 Luo 2013",
    "et": "SpinalGrayMatter",
    "off": 14745,
    "sff": "spinal"
  },
  {
    "docID": "N177 Luo 2013",
    "et": "SpinalGrayMatter",
    "off": 5002,
    "sff": "spinal"
  },
  {
    "docID": "N177 Luo 2013",
    "et": "SpinalGrayMatter",
    "off": 14924,
    "sff": "spinal"
  },
  {
    "docID": "N177 Luo 2013",
    "et": "SpinalGrayMatter",
    "off": 14541,
    "sff": "spinal"
  },
  {
    "docID": "N177 Luo 2013",
    "et": "SpinalGrayMatter",
    "off": 15758,
    "sff": "spinal"
  },
  {
    "docID": "N177 Luo 2013",
    "et": "PawWidth",
    "off": 9178,
    "sff": "paw"
  },
  {
    "docID": "N177 Luo 2013",
    "et": "PawWidth",
    "off": 8789,
    "sff": "paw"
  },
  {
    "docID": "N177 Luo 2013",
    "et": "AxonalChangesTest",
    "off": 3639,
    "sff": "axonal"
  },
  {
    "docID": "N177 Luo 2013",
    "et": "AxonalChangesTest",
    "off": 4103,
    "sff": "axonal"
  },
  {
    "docID": "N177 Luo 2013",
    "et": "AxonalChangesTest",
    "off": 4702,
    "sff": "axonal"
  },
  {
    "docID": "N177 Luo 2013",
    "et": "BloodBrainBarrierTest",
    "off": 4366,
    "sff": "brain"
  },
  {
    "docID": "N177 Luo 2013",
    "et": "ThermalHyperalgesiaTest",
    "off": 7708,
    "sff": "Thermal"
  },
  {
    "docID": "N177 Luo 2013",
    "et": "ThermalHyperalgesiaTest",
    "off": 17015,
    "sff": "thermal"
  },
  {
    "docID": "N177 Luo 2013",
    "et": "ThermalHyperalgesiaTest",
    "off": 6254,
    "sff": "thermal"
  },
  {
    "docID": "N177 Luo 2013",
    "et": "ThermalHyperalgesiaTest",
    "off": 17163,
    "sff": "thermal hyperalgesia"
  },
  {
    "docID": "N177 Luo 2013",
    "et": "ThermalHyperalgesiaTest",
    "off": 1616,
    "sff": "thermal"
  },
  {
    "docID": "N177 Luo 2013",
    "et": "Caudal",
    "off": 6677,
    "sff": "caudal"
  },
  {
    "docID": "N177 Luo 2013",
    "et": "BladderFunctionParameter",
    "off": 16639,
    "sff": "function"
  },
  {
    "docID": "N177 Luo 2013",
    "et": "BladderFunctionParameter",
    "off": 13232,
    "sff": "function"
  },
  {
    "docID": "N177 Luo 2013",
    "et": "BladderFunctionParameter",
    "off": 16480,
    "sff": "function"
  },
  {
    "docID": "N177 Luo 2013",
    "et": "BladderFunctionParameter",
    "off": 17520,
    "sff": "function"
  },
  {
    "docID": "N177 Luo 2013",
    "et": "BladderFunctionParameter",
    "off": 1388,
    "sff": "function"
  },
  {
    "docID": "N177 Luo 2013",
    "et": "BladderFunctionParameter",
    "off": 18345,
    "sff": "function"
  },
  {
    "docID": "N177 Luo 2013",
    "et": "BladderFunctionParameter",
    "off": 4967,
    "sff": "function"
  },
  {
    "docID": "N177 Luo 2013",
    "et": "BladderFunctionParameter",
    "off": 14152,
    "sff": "function"
  },
  {
    "docID": "N177 Luo 2013",
    "et": "BladderFunctionParameter",
    "off": 18580,
    "sff": "function"
  },
  {
    "docID": "N177 Luo 2013",
    "et": "InflammationTest",
    "off": 16934,
    "sff": "inflammation"
  },
  {
    "docID": "N177 Luo 2013",
    "et": "RelativePawPlacement",
    "off": 5472,
    "sff": "relative"
  },
  {
    "docID": "N177 Luo 2013",
    "et": "RelativePawPlacement",
    "off": 8789,
    "sff": "paw"
  },
  {
    "docID": "N177 Luo 2013",
    "et": "RelativePawPlacement",
    "off": 9178,
    "sff": "paw"
  },
  {
    "docID": "N177 Luo 2013",
    "et": "GaitAnalysisParameter",
    "off": 9393,
    "sff": "analysis"
  },
  {
    "docID": "N177 Luo 2013",
    "et": "GaitAnalysisParameter",
    "off": 10801,
    "sff": "analysis"
  },
  {
    "docID": "N177 Luo 2013",
    "et": "GaitAnalysisParameter",
    "off": 6155,
    "sff": "analysis"
  },
  {
    "docID": "N177 Luo 2013",
    "et": "AxonalSproutingTest",
    "off": 3639,
    "sff": "axonal"
  },
  {
    "docID": "N177 Luo 2013",
    "et": "AxonalSproutingTest",
    "off": 4103,
    "sff": "axonal"
  },
  {
    "docID": "N177 Luo 2013",
    "et": "AxonalSproutingTest",
    "off": 4702,
    "sff": "axonal"
  },
  {
    "docID": "N177 Luo 2013",
    "et": "AngiogenesisTest",
    "off": 3695,
    "sff": "angiogenesis"
  },
  {
    "docID": "N177 Luo 2013",
    "et": "Apparatus",
    "off": 7821,
    "sff": "apparatus"
  },
  {
    "docID": "N177 Luo 2013",
    "et": "NeuronalCellLossTest",
    "off": 7472,
    "sff": "cell"
  },
  {
    "docID": "N177 Luo 2013",
    "et": "NeuronalCellLossTest",
    "off": 2583,
    "sff": "neuronal"
  },
  {
    "docID": "N177 Luo 2013",
    "et": "NeuronalCellLossTest",
    "off": 6362,
    "sff": "cell"
  },
  {
    "docID": "N177 Luo 2013",
    "et": "NeuronalCellLossTest",
    "off": 16377,
    "sff": "cell"
  },
  {
    "docID": "N177 Luo 2013",
    "et": "NeuronalCellLossTest",
    "off": 2342,
    "sff": "cell"
  },
  {
    "docID": "N177 Luo 2013",
    "et": "NeuronalCellLossTest",
    "off": 3540,
    "sff": "cell"
  },
  {
    "docID": "N177 Luo 2013",
    "et": "VascularFunctionParameter",
    "off": 1388,
    "sff": "function"
  },
  {
    "docID": "N177 Luo 2013",
    "et": "VascularFunctionParameter",
    "off": 16639,
    "sff": "function"
  },
  {
    "docID": "N177 Luo 2013",
    "et": "VascularFunctionParameter",
    "off": 13232,
    "sff": "function"
  },
  {
    "docID": "N177 Luo 2013",
    "et": "VascularFunctionParameter",
    "off": 16480,
    "sff": "function"
  },
  {
    "docID": "N177 Luo 2013",
    "et": "VascularFunctionParameter",
    "off": 17520,
    "sff": "function"
  },
  {
    "docID": "N177 Luo 2013",
    "et": "VascularFunctionParameter",
    "off": 4967,
    "sff": "function"
  },
  {
    "docID": "N177 Luo 2013",
    "et": "VascularFunctionParameter",
    "off": 18580,
    "sff": "function"
  },
  {
    "docID": "N177 Luo 2013",
    "et": "VascularFunctionParameter",
    "off": 14152,
    "sff": "function"
  },
  {
    "docID": "N177 Luo 2013",
    "et": "VascularFunctionParameter",
    "off": 18345,
    "sff": "function"
  },
  {
    "docID": "N177 Luo 2013",
    "et": "ObservationOfAnimalBehaviour",
    "off": 5353,
    "sff": "Animal"
  },
  {
    "docID": "N177 Luo 2013",
    "et": "ObservationOfAnimalBehaviour",
    "off": 7666,
    "sff": "observation"
  },
  {
    "docID": "N177 Luo 2013",
    "et": "MotorTest",
    "off": 16633,
    "sff": "motor"
  },
  {
    "docID": "N177 Luo 2013",
    "et": "SpinalDorsalHalf",
    "off": 16263,
    "sff": "spinal"
  },
  {
    "docID": "N177 Luo 2013",
    "et": "SpinalDorsalHalf",
    "off": 14541,
    "sff": "spinal"
  },
  {
    "docID": "N177 Luo 2013",
    "et": "SpinalDorsalHalf",
    "off": 873,
    "sff": "Spinal"
  },
  {
    "docID": "N177 Luo 2013",
    "et": "SpinalDorsalHalf",
    "off": 14924,
    "sff": "spinal"
  },
  {
    "docID": "N177 Luo 2013",
    "et": "SpinalDorsalHalf",
    "off": 15758,
    "sff": "spinal"
  },
  {
    "docID": "N177 Luo 2013",
    "et": "SpinalDorsalHalf",
    "off": 5002,
    "sff": "spinal"
  },
  {
    "docID": "N177 Luo 2013",
    "et": "SpinalDorsalHalf",
    "off": 15254,
    "sff": "spinal"
  },
  {
    "docID": "N177 Luo 2013",
    "et": "SpinalDorsalHalf",
    "off": 8762,
    "sff": "dorsal"
  },
  {
    "docID": "N177 Luo 2013",
    "et": "SpinalDorsalHalf",
    "off": 3890,
    "sff": "spinal"
  },
  {
    "docID": "N177 Luo 2013",
    "et": "SpinalDorsalHalf",
    "off": 1341,
    "sff": "spinal"
  },
  {
    "docID": "N177 Luo 2013",
    "et": "SpinalDorsalHalf",
    "off": 2045,
    "sff": "spinal"
  },
  {
    "docID": "N177 Luo 2013",
    "et": "SpinalDorsalHalf",
    "off": 16508,
    "sff": "spinal"
  },
  {
    "docID": "N177 Luo 2013",
    "et": "SpinalDorsalHalf",
    "off": 3391,
    "sff": "spinal"
  },
  {
    "docID": "N177 Luo 2013",
    "et": "SpinalDorsalHalf",
    "off": 15934,
    "sff": "spinal"
  },
  {
    "docID": "N177 Luo 2013",
    "et": "SpinalDorsalHalf",
    "off": 16606,
    "sff": "spinal"
  },
  {
    "docID": "N177 Luo 2013",
    "et": "SpinalDorsalHalf",
    "off": 14745,
    "sff": "spinal"
  },
  {
    "docID": "N177 Luo 2013",
    "et": "SpinalDorsalHalf",
    "off": 6334,
    "sff": "Spinal"
  },
  {
    "docID": "N177 Luo 2013",
    "et": "SpinalDorsalHalf",
    "off": 7876,
    "sff": "dorsal"
  },
  {
    "docID": "N177 Luo 2013",
    "et": "SpinalDorsalHalf",
    "off": 14948,
    "sff": "dorsal"
  },
  {
    "docID": "N177 Luo 2013",
    "et": "SpinalDorsalHalf",
    "off": 6586,
    "sff": "spinal"
  },
  {
    "docID": "N177 Luo 2013",
    "et": "NeuronalChangesTest",
    "off": 2583,
    "sff": "neuronal"
  },
  {
    "docID": "N177 Luo 2013",
    "et": "NeuronalActivityTest",
    "off": 2583,
    "sff": "neuronal"
  },
  {
    "docID": "N177 Luo 2013",
    "et": "MeanArterialPressure",
    "off": 9132,
    "sff": "mean"
  },
  {
    "docID": "N177 Luo 2013",
    "et": "SpinalCordEvokedPotentialsTest",
    "off": 6586,
    "sff": "spinal cord"
  },
  {
    "docID": "N177 Luo 2013",
    "et": "SpinalCordEvokedPotentialsTest",
    "off": 14745,
    "sff": "spinal cord"
  },
  {
    "docID": "N177 Luo 2013",
    "et": "SpinalCordEvokedPotentialsTest",
    "off": 15254,
    "sff": "spinal cord"
  },
  {
    "docID": "N177 Luo 2013",
    "et": "SpinalCordEvokedPotentialsTest",
    "off": 3391,
    "sff": "spinal cord"
  },
  {
    "docID": "N177 Luo 2013",
    "et": "SpinalCordEvokedPotentialsTest",
    "off": 2385,
    "sff": "cord"
  },
  {
    "docID": "N177 Luo 2013",
    "et": "SpinalCordEvokedPotentialsTest",
    "off": 16508,
    "sff": "spinal cord"
  },
  {
    "docID": "N177 Luo 2013",
    "et": "SpinalCordEvokedPotentialsTest",
    "off": 15934,
    "sff": "spinal cord"
  },
  {
    "docID": "N177 Luo 2013",
    "et": "SpinalCordEvokedPotentialsTest",
    "off": 16606,
    "sff": "spinal"
  },
  {
    "docID": "N177 Luo 2013",
    "et": "SpinalCordEvokedPotentialsTest",
    "off": 1341,
    "sff": "spinal"
  },
  {
    "docID": "N177 Luo 2013",
    "et": "SpinalCordEvokedPotentialsTest",
    "off": 2045,
    "sff": "spinal cord"
  },
  {
    "docID": "N177 Luo 2013",
    "et": "SpinalCordEvokedPotentialsTest",
    "off": 6334,
    "sff": "Spinal cord"
  },
  {
    "docID": "N177 Luo 2013",
    "et": "SpinalCordEvokedPotentialsTest",
    "off": 16263,
    "sff": "spinal cord"
  },
  {
    "docID": "N177 Luo 2013",
    "et": "SpinalCordEvokedPotentialsTest",
    "off": 873,
    "sff": "Spinal cord"
  },
  {
    "docID": "N177 Luo 2013",
    "et": "SpinalCordEvokedPotentialsTest",
    "off": 5002,
    "sff": "spinal cord"
  },
  {
    "docID": "N177 Luo 2013",
    "et": "SpinalCordEvokedPotentialsTest",
    "off": 121,
    "sff": "cord"
  },
  {
    "docID": "N177 Luo 2013",
    "et": "SpinalCordEvokedPotentialsTest",
    "off": 3890,
    "sff": "spinal cord"
  },
  {
    "docID": "N177 Luo 2013",
    "et": "SpinalCordEvokedPotentialsTest",
    "off": 14924,
    "sff": "spinal"
  },
  {
    "docID": "N177 Luo 2013",
    "et": "SpinalCordEvokedPotentialsTest",
    "off": 15758,
    "sff": "spinal cord"
  },
  {
    "docID": "N177 Luo 2013",
    "et": "SpinalCordEvokedPotentialsTest",
    "off": 14541,
    "sff": "spinal cord"
  }
]
