[
  {
    "docID": "N182 Moon 2006",
    "et": "ForelimbStrengthTest",
    "off": 37953,
    "sff": "forelimb"
  },
  {
    "docID": "N182 Moon 2006",
    "et": "BrainNucleus",
    "off": 45167,
    "sff": "brain"
  },
  {
    "docID": "N182 Moon 2006",
    "et": "BrainNucleus",
    "off": 44173,
    "sff": "brain"
  },
  {
    "docID": "N182 Moon 2006",
    "et": "BrainNucleus",
    "off": 11766,
    "sff": "brain"
  },
  {
    "docID": "N182 Moon 2006",
    "et": "MechanicalAllodyniaTest",
    "off": 37922,
    "sff": "mechanical"
  },
  {
    "docID": "N182 Moon 2006",
    "et": "BBBTest",
    "off": 35268,
    "sff": "BBB"
  },
  {
    "docID": "N182 Moon 2006",
    "et": "BBBTest",
    "off": 30595,
    "sff": "BBB"
  },
  {
    "docID": "N182 Moon 2006",
    "et": "BBBTest",
    "off": 44419,
    "sff": "BBB"
  },
  {
    "docID": "N182 Moon 2006",
    "et": "BBBTest",
    "off": 30145,
    "sff": "BBB"
  },
  {
    "docID": "N182 Moon 2006",
    "et": "BBBTest",
    "off": 35777,
    "sff": "BBB"
  },
  {
    "docID": "N182 Moon 2006",
    "et": "BBBTest",
    "off": 19784,
    "sff": "BBB"
  },
  {
    "docID": "N182 Moon 2006",
    "et": "BBBTest",
    "off": 38409,
    "sff": "BBB"
  },
  {
    "docID": "N182 Moon 2006",
    "et": "BBBTest",
    "off": 38515,
    "sff": "BBB"
  },
  {
    "docID": "N182 Moon 2006",
    "et": "BBBTest",
    "off": 38707,
    "sff": "BBB"
  },
  {
    "docID": "N182 Moon 2006",
    "et": "BBBTest",
    "off": 30002,
    "sff": "BBB"
  },
  {
    "docID": "N182 Moon 2006",
    "et": "BBBTest",
    "off": 38833,
    "sff": "BBB"
  },
  {
    "docID": "N182 Moon 2006",
    "et": "BBBTest",
    "off": 14008,
    "sff": "BBB"
  },
  {
    "docID": "N182 Moon 2006",
    "et": "BBBTest",
    "off": 27963,
    "sff": "BBB"
  },
  {
    "docID": "N182 Moon 2006",
    "et": "BBBTest",
    "off": 27066,
    "sff": "BBB"
  },
  {
    "docID": "N182 Moon 2006",
    "et": "BBBTest",
    "off": 38137,
    "sff": "BBB"
  },
  {
    "docID": "N182 Moon 2006",
    "et": "BBBTest",
    "off": 34304,
    "sff": "BBB"
  },
  {
    "docID": "N182 Moon 2006",
    "et": "BBBTest",
    "off": 13924,
    "sff": "BBB"
  },
  {
    "docID": "N182 Moon 2006",
    "et": "BBBTest",
    "off": 26594,
    "sff": "BBB"
  },
  {
    "docID": "N182 Moon 2006",
    "et": "BBBTest",
    "off": 40935,
    "sff": "BBB"
  },
  {
    "docID": "N182 Moon 2006",
    "et": "BBBTest",
    "off": 26406,
    "sff": "BBB"
  },
  {
    "docID": "N182 Moon 2006",
    "et": "BBBTest",
    "off": 39397,
    "sff": "BBB"
  },
  {
    "docID": "N182 Moon 2006",
    "et": "BBBTest",
    "off": 10924,
    "sff": "BBB"
  },
  {
    "docID": "N182 Moon 2006",
    "et": "BBBTest",
    "off": 33966,
    "sff": "BBB"
  },
  {
    "docID": "N182 Moon 2006",
    "et": "BBBTest",
    "off": 14355,
    "sff": "BBB"
  },
  {
    "docID": "N182 Moon 2006",
    "et": "BBBTest",
    "off": 39954,
    "sff": "BBB"
  },
  {
    "docID": "N182 Moon 2006",
    "et": "BBBTest",
    "off": 35416,
    "sff": "BBB"
  },
  {
    "docID": "N182 Moon 2006",
    "et": "BBBTest",
    "off": 35029,
    "sff": "BBB"
  },
  {
    "docID": "N182 Moon 2006",
    "et": "BBBTest",
    "off": 21146,
    "sff": "BBB"
  },
  {
    "docID": "N182 Moon 2006",
    "et": "BBBTest",
    "off": 21407,
    "sff": "BBB"
  },
  {
    "docID": "N182 Moon 2006",
    "et": "BBBTest",
    "off": 38941,
    "sff": "BBB"
  },
  {
    "docID": "N182 Moon 2006",
    "et": "WalkingAnalysisParameter",
    "off": 19466,
    "sff": "analysis"
  },
  {
    "docID": "N182 Moon 2006",
    "et": "WalkingAnalysisParameter",
    "off": 19836,
    "sff": "analysis"
  },
  {
    "docID": "N182 Moon 2006",
    "et": "WalkingAnalysisParameter",
    "off": 14191,
    "sff": "analysis"
  },
  {
    "docID": "N182 Moon 2006",
    "et": "MolecularChangesTest",
    "off": 17887,
    "sff": "Molecular"
  },
  {
    "docID": "N182 Moon 2006",
    "et": "MolecularChangesTest",
    "off": 17452,
    "sff": "Molecular"
  },
  {
    "docID": "N182 Moon 2006",
    "et": "SurfaceRightingReflexTest",
    "off": 41709,
    "sff": "surface"
  },
  {
    "docID": "N182 Moon 2006",
    "et": "SpinalSubduralArea",
    "off": 27821,
    "sff": "spinal"
  },
  {
    "docID": "N182 Moon 2006",
    "et": "SpinalSubduralArea",
    "off": 31917,
    "sff": "spinal"
  },
  {
    "docID": "N182 Moon 2006",
    "et": "SpinalSubduralArea",
    "off": 41833,
    "sff": "spinal"
  },
  {
    "docID": "N182 Moon 2006",
    "et": "SpinalSubduralArea",
    "off": 19625,
    "sff": "spinal"
  },
  {
    "docID": "N182 Moon 2006",
    "et": "SpinalSubduralArea",
    "off": 2743,
    "sff": "spinal"
  },
  {
    "docID": "N182 Moon 2006",
    "et": "SpinalSubduralArea",
    "off": 2676,
    "sff": "spinal"
  },
  {
    "docID": "N182 Moon 2006",
    "et": "SpinalSubduralArea",
    "off": 8307,
    "sff": "spinal"
  },
  {
    "docID": "N182 Moon 2006",
    "et": "SpinalSubduralArea",
    "off": 43314,
    "sff": "spinal"
  },
  {
    "docID": "N182 Moon 2006",
    "et": "SpinalSubduralArea",
    "off": 39856,
    "sff": "spinal"
  },
  {
    "docID": "N182 Moon 2006",
    "et": "SpinalSubduralArea",
    "off": 37086,
    "sff": "spinal"
  },
  {
    "docID": "N182 Moon 2006",
    "et": "SpinalSubduralArea",
    "off": 8731,
    "sff": "spinal"
  },
  {
    "docID": "N182 Moon 2006",
    "et": "SpinalSubduralArea",
    "off": 38106,
    "sff": "spinal"
  },
  {
    "docID": "N182 Moon 2006",
    "et": "SpinalSubduralArea",
    "off": 40793,
    "sff": "spinal"
  },
  {
    "docID": "N182 Moon 2006",
    "et": "SpinalSubduralArea",
    "off": 45913,
    "sff": "spinal"
  },
  {
    "docID": "N182 Moon 2006",
    "et": "SpinalSubduralArea",
    "off": 8089,
    "sff": "spinal"
  },
  {
    "docID": "N182 Moon 2006",
    "et": "SpinalSubduralArea",
    "off": 32664,
    "sff": "spinal"
  },
  {
    "docID": "N182 Moon 2006",
    "et": "SpinalSubduralArea",
    "off": 15074,
    "sff": "Spinal"
  },
  {
    "docID": "N182 Moon 2006",
    "et": "SpinalSubduralArea",
    "off": 20770,
    "sff": "spinal"
  },
  {
    "docID": "N182 Moon 2006",
    "et": "SpinalSubduralArea",
    "off": 46179,
    "sff": "spinal"
  },
  {
    "docID": "N182 Moon 2006",
    "et": "SpinalSubduralArea",
    "off": 803,
    "sff": "spinal"
  },
  {
    "docID": "N182 Moon 2006",
    "et": "SpinalSubduralArea",
    "off": 32928,
    "sff": "spinal"
  },
  {
    "docID": "N182 Moon 2006",
    "et": "SpinalSubduralArea",
    "off": 3726,
    "sff": "spinal"
  },
  {
    "docID": "N182 Moon 2006",
    "et": "SpinalSubduralArea",
    "off": 3279,
    "sff": "spinal"
  },
  {
    "docID": "N182 Moon 2006",
    "et": "SpinalSubduralArea",
    "off": 26512,
    "sff": "spinal"
  },
  {
    "docID": "N182 Moon 2006",
    "et": "SpinalSubduralArea",
    "off": 42878,
    "sff": "spinal"
  },
  {
    "docID": "N182 Moon 2006",
    "et": "SpinalSubduralArea",
    "off": 61,
    "sff": "spinal"
  },
  {
    "docID": "N182 Moon 2006",
    "et": "SpinalSubduralArea",
    "off": 37243,
    "sff": "spinal"
  },
  {
    "docID": "N182 Moon 2006",
    "et": "SpinalSubduralArea",
    "off": 19515,
    "sff": "spinal"
  },
  {
    "docID": "N182 Moon 2006",
    "et": "SpinalSubduralArea",
    "off": 33466,
    "sff": "spinal"
  },
  {
    "docID": "N182 Moon 2006",
    "et": "SpinalSubduralArea",
    "off": 45176,
    "sff": "spinal"
  },
  {
    "docID": "N182 Moon 2006",
    "et": "SpinalSubduralArea",
    "off": 9159,
    "sff": "spinal"
  },
  {
    "docID": "N182 Moon 2006",
    "et": "SpinalSubduralArea",
    "off": 15298,
    "sff": "spinal"
  },
  {
    "docID": "N182 Moon 2006",
    "et": "SpinalSubduralArea",
    "off": 36995,
    "sff": "spinal"
  },
  {
    "docID": "N182 Moon 2006",
    "et": "StainingArea",
    "off": 16746,
    "sff": "staining"
  },
  {
    "docID": "N182 Moon 2006",
    "et": "AdhesiveRemovalParameter",
    "off": 36956,
    "sff": "removal"
  },
  {
    "docID": "N182 Moon 2006",
    "et": "AdhesiveRemovalParameter",
    "off": 19586,
    "sff": "removal"
  },
  {
    "docID": "N182 Moon 2006",
    "et": "CentralCanal",
    "off": 14233,
    "sff": "central"
  },
  {
    "docID": "N182 Moon 2006",
    "et": "CentralCanal",
    "off": 32121,
    "sff": "central"
  },
  {
    "docID": "N182 Moon 2006",
    "et": "CentralCanal",
    "off": 22324,
    "sff": "central"
  },
  {
    "docID": "N182 Moon 2006",
    "et": "CentralCanal",
    "off": 43364,
    "sff": "central"
  },
  {
    "docID": "N182 Moon 2006",
    "et": "CentralCanal",
    "off": 41938,
    "sff": "central"
  },
  {
    "docID": "N182 Moon 2006",
    "et": "SpinalFiberTract",
    "off": 32664,
    "sff": "spinal"
  },
  {
    "docID": "N182 Moon 2006",
    "et": "SpinalFiberTract",
    "off": 42445,
    "sff": "fiber"
  },
  {
    "docID": "N182 Moon 2006",
    "et": "SpinalFiberTract",
    "off": 38106,
    "sff": "spinal"
  },
  {
    "docID": "N182 Moon 2006",
    "et": "SpinalFiberTract",
    "off": 8089,
    "sff": "spinal"
  },
  {
    "docID": "N182 Moon 2006",
    "et": "SpinalFiberTract",
    "off": 40793,
    "sff": "spinal"
  },
  {
    "docID": "N182 Moon 2006",
    "et": "SpinalFiberTract",
    "off": 45913,
    "sff": "spinal"
  },
  {
    "docID": "N182 Moon 2006",
    "et": "SpinalFiberTract",
    "off": 8731,
    "sff": "spinal"
  },
  {
    "docID": "N182 Moon 2006",
    "et": "SpinalFiberTract",
    "off": 37086,
    "sff": "spinal"
  },
  {
    "docID": "N182 Moon 2006",
    "et": "SpinalFiberTract",
    "off": 32928,
    "sff": "spinal"
  },
  {
    "docID": "N182 Moon 2006",
    "et": "SpinalFiberTract",
    "off": 20770,
    "sff": "spinal"
  },
  {
    "docID": "N182 Moon 2006",
    "et": "SpinalFiberTract",
    "off": 803,
    "sff": "spinal"
  },
  {
    "docID": "N182 Moon 2006",
    "et": "SpinalFiberTract",
    "off": 46179,
    "sff": "spinal"
  },
  {
    "docID": "N182 Moon 2006",
    "et": "SpinalFiberTract",
    "off": 15074,
    "sff": "Spinal"
  },
  {
    "docID": "N182 Moon 2006",
    "et": "SpinalFiberTract",
    "off": 9159,
    "sff": "spinal"
  },
  {
    "docID": "N182 Moon 2006",
    "et": "SpinalFiberTract",
    "off": 43161,
    "sff": "fiber"
  },
  {
    "docID": "N182 Moon 2006",
    "et": "SpinalFiberTract",
    "off": 3726,
    "sff": "spinal"
  },
  {
    "docID": "N182 Moon 2006",
    "et": "SpinalFiberTract",
    "off": 26512,
    "sff": "spinal"
  },
  {
    "docID": "N182 Moon 2006",
    "et": "SpinalFiberTract",
    "off": 3279,
    "sff": "spinal"
  },
  {
    "docID": "N182 Moon 2006",
    "et": "SpinalFiberTract",
    "off": 45176,
    "sff": "spinal"
  },
  {
    "docID": "N182 Moon 2006",
    "et": "SpinalFiberTract",
    "off": 2743,
    "sff": "spinal"
  },
  {
    "docID": "N182 Moon 2006",
    "et": "SpinalFiberTract",
    "off": 33466,
    "sff": "spinal"
  },
  {
    "docID": "N182 Moon 2006",
    "et": "SpinalFiberTract",
    "off": 19515,
    "sff": "spinal"
  },
  {
    "docID": "N182 Moon 2006",
    "et": "SpinalFiberTract",
    "off": 37243,
    "sff": "spinal"
  },
  {
    "docID": "N182 Moon 2006",
    "et": "SpinalFiberTract",
    "off": 42878,
    "sff": "spinal"
  },
  {
    "docID": "N182 Moon 2006",
    "et": "SpinalFiberTract",
    "off": 61,
    "sff": "spinal"
  },
  {
    "docID": "N182 Moon 2006",
    "et": "SpinalFiberTract",
    "off": 15298,
    "sff": "spinal"
  },
  {
    "docID": "N182 Moon 2006",
    "et": "SpinalFiberTract",
    "off": 36995,
    "sff": "spinal"
  },
  {
    "docID": "N182 Moon 2006",
    "et": "SpinalFiberTract",
    "off": 6962,
    "sff": "fiber"
  },
  {
    "docID": "N182 Moon 2006",
    "et": "SpinalFiberTract",
    "off": 19625,
    "sff": "spinal"
  },
  {
    "docID": "N182 Moon 2006",
    "et": "SpinalFiberTract",
    "off": 41833,
    "sff": "spinal"
  },
  {
    "docID": "N182 Moon 2006",
    "et": "SpinalFiberTract",
    "off": 27821,
    "sff": "spinal"
  },
  {
    "docID": "N182 Moon 2006",
    "et": "SpinalFiberTract",
    "off": 31917,
    "sff": "spinal"
  },
  {
    "docID": "N182 Moon 2006",
    "et": "SpinalFiberTract",
    "off": 39856,
    "sff": "spinal"
  },
  {
    "docID": "N182 Moon 2006",
    "et": "SpinalFiberTract",
    "off": 43314,
    "sff": "spinal"
  },
  {
    "docID": "N182 Moon 2006",
    "et": "SpinalFiberTract",
    "off": 2676,
    "sff": "spinal"
  },
  {
    "docID": "N182 Moon 2006",
    "et": "SpinalFiberTract",
    "off": 8307,
    "sff": "spinal"
  },
  {
    "docID": "N182 Moon 2006",
    "et": "ForelimbAsymmetryTest",
    "off": 37953,
    "sff": "forelimb"
  },
  {
    "docID": "N182 Moon 2006",
    "et": "SpinalVentralHalf",
    "off": 3279,
    "sff": "spinal"
  },
  {
    "docID": "N182 Moon 2006",
    "et": "SpinalVentralHalf",
    "off": 3726,
    "sff": "spinal"
  },
  {
    "docID": "N182 Moon 2006",
    "et": "SpinalVentralHalf",
    "off": 36995,
    "sff": "spinal"
  },
  {
    "docID": "N182 Moon 2006",
    "et": "SpinalVentralHalf",
    "off": 15298,
    "sff": "spinal"
  },
  {
    "docID": "N182 Moon 2006",
    "et": "SpinalVentralHalf",
    "off": 9159,
    "sff": "spinal"
  },
  {
    "docID": "N182 Moon 2006",
    "et": "SpinalVentralHalf",
    "off": 8089,
    "sff": "spinal"
  },
  {
    "docID": "N182 Moon 2006",
    "et": "SpinalVentralHalf",
    "off": 38106,
    "sff": "spinal"
  },
  {
    "docID": "N182 Moon 2006",
    "et": "SpinalVentralHalf",
    "off": 8731,
    "sff": "spinal"
  },
  {
    "docID": "N182 Moon 2006",
    "et": "SpinalVentralHalf",
    "off": 32664,
    "sff": "spinal"
  },
  {
    "docID": "N182 Moon 2006",
    "et": "SpinalVentralHalf",
    "off": 40793,
    "sff": "spinal"
  },
  {
    "docID": "N182 Moon 2006",
    "et": "SpinalVentralHalf",
    "off": 45913,
    "sff": "spinal"
  },
  {
    "docID": "N182 Moon 2006",
    "et": "SpinalVentralHalf",
    "off": 37086,
    "sff": "spinal"
  },
  {
    "docID": "N182 Moon 2006",
    "et": "SpinalVentralHalf",
    "off": 26512,
    "sff": "spinal"
  },
  {
    "docID": "N182 Moon 2006",
    "et": "SpinalVentralHalf",
    "off": 41358,
    "sff": "ventral"
  },
  {
    "docID": "N182 Moon 2006",
    "et": "SpinalVentralHalf",
    "off": 19625,
    "sff": "spinal"
  },
  {
    "docID": "N182 Moon 2006",
    "et": "SpinalVentralHalf",
    "off": 41833,
    "sff": "spinal"
  },
  {
    "docID": "N182 Moon 2006",
    "et": "SpinalVentralHalf",
    "off": 15074,
    "sff": "Spinal"
  },
  {
    "docID": "N182 Moon 2006",
    "et": "SpinalVentralHalf",
    "off": 27821,
    "sff": "spinal"
  },
  {
    "docID": "N182 Moon 2006",
    "et": "SpinalVentralHalf",
    "off": 31917,
    "sff": "spinal"
  },
  {
    "docID": "N182 Moon 2006",
    "et": "SpinalVentralHalf",
    "off": 9218,
    "sff": "ventral"
  },
  {
    "docID": "N182 Moon 2006",
    "et": "SpinalVentralHalf",
    "off": 20770,
    "sff": "spinal"
  },
  {
    "docID": "N182 Moon 2006",
    "et": "SpinalVentralHalf",
    "off": 46179,
    "sff": "spinal"
  },
  {
    "docID": "N182 Moon 2006",
    "et": "SpinalVentralHalf",
    "off": 803,
    "sff": "spinal"
  },
  {
    "docID": "N182 Moon 2006",
    "et": "SpinalVentralHalf",
    "off": 32928,
    "sff": "spinal"
  },
  {
    "docID": "N182 Moon 2006",
    "et": "SpinalVentralHalf",
    "off": 33466,
    "sff": "spinal"
  },
  {
    "docID": "N182 Moon 2006",
    "et": "SpinalVentralHalf",
    "off": 19515,
    "sff": "spinal"
  },
  {
    "docID": "N182 Moon 2006",
    "et": "SpinalVentralHalf",
    "off": 37243,
    "sff": "spinal"
  },
  {
    "docID": "N182 Moon 2006",
    "et": "SpinalVentralHalf",
    "off": 41388,
    "sff": "ventral"
  },
  {
    "docID": "N182 Moon 2006",
    "et": "SpinalVentralHalf",
    "off": 45176,
    "sff": "spinal"
  },
  {
    "docID": "N182 Moon 2006",
    "et": "SpinalVentralHalf",
    "off": 61,
    "sff": "spinal"
  },
  {
    "docID": "N182 Moon 2006",
    "et": "SpinalVentralHalf",
    "off": 42878,
    "sff": "spinal"
  },
  {
    "docID": "N182 Moon 2006",
    "et": "SpinalVentralHalf",
    "off": 27891,
    "sff": "ventral"
  },
  {
    "docID": "N182 Moon 2006",
    "et": "SpinalVentralHalf",
    "off": 43314,
    "sff": "spinal"
  },
  {
    "docID": "N182 Moon 2006",
    "et": "SpinalVentralHalf",
    "off": 8307,
    "sff": "spinal"
  },
  {
    "docID": "N182 Moon 2006",
    "et": "SpinalVentralHalf",
    "off": 39856,
    "sff": "spinal"
  },
  {
    "docID": "N182 Moon 2006",
    "et": "SpinalVentralHalf",
    "off": 2676,
    "sff": "spinal"
  },
  {
    "docID": "N182 Moon 2006",
    "et": "SpinalVentralHalf",
    "off": 2743,
    "sff": "spinal"
  },
  {
    "docID": "N182 Moon 2006",
    "et": "Rostral",
    "off": 23340,
    "sff": "rostral"
  },
  {
    "docID": "N182 Moon 2006",
    "et": "Rostral",
    "off": 32940,
    "sff": "rostral"
  },
  {
    "docID": "N182 Moon 2006",
    "et": "Rostral",
    "off": 22392,
    "sff": "rostral"
  },
  {
    "docID": "N182 Moon 2006",
    "et": "Rostral",
    "off": 32676,
    "sff": "rostral"
  },
  {
    "docID": "N182 Moon 2006",
    "et": "TissueSparingTest",
    "off": 27899,
    "sff": "tissue"
  },
  {
    "docID": "N182 Moon 2006",
    "et": "TissueSparingTest",
    "off": 39467,
    "sff": "tissue"
  },
  {
    "docID": "N182 Moon 2006",
    "et": "TissueSparingTest",
    "off": 18221,
    "sff": "tissue"
  },
  {
    "docID": "N182 Moon 2006",
    "et": "TissueSparingTest",
    "off": 41679,
    "sff": "tissue"
  },
  {
    "docID": "N182 Moon 2006",
    "et": "TissueSparingTest",
    "off": 23333,
    "sff": "tissue"
  },
  {
    "docID": "N182 Moon 2006",
    "et": "TissueSparingTest",
    "off": 33672,
    "sff": "tissue"
  },
  {
    "docID": "N182 Moon 2006",
    "et": "DorsalColumn",
    "off": 1372,
    "sff": "dorsal"
  },
  {
    "docID": "N182 Moon 2006",
    "et": "DorsalColumn",
    "off": 8171,
    "sff": "dorsal"
  },
  {
    "docID": "N182 Moon 2006",
    "et": "DorsalColumn",
    "off": 32338,
    "sff": "dorsal"
  },
  {
    "docID": "N182 Moon 2006",
    "et": "DorsalColumn",
    "off": 42311,
    "sff": "dorsal column"
  },
  {
    "docID": "N182 Moon 2006",
    "et": "DorsalColumn",
    "off": 35226,
    "sff": "dorsal"
  },
  {
    "docID": "N182 Moon 2006",
    "et": "SpinalFiber",
    "off": 19625,
    "sff": "spinal"
  },
  {
    "docID": "N182 Moon 2006",
    "et": "SpinalFiber",
    "off": 41833,
    "sff": "spinal"
  },
  {
    "docID": "N182 Moon 2006",
    "et": "SpinalFiber",
    "off": 15074,
    "sff": "Spinal"
  },
  {
    "docID": "N182 Moon 2006",
    "et": "SpinalFiber",
    "off": 39856,
    "sff": "spinal"
  },
  {
    "docID": "N182 Moon 2006",
    "et": "SpinalFiber",
    "off": 27821,
    "sff": "spinal"
  },
  {
    "docID": "N182 Moon 2006",
    "et": "SpinalFiber",
    "off": 31917,
    "sff": "spinal"
  },
  {
    "docID": "N182 Moon 2006",
    "et": "SpinalFiber",
    "off": 46179,
    "sff": "spinal"
  },
  {
    "docID": "N182 Moon 2006",
    "et": "SpinalFiber",
    "off": 803,
    "sff": "spinal"
  },
  {
    "docID": "N182 Moon 2006",
    "et": "SpinalFiber",
    "off": 20770,
    "sff": "spinal"
  },
  {
    "docID": "N182 Moon 2006",
    "et": "SpinalFiber",
    "off": 8089,
    "sff": "spinal"
  },
  {
    "docID": "N182 Moon 2006",
    "et": "SpinalFiber",
    "off": 40793,
    "sff": "spinal"
  },
  {
    "docID": "N182 Moon 2006",
    "et": "SpinalFiber",
    "off": 45913,
    "sff": "spinal"
  },
  {
    "docID": "N182 Moon 2006",
    "et": "SpinalFiber",
    "off": 8731,
    "sff": "spinal"
  },
  {
    "docID": "N182 Moon 2006",
    "et": "SpinalFiber",
    "off": 38106,
    "sff": "spinal"
  },
  {
    "docID": "N182 Moon 2006",
    "et": "SpinalFiber",
    "off": 32928,
    "sff": "spinal"
  },
  {
    "docID": "N182 Moon 2006",
    "et": "SpinalFiber",
    "off": 37086,
    "sff": "spinal"
  },
  {
    "docID": "N182 Moon 2006",
    "et": "SpinalFiber",
    "off": 32664,
    "sff": "spinal"
  },
  {
    "docID": "N182 Moon 2006",
    "et": "SpinalFiber",
    "off": 3726,
    "sff": "spinal"
  },
  {
    "docID": "N182 Moon 2006",
    "et": "SpinalFiber",
    "off": 26512,
    "sff": "spinal"
  },
  {
    "docID": "N182 Moon 2006",
    "et": "SpinalFiber",
    "off": 3279,
    "sff": "spinal"
  },
  {
    "docID": "N182 Moon 2006",
    "et": "SpinalFiber",
    "off": 36995,
    "sff": "spinal"
  },
  {
    "docID": "N182 Moon 2006",
    "et": "SpinalFiber",
    "off": 15298,
    "sff": "spinal"
  },
  {
    "docID": "N182 Moon 2006",
    "et": "SpinalFiber",
    "off": 9159,
    "sff": "spinal"
  },
  {
    "docID": "N182 Moon 2006",
    "et": "SpinalFiber",
    "off": 19515,
    "sff": "spinal"
  },
  {
    "docID": "N182 Moon 2006",
    "et": "SpinalFiber",
    "off": 37243,
    "sff": "spinal"
  },
  {
    "docID": "N182 Moon 2006",
    "et": "SpinalFiber",
    "off": 33466,
    "sff": "spinal"
  },
  {
    "docID": "N182 Moon 2006",
    "et": "SpinalFiber",
    "off": 61,
    "sff": "spinal"
  },
  {
    "docID": "N182 Moon 2006",
    "et": "SpinalFiber",
    "off": 42878,
    "sff": "spinal"
  },
  {
    "docID": "N182 Moon 2006",
    "et": "SpinalFiber",
    "off": 2676,
    "sff": "spinal"
  },
  {
    "docID": "N182 Moon 2006",
    "et": "SpinalFiber",
    "off": 8307,
    "sff": "spinal"
  },
  {
    "docID": "N182 Moon 2006",
    "et": "SpinalFiber",
    "off": 43314,
    "sff": "spinal"
  },
  {
    "docID": "N182 Moon 2006",
    "et": "SpinalFiber",
    "off": 45176,
    "sff": "spinal"
  },
  {
    "docID": "N182 Moon 2006",
    "et": "SpinalFiber",
    "off": 2743,
    "sff": "spinal"
  },
  {
    "docID": "N182 Moon 2006",
    "et": "MotorReflexTest",
    "off": 45012,
    "sff": "motor"
  },
  {
    "docID": "N182 Moon 2006",
    "et": "MotorReflexTest",
    "off": 45105,
    "sff": "motor"
  },
  {
    "docID": "N182 Moon 2006",
    "et": "MotorReflexTest",
    "off": 938,
    "sff": "Motor"
  },
  {
    "docID": "N182 Moon 2006",
    "et": "MotorReflexTest",
    "off": 21298,
    "sff": "motor"
  },
  {
    "docID": "N182 Moon 2006",
    "et": "MotorReflexTest",
    "off": 4429,
    "sff": "motor"
  },
  {
    "docID": "N182 Moon 2006",
    "et": "MotorReflexTest",
    "off": 4281,
    "sff": "motor"
  },
  {
    "docID": "N182 Moon 2006",
    "et": "MotorReflexTest",
    "off": 33820,
    "sff": "motor"
  },
  {
    "docID": "N182 Moon 2006",
    "et": "MotorReflexTest",
    "off": 40190,
    "sff": "Motor"
  },
  {
    "docID": "N182 Moon 2006",
    "et": "MotorReflexTest",
    "off": 46038,
    "sff": "motor"
  },
  {
    "docID": "N182 Moon 2006",
    "et": "MotorReflexTest",
    "off": 21091,
    "sff": "motor"
  },
  {
    "docID": "N182 Moon 2006",
    "et": "MotorReflexTest",
    "off": 24603,
    "sff": "Motor"
  },
  {
    "docID": "N182 Moon 2006",
    "et": "MotorReflexTest",
    "off": 989,
    "sff": "motor"
  },
  {
    "docID": "N182 Moon 2006",
    "et": "MotorReflexTest",
    "off": 4349,
    "sff": "motor"
  },
  {
    "docID": "N182 Moon 2006",
    "et": "MotorReflexTest",
    "off": 43594,
    "sff": "motor"
  },
  {
    "docID": "N182 Moon 2006",
    "et": "MotorReflexTest",
    "off": 4168,
    "sff": "motor"
  },
  {
    "docID": "N182 Moon 2006",
    "et": "ElectrophysiologicalFrequency",
    "off": 43011,
    "sff": "electrophysiological"
  },
  {
    "docID": "N182 Moon 2006",
    "et": "SurvivalObservation",
    "off": 24691,
    "sff": "survival"
  },
  {
    "docID": "N182 Moon 2006",
    "et": "Left",
    "off": 22697,
    "sff": "left"
  },
  {
    "docID": "N182 Moon 2006",
    "et": "Left",
    "off": 9082,
    "sff": "left"
  },
  {
    "docID": "N182 Moon 2006",
    "et": "AxonalRegenerationTest",
    "off": 3452,
    "sff": "axonal"
  },
  {
    "docID": "N182 Moon 2006",
    "et": "ReticulospinalTract",
    "off": 42511,
    "sff": "reticulospinal"
  },
  {
    "docID": "N182 Moon 2006",
    "et": "StanceSwingRatio",
    "off": 35157,
    "sff": "stance"
  },
  {
    "docID": "N182 Moon 2006",
    "et": "ProteinLevelAnalysis",
    "off": 23498,
    "sff": "level"
  },
  {
    "docID": "N182 Moon 2006",
    "et": "ProteinLevelAnalysis",
    "off": 12705,
    "sff": "level"
  },
  {
    "docID": "N182 Moon 2006",
    "et": "ProteinLevelAnalysis",
    "off": 14593,
    "sff": "level"
  },
  {
    "docID": "N182 Moon 2006",
    "et": "ProteinLevelAnalysis",
    "off": 23441,
    "sff": "level"
  },
  {
    "docID": "N182 Moon 2006",
    "et": "ProteinLevelAnalysis",
    "off": 42787,
    "sff": "level"
  },
  {
    "docID": "N182 Moon 2006",
    "et": "RemovalLatency",
    "off": 36956,
    "sff": "removal"
  },
  {
    "docID": "N182 Moon 2006",
    "et": "RemovalLatency",
    "off": 19586,
    "sff": "removal"
  },
  {
    "docID": "N182 Moon 2006",
    "et": "SpinalLesionSite",
    "off": 15074,
    "sff": "Spinal"
  },
  {
    "docID": "N182 Moon 2006",
    "et": "SpinalLesionSite",
    "off": 19625,
    "sff": "spinal"
  },
  {
    "docID": "N182 Moon 2006",
    "et": "SpinalLesionSite",
    "off": 41833,
    "sff": "spinal"
  },
  {
    "docID": "N182 Moon 2006",
    "et": "SpinalLesionSite",
    "off": 27821,
    "sff": "spinal"
  },
  {
    "docID": "N182 Moon 2006",
    "et": "SpinalLesionSite",
    "off": 31917,
    "sff": "spinal"
  },
  {
    "docID": "N182 Moon 2006",
    "et": "SpinalLesionSite",
    "off": 43314,
    "sff": "spinal"
  },
  {
    "docID": "N182 Moon 2006",
    "et": "SpinalLesionSite",
    "off": 8307,
    "sff": "spinal"
  },
  {
    "docID": "N182 Moon 2006",
    "et": "SpinalLesionSite",
    "off": 39856,
    "sff": "spinal"
  },
  {
    "docID": "N182 Moon 2006",
    "et": "SpinalLesionSite",
    "off": 38106,
    "sff": "spinal"
  },
  {
    "docID": "N182 Moon 2006",
    "et": "SpinalLesionSite",
    "off": 8731,
    "sff": "spinal"
  },
  {
    "docID": "N182 Moon 2006",
    "et": "SpinalLesionSite",
    "off": 32664,
    "sff": "spinal"
  },
  {
    "docID": "N182 Moon 2006",
    "et": "SpinalLesionSite",
    "off": 8089,
    "sff": "spinal"
  },
  {
    "docID": "N182 Moon 2006",
    "et": "SpinalLesionSite",
    "off": 40793,
    "sff": "spinal"
  },
  {
    "docID": "N182 Moon 2006",
    "et": "SpinalLesionSite",
    "off": 45913,
    "sff": "spinal"
  },
  {
    "docID": "N182 Moon 2006",
    "et": "SpinalLesionSite",
    "off": 37086,
    "sff": "spinal"
  },
  {
    "docID": "N182 Moon 2006",
    "et": "SpinalLesionSite",
    "off": 20770,
    "sff": "spinal"
  },
  {
    "docID": "N182 Moon 2006",
    "et": "SpinalLesionSite",
    "off": 46179,
    "sff": "spinal"
  },
  {
    "docID": "N182 Moon 2006",
    "et": "SpinalLesionSite",
    "off": 803,
    "sff": "spinal"
  },
  {
    "docID": "N182 Moon 2006",
    "et": "SpinalLesionSite",
    "off": 32928,
    "sff": "spinal"
  },
  {
    "docID": "N182 Moon 2006",
    "et": "SpinalLesionSite",
    "off": 9159,
    "sff": "spinal"
  },
  {
    "docID": "N182 Moon 2006",
    "et": "SpinalLesionSite",
    "off": 3279,
    "sff": "spinal"
  },
  {
    "docID": "N182 Moon 2006",
    "et": "SpinalLesionSite",
    "off": 3726,
    "sff": "spinal"
  },
  {
    "docID": "N182 Moon 2006",
    "et": "SpinalLesionSite",
    "off": 26512,
    "sff": "spinal"
  },
  {
    "docID": "N182 Moon 2006",
    "et": "SpinalLesionSite",
    "off": 2676,
    "sff": "spinal"
  },
  {
    "docID": "N182 Moon 2006",
    "et": "SpinalLesionSite",
    "off": 2743,
    "sff": "spinal"
  },
  {
    "docID": "N182 Moon 2006",
    "et": "SpinalLesionSite",
    "off": 33466,
    "sff": "spinal"
  },
  {
    "docID": "N182 Moon 2006",
    "et": "SpinalLesionSite",
    "off": 19515,
    "sff": "spinal"
  },
  {
    "docID": "N182 Moon 2006",
    "et": "SpinalLesionSite",
    "off": 37243,
    "sff": "spinal"
  },
  {
    "docID": "N182 Moon 2006",
    "et": "SpinalLesionSite",
    "off": 45176,
    "sff": "spinal"
  },
  {
    "docID": "N182 Moon 2006",
    "et": "SpinalLesionSite",
    "off": 61,
    "sff": "spinal"
  },
  {
    "docID": "N182 Moon 2006",
    "et": "SpinalLesionSite",
    "off": 42878,
    "sff": "spinal"
  },
  {
    "docID": "N182 Moon 2006",
    "et": "SpinalLesionSite",
    "off": 15298,
    "sff": "spinal"
  },
  {
    "docID": "N182 Moon 2006",
    "et": "SpinalLesionSite",
    "off": 36995,
    "sff": "spinal"
  },
  {
    "docID": "N182 Moon 2006",
    "et": "T8",
    "off": 8119,
    "sff": "T8"
  },
  {
    "docID": "N182 Moon 2006",
    "et": "T8",
    "off": 42216,
    "sff": "T8"
  },
  {
    "docID": "N182 Moon 2006",
    "et": "SchwannCellChangesTest",
    "off": 44948,
    "sff": "cell"
  },
  {
    "docID": "N182 Moon 2006",
    "et": "SchwannCellChangesTest",
    "off": 4142,
    "sff": "cell"
  },
  {
    "docID": "N182 Moon 2006",
    "et": "SchwannCellChangesTest",
    "off": 45948,
    "sff": "cell"
  },
  {
    "docID": "N182 Moon 2006",
    "et": "SchwannCellChangesTest",
    "off": 42106,
    "sff": "cell"
  },
  {
    "docID": "N182 Moon 2006",
    "et": "SchwannCellChangesTest",
    "off": 5173,
    "sff": "Schwann"
  },
  {
    "docID": "N182 Moon 2006",
    "et": "SchwannCellChangesTest",
    "off": 498,
    "sff": "Cell"
  },
  {
    "docID": "N182 Moon 2006",
    "et": "SchwannCellChangesTest",
    "off": 902,
    "sff": "Schwann cell"
  },
  {
    "docID": "N182 Moon 2006",
    "et": "SchwannCellChangesTest",
    "off": 31942,
    "sff": "cell"
  },
  {
    "docID": "N182 Moon 2006",
    "et": "SchwannCellChangesTest",
    "off": 3202,
    "sff": "Schwann"
  },
  {
    "docID": "N182 Moon 2006",
    "et": "MotorNeurons",
    "off": 21091,
    "sff": "motor"
  },
  {
    "docID": "N182 Moon 2006",
    "et": "MotorNeurons",
    "off": 24603,
    "sff": "Motor"
  },
  {
    "docID": "N182 Moon 2006",
    "et": "MotorNeurons",
    "off": 989,
    "sff": "motor"
  },
  {
    "docID": "N182 Moon 2006",
    "et": "MotorNeurons",
    "off": 4349,
    "sff": "motor"
  },
  {
    "docID": "N182 Moon 2006",
    "et": "MotorNeurons",
    "off": 4281,
    "sff": "motor"
  },
  {
    "docID": "N182 Moon 2006",
    "et": "MotorNeurons",
    "off": 33820,
    "sff": "motor"
  },
  {
    "docID": "N182 Moon 2006",
    "et": "MotorNeurons",
    "off": 46038,
    "sff": "motor"
  },
  {
    "docID": "N182 Moon 2006",
    "et": "MotorNeurons",
    "off": 40190,
    "sff": "Motor"
  },
  {
    "docID": "N182 Moon 2006",
    "et": "MotorNeurons",
    "off": 938,
    "sff": "Motor"
  },
  {
    "docID": "N182 Moon 2006",
    "et": "MotorNeurons",
    "off": 21298,
    "sff": "motor"
  },
  {
    "docID": "N182 Moon 2006",
    "et": "MotorNeurons",
    "off": 45105,
    "sff": "motor"
  },
  {
    "docID": "N182 Moon 2006",
    "et": "MotorNeurons",
    "off": 45012,
    "sff": "motor"
  },
  {
    "docID": "N182 Moon 2006",
    "et": "MotorNeurons",
    "off": 4429,
    "sff": "motor"
  },
  {
    "docID": "N182 Moon 2006",
    "et": "MotorNeurons",
    "off": 43594,
    "sff": "motor"
  },
  {
    "docID": "N182 Moon 2006",
    "et": "MotorNeurons",
    "off": 4168,
    "sff": "motor"
  },
  {
    "docID": "N182 Moon 2006",
    "et": "FunctionalTest",
    "off": 4588,
    "sff": "functional"
  },
  {
    "docID": "N182 Moon 2006",
    "et": "FunctionalTest",
    "off": 3789,
    "sff": "functional"
  },
  {
    "docID": "N182 Moon 2006",
    "et": "FunctionalTest",
    "off": 4238,
    "sff": "functional"
  },
  {
    "docID": "N182 Moon 2006",
    "et": "FunctionalTest",
    "off": 3655,
    "sff": "functional"
  },
  {
    "docID": "N182 Moon 2006",
    "et": "FunctionalTest",
    "off": 31991,
    "sff": "functional"
  },
  {
    "docID": "N182 Moon 2006",
    "et": "FunctionalTest",
    "off": 44632,
    "sff": "functional"
  },
  {
    "docID": "N182 Moon 2006",
    "et": "GaleRatingScoreTest",
    "off": 13944,
    "sff": "rating"
  },
  {
    "docID": "N182 Moon 2006",
    "et": "GaleRatingScoreTest",
    "off": 30149,
    "sff": "rating"
  },
  {
    "docID": "N182 Moon 2006",
    "et": "Right",
    "off": 32162,
    "sff": "right"
  },
  {
    "docID": "N182 Moon 2006",
    "et": "Right",
    "off": 14274,
    "sff": "right"
  },
  {
    "docID": "N182 Moon 2006",
    "et": "Right",
    "off": 14492,
    "sff": "right"
  },
  {
    "docID": "N182 Moon 2006",
    "et": "Right",
    "off": 1291,
    "sff": "right"
  },
  {
    "docID": "N182 Moon 2006",
    "et": "Ventral",
    "off": 41388,
    "sff": "ventral"
  },
  {
    "docID": "N182 Moon 2006",
    "et": "Ventral",
    "off": 41358,
    "sff": "ventral"
  },
  {
    "docID": "N182 Moon 2006",
    "et": "Ventral",
    "off": 9218,
    "sff": "ventral"
  },
  {
    "docID": "N182 Moon 2006",
    "et": "Ventral",
    "off": 27891,
    "sff": "ventral"
  },
  {
    "docID": "N182 Moon 2006",
    "et": "MyelinationTest",
    "off": 31789,
    "sff": "myelination"
  },
  {
    "docID": "N182 Moon 2006",
    "et": "MyelinationTest",
    "off": 30978,
    "sff": "myelination"
  },
  {
    "docID": "N182 Moon 2006",
    "et": "TreatmentSite",
    "off": 39514,
    "sff": "treatment"
  },
  {
    "docID": "N182 Moon 2006",
    "et": "TreatmentSite",
    "off": 2724,
    "sff": "treatment"
  },
  {
    "docID": "N182 Moon 2006",
    "et": "TreatmentSite",
    "off": 30034,
    "sff": "treatment"
  },
  {
    "docID": "N182 Moon 2006",
    "et": "Longitudinal",
    "off": 33337,
    "sff": "longitudinal"
  },
  {
    "docID": "N182 Moon 2006",
    "et": "Longitudinal",
    "off": 23778,
    "sff": "longitudinal"
  },
  {
    "docID": "N182 Moon 2006",
    "et": "SpinalCord",
    "off": 19515,
    "sff": "spinal cord"
  },
  {
    "docID": "N182 Moon 2006",
    "et": "SpinalCord",
    "off": 42878,
    "sff": "spinal cord"
  },
  {
    "docID": "N182 Moon 2006",
    "et": "SpinalCord",
    "off": 20770,
    "sff": "spinal"
  },
  {
    "docID": "N182 Moon 2006",
    "et": "SpinalCord",
    "off": 37243,
    "sff": "spinal cord"
  },
  {
    "docID": "N182 Moon 2006",
    "et": "SpinalCord",
    "off": 61,
    "sff": "spinal cord"
  },
  {
    "docID": "N182 Moon 2006",
    "et": "SpinalCord",
    "off": 15074,
    "sff": "Spinal"
  },
  {
    "docID": "N182 Moon 2006",
    "et": "SpinalCord",
    "off": 15298,
    "sff": "spinal cord"
  },
  {
    "docID": "N182 Moon 2006",
    "et": "SpinalCord",
    "off": 9159,
    "sff": "spinal cord"
  },
  {
    "docID": "N182 Moon 2006",
    "et": "SpinalCord",
    "off": 36995,
    "sff": "spinal cord"
  },
  {
    "docID": "N182 Moon 2006",
    "et": "SpinalCord",
    "off": 3279,
    "sff": "spinal cord"
  },
  {
    "docID": "N182 Moon 2006",
    "et": "SpinalCord",
    "off": 3726,
    "sff": "spinal cord"
  },
  {
    "docID": "N182 Moon 2006",
    "et": "SpinalCord",
    "off": 33466,
    "sff": "spinal"
  },
  {
    "docID": "N182 Moon 2006",
    "et": "SpinalCord",
    "off": 32664,
    "sff": "spinal cord"
  },
  {
    "docID": "N182 Moon 2006",
    "et": "SpinalCord",
    "off": 37086,
    "sff": "spinal cord"
  },
  {
    "docID": "N182 Moon 2006",
    "et": "SpinalCord",
    "off": 8089,
    "sff": "spinal cord"
  },
  {
    "docID": "N182 Moon 2006",
    "et": "SpinalCord",
    "off": 32928,
    "sff": "spinal cord"
  },
  {
    "docID": "N182 Moon 2006",
    "et": "SpinalCord",
    "off": 803,
    "sff": "spinal cord"
  },
  {
    "docID": "N182 Moon 2006",
    "et": "SpinalCord",
    "off": 46179,
    "sff": "spinal cord"
  },
  {
    "docID": "N182 Moon 2006",
    "et": "SpinalCord",
    "off": 31917,
    "sff": "spinal cord"
  },
  {
    "docID": "N182 Moon 2006",
    "et": "SpinalCord",
    "off": 19625,
    "sff": "spinal cord"
  },
  {
    "docID": "N182 Moon 2006",
    "et": "SpinalCord",
    "off": 39856,
    "sff": "spinal cord"
  },
  {
    "docID": "N182 Moon 2006",
    "et": "SpinalCord",
    "off": 26512,
    "sff": "spinal"
  },
  {
    "docID": "N182 Moon 2006",
    "et": "SpinalCord",
    "off": 40793,
    "sff": "spinal"
  },
  {
    "docID": "N182 Moon 2006",
    "et": "SpinalCord",
    "off": 41833,
    "sff": "spinal cord"
  },
  {
    "docID": "N182 Moon 2006",
    "et": "SpinalCord",
    "off": 45913,
    "sff": "spinal"
  },
  {
    "docID": "N182 Moon 2006",
    "et": "SpinalCord",
    "off": 27821,
    "sff": "spinal cord"
  },
  {
    "docID": "N182 Moon 2006",
    "et": "SpinalCord",
    "off": 2676,
    "sff": "spinal cord"
  },
  {
    "docID": "N182 Moon 2006",
    "et": "SpinalCord",
    "off": 8307,
    "sff": "spinal cord"
  },
  {
    "docID": "N182 Moon 2006",
    "et": "SpinalCord",
    "off": 8731,
    "sff": "spinal"
  },
  {
    "docID": "N182 Moon 2006",
    "et": "SpinalCord",
    "off": 38106,
    "sff": "spinal"
  },
  {
    "docID": "N182 Moon 2006",
    "et": "SpinalCord",
    "off": 45176,
    "sff": "spinal cord"
  },
  {
    "docID": "N182 Moon 2006",
    "et": "SpinalCord",
    "off": 2743,
    "sff": "spinal cord"
  },
  {
    "docID": "N182 Moon 2006",
    "et": "SpinalCord",
    "off": 43314,
    "sff": "spinal cord"
  },
  {
    "docID": "N182 Moon 2006",
    "et": "Vertebrae",
    "off": 8021,
    "sff": "vertebrae"
  },
  {
    "docID": "N182 Moon 2006",
    "et": "LesionAdjacentTissue",
    "off": 19174,
    "sff": "adjacent"
  },
  {
    "docID": "N182 Moon 2006",
    "et": "LesionAdjacentTissue",
    "off": 22219,
    "sff": "adjacent"
  },
  {
    "docID": "N182 Moon 2006",
    "et": "GaitPawRotation",
    "off": 44205,
    "sff": "gait"
  },
  {
    "docID": "N182 Moon 2006",
    "et": "GaitPawRotation",
    "off": 35130,
    "sff": "paw"
  },
  {
    "docID": "N182 Moon 2006",
    "et": "ContactPlacingResponseTest",
    "off": 12865,
    "sff": "Placing"
  },
  {
    "docID": "N182 Moon 2006",
    "et": "ContactPlacingResponseTest",
    "off": 44007,
    "sff": "contact"
  },
  {
    "docID": "N182 Moon 2006",
    "et": "CentralNervousSystem",
    "off": 14233,
    "sff": "central"
  },
  {
    "docID": "N182 Moon 2006",
    "et": "CentralNervousSystem",
    "off": 32121,
    "sff": "central"
  },
  {
    "docID": "N182 Moon 2006",
    "et": "CentralNervousSystem",
    "off": 22324,
    "sff": "central"
  },
  {
    "docID": "N182 Moon 2006",
    "et": "CentralNervousSystem",
    "off": 43364,
    "sff": "central"
  },
  {
    "docID": "N182 Moon 2006",
    "et": "CentralNervousSystem",
    "off": 41938,
    "sff": "central"
  },
  {
    "docID": "N182 Moon 2006",
    "et": "StainingLength",
    "off": 16746,
    "sff": "staining"
  },
  {
    "docID": "N182 Moon 2006",
    "et": "T50MeanArterialPressure",
    "off": 34299,
    "sff": "mean"
  },
  {
    "docID": "N182 Moon 2006",
    "et": "T50MeanArterialPressure",
    "off": 28764,
    "sff": "mean"
  },
  {
    "docID": "N182 Moon 2006",
    "et": "T50MeanArterialPressure",
    "off": 27511,
    "sff": "mean"
  },
  {
    "docID": "N182 Moon 2006",
    "et": "T50MeanArterialPressure",
    "off": 38936,
    "sff": "mean"
  },
  {
    "docID": "N182 Moon 2006",
    "et": "T50MeanArterialPressure",
    "off": 29689,
    "sff": "mean"
  },
  {
    "docID": "N182 Moon 2006",
    "et": "T50MeanArterialPressure",
    "off": 19779,
    "sff": "mean"
  },
  {
    "docID": "N182 Moon 2006",
    "et": "T50MeanArterialPressure",
    "off": 26819,
    "sff": "mean"
  },
  {
    "docID": "N182 Moon 2006",
    "et": "T50MeanArterialPressure",
    "off": 29315,
    "sff": "mean"
  },
  {
    "docID": "N182 Moon 2006",
    "et": "T50MeanArterialPressure",
    "off": 27428,
    "sff": "mean"
  },
  {
    "docID": "N182 Moon 2006",
    "et": "T50MeanArterialPressure",
    "off": 38404,
    "sff": "mean"
  },
  {
    "docID": "N182 Moon 2006",
    "et": "T50MeanArterialPressure",
    "off": 21375,
    "sff": "mean"
  },
  {
    "docID": "N182 Moon 2006",
    "et": "T50MeanArterialPressure",
    "off": 26879,
    "sff": "mean"
  },
  {
    "docID": "N182 Moon 2006",
    "et": "T50MeanArterialPressure",
    "off": 34625,
    "sff": "mean"
  },
  {
    "docID": "N182 Moon 2006",
    "et": "T50MeanArterialPressure",
    "off": 27949,
    "sff": "mean"
  },
  {
    "docID": "N182 Moon 2006",
    "et": "T50MeanArterialPressure",
    "off": 38510,
    "sff": "mean"
  },
  {
    "docID": "N182 Moon 2006",
    "et": "T50MeanArterialPressure",
    "off": 38702,
    "sff": "mean"
  },
  {
    "docID": "N182 Moon 2006",
    "et": "T50MeanArterialPressure",
    "off": 34451,
    "sff": "mean"
  },
  {
    "docID": "N182 Moon 2006",
    "et": "T50MeanArterialPressure",
    "off": 26580,
    "sff": "mean"
  },
  {
    "docID": "N182 Moon 2006",
    "et": "T50MeanArterialPressure",
    "off": 34708,
    "sff": "mean"
  },
  {
    "docID": "N182 Moon 2006",
    "et": "T50MeanArterialPressure",
    "off": 38132,
    "sff": "mean"
  },
  {
    "docID": "N182 Moon 2006",
    "et": "StainingDensity",
    "off": 16746,
    "sff": "staining"
  },
  {
    "docID": "N182 Moon 2006",
    "et": "SinglePelletReachingTest",
    "off": 39931,
    "sff": "single"
  },
  {
    "docID": "N182 Moon 2006",
    "et": "SinglePelletReachingTest",
    "off": 44486,
    "sff": "single"
  },
  {
    "docID": "N182 Moon 2006",
    "et": "SinglePelletReachingTest",
    "off": 2900,
    "sff": "single"
  },
  {
    "docID": "N182 Moon 2006",
    "et": "SensoryTest",
    "off": 37781,
    "sff": "sensory"
  },
  {
    "docID": "N182 Moon 2006",
    "et": "SensoryTest",
    "off": 42325,
    "sff": "sensory"
  },
  {
    "docID": "N182 Moon 2006",
    "et": "SensoryTest",
    "off": 32303,
    "sff": "sensory"
  },
  {
    "docID": "N182 Moon 2006",
    "et": "SensoryTest",
    "off": 43567,
    "sff": "sensory"
  },
  {
    "docID": "N182 Moon 2006",
    "et": "SensoryTest",
    "off": 2000,
    "sff": "sensory"
  },
  {
    "docID": "N182 Moon 2006",
    "et": "SensoryTest",
    "off": 32094,
    "sff": "Sensory"
  },
  {
    "docID": "N182 Moon 2006",
    "et": "SensoryTest",
    "off": 14251,
    "sff": "sensory"
  },
  {
    "docID": "N182 Moon 2006",
    "et": "SensoryTest",
    "off": 32139,
    "sff": "sensory"
  },
  {
    "docID": "N182 Moon 2006",
    "et": "SensoryTest",
    "off": 41958,
    "sff": "sensory"
  },
  {
    "docID": "N182 Moon 2006",
    "et": "SensoryTest",
    "off": 42086,
    "sff": "sensory"
  },
  {
    "docID": "N182 Moon 2006",
    "et": "SensoryTest",
    "off": 1351,
    "sff": "sensory"
  },
  {
    "docID": "N182 Moon 2006",
    "et": "SensoryTest",
    "off": 22344,
    "sff": "sensory"
  },
  {
    "docID": "N182 Moon 2006",
    "et": "SensoryTest",
    "off": 31905,
    "sff": "sensory"
  },
  {
    "docID": "N182 Moon 2006",
    "et": "SensoryTest",
    "off": 22769,
    "sff": "Sensory"
  },
  {
    "docID": "N182 Moon 2006",
    "et": "BBBSubscoreTest",
    "off": 40935,
    "sff": "BBB"
  },
  {
    "docID": "N182 Moon 2006",
    "et": "BBBSubscoreTest",
    "off": 13924,
    "sff": "BBB"
  },
  {
    "docID": "N182 Moon 2006",
    "et": "BBBSubscoreTest",
    "off": 39397,
    "sff": "BBB"
  },
  {
    "docID": "N182 Moon 2006",
    "et": "BBBSubscoreTest",
    "off": 26406,
    "sff": "BBB"
  },
  {
    "docID": "N182 Moon 2006",
    "et": "BBBSubscoreTest",
    "off": 10924,
    "sff": "BBB"
  },
  {
    "docID": "N182 Moon 2006",
    "et": "BBBSubscoreTest",
    "off": 38833,
    "sff": "BBB"
  },
  {
    "docID": "N182 Moon 2006",
    "et": "BBBSubscoreTest",
    "off": 30002,
    "sff": "BBB"
  },
  {
    "docID": "N182 Moon 2006",
    "et": "BBBSubscoreTest",
    "off": 33966,
    "sff": "BBB"
  },
  {
    "docID": "N182 Moon 2006",
    "et": "BBBSubscoreTest",
    "off": 38137,
    "sff": "BBB"
  },
  {
    "docID": "N182 Moon 2006",
    "et": "BBBSubscoreTest",
    "off": 27066,
    "sff": "BBB"
  },
  {
    "docID": "N182 Moon 2006",
    "et": "BBBSubscoreTest",
    "off": 38515,
    "sff": "BBB"
  },
  {
    "docID": "N182 Moon 2006",
    "et": "BBBSubscoreTest",
    "off": 38707,
    "sff": "BBB"
  },
  {
    "docID": "N182 Moon 2006",
    "et": "BBBSubscoreTest",
    "off": 14008,
    "sff": "BBB"
  },
  {
    "docID": "N182 Moon 2006",
    "et": "BBBSubscoreTest",
    "off": 34304,
    "sff": "BBB"
  },
  {
    "docID": "N182 Moon 2006",
    "et": "BBBSubscoreTest",
    "off": 30145,
    "sff": "BBB"
  },
  {
    "docID": "N182 Moon 2006",
    "et": "BBBSubscoreTest",
    "off": 35777,
    "sff": "BBB"
  },
  {
    "docID": "N182 Moon 2006",
    "et": "BBBSubscoreTest",
    "off": 27963,
    "sff": "BBB"
  },
  {
    "docID": "N182 Moon 2006",
    "et": "BBBSubscoreTest",
    "off": 38409,
    "sff": "BBB"
  },
  {
    "docID": "N182 Moon 2006",
    "et": "BBBSubscoreTest",
    "off": 30595,
    "sff": "BBB"
  },
  {
    "docID": "N182 Moon 2006",
    "et": "BBBSubscoreTest",
    "off": 44419,
    "sff": "BBB"
  },
  {
    "docID": "N182 Moon 2006",
    "et": "BBBSubscoreTest",
    "off": 35268,
    "sff": "BBB"
  },
  {
    "docID": "N182 Moon 2006",
    "et": "BBBSubscoreTest",
    "off": 19784,
    "sff": "BBB"
  },
  {
    "docID": "N182 Moon 2006",
    "et": "BBBSubscoreTest",
    "off": 39954,
    "sff": "BBB"
  },
  {
    "docID": "N182 Moon 2006",
    "et": "BBBSubscoreTest",
    "off": 35416,
    "sff": "BBB"
  },
  {
    "docID": "N182 Moon 2006",
    "et": "BBBSubscoreTest",
    "off": 14355,
    "sff": "BBB"
  },
  {
    "docID": "N182 Moon 2006",
    "et": "BBBSubscoreTest",
    "off": 21146,
    "sff": "BBB"
  },
  {
    "docID": "N182 Moon 2006",
    "et": "BBBSubscoreTest",
    "off": 35029,
    "sff": "BBB"
  },
  {
    "docID": "N182 Moon 2006",
    "et": "BBBSubscoreTest",
    "off": 26594,
    "sff": "BBB"
  },
  {
    "docID": "N182 Moon 2006",
    "et": "BBBSubscoreTest",
    "off": 38941,
    "sff": "BBB"
  },
  {
    "docID": "N182 Moon 2006",
    "et": "BBBSubscoreTest",
    "off": 21407,
    "sff": "BBB"
  },
  {
    "docID": "N182 Moon 2006",
    "et": "AxonalDamageTest",
    "off": 3452,
    "sff": "axonal"
  },
  {
    "docID": "N182 Moon 2006",
    "et": "SpinalCentralPart",
    "off": 27821,
    "sff": "spinal"
  },
  {
    "docID": "N182 Moon 2006",
    "et": "SpinalCentralPart",
    "off": 31917,
    "sff": "spinal"
  },
  {
    "docID": "N182 Moon 2006",
    "et": "SpinalCentralPart",
    "off": 39856,
    "sff": "spinal"
  },
  {
    "docID": "N182 Moon 2006",
    "et": "SpinalCentralPart",
    "off": 43314,
    "sff": "spinal"
  },
  {
    "docID": "N182 Moon 2006",
    "et": "SpinalCentralPart",
    "off": 8307,
    "sff": "spinal"
  },
  {
    "docID": "N182 Moon 2006",
    "et": "SpinalCentralPart",
    "off": 2676,
    "sff": "spinal"
  },
  {
    "docID": "N182 Moon 2006",
    "et": "SpinalCentralPart",
    "off": 2743,
    "sff": "spinal"
  },
  {
    "docID": "N182 Moon 2006",
    "et": "SpinalCentralPart",
    "off": 45176,
    "sff": "spinal"
  },
  {
    "docID": "N182 Moon 2006",
    "et": "SpinalCentralPart",
    "off": 32121,
    "sff": "central"
  },
  {
    "docID": "N182 Moon 2006",
    "et": "SpinalCentralPart",
    "off": 33466,
    "sff": "spinal"
  },
  {
    "docID": "N182 Moon 2006",
    "et": "SpinalCentralPart",
    "off": 15074,
    "sff": "Spinal"
  },
  {
    "docID": "N182 Moon 2006",
    "et": "SpinalCentralPart",
    "off": 19515,
    "sff": "spinal"
  },
  {
    "docID": "N182 Moon 2006",
    "et": "SpinalCentralPart",
    "off": 37243,
    "sff": "spinal"
  },
  {
    "docID": "N182 Moon 2006",
    "et": "SpinalCentralPart",
    "off": 61,
    "sff": "spinal"
  },
  {
    "docID": "N182 Moon 2006",
    "et": "SpinalCentralPart",
    "off": 42878,
    "sff": "spinal"
  },
  {
    "docID": "N182 Moon 2006",
    "et": "SpinalCentralPart",
    "off": 15298,
    "sff": "spinal"
  },
  {
    "docID": "N182 Moon 2006",
    "et": "SpinalCentralPart",
    "off": 22324,
    "sff": "central"
  },
  {
    "docID": "N182 Moon 2006",
    "et": "SpinalCentralPart",
    "off": 36995,
    "sff": "spinal"
  },
  {
    "docID": "N182 Moon 2006",
    "et": "SpinalCentralPart",
    "off": 9159,
    "sff": "spinal"
  },
  {
    "docID": "N182 Moon 2006",
    "et": "SpinalCentralPart",
    "off": 3726,
    "sff": "spinal"
  },
  {
    "docID": "N182 Moon 2006",
    "et": "SpinalCentralPart",
    "off": 3279,
    "sff": "spinal"
  },
  {
    "docID": "N182 Moon 2006",
    "et": "SpinalCentralPart",
    "off": 26512,
    "sff": "spinal"
  },
  {
    "docID": "N182 Moon 2006",
    "et": "SpinalCentralPart",
    "off": 43364,
    "sff": "central"
  },
  {
    "docID": "N182 Moon 2006",
    "et": "SpinalCentralPart",
    "off": 32664,
    "sff": "spinal"
  },
  {
    "docID": "N182 Moon 2006",
    "et": "SpinalCentralPart",
    "off": 8089,
    "sff": "spinal"
  },
  {
    "docID": "N182 Moon 2006",
    "et": "SpinalCentralPart",
    "off": 14233,
    "sff": "central"
  },
  {
    "docID": "N182 Moon 2006",
    "et": "SpinalCentralPart",
    "off": 38106,
    "sff": "spinal"
  },
  {
    "docID": "N182 Moon 2006",
    "et": "SpinalCentralPart",
    "off": 40793,
    "sff": "spinal"
  },
  {
    "docID": "N182 Moon 2006",
    "et": "SpinalCentralPart",
    "off": 45913,
    "sff": "spinal"
  },
  {
    "docID": "N182 Moon 2006",
    "et": "SpinalCentralPart",
    "off": 8731,
    "sff": "spinal"
  },
  {
    "docID": "N182 Moon 2006",
    "et": "SpinalCentralPart",
    "off": 37086,
    "sff": "spinal"
  },
  {
    "docID": "N182 Moon 2006",
    "et": "SpinalCentralPart",
    "off": 32928,
    "sff": "spinal"
  },
  {
    "docID": "N182 Moon 2006",
    "et": "SpinalCentralPart",
    "off": 20770,
    "sff": "spinal"
  },
  {
    "docID": "N182 Moon 2006",
    "et": "SpinalCentralPart",
    "off": 41938,
    "sff": "central"
  },
  {
    "docID": "N182 Moon 2006",
    "et": "SpinalCentralPart",
    "off": 803,
    "sff": "spinal"
  },
  {
    "docID": "N182 Moon 2006",
    "et": "SpinalCentralPart",
    "off": 46179,
    "sff": "spinal"
  },
  {
    "docID": "N182 Moon 2006",
    "et": "SpinalCentralPart",
    "off": 19625,
    "sff": "spinal"
  },
  {
    "docID": "N182 Moon 2006",
    "et": "SpinalCentralPart",
    "off": 41833,
    "sff": "spinal"
  },
  {
    "docID": "N182 Moon 2006",
    "et": "ElectrophysiologicalAmplitude",
    "off": 43011,
    "sff": "electrophysiological"
  },
  {
    "docID": "N182 Moon 2006",
    "et": "PawLength",
    "off": 35130,
    "sff": "paw"
  },
  {
    "docID": "N182 Moon 2006",
    "et": "AxonalDiebackTest",
    "off": 3452,
    "sff": "axonal"
  },
  {
    "docID": "N182 Moon 2006",
    "et": "SpinalCordStump",
    "off": 3726,
    "sff": "spinal cord"
  },
  {
    "docID": "N182 Moon 2006",
    "et": "SpinalCordStump",
    "off": 3279,
    "sff": "spinal cord"
  },
  {
    "docID": "N182 Moon 2006",
    "et": "SpinalCordStump",
    "off": 33466,
    "sff": "spinal"
  },
  {
    "docID": "N182 Moon 2006",
    "et": "SpinalCordStump",
    "off": 8089,
    "sff": "spinal cord"
  },
  {
    "docID": "N182 Moon 2006",
    "et": "SpinalCordStump",
    "off": 32664,
    "sff": "spinal cord"
  },
  {
    "docID": "N182 Moon 2006",
    "et": "SpinalCordStump",
    "off": 22726,
    "sff": "cord"
  },
  {
    "docID": "N182 Moon 2006",
    "et": "SpinalCordStump",
    "off": 15074,
    "sff": "Spinal"
  },
  {
    "docID": "N182 Moon 2006",
    "et": "SpinalCordStump",
    "off": 8366,
    "sff": "cord"
  },
  {
    "docID": "N182 Moon 2006",
    "et": "SpinalCordStump",
    "off": 42878,
    "sff": "spinal cord"
  },
  {
    "docID": "N182 Moon 2006",
    "et": "SpinalCordStump",
    "off": 61,
    "sff": "spinal cord"
  },
  {
    "docID": "N182 Moon 2006",
    "et": "SpinalCordStump",
    "off": 19515,
    "sff": "spinal cord"
  },
  {
    "docID": "N182 Moon 2006",
    "et": "SpinalCordStump",
    "off": 37243,
    "sff": "spinal cord"
  },
  {
    "docID": "N182 Moon 2006",
    "et": "SpinalCordStump",
    "off": 9159,
    "sff": "spinal cord"
  },
  {
    "docID": "N182 Moon 2006",
    "et": "SpinalCordStump",
    "off": 9398,
    "sff": "cord"
  },
  {
    "docID": "N182 Moon 2006",
    "et": "SpinalCordStump",
    "off": 8825,
    "sff": "cord"
  },
  {
    "docID": "N182 Moon 2006",
    "et": "SpinalCordStump",
    "off": 36995,
    "sff": "spinal cord"
  },
  {
    "docID": "N182 Moon 2006",
    "et": "SpinalCordStump",
    "off": 15298,
    "sff": "spinal cord"
  },
  {
    "docID": "N182 Moon 2006",
    "et": "SpinalCordStump",
    "off": 20770,
    "sff": "spinal"
  },
  {
    "docID": "N182 Moon 2006",
    "et": "SpinalCordStump",
    "off": 40793,
    "sff": "spinal"
  },
  {
    "docID": "N182 Moon 2006",
    "et": "SpinalCordStump",
    "off": 45913,
    "sff": "spinal"
  },
  {
    "docID": "N182 Moon 2006",
    "et": "SpinalCordStump",
    "off": 39856,
    "sff": "spinal cord"
  },
  {
    "docID": "N182 Moon 2006",
    "et": "SpinalCordStump",
    "off": 27821,
    "sff": "spinal cord"
  },
  {
    "docID": "N182 Moon 2006",
    "et": "SpinalCordStump",
    "off": 31917,
    "sff": "spinal cord"
  },
  {
    "docID": "N182 Moon 2006",
    "et": "SpinalCordStump",
    "off": 8731,
    "sff": "spinal"
  },
  {
    "docID": "N182 Moon 2006",
    "et": "SpinalCordStump",
    "off": 38106,
    "sff": "spinal"
  },
  {
    "docID": "N182 Moon 2006",
    "et": "SpinalCordStump",
    "off": 26512,
    "sff": "spinal"
  },
  {
    "docID": "N182 Moon 2006",
    "et": "SpinalCordStump",
    "off": 42600,
    "sff": "cord"
  },
  {
    "docID": "N182 Moon 2006",
    "et": "SpinalCordStump",
    "off": 45176,
    "sff": "spinal cord"
  },
  {
    "docID": "N182 Moon 2006",
    "et": "SpinalCordStump",
    "off": 2743,
    "sff": "spinal cord"
  },
  {
    "docID": "N182 Moon 2006",
    "et": "SpinalCordStump",
    "off": 2676,
    "sff": "spinal cord"
  },
  {
    "docID": "N182 Moon 2006",
    "et": "SpinalCordStump",
    "off": 8307,
    "sff": "spinal cord"
  },
  {
    "docID": "N182 Moon 2006",
    "et": "SpinalCordStump",
    "off": 43314,
    "sff": "spinal cord"
  },
  {
    "docID": "N182 Moon 2006",
    "et": "SpinalCordStump",
    "off": 32928,
    "sff": "spinal cord"
  },
  {
    "docID": "N182 Moon 2006",
    "et": "SpinalCordStump",
    "off": 37086,
    "sff": "spinal cord"
  },
  {
    "docID": "N182 Moon 2006",
    "et": "SpinalCordStump",
    "off": 19625,
    "sff": "spinal cord"
  },
  {
    "docID": "N182 Moon 2006",
    "et": "SpinalCordStump",
    "off": 41833,
    "sff": "spinal cord"
  },
  {
    "docID": "N182 Moon 2006",
    "et": "SpinalCordStump",
    "off": 46179,
    "sff": "spinal cord"
  },
  {
    "docID": "N182 Moon 2006",
    "et": "SpinalCordStump",
    "off": 803,
    "sff": "spinal cord"
  },
  {
    "docID": "N182 Moon 2006",
    "et": "MotorEvokedPotentialsTest",
    "off": 45105,
    "sff": "motor"
  },
  {
    "docID": "N182 Moon 2006",
    "et": "MotorEvokedPotentialsTest",
    "off": 43594,
    "sff": "motor"
  },
  {
    "docID": "N182 Moon 2006",
    "et": "MotorEvokedPotentialsTest",
    "off": 4429,
    "sff": "motor"
  },
  {
    "docID": "N182 Moon 2006",
    "et": "MotorEvokedPotentialsTest",
    "off": 4168,
    "sff": "motor"
  },
  {
    "docID": "N182 Moon 2006",
    "et": "MotorEvokedPotentialsTest",
    "off": 21091,
    "sff": "motor"
  },
  {
    "docID": "N182 Moon 2006",
    "et": "MotorEvokedPotentialsTest",
    "off": 938,
    "sff": "Motor"
  },
  {
    "docID": "N182 Moon 2006",
    "et": "MotorEvokedPotentialsTest",
    "off": 989,
    "sff": "motor"
  },
  {
    "docID": "N182 Moon 2006",
    "et": "MotorEvokedPotentialsTest",
    "off": 4349,
    "sff": "motor"
  },
  {
    "docID": "N182 Moon 2006",
    "et": "MotorEvokedPotentialsTest",
    "off": 33820,
    "sff": "motor"
  },
  {
    "docID": "N182 Moon 2006",
    "et": "MotorEvokedPotentialsTest",
    "off": 40190,
    "sff": "Motor"
  },
  {
    "docID": "N182 Moon 2006",
    "et": "MotorEvokedPotentialsTest",
    "off": 46038,
    "sff": "motor"
  },
  {
    "docID": "N182 Moon 2006",
    "et": "MotorEvokedPotentialsTest",
    "off": 4281,
    "sff": "motor"
  },
  {
    "docID": "N182 Moon 2006",
    "et": "MotorEvokedPotentialsTest",
    "off": 24603,
    "sff": "Motor"
  },
  {
    "docID": "N182 Moon 2006",
    "et": "MotorEvokedPotentialsTest",
    "off": 21298,
    "sff": "motor"
  },
  {
    "docID": "N182 Moon 2006",
    "et": "MotorEvokedPotentialsTest",
    "off": 45012,
    "sff": "motor"
  },
  {
    "docID": "N182 Moon 2006",
    "et": "Brain",
    "off": 44173,
    "sff": "brain"
  },
  {
    "docID": "N182 Moon 2006",
    "et": "Brain",
    "off": 45167,
    "sff": "brain"
  },
  {
    "docID": "N182 Moon 2006",
    "et": "Brain",
    "off": 11766,
    "sff": "brain"
  },
  {
    "docID": "N182 Moon 2006",
    "et": "AscendingFiberTract",
    "off": 32317,
    "sff": "ascending"
  },
  {
    "docID": "N182 Moon 2006",
    "et": "AscendingFiberTract",
    "off": 41928,
    "sff": "ascending"
  },
  {
    "docID": "N182 Moon 2006",
    "et": "AscendingFiberTract",
    "off": 42445,
    "sff": "fiber"
  },
  {
    "docID": "N182 Moon 2006",
    "et": "AscendingFiberTract",
    "off": 22314,
    "sff": "Ascending"
  },
  {
    "docID": "N182 Moon 2006",
    "et": "AscendingFiberTract",
    "off": 6962,
    "sff": "fiber"
  },
  {
    "docID": "N182 Moon 2006",
    "et": "AscendingFiberTract",
    "off": 43151,
    "sff": "ascending fiber"
  },
  {
    "docID": "N182 Moon 2006",
    "et": "SpinalWhiteMatter",
    "off": 15074,
    "sff": "Spinal"
  },
  {
    "docID": "N182 Moon 2006",
    "et": "SpinalWhiteMatter",
    "off": 19625,
    "sff": "spinal"
  },
  {
    "docID": "N182 Moon 2006",
    "et": "SpinalWhiteMatter",
    "off": 41833,
    "sff": "spinal"
  },
  {
    "docID": "N182 Moon 2006",
    "et": "SpinalWhiteMatter",
    "off": 27821,
    "sff": "spinal"
  },
  {
    "docID": "N182 Moon 2006",
    "et": "SpinalWhiteMatter",
    "off": 31917,
    "sff": "spinal"
  },
  {
    "docID": "N182 Moon 2006",
    "et": "SpinalWhiteMatter",
    "off": 32928,
    "sff": "spinal"
  },
  {
    "docID": "N182 Moon 2006",
    "et": "SpinalWhiteMatter",
    "off": 20770,
    "sff": "spinal"
  },
  {
    "docID": "N182 Moon 2006",
    "et": "SpinalWhiteMatter",
    "off": 803,
    "sff": "spinal"
  },
  {
    "docID": "N182 Moon 2006",
    "et": "SpinalWhiteMatter",
    "off": 46179,
    "sff": "spinal"
  },
  {
    "docID": "N182 Moon 2006",
    "et": "SpinalWhiteMatter",
    "off": 32664,
    "sff": "spinal"
  },
  {
    "docID": "N182 Moon 2006",
    "et": "SpinalWhiteMatter",
    "off": 38106,
    "sff": "spinal"
  },
  {
    "docID": "N182 Moon 2006",
    "et": "SpinalWhiteMatter",
    "off": 8089,
    "sff": "spinal"
  },
  {
    "docID": "N182 Moon 2006",
    "et": "SpinalWhiteMatter",
    "off": 40793,
    "sff": "spinal"
  },
  {
    "docID": "N182 Moon 2006",
    "et": "SpinalWhiteMatter",
    "off": 45913,
    "sff": "spinal"
  },
  {
    "docID": "N182 Moon 2006",
    "et": "SpinalWhiteMatter",
    "off": 8731,
    "sff": "spinal"
  },
  {
    "docID": "N182 Moon 2006",
    "et": "SpinalWhiteMatter",
    "off": 37086,
    "sff": "spinal"
  },
  {
    "docID": "N182 Moon 2006",
    "et": "SpinalWhiteMatter",
    "off": 26512,
    "sff": "spinal"
  },
  {
    "docID": "N182 Moon 2006",
    "et": "SpinalWhiteMatter",
    "off": 3279,
    "sff": "spinal"
  },
  {
    "docID": "N182 Moon 2006",
    "et": "SpinalWhiteMatter",
    "off": 9159,
    "sff": "spinal"
  },
  {
    "docID": "N182 Moon 2006",
    "et": "SpinalWhiteMatter",
    "off": 3726,
    "sff": "spinal"
  },
  {
    "docID": "N182 Moon 2006",
    "et": "SpinalWhiteMatter",
    "off": 15298,
    "sff": "spinal"
  },
  {
    "docID": "N182 Moon 2006",
    "et": "SpinalWhiteMatter",
    "off": 36995,
    "sff": "spinal"
  },
  {
    "docID": "N182 Moon 2006",
    "et": "SpinalWhiteMatter",
    "off": 45176,
    "sff": "spinal"
  },
  {
    "docID": "N182 Moon 2006",
    "et": "SpinalWhiteMatter",
    "off": 2743,
    "sff": "spinal"
  },
  {
    "docID": "N182 Moon 2006",
    "et": "SpinalWhiteMatter",
    "off": 33466,
    "sff": "spinal"
  },
  {
    "docID": "N182 Moon 2006",
    "et": "SpinalWhiteMatter",
    "off": 19515,
    "sff": "spinal"
  },
  {
    "docID": "N182 Moon 2006",
    "et": "SpinalWhiteMatter",
    "off": 37243,
    "sff": "spinal"
  },
  {
    "docID": "N182 Moon 2006",
    "et": "SpinalWhiteMatter",
    "off": 42878,
    "sff": "spinal"
  },
  {
    "docID": "N182 Moon 2006",
    "et": "SpinalWhiteMatter",
    "off": 61,
    "sff": "spinal"
  },
  {
    "docID": "N182 Moon 2006",
    "et": "SpinalWhiteMatter",
    "off": 39856,
    "sff": "spinal"
  },
  {
    "docID": "N182 Moon 2006",
    "et": "SpinalWhiteMatter",
    "off": 43314,
    "sff": "spinal"
  },
  {
    "docID": "N182 Moon 2006",
    "et": "SpinalWhiteMatter",
    "off": 2676,
    "sff": "spinal"
  },
  {
    "docID": "N182 Moon 2006",
    "et": "SpinalWhiteMatter",
    "off": 8307,
    "sff": "spinal"
  },
  {
    "docID": "N182 Moon 2006",
    "et": "Dorsal",
    "off": 32338,
    "sff": "dorsal"
  },
  {
    "docID": "N182 Moon 2006",
    "et": "Dorsal",
    "off": 35226,
    "sff": "dorsal"
  },
  {
    "docID": "N182 Moon 2006",
    "et": "Dorsal",
    "off": 42311,
    "sff": "dorsal"
  },
  {
    "docID": "N182 Moon 2006",
    "et": "Dorsal",
    "off": 1372,
    "sff": "dorsal"
  },
  {
    "docID": "N182 Moon 2006",
    "et": "Dorsal",
    "off": 8171,
    "sff": "dorsal"
  },
  {
    "docID": "N182 Moon 2006",
    "et": "GaitCoordination",
    "off": 44205,
    "sff": "gait"
  },
  {
    "docID": "N182 Moon 2006",
    "et": "BodyWeightExamination",
    "off": 10149,
    "sff": "body weight"
  },
  {
    "docID": "N182 Moon 2006",
    "et": "BodyWeightExamination",
    "off": 30279,
    "sff": "body weight"
  },
  {
    "docID": "N182 Moon 2006",
    "et": "BodyWeightExamination",
    "off": 7590,
    "sff": "body weight"
  },
  {
    "docID": "N182 Moon 2006",
    "et": "BodyWeightExamination",
    "off": 37670,
    "sff": "body weight"
  },
  {
    "docID": "N182 Moon 2006",
    "et": "BodyWeightExamination",
    "off": 9967,
    "sff": "body weight"
  },
  {
    "docID": "N182 Moon 2006",
    "et": "BodyWeightExamination",
    "off": 12303,
    "sff": "weight"
  },
  {
    "docID": "N182 Moon 2006",
    "et": "BodyWeightExamination",
    "off": 10357,
    "sff": "weight"
  },
  {
    "docID": "N182 Moon 2006",
    "et": "BodyWeightExamination",
    "off": 35344,
    "sff": "weight"
  },
  {
    "docID": "N182 Moon 2006",
    "et": "BodyWeightExamination",
    "off": 34957,
    "sff": "weight"
  },
  {
    "docID": "N182 Moon 2006",
    "et": "BodyWeightExamination",
    "off": 35209,
    "sff": "weight"
  },
  {
    "docID": "N182 Moon 2006",
    "et": "BodyWeightExamination",
    "off": 4448,
    "sff": "weight"
  },
  {
    "docID": "N182 Moon 2006",
    "et": "BodyWeightExamination",
    "off": 35139,
    "sff": "weight"
  },
  {
    "docID": "N182 Moon 2006",
    "et": "BodyWeightExamination",
    "off": 39139,
    "sff": "weight"
  },
  {
    "docID": "N182 Moon 2006",
    "et": "BodyWeightExamination",
    "off": 35012,
    "sff": "weight"
  },
  {
    "docID": "N182 Moon 2006",
    "et": "BodyWeightExamination",
    "off": 10393,
    "sff": "body weight"
  },
  {
    "docID": "N182 Moon 2006",
    "et": "Diameter",
    "off": 12512,
    "sff": "diameter"
  },
  {
    "docID": "N182 Moon 2006",
    "et": "Diameter",
    "off": 6746,
    "sff": "diameter"
  },
  {
    "docID": "N182 Moon 2006",
    "et": "ErrorStepRatio",
    "off": 21651,
    "sff": "Error"
  },
  {
    "docID": "N182 Moon 2006",
    "et": "OpenFieldTest",
    "off": 21124,
    "sff": "Open field"
  },
  {
    "docID": "N182 Moon 2006",
    "et": "OpenFieldTest",
    "off": 26330,
    "sff": "open field"
  },
  {
    "docID": "N182 Moon 2006",
    "et": "OpenFieldTest",
    "off": 6481,
    "sff": "open"
  },
  {
    "docID": "N182 Moon 2006",
    "et": "OpenFieldTest",
    "off": 13928,
    "sff": "open-field"
  },
  {
    "docID": "N182 Moon 2006",
    "et": "OpenFieldTest",
    "off": 40038,
    "sff": "open field"
  },
  {
    "docID": "N182 Moon 2006",
    "et": "OpenFieldTest",
    "off": 40248,
    "sff": "open field"
  },
  {
    "docID": "N182 Moon 2006",
    "et": "ElectrophysiologicalDuration",
    "off": 43011,
    "sff": "electrophysiological"
  },
  {
    "docID": "N182 Moon 2006",
    "et": "SpinalGrayMatter",
    "off": 3726,
    "sff": "spinal"
  },
  {
    "docID": "N182 Moon 2006",
    "et": "SpinalGrayMatter",
    "off": 3279,
    "sff": "spinal"
  },
  {
    "docID": "N182 Moon 2006",
    "et": "SpinalGrayMatter",
    "off": 26512,
    "sff": "spinal"
  },
  {
    "docID": "N182 Moon 2006",
    "et": "SpinalGrayMatter",
    "off": 36995,
    "sff": "spinal"
  },
  {
    "docID": "N182 Moon 2006",
    "et": "SpinalGrayMatter",
    "off": 9159,
    "sff": "spinal"
  },
  {
    "docID": "N182 Moon 2006",
    "et": "SpinalGrayMatter",
    "off": 37086,
    "sff": "spinal"
  },
  {
    "docID": "N182 Moon 2006",
    "et": "SpinalGrayMatter",
    "off": 8731,
    "sff": "spinal"
  },
  {
    "docID": "N182 Moon 2006",
    "et": "SpinalGrayMatter",
    "off": 20770,
    "sff": "spinal"
  },
  {
    "docID": "N182 Moon 2006",
    "et": "SpinalGrayMatter",
    "off": 32928,
    "sff": "spinal"
  },
  {
    "docID": "N182 Moon 2006",
    "et": "SpinalGrayMatter",
    "off": 15074,
    "sff": "Spinal"
  },
  {
    "docID": "N182 Moon 2006",
    "et": "SpinalGrayMatter",
    "off": 8089,
    "sff": "spinal"
  },
  {
    "docID": "N182 Moon 2006",
    "et": "SpinalGrayMatter",
    "off": 40793,
    "sff": "spinal"
  },
  {
    "docID": "N182 Moon 2006",
    "et": "SpinalGrayMatter",
    "off": 45913,
    "sff": "spinal"
  },
  {
    "docID": "N182 Moon 2006",
    "et": "SpinalGrayMatter",
    "off": 38106,
    "sff": "spinal"
  },
  {
    "docID": "N182 Moon 2006",
    "et": "SpinalGrayMatter",
    "off": 32664,
    "sff": "spinal"
  },
  {
    "docID": "N182 Moon 2006",
    "et": "SpinalGrayMatter",
    "off": 27821,
    "sff": "spinal"
  },
  {
    "docID": "N182 Moon 2006",
    "et": "SpinalGrayMatter",
    "off": 31917,
    "sff": "spinal"
  },
  {
    "docID": "N182 Moon 2006",
    "et": "SpinalGrayMatter",
    "off": 43314,
    "sff": "spinal"
  },
  {
    "docID": "N182 Moon 2006",
    "et": "SpinalGrayMatter",
    "off": 39856,
    "sff": "spinal"
  },
  {
    "docID": "N182 Moon 2006",
    "et": "SpinalGrayMatter",
    "off": 803,
    "sff": "spinal"
  },
  {
    "docID": "N182 Moon 2006",
    "et": "SpinalGrayMatter",
    "off": 46179,
    "sff": "spinal"
  },
  {
    "docID": "N182 Moon 2006",
    "et": "SpinalGrayMatter",
    "off": 19625,
    "sff": "spinal"
  },
  {
    "docID": "N182 Moon 2006",
    "et": "SpinalGrayMatter",
    "off": 41833,
    "sff": "spinal"
  },
  {
    "docID": "N182 Moon 2006",
    "et": "SpinalGrayMatter",
    "off": 61,
    "sff": "spinal"
  },
  {
    "docID": "N182 Moon 2006",
    "et": "SpinalGrayMatter",
    "off": 42878,
    "sff": "spinal"
  },
  {
    "docID": "N182 Moon 2006",
    "et": "SpinalGrayMatter",
    "off": 19515,
    "sff": "spinal"
  },
  {
    "docID": "N182 Moon 2006",
    "et": "SpinalGrayMatter",
    "off": 37243,
    "sff": "spinal"
  },
  {
    "docID": "N182 Moon 2006",
    "et": "SpinalGrayMatter",
    "off": 15298,
    "sff": "spinal"
  },
  {
    "docID": "N182 Moon 2006",
    "et": "SpinalGrayMatter",
    "off": 8307,
    "sff": "spinal"
  },
  {
    "docID": "N182 Moon 2006",
    "et": "SpinalGrayMatter",
    "off": 2676,
    "sff": "spinal"
  },
  {
    "docID": "N182 Moon 2006",
    "et": "SpinalGrayMatter",
    "off": 33466,
    "sff": "spinal"
  },
  {
    "docID": "N182 Moon 2006",
    "et": "SpinalGrayMatter",
    "off": 2743,
    "sff": "spinal"
  },
  {
    "docID": "N182 Moon 2006",
    "et": "SpinalGrayMatter",
    "off": 45176,
    "sff": "spinal"
  },
  {
    "docID": "N182 Moon 2006",
    "et": "PawWidth",
    "off": 35130,
    "sff": "paw"
  },
  {
    "docID": "N182 Moon 2006",
    "et": "AxonalChangesTest",
    "off": 3452,
    "sff": "axonal"
  },
  {
    "docID": "N182 Moon 2006",
    "et": "LocomotorTest",
    "off": 34180,
    "sff": "locomotor"
  },
  {
    "docID": "N182 Moon 2006",
    "et": "LocomotorTest",
    "off": 28885,
    "sff": "locomotor"
  },
  {
    "docID": "N182 Moon 2006",
    "et": "LocomotorTest",
    "off": 45288,
    "sff": "locomotor"
  },
  {
    "docID": "N182 Moon 2006",
    "et": "LocomotorTest",
    "off": 11067,
    "sff": "locomotor"
  },
  {
    "docID": "N182 Moon 2006",
    "et": "LocomotorTest",
    "off": 21135,
    "sff": "locomotor"
  },
  {
    "docID": "N182 Moon 2006",
    "et": "BloodBrainBarrierTest",
    "off": 44173,
    "sff": "brain"
  },
  {
    "docID": "N182 Moon 2006",
    "et": "BloodBrainBarrierTest",
    "off": 11766,
    "sff": "brain"
  },
  {
    "docID": "N182 Moon 2006",
    "et": "BloodBrainBarrierTest",
    "off": 22033,
    "sff": "Blood"
  },
  {
    "docID": "N182 Moon 2006",
    "et": "BloodBrainBarrierTest",
    "off": 31393,
    "sff": "blood"
  },
  {
    "docID": "N182 Moon 2006",
    "et": "BloodBrainBarrierTest",
    "off": 45167,
    "sff": "brain"
  },
  {
    "docID": "N182 Moon 2006",
    "et": "VertebralArea",
    "off": 8101,
    "sff": "vertebral"
  },
  {
    "docID": "N182 Moon 2006",
    "et": "HindpawSensationTest",
    "off": 12846,
    "sff": "hindpaw"
  },
  {
    "docID": "N182 Moon 2006",
    "et": "Caudal",
    "off": 22731,
    "sff": "caudal"
  },
  {
    "docID": "N182 Moon 2006",
    "et": "Caudal",
    "off": 43326,
    "sff": "caudal"
  },
  {
    "docID": "N182 Moon 2006",
    "et": "Caudal",
    "off": 41264,
    "sff": "caudal"
  },
  {
    "docID": "N182 Moon 2006",
    "et": "Caudal",
    "off": 23380,
    "sff": "caudal"
  },
  {
    "docID": "N182 Moon 2006",
    "et": "Caudal",
    "off": 41845,
    "sff": "caudal"
  },
  {
    "docID": "N182 Moon 2006",
    "et": "Caudal",
    "off": 23043,
    "sff": "caudal"
  },
  {
    "docID": "N182 Moon 2006",
    "et": "VertebralSegment",
    "off": 8101,
    "sff": "vertebral"
  },
  {
    "docID": "N182 Moon 2006",
    "et": "BladderFunctionParameter",
    "off": 46335,
    "sff": "function"
  },
  {
    "docID": "N182 Moon 2006",
    "et": "BladderFunctionParameter",
    "off": 28992,
    "sff": "function"
  },
  {
    "docID": "N182 Moon 2006",
    "et": "BladderFunctionParameter",
    "off": 36867,
    "sff": "function"
  },
  {
    "docID": "N182 Moon 2006",
    "et": "BladderFunctionParameter",
    "off": 34190,
    "sff": "function"
  },
  {
    "docID": "N182 Moon 2006",
    "et": "BladderFunctionParameter",
    "off": 11727,
    "sff": "function"
  },
  {
    "docID": "N182 Moon 2006",
    "et": "BladderFunctionParameter",
    "off": 43279,
    "sff": "function"
  },
  {
    "docID": "N182 Moon 2006",
    "et": "BladderFunctionParameter",
    "off": 45264,
    "sff": "function"
  },
  {
    "docID": "N182 Moon 2006",
    "et": "BladderFunctionParameter",
    "off": 43411,
    "sff": "function"
  },
  {
    "docID": "N182 Moon 2006",
    "et": "BladderFunctionParameter",
    "off": 35845,
    "sff": "function"
  },
  {
    "docID": "N182 Moon 2006",
    "et": "BladderFunctionParameter",
    "off": 45894,
    "sff": "function"
  },
  {
    "docID": "N182 Moon 2006",
    "et": "BladderFunctionParameter",
    "off": 44295,
    "sff": "function"
  },
  {
    "docID": "N182 Moon 2006",
    "et": "BladderFunctionParameter",
    "off": 29898,
    "sff": "function"
  },
  {
    "docID": "N182 Moon 2006",
    "et": "BladderFunctionParameter",
    "off": 43723,
    "sff": "function"
  },
  {
    "docID": "N182 Moon 2006",
    "et": "BladderFunctionParameter",
    "off": 28895,
    "sff": "function"
  },
  {
    "docID": "N182 Moon 2006",
    "et": "BladderFunctionParameter",
    "off": 2657,
    "sff": "function"
  },
  {
    "docID": "N182 Moon 2006",
    "et": "BladderFunctionParameter",
    "off": 45793,
    "sff": "function"
  },
  {
    "docID": "N182 Moon 2006",
    "et": "BladderFunctionParameter",
    "off": 1685,
    "sff": "function"
  },
  {
    "docID": "N182 Moon 2006",
    "et": "BladderFunctionParameter",
    "off": 44760,
    "sff": "function"
  },
  {
    "docID": "N182 Moon 2006",
    "et": "BladderFunctionParameter",
    "off": 12204,
    "sff": "function"
  },
  {
    "docID": "N182 Moon 2006",
    "et": "BladderFunctionParameter",
    "off": 29808,
    "sff": "function"
  },
  {
    "docID": "N182 Moon 2006",
    "et": "BladderFunctionParameter",
    "off": 37284,
    "sff": "function"
  },
  {
    "docID": "N182 Moon 2006",
    "et": "BladderFunctionParameter",
    "off": 2598,
    "sff": "function"
  },
  {
    "docID": "N182 Moon 2006",
    "et": "BladderFunctionParameter",
    "off": 40872,
    "sff": "function"
  },
  {
    "docID": "N182 Moon 2006",
    "et": "BladderFunctionParameter",
    "off": 2281,
    "sff": "function"
  },
  {
    "docID": "N182 Moon 2006",
    "et": "BladderFunctionParameter",
    "off": 21227,
    "sff": "function"
  },
  {
    "docID": "N182 Moon 2006",
    "et": "MortalityObservation",
    "off": 20449,
    "sff": "mortality"
  },
  {
    "docID": "N182 Moon 2006",
    "et": "MortalityObservation",
    "off": 23919,
    "sff": "Mortality"
  },
  {
    "docID": "N182 Moon 2006",
    "et": "MortalityObservation",
    "off": 20316,
    "sff": "mortality"
  },
  {
    "docID": "N182 Moon 2006",
    "et": "L3",
    "off": 42125,
    "sff": "L3"
  },
  {
    "docID": "N182 Moon 2006",
    "et": "L3",
    "off": 41977,
    "sff": "L3"
  },
  {
    "docID": "N182 Moon 2006",
    "et": "RelativePawPlacement",
    "off": 36586,
    "sff": "relative"
  },
  {
    "docID": "N182 Moon 2006",
    "et": "RelativePawPlacement",
    "off": 35130,
    "sff": "paw"
  },
  {
    "docID": "N182 Moon 2006",
    "et": "RelativePawPlacement",
    "off": 37477,
    "sff": "Relative"
  },
  {
    "docID": "N182 Moon 2006",
    "et": "RelativePawPlacement",
    "off": 30709,
    "sff": "relative"
  },
  {
    "docID": "N182 Moon 2006",
    "et": "RelativePawPlacement",
    "off": 37023,
    "sff": "relative"
  },
  {
    "docID": "N182 Moon 2006",
    "et": "GaitTest",
    "off": 44205,
    "sff": "gait"
  },
  {
    "docID": "N182 Moon 2006",
    "et": "GaitAnalysisParameter",
    "off": 19836,
    "sff": "analysis"
  },
  {
    "docID": "N182 Moon 2006",
    "et": "GaitAnalysisParameter",
    "off": 14191,
    "sff": "analysis"
  },
  {
    "docID": "N182 Moon 2006",
    "et": "GaitAnalysisParameter",
    "off": 44205,
    "sff": "gait"
  },
  {
    "docID": "N182 Moon 2006",
    "et": "GaitAnalysisParameter",
    "off": 19466,
    "sff": "analysis"
  },
  {
    "docID": "N182 Moon 2006",
    "et": "T10",
    "off": 42219,
    "sff": "T10"
  },
  {
    "docID": "N182 Moon 2006",
    "et": "T10",
    "off": 8125,
    "sff": "T10"
  },
  {
    "docID": "N182 Moon 2006",
    "et": "T10",
    "off": 8303,
    "sff": "T10"
  },
  {
    "docID": "N182 Moon 2006",
    "et": "T10",
    "off": 9155,
    "sff": "T10"
  },
  {
    "docID": "N182 Moon 2006",
    "et": "T10",
    "off": 8469,
    "sff": "T10"
  },
  {
    "docID": "N182 Moon 2006",
    "et": "DescendingFiberTract",
    "off": 23287,
    "sff": "Descending"
  },
  {
    "docID": "N182 Moon 2006",
    "et": "DescendingFiberTract",
    "off": 40988,
    "sff": "descending"
  },
  {
    "docID": "N182 Moon 2006",
    "et": "DescendingFiberTract",
    "off": 6962,
    "sff": "fiber"
  },
  {
    "docID": "N182 Moon 2006",
    "et": "DescendingFiberTract",
    "off": 42445,
    "sff": "fiber"
  },
  {
    "docID": "N182 Moon 2006",
    "et": "DescendingFiberTract",
    "off": 43161,
    "sff": "fiber"
  },
  {
    "docID": "N182 Moon 2006",
    "et": "DescendingFiberTract",
    "off": 43137,
    "sff": "descending"
  },
  {
    "docID": "N182 Moon 2006",
    "et": "Lumbar",
    "off": 37236,
    "sff": "lumbar"
  },
  {
    "docID": "N182 Moon 2006",
    "et": "Lumbar",
    "off": 40786,
    "sff": "lumbar"
  },
  {
    "docID": "N182 Moon 2006",
    "et": "Lumbar",
    "off": 22363,
    "sff": "lumbar"
  },
  {
    "docID": "N182 Moon 2006",
    "et": "Lumbar",
    "off": 42871,
    "sff": "lumbar"
  },
  {
    "docID": "N182 Moon 2006",
    "et": "Thoracic",
    "off": 8012,
    "sff": "thoracic"
  },
  {
    "docID": "N182 Moon 2006",
    "et": "Thoracic",
    "off": 39069,
    "sff": "thoracic"
  },
  {
    "docID": "N182 Moon 2006",
    "et": "Thoracic",
    "off": 39847,
    "sff": "thoracic"
  },
  {
    "docID": "N182 Moon 2006",
    "et": "Thoracic",
    "off": 38281,
    "sff": "thoracic"
  },
  {
    "docID": "N182 Moon 2006",
    "et": "Thoracic",
    "off": 40329,
    "sff": "thoracic"
  },
  {
    "docID": "N182 Moon 2006",
    "et": "Thoracic",
    "off": 3270,
    "sff": "thoracic"
  },
  {
    "docID": "N182 Moon 2006",
    "et": "Thoracic",
    "off": 3717,
    "sff": "thoracic"
  },
  {
    "docID": "N182 Moon 2006",
    "et": "Thoracic",
    "off": 20736,
    "sff": "thoracic"
  },
  {
    "docID": "N182 Moon 2006",
    "et": "Thoracic",
    "off": 8080,
    "sff": "Thoracic"
  },
  {
    "docID": "N182 Moon 2006",
    "et": "VertebralLocation",
    "off": 8101,
    "sff": "vertebral"
  },
  {
    "docID": "N182 Moon 2006",
    "et": "AutomatedGaitAnalysis",
    "off": 44205,
    "sff": "gait"
  },
  {
    "docID": "N182 Moon 2006",
    "et": "StanceLength",
    "off": 35157,
    "sff": "stance"
  },
  {
    "docID": "N182 Moon 2006",
    "et": "SerotonergicFibers",
    "off": 33608,
    "sff": "serotonergic"
  },
  {
    "docID": "N182 Moon 2006",
    "et": "SerotonergicFibers",
    "off": 41096,
    "sff": "serotonergic"
  },
  {
    "docID": "N182 Moon 2006",
    "et": "SerotonergicFibers",
    "off": 23006,
    "sff": "Serotonergic"
  },
  {
    "docID": "N182 Moon 2006",
    "et": "SerotonergicFibers",
    "off": 33217,
    "sff": "Serotonergic"
  },
  {
    "docID": "N182 Moon 2006",
    "et": "SerotonergicFibers",
    "off": 40999,
    "sff": "serotonergic"
  },
  {
    "docID": "N182 Moon 2006",
    "et": "SerotonergicFibers",
    "off": 32610,
    "sff": "Serotonergic"
  },
  {
    "docID": "N182 Moon 2006",
    "et": "SerotonergicFibers",
    "off": 32994,
    "sff": "Serotonergic"
  },
  {
    "docID": "N182 Moon 2006",
    "et": "SerotonergicFibers",
    "off": 32906,
    "sff": "serotonergic"
  },
  {
    "docID": "N182 Moon 2006",
    "et": "SerotonergicFibers",
    "off": 41631,
    "sff": "Serotonergic fibers"
  },
  {
    "docID": "N182 Moon 2006",
    "et": "SerotonergicFibers",
    "off": 2112,
    "sff": "serotonergic"
  },
  {
    "docID": "N182 Moon 2006",
    "et": "SerotonergicFibers",
    "off": 33153,
    "sff": "serotonergic"
  },
  {
    "docID": "N182 Moon 2006",
    "et": "SerotonergicFibers",
    "off": 40763,
    "sff": "serotonergic fibers"
  },
  {
    "docID": "N182 Moon 2006",
    "et": "SerotonergicFibers",
    "off": 23594,
    "sff": "Serotonergic"
  },
  {
    "docID": "N182 Moon 2006",
    "et": "SerotonergicFibers",
    "off": 23298,
    "sff": "serotonergic"
  },
  {
    "docID": "N182 Moon 2006",
    "et": "SerotonergicFibers",
    "off": 1423,
    "sff": "Serotonergic"
  },
  {
    "docID": "N182 Moon 2006",
    "et": "SerotonergicFibers",
    "off": 23832,
    "sff": "serotonergic"
  },
  {
    "docID": "N182 Moon 2006",
    "et": "SerotonergicFibers",
    "off": 32629,
    "sff": "Serotonergic"
  },
  {
    "docID": "N182 Moon 2006",
    "et": "SerotonergicFibers",
    "off": 42288,
    "sff": "serotonergic fibers"
  },
  {
    "docID": "N182 Moon 2006",
    "et": "AxonalSproutingTest",
    "off": 3452,
    "sff": "axonal"
  },
  {
    "docID": "N182 Moon 2006",
    "et": "BloodCirculationExamination",
    "off": 22033,
    "sff": "Blood"
  },
  {
    "docID": "N182 Moon 2006",
    "et": "BloodCirculationExamination",
    "off": 31393,
    "sff": "blood"
  },
  {
    "docID": "N182 Moon 2006",
    "et": "NeuronalCellLossTest",
    "off": 42106,
    "sff": "cell"
  },
  {
    "docID": "N182 Moon 2006",
    "et": "NeuronalCellLossTest",
    "off": 45948,
    "sff": "cell"
  },
  {
    "docID": "N182 Moon 2006",
    "et": "NeuronalCellLossTest",
    "off": 910,
    "sff": "cell"
  },
  {
    "docID": "N182 Moon 2006",
    "et": "NeuronalCellLossTest",
    "off": 4142,
    "sff": "cell"
  },
  {
    "docID": "N182 Moon 2006",
    "et": "NeuronalCellLossTest",
    "off": 44948,
    "sff": "cell"
  },
  {
    "docID": "N182 Moon 2006",
    "et": "NeuronalCellLossTest",
    "off": 31942,
    "sff": "cell"
  },
  {
    "docID": "N182 Moon 2006",
    "et": "NeuronalCellLossTest",
    "off": 498,
    "sff": "Cell"
  },
  {
    "docID": "N182 Moon 2006",
    "et": "VascularFunctionParameter",
    "off": 2281,
    "sff": "function"
  },
  {
    "docID": "N182 Moon 2006",
    "et": "VascularFunctionParameter",
    "off": 21227,
    "sff": "function"
  },
  {
    "docID": "N182 Moon 2006",
    "et": "VascularFunctionParameter",
    "off": 12204,
    "sff": "function"
  },
  {
    "docID": "N182 Moon 2006",
    "et": "VascularFunctionParameter",
    "off": 2598,
    "sff": "function"
  },
  {
    "docID": "N182 Moon 2006",
    "et": "VascularFunctionParameter",
    "off": 40872,
    "sff": "function"
  },
  {
    "docID": "N182 Moon 2006",
    "et": "VascularFunctionParameter",
    "off": 29808,
    "sff": "function"
  },
  {
    "docID": "N182 Moon 2006",
    "et": "VascularFunctionParameter",
    "off": 1685,
    "sff": "function"
  },
  {
    "docID": "N182 Moon 2006",
    "et": "VascularFunctionParameter",
    "off": 44760,
    "sff": "function"
  },
  {
    "docID": "N182 Moon 2006",
    "et": "VascularFunctionParameter",
    "off": 2657,
    "sff": "function"
  },
  {
    "docID": "N182 Moon 2006",
    "et": "VascularFunctionParameter",
    "off": 45793,
    "sff": "function"
  },
  {
    "docID": "N182 Moon 2006",
    "et": "VascularFunctionParameter",
    "off": 37284,
    "sff": "function"
  },
  {
    "docID": "N182 Moon 2006",
    "et": "VascularFunctionParameter",
    "off": 28895,
    "sff": "function"
  },
  {
    "docID": "N182 Moon 2006",
    "et": "VascularFunctionParameter",
    "off": 29898,
    "sff": "function"
  },
  {
    "docID": "N182 Moon 2006",
    "et": "VascularFunctionParameter",
    "off": 43723,
    "sff": "function"
  },
  {
    "docID": "N182 Moon 2006",
    "et": "VascularFunctionParameter",
    "off": 35845,
    "sff": "function"
  },
  {
    "docID": "N182 Moon 2006",
    "et": "VascularFunctionParameter",
    "off": 45894,
    "sff": "function"
  },
  {
    "docID": "N182 Moon 2006",
    "et": "VascularFunctionParameter",
    "off": 44295,
    "sff": "function"
  },
  {
    "docID": "N182 Moon 2006",
    "et": "VascularFunctionParameter",
    "off": 43411,
    "sff": "function"
  },
  {
    "docID": "N182 Moon 2006",
    "et": "VascularFunctionParameter",
    "off": 34190,
    "sff": "function"
  },
  {
    "docID": "N182 Moon 2006",
    "et": "VascularFunctionParameter",
    "off": 11727,
    "sff": "function"
  },
  {
    "docID": "N182 Moon 2006",
    "et": "VascularFunctionParameter",
    "off": 43279,
    "sff": "function"
  },
  {
    "docID": "N182 Moon 2006",
    "et": "VascularFunctionParameter",
    "off": 45264,
    "sff": "function"
  },
  {
    "docID": "N182 Moon 2006",
    "et": "VascularFunctionParameter",
    "off": 36867,
    "sff": "function"
  },
  {
    "docID": "N182 Moon 2006",
    "et": "VascularFunctionParameter",
    "off": 46335,
    "sff": "function"
  },
  {
    "docID": "N182 Moon 2006",
    "et": "VascularFunctionParameter",
    "off": 28992,
    "sff": "function"
  },
  {
    "docID": "N182 Moon 2006",
    "et": "ObservationOfAnimalBehaviour",
    "off": 5111,
    "sff": "Animal"
  },
  {
    "docID": "N182 Moon 2006",
    "et": "ObservationOfAnimalBehaviour",
    "off": 2815,
    "sff": "animal"
  },
  {
    "docID": "N182 Moon 2006",
    "et": "MotorTest",
    "off": 4281,
    "sff": "motor"
  },
  {
    "docID": "N182 Moon 2006",
    "et": "MotorTest",
    "off": 33820,
    "sff": "motor"
  },
  {
    "docID": "N182 Moon 2006",
    "et": "MotorTest",
    "off": 989,
    "sff": "motor"
  },
  {
    "docID": "N182 Moon 2006",
    "et": "MotorTest",
    "off": 4349,
    "sff": "motor"
  },
  {
    "docID": "N182 Moon 2006",
    "et": "MotorTest",
    "off": 24603,
    "sff": "Motor"
  },
  {
    "docID": "N182 Moon 2006",
    "et": "MotorTest",
    "off": 45012,
    "sff": "motor"
  },
  {
    "docID": "N182 Moon 2006",
    "et": "MotorTest",
    "off": 45105,
    "sff": "motor"
  },
  {
    "docID": "N182 Moon 2006",
    "et": "MotorTest",
    "off": 21298,
    "sff": "motor"
  },
  {
    "docID": "N182 Moon 2006",
    "et": "MotorTest",
    "off": 40190,
    "sff": "Motor"
  },
  {
    "docID": "N182 Moon 2006",
    "et": "MotorTest",
    "off": 46038,
    "sff": "motor"
  },
  {
    "docID": "N182 Moon 2006",
    "et": "MotorTest",
    "off": 43594,
    "sff": "motor"
  },
  {
    "docID": "N182 Moon 2006",
    "et": "MotorTest",
    "off": 4429,
    "sff": "motor"
  },
  {
    "docID": "N182 Moon 2006",
    "et": "MotorTest",
    "off": 21091,
    "sff": "motor"
  },
  {
    "docID": "N182 Moon 2006",
    "et": "MotorTest",
    "off": 938,
    "sff": "Motor"
  },
  {
    "docID": "N182 Moon 2006",
    "et": "MotorTest",
    "off": 4168,
    "sff": "motor"
  },
  {
    "docID": "N182 Moon 2006",
    "et": "SpinalDorsalHalf",
    "off": 3279,
    "sff": "spinal"
  },
  {
    "docID": "N182 Moon 2006",
    "et": "SpinalDorsalHalf",
    "off": 32338,
    "sff": "dorsal"
  },
  {
    "docID": "N182 Moon 2006",
    "et": "SpinalDorsalHalf",
    "off": 3726,
    "sff": "spinal"
  },
  {
    "docID": "N182 Moon 2006",
    "et": "SpinalDorsalHalf",
    "off": 32664,
    "sff": "spinal"
  },
  {
    "docID": "N182 Moon 2006",
    "et": "SpinalDorsalHalf",
    "off": 35226,
    "sff": "dorsal"
  },
  {
    "docID": "N182 Moon 2006",
    "et": "SpinalDorsalHalf",
    "off": 1372,
    "sff": "dorsal"
  },
  {
    "docID": "N182 Moon 2006",
    "et": "SpinalDorsalHalf",
    "off": 26512,
    "sff": "spinal"
  },
  {
    "docID": "N182 Moon 2006",
    "et": "SpinalDorsalHalf",
    "off": 20770,
    "sff": "spinal"
  },
  {
    "docID": "N182 Moon 2006",
    "et": "SpinalDorsalHalf",
    "off": 46179,
    "sff": "spinal"
  },
  {
    "docID": "N182 Moon 2006",
    "et": "SpinalDorsalHalf",
    "off": 8089,
    "sff": "spinal"
  },
  {
    "docID": "N182 Moon 2006",
    "et": "SpinalDorsalHalf",
    "off": 40793,
    "sff": "spinal"
  },
  {
    "docID": "N182 Moon 2006",
    "et": "SpinalDorsalHalf",
    "off": 45913,
    "sff": "spinal"
  },
  {
    "docID": "N182 Moon 2006",
    "et": "SpinalDorsalHalf",
    "off": 38106,
    "sff": "spinal"
  },
  {
    "docID": "N182 Moon 2006",
    "et": "SpinalDorsalHalf",
    "off": 8731,
    "sff": "spinal"
  },
  {
    "docID": "N182 Moon 2006",
    "et": "SpinalDorsalHalf",
    "off": 42311,
    "sff": "dorsal"
  },
  {
    "docID": "N182 Moon 2006",
    "et": "SpinalDorsalHalf",
    "off": 15074,
    "sff": "Spinal"
  },
  {
    "docID": "N182 Moon 2006",
    "et": "SpinalDorsalHalf",
    "off": 803,
    "sff": "spinal"
  },
  {
    "docID": "N182 Moon 2006",
    "et": "SpinalDorsalHalf",
    "off": 37086,
    "sff": "spinal"
  },
  {
    "docID": "N182 Moon 2006",
    "et": "SpinalDorsalHalf",
    "off": 32928,
    "sff": "spinal"
  },
  {
    "docID": "N182 Moon 2006",
    "et": "SpinalDorsalHalf",
    "off": 43314,
    "sff": "spinal"
  },
  {
    "docID": "N182 Moon 2006",
    "et": "SpinalDorsalHalf",
    "off": 8307,
    "sff": "spinal"
  },
  {
    "docID": "N182 Moon 2006",
    "et": "SpinalDorsalHalf",
    "off": 45176,
    "sff": "spinal"
  },
  {
    "docID": "N182 Moon 2006",
    "et": "SpinalDorsalHalf",
    "off": 19625,
    "sff": "spinal"
  },
  {
    "docID": "N182 Moon 2006",
    "et": "SpinalDorsalHalf",
    "off": 41833,
    "sff": "spinal"
  },
  {
    "docID": "N182 Moon 2006",
    "et": "SpinalDorsalHalf",
    "off": 2743,
    "sff": "spinal"
  },
  {
    "docID": "N182 Moon 2006",
    "et": "SpinalDorsalHalf",
    "off": 2676,
    "sff": "spinal"
  },
  {
    "docID": "N182 Moon 2006",
    "et": "SpinalDorsalHalf",
    "off": 27821,
    "sff": "spinal"
  },
  {
    "docID": "N182 Moon 2006",
    "et": "SpinalDorsalHalf",
    "off": 31917,
    "sff": "spinal"
  },
  {
    "docID": "N182 Moon 2006",
    "et": "SpinalDorsalHalf",
    "off": 39856,
    "sff": "spinal"
  },
  {
    "docID": "N182 Moon 2006",
    "et": "SpinalDorsalHalf",
    "off": 15298,
    "sff": "spinal"
  },
  {
    "docID": "N182 Moon 2006",
    "et": "SpinalDorsalHalf",
    "off": 36995,
    "sff": "spinal"
  },
  {
    "docID": "N182 Moon 2006",
    "et": "SpinalDorsalHalf",
    "off": 61,
    "sff": "spinal"
  },
  {
    "docID": "N182 Moon 2006",
    "et": "SpinalDorsalHalf",
    "off": 9159,
    "sff": "spinal"
  },
  {
    "docID": "N182 Moon 2006",
    "et": "SpinalDorsalHalf",
    "off": 33466,
    "sff": "spinal"
  },
  {
    "docID": "N182 Moon 2006",
    "et": "SpinalDorsalHalf",
    "off": 19515,
    "sff": "spinal"
  },
  {
    "docID": "N182 Moon 2006",
    "et": "SpinalDorsalHalf",
    "off": 37243,
    "sff": "spinal"
  },
  {
    "docID": "N182 Moon 2006",
    "et": "SpinalDorsalHalf",
    "off": 42878,
    "sff": "spinal"
  },
  {
    "docID": "N182 Moon 2006",
    "et": "SpinalDorsalHalf",
    "off": 8171,
    "sff": "dorsal"
  },
  {
    "docID": "N182 Moon 2006",
    "et": "Lateral",
    "off": 9230,
    "sff": "lateral"
  },
  {
    "docID": "N182 Moon 2006",
    "et": "Lateral",
    "off": 27879,
    "sff": "lateral"
  },
  {
    "docID": "N182 Moon 2006",
    "et": "InclinedPlaneTest",
    "off": 40164,
    "sff": "inclined plane"
  },
  {
    "docID": "N182 Moon 2006",
    "et": "LimbMuscleStrengthTest",
    "off": 9587,
    "sff": "Muscle"
  },
  {
    "docID": "N182 Moon 2006",
    "et": "MeanArterialPressure",
    "off": 34451,
    "sff": "mean"
  },
  {
    "docID": "N182 Moon 2006",
    "et": "MeanArterialPressure",
    "off": 27511,
    "sff": "mean"
  },
  {
    "docID": "N182 Moon 2006",
    "et": "MeanArterialPressure",
    "off": 26580,
    "sff": "mean"
  },
  {
    "docID": "N182 Moon 2006",
    "et": "MeanArterialPressure",
    "off": 34708,
    "sff": "mean"
  },
  {
    "docID": "N182 Moon 2006",
    "et": "MeanArterialPressure",
    "off": 38132,
    "sff": "mean"
  },
  {
    "docID": "N182 Moon 2006",
    "et": "MeanArterialPressure",
    "off": 38510,
    "sff": "mean"
  },
  {
    "docID": "N182 Moon 2006",
    "et": "MeanArterialPressure",
    "off": 38702,
    "sff": "mean"
  },
  {
    "docID": "N182 Moon 2006",
    "et": "MeanArterialPressure",
    "off": 27949,
    "sff": "mean"
  },
  {
    "docID": "N182 Moon 2006",
    "et": "MeanArterialPressure",
    "off": 19779,
    "sff": "mean"
  },
  {
    "docID": "N182 Moon 2006",
    "et": "MeanArterialPressure",
    "off": 26819,
    "sff": "mean"
  },
  {
    "docID": "N182 Moon 2006",
    "et": "MeanArterialPressure",
    "off": 29315,
    "sff": "mean"
  },
  {
    "docID": "N182 Moon 2006",
    "et": "MeanArterialPressure",
    "off": 34625,
    "sff": "mean"
  },
  {
    "docID": "N182 Moon 2006",
    "et": "MeanArterialPressure",
    "off": 27428,
    "sff": "mean"
  },
  {
    "docID": "N182 Moon 2006",
    "et": "MeanArterialPressure",
    "off": 38404,
    "sff": "mean"
  },
  {
    "docID": "N182 Moon 2006",
    "et": "MeanArterialPressure",
    "off": 34299,
    "sff": "mean"
  },
  {
    "docID": "N182 Moon 2006",
    "et": "MeanArterialPressure",
    "off": 38936,
    "sff": "mean"
  },
  {
    "docID": "N182 Moon 2006",
    "et": "MeanArterialPressure",
    "off": 29689,
    "sff": "mean"
  },
  {
    "docID": "N182 Moon 2006",
    "et": "MeanArterialPressure",
    "off": 21375,
    "sff": "mean"
  },
  {
    "docID": "N182 Moon 2006",
    "et": "MeanArterialPressure",
    "off": 26879,
    "sff": "mean"
  },
  {
    "docID": "N182 Moon 2006",
    "et": "MeanArterialPressure",
    "off": 28764,
    "sff": "mean"
  },
  {
    "docID": "N182 Moon 2006",
    "et": "SpinalCordEvokedPotentialsTest",
    "off": 15298,
    "sff": "spinal cord"
  },
  {
    "docID": "N182 Moon 2006",
    "et": "SpinalCordEvokedPotentialsTest",
    "off": 9398,
    "sff": "cord"
  },
  {
    "docID": "N182 Moon 2006",
    "et": "SpinalCordEvokedPotentialsTest",
    "off": 61,
    "sff": "spinal cord"
  },
  {
    "docID": "N182 Moon 2006",
    "et": "SpinalCordEvokedPotentialsTest",
    "off": 15074,
    "sff": "Spinal"
  },
  {
    "docID": "N182 Moon 2006",
    "et": "SpinalCordEvokedPotentialsTest",
    "off": 8825,
    "sff": "cord"
  },
  {
    "docID": "N182 Moon 2006",
    "et": "SpinalCordEvokedPotentialsTest",
    "off": 20770,
    "sff": "spinal"
  },
  {
    "docID": "N182 Moon 2006",
    "et": "SpinalCordEvokedPotentialsTest",
    "off": 42878,
    "sff": "spinal cord"
  },
  {
    "docID": "N182 Moon 2006",
    "et": "SpinalCordEvokedPotentialsTest",
    "off": 9159,
    "sff": "spinal cord"
  },
  {
    "docID": "N182 Moon 2006",
    "et": "SpinalCordEvokedPotentialsTest",
    "off": 36995,
    "sff": "spinal cord"
  },
  {
    "docID": "N182 Moon 2006",
    "et": "SpinalCordEvokedPotentialsTest",
    "off": 8307,
    "sff": "spinal cord"
  },
  {
    "docID": "N182 Moon 2006",
    "et": "SpinalCordEvokedPotentialsTest",
    "off": 8731,
    "sff": "spinal"
  },
  {
    "docID": "N182 Moon 2006",
    "et": "SpinalCordEvokedPotentialsTest",
    "off": 38106,
    "sff": "spinal"
  },
  {
    "docID": "N182 Moon 2006",
    "et": "SpinalCordEvokedPotentialsTest",
    "off": 40793,
    "sff": "spinal"
  },
  {
    "docID": "N182 Moon 2006",
    "et": "SpinalCordEvokedPotentialsTest",
    "off": 45176,
    "sff": "spinal cord"
  },
  {
    "docID": "N182 Moon 2006",
    "et": "SpinalCordEvokedPotentialsTest",
    "off": 45913,
    "sff": "spinal"
  },
  {
    "docID": "N182 Moon 2006",
    "et": "SpinalCordEvokedPotentialsTest",
    "off": 27821,
    "sff": "spinal cord"
  },
  {
    "docID": "N182 Moon 2006",
    "et": "SpinalCordEvokedPotentialsTest",
    "off": 31917,
    "sff": "spinal cord"
  },
  {
    "docID": "N182 Moon 2006",
    "et": "SpinalCordEvokedPotentialsTest",
    "off": 37243,
    "sff": "spinal cord"
  },
  {
    "docID": "N182 Moon 2006",
    "et": "SpinalCordEvokedPotentialsTest",
    "off": 19515,
    "sff": "spinal cord"
  },
  {
    "docID": "N182 Moon 2006",
    "et": "SpinalCordEvokedPotentialsTest",
    "off": 42600,
    "sff": "cord"
  },
  {
    "docID": "N182 Moon 2006",
    "et": "SpinalCordEvokedPotentialsTest",
    "off": 26512,
    "sff": "spinal"
  },
  {
    "docID": "N182 Moon 2006",
    "et": "SpinalCordEvokedPotentialsTest",
    "off": 2743,
    "sff": "spinal cord"
  },
  {
    "docID": "N182 Moon 2006",
    "et": "SpinalCordEvokedPotentialsTest",
    "off": 39856,
    "sff": "spinal cord"
  },
  {
    "docID": "N182 Moon 2006",
    "et": "SpinalCordEvokedPotentialsTest",
    "off": 8366,
    "sff": "cord"
  },
  {
    "docID": "N182 Moon 2006",
    "et": "SpinalCordEvokedPotentialsTest",
    "off": 43314,
    "sff": "spinal cord"
  },
  {
    "docID": "N182 Moon 2006",
    "et": "SpinalCordEvokedPotentialsTest",
    "off": 2676,
    "sff": "spinal cord"
  },
  {
    "docID": "N182 Moon 2006",
    "et": "SpinalCordEvokedPotentialsTest",
    "off": 803,
    "sff": "spinal cord"
  },
  {
    "docID": "N182 Moon 2006",
    "et": "SpinalCordEvokedPotentialsTest",
    "off": 32928,
    "sff": "spinal cord"
  },
  {
    "docID": "N182 Moon 2006",
    "et": "SpinalCordEvokedPotentialsTest",
    "off": 41833,
    "sff": "spinal cord"
  },
  {
    "docID": "N182 Moon 2006",
    "et": "SpinalCordEvokedPotentialsTest",
    "off": 19625,
    "sff": "spinal cord"
  },
  {
    "docID": "N182 Moon 2006",
    "et": "SpinalCordEvokedPotentialsTest",
    "off": 37086,
    "sff": "spinal cord"
  },
  {
    "docID": "N182 Moon 2006",
    "et": "SpinalCordEvokedPotentialsTest",
    "off": 46179,
    "sff": "spinal cord"
  },
  {
    "docID": "N182 Moon 2006",
    "et": "SpinalCordEvokedPotentialsTest",
    "off": 33466,
    "sff": "spinal"
  },
  {
    "docID": "N182 Moon 2006",
    "et": "SpinalCordEvokedPotentialsTest",
    "off": 3279,
    "sff": "spinal cord"
  },
  {
    "docID": "N182 Moon 2006",
    "et": "SpinalCordEvokedPotentialsTest",
    "off": 22726,
    "sff": "cord"
  },
  {
    "docID": "N182 Moon 2006",
    "et": "SpinalCordEvokedPotentialsTest",
    "off": 3726,
    "sff": "spinal cord"
  },
  {
    "docID": "N182 Moon 2006",
    "et": "SpinalCordEvokedPotentialsTest",
    "off": 8089,
    "sff": "spinal cord"
  },
  {
    "docID": "N182 Moon 2006",
    "et": "SpinalCordEvokedPotentialsTest",
    "off": 32664,
    "sff": "spinal cord"
  }
]
