[
  {
    "docID": "N195 Resnick 2003",
    "et": "BBBTest",
    "off": 962,
    "sff": "BBB"
  },
  {
    "docID": "N195 Resnick 2003",
    "et": "BBBTest",
    "off": 14164,
    "sff": "BBB"
  },
  {
    "docID": "N195 Resnick 2003",
    "et": "BBBTest",
    "off": 14245,
    "sff": "BBB"
  },
  {
    "docID": "N195 Resnick 2003",
    "et": "BBBTest",
    "off": 17895,
    "sff": "BBB"
  },
  {
    "docID": "N195 Resnick 2003",
    "et": "BBBTest",
    "off": 15452,
    "sff": "BBB"
  },
  {
    "docID": "N195 Resnick 2003",
    "et": "BBBTest",
    "off": 18892,
    "sff": "BBB"
  },
  {
    "docID": "N195 Resnick 2003",
    "et": "BBBTest",
    "off": 4797,
    "sff": "BBB"
  },
  {
    "docID": "N195 Resnick 2003",
    "et": "WalkingAnalysisParameter",
    "off": 11250,
    "sff": "walking"
  },
  {
    "docID": "N195 Resnick 2003",
    "et": "WalkingAnalysisParameter",
    "off": 4997,
    "sff": "analysis"
  },
  {
    "docID": "N195 Resnick 2003",
    "et": "WalkingAnalysisParameter",
    "off": 5045,
    "sff": "analysis"
  },
  {
    "docID": "N195 Resnick 2003",
    "et": "SpinalSubduralArea",
    "off": 654,
    "sff": "spinal"
  },
  {
    "docID": "N195 Resnick 2003",
    "et": "SpinalSubduralArea",
    "off": 1415,
    "sff": "spinal"
  },
  {
    "docID": "N195 Resnick 2003",
    "et": "SpinalSubduralArea",
    "off": 9095,
    "sff": "spinal"
  },
  {
    "docID": "N195 Resnick 2003",
    "et": "SpinalSubduralArea",
    "off": 584,
    "sff": "spinal"
  },
  {
    "docID": "N195 Resnick 2003",
    "et": "SpinalSubduralArea",
    "off": 11209,
    "sff": "spinal"
  },
  {
    "docID": "N195 Resnick 2003",
    "et": "SpinalSubduralArea",
    "off": 3604,
    "sff": "spinal"
  },
  {
    "docID": "N195 Resnick 2003",
    "et": "SpinalSubduralArea",
    "off": 16212,
    "sff": "spinal"
  },
  {
    "docID": "N195 Resnick 2003",
    "et": "SpinalSubduralArea",
    "off": 16596,
    "sff": "spinal"
  },
  {
    "docID": "N195 Resnick 2003",
    "et": "SpinalSubduralArea",
    "off": 16660,
    "sff": "spinal"
  },
  {
    "docID": "N195 Resnick 2003",
    "et": "SpinalSubduralArea",
    "off": 9749,
    "sff": "spinal"
  },
  {
    "docID": "N195 Resnick 2003",
    "et": "SpinalSubduralArea",
    "off": 60,
    "sff": "Spinal"
  },
  {
    "docID": "N195 Resnick 2003",
    "et": "SpinalSubduralArea",
    "off": 272,
    "sff": "spinal"
  },
  {
    "docID": "N195 Resnick 2003",
    "et": "SpinalSubduralArea",
    "off": 13840,
    "sff": "spinal"
  },
  {
    "docID": "N195 Resnick 2003",
    "et": "SpinalSubduralArea",
    "off": 14993,
    "sff": "spinal"
  },
  {
    "docID": "N195 Resnick 2003",
    "et": "SpinalSubduralArea",
    "off": 15163,
    "sff": "spinal"
  },
  {
    "docID": "N195 Resnick 2003",
    "et": "SpinalSubduralArea",
    "off": 4029,
    "sff": "spinal"
  },
  {
    "docID": "N195 Resnick 2003",
    "et": "SpinalSubduralArea",
    "off": 16695,
    "sff": "spinal"
  },
  {
    "docID": "N195 Resnick 2003",
    "et": "SpinalSubduralArea",
    "off": 8385,
    "sff": "spinal"
  },
  {
    "docID": "N195 Resnick 2003",
    "et": "SpinalSubduralArea",
    "off": 1703,
    "sff": "spinal"
  },
  {
    "docID": "N195 Resnick 2003",
    "et": "SpinalSubduralArea",
    "off": 16552,
    "sff": "spinal"
  },
  {
    "docID": "N195 Resnick 2003",
    "et": "SpinalSubduralArea",
    "off": 17012,
    "sff": "spinal"
  },
  {
    "docID": "N195 Resnick 2003",
    "et": "SpinalSubduralArea",
    "off": 13942,
    "sff": "spinal"
  },
  {
    "docID": "N195 Resnick 2003",
    "et": "SpinalSubduralArea",
    "off": 1072,
    "sff": "spinal"
  },
  {
    "docID": "N195 Resnick 2003",
    "et": "SpinalSubduralArea",
    "off": 11633,
    "sff": "spinal"
  },
  {
    "docID": "N195 Resnick 2003",
    "et": "SpinalSubduralArea",
    "off": 8690,
    "sff": "spinal"
  },
  {
    "docID": "N195 Resnick 2003",
    "et": "SpinalSubduralArea",
    "off": 1820,
    "sff": "spinal"
  },
  {
    "docID": "N195 Resnick 2003",
    "et": "SpinalSubduralArea",
    "off": 4696,
    "sff": "spinal"
  },
  {
    "docID": "N195 Resnick 2003",
    "et": "SpinalSubduralArea",
    "off": 11672,
    "sff": "spinal"
  },
  {
    "docID": "N195 Resnick 2003",
    "et": "SpinalSubduralArea",
    "off": 16920,
    "sff": "spinal"
  },
  {
    "docID": "N195 Resnick 2003",
    "et": "SpinalSubduralArea",
    "off": 19545,
    "sff": "spinal"
  },
  {
    "docID": "N195 Resnick 2003",
    "et": "SpinalSubduralArea",
    "off": 2917,
    "sff": "spinal"
  },
  {
    "docID": "N195 Resnick 2003",
    "et": "SpinalSubduralArea",
    "off": 14438,
    "sff": "spinal"
  },
  {
    "docID": "N195 Resnick 2003",
    "et": "SpinalSubduralArea",
    "off": 10911,
    "sff": "spinal"
  },
  {
    "docID": "N195 Resnick 2003",
    "et": "SpinalSubduralArea",
    "off": 8928,
    "sff": "spinal"
  },
  {
    "docID": "N195 Resnick 2003",
    "et": "StainingArea",
    "off": 9025,
    "sff": "staining"
  },
  {
    "docID": "N195 Resnick 2003",
    "et": "StainingArea",
    "off": 7807,
    "sff": "staining"
  },
  {
    "docID": "N195 Resnick 2003",
    "et": "StainingArea",
    "off": 7903,
    "sff": "staining"
  },
  {
    "docID": "N195 Resnick 2003",
    "et": "StainingArea",
    "off": 8127,
    "sff": "staining"
  },
  {
    "docID": "N195 Resnick 2003",
    "et": "StainingArea",
    "off": 10340,
    "sff": "staining"
  },
  {
    "docID": "N195 Resnick 2003",
    "et": "StainingArea",
    "off": 7498,
    "sff": "staining"
  },
  {
    "docID": "N195 Resnick 2003",
    "et": "StainingArea",
    "off": 10217,
    "sff": "staining"
  },
  {
    "docID": "N195 Resnick 2003",
    "et": "StainingArea",
    "off": 8461,
    "sff": "staining"
  },
  {
    "docID": "N195 Resnick 2003",
    "et": "StainingArea",
    "off": 9068,
    "sff": "staining"
  },
  {
    "docID": "N195 Resnick 2003",
    "et": "StainingArea",
    "off": 8848,
    "sff": "staining"
  },
  {
    "docID": "N195 Resnick 2003",
    "et": "StainingArea",
    "off": 10269,
    "sff": "Staining"
  },
  {
    "docID": "N195 Resnick 2003",
    "et": "StainingArea",
    "off": 1146,
    "sff": "staining"
  },
  {
    "docID": "N195 Resnick 2003",
    "et": "StainingArea",
    "off": 8057,
    "sff": "staining"
  },
  {
    "docID": "N195 Resnick 2003",
    "et": "StainingArea",
    "off": 9207,
    "sff": "staining"
  },
  {
    "docID": "N195 Resnick 2003",
    "et": "CentralCanal",
    "off": 14909,
    "sff": "central"
  },
  {
    "docID": "N195 Resnick 2003",
    "et": "CentralCanal",
    "off": 2961,
    "sff": "central"
  },
  {
    "docID": "N195 Resnick 2003",
    "et": "SpinalFiberTract",
    "off": 17012,
    "sff": "spinal"
  },
  {
    "docID": "N195 Resnick 2003",
    "et": "SpinalFiberTract",
    "off": 8690,
    "sff": "spinal"
  },
  {
    "docID": "N195 Resnick 2003",
    "et": "SpinalFiberTract",
    "off": 1072,
    "sff": "spinal"
  },
  {
    "docID": "N195 Resnick 2003",
    "et": "SpinalFiberTract",
    "off": 11633,
    "sff": "spinal"
  },
  {
    "docID": "N195 Resnick 2003",
    "et": "SpinalFiberTract",
    "off": 16552,
    "sff": "spinal"
  },
  {
    "docID": "N195 Resnick 2003",
    "et": "SpinalFiberTract",
    "off": 1703,
    "sff": "spinal"
  },
  {
    "docID": "N195 Resnick 2003",
    "et": "SpinalFiberTract",
    "off": 14438,
    "sff": "spinal"
  },
  {
    "docID": "N195 Resnick 2003",
    "et": "SpinalFiberTract",
    "off": 8385,
    "sff": "spinal"
  },
  {
    "docID": "N195 Resnick 2003",
    "et": "SpinalFiberTract",
    "off": 4029,
    "sff": "spinal"
  },
  {
    "docID": "N195 Resnick 2003",
    "et": "SpinalFiberTract",
    "off": 15163,
    "sff": "spinal"
  },
  {
    "docID": "N195 Resnick 2003",
    "et": "SpinalFiberTract",
    "off": 16695,
    "sff": "spinal"
  },
  {
    "docID": "N195 Resnick 2003",
    "et": "SpinalFiberTract",
    "off": 60,
    "sff": "Spinal"
  },
  {
    "docID": "N195 Resnick 2003",
    "et": "SpinalFiberTract",
    "off": 13942,
    "sff": "spinal"
  },
  {
    "docID": "N195 Resnick 2003",
    "et": "SpinalFiberTract",
    "off": 3604,
    "sff": "spinal"
  },
  {
    "docID": "N195 Resnick 2003",
    "et": "SpinalFiberTract",
    "off": 9749,
    "sff": "spinal"
  },
  {
    "docID": "N195 Resnick 2003",
    "et": "SpinalFiberTract",
    "off": 16212,
    "sff": "spinal"
  },
  {
    "docID": "N195 Resnick 2003",
    "et": "SpinalFiberTract",
    "off": 16596,
    "sff": "spinal"
  },
  {
    "docID": "N195 Resnick 2003",
    "et": "SpinalFiberTract",
    "off": 16660,
    "sff": "spinal"
  },
  {
    "docID": "N195 Resnick 2003",
    "et": "SpinalFiberTract",
    "off": 272,
    "sff": "spinal"
  },
  {
    "docID": "N195 Resnick 2003",
    "et": "SpinalFiberTract",
    "off": 14993,
    "sff": "spinal"
  },
  {
    "docID": "N195 Resnick 2003",
    "et": "SpinalFiberTract",
    "off": 13840,
    "sff": "spinal"
  },
  {
    "docID": "N195 Resnick 2003",
    "et": "SpinalFiberTract",
    "off": 654,
    "sff": "spinal"
  },
  {
    "docID": "N195 Resnick 2003",
    "et": "SpinalFiberTract",
    "off": 584,
    "sff": "spinal"
  },
  {
    "docID": "N195 Resnick 2003",
    "et": "SpinalFiberTract",
    "off": 11209,
    "sff": "spinal"
  },
  {
    "docID": "N195 Resnick 2003",
    "et": "SpinalFiberTract",
    "off": 9095,
    "sff": "spinal"
  },
  {
    "docID": "N195 Resnick 2003",
    "et": "SpinalFiberTract",
    "off": 1415,
    "sff": "spinal"
  },
  {
    "docID": "N195 Resnick 2003",
    "et": "SpinalFiberTract",
    "off": 2917,
    "sff": "spinal"
  },
  {
    "docID": "N195 Resnick 2003",
    "et": "SpinalFiberTract",
    "off": 8928,
    "sff": "spinal"
  },
  {
    "docID": "N195 Resnick 2003",
    "et": "SpinalFiberTract",
    "off": 10911,
    "sff": "spinal"
  },
  {
    "docID": "N195 Resnick 2003",
    "et": "SpinalFiberTract",
    "off": 1820,
    "sff": "spinal"
  },
  {
    "docID": "N195 Resnick 2003",
    "et": "SpinalFiberTract",
    "off": 4696,
    "sff": "spinal"
  },
  {
    "docID": "N195 Resnick 2003",
    "et": "SpinalFiberTract",
    "off": 19545,
    "sff": "spinal"
  },
  {
    "docID": "N195 Resnick 2003",
    "et": "SpinalFiberTract",
    "off": 11672,
    "sff": "spinal"
  },
  {
    "docID": "N195 Resnick 2003",
    "et": "SpinalFiberTract",
    "off": 16920,
    "sff": "spinal"
  },
  {
    "docID": "N195 Resnick 2003",
    "et": "SpinalVentralHalf",
    "off": 14438,
    "sff": "spinal"
  },
  {
    "docID": "N195 Resnick 2003",
    "et": "SpinalVentralHalf",
    "off": 2917,
    "sff": "spinal"
  },
  {
    "docID": "N195 Resnick 2003",
    "et": "SpinalVentralHalf",
    "off": 8928,
    "sff": "spinal"
  },
  {
    "docID": "N195 Resnick 2003",
    "et": "SpinalVentralHalf",
    "off": 10911,
    "sff": "spinal"
  },
  {
    "docID": "N195 Resnick 2003",
    "et": "SpinalVentralHalf",
    "off": 16552,
    "sff": "spinal"
  },
  {
    "docID": "N195 Resnick 2003",
    "et": "SpinalVentralHalf",
    "off": 1703,
    "sff": "spinal"
  },
  {
    "docID": "N195 Resnick 2003",
    "et": "SpinalVentralHalf",
    "off": 13942,
    "sff": "spinal"
  },
  {
    "docID": "N195 Resnick 2003",
    "et": "SpinalVentralHalf",
    "off": 17012,
    "sff": "spinal"
  },
  {
    "docID": "N195 Resnick 2003",
    "et": "SpinalVentralHalf",
    "off": 8690,
    "sff": "spinal"
  },
  {
    "docID": "N195 Resnick 2003",
    "et": "SpinalVentralHalf",
    "off": 11633,
    "sff": "spinal"
  },
  {
    "docID": "N195 Resnick 2003",
    "et": "SpinalVentralHalf",
    "off": 1072,
    "sff": "spinal"
  },
  {
    "docID": "N195 Resnick 2003",
    "et": "SpinalVentralHalf",
    "off": 4029,
    "sff": "spinal"
  },
  {
    "docID": "N195 Resnick 2003",
    "et": "SpinalVentralHalf",
    "off": 15163,
    "sff": "spinal"
  },
  {
    "docID": "N195 Resnick 2003",
    "et": "SpinalVentralHalf",
    "off": 60,
    "sff": "Spinal"
  },
  {
    "docID": "N195 Resnick 2003",
    "et": "SpinalVentralHalf",
    "off": 16695,
    "sff": "spinal"
  },
  {
    "docID": "N195 Resnick 2003",
    "et": "SpinalVentralHalf",
    "off": 8385,
    "sff": "spinal"
  },
  {
    "docID": "N195 Resnick 2003",
    "et": "SpinalVentralHalf",
    "off": 654,
    "sff": "spinal"
  },
  {
    "docID": "N195 Resnick 2003",
    "et": "SpinalVentralHalf",
    "off": 11209,
    "sff": "spinal"
  },
  {
    "docID": "N195 Resnick 2003",
    "et": "SpinalVentralHalf",
    "off": 584,
    "sff": "spinal"
  },
  {
    "docID": "N195 Resnick 2003",
    "et": "SpinalVentralHalf",
    "off": 1415,
    "sff": "spinal"
  },
  {
    "docID": "N195 Resnick 2003",
    "et": "SpinalVentralHalf",
    "off": 9095,
    "sff": "spinal"
  },
  {
    "docID": "N195 Resnick 2003",
    "et": "SpinalVentralHalf",
    "off": 9749,
    "sff": "spinal"
  },
  {
    "docID": "N195 Resnick 2003",
    "et": "SpinalVentralHalf",
    "off": 3604,
    "sff": "spinal"
  },
  {
    "docID": "N195 Resnick 2003",
    "et": "SpinalVentralHalf",
    "off": 16212,
    "sff": "spinal"
  },
  {
    "docID": "N195 Resnick 2003",
    "et": "SpinalVentralHalf",
    "off": 16596,
    "sff": "spinal"
  },
  {
    "docID": "N195 Resnick 2003",
    "et": "SpinalVentralHalf",
    "off": 16660,
    "sff": "spinal"
  },
  {
    "docID": "N195 Resnick 2003",
    "et": "SpinalVentralHalf",
    "off": 14993,
    "sff": "spinal"
  },
  {
    "docID": "N195 Resnick 2003",
    "et": "SpinalVentralHalf",
    "off": 272,
    "sff": "spinal"
  },
  {
    "docID": "N195 Resnick 2003",
    "et": "SpinalVentralHalf",
    "off": 13840,
    "sff": "spinal"
  },
  {
    "docID": "N195 Resnick 2003",
    "et": "SpinalVentralHalf",
    "off": 1820,
    "sff": "spinal"
  },
  {
    "docID": "N195 Resnick 2003",
    "et": "SpinalVentralHalf",
    "off": 19545,
    "sff": "spinal"
  },
  {
    "docID": "N195 Resnick 2003",
    "et": "SpinalVentralHalf",
    "off": 4696,
    "sff": "spinal"
  },
  {
    "docID": "N195 Resnick 2003",
    "et": "SpinalVentralHalf",
    "off": 11672,
    "sff": "spinal"
  },
  {
    "docID": "N195 Resnick 2003",
    "et": "SpinalVentralHalf",
    "off": 16920,
    "sff": "spinal"
  },
  {
    "docID": "N195 Resnick 2003",
    "et": "TissueSparingTest",
    "off": 16329,
    "sff": "tissue"
  },
  {
    "docID": "N195 Resnick 2003",
    "et": "TissueSparingTest",
    "off": 3142,
    "sff": "tissue"
  },
  {
    "docID": "N195 Resnick 2003",
    "et": "TissueSparingTest",
    "off": 5719,
    "sff": "tissue"
  },
  {
    "docID": "N195 Resnick 2003",
    "et": "TissueSparingTest",
    "off": 12949,
    "sff": "tissue"
  },
  {
    "docID": "N195 Resnick 2003",
    "et": "TissueSparingTest",
    "off": 14019,
    "sff": "tissue"
  },
  {
    "docID": "N195 Resnick 2003",
    "et": "TissueSparingTest",
    "off": 5838,
    "sff": "tissue"
  },
  {
    "docID": "N195 Resnick 2003",
    "et": "TissueSparingTest",
    "off": 3260,
    "sff": "tissue"
  },
  {
    "docID": "N195 Resnick 2003",
    "et": "TissueSparingTest",
    "off": 12860,
    "sff": "tissue"
  },
  {
    "docID": "N195 Resnick 2003",
    "et": "DorsalColumn",
    "off": 13325,
    "sff": "dorsal column"
  },
  {
    "docID": "N195 Resnick 2003",
    "et": "SelfMutilationObservation",
    "off": 9581,
    "sff": "self mutilation"
  },
  {
    "docID": "N195 Resnick 2003",
    "et": "SpinalFiber",
    "off": 1415,
    "sff": "spinal"
  },
  {
    "docID": "N195 Resnick 2003",
    "et": "SpinalFiber",
    "off": 9095,
    "sff": "spinal"
  },
  {
    "docID": "N195 Resnick 2003",
    "et": "SpinalFiber",
    "off": 8385,
    "sff": "spinal"
  },
  {
    "docID": "N195 Resnick 2003",
    "et": "SpinalFiber",
    "off": 654,
    "sff": "spinal"
  },
  {
    "docID": "N195 Resnick 2003",
    "et": "SpinalFiber",
    "off": 11209,
    "sff": "spinal"
  },
  {
    "docID": "N195 Resnick 2003",
    "et": "SpinalFiber",
    "off": 584,
    "sff": "spinal"
  },
  {
    "docID": "N195 Resnick 2003",
    "et": "SpinalFiber",
    "off": 16695,
    "sff": "spinal"
  },
  {
    "docID": "N195 Resnick 2003",
    "et": "SpinalFiber",
    "off": 13942,
    "sff": "spinal"
  },
  {
    "docID": "N195 Resnick 2003",
    "et": "SpinalFiber",
    "off": 17012,
    "sff": "spinal"
  },
  {
    "docID": "N195 Resnick 2003",
    "et": "SpinalFiber",
    "off": 8690,
    "sff": "spinal"
  },
  {
    "docID": "N195 Resnick 2003",
    "et": "SpinalFiber",
    "off": 11633,
    "sff": "spinal"
  },
  {
    "docID": "N195 Resnick 2003",
    "et": "SpinalFiber",
    "off": 1072,
    "sff": "spinal"
  },
  {
    "docID": "N195 Resnick 2003",
    "et": "SpinalFiber",
    "off": 4029,
    "sff": "spinal"
  },
  {
    "docID": "N195 Resnick 2003",
    "et": "SpinalFiber",
    "off": 15163,
    "sff": "spinal"
  },
  {
    "docID": "N195 Resnick 2003",
    "et": "SpinalFiber",
    "off": 60,
    "sff": "Spinal"
  },
  {
    "docID": "N195 Resnick 2003",
    "et": "SpinalFiber",
    "off": 1703,
    "sff": "spinal"
  },
  {
    "docID": "N195 Resnick 2003",
    "et": "SpinalFiber",
    "off": 14438,
    "sff": "spinal"
  },
  {
    "docID": "N195 Resnick 2003",
    "et": "SpinalFiber",
    "off": 2917,
    "sff": "spinal"
  },
  {
    "docID": "N195 Resnick 2003",
    "et": "SpinalFiber",
    "off": 8928,
    "sff": "spinal"
  },
  {
    "docID": "N195 Resnick 2003",
    "et": "SpinalFiber",
    "off": 16552,
    "sff": "spinal"
  },
  {
    "docID": "N195 Resnick 2003",
    "et": "SpinalFiber",
    "off": 9749,
    "sff": "spinal"
  },
  {
    "docID": "N195 Resnick 2003",
    "et": "SpinalFiber",
    "off": 3604,
    "sff": "spinal"
  },
  {
    "docID": "N195 Resnick 2003",
    "et": "SpinalFiber",
    "off": 16212,
    "sff": "spinal"
  },
  {
    "docID": "N195 Resnick 2003",
    "et": "SpinalFiber",
    "off": 16596,
    "sff": "spinal"
  },
  {
    "docID": "N195 Resnick 2003",
    "et": "SpinalFiber",
    "off": 16660,
    "sff": "spinal"
  },
  {
    "docID": "N195 Resnick 2003",
    "et": "SpinalFiber",
    "off": 14993,
    "sff": "spinal"
  },
  {
    "docID": "N195 Resnick 2003",
    "et": "SpinalFiber",
    "off": 272,
    "sff": "spinal"
  },
  {
    "docID": "N195 Resnick 2003",
    "et": "SpinalFiber",
    "off": 13840,
    "sff": "spinal"
  },
  {
    "docID": "N195 Resnick 2003",
    "et": "SpinalFiber",
    "off": 10911,
    "sff": "spinal"
  },
  {
    "docID": "N195 Resnick 2003",
    "et": "SpinalFiber",
    "off": 1820,
    "sff": "spinal"
  },
  {
    "docID": "N195 Resnick 2003",
    "et": "SpinalFiber",
    "off": 19545,
    "sff": "spinal"
  },
  {
    "docID": "N195 Resnick 2003",
    "et": "SpinalFiber",
    "off": 4696,
    "sff": "spinal"
  },
  {
    "docID": "N195 Resnick 2003",
    "et": "SpinalFiber",
    "off": 11672,
    "sff": "spinal"
  },
  {
    "docID": "N195 Resnick 2003",
    "et": "SpinalFiber",
    "off": 16920,
    "sff": "spinal"
  },
  {
    "docID": "N195 Resnick 2003",
    "et": "ElectrophysiologicalFrequency",
    "off": 2073,
    "sff": "electrophysiological"
  },
  {
    "docID": "N195 Resnick 2003",
    "et": "SurvivalObservation",
    "off": 12184,
    "sff": "survival"
  },
  {
    "docID": "N195 Resnick 2003",
    "et": "SurvivalObservation",
    "off": 8665,
    "sff": "survival"
  },
  {
    "docID": "N195 Resnick 2003",
    "et": "SurvivalObservation",
    "off": 13401,
    "sff": "survival"
  },
  {
    "docID": "N195 Resnick 2003",
    "et": "SurvivalObservation",
    "off": 15735,
    "sff": "survival"
  },
  {
    "docID": "N195 Resnick 2003",
    "et": "SurvivalObservation",
    "off": 19469,
    "sff": "survival"
  },
  {
    "docID": "N195 Resnick 2003",
    "et": "InfectionExamination",
    "off": 9554,
    "sff": "infection"
  },
  {
    "docID": "N195 Resnick 2003",
    "et": "Left",
    "off": 4879,
    "sff": "left"
  },
  {
    "docID": "N195 Resnick 2003",
    "et": "SpinalLesionSite",
    "off": 8385,
    "sff": "spinal"
  },
  {
    "docID": "N195 Resnick 2003",
    "et": "SpinalLesionSite",
    "off": 60,
    "sff": "Spinal"
  },
  {
    "docID": "N195 Resnick 2003",
    "et": "SpinalLesionSite",
    "off": 4029,
    "sff": "spinal"
  },
  {
    "docID": "N195 Resnick 2003",
    "et": "SpinalLesionSite",
    "off": 15163,
    "sff": "spinal"
  },
  {
    "docID": "N195 Resnick 2003",
    "et": "SpinalLesionSite",
    "off": 16695,
    "sff": "spinal"
  },
  {
    "docID": "N195 Resnick 2003",
    "et": "SpinalLesionSite",
    "off": 13942,
    "sff": "spinal"
  },
  {
    "docID": "N195 Resnick 2003",
    "et": "SpinalLesionSite",
    "off": 17012,
    "sff": "spinal"
  },
  {
    "docID": "N195 Resnick 2003",
    "et": "SpinalLesionSite",
    "off": 14993,
    "sff": "spinal"
  },
  {
    "docID": "N195 Resnick 2003",
    "et": "SpinalLesionSite",
    "off": 272,
    "sff": "spinal"
  },
  {
    "docID": "N195 Resnick 2003",
    "et": "SpinalLesionSite",
    "off": 13840,
    "sff": "spinal"
  },
  {
    "docID": "N195 Resnick 2003",
    "et": "SpinalLesionSite",
    "off": 654,
    "sff": "spinal"
  },
  {
    "docID": "N195 Resnick 2003",
    "et": "SpinalLesionSite",
    "off": 11209,
    "sff": "spinal"
  },
  {
    "docID": "N195 Resnick 2003",
    "et": "SpinalLesionSite",
    "off": 584,
    "sff": "spinal"
  },
  {
    "docID": "N195 Resnick 2003",
    "et": "SpinalLesionSite",
    "off": 1415,
    "sff": "spinal"
  },
  {
    "docID": "N195 Resnick 2003",
    "et": "SpinalLesionSite",
    "off": 9095,
    "sff": "spinal"
  },
  {
    "docID": "N195 Resnick 2003",
    "et": "SpinalLesionSite",
    "off": 8928,
    "sff": "spinal"
  },
  {
    "docID": "N195 Resnick 2003",
    "et": "SpinalLesionSite",
    "off": 10911,
    "sff": "spinal"
  },
  {
    "docID": "N195 Resnick 2003",
    "et": "SpinalLesionSite",
    "off": 1820,
    "sff": "spinal"
  },
  {
    "docID": "N195 Resnick 2003",
    "et": "SpinalLesionSite",
    "off": 19545,
    "sff": "spinal"
  },
  {
    "docID": "N195 Resnick 2003",
    "et": "SpinalLesionSite",
    "off": 4696,
    "sff": "spinal"
  },
  {
    "docID": "N195 Resnick 2003",
    "et": "SpinalLesionSite",
    "off": 11672,
    "sff": "spinal"
  },
  {
    "docID": "N195 Resnick 2003",
    "et": "SpinalLesionSite",
    "off": 16920,
    "sff": "spinal"
  },
  {
    "docID": "N195 Resnick 2003",
    "et": "SpinalLesionSite",
    "off": 9749,
    "sff": "spinal"
  },
  {
    "docID": "N195 Resnick 2003",
    "et": "SpinalLesionSite",
    "off": 3604,
    "sff": "spinal"
  },
  {
    "docID": "N195 Resnick 2003",
    "et": "SpinalLesionSite",
    "off": 16212,
    "sff": "spinal"
  },
  {
    "docID": "N195 Resnick 2003",
    "et": "SpinalLesionSite",
    "off": 16596,
    "sff": "spinal"
  },
  {
    "docID": "N195 Resnick 2003",
    "et": "SpinalLesionSite",
    "off": 16660,
    "sff": "spinal"
  },
  {
    "docID": "N195 Resnick 2003",
    "et": "SpinalLesionSite",
    "off": 8690,
    "sff": "spinal"
  },
  {
    "docID": "N195 Resnick 2003",
    "et": "SpinalLesionSite",
    "off": 11633,
    "sff": "spinal"
  },
  {
    "docID": "N195 Resnick 2003",
    "et": "SpinalLesionSite",
    "off": 1072,
    "sff": "spinal"
  },
  {
    "docID": "N195 Resnick 2003",
    "et": "SpinalLesionSite",
    "off": 16552,
    "sff": "spinal"
  },
  {
    "docID": "N195 Resnick 2003",
    "et": "SpinalLesionSite",
    "off": 1703,
    "sff": "spinal"
  },
  {
    "docID": "N195 Resnick 2003",
    "et": "SpinalLesionSite",
    "off": 14438,
    "sff": "spinal"
  },
  {
    "docID": "N195 Resnick 2003",
    "et": "SpinalLesionSite",
    "off": 2917,
    "sff": "spinal"
  },
  {
    "docID": "N195 Resnick 2003",
    "et": "T8",
    "off": 3983,
    "sff": "T8"
  },
  {
    "docID": "N195 Resnick 2003",
    "et": "T9",
    "off": 3989,
    "sff": "T9"
  },
  {
    "docID": "N195 Resnick 2003",
    "et": "SchwannCellChangesTest",
    "off": 335,
    "sff": "cell"
  },
  {
    "docID": "N195 Resnick 2003",
    "et": "SchwannCellChangesTest",
    "off": 2815,
    "sff": "cell"
  },
  {
    "docID": "N195 Resnick 2003",
    "et": "SchwannCellChangesTest",
    "off": 14478,
    "sff": "cell"
  },
  {
    "docID": "N195 Resnick 2003",
    "et": "SchwannCellChangesTest",
    "off": 12179,
    "sff": "cell"
  },
  {
    "docID": "N195 Resnick 2003",
    "et": "SchwannCellChangesTest",
    "off": 15730,
    "sff": "cell"
  },
  {
    "docID": "N195 Resnick 2003",
    "et": "SchwannCellChangesTest",
    "off": 29,
    "sff": "Cell"
  },
  {
    "docID": "N195 Resnick 2003",
    "et": "SchwannCellChangesTest",
    "off": 6504,
    "sff": "cell"
  },
  {
    "docID": "N195 Resnick 2003",
    "et": "SchwannCellChangesTest",
    "off": 19464,
    "sff": "cell"
  },
  {
    "docID": "N195 Resnick 2003",
    "et": "SchwannCellChangesTest",
    "off": 2188,
    "sff": "cell"
  },
  {
    "docID": "N195 Resnick 2003",
    "et": "FunctionalTest",
    "off": 15931,
    "sff": "functional"
  },
  {
    "docID": "N195 Resnick 2003",
    "et": "FunctionalTest",
    "off": 15420,
    "sff": "functional"
  },
  {
    "docID": "N195 Resnick 2003",
    "et": "FunctionalTest",
    "off": 15807,
    "sff": "functional"
  },
  {
    "docID": "N195 Resnick 2003",
    "et": "FunctionalTest",
    "off": 2608,
    "sff": "functional"
  },
  {
    "docID": "N195 Resnick 2003",
    "et": "FunctionalTest",
    "off": 19635,
    "sff": "functional"
  },
  {
    "docID": "N195 Resnick 2003",
    "et": "FunctionalTest",
    "off": 15029,
    "sff": "functional"
  },
  {
    "docID": "N195 Resnick 2003",
    "et": "FunctionalTest",
    "off": 14583,
    "sff": "functional"
  },
  {
    "docID": "N195 Resnick 2003",
    "et": "FunctionalTest",
    "off": 3656,
    "sff": "functional"
  },
  {
    "docID": "N195 Resnick 2003",
    "et": "FunctionalTest",
    "off": 14408,
    "sff": "functional"
  },
  {
    "docID": "N195 Resnick 2003",
    "et": "FunctionalTest",
    "off": 18507,
    "sff": "functional"
  },
  {
    "docID": "N195 Resnick 2003",
    "et": "FunctionalTest",
    "off": 17613,
    "sff": "functional"
  },
  {
    "docID": "N195 Resnick 2003",
    "et": "FunctionalTest",
    "off": 17869,
    "sff": "functional"
  },
  {
    "docID": "N195 Resnick 2003",
    "et": "FunctionalTest",
    "off": 2113,
    "sff": "functional"
  },
  {
    "docID": "N195 Resnick 2003",
    "et": "FunctionalTest",
    "off": 17349,
    "sff": "functional"
  },
  {
    "docID": "N195 Resnick 2003",
    "et": "FunctionalTest",
    "off": 17413,
    "sff": "functional"
  },
  {
    "docID": "N195 Resnick 2003",
    "et": "FunctionalTest",
    "off": 14854,
    "sff": "functional"
  },
  {
    "docID": "N195 Resnick 2003",
    "et": "FunctionalTest",
    "off": 391,
    "sff": "functional"
  },
  {
    "docID": "N195 Resnick 2003",
    "et": "FunctionalTest",
    "off": 12316,
    "sff": "functional"
  },
  {
    "docID": "N195 Resnick 2003",
    "et": "FunctionalTest",
    "off": 862,
    "sff": "functional"
  },
  {
    "docID": "N195 Resnick 2003",
    "et": "FunctionalTest",
    "off": 17032,
    "sff": "Functional"
  },
  {
    "docID": "N195 Resnick 2003",
    "et": "FunctionalTest",
    "off": 10447,
    "sff": "Functional"
  },
  {
    "docID": "N195 Resnick 2003",
    "et": "FunctionalTest",
    "off": 11541,
    "sff": "functional"
  },
  {
    "docID": "N195 Resnick 2003",
    "et": "FunctionalTest",
    "off": 9430,
    "sff": "functional"
  },
  {
    "docID": "N195 Resnick 2003",
    "et": "FunctionalTest",
    "off": 1265,
    "sff": "Functional"
  },
  {
    "docID": "N195 Resnick 2003",
    "et": "FunctionalTest",
    "off": 1517,
    "sff": "functional"
  },
  {
    "docID": "N195 Resnick 2003",
    "et": "GaleRatingScoreTest",
    "off": 12096,
    "sff": "rating"
  },
  {
    "docID": "N195 Resnick 2003",
    "et": "SecondaryDegenerationTest",
    "off": 16403,
    "sff": "secondary"
  },
  {
    "docID": "N195 Resnick 2003",
    "et": "Right",
    "off": 4888,
    "sff": "right"
  },
  {
    "docID": "N195 Resnick 2003",
    "et": "TreatmentSite",
    "off": 259,
    "sff": "treatment"
  },
  {
    "docID": "N195 Resnick 2003",
    "et": "SpinalCord",
    "off": 19545,
    "sff": "spinal cord"
  },
  {
    "docID": "N195 Resnick 2003",
    "et": "SpinalCord",
    "off": 11672,
    "sff": "spinal cord"
  },
  {
    "docID": "N195 Resnick 2003",
    "et": "SpinalCord",
    "off": 16920,
    "sff": "spinal cord"
  },
  {
    "docID": "N195 Resnick 2003",
    "et": "SpinalCord",
    "off": 1820,
    "sff": "spinal cord"
  },
  {
    "docID": "N195 Resnick 2003",
    "et": "SpinalCord",
    "off": 10911,
    "sff": "spinal cord"
  },
  {
    "docID": "N195 Resnick 2003",
    "et": "SpinalCord",
    "off": 8928,
    "sff": "spinal cord"
  },
  {
    "docID": "N195 Resnick 2003",
    "et": "SpinalCord",
    "off": 2917,
    "sff": "spinal cord"
  },
  {
    "docID": "N195 Resnick 2003",
    "et": "SpinalCord",
    "off": 1703,
    "sff": "spinal cord"
  },
  {
    "docID": "N195 Resnick 2003",
    "et": "SpinalCord",
    "off": 14438,
    "sff": "spinal cord"
  },
  {
    "docID": "N195 Resnick 2003",
    "et": "SpinalCord",
    "off": 16552,
    "sff": "spinal cord"
  },
  {
    "docID": "N195 Resnick 2003",
    "et": "SpinalCord",
    "off": 11633,
    "sff": "spinal cord"
  },
  {
    "docID": "N195 Resnick 2003",
    "et": "SpinalCord",
    "off": 1072,
    "sff": "spinal cord"
  },
  {
    "docID": "N195 Resnick 2003",
    "et": "SpinalCord",
    "off": 4696,
    "sff": "spinal"
  },
  {
    "docID": "N195 Resnick 2003",
    "et": "SpinalCord",
    "off": 8690,
    "sff": "spinal cord"
  },
  {
    "docID": "N195 Resnick 2003",
    "et": "SpinalCord",
    "off": 9749,
    "sff": "spinal"
  },
  {
    "docID": "N195 Resnick 2003",
    "et": "SpinalCord",
    "off": 16596,
    "sff": "spinal"
  },
  {
    "docID": "N195 Resnick 2003",
    "et": "SpinalCord",
    "off": 16660,
    "sff": "spinal"
  },
  {
    "docID": "N195 Resnick 2003",
    "et": "SpinalCord",
    "off": 17012,
    "sff": "spinal cord"
  },
  {
    "docID": "N195 Resnick 2003",
    "et": "SpinalCord",
    "off": 16695,
    "sff": "spinal cord"
  },
  {
    "docID": "N195 Resnick 2003",
    "et": "SpinalCord",
    "off": 13942,
    "sff": "spinal cord"
  },
  {
    "docID": "N195 Resnick 2003",
    "et": "SpinalCord",
    "off": 60,
    "sff": "Spinal Cord"
  },
  {
    "docID": "N195 Resnick 2003",
    "et": "SpinalCord",
    "off": 15163,
    "sff": "spinal cord"
  },
  {
    "docID": "N195 Resnick 2003",
    "et": "SpinalCord",
    "off": 4029,
    "sff": "spinal cord"
  },
  {
    "docID": "N195 Resnick 2003",
    "et": "SpinalCord",
    "off": 8385,
    "sff": "spinal cord"
  },
  {
    "docID": "N195 Resnick 2003",
    "et": "SpinalCord",
    "off": 1415,
    "sff": "spinal cord"
  },
  {
    "docID": "N195 Resnick 2003",
    "et": "SpinalCord",
    "off": 9095,
    "sff": "spinal cord"
  },
  {
    "docID": "N195 Resnick 2003",
    "et": "SpinalCord",
    "off": 11209,
    "sff": "spinal cord"
  },
  {
    "docID": "N195 Resnick 2003",
    "et": "SpinalCord",
    "off": 584,
    "sff": "spinal cord"
  },
  {
    "docID": "N195 Resnick 2003",
    "et": "SpinalCord",
    "off": 654,
    "sff": "spinal cord"
  },
  {
    "docID": "N195 Resnick 2003",
    "et": "SpinalCord",
    "off": 14993,
    "sff": "spinal cord"
  },
  {
    "docID": "N195 Resnick 2003",
    "et": "SpinalCord",
    "off": 272,
    "sff": "spinal cord"
  },
  {
    "docID": "N195 Resnick 2003",
    "et": "SpinalCord",
    "off": 13840,
    "sff": "spinal cord"
  },
  {
    "docID": "N195 Resnick 2003",
    "et": "SpinalCord",
    "off": 3604,
    "sff": "spinal cord"
  },
  {
    "docID": "N195 Resnick 2003",
    "et": "SpinalCord",
    "off": 16212,
    "sff": "spinal cord"
  },
  {
    "docID": "N195 Resnick 2003",
    "et": "LesionAdjacentTissue",
    "off": 8567,
    "sff": "adjacent"
  },
  {
    "docID": "N195 Resnick 2003",
    "et": "GaitPawRotation",
    "off": 10785,
    "sff": "gait"
  },
  {
    "docID": "N195 Resnick 2003",
    "et": "CentralNervousSystem",
    "off": 2961,
    "sff": "central nervous system"
  },
  {
    "docID": "N195 Resnick 2003",
    "et": "CentralNervousSystem",
    "off": 14909,
    "sff": "central nervous"
  },
  {
    "docID": "N195 Resnick 2003",
    "et": "CentralNervousSystem",
    "off": 2961,
    "sff": "central nervous"
  },
  {
    "docID": "N195 Resnick 2003",
    "et": "CentralNervousSystem",
    "off": 14909,
    "sff": "central nervous system"
  },
  {
    "docID": "N195 Resnick 2003",
    "et": "StainingLength",
    "off": 9025,
    "sff": "staining"
  },
  {
    "docID": "N195 Resnick 2003",
    "et": "StainingLength",
    "off": 7807,
    "sff": "staining"
  },
  {
    "docID": "N195 Resnick 2003",
    "et": "StainingLength",
    "off": 7903,
    "sff": "staining"
  },
  {
    "docID": "N195 Resnick 2003",
    "et": "StainingLength",
    "off": 8127,
    "sff": "staining"
  },
  {
    "docID": "N195 Resnick 2003",
    "et": "StainingLength",
    "off": 8057,
    "sff": "staining"
  },
  {
    "docID": "N195 Resnick 2003",
    "et": "StainingLength",
    "off": 1146,
    "sff": "staining"
  },
  {
    "docID": "N195 Resnick 2003",
    "et": "StainingLength",
    "off": 9207,
    "sff": "staining"
  },
  {
    "docID": "N195 Resnick 2003",
    "et": "StainingLength",
    "off": 8848,
    "sff": "staining"
  },
  {
    "docID": "N195 Resnick 2003",
    "et": "StainingLength",
    "off": 9068,
    "sff": "staining"
  },
  {
    "docID": "N195 Resnick 2003",
    "et": "StainingLength",
    "off": 8461,
    "sff": "staining"
  },
  {
    "docID": "N195 Resnick 2003",
    "et": "StainingLength",
    "off": 10269,
    "sff": "Staining"
  },
  {
    "docID": "N195 Resnick 2003",
    "et": "StainingLength",
    "off": 10217,
    "sff": "staining"
  },
  {
    "docID": "N195 Resnick 2003",
    "et": "StainingLength",
    "off": 7498,
    "sff": "staining"
  },
  {
    "docID": "N195 Resnick 2003",
    "et": "StainingLength",
    "off": 10340,
    "sff": "staining"
  },
  {
    "docID": "N195 Resnick 2003",
    "et": "LimbRotation",
    "off": 11121,
    "sff": "limb"
  },
  {
    "docID": "N195 Resnick 2003",
    "et": "HemorrhageTest",
    "off": 16308,
    "sff": "hemorrhage"
  },
  {
    "docID": "N195 Resnick 2003",
    "et": "StainingDensity",
    "off": 7807,
    "sff": "staining"
  },
  {
    "docID": "N195 Resnick 2003",
    "et": "StainingDensity",
    "off": 7903,
    "sff": "staining"
  },
  {
    "docID": "N195 Resnick 2003",
    "et": "StainingDensity",
    "off": 8127,
    "sff": "staining"
  },
  {
    "docID": "N195 Resnick 2003",
    "et": "StainingDensity",
    "off": 9025,
    "sff": "staining"
  },
  {
    "docID": "N195 Resnick 2003",
    "et": "StainingDensity",
    "off": 10340,
    "sff": "staining"
  },
  {
    "docID": "N195 Resnick 2003",
    "et": "StainingDensity",
    "off": 7498,
    "sff": "staining"
  },
  {
    "docID": "N195 Resnick 2003",
    "et": "StainingDensity",
    "off": 10217,
    "sff": "staining"
  },
  {
    "docID": "N195 Resnick 2003",
    "et": "StainingDensity",
    "off": 9068,
    "sff": "staining"
  },
  {
    "docID": "N195 Resnick 2003",
    "et": "StainingDensity",
    "off": 8461,
    "sff": "staining"
  },
  {
    "docID": "N195 Resnick 2003",
    "et": "StainingDensity",
    "off": 10269,
    "sff": "Staining"
  },
  {
    "docID": "N195 Resnick 2003",
    "et": "StainingDensity",
    "off": 8848,
    "sff": "staining"
  },
  {
    "docID": "N195 Resnick 2003",
    "et": "StainingDensity",
    "off": 9207,
    "sff": "staining"
  },
  {
    "docID": "N195 Resnick 2003",
    "et": "StainingDensity",
    "off": 1146,
    "sff": "staining"
  },
  {
    "docID": "N195 Resnick 2003",
    "et": "StainingDensity",
    "off": 8057,
    "sff": "staining"
  },
  {
    "docID": "N195 Resnick 2003",
    "et": "SinglePelletReachingTest",
    "off": 4919,
    "sff": "single"
  },
  {
    "docID": "N195 Resnick 2003",
    "et": "BBBSubscoreTest",
    "off": 962,
    "sff": "BBB"
  },
  {
    "docID": "N195 Resnick 2003",
    "et": "BBBSubscoreTest",
    "off": 14245,
    "sff": "BBB"
  },
  {
    "docID": "N195 Resnick 2003",
    "et": "BBBSubscoreTest",
    "off": 14164,
    "sff": "BBB"
  },
  {
    "docID": "N195 Resnick 2003",
    "et": "BBBSubscoreTest",
    "off": 17895,
    "sff": "BBB"
  },
  {
    "docID": "N195 Resnick 2003",
    "et": "BBBSubscoreTest",
    "off": 4797,
    "sff": "BBB"
  },
  {
    "docID": "N195 Resnick 2003",
    "et": "BBBSubscoreTest",
    "off": 15452,
    "sff": "BBB"
  },
  {
    "docID": "N195 Resnick 2003",
    "et": "BBBSubscoreTest",
    "off": 18892,
    "sff": "BBB"
  },
  {
    "docID": "N195 Resnick 2003",
    "et": "HistologicalInvestigationParameter",
    "off": 12537,
    "sff": "histological"
  },
  {
    "docID": "N195 Resnick 2003",
    "et": "HistologicalInvestigationParameter",
    "off": 15705,
    "sff": "histological"
  },
  {
    "docID": "N195 Resnick 2003",
    "et": "HistologicalInvestigationParameter",
    "off": 2059,
    "sff": "histological"
  },
  {
    "docID": "N195 Resnick 2003",
    "et": "HistologicalInvestigationParameter",
    "off": 845,
    "sff": "Histological"
  },
  {
    "docID": "N195 Resnick 2003",
    "et": "HistologicalInvestigationParameter",
    "off": 4728,
    "sff": "histological"
  },
  {
    "docID": "N195 Resnick 2003",
    "et": "HistologicalInvestigationParameter",
    "off": 13367,
    "sff": "histological"
  },
  {
    "docID": "N195 Resnick 2003",
    "et": "HistologicalInvestigationParameter",
    "off": 12154,
    "sff": "Histological"
  },
  {
    "docID": "N195 Resnick 2003",
    "et": "HistologicalInvestigationParameter",
    "off": 18385,
    "sff": "histological"
  },
  {
    "docID": "N195 Resnick 2003",
    "et": "HistologicalInvestigationParameter",
    "off": 2575,
    "sff": "histological"
  },
  {
    "docID": "N195 Resnick 2003",
    "et": "HistologicalInvestigationParameter",
    "off": 16632,
    "sff": "Histological"
  },
  {
    "docID": "N195 Resnick 2003",
    "et": "SpinalCentralPart",
    "off": 584,
    "sff": "spinal"
  },
  {
    "docID": "N195 Resnick 2003",
    "et": "SpinalCentralPart",
    "off": 11209,
    "sff": "spinal"
  },
  {
    "docID": "N195 Resnick 2003",
    "et": "SpinalCentralPart",
    "off": 1415,
    "sff": "spinal"
  },
  {
    "docID": "N195 Resnick 2003",
    "et": "SpinalCentralPart",
    "off": 9095,
    "sff": "spinal"
  },
  {
    "docID": "N195 Resnick 2003",
    "et": "SpinalCentralPart",
    "off": 60,
    "sff": "Spinal"
  },
  {
    "docID": "N195 Resnick 2003",
    "et": "SpinalCentralPart",
    "off": 8385,
    "sff": "spinal"
  },
  {
    "docID": "N195 Resnick 2003",
    "et": "SpinalCentralPart",
    "off": 4029,
    "sff": "spinal"
  },
  {
    "docID": "N195 Resnick 2003",
    "et": "SpinalCentralPart",
    "off": 15163,
    "sff": "spinal"
  },
  {
    "docID": "N195 Resnick 2003",
    "et": "SpinalCentralPart",
    "off": 13942,
    "sff": "spinal"
  },
  {
    "docID": "N195 Resnick 2003",
    "et": "SpinalCentralPart",
    "off": 16695,
    "sff": "spinal"
  },
  {
    "docID": "N195 Resnick 2003",
    "et": "SpinalCentralPart",
    "off": 17012,
    "sff": "spinal"
  },
  {
    "docID": "N195 Resnick 2003",
    "et": "SpinalCentralPart",
    "off": 8690,
    "sff": "spinal"
  },
  {
    "docID": "N195 Resnick 2003",
    "et": "SpinalCentralPart",
    "off": 1072,
    "sff": "spinal"
  },
  {
    "docID": "N195 Resnick 2003",
    "et": "SpinalCentralPart",
    "off": 2961,
    "sff": "central"
  },
  {
    "docID": "N195 Resnick 2003",
    "et": "SpinalCentralPart",
    "off": 11633,
    "sff": "spinal"
  },
  {
    "docID": "N195 Resnick 2003",
    "et": "SpinalCentralPart",
    "off": 16552,
    "sff": "spinal"
  },
  {
    "docID": "N195 Resnick 2003",
    "et": "SpinalCentralPart",
    "off": 14438,
    "sff": "spinal"
  },
  {
    "docID": "N195 Resnick 2003",
    "et": "SpinalCentralPart",
    "off": 1703,
    "sff": "spinal"
  },
  {
    "docID": "N195 Resnick 2003",
    "et": "SpinalCentralPart",
    "off": 2917,
    "sff": "spinal"
  },
  {
    "docID": "N195 Resnick 2003",
    "et": "SpinalCentralPart",
    "off": 8928,
    "sff": "spinal"
  },
  {
    "docID": "N195 Resnick 2003",
    "et": "SpinalCentralPart",
    "off": 10911,
    "sff": "spinal"
  },
  {
    "docID": "N195 Resnick 2003",
    "et": "SpinalCentralPart",
    "off": 1820,
    "sff": "spinal"
  },
  {
    "docID": "N195 Resnick 2003",
    "et": "SpinalCentralPart",
    "off": 14909,
    "sff": "central"
  },
  {
    "docID": "N195 Resnick 2003",
    "et": "SpinalCentralPart",
    "off": 4696,
    "sff": "spinal"
  },
  {
    "docID": "N195 Resnick 2003",
    "et": "SpinalCentralPart",
    "off": 11672,
    "sff": "spinal"
  },
  {
    "docID": "N195 Resnick 2003",
    "et": "SpinalCentralPart",
    "off": 16920,
    "sff": "spinal"
  },
  {
    "docID": "N195 Resnick 2003",
    "et": "SpinalCentralPart",
    "off": 19545,
    "sff": "spinal"
  },
  {
    "docID": "N195 Resnick 2003",
    "et": "SpinalCentralPart",
    "off": 3604,
    "sff": "spinal"
  },
  {
    "docID": "N195 Resnick 2003",
    "et": "SpinalCentralPart",
    "off": 16212,
    "sff": "spinal"
  },
  {
    "docID": "N195 Resnick 2003",
    "et": "SpinalCentralPart",
    "off": 16596,
    "sff": "spinal"
  },
  {
    "docID": "N195 Resnick 2003",
    "et": "SpinalCentralPart",
    "off": 16660,
    "sff": "spinal"
  },
  {
    "docID": "N195 Resnick 2003",
    "et": "SpinalCentralPart",
    "off": 9749,
    "sff": "spinal"
  },
  {
    "docID": "N195 Resnick 2003",
    "et": "SpinalCentralPart",
    "off": 272,
    "sff": "spinal"
  },
  {
    "docID": "N195 Resnick 2003",
    "et": "SpinalCentralPart",
    "off": 13840,
    "sff": "spinal"
  },
  {
    "docID": "N195 Resnick 2003",
    "et": "SpinalCentralPart",
    "off": 14993,
    "sff": "spinal"
  },
  {
    "docID": "N195 Resnick 2003",
    "et": "SpinalCentralPart",
    "off": 654,
    "sff": "spinal"
  },
  {
    "docID": "N195 Resnick 2003",
    "et": "ManualDexterityTest",
    "off": 4438,
    "sff": "manual"
  },
  {
    "docID": "N195 Resnick 2003",
    "et": "ElectrophysiologicalAmplitude",
    "off": 2073,
    "sff": "electrophysiological"
  },
  {
    "docID": "N195 Resnick 2003",
    "et": "NonNeuronalCellChangesTest",
    "off": 12562,
    "sff": "neuronal"
  },
  {
    "docID": "N195 Resnick 2003",
    "et": "SpinalCordStump",
    "off": 9749,
    "sff": "spinal"
  },
  {
    "docID": "N195 Resnick 2003",
    "et": "SpinalCordStump",
    "off": 1072,
    "sff": "spinal cord"
  },
  {
    "docID": "N195 Resnick 2003",
    "et": "SpinalCordStump",
    "off": 4696,
    "sff": "spinal"
  },
  {
    "docID": "N195 Resnick 2003",
    "et": "SpinalCordStump",
    "off": 13942,
    "sff": "spinal cord"
  },
  {
    "docID": "N195 Resnick 2003",
    "et": "SpinalCordStump",
    "off": 16695,
    "sff": "spinal cord"
  },
  {
    "docID": "N195 Resnick 2003",
    "et": "SpinalCordStump",
    "off": 11633,
    "sff": "spinal cord"
  },
  {
    "docID": "N195 Resnick 2003",
    "et": "SpinalCordStump",
    "off": 8690,
    "sff": "spinal cord"
  },
  {
    "docID": "N195 Resnick 2003",
    "et": "SpinalCordStump",
    "off": 16596,
    "sff": "spinal"
  },
  {
    "docID": "N195 Resnick 2003",
    "et": "SpinalCordStump",
    "off": 16660,
    "sff": "spinal"
  },
  {
    "docID": "N195 Resnick 2003",
    "et": "SpinalCordStump",
    "off": 17012,
    "sff": "spinal cord"
  },
  {
    "docID": "N195 Resnick 2003",
    "et": "SpinalCordStump",
    "off": 10911,
    "sff": "spinal cord"
  },
  {
    "docID": "N195 Resnick 2003",
    "et": "SpinalCordStump",
    "off": 8928,
    "sff": "spinal cord"
  },
  {
    "docID": "N195 Resnick 2003",
    "et": "SpinalCordStump",
    "off": 19545,
    "sff": "spinal cord"
  },
  {
    "docID": "N195 Resnick 2003",
    "et": "SpinalCordStump",
    "off": 1820,
    "sff": "spinal cord"
  },
  {
    "docID": "N195 Resnick 2003",
    "et": "SpinalCordStump",
    "off": 2917,
    "sff": "spinal cord"
  },
  {
    "docID": "N195 Resnick 2003",
    "et": "SpinalCordStump",
    "off": 14438,
    "sff": "spinal cord"
  },
  {
    "docID": "N195 Resnick 2003",
    "et": "SpinalCordStump",
    "off": 1703,
    "sff": "spinal cord"
  },
  {
    "docID": "N195 Resnick 2003",
    "et": "SpinalCordStump",
    "off": 16552,
    "sff": "spinal cord"
  },
  {
    "docID": "N195 Resnick 2003",
    "et": "SpinalCordStump",
    "off": 654,
    "sff": "spinal cord"
  },
  {
    "docID": "N195 Resnick 2003",
    "et": "SpinalCordStump",
    "off": 272,
    "sff": "spinal cord"
  },
  {
    "docID": "N195 Resnick 2003",
    "et": "SpinalCordStump",
    "off": 13840,
    "sff": "spinal cord"
  },
  {
    "docID": "N195 Resnick 2003",
    "et": "SpinalCordStump",
    "off": 11209,
    "sff": "spinal cord"
  },
  {
    "docID": "N195 Resnick 2003",
    "et": "SpinalCordStump",
    "off": 11672,
    "sff": "spinal cord"
  },
  {
    "docID": "N195 Resnick 2003",
    "et": "SpinalCordStump",
    "off": 16920,
    "sff": "spinal cord"
  },
  {
    "docID": "N195 Resnick 2003",
    "et": "SpinalCordStump",
    "off": 14993,
    "sff": "spinal cord"
  },
  {
    "docID": "N195 Resnick 2003",
    "et": "SpinalCordStump",
    "off": 3604,
    "sff": "spinal cord"
  },
  {
    "docID": "N195 Resnick 2003",
    "et": "SpinalCordStump",
    "off": 16212,
    "sff": "spinal cord"
  },
  {
    "docID": "N195 Resnick 2003",
    "et": "SpinalCordStump",
    "off": 4029,
    "sff": "spinal cord"
  },
  {
    "docID": "N195 Resnick 2003",
    "et": "SpinalCordStump",
    "off": 15163,
    "sff": "spinal cord"
  },
  {
    "docID": "N195 Resnick 2003",
    "et": "SpinalCordStump",
    "off": 1415,
    "sff": "spinal cord"
  },
  {
    "docID": "N195 Resnick 2003",
    "et": "SpinalCordStump",
    "off": 9095,
    "sff": "spinal cord"
  },
  {
    "docID": "N195 Resnick 2003",
    "et": "SpinalCordStump",
    "off": 60,
    "sff": "Spinal Cord"
  },
  {
    "docID": "N195 Resnick 2003",
    "et": "SpinalCordStump",
    "off": 584,
    "sff": "spinal cord"
  },
  {
    "docID": "N195 Resnick 2003",
    "et": "SpinalCordStump",
    "off": 8385,
    "sff": "spinal cord"
  },
  {
    "docID": "N195 Resnick 2003",
    "et": "SpinalWhiteMatter",
    "off": 9982,
    "sff": "white"
  },
  {
    "docID": "N195 Resnick 2003",
    "et": "SpinalWhiteMatter",
    "off": 8385,
    "sff": "spinal"
  },
  {
    "docID": "N195 Resnick 2003",
    "et": "SpinalWhiteMatter",
    "off": 584,
    "sff": "spinal"
  },
  {
    "docID": "N195 Resnick 2003",
    "et": "SpinalWhiteMatter",
    "off": 11209,
    "sff": "spinal"
  },
  {
    "docID": "N195 Resnick 2003",
    "et": "SpinalWhiteMatter",
    "off": 1415,
    "sff": "spinal"
  },
  {
    "docID": "N195 Resnick 2003",
    "et": "SpinalWhiteMatter",
    "off": 9095,
    "sff": "spinal"
  },
  {
    "docID": "N195 Resnick 2003",
    "et": "SpinalWhiteMatter",
    "off": 17012,
    "sff": "spinal"
  },
  {
    "docID": "N195 Resnick 2003",
    "et": "SpinalWhiteMatter",
    "off": 8690,
    "sff": "spinal"
  },
  {
    "docID": "N195 Resnick 2003",
    "et": "SpinalWhiteMatter",
    "off": 1072,
    "sff": "spinal"
  },
  {
    "docID": "N195 Resnick 2003",
    "et": "SpinalWhiteMatter",
    "off": 11633,
    "sff": "spinal"
  },
  {
    "docID": "N195 Resnick 2003",
    "et": "SpinalWhiteMatter",
    "off": 4029,
    "sff": "spinal"
  },
  {
    "docID": "N195 Resnick 2003",
    "et": "SpinalWhiteMatter",
    "off": 15163,
    "sff": "spinal"
  },
  {
    "docID": "N195 Resnick 2003",
    "et": "SpinalWhiteMatter",
    "off": 16695,
    "sff": "spinal"
  },
  {
    "docID": "N195 Resnick 2003",
    "et": "SpinalWhiteMatter",
    "off": 60,
    "sff": "Spinal"
  },
  {
    "docID": "N195 Resnick 2003",
    "et": "SpinalWhiteMatter",
    "off": 13942,
    "sff": "spinal"
  },
  {
    "docID": "N195 Resnick 2003",
    "et": "SpinalWhiteMatter",
    "off": 2917,
    "sff": "spinal"
  },
  {
    "docID": "N195 Resnick 2003",
    "et": "SpinalWhiteMatter",
    "off": 8928,
    "sff": "spinal"
  },
  {
    "docID": "N195 Resnick 2003",
    "et": "SpinalWhiteMatter",
    "off": 10911,
    "sff": "spinal"
  },
  {
    "docID": "N195 Resnick 2003",
    "et": "SpinalWhiteMatter",
    "off": 8751,
    "sff": "white matter"
  },
  {
    "docID": "N195 Resnick 2003",
    "et": "SpinalWhiteMatter",
    "off": 16552,
    "sff": "spinal"
  },
  {
    "docID": "N195 Resnick 2003",
    "et": "SpinalWhiteMatter",
    "off": 1703,
    "sff": "spinal"
  },
  {
    "docID": "N195 Resnick 2003",
    "et": "SpinalWhiteMatter",
    "off": 14438,
    "sff": "spinal"
  },
  {
    "docID": "N195 Resnick 2003",
    "et": "SpinalWhiteMatter",
    "off": 3604,
    "sff": "spinal"
  },
  {
    "docID": "N195 Resnick 2003",
    "et": "SpinalWhiteMatter",
    "off": 9749,
    "sff": "spinal"
  },
  {
    "docID": "N195 Resnick 2003",
    "et": "SpinalWhiteMatter",
    "off": 16212,
    "sff": "spinal"
  },
  {
    "docID": "N195 Resnick 2003",
    "et": "SpinalWhiteMatter",
    "off": 16596,
    "sff": "spinal"
  },
  {
    "docID": "N195 Resnick 2003",
    "et": "SpinalWhiteMatter",
    "off": 16660,
    "sff": "spinal"
  },
  {
    "docID": "N195 Resnick 2003",
    "et": "SpinalWhiteMatter",
    "off": 272,
    "sff": "spinal"
  },
  {
    "docID": "N195 Resnick 2003",
    "et": "SpinalWhiteMatter",
    "off": 14993,
    "sff": "spinal"
  },
  {
    "docID": "N195 Resnick 2003",
    "et": "SpinalWhiteMatter",
    "off": 8751,
    "sff": "white"
  },
  {
    "docID": "N195 Resnick 2003",
    "et": "SpinalWhiteMatter",
    "off": 13840,
    "sff": "spinal"
  },
  {
    "docID": "N195 Resnick 2003",
    "et": "SpinalWhiteMatter",
    "off": 654,
    "sff": "spinal"
  },
  {
    "docID": "N195 Resnick 2003",
    "et": "SpinalWhiteMatter",
    "off": 1820,
    "sff": "spinal"
  },
  {
    "docID": "N195 Resnick 2003",
    "et": "SpinalWhiteMatter",
    "off": 4696,
    "sff": "spinal"
  },
  {
    "docID": "N195 Resnick 2003",
    "et": "SpinalWhiteMatter",
    "off": 19545,
    "sff": "spinal"
  },
  {
    "docID": "N195 Resnick 2003",
    "et": "SpinalWhiteMatter",
    "off": 9982,
    "sff": "white matter"
  },
  {
    "docID": "N195 Resnick 2003",
    "et": "SpinalWhiteMatter",
    "off": 11672,
    "sff": "spinal"
  },
  {
    "docID": "N195 Resnick 2003",
    "et": "SpinalWhiteMatter",
    "off": 16920,
    "sff": "spinal"
  },
  {
    "docID": "N195 Resnick 2003",
    "et": "Dorsal",
    "off": 13325,
    "sff": "dorsal"
  },
  {
    "docID": "N195 Resnick 2003",
    "et": "GaitCoordination",
    "off": 10785,
    "sff": "gait"
  },
  {
    "docID": "N195 Resnick 2003",
    "et": "BladderFunctionTest",
    "off": 4445,
    "sff": "bladder"
  },
  {
    "docID": "N195 Resnick 2003",
    "et": "BladderFunctionTest",
    "off": 4470,
    "sff": "bladder function"
  },
  {
    "docID": "N195 Resnick 2003",
    "et": "BodyWeightExamination",
    "off": 9565,
    "sff": "weight"
  },
  {
    "docID": "N195 Resnick 2003",
    "et": "BodyWeightExamination",
    "off": 10705,
    "sff": "weight"
  },
  {
    "docID": "N195 Resnick 2003",
    "et": "OpenFieldTest",
    "off": 4577,
    "sff": "open field"
  },
  {
    "docID": "N195 Resnick 2003",
    "et": "ElectrophysiologicalDuration",
    "off": 2073,
    "sff": "electrophysiological"
  },
  {
    "docID": "N195 Resnick 2003",
    "et": "SpinalGrayMatter",
    "off": 1703,
    "sff": "spinal"
  },
  {
    "docID": "N195 Resnick 2003",
    "et": "SpinalGrayMatter",
    "off": 2917,
    "sff": "spinal"
  },
  {
    "docID": "N195 Resnick 2003",
    "et": "SpinalGrayMatter",
    "off": 11633,
    "sff": "spinal"
  },
  {
    "docID": "N195 Resnick 2003",
    "et": "SpinalGrayMatter",
    "off": 1072,
    "sff": "spinal"
  },
  {
    "docID": "N195 Resnick 2003",
    "et": "SpinalGrayMatter",
    "off": 8555,
    "sff": "gray"
  },
  {
    "docID": "N195 Resnick 2003",
    "et": "SpinalGrayMatter",
    "off": 14438,
    "sff": "spinal"
  },
  {
    "docID": "N195 Resnick 2003",
    "et": "SpinalGrayMatter",
    "off": 16552,
    "sff": "spinal"
  },
  {
    "docID": "N195 Resnick 2003",
    "et": "SpinalGrayMatter",
    "off": 15163,
    "sff": "spinal"
  },
  {
    "docID": "N195 Resnick 2003",
    "et": "SpinalGrayMatter",
    "off": 8385,
    "sff": "spinal"
  },
  {
    "docID": "N195 Resnick 2003",
    "et": "SpinalGrayMatter",
    "off": 60,
    "sff": "Spinal"
  },
  {
    "docID": "N195 Resnick 2003",
    "et": "SpinalGrayMatter",
    "off": 8690,
    "sff": "spinal"
  },
  {
    "docID": "N195 Resnick 2003",
    "et": "SpinalGrayMatter",
    "off": 17012,
    "sff": "spinal"
  },
  {
    "docID": "N195 Resnick 2003",
    "et": "SpinalGrayMatter",
    "off": 4029,
    "sff": "spinal"
  },
  {
    "docID": "N195 Resnick 2003",
    "et": "SpinalGrayMatter",
    "off": 13942,
    "sff": "spinal"
  },
  {
    "docID": "N195 Resnick 2003",
    "et": "SpinalGrayMatter",
    "off": 16695,
    "sff": "spinal"
  },
  {
    "docID": "N195 Resnick 2003",
    "et": "SpinalGrayMatter",
    "off": 584,
    "sff": "spinal"
  },
  {
    "docID": "N195 Resnick 2003",
    "et": "SpinalGrayMatter",
    "off": 1415,
    "sff": "spinal"
  },
  {
    "docID": "N195 Resnick 2003",
    "et": "SpinalGrayMatter",
    "off": 8555,
    "sff": "gray matter"
  },
  {
    "docID": "N195 Resnick 2003",
    "et": "SpinalGrayMatter",
    "off": 13840,
    "sff": "spinal"
  },
  {
    "docID": "N195 Resnick 2003",
    "et": "SpinalGrayMatter",
    "off": 14993,
    "sff": "spinal"
  },
  {
    "docID": "N195 Resnick 2003",
    "et": "SpinalGrayMatter",
    "off": 272,
    "sff": "spinal"
  },
  {
    "docID": "N195 Resnick 2003",
    "et": "SpinalGrayMatter",
    "off": 654,
    "sff": "spinal"
  },
  {
    "docID": "N195 Resnick 2003",
    "et": "SpinalGrayMatter",
    "off": 9095,
    "sff": "spinal"
  },
  {
    "docID": "N195 Resnick 2003",
    "et": "SpinalGrayMatter",
    "off": 11209,
    "sff": "spinal"
  },
  {
    "docID": "N195 Resnick 2003",
    "et": "SpinalGrayMatter",
    "off": 4696,
    "sff": "spinal"
  },
  {
    "docID": "N195 Resnick 2003",
    "et": "SpinalGrayMatter",
    "off": 3604,
    "sff": "spinal"
  },
  {
    "docID": "N195 Resnick 2003",
    "et": "SpinalGrayMatter",
    "off": 10911,
    "sff": "spinal"
  },
  {
    "docID": "N195 Resnick 2003",
    "et": "SpinalGrayMatter",
    "off": 8928,
    "sff": "spinal"
  },
  {
    "docID": "N195 Resnick 2003",
    "et": "SpinalGrayMatter",
    "off": 16212,
    "sff": "spinal"
  },
  {
    "docID": "N195 Resnick 2003",
    "et": "SpinalGrayMatter",
    "off": 16596,
    "sff": "spinal"
  },
  {
    "docID": "N195 Resnick 2003",
    "et": "SpinalGrayMatter",
    "off": 16660,
    "sff": "spinal"
  },
  {
    "docID": "N195 Resnick 2003",
    "et": "SpinalGrayMatter",
    "off": 9749,
    "sff": "spinal"
  },
  {
    "docID": "N195 Resnick 2003",
    "et": "SpinalGrayMatter",
    "off": 1820,
    "sff": "spinal"
  },
  {
    "docID": "N195 Resnick 2003",
    "et": "SpinalGrayMatter",
    "off": 11672,
    "sff": "spinal"
  },
  {
    "docID": "N195 Resnick 2003",
    "et": "SpinalGrayMatter",
    "off": 16920,
    "sff": "spinal"
  },
  {
    "docID": "N195 Resnick 2003",
    "et": "SpinalGrayMatter",
    "off": 19545,
    "sff": "spinal"
  },
  {
    "docID": "N195 Resnick 2003",
    "et": "LocomotorTest",
    "off": 14127,
    "sff": "locomotor"
  },
  {
    "docID": "N195 Resnick 2003",
    "et": "LocomotorTest",
    "off": 15529,
    "sff": "locomotor"
  },
  {
    "docID": "N195 Resnick 2003",
    "et": "BladderFunctionParameter",
    "off": 1801,
    "sff": "function"
  },
  {
    "docID": "N195 Resnick 2003",
    "et": "BladderFunctionParameter",
    "off": 10873,
    "sff": "function"
  },
  {
    "docID": "N195 Resnick 2003",
    "et": "BladderFunctionParameter",
    "off": 4445,
    "sff": "bladder"
  },
  {
    "docID": "N195 Resnick 2003",
    "et": "BladderFunctionParameter",
    "off": 13690,
    "sff": "function"
  },
  {
    "docID": "N195 Resnick 2003",
    "et": "BladderFunctionParameter",
    "off": 11126,
    "sff": "function"
  },
  {
    "docID": "N195 Resnick 2003",
    "et": "BladderFunctionParameter",
    "off": 4470,
    "sff": "bladder function"
  },
  {
    "docID": "N195 Resnick 2003",
    "et": "BladderFunctionParameter",
    "off": 1919,
    "sff": "function"
  },
  {
    "docID": "N195 Resnick 2003",
    "et": "BladderFunctionParameter",
    "off": 12367,
    "sff": "function"
  },
  {
    "docID": "N195 Resnick 2003",
    "et": "BladderFunctionParameter",
    "off": 17232,
    "sff": "function"
  },
  {
    "docID": "N195 Resnick 2003",
    "et": "BladderFunctionParameter",
    "off": 2877,
    "sff": "function"
  },
  {
    "docID": "N195 Resnick 2003",
    "et": "BladderFunctionParameter",
    "off": 539,
    "sff": "function"
  },
  {
    "docID": "N195 Resnick 2003",
    "et": "RelativePawPlacement",
    "off": 17196,
    "sff": "relative"
  },
  {
    "docID": "N195 Resnick 2003",
    "et": "GaitTest",
    "off": 10785,
    "sff": "gait"
  },
  {
    "docID": "N195 Resnick 2003",
    "et": "GaitAnalysisParameter",
    "off": 4997,
    "sff": "analysis"
  },
  {
    "docID": "N195 Resnick 2003",
    "et": "GaitAnalysisParameter",
    "off": 5045,
    "sff": "analysis"
  },
  {
    "docID": "N195 Resnick 2003",
    "et": "GaitAnalysisParameter",
    "off": 10785,
    "sff": "gait"
  },
  {
    "docID": "N195 Resnick 2003",
    "et": "AutomatedGaitAnalysis",
    "off": 10785,
    "sff": "gait"
  },
  {
    "docID": "N195 Resnick 2003",
    "et": "BladderSize",
    "off": 4445,
    "sff": "bladder"
  },
  {
    "docID": "N195 Resnick 2003",
    "et": "BladderSize",
    "off": 4470,
    "sff": "bladder"
  },
  {
    "docID": "N195 Resnick 2003",
    "et": "NeuronalCellLossTest",
    "off": 6504,
    "sff": "cell"
  },
  {
    "docID": "N195 Resnick 2003",
    "et": "NeuronalCellLossTest",
    "off": 19464,
    "sff": "cell"
  },
  {
    "docID": "N195 Resnick 2003",
    "et": "NeuronalCellLossTest",
    "off": 12562,
    "sff": "neuronal"
  },
  {
    "docID": "N195 Resnick 2003",
    "et": "NeuronalCellLossTest",
    "off": 12179,
    "sff": "cell"
  },
  {
    "docID": "N195 Resnick 2003",
    "et": "NeuronalCellLossTest",
    "off": 15730,
    "sff": "cell"
  },
  {
    "docID": "N195 Resnick 2003",
    "et": "NeuronalCellLossTest",
    "off": 29,
    "sff": "Cell"
  },
  {
    "docID": "N195 Resnick 2003",
    "et": "NeuronalCellLossTest",
    "off": 335,
    "sff": "cell"
  },
  {
    "docID": "N195 Resnick 2003",
    "et": "NeuronalCellLossTest",
    "off": 2815,
    "sff": "cell"
  },
  {
    "docID": "N195 Resnick 2003",
    "et": "NeuronalCellLossTest",
    "off": 14478,
    "sff": "cell"
  },
  {
    "docID": "N195 Resnick 2003",
    "et": "NeuronalCellLossTest",
    "off": 2188,
    "sff": "cell"
  },
  {
    "docID": "N195 Resnick 2003",
    "et": "VascularFunctionParameter",
    "off": 11126,
    "sff": "function"
  },
  {
    "docID": "N195 Resnick 2003",
    "et": "VascularFunctionParameter",
    "off": 1801,
    "sff": "function"
  },
  {
    "docID": "N195 Resnick 2003",
    "et": "VascularFunctionParameter",
    "off": 10873,
    "sff": "function"
  },
  {
    "docID": "N195 Resnick 2003",
    "et": "VascularFunctionParameter",
    "off": 539,
    "sff": "function"
  },
  {
    "docID": "N195 Resnick 2003",
    "et": "VascularFunctionParameter",
    "off": 13690,
    "sff": "function"
  },
  {
    "docID": "N195 Resnick 2003",
    "et": "VascularFunctionParameter",
    "off": 2877,
    "sff": "function"
  },
  {
    "docID": "N195 Resnick 2003",
    "et": "VascularFunctionParameter",
    "off": 1919,
    "sff": "function"
  },
  {
    "docID": "N195 Resnick 2003",
    "et": "VascularFunctionParameter",
    "off": 12367,
    "sff": "function"
  },
  {
    "docID": "N195 Resnick 2003",
    "et": "VascularFunctionParameter",
    "off": 4478,
    "sff": "function"
  },
  {
    "docID": "N195 Resnick 2003",
    "et": "VascularFunctionParameter",
    "off": 17232,
    "sff": "function"
  },
  {
    "docID": "N195 Resnick 2003",
    "et": "ObservationOfAnimalBehaviour",
    "off": 4955,
    "sff": "animal"
  },
  {
    "docID": "N195 Resnick 2003",
    "et": "ObservationOfAnimalBehaviour",
    "off": 8894,
    "sff": "animal"
  },
  {
    "docID": "N195 Resnick 2003",
    "et": "ObservationOfAnimalBehaviour",
    "off": 3711,
    "sff": "animal"
  },
  {
    "docID": "N195 Resnick 2003",
    "et": "ObservationOfAnimalBehaviour",
    "off": 4831,
    "sff": "animal"
  },
  {
    "docID": "N195 Resnick 2003",
    "et": "ObservationOfAnimalBehaviour",
    "off": 9265,
    "sff": "animal"
  },
  {
    "docID": "N195 Resnick 2003",
    "et": "ObservationOfAnimalBehaviour",
    "off": 3445,
    "sff": "animal"
  },
  {
    "docID": "N195 Resnick 2003",
    "et": "ObservationOfAnimalBehaviour",
    "off": 8917,
    "sff": "animal"
  },
  {
    "docID": "N195 Resnick 2003",
    "et": "ObservationOfAnimalBehaviour",
    "off": 9141,
    "sff": "animal"
  },
  {
    "docID": "N195 Resnick 2003",
    "et": "ObservationOfAnimalBehaviour",
    "off": 9598,
    "sff": "Animal"
  },
  {
    "docID": "N195 Resnick 2003",
    "et": "ObservationOfAnimalBehaviour",
    "off": 2248,
    "sff": "animal"
  },
  {
    "docID": "N195 Resnick 2003",
    "et": "ObservationOfAnimalBehaviour",
    "off": 9164,
    "sff": "animal"
  },
  {
    "docID": "N195 Resnick 2003",
    "et": "ObservationOfAnimalBehaviour",
    "off": 8644,
    "sff": "animal"
  },
  {
    "docID": "N195 Resnick 2003",
    "et": "ObservationOfAnimalBehaviour",
    "off": 3845,
    "sff": "animal"
  },
  {
    "docID": "N195 Resnick 2003",
    "et": "BladderWeight",
    "off": 4470,
    "sff": "bladder"
  },
  {
    "docID": "N195 Resnick 2003",
    "et": "BladderWeight",
    "off": 4445,
    "sff": "bladder"
  },
  {
    "docID": "N195 Resnick 2003",
    "et": "SpinalDorsalHalf",
    "off": 16552,
    "sff": "spinal"
  },
  {
    "docID": "N195 Resnick 2003",
    "et": "SpinalDorsalHalf",
    "off": 17012,
    "sff": "spinal"
  },
  {
    "docID": "N195 Resnick 2003",
    "et": "SpinalDorsalHalf",
    "off": 16695,
    "sff": "spinal"
  },
  {
    "docID": "N195 Resnick 2003",
    "et": "SpinalDorsalHalf",
    "off": 13942,
    "sff": "spinal"
  },
  {
    "docID": "N195 Resnick 2003",
    "et": "SpinalDorsalHalf",
    "off": 11633,
    "sff": "spinal"
  },
  {
    "docID": "N195 Resnick 2003",
    "et": "SpinalDorsalHalf",
    "off": 1072,
    "sff": "spinal"
  },
  {
    "docID": "N195 Resnick 2003",
    "et": "SpinalDorsalHalf",
    "off": 8690,
    "sff": "spinal"
  },
  {
    "docID": "N195 Resnick 2003",
    "et": "SpinalDorsalHalf",
    "off": 4029,
    "sff": "spinal"
  },
  {
    "docID": "N195 Resnick 2003",
    "et": "SpinalDorsalHalf",
    "off": 60,
    "sff": "Spinal"
  },
  {
    "docID": "N195 Resnick 2003",
    "et": "SpinalDorsalHalf",
    "off": 15163,
    "sff": "spinal"
  },
  {
    "docID": "N195 Resnick 2003",
    "et": "SpinalDorsalHalf",
    "off": 1415,
    "sff": "spinal"
  },
  {
    "docID": "N195 Resnick 2003",
    "et": "SpinalDorsalHalf",
    "off": 9095,
    "sff": "spinal"
  },
  {
    "docID": "N195 Resnick 2003",
    "et": "SpinalDorsalHalf",
    "off": 8385,
    "sff": "spinal"
  },
  {
    "docID": "N195 Resnick 2003",
    "et": "SpinalDorsalHalf",
    "off": 654,
    "sff": "spinal"
  },
  {
    "docID": "N195 Resnick 2003",
    "et": "SpinalDorsalHalf",
    "off": 11209,
    "sff": "spinal"
  },
  {
    "docID": "N195 Resnick 2003",
    "et": "SpinalDorsalHalf",
    "off": 584,
    "sff": "spinal"
  },
  {
    "docID": "N195 Resnick 2003",
    "et": "SpinalDorsalHalf",
    "off": 9749,
    "sff": "spinal"
  },
  {
    "docID": "N195 Resnick 2003",
    "et": "SpinalDorsalHalf",
    "off": 3604,
    "sff": "spinal"
  },
  {
    "docID": "N195 Resnick 2003",
    "et": "SpinalDorsalHalf",
    "off": 16212,
    "sff": "spinal"
  },
  {
    "docID": "N195 Resnick 2003",
    "et": "SpinalDorsalHalf",
    "off": 16596,
    "sff": "spinal"
  },
  {
    "docID": "N195 Resnick 2003",
    "et": "SpinalDorsalHalf",
    "off": 16660,
    "sff": "spinal"
  },
  {
    "docID": "N195 Resnick 2003",
    "et": "SpinalDorsalHalf",
    "off": 14993,
    "sff": "spinal"
  },
  {
    "docID": "N195 Resnick 2003",
    "et": "SpinalDorsalHalf",
    "off": 272,
    "sff": "spinal"
  },
  {
    "docID": "N195 Resnick 2003",
    "et": "SpinalDorsalHalf",
    "off": 13840,
    "sff": "spinal"
  },
  {
    "docID": "N195 Resnick 2003",
    "et": "SpinalDorsalHalf",
    "off": 1820,
    "sff": "spinal"
  },
  {
    "docID": "N195 Resnick 2003",
    "et": "SpinalDorsalHalf",
    "off": 10911,
    "sff": "spinal"
  },
  {
    "docID": "N195 Resnick 2003",
    "et": "SpinalDorsalHalf",
    "off": 19545,
    "sff": "spinal"
  },
  {
    "docID": "N195 Resnick 2003",
    "et": "SpinalDorsalHalf",
    "off": 4696,
    "sff": "spinal"
  },
  {
    "docID": "N195 Resnick 2003",
    "et": "SpinalDorsalHalf",
    "off": 11672,
    "sff": "spinal"
  },
  {
    "docID": "N195 Resnick 2003",
    "et": "SpinalDorsalHalf",
    "off": 16920,
    "sff": "spinal"
  },
  {
    "docID": "N195 Resnick 2003",
    "et": "SpinalDorsalHalf",
    "off": 2917,
    "sff": "spinal"
  },
  {
    "docID": "N195 Resnick 2003",
    "et": "SpinalDorsalHalf",
    "off": 1703,
    "sff": "spinal"
  },
  {
    "docID": "N195 Resnick 2003",
    "et": "SpinalDorsalHalf",
    "off": 14438,
    "sff": "spinal"
  },
  {
    "docID": "N195 Resnick 2003",
    "et": "SpinalDorsalHalf",
    "off": 8928,
    "sff": "spinal"
  },
  {
    "docID": "N195 Resnick 2003",
    "et": "SpinalDorsalHalf",
    "off": 13325,
    "sff": "dorsal"
  },
  {
    "docID": "N195 Resnick 2003",
    "et": "WalkingAnalysisTest",
    "off": 11250,
    "sff": "walking"
  },
  {
    "docID": "N195 Resnick 2003",
    "et": "NeuronalChangesTest",
    "off": 12562,
    "sff": "neuronal"
  },
  {
    "docID": "N195 Resnick 2003",
    "et": "HistologicalInvestigationTest",
    "off": 2059,
    "sff": "histological"
  },
  {
    "docID": "N195 Resnick 2003",
    "et": "HistologicalInvestigationTest",
    "off": 845,
    "sff": "Histological"
  },
  {
    "docID": "N195 Resnick 2003",
    "et": "HistologicalInvestigationTest",
    "off": 2575,
    "sff": "histological"
  },
  {
    "docID": "N195 Resnick 2003",
    "et": "HistologicalInvestigationTest",
    "off": 12154,
    "sff": "Histological"
  },
  {
    "docID": "N195 Resnick 2003",
    "et": "HistologicalInvestigationTest",
    "off": 18385,
    "sff": "histological"
  },
  {
    "docID": "N195 Resnick 2003",
    "et": "HistologicalInvestigationTest",
    "off": 16632,
    "sff": "Histological"
  },
  {
    "docID": "N195 Resnick 2003",
    "et": "HistologicalInvestigationTest",
    "off": 13367,
    "sff": "histological"
  },
  {
    "docID": "N195 Resnick 2003",
    "et": "HistologicalInvestigationTest",
    "off": 4728,
    "sff": "histological"
  },
  {
    "docID": "N195 Resnick 2003",
    "et": "HistologicalInvestigationTest",
    "off": 12537,
    "sff": "histological"
  },
  {
    "docID": "N195 Resnick 2003",
    "et": "HistologicalInvestigationTest",
    "off": 15705,
    "sff": "histological"
  },
  {
    "docID": "N195 Resnick 2003",
    "et": "LimbMuscleStrengthTest",
    "off": 11121,
    "sff": "limb"
  },
  {
    "docID": "N195 Resnick 2003",
    "et": "NeuronalActivityTest",
    "off": 12562,
    "sff": "neuronal"
  },
  {
    "docID": "N195 Resnick 2003",
    "et": "SpinalCordEvokedPotentialsTest",
    "off": 8928,
    "sff": "spinal cord"
  },
  {
    "docID": "N195 Resnick 2003",
    "et": "SpinalCordEvokedPotentialsTest",
    "off": 10911,
    "sff": "spinal cord"
  },
  {
    "docID": "N195 Resnick 2003",
    "et": "SpinalCordEvokedPotentialsTest",
    "off": 1820,
    "sff": "spinal cord"
  },
  {
    "docID": "N195 Resnick 2003",
    "et": "SpinalCordEvokedPotentialsTest",
    "off": 16552,
    "sff": "spinal cord"
  },
  {
    "docID": "N195 Resnick 2003",
    "et": "SpinalCordEvokedPotentialsTest",
    "off": 1703,
    "sff": "spinal cord"
  },
  {
    "docID": "N195 Resnick 2003",
    "et": "SpinalCordEvokedPotentialsTest",
    "off": 14438,
    "sff": "spinal cord"
  },
  {
    "docID": "N195 Resnick 2003",
    "et": "SpinalCordEvokedPotentialsTest",
    "off": 2917,
    "sff": "spinal cord"
  },
  {
    "docID": "N195 Resnick 2003",
    "et": "SpinalCordEvokedPotentialsTest",
    "off": 272,
    "sff": "spinal cord"
  },
  {
    "docID": "N195 Resnick 2003",
    "et": "SpinalCordEvokedPotentialsTest",
    "off": 13840,
    "sff": "spinal cord"
  },
  {
    "docID": "N195 Resnick 2003",
    "et": "SpinalCordEvokedPotentialsTest",
    "off": 14993,
    "sff": "spinal cord"
  },
  {
    "docID": "N195 Resnick 2003",
    "et": "SpinalCordEvokedPotentialsTest",
    "off": 654,
    "sff": "spinal cord"
  },
  {
    "docID": "N195 Resnick 2003",
    "et": "SpinalCordEvokedPotentialsTest",
    "off": 11672,
    "sff": "spinal cord"
  },
  {
    "docID": "N195 Resnick 2003",
    "et": "SpinalCordEvokedPotentialsTest",
    "off": 16920,
    "sff": "spinal cord"
  },
  {
    "docID": "N195 Resnick 2003",
    "et": "SpinalCordEvokedPotentialsTest",
    "off": 19545,
    "sff": "spinal cord"
  },
  {
    "docID": "N195 Resnick 2003",
    "et": "SpinalCordEvokedPotentialsTest",
    "off": 3604,
    "sff": "spinal cord"
  },
  {
    "docID": "N195 Resnick 2003",
    "et": "SpinalCordEvokedPotentialsTest",
    "off": 16212,
    "sff": "spinal cord"
  },
  {
    "docID": "N195 Resnick 2003",
    "et": "SpinalCordEvokedPotentialsTest",
    "off": 8385,
    "sff": "spinal cord"
  },
  {
    "docID": "N195 Resnick 2003",
    "et": "SpinalCordEvokedPotentialsTest",
    "off": 15163,
    "sff": "spinal cord"
  },
  {
    "docID": "N195 Resnick 2003",
    "et": "SpinalCordEvokedPotentialsTest",
    "off": 4029,
    "sff": "spinal cord"
  },
  {
    "docID": "N195 Resnick 2003",
    "et": "SpinalCordEvokedPotentialsTest",
    "off": 60,
    "sff": "Spinal Cord"
  },
  {
    "docID": "N195 Resnick 2003",
    "et": "SpinalCordEvokedPotentialsTest",
    "off": 584,
    "sff": "spinal cord"
  },
  {
    "docID": "N195 Resnick 2003",
    "et": "SpinalCordEvokedPotentialsTest",
    "off": 1415,
    "sff": "spinal cord"
  },
  {
    "docID": "N195 Resnick 2003",
    "et": "SpinalCordEvokedPotentialsTest",
    "off": 9095,
    "sff": "spinal cord"
  },
  {
    "docID": "N195 Resnick 2003",
    "et": "SpinalCordEvokedPotentialsTest",
    "off": 11209,
    "sff": "spinal cord"
  },
  {
    "docID": "N195 Resnick 2003",
    "et": "SpinalCordEvokedPotentialsTest",
    "off": 1072,
    "sff": "spinal cord"
  },
  {
    "docID": "N195 Resnick 2003",
    "et": "SpinalCordEvokedPotentialsTest",
    "off": 4696,
    "sff": "spinal"
  },
  {
    "docID": "N195 Resnick 2003",
    "et": "SpinalCordEvokedPotentialsTest",
    "off": 8690,
    "sff": "spinal cord"
  },
  {
    "docID": "N195 Resnick 2003",
    "et": "SpinalCordEvokedPotentialsTest",
    "off": 11633,
    "sff": "spinal cord"
  },
  {
    "docID": "N195 Resnick 2003",
    "et": "SpinalCordEvokedPotentialsTest",
    "off": 16695,
    "sff": "spinal cord"
  },
  {
    "docID": "N195 Resnick 2003",
    "et": "SpinalCordEvokedPotentialsTest",
    "off": 16596,
    "sff": "spinal"
  },
  {
    "docID": "N195 Resnick 2003",
    "et": "SpinalCordEvokedPotentialsTest",
    "off": 16660,
    "sff": "spinal"
  },
  {
    "docID": "N195 Resnick 2003",
    "et": "SpinalCordEvokedPotentialsTest",
    "off": 17012,
    "sff": "spinal cord"
  },
  {
    "docID": "N195 Resnick 2003",
    "et": "SpinalCordEvokedPotentialsTest",
    "off": 13942,
    "sff": "spinal cord"
  },
  {
    "docID": "N195 Resnick 2003",
    "et": "SpinalCordEvokedPotentialsTest",
    "off": 9749,
    "sff": "spinal"
  }
]
