[
  {
    "docID": "N201 Sasaki 2006",
    "et": "ForelimbStrengthTest",
    "off": 17606,
    "sff": "forelimb"
  },
  {
    "docID": "N201 Sasaki 2006",
    "et": "BrainNucleus",
    "off": 12980,
    "sff": "brain"
  },
  {
    "docID": "N201 Sasaki 2006",
    "et": "BrainNucleus",
    "off": 6887,
    "sff": "brain"
  },
  {
    "docID": "N201 Sasaki 2006",
    "et": "BrainNucleus",
    "off": 6313,
    "sff": "brain"
  },
  {
    "docID": "N201 Sasaki 2006",
    "et": "BBBTest",
    "off": 9471,
    "sff": "BBB"
  },
  {
    "docID": "N201 Sasaki 2006",
    "et": "BBBTest",
    "off": 22425,
    "sff": "BBB"
  },
  {
    "docID": "N201 Sasaki 2006",
    "et": "BBBTest",
    "off": 22117,
    "sff": "BBB"
  },
  {
    "docID": "N201 Sasaki 2006",
    "et": "BBBTest",
    "off": 9684,
    "sff": "BBB"
  },
  {
    "docID": "N201 Sasaki 2006",
    "et": "WalkingAnalysisParameter",
    "off": 8453,
    "sff": "analysis"
  },
  {
    "docID": "N201 Sasaki 2006",
    "et": "WalkingAnalysisParameter",
    "off": 9185,
    "sff": "analysis"
  },
  {
    "docID": "N201 Sasaki 2006",
    "et": "WalkingAnalysisParameter",
    "off": 15089,
    "sff": "analysis"
  },
  {
    "docID": "N201 Sasaki 2006",
    "et": "WalkingAnalysisParameter",
    "off": 8864,
    "sff": "analysis"
  },
  {
    "docID": "N201 Sasaki 2006",
    "et": "WalkingAnalysisParameter",
    "off": 21005,
    "sff": "analysis"
  },
  {
    "docID": "N201 Sasaki 2006",
    "et": "WalkingAnalysisParameter",
    "off": 1115,
    "sff": "analysis"
  },
  {
    "docID": "N201 Sasaki 2006",
    "et": "WalkingAnalysisParameter",
    "off": 15259,
    "sff": "analysis"
  },
  {
    "docID": "N201 Sasaki 2006",
    "et": "WalkingAnalysisParameter",
    "off": 7616,
    "sff": "Analysis"
  },
  {
    "docID": "N201 Sasaki 2006",
    "et": "WalkingAnalysisParameter",
    "off": 9688,
    "sff": "analysis"
  },
  {
    "docID": "N201 Sasaki 2006",
    "et": "WalkingAnalysisParameter",
    "off": 20694,
    "sff": "analysis"
  },
  {
    "docID": "N201 Sasaki 2006",
    "et": "MolecularChangesTest",
    "off": 6050,
    "sff": "Molecular"
  },
  {
    "docID": "N201 Sasaki 2006",
    "et": "SpinalSubduralArea",
    "off": 22618,
    "sff": "spinal"
  },
  {
    "docID": "N201 Sasaki 2006",
    "et": "SpinalSubduralArea",
    "off": 16665,
    "sff": "spinal"
  },
  {
    "docID": "N201 Sasaki 2006",
    "et": "SpinalSubduralArea",
    "off": 27609,
    "sff": "spinal"
  },
  {
    "docID": "N201 Sasaki 2006",
    "et": "SpinalSubduralArea",
    "off": 21720,
    "sff": "spinal"
  },
  {
    "docID": "N201 Sasaki 2006",
    "et": "SpinalSubduralArea",
    "off": 542,
    "sff": "spinal"
  },
  {
    "docID": "N201 Sasaki 2006",
    "et": "SpinalSubduralArea",
    "off": 18652,
    "sff": "spinal"
  },
  {
    "docID": "N201 Sasaki 2006",
    "et": "SpinalSubduralArea",
    "off": 24859,
    "sff": "spinal"
  },
  {
    "docID": "N201 Sasaki 2006",
    "et": "SpinalSubduralArea",
    "off": 1829,
    "sff": "spinal"
  },
  {
    "docID": "N201 Sasaki 2006",
    "et": "SpinalSubduralArea",
    "off": 23880,
    "sff": "spinal"
  },
  {
    "docID": "N201 Sasaki 2006",
    "et": "SpinalSubduralArea",
    "off": 10567,
    "sff": "spinal"
  },
  {
    "docID": "N201 Sasaki 2006",
    "et": "SpinalSubduralArea",
    "off": 9952,
    "sff": "Spinal"
  },
  {
    "docID": "N201 Sasaki 2006",
    "et": "SpinalSubduralArea",
    "off": 23182,
    "sff": "spinal"
  },
  {
    "docID": "N201 Sasaki 2006",
    "et": "SpinalSubduralArea",
    "off": 850,
    "sff": "spinal"
  },
  {
    "docID": "N201 Sasaki 2006",
    "et": "SpinalSubduralArea",
    "off": 3666,
    "sff": "spinal"
  },
  {
    "docID": "N201 Sasaki 2006",
    "et": "SpinalSubduralArea",
    "off": 1168,
    "sff": "spinal"
  },
  {
    "docID": "N201 Sasaki 2006",
    "et": "SpinalSubduralArea",
    "off": 1488,
    "sff": "spinal"
  },
  {
    "docID": "N201 Sasaki 2006",
    "et": "SpinalSubduralArea",
    "off": 17175,
    "sff": "Spinal"
  },
  {
    "docID": "N201 Sasaki 2006",
    "et": "SpinalSubduralArea",
    "off": 25812,
    "sff": "spinal"
  },
  {
    "docID": "N201 Sasaki 2006",
    "et": "SpinalSubduralArea",
    "off": 21818,
    "sff": "spinal"
  },
  {
    "docID": "N201 Sasaki 2006",
    "et": "SpinalSubduralArea",
    "off": 3384,
    "sff": "spinal"
  },
  {
    "docID": "N201 Sasaki 2006",
    "et": "SpinalSubduralArea",
    "off": 3127,
    "sff": "spinal"
  },
  {
    "docID": "N201 Sasaki 2006",
    "et": "SpinalSubduralArea",
    "off": 11906,
    "sff": "spinal"
  },
  {
    "docID": "N201 Sasaki 2006",
    "et": "SpinalSubduralArea",
    "off": 2432,
    "sff": "spinal"
  },
  {
    "docID": "N201 Sasaki 2006",
    "et": "SpinalSubduralArea",
    "off": 1343,
    "sff": "spinal"
  },
  {
    "docID": "N201 Sasaki 2006",
    "et": "SpinalSubduralArea",
    "off": 26815,
    "sff": "spinal"
  },
  {
    "docID": "N201 Sasaki 2006",
    "et": "SpinalSubduralArea",
    "off": 22789,
    "sff": "spinal"
  },
  {
    "docID": "N201 Sasaki 2006",
    "et": "SpinalSubduralArea",
    "off": 6439,
    "sff": "spinal"
  },
  {
    "docID": "N201 Sasaki 2006",
    "et": "SpinalSubduralArea",
    "off": 25006,
    "sff": "spinal"
  },
  {
    "docID": "N201 Sasaki 2006",
    "et": "SpinalSubduralArea",
    "off": 59,
    "sff": "Spinal"
  },
  {
    "docID": "N201 Sasaki 2006",
    "et": "SpinalSubduralArea",
    "off": 16056,
    "sff": "Spinal"
  },
  {
    "docID": "N201 Sasaki 2006",
    "et": "SpinalSubduralArea",
    "off": 23413,
    "sff": "spinal"
  },
  {
    "docID": "N201 Sasaki 2006",
    "et": "SpinalSubduralArea",
    "off": 6323,
    "sff": "spinal"
  },
  {
    "docID": "N201 Sasaki 2006",
    "et": "SpinalSubduralArea",
    "off": 12147,
    "sff": "spinal"
  },
  {
    "docID": "N201 Sasaki 2006",
    "et": "StainingArea",
    "off": 4944,
    "sff": "staining"
  },
  {
    "docID": "N201 Sasaki 2006",
    "et": "StainingArea",
    "off": 13798,
    "sff": "staining"
  },
  {
    "docID": "N201 Sasaki 2006",
    "et": "StainingArea",
    "off": 18902,
    "sff": "staining"
  },
  {
    "docID": "N201 Sasaki 2006",
    "et": "StainingArea",
    "off": 12195,
    "sff": "staining"
  },
  {
    "docID": "N201 Sasaki 2006",
    "et": "StainingArea",
    "off": 17076,
    "sff": "Staining"
  },
  {
    "docID": "N201 Sasaki 2006",
    "et": "StainingArea",
    "off": 19306,
    "sff": "staining"
  },
  {
    "docID": "N201 Sasaki 2006",
    "et": "StainingArea",
    "off": 19223,
    "sff": "staining"
  },
  {
    "docID": "N201 Sasaki 2006",
    "et": "StainingArea",
    "off": 19048,
    "sff": "staining"
  },
  {
    "docID": "N201 Sasaki 2006",
    "et": "Intraspinal",
    "off": 26270,
    "sff": "intraspinal"
  },
  {
    "docID": "N201 Sasaki 2006",
    "et": "Intraspinal",
    "off": 26366,
    "sff": "intraspinal"
  },
  {
    "docID": "N201 Sasaki 2006",
    "et": "Intraspinal",
    "off": 26001,
    "sff": "intraspinal"
  },
  {
    "docID": "N201 Sasaki 2006",
    "et": "Intraspinal",
    "off": 25851,
    "sff": "intraspinal"
  },
  {
    "docID": "N201 Sasaki 2006",
    "et": "SpinalFiberTract",
    "off": 11906,
    "sff": "spinal"
  },
  {
    "docID": "N201 Sasaki 2006",
    "et": "SpinalFiberTract",
    "off": 59,
    "sff": "Spinal"
  },
  {
    "docID": "N201 Sasaki 2006",
    "et": "SpinalFiberTract",
    "off": 22789,
    "sff": "spinal"
  },
  {
    "docID": "N201 Sasaki 2006",
    "et": "SpinalFiberTract",
    "off": 1343,
    "sff": "spinal"
  },
  {
    "docID": "N201 Sasaki 2006",
    "et": "SpinalFiberTract",
    "off": 2432,
    "sff": "spinal"
  },
  {
    "docID": "N201 Sasaki 2006",
    "et": "SpinalFiberTract",
    "off": 26815,
    "sff": "spinal"
  },
  {
    "docID": "N201 Sasaki 2006",
    "et": "SpinalFiberTract",
    "off": 21818,
    "sff": "spinal"
  },
  {
    "docID": "N201 Sasaki 2006",
    "et": "SpinalFiberTract",
    "off": 16056,
    "sff": "Spinal"
  },
  {
    "docID": "N201 Sasaki 2006",
    "et": "SpinalFiberTract",
    "off": 3127,
    "sff": "spinal"
  },
  {
    "docID": "N201 Sasaki 2006",
    "et": "SpinalFiberTract",
    "off": 3384,
    "sff": "spinal"
  },
  {
    "docID": "N201 Sasaki 2006",
    "et": "SpinalFiberTract",
    "off": 850,
    "sff": "spinal"
  },
  {
    "docID": "N201 Sasaki 2006",
    "et": "SpinalFiberTract",
    "off": 3666,
    "sff": "spinal"
  },
  {
    "docID": "N201 Sasaki 2006",
    "et": "SpinalFiberTract",
    "off": 25812,
    "sff": "spinal"
  },
  {
    "docID": "N201 Sasaki 2006",
    "et": "SpinalFiberTract",
    "off": 23182,
    "sff": "spinal"
  },
  {
    "docID": "N201 Sasaki 2006",
    "et": "SpinalFiberTract",
    "off": 1168,
    "sff": "spinal"
  },
  {
    "docID": "N201 Sasaki 2006",
    "et": "SpinalFiberTract",
    "off": 1488,
    "sff": "spinal"
  },
  {
    "docID": "N201 Sasaki 2006",
    "et": "SpinalFiberTract",
    "off": 10567,
    "sff": "spinal"
  },
  {
    "docID": "N201 Sasaki 2006",
    "et": "SpinalFiberTract",
    "off": 23880,
    "sff": "spinal"
  },
  {
    "docID": "N201 Sasaki 2006",
    "et": "SpinalFiberTract",
    "off": 1829,
    "sff": "spinal"
  },
  {
    "docID": "N201 Sasaki 2006",
    "et": "SpinalFiberTract",
    "off": 9952,
    "sff": "Spinal"
  },
  {
    "docID": "N201 Sasaki 2006",
    "et": "SpinalFiberTract",
    "off": 542,
    "sff": "spinal"
  },
  {
    "docID": "N201 Sasaki 2006",
    "et": "SpinalFiberTract",
    "off": 24859,
    "sff": "spinal"
  },
  {
    "docID": "N201 Sasaki 2006",
    "et": "SpinalFiberTract",
    "off": 17175,
    "sff": "Spinal"
  },
  {
    "docID": "N201 Sasaki 2006",
    "et": "SpinalFiberTract",
    "off": 22618,
    "sff": "spinal"
  },
  {
    "docID": "N201 Sasaki 2006",
    "et": "SpinalFiberTract",
    "off": 18652,
    "sff": "spinal"
  },
  {
    "docID": "N201 Sasaki 2006",
    "et": "SpinalFiberTract",
    "off": 27609,
    "sff": "spinal"
  },
  {
    "docID": "N201 Sasaki 2006",
    "et": "SpinalFiberTract",
    "off": 16665,
    "sff": "spinal"
  },
  {
    "docID": "N201 Sasaki 2006",
    "et": "SpinalFiberTract",
    "off": 21720,
    "sff": "spinal"
  },
  {
    "docID": "N201 Sasaki 2006",
    "et": "SpinalFiberTract",
    "off": 6323,
    "sff": "spinal"
  },
  {
    "docID": "N201 Sasaki 2006",
    "et": "SpinalFiberTract",
    "off": 12147,
    "sff": "spinal"
  },
  {
    "docID": "N201 Sasaki 2006",
    "et": "SpinalFiberTract",
    "off": 23413,
    "sff": "spinal"
  },
  {
    "docID": "N201 Sasaki 2006",
    "et": "SpinalFiberTract",
    "off": 25006,
    "sff": "spinal"
  },
  {
    "docID": "N201 Sasaki 2006",
    "et": "SpinalFiberTract",
    "off": 6439,
    "sff": "spinal"
  },
  {
    "docID": "N201 Sasaki 2006",
    "et": "ForelimbAsymmetryTest",
    "off": 17606,
    "sff": "forelimb"
  },
  {
    "docID": "N201 Sasaki 2006",
    "et": "SpinalVentralHalf",
    "off": 23413,
    "sff": "spinal"
  },
  {
    "docID": "N201 Sasaki 2006",
    "et": "SpinalVentralHalf",
    "off": 6323,
    "sff": "spinal"
  },
  {
    "docID": "N201 Sasaki 2006",
    "et": "SpinalVentralHalf",
    "off": 12147,
    "sff": "spinal"
  },
  {
    "docID": "N201 Sasaki 2006",
    "et": "SpinalVentralHalf",
    "off": 16056,
    "sff": "Spinal"
  },
  {
    "docID": "N201 Sasaki 2006",
    "et": "SpinalVentralHalf",
    "off": 59,
    "sff": "Spinal"
  },
  {
    "docID": "N201 Sasaki 2006",
    "et": "SpinalVentralHalf",
    "off": 21818,
    "sff": "spinal"
  },
  {
    "docID": "N201 Sasaki 2006",
    "et": "SpinalVentralHalf",
    "off": 3127,
    "sff": "spinal"
  },
  {
    "docID": "N201 Sasaki 2006",
    "et": "SpinalVentralHalf",
    "off": 3384,
    "sff": "spinal"
  },
  {
    "docID": "N201 Sasaki 2006",
    "et": "SpinalVentralHalf",
    "off": 22789,
    "sff": "spinal"
  },
  {
    "docID": "N201 Sasaki 2006",
    "et": "SpinalVentralHalf",
    "off": 11906,
    "sff": "spinal"
  },
  {
    "docID": "N201 Sasaki 2006",
    "et": "SpinalVentralHalf",
    "off": 1343,
    "sff": "spinal"
  },
  {
    "docID": "N201 Sasaki 2006",
    "et": "SpinalVentralHalf",
    "off": 26815,
    "sff": "spinal"
  },
  {
    "docID": "N201 Sasaki 2006",
    "et": "SpinalVentralHalf",
    "off": 2432,
    "sff": "spinal"
  },
  {
    "docID": "N201 Sasaki 2006",
    "et": "SpinalVentralHalf",
    "off": 23182,
    "sff": "spinal"
  },
  {
    "docID": "N201 Sasaki 2006",
    "et": "SpinalVentralHalf",
    "off": 10567,
    "sff": "spinal"
  },
  {
    "docID": "N201 Sasaki 2006",
    "et": "SpinalVentralHalf",
    "off": 23880,
    "sff": "spinal"
  },
  {
    "docID": "N201 Sasaki 2006",
    "et": "SpinalVentralHalf",
    "off": 25812,
    "sff": "spinal"
  },
  {
    "docID": "N201 Sasaki 2006",
    "et": "SpinalVentralHalf",
    "off": 850,
    "sff": "spinal"
  },
  {
    "docID": "N201 Sasaki 2006",
    "et": "SpinalVentralHalf",
    "off": 3666,
    "sff": "spinal"
  },
  {
    "docID": "N201 Sasaki 2006",
    "et": "SpinalVentralHalf",
    "off": 1168,
    "sff": "spinal"
  },
  {
    "docID": "N201 Sasaki 2006",
    "et": "SpinalVentralHalf",
    "off": 1488,
    "sff": "spinal"
  },
  {
    "docID": "N201 Sasaki 2006",
    "et": "SpinalVentralHalf",
    "off": 17175,
    "sff": "Spinal"
  },
  {
    "docID": "N201 Sasaki 2006",
    "et": "SpinalVentralHalf",
    "off": 542,
    "sff": "spinal"
  },
  {
    "docID": "N201 Sasaki 2006",
    "et": "SpinalVentralHalf",
    "off": 24859,
    "sff": "spinal"
  },
  {
    "docID": "N201 Sasaki 2006",
    "et": "SpinalVentralHalf",
    "off": 18652,
    "sff": "spinal"
  },
  {
    "docID": "N201 Sasaki 2006",
    "et": "SpinalVentralHalf",
    "off": 16665,
    "sff": "spinal"
  },
  {
    "docID": "N201 Sasaki 2006",
    "et": "SpinalVentralHalf",
    "off": 27609,
    "sff": "spinal"
  },
  {
    "docID": "N201 Sasaki 2006",
    "et": "SpinalVentralHalf",
    "off": 22618,
    "sff": "spinal"
  },
  {
    "docID": "N201 Sasaki 2006",
    "et": "SpinalVentralHalf",
    "off": 21720,
    "sff": "spinal"
  },
  {
    "docID": "N201 Sasaki 2006",
    "et": "SpinalVentralHalf",
    "off": 1829,
    "sff": "spinal"
  },
  {
    "docID": "N201 Sasaki 2006",
    "et": "SpinalVentralHalf",
    "off": 9952,
    "sff": "Spinal"
  },
  {
    "docID": "N201 Sasaki 2006",
    "et": "SpinalVentralHalf",
    "off": 25006,
    "sff": "spinal"
  },
  {
    "docID": "N201 Sasaki 2006",
    "et": "SpinalVentralHalf",
    "off": 6439,
    "sff": "spinal"
  },
  {
    "docID": "N201 Sasaki 2006",
    "et": "Rostral",
    "off": 17833,
    "sff": "rostral"
  },
  {
    "docID": "N201 Sasaki 2006",
    "et": "Rostral",
    "off": 5666,
    "sff": "rostral"
  },
  {
    "docID": "N201 Sasaki 2006",
    "et": "TissueSparingTest",
    "off": 10085,
    "sff": "Tissue"
  },
  {
    "docID": "N201 Sasaki 2006",
    "et": "TissueSparingTest",
    "off": 18754,
    "sff": "tissue"
  },
  {
    "docID": "N201 Sasaki 2006",
    "et": "TissueSparingTest",
    "off": 6335,
    "sff": "tissue"
  },
  {
    "docID": "N201 Sasaki 2006",
    "et": "TissueSparingTest",
    "off": 7325,
    "sff": "tissue"
  },
  {
    "docID": "N201 Sasaki 2006",
    "et": "DorsalColumn",
    "off": 5544,
    "sff": "dorsal"
  },
  {
    "docID": "N201 Sasaki 2006",
    "et": "DorsalColumn",
    "off": 5226,
    "sff": "dorsal"
  },
  {
    "docID": "N201 Sasaki 2006",
    "et": "DorsalColumn",
    "off": 17168,
    "sff": "Dorsal"
  },
  {
    "docID": "N201 Sasaki 2006",
    "et": "DorsalColumn",
    "off": 832,
    "sff": "dorsal"
  },
  {
    "docID": "N201 Sasaki 2006",
    "et": "DorsalColumn",
    "off": 4954,
    "sff": "Dorsal"
  },
  {
    "docID": "N201 Sasaki 2006",
    "et": "DorsalColumn",
    "off": 27602,
    "sff": "dorsal"
  },
  {
    "docID": "N201 Sasaki 2006",
    "et": "DorsalColumn",
    "off": 22771,
    "sff": "dorsal"
  },
  {
    "docID": "N201 Sasaki 2006",
    "et": "DorsalColumn",
    "off": 17228,
    "sff": "dorsal"
  },
  {
    "docID": "N201 Sasaki 2006",
    "et": "DorsalColumn",
    "off": 5453,
    "sff": "dorsal"
  },
  {
    "docID": "N201 Sasaki 2006",
    "et": "DorsalColumn",
    "off": 25949,
    "sff": "dorsal"
  },
  {
    "docID": "N201 Sasaki 2006",
    "et": "DorsalColumn",
    "off": 52,
    "sff": "Dorsal"
  },
  {
    "docID": "N201 Sasaki 2006",
    "et": "SpinalFiber",
    "off": 25812,
    "sff": "spinal"
  },
  {
    "docID": "N201 Sasaki 2006",
    "et": "SpinalFiber",
    "off": 850,
    "sff": "spinal"
  },
  {
    "docID": "N201 Sasaki 2006",
    "et": "SpinalFiber",
    "off": 3666,
    "sff": "spinal"
  },
  {
    "docID": "N201 Sasaki 2006",
    "et": "SpinalFiber",
    "off": 1168,
    "sff": "spinal"
  },
  {
    "docID": "N201 Sasaki 2006",
    "et": "SpinalFiber",
    "off": 1488,
    "sff": "spinal"
  },
  {
    "docID": "N201 Sasaki 2006",
    "et": "SpinalFiber",
    "off": 17175,
    "sff": "Spinal"
  },
  {
    "docID": "N201 Sasaki 2006",
    "et": "SpinalFiber",
    "off": 542,
    "sff": "spinal"
  },
  {
    "docID": "N201 Sasaki 2006",
    "et": "SpinalFiber",
    "off": 18652,
    "sff": "spinal"
  },
  {
    "docID": "N201 Sasaki 2006",
    "et": "SpinalFiber",
    "off": 22618,
    "sff": "spinal"
  },
  {
    "docID": "N201 Sasaki 2006",
    "et": "SpinalFiber",
    "off": 24859,
    "sff": "spinal"
  },
  {
    "docID": "N201 Sasaki 2006",
    "et": "SpinalFiber",
    "off": 21720,
    "sff": "spinal"
  },
  {
    "docID": "N201 Sasaki 2006",
    "et": "SpinalFiber",
    "off": 16665,
    "sff": "spinal"
  },
  {
    "docID": "N201 Sasaki 2006",
    "et": "SpinalFiber",
    "off": 27609,
    "sff": "spinal"
  },
  {
    "docID": "N201 Sasaki 2006",
    "et": "SpinalFiber",
    "off": 10567,
    "sff": "spinal"
  },
  {
    "docID": "N201 Sasaki 2006",
    "et": "SpinalFiber",
    "off": 22789,
    "sff": "spinal"
  },
  {
    "docID": "N201 Sasaki 2006",
    "et": "SpinalFiber",
    "off": 11906,
    "sff": "spinal"
  },
  {
    "docID": "N201 Sasaki 2006",
    "et": "SpinalFiber",
    "off": 2432,
    "sff": "spinal"
  },
  {
    "docID": "N201 Sasaki 2006",
    "et": "SpinalFiber",
    "off": 23182,
    "sff": "spinal"
  },
  {
    "docID": "N201 Sasaki 2006",
    "et": "SpinalFiber",
    "off": 23880,
    "sff": "spinal"
  },
  {
    "docID": "N201 Sasaki 2006",
    "et": "SpinalFiber",
    "off": 3127,
    "sff": "spinal"
  },
  {
    "docID": "N201 Sasaki 2006",
    "et": "SpinalFiber",
    "off": 23413,
    "sff": "spinal"
  },
  {
    "docID": "N201 Sasaki 2006",
    "et": "SpinalFiber",
    "off": 6323,
    "sff": "spinal"
  },
  {
    "docID": "N201 Sasaki 2006",
    "et": "SpinalFiber",
    "off": 12147,
    "sff": "spinal"
  },
  {
    "docID": "N201 Sasaki 2006",
    "et": "SpinalFiber",
    "off": 16056,
    "sff": "Spinal"
  },
  {
    "docID": "N201 Sasaki 2006",
    "et": "SpinalFiber",
    "off": 1343,
    "sff": "spinal"
  },
  {
    "docID": "N201 Sasaki 2006",
    "et": "SpinalFiber",
    "off": 26815,
    "sff": "spinal"
  },
  {
    "docID": "N201 Sasaki 2006",
    "et": "SpinalFiber",
    "off": 59,
    "sff": "Spinal"
  },
  {
    "docID": "N201 Sasaki 2006",
    "et": "SpinalFiber",
    "off": 21818,
    "sff": "spinal"
  },
  {
    "docID": "N201 Sasaki 2006",
    "et": "SpinalFiber",
    "off": 3384,
    "sff": "spinal"
  },
  {
    "docID": "N201 Sasaki 2006",
    "et": "SpinalFiber",
    "off": 9952,
    "sff": "Spinal"
  },
  {
    "docID": "N201 Sasaki 2006",
    "et": "SpinalFiber",
    "off": 6439,
    "sff": "spinal"
  },
  {
    "docID": "N201 Sasaki 2006",
    "et": "SpinalFiber",
    "off": 1829,
    "sff": "spinal"
  },
  {
    "docID": "N201 Sasaki 2006",
    "et": "SpinalFiber",
    "off": 25006,
    "sff": "spinal"
  },
  {
    "docID": "N201 Sasaki 2006",
    "et": "MotorReflexTest",
    "off": 27740,
    "sff": "motor"
  },
  {
    "docID": "N201 Sasaki 2006",
    "et": "MotorReflexTest",
    "off": 17376,
    "sff": "motor"
  },
  {
    "docID": "N201 Sasaki 2006",
    "et": "MotorReflexTest",
    "off": 1511,
    "sff": "motor"
  },
  {
    "docID": "N201 Sasaki 2006",
    "et": "MotorReflexTest",
    "off": 13175,
    "sff": "motor"
  },
  {
    "docID": "N201 Sasaki 2006",
    "et": "MotorReflexTest",
    "off": 3444,
    "sff": "motor"
  },
  {
    "docID": "N201 Sasaki 2006",
    "et": "MotorReflexTest",
    "off": 888,
    "sff": "motor"
  },
  {
    "docID": "N201 Sasaki 2006",
    "et": "MotorReflexTest",
    "off": 2936,
    "sff": "motor"
  },
  {
    "docID": "N201 Sasaki 2006",
    "et": "MotorReflexTest",
    "off": 25929,
    "sff": "motor"
  },
  {
    "docID": "N201 Sasaki 2006",
    "et": "MotorReflexTest",
    "off": 26057,
    "sff": "motor"
  },
  {
    "docID": "N201 Sasaki 2006",
    "et": "SurvivalObservation",
    "off": 20615,
    "sff": "survival"
  },
  {
    "docID": "N201 Sasaki 2006",
    "et": "SurvivalObservation",
    "off": 24680,
    "sff": "survival"
  },
  {
    "docID": "N201 Sasaki 2006",
    "et": "SurvivalObservation",
    "off": 21581,
    "sff": "survival"
  },
  {
    "docID": "N201 Sasaki 2006",
    "et": "SurvivalObservation",
    "off": 3277,
    "sff": "survival"
  },
  {
    "docID": "N201 Sasaki 2006",
    "et": "SurvivalObservation",
    "off": 26620,
    "sff": "survival"
  },
  {
    "docID": "N201 Sasaki 2006",
    "et": "SurvivalObservation",
    "off": 26206,
    "sff": "survival"
  },
  {
    "docID": "N201 Sasaki 2006",
    "et": "SurvivalObservation",
    "off": 9764,
    "sff": "survival"
  },
  {
    "docID": "N201 Sasaki 2006",
    "et": "SurvivalObservation",
    "off": 27572,
    "sff": "survival"
  },
  {
    "docID": "N201 Sasaki 2006",
    "et": "AxonalRegenerationTest",
    "off": 22625,
    "sff": "axonal"
  },
  {
    "docID": "N201 Sasaki 2006",
    "et": "AxonalRegenerationTest",
    "off": 2527,
    "sff": "axonal"
  },
  {
    "docID": "N201 Sasaki 2006",
    "et": "AxonalRegenerationTest",
    "off": 26702,
    "sff": "axonal"
  },
  {
    "docID": "N201 Sasaki 2006",
    "et": "AxonalRegenerationTest",
    "off": 27102,
    "sff": "axonal"
  },
  {
    "docID": "N201 Sasaki 2006",
    "et": "AxonalRegenerationTest",
    "off": 583,
    "sff": "axonal regeneration"
  },
  {
    "docID": "N201 Sasaki 2006",
    "et": "AxonalRegenerationTest",
    "off": 1467,
    "sff": "axonal"
  },
  {
    "docID": "N201 Sasaki 2006",
    "et": "AxonalRegenerationTest",
    "off": 21594,
    "sff": "axonal regeneration"
  },
  {
    "docID": "N201 Sasaki 2006",
    "et": "AxonalRegenerationTest",
    "off": 16984,
    "sff": "Axonal"
  },
  {
    "docID": "N201 Sasaki 2006",
    "et": "AxonalRegenerationTest",
    "off": 26535,
    "sff": "Axonal"
  },
  {
    "docID": "N201 Sasaki 2006",
    "et": "ProteinLevelAnalysis",
    "off": 1550,
    "sff": "level"
  },
  {
    "docID": "N201 Sasaki 2006",
    "et": "ProteinLevelAnalysis",
    "off": 26088,
    "sff": "level"
  },
  {
    "docID": "N201 Sasaki 2006",
    "et": "SpinalLesionSite",
    "off": 850,
    "sff": "spinal"
  },
  {
    "docID": "N201 Sasaki 2006",
    "et": "SpinalLesionSite",
    "off": 3666,
    "sff": "spinal"
  },
  {
    "docID": "N201 Sasaki 2006",
    "et": "SpinalLesionSite",
    "off": 16533,
    "sff": "lesion"
  },
  {
    "docID": "N201 Sasaki 2006",
    "et": "SpinalLesionSite",
    "off": 1168,
    "sff": "spinal"
  },
  {
    "docID": "N201 Sasaki 2006",
    "et": "SpinalLesionSite",
    "off": 1488,
    "sff": "spinal"
  },
  {
    "docID": "N201 Sasaki 2006",
    "et": "SpinalLesionSite",
    "off": 23182,
    "sff": "spinal"
  },
  {
    "docID": "N201 Sasaki 2006",
    "et": "SpinalLesionSite",
    "off": 10567,
    "sff": "spinal"
  },
  {
    "docID": "N201 Sasaki 2006",
    "et": "SpinalLesionSite",
    "off": 1563,
    "sff": "lesion"
  },
  {
    "docID": "N201 Sasaki 2006",
    "et": "SpinalLesionSite",
    "off": 23880,
    "sff": "spinal"
  },
  {
    "docID": "N201 Sasaki 2006",
    "et": "SpinalLesionSite",
    "off": 22789,
    "sff": "spinal"
  },
  {
    "docID": "N201 Sasaki 2006",
    "et": "SpinalLesionSite",
    "off": 26081,
    "sff": "lesion"
  },
  {
    "docID": "N201 Sasaki 2006",
    "et": "SpinalLesionSite",
    "off": 21982,
    "sff": "lesion"
  },
  {
    "docID": "N201 Sasaki 2006",
    "et": "SpinalLesionSite",
    "off": 3615,
    "sff": "lesion"
  },
  {
    "docID": "N201 Sasaki 2006",
    "et": "SpinalLesionSite",
    "off": 542,
    "sff": "spinal"
  },
  {
    "docID": "N201 Sasaki 2006",
    "et": "SpinalLesionSite",
    "off": 9952,
    "sff": "Spinal"
  },
  {
    "docID": "N201 Sasaki 2006",
    "et": "SpinalLesionSite",
    "off": 24859,
    "sff": "spinal"
  },
  {
    "docID": "N201 Sasaki 2006",
    "et": "SpinalLesionSite",
    "off": 7751,
    "sff": "lesion"
  },
  {
    "docID": "N201 Sasaki 2006",
    "et": "SpinalLesionSite",
    "off": 18652,
    "sff": "spinal"
  },
  {
    "docID": "N201 Sasaki 2006",
    "et": "SpinalLesionSite",
    "off": 16665,
    "sff": "spinal"
  },
  {
    "docID": "N201 Sasaki 2006",
    "et": "SpinalLesionSite",
    "off": 27609,
    "sff": "spinal"
  },
  {
    "docID": "N201 Sasaki 2006",
    "et": "SpinalLesionSite",
    "off": 22618,
    "sff": "spinal"
  },
  {
    "docID": "N201 Sasaki 2006",
    "et": "SpinalLesionSite",
    "off": 5706,
    "sff": "lesion"
  },
  {
    "docID": "N201 Sasaki 2006",
    "et": "SpinalLesionSite",
    "off": 21720,
    "sff": "spinal"
  },
  {
    "docID": "N201 Sasaki 2006",
    "et": "SpinalLesionSite",
    "off": 16592,
    "sff": "lesion"
  },
  {
    "docID": "N201 Sasaki 2006",
    "et": "SpinalLesionSite",
    "off": 17175,
    "sff": "Spinal"
  },
  {
    "docID": "N201 Sasaki 2006",
    "et": "SpinalLesionSite",
    "off": 16399,
    "sff": "lesion"
  },
  {
    "docID": "N201 Sasaki 2006",
    "et": "SpinalLesionSite",
    "off": 25812,
    "sff": "spinal"
  },
  {
    "docID": "N201 Sasaki 2006",
    "et": "SpinalLesionSite",
    "off": 10034,
    "sff": "lesion"
  },
  {
    "docID": "N201 Sasaki 2006",
    "et": "SpinalLesionSite",
    "off": 25006,
    "sff": "spinal"
  },
  {
    "docID": "N201 Sasaki 2006",
    "et": "SpinalLesionSite",
    "off": 12091,
    "sff": "lesion site"
  },
  {
    "docID": "N201 Sasaki 2006",
    "et": "SpinalLesionSite",
    "off": 6439,
    "sff": "spinal"
  },
  {
    "docID": "N201 Sasaki 2006",
    "et": "SpinalLesionSite",
    "off": 12091,
    "sff": "lesion"
  },
  {
    "docID": "N201 Sasaki 2006",
    "et": "SpinalLesionSite",
    "off": 1829,
    "sff": "spinal"
  },
  {
    "docID": "N201 Sasaki 2006",
    "et": "SpinalLesionSite",
    "off": 59,
    "sff": "Spinal"
  },
  {
    "docID": "N201 Sasaki 2006",
    "et": "SpinalLesionSite",
    "off": 11906,
    "sff": "spinal"
  },
  {
    "docID": "N201 Sasaki 2006",
    "et": "SpinalLesionSite",
    "off": 1343,
    "sff": "spinal"
  },
  {
    "docID": "N201 Sasaki 2006",
    "et": "SpinalLesionSite",
    "off": 26815,
    "sff": "spinal"
  },
  {
    "docID": "N201 Sasaki 2006",
    "et": "SpinalLesionSite",
    "off": 2432,
    "sff": "spinal"
  },
  {
    "docID": "N201 Sasaki 2006",
    "et": "SpinalLesionSite",
    "off": 12648,
    "sff": "lesion"
  },
  {
    "docID": "N201 Sasaki 2006",
    "et": "SpinalLesionSite",
    "off": 6118,
    "sff": "lesion"
  },
  {
    "docID": "N201 Sasaki 2006",
    "et": "SpinalLesionSite",
    "off": 21818,
    "sff": "spinal"
  },
  {
    "docID": "N201 Sasaki 2006",
    "et": "SpinalLesionSite",
    "off": 3127,
    "sff": "spinal"
  },
  {
    "docID": "N201 Sasaki 2006",
    "et": "SpinalLesionSite",
    "off": 3384,
    "sff": "spinal"
  },
  {
    "docID": "N201 Sasaki 2006",
    "et": "SpinalLesionSite",
    "off": 16056,
    "sff": "Spinal"
  },
  {
    "docID": "N201 Sasaki 2006",
    "et": "SpinalLesionSite",
    "off": 16240,
    "sff": "lesion"
  },
  {
    "docID": "N201 Sasaki 2006",
    "et": "SpinalLesionSite",
    "off": 23413,
    "sff": "spinal"
  },
  {
    "docID": "N201 Sasaki 2006",
    "et": "SpinalLesionSite",
    "off": 6323,
    "sff": "spinal"
  },
  {
    "docID": "N201 Sasaki 2006",
    "et": "SpinalLesionSite",
    "off": 12147,
    "sff": "spinal"
  },
  {
    "docID": "N201 Sasaki 2006",
    "et": "RubrospinalTract",
    "off": 26468,
    "sff": "rubrospinal"
  },
  {
    "docID": "N201 Sasaki 2006",
    "et": "T9",
    "off": 5223,
    "sff": "T9"
  },
  {
    "docID": "N201 Sasaki 2006",
    "et": "T9",
    "off": 17282,
    "sff": "T9"
  },
  {
    "docID": "N201 Sasaki 2006",
    "et": "T9",
    "off": 10048,
    "sff": "T9"
  },
  {
    "docID": "N201 Sasaki 2006",
    "et": "T9",
    "off": 863,
    "sff": "T9"
  },
  {
    "docID": "N201 Sasaki 2006",
    "et": "LesionVolumeTest",
    "off": 1563,
    "sff": "lesion"
  },
  {
    "docID": "N201 Sasaki 2006",
    "et": "LesionVolumeTest",
    "off": 12091,
    "sff": "lesion"
  },
  {
    "docID": "N201 Sasaki 2006",
    "et": "LesionVolumeTest",
    "off": 21982,
    "sff": "lesion"
  },
  {
    "docID": "N201 Sasaki 2006",
    "et": "LesionVolumeTest",
    "off": 3615,
    "sff": "lesion"
  },
  {
    "docID": "N201 Sasaki 2006",
    "et": "LesionVolumeTest",
    "off": 26081,
    "sff": "lesion"
  },
  {
    "docID": "N201 Sasaki 2006",
    "et": "LesionVolumeTest",
    "off": 6118,
    "sff": "lesion"
  },
  {
    "docID": "N201 Sasaki 2006",
    "et": "LesionVolumeTest",
    "off": 7751,
    "sff": "lesion"
  },
  {
    "docID": "N201 Sasaki 2006",
    "et": "LesionVolumeTest",
    "off": 12648,
    "sff": "lesion"
  },
  {
    "docID": "N201 Sasaki 2006",
    "et": "LesionVolumeTest",
    "off": 5706,
    "sff": "lesion"
  },
  {
    "docID": "N201 Sasaki 2006",
    "et": "LesionVolumeTest",
    "off": 16399,
    "sff": "lesion"
  },
  {
    "docID": "N201 Sasaki 2006",
    "et": "LesionVolumeTest",
    "off": 16240,
    "sff": "lesion"
  },
  {
    "docID": "N201 Sasaki 2006",
    "et": "LesionVolumeTest",
    "off": 16592,
    "sff": "lesion"
  },
  {
    "docID": "N201 Sasaki 2006",
    "et": "LesionVolumeTest",
    "off": 10034,
    "sff": "lesion"
  },
  {
    "docID": "N201 Sasaki 2006",
    "et": "LesionVolumeTest",
    "off": 16533,
    "sff": "lesion"
  },
  {
    "docID": "N201 Sasaki 2006",
    "et": "SchwannCellChangesTest",
    "off": 5759,
    "sff": "cell"
  },
  {
    "docID": "N201 Sasaki 2006",
    "et": "SchwannCellChangesTest",
    "off": 8128,
    "sff": "cell"
  },
  {
    "docID": "N201 Sasaki 2006",
    "et": "SchwannCellChangesTest",
    "off": 27288,
    "sff": "Schwann"
  },
  {
    "docID": "N201 Sasaki 2006",
    "et": "SchwannCellChangesTest",
    "off": 24451,
    "sff": "cell"
  },
  {
    "docID": "N201 Sasaki 2006",
    "et": "SchwannCellChangesTest",
    "off": 23746,
    "sff": "cell"
  },
  {
    "docID": "N201 Sasaki 2006",
    "et": "SchwannCellChangesTest",
    "off": 3272,
    "sff": "cell"
  },
  {
    "docID": "N201 Sasaki 2006",
    "et": "SchwannCellChangesTest",
    "off": 24977,
    "sff": "Schwann"
  },
  {
    "docID": "N201 Sasaki 2006",
    "et": "SchwannCellChangesTest",
    "off": 2185,
    "sff": "cell"
  },
  {
    "docID": "N201 Sasaki 2006",
    "et": "SchwannCellChangesTest",
    "off": 8337,
    "sff": "cell"
  },
  {
    "docID": "N201 Sasaki 2006",
    "et": "SchwannCellChangesTest",
    "off": 16092,
    "sff": "cell"
  },
  {
    "docID": "N201 Sasaki 2006",
    "et": "SchwannCellChangesTest",
    "off": 25235,
    "sff": "Schwann cell"
  },
  {
    "docID": "N201 Sasaki 2006",
    "et": "SchwannCellChangesTest",
    "off": 25750,
    "sff": "Schwann cell"
  },
  {
    "docID": "N201 Sasaki 2006",
    "et": "SchwannCellChangesTest",
    "off": 25438,
    "sff": "cell"
  },
  {
    "docID": "N201 Sasaki 2006",
    "et": "SchwannCellChangesTest",
    "off": 4199,
    "sff": "cell"
  },
  {
    "docID": "N201 Sasaki 2006",
    "et": "SchwannCellChangesTest",
    "off": 13479,
    "sff": "cell"
  },
  {
    "docID": "N201 Sasaki 2006",
    "et": "SchwannCellChangesTest",
    "off": 22823,
    "sff": "cell"
  },
  {
    "docID": "N201 Sasaki 2006",
    "et": "SchwannCellChangesTest",
    "off": 25390,
    "sff": "Schwann"
  },
  {
    "docID": "N201 Sasaki 2006",
    "et": "SchwannCellChangesTest",
    "off": 23782,
    "sff": "cell"
  },
  {
    "docID": "N201 Sasaki 2006",
    "et": "SchwannCellChangesTest",
    "off": 2990,
    "sff": "cell"
  },
  {
    "docID": "N201 Sasaki 2006",
    "et": "SchwannCellChangesTest",
    "off": 23347,
    "sff": "cell"
  },
  {
    "docID": "N201 Sasaki 2006",
    "et": "SchwannCellChangesTest",
    "off": 25193,
    "sff": "Schwann"
  },
  {
    "docID": "N201 Sasaki 2006",
    "et": "SchwannCellChangesTest",
    "off": 2732,
    "sff": "Schwann"
  },
  {
    "docID": "N201 Sasaki 2006",
    "et": "SchwannCellChangesTest",
    "off": 17330,
    "sff": "cell"
  },
  {
    "docID": "N201 Sasaki 2006",
    "et": "SchwannCellChangesTest",
    "off": 14327,
    "sff": "cell"
  },
  {
    "docID": "N201 Sasaki 2006",
    "et": "SchwannCellChangesTest",
    "off": 15225,
    "sff": "cell"
  },
  {
    "docID": "N201 Sasaki 2006",
    "et": "MotorNeurons",
    "off": 27740,
    "sff": "motor"
  },
  {
    "docID": "N201 Sasaki 2006",
    "et": "MotorNeurons",
    "off": 17376,
    "sff": "motor"
  },
  {
    "docID": "N201 Sasaki 2006",
    "et": "MotorNeurons",
    "off": 25929,
    "sff": "motor neurons"
  },
  {
    "docID": "N201 Sasaki 2006",
    "et": "MotorNeurons",
    "off": 3444,
    "sff": "motor"
  },
  {
    "docID": "N201 Sasaki 2006",
    "et": "MotorNeurons",
    "off": 1511,
    "sff": "motor"
  },
  {
    "docID": "N201 Sasaki 2006",
    "et": "MotorNeurons",
    "off": 13175,
    "sff": "motor"
  },
  {
    "docID": "N201 Sasaki 2006",
    "et": "MotorNeurons",
    "off": 26057,
    "sff": "motor"
  },
  {
    "docID": "N201 Sasaki 2006",
    "et": "MotorNeurons",
    "off": 888,
    "sff": "motor"
  },
  {
    "docID": "N201 Sasaki 2006",
    "et": "MotorNeurons",
    "off": 2936,
    "sff": "motor"
  },
  {
    "docID": "N201 Sasaki 2006",
    "et": "FunctionalTest",
    "off": 27479,
    "sff": "functional"
  },
  {
    "docID": "N201 Sasaki 2006",
    "et": "FunctionalTest",
    "off": 2402,
    "sff": "functional"
  },
  {
    "docID": "N201 Sasaki 2006",
    "et": "FunctionalTest",
    "off": 26754,
    "sff": "functional"
  },
  {
    "docID": "N201 Sasaki 2006",
    "et": "FunctionalTest",
    "off": 3790,
    "sff": "functional"
  },
  {
    "docID": "N201 Sasaki 2006",
    "et": "FunctionalTest",
    "off": 26959,
    "sff": "functional"
  },
  {
    "docID": "N201 Sasaki 2006",
    "et": "FunctionalTest",
    "off": 1804,
    "sff": "functional"
  },
  {
    "docID": "N201 Sasaki 2006",
    "et": "FunctionalTest",
    "off": 2234,
    "sff": "functional"
  },
  {
    "docID": "N201 Sasaki 2006",
    "et": "FunctionalTest",
    "off": 616,
    "sff": "functional"
  },
  {
    "docID": "N201 Sasaki 2006",
    "et": "GaleRatingScoreTest",
    "off": 9486,
    "sff": "rating"
  },
  {
    "docID": "N201 Sasaki 2006",
    "et": "TreatmentSite",
    "off": 9591,
    "sff": "treatment"
  },
  {
    "docID": "N201 Sasaki 2006",
    "et": "Longitudinal",
    "off": 17567,
    "sff": "longitudinal"
  },
  {
    "docID": "N201 Sasaki 2006",
    "et": "SpinalCord",
    "off": 25006,
    "sff": "spinal cord"
  },
  {
    "docID": "N201 Sasaki 2006",
    "et": "SpinalCord",
    "off": 22618,
    "sff": "spinal"
  },
  {
    "docID": "N201 Sasaki 2006",
    "et": "SpinalCord",
    "off": 6323,
    "sff": "spinal cord"
  },
  {
    "docID": "N201 Sasaki 2006",
    "et": "SpinalCord",
    "off": 12147,
    "sff": "spinal cord"
  },
  {
    "docID": "N201 Sasaki 2006",
    "et": "SpinalCord",
    "off": 23413,
    "sff": "spinal cord"
  },
  {
    "docID": "N201 Sasaki 2006",
    "et": "SpinalCord",
    "off": 3127,
    "sff": "spinal cord"
  },
  {
    "docID": "N201 Sasaki 2006",
    "et": "SpinalCord",
    "off": 3384,
    "sff": "spinal cord"
  },
  {
    "docID": "N201 Sasaki 2006",
    "et": "SpinalCord",
    "off": 16056,
    "sff": "Spinal Cord"
  },
  {
    "docID": "N201 Sasaki 2006",
    "et": "SpinalCord",
    "off": 18652,
    "sff": "spinal"
  },
  {
    "docID": "N201 Sasaki 2006",
    "et": "SpinalCord",
    "off": 59,
    "sff": "Spinal Cord"
  },
  {
    "docID": "N201 Sasaki 2006",
    "et": "SpinalCord",
    "off": 1343,
    "sff": "spinal cord"
  },
  {
    "docID": "N201 Sasaki 2006",
    "et": "SpinalCord",
    "off": 26815,
    "sff": "spinal cord"
  },
  {
    "docID": "N201 Sasaki 2006",
    "et": "SpinalCord",
    "off": 11906,
    "sff": "spinal cord"
  },
  {
    "docID": "N201 Sasaki 2006",
    "et": "SpinalCord",
    "off": 22789,
    "sff": "spinal cord"
  },
  {
    "docID": "N201 Sasaki 2006",
    "et": "SpinalCord",
    "off": 10567,
    "sff": "spinal cord"
  },
  {
    "docID": "N201 Sasaki 2006",
    "et": "SpinalCord",
    "off": 23880,
    "sff": "spinal cord"
  },
  {
    "docID": "N201 Sasaki 2006",
    "et": "SpinalCord",
    "off": 23182,
    "sff": "spinal cord"
  },
  {
    "docID": "N201 Sasaki 2006",
    "et": "SpinalCord",
    "off": 1168,
    "sff": "spinal cord"
  },
  {
    "docID": "N201 Sasaki 2006",
    "et": "SpinalCord",
    "off": 1488,
    "sff": "spinal cord"
  },
  {
    "docID": "N201 Sasaki 2006",
    "et": "SpinalCord",
    "off": 850,
    "sff": "spinal cord"
  },
  {
    "docID": "N201 Sasaki 2006",
    "et": "SpinalCord",
    "off": 3666,
    "sff": "spinal cord"
  },
  {
    "docID": "N201 Sasaki 2006",
    "et": "SpinalCord",
    "off": 9952,
    "sff": "Spinal"
  },
  {
    "docID": "N201 Sasaki 2006",
    "et": "SpinalCord",
    "off": 21818,
    "sff": "spinal"
  },
  {
    "docID": "N201 Sasaki 2006",
    "et": "SpinalCord",
    "off": 17175,
    "sff": "Spinal Cord"
  },
  {
    "docID": "N201 Sasaki 2006",
    "et": "SpinalCord",
    "off": 25812,
    "sff": "spinal cord"
  },
  {
    "docID": "N201 Sasaki 2006",
    "et": "SpinalCord",
    "off": 21720,
    "sff": "spinal cord"
  },
  {
    "docID": "N201 Sasaki 2006",
    "et": "SpinalCord",
    "off": 16665,
    "sff": "spinal cord"
  },
  {
    "docID": "N201 Sasaki 2006",
    "et": "SpinalCord",
    "off": 27609,
    "sff": "spinal cord"
  },
  {
    "docID": "N201 Sasaki 2006",
    "et": "SpinalCord",
    "off": 24859,
    "sff": "spinal cord"
  },
  {
    "docID": "N201 Sasaki 2006",
    "et": "SpinalCord",
    "off": 542,
    "sff": "spinal cord"
  },
  {
    "docID": "N201 Sasaki 2006",
    "et": "SpinalCord",
    "off": 2432,
    "sff": "spinal"
  },
  {
    "docID": "N201 Sasaki 2006",
    "et": "SpinalCord",
    "off": 1829,
    "sff": "spinal cord"
  },
  {
    "docID": "N201 Sasaki 2006",
    "et": "SpinalCord",
    "off": 6439,
    "sff": "spinal cord"
  },
  {
    "docID": "N201 Sasaki 2006",
    "et": "LesionAdjacentTissue",
    "off": 5706,
    "sff": "lesion"
  },
  {
    "docID": "N201 Sasaki 2006",
    "et": "LesionAdjacentTissue",
    "off": 6118,
    "sff": "lesion"
  },
  {
    "docID": "N201 Sasaki 2006",
    "et": "LesionAdjacentTissue",
    "off": 7751,
    "sff": "lesion"
  },
  {
    "docID": "N201 Sasaki 2006",
    "et": "LesionAdjacentTissue",
    "off": 12648,
    "sff": "lesion"
  },
  {
    "docID": "N201 Sasaki 2006",
    "et": "LesionAdjacentTissue",
    "off": 10034,
    "sff": "lesion"
  },
  {
    "docID": "N201 Sasaki 2006",
    "et": "LesionAdjacentTissue",
    "off": 16399,
    "sff": "lesion"
  },
  {
    "docID": "N201 Sasaki 2006",
    "et": "LesionAdjacentTissue",
    "off": 16240,
    "sff": "lesion"
  },
  {
    "docID": "N201 Sasaki 2006",
    "et": "LesionAdjacentTissue",
    "off": 16592,
    "sff": "lesion"
  },
  {
    "docID": "N201 Sasaki 2006",
    "et": "LesionAdjacentTissue",
    "off": 1563,
    "sff": "lesion"
  },
  {
    "docID": "N201 Sasaki 2006",
    "et": "LesionAdjacentTissue",
    "off": 12091,
    "sff": "lesion"
  },
  {
    "docID": "N201 Sasaki 2006",
    "et": "LesionAdjacentTissue",
    "off": 16533,
    "sff": "lesion"
  },
  {
    "docID": "N201 Sasaki 2006",
    "et": "LesionAdjacentTissue",
    "off": 26081,
    "sff": "lesion"
  },
  {
    "docID": "N201 Sasaki 2006",
    "et": "LesionAdjacentTissue",
    "off": 21982,
    "sff": "lesion"
  },
  {
    "docID": "N201 Sasaki 2006",
    "et": "LesionAdjacentTissue",
    "off": 3615,
    "sff": "lesion"
  },
  {
    "docID": "N201 Sasaki 2006",
    "et": "StainingLength",
    "off": 12195,
    "sff": "staining"
  },
  {
    "docID": "N201 Sasaki 2006",
    "et": "StainingLength",
    "off": 4944,
    "sff": "staining"
  },
  {
    "docID": "N201 Sasaki 2006",
    "et": "StainingLength",
    "off": 13798,
    "sff": "staining"
  },
  {
    "docID": "N201 Sasaki 2006",
    "et": "StainingLength",
    "off": 19223,
    "sff": "staining"
  },
  {
    "docID": "N201 Sasaki 2006",
    "et": "StainingLength",
    "off": 18902,
    "sff": "staining"
  },
  {
    "docID": "N201 Sasaki 2006",
    "et": "StainingLength",
    "off": 17076,
    "sff": "Staining"
  },
  {
    "docID": "N201 Sasaki 2006",
    "et": "StainingLength",
    "off": 19306,
    "sff": "staining"
  },
  {
    "docID": "N201 Sasaki 2006",
    "et": "StainingLength",
    "off": 19048,
    "sff": "staining"
  },
  {
    "docID": "N201 Sasaki 2006",
    "et": "LimbRotation",
    "off": 9550,
    "sff": "limb"
  },
  {
    "docID": "N201 Sasaki 2006",
    "et": "T50MeanArterialPressure",
    "off": 15119,
    "sff": "mean"
  },
  {
    "docID": "N201 Sasaki 2006",
    "et": "Location",
    "off": 17498,
    "sff": "location"
  },
  {
    "docID": "N201 Sasaki 2006",
    "et": "Location",
    "off": 13073,
    "sff": "location"
  },
  {
    "docID": "N201 Sasaki 2006",
    "et": "ApoptosisTest",
    "off": 23612,
    "sff": "apoptosis"
  },
  {
    "docID": "N201 Sasaki 2006",
    "et": "ApoptosisTest",
    "off": 14174,
    "sff": "apoptosis"
  },
  {
    "docID": "N201 Sasaki 2006",
    "et": "ApoptosisTest",
    "off": 3423,
    "sff": "apoptosis"
  },
  {
    "docID": "N201 Sasaki 2006",
    "et": "ApoptosisTest",
    "off": 17125,
    "sff": "Apoptosis"
  },
  {
    "docID": "N201 Sasaki 2006",
    "et": "ApoptosisTest",
    "off": 22809,
    "sff": "apoptosis"
  },
  {
    "docID": "N201 Sasaki 2006",
    "et": "ApoptosisTest",
    "off": 3258,
    "sff": "apoptosis"
  },
  {
    "docID": "N201 Sasaki 2006",
    "et": "ApoptosisTest",
    "off": 916,
    "sff": "apoptosis"
  },
  {
    "docID": "N201 Sasaki 2006",
    "et": "ApoptosisTest",
    "off": 19029,
    "sff": "apoptosis"
  },
  {
    "docID": "N201 Sasaki 2006",
    "et": "ApoptosisTest",
    "off": 22581,
    "sff": "apoptosis"
  },
  {
    "docID": "N201 Sasaki 2006",
    "et": "ApoptosisTest",
    "off": 18711,
    "sff": "apoptosis"
  },
  {
    "docID": "N201 Sasaki 2006",
    "et": "StainingDensity",
    "off": 4944,
    "sff": "staining"
  },
  {
    "docID": "N201 Sasaki 2006",
    "et": "StainingDensity",
    "off": 12195,
    "sff": "staining"
  },
  {
    "docID": "N201 Sasaki 2006",
    "et": "StainingDensity",
    "off": 19223,
    "sff": "staining"
  },
  {
    "docID": "N201 Sasaki 2006",
    "et": "StainingDensity",
    "off": 13798,
    "sff": "staining"
  },
  {
    "docID": "N201 Sasaki 2006",
    "et": "StainingDensity",
    "off": 17076,
    "sff": "Staining"
  },
  {
    "docID": "N201 Sasaki 2006",
    "et": "StainingDensity",
    "off": 18902,
    "sff": "staining"
  },
  {
    "docID": "N201 Sasaki 2006",
    "et": "StainingDensity",
    "off": 19048,
    "sff": "staining"
  },
  {
    "docID": "N201 Sasaki 2006",
    "et": "StainingDensity",
    "off": 19306,
    "sff": "staining"
  },
  {
    "docID": "N201 Sasaki 2006",
    "et": "NeuroprotectionTest",
    "off": 2546,
    "sff": "neuroprotection"
  },
  {
    "docID": "N201 Sasaki 2006",
    "et": "NeuroprotectionTest",
    "off": 27702,
    "sff": "neuroprotection"
  },
  {
    "docID": "N201 Sasaki 2006",
    "et": "SensoryTest",
    "off": 1521,
    "sff": "sensory"
  },
  {
    "docID": "N201 Sasaki 2006",
    "et": "SensoryTest",
    "off": 17637,
    "sff": "sensory"
  },
  {
    "docID": "N201 Sasaki 2006",
    "et": "BBBSubscoreTest",
    "off": 9684,
    "sff": "BBB"
  },
  {
    "docID": "N201 Sasaki 2006",
    "et": "BBBSubscoreTest",
    "off": 22117,
    "sff": "BBB"
  },
  {
    "docID": "N201 Sasaki 2006",
    "et": "BBBSubscoreTest",
    "off": 22425,
    "sff": "BBB"
  },
  {
    "docID": "N201 Sasaki 2006",
    "et": "BBBSubscoreTest",
    "off": 9471,
    "sff": "BBB"
  },
  {
    "docID": "N201 Sasaki 2006",
    "et": "AxonalDamageTest",
    "off": 16984,
    "sff": "Axonal"
  },
  {
    "docID": "N201 Sasaki 2006",
    "et": "AxonalDamageTest",
    "off": 26535,
    "sff": "Axonal"
  },
  {
    "docID": "N201 Sasaki 2006",
    "et": "AxonalDamageTest",
    "off": 26702,
    "sff": "axonal"
  },
  {
    "docID": "N201 Sasaki 2006",
    "et": "AxonalDamageTest",
    "off": 27102,
    "sff": "axonal"
  },
  {
    "docID": "N201 Sasaki 2006",
    "et": "AxonalDamageTest",
    "off": 1467,
    "sff": "axonal"
  },
  {
    "docID": "N201 Sasaki 2006",
    "et": "AxonalDamageTest",
    "off": 21594,
    "sff": "axonal"
  },
  {
    "docID": "N201 Sasaki 2006",
    "et": "AxonalDamageTest",
    "off": 583,
    "sff": "axonal"
  },
  {
    "docID": "N201 Sasaki 2006",
    "et": "AxonalDamageTest",
    "off": 22625,
    "sff": "axonal"
  },
  {
    "docID": "N201 Sasaki 2006",
    "et": "AxonalDamageTest",
    "off": 2527,
    "sff": "axonal"
  },
  {
    "docID": "N201 Sasaki 2006",
    "et": "SpinalCentralPart",
    "off": 16665,
    "sff": "spinal"
  },
  {
    "docID": "N201 Sasaki 2006",
    "et": "SpinalCentralPart",
    "off": 27609,
    "sff": "spinal"
  },
  {
    "docID": "N201 Sasaki 2006",
    "et": "SpinalCentralPart",
    "off": 21720,
    "sff": "spinal"
  },
  {
    "docID": "N201 Sasaki 2006",
    "et": "SpinalCentralPart",
    "off": 24859,
    "sff": "spinal"
  },
  {
    "docID": "N201 Sasaki 2006",
    "et": "SpinalCentralPart",
    "off": 22618,
    "sff": "spinal"
  },
  {
    "docID": "N201 Sasaki 2006",
    "et": "SpinalCentralPart",
    "off": 25812,
    "sff": "spinal"
  },
  {
    "docID": "N201 Sasaki 2006",
    "et": "SpinalCentralPart",
    "off": 1168,
    "sff": "spinal"
  },
  {
    "docID": "N201 Sasaki 2006",
    "et": "SpinalCentralPart",
    "off": 1488,
    "sff": "spinal"
  },
  {
    "docID": "N201 Sasaki 2006",
    "et": "SpinalCentralPart",
    "off": 850,
    "sff": "spinal"
  },
  {
    "docID": "N201 Sasaki 2006",
    "et": "SpinalCentralPart",
    "off": 3666,
    "sff": "spinal"
  },
  {
    "docID": "N201 Sasaki 2006",
    "et": "SpinalCentralPart",
    "off": 17175,
    "sff": "Spinal"
  },
  {
    "docID": "N201 Sasaki 2006",
    "et": "SpinalCentralPart",
    "off": 23182,
    "sff": "spinal"
  },
  {
    "docID": "N201 Sasaki 2006",
    "et": "SpinalCentralPart",
    "off": 23880,
    "sff": "spinal"
  },
  {
    "docID": "N201 Sasaki 2006",
    "et": "SpinalCentralPart",
    "off": 22789,
    "sff": "spinal"
  },
  {
    "docID": "N201 Sasaki 2006",
    "et": "SpinalCentralPart",
    "off": 10567,
    "sff": "spinal"
  },
  {
    "docID": "N201 Sasaki 2006",
    "et": "SpinalCentralPart",
    "off": 2432,
    "sff": "spinal"
  },
  {
    "docID": "N201 Sasaki 2006",
    "et": "SpinalCentralPart",
    "off": 11906,
    "sff": "spinal"
  },
  {
    "docID": "N201 Sasaki 2006",
    "et": "SpinalCentralPart",
    "off": 1343,
    "sff": "spinal"
  },
  {
    "docID": "N201 Sasaki 2006",
    "et": "SpinalCentralPart",
    "off": 26815,
    "sff": "spinal"
  },
  {
    "docID": "N201 Sasaki 2006",
    "et": "SpinalCentralPart",
    "off": 3384,
    "sff": "spinal"
  },
  {
    "docID": "N201 Sasaki 2006",
    "et": "SpinalCentralPart",
    "off": 21818,
    "sff": "spinal"
  },
  {
    "docID": "N201 Sasaki 2006",
    "et": "SpinalCentralPart",
    "off": 23413,
    "sff": "spinal"
  },
  {
    "docID": "N201 Sasaki 2006",
    "et": "SpinalCentralPart",
    "off": 3127,
    "sff": "spinal"
  },
  {
    "docID": "N201 Sasaki 2006",
    "et": "SpinalCentralPart",
    "off": 59,
    "sff": "Spinal"
  },
  {
    "docID": "N201 Sasaki 2006",
    "et": "SpinalCentralPart",
    "off": 6323,
    "sff": "spinal"
  },
  {
    "docID": "N201 Sasaki 2006",
    "et": "SpinalCentralPart",
    "off": 12147,
    "sff": "spinal"
  },
  {
    "docID": "N201 Sasaki 2006",
    "et": "SpinalCentralPart",
    "off": 16056,
    "sff": "Spinal"
  },
  {
    "docID": "N201 Sasaki 2006",
    "et": "SpinalCentralPart",
    "off": 25006,
    "sff": "spinal"
  },
  {
    "docID": "N201 Sasaki 2006",
    "et": "SpinalCentralPart",
    "off": 9952,
    "sff": "Spinal"
  },
  {
    "docID": "N201 Sasaki 2006",
    "et": "SpinalCentralPart",
    "off": 1829,
    "sff": "spinal"
  },
  {
    "docID": "N201 Sasaki 2006",
    "et": "SpinalCentralPart",
    "off": 6439,
    "sff": "spinal"
  },
  {
    "docID": "N201 Sasaki 2006",
    "et": "SpinalCentralPart",
    "off": 18652,
    "sff": "spinal"
  },
  {
    "docID": "N201 Sasaki 2006",
    "et": "SpinalCentralPart",
    "off": 542,
    "sff": "spinal"
  },
  {
    "docID": "N201 Sasaki 2006",
    "et": "AnatomicalLocation",
    "off": 17487,
    "sff": "anatomical location"
  },
  {
    "docID": "N201 Sasaki 2006",
    "et": "AxonalDiebackTest",
    "off": 22625,
    "sff": "axonal"
  },
  {
    "docID": "N201 Sasaki 2006",
    "et": "AxonalDiebackTest",
    "off": 26535,
    "sff": "Axonal"
  },
  {
    "docID": "N201 Sasaki 2006",
    "et": "AxonalDiebackTest",
    "off": 16984,
    "sff": "Axonal"
  },
  {
    "docID": "N201 Sasaki 2006",
    "et": "AxonalDiebackTest",
    "off": 26702,
    "sff": "axonal"
  },
  {
    "docID": "N201 Sasaki 2006",
    "et": "AxonalDiebackTest",
    "off": 27102,
    "sff": "axonal"
  },
  {
    "docID": "N201 Sasaki 2006",
    "et": "AxonalDiebackTest",
    "off": 2527,
    "sff": "axonal"
  },
  {
    "docID": "N201 Sasaki 2006",
    "et": "AxonalDiebackTest",
    "off": 21594,
    "sff": "axonal"
  },
  {
    "docID": "N201 Sasaki 2006",
    "et": "AxonalDiebackTest",
    "off": 1467,
    "sff": "axonal"
  },
  {
    "docID": "N201 Sasaki 2006",
    "et": "AxonalDiebackTest",
    "off": 583,
    "sff": "axonal"
  },
  {
    "docID": "N201 Sasaki 2006",
    "et": "NonNeuronalCellChangesTest",
    "off": 20606,
    "sff": "neuronal"
  },
  {
    "docID": "N201 Sasaki 2006",
    "et": "NonNeuronalCellChangesTest",
    "off": 18684,
    "sff": "neuronal"
  },
  {
    "docID": "N201 Sasaki 2006",
    "et": "NonNeuronalCellChangesTest",
    "off": 3496,
    "sff": "neuronal"
  },
  {
    "docID": "N201 Sasaki 2006",
    "et": "NonNeuronalCellChangesTest",
    "off": 20230,
    "sff": "Neuronal"
  },
  {
    "docID": "N201 Sasaki 2006",
    "et": "NonNeuronalCellChangesTest",
    "off": 1065,
    "sff": "neuronal"
  },
  {
    "docID": "N201 Sasaki 2006",
    "et": "NonNeuronalCellChangesTest",
    "off": 20742,
    "sff": "neuronal"
  },
  {
    "docID": "N201 Sasaki 2006",
    "et": "NonNeuronalCellChangesTest",
    "off": 21572,
    "sff": "neuronal"
  },
  {
    "docID": "N201 Sasaki 2006",
    "et": "NonNeuronalCellChangesTest",
    "off": 930,
    "sff": "neuronal"
  },
  {
    "docID": "N201 Sasaki 2006",
    "et": "NonNeuronalCellChangesTest",
    "off": 20931,
    "sff": "neuronal"
  },
  {
    "docID": "N201 Sasaki 2006",
    "et": "SpinalCordStump",
    "off": 9952,
    "sff": "Spinal"
  },
  {
    "docID": "N201 Sasaki 2006",
    "et": "SpinalCordStump",
    "off": 59,
    "sff": "Spinal Cord"
  },
  {
    "docID": "N201 Sasaki 2006",
    "et": "SpinalCordStump",
    "off": 1343,
    "sff": "spinal cord"
  },
  {
    "docID": "N201 Sasaki 2006",
    "et": "SpinalCordStump",
    "off": 26815,
    "sff": "spinal cord"
  },
  {
    "docID": "N201 Sasaki 2006",
    "et": "SpinalCordStump",
    "off": 11906,
    "sff": "spinal cord"
  },
  {
    "docID": "N201 Sasaki 2006",
    "et": "SpinalCordStump",
    "off": 23880,
    "sff": "spinal cord"
  },
  {
    "docID": "N201 Sasaki 2006",
    "et": "SpinalCordStump",
    "off": 10567,
    "sff": "spinal cord"
  },
  {
    "docID": "N201 Sasaki 2006",
    "et": "SpinalCordStump",
    "off": 22789,
    "sff": "spinal cord"
  },
  {
    "docID": "N201 Sasaki 2006",
    "et": "SpinalCordStump",
    "off": 25006,
    "sff": "spinal cord"
  },
  {
    "docID": "N201 Sasaki 2006",
    "et": "SpinalCordStump",
    "off": 16056,
    "sff": "Spinal Cord"
  },
  {
    "docID": "N201 Sasaki 2006",
    "et": "SpinalCordStump",
    "off": 18652,
    "sff": "spinal"
  },
  {
    "docID": "N201 Sasaki 2006",
    "et": "SpinalCordStump",
    "off": 6323,
    "sff": "spinal cord"
  },
  {
    "docID": "N201 Sasaki 2006",
    "et": "SpinalCordStump",
    "off": 12147,
    "sff": "spinal cord"
  },
  {
    "docID": "N201 Sasaki 2006",
    "et": "SpinalCordStump",
    "off": 22618,
    "sff": "spinal"
  },
  {
    "docID": "N201 Sasaki 2006",
    "et": "SpinalCordStump",
    "off": 3384,
    "sff": "spinal cord"
  },
  {
    "docID": "N201 Sasaki 2006",
    "et": "SpinalCordStump",
    "off": 3127,
    "sff": "spinal cord"
  },
  {
    "docID": "N201 Sasaki 2006",
    "et": "SpinalCordStump",
    "off": 23413,
    "sff": "spinal cord"
  },
  {
    "docID": "N201 Sasaki 2006",
    "et": "SpinalCordStump",
    "off": 24859,
    "sff": "spinal cord"
  },
  {
    "docID": "N201 Sasaki 2006",
    "et": "SpinalCordStump",
    "off": 16665,
    "sff": "spinal cord"
  },
  {
    "docID": "N201 Sasaki 2006",
    "et": "SpinalCordStump",
    "off": 27609,
    "sff": "spinal cord"
  },
  {
    "docID": "N201 Sasaki 2006",
    "et": "SpinalCordStump",
    "off": 2432,
    "sff": "spinal"
  },
  {
    "docID": "N201 Sasaki 2006",
    "et": "SpinalCordStump",
    "off": 542,
    "sff": "spinal cord"
  },
  {
    "docID": "N201 Sasaki 2006",
    "et": "SpinalCordStump",
    "off": 6439,
    "sff": "spinal cord"
  },
  {
    "docID": "N201 Sasaki 2006",
    "et": "SpinalCordStump",
    "off": 1829,
    "sff": "spinal cord"
  },
  {
    "docID": "N201 Sasaki 2006",
    "et": "SpinalCordStump",
    "off": 1168,
    "sff": "spinal cord"
  },
  {
    "docID": "N201 Sasaki 2006",
    "et": "SpinalCordStump",
    "off": 1488,
    "sff": "spinal cord"
  },
  {
    "docID": "N201 Sasaki 2006",
    "et": "SpinalCordStump",
    "off": 23182,
    "sff": "spinal cord"
  },
  {
    "docID": "N201 Sasaki 2006",
    "et": "SpinalCordStump",
    "off": 25812,
    "sff": "spinal cord"
  },
  {
    "docID": "N201 Sasaki 2006",
    "et": "SpinalCordStump",
    "off": 17175,
    "sff": "Spinal Cord"
  },
  {
    "docID": "N201 Sasaki 2006",
    "et": "SpinalCordStump",
    "off": 850,
    "sff": "spinal cord"
  },
  {
    "docID": "N201 Sasaki 2006",
    "et": "SpinalCordStump",
    "off": 3666,
    "sff": "spinal cord"
  },
  {
    "docID": "N201 Sasaki 2006",
    "et": "SpinalCordStump",
    "off": 21818,
    "sff": "spinal"
  },
  {
    "docID": "N201 Sasaki 2006",
    "et": "SpinalCordStump",
    "off": 21720,
    "sff": "spinal cord"
  },
  {
    "docID": "N201 Sasaki 2006",
    "et": "MotorEvokedPotentialsTest",
    "off": 25929,
    "sff": "motor"
  },
  {
    "docID": "N201 Sasaki 2006",
    "et": "MotorEvokedPotentialsTest",
    "off": 26057,
    "sff": "motor"
  },
  {
    "docID": "N201 Sasaki 2006",
    "et": "MotorEvokedPotentialsTest",
    "off": 27740,
    "sff": "motor"
  },
  {
    "docID": "N201 Sasaki 2006",
    "et": "MotorEvokedPotentialsTest",
    "off": 17376,
    "sff": "motor"
  },
  {
    "docID": "N201 Sasaki 2006",
    "et": "MotorEvokedPotentialsTest",
    "off": 3444,
    "sff": "motor"
  },
  {
    "docID": "N201 Sasaki 2006",
    "et": "MotorEvokedPotentialsTest",
    "off": 888,
    "sff": "motor"
  },
  {
    "docID": "N201 Sasaki 2006",
    "et": "MotorEvokedPotentialsTest",
    "off": 2936,
    "sff": "motor"
  },
  {
    "docID": "N201 Sasaki 2006",
    "et": "MotorEvokedPotentialsTest",
    "off": 1511,
    "sff": "motor"
  },
  {
    "docID": "N201 Sasaki 2006",
    "et": "MotorEvokedPotentialsTest",
    "off": 13175,
    "sff": "motor"
  },
  {
    "docID": "N201 Sasaki 2006",
    "et": "Brain",
    "off": 12980,
    "sff": "brain"
  },
  {
    "docID": "N201 Sasaki 2006",
    "et": "Brain",
    "off": 6887,
    "sff": "brain"
  },
  {
    "docID": "N201 Sasaki 2006",
    "et": "Brain",
    "off": 6313,
    "sff": "brain"
  },
  {
    "docID": "N201 Sasaki 2006",
    "et": "SpinalWhiteMatter",
    "off": 850,
    "sff": "spinal"
  },
  {
    "docID": "N201 Sasaki 2006",
    "et": "SpinalWhiteMatter",
    "off": 3666,
    "sff": "spinal"
  },
  {
    "docID": "N201 Sasaki 2006",
    "et": "SpinalWhiteMatter",
    "off": 25812,
    "sff": "spinal"
  },
  {
    "docID": "N201 Sasaki 2006",
    "et": "SpinalWhiteMatter",
    "off": 23182,
    "sff": "spinal"
  },
  {
    "docID": "N201 Sasaki 2006",
    "et": "SpinalWhiteMatter",
    "off": 1168,
    "sff": "spinal"
  },
  {
    "docID": "N201 Sasaki 2006",
    "et": "SpinalWhiteMatter",
    "off": 1488,
    "sff": "spinal"
  },
  {
    "docID": "N201 Sasaki 2006",
    "et": "SpinalWhiteMatter",
    "off": 4497,
    "sff": "white"
  },
  {
    "docID": "N201 Sasaki 2006",
    "et": "SpinalWhiteMatter",
    "off": 24859,
    "sff": "spinal"
  },
  {
    "docID": "N201 Sasaki 2006",
    "et": "SpinalWhiteMatter",
    "off": 17175,
    "sff": "Spinal"
  },
  {
    "docID": "N201 Sasaki 2006",
    "et": "SpinalWhiteMatter",
    "off": 22618,
    "sff": "spinal"
  },
  {
    "docID": "N201 Sasaki 2006",
    "et": "SpinalWhiteMatter",
    "off": 18652,
    "sff": "spinal"
  },
  {
    "docID": "N201 Sasaki 2006",
    "et": "SpinalWhiteMatter",
    "off": 16665,
    "sff": "spinal"
  },
  {
    "docID": "N201 Sasaki 2006",
    "et": "SpinalWhiteMatter",
    "off": 27609,
    "sff": "spinal"
  },
  {
    "docID": "N201 Sasaki 2006",
    "et": "SpinalWhiteMatter",
    "off": 21720,
    "sff": "spinal"
  },
  {
    "docID": "N201 Sasaki 2006",
    "et": "SpinalWhiteMatter",
    "off": 11906,
    "sff": "spinal"
  },
  {
    "docID": "N201 Sasaki 2006",
    "et": "SpinalWhiteMatter",
    "off": 22789,
    "sff": "spinal"
  },
  {
    "docID": "N201 Sasaki 2006",
    "et": "SpinalWhiteMatter",
    "off": 1343,
    "sff": "spinal"
  },
  {
    "docID": "N201 Sasaki 2006",
    "et": "SpinalWhiteMatter",
    "off": 26815,
    "sff": "spinal"
  },
  {
    "docID": "N201 Sasaki 2006",
    "et": "SpinalWhiteMatter",
    "off": 2432,
    "sff": "spinal"
  },
  {
    "docID": "N201 Sasaki 2006",
    "et": "SpinalWhiteMatter",
    "off": 10567,
    "sff": "spinal"
  },
  {
    "docID": "N201 Sasaki 2006",
    "et": "SpinalWhiteMatter",
    "off": 23880,
    "sff": "spinal"
  },
  {
    "docID": "N201 Sasaki 2006",
    "et": "SpinalWhiteMatter",
    "off": 6323,
    "sff": "spinal"
  },
  {
    "docID": "N201 Sasaki 2006",
    "et": "SpinalWhiteMatter",
    "off": 12147,
    "sff": "spinal"
  },
  {
    "docID": "N201 Sasaki 2006",
    "et": "SpinalWhiteMatter",
    "off": 23413,
    "sff": "spinal"
  },
  {
    "docID": "N201 Sasaki 2006",
    "et": "SpinalWhiteMatter",
    "off": 25006,
    "sff": "spinal"
  },
  {
    "docID": "N201 Sasaki 2006",
    "et": "SpinalWhiteMatter",
    "off": 21818,
    "sff": "spinal"
  },
  {
    "docID": "N201 Sasaki 2006",
    "et": "SpinalWhiteMatter",
    "off": 16056,
    "sff": "Spinal"
  },
  {
    "docID": "N201 Sasaki 2006",
    "et": "SpinalWhiteMatter",
    "off": 3127,
    "sff": "spinal"
  },
  {
    "docID": "N201 Sasaki 2006",
    "et": "SpinalWhiteMatter",
    "off": 3384,
    "sff": "spinal"
  },
  {
    "docID": "N201 Sasaki 2006",
    "et": "SpinalWhiteMatter",
    "off": 59,
    "sff": "Spinal"
  },
  {
    "docID": "N201 Sasaki 2006",
    "et": "SpinalWhiteMatter",
    "off": 1829,
    "sff": "spinal"
  },
  {
    "docID": "N201 Sasaki 2006",
    "et": "SpinalWhiteMatter",
    "off": 9952,
    "sff": "Spinal"
  },
  {
    "docID": "N201 Sasaki 2006",
    "et": "SpinalWhiteMatter",
    "off": 542,
    "sff": "spinal"
  },
  {
    "docID": "N201 Sasaki 2006",
    "et": "SpinalWhiteMatter",
    "off": 4497,
    "sff": "white matter"
  },
  {
    "docID": "N201 Sasaki 2006",
    "et": "SpinalWhiteMatter",
    "off": 6439,
    "sff": "spinal"
  },
  {
    "docID": "N201 Sasaki 2006",
    "et": "Dorsal",
    "off": 17228,
    "sff": "dorsal"
  },
  {
    "docID": "N201 Sasaki 2006",
    "et": "Dorsal",
    "off": 5453,
    "sff": "dorsal"
  },
  {
    "docID": "N201 Sasaki 2006",
    "et": "Dorsal",
    "off": 25949,
    "sff": "dorsal"
  },
  {
    "docID": "N201 Sasaki 2006",
    "et": "Dorsal",
    "off": 5226,
    "sff": "dorsal"
  },
  {
    "docID": "N201 Sasaki 2006",
    "et": "Dorsal",
    "off": 4954,
    "sff": "Dorsal"
  },
  {
    "docID": "N201 Sasaki 2006",
    "et": "Dorsal",
    "off": 5544,
    "sff": "dorsal"
  },
  {
    "docID": "N201 Sasaki 2006",
    "et": "Dorsal",
    "off": 17168,
    "sff": "Dorsal"
  },
  {
    "docID": "N201 Sasaki 2006",
    "et": "Dorsal",
    "off": 27602,
    "sff": "dorsal"
  },
  {
    "docID": "N201 Sasaki 2006",
    "et": "Dorsal",
    "off": 22771,
    "sff": "dorsal"
  },
  {
    "docID": "N201 Sasaki 2006",
    "et": "Dorsal",
    "off": 832,
    "sff": "dorsal"
  },
  {
    "docID": "N201 Sasaki 2006",
    "et": "Dorsal",
    "off": 52,
    "sff": "Dorsal"
  },
  {
    "docID": "N201 Sasaki 2006",
    "et": "ErrorStepRatio",
    "off": 8566,
    "sff": "error"
  },
  {
    "docID": "N201 Sasaki 2006",
    "et": "OpenFieldTest",
    "off": 15522,
    "sff": "Open-field"
  },
  {
    "docID": "N201 Sasaki 2006",
    "et": "OpenFieldTest",
    "off": 9145,
    "sff": "Open-Field"
  },
  {
    "docID": "N201 Sasaki 2006",
    "et": "OpenFieldTest",
    "off": 15823,
    "sff": "open-field"
  },
  {
    "docID": "N201 Sasaki 2006",
    "et": "OpenFieldTest",
    "off": 14911,
    "sff": "open"
  },
  {
    "docID": "N201 Sasaki 2006",
    "et": "OpenFieldTest",
    "off": 22324,
    "sff": "open-field"
  },
  {
    "docID": "N201 Sasaki 2006",
    "et": "OpenFieldTest",
    "off": 22087,
    "sff": "open-field"
  },
  {
    "docID": "N201 Sasaki 2006",
    "et": "SpinalGrayMatter",
    "off": 3384,
    "sff": "spinal"
  },
  {
    "docID": "N201 Sasaki 2006",
    "et": "SpinalGrayMatter",
    "off": 3127,
    "sff": "spinal"
  },
  {
    "docID": "N201 Sasaki 2006",
    "et": "SpinalGrayMatter",
    "off": 23413,
    "sff": "spinal"
  },
  {
    "docID": "N201 Sasaki 2006",
    "et": "SpinalGrayMatter",
    "off": 6323,
    "sff": "spinal"
  },
  {
    "docID": "N201 Sasaki 2006",
    "et": "SpinalGrayMatter",
    "off": 12147,
    "sff": "spinal"
  },
  {
    "docID": "N201 Sasaki 2006",
    "et": "SpinalGrayMatter",
    "off": 16056,
    "sff": "Spinal"
  },
  {
    "docID": "N201 Sasaki 2006",
    "et": "SpinalGrayMatter",
    "off": 59,
    "sff": "Spinal"
  },
  {
    "docID": "N201 Sasaki 2006",
    "et": "SpinalGrayMatter",
    "off": 2432,
    "sff": "spinal"
  },
  {
    "docID": "N201 Sasaki 2006",
    "et": "SpinalGrayMatter",
    "off": 26815,
    "sff": "spinal"
  },
  {
    "docID": "N201 Sasaki 2006",
    "et": "SpinalGrayMatter",
    "off": 1343,
    "sff": "spinal"
  },
  {
    "docID": "N201 Sasaki 2006",
    "et": "SpinalGrayMatter",
    "off": 21818,
    "sff": "spinal"
  },
  {
    "docID": "N201 Sasaki 2006",
    "et": "SpinalGrayMatter",
    "off": 23880,
    "sff": "spinal"
  },
  {
    "docID": "N201 Sasaki 2006",
    "et": "SpinalGrayMatter",
    "off": 10567,
    "sff": "spinal"
  },
  {
    "docID": "N201 Sasaki 2006",
    "et": "SpinalGrayMatter",
    "off": 22789,
    "sff": "spinal"
  },
  {
    "docID": "N201 Sasaki 2006",
    "et": "SpinalGrayMatter",
    "off": 11906,
    "sff": "spinal"
  },
  {
    "docID": "N201 Sasaki 2006",
    "et": "SpinalGrayMatter",
    "off": 1168,
    "sff": "spinal"
  },
  {
    "docID": "N201 Sasaki 2006",
    "et": "SpinalGrayMatter",
    "off": 1488,
    "sff": "spinal"
  },
  {
    "docID": "N201 Sasaki 2006",
    "et": "SpinalGrayMatter",
    "off": 23182,
    "sff": "spinal"
  },
  {
    "docID": "N201 Sasaki 2006",
    "et": "SpinalGrayMatter",
    "off": 21720,
    "sff": "spinal"
  },
  {
    "docID": "N201 Sasaki 2006",
    "et": "SpinalGrayMatter",
    "off": 27609,
    "sff": "spinal"
  },
  {
    "docID": "N201 Sasaki 2006",
    "et": "SpinalGrayMatter",
    "off": 16665,
    "sff": "spinal"
  },
  {
    "docID": "N201 Sasaki 2006",
    "et": "SpinalGrayMatter",
    "off": 17175,
    "sff": "Spinal"
  },
  {
    "docID": "N201 Sasaki 2006",
    "et": "SpinalGrayMatter",
    "off": 25812,
    "sff": "spinal"
  },
  {
    "docID": "N201 Sasaki 2006",
    "et": "SpinalGrayMatter",
    "off": 850,
    "sff": "spinal"
  },
  {
    "docID": "N201 Sasaki 2006",
    "et": "SpinalGrayMatter",
    "off": 3666,
    "sff": "spinal"
  },
  {
    "docID": "N201 Sasaki 2006",
    "et": "SpinalGrayMatter",
    "off": 542,
    "sff": "spinal"
  },
  {
    "docID": "N201 Sasaki 2006",
    "et": "SpinalGrayMatter",
    "off": 18652,
    "sff": "spinal"
  },
  {
    "docID": "N201 Sasaki 2006",
    "et": "SpinalGrayMatter",
    "off": 22618,
    "sff": "spinal"
  },
  {
    "docID": "N201 Sasaki 2006",
    "et": "SpinalGrayMatter",
    "off": 24859,
    "sff": "spinal"
  },
  {
    "docID": "N201 Sasaki 2006",
    "et": "SpinalGrayMatter",
    "off": 9952,
    "sff": "Spinal"
  },
  {
    "docID": "N201 Sasaki 2006",
    "et": "SpinalGrayMatter",
    "off": 6439,
    "sff": "spinal"
  },
  {
    "docID": "N201 Sasaki 2006",
    "et": "SpinalGrayMatter",
    "off": 1829,
    "sff": "spinal"
  },
  {
    "docID": "N201 Sasaki 2006",
    "et": "SpinalGrayMatter",
    "off": 25006,
    "sff": "spinal"
  },
  {
    "docID": "N201 Sasaki 2006",
    "et": "AxonalChangesTest",
    "off": 21594,
    "sff": "axonal"
  },
  {
    "docID": "N201 Sasaki 2006",
    "et": "AxonalChangesTest",
    "off": 1467,
    "sff": "axonal"
  },
  {
    "docID": "N201 Sasaki 2006",
    "et": "AxonalChangesTest",
    "off": 26535,
    "sff": "Axonal"
  },
  {
    "docID": "N201 Sasaki 2006",
    "et": "AxonalChangesTest",
    "off": 16984,
    "sff": "Axonal"
  },
  {
    "docID": "N201 Sasaki 2006",
    "et": "AxonalChangesTest",
    "off": 26702,
    "sff": "axonal"
  },
  {
    "docID": "N201 Sasaki 2006",
    "et": "AxonalChangesTest",
    "off": 27102,
    "sff": "axonal"
  },
  {
    "docID": "N201 Sasaki 2006",
    "et": "AxonalChangesTest",
    "off": 2527,
    "sff": "axonal"
  },
  {
    "docID": "N201 Sasaki 2006",
    "et": "AxonalChangesTest",
    "off": 22625,
    "sff": "axonal"
  },
  {
    "docID": "N201 Sasaki 2006",
    "et": "AxonalChangesTest",
    "off": 583,
    "sff": "axonal"
  },
  {
    "docID": "N201 Sasaki 2006",
    "et": "LocomotorTest",
    "off": 15533,
    "sff": "locomotor"
  },
  {
    "docID": "N201 Sasaki 2006",
    "et": "LocomotorTest",
    "off": 15724,
    "sff": "locomotor"
  },
  {
    "docID": "N201 Sasaki 2006",
    "et": "LocomotorTest",
    "off": 22335,
    "sff": "locomotor"
  },
  {
    "docID": "N201 Sasaki 2006",
    "et": "LocomotorTest",
    "off": 9156,
    "sff": "Locomotor"
  },
  {
    "docID": "N201 Sasaki 2006",
    "et": "LocomotorTest",
    "off": 26139,
    "sff": "locomotor"
  },
  {
    "docID": "N201 Sasaki 2006",
    "et": "LocomotorTest",
    "off": 9376,
    "sff": "Locomotor"
  },
  {
    "docID": "N201 Sasaki 2006",
    "et": "LocomotorTest",
    "off": 15834,
    "sff": "locomotor"
  },
  {
    "docID": "N201 Sasaki 2006",
    "et": "LocomotorTest",
    "off": 9476,
    "sff": "locomotor"
  },
  {
    "docID": "N201 Sasaki 2006",
    "et": "LocomotorTest",
    "off": 21496,
    "sff": "Locomotor"
  },
  {
    "docID": "N201 Sasaki 2006",
    "et": "LocomotorTest",
    "off": 22098,
    "sff": "locomotor"
  },
  {
    "docID": "N201 Sasaki 2006",
    "et": "BloodBrainBarrierTest",
    "off": 6887,
    "sff": "brain"
  },
  {
    "docID": "N201 Sasaki 2006",
    "et": "BloodBrainBarrierTest",
    "off": 6313,
    "sff": "brain"
  },
  {
    "docID": "N201 Sasaki 2006",
    "et": "BloodBrainBarrierTest",
    "off": 12980,
    "sff": "brain"
  },
  {
    "docID": "N201 Sasaki 2006",
    "et": "Caudal",
    "off": 5692,
    "sff": "caudal"
  },
  {
    "docID": "N201 Sasaki 2006",
    "et": "BladderFunctionParameter",
    "off": 9386,
    "sff": "function"
  },
  {
    "docID": "N201 Sasaki 2006",
    "et": "BladderFunctionParameter",
    "off": 15734,
    "sff": "function"
  },
  {
    "docID": "N201 Sasaki 2006",
    "et": "BladderFunctionParameter",
    "off": 26149,
    "sff": "function"
  },
  {
    "docID": "N201 Sasaki 2006",
    "et": "RelativePawPlacement",
    "off": 3737,
    "sff": "relative"
  },
  {
    "docID": "N201 Sasaki 2006",
    "et": "GaitAnalysisParameter",
    "off": 20694,
    "sff": "analysis"
  },
  {
    "docID": "N201 Sasaki 2006",
    "et": "GaitAnalysisParameter",
    "off": 9688,
    "sff": "analysis"
  },
  {
    "docID": "N201 Sasaki 2006",
    "et": "GaitAnalysisParameter",
    "off": 8453,
    "sff": "analysis"
  },
  {
    "docID": "N201 Sasaki 2006",
    "et": "GaitAnalysisParameter",
    "off": 7616,
    "sff": "Analysis"
  },
  {
    "docID": "N201 Sasaki 2006",
    "et": "GaitAnalysisParameter",
    "off": 8864,
    "sff": "analysis"
  },
  {
    "docID": "N201 Sasaki 2006",
    "et": "GaitAnalysisParameter",
    "off": 9185,
    "sff": "analysis"
  },
  {
    "docID": "N201 Sasaki 2006",
    "et": "GaitAnalysisParameter",
    "off": 15089,
    "sff": "analysis"
  },
  {
    "docID": "N201 Sasaki 2006",
    "et": "GaitAnalysisParameter",
    "off": 1115,
    "sff": "analysis"
  },
  {
    "docID": "N201 Sasaki 2006",
    "et": "GaitAnalysisParameter",
    "off": 15259,
    "sff": "analysis"
  },
  {
    "docID": "N201 Sasaki 2006",
    "et": "GaitAnalysisParameter",
    "off": 21005,
    "sff": "analysis"
  },
  {
    "docID": "N201 Sasaki 2006",
    "et": "DescendingFiberTract",
    "off": 26442,
    "sff": "descending"
  },
  {
    "docID": "N201 Sasaki 2006",
    "et": "DescendingFiberTract",
    "off": 27729,
    "sff": "descending"
  },
  {
    "docID": "N201 Sasaki 2006",
    "et": "DescendingFiberTract",
    "off": 1394,
    "sff": "descending"
  },
  {
    "docID": "N201 Sasaki 2006",
    "et": "Lumbar",
    "off": 25922,
    "sff": "lumbar"
  },
  {
    "docID": "N201 Sasaki 2006",
    "et": "AxonalSproutingTest",
    "off": 2527,
    "sff": "axonal"
  },
  {
    "docID": "N201 Sasaki 2006",
    "et": "AxonalSproutingTest",
    "off": 16984,
    "sff": "Axonal"
  },
  {
    "docID": "N201 Sasaki 2006",
    "et": "AxonalSproutingTest",
    "off": 22625,
    "sff": "axonal"
  },
  {
    "docID": "N201 Sasaki 2006",
    "et": "AxonalSproutingTest",
    "off": 26535,
    "sff": "Axonal"
  },
  {
    "docID": "N201 Sasaki 2006",
    "et": "AxonalSproutingTest",
    "off": 583,
    "sff": "axonal"
  },
  {
    "docID": "N201 Sasaki 2006",
    "et": "AxonalSproutingTest",
    "off": 21594,
    "sff": "axonal"
  },
  {
    "docID": "N201 Sasaki 2006",
    "et": "AxonalSproutingTest",
    "off": 1467,
    "sff": "axonal"
  },
  {
    "docID": "N201 Sasaki 2006",
    "et": "AxonalSproutingTest",
    "off": 26702,
    "sff": "axonal"
  },
  {
    "docID": "N201 Sasaki 2006",
    "et": "AxonalSproutingTest",
    "off": 27102,
    "sff": "axonal"
  },
  {
    "docID": "N201 Sasaki 2006",
    "et": "Bilateral",
    "off": 17199,
    "sff": "Bilateral"
  },
  {
    "docID": "N201 Sasaki 2006",
    "et": "NeuronalCellLossTest",
    "off": 8337,
    "sff": "cell"
  },
  {
    "docID": "N201 Sasaki 2006",
    "et": "NeuronalCellLossTest",
    "off": 20742,
    "sff": "neuronal"
  },
  {
    "docID": "N201 Sasaki 2006",
    "et": "NeuronalCellLossTest",
    "off": 25438,
    "sff": "cell"
  },
  {
    "docID": "N201 Sasaki 2006",
    "et": "NeuronalCellLossTest",
    "off": 25758,
    "sff": "cell"
  },
  {
    "docID": "N201 Sasaki 2006",
    "et": "NeuronalCellLossTest",
    "off": 25243,
    "sff": "cell"
  },
  {
    "docID": "N201 Sasaki 2006",
    "et": "NeuronalCellLossTest",
    "off": 16092,
    "sff": "cell"
  },
  {
    "docID": "N201 Sasaki 2006",
    "et": "NeuronalCellLossTest",
    "off": 3272,
    "sff": "cell"
  },
  {
    "docID": "N201 Sasaki 2006",
    "et": "NeuronalCellLossTest",
    "off": 23746,
    "sff": "cell"
  },
  {
    "docID": "N201 Sasaki 2006",
    "et": "NeuronalCellLossTest",
    "off": 24451,
    "sff": "cell"
  },
  {
    "docID": "N201 Sasaki 2006",
    "et": "NeuronalCellLossTest",
    "off": 930,
    "sff": "neuronal loss"
  },
  {
    "docID": "N201 Sasaki 2006",
    "et": "NeuronalCellLossTest",
    "off": 1065,
    "sff": "neuronal loss"
  },
  {
    "docID": "N201 Sasaki 2006",
    "et": "NeuronalCellLossTest",
    "off": 930,
    "sff": "neuronal"
  },
  {
    "docID": "N201 Sasaki 2006",
    "et": "NeuronalCellLossTest",
    "off": 2185,
    "sff": "cell"
  },
  {
    "docID": "N201 Sasaki 2006",
    "et": "NeuronalCellLossTest",
    "off": 1065,
    "sff": "neuronal"
  },
  {
    "docID": "N201 Sasaki 2006",
    "et": "NeuronalCellLossTest",
    "off": 14327,
    "sff": "cell"
  },
  {
    "docID": "N201 Sasaki 2006",
    "et": "NeuronalCellLossTest",
    "off": 20230,
    "sff": "Neuronal Loss"
  },
  {
    "docID": "N201 Sasaki 2006",
    "et": "NeuronalCellLossTest",
    "off": 3496,
    "sff": "neuronal"
  },
  {
    "docID": "N201 Sasaki 2006",
    "et": "NeuronalCellLossTest",
    "off": 17330,
    "sff": "cell"
  },
  {
    "docID": "N201 Sasaki 2006",
    "et": "NeuronalCellLossTest",
    "off": 15225,
    "sff": "cell loss"
  },
  {
    "docID": "N201 Sasaki 2006",
    "et": "NeuronalCellLossTest",
    "off": 23347,
    "sff": "cell"
  },
  {
    "docID": "N201 Sasaki 2006",
    "et": "NeuronalCellLossTest",
    "off": 8128,
    "sff": "cell"
  },
  {
    "docID": "N201 Sasaki 2006",
    "et": "NeuronalCellLossTest",
    "off": 5759,
    "sff": "cell"
  },
  {
    "docID": "N201 Sasaki 2006",
    "et": "NeuronalCellLossTest",
    "off": 15225,
    "sff": "cell"
  },
  {
    "docID": "N201 Sasaki 2006",
    "et": "NeuronalCellLossTest",
    "off": 23782,
    "sff": "cell"
  },
  {
    "docID": "N201 Sasaki 2006",
    "et": "NeuronalCellLossTest",
    "off": 20606,
    "sff": "neuronal"
  },
  {
    "docID": "N201 Sasaki 2006",
    "et": "NeuronalCellLossTest",
    "off": 20931,
    "sff": "neuronal loss"
  },
  {
    "docID": "N201 Sasaki 2006",
    "et": "NeuronalCellLossTest",
    "off": 4199,
    "sff": "cell"
  },
  {
    "docID": "N201 Sasaki 2006",
    "et": "NeuronalCellLossTest",
    "off": 13479,
    "sff": "cell"
  },
  {
    "docID": "N201 Sasaki 2006",
    "et": "NeuronalCellLossTest",
    "off": 22823,
    "sff": "cell"
  },
  {
    "docID": "N201 Sasaki 2006",
    "et": "NeuronalCellLossTest",
    "off": 20931,
    "sff": "neuronal"
  },
  {
    "docID": "N201 Sasaki 2006",
    "et": "NeuronalCellLossTest",
    "off": 21572,
    "sff": "neuronal"
  },
  {
    "docID": "N201 Sasaki 2006",
    "et": "NeuronalCellLossTest",
    "off": 2990,
    "sff": "cell"
  },
  {
    "docID": "N201 Sasaki 2006",
    "et": "NeuronalCellLossTest",
    "off": 20230,
    "sff": "Neuronal"
  },
  {
    "docID": "N201 Sasaki 2006",
    "et": "NeuronalCellLossTest",
    "off": 18684,
    "sff": "neuronal"
  },
  {
    "docID": "N201 Sasaki 2006",
    "et": "VascularFunctionParameter",
    "off": 26149,
    "sff": "function"
  },
  {
    "docID": "N201 Sasaki 2006",
    "et": "VascularFunctionParameter",
    "off": 15734,
    "sff": "function"
  },
  {
    "docID": "N201 Sasaki 2006",
    "et": "VascularFunctionParameter",
    "off": 9386,
    "sff": "function"
  },
  {
    "docID": "N201 Sasaki 2006",
    "et": "ObservationOfAnimalBehaviour",
    "off": 8743,
    "sff": "animal"
  },
  {
    "docID": "N201 Sasaki 2006",
    "et": "ObservationOfAnimalBehaviour",
    "off": 5203,
    "sff": "animal"
  },
  {
    "docID": "N201 Sasaki 2006",
    "et": "ObservationOfAnimalBehaviour",
    "off": 5160,
    "sff": "Animal"
  },
  {
    "docID": "N201 Sasaki 2006",
    "et": "MotorTest",
    "off": 1511,
    "sff": "motor"
  },
  {
    "docID": "N201 Sasaki 2006",
    "et": "MotorTest",
    "off": 13175,
    "sff": "motor"
  },
  {
    "docID": "N201 Sasaki 2006",
    "et": "MotorTest",
    "off": 3444,
    "sff": "motor"
  },
  {
    "docID": "N201 Sasaki 2006",
    "et": "MotorTest",
    "off": 17376,
    "sff": "motor"
  },
  {
    "docID": "N201 Sasaki 2006",
    "et": "MotorTest",
    "off": 27740,
    "sff": "motor"
  },
  {
    "docID": "N201 Sasaki 2006",
    "et": "MotorTest",
    "off": 888,
    "sff": "motor"
  },
  {
    "docID": "N201 Sasaki 2006",
    "et": "MotorTest",
    "off": 2936,
    "sff": "motor"
  },
  {
    "docID": "N201 Sasaki 2006",
    "et": "MotorTest",
    "off": 25929,
    "sff": "motor"
  },
  {
    "docID": "N201 Sasaki 2006",
    "et": "MotorTest",
    "off": 26057,
    "sff": "motor"
  },
  {
    "docID": "N201 Sasaki 2006",
    "et": "SpinalDorsalHalf",
    "off": 1343,
    "sff": "spinal"
  },
  {
    "docID": "N201 Sasaki 2006",
    "et": "SpinalDorsalHalf",
    "off": 26815,
    "sff": "spinal"
  },
  {
    "docID": "N201 Sasaki 2006",
    "et": "SpinalDorsalHalf",
    "off": 3384,
    "sff": "spinal"
  },
  {
    "docID": "N201 Sasaki 2006",
    "et": "SpinalDorsalHalf",
    "off": 21818,
    "sff": "spinal"
  },
  {
    "docID": "N201 Sasaki 2006",
    "et": "SpinalDorsalHalf",
    "off": 22789,
    "sff": "spinal"
  },
  {
    "docID": "N201 Sasaki 2006",
    "et": "SpinalDorsalHalf",
    "off": 10567,
    "sff": "spinal"
  },
  {
    "docID": "N201 Sasaki 2006",
    "et": "SpinalDorsalHalf",
    "off": 22771,
    "sff": "dorsal"
  },
  {
    "docID": "N201 Sasaki 2006",
    "et": "SpinalDorsalHalf",
    "off": 2432,
    "sff": "spinal"
  },
  {
    "docID": "N201 Sasaki 2006",
    "et": "SpinalDorsalHalf",
    "off": 52,
    "sff": "Dorsal"
  },
  {
    "docID": "N201 Sasaki 2006",
    "et": "SpinalDorsalHalf",
    "off": 11906,
    "sff": "spinal"
  },
  {
    "docID": "N201 Sasaki 2006",
    "et": "SpinalDorsalHalf",
    "off": 17228,
    "sff": "dorsal"
  },
  {
    "docID": "N201 Sasaki 2006",
    "et": "SpinalDorsalHalf",
    "off": 5453,
    "sff": "dorsal"
  },
  {
    "docID": "N201 Sasaki 2006",
    "et": "SpinalDorsalHalf",
    "off": 23182,
    "sff": "spinal"
  },
  {
    "docID": "N201 Sasaki 2006",
    "et": "SpinalDorsalHalf",
    "off": 23880,
    "sff": "spinal"
  },
  {
    "docID": "N201 Sasaki 2006",
    "et": "SpinalDorsalHalf",
    "off": 9952,
    "sff": "Spinal"
  },
  {
    "docID": "N201 Sasaki 2006",
    "et": "SpinalDorsalHalf",
    "off": 25812,
    "sff": "spinal"
  },
  {
    "docID": "N201 Sasaki 2006",
    "et": "SpinalDorsalHalf",
    "off": 832,
    "sff": "dorsal"
  },
  {
    "docID": "N201 Sasaki 2006",
    "et": "SpinalDorsalHalf",
    "off": 1168,
    "sff": "spinal"
  },
  {
    "docID": "N201 Sasaki 2006",
    "et": "SpinalDorsalHalf",
    "off": 1488,
    "sff": "spinal"
  },
  {
    "docID": "N201 Sasaki 2006",
    "et": "SpinalDorsalHalf",
    "off": 850,
    "sff": "spinal"
  },
  {
    "docID": "N201 Sasaki 2006",
    "et": "SpinalDorsalHalf",
    "off": 3666,
    "sff": "spinal"
  },
  {
    "docID": "N201 Sasaki 2006",
    "et": "SpinalDorsalHalf",
    "off": 17175,
    "sff": "Spinal"
  },
  {
    "docID": "N201 Sasaki 2006",
    "et": "SpinalDorsalHalf",
    "off": 18652,
    "sff": "spinal"
  },
  {
    "docID": "N201 Sasaki 2006",
    "et": "SpinalDorsalHalf",
    "off": 25949,
    "sff": "dorsal"
  },
  {
    "docID": "N201 Sasaki 2006",
    "et": "SpinalDorsalHalf",
    "off": 542,
    "sff": "spinal"
  },
  {
    "docID": "N201 Sasaki 2006",
    "et": "SpinalDorsalHalf",
    "off": 21720,
    "sff": "spinal"
  },
  {
    "docID": "N201 Sasaki 2006",
    "et": "SpinalDorsalHalf",
    "off": 4954,
    "sff": "Dorsal"
  },
  {
    "docID": "N201 Sasaki 2006",
    "et": "SpinalDorsalHalf",
    "off": 16665,
    "sff": "spinal"
  },
  {
    "docID": "N201 Sasaki 2006",
    "et": "SpinalDorsalHalf",
    "off": 27609,
    "sff": "spinal"
  },
  {
    "docID": "N201 Sasaki 2006",
    "et": "SpinalDorsalHalf",
    "off": 22618,
    "sff": "spinal"
  },
  {
    "docID": "N201 Sasaki 2006",
    "et": "SpinalDorsalHalf",
    "off": 24859,
    "sff": "spinal"
  },
  {
    "docID": "N201 Sasaki 2006",
    "et": "SpinalDorsalHalf",
    "off": 1829,
    "sff": "spinal"
  },
  {
    "docID": "N201 Sasaki 2006",
    "et": "SpinalDorsalHalf",
    "off": 27602,
    "sff": "dorsal"
  },
  {
    "docID": "N201 Sasaki 2006",
    "et": "SpinalDorsalHalf",
    "off": 6439,
    "sff": "spinal"
  },
  {
    "docID": "N201 Sasaki 2006",
    "et": "SpinalDorsalHalf",
    "off": 17168,
    "sff": "Dorsal"
  },
  {
    "docID": "N201 Sasaki 2006",
    "et": "SpinalDorsalHalf",
    "off": 5226,
    "sff": "dorsal"
  },
  {
    "docID": "N201 Sasaki 2006",
    "et": "SpinalDorsalHalf",
    "off": 25006,
    "sff": "spinal"
  },
  {
    "docID": "N201 Sasaki 2006",
    "et": "SpinalDorsalHalf",
    "off": 5544,
    "sff": "dorsal"
  },
  {
    "docID": "N201 Sasaki 2006",
    "et": "SpinalDorsalHalf",
    "off": 23413,
    "sff": "spinal"
  },
  {
    "docID": "N201 Sasaki 2006",
    "et": "SpinalDorsalHalf",
    "off": 3127,
    "sff": "spinal"
  },
  {
    "docID": "N201 Sasaki 2006",
    "et": "SpinalDorsalHalf",
    "off": 59,
    "sff": "Spinal"
  },
  {
    "docID": "N201 Sasaki 2006",
    "et": "SpinalDorsalHalf",
    "off": 16056,
    "sff": "Spinal"
  },
  {
    "docID": "N201 Sasaki 2006",
    "et": "SpinalDorsalHalf",
    "off": 6323,
    "sff": "spinal"
  },
  {
    "docID": "N201 Sasaki 2006",
    "et": "SpinalDorsalHalf",
    "off": 12147,
    "sff": "spinal"
  },
  {
    "docID": "N201 Sasaki 2006",
    "et": "Lateral",
    "off": 17544,
    "sff": "lateral"
  },
  {
    "docID": "N201 Sasaki 2006",
    "et": "SomatosensoryEvokedPotentialsTest",
    "off": 9555,
    "sff": "somatosensory"
  },
  {
    "docID": "N201 Sasaki 2006",
    "et": "NeuronalChangesTest",
    "off": 3496,
    "sff": "neuronal"
  },
  {
    "docID": "N201 Sasaki 2006",
    "et": "NeuronalChangesTest",
    "off": 1065,
    "sff": "neuronal"
  },
  {
    "docID": "N201 Sasaki 2006",
    "et": "NeuronalChangesTest",
    "off": 18684,
    "sff": "neuronal"
  },
  {
    "docID": "N201 Sasaki 2006",
    "et": "NeuronalChangesTest",
    "off": 20606,
    "sff": "neuronal"
  },
  {
    "docID": "N201 Sasaki 2006",
    "et": "NeuronalChangesTest",
    "off": 930,
    "sff": "neuronal"
  },
  {
    "docID": "N201 Sasaki 2006",
    "et": "NeuronalChangesTest",
    "off": 20230,
    "sff": "Neuronal"
  },
  {
    "docID": "N201 Sasaki 2006",
    "et": "NeuronalChangesTest",
    "off": 21572,
    "sff": "neuronal"
  },
  {
    "docID": "N201 Sasaki 2006",
    "et": "NeuronalChangesTest",
    "off": 20931,
    "sff": "neuronal"
  },
  {
    "docID": "N201 Sasaki 2006",
    "et": "NeuronalChangesTest",
    "off": 20742,
    "sff": "neuronal"
  },
  {
    "docID": "N201 Sasaki 2006",
    "et": "LimbMuscleStrengthTest",
    "off": 9550,
    "sff": "limb"
  },
  {
    "docID": "N201 Sasaki 2006",
    "et": "NeuronalActivityTest",
    "off": 930,
    "sff": "neuronal"
  },
  {
    "docID": "N201 Sasaki 2006",
    "et": "NeuronalActivityTest",
    "off": 20230,
    "sff": "Neuronal"
  },
  {
    "docID": "N201 Sasaki 2006",
    "et": "NeuronalActivityTest",
    "off": 21572,
    "sff": "neuronal"
  },
  {
    "docID": "N201 Sasaki 2006",
    "et": "NeuronalActivityTest",
    "off": 20931,
    "sff": "neuronal"
  },
  {
    "docID": "N201 Sasaki 2006",
    "et": "NeuronalActivityTest",
    "off": 20742,
    "sff": "neuronal"
  },
  {
    "docID": "N201 Sasaki 2006",
    "et": "NeuronalActivityTest",
    "off": 3496,
    "sff": "neuronal"
  },
  {
    "docID": "N201 Sasaki 2006",
    "et": "NeuronalActivityTest",
    "off": 1065,
    "sff": "neuronal"
  },
  {
    "docID": "N201 Sasaki 2006",
    "et": "NeuronalActivityTest",
    "off": 18684,
    "sff": "neuronal"
  },
  {
    "docID": "N201 Sasaki 2006",
    "et": "NeuronalActivityTest",
    "off": 20606,
    "sff": "neuronal"
  },
  {
    "docID": "N201 Sasaki 2006",
    "et": "ImagingTest",
    "off": 6785,
    "sff": "imaging"
  },
  {
    "docID": "N201 Sasaki 2006",
    "et": "MeanArterialPressure",
    "off": 15119,
    "sff": "mean"
  },
  {
    "docID": "N201 Sasaki 2006",
    "et": "CorticospinalTract",
    "off": 3940,
    "sff": "corticospinal"
  },
  {
    "docID": "N201 Sasaki 2006",
    "et": "CorticospinalTract",
    "off": 767,
    "sff": "corticospinal tract"
  },
  {
    "docID": "N201 Sasaki 2006",
    "et": "CorticospinalTract",
    "off": 20216,
    "sff": "Corticospinal"
  },
  {
    "docID": "N201 Sasaki 2006",
    "et": "CorticospinalTract",
    "off": 14490,
    "sff": "corticospinal"
  },
  {
    "docID": "N201 Sasaki 2006",
    "et": "CorticospinalTract",
    "off": 3289,
    "sff": "corticospinal tract"
  },
  {
    "docID": "N201 Sasaki 2006",
    "et": "CorticospinalTract",
    "off": 3710,
    "sff": "corticospinal"
  },
  {
    "docID": "N201 Sasaki 2006",
    "et": "CorticospinalTract",
    "off": 22837,
    "sff": "corticospinal"
  },
  {
    "docID": "N201 Sasaki 2006",
    "et": "CorticospinalTract",
    "off": 13747,
    "sff": "corticospinal"
  },
  {
    "docID": "N201 Sasaki 2006",
    "et": "CorticospinalTract",
    "off": 17235,
    "sff": "corticospinal tract"
  },
  {
    "docID": "N201 Sasaki 2006",
    "et": "CorticospinalTract",
    "off": 13431,
    "sff": "corticospinal"
  },
  {
    "docID": "N201 Sasaki 2006",
    "et": "CorticospinalTract",
    "off": 13132,
    "sff": "corticospinal"
  },
  {
    "docID": "N201 Sasaki 2006",
    "et": "CorticospinalTract",
    "off": 26028,
    "sff": "corticospinal"
  },
  {
    "docID": "N201 Sasaki 2006",
    "et": "CorticospinalTract",
    "off": 26218,
    "sff": "corticospinal"
  },
  {
    "docID": "N201 Sasaki 2006",
    "et": "CorticospinalTract",
    "off": 3083,
    "sff": "corticospinal"
  },
  {
    "docID": "N201 Sasaki 2006",
    "et": "CorticospinalTract",
    "off": 18,
    "sff": "Corticospinal Tract"
  },
  {
    "docID": "N201 Sasaki 2006",
    "et": "CorticospinalTract",
    "off": 22539,
    "sff": "Corticospinal tract"
  },
  {
    "docID": "N201 Sasaki 2006",
    "et": "SpinalCordEvokedPotentialsTest",
    "off": 22618,
    "sff": "spinal"
  },
  {
    "docID": "N201 Sasaki 2006",
    "et": "SpinalCordEvokedPotentialsTest",
    "off": 16056,
    "sff": "Spinal Cord"
  },
  {
    "docID": "N201 Sasaki 2006",
    "et": "SpinalCordEvokedPotentialsTest",
    "off": 18652,
    "sff": "spinal"
  },
  {
    "docID": "N201 Sasaki 2006",
    "et": "SpinalCordEvokedPotentialsTest",
    "off": 25006,
    "sff": "spinal cord"
  },
  {
    "docID": "N201 Sasaki 2006",
    "et": "SpinalCordEvokedPotentialsTest",
    "off": 6323,
    "sff": "spinal cord"
  },
  {
    "docID": "N201 Sasaki 2006",
    "et": "SpinalCordEvokedPotentialsTest",
    "off": 12147,
    "sff": "spinal cord"
  },
  {
    "docID": "N201 Sasaki 2006",
    "et": "SpinalCordEvokedPotentialsTest",
    "off": 3384,
    "sff": "spinal cord"
  },
  {
    "docID": "N201 Sasaki 2006",
    "et": "SpinalCordEvokedPotentialsTest",
    "off": 23413,
    "sff": "spinal cord"
  },
  {
    "docID": "N201 Sasaki 2006",
    "et": "SpinalCordEvokedPotentialsTest",
    "off": 3127,
    "sff": "spinal cord"
  },
  {
    "docID": "N201 Sasaki 2006",
    "et": "SpinalCordEvokedPotentialsTest",
    "off": 542,
    "sff": "spinal cord"
  },
  {
    "docID": "N201 Sasaki 2006",
    "et": "SpinalCordEvokedPotentialsTest",
    "off": 24859,
    "sff": "spinal cord"
  },
  {
    "docID": "N201 Sasaki 2006",
    "et": "SpinalCordEvokedPotentialsTest",
    "off": 2432,
    "sff": "spinal"
  },
  {
    "docID": "N201 Sasaki 2006",
    "et": "SpinalCordEvokedPotentialsTest",
    "off": 6439,
    "sff": "spinal cord"
  },
  {
    "docID": "N201 Sasaki 2006",
    "et": "SpinalCordEvokedPotentialsTest",
    "off": 1829,
    "sff": "spinal cord"
  },
  {
    "docID": "N201 Sasaki 2006",
    "et": "SpinalCordEvokedPotentialsTest",
    "off": 21818,
    "sff": "spinal"
  },
  {
    "docID": "N201 Sasaki 2006",
    "et": "SpinalCordEvokedPotentialsTest",
    "off": 850,
    "sff": "spinal cord"
  },
  {
    "docID": "N201 Sasaki 2006",
    "et": "SpinalCordEvokedPotentialsTest",
    "off": 3666,
    "sff": "spinal cord"
  },
  {
    "docID": "N201 Sasaki 2006",
    "et": "SpinalCordEvokedPotentialsTest",
    "off": 17175,
    "sff": "Spinal Cord"
  },
  {
    "docID": "N201 Sasaki 2006",
    "et": "SpinalCordEvokedPotentialsTest",
    "off": 1168,
    "sff": "spinal cord"
  },
  {
    "docID": "N201 Sasaki 2006",
    "et": "SpinalCordEvokedPotentialsTest",
    "off": 1488,
    "sff": "spinal cord"
  },
  {
    "docID": "N201 Sasaki 2006",
    "et": "SpinalCordEvokedPotentialsTest",
    "off": 23182,
    "sff": "spinal cord"
  },
  {
    "docID": "N201 Sasaki 2006",
    "et": "SpinalCordEvokedPotentialsTest",
    "off": 21720,
    "sff": "spinal cord"
  },
  {
    "docID": "N201 Sasaki 2006",
    "et": "SpinalCordEvokedPotentialsTest",
    "off": 16665,
    "sff": "spinal cord"
  },
  {
    "docID": "N201 Sasaki 2006",
    "et": "SpinalCordEvokedPotentialsTest",
    "off": 27609,
    "sff": "spinal cord"
  },
  {
    "docID": "N201 Sasaki 2006",
    "et": "SpinalCordEvokedPotentialsTest",
    "off": 25812,
    "sff": "spinal cord"
  },
  {
    "docID": "N201 Sasaki 2006",
    "et": "SpinalCordEvokedPotentialsTest",
    "off": 26815,
    "sff": "spinal cord"
  },
  {
    "docID": "N201 Sasaki 2006",
    "et": "SpinalCordEvokedPotentialsTest",
    "off": 9952,
    "sff": "Spinal"
  },
  {
    "docID": "N201 Sasaki 2006",
    "et": "SpinalCordEvokedPotentialsTest",
    "off": 11906,
    "sff": "spinal cord"
  },
  {
    "docID": "N201 Sasaki 2006",
    "et": "SpinalCordEvokedPotentialsTest",
    "off": 1343,
    "sff": "spinal cord"
  },
  {
    "docID": "N201 Sasaki 2006",
    "et": "SpinalCordEvokedPotentialsTest",
    "off": 59,
    "sff": "Spinal Cord"
  },
  {
    "docID": "N201 Sasaki 2006",
    "et": "SpinalCordEvokedPotentialsTest",
    "off": 10567,
    "sff": "spinal cord"
  },
  {
    "docID": "N201 Sasaki 2006",
    "et": "SpinalCordEvokedPotentialsTest",
    "off": 23880,
    "sff": "spinal cord"
  },
  {
    "docID": "N201 Sasaki 2006",
    "et": "SpinalCordEvokedPotentialsTest",
    "off": 22789,
    "sff": "spinal cord"
  }
]
