[
  {
    "docID": "N209 Tharion 2011",
    "et": "ForelimbStrengthTest",
    "off": 15233,
    "sff": "forelimb"
  },
  {
    "docID": "N209 Tharion 2011",
    "et": "BBBTest",
    "off": 20179,
    "sff": "BBB"
  },
  {
    "docID": "N209 Tharion 2011",
    "et": "BBBTest",
    "off": 21167,
    "sff": "BBB"
  },
  {
    "docID": "N209 Tharion 2011",
    "et": "BBBTest",
    "off": 9168,
    "sff": "BBB"
  },
  {
    "docID": "N209 Tharion 2011",
    "et": "BBBTest",
    "off": 12562,
    "sff": "BBB"
  },
  {
    "docID": "N209 Tharion 2011",
    "et": "BBBTest",
    "off": 11415,
    "sff": "BBB"
  },
  {
    "docID": "N209 Tharion 2011",
    "et": "BBBTest",
    "off": 8792,
    "sff": "BBB"
  },
  {
    "docID": "N209 Tharion 2011",
    "et": "BBBTest",
    "off": 11354,
    "sff": "BBB"
  },
  {
    "docID": "N209 Tharion 2011",
    "et": "BBBTest",
    "off": 17882,
    "sff": "BBB"
  },
  {
    "docID": "N209 Tharion 2011",
    "et": "BBBTest",
    "off": 20355,
    "sff": "BBB"
  },
  {
    "docID": "N209 Tharion 2011",
    "et": "BBBTest",
    "off": 20707,
    "sff": "BBB"
  },
  {
    "docID": "N209 Tharion 2011",
    "et": "BBBTest",
    "off": 20229,
    "sff": "BBB"
  },
  {
    "docID": "N209 Tharion 2011",
    "et": "BBBTest",
    "off": 21253,
    "sff": "BBB"
  },
  {
    "docID": "N209 Tharion 2011",
    "et": "BBBTest",
    "off": 14758,
    "sff": "BBB"
  },
  {
    "docID": "N209 Tharion 2011",
    "et": "BBBTest",
    "off": 15014,
    "sff": "BBB"
  },
  {
    "docID": "N209 Tharion 2011",
    "et": "BBBTest",
    "off": 18278,
    "sff": "BBB"
  },
  {
    "docID": "N209 Tharion 2011",
    "et": "BBBTest",
    "off": 9088,
    "sff": "BBB"
  },
  {
    "docID": "N209 Tharion 2011",
    "et": "BBBTest",
    "off": 14912,
    "sff": "BBB"
  },
  {
    "docID": "N209 Tharion 2011",
    "et": "BBBTest",
    "off": 14626,
    "sff": "BBB"
  },
  {
    "docID": "N209 Tharion 2011",
    "et": "BBBTest",
    "off": 14568,
    "sff": "BBB"
  },
  {
    "docID": "N209 Tharion 2011",
    "et": "BBBTest",
    "off": 8778,
    "sff": "BBB"
  },
  {
    "docID": "N209 Tharion 2011",
    "et": "WalkingAnalysisParameter",
    "off": 10725,
    "sff": "analysis"
  },
  {
    "docID": "N209 Tharion 2011",
    "et": "WalkingAnalysisParameter",
    "off": 1456,
    "sff": "Analysis"
  },
  {
    "docID": "N209 Tharion 2011",
    "et": "MolecularChangesTest",
    "off": 18049,
    "sff": "molecular"
  },
  {
    "docID": "N209 Tharion 2011",
    "et": "SurfaceRightingReflexTest",
    "off": 13740,
    "sff": "surface"
  },
  {
    "docID": "N209 Tharion 2011",
    "et": "SurfaceRightingReflexTest",
    "off": 14220,
    "sff": "surface"
  },
  {
    "docID": "N209 Tharion 2011",
    "et": "SurfaceRightingReflexTest",
    "off": 17539,
    "sff": "surface"
  },
  {
    "docID": "N209 Tharion 2011",
    "et": "SpinalSubduralArea",
    "off": 6787,
    "sff": "spinal"
  },
  {
    "docID": "N209 Tharion 2011",
    "et": "SpinalSubduralArea",
    "off": 13302,
    "sff": "spinal"
  },
  {
    "docID": "N209 Tharion 2011",
    "et": "SpinalSubduralArea",
    "off": 18487,
    "sff": "spinal"
  },
  {
    "docID": "N209 Tharion 2011",
    "et": "SpinalSubduralArea",
    "off": 16443,
    "sff": "spinal"
  },
  {
    "docID": "N209 Tharion 2011",
    "et": "SpinalSubduralArea",
    "off": 15854,
    "sff": "spinal"
  },
  {
    "docID": "N209 Tharion 2011",
    "et": "SpinalSubduralArea",
    "off": 15601,
    "sff": "spinal"
  },
  {
    "docID": "N209 Tharion 2011",
    "et": "SpinalSubduralArea",
    "off": 1899,
    "sff": "Spinal"
  },
  {
    "docID": "N209 Tharion 2011",
    "et": "SpinalSubduralArea",
    "off": 13478,
    "sff": "spinal"
  },
  {
    "docID": "N209 Tharion 2011",
    "et": "SpinalSubduralArea",
    "off": 18216,
    "sff": "spinal"
  },
  {
    "docID": "N209 Tharion 2011",
    "et": "SpinalSubduralArea",
    "off": 9323,
    "sff": "spinal"
  },
  {
    "docID": "N209 Tharion 2011",
    "et": "SpinalSubduralArea",
    "off": 11755,
    "sff": "spinal"
  },
  {
    "docID": "N209 Tharion 2011",
    "et": "SpinalSubduralArea",
    "off": 3052,
    "sff": "spinal"
  },
  {
    "docID": "N209 Tharion 2011",
    "et": "SpinalSubduralArea",
    "off": 3692,
    "sff": "spinal"
  },
  {
    "docID": "N209 Tharion 2011",
    "et": "SpinalSubduralArea",
    "off": 13164,
    "sff": "spinal"
  },
  {
    "docID": "N209 Tharion 2011",
    "et": "SpinalSubduralArea",
    "off": 21600,
    "sff": "spinal"
  },
  {
    "docID": "N209 Tharion 2011",
    "et": "SpinalSubduralArea",
    "off": 929,
    "sff": "Spinal"
  },
  {
    "docID": "N209 Tharion 2011",
    "et": "SpinalSubduralArea",
    "off": 6557,
    "sff": "spinal"
  },
  {
    "docID": "N209 Tharion 2011",
    "et": "SpinalSubduralArea",
    "off": 21518,
    "sff": "spinal"
  },
  {
    "docID": "N209 Tharion 2011",
    "et": "SpinalSubduralArea",
    "off": 8399,
    "sff": "spinal"
  },
  {
    "docID": "N209 Tharion 2011",
    "et": "SpinalSubduralArea",
    "off": 10639,
    "sff": "spinal"
  },
  {
    "docID": "N209 Tharion 2011",
    "et": "SpinalSubduralArea",
    "off": 82,
    "sff": "spinal"
  },
  {
    "docID": "N209 Tharion 2011",
    "et": "SpinalSubduralArea",
    "off": 10387,
    "sff": "spinal"
  },
  {
    "docID": "N209 Tharion 2011",
    "et": "SpinalSubduralArea",
    "off": 8277,
    "sff": "spinal"
  },
  {
    "docID": "N209 Tharion 2011",
    "et": "SpinalSubduralArea",
    "off": 17033,
    "sff": "spinal"
  },
  {
    "docID": "N209 Tharion 2011",
    "et": "SpinalSubduralArea",
    "off": 1098,
    "sff": "spinal"
  },
  {
    "docID": "N209 Tharion 2011",
    "et": "SpinalSubduralArea",
    "off": 11660,
    "sff": "spinal"
  },
  {
    "docID": "N209 Tharion 2011",
    "et": "StainingArea",
    "off": 14113,
    "sff": "staining"
  },
  {
    "docID": "N209 Tharion 2011",
    "et": "StainingArea",
    "off": 13865,
    "sff": "staining"
  },
  {
    "docID": "N209 Tharion 2011",
    "et": "CentralCanal",
    "off": 3332,
    "sff": "central"
  },
  {
    "docID": "N209 Tharion 2011",
    "et": "CentralCanal",
    "off": 519,
    "sff": "central"
  },
  {
    "docID": "N209 Tharion 2011",
    "et": "CentralCanal",
    "off": 2954,
    "sff": "central"
  },
  {
    "docID": "N209 Tharion 2011",
    "et": "SpinalFiberTract",
    "off": 929,
    "sff": "Spinal"
  },
  {
    "docID": "N209 Tharion 2011",
    "et": "SpinalFiberTract",
    "off": 18216,
    "sff": "spinal"
  },
  {
    "docID": "N209 Tharion 2011",
    "et": "SpinalFiberTract",
    "off": 13478,
    "sff": "spinal"
  },
  {
    "docID": "N209 Tharion 2011",
    "et": "SpinalFiberTract",
    "off": 9323,
    "sff": "spinal"
  },
  {
    "docID": "N209 Tharion 2011",
    "et": "SpinalFiberTract",
    "off": 11755,
    "sff": "spinal"
  },
  {
    "docID": "N209 Tharion 2011",
    "et": "SpinalFiberTract",
    "off": 3052,
    "sff": "spinal"
  },
  {
    "docID": "N209 Tharion 2011",
    "et": "SpinalFiberTract",
    "off": 3692,
    "sff": "spinal"
  },
  {
    "docID": "N209 Tharion 2011",
    "et": "SpinalFiberTract",
    "off": 13164,
    "sff": "spinal"
  },
  {
    "docID": "N209 Tharion 2011",
    "et": "SpinalFiberTract",
    "off": 15854,
    "sff": "spinal"
  },
  {
    "docID": "N209 Tharion 2011",
    "et": "SpinalFiberTract",
    "off": 15601,
    "sff": "spinal"
  },
  {
    "docID": "N209 Tharion 2011",
    "et": "SpinalFiberTract",
    "off": 8277,
    "sff": "spinal"
  },
  {
    "docID": "N209 Tharion 2011",
    "et": "SpinalFiberTract",
    "off": 21600,
    "sff": "spinal"
  },
  {
    "docID": "N209 Tharion 2011",
    "et": "SpinalFiberTract",
    "off": 6557,
    "sff": "spinal"
  },
  {
    "docID": "N209 Tharion 2011",
    "et": "SpinalFiberTract",
    "off": 1899,
    "sff": "Spinal"
  },
  {
    "docID": "N209 Tharion 2011",
    "et": "SpinalFiberTract",
    "off": 11660,
    "sff": "spinal"
  },
  {
    "docID": "N209 Tharion 2011",
    "et": "SpinalFiberTract",
    "off": 17033,
    "sff": "spinal"
  },
  {
    "docID": "N209 Tharion 2011",
    "et": "SpinalFiberTract",
    "off": 1098,
    "sff": "spinal"
  },
  {
    "docID": "N209 Tharion 2011",
    "et": "SpinalFiberTract",
    "off": 8399,
    "sff": "spinal"
  },
  {
    "docID": "N209 Tharion 2011",
    "et": "SpinalFiberTract",
    "off": 10639,
    "sff": "spinal"
  },
  {
    "docID": "N209 Tharion 2011",
    "et": "SpinalFiberTract",
    "off": 21518,
    "sff": "spinal"
  },
  {
    "docID": "N209 Tharion 2011",
    "et": "SpinalFiberTract",
    "off": 10387,
    "sff": "spinal"
  },
  {
    "docID": "N209 Tharion 2011",
    "et": "SpinalFiberTract",
    "off": 82,
    "sff": "spinal"
  },
  {
    "docID": "N209 Tharion 2011",
    "et": "SpinalFiberTract",
    "off": 18487,
    "sff": "spinal"
  },
  {
    "docID": "N209 Tharion 2011",
    "et": "SpinalFiberTract",
    "off": 13302,
    "sff": "spinal"
  },
  {
    "docID": "N209 Tharion 2011",
    "et": "SpinalFiberTract",
    "off": 16443,
    "sff": "spinal"
  },
  {
    "docID": "N209 Tharion 2011",
    "et": "SpinalFiberTract",
    "off": 6787,
    "sff": "spinal"
  },
  {
    "docID": "N209 Tharion 2011",
    "et": "ForelimbAsymmetryTest",
    "off": 15233,
    "sff": "forelimb"
  },
  {
    "docID": "N209 Tharion 2011",
    "et": "SpinalVentralHalf",
    "off": 6557,
    "sff": "spinal"
  },
  {
    "docID": "N209 Tharion 2011",
    "et": "SpinalVentralHalf",
    "off": 8399,
    "sff": "spinal"
  },
  {
    "docID": "N209 Tharion 2011",
    "et": "SpinalVentralHalf",
    "off": 10639,
    "sff": "spinal"
  },
  {
    "docID": "N209 Tharion 2011",
    "et": "SpinalVentralHalf",
    "off": 21518,
    "sff": "spinal"
  },
  {
    "docID": "N209 Tharion 2011",
    "et": "SpinalVentralHalf",
    "off": 8277,
    "sff": "spinal"
  },
  {
    "docID": "N209 Tharion 2011",
    "et": "SpinalVentralHalf",
    "off": 10387,
    "sff": "spinal"
  },
  {
    "docID": "N209 Tharion 2011",
    "et": "SpinalVentralHalf",
    "off": 82,
    "sff": "spinal"
  },
  {
    "docID": "N209 Tharion 2011",
    "et": "SpinalVentralHalf",
    "off": 18216,
    "sff": "spinal"
  },
  {
    "docID": "N209 Tharion 2011",
    "et": "SpinalVentralHalf",
    "off": 13478,
    "sff": "spinal"
  },
  {
    "docID": "N209 Tharion 2011",
    "et": "SpinalVentralHalf",
    "off": 3052,
    "sff": "spinal"
  },
  {
    "docID": "N209 Tharion 2011",
    "et": "SpinalVentralHalf",
    "off": 3692,
    "sff": "spinal"
  },
  {
    "docID": "N209 Tharion 2011",
    "et": "SpinalVentralHalf",
    "off": 13164,
    "sff": "spinal"
  },
  {
    "docID": "N209 Tharion 2011",
    "et": "SpinalVentralHalf",
    "off": 929,
    "sff": "Spinal"
  },
  {
    "docID": "N209 Tharion 2011",
    "et": "SpinalVentralHalf",
    "off": 9323,
    "sff": "spinal"
  },
  {
    "docID": "N209 Tharion 2011",
    "et": "SpinalVentralHalf",
    "off": 11755,
    "sff": "spinal"
  },
  {
    "docID": "N209 Tharion 2011",
    "et": "SpinalVentralHalf",
    "off": 1899,
    "sff": "Spinal"
  },
  {
    "docID": "N209 Tharion 2011",
    "et": "SpinalVentralHalf",
    "off": 21600,
    "sff": "spinal"
  },
  {
    "docID": "N209 Tharion 2011",
    "et": "SpinalVentralHalf",
    "off": 18487,
    "sff": "spinal"
  },
  {
    "docID": "N209 Tharion 2011",
    "et": "SpinalVentralHalf",
    "off": 13302,
    "sff": "spinal"
  },
  {
    "docID": "N209 Tharion 2011",
    "et": "SpinalVentralHalf",
    "off": 16443,
    "sff": "spinal"
  },
  {
    "docID": "N209 Tharion 2011",
    "et": "SpinalVentralHalf",
    "off": 15601,
    "sff": "spinal"
  },
  {
    "docID": "N209 Tharion 2011",
    "et": "SpinalVentralHalf",
    "off": 15854,
    "sff": "spinal"
  },
  {
    "docID": "N209 Tharion 2011",
    "et": "SpinalVentralHalf",
    "off": 17033,
    "sff": "spinal"
  },
  {
    "docID": "N209 Tharion 2011",
    "et": "SpinalVentralHalf",
    "off": 11660,
    "sff": "spinal"
  },
  {
    "docID": "N209 Tharion 2011",
    "et": "SpinalVentralHalf",
    "off": 1098,
    "sff": "spinal"
  },
  {
    "docID": "N209 Tharion 2011",
    "et": "SpinalVentralHalf",
    "off": 6787,
    "sff": "spinal"
  },
  {
    "docID": "N209 Tharion 2011",
    "et": "TissueSparingTest",
    "off": 18084,
    "sff": "tissue"
  },
  {
    "docID": "N209 Tharion 2011",
    "et": "SpinalFiber",
    "off": 18487,
    "sff": "spinal"
  },
  {
    "docID": "N209 Tharion 2011",
    "et": "SpinalFiber",
    "off": 16443,
    "sff": "spinal"
  },
  {
    "docID": "N209 Tharion 2011",
    "et": "SpinalFiber",
    "off": 15601,
    "sff": "spinal"
  },
  {
    "docID": "N209 Tharion 2011",
    "et": "SpinalFiber",
    "off": 13302,
    "sff": "spinal"
  },
  {
    "docID": "N209 Tharion 2011",
    "et": "SpinalFiber",
    "off": 18216,
    "sff": "spinal"
  },
  {
    "docID": "N209 Tharion 2011",
    "et": "SpinalFiber",
    "off": 15854,
    "sff": "spinal"
  },
  {
    "docID": "N209 Tharion 2011",
    "et": "SpinalFiber",
    "off": 3052,
    "sff": "spinal"
  },
  {
    "docID": "N209 Tharion 2011",
    "et": "SpinalFiber",
    "off": 3692,
    "sff": "spinal"
  },
  {
    "docID": "N209 Tharion 2011",
    "et": "SpinalFiber",
    "off": 13164,
    "sff": "spinal"
  },
  {
    "docID": "N209 Tharion 2011",
    "et": "SpinalFiber",
    "off": 929,
    "sff": "Spinal"
  },
  {
    "docID": "N209 Tharion 2011",
    "et": "SpinalFiber",
    "off": 9323,
    "sff": "spinal"
  },
  {
    "docID": "N209 Tharion 2011",
    "et": "SpinalFiber",
    "off": 11755,
    "sff": "spinal"
  },
  {
    "docID": "N209 Tharion 2011",
    "et": "SpinalFiber",
    "off": 1899,
    "sff": "Spinal"
  },
  {
    "docID": "N209 Tharion 2011",
    "et": "SpinalFiber",
    "off": 21600,
    "sff": "spinal"
  },
  {
    "docID": "N209 Tharion 2011",
    "et": "SpinalFiber",
    "off": 13478,
    "sff": "spinal"
  },
  {
    "docID": "N209 Tharion 2011",
    "et": "SpinalFiber",
    "off": 6557,
    "sff": "spinal"
  },
  {
    "docID": "N209 Tharion 2011",
    "et": "SpinalFiber",
    "off": 82,
    "sff": "spinal"
  },
  {
    "docID": "N209 Tharion 2011",
    "et": "SpinalFiber",
    "off": 8399,
    "sff": "spinal"
  },
  {
    "docID": "N209 Tharion 2011",
    "et": "SpinalFiber",
    "off": 10639,
    "sff": "spinal"
  },
  {
    "docID": "N209 Tharion 2011",
    "et": "SpinalFiber",
    "off": 8277,
    "sff": "spinal"
  },
  {
    "docID": "N209 Tharion 2011",
    "et": "SpinalFiber",
    "off": 10387,
    "sff": "spinal"
  },
  {
    "docID": "N209 Tharion 2011",
    "et": "SpinalFiber",
    "off": 1098,
    "sff": "spinal"
  },
  {
    "docID": "N209 Tharion 2011",
    "et": "SpinalFiber",
    "off": 17033,
    "sff": "spinal"
  },
  {
    "docID": "N209 Tharion 2011",
    "et": "SpinalFiber",
    "off": 21518,
    "sff": "spinal"
  },
  {
    "docID": "N209 Tharion 2011",
    "et": "SpinalFiber",
    "off": 11660,
    "sff": "spinal"
  },
  {
    "docID": "N209 Tharion 2011",
    "et": "SpinalFiber",
    "off": 6787,
    "sff": "spinal"
  },
  {
    "docID": "N209 Tharion 2011",
    "et": "MotorReflexTest",
    "off": 21538,
    "sff": "motor"
  },
  {
    "docID": "N209 Tharion 2011",
    "et": "MotorReflexTest",
    "off": 12673,
    "sff": "Motor"
  },
  {
    "docID": "N209 Tharion 2011",
    "et": "MotorReflexTest",
    "off": 9657,
    "sff": "motor"
  },
  {
    "docID": "N209 Tharion 2011",
    "et": "MotorReflexTest",
    "off": 18969,
    "sff": "motor"
  },
  {
    "docID": "N209 Tharion 2011",
    "et": "MotorReflexTest",
    "off": 9368,
    "sff": "motor"
  },
  {
    "docID": "N209 Tharion 2011",
    "et": "MotorReflexTest",
    "off": 9752,
    "sff": "motor"
  },
  {
    "docID": "N209 Tharion 2011",
    "et": "MotorReflexTest",
    "off": 20711,
    "sff": "motor"
  },
  {
    "docID": "N209 Tharion 2011",
    "et": "MotorReflexTest",
    "off": 1846,
    "sff": "motor"
  },
  {
    "docID": "N209 Tharion 2011",
    "et": "MotorReflexTest",
    "off": 20886,
    "sff": "motor"
  },
  {
    "docID": "N209 Tharion 2011",
    "et": "MotorReflexTest",
    "off": 9429,
    "sff": "motor"
  },
  {
    "docID": "N209 Tharion 2011",
    "et": "MotorReflexTest",
    "off": 9172,
    "sff": "motor"
  },
  {
    "docID": "N209 Tharion 2011",
    "et": "ConductionVelocity",
    "off": 21500,
    "sff": "conduction"
  },
  {
    "docID": "N209 Tharion 2011",
    "et": "SurvivalObservation",
    "off": 15813,
    "sff": "survival"
  },
  {
    "docID": "N209 Tharion 2011",
    "et": "GeneExpressionAnalysis",
    "off": 7484,
    "sff": "expression"
  },
  {
    "docID": "N209 Tharion 2011",
    "et": "GeneExpressionAnalysis",
    "off": 16827,
    "sff": "expression"
  },
  {
    "docID": "N209 Tharion 2011",
    "et": "AxonalRegenerationTest",
    "off": 20004,
    "sff": "axonal"
  },
  {
    "docID": "N209 Tharion 2011",
    "et": "AxonalRegenerationTest",
    "off": 3411,
    "sff": "axonal regeneration"
  },
  {
    "docID": "N209 Tharion 2011",
    "et": "AxonalRegenerationTest",
    "off": 588,
    "sff": "axonal"
  },
  {
    "docID": "N209 Tharion 2011",
    "et": "AxonalRegenerationTest",
    "off": 16493,
    "sff": "axonal regeneration"
  },
  {
    "docID": "N209 Tharion 2011",
    "et": "AxonalRegenerationTest",
    "off": 21709,
    "sff": "axonal regeneration"
  },
  {
    "docID": "N209 Tharion 2011",
    "et": "AxonalRegenerationTest",
    "off": 19104,
    "sff": "axonal"
  },
  {
    "docID": "N209 Tharion 2011",
    "et": "AxonalRegenerationTest",
    "off": 19680,
    "sff": "axonal regeneration"
  },
  {
    "docID": "N209 Tharion 2011",
    "et": "AxonalRegenerationTest",
    "off": 2250,
    "sff": "axonal regeneration"
  },
  {
    "docID": "N209 Tharion 2011",
    "et": "AxonalRegenerationTest",
    "off": 2892,
    "sff": "axonal regeneration"
  },
  {
    "docID": "N209 Tharion 2011",
    "et": "SignalIntensity",
    "off": 12909,
    "sff": "signal"
  },
  {
    "docID": "N209 Tharion 2011",
    "et": "ProteinLevelAnalysis",
    "off": 21481,
    "sff": "level"
  },
  {
    "docID": "N209 Tharion 2011",
    "et": "ProteinLevelAnalysis",
    "off": 19009,
    "sff": "level"
  },
  {
    "docID": "N209 Tharion 2011",
    "et": "ProteinLevelAnalysis",
    "off": 2096,
    "sff": "level"
  },
  {
    "docID": "N209 Tharion 2011",
    "et": "SpinalLesionSite",
    "off": 1899,
    "sff": "Spinal"
  },
  {
    "docID": "N209 Tharion 2011",
    "et": "SpinalLesionSite",
    "off": 18487,
    "sff": "spinal"
  },
  {
    "docID": "N209 Tharion 2011",
    "et": "SpinalLesionSite",
    "off": 13302,
    "sff": "spinal"
  },
  {
    "docID": "N209 Tharion 2011",
    "et": "SpinalLesionSite",
    "off": 16443,
    "sff": "spinal"
  },
  {
    "docID": "N209 Tharion 2011",
    "et": "SpinalLesionSite",
    "off": 16675,
    "sff": "lesion"
  },
  {
    "docID": "N209 Tharion 2011",
    "et": "SpinalLesionSite",
    "off": 18216,
    "sff": "spinal"
  },
  {
    "docID": "N209 Tharion 2011",
    "et": "SpinalLesionSite",
    "off": 13478,
    "sff": "spinal"
  },
  {
    "docID": "N209 Tharion 2011",
    "et": "SpinalLesionSite",
    "off": 3052,
    "sff": "spinal"
  },
  {
    "docID": "N209 Tharion 2011",
    "et": "SpinalLesionSite",
    "off": 3692,
    "sff": "spinal"
  },
  {
    "docID": "N209 Tharion 2011",
    "et": "SpinalLesionSite",
    "off": 13164,
    "sff": "spinal"
  },
  {
    "docID": "N209 Tharion 2011",
    "et": "SpinalLesionSite",
    "off": 9323,
    "sff": "spinal"
  },
  {
    "docID": "N209 Tharion 2011",
    "et": "SpinalLesionSite",
    "off": 11755,
    "sff": "spinal"
  },
  {
    "docID": "N209 Tharion 2011",
    "et": "SpinalLesionSite",
    "off": 15601,
    "sff": "spinal"
  },
  {
    "docID": "N209 Tharion 2011",
    "et": "SpinalLesionSite",
    "off": 15854,
    "sff": "spinal"
  },
  {
    "docID": "N209 Tharion 2011",
    "et": "SpinalLesionSite",
    "off": 8277,
    "sff": "spinal"
  },
  {
    "docID": "N209 Tharion 2011",
    "et": "SpinalLesionSite",
    "off": 10387,
    "sff": "spinal"
  },
  {
    "docID": "N209 Tharion 2011",
    "et": "SpinalLesionSite",
    "off": 82,
    "sff": "spinal"
  },
  {
    "docID": "N209 Tharion 2011",
    "et": "SpinalLesionSite",
    "off": 6547,
    "sff": "lesion"
  },
  {
    "docID": "N209 Tharion 2011",
    "et": "SpinalLesionSite",
    "off": 6557,
    "sff": "spinal"
  },
  {
    "docID": "N209 Tharion 2011",
    "et": "SpinalLesionSite",
    "off": 21600,
    "sff": "spinal"
  },
  {
    "docID": "N209 Tharion 2011",
    "et": "SpinalLesionSite",
    "off": 929,
    "sff": "Spinal"
  },
  {
    "docID": "N209 Tharion 2011",
    "et": "SpinalLesionSite",
    "off": 6787,
    "sff": "spinal"
  },
  {
    "docID": "N209 Tharion 2011",
    "et": "SpinalLesionSite",
    "off": 17033,
    "sff": "spinal"
  },
  {
    "docID": "N209 Tharion 2011",
    "et": "SpinalLesionSite",
    "off": 11660,
    "sff": "spinal"
  },
  {
    "docID": "N209 Tharion 2011",
    "et": "SpinalLesionSite",
    "off": 1098,
    "sff": "spinal"
  },
  {
    "docID": "N209 Tharion 2011",
    "et": "SpinalLesionSite",
    "off": 8399,
    "sff": "spinal"
  },
  {
    "docID": "N209 Tharion 2011",
    "et": "SpinalLesionSite",
    "off": 10639,
    "sff": "spinal"
  },
  {
    "docID": "N209 Tharion 2011",
    "et": "SpinalLesionSite",
    "off": 21518,
    "sff": "spinal"
  },
  {
    "docID": "N209 Tharion 2011",
    "et": "LesionVolumeTest",
    "off": 6547,
    "sff": "lesion"
  },
  {
    "docID": "N209 Tharion 2011",
    "et": "LesionVolumeTest",
    "off": 16675,
    "sff": "lesion"
  },
  {
    "docID": "N209 Tharion 2011",
    "et": "SchwannCellChangesTest",
    "off": 20642,
    "sff": "cell"
  },
  {
    "docID": "N209 Tharion 2011",
    "et": "SchwannCellChangesTest",
    "off": 10015,
    "sff": "cell"
  },
  {
    "docID": "N209 Tharion 2011",
    "et": "SchwannCellChangesTest",
    "off": 3383,
    "sff": "Schwann"
  },
  {
    "docID": "N209 Tharion 2011",
    "et": "SchwannCellChangesTest",
    "off": 4957,
    "sff": "cell"
  },
  {
    "docID": "N209 Tharion 2011",
    "et": "SchwannCellChangesTest",
    "off": 7591,
    "sff": "Cell"
  },
  {
    "docID": "N209 Tharion 2011",
    "et": "SchwannCellChangesTest",
    "off": 7772,
    "sff": "cell"
  },
  {
    "docID": "N209 Tharion 2011",
    "et": "SchwannCellChangesTest",
    "off": 19484,
    "sff": "cell"
  },
  {
    "docID": "N209 Tharion 2011",
    "et": "SchwannCellChangesTest",
    "off": 810,
    "sff": "cell"
  },
  {
    "docID": "N209 Tharion 2011",
    "et": "SchwannCellChangesTest",
    "off": 3562,
    "sff": "cell"
  },
  {
    "docID": "N209 Tharion 2011",
    "et": "SchwannCellChangesTest",
    "off": 5544,
    "sff": "cell"
  },
  {
    "docID": "N209 Tharion 2011",
    "et": "SchwannCellChangesTest",
    "off": 4197,
    "sff": "cell"
  },
  {
    "docID": "N209 Tharion 2011",
    "et": "SchwannCellChangesTest",
    "off": 20465,
    "sff": "cell"
  },
  {
    "docID": "N209 Tharion 2011",
    "et": "SchwannCellChangesTest",
    "off": 48,
    "sff": "cell"
  },
  {
    "docID": "N209 Tharion 2011",
    "et": "SchwannCellChangesTest",
    "off": 7341,
    "sff": "cell"
  },
  {
    "docID": "N209 Tharion 2011",
    "et": "SchwannCellChangesTest",
    "off": 14828,
    "sff": "cell"
  },
  {
    "docID": "N209 Tharion 2011",
    "et": "SchwannCellChangesTest",
    "off": 7290,
    "sff": "cell"
  },
  {
    "docID": "N209 Tharion 2011",
    "et": "SchwannCellChangesTest",
    "off": 3171,
    "sff": "Schwann"
  },
  {
    "docID": "N209 Tharion 2011",
    "et": "SchwannCellChangesTest",
    "off": 8439,
    "sff": "cell"
  },
  {
    "docID": "N209 Tharion 2011",
    "et": "SchwannCellChangesTest",
    "off": 14709,
    "sff": "cell"
  },
  {
    "docID": "N209 Tharion 2011",
    "et": "SchwannCellChangesTest",
    "off": 14964,
    "sff": "cell"
  },
  {
    "docID": "N209 Tharion 2011",
    "et": "SchwannCellChangesTest",
    "off": 13058,
    "sff": "cell"
  },
  {
    "docID": "N209 Tharion 2011",
    "et": "SchwannCellChangesTest",
    "off": 14526,
    "sff": "cell"
  },
  {
    "docID": "N209 Tharion 2011",
    "et": "SchwannCellChangesTest",
    "off": 8519,
    "sff": "Cell"
  },
  {
    "docID": "N209 Tharion 2011",
    "et": "SchwannCellChangesTest",
    "off": 7612,
    "sff": "Cell"
  },
  {
    "docID": "N209 Tharion 2011",
    "et": "SchwannCellChangesTest",
    "off": 10823,
    "sff": "cell"
  },
  {
    "docID": "N209 Tharion 2011",
    "et": "SchwannCellChangesTest",
    "off": 20613,
    "sff": "cell"
  },
  {
    "docID": "N209 Tharion 2011",
    "et": "SchwannCellChangesTest",
    "off": 5331,
    "sff": "cell"
  },
  {
    "docID": "N209 Tharion 2011",
    "et": "SchwannCellChangesTest",
    "off": 11341,
    "sff": "cell"
  },
  {
    "docID": "N209 Tharion 2011",
    "et": "SchwannCellChangesTest",
    "off": 16972,
    "sff": "cell"
  },
  {
    "docID": "N209 Tharion 2011",
    "et": "SchwannCellChangesTest",
    "off": 8602,
    "sff": "cell"
  },
  {
    "docID": "N209 Tharion 2011",
    "et": "SchwannCellChangesTest",
    "off": 13146,
    "sff": "cell"
  },
  {
    "docID": "N209 Tharion 2011",
    "et": "SchwannCellChangesTest",
    "off": 3929,
    "sff": "cell"
  },
  {
    "docID": "N209 Tharion 2011",
    "et": "SchwannCellChangesTest",
    "off": 14167,
    "sff": "cell"
  },
  {
    "docID": "N209 Tharion 2011",
    "et": "SchwannCellChangesTest",
    "off": 8725,
    "sff": "cell"
  },
  {
    "docID": "N209 Tharion 2011",
    "et": "MotorNeurons",
    "off": 21538,
    "sff": "motor"
  },
  {
    "docID": "N209 Tharion 2011",
    "et": "MotorNeurons",
    "off": 9657,
    "sff": "motor"
  },
  {
    "docID": "N209 Tharion 2011",
    "et": "MotorNeurons",
    "off": 18969,
    "sff": "motor"
  },
  {
    "docID": "N209 Tharion 2011",
    "et": "MotorNeurons",
    "off": 12673,
    "sff": "Motor"
  },
  {
    "docID": "N209 Tharion 2011",
    "et": "MotorNeurons",
    "off": 20711,
    "sff": "motor"
  },
  {
    "docID": "N209 Tharion 2011",
    "et": "MotorNeurons",
    "off": 9368,
    "sff": "motor"
  },
  {
    "docID": "N209 Tharion 2011",
    "et": "MotorNeurons",
    "off": 9752,
    "sff": "motor"
  },
  {
    "docID": "N209 Tharion 2011",
    "et": "MotorNeurons",
    "off": 9429,
    "sff": "motor"
  },
  {
    "docID": "N209 Tharion 2011",
    "et": "MotorNeurons",
    "off": 1846,
    "sff": "motor"
  },
  {
    "docID": "N209 Tharion 2011",
    "et": "MotorNeurons",
    "off": 20886,
    "sff": "motor"
  },
  {
    "docID": "N209 Tharion 2011",
    "et": "MotorNeurons",
    "off": 9172,
    "sff": "motor"
  },
  {
    "docID": "N209 Tharion 2011",
    "et": "FunctionalTest",
    "off": 9295,
    "sff": "functional"
  },
  {
    "docID": "N209 Tharion 2011",
    "et": "GaleRatingScoreTest",
    "off": 15018,
    "sff": "rating"
  },
  {
    "docID": "N209 Tharion 2011",
    "et": "GaleRatingScoreTest",
    "off": 1235,
    "sff": "rating"
  },
  {
    "docID": "N209 Tharion 2011",
    "et": "SecondaryDegenerationTest",
    "off": 6330,
    "sff": "secondary"
  },
  {
    "docID": "N209 Tharion 2011",
    "et": "SecondaryDegenerationTest",
    "off": 18074,
    "sff": "secondary"
  },
  {
    "docID": "N209 Tharion 2011",
    "et": "TreatmentSite",
    "off": 16019,
    "sff": "treatment"
  },
  {
    "docID": "N209 Tharion 2011",
    "et": "TreatmentSite",
    "off": 18415,
    "sff": "treatment"
  },
  {
    "docID": "N209 Tharion 2011",
    "et": "Longitudinal",
    "off": 10525,
    "sff": "longitudinal"
  },
  {
    "docID": "N209 Tharion 2011",
    "et": "Longitudinal",
    "off": 13122,
    "sff": "Longitudinal"
  },
  {
    "docID": "N209 Tharion 2011",
    "et": "Longitudinal",
    "off": 15551,
    "sff": "longitudinal"
  },
  {
    "docID": "N209 Tharion 2011",
    "et": "SpinalCord",
    "off": 11660,
    "sff": "spinal cord"
  },
  {
    "docID": "N209 Tharion 2011",
    "et": "SpinalCord",
    "off": 21518,
    "sff": "spinal cord"
  },
  {
    "docID": "N209 Tharion 2011",
    "et": "SpinalCord",
    "off": 18487,
    "sff": "spinal"
  },
  {
    "docID": "N209 Tharion 2011",
    "et": "SpinalCord",
    "off": 1098,
    "sff": "spinal cord"
  },
  {
    "docID": "N209 Tharion 2011",
    "et": "SpinalCord",
    "off": 17033,
    "sff": "spinal cord"
  },
  {
    "docID": "N209 Tharion 2011",
    "et": "SpinalCord",
    "off": 10387,
    "sff": "spinal cord"
  },
  {
    "docID": "N209 Tharion 2011",
    "et": "SpinalCord",
    "off": 8277,
    "sff": "spinal cord"
  },
  {
    "docID": "N209 Tharion 2011",
    "et": "SpinalCord",
    "off": 8399,
    "sff": "spinal cord"
  },
  {
    "docID": "N209 Tharion 2011",
    "et": "SpinalCord",
    "off": 10639,
    "sff": "spinal cord"
  },
  {
    "docID": "N209 Tharion 2011",
    "et": "SpinalCord",
    "off": 82,
    "sff": "spinal cord"
  },
  {
    "docID": "N209 Tharion 2011",
    "et": "SpinalCord",
    "off": 6557,
    "sff": "spinal cord"
  },
  {
    "docID": "N209 Tharion 2011",
    "et": "SpinalCord",
    "off": 13478,
    "sff": "spinal cord"
  },
  {
    "docID": "N209 Tharion 2011",
    "et": "SpinalCord",
    "off": 21600,
    "sff": "spinal cord"
  },
  {
    "docID": "N209 Tharion 2011",
    "et": "SpinalCord",
    "off": 929,
    "sff": "Spinal cord"
  },
  {
    "docID": "N209 Tharion 2011",
    "et": "SpinalCord",
    "off": 1899,
    "sff": "Spinal cord"
  },
  {
    "docID": "N209 Tharion 2011",
    "et": "SpinalCord",
    "off": 3052,
    "sff": "spinal cord"
  },
  {
    "docID": "N209 Tharion 2011",
    "et": "SpinalCord",
    "off": 3692,
    "sff": "spinal cord"
  },
  {
    "docID": "N209 Tharion 2011",
    "et": "SpinalCord",
    "off": 13164,
    "sff": "spinal cord"
  },
  {
    "docID": "N209 Tharion 2011",
    "et": "SpinalCord",
    "off": 9323,
    "sff": "spinal cord"
  },
  {
    "docID": "N209 Tharion 2011",
    "et": "SpinalCord",
    "off": 11755,
    "sff": "spinal cord"
  },
  {
    "docID": "N209 Tharion 2011",
    "et": "SpinalCord",
    "off": 15854,
    "sff": "spinal cord"
  },
  {
    "docID": "N209 Tharion 2011",
    "et": "SpinalCord",
    "off": 18216,
    "sff": "spinal cord"
  },
  {
    "docID": "N209 Tharion 2011",
    "et": "SpinalCord",
    "off": 13302,
    "sff": "spinal cord"
  },
  {
    "docID": "N209 Tharion 2011",
    "et": "SpinalCord",
    "off": 15601,
    "sff": "spinal cord"
  },
  {
    "docID": "N209 Tharion 2011",
    "et": "SpinalCord",
    "off": 16443,
    "sff": "spinal cord"
  },
  {
    "docID": "N209 Tharion 2011",
    "et": "SpinalCord",
    "off": 6787,
    "sff": "spinal cord"
  },
  {
    "docID": "N209 Tharion 2011",
    "et": "LesionAdjacentTissue",
    "off": 10453,
    "sff": "adjacent"
  },
  {
    "docID": "N209 Tharion 2011",
    "et": "LesionAdjacentTissue",
    "off": 6547,
    "sff": "lesion"
  },
  {
    "docID": "N209 Tharion 2011",
    "et": "LesionAdjacentTissue",
    "off": 16675,
    "sff": "lesion"
  },
  {
    "docID": "N209 Tharion 2011",
    "et": "ContactPlacingResponseTest",
    "off": 17487,
    "sff": "contact"
  },
  {
    "docID": "N209 Tharion 2011",
    "et": "ContactPlacingResponseTest",
    "off": 18689,
    "sff": "contact"
  },
  {
    "docID": "N209 Tharion 2011",
    "et": "CentralNervousSystem",
    "off": 519,
    "sff": "central nervous system"
  },
  {
    "docID": "N209 Tharion 2011",
    "et": "CentralNervousSystem",
    "off": 2954,
    "sff": "central nervous"
  },
  {
    "docID": "N209 Tharion 2011",
    "et": "CentralNervousSystem",
    "off": 519,
    "sff": "central nervous"
  },
  {
    "docID": "N209 Tharion 2011",
    "et": "CentralNervousSystem",
    "off": 2954,
    "sff": "central nervous system"
  },
  {
    "docID": "N209 Tharion 2011",
    "et": "CentralNervousSystem",
    "off": 3203,
    "sff": "nervous"
  },
  {
    "docID": "N209 Tharion 2011",
    "et": "CentralNervousSystem",
    "off": 3203,
    "sff": "nervous system"
  },
  {
    "docID": "N209 Tharion 2011",
    "et": "CentralNervousSystem",
    "off": 3332,
    "sff": "central nervous"
  },
  {
    "docID": "N209 Tharion 2011",
    "et": "StainingLength",
    "off": 14113,
    "sff": "staining"
  },
  {
    "docID": "N209 Tharion 2011",
    "et": "StainingLength",
    "off": 13865,
    "sff": "staining"
  },
  {
    "docID": "N209 Tharion 2011",
    "et": "LimbRotation",
    "off": 12822,
    "sff": "limb"
  },
  {
    "docID": "N209 Tharion 2011",
    "et": "LimbRotation",
    "off": 8869,
    "sff": "limb"
  },
  {
    "docID": "N209 Tharion 2011",
    "et": "LimbRotation",
    "off": 9036,
    "sff": "Limb"
  },
  {
    "docID": "N209 Tharion 2011",
    "et": "LimbRotation",
    "off": 9925,
    "sff": "limb"
  },
  {
    "docID": "N209 Tharion 2011",
    "et": "LimbRotation",
    "off": 9459,
    "sff": "limb"
  },
  {
    "docID": "N209 Tharion 2011",
    "et": "LimbRotation",
    "off": 1195,
    "sff": "limb"
  },
  {
    "docID": "N209 Tharion 2011",
    "et": "LimbRotation",
    "off": 9515,
    "sff": "limb"
  },
  {
    "docID": "N209 Tharion 2011",
    "et": "LimbRotation",
    "off": 11536,
    "sff": "limb"
  },
  {
    "docID": "N209 Tharion 2011",
    "et": "LimbRotation",
    "off": 12880,
    "sff": "limb"
  },
  {
    "docID": "N209 Tharion 2011",
    "et": "LimbRotation",
    "off": 9967,
    "sff": "limb"
  },
  {
    "docID": "N209 Tharion 2011",
    "et": "LimbRotation",
    "off": 12927,
    "sff": "limb"
  },
  {
    "docID": "N209 Tharion 2011",
    "et": "T50MeanArterialPressure",
    "off": 11426,
    "sff": "Mean"
  },
  {
    "docID": "N209 Tharion 2011",
    "et": "T50MeanArterialPressure",
    "off": 14753,
    "sff": "mean"
  },
  {
    "docID": "N209 Tharion 2011",
    "et": "T50MeanArterialPressure",
    "off": 15009,
    "sff": "mean"
  },
  {
    "docID": "N209 Tharion 2011",
    "et": "T50MeanArterialPressure",
    "off": 11542,
    "sff": "Mean"
  },
  {
    "docID": "N209 Tharion 2011",
    "et": "T50MeanArterialPressure",
    "off": 14621,
    "sff": "mean"
  },
  {
    "docID": "N209 Tharion 2011",
    "et": "Location",
    "off": 13633,
    "sff": "location"
  },
  {
    "docID": "N209 Tharion 2011",
    "et": "Location",
    "off": 4864,
    "sff": "location"
  },
  {
    "docID": "N209 Tharion 2011",
    "et": "Location",
    "off": 17517,
    "sff": "location"
  },
  {
    "docID": "N209 Tharion 2011",
    "et": "ApoptosisTest",
    "off": 18117,
    "sff": "apoptosis"
  },
  {
    "docID": "N209 Tharion 2011",
    "et": "StainingDensity",
    "off": 14113,
    "sff": "staining"
  },
  {
    "docID": "N209 Tharion 2011",
    "et": "StainingDensity",
    "off": 13865,
    "sff": "staining"
  },
  {
    "docID": "N209 Tharion 2011",
    "et": "BBBSubscoreTest",
    "off": 8792,
    "sff": "BBB"
  },
  {
    "docID": "N209 Tharion 2011",
    "et": "BBBSubscoreTest",
    "off": 11415,
    "sff": "BBB"
  },
  {
    "docID": "N209 Tharion 2011",
    "et": "BBBSubscoreTest",
    "off": 12562,
    "sff": "BBB"
  },
  {
    "docID": "N209 Tharion 2011",
    "et": "BBBSubscoreTest",
    "off": 20179,
    "sff": "BBB"
  },
  {
    "docID": "N209 Tharion 2011",
    "et": "BBBSubscoreTest",
    "off": 9088,
    "sff": "BBB"
  },
  {
    "docID": "N209 Tharion 2011",
    "et": "BBBSubscoreTest",
    "off": 14912,
    "sff": "BBB"
  },
  {
    "docID": "N209 Tharion 2011",
    "et": "BBBSubscoreTest",
    "off": 11354,
    "sff": "BBB"
  },
  {
    "docID": "N209 Tharion 2011",
    "et": "BBBSubscoreTest",
    "off": 17882,
    "sff": "BBB"
  },
  {
    "docID": "N209 Tharion 2011",
    "et": "BBBSubscoreTest",
    "off": 14758,
    "sff": "BBB"
  },
  {
    "docID": "N209 Tharion 2011",
    "et": "BBBSubscoreTest",
    "off": 15014,
    "sff": "BBB"
  },
  {
    "docID": "N209 Tharion 2011",
    "et": "BBBSubscoreTest",
    "off": 18278,
    "sff": "BBB"
  },
  {
    "docID": "N209 Tharion 2011",
    "et": "BBBSubscoreTest",
    "off": 20229,
    "sff": "BBB"
  },
  {
    "docID": "N209 Tharion 2011",
    "et": "BBBSubscoreTest",
    "off": 21253,
    "sff": "BBB"
  },
  {
    "docID": "N209 Tharion 2011",
    "et": "BBBSubscoreTest",
    "off": 14568,
    "sff": "BBB"
  },
  {
    "docID": "N209 Tharion 2011",
    "et": "BBBSubscoreTest",
    "off": 14626,
    "sff": "BBB"
  },
  {
    "docID": "N209 Tharion 2011",
    "et": "BBBSubscoreTest",
    "off": 20355,
    "sff": "BBB"
  },
  {
    "docID": "N209 Tharion 2011",
    "et": "BBBSubscoreTest",
    "off": 20707,
    "sff": "BBB"
  },
  {
    "docID": "N209 Tharion 2011",
    "et": "BBBSubscoreTest",
    "off": 9168,
    "sff": "BBB"
  },
  {
    "docID": "N209 Tharion 2011",
    "et": "BBBSubscoreTest",
    "off": 21167,
    "sff": "BBB"
  },
  {
    "docID": "N209 Tharion 2011",
    "et": "BBBSubscoreTest",
    "off": 8778,
    "sff": "BBB"
  },
  {
    "docID": "N209 Tharion 2011",
    "et": "AxonalDamageTest",
    "off": 19104,
    "sff": "axonal"
  },
  {
    "docID": "N209 Tharion 2011",
    "et": "AxonalDamageTest",
    "off": 19680,
    "sff": "axonal"
  },
  {
    "docID": "N209 Tharion 2011",
    "et": "AxonalDamageTest",
    "off": 20004,
    "sff": "axonal"
  },
  {
    "docID": "N209 Tharion 2011",
    "et": "AxonalDamageTest",
    "off": 3411,
    "sff": "axonal"
  },
  {
    "docID": "N209 Tharion 2011",
    "et": "AxonalDamageTest",
    "off": 16493,
    "sff": "axonal"
  },
  {
    "docID": "N209 Tharion 2011",
    "et": "AxonalDamageTest",
    "off": 21709,
    "sff": "axonal"
  },
  {
    "docID": "N209 Tharion 2011",
    "et": "AxonalDamageTest",
    "off": 588,
    "sff": "axonal"
  },
  {
    "docID": "N209 Tharion 2011",
    "et": "AxonalDamageTest",
    "off": 2892,
    "sff": "axonal"
  },
  {
    "docID": "N209 Tharion 2011",
    "et": "AxonalDamageTest",
    "off": 2250,
    "sff": "axonal"
  },
  {
    "docID": "N209 Tharion 2011",
    "et": "HistologicalInvestigationParameter",
    "off": 10198,
    "sff": "Histological"
  },
  {
    "docID": "N209 Tharion 2011",
    "et": "HistologicalInvestigationParameter",
    "off": 18447,
    "sff": "histological"
  },
  {
    "docID": "N209 Tharion 2011",
    "et": "HistologicalInvestigationParameter",
    "off": 4934,
    "sff": "histological"
  },
  {
    "docID": "N209 Tharion 2011",
    "et": "HistologicalInvestigationParameter",
    "off": 17064,
    "sff": "histological"
  },
  {
    "docID": "N209 Tharion 2011",
    "et": "HistologicalInvestigationParameter",
    "off": 15523,
    "sff": "Histological"
  },
  {
    "docID": "N209 Tharion 2011",
    "et": "SpinalCentralPart",
    "off": 16443,
    "sff": "spinal"
  },
  {
    "docID": "N209 Tharion 2011",
    "et": "SpinalCentralPart",
    "off": 3332,
    "sff": "central"
  },
  {
    "docID": "N209 Tharion 2011",
    "et": "SpinalCentralPart",
    "off": 6787,
    "sff": "spinal"
  },
  {
    "docID": "N209 Tharion 2011",
    "et": "SpinalCentralPart",
    "off": 1899,
    "sff": "Spinal"
  },
  {
    "docID": "N209 Tharion 2011",
    "et": "SpinalCentralPart",
    "off": 17033,
    "sff": "spinal"
  },
  {
    "docID": "N209 Tharion 2011",
    "et": "SpinalCentralPart",
    "off": 519,
    "sff": "central"
  },
  {
    "docID": "N209 Tharion 2011",
    "et": "SpinalCentralPart",
    "off": 1098,
    "sff": "spinal"
  },
  {
    "docID": "N209 Tharion 2011",
    "et": "SpinalCentralPart",
    "off": 2954,
    "sff": "central"
  },
  {
    "docID": "N209 Tharion 2011",
    "et": "SpinalCentralPart",
    "off": 21518,
    "sff": "spinal"
  },
  {
    "docID": "N209 Tharion 2011",
    "et": "SpinalCentralPart",
    "off": 11660,
    "sff": "spinal"
  },
  {
    "docID": "N209 Tharion 2011",
    "et": "SpinalCentralPart",
    "off": 82,
    "sff": "spinal"
  },
  {
    "docID": "N209 Tharion 2011",
    "et": "SpinalCentralPart",
    "off": 8399,
    "sff": "spinal"
  },
  {
    "docID": "N209 Tharion 2011",
    "et": "SpinalCentralPart",
    "off": 10639,
    "sff": "spinal"
  },
  {
    "docID": "N209 Tharion 2011",
    "et": "SpinalCentralPart",
    "off": 8277,
    "sff": "spinal"
  },
  {
    "docID": "N209 Tharion 2011",
    "et": "SpinalCentralPart",
    "off": 929,
    "sff": "Spinal"
  },
  {
    "docID": "N209 Tharion 2011",
    "et": "SpinalCentralPart",
    "off": 10387,
    "sff": "spinal"
  },
  {
    "docID": "N209 Tharion 2011",
    "et": "SpinalCentralPart",
    "off": 6557,
    "sff": "spinal"
  },
  {
    "docID": "N209 Tharion 2011",
    "et": "SpinalCentralPart",
    "off": 21600,
    "sff": "spinal"
  },
  {
    "docID": "N209 Tharion 2011",
    "et": "SpinalCentralPart",
    "off": 13478,
    "sff": "spinal"
  },
  {
    "docID": "N209 Tharion 2011",
    "et": "SpinalCentralPart",
    "off": 18216,
    "sff": "spinal"
  },
  {
    "docID": "N209 Tharion 2011",
    "et": "SpinalCentralPart",
    "off": 15854,
    "sff": "spinal"
  },
  {
    "docID": "N209 Tharion 2011",
    "et": "SpinalCentralPart",
    "off": 9323,
    "sff": "spinal"
  },
  {
    "docID": "N209 Tharion 2011",
    "et": "SpinalCentralPart",
    "off": 11755,
    "sff": "spinal"
  },
  {
    "docID": "N209 Tharion 2011",
    "et": "SpinalCentralPart",
    "off": 3052,
    "sff": "spinal"
  },
  {
    "docID": "N209 Tharion 2011",
    "et": "SpinalCentralPart",
    "off": 3692,
    "sff": "spinal"
  },
  {
    "docID": "N209 Tharion 2011",
    "et": "SpinalCentralPart",
    "off": 13164,
    "sff": "spinal"
  },
  {
    "docID": "N209 Tharion 2011",
    "et": "SpinalCentralPart",
    "off": 15601,
    "sff": "spinal"
  },
  {
    "docID": "N209 Tharion 2011",
    "et": "SpinalCentralPart",
    "off": 13302,
    "sff": "spinal"
  },
  {
    "docID": "N209 Tharion 2011",
    "et": "SpinalCentralPart",
    "off": 18487,
    "sff": "spinal"
  },
  {
    "docID": "N209 Tharion 2011",
    "et": "AnatomicalLocation",
    "off": 19973,
    "sff": "anatomical"
  },
  {
    "docID": "N209 Tharion 2011",
    "et": "AxonalDiebackTest",
    "off": 20004,
    "sff": "axonal"
  },
  {
    "docID": "N209 Tharion 2011",
    "et": "AxonalDiebackTest",
    "off": 2250,
    "sff": "axonal"
  },
  {
    "docID": "N209 Tharion 2011",
    "et": "AxonalDiebackTest",
    "off": 16493,
    "sff": "axonal"
  },
  {
    "docID": "N209 Tharion 2011",
    "et": "AxonalDiebackTest",
    "off": 21709,
    "sff": "axonal"
  },
  {
    "docID": "N209 Tharion 2011",
    "et": "AxonalDiebackTest",
    "off": 588,
    "sff": "axonal"
  },
  {
    "docID": "N209 Tharion 2011",
    "et": "AxonalDiebackTest",
    "off": 2892,
    "sff": "axonal"
  },
  {
    "docID": "N209 Tharion 2011",
    "et": "AxonalDiebackTest",
    "off": 19104,
    "sff": "axonal"
  },
  {
    "docID": "N209 Tharion 2011",
    "et": "AxonalDiebackTest",
    "off": 19680,
    "sff": "axonal"
  },
  {
    "docID": "N209 Tharion 2011",
    "et": "AxonalDiebackTest",
    "off": 3411,
    "sff": "axonal"
  },
  {
    "docID": "N209 Tharion 2011",
    "et": "SpinalCordStump",
    "off": 21600,
    "sff": "spinal cord"
  },
  {
    "docID": "N209 Tharion 2011",
    "et": "SpinalCordStump",
    "off": 13478,
    "sff": "spinal cord"
  },
  {
    "docID": "N209 Tharion 2011",
    "et": "SpinalCordStump",
    "off": 6557,
    "sff": "spinal cord"
  },
  {
    "docID": "N209 Tharion 2011",
    "et": "SpinalCordStump",
    "off": 929,
    "sff": "Spinal cord"
  },
  {
    "docID": "N209 Tharion 2011",
    "et": "SpinalCordStump",
    "off": 82,
    "sff": "spinal cord"
  },
  {
    "docID": "N209 Tharion 2011",
    "et": "SpinalCordStump",
    "off": 10387,
    "sff": "spinal cord"
  },
  {
    "docID": "N209 Tharion 2011",
    "et": "SpinalCordStump",
    "off": 8277,
    "sff": "spinal cord"
  },
  {
    "docID": "N209 Tharion 2011",
    "et": "SpinalCordStump",
    "off": 18487,
    "sff": "spinal"
  },
  {
    "docID": "N209 Tharion 2011",
    "et": "SpinalCordStump",
    "off": 15752,
    "sff": "cord"
  },
  {
    "docID": "N209 Tharion 2011",
    "et": "SpinalCordStump",
    "off": 17033,
    "sff": "spinal cord"
  },
  {
    "docID": "N209 Tharion 2011",
    "et": "SpinalCordStump",
    "off": 1098,
    "sff": "spinal cord"
  },
  {
    "docID": "N209 Tharion 2011",
    "et": "SpinalCordStump",
    "off": 11660,
    "sff": "spinal cord"
  },
  {
    "docID": "N209 Tharion 2011",
    "et": "SpinalCordStump",
    "off": 21518,
    "sff": "spinal cord"
  },
  {
    "docID": "N209 Tharion 2011",
    "et": "SpinalCordStump",
    "off": 8399,
    "sff": "spinal cord"
  },
  {
    "docID": "N209 Tharion 2011",
    "et": "SpinalCordStump",
    "off": 10639,
    "sff": "spinal cord"
  },
  {
    "docID": "N209 Tharion 2011",
    "et": "SpinalCordStump",
    "off": 6787,
    "sff": "spinal cord"
  },
  {
    "docID": "N209 Tharion 2011",
    "et": "SpinalCordStump",
    "off": 16443,
    "sff": "spinal cord"
  },
  {
    "docID": "N209 Tharion 2011",
    "et": "SpinalCordStump",
    "off": 15601,
    "sff": "spinal cord"
  },
  {
    "docID": "N209 Tharion 2011",
    "et": "SpinalCordStump",
    "off": 1899,
    "sff": "Spinal cord"
  },
  {
    "docID": "N209 Tharion 2011",
    "et": "SpinalCordStump",
    "off": 8929,
    "sff": "cord"
  },
  {
    "docID": "N209 Tharion 2011",
    "et": "SpinalCordStump",
    "off": 13302,
    "sff": "spinal cord"
  },
  {
    "docID": "N209 Tharion 2011",
    "et": "SpinalCordStump",
    "off": 18216,
    "sff": "spinal cord"
  },
  {
    "docID": "N209 Tharion 2011",
    "et": "SpinalCordStump",
    "off": 9323,
    "sff": "spinal cord"
  },
  {
    "docID": "N209 Tharion 2011",
    "et": "SpinalCordStump",
    "off": 11755,
    "sff": "spinal cord"
  },
  {
    "docID": "N209 Tharion 2011",
    "et": "SpinalCordStump",
    "off": 3052,
    "sff": "spinal cord"
  },
  {
    "docID": "N209 Tharion 2011",
    "et": "SpinalCordStump",
    "off": 3692,
    "sff": "spinal cord"
  },
  {
    "docID": "N209 Tharion 2011",
    "et": "SpinalCordStump",
    "off": 13164,
    "sff": "spinal cord"
  },
  {
    "docID": "N209 Tharion 2011",
    "et": "SpinalCordStump",
    "off": 13226,
    "sff": "cord"
  },
  {
    "docID": "N209 Tharion 2011",
    "et": "SpinalCordStump",
    "off": 15854,
    "sff": "spinal cord"
  },
  {
    "docID": "N209 Tharion 2011",
    "et": "MotorEvokedPotentialsTest",
    "off": 9859,
    "sff": "Motor-evoked"
  },
  {
    "docID": "N209 Tharion 2011",
    "et": "MotorEvokedPotentialsTest",
    "off": 1269,
    "sff": "motor-evoked potentials"
  },
  {
    "docID": "N209 Tharion 2011",
    "et": "MotorEvokedPotentialsTest",
    "off": 9368,
    "sff": "motor"
  },
  {
    "docID": "N209 Tharion 2011",
    "et": "MotorEvokedPotentialsTest",
    "off": 9752,
    "sff": "motor"
  },
  {
    "docID": "N209 Tharion 2011",
    "et": "MotorEvokedPotentialsTest",
    "off": 11381,
    "sff": "motor-evoked potentials"
  },
  {
    "docID": "N209 Tharion 2011",
    "et": "MotorEvokedPotentialsTest",
    "off": 18969,
    "sff": "motor"
  },
  {
    "docID": "N209 Tharion 2011",
    "et": "MotorEvokedPotentialsTest",
    "off": 20886,
    "sff": "motor"
  },
  {
    "docID": "N209 Tharion 2011",
    "et": "MotorEvokedPotentialsTest",
    "off": 9172,
    "sff": "motor"
  },
  {
    "docID": "N209 Tharion 2011",
    "et": "MotorEvokedPotentialsTest",
    "off": 9429,
    "sff": "motor"
  },
  {
    "docID": "N209 Tharion 2011",
    "et": "MotorEvokedPotentialsTest",
    "off": 15356,
    "sff": "motor-evoked potentials"
  },
  {
    "docID": "N209 Tharion 2011",
    "et": "MotorEvokedPotentialsTest",
    "off": 18738,
    "sff": "motorevoked"
  },
  {
    "docID": "N209 Tharion 2011",
    "et": "MotorEvokedPotentialsTest",
    "off": 15160,
    "sff": "Motor-evoked"
  },
  {
    "docID": "N209 Tharion 2011",
    "et": "MotorEvokedPotentialsTest",
    "off": 12673,
    "sff": "Motor evoked"
  },
  {
    "docID": "N209 Tharion 2011",
    "et": "MotorEvokedPotentialsTest",
    "off": 20193,
    "sff": "motor-evoked"
  },
  {
    "docID": "N209 Tharion 2011",
    "et": "MotorEvokedPotentialsTest",
    "off": 15191,
    "sff": "Motor-evoked potentials"
  },
  {
    "docID": "N209 Tharion 2011",
    "et": "MotorEvokedPotentialsTest",
    "off": 9657,
    "sff": "motor"
  },
  {
    "docID": "N209 Tharion 2011",
    "et": "MotorEvokedPotentialsTest",
    "off": 15356,
    "sff": "motor-evoked"
  },
  {
    "docID": "N209 Tharion 2011",
    "et": "MotorEvokedPotentialsTest",
    "off": 1269,
    "sff": "motor-evoked"
  },
  {
    "docID": "N209 Tharion 2011",
    "et": "MotorEvokedPotentialsTest",
    "off": 1846,
    "sff": "motor"
  },
  {
    "docID": "N209 Tharion 2011",
    "et": "MotorEvokedPotentialsTest",
    "off": 11381,
    "sff": "motor-evoked"
  },
  {
    "docID": "N209 Tharion 2011",
    "et": "MotorEvokedPotentialsTest",
    "off": 11498,
    "sff": "Motor-evoked"
  },
  {
    "docID": "N209 Tharion 2011",
    "et": "MotorEvokedPotentialsTest",
    "off": 11498,
    "sff": "Motor-evoked potentials"
  },
  {
    "docID": "N209 Tharion 2011",
    "et": "MotorEvokedPotentialsTest",
    "off": 18738,
    "sff": "motorevoked potentials"
  },
  {
    "docID": "N209 Tharion 2011",
    "et": "MotorEvokedPotentialsTest",
    "off": 9859,
    "sff": "Motor-evoked potentials"
  },
  {
    "docID": "N209 Tharion 2011",
    "et": "MotorEvokedPotentialsTest",
    "off": 15191,
    "sff": "Motor-evoked"
  },
  {
    "docID": "N209 Tharion 2011",
    "et": "MotorEvokedPotentialsTest",
    "off": 20711,
    "sff": "motor"
  },
  {
    "docID": "N209 Tharion 2011",
    "et": "MotorEvokedPotentialsTest",
    "off": 10120,
    "sff": "motor-evoked"
  },
  {
    "docID": "N209 Tharion 2011",
    "et": "MotorEvokedPotentialsTest",
    "off": 21538,
    "sff": "motor"
  },
  {
    "docID": "N209 Tharion 2011",
    "et": "SpinalWhiteMatter",
    "off": 18487,
    "sff": "spinal"
  },
  {
    "docID": "N209 Tharion 2011",
    "et": "SpinalWhiteMatter",
    "off": 13302,
    "sff": "spinal"
  },
  {
    "docID": "N209 Tharion 2011",
    "et": "SpinalWhiteMatter",
    "off": 16443,
    "sff": "spinal"
  },
  {
    "docID": "N209 Tharion 2011",
    "et": "SpinalWhiteMatter",
    "off": 15854,
    "sff": "spinal"
  },
  {
    "docID": "N209 Tharion 2011",
    "et": "SpinalWhiteMatter",
    "off": 15601,
    "sff": "spinal"
  },
  {
    "docID": "N209 Tharion 2011",
    "et": "SpinalWhiteMatter",
    "off": 929,
    "sff": "Spinal"
  },
  {
    "docID": "N209 Tharion 2011",
    "et": "SpinalWhiteMatter",
    "off": 18216,
    "sff": "spinal"
  },
  {
    "docID": "N209 Tharion 2011",
    "et": "SpinalWhiteMatter",
    "off": 896,
    "sff": "white"
  },
  {
    "docID": "N209 Tharion 2011",
    "et": "SpinalWhiteMatter",
    "off": 13478,
    "sff": "spinal"
  },
  {
    "docID": "N209 Tharion 2011",
    "et": "SpinalWhiteMatter",
    "off": 9323,
    "sff": "spinal"
  },
  {
    "docID": "N209 Tharion 2011",
    "et": "SpinalWhiteMatter",
    "off": 11755,
    "sff": "spinal"
  },
  {
    "docID": "N209 Tharion 2011",
    "et": "SpinalWhiteMatter",
    "off": 3052,
    "sff": "spinal"
  },
  {
    "docID": "N209 Tharion 2011",
    "et": "SpinalWhiteMatter",
    "off": 3692,
    "sff": "spinal"
  },
  {
    "docID": "N209 Tharion 2011",
    "et": "SpinalWhiteMatter",
    "off": 13164,
    "sff": "spinal"
  },
  {
    "docID": "N209 Tharion 2011",
    "et": "SpinalWhiteMatter",
    "off": 21600,
    "sff": "spinal"
  },
  {
    "docID": "N209 Tharion 2011",
    "et": "SpinalWhiteMatter",
    "off": 6557,
    "sff": "spinal"
  },
  {
    "docID": "N209 Tharion 2011",
    "et": "SpinalWhiteMatter",
    "off": 1899,
    "sff": "Spinal"
  },
  {
    "docID": "N209 Tharion 2011",
    "et": "SpinalWhiteMatter",
    "off": 8277,
    "sff": "spinal"
  },
  {
    "docID": "N209 Tharion 2011",
    "et": "SpinalWhiteMatter",
    "off": 8399,
    "sff": "spinal"
  },
  {
    "docID": "N209 Tharion 2011",
    "et": "SpinalWhiteMatter",
    "off": 10639,
    "sff": "spinal"
  },
  {
    "docID": "N209 Tharion 2011",
    "et": "SpinalWhiteMatter",
    "off": 21518,
    "sff": "spinal"
  },
  {
    "docID": "N209 Tharion 2011",
    "et": "SpinalWhiteMatter",
    "off": 10387,
    "sff": "spinal"
  },
  {
    "docID": "N209 Tharion 2011",
    "et": "SpinalWhiteMatter",
    "off": 82,
    "sff": "spinal"
  },
  {
    "docID": "N209 Tharion 2011",
    "et": "SpinalWhiteMatter",
    "off": 11660,
    "sff": "spinal"
  },
  {
    "docID": "N209 Tharion 2011",
    "et": "SpinalWhiteMatter",
    "off": 17033,
    "sff": "spinal"
  },
  {
    "docID": "N209 Tharion 2011",
    "et": "SpinalWhiteMatter",
    "off": 1098,
    "sff": "spinal"
  },
  {
    "docID": "N209 Tharion 2011",
    "et": "SpinalWhiteMatter",
    "off": 6787,
    "sff": "spinal"
  },
  {
    "docID": "N209 Tharion 2011",
    "et": "BladderFunctionTest",
    "off": 9000,
    "sff": "bladder"
  },
  {
    "docID": "N209 Tharion 2011",
    "et": "BladderFunctionTest",
    "off": 7510,
    "sff": "bladder"
  },
  {
    "docID": "N209 Tharion 2011",
    "et": "BodyWeightExamination",
    "off": 4705,
    "sff": "body weight"
  },
  {
    "docID": "N209 Tharion 2011",
    "et": "BodyWeightExamination",
    "off": 11730,
    "sff": "weight"
  },
  {
    "docID": "N209 Tharion 2011",
    "et": "OpenFieldTest",
    "off": 9104,
    "sff": "Open-field"
  },
  {
    "docID": "N209 Tharion 2011",
    "et": "NeurogenesisTest",
    "off": 16195,
    "sff": "Neurogenesis"
  },
  {
    "docID": "N209 Tharion 2011",
    "et": "SpinalGrayMatter",
    "off": 21600,
    "sff": "spinal"
  },
  {
    "docID": "N209 Tharion 2011",
    "et": "SpinalGrayMatter",
    "off": 6557,
    "sff": "spinal"
  },
  {
    "docID": "N209 Tharion 2011",
    "et": "SpinalGrayMatter",
    "off": 10387,
    "sff": "spinal"
  },
  {
    "docID": "N209 Tharion 2011",
    "et": "SpinalGrayMatter",
    "off": 82,
    "sff": "spinal"
  },
  {
    "docID": "N209 Tharion 2011",
    "et": "SpinalGrayMatter",
    "off": 8277,
    "sff": "spinal"
  },
  {
    "docID": "N209 Tharion 2011",
    "et": "SpinalGrayMatter",
    "off": 3052,
    "sff": "spinal"
  },
  {
    "docID": "N209 Tharion 2011",
    "et": "SpinalGrayMatter",
    "off": 3692,
    "sff": "spinal"
  },
  {
    "docID": "N209 Tharion 2011",
    "et": "SpinalGrayMatter",
    "off": 13164,
    "sff": "spinal"
  },
  {
    "docID": "N209 Tharion 2011",
    "et": "SpinalGrayMatter",
    "off": 9323,
    "sff": "spinal"
  },
  {
    "docID": "N209 Tharion 2011",
    "et": "SpinalGrayMatter",
    "off": 11755,
    "sff": "spinal"
  },
  {
    "docID": "N209 Tharion 2011",
    "et": "SpinalGrayMatter",
    "off": 929,
    "sff": "Spinal"
  },
  {
    "docID": "N209 Tharion 2011",
    "et": "SpinalGrayMatter",
    "off": 15854,
    "sff": "spinal"
  },
  {
    "docID": "N209 Tharion 2011",
    "et": "SpinalGrayMatter",
    "off": 1899,
    "sff": "Spinal"
  },
  {
    "docID": "N209 Tharion 2011",
    "et": "SpinalGrayMatter",
    "off": 18216,
    "sff": "spinal"
  },
  {
    "docID": "N209 Tharion 2011",
    "et": "SpinalGrayMatter",
    "off": 13478,
    "sff": "spinal"
  },
  {
    "docID": "N209 Tharion 2011",
    "et": "SpinalGrayMatter",
    "off": 16443,
    "sff": "spinal"
  },
  {
    "docID": "N209 Tharion 2011",
    "et": "SpinalGrayMatter",
    "off": 15601,
    "sff": "spinal"
  },
  {
    "docID": "N209 Tharion 2011",
    "et": "SpinalGrayMatter",
    "off": 18487,
    "sff": "spinal"
  },
  {
    "docID": "N209 Tharion 2011",
    "et": "SpinalGrayMatter",
    "off": 13302,
    "sff": "spinal"
  },
  {
    "docID": "N209 Tharion 2011",
    "et": "SpinalGrayMatter",
    "off": 11660,
    "sff": "spinal"
  },
  {
    "docID": "N209 Tharion 2011",
    "et": "SpinalGrayMatter",
    "off": 1098,
    "sff": "spinal"
  },
  {
    "docID": "N209 Tharion 2011",
    "et": "SpinalGrayMatter",
    "off": 17033,
    "sff": "spinal"
  },
  {
    "docID": "N209 Tharion 2011",
    "et": "SpinalGrayMatter",
    "off": 8399,
    "sff": "spinal"
  },
  {
    "docID": "N209 Tharion 2011",
    "et": "SpinalGrayMatter",
    "off": 10639,
    "sff": "spinal"
  },
  {
    "docID": "N209 Tharion 2011",
    "et": "SpinalGrayMatter",
    "off": 21518,
    "sff": "spinal"
  },
  {
    "docID": "N209 Tharion 2011",
    "et": "SpinalGrayMatter",
    "off": 6787,
    "sff": "spinal"
  },
  {
    "docID": "N209 Tharion 2011",
    "et": "AxonalChangesTest",
    "off": 16493,
    "sff": "axonal"
  },
  {
    "docID": "N209 Tharion 2011",
    "et": "AxonalChangesTest",
    "off": 21709,
    "sff": "axonal"
  },
  {
    "docID": "N209 Tharion 2011",
    "et": "AxonalChangesTest",
    "off": 588,
    "sff": "axonal"
  },
  {
    "docID": "N209 Tharion 2011",
    "et": "AxonalChangesTest",
    "off": 2892,
    "sff": "axonal"
  },
  {
    "docID": "N209 Tharion 2011",
    "et": "AxonalChangesTest",
    "off": 2250,
    "sff": "axonal"
  },
  {
    "docID": "N209 Tharion 2011",
    "et": "AxonalChangesTest",
    "off": 20004,
    "sff": "axonal"
  },
  {
    "docID": "N209 Tharion 2011",
    "et": "AxonalChangesTest",
    "off": 19104,
    "sff": "axonal"
  },
  {
    "docID": "N209 Tharion 2011",
    "et": "AxonalChangesTest",
    "off": 19680,
    "sff": "axonal"
  },
  {
    "docID": "N209 Tharion 2011",
    "et": "AxonalChangesTest",
    "off": 3411,
    "sff": "axonal"
  },
  {
    "docID": "N209 Tharion 2011",
    "et": "LocomotorTest",
    "off": 1173,
    "sff": "locomotor"
  },
  {
    "docID": "N209 Tharion 2011",
    "et": "LocomotorTest",
    "off": 8874,
    "sff": "locomotor"
  },
  {
    "docID": "N209 Tharion 2011",
    "et": "LocomotorTest",
    "off": 16538,
    "sff": "locomotor"
  },
  {
    "docID": "N209 Tharion 2011",
    "et": "VertebralArea",
    "off": 2033,
    "sff": "vertebral"
  },
  {
    "docID": "N209 Tharion 2011",
    "et": "Caudal",
    "off": 10474,
    "sff": "caudal"
  },
  {
    "docID": "N209 Tharion 2011",
    "et": "VertebralSegment",
    "off": 2033,
    "sff": "vertebral"
  },
  {
    "docID": "N209 Tharion 2011",
    "et": "BladderFunctionParameter",
    "off": 9000,
    "sff": "bladder"
  },
  {
    "docID": "N209 Tharion 2011",
    "et": "BladderFunctionParameter",
    "off": 19746,
    "sff": "function"
  },
  {
    "docID": "N209 Tharion 2011",
    "et": "BladderFunctionParameter",
    "off": 7510,
    "sff": "bladder"
  },
  {
    "docID": "N209 Tharion 2011",
    "et": "BladderFunctionParameter",
    "off": 16548,
    "sff": "function"
  },
  {
    "docID": "N209 Tharion 2011",
    "et": "BladderFunctionParameter",
    "off": 21544,
    "sff": "function"
  },
  {
    "docID": "N209 Tharion 2011",
    "et": "SignalAbsence",
    "off": 12909,
    "sff": "signal"
  },
  {
    "docID": "N209 Tharion 2011",
    "et": "GaitAnalysisParameter",
    "off": 1456,
    "sff": "Analysis"
  },
  {
    "docID": "N209 Tharion 2011",
    "et": "GaitAnalysisParameter",
    "off": 10725,
    "sff": "analysis"
  },
  {
    "docID": "N209 Tharion 2011",
    "et": "T10",
    "off": 6711,
    "sff": "T10"
  },
  {
    "docID": "N209 Tharion 2011",
    "et": "Thoracic",
    "off": 8920,
    "sff": "thoracic"
  },
  {
    "docID": "N209 Tharion 2011",
    "et": "Thoracic",
    "off": 981,
    "sff": "thoracic"
  },
  {
    "docID": "N209 Tharion 2011",
    "et": "Thoracic",
    "off": 21472,
    "sff": "thoracic"
  },
  {
    "docID": "N209 Tharion 2011",
    "et": "VertebralLocation",
    "off": 2033,
    "sff": "vertebral"
  },
  {
    "docID": "N209 Tharion 2011",
    "et": "IntraperitonealLocation",
    "off": 4641,
    "sff": "intraperitoneal"
  },
  {
    "docID": "N209 Tharion 2011",
    "et": "AxonalSproutingTest",
    "off": 3411,
    "sff": "axonal"
  },
  {
    "docID": "N209 Tharion 2011",
    "et": "AxonalSproutingTest",
    "off": 20004,
    "sff": "axonal"
  },
  {
    "docID": "N209 Tharion 2011",
    "et": "AxonalSproutingTest",
    "off": 19104,
    "sff": "axonal"
  },
  {
    "docID": "N209 Tharion 2011",
    "et": "AxonalSproutingTest",
    "off": 19680,
    "sff": "axonal"
  },
  {
    "docID": "N209 Tharion 2011",
    "et": "AxonalSproutingTest",
    "off": 2250,
    "sff": "axonal"
  },
  {
    "docID": "N209 Tharion 2011",
    "et": "AxonalSproutingTest",
    "off": 16493,
    "sff": "axonal"
  },
  {
    "docID": "N209 Tharion 2011",
    "et": "AxonalSproutingTest",
    "off": 21709,
    "sff": "axonal"
  },
  {
    "docID": "N209 Tharion 2011",
    "et": "AxonalSproutingTest",
    "off": 588,
    "sff": "axonal"
  },
  {
    "docID": "N209 Tharion 2011",
    "et": "AxonalSproutingTest",
    "off": 2892,
    "sff": "axonal"
  },
  {
    "docID": "N209 Tharion 2011",
    "et": "BladderSize",
    "off": 9000,
    "sff": "bladder"
  },
  {
    "docID": "N209 Tharion 2011",
    "et": "BladderSize",
    "off": 7510,
    "sff": "bladder"
  },
  {
    "docID": "N209 Tharion 2011",
    "et": "NeuronalCellLossTest",
    "off": 7290,
    "sff": "cell"
  },
  {
    "docID": "N209 Tharion 2011",
    "et": "NeuronalCellLossTest",
    "off": 7612,
    "sff": "Cell"
  },
  {
    "docID": "N209 Tharion 2011",
    "et": "NeuronalCellLossTest",
    "off": 14526,
    "sff": "cell"
  },
  {
    "docID": "N209 Tharion 2011",
    "et": "NeuronalCellLossTest",
    "off": 48,
    "sff": "cell"
  },
  {
    "docID": "N209 Tharion 2011",
    "et": "NeuronalCellLossTest",
    "off": 20465,
    "sff": "cell"
  },
  {
    "docID": "N209 Tharion 2011",
    "et": "NeuronalCellLossTest",
    "off": 8439,
    "sff": "cell"
  },
  {
    "docID": "N209 Tharion 2011",
    "et": "NeuronalCellLossTest",
    "off": 14964,
    "sff": "cell"
  },
  {
    "docID": "N209 Tharion 2011",
    "et": "NeuronalCellLossTest",
    "off": 14709,
    "sff": "cell"
  },
  {
    "docID": "N209 Tharion 2011",
    "et": "NeuronalCellLossTest",
    "off": 810,
    "sff": "cell"
  },
  {
    "docID": "N209 Tharion 2011",
    "et": "NeuronalCellLossTest",
    "off": 3562,
    "sff": "cell"
  },
  {
    "docID": "N209 Tharion 2011",
    "et": "NeuronalCellLossTest",
    "off": 5544,
    "sff": "cell"
  },
  {
    "docID": "N209 Tharion 2011",
    "et": "NeuronalCellLossTest",
    "off": 14828,
    "sff": "cell"
  },
  {
    "docID": "N209 Tharion 2011",
    "et": "NeuronalCellLossTest",
    "off": 7341,
    "sff": "cell"
  },
  {
    "docID": "N209 Tharion 2011",
    "et": "NeuronalCellLossTest",
    "off": 7591,
    "sff": "Cell"
  },
  {
    "docID": "N209 Tharion 2011",
    "et": "NeuronalCellLossTest",
    "off": 20642,
    "sff": "cell"
  },
  {
    "docID": "N209 Tharion 2011",
    "et": "NeuronalCellLossTest",
    "off": 4197,
    "sff": "cell"
  },
  {
    "docID": "N209 Tharion 2011",
    "et": "NeuronalCellLossTest",
    "off": 8602,
    "sff": "cell"
  },
  {
    "docID": "N209 Tharion 2011",
    "et": "NeuronalCellLossTest",
    "off": 13146,
    "sff": "cell"
  },
  {
    "docID": "N209 Tharion 2011",
    "et": "NeuronalCellLossTest",
    "off": 3929,
    "sff": "cell"
  },
  {
    "docID": "N209 Tharion 2011",
    "et": "NeuronalCellLossTest",
    "off": 10015,
    "sff": "cell"
  },
  {
    "docID": "N209 Tharion 2011",
    "et": "NeuronalCellLossTest",
    "off": 7772,
    "sff": "cell"
  },
  {
    "docID": "N209 Tharion 2011",
    "et": "NeuronalCellLossTest",
    "off": 19484,
    "sff": "cell"
  },
  {
    "docID": "N209 Tharion 2011",
    "et": "NeuronalCellLossTest",
    "off": 4957,
    "sff": "cell"
  },
  {
    "docID": "N209 Tharion 2011",
    "et": "NeuronalCellLossTest",
    "off": 5331,
    "sff": "cell"
  },
  {
    "docID": "N209 Tharion 2011",
    "et": "NeuronalCellLossTest",
    "off": 14167,
    "sff": "cell"
  },
  {
    "docID": "N209 Tharion 2011",
    "et": "NeuronalCellLossTest",
    "off": 8725,
    "sff": "cell"
  },
  {
    "docID": "N209 Tharion 2011",
    "et": "NeuronalCellLossTest",
    "off": 16972,
    "sff": "cell"
  },
  {
    "docID": "N209 Tharion 2011",
    "et": "NeuronalCellLossTest",
    "off": 11341,
    "sff": "cell"
  },
  {
    "docID": "N209 Tharion 2011",
    "et": "NeuronalCellLossTest",
    "off": 8519,
    "sff": "Cell"
  },
  {
    "docID": "N209 Tharion 2011",
    "et": "NeuronalCellLossTest",
    "off": 13058,
    "sff": "cell"
  },
  {
    "docID": "N209 Tharion 2011",
    "et": "NeuronalCellLossTest",
    "off": 10823,
    "sff": "cell"
  },
  {
    "docID": "N209 Tharion 2011",
    "et": "NeuronalCellLossTest",
    "off": 20613,
    "sff": "cell"
  },
  {
    "docID": "N209 Tharion 2011",
    "et": "VascularFunctionParameter",
    "off": 21544,
    "sff": "function"
  },
  {
    "docID": "N209 Tharion 2011",
    "et": "VascularFunctionParameter",
    "off": 16548,
    "sff": "function"
  },
  {
    "docID": "N209 Tharion 2011",
    "et": "VascularFunctionParameter",
    "off": 19746,
    "sff": "function"
  },
  {
    "docID": "N209 Tharion 2011",
    "et": "ObservationOfAnimalBehaviour",
    "off": 4556,
    "sff": "animal"
  },
  {
    "docID": "N209 Tharion 2011",
    "et": "ObservationOfAnimalBehaviour",
    "off": 11014,
    "sff": "Animal"
  },
  {
    "docID": "N209 Tharion 2011",
    "et": "ObservationOfAnimalBehaviour",
    "off": 4456,
    "sff": "animal"
  },
  {
    "docID": "N209 Tharion 2011",
    "et": "ObservationOfAnimalBehaviour",
    "off": 4388,
    "sff": "animal"
  },
  {
    "docID": "N209 Tharion 2011",
    "et": "ObservationOfAnimalBehaviour",
    "off": 16436,
    "sff": "animal"
  },
  {
    "docID": "N209 Tharion 2011",
    "et": "ObservationOfAnimalBehaviour",
    "off": 13077,
    "sff": "animal"
  },
  {
    "docID": "N209 Tharion 2011",
    "et": "ObservationOfAnimalBehaviour",
    "off": 4609,
    "sff": "animal"
  },
  {
    "docID": "N209 Tharion 2011",
    "et": "ObservationOfAnimalBehaviour",
    "off": 9058,
    "sff": "animal"
  },
  {
    "docID": "N209 Tharion 2011",
    "et": "BladderWeight",
    "off": 9000,
    "sff": "bladder"
  },
  {
    "docID": "N209 Tharion 2011",
    "et": "BladderWeight",
    "off": 7510,
    "sff": "bladder"
  },
  {
    "docID": "N209 Tharion 2011",
    "et": "MotorTest",
    "off": 9657,
    "sff": "motor"
  },
  {
    "docID": "N209 Tharion 2011",
    "et": "MotorTest",
    "off": 18969,
    "sff": "motor"
  },
  {
    "docID": "N209 Tharion 2011",
    "et": "MotorTest",
    "off": 9368,
    "sff": "motor"
  },
  {
    "docID": "N209 Tharion 2011",
    "et": "MotorTest",
    "off": 9752,
    "sff": "motor"
  },
  {
    "docID": "N209 Tharion 2011",
    "et": "MotorTest",
    "off": 20711,
    "sff": "motor"
  },
  {
    "docID": "N209 Tharion 2011",
    "et": "MotorTest",
    "off": 12673,
    "sff": "Motor"
  },
  {
    "docID": "N209 Tharion 2011",
    "et": "MotorTest",
    "off": 21538,
    "sff": "motor"
  },
  {
    "docID": "N209 Tharion 2011",
    "et": "MotorTest",
    "off": 1846,
    "sff": "motor"
  },
  {
    "docID": "N209 Tharion 2011",
    "et": "MotorTest",
    "off": 20886,
    "sff": "motor"
  },
  {
    "docID": "N209 Tharion 2011",
    "et": "MotorTest",
    "off": 9429,
    "sff": "motor"
  },
  {
    "docID": "N209 Tharion 2011",
    "et": "MotorTest",
    "off": 9172,
    "sff": "motor"
  },
  {
    "docID": "N209 Tharion 2011",
    "et": "SpinalDorsalHalf",
    "off": 21600,
    "sff": "spinal"
  },
  {
    "docID": "N209 Tharion 2011",
    "et": "SpinalDorsalHalf",
    "off": 13478,
    "sff": "spinal"
  },
  {
    "docID": "N209 Tharion 2011",
    "et": "SpinalDorsalHalf",
    "off": 929,
    "sff": "Spinal"
  },
  {
    "docID": "N209 Tharion 2011",
    "et": "SpinalDorsalHalf",
    "off": 6557,
    "sff": "spinal"
  },
  {
    "docID": "N209 Tharion 2011",
    "et": "SpinalDorsalHalf",
    "off": 15601,
    "sff": "spinal"
  },
  {
    "docID": "N209 Tharion 2011",
    "et": "SpinalDorsalHalf",
    "off": 13302,
    "sff": "spinal"
  },
  {
    "docID": "N209 Tharion 2011",
    "et": "SpinalDorsalHalf",
    "off": 1899,
    "sff": "Spinal"
  },
  {
    "docID": "N209 Tharion 2011",
    "et": "SpinalDorsalHalf",
    "off": 18216,
    "sff": "spinal"
  },
  {
    "docID": "N209 Tharion 2011",
    "et": "SpinalDorsalHalf",
    "off": 3052,
    "sff": "spinal"
  },
  {
    "docID": "N209 Tharion 2011",
    "et": "SpinalDorsalHalf",
    "off": 3692,
    "sff": "spinal"
  },
  {
    "docID": "N209 Tharion 2011",
    "et": "SpinalDorsalHalf",
    "off": 13164,
    "sff": "spinal"
  },
  {
    "docID": "N209 Tharion 2011",
    "et": "SpinalDorsalHalf",
    "off": 9323,
    "sff": "spinal"
  },
  {
    "docID": "N209 Tharion 2011",
    "et": "SpinalDorsalHalf",
    "off": 11755,
    "sff": "spinal"
  },
  {
    "docID": "N209 Tharion 2011",
    "et": "SpinalDorsalHalf",
    "off": 15854,
    "sff": "spinal"
  },
  {
    "docID": "N209 Tharion 2011",
    "et": "SpinalDorsalHalf",
    "off": 6787,
    "sff": "spinal"
  },
  {
    "docID": "N209 Tharion 2011",
    "et": "SpinalDorsalHalf",
    "off": 18487,
    "sff": "spinal"
  },
  {
    "docID": "N209 Tharion 2011",
    "et": "SpinalDorsalHalf",
    "off": 16443,
    "sff": "spinal"
  },
  {
    "docID": "N209 Tharion 2011",
    "et": "SpinalDorsalHalf",
    "off": 8399,
    "sff": "spinal"
  },
  {
    "docID": "N209 Tharion 2011",
    "et": "SpinalDorsalHalf",
    "off": 10639,
    "sff": "spinal"
  },
  {
    "docID": "N209 Tharion 2011",
    "et": "SpinalDorsalHalf",
    "off": 82,
    "sff": "spinal"
  },
  {
    "docID": "N209 Tharion 2011",
    "et": "SpinalDorsalHalf",
    "off": 10387,
    "sff": "spinal"
  },
  {
    "docID": "N209 Tharion 2011",
    "et": "SpinalDorsalHalf",
    "off": 8277,
    "sff": "spinal"
  },
  {
    "docID": "N209 Tharion 2011",
    "et": "SpinalDorsalHalf",
    "off": 1098,
    "sff": "spinal"
  },
  {
    "docID": "N209 Tharion 2011",
    "et": "SpinalDorsalHalf",
    "off": 17033,
    "sff": "spinal"
  },
  {
    "docID": "N209 Tharion 2011",
    "et": "SpinalDorsalHalf",
    "off": 11660,
    "sff": "spinal"
  },
  {
    "docID": "N209 Tharion 2011",
    "et": "SpinalDorsalHalf",
    "off": 21518,
    "sff": "spinal"
  },
  {
    "docID": "N209 Tharion 2011",
    "et": "SomatosensoryEvokedPotentialsTest",
    "off": 12679,
    "sff": "evoked"
  },
  {
    "docID": "N209 Tharion 2011",
    "et": "SignalPresence",
    "off": 12909,
    "sff": "signal"
  },
  {
    "docID": "N209 Tharion 2011",
    "et": "HistologicalInvestigationTest",
    "off": 15523,
    "sff": "Histological"
  },
  {
    "docID": "N209 Tharion 2011",
    "et": "HistologicalInvestigationTest",
    "off": 18447,
    "sff": "histological"
  },
  {
    "docID": "N209 Tharion 2011",
    "et": "HistologicalInvestigationTest",
    "off": 10198,
    "sff": "Histological"
  },
  {
    "docID": "N209 Tharion 2011",
    "et": "HistologicalInvestigationTest",
    "off": 4934,
    "sff": "histological"
  },
  {
    "docID": "N209 Tharion 2011",
    "et": "HistologicalInvestigationTest",
    "off": 17064,
    "sff": "histological"
  },
  {
    "docID": "N209 Tharion 2011",
    "et": "LimbMuscleStrengthTest",
    "off": 12822,
    "sff": "limb"
  },
  {
    "docID": "N209 Tharion 2011",
    "et": "LimbMuscleStrengthTest",
    "off": 8869,
    "sff": "limb"
  },
  {
    "docID": "N209 Tharion 2011",
    "et": "LimbMuscleStrengthTest",
    "off": 9036,
    "sff": "Limb"
  },
  {
    "docID": "N209 Tharion 2011",
    "et": "LimbMuscleStrengthTest",
    "off": 9925,
    "sff": "limb"
  },
  {
    "docID": "N209 Tharion 2011",
    "et": "LimbMuscleStrengthTest",
    "off": 9905,
    "sff": "muscle"
  },
  {
    "docID": "N209 Tharion 2011",
    "et": "LimbMuscleStrengthTest",
    "off": 9459,
    "sff": "limb"
  },
  {
    "docID": "N209 Tharion 2011",
    "et": "LimbMuscleStrengthTest",
    "off": 11536,
    "sff": "limb"
  },
  {
    "docID": "N209 Tharion 2011",
    "et": "LimbMuscleStrengthTest",
    "off": 12880,
    "sff": "limb"
  },
  {
    "docID": "N209 Tharion 2011",
    "et": "LimbMuscleStrengthTest",
    "off": 9967,
    "sff": "limb"
  },
  {
    "docID": "N209 Tharion 2011",
    "et": "LimbMuscleStrengthTest",
    "off": 12927,
    "sff": "limb"
  },
  {
    "docID": "N209 Tharion 2011",
    "et": "LimbMuscleStrengthTest",
    "off": 1195,
    "sff": "limb"
  },
  {
    "docID": "N209 Tharion 2011",
    "et": "LimbMuscleStrengthTest",
    "off": 9515,
    "sff": "limb"
  },
  {
    "docID": "N209 Tharion 2011",
    "et": "MeanArterialPressure",
    "off": 11542,
    "sff": "Mean"
  },
  {
    "docID": "N209 Tharion 2011",
    "et": "MeanArterialPressure",
    "off": 14753,
    "sff": "mean"
  },
  {
    "docID": "N209 Tharion 2011",
    "et": "MeanArterialPressure",
    "off": 15009,
    "sff": "mean"
  },
  {
    "docID": "N209 Tharion 2011",
    "et": "MeanArterialPressure",
    "off": 11426,
    "sff": "Mean"
  },
  {
    "docID": "N209 Tharion 2011",
    "et": "MeanArterialPressure",
    "off": 14621,
    "sff": "mean"
  },
  {
    "docID": "N209 Tharion 2011",
    "et": "SpinalCordEvokedPotentialsTest",
    "off": 82,
    "sff": "spinal cord"
  },
  {
    "docID": "N209 Tharion 2011",
    "et": "SpinalCordEvokedPotentialsTest",
    "off": 10387,
    "sff": "spinal cord"
  },
  {
    "docID": "N209 Tharion 2011",
    "et": "SpinalCordEvokedPotentialsTest",
    "off": 8277,
    "sff": "spinal cord"
  },
  {
    "docID": "N209 Tharion 2011",
    "et": "SpinalCordEvokedPotentialsTest",
    "off": 18487,
    "sff": "spinal"
  },
  {
    "docID": "N209 Tharion 2011",
    "et": "SpinalCordEvokedPotentialsTest",
    "off": 1098,
    "sff": "spinal cord"
  },
  {
    "docID": "N209 Tharion 2011",
    "et": "SpinalCordEvokedPotentialsTest",
    "off": 11660,
    "sff": "spinal cord"
  },
  {
    "docID": "N209 Tharion 2011",
    "et": "SpinalCordEvokedPotentialsTest",
    "off": 8399,
    "sff": "spinal cord"
  },
  {
    "docID": "N209 Tharion 2011",
    "et": "SpinalCordEvokedPotentialsTest",
    "off": 10639,
    "sff": "spinal cord"
  },
  {
    "docID": "N209 Tharion 2011",
    "et": "SpinalCordEvokedPotentialsTest",
    "off": 21518,
    "sff": "spinal cord"
  },
  {
    "docID": "N209 Tharion 2011",
    "et": "SpinalCordEvokedPotentialsTest",
    "off": 15752,
    "sff": "cord"
  },
  {
    "docID": "N209 Tharion 2011",
    "et": "SpinalCordEvokedPotentialsTest",
    "off": 6787,
    "sff": "spinal cord"
  },
  {
    "docID": "N209 Tharion 2011",
    "et": "SpinalCordEvokedPotentialsTest",
    "off": 17033,
    "sff": "spinal cord"
  },
  {
    "docID": "N209 Tharion 2011",
    "et": "SpinalCordEvokedPotentialsTest",
    "off": 16443,
    "sff": "spinal cord"
  },
  {
    "docID": "N209 Tharion 2011",
    "et": "SpinalCordEvokedPotentialsTest",
    "off": 8929,
    "sff": "cord"
  },
  {
    "docID": "N209 Tharion 2011",
    "et": "SpinalCordEvokedPotentialsTest",
    "off": 13302,
    "sff": "spinal cord"
  },
  {
    "docID": "N209 Tharion 2011",
    "et": "SpinalCordEvokedPotentialsTest",
    "off": 9323,
    "sff": "spinal cord"
  },
  {
    "docID": "N209 Tharion 2011",
    "et": "SpinalCordEvokedPotentialsTest",
    "off": 11755,
    "sff": "spinal cord"
  },
  {
    "docID": "N209 Tharion 2011",
    "et": "SpinalCordEvokedPotentialsTest",
    "off": 1899,
    "sff": "Spinal cord"
  },
  {
    "docID": "N209 Tharion 2011",
    "et": "SpinalCordEvokedPotentialsTest",
    "off": 13226,
    "sff": "cord"
  },
  {
    "docID": "N209 Tharion 2011",
    "et": "SpinalCordEvokedPotentialsTest",
    "off": 3052,
    "sff": "spinal cord"
  },
  {
    "docID": "N209 Tharion 2011",
    "et": "SpinalCordEvokedPotentialsTest",
    "off": 3692,
    "sff": "spinal cord"
  },
  {
    "docID": "N209 Tharion 2011",
    "et": "SpinalCordEvokedPotentialsTest",
    "off": 13164,
    "sff": "spinal cord"
  },
  {
    "docID": "N209 Tharion 2011",
    "et": "SpinalCordEvokedPotentialsTest",
    "off": 15854,
    "sff": "spinal cord"
  },
  {
    "docID": "N209 Tharion 2011",
    "et": "SpinalCordEvokedPotentialsTest",
    "off": 15601,
    "sff": "spinal cord"
  },
  {
    "docID": "N209 Tharion 2011",
    "et": "SpinalCordEvokedPotentialsTest",
    "off": 13478,
    "sff": "spinal cord"
  },
  {
    "docID": "N209 Tharion 2011",
    "et": "SpinalCordEvokedPotentialsTest",
    "off": 18216,
    "sff": "spinal cord"
  },
  {
    "docID": "N209 Tharion 2011",
    "et": "SpinalCordEvokedPotentialsTest",
    "off": 6557,
    "sff": "spinal cord"
  },
  {
    "docID": "N209 Tharion 2011",
    "et": "SpinalCordEvokedPotentialsTest",
    "off": 929,
    "sff": "Spinal cord"
  },
  {
    "docID": "N209 Tharion 2011",
    "et": "SpinalCordEvokedPotentialsTest",
    "off": 21600,
    "sff": "spinal cord"
  }
]
