[
  {
    "docID": "N223 Wu 2008",
    "et": "BrainNucleus",
    "off": 3356,
    "sff": "brain"
  },
  {
    "docID": "N223 Wu 2008",
    "et": "SubcutaneousLocation",
    "off": 11522,
    "sff": "subcutaneous"
  },
  {
    "docID": "N223 Wu 2008",
    "et": "BBBTest",
    "off": 12739,
    "sff": "BBB"
  },
  {
    "docID": "N223 Wu 2008",
    "et": "BBBTest",
    "off": 20510,
    "sff": "BBB"
  },
  {
    "docID": "N223 Wu 2008",
    "et": "BBBTest",
    "off": 15245,
    "sff": "BBB"
  },
  {
    "docID": "N223 Wu 2008",
    "et": "BBBTest",
    "off": 16283,
    "sff": "BBB"
  },
  {
    "docID": "N223 Wu 2008",
    "et": "BBBTest",
    "off": 20602,
    "sff": "BBB"
  },
  {
    "docID": "N223 Wu 2008",
    "et": "BBBTest",
    "off": 20166,
    "sff": "BBB"
  },
  {
    "docID": "N223 Wu 2008",
    "et": "WalkingAnalysisParameter",
    "off": 14906,
    "sff": "analysis"
  },
  {
    "docID": "N223 Wu 2008",
    "et": "WalkingAnalysisParameter",
    "off": 13417,
    "sff": "analysis"
  },
  {
    "docID": "N223 Wu 2008",
    "et": "WalkingAnalysisParameter",
    "off": 16713,
    "sff": "analysis"
  },
  {
    "docID": "N223 Wu 2008",
    "et": "WalkingAnalysisParameter",
    "off": 17609,
    "sff": "analysis"
  },
  {
    "docID": "N223 Wu 2008",
    "et": "WalkingAnalysisParameter",
    "off": 12536,
    "sff": "analysis"
  },
  {
    "docID": "N223 Wu 2008",
    "et": "WalkingAnalysisParameter",
    "off": 18919,
    "sff": "analysis"
  },
  {
    "docID": "N223 Wu 2008",
    "et": "WalkingAnalysisParameter",
    "off": 1141,
    "sff": "analysis"
  },
  {
    "docID": "N223 Wu 2008",
    "et": "WalkingAnalysisParameter",
    "off": 15187,
    "sff": "analysis"
  },
  {
    "docID": "N223 Wu 2008",
    "et": "WalkingAnalysisParameter",
    "off": 4232,
    "sff": "Analysis"
  },
  {
    "docID": "N223 Wu 2008",
    "et": "WalkingAnalysisParameter",
    "off": 15228,
    "sff": "analysis"
  },
  {
    "docID": "N223 Wu 2008",
    "et": "WalkingAnalysisParameter",
    "off": 15452,
    "sff": "analysis"
  },
  {
    "docID": "N223 Wu 2008",
    "et": "SpinalSubduralArea",
    "off": 1216,
    "sff": "spinal"
  },
  {
    "docID": "N223 Wu 2008",
    "et": "SpinalSubduralArea",
    "off": 2623,
    "sff": "spinal"
  },
  {
    "docID": "N223 Wu 2008",
    "et": "SpinalSubduralArea",
    "off": 23294,
    "sff": "spinal"
  },
  {
    "docID": "N223 Wu 2008",
    "et": "SpinalSubduralArea",
    "off": 19709,
    "sff": "spinal"
  },
  {
    "docID": "N223 Wu 2008",
    "et": "SpinalSubduralArea",
    "off": 19618,
    "sff": "spinal"
  },
  {
    "docID": "N223 Wu 2008",
    "et": "SpinalSubduralArea",
    "off": 663,
    "sff": "spinal"
  },
  {
    "docID": "N223 Wu 2008",
    "et": "SpinalSubduralArea",
    "off": 9815,
    "sff": "spinal"
  },
  {
    "docID": "N223 Wu 2008",
    "et": "SpinalSubduralArea",
    "off": 10871,
    "sff": "spinal"
  },
  {
    "docID": "N223 Wu 2008",
    "et": "SpinalSubduralArea",
    "off": 25175,
    "sff": "spinal"
  },
  {
    "docID": "N223 Wu 2008",
    "et": "SpinalSubduralArea",
    "off": 182,
    "sff": "spinal"
  },
  {
    "docID": "N223 Wu 2008",
    "et": "SpinalSubduralArea",
    "off": 21589,
    "sff": "spinal"
  },
  {
    "docID": "N223 Wu 2008",
    "et": "SpinalSubduralArea",
    "off": 24853,
    "sff": "spinal"
  },
  {
    "docID": "N223 Wu 2008",
    "et": "SpinalSubduralArea",
    "off": 21657,
    "sff": "spinal"
  },
  {
    "docID": "N223 Wu 2008",
    "et": "SpinalSubduralArea",
    "off": 10704,
    "sff": "spinal"
  },
  {
    "docID": "N223 Wu 2008",
    "et": "SpinalSubduralArea",
    "off": 13706,
    "sff": "Spinal"
  },
  {
    "docID": "N223 Wu 2008",
    "et": "SpinalSubduralArea",
    "off": 13236,
    "sff": "spinal"
  },
  {
    "docID": "N223 Wu 2008",
    "et": "SpinalSubduralArea",
    "off": 8689,
    "sff": "spinal"
  },
  {
    "docID": "N223 Wu 2008",
    "et": "SpinalSubduralArea",
    "off": 13480,
    "sff": "spinal"
  },
  {
    "docID": "N223 Wu 2008",
    "et": "SpinalSubduralArea",
    "off": 454,
    "sff": "spinal"
  },
  {
    "docID": "N223 Wu 2008",
    "et": "SpinalSubduralArea",
    "off": 25964,
    "sff": "spinal"
  },
  {
    "docID": "N223 Wu 2008",
    "et": "SpinalSubduralArea",
    "off": 1609,
    "sff": "spinal"
  },
  {
    "docID": "N223 Wu 2008",
    "et": "SpinalSubduralArea",
    "off": 25513,
    "sff": "spinal"
  },
  {
    "docID": "N223 Wu 2008",
    "et": "StainingArea",
    "off": 13954,
    "sff": "staining"
  },
  {
    "docID": "N223 Wu 2008",
    "et": "StainingArea",
    "off": 13532,
    "sff": "staining"
  },
  {
    "docID": "N223 Wu 2008",
    "et": "StainingArea",
    "off": 9418,
    "sff": "staining"
  },
  {
    "docID": "N223 Wu 2008",
    "et": "StainingArea",
    "off": 11887,
    "sff": "staining"
  },
  {
    "docID": "N223 Wu 2008",
    "et": "StainingArea",
    "off": 17168,
    "sff": "staining"
  },
  {
    "docID": "N223 Wu 2008",
    "et": "CentralCanal",
    "off": 1800,
    "sff": "central"
  },
  {
    "docID": "N223 Wu 2008",
    "et": "SpinalFiberTract",
    "off": 1609,
    "sff": "spinal"
  },
  {
    "docID": "N223 Wu 2008",
    "et": "SpinalFiberTract",
    "off": 13480,
    "sff": "spinal"
  },
  {
    "docID": "N223 Wu 2008",
    "et": "SpinalFiberTract",
    "off": 25513,
    "sff": "spinal"
  },
  {
    "docID": "N223 Wu 2008",
    "et": "SpinalFiberTract",
    "off": 13706,
    "sff": "Spinal"
  },
  {
    "docID": "N223 Wu 2008",
    "et": "SpinalFiberTract",
    "off": 454,
    "sff": "spinal"
  },
  {
    "docID": "N223 Wu 2008",
    "et": "SpinalFiberTract",
    "off": 10704,
    "sff": "spinal"
  },
  {
    "docID": "N223 Wu 2008",
    "et": "SpinalFiberTract",
    "off": 8689,
    "sff": "spinal"
  },
  {
    "docID": "N223 Wu 2008",
    "et": "SpinalFiberTract",
    "off": 25964,
    "sff": "spinal"
  },
  {
    "docID": "N223 Wu 2008",
    "et": "SpinalFiberTract",
    "off": 21657,
    "sff": "spinal"
  },
  {
    "docID": "N223 Wu 2008",
    "et": "SpinalFiberTract",
    "off": 9815,
    "sff": "spinal"
  },
  {
    "docID": "N223 Wu 2008",
    "et": "SpinalFiberTract",
    "off": 10871,
    "sff": "spinal"
  },
  {
    "docID": "N223 Wu 2008",
    "et": "SpinalFiberTract",
    "off": 25175,
    "sff": "spinal"
  },
  {
    "docID": "N223 Wu 2008",
    "et": "SpinalFiberTract",
    "off": 663,
    "sff": "spinal"
  },
  {
    "docID": "N223 Wu 2008",
    "et": "SpinalFiberTract",
    "off": 13236,
    "sff": "spinal"
  },
  {
    "docID": "N223 Wu 2008",
    "et": "SpinalFiberTract",
    "off": 182,
    "sff": "spinal"
  },
  {
    "docID": "N223 Wu 2008",
    "et": "SpinalFiberTract",
    "off": 21589,
    "sff": "spinal"
  },
  {
    "docID": "N223 Wu 2008",
    "et": "SpinalFiberTract",
    "off": 24853,
    "sff": "spinal"
  },
  {
    "docID": "N223 Wu 2008",
    "et": "SpinalFiberTract",
    "off": 19618,
    "sff": "spinal"
  },
  {
    "docID": "N223 Wu 2008",
    "et": "SpinalFiberTract",
    "off": 1216,
    "sff": "spinal"
  },
  {
    "docID": "N223 Wu 2008",
    "et": "SpinalFiberTract",
    "off": 23294,
    "sff": "spinal"
  },
  {
    "docID": "N223 Wu 2008",
    "et": "SpinalFiberTract",
    "off": 2623,
    "sff": "spinal"
  },
  {
    "docID": "N223 Wu 2008",
    "et": "SpinalFiberTract",
    "off": 19709,
    "sff": "spinal"
  },
  {
    "docID": "N223 Wu 2008",
    "et": "SpinalVentralHalf",
    "off": 21657,
    "sff": "spinal"
  },
  {
    "docID": "N223 Wu 2008",
    "et": "SpinalVentralHalf",
    "off": 663,
    "sff": "spinal"
  },
  {
    "docID": "N223 Wu 2008",
    "et": "SpinalVentralHalf",
    "off": 9815,
    "sff": "spinal"
  },
  {
    "docID": "N223 Wu 2008",
    "et": "SpinalVentralHalf",
    "off": 10871,
    "sff": "spinal"
  },
  {
    "docID": "N223 Wu 2008",
    "et": "SpinalVentralHalf",
    "off": 25175,
    "sff": "spinal"
  },
  {
    "docID": "N223 Wu 2008",
    "et": "SpinalVentralHalf",
    "off": 21589,
    "sff": "spinal"
  },
  {
    "docID": "N223 Wu 2008",
    "et": "SpinalVentralHalf",
    "off": 24853,
    "sff": "spinal"
  },
  {
    "docID": "N223 Wu 2008",
    "et": "SpinalVentralHalf",
    "off": 182,
    "sff": "spinal"
  },
  {
    "docID": "N223 Wu 2008",
    "et": "SpinalVentralHalf",
    "off": 13236,
    "sff": "spinal"
  },
  {
    "docID": "N223 Wu 2008",
    "et": "SpinalVentralHalf",
    "off": 8689,
    "sff": "spinal"
  },
  {
    "docID": "N223 Wu 2008",
    "et": "SpinalVentralHalf",
    "off": 10704,
    "sff": "spinal"
  },
  {
    "docID": "N223 Wu 2008",
    "et": "SpinalVentralHalf",
    "off": 25964,
    "sff": "spinal"
  },
  {
    "docID": "N223 Wu 2008",
    "et": "SpinalVentralHalf",
    "off": 1609,
    "sff": "spinal"
  },
  {
    "docID": "N223 Wu 2008",
    "et": "SpinalVentralHalf",
    "off": 25513,
    "sff": "spinal"
  },
  {
    "docID": "N223 Wu 2008",
    "et": "SpinalVentralHalf",
    "off": 13706,
    "sff": "Spinal"
  },
  {
    "docID": "N223 Wu 2008",
    "et": "SpinalVentralHalf",
    "off": 13480,
    "sff": "spinal"
  },
  {
    "docID": "N223 Wu 2008",
    "et": "SpinalVentralHalf",
    "off": 454,
    "sff": "spinal"
  },
  {
    "docID": "N223 Wu 2008",
    "et": "SpinalVentralHalf",
    "off": 11060,
    "sff": "ventral"
  },
  {
    "docID": "N223 Wu 2008",
    "et": "SpinalVentralHalf",
    "off": 19618,
    "sff": "spinal"
  },
  {
    "docID": "N223 Wu 2008",
    "et": "SpinalVentralHalf",
    "off": 2623,
    "sff": "spinal"
  },
  {
    "docID": "N223 Wu 2008",
    "et": "SpinalVentralHalf",
    "off": 1216,
    "sff": "spinal"
  },
  {
    "docID": "N223 Wu 2008",
    "et": "SpinalVentralHalf",
    "off": 19709,
    "sff": "spinal"
  },
  {
    "docID": "N223 Wu 2008",
    "et": "SpinalVentralHalf",
    "off": 10967,
    "sff": "ventral"
  },
  {
    "docID": "N223 Wu 2008",
    "et": "SpinalVentralHalf",
    "off": 23294,
    "sff": "spinal"
  },
  {
    "docID": "N223 Wu 2008",
    "et": "TissueSparingTest",
    "off": 14173,
    "sff": "tissue"
  },
  {
    "docID": "N223 Wu 2008",
    "et": "TissueSparingTest",
    "off": 4933,
    "sff": "tissue"
  },
  {
    "docID": "N223 Wu 2008",
    "et": "TissueSparingTest",
    "off": 19044,
    "sff": "tissue"
  },
  {
    "docID": "N223 Wu 2008",
    "et": "DorsalColumn",
    "off": 11104,
    "sff": "dorsal"
  },
  {
    "docID": "N223 Wu 2008",
    "et": "DorsalColumn",
    "off": 24121,
    "sff": "dorsal"
  },
  {
    "docID": "N223 Wu 2008",
    "et": "DorsalColumn",
    "off": 10978,
    "sff": "dorsal"
  },
  {
    "docID": "N223 Wu 2008",
    "et": "SpinalFiber",
    "off": 19709,
    "sff": "spinal"
  },
  {
    "docID": "N223 Wu 2008",
    "et": "SpinalFiber",
    "off": 21657,
    "sff": "spinal"
  },
  {
    "docID": "N223 Wu 2008",
    "et": "SpinalFiber",
    "off": 182,
    "sff": "spinal"
  },
  {
    "docID": "N223 Wu 2008",
    "et": "SpinalFiber",
    "off": 25175,
    "sff": "spinal"
  },
  {
    "docID": "N223 Wu 2008",
    "et": "SpinalFiber",
    "off": 663,
    "sff": "spinal"
  },
  {
    "docID": "N223 Wu 2008",
    "et": "SpinalFiber",
    "off": 9815,
    "sff": "spinal"
  },
  {
    "docID": "N223 Wu 2008",
    "et": "SpinalFiber",
    "off": 10871,
    "sff": "spinal"
  },
  {
    "docID": "N223 Wu 2008",
    "et": "SpinalFiber",
    "off": 13236,
    "sff": "spinal"
  },
  {
    "docID": "N223 Wu 2008",
    "et": "SpinalFiber",
    "off": 24853,
    "sff": "spinal"
  },
  {
    "docID": "N223 Wu 2008",
    "et": "SpinalFiber",
    "off": 21589,
    "sff": "spinal"
  },
  {
    "docID": "N223 Wu 2008",
    "et": "SpinalFiber",
    "off": 10704,
    "sff": "spinal"
  },
  {
    "docID": "N223 Wu 2008",
    "et": "SpinalFiber",
    "off": 8689,
    "sff": "spinal"
  },
  {
    "docID": "N223 Wu 2008",
    "et": "SpinalFiber",
    "off": 25964,
    "sff": "spinal"
  },
  {
    "docID": "N223 Wu 2008",
    "et": "SpinalFiber",
    "off": 13480,
    "sff": "spinal"
  },
  {
    "docID": "N223 Wu 2008",
    "et": "SpinalFiber",
    "off": 25513,
    "sff": "spinal"
  },
  {
    "docID": "N223 Wu 2008",
    "et": "SpinalFiber",
    "off": 1609,
    "sff": "spinal"
  },
  {
    "docID": "N223 Wu 2008",
    "et": "SpinalFiber",
    "off": 13706,
    "sff": "Spinal"
  },
  {
    "docID": "N223 Wu 2008",
    "et": "SpinalFiber",
    "off": 454,
    "sff": "spinal"
  },
  {
    "docID": "N223 Wu 2008",
    "et": "SpinalFiber",
    "off": 19618,
    "sff": "spinal"
  },
  {
    "docID": "N223 Wu 2008",
    "et": "SpinalFiber",
    "off": 1216,
    "sff": "spinal"
  },
  {
    "docID": "N223 Wu 2008",
    "et": "SpinalFiber",
    "off": 2623,
    "sff": "spinal"
  },
  {
    "docID": "N223 Wu 2008",
    "et": "SpinalFiber",
    "off": 23294,
    "sff": "spinal"
  },
  {
    "docID": "N223 Wu 2008",
    "et": "MotorReflexTest",
    "off": 1572,
    "sff": "motor"
  },
  {
    "docID": "N223 Wu 2008",
    "et": "MotorReflexTest",
    "off": 1682,
    "sff": "motor"
  },
  {
    "docID": "N223 Wu 2008",
    "et": "MotorReflexTest",
    "off": 23735,
    "sff": "motor"
  },
  {
    "docID": "N223 Wu 2008",
    "et": "SurvivalObservation",
    "off": 19203,
    "sff": "survival"
  },
  {
    "docID": "N223 Wu 2008",
    "et": "SurvivalObservation",
    "off": 23714,
    "sff": "survival"
  },
  {
    "docID": "N223 Wu 2008",
    "et": "SurvivalObservation",
    "off": 19158,
    "sff": "survival"
  },
  {
    "docID": "N223 Wu 2008",
    "et": "InfectionExamination",
    "off": 16956,
    "sff": "infection"
  },
  {
    "docID": "N223 Wu 2008",
    "et": "Left",
    "off": 7550,
    "sff": "left"
  },
  {
    "docID": "N223 Wu 2008",
    "et": "Left",
    "off": 13294,
    "sff": "left"
  },
  {
    "docID": "N223 Wu 2008",
    "et": "Left",
    "off": 12826,
    "sff": "left"
  },
  {
    "docID": "N223 Wu 2008",
    "et": "Left",
    "off": 8987,
    "sff": "left"
  },
  {
    "docID": "N223 Wu 2008",
    "et": "GeneExpressionAnalysis",
    "off": 3374,
    "sff": "Gene"
  },
  {
    "docID": "N223 Wu 2008",
    "et": "GeneExpressionAnalysis",
    "off": 10308,
    "sff": "expression"
  },
  {
    "docID": "N223 Wu 2008",
    "et": "GeneExpressionAnalysis",
    "off": 21768,
    "sff": "gene"
  },
  {
    "docID": "N223 Wu 2008",
    "et": "GeneExpressionAnalysis",
    "off": 18941,
    "sff": "expression"
  },
  {
    "docID": "N223 Wu 2008",
    "et": "GeneExpressionAnalysis",
    "off": 22272,
    "sff": "gene"
  },
  {
    "docID": "N223 Wu 2008",
    "et": "GeneExpressionAnalysis",
    "off": 388,
    "sff": "gene"
  },
  {
    "docID": "N223 Wu 2008",
    "et": "GeneExpressionAnalysis",
    "off": 11919,
    "sff": "expression"
  },
  {
    "docID": "N223 Wu 2008",
    "et": "GeneExpressionAnalysis",
    "off": 16879,
    "sff": "expression"
  },
  {
    "docID": "N223 Wu 2008",
    "et": "GeneExpressionAnalysis",
    "off": 7277,
    "sff": "expression"
  },
  {
    "docID": "N223 Wu 2008",
    "et": "GeneExpressionAnalysis",
    "off": 16749,
    "sff": "expression"
  },
  {
    "docID": "N223 Wu 2008",
    "et": "GeneExpressionAnalysis",
    "off": 18989,
    "sff": "expression"
  },
  {
    "docID": "N223 Wu 2008",
    "et": "GeneExpressionAnalysis",
    "off": 21052,
    "sff": "gene"
  },
  {
    "docID": "N223 Wu 2008",
    "et": "GeneExpressionAnalysis",
    "off": 50,
    "sff": "gene"
  },
  {
    "docID": "N223 Wu 2008",
    "et": "GeneExpressionAnalysis",
    "off": 16027,
    "sff": "expression"
  },
  {
    "docID": "N223 Wu 2008",
    "et": "GeneExpressionAnalysis",
    "off": 3475,
    "sff": "gene"
  },
  {
    "docID": "N223 Wu 2008",
    "et": "GeneExpressionAnalysis",
    "off": 11996,
    "sff": "expression"
  },
  {
    "docID": "N223 Wu 2008",
    "et": "GeneExpressionAnalysis",
    "off": 4144,
    "sff": "gene"
  },
  {
    "docID": "N223 Wu 2008",
    "et": "GeneExpressionAnalysis",
    "off": 4213,
    "sff": "expression"
  },
  {
    "docID": "N223 Wu 2008",
    "et": "GeneExpressionAnalysis",
    "off": 21806,
    "sff": "Gene"
  },
  {
    "docID": "N223 Wu 2008",
    "et": "AxonalRegenerationTest",
    "off": 106,
    "sff": "axonal regeneration"
  },
  {
    "docID": "N223 Wu 2008",
    "et": "AxonalRegenerationTest",
    "off": 23818,
    "sff": "axonal regeneration"
  },
  {
    "docID": "N223 Wu 2008",
    "et": "AxonalRegenerationTest",
    "off": 21551,
    "sff": "axonal regeneration"
  },
  {
    "docID": "N223 Wu 2008",
    "et": "AxonalRegenerationTest",
    "off": 1481,
    "sff": "axonal"
  },
  {
    "docID": "N223 Wu 2008",
    "et": "AxonalRegenerationTest",
    "off": 19151,
    "sff": "Axonal"
  },
  {
    "docID": "N223 Wu 2008",
    "et": "AxonalRegenerationTest",
    "off": 23867,
    "sff": "axonal regeneration"
  },
  {
    "docID": "N223 Wu 2008",
    "et": "AxonalRegenerationTest",
    "off": 3739,
    "sff": "axonal regeneration"
  },
  {
    "docID": "N223 Wu 2008",
    "et": "AxonalRegenerationTest",
    "off": 2660,
    "sff": "axonal"
  },
  {
    "docID": "N223 Wu 2008",
    "et": "AxonalRegenerationTest",
    "off": 19196,
    "sff": "axonal"
  },
  {
    "docID": "N223 Wu 2008",
    "et": "AxonalRegenerationTest",
    "off": 3861,
    "sff": "axonal regeneration"
  },
  {
    "docID": "N223 Wu 2008",
    "et": "AxonalRegenerationTest",
    "off": 24404,
    "sff": "axonal regeneration"
  },
  {
    "docID": "N223 Wu 2008",
    "et": "AxonalRegenerationTest",
    "off": 1338,
    "sff": "axonal"
  },
  {
    "docID": "N223 Wu 2008",
    "et": "AxonalRegenerationTest",
    "off": 25654,
    "sff": "axonal regeneration"
  },
  {
    "docID": "N223 Wu 2008",
    "et": "SubstanceApplicationLocation",
    "off": 3426,
    "sff": "application"
  },
  {
    "docID": "N223 Wu 2008",
    "et": "ProteinLevelAnalysis",
    "off": 21313,
    "sff": "protein"
  },
  {
    "docID": "N223 Wu 2008",
    "et": "ProteinLevelAnalysis",
    "off": 7881,
    "sff": "protein"
  },
  {
    "docID": "N223 Wu 2008",
    "et": "ProteinLevelAnalysis",
    "off": 16206,
    "sff": "level"
  },
  {
    "docID": "N223 Wu 2008",
    "et": "ProteinLevelAnalysis",
    "off": 23275,
    "sff": "protein"
  },
  {
    "docID": "N223 Wu 2008",
    "et": "SpinalLesionSite",
    "off": 10871,
    "sff": "spinal"
  },
  {
    "docID": "N223 Wu 2008",
    "et": "SpinalLesionSite",
    "off": 19642,
    "sff": "lesion"
  },
  {
    "docID": "N223 Wu 2008",
    "et": "SpinalLesionSite",
    "off": 182,
    "sff": "spinal"
  },
  {
    "docID": "N223 Wu 2008",
    "et": "SpinalLesionSite",
    "off": 13236,
    "sff": "spinal"
  },
  {
    "docID": "N223 Wu 2008",
    "et": "SpinalLesionSite",
    "off": 8689,
    "sff": "spinal"
  },
  {
    "docID": "N223 Wu 2008",
    "et": "SpinalLesionSite",
    "off": 2623,
    "sff": "spinal"
  },
  {
    "docID": "N223 Wu 2008",
    "et": "SpinalLesionSite",
    "off": 1216,
    "sff": "spinal"
  },
  {
    "docID": "N223 Wu 2008",
    "et": "SpinalLesionSite",
    "off": 14835,
    "sff": "lesion"
  },
  {
    "docID": "N223 Wu 2008",
    "et": "SpinalLesionSite",
    "off": 23294,
    "sff": "spinal"
  },
  {
    "docID": "N223 Wu 2008",
    "et": "SpinalLesionSite",
    "off": 19709,
    "sff": "spinal"
  },
  {
    "docID": "N223 Wu 2008",
    "et": "SpinalLesionSite",
    "off": 13480,
    "sff": "spinal"
  },
  {
    "docID": "N223 Wu 2008",
    "et": "SpinalLesionSite",
    "off": 19618,
    "sff": "spinal"
  },
  {
    "docID": "N223 Wu 2008",
    "et": "SpinalLesionSite",
    "off": 25964,
    "sff": "spinal"
  },
  {
    "docID": "N223 Wu 2008",
    "et": "SpinalLesionSite",
    "off": 25513,
    "sff": "spinal"
  },
  {
    "docID": "N223 Wu 2008",
    "et": "SpinalLesionSite",
    "off": 663,
    "sff": "spinal"
  },
  {
    "docID": "N223 Wu 2008",
    "et": "SpinalLesionSite",
    "off": 9815,
    "sff": "spinal"
  },
  {
    "docID": "N223 Wu 2008",
    "et": "SpinalLesionSite",
    "off": 25175,
    "sff": "spinal"
  },
  {
    "docID": "N223 Wu 2008",
    "et": "SpinalLesionSite",
    "off": 21589,
    "sff": "spinal"
  },
  {
    "docID": "N223 Wu 2008",
    "et": "SpinalLesionSite",
    "off": 24853,
    "sff": "spinal"
  },
  {
    "docID": "N223 Wu 2008",
    "et": "SpinalLesionSite",
    "off": 21657,
    "sff": "spinal"
  },
  {
    "docID": "N223 Wu 2008",
    "et": "SpinalLesionSite",
    "off": 454,
    "sff": "spinal"
  },
  {
    "docID": "N223 Wu 2008",
    "et": "SpinalLesionSite",
    "off": 13262,
    "sff": "lesion"
  },
  {
    "docID": "N223 Wu 2008",
    "et": "SpinalLesionSite",
    "off": 13706,
    "sff": "Spinal"
  },
  {
    "docID": "N223 Wu 2008",
    "et": "SpinalLesionSite",
    "off": 10704,
    "sff": "spinal"
  },
  {
    "docID": "N223 Wu 2008",
    "et": "SpinalLesionSite",
    "off": 1609,
    "sff": "spinal"
  },
  {
    "docID": "N223 Wu 2008",
    "et": "SpinalLesionSite",
    "off": 10949,
    "sff": "lesion"
  },
  {
    "docID": "N223 Wu 2008",
    "et": "T9",
    "off": 10656,
    "sff": "T9"
  },
  {
    "docID": "N223 Wu 2008",
    "et": "T9",
    "off": 676,
    "sff": "T9"
  },
  {
    "docID": "N223 Wu 2008",
    "et": "LesionVolumeTest",
    "off": 14835,
    "sff": "lesion"
  },
  {
    "docID": "N223 Wu 2008",
    "et": "LesionVolumeTest",
    "off": 10949,
    "sff": "lesion"
  },
  {
    "docID": "N223 Wu 2008",
    "et": "LesionVolumeTest",
    "off": 19642,
    "sff": "lesion"
  },
  {
    "docID": "N223 Wu 2008",
    "et": "LesionVolumeTest",
    "off": 13262,
    "sff": "lesion"
  },
  {
    "docID": "N223 Wu 2008",
    "et": "SchwannCellChangesTest",
    "off": 2438,
    "sff": "cell"
  },
  {
    "docID": "N223 Wu 2008",
    "et": "SchwannCellChangesTest",
    "off": 5620,
    "sff": "cell"
  },
  {
    "docID": "N223 Wu 2008",
    "et": "MotorNeurons",
    "off": 1682,
    "sff": "motor"
  },
  {
    "docID": "N223 Wu 2008",
    "et": "MotorNeurons",
    "off": 1572,
    "sff": "motor"
  },
  {
    "docID": "N223 Wu 2008",
    "et": "MotorNeurons",
    "off": 23735,
    "sff": "motor"
  },
  {
    "docID": "N223 Wu 2008",
    "et": "FunctionalTest",
    "off": 3837,
    "sff": "functional"
  },
  {
    "docID": "N223 Wu 2008",
    "et": "FunctionalTest",
    "off": 19784,
    "sff": "Functional"
  },
  {
    "docID": "N223 Wu 2008",
    "et": "FunctionalTest",
    "off": 23259,
    "sff": "functional"
  },
  {
    "docID": "N223 Wu 2008",
    "et": "FunctionalTest",
    "off": 25751,
    "sff": "functional"
  },
  {
    "docID": "N223 Wu 2008",
    "et": "FunctionalTest",
    "off": 20102,
    "sff": "functional"
  },
  {
    "docID": "N223 Wu 2008",
    "et": "FunctionalTest",
    "off": 130,
    "sff": "functional"
  },
  {
    "docID": "N223 Wu 2008",
    "et": "FunctionalTest",
    "off": 3919,
    "sff": "functional"
  },
  {
    "docID": "N223 Wu 2008",
    "et": "FunctionalTest",
    "off": 25487,
    "sff": "functional"
  },
  {
    "docID": "N223 Wu 2008",
    "et": "SecondaryDegenerationTest",
    "off": 14291,
    "sff": "secondary"
  },
  {
    "docID": "N223 Wu 2008",
    "et": "Right",
    "off": 12835,
    "sff": "right"
  },
  {
    "docID": "N223 Wu 2008",
    "et": "Ventral",
    "off": 11060,
    "sff": "ventral"
  },
  {
    "docID": "N223 Wu 2008",
    "et": "Ventral",
    "off": 10967,
    "sff": "ventral"
  },
  {
    "docID": "N223 Wu 2008",
    "et": "ToxicityTest",
    "off": 22402,
    "sff": "toxicity"
  },
  {
    "docID": "N223 Wu 2008",
    "et": "ToxicityTest",
    "off": 17127,
    "sff": "toxicity"
  },
  {
    "docID": "N223 Wu 2008",
    "et": "SpinalCord",
    "off": 10704,
    "sff": "spinal cord"
  },
  {
    "docID": "N223 Wu 2008",
    "et": "SpinalCord",
    "off": 13706,
    "sff": "Spinal cord"
  },
  {
    "docID": "N223 Wu 2008",
    "et": "SpinalCord",
    "off": 13236,
    "sff": "spinal cord"
  },
  {
    "docID": "N223 Wu 2008",
    "et": "SpinalCord",
    "off": 21589,
    "sff": "spinal cord"
  },
  {
    "docID": "N223 Wu 2008",
    "et": "SpinalCord",
    "off": 24853,
    "sff": "spinal cord"
  },
  {
    "docID": "N223 Wu 2008",
    "et": "SpinalCord",
    "off": 454,
    "sff": "spinal cord"
  },
  {
    "docID": "N223 Wu 2008",
    "et": "SpinalCord",
    "off": 1609,
    "sff": "spinal cord"
  },
  {
    "docID": "N223 Wu 2008",
    "et": "SpinalCord",
    "off": 8689,
    "sff": "spinal"
  },
  {
    "docID": "N223 Wu 2008",
    "et": "SpinalCord",
    "off": 25513,
    "sff": "spinal cord"
  },
  {
    "docID": "N223 Wu 2008",
    "et": "SpinalCord",
    "off": 25964,
    "sff": "spinal cord"
  },
  {
    "docID": "N223 Wu 2008",
    "et": "SpinalCord",
    "off": 23294,
    "sff": "spinal cord"
  },
  {
    "docID": "N223 Wu 2008",
    "et": "SpinalCord",
    "off": 2623,
    "sff": "spinal cord"
  },
  {
    "docID": "N223 Wu 2008",
    "et": "SpinalCord",
    "off": 13480,
    "sff": "spinal"
  },
  {
    "docID": "N223 Wu 2008",
    "et": "SpinalCord",
    "off": 19618,
    "sff": "spinal cord"
  },
  {
    "docID": "N223 Wu 2008",
    "et": "SpinalCord",
    "off": 182,
    "sff": "spinal cord"
  },
  {
    "docID": "N223 Wu 2008",
    "et": "SpinalCord",
    "off": 663,
    "sff": "spinal cord"
  },
  {
    "docID": "N223 Wu 2008",
    "et": "SpinalCord",
    "off": 9815,
    "sff": "spinal cord"
  },
  {
    "docID": "N223 Wu 2008",
    "et": "SpinalCord",
    "off": 10871,
    "sff": "spinal cord"
  },
  {
    "docID": "N223 Wu 2008",
    "et": "SpinalCord",
    "off": 25175,
    "sff": "spinal cord"
  },
  {
    "docID": "N223 Wu 2008",
    "et": "SpinalCord",
    "off": 1216,
    "sff": "spinal"
  },
  {
    "docID": "N223 Wu 2008",
    "et": "SpinalCord",
    "off": 21657,
    "sff": "spinal cord"
  },
  {
    "docID": "N223 Wu 2008",
    "et": "SpinalCord",
    "off": 19709,
    "sff": "spinal cord"
  },
  {
    "docID": "N223 Wu 2008",
    "et": "LesionAdjacentTissue",
    "off": 13262,
    "sff": "lesion"
  },
  {
    "docID": "N223 Wu 2008",
    "et": "LesionAdjacentTissue",
    "off": 19642,
    "sff": "lesion"
  },
  {
    "docID": "N223 Wu 2008",
    "et": "LesionAdjacentTissue",
    "off": 14835,
    "sff": "lesion"
  },
  {
    "docID": "N223 Wu 2008",
    "et": "LesionAdjacentTissue",
    "off": 10949,
    "sff": "lesion"
  },
  {
    "docID": "N223 Wu 2008",
    "et": "CentralNervousSystem",
    "off": 3104,
    "sff": "nervous"
  },
  {
    "docID": "N223 Wu 2008",
    "et": "CentralNervousSystem",
    "off": 1800,
    "sff": "central nervous"
  },
  {
    "docID": "N223 Wu 2008",
    "et": "CentralNervousSystem",
    "off": 3104,
    "sff": "nervous system"
  },
  {
    "docID": "N223 Wu 2008",
    "et": "CentralNervousSystem",
    "off": 1800,
    "sff": "central nervous system"
  },
  {
    "docID": "N223 Wu 2008",
    "et": "StainingLength",
    "off": 13954,
    "sff": "staining"
  },
  {
    "docID": "N223 Wu 2008",
    "et": "StainingLength",
    "off": 13532,
    "sff": "staining"
  },
  {
    "docID": "N223 Wu 2008",
    "et": "StainingLength",
    "off": 9418,
    "sff": "staining"
  },
  {
    "docID": "N223 Wu 2008",
    "et": "StainingLength",
    "off": 17168,
    "sff": "staining"
  },
  {
    "docID": "N223 Wu 2008",
    "et": "StainingLength",
    "off": 11887,
    "sff": "staining"
  },
  {
    "docID": "N223 Wu 2008",
    "et": "T50MeanArterialPressure",
    "off": 16305,
    "sff": "mean"
  },
  {
    "docID": "N223 Wu 2008",
    "et": "T50MeanArterialPressure",
    "off": 20597,
    "sff": "mean"
  },
  {
    "docID": "N223 Wu 2008",
    "et": "ApoptosisTest",
    "off": 23783,
    "sff": "apoptosis"
  },
  {
    "docID": "N223 Wu 2008",
    "et": "StainingDensity",
    "off": 13954,
    "sff": "staining"
  },
  {
    "docID": "N223 Wu 2008",
    "et": "StainingDensity",
    "off": 9418,
    "sff": "staining"
  },
  {
    "docID": "N223 Wu 2008",
    "et": "StainingDensity",
    "off": 13532,
    "sff": "staining"
  },
  {
    "docID": "N223 Wu 2008",
    "et": "StainingDensity",
    "off": 11887,
    "sff": "staining"
  },
  {
    "docID": "N223 Wu 2008",
    "et": "StainingDensity",
    "off": 17168,
    "sff": "staining"
  },
  {
    "docID": "N223 Wu 2008",
    "et": "NeuroprotectionTest",
    "off": 2967,
    "sff": "neuroprotection"
  },
  {
    "docID": "N223 Wu 2008",
    "et": "SinglePelletReachingTest",
    "off": 12866,
    "sff": "single"
  },
  {
    "docID": "N223 Wu 2008",
    "et": "SinglePelletReachingTest",
    "off": 24927,
    "sff": "single"
  },
  {
    "docID": "N223 Wu 2008",
    "et": "SensoryTest",
    "off": 1711,
    "sff": "sensory"
  },
  {
    "docID": "N223 Wu 2008",
    "et": "SensoryTest",
    "off": 1582,
    "sff": "sensory"
  },
  {
    "docID": "N223 Wu 2008",
    "et": "SensoryTest",
    "off": 23726,
    "sff": "sensory"
  },
  {
    "docID": "N223 Wu 2008",
    "et": "SensoryTest",
    "off": 24100,
    "sff": "sensory"
  },
  {
    "docID": "N223 Wu 2008",
    "et": "SensoryTest",
    "off": 23543,
    "sff": "sensory"
  },
  {
    "docID": "N223 Wu 2008",
    "et": "BBBSubscoreTest",
    "off": 20602,
    "sff": "BBB"
  },
  {
    "docID": "N223 Wu 2008",
    "et": "BBBSubscoreTest",
    "off": 16283,
    "sff": "BBB"
  },
  {
    "docID": "N223 Wu 2008",
    "et": "BBBSubscoreTest",
    "off": 15245,
    "sff": "BBB"
  },
  {
    "docID": "N223 Wu 2008",
    "et": "BBBSubscoreTest",
    "off": 20510,
    "sff": "BBB"
  },
  {
    "docID": "N223 Wu 2008",
    "et": "BBBSubscoreTest",
    "off": 12739,
    "sff": "BBB"
  },
  {
    "docID": "N223 Wu 2008",
    "et": "BBBSubscoreTest",
    "off": 20166,
    "sff": "BBB"
  },
  {
    "docID": "N223 Wu 2008",
    "et": "AxonalDamageTest",
    "off": 2660,
    "sff": "axonal"
  },
  {
    "docID": "N223 Wu 2008",
    "et": "AxonalDamageTest",
    "off": 1481,
    "sff": "axonal"
  },
  {
    "docID": "N223 Wu 2008",
    "et": "AxonalDamageTest",
    "off": 23818,
    "sff": "axonal"
  },
  {
    "docID": "N223 Wu 2008",
    "et": "AxonalDamageTest",
    "off": 106,
    "sff": "axonal"
  },
  {
    "docID": "N223 Wu 2008",
    "et": "AxonalDamageTest",
    "off": 24404,
    "sff": "axonal"
  },
  {
    "docID": "N223 Wu 2008",
    "et": "AxonalDamageTest",
    "off": 19151,
    "sff": "Axonal"
  },
  {
    "docID": "N223 Wu 2008",
    "et": "AxonalDamageTest",
    "off": 21551,
    "sff": "axonal"
  },
  {
    "docID": "N223 Wu 2008",
    "et": "AxonalDamageTest",
    "off": 3739,
    "sff": "axonal"
  },
  {
    "docID": "N223 Wu 2008",
    "et": "AxonalDamageTest",
    "off": 19196,
    "sff": "axonal"
  },
  {
    "docID": "N223 Wu 2008",
    "et": "AxonalDamageTest",
    "off": 23867,
    "sff": "axonal"
  },
  {
    "docID": "N223 Wu 2008",
    "et": "AxonalDamageTest",
    "off": 1338,
    "sff": "axonal"
  },
  {
    "docID": "N223 Wu 2008",
    "et": "AxonalDamageTest",
    "off": 3861,
    "sff": "axonal"
  },
  {
    "docID": "N223 Wu 2008",
    "et": "AxonalDamageTest",
    "off": 25654,
    "sff": "axonal"
  },
  {
    "docID": "N223 Wu 2008",
    "et": "HistologicalInvestigationParameter",
    "off": 15215,
    "sff": "histological"
  },
  {
    "docID": "N223 Wu 2008",
    "et": "HistologicalInvestigationParameter",
    "off": 13404,
    "sff": "Histological"
  },
  {
    "docID": "N223 Wu 2008",
    "et": "HistologicalInvestigationParameter",
    "off": 21477,
    "sff": "histological"
  },
  {
    "docID": "N223 Wu 2008",
    "et": "SpinalCentralPart",
    "off": 2623,
    "sff": "spinal"
  },
  {
    "docID": "N223 Wu 2008",
    "et": "SpinalCentralPart",
    "off": 23294,
    "sff": "spinal"
  },
  {
    "docID": "N223 Wu 2008",
    "et": "SpinalCentralPart",
    "off": 1216,
    "sff": "spinal"
  },
  {
    "docID": "N223 Wu 2008",
    "et": "SpinalCentralPart",
    "off": 19709,
    "sff": "spinal"
  },
  {
    "docID": "N223 Wu 2008",
    "et": "SpinalCentralPart",
    "off": 454,
    "sff": "spinal"
  },
  {
    "docID": "N223 Wu 2008",
    "et": "SpinalCentralPart",
    "off": 1609,
    "sff": "spinal"
  },
  {
    "docID": "N223 Wu 2008",
    "et": "SpinalCentralPart",
    "off": 25513,
    "sff": "spinal"
  },
  {
    "docID": "N223 Wu 2008",
    "et": "SpinalCentralPart",
    "off": 1800,
    "sff": "central"
  },
  {
    "docID": "N223 Wu 2008",
    "et": "SpinalCentralPart",
    "off": 13480,
    "sff": "spinal"
  },
  {
    "docID": "N223 Wu 2008",
    "et": "SpinalCentralPart",
    "off": 19618,
    "sff": "spinal"
  },
  {
    "docID": "N223 Wu 2008",
    "et": "SpinalCentralPart",
    "off": 13706,
    "sff": "Spinal"
  },
  {
    "docID": "N223 Wu 2008",
    "et": "SpinalCentralPart",
    "off": 8689,
    "sff": "spinal"
  },
  {
    "docID": "N223 Wu 2008",
    "et": "SpinalCentralPart",
    "off": 10704,
    "sff": "spinal"
  },
  {
    "docID": "N223 Wu 2008",
    "et": "SpinalCentralPart",
    "off": 25964,
    "sff": "spinal"
  },
  {
    "docID": "N223 Wu 2008",
    "et": "SpinalCentralPart",
    "off": 663,
    "sff": "spinal"
  },
  {
    "docID": "N223 Wu 2008",
    "et": "SpinalCentralPart",
    "off": 9815,
    "sff": "spinal"
  },
  {
    "docID": "N223 Wu 2008",
    "et": "SpinalCentralPart",
    "off": 10871,
    "sff": "spinal"
  },
  {
    "docID": "N223 Wu 2008",
    "et": "SpinalCentralPart",
    "off": 25175,
    "sff": "spinal"
  },
  {
    "docID": "N223 Wu 2008",
    "et": "SpinalCentralPart",
    "off": 182,
    "sff": "spinal"
  },
  {
    "docID": "N223 Wu 2008",
    "et": "SpinalCentralPart",
    "off": 21657,
    "sff": "spinal"
  },
  {
    "docID": "N223 Wu 2008",
    "et": "SpinalCentralPart",
    "off": 21589,
    "sff": "spinal"
  },
  {
    "docID": "N223 Wu 2008",
    "et": "SpinalCentralPart",
    "off": 24853,
    "sff": "spinal"
  },
  {
    "docID": "N223 Wu 2008",
    "et": "SpinalCentralPart",
    "off": 13236,
    "sff": "spinal"
  },
  {
    "docID": "N223 Wu 2008",
    "et": "AnatomicalLocation",
    "off": 3904,
    "sff": "Anatomical"
  },
  {
    "docID": "N223 Wu 2008",
    "et": "AxonalDiebackTest",
    "off": 1338,
    "sff": "axonal"
  },
  {
    "docID": "N223 Wu 2008",
    "et": "AxonalDiebackTest",
    "off": 19151,
    "sff": "Axonal"
  },
  {
    "docID": "N223 Wu 2008",
    "et": "AxonalDiebackTest",
    "off": 24404,
    "sff": "axonal"
  },
  {
    "docID": "N223 Wu 2008",
    "et": "AxonalDiebackTest",
    "off": 3861,
    "sff": "axonal"
  },
  {
    "docID": "N223 Wu 2008",
    "et": "AxonalDiebackTest",
    "off": 25654,
    "sff": "axonal"
  },
  {
    "docID": "N223 Wu 2008",
    "et": "AxonalDiebackTest",
    "off": 3739,
    "sff": "axonal"
  },
  {
    "docID": "N223 Wu 2008",
    "et": "AxonalDiebackTest",
    "off": 23867,
    "sff": "axonal"
  },
  {
    "docID": "N223 Wu 2008",
    "et": "AxonalDiebackTest",
    "off": 19196,
    "sff": "axonal"
  },
  {
    "docID": "N223 Wu 2008",
    "et": "AxonalDiebackTest",
    "off": 1481,
    "sff": "axonal"
  },
  {
    "docID": "N223 Wu 2008",
    "et": "AxonalDiebackTest",
    "off": 106,
    "sff": "axonal"
  },
  {
    "docID": "N223 Wu 2008",
    "et": "AxonalDiebackTest",
    "off": 23818,
    "sff": "axonal"
  },
  {
    "docID": "N223 Wu 2008",
    "et": "AxonalDiebackTest",
    "off": 2660,
    "sff": "axonal"
  },
  {
    "docID": "N223 Wu 2008",
    "et": "AxonalDiebackTest",
    "off": 21551,
    "sff": "axonal"
  },
  {
    "docID": "N223 Wu 2008",
    "et": "NonNeuronalCellChangesTest",
    "off": 13023,
    "sff": "neuronal"
  },
  {
    "docID": "N223 Wu 2008",
    "et": "NonNeuronalCellChangesTest",
    "off": 23774,
    "sff": "neuronal"
  },
  {
    "docID": "N223 Wu 2008",
    "et": "SpinalCordStump",
    "off": 19618,
    "sff": "spinal cord"
  },
  {
    "docID": "N223 Wu 2008",
    "et": "SpinalCordStump",
    "off": 1216,
    "sff": "spinal"
  },
  {
    "docID": "N223 Wu 2008",
    "et": "SpinalCordStump",
    "off": 663,
    "sff": "spinal cord"
  },
  {
    "docID": "N223 Wu 2008",
    "et": "SpinalCordStump",
    "off": 9815,
    "sff": "spinal cord"
  },
  {
    "docID": "N223 Wu 2008",
    "et": "SpinalCordStump",
    "off": 25175,
    "sff": "spinal cord"
  },
  {
    "docID": "N223 Wu 2008",
    "et": "SpinalCordStump",
    "off": 21657,
    "sff": "spinal cord"
  },
  {
    "docID": "N223 Wu 2008",
    "et": "SpinalCordStump",
    "off": 10704,
    "sff": "spinal cord"
  },
  {
    "docID": "N223 Wu 2008",
    "et": "SpinalCordStump",
    "off": 21589,
    "sff": "spinal cord"
  },
  {
    "docID": "N223 Wu 2008",
    "et": "SpinalCordStump",
    "off": 24853,
    "sff": "spinal cord"
  },
  {
    "docID": "N223 Wu 2008",
    "et": "SpinalCordStump",
    "off": 13706,
    "sff": "Spinal cord"
  },
  {
    "docID": "N223 Wu 2008",
    "et": "SpinalCordStump",
    "off": 1609,
    "sff": "spinal cord"
  },
  {
    "docID": "N223 Wu 2008",
    "et": "SpinalCordStump",
    "off": 8689,
    "sff": "spinal"
  },
  {
    "docID": "N223 Wu 2008",
    "et": "SpinalCordStump",
    "off": 13480,
    "sff": "spinal"
  },
  {
    "docID": "N223 Wu 2008",
    "et": "SpinalCordStump",
    "off": 2623,
    "sff": "spinal cord"
  },
  {
    "docID": "N223 Wu 2008",
    "et": "SpinalCordStump",
    "off": 454,
    "sff": "spinal cord"
  },
  {
    "docID": "N223 Wu 2008",
    "et": "SpinalCordStump",
    "off": 19709,
    "sff": "spinal cord"
  },
  {
    "docID": "N223 Wu 2008",
    "et": "SpinalCordStump",
    "off": 10871,
    "sff": "spinal cord"
  },
  {
    "docID": "N223 Wu 2008",
    "et": "SpinalCordStump",
    "off": 11044,
    "sff": "cord stump"
  },
  {
    "docID": "N223 Wu 2008",
    "et": "SpinalCordStump",
    "off": 23294,
    "sff": "spinal cord"
  },
  {
    "docID": "N223 Wu 2008",
    "et": "SpinalCordStump",
    "off": 11369,
    "sff": "cord stump"
  },
  {
    "docID": "N223 Wu 2008",
    "et": "SpinalCordStump",
    "off": 182,
    "sff": "spinal cord"
  },
  {
    "docID": "N223 Wu 2008",
    "et": "SpinalCordStump",
    "off": 13236,
    "sff": "spinal cord"
  },
  {
    "docID": "N223 Wu 2008",
    "et": "SpinalCordStump",
    "off": 11369,
    "sff": "cord"
  },
  {
    "docID": "N223 Wu 2008",
    "et": "SpinalCordStump",
    "off": 25964,
    "sff": "spinal cord"
  },
  {
    "docID": "N223 Wu 2008",
    "et": "SpinalCordStump",
    "off": 11044,
    "sff": "cord"
  },
  {
    "docID": "N223 Wu 2008",
    "et": "SpinalCordStump",
    "off": 25513,
    "sff": "spinal cord"
  },
  {
    "docID": "N223 Wu 2008",
    "et": "MotorEvokedPotentialsTest",
    "off": 1682,
    "sff": "motor"
  },
  {
    "docID": "N223 Wu 2008",
    "et": "MotorEvokedPotentialsTest",
    "off": 1572,
    "sff": "motor"
  },
  {
    "docID": "N223 Wu 2008",
    "et": "MotorEvokedPotentialsTest",
    "off": 23735,
    "sff": "motor"
  },
  {
    "docID": "N223 Wu 2008",
    "et": "Brain",
    "off": 3356,
    "sff": "brain"
  },
  {
    "docID": "N223 Wu 2008",
    "et": "AscendingFiberTract",
    "off": 1701,
    "sff": "ascending"
  },
  {
    "docID": "N223 Wu 2008",
    "et": "SpinalWhiteMatter",
    "off": 21657,
    "sff": "spinal"
  },
  {
    "docID": "N223 Wu 2008",
    "et": "SpinalWhiteMatter",
    "off": 9815,
    "sff": "spinal"
  },
  {
    "docID": "N223 Wu 2008",
    "et": "SpinalWhiteMatter",
    "off": 10871,
    "sff": "spinal"
  },
  {
    "docID": "N223 Wu 2008",
    "et": "SpinalWhiteMatter",
    "off": 25175,
    "sff": "spinal"
  },
  {
    "docID": "N223 Wu 2008",
    "et": "SpinalWhiteMatter",
    "off": 663,
    "sff": "spinal"
  },
  {
    "docID": "N223 Wu 2008",
    "et": "SpinalWhiteMatter",
    "off": 13236,
    "sff": "spinal"
  },
  {
    "docID": "N223 Wu 2008",
    "et": "SpinalWhiteMatter",
    "off": 182,
    "sff": "spinal"
  },
  {
    "docID": "N223 Wu 2008",
    "et": "SpinalWhiteMatter",
    "off": 21589,
    "sff": "spinal"
  },
  {
    "docID": "N223 Wu 2008",
    "et": "SpinalWhiteMatter",
    "off": 24853,
    "sff": "spinal"
  },
  {
    "docID": "N223 Wu 2008",
    "et": "SpinalWhiteMatter",
    "off": 10704,
    "sff": "spinal"
  },
  {
    "docID": "N223 Wu 2008",
    "et": "SpinalWhiteMatter",
    "off": 8689,
    "sff": "spinal"
  },
  {
    "docID": "N223 Wu 2008",
    "et": "SpinalWhiteMatter",
    "off": 25964,
    "sff": "spinal"
  },
  {
    "docID": "N223 Wu 2008",
    "et": "SpinalWhiteMatter",
    "off": 1609,
    "sff": "spinal"
  },
  {
    "docID": "N223 Wu 2008",
    "et": "SpinalWhiteMatter",
    "off": 13480,
    "sff": "spinal"
  },
  {
    "docID": "N223 Wu 2008",
    "et": "SpinalWhiteMatter",
    "off": 25513,
    "sff": "spinal"
  },
  {
    "docID": "N223 Wu 2008",
    "et": "SpinalWhiteMatter",
    "off": 13706,
    "sff": "Spinal"
  },
  {
    "docID": "N223 Wu 2008",
    "et": "SpinalWhiteMatter",
    "off": 454,
    "sff": "spinal"
  },
  {
    "docID": "N223 Wu 2008",
    "et": "SpinalWhiteMatter",
    "off": 19618,
    "sff": "spinal"
  },
  {
    "docID": "N223 Wu 2008",
    "et": "SpinalWhiteMatter",
    "off": 1216,
    "sff": "spinal"
  },
  {
    "docID": "N223 Wu 2008",
    "et": "SpinalWhiteMatter",
    "off": 23294,
    "sff": "spinal"
  },
  {
    "docID": "N223 Wu 2008",
    "et": "SpinalWhiteMatter",
    "off": 2623,
    "sff": "spinal"
  },
  {
    "docID": "N223 Wu 2008",
    "et": "SpinalWhiteMatter",
    "off": 19709,
    "sff": "spinal"
  },
  {
    "docID": "N223 Wu 2008",
    "et": "Dorsal",
    "off": 10978,
    "sff": "dorsal"
  },
  {
    "docID": "N223 Wu 2008",
    "et": "Dorsal",
    "off": 11104,
    "sff": "dorsal"
  },
  {
    "docID": "N223 Wu 2008",
    "et": "Dorsal",
    "off": 24121,
    "sff": "dorsal"
  },
  {
    "docID": "N223 Wu 2008",
    "et": "Threshold",
    "off": 14988,
    "sff": "threshold"
  },
  {
    "docID": "N223 Wu 2008",
    "et": "OpenFieldTest",
    "off": 20170,
    "sff": "open field"
  },
  {
    "docID": "N223 Wu 2008",
    "et": "OpenFieldTest",
    "off": 12590,
    "sff": "open field"
  },
  {
    "docID": "N223 Wu 2008",
    "et": "SympatheticPreganglionicNeurons",
    "off": 23745,
    "sff": "sympathetic neurons"
  },
  {
    "docID": "N223 Wu 2008",
    "et": "SympatheticPreganglionicNeurons",
    "off": 23745,
    "sff": "sympathetic"
  },
  {
    "docID": "N223 Wu 2008",
    "et": "SpinalGrayMatter",
    "off": 2623,
    "sff": "spinal"
  },
  {
    "docID": "N223 Wu 2008",
    "et": "SpinalGrayMatter",
    "off": 23294,
    "sff": "spinal"
  },
  {
    "docID": "N223 Wu 2008",
    "et": "SpinalGrayMatter",
    "off": 19709,
    "sff": "spinal"
  },
  {
    "docID": "N223 Wu 2008",
    "et": "SpinalGrayMatter",
    "off": 21657,
    "sff": "spinal"
  },
  {
    "docID": "N223 Wu 2008",
    "et": "SpinalGrayMatter",
    "off": 182,
    "sff": "spinal"
  },
  {
    "docID": "N223 Wu 2008",
    "et": "SpinalGrayMatter",
    "off": 9815,
    "sff": "spinal"
  },
  {
    "docID": "N223 Wu 2008",
    "et": "SpinalGrayMatter",
    "off": 10871,
    "sff": "spinal"
  },
  {
    "docID": "N223 Wu 2008",
    "et": "SpinalGrayMatter",
    "off": 25175,
    "sff": "spinal"
  },
  {
    "docID": "N223 Wu 2008",
    "et": "SpinalGrayMatter",
    "off": 663,
    "sff": "spinal"
  },
  {
    "docID": "N223 Wu 2008",
    "et": "SpinalGrayMatter",
    "off": 21589,
    "sff": "spinal"
  },
  {
    "docID": "N223 Wu 2008",
    "et": "SpinalGrayMatter",
    "off": 24853,
    "sff": "spinal"
  },
  {
    "docID": "N223 Wu 2008",
    "et": "SpinalGrayMatter",
    "off": 13236,
    "sff": "spinal"
  },
  {
    "docID": "N223 Wu 2008",
    "et": "SpinalGrayMatter",
    "off": 11083,
    "sff": "gray"
  },
  {
    "docID": "N223 Wu 2008",
    "et": "SpinalGrayMatter",
    "off": 8689,
    "sff": "spinal"
  },
  {
    "docID": "N223 Wu 2008",
    "et": "SpinalGrayMatter",
    "off": 10704,
    "sff": "spinal"
  },
  {
    "docID": "N223 Wu 2008",
    "et": "SpinalGrayMatter",
    "off": 13706,
    "sff": "Spinal"
  },
  {
    "docID": "N223 Wu 2008",
    "et": "SpinalGrayMatter",
    "off": 25964,
    "sff": "spinal"
  },
  {
    "docID": "N223 Wu 2008",
    "et": "SpinalGrayMatter",
    "off": 1609,
    "sff": "spinal"
  },
  {
    "docID": "N223 Wu 2008",
    "et": "SpinalGrayMatter",
    "off": 25513,
    "sff": "spinal"
  },
  {
    "docID": "N223 Wu 2008",
    "et": "SpinalGrayMatter",
    "off": 13480,
    "sff": "spinal"
  },
  {
    "docID": "N223 Wu 2008",
    "et": "SpinalGrayMatter",
    "off": 454,
    "sff": "spinal"
  },
  {
    "docID": "N223 Wu 2008",
    "et": "SpinalGrayMatter",
    "off": 19618,
    "sff": "spinal"
  },
  {
    "docID": "N223 Wu 2008",
    "et": "SpinalGrayMatter",
    "off": 1216,
    "sff": "spinal"
  },
  {
    "docID": "N223 Wu 2008",
    "et": "AxonalChangesTest",
    "off": 21551,
    "sff": "axonal"
  },
  {
    "docID": "N223 Wu 2008",
    "et": "AxonalChangesTest",
    "off": 24404,
    "sff": "axonal"
  },
  {
    "docID": "N223 Wu 2008",
    "et": "AxonalChangesTest",
    "off": 3861,
    "sff": "axonal"
  },
  {
    "docID": "N223 Wu 2008",
    "et": "AxonalChangesTest",
    "off": 25654,
    "sff": "axonal"
  },
  {
    "docID": "N223 Wu 2008",
    "et": "AxonalChangesTest",
    "off": 1338,
    "sff": "axonal"
  },
  {
    "docID": "N223 Wu 2008",
    "et": "AxonalChangesTest",
    "off": 3739,
    "sff": "axonal"
  },
  {
    "docID": "N223 Wu 2008",
    "et": "AxonalChangesTest",
    "off": 23867,
    "sff": "axonal"
  },
  {
    "docID": "N223 Wu 2008",
    "et": "AxonalChangesTest",
    "off": 19196,
    "sff": "axonal"
  },
  {
    "docID": "N223 Wu 2008",
    "et": "AxonalChangesTest",
    "off": 2660,
    "sff": "axonal"
  },
  {
    "docID": "N223 Wu 2008",
    "et": "AxonalChangesTest",
    "off": 1481,
    "sff": "axonal"
  },
  {
    "docID": "N223 Wu 2008",
    "et": "AxonalChangesTest",
    "off": 106,
    "sff": "axonal"
  },
  {
    "docID": "N223 Wu 2008",
    "et": "AxonalChangesTest",
    "off": 19151,
    "sff": "Axonal"
  },
  {
    "docID": "N223 Wu 2008",
    "et": "AxonalChangesTest",
    "off": 23818,
    "sff": "axonal"
  },
  {
    "docID": "N223 Wu 2008",
    "et": "LocomotorTest",
    "off": 16288,
    "sff": "locomotor"
  },
  {
    "docID": "N223 Wu 2008",
    "et": "LocomotorTest",
    "off": 12526,
    "sff": "Locomotor"
  },
  {
    "docID": "N223 Wu 2008",
    "et": "BloodBrainBarrierTest",
    "off": 3356,
    "sff": "brain"
  },
  {
    "docID": "N223 Wu 2008",
    "et": "BloodBrainBarrierTest",
    "off": 11599,
    "sff": "blood"
  },
  {
    "docID": "N223 Wu 2008",
    "et": "BloodBrainBarrierTest",
    "off": 14759,
    "sff": "blood"
  },
  {
    "docID": "N223 Wu 2008",
    "et": "BladderFunctionParameter",
    "off": 24458,
    "sff": "function"
  },
  {
    "docID": "N223 Wu 2008",
    "et": "BladderFunctionParameter",
    "off": 1177,
    "sff": "function"
  },
  {
    "docID": "N223 Wu 2008",
    "et": "BladderFunctionParameter",
    "off": 1932,
    "sff": "function"
  },
  {
    "docID": "N223 Wu 2008",
    "et": "BladderFunctionParameter",
    "off": 1590,
    "sff": "function"
  },
  {
    "docID": "N223 Wu 2008",
    "et": "BladderFunctionParameter",
    "off": 2022,
    "sff": "function"
  },
  {
    "docID": "N223 Wu 2008",
    "et": "BladderFunctionParameter",
    "off": 21414,
    "sff": "function"
  },
  {
    "docID": "N223 Wu 2008",
    "et": "BladderFunctionParameter",
    "off": 1859,
    "sff": "function"
  },
  {
    "docID": "N223 Wu 2008",
    "et": "RelativePawPlacement",
    "off": 14963,
    "sff": "relative"
  },
  {
    "docID": "N223 Wu 2008",
    "et": "GaitAnalysisParameter",
    "off": 15228,
    "sff": "analysis"
  },
  {
    "docID": "N223 Wu 2008",
    "et": "GaitAnalysisParameter",
    "off": 15452,
    "sff": "analysis"
  },
  {
    "docID": "N223 Wu 2008",
    "et": "GaitAnalysisParameter",
    "off": 12536,
    "sff": "analysis"
  },
  {
    "docID": "N223 Wu 2008",
    "et": "GaitAnalysisParameter",
    "off": 16713,
    "sff": "analysis"
  },
  {
    "docID": "N223 Wu 2008",
    "et": "GaitAnalysisParameter",
    "off": 17609,
    "sff": "analysis"
  },
  {
    "docID": "N223 Wu 2008",
    "et": "GaitAnalysisParameter",
    "off": 13417,
    "sff": "analysis"
  },
  {
    "docID": "N223 Wu 2008",
    "et": "GaitAnalysisParameter",
    "off": 4232,
    "sff": "Analysis"
  },
  {
    "docID": "N223 Wu 2008",
    "et": "GaitAnalysisParameter",
    "off": 14906,
    "sff": "analysis"
  },
  {
    "docID": "N223 Wu 2008",
    "et": "GaitAnalysisParameter",
    "off": 1141,
    "sff": "analysis"
  },
  {
    "docID": "N223 Wu 2008",
    "et": "GaitAnalysisParameter",
    "off": 18919,
    "sff": "analysis"
  },
  {
    "docID": "N223 Wu 2008",
    "et": "GaitAnalysisParameter",
    "off": 15187,
    "sff": "analysis"
  },
  {
    "docID": "N223 Wu 2008",
    "et": "T10",
    "off": 10659,
    "sff": "T10"
  },
  {
    "docID": "N223 Wu 2008",
    "et": "DescendingFiberTract",
    "off": 1671,
    "sff": "descending"
  },
  {
    "docID": "N223 Wu 2008",
    "et": "Thoracic",
    "off": 445,
    "sff": "thoracic"
  },
  {
    "docID": "N223 Wu 2008",
    "et": "Thoracic",
    "off": 9806,
    "sff": "thoracic"
  },
  {
    "docID": "N223 Wu 2008",
    "et": "Thoracic",
    "off": 3887,
    "sff": "thoracic"
  },
  {
    "docID": "N223 Wu 2008",
    "et": "Thoracic",
    "off": 654,
    "sff": "thoracic"
  },
  {
    "docID": "N223 Wu 2008",
    "et": "Thoracic",
    "off": 10517,
    "sff": "thoracic"
  },
  {
    "docID": "N223 Wu 2008",
    "et": "SerotonergicFibers",
    "off": 24157,
    "sff": "serotonergic"
  },
  {
    "docID": "N223 Wu 2008",
    "et": "IntraperitonealLocation",
    "off": 4535,
    "sff": "intraperitoneal"
  },
  {
    "docID": "N223 Wu 2008",
    "et": "AxonalSproutingTest",
    "off": 23818,
    "sff": "axonal"
  },
  {
    "docID": "N223 Wu 2008",
    "et": "AxonalSproutingTest",
    "off": 106,
    "sff": "axonal"
  },
  {
    "docID": "N223 Wu 2008",
    "et": "AxonalSproutingTest",
    "off": 1481,
    "sff": "axonal"
  },
  {
    "docID": "N223 Wu 2008",
    "et": "AxonalSproutingTest",
    "off": 21551,
    "sff": "axonal"
  },
  {
    "docID": "N223 Wu 2008",
    "et": "AxonalSproutingTest",
    "off": 1338,
    "sff": "axonal sprouting"
  },
  {
    "docID": "N223 Wu 2008",
    "et": "AxonalSproutingTest",
    "off": 24404,
    "sff": "axonal"
  },
  {
    "docID": "N223 Wu 2008",
    "et": "AxonalSproutingTest",
    "off": 25654,
    "sff": "axonal"
  },
  {
    "docID": "N223 Wu 2008",
    "et": "AxonalSproutingTest",
    "off": 3861,
    "sff": "axonal"
  },
  {
    "docID": "N223 Wu 2008",
    "et": "AxonalSproutingTest",
    "off": 19151,
    "sff": "Axonal"
  },
  {
    "docID": "N223 Wu 2008",
    "et": "AxonalSproutingTest",
    "off": 19196,
    "sff": "axonal"
  },
  {
    "docID": "N223 Wu 2008",
    "et": "AxonalSproutingTest",
    "off": 3739,
    "sff": "axonal"
  },
  {
    "docID": "N223 Wu 2008",
    "et": "AxonalSproutingTest",
    "off": 23867,
    "sff": "axonal"
  },
  {
    "docID": "N223 Wu 2008",
    "et": "AxonalSproutingTest",
    "off": 2660,
    "sff": "axonal"
  },
  {
    "docID": "N223 Wu 2008",
    "et": "BloodCirculationExamination",
    "off": 14759,
    "sff": "blood"
  },
  {
    "docID": "N223 Wu 2008",
    "et": "BloodCirculationExamination",
    "off": 11599,
    "sff": "blood"
  },
  {
    "docID": "N223 Wu 2008",
    "et": "NeuronalCellLossTest",
    "off": 2438,
    "sff": "cell"
  },
  {
    "docID": "N223 Wu 2008",
    "et": "NeuronalCellLossTest",
    "off": 5620,
    "sff": "cell"
  },
  {
    "docID": "N223 Wu 2008",
    "et": "NeuronalCellLossTest",
    "off": 23774,
    "sff": "neuronal"
  },
  {
    "docID": "N223 Wu 2008",
    "et": "NeuronalCellLossTest",
    "off": 13023,
    "sff": "neuronal"
  },
  {
    "docID": "N223 Wu 2008",
    "et": "VascularFunctionParameter",
    "off": 24458,
    "sff": "function"
  },
  {
    "docID": "N223 Wu 2008",
    "et": "VascularFunctionParameter",
    "off": 1932,
    "sff": "function"
  },
  {
    "docID": "N223 Wu 2008",
    "et": "VascularFunctionParameter",
    "off": 1859,
    "sff": "function"
  },
  {
    "docID": "N223 Wu 2008",
    "et": "VascularFunctionParameter",
    "off": 1590,
    "sff": "function"
  },
  {
    "docID": "N223 Wu 2008",
    "et": "VascularFunctionParameter",
    "off": 2022,
    "sff": "function"
  },
  {
    "docID": "N223 Wu 2008",
    "et": "VascularFunctionParameter",
    "off": 21414,
    "sff": "function"
  },
  {
    "docID": "N223 Wu 2008",
    "et": "VascularFunctionParameter",
    "off": 1177,
    "sff": "function"
  },
  {
    "docID": "N223 Wu 2008",
    "et": "ObservationOfAnimalBehaviour",
    "off": 12778,
    "sff": "animal"
  },
  {
    "docID": "N223 Wu 2008",
    "et": "ObservationOfAnimalBehaviour",
    "off": 15306,
    "sff": "animal"
  },
  {
    "docID": "N223 Wu 2008",
    "et": "ObservationOfAnimalBehaviour",
    "off": 9690,
    "sff": "Animal"
  },
  {
    "docID": "N223 Wu 2008",
    "et": "ObservationOfAnimalBehaviour",
    "off": 12902,
    "sff": "animal"
  },
  {
    "docID": "N223 Wu 2008",
    "et": "ObservationOfAnimalBehaviour",
    "off": 3998,
    "sff": "observation"
  },
  {
    "docID": "N223 Wu 2008",
    "et": "MotorTest",
    "off": 23735,
    "sff": "motor"
  },
  {
    "docID": "N223 Wu 2008",
    "et": "MotorTest",
    "off": 1572,
    "sff": "motor"
  },
  {
    "docID": "N223 Wu 2008",
    "et": "MotorTest",
    "off": 1682,
    "sff": "motor"
  },
  {
    "docID": "N223 Wu 2008",
    "et": "SpinalDorsalHalf",
    "off": 10978,
    "sff": "dorsal"
  },
  {
    "docID": "N223 Wu 2008",
    "et": "SpinalDorsalHalf",
    "off": 19618,
    "sff": "spinal"
  },
  {
    "docID": "N223 Wu 2008",
    "et": "SpinalDorsalHalf",
    "off": 11104,
    "sff": "dorsal"
  },
  {
    "docID": "N223 Wu 2008",
    "et": "SpinalDorsalHalf",
    "off": 25175,
    "sff": "spinal"
  },
  {
    "docID": "N223 Wu 2008",
    "et": "SpinalDorsalHalf",
    "off": 663,
    "sff": "spinal"
  },
  {
    "docID": "N223 Wu 2008",
    "et": "SpinalDorsalHalf",
    "off": 9815,
    "sff": "spinal"
  },
  {
    "docID": "N223 Wu 2008",
    "et": "SpinalDorsalHalf",
    "off": 21657,
    "sff": "spinal"
  },
  {
    "docID": "N223 Wu 2008",
    "et": "SpinalDorsalHalf",
    "off": 13236,
    "sff": "spinal"
  },
  {
    "docID": "N223 Wu 2008",
    "et": "SpinalDorsalHalf",
    "off": 8689,
    "sff": "spinal"
  },
  {
    "docID": "N223 Wu 2008",
    "et": "SpinalDorsalHalf",
    "off": 25964,
    "sff": "spinal"
  },
  {
    "docID": "N223 Wu 2008",
    "et": "SpinalDorsalHalf",
    "off": 13480,
    "sff": "spinal"
  },
  {
    "docID": "N223 Wu 2008",
    "et": "SpinalDorsalHalf",
    "off": 25513,
    "sff": "spinal"
  },
  {
    "docID": "N223 Wu 2008",
    "et": "SpinalDorsalHalf",
    "off": 2623,
    "sff": "spinal"
  },
  {
    "docID": "N223 Wu 2008",
    "et": "SpinalDorsalHalf",
    "off": 23294,
    "sff": "spinal"
  },
  {
    "docID": "N223 Wu 2008",
    "et": "SpinalDorsalHalf",
    "off": 1216,
    "sff": "spinal"
  },
  {
    "docID": "N223 Wu 2008",
    "et": "SpinalDorsalHalf",
    "off": 19709,
    "sff": "spinal"
  },
  {
    "docID": "N223 Wu 2008",
    "et": "SpinalDorsalHalf",
    "off": 182,
    "sff": "spinal"
  },
  {
    "docID": "N223 Wu 2008",
    "et": "SpinalDorsalHalf",
    "off": 10871,
    "sff": "spinal"
  },
  {
    "docID": "N223 Wu 2008",
    "et": "SpinalDorsalHalf",
    "off": 21589,
    "sff": "spinal"
  },
  {
    "docID": "N223 Wu 2008",
    "et": "SpinalDorsalHalf",
    "off": 24853,
    "sff": "spinal"
  },
  {
    "docID": "N223 Wu 2008",
    "et": "SpinalDorsalHalf",
    "off": 13706,
    "sff": "Spinal"
  },
  {
    "docID": "N223 Wu 2008",
    "et": "SpinalDorsalHalf",
    "off": 10704,
    "sff": "spinal"
  },
  {
    "docID": "N223 Wu 2008",
    "et": "SpinalDorsalHalf",
    "off": 24121,
    "sff": "dorsal"
  },
  {
    "docID": "N223 Wu 2008",
    "et": "SpinalDorsalHalf",
    "off": 454,
    "sff": "spinal"
  },
  {
    "docID": "N223 Wu 2008",
    "et": "SpinalDorsalHalf",
    "off": 1609,
    "sff": "spinal"
  },
  {
    "docID": "N223 Wu 2008",
    "et": "Cervical",
    "off": 19700,
    "sff": "cervical"
  },
  {
    "docID": "N223 Wu 2008",
    "et": "NeuronalChangesTest",
    "off": 13023,
    "sff": "neuronal"
  },
  {
    "docID": "N223 Wu 2008",
    "et": "NeuronalChangesTest",
    "off": 23774,
    "sff": "neuronal"
  },
  {
    "docID": "N223 Wu 2008",
    "et": "HistologicalInvestigationTest",
    "off": 15215,
    "sff": "histological"
  },
  {
    "docID": "N223 Wu 2008",
    "et": "HistologicalInvestigationTest",
    "off": 13404,
    "sff": "Histological"
  },
  {
    "docID": "N223 Wu 2008",
    "et": "HistologicalInvestigationTest",
    "off": 21477,
    "sff": "histological"
  },
  {
    "docID": "N223 Wu 2008",
    "et": "NeuronalActivityTest",
    "off": 23774,
    "sff": "neuronal"
  },
  {
    "docID": "N223 Wu 2008",
    "et": "NeuronalActivityTest",
    "off": 13023,
    "sff": "neuronal"
  },
  {
    "docID": "N223 Wu 2008",
    "et": "MeanArterialPressure",
    "off": 16305,
    "sff": "mean"
  },
  {
    "docID": "N223 Wu 2008",
    "et": "MeanArterialPressure",
    "off": 20597,
    "sff": "mean"
  },
  {
    "docID": "N223 Wu 2008",
    "et": "CorticospinalTract",
    "off": 23508,
    "sff": "corticospinal tract"
  },
  {
    "docID": "N223 Wu 2008",
    "et": "CorticospinalTract",
    "off": 11111,
    "sff": "corticospinal tract"
  },
  {
    "docID": "N223 Wu 2008",
    "et": "SpinalCordEvokedPotentialsTest",
    "off": 21589,
    "sff": "spinal cord"
  },
  {
    "docID": "N223 Wu 2008",
    "et": "SpinalCordEvokedPotentialsTest",
    "off": 24853,
    "sff": "spinal cord"
  },
  {
    "docID": "N223 Wu 2008",
    "et": "SpinalCordEvokedPotentialsTest",
    "off": 182,
    "sff": "spinal cord"
  },
  {
    "docID": "N223 Wu 2008",
    "et": "SpinalCordEvokedPotentialsTest",
    "off": 663,
    "sff": "spinal cord"
  },
  {
    "docID": "N223 Wu 2008",
    "et": "SpinalCordEvokedPotentialsTest",
    "off": 9815,
    "sff": "spinal cord"
  },
  {
    "docID": "N223 Wu 2008",
    "et": "SpinalCordEvokedPotentialsTest",
    "off": 10871,
    "sff": "spinal cord"
  },
  {
    "docID": "N223 Wu 2008",
    "et": "SpinalCordEvokedPotentialsTest",
    "off": 25175,
    "sff": "spinal cord"
  },
  {
    "docID": "N223 Wu 2008",
    "et": "SpinalCordEvokedPotentialsTest",
    "off": 1216,
    "sff": "spinal"
  },
  {
    "docID": "N223 Wu 2008",
    "et": "SpinalCordEvokedPotentialsTest",
    "off": 13236,
    "sff": "spinal cord"
  },
  {
    "docID": "N223 Wu 2008",
    "et": "SpinalCordEvokedPotentialsTest",
    "off": 11369,
    "sff": "cord"
  },
  {
    "docID": "N223 Wu 2008",
    "et": "SpinalCordEvokedPotentialsTest",
    "off": 13706,
    "sff": "Spinal cord"
  },
  {
    "docID": "N223 Wu 2008",
    "et": "SpinalCordEvokedPotentialsTest",
    "off": 10704,
    "sff": "spinal cord"
  },
  {
    "docID": "N223 Wu 2008",
    "et": "SpinalCordEvokedPotentialsTest",
    "off": 13480,
    "sff": "spinal"
  },
  {
    "docID": "N223 Wu 2008",
    "et": "SpinalCordEvokedPotentialsTest",
    "off": 1609,
    "sff": "spinal cord"
  },
  {
    "docID": "N223 Wu 2008",
    "et": "SpinalCordEvokedPotentialsTest",
    "off": 25513,
    "sff": "spinal cord"
  },
  {
    "docID": "N223 Wu 2008",
    "et": "SpinalCordEvokedPotentialsTest",
    "off": 11044,
    "sff": "cord"
  },
  {
    "docID": "N223 Wu 2008",
    "et": "SpinalCordEvokedPotentialsTest",
    "off": 25964,
    "sff": "spinal cord"
  },
  {
    "docID": "N223 Wu 2008",
    "et": "SpinalCordEvokedPotentialsTest",
    "off": 454,
    "sff": "spinal cord"
  },
  {
    "docID": "N223 Wu 2008",
    "et": "SpinalCordEvokedPotentialsTest",
    "off": 8689,
    "sff": "spinal"
  },
  {
    "docID": "N223 Wu 2008",
    "et": "SpinalCordEvokedPotentialsTest",
    "off": 19618,
    "sff": "spinal cord"
  },
  {
    "docID": "N223 Wu 2008",
    "et": "SpinalCordEvokedPotentialsTest",
    "off": 19709,
    "sff": "spinal cord"
  },
  {
    "docID": "N223 Wu 2008",
    "et": "SpinalCordEvokedPotentialsTest",
    "off": 23294,
    "sff": "spinal cord"
  },
  {
    "docID": "N223 Wu 2008",
    "et": "SpinalCordEvokedPotentialsTest",
    "off": 2623,
    "sff": "spinal cord"
  },
  {
    "docID": "N223 Wu 2008",
    "et": "SpinalCordEvokedPotentialsTest",
    "off": 21657,
    "sff": "spinal cord"
  }
]
