[
  {
    "docID": "N228 Yazdani 2012",
    "et": "ForelimbStrengthTest",
    "off": 19564,
    "sff": "forelimb"
  },
  {
    "docID": "N228 Yazdani 2012",
    "et": "BrainNucleus",
    "off": 26242,
    "sff": "brain"
  },
  {
    "docID": "N228 Yazdani 2012",
    "et": "BBBTest",
    "off": 15528,
    "sff": "BBB"
  },
  {
    "docID": "N228 Yazdani 2012",
    "et": "BBBTest",
    "off": 20010,
    "sff": "BBB"
  },
  {
    "docID": "N228 Yazdani 2012",
    "et": "BBBTest",
    "off": 11988,
    "sff": "BBB"
  },
  {
    "docID": "N228 Yazdani 2012",
    "et": "BBBTest",
    "off": 19255,
    "sff": "BBB"
  },
  {
    "docID": "N228 Yazdani 2012",
    "et": "BBBTest",
    "off": 18918,
    "sff": "BBB"
  },
  {
    "docID": "N228 Yazdani 2012",
    "et": "BBBTest",
    "off": 1123,
    "sff": "BBB"
  },
  {
    "docID": "N228 Yazdani 2012",
    "et": "BBBTest",
    "off": 11859,
    "sff": "BBB"
  },
  {
    "docID": "N228 Yazdani 2012",
    "et": "BBBTest",
    "off": 28835,
    "sff": "BBB"
  },
  {
    "docID": "N228 Yazdani 2012",
    "et": "BBBTest",
    "off": 15682,
    "sff": "BBB"
  },
  {
    "docID": "N228 Yazdani 2012",
    "et": "WalkingAnalysisParameter",
    "off": 12766,
    "sff": "analysis"
  },
  {
    "docID": "N228 Yazdani 2012",
    "et": "WalkingAnalysisParameter",
    "off": 21217,
    "sff": "analysis"
  },
  {
    "docID": "N228 Yazdani 2012",
    "et": "WalkingAnalysisParameter",
    "off": 17194,
    "sff": "analysis"
  },
  {
    "docID": "N228 Yazdani 2012",
    "et": "WalkingAnalysisParameter",
    "off": 12344,
    "sff": "analysis"
  },
  {
    "docID": "N228 Yazdani 2012",
    "et": "WalkingAnalysisParameter",
    "off": 13272,
    "sff": "analysis"
  },
  {
    "docID": "N228 Yazdani 2012",
    "et": "WalkingAnalysisParameter",
    "off": 12292,
    "sff": "analysis"
  },
  {
    "docID": "N228 Yazdani 2012",
    "et": "SurfaceRightingReflexTest",
    "off": 17093,
    "sff": "Surface"
  },
  {
    "docID": "N228 Yazdani 2012",
    "et": "SurfaceRightingReflexTest",
    "off": 17244,
    "sff": "surface"
  },
  {
    "docID": "N228 Yazdani 2012",
    "et": "SurfaceRightingReflexTest",
    "off": 7067,
    "sff": "surface"
  },
  {
    "docID": "N228 Yazdani 2012",
    "et": "SurfaceRightingReflexTest",
    "off": 14586,
    "sff": "surface"
  },
  {
    "docID": "N228 Yazdani 2012",
    "et": "SpinalSubduralArea",
    "off": 9349,
    "sff": "spinal"
  },
  {
    "docID": "N228 Yazdani 2012",
    "et": "SpinalSubduralArea",
    "off": 22917,
    "sff": "spinal"
  },
  {
    "docID": "N228 Yazdani 2012",
    "et": "SpinalSubduralArea",
    "off": 23048,
    "sff": "spinal"
  },
  {
    "docID": "N228 Yazdani 2012",
    "et": "SpinalSubduralArea",
    "off": 13385,
    "sff": "spinal"
  },
  {
    "docID": "N228 Yazdani 2012",
    "et": "SpinalSubduralArea",
    "off": 1996,
    "sff": "spinal"
  },
  {
    "docID": "N228 Yazdani 2012",
    "et": "SpinalSubduralArea",
    "off": 25355,
    "sff": "spinal"
  },
  {
    "docID": "N228 Yazdani 2012",
    "et": "SpinalSubduralArea",
    "off": 25995,
    "sff": "spinal"
  },
  {
    "docID": "N228 Yazdani 2012",
    "et": "SpinalSubduralArea",
    "off": 2035,
    "sff": "Spinal"
  },
  {
    "docID": "N228 Yazdani 2012",
    "et": "SpinalSubduralArea",
    "off": 1552,
    "sff": "spinal"
  },
  {
    "docID": "N228 Yazdani 2012",
    "et": "SpinalSubduralArea",
    "off": 29456,
    "sff": "spinal"
  },
  {
    "docID": "N228 Yazdani 2012",
    "et": "SpinalSubduralArea",
    "off": 916,
    "sff": "spinal"
  },
  {
    "docID": "N228 Yazdani 2012",
    "et": "SpinalSubduralArea",
    "off": 19156,
    "sff": "spinal"
  },
  {
    "docID": "N228 Yazdani 2012",
    "et": "SpinalSubduralArea",
    "off": 2966,
    "sff": "spinal"
  },
  {
    "docID": "N228 Yazdani 2012",
    "et": "SpinalSubduralArea",
    "off": 25493,
    "sff": "spinal"
  },
  {
    "docID": "N228 Yazdani 2012",
    "et": "SpinalSubduralArea",
    "off": 24859,
    "sff": "spinal"
  },
  {
    "docID": "N228 Yazdani 2012",
    "et": "SpinalSubduralArea",
    "off": 27419,
    "sff": "spinal"
  },
  {
    "docID": "N228 Yazdani 2012",
    "et": "SpinalSubduralArea",
    "off": 13789,
    "sff": "spinal"
  },
  {
    "docID": "N228 Yazdani 2012",
    "et": "SpinalSubduralArea",
    "off": 30300,
    "sff": "spinal"
  },
  {
    "docID": "N228 Yazdani 2012",
    "et": "SpinalSubduralArea",
    "off": 29344,
    "sff": "spinal"
  },
  {
    "docID": "N228 Yazdani 2012",
    "et": "SpinalSubduralArea",
    "off": 9825,
    "sff": "spinal"
  },
  {
    "docID": "N228 Yazdani 2012",
    "et": "SpinalSubduralArea",
    "off": 13733,
    "sff": "spinal"
  },
  {
    "docID": "N228 Yazdani 2012",
    "et": "SpinalSubduralArea",
    "off": 30756,
    "sff": "spinal"
  },
  {
    "docID": "N228 Yazdani 2012",
    "et": "SpinalSubduralArea",
    "off": 12780,
    "sff": "spinal"
  },
  {
    "docID": "N228 Yazdani 2012",
    "et": "SpinalSubduralArea",
    "off": 756,
    "sff": "spinal"
  },
  {
    "docID": "N228 Yazdani 2012",
    "et": "SpinalSubduralArea",
    "off": 27123,
    "sff": "spinal"
  },
  {
    "docID": "N228 Yazdani 2012",
    "et": "SpinalSubduralArea",
    "off": 9269,
    "sff": "spinal"
  },
  {
    "docID": "N228 Yazdani 2012",
    "et": "SpinalSubduralArea",
    "off": 24247,
    "sff": "spinal"
  },
  {
    "docID": "N228 Yazdani 2012",
    "et": "SpinalSubduralArea",
    "off": 12667,
    "sff": "spinal"
  },
  {
    "docID": "N228 Yazdani 2012",
    "et": "SpinalSubduralArea",
    "off": 4351,
    "sff": "spinal"
  },
  {
    "docID": "N228 Yazdani 2012",
    "et": "SpinalSubduralArea",
    "off": 130,
    "sff": "spinal"
  },
  {
    "docID": "N228 Yazdani 2012",
    "et": "StainingArea",
    "off": 15017,
    "sff": "staining"
  },
  {
    "docID": "N228 Yazdani 2012",
    "et": "StainingArea",
    "off": 17996,
    "sff": "staining"
  },
  {
    "docID": "N228 Yazdani 2012",
    "et": "StainingArea",
    "off": 21280,
    "sff": "staining"
  },
  {
    "docID": "N228 Yazdani 2012",
    "et": "StainingArea",
    "off": 7619,
    "sff": "staining"
  },
  {
    "docID": "N228 Yazdani 2012",
    "et": "StainingArea",
    "off": 13428,
    "sff": "staining"
  },
  {
    "docID": "N228 Yazdani 2012",
    "et": "CentralCanal",
    "off": 556,
    "sff": "central"
  },
  {
    "docID": "N228 Yazdani 2012",
    "et": "CentralCanal",
    "off": 24705,
    "sff": "central"
  },
  {
    "docID": "N228 Yazdani 2012",
    "et": "CentralCanal",
    "off": 2498,
    "sff": "central"
  },
  {
    "docID": "N228 Yazdani 2012",
    "et": "CentralCanal",
    "off": 23807,
    "sff": "central"
  },
  {
    "docID": "N228 Yazdani 2012",
    "et": "SpinalFiberTract",
    "off": 12780,
    "sff": "spinal"
  },
  {
    "docID": "N228 Yazdani 2012",
    "et": "SpinalFiberTract",
    "off": 30756,
    "sff": "spinal"
  },
  {
    "docID": "N228 Yazdani 2012",
    "et": "SpinalFiberTract",
    "off": 13733,
    "sff": "spinal"
  },
  {
    "docID": "N228 Yazdani 2012",
    "et": "SpinalFiberTract",
    "off": 29344,
    "sff": "spinal"
  },
  {
    "docID": "N228 Yazdani 2012",
    "et": "SpinalFiberTract",
    "off": 9825,
    "sff": "spinal"
  },
  {
    "docID": "N228 Yazdani 2012",
    "et": "SpinalFiberTract",
    "off": 5229,
    "sff": "fiber"
  },
  {
    "docID": "N228 Yazdani 2012",
    "et": "SpinalFiberTract",
    "off": 24859,
    "sff": "spinal"
  },
  {
    "docID": "N228 Yazdani 2012",
    "et": "SpinalFiberTract",
    "off": 27419,
    "sff": "spinal"
  },
  {
    "docID": "N228 Yazdani 2012",
    "et": "SpinalFiberTract",
    "off": 30300,
    "sff": "spinal"
  },
  {
    "docID": "N228 Yazdani 2012",
    "et": "SpinalFiberTract",
    "off": 13789,
    "sff": "spinal"
  },
  {
    "docID": "N228 Yazdani 2012",
    "et": "SpinalFiberTract",
    "off": 2966,
    "sff": "spinal"
  },
  {
    "docID": "N228 Yazdani 2012",
    "et": "SpinalFiberTract",
    "off": 5478,
    "sff": "fiber"
  },
  {
    "docID": "N228 Yazdani 2012",
    "et": "SpinalFiberTract",
    "off": 916,
    "sff": "spinal"
  },
  {
    "docID": "N228 Yazdani 2012",
    "et": "SpinalFiberTract",
    "off": 19156,
    "sff": "spinal"
  },
  {
    "docID": "N228 Yazdani 2012",
    "et": "SpinalFiberTract",
    "off": 25493,
    "sff": "spinal"
  },
  {
    "docID": "N228 Yazdani 2012",
    "et": "SpinalFiberTract",
    "off": 1552,
    "sff": "spinal"
  },
  {
    "docID": "N228 Yazdani 2012",
    "et": "SpinalFiberTract",
    "off": 29456,
    "sff": "spinal"
  },
  {
    "docID": "N228 Yazdani 2012",
    "et": "SpinalFiberTract",
    "off": 25355,
    "sff": "spinal"
  },
  {
    "docID": "N228 Yazdani 2012",
    "et": "SpinalFiberTract",
    "off": 25995,
    "sff": "spinal"
  },
  {
    "docID": "N228 Yazdani 2012",
    "et": "SpinalFiberTract",
    "off": 1996,
    "sff": "spinal"
  },
  {
    "docID": "N228 Yazdani 2012",
    "et": "SpinalFiberTract",
    "off": 23048,
    "sff": "spinal"
  },
  {
    "docID": "N228 Yazdani 2012",
    "et": "SpinalFiberTract",
    "off": 13385,
    "sff": "spinal"
  },
  {
    "docID": "N228 Yazdani 2012",
    "et": "SpinalFiberTract",
    "off": 130,
    "sff": "spinal"
  },
  {
    "docID": "N228 Yazdani 2012",
    "et": "SpinalFiberTract",
    "off": 9349,
    "sff": "spinal"
  },
  {
    "docID": "N228 Yazdani 2012",
    "et": "SpinalFiberTract",
    "off": 22917,
    "sff": "spinal"
  },
  {
    "docID": "N228 Yazdani 2012",
    "et": "SpinalFiberTract",
    "off": 4351,
    "sff": "spinal"
  },
  {
    "docID": "N228 Yazdani 2012",
    "et": "SpinalFiberTract",
    "off": 12667,
    "sff": "spinal"
  },
  {
    "docID": "N228 Yazdani 2012",
    "et": "SpinalFiberTract",
    "off": 2035,
    "sff": "Spinal"
  },
  {
    "docID": "N228 Yazdani 2012",
    "et": "SpinalFiberTract",
    "off": 24247,
    "sff": "spinal"
  },
  {
    "docID": "N228 Yazdani 2012",
    "et": "SpinalFiberTract",
    "off": 27123,
    "sff": "spinal"
  },
  {
    "docID": "N228 Yazdani 2012",
    "et": "SpinalFiberTract",
    "off": 756,
    "sff": "spinal"
  },
  {
    "docID": "N228 Yazdani 2012",
    "et": "SpinalFiberTract",
    "off": 9269,
    "sff": "spinal"
  },
  {
    "docID": "N228 Yazdani 2012",
    "et": "ForelimbAsymmetryTest",
    "off": 19564,
    "sff": "forelimb"
  },
  {
    "docID": "N228 Yazdani 2012",
    "et": "SpinalVentralHalf",
    "off": 29344,
    "sff": "spinal"
  },
  {
    "docID": "N228 Yazdani 2012",
    "et": "SpinalVentralHalf",
    "off": 9825,
    "sff": "spinal"
  },
  {
    "docID": "N228 Yazdani 2012",
    "et": "SpinalVentralHalf",
    "off": 24859,
    "sff": "spinal"
  },
  {
    "docID": "N228 Yazdani 2012",
    "et": "SpinalVentralHalf",
    "off": 30300,
    "sff": "spinal"
  },
  {
    "docID": "N228 Yazdani 2012",
    "et": "SpinalVentralHalf",
    "off": 27419,
    "sff": "spinal"
  },
  {
    "docID": "N228 Yazdani 2012",
    "et": "SpinalVentralHalf",
    "off": 13789,
    "sff": "spinal"
  },
  {
    "docID": "N228 Yazdani 2012",
    "et": "SpinalVentralHalf",
    "off": 30756,
    "sff": "spinal"
  },
  {
    "docID": "N228 Yazdani 2012",
    "et": "SpinalVentralHalf",
    "off": 13733,
    "sff": "spinal"
  },
  {
    "docID": "N228 Yazdani 2012",
    "et": "SpinalVentralHalf",
    "off": 29456,
    "sff": "spinal"
  },
  {
    "docID": "N228 Yazdani 2012",
    "et": "SpinalVentralHalf",
    "off": 1552,
    "sff": "spinal"
  },
  {
    "docID": "N228 Yazdani 2012",
    "et": "SpinalVentralHalf",
    "off": 25355,
    "sff": "spinal"
  },
  {
    "docID": "N228 Yazdani 2012",
    "et": "SpinalVentralHalf",
    "off": 1996,
    "sff": "spinal"
  },
  {
    "docID": "N228 Yazdani 2012",
    "et": "SpinalVentralHalf",
    "off": 25995,
    "sff": "spinal"
  },
  {
    "docID": "N228 Yazdani 2012",
    "et": "SpinalVentralHalf",
    "off": 916,
    "sff": "spinal"
  },
  {
    "docID": "N228 Yazdani 2012",
    "et": "SpinalVentralHalf",
    "off": 19156,
    "sff": "spinal"
  },
  {
    "docID": "N228 Yazdani 2012",
    "et": "SpinalVentralHalf",
    "off": 2966,
    "sff": "spinal"
  },
  {
    "docID": "N228 Yazdani 2012",
    "et": "SpinalVentralHalf",
    "off": 25493,
    "sff": "spinal"
  },
  {
    "docID": "N228 Yazdani 2012",
    "et": "SpinalVentralHalf",
    "off": 4351,
    "sff": "spinal"
  },
  {
    "docID": "N228 Yazdani 2012",
    "et": "SpinalVentralHalf",
    "off": 130,
    "sff": "spinal"
  },
  {
    "docID": "N228 Yazdani 2012",
    "et": "SpinalVentralHalf",
    "off": 12667,
    "sff": "spinal"
  },
  {
    "docID": "N228 Yazdani 2012",
    "et": "SpinalVentralHalf",
    "off": 2035,
    "sff": "Spinal"
  },
  {
    "docID": "N228 Yazdani 2012",
    "et": "SpinalVentralHalf",
    "off": 23048,
    "sff": "spinal"
  },
  {
    "docID": "N228 Yazdani 2012",
    "et": "SpinalVentralHalf",
    "off": 13385,
    "sff": "spinal"
  },
  {
    "docID": "N228 Yazdani 2012",
    "et": "SpinalVentralHalf",
    "off": 9349,
    "sff": "spinal"
  },
  {
    "docID": "N228 Yazdani 2012",
    "et": "SpinalVentralHalf",
    "off": 22917,
    "sff": "spinal"
  },
  {
    "docID": "N228 Yazdani 2012",
    "et": "SpinalVentralHalf",
    "off": 12780,
    "sff": "spinal"
  },
  {
    "docID": "N228 Yazdani 2012",
    "et": "SpinalVentralHalf",
    "off": 24247,
    "sff": "spinal"
  },
  {
    "docID": "N228 Yazdani 2012",
    "et": "SpinalVentralHalf",
    "off": 756,
    "sff": "spinal"
  },
  {
    "docID": "N228 Yazdani 2012",
    "et": "SpinalVentralHalf",
    "off": 27123,
    "sff": "spinal"
  },
  {
    "docID": "N228 Yazdani 2012",
    "et": "SpinalVentralHalf",
    "off": 9269,
    "sff": "spinal"
  },
  {
    "docID": "N228 Yazdani 2012",
    "et": "Rostral",
    "off": 13662,
    "sff": "rostral"
  },
  {
    "docID": "N228 Yazdani 2012",
    "et": "TissueSparingTest",
    "off": 27058,
    "sff": "tissue"
  },
  {
    "docID": "N228 Yazdani 2012",
    "et": "TissueSparingTest",
    "off": 5485,
    "sff": "Tissue"
  },
  {
    "docID": "N228 Yazdani 2012",
    "et": "TissueSparingTest",
    "off": 13525,
    "sff": "tissue"
  },
  {
    "docID": "N228 Yazdani 2012",
    "et": "TissueSparingTest",
    "off": 22677,
    "sff": "tissue"
  },
  {
    "docID": "N228 Yazdani 2012",
    "et": "TissueSparingTest",
    "off": 11694,
    "sff": "tissue"
  },
  {
    "docID": "N228 Yazdani 2012",
    "et": "TissueSparingTest",
    "off": 20912,
    "sff": "tissue"
  },
  {
    "docID": "N228 Yazdani 2012",
    "et": "TissueSparingTest",
    "off": 1266,
    "sff": "tissue"
  },
  {
    "docID": "N228 Yazdani 2012",
    "et": "TissueSparingTest",
    "off": 2738,
    "sff": "tissue"
  },
  {
    "docID": "N228 Yazdani 2012",
    "et": "TissueSparingTest",
    "off": 24874,
    "sff": "tissue"
  },
  {
    "docID": "N228 Yazdani 2012",
    "et": "TissueSparingTest",
    "off": 20971,
    "sff": "tissue"
  },
  {
    "docID": "N228 Yazdani 2012",
    "et": "TissueSparingTest",
    "off": 16044,
    "sff": "tissue"
  },
  {
    "docID": "N228 Yazdani 2012",
    "et": "TissueSparingTest",
    "off": 15917,
    "sff": "tissue"
  },
  {
    "docID": "N228 Yazdani 2012",
    "et": "TissueSparingTest",
    "off": 5068,
    "sff": "tissue"
  },
  {
    "docID": "N228 Yazdani 2012",
    "et": "TissueSparingTest",
    "off": 28675,
    "sff": "tissue"
  },
  {
    "docID": "N228 Yazdani 2012",
    "et": "TissueSparingTest",
    "off": 27130,
    "sff": "tissue"
  },
  {
    "docID": "N228 Yazdani 2012",
    "et": "TissueSparingTest",
    "off": 13597,
    "sff": "tissue"
  },
  {
    "docID": "N228 Yazdani 2012",
    "et": "TissueSparingTest",
    "off": 4722,
    "sff": "tissue sparing"
  },
  {
    "docID": "N228 Yazdani 2012",
    "et": "TissueSparingTest",
    "off": 26968,
    "sff": "tissue"
  },
  {
    "docID": "N228 Yazdani 2012",
    "et": "SelfMutilationObservation",
    "off": 520,
    "sff": "self"
  },
  {
    "docID": "N228 Yazdani 2012",
    "et": "SelfMutilationObservation",
    "off": 3175,
    "sff": "self"
  },
  {
    "docID": "N228 Yazdani 2012",
    "et": "SpinalFiber",
    "off": 130,
    "sff": "spinal"
  },
  {
    "docID": "N228 Yazdani 2012",
    "et": "SpinalFiber",
    "off": 4351,
    "sff": "spinal"
  },
  {
    "docID": "N228 Yazdani 2012",
    "et": "SpinalFiber",
    "off": 2035,
    "sff": "Spinal"
  },
  {
    "docID": "N228 Yazdani 2012",
    "et": "SpinalFiber",
    "off": 13385,
    "sff": "spinal"
  },
  {
    "docID": "N228 Yazdani 2012",
    "et": "SpinalFiber",
    "off": 23048,
    "sff": "spinal"
  },
  {
    "docID": "N228 Yazdani 2012",
    "et": "SpinalFiber",
    "off": 25355,
    "sff": "spinal"
  },
  {
    "docID": "N228 Yazdani 2012",
    "et": "SpinalFiber",
    "off": 25995,
    "sff": "spinal"
  },
  {
    "docID": "N228 Yazdani 2012",
    "et": "SpinalFiber",
    "off": 22917,
    "sff": "spinal"
  },
  {
    "docID": "N228 Yazdani 2012",
    "et": "SpinalFiber",
    "off": 9349,
    "sff": "spinal"
  },
  {
    "docID": "N228 Yazdani 2012",
    "et": "SpinalFiber",
    "off": 1552,
    "sff": "spinal"
  },
  {
    "docID": "N228 Yazdani 2012",
    "et": "SpinalFiber",
    "off": 29456,
    "sff": "spinal"
  },
  {
    "docID": "N228 Yazdani 2012",
    "et": "SpinalFiber",
    "off": 1996,
    "sff": "spinal"
  },
  {
    "docID": "N228 Yazdani 2012",
    "et": "SpinalFiber",
    "off": 24859,
    "sff": "spinal"
  },
  {
    "docID": "N228 Yazdani 2012",
    "et": "SpinalFiber",
    "off": 27419,
    "sff": "spinal"
  },
  {
    "docID": "N228 Yazdani 2012",
    "et": "SpinalFiber",
    "off": 916,
    "sff": "spinal"
  },
  {
    "docID": "N228 Yazdani 2012",
    "et": "SpinalFiber",
    "off": 19156,
    "sff": "spinal"
  },
  {
    "docID": "N228 Yazdani 2012",
    "et": "SpinalFiber",
    "off": 25493,
    "sff": "spinal"
  },
  {
    "docID": "N228 Yazdani 2012",
    "et": "SpinalFiber",
    "off": 2966,
    "sff": "spinal"
  },
  {
    "docID": "N228 Yazdani 2012",
    "et": "SpinalFiber",
    "off": 9825,
    "sff": "spinal"
  },
  {
    "docID": "N228 Yazdani 2012",
    "et": "SpinalFiber",
    "off": 29344,
    "sff": "spinal"
  },
  {
    "docID": "N228 Yazdani 2012",
    "et": "SpinalFiber",
    "off": 13789,
    "sff": "spinal"
  },
  {
    "docID": "N228 Yazdani 2012",
    "et": "SpinalFiber",
    "off": 30300,
    "sff": "spinal"
  },
  {
    "docID": "N228 Yazdani 2012",
    "et": "SpinalFiber",
    "off": 13733,
    "sff": "spinal"
  },
  {
    "docID": "N228 Yazdani 2012",
    "et": "SpinalFiber",
    "off": 30756,
    "sff": "spinal"
  },
  {
    "docID": "N228 Yazdani 2012",
    "et": "SpinalFiber",
    "off": 27123,
    "sff": "spinal"
  },
  {
    "docID": "N228 Yazdani 2012",
    "et": "SpinalFiber",
    "off": 12780,
    "sff": "spinal"
  },
  {
    "docID": "N228 Yazdani 2012",
    "et": "SpinalFiber",
    "off": 12667,
    "sff": "spinal"
  },
  {
    "docID": "N228 Yazdani 2012",
    "et": "SpinalFiber",
    "off": 756,
    "sff": "spinal"
  },
  {
    "docID": "N228 Yazdani 2012",
    "et": "SpinalFiber",
    "off": 9269,
    "sff": "spinal"
  },
  {
    "docID": "N228 Yazdani 2012",
    "et": "SpinalFiber",
    "off": 24247,
    "sff": "spinal"
  },
  {
    "docID": "N228 Yazdani 2012",
    "et": "MotorReflexTest",
    "off": 18959,
    "sff": "motor"
  },
  {
    "docID": "N228 Yazdani 2012",
    "et": "MotorReflexTest",
    "off": 15488,
    "sff": "motor"
  },
  {
    "docID": "N228 Yazdani 2012",
    "et": "MotorReflexTest",
    "off": 22788,
    "sff": "motor"
  },
  {
    "docID": "N228 Yazdani 2012",
    "et": "MotorReflexTest",
    "off": 11799,
    "sff": "motor"
  },
  {
    "docID": "N228 Yazdani 2012",
    "et": "ElectrophysiologicalFrequency",
    "off": 27662,
    "sff": "electrophysiological"
  },
  {
    "docID": "N228 Yazdani 2012",
    "et": "ElectrophysiologicalFrequency",
    "off": 26487,
    "sff": "electrophysiological"
  },
  {
    "docID": "N228 Yazdani 2012",
    "et": "SurvivalObservation",
    "off": 24335,
    "sff": "survival"
  },
  {
    "docID": "N228 Yazdani 2012",
    "et": "SurvivalObservation",
    "off": 26856,
    "sff": "survival"
  },
  {
    "docID": "N228 Yazdani 2012",
    "et": "SurvivalObservation",
    "off": 28535,
    "sff": "survival"
  },
  {
    "docID": "N228 Yazdani 2012",
    "et": "SurvivalObservation",
    "off": 15778,
    "sff": "survival"
  },
  {
    "docID": "N228 Yazdani 2012",
    "et": "GeneExpressionAnalysis",
    "off": 17225,
    "sff": "expression"
  },
  {
    "docID": "N228 Yazdani 2012",
    "et": "GeneExpressionAnalysis",
    "off": 26707,
    "sff": "expression"
  },
  {
    "docID": "N228 Yazdani 2012",
    "et": "GeneExpressionAnalysis",
    "off": 7765,
    "sff": "gene"
  },
  {
    "docID": "N228 Yazdani 2012",
    "et": "GeneExpressionAnalysis",
    "off": 10086,
    "sff": "expression"
  },
  {
    "docID": "N228 Yazdani 2012",
    "et": "GeneExpressionAnalysis",
    "off": 1774,
    "sff": "expression"
  },
  {
    "docID": "N228 Yazdani 2012",
    "et": "AxonalRegenerationTest",
    "off": 29164,
    "sff": "axonal"
  },
  {
    "docID": "N228 Yazdani 2012",
    "et": "AxonalRegenerationTest",
    "off": 22747,
    "sff": "axonal"
  },
  {
    "docID": "N228 Yazdani 2012",
    "et": "AxonalRegenerationTest",
    "off": 21704,
    "sff": "axonal"
  },
  {
    "docID": "N228 Yazdani 2012",
    "et": "AxonalRegenerationTest",
    "off": 24328,
    "sff": "axonal"
  },
  {
    "docID": "N228 Yazdani 2012",
    "et": "AxonalRegenerationTest",
    "off": 28024,
    "sff": "axonal"
  },
  {
    "docID": "N228 Yazdani 2012",
    "et": "AxonalRegenerationTest",
    "off": 21621,
    "sff": "Axonal regeneration"
  },
  {
    "docID": "N228 Yazdani 2012",
    "et": "AxonalRegenerationTest",
    "off": 24646,
    "sff": "axonal regeneration"
  },
  {
    "docID": "N228 Yazdani 2012",
    "et": "AxonalRegenerationTest",
    "off": 27865,
    "sff": "axonal"
  },
  {
    "docID": "N228 Yazdani 2012",
    "et": "AxonalRegenerationTest",
    "off": 1332,
    "sff": "axonal regeneration"
  },
  {
    "docID": "N228 Yazdani 2012",
    "et": "AxonalRegenerationTest",
    "off": 13987,
    "sff": "axonal"
  },
  {
    "docID": "N228 Yazdani 2012",
    "et": "AxonalRegenerationTest",
    "off": 29204,
    "sff": "axonal regeneration"
  },
  {
    "docID": "N228 Yazdani 2012",
    "et": "ProteinLevelAnalysis",
    "off": 907,
    "sff": "level"
  },
  {
    "docID": "N228 Yazdani 2012",
    "et": "ProteinLevelAnalysis",
    "off": 9490,
    "sff": "level"
  },
  {
    "docID": "N228 Yazdani 2012",
    "et": "ProteinLevelAnalysis",
    "off": 9145,
    "sff": "protein"
  },
  {
    "docID": "N228 Yazdani 2012",
    "et": "ProteinLevelAnalysis",
    "off": 9812,
    "sff": "level"
  },
  {
    "docID": "N228 Yazdani 2012",
    "et": "ProteinLevelAnalysis",
    "off": 7751,
    "sff": "protein"
  },
  {
    "docID": "N228 Yazdani 2012",
    "et": "SpinalLesionSite",
    "off": 12667,
    "sff": "spinal"
  },
  {
    "docID": "N228 Yazdani 2012",
    "et": "SpinalLesionSite",
    "off": 2035,
    "sff": "Spinal"
  },
  {
    "docID": "N228 Yazdani 2012",
    "et": "SpinalLesionSite",
    "off": 24247,
    "sff": "spinal"
  },
  {
    "docID": "N228 Yazdani 2012",
    "et": "SpinalLesionSite",
    "off": 1029,
    "sff": "lesion"
  },
  {
    "docID": "N228 Yazdani 2012",
    "et": "SpinalLesionSite",
    "off": 756,
    "sff": "spinal"
  },
  {
    "docID": "N228 Yazdani 2012",
    "et": "SpinalLesionSite",
    "off": 23751,
    "sff": "lesion"
  },
  {
    "docID": "N228 Yazdani 2012",
    "et": "SpinalLesionSite",
    "off": 27123,
    "sff": "spinal"
  },
  {
    "docID": "N228 Yazdani 2012",
    "et": "SpinalLesionSite",
    "off": 9269,
    "sff": "spinal"
  },
  {
    "docID": "N228 Yazdani 2012",
    "et": "SpinalLesionSite",
    "off": 13579,
    "sff": "lesion"
  },
  {
    "docID": "N228 Yazdani 2012",
    "et": "SpinalLesionSite",
    "off": 10956,
    "sff": "lesion"
  },
  {
    "docID": "N228 Yazdani 2012",
    "et": "SpinalLesionSite",
    "off": 12780,
    "sff": "spinal"
  },
  {
    "docID": "N228 Yazdani 2012",
    "et": "SpinalLesionSite",
    "off": 30756,
    "sff": "spinal"
  },
  {
    "docID": "N228 Yazdani 2012",
    "et": "SpinalLesionSite",
    "off": 25367,
    "sff": "lesion"
  },
  {
    "docID": "N228 Yazdani 2012",
    "et": "SpinalLesionSite",
    "off": 13733,
    "sff": "spinal"
  },
  {
    "docID": "N228 Yazdani 2012",
    "et": "SpinalLesionSite",
    "off": 29344,
    "sff": "spinal"
  },
  {
    "docID": "N228 Yazdani 2012",
    "et": "SpinalLesionSite",
    "off": 9825,
    "sff": "spinal"
  },
  {
    "docID": "N228 Yazdani 2012",
    "et": "SpinalLesionSite",
    "off": 30300,
    "sff": "spinal"
  },
  {
    "docID": "N228 Yazdani 2012",
    "et": "SpinalLesionSite",
    "off": 11359,
    "sff": "lesion"
  },
  {
    "docID": "N228 Yazdani 2012",
    "et": "SpinalLesionSite",
    "off": 24859,
    "sff": "spinal"
  },
  {
    "docID": "N228 Yazdani 2012",
    "et": "SpinalLesionSite",
    "off": 27419,
    "sff": "spinal"
  },
  {
    "docID": "N228 Yazdani 2012",
    "et": "SpinalLesionSite",
    "off": 13789,
    "sff": "spinal"
  },
  {
    "docID": "N228 Yazdani 2012",
    "et": "SpinalLesionSite",
    "off": 19156,
    "sff": "spinal"
  },
  {
    "docID": "N228 Yazdani 2012",
    "et": "SpinalLesionSite",
    "off": 916,
    "sff": "spinal"
  },
  {
    "docID": "N228 Yazdani 2012",
    "et": "SpinalLesionSite",
    "off": 2966,
    "sff": "spinal"
  },
  {
    "docID": "N228 Yazdani 2012",
    "et": "SpinalLesionSite",
    "off": 25493,
    "sff": "spinal"
  },
  {
    "docID": "N228 Yazdani 2012",
    "et": "SpinalLesionSite",
    "off": 29456,
    "sff": "spinal"
  },
  {
    "docID": "N228 Yazdani 2012",
    "et": "SpinalLesionSite",
    "off": 1552,
    "sff": "spinal"
  },
  {
    "docID": "N228 Yazdani 2012",
    "et": "SpinalLesionSite",
    "off": 1996,
    "sff": "spinal"
  },
  {
    "docID": "N228 Yazdani 2012",
    "et": "SpinalLesionSite",
    "off": 25355,
    "sff": "spinal"
  },
  {
    "docID": "N228 Yazdani 2012",
    "et": "SpinalLesionSite",
    "off": 25995,
    "sff": "spinal"
  },
  {
    "docID": "N228 Yazdani 2012",
    "et": "SpinalLesionSite",
    "off": 23048,
    "sff": "spinal"
  },
  {
    "docID": "N228 Yazdani 2012",
    "et": "SpinalLesionSite",
    "off": 11359,
    "sff": "lesion site"
  },
  {
    "docID": "N228 Yazdani 2012",
    "et": "SpinalLesionSite",
    "off": 13385,
    "sff": "spinal"
  },
  {
    "docID": "N228 Yazdani 2012",
    "et": "SpinalLesionSite",
    "off": 9349,
    "sff": "spinal"
  },
  {
    "docID": "N228 Yazdani 2012",
    "et": "SpinalLesionSite",
    "off": 22917,
    "sff": "spinal"
  },
  {
    "docID": "N228 Yazdani 2012",
    "et": "SpinalLesionSite",
    "off": 4351,
    "sff": "spinal"
  },
  {
    "docID": "N228 Yazdani 2012",
    "et": "SpinalLesionSite",
    "off": 130,
    "sff": "spinal"
  },
  {
    "docID": "N228 Yazdani 2012",
    "et": "RubrospinalTract",
    "off": 29946,
    "sff": "rubrospinal"
  },
  {
    "docID": "N228 Yazdani 2012",
    "et": "RubrospinalTract",
    "off": 29839,
    "sff": "rubrospinal"
  },
  {
    "docID": "N228 Yazdani 2012",
    "et": "T3",
    "off": 12341,
    "sff": "T3"
  },
  {
    "docID": "N228 Yazdani 2012",
    "et": "Epidural",
    "off": 9714,
    "sff": "epidural"
  },
  {
    "docID": "N228 Yazdani 2012",
    "et": "T8",
    "off": 10787,
    "sff": "T8"
  },
  {
    "docID": "N228 Yazdani 2012",
    "et": "T8",
    "off": 901,
    "sff": "T8"
  },
  {
    "docID": "N228 Yazdani 2012",
    "et": "T8",
    "off": 9806,
    "sff": "T8"
  },
  {
    "docID": "N228 Yazdani 2012",
    "et": "T9",
    "off": 904,
    "sff": "T9"
  },
  {
    "docID": "N228 Yazdani 2012",
    "et": "T9",
    "off": 9809,
    "sff": "T9"
  },
  {
    "docID": "N228 Yazdani 2012",
    "et": "T9",
    "off": 10797,
    "sff": "T9"
  },
  {
    "docID": "N228 Yazdani 2012",
    "et": "LesionVolumeTest",
    "off": 1029,
    "sff": "lesion"
  },
  {
    "docID": "N228 Yazdani 2012",
    "et": "LesionVolumeTest",
    "off": 11359,
    "sff": "lesion"
  },
  {
    "docID": "N228 Yazdani 2012",
    "et": "LesionVolumeTest",
    "off": 10956,
    "sff": "lesion"
  },
  {
    "docID": "N228 Yazdani 2012",
    "et": "LesionVolumeTest",
    "off": 13579,
    "sff": "lesion"
  },
  {
    "docID": "N228 Yazdani 2012",
    "et": "LesionVolumeTest",
    "off": 23751,
    "sff": "lesion"
  },
  {
    "docID": "N228 Yazdani 2012",
    "et": "LesionVolumeTest",
    "off": 25367,
    "sff": "lesion"
  },
  {
    "docID": "N228 Yazdani 2012",
    "et": "SchwannCellChangesTest",
    "off": 4271,
    "sff": "schwann"
  },
  {
    "docID": "N228 Yazdani 2012",
    "et": "SchwannCellChangesTest",
    "off": 362,
    "sff": "Cell"
  },
  {
    "docID": "N228 Yazdani 2012",
    "et": "SchwannCellChangesTest",
    "off": 1969,
    "sff": "cell"
  },
  {
    "docID": "N228 Yazdani 2012",
    "et": "SchwannCellChangesTest",
    "off": 2998,
    "sff": "Cell"
  },
  {
    "docID": "N228 Yazdani 2012",
    "et": "SchwannCellChangesTest",
    "off": 20402,
    "sff": "cell"
  },
  {
    "docID": "N228 Yazdani 2012",
    "et": "SchwannCellChangesTest",
    "off": 20787,
    "sff": "cell"
  },
  {
    "docID": "N228 Yazdani 2012",
    "et": "SchwannCellChangesTest",
    "off": 14581,
    "sff": "cell"
  },
  {
    "docID": "N228 Yazdani 2012",
    "et": "SchwannCellChangesTest",
    "off": 29045,
    "sff": "cell"
  },
  {
    "docID": "N228 Yazdani 2012",
    "et": "SchwannCellChangesTest",
    "off": 26292,
    "sff": "schwann"
  },
  {
    "docID": "N228 Yazdani 2012",
    "et": "SchwannCellChangesTest",
    "off": 3098,
    "sff": "cell"
  },
  {
    "docID": "N228 Yazdani 2012",
    "et": "SchwannCellChangesTest",
    "off": 15323,
    "sff": "cell"
  },
  {
    "docID": "N228 Yazdani 2012",
    "et": "SchwannCellChangesTest",
    "off": 23071,
    "sff": "cell"
  },
  {
    "docID": "N228 Yazdani 2012",
    "et": "SchwannCellChangesTest",
    "off": 27935,
    "sff": "cell"
  },
  {
    "docID": "N228 Yazdani 2012",
    "et": "SchwannCellChangesTest",
    "off": 3849,
    "sff": "cell"
  },
  {
    "docID": "N228 Yazdani 2012",
    "et": "SchwannCellChangesTest",
    "off": 26378,
    "sff": "cell"
  },
  {
    "docID": "N228 Yazdani 2012",
    "et": "SchwannCellChangesTest",
    "off": 30729,
    "sff": "cell"
  },
  {
    "docID": "N228 Yazdani 2012",
    "et": "SchwannCellChangesTest",
    "off": 26830,
    "sff": "cell"
  },
  {
    "docID": "N228 Yazdani 2012",
    "et": "SchwannCellChangesTest",
    "off": 3663,
    "sff": "cell"
  },
  {
    "docID": "N228 Yazdani 2012",
    "et": "SchwannCellChangesTest",
    "off": 17616,
    "sff": "cell"
  },
  {
    "docID": "N228 Yazdani 2012",
    "et": "SchwannCellChangesTest",
    "off": 3221,
    "sff": "cell"
  },
  {
    "docID": "N228 Yazdani 2012",
    "et": "SchwannCellChangesTest",
    "off": 7062,
    "sff": "cell"
  },
  {
    "docID": "N228 Yazdani 2012",
    "et": "SchwannCellChangesTest",
    "off": 17239,
    "sff": "cell"
  },
  {
    "docID": "N228 Yazdani 2012",
    "et": "SchwannCellChangesTest",
    "off": 24020,
    "sff": "Cell"
  },
  {
    "docID": "N228 Yazdani 2012",
    "et": "SchwannCellChangesTest",
    "off": 30616,
    "sff": "cell"
  },
  {
    "docID": "N228 Yazdani 2012",
    "et": "SchwannCellChangesTest",
    "off": 25405,
    "sff": "schwann"
  },
  {
    "docID": "N228 Yazdani 2012",
    "et": "SchwannCellChangesTest",
    "off": 18235,
    "sff": "cell"
  },
  {
    "docID": "N228 Yazdani 2012",
    "et": "SchwannCellChangesTest",
    "off": 11966,
    "sff": "cell"
  },
  {
    "docID": "N228 Yazdani 2012",
    "et": "SchwannCellChangesTest",
    "off": 18307,
    "sff": "cell"
  },
  {
    "docID": "N228 Yazdani 2012",
    "et": "MotorNeurons",
    "off": 18959,
    "sff": "motor"
  },
  {
    "docID": "N228 Yazdani 2012",
    "et": "MotorNeurons",
    "off": 15488,
    "sff": "motor"
  },
  {
    "docID": "N228 Yazdani 2012",
    "et": "MotorNeurons",
    "off": 22788,
    "sff": "motor"
  },
  {
    "docID": "N228 Yazdani 2012",
    "et": "MotorNeurons",
    "off": 11799,
    "sff": "motor"
  },
  {
    "docID": "N228 Yazdani 2012",
    "et": "FunctionalTest",
    "off": 27377,
    "sff": "functional"
  },
  {
    "docID": "N228 Yazdani 2012",
    "et": "FunctionalTest",
    "off": 24163,
    "sff": "functional"
  },
  {
    "docID": "N228 Yazdani 2012",
    "et": "FunctionalTest",
    "off": 27891,
    "sff": "functional"
  },
  {
    "docID": "N228 Yazdani 2012",
    "et": "FunctionalTest",
    "off": 26194,
    "sff": "functional"
  },
  {
    "docID": "N228 Yazdani 2012",
    "et": "FunctionalTest",
    "off": 24093,
    "sff": "functional"
  },
  {
    "docID": "N228 Yazdani 2012",
    "et": "FunctionalTest",
    "off": 28446,
    "sff": "functional"
  },
  {
    "docID": "N228 Yazdani 2012",
    "et": "FunctionalTest",
    "off": 19450,
    "sff": "functional"
  },
  {
    "docID": "N228 Yazdani 2012",
    "et": "FunctionalTest",
    "off": 18842,
    "sff": "Functional"
  },
  {
    "docID": "N228 Yazdani 2012",
    "et": "FunctionalTest",
    "off": 28390,
    "sff": "functional"
  },
  {
    "docID": "N228 Yazdani 2012",
    "et": "Perpendicular",
    "off": 11070,
    "sff": "perpendicular"
  },
  {
    "docID": "N228 Yazdani 2012",
    "et": "GaleRatingScoreTest",
    "off": 11874,
    "sff": "rating"
  },
  {
    "docID": "N228 Yazdani 2012",
    "et": "GaleRatingScoreTest",
    "off": 11992,
    "sff": "rating"
  },
  {
    "docID": "N228 Yazdani 2012",
    "et": "SecondaryDegenerationTest",
    "off": 9211,
    "sff": "secondary"
  },
  {
    "docID": "N228 Yazdani 2012",
    "et": "SecondaryDegenerationTest",
    "off": 21068,
    "sff": "secondary"
  },
  {
    "docID": "N228 Yazdani 2012",
    "et": "SecondaryDegenerationTest",
    "off": 14156,
    "sff": "secondary"
  },
  {
    "docID": "N228 Yazdani 2012",
    "et": "SecondaryDegenerationTest",
    "off": 2679,
    "sff": "secondary"
  },
  {
    "docID": "N228 Yazdani 2012",
    "et": "StepError",
    "off": 19793,
    "sff": "step"
  },
  {
    "docID": "N228 Yazdani 2012",
    "et": "TreatmentSite",
    "off": 473,
    "sff": "treatment"
  },
  {
    "docID": "N228 Yazdani 2012",
    "et": "TreatmentSite",
    "off": 20792,
    "sff": "treatment"
  },
  {
    "docID": "N228 Yazdani 2012",
    "et": "SpinalCord",
    "off": 1552,
    "sff": "spinal cord"
  },
  {
    "docID": "N228 Yazdani 2012",
    "et": "SpinalCord",
    "off": 1996,
    "sff": "spinal cord"
  },
  {
    "docID": "N228 Yazdani 2012",
    "et": "SpinalCord",
    "off": 25355,
    "sff": "spinal cord"
  },
  {
    "docID": "N228 Yazdani 2012",
    "et": "SpinalCord",
    "off": 25995,
    "sff": "spinal cord"
  },
  {
    "docID": "N228 Yazdani 2012",
    "et": "SpinalCord",
    "off": 13385,
    "sff": "spinal cord"
  },
  {
    "docID": "N228 Yazdani 2012",
    "et": "SpinalCord",
    "off": 9349,
    "sff": "spinal"
  },
  {
    "docID": "N228 Yazdani 2012",
    "et": "SpinalCord",
    "off": 22917,
    "sff": "spinal"
  },
  {
    "docID": "N228 Yazdani 2012",
    "et": "SpinalCord",
    "off": 9825,
    "sff": "spinal cord"
  },
  {
    "docID": "N228 Yazdani 2012",
    "et": "SpinalCord",
    "off": 30300,
    "sff": "spinal cord"
  },
  {
    "docID": "N228 Yazdani 2012",
    "et": "SpinalCord",
    "off": 13789,
    "sff": "spinal cord"
  },
  {
    "docID": "N228 Yazdani 2012",
    "et": "SpinalCord",
    "off": 27123,
    "sff": "spinal"
  },
  {
    "docID": "N228 Yazdani 2012",
    "et": "SpinalCord",
    "off": 27419,
    "sff": "spinal cord"
  },
  {
    "docID": "N228 Yazdani 2012",
    "et": "SpinalCord",
    "off": 916,
    "sff": "spinal cord"
  },
  {
    "docID": "N228 Yazdani 2012",
    "et": "SpinalCord",
    "off": 19156,
    "sff": "spinal cord"
  },
  {
    "docID": "N228 Yazdani 2012",
    "et": "SpinalCord",
    "off": 25493,
    "sff": "spinal cord"
  },
  {
    "docID": "N228 Yazdani 2012",
    "et": "SpinalCord",
    "off": 24859,
    "sff": "spinal"
  },
  {
    "docID": "N228 Yazdani 2012",
    "et": "SpinalCord",
    "off": 2035,
    "sff": "Spinal cord"
  },
  {
    "docID": "N228 Yazdani 2012",
    "et": "SpinalCord",
    "off": 12780,
    "sff": "spinal cord"
  },
  {
    "docID": "N228 Yazdani 2012",
    "et": "SpinalCord",
    "off": 29344,
    "sff": "spinal"
  },
  {
    "docID": "N228 Yazdani 2012",
    "et": "SpinalCord",
    "off": 30756,
    "sff": "spinal cord"
  },
  {
    "docID": "N228 Yazdani 2012",
    "et": "SpinalCord",
    "off": 13733,
    "sff": "spinal cord"
  },
  {
    "docID": "N228 Yazdani 2012",
    "et": "SpinalCord",
    "off": 130,
    "sff": "spinal cord"
  },
  {
    "docID": "N228 Yazdani 2012",
    "et": "SpinalCord",
    "off": 23048,
    "sff": "spinal"
  },
  {
    "docID": "N228 Yazdani 2012",
    "et": "SpinalCord",
    "off": 4351,
    "sff": "spinal cord"
  },
  {
    "docID": "N228 Yazdani 2012",
    "et": "SpinalCord",
    "off": 12667,
    "sff": "spinal cord"
  },
  {
    "docID": "N228 Yazdani 2012",
    "et": "SpinalCord",
    "off": 29456,
    "sff": "spinal"
  },
  {
    "docID": "N228 Yazdani 2012",
    "et": "SpinalCord",
    "off": 2966,
    "sff": "spinal"
  },
  {
    "docID": "N228 Yazdani 2012",
    "et": "SpinalCord",
    "off": 24247,
    "sff": "spinal cord"
  },
  {
    "docID": "N228 Yazdani 2012",
    "et": "SpinalCord",
    "off": 756,
    "sff": "spinal cord"
  },
  {
    "docID": "N228 Yazdani 2012",
    "et": "SpinalCord",
    "off": 9269,
    "sff": "spinal cord"
  },
  {
    "docID": "N228 Yazdani 2012",
    "et": "LesionAdjacentTissue",
    "off": 23751,
    "sff": "lesion"
  },
  {
    "docID": "N228 Yazdani 2012",
    "et": "LesionAdjacentTissue",
    "off": 25367,
    "sff": "lesion"
  },
  {
    "docID": "N228 Yazdani 2012",
    "et": "LesionAdjacentTissue",
    "off": 1029,
    "sff": "lesion"
  },
  {
    "docID": "N228 Yazdani 2012",
    "et": "LesionAdjacentTissue",
    "off": 13579,
    "sff": "lesion"
  },
  {
    "docID": "N228 Yazdani 2012",
    "et": "LesionAdjacentTissue",
    "off": 10956,
    "sff": "lesion"
  },
  {
    "docID": "N228 Yazdani 2012",
    "et": "LesionAdjacentTissue",
    "off": 11359,
    "sff": "lesion"
  },
  {
    "docID": "N228 Yazdani 2012",
    "et": "GaitPawRotation",
    "off": 12064,
    "sff": "gait"
  },
  {
    "docID": "N228 Yazdani 2012",
    "et": "ContactPlacingResponseTest",
    "off": 18379,
    "sff": "contact"
  },
  {
    "docID": "N228 Yazdani 2012",
    "et": "CentralNervousSystem",
    "off": 23807,
    "sff": "central"
  },
  {
    "docID": "N228 Yazdani 2012",
    "et": "CentralNervousSystem",
    "off": 2472,
    "sff": "nervous"
  },
  {
    "docID": "N228 Yazdani 2012",
    "et": "CentralNervousSystem",
    "off": 24705,
    "sff": "central nervous"
  },
  {
    "docID": "N228 Yazdani 2012",
    "et": "CentralNervousSystem",
    "off": 2498,
    "sff": "central nervous"
  },
  {
    "docID": "N228 Yazdani 2012",
    "et": "CentralNervousSystem",
    "off": 556,
    "sff": "central"
  },
  {
    "docID": "N228 Yazdani 2012",
    "et": "CentralNervousSystem",
    "off": 2498,
    "sff": "central nervous system"
  },
  {
    "docID": "N228 Yazdani 2012",
    "et": "CentralNervousSystem",
    "off": 2472,
    "sff": "nervous system"
  },
  {
    "docID": "N228 Yazdani 2012",
    "et": "CentralNervousSystem",
    "off": 579,
    "sff": "nervous system"
  },
  {
    "docID": "N228 Yazdani 2012",
    "et": "CentralNervousSystem",
    "off": 24705,
    "sff": "central nervous system"
  },
  {
    "docID": "N228 Yazdani 2012",
    "et": "CentralNervousSystem",
    "off": 579,
    "sff": "nervous"
  },
  {
    "docID": "N228 Yazdani 2012",
    "et": "StainingLength",
    "off": 15017,
    "sff": "staining"
  },
  {
    "docID": "N228 Yazdani 2012",
    "et": "StainingLength",
    "off": 17996,
    "sff": "staining"
  },
  {
    "docID": "N228 Yazdani 2012",
    "et": "StainingLength",
    "off": 21280,
    "sff": "staining"
  },
  {
    "docID": "N228 Yazdani 2012",
    "et": "StainingLength",
    "off": 7619,
    "sff": "staining"
  },
  {
    "docID": "N228 Yazdani 2012",
    "et": "StainingLength",
    "off": 13428,
    "sff": "staining"
  },
  {
    "docID": "N228 Yazdani 2012",
    "et": "StainingDensity",
    "off": 13428,
    "sff": "staining"
  },
  {
    "docID": "N228 Yazdani 2012",
    "et": "StainingDensity",
    "off": 7619,
    "sff": "staining"
  },
  {
    "docID": "N228 Yazdani 2012",
    "et": "StainingDensity",
    "off": 21280,
    "sff": "staining"
  },
  {
    "docID": "N228 Yazdani 2012",
    "et": "StainingDensity",
    "off": 17996,
    "sff": "staining"
  },
  {
    "docID": "N228 Yazdani 2012",
    "et": "StainingDensity",
    "off": 15017,
    "sff": "staining"
  },
  {
    "docID": "N228 Yazdani 2012",
    "et": "NeuroprotectionTest",
    "off": 24575,
    "sff": "neuroprotection"
  },
  {
    "docID": "N228 Yazdani 2012",
    "et": "NeuroprotectionTest",
    "off": 4741,
    "sff": "neuroprotection"
  },
  {
    "docID": "N228 Yazdani 2012",
    "et": "NeuroprotectionTest",
    "off": 29915,
    "sff": "neuroprotection"
  },
  {
    "docID": "N228 Yazdani 2012",
    "et": "BBBSubscoreTest",
    "off": 20010,
    "sff": "BBB"
  },
  {
    "docID": "N228 Yazdani 2012",
    "et": "BBBSubscoreTest",
    "off": 15528,
    "sff": "BBB"
  },
  {
    "docID": "N228 Yazdani 2012",
    "et": "BBBSubscoreTest",
    "off": 18918,
    "sff": "BBB"
  },
  {
    "docID": "N228 Yazdani 2012",
    "et": "BBBSubscoreTest",
    "off": 19255,
    "sff": "BBB"
  },
  {
    "docID": "N228 Yazdani 2012",
    "et": "BBBSubscoreTest",
    "off": 11988,
    "sff": "BBB"
  },
  {
    "docID": "N228 Yazdani 2012",
    "et": "BBBSubscoreTest",
    "off": 15682,
    "sff": "BBB"
  },
  {
    "docID": "N228 Yazdani 2012",
    "et": "BBBSubscoreTest",
    "off": 1123,
    "sff": "BBB"
  },
  {
    "docID": "N228 Yazdani 2012",
    "et": "BBBSubscoreTest",
    "off": 11859,
    "sff": "BBB"
  },
  {
    "docID": "N228 Yazdani 2012",
    "et": "BBBSubscoreTest",
    "off": 28835,
    "sff": "BBB"
  },
  {
    "docID": "N228 Yazdani 2012",
    "et": "AxonalDamageTest",
    "off": 21704,
    "sff": "axonal"
  },
  {
    "docID": "N228 Yazdani 2012",
    "et": "AxonalDamageTest",
    "off": 24328,
    "sff": "axonal"
  },
  {
    "docID": "N228 Yazdani 2012",
    "et": "AxonalDamageTest",
    "off": 28024,
    "sff": "axonal"
  },
  {
    "docID": "N228 Yazdani 2012",
    "et": "AxonalDamageTest",
    "off": 27865,
    "sff": "axonal"
  },
  {
    "docID": "N228 Yazdani 2012",
    "et": "AxonalDamageTest",
    "off": 1332,
    "sff": "axonal"
  },
  {
    "docID": "N228 Yazdani 2012",
    "et": "AxonalDamageTest",
    "off": 29204,
    "sff": "axonal"
  },
  {
    "docID": "N228 Yazdani 2012",
    "et": "AxonalDamageTest",
    "off": 13987,
    "sff": "axonal"
  },
  {
    "docID": "N228 Yazdani 2012",
    "et": "AxonalDamageTest",
    "off": 24646,
    "sff": "axonal"
  },
  {
    "docID": "N228 Yazdani 2012",
    "et": "AxonalDamageTest",
    "off": 29164,
    "sff": "axonal"
  },
  {
    "docID": "N228 Yazdani 2012",
    "et": "AxonalDamageTest",
    "off": 21621,
    "sff": "Axonal"
  },
  {
    "docID": "N228 Yazdani 2012",
    "et": "AxonalDamageTest",
    "off": 22747,
    "sff": "axonal"
  },
  {
    "docID": "N228 Yazdani 2012",
    "et": "HistologicalInvestigationParameter",
    "off": 1890,
    "sff": "histological"
  },
  {
    "docID": "N228 Yazdani 2012",
    "et": "HistologicalInvestigationParameter",
    "off": 1479,
    "sff": "histological"
  },
  {
    "docID": "N228 Yazdani 2012",
    "et": "HistologicalInvestigationParameter",
    "off": 12429,
    "sff": "Histological"
  },
  {
    "docID": "N228 Yazdani 2012",
    "et": "HistologicalInvestigationParameter",
    "off": 24076,
    "sff": "histological"
  },
  {
    "docID": "N228 Yazdani 2012",
    "et": "HistologicalInvestigationParameter",
    "off": 1197,
    "sff": "histological"
  },
  {
    "docID": "N228 Yazdani 2012",
    "et": "HistologicalInvestigationParameter",
    "off": 798,
    "sff": "histological"
  },
  {
    "docID": "N228 Yazdani 2012",
    "et": "HistologicalInvestigationParameter",
    "off": 22190,
    "sff": "histological"
  },
  {
    "docID": "N228 Yazdani 2012",
    "et": "SpinalCentralPart",
    "off": 130,
    "sff": "spinal"
  },
  {
    "docID": "N228 Yazdani 2012",
    "et": "SpinalCentralPart",
    "off": 9349,
    "sff": "spinal"
  },
  {
    "docID": "N228 Yazdani 2012",
    "et": "SpinalCentralPart",
    "off": 22917,
    "sff": "spinal"
  },
  {
    "docID": "N228 Yazdani 2012",
    "et": "SpinalCentralPart",
    "off": 12667,
    "sff": "spinal"
  },
  {
    "docID": "N228 Yazdani 2012",
    "et": "SpinalCentralPart",
    "off": 4351,
    "sff": "spinal"
  },
  {
    "docID": "N228 Yazdani 2012",
    "et": "SpinalCentralPart",
    "off": 1552,
    "sff": "spinal"
  },
  {
    "docID": "N228 Yazdani 2012",
    "et": "SpinalCentralPart",
    "off": 29456,
    "sff": "spinal"
  },
  {
    "docID": "N228 Yazdani 2012",
    "et": "SpinalCentralPart",
    "off": 2966,
    "sff": "spinal"
  },
  {
    "docID": "N228 Yazdani 2012",
    "et": "SpinalCentralPart",
    "off": 25493,
    "sff": "spinal"
  },
  {
    "docID": "N228 Yazdani 2012",
    "et": "SpinalCentralPart",
    "off": 916,
    "sff": "spinal"
  },
  {
    "docID": "N228 Yazdani 2012",
    "et": "SpinalCentralPart",
    "off": 19156,
    "sff": "spinal"
  },
  {
    "docID": "N228 Yazdani 2012",
    "et": "SpinalCentralPart",
    "off": 25355,
    "sff": "spinal"
  },
  {
    "docID": "N228 Yazdani 2012",
    "et": "SpinalCentralPart",
    "off": 25995,
    "sff": "spinal"
  },
  {
    "docID": "N228 Yazdani 2012",
    "et": "SpinalCentralPart",
    "off": 13385,
    "sff": "spinal"
  },
  {
    "docID": "N228 Yazdani 2012",
    "et": "SpinalCentralPart",
    "off": 23048,
    "sff": "spinal"
  },
  {
    "docID": "N228 Yazdani 2012",
    "et": "SpinalCentralPart",
    "off": 556,
    "sff": "central"
  },
  {
    "docID": "N228 Yazdani 2012",
    "et": "SpinalCentralPart",
    "off": 1996,
    "sff": "spinal"
  },
  {
    "docID": "N228 Yazdani 2012",
    "et": "SpinalCentralPart",
    "off": 9825,
    "sff": "spinal"
  },
  {
    "docID": "N228 Yazdani 2012",
    "et": "SpinalCentralPart",
    "off": 29344,
    "sff": "spinal"
  },
  {
    "docID": "N228 Yazdani 2012",
    "et": "SpinalCentralPart",
    "off": 13733,
    "sff": "spinal"
  },
  {
    "docID": "N228 Yazdani 2012",
    "et": "SpinalCentralPart",
    "off": 30756,
    "sff": "spinal"
  },
  {
    "docID": "N228 Yazdani 2012",
    "et": "SpinalCentralPart",
    "off": 24859,
    "sff": "spinal"
  },
  {
    "docID": "N228 Yazdani 2012",
    "et": "SpinalCentralPart",
    "off": 27419,
    "sff": "spinal"
  },
  {
    "docID": "N228 Yazdani 2012",
    "et": "SpinalCentralPart",
    "off": 23807,
    "sff": "central"
  },
  {
    "docID": "N228 Yazdani 2012",
    "et": "SpinalCentralPart",
    "off": 13789,
    "sff": "spinal"
  },
  {
    "docID": "N228 Yazdani 2012",
    "et": "SpinalCentralPart",
    "off": 30300,
    "sff": "spinal"
  },
  {
    "docID": "N228 Yazdani 2012",
    "et": "SpinalCentralPart",
    "off": 27123,
    "sff": "spinal"
  },
  {
    "docID": "N228 Yazdani 2012",
    "et": "SpinalCentralPart",
    "off": 2498,
    "sff": "central"
  },
  {
    "docID": "N228 Yazdani 2012",
    "et": "SpinalCentralPart",
    "off": 24705,
    "sff": "central"
  },
  {
    "docID": "N228 Yazdani 2012",
    "et": "SpinalCentralPart",
    "off": 24247,
    "sff": "spinal"
  },
  {
    "docID": "N228 Yazdani 2012",
    "et": "SpinalCentralPart",
    "off": 9269,
    "sff": "spinal"
  },
  {
    "docID": "N228 Yazdani 2012",
    "et": "SpinalCentralPart",
    "off": 756,
    "sff": "spinal"
  },
  {
    "docID": "N228 Yazdani 2012",
    "et": "SpinalCentralPart",
    "off": 2035,
    "sff": "Spinal"
  },
  {
    "docID": "N228 Yazdani 2012",
    "et": "SpinalCentralPart",
    "off": 12780,
    "sff": "spinal"
  },
  {
    "docID": "N228 Yazdani 2012",
    "et": "ManualDexterityTest",
    "off": 10071,
    "sff": "Manual"
  },
  {
    "docID": "N228 Yazdani 2012",
    "et": "CatWalkBasedBBB",
    "off": 19507,
    "sff": "walk"
  },
  {
    "docID": "N228 Yazdani 2012",
    "et": "ElectrophysiologicalAmplitude",
    "off": 27662,
    "sff": "electrophysiological"
  },
  {
    "docID": "N228 Yazdani 2012",
    "et": "ElectrophysiologicalAmplitude",
    "off": 26487,
    "sff": "electrophysiological"
  },
  {
    "docID": "N228 Yazdani 2012",
    "et": "AxonalDiebackTest",
    "off": 22747,
    "sff": "axonal"
  },
  {
    "docID": "N228 Yazdani 2012",
    "et": "AxonalDiebackTest",
    "off": 29164,
    "sff": "axonal"
  },
  {
    "docID": "N228 Yazdani 2012",
    "et": "AxonalDiebackTest",
    "off": 21621,
    "sff": "Axonal"
  },
  {
    "docID": "N228 Yazdani 2012",
    "et": "AxonalDiebackTest",
    "off": 27865,
    "sff": "axonal"
  },
  {
    "docID": "N228 Yazdani 2012",
    "et": "AxonalDiebackTest",
    "off": 13987,
    "sff": "axonal"
  },
  {
    "docID": "N228 Yazdani 2012",
    "et": "AxonalDiebackTest",
    "off": 29204,
    "sff": "axonal"
  },
  {
    "docID": "N228 Yazdani 2012",
    "et": "AxonalDiebackTest",
    "off": 1332,
    "sff": "axonal"
  },
  {
    "docID": "N228 Yazdani 2012",
    "et": "AxonalDiebackTest",
    "off": 21704,
    "sff": "axonal"
  },
  {
    "docID": "N228 Yazdani 2012",
    "et": "AxonalDiebackTest",
    "off": 24328,
    "sff": "axonal"
  },
  {
    "docID": "N228 Yazdani 2012",
    "et": "AxonalDiebackTest",
    "off": 28024,
    "sff": "axonal"
  },
  {
    "docID": "N228 Yazdani 2012",
    "et": "AxonalDiebackTest",
    "off": 24646,
    "sff": "axonal"
  },
  {
    "docID": "N228 Yazdani 2012",
    "et": "NonNeuronalCellChangesTest",
    "off": 26601,
    "sff": "neuronal"
  },
  {
    "docID": "N228 Yazdani 2012",
    "et": "NonNeuronalCellChangesTest",
    "off": 22556,
    "sff": "non"
  },
  {
    "docID": "N228 Yazdani 2012",
    "et": "NonNeuronalCellChangesTest",
    "off": 18768,
    "sff": "neuronal"
  },
  {
    "docID": "N228 Yazdani 2012",
    "et": "NonNeuronalCellChangesTest",
    "off": 27614,
    "sff": "neuronal"
  },
  {
    "docID": "N228 Yazdani 2012",
    "et": "SpinalCordStump",
    "off": 13733,
    "sff": "spinal cord"
  },
  {
    "docID": "N228 Yazdani 2012",
    "et": "SpinalCordStump",
    "off": 29456,
    "sff": "spinal"
  },
  {
    "docID": "N228 Yazdani 2012",
    "et": "SpinalCordStump",
    "off": 12780,
    "sff": "spinal cord"
  },
  {
    "docID": "N228 Yazdani 2012",
    "et": "SpinalCordStump",
    "off": 2966,
    "sff": "spinal"
  },
  {
    "docID": "N228 Yazdani 2012",
    "et": "SpinalCordStump",
    "off": 756,
    "sff": "spinal cord"
  },
  {
    "docID": "N228 Yazdani 2012",
    "et": "SpinalCordStump",
    "off": 2035,
    "sff": "Spinal cord"
  },
  {
    "docID": "N228 Yazdani 2012",
    "et": "SpinalCordStump",
    "off": 24247,
    "sff": "spinal cord"
  },
  {
    "docID": "N228 Yazdani 2012",
    "et": "SpinalCordStump",
    "off": 9269,
    "sff": "spinal cord"
  },
  {
    "docID": "N228 Yazdani 2012",
    "et": "SpinalCordStump",
    "off": 29344,
    "sff": "spinal"
  },
  {
    "docID": "N228 Yazdani 2012",
    "et": "SpinalCordStump",
    "off": 24859,
    "sff": "spinal"
  },
  {
    "docID": "N228 Yazdani 2012",
    "et": "SpinalCordStump",
    "off": 12667,
    "sff": "spinal cord"
  },
  {
    "docID": "N228 Yazdani 2012",
    "et": "SpinalCordStump",
    "off": 4351,
    "sff": "spinal cord"
  },
  {
    "docID": "N228 Yazdani 2012",
    "et": "SpinalCordStump",
    "off": 130,
    "sff": "spinal cord"
  },
  {
    "docID": "N228 Yazdani 2012",
    "et": "SpinalCordStump",
    "off": 25355,
    "sff": "spinal cord"
  },
  {
    "docID": "N228 Yazdani 2012",
    "et": "SpinalCordStump",
    "off": 25995,
    "sff": "spinal cord"
  },
  {
    "docID": "N228 Yazdani 2012",
    "et": "SpinalCordStump",
    "off": 13385,
    "sff": "spinal cord"
  },
  {
    "docID": "N228 Yazdani 2012",
    "et": "SpinalCordStump",
    "off": 1996,
    "sff": "spinal cord"
  },
  {
    "docID": "N228 Yazdani 2012",
    "et": "SpinalCordStump",
    "off": 1552,
    "sff": "spinal cord"
  },
  {
    "docID": "N228 Yazdani 2012",
    "et": "SpinalCordStump",
    "off": 27123,
    "sff": "spinal"
  },
  {
    "docID": "N228 Yazdani 2012",
    "et": "SpinalCordStump",
    "off": 19156,
    "sff": "spinal cord"
  },
  {
    "docID": "N228 Yazdani 2012",
    "et": "SpinalCordStump",
    "off": 916,
    "sff": "spinal cord"
  },
  {
    "docID": "N228 Yazdani 2012",
    "et": "SpinalCordStump",
    "off": 25493,
    "sff": "spinal cord"
  },
  {
    "docID": "N228 Yazdani 2012",
    "et": "SpinalCordStump",
    "off": 27419,
    "sff": "spinal cord"
  },
  {
    "docID": "N228 Yazdani 2012",
    "et": "SpinalCordStump",
    "off": 30300,
    "sff": "spinal cord"
  },
  {
    "docID": "N228 Yazdani 2012",
    "et": "SpinalCordStump",
    "off": 9349,
    "sff": "spinal"
  },
  {
    "docID": "N228 Yazdani 2012",
    "et": "SpinalCordStump",
    "off": 13789,
    "sff": "spinal cord"
  },
  {
    "docID": "N228 Yazdani 2012",
    "et": "SpinalCordStump",
    "off": 22917,
    "sff": "spinal"
  },
  {
    "docID": "N228 Yazdani 2012",
    "et": "SpinalCordStump",
    "off": 23048,
    "sff": "spinal"
  },
  {
    "docID": "N228 Yazdani 2012",
    "et": "SpinalCordStump",
    "off": 9825,
    "sff": "spinal cord"
  },
  {
    "docID": "N228 Yazdani 2012",
    "et": "SpinalCordStump",
    "off": 30756,
    "sff": "spinal cord"
  },
  {
    "docID": "N228 Yazdani 2012",
    "et": "MotorEvokedPotentialsTest",
    "off": 22788,
    "sff": "motor"
  },
  {
    "docID": "N228 Yazdani 2012",
    "et": "MotorEvokedPotentialsTest",
    "off": 15488,
    "sff": "motor"
  },
  {
    "docID": "N228 Yazdani 2012",
    "et": "MotorEvokedPotentialsTest",
    "off": 18959,
    "sff": "motor"
  },
  {
    "docID": "N228 Yazdani 2012",
    "et": "MotorEvokedPotentialsTest",
    "off": 11799,
    "sff": "motor"
  },
  {
    "docID": "N228 Yazdani 2012",
    "et": "Brain",
    "off": 26242,
    "sff": "brain"
  },
  {
    "docID": "N228 Yazdani 2012",
    "et": "HReflexTest",
    "off": 10138,
    "sff": "reflex"
  },
  {
    "docID": "N228 Yazdani 2012",
    "et": "AscendingFiberTract",
    "off": 5478,
    "sff": "fiber"
  },
  {
    "docID": "N228 Yazdani 2012",
    "et": "AscendingFiberTract",
    "off": 5229,
    "sff": "fiber"
  },
  {
    "docID": "N228 Yazdani 2012",
    "et": "SpinalWhiteMatter",
    "off": 4351,
    "sff": "spinal"
  },
  {
    "docID": "N228 Yazdani 2012",
    "et": "SpinalWhiteMatter",
    "off": 12667,
    "sff": "spinal"
  },
  {
    "docID": "N228 Yazdani 2012",
    "et": "SpinalWhiteMatter",
    "off": 2035,
    "sff": "Spinal"
  },
  {
    "docID": "N228 Yazdani 2012",
    "et": "SpinalWhiteMatter",
    "off": 23048,
    "sff": "spinal"
  },
  {
    "docID": "N228 Yazdani 2012",
    "et": "SpinalWhiteMatter",
    "off": 130,
    "sff": "spinal"
  },
  {
    "docID": "N228 Yazdani 2012",
    "et": "SpinalWhiteMatter",
    "off": 13385,
    "sff": "spinal"
  },
  {
    "docID": "N228 Yazdani 2012",
    "et": "SpinalWhiteMatter",
    "off": 9349,
    "sff": "spinal"
  },
  {
    "docID": "N228 Yazdani 2012",
    "et": "SpinalWhiteMatter",
    "off": 22917,
    "sff": "spinal"
  },
  {
    "docID": "N228 Yazdani 2012",
    "et": "SpinalWhiteMatter",
    "off": 29456,
    "sff": "spinal"
  },
  {
    "docID": "N228 Yazdani 2012",
    "et": "SpinalWhiteMatter",
    "off": 1552,
    "sff": "spinal"
  },
  {
    "docID": "N228 Yazdani 2012",
    "et": "SpinalWhiteMatter",
    "off": 25355,
    "sff": "spinal"
  },
  {
    "docID": "N228 Yazdani 2012",
    "et": "SpinalWhiteMatter",
    "off": 25995,
    "sff": "spinal"
  },
  {
    "docID": "N228 Yazdani 2012",
    "et": "SpinalWhiteMatter",
    "off": 1996,
    "sff": "spinal"
  },
  {
    "docID": "N228 Yazdani 2012",
    "et": "SpinalWhiteMatter",
    "off": 2966,
    "sff": "spinal"
  },
  {
    "docID": "N228 Yazdani 2012",
    "et": "SpinalWhiteMatter",
    "off": 916,
    "sff": "spinal"
  },
  {
    "docID": "N228 Yazdani 2012",
    "et": "SpinalWhiteMatter",
    "off": 19156,
    "sff": "spinal"
  },
  {
    "docID": "N228 Yazdani 2012",
    "et": "SpinalWhiteMatter",
    "off": 25493,
    "sff": "spinal"
  },
  {
    "docID": "N228 Yazdani 2012",
    "et": "SpinalWhiteMatter",
    "off": 29344,
    "sff": "spinal"
  },
  {
    "docID": "N228 Yazdani 2012",
    "et": "SpinalWhiteMatter",
    "off": 9825,
    "sff": "spinal"
  },
  {
    "docID": "N228 Yazdani 2012",
    "et": "SpinalWhiteMatter",
    "off": 24859,
    "sff": "spinal"
  },
  {
    "docID": "N228 Yazdani 2012",
    "et": "SpinalWhiteMatter",
    "off": 27419,
    "sff": "spinal"
  },
  {
    "docID": "N228 Yazdani 2012",
    "et": "SpinalWhiteMatter",
    "off": 30300,
    "sff": "spinal"
  },
  {
    "docID": "N228 Yazdani 2012",
    "et": "SpinalWhiteMatter",
    "off": 13789,
    "sff": "spinal"
  },
  {
    "docID": "N228 Yazdani 2012",
    "et": "SpinalWhiteMatter",
    "off": 30756,
    "sff": "spinal"
  },
  {
    "docID": "N228 Yazdani 2012",
    "et": "SpinalWhiteMatter",
    "off": 13733,
    "sff": "spinal"
  },
  {
    "docID": "N228 Yazdani 2012",
    "et": "SpinalWhiteMatter",
    "off": 12780,
    "sff": "spinal"
  },
  {
    "docID": "N228 Yazdani 2012",
    "et": "SpinalWhiteMatter",
    "off": 756,
    "sff": "spinal"
  },
  {
    "docID": "N228 Yazdani 2012",
    "et": "SpinalWhiteMatter",
    "off": 24247,
    "sff": "spinal"
  },
  {
    "docID": "N228 Yazdani 2012",
    "et": "SpinalWhiteMatter",
    "off": 27123,
    "sff": "spinal"
  },
  {
    "docID": "N228 Yazdani 2012",
    "et": "SpinalWhiteMatter",
    "off": 9269,
    "sff": "spinal"
  },
  {
    "docID": "N228 Yazdani 2012",
    "et": "ScarringTest",
    "off": 23874,
    "sff": "scarring"
  },
  {
    "docID": "N228 Yazdani 2012",
    "et": "GaitCoordination",
    "off": 12064,
    "sff": "gait"
  },
  {
    "docID": "N228 Yazdani 2012",
    "et": "BladderFunctionTest",
    "off": 10078,
    "sff": "bladder"
  },
  {
    "docID": "N228 Yazdani 2012",
    "et": "BladderFunctionTest",
    "off": 10145,
    "sff": "bladder"
  },
  {
    "docID": "N228 Yazdani 2012",
    "et": "BodyWeightExamination",
    "off": 6382,
    "sff": "weight"
  },
  {
    "docID": "N228 Yazdani 2012",
    "et": "BodyWeightExamination",
    "off": 23209,
    "sff": "weight"
  },
  {
    "docID": "N228 Yazdani 2012",
    "et": "BodyWeightExamination",
    "off": 9322,
    "sff": "weight"
  },
  {
    "docID": "N228 Yazdani 2012",
    "et": "BodyWeightExamination",
    "off": 19528,
    "sff": "weight"
  },
  {
    "docID": "N228 Yazdani 2012",
    "et": "ErrorStepRatio",
    "off": 19793,
    "sff": "step"
  },
  {
    "docID": "N228 Yazdani 2012",
    "et": "ElectrophysiologicalDuration",
    "off": 26487,
    "sff": "electrophysiological"
  },
  {
    "docID": "N228 Yazdani 2012",
    "et": "ElectrophysiologicalDuration",
    "off": 27662,
    "sff": "electrophysiological"
  },
  {
    "docID": "N228 Yazdani 2012",
    "et": "NeurogenesisTest",
    "off": 4602,
    "sff": "neurogenesis"
  },
  {
    "docID": "N228 Yazdani 2012",
    "et": "StepHeight",
    "off": 19793,
    "sff": "step"
  },
  {
    "docID": "N228 Yazdani 2012",
    "et": "SpinalGrayMatter",
    "off": 13733,
    "sff": "spinal"
  },
  {
    "docID": "N228 Yazdani 2012",
    "et": "SpinalGrayMatter",
    "off": 30756,
    "sff": "spinal"
  },
  {
    "docID": "N228 Yazdani 2012",
    "et": "SpinalGrayMatter",
    "off": 9825,
    "sff": "spinal"
  },
  {
    "docID": "N228 Yazdani 2012",
    "et": "SpinalGrayMatter",
    "off": 29344,
    "sff": "spinal"
  },
  {
    "docID": "N228 Yazdani 2012",
    "et": "SpinalGrayMatter",
    "off": 12780,
    "sff": "spinal"
  },
  {
    "docID": "N228 Yazdani 2012",
    "et": "SpinalGrayMatter",
    "off": 25493,
    "sff": "spinal"
  },
  {
    "docID": "N228 Yazdani 2012",
    "et": "SpinalGrayMatter",
    "off": 916,
    "sff": "spinal"
  },
  {
    "docID": "N228 Yazdani 2012",
    "et": "SpinalGrayMatter",
    "off": 19156,
    "sff": "spinal"
  },
  {
    "docID": "N228 Yazdani 2012",
    "et": "SpinalGrayMatter",
    "off": 1552,
    "sff": "spinal"
  },
  {
    "docID": "N228 Yazdani 2012",
    "et": "SpinalGrayMatter",
    "off": 29456,
    "sff": "spinal"
  },
  {
    "docID": "N228 Yazdani 2012",
    "et": "SpinalGrayMatter",
    "off": 24859,
    "sff": "spinal"
  },
  {
    "docID": "N228 Yazdani 2012",
    "et": "SpinalGrayMatter",
    "off": 27419,
    "sff": "spinal"
  },
  {
    "docID": "N228 Yazdani 2012",
    "et": "SpinalGrayMatter",
    "off": 13789,
    "sff": "spinal"
  },
  {
    "docID": "N228 Yazdani 2012",
    "et": "SpinalGrayMatter",
    "off": 30300,
    "sff": "spinal"
  },
  {
    "docID": "N228 Yazdani 2012",
    "et": "SpinalGrayMatter",
    "off": 2966,
    "sff": "spinal"
  },
  {
    "docID": "N228 Yazdani 2012",
    "et": "SpinalGrayMatter",
    "off": 130,
    "sff": "spinal"
  },
  {
    "docID": "N228 Yazdani 2012",
    "et": "SpinalGrayMatter",
    "off": 9349,
    "sff": "spinal"
  },
  {
    "docID": "N228 Yazdani 2012",
    "et": "SpinalGrayMatter",
    "off": 22917,
    "sff": "spinal"
  },
  {
    "docID": "N228 Yazdani 2012",
    "et": "SpinalGrayMatter",
    "off": 4351,
    "sff": "spinal"
  },
  {
    "docID": "N228 Yazdani 2012",
    "et": "SpinalGrayMatter",
    "off": 25355,
    "sff": "spinal"
  },
  {
    "docID": "N228 Yazdani 2012",
    "et": "SpinalGrayMatter",
    "off": 25995,
    "sff": "spinal"
  },
  {
    "docID": "N228 Yazdani 2012",
    "et": "SpinalGrayMatter",
    "off": 2035,
    "sff": "Spinal"
  },
  {
    "docID": "N228 Yazdani 2012",
    "et": "SpinalGrayMatter",
    "off": 1996,
    "sff": "spinal"
  },
  {
    "docID": "N228 Yazdani 2012",
    "et": "SpinalGrayMatter",
    "off": 13385,
    "sff": "spinal"
  },
  {
    "docID": "N228 Yazdani 2012",
    "et": "SpinalGrayMatter",
    "off": 23048,
    "sff": "spinal"
  },
  {
    "docID": "N228 Yazdani 2012",
    "et": "SpinalGrayMatter",
    "off": 27123,
    "sff": "spinal"
  },
  {
    "docID": "N228 Yazdani 2012",
    "et": "SpinalGrayMatter",
    "off": 9269,
    "sff": "spinal"
  },
  {
    "docID": "N228 Yazdani 2012",
    "et": "SpinalGrayMatter",
    "off": 756,
    "sff": "spinal"
  },
  {
    "docID": "N228 Yazdani 2012",
    "et": "SpinalGrayMatter",
    "off": 12667,
    "sff": "spinal"
  },
  {
    "docID": "N228 Yazdani 2012",
    "et": "SpinalGrayMatter",
    "off": 24247,
    "sff": "spinal"
  },
  {
    "docID": "N228 Yazdani 2012",
    "et": "AxonalChangesTest",
    "off": 13987,
    "sff": "axonal"
  },
  {
    "docID": "N228 Yazdani 2012",
    "et": "AxonalChangesTest",
    "off": 1332,
    "sff": "axonal"
  },
  {
    "docID": "N228 Yazdani 2012",
    "et": "AxonalChangesTest",
    "off": 29204,
    "sff": "axonal"
  },
  {
    "docID": "N228 Yazdani 2012",
    "et": "AxonalChangesTest",
    "off": 22747,
    "sff": "axonal"
  },
  {
    "docID": "N228 Yazdani 2012",
    "et": "AxonalChangesTest",
    "off": 21621,
    "sff": "Axonal"
  },
  {
    "docID": "N228 Yazdani 2012",
    "et": "AxonalChangesTest",
    "off": 29164,
    "sff": "axonal"
  },
  {
    "docID": "N228 Yazdani 2012",
    "et": "AxonalChangesTest",
    "off": 27865,
    "sff": "axonal"
  },
  {
    "docID": "N228 Yazdani 2012",
    "et": "AxonalChangesTest",
    "off": 21704,
    "sff": "axonal"
  },
  {
    "docID": "N228 Yazdani 2012",
    "et": "AxonalChangesTest",
    "off": 24328,
    "sff": "axonal"
  },
  {
    "docID": "N228 Yazdani 2012",
    "et": "AxonalChangesTest",
    "off": 28024,
    "sff": "axonal"
  },
  {
    "docID": "N228 Yazdani 2012",
    "et": "AxonalChangesTest",
    "off": 24646,
    "sff": "axonal"
  },
  {
    "docID": "N228 Yazdani 2012",
    "et": "LocomotorTest",
    "off": 1367,
    "sff": "locomotor"
  },
  {
    "docID": "N228 Yazdani 2012",
    "et": "LocomotorTest",
    "off": 11864,
    "sff": "locomotor"
  },
  {
    "docID": "N228 Yazdani 2012",
    "et": "LocomotorTest",
    "off": 20118,
    "sff": "locomotor"
  },
  {
    "docID": "N228 Yazdani 2012",
    "et": "LocomotorTest",
    "off": 19853,
    "sff": "locomotor"
  },
  {
    "docID": "N228 Yazdani 2012",
    "et": "BloodBrainBarrierTest",
    "off": 26242,
    "sff": "brain"
  },
  {
    "docID": "N228 Yazdani 2012",
    "et": "VertebralArea",
    "off": 10767,
    "sff": "vertebral"
  },
  {
    "docID": "N228 Yazdani 2012",
    "et": "VertebralArea",
    "off": 9480,
    "sff": "vertebral"
  },
  {
    "docID": "N228 Yazdani 2012",
    "et": "Caudal",
    "off": 10993,
    "sff": "caudal"
  },
  {
    "docID": "N228 Yazdani 2012",
    "et": "Caudal",
    "off": 1066,
    "sff": "caudal"
  },
  {
    "docID": "N228 Yazdani 2012",
    "et": "Caudal",
    "off": 13674,
    "sff": "caudal"
  },
  {
    "docID": "N228 Yazdani 2012",
    "et": "VertebralSegment",
    "off": 10767,
    "sff": "vertebral"
  },
  {
    "docID": "N228 Yazdani 2012",
    "et": "VertebralSegment",
    "off": 9480,
    "sff": "vertebral"
  },
  {
    "docID": "N228 Yazdani 2012",
    "et": "BladderFunctionParameter",
    "off": 25505,
    "sff": "function"
  },
  {
    "docID": "N228 Yazdani 2012",
    "et": "BladderFunctionParameter",
    "off": 20128,
    "sff": "function"
  },
  {
    "docID": "N228 Yazdani 2012",
    "et": "BladderFunctionParameter",
    "off": 15494,
    "sff": "function"
  },
  {
    "docID": "N228 Yazdani 2012",
    "et": "BladderFunctionParameter",
    "off": 18965,
    "sff": "function"
  },
  {
    "docID": "N228 Yazdani 2012",
    "et": "BladderFunctionParameter",
    "off": 10145,
    "sff": "bladder"
  },
  {
    "docID": "N228 Yazdani 2012",
    "et": "BladderFunctionParameter",
    "off": 18903,
    "sff": "function"
  },
  {
    "docID": "N228 Yazdani 2012",
    "et": "BladderFunctionParameter",
    "off": 19863,
    "sff": "function"
  },
  {
    "docID": "N228 Yazdani 2012",
    "et": "BladderFunctionParameter",
    "off": 11805,
    "sff": "function"
  },
  {
    "docID": "N228 Yazdani 2012",
    "et": "BladderFunctionParameter",
    "off": 27341,
    "sff": "function"
  },
  {
    "docID": "N228 Yazdani 2012",
    "et": "BladderFunctionParameter",
    "off": 10078,
    "sff": "bladder"
  },
  {
    "docID": "N228 Yazdani 2012",
    "et": "MortalityObservation",
    "off": 20389,
    "sff": "mortality"
  },
  {
    "docID": "N228 Yazdani 2012",
    "et": "MortalityObservation",
    "off": 20355,
    "sff": "Mortality"
  },
  {
    "docID": "N228 Yazdani 2012",
    "et": "StepParameter",
    "off": 19793,
    "sff": "step"
  },
  {
    "docID": "N228 Yazdani 2012",
    "et": "NonFunctionalTest",
    "off": 22556,
    "sff": "non"
  },
  {
    "docID": "N228 Yazdani 2012",
    "et": "RelativePawPlacement",
    "off": 22544,
    "sff": "relative"
  },
  {
    "docID": "N228 Yazdani 2012",
    "et": "GaitTest",
    "off": 12064,
    "sff": "gait"
  },
  {
    "docID": "N228 Yazdani 2012",
    "et": "GaitAnalysisParameter",
    "off": 21217,
    "sff": "analysis"
  },
  {
    "docID": "N228 Yazdani 2012",
    "et": "GaitAnalysisParameter",
    "off": 12766,
    "sff": "analysis"
  },
  {
    "docID": "N228 Yazdani 2012",
    "et": "GaitAnalysisParameter",
    "off": 12064,
    "sff": "gait"
  },
  {
    "docID": "N228 Yazdani 2012",
    "et": "GaitAnalysisParameter",
    "off": 12292,
    "sff": "analysis"
  },
  {
    "docID": "N228 Yazdani 2012",
    "et": "GaitAnalysisParameter",
    "off": 12344,
    "sff": "analysis"
  },
  {
    "docID": "N228 Yazdani 2012",
    "et": "GaitAnalysisParameter",
    "off": 13272,
    "sff": "analysis"
  },
  {
    "docID": "N228 Yazdani 2012",
    "et": "GaitAnalysisParameter",
    "off": 17194,
    "sff": "analysis"
  },
  {
    "docID": "N228 Yazdani 2012",
    "et": "T10",
    "off": 9476,
    "sff": "T10"
  },
  {
    "docID": "N228 Yazdani 2012",
    "et": "DescendingFiberTract",
    "off": 5229,
    "sff": "fiber"
  },
  {
    "docID": "N228 Yazdani 2012",
    "et": "DescendingFiberTract",
    "off": 5478,
    "sff": "fiber"
  },
  {
    "docID": "N228 Yazdani 2012",
    "et": "VertebralLocation",
    "off": 10767,
    "sff": "vertebral"
  },
  {
    "docID": "N228 Yazdani 2012",
    "et": "VertebralLocation",
    "off": 9480,
    "sff": "vertebral"
  },
  {
    "docID": "N228 Yazdani 2012",
    "et": "AutomatedGaitAnalysis",
    "off": 12064,
    "sff": "gait"
  },
  {
    "docID": "N228 Yazdani 2012",
    "et": "AxonalSproutingTest",
    "off": 27865,
    "sff": "axonal"
  },
  {
    "docID": "N228 Yazdani 2012",
    "et": "AxonalSproutingTest",
    "off": 21704,
    "sff": "axonal"
  },
  {
    "docID": "N228 Yazdani 2012",
    "et": "AxonalSproutingTest",
    "off": 24328,
    "sff": "axonal"
  },
  {
    "docID": "N228 Yazdani 2012",
    "et": "AxonalSproutingTest",
    "off": 28024,
    "sff": "axonal"
  },
  {
    "docID": "N228 Yazdani 2012",
    "et": "AxonalSproutingTest",
    "off": 21621,
    "sff": "Axonal"
  },
  {
    "docID": "N228 Yazdani 2012",
    "et": "AxonalSproutingTest",
    "off": 24646,
    "sff": "axonal"
  },
  {
    "docID": "N228 Yazdani 2012",
    "et": "AxonalSproutingTest",
    "off": 1332,
    "sff": "axonal"
  },
  {
    "docID": "N228 Yazdani 2012",
    "et": "AxonalSproutingTest",
    "off": 29204,
    "sff": "axonal"
  },
  {
    "docID": "N228 Yazdani 2012",
    "et": "AxonalSproutingTest",
    "off": 13987,
    "sff": "axonal"
  },
  {
    "docID": "N228 Yazdani 2012",
    "et": "AxonalSproutingTest",
    "off": 29164,
    "sff": "axonal"
  },
  {
    "docID": "N228 Yazdani 2012",
    "et": "AxonalSproutingTest",
    "off": 22747,
    "sff": "axonal"
  },
  {
    "docID": "N228 Yazdani 2012",
    "et": "BladderSize",
    "off": 10145,
    "sff": "bladder"
  },
  {
    "docID": "N228 Yazdani 2012",
    "et": "BladderSize",
    "off": 10078,
    "sff": "bladder"
  },
  {
    "docID": "N228 Yazdani 2012",
    "et": "AngiogenesisTest",
    "off": 29150,
    "sff": "angiogenesis"
  },
  {
    "docID": "N228 Yazdani 2012",
    "et": "AngiogenesisTest",
    "off": 4820,
    "sff": "angiogenesis"
  },
  {
    "docID": "N228 Yazdani 2012",
    "et": "NeuronalCellLossTest",
    "off": 18307,
    "sff": "cell"
  },
  {
    "docID": "N228 Yazdani 2012",
    "et": "NeuronalCellLossTest",
    "off": 11966,
    "sff": "cell"
  },
  {
    "docID": "N228 Yazdani 2012",
    "et": "NeuronalCellLossTest",
    "off": 3849,
    "sff": "cell"
  },
  {
    "docID": "N228 Yazdani 2012",
    "et": "NeuronalCellLossTest",
    "off": 30729,
    "sff": "cell"
  },
  {
    "docID": "N228 Yazdani 2012",
    "et": "NeuronalCellLossTest",
    "off": 26378,
    "sff": "cell"
  },
  {
    "docID": "N228 Yazdani 2012",
    "et": "NeuronalCellLossTest",
    "off": 26830,
    "sff": "cell"
  },
  {
    "docID": "N228 Yazdani 2012",
    "et": "NeuronalCellLossTest",
    "off": 3663,
    "sff": "cell"
  },
  {
    "docID": "N228 Yazdani 2012",
    "et": "NeuronalCellLossTest",
    "off": 17616,
    "sff": "cell"
  },
  {
    "docID": "N228 Yazdani 2012",
    "et": "NeuronalCellLossTest",
    "off": 3098,
    "sff": "cell"
  },
  {
    "docID": "N228 Yazdani 2012",
    "et": "NeuronalCellLossTest",
    "off": 15323,
    "sff": "cell"
  },
  {
    "docID": "N228 Yazdani 2012",
    "et": "NeuronalCellLossTest",
    "off": 3221,
    "sff": "cell"
  },
  {
    "docID": "N228 Yazdani 2012",
    "et": "NeuronalCellLossTest",
    "off": 7062,
    "sff": "cell"
  },
  {
    "docID": "N228 Yazdani 2012",
    "et": "NeuronalCellLossTest",
    "off": 17239,
    "sff": "cell"
  },
  {
    "docID": "N228 Yazdani 2012",
    "et": "NeuronalCellLossTest",
    "off": 24020,
    "sff": "Cell"
  },
  {
    "docID": "N228 Yazdani 2012",
    "et": "NeuronalCellLossTest",
    "off": 26601,
    "sff": "neuronal"
  },
  {
    "docID": "N228 Yazdani 2012",
    "et": "NeuronalCellLossTest",
    "off": 30616,
    "sff": "cell"
  },
  {
    "docID": "N228 Yazdani 2012",
    "et": "NeuronalCellLossTest",
    "off": 362,
    "sff": "Cell"
  },
  {
    "docID": "N228 Yazdani 2012",
    "et": "NeuronalCellLossTest",
    "off": 23071,
    "sff": "cell"
  },
  {
    "docID": "N228 Yazdani 2012",
    "et": "NeuronalCellLossTest",
    "off": 27935,
    "sff": "cell"
  },
  {
    "docID": "N228 Yazdani 2012",
    "et": "NeuronalCellLossTest",
    "off": 27614,
    "sff": "neuronal"
  },
  {
    "docID": "N228 Yazdani 2012",
    "et": "NeuronalCellLossTest",
    "off": 1969,
    "sff": "cell"
  },
  {
    "docID": "N228 Yazdani 2012",
    "et": "NeuronalCellLossTest",
    "off": 2998,
    "sff": "Cell"
  },
  {
    "docID": "N228 Yazdani 2012",
    "et": "NeuronalCellLossTest",
    "off": 20402,
    "sff": "cell"
  },
  {
    "docID": "N228 Yazdani 2012",
    "et": "NeuronalCellLossTest",
    "off": 20787,
    "sff": "cell"
  },
  {
    "docID": "N228 Yazdani 2012",
    "et": "NeuronalCellLossTest",
    "off": 18768,
    "sff": "neuronal"
  },
  {
    "docID": "N228 Yazdani 2012",
    "et": "NeuronalCellLossTest",
    "off": 18235,
    "sff": "cell"
  },
  {
    "docID": "N228 Yazdani 2012",
    "et": "NeuronalCellLossTest",
    "off": 14581,
    "sff": "cell"
  },
  {
    "docID": "N228 Yazdani 2012",
    "et": "NeuronalCellLossTest",
    "off": 29045,
    "sff": "cell"
  },
  {
    "docID": "N228 Yazdani 2012",
    "et": "VascularFunctionParameter",
    "off": 11805,
    "sff": "function"
  },
  {
    "docID": "N228 Yazdani 2012",
    "et": "VascularFunctionParameter",
    "off": 27341,
    "sff": "function"
  },
  {
    "docID": "N228 Yazdani 2012",
    "et": "VascularFunctionParameter",
    "off": 18903,
    "sff": "function"
  },
  {
    "docID": "N228 Yazdani 2012",
    "et": "VascularFunctionParameter",
    "off": 19863,
    "sff": "function"
  },
  {
    "docID": "N228 Yazdani 2012",
    "et": "VascularFunctionParameter",
    "off": 15494,
    "sff": "function"
  },
  {
    "docID": "N228 Yazdani 2012",
    "et": "VascularFunctionParameter",
    "off": 18965,
    "sff": "function"
  },
  {
    "docID": "N228 Yazdani 2012",
    "et": "VascularFunctionParameter",
    "off": 25505,
    "sff": "function"
  },
  {
    "docID": "N228 Yazdani 2012",
    "et": "VascularFunctionParameter",
    "off": 20128,
    "sff": "function"
  },
  {
    "docID": "N228 Yazdani 2012",
    "et": "ObservationOfAnimalBehaviour",
    "off": 15472,
    "sff": "animal"
  },
  {
    "docID": "N228 Yazdani 2012",
    "et": "ObservationOfAnimalBehaviour",
    "off": 29361,
    "sff": "animal"
  },
  {
    "docID": "N228 Yazdani 2012",
    "et": "ObservationOfAnimalBehaviour",
    "off": 10312,
    "sff": "Animal"
  },
  {
    "docID": "N228 Yazdani 2012",
    "et": "ObservationOfAnimalBehaviour",
    "off": 22934,
    "sff": "animal"
  },
  {
    "docID": "N228 Yazdani 2012",
    "et": "ObservationOfAnimalBehaviour",
    "off": 10390,
    "sff": "animal"
  },
  {
    "docID": "N228 Yazdani 2012",
    "et": "BladderWeight",
    "off": 10145,
    "sff": "bladder"
  },
  {
    "docID": "N228 Yazdani 2012",
    "et": "BladderWeight",
    "off": 10078,
    "sff": "bladder"
  },
  {
    "docID": "N228 Yazdani 2012",
    "et": "MotorTest",
    "off": 15488,
    "sff": "motor"
  },
  {
    "docID": "N228 Yazdani 2012",
    "et": "MotorTest",
    "off": 18959,
    "sff": "motor"
  },
  {
    "docID": "N228 Yazdani 2012",
    "et": "MotorTest",
    "off": 22788,
    "sff": "motor"
  },
  {
    "docID": "N228 Yazdani 2012",
    "et": "MotorTest",
    "off": 11799,
    "sff": "motor"
  },
  {
    "docID": "N228 Yazdani 2012",
    "et": "SpinalDorsalHalf",
    "off": 13733,
    "sff": "spinal"
  },
  {
    "docID": "N228 Yazdani 2012",
    "et": "SpinalDorsalHalf",
    "off": 30756,
    "sff": "spinal"
  },
  {
    "docID": "N228 Yazdani 2012",
    "et": "SpinalDorsalHalf",
    "off": 12780,
    "sff": "spinal"
  },
  {
    "docID": "N228 Yazdani 2012",
    "et": "SpinalDorsalHalf",
    "off": 27123,
    "sff": "spinal"
  },
  {
    "docID": "N228 Yazdani 2012",
    "et": "SpinalDorsalHalf",
    "off": 2966,
    "sff": "spinal"
  },
  {
    "docID": "N228 Yazdani 2012",
    "et": "SpinalDorsalHalf",
    "off": 916,
    "sff": "spinal"
  },
  {
    "docID": "N228 Yazdani 2012",
    "et": "SpinalDorsalHalf",
    "off": 2035,
    "sff": "Spinal"
  },
  {
    "docID": "N228 Yazdani 2012",
    "et": "SpinalDorsalHalf",
    "off": 25493,
    "sff": "spinal"
  },
  {
    "docID": "N228 Yazdani 2012",
    "et": "SpinalDorsalHalf",
    "off": 19156,
    "sff": "spinal"
  },
  {
    "docID": "N228 Yazdani 2012",
    "et": "SpinalDorsalHalf",
    "off": 24859,
    "sff": "spinal"
  },
  {
    "docID": "N228 Yazdani 2012",
    "et": "SpinalDorsalHalf",
    "off": 27419,
    "sff": "spinal"
  },
  {
    "docID": "N228 Yazdani 2012",
    "et": "SpinalDorsalHalf",
    "off": 13789,
    "sff": "spinal"
  },
  {
    "docID": "N228 Yazdani 2012",
    "et": "SpinalDorsalHalf",
    "off": 30300,
    "sff": "spinal"
  },
  {
    "docID": "N228 Yazdani 2012",
    "et": "SpinalDorsalHalf",
    "off": 9825,
    "sff": "spinal"
  },
  {
    "docID": "N228 Yazdani 2012",
    "et": "SpinalDorsalHalf",
    "off": 29344,
    "sff": "spinal"
  },
  {
    "docID": "N228 Yazdani 2012",
    "et": "SpinalDorsalHalf",
    "off": 22917,
    "sff": "spinal"
  },
  {
    "docID": "N228 Yazdani 2012",
    "et": "SpinalDorsalHalf",
    "off": 9349,
    "sff": "spinal"
  },
  {
    "docID": "N228 Yazdani 2012",
    "et": "SpinalDorsalHalf",
    "off": 25355,
    "sff": "spinal"
  },
  {
    "docID": "N228 Yazdani 2012",
    "et": "SpinalDorsalHalf",
    "off": 25995,
    "sff": "spinal"
  },
  {
    "docID": "N228 Yazdani 2012",
    "et": "SpinalDorsalHalf",
    "off": 13385,
    "sff": "spinal"
  },
  {
    "docID": "N228 Yazdani 2012",
    "et": "SpinalDorsalHalf",
    "off": 23048,
    "sff": "spinal"
  },
  {
    "docID": "N228 Yazdani 2012",
    "et": "SpinalDorsalHalf",
    "off": 1996,
    "sff": "spinal"
  },
  {
    "docID": "N228 Yazdani 2012",
    "et": "SpinalDorsalHalf",
    "off": 1552,
    "sff": "spinal"
  },
  {
    "docID": "N228 Yazdani 2012",
    "et": "SpinalDorsalHalf",
    "off": 29456,
    "sff": "spinal"
  },
  {
    "docID": "N228 Yazdani 2012",
    "et": "SpinalDorsalHalf",
    "off": 24247,
    "sff": "spinal"
  },
  {
    "docID": "N228 Yazdani 2012",
    "et": "SpinalDorsalHalf",
    "off": 756,
    "sff": "spinal"
  },
  {
    "docID": "N228 Yazdani 2012",
    "et": "SpinalDorsalHalf",
    "off": 9269,
    "sff": "spinal"
  },
  {
    "docID": "N228 Yazdani 2012",
    "et": "SpinalDorsalHalf",
    "off": 12667,
    "sff": "spinal"
  },
  {
    "docID": "N228 Yazdani 2012",
    "et": "SpinalDorsalHalf",
    "off": 4351,
    "sff": "spinal"
  },
  {
    "docID": "N228 Yazdani 2012",
    "et": "SpinalDorsalHalf",
    "off": 130,
    "sff": "spinal"
  },
  {
    "docID": "N228 Yazdani 2012",
    "et": "NeuronalChangesTest",
    "off": 26601,
    "sff": "neuronal"
  },
  {
    "docID": "N228 Yazdani 2012",
    "et": "NeuronalChangesTest",
    "off": 27614,
    "sff": "neuronal"
  },
  {
    "docID": "N228 Yazdani 2012",
    "et": "NeuronalChangesTest",
    "off": 18768,
    "sff": "neuronal"
  },
  {
    "docID": "N228 Yazdani 2012",
    "et": "HistologicalInvestigationTest",
    "off": 1890,
    "sff": "histological"
  },
  {
    "docID": "N228 Yazdani 2012",
    "et": "HistologicalInvestigationTest",
    "off": 12429,
    "sff": "Histological"
  },
  {
    "docID": "N228 Yazdani 2012",
    "et": "HistologicalInvestigationTest",
    "off": 798,
    "sff": "histological"
  },
  {
    "docID": "N228 Yazdani 2012",
    "et": "HistologicalInvestigationTest",
    "off": 22190,
    "sff": "histological"
  },
  {
    "docID": "N228 Yazdani 2012",
    "et": "HistologicalInvestigationTest",
    "off": 1197,
    "sff": "histological"
  },
  {
    "docID": "N228 Yazdani 2012",
    "et": "HistologicalInvestigationTest",
    "off": 24076,
    "sff": "histological"
  },
  {
    "docID": "N228 Yazdani 2012",
    "et": "HistologicalInvestigationTest",
    "off": 1479,
    "sff": "histological"
  },
  {
    "docID": "N228 Yazdani 2012",
    "et": "LimbMuscleStrengthTest",
    "off": 25196,
    "sff": "muscle"
  },
  {
    "docID": "N228 Yazdani 2012",
    "et": "NeuronalActivityTest",
    "off": 26601,
    "sff": "neuronal"
  },
  {
    "docID": "N228 Yazdani 2012",
    "et": "NeuronalActivityTest",
    "off": 18768,
    "sff": "neuronal"
  },
  {
    "docID": "N228 Yazdani 2012",
    "et": "NeuronalActivityTest",
    "off": 27614,
    "sff": "neuronal"
  },
  {
    "docID": "N228 Yazdani 2012",
    "et": "SpinalCordEvokedPotentialsTest",
    "off": 13789,
    "sff": "spinal cord"
  },
  {
    "docID": "N228 Yazdani 2012",
    "et": "SpinalCordEvokedPotentialsTest",
    "off": 27419,
    "sff": "spinal cord"
  },
  {
    "docID": "N228 Yazdani 2012",
    "et": "SpinalCordEvokedPotentialsTest",
    "off": 30300,
    "sff": "spinal cord"
  },
  {
    "docID": "N228 Yazdani 2012",
    "et": "SpinalCordEvokedPotentialsTest",
    "off": 9825,
    "sff": "spinal cord"
  },
  {
    "docID": "N228 Yazdani 2012",
    "et": "SpinalCordEvokedPotentialsTest",
    "off": 23048,
    "sff": "spinal"
  },
  {
    "docID": "N228 Yazdani 2012",
    "et": "SpinalCordEvokedPotentialsTest",
    "off": 9349,
    "sff": "spinal"
  },
  {
    "docID": "N228 Yazdani 2012",
    "et": "SpinalCordEvokedPotentialsTest",
    "off": 13733,
    "sff": "spinal cord"
  },
  {
    "docID": "N228 Yazdani 2012",
    "et": "SpinalCordEvokedPotentialsTest",
    "off": 22917,
    "sff": "spinal"
  },
  {
    "docID": "N228 Yazdani 2012",
    "et": "SpinalCordEvokedPotentialsTest",
    "off": 30756,
    "sff": "spinal cord"
  },
  {
    "docID": "N228 Yazdani 2012",
    "et": "SpinalCordEvokedPotentialsTest",
    "off": 29456,
    "sff": "spinal"
  },
  {
    "docID": "N228 Yazdani 2012",
    "et": "SpinalCordEvokedPotentialsTest",
    "off": 12780,
    "sff": "spinal cord"
  },
  {
    "docID": "N228 Yazdani 2012",
    "et": "SpinalCordEvokedPotentialsTest",
    "off": 9269,
    "sff": "spinal cord"
  },
  {
    "docID": "N228 Yazdani 2012",
    "et": "SpinalCordEvokedPotentialsTest",
    "off": 2035,
    "sff": "Spinal cord"
  },
  {
    "docID": "N228 Yazdani 2012",
    "et": "SpinalCordEvokedPotentialsTest",
    "off": 2966,
    "sff": "spinal"
  },
  {
    "docID": "N228 Yazdani 2012",
    "et": "SpinalCordEvokedPotentialsTest",
    "off": 756,
    "sff": "spinal cord"
  },
  {
    "docID": "N228 Yazdani 2012",
    "et": "SpinalCordEvokedPotentialsTest",
    "off": 24247,
    "sff": "spinal cord"
  },
  {
    "docID": "N228 Yazdani 2012",
    "et": "SpinalCordEvokedPotentialsTest",
    "off": 29344,
    "sff": "spinal"
  },
  {
    "docID": "N228 Yazdani 2012",
    "et": "SpinalCordEvokedPotentialsTest",
    "off": 12667,
    "sff": "spinal cord"
  },
  {
    "docID": "N228 Yazdani 2012",
    "et": "SpinalCordEvokedPotentialsTest",
    "off": 24859,
    "sff": "spinal"
  },
  {
    "docID": "N228 Yazdani 2012",
    "et": "SpinalCordEvokedPotentialsTest",
    "off": 130,
    "sff": "spinal cord"
  },
  {
    "docID": "N228 Yazdani 2012",
    "et": "SpinalCordEvokedPotentialsTest",
    "off": 4351,
    "sff": "spinal cord"
  },
  {
    "docID": "N228 Yazdani 2012",
    "et": "SpinalCordEvokedPotentialsTest",
    "off": 13385,
    "sff": "spinal cord"
  },
  {
    "docID": "N228 Yazdani 2012",
    "et": "SpinalCordEvokedPotentialsTest",
    "off": 25355,
    "sff": "spinal cord"
  },
  {
    "docID": "N228 Yazdani 2012",
    "et": "SpinalCordEvokedPotentialsTest",
    "off": 25995,
    "sff": "spinal cord"
  },
  {
    "docID": "N228 Yazdani 2012",
    "et": "SpinalCordEvokedPotentialsTest",
    "off": 1996,
    "sff": "spinal cord"
  },
  {
    "docID": "N228 Yazdani 2012",
    "et": "SpinalCordEvokedPotentialsTest",
    "off": 1552,
    "sff": "spinal cord"
  },
  {
    "docID": "N228 Yazdani 2012",
    "et": "SpinalCordEvokedPotentialsTest",
    "off": 25493,
    "sff": "spinal cord"
  },
  {
    "docID": "N228 Yazdani 2012",
    "et": "SpinalCordEvokedPotentialsTest",
    "off": 27123,
    "sff": "spinal"
  },
  {
    "docID": "N228 Yazdani 2012",
    "et": "SpinalCordEvokedPotentialsTest",
    "off": 916,
    "sff": "spinal cord"
  },
  {
    "docID": "N228 Yazdani 2012",
    "et": "SpinalCordEvokedPotentialsTest",
    "off": 19156,
    "sff": "spinal cord"
  },
  {
    "docID": "N228 Yazdani 2012",
    "et": "CatWalkGaitAnalysisSystem",
    "off": 19507,
    "sff": "walk"
  }
]
