[
  {
    "docID": "N229 Yui 2014",
    "et": "SubcutaneousLocation",
    "off": 12236,
    "sff": "subcutaneous"
  },
  {
    "docID": "N229 Yui 2014",
    "et": "WalkingAnalysisParameter",
    "off": 16849,
    "sff": "analysis"
  },
  {
    "docID": "N229 Yui 2014",
    "et": "WalkingAnalysisParameter",
    "off": 18128,
    "sff": "analysis"
  },
  {
    "docID": "N229 Yui 2014",
    "et": "MolecularChangesTest",
    "off": 11307,
    "sff": "molecular"
  },
  {
    "docID": "N229 Yui 2014",
    "et": "MolecularChangesTest",
    "off": 19066,
    "sff": "molecular"
  },
  {
    "docID": "N229 Yui 2014",
    "et": "MolecularChangesTest",
    "off": 11556,
    "sff": "molecular"
  },
  {
    "docID": "N229 Yui 2014",
    "et": "MolecularChangesTest",
    "off": 19246,
    "sff": "molecular"
  },
  {
    "docID": "N229 Yui 2014",
    "et": "SurfaceRightingReflexTest",
    "off": 13757,
    "sff": "surface"
  },
  {
    "docID": "N229 Yui 2014",
    "et": "SpinalSubduralArea",
    "off": 15229,
    "sff": "spinal"
  },
  {
    "docID": "N229 Yui 2014",
    "et": "SpinalSubduralArea",
    "off": 14848,
    "sff": "spinal"
  },
  {
    "docID": "N229 Yui 2014",
    "et": "SpinalSubduralArea",
    "off": 64,
    "sff": "spinal"
  },
  {
    "docID": "N229 Yui 2014",
    "et": "SpinalSubduralArea",
    "off": 21173,
    "sff": "spinal"
  },
  {
    "docID": "N229 Yui 2014",
    "et": "SpinalSubduralArea",
    "off": 21880,
    "sff": "spinal"
  },
  {
    "docID": "N229 Yui 2014",
    "et": "SpinalSubduralArea",
    "off": 369,
    "sff": "spinal"
  },
  {
    "docID": "N229 Yui 2014",
    "et": "SpinalSubduralArea",
    "off": 947,
    "sff": "spinal"
  },
  {
    "docID": "N229 Yui 2014",
    "et": "SpinalSubduralArea",
    "off": 14516,
    "sff": "spinal"
  },
  {
    "docID": "N229 Yui 2014",
    "et": "SpinalSubduralArea",
    "off": 18544,
    "sff": "spinal"
  },
  {
    "docID": "N229 Yui 2014",
    "et": "SpinalSubduralArea",
    "off": 15727,
    "sff": "spinal"
  },
  {
    "docID": "N229 Yui 2014",
    "et": "SpinalSubduralArea",
    "off": 18607,
    "sff": "spinal"
  },
  {
    "docID": "N229 Yui 2014",
    "et": "SpinalSubduralArea",
    "off": 12972,
    "sff": "spinal"
  },
  {
    "docID": "N229 Yui 2014",
    "et": "SpinalSubduralArea",
    "off": 2860,
    "sff": "spinal"
  },
  {
    "docID": "N229 Yui 2014",
    "et": "SpinalSubduralArea",
    "off": 21414,
    "sff": "spinal"
  },
  {
    "docID": "N229 Yui 2014",
    "et": "SpinalSubduralArea",
    "off": 24805,
    "sff": "spinal"
  },
  {
    "docID": "N229 Yui 2014",
    "et": "SpinalSubduralArea",
    "off": 22247,
    "sff": "spinal"
  },
  {
    "docID": "N229 Yui 2014",
    "et": "SpinalSubduralArea",
    "off": 23585,
    "sff": "spinal"
  },
  {
    "docID": "N229 Yui 2014",
    "et": "SpinalSubduralArea",
    "off": 21021,
    "sff": "spinal"
  },
  {
    "docID": "N229 Yui 2014",
    "et": "SpinalSubduralArea",
    "off": 607,
    "sff": "spinal"
  },
  {
    "docID": "N229 Yui 2014",
    "et": "SpinalSubduralArea",
    "off": 1184,
    "sff": "spinal"
  },
  {
    "docID": "N229 Yui 2014",
    "et": "SpinalSubduralArea",
    "off": 21727,
    "sff": "spinal"
  },
  {
    "docID": "N229 Yui 2014",
    "et": "SpinalSubduralArea",
    "off": 1113,
    "sff": "spinal"
  },
  {
    "docID": "N229 Yui 2014",
    "et": "SpinalSubduralArea",
    "off": 4181,
    "sff": "spinal"
  },
  {
    "docID": "N229 Yui 2014",
    "et": "SpinalSubduralArea",
    "off": 13525,
    "sff": "spinal"
  },
  {
    "docID": "N229 Yui 2014",
    "et": "SpinalSubduralArea",
    "off": 26005,
    "sff": "spinal"
  },
  {
    "docID": "N229 Yui 2014",
    "et": "SpinalSubduralArea",
    "off": 19607,
    "sff": "spinal"
  },
  {
    "docID": "N229 Yui 2014",
    "et": "SpinalSubduralArea",
    "off": 14738,
    "sff": "spinal"
  },
  {
    "docID": "N229 Yui 2014",
    "et": "SpinalSubduralArea",
    "off": 19410,
    "sff": "spinal"
  },
  {
    "docID": "N229 Yui 2014",
    "et": "SpinalSubduralArea",
    "off": 24018,
    "sff": "spinal"
  },
  {
    "docID": "N229 Yui 2014",
    "et": "SpinalSubduralArea",
    "off": 25490,
    "sff": "spinal"
  },
  {
    "docID": "N229 Yui 2014",
    "et": "SpinalSubduralArea",
    "off": 14414,
    "sff": "spinal"
  },
  {
    "docID": "N229 Yui 2014",
    "et": "SpinalSubduralArea",
    "off": 23822,
    "sff": "spinal"
  },
  {
    "docID": "N229 Yui 2014",
    "et": "SpinalSubduralArea",
    "off": 21392,
    "sff": "spinal"
  },
  {
    "docID": "N229 Yui 2014",
    "et": "SpinalSubduralArea",
    "off": 22351,
    "sff": "spinal"
  },
  {
    "docID": "N229 Yui 2014",
    "et": "SpinalSubduralArea",
    "off": 4809,
    "sff": "spinal"
  },
  {
    "docID": "N229 Yui 2014",
    "et": "SpinalSubduralArea",
    "off": 22026,
    "sff": "spinal"
  },
  {
    "docID": "N229 Yui 2014",
    "et": "SpinalSubduralArea",
    "off": 13772,
    "sff": "spinal"
  },
  {
    "docID": "N229 Yui 2014",
    "et": "SpinalSubduralArea",
    "off": 24332,
    "sff": "spinal"
  },
  {
    "docID": "N229 Yui 2014",
    "et": "SpinalSubduralArea",
    "off": 15755,
    "sff": "spinal"
  },
  {
    "docID": "N229 Yui 2014",
    "et": "SpinalSubduralArea",
    "off": 20866,
    "sff": "spinal"
  },
  {
    "docID": "N229 Yui 2014",
    "et": "SpinalSubduralArea",
    "off": 13316,
    "sff": "spinal"
  },
  {
    "docID": "N229 Yui 2014",
    "et": "SpinalSubduralArea",
    "off": 20676,
    "sff": "spinal"
  },
  {
    "docID": "N229 Yui 2014",
    "et": "StainingArea",
    "off": 20649,
    "sff": "staining"
  },
  {
    "docID": "N229 Yui 2014",
    "et": "StainingArea",
    "off": 4855,
    "sff": "staining"
  },
  {
    "docID": "N229 Yui 2014",
    "et": "StainingArea",
    "off": 14298,
    "sff": "staining"
  },
  {
    "docID": "N229 Yui 2014",
    "et": "StainingArea",
    "off": 19371,
    "sff": "staining"
  },
  {
    "docID": "N229 Yui 2014",
    "et": "StainingArea",
    "off": 20779,
    "sff": "staining"
  },
  {
    "docID": "N229 Yui 2014",
    "et": "StainingArea",
    "off": 22280,
    "sff": "staining"
  },
  {
    "docID": "N229 Yui 2014",
    "et": "SpinalFiberTract",
    "off": 22247,
    "sff": "spinal"
  },
  {
    "docID": "N229 Yui 2014",
    "et": "SpinalFiberTract",
    "off": 21414,
    "sff": "spinal"
  },
  {
    "docID": "N229 Yui 2014",
    "et": "SpinalFiberTract",
    "off": 24805,
    "sff": "spinal"
  },
  {
    "docID": "N229 Yui 2014",
    "et": "SpinalFiberTract",
    "off": 23585,
    "sff": "spinal"
  },
  {
    "docID": "N229 Yui 2014",
    "et": "SpinalFiberTract",
    "off": 1184,
    "sff": "spinal"
  },
  {
    "docID": "N229 Yui 2014",
    "et": "SpinalFiberTract",
    "off": 15727,
    "sff": "spinal"
  },
  {
    "docID": "N229 Yui 2014",
    "et": "SpinalFiberTract",
    "off": 18607,
    "sff": "spinal"
  },
  {
    "docID": "N229 Yui 2014",
    "et": "SpinalFiberTract",
    "off": 2860,
    "sff": "spinal"
  },
  {
    "docID": "N229 Yui 2014",
    "et": "SpinalFiberTract",
    "off": 12972,
    "sff": "spinal"
  },
  {
    "docID": "N229 Yui 2014",
    "et": "SpinalFiberTract",
    "off": 19607,
    "sff": "spinal"
  },
  {
    "docID": "N229 Yui 2014",
    "et": "SpinalFiberTract",
    "off": 4181,
    "sff": "spinal"
  },
  {
    "docID": "N229 Yui 2014",
    "et": "SpinalFiberTract",
    "off": 13525,
    "sff": "spinal"
  },
  {
    "docID": "N229 Yui 2014",
    "et": "SpinalFiberTract",
    "off": 26005,
    "sff": "spinal"
  },
  {
    "docID": "N229 Yui 2014",
    "et": "SpinalFiberTract",
    "off": 14738,
    "sff": "spinal"
  },
  {
    "docID": "N229 Yui 2014",
    "et": "SpinalFiberTract",
    "off": 19410,
    "sff": "spinal"
  },
  {
    "docID": "N229 Yui 2014",
    "et": "SpinalFiberTract",
    "off": 24018,
    "sff": "spinal"
  },
  {
    "docID": "N229 Yui 2014",
    "et": "SpinalFiberTract",
    "off": 25490,
    "sff": "spinal"
  },
  {
    "docID": "N229 Yui 2014",
    "et": "SpinalFiberTract",
    "off": 21392,
    "sff": "spinal"
  },
  {
    "docID": "N229 Yui 2014",
    "et": "SpinalFiberTract",
    "off": 607,
    "sff": "spinal"
  },
  {
    "docID": "N229 Yui 2014",
    "et": "SpinalFiberTract",
    "off": 21727,
    "sff": "spinal"
  },
  {
    "docID": "N229 Yui 2014",
    "et": "SpinalFiberTract",
    "off": 21021,
    "sff": "spinal"
  },
  {
    "docID": "N229 Yui 2014",
    "et": "SpinalFiberTract",
    "off": 1113,
    "sff": "spinal"
  },
  {
    "docID": "N229 Yui 2014",
    "et": "SpinalFiberTract",
    "off": 13316,
    "sff": "spinal"
  },
  {
    "docID": "N229 Yui 2014",
    "et": "SpinalFiberTract",
    "off": 20676,
    "sff": "spinal"
  },
  {
    "docID": "N229 Yui 2014",
    "et": "SpinalFiberTract",
    "off": 20866,
    "sff": "spinal"
  },
  {
    "docID": "N229 Yui 2014",
    "et": "SpinalFiberTract",
    "off": 64,
    "sff": "spinal"
  },
  {
    "docID": "N229 Yui 2014",
    "et": "SpinalFiberTract",
    "off": 14848,
    "sff": "spinal"
  },
  {
    "docID": "N229 Yui 2014",
    "et": "SpinalFiberTract",
    "off": 22351,
    "sff": "spinal"
  },
  {
    "docID": "N229 Yui 2014",
    "et": "SpinalFiberTract",
    "off": 14414,
    "sff": "spinal"
  },
  {
    "docID": "N229 Yui 2014",
    "et": "SpinalFiberTract",
    "off": 23822,
    "sff": "spinal"
  },
  {
    "docID": "N229 Yui 2014",
    "et": "SpinalFiberTract",
    "off": 13772,
    "sff": "spinal"
  },
  {
    "docID": "N229 Yui 2014",
    "et": "SpinalFiberTract",
    "off": 24332,
    "sff": "spinal"
  },
  {
    "docID": "N229 Yui 2014",
    "et": "SpinalFiberTract",
    "off": 15755,
    "sff": "spinal"
  },
  {
    "docID": "N229 Yui 2014",
    "et": "SpinalFiberTract",
    "off": 22026,
    "sff": "spinal"
  },
  {
    "docID": "N229 Yui 2014",
    "et": "SpinalFiberTract",
    "off": 4809,
    "sff": "spinal"
  },
  {
    "docID": "N229 Yui 2014",
    "et": "SpinalFiberTract",
    "off": 21173,
    "sff": "spinal"
  },
  {
    "docID": "N229 Yui 2014",
    "et": "SpinalFiberTract",
    "off": 14516,
    "sff": "spinal"
  },
  {
    "docID": "N229 Yui 2014",
    "et": "SpinalFiberTract",
    "off": 947,
    "sff": "spinal"
  },
  {
    "docID": "N229 Yui 2014",
    "et": "SpinalFiberTract",
    "off": 369,
    "sff": "spinal"
  },
  {
    "docID": "N229 Yui 2014",
    "et": "SpinalFiberTract",
    "off": 18544,
    "sff": "spinal"
  },
  {
    "docID": "N229 Yui 2014",
    "et": "SpinalFiberTract",
    "off": 15229,
    "sff": "spinal"
  },
  {
    "docID": "N229 Yui 2014",
    "et": "SpinalFiberTract",
    "off": 21880,
    "sff": "spinal"
  },
  {
    "docID": "N229 Yui 2014",
    "et": "SpinalVentralHalf",
    "off": 21021,
    "sff": "spinal"
  },
  {
    "docID": "N229 Yui 2014",
    "et": "SpinalVentralHalf",
    "off": 21727,
    "sff": "spinal"
  },
  {
    "docID": "N229 Yui 2014",
    "et": "SpinalVentralHalf",
    "off": 23585,
    "sff": "spinal"
  },
  {
    "docID": "N229 Yui 2014",
    "et": "SpinalVentralHalf",
    "off": 24805,
    "sff": "spinal"
  },
  {
    "docID": "N229 Yui 2014",
    "et": "SpinalVentralHalf",
    "off": 21414,
    "sff": "spinal"
  },
  {
    "docID": "N229 Yui 2014",
    "et": "SpinalVentralHalf",
    "off": 22247,
    "sff": "spinal"
  },
  {
    "docID": "N229 Yui 2014",
    "et": "SpinalVentralHalf",
    "off": 4809,
    "sff": "spinal"
  },
  {
    "docID": "N229 Yui 2014",
    "et": "SpinalVentralHalf",
    "off": 22026,
    "sff": "spinal"
  },
  {
    "docID": "N229 Yui 2014",
    "et": "SpinalVentralHalf",
    "off": 15755,
    "sff": "spinal"
  },
  {
    "docID": "N229 Yui 2014",
    "et": "SpinalVentralHalf",
    "off": 13772,
    "sff": "spinal"
  },
  {
    "docID": "N229 Yui 2014",
    "et": "SpinalVentralHalf",
    "off": 24332,
    "sff": "spinal"
  },
  {
    "docID": "N229 Yui 2014",
    "et": "SpinalVentralHalf",
    "off": 14414,
    "sff": "spinal"
  },
  {
    "docID": "N229 Yui 2014",
    "et": "SpinalVentralHalf",
    "off": 23822,
    "sff": "spinal"
  },
  {
    "docID": "N229 Yui 2014",
    "et": "SpinalVentralHalf",
    "off": 22351,
    "sff": "spinal"
  },
  {
    "docID": "N229 Yui 2014",
    "et": "SpinalVentralHalf",
    "off": 21392,
    "sff": "spinal"
  },
  {
    "docID": "N229 Yui 2014",
    "et": "SpinalVentralHalf",
    "off": 1184,
    "sff": "spinal"
  },
  {
    "docID": "N229 Yui 2014",
    "et": "SpinalVentralHalf",
    "off": 607,
    "sff": "spinal"
  },
  {
    "docID": "N229 Yui 2014",
    "et": "SpinalVentralHalf",
    "off": 14738,
    "sff": "spinal"
  },
  {
    "docID": "N229 Yui 2014",
    "et": "SpinalVentralHalf",
    "off": 19410,
    "sff": "spinal"
  },
  {
    "docID": "N229 Yui 2014",
    "et": "SpinalVentralHalf",
    "off": 24018,
    "sff": "spinal"
  },
  {
    "docID": "N229 Yui 2014",
    "et": "SpinalVentralHalf",
    "off": 25490,
    "sff": "spinal"
  },
  {
    "docID": "N229 Yui 2014",
    "et": "SpinalVentralHalf",
    "off": 4181,
    "sff": "spinal"
  },
  {
    "docID": "N229 Yui 2014",
    "et": "SpinalVentralHalf",
    "off": 13525,
    "sff": "spinal"
  },
  {
    "docID": "N229 Yui 2014",
    "et": "SpinalVentralHalf",
    "off": 26005,
    "sff": "spinal"
  },
  {
    "docID": "N229 Yui 2014",
    "et": "SpinalVentralHalf",
    "off": 19607,
    "sff": "spinal"
  },
  {
    "docID": "N229 Yui 2014",
    "et": "SpinalVentralHalf",
    "off": 1113,
    "sff": "spinal"
  },
  {
    "docID": "N229 Yui 2014",
    "et": "SpinalVentralHalf",
    "off": 15229,
    "sff": "spinal"
  },
  {
    "docID": "N229 Yui 2014",
    "et": "SpinalVentralHalf",
    "off": 947,
    "sff": "spinal"
  },
  {
    "docID": "N229 Yui 2014",
    "et": "SpinalVentralHalf",
    "off": 369,
    "sff": "spinal"
  },
  {
    "docID": "N229 Yui 2014",
    "et": "SpinalVentralHalf",
    "off": 14848,
    "sff": "spinal"
  },
  {
    "docID": "N229 Yui 2014",
    "et": "SpinalVentralHalf",
    "off": 20866,
    "sff": "spinal"
  },
  {
    "docID": "N229 Yui 2014",
    "et": "SpinalVentralHalf",
    "off": 13316,
    "sff": "spinal"
  },
  {
    "docID": "N229 Yui 2014",
    "et": "SpinalVentralHalf",
    "off": 20676,
    "sff": "spinal"
  },
  {
    "docID": "N229 Yui 2014",
    "et": "SpinalVentralHalf",
    "off": 2860,
    "sff": "spinal"
  },
  {
    "docID": "N229 Yui 2014",
    "et": "SpinalVentralHalf",
    "off": 12972,
    "sff": "spinal"
  },
  {
    "docID": "N229 Yui 2014",
    "et": "SpinalVentralHalf",
    "off": 15727,
    "sff": "spinal"
  },
  {
    "docID": "N229 Yui 2014",
    "et": "SpinalVentralHalf",
    "off": 18607,
    "sff": "spinal"
  },
  {
    "docID": "N229 Yui 2014",
    "et": "SpinalVentralHalf",
    "off": 18544,
    "sff": "spinal"
  },
  {
    "docID": "N229 Yui 2014",
    "et": "SpinalVentralHalf",
    "off": 64,
    "sff": "spinal"
  },
  {
    "docID": "N229 Yui 2014",
    "et": "SpinalVentralHalf",
    "off": 14516,
    "sff": "spinal"
  },
  {
    "docID": "N229 Yui 2014",
    "et": "SpinalVentralHalf",
    "off": 21173,
    "sff": "spinal"
  },
  {
    "docID": "N229 Yui 2014",
    "et": "SpinalVentralHalf",
    "off": 21880,
    "sff": "spinal"
  },
  {
    "docID": "N229 Yui 2014",
    "et": "TissueSparingTest",
    "off": 18619,
    "sff": "tissue"
  },
  {
    "docID": "N229 Yui 2014",
    "et": "TissueSparingTest",
    "off": 394,
    "sff": "tissue"
  },
  {
    "docID": "N229 Yui 2014",
    "et": "TissueSparingTest",
    "off": 4821,
    "sff": "tissue"
  },
  {
    "docID": "N229 Yui 2014",
    "et": "TissueSparingTest",
    "off": 21121,
    "sff": "tissue"
  },
  {
    "docID": "N229 Yui 2014",
    "et": "TissueSparingTest",
    "off": 14528,
    "sff": "tissue"
  },
  {
    "docID": "N229 Yui 2014",
    "et": "TissueSparingTest",
    "off": 22095,
    "sff": "tissue"
  },
  {
    "docID": "N229 Yui 2014",
    "et": "TissueSparingTest",
    "off": 14291,
    "sff": "Tissue"
  },
  {
    "docID": "N229 Yui 2014",
    "et": "DorsalColumn",
    "off": 11912,
    "sff": "dorsal"
  },
  {
    "docID": "N229 Yui 2014",
    "et": "SpinalFiber",
    "off": 15229,
    "sff": "spinal"
  },
  {
    "docID": "N229 Yui 2014",
    "et": "SpinalFiber",
    "off": 64,
    "sff": "spinal"
  },
  {
    "docID": "N229 Yui 2014",
    "et": "SpinalFiber",
    "off": 14848,
    "sff": "spinal"
  },
  {
    "docID": "N229 Yui 2014",
    "et": "SpinalFiber",
    "off": 20866,
    "sff": "spinal"
  },
  {
    "docID": "N229 Yui 2014",
    "et": "SpinalFiber",
    "off": 13316,
    "sff": "spinal"
  },
  {
    "docID": "N229 Yui 2014",
    "et": "SpinalFiber",
    "off": 20676,
    "sff": "spinal"
  },
  {
    "docID": "N229 Yui 2014",
    "et": "SpinalFiber",
    "off": 4809,
    "sff": "spinal"
  },
  {
    "docID": "N229 Yui 2014",
    "et": "SpinalFiber",
    "off": 22026,
    "sff": "spinal"
  },
  {
    "docID": "N229 Yui 2014",
    "et": "SpinalFiber",
    "off": 15755,
    "sff": "spinal"
  },
  {
    "docID": "N229 Yui 2014",
    "et": "SpinalFiber",
    "off": 13772,
    "sff": "spinal"
  },
  {
    "docID": "N229 Yui 2014",
    "et": "SpinalFiber",
    "off": 24332,
    "sff": "spinal"
  },
  {
    "docID": "N229 Yui 2014",
    "et": "SpinalFiber",
    "off": 14414,
    "sff": "spinal"
  },
  {
    "docID": "N229 Yui 2014",
    "et": "SpinalFiber",
    "off": 23822,
    "sff": "spinal"
  },
  {
    "docID": "N229 Yui 2014",
    "et": "SpinalFiber",
    "off": 22351,
    "sff": "spinal"
  },
  {
    "docID": "N229 Yui 2014",
    "et": "SpinalFiber",
    "off": 21392,
    "sff": "spinal"
  },
  {
    "docID": "N229 Yui 2014",
    "et": "SpinalFiber",
    "off": 14738,
    "sff": "spinal"
  },
  {
    "docID": "N229 Yui 2014",
    "et": "SpinalFiber",
    "off": 19410,
    "sff": "spinal"
  },
  {
    "docID": "N229 Yui 2014",
    "et": "SpinalFiber",
    "off": 24018,
    "sff": "spinal"
  },
  {
    "docID": "N229 Yui 2014",
    "et": "SpinalFiber",
    "off": 25490,
    "sff": "spinal"
  },
  {
    "docID": "N229 Yui 2014",
    "et": "SpinalFiber",
    "off": 4181,
    "sff": "spinal"
  },
  {
    "docID": "N229 Yui 2014",
    "et": "SpinalFiber",
    "off": 13525,
    "sff": "spinal"
  },
  {
    "docID": "N229 Yui 2014",
    "et": "SpinalFiber",
    "off": 26005,
    "sff": "spinal"
  },
  {
    "docID": "N229 Yui 2014",
    "et": "SpinalFiber",
    "off": 19607,
    "sff": "spinal"
  },
  {
    "docID": "N229 Yui 2014",
    "et": "SpinalFiber",
    "off": 1113,
    "sff": "spinal"
  },
  {
    "docID": "N229 Yui 2014",
    "et": "SpinalFiber",
    "off": 21021,
    "sff": "spinal"
  },
  {
    "docID": "N229 Yui 2014",
    "et": "SpinalFiber",
    "off": 607,
    "sff": "spinal"
  },
  {
    "docID": "N229 Yui 2014",
    "et": "SpinalFiber",
    "off": 21727,
    "sff": "spinal"
  },
  {
    "docID": "N229 Yui 2014",
    "et": "SpinalFiber",
    "off": 1184,
    "sff": "spinal"
  },
  {
    "docID": "N229 Yui 2014",
    "et": "SpinalFiber",
    "off": 23585,
    "sff": "spinal"
  },
  {
    "docID": "N229 Yui 2014",
    "et": "SpinalFiber",
    "off": 24805,
    "sff": "spinal"
  },
  {
    "docID": "N229 Yui 2014",
    "et": "SpinalFiber",
    "off": 21414,
    "sff": "spinal"
  },
  {
    "docID": "N229 Yui 2014",
    "et": "SpinalFiber",
    "off": 22247,
    "sff": "spinal"
  },
  {
    "docID": "N229 Yui 2014",
    "et": "SpinalFiber",
    "off": 2860,
    "sff": "spinal"
  },
  {
    "docID": "N229 Yui 2014",
    "et": "SpinalFiber",
    "off": 12972,
    "sff": "spinal"
  },
  {
    "docID": "N229 Yui 2014",
    "et": "SpinalFiber",
    "off": 15727,
    "sff": "spinal"
  },
  {
    "docID": "N229 Yui 2014",
    "et": "SpinalFiber",
    "off": 18607,
    "sff": "spinal"
  },
  {
    "docID": "N229 Yui 2014",
    "et": "SpinalFiber",
    "off": 18544,
    "sff": "spinal"
  },
  {
    "docID": "N229 Yui 2014",
    "et": "SpinalFiber",
    "off": 369,
    "sff": "spinal"
  },
  {
    "docID": "N229 Yui 2014",
    "et": "SpinalFiber",
    "off": 947,
    "sff": "spinal"
  },
  {
    "docID": "N229 Yui 2014",
    "et": "SpinalFiber",
    "off": 14516,
    "sff": "spinal"
  },
  {
    "docID": "N229 Yui 2014",
    "et": "SpinalFiber",
    "off": 21173,
    "sff": "spinal"
  },
  {
    "docID": "N229 Yui 2014",
    "et": "SpinalFiber",
    "off": 21880,
    "sff": "spinal"
  },
  {
    "docID": "N229 Yui 2014",
    "et": "Left",
    "off": 13909,
    "sff": "left"
  },
  {
    "docID": "N229 Yui 2014",
    "et": "GeneExpressionAnalysis",
    "off": 23133,
    "sff": "expression"
  },
  {
    "docID": "N229 Yui 2014",
    "et": "GeneExpressionAnalysis",
    "off": 23325,
    "sff": "expression"
  },
  {
    "docID": "N229 Yui 2014",
    "et": "GeneExpressionAnalysis",
    "off": 20346,
    "sff": "expression"
  },
  {
    "docID": "N229 Yui 2014",
    "et": "GeneExpressionAnalysis",
    "off": 21960,
    "sff": "expression"
  },
  {
    "docID": "N229 Yui 2014",
    "et": "GeneExpressionAnalysis",
    "off": 517,
    "sff": "expression"
  },
  {
    "docID": "N229 Yui 2014",
    "et": "GeneExpressionAnalysis",
    "off": 20133,
    "sff": "expression"
  },
  {
    "docID": "N229 Yui 2014",
    "et": "GeneExpressionAnalysis",
    "off": 4100,
    "sff": "expression"
  },
  {
    "docID": "N229 Yui 2014",
    "et": "GeneExpressionAnalysis",
    "off": 24387,
    "sff": "expression"
  },
  {
    "docID": "N229 Yui 2014",
    "et": "GeneExpressionAnalysis",
    "off": 3874,
    "sff": "expression"
  },
  {
    "docID": "N229 Yui 2014",
    "et": "GeneExpressionAnalysis",
    "off": 3905,
    "sff": "expression"
  },
  {
    "docID": "N229 Yui 2014",
    "et": "GeneExpressionAnalysis",
    "off": 16912,
    "sff": "expression"
  },
  {
    "docID": "N229 Yui 2014",
    "et": "GeneExpressionAnalysis",
    "off": 21340,
    "sff": "Expression"
  },
  {
    "docID": "N229 Yui 2014",
    "et": "GeneExpressionAnalysis",
    "off": 21903,
    "sff": "expression"
  },
  {
    "docID": "N229 Yui 2014",
    "et": "GeneExpressionAnalysis",
    "off": 972,
    "sff": "expression"
  },
  {
    "docID": "N229 Yui 2014",
    "et": "GeneExpressionAnalysis",
    "off": 4268,
    "sff": "expression"
  },
  {
    "docID": "N229 Yui 2014",
    "et": "GeneExpressionAnalysis",
    "off": 21611,
    "sff": "expression"
  },
  {
    "docID": "N229 Yui 2014",
    "et": "GeneExpressionAnalysis",
    "off": 25015,
    "sff": "expression"
  },
  {
    "docID": "N229 Yui 2014",
    "et": "GeneExpressionAnalysis",
    "off": 22552,
    "sff": "expression"
  },
  {
    "docID": "N229 Yui 2014",
    "et": "GeneExpressionAnalysis",
    "off": 21431,
    "sff": "expression"
  },
  {
    "docID": "N229 Yui 2014",
    "et": "GeneExpressionAnalysis",
    "off": 21748,
    "sff": "expression"
  },
  {
    "docID": "N229 Yui 2014",
    "et": "GeneExpressionAnalysis",
    "off": 22836,
    "sff": "expression"
  },
  {
    "docID": "N229 Yui 2014",
    "et": "GeneExpressionAnalysis",
    "off": 18195,
    "sff": "expression"
  },
  {
    "docID": "N229 Yui 2014",
    "et": "GeneExpressionAnalysis",
    "off": 23219,
    "sff": "expression"
  },
  {
    "docID": "N229 Yui 2014",
    "et": "AxonalRegenerationTest",
    "off": 3479,
    "sff": "axonal regeneration"
  },
  {
    "docID": "N229 Yui 2014",
    "et": "AxonalRegenerationTest",
    "off": 25893,
    "sff": "axonal regeneration"
  },
  {
    "docID": "N229 Yui 2014",
    "et": "AxonalRegenerationTest",
    "off": 2825,
    "sff": "axonal regeneration"
  },
  {
    "docID": "N229 Yui 2014",
    "et": "AxonalRegenerationTest",
    "off": 2940,
    "sff": "axonal regeneration"
  },
  {
    "docID": "N229 Yui 2014",
    "et": "AxonalRegenerationTest",
    "off": 2033,
    "sff": "axonal regeneration"
  },
  {
    "docID": "N229 Yui 2014",
    "et": "AxonalRegenerationTest",
    "off": 2449,
    "sff": "axonal regeneration"
  },
  {
    "docID": "N229 Yui 2014",
    "et": "SignalIntensity",
    "off": 17096,
    "sff": "signal intensity"
  },
  {
    "docID": "N229 Yui 2014",
    "et": "SignalIntensity",
    "off": 23633,
    "sff": "signal"
  },
  {
    "docID": "N229 Yui 2014",
    "et": "SignalIntensity",
    "off": 24545,
    "sff": "signal"
  },
  {
    "docID": "N229 Yui 2014",
    "et": "SignalIntensity",
    "off": 18012,
    "sff": "signal intensity"
  },
  {
    "docID": "N229 Yui 2014",
    "et": "ProteinLevelAnalysis",
    "off": 14725,
    "sff": "level"
  },
  {
    "docID": "N229 Yui 2014",
    "et": "ProteinLevelAnalysis",
    "off": 23211,
    "sff": "protein"
  },
  {
    "docID": "N229 Yui 2014",
    "et": "ProteinLevelAnalysis",
    "off": 4283,
    "sff": "protein"
  },
  {
    "docID": "N229 Yui 2014",
    "et": "ProteinLevelAnalysis",
    "off": 23345,
    "sff": "protein"
  },
  {
    "docID": "N229 Yui 2014",
    "et": "ProteinLevelAnalysis",
    "off": 21028,
    "sff": "level"
  },
  {
    "docID": "N229 Yui 2014",
    "et": "ProteinLevelAnalysis",
    "off": 12959,
    "sff": "level"
  },
  {
    "docID": "N229 Yui 2014",
    "et": "ProteinLevelAnalysis",
    "off": 11966,
    "sff": "level"
  },
  {
    "docID": "N229 Yui 2014",
    "et": "ProteinLevelAnalysis",
    "off": 18744,
    "sff": "protein"
  },
  {
    "docID": "N229 Yui 2014",
    "et": "ProteinLevelAnalysis",
    "off": 25132,
    "sff": "level"
  },
  {
    "docID": "N229 Yui 2014",
    "et": "ProteinLevelAnalysis",
    "off": 25244,
    "sff": "level"
  },
  {
    "docID": "N229 Yui 2014",
    "et": "ProteinLevelAnalysis",
    "off": 25418,
    "sff": "level"
  },
  {
    "docID": "N229 Yui 2014",
    "et": "SpinalLesionSite",
    "off": 21173,
    "sff": "spinal"
  },
  {
    "docID": "N229 Yui 2014",
    "et": "SpinalLesionSite",
    "off": 21880,
    "sff": "spinal"
  },
  {
    "docID": "N229 Yui 2014",
    "et": "SpinalLesionSite",
    "off": 13559,
    "sff": "lesion"
  },
  {
    "docID": "N229 Yui 2014",
    "et": "SpinalLesionSite",
    "off": 15727,
    "sff": "spinal"
  },
  {
    "docID": "N229 Yui 2014",
    "et": "SpinalLesionSite",
    "off": 18607,
    "sff": "spinal"
  },
  {
    "docID": "N229 Yui 2014",
    "et": "SpinalLesionSite",
    "off": 18544,
    "sff": "spinal"
  },
  {
    "docID": "N229 Yui 2014",
    "et": "SpinalLesionSite",
    "off": 369,
    "sff": "spinal"
  },
  {
    "docID": "N229 Yui 2014",
    "et": "SpinalLesionSite",
    "off": 947,
    "sff": "spinal"
  },
  {
    "docID": "N229 Yui 2014",
    "et": "SpinalLesionSite",
    "off": 14516,
    "sff": "spinal"
  },
  {
    "docID": "N229 Yui 2014",
    "et": "SpinalLesionSite",
    "off": 19503,
    "sff": "lesion"
  },
  {
    "docID": "N229 Yui 2014",
    "et": "SpinalLesionSite",
    "off": 24805,
    "sff": "spinal"
  },
  {
    "docID": "N229 Yui 2014",
    "et": "SpinalLesionSite",
    "off": 21414,
    "sff": "spinal"
  },
  {
    "docID": "N229 Yui 2014",
    "et": "SpinalLesionSite",
    "off": 20970,
    "sff": "lesion"
  },
  {
    "docID": "N229 Yui 2014",
    "et": "SpinalLesionSite",
    "off": 22247,
    "sff": "spinal"
  },
  {
    "docID": "N229 Yui 2014",
    "et": "SpinalLesionSite",
    "off": 2860,
    "sff": "spinal"
  },
  {
    "docID": "N229 Yui 2014",
    "et": "SpinalLesionSite",
    "off": 12972,
    "sff": "spinal"
  },
  {
    "docID": "N229 Yui 2014",
    "et": "SpinalLesionSite",
    "off": 21021,
    "sff": "spinal"
  },
  {
    "docID": "N229 Yui 2014",
    "et": "SpinalLesionSite",
    "off": 607,
    "sff": "spinal"
  },
  {
    "docID": "N229 Yui 2014",
    "et": "SpinalLesionSite",
    "off": 21727,
    "sff": "spinal"
  },
  {
    "docID": "N229 Yui 2014",
    "et": "SpinalLesionSite",
    "off": 1184,
    "sff": "spinal"
  },
  {
    "docID": "N229 Yui 2014",
    "et": "SpinalLesionSite",
    "off": 23585,
    "sff": "spinal"
  },
  {
    "docID": "N229 Yui 2014",
    "et": "SpinalLesionSite",
    "off": 4181,
    "sff": "spinal"
  },
  {
    "docID": "N229 Yui 2014",
    "et": "SpinalLesionSite",
    "off": 13525,
    "sff": "spinal"
  },
  {
    "docID": "N229 Yui 2014",
    "et": "SpinalLesionSite",
    "off": 26005,
    "sff": "spinal"
  },
  {
    "docID": "N229 Yui 2014",
    "et": "SpinalLesionSite",
    "off": 15257,
    "sff": "lesion"
  },
  {
    "docID": "N229 Yui 2014",
    "et": "SpinalLesionSite",
    "off": 19607,
    "sff": "spinal"
  },
  {
    "docID": "N229 Yui 2014",
    "et": "SpinalLesionSite",
    "off": 1113,
    "sff": "spinal"
  },
  {
    "docID": "N229 Yui 2014",
    "et": "SpinalLesionSite",
    "off": 14414,
    "sff": "spinal"
  },
  {
    "docID": "N229 Yui 2014",
    "et": "SpinalLesionSite",
    "off": 23822,
    "sff": "spinal"
  },
  {
    "docID": "N229 Yui 2014",
    "et": "SpinalLesionSite",
    "off": 22351,
    "sff": "spinal"
  },
  {
    "docID": "N229 Yui 2014",
    "et": "SpinalLesionSite",
    "off": 21392,
    "sff": "spinal"
  },
  {
    "docID": "N229 Yui 2014",
    "et": "SpinalLesionSite",
    "off": 14738,
    "sff": "spinal"
  },
  {
    "docID": "N229 Yui 2014",
    "et": "SpinalLesionSite",
    "off": 19410,
    "sff": "spinal"
  },
  {
    "docID": "N229 Yui 2014",
    "et": "SpinalLesionSite",
    "off": 24018,
    "sff": "spinal"
  },
  {
    "docID": "N229 Yui 2014",
    "et": "SpinalLesionSite",
    "off": 25490,
    "sff": "spinal"
  },
  {
    "docID": "N229 Yui 2014",
    "et": "SpinalLesionSite",
    "off": 4809,
    "sff": "spinal"
  },
  {
    "docID": "N229 Yui 2014",
    "et": "SpinalLesionSite",
    "off": 22026,
    "sff": "spinal"
  },
  {
    "docID": "N229 Yui 2014",
    "et": "SpinalLesionSite",
    "off": 15755,
    "sff": "spinal"
  },
  {
    "docID": "N229 Yui 2014",
    "et": "SpinalLesionSite",
    "off": 19526,
    "sff": "lesion"
  },
  {
    "docID": "N229 Yui 2014",
    "et": "SpinalLesionSite",
    "off": 13772,
    "sff": "spinal"
  },
  {
    "docID": "N229 Yui 2014",
    "et": "SpinalLesionSite",
    "off": 24332,
    "sff": "spinal"
  },
  {
    "docID": "N229 Yui 2014",
    "et": "SpinalLesionSite",
    "off": 15229,
    "sff": "spinal"
  },
  {
    "docID": "N229 Yui 2014",
    "et": "SpinalLesionSite",
    "off": 64,
    "sff": "spinal"
  },
  {
    "docID": "N229 Yui 2014",
    "et": "SpinalLesionSite",
    "off": 14848,
    "sff": "spinal"
  },
  {
    "docID": "N229 Yui 2014",
    "et": "SpinalLesionSite",
    "off": 20866,
    "sff": "spinal"
  },
  {
    "docID": "N229 Yui 2014",
    "et": "SpinalLesionSite",
    "off": 13316,
    "sff": "spinal"
  },
  {
    "docID": "N229 Yui 2014",
    "et": "SpinalLesionSite",
    "off": 20676,
    "sff": "spinal"
  },
  {
    "docID": "N229 Yui 2014",
    "et": "T8",
    "off": 14718,
    "sff": "T8"
  },
  {
    "docID": "N229 Yui 2014",
    "et": "T9",
    "off": 21014,
    "sff": "T9"
  },
  {
    "docID": "N229 Yui 2014",
    "et": "LesionVolumeTest",
    "off": 19503,
    "sff": "lesion"
  },
  {
    "docID": "N229 Yui 2014",
    "et": "LesionVolumeTest",
    "off": 19526,
    "sff": "lesion"
  },
  {
    "docID": "N229 Yui 2014",
    "et": "LesionVolumeTest",
    "off": 13559,
    "sff": "lesion"
  },
  {
    "docID": "N229 Yui 2014",
    "et": "LesionVolumeTest",
    "off": 20970,
    "sff": "lesion"
  },
  {
    "docID": "N229 Yui 2014",
    "et": "LesionVolumeTest",
    "off": 15257,
    "sff": "lesion"
  },
  {
    "docID": "N229 Yui 2014",
    "et": "SchwannCellChangesTest",
    "off": 18896,
    "sff": "cell"
  },
  {
    "docID": "N229 Yui 2014",
    "et": "SchwannCellChangesTest",
    "off": 8625,
    "sff": "cell"
  },
  {
    "docID": "N229 Yui 2014",
    "et": "SchwannCellChangesTest",
    "off": 1519,
    "sff": "Cell"
  },
  {
    "docID": "N229 Yui 2014",
    "et": "SchwannCellChangesTest",
    "off": 13261,
    "sff": "cell"
  },
  {
    "docID": "N229 Yui 2014",
    "et": "SchwannCellChangesTest",
    "off": 24269,
    "sff": "cell"
  },
  {
    "docID": "N229 Yui 2014",
    "et": "SchwannCellChangesTest",
    "off": 13687,
    "sff": "cell"
  },
  {
    "docID": "N229 Yui 2014",
    "et": "SchwannCellChangesTest",
    "off": 1896,
    "sff": "cell"
  },
  {
    "docID": "N229 Yui 2014",
    "et": "SchwannCellChangesTest",
    "off": 7256,
    "sff": "cell"
  },
  {
    "docID": "N229 Yui 2014",
    "et": "FunctionalTest",
    "off": 3194,
    "sff": "functional"
  },
  {
    "docID": "N229 Yui 2014",
    "et": "FunctionalTest",
    "off": 2299,
    "sff": "functional"
  },
  {
    "docID": "N229 Yui 2014",
    "et": "FunctionalTest",
    "off": 2782,
    "sff": "functional"
  },
  {
    "docID": "N229 Yui 2014",
    "et": "FunctionalTest",
    "off": 322,
    "sff": "functional"
  },
  {
    "docID": "N229 Yui 2014",
    "et": "FunctionalTest",
    "off": 2244,
    "sff": "functional"
  },
  {
    "docID": "N229 Yui 2014",
    "et": "FunctionalTest",
    "off": 2088,
    "sff": "functional"
  },
  {
    "docID": "N229 Yui 2014",
    "et": "SecondaryDegenerationTest",
    "off": 16493,
    "sff": "secondary"
  },
  {
    "docID": "N229 Yui 2014",
    "et": "VeinLocation",
    "off": 13490,
    "sff": "vein"
  },
  {
    "docID": "N229 Yui 2014",
    "et": "FemoralVeinLocation",
    "off": 13490,
    "sff": "vein"
  },
  {
    "docID": "N229 Yui 2014",
    "et": "TreatmentSite",
    "off": 26138,
    "sff": "treatment"
  },
  {
    "docID": "N229 Yui 2014",
    "et": "TreatmentSite",
    "off": 1483,
    "sff": "treatment"
  },
  {
    "docID": "N229 Yui 2014",
    "et": "Longitudinal",
    "off": 15505,
    "sff": "longitudinal"
  },
  {
    "docID": "N229 Yui 2014",
    "et": "SpinalCord",
    "off": 13772,
    "sff": "spinal cord"
  },
  {
    "docID": "N229 Yui 2014",
    "et": "SpinalCord",
    "off": 15755,
    "sff": "spinal cord"
  },
  {
    "docID": "N229 Yui 2014",
    "et": "SpinalCord",
    "off": 21392,
    "sff": "spinal cord"
  },
  {
    "docID": "N229 Yui 2014",
    "et": "SpinalCord",
    "off": 14414,
    "sff": "spinal cord"
  },
  {
    "docID": "N229 Yui 2014",
    "et": "SpinalCord",
    "off": 23822,
    "sff": "spinal cord"
  },
  {
    "docID": "N229 Yui 2014",
    "et": "SpinalCord",
    "off": 22351,
    "sff": "spinal cord"
  },
  {
    "docID": "N229 Yui 2014",
    "et": "SpinalCord",
    "off": 13316,
    "sff": "spinal cord"
  },
  {
    "docID": "N229 Yui 2014",
    "et": "SpinalCord",
    "off": 20676,
    "sff": "spinal cord"
  },
  {
    "docID": "N229 Yui 2014",
    "et": "SpinalCord",
    "off": 20866,
    "sff": "spinal cord"
  },
  {
    "docID": "N229 Yui 2014",
    "et": "SpinalCord",
    "off": 2860,
    "sff": "spinal"
  },
  {
    "docID": "N229 Yui 2014",
    "et": "SpinalCord",
    "off": 4809,
    "sff": "spinal cord"
  },
  {
    "docID": "N229 Yui 2014",
    "et": "SpinalCord",
    "off": 22247,
    "sff": "spinal"
  },
  {
    "docID": "N229 Yui 2014",
    "et": "SpinalCord",
    "off": 607,
    "sff": "spinal cord"
  },
  {
    "docID": "N229 Yui 2014",
    "et": "SpinalCord",
    "off": 23585,
    "sff": "spinal cord"
  },
  {
    "docID": "N229 Yui 2014",
    "et": "SpinalCord",
    "off": 1184,
    "sff": "spinal cord"
  },
  {
    "docID": "N229 Yui 2014",
    "et": "SpinalCord",
    "off": 14848,
    "sff": "spinal"
  },
  {
    "docID": "N229 Yui 2014",
    "et": "SpinalCord",
    "off": 21727,
    "sff": "spinal cord"
  },
  {
    "docID": "N229 Yui 2014",
    "et": "SpinalCord",
    "off": 13525,
    "sff": "spinal cord"
  },
  {
    "docID": "N229 Yui 2014",
    "et": "SpinalCord",
    "off": 26005,
    "sff": "spinal cord"
  },
  {
    "docID": "N229 Yui 2014",
    "et": "SpinalCord",
    "off": 4181,
    "sff": "spinal cord"
  },
  {
    "docID": "N229 Yui 2014",
    "et": "SpinalCord",
    "off": 14738,
    "sff": "spinal cord"
  },
  {
    "docID": "N229 Yui 2014",
    "et": "SpinalCord",
    "off": 19410,
    "sff": "spinal cord"
  },
  {
    "docID": "N229 Yui 2014",
    "et": "SpinalCord",
    "off": 24018,
    "sff": "spinal cord"
  },
  {
    "docID": "N229 Yui 2014",
    "et": "SpinalCord",
    "off": 25490,
    "sff": "spinal cord"
  },
  {
    "docID": "N229 Yui 2014",
    "et": "SpinalCord",
    "off": 1113,
    "sff": "spinal cord"
  },
  {
    "docID": "N229 Yui 2014",
    "et": "SpinalCord",
    "off": 19607,
    "sff": "spinal cord"
  },
  {
    "docID": "N229 Yui 2014",
    "et": "SpinalCord",
    "off": 21880,
    "sff": "spinal"
  },
  {
    "docID": "N229 Yui 2014",
    "et": "SpinalCord",
    "off": 12972,
    "sff": "spinal cord"
  },
  {
    "docID": "N229 Yui 2014",
    "et": "SpinalCord",
    "off": 18544,
    "sff": "spinal cord"
  },
  {
    "docID": "N229 Yui 2014",
    "et": "SpinalCord",
    "off": 369,
    "sff": "spinal cord"
  },
  {
    "docID": "N229 Yui 2014",
    "et": "SpinalCord",
    "off": 15727,
    "sff": "spinal cord"
  },
  {
    "docID": "N229 Yui 2014",
    "et": "SpinalCord",
    "off": 18607,
    "sff": "spinal cord"
  },
  {
    "docID": "N229 Yui 2014",
    "et": "SpinalCord",
    "off": 24332,
    "sff": "spinal"
  },
  {
    "docID": "N229 Yui 2014",
    "et": "SpinalCord",
    "off": 22026,
    "sff": "spinal"
  },
  {
    "docID": "N229 Yui 2014",
    "et": "SpinalCord",
    "off": 21414,
    "sff": "spinal cord"
  },
  {
    "docID": "N229 Yui 2014",
    "et": "SpinalCord",
    "off": 15229,
    "sff": "spinal cord"
  },
  {
    "docID": "N229 Yui 2014",
    "et": "SpinalCord",
    "off": 24805,
    "sff": "spinal"
  },
  {
    "docID": "N229 Yui 2014",
    "et": "SpinalCord",
    "off": 64,
    "sff": "spinal cord"
  },
  {
    "docID": "N229 Yui 2014",
    "et": "SpinalCord",
    "off": 947,
    "sff": "spinal cord"
  },
  {
    "docID": "N229 Yui 2014",
    "et": "SpinalCord",
    "off": 14516,
    "sff": "spinal cord"
  },
  {
    "docID": "N229 Yui 2014",
    "et": "SpinalCord",
    "off": 21173,
    "sff": "spinal cord"
  },
  {
    "docID": "N229 Yui 2014",
    "et": "SpinalCord",
    "off": 21021,
    "sff": "spinal"
  },
  {
    "docID": "N229 Yui 2014",
    "et": "LesionAdjacentTissue",
    "off": 15257,
    "sff": "lesion"
  },
  {
    "docID": "N229 Yui 2014",
    "et": "LesionAdjacentTissue",
    "off": 20970,
    "sff": "lesion"
  },
  {
    "docID": "N229 Yui 2014",
    "et": "LesionAdjacentTissue",
    "off": 13559,
    "sff": "lesion"
  },
  {
    "docID": "N229 Yui 2014",
    "et": "LesionAdjacentTissue",
    "off": 19526,
    "sff": "lesion"
  },
  {
    "docID": "N229 Yui 2014",
    "et": "LesionAdjacentTissue",
    "off": 19503,
    "sff": "lesion"
  },
  {
    "docID": "N229 Yui 2014",
    "et": "StainingLength",
    "off": 14298,
    "sff": "staining"
  },
  {
    "docID": "N229 Yui 2014",
    "et": "StainingLength",
    "off": 19371,
    "sff": "staining"
  },
  {
    "docID": "N229 Yui 2014",
    "et": "StainingLength",
    "off": 20779,
    "sff": "staining"
  },
  {
    "docID": "N229 Yui 2014",
    "et": "StainingLength",
    "off": 4855,
    "sff": "staining"
  },
  {
    "docID": "N229 Yui 2014",
    "et": "StainingLength",
    "off": 22280,
    "sff": "staining"
  },
  {
    "docID": "N229 Yui 2014",
    "et": "StainingLength",
    "off": 20649,
    "sff": "staining"
  },
  {
    "docID": "N229 Yui 2014",
    "et": "T50MeanArterialPressure",
    "off": 17930,
    "sff": "mean"
  },
  {
    "docID": "N229 Yui 2014",
    "et": "LadderRungTest",
    "off": 18843,
    "sff": "ladder"
  },
  {
    "docID": "N229 Yui 2014",
    "et": "StainingDensity",
    "off": 20649,
    "sff": "staining"
  },
  {
    "docID": "N229 Yui 2014",
    "et": "StainingDensity",
    "off": 22280,
    "sff": "staining"
  },
  {
    "docID": "N229 Yui 2014",
    "et": "StainingDensity",
    "off": 4855,
    "sff": "staining"
  },
  {
    "docID": "N229 Yui 2014",
    "et": "StainingDensity",
    "off": 19371,
    "sff": "staining"
  },
  {
    "docID": "N229 Yui 2014",
    "et": "StainingDensity",
    "off": 20779,
    "sff": "staining"
  },
  {
    "docID": "N229 Yui 2014",
    "et": "StainingDensity",
    "off": 14298,
    "sff": "staining"
  },
  {
    "docID": "N229 Yui 2014",
    "et": "AxonalDamageTest",
    "off": 2033,
    "sff": "axonal"
  },
  {
    "docID": "N229 Yui 2014",
    "et": "AxonalDamageTest",
    "off": 2449,
    "sff": "axonal"
  },
  {
    "docID": "N229 Yui 2014",
    "et": "AxonalDamageTest",
    "off": 25893,
    "sff": "axonal"
  },
  {
    "docID": "N229 Yui 2014",
    "et": "AxonalDamageTest",
    "off": 3479,
    "sff": "axonal"
  },
  {
    "docID": "N229 Yui 2014",
    "et": "AxonalDamageTest",
    "off": 2825,
    "sff": "axonal"
  },
  {
    "docID": "N229 Yui 2014",
    "et": "AxonalDamageTest",
    "off": 2940,
    "sff": "axonal"
  },
  {
    "docID": "N229 Yui 2014",
    "et": "AxonalDamageTest",
    "off": 3997,
    "sff": "axonal"
  },
  {
    "docID": "N229 Yui 2014",
    "et": "SpinalCentralPart",
    "off": 15229,
    "sff": "spinal"
  },
  {
    "docID": "N229 Yui 2014",
    "et": "SpinalCentralPart",
    "off": 21880,
    "sff": "spinal"
  },
  {
    "docID": "N229 Yui 2014",
    "et": "SpinalCentralPart",
    "off": 13316,
    "sff": "spinal"
  },
  {
    "docID": "N229 Yui 2014",
    "et": "SpinalCentralPart",
    "off": 20676,
    "sff": "spinal"
  },
  {
    "docID": "N229 Yui 2014",
    "et": "SpinalCentralPart",
    "off": 20866,
    "sff": "spinal"
  },
  {
    "docID": "N229 Yui 2014",
    "et": "SpinalCentralPart",
    "off": 64,
    "sff": "spinal"
  },
  {
    "docID": "N229 Yui 2014",
    "et": "SpinalCentralPart",
    "off": 14848,
    "sff": "spinal"
  },
  {
    "docID": "N229 Yui 2014",
    "et": "SpinalCentralPart",
    "off": 13772,
    "sff": "spinal"
  },
  {
    "docID": "N229 Yui 2014",
    "et": "SpinalCentralPart",
    "off": 24332,
    "sff": "spinal"
  },
  {
    "docID": "N229 Yui 2014",
    "et": "SpinalCentralPart",
    "off": 15755,
    "sff": "spinal"
  },
  {
    "docID": "N229 Yui 2014",
    "et": "SpinalCentralPart",
    "off": 22026,
    "sff": "spinal"
  },
  {
    "docID": "N229 Yui 2014",
    "et": "SpinalCentralPart",
    "off": 4809,
    "sff": "spinal"
  },
  {
    "docID": "N229 Yui 2014",
    "et": "SpinalCentralPart",
    "off": 26005,
    "sff": "spinal"
  },
  {
    "docID": "N229 Yui 2014",
    "et": "SpinalCentralPart",
    "off": 4181,
    "sff": "spinal"
  },
  {
    "docID": "N229 Yui 2014",
    "et": "SpinalCentralPart",
    "off": 13525,
    "sff": "spinal"
  },
  {
    "docID": "N229 Yui 2014",
    "et": "SpinalCentralPart",
    "off": 14738,
    "sff": "spinal"
  },
  {
    "docID": "N229 Yui 2014",
    "et": "SpinalCentralPart",
    "off": 19410,
    "sff": "spinal"
  },
  {
    "docID": "N229 Yui 2014",
    "et": "SpinalCentralPart",
    "off": 24018,
    "sff": "spinal"
  },
  {
    "docID": "N229 Yui 2014",
    "et": "SpinalCentralPart",
    "off": 25490,
    "sff": "spinal"
  },
  {
    "docID": "N229 Yui 2014",
    "et": "SpinalCentralPart",
    "off": 21392,
    "sff": "spinal"
  },
  {
    "docID": "N229 Yui 2014",
    "et": "SpinalCentralPart",
    "off": 22351,
    "sff": "spinal"
  },
  {
    "docID": "N229 Yui 2014",
    "et": "SpinalCentralPart",
    "off": 14414,
    "sff": "spinal"
  },
  {
    "docID": "N229 Yui 2014",
    "et": "SpinalCentralPart",
    "off": 23822,
    "sff": "spinal"
  },
  {
    "docID": "N229 Yui 2014",
    "et": "SpinalCentralPart",
    "off": 21021,
    "sff": "spinal"
  },
  {
    "docID": "N229 Yui 2014",
    "et": "SpinalCentralPart",
    "off": 1113,
    "sff": "spinal"
  },
  {
    "docID": "N229 Yui 2014",
    "et": "SpinalCentralPart",
    "off": 19607,
    "sff": "spinal"
  },
  {
    "docID": "N229 Yui 2014",
    "et": "SpinalCentralPart",
    "off": 24805,
    "sff": "spinal"
  },
  {
    "docID": "N229 Yui 2014",
    "et": "SpinalCentralPart",
    "off": 1184,
    "sff": "spinal"
  },
  {
    "docID": "N229 Yui 2014",
    "et": "SpinalCentralPart",
    "off": 23585,
    "sff": "spinal"
  },
  {
    "docID": "N229 Yui 2014",
    "et": "SpinalCentralPart",
    "off": 21727,
    "sff": "spinal"
  },
  {
    "docID": "N229 Yui 2014",
    "et": "SpinalCentralPart",
    "off": 607,
    "sff": "spinal"
  },
  {
    "docID": "N229 Yui 2014",
    "et": "SpinalCentralPart",
    "off": 2860,
    "sff": "spinal"
  },
  {
    "docID": "N229 Yui 2014",
    "et": "SpinalCentralPart",
    "off": 12972,
    "sff": "spinal"
  },
  {
    "docID": "N229 Yui 2014",
    "et": "SpinalCentralPart",
    "off": 22247,
    "sff": "spinal"
  },
  {
    "docID": "N229 Yui 2014",
    "et": "SpinalCentralPart",
    "off": 21414,
    "sff": "spinal"
  },
  {
    "docID": "N229 Yui 2014",
    "et": "SpinalCentralPart",
    "off": 21173,
    "sff": "spinal"
  },
  {
    "docID": "N229 Yui 2014",
    "et": "SpinalCentralPart",
    "off": 14516,
    "sff": "spinal"
  },
  {
    "docID": "N229 Yui 2014",
    "et": "SpinalCentralPart",
    "off": 947,
    "sff": "spinal"
  },
  {
    "docID": "N229 Yui 2014",
    "et": "SpinalCentralPart",
    "off": 369,
    "sff": "spinal"
  },
  {
    "docID": "N229 Yui 2014",
    "et": "SpinalCentralPart",
    "off": 18544,
    "sff": "spinal"
  },
  {
    "docID": "N229 Yui 2014",
    "et": "SpinalCentralPart",
    "off": 15727,
    "sff": "spinal"
  },
  {
    "docID": "N229 Yui 2014",
    "et": "SpinalCentralPart",
    "off": 18607,
    "sff": "spinal"
  },
  {
    "docID": "N229 Yui 2014",
    "et": "ManualDexterityTest",
    "off": 14196,
    "sff": "manual"
  },
  {
    "docID": "N229 Yui 2014",
    "et": "AxonalDiebackTest",
    "off": 25893,
    "sff": "axonal"
  },
  {
    "docID": "N229 Yui 2014",
    "et": "AxonalDiebackTest",
    "off": 2033,
    "sff": "axonal"
  },
  {
    "docID": "N229 Yui 2014",
    "et": "AxonalDiebackTest",
    "off": 2449,
    "sff": "axonal"
  },
  {
    "docID": "N229 Yui 2014",
    "et": "AxonalDiebackTest",
    "off": 2940,
    "sff": "axonal"
  },
  {
    "docID": "N229 Yui 2014",
    "et": "AxonalDiebackTest",
    "off": 3997,
    "sff": "axonal"
  },
  {
    "docID": "N229 Yui 2014",
    "et": "AxonalDiebackTest",
    "off": 3479,
    "sff": "axonal"
  },
  {
    "docID": "N229 Yui 2014",
    "et": "AxonalDiebackTest",
    "off": 2825,
    "sff": "axonal"
  },
  {
    "docID": "N229 Yui 2014",
    "et": "SpinalCordStump",
    "off": 1184,
    "sff": "spinal cord"
  },
  {
    "docID": "N229 Yui 2014",
    "et": "SpinalCordStump",
    "off": 607,
    "sff": "spinal cord"
  },
  {
    "docID": "N229 Yui 2014",
    "et": "SpinalCordStump",
    "off": 21727,
    "sff": "spinal cord"
  },
  {
    "docID": "N229 Yui 2014",
    "et": "SpinalCordStump",
    "off": 22026,
    "sff": "spinal"
  },
  {
    "docID": "N229 Yui 2014",
    "et": "SpinalCordStump",
    "off": 23585,
    "sff": "spinal cord"
  },
  {
    "docID": "N229 Yui 2014",
    "et": "SpinalCordStump",
    "off": 24332,
    "sff": "spinal"
  },
  {
    "docID": "N229 Yui 2014",
    "et": "SpinalCordStump",
    "off": 19607,
    "sff": "spinal cord"
  },
  {
    "docID": "N229 Yui 2014",
    "et": "SpinalCordStump",
    "off": 1113,
    "sff": "spinal cord"
  },
  {
    "docID": "N229 Yui 2014",
    "et": "SpinalCordStump",
    "off": 4181,
    "sff": "spinal cord"
  },
  {
    "docID": "N229 Yui 2014",
    "et": "SpinalCordStump",
    "off": 13525,
    "sff": "spinal cord"
  },
  {
    "docID": "N229 Yui 2014",
    "et": "SpinalCordStump",
    "off": 26005,
    "sff": "spinal cord"
  },
  {
    "docID": "N229 Yui 2014",
    "et": "SpinalCordStump",
    "off": 21392,
    "sff": "spinal cord"
  },
  {
    "docID": "N229 Yui 2014",
    "et": "SpinalCordStump",
    "off": 22351,
    "sff": "spinal cord"
  },
  {
    "docID": "N229 Yui 2014",
    "et": "SpinalCordStump",
    "off": 14738,
    "sff": "spinal cord"
  },
  {
    "docID": "N229 Yui 2014",
    "et": "SpinalCordStump",
    "off": 19410,
    "sff": "spinal cord"
  },
  {
    "docID": "N229 Yui 2014",
    "et": "SpinalCordStump",
    "off": 24018,
    "sff": "spinal cord"
  },
  {
    "docID": "N229 Yui 2014",
    "et": "SpinalCordStump",
    "off": 25490,
    "sff": "spinal cord"
  },
  {
    "docID": "N229 Yui 2014",
    "et": "SpinalCordStump",
    "off": 13772,
    "sff": "spinal cord"
  },
  {
    "docID": "N229 Yui 2014",
    "et": "SpinalCordStump",
    "off": 15755,
    "sff": "spinal cord"
  },
  {
    "docID": "N229 Yui 2014",
    "et": "SpinalCordStump",
    "off": 14414,
    "sff": "spinal cord"
  },
  {
    "docID": "N229 Yui 2014",
    "et": "SpinalCordStump",
    "off": 23822,
    "sff": "spinal cord"
  },
  {
    "docID": "N229 Yui 2014",
    "et": "SpinalCordStump",
    "off": 21021,
    "sff": "spinal"
  },
  {
    "docID": "N229 Yui 2014",
    "et": "SpinalCordStump",
    "off": 4809,
    "sff": "spinal cord"
  },
  {
    "docID": "N229 Yui 2014",
    "et": "SpinalCordStump",
    "off": 13316,
    "sff": "spinal cord"
  },
  {
    "docID": "N229 Yui 2014",
    "et": "SpinalCordStump",
    "off": 20676,
    "sff": "spinal cord"
  },
  {
    "docID": "N229 Yui 2014",
    "et": "SpinalCordStump",
    "off": 24805,
    "sff": "spinal"
  },
  {
    "docID": "N229 Yui 2014",
    "et": "SpinalCordStump",
    "off": 64,
    "sff": "spinal cord"
  },
  {
    "docID": "N229 Yui 2014",
    "et": "SpinalCordStump",
    "off": 22247,
    "sff": "spinal"
  },
  {
    "docID": "N229 Yui 2014",
    "et": "SpinalCordStump",
    "off": 20866,
    "sff": "spinal cord"
  },
  {
    "docID": "N229 Yui 2014",
    "et": "SpinalCordStump",
    "off": 2860,
    "sff": "spinal"
  },
  {
    "docID": "N229 Yui 2014",
    "et": "SpinalCordStump",
    "off": 15229,
    "sff": "spinal cord"
  },
  {
    "docID": "N229 Yui 2014",
    "et": "SpinalCordStump",
    "off": 14516,
    "sff": "spinal cord"
  },
  {
    "docID": "N229 Yui 2014",
    "et": "SpinalCordStump",
    "off": 947,
    "sff": "spinal cord"
  },
  {
    "docID": "N229 Yui 2014",
    "et": "SpinalCordStump",
    "off": 21173,
    "sff": "spinal cord"
  },
  {
    "docID": "N229 Yui 2014",
    "et": "SpinalCordStump",
    "off": 18544,
    "sff": "spinal cord"
  },
  {
    "docID": "N229 Yui 2014",
    "et": "SpinalCordStump",
    "off": 21880,
    "sff": "spinal"
  },
  {
    "docID": "N229 Yui 2014",
    "et": "SpinalCordStump",
    "off": 15727,
    "sff": "spinal cord"
  },
  {
    "docID": "N229 Yui 2014",
    "et": "SpinalCordStump",
    "off": 18607,
    "sff": "spinal cord"
  },
  {
    "docID": "N229 Yui 2014",
    "et": "SpinalCordStump",
    "off": 369,
    "sff": "spinal cord"
  },
  {
    "docID": "N229 Yui 2014",
    "et": "SpinalCordStump",
    "off": 12972,
    "sff": "spinal cord"
  },
  {
    "docID": "N229 Yui 2014",
    "et": "SpinalCordStump",
    "off": 19493,
    "sff": "cord"
  },
  {
    "docID": "N229 Yui 2014",
    "et": "SpinalCordStump",
    "off": 14848,
    "sff": "spinal"
  },
  {
    "docID": "N229 Yui 2014",
    "et": "SpinalCordStump",
    "off": 21414,
    "sff": "spinal cord"
  },
  {
    "docID": "N229 Yui 2014",
    "et": "HReflexTest",
    "off": 5966,
    "sff": "reflex"
  },
  {
    "docID": "N229 Yui 2014",
    "et": "HReflexTest",
    "off": 12404,
    "sff": "reflex"
  },
  {
    "docID": "N229 Yui 2014",
    "et": "SpinalWhiteMatter",
    "off": 19962,
    "sff": "white matter"
  },
  {
    "docID": "N229 Yui 2014",
    "et": "SpinalWhiteMatter",
    "off": 21173,
    "sff": "spinal"
  },
  {
    "docID": "N229 Yui 2014",
    "et": "SpinalWhiteMatter",
    "off": 14516,
    "sff": "spinal"
  },
  {
    "docID": "N229 Yui 2014",
    "et": "SpinalWhiteMatter",
    "off": 947,
    "sff": "spinal"
  },
  {
    "docID": "N229 Yui 2014",
    "et": "SpinalWhiteMatter",
    "off": 18607,
    "sff": "spinal"
  },
  {
    "docID": "N229 Yui 2014",
    "et": "SpinalWhiteMatter",
    "off": 2860,
    "sff": "spinal"
  },
  {
    "docID": "N229 Yui 2014",
    "et": "SpinalWhiteMatter",
    "off": 12972,
    "sff": "spinal"
  },
  {
    "docID": "N229 Yui 2014",
    "et": "SpinalWhiteMatter",
    "off": 20920,
    "sff": "white"
  },
  {
    "docID": "N229 Yui 2014",
    "et": "SpinalWhiteMatter",
    "off": 19467,
    "sff": "white matter"
  },
  {
    "docID": "N229 Yui 2014",
    "et": "SpinalWhiteMatter",
    "off": 21414,
    "sff": "spinal"
  },
  {
    "docID": "N229 Yui 2014",
    "et": "SpinalWhiteMatter",
    "off": 23585,
    "sff": "spinal"
  },
  {
    "docID": "N229 Yui 2014",
    "et": "SpinalWhiteMatter",
    "off": 1184,
    "sff": "spinal"
  },
  {
    "docID": "N229 Yui 2014",
    "et": "SpinalWhiteMatter",
    "off": 21021,
    "sff": "spinal"
  },
  {
    "docID": "N229 Yui 2014",
    "et": "SpinalWhiteMatter",
    "off": 4181,
    "sff": "spinal"
  },
  {
    "docID": "N229 Yui 2014",
    "et": "SpinalWhiteMatter",
    "off": 13525,
    "sff": "spinal"
  },
  {
    "docID": "N229 Yui 2014",
    "et": "SpinalWhiteMatter",
    "off": 19410,
    "sff": "spinal"
  },
  {
    "docID": "N229 Yui 2014",
    "et": "SpinalWhiteMatter",
    "off": 20759,
    "sff": "white matter"
  },
  {
    "docID": "N229 Yui 2014",
    "et": "SpinalWhiteMatter",
    "off": 24018,
    "sff": "spinal"
  },
  {
    "docID": "N229 Yui 2014",
    "et": "SpinalWhiteMatter",
    "off": 22351,
    "sff": "spinal"
  },
  {
    "docID": "N229 Yui 2014",
    "et": "SpinalWhiteMatter",
    "off": 14414,
    "sff": "spinal"
  },
  {
    "docID": "N229 Yui 2014",
    "et": "SpinalWhiteMatter",
    "off": 13772,
    "sff": "spinal"
  },
  {
    "docID": "N229 Yui 2014",
    "et": "SpinalWhiteMatter",
    "off": 4809,
    "sff": "spinal"
  },
  {
    "docID": "N229 Yui 2014",
    "et": "SpinalWhiteMatter",
    "off": 21567,
    "sff": "white"
  },
  {
    "docID": "N229 Yui 2014",
    "et": "SpinalWhiteMatter",
    "off": 20676,
    "sff": "spinal"
  },
  {
    "docID": "N229 Yui 2014",
    "et": "SpinalWhiteMatter",
    "off": 64,
    "sff": "spinal"
  },
  {
    "docID": "N229 Yui 2014",
    "et": "SpinalWhiteMatter",
    "off": 20920,
    "sff": "white matter"
  },
  {
    "docID": "N229 Yui 2014",
    "et": "SpinalWhiteMatter",
    "off": 369,
    "sff": "spinal"
  },
  {
    "docID": "N229 Yui 2014",
    "et": "SpinalWhiteMatter",
    "off": 18544,
    "sff": "spinal"
  },
  {
    "docID": "N229 Yui 2014",
    "et": "SpinalWhiteMatter",
    "off": 15727,
    "sff": "spinal"
  },
  {
    "docID": "N229 Yui 2014",
    "et": "SpinalWhiteMatter",
    "off": 19962,
    "sff": "white"
  },
  {
    "docID": "N229 Yui 2014",
    "et": "SpinalWhiteMatter",
    "off": 22247,
    "sff": "spinal"
  },
  {
    "docID": "N229 Yui 2014",
    "et": "SpinalWhiteMatter",
    "off": 24805,
    "sff": "spinal"
  },
  {
    "docID": "N229 Yui 2014",
    "et": "SpinalWhiteMatter",
    "off": 21987,
    "sff": "white"
  },
  {
    "docID": "N229 Yui 2014",
    "et": "SpinalWhiteMatter",
    "off": 607,
    "sff": "spinal"
  },
  {
    "docID": "N229 Yui 2014",
    "et": "SpinalWhiteMatter",
    "off": 21727,
    "sff": "spinal"
  },
  {
    "docID": "N229 Yui 2014",
    "et": "SpinalWhiteMatter",
    "off": 21567,
    "sff": "white matter"
  },
  {
    "docID": "N229 Yui 2014",
    "et": "SpinalWhiteMatter",
    "off": 1113,
    "sff": "spinal"
  },
  {
    "docID": "N229 Yui 2014",
    "et": "SpinalWhiteMatter",
    "off": 19691,
    "sff": "white"
  },
  {
    "docID": "N229 Yui 2014",
    "et": "SpinalWhiteMatter",
    "off": 19607,
    "sff": "spinal"
  },
  {
    "docID": "N229 Yui 2014",
    "et": "SpinalWhiteMatter",
    "off": 26005,
    "sff": "spinal"
  },
  {
    "docID": "N229 Yui 2014",
    "et": "SpinalWhiteMatter",
    "off": 14738,
    "sff": "spinal"
  },
  {
    "docID": "N229 Yui 2014",
    "et": "SpinalWhiteMatter",
    "off": 25490,
    "sff": "spinal"
  },
  {
    "docID": "N229 Yui 2014",
    "et": "SpinalWhiteMatter",
    "off": 21392,
    "sff": "spinal"
  },
  {
    "docID": "N229 Yui 2014",
    "et": "SpinalWhiteMatter",
    "off": 23822,
    "sff": "spinal"
  },
  {
    "docID": "N229 Yui 2014",
    "et": "SpinalWhiteMatter",
    "off": 20759,
    "sff": "white"
  },
  {
    "docID": "N229 Yui 2014",
    "et": "SpinalWhiteMatter",
    "off": 24332,
    "sff": "spinal"
  },
  {
    "docID": "N229 Yui 2014",
    "et": "SpinalWhiteMatter",
    "off": 15755,
    "sff": "spinal"
  },
  {
    "docID": "N229 Yui 2014",
    "et": "SpinalWhiteMatter",
    "off": 22026,
    "sff": "spinal"
  },
  {
    "docID": "N229 Yui 2014",
    "et": "SpinalWhiteMatter",
    "off": 19691,
    "sff": "white matter"
  },
  {
    "docID": "N229 Yui 2014",
    "et": "SpinalWhiteMatter",
    "off": 13316,
    "sff": "spinal"
  },
  {
    "docID": "N229 Yui 2014",
    "et": "SpinalWhiteMatter",
    "off": 20866,
    "sff": "spinal"
  },
  {
    "docID": "N229 Yui 2014",
    "et": "SpinalWhiteMatter",
    "off": 14848,
    "sff": "spinal"
  },
  {
    "docID": "N229 Yui 2014",
    "et": "SpinalWhiteMatter",
    "off": 21987,
    "sff": "white matter"
  },
  {
    "docID": "N229 Yui 2014",
    "et": "SpinalWhiteMatter",
    "off": 15229,
    "sff": "spinal"
  },
  {
    "docID": "N229 Yui 2014",
    "et": "SpinalWhiteMatter",
    "off": 19467,
    "sff": "white"
  },
  {
    "docID": "N229 Yui 2014",
    "et": "SpinalWhiteMatter",
    "off": 21880,
    "sff": "spinal"
  },
  {
    "docID": "N229 Yui 2014",
    "et": "Dorsal",
    "off": 11912,
    "sff": "dorsal"
  },
  {
    "docID": "N229 Yui 2014",
    "et": "BladderFunctionTest",
    "off": 12396,
    "sff": "bladder"
  },
  {
    "docID": "N229 Yui 2014",
    "et": "BodyWeightExamination",
    "off": 19256,
    "sff": "weight"
  },
  {
    "docID": "N229 Yui 2014",
    "et": "BodyWeightExamination",
    "off": 11566,
    "sff": "weight"
  },
  {
    "docID": "N229 Yui 2014",
    "et": "BodyWeightExamination",
    "off": 11317,
    "sff": "weight"
  },
  {
    "docID": "N229 Yui 2014",
    "et": "BodyWeightExamination",
    "off": 19076,
    "sff": "weight"
  },
  {
    "docID": "N229 Yui 2014",
    "et": "TailVeinLocation",
    "off": 13490,
    "sff": "vein"
  },
  {
    "docID": "N229 Yui 2014",
    "et": "SpinalGrayMatter",
    "off": 607,
    "sff": "spinal"
  },
  {
    "docID": "N229 Yui 2014",
    "et": "SpinalGrayMatter",
    "off": 21727,
    "sff": "spinal"
  },
  {
    "docID": "N229 Yui 2014",
    "et": "SpinalGrayMatter",
    "off": 20689,
    "sff": "gray"
  },
  {
    "docID": "N229 Yui 2014",
    "et": "SpinalGrayMatter",
    "off": 24805,
    "sff": "spinal"
  },
  {
    "docID": "N229 Yui 2014",
    "et": "SpinalGrayMatter",
    "off": 22247,
    "sff": "spinal"
  },
  {
    "docID": "N229 Yui 2014",
    "et": "SpinalGrayMatter",
    "off": 13772,
    "sff": "spinal"
  },
  {
    "docID": "N229 Yui 2014",
    "et": "SpinalGrayMatter",
    "off": 14414,
    "sff": "spinal"
  },
  {
    "docID": "N229 Yui 2014",
    "et": "SpinalGrayMatter",
    "off": 22351,
    "sff": "spinal"
  },
  {
    "docID": "N229 Yui 2014",
    "et": "SpinalGrayMatter",
    "off": 19410,
    "sff": "spinal"
  },
  {
    "docID": "N229 Yui 2014",
    "et": "SpinalGrayMatter",
    "off": 24018,
    "sff": "spinal"
  },
  {
    "docID": "N229 Yui 2014",
    "et": "SpinalGrayMatter",
    "off": 4181,
    "sff": "spinal"
  },
  {
    "docID": "N229 Yui 2014",
    "et": "SpinalGrayMatter",
    "off": 13525,
    "sff": "spinal"
  },
  {
    "docID": "N229 Yui 2014",
    "et": "SpinalGrayMatter",
    "off": 1113,
    "sff": "spinal"
  },
  {
    "docID": "N229 Yui 2014",
    "et": "SpinalGrayMatter",
    "off": 15229,
    "sff": "spinal"
  },
  {
    "docID": "N229 Yui 2014",
    "et": "SpinalGrayMatter",
    "off": 14848,
    "sff": "spinal"
  },
  {
    "docID": "N229 Yui 2014",
    "et": "SpinalGrayMatter",
    "off": 20866,
    "sff": "spinal"
  },
  {
    "docID": "N229 Yui 2014",
    "et": "SpinalGrayMatter",
    "off": 21551,
    "sff": "gray"
  },
  {
    "docID": "N229 Yui 2014",
    "et": "SpinalGrayMatter",
    "off": 21935,
    "sff": "gray"
  },
  {
    "docID": "N229 Yui 2014",
    "et": "SpinalGrayMatter",
    "off": 13316,
    "sff": "spinal"
  },
  {
    "docID": "N229 Yui 2014",
    "et": "SpinalGrayMatter",
    "off": 19945,
    "sff": "gray matter"
  },
  {
    "docID": "N229 Yui 2014",
    "et": "SpinalGrayMatter",
    "off": 20904,
    "sff": "gray"
  },
  {
    "docID": "N229 Yui 2014",
    "et": "SpinalGrayMatter",
    "off": 21478,
    "sff": "gray matter"
  },
  {
    "docID": "N229 Yui 2014",
    "et": "SpinalGrayMatter",
    "off": 22026,
    "sff": "spinal"
  },
  {
    "docID": "N229 Yui 2014",
    "et": "SpinalGrayMatter",
    "off": 15755,
    "sff": "spinal"
  },
  {
    "docID": "N229 Yui 2014",
    "et": "SpinalGrayMatter",
    "off": 15727,
    "sff": "spinal"
  },
  {
    "docID": "N229 Yui 2014",
    "et": "SpinalGrayMatter",
    "off": 18544,
    "sff": "spinal"
  },
  {
    "docID": "N229 Yui 2014",
    "et": "SpinalGrayMatter",
    "off": 369,
    "sff": "spinal"
  },
  {
    "docID": "N229 Yui 2014",
    "et": "SpinalGrayMatter",
    "off": 19450,
    "sff": "gray matter"
  },
  {
    "docID": "N229 Yui 2014",
    "et": "SpinalGrayMatter",
    "off": 21880,
    "sff": "spinal"
  },
  {
    "docID": "N229 Yui 2014",
    "et": "SpinalGrayMatter",
    "off": 21021,
    "sff": "spinal"
  },
  {
    "docID": "N229 Yui 2014",
    "et": "SpinalGrayMatter",
    "off": 1184,
    "sff": "spinal"
  },
  {
    "docID": "N229 Yui 2014",
    "et": "SpinalGrayMatter",
    "off": 23585,
    "sff": "spinal"
  },
  {
    "docID": "N229 Yui 2014",
    "et": "SpinalGrayMatter",
    "off": 21414,
    "sff": "spinal"
  },
  {
    "docID": "N229 Yui 2014",
    "et": "SpinalGrayMatter",
    "off": 24332,
    "sff": "spinal"
  },
  {
    "docID": "N229 Yui 2014",
    "et": "SpinalGrayMatter",
    "off": 20689,
    "sff": "gray matter"
  },
  {
    "docID": "N229 Yui 2014",
    "et": "SpinalGrayMatter",
    "off": 23822,
    "sff": "spinal"
  },
  {
    "docID": "N229 Yui 2014",
    "et": "SpinalGrayMatter",
    "off": 21392,
    "sff": "spinal"
  },
  {
    "docID": "N229 Yui 2014",
    "et": "SpinalGrayMatter",
    "off": 14738,
    "sff": "spinal"
  },
  {
    "docID": "N229 Yui 2014",
    "et": "SpinalGrayMatter",
    "off": 25490,
    "sff": "spinal"
  },
  {
    "docID": "N229 Yui 2014",
    "et": "SpinalGrayMatter",
    "off": 19674,
    "sff": "gray matter"
  },
  {
    "docID": "N229 Yui 2014",
    "et": "SpinalGrayMatter",
    "off": 26005,
    "sff": "spinal"
  },
  {
    "docID": "N229 Yui 2014",
    "et": "SpinalGrayMatter",
    "off": 19450,
    "sff": "gray"
  },
  {
    "docID": "N229 Yui 2014",
    "et": "SpinalGrayMatter",
    "off": 19607,
    "sff": "spinal"
  },
  {
    "docID": "N229 Yui 2014",
    "et": "SpinalGrayMatter",
    "off": 64,
    "sff": "spinal"
  },
  {
    "docID": "N229 Yui 2014",
    "et": "SpinalGrayMatter",
    "off": 20676,
    "sff": "spinal"
  },
  {
    "docID": "N229 Yui 2014",
    "et": "SpinalGrayMatter",
    "off": 20904,
    "sff": "gray matter"
  },
  {
    "docID": "N229 Yui 2014",
    "et": "SpinalGrayMatter",
    "off": 4809,
    "sff": "spinal"
  },
  {
    "docID": "N229 Yui 2014",
    "et": "SpinalGrayMatter",
    "off": 19945,
    "sff": "gray"
  },
  {
    "docID": "N229 Yui 2014",
    "et": "SpinalGrayMatter",
    "off": 21478,
    "sff": "gray"
  },
  {
    "docID": "N229 Yui 2014",
    "et": "SpinalGrayMatter",
    "off": 2860,
    "sff": "spinal"
  },
  {
    "docID": "N229 Yui 2014",
    "et": "SpinalGrayMatter",
    "off": 12972,
    "sff": "spinal"
  },
  {
    "docID": "N229 Yui 2014",
    "et": "SpinalGrayMatter",
    "off": 18607,
    "sff": "spinal"
  },
  {
    "docID": "N229 Yui 2014",
    "et": "SpinalGrayMatter",
    "off": 21551,
    "sff": "gray matter"
  },
  {
    "docID": "N229 Yui 2014",
    "et": "SpinalGrayMatter",
    "off": 21935,
    "sff": "gray matter"
  },
  {
    "docID": "N229 Yui 2014",
    "et": "SpinalGrayMatter",
    "off": 947,
    "sff": "spinal"
  },
  {
    "docID": "N229 Yui 2014",
    "et": "SpinalGrayMatter",
    "off": 14516,
    "sff": "spinal"
  },
  {
    "docID": "N229 Yui 2014",
    "et": "SpinalGrayMatter",
    "off": 21173,
    "sff": "spinal"
  },
  {
    "docID": "N229 Yui 2014",
    "et": "SpinalGrayMatter",
    "off": 19674,
    "sff": "gray"
  },
  {
    "docID": "N229 Yui 2014",
    "et": "CephalicVeinLocation",
    "off": 13490,
    "sff": "vein"
  },
  {
    "docID": "N229 Yui 2014",
    "et": "BaseOfSupport",
    "off": 18833,
    "sff": "base"
  },
  {
    "docID": "N229 Yui 2014",
    "et": "AxonalChangesTest",
    "off": 2940,
    "sff": "axonal"
  },
  {
    "docID": "N229 Yui 2014",
    "et": "AxonalChangesTest",
    "off": 3997,
    "sff": "axonal"
  },
  {
    "docID": "N229 Yui 2014",
    "et": "AxonalChangesTest",
    "off": 2033,
    "sff": "axonal"
  },
  {
    "docID": "N229 Yui 2014",
    "et": "AxonalChangesTest",
    "off": 2449,
    "sff": "axonal"
  },
  {
    "docID": "N229 Yui 2014",
    "et": "AxonalChangesTest",
    "off": 25893,
    "sff": "axonal"
  },
  {
    "docID": "N229 Yui 2014",
    "et": "AxonalChangesTest",
    "off": 3479,
    "sff": "axonal"
  },
  {
    "docID": "N229 Yui 2014",
    "et": "AxonalChangesTest",
    "off": 2825,
    "sff": "axonal"
  },
  {
    "docID": "N229 Yui 2014",
    "et": "LocomotorTest",
    "off": 25916,
    "sff": "locomotor"
  },
  {
    "docID": "N229 Yui 2014",
    "et": "VertebralArea",
    "off": 11956,
    "sff": "vertebral"
  },
  {
    "docID": "N229 Yui 2014",
    "et": "Caudal",
    "off": 13597,
    "sff": "caudal"
  },
  {
    "docID": "N229 Yui 2014",
    "et": "Caudal",
    "off": 21307,
    "sff": "caudal"
  },
  {
    "docID": "N229 Yui 2014",
    "et": "VertebralSegment",
    "off": 11956,
    "sff": "vertebral"
  },
  {
    "docID": "N229 Yui 2014",
    "et": "BladderFunctionParameter",
    "off": 25926,
    "sff": "function"
  },
  {
    "docID": "N229 Yui 2014",
    "et": "BladderFunctionParameter",
    "off": 12396,
    "sff": "bladder"
  },
  {
    "docID": "N229 Yui 2014",
    "et": "SignalAbsence",
    "off": 18012,
    "sff": "signal"
  },
  {
    "docID": "N229 Yui 2014",
    "et": "SignalAbsence",
    "off": 17096,
    "sff": "signal"
  },
  {
    "docID": "N229 Yui 2014",
    "et": "SignalAbsence",
    "off": 23633,
    "sff": "signal"
  },
  {
    "docID": "N229 Yui 2014",
    "et": "SignalAbsence",
    "off": 24545,
    "sff": "signal"
  },
  {
    "docID": "N229 Yui 2014",
    "et": "VerticalGrid",
    "off": 20108,
    "sff": "Vertical"
  },
  {
    "docID": "N229 Yui 2014",
    "et": "GaitAnalysisParameter",
    "off": 18128,
    "sff": "analysis"
  },
  {
    "docID": "N229 Yui 2014",
    "et": "GaitAnalysisParameter",
    "off": 16849,
    "sff": "analysis"
  },
  {
    "docID": "N229 Yui 2014",
    "et": "T10",
    "off": 11952,
    "sff": "T10"
  },
  {
    "docID": "N229 Yui 2014",
    "et": "T10",
    "off": 12955,
    "sff": "T10"
  },
  {
    "docID": "N229 Yui 2014",
    "et": "T10",
    "off": 21017,
    "sff": "T10"
  },
  {
    "docID": "N229 Yui 2014",
    "et": "T12",
    "off": 14721,
    "sff": "T12"
  },
  {
    "docID": "N229 Yui 2014",
    "et": "VertebralLocation",
    "off": 11956,
    "sff": "vertebral"
  },
  {
    "docID": "N229 Yui 2014",
    "et": "IntraperitonealLocation",
    "off": 5870,
    "sff": "intraperitoneal"
  },
  {
    "docID": "N229 Yui 2014",
    "et": "AxonalSproutingTest",
    "off": 2033,
    "sff": "axonal"
  },
  {
    "docID": "N229 Yui 2014",
    "et": "AxonalSproutingTest",
    "off": 2449,
    "sff": "axonal"
  },
  {
    "docID": "N229 Yui 2014",
    "et": "AxonalSproutingTest",
    "off": 3479,
    "sff": "axonal"
  },
  {
    "docID": "N229 Yui 2014",
    "et": "AxonalSproutingTest",
    "off": 25893,
    "sff": "axonal"
  },
  {
    "docID": "N229 Yui 2014",
    "et": "AxonalSproutingTest",
    "off": 2940,
    "sff": "axonal"
  },
  {
    "docID": "N229 Yui 2014",
    "et": "AxonalSproutingTest",
    "off": 2825,
    "sff": "axonal"
  },
  {
    "docID": "N229 Yui 2014",
    "et": "AxonalSproutingTest",
    "off": 3997,
    "sff": "axonal"
  },
  {
    "docID": "N229 Yui 2014",
    "et": "BladderSize",
    "off": 12396,
    "sff": "bladder"
  },
  {
    "docID": "N229 Yui 2014",
    "et": "NeuronalCellLossTest",
    "off": 1519,
    "sff": "Cell"
  },
  {
    "docID": "N229 Yui 2014",
    "et": "NeuronalCellLossTest",
    "off": 1896,
    "sff": "cell"
  },
  {
    "docID": "N229 Yui 2014",
    "et": "NeuronalCellLossTest",
    "off": 7256,
    "sff": "cell"
  },
  {
    "docID": "N229 Yui 2014",
    "et": "NeuronalCellLossTest",
    "off": 13687,
    "sff": "cell"
  },
  {
    "docID": "N229 Yui 2014",
    "et": "NeuronalCellLossTest",
    "off": 8625,
    "sff": "cell"
  },
  {
    "docID": "N229 Yui 2014",
    "et": "NeuronalCellLossTest",
    "off": 18896,
    "sff": "cell"
  },
  {
    "docID": "N229 Yui 2014",
    "et": "NeuronalCellLossTest",
    "off": 13261,
    "sff": "cell"
  },
  {
    "docID": "N229 Yui 2014",
    "et": "NeuronalCellLossTest",
    "off": 24269,
    "sff": "cell"
  },
  {
    "docID": "N229 Yui 2014",
    "et": "VascularFunctionParameter",
    "off": 25926,
    "sff": "function"
  },
  {
    "docID": "N229 Yui 2014",
    "et": "ObservationOfAnimalBehaviour",
    "off": 17302,
    "sff": "observation"
  },
  {
    "docID": "N229 Yui 2014",
    "et": "ObservationOfAnimalBehaviour",
    "off": 14898,
    "sff": "observation"
  },
  {
    "docID": "N229 Yui 2014",
    "et": "ObservationOfAnimalBehaviour",
    "off": 5048,
    "sff": "Animal"
  },
  {
    "docID": "N229 Yui 2014",
    "et": "ObservationOfAnimalBehaviour",
    "off": 13049,
    "sff": "animal"
  },
  {
    "docID": "N229 Yui 2014",
    "et": "BladderWeight",
    "off": 12396,
    "sff": "bladder"
  },
  {
    "docID": "N229 Yui 2014",
    "et": "SpinalDorsalHalf",
    "off": 1184,
    "sff": "spinal"
  },
  {
    "docID": "N229 Yui 2014",
    "et": "SpinalDorsalHalf",
    "off": 23585,
    "sff": "spinal"
  },
  {
    "docID": "N229 Yui 2014",
    "et": "SpinalDorsalHalf",
    "off": 607,
    "sff": "spinal"
  },
  {
    "docID": "N229 Yui 2014",
    "et": "SpinalDorsalHalf",
    "off": 21727,
    "sff": "spinal"
  },
  {
    "docID": "N229 Yui 2014",
    "et": "SpinalDorsalHalf",
    "off": 21021,
    "sff": "spinal"
  },
  {
    "docID": "N229 Yui 2014",
    "et": "SpinalDorsalHalf",
    "off": 1113,
    "sff": "spinal"
  },
  {
    "docID": "N229 Yui 2014",
    "et": "SpinalDorsalHalf",
    "off": 19607,
    "sff": "spinal"
  },
  {
    "docID": "N229 Yui 2014",
    "et": "SpinalDorsalHalf",
    "off": 4181,
    "sff": "spinal"
  },
  {
    "docID": "N229 Yui 2014",
    "et": "SpinalDorsalHalf",
    "off": 13525,
    "sff": "spinal"
  },
  {
    "docID": "N229 Yui 2014",
    "et": "SpinalDorsalHalf",
    "off": 26005,
    "sff": "spinal"
  },
  {
    "docID": "N229 Yui 2014",
    "et": "SpinalDorsalHalf",
    "off": 14738,
    "sff": "spinal"
  },
  {
    "docID": "N229 Yui 2014",
    "et": "SpinalDorsalHalf",
    "off": 19410,
    "sff": "spinal"
  },
  {
    "docID": "N229 Yui 2014",
    "et": "SpinalDorsalHalf",
    "off": 24018,
    "sff": "spinal"
  },
  {
    "docID": "N229 Yui 2014",
    "et": "SpinalDorsalHalf",
    "off": 25490,
    "sff": "spinal"
  },
  {
    "docID": "N229 Yui 2014",
    "et": "SpinalDorsalHalf",
    "off": 18544,
    "sff": "spinal"
  },
  {
    "docID": "N229 Yui 2014",
    "et": "SpinalDorsalHalf",
    "off": 369,
    "sff": "spinal"
  },
  {
    "docID": "N229 Yui 2014",
    "et": "SpinalDorsalHalf",
    "off": 15727,
    "sff": "spinal"
  },
  {
    "docID": "N229 Yui 2014",
    "et": "SpinalDorsalHalf",
    "off": 18607,
    "sff": "spinal"
  },
  {
    "docID": "N229 Yui 2014",
    "et": "SpinalDorsalHalf",
    "off": 2860,
    "sff": "spinal"
  },
  {
    "docID": "N229 Yui 2014",
    "et": "SpinalDorsalHalf",
    "off": 12972,
    "sff": "spinal"
  },
  {
    "docID": "N229 Yui 2014",
    "et": "SpinalDorsalHalf",
    "off": 11912,
    "sff": "dorsal"
  },
  {
    "docID": "N229 Yui 2014",
    "et": "SpinalDorsalHalf",
    "off": 21414,
    "sff": "spinal"
  },
  {
    "docID": "N229 Yui 2014",
    "et": "SpinalDorsalHalf",
    "off": 22247,
    "sff": "spinal"
  },
  {
    "docID": "N229 Yui 2014",
    "et": "SpinalDorsalHalf",
    "off": 24805,
    "sff": "spinal"
  },
  {
    "docID": "N229 Yui 2014",
    "et": "SpinalDorsalHalf",
    "off": 64,
    "sff": "spinal"
  },
  {
    "docID": "N229 Yui 2014",
    "et": "SpinalDorsalHalf",
    "off": 14848,
    "sff": "spinal"
  },
  {
    "docID": "N229 Yui 2014",
    "et": "SpinalDorsalHalf",
    "off": 15229,
    "sff": "spinal"
  },
  {
    "docID": "N229 Yui 2014",
    "et": "SpinalDorsalHalf",
    "off": 21880,
    "sff": "spinal"
  },
  {
    "docID": "N229 Yui 2014",
    "et": "SpinalDorsalHalf",
    "off": 14516,
    "sff": "spinal"
  },
  {
    "docID": "N229 Yui 2014",
    "et": "SpinalDorsalHalf",
    "off": 21173,
    "sff": "spinal"
  },
  {
    "docID": "N229 Yui 2014",
    "et": "SpinalDorsalHalf",
    "off": 947,
    "sff": "spinal"
  },
  {
    "docID": "N229 Yui 2014",
    "et": "SpinalDorsalHalf",
    "off": 21392,
    "sff": "spinal"
  },
  {
    "docID": "N229 Yui 2014",
    "et": "SpinalDorsalHalf",
    "off": 14414,
    "sff": "spinal"
  },
  {
    "docID": "N229 Yui 2014",
    "et": "SpinalDorsalHalf",
    "off": 23822,
    "sff": "spinal"
  },
  {
    "docID": "N229 Yui 2014",
    "et": "SpinalDorsalHalf",
    "off": 22351,
    "sff": "spinal"
  },
  {
    "docID": "N229 Yui 2014",
    "et": "SpinalDorsalHalf",
    "off": 13772,
    "sff": "spinal"
  },
  {
    "docID": "N229 Yui 2014",
    "et": "SpinalDorsalHalf",
    "off": 24332,
    "sff": "spinal"
  },
  {
    "docID": "N229 Yui 2014",
    "et": "SpinalDorsalHalf",
    "off": 22026,
    "sff": "spinal"
  },
  {
    "docID": "N229 Yui 2014",
    "et": "SpinalDorsalHalf",
    "off": 15755,
    "sff": "spinal"
  },
  {
    "docID": "N229 Yui 2014",
    "et": "SpinalDorsalHalf",
    "off": 4809,
    "sff": "spinal"
  },
  {
    "docID": "N229 Yui 2014",
    "et": "SpinalDorsalHalf",
    "off": 13316,
    "sff": "spinal"
  },
  {
    "docID": "N229 Yui 2014",
    "et": "SpinalDorsalHalf",
    "off": 20676,
    "sff": "spinal"
  },
  {
    "docID": "N229 Yui 2014",
    "et": "SpinalDorsalHalf",
    "off": 20866,
    "sff": "spinal"
  },
  {
    "docID": "N229 Yui 2014",
    "et": "SignalPresence",
    "off": 23633,
    "sff": "signal"
  },
  {
    "docID": "N229 Yui 2014",
    "et": "SignalPresence",
    "off": 24545,
    "sff": "signal"
  },
  {
    "docID": "N229 Yui 2014",
    "et": "SignalPresence",
    "off": 18012,
    "sff": "signal"
  },
  {
    "docID": "N229 Yui 2014",
    "et": "SignalPresence",
    "off": 17096,
    "sff": "signal"
  },
  {
    "docID": "N229 Yui 2014",
    "et": "MeanArterialPressure",
    "off": 17930,
    "sff": "mean"
  },
  {
    "docID": "N229 Yui 2014",
    "et": "SpinalCordEvokedPotentialsTest",
    "off": 14738,
    "sff": "spinal cord"
  },
  {
    "docID": "N229 Yui 2014",
    "et": "SpinalCordEvokedPotentialsTest",
    "off": 19410,
    "sff": "spinal cord"
  },
  {
    "docID": "N229 Yui 2014",
    "et": "SpinalCordEvokedPotentialsTest",
    "off": 24018,
    "sff": "spinal cord"
  },
  {
    "docID": "N229 Yui 2014",
    "et": "SpinalCordEvokedPotentialsTest",
    "off": 25490,
    "sff": "spinal cord"
  },
  {
    "docID": "N229 Yui 2014",
    "et": "SpinalCordEvokedPotentialsTest",
    "off": 14414,
    "sff": "spinal cord"
  },
  {
    "docID": "N229 Yui 2014",
    "et": "SpinalCordEvokedPotentialsTest",
    "off": 22351,
    "sff": "spinal cord"
  },
  {
    "docID": "N229 Yui 2014",
    "et": "SpinalCordEvokedPotentialsTest",
    "off": 21392,
    "sff": "spinal cord"
  },
  {
    "docID": "N229 Yui 2014",
    "et": "SpinalCordEvokedPotentialsTest",
    "off": 14848,
    "sff": "spinal"
  },
  {
    "docID": "N229 Yui 2014",
    "et": "SpinalCordEvokedPotentialsTest",
    "off": 23822,
    "sff": "spinal cord"
  },
  {
    "docID": "N229 Yui 2014",
    "et": "SpinalCordEvokedPotentialsTest",
    "off": 4809,
    "sff": "spinal cord"
  },
  {
    "docID": "N229 Yui 2014",
    "et": "SpinalCordEvokedPotentialsTest",
    "off": 13772,
    "sff": "spinal cord"
  },
  {
    "docID": "N229 Yui 2014",
    "et": "SpinalCordEvokedPotentialsTest",
    "off": 15755,
    "sff": "spinal cord"
  },
  {
    "docID": "N229 Yui 2014",
    "et": "SpinalCordEvokedPotentialsTest",
    "off": 22026,
    "sff": "spinal"
  },
  {
    "docID": "N229 Yui 2014",
    "et": "SpinalCordEvokedPotentialsTest",
    "off": 20676,
    "sff": "spinal cord"
  },
  {
    "docID": "N229 Yui 2014",
    "et": "SpinalCordEvokedPotentialsTest",
    "off": 13316,
    "sff": "spinal cord"
  },
  {
    "docID": "N229 Yui 2014",
    "et": "SpinalCordEvokedPotentialsTest",
    "off": 24332,
    "sff": "spinal"
  },
  {
    "docID": "N229 Yui 2014",
    "et": "SpinalCordEvokedPotentialsTest",
    "off": 20866,
    "sff": "spinal cord"
  },
  {
    "docID": "N229 Yui 2014",
    "et": "SpinalCordEvokedPotentialsTest",
    "off": 15229,
    "sff": "spinal cord"
  },
  {
    "docID": "N229 Yui 2014",
    "et": "SpinalCordEvokedPotentialsTest",
    "off": 64,
    "sff": "spinal cord"
  },
  {
    "docID": "N229 Yui 2014",
    "et": "SpinalCordEvokedPotentialsTest",
    "off": 21173,
    "sff": "spinal cord"
  },
  {
    "docID": "N229 Yui 2014",
    "et": "SpinalCordEvokedPotentialsTest",
    "off": 369,
    "sff": "spinal cord"
  },
  {
    "docID": "N229 Yui 2014",
    "et": "SpinalCordEvokedPotentialsTest",
    "off": 14516,
    "sff": "spinal cord"
  },
  {
    "docID": "N229 Yui 2014",
    "et": "SpinalCordEvokedPotentialsTest",
    "off": 947,
    "sff": "spinal cord"
  },
  {
    "docID": "N229 Yui 2014",
    "et": "SpinalCordEvokedPotentialsTest",
    "off": 19493,
    "sff": "cord"
  },
  {
    "docID": "N229 Yui 2014",
    "et": "SpinalCordEvokedPotentialsTest",
    "off": 21021,
    "sff": "spinal"
  },
  {
    "docID": "N229 Yui 2014",
    "et": "SpinalCordEvokedPotentialsTest",
    "off": 18544,
    "sff": "spinal cord"
  },
  {
    "docID": "N229 Yui 2014",
    "et": "SpinalCordEvokedPotentialsTest",
    "off": 15727,
    "sff": "spinal cord"
  },
  {
    "docID": "N229 Yui 2014",
    "et": "SpinalCordEvokedPotentialsTest",
    "off": 18607,
    "sff": "spinal cord"
  },
  {
    "docID": "N229 Yui 2014",
    "et": "SpinalCordEvokedPotentialsTest",
    "off": 12972,
    "sff": "spinal cord"
  },
  {
    "docID": "N229 Yui 2014",
    "et": "SpinalCordEvokedPotentialsTest",
    "off": 24805,
    "sff": "spinal"
  },
  {
    "docID": "N229 Yui 2014",
    "et": "SpinalCordEvokedPotentialsTest",
    "off": 21414,
    "sff": "spinal cord"
  },
  {
    "docID": "N229 Yui 2014",
    "et": "SpinalCordEvokedPotentialsTest",
    "off": 22247,
    "sff": "spinal"
  },
  {
    "docID": "N229 Yui 2014",
    "et": "SpinalCordEvokedPotentialsTest",
    "off": 2860,
    "sff": "spinal"
  },
  {
    "docID": "N229 Yui 2014",
    "et": "SpinalCordEvokedPotentialsTest",
    "off": 23585,
    "sff": "spinal cord"
  },
  {
    "docID": "N229 Yui 2014",
    "et": "SpinalCordEvokedPotentialsTest",
    "off": 21727,
    "sff": "spinal cord"
  },
  {
    "docID": "N229 Yui 2014",
    "et": "SpinalCordEvokedPotentialsTest",
    "off": 1184,
    "sff": "spinal cord"
  },
  {
    "docID": "N229 Yui 2014",
    "et": "SpinalCordEvokedPotentialsTest",
    "off": 607,
    "sff": "spinal cord"
  },
  {
    "docID": "N229 Yui 2014",
    "et": "SpinalCordEvokedPotentialsTest",
    "off": 1113,
    "sff": "spinal cord"
  },
  {
    "docID": "N229 Yui 2014",
    "et": "SpinalCordEvokedPotentialsTest",
    "off": 4181,
    "sff": "spinal cord"
  },
  {
    "docID": "N229 Yui 2014",
    "et": "SpinalCordEvokedPotentialsTest",
    "off": 13525,
    "sff": "spinal cord"
  },
  {
    "docID": "N229 Yui 2014",
    "et": "SpinalCordEvokedPotentialsTest",
    "off": 21880,
    "sff": "spinal"
  },
  {
    "docID": "N229 Yui 2014",
    "et": "SpinalCordEvokedPotentialsTest",
    "off": 26005,
    "sff": "spinal cord"
  },
  {
    "docID": "N229 Yui 2014",
    "et": "SpinalCordEvokedPotentialsTest",
    "off": 19607,
    "sff": "spinal cord"
  }
]
