[
  {
    "docID": "N233 Zhang 2015",
    "et": "ForelimbStrengthTest",
    "off": 13761,
    "sff": "forelimb"
  },
  {
    "docID": "N233 Zhang 2015",
    "et": "MechanicalAllodyniaTest",
    "off": 6552,
    "sff": "mechanical"
  },
  {
    "docID": "N233 Zhang 2015",
    "et": "BBBTest",
    "off": 13244,
    "sff": "BBB"
  },
  {
    "docID": "N233 Zhang 2015",
    "et": "BBBTest",
    "off": 18508,
    "sff": "BBB"
  },
  {
    "docID": "N233 Zhang 2015",
    "et": "BBBTest",
    "off": 1010,
    "sff": "BBB"
  },
  {
    "docID": "N233 Zhang 2015",
    "et": "BBBTest",
    "off": 13319,
    "sff": "BBB"
  },
  {
    "docID": "N233 Zhang 2015",
    "et": "BBBTest",
    "off": 18378,
    "sff": "BBB"
  },
  {
    "docID": "N233 Zhang 2015",
    "et": "BBBTest",
    "off": 18618,
    "sff": "BBB"
  },
  {
    "docID": "N233 Zhang 2015",
    "et": "WalkingAnalysisParameter",
    "off": 15076,
    "sff": "analysis"
  },
  {
    "docID": "N233 Zhang 2015",
    "et": "WalkingAnalysisParameter",
    "off": 13966,
    "sff": "analysis"
  },
  {
    "docID": "N233 Zhang 2015",
    "et": "WalkingAnalysisParameter",
    "off": 11599,
    "sff": "analysis"
  },
  {
    "docID": "N233 Zhang 2015",
    "et": "WalkingAnalysisParameter",
    "off": 13805,
    "sff": "Analysis"
  },
  {
    "docID": "N233 Zhang 2015",
    "et": "MolecularChangesTest",
    "off": 17874,
    "sff": "molecular"
  },
  {
    "docID": "N233 Zhang 2015",
    "et": "MolecularChangesTest",
    "off": 1268,
    "sff": "molecular"
  },
  {
    "docID": "N233 Zhang 2015",
    "et": "MolecularChangesTest",
    "off": 21129,
    "sff": "molecular"
  },
  {
    "docID": "N233 Zhang 2015",
    "et": "SurfaceRightingReflexTest",
    "off": 21492,
    "sff": "surface"
  },
  {
    "docID": "N233 Zhang 2015",
    "et": "SpinalSubduralArea",
    "off": 10919,
    "sff": "spinal"
  },
  {
    "docID": "N233 Zhang 2015",
    "et": "SpinalSubduralArea",
    "off": 15719,
    "sff": "spinal"
  },
  {
    "docID": "N233 Zhang 2015",
    "et": "SpinalSubduralArea",
    "off": 9128,
    "sff": "spinal"
  },
  {
    "docID": "N233 Zhang 2015",
    "et": "SpinalSubduralArea",
    "off": 25955,
    "sff": "spinal"
  },
  {
    "docID": "N233 Zhang 2015",
    "et": "SpinalSubduralArea",
    "off": 4516,
    "sff": "spinal"
  },
  {
    "docID": "N233 Zhang 2015",
    "et": "SpinalSubduralArea",
    "off": 20129,
    "sff": "spinal"
  },
  {
    "docID": "N233 Zhang 2015",
    "et": "SpinalSubduralArea",
    "off": 1829,
    "sff": "Spinal"
  },
  {
    "docID": "N233 Zhang 2015",
    "et": "SpinalSubduralArea",
    "off": 22971,
    "sff": "spinal"
  },
  {
    "docID": "N233 Zhang 2015",
    "et": "SpinalSubduralArea",
    "off": 145,
    "sff": "Spinal"
  },
  {
    "docID": "N233 Zhang 2015",
    "et": "SpinalSubduralArea",
    "off": 7022,
    "sff": "Spinal"
  },
  {
    "docID": "N233 Zhang 2015",
    "et": "SpinalSubduralArea",
    "off": 25560,
    "sff": "spinal"
  },
  {
    "docID": "N233 Zhang 2015",
    "et": "SpinalSubduralArea",
    "off": 14873,
    "sff": "spinal"
  },
  {
    "docID": "N233 Zhang 2015",
    "et": "SpinalSubduralArea",
    "off": 4114,
    "sff": "spinal"
  },
  {
    "docID": "N233 Zhang 2015",
    "et": "SpinalSubduralArea",
    "off": 24915,
    "sff": "spinal"
  },
  {
    "docID": "N233 Zhang 2015",
    "et": "SpinalSubduralArea",
    "off": 23220,
    "sff": "spinal"
  },
  {
    "docID": "N233 Zhang 2015",
    "et": "SpinalSubduralArea",
    "off": 565,
    "sff": "spinal"
  },
  {
    "docID": "N233 Zhang 2015",
    "et": "SpinalSubduralArea",
    "off": 24117,
    "sff": "spinal"
  },
  {
    "docID": "N233 Zhang 2015",
    "et": "SpinalSubduralArea",
    "off": 8330,
    "sff": "spinal"
  },
  {
    "docID": "N233 Zhang 2015",
    "et": "SpinalSubduralArea",
    "off": 331,
    "sff": "spinal"
  },
  {
    "docID": "N233 Zhang 2015",
    "et": "SpinalSubduralArea",
    "off": 7500,
    "sff": "spinal"
  },
  {
    "docID": "N233 Zhang 2015",
    "et": "SpinalSubduralArea",
    "off": 9293,
    "sff": "spinal"
  },
  {
    "docID": "N233 Zhang 2015",
    "et": "StainingArea",
    "off": 5961,
    "sff": "staining"
  },
  {
    "docID": "N233 Zhang 2015",
    "et": "StainingArea",
    "off": 14745,
    "sff": "staining"
  },
  {
    "docID": "N233 Zhang 2015",
    "et": "StainingArea",
    "off": 15161,
    "sff": "staining"
  },
  {
    "docID": "N233 Zhang 2015",
    "et": "StainingArea",
    "off": 21065,
    "sff": "staining"
  },
  {
    "docID": "N233 Zhang 2015",
    "et": "StainingArea",
    "off": 9037,
    "sff": "Staining"
  },
  {
    "docID": "N233 Zhang 2015",
    "et": "StainingArea",
    "off": 11799,
    "sff": "Staining"
  },
  {
    "docID": "N233 Zhang 2015",
    "et": "StainingArea",
    "off": 6757,
    "sff": "staining"
  },
  {
    "docID": "N233 Zhang 2015",
    "et": "CentralCanal",
    "off": 3474,
    "sff": "central"
  },
  {
    "docID": "N233 Zhang 2015",
    "et": "SpinalFiberTract",
    "off": 9293,
    "sff": "spinal"
  },
  {
    "docID": "N233 Zhang 2015",
    "et": "SpinalFiberTract",
    "off": 331,
    "sff": "spinal"
  },
  {
    "docID": "N233 Zhang 2015",
    "et": "SpinalFiberTract",
    "off": 7022,
    "sff": "Spinal"
  },
  {
    "docID": "N233 Zhang 2015",
    "et": "SpinalFiberTract",
    "off": 7500,
    "sff": "spinal"
  },
  {
    "docID": "N233 Zhang 2015",
    "et": "SpinalFiberTract",
    "off": 8330,
    "sff": "spinal"
  },
  {
    "docID": "N233 Zhang 2015",
    "et": "SpinalFiberTract",
    "off": 145,
    "sff": "Spinal"
  },
  {
    "docID": "N233 Zhang 2015",
    "et": "SpinalFiberTract",
    "off": 25560,
    "sff": "spinal"
  },
  {
    "docID": "N233 Zhang 2015",
    "et": "SpinalFiberTract",
    "off": 565,
    "sff": "spinal"
  },
  {
    "docID": "N233 Zhang 2015",
    "et": "SpinalFiberTract",
    "off": 24117,
    "sff": "spinal"
  },
  {
    "docID": "N233 Zhang 2015",
    "et": "SpinalFiberTract",
    "off": 24915,
    "sff": "spinal"
  },
  {
    "docID": "N233 Zhang 2015",
    "et": "SpinalFiberTract",
    "off": 23220,
    "sff": "spinal"
  },
  {
    "docID": "N233 Zhang 2015",
    "et": "SpinalFiberTract",
    "off": 4114,
    "sff": "spinal"
  },
  {
    "docID": "N233 Zhang 2015",
    "et": "SpinalFiberTract",
    "off": 22971,
    "sff": "spinal"
  },
  {
    "docID": "N233 Zhang 2015",
    "et": "SpinalFiberTract",
    "off": 14873,
    "sff": "spinal"
  },
  {
    "docID": "N233 Zhang 2015",
    "et": "SpinalFiberTract",
    "off": 10919,
    "sff": "spinal"
  },
  {
    "docID": "N233 Zhang 2015",
    "et": "SpinalFiberTract",
    "off": 15719,
    "sff": "spinal"
  },
  {
    "docID": "N233 Zhang 2015",
    "et": "SpinalFiberTract",
    "off": 9128,
    "sff": "spinal"
  },
  {
    "docID": "N233 Zhang 2015",
    "et": "SpinalFiberTract",
    "off": 1829,
    "sff": "Spinal"
  },
  {
    "docID": "N233 Zhang 2015",
    "et": "SpinalFiberTract",
    "off": 25955,
    "sff": "spinal"
  },
  {
    "docID": "N233 Zhang 2015",
    "et": "SpinalFiberTract",
    "off": 4516,
    "sff": "spinal"
  },
  {
    "docID": "N233 Zhang 2015",
    "et": "SpinalFiberTract",
    "off": 20129,
    "sff": "spinal"
  },
  {
    "docID": "N233 Zhang 2015",
    "et": "ForelimbAsymmetryTest",
    "off": 13761,
    "sff": "forelimb"
  },
  {
    "docID": "N233 Zhang 2015",
    "et": "IntegratedAmplitude",
    "off": 16029,
    "sff": "integrated"
  },
  {
    "docID": "N233 Zhang 2015",
    "et": "SpinalVentralHalf",
    "off": 20129,
    "sff": "spinal"
  },
  {
    "docID": "N233 Zhang 2015",
    "et": "SpinalVentralHalf",
    "off": 22971,
    "sff": "spinal"
  },
  {
    "docID": "N233 Zhang 2015",
    "et": "SpinalVentralHalf",
    "off": 14873,
    "sff": "spinal"
  },
  {
    "docID": "N233 Zhang 2015",
    "et": "SpinalVentralHalf",
    "off": 25560,
    "sff": "spinal"
  },
  {
    "docID": "N233 Zhang 2015",
    "et": "SpinalVentralHalf",
    "off": 565,
    "sff": "spinal"
  },
  {
    "docID": "N233 Zhang 2015",
    "et": "SpinalVentralHalf",
    "off": 24117,
    "sff": "spinal"
  },
  {
    "docID": "N233 Zhang 2015",
    "et": "SpinalVentralHalf",
    "off": 23220,
    "sff": "spinal"
  },
  {
    "docID": "N233 Zhang 2015",
    "et": "SpinalVentralHalf",
    "off": 24915,
    "sff": "spinal"
  },
  {
    "docID": "N233 Zhang 2015",
    "et": "SpinalVentralHalf",
    "off": 4114,
    "sff": "spinal"
  },
  {
    "docID": "N233 Zhang 2015",
    "et": "SpinalVentralHalf",
    "off": 9293,
    "sff": "spinal"
  },
  {
    "docID": "N233 Zhang 2015",
    "et": "SpinalVentralHalf",
    "off": 7022,
    "sff": "Spinal"
  },
  {
    "docID": "N233 Zhang 2015",
    "et": "SpinalVentralHalf",
    "off": 7500,
    "sff": "spinal"
  },
  {
    "docID": "N233 Zhang 2015",
    "et": "SpinalVentralHalf",
    "off": 145,
    "sff": "Spinal"
  },
  {
    "docID": "N233 Zhang 2015",
    "et": "SpinalVentralHalf",
    "off": 331,
    "sff": "spinal"
  },
  {
    "docID": "N233 Zhang 2015",
    "et": "SpinalVentralHalf",
    "off": 8330,
    "sff": "spinal"
  },
  {
    "docID": "N233 Zhang 2015",
    "et": "SpinalVentralHalf",
    "off": 9128,
    "sff": "spinal"
  },
  {
    "docID": "N233 Zhang 2015",
    "et": "SpinalVentralHalf",
    "off": 1829,
    "sff": "Spinal"
  },
  {
    "docID": "N233 Zhang 2015",
    "et": "SpinalVentralHalf",
    "off": 10919,
    "sff": "spinal"
  },
  {
    "docID": "N233 Zhang 2015",
    "et": "SpinalVentralHalf",
    "off": 15719,
    "sff": "spinal"
  },
  {
    "docID": "N233 Zhang 2015",
    "et": "SpinalVentralHalf",
    "off": 4516,
    "sff": "spinal"
  },
  {
    "docID": "N233 Zhang 2015",
    "et": "SpinalVentralHalf",
    "off": 25955,
    "sff": "spinal"
  },
  {
    "docID": "N233 Zhang 2015",
    "et": "Rostral",
    "off": 8586,
    "sff": "rostral"
  },
  {
    "docID": "N233 Zhang 2015",
    "et": "Rostral",
    "off": 22367,
    "sff": "rostral"
  },
  {
    "docID": "N233 Zhang 2015",
    "et": "TissueSparingTest",
    "off": 23763,
    "sff": "tissue"
  },
  {
    "docID": "N233 Zhang 2015",
    "et": "TissueSparingTest",
    "off": 6510,
    "sff": "tissue"
  },
  {
    "docID": "N233 Zhang 2015",
    "et": "TissueSparingTest",
    "off": 15948,
    "sff": "tissue"
  },
  {
    "docID": "N233 Zhang 2015",
    "et": "TissueSparingTest",
    "off": 25212,
    "sff": "tissue"
  },
  {
    "docID": "N233 Zhang 2015",
    "et": "TissueSparingTest",
    "off": 5082,
    "sff": "Tissue"
  },
  {
    "docID": "N233 Zhang 2015",
    "et": "TissueSparingTest",
    "off": 16054,
    "sff": "tissue"
  },
  {
    "docID": "N233 Zhang 2015",
    "et": "SpinalFiber",
    "off": 20129,
    "sff": "spinal"
  },
  {
    "docID": "N233 Zhang 2015",
    "et": "SpinalFiber",
    "off": 22971,
    "sff": "spinal"
  },
  {
    "docID": "N233 Zhang 2015",
    "et": "SpinalFiber",
    "off": 14873,
    "sff": "spinal"
  },
  {
    "docID": "N233 Zhang 2015",
    "et": "SpinalFiber",
    "off": 25560,
    "sff": "spinal"
  },
  {
    "docID": "N233 Zhang 2015",
    "et": "SpinalFiber",
    "off": 565,
    "sff": "spinal"
  },
  {
    "docID": "N233 Zhang 2015",
    "et": "SpinalFiber",
    "off": 24117,
    "sff": "spinal"
  },
  {
    "docID": "N233 Zhang 2015",
    "et": "SpinalFiber",
    "off": 23220,
    "sff": "spinal"
  },
  {
    "docID": "N233 Zhang 2015",
    "et": "SpinalFiber",
    "off": 24915,
    "sff": "spinal"
  },
  {
    "docID": "N233 Zhang 2015",
    "et": "SpinalFiber",
    "off": 4114,
    "sff": "spinal"
  },
  {
    "docID": "N233 Zhang 2015",
    "et": "SpinalFiber",
    "off": 7022,
    "sff": "Spinal"
  },
  {
    "docID": "N233 Zhang 2015",
    "et": "SpinalFiber",
    "off": 9293,
    "sff": "spinal"
  },
  {
    "docID": "N233 Zhang 2015",
    "et": "SpinalFiber",
    "off": 7500,
    "sff": "spinal"
  },
  {
    "docID": "N233 Zhang 2015",
    "et": "SpinalFiber",
    "off": 145,
    "sff": "Spinal"
  },
  {
    "docID": "N233 Zhang 2015",
    "et": "SpinalFiber",
    "off": 331,
    "sff": "spinal"
  },
  {
    "docID": "N233 Zhang 2015",
    "et": "SpinalFiber",
    "off": 8330,
    "sff": "spinal"
  },
  {
    "docID": "N233 Zhang 2015",
    "et": "SpinalFiber",
    "off": 9128,
    "sff": "spinal"
  },
  {
    "docID": "N233 Zhang 2015",
    "et": "SpinalFiber",
    "off": 1829,
    "sff": "Spinal"
  },
  {
    "docID": "N233 Zhang 2015",
    "et": "SpinalFiber",
    "off": 10919,
    "sff": "spinal"
  },
  {
    "docID": "N233 Zhang 2015",
    "et": "SpinalFiber",
    "off": 15719,
    "sff": "spinal"
  },
  {
    "docID": "N233 Zhang 2015",
    "et": "SpinalFiber",
    "off": 4516,
    "sff": "spinal"
  },
  {
    "docID": "N233 Zhang 2015",
    "et": "SpinalFiber",
    "off": 25955,
    "sff": "spinal"
  },
  {
    "docID": "N233 Zhang 2015",
    "et": "MotorReflexTest",
    "off": 4716,
    "sff": "motor"
  },
  {
    "docID": "N233 Zhang 2015",
    "et": "MotorReflexTest",
    "off": 1745,
    "sff": "motor"
  },
  {
    "docID": "N233 Zhang 2015",
    "et": "MotorReflexTest",
    "off": 25791,
    "sff": "motor"
  },
  {
    "docID": "N233 Zhang 2015",
    "et": "SurvivalObservation",
    "off": 16753,
    "sff": "survival"
  },
  {
    "docID": "N233 Zhang 2015",
    "et": "SurvivalObservation",
    "off": 20642,
    "sff": "survival"
  },
  {
    "docID": "N233 Zhang 2015",
    "et": "SurvivalObservation",
    "off": 3253,
    "sff": "survival"
  },
  {
    "docID": "N233 Zhang 2015",
    "et": "SurvivalObservation",
    "off": 23910,
    "sff": "survival"
  },
  {
    "docID": "N233 Zhang 2015",
    "et": "SurvivalObservation",
    "off": 3673,
    "sff": "survival"
  },
  {
    "docID": "N233 Zhang 2015",
    "et": "SurvivalObservation",
    "off": 15643,
    "sff": "survival"
  },
  {
    "docID": "N233 Zhang 2015",
    "et": "SurvivalObservation",
    "off": 15535,
    "sff": "Survival"
  },
  {
    "docID": "N233 Zhang 2015",
    "et": "SurvivalObservation",
    "off": 16672,
    "sff": "survival"
  },
  {
    "docID": "N233 Zhang 2015",
    "et": "SurvivalObservation",
    "off": 25310,
    "sff": "survival"
  },
  {
    "docID": "N233 Zhang 2015",
    "et": "GeneExpressionAnalysis",
    "off": 22534,
    "sff": "expression"
  },
  {
    "docID": "N233 Zhang 2015",
    "et": "GeneExpressionAnalysis",
    "off": 14937,
    "sff": "expression"
  },
  {
    "docID": "N233 Zhang 2015",
    "et": "GeneExpressionAnalysis",
    "off": 1686,
    "sff": "expression"
  },
  {
    "docID": "N233 Zhang 2015",
    "et": "GeneExpressionAnalysis",
    "off": 7891,
    "sff": "expression"
  },
  {
    "docID": "N233 Zhang 2015",
    "et": "GeneExpressionAnalysis",
    "off": 17708,
    "sff": "Expression"
  },
  {
    "docID": "N233 Zhang 2015",
    "et": "GeneExpressionAnalysis",
    "off": 1310,
    "sff": "expression"
  },
  {
    "docID": "N233 Zhang 2015",
    "et": "GeneExpressionAnalysis",
    "off": 25694,
    "sff": "expression"
  },
  {
    "docID": "N233 Zhang 2015",
    "et": "GeneExpressionAnalysis",
    "off": 22173,
    "sff": "expression"
  },
  {
    "docID": "N233 Zhang 2015",
    "et": "GeneExpressionAnalysis",
    "off": 15003,
    "sff": "expression"
  },
  {
    "docID": "N233 Zhang 2015",
    "et": "GeneExpressionAnalysis",
    "off": 17958,
    "sff": "expression"
  },
  {
    "docID": "N233 Zhang 2015",
    "et": "GeneExpressionAnalysis",
    "off": 21093,
    "sff": "expression"
  },
  {
    "docID": "N233 Zhang 2015",
    "et": "GeneExpressionAnalysis",
    "off": 1187,
    "sff": "expression"
  },
  {
    "docID": "N233 Zhang 2015",
    "et": "GeneExpressionAnalysis",
    "off": 23665,
    "sff": "expression"
  },
  {
    "docID": "N233 Zhang 2015",
    "et": "GeneExpressionAnalysis",
    "off": 18154,
    "sff": "expression"
  },
  {
    "docID": "N233 Zhang 2015",
    "et": "GeneExpressionAnalysis",
    "off": 24298,
    "sff": "expression"
  },
  {
    "docID": "N233 Zhang 2015",
    "et": "GeneExpressionAnalysis",
    "off": 14777,
    "sff": "expression"
  },
  {
    "docID": "N233 Zhang 2015",
    "et": "GeneExpressionAnalysis",
    "off": 20279,
    "sff": "expression"
  },
  {
    "docID": "N233 Zhang 2015",
    "et": "GeneExpressionAnalysis",
    "off": 26101,
    "sff": "expression"
  },
  {
    "docID": "N233 Zhang 2015",
    "et": "GeneExpressionAnalysis",
    "off": 17843,
    "sff": "expression"
  },
  {
    "docID": "N233 Zhang 2015",
    "et": "GeneExpressionAnalysis",
    "off": 22848,
    "sff": "expression"
  },
  {
    "docID": "N233 Zhang 2015",
    "et": "GeneExpressionAnalysis",
    "off": 23040,
    "sff": "expression"
  },
  {
    "docID": "N233 Zhang 2015",
    "et": "GeneExpressionAnalysis",
    "off": 74,
    "sff": "Expression"
  },
  {
    "docID": "N233 Zhang 2015",
    "et": "GeneExpressionAnalysis",
    "off": 11711,
    "sff": "expression"
  },
  {
    "docID": "N233 Zhang 2015",
    "et": "GeneExpressionAnalysis",
    "off": 4668,
    "sff": "expression"
  },
  {
    "docID": "N233 Zhang 2015",
    "et": "GeneExpressionAnalysis",
    "off": 24444,
    "sff": "expression"
  },
  {
    "docID": "N233 Zhang 2015",
    "et": "GeneExpressionAnalysis",
    "off": 699,
    "sff": "expression"
  },
  {
    "docID": "N233 Zhang 2015",
    "et": "AxonalRegenerationTest",
    "off": 25271,
    "sff": "axonal"
  },
  {
    "docID": "N233 Zhang 2015",
    "et": "AxonalRegenerationTest",
    "off": 3701,
    "sff": "axonal regeneration"
  },
  {
    "docID": "N233 Zhang 2015",
    "et": "AxonalRegenerationTest",
    "off": 23194,
    "sff": "axonal regeneration"
  },
  {
    "docID": "N233 Zhang 2015",
    "et": "AxonalRegenerationTest",
    "off": 23920,
    "sff": "axonal"
  },
  {
    "docID": "N233 Zhang 2015",
    "et": "AxonalRegenerationTest",
    "off": 23451,
    "sff": "axonal regeneration"
  },
  {
    "docID": "N233 Zhang 2015",
    "et": "SignalIntensity",
    "off": 21476,
    "sff": "signal"
  },
  {
    "docID": "N233 Zhang 2015",
    "et": "C1",
    "off": 14460,
    "sff": "C1"
  },
  {
    "docID": "N233 Zhang 2015",
    "et": "C2",
    "off": 14491,
    "sff": "C2"
  },
  {
    "docID": "N233 Zhang 2015",
    "et": "C3",
    "off": 14541,
    "sff": "C3"
  },
  {
    "docID": "N233 Zhang 2015",
    "et": "C3",
    "off": 14709,
    "sff": "C3"
  },
  {
    "docID": "N233 Zhang 2015",
    "et": "C3",
    "off": 14406,
    "sff": "C3"
  },
  {
    "docID": "N233 Zhang 2015",
    "et": "ProteinLevelAnalysis",
    "off": 1282,
    "sff": "protein level"
  },
  {
    "docID": "N233 Zhang 2015",
    "et": "ProteinLevelAnalysis",
    "off": 21143,
    "sff": "protein"
  },
  {
    "docID": "N233 Zhang 2015",
    "et": "ProteinLevelAnalysis",
    "off": 4907,
    "sff": "protein"
  },
  {
    "docID": "N233 Zhang 2015",
    "et": "ProteinLevelAnalysis",
    "off": 17888,
    "sff": "protein"
  },
  {
    "docID": "N233 Zhang 2015",
    "et": "SpinalLesionSite",
    "off": 2175,
    "sff": "lesion"
  },
  {
    "docID": "N233 Zhang 2015",
    "et": "SpinalLesionSite",
    "off": 22971,
    "sff": "spinal"
  },
  {
    "docID": "N233 Zhang 2015",
    "et": "SpinalLesionSite",
    "off": 14873,
    "sff": "spinal"
  },
  {
    "docID": "N233 Zhang 2015",
    "et": "SpinalLesionSite",
    "off": 25560,
    "sff": "spinal"
  },
  {
    "docID": "N233 Zhang 2015",
    "et": "SpinalLesionSite",
    "off": 4516,
    "sff": "spinal"
  },
  {
    "docID": "N233 Zhang 2015",
    "et": "SpinalLesionSite",
    "off": 8566,
    "sff": "lesion"
  },
  {
    "docID": "N233 Zhang 2015",
    "et": "SpinalLesionSite",
    "off": 25955,
    "sff": "spinal"
  },
  {
    "docID": "N233 Zhang 2015",
    "et": "SpinalLesionSite",
    "off": 20129,
    "sff": "spinal"
  },
  {
    "docID": "N233 Zhang 2015",
    "et": "SpinalLesionSite",
    "off": 1829,
    "sff": "Spinal"
  },
  {
    "docID": "N233 Zhang 2015",
    "et": "SpinalLesionSite",
    "off": 9293,
    "sff": "spinal"
  },
  {
    "docID": "N233 Zhang 2015",
    "et": "SpinalLesionSite",
    "off": 7500,
    "sff": "spinal"
  },
  {
    "docID": "N233 Zhang 2015",
    "et": "SpinalLesionSite",
    "off": 331,
    "sff": "spinal"
  },
  {
    "docID": "N233 Zhang 2015",
    "et": "SpinalLesionSite",
    "off": 2175,
    "sff": "lesion site"
  },
  {
    "docID": "N233 Zhang 2015",
    "et": "SpinalLesionSite",
    "off": 8330,
    "sff": "spinal"
  },
  {
    "docID": "N233 Zhang 2015",
    "et": "SpinalLesionSite",
    "off": 9128,
    "sff": "spinal"
  },
  {
    "docID": "N233 Zhang 2015",
    "et": "SpinalLesionSite",
    "off": 10919,
    "sff": "spinal"
  },
  {
    "docID": "N233 Zhang 2015",
    "et": "SpinalLesionSite",
    "off": 15719,
    "sff": "spinal"
  },
  {
    "docID": "N233 Zhang 2015",
    "et": "SpinalLesionSite",
    "off": 565,
    "sff": "spinal"
  },
  {
    "docID": "N233 Zhang 2015",
    "et": "SpinalLesionSite",
    "off": 24117,
    "sff": "spinal"
  },
  {
    "docID": "N233 Zhang 2015",
    "et": "SpinalLesionSite",
    "off": 7022,
    "sff": "Spinal"
  },
  {
    "docID": "N233 Zhang 2015",
    "et": "SpinalLesionSite",
    "off": 23220,
    "sff": "spinal"
  },
  {
    "docID": "N233 Zhang 2015",
    "et": "SpinalLesionSite",
    "off": 145,
    "sff": "Spinal"
  },
  {
    "docID": "N233 Zhang 2015",
    "et": "SpinalLesionSite",
    "off": 24915,
    "sff": "spinal"
  },
  {
    "docID": "N233 Zhang 2015",
    "et": "SpinalLesionSite",
    "off": 4114,
    "sff": "spinal"
  },
  {
    "docID": "N233 Zhang 2015",
    "et": "T9",
    "off": 9318,
    "sff": "T9"
  },
  {
    "docID": "N233 Zhang 2015",
    "et": "LesionVolumeTest",
    "off": 8566,
    "sff": "lesion"
  },
  {
    "docID": "N233 Zhang 2015",
    "et": "LesionVolumeTest",
    "off": 2175,
    "sff": "lesion"
  },
  {
    "docID": "N233 Zhang 2015",
    "et": "SchwannCellChangesTest",
    "off": 21706,
    "sff": "cell"
  },
  {
    "docID": "N233 Zhang 2015",
    "et": "SchwannCellChangesTest",
    "off": 24042,
    "sff": "cell"
  },
  {
    "docID": "N233 Zhang 2015",
    "et": "SchwannCellChangesTest",
    "off": 2857,
    "sff": "cell"
  },
  {
    "docID": "N233 Zhang 2015",
    "et": "SchwannCellChangesTest",
    "off": 21864,
    "sff": "cell"
  },
  {
    "docID": "N233 Zhang 2015",
    "et": "SchwannCellChangesTest",
    "off": 2254,
    "sff": "cell"
  },
  {
    "docID": "N233 Zhang 2015",
    "et": "SchwannCellChangesTest",
    "off": 8642,
    "sff": "cell"
  },
  {
    "docID": "N233 Zhang 2015",
    "et": "SchwannCellChangesTest",
    "off": 16226,
    "sff": "cell"
  },
  {
    "docID": "N233 Zhang 2015",
    "et": "SchwannCellChangesTest",
    "off": 2145,
    "sff": "cell"
  },
  {
    "docID": "N233 Zhang 2015",
    "et": "SchwannCellChangesTest",
    "off": 8672,
    "sff": "cell"
  },
  {
    "docID": "N233 Zhang 2015",
    "et": "SchwannCellChangesTest",
    "off": 8452,
    "sff": "cell"
  },
  {
    "docID": "N233 Zhang 2015",
    "et": "SchwannCellChangesTest",
    "off": 18299,
    "sff": "cell"
  },
  {
    "docID": "N233 Zhang 2015",
    "et": "SchwannCellChangesTest",
    "off": 2426,
    "sff": "cell"
  },
  {
    "docID": "N233 Zhang 2015",
    "et": "SchwannCellChangesTest",
    "off": 18073,
    "sff": "cell"
  },
  {
    "docID": "N233 Zhang 2015",
    "et": "SchwannCellChangesTest",
    "off": 24792,
    "sff": "cell"
  },
  {
    "docID": "N233 Zhang 2015",
    "et": "SchwannCellChangesTest",
    "off": 8260,
    "sff": "Cell"
  },
  {
    "docID": "N233 Zhang 2015",
    "et": "SchwannCellChangesTest",
    "off": 25631,
    "sff": "cell"
  },
  {
    "docID": "N233 Zhang 2015",
    "et": "SchwannCellChangesTest",
    "off": 2484,
    "sff": "Schwann"
  },
  {
    "docID": "N233 Zhang 2015",
    "et": "SchwannCellChangesTest",
    "off": 764,
    "sff": "cell"
  },
  {
    "docID": "N233 Zhang 2015",
    "et": "SchwannCellChangesTest",
    "off": 19431,
    "sff": "Cell"
  },
  {
    "docID": "N233 Zhang 2015",
    "et": "SchwannCellChangesTest",
    "off": 2065,
    "sff": "cell"
  },
  {
    "docID": "N233 Zhang 2015",
    "et": "SchwannCellChangesTest",
    "off": 19377,
    "sff": "cell"
  },
  {
    "docID": "N233 Zhang 2015",
    "et": "SchwannCellChangesTest",
    "off": 3248,
    "sff": "cell"
  },
  {
    "docID": "N233 Zhang 2015",
    "et": "SchwannCellChangesTest",
    "off": 3573,
    "sff": "cell"
  },
  {
    "docID": "N233 Zhang 2015",
    "et": "SchwannCellChangesTest",
    "off": 18932,
    "sff": "cell"
  },
  {
    "docID": "N233 Zhang 2015",
    "et": "MotorNeurons",
    "off": 4716,
    "sff": "motor"
  },
  {
    "docID": "N233 Zhang 2015",
    "et": "MotorNeurons",
    "off": 1745,
    "sff": "motor"
  },
  {
    "docID": "N233 Zhang 2015",
    "et": "MotorNeurons",
    "off": 25791,
    "sff": "motor"
  },
  {
    "docID": "N233 Zhang 2015",
    "et": "FunctionalTest",
    "off": 3633,
    "sff": "functional"
  },
  {
    "docID": "N233 Zhang 2015",
    "et": "FunctionalTest",
    "off": 813,
    "sff": "functional"
  },
  {
    "docID": "N233 Zhang 2015",
    "et": "FunctionalTest",
    "off": 25417,
    "sff": "functional"
  },
  {
    "docID": "N233 Zhang 2015",
    "et": "FunctionalTest",
    "off": 23780,
    "sff": "functional"
  },
  {
    "docID": "N233 Zhang 2015",
    "et": "FunctionalTest",
    "off": 20435,
    "sff": "functional"
  },
  {
    "docID": "N233 Zhang 2015",
    "et": "GaleRatingScoreTest",
    "off": 13323,
    "sff": "rating"
  },
  {
    "docID": "N233 Zhang 2015",
    "et": "GaleRatingScoreTest",
    "off": 13268,
    "sff": "rating"
  },
  {
    "docID": "N233 Zhang 2015",
    "et": "GaleRatingScoreTest",
    "off": 13495,
    "sff": "rating"
  },
  {
    "docID": "N233 Zhang 2015",
    "et": "SecondaryDegenerationTest",
    "off": 12221,
    "sff": "secondary"
  },
  {
    "docID": "N233 Zhang 2015",
    "et": "TreatmentSite",
    "off": 5795,
    "sff": "treatment"
  },
  {
    "docID": "N233 Zhang 2015",
    "et": "TreatmentSite",
    "off": 15034,
    "sff": "treatment"
  },
  {
    "docID": "N233 Zhang 2015",
    "et": "Longitudinal",
    "off": 14312,
    "sff": "longitudinal"
  },
  {
    "docID": "N233 Zhang 2015",
    "et": "Longitudinal",
    "off": 16180,
    "sff": "longitudinal"
  },
  {
    "docID": "N233 Zhang 2015",
    "et": "Longitudinal",
    "off": 15610,
    "sff": "longitudinal"
  },
  {
    "docID": "N233 Zhang 2015",
    "et": "SpinalCord",
    "off": 23220,
    "sff": "spinal cord"
  },
  {
    "docID": "N233 Zhang 2015",
    "et": "SpinalCord",
    "off": 24915,
    "sff": "spinal cord"
  },
  {
    "docID": "N233 Zhang 2015",
    "et": "SpinalCord",
    "off": 565,
    "sff": "spinal cord"
  },
  {
    "docID": "N233 Zhang 2015",
    "et": "SpinalCord",
    "off": 24117,
    "sff": "spinal cord"
  },
  {
    "docID": "N233 Zhang 2015",
    "et": "SpinalCord",
    "off": 25560,
    "sff": "spinal cord"
  },
  {
    "docID": "N233 Zhang 2015",
    "et": "SpinalCord",
    "off": 14873,
    "sff": "spinal cord"
  },
  {
    "docID": "N233 Zhang 2015",
    "et": "SpinalCord",
    "off": 331,
    "sff": "spinal cord"
  },
  {
    "docID": "N233 Zhang 2015",
    "et": "SpinalCord",
    "off": 145,
    "sff": "Spinal Cord"
  },
  {
    "docID": "N233 Zhang 2015",
    "et": "SpinalCord",
    "off": 9293,
    "sff": "spinal cord"
  },
  {
    "docID": "N233 Zhang 2015",
    "et": "SpinalCord",
    "off": 7022,
    "sff": "Spinal Cord"
  },
  {
    "docID": "N233 Zhang 2015",
    "et": "SpinalCord",
    "off": 4114,
    "sff": "spinal cord"
  },
  {
    "docID": "N233 Zhang 2015",
    "et": "SpinalCord",
    "off": 4516,
    "sff": "spinal cord"
  },
  {
    "docID": "N233 Zhang 2015",
    "et": "SpinalCord",
    "off": 7500,
    "sff": "spinal"
  },
  {
    "docID": "N233 Zhang 2015",
    "et": "SpinalCord",
    "off": 25955,
    "sff": "spinal cord"
  },
  {
    "docID": "N233 Zhang 2015",
    "et": "SpinalCord",
    "off": 1829,
    "sff": "Spinal cord"
  },
  {
    "docID": "N233 Zhang 2015",
    "et": "SpinalCord",
    "off": 9128,
    "sff": "spinal cord"
  },
  {
    "docID": "N233 Zhang 2015",
    "et": "SpinalCord",
    "off": 10919,
    "sff": "spinal cord"
  },
  {
    "docID": "N233 Zhang 2015",
    "et": "SpinalCord",
    "off": 15719,
    "sff": "spinal cord"
  },
  {
    "docID": "N233 Zhang 2015",
    "et": "SpinalCord",
    "off": 8330,
    "sff": "spinal cord"
  },
  {
    "docID": "N233 Zhang 2015",
    "et": "SpinalCord",
    "off": 22971,
    "sff": "spinal cord"
  },
  {
    "docID": "N233 Zhang 2015",
    "et": "SpinalCord",
    "off": 20129,
    "sff": "spinal cord"
  },
  {
    "docID": "N233 Zhang 2015",
    "et": "LesionAdjacentTissue",
    "off": 8566,
    "sff": "lesion"
  },
  {
    "docID": "N233 Zhang 2015",
    "et": "LesionAdjacentTissue",
    "off": 2175,
    "sff": "lesion"
  },
  {
    "docID": "N233 Zhang 2015",
    "et": "CentralNervousSystem",
    "off": 3474,
    "sff": "central"
  },
  {
    "docID": "N233 Zhang 2015",
    "et": "StainingLength",
    "off": 5961,
    "sff": "staining"
  },
  {
    "docID": "N233 Zhang 2015",
    "et": "StainingLength",
    "off": 14745,
    "sff": "staining"
  },
  {
    "docID": "N233 Zhang 2015",
    "et": "StainingLength",
    "off": 15161,
    "sff": "staining"
  },
  {
    "docID": "N233 Zhang 2015",
    "et": "StainingLength",
    "off": 21065,
    "sff": "staining"
  },
  {
    "docID": "N233 Zhang 2015",
    "et": "StainingLength",
    "off": 9037,
    "sff": "Staining"
  },
  {
    "docID": "N233 Zhang 2015",
    "et": "StainingLength",
    "off": 11799,
    "sff": "Staining"
  },
  {
    "docID": "N233 Zhang 2015",
    "et": "StainingLength",
    "off": 6757,
    "sff": "staining"
  },
  {
    "docID": "N233 Zhang 2015",
    "et": "LimbRotation",
    "off": 7705,
    "sff": "limb"
  },
  {
    "docID": "N233 Zhang 2015",
    "et": "LimbRotation",
    "off": 18440,
    "sff": "limb"
  },
  {
    "docID": "N233 Zhang 2015",
    "et": "T50MeanArterialPressure",
    "off": 13842,
    "sff": "mean"
  },
  {
    "docID": "N233 Zhang 2015",
    "et": "ApoptosisTest",
    "off": 23161,
    "sff": "apoptosis"
  },
  {
    "docID": "N233 Zhang 2015",
    "et": "ApoptosisTest",
    "off": 18851,
    "sff": "apoptosis"
  },
  {
    "docID": "N233 Zhang 2015",
    "et": "ApoptosisTest",
    "off": 2271,
    "sff": "apoptosis"
  },
  {
    "docID": "N233 Zhang 2015",
    "et": "StainingDensity",
    "off": 5961,
    "sff": "staining"
  },
  {
    "docID": "N233 Zhang 2015",
    "et": "StainingDensity",
    "off": 14745,
    "sff": "staining"
  },
  {
    "docID": "N233 Zhang 2015",
    "et": "StainingDensity",
    "off": 15161,
    "sff": "staining"
  },
  {
    "docID": "N233 Zhang 2015",
    "et": "StainingDensity",
    "off": 21065,
    "sff": "staining"
  },
  {
    "docID": "N233 Zhang 2015",
    "et": "StainingDensity",
    "off": 9037,
    "sff": "Staining"
  },
  {
    "docID": "N233 Zhang 2015",
    "et": "StainingDensity",
    "off": 11799,
    "sff": "Staining"
  },
  {
    "docID": "N233 Zhang 2015",
    "et": "StainingDensity",
    "off": 6757,
    "sff": "staining"
  },
  {
    "docID": "N233 Zhang 2015",
    "et": "SinglePelletReachingTest",
    "off": 7365,
    "sff": "single"
  },
  {
    "docID": "N233 Zhang 2015",
    "et": "SinglePelletReachingTest",
    "off": 11617,
    "sff": "single"
  },
  {
    "docID": "N233 Zhang 2015",
    "et": "SensoryTest",
    "off": 3052,
    "sff": "sensory"
  },
  {
    "docID": "N233 Zhang 2015",
    "et": "BBBSubscoreTest",
    "off": 1010,
    "sff": "BBB"
  },
  {
    "docID": "N233 Zhang 2015",
    "et": "BBBSubscoreTest",
    "off": 13319,
    "sff": "BBB"
  },
  {
    "docID": "N233 Zhang 2015",
    "et": "BBBSubscoreTest",
    "off": 18378,
    "sff": "BBB"
  },
  {
    "docID": "N233 Zhang 2015",
    "et": "BBBSubscoreTest",
    "off": 18618,
    "sff": "BBB"
  },
  {
    "docID": "N233 Zhang 2015",
    "et": "BBBSubscoreTest",
    "off": 13244,
    "sff": "BBB"
  },
  {
    "docID": "N233 Zhang 2015",
    "et": "BBBSubscoreTest",
    "off": 18508,
    "sff": "BBB"
  },
  {
    "docID": "N233 Zhang 2015",
    "et": "AxonalDamageTest",
    "off": 25271,
    "sff": "axonal"
  },
  {
    "docID": "N233 Zhang 2015",
    "et": "AxonalDamageTest",
    "off": 3701,
    "sff": "axonal"
  },
  {
    "docID": "N233 Zhang 2015",
    "et": "AxonalDamageTest",
    "off": 23920,
    "sff": "axonal"
  },
  {
    "docID": "N233 Zhang 2015",
    "et": "AxonalDamageTest",
    "off": 23451,
    "sff": "axonal"
  },
  {
    "docID": "N233 Zhang 2015",
    "et": "AxonalDamageTest",
    "off": 23194,
    "sff": "axonal"
  },
  {
    "docID": "N233 Zhang 2015",
    "et": "SpinalCentralPart",
    "off": 4516,
    "sff": "spinal"
  },
  {
    "docID": "N233 Zhang 2015",
    "et": "SpinalCentralPart",
    "off": 25955,
    "sff": "spinal"
  },
  {
    "docID": "N233 Zhang 2015",
    "et": "SpinalCentralPart",
    "off": 20129,
    "sff": "spinal"
  },
  {
    "docID": "N233 Zhang 2015",
    "et": "SpinalCentralPart",
    "off": 1829,
    "sff": "Spinal"
  },
  {
    "docID": "N233 Zhang 2015",
    "et": "SpinalCentralPart",
    "off": 3474,
    "sff": "central"
  },
  {
    "docID": "N233 Zhang 2015",
    "et": "SpinalCentralPart",
    "off": 9293,
    "sff": "spinal"
  },
  {
    "docID": "N233 Zhang 2015",
    "et": "SpinalCentralPart",
    "off": 331,
    "sff": "spinal"
  },
  {
    "docID": "N233 Zhang 2015",
    "et": "SpinalCentralPart",
    "off": 7500,
    "sff": "spinal"
  },
  {
    "docID": "N233 Zhang 2015",
    "et": "SpinalCentralPart",
    "off": 8330,
    "sff": "spinal"
  },
  {
    "docID": "N233 Zhang 2015",
    "et": "SpinalCentralPart",
    "off": 10919,
    "sff": "spinal"
  },
  {
    "docID": "N233 Zhang 2015",
    "et": "SpinalCentralPart",
    "off": 15719,
    "sff": "spinal"
  },
  {
    "docID": "N233 Zhang 2015",
    "et": "SpinalCentralPart",
    "off": 7022,
    "sff": "Spinal"
  },
  {
    "docID": "N233 Zhang 2015",
    "et": "SpinalCentralPart",
    "off": 9128,
    "sff": "spinal"
  },
  {
    "docID": "N233 Zhang 2015",
    "et": "SpinalCentralPart",
    "off": 24117,
    "sff": "spinal"
  },
  {
    "docID": "N233 Zhang 2015",
    "et": "SpinalCentralPart",
    "off": 145,
    "sff": "Spinal"
  },
  {
    "docID": "N233 Zhang 2015",
    "et": "SpinalCentralPart",
    "off": 24915,
    "sff": "spinal"
  },
  {
    "docID": "N233 Zhang 2015",
    "et": "SpinalCentralPart",
    "off": 565,
    "sff": "spinal"
  },
  {
    "docID": "N233 Zhang 2015",
    "et": "SpinalCentralPart",
    "off": 23220,
    "sff": "spinal"
  },
  {
    "docID": "N233 Zhang 2015",
    "et": "SpinalCentralPart",
    "off": 4114,
    "sff": "spinal"
  },
  {
    "docID": "N233 Zhang 2015",
    "et": "SpinalCentralPart",
    "off": 22971,
    "sff": "spinal"
  },
  {
    "docID": "N233 Zhang 2015",
    "et": "SpinalCentralPart",
    "off": 14873,
    "sff": "spinal"
  },
  {
    "docID": "N233 Zhang 2015",
    "et": "SpinalCentralPart",
    "off": 25560,
    "sff": "spinal"
  },
  {
    "docID": "N233 Zhang 2015",
    "et": "AxonalDiebackTest",
    "off": 23451,
    "sff": "axonal"
  },
  {
    "docID": "N233 Zhang 2015",
    "et": "AxonalDiebackTest",
    "off": 23194,
    "sff": "axonal"
  },
  {
    "docID": "N233 Zhang 2015",
    "et": "AxonalDiebackTest",
    "off": 3701,
    "sff": "axonal"
  },
  {
    "docID": "N233 Zhang 2015",
    "et": "AxonalDiebackTest",
    "off": 25271,
    "sff": "axonal"
  },
  {
    "docID": "N233 Zhang 2015",
    "et": "AxonalDiebackTest",
    "off": 23920,
    "sff": "axonal"
  },
  {
    "docID": "N233 Zhang 2015",
    "et": "NonNeuronalCellChangesTest",
    "off": 23142,
    "sff": "neuronal"
  },
  {
    "docID": "N233 Zhang 2015",
    "et": "NonNeuronalCellChangesTest",
    "off": 24001,
    "sff": "neuronal"
  },
  {
    "docID": "N233 Zhang 2015",
    "et": "NonNeuronalCellChangesTest",
    "off": 22236,
    "sff": "neuronal"
  },
  {
    "docID": "N233 Zhang 2015",
    "et": "SpinalCordStump",
    "off": 8330,
    "sff": "spinal cord"
  },
  {
    "docID": "N233 Zhang 2015",
    "et": "SpinalCordStump",
    "off": 331,
    "sff": "spinal cord"
  },
  {
    "docID": "N233 Zhang 2015",
    "et": "SpinalCordStump",
    "off": 145,
    "sff": "Spinal Cord"
  },
  {
    "docID": "N233 Zhang 2015",
    "et": "SpinalCordStump",
    "off": 19313,
    "sff": "cord"
  },
  {
    "docID": "N233 Zhang 2015",
    "et": "SpinalCordStump",
    "off": 17918,
    "sff": "cord"
  },
  {
    "docID": "N233 Zhang 2015",
    "et": "SpinalCordStump",
    "off": 7611,
    "sff": "cord"
  },
  {
    "docID": "N233 Zhang 2015",
    "et": "SpinalCordStump",
    "off": 22971,
    "sff": "spinal cord"
  },
  {
    "docID": "N233 Zhang 2015",
    "et": "SpinalCordStump",
    "off": 23220,
    "sff": "spinal cord"
  },
  {
    "docID": "N233 Zhang 2015",
    "et": "SpinalCordStump",
    "off": 565,
    "sff": "spinal cord"
  },
  {
    "docID": "N233 Zhang 2015",
    "et": "SpinalCordStump",
    "off": 24117,
    "sff": "spinal cord"
  },
  {
    "docID": "N233 Zhang 2015",
    "et": "SpinalCordStump",
    "off": 7500,
    "sff": "spinal"
  },
  {
    "docID": "N233 Zhang 2015",
    "et": "SpinalCordStump",
    "off": 9128,
    "sff": "spinal cord"
  },
  {
    "docID": "N233 Zhang 2015",
    "et": "SpinalCordStump",
    "off": 1829,
    "sff": "Spinal cord"
  },
  {
    "docID": "N233 Zhang 2015",
    "et": "SpinalCordStump",
    "off": 7022,
    "sff": "Spinal Cord"
  },
  {
    "docID": "N233 Zhang 2015",
    "et": "SpinalCordStump",
    "off": 4516,
    "sff": "spinal cord"
  },
  {
    "docID": "N233 Zhang 2015",
    "et": "SpinalCordStump",
    "off": 16210,
    "sff": "cord"
  },
  {
    "docID": "N233 Zhang 2015",
    "et": "SpinalCordStump",
    "off": 849,
    "sff": "cord"
  },
  {
    "docID": "N233 Zhang 2015",
    "et": "SpinalCordStump",
    "off": 10919,
    "sff": "spinal cord"
  },
  {
    "docID": "N233 Zhang 2015",
    "et": "SpinalCordStump",
    "off": 15719,
    "sff": "spinal cord"
  },
  {
    "docID": "N233 Zhang 2015",
    "et": "SpinalCordStump",
    "off": 20129,
    "sff": "spinal cord"
  },
  {
    "docID": "N233 Zhang 2015",
    "et": "SpinalCordStump",
    "off": 14300,
    "sff": "cord"
  },
  {
    "docID": "N233 Zhang 2015",
    "et": "SpinalCordStump",
    "off": 25955,
    "sff": "spinal cord"
  },
  {
    "docID": "N233 Zhang 2015",
    "et": "SpinalCordStump",
    "off": 25560,
    "sff": "spinal cord"
  },
  {
    "docID": "N233 Zhang 2015",
    "et": "SpinalCordStump",
    "off": 14873,
    "sff": "spinal cord"
  },
  {
    "docID": "N233 Zhang 2015",
    "et": "SpinalCordStump",
    "off": 8516,
    "sff": "cord"
  },
  {
    "docID": "N233 Zhang 2015",
    "et": "SpinalCordStump",
    "off": 22720,
    "sff": "cord"
  },
  {
    "docID": "N233 Zhang 2015",
    "et": "SpinalCordStump",
    "off": 3404,
    "sff": "cord"
  },
  {
    "docID": "N233 Zhang 2015",
    "et": "SpinalCordStump",
    "off": 4114,
    "sff": "spinal cord"
  },
  {
    "docID": "N233 Zhang 2015",
    "et": "SpinalCordStump",
    "off": 24915,
    "sff": "spinal cord"
  },
  {
    "docID": "N233 Zhang 2015",
    "et": "SpinalCordStump",
    "off": 9293,
    "sff": "spinal cord"
  },
  {
    "docID": "N233 Zhang 2015",
    "et": "MotorEvokedPotentialsTest",
    "off": 25791,
    "sff": "motor"
  },
  {
    "docID": "N233 Zhang 2015",
    "et": "MotorEvokedPotentialsTest",
    "off": 4716,
    "sff": "motor"
  },
  {
    "docID": "N233 Zhang 2015",
    "et": "MotorEvokedPotentialsTest",
    "off": 1745,
    "sff": "motor"
  },
  {
    "docID": "N233 Zhang 2015",
    "et": "SpinalWhiteMatter",
    "off": 6392,
    "sff": "white"
  },
  {
    "docID": "N233 Zhang 2015",
    "et": "SpinalWhiteMatter",
    "off": 22971,
    "sff": "spinal"
  },
  {
    "docID": "N233 Zhang 2015",
    "et": "SpinalWhiteMatter",
    "off": 14873,
    "sff": "spinal"
  },
  {
    "docID": "N233 Zhang 2015",
    "et": "SpinalWhiteMatter",
    "off": 145,
    "sff": "Spinal"
  },
  {
    "docID": "N233 Zhang 2015",
    "et": "SpinalWhiteMatter",
    "off": 25560,
    "sff": "spinal"
  },
  {
    "docID": "N233 Zhang 2015",
    "et": "SpinalWhiteMatter",
    "off": 565,
    "sff": "spinal"
  },
  {
    "docID": "N233 Zhang 2015",
    "et": "SpinalWhiteMatter",
    "off": 24117,
    "sff": "spinal"
  },
  {
    "docID": "N233 Zhang 2015",
    "et": "SpinalWhiteMatter",
    "off": 6392,
    "sff": "white matter"
  },
  {
    "docID": "N233 Zhang 2015",
    "et": "SpinalWhiteMatter",
    "off": 24915,
    "sff": "spinal"
  },
  {
    "docID": "N233 Zhang 2015",
    "et": "SpinalWhiteMatter",
    "off": 23220,
    "sff": "spinal"
  },
  {
    "docID": "N233 Zhang 2015",
    "et": "SpinalWhiteMatter",
    "off": 4114,
    "sff": "spinal"
  },
  {
    "docID": "N233 Zhang 2015",
    "et": "SpinalWhiteMatter",
    "off": 9293,
    "sff": "spinal"
  },
  {
    "docID": "N233 Zhang 2015",
    "et": "SpinalWhiteMatter",
    "off": 331,
    "sff": "spinal"
  },
  {
    "docID": "N233 Zhang 2015",
    "et": "SpinalWhiteMatter",
    "off": 7022,
    "sff": "Spinal"
  },
  {
    "docID": "N233 Zhang 2015",
    "et": "SpinalWhiteMatter",
    "off": 7500,
    "sff": "spinal"
  },
  {
    "docID": "N233 Zhang 2015",
    "et": "SpinalWhiteMatter",
    "off": 8330,
    "sff": "spinal"
  },
  {
    "docID": "N233 Zhang 2015",
    "et": "SpinalWhiteMatter",
    "off": 10919,
    "sff": "spinal"
  },
  {
    "docID": "N233 Zhang 2015",
    "et": "SpinalWhiteMatter",
    "off": 15719,
    "sff": "spinal"
  },
  {
    "docID": "N233 Zhang 2015",
    "et": "SpinalWhiteMatter",
    "off": 9128,
    "sff": "spinal"
  },
  {
    "docID": "N233 Zhang 2015",
    "et": "SpinalWhiteMatter",
    "off": 1829,
    "sff": "Spinal"
  },
  {
    "docID": "N233 Zhang 2015",
    "et": "SpinalWhiteMatter",
    "off": 25955,
    "sff": "spinal"
  },
  {
    "docID": "N233 Zhang 2015",
    "et": "SpinalWhiteMatter",
    "off": 4516,
    "sff": "spinal"
  },
  {
    "docID": "N233 Zhang 2015",
    "et": "SpinalWhiteMatter",
    "off": 20129,
    "sff": "spinal"
  },
  {
    "docID": "N233 Zhang 2015",
    "et": "BladderFunctionTest",
    "off": 7883,
    "sff": "bladder"
  },
  {
    "docID": "N233 Zhang 2015",
    "et": "BodyWeightExamination",
    "off": 7568,
    "sff": "weight"
  },
  {
    "docID": "N233 Zhang 2015",
    "et": "BodyWeightExamination",
    "off": 13735,
    "sff": "weight"
  },
  {
    "docID": "N233 Zhang 2015",
    "et": "SpinalGrayMatter",
    "off": 4516,
    "sff": "spinal"
  },
  {
    "docID": "N233 Zhang 2015",
    "et": "SpinalGrayMatter",
    "off": 25955,
    "sff": "spinal"
  },
  {
    "docID": "N233 Zhang 2015",
    "et": "SpinalGrayMatter",
    "off": 20129,
    "sff": "spinal"
  },
  {
    "docID": "N233 Zhang 2015",
    "et": "SpinalGrayMatter",
    "off": 22971,
    "sff": "spinal"
  },
  {
    "docID": "N233 Zhang 2015",
    "et": "SpinalGrayMatter",
    "off": 14873,
    "sff": "spinal"
  },
  {
    "docID": "N233 Zhang 2015",
    "et": "SpinalGrayMatter",
    "off": 25560,
    "sff": "spinal"
  },
  {
    "docID": "N233 Zhang 2015",
    "et": "SpinalGrayMatter",
    "off": 565,
    "sff": "spinal"
  },
  {
    "docID": "N233 Zhang 2015",
    "et": "SpinalGrayMatter",
    "off": 24117,
    "sff": "spinal"
  },
  {
    "docID": "N233 Zhang 2015",
    "et": "SpinalGrayMatter",
    "off": 23220,
    "sff": "spinal"
  },
  {
    "docID": "N233 Zhang 2015",
    "et": "SpinalGrayMatter",
    "off": 24915,
    "sff": "spinal"
  },
  {
    "docID": "N233 Zhang 2015",
    "et": "SpinalGrayMatter",
    "off": 4114,
    "sff": "spinal"
  },
  {
    "docID": "N233 Zhang 2015",
    "et": "SpinalGrayMatter",
    "off": 7022,
    "sff": "Spinal"
  },
  {
    "docID": "N233 Zhang 2015",
    "et": "SpinalGrayMatter",
    "off": 145,
    "sff": "Spinal"
  },
  {
    "docID": "N233 Zhang 2015",
    "et": "SpinalGrayMatter",
    "off": 9293,
    "sff": "spinal"
  },
  {
    "docID": "N233 Zhang 2015",
    "et": "SpinalGrayMatter",
    "off": 7500,
    "sff": "spinal"
  },
  {
    "docID": "N233 Zhang 2015",
    "et": "SpinalGrayMatter",
    "off": 331,
    "sff": "spinal"
  },
  {
    "docID": "N233 Zhang 2015",
    "et": "SpinalGrayMatter",
    "off": 1829,
    "sff": "Spinal"
  },
  {
    "docID": "N233 Zhang 2015",
    "et": "SpinalGrayMatter",
    "off": 8330,
    "sff": "spinal"
  },
  {
    "docID": "N233 Zhang 2015",
    "et": "SpinalGrayMatter",
    "off": 9128,
    "sff": "spinal"
  },
  {
    "docID": "N233 Zhang 2015",
    "et": "SpinalGrayMatter",
    "off": 10919,
    "sff": "spinal"
  },
  {
    "docID": "N233 Zhang 2015",
    "et": "SpinalGrayMatter",
    "off": 15719,
    "sff": "spinal"
  },
  {
    "docID": "N233 Zhang 2015",
    "et": "AxonalChangesTest",
    "off": 3701,
    "sff": "axonal"
  },
  {
    "docID": "N233 Zhang 2015",
    "et": "AxonalChangesTest",
    "off": 25271,
    "sff": "axonal"
  },
  {
    "docID": "N233 Zhang 2015",
    "et": "AxonalChangesTest",
    "off": 23451,
    "sff": "axonal"
  },
  {
    "docID": "N233 Zhang 2015",
    "et": "AxonalChangesTest",
    "off": 23194,
    "sff": "axonal"
  },
  {
    "docID": "N233 Zhang 2015",
    "et": "AxonalChangesTest",
    "off": 23920,
    "sff": "axonal"
  },
  {
    "docID": "N233 Zhang 2015",
    "et": "Direction",
    "off": 21567,
    "sff": "direction"
  },
  {
    "docID": "N233 Zhang 2015",
    "et": "Direction",
    "off": 21631,
    "sff": "direction"
  },
  {
    "docID": "N233 Zhang 2015",
    "et": "LocomotorTest",
    "off": 13258,
    "sff": "locomotor"
  },
  {
    "docID": "N233 Zhang 2015",
    "et": "LocomotorTest",
    "off": 13626,
    "sff": "locomotor"
  },
  {
    "docID": "N233 Zhang 2015",
    "et": "LocomotorTest",
    "off": 13098,
    "sff": "Locomotor"
  },
  {
    "docID": "N233 Zhang 2015",
    "et": "LocomotorTest",
    "off": 13121,
    "sff": "locomotor"
  },
  {
    "docID": "N233 Zhang 2015",
    "et": "LocomotorTest",
    "off": 1469,
    "sff": "locomotor"
  },
  {
    "docID": "N233 Zhang 2015",
    "et": "LocomotorTest",
    "off": 18445,
    "sff": "locomotor"
  },
  {
    "docID": "N233 Zhang 2015",
    "et": "LocomotorTest",
    "off": 18368,
    "sff": "Locomotor"
  },
  {
    "docID": "N233 Zhang 2015",
    "et": "LocomotorTest",
    "off": 26155,
    "sff": "locomotor"
  },
  {
    "docID": "N233 Zhang 2015",
    "et": "LocomotorTest",
    "off": 114,
    "sff": "Locomotor"
  },
  {
    "docID": "N233 Zhang 2015",
    "et": "VertebralArea",
    "off": 7474,
    "sff": "vertebral"
  },
  {
    "docID": "N233 Zhang 2015",
    "et": "Caudal",
    "off": 8598,
    "sff": "caudal"
  },
  {
    "docID": "N233 Zhang 2015",
    "et": "VertebralSegment",
    "off": 7474,
    "sff": "vertebral"
  },
  {
    "docID": "N233 Zhang 2015",
    "et": "BladderFunctionParameter",
    "off": 25540,
    "sff": "function"
  },
  {
    "docID": "N233 Zhang 2015",
    "et": "BladderFunctionParameter",
    "off": 4722,
    "sff": "function"
  },
  {
    "docID": "N233 Zhang 2015",
    "et": "BladderFunctionParameter",
    "off": 25797,
    "sff": "function"
  },
  {
    "docID": "N233 Zhang 2015",
    "et": "BladderFunctionParameter",
    "off": 13636,
    "sff": "function"
  },
  {
    "docID": "N233 Zhang 2015",
    "et": "BladderFunctionParameter",
    "off": 24097,
    "sff": "function"
  },
  {
    "docID": "N233 Zhang 2015",
    "et": "BladderFunctionParameter",
    "off": 1751,
    "sff": "function"
  },
  {
    "docID": "N233 Zhang 2015",
    "et": "BladderFunctionParameter",
    "off": 18455,
    "sff": "function"
  },
  {
    "docID": "N233 Zhang 2015",
    "et": "BladderFunctionParameter",
    "off": 24649,
    "sff": "function"
  },
  {
    "docID": "N233 Zhang 2015",
    "et": "BladderFunctionParameter",
    "off": 7883,
    "sff": "bladder"
  },
  {
    "docID": "N233 Zhang 2015",
    "et": "BladderFunctionParameter",
    "off": 7944,
    "sff": "function"
  },
  {
    "docID": "N233 Zhang 2015",
    "et": "SignalAbsence",
    "off": 21476,
    "sff": "signal"
  },
  {
    "docID": "N233 Zhang 2015",
    "et": "RelativePawPlacement",
    "off": 11702,
    "sff": "relative"
  },
  {
    "docID": "N233 Zhang 2015",
    "et": "T11",
    "off": 9325,
    "sff": "T11"
  },
  {
    "docID": "N233 Zhang 2015",
    "et": "GaitAnalysisParameter",
    "off": 15076,
    "sff": "analysis"
  },
  {
    "docID": "N233 Zhang 2015",
    "et": "GaitAnalysisParameter",
    "off": 13966,
    "sff": "analysis"
  },
  {
    "docID": "N233 Zhang 2015",
    "et": "GaitAnalysisParameter",
    "off": 11599,
    "sff": "analysis"
  },
  {
    "docID": "N233 Zhang 2015",
    "et": "GaitAnalysisParameter",
    "off": 13805,
    "sff": "Analysis"
  },
  {
    "docID": "N233 Zhang 2015",
    "et": "T10",
    "off": 7491,
    "sff": "T10"
  },
  {
    "docID": "N233 Zhang 2015",
    "et": "VertebralLocation",
    "off": 7474,
    "sff": "vertebral"
  },
  {
    "docID": "N233 Zhang 2015",
    "et": "IntraperitonealLocation",
    "off": 7372,
    "sff": "intraperitoneal"
  },
  {
    "docID": "N233 Zhang 2015",
    "et": "AxonalSproutingTest",
    "off": 23451,
    "sff": "axonal"
  },
  {
    "docID": "N233 Zhang 2015",
    "et": "AxonalSproutingTest",
    "off": 23194,
    "sff": "axonal"
  },
  {
    "docID": "N233 Zhang 2015",
    "et": "AxonalSproutingTest",
    "off": 23920,
    "sff": "axonal"
  },
  {
    "docID": "N233 Zhang 2015",
    "et": "AxonalSproutingTest",
    "off": 3701,
    "sff": "axonal"
  },
  {
    "docID": "N233 Zhang 2015",
    "et": "AxonalSproutingTest",
    "off": 25271,
    "sff": "axonal"
  },
  {
    "docID": "N233 Zhang 2015",
    "et": "BladderSize",
    "off": 7883,
    "sff": "bladder"
  },
  {
    "docID": "N233 Zhang 2015",
    "et": "NeuronalCellLossTest",
    "off": 16226,
    "sff": "cell"
  },
  {
    "docID": "N233 Zhang 2015",
    "et": "NeuronalCellLossTest",
    "off": 19431,
    "sff": "Cell"
  },
  {
    "docID": "N233 Zhang 2015",
    "et": "NeuronalCellLossTest",
    "off": 8672,
    "sff": "cell"
  },
  {
    "docID": "N233 Zhang 2015",
    "et": "NeuronalCellLossTest",
    "off": 2145,
    "sff": "cell"
  },
  {
    "docID": "N233 Zhang 2015",
    "et": "NeuronalCellLossTest",
    "off": 22236,
    "sff": "neuronal"
  },
  {
    "docID": "N233 Zhang 2015",
    "et": "NeuronalCellLossTest",
    "off": 25631,
    "sff": "cell"
  },
  {
    "docID": "N233 Zhang 2015",
    "et": "NeuronalCellLossTest",
    "off": 24792,
    "sff": "cell"
  },
  {
    "docID": "N233 Zhang 2015",
    "et": "NeuronalCellLossTest",
    "off": 18073,
    "sff": "cell"
  },
  {
    "docID": "N233 Zhang 2015",
    "et": "NeuronalCellLossTest",
    "off": 23142,
    "sff": "neuronal"
  },
  {
    "docID": "N233 Zhang 2015",
    "et": "NeuronalCellLossTest",
    "off": 2065,
    "sff": "cell"
  },
  {
    "docID": "N233 Zhang 2015",
    "et": "NeuronalCellLossTest",
    "off": 2254,
    "sff": "cell"
  },
  {
    "docID": "N233 Zhang 2015",
    "et": "NeuronalCellLossTest",
    "off": 21706,
    "sff": "cell"
  },
  {
    "docID": "N233 Zhang 2015",
    "et": "NeuronalCellLossTest",
    "off": 8452,
    "sff": "cell"
  },
  {
    "docID": "N233 Zhang 2015",
    "et": "NeuronalCellLossTest",
    "off": 8642,
    "sff": "cell"
  },
  {
    "docID": "N233 Zhang 2015",
    "et": "NeuronalCellLossTest",
    "off": 8260,
    "sff": "Cell"
  },
  {
    "docID": "N233 Zhang 2015",
    "et": "NeuronalCellLossTest",
    "off": 764,
    "sff": "cell"
  },
  {
    "docID": "N233 Zhang 2015",
    "et": "NeuronalCellLossTest",
    "off": 2426,
    "sff": "cell"
  },
  {
    "docID": "N233 Zhang 2015",
    "et": "NeuronalCellLossTest",
    "off": 24001,
    "sff": "neuronal"
  },
  {
    "docID": "N233 Zhang 2015",
    "et": "NeuronalCellLossTest",
    "off": 18299,
    "sff": "cell"
  },
  {
    "docID": "N233 Zhang 2015",
    "et": "NeuronalCellLossTest",
    "off": 18932,
    "sff": "cell"
  },
  {
    "docID": "N233 Zhang 2015",
    "et": "NeuronalCellLossTest",
    "off": 3573,
    "sff": "cell"
  },
  {
    "docID": "N233 Zhang 2015",
    "et": "NeuronalCellLossTest",
    "off": 3248,
    "sff": "cell"
  },
  {
    "docID": "N233 Zhang 2015",
    "et": "NeuronalCellLossTest",
    "off": 19377,
    "sff": "cell"
  },
  {
    "docID": "N233 Zhang 2015",
    "et": "NeuronalCellLossTest",
    "off": 24042,
    "sff": "cell"
  },
  {
    "docID": "N233 Zhang 2015",
    "et": "NeuronalCellLossTest",
    "off": 21864,
    "sff": "cell"
  },
  {
    "docID": "N233 Zhang 2015",
    "et": "NeuronalCellLossTest",
    "off": 2857,
    "sff": "cell"
  },
  {
    "docID": "N233 Zhang 2015",
    "et": "VascularFunctionParameter",
    "off": 4722,
    "sff": "function"
  },
  {
    "docID": "N233 Zhang 2015",
    "et": "VascularFunctionParameter",
    "off": 24097,
    "sff": "function"
  },
  {
    "docID": "N233 Zhang 2015",
    "et": "VascularFunctionParameter",
    "off": 13636,
    "sff": "function"
  },
  {
    "docID": "N233 Zhang 2015",
    "et": "VascularFunctionParameter",
    "off": 25540,
    "sff": "function"
  },
  {
    "docID": "N233 Zhang 2015",
    "et": "VascularFunctionParameter",
    "off": 25797,
    "sff": "function"
  },
  {
    "docID": "N233 Zhang 2015",
    "et": "VascularFunctionParameter",
    "off": 7944,
    "sff": "function"
  },
  {
    "docID": "N233 Zhang 2015",
    "et": "VascularFunctionParameter",
    "off": 1751,
    "sff": "function"
  },
  {
    "docID": "N233 Zhang 2015",
    "et": "VascularFunctionParameter",
    "off": 18455,
    "sff": "function"
  },
  {
    "docID": "N233 Zhang 2015",
    "et": "VascularFunctionParameter",
    "off": 24649,
    "sff": "function"
  },
  {
    "docID": "N233 Zhang 2015",
    "et": "ObservationOfAnimalBehaviour",
    "off": 13673,
    "sff": "animal"
  },
  {
    "docID": "N233 Zhang 2015",
    "et": "ObservationOfAnimalBehaviour",
    "off": 7045,
    "sff": "Animal"
  },
  {
    "docID": "N233 Zhang 2015",
    "et": "ObservationOfAnimalBehaviour",
    "off": 10620,
    "sff": "animal"
  },
  {
    "docID": "N233 Zhang 2015",
    "et": "ObservationOfAnimalBehaviour",
    "off": 12865,
    "sff": "animal"
  },
  {
    "docID": "N233 Zhang 2015",
    "et": "ObservationOfAnimalBehaviour",
    "off": 7304,
    "sff": "Animal"
  },
  {
    "docID": "N233 Zhang 2015",
    "et": "BladderWeight",
    "off": 7883,
    "sff": "bladder"
  },
  {
    "docID": "N233 Zhang 2015",
    "et": "MotorTest",
    "off": 1745,
    "sff": "motor"
  },
  {
    "docID": "N233 Zhang 2015",
    "et": "MotorTest",
    "off": 25791,
    "sff": "motor"
  },
  {
    "docID": "N233 Zhang 2015",
    "et": "MotorTest",
    "off": 4716,
    "sff": "motor"
  },
  {
    "docID": "N233 Zhang 2015",
    "et": "SpinalDorsalHalf",
    "off": 9128,
    "sff": "spinal"
  },
  {
    "docID": "N233 Zhang 2015",
    "et": "SpinalDorsalHalf",
    "off": 10919,
    "sff": "spinal"
  },
  {
    "docID": "N233 Zhang 2015",
    "et": "SpinalDorsalHalf",
    "off": 15719,
    "sff": "spinal"
  },
  {
    "docID": "N233 Zhang 2015",
    "et": "SpinalDorsalHalf",
    "off": 8330,
    "sff": "spinal"
  },
  {
    "docID": "N233 Zhang 2015",
    "et": "SpinalDorsalHalf",
    "off": 4516,
    "sff": "spinal"
  },
  {
    "docID": "N233 Zhang 2015",
    "et": "SpinalDorsalHalf",
    "off": 25955,
    "sff": "spinal"
  },
  {
    "docID": "N233 Zhang 2015",
    "et": "SpinalDorsalHalf",
    "off": 20129,
    "sff": "spinal"
  },
  {
    "docID": "N233 Zhang 2015",
    "et": "SpinalDorsalHalf",
    "off": 1829,
    "sff": "Spinal"
  },
  {
    "docID": "N233 Zhang 2015",
    "et": "SpinalDorsalHalf",
    "off": 22971,
    "sff": "spinal"
  },
  {
    "docID": "N233 Zhang 2015",
    "et": "SpinalDorsalHalf",
    "off": 25560,
    "sff": "spinal"
  },
  {
    "docID": "N233 Zhang 2015",
    "et": "SpinalDorsalHalf",
    "off": 145,
    "sff": "Spinal"
  },
  {
    "docID": "N233 Zhang 2015",
    "et": "SpinalDorsalHalf",
    "off": 14873,
    "sff": "spinal"
  },
  {
    "docID": "N233 Zhang 2015",
    "et": "SpinalDorsalHalf",
    "off": 7022,
    "sff": "Spinal"
  },
  {
    "docID": "N233 Zhang 2015",
    "et": "SpinalDorsalHalf",
    "off": 23220,
    "sff": "spinal"
  },
  {
    "docID": "N233 Zhang 2015",
    "et": "SpinalDorsalHalf",
    "off": 24915,
    "sff": "spinal"
  },
  {
    "docID": "N233 Zhang 2015",
    "et": "SpinalDorsalHalf",
    "off": 565,
    "sff": "spinal"
  },
  {
    "docID": "N233 Zhang 2015",
    "et": "SpinalDorsalHalf",
    "off": 24117,
    "sff": "spinal"
  },
  {
    "docID": "N233 Zhang 2015",
    "et": "SpinalDorsalHalf",
    "off": 4114,
    "sff": "spinal"
  },
  {
    "docID": "N233 Zhang 2015",
    "et": "SpinalDorsalHalf",
    "off": 7500,
    "sff": "spinal"
  },
  {
    "docID": "N233 Zhang 2015",
    "et": "SpinalDorsalHalf",
    "off": 331,
    "sff": "spinal"
  },
  {
    "docID": "N233 Zhang 2015",
    "et": "SpinalDorsalHalf",
    "off": 9293,
    "sff": "spinal"
  },
  {
    "docID": "N233 Zhang 2015",
    "et": "SignalPresence",
    "off": 21476,
    "sff": "signal"
  },
  {
    "docID": "N233 Zhang 2015",
    "et": "NeuronalChangesTest",
    "off": 23142,
    "sff": "neuronal"
  },
  {
    "docID": "N233 Zhang 2015",
    "et": "NeuronalChangesTest",
    "off": 22236,
    "sff": "neuronal"
  },
  {
    "docID": "N233 Zhang 2015",
    "et": "NeuronalChangesTest",
    "off": 24001,
    "sff": "neuronal"
  },
  {
    "docID": "N233 Zhang 2015",
    "et": "LimbMuscleStrengthTest",
    "off": 8901,
    "sff": "muscle"
  },
  {
    "docID": "N233 Zhang 2015",
    "et": "LimbMuscleStrengthTest",
    "off": 7635,
    "sff": "muscle"
  },
  {
    "docID": "N233 Zhang 2015",
    "et": "LimbMuscleStrengthTest",
    "off": 18440,
    "sff": "limb"
  },
  {
    "docID": "N233 Zhang 2015",
    "et": "LimbMuscleStrengthTest",
    "off": 7705,
    "sff": "limb"
  },
  {
    "docID": "N233 Zhang 2015",
    "et": "NeuronalActivityTest",
    "off": 22236,
    "sff": "neuronal"
  },
  {
    "docID": "N233 Zhang 2015",
    "et": "NeuronalActivityTest",
    "off": 24001,
    "sff": "neuronal"
  },
  {
    "docID": "N233 Zhang 2015",
    "et": "NeuronalActivityTest",
    "off": 23142,
    "sff": "neuronal"
  },
  {
    "docID": "N233 Zhang 2015",
    "et": "MeanArterialPressure",
    "off": 13842,
    "sff": "mean"
  },
  {
    "docID": "N233 Zhang 2015",
    "et": "SpinalCordEvokedPotentialsTest",
    "off": 22971,
    "sff": "spinal cord"
  },
  {
    "docID": "N233 Zhang 2015",
    "et": "SpinalCordEvokedPotentialsTest",
    "off": 24117,
    "sff": "spinal cord"
  },
  {
    "docID": "N233 Zhang 2015",
    "et": "SpinalCordEvokedPotentialsTest",
    "off": 565,
    "sff": "spinal cord"
  },
  {
    "docID": "N233 Zhang 2015",
    "et": "SpinalCordEvokedPotentialsTest",
    "off": 23220,
    "sff": "spinal cord"
  },
  {
    "docID": "N233 Zhang 2015",
    "et": "SpinalCordEvokedPotentialsTest",
    "off": 145,
    "sff": "Spinal Cord"
  },
  {
    "docID": "N233 Zhang 2015",
    "et": "SpinalCordEvokedPotentialsTest",
    "off": 14300,
    "sff": "cord"
  },
  {
    "docID": "N233 Zhang 2015",
    "et": "SpinalCordEvokedPotentialsTest",
    "off": 15719,
    "sff": "spinal cord"
  },
  {
    "docID": "N233 Zhang 2015",
    "et": "SpinalCordEvokedPotentialsTest",
    "off": 10919,
    "sff": "spinal cord"
  },
  {
    "docID": "N233 Zhang 2015",
    "et": "SpinalCordEvokedPotentialsTest",
    "off": 9128,
    "sff": "spinal cord"
  },
  {
    "docID": "N233 Zhang 2015",
    "et": "SpinalCordEvokedPotentialsTest",
    "off": 849,
    "sff": "cord"
  },
  {
    "docID": "N233 Zhang 2015",
    "et": "SpinalCordEvokedPotentialsTest",
    "off": 25955,
    "sff": "spinal cord"
  },
  {
    "docID": "N233 Zhang 2015",
    "et": "SpinalCordEvokedPotentialsTest",
    "off": 16210,
    "sff": "cord"
  },
  {
    "docID": "N233 Zhang 2015",
    "et": "SpinalCordEvokedPotentialsTest",
    "off": 4516,
    "sff": "spinal cord"
  },
  {
    "docID": "N233 Zhang 2015",
    "et": "SpinalCordEvokedPotentialsTest",
    "off": 1829,
    "sff": "Spinal cord"
  },
  {
    "docID": "N233 Zhang 2015",
    "et": "SpinalCordEvokedPotentialsTest",
    "off": 20129,
    "sff": "spinal cord"
  },
  {
    "docID": "N233 Zhang 2015",
    "et": "SpinalCordEvokedPotentialsTest",
    "off": 3404,
    "sff": "cord"
  },
  {
    "docID": "N233 Zhang 2015",
    "et": "SpinalCordEvokedPotentialsTest",
    "off": 14873,
    "sff": "spinal cord"
  },
  {
    "docID": "N233 Zhang 2015",
    "et": "SpinalCordEvokedPotentialsTest",
    "off": 25560,
    "sff": "spinal cord"
  },
  {
    "docID": "N233 Zhang 2015",
    "et": "SpinalCordEvokedPotentialsTest",
    "off": 4114,
    "sff": "spinal cord"
  },
  {
    "docID": "N233 Zhang 2015",
    "et": "SpinalCordEvokedPotentialsTest",
    "off": 24915,
    "sff": "spinal cord"
  },
  {
    "docID": "N233 Zhang 2015",
    "et": "SpinalCordEvokedPotentialsTest",
    "off": 7500,
    "sff": "spinal"
  },
  {
    "docID": "N233 Zhang 2015",
    "et": "SpinalCordEvokedPotentialsTest",
    "off": 8516,
    "sff": "cord"
  },
  {
    "docID": "N233 Zhang 2015",
    "et": "SpinalCordEvokedPotentialsTest",
    "off": 8330,
    "sff": "spinal cord"
  },
  {
    "docID": "N233 Zhang 2015",
    "et": "SpinalCordEvokedPotentialsTest",
    "off": 331,
    "sff": "spinal cord"
  },
  {
    "docID": "N233 Zhang 2015",
    "et": "SpinalCordEvokedPotentialsTest",
    "off": 7022,
    "sff": "Spinal Cord"
  },
  {
    "docID": "N233 Zhang 2015",
    "et": "SpinalCordEvokedPotentialsTest",
    "off": 7611,
    "sff": "cord"
  },
  {
    "docID": "N233 Zhang 2015",
    "et": "SpinalCordEvokedPotentialsTest",
    "off": 9293,
    "sff": "spinal cord"
  },
  {
    "docID": "N233 Zhang 2015",
    "et": "SpinalCordEvokedPotentialsTest",
    "off": 17918,
    "sff": "cord"
  },
  {
    "docID": "N233 Zhang 2015",
    "et": "SpinalCordEvokedPotentialsTest",
    "off": 22720,
    "sff": "cord"
  },
  {
    "docID": "N233 Zhang 2015",
    "et": "SpinalCordEvokedPotentialsTest",
    "off": 19313,
    "sff": "cord"
  }
]
