[
  {
    "docID": "N234 Zhang 2016",
    "et": "BrainNucleus",
    "off": 28147,
    "sff": "brain"
  },
  {
    "docID": "N234 Zhang 2016",
    "et": "BBBTest",
    "off": 24001,
    "sff": "BBB"
  },
  {
    "docID": "N234 Zhang 2016",
    "et": "BBBTest",
    "off": 24608,
    "sff": "BBB"
  },
  {
    "docID": "N234 Zhang 2016",
    "et": "BBBTest",
    "off": 27984,
    "sff": "BBB"
  },
  {
    "docID": "N234 Zhang 2016",
    "et": "BBBTest",
    "off": 14367,
    "sff": "BBB"
  },
  {
    "docID": "N234 Zhang 2016",
    "et": "BBBTest",
    "off": 24310,
    "sff": "BBB"
  },
  {
    "docID": "N234 Zhang 2016",
    "et": "BBBTest",
    "off": 18277,
    "sff": "BBB"
  },
  {
    "docID": "N234 Zhang 2016",
    "et": "BBBTest",
    "off": 24421,
    "sff": "BBB"
  },
  {
    "docID": "N234 Zhang 2016",
    "et": "BBBTest",
    "off": 24629,
    "sff": "BBB"
  },
  {
    "docID": "N234 Zhang 2016",
    "et": "BBBTest",
    "off": 24116,
    "sff": "BBB"
  },
  {
    "docID": "N234 Zhang 2016",
    "et": "BBBTest",
    "off": 14499,
    "sff": "BBB"
  },
  {
    "docID": "N234 Zhang 2016",
    "et": "WalkingAnalysisParameter",
    "off": 14646,
    "sff": "Analysis"
  },
  {
    "docID": "N234 Zhang 2016",
    "et": "WalkingAnalysisParameter",
    "off": 15476,
    "sff": "analysis"
  },
  {
    "docID": "N234 Zhang 2016",
    "et": "WalkingAnalysisParameter",
    "off": 14113,
    "sff": "analysis"
  },
  {
    "docID": "N234 Zhang 2016",
    "et": "WalkingAnalysisParameter",
    "off": 16513,
    "sff": "analysis"
  },
  {
    "docID": "N234 Zhang 2016",
    "et": "WalkingAnalysisParameter",
    "off": 20785,
    "sff": "analysis"
  },
  {
    "docID": "N234 Zhang 2016",
    "et": "WalkingAnalysisParameter",
    "off": 16919,
    "sff": "analysis"
  },
  {
    "docID": "N234 Zhang 2016",
    "et": "WalkingAnalysisParameter",
    "off": 15348,
    "sff": "Analysis"
  },
  {
    "docID": "N234 Zhang 2016",
    "et": "WalkingAnalysisParameter",
    "off": 15561,
    "sff": "analysis"
  },
  {
    "docID": "N234 Zhang 2016",
    "et": "WalkingAnalysisParameter",
    "off": 16944,
    "sff": "analysis"
  },
  {
    "docID": "N234 Zhang 2016",
    "et": "WalkingAnalysisParameter",
    "off": 25903,
    "sff": "analysis"
  },
  {
    "docID": "N234 Zhang 2016",
    "et": "MolecularChangesTest",
    "off": 14255,
    "sff": "Molecular"
  },
  {
    "docID": "N234 Zhang 2016",
    "et": "SurfaceRightingReflexTest",
    "off": 15179,
    "sff": "surface"
  },
  {
    "docID": "N234 Zhang 2016",
    "et": "SpinalSubduralArea",
    "off": 16265,
    "sff": "spinal"
  },
  {
    "docID": "N234 Zhang 2016",
    "et": "SpinalSubduralArea",
    "off": 4294,
    "sff": "spinal"
  },
  {
    "docID": "N234 Zhang 2016",
    "et": "SpinalSubduralArea",
    "off": 33606,
    "sff": "spinal"
  },
  {
    "docID": "N234 Zhang 2016",
    "et": "SpinalSubduralArea",
    "off": 134,
    "sff": "Spinal"
  },
  {
    "docID": "N234 Zhang 2016",
    "et": "SpinalSubduralArea",
    "off": 13764,
    "sff": "spinal"
  },
  {
    "docID": "N234 Zhang 2016",
    "et": "SpinalSubduralArea",
    "off": 25476,
    "sff": "spinal"
  },
  {
    "docID": "N234 Zhang 2016",
    "et": "SpinalSubduralArea",
    "off": 18304,
    "sff": "spinal"
  },
  {
    "docID": "N234 Zhang 2016",
    "et": "SpinalSubduralArea",
    "off": 313,
    "sff": "spinal"
  },
  {
    "docID": "N234 Zhang 2016",
    "et": "SpinalSubduralArea",
    "off": 15801,
    "sff": "spinal"
  },
  {
    "docID": "N234 Zhang 2016",
    "et": "SpinalSubduralArea",
    "off": 28153,
    "sff": "spinal"
  },
  {
    "docID": "N234 Zhang 2016",
    "et": "SpinalSubduralArea",
    "off": 4150,
    "sff": "spinal"
  },
  {
    "docID": "N234 Zhang 2016",
    "et": "SpinalSubduralArea",
    "off": 11763,
    "sff": "spinal"
  },
  {
    "docID": "N234 Zhang 2016",
    "et": "SpinalSubduralArea",
    "off": 27370,
    "sff": "spinal"
  },
  {
    "docID": "N234 Zhang 2016",
    "et": "SpinalSubduralArea",
    "off": 20455,
    "sff": "spinal"
  },
  {
    "docID": "N234 Zhang 2016",
    "et": "SpinalSubduralArea",
    "off": 20005,
    "sff": "spinal"
  },
  {
    "docID": "N234 Zhang 2016",
    "et": "SpinalSubduralArea",
    "off": 17570,
    "sff": "spinal"
  },
  {
    "docID": "N234 Zhang 2016",
    "et": "SpinalSubduralArea",
    "off": 13665,
    "sff": "spinal"
  },
  {
    "docID": "N234 Zhang 2016",
    "et": "SpinalSubduralArea",
    "off": 23456,
    "sff": "spinal"
  },
  {
    "docID": "N234 Zhang 2016",
    "et": "SpinalSubduralArea",
    "off": 7389,
    "sff": "Spinal"
  },
  {
    "docID": "N234 Zhang 2016",
    "et": "SpinalSubduralArea",
    "off": 9567,
    "sff": "spinal"
  },
  {
    "docID": "N234 Zhang 2016",
    "et": "SpinalSubduralArea",
    "off": 1951,
    "sff": "Spinal"
  },
  {
    "docID": "N234 Zhang 2016",
    "et": "SpinalSubduralArea",
    "off": 9754,
    "sff": "spinal"
  },
  {
    "docID": "N234 Zhang 2016",
    "et": "SpinalSubduralArea",
    "off": 12181,
    "sff": "Spinal"
  },
  {
    "docID": "N234 Zhang 2016",
    "et": "SpinalSubduralArea",
    "off": 7638,
    "sff": "spinal"
  },
  {
    "docID": "N234 Zhang 2016",
    "et": "SpinalSubduralArea",
    "off": 14549,
    "sff": "spinal"
  },
  {
    "docID": "N234 Zhang 2016",
    "et": "SpinalSubduralArea",
    "off": 15890,
    "sff": "spinal"
  },
  {
    "docID": "N234 Zhang 2016",
    "et": "SpinalSubduralArea",
    "off": 2065,
    "sff": "spinal"
  },
  {
    "docID": "N234 Zhang 2016",
    "et": "SpinalSubduralArea",
    "off": 27153,
    "sff": "spinal"
  },
  {
    "docID": "N234 Zhang 2016",
    "et": "SpinalSubduralArea",
    "off": 8143,
    "sff": "spinal"
  },
  {
    "docID": "N234 Zhang 2016",
    "et": "SpinalSubduralArea",
    "off": 22863,
    "sff": "spinal"
  },
  {
    "docID": "N234 Zhang 2016",
    "et": "SpinalSubduralArea",
    "off": 16654,
    "sff": "spinal"
  },
  {
    "docID": "N234 Zhang 2016",
    "et": "SpinalSubduralArea",
    "off": 18060,
    "sff": "spinal"
  },
  {
    "docID": "N234 Zhang 2016",
    "et": "SpinalSubduralArea",
    "off": 843,
    "sff": "spinal"
  },
  {
    "docID": "N234 Zhang 2016",
    "et": "StainingArea",
    "off": 10554,
    "sff": "staining"
  },
  {
    "docID": "N234 Zhang 2016",
    "et": "StainingArea",
    "off": 20500,
    "sff": "staining"
  },
  {
    "docID": "N234 Zhang 2016",
    "et": "StainingArea",
    "off": 11682,
    "sff": "staining"
  },
  {
    "docID": "N234 Zhang 2016",
    "et": "StainingArea",
    "off": 17027,
    "sff": "staining"
  },
  {
    "docID": "N234 Zhang 2016",
    "et": "StainingArea",
    "off": 20259,
    "sff": "staining"
  },
  {
    "docID": "N234 Zhang 2016",
    "et": "StainingArea",
    "off": 10800,
    "sff": "staining"
  },
  {
    "docID": "N234 Zhang 2016",
    "et": "StainingArea",
    "off": 16478,
    "sff": "staining"
  },
  {
    "docID": "N234 Zhang 2016",
    "et": "StainingArea",
    "off": 21807,
    "sff": "staining"
  },
  {
    "docID": "N234 Zhang 2016",
    "et": "AdhesiveRemovalParameter",
    "off": 6333,
    "sff": "removal"
  },
  {
    "docID": "N234 Zhang 2016",
    "et": "SpinalFiberTract",
    "off": 11763,
    "sff": "spinal"
  },
  {
    "docID": "N234 Zhang 2016",
    "et": "SpinalFiberTract",
    "off": 4150,
    "sff": "spinal"
  },
  {
    "docID": "N234 Zhang 2016",
    "et": "SpinalFiberTract",
    "off": 27370,
    "sff": "spinal"
  },
  {
    "docID": "N234 Zhang 2016",
    "et": "SpinalFiberTract",
    "off": 7389,
    "sff": "Spinal"
  },
  {
    "docID": "N234 Zhang 2016",
    "et": "SpinalFiberTract",
    "off": 17570,
    "sff": "spinal"
  },
  {
    "docID": "N234 Zhang 2016",
    "et": "SpinalFiberTract",
    "off": 13665,
    "sff": "spinal"
  },
  {
    "docID": "N234 Zhang 2016",
    "et": "SpinalFiberTract",
    "off": 1951,
    "sff": "Spinal"
  },
  {
    "docID": "N234 Zhang 2016",
    "et": "SpinalFiberTract",
    "off": 20005,
    "sff": "spinal"
  },
  {
    "docID": "N234 Zhang 2016",
    "et": "SpinalFiberTract",
    "off": 20455,
    "sff": "spinal"
  },
  {
    "docID": "N234 Zhang 2016",
    "et": "SpinalFiberTract",
    "off": 9754,
    "sff": "spinal"
  },
  {
    "docID": "N234 Zhang 2016",
    "et": "SpinalFiberTract",
    "off": 23456,
    "sff": "spinal"
  },
  {
    "docID": "N234 Zhang 2016",
    "et": "SpinalFiberTract",
    "off": 9567,
    "sff": "spinal"
  },
  {
    "docID": "N234 Zhang 2016",
    "et": "SpinalFiberTract",
    "off": 15890,
    "sff": "spinal"
  },
  {
    "docID": "N234 Zhang 2016",
    "et": "SpinalFiberTract",
    "off": 2065,
    "sff": "spinal"
  },
  {
    "docID": "N234 Zhang 2016",
    "et": "SpinalFiberTract",
    "off": 27153,
    "sff": "spinal"
  },
  {
    "docID": "N234 Zhang 2016",
    "et": "SpinalFiberTract",
    "off": 7638,
    "sff": "spinal"
  },
  {
    "docID": "N234 Zhang 2016",
    "et": "SpinalFiberTract",
    "off": 14549,
    "sff": "spinal"
  },
  {
    "docID": "N234 Zhang 2016",
    "et": "SpinalFiberTract",
    "off": 12181,
    "sff": "Spinal"
  },
  {
    "docID": "N234 Zhang 2016",
    "et": "SpinalFiberTract",
    "off": 16265,
    "sff": "spinal"
  },
  {
    "docID": "N234 Zhang 2016",
    "et": "SpinalFiberTract",
    "off": 18060,
    "sff": "spinal"
  },
  {
    "docID": "N234 Zhang 2016",
    "et": "SpinalFiberTract",
    "off": 843,
    "sff": "spinal"
  },
  {
    "docID": "N234 Zhang 2016",
    "et": "SpinalFiberTract",
    "off": 16654,
    "sff": "spinal"
  },
  {
    "docID": "N234 Zhang 2016",
    "et": "SpinalFiberTract",
    "off": 8143,
    "sff": "spinal"
  },
  {
    "docID": "N234 Zhang 2016",
    "et": "SpinalFiberTract",
    "off": 22863,
    "sff": "spinal"
  },
  {
    "docID": "N234 Zhang 2016",
    "et": "SpinalFiberTract",
    "off": 13764,
    "sff": "spinal"
  },
  {
    "docID": "N234 Zhang 2016",
    "et": "SpinalFiberTract",
    "off": 25476,
    "sff": "spinal"
  },
  {
    "docID": "N234 Zhang 2016",
    "et": "SpinalFiberTract",
    "off": 4294,
    "sff": "spinal"
  },
  {
    "docID": "N234 Zhang 2016",
    "et": "SpinalFiberTract",
    "off": 33606,
    "sff": "spinal"
  },
  {
    "docID": "N234 Zhang 2016",
    "et": "SpinalFiberTract",
    "off": 313,
    "sff": "spinal"
  },
  {
    "docID": "N234 Zhang 2016",
    "et": "SpinalFiberTract",
    "off": 15801,
    "sff": "spinal"
  },
  {
    "docID": "N234 Zhang 2016",
    "et": "SpinalFiberTract",
    "off": 28153,
    "sff": "spinal"
  },
  {
    "docID": "N234 Zhang 2016",
    "et": "SpinalFiberTract",
    "off": 134,
    "sff": "Spinal"
  },
  {
    "docID": "N234 Zhang 2016",
    "et": "SpinalFiberTract",
    "off": 18304,
    "sff": "spinal"
  },
  {
    "docID": "N234 Zhang 2016",
    "et": "SpinalVentralHalf",
    "off": 1951,
    "sff": "Spinal"
  },
  {
    "docID": "N234 Zhang 2016",
    "et": "SpinalVentralHalf",
    "off": 20005,
    "sff": "spinal"
  },
  {
    "docID": "N234 Zhang 2016",
    "et": "SpinalVentralHalf",
    "off": 17570,
    "sff": "spinal"
  },
  {
    "docID": "N234 Zhang 2016",
    "et": "SpinalVentralHalf",
    "off": 7389,
    "sff": "Spinal"
  },
  {
    "docID": "N234 Zhang 2016",
    "et": "SpinalVentralHalf",
    "off": 20455,
    "sff": "spinal"
  },
  {
    "docID": "N234 Zhang 2016",
    "et": "SpinalVentralHalf",
    "off": 27370,
    "sff": "spinal"
  },
  {
    "docID": "N234 Zhang 2016",
    "et": "SpinalVentralHalf",
    "off": 12181,
    "sff": "Spinal"
  },
  {
    "docID": "N234 Zhang 2016",
    "et": "SpinalVentralHalf",
    "off": 14549,
    "sff": "spinal"
  },
  {
    "docID": "N234 Zhang 2016",
    "et": "SpinalVentralHalf",
    "off": 15890,
    "sff": "spinal"
  },
  {
    "docID": "N234 Zhang 2016",
    "et": "SpinalVentralHalf",
    "off": 7638,
    "sff": "spinal"
  },
  {
    "docID": "N234 Zhang 2016",
    "et": "SpinalVentralHalf",
    "off": 9754,
    "sff": "spinal"
  },
  {
    "docID": "N234 Zhang 2016",
    "et": "SpinalVentralHalf",
    "off": 23456,
    "sff": "spinal"
  },
  {
    "docID": "N234 Zhang 2016",
    "et": "SpinalVentralHalf",
    "off": 13665,
    "sff": "spinal"
  },
  {
    "docID": "N234 Zhang 2016",
    "et": "SpinalVentralHalf",
    "off": 9567,
    "sff": "spinal"
  },
  {
    "docID": "N234 Zhang 2016",
    "et": "SpinalVentralHalf",
    "off": 13764,
    "sff": "spinal"
  },
  {
    "docID": "N234 Zhang 2016",
    "et": "SpinalVentralHalf",
    "off": 25476,
    "sff": "spinal"
  },
  {
    "docID": "N234 Zhang 2016",
    "et": "SpinalVentralHalf",
    "off": 16265,
    "sff": "spinal"
  },
  {
    "docID": "N234 Zhang 2016",
    "et": "SpinalVentralHalf",
    "off": 4294,
    "sff": "spinal"
  },
  {
    "docID": "N234 Zhang 2016",
    "et": "SpinalVentralHalf",
    "off": 33606,
    "sff": "spinal"
  },
  {
    "docID": "N234 Zhang 2016",
    "et": "SpinalVentralHalf",
    "off": 18060,
    "sff": "spinal"
  },
  {
    "docID": "N234 Zhang 2016",
    "et": "SpinalVentralHalf",
    "off": 843,
    "sff": "spinal"
  },
  {
    "docID": "N234 Zhang 2016",
    "et": "SpinalVentralHalf",
    "off": 2065,
    "sff": "spinal"
  },
  {
    "docID": "N234 Zhang 2016",
    "et": "SpinalVentralHalf",
    "off": 27153,
    "sff": "spinal"
  },
  {
    "docID": "N234 Zhang 2016",
    "et": "SpinalVentralHalf",
    "off": 16654,
    "sff": "spinal"
  },
  {
    "docID": "N234 Zhang 2016",
    "et": "SpinalVentralHalf",
    "off": 8143,
    "sff": "spinal"
  },
  {
    "docID": "N234 Zhang 2016",
    "et": "SpinalVentralHalf",
    "off": 22863,
    "sff": "spinal"
  },
  {
    "docID": "N234 Zhang 2016",
    "et": "SpinalVentralHalf",
    "off": 11763,
    "sff": "spinal"
  },
  {
    "docID": "N234 Zhang 2016",
    "et": "SpinalVentralHalf",
    "off": 313,
    "sff": "spinal"
  },
  {
    "docID": "N234 Zhang 2016",
    "et": "SpinalVentralHalf",
    "off": 15801,
    "sff": "spinal"
  },
  {
    "docID": "N234 Zhang 2016",
    "et": "SpinalVentralHalf",
    "off": 28153,
    "sff": "spinal"
  },
  {
    "docID": "N234 Zhang 2016",
    "et": "SpinalVentralHalf",
    "off": 4150,
    "sff": "spinal"
  },
  {
    "docID": "N234 Zhang 2016",
    "et": "SpinalVentralHalf",
    "off": 134,
    "sff": "Spinal"
  },
  {
    "docID": "N234 Zhang 2016",
    "et": "SpinalVentralHalf",
    "off": 18304,
    "sff": "spinal"
  },
  {
    "docID": "N234 Zhang 2016",
    "et": "Rostral",
    "off": 8589,
    "sff": "rostral"
  },
  {
    "docID": "N234 Zhang 2016",
    "et": "TissueSparingTest",
    "off": 26490,
    "sff": "tissue"
  },
  {
    "docID": "N234 Zhang 2016",
    "et": "TissueSparingTest",
    "off": 2441,
    "sff": "tissue"
  },
  {
    "docID": "N234 Zhang 2016",
    "et": "TissueSparingTest",
    "off": 13918,
    "sff": "tissue"
  },
  {
    "docID": "N234 Zhang 2016",
    "et": "TissueSparingTest",
    "off": 6688,
    "sff": "tissue"
  },
  {
    "docID": "N234 Zhang 2016",
    "et": "TissueSparingTest",
    "off": 9526,
    "sff": "Tissue"
  },
  {
    "docID": "N234 Zhang 2016",
    "et": "TissueSparingTest",
    "off": 2466,
    "sff": "tissue"
  },
  {
    "docID": "N234 Zhang 2016",
    "et": "TissueSparingTest",
    "off": 27906,
    "sff": "tissue"
  },
  {
    "docID": "N234 Zhang 2016",
    "et": "TissueSparingTest",
    "off": 5417,
    "sff": "Tissue"
  },
  {
    "docID": "N234 Zhang 2016",
    "et": "TissueSparingTest",
    "off": 6371,
    "sff": "tissue"
  },
  {
    "docID": "N234 Zhang 2016",
    "et": "SpinalFiber",
    "off": 4294,
    "sff": "spinal"
  },
  {
    "docID": "N234 Zhang 2016",
    "et": "SpinalFiber",
    "off": 33606,
    "sff": "spinal"
  },
  {
    "docID": "N234 Zhang 2016",
    "et": "SpinalFiber",
    "off": 13764,
    "sff": "spinal"
  },
  {
    "docID": "N234 Zhang 2016",
    "et": "SpinalFiber",
    "off": 25476,
    "sff": "spinal"
  },
  {
    "docID": "N234 Zhang 2016",
    "et": "SpinalFiber",
    "off": 16265,
    "sff": "spinal"
  },
  {
    "docID": "N234 Zhang 2016",
    "et": "SpinalFiber",
    "off": 16654,
    "sff": "spinal"
  },
  {
    "docID": "N234 Zhang 2016",
    "et": "SpinalFiber",
    "off": 843,
    "sff": "spinal"
  },
  {
    "docID": "N234 Zhang 2016",
    "et": "SpinalFiber",
    "off": 18060,
    "sff": "spinal"
  },
  {
    "docID": "N234 Zhang 2016",
    "et": "SpinalFiber",
    "off": 2065,
    "sff": "spinal"
  },
  {
    "docID": "N234 Zhang 2016",
    "et": "SpinalFiber",
    "off": 27153,
    "sff": "spinal"
  },
  {
    "docID": "N234 Zhang 2016",
    "et": "SpinalFiber",
    "off": 15890,
    "sff": "spinal"
  },
  {
    "docID": "N234 Zhang 2016",
    "et": "SpinalFiber",
    "off": 8143,
    "sff": "spinal"
  },
  {
    "docID": "N234 Zhang 2016",
    "et": "SpinalFiber",
    "off": 22863,
    "sff": "spinal"
  },
  {
    "docID": "N234 Zhang 2016",
    "et": "SpinalFiber",
    "off": 14549,
    "sff": "spinal"
  },
  {
    "docID": "N234 Zhang 2016",
    "et": "SpinalFiber",
    "off": 7638,
    "sff": "spinal"
  },
  {
    "docID": "N234 Zhang 2016",
    "et": "SpinalFiber",
    "off": 9754,
    "sff": "spinal"
  },
  {
    "docID": "N234 Zhang 2016",
    "et": "SpinalFiber",
    "off": 13665,
    "sff": "spinal"
  },
  {
    "docID": "N234 Zhang 2016",
    "et": "SpinalFiber",
    "off": 17570,
    "sff": "spinal"
  },
  {
    "docID": "N234 Zhang 2016",
    "et": "SpinalFiber",
    "off": 9567,
    "sff": "spinal"
  },
  {
    "docID": "N234 Zhang 2016",
    "et": "SpinalFiber",
    "off": 23456,
    "sff": "spinal"
  },
  {
    "docID": "N234 Zhang 2016",
    "et": "SpinalFiber",
    "off": 1951,
    "sff": "Spinal"
  },
  {
    "docID": "N234 Zhang 2016",
    "et": "SpinalFiber",
    "off": 20005,
    "sff": "spinal"
  },
  {
    "docID": "N234 Zhang 2016",
    "et": "SpinalFiber",
    "off": 27370,
    "sff": "spinal"
  },
  {
    "docID": "N234 Zhang 2016",
    "et": "SpinalFiber",
    "off": 7389,
    "sff": "Spinal"
  },
  {
    "docID": "N234 Zhang 2016",
    "et": "SpinalFiber",
    "off": 20455,
    "sff": "spinal"
  },
  {
    "docID": "N234 Zhang 2016",
    "et": "SpinalFiber",
    "off": 12181,
    "sff": "Spinal"
  },
  {
    "docID": "N234 Zhang 2016",
    "et": "SpinalFiber",
    "off": 4150,
    "sff": "spinal"
  },
  {
    "docID": "N234 Zhang 2016",
    "et": "SpinalFiber",
    "off": 11763,
    "sff": "spinal"
  },
  {
    "docID": "N234 Zhang 2016",
    "et": "SpinalFiber",
    "off": 313,
    "sff": "spinal"
  },
  {
    "docID": "N234 Zhang 2016",
    "et": "SpinalFiber",
    "off": 15801,
    "sff": "spinal"
  },
  {
    "docID": "N234 Zhang 2016",
    "et": "SpinalFiber",
    "off": 28153,
    "sff": "spinal"
  },
  {
    "docID": "N234 Zhang 2016",
    "et": "SpinalFiber",
    "off": 134,
    "sff": "Spinal"
  },
  {
    "docID": "N234 Zhang 2016",
    "et": "SpinalFiber",
    "off": 18304,
    "sff": "spinal"
  },
  {
    "docID": "N234 Zhang 2016",
    "et": "MotorReflexTest",
    "off": 4669,
    "sff": "motor"
  },
  {
    "docID": "N234 Zhang 2016",
    "et": "MotorReflexTest",
    "off": 1566,
    "sff": "motor"
  },
  {
    "docID": "N234 Zhang 2016",
    "et": "MotorReflexTest",
    "off": 23963,
    "sff": "motor"
  },
  {
    "docID": "N234 Zhang 2016",
    "et": "MotorReflexTest",
    "off": 25515,
    "sff": "motor"
  },
  {
    "docID": "N234 Zhang 2016",
    "et": "MotorReflexTest",
    "off": 23923,
    "sff": "Motor"
  },
  {
    "docID": "N234 Zhang 2016",
    "et": "MotorReflexTest",
    "off": 24156,
    "sff": "motor"
  },
  {
    "docID": "N234 Zhang 2016",
    "et": "MotorReflexTest",
    "off": 27948,
    "sff": "motor"
  },
  {
    "docID": "N234 Zhang 2016",
    "et": "MotorReflexTest",
    "off": 24362,
    "sff": "motor"
  },
  {
    "docID": "N234 Zhang 2016",
    "et": "MotorReflexTest",
    "off": 27530,
    "sff": "motor"
  },
  {
    "docID": "N234 Zhang 2016",
    "et": "MotorReflexTest",
    "off": 3217,
    "sff": "motor"
  },
  {
    "docID": "N234 Zhang 2016",
    "et": "MotorReflexTest",
    "off": 18400,
    "sff": "motor"
  },
  {
    "docID": "N234 Zhang 2016",
    "et": "SurvivalObservation",
    "off": 25550,
    "sff": "survival"
  },
  {
    "docID": "N234 Zhang 2016",
    "et": "GeneExpressionAnalysis",
    "off": 749,
    "sff": "expression"
  },
  {
    "docID": "N234 Zhang 2016",
    "et": "GeneExpressionAnalysis",
    "off": 30958,
    "sff": "expression"
  },
  {
    "docID": "N234 Zhang 2016",
    "et": "GeneExpressionAnalysis",
    "off": 1826,
    "sff": "expression"
  },
  {
    "docID": "N234 Zhang 2016",
    "et": "GeneExpressionAnalysis",
    "off": 26088,
    "sff": "expression"
  },
  {
    "docID": "N234 Zhang 2016",
    "et": "GeneExpressionAnalysis",
    "off": 4393,
    "sff": "expression"
  },
  {
    "docID": "N234 Zhang 2016",
    "et": "GeneExpressionAnalysis",
    "off": 17062,
    "sff": "expression"
  },
  {
    "docID": "N234 Zhang 2016",
    "et": "GeneExpressionAnalysis",
    "off": 20995,
    "sff": "Expression"
  },
  {
    "docID": "N234 Zhang 2016",
    "et": "GeneExpressionAnalysis",
    "off": 20353,
    "sff": "expression"
  },
  {
    "docID": "N234 Zhang 2016",
    "et": "GeneExpressionAnalysis",
    "off": 29753,
    "sff": "expression"
  },
  {
    "docID": "N234 Zhang 2016",
    "et": "GeneExpressionAnalysis",
    "off": 22540,
    "sff": "Expression"
  },
  {
    "docID": "N234 Zhang 2016",
    "et": "GeneExpressionAnalysis",
    "off": 29559,
    "sff": "expression"
  },
  {
    "docID": "N234 Zhang 2016",
    "et": "GeneExpressionAnalysis",
    "off": 22797,
    "sff": "expression"
  },
  {
    "docID": "N234 Zhang 2016",
    "et": "GeneExpressionAnalysis",
    "off": 21066,
    "sff": "expression"
  },
  {
    "docID": "N234 Zhang 2016",
    "et": "GeneExpressionAnalysis",
    "off": 26378,
    "sff": "expression"
  },
  {
    "docID": "N234 Zhang 2016",
    "et": "GeneExpressionAnalysis",
    "off": 17459,
    "sff": "Expression"
  },
  {
    "docID": "N234 Zhang 2016",
    "et": "GeneExpressionAnalysis",
    "off": 16575,
    "sff": "Expression"
  },
  {
    "docID": "N234 Zhang 2016",
    "et": "GeneExpressionAnalysis",
    "off": 30276,
    "sff": "expression"
  },
  {
    "docID": "N234 Zhang 2016",
    "et": "GeneExpressionAnalysis",
    "off": 1218,
    "sff": "expression"
  },
  {
    "docID": "N234 Zhang 2016",
    "et": "GeneExpressionAnalysis",
    "off": 26306,
    "sff": "expression"
  },
  {
    "docID": "N234 Zhang 2016",
    "et": "GeneExpressionAnalysis",
    "off": 32706,
    "sff": "expression"
  },
  {
    "docID": "N234 Zhang 2016",
    "et": "GeneExpressionAnalysis",
    "off": 16323,
    "sff": "expression"
  },
  {
    "docID": "N234 Zhang 2016",
    "et": "GeneExpressionAnalysis",
    "off": 22659,
    "sff": "expression"
  },
  {
    "docID": "N234 Zhang 2016",
    "et": "GeneExpressionAnalysis",
    "off": 23177,
    "sff": "expression"
  },
  {
    "docID": "N234 Zhang 2016",
    "et": "GeneExpressionAnalysis",
    "off": 26121,
    "sff": "expression"
  },
  {
    "docID": "N234 Zhang 2016",
    "et": "GeneExpressionAnalysis",
    "off": 33479,
    "sff": "expression"
  },
  {
    "docID": "N234 Zhang 2016",
    "et": "GeneExpressionAnalysis",
    "off": 13531,
    "sff": "expression"
  },
  {
    "docID": "N234 Zhang 2016",
    "et": "GeneExpressionAnalysis",
    "off": 31130,
    "sff": "expression"
  },
  {
    "docID": "N234 Zhang 2016",
    "et": "GeneExpressionAnalysis",
    "off": 8028,
    "sff": "expression"
  },
  {
    "docID": "N234 Zhang 2016",
    "et": "GeneExpressionAnalysis",
    "off": 1504,
    "sff": "expression"
  },
  {
    "docID": "N234 Zhang 2016",
    "et": "GeneExpressionAnalysis",
    "off": 23251,
    "sff": "expression"
  },
  {
    "docID": "N234 Zhang 2016",
    "et": "GeneExpressionAnalysis",
    "off": 21270,
    "sff": "expression"
  },
  {
    "docID": "N234 Zhang 2016",
    "et": "GeneExpressionAnalysis",
    "off": 30167,
    "sff": "expression"
  },
  {
    "docID": "N234 Zhang 2016",
    "et": "AxonalRegenerationTest",
    "off": 3085,
    "sff": "axonal regeneration"
  },
  {
    "docID": "N234 Zhang 2016",
    "et": "AxonalRegenerationTest",
    "off": 29368,
    "sff": "axonal regeneration"
  },
  {
    "docID": "N234 Zhang 2016",
    "et": "ProteinLevelAnalysis",
    "off": 16868,
    "sff": "level"
  },
  {
    "docID": "N234 Zhang 2016",
    "et": "ProteinLevelAnalysis",
    "off": 998,
    "sff": "level"
  },
  {
    "docID": "N234 Zhang 2016",
    "et": "ProteinLevelAnalysis",
    "off": 12580,
    "sff": "protein"
  },
  {
    "docID": "N234 Zhang 2016",
    "et": "ProteinLevelAnalysis",
    "off": 13523,
    "sff": "protein"
  },
  {
    "docID": "N234 Zhang 2016",
    "et": "ProteinLevelAnalysis",
    "off": 12336,
    "sff": "protein"
  },
  {
    "docID": "N234 Zhang 2016",
    "et": "ProteinLevelAnalysis",
    "off": 7599,
    "sff": "level"
  },
  {
    "docID": "N234 Zhang 2016",
    "et": "ProteinLevelAnalysis",
    "off": 10254,
    "sff": "protein"
  },
  {
    "docID": "N234 Zhang 2016",
    "et": "RemovalLatency",
    "off": 6333,
    "sff": "removal"
  },
  {
    "docID": "N234 Zhang 2016",
    "et": "SpinalLesionSite",
    "off": 18304,
    "sff": "spinal"
  },
  {
    "docID": "N234 Zhang 2016",
    "et": "SpinalLesionSite",
    "off": 13764,
    "sff": "spinal"
  },
  {
    "docID": "N234 Zhang 2016",
    "et": "SpinalLesionSite",
    "off": 25476,
    "sff": "spinal"
  },
  {
    "docID": "N234 Zhang 2016",
    "et": "SpinalLesionSite",
    "off": 313,
    "sff": "spinal"
  },
  {
    "docID": "N234 Zhang 2016",
    "et": "SpinalLesionSite",
    "off": 15801,
    "sff": "spinal"
  },
  {
    "docID": "N234 Zhang 2016",
    "et": "SpinalLesionSite",
    "off": 28153,
    "sff": "spinal"
  },
  {
    "docID": "N234 Zhang 2016",
    "et": "SpinalLesionSite",
    "off": 4150,
    "sff": "spinal"
  },
  {
    "docID": "N234 Zhang 2016",
    "et": "SpinalLesionSite",
    "off": 8570,
    "sff": "lesion"
  },
  {
    "docID": "N234 Zhang 2016",
    "et": "SpinalLesionSite",
    "off": 11763,
    "sff": "spinal"
  },
  {
    "docID": "N234 Zhang 2016",
    "et": "SpinalLesionSite",
    "off": 20455,
    "sff": "spinal"
  },
  {
    "docID": "N234 Zhang 2016",
    "et": "SpinalLesionSite",
    "off": 27370,
    "sff": "spinal"
  },
  {
    "docID": "N234 Zhang 2016",
    "et": "SpinalLesionSite",
    "off": 23456,
    "sff": "spinal"
  },
  {
    "docID": "N234 Zhang 2016",
    "et": "SpinalLesionSite",
    "off": 13665,
    "sff": "spinal"
  },
  {
    "docID": "N234 Zhang 2016",
    "et": "SpinalLesionSite",
    "off": 7389,
    "sff": "Spinal"
  },
  {
    "docID": "N234 Zhang 2016",
    "et": "SpinalLesionSite",
    "off": 9567,
    "sff": "spinal"
  },
  {
    "docID": "N234 Zhang 2016",
    "et": "SpinalLesionSite",
    "off": 20005,
    "sff": "spinal"
  },
  {
    "docID": "N234 Zhang 2016",
    "et": "SpinalLesionSite",
    "off": 17570,
    "sff": "spinal"
  },
  {
    "docID": "N234 Zhang 2016",
    "et": "SpinalLesionSite",
    "off": 7638,
    "sff": "spinal"
  },
  {
    "docID": "N234 Zhang 2016",
    "et": "SpinalLesionSite",
    "off": 1951,
    "sff": "Spinal"
  },
  {
    "docID": "N234 Zhang 2016",
    "et": "SpinalLesionSite",
    "off": 9754,
    "sff": "spinal"
  },
  {
    "docID": "N234 Zhang 2016",
    "et": "SpinalLesionSite",
    "off": 2065,
    "sff": "spinal"
  },
  {
    "docID": "N234 Zhang 2016",
    "et": "SpinalLesionSite",
    "off": 27153,
    "sff": "spinal"
  },
  {
    "docID": "N234 Zhang 2016",
    "et": "SpinalLesionSite",
    "off": 16654,
    "sff": "spinal"
  },
  {
    "docID": "N234 Zhang 2016",
    "et": "SpinalLesionSite",
    "off": 8143,
    "sff": "spinal"
  },
  {
    "docID": "N234 Zhang 2016",
    "et": "SpinalLesionSite",
    "off": 22863,
    "sff": "spinal"
  },
  {
    "docID": "N234 Zhang 2016",
    "et": "SpinalLesionSite",
    "off": 134,
    "sff": "Spinal"
  },
  {
    "docID": "N234 Zhang 2016",
    "et": "SpinalLesionSite",
    "off": 14549,
    "sff": "spinal"
  },
  {
    "docID": "N234 Zhang 2016",
    "et": "SpinalLesionSite",
    "off": 15890,
    "sff": "spinal"
  },
  {
    "docID": "N234 Zhang 2016",
    "et": "SpinalLesionSite",
    "off": 16265,
    "sff": "spinal"
  },
  {
    "docID": "N234 Zhang 2016",
    "et": "SpinalLesionSite",
    "off": 4294,
    "sff": "spinal"
  },
  {
    "docID": "N234 Zhang 2016",
    "et": "SpinalLesionSite",
    "off": 33606,
    "sff": "spinal"
  },
  {
    "docID": "N234 Zhang 2016",
    "et": "SpinalLesionSite",
    "off": 12181,
    "sff": "Spinal"
  },
  {
    "docID": "N234 Zhang 2016",
    "et": "SpinalLesionSite",
    "off": 18060,
    "sff": "spinal"
  },
  {
    "docID": "N234 Zhang 2016",
    "et": "SpinalLesionSite",
    "off": 843,
    "sff": "spinal"
  },
  {
    "docID": "N234 Zhang 2016",
    "et": "LesionVolumeTest",
    "off": 8570,
    "sff": "lesion"
  },
  {
    "docID": "N234 Zhang 2016",
    "et": "Latency",
    "off": 24889,
    "sff": "latency"
  },
  {
    "docID": "N234 Zhang 2016",
    "et": "Latency",
    "off": 15313,
    "sff": "latency"
  },
  {
    "docID": "N234 Zhang 2016",
    "et": "Latency",
    "off": 18833,
    "sff": "latency"
  },
  {
    "docID": "N234 Zhang 2016",
    "et": "Latency",
    "off": 24977,
    "sff": "latency"
  },
  {
    "docID": "N234 Zhang 2016",
    "et": "SchwannCellChangesTest",
    "off": 70,
    "sff": "Schwann"
  },
  {
    "docID": "N234 Zhang 2016",
    "et": "SchwannCellChangesTest",
    "off": 4012,
    "sff": "cell"
  },
  {
    "docID": "N234 Zhang 2016",
    "et": "SchwannCellChangesTest",
    "off": 16682,
    "sff": "cell"
  },
  {
    "docID": "N234 Zhang 2016",
    "et": "SchwannCellChangesTest",
    "off": 5481,
    "sff": "cell"
  },
  {
    "docID": "N234 Zhang 2016",
    "et": "SchwannCellChangesTest",
    "off": 870,
    "sff": "cell"
  },
  {
    "docID": "N234 Zhang 2016",
    "et": "SchwannCellChangesTest",
    "off": 18340,
    "sff": "cell"
  },
  {
    "docID": "N234 Zhang 2016",
    "et": "SchwannCellChangesTest",
    "off": 1935,
    "sff": "Schwann"
  },
  {
    "docID": "N234 Zhang 2016",
    "et": "SchwannCellChangesTest",
    "off": 8062,
    "sff": "Cell"
  },
  {
    "docID": "N234 Zhang 2016",
    "et": "SchwannCellChangesTest",
    "off": 30817,
    "sff": "cell"
  },
  {
    "docID": "N234 Zhang 2016",
    "et": "SchwannCellChangesTest",
    "off": 17598,
    "sff": "cell"
  },
  {
    "docID": "N234 Zhang 2016",
    "et": "SchwannCellChangesTest",
    "off": 3839,
    "sff": "cell"
  },
  {
    "docID": "N234 Zhang 2016",
    "et": "SchwannCellChangesTest",
    "off": 26682,
    "sff": "cell"
  },
  {
    "docID": "N234 Zhang 2016",
    "et": "SchwannCellChangesTest",
    "off": 8083,
    "sff": "Cell"
  },
  {
    "docID": "N234 Zhang 2016",
    "et": "SchwannCellChangesTest",
    "off": 1739,
    "sff": "cell"
  },
  {
    "docID": "N234 Zhang 2016",
    "et": "SchwannCellChangesTest",
    "off": 30667,
    "sff": "cell"
  },
  {
    "docID": "N234 Zhang 2016",
    "et": "SchwannCellChangesTest",
    "off": 8277,
    "sff": "Cell"
  },
  {
    "docID": "N234 Zhang 2016",
    "et": "SchwannCellChangesTest",
    "off": 17989,
    "sff": "cell"
  },
  {
    "docID": "N234 Zhang 2016",
    "et": "SchwannCellChangesTest",
    "off": 2499,
    "sff": "cell"
  },
  {
    "docID": "N234 Zhang 2016",
    "et": "SchwannCellChangesTest",
    "off": 427,
    "sff": "Schwann"
  },
  {
    "docID": "N234 Zhang 2016",
    "et": "SchwannCellChangesTest",
    "off": 3421,
    "sff": "cell"
  },
  {
    "docID": "N234 Zhang 2016",
    "et": "SchwannCellChangesTest",
    "off": 2672,
    "sff": "Schwann"
  },
  {
    "docID": "N234 Zhang 2016",
    "et": "SchwannCellChangesTest",
    "off": 8665,
    "sff": "cell"
  },
  {
    "docID": "N234 Zhang 2016",
    "et": "SchwannCellChangesTest",
    "off": 19222,
    "sff": "cell"
  },
  {
    "docID": "N234 Zhang 2016",
    "et": "SchwannCellChangesTest",
    "off": 32599,
    "sff": "cell"
  },
  {
    "docID": "N234 Zhang 2016",
    "et": "SchwannCellChangesTest",
    "off": 19409,
    "sff": "cell"
  },
  {
    "docID": "N234 Zhang 2016",
    "et": "MotorNeurons",
    "off": 24156,
    "sff": "motor"
  },
  {
    "docID": "N234 Zhang 2016",
    "et": "MotorNeurons",
    "off": 27948,
    "sff": "motor"
  },
  {
    "docID": "N234 Zhang 2016",
    "et": "MotorNeurons",
    "off": 23963,
    "sff": "motor"
  },
  {
    "docID": "N234 Zhang 2016",
    "et": "MotorNeurons",
    "off": 25515,
    "sff": "motor"
  },
  {
    "docID": "N234 Zhang 2016",
    "et": "MotorNeurons",
    "off": 1566,
    "sff": "motor"
  },
  {
    "docID": "N234 Zhang 2016",
    "et": "MotorNeurons",
    "off": 23923,
    "sff": "Motor"
  },
  {
    "docID": "N234 Zhang 2016",
    "et": "MotorNeurons",
    "off": 4669,
    "sff": "motor"
  },
  {
    "docID": "N234 Zhang 2016",
    "et": "MotorNeurons",
    "off": 24362,
    "sff": "motor"
  },
  {
    "docID": "N234 Zhang 2016",
    "et": "MotorNeurons",
    "off": 27530,
    "sff": "motor"
  },
  {
    "docID": "N234 Zhang 2016",
    "et": "MotorNeurons",
    "off": 18400,
    "sff": "motor"
  },
  {
    "docID": "N234 Zhang 2016",
    "et": "MotorNeurons",
    "off": 3217,
    "sff": "motor"
  },
  {
    "docID": "N234 Zhang 2016",
    "et": "FunctionalTest",
    "off": 24556,
    "sff": "functional"
  },
  {
    "docID": "N234 Zhang 2016",
    "et": "FunctionalTest",
    "off": 24290,
    "sff": "functional"
  },
  {
    "docID": "N234 Zhang 2016",
    "et": "GaleRatingScoreTest",
    "off": 14382,
    "sff": "rating"
  },
  {
    "docID": "N234 Zhang 2016",
    "et": "SecondaryDegenerationTest",
    "off": 13031,
    "sff": "secondary"
  },
  {
    "docID": "N234 Zhang 2016",
    "et": "SecondaryDegenerationTest",
    "off": 10612,
    "sff": "secondary"
  },
  {
    "docID": "N234 Zhang 2016",
    "et": "SecondaryDegenerationTest",
    "off": 29277,
    "sff": "secondary"
  },
  {
    "docID": "N234 Zhang 2016",
    "et": "IntramuscularLocation",
    "off": 7903,
    "sff": "intramuscular"
  },
  {
    "docID": "N234 Zhang 2016",
    "et": "TreatmentSite",
    "off": 14481,
    "sff": "treatment"
  },
  {
    "docID": "N234 Zhang 2016",
    "et": "TreatmentSite",
    "off": 2565,
    "sff": "treatment"
  },
  {
    "docID": "N234 Zhang 2016",
    "et": "Longitudinal",
    "off": 9334,
    "sff": "longitudinal"
  },
  {
    "docID": "N234 Zhang 2016",
    "et": "Longitudinal",
    "off": 9045,
    "sff": "longitudinal"
  },
  {
    "docID": "N234 Zhang 2016",
    "et": "Longitudinal",
    "off": 11823,
    "sff": "longitudinal"
  },
  {
    "docID": "N234 Zhang 2016",
    "et": "SpinalCord",
    "off": 12181,
    "sff": "Spinal cord"
  },
  {
    "docID": "N234 Zhang 2016",
    "et": "SpinalCord",
    "off": 7389,
    "sff": "Spinal Cord"
  },
  {
    "docID": "N234 Zhang 2016",
    "et": "SpinalCord",
    "off": 9754,
    "sff": "spinal cord"
  },
  {
    "docID": "N234 Zhang 2016",
    "et": "SpinalCord",
    "off": 14549,
    "sff": "spinal cord"
  },
  {
    "docID": "N234 Zhang 2016",
    "et": "SpinalCord",
    "off": 7638,
    "sff": "spinal cord"
  },
  {
    "docID": "N234 Zhang 2016",
    "et": "SpinalCord",
    "off": 8143,
    "sff": "spinal cord"
  },
  {
    "docID": "N234 Zhang 2016",
    "et": "SpinalCord",
    "off": 22863,
    "sff": "spinal cord"
  },
  {
    "docID": "N234 Zhang 2016",
    "et": "SpinalCord",
    "off": 843,
    "sff": "spinal cord"
  },
  {
    "docID": "N234 Zhang 2016",
    "et": "SpinalCord",
    "off": 15890,
    "sff": "spinal cord"
  },
  {
    "docID": "N234 Zhang 2016",
    "et": "SpinalCord",
    "off": 2065,
    "sff": "spinal cord"
  },
  {
    "docID": "N234 Zhang 2016",
    "et": "SpinalCord",
    "off": 18060,
    "sff": "spinal cord"
  },
  {
    "docID": "N234 Zhang 2016",
    "et": "SpinalCord",
    "off": 16654,
    "sff": "spinal cord"
  },
  {
    "docID": "N234 Zhang 2016",
    "et": "SpinalCord",
    "off": 20455,
    "sff": "spinal cord"
  },
  {
    "docID": "N234 Zhang 2016",
    "et": "SpinalCord",
    "off": 20005,
    "sff": "spinal cord"
  },
  {
    "docID": "N234 Zhang 2016",
    "et": "SpinalCord",
    "off": 9567,
    "sff": "spinal cord"
  },
  {
    "docID": "N234 Zhang 2016",
    "et": "SpinalCord",
    "off": 23456,
    "sff": "spinal cord"
  },
  {
    "docID": "N234 Zhang 2016",
    "et": "SpinalCord",
    "off": 13665,
    "sff": "spinal cord"
  },
  {
    "docID": "N234 Zhang 2016",
    "et": "SpinalCord",
    "off": 28153,
    "sff": "spinal"
  },
  {
    "docID": "N234 Zhang 2016",
    "et": "SpinalCord",
    "off": 17570,
    "sff": "spinal cord"
  },
  {
    "docID": "N234 Zhang 2016",
    "et": "SpinalCord",
    "off": 1951,
    "sff": "Spinal cord"
  },
  {
    "docID": "N234 Zhang 2016",
    "et": "SpinalCord",
    "off": 15801,
    "sff": "spinal cord"
  },
  {
    "docID": "N234 Zhang 2016",
    "et": "SpinalCord",
    "off": 11763,
    "sff": "spinal cord"
  },
  {
    "docID": "N234 Zhang 2016",
    "et": "SpinalCord",
    "off": 313,
    "sff": "spinal cord"
  },
  {
    "docID": "N234 Zhang 2016",
    "et": "SpinalCord",
    "off": 4150,
    "sff": "spinal cord"
  },
  {
    "docID": "N234 Zhang 2016",
    "et": "SpinalCord",
    "off": 134,
    "sff": "Spinal Cord"
  },
  {
    "docID": "N234 Zhang 2016",
    "et": "SpinalCord",
    "off": 27370,
    "sff": "spinal"
  },
  {
    "docID": "N234 Zhang 2016",
    "et": "SpinalCord",
    "off": 16265,
    "sff": "spinal cord"
  },
  {
    "docID": "N234 Zhang 2016",
    "et": "SpinalCord",
    "off": 27153,
    "sff": "spinal"
  },
  {
    "docID": "N234 Zhang 2016",
    "et": "SpinalCord",
    "off": 13764,
    "sff": "spinal cord"
  },
  {
    "docID": "N234 Zhang 2016",
    "et": "SpinalCord",
    "off": 25476,
    "sff": "spinal cord"
  },
  {
    "docID": "N234 Zhang 2016",
    "et": "SpinalCord",
    "off": 4294,
    "sff": "spinal cord"
  },
  {
    "docID": "N234 Zhang 2016",
    "et": "SpinalCord",
    "off": 33606,
    "sff": "spinal cord"
  },
  {
    "docID": "N234 Zhang 2016",
    "et": "SpinalCord",
    "off": 18304,
    "sff": "spinal cord"
  },
  {
    "docID": "N234 Zhang 2016",
    "et": "LesionAdjacentTissue",
    "off": 8570,
    "sff": "lesion"
  },
  {
    "docID": "N234 Zhang 2016",
    "et": "LesionAdjacentTissue",
    "off": 19431,
    "sff": "adjacent"
  },
  {
    "docID": "N234 Zhang 2016",
    "et": "ContactPlacingResponseTest",
    "off": 30044,
    "sff": "contact"
  },
  {
    "docID": "N234 Zhang 2016",
    "et": "StainingLength",
    "off": 16478,
    "sff": "staining"
  },
  {
    "docID": "N234 Zhang 2016",
    "et": "StainingLength",
    "off": 10554,
    "sff": "staining"
  },
  {
    "docID": "N234 Zhang 2016",
    "et": "StainingLength",
    "off": 17027,
    "sff": "staining"
  },
  {
    "docID": "N234 Zhang 2016",
    "et": "StainingLength",
    "off": 20259,
    "sff": "staining"
  },
  {
    "docID": "N234 Zhang 2016",
    "et": "StainingLength",
    "off": 20500,
    "sff": "staining"
  },
  {
    "docID": "N234 Zhang 2016",
    "et": "StainingLength",
    "off": 11682,
    "sff": "staining"
  },
  {
    "docID": "N234 Zhang 2016",
    "et": "StainingLength",
    "off": 21807,
    "sff": "staining"
  },
  {
    "docID": "N234 Zhang 2016",
    "et": "StainingLength",
    "off": 10800,
    "sff": "staining"
  },
  {
    "docID": "N234 Zhang 2016",
    "et": "LimbRotation",
    "off": 7845,
    "sff": "limb"
  },
  {
    "docID": "N234 Zhang 2016",
    "et": "LimbRotation",
    "off": 24101,
    "sff": "limb"
  },
  {
    "docID": "N234 Zhang 2016",
    "et": "LimbRotation",
    "off": 26533,
    "sff": "limb"
  },
  {
    "docID": "N234 Zhang 2016",
    "et": "LimbRotation",
    "off": 27525,
    "sff": "limb"
  },
  {
    "docID": "N234 Zhang 2016",
    "et": "T50MeanArterialPressure",
    "off": 15385,
    "sff": "mean"
  },
  {
    "docID": "N234 Zhang 2016",
    "et": "StainingDensity",
    "off": 16478,
    "sff": "staining"
  },
  {
    "docID": "N234 Zhang 2016",
    "et": "StainingDensity",
    "off": 10554,
    "sff": "staining"
  },
  {
    "docID": "N234 Zhang 2016",
    "et": "StainingDensity",
    "off": 20500,
    "sff": "staining"
  },
  {
    "docID": "N234 Zhang 2016",
    "et": "StainingDensity",
    "off": 17027,
    "sff": "staining"
  },
  {
    "docID": "N234 Zhang 2016",
    "et": "StainingDensity",
    "off": 20259,
    "sff": "staining"
  },
  {
    "docID": "N234 Zhang 2016",
    "et": "StainingDensity",
    "off": 10800,
    "sff": "staining"
  },
  {
    "docID": "N234 Zhang 2016",
    "et": "StainingDensity",
    "off": 21807,
    "sff": "staining"
  },
  {
    "docID": "N234 Zhang 2016",
    "et": "StainingDensity",
    "off": 11682,
    "sff": "staining"
  },
  {
    "docID": "N234 Zhang 2016",
    "et": "CardioVascularFunctionTest",
    "off": 2108,
    "sff": "vascular"
  },
  {
    "docID": "N234 Zhang 2016",
    "et": "SinglePelletReachingTest",
    "off": 7466,
    "sff": "single"
  },
  {
    "docID": "N234 Zhang 2016",
    "et": "SensoryTest",
    "off": 31601,
    "sff": "sensory"
  },
  {
    "docID": "N234 Zhang 2016",
    "et": "BBBSubscoreTest",
    "off": 24001,
    "sff": "BBB"
  },
  {
    "docID": "N234 Zhang 2016",
    "et": "BBBSubscoreTest",
    "off": 14499,
    "sff": "BBB"
  },
  {
    "docID": "N234 Zhang 2016",
    "et": "BBBSubscoreTest",
    "off": 24116,
    "sff": "BBB"
  },
  {
    "docID": "N234 Zhang 2016",
    "et": "BBBSubscoreTest",
    "off": 14367,
    "sff": "BBB"
  },
  {
    "docID": "N234 Zhang 2016",
    "et": "BBBSubscoreTest",
    "off": 24608,
    "sff": "BBB"
  },
  {
    "docID": "N234 Zhang 2016",
    "et": "BBBSubscoreTest",
    "off": 27984,
    "sff": "BBB"
  },
  {
    "docID": "N234 Zhang 2016",
    "et": "BBBSubscoreTest",
    "off": 18277,
    "sff": "BBB"
  },
  {
    "docID": "N234 Zhang 2016",
    "et": "BBBSubscoreTest",
    "off": 24421,
    "sff": "BBB"
  },
  {
    "docID": "N234 Zhang 2016",
    "et": "BBBSubscoreTest",
    "off": 24629,
    "sff": "BBB"
  },
  {
    "docID": "N234 Zhang 2016",
    "et": "BBBSubscoreTest",
    "off": 24310,
    "sff": "BBB"
  },
  {
    "docID": "N234 Zhang 2016",
    "et": "AxonalDamageTest",
    "off": 3085,
    "sff": "axonal"
  },
  {
    "docID": "N234 Zhang 2016",
    "et": "AxonalDamageTest",
    "off": 29368,
    "sff": "axonal"
  },
  {
    "docID": "N234 Zhang 2016",
    "et": "HistologicalInvestigationParameter",
    "off": 11655,
    "sff": "Histological"
  },
  {
    "docID": "N234 Zhang 2016",
    "et": "HistologicalInvestigationParameter",
    "off": 4258,
    "sff": "histological"
  },
  {
    "docID": "N234 Zhang 2016",
    "et": "SpinalCentralPart",
    "off": 16265,
    "sff": "spinal"
  },
  {
    "docID": "N234 Zhang 2016",
    "et": "SpinalCentralPart",
    "off": 134,
    "sff": "Spinal"
  },
  {
    "docID": "N234 Zhang 2016",
    "et": "SpinalCentralPart",
    "off": 843,
    "sff": "spinal"
  },
  {
    "docID": "N234 Zhang 2016",
    "et": "SpinalCentralPart",
    "off": 18060,
    "sff": "spinal"
  },
  {
    "docID": "N234 Zhang 2016",
    "et": "SpinalCentralPart",
    "off": 16654,
    "sff": "spinal"
  },
  {
    "docID": "N234 Zhang 2016",
    "et": "SpinalCentralPart",
    "off": 18304,
    "sff": "spinal"
  },
  {
    "docID": "N234 Zhang 2016",
    "et": "SpinalCentralPart",
    "off": 13764,
    "sff": "spinal"
  },
  {
    "docID": "N234 Zhang 2016",
    "et": "SpinalCentralPart",
    "off": 25476,
    "sff": "spinal"
  },
  {
    "docID": "N234 Zhang 2016",
    "et": "SpinalCentralPart",
    "off": 33606,
    "sff": "spinal"
  },
  {
    "docID": "N234 Zhang 2016",
    "et": "SpinalCentralPart",
    "off": 4294,
    "sff": "spinal"
  },
  {
    "docID": "N234 Zhang 2016",
    "et": "SpinalCentralPart",
    "off": 9754,
    "sff": "spinal"
  },
  {
    "docID": "N234 Zhang 2016",
    "et": "SpinalCentralPart",
    "off": 12181,
    "sff": "Spinal"
  },
  {
    "docID": "N234 Zhang 2016",
    "et": "SpinalCentralPart",
    "off": 8143,
    "sff": "spinal"
  },
  {
    "docID": "N234 Zhang 2016",
    "et": "SpinalCentralPart",
    "off": 22863,
    "sff": "spinal"
  },
  {
    "docID": "N234 Zhang 2016",
    "et": "SpinalCentralPart",
    "off": 2065,
    "sff": "spinal"
  },
  {
    "docID": "N234 Zhang 2016",
    "et": "SpinalCentralPart",
    "off": 15890,
    "sff": "spinal"
  },
  {
    "docID": "N234 Zhang 2016",
    "et": "SpinalCentralPart",
    "off": 27153,
    "sff": "spinal"
  },
  {
    "docID": "N234 Zhang 2016",
    "et": "SpinalCentralPart",
    "off": 7389,
    "sff": "Spinal"
  },
  {
    "docID": "N234 Zhang 2016",
    "et": "SpinalCentralPart",
    "off": 7638,
    "sff": "spinal"
  },
  {
    "docID": "N234 Zhang 2016",
    "et": "SpinalCentralPart",
    "off": 14549,
    "sff": "spinal"
  },
  {
    "docID": "N234 Zhang 2016",
    "et": "SpinalCentralPart",
    "off": 20455,
    "sff": "spinal"
  },
  {
    "docID": "N234 Zhang 2016",
    "et": "SpinalCentralPart",
    "off": 27370,
    "sff": "spinal"
  },
  {
    "docID": "N234 Zhang 2016",
    "et": "SpinalCentralPart",
    "off": 1951,
    "sff": "Spinal"
  },
  {
    "docID": "N234 Zhang 2016",
    "et": "SpinalCentralPart",
    "off": 23456,
    "sff": "spinal"
  },
  {
    "docID": "N234 Zhang 2016",
    "et": "SpinalCentralPart",
    "off": 9567,
    "sff": "spinal"
  },
  {
    "docID": "N234 Zhang 2016",
    "et": "SpinalCentralPart",
    "off": 17570,
    "sff": "spinal"
  },
  {
    "docID": "N234 Zhang 2016",
    "et": "SpinalCentralPart",
    "off": 13665,
    "sff": "spinal"
  },
  {
    "docID": "N234 Zhang 2016",
    "et": "SpinalCentralPart",
    "off": 20005,
    "sff": "spinal"
  },
  {
    "docID": "N234 Zhang 2016",
    "et": "SpinalCentralPart",
    "off": 313,
    "sff": "spinal"
  },
  {
    "docID": "N234 Zhang 2016",
    "et": "SpinalCentralPart",
    "off": 15801,
    "sff": "spinal"
  },
  {
    "docID": "N234 Zhang 2016",
    "et": "SpinalCentralPart",
    "off": 28153,
    "sff": "spinal"
  },
  {
    "docID": "N234 Zhang 2016",
    "et": "SpinalCentralPart",
    "off": 11763,
    "sff": "spinal"
  },
  {
    "docID": "N234 Zhang 2016",
    "et": "SpinalCentralPart",
    "off": 4150,
    "sff": "spinal"
  },
  {
    "docID": "N234 Zhang 2016",
    "et": "OxidativeStressTest",
    "off": 31278,
    "sff": "oxidative"
  },
  {
    "docID": "N234 Zhang 2016",
    "et": "OxidativeStressTest",
    "off": 31090,
    "sff": "oxidative"
  },
  {
    "docID": "N234 Zhang 2016",
    "et": "AxonalDiebackTest",
    "off": 29368,
    "sff": "axonal"
  },
  {
    "docID": "N234 Zhang 2016",
    "et": "AxonalDiebackTest",
    "off": 3085,
    "sff": "axonal"
  },
  {
    "docID": "N234 Zhang 2016",
    "et": "NonNeuronalCellChangesTest",
    "off": 32235,
    "sff": "neuronal"
  },
  {
    "docID": "N234 Zhang 2016",
    "et": "SpinalCordStump",
    "off": 27153,
    "sff": "spinal"
  },
  {
    "docID": "N234 Zhang 2016",
    "et": "SpinalCordStump",
    "off": 20455,
    "sff": "spinal cord"
  },
  {
    "docID": "N234 Zhang 2016",
    "et": "SpinalCordStump",
    "off": 9438,
    "sff": "cord"
  },
  {
    "docID": "N234 Zhang 2016",
    "et": "SpinalCordStump",
    "off": 20005,
    "sff": "spinal cord"
  },
  {
    "docID": "N234 Zhang 2016",
    "et": "SpinalCordStump",
    "off": 17570,
    "sff": "spinal cord"
  },
  {
    "docID": "N234 Zhang 2016",
    "et": "SpinalCordStump",
    "off": 26193,
    "sff": "cord"
  },
  {
    "docID": "N234 Zhang 2016",
    "et": "SpinalCordStump",
    "off": 13665,
    "sff": "spinal cord"
  },
  {
    "docID": "N234 Zhang 2016",
    "et": "SpinalCordStump",
    "off": 23456,
    "sff": "spinal cord"
  },
  {
    "docID": "N234 Zhang 2016",
    "et": "SpinalCordStump",
    "off": 9567,
    "sff": "spinal cord"
  },
  {
    "docID": "N234 Zhang 2016",
    "et": "SpinalCordStump",
    "off": 1951,
    "sff": "Spinal cord"
  },
  {
    "docID": "N234 Zhang 2016",
    "et": "SpinalCordStump",
    "off": 9364,
    "sff": "cord"
  },
  {
    "docID": "N234 Zhang 2016",
    "et": "SpinalCordStump",
    "off": 9754,
    "sff": "spinal cord"
  },
  {
    "docID": "N234 Zhang 2016",
    "et": "SpinalCordStump",
    "off": 8520,
    "sff": "cord"
  },
  {
    "docID": "N234 Zhang 2016",
    "et": "SpinalCordStump",
    "off": 7638,
    "sff": "spinal cord"
  },
  {
    "docID": "N234 Zhang 2016",
    "et": "SpinalCordStump",
    "off": 14549,
    "sff": "spinal cord"
  },
  {
    "docID": "N234 Zhang 2016",
    "et": "SpinalCordStump",
    "off": 12181,
    "sff": "Spinal cord"
  },
  {
    "docID": "N234 Zhang 2016",
    "et": "SpinalCordStump",
    "off": 134,
    "sff": "Spinal Cord"
  },
  {
    "docID": "N234 Zhang 2016",
    "et": "SpinalCordStump",
    "off": 15890,
    "sff": "spinal cord"
  },
  {
    "docID": "N234 Zhang 2016",
    "et": "SpinalCordStump",
    "off": 27370,
    "sff": "spinal"
  },
  {
    "docID": "N234 Zhang 2016",
    "et": "SpinalCordStump",
    "off": 2065,
    "sff": "spinal cord"
  },
  {
    "docID": "N234 Zhang 2016",
    "et": "SpinalCordStump",
    "off": 8143,
    "sff": "spinal cord"
  },
  {
    "docID": "N234 Zhang 2016",
    "et": "SpinalCordStump",
    "off": 22863,
    "sff": "spinal cord"
  },
  {
    "docID": "N234 Zhang 2016",
    "et": "SpinalCordStump",
    "off": 7750,
    "sff": "cord"
  },
  {
    "docID": "N234 Zhang 2016",
    "et": "SpinalCordStump",
    "off": 16654,
    "sff": "spinal cord"
  },
  {
    "docID": "N234 Zhang 2016",
    "et": "SpinalCordStump",
    "off": 18060,
    "sff": "spinal cord"
  },
  {
    "docID": "N234 Zhang 2016",
    "et": "SpinalCordStump",
    "off": 843,
    "sff": "spinal cord"
  },
  {
    "docID": "N234 Zhang 2016",
    "et": "SpinalCordStump",
    "off": 16265,
    "sff": "spinal cord"
  },
  {
    "docID": "N234 Zhang 2016",
    "et": "SpinalCordStump",
    "off": 4294,
    "sff": "spinal cord"
  },
  {
    "docID": "N234 Zhang 2016",
    "et": "SpinalCordStump",
    "off": 33606,
    "sff": "spinal cord"
  },
  {
    "docID": "N234 Zhang 2016",
    "et": "SpinalCordStump",
    "off": 13764,
    "sff": "spinal cord"
  },
  {
    "docID": "N234 Zhang 2016",
    "et": "SpinalCordStump",
    "off": 25476,
    "sff": "spinal cord"
  },
  {
    "docID": "N234 Zhang 2016",
    "et": "SpinalCordStump",
    "off": 28153,
    "sff": "spinal"
  },
  {
    "docID": "N234 Zhang 2016",
    "et": "SpinalCordStump",
    "off": 18304,
    "sff": "spinal cord"
  },
  {
    "docID": "N234 Zhang 2016",
    "et": "SpinalCordStump",
    "off": 313,
    "sff": "spinal cord"
  },
  {
    "docID": "N234 Zhang 2016",
    "et": "SpinalCordStump",
    "off": 7389,
    "sff": "Spinal Cord"
  },
  {
    "docID": "N234 Zhang 2016",
    "et": "SpinalCordStump",
    "off": 15801,
    "sff": "spinal cord"
  },
  {
    "docID": "N234 Zhang 2016",
    "et": "SpinalCordStump",
    "off": 4150,
    "sff": "spinal cord"
  },
  {
    "docID": "N234 Zhang 2016",
    "et": "SpinalCordStump",
    "off": 11763,
    "sff": "spinal cord"
  },
  {
    "docID": "N234 Zhang 2016",
    "et": "MotorEvokedPotentialsTest",
    "off": 14615,
    "sff": "Evoked"
  },
  {
    "docID": "N234 Zhang 2016",
    "et": "MotorEvokedPotentialsTest",
    "off": 25515,
    "sff": "motor"
  },
  {
    "docID": "N234 Zhang 2016",
    "et": "MotorEvokedPotentialsTest",
    "off": 24362,
    "sff": "motor"
  },
  {
    "docID": "N234 Zhang 2016",
    "et": "MotorEvokedPotentialsTest",
    "off": 27530,
    "sff": "motor"
  },
  {
    "docID": "N234 Zhang 2016",
    "et": "MotorEvokedPotentialsTest",
    "off": 3217,
    "sff": "motor"
  },
  {
    "docID": "N234 Zhang 2016",
    "et": "MotorEvokedPotentialsTest",
    "off": 27948,
    "sff": "motor"
  },
  {
    "docID": "N234 Zhang 2016",
    "et": "MotorEvokedPotentialsTest",
    "off": 23923,
    "sff": "Motor"
  },
  {
    "docID": "N234 Zhang 2016",
    "et": "MotorEvokedPotentialsTest",
    "off": 15055,
    "sff": "evoked"
  },
  {
    "docID": "N234 Zhang 2016",
    "et": "MotorEvokedPotentialsTest",
    "off": 23963,
    "sff": "motor"
  },
  {
    "docID": "N234 Zhang 2016",
    "et": "MotorEvokedPotentialsTest",
    "off": 18400,
    "sff": "motor"
  },
  {
    "docID": "N234 Zhang 2016",
    "et": "MotorEvokedPotentialsTest",
    "off": 4669,
    "sff": "motor"
  },
  {
    "docID": "N234 Zhang 2016",
    "et": "MotorEvokedPotentialsTest",
    "off": 24156,
    "sff": "motor"
  },
  {
    "docID": "N234 Zhang 2016",
    "et": "MotorEvokedPotentialsTest",
    "off": 1566,
    "sff": "motor"
  },
  {
    "docID": "N234 Zhang 2016",
    "et": "Brain",
    "off": 28147,
    "sff": "brain"
  },
  {
    "docID": "N234 Zhang 2016",
    "et": "SpinalWhiteMatter",
    "off": 13764,
    "sff": "spinal"
  },
  {
    "docID": "N234 Zhang 2016",
    "et": "SpinalWhiteMatter",
    "off": 25476,
    "sff": "spinal"
  },
  {
    "docID": "N234 Zhang 2016",
    "et": "SpinalWhiteMatter",
    "off": 4294,
    "sff": "spinal"
  },
  {
    "docID": "N234 Zhang 2016",
    "et": "SpinalWhiteMatter",
    "off": 33606,
    "sff": "spinal"
  },
  {
    "docID": "N234 Zhang 2016",
    "et": "SpinalWhiteMatter",
    "off": 16265,
    "sff": "spinal"
  },
  {
    "docID": "N234 Zhang 2016",
    "et": "SpinalWhiteMatter",
    "off": 18060,
    "sff": "spinal"
  },
  {
    "docID": "N234 Zhang 2016",
    "et": "SpinalWhiteMatter",
    "off": 843,
    "sff": "spinal"
  },
  {
    "docID": "N234 Zhang 2016",
    "et": "SpinalWhiteMatter",
    "off": 16654,
    "sff": "spinal"
  },
  {
    "docID": "N234 Zhang 2016",
    "et": "SpinalWhiteMatter",
    "off": 8143,
    "sff": "spinal"
  },
  {
    "docID": "N234 Zhang 2016",
    "et": "SpinalWhiteMatter",
    "off": 22863,
    "sff": "spinal"
  },
  {
    "docID": "N234 Zhang 2016",
    "et": "SpinalWhiteMatter",
    "off": 15890,
    "sff": "spinal"
  },
  {
    "docID": "N234 Zhang 2016",
    "et": "SpinalWhiteMatter",
    "off": 2065,
    "sff": "spinal"
  },
  {
    "docID": "N234 Zhang 2016",
    "et": "SpinalWhiteMatter",
    "off": 5287,
    "sff": "white"
  },
  {
    "docID": "N234 Zhang 2016",
    "et": "SpinalWhiteMatter",
    "off": 27153,
    "sff": "spinal"
  },
  {
    "docID": "N234 Zhang 2016",
    "et": "SpinalWhiteMatter",
    "off": 7638,
    "sff": "spinal"
  },
  {
    "docID": "N234 Zhang 2016",
    "et": "SpinalWhiteMatter",
    "off": 14549,
    "sff": "spinal"
  },
  {
    "docID": "N234 Zhang 2016",
    "et": "SpinalWhiteMatter",
    "off": 9754,
    "sff": "spinal"
  },
  {
    "docID": "N234 Zhang 2016",
    "et": "SpinalWhiteMatter",
    "off": 23456,
    "sff": "spinal"
  },
  {
    "docID": "N234 Zhang 2016",
    "et": "SpinalWhiteMatter",
    "off": 9567,
    "sff": "spinal"
  },
  {
    "docID": "N234 Zhang 2016",
    "et": "SpinalWhiteMatter",
    "off": 5287,
    "sff": "white matter"
  },
  {
    "docID": "N234 Zhang 2016",
    "et": "SpinalWhiteMatter",
    "off": 17570,
    "sff": "spinal"
  },
  {
    "docID": "N234 Zhang 2016",
    "et": "SpinalWhiteMatter",
    "off": 13665,
    "sff": "spinal"
  },
  {
    "docID": "N234 Zhang 2016",
    "et": "SpinalWhiteMatter",
    "off": 1951,
    "sff": "Spinal"
  },
  {
    "docID": "N234 Zhang 2016",
    "et": "SpinalWhiteMatter",
    "off": 20005,
    "sff": "spinal"
  },
  {
    "docID": "N234 Zhang 2016",
    "et": "SpinalWhiteMatter",
    "off": 7389,
    "sff": "Spinal"
  },
  {
    "docID": "N234 Zhang 2016",
    "et": "SpinalWhiteMatter",
    "off": 20455,
    "sff": "spinal"
  },
  {
    "docID": "N234 Zhang 2016",
    "et": "SpinalWhiteMatter",
    "off": 12181,
    "sff": "Spinal"
  },
  {
    "docID": "N234 Zhang 2016",
    "et": "SpinalWhiteMatter",
    "off": 27370,
    "sff": "spinal"
  },
  {
    "docID": "N234 Zhang 2016",
    "et": "SpinalWhiteMatter",
    "off": 11763,
    "sff": "spinal"
  },
  {
    "docID": "N234 Zhang 2016",
    "et": "SpinalWhiteMatter",
    "off": 4150,
    "sff": "spinal"
  },
  {
    "docID": "N234 Zhang 2016",
    "et": "SpinalWhiteMatter",
    "off": 313,
    "sff": "spinal"
  },
  {
    "docID": "N234 Zhang 2016",
    "et": "SpinalWhiteMatter",
    "off": 15801,
    "sff": "spinal"
  },
  {
    "docID": "N234 Zhang 2016",
    "et": "SpinalWhiteMatter",
    "off": 28153,
    "sff": "spinal"
  },
  {
    "docID": "N234 Zhang 2016",
    "et": "SpinalWhiteMatter",
    "off": 134,
    "sff": "Spinal"
  },
  {
    "docID": "N234 Zhang 2016",
    "et": "SpinalWhiteMatter",
    "off": 18304,
    "sff": "spinal"
  },
  {
    "docID": "N234 Zhang 2016",
    "et": "BladderFunctionTest",
    "off": 8020,
    "sff": "bladder"
  },
  {
    "docID": "N234 Zhang 2016",
    "et": "BladderFunctionTest",
    "off": 7995,
    "sff": "bladder"
  },
  {
    "docID": "N234 Zhang 2016",
    "et": "BodyWeightExamination",
    "off": 7695,
    "sff": "weight"
  },
  {
    "docID": "N234 Zhang 2016",
    "et": "OpenFieldTest",
    "off": 27973,
    "sff": "open-field"
  },
  {
    "docID": "N234 Zhang 2016",
    "et": "SpinalGrayMatter",
    "off": 20455,
    "sff": "spinal"
  },
  {
    "docID": "N234 Zhang 2016",
    "et": "SpinalGrayMatter",
    "off": 20005,
    "sff": "spinal"
  },
  {
    "docID": "N234 Zhang 2016",
    "et": "SpinalGrayMatter",
    "off": 7389,
    "sff": "Spinal"
  },
  {
    "docID": "N234 Zhang 2016",
    "et": "SpinalGrayMatter",
    "off": 1951,
    "sff": "Spinal"
  },
  {
    "docID": "N234 Zhang 2016",
    "et": "SpinalGrayMatter",
    "off": 27370,
    "sff": "spinal"
  },
  {
    "docID": "N234 Zhang 2016",
    "et": "SpinalGrayMatter",
    "off": 11763,
    "sff": "spinal"
  },
  {
    "docID": "N234 Zhang 2016",
    "et": "SpinalGrayMatter",
    "off": 12181,
    "sff": "Spinal"
  },
  {
    "docID": "N234 Zhang 2016",
    "et": "SpinalGrayMatter",
    "off": 14549,
    "sff": "spinal"
  },
  {
    "docID": "N234 Zhang 2016",
    "et": "SpinalGrayMatter",
    "off": 7638,
    "sff": "spinal"
  },
  {
    "docID": "N234 Zhang 2016",
    "et": "SpinalGrayMatter",
    "off": 9754,
    "sff": "spinal"
  },
  {
    "docID": "N234 Zhang 2016",
    "et": "SpinalGrayMatter",
    "off": 9567,
    "sff": "spinal"
  },
  {
    "docID": "N234 Zhang 2016",
    "et": "SpinalGrayMatter",
    "off": 23456,
    "sff": "spinal"
  },
  {
    "docID": "N234 Zhang 2016",
    "et": "SpinalGrayMatter",
    "off": 13665,
    "sff": "spinal"
  },
  {
    "docID": "N234 Zhang 2016",
    "et": "SpinalGrayMatter",
    "off": 17570,
    "sff": "spinal"
  },
  {
    "docID": "N234 Zhang 2016",
    "et": "SpinalGrayMatter",
    "off": 33606,
    "sff": "spinal"
  },
  {
    "docID": "N234 Zhang 2016",
    "et": "SpinalGrayMatter",
    "off": 4294,
    "sff": "spinal"
  },
  {
    "docID": "N234 Zhang 2016",
    "et": "SpinalGrayMatter",
    "off": 843,
    "sff": "spinal"
  },
  {
    "docID": "N234 Zhang 2016",
    "et": "SpinalGrayMatter",
    "off": 18060,
    "sff": "spinal"
  },
  {
    "docID": "N234 Zhang 2016",
    "et": "SpinalGrayMatter",
    "off": 16265,
    "sff": "spinal"
  },
  {
    "docID": "N234 Zhang 2016",
    "et": "SpinalGrayMatter",
    "off": 8143,
    "sff": "spinal"
  },
  {
    "docID": "N234 Zhang 2016",
    "et": "SpinalGrayMatter",
    "off": 22863,
    "sff": "spinal"
  },
  {
    "docID": "N234 Zhang 2016",
    "et": "SpinalGrayMatter",
    "off": 16654,
    "sff": "spinal"
  },
  {
    "docID": "N234 Zhang 2016",
    "et": "SpinalGrayMatter",
    "off": 2065,
    "sff": "spinal"
  },
  {
    "docID": "N234 Zhang 2016",
    "et": "SpinalGrayMatter",
    "off": 27153,
    "sff": "spinal"
  },
  {
    "docID": "N234 Zhang 2016",
    "et": "SpinalGrayMatter",
    "off": 15890,
    "sff": "spinal"
  },
  {
    "docID": "N234 Zhang 2016",
    "et": "SpinalGrayMatter",
    "off": 4150,
    "sff": "spinal"
  },
  {
    "docID": "N234 Zhang 2016",
    "et": "SpinalGrayMatter",
    "off": 313,
    "sff": "spinal"
  },
  {
    "docID": "N234 Zhang 2016",
    "et": "SpinalGrayMatter",
    "off": 15801,
    "sff": "spinal"
  },
  {
    "docID": "N234 Zhang 2016",
    "et": "SpinalGrayMatter",
    "off": 28153,
    "sff": "spinal"
  },
  {
    "docID": "N234 Zhang 2016",
    "et": "SpinalGrayMatter",
    "off": 18304,
    "sff": "spinal"
  },
  {
    "docID": "N234 Zhang 2016",
    "et": "SpinalGrayMatter",
    "off": 134,
    "sff": "Spinal"
  },
  {
    "docID": "N234 Zhang 2016",
    "et": "SpinalGrayMatter",
    "off": 13764,
    "sff": "spinal"
  },
  {
    "docID": "N234 Zhang 2016",
    "et": "SpinalGrayMatter",
    "off": 25476,
    "sff": "spinal"
  },
  {
    "docID": "N234 Zhang 2016",
    "et": "AxonalChangesTest",
    "off": 29368,
    "sff": "axonal"
  },
  {
    "docID": "N234 Zhang 2016",
    "et": "AxonalChangesTest",
    "off": 3085,
    "sff": "axonal"
  },
  {
    "docID": "N234 Zhang 2016",
    "et": "LocomotorTest",
    "off": 14430,
    "sff": "locomotor"
  },
  {
    "docID": "N234 Zhang 2016",
    "et": "LocomotorTest",
    "off": 14313,
    "sff": "Locomotor"
  },
  {
    "docID": "N234 Zhang 2016",
    "et": "LocomotorTest",
    "off": 14372,
    "sff": "locomotor"
  },
  {
    "docID": "N234 Zhang 2016",
    "et": "LocomotorTest",
    "off": 24612,
    "sff": "locomotor"
  },
  {
    "docID": "N234 Zhang 2016",
    "et": "BloodBrainBarrierTest",
    "off": 6383,
    "sff": "blood"
  },
  {
    "docID": "N234 Zhang 2016",
    "et": "BloodBrainBarrierTest",
    "off": 28141,
    "sff": "blood brain"
  },
  {
    "docID": "N234 Zhang 2016",
    "et": "BloodBrainBarrierTest",
    "off": 30725,
    "sff": "blood"
  },
  {
    "docID": "N234 Zhang 2016",
    "et": "VertebralArea",
    "off": 7585,
    "sff": "vertebral"
  },
  {
    "docID": "N234 Zhang 2016",
    "et": "VertebralArea",
    "off": 984,
    "sff": "vertebral"
  },
  {
    "docID": "N234 Zhang 2016",
    "et": "Caudal",
    "off": 8601,
    "sff": "caudal"
  },
  {
    "docID": "N234 Zhang 2016",
    "et": "Caudal",
    "off": 5211,
    "sff": "caudal"
  },
  {
    "docID": "N234 Zhang 2016",
    "et": "VertebralSegment",
    "off": 984,
    "sff": "vertebral"
  },
  {
    "docID": "N234 Zhang 2016",
    "et": "VertebralSegment",
    "off": 7585,
    "sff": "vertebral"
  },
  {
    "docID": "N234 Zhang 2016",
    "et": "BladderFunctionParameter",
    "off": 3223,
    "sff": "function"
  },
  {
    "docID": "N234 Zhang 2016",
    "et": "BladderFunctionParameter",
    "off": 8020,
    "sff": "bladder"
  },
  {
    "docID": "N234 Zhang 2016",
    "et": "BladderFunctionParameter",
    "off": 23969,
    "sff": "function"
  },
  {
    "docID": "N234 Zhang 2016",
    "et": "BladderFunctionParameter",
    "off": 4675,
    "sff": "function"
  },
  {
    "docID": "N234 Zhang 2016",
    "et": "BladderFunctionParameter",
    "off": 18406,
    "sff": "function"
  },
  {
    "docID": "N234 Zhang 2016",
    "et": "BladderFunctionParameter",
    "off": 23929,
    "sff": "Function"
  },
  {
    "docID": "N234 Zhang 2016",
    "et": "BladderFunctionParameter",
    "off": 14440,
    "sff": "function"
  },
  {
    "docID": "N234 Zhang 2016",
    "et": "BladderFunctionParameter",
    "off": 7995,
    "sff": "bladder"
  },
  {
    "docID": "N234 Zhang 2016",
    "et": "BladderFunctionParameter",
    "off": 33582,
    "sff": "function"
  },
  {
    "docID": "N234 Zhang 2016",
    "et": "BladderFunctionParameter",
    "off": 25521,
    "sff": "function"
  },
  {
    "docID": "N234 Zhang 2016",
    "et": "BladderFunctionParameter",
    "off": 24368,
    "sff": "function"
  },
  {
    "docID": "N234 Zhang 2016",
    "et": "BladderFunctionParameter",
    "off": 27536,
    "sff": "function"
  },
  {
    "docID": "N234 Zhang 2016",
    "et": "BladderFunctionParameter",
    "off": 27954,
    "sff": "function"
  },
  {
    "docID": "N234 Zhang 2016",
    "et": "InflammationTest",
    "off": 28927,
    "sff": "inflammation"
  },
  {
    "docID": "N234 Zhang 2016",
    "et": "InflammationTest",
    "off": 93,
    "sff": "Inflammation"
  },
  {
    "docID": "N234 Zhang 2016",
    "et": "InflammationTest",
    "off": 28012,
    "sff": "Inflammation"
  },
  {
    "docID": "N234 Zhang 2016",
    "et": "InflammationTest",
    "off": 22629,
    "sff": "inflammation"
  },
  {
    "docID": "N234 Zhang 2016",
    "et": "InflammationTest",
    "off": 4214,
    "sff": "inflammation"
  },
  {
    "docID": "N234 Zhang 2016",
    "et": "InflammationTest",
    "off": 28678,
    "sff": "inflammation"
  },
  {
    "docID": "N234 Zhang 2016",
    "et": "InflammationTest",
    "off": 13625,
    "sff": "inflammation"
  },
  {
    "docID": "N234 Zhang 2016",
    "et": "InflammationTest",
    "off": 32841,
    "sff": "inflammation"
  },
  {
    "docID": "N234 Zhang 2016",
    "et": "RelativePawPlacement",
    "off": 13361,
    "sff": "relative"
  },
  {
    "docID": "N234 Zhang 2016",
    "et": "GaitAnalysisParameter",
    "off": 16919,
    "sff": "analysis"
  },
  {
    "docID": "N234 Zhang 2016",
    "et": "GaitAnalysisParameter",
    "off": 14646,
    "sff": "Analysis"
  },
  {
    "docID": "N234 Zhang 2016",
    "et": "GaitAnalysisParameter",
    "off": 15561,
    "sff": "analysis"
  },
  {
    "docID": "N234 Zhang 2016",
    "et": "GaitAnalysisParameter",
    "off": 25903,
    "sff": "analysis"
  },
  {
    "docID": "N234 Zhang 2016",
    "et": "GaitAnalysisParameter",
    "off": 16944,
    "sff": "analysis"
  },
  {
    "docID": "N234 Zhang 2016",
    "et": "GaitAnalysisParameter",
    "off": 14113,
    "sff": "analysis"
  },
  {
    "docID": "N234 Zhang 2016",
    "et": "GaitAnalysisParameter",
    "off": 16513,
    "sff": "analysis"
  },
  {
    "docID": "N234 Zhang 2016",
    "et": "GaitAnalysisParameter",
    "off": 20785,
    "sff": "analysis"
  },
  {
    "docID": "N234 Zhang 2016",
    "et": "GaitAnalysisParameter",
    "off": 15348,
    "sff": "Analysis"
  },
  {
    "docID": "N234 Zhang 2016",
    "et": "GaitAnalysisParameter",
    "off": 15476,
    "sff": "analysis"
  },
  {
    "docID": "N234 Zhang 2016",
    "et": "T10",
    "off": 994,
    "sff": "T10"
  },
  {
    "docID": "N234 Zhang 2016",
    "et": "T10",
    "off": 7595,
    "sff": "T10"
  },
  {
    "docID": "N234 Zhang 2016",
    "et": "VertebralLocation",
    "off": 984,
    "sff": "vertebral"
  },
  {
    "docID": "N234 Zhang 2016",
    "et": "VertebralLocation",
    "off": 7585,
    "sff": "vertebral"
  },
  {
    "docID": "N234 Zhang 2016",
    "et": "IntraperitonealLocation",
    "off": 7473,
    "sff": "intraperitoneal"
  },
  {
    "docID": "N234 Zhang 2016",
    "et": "AxonalSproutingTest",
    "off": 3085,
    "sff": "axonal"
  },
  {
    "docID": "N234 Zhang 2016",
    "et": "AxonalSproutingTest",
    "off": 29368,
    "sff": "axonal"
  },
  {
    "docID": "N234 Zhang 2016",
    "et": "BladderSize",
    "off": 8020,
    "sff": "bladder"
  },
  {
    "docID": "N234 Zhang 2016",
    "et": "BladderSize",
    "off": 7995,
    "sff": "bladder"
  },
  {
    "docID": "N234 Zhang 2016",
    "et": "AngiogenesisTest",
    "off": 31461,
    "sff": "angiogenesis"
  },
  {
    "docID": "N234 Zhang 2016",
    "et": "BloodCirculationExamination",
    "off": 6383,
    "sff": "blood"
  },
  {
    "docID": "N234 Zhang 2016",
    "et": "BloodCirculationExamination",
    "off": 28141,
    "sff": "blood"
  },
  {
    "docID": "N234 Zhang 2016",
    "et": "BloodCirculationExamination",
    "off": 30725,
    "sff": "blood"
  },
  {
    "docID": "N234 Zhang 2016",
    "et": "NeuronalCellLossTest",
    "off": 17989,
    "sff": "cell"
  },
  {
    "docID": "N234 Zhang 2016",
    "et": "NeuronalCellLossTest",
    "off": 18340,
    "sff": "cell"
  },
  {
    "docID": "N234 Zhang 2016",
    "et": "NeuronalCellLossTest",
    "off": 870,
    "sff": "cell"
  },
  {
    "docID": "N234 Zhang 2016",
    "et": "NeuronalCellLossTest",
    "off": 5481,
    "sff": "cell"
  },
  {
    "docID": "N234 Zhang 2016",
    "et": "NeuronalCellLossTest",
    "off": 30667,
    "sff": "cell"
  },
  {
    "docID": "N234 Zhang 2016",
    "et": "NeuronalCellLossTest",
    "off": 1739,
    "sff": "cell"
  },
  {
    "docID": "N234 Zhang 2016",
    "et": "NeuronalCellLossTest",
    "off": 16682,
    "sff": "cell"
  },
  {
    "docID": "N234 Zhang 2016",
    "et": "NeuronalCellLossTest",
    "off": 4012,
    "sff": "cell"
  },
  {
    "docID": "N234 Zhang 2016",
    "et": "NeuronalCellLossTest",
    "off": 8083,
    "sff": "Cell"
  },
  {
    "docID": "N234 Zhang 2016",
    "et": "NeuronalCellLossTest",
    "off": 19409,
    "sff": "cell"
  },
  {
    "docID": "N234 Zhang 2016",
    "et": "NeuronalCellLossTest",
    "off": 32599,
    "sff": "cell"
  },
  {
    "docID": "N234 Zhang 2016",
    "et": "NeuronalCellLossTest",
    "off": 19222,
    "sff": "cell"
  },
  {
    "docID": "N234 Zhang 2016",
    "et": "NeuronalCellLossTest",
    "off": 8665,
    "sff": "cell"
  },
  {
    "docID": "N234 Zhang 2016",
    "et": "NeuronalCellLossTest",
    "off": 8277,
    "sff": "Cell"
  },
  {
    "docID": "N234 Zhang 2016",
    "et": "NeuronalCellLossTest",
    "off": 26682,
    "sff": "cell"
  },
  {
    "docID": "N234 Zhang 2016",
    "et": "NeuronalCellLossTest",
    "off": 32235,
    "sff": "neuronal"
  },
  {
    "docID": "N234 Zhang 2016",
    "et": "NeuronalCellLossTest",
    "off": 3421,
    "sff": "cell"
  },
  {
    "docID": "N234 Zhang 2016",
    "et": "NeuronalCellLossTest",
    "off": 3839,
    "sff": "cell"
  },
  {
    "docID": "N234 Zhang 2016",
    "et": "NeuronalCellLossTest",
    "off": 17598,
    "sff": "cell"
  },
  {
    "docID": "N234 Zhang 2016",
    "et": "NeuronalCellLossTest",
    "off": 8062,
    "sff": "Cell"
  },
  {
    "docID": "N234 Zhang 2016",
    "et": "NeuronalCellLossTest",
    "off": 2499,
    "sff": "cell"
  },
  {
    "docID": "N234 Zhang 2016",
    "et": "NeuronalCellLossTest",
    "off": 30817,
    "sff": "cell"
  },
  {
    "docID": "N234 Zhang 2016",
    "et": "VascularFunctionParameter",
    "off": 4675,
    "sff": "function"
  },
  {
    "docID": "N234 Zhang 2016",
    "et": "VascularFunctionParameter",
    "off": 18406,
    "sff": "function"
  },
  {
    "docID": "N234 Zhang 2016",
    "et": "VascularFunctionParameter",
    "off": 24368,
    "sff": "function"
  },
  {
    "docID": "N234 Zhang 2016",
    "et": "VascularFunctionParameter",
    "off": 27536,
    "sff": "function"
  },
  {
    "docID": "N234 Zhang 2016",
    "et": "VascularFunctionParameter",
    "off": 23969,
    "sff": "function"
  },
  {
    "docID": "N234 Zhang 2016",
    "et": "VascularFunctionParameter",
    "off": 25521,
    "sff": "function"
  },
  {
    "docID": "N234 Zhang 2016",
    "et": "VascularFunctionParameter",
    "off": 27954,
    "sff": "function"
  },
  {
    "docID": "N234 Zhang 2016",
    "et": "VascularFunctionParameter",
    "off": 2108,
    "sff": "vascular"
  },
  {
    "docID": "N234 Zhang 2016",
    "et": "VascularFunctionParameter",
    "off": 33582,
    "sff": "function"
  },
  {
    "docID": "N234 Zhang 2016",
    "et": "VascularFunctionParameter",
    "off": 3223,
    "sff": "function"
  },
  {
    "docID": "N234 Zhang 2016",
    "et": "VascularFunctionParameter",
    "off": 23929,
    "sff": "Function"
  },
  {
    "docID": "N234 Zhang 2016",
    "et": "VascularFunctionParameter",
    "off": 14440,
    "sff": "function"
  },
  {
    "docID": "N234 Zhang 2016",
    "et": "ObservationOfAnimalBehaviour",
    "off": 4962,
    "sff": "Animal"
  },
  {
    "docID": "N234 Zhang 2016",
    "et": "ObservationOfAnimalBehaviour",
    "off": 504,
    "sff": "animal"
  },
  {
    "docID": "N234 Zhang 2016",
    "et": "ObservationOfAnimalBehaviour",
    "off": 7373,
    "sff": "Animal"
  },
  {
    "docID": "N234 Zhang 2016",
    "et": "ObservationOfAnimalBehaviour",
    "off": 11879,
    "sff": "animal"
  },
  {
    "docID": "N234 Zhang 2016",
    "et": "ObservationOfAnimalBehaviour",
    "off": 2815,
    "sff": "animal"
  },
  {
    "docID": "N234 Zhang 2016",
    "et": "BladderWeight",
    "off": 8020,
    "sff": "bladder"
  },
  {
    "docID": "N234 Zhang 2016",
    "et": "BladderWeight",
    "off": 7995,
    "sff": "bladder"
  },
  {
    "docID": "N234 Zhang 2016",
    "et": "MotorTest",
    "off": 24362,
    "sff": "motor"
  },
  {
    "docID": "N234 Zhang 2016",
    "et": "MotorTest",
    "off": 27530,
    "sff": "motor"
  },
  {
    "docID": "N234 Zhang 2016",
    "et": "MotorTest",
    "off": 4669,
    "sff": "motor"
  },
  {
    "docID": "N234 Zhang 2016",
    "et": "MotorTest",
    "off": 1566,
    "sff": "motor"
  },
  {
    "docID": "N234 Zhang 2016",
    "et": "MotorTest",
    "off": 23963,
    "sff": "motor"
  },
  {
    "docID": "N234 Zhang 2016",
    "et": "MotorTest",
    "off": 25515,
    "sff": "motor"
  },
  {
    "docID": "N234 Zhang 2016",
    "et": "MotorTest",
    "off": 23923,
    "sff": "Motor"
  },
  {
    "docID": "N234 Zhang 2016",
    "et": "MotorTest",
    "off": 24156,
    "sff": "motor"
  },
  {
    "docID": "N234 Zhang 2016",
    "et": "MotorTest",
    "off": 27948,
    "sff": "motor"
  },
  {
    "docID": "N234 Zhang 2016",
    "et": "MotorTest",
    "off": 3217,
    "sff": "motor"
  },
  {
    "docID": "N234 Zhang 2016",
    "et": "MotorTest",
    "off": 18400,
    "sff": "motor"
  },
  {
    "docID": "N234 Zhang 2016",
    "et": "SpinalDorsalHalf",
    "off": 7389,
    "sff": "Spinal"
  },
  {
    "docID": "N234 Zhang 2016",
    "et": "SpinalDorsalHalf",
    "off": 11763,
    "sff": "spinal"
  },
  {
    "docID": "N234 Zhang 2016",
    "et": "SpinalDorsalHalf",
    "off": 4150,
    "sff": "spinal"
  },
  {
    "docID": "N234 Zhang 2016",
    "et": "SpinalDorsalHalf",
    "off": 313,
    "sff": "spinal"
  },
  {
    "docID": "N234 Zhang 2016",
    "et": "SpinalDorsalHalf",
    "off": 1951,
    "sff": "Spinal"
  },
  {
    "docID": "N234 Zhang 2016",
    "et": "SpinalDorsalHalf",
    "off": 15801,
    "sff": "spinal"
  },
  {
    "docID": "N234 Zhang 2016",
    "et": "SpinalDorsalHalf",
    "off": 28153,
    "sff": "spinal"
  },
  {
    "docID": "N234 Zhang 2016",
    "et": "SpinalDorsalHalf",
    "off": 9567,
    "sff": "spinal"
  },
  {
    "docID": "N234 Zhang 2016",
    "et": "SpinalDorsalHalf",
    "off": 23456,
    "sff": "spinal"
  },
  {
    "docID": "N234 Zhang 2016",
    "et": "SpinalDorsalHalf",
    "off": 13665,
    "sff": "spinal"
  },
  {
    "docID": "N234 Zhang 2016",
    "et": "SpinalDorsalHalf",
    "off": 17570,
    "sff": "spinal"
  },
  {
    "docID": "N234 Zhang 2016",
    "et": "SpinalDorsalHalf",
    "off": 20005,
    "sff": "spinal"
  },
  {
    "docID": "N234 Zhang 2016",
    "et": "SpinalDorsalHalf",
    "off": 20455,
    "sff": "spinal"
  },
  {
    "docID": "N234 Zhang 2016",
    "et": "SpinalDorsalHalf",
    "off": 27370,
    "sff": "spinal"
  },
  {
    "docID": "N234 Zhang 2016",
    "et": "SpinalDorsalHalf",
    "off": 843,
    "sff": "spinal"
  },
  {
    "docID": "N234 Zhang 2016",
    "et": "SpinalDorsalHalf",
    "off": 134,
    "sff": "Spinal"
  },
  {
    "docID": "N234 Zhang 2016",
    "et": "SpinalDorsalHalf",
    "off": 18060,
    "sff": "spinal"
  },
  {
    "docID": "N234 Zhang 2016",
    "et": "SpinalDorsalHalf",
    "off": 16654,
    "sff": "spinal"
  },
  {
    "docID": "N234 Zhang 2016",
    "et": "SpinalDorsalHalf",
    "off": 8143,
    "sff": "spinal"
  },
  {
    "docID": "N234 Zhang 2016",
    "et": "SpinalDorsalHalf",
    "off": 22863,
    "sff": "spinal"
  },
  {
    "docID": "N234 Zhang 2016",
    "et": "SpinalDorsalHalf",
    "off": 2065,
    "sff": "spinal"
  },
  {
    "docID": "N234 Zhang 2016",
    "et": "SpinalDorsalHalf",
    "off": 27153,
    "sff": "spinal"
  },
  {
    "docID": "N234 Zhang 2016",
    "et": "SpinalDorsalHalf",
    "off": 15890,
    "sff": "spinal"
  },
  {
    "docID": "N234 Zhang 2016",
    "et": "SpinalDorsalHalf",
    "off": 14549,
    "sff": "spinal"
  },
  {
    "docID": "N234 Zhang 2016",
    "et": "SpinalDorsalHalf",
    "off": 7638,
    "sff": "spinal"
  },
  {
    "docID": "N234 Zhang 2016",
    "et": "SpinalDorsalHalf",
    "off": 9754,
    "sff": "spinal"
  },
  {
    "docID": "N234 Zhang 2016",
    "et": "SpinalDorsalHalf",
    "off": 12181,
    "sff": "Spinal"
  },
  {
    "docID": "N234 Zhang 2016",
    "et": "SpinalDorsalHalf",
    "off": 18304,
    "sff": "spinal"
  },
  {
    "docID": "N234 Zhang 2016",
    "et": "SpinalDorsalHalf",
    "off": 13764,
    "sff": "spinal"
  },
  {
    "docID": "N234 Zhang 2016",
    "et": "SpinalDorsalHalf",
    "off": 25476,
    "sff": "spinal"
  },
  {
    "docID": "N234 Zhang 2016",
    "et": "SpinalDorsalHalf",
    "off": 4294,
    "sff": "spinal"
  },
  {
    "docID": "N234 Zhang 2016",
    "et": "SpinalDorsalHalf",
    "off": 33606,
    "sff": "spinal"
  },
  {
    "docID": "N234 Zhang 2016",
    "et": "SpinalDorsalHalf",
    "off": 16265,
    "sff": "spinal"
  },
  {
    "docID": "N234 Zhang 2016",
    "et": "Lateral",
    "off": 15229,
    "sff": "lateral"
  },
  {
    "docID": "N234 Zhang 2016",
    "et": "SomatosensoryEvokedPotentialsTest",
    "off": 14601,
    "sff": "Somatosensory Evoked"
  },
  {
    "docID": "N234 Zhang 2016",
    "et": "SomatosensoryEvokedPotentialsTest",
    "off": 15041,
    "sff": "Somatosensory evoked"
  },
  {
    "docID": "N234 Zhang 2016",
    "et": "NeuronalChangesTest",
    "off": 32235,
    "sff": "neuronal"
  },
  {
    "docID": "N234 Zhang 2016",
    "et": "HistologicalInvestigationTest",
    "off": 11655,
    "sff": "Histological"
  },
  {
    "docID": "N234 Zhang 2016",
    "et": "HistologicalInvestigationTest",
    "off": 4258,
    "sff": "histological"
  },
  {
    "docID": "N234 Zhang 2016",
    "et": "LimbMuscleStrengthTest",
    "off": 8911,
    "sff": "muscle"
  },
  {
    "docID": "N234 Zhang 2016",
    "et": "LimbMuscleStrengthTest",
    "off": 7845,
    "sff": "limb"
  },
  {
    "docID": "N234 Zhang 2016",
    "et": "LimbMuscleStrengthTest",
    "off": 24101,
    "sff": "limb"
  },
  {
    "docID": "N234 Zhang 2016",
    "et": "LimbMuscleStrengthTest",
    "off": 26533,
    "sff": "limb"
  },
  {
    "docID": "N234 Zhang 2016",
    "et": "LimbMuscleStrengthTest",
    "off": 27525,
    "sff": "limb"
  },
  {
    "docID": "N234 Zhang 2016",
    "et": "NeuronalActivityTest",
    "off": 32235,
    "sff": "neuronal"
  },
  {
    "docID": "N234 Zhang 2016",
    "et": "MeanArterialPressure",
    "off": 15385,
    "sff": "mean"
  },
  {
    "docID": "N234 Zhang 2016",
    "et": "SpinalCordEvokedPotentialsTest",
    "off": 23456,
    "sff": "spinal cord"
  },
  {
    "docID": "N234 Zhang 2016",
    "et": "SpinalCordEvokedPotentialsTest",
    "off": 9754,
    "sff": "spinal cord"
  },
  {
    "docID": "N234 Zhang 2016",
    "et": "SpinalCordEvokedPotentialsTest",
    "off": 13665,
    "sff": "spinal cord"
  },
  {
    "docID": "N234 Zhang 2016",
    "et": "SpinalCordEvokedPotentialsTest",
    "off": 17570,
    "sff": "spinal cord"
  },
  {
    "docID": "N234 Zhang 2016",
    "et": "SpinalCordEvokedPotentialsTest",
    "off": 7638,
    "sff": "spinal cord"
  },
  {
    "docID": "N234 Zhang 2016",
    "et": "SpinalCordEvokedPotentialsTest",
    "off": 20005,
    "sff": "spinal cord"
  },
  {
    "docID": "N234 Zhang 2016",
    "et": "SpinalCordEvokedPotentialsTest",
    "off": 12181,
    "sff": "Spinal cord"
  },
  {
    "docID": "N234 Zhang 2016",
    "et": "SpinalCordEvokedPotentialsTest",
    "off": 20455,
    "sff": "spinal cord"
  },
  {
    "docID": "N234 Zhang 2016",
    "et": "SpinalCordEvokedPotentialsTest",
    "off": 27153,
    "sff": "spinal"
  },
  {
    "docID": "N234 Zhang 2016",
    "et": "SpinalCordEvokedPotentialsTest",
    "off": 2065,
    "sff": "spinal cord"
  },
  {
    "docID": "N234 Zhang 2016",
    "et": "SpinalCordEvokedPotentialsTest",
    "off": 8520,
    "sff": "cord"
  },
  {
    "docID": "N234 Zhang 2016",
    "et": "SpinalCordEvokedPotentialsTest",
    "off": 7750,
    "sff": "cord"
  },
  {
    "docID": "N234 Zhang 2016",
    "et": "SpinalCordEvokedPotentialsTest",
    "off": 8143,
    "sff": "spinal cord"
  },
  {
    "docID": "N234 Zhang 2016",
    "et": "SpinalCordEvokedPotentialsTest",
    "off": 843,
    "sff": "spinal cord"
  },
  {
    "docID": "N234 Zhang 2016",
    "et": "SpinalCordEvokedPotentialsTest",
    "off": 11763,
    "sff": "spinal cord"
  },
  {
    "docID": "N234 Zhang 2016",
    "et": "SpinalCordEvokedPotentialsTest",
    "off": 4294,
    "sff": "spinal cord"
  },
  {
    "docID": "N234 Zhang 2016",
    "et": "SpinalCordEvokedPotentialsTest",
    "off": 15801,
    "sff": "spinal cord"
  },
  {
    "docID": "N234 Zhang 2016",
    "et": "SpinalCordEvokedPotentialsTest",
    "off": 18304,
    "sff": "spinal cord"
  },
  {
    "docID": "N234 Zhang 2016",
    "et": "SpinalCordEvokedPotentialsTest",
    "off": 313,
    "sff": "spinal cord"
  },
  {
    "docID": "N234 Zhang 2016",
    "et": "SpinalCordEvokedPotentialsTest",
    "off": 13764,
    "sff": "spinal cord"
  },
  {
    "docID": "N234 Zhang 2016",
    "et": "SpinalCordEvokedPotentialsTest",
    "off": 25476,
    "sff": "spinal cord"
  },
  {
    "docID": "N234 Zhang 2016",
    "et": "SpinalCordEvokedPotentialsTest",
    "off": 4150,
    "sff": "spinal cord"
  },
  {
    "docID": "N234 Zhang 2016",
    "et": "SpinalCordEvokedPotentialsTest",
    "off": 33606,
    "sff": "spinal cord"
  },
  {
    "docID": "N234 Zhang 2016",
    "et": "SpinalCordEvokedPotentialsTest",
    "off": 134,
    "sff": "Spinal Cord"
  },
  {
    "docID": "N234 Zhang 2016",
    "et": "SpinalCordEvokedPotentialsTest",
    "off": 16265,
    "sff": "spinal cord"
  },
  {
    "docID": "N234 Zhang 2016",
    "et": "SpinalCordEvokedPotentialsTest",
    "off": 27370,
    "sff": "spinal"
  },
  {
    "docID": "N234 Zhang 2016",
    "et": "SpinalCordEvokedPotentialsTest",
    "off": 18060,
    "sff": "spinal cord"
  },
  {
    "docID": "N234 Zhang 2016",
    "et": "SpinalCordEvokedPotentialsTest",
    "off": 16654,
    "sff": "spinal cord"
  },
  {
    "docID": "N234 Zhang 2016",
    "et": "SpinalCordEvokedPotentialsTest",
    "off": 22863,
    "sff": "spinal cord"
  },
  {
    "docID": "N234 Zhang 2016",
    "et": "SpinalCordEvokedPotentialsTest",
    "off": 28153,
    "sff": "spinal"
  },
  {
    "docID": "N234 Zhang 2016",
    "et": "SpinalCordEvokedPotentialsTest",
    "off": 15890,
    "sff": "spinal cord"
  },
  {
    "docID": "N234 Zhang 2016",
    "et": "SpinalCordEvokedPotentialsTest",
    "off": 9438,
    "sff": "cord"
  },
  {
    "docID": "N234 Zhang 2016",
    "et": "SpinalCordEvokedPotentialsTest",
    "off": 14549,
    "sff": "spinal cord"
  },
  {
    "docID": "N234 Zhang 2016",
    "et": "SpinalCordEvokedPotentialsTest",
    "off": 9364,
    "sff": "cord"
  },
  {
    "docID": "N234 Zhang 2016",
    "et": "SpinalCordEvokedPotentialsTest",
    "off": 7389,
    "sff": "Spinal Cord"
  },
  {
    "docID": "N234 Zhang 2016",
    "et": "SpinalCordEvokedPotentialsTest",
    "off": 26193,
    "sff": "cord"
  },
  {
    "docID": "N234 Zhang 2016",
    "et": "SpinalCordEvokedPotentialsTest",
    "off": 1951,
    "sff": "Spinal cord"
  },
  {
    "docID": "N234 Zhang 2016",
    "et": "SpinalCordEvokedPotentialsTest",
    "off": 9567,
    "sff": "spinal cord"
  }
]
