[
  {
    "docID": "N251 Nategh",
    "et": "SubcutaneousLocation",
    "off": 5226,
    "sff": "subcutaneous"
  },
  {
    "docID": "N251 Nategh",
    "et": "BBBTest",
    "off": 9728,
    "sff": "BBB"
  },
  {
    "docID": "N251 Nategh",
    "et": "BBBTest",
    "off": 4177,
    "sff": "BBB"
  },
  {
    "docID": "N251 Nategh",
    "et": "BBBTest",
    "off": 11425,
    "sff": "BBB"
  },
  {
    "docID": "N251 Nategh",
    "et": "BBBTest",
    "off": 9535,
    "sff": "BBB"
  },
  {
    "docID": "N251 Nategh",
    "et": "BBBTest",
    "off": 7764,
    "sff": "BBB"
  },
  {
    "docID": "N251 Nategh",
    "et": "BBBTest",
    "off": 11682,
    "sff": "BBB"
  },
  {
    "docID": "N251 Nategh",
    "et": "BBBTest",
    "off": 787,
    "sff": "BBB"
  },
  {
    "docID": "N251 Nategh",
    "et": "BBBTest",
    "off": 10755,
    "sff": "BBB"
  },
  {
    "docID": "N251 Nategh",
    "et": "BBBTest",
    "off": 10787,
    "sff": "BBB"
  },
  {
    "docID": "N251 Nategh",
    "et": "BBBTest",
    "off": 11049,
    "sff": "BBB"
  },
  {
    "docID": "N251 Nategh",
    "et": "BBBTest",
    "off": 14473,
    "sff": "BBB"
  },
  {
    "docID": "N251 Nategh",
    "et": "BBBTest",
    "off": 15660,
    "sff": "BBB"
  },
  {
    "docID": "N251 Nategh",
    "et": "WalkingAnalysisParameter",
    "off": 9499,
    "sff": "analysis"
  },
  {
    "docID": "N251 Nategh",
    "et": "WalkingAnalysisParameter",
    "off": 9603,
    "sff": "analysis"
  },
  {
    "docID": "N251 Nategh",
    "et": "WalkingAnalysisParameter",
    "off": 10672,
    "sff": "analysis"
  },
  {
    "docID": "N251 Nategh",
    "et": "SpinalSubduralArea",
    "off": 16618,
    "sff": "spinal"
  },
  {
    "docID": "N251 Nategh",
    "et": "SpinalSubduralArea",
    "off": 14118,
    "sff": "spinal"
  },
  {
    "docID": "N251 Nategh",
    "et": "SpinalSubduralArea",
    "off": 4319,
    "sff": "Spinal"
  },
  {
    "docID": "N251 Nategh",
    "et": "SpinalSubduralArea",
    "off": 11937,
    "sff": "spinal"
  },
  {
    "docID": "N251 Nategh",
    "et": "SpinalSubduralArea",
    "off": 13410,
    "sff": "spinal"
  },
  {
    "docID": "N251 Nategh",
    "et": "SpinalSubduralArea",
    "off": 671,
    "sff": "spinal"
  },
  {
    "docID": "N251 Nategh",
    "et": "SpinalSubduralArea",
    "off": 1952,
    "sff": "spinal"
  },
  {
    "docID": "N251 Nategh",
    "et": "SpinalSubduralArea",
    "off": 17632,
    "sff": "spinal"
  },
  {
    "docID": "N251 Nategh",
    "et": "SpinalSubduralArea",
    "off": 99,
    "sff": "Spinal"
  },
  {
    "docID": "N251 Nategh",
    "et": "SpinalSubduralArea",
    "off": 862,
    "sff": "spinal"
  },
  {
    "docID": "N251 Nategh",
    "et": "SpinalSubduralArea",
    "off": 2299,
    "sff": "spinal"
  },
  {
    "docID": "N251 Nategh",
    "et": "SpinalSubduralArea",
    "off": 2489,
    "sff": "spinal"
  },
  {
    "docID": "N251 Nategh",
    "et": "SpinalSubduralArea",
    "off": 186,
    "sff": "spinal"
  },
  {
    "docID": "N251 Nategh",
    "et": "SpinalSubduralArea",
    "off": 2040,
    "sff": "spinal"
  },
  {
    "docID": "N251 Nategh",
    "et": "SpinalSubduralArea",
    "off": 3320,
    "sff": "spinal"
  },
  {
    "docID": "N251 Nategh",
    "et": "SpinalSubduralArea",
    "off": 3638,
    "sff": "spinal"
  },
  {
    "docID": "N251 Nategh",
    "et": "SpinalSubduralArea",
    "off": 13622,
    "sff": "spinal"
  },
  {
    "docID": "N251 Nategh",
    "et": "SpinalSubduralArea",
    "off": 18228,
    "sff": "spinal"
  },
  {
    "docID": "N251 Nategh",
    "et": "SpinalSubduralArea",
    "off": 8237,
    "sff": "spinal"
  },
  {
    "docID": "N251 Nategh",
    "et": "SpinalSubduralArea",
    "off": 6830,
    "sff": "spinal"
  },
  {
    "docID": "N251 Nategh",
    "et": "SpinalSubduralArea",
    "off": 12300,
    "sff": "spinal"
  },
  {
    "docID": "N251 Nategh",
    "et": "SpinalSubduralArea",
    "off": 18314,
    "sff": "spinal"
  },
  {
    "docID": "N251 Nategh",
    "et": "SpinalSubduralArea",
    "off": 1279,
    "sff": "spinal"
  },
  {
    "docID": "N251 Nategh",
    "et": "SpinalSubduralArea",
    "off": 446,
    "sff": "spinal"
  },
  {
    "docID": "N251 Nategh",
    "et": "SpinalSubduralArea",
    "off": 13787,
    "sff": "spinal"
  },
  {
    "docID": "N251 Nategh",
    "et": "SpinalSubduralArea",
    "off": 17883,
    "sff": "spinal"
  },
  {
    "docID": "N251 Nategh",
    "et": "SpinalSubduralArea",
    "off": 1625,
    "sff": "spinal"
  },
  {
    "docID": "N251 Nategh",
    "et": "SpinalSubduralArea",
    "off": 3482,
    "sff": "spinal"
  },
  {
    "docID": "N251 Nategh",
    "et": "SpinalSubduralArea",
    "off": 727,
    "sff": "spinal"
  },
  {
    "docID": "N251 Nategh",
    "et": "SpinalSubduralArea",
    "off": 2647,
    "sff": "spinal"
  },
  {
    "docID": "N251 Nategh",
    "et": "SpinalSubduralArea",
    "off": 10072,
    "sff": "spinal"
  },
  {
    "docID": "N251 Nategh",
    "et": "SpinalSubduralArea",
    "off": 15699,
    "sff": "spinal"
  },
  {
    "docID": "N251 Nategh",
    "et": "SpinalSubduralArea",
    "off": 15757,
    "sff": "spinal"
  },
  {
    "docID": "N251 Nategh",
    "et": "StainingArea",
    "off": 16796,
    "sff": "staining"
  },
  {
    "docID": "N251 Nategh",
    "et": "StainingArea",
    "off": 10374,
    "sff": "staining"
  },
  {
    "docID": "N251 Nategh",
    "et": "StainingArea",
    "off": 12002,
    "sff": "staining"
  },
  {
    "docID": "N251 Nategh",
    "et": "StainingArea",
    "off": 9347,
    "sff": "staining"
  },
  {
    "docID": "N251 Nategh",
    "et": "StainingArea",
    "off": 10483,
    "sff": "staining"
  },
  {
    "docID": "N251 Nategh",
    "et": "SpinalFiberTract",
    "off": 727,
    "sff": "spinal"
  },
  {
    "docID": "N251 Nategh",
    "et": "SpinalFiberTract",
    "off": 2647,
    "sff": "spinal"
  },
  {
    "docID": "N251 Nategh",
    "et": "SpinalFiberTract",
    "off": 10072,
    "sff": "spinal"
  },
  {
    "docID": "N251 Nategh",
    "et": "SpinalFiberTract",
    "off": 1625,
    "sff": "spinal"
  },
  {
    "docID": "N251 Nategh",
    "et": "SpinalFiberTract",
    "off": 3482,
    "sff": "spinal"
  },
  {
    "docID": "N251 Nategh",
    "et": "SpinalFiberTract",
    "off": 13787,
    "sff": "spinal"
  },
  {
    "docID": "N251 Nategh",
    "et": "SpinalFiberTract",
    "off": 17883,
    "sff": "spinal"
  },
  {
    "docID": "N251 Nategh",
    "et": "SpinalFiberTract",
    "off": 12300,
    "sff": "spinal"
  },
  {
    "docID": "N251 Nategh",
    "et": "SpinalFiberTract",
    "off": 15757,
    "sff": "spinal"
  },
  {
    "docID": "N251 Nategh",
    "et": "SpinalFiberTract",
    "off": 15699,
    "sff": "spinal"
  },
  {
    "docID": "N251 Nategh",
    "et": "SpinalFiberTract",
    "off": 4319,
    "sff": "Spinal"
  },
  {
    "docID": "N251 Nategh",
    "et": "SpinalFiberTract",
    "off": 14118,
    "sff": "spinal"
  },
  {
    "docID": "N251 Nategh",
    "et": "SpinalFiberTract",
    "off": 99,
    "sff": "Spinal"
  },
  {
    "docID": "N251 Nategh",
    "et": "SpinalFiberTract",
    "off": 16618,
    "sff": "spinal"
  },
  {
    "docID": "N251 Nategh",
    "et": "SpinalFiberTract",
    "off": 862,
    "sff": "spinal"
  },
  {
    "docID": "N251 Nategh",
    "et": "SpinalFiberTract",
    "off": 671,
    "sff": "spinal"
  },
  {
    "docID": "N251 Nategh",
    "et": "SpinalFiberTract",
    "off": 1952,
    "sff": "spinal"
  },
  {
    "docID": "N251 Nategh",
    "et": "SpinalFiberTract",
    "off": 17632,
    "sff": "spinal"
  },
  {
    "docID": "N251 Nategh",
    "et": "SpinalFiberTract",
    "off": 11937,
    "sff": "spinal"
  },
  {
    "docID": "N251 Nategh",
    "et": "SpinalFiberTract",
    "off": 13410,
    "sff": "spinal"
  },
  {
    "docID": "N251 Nategh",
    "et": "SpinalFiberTract",
    "off": 18228,
    "sff": "spinal"
  },
  {
    "docID": "N251 Nategh",
    "et": "SpinalFiberTract",
    "off": 3638,
    "sff": "spinal"
  },
  {
    "docID": "N251 Nategh",
    "et": "SpinalFiberTract",
    "off": 13622,
    "sff": "spinal"
  },
  {
    "docID": "N251 Nategh",
    "et": "SpinalFiberTract",
    "off": 2040,
    "sff": "spinal"
  },
  {
    "docID": "N251 Nategh",
    "et": "SpinalFiberTract",
    "off": 3320,
    "sff": "spinal"
  },
  {
    "docID": "N251 Nategh",
    "et": "SpinalFiberTract",
    "off": 2489,
    "sff": "spinal"
  },
  {
    "docID": "N251 Nategh",
    "et": "SpinalFiberTract",
    "off": 186,
    "sff": "spinal"
  },
  {
    "docID": "N251 Nategh",
    "et": "SpinalFiberTract",
    "off": 2299,
    "sff": "spinal"
  },
  {
    "docID": "N251 Nategh",
    "et": "SpinalFiberTract",
    "off": 8237,
    "sff": "spinal"
  },
  {
    "docID": "N251 Nategh",
    "et": "SpinalFiberTract",
    "off": 6830,
    "sff": "spinal"
  },
  {
    "docID": "N251 Nategh",
    "et": "SpinalFiberTract",
    "off": 18314,
    "sff": "spinal"
  },
  {
    "docID": "N251 Nategh",
    "et": "SpinalFiberTract",
    "off": 446,
    "sff": "spinal"
  },
  {
    "docID": "N251 Nategh",
    "et": "SpinalFiberTract",
    "off": 6483,
    "sff": "fiber"
  },
  {
    "docID": "N251 Nategh",
    "et": "SpinalFiberTract",
    "off": 1279,
    "sff": "spinal"
  },
  {
    "docID": "N251 Nategh",
    "et": "SpinalVentralHalf",
    "off": 18314,
    "sff": "spinal"
  },
  {
    "docID": "N251 Nategh",
    "et": "SpinalVentralHalf",
    "off": 4821,
    "sff": "ventral"
  },
  {
    "docID": "N251 Nategh",
    "et": "SpinalVentralHalf",
    "off": 12300,
    "sff": "spinal"
  },
  {
    "docID": "N251 Nategh",
    "et": "SpinalVentralHalf",
    "off": 15757,
    "sff": "spinal"
  },
  {
    "docID": "N251 Nategh",
    "et": "SpinalVentralHalf",
    "off": 14097,
    "sff": "ventral"
  },
  {
    "docID": "N251 Nategh",
    "et": "SpinalVentralHalf",
    "off": 15699,
    "sff": "spinal"
  },
  {
    "docID": "N251 Nategh",
    "et": "SpinalVentralHalf",
    "off": 10072,
    "sff": "spinal"
  },
  {
    "docID": "N251 Nategh",
    "et": "SpinalVentralHalf",
    "off": 727,
    "sff": "spinal"
  },
  {
    "docID": "N251 Nategh",
    "et": "SpinalVentralHalf",
    "off": 2647,
    "sff": "spinal"
  },
  {
    "docID": "N251 Nategh",
    "et": "SpinalVentralHalf",
    "off": 3482,
    "sff": "spinal"
  },
  {
    "docID": "N251 Nategh",
    "et": "SpinalVentralHalf",
    "off": 1625,
    "sff": "spinal"
  },
  {
    "docID": "N251 Nategh",
    "et": "SpinalVentralHalf",
    "off": 13787,
    "sff": "spinal"
  },
  {
    "docID": "N251 Nategh",
    "et": "SpinalVentralHalf",
    "off": 17883,
    "sff": "spinal"
  },
  {
    "docID": "N251 Nategh",
    "et": "SpinalVentralHalf",
    "off": 862,
    "sff": "spinal"
  },
  {
    "docID": "N251 Nategh",
    "et": "SpinalVentralHalf",
    "off": 1952,
    "sff": "spinal"
  },
  {
    "docID": "N251 Nategh",
    "et": "SpinalVentralHalf",
    "off": 17632,
    "sff": "spinal"
  },
  {
    "docID": "N251 Nategh",
    "et": "SpinalVentralHalf",
    "off": 671,
    "sff": "spinal"
  },
  {
    "docID": "N251 Nategh",
    "et": "SpinalVentralHalf",
    "off": 13410,
    "sff": "spinal"
  },
  {
    "docID": "N251 Nategh",
    "et": "SpinalVentralHalf",
    "off": 11937,
    "sff": "spinal"
  },
  {
    "docID": "N251 Nategh",
    "et": "SpinalVentralHalf",
    "off": 13916,
    "sff": "ventral"
  },
  {
    "docID": "N251 Nategh",
    "et": "SpinalVentralHalf",
    "off": 14118,
    "sff": "spinal"
  },
  {
    "docID": "N251 Nategh",
    "et": "SpinalVentralHalf",
    "off": 4319,
    "sff": "Spinal"
  },
  {
    "docID": "N251 Nategh",
    "et": "SpinalVentralHalf",
    "off": 16618,
    "sff": "spinal"
  },
  {
    "docID": "N251 Nategh",
    "et": "SpinalVentralHalf",
    "off": 99,
    "sff": "Spinal"
  },
  {
    "docID": "N251 Nategh",
    "et": "SpinalVentralHalf",
    "off": 6830,
    "sff": "spinal"
  },
  {
    "docID": "N251 Nategh",
    "et": "SpinalVentralHalf",
    "off": 8237,
    "sff": "spinal"
  },
  {
    "docID": "N251 Nategh",
    "et": "SpinalVentralHalf",
    "off": 18228,
    "sff": "spinal"
  },
  {
    "docID": "N251 Nategh",
    "et": "SpinalVentralHalf",
    "off": 3638,
    "sff": "spinal"
  },
  {
    "docID": "N251 Nategh",
    "et": "SpinalVentralHalf",
    "off": 13622,
    "sff": "spinal"
  },
  {
    "docID": "N251 Nategh",
    "et": "SpinalVentralHalf",
    "off": 2040,
    "sff": "spinal"
  },
  {
    "docID": "N251 Nategh",
    "et": "SpinalVentralHalf",
    "off": 3320,
    "sff": "spinal"
  },
  {
    "docID": "N251 Nategh",
    "et": "SpinalVentralHalf",
    "off": 186,
    "sff": "spinal"
  },
  {
    "docID": "N251 Nategh",
    "et": "SpinalVentralHalf",
    "off": 2489,
    "sff": "spinal"
  },
  {
    "docID": "N251 Nategh",
    "et": "SpinalVentralHalf",
    "off": 2299,
    "sff": "spinal"
  },
  {
    "docID": "N251 Nategh",
    "et": "SpinalVentralHalf",
    "off": 446,
    "sff": "spinal"
  },
  {
    "docID": "N251 Nategh",
    "et": "SpinalVentralHalf",
    "off": 1279,
    "sff": "spinal"
  },
  {
    "docID": "N251 Nategh",
    "et": "Rostral",
    "off": 15968,
    "sff": "rostral"
  },
  {
    "docID": "N251 Nategh",
    "et": "TissueSparingTest",
    "off": 16122,
    "sff": "tissue"
  },
  {
    "docID": "N251 Nategh",
    "et": "TissueSparingTest",
    "off": 6907,
    "sff": "tissue"
  },
  {
    "docID": "N251 Nategh",
    "et": "TissueSparingTest",
    "off": 7398,
    "sff": "tissue"
  },
  {
    "docID": "N251 Nategh",
    "et": "TissueSparingTest",
    "off": 15863,
    "sff": "tissue"
  },
  {
    "docID": "N251 Nategh",
    "et": "DorsalColumn",
    "off": 4833,
    "sff": "dorsal"
  },
  {
    "docID": "N251 Nategh",
    "et": "DorsalColumn",
    "off": 13905,
    "sff": "dorsal"
  },
  {
    "docID": "N251 Nategh",
    "et": "DorsalColumn",
    "off": 2263,
    "sff": "dorsal column"
  },
  {
    "docID": "N251 Nategh",
    "et": "SpinalFiber",
    "off": 14118,
    "sff": "spinal"
  },
  {
    "docID": "N251 Nategh",
    "et": "SpinalFiber",
    "off": 4319,
    "sff": "Spinal"
  },
  {
    "docID": "N251 Nategh",
    "et": "SpinalFiber",
    "off": 16618,
    "sff": "spinal"
  },
  {
    "docID": "N251 Nategh",
    "et": "SpinalFiber",
    "off": 99,
    "sff": "Spinal"
  },
  {
    "docID": "N251 Nategh",
    "et": "SpinalFiber",
    "off": 8237,
    "sff": "spinal"
  },
  {
    "docID": "N251 Nategh",
    "et": "SpinalFiber",
    "off": 6830,
    "sff": "spinal"
  },
  {
    "docID": "N251 Nategh",
    "et": "SpinalFiber",
    "off": 18228,
    "sff": "spinal"
  },
  {
    "docID": "N251 Nategh",
    "et": "SpinalFiber",
    "off": 727,
    "sff": "spinal"
  },
  {
    "docID": "N251 Nategh",
    "et": "SpinalFiber",
    "off": 2647,
    "sff": "spinal"
  },
  {
    "docID": "N251 Nategh",
    "et": "SpinalFiber",
    "off": 1625,
    "sff": "spinal"
  },
  {
    "docID": "N251 Nategh",
    "et": "SpinalFiber",
    "off": 10072,
    "sff": "spinal"
  },
  {
    "docID": "N251 Nategh",
    "et": "SpinalFiber",
    "off": 13787,
    "sff": "spinal"
  },
  {
    "docID": "N251 Nategh",
    "et": "SpinalFiber",
    "off": 17883,
    "sff": "spinal"
  },
  {
    "docID": "N251 Nategh",
    "et": "SpinalFiber",
    "off": 3482,
    "sff": "spinal"
  },
  {
    "docID": "N251 Nategh",
    "et": "SpinalFiber",
    "off": 671,
    "sff": "spinal"
  },
  {
    "docID": "N251 Nategh",
    "et": "SpinalFiber",
    "off": 862,
    "sff": "spinal"
  },
  {
    "docID": "N251 Nategh",
    "et": "SpinalFiber",
    "off": 11937,
    "sff": "spinal"
  },
  {
    "docID": "N251 Nategh",
    "et": "SpinalFiber",
    "off": 1952,
    "sff": "spinal"
  },
  {
    "docID": "N251 Nategh",
    "et": "SpinalFiber",
    "off": 17632,
    "sff": "spinal"
  },
  {
    "docID": "N251 Nategh",
    "et": "SpinalFiber",
    "off": 13410,
    "sff": "spinal"
  },
  {
    "docID": "N251 Nategh",
    "et": "SpinalFiber",
    "off": 18314,
    "sff": "spinal"
  },
  {
    "docID": "N251 Nategh",
    "et": "SpinalFiber",
    "off": 15757,
    "sff": "spinal"
  },
  {
    "docID": "N251 Nategh",
    "et": "SpinalFiber",
    "off": 12300,
    "sff": "spinal"
  },
  {
    "docID": "N251 Nategh",
    "et": "SpinalFiber",
    "off": 15699,
    "sff": "spinal"
  },
  {
    "docID": "N251 Nategh",
    "et": "SpinalFiber",
    "off": 3638,
    "sff": "spinal"
  },
  {
    "docID": "N251 Nategh",
    "et": "SpinalFiber",
    "off": 13622,
    "sff": "spinal"
  },
  {
    "docID": "N251 Nategh",
    "et": "SpinalFiber",
    "off": 2489,
    "sff": "spinal"
  },
  {
    "docID": "N251 Nategh",
    "et": "SpinalFiber",
    "off": 2040,
    "sff": "spinal"
  },
  {
    "docID": "N251 Nategh",
    "et": "SpinalFiber",
    "off": 3320,
    "sff": "spinal"
  },
  {
    "docID": "N251 Nategh",
    "et": "SpinalFiber",
    "off": 2299,
    "sff": "spinal"
  },
  {
    "docID": "N251 Nategh",
    "et": "SpinalFiber",
    "off": 186,
    "sff": "spinal"
  },
  {
    "docID": "N251 Nategh",
    "et": "SpinalFiber",
    "off": 1279,
    "sff": "spinal"
  },
  {
    "docID": "N251 Nategh",
    "et": "SpinalFiber",
    "off": 446,
    "sff": "spinal"
  },
  {
    "docID": "N251 Nategh",
    "et": "MotorReflexTest",
    "off": 17969,
    "sff": "motor"
  },
  {
    "docID": "N251 Nategh",
    "et": "MotorReflexTest",
    "off": 12592,
    "sff": "motor"
  },
  {
    "docID": "N251 Nategh",
    "et": "MotorReflexTest",
    "off": 18075,
    "sff": "motor"
  },
  {
    "docID": "N251 Nategh",
    "et": "MotorReflexTest",
    "off": 3290,
    "sff": "motor"
  },
  {
    "docID": "N251 Nategh",
    "et": "MotorReflexTest",
    "off": 1244,
    "sff": "motor"
  },
  {
    "docID": "N251 Nategh",
    "et": "MotorReflexTest",
    "off": 2137,
    "sff": "motor"
  },
  {
    "docID": "N251 Nategh",
    "et": "MotorReflexTest",
    "off": 12265,
    "sff": "motor"
  },
  {
    "docID": "N251 Nategh",
    "et": "MotorReflexTest",
    "off": 13369,
    "sff": "motor"
  },
  {
    "docID": "N251 Nategh",
    "et": "MotorReflexTest",
    "off": 12344,
    "sff": "motor"
  },
  {
    "docID": "N251 Nategh",
    "et": "MotorReflexTest",
    "off": 15780,
    "sff": "motor"
  },
  {
    "docID": "N251 Nategh",
    "et": "SurvivalObservation",
    "off": 14841,
    "sff": "Survival"
  },
  {
    "docID": "N251 Nategh",
    "et": "InfectionExamination",
    "off": 5399,
    "sff": "infection"
  },
  {
    "docID": "N251 Nategh",
    "et": "Left",
    "off": 15915,
    "sff": "left"
  },
  {
    "docID": "N251 Nategh",
    "et": "GeneExpressionAnalysis",
    "off": 15640,
    "sff": "expression"
  },
  {
    "docID": "N251 Nategh",
    "et": "GeneExpressionAnalysis",
    "off": 16567,
    "sff": "expression"
  },
  {
    "docID": "N251 Nategh",
    "et": "GeneExpressionAnalysis",
    "off": 15450,
    "sff": "expression"
  },
  {
    "docID": "N251 Nategh",
    "et": "GeneExpressionAnalysis",
    "off": 5211,
    "sff": "expression"
  },
  {
    "docID": "N251 Nategh",
    "et": "AxonalRegenerationTest",
    "off": 2963,
    "sff": "axonal"
  },
  {
    "docID": "N251 Nategh",
    "et": "ProteinLevelAnalysis",
    "off": 683,
    "sff": "level"
  },
  {
    "docID": "N251 Nategh",
    "et": "ProteinLevelAnalysis",
    "off": 4635,
    "sff": "level"
  },
  {
    "docID": "N251 Nategh",
    "et": "SpinalLesionSite",
    "off": 13410,
    "sff": "spinal"
  },
  {
    "docID": "N251 Nategh",
    "et": "SpinalLesionSite",
    "off": 11937,
    "sff": "spinal"
  },
  {
    "docID": "N251 Nategh",
    "et": "SpinalLesionSite",
    "off": 14118,
    "sff": "spinal"
  },
  {
    "docID": "N251 Nategh",
    "et": "SpinalLesionSite",
    "off": 4319,
    "sff": "Spinal"
  },
  {
    "docID": "N251 Nategh",
    "et": "SpinalLesionSite",
    "off": 3482,
    "sff": "spinal"
  },
  {
    "docID": "N251 Nategh",
    "et": "SpinalLesionSite",
    "off": 99,
    "sff": "Spinal"
  },
  {
    "docID": "N251 Nategh",
    "et": "SpinalLesionSite",
    "off": 1625,
    "sff": "spinal"
  },
  {
    "docID": "N251 Nategh",
    "et": "SpinalLesionSite",
    "off": 13787,
    "sff": "spinal"
  },
  {
    "docID": "N251 Nategh",
    "et": "SpinalLesionSite",
    "off": 17883,
    "sff": "spinal"
  },
  {
    "docID": "N251 Nategh",
    "et": "SpinalLesionSite",
    "off": 862,
    "sff": "spinal"
  },
  {
    "docID": "N251 Nategh",
    "et": "SpinalLesionSite",
    "off": 1952,
    "sff": "spinal"
  },
  {
    "docID": "N251 Nategh",
    "et": "SpinalLesionSite",
    "off": 17632,
    "sff": "spinal"
  },
  {
    "docID": "N251 Nategh",
    "et": "SpinalLesionSite",
    "off": 671,
    "sff": "spinal"
  },
  {
    "docID": "N251 Nategh",
    "et": "SpinalLesionSite",
    "off": 18228,
    "sff": "spinal"
  },
  {
    "docID": "N251 Nategh",
    "et": "SpinalLesionSite",
    "off": 3638,
    "sff": "spinal"
  },
  {
    "docID": "N251 Nategh",
    "et": "SpinalLesionSite",
    "off": 13622,
    "sff": "spinal"
  },
  {
    "docID": "N251 Nategh",
    "et": "SpinalLesionSite",
    "off": 2040,
    "sff": "spinal"
  },
  {
    "docID": "N251 Nategh",
    "et": "SpinalLesionSite",
    "off": 3320,
    "sff": "spinal"
  },
  {
    "docID": "N251 Nategh",
    "et": "SpinalLesionSite",
    "off": 16618,
    "sff": "spinal"
  },
  {
    "docID": "N251 Nategh",
    "et": "SpinalLesionSite",
    "off": 6830,
    "sff": "spinal"
  },
  {
    "docID": "N251 Nategh",
    "et": "SpinalLesionSite",
    "off": 8237,
    "sff": "spinal"
  },
  {
    "docID": "N251 Nategh",
    "et": "SpinalLesionSite",
    "off": 186,
    "sff": "spinal"
  },
  {
    "docID": "N251 Nategh",
    "et": "SpinalLesionSite",
    "off": 2489,
    "sff": "spinal"
  },
  {
    "docID": "N251 Nategh",
    "et": "SpinalLesionSite",
    "off": 2299,
    "sff": "spinal"
  },
  {
    "docID": "N251 Nategh",
    "et": "SpinalLesionSite",
    "off": 446,
    "sff": "spinal"
  },
  {
    "docID": "N251 Nategh",
    "et": "SpinalLesionSite",
    "off": 1279,
    "sff": "spinal"
  },
  {
    "docID": "N251 Nategh",
    "et": "SpinalLesionSite",
    "off": 8278,
    "sff": "lesion"
  },
  {
    "docID": "N251 Nategh",
    "et": "SpinalLesionSite",
    "off": 15699,
    "sff": "spinal"
  },
  {
    "docID": "N251 Nategh",
    "et": "SpinalLesionSite",
    "off": 10072,
    "sff": "spinal"
  },
  {
    "docID": "N251 Nategh",
    "et": "SpinalLesionSite",
    "off": 727,
    "sff": "spinal"
  },
  {
    "docID": "N251 Nategh",
    "et": "SpinalLesionSite",
    "off": 2647,
    "sff": "spinal"
  },
  {
    "docID": "N251 Nategh",
    "et": "SpinalLesionSite",
    "off": 18314,
    "sff": "spinal"
  },
  {
    "docID": "N251 Nategh",
    "et": "SpinalLesionSite",
    "off": 12300,
    "sff": "spinal"
  },
  {
    "docID": "N251 Nategh",
    "et": "SpinalLesionSite",
    "off": 15757,
    "sff": "spinal"
  },
  {
    "docID": "N251 Nategh",
    "et": "T4",
    "off": 4569,
    "sff": "T4"
  },
  {
    "docID": "N251 Nategh",
    "et": "T9",
    "off": 4628,
    "sff": "T9"
  },
  {
    "docID": "N251 Nategh",
    "et": "LesionVolumeTest",
    "off": 8278,
    "sff": "lesion"
  },
  {
    "docID": "N251 Nategh",
    "et": "SchwannCellChangesTest",
    "off": 3941,
    "sff": "Schwann"
  },
  {
    "docID": "N251 Nategh",
    "et": "SchwannCellChangesTest",
    "off": 10559,
    "sff": "Schwann cell"
  },
  {
    "docID": "N251 Nategh",
    "et": "SchwannCellChangesTest",
    "off": 2622,
    "sff": "Schwann cell"
  },
  {
    "docID": "N251 Nategh",
    "et": "SchwannCellChangesTest",
    "off": 1566,
    "sff": "Cell"
  },
  {
    "docID": "N251 Nategh",
    "et": "SchwannCellChangesTest",
    "off": 15306,
    "sff": "cell"
  },
  {
    "docID": "N251 Nategh",
    "et": "SchwannCellChangesTest",
    "off": 585,
    "sff": "cell"
  },
  {
    "docID": "N251 Nategh",
    "et": "SchwannCellChangesTest",
    "off": 17348,
    "sff": "cell"
  },
  {
    "docID": "N251 Nategh",
    "et": "SchwannCellChangesTest",
    "off": 16311,
    "sff": "Schwann cell"
  },
  {
    "docID": "N251 Nategh",
    "et": "SchwannCellChangesTest",
    "off": 12756,
    "sff": "Schwann cell"
  },
  {
    "docID": "N251 Nategh",
    "et": "SchwannCellChangesTest",
    "off": 5588,
    "sff": "Schwann"
  },
  {
    "docID": "N251 Nategh",
    "et": "SchwannCellChangesTest",
    "off": 14930,
    "sff": "Schwann cell"
  },
  {
    "docID": "N251 Nategh",
    "et": "SchwannCellChangesTest",
    "off": 10427,
    "sff": "cell"
  },
  {
    "docID": "N251 Nategh",
    "et": "SchwannCellChangesTest",
    "off": 17725,
    "sff": "cell"
  },
  {
    "docID": "N251 Nategh",
    "et": "SchwannCellChangesTest",
    "off": 5448,
    "sff": "Schwann cell"
  },
  {
    "docID": "N251 Nategh",
    "et": "SchwannCellChangesTest",
    "off": 5423,
    "sff": "Cell"
  },
  {
    "docID": "N251 Nategh",
    "et": "SchwannCellChangesTest",
    "off": 14645,
    "sff": "cell"
  },
  {
    "docID": "N251 Nategh",
    "et": "SchwannCellChangesTest",
    "off": 12194,
    "sff": "Schwann cell"
  },
  {
    "docID": "N251 Nategh",
    "et": "SchwannCellChangesTest",
    "off": 519,
    "sff": "Schwann"
  },
  {
    "docID": "N251 Nategh",
    "et": "SchwannCellChangesTest",
    "off": 13597,
    "sff": "Schwann cell"
  },
  {
    "docID": "N251 Nategh",
    "et": "SchwannCellChangesTest",
    "off": 7228,
    "sff": "Cell"
  },
  {
    "docID": "N251 Nategh",
    "et": "SchwannCellChangesTest",
    "off": 6880,
    "sff": "cell"
  },
  {
    "docID": "N251 Nategh",
    "et": "SchwannCellChangesTest",
    "off": 12917,
    "sff": "Schwann"
  },
  {
    "docID": "N251 Nategh",
    "et": "SchwannCellChangesTest",
    "off": 7031,
    "sff": "Schwann"
  },
  {
    "docID": "N251 Nategh",
    "et": "SchwannCellChangesTest",
    "off": 1150,
    "sff": "Schwann"
  },
  {
    "docID": "N251 Nategh",
    "et": "SchwannCellChangesTest",
    "off": 3241,
    "sff": "Schwann cell"
  },
  {
    "docID": "N251 Nategh",
    "et": "SchwannCellChangesTest",
    "off": 16513,
    "sff": "Schwann"
  },
  {
    "docID": "N251 Nategh",
    "et": "SchwannCellChangesTest",
    "off": 3587,
    "sff": "Schwann cell"
  },
  {
    "docID": "N251 Nategh",
    "et": "SchwannCellChangesTest",
    "off": 1810,
    "sff": "cell"
  },
  {
    "docID": "N251 Nategh",
    "et": "SchwannCellChangesTest",
    "off": 11391,
    "sff": "Schwann cell"
  },
  {
    "docID": "N251 Nategh",
    "et": "SchwannCellChangesTest",
    "off": 2574,
    "sff": "cell"
  },
  {
    "docID": "N251 Nategh",
    "et": "SchwannCellChangesTest",
    "off": 39,
    "sff": "Schwann"
  },
  {
    "docID": "N251 Nategh",
    "et": "SchwannCellChangesTest",
    "off": 1527,
    "sff": "Schwann cell"
  },
  {
    "docID": "N251 Nategh",
    "et": "SchwannCellChangesTest",
    "off": 2452,
    "sff": "Schwann cell"
  },
  {
    "docID": "N251 Nategh",
    "et": "SchwannCellChangesTest",
    "off": 14975,
    "sff": "cell"
  },
  {
    "docID": "N251 Nategh",
    "et": "SchwannCellChangesTest",
    "off": 12056,
    "sff": "Schwann"
  },
  {
    "docID": "N251 Nategh",
    "et": "SchwannCellChangesTest",
    "off": 1928,
    "sff": "Schwann cell"
  },
  {
    "docID": "N251 Nategh",
    "et": "SchwannCellChangesTest",
    "off": 17928,
    "sff": "Schwann cell"
  },
  {
    "docID": "N251 Nategh",
    "et": "SchwannCellChangesTest",
    "off": 17311,
    "sff": "Schwann"
  },
  {
    "docID": "N251 Nategh",
    "et": "SchwannCellChangesTest",
    "off": 3041,
    "sff": "Schwann cell"
  },
  {
    "docID": "N251 Nategh",
    "et": "SchwannCellChangesTest",
    "off": 3139,
    "sff": "Schwann"
  },
  {
    "docID": "N251 Nategh",
    "et": "SchwannCellChangesTest",
    "off": 3914,
    "sff": "Schwann"
  },
  {
    "docID": "N251 Nategh",
    "et": "SchwannCellChangesTest",
    "off": 11358,
    "sff": "Schwann cell"
  },
  {
    "docID": "N251 Nategh",
    "et": "SchwannCellChangesTest",
    "off": 16347,
    "sff": "Schwann cell"
  },
  {
    "docID": "N251 Nategh",
    "et": "SchwannCellChangesTest",
    "off": 18139,
    "sff": "Schwann cell"
  },
  {
    "docID": "N251 Nategh",
    "et": "SchwannCellChangesTest",
    "off": 17228,
    "sff": "Schwann"
  },
  {
    "docID": "N251 Nategh",
    "et": "SchwannCellChangesTest",
    "off": 2891,
    "sff": "Schwann"
  },
  {
    "docID": "N251 Nategh",
    "et": "SchwannCellChangesTest",
    "off": 6091,
    "sff": "Schwann"
  },
  {
    "docID": "N251 Nategh",
    "et": "SchwannCellChangesTest",
    "off": 15139,
    "sff": "cell"
  },
  {
    "docID": "N251 Nategh",
    "et": "SchwannCellChangesTest",
    "off": 310,
    "sff": "Schwann"
  },
  {
    "docID": "N251 Nategh",
    "et": "SchwannCellChangesTest",
    "off": 6531,
    "sff": "Cell"
  },
  {
    "docID": "N251 Nategh",
    "et": "SchwannCellChangesTest",
    "off": 6794,
    "sff": "Cell"
  },
  {
    "docID": "N251 Nategh",
    "et": "SchwannCellChangesTest",
    "off": 18587,
    "sff": "cell"
  },
  {
    "docID": "N251 Nategh",
    "et": "SchwannCellChangesTest",
    "off": 2872,
    "sff": "Schwann"
  },
  {
    "docID": "N251 Nategh",
    "et": "SchwannCellChangesTest",
    "off": 17085,
    "sff": "Schwann"
  },
  {
    "docID": "N251 Nategh",
    "et": "MotorNeurons",
    "off": 12592,
    "sff": "motor"
  },
  {
    "docID": "N251 Nategh",
    "et": "MotorNeurons",
    "off": 17969,
    "sff": "motor"
  },
  {
    "docID": "N251 Nategh",
    "et": "MotorNeurons",
    "off": 3290,
    "sff": "motor"
  },
  {
    "docID": "N251 Nategh",
    "et": "MotorNeurons",
    "off": 18075,
    "sff": "motor"
  },
  {
    "docID": "N251 Nategh",
    "et": "MotorNeurons",
    "off": 1244,
    "sff": "motor"
  },
  {
    "docID": "N251 Nategh",
    "et": "MotorNeurons",
    "off": 12344,
    "sff": "motor"
  },
  {
    "docID": "N251 Nategh",
    "et": "MotorNeurons",
    "off": 2137,
    "sff": "motor"
  },
  {
    "docID": "N251 Nategh",
    "et": "MotorNeurons",
    "off": 12265,
    "sff": "motor"
  },
  {
    "docID": "N251 Nategh",
    "et": "MotorNeurons",
    "off": 13369,
    "sff": "motor"
  },
  {
    "docID": "N251 Nategh",
    "et": "MotorNeurons",
    "off": 15780,
    "sff": "motor"
  },
  {
    "docID": "N251 Nategh",
    "et": "FunctionalTest",
    "off": 18064,
    "sff": "functional"
  },
  {
    "docID": "N251 Nategh",
    "et": "FunctionalTest",
    "off": 11566,
    "sff": "functional"
  },
  {
    "docID": "N251 Nategh",
    "et": "FunctionalTest",
    "off": 2002,
    "sff": "functional"
  },
  {
    "docID": "N251 Nategh",
    "et": "FunctionalTest",
    "off": 2229,
    "sff": "functional"
  },
  {
    "docID": "N251 Nategh",
    "et": "GaleRatingScoreTest",
    "off": 4191,
    "sff": "rating"
  },
  {
    "docID": "N251 Nategh",
    "et": "GaleRatingScoreTest",
    "off": 7779,
    "sff": "rating"
  },
  {
    "docID": "N251 Nategh",
    "et": "SecondaryDegenerationTest",
    "off": 8971,
    "sff": "secondary"
  },
  {
    "docID": "N251 Nategh",
    "et": "SecondaryDegenerationTest",
    "off": 10203,
    "sff": "secondary"
  },
  {
    "docID": "N251 Nategh",
    "et": "SecondaryDegenerationTest",
    "off": 17654,
    "sff": "secondary"
  },
  {
    "docID": "N251 Nategh",
    "et": "Ventral",
    "off": 14097,
    "sff": "ventral"
  },
  {
    "docID": "N251 Nategh",
    "et": "Ventral",
    "off": 13916,
    "sff": "ventral"
  },
  {
    "docID": "N251 Nategh",
    "et": "Ventral",
    "off": 4821,
    "sff": "ventral"
  },
  {
    "docID": "N251 Nategh",
    "et": "MyelinationTest",
    "off": 2981,
    "sff": "myelination"
  },
  {
    "docID": "N251 Nategh",
    "et": "MyelinationTest",
    "off": 1730,
    "sff": "myelination"
  },
  {
    "docID": "N251 Nategh",
    "et": "TreatmentSite",
    "off": 933,
    "sff": "treatment"
  },
  {
    "docID": "N251 Nategh",
    "et": "TreatmentSite",
    "off": 173,
    "sff": "Treatment"
  },
  {
    "docID": "N251 Nategh",
    "et": "TreatmentSite",
    "off": 12828,
    "sff": "treatment"
  },
  {
    "docID": "N251 Nategh",
    "et": "TreatmentSite",
    "off": 7936,
    "sff": "treatment"
  },
  {
    "docID": "N251 Nategh",
    "et": "TreatmentSite",
    "off": 11168,
    "sff": "treatment"
  },
  {
    "docID": "N251 Nategh",
    "et": "SpinalCord",
    "off": 2489,
    "sff": "spinal cord"
  },
  {
    "docID": "N251 Nategh",
    "et": "SpinalCord",
    "off": 2040,
    "sff": "spinal cord"
  },
  {
    "docID": "N251 Nategh",
    "et": "SpinalCord",
    "off": 3320,
    "sff": "spinal cord"
  },
  {
    "docID": "N251 Nategh",
    "et": "SpinalCord",
    "off": 3638,
    "sff": "spinal cord"
  },
  {
    "docID": "N251 Nategh",
    "et": "SpinalCord",
    "off": 13622,
    "sff": "spinal cord"
  },
  {
    "docID": "N251 Nategh",
    "et": "SpinalCord",
    "off": 2299,
    "sff": "spinal cord"
  },
  {
    "docID": "N251 Nategh",
    "et": "SpinalCord",
    "off": 186,
    "sff": "spinal cord"
  },
  {
    "docID": "N251 Nategh",
    "et": "SpinalCord",
    "off": 6830,
    "sff": "spinal cord"
  },
  {
    "docID": "N251 Nategh",
    "et": "SpinalCord",
    "off": 18228,
    "sff": "spinal cord"
  },
  {
    "docID": "N251 Nategh",
    "et": "SpinalCord",
    "off": 14118,
    "sff": "spinal cord"
  },
  {
    "docID": "N251 Nategh",
    "et": "SpinalCord",
    "off": 8237,
    "sff": "spinal cord"
  },
  {
    "docID": "N251 Nategh",
    "et": "SpinalCord",
    "off": 16618,
    "sff": "spinal cord"
  },
  {
    "docID": "N251 Nategh",
    "et": "SpinalCord",
    "off": 11937,
    "sff": "spinal cord"
  },
  {
    "docID": "N251 Nategh",
    "et": "SpinalCord",
    "off": 1952,
    "sff": "spinal cord"
  },
  {
    "docID": "N251 Nategh",
    "et": "SpinalCord",
    "off": 17632,
    "sff": "spinal cord"
  },
  {
    "docID": "N251 Nategh",
    "et": "SpinalCord",
    "off": 99,
    "sff": "Spinal Cord"
  },
  {
    "docID": "N251 Nategh",
    "et": "SpinalCord",
    "off": 671,
    "sff": "spinal cord"
  },
  {
    "docID": "N251 Nategh",
    "et": "SpinalCord",
    "off": 862,
    "sff": "spinal cord"
  },
  {
    "docID": "N251 Nategh",
    "et": "SpinalCord",
    "off": 4319,
    "sff": "Spinal cord"
  },
  {
    "docID": "N251 Nategh",
    "et": "SpinalCord",
    "off": 13410,
    "sff": "spinal cord"
  },
  {
    "docID": "N251 Nategh",
    "et": "SpinalCord",
    "off": 1625,
    "sff": "spinal cord"
  },
  {
    "docID": "N251 Nategh",
    "et": "SpinalCord",
    "off": 10072,
    "sff": "spinal cord"
  },
  {
    "docID": "N251 Nategh",
    "et": "SpinalCord",
    "off": 727,
    "sff": "spinal cord"
  },
  {
    "docID": "N251 Nategh",
    "et": "SpinalCord",
    "off": 2647,
    "sff": "spinal cord"
  },
  {
    "docID": "N251 Nategh",
    "et": "SpinalCord",
    "off": 13787,
    "sff": "spinal cord"
  },
  {
    "docID": "N251 Nategh",
    "et": "SpinalCord",
    "off": 17883,
    "sff": "spinal cord"
  },
  {
    "docID": "N251 Nategh",
    "et": "SpinalCord",
    "off": 3482,
    "sff": "spinal cord"
  },
  {
    "docID": "N251 Nategh",
    "et": "SpinalCord",
    "off": 15699,
    "sff": "spinal cord"
  },
  {
    "docID": "N251 Nategh",
    "et": "SpinalCord",
    "off": 15757,
    "sff": "spinal cord"
  },
  {
    "docID": "N251 Nategh",
    "et": "SpinalCord",
    "off": 12300,
    "sff": "spinal cord"
  },
  {
    "docID": "N251 Nategh",
    "et": "SpinalCord",
    "off": 18314,
    "sff": "spinal cord"
  },
  {
    "docID": "N251 Nategh",
    "et": "SpinalCord",
    "off": 1279,
    "sff": "spinal cord"
  },
  {
    "docID": "N251 Nategh",
    "et": "SpinalCord",
    "off": 446,
    "sff": "spinal cord"
  },
  {
    "docID": "N251 Nategh",
    "et": "LesionAdjacentTissue",
    "off": 8278,
    "sff": "lesion"
  },
  {
    "docID": "N251 Nategh",
    "et": "StainingLength",
    "off": 16796,
    "sff": "staining"
  },
  {
    "docID": "N251 Nategh",
    "et": "StainingLength",
    "off": 10374,
    "sff": "staining"
  },
  {
    "docID": "N251 Nategh",
    "et": "StainingLength",
    "off": 9347,
    "sff": "staining"
  },
  {
    "docID": "N251 Nategh",
    "et": "StainingLength",
    "off": 10483,
    "sff": "staining"
  },
  {
    "docID": "N251 Nategh",
    "et": "StainingLength",
    "off": 12002,
    "sff": "staining"
  },
  {
    "docID": "N251 Nategh",
    "et": "T50MeanArterialPressure",
    "off": 9720,
    "sff": "Mean"
  },
  {
    "docID": "N251 Nategh",
    "et": "ApoptosisTest",
    "off": 15072,
    "sff": "apoptosis"
  },
  {
    "docID": "N251 Nategh",
    "et": "StainingDensity",
    "off": 16796,
    "sff": "staining"
  },
  {
    "docID": "N251 Nategh",
    "et": "StainingDensity",
    "off": 10374,
    "sff": "staining"
  },
  {
    "docID": "N251 Nategh",
    "et": "StainingDensity",
    "off": 12002,
    "sff": "staining"
  },
  {
    "docID": "N251 Nategh",
    "et": "StainingDensity",
    "off": 9347,
    "sff": "staining"
  },
  {
    "docID": "N251 Nategh",
    "et": "StainingDensity",
    "off": 10483,
    "sff": "staining"
  },
  {
    "docID": "N251 Nategh",
    "et": "SinglePelletReachingTest",
    "off": 11668,
    "sff": "single"
  },
  {
    "docID": "N251 Nategh",
    "et": "SensoryTest",
    "off": 12658,
    "sff": "sensory"
  },
  {
    "docID": "N251 Nategh",
    "et": "BBBSubscoreTest",
    "off": 787,
    "sff": "BBB"
  },
  {
    "docID": "N251 Nategh",
    "et": "BBBSubscoreTest",
    "off": 10755,
    "sff": "BBB"
  },
  {
    "docID": "N251 Nategh",
    "et": "BBBSubscoreTest",
    "off": 10787,
    "sff": "BBB"
  },
  {
    "docID": "N251 Nategh",
    "et": "BBBSubscoreTest",
    "off": 11682,
    "sff": "BBB"
  },
  {
    "docID": "N251 Nategh",
    "et": "BBBSubscoreTest",
    "off": 4177,
    "sff": "BBB"
  },
  {
    "docID": "N251 Nategh",
    "et": "BBBSubscoreTest",
    "off": 11425,
    "sff": "BBB"
  },
  {
    "docID": "N251 Nategh",
    "et": "BBBSubscoreTest",
    "off": 9728,
    "sff": "BBB"
  },
  {
    "docID": "N251 Nategh",
    "et": "BBBSubscoreTest",
    "off": 7764,
    "sff": "BBB"
  },
  {
    "docID": "N251 Nategh",
    "et": "BBBSubscoreTest",
    "off": 11049,
    "sff": "BBB"
  },
  {
    "docID": "N251 Nategh",
    "et": "BBBSubscoreTest",
    "off": 14473,
    "sff": "BBB"
  },
  {
    "docID": "N251 Nategh",
    "et": "BBBSubscoreTest",
    "off": 9535,
    "sff": "BBB"
  },
  {
    "docID": "N251 Nategh",
    "et": "BBBSubscoreTest",
    "off": 15660,
    "sff": "BBB"
  },
  {
    "docID": "N251 Nategh",
    "et": "AxonalDamageTest",
    "off": 2963,
    "sff": "axonal"
  },
  {
    "docID": "N251 Nategh",
    "et": "SpinalCentralPart",
    "off": 16618,
    "sff": "spinal"
  },
  {
    "docID": "N251 Nategh",
    "et": "SpinalCentralPart",
    "off": 99,
    "sff": "Spinal"
  },
  {
    "docID": "N251 Nategh",
    "et": "SpinalCentralPart",
    "off": 8237,
    "sff": "spinal"
  },
  {
    "docID": "N251 Nategh",
    "et": "SpinalCentralPart",
    "off": 6830,
    "sff": "spinal"
  },
  {
    "docID": "N251 Nategh",
    "et": "SpinalCentralPart",
    "off": 13410,
    "sff": "spinal"
  },
  {
    "docID": "N251 Nategh",
    "et": "SpinalCentralPart",
    "off": 14118,
    "sff": "spinal"
  },
  {
    "docID": "N251 Nategh",
    "et": "SpinalCentralPart",
    "off": 3482,
    "sff": "spinal"
  },
  {
    "docID": "N251 Nategh",
    "et": "SpinalCentralPart",
    "off": 13787,
    "sff": "spinal"
  },
  {
    "docID": "N251 Nategh",
    "et": "SpinalCentralPart",
    "off": 17883,
    "sff": "spinal"
  },
  {
    "docID": "N251 Nategh",
    "et": "SpinalCentralPart",
    "off": 862,
    "sff": "spinal"
  },
  {
    "docID": "N251 Nategh",
    "et": "SpinalCentralPart",
    "off": 671,
    "sff": "spinal"
  },
  {
    "docID": "N251 Nategh",
    "et": "SpinalCentralPart",
    "off": 1952,
    "sff": "spinal"
  },
  {
    "docID": "N251 Nategh",
    "et": "SpinalCentralPart",
    "off": 17632,
    "sff": "spinal"
  },
  {
    "docID": "N251 Nategh",
    "et": "SpinalCentralPart",
    "off": 11937,
    "sff": "spinal"
  },
  {
    "docID": "N251 Nategh",
    "et": "SpinalCentralPart",
    "off": 15699,
    "sff": "spinal"
  },
  {
    "docID": "N251 Nategh",
    "et": "SpinalCentralPart",
    "off": 727,
    "sff": "spinal"
  },
  {
    "docID": "N251 Nategh",
    "et": "SpinalCentralPart",
    "off": 2647,
    "sff": "spinal"
  },
  {
    "docID": "N251 Nategh",
    "et": "SpinalCentralPart",
    "off": 10072,
    "sff": "spinal"
  },
  {
    "docID": "N251 Nategh",
    "et": "SpinalCentralPart",
    "off": 1625,
    "sff": "spinal"
  },
  {
    "docID": "N251 Nategh",
    "et": "SpinalCentralPart",
    "off": 4319,
    "sff": "Spinal"
  },
  {
    "docID": "N251 Nategh",
    "et": "SpinalCentralPart",
    "off": 18314,
    "sff": "spinal"
  },
  {
    "docID": "N251 Nategh",
    "et": "SpinalCentralPart",
    "off": 12300,
    "sff": "spinal"
  },
  {
    "docID": "N251 Nategh",
    "et": "SpinalCentralPart",
    "off": 15757,
    "sff": "spinal"
  },
  {
    "docID": "N251 Nategh",
    "et": "SpinalCentralPart",
    "off": 186,
    "sff": "spinal"
  },
  {
    "docID": "N251 Nategh",
    "et": "SpinalCentralPart",
    "off": 2299,
    "sff": "spinal"
  },
  {
    "docID": "N251 Nategh",
    "et": "SpinalCentralPart",
    "off": 446,
    "sff": "spinal"
  },
  {
    "docID": "N251 Nategh",
    "et": "SpinalCentralPart",
    "off": 1279,
    "sff": "spinal"
  },
  {
    "docID": "N251 Nategh",
    "et": "SpinalCentralPart",
    "off": 18228,
    "sff": "spinal"
  },
  {
    "docID": "N251 Nategh",
    "et": "SpinalCentralPart",
    "off": 3638,
    "sff": "spinal"
  },
  {
    "docID": "N251 Nategh",
    "et": "SpinalCentralPart",
    "off": 13622,
    "sff": "spinal"
  },
  {
    "docID": "N251 Nategh",
    "et": "SpinalCentralPart",
    "off": 2040,
    "sff": "spinal"
  },
  {
    "docID": "N251 Nategh",
    "et": "SpinalCentralPart",
    "off": 3320,
    "sff": "spinal"
  },
  {
    "docID": "N251 Nategh",
    "et": "SpinalCentralPart",
    "off": 2489,
    "sff": "spinal"
  },
  {
    "docID": "N251 Nategh",
    "et": "AxonalDiebackTest",
    "off": 2963,
    "sff": "axonal"
  },
  {
    "docID": "N251 Nategh",
    "et": "SpinalCordStump",
    "off": 15757,
    "sff": "spinal cord"
  },
  {
    "docID": "N251 Nategh",
    "et": "SpinalCordStump",
    "off": 12300,
    "sff": "spinal cord"
  },
  {
    "docID": "N251 Nategh",
    "et": "SpinalCordStump",
    "off": 18314,
    "sff": "spinal cord"
  },
  {
    "docID": "N251 Nategh",
    "et": "SpinalCordStump",
    "off": 13810,
    "sff": "cord"
  },
  {
    "docID": "N251 Nategh",
    "et": "SpinalCordStump",
    "off": 1279,
    "sff": "spinal cord"
  },
  {
    "docID": "N251 Nategh",
    "et": "SpinalCordStump",
    "off": 4856,
    "sff": "cord"
  },
  {
    "docID": "N251 Nategh",
    "et": "SpinalCordStump",
    "off": 862,
    "sff": "spinal cord"
  },
  {
    "docID": "N251 Nategh",
    "et": "SpinalCordStump",
    "off": 13787,
    "sff": "spinal cord"
  },
  {
    "docID": "N251 Nategh",
    "et": "SpinalCordStump",
    "off": 17883,
    "sff": "spinal cord"
  },
  {
    "docID": "N251 Nategh",
    "et": "SpinalCordStump",
    "off": 1625,
    "sff": "spinal cord"
  },
  {
    "docID": "N251 Nategh",
    "et": "SpinalCordStump",
    "off": 3482,
    "sff": "spinal cord"
  },
  {
    "docID": "N251 Nategh",
    "et": "SpinalCordStump",
    "off": 727,
    "sff": "spinal cord"
  },
  {
    "docID": "N251 Nategh",
    "et": "SpinalCordStump",
    "off": 2647,
    "sff": "spinal cord"
  },
  {
    "docID": "N251 Nategh",
    "et": "SpinalCordStump",
    "off": 10072,
    "sff": "spinal cord"
  },
  {
    "docID": "N251 Nategh",
    "et": "SpinalCordStump",
    "off": 15699,
    "sff": "spinal cord"
  },
  {
    "docID": "N251 Nategh",
    "et": "SpinalCordStump",
    "off": 4745,
    "sff": "cord"
  },
  {
    "docID": "N251 Nategh",
    "et": "SpinalCordStump",
    "off": 8237,
    "sff": "spinal cord"
  },
  {
    "docID": "N251 Nategh",
    "et": "SpinalCordStump",
    "off": 6830,
    "sff": "spinal cord"
  },
  {
    "docID": "N251 Nategh",
    "et": "SpinalCordStump",
    "off": 12577,
    "sff": "cord"
  },
  {
    "docID": "N251 Nategh",
    "et": "SpinalCordStump",
    "off": 16618,
    "sff": "spinal cord"
  },
  {
    "docID": "N251 Nategh",
    "et": "SpinalCordStump",
    "off": 14118,
    "sff": "spinal cord"
  },
  {
    "docID": "N251 Nategh",
    "et": "SpinalCordStump",
    "off": 11937,
    "sff": "spinal cord"
  },
  {
    "docID": "N251 Nategh",
    "et": "SpinalCordStump",
    "off": 4319,
    "sff": "Spinal cord"
  },
  {
    "docID": "N251 Nategh",
    "et": "SpinalCordStump",
    "off": 13410,
    "sff": "spinal cord"
  },
  {
    "docID": "N251 Nategh",
    "et": "SpinalCordStump",
    "off": 671,
    "sff": "spinal cord"
  },
  {
    "docID": "N251 Nategh",
    "et": "SpinalCordStump",
    "off": 1952,
    "sff": "spinal cord"
  },
  {
    "docID": "N251 Nategh",
    "et": "SpinalCordStump",
    "off": 17632,
    "sff": "spinal cord"
  },
  {
    "docID": "N251 Nategh",
    "et": "SpinalCordStump",
    "off": 446,
    "sff": "spinal cord"
  },
  {
    "docID": "N251 Nategh",
    "et": "SpinalCordStump",
    "off": 2299,
    "sff": "spinal cord"
  },
  {
    "docID": "N251 Nategh",
    "et": "SpinalCordStump",
    "off": 2489,
    "sff": "spinal cord"
  },
  {
    "docID": "N251 Nategh",
    "et": "SpinalCordStump",
    "off": 186,
    "sff": "spinal cord"
  },
  {
    "docID": "N251 Nategh",
    "et": "SpinalCordStump",
    "off": 99,
    "sff": "Spinal Cord"
  },
  {
    "docID": "N251 Nategh",
    "et": "SpinalCordStump",
    "off": 2040,
    "sff": "spinal cord"
  },
  {
    "docID": "N251 Nategh",
    "et": "SpinalCordStump",
    "off": 3320,
    "sff": "spinal cord"
  },
  {
    "docID": "N251 Nategh",
    "et": "SpinalCordStump",
    "off": 3638,
    "sff": "spinal cord"
  },
  {
    "docID": "N251 Nategh",
    "et": "SpinalCordStump",
    "off": 13622,
    "sff": "spinal cord"
  },
  {
    "docID": "N251 Nategh",
    "et": "SpinalCordStump",
    "off": 18228,
    "sff": "spinal cord"
  },
  {
    "docID": "N251 Nategh",
    "et": "MotorEvokedPotentialsTest",
    "off": 18075,
    "sff": "motor"
  },
  {
    "docID": "N251 Nategh",
    "et": "MotorEvokedPotentialsTest",
    "off": 1244,
    "sff": "motor"
  },
  {
    "docID": "N251 Nategh",
    "et": "MotorEvokedPotentialsTest",
    "off": 12344,
    "sff": "motor"
  },
  {
    "docID": "N251 Nategh",
    "et": "MotorEvokedPotentialsTest",
    "off": 2137,
    "sff": "motor"
  },
  {
    "docID": "N251 Nategh",
    "et": "MotorEvokedPotentialsTest",
    "off": 12265,
    "sff": "motor"
  },
  {
    "docID": "N251 Nategh",
    "et": "MotorEvokedPotentialsTest",
    "off": 13369,
    "sff": "motor"
  },
  {
    "docID": "N251 Nategh",
    "et": "MotorEvokedPotentialsTest",
    "off": 3290,
    "sff": "motor"
  },
  {
    "docID": "N251 Nategh",
    "et": "MotorEvokedPotentialsTest",
    "off": 15780,
    "sff": "motor"
  },
  {
    "docID": "N251 Nategh",
    "et": "MotorEvokedPotentialsTest",
    "off": 12592,
    "sff": "motor"
  },
  {
    "docID": "N251 Nategh",
    "et": "MotorEvokedPotentialsTest",
    "off": 17969,
    "sff": "motor"
  },
  {
    "docID": "N251 Nategh",
    "et": "HReflexTest",
    "off": 4518,
    "sff": "reflex"
  },
  {
    "docID": "N251 Nategh",
    "et": "AscendingFiberTract",
    "off": 6483,
    "sff": "fiber"
  },
  {
    "docID": "N251 Nategh",
    "et": "SpinalWhiteMatter",
    "off": 4319,
    "sff": "Spinal"
  },
  {
    "docID": "N251 Nategh",
    "et": "SpinalWhiteMatter",
    "off": 14118,
    "sff": "spinal"
  },
  {
    "docID": "N251 Nategh",
    "et": "SpinalWhiteMatter",
    "off": 99,
    "sff": "Spinal"
  },
  {
    "docID": "N251 Nategh",
    "et": "SpinalWhiteMatter",
    "off": 12014,
    "sff": "white matter"
  },
  {
    "docID": "N251 Nategh",
    "et": "SpinalWhiteMatter",
    "off": 16618,
    "sff": "spinal"
  },
  {
    "docID": "N251 Nategh",
    "et": "SpinalWhiteMatter",
    "off": 8237,
    "sff": "spinal"
  },
  {
    "docID": "N251 Nategh",
    "et": "SpinalWhiteMatter",
    "off": 6830,
    "sff": "spinal"
  },
  {
    "docID": "N251 Nategh",
    "et": "SpinalWhiteMatter",
    "off": 727,
    "sff": "spinal"
  },
  {
    "docID": "N251 Nategh",
    "et": "SpinalWhiteMatter",
    "off": 2647,
    "sff": "spinal"
  },
  {
    "docID": "N251 Nategh",
    "et": "SpinalWhiteMatter",
    "off": 16828,
    "sff": "white matter"
  },
  {
    "docID": "N251 Nategh",
    "et": "SpinalWhiteMatter",
    "off": 10072,
    "sff": "spinal"
  },
  {
    "docID": "N251 Nategh",
    "et": "SpinalWhiteMatter",
    "off": 10109,
    "sff": "white matter"
  },
  {
    "docID": "N251 Nategh",
    "et": "SpinalWhiteMatter",
    "off": 12014,
    "sff": "white"
  },
  {
    "docID": "N251 Nategh",
    "et": "SpinalWhiteMatter",
    "off": 1625,
    "sff": "spinal"
  },
  {
    "docID": "N251 Nategh",
    "et": "SpinalWhiteMatter",
    "off": 3482,
    "sff": "spinal"
  },
  {
    "docID": "N251 Nategh",
    "et": "SpinalWhiteMatter",
    "off": 13787,
    "sff": "spinal"
  },
  {
    "docID": "N251 Nategh",
    "et": "SpinalWhiteMatter",
    "off": 17883,
    "sff": "spinal"
  },
  {
    "docID": "N251 Nategh",
    "et": "SpinalWhiteMatter",
    "off": 862,
    "sff": "spinal"
  },
  {
    "docID": "N251 Nategh",
    "et": "SpinalWhiteMatter",
    "off": 671,
    "sff": "spinal"
  },
  {
    "docID": "N251 Nategh",
    "et": "SpinalWhiteMatter",
    "off": 1952,
    "sff": "spinal"
  },
  {
    "docID": "N251 Nategh",
    "et": "SpinalWhiteMatter",
    "off": 17632,
    "sff": "spinal"
  },
  {
    "docID": "N251 Nategh",
    "et": "SpinalWhiteMatter",
    "off": 11937,
    "sff": "spinal"
  },
  {
    "docID": "N251 Nategh",
    "et": "SpinalWhiteMatter",
    "off": 13410,
    "sff": "spinal"
  },
  {
    "docID": "N251 Nategh",
    "et": "SpinalWhiteMatter",
    "off": 16828,
    "sff": "white"
  },
  {
    "docID": "N251 Nategh",
    "et": "SpinalWhiteMatter",
    "off": 18314,
    "sff": "spinal"
  },
  {
    "docID": "N251 Nategh",
    "et": "SpinalWhiteMatter",
    "off": 10109,
    "sff": "white"
  },
  {
    "docID": "N251 Nategh",
    "et": "SpinalWhiteMatter",
    "off": 12300,
    "sff": "spinal"
  },
  {
    "docID": "N251 Nategh",
    "et": "SpinalWhiteMatter",
    "off": 15757,
    "sff": "spinal"
  },
  {
    "docID": "N251 Nategh",
    "et": "SpinalWhiteMatter",
    "off": 15699,
    "sff": "spinal"
  },
  {
    "docID": "N251 Nategh",
    "et": "SpinalWhiteMatter",
    "off": 18228,
    "sff": "spinal"
  },
  {
    "docID": "N251 Nategh",
    "et": "SpinalWhiteMatter",
    "off": 3638,
    "sff": "spinal"
  },
  {
    "docID": "N251 Nategh",
    "et": "SpinalWhiteMatter",
    "off": 13622,
    "sff": "spinal"
  },
  {
    "docID": "N251 Nategh",
    "et": "SpinalWhiteMatter",
    "off": 2040,
    "sff": "spinal"
  },
  {
    "docID": "N251 Nategh",
    "et": "SpinalWhiteMatter",
    "off": 3320,
    "sff": "spinal"
  },
  {
    "docID": "N251 Nategh",
    "et": "SpinalWhiteMatter",
    "off": 2489,
    "sff": "spinal"
  },
  {
    "docID": "N251 Nategh",
    "et": "SpinalWhiteMatter",
    "off": 186,
    "sff": "spinal"
  },
  {
    "docID": "N251 Nategh",
    "et": "SpinalWhiteMatter",
    "off": 2299,
    "sff": "spinal"
  },
  {
    "docID": "N251 Nategh",
    "et": "SpinalWhiteMatter",
    "off": 446,
    "sff": "spinal"
  },
  {
    "docID": "N251 Nategh",
    "et": "SpinalWhiteMatter",
    "off": 1279,
    "sff": "spinal"
  },
  {
    "docID": "N251 Nategh",
    "et": "Dorsal",
    "off": 4833,
    "sff": "dorsal"
  },
  {
    "docID": "N251 Nategh",
    "et": "Dorsal",
    "off": 13905,
    "sff": "dorsal"
  },
  {
    "docID": "N251 Nategh",
    "et": "Dorsal",
    "off": 2263,
    "sff": "dorsal"
  },
  {
    "docID": "N251 Nategh",
    "et": "BladderFunctionTest",
    "off": 5203,
    "sff": "bladder"
  },
  {
    "docID": "N251 Nategh",
    "et": "BladderFunctionTest",
    "off": 15442,
    "sff": "Bladder"
  },
  {
    "docID": "N251 Nategh",
    "et": "BladderFunctionTest",
    "off": 15632,
    "sff": "bladder"
  },
  {
    "docID": "N251 Nategh",
    "et": "BodyWeightExamination",
    "off": 13389,
    "sff": "weight"
  },
  {
    "docID": "N251 Nategh",
    "et": "Diameter",
    "off": 8029,
    "sff": "diameter"
  },
  {
    "docID": "N251 Nategh",
    "et": "SpinalGrayMatter",
    "off": 18314,
    "sff": "spinal"
  },
  {
    "docID": "N251 Nategh",
    "et": "SpinalGrayMatter",
    "off": 15757,
    "sff": "spinal"
  },
  {
    "docID": "N251 Nategh",
    "et": "SpinalGrayMatter",
    "off": 12300,
    "sff": "spinal"
  },
  {
    "docID": "N251 Nategh",
    "et": "SpinalGrayMatter",
    "off": 15699,
    "sff": "spinal"
  },
  {
    "docID": "N251 Nategh",
    "et": "SpinalGrayMatter",
    "off": 727,
    "sff": "spinal"
  },
  {
    "docID": "N251 Nategh",
    "et": "SpinalGrayMatter",
    "off": 2647,
    "sff": "spinal"
  },
  {
    "docID": "N251 Nategh",
    "et": "SpinalGrayMatter",
    "off": 1625,
    "sff": "spinal"
  },
  {
    "docID": "N251 Nategh",
    "et": "SpinalGrayMatter",
    "off": 10072,
    "sff": "spinal"
  },
  {
    "docID": "N251 Nategh",
    "et": "SpinalGrayMatter",
    "off": 13787,
    "sff": "spinal"
  },
  {
    "docID": "N251 Nategh",
    "et": "SpinalGrayMatter",
    "off": 17883,
    "sff": "spinal"
  },
  {
    "docID": "N251 Nategh",
    "et": "SpinalGrayMatter",
    "off": 3482,
    "sff": "spinal"
  },
  {
    "docID": "N251 Nategh",
    "et": "SpinalGrayMatter",
    "off": 671,
    "sff": "spinal"
  },
  {
    "docID": "N251 Nategh",
    "et": "SpinalGrayMatter",
    "off": 862,
    "sff": "spinal"
  },
  {
    "docID": "N251 Nategh",
    "et": "SpinalGrayMatter",
    "off": 11937,
    "sff": "spinal"
  },
  {
    "docID": "N251 Nategh",
    "et": "SpinalGrayMatter",
    "off": 1952,
    "sff": "spinal"
  },
  {
    "docID": "N251 Nategh",
    "et": "SpinalGrayMatter",
    "off": 17632,
    "sff": "spinal"
  },
  {
    "docID": "N251 Nategh",
    "et": "SpinalGrayMatter",
    "off": 13410,
    "sff": "spinal"
  },
  {
    "docID": "N251 Nategh",
    "et": "SpinalGrayMatter",
    "off": 14118,
    "sff": "spinal"
  },
  {
    "docID": "N251 Nategh",
    "et": "SpinalGrayMatter",
    "off": 16618,
    "sff": "spinal"
  },
  {
    "docID": "N251 Nategh",
    "et": "SpinalGrayMatter",
    "off": 8237,
    "sff": "spinal"
  },
  {
    "docID": "N251 Nategh",
    "et": "SpinalGrayMatter",
    "off": 99,
    "sff": "Spinal"
  },
  {
    "docID": "N251 Nategh",
    "et": "SpinalGrayMatter",
    "off": 6830,
    "sff": "spinal"
  },
  {
    "docID": "N251 Nategh",
    "et": "SpinalGrayMatter",
    "off": 4319,
    "sff": "Spinal"
  },
  {
    "docID": "N251 Nategh",
    "et": "SpinalGrayMatter",
    "off": 18228,
    "sff": "spinal"
  },
  {
    "docID": "N251 Nategh",
    "et": "SpinalGrayMatter",
    "off": 3638,
    "sff": "spinal"
  },
  {
    "docID": "N251 Nategh",
    "et": "SpinalGrayMatter",
    "off": 13622,
    "sff": "spinal"
  },
  {
    "docID": "N251 Nategh",
    "et": "SpinalGrayMatter",
    "off": 2489,
    "sff": "spinal"
  },
  {
    "docID": "N251 Nategh",
    "et": "SpinalGrayMatter",
    "off": 2040,
    "sff": "spinal"
  },
  {
    "docID": "N251 Nategh",
    "et": "SpinalGrayMatter",
    "off": 3320,
    "sff": "spinal"
  },
  {
    "docID": "N251 Nategh",
    "et": "SpinalGrayMatter",
    "off": 2299,
    "sff": "spinal"
  },
  {
    "docID": "N251 Nategh",
    "et": "SpinalGrayMatter",
    "off": 186,
    "sff": "spinal"
  },
  {
    "docID": "N251 Nategh",
    "et": "SpinalGrayMatter",
    "off": 1279,
    "sff": "spinal"
  },
  {
    "docID": "N251 Nategh",
    "et": "SpinalGrayMatter",
    "off": 446,
    "sff": "spinal"
  },
  {
    "docID": "N251 Nategh",
    "et": "AxonalChangesTest",
    "off": 2963,
    "sff": "axonal"
  },
  {
    "docID": "N251 Nategh",
    "et": "LocomotorTest",
    "off": 135,
    "sff": "Locomotor"
  },
  {
    "docID": "N251 Nategh",
    "et": "LocomotorTest",
    "off": 900,
    "sff": "locomotor"
  },
  {
    "docID": "N251 Nategh",
    "et": "LocomotorTest",
    "off": 4181,
    "sff": "locomotor"
  },
  {
    "docID": "N251 Nategh",
    "et": "LocomotorTest",
    "off": 7769,
    "sff": "locomotor"
  },
  {
    "docID": "N251 Nategh",
    "et": "Caudal",
    "off": 7468,
    "sff": "caudal"
  },
  {
    "docID": "N251 Nategh",
    "et": "BladderFunctionParameter",
    "off": 13062,
    "sff": "function"
  },
  {
    "docID": "N251 Nategh",
    "et": "BladderFunctionParameter",
    "off": 15632,
    "sff": "bladder"
  },
  {
    "docID": "N251 Nategh",
    "et": "BladderFunctionParameter",
    "off": 15442,
    "sff": "Bladder"
  },
  {
    "docID": "N251 Nategh",
    "et": "BladderFunctionParameter",
    "off": 5203,
    "sff": "bladder"
  },
  {
    "docID": "N251 Nategh",
    "et": "BladderFunctionParameter",
    "off": 2143,
    "sff": "function"
  },
  {
    "docID": "N251 Nategh",
    "et": "BladderFunctionParameter",
    "off": 12271,
    "sff": "function"
  },
  {
    "docID": "N251 Nategh",
    "et": "BladderFunctionParameter",
    "off": 13375,
    "sff": "function"
  },
  {
    "docID": "N251 Nategh",
    "et": "BladderFunctionParameter",
    "off": 7722,
    "sff": "function"
  },
  {
    "docID": "N251 Nategh",
    "et": "InflammationTest",
    "off": 9473,
    "sff": "inflammation"
  },
  {
    "docID": "N251 Nategh",
    "et": "GaitAnalysisParameter",
    "off": 9603,
    "sff": "analysis"
  },
  {
    "docID": "N251 Nategh",
    "et": "GaitAnalysisParameter",
    "off": 10672,
    "sff": "analysis"
  },
  {
    "docID": "N251 Nategh",
    "et": "GaitAnalysisParameter",
    "off": 9499,
    "sff": "analysis"
  },
  {
    "docID": "N251 Nategh",
    "et": "T10",
    "off": 4631,
    "sff": "T10"
  },
  {
    "docID": "N251 Nategh",
    "et": "T12",
    "off": 4572,
    "sff": "T12"
  },
  {
    "docID": "N251 Nategh",
    "et": "DescendingFiberTract",
    "off": 6483,
    "sff": "fiber"
  },
  {
    "docID": "N251 Nategh",
    "et": "Thoracic",
    "off": 4576,
    "sff": "thoracic"
  },
  {
    "docID": "N251 Nategh",
    "et": "AxonalSproutingTest",
    "off": 2963,
    "sff": "axonal"
  },
  {
    "docID": "N251 Nategh",
    "et": "BladderSize",
    "off": 5203,
    "sff": "bladder"
  },
  {
    "docID": "N251 Nategh",
    "et": "BladderSize",
    "off": 15442,
    "sff": "Bladder"
  },
  {
    "docID": "N251 Nategh",
    "et": "BladderSize",
    "off": 15632,
    "sff": "bladder"
  },
  {
    "docID": "N251 Nategh",
    "et": "NeuronalCellLossTest",
    "off": 3049,
    "sff": "cell"
  },
  {
    "docID": "N251 Nategh",
    "et": "NeuronalCellLossTest",
    "off": 12202,
    "sff": "cell"
  },
  {
    "docID": "N251 Nategh",
    "et": "NeuronalCellLossTest",
    "off": 3249,
    "sff": "cell"
  },
  {
    "docID": "N251 Nategh",
    "et": "NeuronalCellLossTest",
    "off": 5423,
    "sff": "Cell"
  },
  {
    "docID": "N251 Nategh",
    "et": "NeuronalCellLossTest",
    "off": 14645,
    "sff": "cell"
  },
  {
    "docID": "N251 Nategh",
    "et": "NeuronalCellLossTest",
    "off": 1566,
    "sff": "Cell"
  },
  {
    "docID": "N251 Nategh",
    "et": "NeuronalCellLossTest",
    "off": 14938,
    "sff": "cell"
  },
  {
    "docID": "N251 Nategh",
    "et": "NeuronalCellLossTest",
    "off": 18587,
    "sff": "cell"
  },
  {
    "docID": "N251 Nategh",
    "et": "NeuronalCellLossTest",
    "off": 2460,
    "sff": "cell"
  },
  {
    "docID": "N251 Nategh",
    "et": "NeuronalCellLossTest",
    "off": 12764,
    "sff": "cell"
  },
  {
    "docID": "N251 Nategh",
    "et": "NeuronalCellLossTest",
    "off": 6880,
    "sff": "cell"
  },
  {
    "docID": "N251 Nategh",
    "et": "NeuronalCellLossTest",
    "off": 15139,
    "sff": "cell"
  },
  {
    "docID": "N251 Nategh",
    "et": "NeuronalCellLossTest",
    "off": 16355,
    "sff": "cell"
  },
  {
    "docID": "N251 Nategh",
    "et": "NeuronalCellLossTest",
    "off": 18147,
    "sff": "cell"
  },
  {
    "docID": "N251 Nategh",
    "et": "NeuronalCellLossTest",
    "off": 13605,
    "sff": "cell"
  },
  {
    "docID": "N251 Nategh",
    "et": "NeuronalCellLossTest",
    "off": 11366,
    "sff": "cell"
  },
  {
    "docID": "N251 Nategh",
    "et": "NeuronalCellLossTest",
    "off": 10567,
    "sff": "cell"
  },
  {
    "docID": "N251 Nategh",
    "et": "NeuronalCellLossTest",
    "off": 11399,
    "sff": "cell"
  },
  {
    "docID": "N251 Nategh",
    "et": "NeuronalCellLossTest",
    "off": 585,
    "sff": "cell"
  },
  {
    "docID": "N251 Nategh",
    "et": "NeuronalCellLossTest",
    "off": 15306,
    "sff": "cell"
  },
  {
    "docID": "N251 Nategh",
    "et": "NeuronalCellLossTest",
    "off": 3595,
    "sff": "cell"
  },
  {
    "docID": "N251 Nategh",
    "et": "NeuronalCellLossTest",
    "off": 6794,
    "sff": "Cell"
  },
  {
    "docID": "N251 Nategh",
    "et": "NeuronalCellLossTest",
    "off": 2574,
    "sff": "cell"
  },
  {
    "docID": "N251 Nategh",
    "et": "NeuronalCellLossTest",
    "off": 1936,
    "sff": "cell"
  },
  {
    "docID": "N251 Nategh",
    "et": "NeuronalCellLossTest",
    "off": 5456,
    "sff": "cell"
  },
  {
    "docID": "N251 Nategh",
    "et": "NeuronalCellLossTest",
    "off": 17936,
    "sff": "cell"
  },
  {
    "docID": "N251 Nategh",
    "et": "NeuronalCellLossTest",
    "off": 1810,
    "sff": "cell"
  },
  {
    "docID": "N251 Nategh",
    "et": "NeuronalCellLossTest",
    "off": 7228,
    "sff": "Cell"
  },
  {
    "docID": "N251 Nategh",
    "et": "NeuronalCellLossTest",
    "off": 10427,
    "sff": "cell"
  },
  {
    "docID": "N251 Nategh",
    "et": "NeuronalCellLossTest",
    "off": 17725,
    "sff": "cell"
  },
  {
    "docID": "N251 Nategh",
    "et": "NeuronalCellLossTest",
    "off": 1535,
    "sff": "cell"
  },
  {
    "docID": "N251 Nategh",
    "et": "NeuronalCellLossTest",
    "off": 14975,
    "sff": "cell"
  },
  {
    "docID": "N251 Nategh",
    "et": "NeuronalCellLossTest",
    "off": 16319,
    "sff": "cell"
  },
  {
    "docID": "N251 Nategh",
    "et": "NeuronalCellLossTest",
    "off": 6531,
    "sff": "Cell"
  },
  {
    "docID": "N251 Nategh",
    "et": "NeuronalCellLossTest",
    "off": 17348,
    "sff": "cell"
  },
  {
    "docID": "N251 Nategh",
    "et": "NeuronalCellLossTest",
    "off": 2630,
    "sff": "cell"
  },
  {
    "docID": "N251 Nategh",
    "et": "VascularFunctionParameter",
    "off": 13062,
    "sff": "function"
  },
  {
    "docID": "N251 Nategh",
    "et": "VascularFunctionParameter",
    "off": 7722,
    "sff": "function"
  },
  {
    "docID": "N251 Nategh",
    "et": "VascularFunctionParameter",
    "off": 2143,
    "sff": "function"
  },
  {
    "docID": "N251 Nategh",
    "et": "VascularFunctionParameter",
    "off": 12271,
    "sff": "function"
  },
  {
    "docID": "N251 Nategh",
    "et": "VascularFunctionParameter",
    "off": 13375,
    "sff": "function"
  },
  {
    "docID": "N251 Nategh",
    "et": "ObservationOfAnimalBehaviour",
    "off": 1608,
    "sff": "animal"
  },
  {
    "docID": "N251 Nategh",
    "et": "ObservationOfAnimalBehaviour",
    "off": 7929,
    "sff": "animal"
  },
  {
    "docID": "N251 Nategh",
    "et": "ObservationOfAnimalBehaviour",
    "off": 10537,
    "sff": "animal"
  },
  {
    "docID": "N251 Nategh",
    "et": "ObservationOfAnimalBehaviour",
    "off": 10438,
    "sff": "animal"
  },
  {
    "docID": "N251 Nategh",
    "et": "ObservationOfAnimalBehaviour",
    "off": 2283,
    "sff": "animal"
  },
  {
    "docID": "N251 Nategh",
    "et": "ObservationOfAnimalBehaviour",
    "off": 10331,
    "sff": "animal"
  },
  {
    "docID": "N251 Nategh",
    "et": "BladderWeight",
    "off": 15442,
    "sff": "Bladder"
  },
  {
    "docID": "N251 Nategh",
    "et": "BladderWeight",
    "off": 15632,
    "sff": "bladder"
  },
  {
    "docID": "N251 Nategh",
    "et": "BladderWeight",
    "off": 5203,
    "sff": "bladder"
  },
  {
    "docID": "N251 Nategh",
    "et": "MotorTest",
    "off": 2137,
    "sff": "motor"
  },
  {
    "docID": "N251 Nategh",
    "et": "MotorTest",
    "off": 12265,
    "sff": "motor"
  },
  {
    "docID": "N251 Nategh",
    "et": "MotorTest",
    "off": 13369,
    "sff": "motor"
  },
  {
    "docID": "N251 Nategh",
    "et": "MotorTest",
    "off": 12344,
    "sff": "motor"
  },
  {
    "docID": "N251 Nategh",
    "et": "MotorTest",
    "off": 18075,
    "sff": "motor"
  },
  {
    "docID": "N251 Nategh",
    "et": "MotorTest",
    "off": 3290,
    "sff": "motor"
  },
  {
    "docID": "N251 Nategh",
    "et": "MotorTest",
    "off": 1244,
    "sff": "motor"
  },
  {
    "docID": "N251 Nategh",
    "et": "MotorTest",
    "off": 17969,
    "sff": "motor"
  },
  {
    "docID": "N251 Nategh",
    "et": "MotorTest",
    "off": 12592,
    "sff": "motor"
  },
  {
    "docID": "N251 Nategh",
    "et": "MotorTest",
    "off": 15780,
    "sff": "motor"
  },
  {
    "docID": "N251 Nategh",
    "et": "SpinalDorsalHalf",
    "off": 15757,
    "sff": "spinal"
  },
  {
    "docID": "N251 Nategh",
    "et": "SpinalDorsalHalf",
    "off": 12300,
    "sff": "spinal"
  },
  {
    "docID": "N251 Nategh",
    "et": "SpinalDorsalHalf",
    "off": 18314,
    "sff": "spinal"
  },
  {
    "docID": "N251 Nategh",
    "et": "SpinalDorsalHalf",
    "off": 13905,
    "sff": "dorsal"
  },
  {
    "docID": "N251 Nategh",
    "et": "SpinalDorsalHalf",
    "off": 1279,
    "sff": "spinal"
  },
  {
    "docID": "N251 Nategh",
    "et": "SpinalDorsalHalf",
    "off": 446,
    "sff": "spinal"
  },
  {
    "docID": "N251 Nategh",
    "et": "SpinalDorsalHalf",
    "off": 2299,
    "sff": "spinal"
  },
  {
    "docID": "N251 Nategh",
    "et": "SpinalDorsalHalf",
    "off": 186,
    "sff": "spinal"
  },
  {
    "docID": "N251 Nategh",
    "et": "SpinalDorsalHalf",
    "off": 2489,
    "sff": "spinal"
  },
  {
    "docID": "N251 Nategh",
    "et": "SpinalDorsalHalf",
    "off": 4833,
    "sff": "dorsal"
  },
  {
    "docID": "N251 Nategh",
    "et": "SpinalDorsalHalf",
    "off": 2040,
    "sff": "spinal"
  },
  {
    "docID": "N251 Nategh",
    "et": "SpinalDorsalHalf",
    "off": 3320,
    "sff": "spinal"
  },
  {
    "docID": "N251 Nategh",
    "et": "SpinalDorsalHalf",
    "off": 3638,
    "sff": "spinal"
  },
  {
    "docID": "N251 Nategh",
    "et": "SpinalDorsalHalf",
    "off": 13622,
    "sff": "spinal"
  },
  {
    "docID": "N251 Nategh",
    "et": "SpinalDorsalHalf",
    "off": 18228,
    "sff": "spinal"
  },
  {
    "docID": "N251 Nategh",
    "et": "SpinalDorsalHalf",
    "off": 2263,
    "sff": "dorsal"
  },
  {
    "docID": "N251 Nategh",
    "et": "SpinalDorsalHalf",
    "off": 6830,
    "sff": "spinal"
  },
  {
    "docID": "N251 Nategh",
    "et": "SpinalDorsalHalf",
    "off": 8237,
    "sff": "spinal"
  },
  {
    "docID": "N251 Nategh",
    "et": "SpinalDorsalHalf",
    "off": 16618,
    "sff": "spinal"
  },
  {
    "docID": "N251 Nategh",
    "et": "SpinalDorsalHalf",
    "off": 14118,
    "sff": "spinal"
  },
  {
    "docID": "N251 Nategh",
    "et": "SpinalDorsalHalf",
    "off": 4319,
    "sff": "Spinal"
  },
  {
    "docID": "N251 Nategh",
    "et": "SpinalDorsalHalf",
    "off": 13410,
    "sff": "spinal"
  },
  {
    "docID": "N251 Nategh",
    "et": "SpinalDorsalHalf",
    "off": 99,
    "sff": "Spinal"
  },
  {
    "docID": "N251 Nategh",
    "et": "SpinalDorsalHalf",
    "off": 11937,
    "sff": "spinal"
  },
  {
    "docID": "N251 Nategh",
    "et": "SpinalDorsalHalf",
    "off": 1952,
    "sff": "spinal"
  },
  {
    "docID": "N251 Nategh",
    "et": "SpinalDorsalHalf",
    "off": 17632,
    "sff": "spinal"
  },
  {
    "docID": "N251 Nategh",
    "et": "SpinalDorsalHalf",
    "off": 671,
    "sff": "spinal"
  },
  {
    "docID": "N251 Nategh",
    "et": "SpinalDorsalHalf",
    "off": 862,
    "sff": "spinal"
  },
  {
    "docID": "N251 Nategh",
    "et": "SpinalDorsalHalf",
    "off": 13787,
    "sff": "spinal"
  },
  {
    "docID": "N251 Nategh",
    "et": "SpinalDorsalHalf",
    "off": 17883,
    "sff": "spinal"
  },
  {
    "docID": "N251 Nategh",
    "et": "SpinalDorsalHalf",
    "off": 3482,
    "sff": "spinal"
  },
  {
    "docID": "N251 Nategh",
    "et": "SpinalDorsalHalf",
    "off": 1625,
    "sff": "spinal"
  },
  {
    "docID": "N251 Nategh",
    "et": "SpinalDorsalHalf",
    "off": 10072,
    "sff": "spinal"
  },
  {
    "docID": "N251 Nategh",
    "et": "SpinalDorsalHalf",
    "off": 727,
    "sff": "spinal"
  },
  {
    "docID": "N251 Nategh",
    "et": "SpinalDorsalHalf",
    "off": 2647,
    "sff": "spinal"
  },
  {
    "docID": "N251 Nategh",
    "et": "SpinalDorsalHalf",
    "off": 15699,
    "sff": "spinal"
  },
  {
    "docID": "N251 Nategh",
    "et": "Lateral",
    "off": 14011,
    "sff": "lateral"
  },
  {
    "docID": "N251 Nategh",
    "et": "MeanArterialPressure",
    "off": 9720,
    "sff": "Mean"
  },
  {
    "docID": "N251 Nategh",
    "et": "SpinalCordEvokedPotentialsTest",
    "off": 1279,
    "sff": "spinal cord"
  },
  {
    "docID": "N251 Nategh",
    "et": "SpinalCordEvokedPotentialsTest",
    "off": 446,
    "sff": "spinal cord"
  },
  {
    "docID": "N251 Nategh",
    "et": "SpinalCordEvokedPotentialsTest",
    "off": 2299,
    "sff": "spinal cord"
  },
  {
    "docID": "N251 Nategh",
    "et": "SpinalCordEvokedPotentialsTest",
    "off": 13810,
    "sff": "cord"
  },
  {
    "docID": "N251 Nategh",
    "et": "SpinalCordEvokedPotentialsTest",
    "off": 2489,
    "sff": "spinal cord"
  },
  {
    "docID": "N251 Nategh",
    "et": "SpinalCordEvokedPotentialsTest",
    "off": 186,
    "sff": "spinal cord"
  },
  {
    "docID": "N251 Nategh",
    "et": "SpinalCordEvokedPotentialsTest",
    "off": 3320,
    "sff": "spinal cord"
  },
  {
    "docID": "N251 Nategh",
    "et": "SpinalCordEvokedPotentialsTest",
    "off": 2040,
    "sff": "spinal cord"
  },
  {
    "docID": "N251 Nategh",
    "et": "SpinalCordEvokedPotentialsTest",
    "off": 3638,
    "sff": "spinal cord"
  },
  {
    "docID": "N251 Nategh",
    "et": "SpinalCordEvokedPotentialsTest",
    "off": 13622,
    "sff": "spinal cord"
  },
  {
    "docID": "N251 Nategh",
    "et": "SpinalCordEvokedPotentialsTest",
    "off": 18228,
    "sff": "spinal cord"
  },
  {
    "docID": "N251 Nategh",
    "et": "SpinalCordEvokedPotentialsTest",
    "off": 15757,
    "sff": "spinal cord"
  },
  {
    "docID": "N251 Nategh",
    "et": "SpinalCordEvokedPotentialsTest",
    "off": 12300,
    "sff": "spinal cord"
  },
  {
    "docID": "N251 Nategh",
    "et": "SpinalCordEvokedPotentialsTest",
    "off": 18314,
    "sff": "spinal cord"
  },
  {
    "docID": "N251 Nategh",
    "et": "SpinalCordEvokedPotentialsTest",
    "off": 4856,
    "sff": "cord"
  },
  {
    "docID": "N251 Nategh",
    "et": "SpinalCordEvokedPotentialsTest",
    "off": 671,
    "sff": "spinal cord"
  },
  {
    "docID": "N251 Nategh",
    "et": "SpinalCordEvokedPotentialsTest",
    "off": 4319,
    "sff": "Spinal cord"
  },
  {
    "docID": "N251 Nategh",
    "et": "SpinalCordEvokedPotentialsTest",
    "off": 17632,
    "sff": "spinal cord"
  },
  {
    "docID": "N251 Nategh",
    "et": "SpinalCordEvokedPotentialsTest",
    "off": 99,
    "sff": "Spinal Cord"
  },
  {
    "docID": "N251 Nategh",
    "et": "SpinalCordEvokedPotentialsTest",
    "off": 1952,
    "sff": "spinal cord"
  },
  {
    "docID": "N251 Nategh",
    "et": "SpinalCordEvokedPotentialsTest",
    "off": 862,
    "sff": "spinal cord"
  },
  {
    "docID": "N251 Nategh",
    "et": "SpinalCordEvokedPotentialsTest",
    "off": 13787,
    "sff": "spinal cord"
  },
  {
    "docID": "N251 Nategh",
    "et": "SpinalCordEvokedPotentialsTest",
    "off": 17883,
    "sff": "spinal cord"
  },
  {
    "docID": "N251 Nategh",
    "et": "SpinalCordEvokedPotentialsTest",
    "off": 1625,
    "sff": "spinal cord"
  },
  {
    "docID": "N251 Nategh",
    "et": "SpinalCordEvokedPotentialsTest",
    "off": 3482,
    "sff": "spinal cord"
  },
  {
    "docID": "N251 Nategh",
    "et": "SpinalCordEvokedPotentialsTest",
    "off": 727,
    "sff": "spinal cord"
  },
  {
    "docID": "N251 Nategh",
    "et": "SpinalCordEvokedPotentialsTest",
    "off": 2647,
    "sff": "spinal cord"
  },
  {
    "docID": "N251 Nategh",
    "et": "SpinalCordEvokedPotentialsTest",
    "off": 10072,
    "sff": "spinal cord"
  },
  {
    "docID": "N251 Nategh",
    "et": "SpinalCordEvokedPotentialsTest",
    "off": 15699,
    "sff": "spinal cord"
  },
  {
    "docID": "N251 Nategh",
    "et": "SpinalCordEvokedPotentialsTest",
    "off": 4745,
    "sff": "cord"
  },
  {
    "docID": "N251 Nategh",
    "et": "SpinalCordEvokedPotentialsTest",
    "off": 6830,
    "sff": "spinal cord"
  },
  {
    "docID": "N251 Nategh",
    "et": "SpinalCordEvokedPotentialsTest",
    "off": 8237,
    "sff": "spinal cord"
  },
  {
    "docID": "N251 Nategh",
    "et": "SpinalCordEvokedPotentialsTest",
    "off": 16618,
    "sff": "spinal cord"
  },
  {
    "docID": "N251 Nategh",
    "et": "SpinalCordEvokedPotentialsTest",
    "off": 12577,
    "sff": "cord"
  },
  {
    "docID": "N251 Nategh",
    "et": "SpinalCordEvokedPotentialsTest",
    "off": 14118,
    "sff": "spinal cord"
  },
  {
    "docID": "N251 Nategh",
    "et": "SpinalCordEvokedPotentialsTest",
    "off": 13410,
    "sff": "spinal cord"
  },
  {
    "docID": "N251 Nategh",
    "et": "SpinalCordEvokedPotentialsTest",
    "off": 11937,
    "sff": "spinal cord"
  }
]
