[
  {
    "docID": "N001 Yoo, Khaled et al. 2013",
    "et": "CompleteTransection",
    "off": 48219,
    "sff": "complete transection"
  },
  {
    "docID": "N001 Yoo, Khaled et al. 2013",
    "et": "RecombinantEPORhEpo",
    "off": 56882,
    "sff": "recombinant"
  },
  {
    "docID": "N001 Yoo, Khaled et al. 2013",
    "et": "RecombinantEPORhEpo",
    "off": 54657,
    "sff": "recombinant"
  },
  {
    "docID": "N001 Yoo, Khaled et al. 2013",
    "et": "RecombinantEPORhEpo",
    "off": 47587,
    "sff": "recombinant"
  },
  {
    "docID": "N001 Yoo, Khaled et al. 2013",
    "et": "RecombinantEPORhEpo",
    "off": 53151,
    "sff": "Recombinant"
  },
  {
    "docID": "N001 Yoo, Khaled et al. 2013",
    "et": "RecombinantEPORhEpo",
    "off": 54218,
    "sff": "recombinant"
  },
  {
    "docID": "N001 Yoo, Khaled et al. 2013",
    "et": "NYUImpactor",
    "off": 39280,
    "sff": "New York"
  },
  {
    "docID": "N001 Yoo, Khaled et al. 2013",
    "et": "OlfactoryEnsheathingGliaCell",
    "off": 48131,
    "sff": "olfactory-ensheathing"
  },
  {
    "docID": "N001 Yoo, Khaled et al. 2013",
    "et": "OlfactoryEnsheathingGliaCell",
    "off": 48131,
    "sff": "olfactory-ensheathing glia"
  },
  {
    "docID": "N001 Yoo, Khaled et al. 2013",
    "et": "MesenchymalStemCell",
    "off": 51920,
    "sff": "stem"
  },
  {
    "docID": "N001 Yoo, Khaled et al. 2013",
    "et": "MesenchymalStemCell",
    "off": 5476,
    "sff": "stem"
  },
  {
    "docID": "N001 Yoo, Khaled et al. 2013",
    "et": "DorsalInjuryArea",
    "off": 4776,
    "sff": "dorsal"
  },
  {
    "docID": "N001 Yoo, Khaled et al. 2013",
    "et": "DorsalInjuryArea",
    "off": 27348,
    "sff": "dorsal"
  },
  {
    "docID": "N001 Yoo, Khaled et al. 2013",
    "et": "KetamineAsAnaesthetic",
    "off": 40240,
    "sff": "Ketamine"
  },
  {
    "docID": "N001 Yoo, Khaled et al. 2013",
    "et": "KetamineAsAnaesthetic",
    "off": 38089,
    "sff": "Ketamine"
  },
  {
    "docID": "N001 Yoo, Khaled et al. 2013",
    "et": "C57_BL6_Mouse",
    "off": 36446,
    "sff": "C57BL/6"
  },
  {
    "docID": "N001 Yoo, Khaled et al. 2013",
    "et": "Intraspinal",
    "off": 55236,
    "sff": "intraspinal"
  },
  {
    "docID": "N001 Yoo, Khaled et al. 2013",
    "et": "Intraspinal",
    "off": 38000,
    "sff": "Intraspinal"
  },
  {
    "docID": "N001 Yoo, Khaled et al. 2013",
    "et": "Intraspinal",
    "off": 37565,
    "sff": "intraspinal"
  },
  {
    "docID": "N001 Yoo, Khaled et al. 2013",
    "et": "MouseSpecies",
    "off": 7090,
    "sff": "mouse"
  },
  {
    "docID": "N001 Yoo, Khaled et al. 2013",
    "et": "MouseSpecies",
    "off": 1360,
    "sff": "Mouse"
  },
  {
    "docID": "N001 Yoo, Khaled et al. 2013",
    "et": "MouseSpecies",
    "off": 38616,
    "sff": "mouse"
  },
  {
    "docID": "N001 Yoo, Khaled et al. 2013",
    "et": "MouseSpecies",
    "off": 51,
    "sff": "Mouse"
  },
  {
    "docID": "N001 Yoo, Khaled et al. 2013",
    "et": "MouseSpecies",
    "off": 11475,
    "sff": "Mouse"
  },
  {
    "docID": "N001 Yoo, Khaled et al. 2013",
    "et": "MouseSpecies",
    "off": 1133,
    "sff": "mouse"
  },
  {
    "docID": "N001 Yoo, Khaled et al. 2013",
    "et": "MouseSpecies",
    "off": 1773,
    "sff": "mouse"
  },
  {
    "docID": "N001 Yoo, Khaled et al. 2013",
    "et": "MouseSpecies",
    "off": 40988,
    "sff": "mouse"
  },
  {
    "docID": "N001 Yoo, Khaled et al. 2013",
    "et": "MouseSpecies",
    "off": 17484,
    "sff": "mouse"
  },
  {
    "docID": "N001 Yoo, Khaled et al. 2013",
    "et": "MouseSpecies",
    "off": 18601,
    "sff": "mouse"
  },
  {
    "docID": "N001 Yoo, Khaled et al. 2013",
    "et": "MouseSpecies",
    "off": 41602,
    "sff": "mouse"
  },
  {
    "docID": "N001 Yoo, Khaled et al. 2013",
    "et": "MouseSpecies",
    "off": 60617,
    "sff": "Mouse"
  },
  {
    "docID": "N001 Yoo, Khaled et al. 2013",
    "et": "MouseSpecies",
    "off": 902,
    "sff": "mouse"
  },
  {
    "docID": "N001 Yoo, Khaled et al. 2013",
    "et": "MouseSpecies",
    "off": 38463,
    "sff": "Mouse"
  },
  {
    "docID": "N001 Yoo, Khaled et al. 2013",
    "et": "MouseSpecies",
    "off": 41097,
    "sff": "mouse"
  },
  {
    "docID": "N001 Yoo, Khaled et al. 2013",
    "et": "MouseSpecies",
    "off": 60716,
    "sff": "mouse"
  },
  {
    "docID": "N001 Yoo, Khaled et al. 2013",
    "et": "MouseSpecies",
    "off": 58129,
    "sff": "mouse"
  },
  {
    "docID": "N001 Yoo, Khaled et al. 2013",
    "et": "DorsalHemisection",
    "off": 4776,
    "sff": "dorsal"
  },
  {
    "docID": "N001 Yoo, Khaled et al. 2013",
    "et": "DorsalHemisection",
    "off": 27348,
    "sff": "dorsal"
  },
  {
    "docID": "N001 Yoo, Khaled et al. 2013",
    "et": "DeliveryMethod",
    "off": 53762,
    "sff": "delivery"
  },
  {
    "docID": "N001 Yoo, Khaled et al. 2013",
    "et": "TyrosineHydroxylase",
    "off": 22532,
    "sff": "Tyrosine Hydroxylase"
  },
  {
    "docID": "N001 Yoo, Khaled et al. 2013",
    "et": "TyrosineHydroxylase",
    "off": 32120,
    "sff": "tyrosine hydroxylase"
  },
  {
    "docID": "N001 Yoo, Khaled et al. 2013",
    "et": "TyrosineHydroxylase",
    "off": 25220,
    "sff": "tyrosine hydroxylase"
  },
  {
    "docID": "N001 Yoo, Khaled et al. 2013",
    "et": "TyrosineHydroxylase",
    "off": 1698,
    "sff": "tyrosine hydroxylase"
  },
  {
    "docID": "N001 Yoo, Khaled et al. 2013",
    "et": "TyrosineHydroxylase",
    "off": 41330,
    "sff": "tyrosine hydroxylase"
  },
  {
    "docID": "N001 Yoo, Khaled et al. 2013",
    "et": "TyrosineHydroxylase",
    "off": 14242,
    "sff": "Tyrosine hydroxylase"
  },
  {
    "docID": "N001 Yoo, Khaled et al. 2013",
    "et": "TyrosineHydroxylase",
    "off": 22607,
    "sff": "tyrosine hydroxylase"
  },
  {
    "docID": "N001 Yoo, Khaled et al. 2013",
    "et": "RabbitSpecies",
    "off": 41616,
    "sff": "rabbit"
  },
  {
    "docID": "N001 Yoo, Khaled et al. 2013",
    "et": "RabbitSpecies",
    "off": 41207,
    "sff": "rabbit"
  },
  {
    "docID": "N001 Yoo, Khaled et al. 2013",
    "et": "Rostral",
    "off": 16405,
    "sff": "rostral"
  },
  {
    "docID": "N001 Yoo, Khaled et al. 2013",
    "et": "Rostral",
    "off": 10711,
    "sff": "rostral"
  },
  {
    "docID": "N001 Yoo, Khaled et al. 2013",
    "et": "Rostral",
    "off": 14455,
    "sff": "rostral"
  },
  {
    "docID": "N001 Yoo, Khaled et al. 2013",
    "et": "Rostral",
    "off": 40600,
    "sff": "rostral"
  },
  {
    "docID": "N001 Yoo, Khaled et al. 2013",
    "et": "Rostral",
    "off": 15641,
    "sff": "rostral"
  },
  {
    "docID": "N001 Yoo, Khaled et al. 2013",
    "et": "Rostral",
    "off": 43995,
    "sff": "rostral"
  },
  {
    "docID": "N001 Yoo, Khaled et al. 2013",
    "et": "Rostral",
    "off": 12220,
    "sff": "rostral"
  },
  {
    "docID": "N001 Yoo, Khaled et al. 2013",
    "et": "Rostral",
    "off": 17630,
    "sff": "rostral"
  },
  {
    "docID": "N001 Yoo, Khaled et al. 2013",
    "et": "Rostral",
    "off": 12767,
    "sff": "rostral"
  },
  {
    "docID": "N001 Yoo, Khaled et al. 2013",
    "et": "Rostral",
    "off": 39458,
    "sff": "rostral"
  },
  {
    "docID": "N001 Yoo, Khaled et al. 2013",
    "et": "Rostral",
    "off": 8932,
    "sff": "rostral"
  },
  {
    "docID": "N001 Yoo, Khaled et al. 2013",
    "et": "Rostral",
    "off": 11432,
    "sff": "rostral"
  },
  {
    "docID": "N001 Yoo, Khaled et al. 2013",
    "et": "Rostral",
    "off": 44616,
    "sff": "rostral"
  },
  {
    "docID": "N001 Yoo, Khaled et al. 2013",
    "et": "Rostral",
    "off": 13227,
    "sff": "rostral"
  },
  {
    "docID": "N001 Yoo, Khaled et al. 2013",
    "et": "Rostral",
    "off": 9420,
    "sff": "rostral"
  },
  {
    "docID": "N001 Yoo, Khaled et al. 2013",
    "et": "Rostral",
    "off": 8109,
    "sff": "rostral"
  },
  {
    "docID": "N001 Yoo, Khaled et al. 2013",
    "et": "Rostral",
    "off": 10190,
    "sff": "rostral"
  },
  {
    "docID": "N001 Yoo, Khaled et al. 2013",
    "et": "DorsalColumn",
    "off": 27348,
    "sff": "dorsal"
  },
  {
    "docID": "N001 Yoo, Khaled et al. 2013",
    "et": "DorsalColumn",
    "off": 4776,
    "sff": "dorsal"
  },
  {
    "docID": "N001 Yoo, Khaled et al. 2013",
    "et": "ChondroitinaseABC",
    "off": 53225,
    "sff": "chondroitinase ABC"
  },
  {
    "docID": "N001 Yoo, Khaled et al. 2013",
    "et": "ChondroitinaseABC",
    "off": 55261,
    "sff": "chondroitinase"
  },
  {
    "docID": "N001 Yoo, Khaled et al. 2013",
    "et": "ChondroitinaseABC",
    "off": 47314,
    "sff": "Chondroitinase ABC"
  },
  {
    "docID": "N001 Yoo, Khaled et al. 2013",
    "et": "ChondroitinaseABC",
    "off": 58407,
    "sff": "chondroitinase ABC"
  },
  {
    "docID": "N001 Yoo, Khaled et al. 2013",
    "et": "ChondroitinaseABC",
    "off": 47534,
    "sff": "Chondroitinase ABC"
  },
  {
    "docID": "N001 Yoo, Khaled et al. 2013",
    "et": "ChondroitinaseABC",
    "off": 52208,
    "sff": "chondroitinase ABC"
  },
  {
    "docID": "N001 Yoo, Khaled et al. 2013",
    "et": "ChondroitinaseABC",
    "off": 51943,
    "sff": "chondroitinase"
  },
  {
    "docID": "N001 Yoo, Khaled et al. 2013",
    "et": "ChondroitinaseABC",
    "off": 48170,
    "sff": "chondroitinase"
  },
  {
    "docID": "N001 Yoo, Khaled et al. 2013",
    "et": "ChondroitinaseABC",
    "off": 28587,
    "sff": "chondroitinase"
  },
  {
    "docID": "N001 Yoo, Khaled et al. 2013",
    "et": "ChondroitinaseABC",
    "off": 53595,
    "sff": "chondroitinase ABC"
  },
  {
    "docID": "N001 Yoo, Khaled et al. 2013",
    "et": "ChondroitinaseABC",
    "off": 55503,
    "sff": "Chondroitinase"
  },
  {
    "docID": "N001 Yoo, Khaled et al. 2013",
    "et": "ChondroitinaseABC",
    "off": 55708,
    "sff": "Chondroitinase ABC"
  },
  {
    "docID": "N001 Yoo, Khaled et al. 2013",
    "et": "ChondroitinaseABC",
    "off": 611,
    "sff": "chondroitinase ABC"
  },
  {
    "docID": "N001 Yoo, Khaled et al. 2013",
    "et": "ChondroitinaseABC",
    "off": 47927,
    "sff": "Chondroitinase ABC"
  },
  {
    "docID": "N001 Yoo, Khaled et al. 2013",
    "et": "ChondroitinaseABC",
    "off": 47809,
    "sff": "chondroitinase ABC"
  },
  {
    "docID": "N001 Yoo, Khaled et al. 2013",
    "et": "Substance",
    "off": 54046,
    "sff": "substance"
  },
  {
    "docID": "N001 Yoo, Khaled et al. 2013",
    "et": "SubstanceApplicationLocation",
    "off": 19709,
    "sff": "application"
  },
  {
    "docID": "N001 Yoo, Khaled et al. 2013",
    "et": "SubstanceApplicationLocation",
    "off": 32856,
    "sff": "application"
  },
  {
    "docID": "N001 Yoo, Khaled et al. 2013",
    "et": "SubstanceApplicationLocation",
    "off": 32729,
    "sff": "application"
  },
  {
    "docID": "N001 Yoo, Khaled et al. 2013",
    "et": "SubstanceApplicationLocation",
    "off": 928,
    "sff": "Application"
  },
  {
    "docID": "N001 Yoo, Khaled et al. 2013",
    "et": "SubstanceApplicationLocation",
    "off": 28070,
    "sff": "application"
  },
  {
    "docID": "N001 Yoo, Khaled et al. 2013",
    "et": "SubstanceApplicationLocation",
    "off": 32704,
    "sff": "application"
  },
  {
    "docID": "N001 Yoo, Khaled et al. 2013",
    "et": "SubstanceApplicationLocation",
    "off": 29281,
    "sff": "application"
  },
  {
    "docID": "N001 Yoo, Khaled et al. 2013",
    "et": "SubstanceApplicationLocation",
    "off": 32673,
    "sff": "application"
  },
  {
    "docID": "N001 Yoo, Khaled et al. 2013",
    "et": "SubstanceApplicationLocation",
    "off": 52193,
    "sff": "application"
  },
  {
    "docID": "N001 Yoo, Khaled et al. 2013",
    "et": "SubstanceApplicationLocation",
    "off": 54046,
    "sff": "substance"
  },
  {
    "docID": "N001 Yoo, Khaled et al. 2013",
    "et": "SubstanceApplicationLocation",
    "off": 27693,
    "sff": "application"
  },
  {
    "docID": "N001 Yoo, Khaled et al. 2013",
    "et": "SubstanceApplicationLocation",
    "off": 56014,
    "sff": "application"
  },
  {
    "docID": "N001 Yoo, Khaled et al. 2013",
    "et": "SubstanceApplicationLocation",
    "off": 22767,
    "sff": "Application"
  },
  {
    "docID": "N001 Yoo, Khaled et al. 2013",
    "et": "SubstanceApplicationLocation",
    "off": 24049,
    "sff": "application"
  },
  {
    "docID": "N001 Yoo, Khaled et al. 2013",
    "et": "InjuryDevice",
    "off": 38667,
    "sff": "device"
  },
  {
    "docID": "N001 Yoo, Khaled et al. 2013",
    "et": "InjuryDevice",
    "off": 38646,
    "sff": "device"
  },
  {
    "docID": "N001 Yoo, Khaled et al. 2013",
    "et": "InjuryDevice",
    "off": 38889,
    "sff": "device"
  },
  {
    "docID": "N001 Yoo, Khaled et al. 2013",
    "et": "LaminectomyType",
    "off": 38432,
    "sff": "Laminectomy"
  },
  {
    "docID": "N001 Yoo, Khaled et al. 2013",
    "et": "LaminectomyType",
    "off": 36788,
    "sff": "laminectomy"
  },
  {
    "docID": "N001 Yoo, Khaled et al. 2013",
    "et": "LaminectomyType",
    "off": 38469,
    "sff": "Laminectomy"
  },
  {
    "docID": "N001 Yoo, Khaled et al. 2013",
    "et": "C2",
    "off": 3787,
    "sff": "C2"
  },
  {
    "docID": "N001 Yoo, Khaled et al. 2013",
    "et": "Tissue",
    "off": 4701,
    "sff": "tissue"
  },
  {
    "docID": "N001 Yoo, Khaled et al. 2013",
    "et": "Tissue",
    "off": 17982,
    "sff": "tissue"
  },
  {
    "docID": "N001 Yoo, Khaled et al. 2013",
    "et": "Tissue",
    "off": 18295,
    "sff": "tissue"
  },
  {
    "docID": "N001 Yoo, Khaled et al. 2013",
    "et": "Tissue",
    "off": 17752,
    "sff": "tissue"
  },
  {
    "docID": "N001 Yoo, Khaled et al. 2013",
    "et": "Tissue",
    "off": 17593,
    "sff": "tissue"
  },
  {
    "docID": "N001 Yoo, Khaled et al. 2013",
    "et": "Tissue",
    "off": 43354,
    "sff": "tissue"
  },
  {
    "docID": "N001 Yoo, Khaled et al. 2013",
    "et": "Tissue",
    "off": 28111,
    "sff": "tissue"
  },
  {
    "docID": "N001 Yoo, Khaled et al. 2013",
    "et": "Tissue",
    "off": 40593,
    "sff": "tissue"
  },
  {
    "docID": "N001 Yoo, Khaled et al. 2013",
    "et": "Tissue",
    "off": 2503,
    "sff": "tissue"
  },
  {
    "docID": "N001 Yoo, Khaled et al. 2013",
    "et": "Tissue",
    "off": 28296,
    "sff": "tissue"
  },
  {
    "docID": "N001 Yoo, Khaled et al. 2013",
    "et": "Tissue",
    "off": 34346,
    "sff": "tissue"
  },
  {
    "docID": "N001 Yoo, Khaled et al. 2013",
    "et": "Tissue",
    "off": 18979,
    "sff": "tissue"
  },
  {
    "docID": "N001 Yoo, Khaled et al. 2013",
    "et": "Tissue",
    "off": 29318,
    "sff": "tissue"
  },
  {
    "docID": "N001 Yoo, Khaled et al. 2013",
    "et": "C4",
    "off": 4846,
    "sff": "C4"
  },
  {
    "docID": "N001 Yoo, Khaled et al. 2013",
    "et": "C4",
    "off": 27408,
    "sff": "C4"
  },
  {
    "docID": "N001 Yoo, Khaled et al. 2013",
    "et": "C4",
    "off": 6753,
    "sff": "C4"
  },
  {
    "docID": "N001 Yoo, Khaled et al. 2013",
    "et": "C4",
    "off": 4751,
    "sff": "C4"
  },
  {
    "docID": "N001 Yoo, Khaled et al. 2013",
    "et": "C4",
    "off": 3812,
    "sff": "C4"
  },
  {
    "docID": "N001 Yoo, Khaled et al. 2013",
    "et": "C4",
    "off": 4568,
    "sff": "C4"
  },
  {
    "docID": "N001 Yoo, Khaled et al. 2013",
    "et": "ChinaShenyangSunshinePharmaceuticalCompany",
    "off": 585,
    "sff": "China"
  },
  {
    "docID": "N001 Yoo, Khaled et al. 2013",
    "et": "CatSpecies",
    "off": 41364,
    "sff": "cat"
  },
  {
    "docID": "N001 Yoo, Khaled et al. 2013",
    "et": "CatSpecies",
    "off": 41427,
    "sff": "cat"
  },
  {
    "docID": "N001 Yoo, Khaled et al. 2013",
    "et": "CatSpecies",
    "off": 41286,
    "sff": "cat"
  },
  {
    "docID": "N001 Yoo, Khaled et al. 2013",
    "et": "CatSpecies",
    "off": 41164,
    "sff": "cat"
  },
  {
    "docID": "N001 Yoo, Khaled et al. 2013",
    "et": "CatSpecies",
    "off": 41054,
    "sff": "cat"
  },
  {
    "docID": "N001 Yoo, Khaled et al. 2013",
    "et": "CatSpecies",
    "off": 41536,
    "sff": "cat"
  },
  {
    "docID": "N001 Yoo, Khaled et al. 2013",
    "et": "InjectionDelivery",
    "off": 18170,
    "sff": "injection"
  },
  {
    "docID": "N001 Yoo, Khaled et al. 2013",
    "et": "InjectionDelivery",
    "off": 24697,
    "sff": "injection"
  },
  {
    "docID": "N001 Yoo, Khaled et al. 2013",
    "et": "InjectionDelivery",
    "off": 1463,
    "sff": "injection"
  },
  {
    "docID": "N001 Yoo, Khaled et al. 2013",
    "et": "InjectionDelivery",
    "off": 8759,
    "sff": "injection"
  },
  {
    "docID": "N001 Yoo, Khaled et al. 2013",
    "et": "InjectionDelivery",
    "off": 21047,
    "sff": "injection"
  },
  {
    "docID": "N001 Yoo, Khaled et al. 2013",
    "et": "InjectionDelivery",
    "off": 39545,
    "sff": "injection"
  },
  {
    "docID": "N001 Yoo, Khaled et al. 2013",
    "et": "InjectionDelivery",
    "off": 38076,
    "sff": "injection"
  },
  {
    "docID": "N001 Yoo, Khaled et al. 2013",
    "et": "InjectionDelivery",
    "off": 18623,
    "sff": "injection"
  },
  {
    "docID": "N001 Yoo, Khaled et al. 2013",
    "et": "InjectionDelivery",
    "off": 43827,
    "sff": "injection"
  },
  {
    "docID": "N001 Yoo, Khaled et al. 2013",
    "et": "InjectionDelivery",
    "off": 18397,
    "sff": "Injection"
  },
  {
    "docID": "N001 Yoo, Khaled et al. 2013",
    "et": "InjectionDelivery",
    "off": 22055,
    "sff": "injection"
  },
  {
    "docID": "N001 Yoo, Khaled et al. 2013",
    "et": "InjectionDelivery",
    "off": 22900,
    "sff": "injection"
  },
  {
    "docID": "N001 Yoo, Khaled et al. 2013",
    "et": "InjectionDelivery",
    "off": 20766,
    "sff": "injection"
  },
  {
    "docID": "N001 Yoo, Khaled et al. 2013",
    "et": "InjectionDelivery",
    "off": 26077,
    "sff": "injection"
  },
  {
    "docID": "N001 Yoo, Khaled et al. 2013",
    "et": "InjectionDelivery",
    "off": 40227,
    "sff": "injection"
  },
  {
    "docID": "N001 Yoo, Khaled et al. 2013",
    "et": "InjectionDelivery",
    "off": 19935,
    "sff": "injection"
  },
  {
    "docID": "N001 Yoo, Khaled et al. 2013",
    "et": "InjectionDelivery",
    "off": 25631,
    "sff": "injection"
  },
  {
    "docID": "N001 Yoo, Khaled et al. 2013",
    "et": "InjectionDelivery",
    "off": 17678,
    "sff": "injection"
  },
  {
    "docID": "N001 Yoo, Khaled et al. 2013",
    "et": "InjectionDelivery",
    "off": 18702,
    "sff": "injection"
  },
  {
    "docID": "N001 Yoo, Khaled et al. 2013",
    "et": "InjectionDelivery",
    "off": 44624,
    "sff": "injection"
  },
  {
    "docID": "N001 Yoo, Khaled et al. 2013",
    "et": "InjectionDelivery",
    "off": 55248,
    "sff": "injection"
  },
  {
    "docID": "N001 Yoo, Khaled et al. 2013",
    "et": "InjectionDelivery",
    "off": 16953,
    "sff": "Injection"
  },
  {
    "docID": "N001 Yoo, Khaled et al. 2013",
    "et": "InjectionDelivery",
    "off": 38012,
    "sff": "Injection"
  },
  {
    "docID": "N001 Yoo, Khaled et al. 2013",
    "et": "InjectionDelivery",
    "off": 1096,
    "sff": "injection"
  },
  {
    "docID": "N001 Yoo, Khaled et al. 2013",
    "et": "InjectionDelivery",
    "off": 39510,
    "sff": "injection"
  },
  {
    "docID": "N001 Yoo, Khaled et al. 2013",
    "et": "InjectionDelivery",
    "off": 8661,
    "sff": "injection"
  },
  {
    "docID": "N001 Yoo, Khaled et al. 2013",
    "et": "InjectionDelivery",
    "off": 37577,
    "sff": "injection"
  },
  {
    "docID": "N001 Yoo, Khaled et al. 2013",
    "et": "InjectionDelivery",
    "off": 6995,
    "sff": "injection"
  },
  {
    "docID": "N001 Yoo, Khaled et al. 2013",
    "et": "InjectionDelivery",
    "off": 20818,
    "sff": "injection"
  },
  {
    "docID": "N001 Yoo, Khaled et al. 2013",
    "et": "InjectionDelivery",
    "off": 34642,
    "sff": "injection"
  },
  {
    "docID": "N001 Yoo, Khaled et al. 2013",
    "et": "InjectionDelivery",
    "off": 7951,
    "sff": "injection"
  },
  {
    "docID": "N001 Yoo, Khaled et al. 2013",
    "et": "SpinalLesionSite",
    "off": 20319,
    "sff": "lesion site"
  },
  {
    "docID": "N001 Yoo, Khaled et al. 2013",
    "et": "SpinalLesionSite",
    "off": 22140,
    "sff": "lesion site"
  },
  {
    "docID": "N001 Yoo, Khaled et al. 2013",
    "et": "SpinalLesionSite",
    "off": 17826,
    "sff": "lesion site"
  },
  {
    "docID": "N001 Yoo, Khaled et al. 2013",
    "et": "SpinalLesionSite",
    "off": 32639,
    "sff": "lesion site"
  },
  {
    "docID": "N001 Yoo, Khaled et al. 2013",
    "et": "SpinalLesionSite",
    "off": 39414,
    "sff": "lesion"
  },
  {
    "docID": "N001 Yoo, Khaled et al. 2013",
    "et": "SpinalLesionSite",
    "off": 52566,
    "sff": "lesion"
  },
  {
    "docID": "N001 Yoo, Khaled et al. 2013",
    "et": "SpinalLesionSite",
    "off": 3303,
    "sff": "lesion site"
  },
  {
    "docID": "N001 Yoo, Khaled et al. 2013",
    "et": "SpinalLesionSite",
    "off": 3975,
    "sff": "lesion site"
  },
  {
    "docID": "N001 Yoo, Khaled et al. 2013",
    "et": "SpinalLesionSite",
    "off": 17607,
    "sff": "lesion site"
  },
  {
    "docID": "N001 Yoo, Khaled et al. 2013",
    "et": "SpinalLesionSite",
    "off": 40626,
    "sff": "lesion site"
  },
  {
    "docID": "N001 Yoo, Khaled et al. 2013",
    "et": "SpinalLesionSite",
    "off": 22867,
    "sff": "lesion site"
  },
  {
    "docID": "N001 Yoo, Khaled et al. 2013",
    "et": "SpinalLesionSite",
    "off": 25859,
    "sff": "lesion"
  },
  {
    "docID": "N001 Yoo, Khaled et al. 2013",
    "et": "SpinalLesionSite",
    "off": 40795,
    "sff": "lesion"
  },
  {
    "docID": "N001 Yoo, Khaled et al. 2013",
    "et": "SpinalLesionSite",
    "off": 7034,
    "sff": "lesion site"
  },
  {
    "docID": "N001 Yoo, Khaled et al. 2013",
    "et": "SpinalLesionSite",
    "off": 39484,
    "sff": "lesion"
  },
  {
    "docID": "N001 Yoo, Khaled et al. 2013",
    "et": "SpinalLesionSite",
    "off": 21368,
    "sff": "lesion site"
  },
  {
    "docID": "N001 Yoo, Khaled et al. 2013",
    "et": "Weight",
    "off": 24118,
    "sff": "9g"
  },
  {
    "docID": "N001 Yoo, Khaled et al. 2013",
    "et": "T7",
    "off": 38538,
    "sff": "T7"
  },
  {
    "docID": "N001 Yoo, Khaled et al. 2013",
    "et": "T9",
    "off": 38541,
    "sff": "T9"
  },
  {
    "docID": "N001 Yoo, Khaled et al. 2013",
    "et": "Xylazine",
    "off": 38156,
    "sff": "Xylazine"
  },
  {
    "docID": "N001 Yoo, Khaled et al. 2013",
    "et": "Xylazine",
    "off": 40253,
    "sff": "Xylazine"
  },
  {
    "docID": "N001 Yoo, Khaled et al. 2013",
    "et": "AnimalCareCondition",
    "off": 45007,
    "sff": "care"
  },
  {
    "docID": "N001 Yoo, Khaled et al. 2013",
    "et": "AnimalCareCondition",
    "off": 45061,
    "sff": "Care"
  },
  {
    "docID": "N001 Yoo, Khaled et al. 2013",
    "et": "AnimalCareCondition",
    "off": 36591,
    "sff": "Care"
  },
  {
    "docID": "N001 Yoo, Khaled et al. 2013",
    "et": "Contusion",
    "off": 52609,
    "sff": "contusion"
  },
  {
    "docID": "N001 Yoo, Khaled et al. 2013",
    "et": "Contusion",
    "off": 55574,
    "sff": "contusion"
  },
  {
    "docID": "N001 Yoo, Khaled et al. 2013",
    "et": "Contusion",
    "off": 55395,
    "sff": "contusion"
  },
  {
    "docID": "N001 Yoo, Khaled et al. 2013",
    "et": "Saline",
    "off": 37618,
    "sff": "saline"
  },
  {
    "docID": "N001 Yoo, Khaled et al. 2013",
    "et": "Saline",
    "off": 40344,
    "sff": "saline"
  },
  {
    "docID": "N001 Yoo, Khaled et al. 2013",
    "et": "Dosage",
    "off": 14448,
    "sff": "0.5 mm"
  },
  {
    "docID": "N001 Yoo, Khaled et al. 2013",
    "et": "Dosage",
    "off": 12157,
    "sff": "10 U/ ml"
  },
  {
    "docID": "N001 Yoo, Khaled et al. 2013",
    "et": "Dosage",
    "off": 42458,
    "sff": "400 mm"
  },
  {
    "docID": "N001 Yoo, Khaled et al. 2013",
    "et": "Dosage",
    "off": 37381,
    "sff": "4%"
  },
  {
    "docID": "N001 Yoo, Khaled et al. 2013",
    "et": "Dosage",
    "off": 35701,
    "sff": "20 ml"
  },
  {
    "docID": "N001 Yoo, Khaled et al. 2013",
    "et": "Dosage",
    "off": 39190,
    "sff": "5 ml"
  },
  {
    "docID": "N001 Yoo, Khaled et al. 2013",
    "et": "Dosage",
    "off": 10112,
    "sff": "10 U/ml"
  },
  {
    "docID": "N001 Yoo, Khaled et al. 2013",
    "et": "Dosage",
    "off": 39314,
    "sff": "10 units/ml"
  },
  {
    "docID": "N001 Yoo, Khaled et al. 2013",
    "et": "Dosage",
    "off": 40476,
    "sff": "20%"
  },
  {
    "docID": "N001 Yoo, Khaled et al. 2013",
    "et": "Dosage",
    "off": 12748,
    "sff": "0.4 mm"
  },
  {
    "docID": "N001 Yoo, Khaled et al. 2013",
    "et": "Dosage",
    "off": 13965,
    "sff": "1 mm"
  },
  {
    "docID": "N001 Yoo, Khaled et al. 2013",
    "et": "Dosage",
    "off": 38219,
    "sff": "0.1 ml"
  },
  {
    "docID": "N001 Yoo, Khaled et al. 2013",
    "et": "Dosage",
    "off": 10692,
    "sff": "0.4 mm"
  },
  {
    "docID": "N001 Yoo, Khaled et al. 2013",
    "et": "Dosage",
    "off": 8049,
    "sff": "10 U/ml"
  },
  {
    "docID": "N001 Yoo, Khaled et al. 2013",
    "et": "Dosage",
    "off": 9401,
    "sff": "0.4 mm"
  },
  {
    "docID": "N001 Yoo, Khaled et al. 2013",
    "et": "Dosage",
    "off": 36205,
    "sff": "20 mM"
  },
  {
    "docID": "N001 Yoo, Khaled et al. 2013",
    "et": "Dosage",
    "off": 38229,
    "sff": "0.125%"
  },
  {
    "docID": "N001 Yoo, Khaled et al. 2013",
    "et": "Dosage",
    "off": 14377,
    "sff": "10 U/ml"
  },
  {
    "docID": "N001 Yoo, Khaled et al. 2013",
    "et": "Dosage",
    "off": 38099,
    "sff": "160 mg/kg"
  },
  {
    "docID": "N001 Yoo, Khaled et al. 2013",
    "et": "Dosage",
    "off": 10183,
    "sff": "0.5 mm"
  },
  {
    "docID": "N001 Yoo, Khaled et al. 2013",
    "et": "Dosage",
    "off": 36177,
    "sff": "150 mM"
  },
  {
    "docID": "N001 Yoo, Khaled et al. 2013",
    "et": "Dosage",
    "off": 8870,
    "sff": "10 U/ml"
  },
  {
    "docID": "N001 Yoo, Khaled et al. 2013",
    "et": "Dosage",
    "off": 35256,
    "sff": "34 U/mg"
  },
  {
    "docID": "N001 Yoo, Khaled et al. 2013",
    "et": "Dosage",
    "off": 16164,
    "sff": "1 mm"
  },
  {
    "docID": "N001 Yoo, Khaled et al. 2013",
    "et": "Dosage",
    "off": 43189,
    "sff": "0.4 mm"
  },
  {
    "docID": "N001 Yoo, Khaled et al. 2013",
    "et": "Dosage",
    "off": 43934,
    "sff": "10 U/ml"
  },
  {
    "docID": "N001 Yoo, Khaled et al. 2013",
    "et": "Dosage",
    "off": 8925,
    "sff": "0.5 mm"
  },
  {
    "docID": "N001 Yoo, Khaled et al. 2013",
    "et": "Dosage",
    "off": 35623,
    "sff": "40 mM"
  },
  {
    "docID": "N001 Yoo, Khaled et al. 2013",
    "et": "Dosage",
    "off": 17623,
    "sff": "0.5 mm"
  },
  {
    "docID": "N001 Yoo, Khaled et al. 2013",
    "et": "Dosage",
    "off": 8854,
    "sff": "10 U/ml"
  },
  {
    "docID": "N001 Yoo, Khaled et al. 2013",
    "et": "Dosage",
    "off": 40900,
    "sff": "10%"
  },
  {
    "docID": "N001 Yoo, Khaled et al. 2013",
    "et": "Dosage",
    "off": 43988,
    "sff": "0.5 mm"
  },
  {
    "docID": "N001 Yoo, Khaled et al. 2013",
    "et": "Dosage",
    "off": 35635,
    "sff": "40 mM"
  },
  {
    "docID": "N001 Yoo, Khaled et al. 2013",
    "et": "Dosage",
    "off": 10128,
    "sff": "10 U/ml"
  },
  {
    "docID": "N001 Yoo, Khaled et al. 2013",
    "et": "Dosage",
    "off": 35856,
    "sff": "4 mg/ml"
  },
  {
    "docID": "N001 Yoo, Khaled et al. 2013",
    "et": "Dosage",
    "off": 39402,
    "sff": "1 µl"
  },
  {
    "docID": "N001 Yoo, Khaled et al. 2013",
    "et": "Dosage",
    "off": 15563,
    "sff": "10 U/ml"
  },
  {
    "docID": "N001 Yoo, Khaled et al. 2013",
    "et": "Dosage",
    "off": 39432,
    "sff": "1 ml"
  },
  {
    "docID": "N001 Yoo, Khaled et al. 2013",
    "et": "Dosage",
    "off": 8102,
    "sff": "0.5 mm"
  },
  {
    "docID": "N001 Yoo, Khaled et al. 2013",
    "et": "Dosage",
    "off": 13220,
    "sff": "0.5 mm"
  },
  {
    "docID": "N001 Yoo, Khaled et al. 2013",
    "et": "Dosage",
    "off": 11425,
    "sff": "0.5 mm"
  },
  {
    "docID": "N001 Yoo, Khaled et al. 2013",
    "et": "Dosage",
    "off": 17797,
    "sff": "400 mm"
  },
  {
    "docID": "N001 Yoo, Khaled et al. 2013",
    "et": "Dosage",
    "off": 17210,
    "sff": "90%"
  },
  {
    "docID": "N001 Yoo, Khaled et al. 2013",
    "et": "Dosage",
    "off": 43211,
    "sff": "1 mm"
  },
  {
    "docID": "N001 Yoo, Khaled et al. 2013",
    "et": "Dosage",
    "off": 14393,
    "sff": "10 U/ml"
  },
  {
    "docID": "N001 Yoo, Khaled et al. 2013",
    "et": "Dosage",
    "off": 24118,
    "sff": "9g"
  },
  {
    "docID": "N001 Yoo, Khaled et al. 2013",
    "et": "Dosage",
    "off": 38166,
    "sff": "24 mg/kg"
  },
  {
    "docID": "N001 Yoo, Khaled et al. 2013",
    "et": "Dosage",
    "off": 16386,
    "sff": "0.4 mm"
  },
  {
    "docID": "N001 Yoo, Khaled et al. 2013",
    "et": "Dosage",
    "off": 12213,
    "sff": "0.5 mm"
  },
  {
    "docID": "N001 Yoo, Khaled et al. 2013",
    "et": "Dosage",
    "off": 12141,
    "sff": "10 U/ml"
  },
  {
    "docID": "N001 Yoo, Khaled et al. 2013",
    "et": "Dosage",
    "off": 13165,
    "sff": "10 U/ml"
  },
  {
    "docID": "N001 Yoo, Khaled et al. 2013",
    "et": "Dosage",
    "off": 11370,
    "sff": "10 U/ml"
  },
  {
    "docID": "N001 Yoo, Khaled et al. 2013",
    "et": "Dosage",
    "off": 35744,
    "sff": "100 µl"
  },
  {
    "docID": "N001 Yoo, Khaled et al. 2013",
    "et": "Dosage",
    "off": 36217,
    "sff": "150 mM"
  },
  {
    "docID": "N001 Yoo, Khaled et al. 2013",
    "et": "Dosage",
    "off": 15088,
    "sff": "1 mm"
  },
  {
    "docID": "N001 Yoo, Khaled et al. 2013",
    "et": "Dosage",
    "off": 13149,
    "sff": "10 U/ml"
  },
  {
    "docID": "N001 Yoo, Khaled et al. 2013",
    "et": "Dosage",
    "off": 15579,
    "sff": "10 U/ml"
  },
  {
    "docID": "N001 Yoo, Khaled et al. 2013",
    "et": "Dosage",
    "off": 11354,
    "sff": "10 U/ml"
  },
  {
    "docID": "N001 Yoo, Khaled et al. 2013",
    "et": "Dosage",
    "off": 39451,
    "sff": "0.5 mm"
  },
  {
    "docID": "N001 Yoo, Khaled et al. 2013",
    "et": "Dosage",
    "off": 35294,
    "sff": "0.35 mg/ml"
  },
  {
    "docID": "N001 Yoo, Khaled et al. 2013",
    "et": "Dosage",
    "off": 36166,
    "sff": "20 mM"
  },
  {
    "docID": "N001 Yoo, Khaled et al. 2013",
    "et": "Dosage",
    "off": 40302,
    "sff": "4%"
  },
  {
    "docID": "N001 Yoo, Khaled et al. 2013",
    "et": "Dosage",
    "off": 35660,
    "sff": "0.01%"
  },
  {
    "docID": "N001 Yoo, Khaled et al. 2013",
    "et": "Dosage",
    "off": 15634,
    "sff": "0.5 mm"
  },
  {
    "docID": "N001 Yoo, Khaled et al. 2013",
    "et": "Vehicle",
    "off": 22282,
    "sff": "vehicle"
  },
  {
    "docID": "N001 Yoo, Khaled et al. 2013",
    "et": "Vehicle",
    "off": 33572,
    "sff": "vehicle"
  },
  {
    "docID": "N001 Yoo, Khaled et al. 2013",
    "et": "Vehicle",
    "off": 23062,
    "sff": "vehicle"
  },
  {
    "docID": "N001 Yoo, Khaled et al. 2013",
    "et": "Vehicle",
    "off": 37718,
    "sff": "vehicle"
  },
  {
    "docID": "N001 Yoo, Khaled et al. 2013",
    "et": "Vehicle",
    "off": 18080,
    "sff": "vehicle"
  },
  {
    "docID": "N001 Yoo, Khaled et al. 2013",
    "et": "Vehicle",
    "off": 20464,
    "sff": "vehicle"
  },
  {
    "docID": "N001 Yoo, Khaled et al. 2013",
    "et": "Vehicle",
    "off": 37857,
    "sff": "vehicle"
  },
  {
    "docID": "N001 Yoo, Khaled et al. 2013",
    "et": "Vehicle",
    "off": 20539,
    "sff": "vehicle"
  },
  {
    "docID": "N001 Yoo, Khaled et al. 2013",
    "et": "Vehicle",
    "off": 19005,
    "sff": "vehicle"
  },
  {
    "docID": "N001 Yoo, Khaled et al. 2013",
    "et": "Intrathecal",
    "off": 54188,
    "sff": "Intrathecal"
  },
  {
    "docID": "N001 Yoo, Khaled et al. 2013",
    "et": "BladderExpression",
    "off": 37273,
    "sff": "bladder"
  },
  {
    "docID": "N001 Yoo, Khaled et al. 2013",
    "et": "BladderExpression",
    "off": 55547,
    "sff": "bladder"
  },
  {
    "docID": "N001 Yoo, Khaled et al. 2013",
    "et": "BladderExpression",
    "off": 37201,
    "sff": "bladders"
  },
  {
    "docID": "N001 Yoo, Khaled et al. 2013",
    "et": "PBS",
    "off": 40360,
    "sff": "PBS"
  },
  {
    "docID": "N001 Yoo, Khaled et al. 2013",
    "et": "PBS",
    "off": 41960,
    "sff": "PBS"
  },
  {
    "docID": "N001 Yoo, Khaled et al. 2013",
    "et": "PBS",
    "off": 41743,
    "sff": "PBS"
  },
  {
    "docID": "N001 Yoo, Khaled et al. 2013",
    "et": "PBS",
    "off": 40398,
    "sff": "PBS"
  },
  {
    "docID": "N001 Yoo, Khaled et al. 2013",
    "et": "PBS",
    "off": 42059,
    "sff": "PBS"
  },
  {
    "docID": "N001 Yoo, Khaled et al. 2013",
    "et": "StemCell",
    "off": 5476,
    "sff": "stem"
  },
  {
    "docID": "N001 Yoo, Khaled et al. 2013",
    "et": "StemCell",
    "off": 51920,
    "sff": "stem"
  },
  {
    "docID": "N001 Yoo, Khaled et al. 2013",
    "et": "Duration",
    "off": 22034,
    "sff": "9 weeks"
  },
  {
    "docID": "N001 Yoo, Khaled et al. 2013",
    "et": "Duration",
    "off": 4572,
    "sff": "6S"
  },
  {
    "docID": "N001 Yoo, Khaled et al. 2013",
    "et": "Duration",
    "off": 21515,
    "sff": "6 and 9 weeks"
  },
  {
    "docID": "N001 Yoo, Khaled et al. 2013",
    "et": "Duration",
    "off": 3816,
    "sff": "6S"
  },
  {
    "docID": "N001 Yoo, Khaled et al. 2013",
    "et": "Duration",
    "off": 13079,
    "sff": "9 weeks"
  },
  {
    "docID": "N001 Yoo, Khaled et al. 2013",
    "et": "Duration",
    "off": 26166,
    "sff": "4 weeks"
  },
  {
    "docID": "N001 Yoo, Khaled et al. 2013",
    "et": "Duration",
    "off": 12316,
    "sff": "9 weeks"
  },
  {
    "docID": "N001 Yoo, Khaled et al. 2013",
    "et": "Duration",
    "off": 41904,
    "sff": "2 h"
  },
  {
    "docID": "N001 Yoo, Khaled et al. 2013",
    "et": "Duration",
    "off": 8738,
    "sff": "9 weeks"
  },
  {
    "docID": "N001 Yoo, Khaled et al. 2013",
    "et": "Duration",
    "off": 44047,
    "sff": "5 days"
  },
  {
    "docID": "N001 Yoo, Khaled et al. 2013",
    "et": "Duration",
    "off": 32805,
    "sff": "9 weeks"
  },
  {
    "docID": "N001 Yoo, Khaled et al. 2013",
    "et": "Duration",
    "off": 17158,
    "sff": "5 days"
  },
  {
    "docID": "N001 Yoo, Khaled et al. 2013",
    "et": "Duration",
    "off": 18473,
    "sff": "9 weeks"
  },
  {
    "docID": "N001 Yoo, Khaled et al. 2013",
    "et": "Duration",
    "off": 33836,
    "sff": "9 weeks"
  },
  {
    "docID": "N001 Yoo, Khaled et al. 2013",
    "et": "Duration",
    "off": 54606,
    "sff": "48 weeks"
  },
  {
    "docID": "N001 Yoo, Khaled et al. 2013",
    "et": "Duration",
    "off": 1449,
    "sff": "6 weeks"
  },
  {
    "docID": "N001 Yoo, Khaled et al. 2013",
    "et": "Duration",
    "off": 17237,
    "sff": "24 hours"
  },
  {
    "docID": "N001 Yoo, Khaled et al. 2013",
    "et": "Duration",
    "off": 40919,
    "sff": "2 h"
  },
  {
    "docID": "N001 Yoo, Khaled et al. 2013",
    "et": "Duration",
    "off": 12085,
    "sff": "9 weeks"
  },
  {
    "docID": "N001 Yoo, Khaled et al. 2013",
    "et": "Duration",
    "off": 25527,
    "sff": "9 weeks"
  },
  {
    "docID": "N001 Yoo, Khaled et al. 2013",
    "et": "Duration",
    "off": 17351,
    "sff": "24 hours"
  },
  {
    "docID": "N001 Yoo, Khaled et al. 2013",
    "et": "Duration",
    "off": 35982,
    "sff": "25 min"
  },
  {
    "docID": "N001 Yoo, Khaled et al. 2013",
    "et": "Duration",
    "off": 37932,
    "sff": "6 weeks"
  },
  {
    "docID": "N001 Yoo, Khaled et al. 2013",
    "et": "Duration",
    "off": 38984,
    "sff": "1 second"
  },
  {
    "docID": "N001 Yoo, Khaled et al. 2013",
    "et": "Duration",
    "off": 14533,
    "sff": "9 weeks"
  },
  {
    "docID": "N001 Yoo, Khaled et al. 2013",
    "et": "Duration",
    "off": 19989,
    "sff": "6 weeks"
  },
  {
    "docID": "N001 Yoo, Khaled et al. 2013",
    "et": "Duration",
    "off": 37961,
    "sff": "9 weeks"
  },
  {
    "docID": "N001 Yoo, Khaled et al. 2013",
    "et": "Duration",
    "off": 39816,
    "sff": "5 min"
  },
  {
    "docID": "N001 Yoo, Khaled et al. 2013",
    "et": "Duration",
    "off": 1232,
    "sff": "9 weeks"
  },
  {
    "docID": "N001 Yoo, Khaled et al. 2013",
    "et": "Duration",
    "off": 20420,
    "sff": "6 and 9 weeks"
  },
  {
    "docID": "N001 Yoo, Khaled et al. 2013",
    "et": "Duration",
    "off": 20745,
    "sff": "6 weeks"
  },
  {
    "docID": "N001 Yoo, Khaled et al. 2013",
    "et": "Duration",
    "off": 8161,
    "sff": "5 days"
  },
  {
    "docID": "N001 Yoo, Khaled et al. 2013",
    "et": "Duration",
    "off": 25933,
    "sff": "7 weeks"
  },
  {
    "docID": "N001 Yoo, Khaled et al. 2013",
    "et": "Duration",
    "off": 38932,
    "sff": "0.5 seconds"
  },
  {
    "docID": "N001 Yoo, Khaled et al. 2013",
    "et": "Duration",
    "off": 19303,
    "sff": "3d"
  },
  {
    "docID": "N001 Yoo, Khaled et al. 2013",
    "et": "Duration",
    "off": 26550,
    "sff": "3 weeks"
  },
  {
    "docID": "N001 Yoo, Khaled et al. 2013",
    "et": "Duration",
    "off": 31820,
    "sff": "6 and 9 weeks"
  },
  {
    "docID": "N001 Yoo, Khaled et al. 2013",
    "et": "Duration",
    "off": 42037,
    "sff": "10 min"
  },
  {
    "docID": "N001 Yoo, Khaled et al. 2013",
    "et": "Duration",
    "off": 22879,
    "sff": "9 weeks"
  },
  {
    "docID": "N001 Yoo, Khaled et al. 2013",
    "et": "Duration",
    "off": 24802,
    "sff": "9 weeks"
  },
  {
    "docID": "N001 Yoo, Khaled et al. 2013",
    "et": "Duration",
    "off": 27412,
    "sff": "6S"
  },
  {
    "docID": "N001 Yoo, Khaled et al. 2013",
    "et": "Duration",
    "off": 15713,
    "sff": "9 weeks"
  },
  {
    "docID": "N001 Yoo, Khaled et al. 2013",
    "et": "Duration",
    "off": 20797,
    "sff": "7 weeks"
  },
  {
    "docID": "N001 Yoo, Khaled et al. 2013",
    "et": "Duration",
    "off": 14307,
    "sff": "9 weeks"
  },
  {
    "docID": "N001 Yoo, Khaled et al. 2013",
    "et": "Duration",
    "off": 4755,
    "sff": "6S"
  },
  {
    "docID": "N001 Yoo, Khaled et al. 2013",
    "et": "Duration",
    "off": 44653,
    "sff": "9 weeks"
  },
  {
    "docID": "N001 Yoo, Khaled et al. 2013",
    "et": "Duration",
    "off": 19689,
    "sff": "6 and 9 weeks"
  },
  {
    "docID": "N001 Yoo, Khaled et al. 2013",
    "et": "Duration",
    "off": 13305,
    "sff": "9 weeks"
  },
  {
    "docID": "N001 Yoo, Khaled et al. 2013",
    "et": "Duration",
    "off": 17276,
    "sff": "3 days"
  },
  {
    "docID": "N001 Yoo, Khaled et al. 2013",
    "et": "Duration",
    "off": 26348,
    "sff": "6 weeks"
  },
  {
    "docID": "N001 Yoo, Khaled et al. 2013",
    "et": "Duration",
    "off": 39532,
    "sff": "7 min"
  },
  {
    "docID": "N001 Yoo, Khaled et al. 2013",
    "et": "Duration",
    "off": 10241,
    "sff": "9 weeks"
  },
  {
    "docID": "N001 Yoo, Khaled et al. 2013",
    "et": "Duration",
    "off": 15491,
    "sff": "9 weeks"
  },
  {
    "docID": "N001 Yoo, Khaled et al. 2013",
    "et": "Duration",
    "off": 7543,
    "sff": "125 hours"
  },
  {
    "docID": "N001 Yoo, Khaled et al. 2013",
    "et": "Duration",
    "off": 9976,
    "sff": "6 and 9 weeks"
  },
  {
    "docID": "N001 Yoo, Khaled et al. 2013",
    "et": "Duration",
    "off": 8971,
    "sff": "9 weeks"
  },
  {
    "docID": "N001 Yoo, Khaled et al. 2013",
    "et": "LesionAdjacentTissue",
    "off": 17826,
    "sff": "lesion"
  },
  {
    "docID": "N001 Yoo, Khaled et al. 2013",
    "et": "LesionAdjacentTissue",
    "off": 25859,
    "sff": "lesion"
  },
  {
    "docID": "N001 Yoo, Khaled et al. 2013",
    "et": "LesionAdjacentTissue",
    "off": 3303,
    "sff": "lesion"
  },
  {
    "docID": "N001 Yoo, Khaled et al. 2013",
    "et": "LesionAdjacentTissue",
    "off": 3975,
    "sff": "lesion"
  },
  {
    "docID": "N001 Yoo, Khaled et al. 2013",
    "et": "LesionAdjacentTissue",
    "off": 17607,
    "sff": "lesion"
  },
  {
    "docID": "N001 Yoo, Khaled et al. 2013",
    "et": "LesionAdjacentTissue",
    "off": 22140,
    "sff": "lesion"
  },
  {
    "docID": "N001 Yoo, Khaled et al. 2013",
    "et": "LesionAdjacentTissue",
    "off": 39484,
    "sff": "lesion"
  },
  {
    "docID": "N001 Yoo, Khaled et al. 2013",
    "et": "LesionAdjacentTissue",
    "off": 7034,
    "sff": "lesion"
  },
  {
    "docID": "N001 Yoo, Khaled et al. 2013",
    "et": "LesionAdjacentTissue",
    "off": 40795,
    "sff": "lesion"
  },
  {
    "docID": "N001 Yoo, Khaled et al. 2013",
    "et": "LesionAdjacentTissue",
    "off": 20319,
    "sff": "lesion"
  },
  {
    "docID": "N001 Yoo, Khaled et al. 2013",
    "et": "LesionAdjacentTissue",
    "off": 32639,
    "sff": "lesion"
  },
  {
    "docID": "N001 Yoo, Khaled et al. 2013",
    "et": "LesionAdjacentTissue",
    "off": 22867,
    "sff": "lesion"
  },
  {
    "docID": "N001 Yoo, Khaled et al. 2013",
    "et": "LesionAdjacentTissue",
    "off": 40626,
    "sff": "lesion"
  },
  {
    "docID": "N001 Yoo, Khaled et al. 2013",
    "et": "LesionAdjacentTissue",
    "off": 21368,
    "sff": "lesion"
  },
  {
    "docID": "N001 Yoo, Khaled et al. 2013",
    "et": "LesionAdjacentTissue",
    "off": 39414,
    "sff": "lesion"
  },
  {
    "docID": "N001 Yoo, Khaled et al. 2013",
    "et": "LesionAdjacentTissue",
    "off": 52566,
    "sff": "lesion"
  },
  {
    "docID": "N001 Yoo, Khaled et al. 2013",
    "et": "SevereInjury",
    "off": 1482,
    "sff": "severe"
  },
  {
    "docID": "N001 Yoo, Khaled et al. 2013",
    "et": "SevereInjury",
    "off": 24810,
    "sff": "severe"
  },
  {
    "docID": "N001 Yoo, Khaled et al. 2013",
    "et": "SevereInjury",
    "off": 10062,
    "sff": "severe"
  },
  {
    "docID": "N001 Yoo, Khaled et al. 2013",
    "et": "SevereInjury",
    "off": 12271,
    "sff": "severe"
  },
  {
    "docID": "N001 Yoo, Khaled et al. 2013",
    "et": "SevereInjury",
    "off": 11313,
    "sff": "severe"
  },
  {
    "docID": "N001 Yoo, Khaled et al. 2013",
    "et": "SevereInjury",
    "off": 26194,
    "sff": "severe"
  },
  {
    "docID": "N001 Yoo, Khaled et al. 2013",
    "et": "SevereInjury",
    "off": 31858,
    "sff": "severe"
  },
  {
    "docID": "N001 Yoo, Khaled et al. 2013",
    "et": "SevereInjury",
    "off": 32819,
    "sff": "severe"
  },
  {
    "docID": "N001 Yoo, Khaled et al. 2013",
    "et": "SevereInjury",
    "off": 11607,
    "sff": "severe"
  },
  {
    "docID": "N001 Yoo, Khaled et al. 2013",
    "et": "SevereInjury",
    "off": 13272,
    "sff": "severe"
  },
  {
    "docID": "N001 Yoo, Khaled et al. 2013",
    "et": "SevereInjury",
    "off": 39001,
    "sff": "severe"
  },
  {
    "docID": "N001 Yoo, Khaled et al. 2013",
    "et": "SevereInjury",
    "off": 20159,
    "sff": "severe"
  },
  {
    "docID": "N001 Yoo, Khaled et al. 2013",
    "et": "SevereInjury",
    "off": 8772,
    "sff": "severe"
  },
  {
    "docID": "N001 Yoo, Khaled et al. 2013",
    "et": "SevereInjury",
    "off": 14500,
    "sff": "severe"
  },
  {
    "docID": "N001 Yoo, Khaled et al. 2013",
    "et": "SevereInjury",
    "off": 26564,
    "sff": "severe"
  },
  {
    "docID": "N001 Yoo, Khaled et al. 2013",
    "et": "SevereInjury",
    "off": 15687,
    "sff": "severe"
  },
  {
    "docID": "N001 Yoo, Khaled et al. 2013",
    "et": "SevereInjury",
    "off": 25960,
    "sff": "severe"
  },
  {
    "docID": "N001 Yoo, Khaled et al. 2013",
    "et": "CentralNervousSystem",
    "off": 2308,
    "sff": "central nervous"
  },
  {
    "docID": "N001 Yoo, Khaled et al. 2013",
    "et": "CentralNervousSystem",
    "off": 2757,
    "sff": "central nervous"
  },
  {
    "docID": "N001 Yoo, Khaled et al. 2013",
    "et": "CentralNervousSystem",
    "off": 2308,
    "sff": "central nervous system"
  },
  {
    "docID": "N001 Yoo, Khaled et al. 2013",
    "et": "CentralNervousSystem",
    "off": 2757,
    "sff": "central nervous system"
  },
  {
    "docID": "N001 Yoo, Khaled et al. 2013",
    "et": "CentralNervousSystem",
    "off": 2886,
    "sff": "nervous"
  },
  {
    "docID": "N001 Yoo, Khaled et al. 2013",
    "et": "CentralNervousSystem",
    "off": 2886,
    "sff": "nervous system"
  },
  {
    "docID": "N001 Yoo, Khaled et al. 2013",
    "et": "CentralNervousSystem",
    "off": 7381,
    "sff": "central nervous"
  },
  {
    "docID": "N001 Yoo, Khaled et al. 2013",
    "et": "CentralNervousSystem",
    "off": 30189,
    "sff": "central nervous system"
  },
  {
    "docID": "N001 Yoo, Khaled et al. 2013",
    "et": "CentralNervousSystem",
    "off": 48592,
    "sff": "central nervous"
  },
  {
    "docID": "N001 Yoo, Khaled et al. 2013",
    "et": "CentralNervousSystem",
    "off": 60271,
    "sff": "central nervous"
  },
  {
    "docID": "N001 Yoo, Khaled et al. 2013",
    "et": "CentralNervousSystem",
    "off": 7381,
    "sff": "central nervous system"
  },
  {
    "docID": "N001 Yoo, Khaled et al. 2013",
    "et": "CentralNervousSystem",
    "off": 30189,
    "sff": "central nervous"
  },
  {
    "docID": "N001 Yoo, Khaled et al. 2013",
    "et": "CentralNervousSystem",
    "off": 48592,
    "sff": "central nervous system"
  },
  {
    "docID": "N001 Yoo, Khaled et al. 2013",
    "et": "CentralNervousSystem",
    "off": 60271,
    "sff": "central nervous system"
  },
  {
    "docID": "N001 Yoo, Khaled et al. 2013",
    "et": "CentralNervousSystem",
    "off": 31593,
    "sff": "central nervous"
  },
  {
    "docID": "N001 Yoo, Khaled et al. 2013",
    "et": "ModerateInjury",
    "off": 7967,
    "sff": "moderate"
  },
  {
    "docID": "N001 Yoo, Khaled et al. 2013",
    "et": "ModerateInjury",
    "off": 11296,
    "sff": "moderate"
  },
  {
    "docID": "N001 Yoo, Khaled et al. 2013",
    "et": "ModerateInjury",
    "off": 10043,
    "sff": "moderate"
  },
  {
    "docID": "N001 Yoo, Khaled et al. 2013",
    "et": "ModerateInjury",
    "off": 25947,
    "sff": "moderate"
  },
  {
    "docID": "N001 Yoo, Khaled et al. 2013",
    "et": "ModerateInjury",
    "off": 20028,
    "sff": "moderate"
  },
  {
    "docID": "N001 Yoo, Khaled et al. 2013",
    "et": "ModerateInjury",
    "off": 26044,
    "sff": "moderate"
  },
  {
    "docID": "N001 Yoo, Khaled et al. 2013",
    "et": "ModerateInjury",
    "off": 17544,
    "sff": "moderate"
  },
  {
    "docID": "N001 Yoo, Khaled et al. 2013",
    "et": "ModerateInjury",
    "off": 38952,
    "sff": "moderate"
  },
  {
    "docID": "N001 Yoo, Khaled et al. 2013",
    "et": "ModerateInjury",
    "off": 12258,
    "sff": "moderate"
  },
  {
    "docID": "N001 Yoo, Khaled et al. 2013",
    "et": "ModerateInjury",
    "off": 31845,
    "sff": "moderate"
  },
  {
    "docID": "N001 Yoo, Khaled et al. 2013",
    "et": "ModerateInjury",
    "off": 1262,
    "sff": "moderate"
  },
  {
    "docID": "N001 Yoo, Khaled et al. 2013",
    "et": "ModerateInjury",
    "off": 11594,
    "sff": "moderate"
  },
  {
    "docID": "N001 Yoo, Khaled et al. 2013",
    "et": "ModerateInjury",
    "off": 43851,
    "sff": "moderate"
  },
  {
    "docID": "N001 Yoo, Khaled et al. 2013",
    "et": "ModerateInjury",
    "off": 37529,
    "sff": "moderate"
  },
  {
    "docID": "N001 Yoo, Khaled et al. 2013",
    "et": "ModerateInjury",
    "off": 24789,
    "sff": "moderate"
  },
  {
    "docID": "N001 Yoo, Khaled et al. 2013",
    "et": "Matrix",
    "off": 30993,
    "sff": "matrix"
  },
  {
    "docID": "N001 Yoo, Khaled et al. 2013",
    "et": "Matrix",
    "off": 50609,
    "sff": "matrix"
  },
  {
    "docID": "N001 Yoo, Khaled et al. 2013",
    "et": "Matrix",
    "off": 2835,
    "sff": "matrix"
  },
  {
    "docID": "N001 Yoo, Khaled et al. 2013",
    "et": "Matrix",
    "off": 6950,
    "sff": "matrix"
  },
  {
    "docID": "N001 Yoo, Khaled et al. 2013",
    "et": "NuclearTransfection",
    "off": 8549,
    "sff": "nuclear"
  },
  {
    "docID": "N001 Yoo, Khaled et al. 2013",
    "et": "NuclearTransfection",
    "off": 16653,
    "sff": "nuclear"
  },
  {
    "docID": "N001 Yoo, Khaled et al. 2013",
    "et": "SpinalCentralPart",
    "off": 2308,
    "sff": "central"
  },
  {
    "docID": "N001 Yoo, Khaled et al. 2013",
    "et": "SpinalCentralPart",
    "off": 2757,
    "sff": "central"
  },
  {
    "docID": "N001 Yoo, Khaled et al. 2013",
    "et": "SpinalCentralPart",
    "off": 7381,
    "sff": "central"
  },
  {
    "docID": "N001 Yoo, Khaled et al. 2013",
    "et": "SpinalCentralPart",
    "off": 31593,
    "sff": "central"
  },
  {
    "docID": "N001 Yoo, Khaled et al. 2013",
    "et": "SpinalCentralPart",
    "off": 48592,
    "sff": "central"
  },
  {
    "docID": "N001 Yoo, Khaled et al. 2013",
    "et": "SpinalCentralPart",
    "off": 60271,
    "sff": "central"
  },
  {
    "docID": "N001 Yoo, Khaled et al. 2013",
    "et": "SpinalCentralPart",
    "off": 30189,
    "sff": "central"
  },
  {
    "docID": "N001 Yoo, Khaled et al. 2013",
    "et": "InjuryArea",
    "off": 15055,
    "sff": "area"
  },
  {
    "docID": "N001 Yoo, Khaled et al. 2013",
    "et": "InjuryArea",
    "off": 9393,
    "sff": "area"
  },
  {
    "docID": "N001 Yoo, Khaled et al. 2013",
    "et": "InjuryArea",
    "off": 23152,
    "sff": "area"
  },
  {
    "docID": "N001 Yoo, Khaled et al. 2013",
    "et": "InjuryArea",
    "off": 10684,
    "sff": "area"
  },
  {
    "docID": "N001 Yoo, Khaled et al. 2013",
    "et": "InjuryArea",
    "off": 13932,
    "sff": "area"
  },
  {
    "docID": "N001 Yoo, Khaled et al. 2013",
    "et": "InjuryArea",
    "off": 43175,
    "sff": "area"
  },
  {
    "docID": "N001 Yoo, Khaled et al. 2013",
    "et": "InjuryArea",
    "off": 16131,
    "sff": "area"
  },
  {
    "docID": "N001 Yoo, Khaled et al. 2013",
    "et": "InjuryArea",
    "off": 25314,
    "sff": "area"
  },
  {
    "docID": "N001 Yoo, Khaled et al. 2013",
    "et": "InjuryArea",
    "off": 12740,
    "sff": "area"
  },
  {
    "docID": "N001 Yoo, Khaled et al. 2013",
    "et": "Forceps",
    "off": 38704,
    "sff": "forceps"
  },
  {
    "docID": "N001 Yoo, Khaled et al. 2013",
    "et": "Forceps",
    "off": 38481,
    "sff": "Forceps"
  },
  {
    "docID": "N001 Yoo, Khaled et al. 2013",
    "et": "GuineaPigSpecies",
    "off": 57084,
    "sff": "pig"
  },
  {
    "docID": "N001 Yoo, Khaled et al. 2013",
    "et": "MedicationDuringSurgery",
    "off": 28883,
    "sff": "during"
  },
  {
    "docID": "N001 Yoo, Khaled et al. 2013",
    "et": "MedicationDuringSurgery",
    "off": 50849,
    "sff": "during"
  },
  {
    "docID": "N001 Yoo, Khaled et al. 2013",
    "et": "MedicationDuringSurgery",
    "off": 2879,
    "sff": "during"
  },
  {
    "docID": "N001 Yoo, Khaled et al. 2013",
    "et": "MedicationDuringSurgery",
    "off": 46762,
    "sff": "during"
  },
  {
    "docID": "N001 Yoo, Khaled et al. 2013",
    "et": "MedicationDuringSurgery",
    "off": 54503,
    "sff": "during"
  },
  {
    "docID": "N001 Yoo, Khaled et al. 2013",
    "et": "Ketamine",
    "off": 38089,
    "sff": "Ketamine"
  },
  {
    "docID": "N001 Yoo, Khaled et al. 2013",
    "et": "Ketamine",
    "off": 40240,
    "sff": "Ketamine"
  },
  {
    "docID": "N001 Yoo, Khaled et al. 2013",
    "et": "Brain",
    "off": 50623,
    "sff": "brain"
  },
  {
    "docID": "N001 Yoo, Khaled et al. 2013",
    "et": "Brain",
    "off": 57088,
    "sff": "brain"
  },
  {
    "docID": "N001 Yoo, Khaled et al. 2013",
    "et": "Brain",
    "off": 52353,
    "sff": "brain"
  },
  {
    "docID": "N001 Yoo, Khaled et al. 2013",
    "et": "Brain",
    "off": 31634,
    "sff": "brain"
  },
  {
    "docID": "N001 Yoo, Khaled et al. 2013",
    "et": "Brain",
    "off": 51461,
    "sff": "Brain"
  },
  {
    "docID": "N001 Yoo, Khaled et al. 2013",
    "et": "Brain",
    "off": 27223,
    "sff": "brain"
  },
  {
    "docID": "N001 Yoo, Khaled et al. 2013",
    "et": "Brain",
    "off": 48623,
    "sff": "Brain"
  },
  {
    "docID": "N001 Yoo, Khaled et al. 2013",
    "et": "Brain",
    "off": 58463,
    "sff": "Brain"
  },
  {
    "docID": "N001 Yoo, Khaled et al. 2013",
    "et": "Brain",
    "off": 47427,
    "sff": "brain"
  },
  {
    "docID": "N001 Yoo, Khaled et al. 2013",
    "et": "Brain",
    "off": 30485,
    "sff": "brain"
  },
  {
    "docID": "N001 Yoo, Khaled et al. 2013",
    "et": "Brain",
    "off": 49381,
    "sff": "brain"
  },
  {
    "docID": "N001 Yoo, Khaled et al. 2013",
    "et": "Laminectomy",
    "off": 38469,
    "sff": "Laminectomy"
  },
  {
    "docID": "N001 Yoo, Khaled et al. 2013",
    "et": "Laminectomy",
    "off": 36788,
    "sff": "laminectomy"
  },
  {
    "docID": "N001 Yoo, Khaled et al. 2013",
    "et": "Laminectomy",
    "off": 38432,
    "sff": "Laminectomy"
  },
  {
    "docID": "N001 Yoo, Khaled et al. 2013",
    "et": "MacrophageCell",
    "off": 33147,
    "sff": "Macrophage"
  },
  {
    "docID": "N001 Yoo, Khaled et al. 2013",
    "et": "MacrophageCell",
    "off": 33984,
    "sff": "macrophage"
  },
  {
    "docID": "N001 Yoo, Khaled et al. 2013",
    "et": "MacrophageCell",
    "off": 58027,
    "sff": "macrophage"
  },
  {
    "docID": "N001 Yoo, Khaled et al. 2013",
    "et": "MeasurementOfIncreasingTemperature",
    "off": 35921,
    "sff": "increasing"
  },
  {
    "docID": "N001 Yoo, Khaled et al. 2013",
    "et": "Antibody",
    "off": 27875,
    "sff": "antibody"
  },
  {
    "docID": "N001 Yoo, Khaled et al. 2013",
    "et": "Antibody",
    "off": 18753,
    "sff": "antibody"
  },
  {
    "docID": "N001 Yoo, Khaled et al. 2013",
    "et": "Antibody",
    "off": 41030,
    "sff": "antibody"
  },
  {
    "docID": "N001 Yoo, Khaled et al. 2013",
    "et": "Antibody",
    "off": 21406,
    "sff": "antibody"
  },
  {
    "docID": "N001 Yoo, Khaled et al. 2013",
    "et": "Antibody",
    "off": 10365,
    "sff": "antibody"
  },
  {
    "docID": "N001 Yoo, Khaled et al. 2013",
    "et": "Antibody",
    "off": 42921,
    "sff": "antibody"
  },
  {
    "docID": "N001 Yoo, Khaled et al. 2013",
    "et": "Antibody",
    "off": 9083,
    "sff": "antibody"
  },
  {
    "docID": "N001 Yoo, Khaled et al. 2013",
    "et": "Antibody",
    "off": 27979,
    "sff": "antibody"
  },
  {
    "docID": "N001 Yoo, Khaled et al. 2013",
    "et": "Antibody",
    "off": 17909,
    "sff": "antibody"
  },
  {
    "docID": "N001 Yoo, Khaled et al. 2013",
    "et": "Antibody",
    "off": 23632,
    "sff": "antibody"
  },
  {
    "docID": "N001 Yoo, Khaled et al. 2013",
    "et": "Antibody",
    "off": 8272,
    "sff": "antibody"
  },
  {
    "docID": "N001 Yoo, Khaled et al. 2013",
    "et": "Antibody",
    "off": 19504,
    "sff": "antibody"
  },
  {
    "docID": "N001 Yoo, Khaled et al. 2013",
    "et": "Antibody",
    "off": 41141,
    "sff": "antibody"
  },
  {
    "docID": "N001 Yoo, Khaled et al. 2013",
    "et": "Antibody",
    "off": 56056,
    "sff": "antibody"
  },
  {
    "docID": "N001 Yoo, Khaled et al. 2013",
    "et": "Antibody",
    "off": 18763,
    "sff": "antibody"
  },
  {
    "docID": "N001 Yoo, Khaled et al. 2013",
    "et": "Antibody",
    "off": 44158,
    "sff": "antibody"
  },
  {
    "docID": "N001 Yoo, Khaled et al. 2013",
    "et": "Antibody",
    "off": 42818,
    "sff": "antibody"
  },
  {
    "docID": "N001 Yoo, Khaled et al. 2013",
    "et": "Purification",
    "off": 53175,
    "sff": "purification"
  },
  {
    "docID": "N001 Yoo, Khaled et al. 2013",
    "et": "Purification",
    "off": 35045,
    "sff": "Purification"
  },
  {
    "docID": "N001 Yoo, Khaled et al. 2013",
    "et": "UmbilicalCordBloodStemCell",
    "off": 31628,
    "sff": "blood"
  },
  {
    "docID": "N001 Yoo, Khaled et al. 2013",
    "et": "UmbilicalCordBloodStemCell",
    "off": 30554,
    "sff": "blood"
  },
  {
    "docID": "N001 Yoo, Khaled et al. 2013",
    "et": "UmbilicalCordBloodStemCell",
    "off": 52462,
    "sff": "Blood"
  },
  {
    "docID": "N001 Yoo, Khaled et al. 2013",
    "et": "UmbilicalCordBloodStemCell",
    "off": 52546,
    "sff": "blood"
  },
  {
    "docID": "N001 Yoo, Khaled et al. 2013",
    "et": "UmbilicalCordBloodStemCell",
    "off": 30479,
    "sff": "blood"
  },
  {
    "docID": "N001 Yoo, Khaled et al. 2013",
    "et": "ContusionType",
    "off": 52609,
    "sff": "contusion"
  },
  {
    "docID": "N001 Yoo, Khaled et al. 2013",
    "et": "ContusionType",
    "off": 55395,
    "sff": "contusion"
  },
  {
    "docID": "N001 Yoo, Khaled et al. 2013",
    "et": "ContusionType",
    "off": 55574,
    "sff": "contusion"
  },
  {
    "docID": "N001 Yoo, Khaled et al. 2013",
    "et": "Protein",
    "off": 12453,
    "sff": "protein"
  },
  {
    "docID": "N001 Yoo, Khaled et al. 2013",
    "et": "Protein",
    "off": 35269,
    "sff": "protein"
  },
  {
    "docID": "N001 Yoo, Khaled et al. 2013",
    "et": "Protein",
    "off": 41263,
    "sff": "protein"
  },
  {
    "docID": "N001 Yoo, Khaled et al. 2013",
    "et": "Protein",
    "off": 50813,
    "sff": "protein"
  },
  {
    "docID": "N001 Yoo, Khaled et al. 2013",
    "et": "Protein",
    "off": 5835,
    "sff": "protein"
  },
  {
    "docID": "N001 Yoo, Khaled et al. 2013",
    "et": "GlialCell",
    "off": 41239,
    "sff": "glial"
  },
  {
    "docID": "N001 Yoo, Khaled et al. 2013",
    "et": "GlialCell",
    "off": 48952,
    "sff": "glial"
  },
  {
    "docID": "N001 Yoo, Khaled et al. 2013",
    "et": "GlialCell",
    "off": 21237,
    "sff": "glial"
  },
  {
    "docID": "N001 Yoo, Khaled et al. 2013",
    "et": "GlialCell",
    "off": 31349,
    "sff": "glial"
  },
  {
    "docID": "N001 Yoo, Khaled et al. 2013",
    "et": "GlialCell",
    "off": 58395,
    "sff": "glial"
  },
  {
    "docID": "N001 Yoo, Khaled et al. 2013",
    "et": "GlialCell",
    "off": 58559,
    "sff": "glial"
  },
  {
    "docID": "N001 Yoo, Khaled et al. 2013",
    "et": "GlialCell",
    "off": 3328,
    "sff": "glial"
  },
  {
    "docID": "N001 Yoo, Khaled et al. 2013",
    "et": "GlialCell",
    "off": 58244,
    "sff": "glial"
  },
  {
    "docID": "N001 Yoo, Khaled et al. 2013",
    "et": "GlialCell",
    "off": 48577,
    "sff": "glial"
  },
  {
    "docID": "N001 Yoo, Khaled et al. 2013",
    "et": "GlialCell",
    "off": 31261,
    "sff": "Glial"
  },
  {
    "docID": "N001 Yoo, Khaled et al. 2013",
    "et": "GlialCell",
    "off": 21214,
    "sff": "Glial"
  },
  {
    "docID": "N001 Yoo, Khaled et al. 2013",
    "et": "GlialCell",
    "off": 21350,
    "sff": "glial"
  },
  {
    "docID": "N001 Yoo, Khaled et al. 2013",
    "et": "GlialCell",
    "off": 46923,
    "sff": "glial"
  },
  {
    "docID": "N001 Yoo, Khaled et al. 2013",
    "et": "GlialCell",
    "off": 58991,
    "sff": "glial"
  },
  {
    "docID": "N001 Yoo, Khaled et al. 2013",
    "et": "GlialCell",
    "off": 12429,
    "sff": "glial"
  },
  {
    "docID": "N001 Yoo, Khaled et al. 2013",
    "et": "GlialCell",
    "off": 49229,
    "sff": "glial"
  },
  {
    "docID": "N001 Yoo, Khaled et al. 2013",
    "et": "GlialCell",
    "off": 31758,
    "sff": "glial"
  },
  {
    "docID": "N001 Yoo, Khaled et al. 2013",
    "et": "GlialCell",
    "off": 51185,
    "sff": "glial"
  },
  {
    "docID": "N001 Yoo, Khaled et al. 2013",
    "et": "ImmuneCell",
    "off": 23457,
    "sff": "immune"
  },
  {
    "docID": "N001 Yoo, Khaled et al. 2013",
    "et": "ImmuneCell",
    "off": 34004,
    "sff": "immune"
  },
  {
    "docID": "N001 Yoo, Khaled et al. 2013",
    "et": "ImmuneCell",
    "off": 30778,
    "sff": "immune"
  },
  {
    "docID": "N001 Yoo, Khaled et al. 2013",
    "et": "ImmuneCell",
    "off": 44762,
    "sff": "immune"
  },
  {
    "docID": "N001 Yoo, Khaled et al. 2013",
    "et": "CompressionType",
    "off": 38589,
    "sff": "compression"
  },
  {
    "docID": "N001 Yoo, Khaled et al. 2013",
    "et": "CompressionType",
    "off": 8779,
    "sff": "compression"
  },
  {
    "docID": "N001 Yoo, Khaled et al. 2013",
    "et": "CompressionType",
    "off": 26571,
    "sff": "compression"
  },
  {
    "docID": "N001 Yoo, Khaled et al. 2013",
    "et": "CompressionType",
    "off": 60095,
    "sff": "compression"
  },
  {
    "docID": "N001 Yoo, Khaled et al. 2013",
    "et": "CompressionType",
    "off": 38855,
    "sff": "compression"
  },
  {
    "docID": "N001 Yoo, Khaled et al. 2013",
    "et": "CompressionType",
    "off": 20166,
    "sff": "compression"
  },
  {
    "docID": "N001 Yoo, Khaled et al. 2013",
    "et": "CompressionType",
    "off": 20037,
    "sff": "compression"
  },
  {
    "docID": "N001 Yoo, Khaled et al. 2013",
    "et": "CompressionType",
    "off": 26053,
    "sff": "compression"
  },
  {
    "docID": "N001 Yoo, Khaled et al. 2013",
    "et": "CompressionType",
    "off": 25972,
    "sff": "compression"
  },
  {
    "docID": "N001 Yoo, Khaled et al. 2013",
    "et": "CompressionType",
    "off": 24817,
    "sff": "compression"
  },
  {
    "docID": "N001 Yoo, Khaled et al. 2013",
    "et": "CompressionType",
    "off": 38961,
    "sff": "compression"
  },
  {
    "docID": "N001 Yoo, Khaled et al. 2013",
    "et": "CompressionType",
    "off": 11324,
    "sff": "compression"
  },
  {
    "docID": "N001 Yoo, Khaled et al. 2013",
    "et": "CompressionType",
    "off": 32826,
    "sff": "compression"
  },
  {
    "docID": "N001 Yoo, Khaled et al. 2013",
    "et": "CompressionType",
    "off": 7096,
    "sff": "compression"
  },
  {
    "docID": "N001 Yoo, Khaled et al. 2013",
    "et": "CompressionType",
    "off": 12278,
    "sff": "compression"
  },
  {
    "docID": "N001 Yoo, Khaled et al. 2013",
    "et": "CompressionType",
    "off": 37538,
    "sff": "compression"
  },
  {
    "docID": "N001 Yoo, Khaled et al. 2013",
    "et": "CompressionType",
    "off": 16930,
    "sff": "Compression"
  },
  {
    "docID": "N001 Yoo, Khaled et al. 2013",
    "et": "CompressionType",
    "off": 36768,
    "sff": "compression"
  },
  {
    "docID": "N001 Yoo, Khaled et al. 2013",
    "et": "CompressionType",
    "off": 39008,
    "sff": "compression"
  },
  {
    "docID": "N001 Yoo, Khaled et al. 2013",
    "et": "CompressionType",
    "off": 13279,
    "sff": "compression"
  },
  {
    "docID": "N001 Yoo, Khaled et al. 2013",
    "et": "CompressionType",
    "off": 14507,
    "sff": "compression"
  },
  {
    "docID": "N001 Yoo, Khaled et al. 2013",
    "et": "CompressionType",
    "off": 38634,
    "sff": "compression"
  },
  {
    "docID": "N001 Yoo, Khaled et al. 2013",
    "et": "CompressionType",
    "off": 17553,
    "sff": "compression"
  },
  {
    "docID": "N001 Yoo, Khaled et al. 2013",
    "et": "CompressionType",
    "off": 15694,
    "sff": "compression"
  },
  {
    "docID": "N001 Yoo, Khaled et al. 2013",
    "et": "CompressionType",
    "off": 39125,
    "sff": "compression"
  },
  {
    "docID": "N001 Yoo, Khaled et al. 2013",
    "et": "CompressionType",
    "off": 43860,
    "sff": "compression"
  },
  {
    "docID": "N001 Yoo, Khaled et al. 2013",
    "et": "PostSurgeryCondition",
    "off": 36978,
    "sff": "surgery"
  },
  {
    "docID": "N001 Yoo, Khaled et al. 2013",
    "et": "PostSurgeryCondition",
    "off": 37988,
    "sff": "Surgery"
  },
  {
    "docID": "N001 Yoo, Khaled et al. 2013",
    "et": "RatSpecies",
    "off": 50619,
    "sff": "rat"
  },
  {
    "docID": "N001 Yoo, Khaled et al. 2013",
    "et": "RatSpecies",
    "off": 60073,
    "sff": "rat"
  },
  {
    "docID": "N001 Yoo, Khaled et al. 2013",
    "et": "RatSpecies",
    "off": 47423,
    "sff": "rat"
  },
  {
    "docID": "N001 Yoo, Khaled et al. 2013",
    "et": "RatSpecies",
    "off": 50894,
    "sff": "rat"
  },
  {
    "docID": "N001 Yoo, Khaled et al. 2013",
    "et": "RatSpecies",
    "off": 55598,
    "sff": "rat"
  },
  {
    "docID": "N001 Yoo, Khaled et al. 2013",
    "et": "RatSpecies",
    "off": 52593,
    "sff": "rat"
  },
  {
    "docID": "N001 Yoo, Khaled et al. 2013",
    "et": "InjuryIntensity",
    "off": 27919,
    "sff": "intensity"
  },
  {
    "docID": "N001 Yoo, Khaled et al. 2013",
    "et": "InjuryIntensity",
    "off": 15038,
    "sff": "intensity"
  },
  {
    "docID": "N001 Yoo, Khaled et al. 2013",
    "et": "InjuryIntensity",
    "off": 22350,
    "sff": "intensity"
  },
  {
    "docID": "N001 Yoo, Khaled et al. 2013",
    "et": "InjuryIntensity",
    "off": 43550,
    "sff": "intensity"
  },
  {
    "docID": "N001 Yoo, Khaled et al. 2013",
    "et": "InjuryIntensity",
    "off": 15152,
    "sff": "intensity"
  },
  {
    "docID": "N001 Yoo, Khaled et al. 2013",
    "et": "InjuryIntensity",
    "off": 19360,
    "sff": "intensity"
  },
  {
    "docID": "N001 Yoo, Khaled et al. 2013",
    "et": "InjuryIntensity",
    "off": 42788,
    "sff": "intensity"
  },
  {
    "docID": "N001 Yoo, Khaled et al. 2013",
    "et": "InjuryIntensity",
    "off": 43158,
    "sff": "intensity"
  },
  {
    "docID": "N001 Yoo, Khaled et al. 2013",
    "et": "InjuryIntensity",
    "off": 13915,
    "sff": "intensity"
  },
  {
    "docID": "N001 Yoo, Khaled et al. 2013",
    "et": "SodiumPentobarbital",
    "off": 35641,
    "sff": "sodium"
  },
  {
    "docID": "N001 Yoo, Khaled et al. 2013",
    "et": "Caudal",
    "off": 8944,
    "sff": "caudal"
  },
  {
    "docID": "N001 Yoo, Khaled et al. 2013",
    "et": "Caudal",
    "off": 12779,
    "sff": "caudal"
  },
  {
    "docID": "N001 Yoo, Khaled et al. 2013",
    "et": "Caudal",
    "off": 39470,
    "sff": "caudal"
  },
  {
    "docID": "N001 Yoo, Khaled et al. 2013",
    "et": "Caudal",
    "off": 44007,
    "sff": "caudal"
  },
  {
    "docID": "N001 Yoo, Khaled et al. 2013",
    "et": "Caudal",
    "off": 16169,
    "sff": "caudal"
  },
  {
    "docID": "N001 Yoo, Khaled et al. 2013",
    "et": "Caudal",
    "off": 23145,
    "sff": "caudal"
  },
  {
    "docID": "N001 Yoo, Khaled et al. 2013",
    "et": "Caudal",
    "off": 17642,
    "sff": "caudal"
  },
  {
    "docID": "N001 Yoo, Khaled et al. 2013",
    "et": "Caudal",
    "off": 23338,
    "sff": "caudal"
  },
  {
    "docID": "N001 Yoo, Khaled et al. 2013",
    "et": "Caudal",
    "off": 10723,
    "sff": "caudal"
  },
  {
    "docID": "N001 Yoo, Khaled et al. 2013",
    "et": "Caudal",
    "off": 40612,
    "sff": "caudal"
  },
  {
    "docID": "N001 Yoo, Khaled et al. 2013",
    "et": "Caudal",
    "off": 15653,
    "sff": "caudal"
  },
  {
    "docID": "N001 Yoo, Khaled et al. 2013",
    "et": "Caudal",
    "off": 16417,
    "sff": "caudal"
  },
  {
    "docID": "N001 Yoo, Khaled et al. 2013",
    "et": "Caudal",
    "off": 25307,
    "sff": "caudal"
  },
  {
    "docID": "N001 Yoo, Khaled et al. 2013",
    "et": "Caudal",
    "off": 9432,
    "sff": "caudal"
  },
  {
    "docID": "N001 Yoo, Khaled et al. 2013",
    "et": "Caudal",
    "off": 10202,
    "sff": "caudal"
  },
  {
    "docID": "N001 Yoo, Khaled et al. 2013",
    "et": "Caudal",
    "off": 43216,
    "sff": "caudal"
  },
  {
    "docID": "N001 Yoo, Khaled et al. 2013",
    "et": "Caudal",
    "off": 13970,
    "sff": "caudal"
  },
  {
    "docID": "N001 Yoo, Khaled et al. 2013",
    "et": "Caudal",
    "off": 21906,
    "sff": "caudal"
  },
  {
    "docID": "N001 Yoo, Khaled et al. 2013",
    "et": "Caudal",
    "off": 13511,
    "sff": "caudal"
  },
  {
    "docID": "N001 Yoo, Khaled et al. 2013",
    "et": "Caudal",
    "off": 12232,
    "sff": "caudal"
  },
  {
    "docID": "N001 Yoo, Khaled et al. 2013",
    "et": "Caudal",
    "off": 22410,
    "sff": "caudal"
  },
  {
    "docID": "N001 Yoo, Khaled et al. 2013",
    "et": "Caudal",
    "off": 14467,
    "sff": "caudal"
  },
  {
    "docID": "N001 Yoo, Khaled et al. 2013",
    "et": "Caudal",
    "off": 14725,
    "sff": "caudal"
  },
  {
    "docID": "N001 Yoo, Khaled et al. 2013",
    "et": "Caudal",
    "off": 44605,
    "sff": "caudal"
  },
  {
    "docID": "N001 Yoo, Khaled et al. 2013",
    "et": "Caudal",
    "off": 13239,
    "sff": "caudal"
  },
  {
    "docID": "N001 Yoo, Khaled et al. 2013",
    "et": "Caudal",
    "off": 8121,
    "sff": "caudal"
  },
  {
    "docID": "N001 Yoo, Khaled et al. 2013",
    "et": "Caudal",
    "off": 11444,
    "sff": "caudal"
  },
  {
    "docID": "N001 Yoo, Khaled et al. 2013",
    "et": "Caudal",
    "off": 15093,
    "sff": "caudal"
  },
  {
    "docID": "N001 Yoo, Khaled et al. 2013",
    "et": "Enzyme",
    "off": 20235,
    "sff": "enzyme"
  },
  {
    "docID": "N001 Yoo, Khaled et al. 2013",
    "et": "Enzyme",
    "off": 20811,
    "sff": "enzyme"
  },
  {
    "docID": "N001 Yoo, Khaled et al. 2013",
    "et": "Enzyme",
    "off": 838,
    "sff": "enzyme"
  },
  {
    "docID": "N001 Yoo, Khaled et al. 2013",
    "et": "Enzyme",
    "off": 12099,
    "sff": "enzyme"
  },
  {
    "docID": "N001 Yoo, Khaled et al. 2013",
    "et": "Enzyme",
    "off": 22789,
    "sff": "enzyme"
  },
  {
    "docID": "N001 Yoo, Khaled et al. 2013",
    "et": "Enzyme",
    "off": 35205,
    "sff": "enzyme"
  },
  {
    "docID": "N001 Yoo, Khaled et al. 2013",
    "et": "Enzyme",
    "off": 7496,
    "sff": "enzyme"
  },
  {
    "docID": "N001 Yoo, Khaled et al. 2013",
    "et": "Enzyme",
    "off": 17531,
    "sff": "enzyme"
  },
  {
    "docID": "N001 Yoo, Khaled et al. 2013",
    "et": "Enzyme",
    "off": 36348,
    "sff": "enzyme"
  },
  {
    "docID": "N001 Yoo, Khaled et al. 2013",
    "et": "Enzyme",
    "off": 11709,
    "sff": "enzyme"
  },
  {
    "docID": "N001 Yoo, Khaled et al. 2013",
    "et": "Enzyme",
    "off": 21181,
    "sff": "enzyme"
  },
  {
    "docID": "N001 Yoo, Khaled et al. 2013",
    "et": "Enzyme",
    "off": 23550,
    "sff": "enzyme"
  },
  {
    "docID": "N001 Yoo, Khaled et al. 2013",
    "et": "Enzyme",
    "off": 35714,
    "sff": "enzyme"
  },
  {
    "docID": "N001 Yoo, Khaled et al. 2013",
    "et": "Enzyme",
    "off": 19124,
    "sff": "enzyme"
  },
  {
    "docID": "N001 Yoo, Khaled et al. 2013",
    "et": "Enzyme",
    "off": 34037,
    "sff": "enzyme"
  },
  {
    "docID": "N001 Yoo, Khaled et al. 2013",
    "et": "Enzyme",
    "off": 957,
    "sff": "enzyme"
  },
  {
    "docID": "N001 Yoo, Khaled et al. 2013",
    "et": "Enzyme",
    "off": 35320,
    "sff": "enzyme"
  },
  {
    "docID": "N001 Yoo, Khaled et al. 2013",
    "et": "Enzyme",
    "off": 5115,
    "sff": "enzyme"
  },
  {
    "docID": "N001 Yoo, Khaled et al. 2013",
    "et": "Enzyme",
    "off": 22893,
    "sff": "enzyme"
  },
  {
    "docID": "N001 Yoo, Khaled et al. 2013",
    "et": "Enzyme",
    "off": 6373,
    "sff": "enzyme"
  },
  {
    "docID": "N001 Yoo, Khaled et al. 2013",
    "et": "Enzyme",
    "off": 8752,
    "sff": "enzyme"
  },
  {
    "docID": "N001 Yoo, Khaled et al. 2013",
    "et": "Enzyme",
    "off": 21040,
    "sff": "enzyme"
  },
  {
    "docID": "N001 Yoo, Khaled et al. 2013",
    "et": "Enzyme",
    "off": 14321,
    "sff": "enzyme"
  },
  {
    "docID": "N001 Yoo, Khaled et al. 2013",
    "et": "Enzyme",
    "off": 18354,
    "sff": "enzyme"
  },
  {
    "docID": "N001 Yoo, Khaled et al. 2013",
    "et": "Enzyme",
    "off": 18531,
    "sff": "enzyme"
  },
  {
    "docID": "N001 Yoo, Khaled et al. 2013",
    "et": "Enzyme",
    "off": 44900,
    "sff": "enzyme"
  },
  {
    "docID": "N001 Yoo, Khaled et al. 2013",
    "et": "Enzyme",
    "off": 13093,
    "sff": "enzyme"
  },
  {
    "docID": "N001 Yoo, Khaled et al. 2013",
    "et": "Enzyme",
    "off": 25893,
    "sff": "enzyme"
  },
  {
    "docID": "N001 Yoo, Khaled et al. 2013",
    "et": "Enzyme",
    "off": 26277,
    "sff": "enzyme"
  },
  {
    "docID": "N001 Yoo, Khaled et al. 2013",
    "et": "Enzyme",
    "off": 5551,
    "sff": "enzyme"
  },
  {
    "docID": "N001 Yoo, Khaled et al. 2013",
    "et": "Enzyme",
    "off": 24614,
    "sff": "enzyme"
  },
  {
    "docID": "N001 Yoo, Khaled et al. 2013",
    "et": "Enzyme",
    "off": 33002,
    "sff": "enzyme"
  },
  {
    "docID": "N001 Yoo, Khaled et al. 2013",
    "et": "Enzyme",
    "off": 33173,
    "sff": "Enzyme"
  },
  {
    "docID": "N001 Yoo, Khaled et al. 2013",
    "et": "Enzyme",
    "off": 37790,
    "sff": "enzyme"
  },
  {
    "docID": "N001 Yoo, Khaled et al. 2013",
    "et": "Enzyme",
    "off": 21535,
    "sff": "enzyme"
  },
  {
    "docID": "N001 Yoo, Khaled et al. 2013",
    "et": "Enzyme",
    "off": 23007,
    "sff": "enzyme"
  },
  {
    "docID": "N001 Yoo, Khaled et al. 2013",
    "et": "Enzyme",
    "off": 37663,
    "sff": "enzyme"
  },
  {
    "docID": "N001 Yoo, Khaled et al. 2013",
    "et": "Enzyme",
    "off": 5205,
    "sff": "enzyme"
  },
  {
    "docID": "N001 Yoo, Khaled et al. 2013",
    "et": "Enzyme",
    "off": 22048,
    "sff": "enzyme"
  },
  {
    "docID": "N001 Yoo, Khaled et al. 2013",
    "et": "Enzyme",
    "off": 30177,
    "sff": "enzyme"
  },
  {
    "docID": "N001 Yoo, Khaled et al. 2013",
    "et": "Enzyme",
    "off": 54808,
    "sff": "Enzyme"
  },
  {
    "docID": "N001 Yoo, Khaled et al. 2013",
    "et": "Enzyme",
    "off": 22229,
    "sff": "enzyme"
  },
  {
    "docID": "N001 Yoo, Khaled et al. 2013",
    "et": "Enzyme",
    "off": 20759,
    "sff": "enzyme"
  },
  {
    "docID": "N001 Yoo, Khaled et al. 2013",
    "et": "Enzyme",
    "off": 20505,
    "sff": "enzyme"
  },
  {
    "docID": "N001 Yoo, Khaled et al. 2013",
    "et": "Enzyme",
    "off": 24666,
    "sff": "enzyme"
  },
  {
    "docID": "N001 Yoo, Khaled et al. 2013",
    "et": "L1",
    "off": 5521,
    "sff": "L1"
  },
  {
    "docID": "N001 Yoo, Khaled et al. 2013",
    "et": "SchwannCell",
    "off": 48106,
    "sff": "Schwann cell"
  },
  {
    "docID": "N001 Yoo, Khaled et al. 2013",
    "et": "SchwannCell",
    "off": 46739,
    "sff": "Schwann cell"
  },
  {
    "docID": "N001 Yoo, Khaled et al. 2013",
    "et": "SchwannCell",
    "off": 4485,
    "sff": "Schwann cell"
  },
  {
    "docID": "N001 Yoo, Khaled et al. 2013",
    "et": "NewZealandRabbit",
    "off": 36657,
    "sff": "New"
  },
  {
    "docID": "N001 Yoo, Khaled et al. 2013",
    "et": "NewZealandRabbit",
    "off": 39280,
    "sff": "New"
  },
  {
    "docID": "N001 Yoo, Khaled et al. 2013",
    "et": "NewZealandRabbit",
    "off": 45198,
    "sff": "New"
  },
  {
    "docID": "N001 Yoo, Khaled et al. 2013",
    "et": "NewZealandRabbit",
    "off": 330,
    "sff": "New"
  },
  {
    "docID": "N001 Yoo, Khaled et al. 2013",
    "et": "SigmaAldrich",
    "off": 41066,
    "sff": "Sigma-Aldrich"
  },
  {
    "docID": "N001 Yoo, Khaled et al. 2013",
    "et": "SigmaAldrich",
    "off": 35795,
    "sff": "Sigma"
  },
  {
    "docID": "N001 Yoo, Khaled et al. 2013",
    "et": "SigmaAldrich",
    "off": 41298,
    "sff": "Sigma"
  },
  {
    "docID": "N001 Yoo, Khaled et al. 2013",
    "et": "SigmaAldrich",
    "off": 35417,
    "sff": "Sigma"
  },
  {
    "docID": "N001 Yoo, Khaled et al. 2013",
    "et": "PartialTransection",
    "off": 59290,
    "sff": "partial"
  },
  {
    "docID": "N001 Yoo, Khaled et al. 2013",
    "et": "Thoracic",
    "off": 21780,
    "sff": "thoracic"
  },
  {
    "docID": "N001 Yoo, Khaled et al. 2013",
    "et": "Compression",
    "off": 37538,
    "sff": "compression"
  },
  {
    "docID": "N001 Yoo, Khaled et al. 2013",
    "et": "Compression",
    "off": 13279,
    "sff": "compression"
  },
  {
    "docID": "N001 Yoo, Khaled et al. 2013",
    "et": "Compression",
    "off": 16930,
    "sff": "Compression"
  },
  {
    "docID": "N001 Yoo, Khaled et al. 2013",
    "et": "Compression",
    "off": 36768,
    "sff": "compression"
  },
  {
    "docID": "N001 Yoo, Khaled et al. 2013",
    "et": "Compression",
    "off": 39008,
    "sff": "compression"
  },
  {
    "docID": "N001 Yoo, Khaled et al. 2013",
    "et": "Compression",
    "off": 39125,
    "sff": "compression"
  },
  {
    "docID": "N001 Yoo, Khaled et al. 2013",
    "et": "Compression",
    "off": 43860,
    "sff": "compression"
  },
  {
    "docID": "N001 Yoo, Khaled et al. 2013",
    "et": "Compression",
    "off": 24817,
    "sff": "compression"
  },
  {
    "docID": "N001 Yoo, Khaled et al. 2013",
    "et": "Compression",
    "off": 38961,
    "sff": "compression"
  },
  {
    "docID": "N001 Yoo, Khaled et al. 2013",
    "et": "Compression",
    "off": 14507,
    "sff": "compression"
  },
  {
    "docID": "N001 Yoo, Khaled et al. 2013",
    "et": "Compression",
    "off": 38634,
    "sff": "compression"
  },
  {
    "docID": "N001 Yoo, Khaled et al. 2013",
    "et": "Compression",
    "off": 60095,
    "sff": "compression"
  },
  {
    "docID": "N001 Yoo, Khaled et al. 2013",
    "et": "Compression",
    "off": 38589,
    "sff": "compression"
  },
  {
    "docID": "N001 Yoo, Khaled et al. 2013",
    "et": "Compression",
    "off": 11324,
    "sff": "compression"
  },
  {
    "docID": "N001 Yoo, Khaled et al. 2013",
    "et": "Compression",
    "off": 32826,
    "sff": "compression"
  },
  {
    "docID": "N001 Yoo, Khaled et al. 2013",
    "et": "Compression",
    "off": 7096,
    "sff": "compression"
  },
  {
    "docID": "N001 Yoo, Khaled et al. 2013",
    "et": "Compression",
    "off": 12278,
    "sff": "compression"
  },
  {
    "docID": "N001 Yoo, Khaled et al. 2013",
    "et": "Compression",
    "off": 25972,
    "sff": "compression"
  },
  {
    "docID": "N001 Yoo, Khaled et al. 2013",
    "et": "Compression",
    "off": 17553,
    "sff": "compression"
  },
  {
    "docID": "N001 Yoo, Khaled et al. 2013",
    "et": "Compression",
    "off": 15694,
    "sff": "compression"
  },
  {
    "docID": "N001 Yoo, Khaled et al. 2013",
    "et": "Compression",
    "off": 8779,
    "sff": "compression"
  },
  {
    "docID": "N001 Yoo, Khaled et al. 2013",
    "et": "Compression",
    "off": 26571,
    "sff": "compression"
  },
  {
    "docID": "N001 Yoo, Khaled et al. 2013",
    "et": "Compression",
    "off": 38855,
    "sff": "compression"
  },
  {
    "docID": "N001 Yoo, Khaled et al. 2013",
    "et": "Compression",
    "off": 20037,
    "sff": "compression"
  },
  {
    "docID": "N001 Yoo, Khaled et al. 2013",
    "et": "Compression",
    "off": 26053,
    "sff": "compression"
  },
  {
    "docID": "N001 Yoo, Khaled et al. 2013",
    "et": "Compression",
    "off": 20166,
    "sff": "compression"
  },
  {
    "docID": "N001 Yoo, Khaled et al. 2013",
    "et": "Seikagaku",
    "off": 37807,
    "sff": "Seikagaku"
  },
  {
    "docID": "N001 Yoo, Khaled et al. 2013",
    "et": "Seikagaku",
    "off": 35501,
    "sff": "Seikagaku"
  },
  {
    "docID": "N001 Yoo, Khaled et al. 2013",
    "et": "Seikagaku",
    "off": 41177,
    "sff": "Seikagaku"
  },
  {
    "docID": "N001 Yoo, Khaled et al. 2013",
    "et": "StemCellSourceType",
    "off": 46986,
    "sff": "Cell"
  },
  {
    "docID": "N001 Yoo, Khaled et al. 2013",
    "et": "StemCellSourceType",
    "off": 267,
    "sff": "Cell"
  },
  {
    "docID": "N001 Yoo, Khaled et al. 2013",
    "et": "StemCellSourceType",
    "off": 42190,
    "sff": "Cell"
  },
  {
    "docID": "N001 Yoo, Khaled et al. 2013",
    "et": "StemCellSourceType",
    "off": 4493,
    "sff": "cell"
  },
  {
    "docID": "N001 Yoo, Khaled et al. 2013",
    "et": "StemCellSourceType",
    "off": 46786,
    "sff": "Cell"
  },
  {
    "docID": "N001 Yoo, Khaled et al. 2013",
    "et": "StemCellSourceType",
    "off": 5476,
    "sff": "stem"
  },
  {
    "docID": "N001 Yoo, Khaled et al. 2013",
    "et": "StemCellSourceType",
    "off": 42567,
    "sff": "Cell"
  },
  {
    "docID": "N001 Yoo, Khaled et al. 2013",
    "et": "StemCellSourceType",
    "off": 31160,
    "sff": "cell"
  },
  {
    "docID": "N001 Yoo, Khaled et al. 2013",
    "et": "StemCellSourceType",
    "off": 51920,
    "sff": "stem"
  },
  {
    "docID": "N001 Yoo, Khaled et al. 2013",
    "et": "StemCellSourceType",
    "off": 48114,
    "sff": "cell"
  },
  {
    "docID": "N001 Yoo, Khaled et al. 2013",
    "et": "StemCellSourceType",
    "off": 45792,
    "sff": "Cell"
  },
  {
    "docID": "N001 Yoo, Khaled et al. 2013",
    "et": "StemCellSourceType",
    "off": 52800,
    "sff": "Cell"
  },
  {
    "docID": "N001 Yoo, Khaled et al. 2013",
    "et": "StemCellSourceType",
    "off": 46747,
    "sff": "cell"
  },
  {
    "docID": "N001 Yoo, Khaled et al. 2013",
    "et": "InVitroExperimentalProcedure",
    "off": 36539,
    "sff": "experimental"
  },
  {
    "docID": "N001 Yoo, Khaled et al. 2013",
    "et": "InVitroExperimentalProcedure",
    "off": 31797,
    "sff": "experimental"
  },
  {
    "docID": "N001 Yoo, Khaled et al. 2013",
    "et": "InVitroExperimentalProcedure",
    "off": 59349,
    "sff": "experimental"
  },
  {
    "docID": "N001 Yoo, Khaled et al. 2013",
    "et": "InVitroExperimentalProcedure",
    "off": 27387,
    "sff": "vitro"
  },
  {
    "docID": "N001 Yoo, Khaled et al. 2013",
    "et": "InVitroExperimentalProcedure",
    "off": 51243,
    "sff": "vitro"
  },
  {
    "docID": "N001 Yoo, Khaled et al. 2013",
    "et": "IntraperitonealLocation",
    "off": 38060,
    "sff": "intraperitoneal"
  },
  {
    "docID": "N001 Yoo, Khaled et al. 2013",
    "et": "IntraperitonealLocation",
    "off": 40211,
    "sff": "intraperitoneal"
  },
  {
    "docID": "N001 Yoo, Khaled et al. 2013",
    "et": "ArylsulfataseB",
    "off": 59925,
    "sff": "arylsulfatase"
  },
  {
    "docID": "N001 Yoo, Khaled et al. 2013",
    "et": "ArylsulfataseB",
    "off": 845,
    "sff": "arylsulfatase"
  },
  {
    "docID": "N001 Yoo, Khaled et al. 2013",
    "et": "ArylsulfataseB",
    "off": 53951,
    "sff": "Arylsulfatase"
  },
  {
    "docID": "N001 Yoo, Khaled et al. 2013",
    "et": "ArylsulfataseB",
    "off": 55008,
    "sff": "arylsulfatase"
  },
  {
    "docID": "N001 Yoo, Khaled et al. 2013",
    "et": "Cell",
    "off": 267,
    "sff": "Cell"
  },
  {
    "docID": "N001 Yoo, Khaled et al. 2013",
    "et": "Cell",
    "off": 31160,
    "sff": "cell"
  },
  {
    "docID": "N001 Yoo, Khaled et al. 2013",
    "et": "Cell",
    "off": 42190,
    "sff": "Cell"
  },
  {
    "docID": "N001 Yoo, Khaled et al. 2013",
    "et": "Cell",
    "off": 45792,
    "sff": "Cell"
  },
  {
    "docID": "N001 Yoo, Khaled et al. 2013",
    "et": "Cell",
    "off": 46786,
    "sff": "Cell"
  },
  {
    "docID": "N001 Yoo, Khaled et al. 2013",
    "et": "Cell",
    "off": 52800,
    "sff": "Cell"
  },
  {
    "docID": "N001 Yoo, Khaled et al. 2013",
    "et": "Cell",
    "off": 48114,
    "sff": "cell"
  },
  {
    "docID": "N001 Yoo, Khaled et al. 2013",
    "et": "Cell",
    "off": 42567,
    "sff": "Cell"
  },
  {
    "docID": "N001 Yoo, Khaled et al. 2013",
    "et": "Cell",
    "off": 46747,
    "sff": "cell"
  },
  {
    "docID": "N001 Yoo, Khaled et al. 2013",
    "et": "Cell",
    "off": 4493,
    "sff": "cell"
  },
  {
    "docID": "N001 Yoo, Khaled et al. 2013",
    "et": "Cell",
    "off": 46986,
    "sff": "Cell"
  },
  {
    "docID": "N001 Yoo, Khaled et al. 2013",
    "et": "SpinalDorsalHalf",
    "off": 4776,
    "sff": "dorsal"
  },
  {
    "docID": "N001 Yoo, Khaled et al. 2013",
    "et": "SpinalDorsalHalf",
    "off": 27348,
    "sff": "dorsal"
  },
  {
    "docID": "N001 Yoo, Khaled et al. 2013",
    "et": "17BetaEstradiolE2",
    "off": 51345,
    "sff": "17"
  },
  {
    "docID": "N001 Yoo, Khaled et al. 2013",
    "et": "17BetaEstradiolE2",
    "off": 30522,
    "sff": "beta"
  },
  {
    "docID": "N001 Yoo, Khaled et al. 2013",
    "et": "17BetaEstradiolE2",
    "off": 3319,
    "sff": "17"
  },
  {
    "docID": "N001 Yoo, Khaled et al. 2013",
    "et": "17BetaEstradiolE2",
    "off": 56088,
    "sff": "17"
  },
  {
    "docID": "N001 Yoo, Khaled et al. 2013",
    "et": "HematoxyLinEosin",
    "off": 46469,
    "sff": "Lin"
  },
  {
    "docID": "N001 Yoo, Khaled et al. 2013",
    "et": "HematoxyLinEosin",
    "off": 47270,
    "sff": "Lin"
  },
  {
    "docID": "N001 Yoo, Khaled et al. 2013",
    "et": "HematoxyLinEosin",
    "off": 52107,
    "sff": "Lin"
  },
  {
    "docID": "N001 Yoo, Khaled et al. 2013",
    "et": "CompleteTransectionType",
    "off": 48219,
    "sff": "complete transection"
  },
  {
    "docID": "N001 Yoo, Khaled et al. 2013",
    "et": "Water",
    "off": 37152,
    "sff": "water"
  },
  {
    "docID": "N001 Yoo, Khaled et al. 2013",
    "et": "Embryonic",
    "off": 57074,
    "sff": "embryonic"
  },
  {
    "docID": "N001 Yoo, Khaled et al. 2013",
    "et": "ExperimentalProcedure",
    "off": 36539,
    "sff": "experimental"
  },
  {
    "docID": "N001 Yoo, Khaled et al. 2013",
    "et": "ExperimentalProcedure",
    "off": 59349,
    "sff": "experimental"
  },
  {
    "docID": "N001 Yoo, Khaled et al. 2013",
    "et": "ExperimentalProcedure",
    "off": 31797,
    "sff": "experimental"
  },
  {
    "docID": "N001 Yoo, Khaled et al. 2013",
    "et": "BodyTemperatureMeasurement",
    "off": 34214,
    "sff": "temperature"
  },
  {
    "docID": "N001 Yoo, Khaled et al. 2013",
    "et": "BodyTemperatureMeasurement",
    "off": 40931,
    "sff": "temperature"
  },
  {
    "docID": "N001 Yoo, Khaled et al. 2013",
    "et": "BodyTemperatureMeasurement",
    "off": 53575,
    "sff": "body temperature"
  },
  {
    "docID": "N001 Yoo, Khaled et al. 2013",
    "et": "BodyTemperatureMeasurement",
    "off": 6205,
    "sff": "temperature"
  },
  {
    "docID": "N001 Yoo, Khaled et al. 2013",
    "et": "BodyTemperatureMeasurement",
    "off": 6084,
    "sff": "body temperature"
  },
  {
    "docID": "N001 Yoo, Khaled et al. 2013",
    "et": "BodyTemperatureMeasurement",
    "off": 40843,
    "sff": "temperature"
  },
  {
    "docID": "N001 Yoo, Khaled et al. 2013",
    "et": "BodyTemperatureMeasurement",
    "off": 41916,
    "sff": "temperature"
  },
  {
    "docID": "N001 Yoo, Khaled et al. 2013",
    "et": "BodyTemperatureMeasurement",
    "off": 36090,
    "sff": "temperature"
  },
  {
    "docID": "N001 Yoo, Khaled et al. 2013",
    "et": "PartialTransectionType",
    "off": 59290,
    "sff": "partial"
  },
  {
    "docID": "N001 Yoo, Khaled et al. 2013",
    "et": "PartialTransectionType",
    "off": 48228,
    "sff": "transection"
  },
  {
    "docID": "N001 Yoo, Khaled et al. 2013",
    "et": "CorticospinalTract",
    "off": 55339,
    "sff": "corticospinal"
  },
  {
    "docID": "N001 Yoo, Khaled et al. 2013",
    "et": "BrainDerivedNeurotrophicFactor",
    "off": 58463,
    "sff": "Brain"
  },
  {
    "docID": "N001 Yoo, Khaled et al. 2013",
    "et": "BrainDerivedNeurotrophicFactor",
    "off": 30485,
    "sff": "brain"
  },
  {
    "docID": "N001 Yoo, Khaled et al. 2013",
    "et": "BrainDerivedNeurotrophicFactor",
    "off": 49381,
    "sff": "brain"
  },
  {
    "docID": "N001 Yoo, Khaled et al. 2013",
    "et": "BrainDerivedNeurotrophicFactor",
    "off": 47427,
    "sff": "brain"
  },
  {
    "docID": "N001 Yoo, Khaled et al. 2013",
    "et": "BrainDerivedNeurotrophicFactor",
    "off": 27223,
    "sff": "brain"
  },
  {
    "docID": "N001 Yoo, Khaled et al. 2013",
    "et": "BrainDerivedNeurotrophicFactor",
    "off": 48623,
    "sff": "Brain"
  },
  {
    "docID": "N001 Yoo, Khaled et al. 2013",
    "et": "BrainDerivedNeurotrophicFactor",
    "off": 51461,
    "sff": "Brain"
  },
  {
    "docID": "N001 Yoo, Khaled et al. 2013",
    "et": "BrainDerivedNeurotrophicFactor",
    "off": 31634,
    "sff": "brain"
  },
  {
    "docID": "N001 Yoo, Khaled et al. 2013",
    "et": "BrainDerivedNeurotrophicFactor",
    "off": 52353,
    "sff": "brain"
  },
  {
    "docID": "N001 Yoo, Khaled et al. 2013",
    "et": "BrainDerivedNeurotrophicFactor",
    "off": 57088,
    "sff": "brain"
  },
  {
    "docID": "N001 Yoo, Khaled et al. 2013",
    "et": "BrainDerivedNeurotrophicFactor",
    "off": 50623,
    "sff": "brain"
  },
  {
    "docID": "N001 Yoo, Khaled et al. 2013",
    "et": "CompleteInjuryArea",
    "off": 48219,
    "sff": "complete"
  },
  {
    "docID": "N001 Yoo, Khaled et al. 2013",
    "et": "ChemicalInjury",
    "off": 28004,
    "sff": "chemical"
  },
  {
    "docID": "N001 Yoo, Khaled et al. 2013",
    "et": "ChemicalInjury",
    "off": 1038,
    "sff": "chemical"
  },
  {
    "docID": "N001 Yoo, Khaled et al. 2013",
    "et": "ChemicalInjury",
    "off": 5851,
    "sff": "chemical"
  }
]
