[
  {
    "docID": "N010 Xia 2015 25641132",
    "et": "RecombinantEPORhEpo",
    "off": 20548,
    "sff": "recombinant"
  },
  {
    "docID": "N010 Xia 2015 25641132",
    "et": "RecombinantEPORhEpo",
    "off": 5103,
    "sff": "recombinant"
  },
  {
    "docID": "N010 Xia 2015 25641132",
    "et": "NYUImpactor",
    "off": 5295,
    "sff": "New York"
  },
  {
    "docID": "N010 Xia 2015 25641132",
    "et": "NYUImpactor",
    "off": 25405,
    "sff": "NYU"
  },
  {
    "docID": "N010 Xia 2015 25641132",
    "et": "Virus",
    "off": 5505,
    "sff": "virus"
  },
  {
    "docID": "N010 Xia 2015 25641132",
    "et": "InhalationDelivery",
    "off": 6476,
    "sff": "inhalation"
  },
  {
    "docID": "N010 Xia 2015 25641132",
    "et": "DorsalInjuryArea",
    "off": 14268,
    "sff": "dorsal"
  },
  {
    "docID": "N010 Xia 2015 25641132",
    "et": "DorsalInjuryArea",
    "off": 13248,
    "sff": "dorsal"
  },
  {
    "docID": "N010 Xia 2015 25641132",
    "et": "DorsalInjuryArea",
    "off": 15317,
    "sff": "dorsal"
  },
  {
    "docID": "N010 Xia 2015 25641132",
    "et": "DorsalInjuryArea",
    "off": 23099,
    "sff": "dorsal"
  },
  {
    "docID": "N010 Xia 2015 25641132",
    "et": "DorsalInjuryArea",
    "off": 15034,
    "sff": "dorsal"
  },
  {
    "docID": "N010 Xia 2015 25641132",
    "et": "DorsalInjuryArea",
    "off": 17274,
    "sff": "dorsal"
  },
  {
    "docID": "N010 Xia 2015 25641132",
    "et": "DorsalInjuryArea",
    "off": 13999,
    "sff": "dorsal"
  },
  {
    "docID": "N010 Xia 2015 25641132",
    "et": "DorsalInjuryArea",
    "off": 11373,
    "sff": "dorsal"
  },
  {
    "docID": "N010 Xia 2015 25641132",
    "et": "DorsalInjuryArea",
    "off": 10387,
    "sff": "dorsal"
  },
  {
    "docID": "N010 Xia 2015 25641132",
    "et": "DorsalInjuryArea",
    "off": 10578,
    "sff": "dorsal"
  },
  {
    "docID": "N010 Xia 2015 25641132",
    "et": "DorsalInjuryArea",
    "off": 14738,
    "sff": "dorsal"
  },
  {
    "docID": "N010 Xia 2015 25641132",
    "et": "DorsalInjuryArea",
    "off": 9168,
    "sff": "dorsal"
  },
  {
    "docID": "N010 Xia 2015 25641132",
    "et": "DorsalInjuryArea",
    "off": 14245,
    "sff": "dorsal"
  },
  {
    "docID": "N010 Xia 2015 25641132",
    "et": "DorsalInjuryArea",
    "off": 14507,
    "sff": "dorsal"
  },
  {
    "docID": "N010 Xia 2015 25641132",
    "et": "DorsalInjuryArea",
    "off": 10186,
    "sff": "dorsal"
  },
  {
    "docID": "N010 Xia 2015 25641132",
    "et": "WeightDrop",
    "off": 7175,
    "sff": "weight"
  },
  {
    "docID": "N010 Xia 2015 25641132",
    "et": "WeightDrop",
    "off": 25409,
    "sff": "weight-drop"
  },
  {
    "docID": "N010 Xia 2015 25641132",
    "et": "NOGOReceptorAntagonist",
    "off": 24990,
    "sff": "Nogo"
  },
  {
    "docID": "N010 Xia 2015 25641132",
    "et": "NOGOReceptorAntagonist",
    "off": 24998,
    "sff": "receptor"
  },
  {
    "docID": "N010 Xia 2015 25641132",
    "et": "NOGOReceptorAntagonist",
    "off": 25795,
    "sff": "receptor"
  },
  {
    "docID": "N010 Xia 2015 25641132",
    "et": "DorsalHemisection",
    "off": 14268,
    "sff": "dorsal"
  },
  {
    "docID": "N010 Xia 2015 25641132",
    "et": "DorsalHemisection",
    "off": 15034,
    "sff": "dorsal"
  },
  {
    "docID": "N010 Xia 2015 25641132",
    "et": "DorsalHemisection",
    "off": 17274,
    "sff": "dorsal"
  },
  {
    "docID": "N010 Xia 2015 25641132",
    "et": "DorsalHemisection",
    "off": 23099,
    "sff": "dorsal"
  },
  {
    "docID": "N010 Xia 2015 25641132",
    "et": "DorsalHemisection",
    "off": 15317,
    "sff": "dorsal"
  },
  {
    "docID": "N010 Xia 2015 25641132",
    "et": "DorsalHemisection",
    "off": 10578,
    "sff": "dorsal"
  },
  {
    "docID": "N010 Xia 2015 25641132",
    "et": "DorsalHemisection",
    "off": 14738,
    "sff": "dorsal"
  },
  {
    "docID": "N010 Xia 2015 25641132",
    "et": "DorsalHemisection",
    "off": 10186,
    "sff": "dorsal hemisection"
  },
  {
    "docID": "N010 Xia 2015 25641132",
    "et": "DorsalHemisection",
    "off": 9168,
    "sff": "dorsal"
  },
  {
    "docID": "N010 Xia 2015 25641132",
    "et": "DorsalHemisection",
    "off": 13999,
    "sff": "dorsal hemisection"
  },
  {
    "docID": "N010 Xia 2015 25641132",
    "et": "DorsalHemisection",
    "off": 11373,
    "sff": "dorsal"
  },
  {
    "docID": "N010 Xia 2015 25641132",
    "et": "DorsalHemisection",
    "off": 10387,
    "sff": "dorsal hemisection"
  },
  {
    "docID": "N010 Xia 2015 25641132",
    "et": "DorsalHemisection",
    "off": 14507,
    "sff": "dorsal"
  },
  {
    "docID": "N010 Xia 2015 25641132",
    "et": "DorsalHemisection",
    "off": 14245,
    "sff": "dorsal"
  },
  {
    "docID": "N010 Xia 2015 25641132",
    "et": "DorsalHemisection",
    "off": 13248,
    "sff": "dorsal hemisection"
  },
  {
    "docID": "N010 Xia 2015 25641132",
    "et": "SpinalVentralHalf",
    "off": 14225,
    "sff": "ventral"
  },
  {
    "docID": "N010 Xia 2015 25641132",
    "et": "Rostral",
    "off": 11320,
    "sff": "rostral"
  },
  {
    "docID": "N010 Xia 2015 25641132",
    "et": "Rostral",
    "off": 14952,
    "sff": "rostral"
  },
  {
    "docID": "N010 Xia 2015 25641132",
    "et": "Rostral",
    "off": 12874,
    "sff": "Rostral"
  },
  {
    "docID": "N010 Xia 2015 25641132",
    "et": "Rostral",
    "off": 12133,
    "sff": "Rostral"
  },
  {
    "docID": "N010 Xia 2015 25641132",
    "et": "Rostral",
    "off": 14802,
    "sff": "rostral"
  },
  {
    "docID": "N010 Xia 2015 25641132",
    "et": "Rostral",
    "off": 10854,
    "sff": "Rostral"
  },
  {
    "docID": "N010 Xia 2015 25641132",
    "et": "Rostral",
    "off": 20816,
    "sff": "rostral"
  },
  {
    "docID": "N010 Xia 2015 25641132",
    "et": "DorsalColumn",
    "off": 23099,
    "sff": "dorsal"
  },
  {
    "docID": "N010 Xia 2015 25641132",
    "et": "DorsalColumn",
    "off": 15034,
    "sff": "dorsal"
  },
  {
    "docID": "N010 Xia 2015 25641132",
    "et": "DorsalColumn",
    "off": 17274,
    "sff": "dorsal"
  },
  {
    "docID": "N010 Xia 2015 25641132",
    "et": "DorsalColumn",
    "off": 14268,
    "sff": "dorsal"
  },
  {
    "docID": "N010 Xia 2015 25641132",
    "et": "DorsalColumn",
    "off": 14245,
    "sff": "dorsal"
  },
  {
    "docID": "N010 Xia 2015 25641132",
    "et": "DorsalColumn",
    "off": 13248,
    "sff": "dorsal"
  },
  {
    "docID": "N010 Xia 2015 25641132",
    "et": "DorsalColumn",
    "off": 14507,
    "sff": "dorsal"
  },
  {
    "docID": "N010 Xia 2015 25641132",
    "et": "DorsalColumn",
    "off": 10186,
    "sff": "dorsal"
  },
  {
    "docID": "N010 Xia 2015 25641132",
    "et": "DorsalColumn",
    "off": 11373,
    "sff": "dorsal"
  },
  {
    "docID": "N010 Xia 2015 25641132",
    "et": "DorsalColumn",
    "off": 10387,
    "sff": "dorsal"
  },
  {
    "docID": "N010 Xia 2015 25641132",
    "et": "DorsalColumn",
    "off": 15317,
    "sff": "dorsal column"
  },
  {
    "docID": "N010 Xia 2015 25641132",
    "et": "DorsalColumn",
    "off": 10578,
    "sff": "dorsal"
  },
  {
    "docID": "N010 Xia 2015 25641132",
    "et": "DorsalColumn",
    "off": 14738,
    "sff": "dorsal"
  },
  {
    "docID": "N010 Xia 2015 25641132",
    "et": "DorsalColumn",
    "off": 13999,
    "sff": "dorsal"
  },
  {
    "docID": "N010 Xia 2015 25641132",
    "et": "DorsalColumn",
    "off": 9168,
    "sff": "dorsal"
  },
  {
    "docID": "N010 Xia 2015 25641132",
    "et": "SpragueDawleyRat",
    "off": 5583,
    "sff": "Sprague-Dawley rats"
  },
  {
    "docID": "N010 Xia 2015 25641132",
    "et": "SpragueDawleyRat",
    "off": 5583,
    "sff": "Sprague-Dawley"
  },
  {
    "docID": "N010 Xia 2015 25641132",
    "et": "ChondroitinaseABC",
    "off": 820,
    "sff": "chondroitinase ABC"
  },
  {
    "docID": "N010 Xia 2015 25641132",
    "et": "ChondroitinaseABC",
    "off": 3081,
    "sff": "Chondroitinase ABC"
  },
  {
    "docID": "N010 Xia 2015 25641132",
    "et": "ChondroitinaseABC",
    "off": 25195,
    "sff": "chondroitinase ABC"
  },
  {
    "docID": "N010 Xia 2015 25641132",
    "et": "ChondroitinaseABC",
    "off": 938,
    "sff": "chondroitinase ABC"
  },
  {
    "docID": "N010 Xia 2015 25641132",
    "et": "ChondroitinaseABC",
    "off": 25986,
    "sff": "chondroitinase"
  },
  {
    "docID": "N010 Xia 2015 25641132",
    "et": "ChondroitinaseABC",
    "off": 1265,
    "sff": "Chondroitinase ABC"
  },
  {
    "docID": "N010 Xia 2015 25641132",
    "et": "ChondroitinaseABC",
    "off": 23833,
    "sff": "Chondroitinase"
  },
  {
    "docID": "N010 Xia 2015 25641132",
    "et": "ChondroitinaseABC",
    "off": 22816,
    "sff": "chondroitinase ABC"
  },
  {
    "docID": "N010 Xia 2015 25641132",
    "et": "ChondroitinaseABC",
    "off": 210,
    "sff": "chondroitinase ABC"
  },
  {
    "docID": "N010 Xia 2015 25641132",
    "et": "ChondroitinaseABC",
    "off": 24226,
    "sff": "chondroitinase ABC"
  },
  {
    "docID": "N010 Xia 2015 25641132",
    "et": "Left",
    "off": 6970,
    "sff": "left"
  },
  {
    "docID": "N010 Xia 2015 25641132",
    "et": "Left",
    "off": 12889,
    "sff": "left"
  },
  {
    "docID": "N010 Xia 2015 25641132",
    "et": "Left",
    "off": 10869,
    "sff": "left"
  },
  {
    "docID": "N010 Xia 2015 25641132",
    "et": "Left",
    "off": 12148,
    "sff": "left"
  },
  {
    "docID": "N010 Xia 2015 25641132",
    "et": "SubstanceApplicationLocation",
    "off": 25180,
    "sff": "application"
  },
  {
    "docID": "N010 Xia 2015 25641132",
    "et": "InjuryDevice",
    "off": 25421,
    "sff": "device"
  },
  {
    "docID": "N010 Xia 2015 25641132",
    "et": "LaminectomyType",
    "off": 6051,
    "sff": "laminectomy"
  },
  {
    "docID": "N010 Xia 2015 25641132",
    "et": "Retrovirus",
    "off": 20526,
    "sff": "retrovirus"
  },
  {
    "docID": "N010 Xia 2015 25641132",
    "et": "Retrovirus",
    "off": 20678,
    "sff": "retrovirus"
  },
  {
    "docID": "N010 Xia 2015 25641132",
    "et": "Tissue",
    "off": 11571,
    "sff": "tissue"
  },
  {
    "docID": "N010 Xia 2015 25641132",
    "et": "Tissue",
    "off": 11696,
    "sff": "tissue"
  },
  {
    "docID": "N010 Xia 2015 25641132",
    "et": "Tissue",
    "off": 14124,
    "sff": "tissue"
  },
  {
    "docID": "N010 Xia 2015 25641132",
    "et": "Tissue",
    "off": 14089,
    "sff": "tissue"
  },
  {
    "docID": "N010 Xia 2015 25641132",
    "et": "Tissue",
    "off": 20456,
    "sff": "tissue"
  },
  {
    "docID": "N010 Xia 2015 25641132",
    "et": "ChinaShenyangSunshinePharmaceuticalCompany",
    "off": 22303,
    "sff": "China"
  },
  {
    "docID": "N010 Xia 2015 25641132",
    "et": "ChinaShenyangSunshinePharmaceuticalCompany",
    "off": 664,
    "sff": "China"
  },
  {
    "docID": "N010 Xia 2015 25641132",
    "et": "ChinaShenyangSunshinePharmaceuticalCompany",
    "off": 550,
    "sff": "China"
  },
  {
    "docID": "N010 Xia 2015 25641132",
    "et": "InjectionDelivery",
    "off": 7383,
    "sff": "injection"
  },
  {
    "docID": "N010 Xia 2015 25641132",
    "et": "SpinalLesionSite",
    "off": 18756,
    "sff": "lesion"
  },
  {
    "docID": "N010 Xia 2015 25641132",
    "et": "Weight",
    "off": 15682,
    "sff": "2G"
  },
  {
    "docID": "N010 Xia 2015 25641132",
    "et": "Weight",
    "off": 5612,
    "sff": "250-300 g"
  },
  {
    "docID": "N010 Xia 2015 25641132",
    "et": "T9",
    "off": 6043,
    "sff": "T9"
  },
  {
    "docID": "N010 Xia 2015 25641132",
    "et": "AnimalCareCondition",
    "off": 5739,
    "sff": "Care"
  },
  {
    "docID": "N010 Xia 2015 25641132",
    "et": "LateralHemisection",
    "off": 10280,
    "sff": "Lateral"
  },
  {
    "docID": "N010 Xia 2015 25641132",
    "et": "LateralHemisection",
    "off": 7059,
    "sff": "lateral"
  },
  {
    "docID": "N010 Xia 2015 25641132",
    "et": "Contusion",
    "off": 22064,
    "sff": "contusion"
  },
  {
    "docID": "N010 Xia 2015 25641132",
    "et": "Contusion",
    "off": 23904,
    "sff": "contusion"
  },
  {
    "docID": "N010 Xia 2015 25641132",
    "et": "Contusion",
    "off": 25385,
    "sff": "contusion"
  },
  {
    "docID": "N010 Xia 2015 25641132",
    "et": "Saline",
    "off": 16869,
    "sff": "saline"
  },
  {
    "docID": "N010 Xia 2015 25641132",
    "et": "Saline",
    "off": 17397,
    "sff": "saline"
  },
  {
    "docID": "N010 Xia 2015 25641132",
    "et": "Saline",
    "off": 11184,
    "sff": "saline"
  },
  {
    "docID": "N010 Xia 2015 25641132",
    "et": "Saline",
    "off": 17187,
    "sff": "saline"
  },
  {
    "docID": "N010 Xia 2015 25641132",
    "et": "Saline",
    "off": 13534,
    "sff": "saline"
  },
  {
    "docID": "N010 Xia 2015 25641132",
    "et": "Saline",
    "off": 17518,
    "sff": "saline"
  },
  {
    "docID": "N010 Xia 2015 25641132",
    "et": "Saline",
    "off": 6424,
    "sff": "saline"
  },
  {
    "docID": "N010 Xia 2015 25641132",
    "et": "Saline",
    "off": 13915,
    "sff": "saline"
  },
  {
    "docID": "N010 Xia 2015 25641132",
    "et": "Saline",
    "off": 15947,
    "sff": "saline"
  },
  {
    "docID": "N010 Xia 2015 25641132",
    "et": "Dosage",
    "off": 7068,
    "sff": "2 mm"
  },
  {
    "docID": "N010 Xia 2015 25641132",
    "et": "Dosage",
    "off": 14947,
    "sff": "2 mm"
  },
  {
    "docID": "N010 Xia 2015 25641132",
    "et": "Dosage",
    "off": 6903,
    "sff": "1-mm"
  },
  {
    "docID": "N010 Xia 2015 25641132",
    "et": "Dosage",
    "off": 7594,
    "sff": "30%"
  },
  {
    "docID": "N010 Xia 2015 25641132",
    "et": "Dosage",
    "off": 7509,
    "sff": "4%"
  },
  {
    "docID": "N010 Xia 2015 25641132",
    "et": "Dosage",
    "off": 7131,
    "sff": "2 ¬µl"
  },
  {
    "docID": "N010 Xia 2015 25641132",
    "et": "Dosage",
    "off": 5819,
    "sff": "40 mg/kg"
  },
  {
    "docID": "N010 Xia 2015 25641132",
    "et": "Dosage",
    "off": 7020,
    "sff": "0.5 mm"
  },
  {
    "docID": "N010 Xia 2015 25641132",
    "et": "Dosage",
    "off": 7039,
    "sff": "3.0 mm"
  },
  {
    "docID": "N010 Xia 2015 25641132",
    "et": "Dosage",
    "off": 11315,
    "sff": "2 mm"
  },
  {
    "docID": "N010 Xia 2015 25641132",
    "et": "Dosage",
    "off": 12122,
    "sff": "0 mm"
  },
  {
    "docID": "N010 Xia 2015 25641132",
    "et": "Dosage",
    "off": 7029,
    "sff": "1.75 mm"
  },
  {
    "docID": "N010 Xia 2015 25641132",
    "et": "Dosage",
    "off": 9664,
    "sff": "30%"
  },
  {
    "docID": "N010 Xia 2015 25641132",
    "et": "Dosage",
    "off": 6366,
    "sff": "6 ¬µl"
  },
  {
    "docID": "N010 Xia 2015 25641132",
    "et": "Dosage",
    "off": 15682,
    "sff": "2G"
  },
  {
    "docID": "N010 Xia 2015 25641132",
    "et": "Dosage",
    "off": 7137,
    "sff": "10%"
  },
  {
    "docID": "N010 Xia 2015 25641132",
    "et": "Dosage",
    "off": 7296,
    "sff": "2 mm"
  },
  {
    "docID": "N010 Xia 2015 25641132",
    "et": "Dosage",
    "off": 13940,
    "sff": "10 mm"
  },
  {
    "docID": "N010 Xia 2015 25641132",
    "et": "Dosage",
    "off": 10886,
    "sff": "5 mm"
  },
  {
    "docID": "N010 Xia 2015 25641132",
    "et": "Dosage",
    "off": 6125,
    "sff": "10 U/ml"
  },
  {
    "docID": "N010 Xia 2015 25641132",
    "et": "Dosage",
    "off": 8880,
    "sff": "4%"
  },
  {
    "docID": "N010 Xia 2015 25641132",
    "et": "Dosage",
    "off": 5423,
    "sff": "105 cfu/ml"
  },
  {
    "docID": "N010 Xia 2015 25641132",
    "et": "Dosage",
    "off": 5913,
    "sff": "1.8 mm"
  },
  {
    "docID": "N010 Xia 2015 25641132",
    "et": "Dosage",
    "off": 5616,
    "sff": "300 g"
  },
  {
    "docID": "N010 Xia 2015 25641132",
    "et": "Dosage",
    "off": 7054,
    "sff": "2 mm"
  },
  {
    "docID": "N010 Xia 2015 25641132",
    "et": "Right",
    "off": 6979,
    "sff": "right"
  },
  {
    "docID": "N010 Xia 2015 25641132",
    "et": "Intrathecal",
    "off": 6561,
    "sff": "intrathecal"
  },
  {
    "docID": "N010 Xia 2015 25641132",
    "et": "BladderExpression",
    "off": 23877,
    "sff": "bladder"
  },
  {
    "docID": "N010 Xia 2015 25641132",
    "et": "BladderExpression",
    "off": 6743,
    "sff": "bladder"
  },
  {
    "docID": "N010 Xia 2015 25641132",
    "et": "PBS",
    "off": 8176,
    "sff": "PBS"
  },
  {
    "docID": "N010 Xia 2015 25641132",
    "et": "Duration",
    "off": 11124,
    "sff": "8 weeks"
  },
  {
    "docID": "N010 Xia 2015 25641132",
    "et": "Duration",
    "off": 17327,
    "sff": "5 weeks"
  },
  {
    "docID": "N010 Xia 2015 25641132",
    "et": "Duration",
    "off": 6622,
    "sff": "2 weeks"
  },
  {
    "docID": "N010 Xia 2015 25641132",
    "et": "Duration",
    "off": 6212,
    "sff": "0.03 M"
  },
  {
    "docID": "N010 Xia 2015 25641132",
    "et": "Duration",
    "off": 7610,
    "sff": "48 h"
  },
  {
    "docID": "N010 Xia 2015 25641132",
    "et": "Duration",
    "off": 14426,
    "sff": "1D"
  },
  {
    "docID": "N010 Xia 2015 25641132",
    "et": "Duration",
    "off": 17375,
    "sff": "4D"
  },
  {
    "docID": "N010 Xia 2015 25641132",
    "et": "Duration",
    "off": 6179,
    "sff": "0.1 M"
  },
  {
    "docID": "N010 Xia 2015 25641132",
    "et": "Duration",
    "off": 8240,
    "sff": "1 h"
  },
  {
    "docID": "N010 Xia 2015 25641132",
    "et": "Duration",
    "off": 20722,
    "sff": "2 weeks"
  },
  {
    "docID": "N010 Xia 2015 25641132",
    "et": "Duration",
    "off": 16544,
    "sff": "8 weeks"
  },
  {
    "docID": "N010 Xia 2015 25641132",
    "et": "Duration",
    "off": 17439,
    "sff": "6-8 weeks"
  },
  {
    "docID": "N010 Xia 2015 25641132",
    "et": "Duration",
    "off": 8296,
    "sff": "1 h"
  },
  {
    "docID": "N010 Xia 2015 25641132",
    "et": "Duration",
    "off": 13164,
    "sff": "8 weeks"
  },
  {
    "docID": "N010 Xia 2015 25641132",
    "et": "Duration",
    "off": 15082,
    "sff": "8 weeks"
  },
  {
    "docID": "N010 Xia 2015 25641132",
    "et": "Duration",
    "off": 6709,
    "sff": "10 min"
  },
  {
    "docID": "N010 Xia 2015 25641132",
    "et": "Duration",
    "off": 13589,
    "sff": "6-8 weeks"
  },
  {
    "docID": "N010 Xia 2015 25641132",
    "et": "Duration",
    "off": 17256,
    "sff": "8 weeks"
  },
  {
    "docID": "N010 Xia 2015 25641132",
    "et": "Duration",
    "off": 10640,
    "sff": "1 day"
  },
  {
    "docID": "N010 Xia 2015 25641132",
    "et": "Duration",
    "off": 10373,
    "sff": "8 weeks"
  },
  {
    "docID": "N010 Xia 2015 25641132",
    "et": "LesionAdjacentTissue",
    "off": 18756,
    "sff": "lesion"
  },
  {
    "docID": "N010 Xia 2015 25641132",
    "et": "CentralNervousSystem",
    "off": 10839,
    "sff": "central"
  },
  {
    "docID": "N010 Xia 2015 25641132",
    "et": "CentralNervousSystem",
    "off": 25613,
    "sff": "central nervous"
  },
  {
    "docID": "N010 Xia 2015 25641132",
    "et": "CentralNervousSystem",
    "off": 14282,
    "sff": "central"
  },
  {
    "docID": "N010 Xia 2015 25641132",
    "et": "CentralNervousSystem",
    "off": 20448,
    "sff": "nervous"
  },
  {
    "docID": "N010 Xia 2015 25641132",
    "et": "CentralNervousSystem",
    "off": 9117,
    "sff": "central"
  },
  {
    "docID": "N010 Xia 2015 25641132",
    "et": "CentralNervousSystem",
    "off": 25613,
    "sff": "central nervous system"
  },
  {
    "docID": "N010 Xia 2015 25641132",
    "et": "CentralNervousSystem",
    "off": 2268,
    "sff": "central nervous system"
  },
  {
    "docID": "N010 Xia 2015 25641132",
    "et": "CentralNervousSystem",
    "off": 10592,
    "sff": "central"
  },
  {
    "docID": "N010 Xia 2015 25641132",
    "et": "CentralNervousSystem",
    "off": 2105,
    "sff": "central nervous system"
  },
  {
    "docID": "N010 Xia 2015 25641132",
    "et": "CentralNervousSystem",
    "off": 2105,
    "sff": "central nervous"
  },
  {
    "docID": "N010 Xia 2015 25641132",
    "et": "CentralNervousSystem",
    "off": 14532,
    "sff": "central"
  },
  {
    "docID": "N010 Xia 2015 25641132",
    "et": "CentralNervousSystem",
    "off": 2268,
    "sff": "central nervous"
  },
  {
    "docID": "N010 Xia 2015 25641132",
    "et": "Matrix",
    "off": 19060,
    "sff": "matrix"
  },
  {
    "docID": "N010 Xia 2015 25641132",
    "et": "Matrix",
    "off": 2856,
    "sff": "matrix"
  },
  {
    "docID": "N010 Xia 2015 25641132",
    "et": "SpinalCentralPart",
    "off": 14282,
    "sff": "central"
  },
  {
    "docID": "N010 Xia 2015 25641132",
    "et": "SpinalCentralPart",
    "off": 9117,
    "sff": "central"
  },
  {
    "docID": "N010 Xia 2015 25641132",
    "et": "SpinalCentralPart",
    "off": 25613,
    "sff": "central"
  },
  {
    "docID": "N010 Xia 2015 25641132",
    "et": "SpinalCentralPart",
    "off": 2268,
    "sff": "central"
  },
  {
    "docID": "N010 Xia 2015 25641132",
    "et": "SpinalCentralPart",
    "off": 10839,
    "sff": "central"
  },
  {
    "docID": "N010 Xia 2015 25641132",
    "et": "SpinalCentralPart",
    "off": 2105,
    "sff": "central"
  },
  {
    "docID": "N010 Xia 2015 25641132",
    "et": "SpinalCentralPart",
    "off": 14532,
    "sff": "central"
  },
  {
    "docID": "N010 Xia 2015 25641132",
    "et": "SpinalCentralPart",
    "off": 10592,
    "sff": "central"
  },
  {
    "docID": "N010 Xia 2015 25641132",
    "et": "InjuryArea",
    "off": 21037,
    "sff": "area"
  },
  {
    "docID": "N010 Xia 2015 25641132",
    "et": "MedicationDuringSurgery",
    "off": 19408,
    "sff": "during"
  },
  {
    "docID": "N010 Xia 2015 25641132",
    "et": "MedicationDuringSurgery",
    "off": 14117,
    "sff": "during"
  },
  {
    "docID": "N010 Xia 2015 25641132",
    "et": "DNA",
    "off": 23008,
    "sff": "DNA"
  },
  {
    "docID": "N010 Xia 2015 25641132",
    "et": "Laminectomy",
    "off": 6051,
    "sff": "laminectomy"
  },
  {
    "docID": "N010 Xia 2015 25641132",
    "et": "SpinalWhiteMatter",
    "off": 22460,
    "sff": "white matter"
  },
  {
    "docID": "N010 Xia 2015 25641132",
    "et": "MethylprednisoloneMP",
    "off": 24959,
    "sff": "methylprednisolone"
  },
  {
    "docID": "N010 Xia 2015 25641132",
    "et": "Antibody",
    "off": 8572,
    "sff": "antibody"
  },
  {
    "docID": "N010 Xia 2015 25641132",
    "et": "Antibody",
    "off": 8653,
    "sff": "antibody"
  },
  {
    "docID": "N010 Xia 2015 25641132",
    "et": "Antibody",
    "off": 8227,
    "sff": "antibody"
  },
  {
    "docID": "N010 Xia 2015 25641132",
    "et": "ContusionType",
    "off": 25385,
    "sff": "contusion"
  },
  {
    "docID": "N010 Xia 2015 25641132",
    "et": "ContusionType",
    "off": 22064,
    "sff": "contusion"
  },
  {
    "docID": "N010 Xia 2015 25641132",
    "et": "ContusionType",
    "off": 23904,
    "sff": "contusion"
  },
  {
    "docID": "N010 Xia 2015 25641132",
    "et": "Protein",
    "off": 3010,
    "sff": "protein"
  },
  {
    "docID": "N010 Xia 2015 25641132",
    "et": "Protein",
    "off": 3508,
    "sff": "protein"
  },
  {
    "docID": "N010 Xia 2015 25641132",
    "et": "Protein",
    "off": 1479,
    "sff": "protein"
  },
  {
    "docID": "N010 Xia 2015 25641132",
    "et": "Protein",
    "off": 3575,
    "sff": "protein"
  },
  {
    "docID": "N010 Xia 2015 25641132",
    "et": "Protein",
    "off": 24554,
    "sff": "protein"
  },
  {
    "docID": "N010 Xia 2015 25641132",
    "et": "GlialCell",
    "off": 24253,
    "sff": "glial"
  },
  {
    "docID": "N010 Xia 2015 25641132",
    "et": "GlialCell",
    "off": 18105,
    "sff": "glial"
  },
  {
    "docID": "N010 Xia 2015 25641132",
    "et": "GlialCell",
    "off": 3344,
    "sff": "glial"
  },
  {
    "docID": "N010 Xia 2015 25641132",
    "et": "GlialCell",
    "off": 4299,
    "sff": "glial"
  },
  {
    "docID": "N010 Xia 2015 25641132",
    "et": "GlialCell",
    "off": 17698,
    "sff": "Glial"
  },
  {
    "docID": "N010 Xia 2015 25641132",
    "et": "GlialCell",
    "off": 23436,
    "sff": "glial"
  },
  {
    "docID": "N010 Xia 2015 25641132",
    "et": "GlialCell",
    "off": 21577,
    "sff": "glial"
  },
  {
    "docID": "N010 Xia 2015 25641132",
    "et": "GlialCell",
    "off": 15362,
    "sff": "glial"
  },
  {
    "docID": "N010 Xia 2015 25641132",
    "et": "GlialCell",
    "off": 2883,
    "sff": "glial"
  },
  {
    "docID": "N010 Xia 2015 25641132",
    "et": "GlialCell",
    "off": 1989,
    "sff": "glial"
  },
  {
    "docID": "N010 Xia 2015 25641132",
    "et": "GlialCell",
    "off": 3895,
    "sff": "Glial"
  },
  {
    "docID": "N010 Xia 2015 25641132",
    "et": "GlialCell",
    "off": 26458,
    "sff": "glial"
  },
  {
    "docID": "N010 Xia 2015 25641132",
    "et": "GlialCell",
    "off": 21723,
    "sff": "glial"
  },
  {
    "docID": "N010 Xia 2015 25641132",
    "et": "GlialCell",
    "off": 3484,
    "sff": "glial"
  },
  {
    "docID": "N010 Xia 2015 25641132",
    "et": "GlialCell",
    "off": 1559,
    "sff": "glial"
  },
  {
    "docID": "N010 Xia 2015 25641132",
    "et": "GlialCell",
    "off": 1048,
    "sff": "glial"
  },
  {
    "docID": "N010 Xia 2015 25641132",
    "et": "GlialCell",
    "off": 4568,
    "sff": "glial"
  },
  {
    "docID": "N010 Xia 2015 25641132",
    "et": "GlialCell",
    "off": 4760,
    "sff": "glial"
  },
  {
    "docID": "N010 Xia 2015 25641132",
    "et": "GlialCell",
    "off": 20889,
    "sff": "glial"
  },
  {
    "docID": "N010 Xia 2015 25641132",
    "et": "GlialCell",
    "off": 24530,
    "sff": "glial"
  },
  {
    "docID": "N010 Xia 2015 25641132",
    "et": "GlialCell",
    "off": 2387,
    "sff": "glial"
  },
  {
    "docID": "N010 Xia 2015 25641132",
    "et": "GlialCell",
    "off": 23059,
    "sff": "glial"
  },
  {
    "docID": "N010 Xia 2015 25641132",
    "et": "GlialCell",
    "off": 18260,
    "sff": "glial"
  },
  {
    "docID": "N010 Xia 2015 25641132",
    "et": "GlialCell",
    "off": 3925,
    "sff": "glial"
  },
  {
    "docID": "N010 Xia 2015 25641132",
    "et": "GlialCell",
    "off": 21423,
    "sff": "glial"
  },
  {
    "docID": "N010 Xia 2015 25641132",
    "et": "GlialCell",
    "off": 2091,
    "sff": "glial"
  },
  {
    "docID": "N010 Xia 2015 25641132",
    "et": "GlialCell",
    "off": 11560,
    "sff": "glial"
  },
  {
    "docID": "N010 Xia 2015 25641132",
    "et": "GlialCell",
    "off": 21161,
    "sff": "glial"
  },
  {
    "docID": "N010 Xia 2015 25641132",
    "et": "GlialCell",
    "off": 20387,
    "sff": "glial"
  },
  {
    "docID": "N010 Xia 2015 25641132",
    "et": "GlialCell",
    "off": 3876,
    "sff": "glial"
  },
  {
    "docID": "N010 Xia 2015 25641132",
    "et": "GlialCell",
    "off": 14628,
    "sff": "glial"
  },
  {
    "docID": "N010 Xia 2015 25641132",
    "et": "GlialCell",
    "off": 11685,
    "sff": "glial"
  },
  {
    "docID": "N010 Xia 2015 25641132",
    "et": "InfusionDelivery",
    "off": 1606,
    "sff": "infusion"
  },
  {
    "docID": "N010 Xia 2015 25641132",
    "et": "SpinalGrayMatter",
    "off": 15616,
    "sff": "gray matter"
  },
  {
    "docID": "N010 Xia 2015 25641132",
    "et": "SpinalGrayMatter",
    "off": 15462,
    "sff": "gray matter"
  },
  {
    "docID": "N010 Xia 2015 25641132",
    "et": "CompressionType",
    "off": 6751,
    "sff": "compression"
  },
  {
    "docID": "N010 Xia 2015 25641132",
    "et": "VimentinAntiSenseDNA",
    "off": 13888,
    "sff": "vimentin"
  },
  {
    "docID": "N010 Xia 2015 25641132",
    "et": "VimentinAntiSenseDNA",
    "off": 172,
    "sff": "Antisense"
  },
  {
    "docID": "N010 Xia 2015 25641132",
    "et": "VimentinAntiSenseDNA",
    "off": 3772,
    "sff": "vimentin"
  },
  {
    "docID": "N010 Xia 2015 25641132",
    "et": "VimentinAntiSenseDNA",
    "off": 3527,
    "sff": "vimentin"
  },
  {
    "docID": "N010 Xia 2015 25641132",
    "et": "VimentinAntiSenseDNA",
    "off": 20591,
    "sff": "vimentin antisense"
  },
  {
    "docID": "N010 Xia 2015 25641132",
    "et": "VimentinAntiSenseDNA",
    "off": 4744,
    "sff": "vimentin"
  },
  {
    "docID": "N010 Xia 2015 25641132",
    "et": "VimentinAntiSenseDNA",
    "off": 5060,
    "sff": "vimentin"
  },
  {
    "docID": "N010 Xia 2015 25641132",
    "et": "VimentinAntiSenseDNA",
    "off": 24198,
    "sff": "vimentin"
  },
  {
    "docID": "N010 Xia 2015 25641132",
    "et": "VimentinAntiSenseDNA",
    "off": 1628,
    "sff": "antisense"
  },
  {
    "docID": "N010 Xia 2015 25641132",
    "et": "VimentinAntiSenseDNA",
    "off": 1487,
    "sff": "vimentin"
  },
  {
    "docID": "N010 Xia 2015 25641132",
    "et": "VimentinAntiSenseDNA",
    "off": 13878,
    "sff": "Antisense"
  },
  {
    "docID": "N010 Xia 2015 25641132",
    "et": "VimentinAntiSenseDNA",
    "off": 24188,
    "sff": "Antisense"
  },
  {
    "docID": "N010 Xia 2015 25641132",
    "et": "VimentinAntiSenseDNA",
    "off": 5139,
    "sff": "antisense"
  },
  {
    "docID": "N010 Xia 2015 25641132",
    "et": "VimentinAntiSenseDNA",
    "off": 910,
    "sff": "vimentin"
  },
  {
    "docID": "N010 Xia 2015 25641132",
    "et": "VimentinAntiSenseDNA",
    "off": 792,
    "sff": "vimentin"
  },
  {
    "docID": "N010 Xia 2015 25641132",
    "et": "VimentinAntiSenseDNA",
    "off": 900,
    "sff": "Antisense"
  },
  {
    "docID": "N010 Xia 2015 25641132",
    "et": "VimentinAntiSenseDNA",
    "off": 3537,
    "sff": "Vimentin"
  },
  {
    "docID": "N010 Xia 2015 25641132",
    "et": "VimentinAntiSenseDNA",
    "off": 4734,
    "sff": "antisense"
  },
  {
    "docID": "N010 Xia 2015 25641132",
    "et": "VimentinAntiSenseDNA",
    "off": 5474,
    "sff": "vimentin"
  },
  {
    "docID": "N010 Xia 2015 25641132",
    "et": "VimentinAntiSenseDNA",
    "off": 8027,
    "sff": "vimentin"
  },
  {
    "docID": "N010 Xia 2015 25641132",
    "et": "VimentinAntiSenseDNA",
    "off": 3740,
    "sff": "vimentin antisense"
  },
  {
    "docID": "N010 Xia 2015 25641132",
    "et": "VimentinAntiSenseDNA",
    "off": 5149,
    "sff": "vimentin"
  },
  {
    "docID": "N010 Xia 2015 25641132",
    "et": "VimentinAntiSenseDNA",
    "off": 782,
    "sff": "Antisense"
  },
  {
    "docID": "N010 Xia 2015 25641132",
    "et": "VimentinAntiSenseDNA",
    "off": 5050,
    "sff": "antisense"
  },
  {
    "docID": "N010 Xia 2015 25641132",
    "et": "VimentinAntiSenseDNA",
    "off": 20643,
    "sff": "vimentin"
  },
  {
    "docID": "N010 Xia 2015 25641132",
    "et": "VimentinAntiSenseDNA",
    "off": 1638,
    "sff": "vimentin"
  },
  {
    "docID": "N010 Xia 2015 25641132",
    "et": "VimentinAntiSenseDNA",
    "off": 20784,
    "sff": "vimentin"
  },
  {
    "docID": "N010 Xia 2015 25641132",
    "et": "VimentinAntiSenseDNA",
    "off": 6254,
    "sff": "antisense"
  },
  {
    "docID": "N010 Xia 2015 25641132",
    "et": "VimentinAntiSenseDNA",
    "off": 5233,
    "sff": "vimentin"
  },
  {
    "docID": "N010 Xia 2015 25641132",
    "et": "VimentinAntiSenseDNA",
    "off": 22572,
    "sff": "vimentin"
  },
  {
    "docID": "N010 Xia 2015 25641132",
    "et": "VimentinAntiSenseDNA",
    "off": 4013,
    "sff": "vimentin"
  },
  {
    "docID": "N010 Xia 2015 25641132",
    "et": "VimentinAntiSenseDNA",
    "off": 6455,
    "sff": "vimentin"
  },
  {
    "docID": "N010 Xia 2015 25641132",
    "et": "VimentinAntiSenseDNA",
    "off": 6264,
    "sff": "vimentin"
  },
  {
    "docID": "N010 Xia 2015 25641132",
    "et": "VimentinAntiSenseDNA",
    "off": 24566,
    "sff": "vimentin"
  },
  {
    "docID": "N010 Xia 2015 25641132",
    "et": "VimentinAntiSenseDNA",
    "off": 182,
    "sff": "vimentin"
  },
  {
    "docID": "N010 Xia 2015 25641132",
    "et": "RatSpecies",
    "off": 9617,
    "sff": "rat"
  },
  {
    "docID": "N010 Xia 2015 25641132",
    "et": "RatSpecies",
    "off": 24763,
    "sff": "rat"
  },
  {
    "docID": "N010 Xia 2015 25641132",
    "et": "RatSpecies",
    "off": 22486,
    "sff": "rat"
  },
  {
    "docID": "N010 Xia 2015 25641132",
    "et": "RatSpecies",
    "off": 4792,
    "sff": "rat"
  },
  {
    "docID": "N010 Xia 2015 25641132",
    "et": "RatSpecies",
    "off": 23928,
    "sff": "rat"
  },
  {
    "docID": "N010 Xia 2015 25641132",
    "et": "RatSpecies",
    "off": 25013,
    "sff": "rat"
  },
  {
    "docID": "N010 Xia 2015 25641132",
    "et": "SodiumPentobarbital",
    "off": 5797,
    "sff": "sodium pentobarbital"
  },
  {
    "docID": "N010 Xia 2015 25641132",
    "et": "SodiumPentobarbital",
    "off": 6196,
    "sff": "sodium"
  },
  {
    "docID": "N010 Xia 2015 25641132",
    "et": "Caudal",
    "off": 15175,
    "sff": "caudal"
  },
  {
    "docID": "N010 Xia 2015 25641132",
    "et": "Caudal",
    "off": 11471,
    "sff": "caudal"
  },
  {
    "docID": "N010 Xia 2015 25641132",
    "et": "Caudal",
    "off": 20828,
    "sff": "caudal"
  },
  {
    "docID": "N010 Xia 2015 25641132",
    "et": "Caudal",
    "off": 6029,
    "sff": "caudal"
  },
  {
    "docID": "N010 Xia 2015 25641132",
    "et": "Enzyme",
    "off": 23012,
    "sff": "enzyme"
  },
  {
    "docID": "N010 Xia 2015 25641132",
    "et": "NewZealandRabbit",
    "off": 22110,
    "sff": "new"
  },
  {
    "docID": "N010 Xia 2015 25641132",
    "et": "NewZealandRabbit",
    "off": 5295,
    "sff": "New"
  },
  {
    "docID": "N010 Xia 2015 25641132",
    "et": "SigmaAldrich",
    "off": 6134,
    "sff": "Sigma"
  },
  {
    "docID": "N010 Xia 2015 25641132",
    "et": "T10",
    "off": 6047,
    "sff": "T10"
  },
  {
    "docID": "N010 Xia 2015 25641132",
    "et": "LightSource",
    "off": 22114,
    "sff": "light"
  },
  {
    "docID": "N010 Xia 2015 25641132",
    "et": "Compression",
    "off": 6751,
    "sff": "compression"
  },
  {
    "docID": "N010 Xia 2015 25641132",
    "et": "StemCellSourceType",
    "off": 5369,
    "sff": "cell"
  },
  {
    "docID": "N010 Xia 2015 25641132",
    "et": "StemCellSourceType",
    "off": 19055,
    "sff": "cell"
  },
  {
    "docID": "N010 Xia 2015 25641132",
    "et": "InVitroExperimentalProcedure",
    "off": 3827,
    "sff": "vitro"
  },
  {
    "docID": "N010 Xia 2015 25641132",
    "et": "InVitroExperimentalProcedure",
    "off": 22605,
    "sff": "vitro"
  },
  {
    "docID": "N010 Xia 2015 25641132",
    "et": "InVitroExperimentalProcedure",
    "off": 19431,
    "sff": "vitro"
  },
  {
    "docID": "N010 Xia 2015 25641132",
    "et": "InVitroExperimentalProcedure",
    "off": 26439,
    "sff": "vitro"
  },
  {
    "docID": "N010 Xia 2015 25641132",
    "et": "VentralInjuryArea",
    "off": 14225,
    "sff": "ventral"
  },
  {
    "docID": "N010 Xia 2015 25641132",
    "et": "AllenWeightDropDevice",
    "off": 25409,
    "sff": "weight-drop device"
  },
  {
    "docID": "N010 Xia 2015 25641132",
    "et": "AllenWeightDropDevice",
    "off": 7175,
    "sff": "weight"
  },
  {
    "docID": "N010 Xia 2015 25641132",
    "et": "AntiNogoAAntibody",
    "off": 24990,
    "sff": "Nogo"
  },
  {
    "docID": "N010 Xia 2015 25641132",
    "et": "LongEvansRat",
    "off": 17780,
    "sff": "long"
  },
  {
    "docID": "N010 Xia 2015 25641132",
    "et": "Cell",
    "off": 19055,
    "sff": "cell"
  },
  {
    "docID": "N010 Xia 2015 25641132",
    "et": "Cell",
    "off": 5369,
    "sff": "cell"
  },
  {
    "docID": "N010 Xia 2015 25641132",
    "et": "SpinalDorsalHalf",
    "off": 14268,
    "sff": "dorsal"
  },
  {
    "docID": "N010 Xia 2015 25641132",
    "et": "SpinalDorsalHalf",
    "off": 23099,
    "sff": "dorsal"
  },
  {
    "docID": "N010 Xia 2015 25641132",
    "et": "SpinalDorsalHalf",
    "off": 15034,
    "sff": "dorsal"
  },
  {
    "docID": "N010 Xia 2015 25641132",
    "et": "SpinalDorsalHalf",
    "off": 17274,
    "sff": "dorsal"
  },
  {
    "docID": "N010 Xia 2015 25641132",
    "et": "SpinalDorsalHalf",
    "off": 15317,
    "sff": "dorsal"
  },
  {
    "docID": "N010 Xia 2015 25641132",
    "et": "SpinalDorsalHalf",
    "off": 10387,
    "sff": "dorsal"
  },
  {
    "docID": "N010 Xia 2015 25641132",
    "et": "SpinalDorsalHalf",
    "off": 10578,
    "sff": "dorsal"
  },
  {
    "docID": "N010 Xia 2015 25641132",
    "et": "SpinalDorsalHalf",
    "off": 14738,
    "sff": "dorsal"
  },
  {
    "docID": "N010 Xia 2015 25641132",
    "et": "SpinalDorsalHalf",
    "off": 9168,
    "sff": "dorsal"
  },
  {
    "docID": "N010 Xia 2015 25641132",
    "et": "SpinalDorsalHalf",
    "off": 13999,
    "sff": "dorsal"
  },
  {
    "docID": "N010 Xia 2015 25641132",
    "et": "SpinalDorsalHalf",
    "off": 11373,
    "sff": "dorsal"
  },
  {
    "docID": "N010 Xia 2015 25641132",
    "et": "SpinalDorsalHalf",
    "off": 14507,
    "sff": "dorsal"
  },
  {
    "docID": "N010 Xia 2015 25641132",
    "et": "SpinalDorsalHalf",
    "off": 10186,
    "sff": "dorsal"
  },
  {
    "docID": "N010 Xia 2015 25641132",
    "et": "SpinalDorsalHalf",
    "off": 14245,
    "sff": "dorsal"
  },
  {
    "docID": "N010 Xia 2015 25641132",
    "et": "SpinalDorsalHalf",
    "off": 13248,
    "sff": "dorsal"
  },
  {
    "docID": "N010 Xia 2015 25641132",
    "et": "17BetaEstradiolE2",
    "off": 19151,
    "sff": "17"
  },
  {
    "docID": "N010 Xia 2015 25641132",
    "et": "17BetaEstradiolE2",
    "off": 25915,
    "sff": "17"
  },
  {
    "docID": "N010 Xia 2015 25641132",
    "et": "HematoxyLinEosin",
    "off": 25945,
    "sff": "Lin"
  },
  {
    "docID": "N010 Xia 2015 25641132",
    "et": "HematoxyLinEosin",
    "off": 9036,
    "sff": "hematoxylin"
  },
  {
    "docID": "N010 Xia 2015 25641132",
    "et": "HematoxyLinEosin",
    "off": 25103,
    "sff": "Lin"
  },
  {
    "docID": "N010 Xia 2015 25641132",
    "et": "HematoxyLinEosin",
    "off": 429,
    "sff": "Lin"
  },
  {
    "docID": "N010 Xia 2015 25641132",
    "et": "HematoxyLinEosin",
    "off": 24183,
    "sff": "Lin"
  },
  {
    "docID": "N010 Xia 2015 25641132",
    "et": "HematoxyLinEosin",
    "off": 22549,
    "sff": "Lin"
  },
  {
    "docID": "N010 Xia 2015 25641132",
    "et": "CorticospinalTract",
    "off": 4893,
    "sff": "corticospinal tract"
  },
  {
    "docID": "N010 Xia 2015 25641132",
    "et": "VentralHemisection",
    "off": 14225,
    "sff": "ventral"
  }
]
