[
  {
    "docID": "N019 Xia 2008  18930033",
    "et": "CompleteTransection",
    "off": 9815,
    "sff": "complete"
  },
  {
    "docID": "N019 Xia 2008  18930033",
    "et": "CompleteTransection",
    "off": 12841,
    "sff": "complete"
  },
  {
    "docID": "N019 Xia 2008  18930033",
    "et": "RecombinantEPORhEpo",
    "off": 3545,
    "sff": "recombinant"
  },
  {
    "docID": "N019 Xia 2008  18930033",
    "et": "RecombinantEPORhEpo",
    "off": 14843,
    "sff": "recombinant"
  },
  {
    "docID": "N019 Xia 2008  18930033",
    "et": "NYUImpactor",
    "off": 3732,
    "sff": "New York"
  },
  {
    "docID": "N019 Xia 2008  18930033",
    "et": "Virus",
    "off": 3972,
    "sff": "virus"
  },
  {
    "docID": "N019 Xia 2008  18930033",
    "et": "InhalationDelivery",
    "off": 5348,
    "sff": "inhalation"
  },
  {
    "docID": "N019 Xia 2008  18930033",
    "et": "AspirationLesion",
    "off": 4637,
    "sff": "aspiration"
  },
  {
    "docID": "N019 Xia 2008  18930033",
    "et": "DeliveryMethod",
    "off": 15000,
    "sff": "delivery"
  },
  {
    "docID": "N019 Xia 2008  18930033",
    "et": "RabbitSpecies",
    "off": 7257,
    "sff": "rabbit"
  },
  {
    "docID": "N019 Xia 2008  18930033",
    "et": "Rostral",
    "off": 10586,
    "sff": "rostral"
  },
  {
    "docID": "N019 Xia 2008  18930033",
    "et": "Rostral",
    "off": 11349,
    "sff": "rostral"
  },
  {
    "docID": "N019 Xia 2008  18930033",
    "et": "Rostral",
    "off": 4583,
    "sff": "rostral"
  },
  {
    "docID": "N019 Xia 2008  18930033",
    "et": "Rostral",
    "off": 9476,
    "sff": "rostral"
  },
  {
    "docID": "N019 Xia 2008  18930033",
    "et": "Rostral",
    "off": 12676,
    "sff": "rostral"
  },
  {
    "docID": "N019 Xia 2008  18930033",
    "et": "Rostral",
    "off": 10109,
    "sff": "rostral"
  },
  {
    "docID": "N019 Xia 2008  18930033",
    "et": "Rostral",
    "off": 5664,
    "sff": "rostral"
  },
  {
    "docID": "N019 Xia 2008  18930033",
    "et": "Rostral",
    "off": 10768,
    "sff": "rostral"
  },
  {
    "docID": "N019 Xia 2008  18930033",
    "et": "Rostral",
    "off": 11167,
    "sff": "rostral"
  },
  {
    "docID": "N019 Xia 2008  18930033",
    "et": "SpragueDawleyRat",
    "off": 4060,
    "sff": "Dawley rats"
  },
  {
    "docID": "N019 Xia 2008  18930033",
    "et": "SpragueDawleyRat",
    "off": 4060,
    "sff": "Dawley"
  },
  {
    "docID": "N019 Xia 2008  18930033",
    "et": "SpragueDawleyRat",
    "off": 4051,
    "sff": "Sprague"
  },
  {
    "docID": "N019 Xia 2008  18930033",
    "et": "ChondroitinaseABC",
    "off": 291,
    "sff": "chondroitinase ABC"
  },
  {
    "docID": "N019 Xia 2008  18930033",
    "et": "ChondroitinaseABC",
    "off": 1663,
    "sff": "Chondroitinase ABC"
  },
  {
    "docID": "N019 Xia 2008  18930033",
    "et": "ChondroitinaseABC",
    "off": 7054,
    "sff": "chondroitinase ABC"
  },
  {
    "docID": "N019 Xia 2008  18930033",
    "et": "Left",
    "off": 14137,
    "sff": "left"
  },
  {
    "docID": "N019 Xia 2008  18930033",
    "et": "LaminectomyType",
    "off": 4718,
    "sff": "laminectomy"
  },
  {
    "docID": "N019 Xia 2008  18930033",
    "et": "LaminectomyType",
    "off": 4337,
    "sff": "laminectomy"
  },
  {
    "docID": "N019 Xia 2008  18930033",
    "et": "Tissue",
    "off": 15592,
    "sff": "tissue"
  },
  {
    "docID": "N019 Xia 2008  18930033",
    "et": "Tissue",
    "off": 6380,
    "sff": "tissue"
  },
  {
    "docID": "N019 Xia 2008  18930033",
    "et": "Tissue",
    "off": 14269,
    "sff": "tissue"
  },
  {
    "docID": "N019 Xia 2008  18930033",
    "et": "Tissue",
    "off": 5727,
    "sff": "tissue"
  },
  {
    "docID": "N019 Xia 2008  18930033",
    "et": "Tissue",
    "off": 5652,
    "sff": "tissue"
  },
  {
    "docID": "N019 Xia 2008  18930033",
    "et": "SpinalLesionSite",
    "off": 11364,
    "sff": "lesion"
  },
  {
    "docID": "N019 Xia 2008  18930033",
    "et": "SpinalLesionSite",
    "off": 15276,
    "sff": "lesion site"
  },
  {
    "docID": "N019 Xia 2008  18930033",
    "et": "SpinalLesionSite",
    "off": 9491,
    "sff": "lesion"
  },
  {
    "docID": "N019 Xia 2008  18930033",
    "et": "SpinalLesionSite",
    "off": 10783,
    "sff": "lesion"
  },
  {
    "docID": "N019 Xia 2008  18930033",
    "et": "SpinalLesionSite",
    "off": 14223,
    "sff": "lesion"
  },
  {
    "docID": "N019 Xia 2008  18930033",
    "et": "SpinalLesionSite",
    "off": 5690,
    "sff": "lesion"
  },
  {
    "docID": "N019 Xia 2008  18930033",
    "et": "SpinalLesionSite",
    "off": 10124,
    "sff": "lesion"
  },
  {
    "docID": "N019 Xia 2008  18930033",
    "et": "SpinalLesionSite",
    "off": 14123,
    "sff": "lesion"
  },
  {
    "docID": "N019 Xia 2008  18930033",
    "et": "Weight",
    "off": 13188,
    "sff": "3G"
  },
  {
    "docID": "N019 Xia 2008  18930033",
    "et": "Weight",
    "off": 4081,
    "sff": "250–300 g"
  },
  {
    "docID": "N019 Xia 2008  18930033",
    "et": "T9",
    "off": 4711,
    "sff": "T9"
  },
  {
    "docID": "N019 Xia 2008  18930033",
    "et": "T9",
    "off": 4412,
    "sff": "T9"
  },
  {
    "docID": "N019 Xia 2008  18930033",
    "et": "CompoundBiologicalRelation",
    "off": 16684,
    "sff": "biological"
  },
  {
    "docID": "N019 Xia 2008  18930033",
    "et": "AnimalCareCondition",
    "off": 4204,
    "sff": "Care"
  },
  {
    "docID": "N019 Xia 2008  18930033",
    "et": "LateralHemisection",
    "off": 4380,
    "sff": "lateral hemisection"
  },
  {
    "docID": "N019 Xia 2008  18930033",
    "et": "LateralHemisection",
    "off": 9824,
    "sff": "lateral hemisection"
  },
  {
    "docID": "N019 Xia 2008  18930033",
    "et": "LateralHemisection",
    "off": 4559,
    "sff": "lateral"
  },
  {
    "docID": "N019 Xia 2008  18930033",
    "et": "Saline",
    "off": 10260,
    "sff": "saline"
  },
  {
    "docID": "N019 Xia 2008  18930033",
    "et": "Saline",
    "off": 8752,
    "sff": "saline"
  },
  {
    "docID": "N019 Xia 2008  18930033",
    "et": "Saline",
    "off": 9293,
    "sff": "saline"
  },
  {
    "docID": "N019 Xia 2008  18930033",
    "et": "Saline",
    "off": 9196,
    "sff": "saline"
  },
  {
    "docID": "N019 Xia 2008  18930033",
    "et": "Saline",
    "off": 5287,
    "sff": "saline"
  },
  {
    "docID": "N019 Xia 2008  18930033",
    "et": "Saline",
    "off": 8790,
    "sff": "saline"
  },
  {
    "docID": "N019 Xia 2008  18930033",
    "et": "Saline",
    "off": 6949,
    "sff": "saline"
  },
  {
    "docID": "N019 Xia 2008  18930033",
    "et": "Dosage",
    "off": 4085,
    "sff": "300 g"
  },
  {
    "docID": "N019 Xia 2008  18930033",
    "et": "Dosage",
    "off": 9471,
    "sff": "3 mm"
  },
  {
    "docID": "N019 Xia 2008  18930033",
    "et": "Dosage",
    "off": 12671,
    "sff": "3 mm"
  },
  {
    "docID": "N019 Xia 2008  18930033",
    "et": "Dosage",
    "off": 3860,
    "sff": "105 cfu/ml"
  },
  {
    "docID": "N019 Xia 2008  18930033",
    "et": "Dosage",
    "off": 10331,
    "sff": "1 mm"
  },
  {
    "docID": "N019 Xia 2008  18930033",
    "et": "Dosage",
    "off": 11162,
    "sff": "3 mm"
  },
  {
    "docID": "N019 Xia 2008  18930033",
    "et": "Dosage",
    "off": 15256,
    "sff": "3 mm"
  },
  {
    "docID": "N019 Xia 2008  18930033",
    "et": "Dosage",
    "off": 4289,
    "sff": "40 mg/kg"
  },
  {
    "docID": "N019 Xia 2008  18930033",
    "et": "Dosage",
    "off": 5659,
    "sff": "3 mm"
  },
  {
    "docID": "N019 Xia 2008  18930033",
    "et": "Dosage",
    "off": 10917,
    "sff": "1 mm"
  },
  {
    "docID": "N019 Xia 2008  18930033",
    "et": "Dosage",
    "off": 11344,
    "sff": "3 mm"
  },
  {
    "docID": "N019 Xia 2008  18930033",
    "et": "Dosage",
    "off": 13188,
    "sff": "3G"
  },
  {
    "docID": "N019 Xia 2008  18930033",
    "et": "Dosage",
    "off": 11498,
    "sff": "1 mm"
  },
  {
    "docID": "N019 Xia 2008  18930033",
    "et": "Dosage",
    "off": 10581,
    "sff": "3 mm"
  },
  {
    "docID": "N019 Xia 2008  18930033",
    "et": "Dosage",
    "off": 7425,
    "sff": "30%"
  },
  {
    "docID": "N019 Xia 2008  18930033",
    "et": "Dosage",
    "off": 7584,
    "sff": "0.3%"
  },
  {
    "docID": "N019 Xia 2008  18930033",
    "et": "Dosage",
    "off": 7536,
    "sff": "4%"
  },
  {
    "docID": "N019 Xia 2008  18930033",
    "et": "Dosage",
    "off": 5706,
    "sff": "8 mm"
  },
  {
    "docID": "N019 Xia 2008  18930033",
    "et": "Dosage",
    "off": 4941,
    "sff": "10 U/ml"
  },
  {
    "docID": "N019 Xia 2008  18930033",
    "et": "Dosage",
    "off": 10763,
    "sff": "3 mm"
  },
  {
    "docID": "N019 Xia 2008  18930033",
    "et": "BladderExpression",
    "off": 5558,
    "sff": "bladder"
  },
  {
    "docID": "N019 Xia 2008  18930033",
    "et": "Proliferation",
    "off": 2027,
    "sff": "proliferation"
  },
  {
    "docID": "N019 Xia 2008  18930033",
    "et": "Duration",
    "off": 8878,
    "sff": "2 weeks"
  },
  {
    "docID": "N019 Xia 2008  18930033",
    "et": "Duration",
    "off": 5804,
    "sff": "2 weeks"
  },
  {
    "docID": "N019 Xia 2008  18930033",
    "et": "Duration",
    "off": 7283,
    "sff": "2 h"
  },
  {
    "docID": "N019 Xia 2008  18930033",
    "et": "Duration",
    "off": 5524,
    "sff": "10 min"
  },
  {
    "docID": "N019 Xia 2008  18930033",
    "et": "Duration",
    "off": 6463,
    "sff": "2 weeks"
  },
  {
    "docID": "N019 Xia 2008  18930033",
    "et": "Duration",
    "off": 5438,
    "sff": "2 weeks"
  },
  {
    "docID": "N019 Xia 2008  18930033",
    "et": "Duration",
    "off": 8446,
    "sff": "2 weeks"
  },
  {
    "docID": "N019 Xia 2008  18930033",
    "et": "Duration",
    "off": 9746,
    "sff": "8 weeks"
  },
  {
    "docID": "N019 Xia 2008  18930033",
    "et": "Duration",
    "off": 7671,
    "sff": "1 h"
  },
  {
    "docID": "N019 Xia 2008  18930033",
    "et": "Duration",
    "off": 6994,
    "sff": "0.1 M"
  },
  {
    "docID": "N019 Xia 2008  18930033",
    "et": "Duration",
    "off": 7140,
    "sff": "2 h"
  },
  {
    "docID": "N019 Xia 2008  18930033",
    "et": "Duration",
    "off": 9972,
    "sff": "2 weeks"
  },
  {
    "docID": "N019 Xia 2008  18930033",
    "et": "Duration",
    "off": 7618,
    "sff": "30 min"
  },
  {
    "docID": "N019 Xia 2008  18930033",
    "et": "Duration",
    "off": 15088,
    "sff": "2 weeks"
  },
  {
    "docID": "N019 Xia 2008  18930033",
    "et": "Duration",
    "off": 10471,
    "sff": "8 weeks"
  },
  {
    "docID": "N019 Xia 2008  18930033",
    "et": "Duration",
    "off": 4995,
    "sff": "0.1 M"
  },
  {
    "docID": "N019 Xia 2008  18930033",
    "et": "Duration",
    "off": 5028,
    "sff": "0.03 M"
  },
  {
    "docID": "N019 Xia 2008  18930033",
    "et": "Duration",
    "off": 12938,
    "sff": "56 2 weeks"
  },
  {
    "docID": "N019 Xia 2008  18930033",
    "et": "Duration",
    "off": 12444,
    "sff": "8 weeks"
  },
  {
    "docID": "N019 Xia 2008  18930033",
    "et": "Duration",
    "off": 12969,
    "sff": "3H"
  },
  {
    "docID": "N019 Xia 2008  18930033",
    "et": "Duration",
    "off": 12061,
    "sff": "2 weeks"
  },
  {
    "docID": "N019 Xia 2008  18930033",
    "et": "Duration",
    "off": 7027,
    "sff": "0.03 M"
  },
  {
    "docID": "N019 Xia 2008  18930033",
    "et": "Duration",
    "off": 7450,
    "sff": "48 h"
  },
  {
    "docID": "N019 Xia 2008  18930033",
    "et": "Duration",
    "off": 11052,
    "sff": "8 weeks"
  },
  {
    "docID": "N019 Xia 2008  18930033",
    "et": "Duration",
    "off": 10131,
    "sff": "2 weeks"
  },
  {
    "docID": "N019 Xia 2008  18930033",
    "et": "Duration",
    "off": 11666,
    "sff": "2 weeks"
  },
  {
    "docID": "N019 Xia 2008  18930033",
    "et": "Duration",
    "off": 9521,
    "sff": "8 weeks"
  },
  {
    "docID": "N019 Xia 2008  18930033",
    "et": "LesionAdjacentTissue",
    "off": 14123,
    "sff": "lesion"
  },
  {
    "docID": "N019 Xia 2008  18930033",
    "et": "LesionAdjacentTissue",
    "off": 5690,
    "sff": "lesion"
  },
  {
    "docID": "N019 Xia 2008  18930033",
    "et": "LesionAdjacentTissue",
    "off": 11364,
    "sff": "lesion"
  },
  {
    "docID": "N019 Xia 2008  18930033",
    "et": "LesionAdjacentTissue",
    "off": 9491,
    "sff": "lesion"
  },
  {
    "docID": "N019 Xia 2008  18930033",
    "et": "LesionAdjacentTissue",
    "off": 10783,
    "sff": "lesion"
  },
  {
    "docID": "N019 Xia 2008  18930033",
    "et": "LesionAdjacentTissue",
    "off": 14223,
    "sff": "lesion"
  },
  {
    "docID": "N019 Xia 2008  18930033",
    "et": "LesionAdjacentTissue",
    "off": 10124,
    "sff": "lesion"
  },
  {
    "docID": "N019 Xia 2008  18930033",
    "et": "LesionAdjacentTissue",
    "off": 15276,
    "sff": "lesion"
  },
  {
    "docID": "N019 Xia 2008  18930033",
    "et": "CentralNervousSystem",
    "off": 1285,
    "sff": "central nervous system"
  },
  {
    "docID": "N019 Xia 2008  18930033",
    "et": "CentralNervousSystem",
    "off": 1285,
    "sff": "central nervous"
  },
  {
    "docID": "N019 Xia 2008  18930033",
    "et": "RocheMexico",
    "off": 5873,
    "sff": "Roche"
  },
  {
    "docID": "N019 Xia 2008  18930033",
    "et": "Matrix",
    "off": 16745,
    "sff": "matrix"
  },
  {
    "docID": "N019 Xia 2008  18930033",
    "et": "Matrix",
    "off": 1454,
    "sff": "matrix"
  },
  {
    "docID": "N019 Xia 2008  18930033",
    "et": "SpinalCentralPart",
    "off": 1285,
    "sff": "central"
  },
  {
    "docID": "N019 Xia 2008  18930033",
    "et": "InjuryArea",
    "off": 15788,
    "sff": "area"
  },
  {
    "docID": "N019 Xia 2008  18930033",
    "et": "MedicationDuringSurgery",
    "off": 4784,
    "sff": "during"
  },
  {
    "docID": "N019 Xia 2008  18930033",
    "et": "MedicationDuringSurgery",
    "off": 16394,
    "sff": "during"
  },
  {
    "docID": "N019 Xia 2008  18930033",
    "et": "MedicationDuringSurgery",
    "off": 4916,
    "sff": "during"
  },
  {
    "docID": "N019 Xia 2008  18930033",
    "et": "Laminectomy",
    "off": 4337,
    "sff": "laminectomy"
  },
  {
    "docID": "N019 Xia 2008  18930033",
    "et": "Laminectomy",
    "off": 4718,
    "sff": "laminectomy"
  },
  {
    "docID": "N019 Xia 2008  18930033",
    "et": "SpinalWhiteMatter",
    "off": 11321,
    "sff": "white"
  },
  {
    "docID": "N019 Xia 2008  18930033",
    "et": "SpinalWhiteMatter",
    "off": 10543,
    "sff": "white matter"
  },
  {
    "docID": "N019 Xia 2008  18930033",
    "et": "SpinalWhiteMatter",
    "off": 10740,
    "sff": "white"
  },
  {
    "docID": "N019 Xia 2008  18930033",
    "et": "SpinalWhiteMatter",
    "off": 11124,
    "sff": "white matter"
  },
  {
    "docID": "N019 Xia 2008  18930033",
    "et": "SpinalWhiteMatter",
    "off": 12648,
    "sff": "white"
  },
  {
    "docID": "N019 Xia 2008  18930033",
    "et": "Antibody",
    "off": 10060,
    "sff": "antibody"
  },
  {
    "docID": "N019 Xia 2008  18930033",
    "et": "Antibody",
    "off": 7809,
    "sff": "antibody"
  },
  {
    "docID": "N019 Xia 2008  18930033",
    "et": "Protein",
    "off": 2270,
    "sff": "protein"
  },
  {
    "docID": "N019 Xia 2008  18930033",
    "et": "Protein",
    "off": 1917,
    "sff": "protein"
  },
  {
    "docID": "N019 Xia 2008  18930033",
    "et": "Protein",
    "off": 7086,
    "sff": "protein"
  },
  {
    "docID": "N019 Xia 2008  18930033",
    "et": "Protein",
    "off": 450,
    "sff": "protein"
  },
  {
    "docID": "N019 Xia 2008  18930033",
    "et": "Protein",
    "off": 2188,
    "sff": "protein"
  },
  {
    "docID": "N019 Xia 2008  18930033",
    "et": "Protein",
    "off": 1593,
    "sff": "protein"
  },
  {
    "docID": "N019 Xia 2008  18930033",
    "et": "GlialCell",
    "off": 1481,
    "sff": "glial"
  },
  {
    "docID": "N019 Xia 2008  18930033",
    "et": "GlialCell",
    "off": 842,
    "sff": "glial"
  },
  {
    "docID": "N019 Xia 2008  18930033",
    "et": "GlialCell",
    "off": 1354,
    "sff": "glial"
  },
  {
    "docID": "N019 Xia 2008  18930033",
    "et": "GlialCell",
    "off": 13991,
    "sff": "glial"
  },
  {
    "docID": "N019 Xia 2008  18930033",
    "et": "GlialCell",
    "off": 3397,
    "sff": "glial"
  },
  {
    "docID": "N019 Xia 2008  18930033",
    "et": "GlialCell",
    "off": 11302,
    "sff": "glial"
  },
  {
    "docID": "N019 Xia 2008  18930033",
    "et": "GlialCell",
    "off": 17254,
    "sff": "glial"
  },
  {
    "docID": "N019 Xia 2008  18930033",
    "et": "GlialCell",
    "off": 2563,
    "sff": "glial"
  },
  {
    "docID": "N019 Xia 2008  18930033",
    "et": "GlialCell",
    "off": 11108,
    "sff": "glial"
  },
  {
    "docID": "N019 Xia 2008  18930033",
    "et": "GlialCell",
    "off": 36,
    "sff": "glial"
  },
  {
    "docID": "N019 Xia 2008  18930033",
    "et": "GlialCell",
    "off": 1124,
    "sff": "glial"
  },
  {
    "docID": "N019 Xia 2008  18930033",
    "et": "GlialCell",
    "off": 16995,
    "sff": "glial"
  },
  {
    "docID": "N019 Xia 2008  18930033",
    "et": "GlialCell",
    "off": 2945,
    "sff": "glial"
  },
  {
    "docID": "N019 Xia 2008  18930033",
    "et": "GlialCell",
    "off": 10721,
    "sff": "glial"
  },
  {
    "docID": "N019 Xia 2008  18930033",
    "et": "GlialCell",
    "off": 10527,
    "sff": "glial"
  },
  {
    "docID": "N019 Xia 2008  18930033",
    "et": "GlialCell",
    "off": 13799,
    "sff": "Glial"
  },
  {
    "docID": "N019 Xia 2008  18930033",
    "et": "GlialCell",
    "off": 222,
    "sff": "glial"
  },
  {
    "docID": "N019 Xia 2008  18930033",
    "et": "GlialCell",
    "off": 13661,
    "sff": "glial"
  },
  {
    "docID": "N019 Xia 2008  18930033",
    "et": "GlialCell",
    "off": 3097,
    "sff": "glial"
  },
  {
    "docID": "N019 Xia 2008  18930033",
    "et": "GlialCell",
    "off": 2164,
    "sff": "glial"
  },
  {
    "docID": "N019 Xia 2008  18930033",
    "et": "GlialCell",
    "off": 2520,
    "sff": "Glial"
  },
  {
    "docID": "N019 Xia 2008  18930033",
    "et": "GlialCell",
    "off": 14672,
    "sff": "glial"
  },
  {
    "docID": "N019 Xia 2008  18930033",
    "et": "GlialCell",
    "off": 2064,
    "sff": "glial"
  },
  {
    "docID": "N019 Xia 2008  18930033",
    "et": "SpinalGrayMatter",
    "off": 12658,
    "sff": "gray"
  },
  {
    "docID": "N019 Xia 2008  18930033",
    "et": "SpinalGrayMatter",
    "off": 10750,
    "sff": "gray"
  },
  {
    "docID": "N019 Xia 2008  18930033",
    "et": "SpinalGrayMatter",
    "off": 10565,
    "sff": "gray matter"
  },
  {
    "docID": "N019 Xia 2008  18930033",
    "et": "SpinalGrayMatter",
    "off": 11146,
    "sff": "gray matter"
  },
  {
    "docID": "N019 Xia 2008  18930033",
    "et": "SpinalGrayMatter",
    "off": 11331,
    "sff": "gray"
  },
  {
    "docID": "N019 Xia 2008  18930033",
    "et": "CompressionType",
    "off": 5566,
    "sff": "compression"
  },
  {
    "docID": "N019 Xia 2008  18930033",
    "et": "PostSurgeryCondition",
    "off": 4799,
    "sff": "Surgery"
  },
  {
    "docID": "N019 Xia 2008  18930033",
    "et": "VimentinAntiSenseDNA",
    "off": 2220,
    "sff": "vimentin"
  },
  {
    "docID": "N019 Xia 2008  18930033",
    "et": "VimentinAntiSenseDNA",
    "off": 3500,
    "sff": "vimentin"
  },
  {
    "docID": "N019 Xia 2008  18930033",
    "et": "VimentinAntiSenseDNA",
    "off": 12490,
    "sff": "antisense"
  },
  {
    "docID": "N019 Xia 2008  18930033",
    "et": "VimentinAntiSenseDNA",
    "off": 11563,
    "sff": "vimentin"
  },
  {
    "docID": "N019 Xia 2008  18930033",
    "et": "VimentinAntiSenseDNA",
    "off": 15145,
    "sff": "vimentin"
  },
  {
    "docID": "N019 Xia 2008  18930033",
    "et": "VimentinAntiSenseDNA",
    "off": 11831,
    "sff": "vimentin"
  },
  {
    "docID": "N019 Xia 2008  18930033",
    "et": "VimentinAntiSenseDNA",
    "off": 9270,
    "sff": "vimentin"
  },
  {
    "docID": "N019 Xia 2008  18930033",
    "et": "VimentinAntiSenseDNA",
    "off": 15409,
    "sff": "vimentin"
  },
  {
    "docID": "N019 Xia 2008  18930033",
    "et": "VimentinAntiSenseDNA",
    "off": 582,
    "sff": "antisense"
  },
  {
    "docID": "N019 Xia 2008  18930033",
    "et": "VimentinAntiSenseDNA",
    "off": 6704,
    "sff": "vimentin"
  },
  {
    "docID": "N019 Xia 2008  18930033",
    "et": "VimentinAntiSenseDNA",
    "off": 14896,
    "sff": "vimentin"
  },
  {
    "docID": "N019 Xia 2008  18930033",
    "et": "VimentinAntiSenseDNA",
    "off": 3259,
    "sff": "antisense"
  },
  {
    "docID": "N019 Xia 2008  18930033",
    "et": "VimentinAntiSenseDNA",
    "off": 11708,
    "sff": "vimentin"
  },
  {
    "docID": "N019 Xia 2008  18930033",
    "et": "VimentinAntiSenseDNA",
    "off": 9659,
    "sff": "vimentin"
  },
  {
    "docID": "N019 Xia 2008  18930033",
    "et": "VimentinAntiSenseDNA",
    "off": 8634,
    "sff": "vimentin"
  },
  {
    "docID": "N019 Xia 2008  18930033",
    "et": "VimentinAntiSenseDNA",
    "off": 17081,
    "sff": "vimentin"
  },
  {
    "docID": "N019 Xia 2008  18930033",
    "et": "VimentinAntiSenseDNA",
    "off": 3269,
    "sff": "vimentin"
  },
  {
    "docID": "N019 Xia 2008  18930033",
    "et": "VimentinAntiSenseDNA",
    "off": 11205,
    "sff": "vimentin"
  },
  {
    "docID": "N019 Xia 2008  18930033",
    "et": "VimentinAntiSenseDNA",
    "off": 12356,
    "sff": "vimentin"
  },
  {
    "docID": "N019 Xia 2008  18930033",
    "et": "VimentinAntiSenseDNA",
    "off": 8399,
    "sff": "Vimentin"
  },
  {
    "docID": "N019 Xia 2008  18930033",
    "et": "VimentinAntiSenseDNA",
    "off": 10614,
    "sff": "Antisense"
  },
  {
    "docID": "N019 Xia 2008  18930033",
    "et": "VimentinAntiSenseDNA",
    "off": 12555,
    "sff": "vimentin"
  },
  {
    "docID": "N019 Xia 2008  18930033",
    "et": "VimentinAntiSenseDNA",
    "off": 2442,
    "sff": "vimentin"
  },
  {
    "docID": "N019 Xia 2008  18930033",
    "et": "VimentinAntiSenseDNA",
    "off": 9327,
    "sff": "antisense"
  },
  {
    "docID": "N019 Xia 2008  18930033",
    "et": "VimentinAntiSenseDNA",
    "off": 9608,
    "sff": "vimentin"
  },
  {
    "docID": "N019 Xia 2008  18930033",
    "et": "VimentinAntiSenseDNA",
    "off": 14356,
    "sff": "vimentin"
  },
  {
    "docID": "N019 Xia 2008  18930033",
    "et": "VimentinAntiSenseDNA",
    "off": 12136,
    "sff": "antisense"
  },
  {
    "docID": "N019 Xia 2008  18930033",
    "et": "VimentinAntiSenseDNA",
    "off": 5150,
    "sff": "vimentin"
  },
  {
    "docID": "N019 Xia 2008  18930033",
    "et": "VimentinAntiSenseDNA",
    "off": 9374,
    "sff": "vimentin"
  },
  {
    "docID": "N019 Xia 2008  18930033",
    "et": "VimentinAntiSenseDNA",
    "off": 10971,
    "sff": "antisense"
  },
  {
    "docID": "N019 Xia 2008  18930033",
    "et": "VimentinAntiSenseDNA",
    "off": 667,
    "sff": "vimentin"
  },
  {
    "docID": "N019 Xia 2008  18930033",
    "et": "VimentinAntiSenseDNA",
    "off": 7706,
    "sff": "vimentin"
  },
  {
    "docID": "N019 Xia 2008  18930033",
    "et": "VimentinAntiSenseDNA",
    "off": 5087,
    "sff": "antisense"
  },
  {
    "docID": "N019 Xia 2008  18930033",
    "et": "VimentinAntiSenseDNA",
    "off": 2230,
    "sff": "Vimentin"
  },
  {
    "docID": "N019 Xia 2008  18930033",
    "et": "VimentinAntiSenseDNA",
    "off": 10400,
    "sff": "vimentin"
  },
  {
    "docID": "N019 Xia 2008  18930033",
    "et": "VimentinAntiSenseDNA",
    "off": 2407,
    "sff": "vimentin antisense"
  },
  {
    "docID": "N019 Xia 2008  18930033",
    "et": "VimentinAntiSenseDNA",
    "off": 657,
    "sff": "antisense"
  },
  {
    "docID": "N019 Xia 2008  18930033",
    "et": "VimentinAntiSenseDNA",
    "off": 5097,
    "sff": "vimentin"
  },
  {
    "docID": "N019 Xia 2008  18930033",
    "et": "VimentinAntiSenseDNA",
    "off": 12009,
    "sff": "vimentin"
  },
  {
    "docID": "N019 Xia 2008  18930033",
    "et": "VimentinAntiSenseDNA",
    "off": 8936,
    "sff": "vimentin"
  },
  {
    "docID": "N019 Xia 2008  18930033",
    "et": "VimentinAntiSenseDNA",
    "off": 11894,
    "sff": "vimentin"
  },
  {
    "docID": "N019 Xia 2008  18930033",
    "et": "VimentinAntiSenseDNA",
    "off": 15221,
    "sff": "vimentin"
  },
  {
    "docID": "N019 Xia 2008  18930033",
    "et": "VimentinAntiSenseDNA",
    "off": 12146,
    "sff": "vimentin"
  },
  {
    "docID": "N019 Xia 2008  18930033",
    "et": "VimentinAntiSenseDNA",
    "off": 3581,
    "sff": "antisense"
  },
  {
    "docID": "N019 Xia 2008  18930033",
    "et": "VimentinAntiSenseDNA",
    "off": 11770,
    "sff": "vimentin"
  },
  {
    "docID": "N019 Xia 2008  18930033",
    "et": "VimentinAntiSenseDNA",
    "off": 9337,
    "sff": "vimentin"
  },
  {
    "docID": "N019 Xia 2008  18930033",
    "et": "VimentinAntiSenseDNA",
    "off": 9598,
    "sff": "antisense"
  },
  {
    "docID": "N019 Xia 2008  18930033",
    "et": "VimentinAntiSenseDNA",
    "off": 3591,
    "sff": "vimentin"
  },
  {
    "docID": "N019 Xia 2008  18930033",
    "et": "VimentinAntiSenseDNA",
    "off": 8838,
    "sff": "vimentin"
  },
  {
    "docID": "N019 Xia 2008  18930033",
    "et": "VimentinAntiSenseDNA",
    "off": 9649,
    "sff": "Antisense"
  },
  {
    "docID": "N019 Xia 2008  18930033",
    "et": "VimentinAntiSenseDNA",
    "off": 15492,
    "sff": "vimentin"
  },
  {
    "docID": "N019 Xia 2008  18930033",
    "et": "VimentinAntiSenseDNA",
    "off": 10624,
    "sff": "vimentin"
  },
  {
    "docID": "N019 Xia 2008  18930033",
    "et": "VimentinAntiSenseDNA",
    "off": 5327,
    "sff": "vimentin"
  },
  {
    "docID": "N019 Xia 2008  18930033",
    "et": "VimentinAntiSenseDNA",
    "off": 8524,
    "sff": "vimentin"
  },
  {
    "docID": "N019 Xia 2008  18930033",
    "et": "VimentinAntiSenseDNA",
    "off": 11698,
    "sff": "Antisense"
  },
  {
    "docID": "N019 Xia 2008  18930033",
    "et": "VimentinAntiSenseDNA",
    "off": 12235,
    "sff": "vimentin"
  },
  {
    "docID": "N019 Xia 2008  18930033",
    "et": "VimentinAntiSenseDNA",
    "off": 458,
    "sff": "vimentin"
  },
  {
    "docID": "N019 Xia 2008  18930033",
    "et": "VimentinAntiSenseDNA",
    "off": 17071,
    "sff": "antisense"
  },
  {
    "docID": "N019 Xia 2008  18930033",
    "et": "VimentinAntiSenseDNA",
    "off": 3670,
    "sff": "vimentin"
  },
  {
    "docID": "N019 Xia 2008  18930033",
    "et": "VimentinAntiSenseDNA",
    "off": 9558,
    "sff": "vimentin"
  },
  {
    "docID": "N019 Xia 2008  18930033",
    "et": "VimentinAntiSenseDNA",
    "off": 3490,
    "sff": "antisense"
  },
  {
    "docID": "N019 Xia 2008  18930033",
    "et": "VimentinAntiSenseDNA",
    "off": 12500,
    "sff": "vimentin"
  },
  {
    "docID": "N019 Xia 2008  18930033",
    "et": "VimentinAntiSenseDNA",
    "off": 11195,
    "sff": "Antisense"
  },
  {
    "docID": "N019 Xia 2008  18930033",
    "et": "VimentinAntiSenseDNA",
    "off": 592,
    "sff": "vimentin"
  },
  {
    "docID": "N019 Xia 2008  18930033",
    "et": "VimentinAntiSenseDNA",
    "off": 14886,
    "sff": "antisense"
  },
  {
    "docID": "N019 Xia 2008  18930033",
    "et": "VimentinAntiSenseDNA",
    "off": 14938,
    "sff": "vimentin"
  },
  {
    "docID": "N019 Xia 2008  18930033",
    "et": "VimentinAntiSenseDNA",
    "off": 3941,
    "sff": "vimentin"
  },
  {
    "docID": "N019 Xia 2008  18930033",
    "et": "VimentinAntiSenseDNA",
    "off": 9451,
    "sff": "Vimentin"
  },
  {
    "docID": "N019 Xia 2008  18930033",
    "et": "VimentinAntiSenseDNA",
    "off": 10981,
    "sff": "vimentin"
  },
  {
    "docID": "N019 Xia 2008  18930033",
    "et": "VimentinAntiSenseDNA",
    "off": 6116,
    "sff": "vimentin"
  },
  {
    "docID": "N019 Xia 2008  18930033",
    "et": "VimentinAntiSenseDNA",
    "off": 2658,
    "sff": "vimentin"
  },
  {
    "docID": "N019 Xia 2008  18930033",
    "et": "VimentinAntiSenseDNA",
    "off": 9058,
    "sff": "vimentin"
  },
  {
    "docID": "N019 Xia 2008  18930033",
    "et": "VimentinAntiSenseDNA",
    "off": 10390,
    "sff": "antisense"
  },
  {
    "docID": "N019 Xia 2008  18930033",
    "et": "RatSpecies",
    "off": 705,
    "sff": "rat"
  },
  {
    "docID": "N019 Xia 2008  18930033",
    "et": "RatSpecies",
    "off": 3311,
    "sff": "rat"
  },
  {
    "docID": "N019 Xia 2008  18930033",
    "et": "SodiumPentobarbital",
    "off": 6421,
    "sff": "sodium"
  },
  {
    "docID": "N019 Xia 2008  18930033",
    "et": "SodiumPentobarbital",
    "off": 5012,
    "sff": "sodium"
  },
  {
    "docID": "N019 Xia 2008  18930033",
    "et": "SodiumPentobarbital",
    "off": 4267,
    "sff": "sodium pentobarbital"
  },
  {
    "docID": "N019 Xia 2008  18930033",
    "et": "SodiumPentobarbital",
    "off": 7011,
    "sff": "sodium"
  },
  {
    "docID": "N019 Xia 2008  18930033",
    "et": "Caudal",
    "off": 4697,
    "sff": "caudal"
  },
  {
    "docID": "N019 Xia 2008  18930033",
    "et": "Caudal",
    "off": 5676,
    "sff": "caudal"
  },
  {
    "docID": "N019 Xia 2008  18930033",
    "et": "Caudal",
    "off": 12688,
    "sff": "caudal"
  },
  {
    "docID": "N019 Xia 2008  18930033",
    "et": "Caudal",
    "off": 4595,
    "sff": "caudal"
  },
  {
    "docID": "N019 Xia 2008  18930033",
    "et": "Enzyme",
    "off": 1694,
    "sff": "enzyme"
  },
  {
    "docID": "N019 Xia 2008  18930033",
    "et": "Enzyme",
    "off": 16154,
    "sff": "enzyme"
  },
  {
    "docID": "N019 Xia 2008  18930033",
    "et": "NewZealandRabbit",
    "off": 3732,
    "sff": "New"
  },
  {
    "docID": "N019 Xia 2008  18930033",
    "et": "SigmaAldrich",
    "off": 4950,
    "sff": "Sigma"
  },
  {
    "docID": "N019 Xia 2008  18930033",
    "et": "SigmaAldrich",
    "off": 6803,
    "sff": "Sigma"
  },
  {
    "docID": "N019 Xia 2008  18930033",
    "et": "T10",
    "off": 4415,
    "sff": "T10"
  },
  {
    "docID": "N019 Xia 2008  18930033",
    "et": "T10",
    "off": 4714,
    "sff": "T10"
  },
  {
    "docID": "N019 Xia 2008  18930033",
    "et": "LightSource",
    "off": 17388,
    "sff": "light"
  },
  {
    "docID": "N019 Xia 2008  18930033",
    "et": "Compression",
    "off": 5566,
    "sff": "compression"
  },
  {
    "docID": "N019 Xia 2008  18930033",
    "et": "Seikagaku",
    "off": 6876,
    "sff": "Seikagaku"
  },
  {
    "docID": "N019 Xia 2008  18930033",
    "et": "RNA",
    "off": 5596,
    "sff": "RNA"
  },
  {
    "docID": "N019 Xia 2008  18930033",
    "et": "RNA",
    "off": 5832,
    "sff": "RNA"
  },
  {
    "docID": "N019 Xia 2008  18930033",
    "et": "StemCellSourceType",
    "off": 3806,
    "sff": "cell"
  },
  {
    "docID": "N019 Xia 2008  18930033",
    "et": "StemCellSourceType",
    "off": 2002,
    "sff": "cell"
  },
  {
    "docID": "N019 Xia 2008  18930033",
    "et": "StemCellSourceType",
    "off": 16740,
    "sff": "cell"
  },
  {
    "docID": "N019 Xia 2008  18930033",
    "et": "InVitroExperimentalProcedure",
    "off": 2497,
    "sff": "vitro"
  },
  {
    "docID": "N019 Xia 2008  18930033",
    "et": "InVitroExperimentalProcedure",
    "off": 15543,
    "sff": "vitro"
  },
  {
    "docID": "N019 Xia 2008  18930033",
    "et": "InVitroExperimentalProcedure",
    "off": 13306,
    "sff": "vitro"
  },
  {
    "docID": "N019 Xia 2008  18930033",
    "et": "AntiNG2Antibody",
    "off": 15907,
    "sff": "NG2"
  },
  {
    "docID": "N019 Xia 2008  18930033",
    "et": "LongEvansRat",
    "off": 13729,
    "sff": "long"
  },
  {
    "docID": "N019 Xia 2008  18930033",
    "et": "LongEvansRat",
    "off": 5711,
    "sff": "long"
  },
  {
    "docID": "N019 Xia 2008  18930033",
    "et": "Cell",
    "off": 3806,
    "sff": "cell"
  },
  {
    "docID": "N019 Xia 2008  18930033",
    "et": "Cell",
    "off": 2002,
    "sff": "cell"
  },
  {
    "docID": "N019 Xia 2008  18930033",
    "et": "Cell",
    "off": 16740,
    "sff": "cell"
  },
  {
    "docID": "N019 Xia 2008  18930033",
    "et": "17BetaEstradiolE2",
    "off": 15864,
    "sff": "17"
  },
  {
    "docID": "N019 Xia 2008  18930033",
    "et": "CompleteTransectionType",
    "off": 9815,
    "sff": "complete"
  },
  {
    "docID": "N019 Xia 2008  18930033",
    "et": "CompleteTransectionType",
    "off": 12841,
    "sff": "complete"
  },
  {
    "docID": "N019 Xia 2008  18930033",
    "et": "Embryonic",
    "off": 2207,
    "sff": "embryonic"
  },
  {
    "docID": "N019 Xia 2008  18930033",
    "et": "BodyTemperatureMeasurement",
    "off": 4899,
    "sff": "body temperature"
  },
  {
    "docID": "N019 Xia 2008  18930033",
    "et": "BodyTemperatureMeasurement",
    "off": 7602,
    "sff": "temperature"
  },
  {
    "docID": "N019 Xia 2008  18930033",
    "et": "BodyTemperatureMeasurement",
    "off": 7295,
    "sff": "temperature"
  },
  {
    "docID": "N019 Xia 2008  18930033",
    "et": "CompleteInjuryArea",
    "off": 12841,
    "sff": "complete"
  },
  {
    "docID": "N019 Xia 2008  18930033",
    "et": "CompleteInjuryArea",
    "off": 9815,
    "sff": "complete"
  }
]
