[
  {
    "docID": "N024 Chau 2004 14630702",
    "et": "DeliveryMethod",
    "off": 1068,
    "sff": "delivery"
  },
  {
    "docID": "N024 Chau 2004 14630702",
    "et": "DeliveryMethod",
    "off": 10105,
    "sff": "delivery"
  },
  {
    "docID": "N024 Chau 2004 14630702",
    "et": "Rostral",
    "off": 4535,
    "sff": "rostral"
  },
  {
    "docID": "N024 Chau 2004 14630702",
    "et": "ChondroitinaseABC",
    "off": 1080,
    "sff": "chondroitinase ABC"
  },
  {
    "docID": "N024 Chau 2004 14630702",
    "et": "Left",
    "off": 1902,
    "sff": "left"
  },
  {
    "docID": "N024 Chau 2004 14630702",
    "et": "Tissue",
    "off": 2710,
    "sff": "tissue"
  },
  {
    "docID": "N024 Chau 2004 14630702",
    "et": "Tissue",
    "off": 8342,
    "sff": "tissue"
  },
  {
    "docID": "N024 Chau 2004 14630702",
    "et": "Tissue",
    "off": 8470,
    "sff": "tissue"
  },
  {
    "docID": "N024 Chau 2004 14630702",
    "et": "Tissue",
    "off": 1557,
    "sff": "tissue"
  },
  {
    "docID": "N024 Chau 2004 14630702",
    "et": "Tissue",
    "off": 10389,
    "sff": "tissue"
  },
  {
    "docID": "N024 Chau 2004 14630702",
    "et": "Tissue",
    "off": 5266,
    "sff": "tissue"
  },
  {
    "docID": "N024 Chau 2004 14630702",
    "et": "Tissue",
    "off": 11730,
    "sff": "tissue"
  },
  {
    "docID": "N024 Chau 2004 14630702",
    "et": "Tissue",
    "off": 11793,
    "sff": "tissue"
  },
  {
    "docID": "N024 Chau 2004 14630702",
    "et": "Tissue",
    "off": 8985,
    "sff": "tissue"
  },
  {
    "docID": "N024 Chau 2004 14630702",
    "et": "Tissue",
    "off": 7973,
    "sff": "tissue"
  },
  {
    "docID": "N024 Chau 2004 14630702",
    "et": "Tissue",
    "off": 6433,
    "sff": "tissue"
  },
  {
    "docID": "N024 Chau 2004 14630702",
    "et": "Tissue",
    "off": 7406,
    "sff": "tissue"
  },
  {
    "docID": "N024 Chau 2004 14630702",
    "et": "Tissue",
    "off": 7471,
    "sff": "tissue"
  },
  {
    "docID": "N024 Chau 2004 14630702",
    "et": "Tissue",
    "off": 7532,
    "sff": "tissue"
  },
  {
    "docID": "N024 Chau 2004 14630702",
    "et": "Tissue",
    "off": 6376,
    "sff": "tissue"
  },
  {
    "docID": "N024 Chau 2004 14630702",
    "et": "Tissue",
    "off": 8055,
    "sff": "tissue"
  },
  {
    "docID": "N024 Chau 2004 14630702",
    "et": "Tissue",
    "off": 8953,
    "sff": "tissue"
  },
  {
    "docID": "N024 Chau 2004 14630702",
    "et": "Tissue",
    "off": 11193,
    "sff": "tissue"
  },
  {
    "docID": "N024 Chau 2004 14630702",
    "et": "Tissue",
    "off": 6662,
    "sff": "tissue"
  },
  {
    "docID": "N024 Chau 2004 14630702",
    "et": "Tissue",
    "off": 8194,
    "sff": "tissue"
  },
  {
    "docID": "N024 Chau 2004 14630702",
    "et": "Tissue",
    "off": 6593,
    "sff": "tissue"
  },
  {
    "docID": "N024 Chau 2004 14630702",
    "et": "Tissue",
    "off": 6734,
    "sff": "tissue"
  },
  {
    "docID": "N024 Chau 2004 14630702",
    "et": "Tissue",
    "off": 4299,
    "sff": "tissue"
  },
  {
    "docID": "N024 Chau 2004 14630702",
    "et": "Tissue",
    "off": 1160,
    "sff": "tissue"
  },
  {
    "docID": "N024 Chau 2004 14630702",
    "et": "Tissue",
    "off": 7880,
    "sff": "tissue"
  },
  {
    "docID": "N024 Chau 2004 14630702",
    "et": "ChinaShenyangSunshinePharmaceuticalCompany",
    "off": 327,
    "sff": "China"
  },
  {
    "docID": "N024 Chau 2004 14630702",
    "et": "ChinaShenyangSunshinePharmaceuticalCompany",
    "off": 694,
    "sff": "China"
  },
  {
    "docID": "N024 Chau 2004 14630702",
    "et": "T8",
    "off": 3308,
    "sff": "T8"
  },
  {
    "docID": "N024 Chau 2004 14630702",
    "et": "Dosage",
    "off": 3266,
    "sff": "3mm"
  },
  {
    "docID": "N024 Chau 2004 14630702",
    "et": "Dosage",
    "off": 4766,
    "sff": "0.98 mm"
  },
  {
    "docID": "N024 Chau 2004 14630702",
    "et": "Dosage",
    "off": 4727,
    "sff": "5 mm"
  },
  {
    "docID": "N024 Chau 2004 14630702",
    "et": "Dosage",
    "off": 5473,
    "sff": "45%"
  },
  {
    "docID": "N024 Chau 2004 14630702",
    "et": "Vehicle",
    "off": 5997,
    "sff": "vehicle"
  },
  {
    "docID": "N024 Chau 2004 14630702",
    "et": "Vehicle",
    "off": 5500,
    "sff": "vehicle"
  },
  {
    "docID": "N024 Chau 2004 14630702",
    "et": "Vehicle",
    "off": 5786,
    "sff": "vehicle"
  },
  {
    "docID": "N024 Chau 2004 14630702",
    "et": "Vehicle",
    "off": 3481,
    "sff": "vehicle"
  },
  {
    "docID": "N024 Chau 2004 14630702",
    "et": "Vehicle",
    "off": 8390,
    "sff": "vehicle"
  },
  {
    "docID": "N024 Chau 2004 14630702",
    "et": "Duration",
    "off": 3839,
    "sff": "2 weeks"
  },
  {
    "docID": "N024 Chau 2004 14630702",
    "et": "Duration",
    "off": 5723,
    "sff": "1H"
  },
  {
    "docID": "N024 Chau 2004 14630702",
    "et": "Duration",
    "off": 3781,
    "sff": "3 weeks"
  },
  {
    "docID": "N024 Chau 2004 14630702",
    "et": "Duration",
    "off": 150,
    "sff": "2 H"
  },
  {
    "docID": "N024 Chau 2004 14630702",
    "et": "Duration",
    "off": 2106,
    "sff": "100µm"
  },
  {
    "docID": "N024 Chau 2004 14630702",
    "et": "Duration",
    "off": 5828,
    "sff": "1D"
  },
  {
    "docID": "N024 Chau 2004 14630702",
    "et": "PolyethyleneGlycolPEG",
    "off": 8858,
    "sff": "glycol"
  },
  {
    "docID": "N024 Chau 2004 14630702",
    "et": "Matrix",
    "off": 6787,
    "sff": "matrix"
  },
  {
    "docID": "N024 Chau 2004 14630702",
    "et": "Matrix",
    "off": 1537,
    "sff": "matrix"
  },
  {
    "docID": "N024 Chau 2004 14630702",
    "et": "Matrix",
    "off": 6573,
    "sff": "matrix"
  },
  {
    "docID": "N024 Chau 2004 14630702",
    "et": "InjuryArea",
    "off": 8330,
    "sff": "area"
  },
  {
    "docID": "N024 Chau 2004 14630702",
    "et": "AscendingFiberTract",
    "off": 11551,
    "sff": "ascending"
  },
  {
    "docID": "N024 Chau 2004 14630702",
    "et": "MacrophageCell",
    "off": 11061,
    "sff": "macrophage"
  },
  {
    "docID": "N024 Chau 2004 14630702",
    "et": "MacrophageCell",
    "off": 5127,
    "sff": "macrophage"
  },
  {
    "docID": "N024 Chau 2004 14630702",
    "et": "Protein",
    "off": 9618,
    "sff": "protein"
  },
  {
    "docID": "N024 Chau 2004 14630702",
    "et": "InfusionDelivery",
    "off": 5368,
    "sff": "infusion"
  },
  {
    "docID": "N024 Chau 2004 14630702",
    "et": "InfusionDelivery",
    "off": 5690,
    "sff": "infusion"
  },
  {
    "docID": "N024 Chau 2004 14630702",
    "et": "InfusionDelivery",
    "off": 6459,
    "sff": "infusion"
  },
  {
    "docID": "N024 Chau 2004 14630702",
    "et": "InfusionDelivery",
    "off": 11828,
    "sff": "infusion"
  },
  {
    "docID": "N024 Chau 2004 14630702",
    "et": "InfusionDelivery",
    "off": 6005,
    "sff": "infusion"
  },
  {
    "docID": "N024 Chau 2004 14630702",
    "et": "InfusionDelivery",
    "off": 3489,
    "sff": "infusion"
  },
  {
    "docID": "N024 Chau 2004 14630702",
    "et": "InfusionDelivery",
    "off": 5794,
    "sff": "infusion"
  },
  {
    "docID": "N024 Chau 2004 14630702",
    "et": "InfusionDelivery",
    "off": 7650,
    "sff": "infusion"
  },
  {
    "docID": "N024 Chau 2004 14630702",
    "et": "InfusionDelivery",
    "off": 3011,
    "sff": "infusion"
  },
  {
    "docID": "N024 Chau 2004 14630702",
    "et": "InfusionDelivery",
    "off": 9891,
    "sff": "infusion"
  },
  {
    "docID": "N024 Chau 2004 14630702",
    "et": "InfusionDelivery",
    "off": 1756,
    "sff": "infusion"
  },
  {
    "docID": "N024 Chau 2004 14630702",
    "et": "InfusionDelivery",
    "off": 3132,
    "sff": "infusion"
  },
  {
    "docID": "N024 Chau 2004 14630702",
    "et": "InfusionDelivery",
    "off": 2590,
    "sff": "infusion"
  },
  {
    "docID": "N024 Chau 2004 14630702",
    "et": "InfusionDelivery",
    "off": 3870,
    "sff": "infusion"
  },
  {
    "docID": "N024 Chau 2004 14630702",
    "et": "InfusionDelivery",
    "off": 3369,
    "sff": "infusion"
  },
  {
    "docID": "N024 Chau 2004 14630702",
    "et": "InfusionDelivery",
    "off": 5508,
    "sff": "infusion"
  },
  {
    "docID": "N024 Chau 2004 14630702",
    "et": "InfusionDelivery",
    "off": 1382,
    "sff": "infusion"
  },
  {
    "docID": "N024 Chau 2004 14630702",
    "et": "InfusionDelivery",
    "off": 3762,
    "sff": "infusion"
  },
  {
    "docID": "N024 Chau 2004 14630702",
    "et": "InfusionDelivery",
    "off": 6195,
    "sff": "infusion"
  },
  {
    "docID": "N024 Chau 2004 14630702",
    "et": "InfusionDelivery",
    "off": 2349,
    "sff": "infusion"
  },
  {
    "docID": "N024 Chau 2004 14630702",
    "et": "InfusionDelivery",
    "off": 3534,
    "sff": "infusion"
  },
  {
    "docID": "N024 Chau 2004 14630702",
    "et": "InfusionDelivery",
    "off": 8398,
    "sff": "infusion"
  },
  {
    "docID": "N024 Chau 2004 14630702",
    "et": "PostSurgeryCondition",
    "off": 524,
    "sff": "Surgery"
  },
  {
    "docID": "N024 Chau 2004 14630702",
    "et": "RatSpecies",
    "off": 782,
    "sff": "rat"
  },
  {
    "docID": "N024 Chau 2004 14630702",
    "et": "Caudal",
    "off": 2788,
    "sff": "caudal"
  },
  {
    "docID": "N024 Chau 2004 14630702",
    "et": "Caudal",
    "off": 4580,
    "sff": "caudal"
  },
  {
    "docID": "N024 Chau 2004 14630702",
    "et": "Caudal",
    "off": 6722,
    "sff": "caudal"
  },
  {
    "docID": "N024 Chau 2004 14630702",
    "et": "Caudal",
    "off": 9921,
    "sff": "caudal"
  },
  {
    "docID": "N024 Chau 2004 14630702",
    "et": "Caudal",
    "off": 3150,
    "sff": "caudal"
  },
  {
    "docID": "N024 Chau 2004 14630702",
    "et": "Caudal",
    "off": 3919,
    "sff": "caudal"
  },
  {
    "docID": "N024 Chau 2004 14630702",
    "et": "Caudal",
    "off": 1611,
    "sff": "caudal"
  },
  {
    "docID": "N024 Chau 2004 14630702",
    "et": "Caudal",
    "off": 5327,
    "sff": "Caudal"
  },
  {
    "docID": "N024 Chau 2004 14630702",
    "et": "Caudal",
    "off": 1911,
    "sff": "caudal"
  },
  {
    "docID": "N024 Chau 2004 14630702",
    "et": "Caudal",
    "off": 4336,
    "sff": "caudal"
  },
  {
    "docID": "N024 Chau 2004 14630702",
    "et": "Caudal",
    "off": 4700,
    "sff": "caudal"
  },
  {
    "docID": "N024 Chau 2004 14630702",
    "et": "Caudal",
    "off": 8700,
    "sff": "caudal"
  },
  {
    "docID": "N024 Chau 2004 14630702",
    "et": "Caudal",
    "off": 10781,
    "sff": "caudal"
  },
  {
    "docID": "N024 Chau 2004 14630702",
    "et": "Caudal",
    "off": 4282,
    "sff": "caudal"
  },
  {
    "docID": "N024 Chau 2004 14630702",
    "et": "Enzyme",
    "off": 6816,
    "sff": "enzyme"
  },
  {
    "docID": "N024 Chau 2004 14630702",
    "et": "Enzyme",
    "off": 3093,
    "sff": "enzyme"
  },
  {
    "docID": "N024 Chau 2004 14630702",
    "et": "Enzyme",
    "off": 10294,
    "sff": "enzyme"
  },
  {
    "docID": "N024 Chau 2004 14630702",
    "et": "Enzyme",
    "off": 3735,
    "sff": "enzyme"
  },
  {
    "docID": "N024 Chau 2004 14630702",
    "et": "Enzyme",
    "off": 3863,
    "sff": "enzyme"
  },
  {
    "docID": "N024 Chau 2004 14630702",
    "et": "Enzyme",
    "off": 4167,
    "sff": "enzyme"
  },
  {
    "docID": "N024 Chau 2004 14630702",
    "et": "Enzyme",
    "off": 8379,
    "sff": "enzyme"
  },
  {
    "docID": "N024 Chau 2004 14630702",
    "et": "Enzyme",
    "off": 7358,
    "sff": "enzyme"
  },
  {
    "docID": "N024 Chau 2004 14630702",
    "et": "Enzyme",
    "off": 10076,
    "sff": "enzyme"
  },
  {
    "docID": "N024 Chau 2004 14630702",
    "et": "SchwannCell",
    "off": 726,
    "sff": "Schwann cell"
  },
  {
    "docID": "N024 Chau 2004 14630702",
    "et": "Thoracic",
    "off": 5171,
    "sff": "thoracic"
  },
  {
    "docID": "N024 Chau 2004 14630702",
    "et": "Thoracic",
    "off": 786,
    "sff": "thoracic"
  },
  {
    "docID": "N024 Chau 2004 14630702",
    "et": "StemCellSourceType",
    "off": 1222,
    "sff": "cell"
  },
  {
    "docID": "N024 Chau 2004 14630702",
    "et": "StemCellSourceType",
    "off": 7830,
    "sff": "cell"
  },
  {
    "docID": "N024 Chau 2004 14630702",
    "et": "StemCellSourceType",
    "off": 734,
    "sff": "cell"
  },
  {
    "docID": "N024 Chau 2004 14630702",
    "et": "Cell",
    "off": 734,
    "sff": "cell"
  },
  {
    "docID": "N024 Chau 2004 14630702",
    "et": "Cell",
    "off": 1222,
    "sff": "cell"
  },
  {
    "docID": "N024 Chau 2004 14630702",
    "et": "Cell",
    "off": 7830,
    "sff": "cell"
  }
]
