[
  {
    "docID": "N029 Kanno 2014 24478364",
    "et": "CompleteTransection",
    "off": 75139,
    "sff": "complete transection"
  },
  {
    "docID": "N029 Kanno 2014 24478364",
    "et": "SubcutaneousLocation",
    "off": 16385,
    "sff": "subcutaneous"
  },
  {
    "docID": "N029 Kanno 2014 24478364",
    "et": "Virus",
    "off": 9510,
    "sff": "virus"
  },
  {
    "docID": "N029 Kanno 2014 24478364",
    "et": "Virus",
    "off": 10219,
    "sff": "virus"
  },
  {
    "docID": "N029 Kanno 2014 24478364",
    "et": "OlfactoryEnsheathingGliaCell",
    "off": 83580,
    "sff": "olfactory ensheathing"
  },
  {
    "docID": "N029 Kanno 2014 24478364",
    "et": "OlfactoryEnsheathingGliaCell",
    "off": 85054,
    "sff": "olfactory ensheathing glia"
  },
  {
    "docID": "N029 Kanno 2014 24478364",
    "et": "OlfactoryEnsheathingGliaCell",
    "off": 83580,
    "sff": "olfactory ensheathing glia"
  },
  {
    "docID": "N029 Kanno 2014 24478364",
    "et": "OlfactoryEnsheathingGliaCell",
    "off": 85054,
    "sff": "olfactory ensheathing"
  },
  {
    "docID": "N029 Kanno 2014 24478364",
    "et": "OlfactoryEnsheathingGliaCell",
    "off": 75051,
    "sff": "olfactory-ensheathing"
  },
  {
    "docID": "N029 Kanno 2014 24478364",
    "et": "OlfactoryEnsheathingGliaCell",
    "off": 75051,
    "sff": "olfactory-ensheathing glia"
  },
  {
    "docID": "N029 Kanno 2014 24478364",
    "et": "MesenchymalStemCell",
    "off": 559,
    "sff": "Stem"
  },
  {
    "docID": "N029 Kanno 2014 24478364",
    "et": "MesenchymalStemCell",
    "off": 79069,
    "sff": "stem"
  },
  {
    "docID": "N029 Kanno 2014 24478364",
    "et": "MesenchymalStemCell",
    "off": 559,
    "sff": "Stem Cell"
  },
  {
    "docID": "N029 Kanno 2014 24478364",
    "et": "DorsalInjuryArea",
    "off": 47066,
    "sff": "dorsal"
  },
  {
    "docID": "N029 Kanno 2014 24478364",
    "et": "DorsalInjuryArea",
    "off": 15656,
    "sff": "dorsal"
  },
  {
    "docID": "N029 Kanno 2014 24478364",
    "et": "DorsalInjuryArea",
    "off": 12818,
    "sff": "dorsal"
  },
  {
    "docID": "N029 Kanno 2014 24478364",
    "et": "KetamineAsAnaesthetic",
    "off": 15124,
    "sff": "ketamine"
  },
  {
    "docID": "N029 Kanno 2014 24478364",
    "et": "Intraspinal",
    "off": 82485,
    "sff": "intraspinal"
  },
  {
    "docID": "N029 Kanno 2014 24478364",
    "et": "MouseSpecies",
    "off": 20281,
    "sff": "mouse"
  },
  {
    "docID": "N029 Kanno 2014 24478364",
    "et": "MouseSpecies",
    "off": 6244,
    "sff": "mouse"
  },
  {
    "docID": "N029 Kanno 2014 24478364",
    "et": "MouseSpecies",
    "off": 6356,
    "sff": "mouse"
  },
  {
    "docID": "N029 Kanno 2014 24478364",
    "et": "MouseSpecies",
    "off": 20256,
    "sff": "mouse"
  },
  {
    "docID": "N029 Kanno 2014 24478364",
    "et": "MouseSpecies",
    "off": 5985,
    "sff": "mouse"
  },
  {
    "docID": "N029 Kanno 2014 24478364",
    "et": "MouseSpecies",
    "off": 20305,
    "sff": "mouse"
  },
  {
    "docID": "N029 Kanno 2014 24478364",
    "et": "MouseSpecies",
    "off": 71952,
    "sff": "mouse"
  },
  {
    "docID": "N029 Kanno 2014 24478364",
    "et": "MouseSpecies",
    "off": 6302,
    "sff": "mouse"
  },
  {
    "docID": "N029 Kanno 2014 24478364",
    "et": "MouseSpecies",
    "off": 13181,
    "sff": "mouse"
  },
  {
    "docID": "N029 Kanno 2014 24478364",
    "et": "WeightDrop",
    "off": 15780,
    "sff": "weight"
  },
  {
    "docID": "N029 Kanno 2014 24478364",
    "et": "WeightDrop",
    "off": 22889,
    "sff": "weight"
  },
  {
    "docID": "N029 Kanno 2014 24478364",
    "et": "WeightDrop",
    "off": 15834,
    "sff": "weight-drop"
  },
  {
    "docID": "N029 Kanno 2014 24478364",
    "et": "WeightDrop",
    "off": 14734,
    "sff": "weight"
  },
  {
    "docID": "N029 Kanno 2014 24478364",
    "et": "Riluzole",
    "off": 76324,
    "sff": "riluzole"
  },
  {
    "docID": "N029 Kanno 2014 24478364",
    "et": "NOGOReceptorAntagonist",
    "off": 75349,
    "sff": "receptor"
  },
  {
    "docID": "N029 Kanno 2014 24478364",
    "et": "NOGOReceptorAntagonist",
    "off": 84544,
    "sff": "receptor"
  },
  {
    "docID": "N029 Kanno 2014 24478364",
    "et": "NOGOReceptorAntagonist",
    "off": 65235,
    "sff": "NoGo"
  },
  {
    "docID": "N029 Kanno 2014 24478364",
    "et": "NOGOReceptorAntagonist",
    "off": 87660,
    "sff": "receptor"
  },
  {
    "docID": "N029 Kanno 2014 24478364",
    "et": "NOGOReceptorAntagonist",
    "off": 63737,
    "sff": "receptor"
  },
  {
    "docID": "N029 Kanno 2014 24478364",
    "et": "SpinalFiberTract",
    "off": 53090,
    "sff": "fiber"
  },
  {
    "docID": "N029 Kanno 2014 24478364",
    "et": "DorsalHemisection",
    "off": 15656,
    "sff": "dorsal"
  },
  {
    "docID": "N029 Kanno 2014 24478364",
    "et": "DorsalHemisection",
    "off": 47066,
    "sff": "dorsal"
  },
  {
    "docID": "N029 Kanno 2014 24478364",
    "et": "DorsalHemisection",
    "off": 12818,
    "sff": "dorsal"
  },
  {
    "docID": "N029 Kanno 2014 24478364",
    "et": "HeatLesion",
    "off": 32647,
    "sff": "heat"
  },
  {
    "docID": "N029 Kanno 2014 24478364",
    "et": "HeatLesion",
    "off": 54769,
    "sff": "heat"
  },
  {
    "docID": "N029 Kanno 2014 24478364",
    "et": "HeatLesion",
    "off": 57376,
    "sff": "heat"
  },
  {
    "docID": "N029 Kanno 2014 24478364",
    "et": "DeliveryMethod",
    "off": 85675,
    "sff": "delivery"
  },
  {
    "docID": "N029 Kanno 2014 24478364",
    "et": "TyrosineHydroxylase",
    "off": 63754,
    "sff": "tyrosine"
  },
  {
    "docID": "N029 Kanno 2014 24478364",
    "et": "TyrosineHydroxylase",
    "off": 75366,
    "sff": "tyrosine"
  },
  {
    "docID": "N029 Kanno 2014 24478364",
    "et": "RabbitSpecies",
    "off": 20226,
    "sff": "rabbit"
  },
  {
    "docID": "N029 Kanno 2014 24478364",
    "et": "RabbitSpecies",
    "off": 8276,
    "sff": "rabbit"
  },
  {
    "docID": "N029 Kanno 2014 24478364",
    "et": "RabbitSpecies",
    "off": 6186,
    "sff": "rabbit"
  },
  {
    "docID": "N029 Kanno 2014 24478364",
    "et": "RabbitSpecies",
    "off": 20332,
    "sff": "rabbit"
  },
  {
    "docID": "N029 Kanno 2014 24478364",
    "et": "RabbitSpecies",
    "off": 6414,
    "sff": "rabbit"
  },
  {
    "docID": "N029 Kanno 2014 24478364",
    "et": "RabbitSpecies",
    "off": 6080,
    "sff": "rabbit"
  },
  {
    "docID": "N029 Kanno 2014 24478364",
    "et": "Rostral",
    "off": 27953,
    "sff": "rostral"
  },
  {
    "docID": "N029 Kanno 2014 24478364",
    "et": "Rostral",
    "off": 84049,
    "sff": "rostral"
  },
  {
    "docID": "N029 Kanno 2014 24478364",
    "et": "Rostral",
    "off": 87215,
    "sff": "rostral"
  },
  {
    "docID": "N029 Kanno 2014 24478364",
    "et": "Rostral",
    "off": 59948,
    "sff": "rostral"
  },
  {
    "docID": "N029 Kanno 2014 24478364",
    "et": "Rostral",
    "off": 65516,
    "sff": "rostral"
  },
  {
    "docID": "N029 Kanno 2014 24478364",
    "et": "Rostral",
    "off": 18825,
    "sff": "rostral"
  },
  {
    "docID": "N029 Kanno 2014 24478364",
    "et": "Rostral",
    "off": 62281,
    "sff": "rostral"
  },
  {
    "docID": "N029 Kanno 2014 24478364",
    "et": "Rostral",
    "off": 18810,
    "sff": "rostral"
  },
  {
    "docID": "N029 Kanno 2014 24478364",
    "et": "Rostral",
    "off": 49898,
    "sff": "rostral"
  },
  {
    "docID": "N029 Kanno 2014 24478364",
    "et": "Rostral",
    "off": 51194,
    "sff": "rostral"
  },
  {
    "docID": "N029 Kanno 2014 24478364",
    "et": "DorsalColumn",
    "off": 15656,
    "sff": "dorsal"
  },
  {
    "docID": "N029 Kanno 2014 24478364",
    "et": "DorsalColumn",
    "off": 47066,
    "sff": "dorsal"
  },
  {
    "docID": "N029 Kanno 2014 24478364",
    "et": "DorsalColumn",
    "off": 12818,
    "sff": "dorsal"
  },
  {
    "docID": "N029 Kanno 2014 24478364",
    "et": "ChondroitinaseABC",
    "off": 73134,
    "sff": "chondroitinase"
  },
  {
    "docID": "N029 Kanno 2014 24478364",
    "et": "ChondroitinaseABC",
    "off": 87939,
    "sff": "chondroitinase ABC"
  },
  {
    "docID": "N029 Kanno 2014 24478364",
    "et": "ChondroitinaseABC",
    "off": 70571,
    "sff": "Chondroitinase ABC"
  },
  {
    "docID": "N029 Kanno 2014 24478364",
    "et": "ChondroitinaseABC",
    "off": 179,
    "sff": "Chondroitinase"
  },
  {
    "docID": "N029 Kanno 2014 24478364",
    "et": "ChondroitinaseABC",
    "off": 1248,
    "sff": "chondroitinase ABC"
  },
  {
    "docID": "N029 Kanno 2014 24478364",
    "et": "ChondroitinaseABC",
    "off": 69264,
    "sff": "Chondroitinase ABC"
  },
  {
    "docID": "N029 Kanno 2014 24478364",
    "et": "ChondroitinaseABC",
    "off": 10684,
    "sff": "chondroitinase ABC"
  },
  {
    "docID": "N029 Kanno 2014 24478364",
    "et": "ChondroitinaseABC",
    "off": 79092,
    "sff": "chondroitinase"
  },
  {
    "docID": "N029 Kanno 2014 24478364",
    "et": "ChondroitinaseABC",
    "off": 75090,
    "sff": "chondroitinase"
  },
  {
    "docID": "N029 Kanno 2014 24478364",
    "et": "ChondroitinaseABC",
    "off": 72184,
    "sff": "chondroitinase ABC"
  },
  {
    "docID": "N029 Kanno 2014 24478364",
    "et": "ChondroitinaseABC",
    "off": 43664,
    "sff": "chondroitinase"
  },
  {
    "docID": "N029 Kanno 2014 24478364",
    "et": "ChondroitinaseABC",
    "off": 72562,
    "sff": "Chondroitinase ABC"
  },
  {
    "docID": "N029 Kanno 2014 24478364",
    "et": "ChondroitinaseABC",
    "off": 13302,
    "sff": "Chondroitinase ABC"
  },
  {
    "docID": "N029 Kanno 2014 24478364",
    "et": "ChondroitinaseABC",
    "off": 4722,
    "sff": "chondroitinase ABC"
  },
  {
    "docID": "N029 Kanno 2014 24478364",
    "et": "ChondroitinaseABC",
    "off": 82003,
    "sff": "chondroitinase ABC"
  },
  {
    "docID": "N029 Kanno 2014 24478364",
    "et": "ChondroitinaseABC",
    "off": 78071,
    "sff": "chondroitinase"
  },
  {
    "docID": "N029 Kanno 2014 24478364",
    "et": "ChondroitinaseABC",
    "off": 2521,
    "sff": "chondroitinase"
  },
  {
    "docID": "N029 Kanno 2014 24478364",
    "et": "ChondroitinaseABC",
    "off": 70377,
    "sff": "chondroitinase ABC"
  },
  {
    "docID": "N029 Kanno 2014 24478364",
    "et": "ChondroitinaseABC",
    "off": 25249,
    "sff": "Chondroitinase ABC"
  },
  {
    "docID": "N029 Kanno 2014 24478364",
    "et": "ChondroitinaseABC",
    "off": 80933,
    "sff": "chondroitinase ABC"
  },
  {
    "docID": "N029 Kanno 2014 24478364",
    "et": "ChondroitinaseABC",
    "off": 23556,
    "sff": "Chondroitinase ABC"
  },
  {
    "docID": "N029 Kanno 2014 24478364",
    "et": "ChondroitinaseABC",
    "off": 80199,
    "sff": "chondroitinase ABC"
  },
  {
    "docID": "N029 Kanno 2014 24478364",
    "et": "Autologous",
    "off": 68590,
    "sff": "autologous"
  },
  {
    "docID": "N029 Kanno 2014 24478364",
    "et": "Autologous",
    "off": 77998,
    "sff": "autologous"
  },
  {
    "docID": "N029 Kanno 2014 24478364",
    "et": "Autologous",
    "off": 3601,
    "sff": "autologous"
  },
  {
    "docID": "N029 Kanno 2014 24478364",
    "et": "Left",
    "off": 60889,
    "sff": "left"
  },
  {
    "docID": "N029 Kanno 2014 24478364",
    "et": "Left",
    "off": 65454,
    "sff": "left"
  },
  {
    "docID": "N029 Kanno 2014 24478364",
    "et": "Left",
    "off": 55910,
    "sff": "left"
  },
  {
    "docID": "N029 Kanno 2014 24478364",
    "et": "SubstanceApplicationLocation",
    "off": 68553,
    "sff": "application"
  },
  {
    "docID": "N029 Kanno 2014 24478364",
    "et": "SubstanceApplicationLocation",
    "off": 76748,
    "sff": "application"
  },
  {
    "docID": "N029 Kanno 2014 24478364",
    "et": "InjuryDevice",
    "off": 32553,
    "sff": "device"
  },
  {
    "docID": "N029 Kanno 2014 24478364",
    "et": "InjuryDevice",
    "off": 15846,
    "sff": "device"
  },
  {
    "docID": "N029 Kanno 2014 24478364",
    "et": "InjuryDevice",
    "off": 32963,
    "sff": "device"
  },
  {
    "docID": "N029 Kanno 2014 24478364",
    "et": "LaminectomyType",
    "off": 19108,
    "sff": "laminectomy"
  },
  {
    "docID": "N029 Kanno 2014 24478364",
    "et": "LaminectomyType",
    "off": 15592,
    "sff": "laminectomy"
  },
  {
    "docID": "N029 Kanno 2014 24478364",
    "et": "LaminectomyType",
    "off": 18686,
    "sff": "laminectomy"
  },
  {
    "docID": "N029 Kanno 2014 24478364",
    "et": "Tissue",
    "off": 65715,
    "sff": "tissue"
  },
  {
    "docID": "N029 Kanno 2014 24478364",
    "et": "Tissue",
    "off": 51316,
    "sff": "tissue"
  },
  {
    "docID": "N029 Kanno 2014 24478364",
    "et": "Tissue",
    "off": 62008,
    "sff": "tissue"
  },
  {
    "docID": "N029 Kanno 2014 24478364",
    "et": "Tissue",
    "off": 39925,
    "sff": "tissue"
  },
  {
    "docID": "N029 Kanno 2014 24478364",
    "et": "Tissue",
    "off": 41589,
    "sff": "tissue"
  },
  {
    "docID": "N029 Kanno 2014 24478364",
    "et": "Tissue",
    "off": 58870,
    "sff": "tissue"
  },
  {
    "docID": "N029 Kanno 2014 24478364",
    "et": "Tissue",
    "off": 70267,
    "sff": "tissue"
  },
  {
    "docID": "N029 Kanno 2014 24478364",
    "et": "Tissue",
    "off": 62969,
    "sff": "tissue"
  },
  {
    "docID": "N029 Kanno 2014 24478364",
    "et": "Tissue",
    "off": 58490,
    "sff": "tissue"
  },
  {
    "docID": "N029 Kanno 2014 24478364",
    "et": "Tissue",
    "off": 74276,
    "sff": "Tissue"
  },
  {
    "docID": "N029 Kanno 2014 24478364",
    "et": "Tissue",
    "off": 58558,
    "sff": "tissue"
  },
  {
    "docID": "N029 Kanno 2014 24478364",
    "et": "Tissue",
    "off": 50753,
    "sff": "tissue"
  },
  {
    "docID": "N029 Kanno 2014 24478364",
    "et": "Tissue",
    "off": 35714,
    "sff": "tissue"
  },
  {
    "docID": "N029 Kanno 2014 24478364",
    "et": "Tissue",
    "off": 59463,
    "sff": "tissue"
  },
  {
    "docID": "N029 Kanno 2014 24478364",
    "et": "Tissue",
    "off": 40070,
    "sff": "tissue"
  },
  {
    "docID": "N029 Kanno 2014 24478364",
    "et": "Tissue",
    "off": 53195,
    "sff": "tissue"
  },
  {
    "docID": "N029 Kanno 2014 24478364",
    "et": "Tissue",
    "off": 25802,
    "sff": "tissue"
  },
  {
    "docID": "N029 Kanno 2014 24478364",
    "et": "Tissue",
    "off": 65354,
    "sff": "tissue"
  },
  {
    "docID": "N029 Kanno 2014 24478364",
    "et": "Tissue",
    "off": 50000,
    "sff": "tissue"
  },
  {
    "docID": "N029 Kanno 2014 24478364",
    "et": "Tissue",
    "off": 85517,
    "sff": "tissue"
  },
  {
    "docID": "N029 Kanno 2014 24478364",
    "et": "Tissue",
    "off": 2066,
    "sff": "tissue"
  },
  {
    "docID": "N029 Kanno 2014 24478364",
    "et": "Tissue",
    "off": 38868,
    "sff": "tissue"
  },
  {
    "docID": "N029 Kanno 2014 24478364",
    "et": "Tissue",
    "off": 51604,
    "sff": "tissue"
  },
  {
    "docID": "N029 Kanno 2014 24478364",
    "et": "Tissue",
    "off": 39256,
    "sff": "tissue"
  },
  {
    "docID": "N029 Kanno 2014 24478364",
    "et": "Tissue",
    "off": 25237,
    "sff": "tissue"
  },
  {
    "docID": "N029 Kanno 2014 24478364",
    "et": "Tissue",
    "off": 62810,
    "sff": "tissue"
  },
  {
    "docID": "N029 Kanno 2014 24478364",
    "et": "Tissue",
    "off": 14303,
    "sff": "tissue"
  },
  {
    "docID": "N029 Kanno 2014 24478364",
    "et": "Tissue",
    "off": 50275,
    "sff": "tissue"
  },
  {
    "docID": "N029 Kanno 2014 24478364",
    "et": "Tissue",
    "off": 39074,
    "sff": "tissue"
  },
  {
    "docID": "N029 Kanno 2014 24478364",
    "et": "Tissue",
    "off": 48866,
    "sff": "tissue"
  },
  {
    "docID": "N029 Kanno 2014 24478364",
    "et": "Tissue",
    "off": 28136,
    "sff": "tissue"
  },
  {
    "docID": "N029 Kanno 2014 24478364",
    "et": "Tissue",
    "off": 58792,
    "sff": "tissue"
  },
  {
    "docID": "N029 Kanno 2014 24478364",
    "et": "Tissue",
    "off": 59880,
    "sff": "tissue"
  },
  {
    "docID": "N029 Kanno 2014 24478364",
    "et": "Tissue",
    "off": 49701,
    "sff": "tissue"
  },
  {
    "docID": "N029 Kanno 2014 24478364",
    "et": "Tissue",
    "off": 33257,
    "sff": "tissue"
  },
  {
    "docID": "N029 Kanno 2014 24478364",
    "et": "Tissue",
    "off": 22833,
    "sff": "Tissue"
  },
  {
    "docID": "N029 Kanno 2014 24478364",
    "et": "Tissue",
    "off": 67952,
    "sff": "tissue"
  },
  {
    "docID": "N029 Kanno 2014 24478364",
    "et": "InjectionDelivery",
    "off": 15171,
    "sff": "injection"
  },
  {
    "docID": "N029 Kanno 2014 24478364",
    "et": "InjectionDelivery",
    "off": 19402,
    "sff": "injection"
  },
  {
    "docID": "N029 Kanno 2014 24478364",
    "et": "InjectionDelivery",
    "off": 17404,
    "sff": "injection"
  },
  {
    "docID": "N029 Kanno 2014 24478364",
    "et": "InjectionDelivery",
    "off": 19350,
    "sff": "injection"
  },
  {
    "docID": "N029 Kanno 2014 24478364",
    "et": "InjectionDelivery",
    "off": 17861,
    "sff": "injection"
  },
  {
    "docID": "N029 Kanno 2014 24478364",
    "et": "SpinalLesionSite",
    "off": 24371,
    "sff": "lesion"
  },
  {
    "docID": "N029 Kanno 2014 24478364",
    "et": "SpinalLesionSite",
    "off": 46932,
    "sff": "lesion"
  },
  {
    "docID": "N029 Kanno 2014 24478364",
    "et": "SpinalLesionSite",
    "off": 82545,
    "sff": "lesion"
  },
  {
    "docID": "N029 Kanno 2014 24478364",
    "et": "SpinalLesionSite",
    "off": 78146,
    "sff": "lesion"
  },
  {
    "docID": "N029 Kanno 2014 24478364",
    "et": "SpinalLesionSite",
    "off": 36144,
    "sff": "lesion"
  },
  {
    "docID": "N029 Kanno 2014 24478364",
    "et": "SpinalLesionSite",
    "off": 25833,
    "sff": "lesion site"
  },
  {
    "docID": "N029 Kanno 2014 24478364",
    "et": "SpinalLesionSite",
    "off": 59150,
    "sff": "lesion"
  },
  {
    "docID": "N029 Kanno 2014 24478364",
    "et": "SpinalLesionSite",
    "off": 58508,
    "sff": "lesion"
  },
  {
    "docID": "N029 Kanno 2014 24478364",
    "et": "SpinalLesionSite",
    "off": 58922,
    "sff": "lesion"
  },
  {
    "docID": "N029 Kanno 2014 24478364",
    "et": "SpinalLesionSite",
    "off": 21679,
    "sff": "lesion site"
  },
  {
    "docID": "N029 Kanno 2014 24478364",
    "et": "SpinalLesionSite",
    "off": 45216,
    "sff": "lesion site"
  },
  {
    "docID": "N029 Kanno 2014 24478364",
    "et": "SpinalLesionSite",
    "off": 46742,
    "sff": "lesion"
  },
  {
    "docID": "N029 Kanno 2014 24478364",
    "et": "RubrospinalTract",
    "off": 72231,
    "sff": "rubrospinal"
  },
  {
    "docID": "N029 Kanno 2014 24478364",
    "et": "T6",
    "off": 18715,
    "sff": "T6"
  },
  {
    "docID": "N029 Kanno 2014 24478364",
    "et": "Weight",
    "off": 13858,
    "sff": "16 mg"
  },
  {
    "docID": "N029 Kanno 2014 24478364",
    "et": "Weight",
    "off": 46869,
    "sff": "4G"
  },
  {
    "docID": "N029 Kanno 2014 24478364",
    "et": "Weight",
    "off": 56940,
    "sff": "12G"
  },
  {
    "docID": "N029 Kanno 2014 24478364",
    "et": "Weight",
    "off": 32344,
    "sff": "4 g"
  },
  {
    "docID": "N029 Kanno 2014 24478364",
    "et": "Weight",
    "off": 53579,
    "sff": "11G"
  },
  {
    "docID": "N029 Kanno 2014 24478364",
    "et": "Weight",
    "off": 15775,
    "sff": "10 g"
  },
  {
    "docID": "N029 Kanno 2014 24478364",
    "et": "Weight",
    "off": 48973,
    "sff": "6G"
  },
  {
    "docID": "N029 Kanno 2014 24478364",
    "et": "Weight",
    "off": 51664,
    "sff": "9G"
  },
  {
    "docID": "N029 Kanno 2014 24478364",
    "et": "Weight",
    "off": 14723,
    "sff": "160 -180 g"
  },
  {
    "docID": "N029 Kanno 2014 24478364",
    "et": "Weight",
    "off": 45066,
    "sff": "3G"
  },
  {
    "docID": "N029 Kanno 2014 24478364",
    "et": "Weight",
    "off": 13888,
    "sff": "3.04 g"
  },
  {
    "docID": "N029 Kanno 2014 24478364",
    "et": "Weight",
    "off": 50182,
    "sff": "8G"
  },
  {
    "docID": "N029 Kanno 2014 24478364",
    "et": "Weight",
    "off": 52670,
    "sff": "10G"
  },
  {
    "docID": "N029 Kanno 2014 24478364",
    "et": "Weight",
    "off": 9480,
    "sff": "3.7µg"
  },
  {
    "docID": "N029 Kanno 2014 24478364",
    "et": "Weight",
    "off": 13872,
    "sff": "2.37 g"
  },
  {
    "docID": "N029 Kanno 2014 24478364",
    "et": "Weight",
    "off": 7858,
    "sff": "1500 g"
  },
  {
    "docID": "N029 Kanno 2014 24478364",
    "et": "Weight",
    "off": 32257,
    "sff": "15 g"
  },
  {
    "docID": "N029 Kanno 2014 24478364",
    "et": "Weight",
    "off": 9440,
    "sff": "6.1µg"
  },
  {
    "docID": "N029 Kanno 2014 24478364",
    "et": "Weight",
    "off": 43258,
    "sff": "2G"
  },
  {
    "docID": "N029 Kanno 2014 24478364",
    "et": "Weight",
    "off": 9465,
    "sff": "3.1µg"
  },
  {
    "docID": "N029 Kanno 2014 24478364",
    "et": "Weight",
    "off": 47192,
    "sff": "5G"
  },
  {
    "docID": "N029 Kanno 2014 24478364",
    "et": "Weight",
    "off": 32281,
    "sff": "0.25 g"
  },
  {
    "docID": "N029 Kanno 2014 24478364",
    "et": "T7",
    "off": 19736,
    "sff": "T7"
  },
  {
    "docID": "N029 Kanno 2014 24478364",
    "et": "T8",
    "off": 15639,
    "sff": "T8"
  },
  {
    "docID": "N029 Kanno 2014 24478364",
    "et": "T8",
    "off": 17512,
    "sff": "T8"
  },
  {
    "docID": "N029 Kanno 2014 24478364",
    "et": "MASCISImpactor",
    "off": 15827,
    "sff": "MASCIS"
  },
  {
    "docID": "N029 Kanno 2014 24478364",
    "et": "Xylazine",
    "off": 15142,
    "sff": "xylazine"
  },
  {
    "docID": "N029 Kanno 2014 24478364",
    "et": "AnimalCareCondition",
    "off": 16265,
    "sff": "care"
  },
  {
    "docID": "N029 Kanno 2014 24478364",
    "et": "AnimalCareCondition",
    "off": 14857,
    "sff": "Care"
  },
  {
    "docID": "N029 Kanno 2014 24478364",
    "et": "AnimalCareCondition",
    "off": 14918,
    "sff": "Care"
  },
  {
    "docID": "N029 Kanno 2014 24478364",
    "et": "LateralHemisection",
    "off": 18403,
    "sff": "lateral"
  },
  {
    "docID": "N029 Kanno 2014 24478364",
    "et": "LateralHemisection",
    "off": 18862,
    "sff": "lateral"
  },
  {
    "docID": "N029 Kanno 2014 24478364",
    "et": "Contusion",
    "off": 18191,
    "sff": "contusion"
  },
  {
    "docID": "N029 Kanno 2014 24478364",
    "et": "Contusion",
    "off": 1291,
    "sff": "contusion"
  },
  {
    "docID": "N029 Kanno 2014 24478364",
    "et": "Contusion",
    "off": 15755,
    "sff": "contusion"
  },
  {
    "docID": "N029 Kanno 2014 24478364",
    "et": "Contusion",
    "off": 15572,
    "sff": "Contusion"
  },
  {
    "docID": "N029 Kanno 2014 24478364",
    "et": "Contusion",
    "off": 67549,
    "sff": "contusion"
  },
  {
    "docID": "N029 Kanno 2014 24478364",
    "et": "Contusion",
    "off": 53888,
    "sff": "contusion"
  },
  {
    "docID": "N029 Kanno 2014 24478364",
    "et": "Contusion",
    "off": 61600,
    "sff": "contusion"
  },
  {
    "docID": "N029 Kanno 2014 24478364",
    "et": "Contusion",
    "off": 76162,
    "sff": "contusion"
  },
  {
    "docID": "N029 Kanno 2014 24478364",
    "et": "Contusion",
    "off": 5470,
    "sff": "contusion"
  },
  {
    "docID": "N029 Kanno 2014 24478364",
    "et": "Contusion",
    "off": 62595,
    "sff": "contusion"
  },
  {
    "docID": "N029 Kanno 2014 24478364",
    "et": "Contusion",
    "off": 3835,
    "sff": "contusion"
  },
  {
    "docID": "N029 Kanno 2014 24478364",
    "et": "Contusion",
    "off": 76775,
    "sff": "contusion"
  },
  {
    "docID": "N029 Kanno 2014 24478364",
    "et": "Contusion",
    "off": 69933,
    "sff": "contusion"
  },
  {
    "docID": "N029 Kanno 2014 24478364",
    "et": "Contusion",
    "off": 80560,
    "sff": "contusion"
  },
  {
    "docID": "N029 Kanno 2014 24478364",
    "et": "Saline",
    "off": 19646,
    "sff": "saline"
  },
  {
    "docID": "N029 Kanno 2014 24478364",
    "et": "Dosage",
    "off": 48059,
    "sff": "0.4 mU/¬µg"
  },
  {
    "docID": "N029 Kanno 2014 24478364",
    "et": "Dosage",
    "off": 20389,
    "sff": "0.5%"
  },
  {
    "docID": "N029 Kanno 2014 24478364",
    "et": "Dosage",
    "off": 44466,
    "sff": "0.2 mU/µl"
  },
  {
    "docID": "N029 Kanno 2014 24478364",
    "et": "Dosage",
    "off": 18526,
    "sff": "10 ¬µl"
  },
  {
    "docID": "N029 Kanno 2014 24478364",
    "et": "Dosage",
    "off": 47916,
    "sff": "0.7 mU/¬µg"
  },
  {
    "docID": "N029 Kanno 2014 24478364",
    "et": "Dosage",
    "off": 48973,
    "sff": "6G"
  },
  {
    "docID": "N029 Kanno 2014 24478364",
    "et": "Dosage",
    "off": 50891,
    "sff": "8L"
  },
  {
    "docID": "N029 Kanno 2014 24478364",
    "et": "Dosage",
    "off": 22942,
    "sff": "1%"
  },
  {
    "docID": "N029 Kanno 2014 24478364",
    "et": "Dosage",
    "off": 9411,
    "sff": "12.2 ¬µg"
  },
  {
    "docID": "N029 Kanno 2014 24478364",
    "et": "Dosage",
    "off": 9440,
    "sff": "6.1µg"
  },
  {
    "docID": "N029 Kanno 2014 24478364",
    "et": "Dosage",
    "off": 14455,
    "sff": "300 mU/ml"
  },
  {
    "docID": "N029 Kanno 2014 24478364",
    "et": "Dosage",
    "off": 11124,
    "sff": "70%"
  },
  {
    "docID": "N029 Kanno 2014 24478364",
    "et": "Dosage",
    "off": 25337,
    "sff": "10µl"
  },
  {
    "docID": "N029 Kanno 2014 24478364",
    "et": "Dosage",
    "off": 11444,
    "sff": "4%"
  },
  {
    "docID": "N029 Kanno 2014 24478364",
    "et": "Dosage",
    "off": 55543,
    "sff": "85%"
  },
  {
    "docID": "N029 Kanno 2014 24478364",
    "et": "Dosage",
    "off": 18803,
    "sff": "5.5 mm"
  },
  {
    "docID": "N029 Kanno 2014 24478364",
    "et": "Dosage",
    "off": 13888,
    "sff": "3.04 g"
  },
  {
    "docID": "N029 Kanno 2014 24478364",
    "et": "Dosage",
    "off": 7941,
    "sff": "20µg/ml"
  },
  {
    "docID": "N029 Kanno 2014 24478364",
    "et": "Dosage",
    "off": 9938,
    "sff": "30 ml"
  },
  {
    "docID": "N029 Kanno 2014 24478364",
    "et": "Dosage",
    "off": 9465,
    "sff": "3.1µg"
  },
  {
    "docID": "N029 Kanno 2014 24478364",
    "et": "Dosage",
    "off": 13125,
    "sff": "5%"
  },
  {
    "docID": "N029 Kanno 2014 24478364",
    "et": "Dosage",
    "off": 16318,
    "sff": "5 mg/kg"
  },
  {
    "docID": "N029 Kanno 2014 24478364",
    "et": "Dosage",
    "off": 18363,
    "sff": "2.5 mm"
  },
  {
    "docID": "N029 Kanno 2014 24478364",
    "et": "Dosage",
    "off": 13589,
    "sff": "10µl"
  },
  {
    "docID": "N029 Kanno 2014 24478364",
    "et": "Dosage",
    "off": 23063,
    "sff": "10µg/ml"
  },
  {
    "docID": "N029 Kanno 2014 24478364",
    "et": "Dosage",
    "off": 17489,
    "sff": "1 mm"
  },
  {
    "docID": "N029 Kanno 2014 24478364",
    "et": "Dosage",
    "off": 13759,
    "sff": "0.25 mg/ml"
  },
  {
    "docID": "N029 Kanno 2014 24478364",
    "et": "Dosage",
    "off": 15775,
    "sff": "10 g"
  },
  {
    "docID": "N029 Kanno 2014 24478364",
    "et": "Dosage",
    "off": 19666,
    "sff": "4%"
  },
  {
    "docID": "N029 Kanno 2014 24478364",
    "et": "Dosage",
    "off": 23017,
    "sff": "0.5 mM"
  },
  {
    "docID": "N029 Kanno 2014 24478364",
    "et": "Dosage",
    "off": 9278,
    "sff": "25 ml"
  },
  {
    "docID": "N029 Kanno 2014 24478364",
    "et": "Dosage",
    "off": 13929,
    "sff": "1 L"
  },
  {
    "docID": "N029 Kanno 2014 24478364",
    "et": "Dosage",
    "off": 18258,
    "sff": "0.5µl"
  },
  {
    "docID": "N029 Kanno 2014 24478364",
    "et": "Dosage",
    "off": 19139,
    "sff": "0.6µl"
  },
  {
    "docID": "N029 Kanno 2014 24478364",
    "et": "Dosage",
    "off": 17440,
    "sff": "2µl"
  },
  {
    "docID": "N029 Kanno 2014 24478364",
    "et": "Dosage",
    "off": 56940,
    "sff": "12G"
  },
  {
    "docID": "N029 Kanno 2014 24478364",
    "et": "Dosage",
    "off": 32153,
    "sff": "50%"
  },
  {
    "docID": "N029 Kanno 2014 24478364",
    "et": "Dosage",
    "off": 9652,
    "sff": "62.5µl in 1 ml"
  },
  {
    "docID": "N029 Kanno 2014 24478364",
    "et": "Dosage",
    "off": 46869,
    "sff": "4G"
  },
  {
    "docID": "N029 Kanno 2014 24478364",
    "et": "Dosage",
    "off": 10256,
    "sff": "1%"
  },
  {
    "docID": "N029 Kanno 2014 24478364",
    "et": "Dosage",
    "off": 12913,
    "sff": "600µl"
  },
  {
    "docID": "N029 Kanno 2014 24478364",
    "et": "Dosage",
    "off": 20750,
    "sff": "1%"
  },
  {
    "docID": "N029 Kanno 2014 24478364",
    "et": "Dosage",
    "off": 13907,
    "sff": "75 ml"
  },
  {
    "docID": "N029 Kanno 2014 24478364",
    "et": "Dosage",
    "off": 18855,
    "sff": "0.3 mm"
  },
  {
    "docID": "N029 Kanno 2014 24478364",
    "et": "Dosage",
    "off": 9345,
    "sff": "90%"
  },
  {
    "docID": "N029 Kanno 2014 24478364",
    "et": "Dosage",
    "off": 43258,
    "sff": "2G"
  },
  {
    "docID": "N029 Kanno 2014 24478364",
    "et": "Dosage",
    "off": 20091,
    "sff": "5%"
  },
  {
    "docID": "N029 Kanno 2014 24478364",
    "et": "Dosage",
    "off": 24333,
    "sff": "5 mm"
  },
  {
    "docID": "N029 Kanno 2014 24478364",
    "et": "Dosage",
    "off": 18396,
    "sff": "2.3 mm"
  },
  {
    "docID": "N029 Kanno 2014 24478364",
    "et": "Dosage",
    "off": 44350,
    "sff": "0.6 mU/µl"
  },
  {
    "docID": "N029 Kanno 2014 24478364",
    "et": "Dosage",
    "off": 8482,
    "sff": "95%"
  },
  {
    "docID": "N029 Kanno 2014 24478364",
    "et": "Dosage",
    "off": 9554,
    "sff": "1 ml"
  },
  {
    "docID": "N029 Kanno 2014 24478364",
    "et": "Dosage",
    "off": 18724,
    "sff": "0.15 ¬µl"
  },
  {
    "docID": "N029 Kanno 2014 24478364",
    "et": "Dosage",
    "off": 18433,
    "sff": "1.5 mm"
  },
  {
    "docID": "N029 Kanno 2014 24478364",
    "et": "Dosage",
    "off": 22917,
    "sff": "137 mM"
  },
  {
    "docID": "N029 Kanno 2014 24478364",
    "et": "Dosage",
    "off": 19148,
    "sff": "2%"
  },
  {
    "docID": "N029 Kanno 2014 24478364",
    "et": "Dosage",
    "off": 26249,
    "sff": "1 mm"
  },
  {
    "docID": "N029 Kanno 2014 24478364",
    "et": "Dosage",
    "off": 14728,
    "sff": "180 g"
  },
  {
    "docID": "N029 Kanno 2014 24478364",
    "et": "Dosage",
    "off": 7515,
    "sff": "60 mm"
  },
  {
    "docID": "N029 Kanno 2014 24478364",
    "et": "Dosage",
    "off": 50182,
    "sff": "8G"
  },
  {
    "docID": "N029 Kanno 2014 24478364",
    "et": "Dosage",
    "off": 19166,
    "sff": "0.3µl"
  },
  {
    "docID": "N029 Kanno 2014 24478364",
    "et": "Dosage",
    "off": 18942,
    "sff": "1 ¬µl"
  },
  {
    "docID": "N029 Kanno 2014 24478364",
    "et": "Dosage",
    "off": 25295,
    "sff": "10 ¬µl"
  },
  {
    "docID": "N029 Kanno 2014 24478364",
    "et": "Dosage",
    "off": 32344,
    "sff": "4 g"
  },
  {
    "docID": "N029 Kanno 2014 24478364",
    "et": "Dosage",
    "off": 32257,
    "sff": "15 g"
  },
  {
    "docID": "N029 Kanno 2014 24478364",
    "et": "Dosage",
    "off": 13858,
    "sff": "16 mg"
  },
  {
    "docID": "N029 Kanno 2014 24478364",
    "et": "Dosage",
    "off": 20378,
    "sff": "5%"
  },
  {
    "docID": "N029 Kanno 2014 24478364",
    "et": "Dosage",
    "off": 16374,
    "sff": "0.3 mg/kg"
  },
  {
    "docID": "N029 Kanno 2014 24478364",
    "et": "Dosage",
    "off": 15115,
    "sff": "45 mg/kg"
  },
  {
    "docID": "N029 Kanno 2014 24478364",
    "et": "Dosage",
    "off": 44168,
    "sff": "2L"
  },
  {
    "docID": "N029 Kanno 2014 24478364",
    "et": "Dosage",
    "off": 13730,
    "sff": "10µl"
  },
  {
    "docID": "N029 Kanno 2014 24478364",
    "et": "Dosage",
    "off": 19255,
    "sff": "7 mm"
  },
  {
    "docID": "N029 Kanno 2014 24478364",
    "et": "Dosage",
    "off": 22979,
    "sff": "1 mM"
  },
  {
    "docID": "N029 Kanno 2014 24478364",
    "et": "Dosage",
    "off": 16014,
    "sff": "1.75 mm"
  },
  {
    "docID": "N029 Kanno 2014 24478364",
    "et": "Dosage",
    "off": 44409,
    "sff": "0.3 mU/µl"
  },
  {
    "docID": "N029 Kanno 2014 24478364",
    "et": "Dosage",
    "off": 22965,
    "sff": "10%"
  },
  {
    "docID": "N029 Kanno 2014 24478364",
    "et": "Dosage",
    "off": 22733,
    "sff": "5 mm"
  },
  {
    "docID": "N029 Kanno 2014 24478364",
    "et": "Dosage",
    "off": 19861,
    "sff": "30%"
  },
  {
    "docID": "N029 Kanno 2014 24478364",
    "et": "Dosage",
    "off": 7602,
    "sff": "10%"
  },
  {
    "docID": "N029 Kanno 2014 24478364",
    "et": "Dosage",
    "off": 17614,
    "sff": "10µl"
  },
  {
    "docID": "N029 Kanno 2014 24478364",
    "et": "Dosage",
    "off": 18886,
    "sff": "1.5 mm"
  },
  {
    "docID": "N029 Kanno 2014 24478364",
    "et": "Dosage",
    "off": 47769,
    "sff": "5L"
  },
  {
    "docID": "N029 Kanno 2014 24478364",
    "et": "Dosage",
    "off": 45066,
    "sff": "3G"
  },
  {
    "docID": "N029 Kanno 2014 24478364",
    "et": "Dosage",
    "off": 18246,
    "sff": "10%"
  },
  {
    "docID": "N029 Kanno 2014 24478364",
    "et": "Dosage",
    "off": 11755,
    "sff": "95%"
  },
  {
    "docID": "N029 Kanno 2014 24478364",
    "et": "Dosage",
    "off": 52670,
    "sff": "10G"
  },
  {
    "docID": "N029 Kanno 2014 24478364",
    "et": "Dosage",
    "off": 22930,
    "sff": "20 mM"
  },
  {
    "docID": "N029 Kanno 2014 24478364",
    "et": "Dosage",
    "off": 7858,
    "sff": "1500 g"
  },
  {
    "docID": "N029 Kanno 2014 24478364",
    "et": "Dosage",
    "off": 13872,
    "sff": "2.37 g"
  },
  {
    "docID": "N029 Kanno 2014 24478364",
    "et": "Dosage",
    "off": 9310,
    "sff": "10%"
  },
  {
    "docID": "N029 Kanno 2014 24478364",
    "et": "Dosage",
    "off": 9480,
    "sff": "3.7µg"
  },
  {
    "docID": "N029 Kanno 2014 24478364",
    "et": "Dosage",
    "off": 32281,
    "sff": "0.25 g"
  },
  {
    "docID": "N029 Kanno 2014 24478364",
    "et": "Dosage",
    "off": 15134,
    "sff": "5 mg/kg"
  },
  {
    "docID": "N029 Kanno 2014 24478364",
    "et": "Dosage",
    "off": 47979,
    "sff": "0.9 mU/¬µg"
  },
  {
    "docID": "N029 Kanno 2014 24478364",
    "et": "Dosage",
    "off": 53579,
    "sff": "11G"
  },
  {
    "docID": "N029 Kanno 2014 24478364",
    "et": "Dosage",
    "off": 13955,
    "sff": "20µl"
  },
  {
    "docID": "N029 Kanno 2014 24478364",
    "et": "Dosage",
    "off": 17294,
    "sff": "6µl"
  },
  {
    "docID": "N029 Kanno 2014 24478364",
    "et": "Dosage",
    "off": 20103,
    "sff": "0.5%"
  },
  {
    "docID": "N029 Kanno 2014 24478364",
    "et": "Dosage",
    "off": 25366,
    "sff": "0.25 mg/ml"
  },
  {
    "docID": "N029 Kanno 2014 24478364",
    "et": "Dosage",
    "off": 15947,
    "sff": "7%"
  },
  {
    "docID": "N029 Kanno 2014 24478364",
    "et": "Dosage",
    "off": 23041,
    "sff": "1µg/ml"
  },
  {
    "docID": "N029 Kanno 2014 24478364",
    "et": "Dosage",
    "off": 26469,
    "sff": "4%"
  },
  {
    "docID": "N029 Kanno 2014 24478364",
    "et": "Dosage",
    "off": 51664,
    "sff": "9G"
  },
  {
    "docID": "N029 Kanno 2014 24478364",
    "et": "Dosage",
    "off": 13835,
    "sff": "180µl"
  },
  {
    "docID": "N029 Kanno 2014 24478364",
    "et": "Dosage",
    "off": 15795,
    "sff": "12.5 mm"
  },
  {
    "docID": "N029 Kanno 2014 24478364",
    "et": "Dosage",
    "off": 47192,
    "sff": "5G"
  },
  {
    "docID": "N029 Kanno 2014 24478364",
    "et": "Right",
    "off": 55943,
    "sff": "right"
  },
  {
    "docID": "N029 Kanno 2014 24478364",
    "et": "Right",
    "off": 55926,
    "sff": "right"
  },
  {
    "docID": "N029 Kanno 2014 24478364",
    "et": "IntramuscularLocation",
    "off": 16327,
    "sff": "intramuscular"
  },
  {
    "docID": "N029 Kanno 2014 24478364",
    "et": "PBS",
    "off": 18253,
    "sff": "PBS"
  },
  {
    "docID": "N029 Kanno 2014 24478364",
    "et": "PBS",
    "off": 35101,
    "sff": "PBS"
  },
  {
    "docID": "N029 Kanno 2014 24478364",
    "et": "PBS",
    "off": 34926,
    "sff": "PBS"
  },
  {
    "docID": "N029 Kanno 2014 24478364",
    "et": "PBS",
    "off": 44158,
    "sff": "PBS"
  },
  {
    "docID": "N029 Kanno 2014 24478364",
    "et": "PBS",
    "off": 19695,
    "sff": "PBS"
  },
  {
    "docID": "N029 Kanno 2014 24478364",
    "et": "PBS",
    "off": 14347,
    "sff": "PBS"
  },
  {
    "docID": "N029 Kanno 2014 24478364",
    "et": "PBS",
    "off": 10252,
    "sff": "PBS"
  },
  {
    "docID": "N029 Kanno 2014 24478364",
    "et": "PBS",
    "off": 14433,
    "sff": "PBS"
  },
  {
    "docID": "N029 Kanno 2014 24478364",
    "et": "PBS",
    "off": 43937,
    "sff": "PBS"
  },
  {
    "docID": "N029 Kanno 2014 24478364",
    "et": "PBS",
    "off": 19876,
    "sff": "PBS"
  },
  {
    "docID": "N029 Kanno 2014 24478364",
    "et": "StemCell",
    "off": 559,
    "sff": "Stem Cell"
  },
  {
    "docID": "N029 Kanno 2014 24478364",
    "et": "StemCell",
    "off": 79069,
    "sff": "stem"
  },
  {
    "docID": "N029 Kanno 2014 24478364",
    "et": "Proliferation",
    "off": 80073,
    "sff": "proliferation"
  },
  {
    "docID": "N029 Kanno 2014 24478364",
    "et": "Duration",
    "off": 19455,
    "sff": "3 min"
  },
  {
    "docID": "N029 Kanno 2014 24478364",
    "et": "Duration",
    "off": 28635,
    "sff": "40µm"
  },
  {
    "docID": "N029 Kanno 2014 24478364",
    "et": "Duration",
    "off": 28882,
    "sff": "40µm"
  },
  {
    "docID": "N029 Kanno 2014 24478364",
    "et": "Duration",
    "off": 19565,
    "sff": "12 weeks"
  },
  {
    "docID": "N029 Kanno 2014 24478364",
    "et": "Duration",
    "off": 32077,
    "sff": "~5 min"
  },
  {
    "docID": "N029 Kanno 2014 24478364",
    "et": "Duration",
    "off": 23133,
    "sff": "5 min"
  },
  {
    "docID": "N029 Kanno 2014 24478364",
    "et": "Duration",
    "off": 7732,
    "sff": "2 weeks"
  },
  {
    "docID": "N029 Kanno 2014 24478364",
    "et": "Duration",
    "off": 55578,
    "sff": "9 weeks"
  },
  {
    "docID": "N029 Kanno 2014 24478364",
    "et": "Duration",
    "off": 47743,
    "sff": "12 weeks"
  },
  {
    "docID": "N029 Kanno 2014 24478364",
    "et": "Duration",
    "off": 26391,
    "sff": "1µm"
  },
  {
    "docID": "N029 Kanno 2014 24478364",
    "et": "Duration",
    "off": 36489,
    "sff": "12 weeks"
  },
  {
    "docID": "N029 Kanno 2014 24478364",
    "et": "Duration",
    "off": 57554,
    "sff": "13 weeks"
  },
  {
    "docID": "N029 Kanno 2014 24478364",
    "et": "Duration",
    "off": 48179,
    "sff": "2 weeks"
  },
  {
    "docID": "N029 Kanno 2014 24478364",
    "et": "Duration",
    "off": 9930,
    "sff": "40 h"
  },
  {
    "docID": "N029 Kanno 2014 24478364",
    "et": "Duration",
    "off": 43479,
    "sff": "24 h"
  },
  {
    "docID": "N029 Kanno 2014 24478364",
    "et": "Duration",
    "off": 31455,
    "sff": "13 weeks"
  },
  {
    "docID": "N029 Kanno 2014 24478364",
    "et": "Duration",
    "off": 28898,
    "sff": "400µm"
  },
  {
    "docID": "N029 Kanno 2014 24478364",
    "et": "Duration",
    "off": 31595,
    "sff": "30 min"
  },
  {
    "docID": "N029 Kanno 2014 24478364",
    "et": "Duration",
    "off": 44476,
    "sff": "24 h"
  },
  {
    "docID": "N029 Kanno 2014 24478364",
    "et": "Duration",
    "off": 57052,
    "sff": "13 weeks"
  },
  {
    "docID": "N029 Kanno 2014 24478364",
    "et": "Duration",
    "off": 17159,
    "sff": "7 d"
  },
  {
    "docID": "N029 Kanno 2014 24478364",
    "et": "Duration",
    "off": 46613,
    "sff": "2 weeks"
  },
  {
    "docID": "N029 Kanno 2014 24478364",
    "et": "Duration",
    "off": 13001,
    "sff": "24 h"
  },
  {
    "docID": "N029 Kanno 2014 24478364",
    "et": "Duration",
    "off": 26805,
    "sff": "50µm"
  },
  {
    "docID": "N029 Kanno 2014 24478364",
    "et": "Duration",
    "off": 56140,
    "sff": "5 weeks"
  },
  {
    "docID": "N029 Kanno 2014 24478364",
    "et": "Duration",
    "off": 22680,
    "sff": "6 weeks"
  },
  {
    "docID": "N029 Kanno 2014 24478364",
    "et": "Duration",
    "off": 9202,
    "sff": "24 h"
  },
  {
    "docID": "N029 Kanno 2014 24478364",
    "et": "Duration",
    "off": 48737,
    "sff": "6 D"
  },
  {
    "docID": "N029 Kanno 2014 24478364",
    "et": "Duration",
    "off": 19381,
    "sff": "3 min"
  },
  {
    "docID": "N029 Kanno 2014 24478364",
    "et": "Duration",
    "off": 53709,
    "sff": "11H"
  },
  {
    "docID": "N029 Kanno 2014 24478364",
    "et": "Duration",
    "off": 54332,
    "sff": "13"
  },
  {
    "docID": "N029 Kanno 2014 24478364",
    "et": "Duration",
    "off": 32714,
    "sff": "30 min"
  },
  {
    "docID": "N029 Kanno 2014 24478364",
    "et": "Duration",
    "off": 19075,
    "sff": "13 weeks"
  },
  {
    "docID": "N029 Kanno 2014 24478364",
    "et": "Duration",
    "off": 18176,
    "sff": "11 weeks"
  },
  {
    "docID": "N029 Kanno 2014 24478364",
    "et": "Duration",
    "off": 20761,
    "sff": "100µM"
  },
  {
    "docID": "N029 Kanno 2014 24478364",
    "et": "Duration",
    "off": 36545,
    "sff": "12 weeks"
  },
  {
    "docID": "N029 Kanno 2014 24478364",
    "et": "Duration",
    "off": 46242,
    "sff": "3H"
  },
  {
    "docID": "N029 Kanno 2014 24478364",
    "et": "Duration",
    "off": 47293,
    "sff": "12 weeks"
  },
  {
    "docID": "N029 Kanno 2014 24478364",
    "et": "Duration",
    "off": 9806,
    "sff": "20 min"
  },
  {
    "docID": "N029 Kanno 2014 24478364",
    "et": "Duration",
    "off": 56207,
    "sff": "13 weeks"
  },
  {
    "docID": "N029 Kanno 2014 24478364",
    "et": "Duration",
    "off": 10022,
    "sff": "5 min"
  },
  {
    "docID": "N029 Kanno 2014 24478364",
    "et": "Duration",
    "off": 19689,
    "sff": "0.1 M"
  },
  {
    "docID": "N029 Kanno 2014 24478364",
    "et": "Duration",
    "off": 48120,
    "sff": "5M"
  },
  {
    "docID": "N029 Kanno 2014 24478364",
    "et": "Duration",
    "off": 55174,
    "sff": "13 weeks"
  },
  {
    "docID": "N029 Kanno 2014 24478364",
    "et": "Duration",
    "off": 33284,
    "sff": "20 s"
  },
  {
    "docID": "N029 Kanno 2014 24478364",
    "et": "Duration",
    "off": 47356,
    "sff": "2 and 12 weeks"
  },
  {
    "docID": "N029 Kanno 2014 24478364",
    "et": "Duration",
    "off": 42377,
    "sff": "13 weeks"
  },
  {
    "docID": "N029 Kanno 2014 24478364",
    "et": "Duration",
    "off": 47479,
    "sff": "4 H"
  },
  {
    "docID": "N029 Kanno 2014 24478364",
    "et": "Duration",
    "off": 44071,
    "sff": "2M"
  },
  {
    "docID": "N029 Kanno 2014 24478364",
    "et": "Duration",
    "off": 46210,
    "sff": "2 d"
  },
  {
    "docID": "N029 Kanno 2014 24478364",
    "et": "Duration",
    "off": 22668,
    "sff": "2 d"
  },
  {
    "docID": "N029 Kanno 2014 24478364",
    "et": "Duration",
    "off": 30815,
    "sff": "1 week"
  },
  {
    "docID": "N029 Kanno 2014 24478364",
    "et": "Duration",
    "off": 28651,
    "sff": "200µm"
  },
  {
    "docID": "N029 Kanno 2014 24478364",
    "et": "Duration",
    "off": 17791,
    "sff": "3 min"
  },
  {
    "docID": "N029 Kanno 2014 24478364",
    "et": "Duration",
    "off": 20799,
    "sff": "1 h"
  },
  {
    "docID": "N029 Kanno 2014 24478364",
    "et": "Duration",
    "off": 54578,
    "sff": "13 weeks"
  },
  {
    "docID": "N029 Kanno 2014 24478364",
    "et": "Duration",
    "off": 22125,
    "sff": "50µm"
  },
  {
    "docID": "N029 Kanno 2014 24478364",
    "et": "Duration",
    "off": 56222,
    "sff": "9 weeks"
  },
  {
    "docID": "N029 Kanno 2014 24478364",
    "et": "Duration",
    "off": 42535,
    "sff": "13 weeks"
  },
  {
    "docID": "N029 Kanno 2014 24478364",
    "et": "Duration",
    "off": 56478,
    "sff": "5 weeks"
  },
  {
    "docID": "N029 Kanno 2014 24478364",
    "et": "Duration",
    "off": 17672,
    "sff": "150µm"
  },
  {
    "docID": "N029 Kanno 2014 24478364",
    "et": "Duration",
    "off": 27947,
    "sff": "500µm"
  },
  {
    "docID": "N029 Kanno 2014 24478364",
    "et": "Duration",
    "off": 36847,
    "sff": "12 weeks"
  },
  {
    "docID": "N029 Kanno 2014 24478364",
    "et": "Duration",
    "off": 48088,
    "sff": "2 d"
  },
  {
    "docID": "N029 Kanno 2014 24478364",
    "et": "Duration",
    "off": 30139,
    "sff": "1 to 13 weeks"
  },
  {
    "docID": "N029 Kanno 2014 24478364",
    "et": "Duration",
    "off": 33239,
    "sff": "5 min"
  },
  {
    "docID": "N029 Kanno 2014 24478364",
    "et": "Duration",
    "off": 18972,
    "sff": "150µm"
  },
  {
    "docID": "N029 Kanno 2014 24478364",
    "et": "Duration",
    "off": 36021,
    "sff": "2 weeks"
  },
  {
    "docID": "N029 Kanno 2014 24478364",
    "et": "Duration",
    "off": 57319,
    "sff": "5 and 9 weeks"
  },
  {
    "docID": "N029 Kanno 2014 24478364",
    "et": "Duration",
    "off": 46263,
    "sff": "2 weeks"
  },
  {
    "docID": "N029 Kanno 2014 24478364",
    "et": "Duration",
    "off": 7987,
    "sff": "2µM"
  },
  {
    "docID": "N029 Kanno 2014 24478364",
    "et": "Duration",
    "off": 10174,
    "sff": "2.5 h"
  },
  {
    "docID": "N029 Kanno 2014 24478364",
    "et": "Duration",
    "off": 43592,
    "sff": "3 d"
  },
  {
    "docID": "N029 Kanno 2014 24478364",
    "et": "Duration",
    "off": 44563,
    "sff": "12 weeks"
  },
  {
    "docID": "N029 Kanno 2014 24478364",
    "et": "Duration",
    "off": 55485,
    "sff": "5 weeks"
  },
  {
    "docID": "N029 Kanno 2014 24478364",
    "et": "Duration",
    "off": 9720,
    "sff": "5 min"
  },
  {
    "docID": "N029 Kanno 2014 24478364",
    "et": "Duration",
    "off": 56925,
    "sff": "13 weeks"
  },
  {
    "docID": "N029 Kanno 2014 24478364",
    "et": "Duration",
    "off": 25382,
    "sff": "15 min"
  },
  {
    "docID": "N029 Kanno 2014 24478364",
    "et": "Duration",
    "off": 54108,
    "sff": "13 weeks"
  },
  {
    "docID": "N029 Kanno 2014 24478364",
    "et": "Duration",
    "off": 53857,
    "sff": "13 weeks"
  },
  {
    "docID": "N029 Kanno 2014 24478364",
    "et": "Duration",
    "off": 12611,
    "sff": "24 h"
  },
  {
    "docID": "N029 Kanno 2014 24478364",
    "et": "Duration",
    "off": 13110,
    "sff": "3 d"
  },
  {
    "docID": "N029 Kanno 2014 24478364",
    "et": "Duration",
    "off": 50030,
    "sff": "8D"
  },
  {
    "docID": "N029 Kanno 2014 24478364",
    "et": "Duration",
    "off": 46880,
    "sff": "12 weeks"
  },
  {
    "docID": "N029 Kanno 2014 24478364",
    "et": "Duration",
    "off": 44360,
    "sff": "24 h"
  },
  {
    "docID": "N029 Kanno 2014 24478364",
    "et": "Duration",
    "off": 19002,
    "sff": "3 min"
  },
  {
    "docID": "N029 Kanno 2014 24478364",
    "et": "Duration",
    "off": 26828,
    "sff": "150µm"
  },
  {
    "docID": "N029 Kanno 2014 24478364",
    "et": "Duration",
    "off": 21861,
    "sff": "20µm"
  },
  {
    "docID": "N029 Kanno 2014 24478364",
    "et": "Duration",
    "off": 35379,
    "sff": "12 weeks"
  },
  {
    "docID": "N029 Kanno 2014 24478364",
    "et": "Duration",
    "off": 18661,
    "sff": "13 weeks"
  },
  {
    "docID": "N029 Kanno 2014 24478364",
    "et": "Duration",
    "off": 54712,
    "sff": "5 and 9 weeks"
  },
  {
    "docID": "N029 Kanno 2014 24478364",
    "et": "Duration",
    "off": 57580,
    "sff": "12H"
  },
  {
    "docID": "N029 Kanno 2014 24478364",
    "et": "Duration",
    "off": 13916,
    "sff": "0.1 M"
  },
  {
    "docID": "N029 Kanno 2014 24478364",
    "et": "Duration",
    "off": 27560,
    "sff": "40µm"
  },
  {
    "docID": "N029 Kanno 2014 24478364",
    "et": "Duration",
    "off": 18600,
    "sff": "5 min"
  },
  {
    "docID": "N029 Kanno 2014 24478364",
    "et": "Duration",
    "off": 42255,
    "sff": "13 weeks"
  },
  {
    "docID": "N029 Kanno 2014 24478364",
    "et": "Duration",
    "off": 13775,
    "sff": "15 min"
  },
  {
    "docID": "N029 Kanno 2014 24478364",
    "et": "Duration",
    "off": 19884,
    "sff": "48 h"
  },
  {
    "docID": "N029 Kanno 2014 24478364",
    "et": "Duration",
    "off": 17433,
    "sff": "3 min"
  },
  {
    "docID": "N029 Kanno 2014 24478364",
    "et": "Duration",
    "off": 20125,
    "sff": "1 h"
  },
  {
    "docID": "N029 Kanno 2014 24478364",
    "et": "Duration",
    "off": 56088,
    "sff": "12D"
  },
  {
    "docID": "N029 Kanno 2014 24478364",
    "et": "Duration",
    "off": 14470,
    "sff": "3 h"
  },
  {
    "docID": "N029 Kanno 2014 24478364",
    "et": "Duration",
    "off": 30985,
    "sff": "13 weeks"
  },
  {
    "docID": "N029 Kanno 2014 24478364",
    "et": "Duration",
    "off": 42504,
    "sff": "13 weeks"
  },
  {
    "docID": "N029 Kanno 2014 24478364",
    "et": "Duration",
    "off": 21877,
    "sff": "200µm"
  },
  {
    "docID": "N029 Kanno 2014 24478364",
    "et": "Duration",
    "off": 48206,
    "sff": "6 weeks"
  },
  {
    "docID": "N029 Kanno 2014 24478364",
    "et": "Duration",
    "off": 47487,
    "sff": "5 H"
  },
  {
    "docID": "N029 Kanno 2014 24478364",
    "et": "Duration",
    "off": 43621,
    "sff": "2H"
  },
  {
    "docID": "N029 Kanno 2014 24478364",
    "et": "Duration",
    "off": 44419,
    "sff": "24 h"
  },
  {
    "docID": "N029 Kanno 2014 24478364",
    "et": "Duration",
    "off": 54137,
    "sff": "9 weeks"
  },
  {
    "docID": "N029 Kanno 2014 24478364",
    "et": "LesionAdjacentTissue",
    "off": 48876,
    "sff": "adjacent"
  },
  {
    "docID": "N029 Kanno 2014 24478364",
    "et": "LesionAdjacentTissue",
    "off": 45216,
    "sff": "lesion"
  },
  {
    "docID": "N029 Kanno 2014 24478364",
    "et": "LesionAdjacentTissue",
    "off": 78146,
    "sff": "lesion"
  },
  {
    "docID": "N029 Kanno 2014 24478364",
    "et": "LesionAdjacentTissue",
    "off": 25833,
    "sff": "lesion"
  },
  {
    "docID": "N029 Kanno 2014 24478364",
    "et": "LesionAdjacentTissue",
    "off": 58922,
    "sff": "lesion"
  },
  {
    "docID": "N029 Kanno 2014 24478364",
    "et": "LesionAdjacentTissue",
    "off": 58508,
    "sff": "lesion"
  },
  {
    "docID": "N029 Kanno 2014 24478364",
    "et": "LesionAdjacentTissue",
    "off": 59150,
    "sff": "lesion"
  },
  {
    "docID": "N029 Kanno 2014 24478364",
    "et": "LesionAdjacentTissue",
    "off": 21679,
    "sff": "lesion"
  },
  {
    "docID": "N029 Kanno 2014 24478364",
    "et": "LesionAdjacentTissue",
    "off": 36144,
    "sff": "lesion"
  },
  {
    "docID": "N029 Kanno 2014 24478364",
    "et": "LesionAdjacentTissue",
    "off": 82545,
    "sff": "lesion"
  },
  {
    "docID": "N029 Kanno 2014 24478364",
    "et": "LesionAdjacentTissue",
    "off": 24371,
    "sff": "lesion"
  },
  {
    "docID": "N029 Kanno 2014 24478364",
    "et": "LesionAdjacentTissue",
    "off": 46932,
    "sff": "lesion"
  },
  {
    "docID": "N029 Kanno 2014 24478364",
    "et": "LesionAdjacentTissue",
    "off": 46742,
    "sff": "lesion"
  },
  {
    "docID": "N029 Kanno 2014 24478364",
    "et": "CentralNervousSystem",
    "off": 74362,
    "sff": "central nervous"
  },
  {
    "docID": "N029 Kanno 2014 24478364",
    "et": "CentralNervousSystem",
    "off": 78020,
    "sff": "nervous system"
  },
  {
    "docID": "N029 Kanno 2014 24478364",
    "et": "CentralNervousSystem",
    "off": 78020,
    "sff": "nervous"
  },
  {
    "docID": "N029 Kanno 2014 24478364",
    "et": "CentralNervousSystem",
    "off": 26905,
    "sff": "central"
  },
  {
    "docID": "N029 Kanno 2014 24478364",
    "et": "CentralNervousSystem",
    "off": 84901,
    "sff": "central nervous"
  },
  {
    "docID": "N029 Kanno 2014 24478364",
    "et": "CentralNervousSystem",
    "off": 84901,
    "sff": "central nervous system"
  },
  {
    "docID": "N029 Kanno 2014 24478364",
    "et": "CentralNervousSystem",
    "off": 74362,
    "sff": "central nervous system"
  },
  {
    "docID": "N029 Kanno 2014 24478364",
    "et": "RocheMexico",
    "off": 7781,
    "sff": "Roche"
  },
  {
    "docID": "N029 Kanno 2014 24478364",
    "et": "HartleyGuineaPig",
    "off": 69206,
    "sff": "Hartley"
  },
  {
    "docID": "N029 Kanno 2014 24478364",
    "et": "ModerateInjury",
    "off": 15725,
    "sff": "Moderate"
  },
  {
    "docID": "N029 Kanno 2014 24478364",
    "et": "Matrix",
    "off": 78048,
    "sff": "matrix"
  },
  {
    "docID": "N029 Kanno 2014 24478364",
    "et": "NuclearTransfection",
    "off": 74663,
    "sff": "nuclear"
  },
  {
    "docID": "N029 Kanno 2014 24478364",
    "et": "SpinalCentralPart",
    "off": 26905,
    "sff": "central"
  },
  {
    "docID": "N029 Kanno 2014 24478364",
    "et": "SpinalCentralPart",
    "off": 74362,
    "sff": "central"
  },
  {
    "docID": "N029 Kanno 2014 24478364",
    "et": "SpinalCentralPart",
    "off": 84901,
    "sff": "central"
  },
  {
    "docID": "N029 Kanno 2014 24478364",
    "et": "InjuryArea",
    "off": 21714,
    "sff": "area"
  },
  {
    "docID": "N029 Kanno 2014 24478364",
    "et": "InjuryArea",
    "off": 22114,
    "sff": "area"
  },
  {
    "docID": "N029 Kanno 2014 24478364",
    "et": "InjuryArea",
    "off": 17348,
    "sff": "area"
  },
  {
    "docID": "N029 Kanno 2014 24478364",
    "et": "InjuryArea",
    "off": 21364,
    "sff": "area"
  },
  {
    "docID": "N029 Kanno 2014 24478364",
    "et": "InjuryArea",
    "off": 24922,
    "sff": "area"
  },
  {
    "docID": "N029 Kanno 2014 24478364",
    "et": "InjuryArea",
    "off": 26794,
    "sff": "area"
  },
  {
    "docID": "N029 Kanno 2014 24478364",
    "et": "InjuryArea",
    "off": 60045,
    "sff": "area"
  },
  {
    "docID": "N029 Kanno 2014 24478364",
    "et": "InjuryArea",
    "off": 21353,
    "sff": "area"
  },
  {
    "docID": "N029 Kanno 2014 24478364",
    "et": "InjuryArea",
    "off": 21583,
    "sff": "area"
  },
  {
    "docID": "N029 Kanno 2014 24478364",
    "et": "InjuryArea",
    "off": 24878,
    "sff": "area"
  },
  {
    "docID": "N029 Kanno 2014 24478364",
    "et": "InjuryArea",
    "off": 21468,
    "sff": "area"
  },
  {
    "docID": "N029 Kanno 2014 24478364",
    "et": "MedicationDuringSurgery",
    "off": 30378,
    "sff": "during"
  },
  {
    "docID": "N029 Kanno 2014 24478364",
    "et": "MedicationDuringSurgery",
    "off": 85462,
    "sff": "during"
  },
  {
    "docID": "N029 Kanno 2014 24478364",
    "et": "MedicationDuringSurgery",
    "off": 15294,
    "sff": "During"
  },
  {
    "docID": "N029 Kanno 2014 24478364",
    "et": "MedicationDuringSurgery",
    "off": 15294,
    "sff": "During surgery"
  },
  {
    "docID": "N029 Kanno 2014 24478364",
    "et": "MedicationDuringSurgery",
    "off": 76703,
    "sff": "during"
  },
  {
    "docID": "N029 Kanno 2014 24478364",
    "et": "Housing",
    "off": 79622,
    "sff": "housing"
  },
  {
    "docID": "N029 Kanno 2014 24478364",
    "et": "Ketamine",
    "off": 15124,
    "sff": "ketamine"
  },
  {
    "docID": "N029 Kanno 2014 24478364",
    "et": "DNA",
    "off": 9739,
    "sff": "DNA"
  },
  {
    "docID": "N029 Kanno 2014 24478364",
    "et": "Brain",
    "off": 83140,
    "sff": "brain"
  },
  {
    "docID": "N029 Kanno 2014 24478364",
    "et": "Brain",
    "off": 74393,
    "sff": "Brain"
  },
  {
    "docID": "N029 Kanno 2014 24478364",
    "et": "Brain",
    "off": 70194,
    "sff": "brain"
  },
  {
    "docID": "N029 Kanno 2014 24478364",
    "et": "Brain",
    "off": 87694,
    "sff": "Brain"
  },
  {
    "docID": "N029 Kanno 2014 24478364",
    "et": "Brain",
    "off": 70433,
    "sff": "Brain"
  },
  {
    "docID": "N029 Kanno 2014 24478364",
    "et": "Brain",
    "off": 82369,
    "sff": "Brain"
  },
  {
    "docID": "N029 Kanno 2014 24478364",
    "et": "Brain",
    "off": 82808,
    "sff": "Brain"
  },
  {
    "docID": "N029 Kanno 2014 24478364",
    "et": "Brain",
    "off": 81639,
    "sff": "Brain"
  },
  {
    "docID": "N029 Kanno 2014 24478364",
    "et": "Brain",
    "off": 86647,
    "sff": "Brain"
  },
  {
    "docID": "N029 Kanno 2014 24478364",
    "et": "Laminectomy",
    "off": 18686,
    "sff": "laminectomy"
  },
  {
    "docID": "N029 Kanno 2014 24478364",
    "et": "Laminectomy",
    "off": 15592,
    "sff": "laminectomy"
  },
  {
    "docID": "N029 Kanno 2014 24478364",
    "et": "Laminectomy",
    "off": 19108,
    "sff": "laminectomy"
  },
  {
    "docID": "N029 Kanno 2014 24478364",
    "et": "AscendingFiberTract",
    "off": 53090,
    "sff": "fiber"
  },
  {
    "docID": "N029 Kanno 2014 24478364",
    "et": "AscendingFiberTract",
    "off": 65419,
    "sff": "ascending"
  },
  {
    "docID": "N029 Kanno 2014 24478364",
    "et": "SpinalWhiteMatter",
    "off": 64957,
    "sff": "white matter"
  },
  {
    "docID": "N029 Kanno 2014 24478364",
    "et": "SpinalWhiteMatter",
    "off": 68686,
    "sff": "White"
  },
  {
    "docID": "N029 Kanno 2014 24478364",
    "et": "SpinalWhiteMatter",
    "off": 64867,
    "sff": "white matter"
  },
  {
    "docID": "N029 Kanno 2014 24478364",
    "et": "MeasurementOfIncreasingTemperature",
    "off": 67569,
    "sff": "increasing"
  },
  {
    "docID": "N029 Kanno 2014 24478364",
    "et": "Antibody",
    "off": 6870,
    "sff": "antibody"
  },
  {
    "docID": "N029 Kanno 2014 24478364",
    "et": "Antibody",
    "off": 6097,
    "sff": "antibody"
  },
  {
    "docID": "N029 Kanno 2014 24478364",
    "et": "Antibody",
    "off": 6801,
    "sff": "antibody"
  },
  {
    "docID": "N029 Kanno 2014 24478364",
    "et": "Antibody",
    "off": 6260,
    "sff": "antibody"
  },
  {
    "docID": "N029 Kanno 2014 24478364",
    "et": "Antibody",
    "off": 6206,
    "sff": "antibody"
  },
  {
    "docID": "N029 Kanno 2014 24478364",
    "et": "Antibody",
    "off": 6431,
    "sff": "antibody"
  },
  {
    "docID": "N029 Kanno 2014 24478364",
    "et": "Antibody",
    "off": 6010,
    "sff": "antibody"
  },
  {
    "docID": "N029 Kanno 2014 24478364",
    "et": "Antibody",
    "off": 13217,
    "sff": "antibody"
  },
  {
    "docID": "N029 Kanno 2014 24478364",
    "et": "Antibody",
    "off": 6372,
    "sff": "antibody"
  },
  {
    "docID": "N029 Kanno 2014 24478364",
    "et": "Antibody",
    "off": 6147,
    "sff": "antibody"
  },
  {
    "docID": "N029 Kanno 2014 24478364",
    "et": "Antibody",
    "off": 6317,
    "sff": "antibody"
  },
  {
    "docID": "N029 Kanno 2014 24478364",
    "et": "Antibody",
    "off": 6669,
    "sff": "antibody"
  },
  {
    "docID": "N029 Kanno 2014 24478364",
    "et": "Antibody",
    "off": 60144,
    "sff": "antibody"
  },
  {
    "docID": "N029 Kanno 2014 24478364",
    "et": "Antibody",
    "off": 6735,
    "sff": "antibody"
  },
  {
    "docID": "N029 Kanno 2014 24478364",
    "et": "Antibody",
    "off": 23695,
    "sff": "antibody"
  },
  {
    "docID": "N029 Kanno 2014 24478364",
    "et": "Antibody",
    "off": 6538,
    "sff": "antibody"
  },
  {
    "docID": "N029 Kanno 2014 24478364",
    "et": "Antibody",
    "off": 6604,
    "sff": "antibody"
  },
  {
    "docID": "N029 Kanno 2014 24478364",
    "et": "Purification",
    "off": 84211,
    "sff": "Purification"
  },
  {
    "docID": "N029 Kanno 2014 24478364",
    "et": "ContusionType",
    "off": 1291,
    "sff": "contusion"
  },
  {
    "docID": "N029 Kanno 2014 24478364",
    "et": "ContusionType",
    "off": 15755,
    "sff": "contusion"
  },
  {
    "docID": "N029 Kanno 2014 24478364",
    "et": "ContusionType",
    "off": 69933,
    "sff": "contusion"
  },
  {
    "docID": "N029 Kanno 2014 24478364",
    "et": "ContusionType",
    "off": 18191,
    "sff": "contusion"
  },
  {
    "docID": "N029 Kanno 2014 24478364",
    "et": "ContusionType",
    "off": 80560,
    "sff": "contusion"
  },
  {
    "docID": "N029 Kanno 2014 24478364",
    "et": "ContusionType",
    "off": 62595,
    "sff": "contusion"
  },
  {
    "docID": "N029 Kanno 2014 24478364",
    "et": "ContusionType",
    "off": 76775,
    "sff": "contusion"
  },
  {
    "docID": "N029 Kanno 2014 24478364",
    "et": "ContusionType",
    "off": 3835,
    "sff": "contusion"
  },
  {
    "docID": "N029 Kanno 2014 24478364",
    "et": "ContusionType",
    "off": 5470,
    "sff": "contusion"
  },
  {
    "docID": "N029 Kanno 2014 24478364",
    "et": "ContusionType",
    "off": 15572,
    "sff": "Contusion"
  },
  {
    "docID": "N029 Kanno 2014 24478364",
    "et": "ContusionType",
    "off": 67549,
    "sff": "contusion"
  },
  {
    "docID": "N029 Kanno 2014 24478364",
    "et": "ContusionType",
    "off": 53888,
    "sff": "contusion"
  },
  {
    "docID": "N029 Kanno 2014 24478364",
    "et": "ContusionType",
    "off": 61600,
    "sff": "contusion"
  },
  {
    "docID": "N029 Kanno 2014 24478364",
    "et": "ContusionType",
    "off": 76162,
    "sff": "contusion"
  },
  {
    "docID": "N029 Kanno 2014 24478364",
    "et": "Protein",
    "off": 23406,
    "sff": "protein"
  },
  {
    "docID": "N029 Kanno 2014 24478364",
    "et": "Protein",
    "off": 46125,
    "sff": "protein"
  },
  {
    "docID": "N029 Kanno 2014 24478364",
    "et": "Protein",
    "off": 48076,
    "sff": "protein"
  },
  {
    "docID": "N029 Kanno 2014 24478364",
    "et": "Protein",
    "off": 46056,
    "sff": "protein"
  },
  {
    "docID": "N029 Kanno 2014 24478364",
    "et": "Protein",
    "off": 63746,
    "sff": "protein"
  },
  {
    "docID": "N029 Kanno 2014 24478364",
    "et": "Protein",
    "off": 46500,
    "sff": "protein"
  },
  {
    "docID": "N029 Kanno 2014 24478364",
    "et": "Protein",
    "off": 25508,
    "sff": "protein"
  },
  {
    "docID": "N029 Kanno 2014 24478364",
    "et": "Protein",
    "off": 46334,
    "sff": "protein"
  },
  {
    "docID": "N029 Kanno 2014 24478364",
    "et": "Protein",
    "off": 75358,
    "sff": "protein"
  },
  {
    "docID": "N029 Kanno 2014 24478364",
    "et": "Protein",
    "off": 47933,
    "sff": "protein"
  },
  {
    "docID": "N029 Kanno 2014 24478364",
    "et": "Protein",
    "off": 71936,
    "sff": "protein"
  },
  {
    "docID": "N029 Kanno 2014 24478364",
    "et": "Protein",
    "off": 23456,
    "sff": "protein"
  },
  {
    "docID": "N029 Kanno 2014 24478364",
    "et": "Protein",
    "off": 23547,
    "sff": "protein"
  },
  {
    "docID": "N029 Kanno 2014 24478364",
    "et": "Protein",
    "off": 47996,
    "sff": "protein"
  },
  {
    "docID": "N029 Kanno 2014 24478364",
    "et": "Protein",
    "off": 46395,
    "sff": "protein"
  },
  {
    "docID": "N029 Kanno 2014 24478364",
    "et": "Protein",
    "off": 46198,
    "sff": "protein"
  },
  {
    "docID": "N029 Kanno 2014 24478364",
    "et": "Protein",
    "off": 85368,
    "sff": "protein"
  },
  {
    "docID": "N029 Kanno 2014 24478364",
    "et": "Protein",
    "off": 10353,
    "sff": "protein"
  },
  {
    "docID": "N029 Kanno 2014 24478364",
    "et": "Protein",
    "off": 25554,
    "sff": "protein"
  },
  {
    "docID": "N029 Kanno 2014 24478364",
    "et": "TailVeinLocation",
    "off": 30257,
    "sff": "tail"
  },
  {
    "docID": "N029 Kanno 2014 24478364",
    "et": "TailVeinLocation",
    "off": 55035,
    "sff": "tail"
  },
  {
    "docID": "N029 Kanno 2014 24478364",
    "et": "GlialCell",
    "off": 74347,
    "sff": "glial"
  },
  {
    "docID": "N029 Kanno 2014 24478364",
    "et": "GlialCell",
    "off": 78282,
    "sff": "Glial cell"
  },
  {
    "docID": "N029 Kanno 2014 24478364",
    "et": "GlialCell",
    "off": 70365,
    "sff": "glial"
  },
  {
    "docID": "N029 Kanno 2014 24478364",
    "et": "GlialCell",
    "off": 84717,
    "sff": "glial"
  },
  {
    "docID": "N029 Kanno 2014 24478364",
    "et": "GlialCell",
    "off": 81411,
    "sff": "glial"
  },
  {
    "docID": "N029 Kanno 2014 24478364",
    "et": "GlialCell",
    "off": 4448,
    "sff": "glial"
  },
  {
    "docID": "N029 Kanno 2014 24478364",
    "et": "SpinalGrayMatter",
    "off": 24314,
    "sff": "gray"
  },
  {
    "docID": "N029 Kanno 2014 24478364",
    "et": "CompressionType",
    "off": 15960,
    "sff": "compression"
  },
  {
    "docID": "N029 Kanno 2014 24478364",
    "et": "CompressionType",
    "off": 61341,
    "sff": "compression"
  },
  {
    "docID": "N029 Kanno 2014 24478364",
    "et": "PostSurgeryCondition",
    "off": 33586,
    "sff": "post"
  },
  {
    "docID": "N029 Kanno 2014 24478364",
    "et": "PostSurgeryCondition",
    "off": 15301,
    "sff": "surgery"
  },
  {
    "docID": "N029 Kanno 2014 24478364",
    "et": "PostSurgeryCondition",
    "off": 15502,
    "sff": "surgery"
  },
  {
    "docID": "N029 Kanno 2014 24478364",
    "et": "PostSurgeryCondition",
    "off": 831,
    "sff": "Surgery"
  },
  {
    "docID": "N029 Kanno 2014 24478364",
    "et": "PostSurgeryCondition",
    "off": 508,
    "sff": "Surgery"
  },
  {
    "docID": "N029 Kanno 2014 24478364",
    "et": "VimentinAntiSenseDNA",
    "off": 20339,
    "sff": "anti"
  },
  {
    "docID": "N029 Kanno 2014 24478364",
    "et": "VimentinAntiSenseDNA",
    "off": 6308,
    "sff": "anti"
  },
  {
    "docID": "N029 Kanno 2014 24478364",
    "et": "VimentinAntiSenseDNA",
    "off": 6421,
    "sff": "anti"
  },
  {
    "docID": "N029 Kanno 2014 24478364",
    "et": "VimentinAntiSenseDNA",
    "off": 20287,
    "sff": "anti"
  },
  {
    "docID": "N029 Kanno 2014 24478364",
    "et": "RatSpecies",
    "off": 28726,
    "sff": "rat"
  },
  {
    "docID": "N029 Kanno 2014 24478364",
    "et": "RatSpecies",
    "off": 83136,
    "sff": "rat"
  },
  {
    "docID": "N029 Kanno 2014 24478364",
    "et": "RatSpecies",
    "off": 86465,
    "sff": "rat"
  },
  {
    "docID": "N029 Kanno 2014 24478364",
    "et": "RatSpecies",
    "off": 87490,
    "sff": "rat"
  },
  {
    "docID": "N029 Kanno 2014 24478364",
    "et": "RatSpecies",
    "off": 32426,
    "sff": "rat"
  },
  {
    "docID": "N029 Kanno 2014 24478364",
    "et": "RatSpecies",
    "off": 73644,
    "sff": "rat"
  },
  {
    "docID": "N029 Kanno 2014 24478364",
    "et": "RatSpecies",
    "off": 87022,
    "sff": "rat"
  },
  {
    "docID": "N029 Kanno 2014 24478364",
    "et": "RatSpecies",
    "off": 76207,
    "sff": "rat"
  },
  {
    "docID": "N029 Kanno 2014 24478364",
    "et": "RatSpecies",
    "off": 72433,
    "sff": "rat"
  },
  {
    "docID": "N029 Kanno 2014 24478364",
    "et": "RatSpecies",
    "off": 83043,
    "sff": "rat"
  },
  {
    "docID": "N029 Kanno 2014 24478364",
    "et": "RatSpecies",
    "off": 29297,
    "sff": "rat"
  },
  {
    "docID": "N029 Kanno 2014 24478364",
    "et": "RatSpecies",
    "off": 85223,
    "sff": "rat"
  },
  {
    "docID": "N029 Kanno 2014 24478364",
    "et": "RatSpecies",
    "off": 5466,
    "sff": "rat"
  },
  {
    "docID": "N029 Kanno 2014 24478364",
    "et": "RatSpecies",
    "off": 22488,
    "sff": "rat"
  },
  {
    "docID": "N029 Kanno 2014 24478364",
    "et": "RatSpecies",
    "off": 87261,
    "sff": "rat"
  },
  {
    "docID": "N029 Kanno 2014 24478364",
    "et": "RatSpecies",
    "off": 82462,
    "sff": "rat"
  },
  {
    "docID": "N029 Kanno 2014 24478364",
    "et": "RatSpecies",
    "off": 77856,
    "sff": "rat"
  },
  {
    "docID": "N029 Kanno 2014 24478364",
    "et": "RatSpecies",
    "off": 81236,
    "sff": "rat"
  },
  {
    "docID": "N029 Kanno 2014 24478364",
    "et": "RatSpecies",
    "off": 79701,
    "sff": "rat"
  },
  {
    "docID": "N029 Kanno 2014 24478364",
    "et": "RatSpecies",
    "off": 71254,
    "sff": "rat"
  },
  {
    "docID": "N029 Kanno 2014 24478364",
    "et": "RatSpecies",
    "off": 78166,
    "sff": "rat"
  },
  {
    "docID": "N029 Kanno 2014 24478364",
    "et": "RatSpecies",
    "off": 45912,
    "sff": "rat"
  },
  {
    "docID": "N029 Kanno 2014 24478364",
    "et": "RatSpecies",
    "off": 75608,
    "sff": "rat"
  },
  {
    "docID": "N029 Kanno 2014 24478364",
    "et": "RatSpecies",
    "off": 29852,
    "sff": "rat"
  },
  {
    "docID": "N029 Kanno 2014 24478364",
    "et": "RatSpecies",
    "off": 77586,
    "sff": "rat"
  },
  {
    "docID": "N029 Kanno 2014 24478364",
    "et": "RatSpecies",
    "off": 76739,
    "sff": "rat"
  },
  {
    "docID": "N029 Kanno 2014 24478364",
    "et": "RatSpecies",
    "off": 28240,
    "sff": "rat"
  },
  {
    "docID": "N029 Kanno 2014 24478364",
    "et": "RatSpecies",
    "off": 81479,
    "sff": "rat"
  },
  {
    "docID": "N029 Kanno 2014 24478364",
    "et": "SodiumPentobarbital",
    "off": 23024,
    "sff": "sodium"
  },
  {
    "docID": "N029 Kanno 2014 24478364",
    "et": "Caudal",
    "off": 39299,
    "sff": "caudal"
  },
  {
    "docID": "N029 Kanno 2014 24478364",
    "et": "Caudal",
    "off": 40323,
    "sff": "caudal"
  },
  {
    "docID": "N029 Kanno 2014 24478364",
    "et": "Caudal",
    "off": 48580,
    "sff": "caudal"
  },
  {
    "docID": "N029 Kanno 2014 24478364",
    "et": "Caudal",
    "off": 84033,
    "sff": "caudal"
  },
  {
    "docID": "N029 Kanno 2014 24478364",
    "et": "Caudal",
    "off": 27973,
    "sff": "caudal"
  },
  {
    "docID": "N029 Kanno 2014 24478364",
    "et": "Caudal",
    "off": 58565,
    "sff": "caudal"
  },
  {
    "docID": "N029 Kanno 2014 24478364",
    "et": "Caudal",
    "off": 19274,
    "sff": "caudal"
  },
  {
    "docID": "N029 Kanno 2014 24478364",
    "et": "Caudal",
    "off": 29643,
    "sff": "caudal"
  },
  {
    "docID": "N029 Kanno 2014 24478364",
    "et": "Caudal",
    "off": 51088,
    "sff": "caudal"
  },
  {
    "docID": "N029 Kanno 2014 24478364",
    "et": "Caudal",
    "off": 37389,
    "sff": "caudal"
  },
  {
    "docID": "N029 Kanno 2014 24478364",
    "et": "Caudal",
    "off": 39117,
    "sff": "caudal"
  },
  {
    "docID": "N029 Kanno 2014 24478364",
    "et": "Caudal",
    "off": 2162,
    "sff": "caudal"
  },
  {
    "docID": "N029 Kanno 2014 24478364",
    "et": "Caudal",
    "off": 28529,
    "sff": "caudal"
  },
  {
    "docID": "N029 Kanno 2014 24478364",
    "et": "Caudal",
    "off": 40116,
    "sff": "caudal"
  },
  {
    "docID": "N029 Kanno 2014 24478364",
    "et": "Caudal",
    "off": 50865,
    "sff": "caudal"
  },
  {
    "docID": "N029 Kanno 2014 24478364",
    "et": "Caudal",
    "off": 2291,
    "sff": "caudal"
  },
  {
    "docID": "N029 Kanno 2014 24478364",
    "et": "Caudal",
    "off": 51639,
    "sff": "caudal"
  },
  {
    "docID": "N029 Kanno 2014 24478364",
    "et": "Caudal",
    "off": 59960,
    "sff": "caudal"
  },
  {
    "docID": "N029 Kanno 2014 24478364",
    "et": "Caudal",
    "off": 87227,
    "sff": "caudal"
  },
  {
    "docID": "N029 Kanno 2014 24478364",
    "et": "Caudal",
    "off": 19260,
    "sff": "caudal"
  },
  {
    "docID": "N029 Kanno 2014 24478364",
    "et": "Caudal",
    "off": 50047,
    "sff": "caudal"
  },
  {
    "docID": "N029 Kanno 2014 24478364",
    "et": "Caudal",
    "off": 64191,
    "sff": "caudal"
  },
  {
    "docID": "N029 Kanno 2014 24478364",
    "et": "Caudal",
    "off": 59136,
    "sff": "caudal"
  },
  {
    "docID": "N029 Kanno 2014 24478364",
    "et": "Caudal",
    "off": 28543,
    "sff": "caudal"
  },
  {
    "docID": "N029 Kanno 2014 24478364",
    "et": "Caudal",
    "off": 39779,
    "sff": "caudal"
  },
  {
    "docID": "N029 Kanno 2014 24478364",
    "et": "Caudal",
    "off": 41763,
    "sff": "caudal"
  },
  {
    "docID": "N029 Kanno 2014 24478364",
    "et": "Caudal",
    "off": 67620,
    "sff": "caudal"
  },
  {
    "docID": "N029 Kanno 2014 24478364",
    "et": "Caudal",
    "off": 2084,
    "sff": "caudal"
  },
  {
    "docID": "N029 Kanno 2014 24478364",
    "et": "Caudal",
    "off": 2214,
    "sff": "caudal"
  },
  {
    "docID": "N029 Kanno 2014 24478364",
    "et": "Caudal",
    "off": 53223,
    "sff": "caudal"
  },
  {
    "docID": "N029 Kanno 2014 24478364",
    "et": "Caudal",
    "off": 68197,
    "sff": "caudal"
  },
  {
    "docID": "N029 Kanno 2014 24478364",
    "et": "Caudal",
    "off": 62438,
    "sff": "caudal"
  },
  {
    "docID": "N029 Kanno 2014 24478364",
    "et": "Caudal",
    "off": 53673,
    "sff": "caudal"
  },
  {
    "docID": "N029 Kanno 2014 24478364",
    "et": "Caudal",
    "off": 61737,
    "sff": "caudal"
  },
  {
    "docID": "N029 Kanno 2014 24478364",
    "et": "Caudal",
    "off": 59498,
    "sff": "caudal"
  },
  {
    "docID": "N029 Kanno 2014 24478364",
    "et": "Caudal",
    "off": 52207,
    "sff": "caudal"
  },
  {
    "docID": "N029 Kanno 2014 24478364",
    "et": "Caudal",
    "off": 58799,
    "sff": "caudal"
  },
  {
    "docID": "N029 Kanno 2014 24478364",
    "et": "Caudal",
    "off": 51731,
    "sff": "caudal"
  },
  {
    "docID": "N029 Kanno 2014 24478364",
    "et": "Caudal",
    "off": 68115,
    "sff": "caudal"
  },
  {
    "docID": "N029 Kanno 2014 24478364",
    "et": "Caudal",
    "off": 51348,
    "sff": "caudal"
  },
  {
    "docID": "N029 Kanno 2014 24478364",
    "et": "Caudal",
    "off": 50321,
    "sff": "caudal"
  },
  {
    "docID": "N029 Kanno 2014 24478364",
    "et": "Caudal",
    "off": 53009,
    "sff": "caudal"
  },
  {
    "docID": "N029 Kanno 2014 24478364",
    "et": "Caudal",
    "off": 41621,
    "sff": "caudal"
  },
  {
    "docID": "N029 Kanno 2014 24478364",
    "et": "Caudal",
    "off": 41499,
    "sff": "caudal"
  },
  {
    "docID": "N029 Kanno 2014 24478364",
    "et": "Caudal",
    "off": 29657,
    "sff": "caudal"
  },
  {
    "docID": "N029 Kanno 2014 24478364",
    "et": "Caudal",
    "off": 58908,
    "sff": "caudal"
  },
  {
    "docID": "N029 Kanno 2014 24478364",
    "et": "Caudal",
    "off": 52063,
    "sff": "caudal"
  },
  {
    "docID": "N029 Kanno 2014 24478364",
    "et": "Caudal",
    "off": 39518,
    "sff": "caudal"
  },
  {
    "docID": "N029 Kanno 2014 24478364",
    "et": "Enzyme",
    "off": 4975,
    "sff": "enzyme"
  },
  {
    "docID": "N029 Kanno 2014 24478364",
    "et": "Enzyme",
    "off": 61254,
    "sff": "enzyme"
  },
  {
    "docID": "N029 Kanno 2014 24478364",
    "et": "Enzyme",
    "off": 44196,
    "sff": "enzyme"
  },
  {
    "docID": "N029 Kanno 2014 24478364",
    "et": "Enzyme",
    "off": 58116,
    "sff": "enzyme"
  },
  {
    "docID": "N029 Kanno 2014 24478364",
    "et": "AntiCD11dAntibody",
    "off": 20339,
    "sff": "anti"
  },
  {
    "docID": "N029 Kanno 2014 24478364",
    "et": "AntiCD11dAntibody",
    "off": 20287,
    "sff": "anti"
  },
  {
    "docID": "N029 Kanno 2014 24478364",
    "et": "AntiCD11dAntibody",
    "off": 6308,
    "sff": "anti"
  },
  {
    "docID": "N029 Kanno 2014 24478364",
    "et": "AntiCD11dAntibody",
    "off": 6421,
    "sff": "anti"
  },
  {
    "docID": "N029 Kanno 2014 24478364",
    "et": "SchwannCell",
    "off": 75855,
    "sff": "Schwann"
  },
  {
    "docID": "N029 Kanno 2014 24478364",
    "et": "SchwannCell",
    "off": 68713,
    "sff": "Schwann cell"
  },
  {
    "docID": "N029 Kanno 2014 24478364",
    "et": "SchwannCell",
    "off": 85033,
    "sff": "Schwann cell"
  },
  {
    "docID": "N029 Kanno 2014 24478364",
    "et": "SchwannCell",
    "off": 86570,
    "sff": "Schwann cell"
  },
  {
    "docID": "N029 Kanno 2014 24478364",
    "et": "SchwannCell",
    "off": 87148,
    "sff": "Schwann cell"
  },
  {
    "docID": "N029 Kanno 2014 24478364",
    "et": "SchwannCell",
    "off": 3129,
    "sff": "Schwann"
  },
  {
    "docID": "N029 Kanno 2014 24478364",
    "et": "SchwannCell",
    "off": 84057,
    "sff": "Schwann cell"
  },
  {
    "docID": "N029 Kanno 2014 24478364",
    "et": "SchwannCell",
    "off": 75026,
    "sff": "Schwann cell"
  },
  {
    "docID": "N029 Kanno 2014 24478364",
    "et": "SchwannCell",
    "off": 77745,
    "sff": "Schwann"
  },
  {
    "docID": "N029 Kanno 2014 24478364",
    "et": "SchwannCell",
    "off": 76016,
    "sff": "Schwann"
  },
  {
    "docID": "N029 Kanno 2014 24478364",
    "et": "SchwannCell",
    "off": 10928,
    "sff": "Schwann"
  },
  {
    "docID": "N029 Kanno 2014 24478364",
    "et": "SchwannCell",
    "off": 69862,
    "sff": "Schwann"
  },
  {
    "docID": "N029 Kanno 2014 24478364",
    "et": "SchwannCell",
    "off": 72614,
    "sff": "Schwann"
  },
  {
    "docID": "N029 Kanno 2014 24478364",
    "et": "SchwannCell",
    "off": 81766,
    "sff": "Schwann"
  },
  {
    "docID": "N029 Kanno 2014 24478364",
    "et": "SchwannCell",
    "off": 82985,
    "sff": "Schwann-cell"
  },
  {
    "docID": "N029 Kanno 2014 24478364",
    "et": "SchwannCell",
    "off": 71018,
    "sff": "Schwann"
  },
  {
    "docID": "N029 Kanno 2014 24478364",
    "et": "SchwannCell",
    "off": 74825,
    "sff": "Schwann cell"
  },
  {
    "docID": "N029 Kanno 2014 24478364",
    "et": "SchwannCell",
    "off": 86730,
    "sff": "Schwann cell"
  },
  {
    "docID": "N029 Kanno 2014 24478364",
    "et": "SchwannCell",
    "off": 7144,
    "sff": "Schwann"
  },
  {
    "docID": "N029 Kanno 2014 24478364",
    "et": "SchwannCell",
    "off": 83559,
    "sff": "Schwann"
  },
  {
    "docID": "N029 Kanno 2014 24478364",
    "et": "SchwannCell",
    "off": 81213,
    "sff": "Schwann cell"
  },
  {
    "docID": "N029 Kanno 2014 24478364",
    "et": "SchwannCell",
    "off": 83293,
    "sff": "Schwann"
  },
  {
    "docID": "N029 Kanno 2014 24478364",
    "et": "SchwannCell",
    "off": 131,
    "sff": "Schwann Cell"
  },
  {
    "docID": "N029 Kanno 2014 24478364",
    "et": "SchwannCell",
    "off": 84247,
    "sff": "Schwann"
  },
  {
    "docID": "N029 Kanno 2014 24478364",
    "et": "SchwannCell",
    "off": 82709,
    "sff": "Schwann"
  },
  {
    "docID": "N029 Kanno 2014 24478364",
    "et": "SchwannCell",
    "off": 921,
    "sff": "Schwann"
  },
  {
    "docID": "N029 Kanno 2014 24478364",
    "et": "SchwannCell",
    "off": 80060,
    "sff": "Schwann cell"
  },
  {
    "docID": "N029 Kanno 2014 24478364",
    "et": "NewZealandRabbit",
    "off": 7669,
    "sff": "new"
  },
  {
    "docID": "N029 Kanno 2014 24478364",
    "et": "NewZealandRabbit",
    "off": 62806,
    "sff": "new"
  },
  {
    "docID": "N029 Kanno 2014 24478364",
    "et": "NewZealandRabbit",
    "off": 8216,
    "sff": "new"
  },
  {
    "docID": "N029 Kanno 2014 24478364",
    "et": "NewZealandRabbit",
    "off": 8398,
    "sff": "new"
  },
  {
    "docID": "N029 Kanno 2014 24478364",
    "et": "NewZealandRabbit",
    "off": 77071,
    "sff": "new"
  },
  {
    "docID": "N029 Kanno 2014 24478364",
    "et": "Lentivirus",
    "off": 11089,
    "sff": "lentivirus"
  },
  {
    "docID": "N029 Kanno 2014 24478364",
    "et": "SigmaAldrich",
    "off": 6286,
    "sff": "Sigma-Aldrich"
  },
  {
    "docID": "N029 Kanno 2014 24478364",
    "et": "SigmaAldrich",
    "off": 7070,
    "sff": "Sigma-Aldrich"
  },
  {
    "docID": "N029 Kanno 2014 24478364",
    "et": "SigmaAldrich",
    "off": 13421,
    "sff": "Sigma-Aldrich"
  },
  {
    "docID": "N029 Kanno 2014 24478364",
    "et": "SigmaAldrich",
    "off": 20780,
    "sff": "Sigma-Aldrich"
  },
  {
    "docID": "N029 Kanno 2014 24478364",
    "et": "SigmaAldrich",
    "off": 8112,
    "sff": "SigmaAldrich"
  },
  {
    "docID": "N029 Kanno 2014 24478364",
    "et": "SigmaAldrich",
    "off": 19178,
    "sff": "Sigma-Aldrich"
  },
  {
    "docID": "N029 Kanno 2014 24478364",
    "et": "SigmaAldrich",
    "off": 7992,
    "sff": "Sigma-Aldrich"
  },
  {
    "docID": "N029 Kanno 2014 24478364",
    "et": "SigmaAldrich",
    "off": 75387,
    "sff": "sigma"
  },
  {
    "docID": "N029 Kanno 2014 24478364",
    "et": "T10",
    "off": 19123,
    "sff": "T10"
  },
  {
    "docID": "N029 Kanno 2014 24478364",
    "et": "PartialTransection",
    "off": 72791,
    "sff": "partial"
  },
  {
    "docID": "N029 Kanno 2014 24478364",
    "et": "PartialTransection",
    "off": 54079,
    "sff": "partial"
  },
  {
    "docID": "N029 Kanno 2014 24478364",
    "et": "Thoracic",
    "off": 15734,
    "sff": "thoracic"
  },
  {
    "docID": "N029 Kanno 2014 24478364",
    "et": "Thoracic",
    "off": 15621,
    "sff": "thoracic"
  },
  {
    "docID": "N029 Kanno 2014 24478364",
    "et": "Thoracic",
    "off": 81240,
    "sff": "thoracic"
  },
  {
    "docID": "N029 Kanno 2014 24478364",
    "et": "Thoracic",
    "off": 85227,
    "sff": "thoracic"
  },
  {
    "docID": "N029 Kanno 2014 24478364",
    "et": "Lumbar",
    "off": 12811,
    "sff": "Lumbar"
  },
  {
    "docID": "N029 Kanno 2014 24478364",
    "et": "LightSource",
    "off": 71261,
    "sff": "light"
  },
  {
    "docID": "N029 Kanno 2014 24478364",
    "et": "Compression",
    "off": 15960,
    "sff": "compression"
  },
  {
    "docID": "N029 Kanno 2014 24478364",
    "et": "Compression",
    "off": 61341,
    "sff": "compression"
  },
  {
    "docID": "N029 Kanno 2014 24478364",
    "et": "Seikagaku",
    "off": 6962,
    "sff": "Seikagaku"
  },
  {
    "docID": "N029 Kanno 2014 24478364",
    "et": "Seikagaku",
    "off": 6344,
    "sff": "Seikagaku"
  },
  {
    "docID": "N029 Kanno 2014 24478364",
    "et": "Seikagaku",
    "off": 14223,
    "sff": "Seikagaku"
  },
  {
    "docID": "N029 Kanno 2014 24478364",
    "et": "StemCellSourceType",
    "off": 75768,
    "sff": "cell"
  },
  {
    "docID": "N029 Kanno 2014 24478364",
    "et": "StemCellSourceType",
    "off": 68721,
    "sff": "cell"
  },
  {
    "docID": "N029 Kanno 2014 24478364",
    "et": "StemCellSourceType",
    "off": 85041,
    "sff": "cell"
  },
  {
    "docID": "N029 Kanno 2014 24478364",
    "et": "StemCellSourceType",
    "off": 2735,
    "sff": "cell"
  },
  {
    "docID": "N029 Kanno 2014 24478364",
    "et": "StemCellSourceType",
    "off": 86578,
    "sff": "cell"
  },
  {
    "docID": "N029 Kanno 2014 24478364",
    "et": "StemCellSourceType",
    "off": 87156,
    "sff": "cell"
  },
  {
    "docID": "N029 Kanno 2014 24478364",
    "et": "StemCellSourceType",
    "off": 139,
    "sff": "Cell"
  },
  {
    "docID": "N029 Kanno 2014 24478364",
    "et": "StemCellSourceType",
    "off": 86795,
    "sff": "Cell"
  },
  {
    "docID": "N029 Kanno 2014 24478364",
    "et": "StemCellSourceType",
    "off": 83851,
    "sff": "cell"
  },
  {
    "docID": "N029 Kanno 2014 24478364",
    "et": "StemCellSourceType",
    "off": 69127,
    "sff": "Cell"
  },
  {
    "docID": "N029 Kanno 2014 24478364",
    "et": "StemCellSourceType",
    "off": 81221,
    "sff": "cell"
  },
  {
    "docID": "N029 Kanno 2014 24478364",
    "et": "StemCellSourceType",
    "off": 80068,
    "sff": "cell"
  },
  {
    "docID": "N029 Kanno 2014 24478364",
    "et": "StemCellSourceType",
    "off": 11416,
    "sff": "cell"
  },
  {
    "docID": "N029 Kanno 2014 24478364",
    "et": "StemCellSourceType",
    "off": 75034,
    "sff": "cell"
  },
  {
    "docID": "N029 Kanno 2014 24478364",
    "et": "StemCellSourceType",
    "off": 599,
    "sff": "Cell"
  },
  {
    "docID": "N029 Kanno 2014 24478364",
    "et": "StemCellSourceType",
    "off": 74075,
    "sff": "cell"
  },
  {
    "docID": "N029 Kanno 2014 24478364",
    "et": "StemCellSourceType",
    "off": 74833,
    "sff": "cell"
  },
  {
    "docID": "N029 Kanno 2014 24478364",
    "et": "StemCellSourceType",
    "off": 86738,
    "sff": "cell"
  },
  {
    "docID": "N029 Kanno 2014 24478364",
    "et": "StemCellSourceType",
    "off": 73807,
    "sff": "cell"
  },
  {
    "docID": "N029 Kanno 2014 24478364",
    "et": "StemCellSourceType",
    "off": 78288,
    "sff": "cell"
  },
  {
    "docID": "N029 Kanno 2014 24478364",
    "et": "StemCellSourceType",
    "off": 84113,
    "sff": "Cell"
  },
  {
    "docID": "N029 Kanno 2014 24478364",
    "et": "StemCellSourceType",
    "off": 74090,
    "sff": "Cell"
  },
  {
    "docID": "N029 Kanno 2014 24478364",
    "et": "StemCellSourceType",
    "off": 559,
    "sff": "Stem Cell"
  },
  {
    "docID": "N029 Kanno 2014 24478364",
    "et": "StemCellSourceType",
    "off": 84065,
    "sff": "cell"
  },
  {
    "docID": "N029 Kanno 2014 24478364",
    "et": "StemCellSourceType",
    "off": 85345,
    "sff": "cell"
  },
  {
    "docID": "N029 Kanno 2014 24478364",
    "et": "StemCellSourceType",
    "off": 61158,
    "sff": "cell"
  },
  {
    "docID": "N029 Kanno 2014 24478364",
    "et": "StemCellSourceType",
    "off": 79069,
    "sff": "stem"
  },
  {
    "docID": "N029 Kanno 2014 24478364",
    "et": "StemCellSourceType",
    "off": 22309,
    "sff": "cell"
  },
  {
    "docID": "N029 Kanno 2014 24478364",
    "et": "InVitroExperimentalProcedure",
    "off": 25280,
    "sff": "vitro"
  },
  {
    "docID": "N029 Kanno 2014 24478364",
    "et": "InVitroExperimentalProcedure",
    "off": 34034,
    "sff": "experimental"
  },
  {
    "docID": "N029 Kanno 2014 24478364",
    "et": "InVitroExperimentalProcedure",
    "off": 43682,
    "sff": "vitro"
  },
  {
    "docID": "N029 Kanno 2014 24478364",
    "et": "InVitroExperimentalProcedure",
    "off": 3522,
    "sff": "vitro"
  },
  {
    "docID": "N029 Kanno 2014 24478364",
    "et": "InVitroExperimentalProcedure",
    "off": 11876,
    "sff": "vitro"
  },
  {
    "docID": "N029 Kanno 2014 24478364",
    "et": "InVitroExperimentalProcedure",
    "off": 15535,
    "sff": "experimental"
  },
  {
    "docID": "N029 Kanno 2014 24478364",
    "et": "InVitroExperimentalProcedure",
    "off": 13333,
    "sff": "vitro"
  },
  {
    "docID": "N029 Kanno 2014 24478364",
    "et": "InVitroExperimentalProcedure",
    "off": 33496,
    "sff": "vitro"
  },
  {
    "docID": "N029 Kanno 2014 24478364",
    "et": "InVitroExperimentalProcedure",
    "off": 64890,
    "sff": "experimental"
  },
  {
    "docID": "N029 Kanno 2014 24478364",
    "et": "InVitroExperimentalProcedure",
    "off": 11580,
    "sff": "vitro"
  },
  {
    "docID": "N029 Kanno 2014 24478364",
    "et": "InVitroExperimentalProcedure",
    "off": 34103,
    "sff": "experimental"
  },
  {
    "docID": "N029 Kanno 2014 24478364",
    "et": "InVitroExperimentalProcedure",
    "off": 42893,
    "sff": "vitro"
  },
  {
    "docID": "N029 Kanno 2014 24478364",
    "et": "InVitroExperimentalProcedure",
    "off": 12336,
    "sff": "vitro"
  },
  {
    "docID": "N029 Kanno 2014 24478364",
    "et": "InVitroExperimentalProcedure",
    "off": 21819,
    "sff": "experimental"
  },
  {
    "docID": "N029 Kanno 2014 24478364",
    "et": "InVitroExperimentalProcedure",
    "off": 33952,
    "sff": "experimental"
  },
  {
    "docID": "N029 Kanno 2014 24478364",
    "et": "InVitroExperimentalProcedure",
    "off": 84264,
    "sff": "vitro"
  },
  {
    "docID": "N029 Kanno 2014 24478364",
    "et": "InVitroExperimentalProcedure",
    "off": 34188,
    "sff": "vitro"
  },
  {
    "docID": "N029 Kanno 2014 24478364",
    "et": "IntraperitonealLocation",
    "off": 15155,
    "sff": "intraperitoneal"
  },
  {
    "docID": "N029 Kanno 2014 24478364",
    "et": "AntiNG2Antibody",
    "off": 20287,
    "sff": "anti"
  },
  {
    "docID": "N029 Kanno 2014 24478364",
    "et": "AntiNG2Antibody",
    "off": 85397,
    "sff": "NG2"
  },
  {
    "docID": "N029 Kanno 2014 24478364",
    "et": "AntiNG2Antibody",
    "off": 6308,
    "sff": "anti"
  },
  {
    "docID": "N029 Kanno 2014 24478364",
    "et": "AntiNG2Antibody",
    "off": 6421,
    "sff": "anti"
  },
  {
    "docID": "N029 Kanno 2014 24478364",
    "et": "AntiNG2Antibody",
    "off": 20339,
    "sff": "anti"
  },
  {
    "docID": "N029 Kanno 2014 24478364",
    "et": "FischerRat",
    "off": 14694,
    "sff": "Fischer"
  },
  {
    "docID": "N029 Kanno 2014 24478364",
    "et": "FischerRat",
    "off": 7240,
    "sff": "Fischer"
  },
  {
    "docID": "N029 Kanno 2014 24478364",
    "et": "ScoutenWireKnife",
    "off": 31567,
    "sff": "wire"
  },
  {
    "docID": "N029 Kanno 2014 24478364",
    "et": "AllenWeightDropDevice",
    "off": 14734,
    "sff": "weight"
  },
  {
    "docID": "N029 Kanno 2014 24478364",
    "et": "AllenWeightDropDevice",
    "off": 22889,
    "sff": "weight"
  },
  {
    "docID": "N029 Kanno 2014 24478364",
    "et": "AllenWeightDropDevice",
    "off": 15780,
    "sff": "weight"
  },
  {
    "docID": "N029 Kanno 2014 24478364",
    "et": "AllenWeightDropDevice",
    "off": 15834,
    "sff": "weight-drop device"
  },
  {
    "docID": "N029 Kanno 2014 24478364",
    "et": "AntiNogoAAntibody",
    "off": 20287,
    "sff": "anti"
  },
  {
    "docID": "N029 Kanno 2014 24478364",
    "et": "AntiNogoAAntibody",
    "off": 65235,
    "sff": "NoGo"
  },
  {
    "docID": "N029 Kanno 2014 24478364",
    "et": "AntiNogoAAntibody",
    "off": 6421,
    "sff": "anti"
  },
  {
    "docID": "N029 Kanno 2014 24478364",
    "et": "AntiNogoAAntibody",
    "off": 20339,
    "sff": "anti"
  },
  {
    "docID": "N029 Kanno 2014 24478364",
    "et": "AntiNogoAAntibody",
    "off": 6308,
    "sff": "anti"
  },
  {
    "docID": "N029 Kanno 2014 24478364",
    "et": "LongEvansRat",
    "off": 60852,
    "sff": "long"
  },
  {
    "docID": "N029 Kanno 2014 24478364",
    "et": "Cell",
    "off": 74090,
    "sff": "Cell"
  },
  {
    "docID": "N029 Kanno 2014 24478364",
    "et": "Cell",
    "off": 2735,
    "sff": "cell"
  },
  {
    "docID": "N029 Kanno 2014 24478364",
    "et": "Cell",
    "off": 84065,
    "sff": "cell"
  },
  {
    "docID": "N029 Kanno 2014 24478364",
    "et": "Cell",
    "off": 85345,
    "sff": "cell"
  },
  {
    "docID": "N029 Kanno 2014 24478364",
    "et": "Cell",
    "off": 22309,
    "sff": "cell"
  },
  {
    "docID": "N029 Kanno 2014 24478364",
    "et": "Cell",
    "off": 61158,
    "sff": "cell"
  },
  {
    "docID": "N029 Kanno 2014 24478364",
    "et": "Cell",
    "off": 74075,
    "sff": "cell"
  },
  {
    "docID": "N029 Kanno 2014 24478364",
    "et": "Cell",
    "off": 75034,
    "sff": "cell"
  },
  {
    "docID": "N029 Kanno 2014 24478364",
    "et": "Cell",
    "off": 599,
    "sff": "Cell"
  },
  {
    "docID": "N029 Kanno 2014 24478364",
    "et": "Cell",
    "off": 74833,
    "sff": "cell"
  },
  {
    "docID": "N029 Kanno 2014 24478364",
    "et": "Cell",
    "off": 86738,
    "sff": "cell"
  },
  {
    "docID": "N029 Kanno 2014 24478364",
    "et": "Cell",
    "off": 86795,
    "sff": "Cell"
  },
  {
    "docID": "N029 Kanno 2014 24478364",
    "et": "Cell",
    "off": 11416,
    "sff": "cell"
  },
  {
    "docID": "N029 Kanno 2014 24478364",
    "et": "Cell",
    "off": 84113,
    "sff": "Cell"
  },
  {
    "docID": "N029 Kanno 2014 24478364",
    "et": "Cell",
    "off": 83851,
    "sff": "cell"
  },
  {
    "docID": "N029 Kanno 2014 24478364",
    "et": "Cell",
    "off": 139,
    "sff": "Cell"
  },
  {
    "docID": "N029 Kanno 2014 24478364",
    "et": "Cell",
    "off": 73807,
    "sff": "cell"
  },
  {
    "docID": "N029 Kanno 2014 24478364",
    "et": "Cell",
    "off": 78288,
    "sff": "cell"
  },
  {
    "docID": "N029 Kanno 2014 24478364",
    "et": "Cell",
    "off": 80068,
    "sff": "cell"
  },
  {
    "docID": "N029 Kanno 2014 24478364",
    "et": "Cell",
    "off": 69127,
    "sff": "Cell"
  },
  {
    "docID": "N029 Kanno 2014 24478364",
    "et": "Cell",
    "off": 81221,
    "sff": "cell"
  },
  {
    "docID": "N029 Kanno 2014 24478364",
    "et": "Cell",
    "off": 87156,
    "sff": "cell"
  },
  {
    "docID": "N029 Kanno 2014 24478364",
    "et": "Cell",
    "off": 68721,
    "sff": "cell"
  },
  {
    "docID": "N029 Kanno 2014 24478364",
    "et": "Cell",
    "off": 86578,
    "sff": "cell"
  },
  {
    "docID": "N029 Kanno 2014 24478364",
    "et": "Cell",
    "off": 85041,
    "sff": "cell"
  },
  {
    "docID": "N029 Kanno 2014 24478364",
    "et": "Cell",
    "off": 564,
    "sff": "Cell"
  },
  {
    "docID": "N029 Kanno 2014 24478364",
    "et": "Cell",
    "off": 75768,
    "sff": "cell"
  },
  {
    "docID": "N029 Kanno 2014 24478364",
    "et": "SpinalDorsalHalf",
    "off": 47066,
    "sff": "dorsal"
  },
  {
    "docID": "N029 Kanno 2014 24478364",
    "et": "SpinalDorsalHalf",
    "off": 12818,
    "sff": "dorsal"
  },
  {
    "docID": "N029 Kanno 2014 24478364",
    "et": "SpinalDorsalHalf",
    "off": 15656,
    "sff": "dorsal"
  },
  {
    "docID": "N029 Kanno 2014 24478364",
    "et": "17BetaEstradiolE2",
    "off": 84127,
    "sff": "17"
  },
  {
    "docID": "N029 Kanno 2014 24478364",
    "et": "Cervical",
    "off": 80539,
    "sff": "cervical"
  },
  {
    "docID": "N029 Kanno 2014 24478364",
    "et": "HematoxyLinEosin",
    "off": 73089,
    "sff": "Lin"
  },
  {
    "docID": "N029 Kanno 2014 24478364",
    "et": "CompleteTransectionType",
    "off": 75139,
    "sff": "complete transection"
  },
  {
    "docID": "N029 Kanno 2014 24478364",
    "et": "CompleteTransectionType",
    "off": 62623,
    "sff": "transection"
  },
  {
    "docID": "N029 Kanno 2014 24478364",
    "et": "CompleteTransectionType",
    "off": 76789,
    "sff": "transection"
  },
  {
    "docID": "N029 Kanno 2014 24478364",
    "et": "Water",
    "off": 16199,
    "sff": "water"
  },
  {
    "docID": "N029 Kanno 2014 24478364",
    "et": "Water",
    "off": 15470,
    "sff": "water"
  },
  {
    "docID": "N029 Kanno 2014 24478364",
    "et": "Embryonic",
    "off": 34363,
    "sff": "Embryonic"
  },
  {
    "docID": "N029 Kanno 2014 24478364",
    "et": "Embryonic",
    "off": 12860,
    "sff": "embryonic"
  },
  {
    "docID": "N029 Kanno 2014 24478364",
    "et": "ExperimentalProcedure",
    "off": 15535,
    "sff": "experimental"
  },
  {
    "docID": "N029 Kanno 2014 24478364",
    "et": "ExperimentalProcedure",
    "off": 34034,
    "sff": "experimental"
  },
  {
    "docID": "N029 Kanno 2014 24478364",
    "et": "ExperimentalProcedure",
    "off": 33952,
    "sff": "experimental"
  },
  {
    "docID": "N029 Kanno 2014 24478364",
    "et": "ExperimentalProcedure",
    "off": 34103,
    "sff": "experimental"
  },
  {
    "docID": "N029 Kanno 2014 24478364",
    "et": "ExperimentalProcedure",
    "off": 64890,
    "sff": "experimental"
  },
  {
    "docID": "N029 Kanno 2014 24478364",
    "et": "ExperimentalProcedure",
    "off": 21819,
    "sff": "experimental"
  },
  {
    "docID": "N029 Kanno 2014 24478364",
    "et": "BodyTemperatureMeasurement",
    "off": 20137,
    "sff": "temperature"
  },
  {
    "docID": "N029 Kanno 2014 24478364",
    "et": "BodyTemperatureMeasurement",
    "off": 9821,
    "sff": "temperature"
  },
  {
    "docID": "N029 Kanno 2014 24478364",
    "et": "BodyTemperatureMeasurement",
    "off": 15358,
    "sff": "body temperature"
  },
  {
    "docID": "N029 Kanno 2014 24478364",
    "et": "BodyTemperatureMeasurement",
    "off": 20811,
    "sff": "temperature"
  },
  {
    "docID": "N029 Kanno 2014 24478364",
    "et": "BodyTemperatureMeasurement",
    "off": 15424,
    "sff": "temperature"
  },
  {
    "docID": "N029 Kanno 2014 24478364",
    "et": "UnilateralInjuryArea",
    "off": 81433,
    "sff": "unilateral"
  },
  {
    "docID": "N029 Kanno 2014 24478364",
    "et": "PartialTransectionType",
    "off": 62623,
    "sff": "transection"
  },
  {
    "docID": "N029 Kanno 2014 24478364",
    "et": "PartialTransectionType",
    "off": 75148,
    "sff": "transection"
  },
  {
    "docID": "N029 Kanno 2014 24478364",
    "et": "PartialTransectionType",
    "off": 54079,
    "sff": "partial"
  },
  {
    "docID": "N029 Kanno 2014 24478364",
    "et": "PartialTransectionType",
    "off": 76789,
    "sff": "transection"
  },
  {
    "docID": "N029 Kanno 2014 24478364",
    "et": "PartialTransectionType",
    "off": 72791,
    "sff": "partial"
  },
  {
    "docID": "N029 Kanno 2014 24478364",
    "et": "CorticospinalTract",
    "off": 18127,
    "sff": "corticospinal tract"
  },
  {
    "docID": "N029 Kanno 2014 24478364",
    "et": "CorticospinalTract",
    "off": 88015,
    "sff": "corticospinal"
  },
  {
    "docID": "N029 Kanno 2014 24478364",
    "et": "CorticospinalTract",
    "off": 2107,
    "sff": "corticospinal"
  },
  {
    "docID": "N029 Kanno 2014 24478364",
    "et": "CorticospinalTract",
    "off": 75288,
    "sff": "Corticospinal tract"
  },
  {
    "docID": "N029 Kanno 2014 24478364",
    "et": "BrainDerivedNeurotrophicFactor",
    "off": 70433,
    "sff": "Brain"
  },
  {
    "docID": "N029 Kanno 2014 24478364",
    "et": "BrainDerivedNeurotrophicFactor",
    "off": 82369,
    "sff": "Brain"
  },
  {
    "docID": "N029 Kanno 2014 24478364",
    "et": "BrainDerivedNeurotrophicFactor",
    "off": 81780,
    "sff": "derived"
  },
  {
    "docID": "N029 Kanno 2014 24478364",
    "et": "BrainDerivedNeurotrophicFactor",
    "off": 74486,
    "sff": "derived"
  },
  {
    "docID": "N029 Kanno 2014 24478364",
    "et": "BrainDerivedNeurotrophicFactor",
    "off": 82808,
    "sff": "Brain"
  },
  {
    "docID": "N029 Kanno 2014 24478364",
    "et": "BrainDerivedNeurotrophicFactor",
    "off": 81639,
    "sff": "Brain"
  },
  {
    "docID": "N029 Kanno 2014 24478364",
    "et": "BrainDerivedNeurotrophicFactor",
    "off": 86647,
    "sff": "Brain"
  },
  {
    "docID": "N029 Kanno 2014 24478364",
    "et": "BrainDerivedNeurotrophicFactor",
    "off": 70194,
    "sff": "brain"
  },
  {
    "docID": "N029 Kanno 2014 24478364",
    "et": "BrainDerivedNeurotrophicFactor",
    "off": 74393,
    "sff": "Brain"
  },
  {
    "docID": "N029 Kanno 2014 24478364",
    "et": "BrainDerivedNeurotrophicFactor",
    "off": 83140,
    "sff": "brain"
  },
  {
    "docID": "N029 Kanno 2014 24478364",
    "et": "BrainDerivedNeurotrophicFactor",
    "off": 87694,
    "sff": "Brain"
  },
  {
    "docID": "N029 Kanno 2014 24478364",
    "et": "CompleteInjuryArea",
    "off": 75139,
    "sff": "complete"
  },
  {
    "docID": "N029 Kanno 2014 24478364",
    "et": "ChemicalInjury",
    "off": 27755,
    "sff": "Chemical"
  }
]
