[
  {
    "docID": "N035 Zhang 2013 24220426",
    "et": "RecombinantEPORhEpo",
    "off": 23499,
    "sff": "recombinant"
  },
  {
    "docID": "N035 Zhang 2013 24220426",
    "et": "RecombinantEPORhEpo",
    "off": 14984,
    "sff": "recombinant"
  },
  {
    "docID": "N035 Zhang 2013 24220426",
    "et": "OlfactoryEnsheathingGliaCell",
    "off": 18210,
    "sff": "Olfactory ensheathing"
  },
  {
    "docID": "N035 Zhang 2013 24220426",
    "et": "MesenchymalStemCell",
    "off": 22730,
    "sff": "stem"
  },
  {
    "docID": "N035 Zhang 2013 24220426",
    "et": "Intraspinal",
    "off": 23997,
    "sff": "Intraspinal"
  },
  {
    "docID": "N035 Zhang 2013 24220426",
    "et": "NOGOReceptorAntagonist",
    "off": 16045,
    "sff": "receptor"
  },
  {
    "docID": "N035 Zhang 2013 24220426",
    "et": "NOGOReceptorAntagonist",
    "off": 16500,
    "sff": "Nogo"
  },
  {
    "docID": "N035 Zhang 2013 24220426",
    "et": "NOGOReceptorAntagonist",
    "off": 107,
    "sff": "Nogo"
  },
  {
    "docID": "N035 Zhang 2013 24220426",
    "et": "NOGOReceptorAntagonist",
    "off": 4587,
    "sff": "Nogo"
  },
  {
    "docID": "N035 Zhang 2013 24220426",
    "et": "NOGOReceptorAntagonist",
    "off": 1994,
    "sff": "Nogo"
  },
  {
    "docID": "N035 Zhang 2013 24220426",
    "et": "NOGOReceptorAntagonist",
    "off": 16364,
    "sff": "Nogo"
  },
  {
    "docID": "N035 Zhang 2013 24220426",
    "et": "NOGOReceptorAntagonist",
    "off": 16038,
    "sff": "Nogo"
  },
  {
    "docID": "N035 Zhang 2013 24220426",
    "et": "NOGOReceptorAntagonist",
    "off": 14343,
    "sff": "receptor"
  },
  {
    "docID": "N035 Zhang 2013 24220426",
    "et": "NOGOReceptorAntagonist",
    "off": 15975,
    "sff": "receptor"
  },
  {
    "docID": "N035 Zhang 2013 24220426",
    "et": "NOGOReceptorAntagonist",
    "off": 6595,
    "sff": "Nogo"
  },
  {
    "docID": "N035 Zhang 2013 24220426",
    "et": "NOGOReceptorAntagonist",
    "off": 2245,
    "sff": "Nogo"
  },
  {
    "docID": "N035 Zhang 2013 24220426",
    "et": "NOGOReceptorAntagonist",
    "off": 22401,
    "sff": "receptor"
  },
  {
    "docID": "N035 Zhang 2013 24220426",
    "et": "NOGOReceptorAntagonist",
    "off": 8702,
    "sff": "Nogo"
  },
  {
    "docID": "N035 Zhang 2013 24220426",
    "et": "NOGOReceptorAntagonist",
    "off": 15968,
    "sff": "Nogo"
  },
  {
    "docID": "N035 Zhang 2013 24220426",
    "et": "NOGOReceptorAntagonist",
    "off": 16192,
    "sff": "Nogo"
  },
  {
    "docID": "N035 Zhang 2013 24220426",
    "et": "NOGOReceptorAntagonist",
    "off": 16091,
    "sff": "Nogo"
  },
  {
    "docID": "N035 Zhang 2013 24220426",
    "et": "NOGOReceptorAntagonist",
    "off": 18611,
    "sff": "receptor"
  },
  {
    "docID": "N035 Zhang 2013 24220426",
    "et": "NOGOReceptorAntagonist",
    "off": 8764,
    "sff": "Nogo"
  },
  {
    "docID": "N035 Zhang 2013 24220426",
    "et": "NOGOReceptorAntagonist",
    "off": 15481,
    "sff": "Nogo"
  },
  {
    "docID": "N035 Zhang 2013 24220426",
    "et": "AspirationLesion",
    "off": 21931,
    "sff": "Aspiration"
  },
  {
    "docID": "N035 Zhang 2013 24220426",
    "et": "DeliveryMethod",
    "off": 16895,
    "sff": "delivery"
  },
  {
    "docID": "N035 Zhang 2013 24220426",
    "et": "DeliveryMethod",
    "off": 1629,
    "sff": "delivery"
  },
  {
    "docID": "N035 Zhang 2013 24220426",
    "et": "DeliveryMethod",
    "off": 15181,
    "sff": "delivery"
  },
  {
    "docID": "N035 Zhang 2013 24220426",
    "et": "DeliveryMethod",
    "off": 23742,
    "sff": "delivery"
  },
  {
    "docID": "N035 Zhang 2013 24220426",
    "et": "DeliveryMethod",
    "off": 23389,
    "sff": "Delivery"
  },
  {
    "docID": "N035 Zhang 2013 24220426",
    "et": "DeliveryMethod",
    "off": 14708,
    "sff": "delivery"
  },
  {
    "docID": "N035 Zhang 2013 24220426",
    "et": "DeliveryMethod",
    "off": 22375,
    "sff": "delivery"
  },
  {
    "docID": "N035 Zhang 2013 24220426",
    "et": "DeliveryMethod",
    "off": 3845,
    "sff": "delivery"
  },
  {
    "docID": "N035 Zhang 2013 24220426",
    "et": "DeliveryMethod",
    "off": 14312,
    "sff": "delivery"
  },
  {
    "docID": "N035 Zhang 2013 24220426",
    "et": "DeliveryMethod",
    "off": 23286,
    "sff": "delivery"
  },
  {
    "docID": "N035 Zhang 2013 24220426",
    "et": "DeliveryMethod",
    "off": 25097,
    "sff": "delivery"
  },
  {
    "docID": "N035 Zhang 2013 24220426",
    "et": "Rostral",
    "off": 19705,
    "sff": "rostral"
  },
  {
    "docID": "N035 Zhang 2013 24220426",
    "et": "Rostral",
    "off": 24410,
    "sff": "rostral"
  },
  {
    "docID": "N035 Zhang 2013 24220426",
    "et": "SpragueDawleyRat",
    "off": 6879,
    "sff": "Sprague-Dawley"
  },
  {
    "docID": "N035 Zhang 2013 24220426",
    "et": "SpragueDawleyRat",
    "off": 6879,
    "sff": "Sprague-Dawley rats"
  },
  {
    "docID": "N035 Zhang 2013 24220426",
    "et": "ChondroitinaseABC",
    "off": 15576,
    "sff": "chondroitinase ABC"
  },
  {
    "docID": "N035 Zhang 2013 24220426",
    "et": "ChondroitinaseABC",
    "off": 15882,
    "sff": "chondroitinase ABC"
  },
  {
    "docID": "N035 Zhang 2013 24220426",
    "et": "ChondroitinaseABC",
    "off": 23850,
    "sff": "chondroitinase ABC"
  },
  {
    "docID": "N035 Zhang 2013 24220426",
    "et": "ChondroitinaseABC",
    "off": 4564,
    "sff": "chondroitinase ABC"
  },
  {
    "docID": "N035 Zhang 2013 24220426",
    "et": "ChondroitinaseABC",
    "off": 24027,
    "sff": "chondroitinase ABC"
  },
  {
    "docID": "N035 Zhang 2013 24220426",
    "et": "ChondroitinaseABC",
    "off": 24200,
    "sff": "Chondroitinase ABC"
  },
  {
    "docID": "N035 Zhang 2013 24220426",
    "et": "ChondroitinaseABC",
    "off": 24826,
    "sff": "Chondroitinase ABC"
  },
  {
    "docID": "N035 Zhang 2013 24220426",
    "et": "ChondroitinaseABC",
    "off": 39,
    "sff": "Chondroitinase ABC"
  },
  {
    "docID": "N035 Zhang 2013 24220426",
    "et": "ChondroitinaseABC",
    "off": 20338,
    "sff": "Chondroitinase ABC"
  },
  {
    "docID": "N035 Zhang 2013 24220426",
    "et": "ChondroitinaseABC",
    "off": 24391,
    "sff": "chondroitinase ABC"
  },
  {
    "docID": "N035 Zhang 2013 24220426",
    "et": "Tissue",
    "off": 19956,
    "sff": "Tissue"
  },
  {
    "docID": "N035 Zhang 2013 24220426",
    "et": "Tissue",
    "off": 22558,
    "sff": "tissue"
  },
  {
    "docID": "N035 Zhang 2013 24220426",
    "et": "ChinaShenyangSunshinePharmaceuticalCompany",
    "off": 402,
    "sff": "China"
  },
  {
    "docID": "N035 Zhang 2013 24220426",
    "et": "ChinaShenyangSunshinePharmaceuticalCompany",
    "off": 7523,
    "sff": "China"
  },
  {
    "docID": "N035 Zhang 2013 24220426",
    "et": "ChinaShenyangSunshinePharmaceuticalCompany",
    "off": 6967,
    "sff": "China"
  },
  {
    "docID": "N035 Zhang 2013 24220426",
    "et": "ChinaShenyangSunshinePharmaceuticalCompany",
    "off": 7030,
    "sff": "China"
  },
  {
    "docID": "N035 Zhang 2013 24220426",
    "et": "ChinaShenyangSunshinePharmaceuticalCompany",
    "off": 792,
    "sff": "China"
  },
  {
    "docID": "N035 Zhang 2013 24220426",
    "et": "ChinaShenyangSunshinePharmaceuticalCompany",
    "off": 700,
    "sff": "China"
  },
  {
    "docID": "N035 Zhang 2013 24220426",
    "et": "ChinaShenyangSunshinePharmaceuticalCompany",
    "off": 5420,
    "sff": "China"
  },
  {
    "docID": "N035 Zhang 2013 24220426",
    "et": "ChinaShenyangSunshinePharmaceuticalCompany",
    "off": 447,
    "sff": "China"
  },
  {
    "docID": "N035 Zhang 2013 24220426",
    "et": "ChinaShenyangSunshinePharmaceuticalCompany",
    "off": 7358,
    "sff": "China"
  },
  {
    "docID": "N035 Zhang 2013 24220426",
    "et": "SpinalLesionSite",
    "off": 19750,
    "sff": "lesion"
  },
  {
    "docID": "N035 Zhang 2013 24220426",
    "et": "RubrospinalTract",
    "off": 15628,
    "sff": "rubrospinal"
  },
  {
    "docID": "N035 Zhang 2013 24220426",
    "et": "RubrospinalTract",
    "off": 23897,
    "sff": "rubrospinal"
  },
  {
    "docID": "N035 Zhang 2013 24220426",
    "et": "Weight",
    "off": 8732,
    "sff": "50 Kg"
  },
  {
    "docID": "N035 Zhang 2013 24220426",
    "et": "CompoundBiologicalRelation",
    "off": 20051,
    "sff": "biological"
  },
  {
    "docID": "N035 Zhang 2013 24220426",
    "et": "AnimalCareCondition",
    "off": 7244,
    "sff": "Care"
  },
  {
    "docID": "N035 Zhang 2013 24220426",
    "et": "LateralHemisection",
    "off": 24971,
    "sff": "lateral hemisection"
  },
  {
    "docID": "N035 Zhang 2013 24220426",
    "et": "Contusion",
    "off": 21963,
    "sff": "contusion"
  },
  {
    "docID": "N035 Zhang 2013 24220426",
    "et": "Saline",
    "off": 8747,
    "sff": "saline"
  },
  {
    "docID": "N035 Zhang 2013 24220426",
    "et": "Saline",
    "off": 8660,
    "sff": "saline"
  },
  {
    "docID": "N035 Zhang 2013 24220426",
    "et": "Saline",
    "off": 8900,
    "sff": "saline"
  },
  {
    "docID": "N035 Zhang 2013 24220426",
    "et": "Saline",
    "off": 8595,
    "sff": "saline"
  },
  {
    "docID": "N035 Zhang 2013 24220426",
    "et": "Saline",
    "off": 8828,
    "sff": "saline"
  },
  {
    "docID": "N035 Zhang 2013 24220426",
    "et": "Dosage",
    "off": 8589,
    "sff": "50-µL"
  },
  {
    "docID": "N035 Zhang 2013 24220426",
    "et": "Dosage",
    "off": 8917,
    "sff": "50 µL"
  },
  {
    "docID": "N035 Zhang 2013 24220426",
    "et": "Dosage",
    "off": 7678,
    "sff": "50%"
  },
  {
    "docID": "N035 Zhang 2013 24220426",
    "et": "Dosage",
    "off": 8644,
    "sff": "0.4 µg"
  },
  {
    "docID": "N035 Zhang 2013 24220426",
    "et": "Dosage",
    "off": 8654,
    "sff": "50-µL"
  },
  {
    "docID": "N035 Zhang 2013 24220426",
    "et": "Dosage",
    "off": 8547,
    "sff": "50 µL"
  },
  {
    "docID": "N035 Zhang 2013 24220426",
    "et": "Dosage",
    "off": 8579,
    "sff": "0.4 µg"
  },
  {
    "docID": "N035 Zhang 2013 24220426",
    "et": "Dosage",
    "off": 8812,
    "sff": "0.25 U"
  },
  {
    "docID": "N035 Zhang 2013 24220426",
    "et": "Dosage",
    "off": 6484,
    "sff": "54.23%"
  },
  {
    "docID": "N035 Zhang 2013 24220426",
    "et": "Dosage",
    "off": 8822,
    "sff": "50-µL"
  },
  {
    "docID": "N035 Zhang 2013 24220426",
    "et": "Right",
    "off": 9759,
    "sff": "right"
  },
  {
    "docID": "N035 Zhang 2013 24220426",
    "et": "Right",
    "off": 17481,
    "sff": "right"
  },
  {
    "docID": "N035 Zhang 2013 24220426",
    "et": "StemCell",
    "off": 22730,
    "sff": "stem"
  },
  {
    "docID": "N035 Zhang 2013 24220426",
    "et": "Duration",
    "off": 7391,
    "sff": "1 week"
  },
  {
    "docID": "N035 Zhang 2013 24220426",
    "et": "Duration",
    "off": 7772,
    "sff": "1 day"
  },
  {
    "docID": "N035 Zhang 2013 24220426",
    "et": "Duration",
    "off": 6542,
    "sff": "3 weeks"
  },
  {
    "docID": "N035 Zhang 2013 24220426",
    "et": "Duration",
    "off": 12260,
    "sff": "5 weeks"
  },
  {
    "docID": "N035 Zhang 2013 24220426",
    "et": "Duration",
    "off": 12325,
    "sff": "5 weeks"
  },
  {
    "docID": "N035 Zhang 2013 24220426",
    "et": "Duration",
    "off": 10800,
    "sff": "1 to 2 days"
  },
  {
    "docID": "N035 Zhang 2013 24220426",
    "et": "LesionAdjacentTissue",
    "off": 19750,
    "sff": "lesion"
  },
  {
    "docID": "N035 Zhang 2013 24220426",
    "et": "CentralNervousSystem",
    "off": 3480,
    "sff": "nervous"
  },
  {
    "docID": "N035 Zhang 2013 24220426",
    "et": "InjuryArea",
    "off": 9595,
    "sff": "area"
  },
  {
    "docID": "N035 Zhang 2013 24220426",
    "et": "AnatomicalLocation",
    "off": 24466,
    "sff": "anatomical"
  },
  {
    "docID": "N035 Zhang 2013 24220426",
    "et": "Hormone",
    "off": 20726,
    "sff": "hormone"
  },
  {
    "docID": "N035 Zhang 2013 24220426",
    "et": "MedicationDuringSurgery",
    "off": 15055,
    "sff": "during"
  },
  {
    "docID": "N035 Zhang 2013 24220426",
    "et": "Brain",
    "off": 16281,
    "sff": "brain"
  },
  {
    "docID": "N035 Zhang 2013 24220426",
    "et": "Brain",
    "off": 19160,
    "sff": "brain"
  },
  {
    "docID": "N035 Zhang 2013 24220426",
    "et": "Brain",
    "off": 18306,
    "sff": "Brain"
  },
  {
    "docID": "N035 Zhang 2013 24220426",
    "et": "Brain",
    "off": 19551,
    "sff": "brain"
  },
  {
    "docID": "N035 Zhang 2013 24220426",
    "et": "Brain",
    "off": 24628,
    "sff": "Brain"
  },
  {
    "docID": "N035 Zhang 2013 24220426",
    "et": "Erythropoietin",
    "off": 23517,
    "sff": "erythropoietin"
  },
  {
    "docID": "N035 Zhang 2013 24220426",
    "et": "Erythropoietin",
    "off": 15020,
    "sff": "erythropoietin"
  },
  {
    "docID": "N035 Zhang 2013 24220426",
    "et": "Antibody",
    "off": 19644,
    "sff": "antibody"
  },
  {
    "docID": "N035 Zhang 2013 24220426",
    "et": "Antibody",
    "off": 25116,
    "sff": "antibody"
  },
  {
    "docID": "N035 Zhang 2013 24220426",
    "et": "Antibody",
    "off": 5119,
    "sff": "antibody"
  },
  {
    "docID": "N035 Zhang 2013 24220426",
    "et": "Antibody",
    "off": 8126,
    "sff": "antibody"
  },
  {
    "docID": "N035 Zhang 2013 24220426",
    "et": "Antibody",
    "off": 114,
    "sff": "Antibody"
  },
  {
    "docID": "N035 Zhang 2013 24220426",
    "et": "Antibody",
    "off": 16098,
    "sff": "antibody"
  },
  {
    "docID": "N035 Zhang 2013 24220426",
    "et": "Antibody",
    "off": 8709,
    "sff": "antibody"
  },
  {
    "docID": "N035 Zhang 2013 24220426",
    "et": "Antibody",
    "off": 11127,
    "sff": "Antibody"
  },
  {
    "docID": "N035 Zhang 2013 24220426",
    "et": "Antibody",
    "off": 16199,
    "sff": "antibody"
  },
  {
    "docID": "N035 Zhang 2013 24220426",
    "et": "Antibody",
    "off": 20489,
    "sff": "antibody"
  },
  {
    "docID": "N035 Zhang 2013 24220426",
    "et": "Antibody",
    "off": 12200,
    "sff": "antibody"
  },
  {
    "docID": "N035 Zhang 2013 24220426",
    "et": "Antibody",
    "off": 6602,
    "sff": "antibody"
  },
  {
    "docID": "N035 Zhang 2013 24220426",
    "et": "Antibody",
    "off": 11853,
    "sff": "antibody"
  },
  {
    "docID": "N035 Zhang 2013 24220426",
    "et": "Antibody",
    "off": 2252,
    "sff": "antibody"
  },
  {
    "docID": "N035 Zhang 2013 24220426",
    "et": "Antibody",
    "off": 2001,
    "sff": "antibody"
  },
  {
    "docID": "N035 Zhang 2013 24220426",
    "et": "Antibody",
    "off": 4817,
    "sff": "antibody"
  },
  {
    "docID": "N035 Zhang 2013 24220426",
    "et": "Antibody",
    "off": 16371,
    "sff": "antibody"
  },
  {
    "docID": "N035 Zhang 2013 24220426",
    "et": "Antibody",
    "off": 4594,
    "sff": "antibody"
  },
  {
    "docID": "N035 Zhang 2013 24220426",
    "et": "Antibody",
    "off": 1881,
    "sff": "antibody"
  },
  {
    "docID": "N035 Zhang 2013 24220426",
    "et": "Antibody",
    "off": 16507,
    "sff": "antibody"
  },
  {
    "docID": "N035 Zhang 2013 24220426",
    "et": "Antibody",
    "off": 12392,
    "sff": "Antibody"
  },
  {
    "docID": "N035 Zhang 2013 24220426",
    "et": "ContusionType",
    "off": 21963,
    "sff": "contusion"
  },
  {
    "docID": "N035 Zhang 2013 24220426",
    "et": "Protein",
    "off": 3558,
    "sff": "protein"
  },
  {
    "docID": "N035 Zhang 2013 24220426",
    "et": "Protein",
    "off": 3686,
    "sff": "protein"
  },
  {
    "docID": "N035 Zhang 2013 24220426",
    "et": "Protein",
    "off": 17062,
    "sff": "protein"
  },
  {
    "docID": "N035 Zhang 2013 24220426",
    "et": "Protein",
    "off": 23734,
    "sff": "protein"
  },
  {
    "docID": "N035 Zhang 2013 24220426",
    "et": "Protein",
    "off": 1513,
    "sff": "protein"
  },
  {
    "docID": "N035 Zhang 2013 24220426",
    "et": "Protein",
    "off": 4009,
    "sff": "protein"
  },
  {
    "docID": "N035 Zhang 2013 24220426",
    "et": "Protein",
    "off": 2382,
    "sff": "protein"
  },
  {
    "docID": "N035 Zhang 2013 24220426",
    "et": "GlialCell",
    "off": 5328,
    "sff": "Glial cell"
  },
  {
    "docID": "N035 Zhang 2013 24220426",
    "et": "GlialCell",
    "off": 18101,
    "sff": "glial cell"
  },
  {
    "docID": "N035 Zhang 2013 24220426",
    "et": "GlialCell",
    "off": 3068,
    "sff": "Glial cell"
  },
  {
    "docID": "N035 Zhang 2013 24220426",
    "et": "GlialCell",
    "off": 3211,
    "sff": "Glial cell"
  },
  {
    "docID": "N035 Zhang 2013 24220426",
    "et": "GlialCell",
    "off": 21003,
    "sff": "Glial cell"
  },
  {
    "docID": "N035 Zhang 2013 24220426",
    "et": "GlialCell",
    "off": 59,
    "sff": "Glial Cell"
  },
  {
    "docID": "N035 Zhang 2013 24220426",
    "et": "GlialCell",
    "off": 1335,
    "sff": "Glial cell"
  },
  {
    "docID": "N035 Zhang 2013 24220426",
    "et": "GlialCell",
    "off": 13635,
    "sff": "Glial cell"
  },
  {
    "docID": "N035 Zhang 2013 24220426",
    "et": "Rolipram",
    "off": 22518,
    "sff": "rolipram"
  },
  {
    "docID": "N035 Zhang 2013 24220426",
    "et": "PostSurgeryCondition",
    "off": 7789,
    "sff": "surgery"
  },
  {
    "docID": "N035 Zhang 2013 24220426",
    "et": "PostSurgeryCondition",
    "off": 7488,
    "sff": "surgery"
  },
  {
    "docID": "N035 Zhang 2013 24220426",
    "et": "PostSurgeryCondition",
    "off": 7409,
    "sff": "surgery"
  },
  {
    "docID": "N035 Zhang 2013 24220426",
    "et": "PostSurgeryCondition",
    "off": 7714,
    "sff": "surgery"
  },
  {
    "docID": "N035 Zhang 2013 24220426",
    "et": "PostSurgeryCondition",
    "off": 8407,
    "sff": "surgery"
  },
  {
    "docID": "N035 Zhang 2013 24220426",
    "et": "PostSurgeryCondition",
    "off": 21580,
    "sff": "Surgery"
  },
  {
    "docID": "N035 Zhang 2013 24220426",
    "et": "RatSpecies",
    "off": 16590,
    "sff": "rat"
  },
  {
    "docID": "N035 Zhang 2013 24220426",
    "et": "RatSpecies",
    "off": 18741,
    "sff": "rat"
  },
  {
    "docID": "N035 Zhang 2013 24220426",
    "et": "RatSpecies",
    "off": 10740,
    "sff": "Rat"
  },
  {
    "docID": "N035 Zhang 2013 24220426",
    "et": "RatSpecies",
    "off": 3400,
    "sff": "rat"
  },
  {
    "docID": "N035 Zhang 2013 24220426",
    "et": "RatSpecies",
    "off": 8263,
    "sff": "rat"
  },
  {
    "docID": "N035 Zhang 2013 24220426",
    "et": "RatSpecies",
    "off": 19046,
    "sff": "rat"
  },
  {
    "docID": "N035 Zhang 2013 24220426",
    "et": "RatSpecies",
    "off": 19547,
    "sff": "rat"
  },
  {
    "docID": "N035 Zhang 2013 24220426",
    "et": "SodiumPentobarbital",
    "off": 8521,
    "sff": "sodium"
  },
  {
    "docID": "N035 Zhang 2013 24220426",
    "et": "Caudal",
    "off": 24421,
    "sff": "caudal"
  },
  {
    "docID": "N035 Zhang 2013 24220426",
    "et": "SchwannCell",
    "off": 13959,
    "sff": "Schwann"
  },
  {
    "docID": "N035 Zhang 2013 24220426",
    "et": "NewZealandRabbit",
    "off": 2486,
    "sff": "new"
  },
  {
    "docID": "N035 Zhang 2013 24220426",
    "et": "NewZealandRabbit",
    "off": 20692,
    "sff": "new"
  },
  {
    "docID": "N035 Zhang 2013 24220426",
    "et": "NewZealandRabbit",
    "off": 17314,
    "sff": "new"
  },
  {
    "docID": "N035 Zhang 2013 24220426",
    "et": "NewZealandRabbit",
    "off": 21057,
    "sff": "new"
  },
  {
    "docID": "N035 Zhang 2013 24220426",
    "et": "Lentivirus",
    "off": 13906,
    "sff": "lentivirus"
  },
  {
    "docID": "N035 Zhang 2013 24220426",
    "et": "Albumin",
    "off": 23573,
    "sff": "albumin"
  },
  {
    "docID": "N035 Zhang 2013 24220426",
    "et": "BoneMarrowStemCell",
    "off": 19940,
    "sff": "bone"
  },
  {
    "docID": "N035 Zhang 2013 24220426",
    "et": "T10",
    "off": 8223,
    "sff": "T10"
  },
  {
    "docID": "N035 Zhang 2013 24220426",
    "et": "Thoracic",
    "off": 19050,
    "sff": "thoracic"
  },
  {
    "docID": "N035 Zhang 2013 24220426",
    "et": "StemCellSourceType",
    "off": 18645,
    "sff": "Cell"
  },
  {
    "docID": "N035 Zhang 2013 24220426",
    "et": "StemCellSourceType",
    "off": 3217,
    "sff": "cell"
  },
  {
    "docID": "N035 Zhang 2013 24220426",
    "et": "StemCellSourceType",
    "off": 21009,
    "sff": "cell"
  },
  {
    "docID": "N035 Zhang 2013 24220426",
    "et": "StemCellSourceType",
    "off": 18107,
    "sff": "cell"
  },
  {
    "docID": "N035 Zhang 2013 24220426",
    "et": "StemCellSourceType",
    "off": 18555,
    "sff": "cell"
  },
  {
    "docID": "N035 Zhang 2013 24220426",
    "et": "StemCellSourceType",
    "off": 22730,
    "sff": "stem"
  },
  {
    "docID": "N035 Zhang 2013 24220426",
    "et": "StemCellSourceType",
    "off": 1341,
    "sff": "cell"
  },
  {
    "docID": "N035 Zhang 2013 24220426",
    "et": "StemCellSourceType",
    "off": 5334,
    "sff": "cell"
  },
  {
    "docID": "N035 Zhang 2013 24220426",
    "et": "StemCellSourceType",
    "off": 13641,
    "sff": "cell"
  },
  {
    "docID": "N035 Zhang 2013 24220426",
    "et": "StemCellSourceType",
    "off": 65,
    "sff": "Cell"
  },
  {
    "docID": "N035 Zhang 2013 24220426",
    "et": "StemCellSourceType",
    "off": 3074,
    "sff": "cell"
  },
  {
    "docID": "N035 Zhang 2013 24220426",
    "et": "InVitroExperimentalProcedure",
    "off": 7154,
    "sff": "experimental"
  },
  {
    "docID": "N035 Zhang 2013 24220426",
    "et": "InVitroExperimentalProcedure",
    "off": 7442,
    "sff": "experimental"
  },
  {
    "docID": "N035 Zhang 2013 24220426",
    "et": "InVitroExperimentalProcedure",
    "off": 22594,
    "sff": "experimental"
  },
  {
    "docID": "N035 Zhang 2013 24220426",
    "et": "InVitroExperimentalProcedure",
    "off": 7893,
    "sff": "Experimental Procedure"
  },
  {
    "docID": "N035 Zhang 2013 24220426",
    "et": "InVitroExperimentalProcedure",
    "off": 9905,
    "sff": "experimental"
  },
  {
    "docID": "N035 Zhang 2013 24220426",
    "et": "InVitroExperimentalProcedure",
    "off": 7872,
    "sff": "experimental"
  },
  {
    "docID": "N035 Zhang 2013 24220426",
    "et": "InVitroExperimentalProcedure",
    "off": 15213,
    "sff": "experimental"
  },
  {
    "docID": "N035 Zhang 2013 24220426",
    "et": "InVitroExperimentalProcedure",
    "off": 16717,
    "sff": "experimental"
  },
  {
    "docID": "N035 Zhang 2013 24220426",
    "et": "InVitroExperimentalProcedure",
    "off": 20860,
    "sff": "vitro"
  },
  {
    "docID": "N035 Zhang 2013 24220426",
    "et": "InVitroExperimentalProcedure",
    "off": 7893,
    "sff": "Experimental"
  },
  {
    "docID": "N035 Zhang 2013 24220426",
    "et": "InVitroExperimentalProcedure",
    "off": 15515,
    "sff": "experimental"
  },
  {
    "docID": "N035 Zhang 2013 24220426",
    "et": "InVitroExperimentalProcedure",
    "off": 14570,
    "sff": "experimental"
  },
  {
    "docID": "N035 Zhang 2013 24220426",
    "et": "AntiNogoAAntibody",
    "off": 107,
    "sff": "Nogo"
  },
  {
    "docID": "N035 Zhang 2013 24220426",
    "et": "AntiNogoAAntibody",
    "off": 4587,
    "sff": "Nogo"
  },
  {
    "docID": "N035 Zhang 2013 24220426",
    "et": "AntiNogoAAntibody",
    "off": 16364,
    "sff": "Nogo"
  },
  {
    "docID": "N035 Zhang 2013 24220426",
    "et": "AntiNogoAAntibody",
    "off": 1994,
    "sff": "Nogo"
  },
  {
    "docID": "N035 Zhang 2013 24220426",
    "et": "AntiNogoAAntibody",
    "off": 2245,
    "sff": "Nogo"
  },
  {
    "docID": "N035 Zhang 2013 24220426",
    "et": "AntiNogoAAntibody",
    "off": 16038,
    "sff": "Nogo"
  },
  {
    "docID": "N035 Zhang 2013 24220426",
    "et": "AntiNogoAAntibody",
    "off": 6595,
    "sff": "Nogo"
  },
  {
    "docID": "N035 Zhang 2013 24220426",
    "et": "AntiNogoAAntibody",
    "off": 15968,
    "sff": "Nogo"
  },
  {
    "docID": "N035 Zhang 2013 24220426",
    "et": "AntiNogoAAntibody",
    "off": 16192,
    "sff": "Nogo"
  },
  {
    "docID": "N035 Zhang 2013 24220426",
    "et": "AntiNogoAAntibody",
    "off": 8702,
    "sff": "Nogo"
  },
  {
    "docID": "N035 Zhang 2013 24220426",
    "et": "AntiNogoAAntibody",
    "off": 16091,
    "sff": "Nogo"
  },
  {
    "docID": "N035 Zhang 2013 24220426",
    "et": "AntiNogoAAntibody",
    "off": 8764,
    "sff": "Nogo"
  },
  {
    "docID": "N035 Zhang 2013 24220426",
    "et": "AntiNogoAAntibody",
    "off": 15481,
    "sff": "Nogo"
  },
  {
    "docID": "N035 Zhang 2013 24220426",
    "et": "AntiNogoAAntibody",
    "off": 16500,
    "sff": "Nogo"
  },
  {
    "docID": "N035 Zhang 2013 24220426",
    "et": "Cell",
    "off": 3217,
    "sff": "cell"
  },
  {
    "docID": "N035 Zhang 2013 24220426",
    "et": "Cell",
    "off": 3074,
    "sff": "cell"
  },
  {
    "docID": "N035 Zhang 2013 24220426",
    "et": "Cell",
    "off": 18645,
    "sff": "Cell"
  },
  {
    "docID": "N035 Zhang 2013 24220426",
    "et": "Cell",
    "off": 21009,
    "sff": "cell"
  },
  {
    "docID": "N035 Zhang 2013 24220426",
    "et": "Cell",
    "off": 1341,
    "sff": "cell"
  },
  {
    "docID": "N035 Zhang 2013 24220426",
    "et": "Cell",
    "off": 13641,
    "sff": "cell"
  },
  {
    "docID": "N035 Zhang 2013 24220426",
    "et": "Cell",
    "off": 18107,
    "sff": "cell"
  },
  {
    "docID": "N035 Zhang 2013 24220426",
    "et": "Cell",
    "off": 18555,
    "sff": "cell"
  },
  {
    "docID": "N035 Zhang 2013 24220426",
    "et": "Cell",
    "off": 65,
    "sff": "Cell"
  },
  {
    "docID": "N035 Zhang 2013 24220426",
    "et": "Cell",
    "off": 5334,
    "sff": "cell"
  },
  {
    "docID": "N035 Zhang 2013 24220426",
    "et": "MonkeySpecies",
    "off": 19774,
    "sff": "monkey"
  },
  {
    "docID": "N035 Zhang 2013 24220426",
    "et": "17BetaEstradiolE2",
    "off": 24763,
    "sff": "17"
  },
  {
    "docID": "N035 Zhang 2013 24220426",
    "et": "17BetaEstradiolE2",
    "off": 20181,
    "sff": "17"
  },
  {
    "docID": "N035 Zhang 2013 24220426",
    "et": "17BetaEstradiolE2",
    "off": 468,
    "sff": "17"
  },
  {
    "docID": "N035 Zhang 2013 24220426",
    "et": "Cervical",
    "off": 21947,
    "sff": "cervical"
  },
  {
    "docID": "N035 Zhang 2013 24220426",
    "et": "Cervical",
    "off": 19729,
    "sff": "cervical"
  },
  {
    "docID": "N035 Zhang 2013 24220426",
    "et": "Water",
    "off": 5461,
    "sff": "water"
  },
  {
    "docID": "N035 Zhang 2013 24220426",
    "et": "Water",
    "off": 5705,
    "sff": "water"
  },
  {
    "docID": "N035 Zhang 2013 24220426",
    "et": "Water",
    "off": 5480,
    "sff": "water"
  },
  {
    "docID": "N035 Zhang 2013 24220426",
    "et": "Water",
    "off": 6127,
    "sff": "water"
  },
  {
    "docID": "N035 Zhang 2013 24220426",
    "et": "Water",
    "off": 5683,
    "sff": "water"
  },
  {
    "docID": "N035 Zhang 2013 24220426",
    "et": "Embryonic",
    "off": 22708,
    "sff": "embryonic"
  },
  {
    "docID": "N035 Zhang 2013 24220426",
    "et": "ExperimentalProcedure",
    "off": 7872,
    "sff": "experimental"
  },
  {
    "docID": "N035 Zhang 2013 24220426",
    "et": "ExperimentalProcedure",
    "off": 7893,
    "sff": "Experimental Procedure"
  },
  {
    "docID": "N035 Zhang 2013 24220426",
    "et": "ExperimentalProcedure",
    "off": 7154,
    "sff": "experimental"
  },
  {
    "docID": "N035 Zhang 2013 24220426",
    "et": "ExperimentalProcedure",
    "off": 7442,
    "sff": "experimental"
  },
  {
    "docID": "N035 Zhang 2013 24220426",
    "et": "ExperimentalProcedure",
    "off": 22594,
    "sff": "experimental"
  },
  {
    "docID": "N035 Zhang 2013 24220426",
    "et": "ExperimentalProcedure",
    "off": 9905,
    "sff": "experimental"
  },
  {
    "docID": "N035 Zhang 2013 24220426",
    "et": "ExperimentalProcedure",
    "off": 15515,
    "sff": "experimental"
  },
  {
    "docID": "N035 Zhang 2013 24220426",
    "et": "ExperimentalProcedure",
    "off": 15213,
    "sff": "experimental"
  },
  {
    "docID": "N035 Zhang 2013 24220426",
    "et": "ExperimentalProcedure",
    "off": 16717,
    "sff": "experimental"
  },
  {
    "docID": "N035 Zhang 2013 24220426",
    "et": "ExperimentalProcedure",
    "off": 14570,
    "sff": "experimental"
  },
  {
    "docID": "N035 Zhang 2013 24220426",
    "et": "MacaqueMonkey",
    "off": 19766,
    "sff": "macaque monkey"
  },
  {
    "docID": "N035 Zhang 2013 24220426",
    "et": "BodyTemperatureMeasurement",
    "off": 7612,
    "sff": "temperature"
  },
  {
    "docID": "N035 Zhang 2013 24220426",
    "et": "BodyTemperatureMeasurement",
    "off": 5291,
    "sff": "temperature"
  },
  {
    "docID": "N035 Zhang 2013 24220426",
    "et": "UnilateralInjuryArea",
    "off": 19718,
    "sff": "unilateral"
  },
  {
    "docID": "N035 Zhang 2013 24220426",
    "et": "CorticospinalTract",
    "off": 18745,
    "sff": "corticospinal"
  },
  {
    "docID": "N035 Zhang 2013 24220426",
    "et": "CorticospinalTract",
    "off": 16142,
    "sff": "corticospinal tract"
  },
  {
    "docID": "N035 Zhang 2013 24220426",
    "et": "CorticospinalTract",
    "off": 19685,
    "sff": "corticospinal"
  },
  {
    "docID": "N035 Zhang 2013 24220426",
    "et": "BrainDerivedNeurotrophicFactor",
    "off": 24628,
    "sff": "Brain"
  },
  {
    "docID": "N035 Zhang 2013 24220426",
    "et": "BrainDerivedNeurotrophicFactor",
    "off": 18988,
    "sff": "brain-derived"
  },
  {
    "docID": "N035 Zhang 2013 24220426",
    "et": "BrainDerivedNeurotrophicFactor",
    "off": 19551,
    "sff": "brain"
  },
  {
    "docID": "N035 Zhang 2013 24220426",
    "et": "BrainDerivedNeurotrophicFactor",
    "off": 19160,
    "sff": "brain"
  },
  {
    "docID": "N035 Zhang 2013 24220426",
    "et": "BrainDerivedNeurotrophicFactor",
    "off": 16281,
    "sff": "brain"
  },
  {
    "docID": "N035 Zhang 2013 24220426",
    "et": "BrainDerivedNeurotrophicFactor",
    "off": 18306,
    "sff": "Brain"
  },
  {
    "docID": "N035 Zhang 2013 24220426",
    "et": "BrainDerivedNeurotrophicFactor",
    "off": 18988,
    "sff": "brain-derived neurotrophic factor"
  }
]
