[
  {
    "docID": "N046 Imagama 2011 22114278",
    "et": "CompleteTransection",
    "off": 37131,
    "sff": "complete"
  },
  {
    "docID": "N046 Imagama 2011 22114278",
    "et": "CompleteTransection",
    "off": 10380,
    "sff": "complete"
  },
  {
    "docID": "N046 Imagama 2011 22114278",
    "et": "CompleteTransection",
    "off": 54269,
    "sff": "complete"
  },
  {
    "docID": "N046 Imagama 2011 22114278",
    "et": "CompleteTransection",
    "off": 10111,
    "sff": "complete"
  },
  {
    "docID": "N046 Imagama 2011 22114278",
    "et": "CompleteTransection",
    "off": 9857,
    "sff": "complete"
  },
  {
    "docID": "N046 Imagama 2011 22114278",
    "et": "DorsalInjuryArea",
    "off": 18045,
    "sff": "dorsal"
  },
  {
    "docID": "N046 Imagama 2011 22114278",
    "et": "DorsalInjuryArea",
    "off": 35695,
    "sff": "dorsal"
  },
  {
    "docID": "N046 Imagama 2011 22114278",
    "et": "DorsalInjuryArea",
    "off": 8282,
    "sff": "dorsal"
  },
  {
    "docID": "N046 Imagama 2011 22114278",
    "et": "DorsalInjuryArea",
    "off": 8267,
    "sff": "dorsal"
  },
  {
    "docID": "N046 Imagama 2011 22114278",
    "et": "DorsalInjuryArea",
    "off": 19541,
    "sff": "dorsal"
  },
  {
    "docID": "N046 Imagama 2011 22114278",
    "et": "DorsalInjuryArea",
    "off": 18087,
    "sff": "dorsal"
  },
  {
    "docID": "N046 Imagama 2011 22114278",
    "et": "DorsalInjuryArea",
    "off": 18135,
    "sff": "dorsal"
  },
  {
    "docID": "N046 Imagama 2011 22114278",
    "et": "DorsalInjuryArea",
    "off": 57584,
    "sff": "dorsal"
  },
  {
    "docID": "N046 Imagama 2011 22114278",
    "et": "DorsalInjuryArea",
    "off": 35714,
    "sff": "dorsal"
  },
  {
    "docID": "N046 Imagama 2011 22114278",
    "et": "InfiniteHorizonImpactor",
    "off": 8108,
    "sff": "Infinite Horizon Impactor"
  },
  {
    "docID": "N046 Imagama 2011 22114278",
    "et": "InfiniteHorizonImpactor",
    "off": 8108,
    "sff": "Infinite Horizon"
  },
  {
    "docID": "N046 Imagama 2011 22114278",
    "et": "KetamineAsAnaesthetic",
    "off": 18530,
    "sff": "ketamine"
  },
  {
    "docID": "N046 Imagama 2011 22114278",
    "et": "KetamineAsAnaesthetic",
    "off": 7923,
    "sff": "ketamine"
  },
  {
    "docID": "N046 Imagama 2011 22114278",
    "et": "MouseSpecies",
    "off": 15174,
    "sff": "mouse"
  },
  {
    "docID": "N046 Imagama 2011 22114278",
    "et": "WeightDrop",
    "off": 11410,
    "sff": "weight"
  },
  {
    "docID": "N046 Imagama 2011 22114278",
    "et": "WeightDrop",
    "off": 16669,
    "sff": "weight"
  },
  {
    "docID": "N046 Imagama 2011 22114278",
    "et": "NOGOReceptorAntagonist",
    "off": 53511,
    "sff": "receptor"
  },
  {
    "docID": "N046 Imagama 2011 22114278",
    "et": "NOGOReceptorAntagonist",
    "off": 53012,
    "sff": "receptor"
  },
  {
    "docID": "N046 Imagama 2011 22114278",
    "et": "NOGOReceptorAntagonist",
    "off": 23030,
    "sff": "Nogo"
  },
  {
    "docID": "N046 Imagama 2011 22114278",
    "et": "NOGOReceptorAntagonist",
    "off": 52543,
    "sff": "receptor"
  },
  {
    "docID": "N046 Imagama 2011 22114278",
    "et": "NOGOReceptorAntagonist",
    "off": 56700,
    "sff": "receptor"
  },
  {
    "docID": "N046 Imagama 2011 22114278",
    "et": "NOGOReceptorAntagonist",
    "off": 49804,
    "sff": "receptor"
  },
  {
    "docID": "N046 Imagama 2011 22114278",
    "et": "NOGOReceptorAntagonist",
    "off": 53342,
    "sff": "receptor"
  },
  {
    "docID": "N046 Imagama 2011 22114278",
    "et": "NOGOReceptorAntagonist",
    "off": 61598,
    "sff": "receptor"
  },
  {
    "docID": "N046 Imagama 2011 22114278",
    "et": "SpinalFiberTract",
    "off": 41996,
    "sff": "fiber"
  },
  {
    "docID": "N046 Imagama 2011 22114278",
    "et": "SpinalFiberTract",
    "off": 55647,
    "sff": "fiber"
  },
  {
    "docID": "N046 Imagama 2011 22114278",
    "et": "SpinalFiberTract",
    "off": 46692,
    "sff": "fiber"
  },
  {
    "docID": "N046 Imagama 2011 22114278",
    "et": "DorsalHemisection",
    "off": 18087,
    "sff": "dorsal"
  },
  {
    "docID": "N046 Imagama 2011 22114278",
    "et": "DorsalHemisection",
    "off": 18135,
    "sff": "dorsal"
  },
  {
    "docID": "N046 Imagama 2011 22114278",
    "et": "DorsalHemisection",
    "off": 19541,
    "sff": "dorsal"
  },
  {
    "docID": "N046 Imagama 2011 22114278",
    "et": "DorsalHemisection",
    "off": 35695,
    "sff": "dorsal"
  },
  {
    "docID": "N046 Imagama 2011 22114278",
    "et": "DorsalHemisection",
    "off": 57584,
    "sff": "dorsal"
  },
  {
    "docID": "N046 Imagama 2011 22114278",
    "et": "DorsalHemisection",
    "off": 35714,
    "sff": "dorsal"
  },
  {
    "docID": "N046 Imagama 2011 22114278",
    "et": "DorsalHemisection",
    "off": 18045,
    "sff": "dorsal"
  },
  {
    "docID": "N046 Imagama 2011 22114278",
    "et": "DorsalHemisection",
    "off": 8267,
    "sff": "dorsal"
  },
  {
    "docID": "N046 Imagama 2011 22114278",
    "et": "DorsalHemisection",
    "off": 8282,
    "sff": "dorsal"
  },
  {
    "docID": "N046 Imagama 2011 22114278",
    "et": "HeatLesion",
    "off": 44111,
    "sff": "heat"
  },
  {
    "docID": "N046 Imagama 2011 22114278",
    "et": "DeliveryMethod",
    "off": 53827,
    "sff": "delivery method"
  },
  {
    "docID": "N046 Imagama 2011 22114278",
    "et": "DeliveryMethod",
    "off": 8687,
    "sff": "delivery"
  },
  {
    "docID": "N046 Imagama 2011 22114278",
    "et": "Rostral",
    "off": 19754,
    "sff": "rostral"
  },
  {
    "docID": "N046 Imagama 2011 22114278",
    "et": "Rostral",
    "off": 31622,
    "sff": "rostral"
  },
  {
    "docID": "N046 Imagama 2011 22114278",
    "et": "Rostral",
    "off": 17281,
    "sff": "rostral"
  },
  {
    "docID": "N046 Imagama 2011 22114278",
    "et": "Rostral",
    "off": 18723,
    "sff": "rostral"
  },
  {
    "docID": "N046 Imagama 2011 22114278",
    "et": "Rostral",
    "off": 16449,
    "sff": "rostral"
  },
  {
    "docID": "N046 Imagama 2011 22114278",
    "et": "Rostral",
    "off": 17822,
    "sff": "rostral"
  },
  {
    "docID": "N046 Imagama 2011 22114278",
    "et": "Rostral",
    "off": 27326,
    "sff": "rostral"
  },
  {
    "docID": "N046 Imagama 2011 22114278",
    "et": "Rostral",
    "off": 41054,
    "sff": "rostral"
  },
  {
    "docID": "N046 Imagama 2011 22114278",
    "et": "Rostral",
    "off": 30810,
    "sff": "rostral"
  },
  {
    "docID": "N046 Imagama 2011 22114278",
    "et": "Rostral",
    "off": 42228,
    "sff": "rostral"
  },
  {
    "docID": "N046 Imagama 2011 22114278",
    "et": "Rostral",
    "off": 32021,
    "sff": "rostral"
  },
  {
    "docID": "N046 Imagama 2011 22114278",
    "et": "Rostral",
    "off": 42066,
    "sff": "rostral"
  },
  {
    "docID": "N046 Imagama 2011 22114278",
    "et": "Rostral",
    "off": 31823,
    "sff": "rostral"
  },
  {
    "docID": "N046 Imagama 2011 22114278",
    "et": "Rostral",
    "off": 41359,
    "sff": "rostral"
  },
  {
    "docID": "N046 Imagama 2011 22114278",
    "et": "DorsalColumn",
    "off": 18087,
    "sff": "dorsal"
  },
  {
    "docID": "N046 Imagama 2011 22114278",
    "et": "DorsalColumn",
    "off": 18135,
    "sff": "dorsal"
  },
  {
    "docID": "N046 Imagama 2011 22114278",
    "et": "DorsalColumn",
    "off": 35714,
    "sff": "dorsal"
  },
  {
    "docID": "N046 Imagama 2011 22114278",
    "et": "DorsalColumn",
    "off": 57584,
    "sff": "dorsal"
  },
  {
    "docID": "N046 Imagama 2011 22114278",
    "et": "DorsalColumn",
    "off": 19541,
    "sff": "dorsal column"
  },
  {
    "docID": "N046 Imagama 2011 22114278",
    "et": "DorsalColumn",
    "off": 35695,
    "sff": "dorsal"
  },
  {
    "docID": "N046 Imagama 2011 22114278",
    "et": "DorsalColumn",
    "off": 8267,
    "sff": "dorsal"
  },
  {
    "docID": "N046 Imagama 2011 22114278",
    "et": "DorsalColumn",
    "off": 8282,
    "sff": "dorsal"
  },
  {
    "docID": "N046 Imagama 2011 22114278",
    "et": "DorsalColumn",
    "off": 18045,
    "sff": "dorsal"
  },
  {
    "docID": "N046 Imagama 2011 22114278",
    "et": "SpragueDawleyRat",
    "off": 7784,
    "sff": "Sprague Dawley rats"
  },
  {
    "docID": "N046 Imagama 2011 22114278",
    "et": "SpragueDawleyRat",
    "off": 21927,
    "sff": "Sprague Dawley rats"
  },
  {
    "docID": "N046 Imagama 2011 22114278",
    "et": "SpragueDawleyRat",
    "off": 7784,
    "sff": "Sprague Dawley"
  },
  {
    "docID": "N046 Imagama 2011 22114278",
    "et": "SpragueDawleyRat",
    "off": 21927,
    "sff": "Sprague Dawley"
  },
  {
    "docID": "N046 Imagama 2011 22114278",
    "et": "ChondroitinaseABC",
    "off": 55416,
    "sff": "Chondroitinase ABC"
  },
  {
    "docID": "N046 Imagama 2011 22114278",
    "et": "ChondroitinaseABC",
    "off": 25955,
    "sff": "Chondroitinase"
  },
  {
    "docID": "N046 Imagama 2011 22114278",
    "et": "ChondroitinaseABC",
    "off": 59744,
    "sff": "chondroitinase ABC"
  },
  {
    "docID": "N046 Imagama 2011 22114278",
    "et": "ChondroitinaseABC",
    "off": 34988,
    "sff": "chondroitinase"
  },
  {
    "docID": "N046 Imagama 2011 22114278",
    "et": "ChondroitinaseABC",
    "off": 59422,
    "sff": "Chondroitinase ABC"
  },
  {
    "docID": "N046 Imagama 2011 22114278",
    "et": "ChondroitinaseABC",
    "off": 1909,
    "sff": "chondroitinase ABC"
  },
  {
    "docID": "N046 Imagama 2011 22114278",
    "et": "ChondroitinaseABC",
    "off": 5066,
    "sff": "chondroitinase ABC"
  },
  {
    "docID": "N046 Imagama 2011 22114278",
    "et": "ChondroitinaseABC",
    "off": 35063,
    "sff": "chondroitinase"
  },
  {
    "docID": "N046 Imagama 2011 22114278",
    "et": "ChondroitinaseABC",
    "off": 20584,
    "sff": "chondroitinase"
  },
  {
    "docID": "N046 Imagama 2011 22114278",
    "et": "ChondroitinaseABC",
    "off": 57028,
    "sff": "Chondroitinase ABC"
  },
  {
    "docID": "N046 Imagama 2011 22114278",
    "et": "Left",
    "off": 16732,
    "sff": "left"
  },
  {
    "docID": "N046 Imagama 2011 22114278",
    "et": "Left",
    "off": 31612,
    "sff": "left"
  },
  {
    "docID": "N046 Imagama 2011 22114278",
    "et": "Left",
    "off": 32606,
    "sff": "left"
  },
  {
    "docID": "N046 Imagama 2011 22114278",
    "et": "Left",
    "off": 27393,
    "sff": "left"
  },
  {
    "docID": "N046 Imagama 2011 22114278",
    "et": "Left",
    "off": 27618,
    "sff": "left"
  },
  {
    "docID": "N046 Imagama 2011 22114278",
    "et": "Left",
    "off": 16436,
    "sff": "left"
  },
  {
    "docID": "N046 Imagama 2011 22114278",
    "et": "Left",
    "off": 27316,
    "sff": "left"
  },
  {
    "docID": "N046 Imagama 2011 22114278",
    "et": "Left",
    "off": 22635,
    "sff": "left"
  },
  {
    "docID": "N046 Imagama 2011 22114278",
    "et": "Left",
    "off": 22715,
    "sff": "left"
  },
  {
    "docID": "N046 Imagama 2011 22114278",
    "et": "SubstanceApplicationLocation",
    "off": 12253,
    "sff": "application"
  },
  {
    "docID": "N046 Imagama 2011 22114278",
    "et": "SubstanceApplicationLocation",
    "off": 12332,
    "sff": "application"
  },
  {
    "docID": "N046 Imagama 2011 22114278",
    "et": "InjuryDevice",
    "off": 20726,
    "sff": "device"
  },
  {
    "docID": "N046 Imagama 2011 22114278",
    "et": "InjuryDevice",
    "off": 8100,
    "sff": "device"
  },
  {
    "docID": "N046 Imagama 2011 22114278",
    "et": "InjuryDevice",
    "off": 21204,
    "sff": "device"
  },
  {
    "docID": "N046 Imagama 2011 22114278",
    "et": "LaminectomyType",
    "off": 7980,
    "sff": "laminectomy"
  },
  {
    "docID": "N046 Imagama 2011 22114278",
    "et": "LaminectomyType",
    "off": 8375,
    "sff": "laminectomy"
  },
  {
    "docID": "N046 Imagama 2011 22114278",
    "et": "Tissue",
    "off": 59290,
    "sff": "tissue"
  },
  {
    "docID": "N046 Imagama 2011 22114278",
    "et": "InjectionDelivery",
    "off": 16849,
    "sff": "injection"
  },
  {
    "docID": "N046 Imagama 2011 22114278",
    "et": "InjectionDelivery",
    "off": 17031,
    "sff": "injection"
  },
  {
    "docID": "N046 Imagama 2011 22114278",
    "et": "InjectionDelivery",
    "off": 7910,
    "sff": "injection"
  },
  {
    "docID": "N046 Imagama 2011 22114278",
    "et": "InjectionDelivery",
    "off": 18517,
    "sff": "injection"
  },
  {
    "docID": "N046 Imagama 2011 22114278",
    "et": "SpinalLesionSite",
    "off": 18227,
    "sff": "lesion"
  },
  {
    "docID": "N046 Imagama 2011 22114278",
    "et": "SpinalLesionSite",
    "off": 35780,
    "sff": "lesion"
  },
  {
    "docID": "N046 Imagama 2011 22114278",
    "et": "SpinalLesionSite",
    "off": 42519,
    "sff": "lesion"
  },
  {
    "docID": "N046 Imagama 2011 22114278",
    "et": "SpinalLesionSite",
    "off": 17965,
    "sff": "lesion"
  },
  {
    "docID": "N046 Imagama 2011 22114278",
    "et": "SpinalLesionSite",
    "off": 30837,
    "sff": "lesion site"
  },
  {
    "docID": "N046 Imagama 2011 22114278",
    "et": "SpinalLesionSite",
    "off": 41739,
    "sff": "lesion"
  },
  {
    "docID": "N046 Imagama 2011 22114278",
    "et": "Weight",
    "off": 12073,
    "sff": "15.14 g"
  },
  {
    "docID": "N046 Imagama 2011 22114278",
    "et": "Weight",
    "off": 24081,
    "sff": "13 mg"
  },
  {
    "docID": "N046 Imagama 2011 22114278",
    "et": "Weight",
    "off": 24706,
    "sff": "20 mg"
  },
  {
    "docID": "N046 Imagama 2011 22114278",
    "et": "Weight",
    "off": 24064,
    "sff": "20 mg"
  },
  {
    "docID": "N046 Imagama 2011 22114278",
    "et": "Weight",
    "off": 12734,
    "sff": "60 g"
  },
  {
    "docID": "N046 Imagama 2011 22114278",
    "et": "Weight",
    "off": 7813,
    "sff": "200 -230 g"
  },
  {
    "docID": "N046 Imagama 2011 22114278",
    "et": "Epidural",
    "off": 19651,
    "sff": "epidural"
  },
  {
    "docID": "N046 Imagama 2011 22114278",
    "et": "Epidural",
    "off": 39931,
    "sff": "epidural"
  },
  {
    "docID": "N046 Imagama 2011 22114278",
    "et": "Epidural",
    "off": 18966,
    "sff": "epidural"
  },
  {
    "docID": "N046 Imagama 2011 22114278",
    "et": "Epidural",
    "off": 18677,
    "sff": "epidural"
  },
  {
    "docID": "N046 Imagama 2011 22114278",
    "et": "Epidural",
    "off": 19845,
    "sff": "epidural"
  },
  {
    "docID": "N046 Imagama 2011 22114278",
    "et": "Xylazine",
    "off": 7948,
    "sff": "xylazine"
  },
  {
    "docID": "N046 Imagama 2011 22114278",
    "et": "CompoundBiologicalRelation",
    "off": 47043,
    "sff": "compound"
  },
  {
    "docID": "N046 Imagama 2011 22114278",
    "et": "CompoundBiologicalRelation",
    "off": 50238,
    "sff": "biological"
  },
  {
    "docID": "N046 Imagama 2011 22114278",
    "et": "CompoundBiologicalRelation",
    "off": 1462,
    "sff": "biological"
  },
  {
    "docID": "N046 Imagama 2011 22114278",
    "et": "CompoundBiologicalRelation",
    "off": 6449,
    "sff": "biological"
  },
  {
    "docID": "N046 Imagama 2011 22114278",
    "et": "LateralHemisection",
    "off": 52552,
    "sff": "lateral"
  },
  {
    "docID": "N046 Imagama 2011 22114278",
    "et": "LateralHemisection",
    "off": 16802,
    "sff": "lateral"
  },
  {
    "docID": "N046 Imagama 2011 22114278",
    "et": "LateralHemisection",
    "off": 56709,
    "sff": "lateral"
  },
  {
    "docID": "N046 Imagama 2011 22114278",
    "et": "LateralHemisection",
    "off": 52959,
    "sff": "lateral"
  },
  {
    "docID": "N046 Imagama 2011 22114278",
    "et": "Contusion",
    "off": 8336,
    "sff": "contusion"
  },
  {
    "docID": "N046 Imagama 2011 22114278",
    "et": "Contusion",
    "off": 42396,
    "sff": "contusion"
  },
  {
    "docID": "N046 Imagama 2011 22114278",
    "et": "Contusion",
    "off": 57839,
    "sff": "contusion"
  },
  {
    "docID": "N046 Imagama 2011 22114278",
    "et": "Contusion",
    "off": 8223,
    "sff": "contusion"
  },
  {
    "docID": "N046 Imagama 2011 22114278",
    "et": "Contusion",
    "off": 36361,
    "sff": "contusion"
  },
  {
    "docID": "N046 Imagama 2011 22114278",
    "et": "Contusion",
    "off": 35653,
    "sff": "contusion"
  },
  {
    "docID": "N046 Imagama 2011 22114278",
    "et": "Contusion",
    "off": 35540,
    "sff": "contusion"
  },
  {
    "docID": "N046 Imagama 2011 22114278",
    "et": "Contusion",
    "off": 31655,
    "sff": "contusion"
  },
  {
    "docID": "N046 Imagama 2011 22114278",
    "et": "Saline",
    "off": 8866,
    "sff": "saline"
  },
  {
    "docID": "N046 Imagama 2011 22114278",
    "et": "Saline",
    "off": 16631,
    "sff": "saline"
  },
  {
    "docID": "N046 Imagama 2011 22114278",
    "et": "Dosage",
    "off": 17588,
    "sff": "0.05%"
  },
  {
    "docID": "N046 Imagama 2011 22114278",
    "et": "Dosage",
    "off": 35365,
    "sff": "1.606%"
  },
  {
    "docID": "N046 Imagama 2011 22114278",
    "et": "Dosage",
    "off": 23682,
    "sff": "20 mM"
  },
  {
    "docID": "N046 Imagama 2011 22114278",
    "et": "Dosage",
    "off": 18540,
    "sff": "100 mg/kg"
  },
  {
    "docID": "N046 Imagama 2011 22114278",
    "et": "Dosage",
    "off": 20621,
    "sff": "20 mM"
  },
  {
    "docID": "N046 Imagama 2011 22114278",
    "et": "Dosage",
    "off": 22472,
    "sff": "50 U/ml"
  },
  {
    "docID": "N046 Imagama 2011 22114278",
    "et": "Dosage",
    "off": 33506,
    "sff": "1\u0001g/ml"
  },
  {
    "docID": "N046 Imagama 2011 22114278",
    "et": "Dosage",
    "off": 14308,
    "sff": "1 µg/ml"
  },
  {
    "docID": "N046 Imagama 2011 22114278",
    "et": "Dosage",
    "off": 32719,
    "sff": "10 mm"
  },
  {
    "docID": "N046 Imagama 2011 22114278",
    "et": "Dosage",
    "off": 28608,
    "sff": "0.05 U"
  },
  {
    "docID": "N046 Imagama 2011 22114278",
    "et": "Dosage",
    "off": 26558,
    "sff": "0.05 U"
  },
  {
    "docID": "N046 Imagama 2011 22114278",
    "et": "Dosage",
    "off": 12073,
    "sff": "15.14 g"
  },
  {
    "docID": "N046 Imagama 2011 22114278",
    "et": "Dosage",
    "off": 36284,
    "sff": "0.05 U"
  },
  {
    "docID": "N046 Imagama 2011 22114278",
    "et": "Dosage",
    "off": 20490,
    "sff": "0.2 ml"
  },
  {
    "docID": "N046 Imagama 2011 22114278",
    "et": "Dosage",
    "off": 31817,
    "sff": "10 mm"
  },
  {
    "docID": "N046 Imagama 2011 22114278",
    "et": "Dosage",
    "off": 24081,
    "sff": "13 mg"
  },
  {
    "docID": "N046 Imagama 2011 22114278",
    "et": "Dosage",
    "off": 17245,
    "sff": "20 mm"
  },
  {
    "docID": "N046 Imagama 2011 22114278",
    "et": "Dosage",
    "off": 20216,
    "sff": "2.5%"
  },
  {
    "docID": "N046 Imagama 2011 22114278",
    "et": "Dosage",
    "off": 8652,
    "sff": "200 µl"
  },
  {
    "docID": "N046 Imagama 2011 22114278",
    "et": "Dosage",
    "off": 30804,
    "sff": "4 mm"
  },
  {
    "docID": "N046 Imagama 2011 22114278",
    "et": "Dosage",
    "off": 20206,
    "sff": "0.7 ml"
  },
  {
    "docID": "N046 Imagama 2011 22114278",
    "et": "Dosage",
    "off": 14103,
    "sff": "6%"
  },
  {
    "docID": "N046 Imagama 2011 22114278",
    "et": "Dosage",
    "off": 14198,
    "sff": "5%"
  },
  {
    "docID": "N046 Imagama 2011 22114278",
    "et": "Dosage",
    "off": 18717,
    "sff": "10 mm"
  },
  {
    "docID": "N046 Imagama 2011 22114278",
    "et": "Dosage",
    "off": 9109,
    "sff": "0.025 U/200 µl"
  },
  {
    "docID": "N046 Imagama 2011 22114278",
    "et": "Dosage",
    "off": 14385,
    "sff": "0.3%"
  },
  {
    "docID": "N046 Imagama 2011 22114278",
    "et": "Dosage",
    "off": 17816,
    "sff": "10 mm"
  },
  {
    "docID": "N046 Imagama 2011 22114278",
    "et": "Dosage",
    "off": 22594,
    "sff": "20 µg/ml"
  },
  {
    "docID": "N046 Imagama 2011 22114278",
    "et": "Dosage",
    "off": 17945,
    "sff": "10 mm"
  },
  {
    "docID": "N046 Imagama 2011 22114278",
    "et": "Dosage",
    "off": 23582,
    "sff": "5 µg"
  },
  {
    "docID": "N046 Imagama 2011 22114278",
    "et": "Dosage",
    "off": 8835,
    "sff": "0.05 U/200 µl"
  },
  {
    "docID": "N046 Imagama 2011 22114278",
    "et": "Dosage",
    "off": 9778,
    "sff": "500 ml"
  },
  {
    "docID": "N046 Imagama 2011 22114278",
    "et": "Dosage",
    "off": 21683,
    "sff": "100 mM"
  },
  {
    "docID": "N046 Imagama 2011 22114278",
    "et": "Dosage",
    "off": 30821,
    "sff": "4 mm"
  },
  {
    "docID": "N046 Imagama 2011 22114278",
    "et": "Dosage",
    "off": 17461,
    "sff": "0.3%"
  },
  {
    "docID": "N046 Imagama 2011 22114278",
    "et": "Dosage",
    "off": 33111,
    "sff": "5 mU/ml"
  },
  {
    "docID": "N046 Imagama 2011 22114278",
    "et": "Dosage",
    "off": 7933,
    "sff": "100 mg/kg"
  },
  {
    "docID": "N046 Imagama 2011 22114278",
    "et": "Dosage",
    "off": 24706,
    "sff": "20 mg"
  },
  {
    "docID": "N046 Imagama 2011 22114278",
    "et": "Dosage",
    "off": 36266,
    "sff": "0.05 U"
  },
  {
    "docID": "N046 Imagama 2011 22114278",
    "et": "Dosage",
    "off": 17222,
    "sff": "30%"
  },
  {
    "docID": "N046 Imagama 2011 22114278",
    "et": "Dosage",
    "off": 22409,
    "sff": "2%"
  },
  {
    "docID": "N046 Imagama 2011 22114278",
    "et": "Dosage",
    "off": 15152,
    "sff": "3%"
  },
  {
    "docID": "N046 Imagama 2011 22114278",
    "et": "Dosage",
    "off": 24064,
    "sff": "20 mg"
  },
  {
    "docID": "N046 Imagama 2011 22114278",
    "et": "Dosage",
    "off": 19748,
    "sff": "10 mm"
  },
  {
    "docID": "N046 Imagama 2011 22114278",
    "et": "Dosage",
    "off": 22431,
    "sff": "2 mM"
  },
  {
    "docID": "N046 Imagama 2011 22114278",
    "et": "Dosage",
    "off": 9747,
    "sff": "1.0 ml"
  },
  {
    "docID": "N046 Imagama 2011 22114278",
    "et": "Dosage",
    "off": 17101,
    "sff": "4%"
  },
  {
    "docID": "N046 Imagama 2011 22114278",
    "et": "Dosage",
    "off": 16777,
    "sff": "2 mm"
  },
  {
    "docID": "N046 Imagama 2011 22114278",
    "et": "Dosage",
    "off": 17274,
    "sff": "10 mm"
  },
  {
    "docID": "N046 Imagama 2011 22114278",
    "et": "Dosage",
    "off": 32122,
    "sff": "10 mm"
  },
  {
    "docID": "N046 Imagama 2011 22114278",
    "et": "Dosage",
    "off": 16860,
    "sff": "0.25µl"
  },
  {
    "docID": "N046 Imagama 2011 22114278",
    "et": "Dosage",
    "off": 31995,
    "sff": "10 mm"
  },
  {
    "docID": "N046 Imagama 2011 22114278",
    "et": "Dosage",
    "off": 33089,
    "sff": "200 mU/ml"
  },
  {
    "docID": "N046 Imagama 2011 22114278",
    "et": "Dosage",
    "off": 16624,
    "sff": "10%"
  },
  {
    "docID": "N046 Imagama 2011 22114278",
    "et": "Dosage",
    "off": 14995,
    "sff": "30%"
  },
  {
    "docID": "N046 Imagama 2011 22114278",
    "et": "Dosage",
    "off": 26778,
    "sff": "0.05 U"
  },
  {
    "docID": "N046 Imagama 2011 22114278",
    "et": "Dosage",
    "off": 14346,
    "sff": "1 µg/ml"
  },
  {
    "docID": "N046 Imagama 2011 22114278",
    "et": "Dosage",
    "off": 15261,
    "sff": "1%"
  },
  {
    "docID": "N046 Imagama 2011 22114278",
    "et": "Dosage",
    "off": 28671,
    "sff": "0.005 U"
  },
  {
    "docID": "N046 Imagama 2011 22114278",
    "et": "Dosage",
    "off": 9252,
    "sff": "0.05  U/200 µl"
  },
  {
    "docID": "N046 Imagama 2011 22114278",
    "et": "Dosage",
    "off": 32373,
    "sff": "10 mm"
  },
  {
    "docID": "N046 Imagama 2011 22114278",
    "et": "Dosage",
    "off": 32015,
    "sff": "10 mm"
  },
  {
    "docID": "N046 Imagama 2011 22114278",
    "et": "Dosage",
    "off": 22837,
    "sff": "5 mU/ml"
  },
  {
    "docID": "N046 Imagama 2011 22114278",
    "et": "Dosage",
    "off": 23267,
    "sff": "4%"
  },
  {
    "docID": "N046 Imagama 2011 22114278",
    "et": "Dosage",
    "off": 9014,
    "sff": "1.0 U/200 µl"
  },
  {
    "docID": "N046 Imagama 2011 22114278",
    "et": "Dosage",
    "off": 17293,
    "sff": "10 mm"
  },
  {
    "docID": "N046 Imagama 2011 22114278",
    "et": "Dosage",
    "off": 23623,
    "sff": "10 ml"
  },
  {
    "docID": "N046 Imagama 2011 22114278",
    "et": "Dosage",
    "off": 8753,
    "sff": "0.05 U/200 µl"
  },
  {
    "docID": "N046 Imagama 2011 22114278",
    "et": "Dosage",
    "off": 16797,
    "sff": "2 mm"
  },
  {
    "docID": "N046 Imagama 2011 22114278",
    "et": "Dosage",
    "off": 22206,
    "sff": "60%"
  },
  {
    "docID": "N046 Imagama 2011 22114278",
    "et": "Dosage",
    "off": 35389,
    "sff": "4.014%"
  },
  {
    "docID": "N046 Imagama 2011 22114278",
    "et": "Dosage",
    "off": 22461,
    "sff": "20 mM"
  },
  {
    "docID": "N046 Imagama 2011 22114278",
    "et": "Dosage",
    "off": 8672,
    "sff": "0.5 µl/h"
  },
  {
    "docID": "N046 Imagama 2011 22114278",
    "et": "Dosage",
    "off": 7818,
    "sff": "230 g"
  },
  {
    "docID": "N046 Imagama 2011 22114278",
    "et": "Dosage",
    "off": 21009,
    "sff": "0.15 ml"
  },
  {
    "docID": "N046 Imagama 2011 22114278",
    "et": "Dosage",
    "off": 23752,
    "sff": "10mM"
  },
  {
    "docID": "N046 Imagama 2011 22114278",
    "et": "Dosage",
    "off": 7958,
    "sff": "10 mg/kg"
  },
  {
    "docID": "N046 Imagama 2011 22114278",
    "et": "Dosage",
    "off": 33682,
    "sff": "500 mU/ml"
  },
  {
    "docID": "N046 Imagama 2011 22114278",
    "et": "Dosage",
    "off": 14874,
    "sff": "4%"
  },
  {
    "docID": "N046 Imagama 2011 22114278",
    "et": "Dosage",
    "off": 15163,
    "sff": "5%"
  },
  {
    "docID": "N046 Imagama 2011 22114278",
    "et": "Dosage",
    "off": 21747,
    "sff": "100 mM"
  },
  {
    "docID": "N046 Imagama 2011 22114278",
    "et": "Dosage",
    "off": 19691,
    "sff": "10 mm"
  },
  {
    "docID": "N046 Imagama 2011 22114278",
    "et": "Dosage",
    "off": 12734,
    "sff": "60 g"
  },
  {
    "docID": "N046 Imagama 2011 22114278",
    "et": "Dosage",
    "off": 13864,
    "sff": "1%"
  },
  {
    "docID": "N046 Imagama 2011 22114278",
    "et": "Dosage",
    "off": 22497,
    "sff": "50 µg/ml"
  },
  {
    "docID": "N046 Imagama 2011 22114278",
    "et": "Dosage",
    "off": 21799,
    "sff": "1%"
  },
  {
    "docID": "N046 Imagama 2011 22114278",
    "et": "Dosage",
    "off": 33843,
    "sff": "5 \u0001g/ml"
  },
  {
    "docID": "N046 Imagama 2011 22114278",
    "et": "Dosage",
    "off": 15272,
    "sff": "10%"
  },
  {
    "docID": "N046 Imagama 2011 22114278",
    "et": "Right",
    "off": 27681,
    "sff": "right"
  },
  {
    "docID": "N046 Imagama 2011 22114278",
    "et": "Right",
    "off": 27443,
    "sff": "right"
  },
  {
    "docID": "N046 Imagama 2011 22114278",
    "et": "Right",
    "off": 16742,
    "sff": "right"
  },
  {
    "docID": "N046 Imagama 2011 22114278",
    "et": "Right",
    "off": 32470,
    "sff": "right"
  },
  {
    "docID": "N046 Imagama 2011 22114278",
    "et": "Right",
    "off": 32633,
    "sff": "right"
  },
  {
    "docID": "N046 Imagama 2011 22114278",
    "et": "Vehicle",
    "off": 29053,
    "sff": "vehicle"
  },
  {
    "docID": "N046 Imagama 2011 22114278",
    "et": "Vehicle",
    "off": 32274,
    "sff": "Vehicle"
  },
  {
    "docID": "N046 Imagama 2011 22114278",
    "et": "Vehicle",
    "off": 28881,
    "sff": "Vehicle"
  },
  {
    "docID": "N046 Imagama 2011 22114278",
    "et": "Vehicle",
    "off": 41538,
    "sff": "vehicle"
  },
  {
    "docID": "N046 Imagama 2011 22114278",
    "et": "Vehicle",
    "off": 28806,
    "sff": "vehicle"
  },
  {
    "docID": "N046 Imagama 2011 22114278",
    "et": "Vehicle",
    "off": 30538,
    "sff": "vehicle"
  },
  {
    "docID": "N046 Imagama 2011 22114278",
    "et": "Vehicle",
    "off": 29647,
    "sff": "vehicle"
  },
  {
    "docID": "N046 Imagama 2011 22114278",
    "et": "Vehicle",
    "off": 28418,
    "sff": "Vehicle"
  },
  {
    "docID": "N046 Imagama 2011 22114278",
    "et": "Vehicle",
    "off": 30272,
    "sff": "Vehicle"
  },
  {
    "docID": "N046 Imagama 2011 22114278",
    "et": "Vehicle",
    "off": 31303,
    "sff": "Vehicle"
  },
  {
    "docID": "N046 Imagama 2011 22114278",
    "et": "Vehicle",
    "off": 29333,
    "sff": "vehicle"
  },
  {
    "docID": "N046 Imagama 2011 22114278",
    "et": "Vehicle",
    "off": 29700,
    "sff": "Vehicle"
  },
  {
    "docID": "N046 Imagama 2011 22114278",
    "et": "Vehicle",
    "off": 42326,
    "sff": "vehicle"
  },
  {
    "docID": "N046 Imagama 2011 22114278",
    "et": "Vehicle",
    "off": 27100,
    "sff": "vehicle"
  },
  {
    "docID": "N046 Imagama 2011 22114278",
    "et": "Vehicle",
    "off": 28383,
    "sff": "vehicle"
  },
  {
    "docID": "N046 Imagama 2011 22114278",
    "et": "Vehicle",
    "off": 29356,
    "sff": "Vehicle"
  },
  {
    "docID": "N046 Imagama 2011 22114278",
    "et": "Vehicle",
    "off": 30239,
    "sff": "vehicle"
  },
  {
    "docID": "N046 Imagama 2011 22114278",
    "et": "Vehicle",
    "off": 41127,
    "sff": "vehicle"
  },
  {
    "docID": "N046 Imagama 2011 22114278",
    "et": "Vehicle",
    "off": 29115,
    "sff": "Vehicle"
  },
  {
    "docID": "N046 Imagama 2011 22114278",
    "et": "Vehicle",
    "off": 8879,
    "sff": "vehicle"
  },
  {
    "docID": "N046 Imagama 2011 22114278",
    "et": "Vehicle",
    "off": 41390,
    "sff": "vehicle"
  },
  {
    "docID": "N046 Imagama 2011 22114278",
    "et": "Vehicle",
    "off": 29872,
    "sff": "vehicle"
  },
  {
    "docID": "N046 Imagama 2011 22114278",
    "et": "Vehicle",
    "off": 31280,
    "sff": "vehicle"
  },
  {
    "docID": "N046 Imagama 2011 22114278",
    "et": "Vehicle",
    "off": 29926,
    "sff": "Vehicle"
  },
  {
    "docID": "N046 Imagama 2011 22114278",
    "et": "Vehicle",
    "off": 40823,
    "sff": "vehicle"
  },
  {
    "docID": "N046 Imagama 2011 22114278",
    "et": "Vehicle",
    "off": 28203,
    "sff": "Vehicle"
  },
  {
    "docID": "N046 Imagama 2011 22114278",
    "et": "Vehicle",
    "off": 28153,
    "sff": "vehicle"
  },
  {
    "docID": "N046 Imagama 2011 22114278",
    "et": "Vehicle",
    "off": 30569,
    "sff": "Vehicle"
  },
  {
    "docID": "N046 Imagama 2011 22114278",
    "et": "Vehicle",
    "off": 42555,
    "sff": "vehicle"
  },
  {
    "docID": "N046 Imagama 2011 22114278",
    "et": "Vehicle",
    "off": 46779,
    "sff": "vehicle"
  },
  {
    "docID": "N046 Imagama 2011 22114278",
    "et": "Vehicle",
    "off": 32251,
    "sff": "vehicle"
  },
  {
    "docID": "N046 Imagama 2011 22114278",
    "et": "BladderExpression",
    "off": 9555,
    "sff": "bladder"
  },
  {
    "docID": "N046 Imagama 2011 22114278",
    "et": "BladderExpression",
    "off": 9485,
    "sff": "bladder"
  },
  {
    "docID": "N046 Imagama 2011 22114278",
    "et": "PBS",
    "off": 14223,
    "sff": "PBS"
  },
  {
    "docID": "N046 Imagama 2011 22114278",
    "et": "PBS",
    "off": 23660,
    "sff": "PBS"
  },
  {
    "docID": "N046 Imagama 2011 22114278",
    "et": "PBS",
    "off": 15245,
    "sff": "PBS"
  },
  {
    "docID": "N046 Imagama 2011 22114278",
    "et": "PBS",
    "off": 17238,
    "sff": "PBS"
  },
  {
    "docID": "N046 Imagama 2011 22114278",
    "et": "PBS",
    "off": 23287,
    "sff": "PBS"
  },
  {
    "docID": "N046 Imagama 2011 22114278",
    "et": "PBS",
    "off": 13850,
    "sff": "PBS"
  },
  {
    "docID": "N046 Imagama 2011 22114278",
    "et": "PBS",
    "off": 22936,
    "sff": "PBS"
  },
  {
    "docID": "N046 Imagama 2011 22114278",
    "et": "PBS",
    "off": 17085,
    "sff": "PBS"
  },
  {
    "docID": "N046 Imagama 2011 22114278",
    "et": "PBS",
    "off": 14370,
    "sff": "PBS"
  },
  {
    "docID": "N046 Imagama 2011 22114278",
    "et": "PBS",
    "off": 23874,
    "sff": "PBS"
  },
  {
    "docID": "N046 Imagama 2011 22114278",
    "et": "PBS",
    "off": 15137,
    "sff": "PBS"
  },
  {
    "docID": "N046 Imagama 2011 22114278",
    "et": "PBS",
    "off": 17451,
    "sff": "PBS"
  },
  {
    "docID": "N046 Imagama 2011 22114278",
    "et": "PBS",
    "off": 17579,
    "sff": "PBS"
  },
  {
    "docID": "N046 Imagama 2011 22114278",
    "et": "Proliferation",
    "off": 61165,
    "sff": "proliferation"
  },
  {
    "docID": "N046 Imagama 2011 22114278",
    "et": "Duration",
    "off": 30983,
    "sff": "10 weeks"
  },
  {
    "docID": "N046 Imagama 2011 22114278",
    "et": "Duration",
    "off": 30074,
    "sff": "8 weeks"
  },
  {
    "docID": "N046 Imagama 2011 22114278",
    "et": "Duration",
    "off": 35399,
    "sff": "120 h"
  },
  {
    "docID": "N046 Imagama 2011 22114278",
    "et": "Duration",
    "off": 21135,
    "sff": "3 h"
  },
  {
    "docID": "N046 Imagama 2011 22114278",
    "et": "Duration",
    "off": 36347,
    "sff": "2 weeks"
  },
  {
    "docID": "N046 Imagama 2011 22114278",
    "et": "Duration",
    "off": 26875,
    "sff": "1 week"
  },
  {
    "docID": "N046 Imagama 2011 22114278",
    "et": "Duration",
    "off": 28310,
    "sff": "8 weeks"
  },
  {
    "docID": "N046 Imagama 2011 22114278",
    "et": "Duration",
    "off": 17507,
    "sff": "2 h"
  },
  {
    "docID": "N046 Imagama 2011 22114278",
    "et": "Duration",
    "off": 20363,
    "sff": "10 min"
  },
  {
    "docID": "N046 Imagama 2011 22114278",
    "et": "Duration",
    "off": 20839,
    "sff": "0S"
  },
  {
    "docID": "N046 Imagama 2011 22114278",
    "et": "Duration",
    "off": 35828,
    "sff": "1 week"
  },
  {
    "docID": "N046 Imagama 2011 22114278",
    "et": "Duration",
    "off": 20845,
    "sff": "4S"
  },
  {
    "docID": "N046 Imagama 2011 22114278",
    "et": "Duration",
    "off": 13799,
    "sff": "1 week"
  },
  {
    "docID": "N046 Imagama 2011 22114278",
    "et": "Duration",
    "off": 14012,
    "sff": "30 min"
  },
  {
    "docID": "N046 Imagama 2011 22114278",
    "et": "Duration",
    "off": 46407,
    "sff": "6D"
  },
  {
    "docID": "N046 Imagama 2011 22114278",
    "et": "Duration",
    "off": 20855,
    "sff": "6S"
  },
  {
    "docID": "N046 Imagama 2011 22114278",
    "et": "Duration",
    "off": 35375,
    "sff": "0 h"
  },
  {
    "docID": "N046 Imagama 2011 22114278",
    "et": "Duration",
    "off": 26528,
    "sff": "7 d"
  },
  {
    "docID": "N046 Imagama 2011 22114278",
    "et": "Duration",
    "off": 42249,
    "sff": "4D"
  },
  {
    "docID": "N046 Imagama 2011 22114278",
    "et": "Duration",
    "off": 16905,
    "sff": "30 s"
  },
  {
    "docID": "N046 Imagama 2011 22114278",
    "et": "Duration",
    "off": 31473,
    "sff": "10 weeks"
  },
  {
    "docID": "N046 Imagama 2011 22114278",
    "et": "Duration",
    "off": 14549,
    "sff": "60 min"
  },
  {
    "docID": "N046 Imagama 2011 22114278",
    "et": "Duration",
    "off": 27477,
    "sff": "1 week"
  },
  {
    "docID": "N046 Imagama 2011 22114278",
    "et": "Duration",
    "off": 27263,
    "sff": "500\u0001m"
  },
  {
    "docID": "N046 Imagama 2011 22114278",
    "et": "Duration",
    "off": 42774,
    "sff": "4D"
  },
  {
    "docID": "N046 Imagama 2011 22114278",
    "et": "Duration",
    "off": 13404,
    "sff": "15 min"
  },
  {
    "docID": "N046 Imagama 2011 22114278",
    "et": "Duration",
    "off": 9809,
    "sff": "2 weeks"
  },
  {
    "docID": "N046 Imagama 2011 22114278",
    "et": "Duration",
    "off": 27218,
    "sff": "1 week"
  },
  {
    "docID": "N046 Imagama 2011 22114278",
    "et": "Duration",
    "off": 23776,
    "sff": "30 min"
  },
  {
    "docID": "N046 Imagama 2011 22114278",
    "et": "Duration",
    "off": 11738,
    "sff": "30 min"
  },
  {
    "docID": "N046 Imagama 2011 22114278",
    "et": "Duration",
    "off": 26746,
    "sff": "7 d"
  },
  {
    "docID": "N046 Imagama 2011 22114278",
    "et": "Duration",
    "off": 17479,
    "sff": "4 h"
  },
  {
    "docID": "N046 Imagama 2011 22114278",
    "et": "Duration",
    "off": 22724,
    "sff": "4 h"
  },
  {
    "docID": "N046 Imagama 2011 22114278",
    "et": "Duration",
    "off": 42347,
    "sff": "4D"
  },
  {
    "docID": "N046 Imagama 2011 22114278",
    "et": "Duration",
    "off": 8682,
    "sff": "14 d"
  },
  {
    "docID": "N046 Imagama 2011 22114278",
    "et": "Duration",
    "off": 35343,
    "sff": "120 h"
  },
  {
    "docID": "N046 Imagama 2011 22114278",
    "et": "Duration",
    "off": 36170,
    "sff": "~7 d"
  },
  {
    "docID": "N046 Imagama 2011 22114278",
    "et": "Duration",
    "off": 22266,
    "sff": "15 min"
  },
  {
    "docID": "N046 Imagama 2011 22114278",
    "et": "Duration",
    "off": 36113,
    "sff": "7 d"
  },
  {
    "docID": "N046 Imagama 2011 22114278",
    "et": "Duration",
    "off": 38714,
    "sff": "2D"
  },
  {
    "docID": "N046 Imagama 2011 22114278",
    "et": "Duration",
    "off": 36628,
    "sff": "7 d"
  },
  {
    "docID": "N046 Imagama 2011 22114278",
    "et": "Duration",
    "off": 15622,
    "sff": "60 min"
  },
  {
    "docID": "N046 Imagama 2011 22114278",
    "et": "Duration",
    "off": 13324,
    "sff": "8 s"
  },
  {
    "docID": "N046 Imagama 2011 22114278",
    "et": "Duration",
    "off": 11331,
    "sff": "3 min"
  },
  {
    "docID": "N046 Imagama 2011 22114278",
    "et": "Duration",
    "off": 23696,
    "sff": "60 min"
  },
  {
    "docID": "N046 Imagama 2011 22114278",
    "et": "Duration",
    "off": 46356,
    "sff": "6D"
  },
  {
    "docID": "N046 Imagama 2011 22114278",
    "et": "Duration",
    "off": 38929,
    "sff": "2D"
  },
  {
    "docID": "N046 Imagama 2011 22114278",
    "et": "Duration",
    "off": 14231,
    "sff": "60 min"
  },
  {
    "docID": "N046 Imagama 2011 22114278",
    "et": "Duration",
    "off": 33010,
    "sff": "100\u0001m"
  },
  {
    "docID": "N046 Imagama 2011 22114278",
    "et": "Duration",
    "off": 32412,
    "sff": "10 weeks"
  },
  {
    "docID": "N046 Imagama 2011 22114278",
    "et": "Duration",
    "off": 20662,
    "sff": "2 h"
  },
  {
    "docID": "N046 Imagama 2011 22114278",
    "et": "Duration",
    "off": 20280,
    "sff": "24 h"
  },
  {
    "docID": "N046 Imagama 2011 22114278",
    "et": "Duration",
    "off": 20324,
    "sff": "5 min"
  },
  {
    "docID": "N046 Imagama 2011 22114278",
    "et": "Duration",
    "off": 44409,
    "sff": "5D"
  },
  {
    "docID": "N046 Imagama 2011 22114278",
    "et": "Duration",
    "off": 40045,
    "sff": "8 weeks"
  },
  {
    "docID": "N046 Imagama 2011 22114278",
    "et": "Duration",
    "off": 27845,
    "sff": "20\u0001m"
  },
  {
    "docID": "N046 Imagama 2011 22114278",
    "et": "LesionAdjacentTissue",
    "off": 42519,
    "sff": "lesion"
  },
  {
    "docID": "N046 Imagama 2011 22114278",
    "et": "LesionAdjacentTissue",
    "off": 30837,
    "sff": "lesion"
  },
  {
    "docID": "N046 Imagama 2011 22114278",
    "et": "LesionAdjacentTissue",
    "off": 18227,
    "sff": "lesion"
  },
  {
    "docID": "N046 Imagama 2011 22114278",
    "et": "LesionAdjacentTissue",
    "off": 35780,
    "sff": "lesion"
  },
  {
    "docID": "N046 Imagama 2011 22114278",
    "et": "LesionAdjacentTissue",
    "off": 17965,
    "sff": "lesion"
  },
  {
    "docID": "N046 Imagama 2011 22114278",
    "et": "LesionAdjacentTissue",
    "off": 41739,
    "sff": "lesion"
  },
  {
    "docID": "N046 Imagama 2011 22114278",
    "et": "SevereInjury",
    "off": 10389,
    "sff": "severe"
  },
  {
    "docID": "N046 Imagama 2011 22114278",
    "et": "SevereInjury",
    "off": 35764,
    "sff": "severe"
  },
  {
    "docID": "N046 Imagama 2011 22114278",
    "et": "CentralNervousSystem",
    "off": 54997,
    "sff": "central nervous system"
  },
  {
    "docID": "N046 Imagama 2011 22114278",
    "et": "CentralNervousSystem",
    "off": 59282,
    "sff": "Nervous"
  },
  {
    "docID": "N046 Imagama 2011 22114278",
    "et": "CentralNervousSystem",
    "off": 54997,
    "sff": "central nervous"
  },
  {
    "docID": "N046 Imagama 2011 22114278",
    "et": "CentralNervousSystem",
    "off": 55809,
    "sff": "nervous system"
  },
  {
    "docID": "N046 Imagama 2011 22114278",
    "et": "CentralNervousSystem",
    "off": 55809,
    "sff": "nervous"
  },
  {
    "docID": "N046 Imagama 2011 22114278",
    "et": "RocheMexico",
    "off": 9768,
    "sff": "Roche"
  },
  {
    "docID": "N046 Imagama 2011 22114278",
    "et": "Matrix",
    "off": 59111,
    "sff": "matrix"
  },
  {
    "docID": "N046 Imagama 2011 22114278",
    "et": "Matrix",
    "off": 56680,
    "sff": "matrix"
  },
  {
    "docID": "N046 Imagama 2011 22114278",
    "et": "Matrix",
    "off": 55241,
    "sff": "matrix"
  },
  {
    "docID": "N046 Imagama 2011 22114278",
    "et": "Matrix",
    "off": 55789,
    "sff": "matrix"
  },
  {
    "docID": "N046 Imagama 2011 22114278",
    "et": "Matrix",
    "off": 58365,
    "sff": "matrix"
  },
  {
    "docID": "N046 Imagama 2011 22114278",
    "et": "Matrix",
    "off": 60111,
    "sff": "matrix"
  },
  {
    "docID": "N046 Imagama 2011 22114278",
    "et": "Matrix",
    "off": 4374,
    "sff": "matrix"
  },
  {
    "docID": "N046 Imagama 2011 22114278",
    "et": "SpinalCentralPart",
    "off": 54997,
    "sff": "central"
  },
  {
    "docID": "N046 Imagama 2011 22114278",
    "et": "InjuryArea",
    "off": 53620,
    "sff": "area"
  },
  {
    "docID": "N046 Imagama 2011 22114278",
    "et": "InjuryArea",
    "off": 18056,
    "sff": "area"
  },
  {
    "docID": "N046 Imagama 2011 22114278",
    "et": "InjuryArea",
    "off": 4859,
    "sff": "area"
  },
  {
    "docID": "N046 Imagama 2011 22114278",
    "et": "InjuryArea",
    "off": 37435,
    "sff": "area"
  },
  {
    "docID": "N046 Imagama 2011 22114278",
    "et": "InjuryArea",
    "off": 16126,
    "sff": "area"
  },
  {
    "docID": "N046 Imagama 2011 22114278",
    "et": "InjuryArea",
    "off": 31453,
    "sff": "area"
  },
  {
    "docID": "N046 Imagama 2011 22114278",
    "et": "InjuryArea",
    "off": 18146,
    "sff": "area"
  },
  {
    "docID": "N046 Imagama 2011 22114278",
    "et": "InjuryArea",
    "off": 31665,
    "sff": "area"
  },
  {
    "docID": "N046 Imagama 2011 22114278",
    "et": "InjuryArea",
    "off": 35873,
    "sff": "area"
  },
  {
    "docID": "N046 Imagama 2011 22114278",
    "et": "Forceps",
    "off": 22065,
    "sff": "forceps"
  },
  {
    "docID": "N046 Imagama 2011 22114278",
    "et": "MedicationDuringSurgery",
    "off": 13693,
    "sff": "during"
  },
  {
    "docID": "N046 Imagama 2011 22114278",
    "et": "MedicationDuringSurgery",
    "off": 12898,
    "sff": "during"
  },
  {
    "docID": "N046 Imagama 2011 22114278",
    "et": "MedicationDuringSurgery",
    "off": 62832,
    "sff": "during"
  },
  {
    "docID": "N046 Imagama 2011 22114278",
    "et": "Ketamine",
    "off": 18530,
    "sff": "ketamine"
  },
  {
    "docID": "N046 Imagama 2011 22114278",
    "et": "Ketamine",
    "off": 7923,
    "sff": "ketamine"
  },
  {
    "docID": "N046 Imagama 2011 22114278",
    "et": "DNA",
    "off": 57492,
    "sff": "DNA"
  },
  {
    "docID": "N046 Imagama 2011 22114278",
    "et": "Brain",
    "off": 59732,
    "sff": "brain"
  },
  {
    "docID": "N046 Imagama 2011 22114278",
    "et": "Brain",
    "off": 64020,
    "sff": "brain"
  },
  {
    "docID": "N046 Imagama 2011 22114278",
    "et": "Brain",
    "off": 33439,
    "sff": "brain"
  },
  {
    "docID": "N046 Imagama 2011 22114278",
    "et": "Brain",
    "off": 55825,
    "sff": "Brain"
  },
  {
    "docID": "N046 Imagama 2011 22114278",
    "et": "Brain",
    "off": 57858,
    "sff": "Brain"
  },
  {
    "docID": "N046 Imagama 2011 22114278",
    "et": "Brain",
    "off": 6700,
    "sff": "brain"
  },
  {
    "docID": "N046 Imagama 2011 22114278",
    "et": "Brain",
    "off": 56660,
    "sff": "Brain"
  },
  {
    "docID": "N046 Imagama 2011 22114278",
    "et": "Brain",
    "off": 6055,
    "sff": "brain"
  },
  {
    "docID": "N046 Imagama 2011 22114278",
    "et": "Brain",
    "off": 63954,
    "sff": "brain"
  },
  {
    "docID": "N046 Imagama 2011 22114278",
    "et": "Brain",
    "off": 55835,
    "sff": "Brain"
  },
  {
    "docID": "N046 Imagama 2011 22114278",
    "et": "Laminectomy",
    "off": 7980,
    "sff": "laminectomy"
  },
  {
    "docID": "N046 Imagama 2011 22114278",
    "et": "Laminectomy",
    "off": 8375,
    "sff": "laminectomy"
  },
  {
    "docID": "N046 Imagama 2011 22114278",
    "et": "AscendingFiberTract",
    "off": 55647,
    "sff": "fiber"
  },
  {
    "docID": "N046 Imagama 2011 22114278",
    "et": "AscendingFiberTract",
    "off": 41996,
    "sff": "fiber"
  },
  {
    "docID": "N046 Imagama 2011 22114278",
    "et": "AscendingFiberTract",
    "off": 46692,
    "sff": "fiber"
  },
  {
    "docID": "N046 Imagama 2011 22114278",
    "et": "SpinalWhiteMatter",
    "off": 32757,
    "sff": "White matter"
  },
  {
    "docID": "N046 Imagama 2011 22114278",
    "et": "SpinalWhiteMatter",
    "off": 18107,
    "sff": "white matter"
  },
  {
    "docID": "N046 Imagama 2011 22114278",
    "et": "SpinalWhiteMatter",
    "off": 56502,
    "sff": "white matter"
  },
  {
    "docID": "N046 Imagama 2011 22114278",
    "et": "MeasurementOfIncreasingTemperature",
    "off": 10330,
    "sff": "measurement"
  },
  {
    "docID": "N046 Imagama 2011 22114278",
    "et": "MeasurementOfIncreasingTemperature",
    "off": 20126,
    "sff": "Measurement"
  },
  {
    "docID": "N046 Imagama 2011 22114278",
    "et": "Antibody",
    "off": 14571,
    "sff": "antibody"
  },
  {
    "docID": "N046 Imagama 2011 22114278",
    "et": "Antibody",
    "off": 15609,
    "sff": "antibody"
  },
  {
    "docID": "N046 Imagama 2011 22114278",
    "et": "Antibody",
    "off": 6680,
    "sff": "antibody"
  },
  {
    "docID": "N046 Imagama 2011 22114278",
    "et": "Antibody",
    "off": 14286,
    "sff": "antibody"
  },
  {
    "docID": "N046 Imagama 2011 22114278",
    "et": "Antibody",
    "off": 14445,
    "sff": "antibody"
  },
  {
    "docID": "N046 Imagama 2011 22114278",
    "et": "Antibody",
    "off": 36576,
    "sff": "antibody"
  },
  {
    "docID": "N046 Imagama 2011 22114278",
    "et": "Antibody",
    "off": 37248,
    "sff": "antibody"
  },
  {
    "docID": "N046 Imagama 2011 22114278",
    "et": "Purification",
    "off": 25771,
    "sff": "Purification"
  },
  {
    "docID": "N046 Imagama 2011 22114278",
    "et": "Purification",
    "off": 63639,
    "sff": "Purification"
  },
  {
    "docID": "N046 Imagama 2011 22114278",
    "et": "ContusionType",
    "off": 35653,
    "sff": "contusion"
  },
  {
    "docID": "N046 Imagama 2011 22114278",
    "et": "ContusionType",
    "off": 35540,
    "sff": "contusion"
  },
  {
    "docID": "N046 Imagama 2011 22114278",
    "et": "ContusionType",
    "off": 8336,
    "sff": "contusion"
  },
  {
    "docID": "N046 Imagama 2011 22114278",
    "et": "ContusionType",
    "off": 57839,
    "sff": "contusion"
  },
  {
    "docID": "N046 Imagama 2011 22114278",
    "et": "ContusionType",
    "off": 8223,
    "sff": "contusion"
  },
  {
    "docID": "N046 Imagama 2011 22114278",
    "et": "ContusionType",
    "off": 42396,
    "sff": "contusion"
  },
  {
    "docID": "N046 Imagama 2011 22114278",
    "et": "ContusionType",
    "off": 36361,
    "sff": "contusion"
  },
  {
    "docID": "N046 Imagama 2011 22114278",
    "et": "ContusionType",
    "off": 31655,
    "sff": "contusion"
  },
  {
    "docID": "N046 Imagama 2011 22114278",
    "et": "CompoundSupplier",
    "off": 47043,
    "sff": "compound"
  },
  {
    "docID": "N046 Imagama 2011 22114278",
    "et": "Protein",
    "off": 48335,
    "sff": "protein"
  },
  {
    "docID": "N046 Imagama 2011 22114278",
    "et": "Protein",
    "off": 25155,
    "sff": "Protein"
  },
  {
    "docID": "N046 Imagama 2011 22114278",
    "et": "Protein",
    "off": 46284,
    "sff": "protein"
  },
  {
    "docID": "N046 Imagama 2011 22114278",
    "et": "Protein",
    "off": 24339,
    "sff": "protein"
  },
  {
    "docID": "N046 Imagama 2011 22114278",
    "et": "Protein",
    "off": 47698,
    "sff": "protein"
  },
  {
    "docID": "N046 Imagama 2011 22114278",
    "et": "Protein",
    "off": 46071,
    "sff": "protein"
  },
  {
    "docID": "N046 Imagama 2011 22114278",
    "et": "Protein",
    "off": 5525,
    "sff": "protein"
  },
  {
    "docID": "N046 Imagama 2011 22114278",
    "et": "Protein",
    "off": 25082,
    "sff": "protein"
  },
  {
    "docID": "N046 Imagama 2011 22114278",
    "et": "Protein",
    "off": 1400,
    "sff": "protein"
  },
  {
    "docID": "N046 Imagama 2011 22114278",
    "et": "Protein",
    "off": 34617,
    "sff": "protein"
  },
  {
    "docID": "N046 Imagama 2011 22114278",
    "et": "Protein",
    "off": 43998,
    "sff": "protein"
  },
  {
    "docID": "N046 Imagama 2011 22114278",
    "et": "Protein",
    "off": 2278,
    "sff": "protein"
  },
  {
    "docID": "N046 Imagama 2011 22114278",
    "et": "Protein",
    "off": 24411,
    "sff": "Protein"
  },
  {
    "docID": "N046 Imagama 2011 22114278",
    "et": "Protein",
    "off": 45956,
    "sff": "protein"
  },
  {
    "docID": "N046 Imagama 2011 22114278",
    "et": "TailVeinLocation",
    "off": 13263,
    "sff": "tail"
  },
  {
    "docID": "N046 Imagama 2011 22114278",
    "et": "TailVeinLocation",
    "off": 13201,
    "sff": "tail"
  },
  {
    "docID": "N046 Imagama 2011 22114278",
    "et": "GlialCell",
    "off": 61932,
    "sff": "glial"
  },
  {
    "docID": "N046 Imagama 2011 22114278",
    "et": "GlialCell",
    "off": 57544,
    "sff": "glial"
  },
  {
    "docID": "N046 Imagama 2011 22114278",
    "et": "GlialCell",
    "off": 62264,
    "sff": "glial"
  },
  {
    "docID": "N046 Imagama 2011 22114278",
    "et": "GlialCell",
    "off": 63993,
    "sff": "glial"
  },
  {
    "docID": "N046 Imagama 2011 22114278",
    "et": "GlialCell",
    "off": 59895,
    "sff": "glial"
  },
  {
    "docID": "N046 Imagama 2011 22114278",
    "et": "GlialCell",
    "off": 63471,
    "sff": "glial"
  },
  {
    "docID": "N046 Imagama 2011 22114278",
    "et": "SpinalGrayMatter",
    "off": 18028,
    "sff": "gray matter"
  },
  {
    "docID": "N046 Imagama 2011 22114278",
    "et": "SpinalGrayMatter",
    "off": 32775,
    "sff": "gray matter"
  },
  {
    "docID": "N046 Imagama 2011 22114278",
    "et": "SpinalGrayMatter",
    "off": 42741,
    "sff": "gray matter"
  },
  {
    "docID": "N046 Imagama 2011 22114278",
    "et": "SpinalGrayMatter",
    "off": 8289,
    "sff": "gray matter"
  },
  {
    "docID": "N046 Imagama 2011 22114278",
    "et": "SpinalGrayMatter",
    "off": 42815,
    "sff": "gray matter"
  },
  {
    "docID": "N046 Imagama 2011 22114278",
    "et": "RatSpecies",
    "off": 63037,
    "sff": "rat"
  },
  {
    "docID": "N046 Imagama 2011 22114278",
    "et": "RatSpecies",
    "off": 59963,
    "sff": "rat"
  },
  {
    "docID": "N046 Imagama 2011 22114278",
    "et": "RatSpecies",
    "off": 33383,
    "sff": "rat"
  },
  {
    "docID": "N046 Imagama 2011 22114278",
    "et": "RatSpecies",
    "off": 33784,
    "sff": "rat"
  },
  {
    "docID": "N046 Imagama 2011 22114278",
    "et": "RatSpecies",
    "off": 35592,
    "sff": "rat"
  },
  {
    "docID": "N046 Imagama 2011 22114278",
    "et": "RatSpecies",
    "off": 32565,
    "sff": "rat"
  },
  {
    "docID": "N046 Imagama 2011 22114278",
    "et": "RatSpecies",
    "off": 40719,
    "sff": "rat"
  },
  {
    "docID": "N046 Imagama 2011 22114278",
    "et": "RatSpecies",
    "off": 56528,
    "sff": "rat"
  },
  {
    "docID": "N046 Imagama 2011 22114278",
    "et": "RatSpecies",
    "off": 59200,
    "sff": "rat"
  },
  {
    "docID": "N046 Imagama 2011 22114278",
    "et": "RatSpecies",
    "off": 59728,
    "sff": "rat"
  },
  {
    "docID": "N046 Imagama 2011 22114278",
    "et": "RatSpecies",
    "off": 32849,
    "sff": "rat"
  },
  {
    "docID": "N046 Imagama 2011 22114278",
    "et": "InjuryIntensity",
    "off": 18333,
    "sff": "intensity"
  },
  {
    "docID": "N046 Imagama 2011 22114278",
    "et": "SodiumPentobarbital",
    "off": 21690,
    "sff": "sodium"
  },
  {
    "docID": "N046 Imagama 2011 22114278",
    "et": "SodiumPentobarbital",
    "off": 21754,
    "sff": "sodium"
  },
  {
    "docID": "N046 Imagama 2011 22114278",
    "et": "VertebralArea",
    "off": 35631,
    "sff": "vertebral"
  },
  {
    "docID": "N046 Imagama 2011 22114278",
    "et": "Caudal",
    "off": 42534,
    "sff": "caudal"
  },
  {
    "docID": "N046 Imagama 2011 22114278",
    "et": "Caudal",
    "off": 42695,
    "sff": "caudal"
  },
  {
    "docID": "N046 Imagama 2011 22114278",
    "et": "Caudal",
    "off": 17951,
    "sff": "caudal"
  },
  {
    "docID": "N046 Imagama 2011 22114278",
    "et": "Caudal",
    "off": 41067,
    "sff": "caudal"
  },
  {
    "docID": "N046 Imagama 2011 22114278",
    "et": "Caudal",
    "off": 30826,
    "sff": "caudal"
  },
  {
    "docID": "N046 Imagama 2011 22114278",
    "et": "Caudal",
    "off": 32128,
    "sff": "caudal"
  },
  {
    "docID": "N046 Imagama 2011 22114278",
    "et": "Caudal",
    "off": 32001,
    "sff": "caudal"
  },
  {
    "docID": "N046 Imagama 2011 22114278",
    "et": "Caudal",
    "off": 42305,
    "sff": "caudal"
  },
  {
    "docID": "N046 Imagama 2011 22114278",
    "et": "Caudal",
    "off": 17299,
    "sff": "caudal"
  },
  {
    "docID": "N046 Imagama 2011 22114278",
    "et": "Caudal",
    "off": 32725,
    "sff": "caudal"
  },
  {
    "docID": "N046 Imagama 2011 22114278",
    "et": "Caudal",
    "off": 19697,
    "sff": "caudal"
  },
  {
    "docID": "N046 Imagama 2011 22114278",
    "et": "Caudal",
    "off": 32379,
    "sff": "caudal"
  },
  {
    "docID": "N046 Imagama 2011 22114278",
    "et": "Caudal",
    "off": 41523,
    "sff": "caudal"
  },
  {
    "docID": "N046 Imagama 2011 22114278",
    "et": "VertebralSegment",
    "off": 35631,
    "sff": "vertebral"
  },
  {
    "docID": "N046 Imagama 2011 22114278",
    "et": "Enzyme",
    "off": 35261,
    "sff": "enzyme"
  },
  {
    "docID": "N046 Imagama 2011 22114278",
    "et": "Enzyme",
    "off": 5059,
    "sff": "enzyme"
  },
  {
    "docID": "N046 Imagama 2011 22114278",
    "et": "Enzyme",
    "off": 52510,
    "sff": "enzyme"
  },
  {
    "docID": "N046 Imagama 2011 22114278",
    "et": "Enzyme",
    "off": 27207,
    "sff": "enzyme"
  },
  {
    "docID": "N046 Imagama 2011 22114278",
    "et": "Enzyme",
    "off": 6598,
    "sff": "enzyme"
  },
  {
    "docID": "N046 Imagama 2011 22114278",
    "et": "Enzyme",
    "off": 1902,
    "sff": "enzyme"
  },
  {
    "docID": "N046 Imagama 2011 22114278",
    "et": "Enzyme",
    "off": 6861,
    "sff": "enzyme"
  },
  {
    "docID": "N046 Imagama 2011 22114278",
    "et": "Enzyme",
    "off": 1683,
    "sff": "enzyme"
  },
  {
    "docID": "N046 Imagama 2011 22114278",
    "et": "Enzyme",
    "off": 35442,
    "sff": "enzyme"
  },
  {
    "docID": "N046 Imagama 2011 22114278",
    "et": "Enzyme",
    "off": 54125,
    "sff": "enzyme"
  },
  {
    "docID": "N046 Imagama 2011 22114278",
    "et": "Enzyme",
    "off": 37303,
    "sff": "enzyme"
  },
  {
    "docID": "N046 Imagama 2011 22114278",
    "et": "Enzyme",
    "off": 57496,
    "sff": "enzyme"
  },
  {
    "docID": "N046 Imagama 2011 22114278",
    "et": "Enzyme",
    "off": 35161,
    "sff": "enzyme"
  },
  {
    "docID": "N046 Imagama 2011 22114278",
    "et": "Enzyme",
    "off": 37401,
    "sff": "enzyme"
  },
  {
    "docID": "N046 Imagama 2011 22114278",
    "et": "NewZealandRabbit",
    "off": 61109,
    "sff": "new"
  },
  {
    "docID": "N046 Imagama 2011 22114278",
    "et": "SigmaAldrich",
    "off": 15537,
    "sff": "Sigma"
  },
  {
    "docID": "N046 Imagama 2011 22114278",
    "et": "SigmaAldrich",
    "off": 14592,
    "sff": "Sigma"
  },
  {
    "docID": "N046 Imagama 2011 22114278",
    "et": "SigmaAldrich",
    "off": 22624,
    "sff": "Sigma"
  },
  {
    "docID": "N046 Imagama 2011 22114278",
    "et": "SigmaAldrich",
    "off": 23022,
    "sff": "Sigma"
  },
  {
    "docID": "N046 Imagama 2011 22114278",
    "et": "SigmaAldrich",
    "off": 13915,
    "sff": "Sigma"
  },
  {
    "docID": "N046 Imagama 2011 22114278",
    "et": "SigmaAldrich",
    "off": 15867,
    "sff": "Sigma"
  },
  {
    "docID": "N046 Imagama 2011 22114278",
    "et": "PartialTransection",
    "off": 8367,
    "sff": "partial"
  },
  {
    "docID": "N046 Imagama 2011 22114278",
    "et": "PartialTransection",
    "off": 61435,
    "sff": "partial"
  },
  {
    "docID": "N046 Imagama 2011 22114278",
    "et": "Thoracic",
    "off": 35622,
    "sff": "thoracic"
  },
  {
    "docID": "N046 Imagama 2011 22114278",
    "et": "Thoracic",
    "off": 38427,
    "sff": "thoracic"
  },
  {
    "docID": "N046 Imagama 2011 22114278",
    "et": "VertebralLocation",
    "off": 35631,
    "sff": "vertebral"
  },
  {
    "docID": "N046 Imagama 2011 22114278",
    "et": "LightSource",
    "off": 18327,
    "sff": "Light"
  },
  {
    "docID": "N046 Imagama 2011 22114278",
    "et": "Seikagaku",
    "off": 8851,
    "sff": "Seikagaku"
  },
  {
    "docID": "N046 Imagama 2011 22114278",
    "et": "Seikagaku",
    "off": 25236,
    "sff": "Seikagaku"
  },
  {
    "docID": "N046 Imagama 2011 22114278",
    "et": "Seikagaku",
    "off": 3538,
    "sff": "Seikagaku"
  },
  {
    "docID": "N046 Imagama 2011 22114278",
    "et": "Seikagaku",
    "off": 23077,
    "sff": "Seikagaku"
  },
  {
    "docID": "N046 Imagama 2011 22114278",
    "et": "Seikagaku",
    "off": 736,
    "sff": "Seikagaku"
  },
  {
    "docID": "N046 Imagama 2011 22114278",
    "et": "Seikagaku",
    "off": 22921,
    "sff": "Seikagaku"
  },
  {
    "docID": "N046 Imagama 2011 22114278",
    "et": "Seikagaku",
    "off": 14317,
    "sff": "Seikagaku"
  },
  {
    "docID": "N046 Imagama 2011 22114278",
    "et": "Seikagaku",
    "off": 15401,
    "sff": "Seikagaku"
  },
  {
    "docID": "N046 Imagama 2011 22114278",
    "et": "Seikagaku",
    "off": 20606,
    "sff": "Seikagaku"
  },
  {
    "docID": "N046 Imagama 2011 22114278",
    "et": "Seikagaku",
    "off": 20560,
    "sff": "Seikagaku"
  },
  {
    "docID": "N046 Imagama 2011 22114278",
    "et": "Seikagaku",
    "off": 14356,
    "sff": "Seikagaku"
  },
  {
    "docID": "N046 Imagama 2011 22114278",
    "et": "Seikagaku",
    "off": 21075,
    "sff": "Seikagaku"
  },
  {
    "docID": "N046 Imagama 2011 22114278",
    "et": "StemCellSourceType",
    "off": 43324,
    "sff": "cell"
  },
  {
    "docID": "N046 Imagama 2011 22114278",
    "et": "StemCellSourceType",
    "off": 43133,
    "sff": "cell"
  },
  {
    "docID": "N046 Imagama 2011 22114278",
    "et": "StemCellSourceType",
    "off": 58907,
    "sff": "Cell"
  },
  {
    "docID": "N046 Imagama 2011 22114278",
    "et": "StemCellSourceType",
    "off": 60634,
    "sff": "Cell"
  },
  {
    "docID": "N046 Imagama 2011 22114278",
    "et": "StemCellSourceType",
    "off": 56112,
    "sff": "cell"
  },
  {
    "docID": "N046 Imagama 2011 22114278",
    "et": "StemCellSourceType",
    "off": 58422,
    "sff": "Cell"
  },
  {
    "docID": "N046 Imagama 2011 22114278",
    "et": "StemCellSourceType",
    "off": 21913,
    "sff": "Cell"
  },
  {
    "docID": "N046 Imagama 2011 22114278",
    "et": "StemCellSourceType",
    "off": 7067,
    "sff": "cell"
  },
  {
    "docID": "N046 Imagama 2011 22114278",
    "et": "StemCellSourceType",
    "off": 61160,
    "sff": "cell"
  },
  {
    "docID": "N046 Imagama 2011 22114278",
    "et": "InVitroExperimentalProcedure",
    "off": 2078,
    "sff": "vitro"
  },
  {
    "docID": "N046 Imagama 2011 22114278",
    "et": "InVitroExperimentalProcedure",
    "off": 6205,
    "sff": "vitro"
  },
  {
    "docID": "N046 Imagama 2011 22114278",
    "et": "InVitroExperimentalProcedure",
    "off": 50364,
    "sff": "vitro"
  },
  {
    "docID": "N046 Imagama 2011 22114278",
    "et": "InVitroExperimentalProcedure",
    "off": 63452,
    "sff": "vitro"
  },
  {
    "docID": "N046 Imagama 2011 22114278",
    "et": "InVitroExperimentalProcedure",
    "off": 48859,
    "sff": "vitro"
  },
  {
    "docID": "N046 Imagama 2011 22114278",
    "et": "InVitroExperimentalProcedure",
    "off": 58587,
    "sff": "vitro"
  },
  {
    "docID": "N046 Imagama 2011 22114278",
    "et": "InVitroExperimentalProcedure",
    "off": 62618,
    "sff": "vitro"
  },
  {
    "docID": "N046 Imagama 2011 22114278",
    "et": "InVitroExperimentalProcedure",
    "off": 5014,
    "sff": "vitro"
  },
  {
    "docID": "N046 Imagama 2011 22114278",
    "et": "InVitroExperimentalProcedure",
    "off": 47156,
    "sff": "vitro"
  },
  {
    "docID": "N046 Imagama 2011 22114278",
    "et": "InVitroExperimentalProcedure",
    "off": 50547,
    "sff": "vitro"
  },
  {
    "docID": "N046 Imagama 2011 22114278",
    "et": "InVitroExperimentalProcedure",
    "off": 1971,
    "sff": "vitro"
  },
  {
    "docID": "N046 Imagama 2011 22114278",
    "et": "InVitroExperimentalProcedure",
    "off": 47280,
    "sff": "vitro"
  },
  {
    "docID": "N046 Imagama 2011 22114278",
    "et": "InVitroExperimentalProcedure",
    "off": 50863,
    "sff": "vitro"
  },
  {
    "docID": "N046 Imagama 2011 22114278",
    "et": "InVitroExperimentalProcedure",
    "off": 43757,
    "sff": "vitro"
  },
  {
    "docID": "N046 Imagama 2011 22114278",
    "et": "InVitroExperimentalProcedure",
    "off": 51245,
    "sff": "vitro"
  },
  {
    "docID": "N046 Imagama 2011 22114278",
    "et": "InVitroExperimentalProcedure",
    "off": 44743,
    "sff": "vitro"
  },
  {
    "docID": "N046 Imagama 2011 22114278",
    "et": "InVitroExperimentalProcedure",
    "off": 34791,
    "sff": "vitro"
  },
  {
    "docID": "N046 Imagama 2011 22114278",
    "et": "InVitroExperimentalProcedure",
    "off": 10842,
    "sff": "experimental"
  },
  {
    "docID": "N046 Imagama 2011 22114278",
    "et": "MeasurementOfDecreasingTemperature",
    "off": 20126,
    "sff": "Measurement"
  },
  {
    "docID": "N046 Imagama 2011 22114278",
    "et": "MeasurementOfDecreasingTemperature",
    "off": 10330,
    "sff": "measurement"
  },
  {
    "docID": "N046 Imagama 2011 22114278",
    "et": "IntraperitonealLocation",
    "off": 7894,
    "sff": "intraperitoneal"
  },
  {
    "docID": "N046 Imagama 2011 22114278",
    "et": "IntraperitonealLocation",
    "off": 18501,
    "sff": "intraperitoneal"
  },
  {
    "docID": "N046 Imagama 2011 22114278",
    "et": "ScoutenWireKnife",
    "off": 11239,
    "sff": "wire"
  },
  {
    "docID": "N046 Imagama 2011 22114278",
    "et": "ScoutenWireKnife",
    "off": 11783,
    "sff": "wire"
  },
  {
    "docID": "N046 Imagama 2011 22114278",
    "et": "AllenWeightDropDevice",
    "off": 11410,
    "sff": "weight"
  },
  {
    "docID": "N046 Imagama 2011 22114278",
    "et": "AllenWeightDropDevice",
    "off": 16669,
    "sff": "weight"
  },
  {
    "docID": "N046 Imagama 2011 22114278",
    "et": "AntiNogoAAntibody",
    "off": 23030,
    "sff": "Nogo"
  },
  {
    "docID": "N046 Imagama 2011 22114278",
    "et": "LongEvansRat",
    "off": 36751,
    "sff": "long"
  },
  {
    "docID": "N046 Imagama 2011 22114278",
    "et": "LongEvansRat",
    "off": 5557,
    "sff": "long"
  },
  {
    "docID": "N046 Imagama 2011 22114278",
    "et": "Cell",
    "off": 7067,
    "sff": "cell"
  },
  {
    "docID": "N046 Imagama 2011 22114278",
    "et": "Cell",
    "off": 43324,
    "sff": "cell"
  },
  {
    "docID": "N046 Imagama 2011 22114278",
    "et": "Cell",
    "off": 43133,
    "sff": "cell"
  },
  {
    "docID": "N046 Imagama 2011 22114278",
    "et": "Cell",
    "off": 56112,
    "sff": "cell"
  },
  {
    "docID": "N046 Imagama 2011 22114278",
    "et": "Cell",
    "off": 21913,
    "sff": "Cell"
  },
  {
    "docID": "N046 Imagama 2011 22114278",
    "et": "Cell",
    "off": 58907,
    "sff": "Cell"
  },
  {
    "docID": "N046 Imagama 2011 22114278",
    "et": "Cell",
    "off": 60634,
    "sff": "Cell"
  },
  {
    "docID": "N046 Imagama 2011 22114278",
    "et": "Cell",
    "off": 61160,
    "sff": "cell"
  },
  {
    "docID": "N046 Imagama 2011 22114278",
    "et": "Cell",
    "off": 58422,
    "sff": "Cell"
  },
  {
    "docID": "N046 Imagama 2011 22114278",
    "et": "CD1_Mouse",
    "off": 55520,
    "sff": "CD,"
  },
  {
    "docID": "N046 Imagama 2011 22114278",
    "et": "SpinalDorsalHalf",
    "off": 18045,
    "sff": "dorsal"
  },
  {
    "docID": "N046 Imagama 2011 22114278",
    "et": "SpinalDorsalHalf",
    "off": 35695,
    "sff": "dorsal"
  },
  {
    "docID": "N046 Imagama 2011 22114278",
    "et": "SpinalDorsalHalf",
    "off": 57584,
    "sff": "dorsal"
  },
  {
    "docID": "N046 Imagama 2011 22114278",
    "et": "SpinalDorsalHalf",
    "off": 35714,
    "sff": "dorsal"
  },
  {
    "docID": "N046 Imagama 2011 22114278",
    "et": "SpinalDorsalHalf",
    "off": 19541,
    "sff": "dorsal"
  },
  {
    "docID": "N046 Imagama 2011 22114278",
    "et": "SpinalDorsalHalf",
    "off": 18087,
    "sff": "dorsal"
  },
  {
    "docID": "N046 Imagama 2011 22114278",
    "et": "SpinalDorsalHalf",
    "off": 18135,
    "sff": "dorsal"
  },
  {
    "docID": "N046 Imagama 2011 22114278",
    "et": "SpinalDorsalHalf",
    "off": 8282,
    "sff": "dorsal"
  },
  {
    "docID": "N046 Imagama 2011 22114278",
    "et": "SpinalDorsalHalf",
    "off": 8267,
    "sff": "dorsal"
  },
  {
    "docID": "N046 Imagama 2011 22114278",
    "et": "Compound",
    "off": 47043,
    "sff": "compound"
  },
  {
    "docID": "N046 Imagama 2011 22114278",
    "et": "Cervical",
    "off": 54517,
    "sff": "cervical"
  },
  {
    "docID": "N046 Imagama 2011 22114278",
    "et": "Cervical",
    "off": 59545,
    "sff": "cervical"
  },
  {
    "docID": "N046 Imagama 2011 22114278",
    "et": "Cervical",
    "off": 5251,
    "sff": "cervical"
  },
  {
    "docID": "N046 Imagama 2011 22114278",
    "et": "CompleteTransectionType",
    "off": 10111,
    "sff": "complete"
  },
  {
    "docID": "N046 Imagama 2011 22114278",
    "et": "CompleteTransectionType",
    "off": 9857,
    "sff": "complete"
  },
  {
    "docID": "N046 Imagama 2011 22114278",
    "et": "CompleteTransectionType",
    "off": 37131,
    "sff": "complete"
  },
  {
    "docID": "N046 Imagama 2011 22114278",
    "et": "CompleteTransectionType",
    "off": 10380,
    "sff": "complete"
  },
  {
    "docID": "N046 Imagama 2011 22114278",
    "et": "CompleteTransectionType",
    "off": 54269,
    "sff": "complete"
  },
  {
    "docID": "N046 Imagama 2011 22114278",
    "et": "Water",
    "off": 9740,
    "sff": "water"
  },
  {
    "docID": "N046 Imagama 2011 22114278",
    "et": "Water",
    "off": 9798,
    "sff": "water"
  },
  {
    "docID": "N046 Imagama 2011 22114278",
    "et": "Water",
    "off": 9671,
    "sff": "water"
  },
  {
    "docID": "N046 Imagama 2011 22114278",
    "et": "Water",
    "off": 13285,
    "sff": "water"
  },
  {
    "docID": "N046 Imagama 2011 22114278",
    "et": "TakedaPharmaceuticalCompany",
    "off": 20239,
    "sff": "Pharmaceutical"
  },
  {
    "docID": "N046 Imagama 2011 22114278",
    "et": "ExperimentalProcedure",
    "off": 10842,
    "sff": "experimental"
  },
  {
    "docID": "N046 Imagama 2011 22114278",
    "et": "CD2_Mouse",
    "off": 55520,
    "sff": "CD,"
  },
  {
    "docID": "N046 Imagama 2011 22114278",
    "et": "BodyTemperatureMeasurement",
    "off": 13212,
    "sff": "temperature"
  },
  {
    "docID": "N046 Imagama 2011 22114278",
    "et": "BodyTemperatureMeasurement",
    "off": 23791,
    "sff": "temperature"
  },
  {
    "docID": "N046 Imagama 2011 22114278",
    "et": "BodyTemperatureMeasurement",
    "off": 14533,
    "sff": "temperature"
  },
  {
    "docID": "N046 Imagama 2011 22114278",
    "et": "BodyTemperatureMeasurement",
    "off": 15637,
    "sff": "temperature"
  },
  {
    "docID": "N046 Imagama 2011 22114278",
    "et": "BodyTemperatureMeasurement",
    "off": 7079,
    "sff": "body"
  },
  {
    "docID": "N046 Imagama 2011 22114278",
    "et": "UnilateralInjuryArea",
    "off": 59917,
    "sff": "unilateral"
  },
  {
    "docID": "N046 Imagama 2011 22114278",
    "et": "EpiduralClip",
    "off": 39931,
    "sff": "epidural"
  },
  {
    "docID": "N046 Imagama 2011 22114278",
    "et": "EpiduralClip",
    "off": 18677,
    "sff": "epidural"
  },
  {
    "docID": "N046 Imagama 2011 22114278",
    "et": "EpiduralClip",
    "off": 19845,
    "sff": "epidural"
  },
  {
    "docID": "N046 Imagama 2011 22114278",
    "et": "EpiduralClip",
    "off": 18966,
    "sff": "epidural"
  },
  {
    "docID": "N046 Imagama 2011 22114278",
    "et": "EpiduralClip",
    "off": 19651,
    "sff": "epidural"
  },
  {
    "docID": "N046 Imagama 2011 22114278",
    "et": "PartialTransectionType",
    "off": 8367,
    "sff": "partial"
  },
  {
    "docID": "N046 Imagama 2011 22114278",
    "et": "PartialTransectionType",
    "off": 61435,
    "sff": "partial"
  },
  {
    "docID": "N046 Imagama 2011 22114278",
    "et": "CorticospinalTract",
    "off": 17925,
    "sff": "corticospinal"
  },
  {
    "docID": "N046 Imagama 2011 22114278",
    "et": "CorticospinalTract",
    "off": 16546,
    "sff": "corticospinal tract"
  },
  {
    "docID": "N046 Imagama 2011 22114278",
    "et": "CorticospinalTract",
    "off": 31969,
    "sff": "corticospinal"
  },
  {
    "docID": "N046 Imagama 2011 22114278",
    "et": "CorticospinalTract",
    "off": 16487,
    "sff": "corticospinal tract"
  },
  {
    "docID": "N046 Imagama 2011 22114278",
    "et": "CorticospinalTract",
    "off": 18190,
    "sff": "corticospinal"
  },
  {
    "docID": "N046 Imagama 2011 22114278",
    "et": "CorticospinalTract",
    "off": 31742,
    "sff": "corticospinal"
  },
  {
    "docID": "N046 Imagama 2011 22114278",
    "et": "BrainDerivedNeurotrophicFactor",
    "off": 55825,
    "sff": "Brain"
  },
  {
    "docID": "N046 Imagama 2011 22114278",
    "et": "BrainDerivedNeurotrophicFactor",
    "off": 59732,
    "sff": "brain"
  },
  {
    "docID": "N046 Imagama 2011 22114278",
    "et": "BrainDerivedNeurotrophicFactor",
    "off": 64020,
    "sff": "brain"
  },
  {
    "docID": "N046 Imagama 2011 22114278",
    "et": "BrainDerivedNeurotrophicFactor",
    "off": 20858,
    "sff": "derived"
  },
  {
    "docID": "N046 Imagama 2011 22114278",
    "et": "BrainDerivedNeurotrophicFactor",
    "off": 33439,
    "sff": "brain"
  },
  {
    "docID": "N046 Imagama 2011 22114278",
    "et": "BrainDerivedNeurotrophicFactor",
    "off": 57858,
    "sff": "Brain"
  },
  {
    "docID": "N046 Imagama 2011 22114278",
    "et": "BrainDerivedNeurotrophicFactor",
    "off": 22850,
    "sff": "derived"
  },
  {
    "docID": "N046 Imagama 2011 22114278",
    "et": "BrainDerivedNeurotrophicFactor",
    "off": 6055,
    "sff": "brain"
  },
  {
    "docID": "N046 Imagama 2011 22114278",
    "et": "BrainDerivedNeurotrophicFactor",
    "off": 21387,
    "sff": "derived"
  },
  {
    "docID": "N046 Imagama 2011 22114278",
    "et": "BrainDerivedNeurotrophicFactor",
    "off": 55835,
    "sff": "Brain"
  },
  {
    "docID": "N046 Imagama 2011 22114278",
    "et": "BrainDerivedNeurotrophicFactor",
    "off": 63954,
    "sff": "brain"
  },
  {
    "docID": "N046 Imagama 2011 22114278",
    "et": "BrainDerivedNeurotrophicFactor",
    "off": 6700,
    "sff": "brain"
  },
  {
    "docID": "N046 Imagama 2011 22114278",
    "et": "BrainDerivedNeurotrophicFactor",
    "off": 56660,
    "sff": "Brain"
  },
  {
    "docID": "N046 Imagama 2011 22114278",
    "et": "CompleteInjuryArea",
    "off": 37131,
    "sff": "complete"
  },
  {
    "docID": "N046 Imagama 2011 22114278",
    "et": "CompleteInjuryArea",
    "off": 10380,
    "sff": "complete"
  },
  {
    "docID": "N046 Imagama 2011 22114278",
    "et": "CompleteInjuryArea",
    "off": 54269,
    "sff": "complete"
  },
  {
    "docID": "N046 Imagama 2011 22114278",
    "et": "CompleteInjuryArea",
    "off": 10111,
    "sff": "complete"
  },
  {
    "docID": "N046 Imagama 2011 22114278",
    "et": "CompleteInjuryArea",
    "off": 9857,
    "sff": "complete"
  },
  {
    "docID": "N046 Imagama 2011 22114278",
    "et": "ChemicalInjury",
    "off": 15430,
    "sff": "Chemical"
  }
]
