[
  {
    "docID": "N049 Wang 2011 21299884",
    "et": "RecombinantEPORhEpo",
    "off": 49529,
    "sff": "recombinant"
  },
  {
    "docID": "N049 Wang 2011 21299884",
    "et": "RecombinantEPORhEpo",
    "off": 18186,
    "sff": "recombinant"
  },
  {
    "docID": "N049 Wang 2011 21299884",
    "et": "RecombinantEPORhEpo",
    "off": 32778,
    "sff": "recombinant"
  },
  {
    "docID": "N049 Wang 2011 21299884",
    "et": "NYUImpactor",
    "off": 6870,
    "sff": "NYU impactor"
  },
  {
    "docID": "N049 Wang 2011 21299884",
    "et": "MesenchymalStemCell",
    "off": 50293,
    "sff": "stem"
  },
  {
    "docID": "N049 Wang 2011 21299884",
    "et": "DorsalInjuryArea",
    "off": 48125,
    "sff": "dorsal"
  },
  {
    "docID": "N049 Wang 2011 21299884",
    "et": "DorsalInjuryArea",
    "off": 15890,
    "sff": "dorsal"
  },
  {
    "docID": "N049 Wang 2011 21299884",
    "et": "DorsalInjuryArea",
    "off": 16353,
    "sff": "dorsal"
  },
  {
    "docID": "N049 Wang 2011 21299884",
    "et": "Intraspinal",
    "off": 46377,
    "sff": "intraspinal"
  },
  {
    "docID": "N049 Wang 2011 21299884",
    "et": "Intraspinal",
    "off": 20495,
    "sff": "intraspinal"
  },
  {
    "docID": "N049 Wang 2011 21299884",
    "et": "Intraspinal",
    "off": 32752,
    "sff": "intraspinal"
  },
  {
    "docID": "N049 Wang 2011 21299884",
    "et": "WeightDrop",
    "off": 29662,
    "sff": "weight"
  },
  {
    "docID": "N049 Wang 2011 21299884",
    "et": "NOGOReceptorAntagonist",
    "off": 58137,
    "sff": "Nogo"
  },
  {
    "docID": "N049 Wang 2011 21299884",
    "et": "NOGOReceptorAntagonist",
    "off": 51598,
    "sff": "receptor"
  },
  {
    "docID": "N049 Wang 2011 21299884",
    "et": "SpinalFiberTract",
    "off": 3621,
    "sff": "fiber"
  },
  {
    "docID": "N049 Wang 2011 21299884",
    "et": "SpinalFiberTract",
    "off": 37968,
    "sff": "fiber"
  },
  {
    "docID": "N049 Wang 2011 21299884",
    "et": "SpinalFiberTract",
    "off": 38412,
    "sff": "fiber"
  },
  {
    "docID": "N049 Wang 2011 21299884",
    "et": "DorsalHemisection",
    "off": 48125,
    "sff": "dorsal"
  },
  {
    "docID": "N049 Wang 2011 21299884",
    "et": "DorsalHemisection",
    "off": 15890,
    "sff": "dorsal"
  },
  {
    "docID": "N049 Wang 2011 21299884",
    "et": "DorsalHemisection",
    "off": 16353,
    "sff": "dorsal"
  },
  {
    "docID": "N049 Wang 2011 21299884",
    "et": "HeatLesion",
    "off": 14324,
    "sff": "heat"
  },
  {
    "docID": "N049 Wang 2011 21299884",
    "et": "HeatLesion",
    "off": 30785,
    "sff": "heat"
  },
  {
    "docID": "N049 Wang 2011 21299884",
    "et": "TyrosineHydroxylase",
    "off": 55207,
    "sff": "tyrosine"
  },
  {
    "docID": "N049 Wang 2011 21299884",
    "et": "TyrosineHydroxylase",
    "off": 54844,
    "sff": "tyrosine"
  },
  {
    "docID": "N049 Wang 2011 21299884",
    "et": "SpinalVentralHalf",
    "off": 48136,
    "sff": "ventral"
  },
  {
    "docID": "N049 Wang 2011 21299884",
    "et": "Rostral",
    "off": 16098,
    "sff": "rostral"
  },
  {
    "docID": "N049 Wang 2011 21299884",
    "et": "Rostral",
    "off": 27842,
    "sff": "rostral"
  },
  {
    "docID": "N049 Wang 2011 21299884",
    "et": "Rostral",
    "off": 36994,
    "sff": "rostral"
  },
  {
    "docID": "N049 Wang 2011 21299884",
    "et": "Rostral",
    "off": 20603,
    "sff": "rostral"
  },
  {
    "docID": "N049 Wang 2011 21299884",
    "et": "Rostral",
    "off": 48258,
    "sff": "rostral"
  },
  {
    "docID": "N049 Wang 2011 21299884",
    "et": "Rostral",
    "off": 44883,
    "sff": "rostral"
  },
  {
    "docID": "N049 Wang 2011 21299884",
    "et": "Rostral",
    "off": 14840,
    "sff": "rostral"
  },
  {
    "docID": "N049 Wang 2011 21299884",
    "et": "DorsalColumn",
    "off": 16353,
    "sff": "dorsal column"
  },
  {
    "docID": "N049 Wang 2011 21299884",
    "et": "DorsalColumn",
    "off": 48125,
    "sff": "dorsal"
  },
  {
    "docID": "N049 Wang 2011 21299884",
    "et": "DorsalColumn",
    "off": 15890,
    "sff": "dorsal"
  },
  {
    "docID": "N049 Wang 2011 21299884",
    "et": "SpragueDawleyRat",
    "off": 7658,
    "sff": "Sprague-Dawley"
  },
  {
    "docID": "N049 Wang 2011 21299884",
    "et": "SpragueDawleyRat",
    "off": 7658,
    "sff": "Sprague-Dawley rats"
  },
  {
    "docID": "N049 Wang 2011 21299884",
    "et": "SpragueDawleyRat",
    "off": 19437,
    "sff": "SpragueDawley rat"
  },
  {
    "docID": "N049 Wang 2011 21299884",
    "et": "SpragueDawleyRat",
    "off": 19437,
    "sff": "SpragueDawley"
  },
  {
    "docID": "N049 Wang 2011 21299884",
    "et": "ChondroitinaseABC",
    "off": 20192,
    "sff": "chondroitinase ABC"
  },
  {
    "docID": "N049 Wang 2011 21299884",
    "et": "ChondroitinaseABC",
    "off": 1263,
    "sff": "chondroitinase ABC"
  },
  {
    "docID": "N049 Wang 2011 21299884",
    "et": "ChondroitinaseABC",
    "off": 57574,
    "sff": "chondroitinase"
  },
  {
    "docID": "N049 Wang 2011 21299884",
    "et": "ChondroitinaseABC",
    "off": 2185,
    "sff": "chondroitinase ABC"
  },
  {
    "docID": "N049 Wang 2011 21299884",
    "et": "ChondroitinaseABC",
    "off": 15268,
    "sff": "chondroitinase ABC"
  },
  {
    "docID": "N049 Wang 2011 21299884",
    "et": "ChondroitinaseABC",
    "off": 35814,
    "sff": "chondroitinase ABC"
  },
  {
    "docID": "N049 Wang 2011 21299884",
    "et": "ChondroitinaseABC",
    "off": 58307,
    "sff": "chondroitinase ABC"
  },
  {
    "docID": "N049 Wang 2011 21299884",
    "et": "ChondroitinaseABC",
    "off": 57727,
    "sff": "Chondroitinase ABC"
  },
  {
    "docID": "N049 Wang 2011 21299884",
    "et": "Left",
    "off": 29251,
    "sff": "left"
  },
  {
    "docID": "N049 Wang 2011 21299884",
    "et": "Left",
    "off": 27939,
    "sff": "left"
  },
  {
    "docID": "N049 Wang 2011 21299884",
    "et": "SubstanceApplicationLocation",
    "off": 58292,
    "sff": "application"
  },
  {
    "docID": "N049 Wang 2011 21299884",
    "et": "InjuryDevice",
    "off": 7894,
    "sff": "device"
  },
  {
    "docID": "N049 Wang 2011 21299884",
    "et": "InjuryDevice",
    "off": 6883,
    "sff": "device"
  },
  {
    "docID": "N049 Wang 2011 21299884",
    "et": "LaminectomyType",
    "off": 7764,
    "sff": "laminectomy"
  },
  {
    "docID": "N049 Wang 2011 21299884",
    "et": "LaminectomyType",
    "off": 28006,
    "sff": "laminectomy"
  },
  {
    "docID": "N049 Wang 2011 21299884",
    "et": "C1",
    "off": 27885,
    "sff": "c1"
  },
  {
    "docID": "N049 Wang 2011 21299884",
    "et": "C1",
    "off": 44926,
    "sff": "C1"
  },
  {
    "docID": "N049 Wang 2011 21299884",
    "et": "Tissue",
    "off": 19520,
    "sff": "tissue"
  },
  {
    "docID": "N049 Wang 2011 21299884",
    "et": "Tissue",
    "off": 16836,
    "sff": "tissue"
  },
  {
    "docID": "N049 Wang 2011 21299884",
    "et": "Tissue",
    "off": 5059,
    "sff": "tissue"
  },
  {
    "docID": "N049 Wang 2011 21299884",
    "et": "Tissue",
    "off": 46851,
    "sff": "tissue"
  },
  {
    "docID": "N049 Wang 2011 21299884",
    "et": "Tissue",
    "off": 18568,
    "sff": "tissue"
  },
  {
    "docID": "N049 Wang 2011 21299884",
    "et": "Tissue",
    "off": 31694,
    "sff": "tissue"
  },
  {
    "docID": "N049 Wang 2011 21299884",
    "et": "Tissue",
    "off": 24717,
    "sff": "tissue"
  },
  {
    "docID": "N049 Wang 2011 21299884",
    "et": "Tissue",
    "off": 25676,
    "sff": "tissue"
  },
  {
    "docID": "N049 Wang 2011 21299884",
    "et": "Tissue",
    "off": 47244,
    "sff": "tissue"
  },
  {
    "docID": "N049 Wang 2011 21299884",
    "et": "Tissue",
    "off": 45515,
    "sff": "tissue"
  },
  {
    "docID": "N049 Wang 2011 21299884",
    "et": "Tissue",
    "off": 25717,
    "sff": "tissue"
  },
  {
    "docID": "N049 Wang 2011 21299884",
    "et": "Tissue",
    "off": 500,
    "sff": "tissue"
  },
  {
    "docID": "N049 Wang 2011 21299884",
    "et": "Tissue",
    "off": 42740,
    "sff": "tissue"
  },
  {
    "docID": "N049 Wang 2011 21299884",
    "et": "Tissue",
    "off": 2681,
    "sff": "tissue"
  },
  {
    "docID": "N049 Wang 2011 21299884",
    "et": "Tissue",
    "off": 17279,
    "sff": "Tissue"
  },
  {
    "docID": "N049 Wang 2011 21299884",
    "et": "Tissue",
    "off": 2491,
    "sff": "tissue"
  },
  {
    "docID": "N049 Wang 2011 21299884",
    "et": "Tissue",
    "off": 19835,
    "sff": "tissue"
  },
  {
    "docID": "N049 Wang 2011 21299884",
    "et": "Tissue",
    "off": 17372,
    "sff": "Tissue"
  },
  {
    "docID": "N049 Wang 2011 21299884",
    "et": "Tissue",
    "off": 52259,
    "sff": "tissue"
  },
  {
    "docID": "N049 Wang 2011 21299884",
    "et": "Tissue",
    "off": 58527,
    "sff": "tissue"
  },
  {
    "docID": "N049 Wang 2011 21299884",
    "et": "Tissue",
    "off": 17445,
    "sff": "tissue"
  },
  {
    "docID": "N049 Wang 2011 21299884",
    "et": "Tissue",
    "off": 16740,
    "sff": "tissue"
  },
  {
    "docID": "N049 Wang 2011 21299884",
    "et": "Tissue",
    "off": 3879,
    "sff": "tissue"
  },
  {
    "docID": "N049 Wang 2011 21299884",
    "et": "Tissue",
    "off": 26862,
    "sff": "tissue"
  },
  {
    "docID": "N049 Wang 2011 21299884",
    "et": "Tissue",
    "off": 36845,
    "sff": "tissue"
  },
  {
    "docID": "N049 Wang 2011 21299884",
    "et": "Tissue",
    "off": 208,
    "sff": "tissue"
  },
  {
    "docID": "N049 Wang 2011 21299884",
    "et": "Tissue",
    "off": 27284,
    "sff": "tissue"
  },
  {
    "docID": "N049 Wang 2011 21299884",
    "et": "Tissue",
    "off": 4952,
    "sff": "tissue"
  },
  {
    "docID": "N049 Wang 2011 21299884",
    "et": "Tissue",
    "off": 27351,
    "sff": "tissue"
  },
  {
    "docID": "N049 Wang 2011 21299884",
    "et": "Tissue",
    "off": 14749,
    "sff": "tissue"
  },
  {
    "docID": "N049 Wang 2011 21299884",
    "et": "Tissue",
    "off": 28955,
    "sff": "tissue"
  },
  {
    "docID": "N049 Wang 2011 21299884",
    "et": "C4",
    "off": 46206,
    "sff": "C4"
  },
  {
    "docID": "N049 Wang 2011 21299884",
    "et": "CatSpecies",
    "off": 1478,
    "sff": "CAT"
  },
  {
    "docID": "N049 Wang 2011 21299884",
    "et": "CatSpecies",
    "off": 32592,
    "sff": "CAT"
  },
  {
    "docID": "N049 Wang 2011 21299884",
    "et": "CatSpecies",
    "off": 14318,
    "sff": "CAT"
  },
  {
    "docID": "N049 Wang 2011 21299884",
    "et": "CatSpecies",
    "off": 18334,
    "sff": "CAT"
  },
  {
    "docID": "N049 Wang 2011 21299884",
    "et": "CatSpecies",
    "off": 24078,
    "sff": "CAT"
  },
  {
    "docID": "N049 Wang 2011 21299884",
    "et": "CatSpecies",
    "off": 24667,
    "sff": "CAT"
  },
  {
    "docID": "N049 Wang 2011 21299884",
    "et": "CatSpecies",
    "off": 32171,
    "sff": "CAT"
  },
  {
    "docID": "N049 Wang 2011 21299884",
    "et": "CatSpecies",
    "off": 41819,
    "sff": "CAT"
  },
  {
    "docID": "N049 Wang 2011 21299884",
    "et": "CatSpecies",
    "off": 44284,
    "sff": "CAT"
  },
  {
    "docID": "N049 Wang 2011 21299884",
    "et": "CatSpecies",
    "off": 39416,
    "sff": "CAT"
  },
  {
    "docID": "N049 Wang 2011 21299884",
    "et": "InjectionDelivery",
    "off": 28609,
    "sff": "injection"
  },
  {
    "docID": "N049 Wang 2011 21299884",
    "et": "InjectionDelivery",
    "off": 32765,
    "sff": "injection"
  },
  {
    "docID": "N049 Wang 2011 21299884",
    "et": "InjectionDelivery",
    "off": 37341,
    "sff": "injection"
  },
  {
    "docID": "N049 Wang 2011 21299884",
    "et": "InjectionDelivery",
    "off": 20507,
    "sff": "injection"
  },
  {
    "docID": "N049 Wang 2011 21299884",
    "et": "InjectionDelivery",
    "off": 24858,
    "sff": "injection"
  },
  {
    "docID": "N049 Wang 2011 21299884",
    "et": "InjectionDelivery",
    "off": 46389,
    "sff": "injection"
  },
  {
    "docID": "N049 Wang 2011 21299884",
    "et": "InjectionDelivery",
    "off": 20659,
    "sff": "injection"
  },
  {
    "docID": "N049 Wang 2011 21299884",
    "et": "InjectionDelivery",
    "off": 20436,
    "sff": "injection"
  },
  {
    "docID": "N049 Wang 2011 21299884",
    "et": "InjectionDelivery",
    "off": 20402,
    "sff": "injection"
  },
  {
    "docID": "N049 Wang 2011 21299884",
    "et": "InjectionDelivery",
    "off": 20463,
    "sff": "injection"
  },
  {
    "docID": "N049 Wang 2011 21299884",
    "et": "InjectionDelivery",
    "off": 45583,
    "sff": "injection"
  },
  {
    "docID": "N049 Wang 2011 21299884",
    "et": "InjectionDelivery",
    "off": 46253,
    "sff": "injection"
  },
  {
    "docID": "N049 Wang 2011 21299884",
    "et": "InjectionDelivery",
    "off": 48203,
    "sff": "injection"
  },
  {
    "docID": "N049 Wang 2011 21299884",
    "et": "InjectionDelivery",
    "off": 20179,
    "sff": "Injection"
  },
  {
    "docID": "N049 Wang 2011 21299884",
    "et": "SpinalLesionSite",
    "off": 48273,
    "sff": "lesion"
  },
  {
    "docID": "N049 Wang 2011 21299884",
    "et": "SpinalLesionSite",
    "off": 22926,
    "sff": "lesion"
  },
  {
    "docID": "N049 Wang 2011 21299884",
    "et": "SpinalLesionSite",
    "off": 7050,
    "sff": "lesion"
  },
  {
    "docID": "N049 Wang 2011 21299884",
    "et": "SpinalLesionSite",
    "off": 23946,
    "sff": "lesion"
  },
  {
    "docID": "N049 Wang 2011 21299884",
    "et": "SpinalLesionSite",
    "off": 47171,
    "sff": "lesion"
  },
  {
    "docID": "N049 Wang 2011 21299884",
    "et": "SpinalLesionSite",
    "off": 47491,
    "sff": "lesion"
  },
  {
    "docID": "N049 Wang 2011 21299884",
    "et": "SpinalLesionSite",
    "off": 2018,
    "sff": "lesion"
  },
  {
    "docID": "N049 Wang 2011 21299884",
    "et": "SpinalLesionSite",
    "off": 21664,
    "sff": "lesion"
  },
  {
    "docID": "N049 Wang 2011 21299884",
    "et": "SpinalLesionSite",
    "off": 23200,
    "sff": "lesion"
  },
  {
    "docID": "N049 Wang 2011 21299884",
    "et": "SpinalLesionSite",
    "off": 23518,
    "sff": "lesion"
  },
  {
    "docID": "N049 Wang 2011 21299884",
    "et": "SpinalLesionSite",
    "off": 37021,
    "sff": "lesion"
  },
  {
    "docID": "N049 Wang 2011 21299884",
    "et": "SpinalLesionSite",
    "off": 20630,
    "sff": "lesion"
  },
  {
    "docID": "N049 Wang 2011 21299884",
    "et": "SpinalLesionSite",
    "off": 21806,
    "sff": "lesion"
  },
  {
    "docID": "N049 Wang 2011 21299884",
    "et": "SpinalLesionSite",
    "off": 27502,
    "sff": "lesion"
  },
  {
    "docID": "N049 Wang 2011 21299884",
    "et": "SpinalLesionSite",
    "off": 36100,
    "sff": "lesion site"
  },
  {
    "docID": "N049 Wang 2011 21299884",
    "et": "SpinalLesionSite",
    "off": 28072,
    "sff": "lesion"
  },
  {
    "docID": "N049 Wang 2011 21299884",
    "et": "SpinalLesionSite",
    "off": 26087,
    "sff": "lesion"
  },
  {
    "docID": "N049 Wang 2011 21299884",
    "et": "SpinalLesionSite",
    "off": 47716,
    "sff": "lesion"
  },
  {
    "docID": "N049 Wang 2011 21299884",
    "et": "SpinalLesionSite",
    "off": 47616,
    "sff": "lesion"
  },
  {
    "docID": "N049 Wang 2011 21299884",
    "et": "SpinalLesionSite",
    "off": 27133,
    "sff": "lesion"
  },
  {
    "docID": "N049 Wang 2011 21299884",
    "et": "SpinalLesionSite",
    "off": 956,
    "sff": "lesion"
  },
  {
    "docID": "N049 Wang 2011 21299884",
    "et": "SpinalLesionSite",
    "off": 522,
    "sff": "lesion site"
  },
  {
    "docID": "N049 Wang 2011 21299884",
    "et": "SpinalLesionSite",
    "off": 47415,
    "sff": "lesion"
  },
  {
    "docID": "N049 Wang 2011 21299884",
    "et": "SpinalLesionSite",
    "off": 23731,
    "sff": "lesion"
  },
  {
    "docID": "N049 Wang 2011 21299884",
    "et": "SpinalLesionSite",
    "off": 25011,
    "sff": "lesion"
  },
  {
    "docID": "N049 Wang 2011 21299884",
    "et": "SpinalLesionSite",
    "off": 26803,
    "sff": "lesion"
  },
  {
    "docID": "N049 Wang 2011 21299884",
    "et": "Weight",
    "off": 7679,
    "sff": "250 g ± 30"
  },
  {
    "docID": "N049 Wang 2011 21299884",
    "et": "Weight",
    "off": 7802,
    "sff": "10-g"
  },
  {
    "docID": "N049 Wang 2011 21299884",
    "et": "Weight",
    "off": 11332,
    "sff": "6 and 0.16 g"
  },
  {
    "docID": "N049 Wang 2011 21299884",
    "et": "Weight",
    "off": 15954,
    "sff": "10-gm"
  },
  {
    "docID": "N049 Wang 2011 21299884",
    "et": "Weight",
    "off": 11318,
    "sff": "0.1 g"
  },
  {
    "docID": "N049 Wang 2011 21299884",
    "et": "Weight",
    "off": 35304,
    "sff": "4G"
  },
  {
    "docID": "N049 Wang 2011 21299884",
    "et": "T9",
    "off": 38900,
    "sff": "T9"
  },
  {
    "docID": "N049 Wang 2011 21299884",
    "et": "T9",
    "off": 7792,
    "sff": "T9"
  },
  {
    "docID": "N049 Wang 2011 21299884",
    "et": "MASCISImpactor",
    "off": 53007,
    "sff": "MASCIS"
  },
  {
    "docID": "N049 Wang 2011 21299884",
    "et": "AnimalCareCondition",
    "off": 8342,
    "sff": "Care"
  },
  {
    "docID": "N049 Wang 2011 21299884",
    "et": "AnimalCareCondition",
    "off": 8182,
    "sff": "care"
  },
  {
    "docID": "N049 Wang 2011 21299884",
    "et": "AnimalCareCondition",
    "off": 20853,
    "sff": "care"
  },
  {
    "docID": "N049 Wang 2011 21299884",
    "et": "AnimalCareCondition",
    "off": 8272,
    "sff": "Care"
  },
  {
    "docID": "N049 Wang 2011 21299884",
    "et": "LateralHemisection",
    "off": 56694,
    "sff": "lateral"
  },
  {
    "docID": "N049 Wang 2011 21299884",
    "et": "LateralHemisection",
    "off": 43470,
    "sff": "lateral"
  },
  {
    "docID": "N049 Wang 2011 21299884",
    "et": "Contusion",
    "off": 6929,
    "sff": "contusion"
  },
  {
    "docID": "N049 Wang 2011 21299884",
    "et": "Contusion",
    "off": 57537,
    "sff": "contusion"
  },
  {
    "docID": "N049 Wang 2011 21299884",
    "et": "Contusion",
    "off": 52472,
    "sff": "contusion"
  },
  {
    "docID": "N049 Wang 2011 21299884",
    "et": "Contusion",
    "off": 53820,
    "sff": "contusion"
  },
  {
    "docID": "N049 Wang 2011 21299884",
    "et": "Contusion",
    "off": 52638,
    "sff": "contusion"
  },
  {
    "docID": "N049 Wang 2011 21299884",
    "et": "Dosage",
    "off": 19729,
    "sff": "50 mg/ml"
  },
  {
    "docID": "N049 Wang 2011 21299884",
    "et": "Dosage",
    "off": 16636,
    "sff": "30%"
  },
  {
    "docID": "N049 Wang 2011 21299884",
    "et": "Dosage",
    "off": 9231,
    "sff": "0.2%"
  },
  {
    "docID": "N049 Wang 2011 21299884",
    "et": "Dosage",
    "off": 11432,
    "sff": "50 mM"
  },
  {
    "docID": "N049 Wang 2011 21299884",
    "et": "Dosage",
    "off": 9793,
    "sff": "2 ml"
  },
  {
    "docID": "N049 Wang 2011 21299884",
    "et": "Dosage",
    "off": 19706,
    "sff": "50 U/ml"
  },
  {
    "docID": "N049 Wang 2011 21299884",
    "et": "Dosage",
    "off": 10091,
    "sff": "10%"
  },
  {
    "docID": "N049 Wang 2011 21299884",
    "et": "Dosage",
    "off": 10244,
    "sff": "0.5%"
  },
  {
    "docID": "N049 Wang 2011 21299884",
    "et": "Dosage",
    "off": 19696,
    "sff": "10%"
  },
  {
    "docID": "N049 Wang 2011 21299884",
    "et": "Dosage",
    "off": 15981,
    "sff": "25 mm"
  },
  {
    "docID": "N049 Wang 2011 21299884",
    "et": "Dosage",
    "off": 20598,
    "sff": "1 mm"
  },
  {
    "docID": "N049 Wang 2011 21299884",
    "et": "Dosage",
    "off": 11542,
    "sff": "25 mM"
  },
  {
    "docID": "N049 Wang 2011 21299884",
    "et": "Dosage",
    "off": 16477,
    "sff": "4%"
  },
  {
    "docID": "N049 Wang 2011 21299884",
    "et": "Dosage",
    "off": 16001,
    "sff": "5-µl"
  },
  {
    "docID": "N049 Wang 2011 21299884",
    "et": "Dosage",
    "off": 9279,
    "sff": "50 mM"
  },
  {
    "docID": "N049 Wang 2011 21299884",
    "et": "Dosage",
    "off": 11795,
    "sff": "25 mM"
  },
  {
    "docID": "N049 Wang 2011 21299884",
    "et": "Dosage",
    "off": 16687,
    "sff": "4 mm"
  },
  {
    "docID": "N049 Wang 2011 21299884",
    "et": "Dosage",
    "off": 16996,
    "sff": "4%"
  },
  {
    "docID": "N049 Wang 2011 21299884",
    "et": "Dosage",
    "off": 9221,
    "sff": "4%"
  },
  {
    "docID": "N049 Wang 2011 21299884",
    "et": "Dosage",
    "off": 9870,
    "sff": "20%"
  },
  {
    "docID": "N049 Wang 2011 21299884",
    "et": "Dosage",
    "off": 7802,
    "sff": "10-g"
  },
  {
    "docID": "N049 Wang 2011 21299884",
    "et": "Dosage",
    "off": 13444,
    "sff": "10%"
  },
  {
    "docID": "N049 Wang 2011 21299884",
    "et": "Dosage",
    "off": 21846,
    "sff": "5 mm"
  },
  {
    "docID": "N049 Wang 2011 21299884",
    "et": "Dosage",
    "off": 35304,
    "sff": "4G"
  },
  {
    "docID": "N049 Wang 2011 21299884",
    "et": "Dosage",
    "off": 10000,
    "sff": "0.025 g/ml"
  },
  {
    "docID": "N049 Wang 2011 21299884",
    "et": "Dosage",
    "off": 20534,
    "sff": "0.06 U"
  },
  {
    "docID": "N049 Wang 2011 21299884",
    "et": "Dosage",
    "off": 48253,
    "sff": "1 mm"
  },
  {
    "docID": "N049 Wang 2011 21299884",
    "et": "Dosage",
    "off": 9983,
    "sff": "20%"
  },
  {
    "docID": "N049 Wang 2011 21299884",
    "et": "Dosage",
    "off": 16144,
    "sff": "2 µl"
  },
  {
    "docID": "N049 Wang 2011 21299884",
    "et": "Dosage",
    "off": 18672,
    "sff": "3%"
  },
  {
    "docID": "N049 Wang 2011 21299884",
    "et": "Dosage",
    "off": 48379,
    "sff": "4%"
  },
  {
    "docID": "N049 Wang 2011 21299884",
    "et": "Dosage",
    "off": 17160,
    "sff": "30%"
  },
  {
    "docID": "N049 Wang 2011 21299884",
    "et": "Dosage",
    "off": 11445,
    "sff": "25 mM"
  },
  {
    "docID": "N049 Wang 2011 21299884",
    "et": "Dosage",
    "off": 7871,
    "sff": "50 mm"
  },
  {
    "docID": "N049 Wang 2011 21299884",
    "et": "Dosage",
    "off": 14780,
    "sff": "5 mm"
  },
  {
    "docID": "N049 Wang 2011 21299884",
    "et": "Dosage",
    "off": 28620,
    "sff": "0.06 U"
  },
  {
    "docID": "N049 Wang 2011 21299884",
    "et": "Dosage",
    "off": 16337,
    "sff": "0.8 mm"
  },
  {
    "docID": "N049 Wang 2011 21299884",
    "et": "Dosage",
    "off": 16713,
    "sff": "3 mm"
  },
  {
    "docID": "N049 Wang 2011 21299884",
    "et": "Dosage",
    "off": 16967,
    "sff": "0.9%"
  },
  {
    "docID": "N049 Wang 2011 21299884",
    "et": "Dosage",
    "off": 22184,
    "sff": "10%"
  },
  {
    "docID": "N049 Wang 2011 21299884",
    "et": "Dosage",
    "off": 15213,
    "sff": "30 µg"
  },
  {
    "docID": "N049 Wang 2011 21299884",
    "et": "Dosage",
    "off": 11528,
    "sff": "100 mM"
  },
  {
    "docID": "N049 Wang 2011 21299884",
    "et": "Dosage",
    "off": 15027,
    "sff": "40 mM"
  },
  {
    "docID": "N049 Wang 2011 21299884",
    "et": "Dosage",
    "off": 17618,
    "sff": "5%"
  },
  {
    "docID": "N049 Wang 2011 21299884",
    "et": "Dosage",
    "off": 22103,
    "sff": "200 µg"
  },
  {
    "docID": "N049 Wang 2011 21299884",
    "et": "Dosage",
    "off": 20395,
    "sff": "0.03 U"
  },
  {
    "docID": "N049 Wang 2011 21299884",
    "et": "Dosage",
    "off": 11318,
    "sff": "0.1 g"
  },
  {
    "docID": "N049 Wang 2011 21299884",
    "et": "Dosage",
    "off": 13399,
    "sff": "30 µg"
  },
  {
    "docID": "N049 Wang 2011 21299884",
    "et": "Dosage",
    "off": 7679,
    "sff": "250 g"
  },
  {
    "docID": "N049 Wang 2011 21299884",
    "et": "Dosage",
    "off": 8712,
    "sff": "0.2 ml"
  },
  {
    "docID": "N049 Wang 2011 21299884",
    "et": "Dosage",
    "off": 11338,
    "sff": "0.16 g"
  },
  {
    "docID": "N049 Wang 2011 21299884",
    "et": "Dosage",
    "off": 9020,
    "sff": "10%"
  },
  {
    "docID": "N049 Wang 2011 21299884",
    "et": "Dosage",
    "off": 9543,
    "sff": "200 µg"
  },
  {
    "docID": "N049 Wang 2011 21299884",
    "et": "Dosage",
    "off": 15258,
    "sff": "0.03 U"
  },
  {
    "docID": "N049 Wang 2011 21299884",
    "et": "Dosage",
    "off": 8136,
    "sff": "80 mg/kg"
  },
  {
    "docID": "N049 Wang 2011 21299884",
    "et": "Dosage",
    "off": 15014,
    "sff": "40 mM"
  },
  {
    "docID": "N049 Wang 2011 21299884",
    "et": "Dosage",
    "off": 17889,
    "sff": "1 µg/ml"
  },
  {
    "docID": "N049 Wang 2011 21299884",
    "et": "Dosage",
    "off": 16093,
    "sff": "2 mm"
  },
  {
    "docID": "N049 Wang 2011 21299884",
    "et": "Dosage",
    "off": 9975,
    "sff": "2%"
  },
  {
    "docID": "N049 Wang 2011 21299884",
    "et": "Dosage",
    "off": 27836,
    "sff": "1 mm"
  },
  {
    "docID": "N049 Wang 2011 21299884",
    "et": "Dosage",
    "off": 9887,
    "sff": "0.02 g/ml"
  },
  {
    "docID": "N049 Wang 2011 21299884",
    "et": "Dosage",
    "off": 8456,
    "sff": "5 mm"
  },
  {
    "docID": "N049 Wang 2011 21299884",
    "et": "Dosage",
    "off": 10286,
    "sff": "0.01%"
  },
  {
    "docID": "N049 Wang 2011 21299884",
    "et": "Dosage",
    "off": 15316,
    "sff": "10%"
  },
  {
    "docID": "N049 Wang 2011 21299884",
    "et": "Dosage",
    "off": 20355,
    "sff": "3 µl"
  },
  {
    "docID": "N049 Wang 2011 21299884",
    "et": "Dosage",
    "off": 9513,
    "sff": "200 µl"
  },
  {
    "docID": "N049 Wang 2011 21299884",
    "et": "Dosage",
    "off": 8782,
    "sff": "40 mM"
  },
  {
    "docID": "N049 Wang 2011 21299884",
    "et": "Dosage",
    "off": 19546,
    "sff": "0.0025%"
  },
  {
    "docID": "N049 Wang 2011 21299884",
    "et": "Dosage",
    "off": 11364,
    "sff": "10 ml"
  },
  {
    "docID": "N049 Wang 2011 21299884",
    "et": "Dosage",
    "off": 8770,
    "sff": "40 mM"
  },
  {
    "docID": "N049 Wang 2011 21299884",
    "et": "Dosage",
    "off": 16575,
    "sff": "4%"
  },
  {
    "docID": "N049 Wang 2011 21299884",
    "et": "Dosage",
    "off": 17088,
    "sff": "4%"
  },
  {
    "docID": "N049 Wang 2011 21299884",
    "et": "Dosage",
    "off": 9862,
    "sff": "2%"
  },
  {
    "docID": "N049 Wang 2011 21299884",
    "et": "Dosage",
    "off": 28602,
    "sff": "0.03 U"
  },
  {
    "docID": "N049 Wang 2011 21299884",
    "et": "Right",
    "off": 37639,
    "sff": "right"
  },
  {
    "docID": "N049 Wang 2011 21299884",
    "et": "Right",
    "off": 28143,
    "sff": "right"
  },
  {
    "docID": "N049 Wang 2011 21299884",
    "et": "Right",
    "off": 29286,
    "sff": "right"
  },
  {
    "docID": "N049 Wang 2011 21299884",
    "et": "Right",
    "off": 32629,
    "sff": "right"
  },
  {
    "docID": "N049 Wang 2011 21299884",
    "et": "Right",
    "off": 2580,
    "sff": "right"
  },
  {
    "docID": "N049 Wang 2011 21299884",
    "et": "Right",
    "off": 20292,
    "sff": "right"
  },
  {
    "docID": "N049 Wang 2011 21299884",
    "et": "Vehicle",
    "off": 28570,
    "sff": "vehicle"
  },
  {
    "docID": "N049 Wang 2011 21299884",
    "et": "Vehicle",
    "off": 20963,
    "sff": "vehicle"
  },
  {
    "docID": "N049 Wang 2011 21299884",
    "et": "Vehicle",
    "off": 20368,
    "sff": "vehicle"
  },
  {
    "docID": "N049 Wang 2011 21299884",
    "et": "BladderExpression",
    "off": 8061,
    "sff": "bladder"
  },
  {
    "docID": "N049 Wang 2011 21299884",
    "et": "PBS",
    "off": 20363,
    "sff": "PBS"
  },
  {
    "docID": "N049 Wang 2011 21299884",
    "et": "PBS",
    "off": 17145,
    "sff": "PBS"
  },
  {
    "docID": "N049 Wang 2011 21299884",
    "et": "PBS",
    "off": 18615,
    "sff": "PBS"
  },
  {
    "docID": "N049 Wang 2011 21299884",
    "et": "PBS",
    "off": 16132,
    "sff": "PBS"
  },
  {
    "docID": "N049 Wang 2011 21299884",
    "et": "PBS",
    "off": 17603,
    "sff": "PBS"
  },
  {
    "docID": "N049 Wang 2011 21299884",
    "et": "PBS",
    "off": 16656,
    "sff": "PBS"
  },
  {
    "docID": "N049 Wang 2011 21299884",
    "et": "StemCell",
    "off": 50293,
    "sff": "stem"
  },
  {
    "docID": "N049 Wang 2011 21299884",
    "et": "Duration",
    "off": 9646,
    "sff": "0.5 h"
  },
  {
    "docID": "N049 Wang 2011 21299884",
    "et": "Duration",
    "off": 17726,
    "sff": "1 hr"
  },
  {
    "docID": "N049 Wang 2011 21299884",
    "et": "Duration",
    "off": 28669,
    "sff": "3 day"
  },
  {
    "docID": "N049 Wang 2011 21299884",
    "et": "Duration",
    "off": 12443,
    "sff": "39 (2465.1983 m"
  },
  {
    "docID": "N049 Wang 2011 21299884",
    "et": "Duration",
    "off": 15246,
    "sff": "3-5 h"
  },
  {
    "docID": "N049 Wang 2011 21299884",
    "et": "Duration",
    "off": 22972,
    "sff": "1 day"
  },
  {
    "docID": "N049 Wang 2011 21299884",
    "et": "Duration",
    "off": 48794,
    "sff": "96-2120-M"
  },
  {
    "docID": "N049 Wang 2011 21299884",
    "et": "Duration",
    "off": 41348,
    "sff": "24 h"
  },
  {
    "docID": "N049 Wang 2011 21299884",
    "et": "Duration",
    "off": 11406,
    "sff": "10 minutes"
  },
  {
    "docID": "N049 Wang 2011 21299884",
    "et": "Duration",
    "off": 16600,
    "sff": "3-4 days"
  },
  {
    "docID": "N049 Wang 2011 21299884",
    "et": "Duration",
    "off": 26473,
    "sff": "24 hours"
  },
  {
    "docID": "N049 Wang 2011 21299884",
    "et": "Duration",
    "off": 9950,
    "sff": "0.375 M"
  },
  {
    "docID": "N049 Wang 2011 21299884",
    "et": "Duration",
    "off": 17947,
    "sff": "1 min"
  },
  {
    "docID": "N049 Wang 2011 21299884",
    "et": "Duration",
    "off": 27727,
    "sff": "1 day"
  },
  {
    "docID": "N049 Wang 2011 21299884",
    "et": "Duration",
    "off": 23246,
    "sff": "1 day"
  },
  {
    "docID": "N049 Wang 2011 21299884",
    "et": "Duration",
    "off": 18775,
    "sff": "1.5 hours"
  },
  {
    "docID": "N049 Wang 2011 21299884",
    "et": "Duration",
    "off": 16664,
    "sff": "1 day"
  },
  {
    "docID": "N049 Wang 2011 21299884",
    "et": "Duration",
    "off": 17182,
    "sff": "3 days"
  },
  {
    "docID": "N049 Wang 2011 21299884",
    "et": "Duration",
    "off": 12553,
    "sff": "920-3500 m"
  },
  {
    "docID": "N049 Wang 2011 21299884",
    "et": "Duration",
    "off": 6400,
    "sff": "2 weeks"
  },
  {
    "docID": "N049 Wang 2011 21299884",
    "et": "Duration",
    "off": 37496,
    "sff": "2-3 days"
  },
  {
    "docID": "N049 Wang 2011 21299884",
    "et": "Duration",
    "off": 9837,
    "sff": "0.375 M"
  },
  {
    "docID": "N049 Wang 2011 21299884",
    "et": "Duration",
    "off": 15534,
    "sff": "1 h"
  },
  {
    "docID": "N049 Wang 2011 21299884",
    "et": "Duration",
    "off": 40350,
    "sff": "2D"
  },
  {
    "docID": "N049 Wang 2011 21299884",
    "et": "Duration",
    "off": 9664,
    "sff": "1 h"
  },
  {
    "docID": "N049 Wang 2011 21299884",
    "et": "Duration",
    "off": 9628,
    "sff": "0.5 h"
  },
  {
    "docID": "N049 Wang 2011 21299884",
    "et": "Duration",
    "off": 8919,
    "sff": "30 min"
  },
  {
    "docID": "N049 Wang 2011 21299884",
    "et": "Duration",
    "off": 12406,
    "sff": "1570.6774 m"
  },
  {
    "docID": "N049 Wang 2011 21299884",
    "et": "Duration",
    "off": 13762,
    "sff": "1 h"
  },
  {
    "docID": "N049 Wang 2011 21299884",
    "et": "Duration",
    "off": 16394,
    "sff": "20 min"
  },
  {
    "docID": "N049 Wang 2011 21299884",
    "et": "Duration",
    "off": 9680,
    "sff": "1 h"
  },
  {
    "docID": "N049 Wang 2011 21299884",
    "et": "Duration",
    "off": 9709,
    "sff": "3 h"
  },
  {
    "docID": "N049 Wang 2011 21299884",
    "et": "Duration",
    "off": 9964,
    "sff": "6 M"
  },
  {
    "docID": "N049 Wang 2011 21299884",
    "et": "Duration",
    "off": 12365,
    "sff": "1046.5418 m"
  },
  {
    "docID": "N049 Wang 2011 21299884",
    "et": "Duration",
    "off": 6292,
    "sff": "8 hour"
  },
  {
    "docID": "N049 Wang 2011 21299884",
    "et": "Duration",
    "off": 11844,
    "sff": "16 h"
  },
  {
    "docID": "N049 Wang 2011 21299884",
    "et": "Duration",
    "off": 26109,
    "sff": "1 day"
  },
  {
    "docID": "N049 Wang 2011 21299884",
    "et": "Duration",
    "off": 8839,
    "sff": "30 min"
  },
  {
    "docID": "N049 Wang 2011 21299884",
    "et": "Duration",
    "off": 12916,
    "sff": "0.15 m"
  },
  {
    "docID": "N049 Wang 2011 21299884",
    "et": "Duration",
    "off": 48345,
    "sff": "7 days"
  },
  {
    "docID": "N049 Wang 2011 21299884",
    "et": "Duration",
    "off": 9851,
    "sff": "6 M"
  },
  {
    "docID": "N049 Wang 2011 21299884",
    "et": "Duration",
    "off": 34299,
    "sff": "4D"
  },
  {
    "docID": "N049 Wang 2011 21299884",
    "et": "Duration",
    "off": 9914,
    "sff": "15 min"
  },
  {
    "docID": "N049 Wang 2011 21299884",
    "et": "Duration",
    "off": 10043,
    "sff": "15 min"
  },
  {
    "docID": "N049 Wang 2011 21299884",
    "et": "Duration",
    "off": 21160,
    "sff": "4 min"
  },
  {
    "docID": "N049 Wang 2011 21299884",
    "et": "Duration",
    "off": 16500,
    "sff": "0.1 M"
  },
  {
    "docID": "N049 Wang 2011 21299884",
    "et": "Duration",
    "off": 20744,
    "sff": "2 min"
  },
  {
    "docID": "N049 Wang 2011 21299884",
    "et": "Duration",
    "off": 37512,
    "sff": "31 days"
  },
  {
    "docID": "N049 Wang 2011 21299884",
    "et": "Duration",
    "off": 17019,
    "sff": "0.1 M"
  },
  {
    "docID": "N049 Wang 2011 21299884",
    "et": "Duration",
    "off": 41953,
    "sff": "1 day"
  },
  {
    "docID": "N049 Wang 2011 21299884",
    "et": "Duration",
    "off": 42573,
    "sff": "3 and 7 day"
  },
  {
    "docID": "N049 Wang 2011 21299884",
    "et": "Duration",
    "off": 10718,
    "sff": "2D"
  },
  {
    "docID": "N049 Wang 2011 21299884",
    "et": "Duration",
    "off": 19888,
    "sff": "2-3 days"
  },
  {
    "docID": "N049 Wang 2011 21299884",
    "et": "Duration",
    "off": 17820,
    "sff": "45 min"
  },
  {
    "docID": "N049 Wang 2011 21299884",
    "et": "Duration",
    "off": 9211,
    "sff": "8 M"
  },
  {
    "docID": "N049 Wang 2011 21299884",
    "et": "Duration",
    "off": 48295,
    "sff": "10 minutes"
  },
  {
    "docID": "N049 Wang 2011 21299884",
    "et": "Duration",
    "off": 9570,
    "sff": "12 h"
  },
  {
    "docID": "N049 Wang 2011 21299884",
    "et": "Duration",
    "off": 29780,
    "sff": "2D"
  },
  {
    "docID": "N049 Wang 2011 21299884",
    "et": "VentricularLocation",
    "off": 46141,
    "sff": "ventricular"
  },
  {
    "docID": "N049 Wang 2011 21299884",
    "et": "LesionAdjacentTissue",
    "off": 26087,
    "sff": "lesion"
  },
  {
    "docID": "N049 Wang 2011 21299884",
    "et": "LesionAdjacentTissue",
    "off": 28072,
    "sff": "lesion"
  },
  {
    "docID": "N049 Wang 2011 21299884",
    "et": "LesionAdjacentTissue",
    "off": 21806,
    "sff": "lesion"
  },
  {
    "docID": "N049 Wang 2011 21299884",
    "et": "LesionAdjacentTissue",
    "off": 27502,
    "sff": "lesion"
  },
  {
    "docID": "N049 Wang 2011 21299884",
    "et": "LesionAdjacentTissue",
    "off": 23731,
    "sff": "lesion"
  },
  {
    "docID": "N049 Wang 2011 21299884",
    "et": "LesionAdjacentTissue",
    "off": 25011,
    "sff": "lesion"
  },
  {
    "docID": "N049 Wang 2011 21299884",
    "et": "LesionAdjacentTissue",
    "off": 26803,
    "sff": "lesion"
  },
  {
    "docID": "N049 Wang 2011 21299884",
    "et": "LesionAdjacentTissue",
    "off": 20630,
    "sff": "lesion"
  },
  {
    "docID": "N049 Wang 2011 21299884",
    "et": "LesionAdjacentTissue",
    "off": 37021,
    "sff": "lesion"
  },
  {
    "docID": "N049 Wang 2011 21299884",
    "et": "LesionAdjacentTissue",
    "off": 23518,
    "sff": "lesion"
  },
  {
    "docID": "N049 Wang 2011 21299884",
    "et": "LesionAdjacentTissue",
    "off": 21664,
    "sff": "lesion"
  },
  {
    "docID": "N049 Wang 2011 21299884",
    "et": "LesionAdjacentTissue",
    "off": 23200,
    "sff": "lesion"
  },
  {
    "docID": "N049 Wang 2011 21299884",
    "et": "LesionAdjacentTissue",
    "off": 47716,
    "sff": "lesion"
  },
  {
    "docID": "N049 Wang 2011 21299884",
    "et": "LesionAdjacentTissue",
    "off": 2018,
    "sff": "lesion"
  },
  {
    "docID": "N049 Wang 2011 21299884",
    "et": "LesionAdjacentTissue",
    "off": 522,
    "sff": "lesion"
  },
  {
    "docID": "N049 Wang 2011 21299884",
    "et": "LesionAdjacentTissue",
    "off": 7050,
    "sff": "lesion"
  },
  {
    "docID": "N049 Wang 2011 21299884",
    "et": "LesionAdjacentTissue",
    "off": 23946,
    "sff": "lesion"
  },
  {
    "docID": "N049 Wang 2011 21299884",
    "et": "LesionAdjacentTissue",
    "off": 22926,
    "sff": "lesion"
  },
  {
    "docID": "N049 Wang 2011 21299884",
    "et": "LesionAdjacentTissue",
    "off": 48273,
    "sff": "lesion"
  },
  {
    "docID": "N049 Wang 2011 21299884",
    "et": "LesionAdjacentTissue",
    "off": 14867,
    "sff": "adjacent"
  },
  {
    "docID": "N049 Wang 2011 21299884",
    "et": "LesionAdjacentTissue",
    "off": 47415,
    "sff": "lesion"
  },
  {
    "docID": "N049 Wang 2011 21299884",
    "et": "LesionAdjacentTissue",
    "off": 27133,
    "sff": "lesion"
  },
  {
    "docID": "N049 Wang 2011 21299884",
    "et": "LesionAdjacentTissue",
    "off": 956,
    "sff": "lesion"
  },
  {
    "docID": "N049 Wang 2011 21299884",
    "et": "LesionAdjacentTissue",
    "off": 47616,
    "sff": "lesion"
  },
  {
    "docID": "N049 Wang 2011 21299884",
    "et": "LesionAdjacentTissue",
    "off": 36100,
    "sff": "lesion"
  },
  {
    "docID": "N049 Wang 2011 21299884",
    "et": "LesionAdjacentTissue",
    "off": 47171,
    "sff": "lesion"
  },
  {
    "docID": "N049 Wang 2011 21299884",
    "et": "LesionAdjacentTissue",
    "off": 47491,
    "sff": "lesion"
  },
  {
    "docID": "N049 Wang 2011 21299884",
    "et": "SevereInjury",
    "off": 14938,
    "sff": "severe"
  },
  {
    "docID": "N049 Wang 2011 21299884",
    "et": "SevereInjury",
    "off": 7878,
    "sff": "severe"
  },
  {
    "docID": "N049 Wang 2011 21299884",
    "et": "SevereInjury",
    "off": 8516,
    "sff": "severe"
  },
  {
    "docID": "N049 Wang 2011 21299884",
    "et": "SevereInjury",
    "off": 20243,
    "sff": "severe"
  },
  {
    "docID": "N049 Wang 2011 21299884",
    "et": "SevereInjury",
    "off": 2512,
    "sff": "severe"
  },
  {
    "docID": "N049 Wang 2011 21299884",
    "et": "SevereInjury",
    "off": 1023,
    "sff": "severe"
  },
  {
    "docID": "N049 Wang 2011 21299884",
    "et": "SevereInjury",
    "off": 38879,
    "sff": "severe"
  },
  {
    "docID": "N049 Wang 2011 21299884",
    "et": "SevereInjury",
    "off": 6910,
    "sff": "severe"
  },
  {
    "docID": "N049 Wang 2011 21299884",
    "et": "SevereInjury",
    "off": 41502,
    "sff": "severe"
  },
  {
    "docID": "N049 Wang 2011 21299884",
    "et": "SevereInjury",
    "off": 45646,
    "sff": "severe"
  },
  {
    "docID": "N049 Wang 2011 21299884",
    "et": "CentralNervousSystem",
    "off": 3040,
    "sff": "Central"
  },
  {
    "docID": "N049 Wang 2011 21299884",
    "et": "CentralNervousSystem",
    "off": 58681,
    "sff": "Central"
  },
  {
    "docID": "N049 Wang 2011 21299884",
    "et": "CentralNervousSystem",
    "off": 48056,
    "sff": "central"
  },
  {
    "docID": "N049 Wang 2011 21299884",
    "et": "TemporalInterval",
    "off": 37280,
    "sff": "temporal"
  },
  {
    "docID": "N049 Wang 2011 21299884",
    "et": "ModerateInjury",
    "off": 15988,
    "sff": "moderate"
  },
  {
    "docID": "N049 Wang 2011 21299884",
    "et": "ModerateInjury",
    "off": 6330,
    "sff": "moderate"
  },
  {
    "docID": "N049 Wang 2011 21299884",
    "et": "Matrix",
    "off": 5748,
    "sff": "matrix"
  },
  {
    "docID": "N049 Wang 2011 21299884",
    "et": "Matrix",
    "off": 44556,
    "sff": "matrix"
  },
  {
    "docID": "N049 Wang 2011 21299884",
    "et": "Matrix",
    "off": 11953,
    "sff": "Matrix"
  },
  {
    "docID": "N049 Wang 2011 21299884",
    "et": "NuclearTransfection",
    "off": 17853,
    "sff": "nuclear"
  },
  {
    "docID": "N049 Wang 2011 21299884",
    "et": "NuclearTransfection",
    "off": 25901,
    "sff": "nuclear"
  },
  {
    "docID": "N049 Wang 2011 21299884",
    "et": "SpinalCentralPart",
    "off": 58681,
    "sff": "Central"
  },
  {
    "docID": "N049 Wang 2011 21299884",
    "et": "SpinalCentralPart",
    "off": 48056,
    "sff": "central"
  },
  {
    "docID": "N049 Wang 2011 21299884",
    "et": "SpinalCentralPart",
    "off": 3040,
    "sff": "Central"
  },
  {
    "docID": "N049 Wang 2011 21299884",
    "et": "InjuryArea",
    "off": 26289,
    "sff": "area"
  },
  {
    "docID": "N049 Wang 2011 21299884",
    "et": "InjuryArea",
    "off": 35031,
    "sff": "area"
  },
  {
    "docID": "N049 Wang 2011 21299884",
    "et": "Hormone",
    "off": 15773,
    "sff": "hormone"
  },
  {
    "docID": "N049 Wang 2011 21299884",
    "et": "MedicationDuringSurgery",
    "off": 39253,
    "sff": "during"
  },
  {
    "docID": "N049 Wang 2011 21299884",
    "et": "MedicationDuringSurgery",
    "off": 7948,
    "sff": "During surgery"
  },
  {
    "docID": "N049 Wang 2011 21299884",
    "et": "MedicationDuringSurgery",
    "off": 40273,
    "sff": "during"
  },
  {
    "docID": "N049 Wang 2011 21299884",
    "et": "MedicationDuringSurgery",
    "off": 7948,
    "sff": "During"
  },
  {
    "docID": "N049 Wang 2011 21299884",
    "et": "MedicationDuringSurgery",
    "off": 43819,
    "sff": "during"
  },
  {
    "docID": "N049 Wang 2011 21299884",
    "et": "DNA",
    "off": 5104,
    "sff": "DNA"
  },
  {
    "docID": "N049 Wang 2011 21299884",
    "et": "DNA",
    "off": 50017,
    "sff": "DNA"
  },
  {
    "docID": "N049 Wang 2011 21299884",
    "et": "DNA",
    "off": 51287,
    "sff": "DNA"
  },
  {
    "docID": "N049 Wang 2011 21299884",
    "et": "DNA",
    "off": 55740,
    "sff": "DNA"
  },
  {
    "docID": "N049 Wang 2011 21299884",
    "et": "DNA",
    "off": 18446,
    "sff": "DNA"
  },
  {
    "docID": "N049 Wang 2011 21299884",
    "et": "Brain",
    "off": 56988,
    "sff": "Brain"
  },
  {
    "docID": "N049 Wang 2011 21299884",
    "et": "Brain",
    "off": 45322,
    "sff": "brain"
  },
  {
    "docID": "N049 Wang 2011 21299884",
    "et": "Laminectomy",
    "off": 28006,
    "sff": "laminectomy"
  },
  {
    "docID": "N049 Wang 2011 21299884",
    "et": "Laminectomy",
    "off": 7764,
    "sff": "laminectomy"
  },
  {
    "docID": "N049 Wang 2011 21299884",
    "et": "AscendingFiberTract",
    "off": 38412,
    "sff": "fiber"
  },
  {
    "docID": "N049 Wang 2011 21299884",
    "et": "AscendingFiberTract",
    "off": 37968,
    "sff": "fiber"
  },
  {
    "docID": "N049 Wang 2011 21299884",
    "et": "AscendingFiberTract",
    "off": 3621,
    "sff": "fiber"
  },
  {
    "docID": "N049 Wang 2011 21299884",
    "et": "AscendingFiberTract",
    "off": 4060,
    "sff": "ascending"
  },
  {
    "docID": "N049 Wang 2011 21299884",
    "et": "SpinalWhiteMatter",
    "off": 26295,
    "sff": "white matter"
  },
  {
    "docID": "N049 Wang 2011 21299884",
    "et": "SpinalWhiteMatter",
    "off": 34152,
    "sff": "white matter"
  },
  {
    "docID": "N049 Wang 2011 21299884",
    "et": "MeasurementOfIncreasingTemperature",
    "off": 12515,
    "sff": "measurement"
  },
  {
    "docID": "N049 Wang 2011 21299884",
    "et": "Antibody",
    "off": 51926,
    "sff": "antibody"
  },
  {
    "docID": "N049 Wang 2011 21299884",
    "et": "Antibody",
    "off": 47907,
    "sff": "antibody"
  },
  {
    "docID": "N049 Wang 2011 21299884",
    "et": "Antibody",
    "off": 14513,
    "sff": "antibody"
  },
  {
    "docID": "N049 Wang 2011 21299884",
    "et": "Antibody",
    "off": 14641,
    "sff": "antibody"
  },
  {
    "docID": "N049 Wang 2011 21299884",
    "et": "Antibody",
    "off": 15521,
    "sff": "antibody"
  },
  {
    "docID": "N049 Wang 2011 21299884",
    "et": "Antibody",
    "off": 15440,
    "sff": "antibody"
  },
  {
    "docID": "N049 Wang 2011 21299884",
    "et": "Antibody",
    "off": 14202,
    "sff": "antibody"
  },
  {
    "docID": "N049 Wang 2011 21299884",
    "et": "Antibody",
    "off": 24313,
    "sff": "antibody"
  },
  {
    "docID": "N049 Wang 2011 21299884",
    "et": "Antibody",
    "off": 25369,
    "sff": "antibody"
  },
  {
    "docID": "N049 Wang 2011 21299884",
    "et": "Antibody",
    "off": 14600,
    "sff": "antibody"
  },
  {
    "docID": "N049 Wang 2011 21299884",
    "et": "Antibody",
    "off": 28359,
    "sff": "antibody"
  },
  {
    "docID": "N049 Wang 2011 21299884",
    "et": "UmbilicalCordBloodStemCell",
    "off": 35630,
    "sff": "blood"
  },
  {
    "docID": "N049 Wang 2011 21299884",
    "et": "ContusionType",
    "off": 6929,
    "sff": "contusion"
  },
  {
    "docID": "N049 Wang 2011 21299884",
    "et": "ContusionType",
    "off": 57537,
    "sff": "contusion"
  },
  {
    "docID": "N049 Wang 2011 21299884",
    "et": "ContusionType",
    "off": 52472,
    "sff": "contusion"
  },
  {
    "docID": "N049 Wang 2011 21299884",
    "et": "ContusionType",
    "off": 53820,
    "sff": "contusion"
  },
  {
    "docID": "N049 Wang 2011 21299884",
    "et": "ContusionType",
    "off": 52638,
    "sff": "contusion"
  },
  {
    "docID": "N049 Wang 2011 21299884",
    "et": "Protein",
    "off": 11928,
    "sff": "protein"
  },
  {
    "docID": "N049 Wang 2011 21299884",
    "et": "Protein",
    "off": 13329,
    "sff": "protein"
  },
  {
    "docID": "N049 Wang 2011 21299884",
    "et": "Protein",
    "off": 10898,
    "sff": "protein"
  },
  {
    "docID": "N049 Wang 2011 21299884",
    "et": "Protein",
    "off": 10558,
    "sff": "Protein"
  },
  {
    "docID": "N049 Wang 2011 21299884",
    "et": "Protein",
    "off": 22544,
    "sff": "protein"
  },
  {
    "docID": "N049 Wang 2011 21299884",
    "et": "Protein",
    "off": 38826,
    "sff": "protein"
  },
  {
    "docID": "N049 Wang 2011 21299884",
    "et": "Protein",
    "off": 10664,
    "sff": "protein"
  },
  {
    "docID": "N049 Wang 2011 21299884",
    "et": "Protein",
    "off": 22086,
    "sff": "Protein"
  },
  {
    "docID": "N049 Wang 2011 21299884",
    "et": "Protein",
    "off": 29736,
    "sff": "protein"
  },
  {
    "docID": "N049 Wang 2011 21299884",
    "et": "Protein",
    "off": 40616,
    "sff": "protein"
  },
  {
    "docID": "N049 Wang 2011 21299884",
    "et": "Protein",
    "off": 6180,
    "sff": "protein"
  },
  {
    "docID": "N049 Wang 2011 21299884",
    "et": "Protein",
    "off": 1701,
    "sff": "protein"
  },
  {
    "docID": "N049 Wang 2011 21299884",
    "et": "Protein",
    "off": 21921,
    "sff": "protein"
  },
  {
    "docID": "N049 Wang 2011 21299884",
    "et": "Protein",
    "off": 10812,
    "sff": "protein"
  },
  {
    "docID": "N049 Wang 2011 21299884",
    "et": "Protein",
    "off": 11090,
    "sff": "Protein"
  },
  {
    "docID": "N049 Wang 2011 21299884",
    "et": "Protein",
    "off": 35260,
    "sff": "protein"
  },
  {
    "docID": "N049 Wang 2011 21299884",
    "et": "Protein",
    "off": 35385,
    "sff": "protein"
  },
  {
    "docID": "N049 Wang 2011 21299884",
    "et": "Protein",
    "off": 15195,
    "sff": "Protein"
  },
  {
    "docID": "N049 Wang 2011 21299884",
    "et": "Protein",
    "off": 13999,
    "sff": "protein"
  },
  {
    "docID": "N049 Wang 2011 21299884",
    "et": "Protein",
    "off": 9550,
    "sff": "protein"
  },
  {
    "docID": "N049 Wang 2011 21299884",
    "et": "Protein",
    "off": 30796,
    "sff": "protein"
  },
  {
    "docID": "N049 Wang 2011 21299884",
    "et": "Protein",
    "off": 22500,
    "sff": "Protein"
  },
  {
    "docID": "N049 Wang 2011 21299884",
    "et": "Protein",
    "off": 1737,
    "sff": "protein"
  },
  {
    "docID": "N049 Wang 2011 21299884",
    "et": "Protein",
    "off": 40136,
    "sff": "protein"
  },
  {
    "docID": "N049 Wang 2011 21299884",
    "et": "Protein",
    "off": 13381,
    "sff": "protein"
  },
  {
    "docID": "N049 Wang 2011 21299884",
    "et": "Protein",
    "off": 24389,
    "sff": "protein"
  },
  {
    "docID": "N049 Wang 2011 21299884",
    "et": "Protein",
    "off": 31295,
    "sff": "protein"
  },
  {
    "docID": "N049 Wang 2011 21299884",
    "et": "Protein",
    "off": 14272,
    "sff": "protein"
  },
  {
    "docID": "N049 Wang 2011 21299884",
    "et": "Protein",
    "off": 30044,
    "sff": "protein"
  },
  {
    "docID": "N049 Wang 2011 21299884",
    "et": "Protein",
    "off": 9331,
    "sff": "Protein"
  },
  {
    "docID": "N049 Wang 2011 21299884",
    "et": "Protein",
    "off": 31194,
    "sff": "protein"
  },
  {
    "docID": "N049 Wang 2011 21299884",
    "et": "Protein",
    "off": 10967,
    "sff": "protein"
  },
  {
    "docID": "N049 Wang 2011 21299884",
    "et": "Protein",
    "off": 41171,
    "sff": "protein"
  },
  {
    "docID": "N049 Wang 2011 21299884",
    "et": "Protein",
    "off": 14573,
    "sff": "protein"
  },
  {
    "docID": "N049 Wang 2011 21299884",
    "et": "Protein",
    "off": 41326,
    "sff": "protein"
  },
  {
    "docID": "N049 Wang 2011 21299884",
    "et": "Protein",
    "off": 49409,
    "sff": "Protein"
  },
  {
    "docID": "N049 Wang 2011 21299884",
    "et": "Protein",
    "off": 54505,
    "sff": "protein"
  },
  {
    "docID": "N049 Wang 2011 21299884",
    "et": "Protein",
    "off": 15109,
    "sff": "Protein"
  },
  {
    "docID": "N049 Wang 2011 21299884",
    "et": "Protein",
    "off": 40935,
    "sff": "protein"
  },
  {
    "docID": "N049 Wang 2011 21299884",
    "et": "Protein",
    "off": 25444,
    "sff": "protein"
  },
  {
    "docID": "N049 Wang 2011 21299884",
    "et": "Protein",
    "off": 9083,
    "sff": "protein"
  },
  {
    "docID": "N049 Wang 2011 21299884",
    "et": "Protein",
    "off": 47994,
    "sff": "protein"
  },
  {
    "docID": "N049 Wang 2011 21299884",
    "et": "Protein",
    "off": 56473,
    "sff": "Protein"
  },
  {
    "docID": "N049 Wang 2011 21299884",
    "et": "Protein",
    "off": 22770,
    "sff": "protein"
  },
  {
    "docID": "N049 Wang 2011 21299884",
    "et": "Protein",
    "off": 7023,
    "sff": "protein"
  },
  {
    "docID": "N049 Wang 2011 21299884",
    "et": "Protein",
    "off": 22000,
    "sff": "protein"
  },
  {
    "docID": "N049 Wang 2011 21299884",
    "et": "Protein",
    "off": 38640,
    "sff": "protein"
  },
  {
    "docID": "N049 Wang 2011 21299884",
    "et": "Protein",
    "off": 40334,
    "sff": "protein"
  },
  {
    "docID": "N049 Wang 2011 21299884",
    "et": "Protein",
    "off": 29577,
    "sff": "protein"
  },
  {
    "docID": "N049 Wang 2011 21299884",
    "et": "Protein",
    "off": 11141,
    "sff": "protein"
  },
  {
    "docID": "N049 Wang 2011 21299884",
    "et": "Protein",
    "off": 29829,
    "sff": "protein"
  },
  {
    "docID": "N049 Wang 2011 21299884",
    "et": "Protein",
    "off": 29318,
    "sff": "protein"
  },
  {
    "docID": "N049 Wang 2011 21299884",
    "et": "Protein",
    "off": 22275,
    "sff": "protein"
  },
  {
    "docID": "N049 Wang 2011 21299884",
    "et": "Protein",
    "off": 14335,
    "sff": "protein"
  },
  {
    "docID": "N049 Wang 2011 21299884",
    "et": "Protein",
    "off": 35712,
    "sff": "protein"
  },
  {
    "docID": "N049 Wang 2011 21299884",
    "et": "GlialCell",
    "off": 44446,
    "sff": "glial"
  },
  {
    "docID": "N049 Wang 2011 21299884",
    "et": "GlialCell",
    "off": 19485,
    "sff": "glial"
  },
  {
    "docID": "N049 Wang 2011 21299884",
    "et": "GlialCell",
    "off": 35133,
    "sff": "glial"
  },
  {
    "docID": "N049 Wang 2011 21299884",
    "et": "GlialCell",
    "off": 45120,
    "sff": "glial"
  },
  {
    "docID": "N049 Wang 2011 21299884",
    "et": "GlialCell",
    "off": 19295,
    "sff": "glial"
  },
  {
    "docID": "N049 Wang 2011 21299884",
    "et": "GlialCell",
    "off": 53907,
    "sff": "glial cell"
  },
  {
    "docID": "N049 Wang 2011 21299884",
    "et": "GlialCell",
    "off": 4625,
    "sff": "glial"
  },
  {
    "docID": "N049 Wang 2011 21299884",
    "et": "GlialCell",
    "off": 35730,
    "sff": "glial"
  },
  {
    "docID": "N049 Wang 2011 21299884",
    "et": "GlialCell",
    "off": 3826,
    "sff": "glial"
  },
  {
    "docID": "N049 Wang 2011 21299884",
    "et": "GlialCell",
    "off": 49841,
    "sff": "glial"
  },
  {
    "docID": "N049 Wang 2011 21299884",
    "et": "GlialCell",
    "off": 53724,
    "sff": "glial cell"
  },
  {
    "docID": "N049 Wang 2011 21299884",
    "et": "GlialCell",
    "off": 51018,
    "sff": "glial"
  },
  {
    "docID": "N049 Wang 2011 21299884",
    "et": "GlialCell",
    "off": 19759,
    "sff": "glial"
  },
  {
    "docID": "N049 Wang 2011 21299884",
    "et": "GlialCell",
    "off": 36674,
    "sff": "glial"
  },
  {
    "docID": "N049 Wang 2011 21299884",
    "et": "ImmuneCell",
    "off": 1906,
    "sff": "immune"
  },
  {
    "docID": "N049 Wang 2011 21299884",
    "et": "InfusionDelivery",
    "off": 45189,
    "sff": "Infusion"
  },
  {
    "docID": "N049 Wang 2011 21299884",
    "et": "CompressionType",
    "off": 43639,
    "sff": "compression"
  },
  {
    "docID": "N049 Wang 2011 21299884",
    "et": "CompressionType",
    "off": 57166,
    "sff": "compression"
  },
  {
    "docID": "N049 Wang 2011 21299884",
    "et": "PostSurgeryCondition",
    "off": 28133,
    "sff": "post"
  },
  {
    "docID": "N049 Wang 2011 21299884",
    "et": "PostSurgeryCondition",
    "off": 47205,
    "sff": "post"
  },
  {
    "docID": "N049 Wang 2011 21299884",
    "et": "PostSurgeryCondition",
    "off": 34024,
    "sff": "post"
  },
  {
    "docID": "N049 Wang 2011 21299884",
    "et": "PostSurgeryCondition",
    "off": 2152,
    "sff": "post"
  },
  {
    "docID": "N049 Wang 2011 21299884",
    "et": "PostSurgeryCondition",
    "off": 41959,
    "sff": "post"
  },
  {
    "docID": "N049 Wang 2011 21299884",
    "et": "PostSurgeryCondition",
    "off": 31978,
    "sff": "post"
  },
  {
    "docID": "N049 Wang 2011 21299884",
    "et": "PostSurgeryCondition",
    "off": 34281,
    "sff": "post"
  },
  {
    "docID": "N049 Wang 2011 21299884",
    "et": "PostSurgeryCondition",
    "off": 7955,
    "sff": "surgery"
  },
  {
    "docID": "N049 Wang 2011 21299884",
    "et": "PostSurgeryCondition",
    "off": 35057,
    "sff": "post"
  },
  {
    "docID": "N049 Wang 2011 21299884",
    "et": "PostSurgeryCondition",
    "off": 37233,
    "sff": "post"
  },
  {
    "docID": "N049 Wang 2011 21299884",
    "et": "PostSurgeryCondition",
    "off": 27733,
    "sff": "post"
  },
  {
    "docID": "N049 Wang 2011 21299884",
    "et": "PostSurgeryCondition",
    "off": 34136,
    "sff": "post"
  },
  {
    "docID": "N049 Wang 2011 21299884",
    "et": "PostSurgeryCondition",
    "off": 38874,
    "sff": "post"
  },
  {
    "docID": "N049 Wang 2011 21299884",
    "et": "PostSurgeryCondition",
    "off": 6107,
    "sff": "post"
  },
  {
    "docID": "N049 Wang 2011 21299884",
    "et": "PostSurgeryCondition",
    "off": 31710,
    "sff": "post"
  },
  {
    "docID": "N049 Wang 2011 21299884",
    "et": "PostSurgeryCondition",
    "off": 48352,
    "sff": "post"
  },
  {
    "docID": "N049 Wang 2011 21299884",
    "et": "PostSurgeryCondition",
    "off": 40799,
    "sff": "post"
  },
  {
    "docID": "N049 Wang 2011 21299884",
    "et": "PostSurgeryCondition",
    "off": 22754,
    "sff": "post"
  },
  {
    "docID": "N049 Wang 2011 21299884",
    "et": "PostSurgeryCondition",
    "off": 20323,
    "sff": "post"
  },
  {
    "docID": "N049 Wang 2011 21299884",
    "et": "PostSurgeryCondition",
    "off": 26211,
    "sff": "post"
  },
  {
    "docID": "N049 Wang 2011 21299884",
    "et": "PostSurgeryCondition",
    "off": 26339,
    "sff": "post"
  },
  {
    "docID": "N049 Wang 2011 21299884",
    "et": "PostSurgeryCondition",
    "off": 44131,
    "sff": "post"
  },
  {
    "docID": "N049 Wang 2011 21299884",
    "et": "PostSurgeryCondition",
    "off": 34760,
    "sff": "post"
  },
  {
    "docID": "N049 Wang 2011 21299884",
    "et": "PostSurgeryCondition",
    "off": 34508,
    "sff": "post"
  },
  {
    "docID": "N049 Wang 2011 21299884",
    "et": "PostSurgeryCondition",
    "off": 26827,
    "sff": "post"
  },
  {
    "docID": "N049 Wang 2011 21299884",
    "et": "PostSurgeryCondition",
    "off": 39627,
    "sff": "post"
  },
  {
    "docID": "N049 Wang 2011 21299884",
    "et": "PostSurgeryCondition",
    "off": 36430,
    "sff": "post"
  },
  {
    "docID": "N049 Wang 2011 21299884",
    "et": "PostSurgeryCondition",
    "off": 8160,
    "sff": "post surgery"
  },
  {
    "docID": "N049 Wang 2011 21299884",
    "et": "PostSurgeryCondition",
    "off": 47439,
    "sff": "post"
  },
  {
    "docID": "N049 Wang 2011 21299884",
    "et": "PostSurgeryCondition",
    "off": 30392,
    "sff": "post"
  },
  {
    "docID": "N049 Wang 2011 21299884",
    "et": "PostSurgeryCondition",
    "off": 8511,
    "sff": "post"
  },
  {
    "docID": "N049 Wang 2011 21299884",
    "et": "PostSurgeryCondition",
    "off": 31167,
    "sff": "post"
  },
  {
    "docID": "N049 Wang 2011 21299884",
    "et": "PostSurgeryCondition",
    "off": 42922,
    "sff": "post"
  },
  {
    "docID": "N049 Wang 2011 21299884",
    "et": "PostSurgeryCondition",
    "off": 33835,
    "sff": "post"
  },
  {
    "docID": "N049 Wang 2011 21299884",
    "et": "PostSurgeryCondition",
    "off": 2222,
    "sff": "post"
  },
  {
    "docID": "N049 Wang 2011 21299884",
    "et": "PostSurgeryCondition",
    "off": 37421,
    "sff": "post"
  },
  {
    "docID": "N049 Wang 2011 21299884",
    "et": "PostSurgeryCondition",
    "off": 29489,
    "sff": "post"
  },
  {
    "docID": "N049 Wang 2011 21299884",
    "et": "PostSurgeryCondition",
    "off": 32150,
    "sff": "post"
  },
  {
    "docID": "N049 Wang 2011 21299884",
    "et": "PostSurgeryCondition",
    "off": 27929,
    "sff": "post"
  },
  {
    "docID": "N049 Wang 2011 21299884",
    "et": "PostSurgeryCondition",
    "off": 36121,
    "sff": "post"
  },
  {
    "docID": "N049 Wang 2011 21299884",
    "et": "PostSurgeryCondition",
    "off": 41497,
    "sff": "post"
  },
  {
    "docID": "N049 Wang 2011 21299884",
    "et": "PostSurgeryCondition",
    "off": 31392,
    "sff": "post"
  },
  {
    "docID": "N049 Wang 2011 21299884",
    "et": "PostSurgeryCondition",
    "off": 1952,
    "sff": "post"
  },
  {
    "docID": "N049 Wang 2011 21299884",
    "et": "PostSurgeryCondition",
    "off": 39455,
    "sff": "post"
  },
  {
    "docID": "N049 Wang 2011 21299884",
    "et": "PostSurgeryCondition",
    "off": 32418,
    "sff": "post"
  },
  {
    "docID": "N049 Wang 2011 21299884",
    "et": "PostSurgeryCondition",
    "off": 36002,
    "sff": "post"
  },
  {
    "docID": "N049 Wang 2011 21299884",
    "et": "PostSurgeryCondition",
    "off": 39842,
    "sff": "post"
  },
  {
    "docID": "N049 Wang 2011 21299884",
    "et": "PostSurgeryCondition",
    "off": 37668,
    "sff": "post"
  },
  {
    "docID": "N049 Wang 2011 21299884",
    "et": "PostSurgeryCondition",
    "off": 7176,
    "sff": "post"
  },
  {
    "docID": "N049 Wang 2011 21299884",
    "et": "PostSurgeryCondition",
    "off": 30855,
    "sff": "post"
  },
  {
    "docID": "N049 Wang 2011 21299884",
    "et": "PostSurgeryCondition",
    "off": 36234,
    "sff": "post"
  },
  {
    "docID": "N049 Wang 2011 21299884",
    "et": "PostSurgeryCondition",
    "off": 41353,
    "sff": "post"
  },
  {
    "docID": "N049 Wang 2011 21299884",
    "et": "PostSurgeryCondition",
    "off": 24587,
    "sff": "post"
  },
  {
    "docID": "N049 Wang 2011 21299884",
    "et": "PostSurgeryCondition",
    "off": 33678,
    "sff": "post"
  },
  {
    "docID": "N049 Wang 2011 21299884",
    "et": "PostSurgeryCondition",
    "off": 42105,
    "sff": "post"
  },
  {
    "docID": "N049 Wang 2011 21299884",
    "et": "PostSurgeryCondition",
    "off": 45179,
    "sff": "post"
  },
  {
    "docID": "N049 Wang 2011 21299884",
    "et": "PostSurgeryCondition",
    "off": 43005,
    "sff": "post"
  },
  {
    "docID": "N049 Wang 2011 21299884",
    "et": "PostSurgeryCondition",
    "off": 33921,
    "sff": "post"
  },
  {
    "docID": "N049 Wang 2011 21299884",
    "et": "PostSurgeryCondition",
    "off": 26115,
    "sff": "post"
  },
  {
    "docID": "N049 Wang 2011 21299884",
    "et": "PostSurgeryCondition",
    "off": 28675,
    "sff": "post"
  },
  {
    "docID": "N049 Wang 2011 21299884",
    "et": "PostSurgeryCondition",
    "off": 45059,
    "sff": "post"
  },
  {
    "docID": "N049 Wang 2011 21299884",
    "et": "RatSpecies",
    "off": 52683,
    "sff": "rat"
  },
  {
    "docID": "N049 Wang 2011 21299884",
    "et": "RatSpecies",
    "off": 48237,
    "sff": "rat"
  },
  {
    "docID": "N049 Wang 2011 21299884",
    "et": "RatSpecies",
    "off": 20418,
    "sff": "rat"
  },
  {
    "docID": "N049 Wang 2011 21299884",
    "et": "RatSpecies",
    "off": 26434,
    "sff": "rat"
  },
  {
    "docID": "N049 Wang 2011 21299884",
    "et": "RatSpecies",
    "off": 55716,
    "sff": "rat"
  },
  {
    "docID": "N049 Wang 2011 21299884",
    "et": "RatSpecies",
    "off": 35129,
    "sff": "rat"
  },
  {
    "docID": "N049 Wang 2011 21299884",
    "et": "RatSpecies",
    "off": 19451,
    "sff": "rat"
  },
  {
    "docID": "N049 Wang 2011 21299884",
    "et": "RatSpecies",
    "off": 50910,
    "sff": "rat"
  },
  {
    "docID": "N049 Wang 2011 21299884",
    "et": "RatSpecies",
    "off": 53502,
    "sff": "rat"
  },
  {
    "docID": "N049 Wang 2011 21299884",
    "et": "RatSpecies",
    "off": 20541,
    "sff": "rat"
  },
  {
    "docID": "N049 Wang 2011 21299884",
    "et": "RatSpecies",
    "off": 52445,
    "sff": "rat"
  },
  {
    "docID": "N049 Wang 2011 21299884",
    "et": "RatSpecies",
    "off": 28627,
    "sff": "rat"
  },
  {
    "docID": "N049 Wang 2011 21299884",
    "et": "RatSpecies",
    "off": 55287,
    "sff": "rat"
  },
  {
    "docID": "N049 Wang 2011 21299884",
    "et": "InjuryIntensity",
    "off": 30960,
    "sff": "intensity"
  },
  {
    "docID": "N049 Wang 2011 21299884",
    "et": "InjuryIntensity",
    "off": 31344,
    "sff": "intensity"
  },
  {
    "docID": "N049 Wang 2011 21299884",
    "et": "InjuryIntensity",
    "off": 40690,
    "sff": "intensity"
  },
  {
    "docID": "N049 Wang 2011 21299884",
    "et": "InjuryIntensity",
    "off": 30133,
    "sff": "intensity"
  },
  {
    "docID": "N049 Wang 2011 21299884",
    "et": "InjuryIntensity",
    "off": 40391,
    "sff": "intensity"
  },
  {
    "docID": "N049 Wang 2011 21299884",
    "et": "InjuryIntensity",
    "off": 25416,
    "sff": "intensity"
  },
  {
    "docID": "N049 Wang 2011 21299884",
    "et": "InjuryIntensity",
    "off": 33432,
    "sff": "intensity"
  },
  {
    "docID": "N049 Wang 2011 21299884",
    "et": "InjuryIntensity",
    "off": 24361,
    "sff": "intensity"
  },
  {
    "docID": "N049 Wang 2011 21299884",
    "et": "InjuryIntensity",
    "off": 10954,
    "sff": "intensity"
  },
  {
    "docID": "N049 Wang 2011 21299884",
    "et": "InjuryIntensity",
    "off": 40319,
    "sff": "intensity"
  },
  {
    "docID": "N049 Wang 2011 21299884",
    "et": "SodiumPentobarbital",
    "off": 8117,
    "sff": "sodium"
  },
  {
    "docID": "N049 Wang 2011 21299884",
    "et": "SodiumPentobarbital",
    "off": 8788,
    "sff": "sodium"
  },
  {
    "docID": "N049 Wang 2011 21299884",
    "et": "SodiumPentobarbital",
    "off": 15033,
    "sff": "sodium"
  },
  {
    "docID": "N049 Wang 2011 21299884",
    "et": "Caudal",
    "off": 14852,
    "sff": "caudal"
  },
  {
    "docID": "N049 Wang 2011 21299884",
    "et": "Caudal",
    "off": 20616,
    "sff": "caudal"
  },
  {
    "docID": "N049 Wang 2011 21299884",
    "et": "Caudal",
    "off": 37006,
    "sff": "caudal"
  },
  {
    "docID": "N049 Wang 2011 21299884",
    "et": "Caudal",
    "off": 44909,
    "sff": "caudal"
  },
  {
    "docID": "N049 Wang 2011 21299884",
    "et": "Caudal",
    "off": 27868,
    "sff": "caudal"
  },
  {
    "docID": "N049 Wang 2011 21299884",
    "et": "Enzyme",
    "off": 44315,
    "sff": "enzyme"
  },
  {
    "docID": "N049 Wang 2011 21299884",
    "et": "Enzyme",
    "off": 154,
    "sff": "enzyme"
  },
  {
    "docID": "N049 Wang 2011 21299884",
    "et": "Enzyme",
    "off": 58473,
    "sff": "enzyme"
  },
  {
    "docID": "N049 Wang 2011 21299884",
    "et": "NewZealandRabbit",
    "off": 56307,
    "sff": "New"
  },
  {
    "docID": "N049 Wang 2011 21299884",
    "et": "NewZealandRabbit",
    "off": 56491,
    "sff": "New"
  },
  {
    "docID": "N049 Wang 2011 21299884",
    "et": "NewZealandRabbit",
    "off": 50795,
    "sff": "new"
  },
  {
    "docID": "N049 Wang 2011 21299884",
    "et": "NewZealandRabbit",
    "off": 7919,
    "sff": "New"
  },
  {
    "docID": "N049 Wang 2011 21299884",
    "et": "SigmaAldrich",
    "off": 15081,
    "sff": "Sigma"
  },
  {
    "docID": "N049 Wang 2011 21299884",
    "et": "SigmaAldrich",
    "off": 9307,
    "sff": "Sigma"
  },
  {
    "docID": "N049 Wang 2011 21299884",
    "et": "SigmaAldrich",
    "off": 20285,
    "sff": "Sigma"
  },
  {
    "docID": "N049 Wang 2011 21299884",
    "et": "SigmaAldrich",
    "off": 15295,
    "sff": "Sigma"
  },
  {
    "docID": "N049 Wang 2011 21299884",
    "et": "SigmaAldrich",
    "off": 17936,
    "sff": "Sigma"
  },
  {
    "docID": "N049 Wang 2011 21299884",
    "et": "T10",
    "off": 7795,
    "sff": "T10"
  },
  {
    "docID": "N049 Wang 2011 21299884",
    "et": "Thoracic",
    "off": 1054,
    "sff": "thoracic"
  },
  {
    "docID": "N049 Wang 2011 21299884",
    "et": "LightSource",
    "off": 39170,
    "sff": "light"
  },
  {
    "docID": "N049 Wang 2011 21299884",
    "et": "Compression",
    "off": 57166,
    "sff": "compression"
  },
  {
    "docID": "N049 Wang 2011 21299884",
    "et": "Compression",
    "off": 43639,
    "sff": "compression"
  },
  {
    "docID": "N049 Wang 2011 21299884",
    "et": "StemCellSourceType",
    "off": 3656,
    "sff": "cell"
  },
  {
    "docID": "N049 Wang 2011 21299884",
    "et": "StemCellSourceType",
    "off": 55047,
    "sff": "cell"
  },
  {
    "docID": "N049 Wang 2011 21299884",
    "et": "StemCellSourceType",
    "off": 3910,
    "sff": "cell"
  },
  {
    "docID": "N049 Wang 2011 21299884",
    "et": "StemCellSourceType",
    "off": 33990,
    "sff": "cell"
  },
  {
    "docID": "N049 Wang 2011 21299884",
    "et": "StemCellSourceType",
    "off": 6025,
    "sff": "cell"
  },
  {
    "docID": "N049 Wang 2011 21299884",
    "et": "StemCellSourceType",
    "off": 19093,
    "sff": "Cell"
  },
  {
    "docID": "N049 Wang 2011 21299884",
    "et": "StemCellSourceType",
    "off": 55064,
    "sff": "Cell"
  },
  {
    "docID": "N049 Wang 2011 21299884",
    "et": "StemCellSourceType",
    "off": 27652,
    "sff": "cell"
  },
  {
    "docID": "N049 Wang 2011 21299884",
    "et": "StemCellSourceType",
    "off": 32514,
    "sff": "cell"
  },
  {
    "docID": "N049 Wang 2011 21299884",
    "et": "StemCellSourceType",
    "off": 19638,
    "sff": "cell"
  },
  {
    "docID": "N049 Wang 2011 21299884",
    "et": "StemCellSourceType",
    "off": 4789,
    "sff": "cell"
  },
  {
    "docID": "N049 Wang 2011 21299884",
    "et": "StemCellSourceType",
    "off": 50293,
    "sff": "stem"
  },
  {
    "docID": "N049 Wang 2011 21299884",
    "et": "StemCellSourceType",
    "off": 53604,
    "sff": "Cell"
  },
  {
    "docID": "N049 Wang 2011 21299884",
    "et": "StemCellSourceType",
    "off": 1647,
    "sff": "cell"
  },
  {
    "docID": "N049 Wang 2011 21299884",
    "et": "StemCellSourceType",
    "off": 1138,
    "sff": "cell"
  },
  {
    "docID": "N049 Wang 2011 21299884",
    "et": "StemCellSourceType",
    "off": 18546,
    "sff": "cell"
  },
  {
    "docID": "N049 Wang 2011 21299884",
    "et": "StemCellSourceType",
    "off": 2663,
    "sff": "cell"
  },
  {
    "docID": "N049 Wang 2011 21299884",
    "et": "StemCellSourceType",
    "off": 42405,
    "sff": "cell"
  },
  {
    "docID": "N049 Wang 2011 21299884",
    "et": "StemCellSourceType",
    "off": 53360,
    "sff": "Cell"
  },
  {
    "docID": "N049 Wang 2011 21299884",
    "et": "StemCellSourceType",
    "off": 36063,
    "sff": "cell"
  },
  {
    "docID": "N049 Wang 2011 21299884",
    "et": "StemCellSourceType",
    "off": 25949,
    "sff": "cell"
  },
  {
    "docID": "N049 Wang 2011 21299884",
    "et": "StemCellSourceType",
    "off": 14523,
    "sff": "Cell"
  },
  {
    "docID": "N049 Wang 2011 21299884",
    "et": "StemCellSourceType",
    "off": 53730,
    "sff": "cell"
  },
  {
    "docID": "N049 Wang 2011 21299884",
    "et": "StemCellSourceType",
    "off": 42202,
    "sff": "cell"
  },
  {
    "docID": "N049 Wang 2011 21299884",
    "et": "StemCellSourceType",
    "off": 44698,
    "sff": "cell"
  },
  {
    "docID": "N049 Wang 2011 21299884",
    "et": "StemCellSourceType",
    "off": 52122,
    "sff": "cell"
  },
  {
    "docID": "N049 Wang 2011 21299884",
    "et": "StemCellSourceType",
    "off": 53913,
    "sff": "cell"
  },
  {
    "docID": "N049 Wang 2011 21299884",
    "et": "StemCellSourceType",
    "off": 33876,
    "sff": "cell"
  },
  {
    "docID": "N049 Wang 2011 21299884",
    "et": "InVitroExperimentalProcedure",
    "off": 58062,
    "sff": "vitro"
  },
  {
    "docID": "N049 Wang 2011 21299884",
    "et": "InVitroExperimentalProcedure",
    "off": 48488,
    "sff": "Experimental"
  },
  {
    "docID": "N049 Wang 2011 21299884",
    "et": "InVitroExperimentalProcedure",
    "off": 35103,
    "sff": "vitro"
  },
  {
    "docID": "N049 Wang 2011 21299884",
    "et": "InVitroExperimentalProcedure",
    "off": 56945,
    "sff": "experimental"
  },
  {
    "docID": "N049 Wang 2011 21299884",
    "et": "MeasurementOfDecreasingTemperature",
    "off": 12515,
    "sff": "measurement"
  },
  {
    "docID": "N049 Wang 2011 21299884",
    "et": "VentralInjuryArea",
    "off": 48136,
    "sff": "ventral"
  },
  {
    "docID": "N049 Wang 2011 21299884",
    "et": "Clip",
    "off": 43622,
    "sff": "clip"
  },
  {
    "docID": "N049 Wang 2011 21299884",
    "et": "Clip",
    "off": 57161,
    "sff": "clip"
  },
  {
    "docID": "N049 Wang 2011 21299884",
    "et": "AllenWeightDropDevice",
    "off": 29662,
    "sff": "weight"
  },
  {
    "docID": "N049 Wang 2011 21299884",
    "et": "AntiNogoAAntibody",
    "off": 58137,
    "sff": "Nogo"
  },
  {
    "docID": "N049 Wang 2011 21299884",
    "et": "Cell",
    "off": 1138,
    "sff": "cell"
  },
  {
    "docID": "N049 Wang 2011 21299884",
    "et": "Cell",
    "off": 18546,
    "sff": "cell"
  },
  {
    "docID": "N049 Wang 2011 21299884",
    "et": "Cell",
    "off": 1647,
    "sff": "cell"
  },
  {
    "docID": "N049 Wang 2011 21299884",
    "et": "Cell",
    "off": 19638,
    "sff": "cell"
  },
  {
    "docID": "N049 Wang 2011 21299884",
    "et": "Cell",
    "off": 4789,
    "sff": "cell"
  },
  {
    "docID": "N049 Wang 2011 21299884",
    "et": "Cell",
    "off": 53360,
    "sff": "Cell"
  },
  {
    "docID": "N049 Wang 2011 21299884",
    "et": "Cell",
    "off": 6025,
    "sff": "cell"
  },
  {
    "docID": "N049 Wang 2011 21299884",
    "et": "Cell",
    "off": 3656,
    "sff": "cell"
  },
  {
    "docID": "N049 Wang 2011 21299884",
    "et": "Cell",
    "off": 55047,
    "sff": "cell"
  },
  {
    "docID": "N049 Wang 2011 21299884",
    "et": "Cell",
    "off": 32514,
    "sff": "cell"
  },
  {
    "docID": "N049 Wang 2011 21299884",
    "et": "Cell",
    "off": 3910,
    "sff": "cell"
  },
  {
    "docID": "N049 Wang 2011 21299884",
    "et": "Cell",
    "off": 14523,
    "sff": "Cell"
  },
  {
    "docID": "N049 Wang 2011 21299884",
    "et": "Cell",
    "off": 33990,
    "sff": "cell"
  },
  {
    "docID": "N049 Wang 2011 21299884",
    "et": "Cell",
    "off": 27652,
    "sff": "cell"
  },
  {
    "docID": "N049 Wang 2011 21299884",
    "et": "Cell",
    "off": 53604,
    "sff": "Cell"
  },
  {
    "docID": "N049 Wang 2011 21299884",
    "et": "Cell",
    "off": 25949,
    "sff": "cell"
  },
  {
    "docID": "N049 Wang 2011 21299884",
    "et": "Cell",
    "off": 53913,
    "sff": "cell"
  },
  {
    "docID": "N049 Wang 2011 21299884",
    "et": "Cell",
    "off": 42202,
    "sff": "cell"
  },
  {
    "docID": "N049 Wang 2011 21299884",
    "et": "Cell",
    "off": 44698,
    "sff": "cell"
  },
  {
    "docID": "N049 Wang 2011 21299884",
    "et": "Cell",
    "off": 52122,
    "sff": "cell"
  },
  {
    "docID": "N049 Wang 2011 21299884",
    "et": "Cell",
    "off": 33876,
    "sff": "cell"
  },
  {
    "docID": "N049 Wang 2011 21299884",
    "et": "Cell",
    "off": 2663,
    "sff": "cell"
  },
  {
    "docID": "N049 Wang 2011 21299884",
    "et": "Cell",
    "off": 19093,
    "sff": "Cell"
  },
  {
    "docID": "N049 Wang 2011 21299884",
    "et": "Cell",
    "off": 55064,
    "sff": "Cell"
  },
  {
    "docID": "N049 Wang 2011 21299884",
    "et": "Cell",
    "off": 42405,
    "sff": "cell"
  },
  {
    "docID": "N049 Wang 2011 21299884",
    "et": "Cell",
    "off": 36063,
    "sff": "cell"
  },
  {
    "docID": "N049 Wang 2011 21299884",
    "et": "Cell",
    "off": 53730,
    "sff": "cell"
  },
  {
    "docID": "N049 Wang 2011 21299884",
    "et": "LewisRat",
    "off": 56928,
    "sff": "Lewis"
  },
  {
    "docID": "N049 Wang 2011 21299884",
    "et": "SpinalDorsalHalf",
    "off": 48125,
    "sff": "dorsal"
  },
  {
    "docID": "N049 Wang 2011 21299884",
    "et": "SpinalDorsalHalf",
    "off": 16353,
    "sff": "dorsal"
  },
  {
    "docID": "N049 Wang 2011 21299884",
    "et": "SpinalDorsalHalf",
    "off": 15890,
    "sff": "dorsal"
  },
  {
    "docID": "N049 Wang 2011 21299884",
    "et": "17BetaEstradiolE2",
    "off": 51457,
    "sff": "17"
  },
  {
    "docID": "N049 Wang 2011 21299884",
    "et": "17BetaEstradiolE2",
    "off": 39203,
    "sff": "beta"
  },
  {
    "docID": "N049 Wang 2011 21299884",
    "et": "17BetaEstradiolE2",
    "off": 6607,
    "sff": "17"
  },
  {
    "docID": "N049 Wang 2011 21299884",
    "et": "17BetaEstradiolE2",
    "off": 50691,
    "sff": "17"
  },
  {
    "docID": "N049 Wang 2011 21299884",
    "et": "17BetaEstradiolE2",
    "off": 19416,
    "sff": "17"
  },
  {
    "docID": "N049 Wang 2011 21299884",
    "et": "HematoxyLinEosin",
    "off": 53670,
    "sff": "Lin"
  },
  {
    "docID": "N049 Wang 2011 21299884",
    "et": "HematoxyLinEosin",
    "off": 58207,
    "sff": "Lin"
  },
  {
    "docID": "N049 Wang 2011 21299884",
    "et": "Water",
    "off": 11387,
    "sff": "water"
  },
  {
    "docID": "N049 Wang 2011 21299884",
    "et": "Embryonic",
    "off": 19402,
    "sff": "embryonic"
  },
  {
    "docID": "N049 Wang 2011 21299884",
    "et": "ExperimentalProcedure",
    "off": 56945,
    "sff": "experimental"
  },
  {
    "docID": "N049 Wang 2011 21299884",
    "et": "ExperimentalProcedure",
    "off": 48488,
    "sff": "Experimental"
  },
  {
    "docID": "N049 Wang 2011 21299884",
    "et": "BodyTemperatureMeasurement",
    "off": 15546,
    "sff": "temperature"
  },
  {
    "docID": "N049 Wang 2011 21299884",
    "et": "BodyTemperatureMeasurement",
    "off": 17835,
    "sff": "temperature"
  },
  {
    "docID": "N049 Wang 2011 21299884",
    "et": "BodyTemperatureMeasurement",
    "off": 10261,
    "sff": "temperature"
  },
  {
    "docID": "N049 Wang 2011 21299884",
    "et": "BodyTemperatureMeasurement",
    "off": 7975,
    "sff": "temperature"
  },
  {
    "docID": "N049 Wang 2011 21299884",
    "et": "BodyTemperatureMeasurement",
    "off": 4794,
    "sff": "body"
  },
  {
    "docID": "N049 Wang 2011 21299884",
    "et": "BodyTemperatureMeasurement",
    "off": 13774,
    "sff": "temperature"
  },
  {
    "docID": "N049 Wang 2011 21299884",
    "et": "AirGunImpactor",
    "off": 9140,
    "sff": "air"
  },
  {
    "docID": "N049 Wang 2011 21299884",
    "et": "BrainDerivedNeurotrophicFactor",
    "off": 45322,
    "sff": "brain"
  },
  {
    "docID": "N049 Wang 2011 21299884",
    "et": "BrainDerivedNeurotrophicFactor",
    "off": 36560,
    "sff": "derived"
  },
  {
    "docID": "N049 Wang 2011 21299884",
    "et": "BrainDerivedNeurotrophicFactor",
    "off": 35541,
    "sff": "derived"
  },
  {
    "docID": "N049 Wang 2011 21299884",
    "et": "BrainDerivedNeurotrophicFactor",
    "off": 22043,
    "sff": "derived"
  },
  {
    "docID": "N049 Wang 2011 21299884",
    "et": "BrainDerivedNeurotrophicFactor",
    "off": 56988,
    "sff": "Brain"
  },
  {
    "docID": "N049 Wang 2011 21299884",
    "et": "VentralHemisection",
    "off": 48136,
    "sff": "ventral"
  },
  {
    "docID": "N049 Wang 2011 21299884",
    "et": "ChemicalInjury",
    "off": 14661,
    "sff": "Chemical"
  }
]
