[
  {
    "docID": "N064 Mountney, Zahner et al. 2013",
    "et": "CompleteTransection",
    "off": 8718,
    "sff": "complete"
  },
  {
    "docID": "N064 Mountney, Zahner et al. 2013",
    "et": "CompleteTransection",
    "off": 21488,
    "sff": "complete"
  },
  {
    "docID": "N064 Mountney, Zahner et al. 2013",
    "et": "CompleteTransection",
    "off": 29722,
    "sff": "complete"
  },
  {
    "docID": "N064 Mountney, Zahner et al. 2013",
    "et": "RecombinantEPORhEpo",
    "off": 42635,
    "sff": "recombinant"
  },
  {
    "docID": "N064 Mountney, Zahner et al. 2013",
    "et": "RecombinantEPORhEpo",
    "off": 4029,
    "sff": "Recombinant"
  },
  {
    "docID": "N064 Mountney, Zahner et al. 2013",
    "et": "CuttingDevice",
    "off": 9520,
    "sff": "cutting"
  },
  {
    "docID": "N064 Mountney, Zahner et al. 2013",
    "et": "SubcutaneousLocation",
    "off": 6748,
    "sff": "subcutaneous"
  },
  {
    "docID": "N064 Mountney, Zahner et al. 2013",
    "et": "DorsalInjuryArea",
    "off": 17608,
    "sff": "dorsal"
  },
  {
    "docID": "N064 Mountney, Zahner et al. 2013",
    "et": "DorsalInjuryArea",
    "off": 18533,
    "sff": "dorsal"
  },
  {
    "docID": "N064 Mountney, Zahner et al. 2013",
    "et": "DorsalInjuryArea",
    "off": 9428,
    "sff": "dorsal"
  },
  {
    "docID": "N064 Mountney, Zahner et al. 2013",
    "et": "DorsalInjuryArea",
    "off": 18185,
    "sff": "Dorsal"
  },
  {
    "docID": "N064 Mountney, Zahner et al. 2013",
    "et": "DorsalInjuryArea",
    "off": 25503,
    "sff": "dorsal"
  },
  {
    "docID": "N064 Mountney, Zahner et al. 2013",
    "et": "DorsalInjuryArea",
    "off": 17210,
    "sff": "Dorsal"
  },
  {
    "docID": "N064 Mountney, Zahner et al. 2013",
    "et": "DorsalInjuryArea",
    "off": 6076,
    "sff": "dorsal"
  },
  {
    "docID": "N064 Mountney, Zahner et al. 2013",
    "et": "DorsalInjuryArea",
    "off": 30730,
    "sff": "dorsal"
  },
  {
    "docID": "N064 Mountney, Zahner et al. 2013",
    "et": "SuperficialDelivery",
    "off": 36168,
    "sff": "superficial"
  },
  {
    "docID": "N064 Mountney, Zahner et al. 2013",
    "et": "InfiniteHorizonImpactor",
    "off": 6428,
    "sff": "Infinite"
  },
  {
    "docID": "N064 Mountney, Zahner et al. 2013",
    "et": "KetamineAsAnaesthetic",
    "off": 7309,
    "sff": "ketamine"
  },
  {
    "docID": "N064 Mountney, Zahner et al. 2013",
    "et": "KetamineAsAnaesthetic",
    "off": 5915,
    "sff": "ketamine"
  },
  {
    "docID": "N064 Mountney, Zahner et al. 2013",
    "et": "Intraspinal",
    "off": 41696,
    "sff": "intraspinal"
  },
  {
    "docID": "N064 Mountney, Zahner et al. 2013",
    "et": "MouseSpecies",
    "off": 43606,
    "sff": "mouse"
  },
  {
    "docID": "N064 Mountney, Zahner et al. 2013",
    "et": "EvansBlue",
    "off": 16495,
    "sff": "Evans Blue"
  },
  {
    "docID": "N064 Mountney, Zahner et al. 2013",
    "et": "NOGOReceptorAntagonist",
    "off": 25213,
    "sff": "receptor"
  },
  {
    "docID": "N064 Mountney, Zahner et al. 2013",
    "et": "NOGOReceptorAntagonist",
    "off": 40906,
    "sff": "nogo receptor"
  },
  {
    "docID": "N064 Mountney, Zahner et al. 2013",
    "et": "NOGOReceptorAntagonist",
    "off": 2481,
    "sff": "Nogo"
  },
  {
    "docID": "N064 Mountney, Zahner et al. 2013",
    "et": "SpinalFiberTract",
    "off": 13563,
    "sff": "fiber"
  },
  {
    "docID": "N064 Mountney, Zahner et al. 2013",
    "et": "DorsalHemisection",
    "off": 9428,
    "sff": "dorsal"
  },
  {
    "docID": "N064 Mountney, Zahner et al. 2013",
    "et": "DorsalHemisection",
    "off": 18533,
    "sff": "dorsal"
  },
  {
    "docID": "N064 Mountney, Zahner et al. 2013",
    "et": "DorsalHemisection",
    "off": 17608,
    "sff": "dorsal"
  },
  {
    "docID": "N064 Mountney, Zahner et al. 2013",
    "et": "DorsalHemisection",
    "off": 30730,
    "sff": "dorsal"
  },
  {
    "docID": "N064 Mountney, Zahner et al. 2013",
    "et": "DorsalHemisection",
    "off": 6076,
    "sff": "dorsal"
  },
  {
    "docID": "N064 Mountney, Zahner et al. 2013",
    "et": "DorsalHemisection",
    "off": 18185,
    "sff": "Dorsal"
  },
  {
    "docID": "N064 Mountney, Zahner et al. 2013",
    "et": "DorsalHemisection",
    "off": 17210,
    "sff": "Dorsal"
  },
  {
    "docID": "N064 Mountney, Zahner et al. 2013",
    "et": "DorsalHemisection",
    "off": 25503,
    "sff": "dorsal"
  },
  {
    "docID": "N064 Mountney, Zahner et al. 2013",
    "et": "PfizerMexico",
    "off": 6009,
    "sff": "Pfizer"
  },
  {
    "docID": "N064 Mountney, Zahner et al. 2013",
    "et": "PfizerMexico",
    "off": 6993,
    "sff": "Pfizer"
  },
  {
    "docID": "N064 Mountney, Zahner et al. 2013",
    "et": "DeliveryMethod",
    "off": 34325,
    "sff": "delivery"
  },
  {
    "docID": "N064 Mountney, Zahner et al. 2013",
    "et": "DeliveryMethod",
    "off": 45235,
    "sff": "delivery"
  },
  {
    "docID": "N064 Mountney, Zahner et al. 2013",
    "et": "DeliveryMethod",
    "off": 38945,
    "sff": "delivery"
  },
  {
    "docID": "N064 Mountney, Zahner et al. 2013",
    "et": "DeliveryMethod",
    "off": 26798,
    "sff": "delivery"
  },
  {
    "docID": "N064 Mountney, Zahner et al. 2013",
    "et": "DeliveryMethod",
    "off": 23423,
    "sff": "delivery"
  },
  {
    "docID": "N064 Mountney, Zahner et al. 2013",
    "et": "DeliveryMethod",
    "off": 34684,
    "sff": "delivery"
  },
  {
    "docID": "N064 Mountney, Zahner et al. 2013",
    "et": "DeliveryMethod",
    "off": 24413,
    "sff": "delivery"
  },
  {
    "docID": "N064 Mountney, Zahner et al. 2013",
    "et": "DeliveryMethod",
    "off": 25770,
    "sff": "delivery"
  },
  {
    "docID": "N064 Mountney, Zahner et al. 2013",
    "et": "DeliveryMethod",
    "off": 35915,
    "sff": "delivery"
  },
  {
    "docID": "N064 Mountney, Zahner et al. 2013",
    "et": "DeliveryMethod",
    "off": 24322,
    "sff": "Delivery"
  },
  {
    "docID": "N064 Mountney, Zahner et al. 2013",
    "et": "DeliveryMethod",
    "off": 34622,
    "sff": "delivery method"
  },
  {
    "docID": "N064 Mountney, Zahner et al. 2013",
    "et": "DeliveryMethod",
    "off": 16438,
    "sff": "Delivery"
  },
  {
    "docID": "N064 Mountney, Zahner et al. 2013",
    "et": "TyrosineHydroxylase",
    "off": 12659,
    "sff": "tyrosine hydroxylase"
  },
  {
    "docID": "N064 Mountney, Zahner et al. 2013",
    "et": "SpinalVentralHalf",
    "off": 13266,
    "sff": "ventral"
  },
  {
    "docID": "N064 Mountney, Zahner et al. 2013",
    "et": "SpinalVentralHalf",
    "off": 31183,
    "sff": "ventral"
  },
  {
    "docID": "N064 Mountney, Zahner et al. 2013",
    "et": "SpinalVentralHalf",
    "off": 25514,
    "sff": "ventral"
  },
  {
    "docID": "N064 Mountney, Zahner et al. 2013",
    "et": "SpinalVentralHalf",
    "off": 30394,
    "sff": "ventral"
  },
  {
    "docID": "N064 Mountney, Zahner et al. 2013",
    "et": "SpinalVentralHalf",
    "off": 13114,
    "sff": "ventral"
  },
  {
    "docID": "N064 Mountney, Zahner et al. 2013",
    "et": "SpinalVentralHalf",
    "off": 13657,
    "sff": "ventral"
  },
  {
    "docID": "N064 Mountney, Zahner et al. 2013",
    "et": "SpinalVentralHalf",
    "off": 17236,
    "sff": "ventral"
  },
  {
    "docID": "N064 Mountney, Zahner et al. 2013",
    "et": "SpinalVentralHalf",
    "off": 18196,
    "sff": "ventral"
  },
  {
    "docID": "N064 Mountney, Zahner et al. 2013",
    "et": "SpinalVentralHalf",
    "off": 18563,
    "sff": "ventral"
  },
  {
    "docID": "N064 Mountney, Zahner et al. 2013",
    "et": "SpinalVentralHalf",
    "off": 17638,
    "sff": "ventral"
  },
  {
    "docID": "N064 Mountney, Zahner et al. 2013",
    "et": "SpinalVentralHalf",
    "off": 22262,
    "sff": "ventral"
  },
  {
    "docID": "N064 Mountney, Zahner et al. 2013",
    "et": "Rostral",
    "off": 10913,
    "sff": "rostral"
  },
  {
    "docID": "N064 Mountney, Zahner et al. 2013",
    "et": "Rostral",
    "off": 22147,
    "sff": "rostral"
  },
  {
    "docID": "N064 Mountney, Zahner et al. 2013",
    "et": "Rostral",
    "off": 25564,
    "sff": "rostral"
  },
  {
    "docID": "N064 Mountney, Zahner et al. 2013",
    "et": "DorsalColumn",
    "off": 6076,
    "sff": "dorsal"
  },
  {
    "docID": "N064 Mountney, Zahner et al. 2013",
    "et": "DorsalColumn",
    "off": 30730,
    "sff": "dorsal"
  },
  {
    "docID": "N064 Mountney, Zahner et al. 2013",
    "et": "DorsalColumn",
    "off": 17608,
    "sff": "dorsal"
  },
  {
    "docID": "N064 Mountney, Zahner et al. 2013",
    "et": "DorsalColumn",
    "off": 18185,
    "sff": "Dorsal"
  },
  {
    "docID": "N064 Mountney, Zahner et al. 2013",
    "et": "DorsalColumn",
    "off": 25503,
    "sff": "dorsal"
  },
  {
    "docID": "N064 Mountney, Zahner et al. 2013",
    "et": "DorsalColumn",
    "off": 17210,
    "sff": "Dorsal"
  },
  {
    "docID": "N064 Mountney, Zahner et al. 2013",
    "et": "DorsalColumn",
    "off": 18533,
    "sff": "dorsal"
  },
  {
    "docID": "N064 Mountney, Zahner et al. 2013",
    "et": "DorsalColumn",
    "off": 9428,
    "sff": "dorsal"
  },
  {
    "docID": "N064 Mountney, Zahner et al. 2013",
    "et": "SpragueDawleyRat",
    "off": 5830,
    "sff": "Sprague–Dawley"
  },
  {
    "docID": "N064 Mountney, Zahner et al. 2013",
    "et": "SpragueDawleyRat",
    "off": 5830,
    "sff": "Sprague–Dawley rats"
  },
  {
    "docID": "N064 Mountney, Zahner et al. 2013",
    "et": "ChondroitinaseABC",
    "off": 41419,
    "sff": "Chondroitinase"
  },
  {
    "docID": "N064 Mountney, Zahner et al. 2013",
    "et": "ChondroitinaseABC",
    "off": 39782,
    "sff": "Chondroitinase ABC"
  },
  {
    "docID": "N064 Mountney, Zahner et al. 2013",
    "et": "ChondroitinaseABC",
    "off": 121,
    "sff": "Chondroitinase ABC"
  },
  {
    "docID": "N064 Mountney, Zahner et al. 2013",
    "et": "ChondroitinaseABC",
    "off": 41283,
    "sff": "chondroitinase ABC"
  },
  {
    "docID": "N064 Mountney, Zahner et al. 2013",
    "et": "ChondroitinaseABC",
    "off": 908,
    "sff": "chondroitinase ABC"
  },
  {
    "docID": "N064 Mountney, Zahner et al. 2013",
    "et": "ChondroitinaseABC",
    "off": 41721,
    "sff": "chondroitinase"
  },
  {
    "docID": "N064 Mountney, Zahner et al. 2013",
    "et": "ChondroitinaseABC",
    "off": 21711,
    "sff": "chondroitinase ABC"
  },
  {
    "docID": "N064 Mountney, Zahner et al. 2013",
    "et": "ChondroitinaseABC",
    "off": 39956,
    "sff": "Chondroitinase ABC"
  },
  {
    "docID": "N064 Mountney, Zahner et al. 2013",
    "et": "ChondroitinaseABC",
    "off": 44116,
    "sff": "Chondroitinase ABC"
  },
  {
    "docID": "N064 Mountney, Zahner et al. 2013",
    "et": "ChondroitinaseABC",
    "off": 42582,
    "sff": "Chondroitinase ABC"
  },
  {
    "docID": "N064 Mountney, Zahner et al. 2013",
    "et": "ChondroitinaseABC",
    "off": 22475,
    "sff": "chondroitinase ABC"
  },
  {
    "docID": "N064 Mountney, Zahner et al. 2013",
    "et": "ChondroitinaseABC",
    "off": 41035,
    "sff": "chondroitinase ABC"
  },
  {
    "docID": "N064 Mountney, Zahner et al. 2013",
    "et": "ChondroitinaseABC",
    "off": 16972,
    "sff": "chondroitinase ABC"
  },
  {
    "docID": "N064 Mountney, Zahner et al. 2013",
    "et": "ChondroitinaseABC",
    "off": 44599,
    "sff": "Chondroitinase ABC"
  },
  {
    "docID": "N064 Mountney, Zahner et al. 2013",
    "et": "ChondroitinaseABC",
    "off": 3209,
    "sff": "Chondroitinase ABC"
  },
  {
    "docID": "N064 Mountney, Zahner et al. 2013",
    "et": "ChondroitinaseABC",
    "off": 17804,
    "sff": "Chondroitinase ABC"
  },
  {
    "docID": "N064 Mountney, Zahner et al. 2013",
    "et": "ChondroitinaseABC",
    "off": 16273,
    "sff": "chondroitinase ABC"
  },
  {
    "docID": "N064 Mountney, Zahner et al. 2013",
    "et": "ChondroitinaseABC",
    "off": 4240,
    "sff": "Chondroitinase ABC"
  },
  {
    "docID": "N064 Mountney, Zahner et al. 2013",
    "et": "ChondroitinaseABC",
    "off": 18868,
    "sff": "chondroitinase ABC"
  },
  {
    "docID": "N064 Mountney, Zahner et al. 2013",
    "et": "Left",
    "off": 9381,
    "sff": "left"
  },
  {
    "docID": "N064 Mountney, Zahner et al. 2013",
    "et": "Left",
    "off": 9423,
    "sff": "left"
  },
  {
    "docID": "N064 Mountney, Zahner et al. 2013",
    "et": "LaminectomyType",
    "off": 6121,
    "sff": "laminectomy"
  },
  {
    "docID": "N064 Mountney, Zahner et al. 2013",
    "et": "Tissue",
    "off": 31278,
    "sff": "tissue"
  },
  {
    "docID": "N064 Mountney, Zahner et al. 2013",
    "et": "Tissue",
    "off": 11920,
    "sff": "tissue"
  },
  {
    "docID": "N064 Mountney, Zahner et al. 2013",
    "et": "Tissue",
    "off": 9487,
    "sff": "tissue"
  },
  {
    "docID": "N064 Mountney, Zahner et al. 2013",
    "et": "Tissue",
    "off": 11633,
    "sff": "tissue"
  },
  {
    "docID": "N064 Mountney, Zahner et al. 2013",
    "et": "Tissue",
    "off": 11532,
    "sff": "tissue"
  },
  {
    "docID": "N064 Mountney, Zahner et al. 2013",
    "et": "Tissue",
    "off": 31690,
    "sff": "tissue"
  },
  {
    "docID": "N064 Mountney, Zahner et al. 2013",
    "et": "Tissue",
    "off": 17855,
    "sff": "tissue"
  },
  {
    "docID": "N064 Mountney, Zahner et al. 2013",
    "et": "Tissue",
    "off": 25151,
    "sff": "tissue"
  },
  {
    "docID": "N064 Mountney, Zahner et al. 2013",
    "et": "Tissue",
    "off": 36478,
    "sff": "tissue"
  },
  {
    "docID": "N064 Mountney, Zahner et al. 2013",
    "et": "Tissue",
    "off": 12098,
    "sff": "tissue"
  },
  {
    "docID": "N064 Mountney, Zahner et al. 2013",
    "et": "Tissue",
    "off": 25409,
    "sff": "tissue"
  },
  {
    "docID": "N064 Mountney, Zahner et al. 2013",
    "et": "Tissue",
    "off": 26692,
    "sff": "tissue"
  },
  {
    "docID": "N064 Mountney, Zahner et al. 2013",
    "et": "Tissue",
    "off": 11702,
    "sff": "tissue"
  },
  {
    "docID": "N064 Mountney, Zahner et al. 2013",
    "et": "Tissue",
    "off": 11864,
    "sff": "tissue"
  },
  {
    "docID": "N064 Mountney, Zahner et al. 2013",
    "et": "Tissue",
    "off": 16888,
    "sff": "tissue"
  },
  {
    "docID": "N064 Mountney, Zahner et al. 2013",
    "et": "Tissue",
    "off": 11799,
    "sff": "tissue"
  },
  {
    "docID": "N064 Mountney, Zahner et al. 2013",
    "et": "Tissue",
    "off": 26871,
    "sff": "tissue"
  },
  {
    "docID": "N064 Mountney, Zahner et al. 2013",
    "et": "Tissue",
    "off": 12218,
    "sff": "tissue"
  },
  {
    "docID": "N064 Mountney, Zahner et al. 2013",
    "et": "InjectionDelivery",
    "off": 41708,
    "sff": "injection"
  },
  {
    "docID": "N064 Mountney, Zahner et al. 2013",
    "et": "InjectionDelivery",
    "off": 6545,
    "sff": "injection"
  },
  {
    "docID": "N064 Mountney, Zahner et al. 2013",
    "et": "SpinalLesionSite",
    "off": 22173,
    "sff": "lesion"
  },
  {
    "docID": "N064 Mountney, Zahner et al. 2013",
    "et": "SpinalLesionSite",
    "off": 22432,
    "sff": "lesion"
  },
  {
    "docID": "N064 Mountney, Zahner et al. 2013",
    "et": "SpinalLesionSite",
    "off": 13354,
    "sff": "lesion"
  },
  {
    "docID": "N064 Mountney, Zahner et al. 2013",
    "et": "SpinalLesionSite",
    "off": 30442,
    "sff": "lesion"
  },
  {
    "docID": "N064 Mountney, Zahner et al. 2013",
    "et": "SpinalLesionSite",
    "off": 31419,
    "sff": "lesion"
  },
  {
    "docID": "N064 Mountney, Zahner et al. 2013",
    "et": "SpinalLesionSite",
    "off": 10982,
    "sff": "lesion"
  },
  {
    "docID": "N064 Mountney, Zahner et al. 2013",
    "et": "SpinalLesionSite",
    "off": 25592,
    "sff": "lesion"
  },
  {
    "docID": "N064 Mountney, Zahner et al. 2013",
    "et": "SpinalLesionSite",
    "off": 31832,
    "sff": "lesion"
  },
  {
    "docID": "N064 Mountney, Zahner et al. 2013",
    "et": "Weight",
    "off": 5851,
    "sff": "250–275 g"
  },
  {
    "docID": "N064 Mountney, Zahner et al. 2013",
    "et": "T9",
    "off": 6154,
    "sff": "T9"
  },
  {
    "docID": "N064 Mountney, Zahner et al. 2013",
    "et": "T9",
    "off": 6415,
    "sff": "T9"
  },
  {
    "docID": "N064 Mountney, Zahner et al. 2013",
    "et": "CompoundBiologicalRelation",
    "off": 7104,
    "sff": "Biological"
  },
  {
    "docID": "N064 Mountney, Zahner et al. 2013",
    "et": "AnimalCareCondition",
    "off": 5324,
    "sff": "Care"
  },
  {
    "docID": "N064 Mountney, Zahner et al. 2013",
    "et": "AnimalCareCondition",
    "off": 5522,
    "sff": "Care"
  },
  {
    "docID": "N064 Mountney, Zahner et al. 2013",
    "et": "Contusion",
    "off": 33771,
    "sff": "contusion"
  },
  {
    "docID": "N064 Mountney, Zahner et al. 2013",
    "et": "Contusion",
    "off": 40427,
    "sff": "contusion"
  },
  {
    "docID": "N064 Mountney, Zahner et al. 2013",
    "et": "Contusion",
    "off": 183,
    "sff": "Contusion"
  },
  {
    "docID": "N064 Mountney, Zahner et al. 2013",
    "et": "Contusion",
    "off": 27111,
    "sff": "contusion"
  },
  {
    "docID": "N064 Mountney, Zahner et al. 2013",
    "et": "Contusion",
    "off": 742,
    "sff": "contusion"
  },
  {
    "docID": "N064 Mountney, Zahner et al. 2013",
    "et": "Contusion",
    "off": 3825,
    "sff": "contusion"
  },
  {
    "docID": "N064 Mountney, Zahner et al. 2013",
    "et": "Contusion",
    "off": 27055,
    "sff": "contusion"
  },
  {
    "docID": "N064 Mountney, Zahner et al. 2013",
    "et": "Contusion",
    "off": 24174,
    "sff": "contusion"
  },
  {
    "docID": "N064 Mountney, Zahner et al. 2013",
    "et": "Contusion",
    "off": 20269,
    "sff": "contusion"
  },
  {
    "docID": "N064 Mountney, Zahner et al. 2013",
    "et": "Contusion",
    "off": 35181,
    "sff": "contusion"
  },
  {
    "docID": "N064 Mountney, Zahner et al. 2013",
    "et": "Contusion",
    "off": 23227,
    "sff": "contusion"
  },
  {
    "docID": "N064 Mountney, Zahner et al. 2013",
    "et": "Contusion",
    "off": 1914,
    "sff": "contusion"
  },
  {
    "docID": "N064 Mountney, Zahner et al. 2013",
    "et": "Contusion",
    "off": 40890,
    "sff": "contusion"
  },
  {
    "docID": "N064 Mountney, Zahner et al. 2013",
    "et": "Contusion",
    "off": 38848,
    "sff": "contusion"
  },
  {
    "docID": "N064 Mountney, Zahner et al. 2013",
    "et": "Contusion",
    "off": 41855,
    "sff": "contusion"
  },
  {
    "docID": "N064 Mountney, Zahner et al. 2013",
    "et": "Contusion",
    "off": 35069,
    "sff": "contusion"
  },
  {
    "docID": "N064 Mountney, Zahner et al. 2013",
    "et": "Contusion",
    "off": 35517,
    "sff": "contusion"
  },
  {
    "docID": "N064 Mountney, Zahner et al. 2013",
    "et": "Contusion",
    "off": 22791,
    "sff": "contusion"
  },
  {
    "docID": "N064 Mountney, Zahner et al. 2013",
    "et": "Contusion",
    "off": 33490,
    "sff": "contusion"
  },
  {
    "docID": "N064 Mountney, Zahner et al. 2013",
    "et": "Contusion",
    "off": 41490,
    "sff": "contusion"
  },
  {
    "docID": "N064 Mountney, Zahner et al. 2013",
    "et": "Contusion",
    "off": 34449,
    "sff": "contusion"
  },
  {
    "docID": "N064 Mountney, Zahner et al. 2013",
    "et": "Contusion",
    "off": 1104,
    "sff": "contusion"
  },
  {
    "docID": "N064 Mountney, Zahner et al. 2013",
    "et": "Contusion",
    "off": 21967,
    "sff": "contusion"
  },
  {
    "docID": "N064 Mountney, Zahner et al. 2013",
    "et": "Contusion",
    "off": 23119,
    "sff": "contusion"
  },
  {
    "docID": "N064 Mountney, Zahner et al. 2013",
    "et": "Contusion",
    "off": 34137,
    "sff": "contusion"
  },
  {
    "docID": "N064 Mountney, Zahner et al. 2013",
    "et": "Contusion",
    "off": 35352,
    "sff": "contusion"
  },
  {
    "docID": "N064 Mountney, Zahner et al. 2013",
    "et": "Contusion",
    "off": 21923,
    "sff": "contusion"
  },
  {
    "docID": "N064 Mountney, Zahner et al. 2013",
    "et": "Contusion",
    "off": 6369,
    "sff": "contusion"
  },
  {
    "docID": "N064 Mountney, Zahner et al. 2013",
    "et": "Contusion",
    "off": 23583,
    "sff": "contusion"
  },
  {
    "docID": "N064 Mountney, Zahner et al. 2013",
    "et": "Contusion",
    "off": 2078,
    "sff": "contusion"
  },
  {
    "docID": "N064 Mountney, Zahner et al. 2013",
    "et": "Saline",
    "off": 10416,
    "sff": "saline"
  },
  {
    "docID": "N064 Mountney, Zahner et al. 2013",
    "et": "Saline",
    "off": 5606,
    "sff": "saline"
  },
  {
    "docID": "N064 Mountney, Zahner et al. 2013",
    "et": "Saline",
    "off": 10483,
    "sff": "saline"
  },
  {
    "docID": "N064 Mountney, Zahner et al. 2013",
    "et": "Dosage",
    "off": 5003,
    "sff": "2U/mL"
  },
  {
    "docID": "N064 Mountney, Zahner et al. 2013",
    "et": "Dosage",
    "off": 17470,
    "sff": "1mm"
  },
  {
    "docID": "N064 Mountney, Zahner et al. 2013",
    "et": "Dosage",
    "off": 5855,
    "sff": "275 g"
  },
  {
    "docID": "N064 Mountney, Zahner et al. 2013",
    "et": "Dosage",
    "off": 9140,
    "sff": "100mg/kg"
  },
  {
    "docID": "N064 Mountney, Zahner et al. 2013",
    "et": "Dosage",
    "off": 19972,
    "sff": "98%"
  },
  {
    "docID": "N064 Mountney, Zahner et al. 2013",
    "et": "Dosage",
    "off": 12469,
    "sff": "10 mg/mL"
  },
  {
    "docID": "N064 Mountney, Zahner et al. 2013",
    "et": "Dosage",
    "off": 5925,
    "sff": "60mg/kg"
  },
  {
    "docID": "N064 Mountney, Zahner et al. 2013",
    "et": "Dosage",
    "off": 24503,
    "sff": "100%"
  },
  {
    "docID": "N064 Mountney, Zahner et al. 2013",
    "et": "Dosage",
    "off": 10909,
    "sff": "8mm"
  },
  {
    "docID": "N064 Mountney, Zahner et al. 2013",
    "et": "Dosage",
    "off": 14679,
    "sff": "7 µg/mL"
  },
  {
    "docID": "N064 Mountney, Zahner et al. 2013",
    "et": "Dosage",
    "off": 7458,
    "sff": "1.3mg/kg"
  },
  {
    "docID": "N064 Mountney, Zahner et al. 2013",
    "et": "Dosage",
    "off": 1180,
    "sff": "30%"
  },
  {
    "docID": "N064 Mountney, Zahner et al. 2013",
    "et": "Dosage",
    "off": 18343,
    "sff": "1 mm"
  },
  {
    "docID": "N064 Mountney, Zahner et al. 2013",
    "et": "Dosage",
    "off": 22141,
    "sff": "7.5mm"
  },
  {
    "docID": "N064 Mountney, Zahner et al. 2013",
    "et": "Dosage",
    "off": 43943,
    "sff": "95%"
  },
  {
    "docID": "N064 Mountney, Zahner et al. 2013",
    "et": "Dosage",
    "off": 36555,
    "sff": "30%"
  },
  {
    "docID": "N064 Mountney, Zahner et al. 2013",
    "et": "Dosage",
    "off": 4917,
    "sff": "1mg/mL"
  },
  {
    "docID": "N064 Mountney, Zahner et al. 2013",
    "et": "Dosage",
    "off": 6834,
    "sff": "200 µl"
  },
  {
    "docID": "N064 Mountney, Zahner et al. 2013",
    "et": "Dosage",
    "off": 15047,
    "sff": "0.3%"
  },
  {
    "docID": "N064 Mountney, Zahner et al. 2013",
    "et": "Dosage",
    "off": 14462,
    "sff": "1 µg/mL"
  },
  {
    "docID": "N064 Mountney, Zahner et al. 2013",
    "et": "Dosage",
    "off": 5644,
    "sff": "2 U/mL"
  },
  {
    "docID": "N064 Mountney, Zahner et al. 2013",
    "et": "Dosage",
    "off": 10441,
    "sff": "4%"
  },
  {
    "docID": "N064 Mountney, Zahner et al. 2013",
    "et": "Dosage",
    "off": 24444,
    "sff": "0.42 µL/h"
  },
  {
    "docID": "N064 Mountney, Zahner et al. 2013",
    "et": "Dosage",
    "off": 29943,
    "sff": "25%"
  },
  {
    "docID": "N064 Mountney, Zahner et al. 2013",
    "et": "Dosage",
    "off": 4656,
    "sff": "1U"
  },
  {
    "docID": "N064 Mountney, Zahner et al. 2013",
    "et": "Dosage",
    "off": 24609,
    "sff": "33%"
  },
  {
    "docID": "N064 Mountney, Zahner et al. 2013",
    "et": "Dosage",
    "off": 13211,
    "sff": "0.5mm"
  },
  {
    "docID": "N064 Mountney, Zahner et al. 2013",
    "et": "Dosage",
    "off": 4872,
    "sff": "6.4mM"
  },
  {
    "docID": "N064 Mountney, Zahner et al. 2013",
    "et": "Dosage",
    "off": 16184,
    "sff": "98%"
  },
  {
    "docID": "N064 Mountney, Zahner et al. 2013",
    "et": "Dosage",
    "off": 4850,
    "sff": "137mM"
  },
  {
    "docID": "N064 Mountney, Zahner et al. 2013",
    "et": "Dosage",
    "off": 13218,
    "sff": "0.5mm"
  },
  {
    "docID": "N064 Mountney, Zahner et al. 2013",
    "et": "Dosage",
    "off": 23010,
    "sff": "0.1 mm"
  },
  {
    "docID": "N064 Mountney, Zahner et al. 2013",
    "et": "Dosage",
    "off": 24455,
    "sff": "83%"
  },
  {
    "docID": "N064 Mountney, Zahner et al. 2013",
    "et": "Dosage",
    "off": 7088,
    "sff": "5mg/kg"
  },
  {
    "docID": "N064 Mountney, Zahner et al. 2013",
    "et": "Dosage",
    "off": 6842,
    "sff": "0.5 µL/h"
  },
  {
    "docID": "N064 Mountney, Zahner et al. 2013",
    "et": "Dosage",
    "off": 7319,
    "sff": "15mg/kg"
  },
  {
    "docID": "N064 Mountney, Zahner et al. 2013",
    "et": "Dosage",
    "off": 14339,
    "sff": "10 mg/mL"
  },
  {
    "docID": "N064 Mountney, Zahner et al. 2013",
    "et": "Dosage",
    "off": 5669,
    "sff": "2 U/mL"
  },
  {
    "docID": "N064 Mountney, Zahner et al. 2013",
    "et": "Dosage",
    "off": 13334,
    "sff": "8.0mm"
  },
  {
    "docID": "N064 Mountney, Zahner et al. 2013",
    "et": "Dosage",
    "off": 12504,
    "sff": "0.5%"
  },
  {
    "docID": "N064 Mountney, Zahner et al. 2013",
    "et": "Dosage",
    "off": 10592,
    "sff": "30%"
  },
  {
    "docID": "N064 Mountney, Zahner et al. 2013",
    "et": "Dosage",
    "off": 30428,
    "sff": "7mm"
  },
  {
    "docID": "N064 Mountney, Zahner et al. 2013",
    "et": "Dosage",
    "off": 14996,
    "sff": "10 mg/mL"
  },
  {
    "docID": "N064 Mountney, Zahner et al. 2013",
    "et": "Dosage",
    "off": 26756,
    "sff": "5 U/mL"
  },
  {
    "docID": "N064 Mountney, Zahner et al. 2013",
    "et": "Dosage",
    "off": 4900,
    "sff": "0.5mM"
  },
  {
    "docID": "N064 Mountney, Zahner et al. 2013",
    "et": "Dosage",
    "off": 15027,
    "sff": "10%"
  },
  {
    "docID": "N064 Mountney, Zahner et al. 2013",
    "et": "Dosage",
    "off": 34832,
    "sff": "30%"
  },
  {
    "docID": "N064 Mountney, Zahner et al. 2013",
    "et": "Dosage",
    "off": 7341,
    "sff": "10mg/kg"
  },
  {
    "docID": "N064 Mountney, Zahner et al. 2013",
    "et": "Dosage",
    "off": 5701,
    "sff": "2 U/mL"
  },
  {
    "docID": "N064 Mountney, Zahner et al. 2013",
    "et": "Dosage",
    "off": 6000,
    "sff": "40mg/kg"
  },
  {
    "docID": "N064 Mountney, Zahner et al. 2013",
    "et": "Dosage",
    "off": 6977,
    "sff": "1.3mg/kg"
  },
  {
    "docID": "N064 Mountney, Zahner et al. 2013",
    "et": "Dosage",
    "off": 4471,
    "sff": "1U"
  },
  {
    "docID": "N064 Mountney, Zahner et al. 2013",
    "et": "Dosage",
    "off": 12454,
    "sff": "5%"
  },
  {
    "docID": "N064 Mountney, Zahner et al. 2013",
    "et": "Dosage",
    "off": 30919,
    "sff": "70%"
  },
  {
    "docID": "N064 Mountney, Zahner et al. 2013",
    "et": "Dosage",
    "off": 14372,
    "sff": "5%"
  },
  {
    "docID": "N064 Mountney, Zahner et al. 2013",
    "et": "Intrathecal",
    "off": 18821,
    "sff": "intrathecal"
  },
  {
    "docID": "N064 Mountney, Zahner et al. 2013",
    "et": "Intrathecal",
    "off": 34313,
    "sff": "intrathecal"
  },
  {
    "docID": "N064 Mountney, Zahner et al. 2013",
    "et": "Intrathecal",
    "off": 6611,
    "sff": "intrathecal"
  },
  {
    "docID": "N064 Mountney, Zahner et al. 2013",
    "et": "Intrathecal",
    "off": 6180,
    "sff": "intrathecal"
  },
  {
    "docID": "N064 Mountney, Zahner et al. 2013",
    "et": "BladderExpression",
    "off": 41463,
    "sff": "bladder"
  },
  {
    "docID": "N064 Mountney, Zahner et al. 2013",
    "et": "BladderExpression",
    "off": 7213,
    "sff": "bladder"
  },
  {
    "docID": "N064 Mountney, Zahner et al. 2013",
    "et": "BladderExpression",
    "off": 7162,
    "sff": "Bladder expression"
  },
  {
    "docID": "N064 Mountney, Zahner et al. 2013",
    "et": "PBS",
    "off": 10491,
    "sff": "PBS"
  },
  {
    "docID": "N064 Mountney, Zahner et al. 2013",
    "et": "PBS",
    "off": 15068,
    "sff": "PBS"
  },
  {
    "docID": "N064 Mountney, Zahner et al. 2013",
    "et": "PBS",
    "off": 10424,
    "sff": "PBS"
  },
  {
    "docID": "N064 Mountney, Zahner et al. 2013",
    "et": "PBS",
    "off": 12851,
    "sff": "PBS"
  },
  {
    "docID": "N064 Mountney, Zahner et al. 2013",
    "et": "PBS",
    "off": 14755,
    "sff": "PBS"
  },
  {
    "docID": "N064 Mountney, Zahner et al. 2013",
    "et": "PBS",
    "off": 14324,
    "sff": "PBS"
  },
  {
    "docID": "N064 Mountney, Zahner et al. 2013",
    "et": "PBS",
    "off": 14388,
    "sff": "PBS"
  },
  {
    "docID": "N064 Mountney, Zahner et al. 2013",
    "et": "PBS",
    "off": 12525,
    "sff": "PBS"
  },
  {
    "docID": "N064 Mountney, Zahner et al. 2013",
    "et": "PBS",
    "off": 14573,
    "sff": "PBS"
  },
  {
    "docID": "N064 Mountney, Zahner et al. 2013",
    "et": "PBS",
    "off": 15213,
    "sff": "PBS"
  },
  {
    "docID": "N064 Mountney, Zahner et al. 2013",
    "et": "Duration",
    "off": 10307,
    "sff": "5–6 weeks"
  },
  {
    "docID": "N064 Mountney, Zahner et al. 2013",
    "et": "Duration",
    "off": 12939,
    "sff": "2 h"
  },
  {
    "docID": "N064 Mountney, Zahner et al. 2013",
    "et": "Duration",
    "off": 22040,
    "sff": "35 days"
  },
  {
    "docID": "N064 Mountney, Zahner et al. 2013",
    "et": "Duration",
    "off": 29773,
    "sff": "5 weeks"
  },
  {
    "docID": "N064 Mountney, Zahner et al. 2013",
    "et": "Duration",
    "off": 10540,
    "sff": "12–16 h"
  },
  {
    "docID": "N064 Mountney, Zahner et al. 2013",
    "et": "Duration",
    "off": 33935,
    "sff": "14 days"
  },
  {
    "docID": "N064 Mountney, Zahner et al. 2013",
    "et": "Duration",
    "off": 34797,
    "sff": "9 days"
  },
  {
    "docID": "N064 Mountney, Zahner et al. 2013",
    "et": "Duration",
    "off": 18053,
    "sff": "12 days"
  },
  {
    "docID": "N064 Mountney, Zahner et al. 2013",
    "et": "Duration",
    "off": 1021,
    "sff": "2 weeks"
  },
  {
    "docID": "N064 Mountney, Zahner et al. 2013",
    "et": "Duration",
    "off": 16332,
    "sff": "14 days"
  },
  {
    "docID": "N064 Mountney, Zahner et al. 2013",
    "et": "Duration",
    "off": 8453,
    "sff": "5 weeks"
  },
  {
    "docID": "N064 Mountney, Zahner et al. 2013",
    "et": "Duration",
    "off": 19869,
    "sff": "35 days"
  },
  {
    "docID": "N064 Mountney, Zahner et al. 2013",
    "et": "Duration",
    "off": 27832,
    "sff": "2 weeks"
  },
  {
    "docID": "N064 Mountney, Zahner et al. 2013",
    "et": "Duration",
    "off": 24205,
    "sff": "14 day"
  },
  {
    "docID": "N064 Mountney, Zahner et al. 2013",
    "et": "Duration",
    "off": 33526,
    "sff": "2 weeks"
  },
  {
    "docID": "N064 Mountney, Zahner et al. 2013",
    "et": "Duration",
    "off": 14716,
    "sff": "16 h"
  },
  {
    "docID": "N064 Mountney, Zahner et al. 2013",
    "et": "Duration",
    "off": 19081,
    "sff": "35 days"
  },
  {
    "docID": "N064 Mountney, Zahner et al. 2013",
    "et": "Duration",
    "off": 19526,
    "sff": "35 days"
  },
  {
    "docID": "N064 Mountney, Zahner et al. 2013",
    "et": "Duration",
    "off": 37661,
    "sff": "14 days"
  },
  {
    "docID": "N064 Mountney, Zahner et al. 2013",
    "et": "Duration",
    "off": 15257,
    "sff": "2 h"
  },
  {
    "docID": "N064 Mountney, Zahner et al. 2013",
    "et": "Duration",
    "off": 20818,
    "sff": "35 days"
  },
  {
    "docID": "N064 Mountney, Zahner et al. 2013",
    "et": "Duration",
    "off": 23788,
    "sff": "2 weeks"
  },
  {
    "docID": "N064 Mountney, Zahner et al. 2013",
    "et": "Duration",
    "off": 28075,
    "sff": "3 week"
  },
  {
    "docID": "N064 Mountney, Zahner et al. 2013",
    "et": "Duration",
    "off": 14536,
    "sff": "16 h"
  },
  {
    "docID": "N064 Mountney, Zahner et al. 2013",
    "et": "Duration",
    "off": 23841,
    "sff": "8 days"
  },
  {
    "docID": "N064 Mountney, Zahner et al. 2013",
    "et": "Duration",
    "off": 34865,
    "sff": "14 days"
  },
  {
    "docID": "N064 Mountney, Zahner et al. 2013",
    "et": "Duration",
    "off": 28025,
    "sff": "35 days"
  },
  {
    "docID": "N064 Mountney, Zahner et al. 2013",
    "et": "Duration",
    "off": 27307,
    "sff": "21 days"
  },
  {
    "docID": "N064 Mountney, Zahner et al. 2013",
    "et": "Duration",
    "off": 27240,
    "sff": "3 weeks"
  },
  {
    "docID": "N064 Mountney, Zahner et al. 2013",
    "et": "Duration",
    "off": 1217,
    "sff": "2 week"
  },
  {
    "docID": "N064 Mountney, Zahner et al. 2013",
    "et": "Duration",
    "off": 15076,
    "sff": "2 h"
  },
  {
    "docID": "N064 Mountney, Zahner et al. 2013",
    "et": "Duration",
    "off": 16425,
    "sff": "14 days"
  },
  {
    "docID": "N064 Mountney, Zahner et al. 2013",
    "et": "Duration",
    "off": 19252,
    "sff": "3 weeks"
  },
  {
    "docID": "N064 Mountney, Zahner et al. 2013",
    "et": "Duration",
    "off": 24427,
    "sff": "14 days"
  },
  {
    "docID": "N064 Mountney, Zahner et al. 2013",
    "et": "Duration",
    "off": 28800,
    "sff": "35 days"
  },
  {
    "docID": "N064 Mountney, Zahner et al. 2013",
    "et": "Duration",
    "off": 13930,
    "sff": "12 days"
  },
  {
    "docID": "N064 Mountney, Zahner et al. 2013",
    "et": "Duration",
    "off": 28287,
    "sff": "35 days"
  },
  {
    "docID": "N064 Mountney, Zahner et al. 2013",
    "et": "Duration",
    "off": 19289,
    "sff": "2 weeks"
  },
  {
    "docID": "N064 Mountney, Zahner et al. 2013",
    "et": "Duration",
    "off": 28889,
    "sff": "2 weeks"
  },
  {
    "docID": "N064 Mountney, Zahner et al. 2013",
    "et": "Duration",
    "off": 24677,
    "sff": "8.6 days"
  },
  {
    "docID": "N064 Mountney, Zahner et al. 2013",
    "et": "Duration",
    "off": 18966,
    "sff": "2 weeks"
  },
  {
    "docID": "N064 Mountney, Zahner et al. 2013",
    "et": "Duration",
    "off": 6852,
    "sff": "14 days"
  },
  {
    "docID": "N064 Mountney, Zahner et al. 2013",
    "et": "Duration",
    "off": 12408,
    "sff": "2 h"
  },
  {
    "docID": "N064 Mountney, Zahner et al. 2013",
    "et": "Duration",
    "off": 14396,
    "sff": "5 h"
  },
  {
    "docID": "N064 Mountney, Zahner et al. 2013",
    "et": "Duration",
    "off": 17078,
    "sff": "12 days"
  },
  {
    "docID": "N064 Mountney, Zahner et al. 2013",
    "et": "Duration",
    "off": 19603,
    "sff": "21–35 days"
  },
  {
    "docID": "N064 Mountney, Zahner et al. 2013",
    "et": "Duration",
    "off": 20946,
    "sff": "21–35 days"
  },
  {
    "docID": "N064 Mountney, Zahner et al. 2013",
    "et": "Duration",
    "off": 24568,
    "sff": "14 day"
  },
  {
    "docID": "N064 Mountney, Zahner et al. 2013",
    "et": "LesionAdjacentTissue",
    "off": 25592,
    "sff": "lesion"
  },
  {
    "docID": "N064 Mountney, Zahner et al. 2013",
    "et": "LesionAdjacentTissue",
    "off": 31832,
    "sff": "lesion"
  },
  {
    "docID": "N064 Mountney, Zahner et al. 2013",
    "et": "LesionAdjacentTissue",
    "off": 13354,
    "sff": "lesion"
  },
  {
    "docID": "N064 Mountney, Zahner et al. 2013",
    "et": "LesionAdjacentTissue",
    "off": 30442,
    "sff": "lesion"
  },
  {
    "docID": "N064 Mountney, Zahner et al. 2013",
    "et": "LesionAdjacentTissue",
    "off": 31419,
    "sff": "lesion"
  },
  {
    "docID": "N064 Mountney, Zahner et al. 2013",
    "et": "LesionAdjacentTissue",
    "off": 22173,
    "sff": "lesion"
  },
  {
    "docID": "N064 Mountney, Zahner et al. 2013",
    "et": "LesionAdjacentTissue",
    "off": 22432,
    "sff": "lesion"
  },
  {
    "docID": "N064 Mountney, Zahner et al. 2013",
    "et": "LesionAdjacentTissue",
    "off": 10982,
    "sff": "lesion"
  },
  {
    "docID": "N064 Mountney, Zahner et al. 2013",
    "et": "SevereInjury",
    "off": 38619,
    "sff": "severe"
  },
  {
    "docID": "N064 Mountney, Zahner et al. 2013",
    "et": "SevereInjury",
    "off": 35510,
    "sff": "severe"
  },
  {
    "docID": "N064 Mountney, Zahner et al. 2013",
    "et": "CentralNervousSystem",
    "off": 37182,
    "sff": "nervous system"
  },
  {
    "docID": "N064 Mountney, Zahner et al. 2013",
    "et": "CentralNervousSystem",
    "off": 32928,
    "sff": "central nervous system"
  },
  {
    "docID": "N064 Mountney, Zahner et al. 2013",
    "et": "CentralNervousSystem",
    "off": 423,
    "sff": "central nervous"
  },
  {
    "docID": "N064 Mountney, Zahner et al. 2013",
    "et": "CentralNervousSystem",
    "off": 32928,
    "sff": "central nervous"
  },
  {
    "docID": "N064 Mountney, Zahner et al. 2013",
    "et": "CentralNervousSystem",
    "off": 37182,
    "sff": "nervous"
  },
  {
    "docID": "N064 Mountney, Zahner et al. 2013",
    "et": "CentralNervousSystem",
    "off": 423,
    "sff": "central nervous system"
  },
  {
    "docID": "N064 Mountney, Zahner et al. 2013",
    "et": "HartleyGuineaPig",
    "off": 44524,
    "sff": "Hartley"
  },
  {
    "docID": "N064 Mountney, Zahner et al. 2013",
    "et": "ModerateInjury",
    "off": 27086,
    "sff": "moderate"
  },
  {
    "docID": "N064 Mountney, Zahner et al. 2013",
    "et": "ModerateInjury",
    "off": 35331,
    "sff": "moderate"
  },
  {
    "docID": "N064 Mountney, Zahner et al. 2013",
    "et": "ModerateInjury",
    "off": 1074,
    "sff": "moderate"
  },
  {
    "docID": "N064 Mountney, Zahner et al. 2013",
    "et": "ModerateInjury",
    "off": 1893,
    "sff": "moderate"
  },
  {
    "docID": "N064 Mountney, Zahner et al. 2013",
    "et": "ModerateInjury",
    "off": 6360,
    "sff": "moderate"
  },
  {
    "docID": "N064 Mountney, Zahner et al. 2013",
    "et": "ModerateInjury",
    "off": 38827,
    "sff": "moderate"
  },
  {
    "docID": "N064 Mountney, Zahner et al. 2013",
    "et": "ModerateInjury",
    "off": 34440,
    "sff": "moderate"
  },
  {
    "docID": "N064 Mountney, Zahner et al. 2013",
    "et": "Matrix",
    "off": 10659,
    "sff": "Matrix"
  },
  {
    "docID": "N064 Mountney, Zahner et al. 2013",
    "et": "SpinalCentralPart",
    "off": 423,
    "sff": "central"
  },
  {
    "docID": "N064 Mountney, Zahner et al. 2013",
    "et": "SpinalCentralPart",
    "off": 32928,
    "sff": "central"
  },
  {
    "docID": "N064 Mountney, Zahner et al. 2013",
    "et": "AnatomicalLocation",
    "off": 33733,
    "sff": "anatomical"
  },
  {
    "docID": "N064 Mountney, Zahner et al. 2013",
    "et": "AnatomicalLocation",
    "off": 1476,
    "sff": "anatomical"
  },
  {
    "docID": "N064 Mountney, Zahner et al. 2013",
    "et": "AnatomicalLocation",
    "off": 31566,
    "sff": "anatomical"
  },
  {
    "docID": "N064 Mountney, Zahner et al. 2013",
    "et": "AnatomicalLocation",
    "off": 34413,
    "sff": "anatomical"
  },
  {
    "docID": "N064 Mountney, Zahner et al. 2013",
    "et": "AnatomicalLocation",
    "off": 3884,
    "sff": "anatomical"
  },
  {
    "docID": "N064 Mountney, Zahner et al. 2013",
    "et": "MildInjury",
    "off": 33473,
    "sff": "mild"
  },
  {
    "docID": "N064 Mountney, Zahner et al. 2013",
    "et": "MedicationDuringSurgery",
    "off": 13863,
    "sff": "during"
  },
  {
    "docID": "N064 Mountney, Zahner et al. 2013",
    "et": "MedicationDuringSurgery",
    "off": 19235,
    "sff": "during"
  },
  {
    "docID": "N064 Mountney, Zahner et al. 2013",
    "et": "MedicationDuringSurgery",
    "off": 22957,
    "sff": "during"
  },
  {
    "docID": "N064 Mountney, Zahner et al. 2013",
    "et": "Ketamine",
    "off": 5915,
    "sff": "ketamine"
  },
  {
    "docID": "N064 Mountney, Zahner et al. 2013",
    "et": "Ketamine",
    "off": 7309,
    "sff": "ketamine"
  },
  {
    "docID": "N064 Mountney, Zahner et al. 2013",
    "et": "Brain",
    "off": 41272,
    "sff": "brain"
  },
  {
    "docID": "N064 Mountney, Zahner et al. 2013",
    "et": "Brain",
    "off": 41091,
    "sff": "Brain"
  },
  {
    "docID": "N064 Mountney, Zahner et al. 2013",
    "et": "Brain",
    "off": 40258,
    "sff": "Brain"
  },
  {
    "docID": "N064 Mountney, Zahner et al. 2013",
    "et": "Brain",
    "off": 43643,
    "sff": "brain"
  },
  {
    "docID": "N064 Mountney, Zahner et al. 2013",
    "et": "Laminectomy",
    "off": 6121,
    "sff": "laminectomy"
  },
  {
    "docID": "N064 Mountney, Zahner et al. 2013",
    "et": "AscendingFiberTract",
    "off": 13563,
    "sff": "fiber"
  },
  {
    "docID": "N064 Mountney, Zahner et al. 2013",
    "et": "SpinalWhiteMatter",
    "off": 26004,
    "sff": "white matter"
  },
  {
    "docID": "N064 Mountney, Zahner et al. 2013",
    "et": "SpinalWhiteMatter",
    "off": 17431,
    "sff": "white matter"
  },
  {
    "docID": "N064 Mountney, Zahner et al. 2013",
    "et": "SpinalWhiteMatter",
    "off": 31366,
    "sff": "white"
  },
  {
    "docID": "N064 Mountney, Zahner et al. 2013",
    "et": "SpinalWhiteMatter",
    "off": 11496,
    "sff": "white matter"
  },
  {
    "docID": "N064 Mountney, Zahner et al. 2013",
    "et": "SpinalWhiteMatter",
    "off": 25471,
    "sff": "white matter"
  },
  {
    "docID": "N064 Mountney, Zahner et al. 2013",
    "et": "SpinalWhiteMatter",
    "off": 1345,
    "sff": "white matter"
  },
  {
    "docID": "N064 Mountney, Zahner et al. 2013",
    "et": "MeasurementOfIncreasingTemperature",
    "off": 26639,
    "sff": "Increasing"
  },
  {
    "docID": "N064 Mountney, Zahner et al. 2013",
    "et": "MeasurementOfIncreasingTemperature",
    "off": 17448,
    "sff": "increasing"
  },
  {
    "docID": "N064 Mountney, Zahner et al. 2013",
    "et": "MeasurementOfIncreasingTemperature",
    "off": 9272,
    "sff": "measurement"
  },
  {
    "docID": "N064 Mountney, Zahner et al. 2013",
    "et": "Antibody",
    "off": 15137,
    "sff": "antibody"
  },
  {
    "docID": "N064 Mountney, Zahner et al. 2013",
    "et": "Antibody",
    "off": 26303,
    "sff": "antibody"
  },
  {
    "docID": "N064 Mountney, Zahner et al. 2013",
    "et": "Antibody",
    "off": 12922,
    "sff": "antibody"
  },
  {
    "docID": "N064 Mountney, Zahner et al. 2013",
    "et": "Antibody",
    "off": 15244,
    "sff": "antibody"
  },
  {
    "docID": "N064 Mountney, Zahner et al. 2013",
    "et": "Antibody",
    "off": 30137,
    "sff": "Antibody"
  },
  {
    "docID": "N064 Mountney, Zahner et al. 2013",
    "et": "Antibody",
    "off": 17592,
    "sff": "antibody"
  },
  {
    "docID": "N064 Mountney, Zahner et al. 2013",
    "et": "Antibody",
    "off": 14871,
    "sff": "antibody"
  },
  {
    "docID": "N064 Mountney, Zahner et al. 2013",
    "et": "Antibody",
    "off": 17559,
    "sff": "antibody"
  },
  {
    "docID": "N064 Mountney, Zahner et al. 2013",
    "et": "Purification",
    "off": 42381,
    "sff": "Purification"
  },
  {
    "docID": "N064 Mountney, Zahner et al. 2013",
    "et": "UmbilicalCordBloodStemCell",
    "off": 8943,
    "sff": "blood"
  },
  {
    "docID": "N064 Mountney, Zahner et al. 2013",
    "et": "ContusionType",
    "off": 1104,
    "sff": "contusion"
  },
  {
    "docID": "N064 Mountney, Zahner et al. 2013",
    "et": "ContusionType",
    "off": 21967,
    "sff": "contusion"
  },
  {
    "docID": "N064 Mountney, Zahner et al. 2013",
    "et": "ContusionType",
    "off": 23119,
    "sff": "contusion"
  },
  {
    "docID": "N064 Mountney, Zahner et al. 2013",
    "et": "ContusionType",
    "off": 33490,
    "sff": "contusion"
  },
  {
    "docID": "N064 Mountney, Zahner et al. 2013",
    "et": "ContusionType",
    "off": 41490,
    "sff": "contusion"
  },
  {
    "docID": "N064 Mountney, Zahner et al. 2013",
    "et": "ContusionType",
    "off": 34449,
    "sff": "contusion"
  },
  {
    "docID": "N064 Mountney, Zahner et al. 2013",
    "et": "ContusionType",
    "off": 35352,
    "sff": "contusion"
  },
  {
    "docID": "N064 Mountney, Zahner et al. 2013",
    "et": "ContusionType",
    "off": 34137,
    "sff": "contusion"
  },
  {
    "docID": "N064 Mountney, Zahner et al. 2013",
    "et": "ContusionType",
    "off": 2078,
    "sff": "contusion"
  },
  {
    "docID": "N064 Mountney, Zahner et al. 2013",
    "et": "ContusionType",
    "off": 38848,
    "sff": "contusion"
  },
  {
    "docID": "N064 Mountney, Zahner et al. 2013",
    "et": "ContusionType",
    "off": 41855,
    "sff": "contusion"
  },
  {
    "docID": "N064 Mountney, Zahner et al. 2013",
    "et": "ContusionType",
    "off": 22791,
    "sff": "contusion"
  },
  {
    "docID": "N064 Mountney, Zahner et al. 2013",
    "et": "ContusionType",
    "off": 27055,
    "sff": "contusion"
  },
  {
    "docID": "N064 Mountney, Zahner et al. 2013",
    "et": "ContusionType",
    "off": 183,
    "sff": "Contusion"
  },
  {
    "docID": "N064 Mountney, Zahner et al. 2013",
    "et": "ContusionType",
    "off": 3825,
    "sff": "contusion"
  },
  {
    "docID": "N064 Mountney, Zahner et al. 2013",
    "et": "ContusionType",
    "off": 40890,
    "sff": "contusion"
  },
  {
    "docID": "N064 Mountney, Zahner et al. 2013",
    "et": "ContusionType",
    "off": 1914,
    "sff": "contusion"
  },
  {
    "docID": "N064 Mountney, Zahner et al. 2013",
    "et": "ContusionType",
    "off": 23227,
    "sff": "contusion"
  },
  {
    "docID": "N064 Mountney, Zahner et al. 2013",
    "et": "ContusionType",
    "off": 35069,
    "sff": "contusion"
  },
  {
    "docID": "N064 Mountney, Zahner et al. 2013",
    "et": "ContusionType",
    "off": 35517,
    "sff": "contusion"
  },
  {
    "docID": "N064 Mountney, Zahner et al. 2013",
    "et": "ContusionType",
    "off": 23583,
    "sff": "contusion"
  },
  {
    "docID": "N064 Mountney, Zahner et al. 2013",
    "et": "ContusionType",
    "off": 6369,
    "sff": "contusion"
  },
  {
    "docID": "N064 Mountney, Zahner et al. 2013",
    "et": "ContusionType",
    "off": 21923,
    "sff": "contusion"
  },
  {
    "docID": "N064 Mountney, Zahner et al. 2013",
    "et": "ContusionType",
    "off": 742,
    "sff": "contusion"
  },
  {
    "docID": "N064 Mountney, Zahner et al. 2013",
    "et": "ContusionType",
    "off": 27111,
    "sff": "contusion"
  },
  {
    "docID": "N064 Mountney, Zahner et al. 2013",
    "et": "ContusionType",
    "off": 33771,
    "sff": "contusion"
  },
  {
    "docID": "N064 Mountney, Zahner et al. 2013",
    "et": "ContusionType",
    "off": 40427,
    "sff": "contusion"
  },
  {
    "docID": "N064 Mountney, Zahner et al. 2013",
    "et": "ContusionType",
    "off": 20269,
    "sff": "contusion"
  },
  {
    "docID": "N064 Mountney, Zahner et al. 2013",
    "et": "ContusionType",
    "off": 24174,
    "sff": "contusion"
  },
  {
    "docID": "N064 Mountney, Zahner et al. 2013",
    "et": "ContusionType",
    "off": 35181,
    "sff": "contusion"
  },
  {
    "docID": "N064 Mountney, Zahner et al. 2013",
    "et": "Protein",
    "off": 37442,
    "sff": "protein"
  },
  {
    "docID": "N064 Mountney, Zahner et al. 2013",
    "et": "Protein",
    "off": 36784,
    "sff": "protein"
  },
  {
    "docID": "N064 Mountney, Zahner et al. 2013",
    "et": "GlialCell",
    "off": 39503,
    "sff": "glial"
  },
  {
    "docID": "N064 Mountney, Zahner et al. 2013",
    "et": "GlialCell",
    "off": 41023,
    "sff": "glial"
  },
  {
    "docID": "N064 Mountney, Zahner et al. 2013",
    "et": "GlialCell",
    "off": 2668,
    "sff": "glial"
  },
  {
    "docID": "N064 Mountney, Zahner et al. 2013",
    "et": "GlialCell",
    "off": 39580,
    "sff": "Glial"
  },
  {
    "docID": "N064 Mountney, Zahner et al. 2013",
    "et": "InfusionDelivery",
    "off": 5025,
    "sff": "Infusion"
  },
  {
    "docID": "N064 Mountney, Zahner et al. 2013",
    "et": "InfusionDelivery",
    "off": 24212,
    "sff": "infusion"
  },
  {
    "docID": "N064 Mountney, Zahner et al. 2013",
    "et": "InfusionDelivery",
    "off": 16549,
    "sff": "infusion"
  },
  {
    "docID": "N064 Mountney, Zahner et al. 2013",
    "et": "InfusionDelivery",
    "off": 3323,
    "sff": "infusion"
  },
  {
    "docID": "N064 Mountney, Zahner et al. 2013",
    "et": "InfusionDelivery",
    "off": 7497,
    "sff": "infusion"
  },
  {
    "docID": "N064 Mountney, Zahner et al. 2013",
    "et": "InfusionDelivery",
    "off": 24280,
    "sff": "infusion"
  },
  {
    "docID": "N064 Mountney, Zahner et al. 2013",
    "et": "InfusionDelivery",
    "off": 1224,
    "sff": "infusion"
  },
  {
    "docID": "N064 Mountney, Zahner et al. 2013",
    "et": "InfusionDelivery",
    "off": 24809,
    "sff": "infusion"
  },
  {
    "docID": "N064 Mountney, Zahner et al. 2013",
    "et": "InfusionDelivery",
    "off": 2034,
    "sff": "infusion"
  },
  {
    "docID": "N064 Mountney, Zahner et al. 2013",
    "et": "InfusionDelivery",
    "off": 24575,
    "sff": "infusion"
  },
  {
    "docID": "N064 Mountney, Zahner et al. 2013",
    "et": "InfusionDelivery",
    "off": 26448,
    "sff": "infusion"
  },
  {
    "docID": "N064 Mountney, Zahner et al. 2013",
    "et": "SpinalGrayMatter",
    "off": 25995,
    "sff": "gray"
  },
  {
    "docID": "N064 Mountney, Zahner et al. 2013",
    "et": "SpinalGrayMatter",
    "off": 1336,
    "sff": "gray"
  },
  {
    "docID": "N064 Mountney, Zahner et al. 2013",
    "et": "SpinalGrayMatter",
    "off": 17422,
    "sff": "gray"
  },
  {
    "docID": "N064 Mountney, Zahner et al. 2013",
    "et": "SpinalGrayMatter",
    "off": 31375,
    "sff": "gray matter"
  },
  {
    "docID": "N064 Mountney, Zahner et al. 2013",
    "et": "SpinalGrayMatter",
    "off": 25462,
    "sff": "gray"
  },
  {
    "docID": "N064 Mountney, Zahner et al. 2013",
    "et": "SpinalGrayMatter",
    "off": 11510,
    "sff": "gray matter"
  },
  {
    "docID": "N064 Mountney, Zahner et al. 2013",
    "et": "Melatonin",
    "off": 42799,
    "sff": "melatonin"
  },
  {
    "docID": "N064 Mountney, Zahner et al. 2013",
    "et": "PostSurgeryCondition",
    "off": 10317,
    "sff": "post"
  },
  {
    "docID": "N064 Mountney, Zahner et al. 2013",
    "et": "RatSpecies",
    "off": 41268,
    "sff": "rat"
  },
  {
    "docID": "N064 Mountney, Zahner et al. 2013",
    "et": "RatSpecies",
    "off": 40241,
    "sff": "rat"
  },
  {
    "docID": "N064 Mountney, Zahner et al. 2013",
    "et": "RatSpecies",
    "off": 43342,
    "sff": "rat"
  },
  {
    "docID": "N064 Mountney, Zahner et al. 2013",
    "et": "RatSpecies",
    "off": 717,
    "sff": "rat"
  },
  {
    "docID": "N064 Mountney, Zahner et al. 2013",
    "et": "RatSpecies",
    "off": 4940,
    "sff": "rat"
  },
  {
    "docID": "N064 Mountney, Zahner et al. 2013",
    "et": "RatSpecies",
    "off": 3563,
    "sff": "rat"
  },
  {
    "docID": "N064 Mountney, Zahner et al. 2013",
    "et": "RatSpecies",
    "off": 41514,
    "sff": "rat"
  },
  {
    "docID": "N064 Mountney, Zahner et al. 2013",
    "et": "RatSpecies",
    "off": 3848,
    "sff": "rat"
  },
  {
    "docID": "N064 Mountney, Zahner et al. 2013",
    "et": "RatSpecies",
    "off": 33795,
    "sff": "rat"
  },
  {
    "docID": "N064 Mountney, Zahner et al. 2013",
    "et": "RatSpecies",
    "off": 24000,
    "sff": "rat"
  },
  {
    "docID": "N064 Mountney, Zahner et al. 2013",
    "et": "RatSpecies",
    "off": 19899,
    "sff": "rat"
  },
  {
    "docID": "N064 Mountney, Zahner et al. 2013",
    "et": "RatSpecies",
    "off": 5624,
    "sff": "rat"
  },
  {
    "docID": "N064 Mountney, Zahner et al. 2013",
    "et": "RatSpecies",
    "off": 44408,
    "sff": "rat"
  },
  {
    "docID": "N064 Mountney, Zahner et al. 2013",
    "et": "RatSpecies",
    "off": 23607,
    "sff": "rat"
  },
  {
    "docID": "N064 Mountney, Zahner et al. 2013",
    "et": "SodiumPentobarbital",
    "off": 9937,
    "sff": "sodium"
  },
  {
    "docID": "N064 Mountney, Zahner et al. 2013",
    "et": "SodiumPentobarbital",
    "off": 42218,
    "sff": "sodium"
  },
  {
    "docID": "N064 Mountney, Zahner et al. 2013",
    "et": "Caudal",
    "off": 10925,
    "sff": "caudal"
  },
  {
    "docID": "N064 Mountney, Zahner et al. 2013",
    "et": "Caudal",
    "off": 30432,
    "sff": "caudal"
  },
  {
    "docID": "N064 Mountney, Zahner et al. 2013",
    "et": "Caudal",
    "off": 22159,
    "sff": "caudal"
  },
  {
    "docID": "N064 Mountney, Zahner et al. 2013",
    "et": "Caudal",
    "off": 22418,
    "sff": "caudal"
  },
  {
    "docID": "N064 Mountney, Zahner et al. 2013",
    "et": "Caudal",
    "off": 1777,
    "sff": "caudal"
  },
  {
    "docID": "N064 Mountney, Zahner et al. 2013",
    "et": "Caudal",
    "off": 25576,
    "sff": "caudal"
  },
  {
    "docID": "N064 Mountney, Zahner et al. 2013",
    "et": "Caudal",
    "off": 21911,
    "sff": "caudal"
  },
  {
    "docID": "N064 Mountney, Zahner et al. 2013",
    "et": "Caudal",
    "off": 30970,
    "sff": "caudal"
  },
  {
    "docID": "N064 Mountney, Zahner et al. 2013",
    "et": "Caudal",
    "off": 13340,
    "sff": "caudal"
  },
  {
    "docID": "N064 Mountney, Zahner et al. 2013",
    "et": "Enzyme",
    "off": 25012,
    "sff": "Enzyme"
  },
  {
    "docID": "N064 Mountney, Zahner et al. 2013",
    "et": "Enzyme",
    "off": 5017,
    "sff": "enzyme"
  },
  {
    "docID": "N064 Mountney, Zahner et al. 2013",
    "et": "Enzyme",
    "off": 26265,
    "sff": "enzyme"
  },
  {
    "docID": "N064 Mountney, Zahner et al. 2013",
    "et": "Enzyme",
    "off": 24892,
    "sff": "enzyme"
  },
  {
    "docID": "N064 Mountney, Zahner et al. 2013",
    "et": "Enzyme",
    "off": 34843,
    "sff": "enzyme"
  },
  {
    "docID": "N064 Mountney, Zahner et al. 2013",
    "et": "Enzyme",
    "off": 16694,
    "sff": "enzyme"
  },
  {
    "docID": "N064 Mountney, Zahner et al. 2013",
    "et": "Enzyme",
    "off": 23874,
    "sff": "enzyme"
  },
  {
    "docID": "N064 Mountney, Zahner et al. 2013",
    "et": "Enzyme",
    "off": 24994,
    "sff": "enzyme"
  },
  {
    "docID": "N064 Mountney, Zahner et al. 2013",
    "et": "Enzyme",
    "off": 24129,
    "sff": "enzyme"
  },
  {
    "docID": "N064 Mountney, Zahner et al. 2013",
    "et": "Enzyme",
    "off": 35908,
    "sff": "enzyme"
  },
  {
    "docID": "N064 Mountney, Zahner et al. 2013",
    "et": "Enzyme",
    "off": 24515,
    "sff": "enzyme"
  },
  {
    "docID": "N064 Mountney, Zahner et al. 2013",
    "et": "Enzyme",
    "off": 25763,
    "sff": "enzyme"
  },
  {
    "docID": "N064 Mountney, Zahner et al. 2013",
    "et": "Enzyme",
    "off": 1983,
    "sff": "enzyme"
  },
  {
    "docID": "N064 Mountney, Zahner et al. 2013",
    "et": "Enzyme",
    "off": 36319,
    "sff": "enzyme"
  },
  {
    "docID": "N064 Mountney, Zahner et al. 2013",
    "et": "Enzyme",
    "off": 31849,
    "sff": "Enzyme"
  },
  {
    "docID": "N064 Mountney, Zahner et al. 2013",
    "et": "Enzyme",
    "off": 805,
    "sff": "enzyme"
  },
  {
    "docID": "N064 Mountney, Zahner et al. 2013",
    "et": "Enzyme",
    "off": 14949,
    "sff": "enzyme"
  },
  {
    "docID": "N064 Mountney, Zahner et al. 2013",
    "et": "Enzyme",
    "off": 24628,
    "sff": "enzyme"
  },
  {
    "docID": "N064 Mountney, Zahner et al. 2013",
    "et": "Enzyme",
    "off": 23416,
    "sff": "Enzyme"
  },
  {
    "docID": "N064 Mountney, Zahner et al. 2013",
    "et": "Enzyme",
    "off": 34702,
    "sff": "enzyme"
  },
  {
    "docID": "N064 Mountney, Zahner et al. 2013",
    "et": "Enzyme",
    "off": 7661,
    "sff": "enzyme"
  },
  {
    "docID": "N064 Mountney, Zahner et al. 2013",
    "et": "Enzyme",
    "off": 13783,
    "sff": "Enzyme"
  },
  {
    "docID": "N064 Mountney, Zahner et al. 2013",
    "et": "Enzyme",
    "off": 34893,
    "sff": "enzyme"
  },
  {
    "docID": "N064 Mountney, Zahner et al. 2013",
    "et": "Enzyme",
    "off": 24975,
    "sff": "enzyme"
  },
  {
    "docID": "N064 Mountney, Zahner et al. 2013",
    "et": "NewZealandRabbit",
    "off": 7015,
    "sff": "New"
  },
  {
    "docID": "N064 Mountney, Zahner et al. 2013",
    "et": "NewZealandRabbit",
    "off": 6031,
    "sff": "New"
  },
  {
    "docID": "N064 Mountney, Zahner et al. 2013",
    "et": "Albumin",
    "off": 24010,
    "sff": "albumin"
  },
  {
    "docID": "N064 Mountney, Zahner et al. 2013",
    "et": "Albumin",
    "off": 15018,
    "sff": "albumin"
  },
  {
    "docID": "N064 Mountney, Zahner et al. 2013",
    "et": "Albumin",
    "off": 12491,
    "sff": "albumin"
  },
  {
    "docID": "N064 Mountney, Zahner et al. 2013",
    "et": "Albumin",
    "off": 4950,
    "sff": "albumin"
  },
  {
    "docID": "N064 Mountney, Zahner et al. 2013",
    "et": "Albumin",
    "off": 5634,
    "sff": "albumin"
  },
  {
    "docID": "N064 Mountney, Zahner et al. 2013",
    "et": "SigmaAldrich",
    "off": 4959,
    "sff": "Sigma-Aldrich"
  },
  {
    "docID": "N064 Mountney, Zahner et al. 2013",
    "et": "SigmaAldrich",
    "off": 4433,
    "sff": "Sigma-Aldrich"
  },
  {
    "docID": "N064 Mountney, Zahner et al. 2013",
    "et": "T10",
    "off": 6279,
    "sff": "T10"
  },
  {
    "docID": "N064 Mountney, Zahner et al. 2013",
    "et": "T13",
    "off": 6161,
    "sff": "T13"
  },
  {
    "docID": "N064 Mountney, Zahner et al. 2013",
    "et": "PartialTransection",
    "off": 19205,
    "sff": "partial"
  },
  {
    "docID": "N064 Mountney, Zahner et al. 2013",
    "et": "PartialTransection",
    "off": 27189,
    "sff": "partial"
  },
  {
    "docID": "N064 Mountney, Zahner et al. 2013",
    "et": "Thoracic",
    "off": 1083,
    "sff": "thoracic"
  },
  {
    "docID": "N064 Mountney, Zahner et al. 2013",
    "et": "Seikagaku",
    "off": 4312,
    "sff": "Seikagaku"
  },
  {
    "docID": "N064 Mountney, Zahner et al. 2013",
    "et": "Seikagaku",
    "off": 15160,
    "sff": "Seikagaku"
  },
  {
    "docID": "N064 Mountney, Zahner et al. 2013",
    "et": "StemCellSourceType",
    "off": 11172,
    "sff": "cell"
  },
  {
    "docID": "N064 Mountney, Zahner et al. 2013",
    "et": "InVitroExperimentalProcedure",
    "off": 3482,
    "sff": "experimental"
  },
  {
    "docID": "N064 Mountney, Zahner et al. 2013",
    "et": "InVitroExperimentalProcedure",
    "off": 3117,
    "sff": "experimental"
  },
  {
    "docID": "N064 Mountney, Zahner et al. 2013",
    "et": "InVitroExperimentalProcedure",
    "off": 3356,
    "sff": "experimental"
  },
  {
    "docID": "N064 Mountney, Zahner et al. 2013",
    "et": "InVitroExperimentalProcedure",
    "off": 23807,
    "sff": "vitro"
  },
  {
    "docID": "N064 Mountney, Zahner et al. 2013",
    "et": "InVitroExperimentalProcedure",
    "off": 24379,
    "sff": "experimental"
  },
  {
    "docID": "N064 Mountney, Zahner et al. 2013",
    "et": "InVitroExperimentalProcedure",
    "off": 23859,
    "sff": "vitro"
  },
  {
    "docID": "N064 Mountney, Zahner et al. 2013",
    "et": "InVitroExperimentalProcedure",
    "off": 24710,
    "sff": "vitro"
  },
  {
    "docID": "N064 Mountney, Zahner et al. 2013",
    "et": "MeasurementOfDecreasingTemperature",
    "off": 9272,
    "sff": "measurement"
  },
  {
    "docID": "N064 Mountney, Zahner et al. 2013",
    "et": "IntraperitonealLocation",
    "off": 5888,
    "sff": "intraperitoneal"
  },
  {
    "docID": "N064 Mountney, Zahner et al. 2013",
    "et": "VentralInjuryArea",
    "off": 31183,
    "sff": "ventral"
  },
  {
    "docID": "N064 Mountney, Zahner et al. 2013",
    "et": "VentralInjuryArea",
    "off": 13657,
    "sff": "ventral"
  },
  {
    "docID": "N064 Mountney, Zahner et al. 2013",
    "et": "VentralInjuryArea",
    "off": 13114,
    "sff": "ventral"
  },
  {
    "docID": "N064 Mountney, Zahner et al. 2013",
    "et": "VentralInjuryArea",
    "off": 25514,
    "sff": "ventral"
  },
  {
    "docID": "N064 Mountney, Zahner et al. 2013",
    "et": "VentralInjuryArea",
    "off": 30394,
    "sff": "ventral"
  },
  {
    "docID": "N064 Mountney, Zahner et al. 2013",
    "et": "VentralInjuryArea",
    "off": 17638,
    "sff": "ventral"
  },
  {
    "docID": "N064 Mountney, Zahner et al. 2013",
    "et": "VentralInjuryArea",
    "off": 22262,
    "sff": "ventral"
  },
  {
    "docID": "N064 Mountney, Zahner et al. 2013",
    "et": "VentralInjuryArea",
    "off": 13266,
    "sff": "ventral"
  },
  {
    "docID": "N064 Mountney, Zahner et al. 2013",
    "et": "VentralInjuryArea",
    "off": 18563,
    "sff": "ventral"
  },
  {
    "docID": "N064 Mountney, Zahner et al. 2013",
    "et": "VentralInjuryArea",
    "off": 17236,
    "sff": "ventral"
  },
  {
    "docID": "N064 Mountney, Zahner et al. 2013",
    "et": "VentralInjuryArea",
    "off": 18196,
    "sff": "ventral"
  },
  {
    "docID": "N064 Mountney, Zahner et al. 2013",
    "et": "AntiNogoAAntibody",
    "off": 2481,
    "sff": "Nogo"
  },
  {
    "docID": "N064 Mountney, Zahner et al. 2013",
    "et": "AntiNogoAAntibody",
    "off": 40906,
    "sff": "nogo"
  },
  {
    "docID": "N064 Mountney, Zahner et al. 2013",
    "et": "LongEvansRat",
    "off": 16495,
    "sff": "Evans"
  },
  {
    "docID": "N064 Mountney, Zahner et al. 2013",
    "et": "Cell",
    "off": 11172,
    "sff": "cell"
  },
  {
    "docID": "N064 Mountney, Zahner et al. 2013",
    "et": "SpinalDorsalHalf",
    "off": 17608,
    "sff": "dorsal"
  },
  {
    "docID": "N064 Mountney, Zahner et al. 2013",
    "et": "SpinalDorsalHalf",
    "off": 18533,
    "sff": "dorsal"
  },
  {
    "docID": "N064 Mountney, Zahner et al. 2013",
    "et": "SpinalDorsalHalf",
    "off": 6076,
    "sff": "dorsal"
  },
  {
    "docID": "N064 Mountney, Zahner et al. 2013",
    "et": "SpinalDorsalHalf",
    "off": 30730,
    "sff": "dorsal"
  },
  {
    "docID": "N064 Mountney, Zahner et al. 2013",
    "et": "SpinalDorsalHalf",
    "off": 18185,
    "sff": "Dorsal"
  },
  {
    "docID": "N064 Mountney, Zahner et al. 2013",
    "et": "SpinalDorsalHalf",
    "off": 25503,
    "sff": "dorsal"
  },
  {
    "docID": "N064 Mountney, Zahner et al. 2013",
    "et": "SpinalDorsalHalf",
    "off": 17210,
    "sff": "Dorsal"
  },
  {
    "docID": "N064 Mountney, Zahner et al. 2013",
    "et": "SpinalDorsalHalf",
    "off": 9428,
    "sff": "dorsal"
  },
  {
    "docID": "N064 Mountney, Zahner et al. 2013",
    "et": "17BetaEstradiolE2",
    "off": 42718,
    "sff": "17"
  },
  {
    "docID": "N064 Mountney, Zahner et al. 2013",
    "et": "Isoflurane",
    "off": 9071,
    "sff": "isoflurane"
  },
  {
    "docID": "N064 Mountney, Zahner et al. 2013",
    "et": "CompleteTransectionType",
    "off": 29722,
    "sff": "complete"
  },
  {
    "docID": "N064 Mountney, Zahner et al. 2013",
    "et": "CompleteTransectionType",
    "off": 8718,
    "sff": "complete"
  },
  {
    "docID": "N064 Mountney, Zahner et al. 2013",
    "et": "CompleteTransectionType",
    "off": 21488,
    "sff": "complete"
  },
  {
    "docID": "N064 Mountney, Zahner et al. 2013",
    "et": "Water",
    "off": 14763,
    "sff": "water"
  },
  {
    "docID": "N064 Mountney, Zahner et al. 2013",
    "et": "TakedaPharmaceuticalCompany",
    "off": 5942,
    "sff": "Pharmaceutical"
  },
  {
    "docID": "N064 Mountney, Zahner et al. 2013",
    "et": "ExperimentalProcedure",
    "off": 24379,
    "sff": "experimental"
  },
  {
    "docID": "N064 Mountney, Zahner et al. 2013",
    "et": "ExperimentalProcedure",
    "off": 3482,
    "sff": "experimental"
  },
  {
    "docID": "N064 Mountney, Zahner et al. 2013",
    "et": "ExperimentalProcedure",
    "off": 3117,
    "sff": "experimental"
  },
  {
    "docID": "N064 Mountney, Zahner et al. 2013",
    "et": "ExperimentalProcedure",
    "off": 3356,
    "sff": "experimental"
  },
  {
    "docID": "N064 Mountney, Zahner et al. 2013",
    "et": "BodyTemperatureMeasurement",
    "off": 15270,
    "sff": "temperature"
  },
  {
    "docID": "N064 Mountney, Zahner et al. 2013",
    "et": "BodyTemperatureMeasurement",
    "off": 15091,
    "sff": "temperature"
  },
  {
    "docID": "N064 Mountney, Zahner et al. 2013",
    "et": "BodyTemperatureMeasurement",
    "off": 12952,
    "sff": "temperature"
  },
  {
    "docID": "N064 Mountney, Zahner et al. 2013",
    "et": "BodyTemperatureMeasurement",
    "off": 12423,
    "sff": "temperature"
  },
  {
    "docID": "N064 Mountney, Zahner et al. 2013",
    "et": "PartialTransectionType",
    "off": 19205,
    "sff": "partial"
  },
  {
    "docID": "N064 Mountney, Zahner et al. 2013",
    "et": "PartialTransectionType",
    "off": 27189,
    "sff": "partial"
  },
  {
    "docID": "N064 Mountney, Zahner et al. 2013",
    "et": "CorticospinalTract",
    "off": 41799,
    "sff": "corticospinal"
  },
  {
    "docID": "N064 Mountney, Zahner et al. 2013",
    "et": "CorticospinalTract",
    "off": 35108,
    "sff": "corticospinal tract"
  },
  {
    "docID": "N064 Mountney, Zahner et al. 2013",
    "et": "BrainDerivedNeurotrophicFactor",
    "off": 41272,
    "sff": "brain"
  },
  {
    "docID": "N064 Mountney, Zahner et al. 2013",
    "et": "BrainDerivedNeurotrophicFactor",
    "off": 40258,
    "sff": "Brain"
  },
  {
    "docID": "N064 Mountney, Zahner et al. 2013",
    "et": "BrainDerivedNeurotrophicFactor",
    "off": 43643,
    "sff": "brain"
  },
  {
    "docID": "N064 Mountney, Zahner et al. 2013",
    "et": "BrainDerivedNeurotrophicFactor",
    "off": 41091,
    "sff": "Brain"
  },
  {
    "docID": "N064 Mountney, Zahner et al. 2013",
    "et": "VentralHemisection",
    "off": 13266,
    "sff": "ventral"
  },
  {
    "docID": "N064 Mountney, Zahner et al. 2013",
    "et": "VentralHemisection",
    "off": 17236,
    "sff": "ventral"
  },
  {
    "docID": "N064 Mountney, Zahner et al. 2013",
    "et": "VentralHemisection",
    "off": 18196,
    "sff": "ventral"
  },
  {
    "docID": "N064 Mountney, Zahner et al. 2013",
    "et": "VentralHemisection",
    "off": 18563,
    "sff": "ventral"
  },
  {
    "docID": "N064 Mountney, Zahner et al. 2013",
    "et": "VentralHemisection",
    "off": 17638,
    "sff": "ventral"
  },
  {
    "docID": "N064 Mountney, Zahner et al. 2013",
    "et": "VentralHemisection",
    "off": 22262,
    "sff": "ventral"
  },
  {
    "docID": "N064 Mountney, Zahner et al. 2013",
    "et": "VentralHemisection",
    "off": 13114,
    "sff": "ventral"
  },
  {
    "docID": "N064 Mountney, Zahner et al. 2013",
    "et": "VentralHemisection",
    "off": 13657,
    "sff": "ventral"
  },
  {
    "docID": "N064 Mountney, Zahner et al. 2013",
    "et": "VentralHemisection",
    "off": 25514,
    "sff": "ventral"
  },
  {
    "docID": "N064 Mountney, Zahner et al. 2013",
    "et": "VentralHemisection",
    "off": 30394,
    "sff": "ventral"
  },
  {
    "docID": "N064 Mountney, Zahner et al. 2013",
    "et": "VentralHemisection",
    "off": 31183,
    "sff": "ventral"
  },
  {
    "docID": "N064 Mountney, Zahner et al. 2013",
    "et": "CompleteInjuryArea",
    "off": 29722,
    "sff": "complete"
  },
  {
    "docID": "N064 Mountney, Zahner et al. 2013",
    "et": "CompleteInjuryArea",
    "off": 21488,
    "sff": "complete"
  },
  {
    "docID": "N064 Mountney, Zahner et al. 2013",
    "et": "CompleteInjuryArea",
    "off": 8718,
    "sff": "complete"
  }
]
