[
  {
    "docID": "N075 Amemori 2010",
    "et": "BrainNucleus",
    "off": 43686,
    "sff": "Brain"
  },
  {
    "docID": "N075 Amemori 2010",
    "et": "BrainNucleus",
    "off": 45659,
    "sff": "brain"
  },
  {
    "docID": "N075 Amemori 2010",
    "et": "BrainNucleus",
    "off": 47351,
    "sff": "Brain"
  },
  {
    "docID": "N075 Amemori 2010",
    "et": "BrainNucleus",
    "off": 44739,
    "sff": "brain"
  },
  {
    "docID": "N075 Amemori 2010",
    "et": "BrainNucleus",
    "off": 45694,
    "sff": "Brain"
  },
  {
    "docID": "N075 Amemori 2010",
    "et": "BrainNucleus",
    "off": 43451,
    "sff": "Brain"
  },
  {
    "docID": "N075 Amemori 2010",
    "et": "CompleteTransection",
    "off": 36984,
    "sff": "complete"
  },
  {
    "docID": "N075 Amemori 2010",
    "et": "OlfactoryEnsheathingGliaCell",
    "off": 23,
    "sff": "olfactory ensheathing"
  },
  {
    "docID": "N075 Amemori 2010",
    "et": "OlfactoryEnsheathingGliaCell",
    "off": 43398,
    "sff": "Olfactory ensheathing"
  },
  {
    "docID": "N075 Amemori 2010",
    "et": "OlfactoryEnsheathingGliaCell",
    "off": 43985,
    "sff": "ensheathing"
  },
  {
    "docID": "N075 Amemori 2010",
    "et": "OlfactoryEnsheathingGliaCell",
    "off": 46812,
    "sff": "Olfactory ensheathing cell"
  },
  {
    "docID": "N075 Amemori 2010",
    "et": "OlfactoryEnsheathingGliaCell",
    "off": 44303,
    "sff": "olfactory ensheathing"
  },
  {
    "docID": "N075 Amemori 2010",
    "et": "OlfactoryEnsheathingGliaCell",
    "off": 2303,
    "sff": "olfactory ensheathing glia"
  },
  {
    "docID": "N075 Amemori 2010",
    "et": "OlfactoryEnsheathingGliaCell",
    "off": 49111,
    "sff": "ensheathing"
  },
  {
    "docID": "N075 Amemori 2010",
    "et": "OlfactoryEnsheathingGliaCell",
    "off": 519,
    "sff": "Olfactory ensheathing"
  },
  {
    "docID": "N075 Amemori 2010",
    "et": "OlfactoryEnsheathingGliaCell",
    "off": 44164,
    "sff": "ensheathing glia"
  },
  {
    "docID": "N075 Amemori 2010",
    "et": "OlfactoryEnsheathingGliaCell",
    "off": 42949,
    "sff": "olfactory ensheathing glia"
  },
  {
    "docID": "N075 Amemori 2010",
    "et": "OlfactoryEnsheathingGliaCell",
    "off": 53032,
    "sff": "olfactory ensheathing"
  },
  {
    "docID": "N075 Amemori 2010",
    "et": "OlfactoryEnsheathingGliaCell",
    "off": 53159,
    "sff": "olfactory ensheathing"
  },
  {
    "docID": "N075 Amemori 2010",
    "et": "OlfactoryEnsheathingGliaCell",
    "off": 43398,
    "sff": "Olfactory ensheathing glia"
  },
  {
    "docID": "N075 Amemori 2010",
    "et": "OlfactoryEnsheathingGliaCell",
    "off": 46697,
    "sff": "olfactory ensheathing"
  },
  {
    "docID": "N075 Amemori 2010",
    "et": "OlfactoryEnsheathingGliaCell",
    "off": 43985,
    "sff": "ensheathing cell"
  },
  {
    "docID": "N075 Amemori 2010",
    "et": "OlfactoryEnsheathingGliaCell",
    "off": 49965,
    "sff": "olfactory ensheathing"
  },
  {
    "docID": "N075 Amemori 2010",
    "et": "OlfactoryEnsheathingGliaCell",
    "off": 44164,
    "sff": "ensheathing"
  },
  {
    "docID": "N075 Amemori 2010",
    "et": "OlfactoryEnsheathingGliaCell",
    "off": 49725,
    "sff": "Olfactory ensheathing"
  },
  {
    "docID": "N075 Amemori 2010",
    "et": "OlfactoryEnsheathingGliaCell",
    "off": 42723,
    "sff": "olfactory ensheathing"
  },
  {
    "docID": "N075 Amemori 2010",
    "et": "OlfactoryEnsheathingGliaCell",
    "off": 6985,
    "sff": "olfactory"
  },
  {
    "docID": "N075 Amemori 2010",
    "et": "OlfactoryEnsheathingGliaCell",
    "off": 49096,
    "sff": "olfactory"
  },
  {
    "docID": "N075 Amemori 2010",
    "et": "OlfactoryEnsheathingGliaCell",
    "off": 23,
    "sff": "olfactory ensheathing glia"
  },
  {
    "docID": "N075 Amemori 2010",
    "et": "OlfactoryEnsheathingGliaCell",
    "off": 42548,
    "sff": "ensheathing"
  },
  {
    "docID": "N075 Amemori 2010",
    "et": "OlfactoryEnsheathingGliaCell",
    "off": 519,
    "sff": "Olfactory ensheathing glia"
  },
  {
    "docID": "N075 Amemori 2010",
    "et": "OlfactoryEnsheathingGliaCell",
    "off": 25946,
    "sff": "olfactory"
  },
  {
    "docID": "N075 Amemori 2010",
    "et": "OlfactoryEnsheathingGliaCell",
    "off": 43155,
    "sff": "Olfactory ensheathing"
  },
  {
    "docID": "N075 Amemori 2010",
    "et": "OlfactoryEnsheathingGliaCell",
    "off": 43734,
    "sff": "Olfactory ensheathing"
  },
  {
    "docID": "N075 Amemori 2010",
    "et": "OlfactoryEnsheathingGliaCell",
    "off": 2303,
    "sff": "olfactory ensheathing"
  },
  {
    "docID": "N075 Amemori 2010",
    "et": "OlfactoryEnsheathingGliaCell",
    "off": 46812,
    "sff": "Olfactory ensheathing"
  },
  {
    "docID": "N075 Amemori 2010",
    "et": "OlfactoryEnsheathingGliaCell",
    "off": 47234,
    "sff": "olfactory ensheathing"
  },
  {
    "docID": "N075 Amemori 2010",
    "et": "OlfactoryEnsheathingGliaCell",
    "off": 43526,
    "sff": "olfactory ensheathing"
  },
  {
    "docID": "N075 Amemori 2010",
    "et": "OlfactoryEnsheathingGliaCell",
    "off": 42949,
    "sff": "olfactory ensheathing"
  },
  {
    "docID": "N075 Amemori 2010",
    "et": "Conduit",
    "off": 17618,
    "sff": "conduit"
  },
  {
    "docID": "N075 Amemori 2010",
    "et": "MesenchymalStemCell",
    "off": 43946,
    "sff": "stem"
  },
  {
    "docID": "N075 Amemori 2010",
    "et": "MesenchymalStemCell",
    "off": 48107,
    "sff": "stem"
  },
  {
    "docID": "N075 Amemori 2010",
    "et": "MesenchymalStemCell",
    "off": 54300,
    "sff": "mesenchymal stem"
  },
  {
    "docID": "N075 Amemori 2010",
    "et": "MesenchymalStemCell",
    "off": 54,
    "sff": "mesenchymal"
  },
  {
    "docID": "N075 Amemori 2010",
    "et": "MesenchymalStemCell",
    "off": 45548,
    "sff": "stem cell"
  },
  {
    "docID": "N075 Amemori 2010",
    "et": "MesenchymalStemCell",
    "off": 45479,
    "sff": "mesenchymal stem"
  },
  {
    "docID": "N075 Amemori 2010",
    "et": "MesenchymalStemCell",
    "off": 45548,
    "sff": "stem"
  },
  {
    "docID": "N075 Amemori 2010",
    "et": "MesenchymalStemCell",
    "off": 45299,
    "sff": "mesenchymal stem"
  },
  {
    "docID": "N075 Amemori 2010",
    "et": "MesenchymalStemCell",
    "off": 8674,
    "sff": "stem"
  },
  {
    "docID": "N075 Amemori 2010",
    "et": "MesenchymalStemCell",
    "off": 44468,
    "sff": "mesenchymal stem"
  },
  {
    "docID": "N075 Amemori 2010",
    "et": "MesenchymalStemCell",
    "off": 50710,
    "sff": "Stem"
  },
  {
    "docID": "N075 Amemori 2010",
    "et": "MesenchymalStemCell",
    "off": 45074,
    "sff": "Mesenchymal stem"
  },
  {
    "docID": "N075 Amemori 2010",
    "et": "MesenchymalStemCell",
    "off": 54582,
    "sff": "mesenchymal stem"
  },
  {
    "docID": "N075 Amemori 2010",
    "et": "MesenchymalStemCell",
    "off": 2340,
    "sff": "mesenchymal"
  },
  {
    "docID": "N075 Amemori 2010",
    "et": "MesenchymalStemCell",
    "off": 50852,
    "sff": "mesenchymal"
  },
  {
    "docID": "N075 Amemori 2010",
    "et": "MesenchymalStemCell",
    "off": 49311,
    "sff": "Mesenchymal stem"
  },
  {
    "docID": "N075 Amemori 2010",
    "et": "MesenchymalStemCell",
    "off": 49495,
    "sff": "mesenchymal"
  },
  {
    "docID": "N075 Amemori 2010",
    "et": "MesenchymalStemCell",
    "off": 45645,
    "sff": "stem"
  },
  {
    "docID": "N075 Amemori 2010",
    "et": "MesenchymalStemCell",
    "off": 44603,
    "sff": "Mesenchymal stem"
  },
  {
    "docID": "N075 Amemori 2010",
    "et": "MesenchymalStemCell",
    "off": 50879,
    "sff": "Stem"
  },
  {
    "docID": "N075 Amemori 2010",
    "et": "MesenchymalStemCell",
    "off": 44888,
    "sff": "mesenchymal stem"
  },
  {
    "docID": "N075 Amemori 2010",
    "et": "MesenchymalStemCell",
    "off": 45825,
    "sff": "stem"
  },
  {
    "docID": "N075 Amemori 2010",
    "et": "MesenchymalStemCell",
    "off": 54719,
    "sff": "stem"
  },
  {
    "docID": "N075 Amemori 2010",
    "et": "MesenchymalStemCell",
    "off": 53460,
    "sff": "mesenchymal stem"
  },
  {
    "docID": "N075 Amemori 2010",
    "et": "MesenchymalStemCell",
    "off": 556,
    "sff": "mesenchymal"
  },
  {
    "docID": "N075 Amemori 2010",
    "et": "DorsalInjuryArea",
    "off": 44131,
    "sff": "dorsal"
  },
  {
    "docID": "N075 Amemori 2010",
    "et": "DorsalInjuryArea",
    "off": 9908,
    "sff": "dorsal"
  },
  {
    "docID": "N075 Amemori 2010",
    "et": "DorsalInjuryArea",
    "off": 34942,
    "sff": "dorsal"
  },
  {
    "docID": "N075 Amemori 2010",
    "et": "ContactDeliveryMethod",
    "off": 36343,
    "sff": "delivery"
  },
  {
    "docID": "N075 Amemori 2010",
    "et": "ContactDeliveryMethod",
    "off": 25814,
    "sff": "contact"
  },
  {
    "docID": "N075 Amemori 2010",
    "et": "InfiniteHorizonImpactor",
    "off": 48553,
    "sff": "horizon"
  },
  {
    "docID": "N075 Amemori 2010",
    "et": "KetamineAsAnaesthetic",
    "off": 12123,
    "sff": "ketamine"
  },
  {
    "docID": "N075 Amemori 2010",
    "et": "KetamineAsAnaesthetic",
    "off": 14166,
    "sff": "ketamine"
  },
  {
    "docID": "N075 Amemori 2010",
    "et": "Intraspinal",
    "off": 41275,
    "sff": "intraspinal"
  },
  {
    "docID": "N075 Amemori 2010",
    "et": "Intraspinal",
    "off": 1057,
    "sff": "intraspinal"
  },
  {
    "docID": "N075 Amemori 2010",
    "et": "Intraspinal",
    "off": 2094,
    "sff": "intraspinal"
  },
  {
    "docID": "N075 Amemori 2010",
    "et": "Intraspinal",
    "off": 34885,
    "sff": "intraspinal"
  },
  {
    "docID": "N075 Amemori 2010",
    "et": "Intraspinal",
    "off": 41587,
    "sff": "intraspinal"
  },
  {
    "docID": "N075 Amemori 2010",
    "et": "Intraspinal",
    "off": 51625,
    "sff": "intraspinal"
  },
  {
    "docID": "N075 Amemori 2010",
    "et": "Intraspinal",
    "off": 41160,
    "sff": "intraspinal"
  },
  {
    "docID": "N075 Amemori 2010",
    "et": "Intraspinal",
    "off": 35894,
    "sff": "intraspinal"
  },
  {
    "docID": "N075 Amemori 2010",
    "et": "MouseSpecies",
    "off": 7814,
    "sff": "mouse"
  },
  {
    "docID": "N075 Amemori 2010",
    "et": "WeightDrop",
    "off": 11469,
    "sff": "weight"
  },
  {
    "docID": "N075 Amemori 2010",
    "et": "WeightDrop",
    "off": 20424,
    "sff": "weight"
  },
  {
    "docID": "N075 Amemori 2010",
    "et": "WeightDrop",
    "off": 19575,
    "sff": "weight"
  },
  {
    "docID": "N075 Amemori 2010",
    "et": "WeightDrop",
    "off": 39399,
    "sff": "weight"
  },
  {
    "docID": "N075 Amemori 2010",
    "et": "NOGOReceptorAntagonist",
    "off": 7864,
    "sff": "receptor"
  },
  {
    "docID": "N075 Amemori 2010",
    "et": "NOGOReceptorAntagonist",
    "off": 49935,
    "sff": "Nogo"
  },
  {
    "docID": "N075 Amemori 2010",
    "et": "CentralCanal",
    "off": 9783,
    "sff": "central"
  },
  {
    "docID": "N075 Amemori 2010",
    "et": "CentralCanal",
    "off": 3302,
    "sff": "central"
  },
  {
    "docID": "N075 Amemori 2010",
    "et": "CentralCanal",
    "off": 50195,
    "sff": "central"
  },
  {
    "docID": "N075 Amemori 2010",
    "et": "CentralCanal",
    "off": 10349,
    "sff": "central"
  },
  {
    "docID": "N075 Amemori 2010",
    "et": "DorsalHemisection",
    "off": 34942,
    "sff": "dorsal"
  },
  {
    "docID": "N075 Amemori 2010",
    "et": "DorsalHemisection",
    "off": 44131,
    "sff": "dorsal"
  },
  {
    "docID": "N075 Amemori 2010",
    "et": "DorsalHemisection",
    "off": 9908,
    "sff": "dorsal"
  },
  {
    "docID": "N075 Amemori 2010",
    "et": "HeatLesion",
    "off": 16568,
    "sff": "heat"
  },
  {
    "docID": "N075 Amemori 2010",
    "et": "HeatLesion",
    "off": 11881,
    "sff": "heat"
  },
  {
    "docID": "N075 Amemori 2010",
    "et": "DeliveryMethod",
    "off": 36343,
    "sff": "delivery"
  },
  {
    "docID": "N075 Amemori 2010",
    "et": "RabbitSpecies",
    "off": 7915,
    "sff": "rabbit"
  },
  {
    "docID": "N075 Amemori 2010",
    "et": "DorsalColumn",
    "off": 9908,
    "sff": "dorsal"
  },
  {
    "docID": "N075 Amemori 2010",
    "et": "DorsalColumn",
    "off": 44131,
    "sff": "dorsal"
  },
  {
    "docID": "N075 Amemori 2010",
    "et": "DorsalColumn",
    "off": 34942,
    "sff": "dorsal"
  },
  {
    "docID": "N075 Amemori 2010",
    "et": "SpragueDawleyRat",
    "off": 10853,
    "sff": "Sprague–Dawley"
  },
  {
    "docID": "N075 Amemori 2010",
    "et": "SpragueDawleyRat",
    "off": 10853,
    "sff": "Sprague–Dawley rats"
  },
  {
    "docID": "N075 Amemori 2010",
    "et": "Autologous",
    "off": 47900,
    "sff": "Autologous"
  },
  {
    "docID": "N075 Amemori 2010",
    "et": "Autologous",
    "off": 5209,
    "sff": "autologous"
  },
  {
    "docID": "N075 Amemori 2010",
    "et": "CellDeathInduction",
    "off": 9861,
    "sff": "cell"
  },
  {
    "docID": "N075 Amemori 2010",
    "et": "CellDeathInduction",
    "off": 31560,
    "sff": "cell"
  },
  {
    "docID": "N075 Amemori 2010",
    "et": "CellDeathInduction",
    "off": 397,
    "sff": "Cell"
  },
  {
    "docID": "N075 Amemori 2010",
    "et": "CellDeathInduction",
    "off": 1028,
    "sff": "cell"
  },
  {
    "docID": "N075 Amemori 2010",
    "et": "CellDeathInduction",
    "off": 24589,
    "sff": "Cell"
  },
  {
    "docID": "N075 Amemori 2010",
    "et": "CellDeathInduction",
    "off": 36041,
    "sff": "cell"
  },
  {
    "docID": "N075 Amemori 2010",
    "et": "CellDeathInduction",
    "off": 2435,
    "sff": "cell"
  },
  {
    "docID": "N075 Amemori 2010",
    "et": "CellDeathInduction",
    "off": 29121,
    "sff": "cell"
  },
  {
    "docID": "N075 Amemori 2010",
    "et": "CellDeathInduction",
    "off": 36236,
    "sff": "cell"
  },
  {
    "docID": "N075 Amemori 2010",
    "et": "CellDeathInduction",
    "off": 2197,
    "sff": "Cell"
  },
  {
    "docID": "N075 Amemori 2010",
    "et": "CellDeathInduction",
    "off": 10236,
    "sff": "cell"
  },
  {
    "docID": "N075 Amemori 2010",
    "et": "CellDeathInduction",
    "off": 35926,
    "sff": "Cell"
  },
  {
    "docID": "N075 Amemori 2010",
    "et": "CellDeathInduction",
    "off": 53845,
    "sff": "cell"
  },
  {
    "docID": "N075 Amemori 2010",
    "et": "CellDeathInduction",
    "off": 53906,
    "sff": "Cell"
  },
  {
    "docID": "N075 Amemori 2010",
    "et": "CellDeathInduction",
    "off": 26359,
    "sff": "cell"
  },
  {
    "docID": "N075 Amemori 2010",
    "et": "CellDeathInduction",
    "off": 42936,
    "sff": "cell"
  },
  {
    "docID": "N075 Amemori 2010",
    "et": "CellDeathInduction",
    "off": 47997,
    "sff": "Cell"
  },
  {
    "docID": "N075 Amemori 2010",
    "et": "CellDeathInduction",
    "off": 29178,
    "sff": "Cell"
  },
  {
    "docID": "N075 Amemori 2010",
    "et": "CellDeathInduction",
    "off": 31680,
    "sff": "cell"
  },
  {
    "docID": "N075 Amemori 2010",
    "et": "CellDeathInduction",
    "off": 5064,
    "sff": "cell"
  },
  {
    "docID": "N075 Amemori 2010",
    "et": "CellDeathInduction",
    "off": 44546,
    "sff": "Cell"
  },
  {
    "docID": "N075 Amemori 2010",
    "et": "CellDeathInduction",
    "off": 43623,
    "sff": "cell"
  },
  {
    "docID": "N075 Amemori 2010",
    "et": "CellDeathInduction",
    "off": 30179,
    "sff": "cell"
  },
  {
    "docID": "N075 Amemori 2010",
    "et": "CellDeathInduction",
    "off": 50221,
    "sff": "Cell"
  },
  {
    "docID": "N075 Amemori 2010",
    "et": "CellDeathInduction",
    "off": 29728,
    "sff": "cell"
  },
  {
    "docID": "N075 Amemori 2010",
    "et": "CellDeathInduction",
    "off": 44650,
    "sff": "Cell"
  },
  {
    "docID": "N075 Amemori 2010",
    "et": "CellDeathInduction",
    "off": 50025,
    "sff": "Cell"
  },
  {
    "docID": "N075 Amemori 2010",
    "et": "CellDeathInduction",
    "off": 25500,
    "sff": "cell"
  },
  {
    "docID": "N075 Amemori 2010",
    "et": "CellDeathInduction",
    "off": 45553,
    "sff": "cell"
  },
  {
    "docID": "N075 Amemori 2010",
    "et": "CellDeathInduction",
    "off": 36338,
    "sff": "cell"
  },
  {
    "docID": "N075 Amemori 2010",
    "et": "CellDeathInduction",
    "off": 46834,
    "sff": "cell"
  },
  {
    "docID": "N075 Amemori 2010",
    "et": "CellDeathInduction",
    "off": 46901,
    "sff": "Cell"
  },
  {
    "docID": "N075 Amemori 2010",
    "et": "CellDeathInduction",
    "off": 31283,
    "sff": "cell"
  },
  {
    "docID": "N075 Amemori 2010",
    "et": "CellDeathInduction",
    "off": 43997,
    "sff": "cell"
  },
  {
    "docID": "N075 Amemori 2010",
    "et": "CellDeathInduction",
    "off": 18284,
    "sff": "cell"
  },
  {
    "docID": "N075 Amemori 2010",
    "et": "CellDeathInduction",
    "off": 24615,
    "sff": "cell"
  },
  {
    "docID": "N075 Amemori 2010",
    "et": "CellDeathInduction",
    "off": 27367,
    "sff": "cell"
  },
  {
    "docID": "N075 Amemori 2010",
    "et": "CellDeathInduction",
    "off": 35878,
    "sff": "cell"
  },
  {
    "docID": "N075 Amemori 2010",
    "et": "Left",
    "off": 14387,
    "sff": "left"
  },
  {
    "docID": "N075 Amemori 2010",
    "et": "SubstanceApplicationLocation",
    "off": 4105,
    "sff": "application"
  },
  {
    "docID": "N075 Amemori 2010",
    "et": "Tissue",
    "off": 15063,
    "sff": "tissue"
  },
  {
    "docID": "N075 Amemori 2010",
    "et": "Tissue",
    "off": 414,
    "sff": "Tissue"
  },
  {
    "docID": "N075 Amemori 2010",
    "et": "Tissue",
    "off": 39528,
    "sff": "tissue"
  },
  {
    "docID": "N075 Amemori 2010",
    "et": "Tissue",
    "off": 25565,
    "sff": "tissue"
  },
  {
    "docID": "N075 Amemori 2010",
    "et": "Tissue",
    "off": 44495,
    "sff": "tissue"
  },
  {
    "docID": "N075 Amemori 2010",
    "et": "Tissue",
    "off": 3712,
    "sff": "tissue"
  },
  {
    "docID": "N075 Amemori 2010",
    "et": "Tissue",
    "off": 36913,
    "sff": "tissue"
  },
  {
    "docID": "N075 Amemori 2010",
    "et": "InjectionDelivery",
    "off": 17191,
    "sff": "injection"
  },
  {
    "docID": "N075 Amemori 2010",
    "et": "InjectionDelivery",
    "off": 1069,
    "sff": "injection"
  },
  {
    "docID": "N075 Amemori 2010",
    "et": "InjectionDelivery",
    "off": 35883,
    "sff": "injection"
  },
  {
    "docID": "N075 Amemori 2010",
    "et": "InjectionDelivery",
    "off": 25713,
    "sff": "injection"
  },
  {
    "docID": "N075 Amemori 2010",
    "et": "InjectionDelivery",
    "off": 18990,
    "sff": "injection"
  },
  {
    "docID": "N075 Amemori 2010",
    "et": "InjectionDelivery",
    "off": 36718,
    "sff": "injection"
  },
  {
    "docID": "N075 Amemori 2010",
    "et": "InjectionDelivery",
    "off": 35256,
    "sff": "injection"
  },
  {
    "docID": "N075 Amemori 2010",
    "et": "InjectionDelivery",
    "off": 36023,
    "sff": "injection"
  },
  {
    "docID": "N075 Amemori 2010",
    "et": "InjectionDelivery",
    "off": 40956,
    "sff": "injection"
  },
  {
    "docID": "N075 Amemori 2010",
    "et": "InjectionDelivery",
    "off": 41473,
    "sff": "injection"
  },
  {
    "docID": "N075 Amemori 2010",
    "et": "InjectionDelivery",
    "off": 35520,
    "sff": "injection"
  },
  {
    "docID": "N075 Amemori 2010",
    "et": "InjectionDelivery",
    "off": 41599,
    "sff": "injection"
  },
  {
    "docID": "N075 Amemori 2010",
    "et": "InjectionDelivery",
    "off": 28612,
    "sff": "injection"
  },
  {
    "docID": "N075 Amemori 2010",
    "et": "InjectionDelivery",
    "off": 10179,
    "sff": "injection"
  },
  {
    "docID": "N075 Amemori 2010",
    "et": "InjectionDelivery",
    "off": 10313,
    "sff": "injection"
  },
  {
    "docID": "N075 Amemori 2010",
    "et": "InjectionDelivery",
    "off": 25671,
    "sff": "injection"
  },
  {
    "docID": "N075 Amemori 2010",
    "et": "InjectionDelivery",
    "off": 41287,
    "sff": "injection"
  },
  {
    "docID": "N075 Amemori 2010",
    "et": "InjectionDelivery",
    "off": 41926,
    "sff": "injection"
  },
  {
    "docID": "N075 Amemori 2010",
    "et": "InjectionDelivery",
    "off": 2122,
    "sff": "injection"
  },
  {
    "docID": "N075 Amemori 2010",
    "et": "InjectionDelivery",
    "off": 34897,
    "sff": "injection"
  },
  {
    "docID": "N075 Amemori 2010",
    "et": "InjectionDelivery",
    "off": 41422,
    "sff": "injection"
  },
  {
    "docID": "N075 Amemori 2010",
    "et": "InjectionDelivery",
    "off": 41172,
    "sff": "injection"
  },
  {
    "docID": "N075 Amemori 2010",
    "et": "InjectionDelivery",
    "off": 30743,
    "sff": "injection"
  },
  {
    "docID": "N075 Amemori 2010",
    "et": "InjectionDelivery",
    "off": 25622,
    "sff": "injection"
  },
  {
    "docID": "N075 Amemori 2010",
    "et": "InjectionDelivery",
    "off": 41558,
    "sff": "injection"
  },
  {
    "docID": "N075 Amemori 2010",
    "et": "InjectionDelivery",
    "off": 41115,
    "sff": "injection"
  },
  {
    "docID": "N075 Amemori 2010",
    "et": "InjectionDelivery",
    "off": 36186,
    "sff": "injection"
  },
  {
    "docID": "N075 Amemori 2010",
    "et": "SpinalLesionSite",
    "off": 41892,
    "sff": "lesion"
  },
  {
    "docID": "N075 Amemori 2010",
    "et": "SpinalLesionSite",
    "off": 35374,
    "sff": "lesion"
  },
  {
    "docID": "N075 Amemori 2010",
    "et": "SpinalLesionSite",
    "off": 4268,
    "sff": "lesion site"
  },
  {
    "docID": "N075 Amemori 2010",
    "et": "SpinalLesionSite",
    "off": 22010,
    "sff": "lesion"
  },
  {
    "docID": "N075 Amemori 2010",
    "et": "SpinalLesionSite",
    "off": 35674,
    "sff": "lesion"
  },
  {
    "docID": "N075 Amemori 2010",
    "et": "SpinalLesionSite",
    "off": 19227,
    "sff": "lesion"
  },
  {
    "docID": "N075 Amemori 2010",
    "et": "SpinalLesionSite",
    "off": 21261,
    "sff": "lesion"
  },
  {
    "docID": "N075 Amemori 2010",
    "et": "SpinalLesionSite",
    "off": 936,
    "sff": "lesion"
  },
  {
    "docID": "N075 Amemori 2010",
    "et": "SpinalLesionSite",
    "off": 3763,
    "sff": "lesion site"
  },
  {
    "docID": "N075 Amemori 2010",
    "et": "HumanSpecies",
    "off": 46730,
    "sff": "human"
  },
  {
    "docID": "N075 Amemori 2010",
    "et": "HumanSpecies",
    "off": 54294,
    "sff": "human"
  },
  {
    "docID": "N075 Amemori 2010",
    "et": "HumanSpecies",
    "off": 47028,
    "sff": "human"
  },
  {
    "docID": "N075 Amemori 2010",
    "et": "Weight",
    "off": 5543,
    "sff": "270–300 g"
  },
  {
    "docID": "N075 Amemori 2010",
    "et": "Epidural",
    "off": 46325,
    "sff": "epidural"
  },
  {
    "docID": "N075 Amemori 2010",
    "et": "T8",
    "off": 6303,
    "sff": "T8"
  },
  {
    "docID": "N075 Amemori 2010",
    "et": "T8",
    "off": 6368,
    "sff": "T8"
  },
  {
    "docID": "N075 Amemori 2010",
    "et": "T8",
    "off": 9649,
    "sff": "T8"
  },
  {
    "docID": "N075 Amemori 2010",
    "et": "Xylazine",
    "off": 14191,
    "sff": "xylazine"
  },
  {
    "docID": "N075 Amemori 2010",
    "et": "MotorNeurons",
    "off": 20220,
    "sff": "motor"
  },
  {
    "docID": "N075 Amemori 2010",
    "et": "MotorNeurons",
    "off": 51172,
    "sff": "motor"
  },
  {
    "docID": "N075 Amemori 2010",
    "et": "MotorNeurons",
    "off": 51968,
    "sff": "motor"
  },
  {
    "docID": "N075 Amemori 2010",
    "et": "MotorNeurons",
    "off": 53328,
    "sff": "motor"
  },
  {
    "docID": "N075 Amemori 2010",
    "et": "Contusion",
    "off": 52906,
    "sff": "contusion"
  },
  {
    "docID": "N075 Amemori 2010",
    "et": "Saline",
    "off": 17184,
    "sff": "saline"
  },
  {
    "docID": "N075 Amemori 2010",
    "et": "Saline",
    "off": 22126,
    "sff": "saline"
  },
  {
    "docID": "N075 Amemori 2010",
    "et": "Saline",
    "off": 5823,
    "sff": "saline"
  },
  {
    "docID": "N075 Amemori 2010",
    "et": "Saline",
    "off": 6348,
    "sff": "saline"
  },
  {
    "docID": "N075 Amemori 2010",
    "et": "Saline",
    "off": 10300,
    "sff": "saline"
  },
  {
    "docID": "N075 Amemori 2010",
    "et": "LongTermCultivation",
    "off": 18410,
    "sff": "long"
  },
  {
    "docID": "N075 Amemori 2010",
    "et": "LongTermCultivation",
    "off": 14584,
    "sff": "long"
  },
  {
    "docID": "N075 Amemori 2010",
    "et": "LongTermCultivation",
    "off": 15254,
    "sff": "long"
  },
  {
    "docID": "N075 Amemori 2010",
    "et": "LongTermCultivation",
    "off": 25777,
    "sff": "long"
  },
  {
    "docID": "N075 Amemori 2010",
    "et": "LongTermCultivation",
    "off": 27265,
    "sff": "long"
  },
  {
    "docID": "N075 Amemori 2010",
    "et": "LongTermCultivation",
    "off": 17701,
    "sff": "long"
  },
  {
    "docID": "N075 Amemori 2010",
    "et": "LongTermCultivation",
    "off": 26084,
    "sff": "long"
  },
  {
    "docID": "N075 Amemori 2010",
    "et": "LongTermCultivation",
    "off": 25229,
    "sff": "long-term"
  },
  {
    "docID": "N075 Amemori 2010",
    "et": "LongTermCultivation",
    "off": 32525,
    "sff": "long-term"
  },
  {
    "docID": "N075 Amemori 2010",
    "et": "LongTermCultivation",
    "off": 17550,
    "sff": "long"
  },
  {
    "docID": "N075 Amemori 2010",
    "et": "LongTermCultivation",
    "off": 27610,
    "sff": "long"
  },
  {
    "docID": "N075 Amemori 2010",
    "et": "LongTermCultivation",
    "off": 36849,
    "sff": "long-term"
  },
  {
    "docID": "N075 Amemori 2010",
    "et": "Dosage",
    "off": 7327,
    "sff": "10%"
  },
  {
    "docID": "N075 Amemori 2010",
    "et": "Dosage",
    "off": 8495,
    "sff": "100 U/mL"
  },
  {
    "docID": "N075 Amemori 2010",
    "et": "Dosage",
    "off": 9893,
    "sff": "1 mm"
  },
  {
    "docID": "N075 Amemori 2010",
    "et": "Dosage",
    "off": 18780,
    "sff": "2-mm"
  },
  {
    "docID": "N075 Amemori 2010",
    "et": "Dosage",
    "off": 13929,
    "sff": "10%"
  },
  {
    "docID": "N075 Amemori 2010",
    "et": "Dosage",
    "off": 9856,
    "sff": "1 μL"
  },
  {
    "docID": "N075 Amemori 2010",
    "et": "Dosage",
    "off": 8519,
    "sff": "0.1 mg/mL"
  },
  {
    "docID": "N075 Amemori 2010",
    "et": "Dosage",
    "off": 38036,
    "sff": "2-mm"
  },
  {
    "docID": "N075 Amemori 2010",
    "et": "Dosage",
    "off": 5547,
    "sff": "300 g"
  },
  {
    "docID": "N075 Amemori 2010",
    "et": "Dosage",
    "off": 7679,
    "sff": "0.1%"
  },
  {
    "docID": "N075 Amemori 2010",
    "et": "Dosage",
    "off": 26315,
    "sff": "0.96%"
  },
  {
    "docID": "N075 Amemori 2010",
    "et": "Dosage",
    "off": 27259,
    "sff": "21-mm"
  },
  {
    "docID": "N075 Amemori 2010",
    "et": "Dosage",
    "off": 12958,
    "sff": "4%"
  },
  {
    "docID": "N075 Amemori 2010",
    "et": "Dosage",
    "off": 14303,
    "sff": "4%"
  },
  {
    "docID": "N075 Amemori 2010",
    "et": "Dosage",
    "off": 15585,
    "sff": "1-mm"
  },
  {
    "docID": "N075 Amemori 2010",
    "et": "Dosage",
    "off": 7641,
    "sff": "4%"
  },
  {
    "docID": "N075 Amemori 2010",
    "et": "Dosage",
    "off": 18079,
    "sff": "1-mm"
  },
  {
    "docID": "N075 Amemori 2010",
    "et": "Dosage",
    "off": 38019,
    "sff": "2-mm"
  },
  {
    "docID": "N075 Amemori 2010",
    "et": "Dosage",
    "off": 6840,
    "sff": "5 mg/kg"
  },
  {
    "docID": "N075 Amemori 2010",
    "et": "Dosage",
    "off": 13469,
    "sff": "1%"
  },
  {
    "docID": "N075 Amemori 2010",
    "et": "Dosage",
    "off": 6342,
    "sff": "15 μL"
  },
  {
    "docID": "N075 Amemori 2010",
    "et": "Dosage",
    "off": 28478,
    "sff": "2-mm"
  },
  {
    "docID": "N075 Amemori 2010",
    "et": "Dosage",
    "off": 14201,
    "sff": "20 mg/kg"
  },
  {
    "docID": "N075 Amemori 2010",
    "et": "Dosage",
    "off": 33792,
    "sff": "12%"
  },
  {
    "docID": "N075 Amemori 2010",
    "et": "Dosage",
    "off": 26853,
    "sff": "1-mm"
  },
  {
    "docID": "N075 Amemori 2010",
    "et": "Dosage",
    "off": 41531,
    "sff": "137%"
  },
  {
    "docID": "N075 Amemori 2010",
    "et": "Dosage",
    "off": 13919,
    "sff": "1 μL"
  },
  {
    "docID": "N075 Amemori 2010",
    "et": "Dosage",
    "off": 14063,
    "sff": "1.5 mm"
  },
  {
    "docID": "N075 Amemori 2010",
    "et": "Dosage",
    "off": 18404,
    "sff": "21-mm"
  },
  {
    "docID": "N075 Amemori 2010",
    "et": "Dosage",
    "off": 41436,
    "sff": "150%"
  },
  {
    "docID": "N075 Amemori 2010",
    "et": "Dosage",
    "off": 10308,
    "sff": "1 μL"
  },
  {
    "docID": "N075 Amemori 2010",
    "et": "Dosage",
    "off": 6551,
    "sff": "0.3 L"
  },
  {
    "docID": "N075 Amemori 2010",
    "et": "Dosage",
    "off": 7533,
    "sff": "100 μg/mL"
  },
  {
    "docID": "N075 Amemori 2010",
    "et": "Dosage",
    "off": 12133,
    "sff": "100 mg/kg"
  },
  {
    "docID": "N075 Amemori 2010",
    "et": "Dosage",
    "off": 14176,
    "sff": "100 mg/kg"
  },
  {
    "docID": "N075 Amemori 2010",
    "et": "Dosage",
    "off": 26998,
    "sff": "1-mm"
  },
  {
    "docID": "N075 Amemori 2010",
    "et": "Dosage",
    "off": 41445,
    "sff": "134%"
  },
  {
    "docID": "N075 Amemori 2010",
    "et": "Dosage",
    "off": 10417,
    "sff": "10 mg/kg"
  },
  {
    "docID": "N075 Amemori 2010",
    "et": "Dosage",
    "off": 8471,
    "sff": "10%"
  },
  {
    "docID": "N075 Amemori 2010",
    "et": "Dosage",
    "off": 6493,
    "sff": "3%"
  },
  {
    "docID": "N075 Amemori 2010",
    "et": "Dosage",
    "off": 28461,
    "sff": "2-mm"
  },
  {
    "docID": "N075 Amemori 2010",
    "et": "Dosage",
    "off": 8234,
    "sff": "80%"
  },
  {
    "docID": "N075 Amemori 2010",
    "et": "Dosage",
    "off": 15226,
    "sff": "4%"
  },
  {
    "docID": "N075 Amemori 2010",
    "et": "Dosage",
    "off": 27604,
    "sff": "21-mm"
  },
  {
    "docID": "N075 Amemori 2010",
    "et": "Dosage",
    "off": 41572,
    "sff": "220%"
  },
  {
    "docID": "N075 Amemori 2010",
    "et": "Dosage",
    "off": 9937,
    "sff": "1 μL"
  },
  {
    "docID": "N075 Amemori 2010",
    "et": "Dosage",
    "off": 10446,
    "sff": "100 mg/ kg"
  },
  {
    "docID": "N075 Amemori 2010",
    "et": "Intrathecal",
    "off": 53815,
    "sff": "Intrathecal"
  },
  {
    "docID": "N075 Amemori 2010",
    "et": "TreatmentSite",
    "off": 38834,
    "sff": "treatment"
  },
  {
    "docID": "N075 Amemori 2010",
    "et": "TreatmentSite",
    "off": 53874,
    "sff": "treatment"
  },
  {
    "docID": "N075 Amemori 2010",
    "et": "TreatmentSite",
    "off": 4872,
    "sff": "treatment"
  },
  {
    "docID": "N075 Amemori 2010",
    "et": "TreatmentSite",
    "off": 40681,
    "sff": "treatment"
  },
  {
    "docID": "N075 Amemori 2010",
    "et": "Longitudinal",
    "off": 24649,
    "sff": "longitudinal"
  },
  {
    "docID": "N075 Amemori 2010",
    "et": "Longitudinal",
    "off": 12874,
    "sff": "longitudinal"
  },
  {
    "docID": "N075 Amemori 2010",
    "et": "StemCell",
    "off": 44615,
    "sff": "stem"
  },
  {
    "docID": "N075 Amemori 2010",
    "et": "StemCell",
    "off": 44900,
    "sff": "stem"
  },
  {
    "docID": "N075 Amemori 2010",
    "et": "StemCell",
    "off": 48107,
    "sff": "stem"
  },
  {
    "docID": "N075 Amemori 2010",
    "et": "StemCell",
    "off": 49323,
    "sff": "stem"
  },
  {
    "docID": "N075 Amemori 2010",
    "et": "StemCell",
    "off": 43946,
    "sff": "stem"
  },
  {
    "docID": "N075 Amemori 2010",
    "et": "StemCell",
    "off": 54312,
    "sff": "stem"
  },
  {
    "docID": "N075 Amemori 2010",
    "et": "StemCell",
    "off": 45311,
    "sff": "stem"
  },
  {
    "docID": "N075 Amemori 2010",
    "et": "StemCell",
    "off": 54719,
    "sff": "stem"
  },
  {
    "docID": "N075 Amemori 2010",
    "et": "StemCell",
    "off": 45086,
    "sff": "stem"
  },
  {
    "docID": "N075 Amemori 2010",
    "et": "StemCell",
    "off": 50710,
    "sff": "Stem"
  },
  {
    "docID": "N075 Amemori 2010",
    "et": "StemCell",
    "off": 8674,
    "sff": "stem"
  },
  {
    "docID": "N075 Amemori 2010",
    "et": "StemCell",
    "off": 54594,
    "sff": "stem"
  },
  {
    "docID": "N075 Amemori 2010",
    "et": "StemCell",
    "off": 45825,
    "sff": "stem"
  },
  {
    "docID": "N075 Amemori 2010",
    "et": "StemCell",
    "off": 44480,
    "sff": "stem"
  },
  {
    "docID": "N075 Amemori 2010",
    "et": "StemCell",
    "off": 53472,
    "sff": "stem"
  },
  {
    "docID": "N075 Amemori 2010",
    "et": "StemCell",
    "off": 50879,
    "sff": "Stem"
  },
  {
    "docID": "N075 Amemori 2010",
    "et": "StemCell",
    "off": 45548,
    "sff": "stem cell"
  },
  {
    "docID": "N075 Amemori 2010",
    "et": "StemCell",
    "off": 45645,
    "sff": "stem"
  },
  {
    "docID": "N075 Amemori 2010",
    "et": "StemCell",
    "off": 45491,
    "sff": "stem"
  },
  {
    "docID": "N075 Amemori 2010",
    "et": "AlbinoSwissRat",
    "off": 47087,
    "sff": "albino"
  },
  {
    "docID": "N075 Amemori 2010",
    "et": "Proliferation",
    "off": 48930,
    "sff": "proliferation"
  },
  {
    "docID": "N075 Amemori 2010",
    "et": "Proliferation",
    "off": 46680,
    "sff": "proliferation"
  },
  {
    "docID": "N075 Amemori 2010",
    "et": "Duration",
    "off": 6359,
    "sff": "5 min"
  },
  {
    "docID": "N075 Amemori 2010",
    "et": "Duration",
    "off": 16995,
    "sff": "6 weeks"
  },
  {
    "docID": "N075 Amemori 2010",
    "et": "Duration",
    "off": 10494,
    "sff": "1 day"
  },
  {
    "docID": "N075 Amemori 2010",
    "et": "Duration",
    "off": 16821,
    "sff": "7 weeks"
  },
  {
    "docID": "N075 Amemori 2010",
    "et": "Duration",
    "off": 6853,
    "sff": "3 days"
  },
  {
    "docID": "N075 Amemori 2010",
    "et": "Duration",
    "off": 21092,
    "sff": "7.18 ± 0.44 s"
  },
  {
    "docID": "N075 Amemori 2010",
    "et": "Duration",
    "off": 26107,
    "sff": "3D"
  },
  {
    "docID": "N075 Amemori 2010",
    "et": "Duration",
    "off": 19494,
    "sff": "9 weeks"
  },
  {
    "docID": "N075 Amemori 2010",
    "et": "Duration",
    "off": 35273,
    "sff": "7 days"
  },
  {
    "docID": "N075 Amemori 2010",
    "et": "Duration",
    "off": 7415,
    "sff": "10–5 M"
  },
  {
    "docID": "N075 Amemori 2010",
    "et": "Duration",
    "off": 23246,
    "sff": "2 weeks"
  },
  {
    "docID": "N075 Amemori 2010",
    "et": "Duration",
    "off": 25471,
    "sff": "8 weeks"
  },
  {
    "docID": "N075 Amemori 2010",
    "et": "Duration",
    "off": 10812,
    "sff": "2-month"
  },
  {
    "docID": "N075 Amemori 2010",
    "et": "Duration",
    "off": 17373,
    "sff": "1 week"
  },
  {
    "docID": "N075 Amemori 2010",
    "et": "Duration",
    "off": 24825,
    "sff": "8 weeks"
  },
  {
    "docID": "N075 Amemori 2010",
    "et": "Duration",
    "off": 21645,
    "sff": "5.42 ± 0.22 s"
  },
  {
    "docID": "N075 Amemori 2010",
    "et": "Duration",
    "off": 14554,
    "sff": "1 week"
  },
  {
    "docID": "N075 Amemori 2010",
    "et": "Duration",
    "off": 19912,
    "sff": "4 weeks"
  },
  {
    "docID": "N075 Amemori 2010",
    "et": "Duration",
    "off": 24018,
    "sff": "1 week"
  },
  {
    "docID": "N075 Amemori 2010",
    "et": "Duration",
    "off": 23208,
    "sff": "5 and 6 weeks"
  },
  {
    "docID": "N075 Amemori 2010",
    "et": "Duration",
    "off": 16197,
    "sff": "1 week"
  },
  {
    "docID": "N075 Amemori 2010",
    "et": "Duration",
    "off": 17509,
    "sff": "9 weeks"
  },
  {
    "docID": "N075 Amemori 2010",
    "et": "Duration",
    "off": 24939,
    "sff": "5 weeks"
  },
  {
    "docID": "N075 Amemori 2010",
    "et": "Duration",
    "off": 20192,
    "sff": "7 weeks"
  },
  {
    "docID": "N075 Amemori 2010",
    "et": "Duration",
    "off": 26524,
    "sff": "8 weeks"
  },
  {
    "docID": "N075 Amemori 2010",
    "et": "Duration",
    "off": 11989,
    "sff": "5-min"
  },
  {
    "docID": "N075 Amemori 2010",
    "et": "Duration",
    "off": 17949,
    "sff": "8 weeks"
  },
  {
    "docID": "N075 Amemori 2010",
    "et": "Duration",
    "off": 21593,
    "sff": "9 weeks"
  },
  {
    "docID": "N075 Amemori 2010",
    "et": "Duration",
    "off": 22193,
    "sff": "1 min"
  },
  {
    "docID": "N075 Amemori 2010",
    "et": "Duration",
    "off": 32747,
    "sff": "1-month"
  },
  {
    "docID": "N075 Amemori 2010",
    "et": "Duration",
    "off": 1079,
    "sff": "1 week"
  },
  {
    "docID": "N075 Amemori 2010",
    "et": "Duration",
    "off": 36704,
    "sff": "3 weeks"
  },
  {
    "docID": "N075 Amemori 2010",
    "et": "Duration",
    "off": 8613,
    "sff": "24-h"
  },
  {
    "docID": "N075 Amemori 2010",
    "et": "Duration",
    "off": 10558,
    "sff": "2 months"
  },
  {
    "docID": "N075 Amemori 2010",
    "et": "Duration",
    "off": 21029,
    "sff": "5-min"
  },
  {
    "docID": "N075 Amemori 2010",
    "et": "Duration",
    "off": 23062,
    "sff": "6 weeks"
  },
  {
    "docID": "N075 Amemori 2010",
    "et": "Duration",
    "off": 20112,
    "sff": "6 weeks"
  },
  {
    "docID": "N075 Amemori 2010",
    "et": "Duration",
    "off": 19513,
    "sff": "8 weeks"
  },
  {
    "docID": "N075 Amemori 2010",
    "et": "Duration",
    "off": 21818,
    "sff": "6.72 ± 0.12 s"
  },
  {
    "docID": "N075 Amemori 2010",
    "et": "Duration",
    "off": 11825,
    "sff": "10 min"
  },
  {
    "docID": "N075 Amemori 2010",
    "et": "Duration",
    "off": 16405,
    "sff": "7 weeks"
  },
  {
    "docID": "N075 Amemori 2010",
    "et": "Duration",
    "off": 24048,
    "sff": "2 weeks"
  },
  {
    "docID": "N075 Amemori 2010",
    "et": "Duration",
    "off": 17138,
    "sff": "1-week"
  },
  {
    "docID": "N075 Amemori 2010",
    "et": "Duration",
    "off": 30325,
    "sff": "7 days"
  },
  {
    "docID": "N075 Amemori 2010",
    "et": "Duration",
    "off": 40121,
    "sff": "2 months"
  },
  {
    "docID": "N075 Amemori 2010",
    "et": "Duration",
    "off": 22302,
    "sff": "5-min"
  },
  {
    "docID": "N075 Amemori 2010",
    "et": "Duration",
    "off": 7258,
    "sff": "24-h"
  },
  {
    "docID": "N075 Amemori 2010",
    "et": "Duration",
    "off": 16754,
    "sff": "6 weeks"
  },
  {
    "docID": "N075 Amemori 2010",
    "et": "Duration",
    "off": 22463,
    "sff": "2 weeks to 6 weeks"
  },
  {
    "docID": "N075 Amemori 2010",
    "et": "Duration",
    "off": 23321,
    "sff": "2 weeks and 6 weeks"
  },
  {
    "docID": "N075 Amemori 2010",
    "et": "Duration",
    "off": 35707,
    "sff": "7 days"
  },
  {
    "docID": "N075 Amemori 2010",
    "et": "Duration",
    "off": 8833,
    "sff": "1 week"
  },
  {
    "docID": "N075 Amemori 2010",
    "et": "Duration",
    "off": 29070,
    "sff": "3–4 weeks"
  },
  {
    "docID": "N075 Amemori 2010",
    "et": "LesionAdjacentTissue",
    "off": 936,
    "sff": "lesion"
  },
  {
    "docID": "N075 Amemori 2010",
    "et": "LesionAdjacentTissue",
    "off": 3763,
    "sff": "lesion"
  },
  {
    "docID": "N075 Amemori 2010",
    "et": "LesionAdjacentTissue",
    "off": 41892,
    "sff": "lesion"
  },
  {
    "docID": "N075 Amemori 2010",
    "et": "LesionAdjacentTissue",
    "off": 21261,
    "sff": "lesion"
  },
  {
    "docID": "N075 Amemori 2010",
    "et": "LesionAdjacentTissue",
    "off": 35374,
    "sff": "lesion"
  },
  {
    "docID": "N075 Amemori 2010",
    "et": "LesionAdjacentTissue",
    "off": 19227,
    "sff": "lesion"
  },
  {
    "docID": "N075 Amemori 2010",
    "et": "LesionAdjacentTissue",
    "off": 4268,
    "sff": "lesion"
  },
  {
    "docID": "N075 Amemori 2010",
    "et": "LesionAdjacentTissue",
    "off": 22010,
    "sff": "lesion"
  },
  {
    "docID": "N075 Amemori 2010",
    "et": "LesionAdjacentTissue",
    "off": 35674,
    "sff": "lesion"
  },
  {
    "docID": "N075 Amemori 2010",
    "et": "SevereInjury",
    "off": 3705,
    "sff": "severe"
  },
  {
    "docID": "N075 Amemori 2010",
    "et": "SevereInjury",
    "off": 46485,
    "sff": "severe"
  },
  {
    "docID": "N075 Amemori 2010",
    "et": "CentralNervousSystem",
    "off": 50195,
    "sff": "central nervous system"
  },
  {
    "docID": "N075 Amemori 2010",
    "et": "CentralNervousSystem",
    "off": 3274,
    "sff": "nervous"
  },
  {
    "docID": "N075 Amemori 2010",
    "et": "CentralNervousSystem",
    "off": 3274,
    "sff": "nervous system"
  },
  {
    "docID": "N075 Amemori 2010",
    "et": "CentralNervousSystem",
    "off": 9783,
    "sff": "central"
  },
  {
    "docID": "N075 Amemori 2010",
    "et": "CentralNervousSystem",
    "off": 3302,
    "sff": "central nervous system"
  },
  {
    "docID": "N075 Amemori 2010",
    "et": "CentralNervousSystem",
    "off": 3302,
    "sff": "central nervous"
  },
  {
    "docID": "N075 Amemori 2010",
    "et": "CentralNervousSystem",
    "off": 10349,
    "sff": "central"
  },
  {
    "docID": "N075 Amemori 2010",
    "et": "CentralNervousSystem",
    "off": 50195,
    "sff": "central nervous"
  },
  {
    "docID": "N075 Amemori 2010",
    "et": "RocheMexico",
    "off": 7083,
    "sff": "Roche"
  },
  {
    "docID": "N075 Amemori 2010",
    "et": "WistarRat",
    "off": 6968,
    "sff": "Wistar rats"
  },
  {
    "docID": "N075 Amemori 2010",
    "et": "WistarRat",
    "off": 6968,
    "sff": "Wistar"
  },
  {
    "docID": "N075 Amemori 2010",
    "et": "WistarRat",
    "off": 5522,
    "sff": "Wistar rats"
  },
  {
    "docID": "N075 Amemori 2010",
    "et": "WistarRat",
    "off": 8352,
    "sff": "Wistar rats"
  },
  {
    "docID": "N075 Amemori 2010",
    "et": "WistarRat",
    "off": 8352,
    "sff": "Wistar"
  },
  {
    "docID": "N075 Amemori 2010",
    "et": "WistarRat",
    "off": 5522,
    "sff": "Wistar"
  },
  {
    "docID": "N075 Amemori 2010",
    "et": "Matrix",
    "off": 2900,
    "sff": "matrix"
  },
  {
    "docID": "N075 Amemori 2010",
    "et": "Matrix",
    "off": 50458,
    "sff": "matrix"
  },
  {
    "docID": "N075 Amemori 2010",
    "et": "Matrix",
    "off": 5024,
    "sff": "matrix"
  },
  {
    "docID": "N075 Amemori 2010",
    "et": "SpinalCentralPart",
    "off": 3302,
    "sff": "central"
  },
  {
    "docID": "N075 Amemori 2010",
    "et": "SpinalCentralPart",
    "off": 9783,
    "sff": "central"
  },
  {
    "docID": "N075 Amemori 2010",
    "et": "SpinalCentralPart",
    "off": 50195,
    "sff": "central"
  },
  {
    "docID": "N075 Amemori 2010",
    "et": "SpinalCentralPart",
    "off": 10349,
    "sff": "central"
  },
  {
    "docID": "N075 Amemori 2010",
    "et": "InjuryArea",
    "off": 18370,
    "sff": "area"
  },
  {
    "docID": "N075 Amemori 2010",
    "et": "InjuryArea",
    "off": 27108,
    "sff": "area"
  },
  {
    "docID": "N075 Amemori 2010",
    "et": "InjuryArea",
    "off": 14611,
    "sff": "area"
  },
  {
    "docID": "N075 Amemori 2010",
    "et": "InjuryArea",
    "off": 26931,
    "sff": "area"
  },
  {
    "docID": "N075 Amemori 2010",
    "et": "InjuryArea",
    "off": 35381,
    "sff": "area"
  },
  {
    "docID": "N075 Amemori 2010",
    "et": "InjuryArea",
    "off": 26583,
    "sff": "area"
  },
  {
    "docID": "N075 Amemori 2010",
    "et": "InjuryArea",
    "off": 36006,
    "sff": "area"
  },
  {
    "docID": "N075 Amemori 2010",
    "et": "InjuryArea",
    "off": 27225,
    "sff": "area"
  },
  {
    "docID": "N075 Amemori 2010",
    "et": "InjuryArea",
    "off": 37132,
    "sff": "area"
  },
  {
    "docID": "N075 Amemori 2010",
    "et": "InjuryArea",
    "off": 38479,
    "sff": "area"
  },
  {
    "docID": "N075 Amemori 2010",
    "et": "InjuryArea",
    "off": 28448,
    "sff": "area"
  },
  {
    "docID": "N075 Amemori 2010",
    "et": "InjuryArea",
    "off": 18767,
    "sff": "area"
  },
  {
    "docID": "N075 Amemori 2010",
    "et": "MildInjury",
    "off": 48950,
    "sff": "mild"
  },
  {
    "docID": "N075 Amemori 2010",
    "et": "MedicationDuringSurgery",
    "off": 19602,
    "sff": "During"
  },
  {
    "docID": "N075 Amemori 2010",
    "et": "MedicationDuringSurgery",
    "off": 21527,
    "sff": "during"
  },
  {
    "docID": "N075 Amemori 2010",
    "et": "MedicationDuringSurgery",
    "off": 41660,
    "sff": "during"
  },
  {
    "docID": "N075 Amemori 2010",
    "et": "MedicationDuringSurgery",
    "off": 19316,
    "sff": "during"
  },
  {
    "docID": "N075 Amemori 2010",
    "et": "MedicationDuringSurgery",
    "off": 21397,
    "sff": "during"
  },
  {
    "docID": "N075 Amemori 2010",
    "et": "MedicationDuringSurgery",
    "off": 22291,
    "sff": "during"
  },
  {
    "docID": "N075 Amemori 2010",
    "et": "MedicationDuringSurgery",
    "off": 21228,
    "sff": "during"
  },
  {
    "docID": "N075 Amemori 2010",
    "et": "MedicationDuringSurgery",
    "off": 37869,
    "sff": "during"
  },
  {
    "docID": "N075 Amemori 2010",
    "et": "MedicationDuringSurgery",
    "off": 20874,
    "sff": "During"
  },
  {
    "docID": "N075 Amemori 2010",
    "et": "MedicationDuringSurgery",
    "off": 21952,
    "sff": "during"
  },
  {
    "docID": "N075 Amemori 2010",
    "et": "MedicationDuringSurgery",
    "off": 6380,
    "sff": "During"
  },
  {
    "docID": "N075 Amemori 2010",
    "et": "MedicationDuringSurgery",
    "off": 32516,
    "sff": "during"
  },
  {
    "docID": "N075 Amemori 2010",
    "et": "MedicationDuringSurgery",
    "off": 34563,
    "sff": "during"
  },
  {
    "docID": "N075 Amemori 2010",
    "et": "MedicationDuringSurgery",
    "off": 32738,
    "sff": "during"
  },
  {
    "docID": "N075 Amemori 2010",
    "et": "Ketamine",
    "off": 12123,
    "sff": "ketamine"
  },
  {
    "docID": "N075 Amemori 2010",
    "et": "Ketamine",
    "off": 14166,
    "sff": "ketamine"
  },
  {
    "docID": "N075 Amemori 2010",
    "et": "FogartyBalloonCatheter",
    "off": 6315,
    "sff": "balloon"
  },
  {
    "docID": "N075 Amemori 2010",
    "et": "FogartyBalloonCatheter",
    "off": 46334,
    "sff": "balloon"
  },
  {
    "docID": "N075 Amemori 2010",
    "et": "FogartyBalloonCatheter",
    "off": 6267,
    "sff": "Fogarty catheter"
  },
  {
    "docID": "N075 Amemori 2010",
    "et": "FogartyBalloonCatheter",
    "off": 19207,
    "sff": "balloon"
  },
  {
    "docID": "N075 Amemori 2010",
    "et": "FogartyBalloonCatheter",
    "off": 6144,
    "sff": "Balloon"
  },
  {
    "docID": "N075 Amemori 2010",
    "et": "FogartyBalloonCatheter",
    "off": 21990,
    "sff": "balloon"
  },
  {
    "docID": "N075 Amemori 2010",
    "et": "FogartyBalloonCatheter",
    "off": 38624,
    "sff": "Balloon"
  },
  {
    "docID": "N075 Amemori 2010",
    "et": "FogartyBalloonCatheter",
    "off": 6267,
    "sff": "Fogarty"
  },
  {
    "docID": "N075 Amemori 2010",
    "et": "FogartyBalloonCatheter",
    "off": 22099,
    "sff": "balloon"
  },
  {
    "docID": "N075 Amemori 2010",
    "et": "FogartyBalloonCatheter",
    "off": 36953,
    "sff": "balloon"
  },
  {
    "docID": "N075 Amemori 2010",
    "et": "FogartyBalloonCatheter",
    "off": 22205,
    "sff": "balloon"
  },
  {
    "docID": "N075 Amemori 2010",
    "et": "Brain",
    "off": 43451,
    "sff": "Brain"
  },
  {
    "docID": "N075 Amemori 2010",
    "et": "Brain",
    "off": 44739,
    "sff": "brain"
  },
  {
    "docID": "N075 Amemori 2010",
    "et": "Brain",
    "off": 45694,
    "sff": "Brain"
  },
  {
    "docID": "N075 Amemori 2010",
    "et": "Brain",
    "off": 45659,
    "sff": "brain"
  },
  {
    "docID": "N075 Amemori 2010",
    "et": "Brain",
    "off": 43686,
    "sff": "Brain"
  },
  {
    "docID": "N075 Amemori 2010",
    "et": "Brain",
    "off": 47351,
    "sff": "Brain"
  },
  {
    "docID": "N075 Amemori 2010",
    "et": "Balloon",
    "off": 46334,
    "sff": "balloon"
  },
  {
    "docID": "N075 Amemori 2010",
    "et": "Balloon",
    "off": 22205,
    "sff": "balloon"
  },
  {
    "docID": "N075 Amemori 2010",
    "et": "Balloon",
    "off": 6315,
    "sff": "balloon"
  },
  {
    "docID": "N075 Amemori 2010",
    "et": "Balloon",
    "off": 36953,
    "sff": "balloon"
  },
  {
    "docID": "N075 Amemori 2010",
    "et": "Balloon",
    "off": 19207,
    "sff": "balloon"
  },
  {
    "docID": "N075 Amemori 2010",
    "et": "Balloon",
    "off": 21990,
    "sff": "balloon"
  },
  {
    "docID": "N075 Amemori 2010",
    "et": "Balloon",
    "off": 22099,
    "sff": "balloon"
  },
  {
    "docID": "N075 Amemori 2010",
    "et": "Balloon",
    "off": 6144,
    "sff": "Balloon"
  },
  {
    "docID": "N075 Amemori 2010",
    "et": "Balloon",
    "off": 38624,
    "sff": "Balloon"
  },
  {
    "docID": "N075 Amemori 2010",
    "et": "AscendingFiberTract",
    "off": 38968,
    "sff": "ascending"
  },
  {
    "docID": "N075 Amemori 2010",
    "et": "SpinalWhiteMatter",
    "off": 38999,
    "sff": "white matter"
  },
  {
    "docID": "N075 Amemori 2010",
    "et": "SpinalWhiteMatter",
    "off": 26950,
    "sff": "white"
  },
  {
    "docID": "N075 Amemori 2010",
    "et": "SpinalWhiteMatter",
    "off": 40984,
    "sff": "white matter"
  },
  {
    "docID": "N075 Amemori 2010",
    "et": "SpinalWhiteMatter",
    "off": 35354,
    "sff": "white matter"
  },
  {
    "docID": "N075 Amemori 2010",
    "et": "SpinalWhiteMatter",
    "off": 48346,
    "sff": "white matter"
  },
  {
    "docID": "N075 Amemori 2010",
    "et": "SpinalWhiteMatter",
    "off": 26815,
    "sff": "white"
  },
  {
    "docID": "N075 Amemori 2010",
    "et": "SpinalWhiteMatter",
    "off": 38610,
    "sff": "white matter"
  },
  {
    "docID": "N075 Amemori 2010",
    "et": "SpinalWhiteMatter",
    "off": 27930,
    "sff": "white matter"
  },
  {
    "docID": "N075 Amemori 2010",
    "et": "SpinalWhiteMatter",
    "off": 18905,
    "sff": "white matter"
  },
  {
    "docID": "N075 Amemori 2010",
    "et": "SpinalWhiteMatter",
    "off": 38887,
    "sff": "white matter"
  },
  {
    "docID": "N075 Amemori 2010",
    "et": "SpinalWhiteMatter",
    "off": 37032,
    "sff": "white matter"
  },
  {
    "docID": "N075 Amemori 2010",
    "et": "SpinalWhiteMatter",
    "off": 38360,
    "sff": "white"
  },
  {
    "docID": "N075 Amemori 2010",
    "et": "SpinalWhiteMatter",
    "off": 41387,
    "sff": "white matter"
  },
  {
    "docID": "N075 Amemori 2010",
    "et": "SpinalWhiteMatter",
    "off": 18332,
    "sff": "white"
  },
  {
    "docID": "N075 Amemori 2010",
    "et": "SpinalWhiteMatter",
    "off": 15503,
    "sff": "white"
  },
  {
    "docID": "N075 Amemori 2010",
    "et": "SpinalWhiteMatter",
    "off": 38178,
    "sff": "white matter"
  },
  {
    "docID": "N075 Amemori 2010",
    "et": "SpinalWhiteMatter",
    "off": 27306,
    "sff": "white matter"
  },
  {
    "docID": "N075 Amemori 2010",
    "et": "SpinalWhiteMatter",
    "off": 28201,
    "sff": "white matter"
  },
  {
    "docID": "N075 Amemori 2010",
    "et": "SpinalWhiteMatter",
    "off": 18471,
    "sff": "white matter"
  },
  {
    "docID": "N075 Amemori 2010",
    "et": "SpinalWhiteMatter",
    "off": 28839,
    "sff": "white matter"
  },
  {
    "docID": "N075 Amemori 2010",
    "et": "SpinalWhiteMatter",
    "off": 27177,
    "sff": "white"
  },
  {
    "docID": "N075 Amemori 2010",
    "et": "SpinalWhiteMatter",
    "off": 39657,
    "sff": "white"
  },
  {
    "docID": "N075 Amemori 2010",
    "et": "SpinalWhiteMatter",
    "off": 37434,
    "sff": "white matter"
  },
  {
    "docID": "N075 Amemori 2010",
    "et": "SpinalWhiteMatter",
    "off": 37755,
    "sff": "white matter"
  },
  {
    "docID": "N075 Amemori 2010",
    "et": "SpinalWhiteMatter",
    "off": 41069,
    "sff": "white"
  },
  {
    "docID": "N075 Amemori 2010",
    "et": "SpinalWhiteMatter",
    "off": 18721,
    "sff": "white"
  },
  {
    "docID": "N075 Amemori 2010",
    "et": "SpinalWhiteMatter",
    "off": 37300,
    "sff": "white matter"
  },
  {
    "docID": "N075 Amemori 2010",
    "et": "SpinalWhiteMatter",
    "off": 28920,
    "sff": "white matter"
  },
  {
    "docID": "N075 Amemori 2010",
    "et": "SpinalWhiteMatter",
    "off": 15140,
    "sff": "white"
  },
  {
    "docID": "N075 Amemori 2010",
    "et": "SpinalWhiteMatter",
    "off": 18038,
    "sff": "white"
  },
  {
    "docID": "N075 Amemori 2010",
    "et": "SpinalWhiteMatter",
    "off": 1721,
    "sff": "white"
  },
  {
    "docID": "N075 Amemori 2010",
    "et": "SpinalWhiteMatter",
    "off": 27771,
    "sff": "white"
  },
  {
    "docID": "N075 Amemori 2010",
    "et": "SpinalWhiteMatter",
    "off": 43328,
    "sff": "white matter"
  },
  {
    "docID": "N075 Amemori 2010",
    "et": "SpinalWhiteMatter",
    "off": 28039,
    "sff": "white matter"
  },
  {
    "docID": "N075 Amemori 2010",
    "et": "MacrophageCell",
    "off": 48764,
    "sff": "macrophage"
  },
  {
    "docID": "N075 Amemori 2010",
    "et": "Dorsal",
    "off": 34942,
    "sff": "dorsal"
  },
  {
    "docID": "N075 Amemori 2010",
    "et": "Dorsal",
    "off": 44131,
    "sff": "dorsal"
  },
  {
    "docID": "N075 Amemori 2010",
    "et": "Dorsal",
    "off": 9908,
    "sff": "dorsal"
  },
  {
    "docID": "N075 Amemori 2010",
    "et": "MeasurementOfIncreasingTemperature",
    "off": 32707,
    "sff": "increasing"
  },
  {
    "docID": "N075 Amemori 2010",
    "et": "MeasurementOfIncreasingTemperature",
    "off": 32369,
    "sff": "measurement"
  },
  {
    "docID": "N075 Amemori 2010",
    "et": "Antibody",
    "off": 13703,
    "sff": "antibody"
  },
  {
    "docID": "N075 Amemori 2010",
    "et": "UmbilicalCordBloodStemCell",
    "off": 49634,
    "sff": "Blood"
  },
  {
    "docID": "N075 Amemori 2010",
    "et": "ContusionType",
    "off": 52906,
    "sff": "contusion"
  },
  {
    "docID": "N075 Amemori 2010",
    "et": "CyclosporineA",
    "off": 10403,
    "sff": "Cyclosporine"
  },
  {
    "docID": "N075 Amemori 2010",
    "et": "RadiofrequencyLesionDevice",
    "off": 4268,
    "sff": "lesion"
  },
  {
    "docID": "N075 Amemori 2010",
    "et": "RadiofrequencyLesionDevice",
    "off": 19227,
    "sff": "lesion"
  },
  {
    "docID": "N075 Amemori 2010",
    "et": "RadiofrequencyLesionDevice",
    "off": 35374,
    "sff": "lesion"
  },
  {
    "docID": "N075 Amemori 2010",
    "et": "RadiofrequencyLesionDevice",
    "off": 22010,
    "sff": "lesion"
  },
  {
    "docID": "N075 Amemori 2010",
    "et": "RadiofrequencyLesionDevice",
    "off": 35674,
    "sff": "lesion"
  },
  {
    "docID": "N075 Amemori 2010",
    "et": "RadiofrequencyLesionDevice",
    "off": 21261,
    "sff": "lesion"
  },
  {
    "docID": "N075 Amemori 2010",
    "et": "RadiofrequencyLesionDevice",
    "off": 3763,
    "sff": "lesion"
  },
  {
    "docID": "N075 Amemori 2010",
    "et": "RadiofrequencyLesionDevice",
    "off": 936,
    "sff": "lesion"
  },
  {
    "docID": "N075 Amemori 2010",
    "et": "RadiofrequencyLesionDevice",
    "off": 41892,
    "sff": "lesion"
  },
  {
    "docID": "N075 Amemori 2010",
    "et": "Protein",
    "off": 3453,
    "sff": "protein"
  },
  {
    "docID": "N075 Amemori 2010",
    "et": "Protein",
    "off": 10605,
    "sff": "protein"
  },
  {
    "docID": "N075 Amemori 2010",
    "et": "Protein",
    "off": 50531,
    "sff": "protein"
  },
  {
    "docID": "N075 Amemori 2010",
    "et": "Protein",
    "off": 10761,
    "sff": "protein"
  },
  {
    "docID": "N075 Amemori 2010",
    "et": "GlialCell",
    "off": 51446,
    "sff": "glial"
  },
  {
    "docID": "N075 Amemori 2010",
    "et": "SpinalGrayMatter",
    "off": 15513,
    "sff": "gray matter"
  },
  {
    "docID": "N075 Amemori 2010",
    "et": "SpinalGrayMatter",
    "off": 38553,
    "sff": "gray matter"
  },
  {
    "docID": "N075 Amemori 2010",
    "et": "SpinalGrayMatter",
    "off": 37144,
    "sff": "gray matter"
  },
  {
    "docID": "N075 Amemori 2010",
    "et": "SpinalGrayMatter",
    "off": 35415,
    "sff": "gray matter"
  },
  {
    "docID": "N075 Amemori 2010",
    "et": "SpinalGrayMatter",
    "off": 28566,
    "sff": "gray matter"
  },
  {
    "docID": "N075 Amemori 2010",
    "et": "SpinalGrayMatter",
    "off": 18581,
    "sff": "gray matter"
  },
  {
    "docID": "N075 Amemori 2010",
    "et": "SpinalGrayMatter",
    "off": 26960,
    "sff": "gray matter"
  },
  {
    "docID": "N075 Amemori 2010",
    "et": "SpinalGrayMatter",
    "off": 26825,
    "sff": "gray matter"
  },
  {
    "docID": "N075 Amemori 2010",
    "et": "SpinalGrayMatter",
    "off": 37001,
    "sff": "gray matter"
  },
  {
    "docID": "N075 Amemori 2010",
    "et": "SpinalGrayMatter",
    "off": 28295,
    "sff": "gray matter"
  },
  {
    "docID": "N075 Amemori 2010",
    "et": "SpinalGrayMatter",
    "off": 38726,
    "sff": "gray matter"
  },
  {
    "docID": "N075 Amemori 2010",
    "et": "SpinalGrayMatter",
    "off": 27781,
    "sff": "gray matter"
  },
  {
    "docID": "N075 Amemori 2010",
    "et": "SpinalGrayMatter",
    "off": 37509,
    "sff": "gray matter"
  },
  {
    "docID": "N075 Amemori 2010",
    "et": "SpinalGrayMatter",
    "off": 1731,
    "sff": "gray matter"
  },
  {
    "docID": "N075 Amemori 2010",
    "et": "SpinalGrayMatter",
    "off": 28417,
    "sff": "gray matter"
  },
  {
    "docID": "N075 Amemori 2010",
    "et": "SpinalGrayMatter",
    "off": 38849,
    "sff": "gray matter"
  },
  {
    "docID": "N075 Amemori 2010",
    "et": "SpinalGrayMatter",
    "off": 38781,
    "sff": "gray matter"
  },
  {
    "docID": "N075 Amemori 2010",
    "et": "SpinalGrayMatter",
    "off": 41020,
    "sff": "gray matter"
  },
  {
    "docID": "N075 Amemori 2010",
    "et": "SpinalGrayMatter",
    "off": 18937,
    "sff": "gray matter"
  },
  {
    "docID": "N075 Amemori 2010",
    "et": "SpinalGrayMatter",
    "off": 27576,
    "sff": "gray matter"
  },
  {
    "docID": "N075 Amemori 2010",
    "et": "SpinalGrayMatter",
    "off": 41079,
    "sff": "gray matter"
  },
  {
    "docID": "N075 Amemori 2010",
    "et": "SpinalGrayMatter",
    "off": 28662,
    "sff": "gray matter"
  },
  {
    "docID": "N075 Amemori 2010",
    "et": "SpinalGrayMatter",
    "off": 37237,
    "sff": "gray matter"
  },
  {
    "docID": "N075 Amemori 2010",
    "et": "SpinalGrayMatter",
    "off": 27187,
    "sff": "gray matter"
  },
  {
    "docID": "N075 Amemori 2010",
    "et": "SpinalGrayMatter",
    "off": 39667,
    "sff": "gray matter"
  },
  {
    "docID": "N075 Amemori 2010",
    "et": "SpinalGrayMatter",
    "off": 27698,
    "sff": "gray matter"
  },
  {
    "docID": "N075 Amemori 2010",
    "et": "SpinalGrayMatter",
    "off": 31984,
    "sff": "gray matter"
  },
  {
    "docID": "N075 Amemori 2010",
    "et": "SpinalGrayMatter",
    "off": 37679,
    "sff": "gray matter"
  },
  {
    "docID": "N075 Amemori 2010",
    "et": "SpinalGrayMatter",
    "off": 15150,
    "sff": "gray matter"
  },
  {
    "docID": "N075 Amemori 2010",
    "et": "SpinalGrayMatter",
    "off": 18731,
    "sff": "gray matter"
  },
  {
    "docID": "N075 Amemori 2010",
    "et": "SpinalGrayMatter",
    "off": 41515,
    "sff": "gray matter"
  },
  {
    "docID": "N075 Amemori 2010",
    "et": "SpinalGrayMatter",
    "off": 39144,
    "sff": "gray matter"
  },
  {
    "docID": "N075 Amemori 2010",
    "et": "SpinalGrayMatter",
    "off": 18342,
    "sff": "gray matter"
  },
  {
    "docID": "N075 Amemori 2010",
    "et": "SpinalGrayMatter",
    "off": 39206,
    "sff": "gray matter"
  },
  {
    "docID": "N075 Amemori 2010",
    "et": "SpinalGrayMatter",
    "off": 18052,
    "sff": "gray"
  },
  {
    "docID": "N075 Amemori 2010",
    "et": "SpinalGrayMatter",
    "off": 38306,
    "sff": "gray matter"
  },
  {
    "docID": "N075 Amemori 2010",
    "et": "SpinalGrayMatter",
    "off": 38370,
    "sff": "gray matter"
  },
  {
    "docID": "N075 Amemori 2010",
    "et": "SpinalGrayMatter",
    "off": 36062,
    "sff": "gray matter"
  },
  {
    "docID": "N075 Amemori 2010",
    "et": "SpinalGrayMatter",
    "off": 38429,
    "sff": "gray matter"
  },
  {
    "docID": "N075 Amemori 2010",
    "et": "SpinalGrayMatter",
    "off": 41245,
    "sff": "gray matter"
  },
  {
    "docID": "N075 Amemori 2010",
    "et": "Differentiation",
    "off": 40473,
    "sff": "differentiation"
  },
  {
    "docID": "N075 Amemori 2010",
    "et": "Differentiation",
    "off": 54434,
    "sff": "differentiation"
  },
  {
    "docID": "N075 Amemori 2010",
    "et": "Differentiation",
    "off": 40206,
    "sff": "differentiation"
  },
  {
    "docID": "N075 Amemori 2010",
    "et": "Differentiation",
    "off": 12831,
    "sff": "differentiation"
  },
  {
    "docID": "N075 Amemori 2010",
    "et": "CompressionType",
    "off": 48967,
    "sff": "compression"
  },
  {
    "docID": "N075 Amemori 2010",
    "et": "CompressionType",
    "off": 22308,
    "sff": "compression"
  },
  {
    "docID": "N075 Amemori 2010",
    "et": "CompressionType",
    "off": 6152,
    "sff": "compression"
  },
  {
    "docID": "N075 Amemori 2010",
    "et": "CompressionType",
    "off": 38632,
    "sff": "compression"
  },
  {
    "docID": "N075 Amemori 2010",
    "et": "CompressionType",
    "off": 14991,
    "sff": "compression"
  },
  {
    "docID": "N075 Amemori 2010",
    "et": "CompressionType",
    "off": 19215,
    "sff": "compression"
  },
  {
    "docID": "N075 Amemori 2010",
    "et": "CompressionType",
    "off": 21998,
    "sff": "compression"
  },
  {
    "docID": "N075 Amemori 2010",
    "et": "CompressionType",
    "off": 924,
    "sff": "compression"
  },
  {
    "docID": "N075 Amemori 2010",
    "et": "CompressionType",
    "off": 36961,
    "sff": "compression"
  },
  {
    "docID": "N075 Amemori 2010",
    "et": "PostSurgeryCondition",
    "off": 22424,
    "sff": "surgery"
  },
  {
    "docID": "N075 Amemori 2010",
    "et": "RatSpecies",
    "off": 53706,
    "sff": "rat"
  },
  {
    "docID": "N075 Amemori 2010",
    "et": "RatSpecies",
    "off": 48091,
    "sff": "rat"
  },
  {
    "docID": "N075 Amemori 2010",
    "et": "RatSpecies",
    "off": 54107,
    "sff": "rat"
  },
  {
    "docID": "N075 Amemori 2010",
    "et": "RatSpecies",
    "off": 46360,
    "sff": "rat"
  },
  {
    "docID": "N075 Amemori 2010",
    "et": "RatSpecies",
    "off": 43060,
    "sff": "rat"
  },
  {
    "docID": "N075 Amemori 2010",
    "et": "RatSpecies",
    "off": 52005,
    "sff": "rat"
  },
  {
    "docID": "N075 Amemori 2010",
    "et": "RatSpecies",
    "off": 146,
    "sff": "rat"
  },
  {
    "docID": "N075 Amemori 2010",
    "et": "RatSpecies",
    "off": 45102,
    "sff": "rat"
  },
  {
    "docID": "N075 Amemori 2010",
    "et": "RatSpecies",
    "off": 46542,
    "sff": "rat"
  },
  {
    "docID": "N075 Amemori 2010",
    "et": "RatSpecies",
    "off": 13406,
    "sff": "rat"
  },
  {
    "docID": "N075 Amemori 2010",
    "et": "Caudal",
    "off": 15330,
    "sff": "caudal"
  },
  {
    "docID": "N075 Amemori 2010",
    "et": "Caudal",
    "off": 28483,
    "sff": "caudal"
  },
  {
    "docID": "N075 Amemori 2010",
    "et": "Caudal",
    "off": 27960,
    "sff": "caudal"
  },
  {
    "docID": "N075 Amemori 2010",
    "et": "Caudal",
    "off": 38041,
    "sff": "caudal"
  },
  {
    "docID": "N075 Amemori 2010",
    "et": "Caudal",
    "off": 27835,
    "sff": "caudal"
  },
  {
    "docID": "N075 Amemori 2010",
    "et": "Caudal",
    "off": 18797,
    "sff": "caudal"
  },
  {
    "docID": "N075 Amemori 2010",
    "et": "Caudal",
    "off": 37454,
    "sff": "caudal"
  },
  {
    "docID": "N075 Amemori 2010",
    "et": "Caudal",
    "off": 26671,
    "sff": "caudal"
  },
  {
    "docID": "N075 Amemori 2010",
    "et": "Caudal",
    "off": 28095,
    "sff": "caudal"
  },
  {
    "docID": "N075 Amemori 2010",
    "et": "Caudal",
    "off": 28255,
    "sff": "caudal"
  },
  {
    "docID": "N075 Amemori 2010",
    "et": "SchwannCell",
    "off": 3087,
    "sff": "Schwann"
  },
  {
    "docID": "N075 Amemori 2010",
    "et": "SchwannCell",
    "off": 47265,
    "sff": "Schwann"
  },
  {
    "docID": "N075 Amemori 2010",
    "et": "SchwannCell",
    "off": 3026,
    "sff": "Schwann"
  },
  {
    "docID": "N075 Amemori 2010",
    "et": "SchwannCell",
    "off": 34146,
    "sff": "Schwann"
  },
  {
    "docID": "N075 Amemori 2010",
    "et": "SchwannCell",
    "off": 47442,
    "sff": "Schwann"
  },
  {
    "docID": "N075 Amemori 2010",
    "et": "SchwannCell",
    "off": 3543,
    "sff": "Schwann"
  },
  {
    "docID": "N075 Amemori 2010",
    "et": "SchwannCell",
    "off": 44342,
    "sff": "Schwann"
  },
  {
    "docID": "N075 Amemori 2010",
    "et": "SchwannCell",
    "off": 42928,
    "sff": "Schwann cell"
  },
  {
    "docID": "N075 Amemori 2010",
    "et": "SchwannCell",
    "off": 43273,
    "sff": "Schwann"
  },
  {
    "docID": "N075 Amemori 2010",
    "et": "SchwannCell",
    "off": 53643,
    "sff": "Schwann"
  },
  {
    "docID": "N075 Amemori 2010",
    "et": "NewZealandRabbit",
    "off": 51943,
    "sff": "new"
  },
  {
    "docID": "N075 Amemori 2010",
    "et": "NewZealandRabbit",
    "off": 32008,
    "sff": "new"
  },
  {
    "docID": "N075 Amemori 2010",
    "et": "NewZealandRabbit",
    "off": 46472,
    "sff": "new"
  },
  {
    "docID": "N075 Amemori 2010",
    "et": "NewZealandRabbit",
    "off": 51621,
    "sff": "new"
  },
  {
    "docID": "N075 Amemori 2010",
    "et": "NewZealandRabbit",
    "off": 53072,
    "sff": "New"
  },
  {
    "docID": "N075 Amemori 2010",
    "et": "NewZealandRabbit",
    "off": 49337,
    "sff": "new"
  },
  {
    "docID": "N075 Amemori 2010",
    "et": "NewZealandRabbit",
    "off": 31869,
    "sff": "new"
  },
  {
    "docID": "N075 Amemori 2010",
    "et": "Albumin",
    "off": 13485,
    "sff": "albumin"
  },
  {
    "docID": "N075 Amemori 2010",
    "et": "BoneMarrowStemCell",
    "off": 44700,
    "sff": "Bone marrow"
  },
  {
    "docID": "N075 Amemori 2010",
    "et": "BoneMarrowStemCell",
    "off": 45813,
    "sff": "bone marrow stem"
  },
  {
    "docID": "N075 Amemori 2010",
    "et": "BoneMarrowStemCell",
    "off": 49483,
    "sff": "Bone marrow"
  },
  {
    "docID": "N075 Amemori 2010",
    "et": "BoneMarrowStemCell",
    "off": 45106,
    "sff": "bone marrow"
  },
  {
    "docID": "N075 Amemori 2010",
    "et": "BoneMarrowStemCell",
    "off": 46067,
    "sff": "Marrow"
  },
  {
    "docID": "N075 Amemori 2010",
    "et": "BoneMarrowStemCell",
    "off": 54006,
    "sff": "Bone marrow"
  },
  {
    "docID": "N075 Amemori 2010",
    "et": "BoneMarrowStemCell",
    "off": 3989,
    "sff": "bone marrow"
  },
  {
    "docID": "N075 Amemori 2010",
    "et": "BoneMarrowStemCell",
    "off": 45813,
    "sff": "bone marrow"
  },
  {
    "docID": "N075 Amemori 2010",
    "et": "BoneMarrowStemCell",
    "off": 47911,
    "sff": "bone marrow"
  },
  {
    "docID": "N075 Amemori 2010",
    "et": "BoneMarrowStemCell",
    "off": 47034,
    "sff": "bone marrow"
  },
  {
    "docID": "N075 Amemori 2010",
    "et": "BoneMarrowStemCell",
    "off": 54396,
    "sff": "bone marrow"
  },
  {
    "docID": "N075 Amemori 2010",
    "et": "SigmaAldrich",
    "off": 7940,
    "sff": "Sigma"
  },
  {
    "docID": "N075 Amemori 2010",
    "et": "SigmaAldrich",
    "off": 7217,
    "sff": "Sigma"
  },
  {
    "docID": "N075 Amemori 2010",
    "et": "SigmaAldrich",
    "off": 7423,
    "sff": "Sigma"
  },
  {
    "docID": "N075 Amemori 2010",
    "et": "SigmaAldrich",
    "off": 13609,
    "sff": "Sigma"
  },
  {
    "docID": "N075 Amemori 2010",
    "et": "SigmaAldrich",
    "off": 7544,
    "sff": "Sigma"
  },
  {
    "docID": "N075 Amemori 2010",
    "et": "SigmaAldrich",
    "off": 8069,
    "sff": "Sigma"
  },
  {
    "docID": "N075 Amemori 2010",
    "et": "T10",
    "off": 6236,
    "sff": "T10"
  },
  {
    "docID": "N075 Amemori 2010",
    "et": "DescendingFiberTract",
    "off": 38953,
    "sff": "descending"
  },
  {
    "docID": "N075 Amemori 2010",
    "et": "DescendingFiberTract",
    "off": 13730,
    "sff": "descending"
  },
  {
    "docID": "N075 Amemori 2010",
    "et": "DescendingFiberTract",
    "off": 13806,
    "sff": "descending"
  },
  {
    "docID": "N075 Amemori 2010",
    "et": "DescendingFiberTract",
    "off": 51275,
    "sff": "descending"
  },
  {
    "docID": "N075 Amemori 2010",
    "et": "PartialTransection",
    "off": 37016,
    "sff": "partial"
  },
  {
    "docID": "N075 Amemori 2010",
    "et": "Thoracic",
    "off": 26755,
    "sff": "thoracic"
  },
  {
    "docID": "N075 Amemori 2010",
    "et": "Thoracic",
    "off": 43064,
    "sff": "thoracic"
  },
  {
    "docID": "N075 Amemori 2010",
    "et": "Thoracic",
    "off": 6214,
    "sff": "thoracic"
  },
  {
    "docID": "N075 Amemori 2010",
    "et": "Thoracic",
    "off": 51115,
    "sff": "thoracic"
  },
  {
    "docID": "N075 Amemori 2010",
    "et": "Thoracic",
    "off": 28077,
    "sff": "thoracic"
  },
  {
    "docID": "N075 Amemori 2010",
    "et": "Compression",
    "off": 22308,
    "sff": "compression"
  },
  {
    "docID": "N075 Amemori 2010",
    "et": "Compression",
    "off": 6152,
    "sff": "compression"
  },
  {
    "docID": "N075 Amemori 2010",
    "et": "Compression",
    "off": 38632,
    "sff": "compression"
  },
  {
    "docID": "N075 Amemori 2010",
    "et": "Compression",
    "off": 48967,
    "sff": "compression"
  },
  {
    "docID": "N075 Amemori 2010",
    "et": "Compression",
    "off": 924,
    "sff": "compression"
  },
  {
    "docID": "N075 Amemori 2010",
    "et": "Compression",
    "off": 36961,
    "sff": "compression"
  },
  {
    "docID": "N075 Amemori 2010",
    "et": "Compression",
    "off": 21998,
    "sff": "compression"
  },
  {
    "docID": "N075 Amemori 2010",
    "et": "Compression",
    "off": 14991,
    "sff": "compression"
  },
  {
    "docID": "N075 Amemori 2010",
    "et": "Compression",
    "off": 19215,
    "sff": "compression"
  },
  {
    "docID": "N075 Amemori 2010",
    "et": "GreenFluorescentProtein",
    "off": 10586,
    "sff": "green"
  },
  {
    "docID": "N075 Amemori 2010",
    "et": "GreenFluorescentProtein",
    "off": 25436,
    "sff": "green"
  },
  {
    "docID": "N075 Amemori 2010",
    "et": "GreenFluorescentProtein",
    "off": 10742,
    "sff": "green"
  },
  {
    "docID": "N075 Amemori 2010",
    "et": "GreenFluorescentProtein",
    "off": 17478,
    "sff": "green"
  },
  {
    "docID": "N075 Amemori 2010",
    "et": "GreenFluorescentProtein",
    "off": 47594,
    "sff": "Green"
  },
  {
    "docID": "N075 Amemori 2010",
    "et": "GreenFluorescentProtein",
    "off": 8989,
    "sff": "green"
  },
  {
    "docID": "N075 Amemori 2010",
    "et": "GreenFluorescentProtein",
    "off": 17293,
    "sff": "green"
  },
  {
    "docID": "N075 Amemori 2010",
    "et": "GreenFluorescentProtein",
    "off": 24717,
    "sff": "green"
  },
  {
    "docID": "N075 Amemori 2010",
    "et": "GreenFluorescentProtein",
    "off": 47631,
    "sff": "green"
  },
  {
    "docID": "N075 Amemori 2010",
    "et": "StemCellSourceType",
    "off": 24589,
    "sff": "Cell"
  },
  {
    "docID": "N075 Amemori 2010",
    "et": "StemCellSourceType",
    "off": 31560,
    "sff": "cell"
  },
  {
    "docID": "N075 Amemori 2010",
    "et": "StemCellSourceType",
    "off": 54719,
    "sff": "stem"
  },
  {
    "docID": "N075 Amemori 2010",
    "et": "StemCellSourceType",
    "off": 397,
    "sff": "Cell"
  },
  {
    "docID": "N075 Amemori 2010",
    "et": "StemCellSourceType",
    "off": 36041,
    "sff": "cell"
  },
  {
    "docID": "N075 Amemori 2010",
    "et": "StemCellSourceType",
    "off": 44480,
    "sff": "stem"
  },
  {
    "docID": "N075 Amemori 2010",
    "et": "StemCellSourceType",
    "off": 2197,
    "sff": "Cell"
  },
  {
    "docID": "N075 Amemori 2010",
    "et": "StemCellSourceType",
    "off": 45491,
    "sff": "stem"
  },
  {
    "docID": "N075 Amemori 2010",
    "et": "StemCellSourceType",
    "off": 53845,
    "sff": "cell"
  },
  {
    "docID": "N075 Amemori 2010",
    "et": "StemCellSourceType",
    "off": 53906,
    "sff": "Cell"
  },
  {
    "docID": "N075 Amemori 2010",
    "et": "StemCellSourceType",
    "off": 49323,
    "sff": "stem"
  },
  {
    "docID": "N075 Amemori 2010",
    "et": "StemCellSourceType",
    "off": 43997,
    "sff": "cell"
  },
  {
    "docID": "N075 Amemori 2010",
    "et": "StemCellSourceType",
    "off": 50710,
    "sff": "Stem"
  },
  {
    "docID": "N075 Amemori 2010",
    "et": "StemCellSourceType",
    "off": 43946,
    "sff": "stem"
  },
  {
    "docID": "N075 Amemori 2010",
    "et": "StemCellSourceType",
    "off": 54312,
    "sff": "stem"
  },
  {
    "docID": "N075 Amemori 2010",
    "et": "StemCellSourceType",
    "off": 30179,
    "sff": "cell"
  },
  {
    "docID": "N075 Amemori 2010",
    "et": "StemCellSourceType",
    "off": 27367,
    "sff": "cell"
  },
  {
    "docID": "N075 Amemori 2010",
    "et": "StemCellSourceType",
    "off": 43623,
    "sff": "cell"
  },
  {
    "docID": "N075 Amemori 2010",
    "et": "StemCellSourceType",
    "off": 50221,
    "sff": "Cell"
  },
  {
    "docID": "N075 Amemori 2010",
    "et": "StemCellSourceType",
    "off": 45086,
    "sff": "stem"
  },
  {
    "docID": "N075 Amemori 2010",
    "et": "StemCellSourceType",
    "off": 46901,
    "sff": "Cell"
  },
  {
    "docID": "N075 Amemori 2010",
    "et": "StemCellSourceType",
    "off": 31283,
    "sff": "cell"
  },
  {
    "docID": "N075 Amemori 2010",
    "et": "StemCellSourceType",
    "off": 42936,
    "sff": "cell"
  },
  {
    "docID": "N075 Amemori 2010",
    "et": "StemCellSourceType",
    "off": 45548,
    "sff": "stem cell"
  },
  {
    "docID": "N075 Amemori 2010",
    "et": "StemCellSourceType",
    "off": 31680,
    "sff": "cell"
  },
  {
    "docID": "N075 Amemori 2010",
    "et": "StemCellSourceType",
    "off": 29121,
    "sff": "cell"
  },
  {
    "docID": "N075 Amemori 2010",
    "et": "StemCellSourceType",
    "off": 36041,
    "sff": "cell type"
  },
  {
    "docID": "N075 Amemori 2010",
    "et": "StemCellSourceType",
    "off": 45825,
    "sff": "stem"
  },
  {
    "docID": "N075 Amemori 2010",
    "et": "StemCellSourceType",
    "off": 5064,
    "sff": "cell"
  },
  {
    "docID": "N075 Amemori 2010",
    "et": "StemCellSourceType",
    "off": 45311,
    "sff": "stem"
  },
  {
    "docID": "N075 Amemori 2010",
    "et": "StemCellSourceType",
    "off": 9861,
    "sff": "cell"
  },
  {
    "docID": "N075 Amemori 2010",
    "et": "StemCellSourceType",
    "off": 1028,
    "sff": "cell"
  },
  {
    "docID": "N075 Amemori 2010",
    "et": "StemCellSourceType",
    "off": 2435,
    "sff": "cell"
  },
  {
    "docID": "N075 Amemori 2010",
    "et": "StemCellSourceType",
    "off": 36236,
    "sff": "cell"
  },
  {
    "docID": "N075 Amemori 2010",
    "et": "StemCellSourceType",
    "off": 10236,
    "sff": "cell"
  },
  {
    "docID": "N075 Amemori 2010",
    "et": "StemCellSourceType",
    "off": 35926,
    "sff": "Cell"
  },
  {
    "docID": "N075 Amemori 2010",
    "et": "StemCellSourceType",
    "off": 25500,
    "sff": "cell"
  },
  {
    "docID": "N075 Amemori 2010",
    "et": "StemCellSourceType",
    "off": 48107,
    "sff": "stem"
  },
  {
    "docID": "N075 Amemori 2010",
    "et": "StemCellSourceType",
    "off": 29728,
    "sff": "cell"
  },
  {
    "docID": "N075 Amemori 2010",
    "et": "StemCellSourceType",
    "off": 8674,
    "sff": "stem"
  },
  {
    "docID": "N075 Amemori 2010",
    "et": "StemCellSourceType",
    "off": 44900,
    "sff": "stem"
  },
  {
    "docID": "N075 Amemori 2010",
    "et": "StemCellSourceType",
    "off": 35878,
    "sff": "cell"
  },
  {
    "docID": "N075 Amemori 2010",
    "et": "StemCellSourceType",
    "off": 24615,
    "sff": "cell"
  },
  {
    "docID": "N075 Amemori 2010",
    "et": "StemCellSourceType",
    "off": 53472,
    "sff": "stem"
  },
  {
    "docID": "N075 Amemori 2010",
    "et": "StemCellSourceType",
    "off": 18284,
    "sff": "cell"
  },
  {
    "docID": "N075 Amemori 2010",
    "et": "StemCellSourceType",
    "off": 50025,
    "sff": "Cell"
  },
  {
    "docID": "N075 Amemori 2010",
    "et": "StemCellSourceType",
    "off": 44650,
    "sff": "Cell"
  },
  {
    "docID": "N075 Amemori 2010",
    "et": "StemCellSourceType",
    "off": 36338,
    "sff": "cell"
  },
  {
    "docID": "N075 Amemori 2010",
    "et": "StemCellSourceType",
    "off": 46834,
    "sff": "cell"
  },
  {
    "docID": "N075 Amemori 2010",
    "et": "StemCellSourceType",
    "off": 26359,
    "sff": "cell"
  },
  {
    "docID": "N075 Amemori 2010",
    "et": "StemCellSourceType",
    "off": 47997,
    "sff": "Cell"
  },
  {
    "docID": "N075 Amemori 2010",
    "et": "StemCellSourceType",
    "off": 45645,
    "sff": "stem"
  },
  {
    "docID": "N075 Amemori 2010",
    "et": "StemCellSourceType",
    "off": 29178,
    "sff": "Cell"
  },
  {
    "docID": "N075 Amemori 2010",
    "et": "StemCellSourceType",
    "off": 44615,
    "sff": "stem"
  },
  {
    "docID": "N075 Amemori 2010",
    "et": "StemCellSourceType",
    "off": 50879,
    "sff": "Stem"
  },
  {
    "docID": "N075 Amemori 2010",
    "et": "StemCellSourceType",
    "off": 1028,
    "sff": "cell type"
  },
  {
    "docID": "N075 Amemori 2010",
    "et": "StemCellSourceType",
    "off": 44546,
    "sff": "Cell"
  },
  {
    "docID": "N075 Amemori 2010",
    "et": "StemCellSourceType",
    "off": 54594,
    "sff": "stem"
  },
  {
    "docID": "N075 Amemori 2010",
    "et": "InVitroExperimentalProcedure",
    "off": 260,
    "sff": "Experimental"
  },
  {
    "docID": "N075 Amemori 2010",
    "et": "InVitroExperimentalProcedure",
    "off": 52620,
    "sff": "experimental"
  },
  {
    "docID": "N075 Amemori 2010",
    "et": "InVitroExperimentalProcedure",
    "off": 6088,
    "sff": "Experimental"
  },
  {
    "docID": "N075 Amemori 2010",
    "et": "InVitroExperimentalProcedure",
    "off": 26025,
    "sff": "vitro"
  },
  {
    "docID": "N075 Amemori 2010",
    "et": "InVitroExperimentalProcedure",
    "off": 43799,
    "sff": "vitro"
  },
  {
    "docID": "N075 Amemori 2010",
    "et": "InVitroExperimentalProcedure",
    "off": 47473,
    "sff": "vitro"
  },
  {
    "docID": "N075 Amemori 2010",
    "et": "MeasurementOfDecreasingTemperature",
    "off": 32369,
    "sff": "measurement"
  },
  {
    "docID": "N075 Amemori 2010",
    "et": "AllenWeightDropDevice",
    "off": 11469,
    "sff": "weight"
  },
  {
    "docID": "N075 Amemori 2010",
    "et": "AllenWeightDropDevice",
    "off": 19575,
    "sff": "weight"
  },
  {
    "docID": "N075 Amemori 2010",
    "et": "AllenWeightDropDevice",
    "off": 20424,
    "sff": "weight"
  },
  {
    "docID": "N075 Amemori 2010",
    "et": "AllenWeightDropDevice",
    "off": 39399,
    "sff": "weight"
  },
  {
    "docID": "N075 Amemori 2010",
    "et": "AntiNogoAAntibody",
    "off": 49935,
    "sff": "Nogo"
  },
  {
    "docID": "N075 Amemori 2010",
    "et": "LongEvansRat",
    "off": 18410,
    "sff": "long"
  },
  {
    "docID": "N075 Amemori 2010",
    "et": "LongEvansRat",
    "off": 27610,
    "sff": "long"
  },
  {
    "docID": "N075 Amemori 2010",
    "et": "LongEvansRat",
    "off": 25777,
    "sff": "long"
  },
  {
    "docID": "N075 Amemori 2010",
    "et": "LongEvansRat",
    "off": 27265,
    "sff": "long"
  },
  {
    "docID": "N075 Amemori 2010",
    "et": "LongEvansRat",
    "off": 17550,
    "sff": "long"
  },
  {
    "docID": "N075 Amemori 2010",
    "et": "LongEvansRat",
    "off": 17701,
    "sff": "long"
  },
  {
    "docID": "N075 Amemori 2010",
    "et": "LongEvansRat",
    "off": 26084,
    "sff": "long"
  },
  {
    "docID": "N075 Amemori 2010",
    "et": "LongEvansRat",
    "off": 14584,
    "sff": "long"
  },
  {
    "docID": "N075 Amemori 2010",
    "et": "LongEvansRat",
    "off": 15254,
    "sff": "long"
  },
  {
    "docID": "N075 Amemori 2010",
    "et": "Cell",
    "off": 10236,
    "sff": "cell"
  },
  {
    "docID": "N075 Amemori 2010",
    "et": "Cell",
    "off": 29178,
    "sff": "Cell"
  },
  {
    "docID": "N075 Amemori 2010",
    "et": "Cell",
    "off": 31680,
    "sff": "cell"
  },
  {
    "docID": "N075 Amemori 2010",
    "et": "Cell",
    "off": 47997,
    "sff": "Cell"
  },
  {
    "docID": "N075 Amemori 2010",
    "et": "Cell",
    "off": 29121,
    "sff": "cell"
  },
  {
    "docID": "N075 Amemori 2010",
    "et": "Cell",
    "off": 2435,
    "sff": "cell"
  },
  {
    "docID": "N075 Amemori 2010",
    "et": "Cell",
    "off": 1028,
    "sff": "cell"
  },
  {
    "docID": "N075 Amemori 2010",
    "et": "Cell",
    "off": 9861,
    "sff": "cell"
  },
  {
    "docID": "N075 Amemori 2010",
    "et": "Cell",
    "off": 44546,
    "sff": "Cell"
  },
  {
    "docID": "N075 Amemori 2010",
    "et": "Cell",
    "off": 5064,
    "sff": "cell"
  },
  {
    "docID": "N075 Amemori 2010",
    "et": "Cell",
    "off": 31560,
    "sff": "cell"
  },
  {
    "docID": "N075 Amemori 2010",
    "et": "Cell",
    "off": 36041,
    "sff": "cell"
  },
  {
    "docID": "N075 Amemori 2010",
    "et": "Cell",
    "off": 18284,
    "sff": "cell"
  },
  {
    "docID": "N075 Amemori 2010",
    "et": "Cell",
    "off": 44650,
    "sff": "Cell"
  },
  {
    "docID": "N075 Amemori 2010",
    "et": "Cell",
    "off": 50221,
    "sff": "Cell"
  },
  {
    "docID": "N075 Amemori 2010",
    "et": "Cell",
    "off": 45553,
    "sff": "cell"
  },
  {
    "docID": "N075 Amemori 2010",
    "et": "Cell",
    "off": 36338,
    "sff": "cell"
  },
  {
    "docID": "N075 Amemori 2010",
    "et": "Cell",
    "off": 46834,
    "sff": "cell"
  },
  {
    "docID": "N075 Amemori 2010",
    "et": "Cell",
    "off": 31283,
    "sff": "cell"
  },
  {
    "docID": "N075 Amemori 2010",
    "et": "Cell",
    "off": 26359,
    "sff": "cell"
  },
  {
    "docID": "N075 Amemori 2010",
    "et": "Cell",
    "off": 42936,
    "sff": "cell"
  },
  {
    "docID": "N075 Amemori 2010",
    "et": "Cell",
    "off": 46901,
    "sff": "Cell"
  },
  {
    "docID": "N075 Amemori 2010",
    "et": "Cell",
    "off": 25500,
    "sff": "cell"
  },
  {
    "docID": "N075 Amemori 2010",
    "et": "Cell",
    "off": 43997,
    "sff": "cell"
  },
  {
    "docID": "N075 Amemori 2010",
    "et": "Cell",
    "off": 29728,
    "sff": "cell"
  },
  {
    "docID": "N075 Amemori 2010",
    "et": "Cell",
    "off": 30179,
    "sff": "cell"
  },
  {
    "docID": "N075 Amemori 2010",
    "et": "Cell",
    "off": 50025,
    "sff": "Cell"
  },
  {
    "docID": "N075 Amemori 2010",
    "et": "Cell",
    "off": 35878,
    "sff": "cell"
  },
  {
    "docID": "N075 Amemori 2010",
    "et": "Cell",
    "off": 24615,
    "sff": "cell"
  },
  {
    "docID": "N075 Amemori 2010",
    "et": "Cell",
    "off": 27367,
    "sff": "cell"
  },
  {
    "docID": "N075 Amemori 2010",
    "et": "Cell",
    "off": 43623,
    "sff": "cell"
  },
  {
    "docID": "N075 Amemori 2010",
    "et": "Cell",
    "off": 36236,
    "sff": "cell"
  },
  {
    "docID": "N075 Amemori 2010",
    "et": "Cell",
    "off": 397,
    "sff": "Cell"
  },
  {
    "docID": "N075 Amemori 2010",
    "et": "Cell",
    "off": 24589,
    "sff": "Cell"
  },
  {
    "docID": "N075 Amemori 2010",
    "et": "Cell",
    "off": 35926,
    "sff": "Cell"
  },
  {
    "docID": "N075 Amemori 2010",
    "et": "Cell",
    "off": 53845,
    "sff": "cell"
  },
  {
    "docID": "N075 Amemori 2010",
    "et": "Cell",
    "off": 53906,
    "sff": "Cell"
  },
  {
    "docID": "N075 Amemori 2010",
    "et": "Cell",
    "off": 2197,
    "sff": "Cell"
  },
  {
    "docID": "N075 Amemori 2010",
    "et": "Labeling",
    "off": 9206,
    "sff": "Labeling"
  },
  {
    "docID": "N075 Amemori 2010",
    "et": "Labeling",
    "off": 47433,
    "sff": "Labeling"
  },
  {
    "docID": "N075 Amemori 2010",
    "et": "SpinalDorsalHalf",
    "off": 34942,
    "sff": "dorsal"
  },
  {
    "docID": "N075 Amemori 2010",
    "et": "SpinalDorsalHalf",
    "off": 44131,
    "sff": "dorsal"
  },
  {
    "docID": "N075 Amemori 2010",
    "et": "SpinalDorsalHalf",
    "off": 9908,
    "sff": "dorsal"
  },
  {
    "docID": "N075 Amemori 2010",
    "et": "17BetaEstradiolE2",
    "off": 45355,
    "sff": "17"
  },
  {
    "docID": "N075 Amemori 2010",
    "et": "17BetaEstradiolE2",
    "off": 53932,
    "sff": "17"
  },
  {
    "docID": "N075 Amemori 2010",
    "et": "17BetaEstradiolE2",
    "off": 29498,
    "sff": "beta"
  },
  {
    "docID": "N075 Amemori 2010",
    "et": "17BetaEstradiolE2",
    "off": 51025,
    "sff": "17"
  },
  {
    "docID": "N075 Amemori 2010",
    "et": "Cervical",
    "off": 51065,
    "sff": "Cervical"
  },
  {
    "docID": "N075 Amemori 2010",
    "et": "HematopoieticStemCell",
    "off": 50879,
    "sff": "Stem"
  },
  {
    "docID": "N075 Amemori 2010",
    "et": "HematopoieticStemCell",
    "off": 8660,
    "sff": "hematopoietic stem"
  },
  {
    "docID": "N075 Amemori 2010",
    "et": "HematopoieticStemCell",
    "off": 45491,
    "sff": "stem"
  },
  {
    "docID": "N075 Amemori 2010",
    "et": "HematopoieticStemCell",
    "off": 54594,
    "sff": "stem"
  },
  {
    "docID": "N075 Amemori 2010",
    "et": "HematopoieticStemCell",
    "off": 45825,
    "sff": "stem"
  },
  {
    "docID": "N075 Amemori 2010",
    "et": "HematopoieticStemCell",
    "off": 44480,
    "sff": "stem"
  },
  {
    "docID": "N075 Amemori 2010",
    "et": "HematopoieticStemCell",
    "off": 53472,
    "sff": "stem"
  },
  {
    "docID": "N075 Amemori 2010",
    "et": "HematopoieticStemCell",
    "off": 45311,
    "sff": "stem"
  },
  {
    "docID": "N075 Amemori 2010",
    "et": "HematopoieticStemCell",
    "off": 54719,
    "sff": "stem"
  },
  {
    "docID": "N075 Amemori 2010",
    "et": "HematopoieticStemCell",
    "off": 45086,
    "sff": "stem"
  },
  {
    "docID": "N075 Amemori 2010",
    "et": "HematopoieticStemCell",
    "off": 50710,
    "sff": "Stem"
  },
  {
    "docID": "N075 Amemori 2010",
    "et": "HematopoieticStemCell",
    "off": 43946,
    "sff": "stem"
  },
  {
    "docID": "N075 Amemori 2010",
    "et": "HematopoieticStemCell",
    "off": 54312,
    "sff": "stem"
  },
  {
    "docID": "N075 Amemori 2010",
    "et": "HematopoieticStemCell",
    "off": 44615,
    "sff": "stem"
  },
  {
    "docID": "N075 Amemori 2010",
    "et": "HematopoieticStemCell",
    "off": 44900,
    "sff": "stem"
  },
  {
    "docID": "N075 Amemori 2010",
    "et": "HematopoieticStemCell",
    "off": 45534,
    "sff": "hematopoietic stem cell"
  },
  {
    "docID": "N075 Amemori 2010",
    "et": "HematopoieticStemCell",
    "off": 45534,
    "sff": "hematopoietic stem"
  },
  {
    "docID": "N075 Amemori 2010",
    "et": "HematopoieticStemCell",
    "off": 45645,
    "sff": "stem"
  },
  {
    "docID": "N075 Amemori 2010",
    "et": "HematopoieticStemCell",
    "off": 48107,
    "sff": "stem"
  },
  {
    "docID": "N075 Amemori 2010",
    "et": "HematopoieticStemCell",
    "off": 49323,
    "sff": "stem"
  },
  {
    "docID": "N075 Amemori 2010",
    "et": "HematoxyLinEosin",
    "off": 14965,
    "sff": "hematoxylin-eosin"
  },
  {
    "docID": "N075 Amemori 2010",
    "et": "HematoxyLinEosin",
    "off": 53758,
    "sff": "Lin"
  },
  {
    "docID": "N075 Amemori 2010",
    "et": "CompleteTransectionType",
    "off": 52920,
    "sff": "transection"
  },
  {
    "docID": "N075 Amemori 2010",
    "et": "CompleteTransectionType",
    "off": 36984,
    "sff": "complete"
  },
  {
    "docID": "N075 Amemori 2010",
    "et": "Embryonic",
    "off": 43936,
    "sff": "embryonic"
  },
  {
    "docID": "N075 Amemori 2010",
    "et": "ExperimentalProcedure",
    "off": 260,
    "sff": "Experimental"
  },
  {
    "docID": "N075 Amemori 2010",
    "et": "ExperimentalProcedure",
    "off": 6088,
    "sff": "Experimental"
  },
  {
    "docID": "N075 Amemori 2010",
    "et": "ExperimentalProcedure",
    "off": 52620,
    "sff": "experimental"
  },
  {
    "docID": "N075 Amemori 2010",
    "et": "BodyTemperatureMeasurement",
    "off": 6415,
    "sff": "body temperature"
  },
  {
    "docID": "N075 Amemori 2010",
    "et": "BodyTemperatureMeasurement",
    "off": 20419,
    "sff": "body"
  },
  {
    "docID": "N075 Amemori 2010",
    "et": "BodyTemperatureMeasurement",
    "off": 19570,
    "sff": "body"
  },
  {
    "docID": "N075 Amemori 2010",
    "et": "BodyTemperatureMeasurement",
    "off": 39394,
    "sff": "body"
  },
  {
    "docID": "N075 Amemori 2010",
    "et": "AirGunImpactor",
    "off": 6511,
    "sff": "air"
  },
  {
    "docID": "N075 Amemori 2010",
    "et": "EpiduralClip",
    "off": 46325,
    "sff": "epidural"
  },
  {
    "docID": "N075 Amemori 2010",
    "et": "PartialTransectionType",
    "off": 52920,
    "sff": "transection"
  },
  {
    "docID": "N075 Amemori 2010",
    "et": "PartialTransectionType",
    "off": 37016,
    "sff": "partial"
  },
  {
    "docID": "N075 Amemori 2010",
    "et": "CorticospinalTract",
    "off": 14732,
    "sff": "corticospinal tract"
  },
  {
    "docID": "N075 Amemori 2010",
    "et": "CorticospinalTract",
    "off": 52326,
    "sff": "Corticospinal"
  },
  {
    "docID": "N075 Amemori 2010",
    "et": "CorticospinalTract",
    "off": 28868,
    "sff": "corticospinal"
  },
  {
    "docID": "N075 Amemori 2010",
    "et": "CorticospinalTract",
    "off": 51087,
    "sff": "corticospinal"
  },
  {
    "docID": "N075 Amemori 2010",
    "et": "CorticospinalTract",
    "off": 13768,
    "sff": "corticospinal tract"
  },
  {
    "docID": "N075 Amemori 2010",
    "et": "CorticospinalTract",
    "off": 17816,
    "sff": "Corticospinal tract"
  },
  {
    "docID": "N075 Amemori 2010",
    "et": "BrainDerivedNeurotrophicFactor",
    "off": 45694,
    "sff": "Brain"
  },
  {
    "docID": "N075 Amemori 2010",
    "et": "BrainDerivedNeurotrophicFactor",
    "off": 43583,
    "sff": "brain-derived"
  },
  {
    "docID": "N075 Amemori 2010",
    "et": "BrainDerivedNeurotrophicFactor",
    "off": 43451,
    "sff": "Brain"
  },
  {
    "docID": "N075 Amemori 2010",
    "et": "BrainDerivedNeurotrophicFactor",
    "off": 44739,
    "sff": "brain"
  },
  {
    "docID": "N075 Amemori 2010",
    "et": "BrainDerivedNeurotrophicFactor",
    "off": 47351,
    "sff": "Brain"
  },
  {
    "docID": "N075 Amemori 2010",
    "et": "BrainDerivedNeurotrophicFactor",
    "off": 43583,
    "sff": "brain-derived neurotrophic factor"
  },
  {
    "docID": "N075 Amemori 2010",
    "et": "BrainDerivedNeurotrophicFactor",
    "off": 43686,
    "sff": "Brain"
  },
  {
    "docID": "N075 Amemori 2010",
    "et": "BrainDerivedNeurotrophicFactor",
    "off": 45659,
    "sff": "brain"
  },
  {
    "docID": "N075 Amemori 2010",
    "et": "CompleteInjuryArea",
    "off": 36984,
    "sff": "complete"
  }
]
