[
  {
    "docID": "N091 Lee, Bian et al. 2012",
    "et": "CompleteTransection",
    "off": 42462,
    "sff": "complete"
  },
  {
    "docID": "N091 Lee, Bian et al. 2012",
    "et": "RecombinantEPORhEpo",
    "off": 6378,
    "sff": "recombinant"
  },
  {
    "docID": "N091 Lee, Bian et al. 2012",
    "et": "Virus",
    "off": 26356,
    "sff": "virus"
  },
  {
    "docID": "N091 Lee, Bian et al. 2012",
    "et": "Virus",
    "off": 6775,
    "sff": "virus"
  },
  {
    "docID": "N091 Lee, Bian et al. 2012",
    "et": "Virus",
    "off": 21927,
    "sff": "virus"
  },
  {
    "docID": "N091 Lee, Bian et al. 2012",
    "et": "Virus",
    "off": 24167,
    "sff": "virus"
  },
  {
    "docID": "N091 Lee, Bian et al. 2012",
    "et": "Virus",
    "off": 23003,
    "sff": "virus"
  },
  {
    "docID": "N091 Lee, Bian et al. 2012",
    "et": "Virus",
    "off": 25165,
    "sff": "virus"
  },
  {
    "docID": "N091 Lee, Bian et al. 2012",
    "et": "Virus",
    "off": 28095,
    "sff": "virus"
  },
  {
    "docID": "N091 Lee, Bian et al. 2012",
    "et": "Virus",
    "off": 399,
    "sff": "virus"
  },
  {
    "docID": "N091 Lee, Bian et al. 2012",
    "et": "MesenchymalStemCell",
    "off": 6540,
    "sff": "stem"
  },
  {
    "docID": "N091 Lee, Bian et al. 2012",
    "et": "DorsalInjuryArea",
    "off": 12937,
    "sff": "dorsal"
  },
  {
    "docID": "N091 Lee, Bian et al. 2012",
    "et": "DorsalInjuryArea",
    "off": 13946,
    "sff": "dorsal"
  },
  {
    "docID": "N091 Lee, Bian et al. 2012",
    "et": "DorsalInjuryArea",
    "off": 13460,
    "sff": "dorsal"
  },
  {
    "docID": "N091 Lee, Bian et al. 2012",
    "et": "DorsalInjuryArea",
    "off": 35825,
    "sff": "dorsal"
  },
  {
    "docID": "N091 Lee, Bian et al. 2012",
    "et": "DorsalInjuryArea",
    "off": 29231,
    "sff": "dorsal"
  },
  {
    "docID": "N091 Lee, Bian et al. 2012",
    "et": "KetamineAsAnaesthetic",
    "off": 8516,
    "sff": "ketamine"
  },
  {
    "docID": "N091 Lee, Bian et al. 2012",
    "et": "C57_BL6_Mouse",
    "off": 8415,
    "sff": "C57BL/6 mice"
  },
  {
    "docID": "N091 Lee, Bian et al. 2012",
    "et": "C57_BL6_Mouse",
    "off": 22057,
    "sff": "C57BL/6 mice"
  },
  {
    "docID": "N091 Lee, Bian et al. 2012",
    "et": "C57_BL6_Mouse",
    "off": 8415,
    "sff": "C57BL/6"
  },
  {
    "docID": "N091 Lee, Bian et al. 2012",
    "et": "C57_BL6_Mouse",
    "off": 7184,
    "sff": "C57BL/6"
  },
  {
    "docID": "N091 Lee, Bian et al. 2012",
    "et": "C57_BL6_Mouse",
    "off": 22307,
    "sff": "C57BL/6"
  },
  {
    "docID": "N091 Lee, Bian et al. 2012",
    "et": "C57_BL6_Mouse",
    "off": 32342,
    "sff": "C57BL/6 mice"
  },
  {
    "docID": "N091 Lee, Bian et al. 2012",
    "et": "C57_BL6_Mouse",
    "off": 34188,
    "sff": "C57BL/6J mice"
  },
  {
    "docID": "N091 Lee, Bian et al. 2012",
    "et": "C57_BL6_Mouse",
    "off": 32342,
    "sff": "C57BL/6"
  },
  {
    "docID": "N091 Lee, Bian et al. 2012",
    "et": "C57_BL6_Mouse",
    "off": 34188,
    "sff": "C57BL/6J"
  },
  {
    "docID": "N091 Lee, Bian et al. 2012",
    "et": "C57_BL6_Mouse",
    "off": 22307,
    "sff": "C57BL/6 mice"
  },
  {
    "docID": "N091 Lee, Bian et al. 2012",
    "et": "C57_BL6_Mouse",
    "off": 22057,
    "sff": "C57BL/6"
  },
  {
    "docID": "N091 Lee, Bian et al. 2012",
    "et": "Intraspinal",
    "off": 22347,
    "sff": "intraspinal"
  },
  {
    "docID": "N091 Lee, Bian et al. 2012",
    "et": "MouseSpecies",
    "off": 10550,
    "sff": "mouse"
  },
  {
    "docID": "N091 Lee, Bian et al. 2012",
    "et": "MouseSpecies",
    "off": 11510,
    "sff": "mouse"
  },
  {
    "docID": "N091 Lee, Bian et al. 2012",
    "et": "MouseSpecies",
    "off": 16434,
    "sff": "mouse"
  },
  {
    "docID": "N091 Lee, Bian et al. 2012",
    "et": "MouseSpecies",
    "off": 42612,
    "sff": "mouse"
  },
  {
    "docID": "N091 Lee, Bian et al. 2012",
    "et": "MouseSpecies",
    "off": 6736,
    "sff": "mouse"
  },
  {
    "docID": "N091 Lee, Bian et al. 2012",
    "et": "MouseSpecies",
    "off": 16528,
    "sff": "mouse"
  },
  {
    "docID": "N091 Lee, Bian et al. 2012",
    "et": "MouseSpecies",
    "off": 810,
    "sff": "mouse"
  },
  {
    "docID": "N091 Lee, Bian et al. 2012",
    "et": "MouseSpecies",
    "off": 11540,
    "sff": "Mouse"
  },
  {
    "docID": "N091 Lee, Bian et al. 2012",
    "et": "MouseSpecies",
    "off": 14152,
    "sff": "mouse"
  },
  {
    "docID": "N091 Lee, Bian et al. 2012",
    "et": "MouseSpecies",
    "off": 897,
    "sff": "Mouse"
  },
  {
    "docID": "N091 Lee, Bian et al. 2012",
    "et": "MouseSpecies",
    "off": 7497,
    "sff": "mouse"
  },
  {
    "docID": "N091 Lee, Bian et al. 2012",
    "et": "MouseSpecies",
    "off": 23168,
    "sff": "Mouse"
  },
  {
    "docID": "N091 Lee, Bian et al. 2012",
    "et": "MouseSpecies",
    "off": 9220,
    "sff": "mouse"
  },
  {
    "docID": "N091 Lee, Bian et al. 2012",
    "et": "MouseSpecies",
    "off": 45188,
    "sff": "mouse"
  },
  {
    "docID": "N091 Lee, Bian et al. 2012",
    "et": "WeightDrop",
    "off": 41201,
    "sff": "weight"
  },
  {
    "docID": "N091 Lee, Bian et al. 2012",
    "et": "WeightDrop",
    "off": 15250,
    "sff": "weight"
  },
  {
    "docID": "N091 Lee, Bian et al. 2012",
    "et": "WeightDrop",
    "off": 30549,
    "sff": "weight"
  },
  {
    "docID": "N091 Lee, Bian et al. 2012",
    "et": "WeightDrop",
    "off": 36790,
    "sff": "weight"
  },
  {
    "docID": "N091 Lee, Bian et al. 2012",
    "et": "WeightDrop",
    "off": 40776,
    "sff": "weight"
  },
  {
    "docID": "N091 Lee, Bian et al. 2012",
    "et": "WeightDrop",
    "off": 30123,
    "sff": "weight"
  },
  {
    "docID": "N091 Lee, Bian et al. 2012",
    "et": "WeightDrop",
    "off": 41035,
    "sff": "weight"
  },
  {
    "docID": "N091 Lee, Bian et al. 2012",
    "et": "WeightDrop",
    "off": 1295,
    "sff": "weight"
  },
  {
    "docID": "N091 Lee, Bian et al. 2012",
    "et": "WeightDrop",
    "off": 30847,
    "sff": "weight"
  },
  {
    "docID": "N091 Lee, Bian et al. 2012",
    "et": "WeightDrop",
    "off": 31968,
    "sff": "weight"
  },
  {
    "docID": "N091 Lee, Bian et al. 2012",
    "et": "WeightDrop",
    "off": 40230,
    "sff": "weight"
  },
  {
    "docID": "N091 Lee, Bian et al. 2012",
    "et": "WeightDrop",
    "off": 13783,
    "sff": "weight"
  },
  {
    "docID": "N091 Lee, Bian et al. 2012",
    "et": "WeightDrop",
    "off": 31127,
    "sff": "weight"
  },
  {
    "docID": "N091 Lee, Bian et al. 2012",
    "et": "WeightDrop",
    "off": 1380,
    "sff": "weight"
  },
  {
    "docID": "N091 Lee, Bian et al. 2012",
    "et": "DorsalHemisection",
    "off": 12937,
    "sff": "dorsal"
  },
  {
    "docID": "N091 Lee, Bian et al. 2012",
    "et": "DorsalHemisection",
    "off": 13946,
    "sff": "dorsal"
  },
  {
    "docID": "N091 Lee, Bian et al. 2012",
    "et": "DorsalHemisection",
    "off": 29231,
    "sff": "dorsal"
  },
  {
    "docID": "N091 Lee, Bian et al. 2012",
    "et": "DorsalHemisection",
    "off": 35825,
    "sff": "dorsal"
  },
  {
    "docID": "N091 Lee, Bian et al. 2012",
    "et": "DorsalHemisection",
    "off": 13460,
    "sff": "dorsal"
  },
  {
    "docID": "N091 Lee, Bian et al. 2012",
    "et": "PfizerMexico",
    "off": 8548,
    "sff": "Pfizer"
  },
  {
    "docID": "N091 Lee, Bian et al. 2012",
    "et": "DeliveryMethod",
    "off": 6363,
    "sff": "delivery"
  },
  {
    "docID": "N091 Lee, Bian et al. 2012",
    "et": "SpinalVentralHalf",
    "off": 24443,
    "sff": "ventral"
  },
  {
    "docID": "N091 Lee, Bian et al. 2012",
    "et": "SpinalVentralHalf",
    "off": 19229,
    "sff": "ventral"
  },
  {
    "docID": "N091 Lee, Bian et al. 2012",
    "et": "SpinalVentralHalf",
    "off": 36215,
    "sff": "ventral"
  },
  {
    "docID": "N091 Lee, Bian et al. 2012",
    "et": "SpinalVentralHalf",
    "off": 11065,
    "sff": "ventral"
  },
  {
    "docID": "N091 Lee, Bian et al. 2012",
    "et": "RabbitSpecies",
    "off": 16791,
    "sff": "rabbit"
  },
  {
    "docID": "N091 Lee, Bian et al. 2012",
    "et": "RabbitSpecies",
    "off": 16704,
    "sff": "rabbit"
  },
  {
    "docID": "N091 Lee, Bian et al. 2012",
    "et": "DorsalColumn",
    "off": 13460,
    "sff": "dorsal"
  },
  {
    "docID": "N091 Lee, Bian et al. 2012",
    "et": "DorsalColumn",
    "off": 35825,
    "sff": "dorsal"
  },
  {
    "docID": "N091 Lee, Bian et al. 2012",
    "et": "DorsalColumn",
    "off": 29231,
    "sff": "dorsal"
  },
  {
    "docID": "N091 Lee, Bian et al. 2012",
    "et": "DorsalColumn",
    "off": 13946,
    "sff": "dorsal"
  },
  {
    "docID": "N091 Lee, Bian et al. 2012",
    "et": "DorsalColumn",
    "off": 12937,
    "sff": "dorsal"
  },
  {
    "docID": "N091 Lee, Bian et al. 2012",
    "et": "ChondroitinaseABC",
    "off": 23037,
    "sff": "chondroitinase ABC"
  },
  {
    "docID": "N091 Lee, Bian et al. 2012",
    "et": "ChondroitinaseABC",
    "off": 22380,
    "sff": "chondroitinase ABC"
  },
  {
    "docID": "N091 Lee, Bian et al. 2012",
    "et": "ChondroitinaseABC",
    "off": 25196,
    "sff": "chondroitinase ABC"
  },
  {
    "docID": "N091 Lee, Bian et al. 2012",
    "et": "ChondroitinaseABC",
    "off": 736,
    "sff": "chondroitinase ABC"
  },
  {
    "docID": "N091 Lee, Bian et al. 2012",
    "et": "ChondroitinaseABC",
    "off": 10262,
    "sff": "chondroitinase ABC"
  },
  {
    "docID": "N091 Lee, Bian et al. 2012",
    "et": "ChondroitinaseABC",
    "off": 25109,
    "sff": "chondroitinase ABC"
  },
  {
    "docID": "N091 Lee, Bian et al. 2012",
    "et": "ChondroitinaseABC",
    "off": 26308,
    "sff": "chondroitinase ABC"
  },
  {
    "docID": "N091 Lee, Bian et al. 2012",
    "et": "ChondroitinaseABC",
    "off": 32,
    "sff": "Chondroitinase ABC"
  },
  {
    "docID": "N091 Lee, Bian et al. 2012",
    "et": "ChondroitinaseABC",
    "off": 3544,
    "sff": "chondroitinase ABC"
  },
  {
    "docID": "N091 Lee, Bian et al. 2012",
    "et": "Left",
    "off": 14380,
    "sff": "left"
  },
  {
    "docID": "N091 Lee, Bian et al. 2012",
    "et": "Left",
    "off": 15484,
    "sff": "left"
  },
  {
    "docID": "N091 Lee, Bian et al. 2012",
    "et": "Left",
    "off": 25520,
    "sff": "left"
  },
  {
    "docID": "N091 Lee, Bian et al. 2012",
    "et": "Left",
    "off": 20628,
    "sff": "left"
  },
  {
    "docID": "N091 Lee, Bian et al. 2012",
    "et": "Left",
    "off": 12823,
    "sff": "left"
  },
  {
    "docID": "N091 Lee, Bian et al. 2012",
    "et": "SubstanceApplicationLocation",
    "off": 48862,
    "sff": "application"
  },
  {
    "docID": "N091 Lee, Bian et al. 2012",
    "et": "SubstanceApplicationLocation",
    "off": 8032,
    "sff": "application"
  },
  {
    "docID": "N091 Lee, Bian et al. 2012",
    "et": "SubstanceApplicationLocation",
    "off": 37857,
    "sff": "application"
  },
  {
    "docID": "N091 Lee, Bian et al. 2012",
    "et": "SubstanceApplicationLocation",
    "off": 46434,
    "sff": "application"
  },
  {
    "docID": "N091 Lee, Bian et al. 2012",
    "et": "SubstanceApplicationLocation",
    "off": 37986,
    "sff": "application"
  },
  {
    "docID": "N091 Lee, Bian et al. 2012",
    "et": "SubstanceApplicationLocation",
    "off": 42532,
    "sff": "application"
  },
  {
    "docID": "N091 Lee, Bian et al. 2012",
    "et": "SubstanceApplicationLocation",
    "off": 31845,
    "sff": "application"
  },
  {
    "docID": "N091 Lee, Bian et al. 2012",
    "et": "SubstanceApplicationLocation",
    "off": 38825,
    "sff": "application"
  },
  {
    "docID": "N091 Lee, Bian et al. 2012",
    "et": "SubstanceApplicationLocation",
    "off": 39849,
    "sff": "application"
  },
  {
    "docID": "N091 Lee, Bian et al. 2012",
    "et": "SubstanceApplicationLocation",
    "off": 1898,
    "sff": "application"
  },
  {
    "docID": "N091 Lee, Bian et al. 2012",
    "et": "SubstanceApplicationLocation",
    "off": 49065,
    "sff": "application"
  },
  {
    "docID": "N091 Lee, Bian et al. 2012",
    "et": "SubstanceApplicationLocation",
    "off": 27435,
    "sff": "application"
  },
  {
    "docID": "N091 Lee, Bian et al. 2012",
    "et": "SubstanceApplicationLocation",
    "off": 43691,
    "sff": "application"
  },
  {
    "docID": "N091 Lee, Bian et al. 2012",
    "et": "SubstanceApplicationLocation",
    "off": 3310,
    "sff": "application"
  },
  {
    "docID": "N091 Lee, Bian et al. 2012",
    "et": "SubstanceApplicationLocation",
    "off": 37550,
    "sff": "application"
  },
  {
    "docID": "N091 Lee, Bian et al. 2012",
    "et": "SubstanceApplicationLocation",
    "off": 26293,
    "sff": "application"
  },
  {
    "docID": "N091 Lee, Bian et al. 2012",
    "et": "SubstanceApplicationLocation",
    "off": 38074,
    "sff": "application"
  },
  {
    "docID": "N091 Lee, Bian et al. 2012",
    "et": "SubstanceApplicationLocation",
    "off": 959,
    "sff": "application"
  },
  {
    "docID": "N091 Lee, Bian et al. 2012",
    "et": "SubstanceApplicationLocation",
    "off": 41734,
    "sff": "application"
  },
  {
    "docID": "N091 Lee, Bian et al. 2012",
    "et": "SubstanceApplicationLocation",
    "off": 1545,
    "sff": "application"
  },
  {
    "docID": "N091 Lee, Bian et al. 2012",
    "et": "SubstanceApplicationLocation",
    "off": 38542,
    "sff": "application"
  },
  {
    "docID": "N091 Lee, Bian et al. 2012",
    "et": "SubstanceApplicationLocation",
    "off": 7122,
    "sff": "application"
  },
  {
    "docID": "N091 Lee, Bian et al. 2012",
    "et": "SubstanceApplicationLocation",
    "off": 21210,
    "sff": "application"
  },
  {
    "docID": "N091 Lee, Bian et al. 2012",
    "et": "SubstanceApplicationLocation",
    "off": 46233,
    "sff": "application"
  },
  {
    "docID": "N091 Lee, Bian et al. 2012",
    "et": "SubstanceApplicationLocation",
    "off": 1435,
    "sff": "application"
  },
  {
    "docID": "N091 Lee, Bian et al. 2012",
    "et": "SubstanceApplicationLocation",
    "off": 3164,
    "sff": "application"
  },
  {
    "docID": "N091 Lee, Bian et al. 2012",
    "et": "InjuryDevice",
    "off": 7384,
    "sff": "device"
  },
  {
    "docID": "N091 Lee, Bian et al. 2012",
    "et": "InjuryDevice",
    "off": 8905,
    "sff": "device"
  },
  {
    "docID": "N091 Lee, Bian et al. 2012",
    "et": "LaminectomyType",
    "off": 8723,
    "sff": "laminectomy"
  },
  {
    "docID": "N091 Lee, Bian et al. 2012",
    "et": "Tissue",
    "off": 15068,
    "sff": "Tissue"
  },
  {
    "docID": "N091 Lee, Bian et al. 2012",
    "et": "Tissue",
    "off": 9753,
    "sff": "tissue"
  },
  {
    "docID": "N091 Lee, Bian et al. 2012",
    "et": "InjectionDelivery",
    "off": 39105,
    "sff": "injection"
  },
  {
    "docID": "N091 Lee, Bian et al. 2012",
    "et": "InjectionDelivery",
    "off": 9798,
    "sff": "Injection"
  },
  {
    "docID": "N091 Lee, Bian et al. 2012",
    "et": "InjectionDelivery",
    "off": 27560,
    "sff": "injection"
  },
  {
    "docID": "N091 Lee, Bian et al. 2012",
    "et": "InjectionDelivery",
    "off": 45161,
    "sff": "injection"
  },
  {
    "docID": "N091 Lee, Bian et al. 2012",
    "et": "InjectionDelivery",
    "off": 10378,
    "sff": "injection"
  },
  {
    "docID": "N091 Lee, Bian et al. 2012",
    "et": "InjectionDelivery",
    "off": 715,
    "sff": "injection"
  },
  {
    "docID": "N091 Lee, Bian et al. 2012",
    "et": "InjectionDelivery",
    "off": 27966,
    "sff": "Injection"
  },
  {
    "docID": "N091 Lee, Bian et al. 2012",
    "et": "InjectionDelivery",
    "off": 30501,
    "sff": "injection"
  },
  {
    "docID": "N091 Lee, Bian et al. 2012",
    "et": "InjectionDelivery",
    "off": 1319,
    "sff": "injection"
  },
  {
    "docID": "N091 Lee, Bian et al. 2012",
    "et": "InjectionDelivery",
    "off": 369,
    "sff": "injection"
  },
  {
    "docID": "N091 Lee, Bian et al. 2012",
    "et": "InjectionDelivery",
    "off": 1233,
    "sff": "injection"
  },
  {
    "docID": "N091 Lee, Bian et al. 2012",
    "et": "InjectionDelivery",
    "off": 8465,
    "sff": "injection"
  },
  {
    "docID": "N091 Lee, Bian et al. 2012",
    "et": "InjectionDelivery",
    "off": 10956,
    "sff": "injection"
  },
  {
    "docID": "N091 Lee, Bian et al. 2012",
    "et": "InjectionDelivery",
    "off": 28749,
    "sff": "injection"
  },
  {
    "docID": "N091 Lee, Bian et al. 2012",
    "et": "InjectionDelivery",
    "off": 10606,
    "sff": "injection"
  },
  {
    "docID": "N091 Lee, Bian et al. 2012",
    "et": "InjectionDelivery",
    "off": 28078,
    "sff": "injection"
  },
  {
    "docID": "N091 Lee, Bian et al. 2012",
    "et": "InjectionDelivery",
    "off": 22359,
    "sff": "injection"
  },
  {
    "docID": "N091 Lee, Bian et al. 2012",
    "et": "SpinalLesionSite",
    "off": 18899,
    "sff": "lesion"
  },
  {
    "docID": "N091 Lee, Bian et al. 2012",
    "et": "SpinalLesionSite",
    "off": 9349,
    "sff": "lesion site"
  },
  {
    "docID": "N091 Lee, Bian et al. 2012",
    "et": "SpinalLesionSite",
    "off": 25317,
    "sff": "lesion site"
  },
  {
    "docID": "N091 Lee, Bian et al. 2012",
    "et": "SpinalLesionSite",
    "off": 2990,
    "sff": "lesion"
  },
  {
    "docID": "N091 Lee, Bian et al. 2012",
    "et": "SpinalLesionSite",
    "off": 7406,
    "sff": "lesion"
  },
  {
    "docID": "N091 Lee, Bian et al. 2012",
    "et": "SpinalLesionSite",
    "off": 18554,
    "sff": "lesion"
  },
  {
    "docID": "N091 Lee, Bian et al. 2012",
    "et": "SpinalLesionSite",
    "off": 9206,
    "sff": "lesion"
  },
  {
    "docID": "N091 Lee, Bian et al. 2012",
    "et": "SpinalLesionSite",
    "off": 9681,
    "sff": "lesion site"
  },
  {
    "docID": "N091 Lee, Bian et al. 2012",
    "et": "SpinalLesionSite",
    "off": 21974,
    "sff": "lesion site"
  },
  {
    "docID": "N091 Lee, Bian et al. 2012",
    "et": "SpinalLesionSite",
    "off": 9847,
    "sff": "lesion site"
  },
  {
    "docID": "N091 Lee, Bian et al. 2012",
    "et": "SpinalLesionSite",
    "off": 23513,
    "sff": "lesion site"
  },
  {
    "docID": "N091 Lee, Bian et al. 2012",
    "et": "SpinalLesionSite",
    "off": 1819,
    "sff": "lesion site"
  },
  {
    "docID": "N091 Lee, Bian et al. 2012",
    "et": "SpinalLesionSite",
    "off": 7805,
    "sff": "lesion site"
  },
  {
    "docID": "N091 Lee, Bian et al. 2012",
    "et": "SpinalLesionSite",
    "off": 26558,
    "sff": "lesion site"
  },
  {
    "docID": "N091 Lee, Bian et al. 2012",
    "et": "SpinalLesionSite",
    "off": 19783,
    "sff": "lesion"
  },
  {
    "docID": "N091 Lee, Bian et al. 2012",
    "et": "SpinalLesionSite",
    "off": 32928,
    "sff": "lesion site"
  },
  {
    "docID": "N091 Lee, Bian et al. 2012",
    "et": "T9",
    "off": 8756,
    "sff": "T9"
  },
  {
    "docID": "N091 Lee, Bian et al. 2012",
    "et": "AnimalSpecies",
    "off": 42603,
    "sff": "species"
  },
  {
    "docID": "N091 Lee, Bian et al. 2012",
    "et": "AnimalSpecies",
    "off": 17027,
    "sff": "species"
  },
  {
    "docID": "N091 Lee, Bian et al. 2012",
    "et": "Xylazine",
    "off": 8585,
    "sff": "xylazine"
  },
  {
    "docID": "N091 Lee, Bian et al. 2012",
    "et": "Contusion",
    "off": 42447,
    "sff": "contusion"
  },
  {
    "docID": "N091 Lee, Bian et al. 2012",
    "et": "Saline",
    "off": 17111,
    "sff": "saline"
  },
  {
    "docID": "N091 Lee, Bian et al. 2012",
    "et": "Dosage",
    "off": 9088,
    "sff": "100%"
  },
  {
    "docID": "N091 Lee, Bian et al. 2012",
    "et": "Dosage",
    "off": 15719,
    "sff": "15%"
  },
  {
    "docID": "N091 Lee, Bian et al. 2012",
    "et": "Dosage",
    "off": 8576,
    "sff": "10 mg/kg"
  },
  {
    "docID": "N091 Lee, Bian et al. 2012",
    "et": "Dosage",
    "off": 17348,
    "sff": "0.02%"
  },
  {
    "docID": "N091 Lee, Bian et al. 2012",
    "et": "Dosage",
    "off": 10942,
    "sff": "10mm"
  },
  {
    "docID": "N091 Lee, Bian et al. 2012",
    "et": "Dosage",
    "off": 17756,
    "sff": "5 µg/mL"
  },
  {
    "docID": "N091 Lee, Bian et al. 2012",
    "et": "Dosage",
    "off": 17002,
    "sff": "5%"
  },
  {
    "docID": "N091 Lee, Bian et al. 2012",
    "et": "Dosage",
    "off": 10282,
    "sff": "10 U/mL"
  },
  {
    "docID": "N091 Lee, Bian et al. 2012",
    "et": "Dosage",
    "off": 34070,
    "sff": "41%"
  },
  {
    "docID": "N091 Lee, Bian et al. 2012",
    "et": "Dosage",
    "off": 8507,
    "sff": "100mg/kg"
  },
  {
    "docID": "N091 Lee, Bian et al. 2012",
    "et": "Dosage",
    "off": 17155,
    "sff": "0.2%"
  },
  {
    "docID": "N091 Lee, Bian et al. 2012",
    "et": "Dosage",
    "off": 17288,
    "sff": "0.5%"
  },
  {
    "docID": "N091 Lee, Bian et al. 2012",
    "et": "Dosage",
    "off": 15346,
    "sff": "4%"
  },
  {
    "docID": "N091 Lee, Bian et al. 2012",
    "et": "Dosage",
    "off": 33549,
    "sff": "101%"
  },
  {
    "docID": "N091 Lee, Bian et al. 2012",
    "et": "Dosage",
    "off": 36556,
    "sff": "26%"
  },
  {
    "docID": "N091 Lee, Bian et al. 2012",
    "et": "Dosage",
    "off": 33541,
    "sff": "81%"
  },
  {
    "docID": "N091 Lee, Bian et al. 2012",
    "et": "Dosage",
    "off": 36548,
    "sff": "29%"
  },
  {
    "docID": "N091 Lee, Bian et al. 2012",
    "et": "Dosage",
    "off": 15366,
    "sff": "0.1%"
  },
  {
    "docID": "N091 Lee, Bian et al. 2012",
    "et": "Dosage",
    "off": 17177,
    "sff": "0.02%"
  },
  {
    "docID": "N091 Lee, Bian et al. 2012",
    "et": "Dosage",
    "off": 15190,
    "sff": "16%"
  },
  {
    "docID": "N091 Lee, Bian et al. 2012",
    "et": "Dosage",
    "off": 31493,
    "sff": "40%"
  },
  {
    "docID": "N091 Lee, Bian et al. 2012",
    "et": "Right",
    "off": 20637,
    "sff": "right"
  },
  {
    "docID": "N091 Lee, Bian et al. 2012",
    "et": "Right",
    "off": 12832,
    "sff": "right"
  },
  {
    "docID": "N091 Lee, Bian et al. 2012",
    "et": "Right",
    "off": 26695,
    "sff": "right"
  },
  {
    "docID": "N091 Lee, Bian et al. 2012",
    "et": "Right",
    "off": 26855,
    "sff": "right"
  },
  {
    "docID": "N091 Lee, Bian et al. 2012",
    "et": "Intrathecal",
    "off": 42569,
    "sff": "intrathecal"
  },
  {
    "docID": "N091 Lee, Bian et al. 2012",
    "et": "PBS",
    "off": 17418,
    "sff": "PBS"
  },
  {
    "docID": "N091 Lee, Bian et al. 2012",
    "et": "PBS",
    "off": 17273,
    "sff": "PBS"
  },
  {
    "docID": "N091 Lee, Bian et al. 2012",
    "et": "PBS",
    "off": 17119,
    "sff": "PBS"
  },
  {
    "docID": "N091 Lee, Bian et al. 2012",
    "et": "PBS",
    "off": 17647,
    "sff": "PBS"
  },
  {
    "docID": "N091 Lee, Bian et al. 2012",
    "et": "PBS",
    "off": 17549,
    "sff": "PBS"
  },
  {
    "docID": "N091 Lee, Bian et al. 2012",
    "et": "PBS",
    "off": 17767,
    "sff": "PBS"
  },
  {
    "docID": "N091 Lee, Bian et al. 2012",
    "et": "StemCell",
    "off": 6540,
    "sff": "stem"
  },
  {
    "docID": "N091 Lee, Bian et al. 2012",
    "et": "Proliferation",
    "off": 48652,
    "sff": "proliferation"
  },
  {
    "docID": "N091 Lee, Bian et al. 2012",
    "et": "Proliferation",
    "off": 49105,
    "sff": "proliferation"
  },
  {
    "docID": "N091 Lee, Bian et al. 2012",
    "et": "Duration",
    "off": 17200,
    "sff": "1 h"
  },
  {
    "docID": "N091 Lee, Bian et al. 2012",
    "et": "Duration",
    "off": 10754,
    "sff": "5 weeks"
  },
  {
    "docID": "N091 Lee, Bian et al. 2012",
    "et": "Duration",
    "off": 48770,
    "sff": "5 weeks"
  },
  {
    "docID": "N091 Lee, Bian et al. 2012",
    "et": "Duration",
    "off": 7938,
    "sff": "3 weeks"
  },
  {
    "docID": "N091 Lee, Bian et al. 2012",
    "et": "Duration",
    "off": 23322,
    "sff": "15 weeks"
  },
  {
    "docID": "N091 Lee, Bian et al. 2012",
    "et": "Duration",
    "off": 28192,
    "sff": "1 and 15 weeks"
  },
  {
    "docID": "N091 Lee, Bian et al. 2012",
    "et": "Duration",
    "off": 17591,
    "sff": "2 h"
  },
  {
    "docID": "N091 Lee, Bian et al. 2012",
    "et": "Duration",
    "off": 22691,
    "sff": "15-week"
  },
  {
    "docID": "N091 Lee, Bian et al. 2012",
    "et": "Duration",
    "off": 31777,
    "sff": "6–15 weeks"
  },
  {
    "docID": "N091 Lee, Bian et al. 2012",
    "et": "Duration",
    "off": 7312,
    "sff": "3 weeks"
  },
  {
    "docID": "N091 Lee, Bian et al. 2012",
    "et": "Duration",
    "off": 36961,
    "sff": "4D"
  },
  {
    "docID": "N091 Lee, Bian et al. 2012",
    "et": "Duration",
    "off": 27790,
    "sff": "3 weeks"
  },
  {
    "docID": "N091 Lee, Bian et al. 2012",
    "et": "Duration",
    "off": 34397,
    "sff": "12 weeks"
  },
  {
    "docID": "N091 Lee, Bian et al. 2012",
    "et": "Duration",
    "off": 48910,
    "sff": "15 weeks"
  },
  {
    "docID": "N091 Lee, Bian et al. 2012",
    "et": "Duration",
    "off": 37917,
    "sff": "15weeks"
  },
  {
    "docID": "N091 Lee, Bian et al. 2012",
    "et": "Duration",
    "off": 31564,
    "sff": "2D"
  },
  {
    "docID": "N091 Lee, Bian et al. 2012",
    "et": "Duration",
    "off": 11268,
    "sff": "15 weeks"
  },
  {
    "docID": "N091 Lee, Bian et al. 2012",
    "et": "Duration",
    "off": 31283,
    "sff": "1 week"
  },
  {
    "docID": "N091 Lee, Bian et al. 2012",
    "et": "Duration",
    "off": 10674,
    "sff": "1 week"
  },
  {
    "docID": "N091 Lee, Bian et al. 2012",
    "et": "Duration",
    "off": 31535,
    "sff": "12– 15 weeks"
  },
  {
    "docID": "N091 Lee, Bian et al. 2012",
    "et": "Duration",
    "off": 2920,
    "sff": "2–4 weeks"
  },
  {
    "docID": "N091 Lee, Bian et al. 2012",
    "et": "Duration",
    "off": 15417,
    "sff": "15 min"
  },
  {
    "docID": "N091 Lee, Bian et al. 2012",
    "et": "Duration",
    "off": 944,
    "sff": "12 weeks"
  },
  {
    "docID": "N091 Lee, Bian et al. 2012",
    "et": "Duration",
    "off": 31804,
    "sff": "2D"
  },
  {
    "docID": "N091 Lee, Bian et al. 2012",
    "et": "Duration",
    "off": 30257,
    "sff": "14 weeks"
  },
  {
    "docID": "N091 Lee, Bian et al. 2012",
    "et": "Duration",
    "off": 7156,
    "sff": "3 weeks"
  },
  {
    "docID": "N091 Lee, Bian et al. 2012",
    "et": "Duration",
    "off": 24300,
    "sff": "15 weeks"
  },
  {
    "docID": "N091 Lee, Bian et al. 2012",
    "et": "Duration",
    "off": 17681,
    "sff": "10 min"
  },
  {
    "docID": "N091 Lee, Bian et al. 2012",
    "et": "Duration",
    "off": 16928,
    "sff": "30min"
  },
  {
    "docID": "N091 Lee, Bian et al. 2012",
    "et": "Duration",
    "off": 23417,
    "sff": "3 weeks"
  },
  {
    "docID": "N091 Lee, Bian et al. 2012",
    "et": "Duration",
    "off": 22588,
    "sff": "12 weeks"
  },
  {
    "docID": "N091 Lee, Bian et al. 2012",
    "et": "Duration",
    "off": 28734,
    "sff": "12 weeks"
  },
  {
    "docID": "N091 Lee, Bian et al. 2012",
    "et": "Duration",
    "off": 22461,
    "sff": "3 weeks"
  },
  {
    "docID": "N091 Lee, Bian et al. 2012",
    "et": "Duration",
    "off": 33508,
    "sff": "15 weeks"
  },
  {
    "docID": "N091 Lee, Bian et al. 2012",
    "et": "Duration",
    "off": 828,
    "sff": "3 weeks"
  },
  {
    "docID": "N091 Lee, Bian et al. 2012",
    "et": "Duration",
    "off": 27926,
    "sff": "1 week"
  },
  {
    "docID": "N091 Lee, Bian et al. 2012",
    "et": "Duration",
    "off": 28285,
    "sff": "9–12 weeks"
  },
  {
    "docID": "N091 Lee, Bian et al. 2012",
    "et": "Duration",
    "off": 9539,
    "sff": "3 weeks"
  },
  {
    "docID": "N091 Lee, Bian et al. 2012",
    "et": "Duration",
    "off": 32834,
    "sff": "3 weeks"
  },
  {
    "docID": "N091 Lee, Bian et al. 2012",
    "et": "Duration",
    "off": 31350,
    "sff": "2D"
  },
  {
    "docID": "N091 Lee, Bian et al. 2012",
    "et": "Duration",
    "off": 3142,
    "sff": "3 weeks"
  },
  {
    "docID": "N091 Lee, Bian et al. 2012",
    "et": "Duration",
    "off": 17439,
    "sff": "15min"
  },
  {
    "docID": "N091 Lee, Bian et al. 2012",
    "et": "Duration",
    "off": 15501,
    "sff": "2 h"
  },
  {
    "docID": "N091 Lee, Bian et al. 2012",
    "et": "Duration",
    "off": 30393,
    "sff": "9–15 weeks"
  },
  {
    "docID": "N091 Lee, Bian et al. 2012",
    "et": "Duration",
    "off": 44882,
    "sff": "15 weeks"
  },
  {
    "docID": "N091 Lee, Bian et al. 2012",
    "et": "Duration",
    "off": 26454,
    "sff": "15 weeks"
  },
  {
    "docID": "N091 Lee, Bian et al. 2012",
    "et": "Duration",
    "off": 16885,
    "sff": "0.01M"
  },
  {
    "docID": "N091 Lee, Bian et al. 2012",
    "et": "Duration",
    "off": 37582,
    "sff": "5 weeks"
  },
  {
    "docID": "N091 Lee, Bian et al. 2012",
    "et": "Duration",
    "off": 29797,
    "sff": "6–15 weeks"
  },
  {
    "docID": "N091 Lee, Bian et al. 2012",
    "et": "Duration",
    "off": 27990,
    "sff": "3 weeks"
  },
  {
    "docID": "N091 Lee, Bian et al. 2012",
    "et": "Duration",
    "off": 49485,
    "sff": "15 weeks"
  },
  {
    "docID": "N091 Lee, Bian et al. 2012",
    "et": "Duration",
    "off": 15380,
    "sff": "0.1M"
  },
  {
    "docID": "N091 Lee, Bian et al. 2012",
    "et": "Duration",
    "off": 22242,
    "sff": "5-week"
  },
  {
    "docID": "N091 Lee, Bian et al. 2012",
    "et": "Duration",
    "off": 30198,
    "sff": "1 week"
  },
  {
    "docID": "N091 Lee, Bian et al. 2012",
    "et": "Duration",
    "off": 32966,
    "sff": "15 weeks"
  },
  {
    "docID": "N091 Lee, Bian et al. 2012",
    "et": "Duration",
    "off": 36688,
    "sff": "4D"
  },
  {
    "docID": "N091 Lee, Bian et al. 2012",
    "et": "Duration",
    "off": 15588,
    "sff": "18– 22 h"
  },
  {
    "docID": "N091 Lee, Bian et al. 2012",
    "et": "Duration",
    "off": 15836,
    "sff": "2 min"
  },
  {
    "docID": "N091 Lee, Bian et al. 2012",
    "et": "Duration",
    "off": 28403,
    "sff": "6 weeks"
  },
  {
    "docID": "N091 Lee, Bian et al. 2012",
    "et": "Duration",
    "off": 34291,
    "sff": "6 weeks"
  },
  {
    "docID": "N091 Lee, Bian et al. 2012",
    "et": "Duration",
    "off": 43544,
    "sff": "5 weeks"
  },
  {
    "docID": "N091 Lee, Bian et al. 2012",
    "et": "Duration",
    "off": 17386,
    "sff": "3 days"
  },
  {
    "docID": "N091 Lee, Bian et al. 2012",
    "et": "Duration",
    "off": 1716,
    "sff": "15 weeks"
  },
  {
    "docID": "N091 Lee, Bian et al. 2012",
    "et": "Duration",
    "off": 28585,
    "sff": "12 and 15 weeks"
  },
  {
    "docID": "N091 Lee, Bian et al. 2012",
    "et": "Duration",
    "off": 15778,
    "sff": "24 h"
  },
  {
    "docID": "N091 Lee, Bian et al. 2012",
    "et": "LesionAdjacentTissue",
    "off": 9349,
    "sff": "lesion"
  },
  {
    "docID": "N091 Lee, Bian et al. 2012",
    "et": "LesionAdjacentTissue",
    "off": 25317,
    "sff": "lesion"
  },
  {
    "docID": "N091 Lee, Bian et al. 2012",
    "et": "LesionAdjacentTissue",
    "off": 32928,
    "sff": "lesion"
  },
  {
    "docID": "N091 Lee, Bian et al. 2012",
    "et": "LesionAdjacentTissue",
    "off": 2990,
    "sff": "lesion"
  },
  {
    "docID": "N091 Lee, Bian et al. 2012",
    "et": "LesionAdjacentTissue",
    "off": 7406,
    "sff": "lesion"
  },
  {
    "docID": "N091 Lee, Bian et al. 2012",
    "et": "LesionAdjacentTissue",
    "off": 26792,
    "sff": "adjacent"
  },
  {
    "docID": "N091 Lee, Bian et al. 2012",
    "et": "LesionAdjacentTissue",
    "off": 19783,
    "sff": "lesion"
  },
  {
    "docID": "N091 Lee, Bian et al. 2012",
    "et": "LesionAdjacentTissue",
    "off": 9206,
    "sff": "lesion"
  },
  {
    "docID": "N091 Lee, Bian et al. 2012",
    "et": "LesionAdjacentTissue",
    "off": 21974,
    "sff": "lesion"
  },
  {
    "docID": "N091 Lee, Bian et al. 2012",
    "et": "LesionAdjacentTissue",
    "off": 18899,
    "sff": "lesion"
  },
  {
    "docID": "N091 Lee, Bian et al. 2012",
    "et": "LesionAdjacentTissue",
    "off": 9681,
    "sff": "lesion"
  },
  {
    "docID": "N091 Lee, Bian et al. 2012",
    "et": "LesionAdjacentTissue",
    "off": 36078,
    "sff": "adjacent"
  },
  {
    "docID": "N091 Lee, Bian et al. 2012",
    "et": "LesionAdjacentTissue",
    "off": 26558,
    "sff": "lesion"
  },
  {
    "docID": "N091 Lee, Bian et al. 2012",
    "et": "LesionAdjacentTissue",
    "off": 7805,
    "sff": "lesion"
  },
  {
    "docID": "N091 Lee, Bian et al. 2012",
    "et": "LesionAdjacentTissue",
    "off": 1819,
    "sff": "lesion"
  },
  {
    "docID": "N091 Lee, Bian et al. 2012",
    "et": "LesionAdjacentTissue",
    "off": 18554,
    "sff": "lesion"
  },
  {
    "docID": "N091 Lee, Bian et al. 2012",
    "et": "LesionAdjacentTissue",
    "off": 23513,
    "sff": "lesion"
  },
  {
    "docID": "N091 Lee, Bian et al. 2012",
    "et": "LesionAdjacentTissue",
    "off": 9847,
    "sff": "lesion"
  },
  {
    "docID": "N091 Lee, Bian et al. 2012",
    "et": "SevereInjury",
    "off": 27883,
    "sff": "severe"
  },
  {
    "docID": "N091 Lee, Bian et al. 2012",
    "et": "SevereInjury",
    "off": 2089,
    "sff": "severe"
  },
  {
    "docID": "N091 Lee, Bian et al. 2012",
    "et": "SevereInjury",
    "off": 9247,
    "sff": "severe"
  },
  {
    "docID": "N091 Lee, Bian et al. 2012",
    "et": "CentralNervousSystem",
    "off": 2282,
    "sff": "central nervous"
  },
  {
    "docID": "N091 Lee, Bian et al. 2012",
    "et": "CentralNervousSystem",
    "off": 36094,
    "sff": "central"
  },
  {
    "docID": "N091 Lee, Bian et al. 2012",
    "et": "CentralNervousSystem",
    "off": 2282,
    "sff": "central nervous system"
  },
  {
    "docID": "N091 Lee, Bian et al. 2012",
    "et": "Location",
    "off": 25701,
    "sff": "location"
  },
  {
    "docID": "N091 Lee, Bian et al. 2012",
    "et": "HartleyGuineaPig",
    "off": 16608,
    "sff": "guinea pig"
  },
  {
    "docID": "N091 Lee, Bian et al. 2012",
    "et": "HartleyGuineaPig",
    "off": 16608,
    "sff": "guinea"
  },
  {
    "docID": "N091 Lee, Bian et al. 2012",
    "et": "Matrix",
    "off": 46012,
    "sff": "matrix"
  },
  {
    "docID": "N091 Lee, Bian et al. 2012",
    "et": "SpinalCentralPart",
    "off": 36094,
    "sff": "central"
  },
  {
    "docID": "N091 Lee, Bian et al. 2012",
    "et": "SpinalCentralPart",
    "off": 2282,
    "sff": "central"
  },
  {
    "docID": "N091 Lee, Bian et al. 2012",
    "et": "InjuryArea",
    "off": 9890,
    "sff": "area"
  },
  {
    "docID": "N091 Lee, Bian et al. 2012",
    "et": "InjuryArea",
    "off": 20930,
    "sff": "area"
  },
  {
    "docID": "N091 Lee, Bian et al. 2012",
    "et": "InjuryArea",
    "off": 20607,
    "sff": "area"
  },
  {
    "docID": "N091 Lee, Bian et al. 2012",
    "et": "InjuryArea",
    "off": 21007,
    "sff": "area"
  },
  {
    "docID": "N091 Lee, Bian et al. 2012",
    "et": "InjuryArea",
    "off": 34960,
    "sff": "area"
  },
  {
    "docID": "N091 Lee, Bian et al. 2012",
    "et": "InjuryArea",
    "off": 36484,
    "sff": "area"
  },
  {
    "docID": "N091 Lee, Bian et al. 2012",
    "et": "InjuryArea",
    "off": 19034,
    "sff": "area"
  },
  {
    "docID": "N091 Lee, Bian et al. 2012",
    "et": "InjuryArea",
    "off": 25672,
    "sff": "area"
  },
  {
    "docID": "N091 Lee, Bian et al. 2012",
    "et": "InjuryArea",
    "off": 26958,
    "sff": "area"
  },
  {
    "docID": "N091 Lee, Bian et al. 2012",
    "et": "InjuryArea",
    "off": 19004,
    "sff": "area"
  },
  {
    "docID": "N091 Lee, Bian et al. 2012",
    "et": "InjuryArea",
    "off": 24524,
    "sff": "area"
  },
  {
    "docID": "N091 Lee, Bian et al. 2012",
    "et": "Forceps",
    "off": 8868,
    "sff": "forceps"
  },
  {
    "docID": "N091 Lee, Bian et al. 2012",
    "et": "AnatomicalLocation",
    "off": 44588,
    "sff": "anatomical"
  },
  {
    "docID": "N091 Lee, Bian et al. 2012",
    "et": "AnatomicalLocation",
    "off": 41421,
    "sff": "anatomical"
  },
  {
    "docID": "N091 Lee, Bian et al. 2012",
    "et": "GuineaPigSpecies",
    "off": 16608,
    "sff": "guinea pig"
  },
  {
    "docID": "N091 Lee, Bian et al. 2012",
    "et": "MedicationDuringSurgery",
    "off": 49140,
    "sff": "during"
  },
  {
    "docID": "N091 Lee, Bian et al. 2012",
    "et": "MedicationDuringSurgery",
    "off": 36805,
    "sff": "during"
  },
  {
    "docID": "N091 Lee, Bian et al. 2012",
    "et": "MedicationDuringSurgery",
    "off": 14109,
    "sff": "during"
  },
  {
    "docID": "N091 Lee, Bian et al. 2012",
    "et": "MedicationDuringSurgery",
    "off": 30957,
    "sff": "during"
  },
  {
    "docID": "N091 Lee, Bian et al. 2012",
    "et": "MedicationDuringSurgery",
    "off": 30236,
    "sff": "during"
  },
  {
    "docID": "N091 Lee, Bian et al. 2012",
    "et": "MedicationDuringSurgery",
    "off": 1395,
    "sff": "during"
  },
  {
    "docID": "N091 Lee, Bian et al. 2012",
    "et": "MedicationDuringSurgery",
    "off": 30130,
    "sff": "during"
  },
  {
    "docID": "N091 Lee, Bian et al. 2012",
    "et": "MedicationDuringSurgery",
    "off": 29248,
    "sff": "during"
  },
  {
    "docID": "N091 Lee, Bian et al. 2012",
    "et": "Ketamine",
    "off": 8516,
    "sff": "ketamine"
  },
  {
    "docID": "N091 Lee, Bian et al. 2012",
    "et": "Laminectomy",
    "off": 8723,
    "sff": "laminectomy"
  },
  {
    "docID": "N091 Lee, Bian et al. 2012",
    "et": "AscendingFiberTract",
    "off": 48352,
    "sff": "ascending"
  },
  {
    "docID": "N091 Lee, Bian et al. 2012",
    "et": "AscendingFiberTract",
    "off": 5912,
    "sff": "ascending"
  },
  {
    "docID": "N091 Lee, Bian et al. 2012",
    "et": "SpinalWhiteMatter",
    "off": 49202,
    "sff": "White"
  },
  {
    "docID": "N091 Lee, Bian et al. 2012",
    "et": "Antibody",
    "off": 17253,
    "sff": "antibody"
  },
  {
    "docID": "N091 Lee, Bian et al. 2012",
    "et": "Antibody",
    "off": 17058,
    "sff": "antibody"
  },
  {
    "docID": "N091 Lee, Bian et al. 2012",
    "et": "Antibody",
    "off": 17522,
    "sff": "antibody"
  },
  {
    "docID": "N091 Lee, Bian et al. 2012",
    "et": "Antibody",
    "off": 20179,
    "sff": "antibody"
  },
  {
    "docID": "N091 Lee, Bian et al. 2012",
    "et": "ContusionType",
    "off": 42447,
    "sff": "contusion"
  },
  {
    "docID": "N091 Lee, Bian et al. 2012",
    "et": "Protein",
    "off": 27129,
    "sff": "protein"
  },
  {
    "docID": "N091 Lee, Bian et al. 2012",
    "et": "Protein",
    "off": 37641,
    "sff": "protein"
  },
  {
    "docID": "N091 Lee, Bian et al. 2012",
    "et": "Protein",
    "off": 5520,
    "sff": "protein"
  },
  {
    "docID": "N091 Lee, Bian et al. 2012",
    "et": "Protein",
    "off": 26039,
    "sff": "protein"
  },
  {
    "docID": "N091 Lee, Bian et al. 2012",
    "et": "Protein",
    "off": 6390,
    "sff": "protein"
  },
  {
    "docID": "N091 Lee, Bian et al. 2012",
    "et": "Protein",
    "off": 1093,
    "sff": "protein"
  },
  {
    "docID": "N091 Lee, Bian et al. 2012",
    "et": "Protein",
    "off": 22197,
    "sff": "protein"
  },
  {
    "docID": "N091 Lee, Bian et al. 2012",
    "et": "Protein",
    "off": 23589,
    "sff": "protein"
  },
  {
    "docID": "N091 Lee, Bian et al. 2012",
    "et": "Protein",
    "off": 25093,
    "sff": "protein"
  },
  {
    "docID": "N091 Lee, Bian et al. 2012",
    "et": "Protein",
    "off": 10164,
    "sff": "protein"
  },
  {
    "docID": "N091 Lee, Bian et al. 2012",
    "et": "Protein",
    "off": 16740,
    "sff": "protein"
  },
  {
    "docID": "N091 Lee, Bian et al. 2012",
    "et": "TailVeinLocation",
    "off": 14176,
    "sff": "tail"
  },
  {
    "docID": "N091 Lee, Bian et al. 2012",
    "et": "TailVeinLocation",
    "off": 13490,
    "sff": "tail"
  },
  {
    "docID": "N091 Lee, Bian et al. 2012",
    "et": "TailVeinLocation",
    "off": 14609,
    "sff": "tail"
  },
  {
    "docID": "N091 Lee, Bian et al. 2012",
    "et": "GlialCell",
    "off": 45257,
    "sff": "glial"
  },
  {
    "docID": "N091 Lee, Bian et al. 2012",
    "et": "GlialCell",
    "off": 49414,
    "sff": "glial"
  },
  {
    "docID": "N091 Lee, Bian et al. 2012",
    "et": "CompressionType",
    "off": 48550,
    "sff": "compression"
  },
  {
    "docID": "N091 Lee, Bian et al. 2012",
    "et": "CompressionType",
    "off": 489,
    "sff": "compression"
  },
  {
    "docID": "N091 Lee, Bian et al. 2012",
    "et": "CompressionType",
    "off": 27939,
    "sff": "compression"
  },
  {
    "docID": "N091 Lee, Bian et al. 2012",
    "et": "CompressionType",
    "off": 22004,
    "sff": "compression"
  },
  {
    "docID": "N091 Lee, Bian et al. 2012",
    "et": "CompressionType",
    "off": 9030,
    "sff": "Compression"
  },
  {
    "docID": "N091 Lee, Bian et al. 2012",
    "et": "CompressionType",
    "off": 9093,
    "sff": "compression"
  },
  {
    "docID": "N091 Lee, Bian et al. 2012",
    "et": "CompressionType",
    "off": 7326,
    "sff": "compression"
  },
  {
    "docID": "N091 Lee, Bian et al. 2012",
    "et": "CompressionType",
    "off": 8961,
    "sff": "compression"
  },
  {
    "docID": "N091 Lee, Bian et al. 2012",
    "et": "CompressionType",
    "off": 22923,
    "sff": "compression"
  },
  {
    "docID": "N091 Lee, Bian et al. 2012",
    "et": "CompressionType",
    "off": 39051,
    "sff": "compression"
  },
  {
    "docID": "N091 Lee, Bian et al. 2012",
    "et": "PostSurgeryCondition",
    "off": 8388,
    "sff": "surgery"
  },
  {
    "docID": "N091 Lee, Bian et al. 2012",
    "et": "PostSurgeryCondition",
    "off": 8636,
    "sff": "surgery"
  },
  {
    "docID": "N091 Lee, Bian et al. 2012",
    "et": "PostSurgeryCondition",
    "off": 23278,
    "sff": "surgery"
  },
  {
    "docID": "N091 Lee, Bian et al. 2012",
    "et": "VimentinAntiSenseDNA",
    "off": 16619,
    "sff": "anti"
  },
  {
    "docID": "N091 Lee, Bian et al. 2012",
    "et": "RatSpecies",
    "off": 42625,
    "sff": "rat"
  },
  {
    "docID": "N091 Lee, Bian et al. 2012",
    "et": "RatSpecies",
    "off": 6413,
    "sff": "rat"
  },
  {
    "docID": "N091 Lee, Bian et al. 2012",
    "et": "InjuryIntensity",
    "off": 20081,
    "sff": "intensity"
  },
  {
    "docID": "N091 Lee, Bian et al. 2012",
    "et": "SodiumPentobarbital",
    "off": 17183,
    "sff": "sodium"
  },
  {
    "docID": "N091 Lee, Bian et al. 2012",
    "et": "SodiumPentobarbital",
    "off": 15206,
    "sff": "sodium pentobarbital"
  },
  {
    "docID": "N091 Lee, Bian et al. 2012",
    "et": "SodiumPentobarbital",
    "off": 16891,
    "sff": "sodium"
  },
  {
    "docID": "N091 Lee, Bian et al. 2012",
    "et": "SodiumPentobarbital",
    "off": 17354,
    "sff": "sodium"
  },
  {
    "docID": "N091 Lee, Bian et al. 2012",
    "et": "Caudal",
    "off": 32914,
    "sff": "caudal"
  },
  {
    "docID": "N091 Lee, Bian et al. 2012",
    "et": "Caudal",
    "off": 9829,
    "sff": "caudal"
  },
  {
    "docID": "N091 Lee, Bian et al. 2012",
    "et": "Caudal",
    "off": 23492,
    "sff": "caudal"
  },
  {
    "docID": "N091 Lee, Bian et al. 2012",
    "et": "Caudal",
    "off": 25303,
    "sff": "caudal"
  },
  {
    "docID": "N091 Lee, Bian et al. 2012",
    "et": "Caudal",
    "off": 19769,
    "sff": "caudal"
  },
  {
    "docID": "N091 Lee, Bian et al. 2012",
    "et": "Caudal",
    "off": 18540,
    "sff": "caudal"
  },
  {
    "docID": "N091 Lee, Bian et al. 2012",
    "et": "Caudal",
    "off": 7791,
    "sff": "caudal"
  },
  {
    "docID": "N091 Lee, Bian et al. 2012",
    "et": "Enzyme",
    "off": 42733,
    "sff": "enzyme"
  },
  {
    "docID": "N091 Lee, Bian et al. 2012",
    "et": "Enzyme",
    "off": 3537,
    "sff": "enzyme"
  },
  {
    "docID": "N091 Lee, Bian et al. 2012",
    "et": "AntiCD11dAntibody",
    "off": 16619,
    "sff": "anti"
  },
  {
    "docID": "N091 Lee, Bian et al. 2012",
    "et": "L1",
    "off": 10131,
    "sff": "L1"
  },
  {
    "docID": "N091 Lee, Bian et al. 2012",
    "et": "L1",
    "off": 6281,
    "sff": "L1"
  },
  {
    "docID": "N091 Lee, Bian et al. 2012",
    "et": "L1",
    "off": 21896,
    "sff": "L1"
  },
  {
    "docID": "N091 Lee, Bian et al. 2012",
    "et": "L1",
    "off": 5005,
    "sff": "L1"
  },
  {
    "docID": "N091 Lee, Bian et al. 2012",
    "et": "L1",
    "off": 5644,
    "sff": "L1"
  },
  {
    "docID": "N091 Lee, Bian et al. 2012",
    "et": "L1",
    "off": 26371,
    "sff": "L1"
  },
  {
    "docID": "N091 Lee, Bian et al. 2012",
    "et": "L1",
    "off": 43653,
    "sff": "L1"
  },
  {
    "docID": "N091 Lee, Bian et al. 2012",
    "et": "L1",
    "off": 39672,
    "sff": "L1"
  },
  {
    "docID": "N091 Lee, Bian et al. 2012",
    "et": "L1",
    "off": 47356,
    "sff": "L1"
  },
  {
    "docID": "N091 Lee, Bian et al. 2012",
    "et": "L1",
    "off": 4862,
    "sff": "L1"
  },
  {
    "docID": "N091 Lee, Bian et al. 2012",
    "et": "L1",
    "off": 4592,
    "sff": "L1"
  },
  {
    "docID": "N091 Lee, Bian et al. 2012",
    "et": "L1",
    "off": 6512,
    "sff": "L1"
  },
  {
    "docID": "N091 Lee, Bian et al. 2012",
    "et": "L1",
    "off": 49904,
    "sff": "L1"
  },
  {
    "docID": "N091 Lee, Bian et al. 2012",
    "et": "L1",
    "off": 46449,
    "sff": "L1"
  },
  {
    "docID": "N091 Lee, Bian et al. 2012",
    "et": "L1",
    "off": 24182,
    "sff": "L1"
  },
  {
    "docID": "N091 Lee, Bian et al. 2012",
    "et": "L1",
    "off": 48630,
    "sff": "L1"
  },
  {
    "docID": "N091 Lee, Bian et al. 2012",
    "et": "L1",
    "off": 23018,
    "sff": "L1"
  },
  {
    "docID": "N091 Lee, Bian et al. 2012",
    "et": "L1",
    "off": 30702,
    "sff": "L1"
  },
  {
    "docID": "N091 Lee, Bian et al. 2012",
    "et": "L1",
    "off": 44526,
    "sff": "L1"
  },
  {
    "docID": "N091 Lee, Bian et al. 2012",
    "et": "L1",
    "off": 39279,
    "sff": "L1"
  },
  {
    "docID": "N091 Lee, Bian et al. 2012",
    "et": "L1",
    "off": 38113,
    "sff": "L1"
  },
  {
    "docID": "N091 Lee, Bian et al. 2012",
    "et": "L1",
    "off": 6375,
    "sff": "L1"
  },
  {
    "docID": "N091 Lee, Bian et al. 2012",
    "et": "L1",
    "off": 5469,
    "sff": "L1"
  },
  {
    "docID": "N091 Lee, Bian et al. 2012",
    "et": "L1",
    "off": 48991,
    "sff": "L1"
  },
  {
    "docID": "N091 Lee, Bian et al. 2012",
    "et": "L1",
    "off": 25180,
    "sff": "L1"
  },
  {
    "docID": "N091 Lee, Bian et al. 2012",
    "et": "L1",
    "off": 7891,
    "sff": "L1"
  },
  {
    "docID": "N091 Lee, Bian et al. 2012",
    "et": "L1",
    "off": 49238,
    "sff": "L1"
  },
  {
    "docID": "N091 Lee, Bian et al. 2012",
    "et": "L1",
    "off": 38485,
    "sff": "L1"
  },
  {
    "docID": "N091 Lee, Bian et al. 2012",
    "et": "L1",
    "off": 5322,
    "sff": "L1"
  },
  {
    "docID": "N091 Lee, Bian et al. 2012",
    "et": "L1",
    "off": 39118,
    "sff": "L1"
  },
  {
    "docID": "N091 Lee, Bian et al. 2012",
    "et": "L1",
    "off": 1347,
    "sff": "L1"
  },
  {
    "docID": "N091 Lee, Bian et al. 2012",
    "et": "L1",
    "off": 5827,
    "sff": "L1"
  },
  {
    "docID": "N091 Lee, Bian et al. 2012",
    "et": "L1",
    "off": 44742,
    "sff": "L1"
  },
  {
    "docID": "N091 Lee, Bian et al. 2012",
    "et": "L1",
    "off": 1860,
    "sff": "L1"
  },
  {
    "docID": "N091 Lee, Bian et al. 2012",
    "et": "L1",
    "off": 4281,
    "sff": "L1"
  },
  {
    "docID": "N091 Lee, Bian et al. 2012",
    "et": "L1",
    "off": 43322,
    "sff": "L1"
  },
  {
    "docID": "N091 Lee, Bian et al. 2012",
    "et": "L1",
    "off": 49722,
    "sff": "L1"
  },
  {
    "docID": "N091 Lee, Bian et al. 2012",
    "et": "L1",
    "off": 32440,
    "sff": "L1"
  },
  {
    "docID": "N091 Lee, Bian et al. 2012",
    "et": "L1",
    "off": 39864,
    "sff": "L1"
  },
  {
    "docID": "N091 Lee, Bian et al. 2012",
    "et": "L1",
    "off": 6202,
    "sff": "L1"
  },
  {
    "docID": "N091 Lee, Bian et al. 2012",
    "et": "L1",
    "off": 6718,
    "sff": "L1"
  },
  {
    "docID": "N091 Lee, Bian et al. 2012",
    "et": "L1",
    "off": 44976,
    "sff": "L1"
  },
  {
    "docID": "N091 Lee, Bian et al. 2012",
    "et": "L1",
    "off": 46256,
    "sff": "L1"
  },
  {
    "docID": "N091 Lee, Bian et al. 2012",
    "et": "L1",
    "off": 48694,
    "sff": "L1"
  },
  {
    "docID": "N091 Lee, Bian et al. 2012",
    "et": "L1",
    "off": 45748,
    "sff": "L1"
  },
  {
    "docID": "N091 Lee, Bian et al. 2012",
    "et": "L1",
    "off": 1206,
    "sff": "L1"
  },
  {
    "docID": "N091 Lee, Bian et al. 2012",
    "et": "L1",
    "off": 424,
    "sff": "L1"
  },
  {
    "docID": "N091 Lee, Bian et al. 2012",
    "et": "L1",
    "off": 45355,
    "sff": "L1"
  },
  {
    "docID": "N091 Lee, Bian et al. 2012",
    "et": "L1",
    "off": 7595,
    "sff": "L1"
  },
  {
    "docID": "N091 Lee, Bian et al. 2012",
    "et": "L1",
    "off": 8239,
    "sff": "L1"
  },
  {
    "docID": "N091 Lee, Bian et al. 2012",
    "et": "L1",
    "off": 38701,
    "sff": "L1"
  },
  {
    "docID": "N091 Lee, Bian et al. 2012",
    "et": "L1",
    "off": 4770,
    "sff": "L1"
  },
  {
    "docID": "N091 Lee, Bian et al. 2012",
    "et": "L1",
    "off": 27425,
    "sff": "L1"
  },
  {
    "docID": "N091 Lee, Bian et al. 2012",
    "et": "L1",
    "off": 46753,
    "sff": "L1"
  },
  {
    "docID": "N091 Lee, Bian et al. 2012",
    "et": "L1",
    "off": 25,
    "sff": "L1"
  },
  {
    "docID": "N091 Lee, Bian et al. 2012",
    "et": "L1",
    "off": 38174,
    "sff": "L1"
  },
  {
    "docID": "N091 Lee, Bian et al. 2012",
    "et": "L1",
    "off": 45215,
    "sff": "L1"
  },
  {
    "docID": "N091 Lee, Bian et al. 2012",
    "et": "SchwannCell",
    "off": 6610,
    "sff": "Schwann"
  },
  {
    "docID": "N091 Lee, Bian et al. 2012",
    "et": "SigmaAldrich",
    "off": 17772,
    "sff": "Sigma-Aldrich"
  },
  {
    "docID": "N091 Lee, Bian et al. 2012",
    "et": "SigmaAldrich",
    "off": 17313,
    "sff": "Sigma-Aldrich"
  },
  {
    "docID": "N091 Lee, Bian et al. 2012",
    "et": "T11",
    "off": 8783,
    "sff": "T11"
  },
  {
    "docID": "N091 Lee, Bian et al. 2012",
    "et": "T10",
    "off": 8779,
    "sff": "T10"
  },
  {
    "docID": "N091 Lee, Bian et al. 2012",
    "et": "Thoracic",
    "off": 480,
    "sff": "thoracic"
  },
  {
    "docID": "N091 Lee, Bian et al. 2012",
    "et": "Thoracic",
    "off": 10636,
    "sff": "thoracic"
  },
  {
    "docID": "N091 Lee, Bian et al. 2012",
    "et": "Lumbar",
    "off": 45276,
    "sff": "lumbar"
  },
  {
    "docID": "N091 Lee, Bian et al. 2012",
    "et": "Lumbar",
    "off": 35480,
    "sff": "lumbar"
  },
  {
    "docID": "N091 Lee, Bian et al. 2012",
    "et": "Lumbar",
    "off": 1790,
    "sff": "lumbar"
  },
  {
    "docID": "N091 Lee, Bian et al. 2012",
    "et": "Lumbar",
    "off": 15645,
    "sff": "lumbar"
  },
  {
    "docID": "N091 Lee, Bian et al. 2012",
    "et": "Lumbar",
    "off": 19741,
    "sff": "lumbar"
  },
  {
    "docID": "N091 Lee, Bian et al. 2012",
    "et": "Lumbar",
    "off": 25284,
    "sff": "lumbar"
  },
  {
    "docID": "N091 Lee, Bian et al. 2012",
    "et": "Lumbar",
    "off": 641,
    "sff": "lumbar"
  },
  {
    "docID": "N091 Lee, Bian et al. 2012",
    "et": "Lumbar",
    "off": 10897,
    "sff": "lumbar"
  },
  {
    "docID": "N091 Lee, Bian et al. 2012",
    "et": "Lumbar",
    "off": 9376,
    "sff": "lumbar"
  },
  {
    "docID": "N091 Lee, Bian et al. 2012",
    "et": "Lumbar",
    "off": 7765,
    "sff": "lumbar"
  },
  {
    "docID": "N091 Lee, Bian et al. 2012",
    "et": "Lumbar",
    "off": 32947,
    "sff": "lumbar"
  },
  {
    "docID": "N091 Lee, Bian et al. 2012",
    "et": "Compression",
    "off": 27939,
    "sff": "compression"
  },
  {
    "docID": "N091 Lee, Bian et al. 2012",
    "et": "Compression",
    "off": 8961,
    "sff": "compression"
  },
  {
    "docID": "N091 Lee, Bian et al. 2012",
    "et": "Compression",
    "off": 9030,
    "sff": "Compression"
  },
  {
    "docID": "N091 Lee, Bian et al. 2012",
    "et": "Compression",
    "off": 48550,
    "sff": "compression"
  },
  {
    "docID": "N091 Lee, Bian et al. 2012",
    "et": "Compression",
    "off": 9093,
    "sff": "compression"
  },
  {
    "docID": "N091 Lee, Bian et al. 2012",
    "et": "Compression",
    "off": 22004,
    "sff": "compression"
  },
  {
    "docID": "N091 Lee, Bian et al. 2012",
    "et": "Compression",
    "off": 22923,
    "sff": "compression"
  },
  {
    "docID": "N091 Lee, Bian et al. 2012",
    "et": "Compression",
    "off": 39051,
    "sff": "compression"
  },
  {
    "docID": "N091 Lee, Bian et al. 2012",
    "et": "Compression",
    "off": 489,
    "sff": "compression"
  },
  {
    "docID": "N091 Lee, Bian et al. 2012",
    "et": "Compression",
    "off": 7326,
    "sff": "compression"
  },
  {
    "docID": "N091 Lee, Bian et al. 2012",
    "et": "Seikagaku",
    "off": 10291,
    "sff": "Seikagaku"
  },
  {
    "docID": "N091 Lee, Bian et al. 2012",
    "et": "StemCellSourceType",
    "off": 32902,
    "sff": "cell"
  },
  {
    "docID": "N091 Lee, Bian et al. 2012",
    "et": "StemCellSourceType",
    "off": 34950,
    "sff": "cell"
  },
  {
    "docID": "N091 Lee, Bian et al. 2012",
    "et": "StemCellSourceType",
    "off": 44870,
    "sff": "cell"
  },
  {
    "docID": "N091 Lee, Bian et al. 2012",
    "et": "StemCellSourceType",
    "off": 10825,
    "sff": "cell"
  },
  {
    "docID": "N091 Lee, Bian et al. 2012",
    "et": "StemCellSourceType",
    "off": 24424,
    "sff": "cell"
  },
  {
    "docID": "N091 Lee, Bian et al. 2012",
    "et": "StemCellSourceType",
    "off": 427,
    "sff": "cell"
  },
  {
    "docID": "N091 Lee, Bian et al. 2012",
    "et": "StemCellSourceType",
    "off": 1648,
    "sff": "cell"
  },
  {
    "docID": "N091 Lee, Bian et al. 2012",
    "et": "StemCellSourceType",
    "off": 33873,
    "sff": "cell"
  },
  {
    "docID": "N091 Lee, Bian et al. 2012",
    "et": "StemCellSourceType",
    "off": 35152,
    "sff": "cell"
  },
  {
    "docID": "N091 Lee, Bian et al. 2012",
    "et": "StemCellSourceType",
    "off": 7700,
    "sff": "cell"
  },
  {
    "docID": "N091 Lee, Bian et al. 2012",
    "et": "StemCellSourceType",
    "off": 17652,
    "sff": "cell"
  },
  {
    "docID": "N091 Lee, Bian et al. 2012",
    "et": "StemCellSourceType",
    "off": 38741,
    "sff": "cell"
  },
  {
    "docID": "N091 Lee, Bian et al. 2012",
    "et": "StemCellSourceType",
    "off": 34711,
    "sff": "cell"
  },
  {
    "docID": "N091 Lee, Bian et al. 2012",
    "et": "StemCellSourceType",
    "off": 6540,
    "sff": "stem"
  },
  {
    "docID": "N091 Lee, Bian et al. 2012",
    "et": "StemCellSourceType",
    "off": 34744,
    "sff": "cell"
  },
  {
    "docID": "N091 Lee, Bian et al. 2012",
    "et": "StemCellSourceType",
    "off": 34556,
    "sff": "cell"
  },
  {
    "docID": "N091 Lee, Bian et al. 2012",
    "et": "StemCellSourceType",
    "off": 24288,
    "sff": "cell"
  },
  {
    "docID": "N091 Lee, Bian et al. 2012",
    "et": "StemCellSourceType",
    "off": 4258,
    "sff": "cell"
  },
  {
    "docID": "N091 Lee, Bian et al. 2012",
    "et": "StemCellSourceType",
    "off": 18978,
    "sff": "cell"
  },
  {
    "docID": "N091 Lee, Bian et al. 2012",
    "et": "StemCellSourceType",
    "off": 24514,
    "sff": "cell"
  },
  {
    "docID": "N091 Lee, Bian et al. 2012",
    "et": "InVitroExperimentalProcedure",
    "off": 6332,
    "sff": "experimental"
  },
  {
    "docID": "N091 Lee, Bian et al. 2012",
    "et": "InVitroExperimentalProcedure",
    "off": 2686,
    "sff": "experimental"
  },
  {
    "docID": "N091 Lee, Bian et al. 2012",
    "et": "InVitroExperimentalProcedure",
    "off": 25765,
    "sff": "experimental"
  },
  {
    "docID": "N091 Lee, Bian et al. 2012",
    "et": "InVitroExperimentalProcedure",
    "off": 44084,
    "sff": "experimental"
  },
  {
    "docID": "N091 Lee, Bian et al. 2012",
    "et": "InVitroExperimentalProcedure",
    "off": 21831,
    "sff": "experimental"
  },
  {
    "docID": "N091 Lee, Bian et al. 2012",
    "et": "InVitroExperimentalProcedure",
    "off": 48683,
    "sff": "vitro"
  },
  {
    "docID": "N091 Lee, Bian et al. 2012",
    "et": "Extremity",
    "off": 12758,
    "sff": "extremity"
  },
  {
    "docID": "N091 Lee, Bian et al. 2012",
    "et": "Extremity",
    "off": 14484,
    "sff": "extremity"
  },
  {
    "docID": "N091 Lee, Bian et al. 2012",
    "et": "IntraperitonealLocation",
    "off": 8449,
    "sff": "intraperitoneal"
  },
  {
    "docID": "N091 Lee, Bian et al. 2012",
    "et": "VentralInjuryArea",
    "off": 19229,
    "sff": "ventral"
  },
  {
    "docID": "N091 Lee, Bian et al. 2012",
    "et": "VentralInjuryArea",
    "off": 24443,
    "sff": "ventral"
  },
  {
    "docID": "N091 Lee, Bian et al. 2012",
    "et": "VentralInjuryArea",
    "off": 11065,
    "sff": "ventral"
  },
  {
    "docID": "N091 Lee, Bian et al. 2012",
    "et": "VentralInjuryArea",
    "off": 36215,
    "sff": "ventral"
  },
  {
    "docID": "N091 Lee, Bian et al. 2012",
    "et": "AntiNG2Antibody",
    "off": 49400,
    "sff": "NG2"
  },
  {
    "docID": "N091 Lee, Bian et al. 2012",
    "et": "AntiNG2Antibody",
    "off": 16619,
    "sff": "anti"
  },
  {
    "docID": "N091 Lee, Bian et al. 2012",
    "et": "AntiNG2Antibody",
    "off": 26754,
    "sff": "NG2"
  },
  {
    "docID": "N091 Lee, Bian et al. 2012",
    "et": "AntiNG2Antibody",
    "off": 20841,
    "sff": "NG2"
  },
  {
    "docID": "N091 Lee, Bian et al. 2012",
    "et": "AntiNG2Antibody",
    "off": 19670,
    "sff": "NG2"
  },
  {
    "docID": "N091 Lee, Bian et al. 2012",
    "et": "AntiNG2Antibody",
    "off": 21037,
    "sff": "NG2"
  },
  {
    "docID": "N091 Lee, Bian et al. 2012",
    "et": "AntiNG2Antibody",
    "off": 38365,
    "sff": "NG2"
  },
  {
    "docID": "N091 Lee, Bian et al. 2012",
    "et": "AntiNG2Antibody",
    "off": 37441,
    "sff": "NG2"
  },
  {
    "docID": "N091 Lee, Bian et al. 2012",
    "et": "AntiNG2Antibody",
    "off": 48763,
    "sff": "NG2"
  },
  {
    "docID": "N091 Lee, Bian et al. 2012",
    "et": "AntiNG2Antibody",
    "off": 49467,
    "sff": "NG2"
  },
  {
    "docID": "N091 Lee, Bian et al. 2012",
    "et": "AntiNG2Antibody",
    "off": 16798,
    "sff": "anti-NG2"
  },
  {
    "docID": "N091 Lee, Bian et al. 2012",
    "et": "AntiNG2Antibody",
    "off": 37678,
    "sff": "NG2"
  },
  {
    "docID": "N091 Lee, Bian et al. 2012",
    "et": "AllenWeightDropDevice",
    "off": 13783,
    "sff": "weight"
  },
  {
    "docID": "N091 Lee, Bian et al. 2012",
    "et": "AllenWeightDropDevice",
    "off": 31127,
    "sff": "weight"
  },
  {
    "docID": "N091 Lee, Bian et al. 2012",
    "et": "AllenWeightDropDevice",
    "off": 1380,
    "sff": "weight"
  },
  {
    "docID": "N091 Lee, Bian et al. 2012",
    "et": "AllenWeightDropDevice",
    "off": 40230,
    "sff": "weight"
  },
  {
    "docID": "N091 Lee, Bian et al. 2012",
    "et": "AllenWeightDropDevice",
    "off": 31968,
    "sff": "weight"
  },
  {
    "docID": "N091 Lee, Bian et al. 2012",
    "et": "AllenWeightDropDevice",
    "off": 30847,
    "sff": "weight"
  },
  {
    "docID": "N091 Lee, Bian et al. 2012",
    "et": "AllenWeightDropDevice",
    "off": 30123,
    "sff": "weight"
  },
  {
    "docID": "N091 Lee, Bian et al. 2012",
    "et": "AllenWeightDropDevice",
    "off": 41035,
    "sff": "weight"
  },
  {
    "docID": "N091 Lee, Bian et al. 2012",
    "et": "AllenWeightDropDevice",
    "off": 40776,
    "sff": "weight"
  },
  {
    "docID": "N091 Lee, Bian et al. 2012",
    "et": "AllenWeightDropDevice",
    "off": 36790,
    "sff": "weight"
  },
  {
    "docID": "N091 Lee, Bian et al. 2012",
    "et": "AllenWeightDropDevice",
    "off": 30549,
    "sff": "weight"
  },
  {
    "docID": "N091 Lee, Bian et al. 2012",
    "et": "AllenWeightDropDevice",
    "off": 41201,
    "sff": "weight"
  },
  {
    "docID": "N091 Lee, Bian et al. 2012",
    "et": "AllenWeightDropDevice",
    "off": 1295,
    "sff": "weight"
  },
  {
    "docID": "N091 Lee, Bian et al. 2012",
    "et": "AllenWeightDropDevice",
    "off": 15250,
    "sff": "weight"
  },
  {
    "docID": "N091 Lee, Bian et al. 2012",
    "et": "AntiNogoAAntibody",
    "off": 16619,
    "sff": "anti"
  },
  {
    "docID": "N091 Lee, Bian et al. 2012",
    "et": "Cell",
    "off": 34744,
    "sff": "cell"
  },
  {
    "docID": "N091 Lee, Bian et al. 2012",
    "et": "Cell",
    "off": 34556,
    "sff": "cell"
  },
  {
    "docID": "N091 Lee, Bian et al. 2012",
    "et": "Cell",
    "off": 24288,
    "sff": "cell"
  },
  {
    "docID": "N091 Lee, Bian et al. 2012",
    "et": "Cell",
    "off": 4258,
    "sff": "cell"
  },
  {
    "docID": "N091 Lee, Bian et al. 2012",
    "et": "Cell",
    "off": 18978,
    "sff": "cell"
  },
  {
    "docID": "N091 Lee, Bian et al. 2012",
    "et": "Cell",
    "off": 24514,
    "sff": "cell"
  },
  {
    "docID": "N091 Lee, Bian et al. 2012",
    "et": "Cell",
    "off": 32902,
    "sff": "cell"
  },
  {
    "docID": "N091 Lee, Bian et al. 2012",
    "et": "Cell",
    "off": 34950,
    "sff": "cell"
  },
  {
    "docID": "N091 Lee, Bian et al. 2012",
    "et": "Cell",
    "off": 44870,
    "sff": "cell"
  },
  {
    "docID": "N091 Lee, Bian et al. 2012",
    "et": "Cell",
    "off": 10825,
    "sff": "cell"
  },
  {
    "docID": "N091 Lee, Bian et al. 2012",
    "et": "Cell",
    "off": 24424,
    "sff": "cell"
  },
  {
    "docID": "N091 Lee, Bian et al. 2012",
    "et": "Cell",
    "off": 427,
    "sff": "cell"
  },
  {
    "docID": "N091 Lee, Bian et al. 2012",
    "et": "Cell",
    "off": 1648,
    "sff": "cell"
  },
  {
    "docID": "N091 Lee, Bian et al. 2012",
    "et": "Cell",
    "off": 33873,
    "sff": "cell"
  },
  {
    "docID": "N091 Lee, Bian et al. 2012",
    "et": "Cell",
    "off": 35152,
    "sff": "cell"
  },
  {
    "docID": "N091 Lee, Bian et al. 2012",
    "et": "Cell",
    "off": 38741,
    "sff": "cell"
  },
  {
    "docID": "N091 Lee, Bian et al. 2012",
    "et": "Cell",
    "off": 7700,
    "sff": "cell"
  },
  {
    "docID": "N091 Lee, Bian et al. 2012",
    "et": "Cell",
    "off": 17652,
    "sff": "cell"
  },
  {
    "docID": "N091 Lee, Bian et al. 2012",
    "et": "Cell",
    "off": 34711,
    "sff": "cell"
  },
  {
    "docID": "N091 Lee, Bian et al. 2012",
    "et": "SpinalDorsalHalf",
    "off": 12937,
    "sff": "dorsal"
  },
  {
    "docID": "N091 Lee, Bian et al. 2012",
    "et": "SpinalDorsalHalf",
    "off": 13946,
    "sff": "dorsal"
  },
  {
    "docID": "N091 Lee, Bian et al. 2012",
    "et": "SpinalDorsalHalf",
    "off": 29231,
    "sff": "dorsal"
  },
  {
    "docID": "N091 Lee, Bian et al. 2012",
    "et": "SpinalDorsalHalf",
    "off": 35825,
    "sff": "dorsal"
  },
  {
    "docID": "N091 Lee, Bian et al. 2012",
    "et": "SpinalDorsalHalf",
    "off": 13460,
    "sff": "dorsal"
  },
  {
    "docID": "N091 Lee, Bian et al. 2012",
    "et": "Cervical",
    "off": 10884,
    "sff": "cervical"
  },
  {
    "docID": "N091 Lee, Bian et al. 2012",
    "et": "Cervical",
    "off": 9422,
    "sff": "cervical"
  },
  {
    "docID": "N091 Lee, Bian et al. 2012",
    "et": "CompleteTransectionType",
    "off": 42462,
    "sff": "complete"
  },
  {
    "docID": "N091 Lee, Bian et al. 2012",
    "et": "CompleteTransectionType",
    "off": 42485,
    "sff": "transection"
  },
  {
    "docID": "N091 Lee, Bian et al. 2012",
    "et": "Embryonic",
    "off": 6530,
    "sff": "embryonic"
  },
  {
    "docID": "N091 Lee, Bian et al. 2012",
    "et": "ExperimentalProcedure",
    "off": 6332,
    "sff": "experimental"
  },
  {
    "docID": "N091 Lee, Bian et al. 2012",
    "et": "ExperimentalProcedure",
    "off": 2686,
    "sff": "experimental"
  },
  {
    "docID": "N091 Lee, Bian et al. 2012",
    "et": "ExperimentalProcedure",
    "off": 44084,
    "sff": "experimental"
  },
  {
    "docID": "N091 Lee, Bian et al. 2012",
    "et": "ExperimentalProcedure",
    "off": 25765,
    "sff": "experimental"
  },
  {
    "docID": "N091 Lee, Bian et al. 2012",
    "et": "ExperimentalProcedure",
    "off": 21831,
    "sff": "experimental"
  },
  {
    "docID": "N091 Lee, Bian et al. 2012",
    "et": "BodyTemperatureMeasurement",
    "off": 1375,
    "sff": "body"
  },
  {
    "docID": "N091 Lee, Bian et al. 2012",
    "et": "BodyTemperatureMeasurement",
    "off": 15513,
    "sff": "temperature"
  },
  {
    "docID": "N091 Lee, Bian et al. 2012",
    "et": "BodyTemperatureMeasurement",
    "off": 40225,
    "sff": "body"
  },
  {
    "docID": "N091 Lee, Bian et al. 2012",
    "et": "BodyTemperatureMeasurement",
    "off": 30118,
    "sff": "body"
  },
  {
    "docID": "N091 Lee, Bian et al. 2012",
    "et": "BodyTemperatureMeasurement",
    "off": 41196,
    "sff": "body"
  },
  {
    "docID": "N091 Lee, Bian et al. 2012",
    "et": "BodyTemperatureMeasurement",
    "off": 13778,
    "sff": "body"
  },
  {
    "docID": "N091 Lee, Bian et al. 2012",
    "et": "BodyTemperatureMeasurement",
    "off": 36785,
    "sff": "body"
  },
  {
    "docID": "N091 Lee, Bian et al. 2012",
    "et": "BodyTemperatureMeasurement",
    "off": 15245,
    "sff": "body"
  },
  {
    "docID": "N091 Lee, Bian et al. 2012",
    "et": "BodyTemperatureMeasurement",
    "off": 1290,
    "sff": "body"
  },
  {
    "docID": "N091 Lee, Bian et al. 2012",
    "et": "BodyTemperatureMeasurement",
    "off": 17696,
    "sff": "temperature"
  },
  {
    "docID": "N091 Lee, Bian et al. 2012",
    "et": "BodyTemperatureMeasurement",
    "off": 24519,
    "sff": "body"
  },
  {
    "docID": "N091 Lee, Bian et al. 2012",
    "et": "BodyTemperatureMeasurement",
    "off": 30842,
    "sff": "body"
  },
  {
    "docID": "N091 Lee, Bian et al. 2012",
    "et": "BodyTemperatureMeasurement",
    "off": 34749,
    "sff": "body"
  },
  {
    "docID": "N091 Lee, Bian et al. 2012",
    "et": "BodyTemperatureMeasurement",
    "off": 14591,
    "sff": "body"
  },
  {
    "docID": "N091 Lee, Bian et al. 2012",
    "et": "BodyTemperatureMeasurement",
    "off": 40771,
    "sff": "body"
  },
  {
    "docID": "N091 Lee, Bian et al. 2012",
    "et": "BodyTemperatureMeasurement",
    "off": 17212,
    "sff": "temperature"
  },
  {
    "docID": "N091 Lee, Bian et al. 2012",
    "et": "BodyTemperatureMeasurement",
    "off": 41030,
    "sff": "body"
  },
  {
    "docID": "N091 Lee, Bian et al. 2012",
    "et": "BodyTemperatureMeasurement",
    "off": 34955,
    "sff": "body"
  },
  {
    "docID": "N091 Lee, Bian et al. 2012",
    "et": "BodyTemperatureMeasurement",
    "off": 17458,
    "sff": "temperature"
  },
  {
    "docID": "N091 Lee, Bian et al. 2012",
    "et": "BodyTemperatureMeasurement",
    "off": 15432,
    "sff": "temperature"
  },
  {
    "docID": "N091 Lee, Bian et al. 2012",
    "et": "BodyTemperatureMeasurement",
    "off": 30544,
    "sff": "body"
  },
  {
    "docID": "N091 Lee, Bian et al. 2012",
    "et": "BodyTemperatureMeasurement",
    "off": 31122,
    "sff": "body"
  },
  {
    "docID": "N091 Lee, Bian et al. 2012",
    "et": "BodyTemperatureMeasurement",
    "off": 18983,
    "sff": "body"
  },
  {
    "docID": "N091 Lee, Bian et al. 2012",
    "et": "BodyTemperatureMeasurement",
    "off": 31963,
    "sff": "body"
  },
  {
    "docID": "N091 Lee, Bian et al. 2012",
    "et": "BodyTemperatureMeasurement",
    "off": 17603,
    "sff": "temperature"
  },
  {
    "docID": "N091 Lee, Bian et al. 2012",
    "et": "AirGunImpactor",
    "off": 30989,
    "sff": "air"
  },
  {
    "docID": "N091 Lee, Bian et al. 2012",
    "et": "PartialTransectionType",
    "off": 42485,
    "sff": "transection"
  },
  {
    "docID": "N091 Lee, Bian et al. 2012",
    "et": "BALB_C_Mouse",
    "off": 32330,
    "sff": "/C"
  },
  {
    "docID": "N091 Lee, Bian et al. 2012",
    "et": "BALB_C_Mouse",
    "off": 32326,
    "sff": "BALB/C"
  },
  {
    "docID": "N091 Lee, Bian et al. 2012",
    "et": "BrainDerivedNeurotrophicFactor",
    "off": 35774,
    "sff": "derived"
  },
  {
    "docID": "N091 Lee, Bian et al. 2012",
    "et": "VentralHemisection",
    "off": 36215,
    "sff": "ventral"
  },
  {
    "docID": "N091 Lee, Bian et al. 2012",
    "et": "VentralHemisection",
    "off": 11065,
    "sff": "ventral"
  },
  {
    "docID": "N091 Lee, Bian et al. 2012",
    "et": "VentralHemisection",
    "off": 24443,
    "sff": "ventral"
  },
  {
    "docID": "N091 Lee, Bian et al. 2012",
    "et": "VentralHemisection",
    "off": 19229,
    "sff": "ventral"
  },
  {
    "docID": "N091 Lee, Bian et al. 2012",
    "et": "CompleteInjuryArea",
    "off": 42462,
    "sff": "complete"
  }
]
