[
  {
    "docID": "N131 Boyd 2004",
    "et": "BrainNucleus",
    "off": 26251,
    "sff": "Brain"
  },
  {
    "docID": "N131 Boyd 2004",
    "et": "BrainNucleus",
    "off": 25769,
    "sff": "Brain"
  },
  {
    "docID": "N131 Boyd 2004",
    "et": "BrainNucleus",
    "off": 24026,
    "sff": "Brain"
  },
  {
    "docID": "N131 Boyd 2004",
    "et": "BrainNucleus",
    "off": 24554,
    "sff": "Brain"
  },
  {
    "docID": "N131 Boyd 2004",
    "et": "BrainNucleus",
    "off": 26750,
    "sff": "Brain"
  },
  {
    "docID": "N131 Boyd 2004",
    "et": "BrainNucleus",
    "off": 24643,
    "sff": "Brain"
  },
  {
    "docID": "N131 Boyd 2004",
    "et": "BrainNucleus",
    "off": 26689,
    "sff": "Brain"
  },
  {
    "docID": "N131 Boyd 2004",
    "et": "BrainNucleus",
    "off": 24088,
    "sff": "Brain"
  },
  {
    "docID": "N131 Boyd 2004",
    "et": "BrainNucleus",
    "off": 25957,
    "sff": "Brain"
  },
  {
    "docID": "N131 Boyd 2004",
    "et": "BrainNucleus",
    "off": 28757,
    "sff": "Brain"
  },
  {
    "docID": "N131 Boyd 2004",
    "et": "NYUImpactor",
    "off": 28246,
    "sff": "New York"
  },
  {
    "docID": "N131 Boyd 2004",
    "et": "OlfactoryEnsheathingGliaCell",
    "off": 18943,
    "sff": "olfactory"
  },
  {
    "docID": "N131 Boyd 2004",
    "et": "OlfactoryEnsheathingGliaCell",
    "off": 20354,
    "sff": "olfactory"
  },
  {
    "docID": "N131 Boyd 2004",
    "et": "OlfactoryEnsheathingGliaCell",
    "off": 18507,
    "sff": "olfactory"
  },
  {
    "docID": "N131 Boyd 2004",
    "et": "OlfactoryEnsheathingGliaCell",
    "off": 2301,
    "sff": "olfactory"
  },
  {
    "docID": "N131 Boyd 2004",
    "et": "OlfactoryEnsheathingGliaCell",
    "off": 18269,
    "sff": "olfactory"
  },
  {
    "docID": "N131 Boyd 2004",
    "et": "OlfactoryEnsheathingGliaCell",
    "off": 582,
    "sff": "olfactory ensheathing"
  },
  {
    "docID": "N131 Boyd 2004",
    "et": "OlfactoryEnsheathingGliaCell",
    "off": 18823,
    "sff": "olfactory"
  },
  {
    "docID": "N131 Boyd 2004",
    "et": "OlfactoryEnsheathingGliaCell",
    "off": 18906,
    "sff": "olfactory"
  },
  {
    "docID": "N131 Boyd 2004",
    "et": "OlfactoryEnsheathingGliaCell",
    "off": 17,
    "sff": "olfactory ensheathing"
  },
  {
    "docID": "N131 Boyd 2004",
    "et": "OlfactoryEnsheathingGliaCell",
    "off": 5235,
    "sff": "olfactory"
  },
  {
    "docID": "N131 Boyd 2004",
    "et": "OlfactoryEnsheathingGliaCell",
    "off": 2095,
    "sff": "olfactory ensheathing"
  },
  {
    "docID": "N131 Boyd 2004",
    "et": "DorsalInjuryArea",
    "off": 20497,
    "sff": "dorsal"
  },
  {
    "docID": "N131 Boyd 2004",
    "et": "DorsalInjuryArea",
    "off": 17762,
    "sff": "dorsal"
  },
  {
    "docID": "N131 Boyd 2004",
    "et": "DorsalInjuryArea",
    "off": 17211,
    "sff": "dorsal"
  },
  {
    "docID": "N131 Boyd 2004",
    "et": "ContactDeliveryMethod",
    "off": 1449,
    "sff": "contact"
  },
  {
    "docID": "N131 Boyd 2004",
    "et": "ContactDeliveryMethod",
    "off": 19464,
    "sff": "contact"
  },
  {
    "docID": "N131 Boyd 2004",
    "et": "KetamineAsAnaesthetic",
    "off": 4851,
    "sff": "ketamine"
  },
  {
    "docID": "N131 Boyd 2004",
    "et": "Intraspinal",
    "off": 7458,
    "sff": "intraspinal"
  },
  {
    "docID": "N131 Boyd 2004",
    "et": "Intraspinal",
    "off": 16021,
    "sff": "intraspinal"
  },
  {
    "docID": "N131 Boyd 2004",
    "et": "Intraspinal",
    "off": 7318,
    "sff": "intraspinal"
  },
  {
    "docID": "N131 Boyd 2004",
    "et": "Intraspinal",
    "off": 4265,
    "sff": "intraspinal"
  },
  {
    "docID": "N131 Boyd 2004",
    "et": "Intraspinal",
    "off": 2571,
    "sff": "intraspinal"
  },
  {
    "docID": "N131 Boyd 2004",
    "et": "Intraspinal",
    "off": 3498,
    "sff": "intraspinal"
  },
  {
    "docID": "N131 Boyd 2004",
    "et": "Intraspinal",
    "off": 7018,
    "sff": "intraspinal"
  },
  {
    "docID": "N131 Boyd 2004",
    "et": "Intraspinal",
    "off": 14970,
    "sff": "intraspinal"
  },
  {
    "docID": "N131 Boyd 2004",
    "et": "Intraspinal",
    "off": 21500,
    "sff": "intraspinal"
  },
  {
    "docID": "N131 Boyd 2004",
    "et": "Intraspinal",
    "off": 22479,
    "sff": "intraspinal"
  },
  {
    "docID": "N131 Boyd 2004",
    "et": "Intraspinal",
    "off": 9825,
    "sff": "intraspinal"
  },
  {
    "docID": "N131 Boyd 2004",
    "et": "NOGOReceptorAntagonist",
    "off": 22251,
    "sff": "receptor"
  },
  {
    "docID": "N131 Boyd 2004",
    "et": "NOGOReceptorAntagonist",
    "off": 10439,
    "sff": "receptor"
  },
  {
    "docID": "N131 Boyd 2004",
    "et": "NOGOReceptorAntagonist",
    "off": 11701,
    "sff": "receptor"
  },
  {
    "docID": "N131 Boyd 2004",
    "et": "CentralCanal",
    "off": 4427,
    "sff": "central"
  },
  {
    "docID": "N131 Boyd 2004",
    "et": "CentralCanal",
    "off": 19906,
    "sff": "central"
  },
  {
    "docID": "N131 Boyd 2004",
    "et": "CentralCanal",
    "off": 22668,
    "sff": "central"
  },
  {
    "docID": "N131 Boyd 2004",
    "et": "CentralCanal",
    "off": 21614,
    "sff": "central"
  },
  {
    "docID": "N131 Boyd 2004",
    "et": "CentralCanal",
    "off": 19399,
    "sff": "central"
  },
  {
    "docID": "N131 Boyd 2004",
    "et": "CentralCanal",
    "off": 15203,
    "sff": "central"
  },
  {
    "docID": "N131 Boyd 2004",
    "et": "CentralCanal",
    "off": 28179,
    "sff": "Central"
  },
  {
    "docID": "N131 Boyd 2004",
    "et": "DorsalHemisection",
    "off": 17211,
    "sff": "dorsal"
  },
  {
    "docID": "N131 Boyd 2004",
    "et": "DorsalHemisection",
    "off": 17762,
    "sff": "dorsal"
  },
  {
    "docID": "N131 Boyd 2004",
    "et": "DorsalHemisection",
    "off": 20497,
    "sff": "dorsal"
  },
  {
    "docID": "N131 Boyd 2004",
    "et": "TyrosineHydroxylase",
    "off": 10401,
    "sff": "tyrosine hydroxylase"
  },
  {
    "docID": "N131 Boyd 2004",
    "et": "DorsalColumn",
    "off": 17211,
    "sff": "dorsal"
  },
  {
    "docID": "N131 Boyd 2004",
    "et": "DorsalColumn",
    "off": 20497,
    "sff": "dorsal"
  },
  {
    "docID": "N131 Boyd 2004",
    "et": "DorsalColumn",
    "off": 17762,
    "sff": "dorsal"
  },
  {
    "docID": "N131 Boyd 2004",
    "et": "CellDeathInduction",
    "off": 2075,
    "sff": "cell"
  },
  {
    "docID": "N131 Boyd 2004",
    "et": "CellDeathInduction",
    "off": 3394,
    "sff": "Cell"
  },
  {
    "docID": "N131 Boyd 2004",
    "et": "CellDeathInduction",
    "off": 11086,
    "sff": "cell"
  },
  {
    "docID": "N131 Boyd 2004",
    "et": "CellDeathInduction",
    "off": 22174,
    "sff": "cell"
  },
  {
    "docID": "N131 Boyd 2004",
    "et": "CellDeathInduction",
    "off": 229,
    "sff": "Cell"
  },
  {
    "docID": "N131 Boyd 2004",
    "et": "CellDeathInduction",
    "off": 21785,
    "sff": "cell"
  },
  {
    "docID": "N131 Boyd 2004",
    "et": "CellDeathInduction",
    "off": 27877,
    "sff": "Cell"
  },
  {
    "docID": "N131 Boyd 2004",
    "et": "CellDeathInduction",
    "off": 21319,
    "sff": "cell"
  },
  {
    "docID": "N131 Boyd 2004",
    "et": "CellDeathInduction",
    "off": 324,
    "sff": "Cell"
  },
  {
    "docID": "N131 Boyd 2004",
    "et": "CellDeathInduction",
    "off": 14805,
    "sff": "cell"
  },
  {
    "docID": "N131 Boyd 2004",
    "et": "CellDeathInduction",
    "off": 21926,
    "sff": "cell"
  },
  {
    "docID": "N131 Boyd 2004",
    "et": "CellDeathInduction",
    "off": 14660,
    "sff": "cell"
  },
  {
    "docID": "N131 Boyd 2004",
    "et": "Left",
    "off": 5020,
    "sff": "left"
  },
  {
    "docID": "N131 Boyd 2004",
    "et": "Substance",
    "off": 10347,
    "sff": "substance"
  },
  {
    "docID": "N131 Boyd 2004",
    "et": "SubstanceApplicationLocation",
    "off": 10347,
    "sff": "substance"
  },
  {
    "docID": "N131 Boyd 2004",
    "et": "LaminectomyType",
    "off": 4917,
    "sff": "laminectomy"
  },
  {
    "docID": "N131 Boyd 2004",
    "et": "Retrovirus",
    "off": 11341,
    "sff": "retrovirus"
  },
  {
    "docID": "N131 Boyd 2004",
    "et": "Retrovirus",
    "off": 1125,
    "sff": "retrovirus"
  },
  {
    "docID": "N131 Boyd 2004",
    "et": "Tissue",
    "off": 6424,
    "sff": "Tissue"
  },
  {
    "docID": "N131 Boyd 2004",
    "et": "Tissue",
    "off": 6584,
    "sff": "Tissue"
  },
  {
    "docID": "N131 Boyd 2004",
    "et": "Tissue",
    "off": 5647,
    "sff": "tissue"
  },
  {
    "docID": "N131 Boyd 2004",
    "et": "InjectionDelivery",
    "off": 9370,
    "sff": "injection"
  },
  {
    "docID": "N131 Boyd 2004",
    "et": "InjectionDelivery",
    "off": 9612,
    "sff": "injection"
  },
  {
    "docID": "N131 Boyd 2004",
    "et": "InjectionDelivery",
    "off": 6240,
    "sff": "injection"
  },
  {
    "docID": "N131 Boyd 2004",
    "et": "HumanSpecies",
    "off": 22842,
    "sff": "human"
  },
  {
    "docID": "N131 Boyd 2004",
    "et": "Weight",
    "off": 5122,
    "sff": "22 g"
  },
  {
    "docID": "N131 Boyd 2004",
    "et": "Weight",
    "off": 4881,
    "sff": "0.75 mg"
  },
  {
    "docID": "N131 Boyd 2004",
    "et": "Weight",
    "off": 4972,
    "sff": "225–250 g"
  },
  {
    "docID": "N131 Boyd 2004",
    "et": "CompoundBiologicalRelation",
    "off": 443,
    "sff": "Biological"
  },
  {
    "docID": "N131 Boyd 2004",
    "et": "AnimalCareCondition",
    "off": 4698,
    "sff": "Care"
  },
  {
    "docID": "N131 Boyd 2004",
    "et": "AnimalCareCondition",
    "off": 5037,
    "sff": "care"
  },
  {
    "docID": "N131 Boyd 2004",
    "et": "AnimalCareCondition",
    "off": 5146,
    "sff": "care"
  },
  {
    "docID": "N131 Boyd 2004",
    "et": "MotorNeurons",
    "off": 10579,
    "sff": "motor"
  },
  {
    "docID": "N131 Boyd 2004",
    "et": "LongTermCultivation",
    "off": 14146,
    "sff": "long"
  },
  {
    "docID": "N131 Boyd 2004",
    "et": "LongTermCultivation",
    "off": 15170,
    "sff": "long"
  },
  {
    "docID": "N131 Boyd 2004",
    "et": "LongTermCultivation",
    "off": 7713,
    "sff": "long"
  },
  {
    "docID": "N131 Boyd 2004",
    "et": "LongTermCultivation",
    "off": 12591,
    "sff": "long"
  },
  {
    "docID": "N131 Boyd 2004",
    "et": "Dosage",
    "off": 4841,
    "sff": "5.6 mg/kg"
  },
  {
    "docID": "N131 Boyd 2004",
    "et": "Dosage",
    "off": 4861,
    "sff": "4 mg/kg"
  },
  {
    "docID": "N131 Boyd 2004",
    "et": "Dosage",
    "off": 6163,
    "sff": "4 µl"
  },
  {
    "docID": "N131 Boyd 2004",
    "et": "Dosage",
    "off": 4881,
    "sff": "0.75 mg\u0001kg"
  },
  {
    "docID": "N131 Boyd 2004",
    "et": "Dosage",
    "off": 6202,
    "sff": "1 µl"
  },
  {
    "docID": "N131 Boyd 2004",
    "et": "Dosage",
    "off": 4976,
    "sff": "250 g"
  },
  {
    "docID": "N131 Boyd 2004",
    "et": "Dosage",
    "off": 5122,
    "sff": "22 g"
  },
  {
    "docID": "N131 Boyd 2004",
    "et": "Vehicle",
    "off": 12381,
    "sff": "vehicle"
  },
  {
    "docID": "N131 Boyd 2004",
    "et": "Vehicle",
    "off": 6888,
    "sff": "vehicle"
  },
  {
    "docID": "N131 Boyd 2004",
    "et": "Vehicle",
    "off": 21640,
    "sff": "vehicle"
  },
  {
    "docID": "N131 Boyd 2004",
    "et": "Vehicle",
    "off": 9604,
    "sff": "vehicle"
  },
  {
    "docID": "N131 Boyd 2004",
    "et": "Vehicle",
    "off": 19220,
    "sff": "vehicle"
  },
  {
    "docID": "N131 Boyd 2004",
    "et": "Vehicle",
    "off": 9394,
    "sff": "vehicle"
  },
  {
    "docID": "N131 Boyd 2004",
    "et": "AneurysmClip",
    "off": 9318,
    "sff": "aneurysm"
  },
  {
    "docID": "N131 Boyd 2004",
    "et": "Duration",
    "off": 1140,
    "sff": "3 weeks"
  },
  {
    "docID": "N131 Boyd 2004",
    "et": "Duration",
    "off": 7444,
    "sff": "3 weeks"
  },
  {
    "docID": "N131 Boyd 2004",
    "et": "Duration",
    "off": 12280,
    "sff": "3 weeks"
  },
  {
    "docID": "N131 Boyd 2004",
    "et": "Duration",
    "off": 5697,
    "sff": "1 week"
  },
  {
    "docID": "N131 Boyd 2004",
    "et": "Duration",
    "off": 19091,
    "sff": "1 week"
  },
  {
    "docID": "N131 Boyd 2004",
    "et": "Duration",
    "off": 936,
    "sff": "1 week"
  },
  {
    "docID": "N131 Boyd 2004",
    "et": "Duration",
    "off": 11871,
    "sff": "8-h"
  },
  {
    "docID": "N131 Boyd 2004",
    "et": "LesionAdjacentTissue",
    "off": 14623,
    "sff": "adjacent"
  },
  {
    "docID": "N131 Boyd 2004",
    "et": "LesionAdjacentTissue",
    "off": 14398,
    "sff": "adjacent"
  },
  {
    "docID": "N131 Boyd 2004",
    "et": "LesionAdjacentTissue",
    "off": 13441,
    "sff": "adjacent"
  },
  {
    "docID": "N131 Boyd 2004",
    "et": "CentralNervousSystem",
    "off": 28179,
    "sff": "Central Nervous System"
  },
  {
    "docID": "N131 Boyd 2004",
    "et": "CentralNervousSystem",
    "off": 22668,
    "sff": "central"
  },
  {
    "docID": "N131 Boyd 2004",
    "et": "CentralNervousSystem",
    "off": 28179,
    "sff": "Central Nervous"
  },
  {
    "docID": "N131 Boyd 2004",
    "et": "CentralNervousSystem",
    "off": 2339,
    "sff": "nervous"
  },
  {
    "docID": "N131 Boyd 2004",
    "et": "CentralNervousSystem",
    "off": 15203,
    "sff": "central"
  },
  {
    "docID": "N131 Boyd 2004",
    "et": "CentralNervousSystem",
    "off": 21614,
    "sff": "central"
  },
  {
    "docID": "N131 Boyd 2004",
    "et": "CentralNervousSystem",
    "off": 19906,
    "sff": "central"
  },
  {
    "docID": "N131 Boyd 2004",
    "et": "CentralNervousSystem",
    "off": 4427,
    "sff": "central"
  },
  {
    "docID": "N131 Boyd 2004",
    "et": "CentralNervousSystem",
    "off": 19399,
    "sff": "central"
  },
  {
    "docID": "N131 Boyd 2004",
    "et": "WistarRat",
    "off": 5277,
    "sff": "Wistar"
  },
  {
    "docID": "N131 Boyd 2004",
    "et": "WistarRat",
    "off": 5277,
    "sff": "Wistar rats"
  },
  {
    "docID": "N131 Boyd 2004",
    "et": "WistarRat",
    "off": 4959,
    "sff": "Wistar rats"
  },
  {
    "docID": "N131 Boyd 2004",
    "et": "WistarRat",
    "off": 4959,
    "sff": "Wistar"
  },
  {
    "docID": "N131 Boyd 2004",
    "et": "SpinalCentralPart",
    "off": 22668,
    "sff": "central"
  },
  {
    "docID": "N131 Boyd 2004",
    "et": "SpinalCentralPart",
    "off": 21614,
    "sff": "central"
  },
  {
    "docID": "N131 Boyd 2004",
    "et": "SpinalCentralPart",
    "off": 4427,
    "sff": "central"
  },
  {
    "docID": "N131 Boyd 2004",
    "et": "SpinalCentralPart",
    "off": 19399,
    "sff": "central"
  },
  {
    "docID": "N131 Boyd 2004",
    "et": "SpinalCentralPart",
    "off": 28179,
    "sff": "Central"
  },
  {
    "docID": "N131 Boyd 2004",
    "et": "SpinalCentralPart",
    "off": 15203,
    "sff": "central"
  },
  {
    "docID": "N131 Boyd 2004",
    "et": "SpinalCentralPart",
    "off": 19906,
    "sff": "central"
  },
  {
    "docID": "N131 Boyd 2004",
    "et": "TyrosineHydroxylaseFibers",
    "off": 10401,
    "sff": "tyrosine hydroxylase"
  },
  {
    "docID": "N131 Boyd 2004",
    "et": "MedicationDuringSurgery",
    "off": 21165,
    "sff": "during"
  },
  {
    "docID": "N131 Boyd 2004",
    "et": "Ketamine",
    "off": 4851,
    "sff": "ketamine"
  },
  {
    "docID": "N131 Boyd 2004",
    "et": "Brain",
    "off": 26689,
    "sff": "Brain"
  },
  {
    "docID": "N131 Boyd 2004",
    "et": "Brain",
    "off": 26750,
    "sff": "Brain"
  },
  {
    "docID": "N131 Boyd 2004",
    "et": "Brain",
    "off": 24026,
    "sff": "Brain"
  },
  {
    "docID": "N131 Boyd 2004",
    "et": "Brain",
    "off": 24554,
    "sff": "Brain"
  },
  {
    "docID": "N131 Boyd 2004",
    "et": "Brain",
    "off": 26251,
    "sff": "Brain"
  },
  {
    "docID": "N131 Boyd 2004",
    "et": "Brain",
    "off": 24088,
    "sff": "Brain"
  },
  {
    "docID": "N131 Boyd 2004",
    "et": "Brain",
    "off": 25769,
    "sff": "Brain"
  },
  {
    "docID": "N131 Boyd 2004",
    "et": "Brain",
    "off": 25957,
    "sff": "Brain"
  },
  {
    "docID": "N131 Boyd 2004",
    "et": "Brain",
    "off": 28757,
    "sff": "Brain"
  },
  {
    "docID": "N131 Boyd 2004",
    "et": "Brain",
    "off": 24643,
    "sff": "Brain"
  },
  {
    "docID": "N131 Boyd 2004",
    "et": "Laminectomy",
    "off": 4917,
    "sff": "laminectomy"
  },
  {
    "docID": "N131 Boyd 2004",
    "et": "SpinalWhiteMatter",
    "off": 9075,
    "sff": "white"
  },
  {
    "docID": "N131 Boyd 2004",
    "et": "Dorsal",
    "off": 20497,
    "sff": "dorsal"
  },
  {
    "docID": "N131 Boyd 2004",
    "et": "Dorsal",
    "off": 17211,
    "sff": "dorsal"
  },
  {
    "docID": "N131 Boyd 2004",
    "et": "Dorsal",
    "off": 17762,
    "sff": "dorsal"
  },
  {
    "docID": "N131 Boyd 2004",
    "et": "Purification",
    "off": 20423,
    "sff": "purification"
  },
  {
    "docID": "N131 Boyd 2004",
    "et": "Purification",
    "off": 17463,
    "sff": "purification"
  },
  {
    "docID": "N131 Boyd 2004",
    "et": "Protein",
    "off": 20838,
    "sff": "protein"
  },
  {
    "docID": "N131 Boyd 2004",
    "et": "Protein",
    "off": 9661,
    "sff": "protein"
  },
  {
    "docID": "N131 Boyd 2004",
    "et": "GlialCell",
    "off": 15087,
    "sff": "glial"
  },
  {
    "docID": "N131 Boyd 2004",
    "et": "GlialCell",
    "off": 20335,
    "sff": "glial"
  },
  {
    "docID": "N131 Boyd 2004",
    "et": "GlialCell",
    "off": 21779,
    "sff": "glial cell"
  },
  {
    "docID": "N131 Boyd 2004",
    "et": "GlialCell",
    "off": 2171,
    "sff": "glial"
  },
  {
    "docID": "N131 Boyd 2004",
    "et": "GlialCell",
    "off": 8373,
    "sff": "glial"
  },
  {
    "docID": "N131 Boyd 2004",
    "et": "SympatheticPreganglionicNeurons",
    "off": 10484,
    "sff": "sympathetic"
  },
  {
    "docID": "N131 Boyd 2004",
    "et": "CompressionType",
    "off": 5100,
    "sff": "compression"
  },
  {
    "docID": "N131 Boyd 2004",
    "et": "CompressionType",
    "off": 849,
    "sff": "compression"
  },
  {
    "docID": "N131 Boyd 2004",
    "et": "CompressionType",
    "off": 4579,
    "sff": "Compression"
  },
  {
    "docID": "N131 Boyd 2004",
    "et": "CompressionType",
    "off": 9243,
    "sff": "compression"
  },
  {
    "docID": "N131 Boyd 2004",
    "et": "RatSpecies",
    "off": 17328,
    "sff": "rat"
  },
  {
    "docID": "N131 Boyd 2004",
    "et": "RatSpecies",
    "off": 6705,
    "sff": "rat"
  },
  {
    "docID": "N131 Boyd 2004",
    "et": "RatSpecies",
    "off": 21555,
    "sff": "rat"
  },
  {
    "docID": "N131 Boyd 2004",
    "et": "RatSpecies",
    "off": 19436,
    "sff": "rat"
  },
  {
    "docID": "N131 Boyd 2004",
    "et": "RatSpecies",
    "off": 9871,
    "sff": "rat"
  },
  {
    "docID": "N131 Boyd 2004",
    "et": "RatSpecies",
    "off": 3833,
    "sff": "rat"
  },
  {
    "docID": "N131 Boyd 2004",
    "et": "RatSpecies",
    "off": 11290,
    "sff": "rat"
  },
  {
    "docID": "N131 Boyd 2004",
    "et": "RatSpecies",
    "off": 20090,
    "sff": "rat"
  },
  {
    "docID": "N131 Boyd 2004",
    "et": "RatSpecies",
    "off": 8661,
    "sff": "rat"
  },
  {
    "docID": "N131 Boyd 2004",
    "et": "RatSpecies",
    "off": 18133,
    "sff": "rat"
  },
  {
    "docID": "N131 Boyd 2004",
    "et": "RatSpecies",
    "off": 3990,
    "sff": "rat"
  },
  {
    "docID": "N131 Boyd 2004",
    "et": "RatSpecies",
    "off": 17600,
    "sff": "rat"
  },
  {
    "docID": "N131 Boyd 2004",
    "et": "RatSpecies",
    "off": 7907,
    "sff": "rat"
  },
  {
    "docID": "N131 Boyd 2004",
    "et": "RatSpecies",
    "off": 20478,
    "sff": "rat"
  },
  {
    "docID": "N131 Boyd 2004",
    "et": "RatSpecies",
    "off": 17738,
    "sff": "rat"
  },
  {
    "docID": "N131 Boyd 2004",
    "et": "RatSpecies",
    "off": 17188,
    "sff": "rat"
  },
  {
    "docID": "N131 Boyd 2004",
    "et": "Enzyme",
    "off": 11412,
    "sff": "enzyme"
  },
  {
    "docID": "N131 Boyd 2004",
    "et": "Enzyme",
    "off": 11531,
    "sff": "enzyme"
  },
  {
    "docID": "N131 Boyd 2004",
    "et": "L1",
    "off": 21963,
    "sff": "L1"
  },
  {
    "docID": "N131 Boyd 2004",
    "et": "SchwannCell",
    "off": 8991,
    "sff": "Schwann"
  },
  {
    "docID": "N131 Boyd 2004",
    "et": "SchwannCell",
    "off": 21151,
    "sff": "Schwann"
  },
  {
    "docID": "N131 Boyd 2004",
    "et": "SchwannCell",
    "off": 22367,
    "sff": "Schwann"
  },
  {
    "docID": "N131 Boyd 2004",
    "et": "SchwannCell",
    "off": 21311,
    "sff": "Schwann cell"
  },
  {
    "docID": "N131 Boyd 2004",
    "et": "SchwannCell",
    "off": 1373,
    "sff": "Schwann"
  },
  {
    "docID": "N131 Boyd 2004",
    "et": "SchwannCell",
    "off": 8220,
    "sff": "Schwann"
  },
  {
    "docID": "N131 Boyd 2004",
    "et": "SchwannCell",
    "off": 8427,
    "sff": "Schwann"
  },
  {
    "docID": "N131 Boyd 2004",
    "et": "SchwannCell",
    "off": 19817,
    "sff": "Schwann"
  },
  {
    "docID": "N131 Boyd 2004",
    "et": "SchwannCell",
    "off": 1636,
    "sff": "Schwann"
  },
  {
    "docID": "N131 Boyd 2004",
    "et": "SchwannCell",
    "off": 10707,
    "sff": "Schwann"
  },
  {
    "docID": "N131 Boyd 2004",
    "et": "SchwannCell",
    "off": 22418,
    "sff": "Schwann"
  },
  {
    "docID": "N131 Boyd 2004",
    "et": "SchwannCell",
    "off": 3153,
    "sff": "Schwann"
  },
  {
    "docID": "N131 Boyd 2004",
    "et": "SchwannCell",
    "off": 8922,
    "sff": "Schwann"
  },
  {
    "docID": "N131 Boyd 2004",
    "et": "SchwannCell",
    "off": 13912,
    "sff": "Schwann"
  },
  {
    "docID": "N131 Boyd 2004",
    "et": "SchwannCell",
    "off": 8194,
    "sff": "Schwann"
  },
  {
    "docID": "N131 Boyd 2004",
    "et": "SchwannCell",
    "off": 21441,
    "sff": "Schwann"
  },
  {
    "docID": "N131 Boyd 2004",
    "et": "SchwannCell",
    "off": 10880,
    "sff": "Schwann"
  },
  {
    "docID": "N131 Boyd 2004",
    "et": "SchwannCell",
    "off": 22272,
    "sff": "Schwann"
  },
  {
    "docID": "N131 Boyd 2004",
    "et": "SchwannCell",
    "off": 21002,
    "sff": "Schwann"
  },
  {
    "docID": "N131 Boyd 2004",
    "et": "SchwannCell",
    "off": 14344,
    "sff": "Schwann"
  },
  {
    "docID": "N131 Boyd 2004",
    "et": "SchwannCell",
    "off": 1479,
    "sff": "Schwann"
  },
  {
    "docID": "N131 Boyd 2004",
    "et": "SchwannCell",
    "off": 18758,
    "sff": "Schwann"
  },
  {
    "docID": "N131 Boyd 2004",
    "et": "SchwannCell",
    "off": 10995,
    "sff": "Schwann"
  },
  {
    "docID": "N131 Boyd 2004",
    "et": "SchwannCell",
    "off": 16955,
    "sff": "Schwann"
  },
  {
    "docID": "N131 Boyd 2004",
    "et": "SchwannCell",
    "off": 22649,
    "sff": "Schwann"
  },
  {
    "docID": "N131 Boyd 2004",
    "et": "SchwannCell",
    "off": 14520,
    "sff": "Schwann"
  },
  {
    "docID": "N131 Boyd 2004",
    "et": "SchwannCell",
    "off": 8823,
    "sff": "Schwann"
  },
  {
    "docID": "N131 Boyd 2004",
    "et": "SchwannCell",
    "off": 22166,
    "sff": "Schwann cell"
  },
  {
    "docID": "N131 Boyd 2004",
    "et": "SchwannCell",
    "off": 7990,
    "sff": "Schwann"
  },
  {
    "docID": "N131 Boyd 2004",
    "et": "SchwannCell",
    "off": 17910,
    "sff": "Schwann"
  },
  {
    "docID": "N131 Boyd 2004",
    "et": "SchwannCell",
    "off": 19380,
    "sff": "Schwann"
  },
  {
    "docID": "N131 Boyd 2004",
    "et": "NewZealandRabbit",
    "off": 2273,
    "sff": "new"
  },
  {
    "docID": "N131 Boyd 2004",
    "et": "NewZealandRabbit",
    "off": 28246,
    "sff": "New"
  },
  {
    "docID": "N131 Boyd 2004",
    "et": "T11",
    "off": 4913,
    "sff": "T11"
  },
  {
    "docID": "N131 Boyd 2004",
    "et": "T10",
    "off": 9269,
    "sff": "T10"
  },
  {
    "docID": "N131 Boyd 2004",
    "et": "T10",
    "off": 875,
    "sff": "T10"
  },
  {
    "docID": "N131 Boyd 2004",
    "et": "T10",
    "off": 4909,
    "sff": "T10"
  },
  {
    "docID": "N131 Boyd 2004",
    "et": "LightSource",
    "off": 3626,
    "sff": "light"
  },
  {
    "docID": "N131 Boyd 2004",
    "et": "LightSource",
    "off": 4136,
    "sff": "light"
  },
  {
    "docID": "N131 Boyd 2004",
    "et": "LightSource",
    "off": 20932,
    "sff": "light"
  },
  {
    "docID": "N131 Boyd 2004",
    "et": "Compression",
    "off": 9243,
    "sff": "compression"
  },
  {
    "docID": "N131 Boyd 2004",
    "et": "Compression",
    "off": 5100,
    "sff": "compression"
  },
  {
    "docID": "N131 Boyd 2004",
    "et": "Compression",
    "off": 4579,
    "sff": "Compression"
  },
  {
    "docID": "N131 Boyd 2004",
    "et": "Compression",
    "off": 849,
    "sff": "compression"
  },
  {
    "docID": "N131 Boyd 2004",
    "et": "StemCellSourceType",
    "off": 11086,
    "sff": "cell"
  },
  {
    "docID": "N131 Boyd 2004",
    "et": "StemCellSourceType",
    "off": 11086,
    "sff": "cell type"
  },
  {
    "docID": "N131 Boyd 2004",
    "et": "StemCellSourceType",
    "off": 14805,
    "sff": "cell"
  },
  {
    "docID": "N131 Boyd 2004",
    "et": "StemCellSourceType",
    "off": 22174,
    "sff": "cell"
  },
  {
    "docID": "N131 Boyd 2004",
    "et": "StemCellSourceType",
    "off": 3394,
    "sff": "Cell"
  },
  {
    "docID": "N131 Boyd 2004",
    "et": "StemCellSourceType",
    "off": 2075,
    "sff": "cell"
  },
  {
    "docID": "N131 Boyd 2004",
    "et": "StemCellSourceType",
    "off": 229,
    "sff": "Cell"
  },
  {
    "docID": "N131 Boyd 2004",
    "et": "StemCellSourceType",
    "off": 27877,
    "sff": "Cell"
  },
  {
    "docID": "N131 Boyd 2004",
    "et": "StemCellSourceType",
    "off": 324,
    "sff": "Cell"
  },
  {
    "docID": "N131 Boyd 2004",
    "et": "StemCellSourceType",
    "off": 21785,
    "sff": "cell"
  },
  {
    "docID": "N131 Boyd 2004",
    "et": "StemCellSourceType",
    "off": 21926,
    "sff": "cell"
  },
  {
    "docID": "N131 Boyd 2004",
    "et": "StemCellSourceType",
    "off": 21319,
    "sff": "cell"
  },
  {
    "docID": "N131 Boyd 2004",
    "et": "StemCellSourceType",
    "off": 14660,
    "sff": "cell"
  },
  {
    "docID": "N131 Boyd 2004",
    "et": "InVitroExperimentalProcedure",
    "off": 17795,
    "sff": "vitro"
  },
  {
    "docID": "N131 Boyd 2004",
    "et": "InVitroExperimentalProcedure",
    "off": 5450,
    "sff": "Vitro"
  },
  {
    "docID": "N131 Boyd 2004",
    "et": "InVitroExperimentalProcedure",
    "off": 20527,
    "sff": "vitro"
  },
  {
    "docID": "N131 Boyd 2004",
    "et": "InVitroExperimentalProcedure",
    "off": 16750,
    "sff": "vitro"
  },
  {
    "docID": "N131 Boyd 2004",
    "et": "InVitroExperimentalProcedure",
    "off": 22314,
    "sff": "vitro"
  },
  {
    "docID": "N131 Boyd 2004",
    "et": "InVitroExperimentalProcedure",
    "off": 11549,
    "sff": "vitro"
  },
  {
    "docID": "N131 Boyd 2004",
    "et": "InVitroExperimentalProcedure",
    "off": 16972,
    "sff": "vitro"
  },
  {
    "docID": "N131 Boyd 2004",
    "et": "InVitroExperimentalProcedure",
    "off": 17241,
    "sff": "vitro"
  },
  {
    "docID": "N131 Boyd 2004",
    "et": "Clip",
    "off": 4574,
    "sff": "Clip"
  },
  {
    "docID": "N131 Boyd 2004",
    "et": "Clip",
    "off": 844,
    "sff": "clip"
  },
  {
    "docID": "N131 Boyd 2004",
    "et": "Clip",
    "off": 5095,
    "sff": "Clip"
  },
  {
    "docID": "N131 Boyd 2004",
    "et": "Clip",
    "off": 9238,
    "sff": "clip"
  },
  {
    "docID": "N131 Boyd 2004",
    "et": "LongEvansRat",
    "off": 14146,
    "sff": "long"
  },
  {
    "docID": "N131 Boyd 2004",
    "et": "LongEvansRat",
    "off": 15170,
    "sff": "long"
  },
  {
    "docID": "N131 Boyd 2004",
    "et": "LongEvansRat",
    "off": 12591,
    "sff": "long"
  },
  {
    "docID": "N131 Boyd 2004",
    "et": "LongEvansRat",
    "off": 7713,
    "sff": "long"
  },
  {
    "docID": "N131 Boyd 2004",
    "et": "Cell",
    "off": 229,
    "sff": "Cell"
  },
  {
    "docID": "N131 Boyd 2004",
    "et": "Cell",
    "off": 27877,
    "sff": "Cell"
  },
  {
    "docID": "N131 Boyd 2004",
    "et": "Cell",
    "off": 324,
    "sff": "Cell"
  },
  {
    "docID": "N131 Boyd 2004",
    "et": "Cell",
    "off": 11086,
    "sff": "cell"
  },
  {
    "docID": "N131 Boyd 2004",
    "et": "Cell",
    "off": 22174,
    "sff": "cell"
  },
  {
    "docID": "N131 Boyd 2004",
    "et": "Cell",
    "off": 3394,
    "sff": "Cell"
  },
  {
    "docID": "N131 Boyd 2004",
    "et": "Cell",
    "off": 2075,
    "sff": "cell"
  },
  {
    "docID": "N131 Boyd 2004",
    "et": "Cell",
    "off": 21785,
    "sff": "cell"
  },
  {
    "docID": "N131 Boyd 2004",
    "et": "Cell",
    "off": 21926,
    "sff": "cell"
  },
  {
    "docID": "N131 Boyd 2004",
    "et": "Cell",
    "off": 21319,
    "sff": "cell"
  },
  {
    "docID": "N131 Boyd 2004",
    "et": "Cell",
    "off": 14660,
    "sff": "cell"
  },
  {
    "docID": "N131 Boyd 2004",
    "et": "Cell",
    "off": 14805,
    "sff": "cell"
  },
  {
    "docID": "N131 Boyd 2004",
    "et": "Labeling",
    "off": 13049,
    "sff": "labeling"
  },
  {
    "docID": "N131 Boyd 2004",
    "et": "Labeling",
    "off": 14846,
    "sff": "labeling"
  },
  {
    "docID": "N131 Boyd 2004",
    "et": "SpinalDorsalHalf",
    "off": 20497,
    "sff": "dorsal"
  },
  {
    "docID": "N131 Boyd 2004",
    "et": "SpinalDorsalHalf",
    "off": 17211,
    "sff": "dorsal"
  },
  {
    "docID": "N131 Boyd 2004",
    "et": "SpinalDorsalHalf",
    "off": 17762,
    "sff": "dorsal"
  },
  {
    "docID": "N131 Boyd 2004",
    "et": "17BetaEstradiolE2",
    "off": 3416,
    "sff": "17"
  },
  {
    "docID": "N131 Boyd 2004",
    "et": "17BetaEstradiolE2",
    "off": 17153,
    "sff": "17"
  },
  {
    "docID": "N131 Boyd 2004",
    "et": "17BetaEstradiolE2",
    "off": 25585,
    "sff": "17"
  },
  {
    "docID": "N131 Boyd 2004",
    "et": "17BetaEstradiolE2",
    "off": 20156,
    "sff": "17"
  },
  {
    "docID": "N131 Boyd 2004",
    "et": "17BetaEstradiolE2",
    "off": 24668,
    "sff": "17"
  },
  {
    "docID": "N131 Boyd 2004",
    "et": "Embryonic",
    "off": 963,
    "sff": "embryonic"
  },
  {
    "docID": "N131 Boyd 2004",
    "et": "Embryonic",
    "off": 5260,
    "sff": "embryonic"
  },
  {
    "docID": "N131 Boyd 2004",
    "et": "Embryonic",
    "off": 20220,
    "sff": "embryonic"
  },
  {
    "docID": "N131 Boyd 2004",
    "et": "CorticospinalTract",
    "off": 18170,
    "sff": "corticospinal tract"
  },
  {
    "docID": "N131 Boyd 2004",
    "et": "BrainDerivedNeurotrophicFactor",
    "off": 21744,
    "sff": "brain-derived neurotrophic factor"
  },
  {
    "docID": "N131 Boyd 2004",
    "et": "BrainDerivedNeurotrophicFactor",
    "off": 21744,
    "sff": "brain-derived"
  },
  {
    "docID": "N131 Boyd 2004",
    "et": "BrainDerivedNeurotrophicFactor",
    "off": 25769,
    "sff": "Brain"
  },
  {
    "docID": "N131 Boyd 2004",
    "et": "BrainDerivedNeurotrophicFactor",
    "off": 24088,
    "sff": "Brain"
  },
  {
    "docID": "N131 Boyd 2004",
    "et": "BrainDerivedNeurotrophicFactor",
    "off": 24643,
    "sff": "Brain"
  },
  {
    "docID": "N131 Boyd 2004",
    "et": "BrainDerivedNeurotrophicFactor",
    "off": 25957,
    "sff": "Brain"
  },
  {
    "docID": "N131 Boyd 2004",
    "et": "BrainDerivedNeurotrophicFactor",
    "off": 28757,
    "sff": "Brain"
  },
  {
    "docID": "N131 Boyd 2004",
    "et": "BrainDerivedNeurotrophicFactor",
    "off": 26750,
    "sff": "Brain"
  },
  {
    "docID": "N131 Boyd 2004",
    "et": "BrainDerivedNeurotrophicFactor",
    "off": 26689,
    "sff": "Brain"
  },
  {
    "docID": "N131 Boyd 2004",
    "et": "BrainDerivedNeurotrophicFactor",
    "off": 26251,
    "sff": "Brain"
  },
  {
    "docID": "N131 Boyd 2004",
    "et": "BrainDerivedNeurotrophicFactor",
    "off": 24026,
    "sff": "Brain"
  },
  {
    "docID": "N131 Boyd 2004",
    "et": "BrainDerivedNeurotrophicFactor",
    "off": 24554,
    "sff": "Brain"
  }
]
