[
  {
    "docID": "N139 Collazos-Castro 2005",
    "et": "BrainNucleus",
    "off": 37051,
    "sff": "Brain"
  },
  {
    "docID": "N139 Collazos-Castro 2005",
    "et": "BrainNucleus",
    "off": 26053,
    "sff": "brain"
  },
  {
    "docID": "N139 Collazos-Castro 2005",
    "et": "BrainNucleus",
    "off": 43793,
    "sff": "Brain"
  },
  {
    "docID": "N139 Collazos-Castro 2005",
    "et": "BrainNucleus",
    "off": 38969,
    "sff": "brain"
  },
  {
    "docID": "N139 Collazos-Castro 2005",
    "et": "BrainNucleus",
    "off": 44885,
    "sff": "Brain"
  },
  {
    "docID": "N139 Collazos-Castro 2005",
    "et": "BrainNucleus",
    "off": 45077,
    "sff": "Brain"
  },
  {
    "docID": "N139 Collazos-Castro 2005",
    "et": "BrainNucleus",
    "off": 35237,
    "sff": "Brain"
  },
  {
    "docID": "N139 Collazos-Castro 2005",
    "et": "BrainNucleus",
    "off": 42372,
    "sff": "Brain"
  },
  {
    "docID": "N139 Collazos-Castro 2005",
    "et": "CompleteTransection",
    "off": 38073,
    "sff": "complete transection"
  },
  {
    "docID": "N139 Collazos-Castro 2005",
    "et": "CompleteTransection",
    "off": 41510,
    "sff": "Complete"
  },
  {
    "docID": "N139 Collazos-Castro 2005",
    "et": "CompleteTransection",
    "off": 37185,
    "sff": "complete transection"
  },
  {
    "docID": "N139 Collazos-Castro 2005",
    "et": "OlfactoryEnsheathingGliaCell",
    "off": 43370,
    "sff": "olfactory ensheathing"
  },
  {
    "docID": "N139 Collazos-Castro 2005",
    "et": "OlfactoryEnsheathingGliaCell",
    "off": 37985,
    "sff": "olfactory-ensheathing"
  },
  {
    "docID": "N139 Collazos-Castro 2005",
    "et": "OlfactoryEnsheathingGliaCell",
    "off": 309,
    "sff": "olfactory ensheathing cell"
  },
  {
    "docID": "N139 Collazos-Castro 2005",
    "et": "OlfactoryEnsheathingGliaCell",
    "off": 37985,
    "sff": "olfactory-ensheathing glia"
  },
  {
    "docID": "N139 Collazos-Castro 2005",
    "et": "OlfactoryEnsheathingGliaCell",
    "off": 38264,
    "sff": "olfactory"
  },
  {
    "docID": "N139 Collazos-Castro 2005",
    "et": "OlfactoryEnsheathingGliaCell",
    "off": 2093,
    "sff": "OLFACTORY ensheathing cell"
  },
  {
    "docID": "N139 Collazos-Castro 2005",
    "et": "OlfactoryEnsheathingGliaCell",
    "off": 19348,
    "sff": "Olfactory ensheathing"
  },
  {
    "docID": "N139 Collazos-Castro 2005",
    "et": "OlfactoryEnsheathingGliaCell",
    "off": 42916,
    "sff": "ensheathing"
  },
  {
    "docID": "N139 Collazos-Castro 2005",
    "et": "OlfactoryEnsheathingGliaCell",
    "off": 43102,
    "sff": "olfactory ensheathing"
  },
  {
    "docID": "N139 Collazos-Castro 2005",
    "et": "OlfactoryEnsheathingGliaCell",
    "off": 35133,
    "sff": "olfactory ensheathing cell"
  },
  {
    "docID": "N139 Collazos-Castro 2005",
    "et": "OlfactoryEnsheathingGliaCell",
    "off": 22368,
    "sff": "Olfactory ensheathing cell"
  },
  {
    "docID": "N139 Collazos-Castro 2005",
    "et": "OlfactoryEnsheathingGliaCell",
    "off": 35133,
    "sff": "olfactory ensheathing"
  },
  {
    "docID": "N139 Collazos-Castro 2005",
    "et": "OlfactoryEnsheathingGliaCell",
    "off": 44108,
    "sff": "Olfactory ensheathing"
  },
  {
    "docID": "N139 Collazos-Castro 2005",
    "et": "OlfactoryEnsheathingGliaCell",
    "off": 38457,
    "sff": "olfactory ensheathing"
  },
  {
    "docID": "N139 Collazos-Castro 2005",
    "et": "OlfactoryEnsheathingGliaCell",
    "off": 5504,
    "sff": "Olfactory ensheathing"
  },
  {
    "docID": "N139 Collazos-Castro 2005",
    "et": "OlfactoryEnsheathingGliaCell",
    "off": 44512,
    "sff": "Olfactory ensheathing glia"
  },
  {
    "docID": "N139 Collazos-Castro 2005",
    "et": "OlfactoryEnsheathingGliaCell",
    "off": 309,
    "sff": "olfactory ensheathing"
  },
  {
    "docID": "N139 Collazos-Castro 2005",
    "et": "OlfactoryEnsheathingGliaCell",
    "off": 39663,
    "sff": "olfactory ensheathing"
  },
  {
    "docID": "N139 Collazos-Castro 2005",
    "et": "OlfactoryEnsheathingGliaCell",
    "off": 42734,
    "sff": "olfactory ensheathing"
  },
  {
    "docID": "N139 Collazos-Castro 2005",
    "et": "OlfactoryEnsheathingGliaCell",
    "off": 43102,
    "sff": "olfactory ensheathing glia"
  },
  {
    "docID": "N139 Collazos-Castro 2005",
    "et": "OlfactoryEnsheathingGliaCell",
    "off": 40560,
    "sff": "olfactory ensheathing"
  },
  {
    "docID": "N139 Collazos-Castro 2005",
    "et": "OlfactoryEnsheathingGliaCell",
    "off": 43370,
    "sff": "olfactory ensheathing glia"
  },
  {
    "docID": "N139 Collazos-Castro 2005",
    "et": "OlfactoryEnsheathingGliaCell",
    "off": 40709,
    "sff": "olfactory ensheathing"
  },
  {
    "docID": "N139 Collazos-Castro 2005",
    "et": "OlfactoryEnsheathingGliaCell",
    "off": 5719,
    "sff": "olfactory"
  },
  {
    "docID": "N139 Collazos-Castro 2005",
    "et": "OlfactoryEnsheathingGliaCell",
    "off": 42734,
    "sff": "olfactory ensheathing glia"
  },
  {
    "docID": "N139 Collazos-Castro 2005",
    "et": "OlfactoryEnsheathingGliaCell",
    "off": 40346,
    "sff": "olfactory ensheathing"
  },
  {
    "docID": "N139 Collazos-Castro 2005",
    "et": "OlfactoryEnsheathingGliaCell",
    "off": 5674,
    "sff": "olfactory"
  },
  {
    "docID": "N139 Collazos-Castro 2005",
    "et": "OlfactoryEnsheathingGliaCell",
    "off": 2093,
    "sff": "OLFACTORY ensheathing"
  },
  {
    "docID": "N139 Collazos-Castro 2005",
    "et": "OlfactoryEnsheathingGliaCell",
    "off": 38833,
    "sff": "Ensheathing"
  },
  {
    "docID": "N139 Collazos-Castro 2005",
    "et": "OlfactoryEnsheathingGliaCell",
    "off": 22368,
    "sff": "Olfactory ensheathing"
  },
  {
    "docID": "N139 Collazos-Castro 2005",
    "et": "OlfactoryEnsheathingGliaCell",
    "off": 39968,
    "sff": "Olfactory ensheathing"
  },
  {
    "docID": "N139 Collazos-Castro 2005",
    "et": "OlfactoryEnsheathingGliaCell",
    "off": 44512,
    "sff": "Olfactory ensheathing"
  },
  {
    "docID": "N139 Collazos-Castro 2005",
    "et": "OlfactoryEnsheathingGliaCell",
    "off": 38888,
    "sff": "olfactory"
  },
  {
    "docID": "N139 Collazos-Castro 2005",
    "et": "OlfactoryEnsheathingGliaCell",
    "off": 35860,
    "sff": "olfactory ensheathing"
  },
  {
    "docID": "N139 Collazos-Castro 2005",
    "et": "OlfactoryEnsheathingGliaCell",
    "off": 42850,
    "sff": "olfactory"
  },
  {
    "docID": "N139 Collazos-Castro 2005",
    "et": "DorsalInjuryArea",
    "off": 749,
    "sff": "dorsal"
  },
  {
    "docID": "N139 Collazos-Castro 2005",
    "et": "DorsalInjuryArea",
    "off": 14919,
    "sff": "Dorsal"
  },
  {
    "docID": "N139 Collazos-Castro 2005",
    "et": "DorsalInjuryArea",
    "off": 41613,
    "sff": "dorsal"
  },
  {
    "docID": "N139 Collazos-Castro 2005",
    "et": "DorsalInjuryArea",
    "off": 20358,
    "sff": "Dorsal"
  },
  {
    "docID": "N139 Collazos-Castro 2005",
    "et": "DorsalInjuryArea",
    "off": 30895,
    "sff": "dorsal"
  },
  {
    "docID": "N139 Collazos-Castro 2005",
    "et": "DorsalInjuryArea",
    "off": 17106,
    "sff": "dorsal"
  },
  {
    "docID": "N139 Collazos-Castro 2005",
    "et": "DorsalInjuryArea",
    "off": 17506,
    "sff": "dorsal"
  },
  {
    "docID": "N139 Collazos-Castro 2005",
    "et": "DorsalInjuryArea",
    "off": 39753,
    "sff": "dorsal"
  },
  {
    "docID": "N139 Collazos-Castro 2005",
    "et": "DorsalInjuryArea",
    "off": 15809,
    "sff": "Dorsal"
  },
  {
    "docID": "N139 Collazos-Castro 2005",
    "et": "DorsalInjuryArea",
    "off": 38539,
    "sff": "dorsal"
  },
  {
    "docID": "N139 Collazos-Castro 2005",
    "et": "ContactDeliveryMethod",
    "off": 9406,
    "sff": "contact"
  },
  {
    "docID": "N139 Collazos-Castro 2005",
    "et": "ContactDeliveryMethod",
    "off": 21107,
    "sff": "contact"
  },
  {
    "docID": "N139 Collazos-Castro 2005",
    "et": "ContactDeliveryMethod",
    "off": 11668,
    "sff": "contact"
  },
  {
    "docID": "N139 Collazos-Castro 2005",
    "et": "ContactDeliveryMethod",
    "off": 2966,
    "sff": "contact"
  },
  {
    "docID": "N139 Collazos-Castro 2005",
    "et": "ContactDeliveryMethod",
    "off": 28889,
    "sff": "contact"
  },
  {
    "docID": "N139 Collazos-Castro 2005",
    "et": "WeightDrop",
    "off": 41762,
    "sff": "weight-drop"
  },
  {
    "docID": "N139 Collazos-Castro 2005",
    "et": "WeightDrop",
    "off": 16368,
    "sff": "weight-drop"
  },
  {
    "docID": "N139 Collazos-Castro 2005",
    "et": "WeightDrop",
    "off": 29024,
    "sff": "weight-drop"
  },
  {
    "docID": "N139 Collazos-Castro 2005",
    "et": "WeightDrop",
    "off": 23890,
    "sff": "weight"
  },
  {
    "docID": "N139 Collazos-Castro 2005",
    "et": "WeightDrop",
    "off": 32076,
    "sff": "weight"
  },
  {
    "docID": "N139 Collazos-Castro 2005",
    "et": "WeightDrop",
    "off": 8553,
    "sff": "weight"
  },
  {
    "docID": "N139 Collazos-Castro 2005",
    "et": "WeightDrop",
    "off": 28537,
    "sff": "weight-drop"
  },
  {
    "docID": "N139 Collazos-Castro 2005",
    "et": "WeightDrop",
    "off": 8358,
    "sff": "weight-drop"
  },
  {
    "docID": "N139 Collazos-Castro 2005",
    "et": "WeightDrop",
    "off": 9679,
    "sff": "weight"
  },
  {
    "docID": "N139 Collazos-Castro 2005",
    "et": "NOGOReceptorAntagonist",
    "off": 7279,
    "sff": "receptor"
  },
  {
    "docID": "N139 Collazos-Castro 2005",
    "et": "NOGOReceptorAntagonist",
    "off": 10277,
    "sff": "receptor"
  },
  {
    "docID": "N139 Collazos-Castro 2005",
    "et": "CentralCanal",
    "off": 17530,
    "sff": "central"
  },
  {
    "docID": "N139 Collazos-Castro 2005",
    "et": "CentralCanal",
    "off": 34272,
    "sff": "Central"
  },
  {
    "docID": "N139 Collazos-Castro 2005",
    "et": "CentralCanal",
    "off": 17022,
    "sff": "central"
  },
  {
    "docID": "N139 Collazos-Castro 2005",
    "et": "CentralCanal",
    "off": 34814,
    "sff": "central"
  },
  {
    "docID": "N139 Collazos-Castro 2005",
    "et": "CentralCanal",
    "off": 12762,
    "sff": "central canal"
  },
  {
    "docID": "N139 Collazos-Castro 2005",
    "et": "CentralCanal",
    "off": 14232,
    "sff": "central"
  },
  {
    "docID": "N139 Collazos-Castro 2005",
    "et": "CentralCanal",
    "off": 44392,
    "sff": "central"
  },
  {
    "docID": "N139 Collazos-Castro 2005",
    "et": "SpinalFiberTract",
    "off": 20168,
    "sff": "Fiber"
  },
  {
    "docID": "N139 Collazos-Castro 2005",
    "et": "DorsalHemisection",
    "off": 20358,
    "sff": "Dorsal"
  },
  {
    "docID": "N139 Collazos-Castro 2005",
    "et": "DorsalHemisection",
    "off": 38539,
    "sff": "dorsal"
  },
  {
    "docID": "N139 Collazos-Castro 2005",
    "et": "DorsalHemisection",
    "off": 749,
    "sff": "dorsal"
  },
  {
    "docID": "N139 Collazos-Castro 2005",
    "et": "DorsalHemisection",
    "off": 41613,
    "sff": "dorsal"
  },
  {
    "docID": "N139 Collazos-Castro 2005",
    "et": "DorsalHemisection",
    "off": 15809,
    "sff": "Dorsal"
  },
  {
    "docID": "N139 Collazos-Castro 2005",
    "et": "DorsalHemisection",
    "off": 39753,
    "sff": "dorsal"
  },
  {
    "docID": "N139 Collazos-Castro 2005",
    "et": "DorsalHemisection",
    "off": 30895,
    "sff": "dorsal"
  },
  {
    "docID": "N139 Collazos-Castro 2005",
    "et": "DorsalHemisection",
    "off": 14919,
    "sff": "Dorsal"
  },
  {
    "docID": "N139 Collazos-Castro 2005",
    "et": "DorsalHemisection",
    "off": 17106,
    "sff": "dorsal"
  },
  {
    "docID": "N139 Collazos-Castro 2005",
    "et": "DorsalHemisection",
    "off": 17506,
    "sff": "dorsal"
  },
  {
    "docID": "N139 Collazos-Castro 2005",
    "et": "SpinalVentralHalf",
    "off": 31042,
    "sff": "ventral"
  },
  {
    "docID": "N139 Collazos-Castro 2005",
    "et": "Rostral",
    "off": 9263,
    "sff": "rostral"
  },
  {
    "docID": "N139 Collazos-Castro 2005",
    "et": "Rostral",
    "off": 21039,
    "sff": "rostral"
  },
  {
    "docID": "N139 Collazos-Castro 2005",
    "et": "DorsalColumn",
    "off": 41613,
    "sff": "dorsal column"
  },
  {
    "docID": "N139 Collazos-Castro 2005",
    "et": "DorsalColumn",
    "off": 39753,
    "sff": "dorsal"
  },
  {
    "docID": "N139 Collazos-Castro 2005",
    "et": "DorsalColumn",
    "off": 20358,
    "sff": "Dorsal"
  },
  {
    "docID": "N139 Collazos-Castro 2005",
    "et": "DorsalColumn",
    "off": 749,
    "sff": "dorsal"
  },
  {
    "docID": "N139 Collazos-Castro 2005",
    "et": "DorsalColumn",
    "off": 15809,
    "sff": "Dorsal"
  },
  {
    "docID": "N139 Collazos-Castro 2005",
    "et": "DorsalColumn",
    "off": 38539,
    "sff": "dorsal"
  },
  {
    "docID": "N139 Collazos-Castro 2005",
    "et": "DorsalColumn",
    "off": 17106,
    "sff": "dorsal"
  },
  {
    "docID": "N139 Collazos-Castro 2005",
    "et": "DorsalColumn",
    "off": 17506,
    "sff": "dorsal"
  },
  {
    "docID": "N139 Collazos-Castro 2005",
    "et": "DorsalColumn",
    "off": 14919,
    "sff": "Dorsal"
  },
  {
    "docID": "N139 Collazos-Castro 2005",
    "et": "DorsalColumn",
    "off": 30895,
    "sff": "dorsal column"
  },
  {
    "docID": "N139 Collazos-Castro 2005",
    "et": "SpinalFiber",
    "off": 20168,
    "sff": "Fiber"
  },
  {
    "docID": "N139 Collazos-Castro 2005",
    "et": "ChondroitinaseABC",
    "off": 38024,
    "sff": "chondroitinase"
  },
  {
    "docID": "N139 Collazos-Castro 2005",
    "et": "CellDeathInduction",
    "off": 37724,
    "sff": "cell"
  },
  {
    "docID": "N139 Collazos-Castro 2005",
    "et": "CellDeathInduction",
    "off": 27869,
    "sff": "cell"
  },
  {
    "docID": "N139 Collazos-Castro 2005",
    "et": "CellDeathInduction",
    "off": 43357,
    "sff": "cell"
  },
  {
    "docID": "N139 Collazos-Castro 2005",
    "et": "CellDeathInduction",
    "off": 6872,
    "sff": "cell"
  },
  {
    "docID": "N139 Collazos-Castro 2005",
    "et": "CellDeathInduction",
    "off": 44000,
    "sff": "cell"
  },
  {
    "docID": "N139 Collazos-Castro 2005",
    "et": "CellDeathInduction",
    "off": 44573,
    "sff": "Cell"
  },
  {
    "docID": "N139 Collazos-Castro 2005",
    "et": "CellDeathInduction",
    "off": 39201,
    "sff": "cell"
  },
  {
    "docID": "N139 Collazos-Castro 2005",
    "et": "CellDeathInduction",
    "off": 331,
    "sff": "cell"
  },
  {
    "docID": "N139 Collazos-Castro 2005",
    "et": "CellDeathInduction",
    "off": 7435,
    "sff": "cell"
  },
  {
    "docID": "N139 Collazos-Castro 2005",
    "et": "CellDeathInduction",
    "off": 36550,
    "sff": "cell"
  },
  {
    "docID": "N139 Collazos-Castro 2005",
    "et": "CellDeathInduction",
    "off": 6674,
    "sff": "cell"
  },
  {
    "docID": "N139 Collazos-Castro 2005",
    "et": "CellDeathInduction",
    "off": 35155,
    "sff": "cell"
  },
  {
    "docID": "N139 Collazos-Castro 2005",
    "et": "CellDeathInduction",
    "off": 38291,
    "sff": "cell"
  },
  {
    "docID": "N139 Collazos-Castro 2005",
    "et": "CellDeathInduction",
    "off": 9493,
    "sff": "cell"
  },
  {
    "docID": "N139 Collazos-Castro 2005",
    "et": "CellDeathInduction",
    "off": 9166,
    "sff": "cell"
  },
  {
    "docID": "N139 Collazos-Castro 2005",
    "et": "CellDeathInduction",
    "off": 6288,
    "sff": "cell"
  },
  {
    "docID": "N139 Collazos-Castro 2005",
    "et": "CellDeathInduction",
    "off": 17562,
    "sff": "death"
  },
  {
    "docID": "N139 Collazos-Castro 2005",
    "et": "CellDeathInduction",
    "off": 25104,
    "sff": "cell"
  },
  {
    "docID": "N139 Collazos-Castro 2005",
    "et": "CellDeathInduction",
    "off": 26704,
    "sff": "cell"
  },
  {
    "docID": "N139 Collazos-Castro 2005",
    "et": "CellDeathInduction",
    "off": 37968,
    "sff": "cell"
  },
  {
    "docID": "N139 Collazos-Castro 2005",
    "et": "CellDeathInduction",
    "off": 9084,
    "sff": "cell"
  },
  {
    "docID": "N139 Collazos-Castro 2005",
    "et": "CellDeathInduction",
    "off": 29838,
    "sff": "death"
  },
  {
    "docID": "N139 Collazos-Castro 2005",
    "et": "CellDeathInduction",
    "off": 22390,
    "sff": "cell"
  },
  {
    "docID": "N139 Collazos-Castro 2005",
    "et": "CellDeathInduction",
    "off": 2115,
    "sff": "cell"
  },
  {
    "docID": "N139 Collazos-Castro 2005",
    "et": "CellDeathInduction",
    "off": 26372,
    "sff": "cell"
  },
  {
    "docID": "N139 Collazos-Castro 2005",
    "et": "CellDeathInduction",
    "off": 27518,
    "sff": "cell"
  },
  {
    "docID": "N139 Collazos-Castro 2005",
    "et": "CellDeathInduction",
    "off": 1322,
    "sff": "cell"
  },
  {
    "docID": "N139 Collazos-Castro 2005",
    "et": "CellDeathInduction",
    "off": 41195,
    "sff": "cell"
  },
  {
    "docID": "N139 Collazos-Castro 2005",
    "et": "CellDeathInduction",
    "off": 18918,
    "sff": "cell"
  },
  {
    "docID": "N139 Collazos-Castro 2005",
    "et": "CellDeathInduction",
    "off": 4647,
    "sff": "cell"
  },
  {
    "docID": "N139 Collazos-Castro 2005",
    "et": "CellDeathInduction",
    "off": 26023,
    "sff": "cell"
  },
  {
    "docID": "N139 Collazos-Castro 2005",
    "et": "CellDeathInduction",
    "off": 32321,
    "sff": "death"
  },
  {
    "docID": "N139 Collazos-Castro 2005",
    "et": "CellDeathInduction",
    "off": 5044,
    "sff": "death"
  },
  {
    "docID": "N139 Collazos-Castro 2005",
    "et": "CellDeathInduction",
    "off": 17638,
    "sff": "Cell"
  },
  {
    "docID": "N139 Collazos-Castro 2005",
    "et": "Left",
    "off": 9741,
    "sff": "left"
  },
  {
    "docID": "N139 Collazos-Castro 2005",
    "et": "SubstanceApplicationLocation",
    "off": 42141,
    "sff": "application"
  },
  {
    "docID": "N139 Collazos-Castro 2005",
    "et": "InjuryDevice",
    "off": 36177,
    "sff": "device"
  },
  {
    "docID": "N139 Collazos-Castro 2005",
    "et": "Tissue",
    "off": 33607,
    "sff": "tissue"
  },
  {
    "docID": "N139 Collazos-Castro 2005",
    "et": "Tissue",
    "off": 18192,
    "sff": "tissue"
  },
  {
    "docID": "N139 Collazos-Castro 2005",
    "et": "Tissue",
    "off": 19679,
    "sff": "tissue"
  },
  {
    "docID": "N139 Collazos-Castro 2005",
    "et": "Tissue",
    "off": 34511,
    "sff": "tissue"
  },
  {
    "docID": "N139 Collazos-Castro 2005",
    "et": "Tissue",
    "off": 28634,
    "sff": "tissue"
  },
  {
    "docID": "N139 Collazos-Castro 2005",
    "et": "Tissue",
    "off": 34153,
    "sff": "tissue"
  },
  {
    "docID": "N139 Collazos-Castro 2005",
    "et": "Tissue",
    "off": 44578,
    "sff": "Tissue"
  },
  {
    "docID": "N139 Collazos-Castro 2005",
    "et": "CatSpecies",
    "off": 41044,
    "sff": "cat"
  },
  {
    "docID": "N139 Collazos-Castro 2005",
    "et": "CatSpecies",
    "off": 44690,
    "sff": "cat"
  },
  {
    "docID": "N139 Collazos-Castro 2005",
    "et": "CatSpecies",
    "off": 35527,
    "sff": "cat"
  },
  {
    "docID": "N139 Collazos-Castro 2005",
    "et": "InjectionDelivery",
    "off": 21191,
    "sff": "injection"
  },
  {
    "docID": "N139 Collazos-Castro 2005",
    "et": "InjectionDelivery",
    "off": 1084,
    "sff": "injection"
  },
  {
    "docID": "N139 Collazos-Castro 2005",
    "et": "InjectionDelivery",
    "off": 9650,
    "sff": "injection"
  },
  {
    "docID": "N139 Collazos-Castro 2005",
    "et": "SpinalLesionSite",
    "off": 15271,
    "sff": "lesion"
  },
  {
    "docID": "N139 Collazos-Castro 2005",
    "et": "SpinalLesionSite",
    "off": 28455,
    "sff": "lesion"
  },
  {
    "docID": "N139 Collazos-Castro 2005",
    "et": "SpinalLesionSite",
    "off": 24810,
    "sff": "lesion"
  },
  {
    "docID": "N139 Collazos-Castro 2005",
    "et": "SpinalLesionSite",
    "off": 29162,
    "sff": "lesion"
  },
  {
    "docID": "N139 Collazos-Castro 2005",
    "et": "SpinalLesionSite",
    "off": 32491,
    "sff": "lesion"
  },
  {
    "docID": "N139 Collazos-Castro 2005",
    "et": "SpinalLesionSite",
    "off": 19872,
    "sff": "lesion"
  },
  {
    "docID": "N139 Collazos-Castro 2005",
    "et": "SpinalLesionSite",
    "off": 28959,
    "sff": "lesion"
  },
  {
    "docID": "N139 Collazos-Castro 2005",
    "et": "SpinalLesionSite",
    "off": 2593,
    "sff": "lesion"
  },
  {
    "docID": "N139 Collazos-Castro 2005",
    "et": "SpinalLesionSite",
    "off": 17814,
    "sff": "lesion"
  },
  {
    "docID": "N139 Collazos-Castro 2005",
    "et": "SpinalLesionSite",
    "off": 9304,
    "sff": "lesion"
  },
  {
    "docID": "N139 Collazos-Castro 2005",
    "et": "SpinalLesionSite",
    "off": 3865,
    "sff": "lesion"
  },
  {
    "docID": "N139 Collazos-Castro 2005",
    "et": "SpinalLesionSite",
    "off": 27417,
    "sff": "lesion"
  },
  {
    "docID": "N139 Collazos-Castro 2005",
    "et": "SpinalLesionSite",
    "off": 41627,
    "sff": "lesion"
  },
  {
    "docID": "N139 Collazos-Castro 2005",
    "et": "SpinalLesionSite",
    "off": 20429,
    "sff": "lesion"
  },
  {
    "docID": "N139 Collazos-Castro 2005",
    "et": "SpinalLesionSite",
    "off": 20496,
    "sff": "lesion"
  },
  {
    "docID": "N139 Collazos-Castro 2005",
    "et": "SpinalLesionSite",
    "off": 29263,
    "sff": "lesion"
  },
  {
    "docID": "N139 Collazos-Castro 2005",
    "et": "SpinalLesionSite",
    "off": 34895,
    "sff": "lesion"
  },
  {
    "docID": "N139 Collazos-Castro 2005",
    "et": "SpinalLesionSite",
    "off": 30546,
    "sff": "lesion"
  },
  {
    "docID": "N139 Collazos-Castro 2005",
    "et": "SpinalLesionSite",
    "off": 1426,
    "sff": "lesion"
  },
  {
    "docID": "N139 Collazos-Castro 2005",
    "et": "SpinalLesionSite",
    "off": 2898,
    "sff": "lesion"
  },
  {
    "docID": "N139 Collazos-Castro 2005",
    "et": "SpinalLesionSite",
    "off": 10642,
    "sff": "lesion"
  },
  {
    "docID": "N139 Collazos-Castro 2005",
    "et": "SpinalLesionSite",
    "off": 14995,
    "sff": "lesion"
  },
  {
    "docID": "N139 Collazos-Castro 2005",
    "et": "SpinalLesionSite",
    "off": 34694,
    "sff": "lesion"
  },
  {
    "docID": "N139 Collazos-Castro 2005",
    "et": "SpinalLesionSite",
    "off": 21253,
    "sff": "lesion"
  },
  {
    "docID": "N139 Collazos-Castro 2005",
    "et": "SpinalLesionSite",
    "off": 27594,
    "sff": "lesion"
  },
  {
    "docID": "N139 Collazos-Castro 2005",
    "et": "SpinalLesionSite",
    "off": 31115,
    "sff": "lesion"
  },
  {
    "docID": "N139 Collazos-Castro 2005",
    "et": "SpinalLesionSite",
    "off": 13629,
    "sff": "lesion"
  },
  {
    "docID": "N139 Collazos-Castro 2005",
    "et": "SpinalLesionSite",
    "off": 18365,
    "sff": "lesion"
  },
  {
    "docID": "N139 Collazos-Castro 2005",
    "et": "SpinalLesionSite",
    "off": 19581,
    "sff": "lesion"
  },
  {
    "docID": "N139 Collazos-Castro 2005",
    "et": "SpinalLesionSite",
    "off": 36576,
    "sff": "lesion site"
  },
  {
    "docID": "N139 Collazos-Castro 2005",
    "et": "SpinalLesionSite",
    "off": 12864,
    "sff": "lesion"
  },
  {
    "docID": "N139 Collazos-Castro 2005",
    "et": "SpinalLesionSite",
    "off": 12801,
    "sff": "lesion"
  },
  {
    "docID": "N139 Collazos-Castro 2005",
    "et": "SpinalLesionSite",
    "off": 14209,
    "sff": "lesion"
  },
  {
    "docID": "N139 Collazos-Castro 2005",
    "et": "SpinalLesionSite",
    "off": 3138,
    "sff": "lesion"
  },
  {
    "docID": "N139 Collazos-Castro 2005",
    "et": "SpinalLesionSite",
    "off": 2805,
    "sff": "lesion"
  },
  {
    "docID": "N139 Collazos-Castro 2005",
    "et": "SpinalLesionSite",
    "off": 19702,
    "sff": "lesion"
  },
  {
    "docID": "N139 Collazos-Castro 2005",
    "et": "SpinalLesionSite",
    "off": 27893,
    "sff": "lesion"
  },
  {
    "docID": "N139 Collazos-Castro 2005",
    "et": "SpinalLesionSite",
    "off": 28855,
    "sff": "lesion"
  },
  {
    "docID": "N139 Collazos-Castro 2005",
    "et": "SpinalLesionSite",
    "off": 827,
    "sff": "lesion"
  },
  {
    "docID": "N139 Collazos-Castro 2005",
    "et": "SpinalLesionSite",
    "off": 20732,
    "sff": "lesion"
  },
  {
    "docID": "N139 Collazos-Castro 2005",
    "et": "SpinalLesionSite",
    "off": 34180,
    "sff": "lesion site"
  },
  {
    "docID": "N139 Collazos-Castro 2005",
    "et": "SpinalLesionSite",
    "off": 15612,
    "sff": "lesion"
  },
  {
    "docID": "N139 Collazos-Castro 2005",
    "et": "SpinalLesionSite",
    "off": 27312,
    "sff": "lesion"
  },
  {
    "docID": "N139 Collazos-Castro 2005",
    "et": "SpinalLesionSite",
    "off": 17266,
    "sff": "lesion"
  },
  {
    "docID": "N139 Collazos-Castro 2005",
    "et": "SpinalLesionSite",
    "off": 28724,
    "sff": "lesion"
  },
  {
    "docID": "N139 Collazos-Castro 2005",
    "et": "SpinalLesionSite",
    "off": 17460,
    "sff": "lesion"
  },
  {
    "docID": "N139 Collazos-Castro 2005",
    "et": "HumanSpecies",
    "off": 16493,
    "sff": "human"
  },
  {
    "docID": "N139 Collazos-Castro 2005",
    "et": "HumanSpecies",
    "off": 19613,
    "sff": "human"
  },
  {
    "docID": "N139 Collazos-Castro 2005",
    "et": "HumanSpecies",
    "off": 29565,
    "sff": "human"
  },
  {
    "docID": "N139 Collazos-Castro 2005",
    "et": "HumanSpecies",
    "off": 36849,
    "sff": "human"
  },
  {
    "docID": "N139 Collazos-Castro 2005",
    "et": "HumanSpecies",
    "off": 41822,
    "sff": "human"
  },
  {
    "docID": "N139 Collazos-Castro 2005",
    "et": "HumanSpecies",
    "off": 4470,
    "sff": "human"
  },
  {
    "docID": "N139 Collazos-Castro 2005",
    "et": "HumanSpecies",
    "off": 39187,
    "sff": "human"
  },
  {
    "docID": "N139 Collazos-Castro 2005",
    "et": "HumanSpecies",
    "off": 29096,
    "sff": "human"
  },
  {
    "docID": "N139 Collazos-Castro 2005",
    "et": "HumanSpecies",
    "off": 34808,
    "sff": "human"
  },
  {
    "docID": "N139 Collazos-Castro 2005",
    "et": "HumanSpecies",
    "off": 35127,
    "sff": "human"
  },
  {
    "docID": "N139 Collazos-Castro 2005",
    "et": "HumanSpecies",
    "off": 43654,
    "sff": "human"
  },
  {
    "docID": "N139 Collazos-Castro 2005",
    "et": "RubrospinalTract",
    "off": 37750,
    "sff": "rubrospinal"
  },
  {
    "docID": "N139 Collazos-Castro 2005",
    "et": "DislocationDevice",
    "off": 34956,
    "sff": "dislocation"
  },
  {
    "docID": "N139 Collazos-Castro 2005",
    "et": "Weight",
    "off": 8548,
    "sff": "10-g"
  },
  {
    "docID": "N139 Collazos-Castro 2005",
    "et": "AnimalCareCondition",
    "off": 21607,
    "sff": "care"
  },
  {
    "docID": "N139 Collazos-Castro 2005",
    "et": "MotorNeurons",
    "off": 32457,
    "sff": "motor neurons"
  },
  {
    "docID": "N139 Collazos-Castro 2005",
    "et": "MotorNeurons",
    "off": 36984,
    "sff": "Motor"
  },
  {
    "docID": "N139 Collazos-Castro 2005",
    "et": "MotorNeurons",
    "off": 17608,
    "sff": "motor neurons"
  },
  {
    "docID": "N139 Collazos-Castro 2005",
    "et": "MotorNeurons",
    "off": 40994,
    "sff": "motor"
  },
  {
    "docID": "N139 Collazos-Castro 2005",
    "et": "MotorNeurons",
    "off": 32549,
    "sff": "motor"
  },
  {
    "docID": "N139 Collazos-Castro 2005",
    "et": "MotorNeurons",
    "off": 32168,
    "sff": "motor"
  },
  {
    "docID": "N139 Collazos-Castro 2005",
    "et": "MotorNeurons",
    "off": 32202,
    "sff": "motor"
  },
  {
    "docID": "N139 Collazos-Castro 2005",
    "et": "MotorNeurons",
    "off": 29902,
    "sff": "motor"
  },
  {
    "docID": "N139 Collazos-Castro 2005",
    "et": "MotorNeurons",
    "off": 32632,
    "sff": "motor neurons"
  },
  {
    "docID": "N139 Collazos-Castro 2005",
    "et": "MotorNeurons",
    "off": 42324,
    "sff": "motor"
  },
  {
    "docID": "N139 Collazos-Castro 2005",
    "et": "MotorNeurons",
    "off": 31996,
    "sff": "motor neurons"
  },
  {
    "docID": "N139 Collazos-Castro 2005",
    "et": "MotorNeurons",
    "off": 33084,
    "sff": "motor neurons"
  },
  {
    "docID": "N139 Collazos-Castro 2005",
    "et": "MotorNeurons",
    "off": 42455,
    "sff": "motor"
  },
  {
    "docID": "N139 Collazos-Castro 2005",
    "et": "MotorNeurons",
    "off": 29788,
    "sff": "motor"
  },
  {
    "docID": "N139 Collazos-Castro 2005",
    "et": "MotorNeurons",
    "off": 42685,
    "sff": "motor"
  },
  {
    "docID": "N139 Collazos-Castro 2005",
    "et": "MotorNeurons",
    "off": 36709,
    "sff": "Motor"
  },
  {
    "docID": "N139 Collazos-Castro 2005",
    "et": "Contusion",
    "off": 3538,
    "sff": "contusion"
  },
  {
    "docID": "N139 Collazos-Castro 2005",
    "et": "Contusion",
    "off": 11218,
    "sff": "contusion"
  },
  {
    "docID": "N139 Collazos-Castro 2005",
    "et": "Contusion",
    "off": 17175,
    "sff": "contusion"
  },
  {
    "docID": "N139 Collazos-Castro 2005",
    "et": "Contusion",
    "off": 587,
    "sff": "contusion"
  },
  {
    "docID": "N139 Collazos-Castro 2005",
    "et": "Contusion",
    "off": 9610,
    "sff": "contusion"
  },
  {
    "docID": "N139 Collazos-Castro 2005",
    "et": "Contusion",
    "off": 21006,
    "sff": "contusion"
  },
  {
    "docID": "N139 Collazos-Castro 2005",
    "et": "Contusion",
    "off": 7981,
    "sff": "Contusion"
  },
  {
    "docID": "N139 Collazos-Castro 2005",
    "et": "Contusion",
    "off": 5124,
    "sff": "contusion"
  },
  {
    "docID": "N139 Collazos-Castro 2005",
    "et": "Contusion",
    "off": 41221,
    "sff": "contusion"
  },
  {
    "docID": "N139 Collazos-Castro 2005",
    "et": "Contusion",
    "off": 39430,
    "sff": "contusion"
  },
  {
    "docID": "N139 Collazos-Castro 2005",
    "et": "Contusion",
    "off": 22524,
    "sff": "contusion"
  },
  {
    "docID": "N139 Collazos-Castro 2005",
    "et": "Contusion",
    "off": 58,
    "sff": "contusion"
  },
  {
    "docID": "N139 Collazos-Castro 2005",
    "et": "Contusion",
    "off": 22458,
    "sff": "contusion"
  },
  {
    "docID": "N139 Collazos-Castro 2005",
    "et": "Contusion",
    "off": 29114,
    "sff": "contusion"
  },
  {
    "docID": "N139 Collazos-Castro 2005",
    "et": "Contusion",
    "off": 16511,
    "sff": "contusion"
  },
  {
    "docID": "N139 Collazos-Castro 2005",
    "et": "Contusion",
    "off": 702,
    "sff": "contusion"
  },
  {
    "docID": "N139 Collazos-Castro 2005",
    "et": "Contusion",
    "off": 1717,
    "sff": "Contusion"
  },
  {
    "docID": "N139 Collazos-Castro 2005",
    "et": "Contusion",
    "off": 31934,
    "sff": "contusion"
  },
  {
    "docID": "N139 Collazos-Castro 2005",
    "et": "Contusion",
    "off": 4913,
    "sff": "contusion"
  },
  {
    "docID": "N139 Collazos-Castro 2005",
    "et": "Contusion",
    "off": 8299,
    "sff": "contusion"
  },
  {
    "docID": "N139 Collazos-Castro 2005",
    "et": "Contusion",
    "off": 13418,
    "sff": "contusion"
  },
  {
    "docID": "N139 Collazos-Castro 2005",
    "et": "Contusion",
    "off": 35376,
    "sff": "contusion"
  },
  {
    "docID": "N139 Collazos-Castro 2005",
    "et": "Contusion",
    "off": 22509,
    "sff": "contusion"
  },
  {
    "docID": "N139 Collazos-Castro 2005",
    "et": "Contusion",
    "off": 11246,
    "sff": "contusion"
  },
  {
    "docID": "N139 Collazos-Castro 2005",
    "et": "Contusion",
    "off": 41774,
    "sff": "contusion"
  },
  {
    "docID": "N139 Collazos-Castro 2005",
    "et": "Contusion",
    "off": 45155,
    "sff": "contusion"
  },
  {
    "docID": "N139 Collazos-Castro 2005",
    "et": "Contusion",
    "off": 37409,
    "sff": "contusion"
  },
  {
    "docID": "N139 Collazos-Castro 2005",
    "et": "Contusion",
    "off": 13223,
    "sff": "contusion"
  },
  {
    "docID": "N139 Collazos-Castro 2005",
    "et": "Contusion",
    "off": 24165,
    "sff": "contusion"
  },
  {
    "docID": "N139 Collazos-Castro 2005",
    "et": "Contusion",
    "off": 9126,
    "sff": "contusion"
  },
  {
    "docID": "N139 Collazos-Castro 2005",
    "et": "Contusion",
    "off": 21414,
    "sff": "contusion"
  },
  {
    "docID": "N139 Collazos-Castro 2005",
    "et": "Contusion",
    "off": 11167,
    "sff": "contusion"
  },
  {
    "docID": "N139 Collazos-Castro 2005",
    "et": "Contusion",
    "off": 4576,
    "sff": "contusion"
  },
  {
    "docID": "N139 Collazos-Castro 2005",
    "et": "Contusion",
    "off": 4061,
    "sff": "contusion"
  },
  {
    "docID": "N139 Collazos-Castro 2005",
    "et": "Contusion",
    "off": 8925,
    "sff": "contusion"
  },
  {
    "docID": "N139 Collazos-Castro 2005",
    "et": "Contusion",
    "off": 28573,
    "sff": "contusion"
  },
  {
    "docID": "N139 Collazos-Castro 2005",
    "et": "Contusion",
    "off": 5406,
    "sff": "contusion"
  },
  {
    "docID": "N139 Collazos-Castro 2005",
    "et": "LongTermCultivation",
    "off": 18964,
    "sff": "Long"
  },
  {
    "docID": "N139 Collazos-Castro 2005",
    "et": "LongTermCultivation",
    "off": 43227,
    "sff": "long"
  },
  {
    "docID": "N139 Collazos-Castro 2005",
    "et": "LongTermCultivation",
    "off": 5292,
    "sff": "long"
  },
  {
    "docID": "N139 Collazos-Castro 2005",
    "et": "LongTermCultivation",
    "off": 19144,
    "sff": "long"
  },
  {
    "docID": "N139 Collazos-Castro 2005",
    "et": "LongTermCultivation",
    "off": 25914,
    "sff": "long"
  },
  {
    "docID": "N139 Collazos-Castro 2005",
    "et": "LongTermCultivation",
    "off": 40875,
    "sff": "long-term"
  },
  {
    "docID": "N139 Collazos-Castro 2005",
    "et": "LongTermCultivation",
    "off": 8900,
    "sff": "long"
  },
  {
    "docID": "N139 Collazos-Castro 2005",
    "et": "LongTermCultivation",
    "off": 33636,
    "sff": "long"
  },
  {
    "docID": "N139 Collazos-Castro 2005",
    "et": "LongTermCultivation",
    "off": 16054,
    "sff": "long"
  },
  {
    "docID": "N139 Collazos-Castro 2005",
    "et": "Dosage",
    "off": 7519,
    "sff": "90%"
  },
  {
    "docID": "N139 Collazos-Castro 2005",
    "et": "Dosage",
    "off": 31973,
    "sff": "40%"
  },
  {
    "docID": "N139 Collazos-Castro 2005",
    "et": "Dosage",
    "off": 10069,
    "sff": "30%"
  },
  {
    "docID": "N139 Collazos-Castro 2005",
    "et": "Dosage",
    "off": 14447,
    "sff": "0.2 mm"
  },
  {
    "docID": "N139 Collazos-Castro 2005",
    "et": "Dosage",
    "off": 28659,
    "sff": "2.5 mm"
  },
  {
    "docID": "N139 Collazos-Castro 2005",
    "et": "Dosage",
    "off": 8577,
    "sff": "12.5 mm"
  },
  {
    "docID": "N139 Collazos-Castro 2005",
    "et": "Dosage",
    "off": 8548,
    "sff": "10-g"
  },
  {
    "docID": "N139 Collazos-Castro 2005",
    "et": "Dosage",
    "off": 8894,
    "sff": "25 mm"
  },
  {
    "docID": "N139 Collazos-Castro 2005",
    "et": "Dosage",
    "off": 28748,
    "sff": "500-mm"
  },
  {
    "docID": "N139 Collazos-Castro 2005",
    "et": "Dosage",
    "off": 16890,
    "sff": "3.6 mm"
  },
  {
    "docID": "N139 Collazos-Castro 2005",
    "et": "Dosage",
    "off": 9101,
    "sff": "0.5 mm"
  },
  {
    "docID": "N139 Collazos-Castro 2005",
    "et": "Dosage",
    "off": 8257,
    "sff": "50 mg/kg"
  },
  {
    "docID": "N139 Collazos-Castro 2005",
    "et": "Dosage",
    "off": 15363,
    "sff": "0.2 mm"
  },
  {
    "docID": "N139 Collazos-Castro 2005",
    "et": "Dosage",
    "off": 14406,
    "sff": "0.5 mm"
  },
  {
    "docID": "N139 Collazos-Castro 2005",
    "et": "Dosage",
    "off": 9283,
    "sff": "0.5 mm"
  },
  {
    "docID": "N139 Collazos-Castro 2005",
    "et": "Dosage",
    "off": 9793,
    "sff": "0.3 µl"
  },
  {
    "docID": "N139 Collazos-Castro 2005",
    "et": "Dosage",
    "off": 7716,
    "sff": "0.5 mg/ml"
  },
  {
    "docID": "N139 Collazos-Castro 2005",
    "et": "Dosage",
    "off": 6921,
    "sff": "5 mg/ml"
  },
  {
    "docID": "N139 Collazos-Castro 2005",
    "et": "Dosage",
    "off": 16332,
    "sff": "0.2 mm"
  },
  {
    "docID": "N139 Collazos-Castro 2005",
    "et": "Dosage",
    "off": 8281,
    "sff": "5 mg/kg"
  },
  {
    "docID": "N139 Collazos-Castro 2005",
    "et": "Dosage",
    "off": 21051,
    "sff": "0.5 mm"
  },
  {
    "docID": "N139 Collazos-Castro 2005",
    "et": "Dosage",
    "off": 9806,
    "sff": "10%"
  },
  {
    "docID": "N139 Collazos-Castro 2005",
    "et": "Dosage",
    "off": 9992,
    "sff": "4%"
  },
  {
    "docID": "N139 Collazos-Castro 2005",
    "et": "Dosage",
    "off": 8775,
    "sff": "1 mm"
  },
  {
    "docID": "N139 Collazos-Castro 2005",
    "et": "Dosage",
    "off": 15348,
    "sff": "0.5 mm"
  },
  {
    "docID": "N139 Collazos-Castro 2005",
    "et": "Dosage",
    "off": 8621,
    "sff": "3 mm"
  },
  {
    "docID": "N139 Collazos-Castro 2005",
    "et": "Dosage",
    "off": 16322,
    "sff": "1 mm"
  },
  {
    "docID": "N139 Collazos-Castro 2005",
    "et": "Dosage",
    "off": 16350,
    "sff": "0.05 mm"
  },
  {
    "docID": "N139 Collazos-Castro 2005",
    "et": "Dosage",
    "off": 6043,
    "sff": "10%"
  },
  {
    "docID": "N139 Collazos-Castro 2005",
    "et": "Dosage",
    "off": 14424,
    "sff": "0.05 mm"
  },
  {
    "docID": "N139 Collazos-Castro 2005",
    "et": "Dosage",
    "off": 9256,
    "sff": "0.5 mm"
  },
  {
    "docID": "N139 Collazos-Castro 2005",
    "et": "Dosage",
    "off": 13160,
    "sff": "0.5 mm"
  },
  {
    "docID": "N139 Collazos-Castro 2005",
    "et": "Dosage",
    "off": 16871,
    "sff": "0.49 mm"
  },
  {
    "docID": "N139 Collazos-Castro 2005",
    "et": "Dosage",
    "off": 17585,
    "sff": "40%"
  },
  {
    "docID": "N139 Collazos-Castro 2005",
    "et": "Dosage",
    "off": 21032,
    "sff": "0.5 mm"
  },
  {
    "docID": "N139 Collazos-Castro 2005",
    "et": "Dislocation",
    "off": 34956,
    "sff": "dislocation"
  },
  {
    "docID": "N139 Collazos-Castro 2005",
    "et": "Right",
    "off": 11073,
    "sff": "right"
  },
  {
    "docID": "N139 Collazos-Castro 2005",
    "et": "Right",
    "off": 9731,
    "sff": "right"
  },
  {
    "docID": "N139 Collazos-Castro 2005",
    "et": "Ventral",
    "off": 31042,
    "sff": "ventral"
  },
  {
    "docID": "N139 Collazos-Castro 2005",
    "et": "Vehicle",
    "off": 9509,
    "sff": "vehicle"
  },
  {
    "docID": "N139 Collazos-Castro 2005",
    "et": "TreatmentSite",
    "off": 404,
    "sff": "treatment"
  },
  {
    "docID": "N139 Collazos-Castro 2005",
    "et": "TreatmentSite",
    "off": 34795,
    "sff": "treatment"
  },
  {
    "docID": "N139 Collazos-Castro 2005",
    "et": "Longitudinal",
    "off": 15910,
    "sff": "longitudinal"
  },
  {
    "docID": "N139 Collazos-Castro 2005",
    "et": "Proliferation",
    "off": 42156,
    "sff": "proliferation"
  },
  {
    "docID": "N139 Collazos-Castro 2005",
    "et": "Duration",
    "off": 23049,
    "sff": "0.46 ± 0.04 seconds"
  },
  {
    "docID": "N139 Collazos-Castro 2005",
    "et": "Duration",
    "off": 9830,
    "sff": "0.1 M"
  },
  {
    "docID": "N139 Collazos-Castro 2005",
    "et": "Duration",
    "off": 13260,
    "sff": "3 months"
  },
  {
    "docID": "N139 Collazos-Castro 2005",
    "et": "Duration",
    "off": 14540,
    "sff": "3 months"
  },
  {
    "docID": "N139 Collazos-Castro 2005",
    "et": "Duration",
    "off": 23019,
    "sff": "0.26 ± 0.02 seconds"
  },
  {
    "docID": "N139 Collazos-Castro 2005",
    "et": "Duration",
    "off": 5386,
    "sff": "3 months"
  },
  {
    "docID": "N139 Collazos-Castro 2005",
    "et": "Duration",
    "off": 17911,
    "sff": "3 months"
  },
  {
    "docID": "N139 Collazos-Castro 2005",
    "et": "Duration",
    "off": 15480,
    "sff": "3 months"
  },
  {
    "docID": "N139 Collazos-Castro 2005",
    "et": "Duration",
    "off": 6815,
    "sff": "2 days"
  },
  {
    "docID": "N139 Collazos-Castro 2005",
    "et": "Duration",
    "off": 23096,
    "sff": "0.41 ± 0.04 seconds"
  },
  {
    "docID": "N139 Collazos-Castro 2005",
    "et": "Duration",
    "off": 1063,
    "sff": "2 weeks"
  },
  {
    "docID": "N139 Collazos-Castro 2005",
    "et": "Duration",
    "off": 6091,
    "sff": "48 hours"
  },
  {
    "docID": "N139 Collazos-Castro 2005",
    "et": "Duration",
    "off": 7167,
    "sff": "1 hour"
  },
  {
    "docID": "N139 Collazos-Castro 2005",
    "et": "Duration",
    "off": 7001,
    "sff": "12 hours"
  },
  {
    "docID": "N139 Collazos-Castro 2005",
    "et": "Duration",
    "off": 23398,
    "sff": "0.21 ± 0.01 m"
  },
  {
    "docID": "N139 Collazos-Castro 2005",
    "et": "Duration",
    "off": 25291,
    "sff": "3 weeks"
  },
  {
    "docID": "N139 Collazos-Castro 2005",
    "et": "Duration",
    "off": 21846,
    "sff": "2 weeks"
  },
  {
    "docID": "N139 Collazos-Castro 2005",
    "et": "Duration",
    "off": 18664,
    "sff": "3D"
  },
  {
    "docID": "N139 Collazos-Castro 2005",
    "et": "Duration",
    "off": 18120,
    "sff": "4D"
  },
  {
    "docID": "N139 Collazos-Castro 2005",
    "et": "Duration",
    "off": 868,
    "sff": "3 months"
  },
  {
    "docID": "N139 Collazos-Castro 2005",
    "et": "Duration",
    "off": 12833,
    "sff": "3 months"
  },
  {
    "docID": "N139 Collazos-Castro 2005",
    "et": "Duration",
    "off": 15010,
    "sff": "3 months"
  },
  {
    "docID": "N139 Collazos-Castro 2005",
    "et": "Duration",
    "off": 17304,
    "sff": "3 months"
  },
  {
    "docID": "N139 Collazos-Castro 2005",
    "et": "Duration",
    "off": 19219,
    "sff": "4D"
  },
  {
    "docID": "N139 Collazos-Castro 2005",
    "et": "Duration",
    "off": 5809,
    "sff": "6 hours"
  },
  {
    "docID": "N139 Collazos-Castro 2005",
    "et": "Duration",
    "off": 6211,
    "sff": "10 days"
  },
  {
    "docID": "N139 Collazos-Castro 2005",
    "et": "Duration",
    "off": 4048,
    "sff": "1 week"
  },
  {
    "docID": "N139 Collazos-Castro 2005",
    "et": "Duration",
    "off": 11152,
    "sff": "3 months"
  },
  {
    "docID": "N139 Collazos-Castro 2005",
    "et": "Duration",
    "off": 7741,
    "sff": "2 hours"
  },
  {
    "docID": "N139 Collazos-Castro 2005",
    "et": "Duration",
    "off": 10371,
    "sff": "0334D"
  },
  {
    "docID": "N139 Collazos-Castro 2005",
    "et": "LesionAdjacentTissue",
    "off": 19581,
    "sff": "lesion"
  },
  {
    "docID": "N139 Collazos-Castro 2005",
    "et": "LesionAdjacentTissue",
    "off": 15612,
    "sff": "lesion"
  },
  {
    "docID": "N139 Collazos-Castro 2005",
    "et": "LesionAdjacentTissue",
    "off": 20732,
    "sff": "lesion"
  },
  {
    "docID": "N139 Collazos-Castro 2005",
    "et": "LesionAdjacentTissue",
    "off": 12684,
    "sff": "adjacent"
  },
  {
    "docID": "N139 Collazos-Castro 2005",
    "et": "LesionAdjacentTissue",
    "off": 17266,
    "sff": "lesion"
  },
  {
    "docID": "N139 Collazos-Castro 2005",
    "et": "LesionAdjacentTissue",
    "off": 19702,
    "sff": "lesion"
  },
  {
    "docID": "N139 Collazos-Castro 2005",
    "et": "LesionAdjacentTissue",
    "off": 2805,
    "sff": "lesion"
  },
  {
    "docID": "N139 Collazos-Castro 2005",
    "et": "LesionAdjacentTissue",
    "off": 27893,
    "sff": "lesion"
  },
  {
    "docID": "N139 Collazos-Castro 2005",
    "et": "LesionAdjacentTissue",
    "off": 32491,
    "sff": "lesion"
  },
  {
    "docID": "N139 Collazos-Castro 2005",
    "et": "LesionAdjacentTissue",
    "off": 24810,
    "sff": "lesion"
  },
  {
    "docID": "N139 Collazos-Castro 2005",
    "et": "LesionAdjacentTissue",
    "off": 29162,
    "sff": "lesion"
  },
  {
    "docID": "N139 Collazos-Castro 2005",
    "et": "LesionAdjacentTissue",
    "off": 36576,
    "sff": "lesion"
  },
  {
    "docID": "N139 Collazos-Castro 2005",
    "et": "LesionAdjacentTissue",
    "off": 9304,
    "sff": "lesion"
  },
  {
    "docID": "N139 Collazos-Castro 2005",
    "et": "LesionAdjacentTissue",
    "off": 2898,
    "sff": "lesion"
  },
  {
    "docID": "N139 Collazos-Castro 2005",
    "et": "LesionAdjacentTissue",
    "off": 30546,
    "sff": "lesion"
  },
  {
    "docID": "N139 Collazos-Castro 2005",
    "et": "LesionAdjacentTissue",
    "off": 27594,
    "sff": "lesion"
  },
  {
    "docID": "N139 Collazos-Castro 2005",
    "et": "LesionAdjacentTissue",
    "off": 29263,
    "sff": "lesion"
  },
  {
    "docID": "N139 Collazos-Castro 2005",
    "et": "LesionAdjacentTissue",
    "off": 34895,
    "sff": "lesion"
  },
  {
    "docID": "N139 Collazos-Castro 2005",
    "et": "LesionAdjacentTissue",
    "off": 20429,
    "sff": "lesion"
  },
  {
    "docID": "N139 Collazos-Castro 2005",
    "et": "LesionAdjacentTissue",
    "off": 3138,
    "sff": "lesion"
  },
  {
    "docID": "N139 Collazos-Castro 2005",
    "et": "LesionAdjacentTissue",
    "off": 12864,
    "sff": "lesion"
  },
  {
    "docID": "N139 Collazos-Castro 2005",
    "et": "LesionAdjacentTissue",
    "off": 827,
    "sff": "lesion"
  },
  {
    "docID": "N139 Collazos-Castro 2005",
    "et": "LesionAdjacentTissue",
    "off": 13629,
    "sff": "lesion"
  },
  {
    "docID": "N139 Collazos-Castro 2005",
    "et": "LesionAdjacentTissue",
    "off": 18365,
    "sff": "lesion"
  },
  {
    "docID": "N139 Collazos-Castro 2005",
    "et": "LesionAdjacentTissue",
    "off": 27312,
    "sff": "lesion"
  },
  {
    "docID": "N139 Collazos-Castro 2005",
    "et": "LesionAdjacentTissue",
    "off": 28855,
    "sff": "lesion"
  },
  {
    "docID": "N139 Collazos-Castro 2005",
    "et": "LesionAdjacentTissue",
    "off": 17460,
    "sff": "lesion"
  },
  {
    "docID": "N139 Collazos-Castro 2005",
    "et": "LesionAdjacentTissue",
    "off": 28724,
    "sff": "lesion"
  },
  {
    "docID": "N139 Collazos-Castro 2005",
    "et": "LesionAdjacentTissue",
    "off": 2593,
    "sff": "lesion"
  },
  {
    "docID": "N139 Collazos-Castro 2005",
    "et": "LesionAdjacentTissue",
    "off": 19872,
    "sff": "lesion"
  },
  {
    "docID": "N139 Collazos-Castro 2005",
    "et": "LesionAdjacentTissue",
    "off": 15271,
    "sff": "lesion"
  },
  {
    "docID": "N139 Collazos-Castro 2005",
    "et": "LesionAdjacentTissue",
    "off": 15968,
    "sff": "adjacent"
  },
  {
    "docID": "N139 Collazos-Castro 2005",
    "et": "LesionAdjacentTissue",
    "off": 28455,
    "sff": "lesion"
  },
  {
    "docID": "N139 Collazos-Castro 2005",
    "et": "LesionAdjacentTissue",
    "off": 41627,
    "sff": "lesion"
  },
  {
    "docID": "N139 Collazos-Castro 2005",
    "et": "LesionAdjacentTissue",
    "off": 3865,
    "sff": "lesion"
  },
  {
    "docID": "N139 Collazos-Castro 2005",
    "et": "LesionAdjacentTissue",
    "off": 27417,
    "sff": "lesion"
  },
  {
    "docID": "N139 Collazos-Castro 2005",
    "et": "LesionAdjacentTissue",
    "off": 28959,
    "sff": "lesion"
  },
  {
    "docID": "N139 Collazos-Castro 2005",
    "et": "LesionAdjacentTissue",
    "off": 14995,
    "sff": "lesion"
  },
  {
    "docID": "N139 Collazos-Castro 2005",
    "et": "LesionAdjacentTissue",
    "off": 1426,
    "sff": "lesion"
  },
  {
    "docID": "N139 Collazos-Castro 2005",
    "et": "LesionAdjacentTissue",
    "off": 10642,
    "sff": "lesion"
  },
  {
    "docID": "N139 Collazos-Castro 2005",
    "et": "LesionAdjacentTissue",
    "off": 20496,
    "sff": "lesion"
  },
  {
    "docID": "N139 Collazos-Castro 2005",
    "et": "LesionAdjacentTissue",
    "off": 41393,
    "sff": "adjacent"
  },
  {
    "docID": "N139 Collazos-Castro 2005",
    "et": "LesionAdjacentTissue",
    "off": 17814,
    "sff": "lesion"
  },
  {
    "docID": "N139 Collazos-Castro 2005",
    "et": "LesionAdjacentTissue",
    "off": 31115,
    "sff": "lesion"
  },
  {
    "docID": "N139 Collazos-Castro 2005",
    "et": "LesionAdjacentTissue",
    "off": 12801,
    "sff": "lesion"
  },
  {
    "docID": "N139 Collazos-Castro 2005",
    "et": "LesionAdjacentTissue",
    "off": 14209,
    "sff": "lesion"
  },
  {
    "docID": "N139 Collazos-Castro 2005",
    "et": "LesionAdjacentTissue",
    "off": 34694,
    "sff": "lesion"
  },
  {
    "docID": "N139 Collazos-Castro 2005",
    "et": "LesionAdjacentTissue",
    "off": 21253,
    "sff": "lesion"
  },
  {
    "docID": "N139 Collazos-Castro 2005",
    "et": "LesionAdjacentTissue",
    "off": 34180,
    "sff": "lesion"
  },
  {
    "docID": "N139 Collazos-Castro 2005",
    "et": "SevereInjury",
    "off": 39411,
    "sff": "severe"
  },
  {
    "docID": "N139 Collazos-Castro 2005",
    "et": "CentralNervousSystem",
    "off": 34272,
    "sff": "Central nervous system"
  },
  {
    "docID": "N139 Collazos-Castro 2005",
    "et": "CentralNervousSystem",
    "off": 34272,
    "sff": "Central nervous"
  },
  {
    "docID": "N139 Collazos-Castro 2005",
    "et": "CentralNervousSystem",
    "off": 34814,
    "sff": "central nervous system"
  },
  {
    "docID": "N139 Collazos-Castro 2005",
    "et": "CentralNervousSystem",
    "off": 44392,
    "sff": "central nervous"
  },
  {
    "docID": "N139 Collazos-Castro 2005",
    "et": "CentralNervousSystem",
    "off": 32803,
    "sff": "nervous system"
  },
  {
    "docID": "N139 Collazos-Castro 2005",
    "et": "CentralNervousSystem",
    "off": 17022,
    "sff": "central"
  },
  {
    "docID": "N139 Collazos-Castro 2005",
    "et": "CentralNervousSystem",
    "off": 32803,
    "sff": "nervous"
  },
  {
    "docID": "N139 Collazos-Castro 2005",
    "et": "CentralNervousSystem",
    "off": 12762,
    "sff": "central"
  },
  {
    "docID": "N139 Collazos-Castro 2005",
    "et": "CentralNervousSystem",
    "off": 17530,
    "sff": "central"
  },
  {
    "docID": "N139 Collazos-Castro 2005",
    "et": "CentralNervousSystem",
    "off": 14232,
    "sff": "central"
  },
  {
    "docID": "N139 Collazos-Castro 2005",
    "et": "CentralNervousSystem",
    "off": 44392,
    "sff": "central nervous system"
  },
  {
    "docID": "N139 Collazos-Castro 2005",
    "et": "CentralNervousSystem",
    "off": 34814,
    "sff": "central nervous"
  },
  {
    "docID": "N139 Collazos-Castro 2005",
    "et": "Location",
    "off": 12724,
    "sff": "location"
  },
  {
    "docID": "N139 Collazos-Castro 2005",
    "et": "Location",
    "off": 12979,
    "sff": "location"
  },
  {
    "docID": "N139 Collazos-Castro 2005",
    "et": "Location",
    "off": 2609,
    "sff": "location"
  },
  {
    "docID": "N139 Collazos-Castro 2005",
    "et": "Location",
    "off": 9230,
    "sff": "location"
  },
  {
    "docID": "N139 Collazos-Castro 2005",
    "et": "WistarRat",
    "off": 669,
    "sff": "Wistar rats"
  },
  {
    "docID": "N139 Collazos-Castro 2005",
    "et": "WistarRat",
    "off": 669,
    "sff": "Wistar"
  },
  {
    "docID": "N139 Collazos-Castro 2005",
    "et": "WistarRat",
    "off": 5615,
    "sff": "Wistar rats"
  },
  {
    "docID": "N139 Collazos-Castro 2005",
    "et": "WistarRat",
    "off": 5615,
    "sff": "Wistar"
  },
  {
    "docID": "N139 Collazos-Castro 2005",
    "et": "SpinalCentralPart",
    "off": 12762,
    "sff": "central"
  },
  {
    "docID": "N139 Collazos-Castro 2005",
    "et": "SpinalCentralPart",
    "off": 17530,
    "sff": "central"
  },
  {
    "docID": "N139 Collazos-Castro 2005",
    "et": "SpinalCentralPart",
    "off": 17022,
    "sff": "central"
  },
  {
    "docID": "N139 Collazos-Castro 2005",
    "et": "SpinalCentralPart",
    "off": 34814,
    "sff": "central"
  },
  {
    "docID": "N139 Collazos-Castro 2005",
    "et": "SpinalCentralPart",
    "off": 44392,
    "sff": "central"
  },
  {
    "docID": "N139 Collazos-Castro 2005",
    "et": "SpinalCentralPart",
    "off": 14232,
    "sff": "central part"
  },
  {
    "docID": "N139 Collazos-Castro 2005",
    "et": "SpinalCentralPart",
    "off": 34272,
    "sff": "Central"
  },
  {
    "docID": "N139 Collazos-Castro 2005",
    "et": "InjuryArea",
    "off": 27424,
    "sff": "area"
  },
  {
    "docID": "N139 Collazos-Castro 2005",
    "et": "InjuryArea",
    "off": 14785,
    "sff": "area"
  },
  {
    "docID": "N139 Collazos-Castro 2005",
    "et": "AnatomicalLocation",
    "off": 36091,
    "sff": "anatomical"
  },
  {
    "docID": "N139 Collazos-Castro 2005",
    "et": "MildInjury",
    "off": 4904,
    "sff": "mild"
  },
  {
    "docID": "N139 Collazos-Castro 2005",
    "et": "MildInjury",
    "off": 31929,
    "sff": "mild"
  },
  {
    "docID": "N139 Collazos-Castro 2005",
    "et": "MildInjury",
    "off": 5401,
    "sff": "mild"
  },
  {
    "docID": "N139 Collazos-Castro 2005",
    "et": "MildInjury",
    "off": 8294,
    "sff": "mild"
  },
  {
    "docID": "N139 Collazos-Castro 2005",
    "et": "MildInjury",
    "off": 693,
    "sff": "mild"
  },
  {
    "docID": "N139 Collazos-Castro 2005",
    "et": "MildInjury",
    "off": 21409,
    "sff": "mild"
  },
  {
    "docID": "N139 Collazos-Castro 2005",
    "et": "MedicationDuringSurgery",
    "off": 5003,
    "sff": "during"
  },
  {
    "docID": "N139 Collazos-Castro 2005",
    "et": "MedicationDuringSurgery",
    "off": 22694,
    "sff": "During"
  },
  {
    "docID": "N139 Collazos-Castro 2005",
    "et": "MedicationDuringSurgery",
    "off": 23237,
    "sff": "during"
  },
  {
    "docID": "N139 Collazos-Castro 2005",
    "et": "MedicationDuringSurgery",
    "off": 31518,
    "sff": "during"
  },
  {
    "docID": "N139 Collazos-Castro 2005",
    "et": "Brain",
    "off": 26053,
    "sff": "brain"
  },
  {
    "docID": "N139 Collazos-Castro 2005",
    "et": "Brain",
    "off": 37051,
    "sff": "Brain"
  },
  {
    "docID": "N139 Collazos-Castro 2005",
    "et": "Brain",
    "off": 35237,
    "sff": "Brain"
  },
  {
    "docID": "N139 Collazos-Castro 2005",
    "et": "Brain",
    "off": 44885,
    "sff": "Brain"
  },
  {
    "docID": "N139 Collazos-Castro 2005",
    "et": "Brain",
    "off": 45077,
    "sff": "Brain"
  },
  {
    "docID": "N139 Collazos-Castro 2005",
    "et": "Brain",
    "off": 38969,
    "sff": "brain"
  },
  {
    "docID": "N139 Collazos-Castro 2005",
    "et": "Brain",
    "off": 43793,
    "sff": "Brain"
  },
  {
    "docID": "N139 Collazos-Castro 2005",
    "et": "Brain",
    "off": 42372,
    "sff": "Brain"
  },
  {
    "docID": "N139 Collazos-Castro 2005",
    "et": "AscendingFiberTract",
    "off": 20168,
    "sff": "Fiber"
  },
  {
    "docID": "N139 Collazos-Castro 2005",
    "et": "AscendingFiberTract",
    "off": 33041,
    "sff": "ascending"
  },
  {
    "docID": "N139 Collazos-Castro 2005",
    "et": "SpinalWhiteMatter",
    "off": 14743,
    "sff": "white"
  },
  {
    "docID": "N139 Collazos-Castro 2005",
    "et": "SpinalWhiteMatter",
    "off": 17136,
    "sff": "white matter"
  },
  {
    "docID": "N139 Collazos-Castro 2005",
    "et": "Dorsal",
    "off": 749,
    "sff": "dorsal"
  },
  {
    "docID": "N139 Collazos-Castro 2005",
    "et": "Dorsal",
    "off": 14919,
    "sff": "Dorsal"
  },
  {
    "docID": "N139 Collazos-Castro 2005",
    "et": "Dorsal",
    "off": 41613,
    "sff": "dorsal"
  },
  {
    "docID": "N139 Collazos-Castro 2005",
    "et": "Dorsal",
    "off": 20358,
    "sff": "Dorsal"
  },
  {
    "docID": "N139 Collazos-Castro 2005",
    "et": "Dorsal",
    "off": 30895,
    "sff": "dorsal"
  },
  {
    "docID": "N139 Collazos-Castro 2005",
    "et": "Dorsal",
    "off": 39753,
    "sff": "dorsal"
  },
  {
    "docID": "N139 Collazos-Castro 2005",
    "et": "Dorsal",
    "off": 15809,
    "sff": "Dorsal"
  },
  {
    "docID": "N139 Collazos-Castro 2005",
    "et": "Dorsal",
    "off": 38539,
    "sff": "dorsal"
  },
  {
    "docID": "N139 Collazos-Castro 2005",
    "et": "Dorsal",
    "off": 17106,
    "sff": "dorsal"
  },
  {
    "docID": "N139 Collazos-Castro 2005",
    "et": "Dorsal",
    "off": 17506,
    "sff": "dorsal"
  },
  {
    "docID": "N139 Collazos-Castro 2005",
    "et": "VestibulospinalTract",
    "off": 4192,
    "sff": "vestibulospinal"
  },
  {
    "docID": "N139 Collazos-Castro 2005",
    "et": "MeasurementOfIncreasingTemperature",
    "off": 22902,
    "sff": "increasing"
  },
  {
    "docID": "N139 Collazos-Castro 2005",
    "et": "MeasurementOfIncreasingTemperature",
    "off": 10609,
    "sff": "Measurement"
  },
  {
    "docID": "N139 Collazos-Castro 2005",
    "et": "MeasurementOfIncreasingTemperature",
    "off": 22156,
    "sff": "increasing"
  },
  {
    "docID": "N139 Collazos-Castro 2005",
    "et": "MeasurementOfIncreasingTemperature",
    "off": 30804,
    "sff": "measurement"
  },
  {
    "docID": "N139 Collazos-Castro 2005",
    "et": "MeasurementOfIncreasingTemperature",
    "off": 31717,
    "sff": "measurement"
  },
  {
    "docID": "N139 Collazos-Castro 2005",
    "et": "Antibody",
    "off": 39095,
    "sff": "antibody"
  },
  {
    "docID": "N139 Collazos-Castro 2005",
    "et": "Purification",
    "off": 38864,
    "sff": "purification"
  },
  {
    "docID": "N139 Collazos-Castro 2005",
    "et": "Purification",
    "off": 5483,
    "sff": "Purification"
  },
  {
    "docID": "N139 Collazos-Castro 2005",
    "et": "Purification",
    "off": 6293,
    "sff": "purification"
  },
  {
    "docID": "N139 Collazos-Castro 2005",
    "et": "Purification",
    "off": 7457,
    "sff": "purification"
  },
  {
    "docID": "N139 Collazos-Castro 2005",
    "et": "UmbilicalCordBloodStemCell",
    "off": 28484,
    "sff": "blood"
  },
  {
    "docID": "N139 Collazos-Castro 2005",
    "et": "ContusionType",
    "off": 22458,
    "sff": "contusion"
  },
  {
    "docID": "N139 Collazos-Castro 2005",
    "et": "ContusionType",
    "off": 29114,
    "sff": "contusion"
  },
  {
    "docID": "N139 Collazos-Castro 2005",
    "et": "ContusionType",
    "off": 58,
    "sff": "contusion"
  },
  {
    "docID": "N139 Collazos-Castro 2005",
    "et": "ContusionType",
    "off": 702,
    "sff": "contusion"
  },
  {
    "docID": "N139 Collazos-Castro 2005",
    "et": "ContusionType",
    "off": 16511,
    "sff": "contusion"
  },
  {
    "docID": "N139 Collazos-Castro 2005",
    "et": "ContusionType",
    "off": 22524,
    "sff": "contusion"
  },
  {
    "docID": "N139 Collazos-Castro 2005",
    "et": "ContusionType",
    "off": 1717,
    "sff": "Contusion"
  },
  {
    "docID": "N139 Collazos-Castro 2005",
    "et": "ContusionType",
    "off": 31934,
    "sff": "contusion"
  },
  {
    "docID": "N139 Collazos-Castro 2005",
    "et": "ContusionType",
    "off": 5124,
    "sff": "contusion"
  },
  {
    "docID": "N139 Collazos-Castro 2005",
    "et": "ContusionType",
    "off": 9610,
    "sff": "contusion"
  },
  {
    "docID": "N139 Collazos-Castro 2005",
    "et": "ContusionType",
    "off": 41221,
    "sff": "contusion"
  },
  {
    "docID": "N139 Collazos-Castro 2005",
    "et": "ContusionType",
    "off": 39430,
    "sff": "contusion"
  },
  {
    "docID": "N139 Collazos-Castro 2005",
    "et": "ContusionType",
    "off": 587,
    "sff": "contusion"
  },
  {
    "docID": "N139 Collazos-Castro 2005",
    "et": "ContusionType",
    "off": 11218,
    "sff": "contusion"
  },
  {
    "docID": "N139 Collazos-Castro 2005",
    "et": "ContusionType",
    "off": 3538,
    "sff": "contusion"
  },
  {
    "docID": "N139 Collazos-Castro 2005",
    "et": "ContusionType",
    "off": 21006,
    "sff": "contusion"
  },
  {
    "docID": "N139 Collazos-Castro 2005",
    "et": "ContusionType",
    "off": 17175,
    "sff": "contusion"
  },
  {
    "docID": "N139 Collazos-Castro 2005",
    "et": "ContusionType",
    "off": 5406,
    "sff": "contusion"
  },
  {
    "docID": "N139 Collazos-Castro 2005",
    "et": "ContusionType",
    "off": 11167,
    "sff": "contusion"
  },
  {
    "docID": "N139 Collazos-Castro 2005",
    "et": "ContusionType",
    "off": 4061,
    "sff": "contusion"
  },
  {
    "docID": "N139 Collazos-Castro 2005",
    "et": "ContusionType",
    "off": 37409,
    "sff": "contusion"
  },
  {
    "docID": "N139 Collazos-Castro 2005",
    "et": "ContusionType",
    "off": 4576,
    "sff": "contusion"
  },
  {
    "docID": "N139 Collazos-Castro 2005",
    "et": "ContusionType",
    "off": 8925,
    "sff": "contusion"
  },
  {
    "docID": "N139 Collazos-Castro 2005",
    "et": "ContusionType",
    "off": 28573,
    "sff": "contusion"
  },
  {
    "docID": "N139 Collazos-Castro 2005",
    "et": "ContusionType",
    "off": 13223,
    "sff": "contusion"
  },
  {
    "docID": "N139 Collazos-Castro 2005",
    "et": "ContusionType",
    "off": 13418,
    "sff": "contusion"
  },
  {
    "docID": "N139 Collazos-Castro 2005",
    "et": "ContusionType",
    "off": 45155,
    "sff": "contusion"
  },
  {
    "docID": "N139 Collazos-Castro 2005",
    "et": "ContusionType",
    "off": 24165,
    "sff": "contusion"
  },
  {
    "docID": "N139 Collazos-Castro 2005",
    "et": "ContusionType",
    "off": 7981,
    "sff": "Contusion"
  },
  {
    "docID": "N139 Collazos-Castro 2005",
    "et": "ContusionType",
    "off": 9126,
    "sff": "contusion"
  },
  {
    "docID": "N139 Collazos-Castro 2005",
    "et": "ContusionType",
    "off": 21414,
    "sff": "contusion"
  },
  {
    "docID": "N139 Collazos-Castro 2005",
    "et": "ContusionType",
    "off": 35376,
    "sff": "contusion"
  },
  {
    "docID": "N139 Collazos-Castro 2005",
    "et": "ContusionType",
    "off": 8299,
    "sff": "contusion"
  },
  {
    "docID": "N139 Collazos-Castro 2005",
    "et": "ContusionType",
    "off": 4913,
    "sff": "contusion"
  },
  {
    "docID": "N139 Collazos-Castro 2005",
    "et": "ContusionType",
    "off": 22509,
    "sff": "contusion"
  },
  {
    "docID": "N139 Collazos-Castro 2005",
    "et": "ContusionType",
    "off": 11246,
    "sff": "contusion"
  },
  {
    "docID": "N139 Collazos-Castro 2005",
    "et": "ContusionType",
    "off": 41774,
    "sff": "contusion"
  },
  {
    "docID": "N139 Collazos-Castro 2005",
    "et": "RadiofrequencyLesionDevice",
    "off": 27312,
    "sff": "lesion"
  },
  {
    "docID": "N139 Collazos-Castro 2005",
    "et": "RadiofrequencyLesionDevice",
    "off": 17266,
    "sff": "lesion"
  },
  {
    "docID": "N139 Collazos-Castro 2005",
    "et": "RadiofrequencyLesionDevice",
    "off": 17460,
    "sff": "lesion"
  },
  {
    "docID": "N139 Collazos-Castro 2005",
    "et": "RadiofrequencyLesionDevice",
    "off": 28724,
    "sff": "lesion"
  },
  {
    "docID": "N139 Collazos-Castro 2005",
    "et": "RadiofrequencyLesionDevice",
    "off": 2805,
    "sff": "lesion"
  },
  {
    "docID": "N139 Collazos-Castro 2005",
    "et": "RadiofrequencyLesionDevice",
    "off": 27893,
    "sff": "lesion"
  },
  {
    "docID": "N139 Collazos-Castro 2005",
    "et": "RadiofrequencyLesionDevice",
    "off": 19702,
    "sff": "lesion"
  },
  {
    "docID": "N139 Collazos-Castro 2005",
    "et": "RadiofrequencyLesionDevice",
    "off": 28855,
    "sff": "lesion"
  },
  {
    "docID": "N139 Collazos-Castro 2005",
    "et": "RadiofrequencyLesionDevice",
    "off": 827,
    "sff": "lesion"
  },
  {
    "docID": "N139 Collazos-Castro 2005",
    "et": "RadiofrequencyLesionDevice",
    "off": 15612,
    "sff": "lesion"
  },
  {
    "docID": "N139 Collazos-Castro 2005",
    "et": "RadiofrequencyLesionDevice",
    "off": 20732,
    "sff": "lesion"
  },
  {
    "docID": "N139 Collazos-Castro 2005",
    "et": "RadiofrequencyLesionDevice",
    "off": 13629,
    "sff": "lesion"
  },
  {
    "docID": "N139 Collazos-Castro 2005",
    "et": "RadiofrequencyLesionDevice",
    "off": 18365,
    "sff": "lesion"
  },
  {
    "docID": "N139 Collazos-Castro 2005",
    "et": "RadiofrequencyLesionDevice",
    "off": 19581,
    "sff": "lesion"
  },
  {
    "docID": "N139 Collazos-Castro 2005",
    "et": "RadiofrequencyLesionDevice",
    "off": 12864,
    "sff": "lesion"
  },
  {
    "docID": "N139 Collazos-Castro 2005",
    "et": "RadiofrequencyLesionDevice",
    "off": 12801,
    "sff": "lesion"
  },
  {
    "docID": "N139 Collazos-Castro 2005",
    "et": "RadiofrequencyLesionDevice",
    "off": 14209,
    "sff": "lesion"
  },
  {
    "docID": "N139 Collazos-Castro 2005",
    "et": "RadiofrequencyLesionDevice",
    "off": 3138,
    "sff": "lesion"
  },
  {
    "docID": "N139 Collazos-Castro 2005",
    "et": "RadiofrequencyLesionDevice",
    "off": 34180,
    "sff": "lesion"
  },
  {
    "docID": "N139 Collazos-Castro 2005",
    "et": "RadiofrequencyLesionDevice",
    "off": 21253,
    "sff": "lesion"
  },
  {
    "docID": "N139 Collazos-Castro 2005",
    "et": "RadiofrequencyLesionDevice",
    "off": 34694,
    "sff": "lesion"
  },
  {
    "docID": "N139 Collazos-Castro 2005",
    "et": "RadiofrequencyLesionDevice",
    "off": 27594,
    "sff": "lesion"
  },
  {
    "docID": "N139 Collazos-Castro 2005",
    "et": "RadiofrequencyLesionDevice",
    "off": 31115,
    "sff": "lesion"
  },
  {
    "docID": "N139 Collazos-Castro 2005",
    "et": "RadiofrequencyLesionDevice",
    "off": 20429,
    "sff": "lesion"
  },
  {
    "docID": "N139 Collazos-Castro 2005",
    "et": "RadiofrequencyLesionDevice",
    "off": 29263,
    "sff": "lesion"
  },
  {
    "docID": "N139 Collazos-Castro 2005",
    "et": "RadiofrequencyLesionDevice",
    "off": 34895,
    "sff": "lesion"
  },
  {
    "docID": "N139 Collazos-Castro 2005",
    "et": "RadiofrequencyLesionDevice",
    "off": 20496,
    "sff": "lesion"
  },
  {
    "docID": "N139 Collazos-Castro 2005",
    "et": "RadiofrequencyLesionDevice",
    "off": 1426,
    "sff": "lesion"
  },
  {
    "docID": "N139 Collazos-Castro 2005",
    "et": "RadiofrequencyLesionDevice",
    "off": 2898,
    "sff": "lesion"
  },
  {
    "docID": "N139 Collazos-Castro 2005",
    "et": "RadiofrequencyLesionDevice",
    "off": 10642,
    "sff": "lesion"
  },
  {
    "docID": "N139 Collazos-Castro 2005",
    "et": "RadiofrequencyLesionDevice",
    "off": 30546,
    "sff": "lesion"
  },
  {
    "docID": "N139 Collazos-Castro 2005",
    "et": "RadiofrequencyLesionDevice",
    "off": 14995,
    "sff": "lesion"
  },
  {
    "docID": "N139 Collazos-Castro 2005",
    "et": "RadiofrequencyLesionDevice",
    "off": 17814,
    "sff": "lesion"
  },
  {
    "docID": "N139 Collazos-Castro 2005",
    "et": "RadiofrequencyLesionDevice",
    "off": 9304,
    "sff": "lesion"
  },
  {
    "docID": "N139 Collazos-Castro 2005",
    "et": "RadiofrequencyLesionDevice",
    "off": 3865,
    "sff": "lesion"
  },
  {
    "docID": "N139 Collazos-Castro 2005",
    "et": "RadiofrequencyLesionDevice",
    "off": 27417,
    "sff": "lesion"
  },
  {
    "docID": "N139 Collazos-Castro 2005",
    "et": "RadiofrequencyLesionDevice",
    "off": 41627,
    "sff": "lesion"
  },
  {
    "docID": "N139 Collazos-Castro 2005",
    "et": "RadiofrequencyLesionDevice",
    "off": 28959,
    "sff": "lesion"
  },
  {
    "docID": "N139 Collazos-Castro 2005",
    "et": "RadiofrequencyLesionDevice",
    "off": 19872,
    "sff": "lesion"
  },
  {
    "docID": "N139 Collazos-Castro 2005",
    "et": "RadiofrequencyLesionDevice",
    "off": 36576,
    "sff": "lesion"
  },
  {
    "docID": "N139 Collazos-Castro 2005",
    "et": "RadiofrequencyLesionDevice",
    "off": 2593,
    "sff": "lesion"
  },
  {
    "docID": "N139 Collazos-Castro 2005",
    "et": "RadiofrequencyLesionDevice",
    "off": 15271,
    "sff": "lesion"
  },
  {
    "docID": "N139 Collazos-Castro 2005",
    "et": "RadiofrequencyLesionDevice",
    "off": 28455,
    "sff": "lesion"
  },
  {
    "docID": "N139 Collazos-Castro 2005",
    "et": "RadiofrequencyLesionDevice",
    "off": 24810,
    "sff": "lesion"
  },
  {
    "docID": "N139 Collazos-Castro 2005",
    "et": "RadiofrequencyLesionDevice",
    "off": 29162,
    "sff": "lesion"
  },
  {
    "docID": "N139 Collazos-Castro 2005",
    "et": "RadiofrequencyLesionDevice",
    "off": 32491,
    "sff": "lesion"
  },
  {
    "docID": "N139 Collazos-Castro 2005",
    "et": "GlialCell",
    "off": 36351,
    "sff": "glial"
  },
  {
    "docID": "N139 Collazos-Castro 2005",
    "et": "GlialCell",
    "off": 42823,
    "sff": "Glial"
  },
  {
    "docID": "N139 Collazos-Castro 2005",
    "et": "SpinalGrayMatter",
    "off": 17538,
    "sff": "gray matter"
  },
  {
    "docID": "N139 Collazos-Castro 2005",
    "et": "CompressionType",
    "off": 36610,
    "sff": "compression"
  },
  {
    "docID": "N139 Collazos-Castro 2005",
    "et": "PostSurgeryCondition",
    "off": 34871,
    "sff": "Surgery"
  },
  {
    "docID": "N139 Collazos-Castro 2005",
    "et": "RatSpecies",
    "off": 37213,
    "sff": "rat"
  },
  {
    "docID": "N139 Collazos-Castro 2005",
    "et": "RatSpecies",
    "off": 42846,
    "sff": "rat"
  },
  {
    "docID": "N139 Collazos-Castro 2005",
    "et": "RatSpecies",
    "off": 36636,
    "sff": "rat"
  },
  {
    "docID": "N139 Collazos-Castro 2005",
    "et": "RatSpecies",
    "off": 40667,
    "sff": "rat"
  },
  {
    "docID": "N139 Collazos-Castro 2005",
    "et": "RatSpecies",
    "off": 38561,
    "sff": "rat"
  },
  {
    "docID": "N139 Collazos-Castro 2005",
    "et": "RatSpecies",
    "off": 41377,
    "sff": "rat"
  },
  {
    "docID": "N139 Collazos-Castro 2005",
    "et": "RatSpecies",
    "off": 39775,
    "sff": "rat"
  },
  {
    "docID": "N139 Collazos-Castro 2005",
    "et": "RatSpecies",
    "off": 30304,
    "sff": "rat"
  },
  {
    "docID": "N139 Collazos-Castro 2005",
    "et": "RatSpecies",
    "off": 41641,
    "sff": "rat"
  },
  {
    "docID": "N139 Collazos-Castro 2005",
    "et": "RatSpecies",
    "off": 42320,
    "sff": "rat"
  },
  {
    "docID": "N139 Collazos-Castro 2005",
    "et": "RatSpecies",
    "off": 2704,
    "sff": "rat"
  },
  {
    "docID": "N139 Collazos-Castro 2005",
    "et": "RatSpecies",
    "off": 8980,
    "sff": "rat"
  },
  {
    "docID": "N139 Collazos-Castro 2005",
    "et": "RatSpecies",
    "off": 43481,
    "sff": "rat"
  },
  {
    "docID": "N139 Collazos-Castro 2005",
    "et": "RatSpecies",
    "off": 41240,
    "sff": "rat"
  },
  {
    "docID": "N139 Collazos-Castro 2005",
    "et": "RatSpecies",
    "off": 40512,
    "sff": "rat"
  },
  {
    "docID": "N139 Collazos-Castro 2005",
    "et": "RatSpecies",
    "off": 43071,
    "sff": "rat"
  },
  {
    "docID": "N139 Collazos-Castro 2005",
    "et": "RatSpecies",
    "off": 44804,
    "sff": "rat"
  },
  {
    "docID": "N139 Collazos-Castro 2005",
    "et": "RatSpecies",
    "off": 40906,
    "sff": "rat"
  },
  {
    "docID": "N139 Collazos-Castro 2005",
    "et": "RatSpecies",
    "off": 35402,
    "sff": "rat"
  },
  {
    "docID": "N139 Collazos-Castro 2005",
    "et": "RatSpecies",
    "off": 21388,
    "sff": "Rat"
  },
  {
    "docID": "N139 Collazos-Castro 2005",
    "et": "RatSpecies",
    "off": 14088,
    "sff": "rat"
  },
  {
    "docID": "N139 Collazos-Castro 2005",
    "et": "RatSpecies",
    "off": 44999,
    "sff": "rat"
  },
  {
    "docID": "N139 Collazos-Castro 2005",
    "et": "RatSpecies",
    "off": 37426,
    "sff": "rat"
  },
  {
    "docID": "N139 Collazos-Castro 2005",
    "et": "RatSpecies",
    "off": 37746,
    "sff": "rat"
  },
  {
    "docID": "N139 Collazos-Castro 2005",
    "et": "RatSpecies",
    "off": 43252,
    "sff": "rat"
  },
  {
    "docID": "N139 Collazos-Castro 2005",
    "et": "RatSpecies",
    "off": 45172,
    "sff": "rat"
  },
  {
    "docID": "N139 Collazos-Castro 2005",
    "et": "RatSpecies",
    "off": 16567,
    "sff": "rat"
  },
  {
    "docID": "N139 Collazos-Castro 2005",
    "et": "InjuryIntensity",
    "off": 35555,
    "sff": "intensity"
  },
  {
    "docID": "N139 Collazos-Castro 2005",
    "et": "Caudal",
    "off": 21058,
    "sff": "caudal"
  },
  {
    "docID": "N139 Collazos-Castro 2005",
    "et": "Caudal",
    "off": 9290,
    "sff": "caudal"
  },
  {
    "docID": "N139 Collazos-Castro 2005",
    "et": "SchwannCell",
    "off": 19921,
    "sff": "Schwann"
  },
  {
    "docID": "N139 Collazos-Castro 2005",
    "et": "SchwannCell",
    "off": 29522,
    "sff": "Schwann"
  },
  {
    "docID": "N139 Collazos-Castro 2005",
    "et": "SchwannCell",
    "off": 19502,
    "sff": "Schwann"
  },
  {
    "docID": "N139 Collazos-Castro 2005",
    "et": "SchwannCell",
    "off": 27861,
    "sff": "Schwann cell"
  },
  {
    "docID": "N139 Collazos-Castro 2005",
    "et": "SchwannCell",
    "off": 28023,
    "sff": "Schwann"
  },
  {
    "docID": "N139 Collazos-Castro 2005",
    "et": "SchwannCell",
    "off": 43349,
    "sff": "Schwann cell"
  },
  {
    "docID": "N139 Collazos-Castro 2005",
    "et": "SchwannCell",
    "off": 27510,
    "sff": "Schwann cell"
  },
  {
    "docID": "N139 Collazos-Castro 2005",
    "et": "SchwannCell",
    "off": 26549,
    "sff": "Schwann"
  },
  {
    "docID": "N139 Collazos-Castro 2005",
    "et": "SchwannCell",
    "off": 39193,
    "sff": "Schwann cell"
  },
  {
    "docID": "N139 Collazos-Castro 2005",
    "et": "SchwannCell",
    "off": 25748,
    "sff": "Schwann"
  },
  {
    "docID": "N139 Collazos-Castro 2005",
    "et": "SchwannCell",
    "off": 26015,
    "sff": "Schwann cell"
  },
  {
    "docID": "N139 Collazos-Castro 2005",
    "et": "SchwannCell",
    "off": 44543,
    "sff": "Schwann"
  },
  {
    "docID": "N139 Collazos-Castro 2005",
    "et": "SchwannCell",
    "off": 36542,
    "sff": "Schwann cell"
  },
  {
    "docID": "N139 Collazos-Castro 2005",
    "et": "SchwannCell",
    "off": 40000,
    "sff": "Schwann"
  },
  {
    "docID": "N139 Collazos-Castro 2005",
    "et": "SchwannCell",
    "off": 26333,
    "sff": "Schwann"
  },
  {
    "docID": "N139 Collazos-Castro 2005",
    "et": "SchwannCell",
    "off": 41187,
    "sff": "Schwann cell"
  },
  {
    "docID": "N139 Collazos-Castro 2005",
    "et": "SchwannCell",
    "off": 37960,
    "sff": "Schwann cell"
  },
  {
    "docID": "N139 Collazos-Castro 2005",
    "et": "SchwannCell",
    "off": 25575,
    "sff": "Schwann"
  },
  {
    "docID": "N139 Collazos-Castro 2005",
    "et": "SchwannCell",
    "off": 26214,
    "sff": "Schwann"
  },
  {
    "docID": "N139 Collazos-Castro 2005",
    "et": "SchwannCell",
    "off": 36262,
    "sff": "Schwann"
  },
  {
    "docID": "N139 Collazos-Castro 2005",
    "et": "NewZealandRabbit",
    "off": 36347,
    "sff": "new"
  },
  {
    "docID": "N139 Collazos-Castro 2005",
    "et": "NewZealandRabbit",
    "off": 37102,
    "sff": "new"
  },
  {
    "docID": "N139 Collazos-Castro 2005",
    "et": "SigmaAldrich",
    "off": 6930,
    "sff": "Sigma-Aldrich"
  },
  {
    "docID": "N139 Collazos-Castro 2005",
    "et": "SigmaAldrich",
    "off": 10331,
    "sff": "Sigma-Aldrich"
  },
  {
    "docID": "N139 Collazos-Castro 2005",
    "et": "DescendingFiberTract",
    "off": 33026,
    "sff": "descending"
  },
  {
    "docID": "N139 Collazos-Castro 2005",
    "et": "DescendingFiberTract",
    "off": 20168,
    "sff": "Fiber"
  },
  {
    "docID": "N139 Collazos-Castro 2005",
    "et": "PartialTransection",
    "off": 41021,
    "sff": "partial"
  },
  {
    "docID": "N139 Collazos-Castro 2005",
    "et": "PartialTransection",
    "off": 32960,
    "sff": "partial"
  },
  {
    "docID": "N139 Collazos-Castro 2005",
    "et": "PartialTransection",
    "off": 32570,
    "sff": "partial"
  },
  {
    "docID": "N139 Collazos-Castro 2005",
    "et": "Thoracic",
    "off": 43485,
    "sff": "thoracic"
  },
  {
    "docID": "N139 Collazos-Castro 2005",
    "et": "Thoracic",
    "off": 4030,
    "sff": "thoracic"
  },
  {
    "docID": "N139 Collazos-Castro 2005",
    "et": "Thoracic",
    "off": 4834,
    "sff": "thoracic"
  },
  {
    "docID": "N139 Collazos-Castro 2005",
    "et": "Thoracic",
    "off": 24722,
    "sff": "thoracic"
  },
  {
    "docID": "N139 Collazos-Castro 2005",
    "et": "Thoracic",
    "off": 3508,
    "sff": "thoracic"
  },
  {
    "docID": "N139 Collazos-Castro 2005",
    "et": "Compression",
    "off": 36610,
    "sff": "compression"
  },
  {
    "docID": "N139 Collazos-Castro 2005",
    "et": "GreenFluorescentProtein",
    "off": 18148,
    "sff": "fluorescent"
  },
  {
    "docID": "N139 Collazos-Castro 2005",
    "et": "GreenFluorescentProtein",
    "off": 14324,
    "sff": "green"
  },
  {
    "docID": "N139 Collazos-Castro 2005",
    "et": "GreenFluorescentProtein",
    "off": 18313,
    "sff": "fluorescent"
  },
  {
    "docID": "N139 Collazos-Castro 2005",
    "et": "GreenFluorescentProtein",
    "off": 13959,
    "sff": "green"
  },
  {
    "docID": "N139 Collazos-Castro 2005",
    "et": "GreenFluorescentProtein",
    "off": 14137,
    "sff": "green"
  },
  {
    "docID": "N139 Collazos-Castro 2005",
    "et": "GreenFluorescentProtein",
    "off": 15177,
    "sff": "green"
  },
  {
    "docID": "N139 Collazos-Castro 2005",
    "et": "GreenFluorescentProtein",
    "off": 6860,
    "sff": "Fluorescent"
  },
  {
    "docID": "N139 Collazos-Castro 2005",
    "et": "StemCellSourceType",
    "off": 37724,
    "sff": "cell"
  },
  {
    "docID": "N139 Collazos-Castro 2005",
    "et": "StemCellSourceType",
    "off": 27869,
    "sff": "cell"
  },
  {
    "docID": "N139 Collazos-Castro 2005",
    "et": "StemCellSourceType",
    "off": 43357,
    "sff": "cell"
  },
  {
    "docID": "N139 Collazos-Castro 2005",
    "et": "StemCellSourceType",
    "off": 6872,
    "sff": "cell"
  },
  {
    "docID": "N139 Collazos-Castro 2005",
    "et": "StemCellSourceType",
    "off": 17638,
    "sff": "Cell"
  },
  {
    "docID": "N139 Collazos-Castro 2005",
    "et": "StemCellSourceType",
    "off": 18918,
    "sff": "cell"
  },
  {
    "docID": "N139 Collazos-Castro 2005",
    "et": "StemCellSourceType",
    "off": 44000,
    "sff": "cell"
  },
  {
    "docID": "N139 Collazos-Castro 2005",
    "et": "StemCellSourceType",
    "off": 44573,
    "sff": "Cell"
  },
  {
    "docID": "N139 Collazos-Castro 2005",
    "et": "StemCellSourceType",
    "off": 39201,
    "sff": "cell"
  },
  {
    "docID": "N139 Collazos-Castro 2005",
    "et": "StemCellSourceType",
    "off": 41195,
    "sff": "cell"
  },
  {
    "docID": "N139 Collazos-Castro 2005",
    "et": "StemCellSourceType",
    "off": 4647,
    "sff": "cell"
  },
  {
    "docID": "N139 Collazos-Castro 2005",
    "et": "StemCellSourceType",
    "off": 26023,
    "sff": "cell"
  },
  {
    "docID": "N139 Collazos-Castro 2005",
    "et": "StemCellSourceType",
    "off": 1322,
    "sff": "cell"
  },
  {
    "docID": "N139 Collazos-Castro 2005",
    "et": "StemCellSourceType",
    "off": 22390,
    "sff": "cell"
  },
  {
    "docID": "N139 Collazos-Castro 2005",
    "et": "StemCellSourceType",
    "off": 9084,
    "sff": "cell"
  },
  {
    "docID": "N139 Collazos-Castro 2005",
    "et": "StemCellSourceType",
    "off": 27518,
    "sff": "cell"
  },
  {
    "docID": "N139 Collazos-Castro 2005",
    "et": "StemCellSourceType",
    "off": 2115,
    "sff": "cell"
  },
  {
    "docID": "N139 Collazos-Castro 2005",
    "et": "StemCellSourceType",
    "off": 26372,
    "sff": "cell"
  },
  {
    "docID": "N139 Collazos-Castro 2005",
    "et": "StemCellSourceType",
    "off": 36550,
    "sff": "cell"
  },
  {
    "docID": "N139 Collazos-Castro 2005",
    "et": "StemCellSourceType",
    "off": 331,
    "sff": "cell"
  },
  {
    "docID": "N139 Collazos-Castro 2005",
    "et": "StemCellSourceType",
    "off": 7435,
    "sff": "cell"
  },
  {
    "docID": "N139 Collazos-Castro 2005",
    "et": "StemCellSourceType",
    "off": 9166,
    "sff": "cell"
  },
  {
    "docID": "N139 Collazos-Castro 2005",
    "et": "StemCellSourceType",
    "off": 35155,
    "sff": "cell"
  },
  {
    "docID": "N139 Collazos-Castro 2005",
    "et": "StemCellSourceType",
    "off": 38291,
    "sff": "cell"
  },
  {
    "docID": "N139 Collazos-Castro 2005",
    "et": "StemCellSourceType",
    "off": 9493,
    "sff": "cell"
  },
  {
    "docID": "N139 Collazos-Castro 2005",
    "et": "StemCellSourceType",
    "off": 37968,
    "sff": "cell"
  },
  {
    "docID": "N139 Collazos-Castro 2005",
    "et": "StemCellSourceType",
    "off": 6288,
    "sff": "cell"
  },
  {
    "docID": "N139 Collazos-Castro 2005",
    "et": "StemCellSourceType",
    "off": 25104,
    "sff": "cell"
  },
  {
    "docID": "N139 Collazos-Castro 2005",
    "et": "StemCellSourceType",
    "off": 26704,
    "sff": "cell"
  },
  {
    "docID": "N139 Collazos-Castro 2005",
    "et": "StemCellSourceType",
    "off": 6674,
    "sff": "cell"
  },
  {
    "docID": "N139 Collazos-Castro 2005",
    "et": "InVitroExperimentalProcedure",
    "off": 40033,
    "sff": "vitro"
  },
  {
    "docID": "N139 Collazos-Castro 2005",
    "et": "InVitroExperimentalProcedure",
    "off": 34882,
    "sff": "experimental"
  },
  {
    "docID": "N139 Collazos-Castro 2005",
    "et": "InVitroExperimentalProcedure",
    "off": 35488,
    "sff": "experimental"
  },
  {
    "docID": "N139 Collazos-Castro 2005",
    "et": "InVitroExperimentalProcedure",
    "off": 28292,
    "sff": "vitro"
  },
  {
    "docID": "N139 Collazos-Castro 2005",
    "et": "InVitroExperimentalProcedure",
    "off": 3030,
    "sff": "experimental"
  },
  {
    "docID": "N139 Collazos-Castro 2005",
    "et": "InVitroExperimentalProcedure",
    "off": 8150,
    "sff": "experimental"
  },
  {
    "docID": "N139 Collazos-Castro 2005",
    "et": "InVitroExperimentalProcedure",
    "off": 8019,
    "sff": "experimental"
  },
  {
    "docID": "N139 Collazos-Castro 2005",
    "et": "InVitroExperimentalProcedure",
    "off": 3389,
    "sff": "Experimental"
  },
  {
    "docID": "N139 Collazos-Castro 2005",
    "et": "InVitroExperimentalProcedure",
    "off": 16420,
    "sff": "experimental"
  },
  {
    "docID": "N139 Collazos-Castro 2005",
    "et": "MeasurementOfDecreasingTemperature",
    "off": 31717,
    "sff": "measurement"
  },
  {
    "docID": "N139 Collazos-Castro 2005",
    "et": "MeasurementOfDecreasingTemperature",
    "off": 30804,
    "sff": "measurement"
  },
  {
    "docID": "N139 Collazos-Castro 2005",
    "et": "MeasurementOfDecreasingTemperature",
    "off": 10609,
    "sff": "Measurement"
  },
  {
    "docID": "N139 Collazos-Castro 2005",
    "et": "VentralInjuryArea",
    "off": 31042,
    "sff": "ventral"
  },
  {
    "docID": "N139 Collazos-Castro 2005",
    "et": "Cyst",
    "off": 18226,
    "sff": "cyst"
  },
  {
    "docID": "N139 Collazos-Castro 2005",
    "et": "Cyst",
    "off": 14726,
    "sff": "cyst"
  },
  {
    "docID": "N139 Collazos-Castro 2005",
    "et": "Cyst",
    "off": 15839,
    "sff": "cyst"
  },
  {
    "docID": "N139 Collazos-Castro 2005",
    "et": "AllenWeightDropDevice",
    "off": 16368,
    "sff": "weight-drop"
  },
  {
    "docID": "N139 Collazos-Castro 2005",
    "et": "AllenWeightDropDevice",
    "off": 29024,
    "sff": "weight-drop"
  },
  {
    "docID": "N139 Collazos-Castro 2005",
    "et": "AllenWeightDropDevice",
    "off": 41762,
    "sff": "weight-drop"
  },
  {
    "docID": "N139 Collazos-Castro 2005",
    "et": "AllenWeightDropDevice",
    "off": 23890,
    "sff": "weight"
  },
  {
    "docID": "N139 Collazos-Castro 2005",
    "et": "AllenWeightDropDevice",
    "off": 8553,
    "sff": "weight"
  },
  {
    "docID": "N139 Collazos-Castro 2005",
    "et": "AllenWeightDropDevice",
    "off": 8383,
    "sff": "Allen"
  },
  {
    "docID": "N139 Collazos-Castro 2005",
    "et": "AllenWeightDropDevice",
    "off": 28537,
    "sff": "weight-drop"
  },
  {
    "docID": "N139 Collazos-Castro 2005",
    "et": "AllenWeightDropDevice",
    "off": 34862,
    "sff": "Allen"
  },
  {
    "docID": "N139 Collazos-Castro 2005",
    "et": "AllenWeightDropDevice",
    "off": 32076,
    "sff": "weight"
  },
  {
    "docID": "N139 Collazos-Castro 2005",
    "et": "AllenWeightDropDevice",
    "off": 8358,
    "sff": "weight-drop"
  },
  {
    "docID": "N139 Collazos-Castro 2005",
    "et": "AllenWeightDropDevice",
    "off": 9679,
    "sff": "weight"
  },
  {
    "docID": "N139 Collazos-Castro 2005",
    "et": "LongEvansRat",
    "off": 33636,
    "sff": "long"
  },
  {
    "docID": "N139 Collazos-Castro 2005",
    "et": "LongEvansRat",
    "off": 5292,
    "sff": "long"
  },
  {
    "docID": "N139 Collazos-Castro 2005",
    "et": "LongEvansRat",
    "off": 16054,
    "sff": "long"
  },
  {
    "docID": "N139 Collazos-Castro 2005",
    "et": "LongEvansRat",
    "off": 18964,
    "sff": "Long"
  },
  {
    "docID": "N139 Collazos-Castro 2005",
    "et": "LongEvansRat",
    "off": 19144,
    "sff": "long"
  },
  {
    "docID": "N139 Collazos-Castro 2005",
    "et": "LongEvansRat",
    "off": 25914,
    "sff": "long"
  },
  {
    "docID": "N139 Collazos-Castro 2005",
    "et": "LongEvansRat",
    "off": 43227,
    "sff": "long"
  },
  {
    "docID": "N139 Collazos-Castro 2005",
    "et": "LongEvansRat",
    "off": 8900,
    "sff": "long"
  },
  {
    "docID": "N139 Collazos-Castro 2005",
    "et": "DislocationType",
    "off": 34956,
    "sff": "dislocation"
  },
  {
    "docID": "N139 Collazos-Castro 2005",
    "et": "Cell",
    "off": 9166,
    "sff": "cell"
  },
  {
    "docID": "N139 Collazos-Castro 2005",
    "et": "Cell",
    "off": 25104,
    "sff": "cell"
  },
  {
    "docID": "N139 Collazos-Castro 2005",
    "et": "Cell",
    "off": 26704,
    "sff": "cell"
  },
  {
    "docID": "N139 Collazos-Castro 2005",
    "et": "Cell",
    "off": 37968,
    "sff": "cell"
  },
  {
    "docID": "N139 Collazos-Castro 2005",
    "et": "Cell",
    "off": 6288,
    "sff": "cell"
  },
  {
    "docID": "N139 Collazos-Castro 2005",
    "et": "Cell",
    "off": 331,
    "sff": "cell"
  },
  {
    "docID": "N139 Collazos-Castro 2005",
    "et": "Cell",
    "off": 7435,
    "sff": "cell"
  },
  {
    "docID": "N139 Collazos-Castro 2005",
    "et": "Cell",
    "off": 9493,
    "sff": "cell"
  },
  {
    "docID": "N139 Collazos-Castro 2005",
    "et": "Cell",
    "off": 6872,
    "sff": "cell"
  },
  {
    "docID": "N139 Collazos-Castro 2005",
    "et": "Cell",
    "off": 6674,
    "sff": "cell"
  },
  {
    "docID": "N139 Collazos-Castro 2005",
    "et": "Cell",
    "off": 35155,
    "sff": "cell"
  },
  {
    "docID": "N139 Collazos-Castro 2005",
    "et": "Cell",
    "off": 38291,
    "sff": "cell"
  },
  {
    "docID": "N139 Collazos-Castro 2005",
    "et": "Cell",
    "off": 27518,
    "sff": "cell"
  },
  {
    "docID": "N139 Collazos-Castro 2005",
    "et": "Cell",
    "off": 9084,
    "sff": "cell"
  },
  {
    "docID": "N139 Collazos-Castro 2005",
    "et": "Cell",
    "off": 36550,
    "sff": "cell"
  },
  {
    "docID": "N139 Collazos-Castro 2005",
    "et": "Cell",
    "off": 2115,
    "sff": "cell"
  },
  {
    "docID": "N139 Collazos-Castro 2005",
    "et": "Cell",
    "off": 26372,
    "sff": "cell"
  },
  {
    "docID": "N139 Collazos-Castro 2005",
    "et": "Cell",
    "off": 1322,
    "sff": "cell"
  },
  {
    "docID": "N139 Collazos-Castro 2005",
    "et": "Cell",
    "off": 41195,
    "sff": "cell"
  },
  {
    "docID": "N139 Collazos-Castro 2005",
    "et": "Cell",
    "off": 22390,
    "sff": "cell"
  },
  {
    "docID": "N139 Collazos-Castro 2005",
    "et": "Cell",
    "off": 27869,
    "sff": "cell"
  },
  {
    "docID": "N139 Collazos-Castro 2005",
    "et": "Cell",
    "off": 43357,
    "sff": "cell"
  },
  {
    "docID": "N139 Collazos-Castro 2005",
    "et": "Cell",
    "off": 44000,
    "sff": "cell"
  },
  {
    "docID": "N139 Collazos-Castro 2005",
    "et": "Cell",
    "off": 37724,
    "sff": "cell"
  },
  {
    "docID": "N139 Collazos-Castro 2005",
    "et": "Cell",
    "off": 17638,
    "sff": "Cell"
  },
  {
    "docID": "N139 Collazos-Castro 2005",
    "et": "Cell",
    "off": 18918,
    "sff": "cell"
  },
  {
    "docID": "N139 Collazos-Castro 2005",
    "et": "Cell",
    "off": 4647,
    "sff": "cell"
  },
  {
    "docID": "N139 Collazos-Castro 2005",
    "et": "Cell",
    "off": 26023,
    "sff": "cell"
  },
  {
    "docID": "N139 Collazos-Castro 2005",
    "et": "Cell",
    "off": 39201,
    "sff": "cell"
  },
  {
    "docID": "N139 Collazos-Castro 2005",
    "et": "Cell",
    "off": 44573,
    "sff": "Cell"
  },
  {
    "docID": "N139 Collazos-Castro 2005",
    "et": "Labeling",
    "off": 28176,
    "sff": "labeling"
  },
  {
    "docID": "N139 Collazos-Castro 2005",
    "et": "Labeling",
    "off": 6877,
    "sff": "labeling"
  },
  {
    "docID": "N139 Collazos-Castro 2005",
    "et": "SpinalDorsalHalf",
    "off": 749,
    "sff": "dorsal"
  },
  {
    "docID": "N139 Collazos-Castro 2005",
    "et": "SpinalDorsalHalf",
    "off": 14919,
    "sff": "Dorsal"
  },
  {
    "docID": "N139 Collazos-Castro 2005",
    "et": "SpinalDorsalHalf",
    "off": 41613,
    "sff": "dorsal"
  },
  {
    "docID": "N139 Collazos-Castro 2005",
    "et": "SpinalDorsalHalf",
    "off": 20358,
    "sff": "Dorsal"
  },
  {
    "docID": "N139 Collazos-Castro 2005",
    "et": "SpinalDorsalHalf",
    "off": 30895,
    "sff": "dorsal"
  },
  {
    "docID": "N139 Collazos-Castro 2005",
    "et": "SpinalDorsalHalf",
    "off": 39753,
    "sff": "dorsal"
  },
  {
    "docID": "N139 Collazos-Castro 2005",
    "et": "SpinalDorsalHalf",
    "off": 15809,
    "sff": "Dorsal"
  },
  {
    "docID": "N139 Collazos-Castro 2005",
    "et": "SpinalDorsalHalf",
    "off": 38539,
    "sff": "dorsal"
  },
  {
    "docID": "N139 Collazos-Castro 2005",
    "et": "SpinalDorsalHalf",
    "off": 17106,
    "sff": "dorsal"
  },
  {
    "docID": "N139 Collazos-Castro 2005",
    "et": "SpinalDorsalHalf",
    "off": 17506,
    "sff": "dorsal"
  },
  {
    "docID": "N139 Collazos-Castro 2005",
    "et": "17BetaEstradiolE2",
    "off": 41862,
    "sff": "17"
  },
  {
    "docID": "N139 Collazos-Castro 2005",
    "et": "17BetaEstradiolE2",
    "off": 36752,
    "sff": "17"
  },
  {
    "docID": "N139 Collazos-Castro 2005",
    "et": "17BetaEstradiolE2",
    "off": 38352,
    "sff": "17"
  },
  {
    "docID": "N139 Collazos-Castro 2005",
    "et": "17BetaEstradiolE2",
    "off": 37884,
    "sff": "17"
  },
  {
    "docID": "N139 Collazos-Castro 2005",
    "et": "17BetaEstradiolE2",
    "off": 41867,
    "sff": "17"
  },
  {
    "docID": "N139 Collazos-Castro 2005",
    "et": "Cervical",
    "off": 24565,
    "sff": "cervical"
  },
  {
    "docID": "N139 Collazos-Castro 2005",
    "et": "Cervical",
    "off": 3252,
    "sff": "cervical"
  },
  {
    "docID": "N139 Collazos-Castro 2005",
    "et": "Cervical",
    "off": 4500,
    "sff": "cervical"
  },
  {
    "docID": "N139 Collazos-Castro 2005",
    "et": "Cervical",
    "off": 4814,
    "sff": "cervical"
  },
  {
    "docID": "N139 Collazos-Castro 2005",
    "et": "Cervical",
    "off": 43757,
    "sff": "cervical"
  },
  {
    "docID": "N139 Collazos-Castro 2005",
    "et": "Cervical",
    "off": 40233,
    "sff": "cervical"
  },
  {
    "docID": "N139 Collazos-Castro 2005",
    "et": "Cervical",
    "off": 37548,
    "sff": "cervical"
  },
  {
    "docID": "N139 Collazos-Castro 2005",
    "et": "Cervical",
    "off": 43660,
    "sff": "cervical"
  },
  {
    "docID": "N139 Collazos-Castro 2005",
    "et": "Cervical",
    "off": 37,
    "sff": "cervical"
  },
  {
    "docID": "N139 Collazos-Castro 2005",
    "et": "Cervical",
    "off": 12613,
    "sff": "cervical"
  },
  {
    "docID": "N139 Collazos-Castro 2005",
    "et": "Cervical",
    "off": 38565,
    "sff": "cervical"
  },
  {
    "docID": "N139 Collazos-Castro 2005",
    "et": "Cervical",
    "off": 10017,
    "sff": "cervical"
  },
  {
    "docID": "N139 Collazos-Castro 2005",
    "et": "Cervical",
    "off": 29599,
    "sff": "cervical"
  },
  {
    "docID": "N139 Collazos-Castro 2005",
    "et": "Cervical",
    "off": 4412,
    "sff": "cervical"
  },
  {
    "docID": "N139 Collazos-Castro 2005",
    "et": "Cervical",
    "off": 30492,
    "sff": "cervical"
  },
  {
    "docID": "N139 Collazos-Castro 2005",
    "et": "CompleteTransectionType",
    "off": 37185,
    "sff": "complete transection"
  },
  {
    "docID": "N139 Collazos-Castro 2005",
    "et": "CompleteTransectionType",
    "off": 38073,
    "sff": "complete transection"
  },
  {
    "docID": "N139 Collazos-Castro 2005",
    "et": "CompleteTransectionType",
    "off": 26297,
    "sff": "transection"
  },
  {
    "docID": "N139 Collazos-Castro 2005",
    "et": "CompleteTransectionType",
    "off": 41510,
    "sff": "Complete"
  },
  {
    "docID": "N139 Collazos-Castro 2005",
    "et": "CompleteTransectionType",
    "off": 41428,
    "sff": "transection"
  },
  {
    "docID": "N139 Collazos-Castro 2005",
    "et": "CompleteTransectionType",
    "off": 24758,
    "sff": "transection"
  },
  {
    "docID": "N139 Collazos-Castro 2005",
    "et": "ExperimentalProcedure",
    "off": 35488,
    "sff": "experimental"
  },
  {
    "docID": "N139 Collazos-Castro 2005",
    "et": "ExperimentalProcedure",
    "off": 8019,
    "sff": "experimental"
  },
  {
    "docID": "N139 Collazos-Castro 2005",
    "et": "ExperimentalProcedure",
    "off": 34882,
    "sff": "experimental"
  },
  {
    "docID": "N139 Collazos-Castro 2005",
    "et": "ExperimentalProcedure",
    "off": 3389,
    "sff": "Experimental"
  },
  {
    "docID": "N139 Collazos-Castro 2005",
    "et": "ExperimentalProcedure",
    "off": 16420,
    "sff": "experimental"
  },
  {
    "docID": "N139 Collazos-Castro 2005",
    "et": "ExperimentalProcedure",
    "off": 3030,
    "sff": "experimental"
  },
  {
    "docID": "N139 Collazos-Castro 2005",
    "et": "ExperimentalProcedure",
    "off": 8150,
    "sff": "experimental"
  },
  {
    "docID": "N139 Collazos-Castro 2005",
    "et": "BodyTemperatureMeasurement",
    "off": 31490,
    "sff": "body"
  },
  {
    "docID": "N139 Collazos-Castro 2005",
    "et": "BodyTemperatureMeasurement",
    "off": 37729,
    "sff": "body"
  },
  {
    "docID": "N139 Collazos-Castro 2005",
    "et": "BodyTemperatureMeasurement",
    "off": 22790,
    "sff": "body"
  },
  {
    "docID": "N139 Collazos-Castro 2005",
    "et": "BodyTemperatureMeasurement",
    "off": 4652,
    "sff": "body"
  },
  {
    "docID": "N139 Collazos-Castro 2005",
    "et": "BodyTemperatureMeasurement",
    "off": 21803,
    "sff": "body"
  },
  {
    "docID": "N139 Collazos-Castro 2005",
    "et": "BodyTemperatureMeasurement",
    "off": 22107,
    "sff": "body"
  },
  {
    "docID": "N139 Collazos-Castro 2005",
    "et": "BodyTemperatureMeasurement",
    "off": 31707,
    "sff": "body"
  },
  {
    "docID": "N139 Collazos-Castro 2005",
    "et": "BodyTemperatureMeasurement",
    "off": 23232,
    "sff": "body"
  },
  {
    "docID": "N139 Collazos-Castro 2005",
    "et": "BodyTemperatureMeasurement",
    "off": 4990,
    "sff": "body"
  },
  {
    "docID": "N139 Collazos-Castro 2005",
    "et": "BodyTemperatureMeasurement",
    "off": 23885,
    "sff": "body"
  },
  {
    "docID": "N139 Collazos-Castro 2005",
    "et": "UnilateralInjuryArea",
    "off": 45035,
    "sff": "unilateral"
  },
  {
    "docID": "N139 Collazos-Castro 2005",
    "et": "ElectrolyticLesion",
    "off": 24579,
    "sff": "electrolytic"
  },
  {
    "docID": "N139 Collazos-Castro 2005",
    "et": "ElectrolyticLesion",
    "off": 2792,
    "sff": "electrolytic lesion"
  },
  {
    "docID": "N139 Collazos-Castro 2005",
    "et": "ElectrolyticLesion",
    "off": 28711,
    "sff": "electrolytic lesion"
  },
  {
    "docID": "N139 Collazos-Castro 2005",
    "et": "PartialTransectionType",
    "off": 32960,
    "sff": "partial"
  },
  {
    "docID": "N139 Collazos-Castro 2005",
    "et": "PartialTransectionType",
    "off": 38082,
    "sff": "transection"
  },
  {
    "docID": "N139 Collazos-Castro 2005",
    "et": "PartialTransectionType",
    "off": 41428,
    "sff": "transection"
  },
  {
    "docID": "N139 Collazos-Castro 2005",
    "et": "PartialTransectionType",
    "off": 41021,
    "sff": "partial"
  },
  {
    "docID": "N139 Collazos-Castro 2005",
    "et": "PartialTransectionType",
    "off": 24758,
    "sff": "transection"
  },
  {
    "docID": "N139 Collazos-Castro 2005",
    "et": "PartialTransectionType",
    "off": 26297,
    "sff": "transection"
  },
  {
    "docID": "N139 Collazos-Castro 2005",
    "et": "PartialTransectionType",
    "off": 37194,
    "sff": "transection"
  },
  {
    "docID": "N139 Collazos-Castro 2005",
    "et": "PartialTransectionType",
    "off": 32570,
    "sff": "partial"
  },
  {
    "docID": "N139 Collazos-Castro 2005",
    "et": "CorticospinalTract",
    "off": 1352,
    "sff": "Corticospinal"
  },
  {
    "docID": "N139 Collazos-Castro 2005",
    "et": "CorticospinalTract",
    "off": 40671,
    "sff": "corticospinal tract"
  },
  {
    "docID": "N139 Collazos-Castro 2005",
    "et": "CorticospinalTract",
    "off": 40805,
    "sff": "corticospinal"
  },
  {
    "docID": "N139 Collazos-Castro 2005",
    "et": "CorticospinalTract",
    "off": 29355,
    "sff": "Corticospinal"
  },
  {
    "docID": "N139 Collazos-Castro 2005",
    "et": "CorticospinalTract",
    "off": 21211,
    "sff": "corticospinal"
  },
  {
    "docID": "N139 Collazos-Castro 2005",
    "et": "CorticospinalTract",
    "off": 39158,
    "sff": "corticospinal tract"
  },
  {
    "docID": "N139 Collazos-Castro 2005",
    "et": "CorticospinalTract",
    "off": 756,
    "sff": "corticospinal tract"
  },
  {
    "docID": "N139 Collazos-Castro 2005",
    "et": "CorticospinalTract",
    "off": 3764,
    "sff": "corticospinal"
  },
  {
    "docID": "N139 Collazos-Castro 2005",
    "et": "CorticospinalTract",
    "off": 40516,
    "sff": "corticospinal"
  },
  {
    "docID": "N139 Collazos-Castro 2005",
    "et": "CorticospinalTract",
    "off": 44324,
    "sff": "corticospinal"
  },
  {
    "docID": "N139 Collazos-Castro 2005",
    "et": "BrainDerivedNeurotrophicFactor",
    "off": 35237,
    "sff": "Brain"
  },
  {
    "docID": "N139 Collazos-Castro 2005",
    "et": "BrainDerivedNeurotrophicFactor",
    "off": 44885,
    "sff": "Brain"
  },
  {
    "docID": "N139 Collazos-Castro 2005",
    "et": "BrainDerivedNeurotrophicFactor",
    "off": 45077,
    "sff": "Brain"
  },
  {
    "docID": "N139 Collazos-Castro 2005",
    "et": "BrainDerivedNeurotrophicFactor",
    "off": 38969,
    "sff": "brain"
  },
  {
    "docID": "N139 Collazos-Castro 2005",
    "et": "BrainDerivedNeurotrophicFactor",
    "off": 43793,
    "sff": "Brain"
  },
  {
    "docID": "N139 Collazos-Castro 2005",
    "et": "BrainDerivedNeurotrophicFactor",
    "off": 42372,
    "sff": "Brain"
  },
  {
    "docID": "N139 Collazos-Castro 2005",
    "et": "BrainDerivedNeurotrophicFactor",
    "off": 37051,
    "sff": "Brain"
  },
  {
    "docID": "N139 Collazos-Castro 2005",
    "et": "BrainDerivedNeurotrophicFactor",
    "off": 26053,
    "sff": "brain"
  },
  {
    "docID": "N139 Collazos-Castro 2005",
    "et": "VentralHemisection",
    "off": 31042,
    "sff": "ventral"
  },
  {
    "docID": "N139 Collazos-Castro 2005",
    "et": "CompleteInjuryArea",
    "off": 38073,
    "sff": "complete"
  },
  {
    "docID": "N139 Collazos-Castro 2005",
    "et": "CompleteInjuryArea",
    "off": 41510,
    "sff": "Complete"
  },
  {
    "docID": "N139 Collazos-Castro 2005",
    "et": "CompleteInjuryArea",
    "off": 37185,
    "sff": "complete"
  },
  {
    "docID": "N139 Collazos-Castro 2005",
    "et": "ChemicalInjury",
    "off": 10345,
    "sff": "Chemical"
  },
  {
    "docID": "N139 Collazos-Castro 2005",
    "et": "ChemicalInjury",
    "off": 6945,
    "sff": "Chemical"
  }
]
