[
  {
    "docID": "N145 Fouad 2005",
    "et": "BrainNucleus",
    "off": 40651,
    "sff": "brain"
  },
  {
    "docID": "N145 Fouad 2005",
    "et": "BrainNucleus",
    "off": 21692,
    "sff": "brain"
  },
  {
    "docID": "N145 Fouad 2005",
    "et": "BrainNucleus",
    "off": 58736,
    "sff": "Brain"
  },
  {
    "docID": "N145 Fouad 2005",
    "et": "BrainNucleus",
    "off": 52593,
    "sff": "Brain"
  },
  {
    "docID": "N145 Fouad 2005",
    "et": "BrainNucleus",
    "off": 20808,
    "sff": "brain"
  },
  {
    "docID": "N145 Fouad 2005",
    "et": "BrainNucleus",
    "off": 57068,
    "sff": "Brain"
  },
  {
    "docID": "N145 Fouad 2005",
    "et": "BrainNucleus",
    "off": 56258,
    "sff": "brain"
  },
  {
    "docID": "N145 Fouad 2005",
    "et": "BrainNucleus",
    "off": 54851,
    "sff": "brain"
  },
  {
    "docID": "N145 Fouad 2005",
    "et": "BrainNucleus",
    "off": 51465,
    "sff": "Brain"
  },
  {
    "docID": "N145 Fouad 2005",
    "et": "BrainNucleus",
    "off": 58726,
    "sff": "Brain"
  },
  {
    "docID": "N145 Fouad 2005",
    "et": "BrainNucleus",
    "off": 48119,
    "sff": "Brain"
  },
  {
    "docID": "N145 Fouad 2005",
    "et": "CompleteTransection",
    "off": 47879,
    "sff": "complete transection"
  },
  {
    "docID": "N145 Fouad 2005",
    "et": "CompleteTransection",
    "off": 8553,
    "sff": "complete"
  },
  {
    "docID": "N145 Fouad 2005",
    "et": "CompleteTransection",
    "off": 40525,
    "sff": "complete"
  },
  {
    "docID": "N145 Fouad 2005",
    "et": "CompleteTransection",
    "off": 49165,
    "sff": "complete"
  },
  {
    "docID": "N145 Fouad 2005",
    "et": "CompleteTransection",
    "off": 50893,
    "sff": "complete"
  },
  {
    "docID": "N145 Fouad 2005",
    "et": "CompleteTransection",
    "off": 124,
    "sff": "Complete Transection"
  },
  {
    "docID": "N145 Fouad 2005",
    "et": "CompleteTransection",
    "off": 29055,
    "sff": "complete"
  },
  {
    "docID": "N145 Fouad 2005",
    "et": "CompleteTransection",
    "off": 10048,
    "sff": "complete"
  },
  {
    "docID": "N145 Fouad 2005",
    "et": "CompleteTransection",
    "off": 32279,
    "sff": "complete"
  },
  {
    "docID": "N145 Fouad 2005",
    "et": "CompleteTransection",
    "off": 42839,
    "sff": "complete"
  },
  {
    "docID": "N145 Fouad 2005",
    "et": "CompleteTransection",
    "off": 43601,
    "sff": "complete transection"
  },
  {
    "docID": "N145 Fouad 2005",
    "et": "CompleteTransection",
    "off": 1051,
    "sff": "complete"
  },
  {
    "docID": "N145 Fouad 2005",
    "et": "CompleteTransection",
    "off": 5756,
    "sff": "complete"
  },
  {
    "docID": "N145 Fouad 2005",
    "et": "RecombinantEPORhEpo",
    "off": 49760,
    "sff": "recombinant"
  },
  {
    "docID": "N145 Fouad 2005",
    "et": "SubcutaneousLocation",
    "off": 9384,
    "sff": "subcutaneous"
  },
  {
    "docID": "N145 Fouad 2005",
    "et": "OlfactoryEnsheathingGliaCell",
    "off": 36,
    "sff": "Olfactory-Ensheathing Glia"
  },
  {
    "docID": "N145 Fouad 2005",
    "et": "OlfactoryEnsheathingGliaCell",
    "off": 36,
    "sff": "Olfactory-Ensheathing"
  },
  {
    "docID": "N145 Fouad 2005",
    "et": "OlfactoryEnsheathingGliaCell",
    "off": 1345,
    "sff": "olfactory ensheathing glia"
  },
  {
    "docID": "N145 Fouad 2005",
    "et": "OlfactoryEnsheathingGliaCell",
    "off": 59553,
    "sff": "olfactory ensheathing glia"
  },
  {
    "docID": "N145 Fouad 2005",
    "et": "OlfactoryEnsheathingGliaCell",
    "off": 1404,
    "sff": "olfactory ensheathing glia"
  },
  {
    "docID": "N145 Fouad 2005",
    "et": "OlfactoryEnsheathingGliaCell",
    "off": 6688,
    "sff": "olfactory"
  },
  {
    "docID": "N145 Fouad 2005",
    "et": "OlfactoryEnsheathingGliaCell",
    "off": 56782,
    "sff": "olfactory ensheathing"
  },
  {
    "docID": "N145 Fouad 2005",
    "et": "OlfactoryEnsheathingGliaCell",
    "off": 7266,
    "sff": "olfactory"
  },
  {
    "docID": "N145 Fouad 2005",
    "et": "OlfactoryEnsheathingGliaCell",
    "off": 5331,
    "sff": "olfactory ensheathing"
  },
  {
    "docID": "N145 Fouad 2005",
    "et": "OlfactoryEnsheathingGliaCell",
    "off": 57827,
    "sff": "ensheathing glia"
  },
  {
    "docID": "N145 Fouad 2005",
    "et": "OlfactoryEnsheathingGliaCell",
    "off": 5331,
    "sff": "olfactory ensheathing glia"
  },
  {
    "docID": "N145 Fouad 2005",
    "et": "OlfactoryEnsheathingGliaCell",
    "off": 58036,
    "sff": "olfactory ensheathing glia"
  },
  {
    "docID": "N145 Fouad 2005",
    "et": "OlfactoryEnsheathingGliaCell",
    "off": 6580,
    "sff": "Olfactory ensheathing glia"
  },
  {
    "docID": "N145 Fouad 2005",
    "et": "OlfactoryEnsheathingGliaCell",
    "off": 58036,
    "sff": "olfactory ensheathing"
  },
  {
    "docID": "N145 Fouad 2005",
    "et": "OlfactoryEnsheathingGliaCell",
    "off": 57827,
    "sff": "ensheathing"
  },
  {
    "docID": "N145 Fouad 2005",
    "et": "OlfactoryEnsheathingGliaCell",
    "off": 1404,
    "sff": "olfactory ensheathing"
  },
  {
    "docID": "N145 Fouad 2005",
    "et": "OlfactoryEnsheathingGliaCell",
    "off": 53282,
    "sff": "olfactory ensheathing"
  },
  {
    "docID": "N145 Fouad 2005",
    "et": "OlfactoryEnsheathingGliaCell",
    "off": 56782,
    "sff": "olfactory ensheathing glia"
  },
  {
    "docID": "N145 Fouad 2005",
    "et": "OlfactoryEnsheathingGliaCell",
    "off": 59553,
    "sff": "olfactory ensheathing"
  },
  {
    "docID": "N145 Fouad 2005",
    "et": "OlfactoryEnsheathingGliaCell",
    "off": 1345,
    "sff": "olfactory ensheathing"
  },
  {
    "docID": "N145 Fouad 2005",
    "et": "OlfactoryEnsheathingGliaCell",
    "off": 6580,
    "sff": "Olfactory ensheathing"
  },
  {
    "docID": "N145 Fouad 2005",
    "et": "DorsalInjuryArea",
    "off": 11109,
    "sff": "dorsal"
  },
  {
    "docID": "N145 Fouad 2005",
    "et": "DorsalInjuryArea",
    "off": 19057,
    "sff": "dorsal"
  },
  {
    "docID": "N145 Fouad 2005",
    "et": "DorsalInjuryArea",
    "off": 49119,
    "sff": "dorsal"
  },
  {
    "docID": "N145 Fouad 2005",
    "et": "DorsalInjuryArea",
    "off": 41964,
    "sff": "dorsal"
  },
  {
    "docID": "N145 Fouad 2005",
    "et": "ContactDeliveryMethod",
    "off": 11622,
    "sff": "delivery"
  },
  {
    "docID": "N145 Fouad 2005",
    "et": "ContactDeliveryMethod",
    "off": 12919,
    "sff": "delivery"
  },
  {
    "docID": "N145 Fouad 2005",
    "et": "ContactDeliveryMethod",
    "off": 8898,
    "sff": "delivery"
  },
  {
    "docID": "N145 Fouad 2005",
    "et": "ContactDeliveryMethod",
    "off": 9059,
    "sff": "delivery"
  },
  {
    "docID": "N145 Fouad 2005",
    "et": "ContactDeliveryMethod",
    "off": 11440,
    "sff": "delivery"
  },
  {
    "docID": "N145 Fouad 2005",
    "et": "ContactDeliveryMethod",
    "off": 12576,
    "sff": "delivery"
  },
  {
    "docID": "N145 Fouad 2005",
    "et": "ContactDeliveryMethod",
    "off": 12688,
    "sff": "delivery"
  },
  {
    "docID": "N145 Fouad 2005",
    "et": "ContactDeliveryMethod",
    "off": 11930,
    "sff": "delivery"
  },
  {
    "docID": "N145 Fouad 2005",
    "et": "ContactDeliveryMethod",
    "off": 16301,
    "sff": "contact"
  },
  {
    "docID": "N145 Fouad 2005",
    "et": "ContactDeliveryMethod",
    "off": 49081,
    "sff": "delivery"
  },
  {
    "docID": "N145 Fouad 2005",
    "et": "Intraspinal",
    "off": 48659,
    "sff": "intraspinal"
  },
  {
    "docID": "N145 Fouad 2005",
    "et": "MouseSpecies",
    "off": 9094,
    "sff": "mouse"
  },
  {
    "docID": "N145 Fouad 2005",
    "et": "MouseSpecies",
    "off": 8928,
    "sff": "mouse"
  },
  {
    "docID": "N145 Fouad 2005",
    "et": "WeightDrop",
    "off": 20670,
    "sff": "weight"
  },
  {
    "docID": "N145 Fouad 2005",
    "et": "WeightDrop",
    "off": 9441,
    "sff": "weight"
  },
  {
    "docID": "N145 Fouad 2005",
    "et": "WeightDrop",
    "off": 19988,
    "sff": "weight"
  },
  {
    "docID": "N145 Fouad 2005",
    "et": "WeightDrop",
    "off": 9533,
    "sff": "weight"
  },
  {
    "docID": "N145 Fouad 2005",
    "et": "Riluzole",
    "off": 55309,
    "sff": "Riluzole"
  },
  {
    "docID": "N145 Fouad 2005",
    "et": "NOGOReceptorAntagonist",
    "off": 53103,
    "sff": "receptor antagonist"
  },
  {
    "docID": "N145 Fouad 2005",
    "et": "NOGOReceptorAntagonist",
    "off": 53605,
    "sff": "receptor"
  },
  {
    "docID": "N145 Fouad 2005",
    "et": "NOGOReceptorAntagonist",
    "off": 51982,
    "sff": "receptor antagonist"
  },
  {
    "docID": "N145 Fouad 2005",
    "et": "NOGOReceptorAntagonist",
    "off": 53103,
    "sff": "receptor"
  },
  {
    "docID": "N145 Fouad 2005",
    "et": "NOGOReceptorAntagonist",
    "off": 53597,
    "sff": "Nogo"
  },
  {
    "docID": "N145 Fouad 2005",
    "et": "NOGOReceptorAntagonist",
    "off": 47230,
    "sff": "Nogo"
  },
  {
    "docID": "N145 Fouad 2005",
    "et": "NOGOReceptorAntagonist",
    "off": 51982,
    "sff": "receptor"
  },
  {
    "docID": "N145 Fouad 2005",
    "et": "NOGOReceptorAntagonist",
    "off": 53095,
    "sff": "Nogo"
  },
  {
    "docID": "N145 Fouad 2005",
    "et": "NOGOReceptorAntagonist",
    "off": 3096,
    "sff": "NOGO"
  },
  {
    "docID": "N145 Fouad 2005",
    "et": "NOGOReceptorAntagonist",
    "off": 47222,
    "sff": "Nogo"
  },
  {
    "docID": "N145 Fouad 2005",
    "et": "NOGOReceptorAntagonist",
    "off": 51974,
    "sff": "Nogo"
  },
  {
    "docID": "N145 Fouad 2005",
    "et": "CentralCanal",
    "off": 59880,
    "sff": "central"
  },
  {
    "docID": "N145 Fouad 2005",
    "et": "CentralCanal",
    "off": 54665,
    "sff": "central"
  },
  {
    "docID": "N145 Fouad 2005",
    "et": "CentralCanal",
    "off": 59417,
    "sff": "central"
  },
  {
    "docID": "N145 Fouad 2005",
    "et": "CentralCanal",
    "off": 51434,
    "sff": "central"
  },
  {
    "docID": "N145 Fouad 2005",
    "et": "SpinalFiberTract",
    "off": 24657,
    "sff": "fiber"
  },
  {
    "docID": "N145 Fouad 2005",
    "et": "SpinalFiberTract",
    "off": 6669,
    "sff": "fiber"
  },
  {
    "docID": "N145 Fouad 2005",
    "et": "SpinalFiberTract",
    "off": 39948,
    "sff": "fiber"
  },
  {
    "docID": "N145 Fouad 2005",
    "et": "SpinalFiberTract",
    "off": 24207,
    "sff": "fiber"
  },
  {
    "docID": "N145 Fouad 2005",
    "et": "SpinalFiberTract",
    "off": 6906,
    "sff": "fiber"
  },
  {
    "docID": "N145 Fouad 2005",
    "et": "SpinalFiberTract",
    "off": 35946,
    "sff": "fiber"
  },
  {
    "docID": "N145 Fouad 2005",
    "et": "DorsalHemisection",
    "off": 11109,
    "sff": "dorsal"
  },
  {
    "docID": "N145 Fouad 2005",
    "et": "DorsalHemisection",
    "off": 41964,
    "sff": "dorsal"
  },
  {
    "docID": "N145 Fouad 2005",
    "et": "DorsalHemisection",
    "off": 49119,
    "sff": "dorsal"
  },
  {
    "docID": "N145 Fouad 2005",
    "et": "DorsalHemisection",
    "off": 19057,
    "sff": "dorsal"
  },
  {
    "docID": "N145 Fouad 2005",
    "et": "DeliveryMethod",
    "off": 11622,
    "sff": "delivery"
  },
  {
    "docID": "N145 Fouad 2005",
    "et": "DeliveryMethod",
    "off": 12919,
    "sff": "delivery"
  },
  {
    "docID": "N145 Fouad 2005",
    "et": "DeliveryMethod",
    "off": 8898,
    "sff": "delivery"
  },
  {
    "docID": "N145 Fouad 2005",
    "et": "DeliveryMethod",
    "off": 9059,
    "sff": "delivery"
  },
  {
    "docID": "N145 Fouad 2005",
    "et": "DeliveryMethod",
    "off": 11440,
    "sff": "delivery"
  },
  {
    "docID": "N145 Fouad 2005",
    "et": "DeliveryMethod",
    "off": 12576,
    "sff": "delivery"
  },
  {
    "docID": "N145 Fouad 2005",
    "et": "DeliveryMethod",
    "off": 12688,
    "sff": "delivery"
  },
  {
    "docID": "N145 Fouad 2005",
    "et": "DeliveryMethod",
    "off": 11930,
    "sff": "delivery"
  },
  {
    "docID": "N145 Fouad 2005",
    "et": "DeliveryMethod",
    "off": 49081,
    "sff": "delivery"
  },
  {
    "docID": "N145 Fouad 2005",
    "et": "RabbitSpecies",
    "off": 23646,
    "sff": "rabbit"
  },
  {
    "docID": "N145 Fouad 2005",
    "et": "Rostral",
    "off": 25666,
    "sff": "rostral"
  },
  {
    "docID": "N145 Fouad 2005",
    "et": "Rostral",
    "off": 10431,
    "sff": "rostral"
  },
  {
    "docID": "N145 Fouad 2005",
    "et": "Rostral",
    "off": 30560,
    "sff": "rostral"
  },
  {
    "docID": "N145 Fouad 2005",
    "et": "Rostral",
    "off": 34848,
    "sff": "rostral"
  },
  {
    "docID": "N145 Fouad 2005",
    "et": "Rostral",
    "off": 44653,
    "sff": "rostral"
  },
  {
    "docID": "N145 Fouad 2005",
    "et": "Rostral",
    "off": 11851,
    "sff": "rostral"
  },
  {
    "docID": "N145 Fouad 2005",
    "et": "Rostral",
    "off": 25004,
    "sff": "rostral"
  },
  {
    "docID": "N145 Fouad 2005",
    "et": "Rostral",
    "off": 9959,
    "sff": "rostral"
  },
  {
    "docID": "N145 Fouad 2005",
    "et": "Rostral",
    "off": 30454,
    "sff": "rostral"
  },
  {
    "docID": "N145 Fouad 2005",
    "et": "Rostral",
    "off": 10639,
    "sff": "rostral"
  },
  {
    "docID": "N145 Fouad 2005",
    "et": "Rostral",
    "off": 29436,
    "sff": "rostral"
  },
  {
    "docID": "N145 Fouad 2005",
    "et": "Rostral",
    "off": 21657,
    "sff": "rostral"
  },
  {
    "docID": "N145 Fouad 2005",
    "et": "Rostral",
    "off": 60922,
    "sff": "rostral"
  },
  {
    "docID": "N145 Fouad 2005",
    "et": "Rostral",
    "off": 37146,
    "sff": "rostral"
  },
  {
    "docID": "N145 Fouad 2005",
    "et": "DorsalColumn",
    "off": 11109,
    "sff": "dorsal"
  },
  {
    "docID": "N145 Fouad 2005",
    "et": "DorsalColumn",
    "off": 41964,
    "sff": "dorsal"
  },
  {
    "docID": "N145 Fouad 2005",
    "et": "DorsalColumn",
    "off": 49119,
    "sff": "dorsal column"
  },
  {
    "docID": "N145 Fouad 2005",
    "et": "DorsalColumn",
    "off": 19057,
    "sff": "dorsal"
  },
  {
    "docID": "N145 Fouad 2005",
    "et": "SpinalFiber",
    "off": 24657,
    "sff": "fiber"
  },
  {
    "docID": "N145 Fouad 2005",
    "et": "SpinalFiber",
    "off": 24207,
    "sff": "fiber"
  },
  {
    "docID": "N145 Fouad 2005",
    "et": "SpinalFiber",
    "off": 39948,
    "sff": "fiber"
  },
  {
    "docID": "N145 Fouad 2005",
    "et": "SpinalFiber",
    "off": 6906,
    "sff": "fiber"
  },
  {
    "docID": "N145 Fouad 2005",
    "et": "SpinalFiber",
    "off": 6669,
    "sff": "fiber"
  },
  {
    "docID": "N145 Fouad 2005",
    "et": "SpinalFiber",
    "off": 35946,
    "sff": "fiber"
  },
  {
    "docID": "N145 Fouad 2005",
    "et": "ChondroitinaseABC",
    "off": 5583,
    "sff": "chondroitinase ABC"
  },
  {
    "docID": "N145 Fouad 2005",
    "et": "ChondroitinaseABC",
    "off": 9071,
    "sff": "chondroitinase ABC"
  },
  {
    "docID": "N145 Fouad 2005",
    "et": "ChondroitinaseABC",
    "off": 49347,
    "sff": "Chondroitinase ABC"
  },
  {
    "docID": "N145 Fouad 2005",
    "et": "ChondroitinaseABC",
    "off": 11946,
    "sff": "chondroitinase"
  },
  {
    "docID": "N145 Fouad 2005",
    "et": "ChondroitinaseABC",
    "off": 1148,
    "sff": "chondroitinase ABC"
  },
  {
    "docID": "N145 Fouad 2005",
    "et": "ChondroitinaseABC",
    "off": 1436,
    "sff": "chondroitinase ABC"
  },
  {
    "docID": "N145 Fouad 2005",
    "et": "ChondroitinaseABC",
    "off": 27676,
    "sff": "chondroitinase ABC"
  },
  {
    "docID": "N145 Fouad 2005",
    "et": "ChondroitinaseABC",
    "off": 54862,
    "sff": "chondroitinase ABC"
  },
  {
    "docID": "N145 Fouad 2005",
    "et": "ChondroitinaseABC",
    "off": 61319,
    "sff": "chondroitinase ABC"
  },
  {
    "docID": "N145 Fouad 2005",
    "et": "ChondroitinaseABC",
    "off": 75,
    "sff": "Chondroitinase"
  },
  {
    "docID": "N145 Fouad 2005",
    "et": "ChondroitinaseABC",
    "off": 11536,
    "sff": "chondroitinase"
  },
  {
    "docID": "N145 Fouad 2005",
    "et": "ChondroitinaseABC",
    "off": 50288,
    "sff": "Chondroitinase ABC"
  },
  {
    "docID": "N145 Fouad 2005",
    "et": "CellDeathInduction",
    "off": 59540,
    "sff": "cell"
  },
  {
    "docID": "N145 Fouad 2005",
    "et": "CellDeathInduction",
    "off": 26869,
    "sff": "cell"
  },
  {
    "docID": "N145 Fouad 2005",
    "et": "CellDeathInduction",
    "off": 5145,
    "sff": "cell"
  },
  {
    "docID": "N145 Fouad 2005",
    "et": "CellDeathInduction",
    "off": 9337,
    "sff": "cell"
  },
  {
    "docID": "N145 Fouad 2005",
    "et": "CellDeathInduction",
    "off": 5813,
    "sff": "Cell"
  },
  {
    "docID": "N145 Fouad 2005",
    "et": "CellDeathInduction",
    "off": 60537,
    "sff": "cell"
  },
  {
    "docID": "N145 Fouad 2005",
    "et": "CellDeathInduction",
    "off": 19,
    "sff": "Cell"
  },
  {
    "docID": "N145 Fouad 2005",
    "et": "CellDeathInduction",
    "off": 50543,
    "sff": "cell"
  },
  {
    "docID": "N145 Fouad 2005",
    "et": "CellDeathInduction",
    "off": 560,
    "sff": "Cell"
  },
  {
    "docID": "N145 Fouad 2005",
    "et": "CellDeathInduction",
    "off": 54060,
    "sff": "cell"
  },
  {
    "docID": "N145 Fouad 2005",
    "et": "CellDeathInduction",
    "off": 27634,
    "sff": "cell"
  },
  {
    "docID": "N145 Fouad 2005",
    "et": "CellDeathInduction",
    "off": 4676,
    "sff": "cell"
  },
  {
    "docID": "N145 Fouad 2005",
    "et": "CellDeathInduction",
    "off": 2567,
    "sff": "cell death"
  },
  {
    "docID": "N145 Fouad 2005",
    "et": "CellDeathInduction",
    "off": 34882,
    "sff": "Cell"
  },
  {
    "docID": "N145 Fouad 2005",
    "et": "CellDeathInduction",
    "off": 60863,
    "sff": "cell"
  },
  {
    "docID": "N145 Fouad 2005",
    "et": "CellDeathInduction",
    "off": 26146,
    "sff": "cell"
  },
  {
    "docID": "N145 Fouad 2005",
    "et": "CellDeathInduction",
    "off": 39040,
    "sff": "cell"
  },
  {
    "docID": "N145 Fouad 2005",
    "et": "CellDeathInduction",
    "off": 59808,
    "sff": "cell"
  },
  {
    "docID": "N145 Fouad 2005",
    "et": "Left",
    "off": 23201,
    "sff": "left"
  },
  {
    "docID": "N145 Fouad 2005",
    "et": "Left",
    "off": 27042,
    "sff": "left"
  },
  {
    "docID": "N145 Fouad 2005",
    "et": "Left",
    "off": 23711,
    "sff": "left"
  },
  {
    "docID": "N145 Fouad 2005",
    "et": "Left",
    "off": 23526,
    "sff": "left"
  },
  {
    "docID": "N145 Fouad 2005",
    "et": "SubstanceApplicationLocation",
    "off": 40381,
    "sff": "application"
  },
  {
    "docID": "N145 Fouad 2005",
    "et": "SubstanceApplicationLocation",
    "off": 40774,
    "sff": "application"
  },
  {
    "docID": "N145 Fouad 2005",
    "et": "SubstanceApplicationLocation",
    "off": 36647,
    "sff": "application"
  },
  {
    "docID": "N145 Fouad 2005",
    "et": "SubstanceApplicationLocation",
    "off": 26276,
    "sff": "application"
  },
  {
    "docID": "N145 Fouad 2005",
    "et": "SubstanceApplicationLocation",
    "off": 43668,
    "sff": "application"
  },
  {
    "docID": "N145 Fouad 2005",
    "et": "SubstanceApplicationLocation",
    "off": 40601,
    "sff": "application"
  },
  {
    "docID": "N145 Fouad 2005",
    "et": "SubstanceApplicationLocation",
    "off": 47353,
    "sff": "application"
  },
  {
    "docID": "N145 Fouad 2005",
    "et": "ReticulospinalTract",
    "off": 19805,
    "sff": "reticulospinal tract"
  },
  {
    "docID": "N145 Fouad 2005",
    "et": "ReticulospinalTract",
    "off": 1897,
    "sff": "reticulospinal"
  },
  {
    "docID": "N145 Fouad 2005",
    "et": "ReticulospinalTract",
    "off": 24841,
    "sff": "reticulospinal tract"
  },
  {
    "docID": "N145 Fouad 2005",
    "et": "FluanisoneMidazolamMixture",
    "off": 19872,
    "sff": "Midazolam"
  },
  {
    "docID": "N145 Fouad 2005",
    "et": "FluanisoneMidazolamMixture",
    "off": 9493,
    "sff": "Midazolam"
  },
  {
    "docID": "N145 Fouad 2005",
    "et": "LaminectomyType",
    "off": 29347,
    "sff": "laminectomy"
  },
  {
    "docID": "N145 Fouad 2005",
    "et": "LaminectomyType",
    "off": 29451,
    "sff": "laminectomy"
  },
  {
    "docID": "N145 Fouad 2005",
    "et": "LaminectomyType",
    "off": 39994,
    "sff": "laminectomy"
  },
  {
    "docID": "N145 Fouad 2005",
    "et": "LaminectomyType",
    "off": 9743,
    "sff": "laminectomy"
  },
  {
    "docID": "N145 Fouad 2005",
    "et": "Tissue",
    "off": 21202,
    "sff": "tissue"
  },
  {
    "docID": "N145 Fouad 2005",
    "et": "Tissue",
    "off": 40882,
    "sff": "tissue"
  },
  {
    "docID": "N145 Fouad 2005",
    "et": "Tissue",
    "off": 2773,
    "sff": "tissue"
  },
  {
    "docID": "N145 Fouad 2005",
    "et": "Tissue",
    "off": 30515,
    "sff": "tissue"
  },
  {
    "docID": "N145 Fouad 2005",
    "et": "Tissue",
    "off": 56148,
    "sff": "tissue"
  },
  {
    "docID": "N145 Fouad 2005",
    "et": "Tissue",
    "off": 5575,
    "sff": "tissue"
  },
  {
    "docID": "N145 Fouad 2005",
    "et": "Tissue",
    "off": 28247,
    "sff": "tissue"
  },
  {
    "docID": "N145 Fouad 2005",
    "et": "Tissue",
    "off": 40861,
    "sff": "tissue"
  },
  {
    "docID": "N145 Fouad 2005",
    "et": "Tissue",
    "off": 6923,
    "sff": "tissue"
  },
  {
    "docID": "N145 Fouad 2005",
    "et": "CatSpecies",
    "off": 58691,
    "sff": "cat"
  },
  {
    "docID": "N145 Fouad 2005",
    "et": "CatSpecies",
    "off": 60348,
    "sff": "cat"
  },
  {
    "docID": "N145 Fouad 2005",
    "et": "InjectionDelivery",
    "off": 25723,
    "sff": "injection"
  },
  {
    "docID": "N145 Fouad 2005",
    "et": "InjectionDelivery",
    "off": 30462,
    "sff": "injection"
  },
  {
    "docID": "N145 Fouad 2005",
    "et": "InjectionDelivery",
    "off": 8056,
    "sff": "injection"
  },
  {
    "docID": "N145 Fouad 2005",
    "et": "InjectionDelivery",
    "off": 10408,
    "sff": "injection"
  },
  {
    "docID": "N145 Fouad 2005",
    "et": "InjectionDelivery",
    "off": 9397,
    "sff": "injection"
  },
  {
    "docID": "N145 Fouad 2005",
    "et": "SpinalLesionSite",
    "off": 52732,
    "sff": "lesion"
  },
  {
    "docID": "N145 Fouad 2005",
    "et": "SpinalLesionSite",
    "off": 30553,
    "sff": "lesion"
  },
  {
    "docID": "N145 Fouad 2005",
    "et": "SpinalLesionSite",
    "off": 44666,
    "sff": "lesion"
  },
  {
    "docID": "N145 Fouad 2005",
    "et": "SpinalLesionSite",
    "off": 45195,
    "sff": "lesion site"
  },
  {
    "docID": "N145 Fouad 2005",
    "et": "SpinalLesionSite",
    "off": 25784,
    "sff": "lesion"
  },
  {
    "docID": "N145 Fouad 2005",
    "et": "SpinalLesionSite",
    "off": 24269,
    "sff": "lesion site"
  },
  {
    "docID": "N145 Fouad 2005",
    "et": "SpinalLesionSite",
    "off": 35062,
    "sff": "lesion"
  },
  {
    "docID": "N145 Fouad 2005",
    "et": "SpinalLesionSite",
    "off": 10483,
    "sff": "lesion"
  },
  {
    "docID": "N145 Fouad 2005",
    "et": "SpinalLesionSite",
    "off": 55762,
    "sff": "lesion"
  },
  {
    "docID": "N145 Fouad 2005",
    "et": "SpinalLesionSite",
    "off": 42642,
    "sff": "lesion"
  },
  {
    "docID": "N145 Fouad 2005",
    "et": "SpinalLesionSite",
    "off": 42704,
    "sff": "lesion"
  },
  {
    "docID": "N145 Fouad 2005",
    "et": "SpinalLesionSite",
    "off": 58927,
    "sff": "lesion"
  },
  {
    "docID": "N145 Fouad 2005",
    "et": "SpinalLesionSite",
    "off": 45933,
    "sff": "lesion"
  },
  {
    "docID": "N145 Fouad 2005",
    "et": "SpinalLesionSite",
    "off": 11502,
    "sff": "lesion"
  },
  {
    "docID": "N145 Fouad 2005",
    "et": "SpinalLesionSite",
    "off": 35308,
    "sff": "lesion"
  },
  {
    "docID": "N145 Fouad 2005",
    "et": "SpinalLesionSite",
    "off": 37161,
    "sff": "lesion"
  },
  {
    "docID": "N145 Fouad 2005",
    "et": "HumanSpecies",
    "off": 46318,
    "sff": "human"
  },
  {
    "docID": "N145 Fouad 2005",
    "et": "HumanSpecies",
    "off": 54263,
    "sff": "human"
  },
  {
    "docID": "N145 Fouad 2005",
    "et": "RubrospinalTract",
    "off": 52897,
    "sff": "rubrospinal"
  },
  {
    "docID": "N145 Fouad 2005",
    "et": "Weight",
    "off": 20658,
    "sff": "100 mg"
  },
  {
    "docID": "N145 Fouad 2005",
    "et": "Weight",
    "off": 9522,
    "sff": "200 g"
  },
  {
    "docID": "N145 Fouad 2005",
    "et": "Weight",
    "off": 8151,
    "sff": "165– 180 g"
  },
  {
    "docID": "N145 Fouad 2005",
    "et": "Weight",
    "off": 23327,
    "sff": "200 mg"
  },
  {
    "docID": "N145 Fouad 2005",
    "et": "Weight",
    "off": 19380,
    "sff": "0.04 g"
  },
  {
    "docID": "N145 Fouad 2005",
    "et": "Weight",
    "off": 19241,
    "sff": "0.04–1 g"
  },
  {
    "docID": "N145 Fouad 2005",
    "et": "Weight",
    "off": 35852,
    "sff": "0.31 ± 0.07 g"
  },
  {
    "docID": "N145 Fouad 2005",
    "et": "Weight",
    "off": 9504,
    "sff": "0.75 mg"
  },
  {
    "docID": "N145 Fouad 2005",
    "et": "Weight",
    "off": 35893,
    "sff": "0.33 ± 0.08 g"
  },
  {
    "docID": "N145 Fouad 2005",
    "et": "Weight",
    "off": 35777,
    "sff": "0.63 ± 0.1 g"
  },
  {
    "docID": "N145 Fouad 2005",
    "et": "Weight",
    "off": 9430,
    "sff": "200 g"
  },
  {
    "docID": "N145 Fouad 2005",
    "et": "T8",
    "off": 9939,
    "sff": "T8"
  },
  {
    "docID": "N145 Fouad 2005",
    "et": "CompoundBiologicalRelation",
    "off": 21798,
    "sff": "compound"
  },
  {
    "docID": "N145 Fouad 2005",
    "et": "AnimalCareCondition",
    "off": 6852,
    "sff": "care"
  },
  {
    "docID": "N145 Fouad 2005",
    "et": "MotorNeurons",
    "off": 49109,
    "sff": "motor"
  },
  {
    "docID": "N145 Fouad 2005",
    "et": "MotorNeurons",
    "off": 45715,
    "sff": "motor"
  },
  {
    "docID": "N145 Fouad 2005",
    "et": "MotorNeurons",
    "off": 57587,
    "sff": "motor"
  },
  {
    "docID": "N145 Fouad 2005",
    "et": "MotorNeurons",
    "off": 57987,
    "sff": "motor"
  },
  {
    "docID": "N145 Fouad 2005",
    "et": "MotorNeurons",
    "off": 33121,
    "sff": "motor"
  },
  {
    "docID": "N145 Fouad 2005",
    "et": "MotorNeurons",
    "off": 51745,
    "sff": "motor"
  },
  {
    "docID": "N145 Fouad 2005",
    "et": "MotorNeurons",
    "off": 36066,
    "sff": "motor"
  },
  {
    "docID": "N145 Fouad 2005",
    "et": "MotorNeurons",
    "off": 57423,
    "sff": "motor"
  },
  {
    "docID": "N145 Fouad 2005",
    "et": "MotorNeurons",
    "off": 37104,
    "sff": "motor"
  },
  {
    "docID": "N145 Fouad 2005",
    "et": "MotorNeurons",
    "off": 40270,
    "sff": "motor"
  },
  {
    "docID": "N145 Fouad 2005",
    "et": "LateralHemisection",
    "off": 10501,
    "sff": "lateral"
  },
  {
    "docID": "N145 Fouad 2005",
    "et": "Contusion",
    "off": 52574,
    "sff": "contusion"
  },
  {
    "docID": "N145 Fouad 2005",
    "et": "Saline",
    "off": 23369,
    "sff": "saline"
  },
  {
    "docID": "N145 Fouad 2005",
    "et": "LongTermCultivation",
    "off": 39794,
    "sff": "long-term"
  },
  {
    "docID": "N145 Fouad 2005",
    "et": "LongTermCultivation",
    "off": 57738,
    "sff": "Long"
  },
  {
    "docID": "N145 Fouad 2005",
    "et": "LongTermCultivation",
    "off": 48235,
    "sff": "long-term"
  },
  {
    "docID": "N145 Fouad 2005",
    "et": "Dosage",
    "off": 35859,
    "sff": "0.07 g"
  },
  {
    "docID": "N145 Fouad 2005",
    "et": "Dosage",
    "off": 13183,
    "sff": "0.03 mg/kg"
  },
  {
    "docID": "N145 Fouad 2005",
    "et": "Dosage",
    "off": 23174,
    "sff": "200 ml"
  },
  {
    "docID": "N145 Fouad 2005",
    "et": "Dosage",
    "off": 12180,
    "sff": "0.9%"
  },
  {
    "docID": "N145 Fouad 2005",
    "et": "Dosage",
    "off": 6244,
    "sff": "10%"
  },
  {
    "docID": "N145 Fouad 2005",
    "et": "Dosage",
    "off": 23350,
    "sff": "0.3%"
  },
  {
    "docID": "N145 Fouad 2005",
    "et": "Dosage",
    "off": 10982,
    "sff": "1 mm"
  },
  {
    "docID": "N145 Fouad 2005",
    "et": "Dosage",
    "off": 21235,
    "sff": "1%"
  },
  {
    "docID": "N145 Fouad 2005",
    "et": "Dosage",
    "off": 8156,
    "sff": "180 g"
  },
  {
    "docID": "N145 Fouad 2005",
    "et": "Dosage",
    "off": 12264,
    "sff": "2µl of 10µg/ml"
  },
  {
    "docID": "N145 Fouad 2005",
    "et": "Dosage",
    "off": 22854,
    "sff": "0.4%"
  },
  {
    "docID": "N145 Fouad 2005",
    "et": "Dosage",
    "off": 10469,
    "sff": "2 mm"
  },
  {
    "docID": "N145 Fouad 2005",
    "et": "Dosage",
    "off": 21488,
    "sff": "1%"
  },
  {
    "docID": "N145 Fouad 2005",
    "et": "Dosage",
    "off": 23982,
    "sff": "50 ml"
  },
  {
    "docID": "N145 Fouad 2005",
    "et": "Dosage",
    "off": 6330,
    "sff": "2 mg/ml"
  },
  {
    "docID": "N145 Fouad 2005",
    "et": "Dosage",
    "off": 22618,
    "sff": "0.1%"
  },
  {
    "docID": "N145 Fouad 2005",
    "et": "Dosage",
    "off": 23689,
    "sff": "2%"
  },
  {
    "docID": "N145 Fouad 2005",
    "et": "Dosage",
    "off": 23327,
    "sff": "200 mg"
  },
  {
    "docID": "N145 Fouad 2005",
    "et": "Dosage",
    "off": 21116,
    "sff": "100 mM"
  },
  {
    "docID": "N145 Fouad 2005",
    "et": "Dosage",
    "off": 23495,
    "sff": "4%"
  },
  {
    "docID": "N145 Fouad 2005",
    "et": "Dosage",
    "off": 19936,
    "sff": "2 µl"
  },
  {
    "docID": "N145 Fouad 2005",
    "et": "Dosage",
    "off": 35900,
    "sff": "0.08 g"
  },
  {
    "docID": "N145 Fouad 2005",
    "et": "Dosage",
    "off": 11167,
    "sff": "30 µl"
  },
  {
    "docID": "N145 Fouad 2005",
    "et": "Dosage",
    "off": 21470,
    "sff": "1%"
  },
  {
    "docID": "N145 Fouad 2005",
    "et": "Dosage",
    "off": 23258,
    "sff": "1%"
  },
  {
    "docID": "N145 Fouad 2005",
    "et": "Dosage",
    "off": 7076,
    "sff": "2 mg/ml"
  },
  {
    "docID": "N145 Fouad 2005",
    "et": "Dosage",
    "off": 7975,
    "sff": "4 µl"
  },
  {
    "docID": "N145 Fouad 2005",
    "et": "Dosage",
    "off": 10808,
    "sff": "3.0 mm"
  },
  {
    "docID": "N145 Fouad 2005",
    "et": "Dosage",
    "off": 9522,
    "sff": "200 g"
  },
  {
    "docID": "N145 Fouad 2005",
    "et": "Dosage",
    "off": 12961,
    "sff": "1.8 µg/h"
  },
  {
    "docID": "N145 Fouad 2005",
    "et": "Dosage",
    "off": 12895,
    "sff": "3 mg/ml"
  },
  {
    "docID": "N145 Fouad 2005",
    "et": "Dosage",
    "off": 22593,
    "sff": "0.1%"
  },
  {
    "docID": "N145 Fouad 2005",
    "et": "Dosage",
    "off": 19380,
    "sff": "0.04 g"
  },
  {
    "docID": "N145 Fouad 2005",
    "et": "Dosage",
    "off": 6056,
    "sff": "10%"
  },
  {
    "docID": "N145 Fouad 2005",
    "et": "Dosage",
    "off": 21452,
    "sff": "1%"
  },
  {
    "docID": "N145 Fouad 2005",
    "et": "Dosage",
    "off": 9504,
    "sff": "0.75 mg in 150 µl"
  },
  {
    "docID": "N145 Fouad 2005",
    "et": "Dosage",
    "off": 22572,
    "sff": "4%"
  },
  {
    "docID": "N145 Fouad 2005",
    "et": "Dosage",
    "off": 6389,
    "sff": "0.8 µg/ml"
  },
  {
    "docID": "N145 Fouad 2005",
    "et": "Dosage",
    "off": 20428,
    "sff": "5%"
  },
  {
    "docID": "N145 Fouad 2005",
    "et": "Dosage",
    "off": 13409,
    "sff": "5 mg/kg"
  },
  {
    "docID": "N145 Fouad 2005",
    "et": "Dosage",
    "off": 9419,
    "sff": "120 µl per 200 g body weight"
  },
  {
    "docID": "N145 Fouad 2005",
    "et": "Dosage",
    "off": 21093,
    "sff": "2%"
  },
  {
    "docID": "N145 Fouad 2005",
    "et": "Dosage",
    "off": 22752,
    "sff": "50%"
  },
  {
    "docID": "N145 Fouad 2005",
    "et": "Dosage",
    "off": 23672,
    "sff": "0.3%"
  },
  {
    "docID": "N145 Fouad 2005",
    "et": "Dosage",
    "off": 35784,
    "sff": "0.1 g"
  },
  {
    "docID": "N145 Fouad 2005",
    "et": "Dosage",
    "off": 13667,
    "sff": "1 ml"
  },
  {
    "docID": "N145 Fouad 2005",
    "et": "Dosage",
    "off": 21720,
    "sff": "30%"
  },
  {
    "docID": "N145 Fouad 2005",
    "et": "Dosage",
    "off": 24028,
    "sff": "30%"
  },
  {
    "docID": "N145 Fouad 2005",
    "et": "Dosage",
    "off": 7098,
    "sff": "10%"
  },
  {
    "docID": "N145 Fouad 2005",
    "et": "Dosage",
    "off": 10563,
    "sff": "1 µl"
  },
  {
    "docID": "N145 Fouad 2005",
    "et": "Dosage",
    "off": 10299,
    "sff": "5 µl"
  },
  {
    "docID": "N145 Fouad 2005",
    "et": "Dosage",
    "off": 10785,
    "sff": "2.6 mm"
  },
  {
    "docID": "N145 Fouad 2005",
    "et": "Dosage",
    "off": 7042,
    "sff": "0.8 µg/ml"
  },
  {
    "docID": "N145 Fouad 2005",
    "et": "Dosage",
    "off": 20017,
    "sff": "10%"
  },
  {
    "docID": "N145 Fouad 2005",
    "et": "Dosage",
    "off": 30597,
    "sff": "80%"
  },
  {
    "docID": "N145 Fouad 2005",
    "et": "Dosage",
    "off": 20652,
    "sff": "70 mg/100 mg body weight"
  },
  {
    "docID": "N145 Fouad 2005",
    "et": "Dosage",
    "off": 20420,
    "sff": "0.35 µl"
  },
  {
    "docID": "N145 Fouad 2005",
    "et": "Dosage",
    "off": 19246,
    "sff": "1 g"
  },
  {
    "docID": "N145 Fouad 2005",
    "et": "Dosage",
    "off": 12950,
    "sff": "0.6 µl/h"
  },
  {
    "docID": "N145 Fouad 2005",
    "et": "Dosage",
    "off": 13266,
    "sff": "4 ml"
  },
  {
    "docID": "N145 Fouad 2005",
    "et": "Dosage",
    "off": 25812,
    "sff": "50%"
  },
  {
    "docID": "N145 Fouad 2005",
    "et": "Dosage",
    "off": 9541,
    "sff": "750 µl"
  },
  {
    "docID": "N145 Fouad 2005",
    "et": "Dosage",
    "off": 22766,
    "sff": "0.3%"
  },
  {
    "docID": "N145 Fouad 2005",
    "et": "Dosage",
    "off": 10671,
    "sff": "2 mm"
  },
  {
    "docID": "N145 Fouad 2005",
    "et": "Dosage",
    "off": 20730,
    "sff": "4%"
  },
  {
    "docID": "N145 Fouad 2005",
    "et": "Dosage",
    "off": 22140,
    "sff": "1 mm"
  },
  {
    "docID": "N145 Fouad 2005",
    "et": "Dosage",
    "off": 24020,
    "sff": "25µl"
  },
  {
    "docID": "N145 Fouad 2005",
    "et": "Right",
    "off": 27050,
    "sff": "right"
  },
  {
    "docID": "N145 Fouad 2005",
    "et": "Vehicle",
    "off": 11554,
    "sff": "vehicle"
  },
  {
    "docID": "N145 Fouad 2005",
    "et": "Intrathecal",
    "off": 12603,
    "sff": "intrathecal"
  },
  {
    "docID": "N145 Fouad 2005",
    "et": "BladderExpression",
    "off": 16087,
    "sff": "bladder"
  },
  {
    "docID": "N145 Fouad 2005",
    "et": "BladderExpression",
    "off": 13608,
    "sff": "bladder"
  },
  {
    "docID": "N145 Fouad 2005",
    "et": "BladderExpression",
    "off": 13532,
    "sff": "Bladders"
  },
  {
    "docID": "N145 Fouad 2005",
    "et": "BladderExpression",
    "off": 16042,
    "sff": "bladders"
  },
  {
    "docID": "N145 Fouad 2005",
    "et": "TreatmentSite",
    "off": 25921,
    "sff": "treatment"
  },
  {
    "docID": "N145 Fouad 2005",
    "et": "TreatmentSite",
    "off": 8671,
    "sff": "treatment"
  },
  {
    "docID": "N145 Fouad 2005",
    "et": "TreatmentSite",
    "off": 61030,
    "sff": "Treatment"
  },
  {
    "docID": "N145 Fouad 2005",
    "et": "TreatmentSite",
    "off": 50945,
    "sff": "treatment"
  },
  {
    "docID": "N145 Fouad 2005",
    "et": "TreatmentSite",
    "off": 26169,
    "sff": "treatment"
  },
  {
    "docID": "N145 Fouad 2005",
    "et": "TreatmentSite",
    "off": 38616,
    "sff": "treatment"
  },
  {
    "docID": "N145 Fouad 2005",
    "et": "TreatmentSite",
    "off": 39832,
    "sff": "treatment"
  },
  {
    "docID": "N145 Fouad 2005",
    "et": "TreatmentSite",
    "off": 47095,
    "sff": "treatment"
  },
  {
    "docID": "N145 Fouad 2005",
    "et": "TreatmentSite",
    "off": 55350,
    "sff": "treatment"
  },
  {
    "docID": "N145 Fouad 2005",
    "et": "TreatmentSite",
    "off": 26492,
    "sff": "treatment"
  },
  {
    "docID": "N145 Fouad 2005",
    "et": "TreatmentSite",
    "off": 795,
    "sff": "treatment"
  },
  {
    "docID": "N145 Fouad 2005",
    "et": "TreatmentSite",
    "off": 52280,
    "sff": "treatment"
  },
  {
    "docID": "N145 Fouad 2005",
    "et": "TreatmentSite",
    "off": 61304,
    "sff": "treatment"
  },
  {
    "docID": "N145 Fouad 2005",
    "et": "TreatmentSite",
    "off": 28977,
    "sff": "treatment"
  },
  {
    "docID": "N145 Fouad 2005",
    "et": "TreatmentSite",
    "off": 2416,
    "sff": "treatment"
  },
  {
    "docID": "N145 Fouad 2005",
    "et": "TreatmentSite",
    "off": 42863,
    "sff": "treatment"
  },
  {
    "docID": "N145 Fouad 2005",
    "et": "TreatmentSite",
    "off": 48245,
    "sff": "treatment"
  },
  {
    "docID": "N145 Fouad 2005",
    "et": "TreatmentSite",
    "off": 39061,
    "sff": "treatment"
  },
  {
    "docID": "N145 Fouad 2005",
    "et": "TreatmentSite",
    "off": 46133,
    "sff": "treatment"
  },
  {
    "docID": "N145 Fouad 2005",
    "et": "TreatmentSite",
    "off": 47125,
    "sff": "treatment"
  },
  {
    "docID": "N145 Fouad 2005",
    "et": "TreatmentSite",
    "off": 9256,
    "sff": "treatment"
  },
  {
    "docID": "N145 Fouad 2005",
    "et": "TreatmentSite",
    "off": 54828,
    "sff": "treatment"
  },
  {
    "docID": "N145 Fouad 2005",
    "et": "PBS",
    "off": 24087,
    "sff": "PBS"
  },
  {
    "docID": "N145 Fouad 2005",
    "et": "PBS",
    "off": 12906,
    "sff": "PBS"
  },
  {
    "docID": "N145 Fouad 2005",
    "et": "PBS",
    "off": 23781,
    "sff": "PBS"
  },
  {
    "docID": "N145 Fouad 2005",
    "et": "PBS",
    "off": 20031,
    "sff": "PBS"
  },
  {
    "docID": "N145 Fouad 2005",
    "et": "PBS",
    "off": 23889,
    "sff": "PBS"
  },
  {
    "docID": "N145 Fouad 2005",
    "et": "AlbinoSwissRat",
    "off": 437,
    "sff": "Swiss"
  },
  {
    "docID": "N145 Fouad 2005",
    "et": "Duration",
    "off": 16257,
    "sff": "4 min"
  },
  {
    "docID": "N145 Fouad 2005",
    "et": "Duration",
    "off": 22742,
    "sff": "10 min"
  },
  {
    "docID": "N145 Fouad 2005",
    "et": "Duration",
    "off": 23837,
    "sff": "45 min"
  },
  {
    "docID": "N145 Fouad 2005",
    "et": "Duration",
    "off": 22869,
    "sff": "10 min"
  },
  {
    "docID": "N145 Fouad 2005",
    "et": "Duration",
    "off": 15039,
    "sff": "200µm (10–"
  },
  {
    "docID": "N145 Fouad 2005",
    "et": "Duration",
    "off": 21739,
    "sff": "0.1 M"
  },
  {
    "docID": "N145 Fouad 2005",
    "et": "Duration",
    "off": 24041,
    "sff": "1–2 min"
  },
  {
    "docID": "N145 Fouad 2005",
    "et": "Duration",
    "off": 14155,
    "sff": "2 week"
  },
  {
    "docID": "N145 Fouad 2005",
    "et": "Duration",
    "off": 23720,
    "sff": "45 min"
  },
  {
    "docID": "N145 Fouad 2005",
    "et": "Duration",
    "off": 23922,
    "sff": "0.05 M"
  },
  {
    "docID": "N145 Fouad 2005",
    "et": "Duration",
    "off": 22639,
    "sff": "20 min"
  },
  {
    "docID": "N145 Fouad 2005",
    "et": "Duration",
    "off": 31540,
    "sff": "8 weeks"
  },
  {
    "docID": "N145 Fouad 2005",
    "et": "Duration",
    "off": 31607,
    "sff": "9 weeks"
  },
  {
    "docID": "N145 Fouad 2005",
    "et": "Duration",
    "off": 21767,
    "sff": "24 h"
  },
  {
    "docID": "N145 Fouad 2005",
    "et": "Duration",
    "off": 23789,
    "sff": "10 min"
  },
  {
    "docID": "N145 Fouad 2005",
    "et": "Duration",
    "off": 23947,
    "sff": "5 min"
  },
  {
    "docID": "N145 Fouad 2005",
    "et": "Duration",
    "off": 31270,
    "sff": "8 weeks"
  },
  {
    "docID": "N145 Fouad 2005",
    "et": "Duration",
    "off": 8516,
    "sff": "2 weeks"
  },
  {
    "docID": "N145 Fouad 2005",
    "et": "Duration",
    "off": 31313,
    "sff": "7 weeks"
  },
  {
    "docID": "N145 Fouad 2005",
    "et": "Duration",
    "off": 13496,
    "sff": "4 d"
  },
  {
    "docID": "N145 Fouad 2005",
    "et": "Duration",
    "off": 13639,
    "sff": "2 weeks"
  },
  {
    "docID": "N145 Fouad 2005",
    "et": "Duration",
    "off": 12833,
    "sff": "4 weeks"
  },
  {
    "docID": "N145 Fouad 2005",
    "et": "Duration",
    "off": 13747,
    "sff": "2 weeks"
  },
  {
    "docID": "N145 Fouad 2005",
    "et": "Duration",
    "off": 23081,
    "sff": "1 min"
  },
  {
    "docID": "N145 Fouad 2005",
    "et": "Duration",
    "off": 12332,
    "sff": "4 weeks"
  },
  {
    "docID": "N145 Fouad 2005",
    "et": "Duration",
    "off": 13241,
    "sff": "74 h"
  },
  {
    "docID": "N145 Fouad 2005",
    "et": "Duration",
    "off": 6125,
    "sff": "2 weeks"
  },
  {
    "docID": "N145 Fouad 2005",
    "et": "Duration",
    "off": 18623,
    "sff": "9 weeks"
  },
  {
    "docID": "N145 Fouad 2005",
    "et": "Duration",
    "off": 13813,
    "sff": "4 weeks"
  },
  {
    "docID": "N145 Fouad 2005",
    "et": "Duration",
    "off": 29297,
    "sff": "6 weeks"
  },
  {
    "docID": "N145 Fouad 2005",
    "et": "Duration",
    "off": 22957,
    "sff": "0.1 M"
  },
  {
    "docID": "N145 Fouad 2005",
    "et": "Duration",
    "off": 8232,
    "sff": "12 h"
  },
  {
    "docID": "N145 Fouad 2005",
    "et": "Duration",
    "off": 23123,
    "sff": "30 s"
  },
  {
    "docID": "N145 Fouad 2005",
    "et": "Duration",
    "off": 19691,
    "sff": "2 min"
  },
  {
    "docID": "N145 Fouad 2005",
    "et": "Duration",
    "off": 21184,
    "sff": "24 h"
  },
  {
    "docID": "N145 Fouad 2005",
    "et": "Duration",
    "off": 22818,
    "sff": "10 min"
  },
  {
    "docID": "N145 Fouad 2005",
    "et": "Duration",
    "off": 13233,
    "sff": "8 h"
  },
  {
    "docID": "N145 Fouad 2005",
    "et": "Duration",
    "off": 32427,
    "sff": "9 weeks"
  },
  {
    "docID": "N145 Fouad 2005",
    "et": "Duration",
    "off": 23218,
    "sff": "30 min"
  },
  {
    "docID": "N145 Fouad 2005",
    "et": "Duration",
    "off": 23598,
    "sff": "10 min"
  },
  {
    "docID": "N145 Fouad 2005",
    "et": "Duration",
    "off": 30774,
    "sff": "9 weeks"
  },
  {
    "docID": "N145 Fouad 2005",
    "et": "Duration",
    "off": 23090,
    "sff": "600 W"
  },
  {
    "docID": "N145 Fouad 2005",
    "et": "Duration",
    "off": 21156,
    "sff": "0.05 M"
  },
  {
    "docID": "N145 Fouad 2005",
    "et": "Duration",
    "off": 19748,
    "sff": "10 weeks"
  },
  {
    "docID": "N145 Fouad 2005",
    "et": "Duration",
    "off": 20550,
    "sff": "5 min"
  },
  {
    "docID": "N145 Fouad 2005",
    "et": "Duration",
    "off": 27786,
    "sff": "150µm"
  },
  {
    "docID": "N145 Fouad 2005",
    "et": "Duration",
    "off": 22665,
    "sff": "0.1 M"
  },
  {
    "docID": "N145 Fouad 2005",
    "et": "Duration",
    "off": 7024,
    "sff": "5 d"
  },
  {
    "docID": "N145 Fouad 2005",
    "et": "Duration",
    "off": 21268,
    "sff": "2–16 h"
  },
  {
    "docID": "N145 Fouad 2005",
    "et": "Duration",
    "off": 13512,
    "sff": "1 d"
  },
  {
    "docID": "N145 Fouad 2005",
    "et": "Duration",
    "off": 20751,
    "sff": "0.1 M"
  },
  {
    "docID": "N145 Fouad 2005",
    "et": "Duration",
    "off": 39275,
    "sff": "8 weeks"
  },
  {
    "docID": "N145 Fouad 2005",
    "et": "Duration",
    "off": 24125,
    "sff": "10 min"
  },
  {
    "docID": "N145 Fouad 2005",
    "et": "Duration",
    "off": 16463,
    "sff": "1/250 s"
  },
  {
    "docID": "N145 Fouad 2005",
    "et": "Duration",
    "off": 11348,
    "sff": "5 min"
  },
  {
    "docID": "N145 Fouad 2005",
    "et": "Duration",
    "off": 29216,
    "sff": "5 weeks"
  },
  {
    "docID": "N145 Fouad 2005",
    "et": "Duration",
    "off": 23874,
    "sff": "10 min"
  },
  {
    "docID": "N145 Fouad 2005",
    "et": "Duration",
    "off": 20024,
    "sff": "0.01 M"
  },
  {
    "docID": "N145 Fouad 2005",
    "et": "Duration",
    "off": 23319,
    "sff": "20"
  },
  {
    "docID": "N145 Fouad 2005",
    "et": "Duration",
    "off": 41239,
    "sff": "9 weeks"
  },
  {
    "docID": "N145 Fouad 2005",
    "et": "Duration",
    "off": 18326,
    "sff": "9 weeks"
  },
  {
    "docID": "N145 Fouad 2005",
    "et": "Duration",
    "off": 7235,
    "sff": "18 d"
  },
  {
    "docID": "N145 Fouad 2005",
    "et": "Duration",
    "off": 22924,
    "sff": "20 min"
  },
  {
    "docID": "N145 Fouad 2005",
    "et": "Duration",
    "off": 26712,
    "sff": "8 weeks"
  },
  {
    "docID": "N145 Fouad 2005",
    "et": "LesionAdjacentTissue",
    "off": 21648,
    "sff": "adjacent"
  },
  {
    "docID": "N145 Fouad 2005",
    "et": "LesionAdjacentTissue",
    "off": 35062,
    "sff": "lesion"
  },
  {
    "docID": "N145 Fouad 2005",
    "et": "LesionAdjacentTissue",
    "off": 25784,
    "sff": "lesion"
  },
  {
    "docID": "N145 Fouad 2005",
    "et": "LesionAdjacentTissue",
    "off": 30553,
    "sff": "lesion"
  },
  {
    "docID": "N145 Fouad 2005",
    "et": "LesionAdjacentTissue",
    "off": 44666,
    "sff": "lesion"
  },
  {
    "docID": "N145 Fouad 2005",
    "et": "LesionAdjacentTissue",
    "off": 52732,
    "sff": "lesion"
  },
  {
    "docID": "N145 Fouad 2005",
    "et": "LesionAdjacentTissue",
    "off": 11486,
    "sff": "adjacent"
  },
  {
    "docID": "N145 Fouad 2005",
    "et": "LesionAdjacentTissue",
    "off": 37161,
    "sff": "lesion"
  },
  {
    "docID": "N145 Fouad 2005",
    "et": "LesionAdjacentTissue",
    "off": 45195,
    "sff": "lesion"
  },
  {
    "docID": "N145 Fouad 2005",
    "et": "LesionAdjacentTissue",
    "off": 45933,
    "sff": "lesion"
  },
  {
    "docID": "N145 Fouad 2005",
    "et": "LesionAdjacentTissue",
    "off": 24269,
    "sff": "lesion"
  },
  {
    "docID": "N145 Fouad 2005",
    "et": "LesionAdjacentTissue",
    "off": 35308,
    "sff": "lesion"
  },
  {
    "docID": "N145 Fouad 2005",
    "et": "LesionAdjacentTissue",
    "off": 11502,
    "sff": "lesion"
  },
  {
    "docID": "N145 Fouad 2005",
    "et": "LesionAdjacentTissue",
    "off": 58927,
    "sff": "lesion"
  },
  {
    "docID": "N145 Fouad 2005",
    "et": "LesionAdjacentTissue",
    "off": 42704,
    "sff": "lesion"
  },
  {
    "docID": "N145 Fouad 2005",
    "et": "LesionAdjacentTissue",
    "off": 10483,
    "sff": "lesion"
  },
  {
    "docID": "N145 Fouad 2005",
    "et": "LesionAdjacentTissue",
    "off": 42642,
    "sff": "lesion"
  },
  {
    "docID": "N145 Fouad 2005",
    "et": "LesionAdjacentTissue",
    "off": 55762,
    "sff": "lesion"
  },
  {
    "docID": "N145 Fouad 2005",
    "et": "SevereInjury",
    "off": 29387,
    "sff": "severe"
  },
  {
    "docID": "N145 Fouad 2005",
    "et": "CentralNervousSystem",
    "off": 54665,
    "sff": "central nervous"
  },
  {
    "docID": "N145 Fouad 2005",
    "et": "CentralNervousSystem",
    "off": 59417,
    "sff": "central nervous"
  },
  {
    "docID": "N145 Fouad 2005",
    "et": "CentralNervousSystem",
    "off": 59880,
    "sff": "central nervous"
  },
  {
    "docID": "N145 Fouad 2005",
    "et": "CentralNervousSystem",
    "off": 40230,
    "sff": "nervous"
  },
  {
    "docID": "N145 Fouad 2005",
    "et": "CentralNervousSystem",
    "off": 51434,
    "sff": "central nervous"
  },
  {
    "docID": "N145 Fouad 2005",
    "et": "CentralNervousSystem",
    "off": 40230,
    "sff": "nervous system"
  },
  {
    "docID": "N145 Fouad 2005",
    "et": "CentralNervousSystem",
    "off": 51434,
    "sff": "central nervous system"
  },
  {
    "docID": "N145 Fouad 2005",
    "et": "CentralNervousSystem",
    "off": 54665,
    "sff": "central nervous system"
  },
  {
    "docID": "N145 Fouad 2005",
    "et": "CentralNervousSystem",
    "off": 59417,
    "sff": "central nervous system"
  },
  {
    "docID": "N145 Fouad 2005",
    "et": "CentralNervousSystem",
    "off": 59880,
    "sff": "central nervous system"
  },
  {
    "docID": "N145 Fouad 2005",
    "et": "Fibroblast",
    "off": 53934,
    "sff": "fibroblast"
  },
  {
    "docID": "N145 Fouad 2005",
    "et": "Location",
    "off": 35428,
    "sff": "location"
  },
  {
    "docID": "N145 Fouad 2005",
    "et": "Matrix",
    "off": 42241,
    "sff": "matrix"
  },
  {
    "docID": "N145 Fouad 2005",
    "et": "Matrix",
    "off": 3477,
    "sff": "matrix"
  },
  {
    "docID": "N145 Fouad 2005",
    "et": "SpinalCentralPart",
    "off": 59880,
    "sff": "central"
  },
  {
    "docID": "N145 Fouad 2005",
    "et": "SpinalCentralPart",
    "off": 51434,
    "sff": "central"
  },
  {
    "docID": "N145 Fouad 2005",
    "et": "SpinalCentralPart",
    "off": 54665,
    "sff": "central"
  },
  {
    "docID": "N145 Fouad 2005",
    "et": "SpinalCentralPart",
    "off": 59417,
    "sff": "central"
  },
  {
    "docID": "N145 Fouad 2005",
    "et": "InjuryArea",
    "off": 22214,
    "sff": "area"
  },
  {
    "docID": "N145 Fouad 2005",
    "et": "InjuryArea",
    "off": 22438,
    "sff": "area"
  },
  {
    "docID": "N145 Fouad 2005",
    "et": "InjuryArea",
    "off": 36054,
    "sff": "area"
  },
  {
    "docID": "N145 Fouad 2005",
    "et": "InjuryArea",
    "off": 15244,
    "sff": "area"
  },
  {
    "docID": "N145 Fouad 2005",
    "et": "ShortTermCultivaton",
    "off": 12346,
    "sff": "short"
  },
  {
    "docID": "N145 Fouad 2005",
    "et": "MedicationDuringSurgery",
    "off": 12218,
    "sff": "during"
  },
  {
    "docID": "N145 Fouad 2005",
    "et": "MedicationDuringSurgery",
    "off": 60058,
    "sff": "during"
  },
  {
    "docID": "N145 Fouad 2005",
    "et": "MedicationDuringSurgery",
    "off": 30052,
    "sff": "during"
  },
  {
    "docID": "N145 Fouad 2005",
    "et": "MedicationDuringSurgery",
    "off": 33044,
    "sff": "during"
  },
  {
    "docID": "N145 Fouad 2005",
    "et": "MedicationDuringSurgery",
    "off": 45260,
    "sff": "During"
  },
  {
    "docID": "N145 Fouad 2005",
    "et": "MedicationDuringSurgery",
    "off": 34597,
    "sff": "during"
  },
  {
    "docID": "N145 Fouad 2005",
    "et": "MedicationDuringSurgery",
    "off": 16346,
    "sff": "During"
  },
  {
    "docID": "N145 Fouad 2005",
    "et": "MedicationDuringSurgery",
    "off": 58880,
    "sff": "during"
  },
  {
    "docID": "N145 Fouad 2005",
    "et": "MedicationDuringSurgery",
    "off": 46930,
    "sff": "during"
  },
  {
    "docID": "N145 Fouad 2005",
    "et": "MedicationDuringSurgery",
    "off": 18561,
    "sff": "during"
  },
  {
    "docID": "N145 Fouad 2005",
    "et": "MedicationDuringSurgery",
    "off": 31302,
    "sff": "During"
  },
  {
    "docID": "N145 Fouad 2005",
    "et": "MedicationDuringSurgery",
    "off": 16731,
    "sff": "during"
  },
  {
    "docID": "N145 Fouad 2005",
    "et": "SpinalCordStump",
    "off": 11025,
    "sff": "stump"
  },
  {
    "docID": "N145 Fouad 2005",
    "et": "SpinalCordStump",
    "off": 48112,
    "sff": "stump"
  },
  {
    "docID": "N145 Fouad 2005",
    "et": "SpinalCordStump",
    "off": 43107,
    "sff": "stump"
  },
  {
    "docID": "N145 Fouad 2005",
    "et": "SpinalCordStump",
    "off": 10652,
    "sff": "stump"
  },
  {
    "docID": "N145 Fouad 2005",
    "et": "SpinalCordStump",
    "off": 10461,
    "sff": "stump"
  },
  {
    "docID": "N145 Fouad 2005",
    "et": "SpinalCordStump",
    "off": 25437,
    "sff": "stump"
  },
  {
    "docID": "N145 Fouad 2005",
    "et": "SpinalCordStump",
    "off": 43422,
    "sff": "stump"
  },
  {
    "docID": "N145 Fouad 2005",
    "et": "SpinalCordStump",
    "off": 39416,
    "sff": "stump"
  },
  {
    "docID": "N145 Fouad 2005",
    "et": "SpinalCordStump",
    "off": 25659,
    "sff": "stump"
  },
  {
    "docID": "N145 Fouad 2005",
    "et": "SpinalCordStump",
    "off": 42436,
    "sff": "stump"
  },
  {
    "docID": "N145 Fouad 2005",
    "et": "Brain",
    "off": 51465,
    "sff": "Brain"
  },
  {
    "docID": "N145 Fouad 2005",
    "et": "Brain",
    "off": 56258,
    "sff": "brain"
  },
  {
    "docID": "N145 Fouad 2005",
    "et": "Brain",
    "off": 48119,
    "sff": "Brain"
  },
  {
    "docID": "N145 Fouad 2005",
    "et": "Brain",
    "off": 54851,
    "sff": "brain"
  },
  {
    "docID": "N145 Fouad 2005",
    "et": "Brain",
    "off": 57068,
    "sff": "Brain"
  },
  {
    "docID": "N145 Fouad 2005",
    "et": "Brain",
    "off": 20808,
    "sff": "brain"
  },
  {
    "docID": "N145 Fouad 2005",
    "et": "Brain",
    "off": 52593,
    "sff": "Brain"
  },
  {
    "docID": "N145 Fouad 2005",
    "et": "Brain",
    "off": 58736,
    "sff": "Brain"
  },
  {
    "docID": "N145 Fouad 2005",
    "et": "Brain",
    "off": 21692,
    "sff": "brain"
  },
  {
    "docID": "N145 Fouad 2005",
    "et": "Brain",
    "off": 58726,
    "sff": "Brain"
  },
  {
    "docID": "N145 Fouad 2005",
    "et": "Brain",
    "off": 40651,
    "sff": "brain"
  },
  {
    "docID": "N145 Fouad 2005",
    "et": "Laminectomy",
    "off": 29451,
    "sff": "laminectomy"
  },
  {
    "docID": "N145 Fouad 2005",
    "et": "Laminectomy",
    "off": 39994,
    "sff": "laminectomy"
  },
  {
    "docID": "N145 Fouad 2005",
    "et": "Laminectomy",
    "off": 29347,
    "sff": "laminectomy"
  },
  {
    "docID": "N145 Fouad 2005",
    "et": "Laminectomy",
    "off": 9743,
    "sff": "laminectomy"
  },
  {
    "docID": "N145 Fouad 2005",
    "et": "AscendingFiberTract",
    "off": 18963,
    "sff": "ascending"
  },
  {
    "docID": "N145 Fouad 2005",
    "et": "AscendingFiberTract",
    "off": 6669,
    "sff": "fiber"
  },
  {
    "docID": "N145 Fouad 2005",
    "et": "AscendingFiberTract",
    "off": 39948,
    "sff": "fiber"
  },
  {
    "docID": "N145 Fouad 2005",
    "et": "AscendingFiberTract",
    "off": 24207,
    "sff": "fiber"
  },
  {
    "docID": "N145 Fouad 2005",
    "et": "AscendingFiberTract",
    "off": 24657,
    "sff": "fiber"
  },
  {
    "docID": "N145 Fouad 2005",
    "et": "AscendingFiberTract",
    "off": 37550,
    "sff": "ascending"
  },
  {
    "docID": "N145 Fouad 2005",
    "et": "AscendingFiberTract",
    "off": 35946,
    "sff": "fiber"
  },
  {
    "docID": "N145 Fouad 2005",
    "et": "AscendingFiberTract",
    "off": 6906,
    "sff": "fiber"
  },
  {
    "docID": "N145 Fouad 2005",
    "et": "PregnenoloneS",
    "off": 52107,
    "sff": "pregnenolone"
  },
  {
    "docID": "N145 Fouad 2005",
    "et": "Dorsal",
    "off": 41964,
    "sff": "dorsal"
  },
  {
    "docID": "N145 Fouad 2005",
    "et": "Dorsal",
    "off": 19057,
    "sff": "dorsal"
  },
  {
    "docID": "N145 Fouad 2005",
    "et": "Dorsal",
    "off": 49119,
    "sff": "dorsal"
  },
  {
    "docID": "N145 Fouad 2005",
    "et": "Dorsal",
    "off": 11109,
    "sff": "dorsal"
  },
  {
    "docID": "N145 Fouad 2005",
    "et": "AntibioticMedication",
    "off": 13386,
    "sff": "antibiotic"
  },
  {
    "docID": "N145 Fouad 2005",
    "et": "TargetCompound",
    "off": 35727,
    "sff": "target"
  },
  {
    "docID": "N145 Fouad 2005",
    "et": "TargetCompound",
    "off": 19227,
    "sff": "target"
  },
  {
    "docID": "N145 Fouad 2005",
    "et": "TargetCompound",
    "off": 19387,
    "sff": "target"
  },
  {
    "docID": "N145 Fouad 2005",
    "et": "TargetCompound",
    "off": 54811,
    "sff": "target"
  },
  {
    "docID": "N145 Fouad 2005",
    "et": "TargetCompound",
    "off": 35641,
    "sff": "target"
  },
  {
    "docID": "N145 Fouad 2005",
    "et": "MethylprednisoloneMP",
    "off": 50467,
    "sff": "Methylprednisolone"
  },
  {
    "docID": "N145 Fouad 2005",
    "et": "MethylprednisoloneMP",
    "off": 5194,
    "sff": "methylprednisolone"
  },
  {
    "docID": "N145 Fouad 2005",
    "et": "MethylprednisoloneMP",
    "off": 55322,
    "sff": "methylprednisolone"
  },
  {
    "docID": "N145 Fouad 2005",
    "et": "MethylprednisoloneMP",
    "off": 56857,
    "sff": "methylprednisolone"
  },
  {
    "docID": "N145 Fouad 2005",
    "et": "Sacral",
    "off": 48981,
    "sff": "sacral"
  },
  {
    "docID": "N145 Fouad 2005",
    "et": "Antibody",
    "off": 23414,
    "sff": "antibody"
  },
  {
    "docID": "N145 Fouad 2005",
    "et": "Antibody",
    "off": 23653,
    "sff": "antibody"
  },
  {
    "docID": "N145 Fouad 2005",
    "et": "Antibody",
    "off": 54507,
    "sff": "antibody"
  },
  {
    "docID": "N145 Fouad 2005",
    "et": "Antibody",
    "off": 12781,
    "sff": "antibody"
  },
  {
    "docID": "N145 Fouad 2005",
    "et": "Antibody",
    "off": 14237,
    "sff": "antibody"
  },
  {
    "docID": "N145 Fouad 2005",
    "et": "Antibody",
    "off": 49788,
    "sff": "antibody"
  },
  {
    "docID": "N145 Fouad 2005",
    "et": "Antibody",
    "off": 15512,
    "sff": "antibody"
  },
  {
    "docID": "N145 Fouad 2005",
    "et": "Antibody",
    "off": 12858,
    "sff": "antibody"
  },
  {
    "docID": "N145 Fouad 2005",
    "et": "Antibody",
    "off": 12567,
    "sff": "Antibody"
  },
  {
    "docID": "N145 Fouad 2005",
    "et": "Purification",
    "off": 7113,
    "sff": "purification"
  },
  {
    "docID": "N145 Fouad 2005",
    "et": "UmbilicalCordBloodStemCell",
    "off": 37406,
    "sff": "blood"
  },
  {
    "docID": "N145 Fouad 2005",
    "et": "UmbilicalCordBloodStemCell",
    "off": 37339,
    "sff": "blood"
  },
  {
    "docID": "N145 Fouad 2005",
    "et": "UmbilicalCordBloodStemCell",
    "off": 38267,
    "sff": "blood"
  },
  {
    "docID": "N145 Fouad 2005",
    "et": "UmbilicalCordBloodStemCell",
    "off": 21597,
    "sff": "blood"
  },
  {
    "docID": "N145 Fouad 2005",
    "et": "UmbilicalCordBloodStemCell",
    "off": 22358,
    "sff": "blood"
  },
  {
    "docID": "N145 Fouad 2005",
    "et": "UmbilicalCordBloodStemCell",
    "off": 38566,
    "sff": "blood"
  },
  {
    "docID": "N145 Fouad 2005",
    "et": "UmbilicalCordBloodStemCell",
    "off": 21986,
    "sff": "blood"
  },
  {
    "docID": "N145 Fouad 2005",
    "et": "UmbilicalCordBloodStemCell",
    "off": 27957,
    "sff": "blood"
  },
  {
    "docID": "N145 Fouad 2005",
    "et": "ContusionType",
    "off": 52574,
    "sff": "contusion"
  },
  {
    "docID": "N145 Fouad 2005",
    "et": "CompoundSupplier",
    "off": 21798,
    "sff": "compound"
  },
  {
    "docID": "N145 Fouad 2005",
    "et": "RadiofrequencyLesionDevice",
    "off": 35308,
    "sff": "lesion"
  },
  {
    "docID": "N145 Fouad 2005",
    "et": "RadiofrequencyLesionDevice",
    "off": 24269,
    "sff": "lesion"
  },
  {
    "docID": "N145 Fouad 2005",
    "et": "RadiofrequencyLesionDevice",
    "off": 45933,
    "sff": "lesion"
  },
  {
    "docID": "N145 Fouad 2005",
    "et": "RadiofrequencyLesionDevice",
    "off": 45195,
    "sff": "lesion"
  },
  {
    "docID": "N145 Fouad 2005",
    "et": "RadiofrequencyLesionDevice",
    "off": 37161,
    "sff": "lesion"
  },
  {
    "docID": "N145 Fouad 2005",
    "et": "RadiofrequencyLesionDevice",
    "off": 10483,
    "sff": "lesion"
  },
  {
    "docID": "N145 Fouad 2005",
    "et": "RadiofrequencyLesionDevice",
    "off": 42642,
    "sff": "lesion"
  },
  {
    "docID": "N145 Fouad 2005",
    "et": "RadiofrequencyLesionDevice",
    "off": 55762,
    "sff": "lesion"
  },
  {
    "docID": "N145 Fouad 2005",
    "et": "RadiofrequencyLesionDevice",
    "off": 42704,
    "sff": "lesion"
  },
  {
    "docID": "N145 Fouad 2005",
    "et": "RadiofrequencyLesionDevice",
    "off": 11502,
    "sff": "lesion"
  },
  {
    "docID": "N145 Fouad 2005",
    "et": "RadiofrequencyLesionDevice",
    "off": 58927,
    "sff": "lesion"
  },
  {
    "docID": "N145 Fouad 2005",
    "et": "RadiofrequencyLesionDevice",
    "off": 52732,
    "sff": "lesion"
  },
  {
    "docID": "N145 Fouad 2005",
    "et": "RadiofrequencyLesionDevice",
    "off": 44666,
    "sff": "lesion"
  },
  {
    "docID": "N145 Fouad 2005",
    "et": "RadiofrequencyLesionDevice",
    "off": 25784,
    "sff": "lesion"
  },
  {
    "docID": "N145 Fouad 2005",
    "et": "RadiofrequencyLesionDevice",
    "off": 30553,
    "sff": "lesion"
  },
  {
    "docID": "N145 Fouad 2005",
    "et": "RadiofrequencyLesionDevice",
    "off": 35062,
    "sff": "lesion"
  },
  {
    "docID": "N145 Fouad 2005",
    "et": "TailVeinLocation",
    "off": 19004,
    "sff": "tail"
  },
  {
    "docID": "N145 Fouad 2005",
    "et": "TailVeinLocation",
    "off": 35372,
    "sff": "tail"
  },
  {
    "docID": "N145 Fouad 2005",
    "et": "TailVeinLocation",
    "off": 27124,
    "sff": "tail"
  },
  {
    "docID": "N145 Fouad 2005",
    "et": "TailVeinLocation",
    "off": 35589,
    "sff": "tail"
  },
  {
    "docID": "N145 Fouad 2005",
    "et": "Protein",
    "off": 14713,
    "sff": "protein"
  },
  {
    "docID": "N145 Fouad 2005",
    "et": "GlialCell",
    "off": 51419,
    "sff": "glial"
  },
  {
    "docID": "N145 Fouad 2005",
    "et": "GlialCell",
    "off": 1136,
    "sff": "glial"
  },
  {
    "docID": "N145 Fouad 2005",
    "et": "GlialCell",
    "off": 59250,
    "sff": "glial"
  },
  {
    "docID": "N145 Fouad 2005",
    "et": "GlialCell",
    "off": 55011,
    "sff": "glial"
  },
  {
    "docID": "N145 Fouad 2005",
    "et": "GlialCell",
    "off": 3021,
    "sff": "glial"
  },
  {
    "docID": "N145 Fouad 2005",
    "et": "Rolipram",
    "off": 55723,
    "sff": "rolipram"
  },
  {
    "docID": "N145 Fouad 2005",
    "et": "PostSurgeryCondition",
    "off": 26726,
    "sff": "surgery"
  },
  {
    "docID": "N145 Fouad 2005",
    "et": "PostSurgeryCondition",
    "off": 41174,
    "sff": "surgery"
  },
  {
    "docID": "N145 Fouad 2005",
    "et": "PostSurgeryCondition",
    "off": 12978,
    "sff": "surgery"
  },
  {
    "docID": "N145 Fouad 2005",
    "et": "PostSurgeryCondition",
    "off": 13523,
    "sff": "surgery"
  },
  {
    "docID": "N145 Fouad 2005",
    "et": "PostSurgeryCondition",
    "off": 11325,
    "sff": "surgery"
  },
  {
    "docID": "N145 Fouad 2005",
    "et": "PostSurgeryCondition",
    "off": 603,
    "sff": "Surgery"
  },
  {
    "docID": "N145 Fouad 2005",
    "et": "VimentinAntiSenseDNA",
    "off": 23641,
    "sff": "anti"
  },
  {
    "docID": "N145 Fouad 2005",
    "et": "RatSpecies",
    "off": 13721,
    "sff": "rat"
  },
  {
    "docID": "N145 Fouad 2005",
    "et": "RatSpecies",
    "off": 48219,
    "sff": "rat"
  },
  {
    "docID": "N145 Fouad 2005",
    "et": "RatSpecies",
    "off": 52893,
    "sff": "rat"
  },
  {
    "docID": "N145 Fouad 2005",
    "et": "RatSpecies",
    "off": 60113,
    "sff": "rat"
  },
  {
    "docID": "N145 Fouad 2005",
    "et": "RatSpecies",
    "off": 26836,
    "sff": "rat"
  },
  {
    "docID": "N145 Fouad 2005",
    "et": "RatSpecies",
    "off": 18710,
    "sff": "rat"
  },
  {
    "docID": "N145 Fouad 2005",
    "et": "RatSpecies",
    "off": 48971,
    "sff": "rat"
  },
  {
    "docID": "N145 Fouad 2005",
    "et": "RatSpecies",
    "off": 60748,
    "sff": "rat"
  },
  {
    "docID": "N145 Fouad 2005",
    "et": "RatSpecies",
    "off": 60558,
    "sff": "rat"
  },
  {
    "docID": "N145 Fouad 2005",
    "et": "RatSpecies",
    "off": 49743,
    "sff": "rat"
  },
  {
    "docID": "N145 Fouad 2005",
    "et": "RatSpecies",
    "off": 50575,
    "sff": "rat"
  },
  {
    "docID": "N145 Fouad 2005",
    "et": "RatSpecies",
    "off": 52752,
    "sff": "rat"
  },
  {
    "docID": "N145 Fouad 2005",
    "et": "RatSpecies",
    "off": 54096,
    "sff": "rat"
  },
  {
    "docID": "N145 Fouad 2005",
    "et": "RatSpecies",
    "off": 59664,
    "sff": "rat"
  },
  {
    "docID": "N145 Fouad 2005",
    "et": "RatSpecies",
    "off": 57796,
    "sff": "rat"
  },
  {
    "docID": "N145 Fouad 2005",
    "et": "RatSpecies",
    "off": 54331,
    "sff": "rat"
  },
  {
    "docID": "N145 Fouad 2005",
    "et": "RatSpecies",
    "off": 45053,
    "sff": "rat"
  },
  {
    "docID": "N145 Fouad 2005",
    "et": "RatSpecies",
    "off": 56254,
    "sff": "rat"
  },
  {
    "docID": "N145 Fouad 2005",
    "et": "RatSpecies",
    "off": 54847,
    "sff": "rat"
  },
  {
    "docID": "N145 Fouad 2005",
    "et": "RatSpecies",
    "off": 49588,
    "sff": "rat"
  },
  {
    "docID": "N145 Fouad 2005",
    "et": "RatSpecies",
    "off": 53428,
    "sff": "rat"
  },
  {
    "docID": "N145 Fouad 2005",
    "et": "RatSpecies",
    "off": 53240,
    "sff": "rat"
  },
  {
    "docID": "N145 Fouad 2005",
    "et": "RatSpecies",
    "off": 31722,
    "sff": "rat"
  },
  {
    "docID": "N145 Fouad 2005",
    "et": "RatSpecies",
    "off": 57645,
    "sff": "rat"
  },
  {
    "docID": "N145 Fouad 2005",
    "et": "RatSpecies",
    "off": 59169,
    "sff": "rat"
  },
  {
    "docID": "N145 Fouad 2005",
    "et": "RatSpecies",
    "off": 55079,
    "sff": "rat"
  },
  {
    "docID": "N145 Fouad 2005",
    "et": "RatSpecies",
    "off": 60968,
    "sff": "rat"
  },
  {
    "docID": "N145 Fouad 2005",
    "et": "InjuryIntensity",
    "off": 15433,
    "sff": "intensity"
  },
  {
    "docID": "N145 Fouad 2005",
    "et": "InjuryIntensity",
    "off": 15593,
    "sff": "intensity"
  },
  {
    "docID": "N145 Fouad 2005",
    "et": "InjuryIntensity",
    "off": 28647,
    "sff": "intensity"
  },
  {
    "docID": "N145 Fouad 2005",
    "et": "InjuryIntensity",
    "off": 19348,
    "sff": "intensity"
  },
  {
    "docID": "N145 Fouad 2005",
    "et": "InjuryIntensity",
    "off": 19522,
    "sff": "intensity"
  },
  {
    "docID": "N145 Fouad 2005",
    "et": "InjuryIntensity",
    "off": 14929,
    "sff": "intensity"
  },
  {
    "docID": "N145 Fouad 2005",
    "et": "Direction",
    "off": 2364,
    "sff": "direction"
  },
  {
    "docID": "N145 Fouad 2005",
    "et": "Direction",
    "off": 38915,
    "sff": "direction"
  },
  {
    "docID": "N145 Fouad 2005",
    "et": "SodiumPentobarbital",
    "off": 21491,
    "sff": "sodium"
  },
  {
    "docID": "N145 Fouad 2005",
    "et": "VertebralArea",
    "off": 40015,
    "sff": "vertebral"
  },
  {
    "docID": "N145 Fouad 2005",
    "et": "VertebralArea",
    "off": 9770,
    "sff": "vertebral"
  },
  {
    "docID": "N145 Fouad 2005",
    "et": "Caudal",
    "off": 43745,
    "sff": "caudal"
  },
  {
    "docID": "N145 Fouad 2005",
    "et": "Caudal",
    "off": 45919,
    "sff": "caudal"
  },
  {
    "docID": "N145 Fouad 2005",
    "et": "Caudal",
    "off": 12709,
    "sff": "caudal"
  },
  {
    "docID": "N145 Fouad 2005",
    "et": "Caudal",
    "off": 21669,
    "sff": "caudal"
  },
  {
    "docID": "N145 Fouad 2005",
    "et": "Caudal",
    "off": 27494,
    "sff": "caudal"
  },
  {
    "docID": "N145 Fouad 2005",
    "et": "Caudal",
    "off": 15528,
    "sff": "caudal"
  },
  {
    "docID": "N145 Fouad 2005",
    "et": "Caudal",
    "off": 1810,
    "sff": "caudal"
  },
  {
    "docID": "N145 Fouad 2005",
    "et": "Caudal",
    "off": 28559,
    "sff": "caudal"
  },
  {
    "docID": "N145 Fouad 2005",
    "et": "Caudal",
    "off": 34832,
    "sff": "caudal"
  },
  {
    "docID": "N145 Fouad 2005",
    "et": "Caudal",
    "off": 36240,
    "sff": "caudal"
  },
  {
    "docID": "N145 Fouad 2005",
    "et": "Caudal",
    "off": 37269,
    "sff": "caudal"
  },
  {
    "docID": "N145 Fouad 2005",
    "et": "Caudal",
    "off": 10454,
    "sff": "caudal"
  },
  {
    "docID": "N145 Fouad 2005",
    "et": "Caudal",
    "off": 25430,
    "sff": "caudal"
  },
  {
    "docID": "N145 Fouad 2005",
    "et": "Caudal",
    "off": 43284,
    "sff": "caudal"
  },
  {
    "docID": "N145 Fouad 2005",
    "et": "Caudal",
    "off": 11863,
    "sff": "caudal"
  },
  {
    "docID": "N145 Fouad 2005",
    "et": "Caudal",
    "off": 12119,
    "sff": "caudal"
  },
  {
    "docID": "N145 Fouad 2005",
    "et": "Caudal",
    "off": 43415,
    "sff": "caudal"
  },
  {
    "docID": "N145 Fouad 2005",
    "et": "Caudal",
    "off": 15320,
    "sff": "caudal"
  },
  {
    "docID": "N145 Fouad 2005",
    "et": "Caudal",
    "off": 43100,
    "sff": "caudal"
  },
  {
    "docID": "N145 Fouad 2005",
    "et": "Caudal",
    "off": 24255,
    "sff": "caudal"
  },
  {
    "docID": "N145 Fouad 2005",
    "et": "Caudal",
    "off": 60934,
    "sff": "caudal"
  },
  {
    "docID": "N145 Fouad 2005",
    "et": "Caudal",
    "off": 11018,
    "sff": "caudal"
  },
  {
    "docID": "N145 Fouad 2005",
    "et": "Caudal",
    "off": 25677,
    "sff": "caudal"
  },
  {
    "docID": "N145 Fouad 2005",
    "et": "Caudal",
    "off": 39409,
    "sff": "caudal"
  },
  {
    "docID": "N145 Fouad 2005",
    "et": "Caudal",
    "off": 36975,
    "sff": "caudal"
  },
  {
    "docID": "N145 Fouad 2005",
    "et": "Caudal",
    "off": 43568,
    "sff": "caudal"
  },
  {
    "docID": "N145 Fouad 2005",
    "et": "Caudal",
    "off": 9971,
    "sff": "caudal"
  },
  {
    "docID": "N145 Fouad 2005",
    "et": "Caudal",
    "off": 25395,
    "sff": "caudal"
  },
  {
    "docID": "N145 Fouad 2005",
    "et": "Caudal",
    "off": 36339,
    "sff": "caudal"
  },
  {
    "docID": "N145 Fouad 2005",
    "et": "Caudal",
    "off": 14969,
    "sff": "caudal"
  },
  {
    "docID": "N145 Fouad 2005",
    "et": "Caudal",
    "off": 24765,
    "sff": "caudal"
  },
  {
    "docID": "N145 Fouad 2005",
    "et": "Caudal",
    "off": 27262,
    "sff": "caudal"
  },
  {
    "docID": "N145 Fouad 2005",
    "et": "Caudal",
    "off": 36411,
    "sff": "caudal"
  },
  {
    "docID": "N145 Fouad 2005",
    "et": "Caudal",
    "off": 27324,
    "sff": "caudal"
  },
  {
    "docID": "N145 Fouad 2005",
    "et": "VertebralSegment",
    "off": 9770,
    "sff": "vertebral"
  },
  {
    "docID": "N145 Fouad 2005",
    "et": "VertebralSegment",
    "off": 40015,
    "sff": "vertebral"
  },
  {
    "docID": "N145 Fouad 2005",
    "et": "AntiCD11dAntibody",
    "off": 23641,
    "sff": "anti"
  },
  {
    "docID": "N145 Fouad 2005",
    "et": "L1",
    "off": 59983,
    "sff": "L1"
  },
  {
    "docID": "N145 Fouad 2005",
    "et": "SchwannCell",
    "off": 59532,
    "sff": "Schwann cell"
  },
  {
    "docID": "N145 Fouad 2005",
    "et": "SchwannCell",
    "off": 26861,
    "sff": "Schwann cell"
  },
  {
    "docID": "N145 Fouad 2005",
    "et": "SchwannCell",
    "off": 11,
    "sff": "Schwann Cell"
  },
  {
    "docID": "N145 Fouad 2005",
    "et": "SchwannCell",
    "off": 54217,
    "sff": "Schwann"
  },
  {
    "docID": "N145 Fouad 2005",
    "et": "SchwannCell",
    "off": 60529,
    "sff": "Schwann cell"
  },
  {
    "docID": "N145 Fouad 2005",
    "et": "SchwannCell",
    "off": 50340,
    "sff": "Schwann"
  },
  {
    "docID": "N145 Fouad 2005",
    "et": "SchwannCell",
    "off": 5137,
    "sff": "Schwann cell"
  },
  {
    "docID": "N145 Fouad 2005",
    "et": "SchwannCell",
    "off": 9329,
    "sff": "Schwann cell"
  },
  {
    "docID": "N145 Fouad 2005",
    "et": "SchwannCell",
    "off": 54052,
    "sff": "Schwann cell"
  },
  {
    "docID": "N145 Fouad 2005",
    "et": "SchwannCell",
    "off": 5826,
    "sff": "Schwann"
  },
  {
    "docID": "N145 Fouad 2005",
    "et": "SchwannCell",
    "off": 50535,
    "sff": "Schwann cell"
  },
  {
    "docID": "N145 Fouad 2005",
    "et": "SchwannCell",
    "off": 27626,
    "sff": "Schwann cell"
  },
  {
    "docID": "N145 Fouad 2005",
    "et": "SchwannCell",
    "off": 55197,
    "sff": "Schwann"
  },
  {
    "docID": "N145 Fouad 2005",
    "et": "SchwannCell",
    "off": 56569,
    "sff": "Schwann"
  },
  {
    "docID": "N145 Fouad 2005",
    "et": "SchwannCell",
    "off": 56764,
    "sff": "Schwann"
  },
  {
    "docID": "N145 Fouad 2005",
    "et": "SchwannCell",
    "off": 60855,
    "sff": "Schwann cell"
  },
  {
    "docID": "N145 Fouad 2005",
    "et": "SchwannCell",
    "off": 1239,
    "sff": "Schwann"
  },
  {
    "docID": "N145 Fouad 2005",
    "et": "SchwannCell",
    "off": 59800,
    "sff": "Schwann cell"
  },
  {
    "docID": "N145 Fouad 2005",
    "et": "NewZealandRabbit",
    "off": 6165,
    "sff": "new"
  },
  {
    "docID": "N145 Fouad 2005",
    "et": "NewZealandRabbit",
    "off": 41812,
    "sff": "new"
  },
  {
    "docID": "N145 Fouad 2005",
    "et": "NewZealandRabbit",
    "off": 48655,
    "sff": "new"
  },
  {
    "docID": "N145 Fouad 2005",
    "et": "NewZealandRabbit",
    "off": 17757,
    "sff": "new"
  },
  {
    "docID": "N145 Fouad 2005",
    "et": "SigmaAldrich",
    "off": 14461,
    "sff": "Sigma-Aldrich"
  },
  {
    "docID": "N145 Fouad 2005",
    "et": "DescendingFiberTract",
    "off": 35946,
    "sff": "fiber"
  },
  {
    "docID": "N145 Fouad 2005",
    "et": "DescendingFiberTract",
    "off": 24207,
    "sff": "fiber"
  },
  {
    "docID": "N145 Fouad 2005",
    "et": "DescendingFiberTract",
    "off": 24657,
    "sff": "fiber"
  },
  {
    "docID": "N145 Fouad 2005",
    "et": "DescendingFiberTract",
    "off": 39948,
    "sff": "fiber"
  },
  {
    "docID": "N145 Fouad 2005",
    "et": "DescendingFiberTract",
    "off": 6669,
    "sff": "fiber"
  },
  {
    "docID": "N145 Fouad 2005",
    "et": "DescendingFiberTract",
    "off": 45704,
    "sff": "descending"
  },
  {
    "docID": "N145 Fouad 2005",
    "et": "DescendingFiberTract",
    "off": 45607,
    "sff": "descending"
  },
  {
    "docID": "N145 Fouad 2005",
    "et": "DescendingFiberTract",
    "off": 37093,
    "sff": "descending"
  },
  {
    "docID": "N145 Fouad 2005",
    "et": "DescendingFiberTract",
    "off": 15876,
    "sff": "descending"
  },
  {
    "docID": "N145 Fouad 2005",
    "et": "DescendingFiberTract",
    "off": 6906,
    "sff": "fiber"
  },
  {
    "docID": "N145 Fouad 2005",
    "et": "DescendingFiberTract",
    "off": 29923,
    "sff": "descending"
  },
  {
    "docID": "N145 Fouad 2005",
    "et": "DescendingFiberTract",
    "off": 37535,
    "sff": "descending"
  },
  {
    "docID": "N145 Fouad 2005",
    "et": "DescendingFiberTract",
    "off": 33082,
    "sff": "descending"
  },
  {
    "docID": "N145 Fouad 2005",
    "et": "DescendingFiberTract",
    "off": 35994,
    "sff": "descending"
  },
  {
    "docID": "N145 Fouad 2005",
    "et": "DescendingFiberTract",
    "off": 1849,
    "sff": "descending"
  },
  {
    "docID": "N145 Fouad 2005",
    "et": "DescendingFiberTract",
    "off": 34487,
    "sff": "descending"
  },
  {
    "docID": "N145 Fouad 2005",
    "et": "PartialTransection",
    "off": 49153,
    "sff": "partial"
  },
  {
    "docID": "N145 Fouad 2005",
    "et": "PartialTransection",
    "off": 28932,
    "sff": "Partial"
  },
  {
    "docID": "N145 Fouad 2005",
    "et": "PartialTransection",
    "off": 60308,
    "sff": "partial"
  },
  {
    "docID": "N145 Fouad 2005",
    "et": "PartialTransection",
    "off": 15849,
    "sff": "partial"
  },
  {
    "docID": "N145 Fouad 2005",
    "et": "PartialTransection",
    "off": 50701,
    "sff": "partial"
  },
  {
    "docID": "N145 Fouad 2005",
    "et": "Lumbar",
    "off": 12668,
    "sff": "lumbar"
  },
  {
    "docID": "N145 Fouad 2005",
    "et": "Lumbar",
    "off": 58556,
    "sff": "lumbar"
  },
  {
    "docID": "N145 Fouad 2005",
    "et": "Lumbar",
    "off": 30221,
    "sff": "lumbar"
  },
  {
    "docID": "N145 Fouad 2005",
    "et": "Lumbar",
    "off": 44170,
    "sff": "lumbar"
  },
  {
    "docID": "N145 Fouad 2005",
    "et": "Lumbar",
    "off": 36804,
    "sff": "lumbar"
  },
  {
    "docID": "N145 Fouad 2005",
    "et": "Thoracic",
    "off": 50579,
    "sff": "thoracic"
  },
  {
    "docID": "N145 Fouad 2005",
    "et": "Thoracic",
    "off": 54100,
    "sff": "thoracic"
  },
  {
    "docID": "N145 Fouad 2005",
    "et": "Thoracic",
    "off": 59668,
    "sff": "thoracic"
  },
  {
    "docID": "N145 Fouad 2005",
    "et": "Thoracic",
    "off": 60562,
    "sff": "thoracic"
  },
  {
    "docID": "N145 Fouad 2005",
    "et": "Thoracic",
    "off": 26204,
    "sff": "thoracic"
  },
  {
    "docID": "N145 Fouad 2005",
    "et": "Thoracic",
    "off": 51688,
    "sff": "thoracic"
  },
  {
    "docID": "N145 Fouad 2005",
    "et": "VertebralLocation",
    "off": 9770,
    "sff": "vertebral"
  },
  {
    "docID": "N145 Fouad 2005",
    "et": "VertebralLocation",
    "off": 40015,
    "sff": "vertebral"
  },
  {
    "docID": "N145 Fouad 2005",
    "et": "LightSource",
    "off": 24317,
    "sff": "light"
  },
  {
    "docID": "N145 Fouad 2005",
    "et": "LightSource",
    "off": 8237,
    "sff": "light"
  },
  {
    "docID": "N145 Fouad 2005",
    "et": "GreenFluorescentProtein",
    "off": 24908,
    "sff": "fluorescent"
  },
  {
    "docID": "N145 Fouad 2005",
    "et": "Seikagaku",
    "off": 11968,
    "sff": "Seikagaku"
  },
  {
    "docID": "N145 Fouad 2005",
    "et": "Seikagaku",
    "off": 14259,
    "sff": "Seikagaku"
  },
  {
    "docID": "N145 Fouad 2005",
    "et": "StemCellSourceType",
    "off": 26869,
    "sff": "cell"
  },
  {
    "docID": "N145 Fouad 2005",
    "et": "StemCellSourceType",
    "off": 5145,
    "sff": "cell"
  },
  {
    "docID": "N145 Fouad 2005",
    "et": "StemCellSourceType",
    "off": 5813,
    "sff": "Cell"
  },
  {
    "docID": "N145 Fouad 2005",
    "et": "StemCellSourceType",
    "off": 9337,
    "sff": "cell"
  },
  {
    "docID": "N145 Fouad 2005",
    "et": "StemCellSourceType",
    "off": 60537,
    "sff": "cell"
  },
  {
    "docID": "N145 Fouad 2005",
    "et": "StemCellSourceType",
    "off": 19,
    "sff": "Cell"
  },
  {
    "docID": "N145 Fouad 2005",
    "et": "StemCellSourceType",
    "off": 50543,
    "sff": "cell"
  },
  {
    "docID": "N145 Fouad 2005",
    "et": "StemCellSourceType",
    "off": 560,
    "sff": "Cell"
  },
  {
    "docID": "N145 Fouad 2005",
    "et": "StemCellSourceType",
    "off": 59540,
    "sff": "cell"
  },
  {
    "docID": "N145 Fouad 2005",
    "et": "StemCellSourceType",
    "off": 27634,
    "sff": "cell"
  },
  {
    "docID": "N145 Fouad 2005",
    "et": "StemCellSourceType",
    "off": 2567,
    "sff": "cell"
  },
  {
    "docID": "N145 Fouad 2005",
    "et": "StemCellSourceType",
    "off": 54060,
    "sff": "cell"
  },
  {
    "docID": "N145 Fouad 2005",
    "et": "StemCellSourceType",
    "off": 60863,
    "sff": "cell"
  },
  {
    "docID": "N145 Fouad 2005",
    "et": "StemCellSourceType",
    "off": 39040,
    "sff": "cell"
  },
  {
    "docID": "N145 Fouad 2005",
    "et": "StemCellSourceType",
    "off": 59808,
    "sff": "cell"
  },
  {
    "docID": "N145 Fouad 2005",
    "et": "StemCellSourceType",
    "off": 34882,
    "sff": "Cell"
  },
  {
    "docID": "N145 Fouad 2005",
    "et": "StemCellSourceType",
    "off": 4676,
    "sff": "cell"
  },
  {
    "docID": "N145 Fouad 2005",
    "et": "StemCellSourceType",
    "off": 26146,
    "sff": "cell"
  },
  {
    "docID": "N145 Fouad 2005",
    "et": "InVitroExperimentalProcedure",
    "off": 38766,
    "sff": "experimental"
  },
  {
    "docID": "N145 Fouad 2005",
    "et": "InVitroExperimentalProcedure",
    "off": 2846,
    "sff": "experimental"
  },
  {
    "docID": "N145 Fouad 2005",
    "et": "InVitroExperimentalProcedure",
    "off": 26118,
    "sff": "Experimental"
  },
  {
    "docID": "N145 Fouad 2005",
    "et": "InVitroExperimentalProcedure",
    "off": 39723,
    "sff": "experimental"
  },
  {
    "docID": "N145 Fouad 2005",
    "et": "InVitroExperimentalProcedure",
    "off": 53443,
    "sff": "vitro"
  },
  {
    "docID": "N145 Fouad 2005",
    "et": "InVitroExperimentalProcedure",
    "off": 2273,
    "sff": "experimental"
  },
  {
    "docID": "N145 Fouad 2005",
    "et": "InVitroExperimentalProcedure",
    "off": 8728,
    "sff": "experimental"
  },
  {
    "docID": "N145 Fouad 2005",
    "et": "InVitroExperimentalProcedure",
    "off": 35138,
    "sff": "experimental"
  },
  {
    "docID": "N145 Fouad 2005",
    "et": "InVitroExperimentalProcedure",
    "off": 42466,
    "sff": "experimental"
  },
  {
    "docID": "N145 Fouad 2005",
    "et": "SerotonergicFibers",
    "off": 36949,
    "sff": "serotonergic fibers"
  },
  {
    "docID": "N145 Fouad 2005",
    "et": "SerotonergicFibers",
    "off": 36185,
    "sff": "Serotonergic fibers"
  },
  {
    "docID": "N145 Fouad 2005",
    "et": "SerotonergicFibers",
    "off": 44067,
    "sff": "serotonergic fibers"
  },
  {
    "docID": "N145 Fouad 2005",
    "et": "SerotonergicFibers",
    "off": 1748,
    "sff": "serotonergic fibers"
  },
  {
    "docID": "N145 Fouad 2005",
    "et": "SerotonergicFibers",
    "off": 43940,
    "sff": "serotonergic fibers"
  },
  {
    "docID": "N145 Fouad 2005",
    "et": "SerotonergicFibers",
    "off": 35933,
    "sff": "serotonergic"
  },
  {
    "docID": "N145 Fouad 2005",
    "et": "SerotonergicFibers",
    "off": 44397,
    "sff": "serotonergic"
  },
  {
    "docID": "N145 Fouad 2005",
    "et": "SerotonergicFibers",
    "off": 41546,
    "sff": "serotonergic"
  },
  {
    "docID": "N145 Fouad 2005",
    "et": "SerotonergicFibers",
    "off": 36148,
    "sff": "serotonergic"
  },
  {
    "docID": "N145 Fouad 2005",
    "et": "SerotonergicFibers",
    "off": 36312,
    "sff": "serotonergic fibers"
  },
  {
    "docID": "N145 Fouad 2005",
    "et": "AntiNG2Antibody",
    "off": 23641,
    "sff": "anti"
  },
  {
    "docID": "N145 Fouad 2005",
    "et": "FischerRat",
    "off": 8137,
    "sff": "Fischer"
  },
  {
    "docID": "N145 Fouad 2005",
    "et": "FischerRat",
    "off": 6719,
    "sff": "Fischer"
  },
  {
    "docID": "N145 Fouad 2005",
    "et": "FischerRat",
    "off": 5895,
    "sff": "Fischer"
  },
  {
    "docID": "N145 Fouad 2005",
    "et": "AllenWeightDropDevice",
    "off": 9533,
    "sff": "weight"
  },
  {
    "docID": "N145 Fouad 2005",
    "et": "AllenWeightDropDevice",
    "off": 19988,
    "sff": "weight"
  },
  {
    "docID": "N145 Fouad 2005",
    "et": "AllenWeightDropDevice",
    "off": 9441,
    "sff": "weight"
  },
  {
    "docID": "N145 Fouad 2005",
    "et": "AllenWeightDropDevice",
    "off": 20670,
    "sff": "weight"
  },
  {
    "docID": "N145 Fouad 2005",
    "et": "AntiNogoAAntibody",
    "off": 51974,
    "sff": "Nogo"
  },
  {
    "docID": "N145 Fouad 2005",
    "et": "AntiNogoAAntibody",
    "off": 53095,
    "sff": "Nogo"
  },
  {
    "docID": "N145 Fouad 2005",
    "et": "AntiNogoAAntibody",
    "off": 23641,
    "sff": "anti"
  },
  {
    "docID": "N145 Fouad 2005",
    "et": "AntiNogoAAntibody",
    "off": 47222,
    "sff": "Nogo"
  },
  {
    "docID": "N145 Fouad 2005",
    "et": "AntiNogoAAntibody",
    "off": 3096,
    "sff": "NOGO"
  },
  {
    "docID": "N145 Fouad 2005",
    "et": "AntiNogoAAntibody",
    "off": 53597,
    "sff": "Nogo"
  },
  {
    "docID": "N145 Fouad 2005",
    "et": "AntiNogoAAntibody",
    "off": 47230,
    "sff": "Nogo"
  },
  {
    "docID": "N145 Fouad 2005",
    "et": "LongEvansRat",
    "off": 57738,
    "sff": "Long"
  },
  {
    "docID": "N145 Fouad 2005",
    "et": "Cell",
    "off": 2567,
    "sff": "cell"
  },
  {
    "docID": "N145 Fouad 2005",
    "et": "Cell",
    "off": 54060,
    "sff": "cell"
  },
  {
    "docID": "N145 Fouad 2005",
    "et": "Cell",
    "off": 26146,
    "sff": "cell"
  },
  {
    "docID": "N145 Fouad 2005",
    "et": "Cell",
    "off": 59808,
    "sff": "cell"
  },
  {
    "docID": "N145 Fouad 2005",
    "et": "Cell",
    "off": 39040,
    "sff": "cell"
  },
  {
    "docID": "N145 Fouad 2005",
    "et": "Cell",
    "off": 60863,
    "sff": "cell"
  },
  {
    "docID": "N145 Fouad 2005",
    "et": "Cell",
    "off": 34882,
    "sff": "Cell"
  },
  {
    "docID": "N145 Fouad 2005",
    "et": "Cell",
    "off": 4676,
    "sff": "cell"
  },
  {
    "docID": "N145 Fouad 2005",
    "et": "Cell",
    "off": 5145,
    "sff": "cell"
  },
  {
    "docID": "N145 Fouad 2005",
    "et": "Cell",
    "off": 9337,
    "sff": "cell"
  },
  {
    "docID": "N145 Fouad 2005",
    "et": "Cell",
    "off": 60537,
    "sff": "cell"
  },
  {
    "docID": "N145 Fouad 2005",
    "et": "Cell",
    "off": 5813,
    "sff": "Cell"
  },
  {
    "docID": "N145 Fouad 2005",
    "et": "Cell",
    "off": 27634,
    "sff": "cell"
  },
  {
    "docID": "N145 Fouad 2005",
    "et": "Cell",
    "off": 19,
    "sff": "Cell"
  },
  {
    "docID": "N145 Fouad 2005",
    "et": "Cell",
    "off": 50543,
    "sff": "cell"
  },
  {
    "docID": "N145 Fouad 2005",
    "et": "Cell",
    "off": 26869,
    "sff": "cell"
  },
  {
    "docID": "N145 Fouad 2005",
    "et": "Cell",
    "off": 560,
    "sff": "Cell"
  },
  {
    "docID": "N145 Fouad 2005",
    "et": "Cell",
    "off": 59540,
    "sff": "cell"
  },
  {
    "docID": "N145 Fouad 2005",
    "et": "Labeling",
    "off": 24941,
    "sff": "labeling"
  },
  {
    "docID": "N145 Fouad 2005",
    "et": "SpinalDorsalHalf",
    "off": 41964,
    "sff": "dorsal"
  },
  {
    "docID": "N145 Fouad 2005",
    "et": "SpinalDorsalHalf",
    "off": 19057,
    "sff": "dorsal"
  },
  {
    "docID": "N145 Fouad 2005",
    "et": "SpinalDorsalHalf",
    "off": 49119,
    "sff": "dorsal"
  },
  {
    "docID": "N145 Fouad 2005",
    "et": "SpinalDorsalHalf",
    "off": 11109,
    "sff": "dorsal"
  },
  {
    "docID": "N145 Fouad 2005",
    "et": "Lateral",
    "off": 10501,
    "sff": "lateral"
  },
  {
    "docID": "N145 Fouad 2005",
    "et": "Compound",
    "off": 21798,
    "sff": "compound"
  },
  {
    "docID": "N145 Fouad 2005",
    "et": "17BetaEstradiolE2",
    "off": 53035,
    "sff": "17"
  },
  {
    "docID": "N145 Fouad 2005",
    "et": "17BetaEstradiolE2",
    "off": 55436,
    "sff": "17"
  },
  {
    "docID": "N145 Fouad 2005",
    "et": "Isoflurane",
    "off": 12352,
    "sff": "isoflurane"
  },
  {
    "docID": "N145 Fouad 2005",
    "et": "Isoflurane",
    "off": 13783,
    "sff": "isoflurane"
  },
  {
    "docID": "N145 Fouad 2005",
    "et": "Cervical",
    "off": 21924,
    "sff": "cervical"
  },
  {
    "docID": "N145 Fouad 2005",
    "et": "Cervical",
    "off": 51639,
    "sff": "Cervical"
  },
  {
    "docID": "N145 Fouad 2005",
    "et": "Cervical",
    "off": 52923,
    "sff": "cervical"
  },
  {
    "docID": "N145 Fouad 2005",
    "et": "HematoxyLinEosin",
    "off": 50778,
    "sff": "Lin"
  },
  {
    "docID": "N145 Fouad 2005",
    "et": "CompleteTransectionType",
    "off": 1051,
    "sff": "complete"
  },
  {
    "docID": "N145 Fouad 2005",
    "et": "CompleteTransectionType",
    "off": 43601,
    "sff": "complete transection"
  },
  {
    "docID": "N145 Fouad 2005",
    "et": "CompleteTransectionType",
    "off": 124,
    "sff": "Complete Transection"
  },
  {
    "docID": "N145 Fouad 2005",
    "et": "CompleteTransectionType",
    "off": 1072,
    "sff": "transection"
  },
  {
    "docID": "N145 Fouad 2005",
    "et": "CompleteTransectionType",
    "off": 47879,
    "sff": "complete transection"
  },
  {
    "docID": "N145 Fouad 2005",
    "et": "CompleteTransectionType",
    "off": 32279,
    "sff": "complete"
  },
  {
    "docID": "N145 Fouad 2005",
    "et": "CompleteTransectionType",
    "off": 42839,
    "sff": "complete"
  },
  {
    "docID": "N145 Fouad 2005",
    "et": "CompleteTransectionType",
    "off": 8822,
    "sff": "transection"
  },
  {
    "docID": "N145 Fouad 2005",
    "et": "CompleteTransectionType",
    "off": 8553,
    "sff": "complete"
  },
  {
    "docID": "N145 Fouad 2005",
    "et": "CompleteTransectionType",
    "off": 28234,
    "sff": "transection"
  },
  {
    "docID": "N145 Fouad 2005",
    "et": "CompleteTransectionType",
    "off": 18637,
    "sff": "transection"
  },
  {
    "docID": "N145 Fouad 2005",
    "et": "CompleteTransectionType",
    "off": 8772,
    "sff": "transection"
  },
  {
    "docID": "N145 Fouad 2005",
    "et": "CompleteTransectionType",
    "off": 5756,
    "sff": "complete"
  },
  {
    "docID": "N145 Fouad 2005",
    "et": "CompleteTransectionType",
    "off": 29055,
    "sff": "complete"
  },
  {
    "docID": "N145 Fouad 2005",
    "et": "CompleteTransectionType",
    "off": 8988,
    "sff": "transection"
  },
  {
    "docID": "N145 Fouad 2005",
    "et": "CompleteTransectionType",
    "off": 10048,
    "sff": "complete"
  },
  {
    "docID": "N145 Fouad 2005",
    "et": "CompleteTransectionType",
    "off": 29020,
    "sff": "transection"
  },
  {
    "docID": "N145 Fouad 2005",
    "et": "CompleteTransectionType",
    "off": 5777,
    "sff": "transection"
  },
  {
    "docID": "N145 Fouad 2005",
    "et": "CompleteTransectionType",
    "off": 30575,
    "sff": "transection"
  },
  {
    "docID": "N145 Fouad 2005",
    "et": "CompleteTransectionType",
    "off": 40525,
    "sff": "complete"
  },
  {
    "docID": "N145 Fouad 2005",
    "et": "CompleteTransectionType",
    "off": 49165,
    "sff": "complete"
  },
  {
    "docID": "N145 Fouad 2005",
    "et": "CompleteTransectionType",
    "off": 50893,
    "sff": "complete"
  },
  {
    "docID": "N145 Fouad 2005",
    "et": "CompleteTransectionType",
    "off": 9313,
    "sff": "transection"
  },
  {
    "docID": "N145 Fouad 2005",
    "et": "CompleteTransectionType",
    "off": 40546,
    "sff": "transection"
  },
  {
    "docID": "N145 Fouad 2005",
    "et": "CompleteTransectionType",
    "off": 50914,
    "sff": "transection"
  },
  {
    "docID": "N145 Fouad 2005",
    "et": "CompleteTransectionType",
    "off": 18340,
    "sff": "transection"
  },
  {
    "docID": "N145 Fouad 2005",
    "et": "Water",
    "off": 24149,
    "sff": "water"
  },
  {
    "docID": "N145 Fouad 2005",
    "et": "Water",
    "off": 8267,
    "sff": "water"
  },
  {
    "docID": "N145 Fouad 2005",
    "et": "Embryonic",
    "off": 58289,
    "sff": "embryonic"
  },
  {
    "docID": "N145 Fouad 2005",
    "et": "Embryonic",
    "off": 58510,
    "sff": "embryonic"
  },
  {
    "docID": "N145 Fouad 2005",
    "et": "ExperimentalProcedure",
    "off": 39723,
    "sff": "experimental"
  },
  {
    "docID": "N145 Fouad 2005",
    "et": "ExperimentalProcedure",
    "off": 2273,
    "sff": "experimental"
  },
  {
    "docID": "N145 Fouad 2005",
    "et": "ExperimentalProcedure",
    "off": 26118,
    "sff": "Experimental"
  },
  {
    "docID": "N145 Fouad 2005",
    "et": "ExperimentalProcedure",
    "off": 2846,
    "sff": "experimental"
  },
  {
    "docID": "N145 Fouad 2005",
    "et": "ExperimentalProcedure",
    "off": 38766,
    "sff": "experimental"
  },
  {
    "docID": "N145 Fouad 2005",
    "et": "ExperimentalProcedure",
    "off": 35138,
    "sff": "experimental"
  },
  {
    "docID": "N145 Fouad 2005",
    "et": "ExperimentalProcedure",
    "off": 42466,
    "sff": "experimental"
  },
  {
    "docID": "N145 Fouad 2005",
    "et": "ExperimentalProcedure",
    "off": 8728,
    "sff": "experimental"
  },
  {
    "docID": "N145 Fouad 2005",
    "et": "BodyTemperatureMeasurement",
    "off": 23050,
    "sff": "temperature"
  },
  {
    "docID": "N145 Fouad 2005",
    "et": "BodyTemperatureMeasurement",
    "off": 40146,
    "sff": "body"
  },
  {
    "docID": "N145 Fouad 2005",
    "et": "BodyTemperatureMeasurement",
    "off": 29572,
    "sff": "body"
  },
  {
    "docID": "N145 Fouad 2005",
    "et": "BodyTemperatureMeasurement",
    "off": 23735,
    "sff": "temperature"
  },
  {
    "docID": "N145 Fouad 2005",
    "et": "BodyTemperatureMeasurement",
    "off": 9528,
    "sff": "body"
  },
  {
    "docID": "N145 Fouad 2005",
    "et": "BodyTemperatureMeasurement",
    "off": 34106,
    "sff": "body"
  },
  {
    "docID": "N145 Fouad 2005",
    "et": "BodyTemperatureMeasurement",
    "off": 20665,
    "sff": "body"
  },
  {
    "docID": "N145 Fouad 2005",
    "et": "BodyTemperatureMeasurement",
    "off": 9436,
    "sff": "body"
  },
  {
    "docID": "N145 Fouad 2005",
    "et": "UnilateralInjuryArea",
    "off": 55033,
    "sff": "unilateral"
  },
  {
    "docID": "N145 Fouad 2005",
    "et": "Pregnenolone",
    "off": 52107,
    "sff": "pregnenolone"
  },
  {
    "docID": "N145 Fouad 2005",
    "et": "PartialTransectionType",
    "off": 8988,
    "sff": "transection"
  },
  {
    "docID": "N145 Fouad 2005",
    "et": "PartialTransectionType",
    "off": 15849,
    "sff": "partial"
  },
  {
    "docID": "N145 Fouad 2005",
    "et": "PartialTransectionType",
    "off": 29020,
    "sff": "transection"
  },
  {
    "docID": "N145 Fouad 2005",
    "et": "PartialTransectionType",
    "off": 43610,
    "sff": "transection"
  },
  {
    "docID": "N145 Fouad 2005",
    "et": "PartialTransectionType",
    "off": 50701,
    "sff": "partial"
  },
  {
    "docID": "N145 Fouad 2005",
    "et": "PartialTransectionType",
    "off": 133,
    "sff": "Transection"
  },
  {
    "docID": "N145 Fouad 2005",
    "et": "PartialTransectionType",
    "off": 8772,
    "sff": "transection"
  },
  {
    "docID": "N145 Fouad 2005",
    "et": "PartialTransectionType",
    "off": 18340,
    "sff": "transection"
  },
  {
    "docID": "N145 Fouad 2005",
    "et": "PartialTransectionType",
    "off": 49153,
    "sff": "partial"
  },
  {
    "docID": "N145 Fouad 2005",
    "et": "PartialTransectionType",
    "off": 40546,
    "sff": "transection"
  },
  {
    "docID": "N145 Fouad 2005",
    "et": "PartialTransectionType",
    "off": 50914,
    "sff": "transection"
  },
  {
    "docID": "N145 Fouad 2005",
    "et": "PartialTransectionType",
    "off": 9313,
    "sff": "transection"
  },
  {
    "docID": "N145 Fouad 2005",
    "et": "PartialTransectionType",
    "off": 30575,
    "sff": "transection"
  },
  {
    "docID": "N145 Fouad 2005",
    "et": "PartialTransectionType",
    "off": 18637,
    "sff": "transection"
  },
  {
    "docID": "N145 Fouad 2005",
    "et": "PartialTransectionType",
    "off": 28234,
    "sff": "transection"
  },
  {
    "docID": "N145 Fouad 2005",
    "et": "PartialTransectionType",
    "off": 8822,
    "sff": "transection"
  },
  {
    "docID": "N145 Fouad 2005",
    "et": "PartialTransectionType",
    "off": 60308,
    "sff": "partial"
  },
  {
    "docID": "N145 Fouad 2005",
    "et": "PartialTransectionType",
    "off": 1072,
    "sff": "transection"
  },
  {
    "docID": "N145 Fouad 2005",
    "et": "PartialTransectionType",
    "off": 28932,
    "sff": "Partial"
  },
  {
    "docID": "N145 Fouad 2005",
    "et": "PartialTransectionType",
    "off": 5777,
    "sff": "transection"
  },
  {
    "docID": "N145 Fouad 2005",
    "et": "PartialTransectionType",
    "off": 47888,
    "sff": "transection"
  },
  {
    "docID": "N145 Fouad 2005",
    "et": "Ipsilateral",
    "off": 16851,
    "sff": "ipsilateral"
  },
  {
    "docID": "N145 Fouad 2005",
    "et": "CorticospinalTract",
    "off": 53244,
    "sff": "corticospinal tract"
  },
  {
    "docID": "N145 Fouad 2005",
    "et": "CorticospinalTract",
    "off": 58860,
    "sff": "corticospinal tract"
  },
  {
    "docID": "N145 Fouad 2005",
    "et": "CorticospinalTract",
    "off": 52673,
    "sff": "corticospinal"
  },
  {
    "docID": "N145 Fouad 2005",
    "et": "CorticospinalTract",
    "off": 24823,
    "sff": "Corticospinal"
  },
  {
    "docID": "N145 Fouad 2005",
    "et": "CorticospinalTract",
    "off": 49703,
    "sff": "corticospinal tract"
  },
  {
    "docID": "N145 Fouad 2005",
    "et": "CorticospinalTract",
    "off": 51661,
    "sff": "corticospinal"
  },
  {
    "docID": "N145 Fouad 2005",
    "et": "CorticospinalTract",
    "off": 1879,
    "sff": "corticospinal"
  },
  {
    "docID": "N145 Fouad 2005",
    "et": "CorticospinalTract",
    "off": 19775,
    "sff": "corticospinal tract"
  },
  {
    "docID": "N145 Fouad 2005",
    "et": "BrainDerivedNeurotrophicFactor",
    "off": 20808,
    "sff": "brain"
  },
  {
    "docID": "N145 Fouad 2005",
    "et": "BrainDerivedNeurotrophicFactor",
    "off": 52593,
    "sff": "Brain"
  },
  {
    "docID": "N145 Fouad 2005",
    "et": "BrainDerivedNeurotrophicFactor",
    "off": 58736,
    "sff": "Brain"
  },
  {
    "docID": "N145 Fouad 2005",
    "et": "BrainDerivedNeurotrophicFactor",
    "off": 21692,
    "sff": "brain"
  },
  {
    "docID": "N145 Fouad 2005",
    "et": "BrainDerivedNeurotrophicFactor",
    "off": 40651,
    "sff": "brain"
  },
  {
    "docID": "N145 Fouad 2005",
    "et": "BrainDerivedNeurotrophicFactor",
    "off": 58726,
    "sff": "Brain"
  },
  {
    "docID": "N145 Fouad 2005",
    "et": "BrainDerivedNeurotrophicFactor",
    "off": 48119,
    "sff": "Brain"
  },
  {
    "docID": "N145 Fouad 2005",
    "et": "BrainDerivedNeurotrophicFactor",
    "off": 55211,
    "sff": "derived"
  },
  {
    "docID": "N145 Fouad 2005",
    "et": "BrainDerivedNeurotrophicFactor",
    "off": 56258,
    "sff": "brain"
  },
  {
    "docID": "N145 Fouad 2005",
    "et": "BrainDerivedNeurotrophicFactor",
    "off": 51465,
    "sff": "Brain"
  },
  {
    "docID": "N145 Fouad 2005",
    "et": "BrainDerivedNeurotrophicFactor",
    "off": 54851,
    "sff": "brain"
  },
  {
    "docID": "N145 Fouad 2005",
    "et": "BrainDerivedNeurotrophicFactor",
    "off": 57068,
    "sff": "Brain"
  },
  {
    "docID": "N145 Fouad 2005",
    "et": "CompleteInjuryArea",
    "off": 8553,
    "sff": "complete"
  },
  {
    "docID": "N145 Fouad 2005",
    "et": "CompleteInjuryArea",
    "off": 47879,
    "sff": "complete"
  },
  {
    "docID": "N145 Fouad 2005",
    "et": "CompleteInjuryArea",
    "off": 40525,
    "sff": "complete"
  },
  {
    "docID": "N145 Fouad 2005",
    "et": "CompleteInjuryArea",
    "off": 49165,
    "sff": "complete"
  },
  {
    "docID": "N145 Fouad 2005",
    "et": "CompleteInjuryArea",
    "off": 50893,
    "sff": "complete"
  },
  {
    "docID": "N145 Fouad 2005",
    "et": "CompleteInjuryArea",
    "off": 124,
    "sff": "Complete"
  },
  {
    "docID": "N145 Fouad 2005",
    "et": "CompleteInjuryArea",
    "off": 43601,
    "sff": "complete"
  },
  {
    "docID": "N145 Fouad 2005",
    "et": "CompleteInjuryArea",
    "off": 32279,
    "sff": "complete"
  },
  {
    "docID": "N145 Fouad 2005",
    "et": "CompleteInjuryArea",
    "off": 42839,
    "sff": "complete"
  },
  {
    "docID": "N145 Fouad 2005",
    "et": "CompleteInjuryArea",
    "off": 5756,
    "sff": "complete"
  },
  {
    "docID": "N145 Fouad 2005",
    "et": "CompleteInjuryArea",
    "off": 1051,
    "sff": "complete"
  },
  {
    "docID": "N145 Fouad 2005",
    "et": "CompleteInjuryArea",
    "off": 10048,
    "sff": "complete"
  },
  {
    "docID": "N145 Fouad 2005",
    "et": "CompleteInjuryArea",
    "off": 29055,
    "sff": "complete"
  }
]
