[
  {
    "docID": "N146 Fouad 2009",
    "et": "BrainNucleus",
    "off": 28090,
    "sff": "Brain"
  },
  {
    "docID": "N146 Fouad 2009",
    "et": "BrainNucleus",
    "off": 26025,
    "sff": "Brain"
  },
  {
    "docID": "N146 Fouad 2009",
    "et": "BrainNucleus",
    "off": 4099,
    "sff": "brain"
  },
  {
    "docID": "N146 Fouad 2009",
    "et": "BrainNucleus",
    "off": 29852,
    "sff": "Brain"
  },
  {
    "docID": "N146 Fouad 2009",
    "et": "CompleteTransection",
    "off": 27438,
    "sff": "complete transection"
  },
  {
    "docID": "N146 Fouad 2009",
    "et": "CompleteTransection",
    "off": 143,
    "sff": "complete"
  },
  {
    "docID": "N146 Fouad 2009",
    "et": "CompleteTransection",
    "off": 18511,
    "sff": "complete"
  },
  {
    "docID": "N146 Fouad 2009",
    "et": "CompleteTransection",
    "off": 25358,
    "sff": "complete"
  },
  {
    "docID": "N146 Fouad 2009",
    "et": "CompleteTransection",
    "off": 3560,
    "sff": "complete"
  },
  {
    "docID": "N146 Fouad 2009",
    "et": "CompleteTransection",
    "off": 773,
    "sff": "complete"
  },
  {
    "docID": "N146 Fouad 2009",
    "et": "CompleteTransection",
    "off": 22532,
    "sff": "complete"
  },
  {
    "docID": "N146 Fouad 2009",
    "et": "CompleteTransection",
    "off": 11775,
    "sff": "complete"
  },
  {
    "docID": "N146 Fouad 2009",
    "et": "CompleteTransection",
    "off": 22943,
    "sff": "complete"
  },
  {
    "docID": "N146 Fouad 2009",
    "et": "CompleteTransection",
    "off": 1182,
    "sff": "complete"
  },
  {
    "docID": "N146 Fouad 2009",
    "et": "CompleteTransection",
    "off": 18593,
    "sff": "complete"
  },
  {
    "docID": "N146 Fouad 2009",
    "et": "CompleteTransection",
    "off": 923,
    "sff": "complete"
  },
  {
    "docID": "N146 Fouad 2009",
    "et": "CompleteTransection",
    "off": 3707,
    "sff": "complete"
  },
  {
    "docID": "N146 Fouad 2009",
    "et": "CompleteTransection",
    "off": 29597,
    "sff": "complete"
  },
  {
    "docID": "N146 Fouad 2009",
    "et": "CompleteTransection",
    "off": 17300,
    "sff": "complete transection"
  },
  {
    "docID": "N146 Fouad 2009",
    "et": "NYUImpactor",
    "off": 25748,
    "sff": "New York"
  },
  {
    "docID": "N146 Fouad 2009",
    "et": "Virus",
    "off": 26260,
    "sff": "virus"
  },
  {
    "docID": "N146 Fouad 2009",
    "et": "Virus",
    "off": 23368,
    "sff": "virus"
  },
  {
    "docID": "N146 Fouad 2009",
    "et": "OlfactoryEnsheathingGliaCell",
    "off": 6153,
    "sff": "olfactory ensheathing glia"
  },
  {
    "docID": "N146 Fouad 2009",
    "et": "OlfactoryEnsheathingGliaCell",
    "off": 3845,
    "sff": "olfactory ensheathing glia"
  },
  {
    "docID": "N146 Fouad 2009",
    "et": "OlfactoryEnsheathingGliaCell",
    "off": 5956,
    "sff": "olfactory ensheathing glia"
  },
  {
    "docID": "N146 Fouad 2009",
    "et": "OlfactoryEnsheathingGliaCell",
    "off": 6153,
    "sff": "olfactory ensheathing"
  },
  {
    "docID": "N146 Fouad 2009",
    "et": "OlfactoryEnsheathingGliaCell",
    "off": 27813,
    "sff": "olfactory ensheathing glia"
  },
  {
    "docID": "N146 Fouad 2009",
    "et": "OlfactoryEnsheathingGliaCell",
    "off": 5141,
    "sff": "olfactory ensheathing"
  },
  {
    "docID": "N146 Fouad 2009",
    "et": "OlfactoryEnsheathingGliaCell",
    "off": 27350,
    "sff": "olfactory-ensheathing"
  },
  {
    "docID": "N146 Fouad 2009",
    "et": "OlfactoryEnsheathingGliaCell",
    "off": 1103,
    "sff": "olfactory ensheathing"
  },
  {
    "docID": "N146 Fouad 2009",
    "et": "OlfactoryEnsheathingGliaCell",
    "off": 27350,
    "sff": "olfactory-ensheathing glia"
  },
  {
    "docID": "N146 Fouad 2009",
    "et": "OlfactoryEnsheathingGliaCell",
    "off": 5141,
    "sff": "olfactory ensheathing glia"
  },
  {
    "docID": "N146 Fouad 2009",
    "et": "OlfactoryEnsheathingGliaCell",
    "off": 5956,
    "sff": "olfactory ensheathing"
  },
  {
    "docID": "N146 Fouad 2009",
    "et": "OlfactoryEnsheathingGliaCell",
    "off": 3845,
    "sff": "olfactory ensheathing"
  },
  {
    "docID": "N146 Fouad 2009",
    "et": "OlfactoryEnsheathingGliaCell",
    "off": 27813,
    "sff": "olfactory ensheathing"
  },
  {
    "docID": "N146 Fouad 2009",
    "et": "OlfactoryEnsheathingGliaCell",
    "off": 1103,
    "sff": "olfactory ensheathing glia"
  },
  {
    "docID": "N146 Fouad 2009",
    "et": "MesenchymalStemCell",
    "off": 4105,
    "sff": "stem"
  },
  {
    "docID": "N146 Fouad 2009",
    "et": "MesenchymalStemCell",
    "off": 28216,
    "sff": "stem"
  },
  {
    "docID": "N146 Fouad 2009",
    "et": "ContactDeliveryMethod",
    "off": 78,
    "sff": "delivery"
  },
  {
    "docID": "N146 Fouad 2009",
    "et": "ContactDeliveryMethod",
    "off": 3908,
    "sff": "delivery"
  },
  {
    "docID": "N146 Fouad 2009",
    "et": "ContactDeliveryMethod",
    "off": 25304,
    "sff": "delivery"
  },
  {
    "docID": "N146 Fouad 2009",
    "et": "Intraspinal",
    "off": 28039,
    "sff": "intraspinal"
  },
  {
    "docID": "N146 Fouad 2009",
    "et": "WeightDrop",
    "off": 7365,
    "sff": "weight"
  },
  {
    "docID": "N146 Fouad 2009",
    "et": "WeightDrop",
    "off": 5302,
    "sff": "weight"
  },
  {
    "docID": "N146 Fouad 2009",
    "et": "WeightDrop",
    "off": 5398,
    "sff": "weight"
  },
  {
    "docID": "N146 Fouad 2009",
    "et": "CentralCanal",
    "off": 2364,
    "sff": "central"
  },
  {
    "docID": "N146 Fouad 2009",
    "et": "CentralCanal",
    "off": 29233,
    "sff": "central"
  },
  {
    "docID": "N146 Fouad 2009",
    "et": "CentralCanal",
    "off": 26086,
    "sff": "central"
  },
  {
    "docID": "N146 Fouad 2009",
    "et": "SpinalFiberTract",
    "off": 13616,
    "sff": "fiber"
  },
  {
    "docID": "N146 Fouad 2009",
    "et": "SpinalFiberTract",
    "off": 11092,
    "sff": "fiber"
  },
  {
    "docID": "N146 Fouad 2009",
    "et": "SpinalFiberTract",
    "off": 16039,
    "sff": "fiber"
  },
  {
    "docID": "N146 Fouad 2009",
    "et": "SpinalFiberTract",
    "off": 24442,
    "sff": "fiber"
  },
  {
    "docID": "N146 Fouad 2009",
    "et": "DeliveryMethod",
    "off": 78,
    "sff": "delivery"
  },
  {
    "docID": "N146 Fouad 2009",
    "et": "DeliveryMethod",
    "off": 3908,
    "sff": "delivery"
  },
  {
    "docID": "N146 Fouad 2009",
    "et": "DeliveryMethod",
    "off": 25304,
    "sff": "delivery"
  },
  {
    "docID": "N146 Fouad 2009",
    "et": "Rostral",
    "off": 2216,
    "sff": "rostral"
  },
  {
    "docID": "N146 Fouad 2009",
    "et": "SpinalFiber",
    "off": 13616,
    "sff": "fiber"
  },
  {
    "docID": "N146 Fouad 2009",
    "et": "SpinalFiber",
    "off": 11092,
    "sff": "fiber"
  },
  {
    "docID": "N146 Fouad 2009",
    "et": "SpinalFiber",
    "off": 16039,
    "sff": "fiber"
  },
  {
    "docID": "N146 Fouad 2009",
    "et": "SpinalFiber",
    "off": 24442,
    "sff": "fiber"
  },
  {
    "docID": "N146 Fouad 2009",
    "et": "ChondroitinaseABC",
    "off": 3889,
    "sff": "chondroitinase ABC"
  },
  {
    "docID": "N146 Fouad 2009",
    "et": "ChondroitinaseABC",
    "off": 1134,
    "sff": "chondroitinase ABC"
  },
  {
    "docID": "N146 Fouad 2009",
    "et": "ChondroitinaseABC",
    "off": 6217,
    "sff": "Chondroitinase ABC"
  },
  {
    "docID": "N146 Fouad 2009",
    "et": "ChondroitinaseABC",
    "off": 25289,
    "sff": "chondroitinase"
  },
  {
    "docID": "N146 Fouad 2009",
    "et": "ChondroitinaseABC",
    "off": 27389,
    "sff": "chondroitinase"
  },
  {
    "docID": "N146 Fouad 2009",
    "et": "ChondroitinaseABC",
    "off": 63,
    "sff": "chondroitinase"
  },
  {
    "docID": "N146 Fouad 2009",
    "et": "ChondroitinaseABC",
    "off": 28634,
    "sff": "Chondroitinase"
  },
  {
    "docID": "N146 Fouad 2009",
    "et": "CellDeathInduction",
    "off": 41,
    "sff": "cell"
  },
  {
    "docID": "N146 Fouad 2009",
    "et": "CellDeathInduction",
    "off": 22580,
    "sff": "cell"
  },
  {
    "docID": "N146 Fouad 2009",
    "et": "CellDeathInduction",
    "off": 18454,
    "sff": "cell"
  },
  {
    "docID": "N146 Fouad 2009",
    "et": "CellDeathInduction",
    "off": 27333,
    "sff": "cell"
  },
  {
    "docID": "N146 Fouad 2009",
    "et": "CellDeathInduction",
    "off": 25264,
    "sff": "cell"
  },
  {
    "docID": "N146 Fouad 2009",
    "et": "Left",
    "off": 6757,
    "sff": "left"
  },
  {
    "docID": "N146 Fouad 2009",
    "et": "FluanisoneMidazolamMixture",
    "off": 5354,
    "sff": "Midazolam"
  },
  {
    "docID": "N146 Fouad 2009",
    "et": "LaminectomyType",
    "off": 5460,
    "sff": "laminectomy"
  },
  {
    "docID": "N146 Fouad 2009",
    "et": "Tissue",
    "off": 21897,
    "sff": "tissue"
  },
  {
    "docID": "N146 Fouad 2009",
    "et": "Tissue",
    "off": 10211,
    "sff": "tissue"
  },
  {
    "docID": "N146 Fouad 2009",
    "et": "Tissue",
    "off": 3332,
    "sff": "tissue"
  },
  {
    "docID": "N146 Fouad 2009",
    "et": "Tissue",
    "off": 10052,
    "sff": "tissue"
  },
  {
    "docID": "N146 Fouad 2009",
    "et": "Tissue",
    "off": 15838,
    "sff": "tissue"
  },
  {
    "docID": "N146 Fouad 2009",
    "et": "Tissue",
    "off": 4192,
    "sff": "tissue"
  },
  {
    "docID": "N146 Fouad 2009",
    "et": "Tissue",
    "off": 21738,
    "sff": "tissue"
  },
  {
    "docID": "N146 Fouad 2009",
    "et": "Tissue",
    "off": 10098,
    "sff": "Tissue"
  },
  {
    "docID": "N146 Fouad 2009",
    "et": "CatSpecies",
    "off": 29847,
    "sff": "cat"
  },
  {
    "docID": "N146 Fouad 2009",
    "et": "InjectionDelivery",
    "off": 23320,
    "sff": "injection"
  },
  {
    "docID": "N146 Fouad 2009",
    "et": "SpinalLesionSite",
    "off": 1160,
    "sff": "lesion site"
  },
  {
    "docID": "N146 Fouad 2009",
    "et": "SpinalLesionSite",
    "off": 22952,
    "sff": "lesion"
  },
  {
    "docID": "N146 Fouad 2009",
    "et": "SpinalLesionSite",
    "off": 17380,
    "sff": "lesion site"
  },
  {
    "docID": "N146 Fouad 2009",
    "et": "SpinalLesionSite",
    "off": 24831,
    "sff": "lesion site"
  },
  {
    "docID": "N146 Fouad 2009",
    "et": "SpinalLesionSite",
    "off": 20289,
    "sff": "lesion"
  },
  {
    "docID": "N146 Fouad 2009",
    "et": "SpinalLesionSite",
    "off": 3794,
    "sff": "lesion"
  },
  {
    "docID": "N146 Fouad 2009",
    "et": "SpinalLesionSite",
    "off": 5762,
    "sff": "lesion"
  },
  {
    "docID": "N146 Fouad 2009",
    "et": "SpinalLesionSite",
    "off": 14804,
    "sff": "lesion"
  },
  {
    "docID": "N146 Fouad 2009",
    "et": "Weight",
    "off": 5291,
    "sff": "200 g"
  },
  {
    "docID": "N146 Fouad 2009",
    "et": "Weight",
    "off": 5387,
    "sff": "200 g"
  },
  {
    "docID": "N146 Fouad 2009",
    "et": "Weight",
    "off": 7188,
    "sff": "100mg"
  },
  {
    "docID": "N146 Fouad 2009",
    "et": "Weight",
    "off": 5365,
    "sff": "0.75mg"
  },
  {
    "docID": "N146 Fouad 2009",
    "et": "Weight",
    "off": 7354,
    "sff": "100mg"
  },
  {
    "docID": "N146 Fouad 2009",
    "et": "Weight",
    "off": 7345,
    "sff": "70mg"
  },
  {
    "docID": "N146 Fouad 2009",
    "et": "Weight",
    "off": 6246,
    "sff": "10mg"
  },
  {
    "docID": "N146 Fouad 2009",
    "et": "T7",
    "off": 5454,
    "sff": "T7"
  },
  {
    "docID": "N146 Fouad 2009",
    "et": "AnimalCareCondition",
    "off": 5117,
    "sff": "Care"
  },
  {
    "docID": "N146 Fouad 2009",
    "et": "AnimalCareCondition",
    "off": 4546,
    "sff": "care"
  },
  {
    "docID": "N146 Fouad 2009",
    "et": "MotorNeurons",
    "off": 4293,
    "sff": "motor"
  },
  {
    "docID": "N146 Fouad 2009",
    "et": "MotorNeurons",
    "off": 18630,
    "sff": "motor"
  },
  {
    "docID": "N146 Fouad 2009",
    "et": "LateralHemisection",
    "off": 7823,
    "sff": "lateral"
  },
  {
    "docID": "N146 Fouad 2009",
    "et": "Contusion",
    "off": 28514,
    "sff": "contusion"
  },
  {
    "docID": "N146 Fouad 2009",
    "et": "Contusion",
    "off": 22919,
    "sff": "contusion"
  },
  {
    "docID": "N146 Fouad 2009",
    "et": "Contusion",
    "off": 28705,
    "sff": "contusion"
  },
  {
    "docID": "N146 Fouad 2009",
    "et": "Saline",
    "off": 8345,
    "sff": "saline"
  },
  {
    "docID": "N146 Fouad 2009",
    "et": "Saline",
    "off": 7791,
    "sff": "saline"
  },
  {
    "docID": "N146 Fouad 2009",
    "et": "LongTermCultivation",
    "off": 4387,
    "sff": "long-term"
  },
  {
    "docID": "N146 Fouad 2009",
    "et": "LongTermCultivation",
    "off": 24138,
    "sff": "long"
  },
  {
    "docID": "N146 Fouad 2009",
    "et": "Dosage",
    "off": 6237,
    "sff": "2 ¬µl"
  },
  {
    "docID": "N146 Fouad 2009",
    "et": "Dosage",
    "off": 7760,
    "sff": "30%"
  },
  {
    "docID": "N146 Fouad 2009",
    "et": "Dosage",
    "off": 7345,
    "sff": "70mg per 100mg body weight"
  },
  {
    "docID": "N146 Fouad 2009",
    "et": "Dosage",
    "off": 5387,
    "sff": "200 g"
  },
  {
    "docID": "N146 Fouad 2009",
    "et": "Dosage",
    "off": 5928,
    "sff": "30 ¬µl"
  },
  {
    "docID": "N146 Fouad 2009",
    "et": "Dosage",
    "off": 6246,
    "sff": "10mg"
  },
  {
    "docID": "N146 Fouad 2009",
    "et": "Dosage",
    "off": 8326,
    "sff": "50mM"
  },
  {
    "docID": "N146 Fouad 2009",
    "et": "Dosage",
    "off": 5280,
    "sff": "120 ml per 200 g body weight"
  },
  {
    "docID": "N146 Fouad 2009",
    "et": "Dosage",
    "off": 9986,
    "sff": "4%"
  },
  {
    "docID": "N146 Fouad 2009",
    "et": "Dosage",
    "off": 5365,
    "sff": "0.75mg in 150 ¬µl"
  },
  {
    "docID": "N146 Fouad 2009",
    "et": "Dosage",
    "off": 8481,
    "sff": "10%"
  },
  {
    "docID": "N146 Fouad 2009",
    "et": "Dosage",
    "off": 5498,
    "sff": "1mm"
  },
  {
    "docID": "N146 Fouad 2009",
    "et": "Dosage",
    "off": 7188,
    "sff": "100mg"
  },
  {
    "docID": "N146 Fouad 2009",
    "et": "Dosage",
    "off": 8417,
    "sff": "0.5%"
  },
  {
    "docID": "N146 Fouad 2009",
    "et": "Dosage",
    "off": 10073,
    "sff": "30%"
  },
  {
    "docID": "N146 Fouad 2009",
    "et": "Dosage",
    "off": 7406,
    "sff": "4%"
  },
  {
    "docID": "N146 Fouad 2009",
    "et": "Dosage",
    "off": 5636,
    "sff": "2.6mm"
  },
  {
    "docID": "N146 Fouad 2009",
    "et": "Dosage",
    "off": 10004,
    "sff": "5%"
  },
  {
    "docID": "N146 Fouad 2009",
    "et": "Dosage",
    "off": 14512,
    "sff": "100%"
  },
  {
    "docID": "N146 Fouad 2009",
    "et": "Dosage",
    "off": 5658,
    "sff": "3.0mm"
  },
  {
    "docID": "N146 Fouad 2009",
    "et": "Dosage",
    "off": 7970,
    "sff": "25 mm"
  },
  {
    "docID": "N146 Fouad 2009",
    "et": "BladderExpression",
    "off": 12817,
    "sff": "bladder"
  },
  {
    "docID": "N146 Fouad 2009",
    "et": "BladderExpression",
    "off": 1299,
    "sff": "bladder"
  },
  {
    "docID": "N146 Fouad 2009",
    "et": "BladderExpression",
    "off": 26136,
    "sff": "bladder"
  },
  {
    "docID": "N146 Fouad 2009",
    "et": "BladderExpression",
    "off": 12057,
    "sff": "bladder"
  },
  {
    "docID": "N146 Fouad 2009",
    "et": "BladderExpression",
    "off": 4631,
    "sff": "bladder"
  },
  {
    "docID": "N146 Fouad 2009",
    "et": "BladderExpression",
    "off": 25114,
    "sff": "bladder"
  },
  {
    "docID": "N146 Fouad 2009",
    "et": "BladderExpression",
    "off": 2081,
    "sff": "bladder"
  },
  {
    "docID": "N146 Fouad 2009",
    "et": "BladderExpression",
    "off": 3104,
    "sff": "bladder"
  },
  {
    "docID": "N146 Fouad 2009",
    "et": "BladderExpression",
    "off": 12319,
    "sff": "bladder"
  },
  {
    "docID": "N146 Fouad 2009",
    "et": "BladderExpression",
    "off": 26150,
    "sff": "bladder"
  },
  {
    "docID": "N146 Fouad 2009",
    "et": "BladderExpression",
    "off": 9257,
    "sff": "bladder"
  },
  {
    "docID": "N146 Fouad 2009",
    "et": "BladderExpression",
    "off": 4397,
    "sff": "bladder"
  },
  {
    "docID": "N146 Fouad 2009",
    "et": "BladderExpression",
    "off": 13105,
    "sff": "bladder"
  },
  {
    "docID": "N146 Fouad 2009",
    "et": "BladderExpression",
    "off": 18734,
    "sff": "bladder"
  },
  {
    "docID": "N146 Fouad 2009",
    "et": "BladderExpression",
    "off": 23605,
    "sff": "bladder"
  },
  {
    "docID": "N146 Fouad 2009",
    "et": "BladderExpression",
    "off": 18482,
    "sff": "bladder"
  },
  {
    "docID": "N146 Fouad 2009",
    "et": "BladderExpression",
    "off": 2872,
    "sff": "bladder"
  },
  {
    "docID": "N146 Fouad 2009",
    "et": "BladderExpression",
    "off": 28467,
    "sff": "bladder"
  },
  {
    "docID": "N146 Fouad 2009",
    "et": "BladderExpression",
    "off": 26420,
    "sff": "bladder"
  },
  {
    "docID": "N146 Fouad 2009",
    "et": "BladderExpression",
    "off": 3131,
    "sff": "bladder"
  },
  {
    "docID": "N146 Fouad 2009",
    "et": "BladderExpression",
    "off": 7600,
    "sff": "bladders"
  },
  {
    "docID": "N146 Fouad 2009",
    "et": "BladderExpression",
    "off": 21321,
    "sff": "bladder"
  },
  {
    "docID": "N146 Fouad 2009",
    "et": "BladderExpression",
    "off": 12620,
    "sff": "bladder"
  },
  {
    "docID": "N146 Fouad 2009",
    "et": "BladderExpression",
    "off": 29007,
    "sff": "bladder"
  },
  {
    "docID": "N146 Fouad 2009",
    "et": "BladderExpression",
    "off": 1611,
    "sff": "bladder"
  },
  {
    "docID": "N146 Fouad 2009",
    "et": "BladderExpression",
    "off": 849,
    "sff": "bladder"
  },
  {
    "docID": "N146 Fouad 2009",
    "et": "BladderExpression",
    "off": 1877,
    "sff": "bladder"
  },
  {
    "docID": "N146 Fouad 2009",
    "et": "BladderExpression",
    "off": 11860,
    "sff": "bladder"
  },
  {
    "docID": "N146 Fouad 2009",
    "et": "BladderExpression",
    "off": 11347,
    "sff": "bladder"
  },
  {
    "docID": "N146 Fouad 2009",
    "et": "BladderExpression",
    "off": 9042,
    "sff": "bladder"
  },
  {
    "docID": "N146 Fouad 2009",
    "et": "BladderExpression",
    "off": 8034,
    "sff": "Bladder"
  },
  {
    "docID": "N146 Fouad 2009",
    "et": "BladderExpression",
    "off": 20312,
    "sff": "bladder"
  },
  {
    "docID": "N146 Fouad 2009",
    "et": "BladderExpression",
    "off": 6550,
    "sff": "bladders"
  },
  {
    "docID": "N146 Fouad 2009",
    "et": "BladderExpression",
    "off": 20573,
    "sff": "bladder"
  },
  {
    "docID": "N146 Fouad 2009",
    "et": "BladderExpression",
    "off": 26977,
    "sff": "bladder"
  },
  {
    "docID": "N146 Fouad 2009",
    "et": "BladderExpression",
    "off": 2405,
    "sff": "bladder"
  },
  {
    "docID": "N146 Fouad 2009",
    "et": "BladderExpression",
    "off": 22372,
    "sff": "bladder"
  },
  {
    "docID": "N146 Fouad 2009",
    "et": "BladderExpression",
    "off": 1634,
    "sff": "bladder"
  },
  {
    "docID": "N146 Fouad 2009",
    "et": "BladderExpression",
    "off": 15466,
    "sff": "bladder"
  },
  {
    "docID": "N146 Fouad 2009",
    "et": "BladderExpression",
    "off": 113,
    "sff": "bladder"
  },
  {
    "docID": "N146 Fouad 2009",
    "et": "BladderExpression",
    "off": 14188,
    "sff": "bladders"
  },
  {
    "docID": "N146 Fouad 2009",
    "et": "BladderExpression",
    "off": 23415,
    "sff": "bladder"
  },
  {
    "docID": "N146 Fouad 2009",
    "et": "BladderExpression",
    "off": 4466,
    "sff": "bladders"
  },
  {
    "docID": "N146 Fouad 2009",
    "et": "BladderExpression",
    "off": 21889,
    "sff": "bladder"
  },
  {
    "docID": "N146 Fouad 2009",
    "et": "BladderExpression",
    "off": 21872,
    "sff": "bladders"
  },
  {
    "docID": "N146 Fouad 2009",
    "et": "BladderExpression",
    "off": 11653,
    "sff": "bladder"
  },
  {
    "docID": "N146 Fouad 2009",
    "et": "BladderExpression",
    "off": 29832,
    "sff": "bladder"
  },
  {
    "docID": "N146 Fouad 2009",
    "et": "BladderExpression",
    "off": 16762,
    "sff": "bladders"
  },
  {
    "docID": "N146 Fouad 2009",
    "et": "BladderExpression",
    "off": 7672,
    "sff": "Bladders"
  },
  {
    "docID": "N146 Fouad 2009",
    "et": "BladderExpression",
    "off": 20619,
    "sff": "bladder"
  },
  {
    "docID": "N146 Fouad 2009",
    "et": "BladderExpression",
    "off": 16532,
    "sff": "bladder"
  },
  {
    "docID": "N146 Fouad 2009",
    "et": "BladderExpression",
    "off": 13899,
    "sff": "bladders"
  },
  {
    "docID": "N146 Fouad 2009",
    "et": "BladderExpression",
    "off": 9362,
    "sff": "bladder"
  },
  {
    "docID": "N146 Fouad 2009",
    "et": "BladderExpression",
    "off": 1432,
    "sff": "bladder"
  },
  {
    "docID": "N146 Fouad 2009",
    "et": "BladderExpression",
    "off": 7831,
    "sff": "bladder"
  },
  {
    "docID": "N146 Fouad 2009",
    "et": "BladderExpression",
    "off": 14663,
    "sff": "bladders"
  },
  {
    "docID": "N146 Fouad 2009",
    "et": "BladderExpression",
    "off": 11926,
    "sff": "bladder"
  },
  {
    "docID": "N146 Fouad 2009",
    "et": "BladderExpression",
    "off": 14749,
    "sff": "bladder"
  },
  {
    "docID": "N146 Fouad 2009",
    "et": "BladderExpression",
    "off": 18078,
    "sff": "bladder"
  },
  {
    "docID": "N146 Fouad 2009",
    "et": "BladderExpression",
    "off": 676,
    "sff": "bladder"
  },
  {
    "docID": "N146 Fouad 2009",
    "et": "BladderExpression",
    "off": 25513,
    "sff": "bladder"
  },
  {
    "docID": "N146 Fouad 2009",
    "et": "BladderExpression",
    "off": 18861,
    "sff": "bladder"
  },
  {
    "docID": "N146 Fouad 2009",
    "et": "BladderExpression",
    "off": 21422,
    "sff": "bladder"
  },
  {
    "docID": "N146 Fouad 2009",
    "et": "BladderExpression",
    "off": 16941,
    "sff": "bladders"
  },
  {
    "docID": "N146 Fouad 2009",
    "et": "BladderExpression",
    "off": 20780,
    "sff": "bladders"
  },
  {
    "docID": "N146 Fouad 2009",
    "et": "BladderExpression",
    "off": 15539,
    "sff": "bladder"
  },
  {
    "docID": "N146 Fouad 2009",
    "et": "BladderExpression",
    "off": 28857,
    "sff": "bladder"
  },
  {
    "docID": "N146 Fouad 2009",
    "et": "BladderExpression",
    "off": 23735,
    "sff": "bladder"
  },
  {
    "docID": "N146 Fouad 2009",
    "et": "BladderExpression",
    "off": 26548,
    "sff": "bladder"
  },
  {
    "docID": "N146 Fouad 2009",
    "et": "BladderExpression",
    "off": 15030,
    "sff": "bladder"
  },
  {
    "docID": "N146 Fouad 2009",
    "et": "BladderExpression",
    "off": 18358,
    "sff": "bladder"
  },
  {
    "docID": "N146 Fouad 2009",
    "et": "BladderExpression",
    "off": 21556,
    "sff": "bladders"
  },
  {
    "docID": "N146 Fouad 2009",
    "et": "BladderExpression",
    "off": 29120,
    "sff": "bladder"
  },
  {
    "docID": "N146 Fouad 2009",
    "et": "BladderExpression",
    "off": 15297,
    "sff": "bladder"
  },
  {
    "docID": "N146 Fouad 2009",
    "et": "BladderExpression",
    "off": 1584,
    "sff": "bladders"
  },
  {
    "docID": "N146 Fouad 2009",
    "et": "BladderExpression",
    "off": 22063,
    "sff": "bladders"
  },
  {
    "docID": "N146 Fouad 2009",
    "et": "BladderExpression",
    "off": 26822,
    "sff": "bladder"
  },
  {
    "docID": "N146 Fouad 2009",
    "et": "BladderExpression",
    "off": 3529,
    "sff": "bladder"
  },
  {
    "docID": "N146 Fouad 2009",
    "et": "BladderExpression",
    "off": 21191,
    "sff": "bladder"
  },
  {
    "docID": "N146 Fouad 2009",
    "et": "BladderExpression",
    "off": 9677,
    "sff": "bladder"
  },
  {
    "docID": "N146 Fouad 2009",
    "et": "BladderExpression",
    "off": 17100,
    "sff": "bladder"
  },
  {
    "docID": "N146 Fouad 2009",
    "et": "BladderExpression",
    "off": 15825,
    "sff": "bladder"
  },
  {
    "docID": "N146 Fouad 2009",
    "et": "BladderExpression",
    "off": 20174,
    "sff": "bladder"
  },
  {
    "docID": "N146 Fouad 2009",
    "et": "BladderExpression",
    "off": 7893,
    "sff": "bladder"
  },
  {
    "docID": "N146 Fouad 2009",
    "et": "BladderExpression",
    "off": 3284,
    "sff": "bladder"
  },
  {
    "docID": "N146 Fouad 2009",
    "et": "BladderExpression",
    "off": 15113,
    "sff": "bladders"
  },
  {
    "docID": "N146 Fouad 2009",
    "et": "BladderExpression",
    "off": 11746,
    "sff": "Bladder"
  },
  {
    "docID": "N146 Fouad 2009",
    "et": "BladderExpression",
    "off": 12502,
    "sff": "bladder"
  },
  {
    "docID": "N146 Fouad 2009",
    "et": "BladderExpression",
    "off": 16406,
    "sff": "bladders"
  },
  {
    "docID": "N146 Fouad 2009",
    "et": "BladderExpression",
    "off": 3035,
    "sff": "bladder"
  },
  {
    "docID": "N146 Fouad 2009",
    "et": "BladderExpression",
    "off": 2266,
    "sff": "bladder"
  },
  {
    "docID": "N146 Fouad 2009",
    "et": "BladderExpression",
    "off": 6881,
    "sff": "bladder"
  },
  {
    "docID": "N146 Fouad 2009",
    "et": "BladderExpression",
    "off": 7649,
    "sff": "bladder"
  },
  {
    "docID": "N146 Fouad 2009",
    "et": "BladderExpression",
    "off": 13841,
    "sff": "bladders"
  },
  {
    "docID": "N146 Fouad 2009",
    "et": "BladderExpression",
    "off": 1250,
    "sff": "bladder"
  },
  {
    "docID": "N146 Fouad 2009",
    "et": "BladderExpression",
    "off": 21730,
    "sff": "bladder"
  },
  {
    "docID": "N146 Fouad 2009",
    "et": "BladderExpression",
    "off": 7448,
    "sff": "bladders"
  },
  {
    "docID": "N146 Fouad 2009",
    "et": "BladderExpression",
    "off": 13808,
    "sff": "bladder expression"
  },
  {
    "docID": "N146 Fouad 2009",
    "et": "BladderExpression",
    "off": 2534,
    "sff": "bladder"
  },
  {
    "docID": "N146 Fouad 2009",
    "et": "BladderExpression",
    "off": 12006,
    "sff": "bladder"
  },
  {
    "docID": "N146 Fouad 2009",
    "et": "BladderExpression",
    "off": 22509,
    "sff": "bladder"
  },
  {
    "docID": "N146 Fouad 2009",
    "et": "BladderExpression",
    "off": 15594,
    "sff": "bladder"
  },
  {
    "docID": "N146 Fouad 2009",
    "et": "BladderExpression",
    "off": 15388,
    "sff": "Bladders"
  },
  {
    "docID": "N146 Fouad 2009",
    "et": "BladderExpression",
    "off": 17852,
    "sff": "Bladder"
  },
  {
    "docID": "N146 Fouad 2009",
    "et": "BladderExpression",
    "off": 19953,
    "sff": "bladder"
  },
  {
    "docID": "N146 Fouad 2009",
    "et": "BladderExpression",
    "off": 29884,
    "sff": "Bladder"
  },
  {
    "docID": "N146 Fouad 2009",
    "et": "BladderExpression",
    "off": 24560,
    "sff": "bladder"
  },
  {
    "docID": "N146 Fouad 2009",
    "et": "BladderExpression",
    "off": 16623,
    "sff": "bladder"
  },
  {
    "docID": "N146 Fouad 2009",
    "et": "BladderExpression",
    "off": 19183,
    "sff": "bladder"
  },
  {
    "docID": "N146 Fouad 2009",
    "et": "BladderExpression",
    "off": 13044,
    "sff": "bladder"
  },
  {
    "docID": "N146 Fouad 2009",
    "et": "BladderExpression",
    "off": 25335,
    "sff": "bladder"
  },
  {
    "docID": "N146 Fouad 2009",
    "et": "BladderExpression",
    "off": 3315,
    "sff": "bladder"
  },
  {
    "docID": "N146 Fouad 2009",
    "et": "BladderExpression",
    "off": 2809,
    "sff": "bladder"
  },
  {
    "docID": "N146 Fouad 2009",
    "et": "BladderExpression",
    "off": 18172,
    "sff": "bladder"
  },
  {
    "docID": "N146 Fouad 2009",
    "et": "BladderExpression",
    "off": 20993,
    "sff": "bladder"
  },
  {
    "docID": "N146 Fouad 2009",
    "et": "BladderExpression",
    "off": 20249,
    "sff": "bladder expression"
  },
  {
    "docID": "N146 Fouad 2009",
    "et": "BladderExpression",
    "off": 23045,
    "sff": "bladder"
  },
  {
    "docID": "N146 Fouad 2009",
    "et": "BladderExpression",
    "off": 28678,
    "sff": "bladder"
  },
  {
    "docID": "N146 Fouad 2009",
    "et": "BladderExpression",
    "off": 3586,
    "sff": "bladder"
  },
  {
    "docID": "N146 Fouad 2009",
    "et": "BladderExpression",
    "off": 6834,
    "sff": "Bladder"
  },
  {
    "docID": "N146 Fouad 2009",
    "et": "BladderExpression",
    "off": 9478,
    "sff": "bladder"
  },
  {
    "docID": "N146 Fouad 2009",
    "et": "TreatmentSite",
    "off": 25239,
    "sff": "treatment"
  },
  {
    "docID": "N146 Fouad 2009",
    "et": "TreatmentSite",
    "off": 710,
    "sff": "treatment"
  },
  {
    "docID": "N146 Fouad 2009",
    "et": "TreatmentSite",
    "off": 14337,
    "sff": "treatment"
  },
  {
    "docID": "N146 Fouad 2009",
    "et": "TreatmentSite",
    "off": 4879,
    "sff": "treatment"
  },
  {
    "docID": "N146 Fouad 2009",
    "et": "TreatmentSite",
    "off": 909,
    "sff": "treatment"
  },
  {
    "docID": "N146 Fouad 2009",
    "et": "TreatmentSite",
    "off": 24686,
    "sff": "treatment"
  },
  {
    "docID": "N146 Fouad 2009",
    "et": "TreatmentSite",
    "off": 1835,
    "sff": "treatment"
  },
  {
    "docID": "N146 Fouad 2009",
    "et": "TreatmentSite",
    "off": 4363,
    "sff": "treatment"
  },
  {
    "docID": "N146 Fouad 2009",
    "et": "TreatmentSite",
    "off": 6811,
    "sff": "treatment"
  },
  {
    "docID": "N146 Fouad 2009",
    "et": "TreatmentSite",
    "off": 27611,
    "sff": "treatment"
  },
  {
    "docID": "N146 Fouad 2009",
    "et": "StemCell",
    "off": 28216,
    "sff": "stem"
  },
  {
    "docID": "N146 Fouad 2009",
    "et": "StemCell",
    "off": 4105,
    "sff": "stem"
  },
  {
    "docID": "N146 Fouad 2009",
    "et": "Duration",
    "off": 14130,
    "sff": "3 weeks"
  },
  {
    "docID": "N146 Fouad 2009",
    "et": "Duration",
    "off": 10063,
    "sff": "3 days"
  },
  {
    "docID": "N146 Fouad 2009",
    "et": "Duration",
    "off": 10913,
    "sff": "10 min"
  },
  {
    "docID": "N146 Fouad 2009",
    "et": "Duration",
    "off": 14580,
    "sff": "2 weeks"
  },
  {
    "docID": "N146 Fouad 2009",
    "et": "Duration",
    "off": 20276,
    "sff": "2 weeks"
  },
  {
    "docID": "N146 Fouad 2009",
    "et": "Duration",
    "off": 1454,
    "sff": "3 weeks"
  },
  {
    "docID": "N146 Fouad 2009",
    "et": "Duration",
    "off": 7250,
    "sff": "12 weeks"
  },
  {
    "docID": "N146 Fouad 2009",
    "et": "Duration",
    "off": 8716,
    "sff": "24 h"
  },
  {
    "docID": "N146 Fouad 2009",
    "et": "Duration",
    "off": 7750,
    "sff": "2 days"
  },
  {
    "docID": "N146 Fouad 2009",
    "et": "Duration",
    "off": 20197,
    "sff": "2 weeks"
  },
  {
    "docID": "N146 Fouad 2009",
    "et": "Duration",
    "off": 1377,
    "sff": "14 weeks"
  },
  {
    "docID": "N146 Fouad 2009",
    "et": "Duration",
    "off": 8291,
    "sff": "1 h"
  },
  {
    "docID": "N146 Fouad 2009",
    "et": "Duration",
    "off": 14435,
    "sff": "12 weeks"
  },
  {
    "docID": "N146 Fouad 2009",
    "et": "Duration",
    "off": 6610,
    "sff": "3 weeks"
  },
  {
    "docID": "N146 Fouad 2009",
    "et": "Duration",
    "off": 11760,
    "sff": "12 weeks"
  },
  {
    "docID": "N146 Fouad 2009",
    "et": "Duration",
    "off": 8577,
    "sff": "48-h"
  },
  {
    "docID": "N146 Fouad 2009",
    "et": "Duration",
    "off": 6360,
    "sff": "4 weeks"
  },
  {
    "docID": "N146 Fouad 2009",
    "et": "Duration",
    "off": 8383,
    "sff": "45 min"
  },
  {
    "docID": "N146 Fouad 2009",
    "et": "Duration",
    "off": 11686,
    "sff": "7 weeks"
  },
  {
    "docID": "N146 Fouad 2009",
    "et": "Duration",
    "off": 7427,
    "sff": "0.1M"
  },
  {
    "docID": "N146 Fouad 2009",
    "et": "Duration",
    "off": 14791,
    "sff": "2 weeks"
  },
  {
    "docID": "N146 Fouad 2009",
    "et": "Duration",
    "off": 11618,
    "sff": "4 weeks"
  },
  {
    "docID": "N146 Fouad 2009",
    "et": "Duration",
    "off": 6444,
    "sff": "12 weeks"
  },
  {
    "docID": "N146 Fouad 2009",
    "et": "Duration",
    "off": 8316,
    "sff": "10 min"
  },
  {
    "docID": "N146 Fouad 2009",
    "et": "Duration",
    "off": 1472,
    "sff": "2 weeks"
  },
  {
    "docID": "N146 Fouad 2009",
    "et": "LesionAdjacentTissue",
    "off": 24831,
    "sff": "lesion"
  },
  {
    "docID": "N146 Fouad 2009",
    "et": "LesionAdjacentTissue",
    "off": 14804,
    "sff": "lesion"
  },
  {
    "docID": "N146 Fouad 2009",
    "et": "LesionAdjacentTissue",
    "off": 17380,
    "sff": "lesion"
  },
  {
    "docID": "N146 Fouad 2009",
    "et": "LesionAdjacentTissue",
    "off": 3794,
    "sff": "lesion"
  },
  {
    "docID": "N146 Fouad 2009",
    "et": "LesionAdjacentTissue",
    "off": 5762,
    "sff": "lesion"
  },
  {
    "docID": "N146 Fouad 2009",
    "et": "LesionAdjacentTissue",
    "off": 20289,
    "sff": "lesion"
  },
  {
    "docID": "N146 Fouad 2009",
    "et": "LesionAdjacentTissue",
    "off": 1160,
    "sff": "lesion"
  },
  {
    "docID": "N146 Fouad 2009",
    "et": "LesionAdjacentTissue",
    "off": 22952,
    "sff": "lesion"
  },
  {
    "docID": "N146 Fouad 2009",
    "et": "CentralNervousSystem",
    "off": 2364,
    "sff": "central nervous"
  },
  {
    "docID": "N146 Fouad 2009",
    "et": "CentralNervousSystem",
    "off": 2720,
    "sff": "nervous"
  },
  {
    "docID": "N146 Fouad 2009",
    "et": "CentralNervousSystem",
    "off": 29233,
    "sff": "central"
  },
  {
    "docID": "N146 Fouad 2009",
    "et": "CentralNervousSystem",
    "off": 26086,
    "sff": "central nervous"
  },
  {
    "docID": "N146 Fouad 2009",
    "et": "CentralNervousSystem",
    "off": 2364,
    "sff": "central nervous system"
  },
  {
    "docID": "N146 Fouad 2009",
    "et": "CentralNervousSystem",
    "off": 2720,
    "sff": "nervous system"
  },
  {
    "docID": "N146 Fouad 2009",
    "et": "CentralNervousSystem",
    "off": 26086,
    "sff": "central nervous system"
  },
  {
    "docID": "N146 Fouad 2009",
    "et": "Location",
    "off": 19266,
    "sff": "location"
  },
  {
    "docID": "N146 Fouad 2009",
    "et": "HartleyGuineaPig",
    "off": 6527,
    "sff": "guineapig"
  },
  {
    "docID": "N146 Fouad 2009",
    "et": "SpinalCentralPart",
    "off": 2364,
    "sff": "central"
  },
  {
    "docID": "N146 Fouad 2009",
    "et": "SpinalCentralPart",
    "off": 26086,
    "sff": "central"
  },
  {
    "docID": "N146 Fouad 2009",
    "et": "SpinalCentralPart",
    "off": 29233,
    "sff": "central"
  },
  {
    "docID": "N146 Fouad 2009",
    "et": "InjuryArea",
    "off": 15123,
    "sff": "area"
  },
  {
    "docID": "N146 Fouad 2009",
    "et": "InjuryArea",
    "off": 9636,
    "sff": "area"
  },
  {
    "docID": "N146 Fouad 2009",
    "et": "InjuryArea",
    "off": 18929,
    "sff": "area"
  },
  {
    "docID": "N146 Fouad 2009",
    "et": "InjuryArea",
    "off": 15180,
    "sff": "area"
  },
  {
    "docID": "N146 Fouad 2009",
    "et": "AnatomicalLocation",
    "off": 20736,
    "sff": "anatomical"
  },
  {
    "docID": "N146 Fouad 2009",
    "et": "GuineaPigSpecies",
    "off": 6527,
    "sff": "guineapig"
  },
  {
    "docID": "N146 Fouad 2009",
    "et": "ShortTermCultivaton",
    "off": 13459,
    "sff": "Short"
  },
  {
    "docID": "N146 Fouad 2009",
    "et": "ShortTermCultivaton",
    "off": 17496,
    "sff": "short"
  },
  {
    "docID": "N146 Fouad 2009",
    "et": "ShortTermCultivaton",
    "off": 17402,
    "sff": "short"
  },
  {
    "docID": "N146 Fouad 2009",
    "et": "MedicationDuringSurgery",
    "off": 4525,
    "sff": "during"
  },
  {
    "docID": "N146 Fouad 2009",
    "et": "MedicationDuringSurgery",
    "off": 13935,
    "sff": "during"
  },
  {
    "docID": "N146 Fouad 2009",
    "et": "MedicationDuringSurgery",
    "off": 2454,
    "sff": "During"
  },
  {
    "docID": "N146 Fouad 2009",
    "et": "MedicationDuringSurgery",
    "off": 13974,
    "sff": "During"
  },
  {
    "docID": "N146 Fouad 2009",
    "et": "MedicationDuringSurgery",
    "off": 28865,
    "sff": "during"
  },
  {
    "docID": "N146 Fouad 2009",
    "et": "MedicationDuringSurgery",
    "off": 4236,
    "sff": "During"
  },
  {
    "docID": "N146 Fouad 2009",
    "et": "MedicationDuringSurgery",
    "off": 19682,
    "sff": "during"
  },
  {
    "docID": "N146 Fouad 2009",
    "et": "MedicationDuringSurgery",
    "off": 20242,
    "sff": "during"
  },
  {
    "docID": "N146 Fouad 2009",
    "et": "MedicationDuringSurgery",
    "off": 6416,
    "sff": "During"
  },
  {
    "docID": "N146 Fouad 2009",
    "et": "MedicationDuringSurgery",
    "off": 20360,
    "sff": "during"
  },
  {
    "docID": "N146 Fouad 2009",
    "et": "MedicationDuringSurgery",
    "off": 19433,
    "sff": "during"
  },
  {
    "docID": "N146 Fouad 2009",
    "et": "MedicationDuringSurgery",
    "off": 20269,
    "sff": "during"
  },
  {
    "docID": "N146 Fouad 2009",
    "et": "Brain",
    "off": 4099,
    "sff": "brain"
  },
  {
    "docID": "N146 Fouad 2009",
    "et": "Brain",
    "off": 28090,
    "sff": "Brain"
  },
  {
    "docID": "N146 Fouad 2009",
    "et": "Brain",
    "off": 29852,
    "sff": "Brain"
  },
  {
    "docID": "N146 Fouad 2009",
    "et": "Brain",
    "off": 26025,
    "sff": "Brain"
  },
  {
    "docID": "N146 Fouad 2009",
    "et": "Laminectomy",
    "off": 5460,
    "sff": "laminectomy"
  },
  {
    "docID": "N146 Fouad 2009",
    "et": "AscendingFiberTract",
    "off": 11092,
    "sff": "fiber"
  },
  {
    "docID": "N146 Fouad 2009",
    "et": "AscendingFiberTract",
    "off": 13616,
    "sff": "fiber"
  },
  {
    "docID": "N146 Fouad 2009",
    "et": "AscendingFiberTract",
    "off": 24442,
    "sff": "fiber"
  },
  {
    "docID": "N146 Fouad 2009",
    "et": "AscendingFiberTract",
    "off": 16039,
    "sff": "fiber"
  },
  {
    "docID": "N146 Fouad 2009",
    "et": "AscendingFiberTract",
    "off": 25943,
    "sff": "ascending"
  },
  {
    "docID": "N146 Fouad 2009",
    "et": "SpinalWhiteMatter",
    "off": 11498,
    "sff": "white"
  },
  {
    "docID": "N146 Fouad 2009",
    "et": "MeasurementOfIncreasingTemperature",
    "off": 15015,
    "sff": "measurement"
  },
  {
    "docID": "N146 Fouad 2009",
    "et": "Antibody",
    "off": 8844,
    "sff": "antibody"
  },
  {
    "docID": "N146 Fouad 2009",
    "et": "Antibody",
    "off": 8606,
    "sff": "antibody"
  },
  {
    "docID": "N146 Fouad 2009",
    "et": "Antibody",
    "off": 8770,
    "sff": "antibody"
  },
  {
    "docID": "N146 Fouad 2009",
    "et": "Antibody",
    "off": 10598,
    "sff": "antibody"
  },
  {
    "docID": "N146 Fouad 2009",
    "et": "Antibody",
    "off": 10678,
    "sff": "antibody"
  },
  {
    "docID": "N146 Fouad 2009",
    "et": "ContusionType",
    "off": 22919,
    "sff": "contusion"
  },
  {
    "docID": "N146 Fouad 2009",
    "et": "ContusionType",
    "off": 28705,
    "sff": "contusion"
  },
  {
    "docID": "N146 Fouad 2009",
    "et": "ContusionType",
    "off": 28514,
    "sff": "contusion"
  },
  {
    "docID": "N146 Fouad 2009",
    "et": "RadiofrequencyLesionDevice",
    "off": 3794,
    "sff": "lesion"
  },
  {
    "docID": "N146 Fouad 2009",
    "et": "RadiofrequencyLesionDevice",
    "off": 5762,
    "sff": "lesion"
  },
  {
    "docID": "N146 Fouad 2009",
    "et": "RadiofrequencyLesionDevice",
    "off": 20289,
    "sff": "lesion"
  },
  {
    "docID": "N146 Fouad 2009",
    "et": "RadiofrequencyLesionDevice",
    "off": 14804,
    "sff": "lesion"
  },
  {
    "docID": "N146 Fouad 2009",
    "et": "RadiofrequencyLesionDevice",
    "off": 17380,
    "sff": "lesion"
  },
  {
    "docID": "N146 Fouad 2009",
    "et": "RadiofrequencyLesionDevice",
    "off": 22952,
    "sff": "lesion"
  },
  {
    "docID": "N146 Fouad 2009",
    "et": "RadiofrequencyLesionDevice",
    "off": 1160,
    "sff": "lesion"
  },
  {
    "docID": "N146 Fouad 2009",
    "et": "RadiofrequencyLesionDevice",
    "off": 24831,
    "sff": "lesion"
  },
  {
    "docID": "N146 Fouad 2009",
    "et": "SympatheticPreganglionicNeurons",
    "off": 2688,
    "sff": "sympathetic"
  },
  {
    "docID": "N146 Fouad 2009",
    "et": "PostSurgeryCondition",
    "off": 7704,
    "sff": "post"
  },
  {
    "docID": "N146 Fouad 2009",
    "et": "PostSurgeryCondition",
    "off": 397,
    "sff": "Surgery"
  },
  {
    "docID": "N146 Fouad 2009",
    "et": "PostSurgeryCondition",
    "off": 7129,
    "sff": "post"
  },
  {
    "docID": "N146 Fouad 2009",
    "et": "PostSurgeryCondition",
    "off": 11694,
    "sff": "post"
  },
  {
    "docID": "N146 Fouad 2009",
    "et": "PostSurgeryCondition",
    "off": 14799,
    "sff": "post"
  },
  {
    "docID": "N146 Fouad 2009",
    "et": "PostSurgeryCondition",
    "off": 14444,
    "sff": "post"
  },
  {
    "docID": "N146 Fouad 2009",
    "et": "PostSurgeryCondition",
    "off": 20284,
    "sff": "post"
  },
  {
    "docID": "N146 Fouad 2009",
    "et": "PostSurgeryCondition",
    "off": 11425,
    "sff": "post"
  },
  {
    "docID": "N146 Fouad 2009",
    "et": "PostSurgeryCondition",
    "off": 5213,
    "sff": "surgery"
  },
  {
    "docID": "N146 Fouad 2009",
    "et": "PostSurgeryCondition",
    "off": 9972,
    "sff": "post"
  },
  {
    "docID": "N146 Fouad 2009",
    "et": "PostSurgeryCondition",
    "off": 361,
    "sff": "Surgery"
  },
  {
    "docID": "N146 Fouad 2009",
    "et": "RatSpecies",
    "off": 26606,
    "sff": "rat"
  },
  {
    "docID": "N146 Fouad 2009",
    "et": "RatSpecies",
    "off": 6988,
    "sff": "rat"
  },
  {
    "docID": "N146 Fouad 2009",
    "et": "RatSpecies",
    "off": 28845,
    "sff": "rat"
  },
  {
    "docID": "N146 Fouad 2009",
    "et": "RatSpecies",
    "off": 28022,
    "sff": "rat"
  },
  {
    "docID": "N146 Fouad 2009",
    "et": "RatSpecies",
    "off": 1909,
    "sff": "rat"
  },
  {
    "docID": "N146 Fouad 2009",
    "et": "RatSpecies",
    "off": 26020,
    "sff": "rat"
  },
  {
    "docID": "N146 Fouad 2009",
    "et": "RatSpecies",
    "off": 29108,
    "sff": "rat"
  },
  {
    "docID": "N146 Fouad 2009",
    "et": "RatSpecies",
    "off": 29482,
    "sff": "rat"
  },
  {
    "docID": "N146 Fouad 2009",
    "et": "RatSpecies",
    "off": 28313,
    "sff": "rat"
  },
  {
    "docID": "N146 Fouad 2009",
    "et": "RatSpecies",
    "off": 28729,
    "sff": "rat"
  },
  {
    "docID": "N146 Fouad 2009",
    "et": "InjuryIntensity",
    "off": 9842,
    "sff": "intensity"
  },
  {
    "docID": "N146 Fouad 2009",
    "et": "InjuryIntensity",
    "off": 9103,
    "sff": "intensity"
  },
  {
    "docID": "N146 Fouad 2009",
    "et": "SodiumPentobarbital",
    "off": 7180,
    "sff": "sodium"
  },
  {
    "docID": "N146 Fouad 2009",
    "et": "VertebralArea",
    "off": 5479,
    "sff": "vertebral"
  },
  {
    "docID": "N146 Fouad 2009",
    "et": "Caudal",
    "off": 4215,
    "sff": "caudal"
  },
  {
    "docID": "N146 Fouad 2009",
    "et": "Caudal",
    "off": 17366,
    "sff": "caudal"
  },
  {
    "docID": "N146 Fouad 2009",
    "et": "Caudal",
    "off": 23653,
    "sff": "caudal"
  },
  {
    "docID": "N146 Fouad 2009",
    "et": "Caudal",
    "off": 23249,
    "sff": "caudal"
  },
  {
    "docID": "N146 Fouad 2009",
    "et": "Caudal",
    "off": 24209,
    "sff": "caudal"
  },
  {
    "docID": "N146 Fouad 2009",
    "et": "Caudal",
    "off": 17018,
    "sff": "caudal"
  },
  {
    "docID": "N146 Fouad 2009",
    "et": "VertebralSegment",
    "off": 5479,
    "sff": "vertebral segment"
  },
  {
    "docID": "N146 Fouad 2009",
    "et": "Enzyme",
    "off": 22610,
    "sff": "enzyme"
  },
  {
    "docID": "N146 Fouad 2009",
    "et": "L1",
    "off": 10303,
    "sff": "L1"
  },
  {
    "docID": "N146 Fouad 2009",
    "et": "SchwannCell",
    "off": 5938,
    "sff": "Schwann"
  },
  {
    "docID": "N146 Fouad 2009",
    "et": "SchwannCell",
    "off": 5123,
    "sff": "Schwann"
  },
  {
    "docID": "N146 Fouad 2009",
    "et": "SchwannCell",
    "off": 27792,
    "sff": "Schwann"
  },
  {
    "docID": "N146 Fouad 2009",
    "et": "SchwannCell",
    "off": 1051,
    "sff": "Schwann"
  },
  {
    "docID": "N146 Fouad 2009",
    "et": "SchwannCell",
    "off": 27325,
    "sff": "Schwann cell"
  },
  {
    "docID": "N146 Fouad 2009",
    "et": "NewZealandRabbit",
    "off": 25430,
    "sff": "new"
  },
  {
    "docID": "N146 Fouad 2009",
    "et": "NewZealandRabbit",
    "off": 25748,
    "sff": "New"
  },
  {
    "docID": "N146 Fouad 2009",
    "et": "SigmaAldrich",
    "off": 10616,
    "sff": "Sigma"
  },
  {
    "docID": "N146 Fouad 2009",
    "et": "SigmaAldrich",
    "off": 8116,
    "sff": "Sigma"
  },
  {
    "docID": "N146 Fouad 2009",
    "et": "DescendingFiberTract",
    "off": 24442,
    "sff": "fiber"
  },
  {
    "docID": "N146 Fouad 2009",
    "et": "DescendingFiberTract",
    "off": 16039,
    "sff": "fiber"
  },
  {
    "docID": "N146 Fouad 2009",
    "et": "DescendingFiberTract",
    "off": 11092,
    "sff": "fiber"
  },
  {
    "docID": "N146 Fouad 2009",
    "et": "DescendingFiberTract",
    "off": 25957,
    "sff": "descending"
  },
  {
    "docID": "N146 Fouad 2009",
    "et": "DescendingFiberTract",
    "off": 22786,
    "sff": "descending"
  },
  {
    "docID": "N146 Fouad 2009",
    "et": "DescendingFiberTract",
    "off": 13616,
    "sff": "fiber"
  },
  {
    "docID": "N146 Fouad 2009",
    "et": "DescendingFiberTract",
    "off": 24601,
    "sff": "descending"
  },
  {
    "docID": "N146 Fouad 2009",
    "et": "Lumbar",
    "off": 9906,
    "sff": "lumbar"
  },
  {
    "docID": "N146 Fouad 2009",
    "et": "Lumbar",
    "off": 24916,
    "sff": "lumbar"
  },
  {
    "docID": "N146 Fouad 2009",
    "et": "Lumbar",
    "off": 3975,
    "sff": "lumbar"
  },
  {
    "docID": "N146 Fouad 2009",
    "et": "Lumbar",
    "off": 23834,
    "sff": "lumbar"
  },
  {
    "docID": "N146 Fouad 2009",
    "et": "Lumbar",
    "off": 24250,
    "sff": "lumbar"
  },
  {
    "docID": "N146 Fouad 2009",
    "et": "Lumbar",
    "off": 24378,
    "sff": "lumbar"
  },
  {
    "docID": "N146 Fouad 2009",
    "et": "Lumbar",
    "off": 10283,
    "sff": "lumbar"
  },
  {
    "docID": "N146 Fouad 2009",
    "et": "Lumbar",
    "off": 13549,
    "sff": "lumbar"
  },
  {
    "docID": "N146 Fouad 2009",
    "et": "Lumbar",
    "off": 17197,
    "sff": "lumbar"
  },
  {
    "docID": "N146 Fouad 2009",
    "et": "Lumbar",
    "off": 13439,
    "sff": "lumbar"
  },
  {
    "docID": "N146 Fouad 2009",
    "et": "Thoracic",
    "off": 3716,
    "sff": "thoracic"
  },
  {
    "docID": "N146 Fouad 2009",
    "et": "Thoracic",
    "off": 1191,
    "sff": "thoracic"
  },
  {
    "docID": "N146 Fouad 2009",
    "et": "VertebralLocation",
    "off": 5479,
    "sff": "vertebral"
  },
  {
    "docID": "N146 Fouad 2009",
    "et": "GreenFluorescentProtein",
    "off": 12944,
    "sff": "green"
  },
  {
    "docID": "N146 Fouad 2009",
    "et": "GreenFluorescentProtein",
    "off": 9150,
    "sff": "fluorescent"
  },
  {
    "docID": "N146 Fouad 2009",
    "et": "Seikagaku",
    "off": 6263,
    "sff": "Seikagaku"
  },
  {
    "docID": "N146 Fouad 2009",
    "et": "StemCellSourceType",
    "off": 28216,
    "sff": "stem"
  },
  {
    "docID": "N146 Fouad 2009",
    "et": "StemCellSourceType",
    "off": 41,
    "sff": "cell"
  },
  {
    "docID": "N146 Fouad 2009",
    "et": "StemCellSourceType",
    "off": 27333,
    "sff": "cell"
  },
  {
    "docID": "N146 Fouad 2009",
    "et": "StemCellSourceType",
    "off": 22580,
    "sff": "cell"
  },
  {
    "docID": "N146 Fouad 2009",
    "et": "StemCellSourceType",
    "off": 4105,
    "sff": "stem"
  },
  {
    "docID": "N146 Fouad 2009",
    "et": "StemCellSourceType",
    "off": 18454,
    "sff": "cell"
  },
  {
    "docID": "N146 Fouad 2009",
    "et": "StemCellSourceType",
    "off": 25264,
    "sff": "cell"
  },
  {
    "docID": "N146 Fouad 2009",
    "et": "InVitroExperimentalProcedure",
    "off": 21050,
    "sff": "experimental"
  },
  {
    "docID": "N146 Fouad 2009",
    "et": "SerotonergicFibers",
    "off": 22859,
    "sff": "serotonergic fibers"
  },
  {
    "docID": "N146 Fouad 2009",
    "et": "SerotonergicFibers",
    "off": 3946,
    "sff": "serotonergic fibers"
  },
  {
    "docID": "N146 Fouad 2009",
    "et": "SerotonergicFibers",
    "off": 24013,
    "sff": "serotonergic fibers"
  },
  {
    "docID": "N146 Fouad 2009",
    "et": "SerotonergicFibers",
    "off": 24429,
    "sff": "serotonergic"
  },
  {
    "docID": "N146 Fouad 2009",
    "et": "SerotonergicFibers",
    "off": 23660,
    "sff": "serotonergic"
  },
  {
    "docID": "N146 Fouad 2009",
    "et": "SerotonergicFibers",
    "off": 17552,
    "sff": "serotonergic fibers"
  },
  {
    "docID": "N146 Fouad 2009",
    "et": "SerotonergicFibers",
    "off": 13412,
    "sff": "Serotonergic fibers"
  },
  {
    "docID": "N146 Fouad 2009",
    "et": "SerotonergicFibers",
    "off": 23108,
    "sff": "serotonergic fibers"
  },
  {
    "docID": "N146 Fouad 2009",
    "et": "SerotonergicFibers",
    "off": 24168,
    "sff": "serotonergic fibers"
  },
  {
    "docID": "N146 Fouad 2009",
    "et": "SerotonergicFibers",
    "off": 29241,
    "sff": "serotonergic"
  },
  {
    "docID": "N146 Fouad 2009",
    "et": "SerotonergicFibers",
    "off": 22976,
    "sff": "serotonergic fibers"
  },
  {
    "docID": "N146 Fouad 2009",
    "et": "SerotonergicFibers",
    "off": 23802,
    "sff": "serotonergic"
  },
  {
    "docID": "N146 Fouad 2009",
    "et": "SerotonergicFibers",
    "off": 28026,
    "sff": "serotonergic"
  },
  {
    "docID": "N146 Fouad 2009",
    "et": "SerotonergicFibers",
    "off": 9879,
    "sff": "serotonergic fibers"
  },
  {
    "docID": "N146 Fouad 2009",
    "et": "SerotonergicFibers",
    "off": 17334,
    "sff": "serotonergic fibers"
  },
  {
    "docID": "N146 Fouad 2009",
    "et": "SerotonergicFibers",
    "off": 17025,
    "sff": "serotonergic"
  },
  {
    "docID": "N146 Fouad 2009",
    "et": "MeasurementOfDecreasingTemperature",
    "off": 15015,
    "sff": "measurement"
  },
  {
    "docID": "N146 Fouad 2009",
    "et": "FischerRat",
    "off": 28362,
    "sff": "Fischer"
  },
  {
    "docID": "N146 Fouad 2009",
    "et": "FischerRat",
    "off": 4953,
    "sff": "Fischer"
  },
  {
    "docID": "N146 Fouad 2009",
    "et": "AllenWeightDropDevice",
    "off": 5302,
    "sff": "weight"
  },
  {
    "docID": "N146 Fouad 2009",
    "et": "AllenWeightDropDevice",
    "off": 5398,
    "sff": "weight"
  },
  {
    "docID": "N146 Fouad 2009",
    "et": "AllenWeightDropDevice",
    "off": 7365,
    "sff": "weight"
  },
  {
    "docID": "N146 Fouad 2009",
    "et": "LongEvansRat",
    "off": 24138,
    "sff": "long"
  },
  {
    "docID": "N146 Fouad 2009",
    "et": "Cell",
    "off": 25264,
    "sff": "cell"
  },
  {
    "docID": "N146 Fouad 2009",
    "et": "Cell",
    "off": 18454,
    "sff": "cell"
  },
  {
    "docID": "N146 Fouad 2009",
    "et": "Cell",
    "off": 41,
    "sff": "cell"
  },
  {
    "docID": "N146 Fouad 2009",
    "et": "Cell",
    "off": 27333,
    "sff": "cell"
  },
  {
    "docID": "N146 Fouad 2009",
    "et": "Cell",
    "off": 22580,
    "sff": "cell"
  },
  {
    "docID": "N146 Fouad 2009",
    "et": "Lateral",
    "off": 7823,
    "sff": "lateral"
  },
  {
    "docID": "N146 Fouad 2009",
    "et": "17BetaEstradiolE2",
    "off": 29056,
    "sff": "17"
  },
  {
    "docID": "N146 Fouad 2009",
    "et": "HematopoieticStemCell",
    "off": 28216,
    "sff": "stem"
  },
  {
    "docID": "N146 Fouad 2009",
    "et": "HematopoieticStemCell",
    "off": 4105,
    "sff": "stem"
  },
  {
    "docID": "N146 Fouad 2009",
    "et": "CompleteTransectionType",
    "off": 18593,
    "sff": "complete"
  },
  {
    "docID": "N146 Fouad 2009",
    "et": "CompleteTransectionType",
    "off": 17300,
    "sff": "complete transection"
  },
  {
    "docID": "N146 Fouad 2009",
    "et": "CompleteTransectionType",
    "off": 29597,
    "sff": "complete"
  },
  {
    "docID": "N146 Fouad 2009",
    "et": "CompleteTransectionType",
    "off": 11775,
    "sff": "complete"
  },
  {
    "docID": "N146 Fouad 2009",
    "et": "CompleteTransectionType",
    "off": 22943,
    "sff": "complete"
  },
  {
    "docID": "N146 Fouad 2009",
    "et": "CompleteTransectionType",
    "off": 1182,
    "sff": "complete"
  },
  {
    "docID": "N146 Fouad 2009",
    "et": "CompleteTransectionType",
    "off": 3743,
    "sff": "transection"
  },
  {
    "docID": "N146 Fouad 2009",
    "et": "CompleteTransectionType",
    "off": 27646,
    "sff": "transection"
  },
  {
    "docID": "N146 Fouad 2009",
    "et": "CompleteTransectionType",
    "off": 923,
    "sff": "complete"
  },
  {
    "docID": "N146 Fouad 2009",
    "et": "CompleteTransectionType",
    "off": 3707,
    "sff": "complete"
  },
  {
    "docID": "N146 Fouad 2009",
    "et": "CompleteTransectionType",
    "off": 11796,
    "sff": "transection"
  },
  {
    "docID": "N146 Fouad 2009",
    "et": "CompleteTransectionType",
    "off": 27438,
    "sff": "complete transection"
  },
  {
    "docID": "N146 Fouad 2009",
    "et": "CompleteTransectionType",
    "off": 143,
    "sff": "complete"
  },
  {
    "docID": "N146 Fouad 2009",
    "et": "CompleteTransectionType",
    "off": 18511,
    "sff": "complete"
  },
  {
    "docID": "N146 Fouad 2009",
    "et": "CompleteTransectionType",
    "off": 25358,
    "sff": "complete"
  },
  {
    "docID": "N146 Fouad 2009",
    "et": "CompleteTransectionType",
    "off": 3560,
    "sff": "complete"
  },
  {
    "docID": "N146 Fouad 2009",
    "et": "CompleteTransectionType",
    "off": 773,
    "sff": "complete"
  },
  {
    "docID": "N146 Fouad 2009",
    "et": "CompleteTransectionType",
    "off": 18532,
    "sff": "transection"
  },
  {
    "docID": "N146 Fouad 2009",
    "et": "CompleteTransectionType",
    "off": 22532,
    "sff": "complete"
  },
  {
    "docID": "N146 Fouad 2009",
    "et": "Water",
    "off": 10851,
    "sff": "water"
  },
  {
    "docID": "N146 Fouad 2009",
    "et": "ExperimentalProcedure",
    "off": 21050,
    "sff": "experimental"
  },
  {
    "docID": "N146 Fouad 2009",
    "et": "BodyTemperatureMeasurement",
    "off": 8654,
    "sff": "temperature"
  },
  {
    "docID": "N146 Fouad 2009",
    "et": "BodyTemperatureMeasurement",
    "off": 8729,
    "sff": "temperature"
  },
  {
    "docID": "N146 Fouad 2009",
    "et": "BodyTemperatureMeasurement",
    "off": 7360,
    "sff": "body"
  },
  {
    "docID": "N146 Fouad 2009",
    "et": "BodyTemperatureMeasurement",
    "off": 26144,
    "sff": "body"
  },
  {
    "docID": "N146 Fouad 2009",
    "et": "BodyTemperatureMeasurement",
    "off": 5297,
    "sff": "body"
  },
  {
    "docID": "N146 Fouad 2009",
    "et": "BodyTemperatureMeasurement",
    "off": 5393,
    "sff": "body"
  },
  {
    "docID": "N146 Fouad 2009",
    "et": "PartialTransectionType",
    "off": 11796,
    "sff": "transection"
  },
  {
    "docID": "N146 Fouad 2009",
    "et": "PartialTransectionType",
    "off": 18532,
    "sff": "transection"
  },
  {
    "docID": "N146 Fouad 2009",
    "et": "PartialTransectionType",
    "off": 27447,
    "sff": "transection"
  },
  {
    "docID": "N146 Fouad 2009",
    "et": "PartialTransectionType",
    "off": 17309,
    "sff": "transection"
  },
  {
    "docID": "N146 Fouad 2009",
    "et": "PartialTransectionType",
    "off": 27646,
    "sff": "transection"
  },
  {
    "docID": "N146 Fouad 2009",
    "et": "PartialTransectionType",
    "off": 3743,
    "sff": "transection"
  },
  {
    "docID": "N146 Fouad 2009",
    "et": "BrainDerivedNeurotrophicFactor",
    "off": 26025,
    "sff": "Brain"
  },
  {
    "docID": "N146 Fouad 2009",
    "et": "BrainDerivedNeurotrophicFactor",
    "off": 4099,
    "sff": "brain"
  },
  {
    "docID": "N146 Fouad 2009",
    "et": "BrainDerivedNeurotrophicFactor",
    "off": 28090,
    "sff": "Brain"
  },
  {
    "docID": "N146 Fouad 2009",
    "et": "BrainDerivedNeurotrophicFactor",
    "off": 29852,
    "sff": "Brain"
  },
  {
    "docID": "N146 Fouad 2009",
    "et": "CompleteInjuryArea",
    "off": 3560,
    "sff": "complete"
  },
  {
    "docID": "N146 Fouad 2009",
    "et": "CompleteInjuryArea",
    "off": 17300,
    "sff": "complete"
  },
  {
    "docID": "N146 Fouad 2009",
    "et": "CompleteInjuryArea",
    "off": 25358,
    "sff": "complete"
  },
  {
    "docID": "N146 Fouad 2009",
    "et": "CompleteInjuryArea",
    "off": 27438,
    "sff": "complete"
  },
  {
    "docID": "N146 Fouad 2009",
    "et": "CompleteInjuryArea",
    "off": 143,
    "sff": "complete"
  },
  {
    "docID": "N146 Fouad 2009",
    "et": "CompleteInjuryArea",
    "off": 18511,
    "sff": "complete"
  },
  {
    "docID": "N146 Fouad 2009",
    "et": "CompleteInjuryArea",
    "off": 29597,
    "sff": "complete"
  },
  {
    "docID": "N146 Fouad 2009",
    "et": "CompleteInjuryArea",
    "off": 923,
    "sff": "complete"
  },
  {
    "docID": "N146 Fouad 2009",
    "et": "CompleteInjuryArea",
    "off": 3707,
    "sff": "complete"
  },
  {
    "docID": "N146 Fouad 2009",
    "et": "CompleteInjuryArea",
    "off": 22532,
    "sff": "complete"
  },
  {
    "docID": "N146 Fouad 2009",
    "et": "CompleteInjuryArea",
    "off": 773,
    "sff": "complete"
  },
  {
    "docID": "N146 Fouad 2009",
    "et": "CompleteInjuryArea",
    "off": 18593,
    "sff": "complete"
  },
  {
    "docID": "N146 Fouad 2009",
    "et": "CompleteInjuryArea",
    "off": 1182,
    "sff": "complete"
  },
  {
    "docID": "N146 Fouad 2009",
    "et": "CompleteInjuryArea",
    "off": 11775,
    "sff": "complete"
  },
  {
    "docID": "N146 Fouad 2009",
    "et": "CompleteInjuryArea",
    "off": 22943,
    "sff": "complete"
  }
]
