[
  {
    "docID": "N148 Gorrie 2010",
    "et": "CompleteTransection",
    "off": 41012,
    "sff": "complete"
  },
  {
    "docID": "N148 Gorrie 2010",
    "et": "CompleteTransection",
    "off": 28774,
    "sff": "complete"
  },
  {
    "docID": "N148 Gorrie 2010",
    "et": "RecombinantEPORhEpo",
    "off": 33138,
    "sff": "recombinant"
  },
  {
    "docID": "N148 Gorrie 2010",
    "et": "OlfactoryEnsheathingGliaCell",
    "off": 674,
    "sff": "olfactory ensheathing"
  },
  {
    "docID": "N148 Gorrie 2010",
    "et": "OlfactoryEnsheathingGliaCell",
    "off": 31361,
    "sff": "Olfactory"
  },
  {
    "docID": "N148 Gorrie 2010",
    "et": "OlfactoryEnsheathingGliaCell",
    "off": 19619,
    "sff": "olfactory"
  },
  {
    "docID": "N148 Gorrie 2010",
    "et": "OlfactoryEnsheathingGliaCell",
    "off": 5156,
    "sff": "olfactory"
  },
  {
    "docID": "N148 Gorrie 2010",
    "et": "OlfactoryEnsheathingGliaCell",
    "off": 19296,
    "sff": "olfactory"
  },
  {
    "docID": "N148 Gorrie 2010",
    "et": "OlfactoryEnsheathingGliaCell",
    "off": 26910,
    "sff": "olfactory"
  },
  {
    "docID": "N148 Gorrie 2010",
    "et": "OlfactoryEnsheathingGliaCell",
    "off": 28315,
    "sff": "olfactory"
  },
  {
    "docID": "N148 Gorrie 2010",
    "et": "OlfactoryEnsheathingGliaCell",
    "off": 22041,
    "sff": "olfactory"
  },
  {
    "docID": "N148 Gorrie 2010",
    "et": "OlfactoryEnsheathingGliaCell",
    "off": 2577,
    "sff": "Olfactory ensheathing"
  },
  {
    "docID": "N148 Gorrie 2010",
    "et": "OlfactoryEnsheathingGliaCell",
    "off": 18579,
    "sff": "olfactory"
  },
  {
    "docID": "N148 Gorrie 2010",
    "et": "OlfactoryEnsheathingGliaCell",
    "off": 20689,
    "sff": "olfactory"
  },
  {
    "docID": "N148 Gorrie 2010",
    "et": "OlfactoryEnsheathingGliaCell",
    "off": 22353,
    "sff": "olfactory"
  },
  {
    "docID": "N148 Gorrie 2010",
    "et": "OlfactoryEnsheathingGliaCell",
    "off": 912,
    "sff": "olfactory"
  },
  {
    "docID": "N148 Gorrie 2010",
    "et": "OlfactoryEnsheathingGliaCell",
    "off": 4880,
    "sff": "olfactory"
  },
  {
    "docID": "N148 Gorrie 2010",
    "et": "OlfactoryEnsheathingGliaCell",
    "off": 4681,
    "sff": "olfactory"
  },
  {
    "docID": "N148 Gorrie 2010",
    "et": "OlfactoryEnsheathingGliaCell",
    "off": 4423,
    "sff": "olfactory"
  },
  {
    "docID": "N148 Gorrie 2010",
    "et": "OlfactoryEnsheathingGliaCell",
    "off": 5192,
    "sff": "olfactory"
  },
  {
    "docID": "N148 Gorrie 2010",
    "et": "OlfactoryEnsheathingGliaCell",
    "off": 28231,
    "sff": "olfactory"
  },
  {
    "docID": "N148 Gorrie 2010",
    "et": "OlfactoryEnsheathingGliaCell",
    "off": 527,
    "sff": "olfactory ensheathing"
  },
  {
    "docID": "N148 Gorrie 2010",
    "et": "OlfactoryEnsheathingGliaCell",
    "off": 4614,
    "sff": "olfactory"
  },
  {
    "docID": "N148 Gorrie 2010",
    "et": "OlfactoryEnsheathingGliaCell",
    "off": 19140,
    "sff": "olfactory"
  },
  {
    "docID": "N148 Gorrie 2010",
    "et": "OlfactoryEnsheathingGliaCell",
    "off": 19396,
    "sff": "olfactory"
  },
  {
    "docID": "N148 Gorrie 2010",
    "et": "OlfactoryEnsheathingGliaCell",
    "off": 22592,
    "sff": "olfactory"
  },
  {
    "docID": "N148 Gorrie 2010",
    "et": "OlfactoryEnsheathingGliaCell",
    "off": 19067,
    "sff": "olfactory"
  },
  {
    "docID": "N148 Gorrie 2010",
    "et": "OlfactoryEnsheathingGliaCell",
    "off": 27131,
    "sff": "olfactory"
  },
  {
    "docID": "N148 Gorrie 2010",
    "et": "OlfactoryEnsheathingGliaCell",
    "off": 19321,
    "sff": "olfactory"
  },
  {
    "docID": "N148 Gorrie 2010",
    "et": "OlfactoryEnsheathingGliaCell",
    "off": 27257,
    "sff": "olfactory"
  },
  {
    "docID": "N148 Gorrie 2010",
    "et": "MesenchymalStemCell",
    "off": 19444,
    "sff": "stem"
  },
  {
    "docID": "N148 Gorrie 2010",
    "et": "MesenchymalStemCell",
    "off": 407,
    "sff": "Stem"
  },
  {
    "docID": "N148 Gorrie 2010",
    "et": "MesenchymalStemCell",
    "off": 407,
    "sff": "Stem Cell"
  },
  {
    "docID": "N148 Gorrie 2010",
    "et": "DorsalInjuryArea",
    "off": 24725,
    "sff": "dorsal"
  },
  {
    "docID": "N148 Gorrie 2010",
    "et": "DorsalInjuryArea",
    "off": 7766,
    "sff": "dorsal"
  },
  {
    "docID": "N148 Gorrie 2010",
    "et": "DorsalInjuryArea",
    "off": 7846,
    "sff": "dorsal"
  },
  {
    "docID": "N148 Gorrie 2010",
    "et": "DorsalInjuryArea",
    "off": 40759,
    "sff": "dorsal"
  },
  {
    "docID": "N148 Gorrie 2010",
    "et": "DorsalInjuryArea",
    "off": 40963,
    "sff": "dorsal"
  },
  {
    "docID": "N148 Gorrie 2010",
    "et": "DorsalInjuryArea",
    "off": 40493,
    "sff": "dorsal"
  },
  {
    "docID": "N148 Gorrie 2010",
    "et": "DorsalInjuryArea",
    "off": 40909,
    "sff": "dorsal"
  },
  {
    "docID": "N148 Gorrie 2010",
    "et": "DorsalInjuryArea",
    "off": 26489,
    "sff": "dorsal"
  },
  {
    "docID": "N148 Gorrie 2010",
    "et": "DorsalInjuryArea",
    "off": 35481,
    "sff": "dorsal"
  },
  {
    "docID": "N148 Gorrie 2010",
    "et": "DorsalInjuryArea",
    "off": 8107,
    "sff": "dorsal"
  },
  {
    "docID": "N148 Gorrie 2010",
    "et": "DorsalInjuryArea",
    "off": 14955,
    "sff": "dorsal"
  },
  {
    "docID": "N148 Gorrie 2010",
    "et": "KetamineAsAnaesthetic",
    "off": 35334,
    "sff": "ketamine"
  },
  {
    "docID": "N148 Gorrie 2010",
    "et": "MouseSpecies",
    "off": 27039,
    "sff": "mouse"
  },
  {
    "docID": "N148 Gorrie 2010",
    "et": "MouseSpecies",
    "off": 41500,
    "sff": "Mouse"
  },
  {
    "docID": "N148 Gorrie 2010",
    "et": "WeightDrop",
    "off": 25065,
    "sff": "weight"
  },
  {
    "docID": "N148 Gorrie 2010",
    "et": "WeightDrop",
    "off": 35770,
    "sff": "weight drop"
  },
  {
    "docID": "N148 Gorrie 2010",
    "et": "WeightDrop",
    "off": 25108,
    "sff": "weight"
  },
  {
    "docID": "N148 Gorrie 2010",
    "et": "WeightDrop",
    "off": 38400,
    "sff": "weight"
  },
  {
    "docID": "N148 Gorrie 2010",
    "et": "WeightDrop",
    "off": 11260,
    "sff": "weight"
  },
  {
    "docID": "N148 Gorrie 2010",
    "et": "DorsalHemisection",
    "off": 40963,
    "sff": "dorsal"
  },
  {
    "docID": "N148 Gorrie 2010",
    "et": "DorsalHemisection",
    "off": 40759,
    "sff": "dorsal"
  },
  {
    "docID": "N148 Gorrie 2010",
    "et": "DorsalHemisection",
    "off": 8107,
    "sff": "dorsal"
  },
  {
    "docID": "N148 Gorrie 2010",
    "et": "DorsalHemisection",
    "off": 14955,
    "sff": "dorsal"
  },
  {
    "docID": "N148 Gorrie 2010",
    "et": "DorsalHemisection",
    "off": 35481,
    "sff": "dorsal"
  },
  {
    "docID": "N148 Gorrie 2010",
    "et": "DorsalHemisection",
    "off": 26489,
    "sff": "dorsal"
  },
  {
    "docID": "N148 Gorrie 2010",
    "et": "DorsalHemisection",
    "off": 7766,
    "sff": "dorsal"
  },
  {
    "docID": "N148 Gorrie 2010",
    "et": "DorsalHemisection",
    "off": 7846,
    "sff": "dorsal"
  },
  {
    "docID": "N148 Gorrie 2010",
    "et": "DorsalHemisection",
    "off": 40493,
    "sff": "dorsal"
  },
  {
    "docID": "N148 Gorrie 2010",
    "et": "DorsalHemisection",
    "off": 40909,
    "sff": "dorsal"
  },
  {
    "docID": "N148 Gorrie 2010",
    "et": "DorsalHemisection",
    "off": 24725,
    "sff": "dorsal"
  },
  {
    "docID": "N148 Gorrie 2010",
    "et": "SpinalVentralHalf",
    "off": 7787,
    "sff": "ventral"
  },
  {
    "docID": "N148 Gorrie 2010",
    "et": "SpinalVentralHalf",
    "off": 26737,
    "sff": "ventral"
  },
  {
    "docID": "N148 Gorrie 2010",
    "et": "SpinalVentralHalf",
    "off": 40769,
    "sff": "ventral"
  },
  {
    "docID": "N148 Gorrie 2010",
    "et": "SpinalVentralHalf",
    "off": 25786,
    "sff": "ventral"
  },
  {
    "docID": "N148 Gorrie 2010",
    "et": "SpinalVentralHalf",
    "off": 40986,
    "sff": "ventral"
  },
  {
    "docID": "N148 Gorrie 2010",
    "et": "SpinalVentralHalf",
    "off": 8117,
    "sff": "ventral"
  },
  {
    "docID": "N148 Gorrie 2010",
    "et": "SpinalVentralHalf",
    "off": 39270,
    "sff": "ventral"
  },
  {
    "docID": "N148 Gorrie 2010",
    "et": "SpinalVentralHalf",
    "off": 15908,
    "sff": "ventral"
  },
  {
    "docID": "N148 Gorrie 2010",
    "et": "SpinalVentralHalf",
    "off": 40503,
    "sff": "ventral"
  },
  {
    "docID": "N148 Gorrie 2010",
    "et": "SpinalVentralHalf",
    "off": 40919,
    "sff": "ventral"
  },
  {
    "docID": "N148 Gorrie 2010",
    "et": "SpinalVentralHalf",
    "off": 16984,
    "sff": "ventral"
  },
  {
    "docID": "N148 Gorrie 2010",
    "et": "SpinalVentralHalf",
    "off": 15670,
    "sff": "ventral"
  },
  {
    "docID": "N148 Gorrie 2010",
    "et": "RabbitSpecies",
    "off": 41553,
    "sff": "Rabbit"
  },
  {
    "docID": "N148 Gorrie 2010",
    "et": "RabbitSpecies",
    "off": 41458,
    "sff": "Rabbit"
  },
  {
    "docID": "N148 Gorrie 2010",
    "et": "Rostral",
    "off": 36994,
    "sff": "rostral"
  },
  {
    "docID": "N148 Gorrie 2010",
    "et": "Rostral",
    "off": 16224,
    "sff": "rostral"
  },
  {
    "docID": "N148 Gorrie 2010",
    "et": "Rostral",
    "off": 17632,
    "sff": "rostral"
  },
  {
    "docID": "N148 Gorrie 2010",
    "et": "Rostral",
    "off": 40213,
    "sff": "rostral"
  },
  {
    "docID": "N148 Gorrie 2010",
    "et": "DorsalColumn",
    "off": 8107,
    "sff": "dorsal"
  },
  {
    "docID": "N148 Gorrie 2010",
    "et": "DorsalColumn",
    "off": 40493,
    "sff": "dorsal"
  },
  {
    "docID": "N148 Gorrie 2010",
    "et": "DorsalColumn",
    "off": 40909,
    "sff": "dorsal"
  },
  {
    "docID": "N148 Gorrie 2010",
    "et": "DorsalColumn",
    "off": 14955,
    "sff": "dorsal"
  },
  {
    "docID": "N148 Gorrie 2010",
    "et": "DorsalColumn",
    "off": 7766,
    "sff": "dorsal"
  },
  {
    "docID": "N148 Gorrie 2010",
    "et": "DorsalColumn",
    "off": 7846,
    "sff": "dorsal"
  },
  {
    "docID": "N148 Gorrie 2010",
    "et": "DorsalColumn",
    "off": 26489,
    "sff": "dorsal"
  },
  {
    "docID": "N148 Gorrie 2010",
    "et": "DorsalColumn",
    "off": 35481,
    "sff": "dorsal"
  },
  {
    "docID": "N148 Gorrie 2010",
    "et": "DorsalColumn",
    "off": 40759,
    "sff": "dorsal"
  },
  {
    "docID": "N148 Gorrie 2010",
    "et": "DorsalColumn",
    "off": 24725,
    "sff": "dorsal"
  },
  {
    "docID": "N148 Gorrie 2010",
    "et": "DorsalColumn",
    "off": 40963,
    "sff": "dorsal"
  },
  {
    "docID": "N148 Gorrie 2010",
    "et": "Autologous",
    "off": 4518,
    "sff": "autologous"
  },
  {
    "docID": "N148 Gorrie 2010",
    "et": "Autologous",
    "off": 5060,
    "sff": "autologous"
  },
  {
    "docID": "N148 Gorrie 2010",
    "et": "Autologous",
    "off": 638,
    "sff": "autologous"
  },
  {
    "docID": "N148 Gorrie 2010",
    "et": "Autologous",
    "off": 5295,
    "sff": "autologous"
  },
  {
    "docID": "N148 Gorrie 2010",
    "et": "Autologous",
    "off": 22738,
    "sff": "autologous"
  },
  {
    "docID": "N148 Gorrie 2010",
    "et": "Left",
    "off": 30380,
    "sff": "left"
  },
  {
    "docID": "N148 Gorrie 2010",
    "et": "Left",
    "off": 43116,
    "sff": "left"
  },
  {
    "docID": "N148 Gorrie 2010",
    "et": "Left",
    "off": 7774,
    "sff": "left"
  },
  {
    "docID": "N148 Gorrie 2010",
    "et": "SubstanceApplicationLocation",
    "off": 22221,
    "sff": "application"
  },
  {
    "docID": "N148 Gorrie 2010",
    "et": "InjuryDevice",
    "off": 35782,
    "sff": "device"
  },
  {
    "docID": "N148 Gorrie 2010",
    "et": "LaminectomyType",
    "off": 35651,
    "sff": "laminectomy"
  },
  {
    "docID": "N148 Gorrie 2010",
    "et": "Tissue",
    "off": 40270,
    "sff": "tissue"
  },
  {
    "docID": "N148 Gorrie 2010",
    "et": "Tissue",
    "off": 17413,
    "sff": "tissue"
  },
  {
    "docID": "N148 Gorrie 2010",
    "et": "Tissue",
    "off": 42519,
    "sff": "tissue"
  },
  {
    "docID": "N148 Gorrie 2010",
    "et": "Tissue",
    "off": 19646,
    "sff": "tissue"
  },
  {
    "docID": "N148 Gorrie 2010",
    "et": "Tissue",
    "off": 25689,
    "sff": "tissue"
  },
  {
    "docID": "N148 Gorrie 2010",
    "et": "Tissue",
    "off": 26521,
    "sff": "tissue"
  },
  {
    "docID": "N148 Gorrie 2010",
    "et": "Tissue",
    "off": 42713,
    "sff": "tissue"
  },
  {
    "docID": "N148 Gorrie 2010",
    "et": "Tissue",
    "off": 8189,
    "sff": "tissue"
  },
  {
    "docID": "N148 Gorrie 2010",
    "et": "Tissue",
    "off": 42650,
    "sff": "tissue"
  },
  {
    "docID": "N148 Gorrie 2010",
    "et": "Tissue",
    "off": 43931,
    "sff": "tissue"
  },
  {
    "docID": "N148 Gorrie 2010",
    "et": "Tissue",
    "off": 15643,
    "sff": "tissue"
  },
  {
    "docID": "N148 Gorrie 2010",
    "et": "Tissue",
    "off": 43073,
    "sff": "tissue"
  },
  {
    "docID": "N148 Gorrie 2010",
    "et": "Tissue",
    "off": 9363,
    "sff": "tissue"
  },
  {
    "docID": "N148 Gorrie 2010",
    "et": "Tissue",
    "off": 32389,
    "sff": "tissue"
  },
  {
    "docID": "N148 Gorrie 2010",
    "et": "Tissue",
    "off": 8077,
    "sff": "Tissue"
  },
  {
    "docID": "N148 Gorrie 2010",
    "et": "Tissue",
    "off": 24786,
    "sff": "Tissue"
  },
  {
    "docID": "N148 Gorrie 2010",
    "et": "Tissue",
    "off": 14315,
    "sff": "tissue"
  },
  {
    "docID": "N148 Gorrie 2010",
    "et": "Tissue",
    "off": 43310,
    "sff": "tissue"
  },
  {
    "docID": "N148 Gorrie 2010",
    "et": "Tissue",
    "off": 14243,
    "sff": "tissue"
  },
  {
    "docID": "N148 Gorrie 2010",
    "et": "Tissue",
    "off": 35577,
    "sff": "tissue"
  },
  {
    "docID": "N148 Gorrie 2010",
    "et": "Tissue",
    "off": 5917,
    "sff": "tissue"
  },
  {
    "docID": "N148 Gorrie 2010",
    "et": "Tissue",
    "off": 7482,
    "sff": "tissue"
  },
  {
    "docID": "N148 Gorrie 2010",
    "et": "Tissue",
    "off": 27422,
    "sff": "tissue"
  },
  {
    "docID": "N148 Gorrie 2010",
    "et": "Tissue",
    "off": 2807,
    "sff": "tissue"
  },
  {
    "docID": "N148 Gorrie 2010",
    "et": "Tissue",
    "off": 32802,
    "sff": "tissue"
  },
  {
    "docID": "N148 Gorrie 2010",
    "et": "Tissue",
    "off": 7668,
    "sff": "tissue"
  },
  {
    "docID": "N148 Gorrie 2010",
    "et": "Tissue",
    "off": 14388,
    "sff": "tissue"
  },
  {
    "docID": "N148 Gorrie 2010",
    "et": "Tissue",
    "off": 16367,
    "sff": "tissue"
  },
  {
    "docID": "N148 Gorrie 2010",
    "et": "Tissue",
    "off": 42792,
    "sff": "tissue"
  },
  {
    "docID": "N148 Gorrie 2010",
    "et": "Tissue",
    "off": 30505,
    "sff": "tissue"
  },
  {
    "docID": "N148 Gorrie 2010",
    "et": "Tissue",
    "off": 24938,
    "sff": "tissue"
  },
  {
    "docID": "N148 Gorrie 2010",
    "et": "Tissue",
    "off": 31274,
    "sff": "tissue"
  },
  {
    "docID": "N148 Gorrie 2010",
    "et": "Tissue",
    "off": 32555,
    "sff": "tissue"
  },
  {
    "docID": "N148 Gorrie 2010",
    "et": "InjectionDelivery",
    "off": 7038,
    "sff": "injection"
  },
  {
    "docID": "N148 Gorrie 2010",
    "et": "InjectionDelivery",
    "off": 12883,
    "sff": "injection"
  },
  {
    "docID": "N148 Gorrie 2010",
    "et": "InjectionDelivery",
    "off": 37186,
    "sff": "injection"
  },
  {
    "docID": "N148 Gorrie 2010",
    "et": "SpinalLesionSite",
    "off": 9627,
    "sff": "lesion"
  },
  {
    "docID": "N148 Gorrie 2010",
    "et": "SpinalLesionSite",
    "off": 43804,
    "sff": "lesion"
  },
  {
    "docID": "N148 Gorrie 2010",
    "et": "SpinalLesionSite",
    "off": 18969,
    "sff": "lesion"
  },
  {
    "docID": "N148 Gorrie 2010",
    "et": "SpinalLesionSite",
    "off": 7192,
    "sff": "lesion"
  },
  {
    "docID": "N148 Gorrie 2010",
    "et": "SpinalLesionSite",
    "off": 7320,
    "sff": "lesion"
  },
  {
    "docID": "N148 Gorrie 2010",
    "et": "SpinalLesionSite",
    "off": 1814,
    "sff": "lesion"
  },
  {
    "docID": "N148 Gorrie 2010",
    "et": "SpinalLesionSite",
    "off": 16811,
    "sff": "lesion"
  },
  {
    "docID": "N148 Gorrie 2010",
    "et": "SpinalLesionSite",
    "off": 8360,
    "sff": "lesion"
  },
  {
    "docID": "N148 Gorrie 2010",
    "et": "SpinalLesionSite",
    "off": 42082,
    "sff": "Lesion"
  },
  {
    "docID": "N148 Gorrie 2010",
    "et": "SpinalLesionSite",
    "off": 8493,
    "sff": "lesion"
  },
  {
    "docID": "N148 Gorrie 2010",
    "et": "SpinalLesionSite",
    "off": 17441,
    "sff": "lesion"
  },
  {
    "docID": "N148 Gorrie 2010",
    "et": "SpinalLesionSite",
    "off": 27175,
    "sff": "lesion"
  },
  {
    "docID": "N148 Gorrie 2010",
    "et": "SpinalLesionSite",
    "off": 8871,
    "sff": "lesion"
  },
  {
    "docID": "N148 Gorrie 2010",
    "et": "SpinalLesionSite",
    "off": 24352,
    "sff": "lesion"
  },
  {
    "docID": "N148 Gorrie 2010",
    "et": "SpinalLesionSite",
    "off": 43042,
    "sff": "lesion"
  },
  {
    "docID": "N148 Gorrie 2010",
    "et": "SpinalLesionSite",
    "off": 1572,
    "sff": "lesion"
  },
  {
    "docID": "N148 Gorrie 2010",
    "et": "SpinalLesionSite",
    "off": 16164,
    "sff": "lesion"
  },
  {
    "docID": "N148 Gorrie 2010",
    "et": "SpinalLesionSite",
    "off": 42558,
    "sff": "lesion"
  },
  {
    "docID": "N148 Gorrie 2010",
    "et": "SpinalLesionSite",
    "off": 11192,
    "sff": "lesion"
  },
  {
    "docID": "N148 Gorrie 2010",
    "et": "SpinalLesionSite",
    "off": 16007,
    "sff": "lesion site"
  },
  {
    "docID": "N148 Gorrie 2010",
    "et": "SpinalLesionSite",
    "off": 10045,
    "sff": "lesion"
  },
  {
    "docID": "N148 Gorrie 2010",
    "et": "SpinalLesionSite",
    "off": 16061,
    "sff": "lesion"
  },
  {
    "docID": "N148 Gorrie 2010",
    "et": "SpinalLesionSite",
    "off": 43194,
    "sff": "lesion"
  },
  {
    "docID": "N148 Gorrie 2010",
    "et": "SpinalLesionSite",
    "off": 17084,
    "sff": "lesion"
  },
  {
    "docID": "N148 Gorrie 2010",
    "et": "SpinalLesionSite",
    "off": 9139,
    "sff": "lesion"
  },
  {
    "docID": "N148 Gorrie 2010",
    "et": "SpinalLesionSite",
    "off": 26934,
    "sff": "lesion"
  },
  {
    "docID": "N148 Gorrie 2010",
    "et": "SpinalLesionSite",
    "off": 30902,
    "sff": "lesion"
  },
  {
    "docID": "N148 Gorrie 2010",
    "et": "SpinalLesionSite",
    "off": 10315,
    "sff": "lesion"
  },
  {
    "docID": "N148 Gorrie 2010",
    "et": "SpinalLesionSite",
    "off": 16331,
    "sff": "lesion"
  },
  {
    "docID": "N148 Gorrie 2010",
    "et": "SpinalLesionSite",
    "off": 38605,
    "sff": "lesion"
  },
  {
    "docID": "N148 Gorrie 2010",
    "et": "SpinalLesionSite",
    "off": 43725,
    "sff": "lesion"
  },
  {
    "docID": "N148 Gorrie 2010",
    "et": "SpinalLesionSite",
    "off": 42831,
    "sff": "lesion"
  },
  {
    "docID": "N148 Gorrie 2010",
    "et": "SpinalLesionSite",
    "off": 7629,
    "sff": "lesion"
  },
  {
    "docID": "N148 Gorrie 2010",
    "et": "SpinalLesionSite",
    "off": 8897,
    "sff": "lesion"
  },
  {
    "docID": "N148 Gorrie 2010",
    "et": "SpinalLesionSite",
    "off": 1607,
    "sff": "lesion"
  },
  {
    "docID": "N148 Gorrie 2010",
    "et": "SpinalLesionSite",
    "off": 24095,
    "sff": "lesion site"
  },
  {
    "docID": "N148 Gorrie 2010",
    "et": "SpinalLesionSite",
    "off": 27842,
    "sff": "lesion"
  },
  {
    "docID": "N148 Gorrie 2010",
    "et": "SpinalLesionSite",
    "off": 26973,
    "sff": "lesion"
  },
  {
    "docID": "N148 Gorrie 2010",
    "et": "SpinalLesionSite",
    "off": 7896,
    "sff": "lesion"
  },
  {
    "docID": "N148 Gorrie 2010",
    "et": "SpinalLesionSite",
    "off": 7391,
    "sff": "lesion"
  },
  {
    "docID": "N148 Gorrie 2010",
    "et": "SpinalLesionSite",
    "off": 8542,
    "sff": "lesion"
  },
  {
    "docID": "N148 Gorrie 2010",
    "et": "SpinalLesionSite",
    "off": 24281,
    "sff": "lesion"
  },
  {
    "docID": "N148 Gorrie 2010",
    "et": "SpinalLesionSite",
    "off": 36953,
    "sff": "lesion"
  },
  {
    "docID": "N148 Gorrie 2010",
    "et": "SpinalLesionSite",
    "off": 29275,
    "sff": "lesion"
  },
  {
    "docID": "N148 Gorrie 2010",
    "et": "SpinalLesionSite",
    "off": 36581,
    "sff": "lesion site"
  },
  {
    "docID": "N148 Gorrie 2010",
    "et": "SpinalLesionSite",
    "off": 14801,
    "sff": "lesion"
  },
  {
    "docID": "N148 Gorrie 2010",
    "et": "SpinalLesionSite",
    "off": 17360,
    "sff": "lesion"
  },
  {
    "docID": "N148 Gorrie 2010",
    "et": "SpinalLesionSite",
    "off": 14106,
    "sff": "Lesion"
  },
  {
    "docID": "N148 Gorrie 2010",
    "et": "SpinalLesionSite",
    "off": 36818,
    "sff": "lesion"
  },
  {
    "docID": "N148 Gorrie 2010",
    "et": "SpinalLesionSite",
    "off": 7508,
    "sff": "lesion"
  },
  {
    "docID": "N148 Gorrie 2010",
    "et": "SpinalLesionSite",
    "off": 42604,
    "sff": "lesion"
  },
  {
    "docID": "N148 Gorrie 2010",
    "et": "SpinalLesionSite",
    "off": 18921,
    "sff": "lesion"
  },
  {
    "docID": "N148 Gorrie 2010",
    "et": "SpinalLesionSite",
    "off": 15207,
    "sff": "lesion"
  },
  {
    "docID": "N148 Gorrie 2010",
    "et": "SpinalLesionSite",
    "off": 8294,
    "sff": "lesion"
  },
  {
    "docID": "N148 Gorrie 2010",
    "et": "SpinalLesionSite",
    "off": 6909,
    "sff": "lesion site"
  },
  {
    "docID": "N148 Gorrie 2010",
    "et": "SpinalLesionSite",
    "off": 9572,
    "sff": "lesion"
  },
  {
    "docID": "N148 Gorrie 2010",
    "et": "SpinalLesionSite",
    "off": 5883,
    "sff": "lesion"
  },
  {
    "docID": "N148 Gorrie 2010",
    "et": "SpinalLesionSite",
    "off": 28489,
    "sff": "lesion site"
  },
  {
    "docID": "N148 Gorrie 2010",
    "et": "SpinalLesionSite",
    "off": 43640,
    "sff": "lesion"
  },
  {
    "docID": "N148 Gorrie 2010",
    "et": "SpinalLesionSite",
    "off": 11005,
    "sff": "lesion"
  },
  {
    "docID": "N148 Gorrie 2010",
    "et": "SpinalLesionSite",
    "off": 18045,
    "sff": "lesion"
  },
  {
    "docID": "N148 Gorrie 2010",
    "et": "SpinalLesionSite",
    "off": 27770,
    "sff": "lesion"
  },
  {
    "docID": "N148 Gorrie 2010",
    "et": "SpinalLesionSite",
    "off": 30662,
    "sff": "lesion site"
  },
  {
    "docID": "N148 Gorrie 2010",
    "et": "SpinalLesionSite",
    "off": 10097,
    "sff": "lesion"
  },
  {
    "docID": "N148 Gorrie 2010",
    "et": "SpinalLesionSite",
    "off": 6993,
    "sff": "lesion site"
  },
  {
    "docID": "N148 Gorrie 2010",
    "et": "SpinalLesionSite",
    "off": 16502,
    "sff": "lesion"
  },
  {
    "docID": "N148 Gorrie 2010",
    "et": "SpinalLesionSite",
    "off": 17652,
    "sff": "lesion"
  },
  {
    "docID": "N148 Gorrie 2010",
    "et": "SpinalLesionSite",
    "off": 1675,
    "sff": "lesion"
  },
  {
    "docID": "N148 Gorrie 2010",
    "et": "SpinalLesionSite",
    "off": 15242,
    "sff": "lesion"
  },
  {
    "docID": "N148 Gorrie 2010",
    "et": "SpinalLesionSite",
    "off": 14216,
    "sff": "lesion"
  },
  {
    "docID": "N148 Gorrie 2010",
    "et": "SpinalLesionSite",
    "off": 19033,
    "sff": "lesion site"
  },
  {
    "docID": "N148 Gorrie 2010",
    "et": "SpinalLesionSite",
    "off": 14351,
    "sff": "lesion"
  },
  {
    "docID": "N148 Gorrie 2010",
    "et": "SpinalLesionSite",
    "off": 7950,
    "sff": "lesion"
  },
  {
    "docID": "N148 Gorrie 2010",
    "et": "SpinalLesionSite",
    "off": 17549,
    "sff": "lesion"
  },
  {
    "docID": "N148 Gorrie 2010",
    "et": "SpinalLesionSite",
    "off": 43268,
    "sff": "lesion"
  },
  {
    "docID": "N148 Gorrie 2010",
    "et": "SpinalLesionSite",
    "off": 3585,
    "sff": "lesion"
  },
  {
    "docID": "N148 Gorrie 2010",
    "et": "SpinalLesionSite",
    "off": 9473,
    "sff": "lesion"
  },
  {
    "docID": "N148 Gorrie 2010",
    "et": "SpinalLesionSite",
    "off": 7552,
    "sff": "lesion"
  },
  {
    "docID": "N148 Gorrie 2010",
    "et": "SpinalLesionSite",
    "off": 27655,
    "sff": "lesion"
  },
  {
    "docID": "N148 Gorrie 2010",
    "et": "SpinalLesionSite",
    "off": 7816,
    "sff": "Lesion"
  },
  {
    "docID": "N148 Gorrie 2010",
    "et": "TShapedLesion",
    "off": 14171,
    "sff": "shaped"
  },
  {
    "docID": "N148 Gorrie 2010",
    "et": "RubrospinalTract",
    "off": 26561,
    "sff": "rubrospinal"
  },
  {
    "docID": "N148 Gorrie 2010",
    "et": "Weight",
    "off": 34347,
    "sff": "200g"
  },
  {
    "docID": "N148 Gorrie 2010",
    "et": "Weight",
    "off": 40040,
    "sff": "100 g"
  },
  {
    "docID": "N148 Gorrie 2010",
    "et": "Weight",
    "off": 35832,
    "sff": "10 g"
  },
  {
    "docID": "N148 Gorrie 2010",
    "et": "Weight",
    "off": 36708,
    "sff": "26G"
  },
  {
    "docID": "N148 Gorrie 2010",
    "et": "T9",
    "off": 36661,
    "sff": "T9"
  },
  {
    "docID": "N148 Gorrie 2010",
    "et": "T9",
    "off": 11144,
    "sff": "T9"
  },
  {
    "docID": "N148 Gorrie 2010",
    "et": "AnimalSpecies",
    "off": 21416,
    "sff": "species"
  },
  {
    "docID": "N148 Gorrie 2010",
    "et": "MASCISImpactor",
    "off": 5831,
    "sff": "MASCIS impactor"
  },
  {
    "docID": "N148 Gorrie 2010",
    "et": "MASCISImpactor",
    "off": 35763,
    "sff": "MASCIS"
  },
  {
    "docID": "N148 Gorrie 2010",
    "et": "Xylazine",
    "off": 35343,
    "sff": "xylazine"
  },
  {
    "docID": "N148 Gorrie 2010",
    "et": "AnimalCareCondition",
    "off": 35255,
    "sff": "Care"
  },
  {
    "docID": "N148 Gorrie 2010",
    "et": "NT3Lentivirus",
    "off": 20173,
    "sff": "NT3"
  },
  {
    "docID": "N148 Gorrie 2010",
    "et": "NT3Lentivirus",
    "off": 21119,
    "sff": "NT3"
  },
  {
    "docID": "N148 Gorrie 2010",
    "et": "NT3Lentivirus",
    "off": 20022,
    "sff": "NT3"
  },
  {
    "docID": "N148 Gorrie 2010",
    "et": "LateralHemisection",
    "off": 26710,
    "sff": "lateral"
  },
  {
    "docID": "N148 Gorrie 2010",
    "et": "LateralHemisection",
    "off": 16183,
    "sff": "lateral"
  },
  {
    "docID": "N148 Gorrie 2010",
    "et": "LateralHemisection",
    "off": 25945,
    "sff": "lateral"
  },
  {
    "docID": "N148 Gorrie 2010",
    "et": "Contusion",
    "off": 1161,
    "sff": "contusion"
  },
  {
    "docID": "N148 Gorrie 2010",
    "et": "Contusion",
    "off": 37448,
    "sff": "contusion"
  },
  {
    "docID": "N148 Gorrie 2010",
    "et": "Contusion",
    "off": 6410,
    "sff": "contusion"
  },
  {
    "docID": "N148 Gorrie 2010",
    "et": "Contusion",
    "off": 69,
    "sff": "contusion"
  },
  {
    "docID": "N148 Gorrie 2010",
    "et": "Contusion",
    "off": 23941,
    "sff": "contusion"
  },
  {
    "docID": "N148 Gorrie 2010",
    "et": "Contusion",
    "off": 28518,
    "sff": "contusion"
  },
  {
    "docID": "N148 Gorrie 2010",
    "et": "Contusion",
    "off": 36513,
    "sff": "contusion"
  },
  {
    "docID": "N148 Gorrie 2010",
    "et": "Contusion",
    "off": 27165,
    "sff": "contusion"
  },
  {
    "docID": "N148 Gorrie 2010",
    "et": "Contusion",
    "off": 28124,
    "sff": "contusion"
  },
  {
    "docID": "N148 Gorrie 2010",
    "et": "Contusion",
    "off": 38556,
    "sff": "contusion"
  },
  {
    "docID": "N148 Gorrie 2010",
    "et": "Contusion",
    "off": 22878,
    "sff": "contusion"
  },
  {
    "docID": "N148 Gorrie 2010",
    "et": "Contusion",
    "off": 44665,
    "sff": "contusion"
  },
  {
    "docID": "N148 Gorrie 2010",
    "et": "Contusion",
    "off": 35736,
    "sff": "contusion"
  },
  {
    "docID": "N148 Gorrie 2010",
    "et": "Contusion",
    "off": 10644,
    "sff": "contusion"
  },
  {
    "docID": "N148 Gorrie 2010",
    "et": "Contusion",
    "off": 14132,
    "sff": "contusion"
  },
  {
    "docID": "N148 Gorrie 2010",
    "et": "Contusion",
    "off": 5814,
    "sff": "contusion"
  },
  {
    "docID": "N148 Gorrie 2010",
    "et": "Contusion",
    "off": 29074,
    "sff": "contusion"
  },
  {
    "docID": "N148 Gorrie 2010",
    "et": "Contusion",
    "off": 11533,
    "sff": "contusion"
  },
  {
    "docID": "N148 Gorrie 2010",
    "et": "Contusion",
    "off": 24271,
    "sff": "contusion"
  },
  {
    "docID": "N148 Gorrie 2010",
    "et": "Contusion",
    "off": 28558,
    "sff": "contusion"
  },
  {
    "docID": "N148 Gorrie 2010",
    "et": "Saline",
    "off": 41323,
    "sff": "saline"
  },
  {
    "docID": "N148 Gorrie 2010",
    "et": "Saline",
    "off": 40098,
    "sff": "saline"
  },
  {
    "docID": "N148 Gorrie 2010",
    "et": "Dosage",
    "off": 33408,
    "sff": "99%"
  },
  {
    "docID": "N148 Gorrie 2010",
    "et": "Dosage",
    "off": 24209,
    "sff": "5%"
  },
  {
    "docID": "N148 Gorrie 2010",
    "et": "Dosage",
    "off": 37024,
    "sff": "1mm"
  },
  {
    "docID": "N148 Gorrie 2010",
    "et": "Dosage",
    "off": 34404,
    "sff": "10%"
  },
  {
    "docID": "N148 Gorrie 2010",
    "et": "Dosage",
    "off": 16848,
    "sff": "6.6 %"
  },
  {
    "docID": "N148 Gorrie 2010",
    "et": "Dosage",
    "off": 34787,
    "sff": "10%"
  },
  {
    "docID": "N148 Gorrie 2010",
    "et": "Dosage",
    "off": 33508,
    "sff": "90%"
  },
  {
    "docID": "N148 Gorrie 2010",
    "et": "Dosage",
    "off": 36989,
    "sff": "1 mm"
  },
  {
    "docID": "N148 Gorrie 2010",
    "et": "Dosage",
    "off": 36694,
    "sff": "5-μl"
  },
  {
    "docID": "N148 Gorrie 2010",
    "et": "Dosage",
    "off": 36895,
    "sff": "5 μl"
  },
  {
    "docID": "N148 Gorrie 2010",
    "et": "Dosage",
    "off": 41369,
    "sff": "5%"
  },
  {
    "docID": "N148 Gorrie 2010",
    "et": "Dosage",
    "off": 40032,
    "sff": "0.15 ml/100 g"
  },
  {
    "docID": "N148 Gorrie 2010",
    "et": "Dosage",
    "off": 36971,
    "sff": "1 μl"
  },
  {
    "docID": "N148 Gorrie 2010",
    "et": "Dosage",
    "off": 33648,
    "sff": "5%"
  },
  {
    "docID": "N148 Gorrie 2010",
    "et": "Dosage",
    "off": 33780,
    "sff": "90%"
  },
  {
    "docID": "N148 Gorrie 2010",
    "et": "Dosage",
    "off": 34182,
    "sff": "10%"
  },
  {
    "docID": "N148 Gorrie 2010",
    "et": "Dosage",
    "off": 40546,
    "sff": "1.8mm"
  },
  {
    "docID": "N148 Gorrie 2010",
    "et": "Dosage",
    "off": 33860,
    "sff": "0.5 ml"
  },
  {
    "docID": "N148 Gorrie 2010",
    "et": "Dosage",
    "off": 33792,
    "sff": "10%"
  },
  {
    "docID": "N148 Gorrie 2010",
    "et": "Dosage",
    "off": 43785,
    "sff": "5 mm"
  },
  {
    "docID": "N148 Gorrie 2010",
    "et": "Dosage",
    "off": 32884,
    "sff": "5%"
  },
  {
    "docID": "N148 Gorrie 2010",
    "et": "Dosage",
    "off": 36295,
    "sff": "2 ml"
  },
  {
    "docID": "N148 Gorrie 2010",
    "et": "Dosage",
    "off": 40209,
    "sff": "5mm"
  },
  {
    "docID": "N148 Gorrie 2010",
    "et": "Dosage",
    "off": 16663,
    "sff": "17%"
  },
  {
    "docID": "N148 Gorrie 2010",
    "et": "Dosage",
    "off": 24302,
    "sff": "60%"
  },
  {
    "docID": "N148 Gorrie 2010",
    "et": "Dosage",
    "off": 34292,
    "sff": "10 ml"
  },
  {
    "docID": "N148 Gorrie 2010",
    "et": "Dosage",
    "off": 33604,
    "sff": "1 mM"
  },
  {
    "docID": "N148 Gorrie 2010",
    "et": "Dosage",
    "off": 20198,
    "sff": "50%"
  },
  {
    "docID": "N148 Gorrie 2010",
    "et": "Dosage",
    "off": 39137,
    "sff": "3 mm"
  },
  {
    "docID": "N148 Gorrie 2010",
    "et": "Dosage",
    "off": 35832,
    "sff": "10 g"
  },
  {
    "docID": "N148 Gorrie 2010",
    "et": "Dosage",
    "off": 36220,
    "sff": "50 mg/mL"
  },
  {
    "docID": "N148 Gorrie 2010",
    "et": "Dosage",
    "off": 34347,
    "sff": "200g"
  },
  {
    "docID": "N148 Gorrie 2010",
    "et": "Dosage",
    "off": 33589,
    "sff": "0.25%"
  },
  {
    "docID": "N148 Gorrie 2010",
    "et": "Dosage",
    "off": 36886,
    "sff": "10%"
  },
  {
    "docID": "N148 Gorrie 2010",
    "et": "Dosage",
    "off": 40118,
    "sff": "4%"
  },
  {
    "docID": "N148 Gorrie 2010",
    "et": "Dosage",
    "off": 36708,
    "sff": "26G"
  },
  {
    "docID": "N148 Gorrie 2010",
    "et": "Dosage",
    "off": 20272,
    "sff": "30%"
  },
  {
    "docID": "N148 Gorrie 2010",
    "et": "Dosage",
    "off": 16754,
    "sff": "9.5%"
  },
  {
    "docID": "N148 Gorrie 2010",
    "et": "Dosage",
    "off": 34320,
    "sff": "10%"
  },
  {
    "docID": "N148 Gorrie 2010",
    "et": "Dosage",
    "off": 21519,
    "sff": "10%"
  },
  {
    "docID": "N148 Gorrie 2010",
    "et": "Dosage",
    "off": 24182,
    "sff": "69%"
  },
  {
    "docID": "N148 Gorrie 2010",
    "et": "Dosage",
    "off": 40361,
    "sff": "30%"
  },
  {
    "docID": "N148 Gorrie 2010",
    "et": "Dosage",
    "off": 32825,
    "sff": "1 μg"
  },
  {
    "docID": "N148 Gorrie 2010",
    "et": "Dosage",
    "off": 36178,
    "sff": "100 mg/mL"
  },
  {
    "docID": "N148 Gorrie 2010",
    "et": "Dosage",
    "off": 36189,
    "sff": "0.1 ml"
  },
  {
    "docID": "N148 Gorrie 2010",
    "et": "Dosage",
    "off": 35357,
    "sff": "10 mg/kg"
  },
  {
    "docID": "N148 Gorrie 2010",
    "et": "Dosage",
    "off": 37064,
    "sff": "0.5 mm"
  },
  {
    "docID": "N148 Gorrie 2010",
    "et": "Dosage",
    "off": 36230,
    "sff": "0.01 ml"
  },
  {
    "docID": "N148 Gorrie 2010",
    "et": "Dosage",
    "off": 32111,
    "sff": "2.4 U/ml"
  },
  {
    "docID": "N148 Gorrie 2010",
    "et": "Dosage",
    "off": 36867,
    "sff": "7 μl"
  },
  {
    "docID": "N148 Gorrie 2010",
    "et": "Dosage",
    "off": 40404,
    "sff": "0.01 %"
  },
  {
    "docID": "N148 Gorrie 2010",
    "et": "Dosage",
    "off": 34144,
    "sff": "1 ml"
  },
  {
    "docID": "N148 Gorrie 2010",
    "et": "Dosage",
    "off": 37006,
    "sff": "1 μl"
  },
  {
    "docID": "N148 Gorrie 2010",
    "et": "Dosage",
    "off": 34231,
    "sff": "1.5 ml"
  },
  {
    "docID": "N148 Gorrie 2010",
    "et": "Dosage",
    "off": 35823,
    "sff": "12.5 mm"
  },
  {
    "docID": "N148 Gorrie 2010",
    "et": "Right",
    "off": 43125,
    "sff": "right"
  },
  {
    "docID": "N148 Gorrie 2010",
    "et": "Right",
    "off": 7796,
    "sff": "right"
  },
  {
    "docID": "N148 Gorrie 2010",
    "et": "BladderExpression",
    "off": 3271,
    "sff": "bladder"
  },
  {
    "docID": "N148 Gorrie 2010",
    "et": "StemCell",
    "off": 19444,
    "sff": "stem"
  },
  {
    "docID": "N148 Gorrie 2010",
    "et": "StemCell",
    "off": 407,
    "sff": "Stem Cell"
  },
  {
    "docID": "N148 Gorrie 2010",
    "et": "Proliferation",
    "off": 4931,
    "sff": "proliferation"
  },
  {
    "docID": "N148 Gorrie 2010",
    "et": "Proliferation",
    "off": 23330,
    "sff": "proliferation"
  },
  {
    "docID": "N148 Gorrie 2010",
    "et": "Proliferation",
    "off": 33054,
    "sff": "proliferation"
  },
  {
    "docID": "N148 Gorrie 2010",
    "et": "Vertebrae",
    "off": 35688,
    "sff": "vertebrae"
  },
  {
    "docID": "N148 Gorrie 2010",
    "et": "Duration",
    "off": 10868,
    "sff": "0.36± 0.02 m"
  },
  {
    "docID": "N148 Gorrie 2010",
    "et": "Duration",
    "off": 24189,
    "sff": "3 days"
  },
  {
    "docID": "N148 Gorrie 2010",
    "et": "Duration",
    "off": 37556,
    "sff": "6 weeks"
  },
  {
    "docID": "N148 Gorrie 2010",
    "et": "Duration",
    "off": 12834,
    "sff": "6 weeks"
  },
  {
    "docID": "N148 Gorrie 2010",
    "et": "Duration",
    "off": 34854,
    "sff": "8–9 weeks"
  },
  {
    "docID": "N148 Gorrie 2010",
    "et": "Duration",
    "off": 7005,
    "sff": "5 weeks"
  },
  {
    "docID": "N148 Gorrie 2010",
    "et": "Duration",
    "off": 23839,
    "sff": "6 weeks"
  },
  {
    "docID": "N148 Gorrie 2010",
    "et": "Duration",
    "off": 23928,
    "sff": "7 days"
  },
  {
    "docID": "N148 Gorrie 2010",
    "et": "Duration",
    "off": 41924,
    "sff": "10 min"
  },
  {
    "docID": "N148 Gorrie 2010",
    "et": "Duration",
    "off": 11441,
    "sff": "2 weeks"
  },
  {
    "docID": "N148 Gorrie 2010",
    "et": "Duration",
    "off": 25137,
    "sff": "2 weeks"
  },
  {
    "docID": "N148 Gorrie 2010",
    "et": "Duration",
    "off": 32895,
    "sff": "48 h"
  },
  {
    "docID": "N148 Gorrie 2010",
    "et": "Duration",
    "off": 1137,
    "sff": "7 days"
  },
  {
    "docID": "N148 Gorrie 2010",
    "et": "Duration",
    "off": 37239,
    "sff": "3 min"
  },
  {
    "docID": "N148 Gorrie 2010",
    "et": "Duration",
    "off": 31173,
    "sff": "2 weeks"
  },
  {
    "docID": "N148 Gorrie 2010",
    "et": "Duration",
    "off": 41394,
    "sff": "30 min"
  },
  {
    "docID": "N148 Gorrie 2010",
    "et": "Duration",
    "off": 34356,
    "sff": "10 min"
  },
  {
    "docID": "N148 Gorrie 2010",
    "et": "Duration",
    "off": 36317,
    "sff": "3 days"
  },
  {
    "docID": "N148 Gorrie 2010",
    "et": "Duration",
    "off": 9370,
    "sff": "5 weeks"
  },
  {
    "docID": "N148 Gorrie 2010",
    "et": "Duration",
    "off": 14680,
    "sff": "5D"
  },
  {
    "docID": "N148 Gorrie 2010",
    "et": "Duration",
    "off": 17037,
    "sff": "3D"
  },
  {
    "docID": "N148 Gorrie 2010",
    "et": "Duration",
    "off": 24215,
    "sff": "3–9 weeks"
  },
  {
    "docID": "N148 Gorrie 2010",
    "et": "Duration",
    "off": 40317,
    "sff": "2 h"
  },
  {
    "docID": "N148 Gorrie 2010",
    "et": "Duration",
    "off": 32536,
    "sff": "10min"
  },
  {
    "docID": "N148 Gorrie 2010",
    "et": "Duration",
    "off": 36965,
    "sff": "5min"
  },
  {
    "docID": "N148 Gorrie 2010",
    "et": "Duration",
    "off": 28501,
    "sff": "7 days"
  },
  {
    "docID": "N148 Gorrie 2010",
    "et": "Duration",
    "off": 35048,
    "sff": "12:12-h"
  },
  {
    "docID": "N148 Gorrie 2010",
    "et": "Duration",
    "off": 25195,
    "sff": "4 weeks"
  },
  {
    "docID": "N148 Gorrie 2010",
    "et": "Duration",
    "off": 33633,
    "sff": "5 min"
  },
  {
    "docID": "N148 Gorrie 2010",
    "et": "Duration",
    "off": 37618,
    "sff": "6 weeks"
  },
  {
    "docID": "N148 Gorrie 2010",
    "et": "Duration",
    "off": 6397,
    "sff": "1 week"
  },
  {
    "docID": "N148 Gorrie 2010",
    "et": "Duration",
    "off": 13157,
    "sff": "4 weeks"
  },
  {
    "docID": "N148 Gorrie 2010",
    "et": "Duration",
    "off": 32080,
    "sff": "45 min"
  },
  {
    "docID": "N148 Gorrie 2010",
    "et": "Duration",
    "off": 44652,
    "sff": "6 weeks"
  },
  {
    "docID": "N148 Gorrie 2010",
    "et": "Duration",
    "off": 41825,
    "sff": "1 h"
  },
  {
    "docID": "N148 Gorrie 2010",
    "et": "Duration",
    "off": 20229,
    "sff": "3 h"
  },
  {
    "docID": "N148 Gorrie 2010",
    "et": "Duration",
    "off": 11508,
    "sff": "1 week"
  },
  {
    "docID": "N148 Gorrie 2010",
    "et": "Duration",
    "off": 41355,
    "sff": "10 min"
  },
  {
    "docID": "N148 Gorrie 2010",
    "et": "Duration",
    "off": 6667,
    "sff": "4 weeks"
  },
  {
    "docID": "N148 Gorrie 2010",
    "et": "Duration",
    "off": 10895,
    "sff": "0.38±0.04 m"
  },
  {
    "docID": "N148 Gorrie 2010",
    "et": "Duration",
    "off": 13238,
    "sff": "6 weeks (15.8±"
  },
  {
    "docID": "N148 Gorrie 2010",
    "et": "Duration",
    "off": 11341,
    "sff": "6-week"
  },
  {
    "docID": "N148 Gorrie 2010",
    "et": "Duration",
    "off": 37783,
    "sff": "2min"
  },
  {
    "docID": "N148 Gorrie 2010",
    "et": "Duration",
    "off": 17562,
    "sff": "5D"
  },
  {
    "docID": "N148 Gorrie 2010",
    "et": "Duration",
    "off": 8403,
    "sff": "5 weeks"
  },
  {
    "docID": "N148 Gorrie 2010",
    "et": "Duration",
    "off": 40376,
    "sff": "0.1 M"
  },
  {
    "docID": "N148 Gorrie 2010",
    "et": "Duration",
    "off": 40141,
    "sff": "0.1 M"
  },
  {
    "docID": "N148 Gorrie 2010",
    "et": "Duration",
    "off": 44502,
    "sff": "6-week"
  },
  {
    "docID": "N148 Gorrie 2010",
    "et": "Duration",
    "off": 20289,
    "sff": "24 h"
  },
  {
    "docID": "N148 Gorrie 2010",
    "et": "LesionAdjacentTissue",
    "off": 10097,
    "sff": "lesion"
  },
  {
    "docID": "N148 Gorrie 2010",
    "et": "LesionAdjacentTissue",
    "off": 42604,
    "sff": "lesion"
  },
  {
    "docID": "N148 Gorrie 2010",
    "et": "LesionAdjacentTissue",
    "off": 18921,
    "sff": "lesion"
  },
  {
    "docID": "N148 Gorrie 2010",
    "et": "LesionAdjacentTissue",
    "off": 15207,
    "sff": "lesion"
  },
  {
    "docID": "N148 Gorrie 2010",
    "et": "LesionAdjacentTissue",
    "off": 1798,
    "sff": "adjacent"
  },
  {
    "docID": "N148 Gorrie 2010",
    "et": "LesionAdjacentTissue",
    "off": 36581,
    "sff": "lesion"
  },
  {
    "docID": "N148 Gorrie 2010",
    "et": "LesionAdjacentTissue",
    "off": 8294,
    "sff": "lesion"
  },
  {
    "docID": "N148 Gorrie 2010",
    "et": "LesionAdjacentTissue",
    "off": 9572,
    "sff": "lesion"
  },
  {
    "docID": "N148 Gorrie 2010",
    "et": "LesionAdjacentTissue",
    "off": 9473,
    "sff": "lesion"
  },
  {
    "docID": "N148 Gorrie 2010",
    "et": "LesionAdjacentTissue",
    "off": 3585,
    "sff": "lesion"
  },
  {
    "docID": "N148 Gorrie 2010",
    "et": "LesionAdjacentTissue",
    "off": 7552,
    "sff": "lesion"
  },
  {
    "docID": "N148 Gorrie 2010",
    "et": "LesionAdjacentTissue",
    "off": 6909,
    "sff": "lesion"
  },
  {
    "docID": "N148 Gorrie 2010",
    "et": "LesionAdjacentTissue",
    "off": 11005,
    "sff": "lesion"
  },
  {
    "docID": "N148 Gorrie 2010",
    "et": "LesionAdjacentTissue",
    "off": 18045,
    "sff": "lesion"
  },
  {
    "docID": "N148 Gorrie 2010",
    "et": "LesionAdjacentTissue",
    "off": 17533,
    "sff": "adjacent"
  },
  {
    "docID": "N148 Gorrie 2010",
    "et": "LesionAdjacentTissue",
    "off": 5883,
    "sff": "lesion"
  },
  {
    "docID": "N148 Gorrie 2010",
    "et": "LesionAdjacentTissue",
    "off": 9457,
    "sff": "adjacent"
  },
  {
    "docID": "N148 Gorrie 2010",
    "et": "LesionAdjacentTissue",
    "off": 27770,
    "sff": "lesion"
  },
  {
    "docID": "N148 Gorrie 2010",
    "et": "LesionAdjacentTissue",
    "off": 43640,
    "sff": "lesion"
  },
  {
    "docID": "N148 Gorrie 2010",
    "et": "LesionAdjacentTissue",
    "off": 16502,
    "sff": "lesion"
  },
  {
    "docID": "N148 Gorrie 2010",
    "et": "LesionAdjacentTissue",
    "off": 17652,
    "sff": "lesion"
  },
  {
    "docID": "N148 Gorrie 2010",
    "et": "LesionAdjacentTissue",
    "off": 14351,
    "sff": "lesion"
  },
  {
    "docID": "N148 Gorrie 2010",
    "et": "LesionAdjacentTissue",
    "off": 17549,
    "sff": "lesion"
  },
  {
    "docID": "N148 Gorrie 2010",
    "et": "LesionAdjacentTissue",
    "off": 1675,
    "sff": "lesion"
  },
  {
    "docID": "N148 Gorrie 2010",
    "et": "LesionAdjacentTissue",
    "off": 7950,
    "sff": "lesion"
  },
  {
    "docID": "N148 Gorrie 2010",
    "et": "LesionAdjacentTissue",
    "off": 43624,
    "sff": "adjacent"
  },
  {
    "docID": "N148 Gorrie 2010",
    "et": "LesionAdjacentTissue",
    "off": 15242,
    "sff": "lesion"
  },
  {
    "docID": "N148 Gorrie 2010",
    "et": "LesionAdjacentTissue",
    "off": 16007,
    "sff": "lesion"
  },
  {
    "docID": "N148 Gorrie 2010",
    "et": "LesionAdjacentTissue",
    "off": 27655,
    "sff": "lesion"
  },
  {
    "docID": "N148 Gorrie 2010",
    "et": "LesionAdjacentTissue",
    "off": 14216,
    "sff": "lesion"
  },
  {
    "docID": "N148 Gorrie 2010",
    "et": "LesionAdjacentTissue",
    "off": 16486,
    "sff": "adjacent"
  },
  {
    "docID": "N148 Gorrie 2010",
    "et": "LesionAdjacentTissue",
    "off": 7816,
    "sff": "Lesion"
  },
  {
    "docID": "N148 Gorrie 2010",
    "et": "LesionAdjacentTissue",
    "off": 43268,
    "sff": "lesion"
  },
  {
    "docID": "N148 Gorrie 2010",
    "et": "LesionAdjacentTissue",
    "off": 17441,
    "sff": "lesion"
  },
  {
    "docID": "N148 Gorrie 2010",
    "et": "LesionAdjacentTissue",
    "off": 43042,
    "sff": "lesion"
  },
  {
    "docID": "N148 Gorrie 2010",
    "et": "LesionAdjacentTissue",
    "off": 24095,
    "sff": "lesion"
  },
  {
    "docID": "N148 Gorrie 2010",
    "et": "LesionAdjacentTissue",
    "off": 24352,
    "sff": "lesion"
  },
  {
    "docID": "N148 Gorrie 2010",
    "et": "LesionAdjacentTissue",
    "off": 9627,
    "sff": "lesion"
  },
  {
    "docID": "N148 Gorrie 2010",
    "et": "LesionAdjacentTissue",
    "off": 43804,
    "sff": "lesion"
  },
  {
    "docID": "N148 Gorrie 2010",
    "et": "LesionAdjacentTissue",
    "off": 18969,
    "sff": "lesion"
  },
  {
    "docID": "N148 Gorrie 2010",
    "et": "LesionAdjacentTissue",
    "off": 7192,
    "sff": "lesion"
  },
  {
    "docID": "N148 Gorrie 2010",
    "et": "LesionAdjacentTissue",
    "off": 7320,
    "sff": "lesion"
  },
  {
    "docID": "N148 Gorrie 2010",
    "et": "LesionAdjacentTissue",
    "off": 8278,
    "sff": "adjacent"
  },
  {
    "docID": "N148 Gorrie 2010",
    "et": "LesionAdjacentTissue",
    "off": 1814,
    "sff": "lesion"
  },
  {
    "docID": "N148 Gorrie 2010",
    "et": "LesionAdjacentTissue",
    "off": 9556,
    "sff": "adjacent"
  },
  {
    "docID": "N148 Gorrie 2010",
    "et": "LesionAdjacentTissue",
    "off": 14106,
    "sff": "Lesion"
  },
  {
    "docID": "N148 Gorrie 2010",
    "et": "LesionAdjacentTissue",
    "off": 8493,
    "sff": "lesion"
  },
  {
    "docID": "N148 Gorrie 2010",
    "et": "LesionAdjacentTissue",
    "off": 16811,
    "sff": "lesion"
  },
  {
    "docID": "N148 Gorrie 2010",
    "et": "LesionAdjacentTissue",
    "off": 8871,
    "sff": "lesion"
  },
  {
    "docID": "N148 Gorrie 2010",
    "et": "LesionAdjacentTissue",
    "off": 27175,
    "sff": "lesion"
  },
  {
    "docID": "N148 Gorrie 2010",
    "et": "LesionAdjacentTissue",
    "off": 8360,
    "sff": "lesion"
  },
  {
    "docID": "N148 Gorrie 2010",
    "et": "LesionAdjacentTissue",
    "off": 1572,
    "sff": "lesion"
  },
  {
    "docID": "N148 Gorrie 2010",
    "et": "LesionAdjacentTissue",
    "off": 16164,
    "sff": "lesion"
  },
  {
    "docID": "N148 Gorrie 2010",
    "et": "LesionAdjacentTissue",
    "off": 8897,
    "sff": "lesion"
  },
  {
    "docID": "N148 Gorrie 2010",
    "et": "LesionAdjacentTissue",
    "off": 27842,
    "sff": "lesion"
  },
  {
    "docID": "N148 Gorrie 2010",
    "et": "LesionAdjacentTissue",
    "off": 43709,
    "sff": "adjacent"
  },
  {
    "docID": "N148 Gorrie 2010",
    "et": "LesionAdjacentTissue",
    "off": 10045,
    "sff": "lesion"
  },
  {
    "docID": "N148 Gorrie 2010",
    "et": "LesionAdjacentTissue",
    "off": 16061,
    "sff": "lesion"
  },
  {
    "docID": "N148 Gorrie 2010",
    "et": "LesionAdjacentTissue",
    "off": 42558,
    "sff": "lesion"
  },
  {
    "docID": "N148 Gorrie 2010",
    "et": "LesionAdjacentTissue",
    "off": 17084,
    "sff": "lesion"
  },
  {
    "docID": "N148 Gorrie 2010",
    "et": "LesionAdjacentTissue",
    "off": 43194,
    "sff": "lesion"
  },
  {
    "docID": "N148 Gorrie 2010",
    "et": "LesionAdjacentTissue",
    "off": 11192,
    "sff": "lesion"
  },
  {
    "docID": "N148 Gorrie 2010",
    "et": "LesionAdjacentTissue",
    "off": 26934,
    "sff": "lesion"
  },
  {
    "docID": "N148 Gorrie 2010",
    "et": "LesionAdjacentTissue",
    "off": 30902,
    "sff": "lesion"
  },
  {
    "docID": "N148 Gorrie 2010",
    "et": "LesionAdjacentTissue",
    "off": 9139,
    "sff": "lesion"
  },
  {
    "docID": "N148 Gorrie 2010",
    "et": "LesionAdjacentTissue",
    "off": 40625,
    "sff": "adjacent"
  },
  {
    "docID": "N148 Gorrie 2010",
    "et": "LesionAdjacentTissue",
    "off": 27826,
    "sff": "adjacent"
  },
  {
    "docID": "N148 Gorrie 2010",
    "et": "LesionAdjacentTissue",
    "off": 6993,
    "sff": "lesion"
  },
  {
    "docID": "N148 Gorrie 2010",
    "et": "LesionAdjacentTissue",
    "off": 14801,
    "sff": "lesion"
  },
  {
    "docID": "N148 Gorrie 2010",
    "et": "LesionAdjacentTissue",
    "off": 36818,
    "sff": "lesion"
  },
  {
    "docID": "N148 Gorrie 2010",
    "et": "LesionAdjacentTissue",
    "off": 42831,
    "sff": "lesion"
  },
  {
    "docID": "N148 Gorrie 2010",
    "et": "LesionAdjacentTissue",
    "off": 17360,
    "sff": "lesion"
  },
  {
    "docID": "N148 Gorrie 2010",
    "et": "LesionAdjacentTissue",
    "off": 7629,
    "sff": "lesion"
  },
  {
    "docID": "N148 Gorrie 2010",
    "et": "LesionAdjacentTissue",
    "off": 38605,
    "sff": "lesion"
  },
  {
    "docID": "N148 Gorrie 2010",
    "et": "LesionAdjacentTissue",
    "off": 43725,
    "sff": "lesion"
  },
  {
    "docID": "N148 Gorrie 2010",
    "et": "LesionAdjacentTissue",
    "off": 10315,
    "sff": "lesion"
  },
  {
    "docID": "N148 Gorrie 2010",
    "et": "LesionAdjacentTissue",
    "off": 16331,
    "sff": "lesion"
  },
  {
    "docID": "N148 Gorrie 2010",
    "et": "LesionAdjacentTissue",
    "off": 28489,
    "sff": "lesion"
  },
  {
    "docID": "N148 Gorrie 2010",
    "et": "LesionAdjacentTissue",
    "off": 1607,
    "sff": "lesion"
  },
  {
    "docID": "N148 Gorrie 2010",
    "et": "LesionAdjacentTissue",
    "off": 30662,
    "sff": "lesion"
  },
  {
    "docID": "N148 Gorrie 2010",
    "et": "LesionAdjacentTissue",
    "off": 7391,
    "sff": "lesion"
  },
  {
    "docID": "N148 Gorrie 2010",
    "et": "LesionAdjacentTissue",
    "off": 26973,
    "sff": "lesion"
  },
  {
    "docID": "N148 Gorrie 2010",
    "et": "LesionAdjacentTissue",
    "off": 8542,
    "sff": "lesion"
  },
  {
    "docID": "N148 Gorrie 2010",
    "et": "LesionAdjacentTissue",
    "off": 29275,
    "sff": "lesion"
  },
  {
    "docID": "N148 Gorrie 2010",
    "et": "LesionAdjacentTissue",
    "off": 16795,
    "sff": "adjacent"
  },
  {
    "docID": "N148 Gorrie 2010",
    "et": "LesionAdjacentTissue",
    "off": 42082,
    "sff": "Lesion"
  },
  {
    "docID": "N148 Gorrie 2010",
    "et": "LesionAdjacentTissue",
    "off": 19033,
    "sff": "lesion"
  },
  {
    "docID": "N148 Gorrie 2010",
    "et": "LesionAdjacentTissue",
    "off": 24281,
    "sff": "lesion"
  },
  {
    "docID": "N148 Gorrie 2010",
    "et": "LesionAdjacentTissue",
    "off": 36953,
    "sff": "lesion"
  },
  {
    "docID": "N148 Gorrie 2010",
    "et": "LesionAdjacentTissue",
    "off": 7896,
    "sff": "lesion"
  },
  {
    "docID": "N148 Gorrie 2010",
    "et": "LesionAdjacentTissue",
    "off": 7508,
    "sff": "lesion"
  },
  {
    "docID": "N148 Gorrie 2010",
    "et": "SevereInjury",
    "off": 24711,
    "sff": "severe"
  },
  {
    "docID": "N148 Gorrie 2010",
    "et": "CentralNervousSystem",
    "off": 40860,
    "sff": "central"
  },
  {
    "docID": "N148 Gorrie 2010",
    "et": "CentralNervousSystem",
    "off": 2246,
    "sff": "nervous system"
  },
  {
    "docID": "N148 Gorrie 2010",
    "et": "CentralNervousSystem",
    "off": 25775,
    "sff": "central"
  },
  {
    "docID": "N148 Gorrie 2010",
    "et": "CentralNervousSystem",
    "off": 15585,
    "sff": "central"
  },
  {
    "docID": "N148 Gorrie 2010",
    "et": "CentralNervousSystem",
    "off": 5875,
    "sff": "central"
  },
  {
    "docID": "N148 Gorrie 2010",
    "et": "CentralNervousSystem",
    "off": 2246,
    "sff": "nervous"
  },
  {
    "docID": "N148 Gorrie 2010",
    "et": "CentralNervousSystem",
    "off": 15896,
    "sff": "central"
  },
  {
    "docID": "N148 Gorrie 2010",
    "et": "Location",
    "off": 11199,
    "sff": "location"
  },
  {
    "docID": "N148 Gorrie 2010",
    "et": "DMSO",
    "off": 33816,
    "sff": "DMSO"
  },
  {
    "docID": "N148 Gorrie 2010",
    "et": "ModerateInjury",
    "off": 14123,
    "sff": "moderate"
  },
  {
    "docID": "N148 Gorrie 2010",
    "et": "ModerateInjury",
    "off": 35727,
    "sff": "moderate"
  },
  {
    "docID": "N148 Gorrie 2010",
    "et": "ModerateInjury",
    "off": 1152,
    "sff": "moderate"
  },
  {
    "docID": "N148 Gorrie 2010",
    "et": "ModerateInjury",
    "off": 27156,
    "sff": "moderate"
  },
  {
    "docID": "N148 Gorrie 2010",
    "et": "Matrix",
    "off": 29968,
    "sff": "matrix"
  },
  {
    "docID": "N148 Gorrie 2010",
    "et": "SpinalCentralPart",
    "off": 15585,
    "sff": "central"
  },
  {
    "docID": "N148 Gorrie 2010",
    "et": "SpinalCentralPart",
    "off": 25775,
    "sff": "central"
  },
  {
    "docID": "N148 Gorrie 2010",
    "et": "SpinalCentralPart",
    "off": 40860,
    "sff": "central"
  },
  {
    "docID": "N148 Gorrie 2010",
    "et": "SpinalCentralPart",
    "off": 15896,
    "sff": "central"
  },
  {
    "docID": "N148 Gorrie 2010",
    "et": "SpinalCentralPart",
    "off": 5875,
    "sff": "central"
  },
  {
    "docID": "N148 Gorrie 2010",
    "et": "InjuryArea",
    "off": 7934,
    "sff": "area"
  },
  {
    "docID": "N148 Gorrie 2010",
    "et": "InjuryArea",
    "off": 7199,
    "sff": "area"
  },
  {
    "docID": "N148 Gorrie 2010",
    "et": "InjuryArea",
    "off": 7649,
    "sff": "area"
  },
  {
    "docID": "N148 Gorrie 2010",
    "et": "InjuryArea",
    "off": 43201,
    "sff": "area"
  },
  {
    "docID": "N148 Gorrie 2010",
    "et": "InjuryArea",
    "off": 15283,
    "sff": "area"
  },
  {
    "docID": "N148 Gorrie 2010",
    "et": "InjuryArea",
    "off": 42611,
    "sff": "area"
  },
  {
    "docID": "N148 Gorrie 2010",
    "et": "InjuryArea",
    "off": 42485,
    "sff": "area"
  },
  {
    "docID": "N148 Gorrie 2010",
    "et": "InjuryArea",
    "off": 14808,
    "sff": "area"
  },
  {
    "docID": "N148 Gorrie 2010",
    "et": "InjuryArea",
    "off": 43256,
    "sff": "area"
  },
  {
    "docID": "N148 Gorrie 2010",
    "et": "InjuryArea",
    "off": 43225,
    "sff": "area"
  },
  {
    "docID": "N148 Gorrie 2010",
    "et": "InjuryArea",
    "off": 43275,
    "sff": "area"
  },
  {
    "docID": "N148 Gorrie 2010",
    "et": "InjuryArea",
    "off": 26957,
    "sff": "area"
  },
  {
    "docID": "N148 Gorrie 2010",
    "et": "InjuryArea",
    "off": 7823,
    "sff": "area"
  },
  {
    "docID": "N148 Gorrie 2010",
    "et": "InjuryArea",
    "off": 7110,
    "sff": "area"
  },
  {
    "docID": "N148 Gorrie 2010",
    "et": "InjuryArea",
    "off": 42632,
    "sff": "area"
  },
  {
    "docID": "N148 Gorrie 2010",
    "et": "MedicationDuringSurgery",
    "off": 11330,
    "sff": "during"
  },
  {
    "docID": "N148 Gorrie 2010",
    "et": "MedicationDuringSurgery",
    "off": 30992,
    "sff": "during"
  },
  {
    "docID": "N148 Gorrie 2010",
    "et": "MedicationDuringSurgery",
    "off": 10625,
    "sff": "during"
  },
  {
    "docID": "N148 Gorrie 2010",
    "et": "MedicationDuringSurgery",
    "off": 26145,
    "sff": "during"
  },
  {
    "docID": "N148 Gorrie 2010",
    "et": "MedicationDuringSurgery",
    "off": 6788,
    "sff": "during"
  },
  {
    "docID": "N148 Gorrie 2010",
    "et": "MedicationDuringSurgery",
    "off": 39845,
    "sff": "during"
  },
  {
    "docID": "N148 Gorrie 2010",
    "et": "MedicationDuringSurgery",
    "off": 12823,
    "sff": "During"
  },
  {
    "docID": "N148 Gorrie 2010",
    "et": "MedicationDuringSurgery",
    "off": 20767,
    "sff": "during"
  },
  {
    "docID": "N148 Gorrie 2010",
    "et": "MedicationDuringSurgery",
    "off": 31423,
    "sff": "during"
  },
  {
    "docID": "N148 Gorrie 2010",
    "et": "Ketamine",
    "off": 35334,
    "sff": "ketamine"
  },
  {
    "docID": "N148 Gorrie 2010",
    "et": "Brain",
    "off": 22521,
    "sff": "brain"
  },
  {
    "docID": "N148 Gorrie 2010",
    "et": "Laminectomy",
    "off": 35651,
    "sff": "laminectomy"
  },
  {
    "docID": "N148 Gorrie 2010",
    "et": "AscendingFiberTract",
    "off": 29199,
    "sff": "ascending"
  },
  {
    "docID": "N148 Gorrie 2010",
    "et": "SpinalWhiteMatter",
    "off": 14640,
    "sff": "white matter"
  },
  {
    "docID": "N148 Gorrie 2010",
    "et": "SpinalWhiteMatter",
    "off": 17520,
    "sff": "white matter"
  },
  {
    "docID": "N148 Gorrie 2010",
    "et": "SpinalWhiteMatter",
    "off": 16191,
    "sff": "white matter"
  },
  {
    "docID": "N148 Gorrie 2010",
    "et": "SpinalWhiteMatter",
    "off": 9787,
    "sff": "white matter"
  },
  {
    "docID": "N148 Gorrie 2010",
    "et": "SpinalWhiteMatter",
    "off": 17275,
    "sff": "white matter"
  },
  {
    "docID": "N148 Gorrie 2010",
    "et": "SpinalWhiteMatter",
    "off": 10426,
    "sff": "white matter"
  },
  {
    "docID": "N148 Gorrie 2010",
    "et": "SpinalWhiteMatter",
    "off": 18327,
    "sff": "white matter"
  },
  {
    "docID": "N148 Gorrie 2010",
    "et": "SpinalWhiteMatter",
    "off": 7350,
    "sff": "white matter"
  },
  {
    "docID": "N148 Gorrie 2010",
    "et": "SpinalWhiteMatter",
    "off": 14438,
    "sff": "white matter"
  },
  {
    "docID": "N148 Gorrie 2010",
    "et": "MacrophageCell",
    "off": 44300,
    "sff": "macrophage"
  },
  {
    "docID": "N148 Gorrie 2010",
    "et": "MacrophageCell",
    "off": 18437,
    "sff": "macrophage"
  },
  {
    "docID": "N148 Gorrie 2010",
    "et": "MacrophageCell",
    "off": 18003,
    "sff": "macrophage"
  },
  {
    "docID": "N148 Gorrie 2010",
    "et": "MacrophageCell",
    "off": 30865,
    "sff": "macrophage"
  },
  {
    "docID": "N148 Gorrie 2010",
    "et": "Antibody",
    "off": 41789,
    "sff": "antibody"
  },
  {
    "docID": "N148 Gorrie 2010",
    "et": "Antibody",
    "off": 41440,
    "sff": "antibody"
  },
  {
    "docID": "N148 Gorrie 2010",
    "et": "Antibody",
    "off": 12117,
    "sff": "antibody"
  },
  {
    "docID": "N148 Gorrie 2010",
    "et": "Antibody",
    "off": 44068,
    "sff": "antibody"
  },
  {
    "docID": "N148 Gorrie 2010",
    "et": "UmbilicalCordBloodStemCell",
    "off": 5928,
    "sff": "blood"
  },
  {
    "docID": "N148 Gorrie 2010",
    "et": "ContusionType",
    "off": 11533,
    "sff": "contusion"
  },
  {
    "docID": "N148 Gorrie 2010",
    "et": "ContusionType",
    "off": 6410,
    "sff": "contusion"
  },
  {
    "docID": "N148 Gorrie 2010",
    "et": "ContusionType",
    "off": 1161,
    "sff": "contusion"
  },
  {
    "docID": "N148 Gorrie 2010",
    "et": "ContusionType",
    "off": 37448,
    "sff": "contusion"
  },
  {
    "docID": "N148 Gorrie 2010",
    "et": "ContusionType",
    "off": 28518,
    "sff": "contusion"
  },
  {
    "docID": "N148 Gorrie 2010",
    "et": "ContusionType",
    "off": 10644,
    "sff": "contusion"
  },
  {
    "docID": "N148 Gorrie 2010",
    "et": "ContusionType",
    "off": 14132,
    "sff": "contusion"
  },
  {
    "docID": "N148 Gorrie 2010",
    "et": "ContusionType",
    "off": 29074,
    "sff": "contusion"
  },
  {
    "docID": "N148 Gorrie 2010",
    "et": "ContusionType",
    "off": 24271,
    "sff": "contusion"
  },
  {
    "docID": "N148 Gorrie 2010",
    "et": "ContusionType",
    "off": 28558,
    "sff": "contusion"
  },
  {
    "docID": "N148 Gorrie 2010",
    "et": "ContusionType",
    "off": 27165,
    "sff": "contusion"
  },
  {
    "docID": "N148 Gorrie 2010",
    "et": "ContusionType",
    "off": 28124,
    "sff": "contusion"
  },
  {
    "docID": "N148 Gorrie 2010",
    "et": "ContusionType",
    "off": 38556,
    "sff": "contusion"
  },
  {
    "docID": "N148 Gorrie 2010",
    "et": "ContusionType",
    "off": 44665,
    "sff": "contusion"
  },
  {
    "docID": "N148 Gorrie 2010",
    "et": "ContusionType",
    "off": 35736,
    "sff": "contusion"
  },
  {
    "docID": "N148 Gorrie 2010",
    "et": "ContusionType",
    "off": 5814,
    "sff": "contusion"
  },
  {
    "docID": "N148 Gorrie 2010",
    "et": "ContusionType",
    "off": 23941,
    "sff": "contusion"
  },
  {
    "docID": "N148 Gorrie 2010",
    "et": "ContusionType",
    "off": 69,
    "sff": "contusion"
  },
  {
    "docID": "N148 Gorrie 2010",
    "et": "ContusionType",
    "off": 36513,
    "sff": "contusion"
  },
  {
    "docID": "N148 Gorrie 2010",
    "et": "ContusionType",
    "off": 22878,
    "sff": "contusion"
  },
  {
    "docID": "N148 Gorrie 2010",
    "et": "Protein",
    "off": 5518,
    "sff": "protein"
  },
  {
    "docID": "N148 Gorrie 2010",
    "et": "Protein",
    "off": 11838,
    "sff": "protein"
  },
  {
    "docID": "N148 Gorrie 2010",
    "et": "Protein",
    "off": 33168,
    "sff": "protein"
  },
  {
    "docID": "N148 Gorrie 2010",
    "et": "GlialCell",
    "off": 2633,
    "sff": "glial cell"
  },
  {
    "docID": "N148 Gorrie 2010",
    "et": "GlialCell",
    "off": 11814,
    "sff": "glial"
  },
  {
    "docID": "N148 Gorrie 2010",
    "et": "CompressionType",
    "off": 10608,
    "sff": "compression"
  },
  {
    "docID": "N148 Gorrie 2010",
    "et": "CompressionType",
    "off": 35872,
    "sff": "compression"
  },
  {
    "docID": "N148 Gorrie 2010",
    "et": "CompressionType",
    "off": 35983,
    "sff": "compression"
  },
  {
    "docID": "N148 Gorrie 2010",
    "et": "CompressionType",
    "off": 10815,
    "sff": "compression"
  },
  {
    "docID": "N148 Gorrie 2010",
    "et": "CompressionType",
    "off": 35906,
    "sff": "compression"
  },
  {
    "docID": "N148 Gorrie 2010",
    "et": "PostSurgeryCondition",
    "off": 6605,
    "sff": "post"
  },
  {
    "docID": "N148 Gorrie 2010",
    "et": "PostSurgeryCondition",
    "off": 13165,
    "sff": "post"
  },
  {
    "docID": "N148 Gorrie 2010",
    "et": "PostSurgeryCondition",
    "off": 13095,
    "sff": "post"
  },
  {
    "docID": "N148 Gorrie 2010",
    "et": "PostSurgeryCondition",
    "off": 11464,
    "sff": "surgery"
  },
  {
    "docID": "N148 Gorrie 2010",
    "et": "PostSurgeryCondition",
    "off": 37413,
    "sff": "surgery"
  },
  {
    "docID": "N148 Gorrie 2010",
    "et": "PostSurgeryCondition",
    "off": 11302,
    "sff": "surgery"
  },
  {
    "docID": "N148 Gorrie 2010",
    "et": "PostSurgeryCondition",
    "off": 38566,
    "sff": "surgery"
  },
  {
    "docID": "N148 Gorrie 2010",
    "et": "PostSurgeryCondition",
    "off": 31444,
    "sff": "surgery"
  },
  {
    "docID": "N148 Gorrie 2010",
    "et": "PostSurgeryCondition",
    "off": 40281,
    "sff": "post"
  },
  {
    "docID": "N148 Gorrie 2010",
    "et": "PostSurgeryCondition",
    "off": 6675,
    "sff": "post"
  },
  {
    "docID": "N148 Gorrie 2010",
    "et": "PostSurgeryCondition",
    "off": 44531,
    "sff": "post"
  },
  {
    "docID": "N148 Gorrie 2010",
    "et": "PostSurgeryCondition",
    "off": 11674,
    "sff": "surgery"
  },
  {
    "docID": "N148 Gorrie 2010",
    "et": "PostSurgeryCondition",
    "off": 44660,
    "sff": "post"
  },
  {
    "docID": "N148 Gorrie 2010",
    "et": "VimentinAntiSenseDNA",
    "off": 11944,
    "sff": "anti"
  },
  {
    "docID": "N148 Gorrie 2010",
    "et": "RatSpecies",
    "off": 4147,
    "sff": "rat"
  },
  {
    "docID": "N148 Gorrie 2010",
    "et": "RatSpecies",
    "off": 1234,
    "sff": "rat"
  },
  {
    "docID": "N148 Gorrie 2010",
    "et": "RatSpecies",
    "off": 18162,
    "sff": "rat"
  },
  {
    "docID": "N148 Gorrie 2010",
    "et": "RatSpecies",
    "off": 27253,
    "sff": "rat"
  },
  {
    "docID": "N148 Gorrie 2010",
    "et": "RatSpecies",
    "off": 4913,
    "sff": "rat"
  },
  {
    "docID": "N148 Gorrie 2010",
    "et": "RatSpecies",
    "off": 10129,
    "sff": "rat"
  },
  {
    "docID": "N148 Gorrie 2010",
    "et": "RatSpecies",
    "off": 13873,
    "sff": "rat"
  },
  {
    "docID": "N148 Gorrie 2010",
    "et": "RatSpecies",
    "off": 18715,
    "sff": "rat"
  },
  {
    "docID": "N148 Gorrie 2010",
    "et": "RatSpecies",
    "off": 4250,
    "sff": "rat"
  },
  {
    "docID": "N148 Gorrie 2010",
    "et": "RatSpecies",
    "off": 4828,
    "sff": "rat"
  },
  {
    "docID": "N148 Gorrie 2010",
    "et": "RatSpecies",
    "off": 5596,
    "sff": "rat"
  },
  {
    "docID": "N148 Gorrie 2010",
    "et": "RatSpecies",
    "off": 25820,
    "sff": "rat"
  },
  {
    "docID": "N148 Gorrie 2010",
    "et": "RatSpecies",
    "off": 27127,
    "sff": "rat"
  },
  {
    "docID": "N148 Gorrie 2010",
    "et": "RatSpecies",
    "off": 27065,
    "sff": "rat"
  },
  {
    "docID": "N148 Gorrie 2010",
    "et": "RatSpecies",
    "off": 28227,
    "sff": "rat"
  },
  {
    "docID": "N148 Gorrie 2010",
    "et": "RatSpecies",
    "off": 3941,
    "sff": "rat"
  },
  {
    "docID": "N148 Gorrie 2010",
    "et": "RatSpecies",
    "off": 31145,
    "sff": "rat"
  },
  {
    "docID": "N148 Gorrie 2010",
    "et": "InjuryIntensity",
    "off": 16635,
    "sff": "intensity"
  },
  {
    "docID": "N148 Gorrie 2010",
    "et": "InjuryIntensity",
    "off": 1788,
    "sff": "intensity"
  },
  {
    "docID": "N148 Gorrie 2010",
    "et": "InjuryIntensity",
    "off": 16450,
    "sff": "intensity"
  },
  {
    "docID": "N148 Gorrie 2010",
    "et": "InjuryIntensity",
    "off": 43844,
    "sff": "intensity"
  },
  {
    "docID": "N148 Gorrie 2010",
    "et": "InjuryIntensity",
    "off": 43614,
    "sff": "intensity"
  },
  {
    "docID": "N148 Gorrie 2010",
    "et": "InjuryIntensity",
    "off": 9546,
    "sff": "intensity"
  },
  {
    "docID": "N148 Gorrie 2010",
    "et": "InjuryIntensity",
    "off": 42892,
    "sff": "intensity"
  },
  {
    "docID": "N148 Gorrie 2010",
    "et": "InjuryIntensity",
    "off": 44012,
    "sff": "intensity"
  },
  {
    "docID": "N148 Gorrie 2010",
    "et": "InjuryIntensity",
    "off": 8268,
    "sff": "intensity"
  },
  {
    "docID": "N148 Gorrie 2010",
    "et": "InjuryIntensity",
    "off": 43526,
    "sff": "intensity"
  },
  {
    "docID": "N148 Gorrie 2010",
    "et": "InjuryIntensity",
    "off": 27816,
    "sff": "intensity"
  },
  {
    "docID": "N148 Gorrie 2010",
    "et": "InjuryIntensity",
    "off": 16785,
    "sff": "intensity"
  },
  {
    "docID": "N148 Gorrie 2010",
    "et": "InjuryIntensity",
    "off": 16685,
    "sff": "intensity"
  },
  {
    "docID": "N148 Gorrie 2010",
    "et": "Direction",
    "off": 16106,
    "sff": "direction"
  },
  {
    "docID": "N148 Gorrie 2010",
    "et": "Direction",
    "off": 17757,
    "sff": "direction"
  },
  {
    "docID": "N148 Gorrie 2010",
    "et": "SodiumPentobarbital",
    "off": 36171,
    "sff": "sodium"
  },
  {
    "docID": "N148 Gorrie 2010",
    "et": "SodiumPentobarbital",
    "off": 40411,
    "sff": "sodium"
  },
  {
    "docID": "N148 Gorrie 2010",
    "et": "SodiumPentobarbital",
    "off": 39998,
    "sff": "sodium"
  },
  {
    "docID": "N148 Gorrie 2010",
    "et": "VertebralArea",
    "off": 36609,
    "sff": "vertebral"
  },
  {
    "docID": "N148 Gorrie 2010",
    "et": "Caudal",
    "off": 40225,
    "sff": "caudal"
  },
  {
    "docID": "N148 Gorrie 2010",
    "et": "Caudal",
    "off": 17621,
    "sff": "caudal"
  },
  {
    "docID": "N148 Gorrie 2010",
    "et": "Caudal",
    "off": 37028,
    "sff": "caudal"
  },
  {
    "docID": "N148 Gorrie 2010",
    "et": "Caudal",
    "off": 16236,
    "sff": "caudal"
  },
  {
    "docID": "N148 Gorrie 2010",
    "et": "VertebralSegment",
    "off": 36609,
    "sff": "vertebral"
  },
  {
    "docID": "N148 Gorrie 2010",
    "et": "AntiCD11dAntibody",
    "off": 11944,
    "sff": "anti"
  },
  {
    "docID": "N148 Gorrie 2010",
    "et": "SchwannCell",
    "off": 19959,
    "sff": "Schwann"
  },
  {
    "docID": "N148 Gorrie 2010",
    "et": "SchwannCell",
    "off": 20202,
    "sff": "Schwann"
  },
  {
    "docID": "N148 Gorrie 2010",
    "et": "SchwannCell",
    "off": 20412,
    "sff": "Schwann"
  },
  {
    "docID": "N148 Gorrie 2010",
    "et": "SchwannCell",
    "off": 21773,
    "sff": "Schwann"
  },
  {
    "docID": "N148 Gorrie 2010",
    "et": "SchwannCell",
    "off": 20129,
    "sff": "Schwann"
  },
  {
    "docID": "N148 Gorrie 2010",
    "et": "SchwannCell",
    "off": 19778,
    "sff": "Schwann"
  },
  {
    "docID": "N148 Gorrie 2010",
    "et": "SchwannCell",
    "off": 2691,
    "sff": "Schwann"
  },
  {
    "docID": "N148 Gorrie 2010",
    "et": "SchwannCell",
    "off": 19220,
    "sff": "Schwann"
  },
  {
    "docID": "N148 Gorrie 2010",
    "et": "NewZealandRabbit",
    "off": 334,
    "sff": "New"
  },
  {
    "docID": "N148 Gorrie 2010",
    "et": "NewZealandRabbit",
    "off": 32443,
    "sff": "New"
  },
  {
    "docID": "N148 Gorrie 2010",
    "et": "NewZealandRabbit",
    "off": 35802,
    "sff": "New"
  },
  {
    "docID": "N148 Gorrie 2010",
    "et": "NewZealandRabbit",
    "off": 34546,
    "sff": "New"
  },
  {
    "docID": "N148 Gorrie 2010",
    "et": "NewZealandRabbit",
    "off": 35232,
    "sff": "New"
  },
  {
    "docID": "N148 Gorrie 2010",
    "et": "BoneMarrowStemCell",
    "off": 22443,
    "sff": "bone"
  },
  {
    "docID": "N148 Gorrie 2010",
    "et": "SigmaAldrich",
    "off": 32835,
    "sff": "Sigma"
  },
  {
    "docID": "N148 Gorrie 2010",
    "et": "SigmaAldrich",
    "off": 11956,
    "sff": "Sigma"
  },
  {
    "docID": "N148 Gorrie 2010",
    "et": "SigmaAldrich",
    "off": 32498,
    "sff": "Sigma"
  },
  {
    "docID": "N148 Gorrie 2010",
    "et": "SigmaAldrich",
    "off": 41538,
    "sff": "Sigma"
  },
  {
    "docID": "N148 Gorrie 2010",
    "et": "T11",
    "off": 11151,
    "sff": "T11"
  },
  {
    "docID": "N148 Gorrie 2010",
    "et": "T11",
    "off": 36668,
    "sff": "T11"
  },
  {
    "docID": "N148 Gorrie 2010",
    "et": "T10",
    "off": 35684,
    "sff": "T10"
  },
  {
    "docID": "N148 Gorrie 2010",
    "et": "T10",
    "off": 36577,
    "sff": "T10"
  },
  {
    "docID": "N148 Gorrie 2010",
    "et": "T10",
    "off": 1215,
    "sff": "T10"
  },
  {
    "docID": "N148 Gorrie 2010",
    "et": "PartialTransection",
    "off": 39622,
    "sff": "Partial"
  },
  {
    "docID": "N148 Gorrie 2010",
    "et": "Thoracic",
    "off": 1200,
    "sff": "thoracic"
  },
  {
    "docID": "N148 Gorrie 2010",
    "et": "Thoracic",
    "off": 35525,
    "sff": "thoracic"
  },
  {
    "docID": "N148 Gorrie 2010",
    "et": "VertebralLocation",
    "off": 36609,
    "sff": "vertebral"
  },
  {
    "docID": "N148 Gorrie 2010",
    "et": "LightSource",
    "off": 6777,
    "sff": "light"
  },
  {
    "docID": "N148 Gorrie 2010",
    "et": "Compression",
    "off": 10815,
    "sff": "compression"
  },
  {
    "docID": "N148 Gorrie 2010",
    "et": "Compression",
    "off": 35983,
    "sff": "compression"
  },
  {
    "docID": "N148 Gorrie 2010",
    "et": "Compression",
    "off": 35906,
    "sff": "compression"
  },
  {
    "docID": "N148 Gorrie 2010",
    "et": "Compression",
    "off": 10608,
    "sff": "compression"
  },
  {
    "docID": "N148 Gorrie 2010",
    "et": "Compression",
    "off": 35872,
    "sff": "compression"
  },
  {
    "docID": "N148 Gorrie 2010",
    "et": "StemCellSourceType",
    "off": 2639,
    "sff": "cell"
  },
  {
    "docID": "N148 Gorrie 2010",
    "et": "StemCellSourceType",
    "off": 33103,
    "sff": "cell"
  },
  {
    "docID": "N148 Gorrie 2010",
    "et": "StemCellSourceType",
    "off": 407,
    "sff": "Stem Cell"
  },
  {
    "docID": "N148 Gorrie 2010",
    "et": "StemCellSourceType",
    "off": 21912,
    "sff": "cell"
  },
  {
    "docID": "N148 Gorrie 2010",
    "et": "StemCellSourceType",
    "off": 11477,
    "sff": "cell"
  },
  {
    "docID": "N148 Gorrie 2010",
    "et": "StemCellSourceType",
    "off": 19444,
    "sff": "stem"
  },
  {
    "docID": "N148 Gorrie 2010",
    "et": "StemCellSourceType",
    "off": 20669,
    "sff": "cell"
  },
  {
    "docID": "N148 Gorrie 2010",
    "et": "StemCellSourceType",
    "off": 21819,
    "sff": "cell"
  },
  {
    "docID": "N148 Gorrie 2010",
    "et": "StemCellSourceType",
    "off": 7226,
    "sff": "cell"
  },
  {
    "docID": "N148 Gorrie 2010",
    "et": "StemCellSourceType",
    "off": 7431,
    "sff": "cell"
  },
  {
    "docID": "N148 Gorrie 2010",
    "et": "StemCellSourceType",
    "off": 33350,
    "sff": "cell"
  },
  {
    "docID": "N148 Gorrie 2010",
    "et": "StemCellSourceType",
    "off": 20548,
    "sff": "cell"
  },
  {
    "docID": "N148 Gorrie 2010",
    "et": "StemCellSourceType",
    "off": 34243,
    "sff": "cell"
  },
  {
    "docID": "N148 Gorrie 2010",
    "et": "StemCellSourceType",
    "off": 1518,
    "sff": "cell"
  },
  {
    "docID": "N148 Gorrie 2010",
    "et": "StemCellSourceType",
    "off": 33710,
    "sff": "cell"
  },
  {
    "docID": "N148 Gorrie 2010",
    "et": "StemCellSourceType",
    "off": 1898,
    "sff": "cell"
  },
  {
    "docID": "N148 Gorrie 2010",
    "et": "StemCellSourceType",
    "off": 19370,
    "sff": "cell"
  },
  {
    "docID": "N148 Gorrie 2010",
    "et": "StemCellSourceType",
    "off": 33843,
    "sff": "cell"
  },
  {
    "docID": "N148 Gorrie 2010",
    "et": "StemCellSourceType",
    "off": 2290,
    "sff": "cell"
  },
  {
    "docID": "N148 Gorrie 2010",
    "et": "StemCellSourceType",
    "off": 23521,
    "sff": "cell"
  },
  {
    "docID": "N148 Gorrie 2010",
    "et": "StemCellSourceType",
    "off": 30,
    "sff": "cell"
  },
  {
    "docID": "N148 Gorrie 2010",
    "et": "StemCellSourceType",
    "off": 12638,
    "sff": "cell"
  },
  {
    "docID": "N148 Gorrie 2010",
    "et": "StemCellSourceType",
    "off": 41948,
    "sff": "cell"
  },
  {
    "docID": "N148 Gorrie 2010",
    "et": "StemCellSourceType",
    "off": 31334,
    "sff": "cell"
  },
  {
    "docID": "N148 Gorrie 2010",
    "et": "StemCellSourceType",
    "off": 12638,
    "sff": "cell type"
  },
  {
    "docID": "N148 Gorrie 2010",
    "et": "StemCellSourceType",
    "off": 29986,
    "sff": "cell"
  },
  {
    "docID": "N148 Gorrie 2010",
    "et": "InVitroExperimentalProcedure",
    "off": 12486,
    "sff": "vitro"
  },
  {
    "docID": "N148 Gorrie 2010",
    "et": "InVitroExperimentalProcedure",
    "off": 31294,
    "sff": "Experimental"
  },
  {
    "docID": "N148 Gorrie 2010",
    "et": "InVitroExperimentalProcedure",
    "off": 23235,
    "sff": "vitro"
  },
  {
    "docID": "N148 Gorrie 2010",
    "et": "InVitroExperimentalProcedure",
    "off": 24385,
    "sff": "vitro"
  },
  {
    "docID": "N148 Gorrie 2010",
    "et": "InVitroExperimentalProcedure",
    "off": 21294,
    "sff": "vitro"
  },
  {
    "docID": "N148 Gorrie 2010",
    "et": "InVitroExperimentalProcedure",
    "off": 29535,
    "sff": "vitro"
  },
  {
    "docID": "N148 Gorrie 2010",
    "et": "InVitroExperimentalProcedure",
    "off": 19976,
    "sff": "vitro"
  },
  {
    "docID": "N148 Gorrie 2010",
    "et": "VentralInjuryArea",
    "off": 25786,
    "sff": "ventral"
  },
  {
    "docID": "N148 Gorrie 2010",
    "et": "VentralInjuryArea",
    "off": 40986,
    "sff": "ventral"
  },
  {
    "docID": "N148 Gorrie 2010",
    "et": "VentralInjuryArea",
    "off": 7787,
    "sff": "ventral"
  },
  {
    "docID": "N148 Gorrie 2010",
    "et": "VentralInjuryArea",
    "off": 16984,
    "sff": "ventral"
  },
  {
    "docID": "N148 Gorrie 2010",
    "et": "VentralInjuryArea",
    "off": 26737,
    "sff": "ventral"
  },
  {
    "docID": "N148 Gorrie 2010",
    "et": "VentralInjuryArea",
    "off": 40769,
    "sff": "ventral"
  },
  {
    "docID": "N148 Gorrie 2010",
    "et": "VentralInjuryArea",
    "off": 15670,
    "sff": "ventral"
  },
  {
    "docID": "N148 Gorrie 2010",
    "et": "VentralInjuryArea",
    "off": 39270,
    "sff": "ventral"
  },
  {
    "docID": "N148 Gorrie 2010",
    "et": "VentralInjuryArea",
    "off": 40503,
    "sff": "ventral"
  },
  {
    "docID": "N148 Gorrie 2010",
    "et": "VentralInjuryArea",
    "off": 40919,
    "sff": "ventral"
  },
  {
    "docID": "N148 Gorrie 2010",
    "et": "VentralInjuryArea",
    "off": 15908,
    "sff": "ventral"
  },
  {
    "docID": "N148 Gorrie 2010",
    "et": "VentralInjuryArea",
    "off": 8117,
    "sff": "ventral"
  },
  {
    "docID": "N148 Gorrie 2010",
    "et": "AntiNG2Antibody",
    "off": 11944,
    "sff": "anti"
  },
  {
    "docID": "N148 Gorrie 2010",
    "et": "AllenWeightDropDevice",
    "off": 25065,
    "sff": "weight"
  },
  {
    "docID": "N148 Gorrie 2010",
    "et": "AllenWeightDropDevice",
    "off": 35770,
    "sff": "weight"
  },
  {
    "docID": "N148 Gorrie 2010",
    "et": "AllenWeightDropDevice",
    "off": 25108,
    "sff": "weight"
  },
  {
    "docID": "N148 Gorrie 2010",
    "et": "AllenWeightDropDevice",
    "off": 38400,
    "sff": "weight"
  },
  {
    "docID": "N148 Gorrie 2010",
    "et": "AllenWeightDropDevice",
    "off": 35770,
    "sff": "weight drop device"
  },
  {
    "docID": "N148 Gorrie 2010",
    "et": "AllenWeightDropDevice",
    "off": 11260,
    "sff": "weight"
  },
  {
    "docID": "N148 Gorrie 2010",
    "et": "AntiNogoAAntibody",
    "off": 11944,
    "sff": "anti"
  },
  {
    "docID": "N148 Gorrie 2010",
    "et": "LongEvansRat",
    "off": 7516,
    "sff": "long"
  },
  {
    "docID": "N148 Gorrie 2010",
    "et": "Cell",
    "off": 20548,
    "sff": "cell"
  },
  {
    "docID": "N148 Gorrie 2010",
    "et": "Cell",
    "off": 31334,
    "sff": "cell"
  },
  {
    "docID": "N148 Gorrie 2010",
    "et": "Cell",
    "off": 33350,
    "sff": "cell"
  },
  {
    "docID": "N148 Gorrie 2010",
    "et": "Cell",
    "off": 30,
    "sff": "cell"
  },
  {
    "docID": "N148 Gorrie 2010",
    "et": "Cell",
    "off": 12638,
    "sff": "cell"
  },
  {
    "docID": "N148 Gorrie 2010",
    "et": "Cell",
    "off": 19370,
    "sff": "cell"
  },
  {
    "docID": "N148 Gorrie 2010",
    "et": "Cell",
    "off": 41948,
    "sff": "cell"
  },
  {
    "docID": "N148 Gorrie 2010",
    "et": "Cell",
    "off": 1898,
    "sff": "cell"
  },
  {
    "docID": "N148 Gorrie 2010",
    "et": "Cell",
    "off": 20669,
    "sff": "cell"
  },
  {
    "docID": "N148 Gorrie 2010",
    "et": "Cell",
    "off": 412,
    "sff": "Cell"
  },
  {
    "docID": "N148 Gorrie 2010",
    "et": "Cell",
    "off": 7431,
    "sff": "cell"
  },
  {
    "docID": "N148 Gorrie 2010",
    "et": "Cell",
    "off": 23521,
    "sff": "cell"
  },
  {
    "docID": "N148 Gorrie 2010",
    "et": "Cell",
    "off": 29986,
    "sff": "cell"
  },
  {
    "docID": "N148 Gorrie 2010",
    "et": "Cell",
    "off": 34243,
    "sff": "cell"
  },
  {
    "docID": "N148 Gorrie 2010",
    "et": "Cell",
    "off": 2290,
    "sff": "cell"
  },
  {
    "docID": "N148 Gorrie 2010",
    "et": "Cell",
    "off": 2639,
    "sff": "cell"
  },
  {
    "docID": "N148 Gorrie 2010",
    "et": "Cell",
    "off": 21912,
    "sff": "cell"
  },
  {
    "docID": "N148 Gorrie 2010",
    "et": "Cell",
    "off": 1518,
    "sff": "cell"
  },
  {
    "docID": "N148 Gorrie 2010",
    "et": "Cell",
    "off": 21819,
    "sff": "cell"
  },
  {
    "docID": "N148 Gorrie 2010",
    "et": "Cell",
    "off": 7226,
    "sff": "cell"
  },
  {
    "docID": "N148 Gorrie 2010",
    "et": "Cell",
    "off": 33710,
    "sff": "cell"
  },
  {
    "docID": "N148 Gorrie 2010",
    "et": "Cell",
    "off": 33103,
    "sff": "cell"
  },
  {
    "docID": "N148 Gorrie 2010",
    "et": "Cell",
    "off": 11477,
    "sff": "cell"
  },
  {
    "docID": "N148 Gorrie 2010",
    "et": "Cell",
    "off": 33843,
    "sff": "cell"
  },
  {
    "docID": "N148 Gorrie 2010",
    "et": "SpinalDorsalHalf",
    "off": 24725,
    "sff": "dorsal"
  },
  {
    "docID": "N148 Gorrie 2010",
    "et": "SpinalDorsalHalf",
    "off": 7766,
    "sff": "dorsal"
  },
  {
    "docID": "N148 Gorrie 2010",
    "et": "SpinalDorsalHalf",
    "off": 7846,
    "sff": "dorsal"
  },
  {
    "docID": "N148 Gorrie 2010",
    "et": "SpinalDorsalHalf",
    "off": 40759,
    "sff": "dorsal"
  },
  {
    "docID": "N148 Gorrie 2010",
    "et": "SpinalDorsalHalf",
    "off": 26489,
    "sff": "dorsal"
  },
  {
    "docID": "N148 Gorrie 2010",
    "et": "SpinalDorsalHalf",
    "off": 35481,
    "sff": "dorsal"
  },
  {
    "docID": "N148 Gorrie 2010",
    "et": "SpinalDorsalHalf",
    "off": 8107,
    "sff": "dorsal"
  },
  {
    "docID": "N148 Gorrie 2010",
    "et": "SpinalDorsalHalf",
    "off": 14955,
    "sff": "dorsal"
  },
  {
    "docID": "N148 Gorrie 2010",
    "et": "SpinalDorsalHalf",
    "off": 40493,
    "sff": "dorsal"
  },
  {
    "docID": "N148 Gorrie 2010",
    "et": "SpinalDorsalHalf",
    "off": 40909,
    "sff": "dorsal"
  },
  {
    "docID": "N148 Gorrie 2010",
    "et": "SpinalDorsalHalf",
    "off": 40963,
    "sff": "dorsal"
  },
  {
    "docID": "N148 Gorrie 2010",
    "et": "CompleteTransectionType",
    "off": 28774,
    "sff": "complete"
  },
  {
    "docID": "N148 Gorrie 2010",
    "et": "CompleteTransectionType",
    "off": 4121,
    "sff": "transection"
  },
  {
    "docID": "N148 Gorrie 2010",
    "et": "CompleteTransectionType",
    "off": 41012,
    "sff": "complete"
  },
  {
    "docID": "N148 Gorrie 2010",
    "et": "Water",
    "off": 34113,
    "sff": "water"
  },
  {
    "docID": "N148 Gorrie 2010",
    "et": "Water",
    "off": 35105,
    "sff": "water"
  },
  {
    "docID": "N148 Gorrie 2010",
    "et": "ExperimentalProcedure",
    "off": 31294,
    "sff": "Experimental"
  },
  {
    "docID": "N148 Gorrie 2010",
    "et": "BodyTemperatureMeasurement",
    "off": 11255,
    "sff": "body"
  },
  {
    "docID": "N148 Gorrie 2010",
    "et": "BodyTemperatureMeasurement",
    "off": 34619,
    "sff": "temperature"
  },
  {
    "docID": "N148 Gorrie 2010",
    "et": "BodyTemperatureMeasurement",
    "off": 41837,
    "sff": "temperature"
  },
  {
    "docID": "N148 Gorrie 2010",
    "et": "BodyTemperatureMeasurement",
    "off": 35409,
    "sff": "body temperature"
  },
  {
    "docID": "N148 Gorrie 2010",
    "et": "UnilateralInjuryArea",
    "off": 22401,
    "sff": "unilateral"
  },
  {
    "docID": "N148 Gorrie 2010",
    "et": "AirGunImpactor",
    "off": 34990,
    "sff": "air"
  },
  {
    "docID": "N148 Gorrie 2010",
    "et": "PartialTransectionType",
    "off": 4121,
    "sff": "transection"
  },
  {
    "docID": "N148 Gorrie 2010",
    "et": "PartialTransectionType",
    "off": 39622,
    "sff": "Partial"
  },
  {
    "docID": "N148 Gorrie 2010",
    "et": "CorticospinalTract",
    "off": 26543,
    "sff": "corticospinal"
  },
  {
    "docID": "N148 Gorrie 2010",
    "et": "BrainDerivedNeurotrophicFactor",
    "off": 881,
    "sff": "derived"
  },
  {
    "docID": "N148 Gorrie 2010",
    "et": "BrainDerivedNeurotrophicFactor",
    "off": 22521,
    "sff": "brain"
  },
  {
    "docID": "N148 Gorrie 2010",
    "et": "BrainDerivedNeurotrophicFactor",
    "off": 4863,
    "sff": "derived"
  },
  {
    "docID": "N148 Gorrie 2010",
    "et": "BrainDerivedNeurotrophicFactor",
    "off": 19117,
    "sff": "derived"
  },
  {
    "docID": "N148 Gorrie 2010",
    "et": "VentralHemisection",
    "off": 26737,
    "sff": "ventral"
  },
  {
    "docID": "N148 Gorrie 2010",
    "et": "VentralHemisection",
    "off": 40769,
    "sff": "ventral"
  },
  {
    "docID": "N148 Gorrie 2010",
    "et": "VentralHemisection",
    "off": 7787,
    "sff": "ventral"
  },
  {
    "docID": "N148 Gorrie 2010",
    "et": "VentralHemisection",
    "off": 15908,
    "sff": "ventral"
  },
  {
    "docID": "N148 Gorrie 2010",
    "et": "VentralHemisection",
    "off": 15670,
    "sff": "ventral"
  },
  {
    "docID": "N148 Gorrie 2010",
    "et": "VentralHemisection",
    "off": 39270,
    "sff": "ventral"
  },
  {
    "docID": "N148 Gorrie 2010",
    "et": "VentralHemisection",
    "off": 40503,
    "sff": "ventral"
  },
  {
    "docID": "N148 Gorrie 2010",
    "et": "VentralHemisection",
    "off": 40919,
    "sff": "ventral"
  },
  {
    "docID": "N148 Gorrie 2010",
    "et": "VentralHemisection",
    "off": 16984,
    "sff": "ventral"
  },
  {
    "docID": "N148 Gorrie 2010",
    "et": "VentralHemisection",
    "off": 8117,
    "sff": "ventral"
  },
  {
    "docID": "N148 Gorrie 2010",
    "et": "VentralHemisection",
    "off": 25786,
    "sff": "ventral"
  },
  {
    "docID": "N148 Gorrie 2010",
    "et": "VentralHemisection",
    "off": 40986,
    "sff": "ventral"
  },
  {
    "docID": "N148 Gorrie 2010",
    "et": "CompleteInjuryArea",
    "off": 41012,
    "sff": "complete"
  },
  {
    "docID": "N148 Gorrie 2010",
    "et": "CompleteInjuryArea",
    "off": 28774,
    "sff": "complete"
  }
]
