[
  {
    "docID": "N154 Iwatsuki 2008",
    "et": "OlfactoryEnsheathingGliaCell",
    "off": 20,
    "sff": "olfactory"
  },
  {
    "docID": "N154 Iwatsuki 2008",
    "et": "OlfactoryEnsheathingGliaCell",
    "off": 9748,
    "sff": "olfactory"
  },
  {
    "docID": "N154 Iwatsuki 2008",
    "et": "OlfactoryEnsheathingGliaCell",
    "off": 1978,
    "sff": "olfactory ensheathing"
  },
  {
    "docID": "N154 Iwatsuki 2008",
    "et": "OlfactoryEnsheathingGliaCell",
    "off": 11175,
    "sff": "ensheathing"
  },
  {
    "docID": "N154 Iwatsuki 2008",
    "et": "OlfactoryEnsheathingGliaCell",
    "off": 11811,
    "sff": "olfactory"
  },
  {
    "docID": "N154 Iwatsuki 2008",
    "et": "OlfactoryEnsheathingGliaCell",
    "off": 9904,
    "sff": "ensheathing"
  },
  {
    "docID": "N154 Iwatsuki 2008",
    "et": "OlfactoryEnsheathingGliaCell",
    "off": 10288,
    "sff": "ensheathing"
  },
  {
    "docID": "N154 Iwatsuki 2008",
    "et": "OlfactoryEnsheathingGliaCell",
    "off": 1950,
    "sff": "olfactory"
  },
  {
    "docID": "N154 Iwatsuki 2008",
    "et": "OlfactoryEnsheathingGliaCell",
    "off": 1564,
    "sff": "olfactory"
  },
  {
    "docID": "N154 Iwatsuki 2008",
    "et": "OlfactoryEnsheathingGliaCell",
    "off": 8732,
    "sff": "olfactory"
  },
  {
    "docID": "N154 Iwatsuki 2008",
    "et": "OlfactoryEnsheathingGliaCell",
    "off": 11175,
    "sff": "ensheathing cell"
  },
  {
    "docID": "N154 Iwatsuki 2008",
    "et": "OlfactoryEnsheathingGliaCell",
    "off": 1512,
    "sff": "olfactory ensheathing"
  },
  {
    "docID": "N154 Iwatsuki 2008",
    "et": "OlfactoryEnsheathingGliaCell",
    "off": 1366,
    "sff": "Olfactory ensheathing"
  },
  {
    "docID": "N154 Iwatsuki 2008",
    "et": "OlfactoryEnsheathingGliaCell",
    "off": 10968,
    "sff": "ensheathing"
  },
  {
    "docID": "N154 Iwatsuki 2008",
    "et": "OlfactoryEnsheathingGliaCell",
    "off": 10325,
    "sff": "ensheathing"
  },
  {
    "docID": "N154 Iwatsuki 2008",
    "et": "OlfactoryEnsheathingGliaCell",
    "off": 3184,
    "sff": "olfactory"
  },
  {
    "docID": "N154 Iwatsuki 2008",
    "et": "OlfactoryEnsheathingGliaCell",
    "off": 6256,
    "sff": "olfactory"
  },
  {
    "docID": "N154 Iwatsuki 2008",
    "et": "OlfactoryEnsheathingGliaCell",
    "off": 7792,
    "sff": "olfactory"
  },
  {
    "docID": "N154 Iwatsuki 2008",
    "et": "OlfactoryEnsheathingGliaCell",
    "off": 9949,
    "sff": "ensheathing"
  },
  {
    "docID": "N154 Iwatsuki 2008",
    "et": "OlfactoryEnsheathingGliaCell",
    "off": 9866,
    "sff": "olfactory"
  },
  {
    "docID": "N154 Iwatsuki 2008",
    "et": "OlfactoryEnsheathingGliaCell",
    "off": 10373,
    "sff": "olfactory"
  },
  {
    "docID": "N154 Iwatsuki 2008",
    "et": "OlfactoryEnsheathingGliaCell",
    "off": 1278,
    "sff": "olfactory"
  },
  {
    "docID": "N154 Iwatsuki 2008",
    "et": "OlfactoryEnsheathingGliaCell",
    "off": 4699,
    "sff": "olfactory"
  },
  {
    "docID": "N154 Iwatsuki 2008",
    "et": "OlfactoryEnsheathingGliaCell",
    "off": 2443,
    "sff": "olfactory ensheathing"
  },
  {
    "docID": "N154 Iwatsuki 2008",
    "et": "OlfactoryEnsheathingGliaCell",
    "off": 1876,
    "sff": "olfactory"
  },
  {
    "docID": "N154 Iwatsuki 2008",
    "et": "OlfactoryEnsheathingGliaCell",
    "off": 9683,
    "sff": "olfactory"
  },
  {
    "docID": "N154 Iwatsuki 2008",
    "et": "OlfactoryEnsheathingGliaCell",
    "off": 4045,
    "sff": "olfactory"
  },
  {
    "docID": "N154 Iwatsuki 2008",
    "et": "OlfactoryEnsheathingGliaCell",
    "off": 8939,
    "sff": "olfactory"
  },
  {
    "docID": "N154 Iwatsuki 2008",
    "et": "OlfactoryEnsheathingGliaCell",
    "off": 3433,
    "sff": "olfactory"
  },
  {
    "docID": "N154 Iwatsuki 2008",
    "et": "OlfactoryEnsheathingGliaCell",
    "off": 636,
    "sff": "olfactory ensheathing"
  },
  {
    "docID": "N154 Iwatsuki 2008",
    "et": "OlfactoryEnsheathingGliaCell",
    "off": 3685,
    "sff": "olfactory"
  },
  {
    "docID": "N154 Iwatsuki 2008",
    "et": "OlfactoryEnsheathingGliaCell",
    "off": 7652,
    "sff": "olfactory"
  },
  {
    "docID": "N154 Iwatsuki 2008",
    "et": "OlfactoryEnsheathingGliaCell",
    "off": 8548,
    "sff": "olfactory"
  },
  {
    "docID": "N154 Iwatsuki 2008",
    "et": "OlfactoryEnsheathingGliaCell",
    "off": 4193,
    "sff": "olfactory"
  },
  {
    "docID": "N154 Iwatsuki 2008",
    "et": "OlfactoryEnsheathingGliaCell",
    "off": 11361,
    "sff": "olfactory"
  },
  {
    "docID": "N154 Iwatsuki 2008",
    "et": "OlfactoryEnsheathingGliaCell",
    "off": 2179,
    "sff": "olfactory ensheathing"
  },
  {
    "docID": "N154 Iwatsuki 2008",
    "et": "OlfactoryEnsheathingGliaCell",
    "off": 902,
    "sff": "olfactory ensheathing"
  },
  {
    "docID": "N154 Iwatsuki 2008",
    "et": "OlfactoryEnsheathingGliaCell",
    "off": 775,
    "sff": "olfactory ensheathing"
  },
  {
    "docID": "N154 Iwatsuki 2008",
    "et": "OlfactoryEnsheathingGliaCell",
    "off": 9494,
    "sff": "Olfactory ensheathing"
  },
  {
    "docID": "N154 Iwatsuki 2008",
    "et": "OlfactoryEnsheathingGliaCell",
    "off": 1206,
    "sff": "olfactory"
  },
  {
    "docID": "N154 Iwatsuki 2008",
    "et": "OlfactoryEnsheathingGliaCell",
    "off": 1837,
    "sff": "olfactory ensheathing"
  },
  {
    "docID": "N154 Iwatsuki 2008",
    "et": "OlfactoryEnsheathingGliaCell",
    "off": 7347,
    "sff": "olfactory"
  },
  {
    "docID": "N154 Iwatsuki 2008",
    "et": "OlfactoryEnsheathingGliaCell",
    "off": 10788,
    "sff": "ensheathing"
  },
  {
    "docID": "N154 Iwatsuki 2008",
    "et": "OlfactoryEnsheathingGliaCell",
    "off": 9137,
    "sff": "olfactory"
  },
  {
    "docID": "N154 Iwatsuki 2008",
    "et": "OlfactoryEnsheathingGliaCell",
    "off": 1070,
    "sff": "olfactory"
  },
  {
    "docID": "N154 Iwatsuki 2008",
    "et": "OlfactoryEnsheathingGliaCell",
    "off": 3502,
    "sff": "olfactory"
  },
  {
    "docID": "N154 Iwatsuki 2008",
    "et": "OlfactoryEnsheathingGliaCell",
    "off": 3886,
    "sff": "olfactory"
  },
  {
    "docID": "N154 Iwatsuki 2008",
    "et": "OlfactoryEnsheathingGliaCell",
    "off": 10678,
    "sff": "olfactory ensheathing"
  },
  {
    "docID": "N154 Iwatsuki 2008",
    "et": "OlfactoryEnsheathingGliaCell",
    "off": 6016,
    "sff": "Olfactory ensheathing"
  },
  {
    "docID": "N154 Iwatsuki 2008",
    "et": "OlfactoryEnsheathingGliaCell",
    "off": 10174,
    "sff": "olfactory"
  },
  {
    "docID": "N154 Iwatsuki 2008",
    "et": "OlfactoryEnsheathingGliaCell",
    "off": 9613,
    "sff": "Ensheathing"
  },
  {
    "docID": "N154 Iwatsuki 2008",
    "et": "SuperficialDelivery",
    "off": 10870,
    "sff": "superficial"
  },
  {
    "docID": "N154 Iwatsuki 2008",
    "et": "KetamineAsAnaesthetic",
    "off": 2707,
    "sff": "ketamine"
  },
  {
    "docID": "N154 Iwatsuki 2008",
    "et": "KetamineAsAnaesthetic",
    "off": 6331,
    "sff": "ketamine"
  },
  {
    "docID": "N154 Iwatsuki 2008",
    "et": "MouseSpecies",
    "off": 5412,
    "sff": "mouse"
  },
  {
    "docID": "N154 Iwatsuki 2008",
    "et": "Rostral",
    "off": 8169,
    "sff": "rostral"
  },
  {
    "docID": "N154 Iwatsuki 2008",
    "et": "Rostral",
    "off": 9103,
    "sff": "rostral"
  },
  {
    "docID": "N154 Iwatsuki 2008",
    "et": "SpragueDawleyRat",
    "off": 3223,
    "sff": "Sprague–Dawley rats"
  },
  {
    "docID": "N154 Iwatsuki 2008",
    "et": "SpragueDawleyRat",
    "off": 2642,
    "sff": "Sprague–Dawley rats"
  },
  {
    "docID": "N154 Iwatsuki 2008",
    "et": "SpragueDawleyRat",
    "off": 3223,
    "sff": "Sprague–Dawley"
  },
  {
    "docID": "N154 Iwatsuki 2008",
    "et": "SpragueDawleyRat",
    "off": 2642,
    "sff": "Sprague–Dawley"
  },
  {
    "docID": "N154 Iwatsuki 2008",
    "et": "Autologous",
    "off": 11851,
    "sff": "autologous"
  },
  {
    "docID": "N154 Iwatsuki 2008",
    "et": "Left",
    "off": 7747,
    "sff": "left"
  },
  {
    "docID": "N154 Iwatsuki 2008",
    "et": "Left",
    "off": 7592,
    "sff": "left"
  },
  {
    "docID": "N154 Iwatsuki 2008",
    "et": "LaminectomyType",
    "off": 2930,
    "sff": "laminectomy"
  },
  {
    "docID": "N154 Iwatsuki 2008",
    "et": "Tissue",
    "off": 12059,
    "sff": "tissue"
  },
  {
    "docID": "N154 Iwatsuki 2008",
    "et": "Tissue",
    "off": 11821,
    "sff": "tissue"
  },
  {
    "docID": "N154 Iwatsuki 2008",
    "et": "CatSpecies",
    "off": 5499,
    "sff": "Cat"
  },
  {
    "docID": "N154 Iwatsuki 2008",
    "et": "InjectionDelivery",
    "off": 6848,
    "sff": "injection"
  },
  {
    "docID": "N154 Iwatsuki 2008",
    "et": "InjectionDelivery",
    "off": 6508,
    "sff": "injection"
  },
  {
    "docID": "N154 Iwatsuki 2008",
    "et": "Weight",
    "off": 2671,
    "sff": "250–300 g"
  },
  {
    "docID": "N154 Iwatsuki 2008",
    "et": "Xylazine",
    "off": 6355,
    "sff": "xylazine"
  },
  {
    "docID": "N154 Iwatsuki 2008",
    "et": "LateralHemisection",
    "off": 6560,
    "sff": "lateral"
  },
  {
    "docID": "N154 Iwatsuki 2008",
    "et": "Saline",
    "off": 4977,
    "sff": "saline"
  },
  {
    "docID": "N154 Iwatsuki 2008",
    "et": "Dosage",
    "off": 3056,
    "sff": "1.5-mm"
  },
  {
    "docID": "N154 Iwatsuki 2008",
    "et": "Dosage",
    "off": 6526,
    "sff": "3mm"
  },
  {
    "docID": "N154 Iwatsuki 2008",
    "et": "Dosage",
    "off": 6556,
    "sff": "3mm"
  },
  {
    "docID": "N154 Iwatsuki 2008",
    "et": "Dosage",
    "off": 3296,
    "sff": "100 mg/kg"
  },
  {
    "docID": "N154 Iwatsuki 2008",
    "et": "Dosage",
    "off": 3984,
    "sff": "0.5-mm"
  },
  {
    "docID": "N154 Iwatsuki 2008",
    "et": "Dosage",
    "off": 6365,
    "sff": "8 mg/kg"
  },
  {
    "docID": "N154 Iwatsuki 2008",
    "et": "Dosage",
    "off": 5018,
    "sff": "20 ml"
  },
  {
    "docID": "N154 Iwatsuki 2008",
    "et": "Dosage",
    "off": 5157,
    "sff": "30%"
  },
  {
    "docID": "N154 Iwatsuki 2008",
    "et": "Dosage",
    "off": 6341,
    "sff": "70mg/ kg"
  },
  {
    "docID": "N154 Iwatsuki 2008",
    "et": "Dosage",
    "off": 6887,
    "sff": "4%"
  },
  {
    "docID": "N154 Iwatsuki 2008",
    "et": "Dosage",
    "off": 4920,
    "sff": "100 ml"
  },
  {
    "docID": "N154 Iwatsuki 2008",
    "et": "Dosage",
    "off": 4930,
    "sff": "4%"
  },
  {
    "docID": "N154 Iwatsuki 2008",
    "et": "Dosage",
    "off": 2735,
    "sff": "10 mg/kg"
  },
  {
    "docID": "N154 Iwatsuki 2008",
    "et": "Dosage",
    "off": 6620,
    "sff": "10%"
  },
  {
    "docID": "N154 Iwatsuki 2008",
    "et": "Dosage",
    "off": 5333,
    "sff": "0.3%"
  },
  {
    "docID": "N154 Iwatsuki 2008",
    "et": "Dosage",
    "off": 3096,
    "sff": "1.5-mm"
  },
  {
    "docID": "N154 Iwatsuki 2008",
    "et": "Dosage",
    "off": 3994,
    "sff": "1.0-mm"
  },
  {
    "docID": "N154 Iwatsuki 2008",
    "et": "Dosage",
    "off": 2675,
    "sff": "300 g"
  },
  {
    "docID": "N154 Iwatsuki 2008",
    "et": "Dosage",
    "off": 5308,
    "sff": "5%"
  },
  {
    "docID": "N154 Iwatsuki 2008",
    "et": "Right",
    "off": 8028,
    "sff": "right"
  },
  {
    "docID": "N154 Iwatsuki 2008",
    "et": "Right",
    "off": 7968,
    "sff": "right"
  },
  {
    "docID": "N154 Iwatsuki 2008",
    "et": "PBS",
    "off": 5727,
    "sff": "PBS"
  },
  {
    "docID": "N154 Iwatsuki 2008",
    "et": "PBS",
    "off": 5350,
    "sff": "PBS"
  },
  {
    "docID": "N154 Iwatsuki 2008",
    "et": "PBS",
    "off": 5542,
    "sff": "PBS"
  },
  {
    "docID": "N154 Iwatsuki 2008",
    "et": "PBS",
    "off": 5027,
    "sff": "PBS"
  },
  {
    "docID": "N154 Iwatsuki 2008",
    "et": "PBS",
    "off": 4985,
    "sff": "PBS"
  },
  {
    "docID": "N154 Iwatsuki 2008",
    "et": "Vertebrae",
    "off": 2917,
    "sff": "vertebrae"
  },
  {
    "docID": "N154 Iwatsuki 2008",
    "et": "Duration",
    "off": 8691,
    "sff": "4 weeks"
  },
  {
    "docID": "N154 Iwatsuki 2008",
    "et": "Duration",
    "off": 9580,
    "sff": "2 weeks"
  },
  {
    "docID": "N154 Iwatsuki 2008",
    "et": "Duration",
    "off": 8401,
    "sff": "3 days"
  },
  {
    "docID": "N154 Iwatsuki 2008",
    "et": "Duration",
    "off": 11527,
    "sff": "2 weeks"
  },
  {
    "docID": "N154 Iwatsuki 2008",
    "et": "Duration",
    "off": 7818,
    "sff": "8 weeks"
  },
  {
    "docID": "N154 Iwatsuki 2008",
    "et": "Duration",
    "off": 6910,
    "sff": "0.1M"
  },
  {
    "docID": "N154 Iwatsuki 2008",
    "et": "Duration",
    "off": 8823,
    "sff": "6 weeks"
  },
  {
    "docID": "N154 Iwatsuki 2008",
    "et": "Duration",
    "off": 5114,
    "sff": "2 h"
  },
  {
    "docID": "N154 Iwatsuki 2008",
    "et": "Duration",
    "off": 5537,
    "sff": "0.1M"
  },
  {
    "docID": "N154 Iwatsuki 2008",
    "et": "Duration",
    "off": 4953,
    "sff": "0.2M"
  },
  {
    "docID": "N154 Iwatsuki 2008",
    "et": "Duration",
    "off": 11600,
    "sff": "8 weeks"
  },
  {
    "docID": "N154 Iwatsuki 2008",
    "et": "Duration",
    "off": 7987,
    "sff": "8 weeks"
  },
  {
    "docID": "N154 Iwatsuki 2008",
    "et": "Duration",
    "off": 9011,
    "sff": "8 weeks"
  },
  {
    "docID": "N154 Iwatsuki 2008",
    "et": "Duration",
    "off": 8921,
    "sff": "2 weeks"
  },
  {
    "docID": "N154 Iwatsuki 2008",
    "et": "Duration",
    "off": 7927,
    "sff": "2 weeks"
  },
  {
    "docID": "N154 Iwatsuki 2008",
    "et": "Duration",
    "off": 11735,
    "sff": "8 weeks"
  },
  {
    "docID": "N154 Iwatsuki 2008",
    "et": "Duration",
    "off": 7450,
    "sff": "4 weeks"
  },
  {
    "docID": "N154 Iwatsuki 2008",
    "et": "Duration",
    "off": 5749,
    "sff": "20 min"
  },
  {
    "docID": "N154 Iwatsuki 2008",
    "et": "Duration",
    "off": 7678,
    "sff": "2 weeks"
  },
  {
    "docID": "N154 Iwatsuki 2008",
    "et": "Duration",
    "off": 11710,
    "sff": "2 weeks"
  },
  {
    "docID": "N154 Iwatsuki 2008",
    "et": "CentralNervousSystem",
    "off": 10001,
    "sff": "central nervous system"
  },
  {
    "docID": "N154 Iwatsuki 2008",
    "et": "CentralNervousSystem",
    "off": 10001,
    "sff": "central nervous"
  },
  {
    "docID": "N154 Iwatsuki 2008",
    "et": "SpinalCentralPart",
    "off": 10001,
    "sff": "central"
  },
  {
    "docID": "N154 Iwatsuki 2008",
    "et": "AnatomicalLocation",
    "off": 2420,
    "sff": "anatomical"
  },
  {
    "docID": "N154 Iwatsuki 2008",
    "et": "Ketamine",
    "off": 6331,
    "sff": "ketamine"
  },
  {
    "docID": "N154 Iwatsuki 2008",
    "et": "Ketamine",
    "off": 2707,
    "sff": "ketamine"
  },
  {
    "docID": "N154 Iwatsuki 2008",
    "et": "Brain",
    "off": 9812,
    "sff": "brain"
  },
  {
    "docID": "N154 Iwatsuki 2008",
    "et": "Laminectomy",
    "off": 2930,
    "sff": "laminectomy"
  },
  {
    "docID": "N154 Iwatsuki 2008",
    "et": "Antibody",
    "off": 5398,
    "sff": "antibody"
  },
  {
    "docID": "N154 Iwatsuki 2008",
    "et": "Antibody",
    "off": 5429,
    "sff": "antibody"
  },
  {
    "docID": "N154 Iwatsuki 2008",
    "et": "Antibody",
    "off": 5769,
    "sff": "antibody"
  },
  {
    "docID": "N154 Iwatsuki 2008",
    "et": "Antibody",
    "off": 5627,
    "sff": "antibody"
  },
  {
    "docID": "N154 Iwatsuki 2008",
    "et": "Protein",
    "off": 5584,
    "sff": "protein"
  },
  {
    "docID": "N154 Iwatsuki 2008",
    "et": "Protein",
    "off": 8064,
    "sff": "protein"
  },
  {
    "docID": "N154 Iwatsuki 2008",
    "et": "GlialCell",
    "off": 11051,
    "sff": "glial"
  },
  {
    "docID": "N154 Iwatsuki 2008",
    "et": "GlialCell",
    "off": 8041,
    "sff": "glial"
  },
  {
    "docID": "N154 Iwatsuki 2008",
    "et": "GlialCell",
    "off": 10919,
    "sff": "glial"
  },
  {
    "docID": "N154 Iwatsuki 2008",
    "et": "GlialCell",
    "off": 5560,
    "sff": "glial"
  },
  {
    "docID": "N154 Iwatsuki 2008",
    "et": "GlialCell",
    "off": 11110,
    "sff": "glial"
  },
  {
    "docID": "N154 Iwatsuki 2008",
    "et": "GlialCell",
    "off": 9647,
    "sff": "glial"
  },
  {
    "docID": "N154 Iwatsuki 2008",
    "et": "PostSurgeryCondition",
    "off": 8408,
    "sff": "post"
  },
  {
    "docID": "N154 Iwatsuki 2008",
    "et": "PostSurgeryCondition",
    "off": 6218,
    "sff": "surgery"
  },
  {
    "docID": "N154 Iwatsuki 2008",
    "et": "PostSurgeryCondition",
    "off": 5099,
    "sff": "post"
  },
  {
    "docID": "N154 Iwatsuki 2008",
    "et": "RatSpecies",
    "off": 826,
    "sff": "rat"
  },
  {
    "docID": "N154 Iwatsuki 2008",
    "et": "RatSpecies",
    "off": 994,
    "sff": "rat"
  },
  {
    "docID": "N154 Iwatsuki 2008",
    "et": "RatSpecies",
    "off": 2029,
    "sff": "rat"
  },
  {
    "docID": "N154 Iwatsuki 2008",
    "et": "SodiumPentobarbital",
    "off": 3274,
    "sff": "sodium pentobarbital"
  },
  {
    "docID": "N154 Iwatsuki 2008",
    "et": "Caudal",
    "off": 9332,
    "sff": "caudal"
  },
  {
    "docID": "N154 Iwatsuki 2008",
    "et": "Caudal",
    "off": 9209,
    "sff": "caudal"
  },
  {
    "docID": "N154 Iwatsuki 2008",
    "et": "Caudal",
    "off": 8273,
    "sff": "caudal"
  },
  {
    "docID": "N154 Iwatsuki 2008",
    "et": "SchwannCell",
    "off": 10033,
    "sff": "Schwann"
  },
  {
    "docID": "N154 Iwatsuki 2008",
    "et": "SchwannCell",
    "off": 6106,
    "sff": "Schwann cell"
  },
  {
    "docID": "N154 Iwatsuki 2008",
    "et": "NewZealandRabbit",
    "off": 10211,
    "sff": "new"
  },
  {
    "docID": "N154 Iwatsuki 2008",
    "et": "BoneMarrowStemCell",
    "off": 2987,
    "sff": "bone"
  },
  {
    "docID": "N154 Iwatsuki 2008",
    "et": "BoneMarrowStemCell",
    "off": 6387,
    "sff": "bone"
  },
  {
    "docID": "N154 Iwatsuki 2008",
    "et": "Thoracic",
    "off": 2899,
    "sff": "thoracic"
  },
  {
    "docID": "N154 Iwatsuki 2008",
    "et": "Thoracic",
    "off": 4535,
    "sff": "thoracic"
  },
  {
    "docID": "N154 Iwatsuki 2008",
    "et": "StemCellSourceType",
    "off": 6114,
    "sff": "cell"
  },
  {
    "docID": "N154 Iwatsuki 2008",
    "et": "StemCellSourceType",
    "off": 11187,
    "sff": "cell"
  },
  {
    "docID": "N154 Iwatsuki 2008",
    "et": "StemCellSourceType",
    "off": 2100,
    "sff": "cell"
  },
  {
    "docID": "N154 Iwatsuki 2008",
    "et": "InVitroExperimentalProcedure",
    "off": 7115,
    "sff": "experimental"
  },
  {
    "docID": "N154 Iwatsuki 2008",
    "et": "Cell",
    "off": 6114,
    "sff": "cell"
  },
  {
    "docID": "N154 Iwatsuki 2008",
    "et": "Cell",
    "off": 11187,
    "sff": "cell"
  },
  {
    "docID": "N154 Iwatsuki 2008",
    "et": "Cell",
    "off": 2100,
    "sff": "cell"
  },
  {
    "docID": "N154 Iwatsuki 2008",
    "et": "Embryonic",
    "off": 1715,
    "sff": "embryonic"
  },
  {
    "docID": "N154 Iwatsuki 2008",
    "et": "ExperimentalProcedure",
    "off": 7115,
    "sff": "experimental"
  },
  {
    "docID": "N154 Iwatsuki 2008",
    "et": "BodyTemperatureMeasurement",
    "off": 2776,
    "sff": "temperature"
  },
  {
    "docID": "N154 Iwatsuki 2008",
    "et": "CorticospinalTract",
    "off": 8081,
    "sff": "Corticospinal tract"
  },
  {
    "docID": "N154 Iwatsuki 2008",
    "et": "CorticospinalTract",
    "off": 2508,
    "sff": "corticospinal tract"
  },
  {
    "docID": "N154 Iwatsuki 2008",
    "et": "CorticospinalTract",
    "off": 10474,
    "sff": "corticospinal"
  },
  {
    "docID": "N154 Iwatsuki 2008",
    "et": "BrainDerivedNeurotrophicFactor",
    "off": 9812,
    "sff": "brain"
  }
]
