[
  {
    "docID": "N155 Jeffery 2005",
    "et": "CompleteTransection",
    "off": 24320,
    "sff": "complete"
  },
  {
    "docID": "N155 Jeffery 2005",
    "et": "OlfactoryEnsheathingGliaCell",
    "off": 30302,
    "sff": "olfactory"
  },
  {
    "docID": "N155 Jeffery 2005",
    "et": "OlfactoryEnsheathingGliaCell",
    "off": 10811,
    "sff": "olfactory"
  },
  {
    "docID": "N155 Jeffery 2005",
    "et": "OlfactoryEnsheathingGliaCell",
    "off": 26029,
    "sff": "olfactory ensheathing"
  },
  {
    "docID": "N155 Jeffery 2005",
    "et": "OlfactoryEnsheathingGliaCell",
    "off": 25418,
    "sff": "Olfactory"
  },
  {
    "docID": "N155 Jeffery 2005",
    "et": "OlfactoryEnsheathingGliaCell",
    "off": 12921,
    "sff": "olfactory"
  },
  {
    "docID": "N155 Jeffery 2005",
    "et": "OlfactoryEnsheathingGliaCell",
    "off": 21174,
    "sff": "olfactory"
  },
  {
    "docID": "N155 Jeffery 2005",
    "et": "OlfactoryEnsheathingGliaCell",
    "off": 37747,
    "sff": "olfactory"
  },
  {
    "docID": "N155 Jeffery 2005",
    "et": "OlfactoryEnsheathingGliaCell",
    "off": 22125,
    "sff": "olfactory"
  },
  {
    "docID": "N155 Jeffery 2005",
    "et": "OlfactoryEnsheathingGliaCell",
    "off": 22349,
    "sff": "olfactory"
  },
  {
    "docID": "N155 Jeffery 2005",
    "et": "OlfactoryEnsheathingGliaCell",
    "off": 960,
    "sff": "OLFACTORY"
  },
  {
    "docID": "N155 Jeffery 2005",
    "et": "OlfactoryEnsheathingGliaCell",
    "off": 10220,
    "sff": "olfactory"
  },
  {
    "docID": "N155 Jeffery 2005",
    "et": "OlfactoryEnsheathingGliaCell",
    "off": 21029,
    "sff": "olfactory"
  },
  {
    "docID": "N155 Jeffery 2005",
    "et": "OlfactoryEnsheathingGliaCell",
    "off": 10756,
    "sff": "olfactory"
  },
  {
    "docID": "N155 Jeffery 2005",
    "et": "OlfactoryEnsheathingGliaCell",
    "off": 225,
    "sff": "olfactory"
  },
  {
    "docID": "N155 Jeffery 2005",
    "et": "OlfactoryEnsheathingGliaCell",
    "off": 641,
    "sff": "olfactory"
  },
  {
    "docID": "N155 Jeffery 2005",
    "et": "OlfactoryEnsheathingGliaCell",
    "off": 24065,
    "sff": "olfactory"
  },
  {
    "docID": "N155 Jeffery 2005",
    "et": "OlfactoryEnsheathingGliaCell",
    "off": 21218,
    "sff": "olfactory"
  },
  {
    "docID": "N155 Jeffery 2005",
    "et": "OlfactoryEnsheathingGliaCell",
    "off": 23266,
    "sff": "olfactory"
  },
  {
    "docID": "N155 Jeffery 2005",
    "et": "OlfactoryEnsheathingGliaCell",
    "off": 21,
    "sff": "Olfactory"
  },
  {
    "docID": "N155 Jeffery 2005",
    "et": "OlfactoryEnsheathingGliaCell",
    "off": 23360,
    "sff": "olfactory"
  },
  {
    "docID": "N155 Jeffery 2005",
    "et": "DorsalInjuryArea",
    "off": 29313,
    "sff": "dorsal"
  },
  {
    "docID": "N155 Jeffery 2005",
    "et": "DorsalInjuryArea",
    "off": 16509,
    "sff": "dorsal"
  },
  {
    "docID": "N155 Jeffery 2005",
    "et": "DorsalInjuryArea",
    "off": 31654,
    "sff": "dorsal"
  },
  {
    "docID": "N155 Jeffery 2005",
    "et": "DorsalInjuryArea",
    "off": 21335,
    "sff": "dorsal"
  },
  {
    "docID": "N155 Jeffery 2005",
    "et": "DorsalInjuryArea",
    "off": 22215,
    "sff": "dorsal"
  },
  {
    "docID": "N155 Jeffery 2005",
    "et": "DorsalInjuryArea",
    "off": 29655,
    "sff": "dorsal"
  },
  {
    "docID": "N155 Jeffery 2005",
    "et": "Intraspinal",
    "off": 22113,
    "sff": "intraspinal"
  },
  {
    "docID": "N155 Jeffery 2005",
    "et": "Intraspinal",
    "off": 3806,
    "sff": "intraspinal"
  },
  {
    "docID": "N155 Jeffery 2005",
    "et": "Intraspinal",
    "off": 832,
    "sff": "Intraspinal"
  },
  {
    "docID": "N155 Jeffery 2005",
    "et": "Intraspinal",
    "off": 194,
    "sff": "Intraspinal"
  },
  {
    "docID": "N155 Jeffery 2005",
    "et": "Intraspinal",
    "off": 22245,
    "sff": "intraspinal"
  },
  {
    "docID": "N155 Jeffery 2005",
    "et": "Intraspinal",
    "off": 948,
    "sff": "INTRASPINAL"
  },
  {
    "docID": "N155 Jeffery 2005",
    "et": "Intraspinal",
    "off": 35129,
    "sff": "intraspinal"
  },
  {
    "docID": "N155 Jeffery 2005",
    "et": "Intraspinal",
    "off": 2029,
    "sff": "intraspinal"
  },
  {
    "docID": "N155 Jeffery 2005",
    "et": "MouseSpecies",
    "off": 15355,
    "sff": "mouse"
  },
  {
    "docID": "N155 Jeffery 2005",
    "et": "MouseSpecies",
    "off": 15151,
    "sff": "mouse"
  },
  {
    "docID": "N155 Jeffery 2005",
    "et": "MouseSpecies",
    "off": 15454,
    "sff": "mouse"
  },
  {
    "docID": "N155 Jeffery 2005",
    "et": "MouseSpecies",
    "off": 15213,
    "sff": "mouse"
  },
  {
    "docID": "N155 Jeffery 2005",
    "et": "MouseSpecies",
    "off": 15268,
    "sff": "mouse"
  },
  {
    "docID": "N155 Jeffery 2005",
    "et": "WeightDrop",
    "off": 8299,
    "sff": "weight"
  },
  {
    "docID": "N155 Jeffery 2005",
    "et": "WeightDrop",
    "off": 28602,
    "sff": "weight"
  },
  {
    "docID": "N155 Jeffery 2005",
    "et": "WeightDrop",
    "off": 24758,
    "sff": "weight"
  },
  {
    "docID": "N155 Jeffery 2005",
    "et": "NOGOReceptorAntagonist",
    "off": 22462,
    "sff": "receptor"
  },
  {
    "docID": "N155 Jeffery 2005",
    "et": "SpinalFiberTract",
    "off": 617,
    "sff": "fiber"
  },
  {
    "docID": "N155 Jeffery 2005",
    "et": "SpinalFiberTract",
    "off": 12937,
    "sff": "fiber"
  },
  {
    "docID": "N155 Jeffery 2005",
    "et": "SpinalFiberTract",
    "off": 30281,
    "sff": "fiber"
  },
  {
    "docID": "N155 Jeffery 2005",
    "et": "SpinalFiberTract",
    "off": 10867,
    "sff": "fiber"
  },
  {
    "docID": "N155 Jeffery 2005",
    "et": "DorsalHemisection",
    "off": 21335,
    "sff": "dorsal"
  },
  {
    "docID": "N155 Jeffery 2005",
    "et": "DorsalHemisection",
    "off": 22215,
    "sff": "dorsal"
  },
  {
    "docID": "N155 Jeffery 2005",
    "et": "DorsalHemisection",
    "off": 29655,
    "sff": "dorsal"
  },
  {
    "docID": "N155 Jeffery 2005",
    "et": "DorsalHemisection",
    "off": 31654,
    "sff": "dorsal"
  },
  {
    "docID": "N155 Jeffery 2005",
    "et": "DorsalHemisection",
    "off": 29313,
    "sff": "dorsal"
  },
  {
    "docID": "N155 Jeffery 2005",
    "et": "DorsalHemisection",
    "off": 16509,
    "sff": "dorsal"
  },
  {
    "docID": "N155 Jeffery 2005",
    "et": "Rostral",
    "off": 20966,
    "sff": "rostral"
  },
  {
    "docID": "N155 Jeffery 2005",
    "et": "Rostral",
    "off": 10177,
    "sff": "rostral"
  },
  {
    "docID": "N155 Jeffery 2005",
    "et": "Rostral",
    "off": 3426,
    "sff": "rostral"
  },
  {
    "docID": "N155 Jeffery 2005",
    "et": "DorsalColumn",
    "off": 31654,
    "sff": "dorsal"
  },
  {
    "docID": "N155 Jeffery 2005",
    "et": "DorsalColumn",
    "off": 29655,
    "sff": "dorsal"
  },
  {
    "docID": "N155 Jeffery 2005",
    "et": "DorsalColumn",
    "off": 21335,
    "sff": "dorsal"
  },
  {
    "docID": "N155 Jeffery 2005",
    "et": "DorsalColumn",
    "off": 22215,
    "sff": "dorsal"
  },
  {
    "docID": "N155 Jeffery 2005",
    "et": "DorsalColumn",
    "off": 29313,
    "sff": "dorsal"
  },
  {
    "docID": "N155 Jeffery 2005",
    "et": "DorsalColumn",
    "off": 16509,
    "sff": "dorsal"
  },
  {
    "docID": "N155 Jeffery 2005",
    "et": "Autologous",
    "off": 3983,
    "sff": "autologous"
  },
  {
    "docID": "N155 Jeffery 2005",
    "et": "Autologous",
    "off": 10,
    "sff": "Autologous"
  },
  {
    "docID": "N155 Jeffery 2005",
    "et": "Autologous",
    "off": 6334,
    "sff": "autologous"
  },
  {
    "docID": "N155 Jeffery 2005",
    "et": "Autologous",
    "off": 26834,
    "sff": "autologous"
  },
  {
    "docID": "N155 Jeffery 2005",
    "et": "Autologous",
    "off": 30098,
    "sff": "autologous"
  },
  {
    "docID": "N155 Jeffery 2005",
    "et": "Autologous",
    "off": 29795,
    "sff": "Autologous"
  },
  {
    "docID": "N155 Jeffery 2005",
    "et": "Autologous",
    "off": 31192,
    "sff": "autologous"
  },
  {
    "docID": "N155 Jeffery 2005",
    "et": "Autologous",
    "off": 37703,
    "sff": "autologous"
  },
  {
    "docID": "N155 Jeffery 2005",
    "et": "Autologous",
    "off": 570,
    "sff": "autologous"
  },
  {
    "docID": "N155 Jeffery 2005",
    "et": "Autologous",
    "off": 5850,
    "sff": "autologous"
  },
  {
    "docID": "N155 Jeffery 2005",
    "et": "Autologous",
    "off": 37901,
    "sff": "autologous"
  },
  {
    "docID": "N155 Jeffery 2005",
    "et": "Autologous",
    "off": 5885,
    "sff": "autologous"
  },
  {
    "docID": "N155 Jeffery 2005",
    "et": "Left",
    "off": 17938,
    "sff": "left"
  },
  {
    "docID": "N155 Jeffery 2005",
    "et": "Left",
    "off": 9927,
    "sff": "left"
  },
  {
    "docID": "N155 Jeffery 2005",
    "et": "LaminectomyType",
    "off": 8676,
    "sff": "laminectomy"
  },
  {
    "docID": "N155 Jeffery 2005",
    "et": "LaminectomyType",
    "off": 16516,
    "sff": "laminectomy"
  },
  {
    "docID": "N155 Jeffery 2005",
    "et": "LaminectomyType",
    "off": 21342,
    "sff": "laminectomy"
  },
  {
    "docID": "N155 Jeffery 2005",
    "et": "LaminectomyType",
    "off": 24685,
    "sff": "laminectomy"
  },
  {
    "docID": "N155 Jeffery 2005",
    "et": "Tissue",
    "off": 11973,
    "sff": "tissue"
  },
  {
    "docID": "N155 Jeffery 2005",
    "et": "Tissue",
    "off": 11156,
    "sff": "tissue"
  },
  {
    "docID": "N155 Jeffery 2005",
    "et": "Tissue",
    "off": 10323,
    "sff": "tissue"
  },
  {
    "docID": "N155 Jeffery 2005",
    "et": "Tissue",
    "off": 17042,
    "sff": "tissue"
  },
  {
    "docID": "N155 Jeffery 2005",
    "et": "Tissue",
    "off": 10924,
    "sff": "tissue"
  },
  {
    "docID": "N155 Jeffery 2005",
    "et": "Tissue",
    "off": 11318,
    "sff": "tissue"
  },
  {
    "docID": "N155 Jeffery 2005",
    "et": "InjectionDelivery",
    "off": 31524,
    "sff": "injection"
  },
  {
    "docID": "N155 Jeffery 2005",
    "et": "InjectionDelivery",
    "off": 17875,
    "sff": "injection"
  },
  {
    "docID": "N155 Jeffery 2005",
    "et": "InjectionDelivery",
    "off": 18151,
    "sff": "injection"
  },
  {
    "docID": "N155 Jeffery 2005",
    "et": "InjectionDelivery",
    "off": 18572,
    "sff": "injection"
  },
  {
    "docID": "N155 Jeffery 2005",
    "et": "InjectionDelivery",
    "off": 17739,
    "sff": "injection"
  },
  {
    "docID": "N155 Jeffery 2005",
    "et": "InjectionDelivery",
    "off": 31674,
    "sff": "injection"
  },
  {
    "docID": "N155 Jeffery 2005",
    "et": "InjectionDelivery",
    "off": 22257,
    "sff": "injection"
  },
  {
    "docID": "N155 Jeffery 2005",
    "et": "SpinalLesionSite",
    "off": 1170,
    "sff": "lesion site"
  },
  {
    "docID": "N155 Jeffery 2005",
    "et": "SpinalLesionSite",
    "off": 20159,
    "sff": "lesion"
  },
  {
    "docID": "N155 Jeffery 2005",
    "et": "T1",
    "off": 19939,
    "sff": "T1"
  },
  {
    "docID": "N155 Jeffery 2005",
    "et": "AnimalCareCondition",
    "off": 4643,
    "sff": "care"
  },
  {
    "docID": "N155 Jeffery 2005",
    "et": "LateralHemisection",
    "off": 18406,
    "sff": "lateral"
  },
  {
    "docID": "N155 Jeffery 2005",
    "et": "LateralHemisection",
    "off": 10111,
    "sff": "Lateral"
  },
  {
    "docID": "N155 Jeffery 2005",
    "et": "Contusion",
    "off": 3153,
    "sff": "contusion"
  },
  {
    "docID": "N155 Jeffery 2005",
    "et": "Dosage",
    "off": 769,
    "sff": "20%"
  },
  {
    "docID": "N155 Jeffery 2005",
    "et": "Dosage",
    "off": 11677,
    "sff": "0.25 mg/mL"
  },
  {
    "docID": "N155 Jeffery 2005",
    "et": "Dosage",
    "off": 11385,
    "sff": "6.66 mg/mL"
  },
  {
    "docID": "N155 Jeffery 2005",
    "et": "Dosage",
    "off": 11747,
    "sff": "0.04 mg/mL"
  },
  {
    "docID": "N155 Jeffery 2005",
    "et": "Dosage",
    "off": 11633,
    "sff": "1 mL"
  },
  {
    "docID": "N155 Jeffery 2005",
    "et": "Dosage",
    "off": 12268,
    "sff": "25-cm3"
  },
  {
    "docID": "N155 Jeffery 2005",
    "et": "Dosage",
    "off": 750,
    "sff": "72%"
  },
  {
    "docID": "N155 Jeffery 2005",
    "et": "Dosage",
    "off": 11242,
    "sff": "0.5-mm"
  },
  {
    "docID": "N155 Jeffery 2005",
    "et": "Dosage",
    "off": 12001,
    "sff": "5-mL"
  },
  {
    "docID": "N155 Jeffery 2005",
    "et": "Dosage",
    "off": 12091,
    "sff": "2-mL"
  },
  {
    "docID": "N155 Jeffery 2005",
    "et": "Dosage",
    "off": 14414,
    "sff": "5%"
  },
  {
    "docID": "N155 Jeffery 2005",
    "et": "Dosage",
    "off": 10676,
    "sff": "2 mg/kg"
  },
  {
    "docID": "N155 Jeffery 2005",
    "et": "Dosage",
    "off": 11506,
    "sff": "2.5 mg/mL"
  },
  {
    "docID": "N155 Jeffery 2005",
    "et": "Dosage",
    "off": 12198,
    "sff": "1%"
  },
  {
    "docID": "N155 Jeffery 2005",
    "et": "Dosage",
    "off": 17246,
    "sff": "100 ¬¨¬µL"
  },
  {
    "docID": "N155 Jeffery 2005",
    "et": "Dosage",
    "off": 11405,
    "sff": "155 U/mg"
  },
  {
    "docID": "N155 Jeffery 2005",
    "et": "Dosage",
    "off": 11487,
    "sff": "0.5 mL"
  },
  {
    "docID": "N155 Jeffery 2005",
    "et": "Dosage",
    "off": 18164,
    "sff": "10 ¬¨¬µL"
  },
  {
    "docID": "N155 Jeffery 2005",
    "et": "Dosage",
    "off": 10517,
    "sff": "0.3 mg/kg"
  },
  {
    "docID": "N155 Jeffery 2005",
    "et": "Dosage",
    "off": 11356,
    "sff": "0.5-mL"
  },
  {
    "docID": "N155 Jeffery 2005",
    "et": "Dosage",
    "off": 12311,
    "sff": "10%"
  },
  {
    "docID": "N155 Jeffery 2005",
    "et": "Dosage",
    "off": 11814,
    "sff": "3 mg/mL"
  },
  {
    "docID": "N155 Jeffery 2005",
    "et": "Dosage",
    "off": 16993,
    "sff": "100 ¬¨¬µL"
  },
  {
    "docID": "N155 Jeffery 2005",
    "et": "Right",
    "off": 21963,
    "sff": "right"
  },
  {
    "docID": "N155 Jeffery 2005",
    "et": "Right",
    "off": 9720,
    "sff": "right"
  },
  {
    "docID": "N155 Jeffery 2005",
    "et": "Right",
    "off": 23955,
    "sff": "right"
  },
  {
    "docID": "N155 Jeffery 2005",
    "et": "Right",
    "off": 10240,
    "sff": "right"
  },
  {
    "docID": "N155 Jeffery 2005",
    "et": "IntramuscularLocation",
    "off": 18558,
    "sff": "intramuscular"
  },
  {
    "docID": "N155 Jeffery 2005",
    "et": "BladderExpression",
    "off": 28908,
    "sff": "Bladder"
  },
  {
    "docID": "N155 Jeffery 2005",
    "et": "PBS",
    "off": 13780,
    "sff": "PBS"
  },
  {
    "docID": "N155 Jeffery 2005",
    "et": "Proliferation",
    "off": 12475,
    "sff": "proliferation"
  },
  {
    "docID": "N155 Jeffery 2005",
    "et": "Proliferation",
    "off": 30154,
    "sff": "proliferation"
  },
  {
    "docID": "N155 Jeffery 2005",
    "et": "Proliferation",
    "off": 13230,
    "sff": "proliferation"
  },
  {
    "docID": "N155 Jeffery 2005",
    "et": "Duration",
    "off": 27520,
    "sff": "12-month"
  },
  {
    "docID": "N155 Jeffery 2005",
    "et": "Duration",
    "off": 26738,
    "sff": "3-week"
  },
  {
    "docID": "N155 Jeffery 2005",
    "et": "Duration",
    "off": 10711,
    "sff": "5 days"
  },
  {
    "docID": "N155 Jeffery 2005",
    "et": "Duration",
    "off": 24870,
    "sff": "2 years"
  },
  {
    "docID": "N155 Jeffery 2005",
    "et": "Duration",
    "off": 30649,
    "sff": "3-week"
  },
  {
    "docID": "N155 Jeffery 2005",
    "et": "Duration",
    "off": 23859,
    "sff": "2‚àí3 days"
  },
  {
    "docID": "N155 Jeffery 2005",
    "et": "Duration",
    "off": 8896,
    "sff": "5 days to 2 years"
  },
  {
    "docID": "N155 Jeffery 2005",
    "et": "Duration",
    "off": 20707,
    "sff": "10 months"
  },
  {
    "docID": "N155 Jeffery 2005",
    "et": "Duration",
    "off": 12580,
    "sff": "10 days"
  },
  {
    "docID": "N155 Jeffery 2005",
    "et": "Duration",
    "off": 18656,
    "sff": "5 days"
  },
  {
    "docID": "N155 Jeffery 2005",
    "et": "Duration",
    "off": 12160,
    "sff": "5 min"
  },
  {
    "docID": "N155 Jeffery 2005",
    "et": "Duration",
    "off": 14068,
    "sff": "45 min"
  },
  {
    "docID": "N155 Jeffery 2005",
    "et": "Duration",
    "off": 31878,
    "sff": "2-month"
  },
  {
    "docID": "N155 Jeffery 2005",
    "et": "Duration",
    "off": 11564,
    "sff": "15 min"
  },
  {
    "docID": "N155 Jeffery 2005",
    "et": "Duration",
    "off": 5329,
    "sff": "6 weeks"
  },
  {
    "docID": "N155 Jeffery 2005",
    "et": "Duration",
    "off": 17966,
    "sff": "2 min"
  },
  {
    "docID": "N155 Jeffery 2005",
    "et": "Duration",
    "off": 22098,
    "sff": "2 months"
  },
  {
    "docID": "N155 Jeffery 2005",
    "et": "Duration",
    "off": 721,
    "sff": "3 weeks"
  },
  {
    "docID": "N155 Jeffery 2005",
    "et": "Duration",
    "off": 11444,
    "sff": "15 min"
  },
  {
    "docID": "N155 Jeffery 2005",
    "et": "Duration",
    "off": 24998,
    "sff": "3 months"
  },
  {
    "docID": "N155 Jeffery 2005",
    "et": "Duration",
    "off": 27968,
    "sff": "2 months"
  },
  {
    "docID": "N155 Jeffery 2005",
    "et": "Duration",
    "off": 13879,
    "sff": "45 min"
  },
  {
    "docID": "N155 Jeffery 2005",
    "et": "Duration",
    "off": 33464,
    "sff": "10 months"
  },
  {
    "docID": "N155 Jeffery 2005",
    "et": "Duration",
    "off": 8932,
    "sff": "25 weeks"
  },
  {
    "docID": "N155 Jeffery 2005",
    "et": "Duration",
    "off": 23438,
    "sff": "3-week"
  },
  {
    "docID": "N155 Jeffery 2005",
    "et": "Duration",
    "off": 14422,
    "sff": "0.01 M"
  },
  {
    "docID": "N155 Jeffery 2005",
    "et": "Duration",
    "off": 10588,
    "sff": "48 h"
  },
  {
    "docID": "N155 Jeffery 2005",
    "et": "Duration",
    "off": 18586,
    "sff": "48 h"
  },
  {
    "docID": "N155 Jeffery 2005",
    "et": "Duration",
    "off": 24512,
    "sff": "10 days"
  },
  {
    "docID": "N155 Jeffery 2005",
    "et": "Duration",
    "off": 10093,
    "sff": "3M"
  },
  {
    "docID": "N155 Jeffery 2005",
    "et": "LesionAdjacentTissue",
    "off": 7155,
    "sff": "adjacent"
  },
  {
    "docID": "N155 Jeffery 2005",
    "et": "LesionAdjacentTissue",
    "off": 1170,
    "sff": "lesion"
  },
  {
    "docID": "N155 Jeffery 2005",
    "et": "LesionAdjacentTissue",
    "off": 20159,
    "sff": "lesion"
  },
  {
    "docID": "N155 Jeffery 2005",
    "et": "SevereInjury",
    "off": 414,
    "sff": "severe"
  },
  {
    "docID": "N155 Jeffery 2005",
    "et": "SevereInjury",
    "off": 4990,
    "sff": "severe"
  },
  {
    "docID": "N155 Jeffery 2005",
    "et": "SevereInjury",
    "off": 5699,
    "sff": "severe"
  },
  {
    "docID": "N155 Jeffery 2005",
    "et": "SevereInjury",
    "off": 1474,
    "sff": "severe"
  },
  {
    "docID": "N155 Jeffery 2005",
    "et": "SevereInjury",
    "off": 19717,
    "sff": "severe"
  },
  {
    "docID": "N155 Jeffery 2005",
    "et": "SevereInjury",
    "off": 492,
    "sff": "severe"
  },
  {
    "docID": "N155 Jeffery 2005",
    "et": "SevereInjury",
    "off": 27627,
    "sff": "severe"
  },
  {
    "docID": "N155 Jeffery 2005",
    "et": "SevereInjury",
    "off": 3594,
    "sff": "severe"
  },
  {
    "docID": "N155 Jeffery 2005",
    "et": "SevereInjury",
    "off": 4688,
    "sff": "severe"
  },
  {
    "docID": "N155 Jeffery 2005",
    "et": "SevereInjury",
    "off": 33971,
    "sff": "severe"
  },
  {
    "docID": "N155 Jeffery 2005",
    "et": "SevereInjury",
    "off": 35922,
    "sff": "severe"
  },
  {
    "docID": "N155 Jeffery 2005",
    "et": "SevereInjury",
    "off": 4309,
    "sff": "severe"
  },
  {
    "docID": "N155 Jeffery 2005",
    "et": "SevereInjury",
    "off": 9013,
    "sff": "severe"
  },
  {
    "docID": "N155 Jeffery 2005",
    "et": "DogSpecies",
    "off": 25185,
    "sff": "dog"
  },
  {
    "docID": "N155 Jeffery 2005",
    "et": "DogSpecies",
    "off": 27297,
    "sff": "dog"
  },
  {
    "docID": "N155 Jeffery 2005",
    "et": "DogSpecies",
    "off": 29566,
    "sff": "dog"
  },
  {
    "docID": "N155 Jeffery 2005",
    "et": "DogSpecies",
    "off": 19367,
    "sff": "dog"
  },
  {
    "docID": "N155 Jeffery 2005",
    "et": "DogSpecies",
    "off": 23975,
    "sff": "dog"
  },
  {
    "docID": "N155 Jeffery 2005",
    "et": "DogSpecies",
    "off": 6889,
    "sff": "dog"
  },
  {
    "docID": "N155 Jeffery 2005",
    "et": "DogSpecies",
    "off": 27590,
    "sff": "dog"
  },
  {
    "docID": "N155 Jeffery 2005",
    "et": "DogSpecies",
    "off": 2696,
    "sff": "dog"
  },
  {
    "docID": "N155 Jeffery 2005",
    "et": "DogSpecies",
    "off": 31719,
    "sff": "dog"
  },
  {
    "docID": "N155 Jeffery 2005",
    "et": "DogSpecies",
    "off": 8355,
    "sff": "dog"
  },
  {
    "docID": "N155 Jeffery 2005",
    "et": "DogSpecies",
    "off": 28549,
    "sff": "dog"
  },
  {
    "docID": "N155 Jeffery 2005",
    "et": "DogSpecies",
    "off": 27106,
    "sff": "dog"
  },
  {
    "docID": "N155 Jeffery 2005",
    "et": "DogSpecies",
    "off": 18532,
    "sff": "dog"
  },
  {
    "docID": "N155 Jeffery 2005",
    "et": "DogSpecies",
    "off": 25414,
    "sff": "Dog"
  },
  {
    "docID": "N155 Jeffery 2005",
    "et": "DogSpecies",
    "off": 8207,
    "sff": "dog"
  },
  {
    "docID": "N155 Jeffery 2005",
    "et": "DogSpecies",
    "off": 21742,
    "sff": "dog"
  },
  {
    "docID": "N155 Jeffery 2005",
    "et": "DogSpecies",
    "off": 22094,
    "sff": "dog"
  },
  {
    "docID": "N155 Jeffery 2005",
    "et": "DogSpecies",
    "off": 10570,
    "sff": "dog"
  },
  {
    "docID": "N155 Jeffery 2005",
    "et": "DogSpecies",
    "off": 37197,
    "sff": "dog"
  },
  {
    "docID": "N155 Jeffery 2005",
    "et": "DogSpecies",
    "off": 29674,
    "sff": "dog"
  },
  {
    "docID": "N155 Jeffery 2005",
    "et": "DogSpecies",
    "off": 9452,
    "sff": "dog"
  },
  {
    "docID": "N155 Jeffery 2005",
    "et": "DogSpecies",
    "off": 9234,
    "sff": "dog"
  },
  {
    "docID": "N155 Jeffery 2005",
    "et": "DogSpecies",
    "off": 29365,
    "sff": "dog"
  },
  {
    "docID": "N155 Jeffery 2005",
    "et": "DogSpecies",
    "off": 21813,
    "sff": "dog"
  },
  {
    "docID": "N155 Jeffery 2005",
    "et": "TemporalInterval",
    "off": 10418,
    "sff": "temporal"
  },
  {
    "docID": "N155 Jeffery 2005",
    "et": "Location",
    "off": 6109,
    "sff": "location"
  },
  {
    "docID": "N155 Jeffery 2005",
    "et": "InjuryArea",
    "off": 9432,
    "sff": "area"
  },
  {
    "docID": "N155 Jeffery 2005",
    "et": "InjuryArea",
    "off": 16400,
    "sff": "area"
  },
  {
    "docID": "N155 Jeffery 2005",
    "et": "MildInjury",
    "off": 24241,
    "sff": "mild"
  },
  {
    "docID": "N155 Jeffery 2005",
    "et": "MedicationDuringSurgery",
    "off": 24941,
    "sff": "during"
  },
  {
    "docID": "N155 Jeffery 2005",
    "et": "MedicationDuringSurgery",
    "off": 27501,
    "sff": "during"
  },
  {
    "docID": "N155 Jeffery 2005",
    "et": "MedicationDuringSurgery",
    "off": 23842,
    "sff": "During"
  },
  {
    "docID": "N155 Jeffery 2005",
    "et": "MedicationDuringSurgery",
    "off": 31857,
    "sff": "during"
  },
  {
    "docID": "N155 Jeffery 2005",
    "et": "MedicationDuringSurgery",
    "off": 30638,
    "sff": "during"
  },
  {
    "docID": "N155 Jeffery 2005",
    "et": "MedicationDuringSurgery",
    "off": 37838,
    "sff": "during"
  },
  {
    "docID": "N155 Jeffery 2005",
    "et": "MedicationDuringSurgery",
    "off": 28148,
    "sff": "during"
  },
  {
    "docID": "N155 Jeffery 2005",
    "et": "MedicationDuringSurgery",
    "off": 19155,
    "sff": "during"
  },
  {
    "docID": "N155 Jeffery 2005",
    "et": "MedicationDuringSurgery",
    "off": 20761,
    "sff": "during"
  },
  {
    "docID": "N155 Jeffery 2005",
    "et": "MedicationDuringSurgery",
    "off": 23353,
    "sff": "during"
  },
  {
    "docID": "N155 Jeffery 2005",
    "et": "MedicationDuringSurgery",
    "off": 26359,
    "sff": "during"
  },
  {
    "docID": "N155 Jeffery 2005",
    "et": "MedicationDuringSurgery",
    "off": 6839,
    "sff": "During"
  },
  {
    "docID": "N155 Jeffery 2005",
    "et": "MedicationDuringSurgery",
    "off": 24826,
    "sff": "during"
  },
  {
    "docID": "N155 Jeffery 2005",
    "et": "MedicationDuringSurgery",
    "off": 27192,
    "sff": "During"
  },
  {
    "docID": "N155 Jeffery 2005",
    "et": "MedicationDuringSurgery",
    "off": 21979,
    "sff": "during"
  },
  {
    "docID": "N155 Jeffery 2005",
    "et": "MedicationDuringSurgery",
    "off": 32320,
    "sff": "during"
  },
  {
    "docID": "N155 Jeffery 2005",
    "et": "MedicationDuringSurgery",
    "off": 14595,
    "sff": "during"
  },
  {
    "docID": "N155 Jeffery 2005",
    "et": "Brain",
    "off": 37825,
    "sff": "brain"
  },
  {
    "docID": "N155 Jeffery 2005",
    "et": "Laminectomy",
    "off": 21342,
    "sff": "laminectomy"
  },
  {
    "docID": "N155 Jeffery 2005",
    "et": "Laminectomy",
    "off": 8676,
    "sff": "laminectomy"
  },
  {
    "docID": "N155 Jeffery 2005",
    "et": "Laminectomy",
    "off": 16516,
    "sff": "laminectomy"
  },
  {
    "docID": "N155 Jeffery 2005",
    "et": "Laminectomy",
    "off": 24685,
    "sff": "laminectomy"
  },
  {
    "docID": "N155 Jeffery 2005",
    "et": "AscendingFiberTract",
    "off": 12937,
    "sff": "fiber"
  },
  {
    "docID": "N155 Jeffery 2005",
    "et": "AscendingFiberTract",
    "off": 30281,
    "sff": "fiber"
  },
  {
    "docID": "N155 Jeffery 2005",
    "et": "AscendingFiberTract",
    "off": 617,
    "sff": "fiber"
  },
  {
    "docID": "N155 Jeffery 2005",
    "et": "AscendingFiberTract",
    "off": 10867,
    "sff": "fiber"
  },
  {
    "docID": "N155 Jeffery 2005",
    "et": "SpinalWhiteMatter",
    "off": 4281,
    "sff": "white matter"
  },
  {
    "docID": "N155 Jeffery 2005",
    "et": "SpinalWhiteMatter",
    "off": 3204,
    "sff": "White matter"
  },
  {
    "docID": "N155 Jeffery 2005",
    "et": "Antibody",
    "off": 22532,
    "sff": "antibody"
  },
  {
    "docID": "N155 Jeffery 2005",
    "et": "Antibody",
    "off": 15714,
    "sff": "antibody"
  },
  {
    "docID": "N155 Jeffery 2005",
    "et": "Antibody",
    "off": 15826,
    "sff": "antibody"
  },
  {
    "docID": "N155 Jeffery 2005",
    "et": "Purification",
    "off": 11105,
    "sff": "purification"
  },
  {
    "docID": "N155 Jeffery 2005",
    "et": "UmbilicalCordBloodStemCell",
    "off": 10935,
    "sff": "blood"
  },
  {
    "docID": "N155 Jeffery 2005",
    "et": "UmbilicalCordBloodStemCell",
    "off": 6990,
    "sff": "blood"
  },
  {
    "docID": "N155 Jeffery 2005",
    "et": "UmbilicalCordBloodStemCell",
    "off": 7006,
    "sff": "blood"
  },
  {
    "docID": "N155 Jeffery 2005",
    "et": "ContusionType",
    "off": 3153,
    "sff": "contusion"
  },
  {
    "docID": "N155 Jeffery 2005",
    "et": "Protein",
    "off": 22968,
    "sff": "protein"
  },
  {
    "docID": "N155 Jeffery 2005",
    "et": "TailVeinLocation",
    "off": 33299,
    "sff": "tail"
  },
  {
    "docID": "N155 Jeffery 2005",
    "et": "TailVeinLocation",
    "off": 5313,
    "sff": "tail"
  },
  {
    "docID": "N155 Jeffery 2005",
    "et": "TailVeinLocation",
    "off": 29397,
    "sff": "tail"
  },
  {
    "docID": "N155 Jeffery 2005",
    "et": "TailVeinLocation",
    "off": 35953,
    "sff": "tail"
  },
  {
    "docID": "N155 Jeffery 2005",
    "et": "TailVeinLocation",
    "off": 7859,
    "sff": "tail"
  },
  {
    "docID": "N155 Jeffery 2005",
    "et": "TailVeinLocation",
    "off": 34043,
    "sff": "tail"
  },
  {
    "docID": "N155 Jeffery 2005",
    "et": "TailVeinLocation",
    "off": 29514,
    "sff": "tail"
  },
  {
    "docID": "N155 Jeffery 2005",
    "et": "GlialCell",
    "off": 12492,
    "sff": "glial"
  },
  {
    "docID": "N155 Jeffery 2005",
    "et": "GlialCell",
    "off": 10766,
    "sff": "glial"
  },
  {
    "docID": "N155 Jeffery 2005",
    "et": "GlialCell",
    "off": 970,
    "sff": "GLIAL CELL"
  },
  {
    "docID": "N155 Jeffery 2005",
    "et": "GlialCell",
    "off": 31,
    "sff": "Glial Cell"
  },
  {
    "docID": "N155 Jeffery 2005",
    "et": "GlialCell",
    "off": 235,
    "sff": "glial"
  },
  {
    "docID": "N155 Jeffery 2005",
    "et": "GlialCell",
    "off": 22359,
    "sff": "glial"
  },
  {
    "docID": "N155 Jeffery 2005",
    "et": "GlialCell",
    "off": 2625,
    "sff": "glial"
  },
  {
    "docID": "N155 Jeffery 2005",
    "et": "GlialCell",
    "off": 31441,
    "sff": "glial"
  },
  {
    "docID": "N155 Jeffery 2005",
    "et": "GlialCell",
    "off": 22944,
    "sff": "glial"
  },
  {
    "docID": "N155 Jeffery 2005",
    "et": "GlialCell",
    "off": 22135,
    "sff": "glial cell"
  },
  {
    "docID": "N155 Jeffery 2005",
    "et": "PostSurgeryCondition",
    "off": 22009,
    "sff": "surgery"
  },
  {
    "docID": "N155 Jeffery 2005",
    "et": "PostSurgeryCondition",
    "off": 24394,
    "sff": "surgery"
  },
  {
    "docID": "N155 Jeffery 2005",
    "et": "PostSurgeryCondition",
    "off": 20791,
    "sff": "surgery"
  },
  {
    "docID": "N155 Jeffery 2005",
    "et": "PostSurgeryCondition",
    "off": 10603,
    "sff": "surgery"
  },
  {
    "docID": "N155 Jeffery 2005",
    "et": "PostSurgeryCondition",
    "off": 8609,
    "sff": "surgery"
  },
  {
    "docID": "N155 Jeffery 2005",
    "et": "PostSurgeryCondition",
    "off": 24017,
    "sff": "surgery"
  },
  {
    "docID": "N155 Jeffery 2005",
    "et": "PostSurgeryCondition",
    "off": 28274,
    "sff": "surgery"
  },
  {
    "docID": "N155 Jeffery 2005",
    "et": "PostSurgeryCondition",
    "off": 28736,
    "sff": "surgery"
  },
  {
    "docID": "N155 Jeffery 2005",
    "et": "PostSurgeryCondition",
    "off": 16108,
    "sff": "post"
  },
  {
    "docID": "N155 Jeffery 2005",
    "et": "PostSurgeryCondition",
    "off": 23891,
    "sff": "surgery"
  },
  {
    "docID": "N155 Jeffery 2005",
    "et": "PostSurgeryCondition",
    "off": 29763,
    "sff": "surgery"
  },
  {
    "docID": "N155 Jeffery 2005",
    "et": "RatSpecies",
    "off": 17451,
    "sff": "rat"
  },
  {
    "docID": "N155 Jeffery 2005",
    "et": "VertebralArea",
    "off": 8435,
    "sff": "vertebral"
  },
  {
    "docID": "N155 Jeffery 2005",
    "et": "VertebralArea",
    "off": 19907,
    "sff": "vertebral"
  },
  {
    "docID": "N155 Jeffery 2005",
    "et": "VertebralArea",
    "off": 21879,
    "sff": "vertebral"
  },
  {
    "docID": "N155 Jeffery 2005",
    "et": "VertebralArea",
    "off": 9186,
    "sff": "vertebral"
  },
  {
    "docID": "N155 Jeffery 2005",
    "et": "Caudal",
    "off": 27824,
    "sff": "caudal"
  },
  {
    "docID": "N155 Jeffery 2005",
    "et": "Caudal",
    "off": 20956,
    "sff": "caudal"
  },
  {
    "docID": "N155 Jeffery 2005",
    "et": "VertebralSegment",
    "off": 9186,
    "sff": "vertebral"
  },
  {
    "docID": "N155 Jeffery 2005",
    "et": "VertebralSegment",
    "off": 8435,
    "sff": "vertebral"
  },
  {
    "docID": "N155 Jeffery 2005",
    "et": "VertebralSegment",
    "off": 19907,
    "sff": "vertebral"
  },
  {
    "docID": "N155 Jeffery 2005",
    "et": "VertebralSegment",
    "off": 21879,
    "sff": "vertebral"
  },
  {
    "docID": "N155 Jeffery 2005",
    "et": "NewZealandRabbit",
    "off": 6105,
    "sff": "new"
  },
  {
    "docID": "N155 Jeffery 2005",
    "et": "Albumin",
    "off": 11805,
    "sff": "albumin"
  },
  {
    "docID": "N155 Jeffery 2005",
    "et": "BoneMarrowStemCell",
    "off": 20883,
    "sff": "bone"
  },
  {
    "docID": "N155 Jeffery 2005",
    "et": "BoneMarrowStemCell",
    "off": 10450,
    "sff": "bone"
  },
  {
    "docID": "N155 Jeffery 2005",
    "et": "BoneMarrowStemCell",
    "off": 9823,
    "sff": "bone"
  },
  {
    "docID": "N155 Jeffery 2005",
    "et": "BoneMarrowStemCell",
    "off": 9999,
    "sff": "bone"
  },
  {
    "docID": "N155 Jeffery 2005",
    "et": "BoneMarrowStemCell",
    "off": 24303,
    "sff": "bone"
  },
  {
    "docID": "N155 Jeffery 2005",
    "et": "BoneMarrowStemCell",
    "off": 10350,
    "sff": "bone"
  },
  {
    "docID": "N155 Jeffery 2005",
    "et": "BoneMarrowStemCell",
    "off": 21143,
    "sff": "bone"
  },
  {
    "docID": "N155 Jeffery 2005",
    "et": "BoneMarrowStemCell",
    "off": 9862,
    "sff": "bone"
  },
  {
    "docID": "N155 Jeffery 2005",
    "et": "SigmaAldrich",
    "off": 11415,
    "sff": "Sigma"
  },
  {
    "docID": "N155 Jeffery 2005",
    "et": "SigmaAldrich",
    "off": 11702,
    "sff": "Sigma"
  },
  {
    "docID": "N155 Jeffery 2005",
    "et": "SigmaAldrich",
    "off": 11777,
    "sff": "Sigma"
  },
  {
    "docID": "N155 Jeffery 2005",
    "et": "SigmaAldrich",
    "off": 11823,
    "sff": "Sigma"
  },
  {
    "docID": "N155 Jeffery 2005",
    "et": "SigmaAldrich",
    "off": 11530,
    "sff": "Sigma"
  },
  {
    "docID": "N155 Jeffery 2005",
    "et": "SigmaAldrich",
    "off": 12378,
    "sff": "Sigma"
  },
  {
    "docID": "N155 Jeffery 2005",
    "et": "T12",
    "off": 19853,
    "sff": "T12"
  },
  {
    "docID": "N155 Jeffery 2005",
    "et": "Thoracic",
    "off": 28618,
    "sff": "thoracic"
  },
  {
    "docID": "N155 Jeffery 2005",
    "et": "Thoracic",
    "off": 4383,
    "sff": "thoracic"
  },
  {
    "docID": "N155 Jeffery 2005",
    "et": "Thoracic",
    "off": 4495,
    "sff": "thoracic"
  },
  {
    "docID": "N155 Jeffery 2005",
    "et": "Thoracic",
    "off": 27838,
    "sff": "thoracic"
  },
  {
    "docID": "N155 Jeffery 2005",
    "et": "Lumbar",
    "off": 3441,
    "sff": "lumbar"
  },
  {
    "docID": "N155 Jeffery 2005",
    "et": "Lumbar",
    "off": 27662,
    "sff": "lumbar"
  },
  {
    "docID": "N155 Jeffery 2005",
    "et": "Lumbar",
    "off": 27714,
    "sff": "lumbar"
  },
  {
    "docID": "N155 Jeffery 2005",
    "et": "VertebralLocation",
    "off": 9186,
    "sff": "vertebral"
  },
  {
    "docID": "N155 Jeffery 2005",
    "et": "VertebralLocation",
    "off": 8435,
    "sff": "vertebral"
  },
  {
    "docID": "N155 Jeffery 2005",
    "et": "VertebralLocation",
    "off": 19907,
    "sff": "vertebral"
  },
  {
    "docID": "N155 Jeffery 2005",
    "et": "VertebralLocation",
    "off": 21879,
    "sff": "vertebral"
  },
  {
    "docID": "N155 Jeffery 2005",
    "et": "StemCellSourceType",
    "off": 21505,
    "sff": "Cell"
  },
  {
    "docID": "N155 Jeffery 2005",
    "et": "StemCellSourceType",
    "off": 30682,
    "sff": "cell"
  },
  {
    "docID": "N155 Jeffery 2005",
    "et": "StemCellSourceType",
    "off": 14489,
    "sff": "cell"
  },
  {
    "docID": "N155 Jeffery 2005",
    "et": "StemCellSourceType",
    "off": 25464,
    "sff": "cell"
  },
  {
    "docID": "N155 Jeffery 2005",
    "et": "StemCellSourceType",
    "off": 23382,
    "sff": "cell"
  },
  {
    "docID": "N155 Jeffery 2005",
    "et": "StemCellSourceType",
    "off": 976,
    "sff": "CELL"
  },
  {
    "docID": "N155 Jeffery 2005",
    "et": "StemCellSourceType",
    "off": 10978,
    "sff": "cell"
  },
  {
    "docID": "N155 Jeffery 2005",
    "et": "StemCellSourceType",
    "off": 30370,
    "sff": "cell"
  },
  {
    "docID": "N155 Jeffery 2005",
    "et": "StemCellSourceType",
    "off": 17089,
    "sff": "cell"
  },
  {
    "docID": "N155 Jeffery 2005",
    "et": "StemCellSourceType",
    "off": 17185,
    "sff": "cell"
  },
  {
    "docID": "N155 Jeffery 2005",
    "et": "StemCellSourceType",
    "off": 18176,
    "sff": "cell"
  },
  {
    "docID": "N155 Jeffery 2005",
    "et": "StemCellSourceType",
    "off": 30431,
    "sff": "cell"
  },
  {
    "docID": "N155 Jeffery 2005",
    "et": "StemCellSourceType",
    "off": 31519,
    "sff": "cell"
  },
  {
    "docID": "N155 Jeffery 2005",
    "et": "StemCellSourceType",
    "off": 22141,
    "sff": "cell"
  },
  {
    "docID": "N155 Jeffery 2005",
    "et": "StemCellSourceType",
    "off": 11100,
    "sff": "cell"
  },
  {
    "docID": "N155 Jeffery 2005",
    "et": "StemCellSourceType",
    "off": 20860,
    "sff": "cell"
  },
  {
    "docID": "N155 Jeffery 2005",
    "et": "StemCellSourceType",
    "off": 16007,
    "sff": "cell"
  },
  {
    "docID": "N155 Jeffery 2005",
    "et": "StemCellSourceType",
    "off": 18279,
    "sff": "cell"
  },
  {
    "docID": "N155 Jeffery 2005",
    "et": "StemCellSourceType",
    "off": 9615,
    "sff": "Cell"
  },
  {
    "docID": "N155 Jeffery 2005",
    "et": "StemCellSourceType",
    "off": 26308,
    "sff": "cell"
  },
  {
    "docID": "N155 Jeffery 2005",
    "et": "StemCellSourceType",
    "off": 21714,
    "sff": "cell"
  },
  {
    "docID": "N155 Jeffery 2005",
    "et": "StemCellSourceType",
    "off": 37,
    "sff": "Cell"
  },
  {
    "docID": "N155 Jeffery 2005",
    "et": "StemCellSourceType",
    "off": 30733,
    "sff": "cell"
  },
  {
    "docID": "N155 Jeffery 2005",
    "et": "InVitroExperimentalProcedure",
    "off": 36725,
    "sff": "experimental"
  },
  {
    "docID": "N155 Jeffery 2005",
    "et": "InVitroExperimentalProcedure",
    "off": 1405,
    "sff": "experimental"
  },
  {
    "docID": "N155 Jeffery 2005",
    "et": "InVitroExperimentalProcedure",
    "off": 4444,
    "sff": "experimental"
  },
  {
    "docID": "N155 Jeffery 2005",
    "et": "InVitroExperimentalProcedure",
    "off": 33372,
    "sff": "experimental"
  },
  {
    "docID": "N155 Jeffery 2005",
    "et": "InVitroExperimentalProcedure",
    "off": 30659,
    "sff": "vitro"
  },
  {
    "docID": "N155 Jeffery 2005",
    "et": "InVitroExperimentalProcedure",
    "off": 7457,
    "sff": "experimental"
  },
  {
    "docID": "N155 Jeffery 2005",
    "et": "InVitroExperimentalProcedure",
    "off": 25681,
    "sff": "vitro"
  },
  {
    "docID": "N155 Jeffery 2005",
    "et": "InVitroExperimentalProcedure",
    "off": 29831,
    "sff": "Vitro"
  },
  {
    "docID": "N155 Jeffery 2005",
    "et": "InVitroExperimentalProcedure",
    "off": 1058,
    "sff": "experimental"
  },
  {
    "docID": "N155 Jeffery 2005",
    "et": "InVitroExperimentalProcedure",
    "off": 12591,
    "sff": "vitro"
  },
  {
    "docID": "N155 Jeffery 2005",
    "et": "InVitroExperimentalProcedure",
    "off": 6189,
    "sff": "vitro"
  },
  {
    "docID": "N155 Jeffery 2005",
    "et": "InVitroExperimentalProcedure",
    "off": 22381,
    "sff": "vitro"
  },
  {
    "docID": "N155 Jeffery 2005",
    "et": "InVitroExperimentalProcedure",
    "off": 30346,
    "sff": "vitro"
  },
  {
    "docID": "N155 Jeffery 2005",
    "et": "InVitroExperimentalProcedure",
    "off": 301,
    "sff": "experimental"
  },
  {
    "docID": "N155 Jeffery 2005",
    "et": "InVitroExperimentalProcedure",
    "off": 26386,
    "sff": "vitro"
  },
  {
    "docID": "N155 Jeffery 2005",
    "et": "AllenWeightDropDevice",
    "off": 28602,
    "sff": "weight"
  },
  {
    "docID": "N155 Jeffery 2005",
    "et": "AllenWeightDropDevice",
    "off": 8299,
    "sff": "weight"
  },
  {
    "docID": "N155 Jeffery 2005",
    "et": "AllenWeightDropDevice",
    "off": 24758,
    "sff": "weight"
  },
  {
    "docID": "N155 Jeffery 2005",
    "et": "LongEvansRat",
    "off": 32881,
    "sff": "long"
  },
  {
    "docID": "N155 Jeffery 2005",
    "et": "LongEvansRat",
    "off": 899,
    "sff": "long"
  },
  {
    "docID": "N155 Jeffery 2005",
    "et": "Cell",
    "off": 9615,
    "sff": "Cell"
  },
  {
    "docID": "N155 Jeffery 2005",
    "et": "Cell",
    "off": 16007,
    "sff": "cell"
  },
  {
    "docID": "N155 Jeffery 2005",
    "et": "Cell",
    "off": 18279,
    "sff": "cell"
  },
  {
    "docID": "N155 Jeffery 2005",
    "et": "Cell",
    "off": 21714,
    "sff": "cell"
  },
  {
    "docID": "N155 Jeffery 2005",
    "et": "Cell",
    "off": 30733,
    "sff": "cell"
  },
  {
    "docID": "N155 Jeffery 2005",
    "et": "Cell",
    "off": 976,
    "sff": "CELL"
  },
  {
    "docID": "N155 Jeffery 2005",
    "et": "Cell",
    "off": 22141,
    "sff": "cell"
  },
  {
    "docID": "N155 Jeffery 2005",
    "et": "Cell",
    "off": 11100,
    "sff": "cell"
  },
  {
    "docID": "N155 Jeffery 2005",
    "et": "Cell",
    "off": 20860,
    "sff": "cell"
  },
  {
    "docID": "N155 Jeffery 2005",
    "et": "Cell",
    "off": 30431,
    "sff": "cell"
  },
  {
    "docID": "N155 Jeffery 2005",
    "et": "Cell",
    "off": 31519,
    "sff": "cell"
  },
  {
    "docID": "N155 Jeffery 2005",
    "et": "Cell",
    "off": 37,
    "sff": "Cell"
  },
  {
    "docID": "N155 Jeffery 2005",
    "et": "Cell",
    "off": 14489,
    "sff": "cell"
  },
  {
    "docID": "N155 Jeffery 2005",
    "et": "Cell",
    "off": 30370,
    "sff": "cell"
  },
  {
    "docID": "N155 Jeffery 2005",
    "et": "Cell",
    "off": 25464,
    "sff": "cell"
  },
  {
    "docID": "N155 Jeffery 2005",
    "et": "Cell",
    "off": 21505,
    "sff": "Cell"
  },
  {
    "docID": "N155 Jeffery 2005",
    "et": "Cell",
    "off": 23382,
    "sff": "cell"
  },
  {
    "docID": "N155 Jeffery 2005",
    "et": "Cell",
    "off": 26308,
    "sff": "cell"
  },
  {
    "docID": "N155 Jeffery 2005",
    "et": "Cell",
    "off": 10978,
    "sff": "cell"
  },
  {
    "docID": "N155 Jeffery 2005",
    "et": "Cell",
    "off": 17089,
    "sff": "cell"
  },
  {
    "docID": "N155 Jeffery 2005",
    "et": "Cell",
    "off": 17185,
    "sff": "cell"
  },
  {
    "docID": "N155 Jeffery 2005",
    "et": "Cell",
    "off": 30682,
    "sff": "cell"
  },
  {
    "docID": "N155 Jeffery 2005",
    "et": "Cell",
    "off": 18176,
    "sff": "cell"
  },
  {
    "docID": "N155 Jeffery 2005",
    "et": "Blade",
    "off": 11196,
    "sff": "blade"
  },
  {
    "docID": "N155 Jeffery 2005",
    "et": "Blade",
    "off": 21498,
    "sff": "blade"
  },
  {
    "docID": "N155 Jeffery 2005",
    "et": "SpinalDorsalHalf",
    "off": 29313,
    "sff": "dorsal"
  },
  {
    "docID": "N155 Jeffery 2005",
    "et": "SpinalDorsalHalf",
    "off": 31654,
    "sff": "dorsal"
  },
  {
    "docID": "N155 Jeffery 2005",
    "et": "SpinalDorsalHalf",
    "off": 21335,
    "sff": "dorsal"
  },
  {
    "docID": "N155 Jeffery 2005",
    "et": "SpinalDorsalHalf",
    "off": 22215,
    "sff": "dorsal"
  },
  {
    "docID": "N155 Jeffery 2005",
    "et": "SpinalDorsalHalf",
    "off": 29655,
    "sff": "dorsal"
  },
  {
    "docID": "N155 Jeffery 2005",
    "et": "SpinalDorsalHalf",
    "off": 16509,
    "sff": "dorsal"
  },
  {
    "docID": "N155 Jeffery 2005",
    "et": "Cervical",
    "off": 4371,
    "sff": "cervical"
  },
  {
    "docID": "N155 Jeffery 2005",
    "et": "CompleteTransectionType",
    "off": 24320,
    "sff": "complete"
  },
  {
    "docID": "N155 Jeffery 2005",
    "et": "CompleteTransectionType",
    "off": 35071,
    "sff": "transection"
  },
  {
    "docID": "N155 Jeffery 2005",
    "et": "Water",
    "off": 14786,
    "sff": "water"
  },
  {
    "docID": "N155 Jeffery 2005",
    "et": "ExperimentalProcedure",
    "off": 301,
    "sff": "experimental"
  },
  {
    "docID": "N155 Jeffery 2005",
    "et": "ExperimentalProcedure",
    "off": 1405,
    "sff": "experimental"
  },
  {
    "docID": "N155 Jeffery 2005",
    "et": "ExperimentalProcedure",
    "off": 4444,
    "sff": "experimental"
  },
  {
    "docID": "N155 Jeffery 2005",
    "et": "ExperimentalProcedure",
    "off": 36725,
    "sff": "experimental"
  },
  {
    "docID": "N155 Jeffery 2005",
    "et": "ExperimentalProcedure",
    "off": 33372,
    "sff": "experimental"
  },
  {
    "docID": "N155 Jeffery 2005",
    "et": "ExperimentalProcedure",
    "off": 1058,
    "sff": "experimental"
  },
  {
    "docID": "N155 Jeffery 2005",
    "et": "ExperimentalProcedure",
    "off": 7457,
    "sff": "experimental"
  },
  {
    "docID": "N155 Jeffery 2005",
    "et": "PartialTransectionType",
    "off": 35071,
    "sff": "transection"
  },
  {
    "docID": "N155 Jeffery 2005",
    "et": "BrainDerivedNeurotrophicFactor",
    "off": 37730,
    "sff": "derived"
  },
  {
    "docID": "N155 Jeffery 2005",
    "et": "BrainDerivedNeurotrophicFactor",
    "off": 23628,
    "sff": "derived"
  },
  {
    "docID": "N155 Jeffery 2005",
    "et": "BrainDerivedNeurotrophicFactor",
    "off": 37825,
    "sff": "brain"
  },
  {
    "docID": "N155 Jeffery 2005",
    "et": "CompleteInjuryArea",
    "off": 24320,
    "sff": "complete"
  }
]
