[
  {
    "docID": "N165 Li 2010",
    "et": "BrainNucleus",
    "off": 6862,
    "sff": "brain"
  },
  {
    "docID": "N165 Li 2010",
    "et": "NYUImpactor",
    "off": 3833,
    "sff": "NYU-impactor"
  },
  {
    "docID": "N165 Li 2010",
    "et": "NYUImpactor",
    "off": 468,
    "sff": "NYU-impactor"
  },
  {
    "docID": "N165 Li 2010",
    "et": "Nutrition",
    "off": 3933,
    "sff": "nutrition"
  },
  {
    "docID": "N165 Li 2010",
    "et": "OlfactoryEnsheathingGliaCell",
    "off": 4310,
    "sff": "olfactory"
  },
  {
    "docID": "N165 Li 2010",
    "et": "OlfactoryEnsheathingGliaCell",
    "off": 265,
    "sff": "olfactory ensheathing"
  },
  {
    "docID": "N165 Li 2010",
    "et": "OlfactoryEnsheathingGliaCell",
    "off": 1893,
    "sff": "Olfactory ensheathing"
  },
  {
    "docID": "N165 Li 2010",
    "et": "OlfactoryEnsheathingGliaCell",
    "off": 4283,
    "sff": "olfactory"
  },
  {
    "docID": "N165 Li 2010",
    "et": "OlfactoryEnsheathingGliaCell",
    "off": 24,
    "sff": "olfactory ensheathing"
  },
  {
    "docID": "N165 Li 2010",
    "et": "MouseSpecies",
    "off": 5909,
    "sff": "Mouse"
  },
  {
    "docID": "N165 Li 2010",
    "et": "RabbitSpecies",
    "off": 5927,
    "sff": "rabbit"
  },
  {
    "docID": "N165 Li 2010",
    "et": "Rostral",
    "off": 751,
    "sff": "rostral"
  },
  {
    "docID": "N165 Li 2010",
    "et": "Rostral",
    "off": 10463,
    "sff": "rostral"
  },
  {
    "docID": "N165 Li 2010",
    "et": "Rostral",
    "off": 7760,
    "sff": "rostral"
  },
  {
    "docID": "N165 Li 2010",
    "et": "Rostral",
    "off": 7031,
    "sff": "rostral"
  },
  {
    "docID": "N165 Li 2010",
    "et": "CellDeathInduction",
    "off": 14046,
    "sff": "cell death"
  },
  {
    "docID": "N165 Li 2010",
    "et": "CellDeathInduction",
    "off": 15104,
    "sff": "cell"
  },
  {
    "docID": "N165 Li 2010",
    "et": "CellDeathInduction",
    "off": 2142,
    "sff": "cell"
  },
  {
    "docID": "N165 Li 2010",
    "et": "CellDeathInduction",
    "off": 6559,
    "sff": "cell"
  },
  {
    "docID": "N165 Li 2010",
    "et": "CellDeathInduction",
    "off": 6751,
    "sff": "cell"
  },
  {
    "docID": "N165 Li 2010",
    "et": "CellDeathInduction",
    "off": 13777,
    "sff": "death"
  },
  {
    "docID": "N165 Li 2010",
    "et": "CellDeathInduction",
    "off": 2276,
    "sff": "cell"
  },
  {
    "docID": "N165 Li 2010",
    "et": "CellDeathInduction",
    "off": 15364,
    "sff": "cell"
  },
  {
    "docID": "N165 Li 2010",
    "et": "CellDeathInduction",
    "off": 13848,
    "sff": "death"
  },
  {
    "docID": "N165 Li 2010",
    "et": "CellDeathInduction",
    "off": 16140,
    "sff": "cell"
  },
  {
    "docID": "N165 Li 2010",
    "et": "CellDeathInduction",
    "off": 16748,
    "sff": "cell"
  },
  {
    "docID": "N165 Li 2010",
    "et": "CellDeathInduction",
    "off": 10989,
    "sff": "cell"
  },
  {
    "docID": "N165 Li 2010",
    "et": "CellDeathInduction",
    "off": 1583,
    "sff": "cell"
  },
  {
    "docID": "N165 Li 2010",
    "et": "CellDeathInduction",
    "off": 3997,
    "sff": "cell"
  },
  {
    "docID": "N165 Li 2010",
    "et": "Left",
    "off": 7596,
    "sff": "left"
  },
  {
    "docID": "N165 Li 2010",
    "et": "SubstanceApplicationLocation",
    "off": 13337,
    "sff": "application"
  },
  {
    "docID": "N165 Li 2010",
    "et": "SubstanceApplicationLocation",
    "off": 13561,
    "sff": "application"
  },
  {
    "docID": "N165 Li 2010",
    "et": "SubstanceApplicationLocation",
    "off": 3197,
    "sff": "application"
  },
  {
    "docID": "N165 Li 2010",
    "et": "SubstanceApplicationLocation",
    "off": 12544,
    "sff": "application"
  },
  {
    "docID": "N165 Li 2010",
    "et": "SubstanceApplicationLocation",
    "off": 12847,
    "sff": "application"
  },
  {
    "docID": "N165 Li 2010",
    "et": "InjuryDevice",
    "off": 8629,
    "sff": "device"
  },
  {
    "docID": "N165 Li 2010",
    "et": "ChinaShenyangSunshinePharmaceuticalCompany",
    "off": 3564,
    "sff": "China"
  },
  {
    "docID": "N165 Li 2010",
    "et": "InjectionDelivery",
    "off": 7126,
    "sff": "injection"
  },
  {
    "docID": "N165 Li 2010",
    "et": "InjectionDelivery",
    "off": 3651,
    "sff": "injection"
  },
  {
    "docID": "N165 Li 2010",
    "et": "InjectionDelivery",
    "off": 7229,
    "sff": "injection"
  },
  {
    "docID": "N165 Li 2010",
    "et": "HumanSpecies",
    "off": 2518,
    "sff": "human"
  },
  {
    "docID": "N165 Li 2010",
    "et": "Weight",
    "off": 511,
    "sff": "10 g"
  },
  {
    "docID": "N165 Li 2010",
    "et": "Weight",
    "off": 4047,
    "sff": "220 g"
  },
  {
    "docID": "N165 Li 2010",
    "et": "Weight",
    "off": 3863,
    "sff": "10 g"
  },
  {
    "docID": "N165 Li 2010",
    "et": "Weight",
    "off": 3598,
    "sff": "350-400 g"
  },
  {
    "docID": "N165 Li 2010",
    "et": "CompoundBiologicalRelation",
    "off": 392,
    "sff": "biological"
  },
  {
    "docID": "N165 Li 2010",
    "et": "AnimalCareCondition",
    "off": 3485,
    "sff": "Care"
  },
  {
    "docID": "N165 Li 2010",
    "et": "AnimalCareCondition",
    "off": 3909,
    "sff": "care"
  },
  {
    "docID": "N165 Li 2010",
    "et": "MotorNeurons",
    "off": 1846,
    "sff": "motor"
  },
  {
    "docID": "N165 Li 2010",
    "et": "MotorNeurons",
    "off": 980,
    "sff": "motor"
  },
  {
    "docID": "N165 Li 2010",
    "et": "MotorNeurons",
    "off": 10177,
    "sff": "motor"
  },
  {
    "docID": "N165 Li 2010",
    "et": "MotorNeurons",
    "off": 8853,
    "sff": "Motor"
  },
  {
    "docID": "N165 Li 2010",
    "et": "MotorNeurons",
    "off": 12301,
    "sff": "motor"
  },
  {
    "docID": "N165 Li 2010",
    "et": "MotorNeurons",
    "off": 1596,
    "sff": "motor"
  },
  {
    "docID": "N165 Li 2010",
    "et": "MotorNeurons",
    "off": 12092,
    "sff": "motor"
  },
  {
    "docID": "N165 Li 2010",
    "et": "MotorNeurons",
    "off": 8905,
    "sff": "motor"
  },
  {
    "docID": "N165 Li 2010",
    "et": "MotorNeurons",
    "off": 12049,
    "sff": "Motor"
  },
  {
    "docID": "N165 Li 2010",
    "et": "MotorNeurons",
    "off": 16570,
    "sff": "motor"
  },
  {
    "docID": "N165 Li 2010",
    "et": "LateralHemisection",
    "off": 2701,
    "sff": "lateral"
  },
  {
    "docID": "N165 Li 2010",
    "et": "Contusion",
    "off": 13385,
    "sff": "contusion"
  },
  {
    "docID": "N165 Li 2010",
    "et": "Contusion",
    "off": 6801,
    "sff": "contusion"
  },
  {
    "docID": "N165 Li 2010",
    "et": "Contusion",
    "off": 3412,
    "sff": "contusion"
  },
  {
    "docID": "N165 Li 2010",
    "et": "Saline",
    "off": 7581,
    "sff": "saline"
  },
  {
    "docID": "N165 Li 2010",
    "et": "LongTermCultivation",
    "off": 10428,
    "sff": "long"
  },
  {
    "docID": "N165 Li 2010",
    "et": "LongTermCultivation",
    "off": 14300,
    "sff": "long"
  },
  {
    "docID": "N165 Li 2010",
    "et": "Dosage",
    "off": 5270,
    "sff": "100 mg/L"
  },
  {
    "docID": "N165 Li 2010",
    "et": "Dosage",
    "off": 6936,
    "sff": "30000/μl"
  },
  {
    "docID": "N165 Li 2010",
    "et": "Dosage",
    "off": 5322,
    "sff": "0.01 mg/L"
  },
  {
    "docID": "N165 Li 2010",
    "et": "Dosage",
    "off": 537,
    "sff": "25 mm"
  },
  {
    "docID": "N165 Li 2010",
    "et": "Dosage",
    "off": 4231,
    "sff": "95%"
  },
  {
    "docID": "N165 Li 2010",
    "et": "Dosage",
    "off": 7146,
    "sff": "0.8 mm"
  },
  {
    "docID": "N165 Li 2010",
    "et": "Dosage",
    "off": 788,
    "sff": "30000/μl"
  },
  {
    "docID": "N165 Li 2010",
    "et": "Dosage",
    "off": 6364,
    "sff": "0.001 mol/L"
  },
  {
    "docID": "N165 Li 2010",
    "et": "Dosage",
    "off": 6722,
    "sff": "95%"
  },
  {
    "docID": "N165 Li 2010",
    "et": "Dosage",
    "off": 5097,
    "sff": "10 μg/ml"
  },
  {
    "docID": "N165 Li 2010",
    "et": "Dosage",
    "off": 11299,
    "sff": "1%"
  },
  {
    "docID": "N165 Li 2010",
    "et": "Dosage",
    "off": 1311,
    "sff": "1%"
  },
  {
    "docID": "N165 Li 2010",
    "et": "Dosage",
    "off": 5741,
    "sff": "4%"
  },
  {
    "docID": "N165 Li 2010",
    "et": "Dosage",
    "off": 4777,
    "sff": "1 mm"
  },
  {
    "docID": "N165 Li 2010",
    "et": "Dosage",
    "off": 4047,
    "sff": "220 g"
  },
  {
    "docID": "N165 Li 2010",
    "et": "Dosage",
    "off": 3602,
    "sff": "400 g"
  },
  {
    "docID": "N165 Li 2010",
    "et": "Dosage",
    "off": 4482,
    "sff": "100 U/L"
  },
  {
    "docID": "N165 Li 2010",
    "et": "Dosage",
    "off": 4782,
    "sff": "1 mm"
  },
  {
    "docID": "N165 Li 2010",
    "et": "Dosage",
    "off": 4787,
    "sff": "1 mm"
  },
  {
    "docID": "N165 Li 2010",
    "et": "Dosage",
    "off": 511,
    "sff": "10 g"
  },
  {
    "docID": "N165 Li 2010",
    "et": "Dosage",
    "off": 4904,
    "sff": "20%"
  },
  {
    "docID": "N165 Li 2010",
    "et": "Dosage",
    "off": 4819,
    "sff": "0.125%"
  },
  {
    "docID": "N165 Li 2010",
    "et": "Dosage",
    "off": 6280,
    "sff": "5 μg/ml"
  },
  {
    "docID": "N165 Li 2010",
    "et": "Dosage",
    "off": 5166,
    "sff": "5%"
  },
  {
    "docID": "N165 Li 2010",
    "et": "Dosage",
    "off": 4165,
    "sff": "0.5%"
  },
  {
    "docID": "N165 Li 2010",
    "et": "Dosage",
    "off": 7691,
    "sff": "4%"
  },
  {
    "docID": "N165 Li 2010",
    "et": "Dosage",
    "off": 7894,
    "sff": "20%"
  },
  {
    "docID": "N165 Li 2010",
    "et": "Dosage",
    "off": 3686,
    "sff": "30 mg/ kg"
  },
  {
    "docID": "N165 Li 2010",
    "et": "Dosage",
    "off": 3863,
    "sff": "10 g"
  },
  {
    "docID": "N165 Li 2010",
    "et": "Dosage",
    "off": 720,
    "sff": "1 mm"
  },
  {
    "docID": "N165 Li 2010",
    "et": "Dosage",
    "off": 7681,
    "sff": "200 ml"
  },
  {
    "docID": "N165 Li 2010",
    "et": "Dosage",
    "off": 7171,
    "sff": "1 μl"
  },
  {
    "docID": "N165 Li 2010",
    "et": "Dosage",
    "off": 6914,
    "sff": "1 μl"
  },
  {
    "docID": "N165 Li 2010",
    "et": "Dosage",
    "off": 7000,
    "sff": "1 mm"
  },
  {
    "docID": "N165 Li 2010",
    "et": "TreatmentSite",
    "off": 3070,
    "sff": "treatment"
  },
  {
    "docID": "N165 Li 2010",
    "et": "TreatmentSite",
    "off": 3216,
    "sff": "treatment"
  },
  {
    "docID": "N165 Li 2010",
    "et": "TreatmentSite",
    "off": 15169,
    "sff": "treatment"
  },
  {
    "docID": "N165 Li 2010",
    "et": "Longitudinal",
    "off": 4615,
    "sff": "longitudinal"
  },
  {
    "docID": "N165 Li 2010",
    "et": "Longitudinal",
    "off": 8041,
    "sff": "longitudinal"
  },
  {
    "docID": "N165 Li 2010",
    "et": "Duration",
    "off": 14644,
    "sff": "2 weeks"
  },
  {
    "docID": "N165 Li 2010",
    "et": "Duration",
    "off": 7213,
    "sff": "2 minutes"
  },
  {
    "docID": "N165 Li 2010",
    "et": "Duration",
    "off": 3284,
    "sff": "13 weeks"
  },
  {
    "docID": "N165 Li 2010",
    "et": "Duration",
    "off": 6239,
    "sff": "1 hour"
  },
  {
    "docID": "N165 Li 2010",
    "et": "Duration",
    "off": 5012,
    "sff": "5 minutes"
  },
  {
    "docID": "N165 Li 2010",
    "et": "Duration",
    "off": 7452,
    "sff": "13 weeks"
  },
  {
    "docID": "N165 Li 2010",
    "et": "Duration",
    "off": 5381,
    "sff": "2-3 days"
  },
  {
    "docID": "N165 Li 2010",
    "et": "Duration",
    "off": 16930,
    "sff": "13 weeks"
  },
  {
    "docID": "N165 Li 2010",
    "et": "Duration",
    "off": 1202,
    "sff": "1 week to 13 weeks"
  },
  {
    "docID": "N165 Li 2010",
    "et": "Duration",
    "off": 10538,
    "sff": "2 weeks"
  },
  {
    "docID": "N165 Li 2010",
    "et": "Duration",
    "off": 1480,
    "sff": "1 week to 2 weeks"
  },
  {
    "docID": "N165 Li 2010",
    "et": "Duration",
    "off": 5591,
    "sff": "10 days"
  },
  {
    "docID": "N165 Li 2010",
    "et": "Duration",
    "off": 5176,
    "sff": "3 days"
  },
  {
    "docID": "N165 Li 2010",
    "et": "Duration",
    "off": 5406,
    "sff": "14 days"
  },
  {
    "docID": "N165 Li 2010",
    "et": "Duration",
    "off": 1082,
    "sff": "13 weeks"
  },
  {
    "docID": "N165 Li 2010",
    "et": "Duration",
    "off": 6332,
    "sff": "30 minutes"
  },
  {
    "docID": "N165 Li 2010",
    "et": "Duration",
    "off": 4916,
    "sff": "5 minutes"
  },
  {
    "docID": "N165 Li 2010",
    "et": "Duration",
    "off": 5765,
    "sff": "15 minutes"
  },
  {
    "docID": "N165 Li 2010",
    "et": "Duration",
    "off": 4198,
    "sff": "3 minutes"
  },
  {
    "docID": "N165 Li 2010",
    "et": "Duration",
    "off": 5826,
    "sff": "30 minutes"
  },
  {
    "docID": "N165 Li 2010",
    "et": "Duration",
    "off": 15843,
    "sff": "1 week"
  },
  {
    "docID": "N165 Li 2010",
    "et": "Duration",
    "off": 934,
    "sff": "1 week to 13 weeks"
  },
  {
    "docID": "N165 Li 2010",
    "et": "Duration",
    "off": 7859,
    "sff": "4 hours"
  },
  {
    "docID": "N165 Li 2010",
    "et": "Duration",
    "off": 16990,
    "sff": "1 year"
  },
  {
    "docID": "N165 Li 2010",
    "et": "Duration",
    "off": 14564,
    "sff": "3-13 weeks"
  },
  {
    "docID": "N165 Li 2010",
    "et": "Duration",
    "off": 4838,
    "sff": "20 minutes"
  },
  {
    "docID": "N165 Li 2010",
    "et": "Duration",
    "off": 9819,
    "sff": "1 week to 13 weeks"
  },
  {
    "docID": "N165 Li 2010",
    "et": "Duration",
    "off": 11745,
    "sff": "1 week to 2 weeks"
  },
  {
    "docID": "N165 Li 2010",
    "et": "LesionAdjacentTissue",
    "off": 11834,
    "sff": "adjacent"
  },
  {
    "docID": "N165 Li 2010",
    "et": "Fibroblast",
    "off": 5290,
    "sff": "fibroblast"
  },
  {
    "docID": "N165 Li 2010",
    "et": "MildInjury",
    "off": 1558,
    "sff": "mild"
  },
  {
    "docID": "N165 Li 2010",
    "et": "MildInjury",
    "off": 11473,
    "sff": "mild"
  },
  {
    "docID": "N165 Li 2010",
    "et": "MedicationDuringSurgery",
    "off": 1473,
    "sff": "during"
  },
  {
    "docID": "N165 Li 2010",
    "et": "MedicationDuringSurgery",
    "off": 5390,
    "sff": "during"
  },
  {
    "docID": "N165 Li 2010",
    "et": "MedicationDuringSurgery",
    "off": 14557,
    "sff": "during"
  },
  {
    "docID": "N165 Li 2010",
    "et": "MedicationDuringSurgery",
    "off": 16269,
    "sff": "during"
  },
  {
    "docID": "N165 Li 2010",
    "et": "MedicationDuringSurgery",
    "off": 11738,
    "sff": "during"
  },
  {
    "docID": "N165 Li 2010",
    "et": "MedicationDuringSurgery",
    "off": 13961,
    "sff": "during"
  },
  {
    "docID": "N165 Li 2010",
    "et": "MedicationDuringSurgery",
    "off": 11240,
    "sff": "during"
  },
  {
    "docID": "N165 Li 2010",
    "et": "Brain",
    "off": 6862,
    "sff": "brain"
  },
  {
    "docID": "N165 Li 2010",
    "et": "SpinalWhiteMatter",
    "off": 4650,
    "sff": "white matter"
  },
  {
    "docID": "N165 Li 2010",
    "et": "MeasurementOfIncreasingTemperature",
    "off": 9217,
    "sff": "measurement"
  },
  {
    "docID": "N165 Li 2010",
    "et": "Antibody",
    "off": 6430,
    "sff": "antibody"
  },
  {
    "docID": "N165 Li 2010",
    "et": "Antibody",
    "off": 6059,
    "sff": "antibody"
  },
  {
    "docID": "N165 Li 2010",
    "et": "Antibody",
    "off": 5882,
    "sff": "antibody"
  },
  {
    "docID": "N165 Li 2010",
    "et": "Purification",
    "off": 13998,
    "sff": "purification"
  },
  {
    "docID": "N165 Li 2010",
    "et": "ContusionType",
    "off": 6801,
    "sff": "contusion"
  },
  {
    "docID": "N165 Li 2010",
    "et": "ContusionType",
    "off": 3412,
    "sff": "contusion"
  },
  {
    "docID": "N165 Li 2010",
    "et": "ContusionType",
    "off": 13385,
    "sff": "contusion"
  },
  {
    "docID": "N165 Li 2010",
    "et": "Protein",
    "off": 3333,
    "sff": "protein"
  },
  {
    "docID": "N165 Li 2010",
    "et": "Protein",
    "off": 619,
    "sff": "protein"
  },
  {
    "docID": "N165 Li 2010",
    "et": "RatSpecies",
    "off": 432,
    "sff": "rat"
  },
  {
    "docID": "N165 Li 2010",
    "et": "SodiumPentobarbital",
    "off": 3678,
    "sff": "sodium"
  },
  {
    "docID": "N165 Li 2010",
    "et": "VertebralArea",
    "off": 3746,
    "sff": "vertebral"
  },
  {
    "docID": "N165 Li 2010",
    "et": "Caudal",
    "off": 10475,
    "sff": "caudal"
  },
  {
    "docID": "N165 Li 2010",
    "et": "Caudal",
    "off": 7020,
    "sff": "caudal"
  },
  {
    "docID": "N165 Li 2010",
    "et": "Caudal",
    "off": 7772,
    "sff": "caudal"
  },
  {
    "docID": "N165 Li 2010",
    "et": "Caudal",
    "off": 4352,
    "sff": "caudal"
  },
  {
    "docID": "N165 Li 2010",
    "et": "Caudal",
    "off": 740,
    "sff": "caudal"
  },
  {
    "docID": "N165 Li 2010",
    "et": "VertebralSegment",
    "off": 3746,
    "sff": "vertebral"
  },
  {
    "docID": "N165 Li 2010",
    "et": "L1",
    "off": 2265,
    "sff": "L1"
  },
  {
    "docID": "N165 Li 2010",
    "et": "SchwannCell",
    "off": 2000,
    "sff": "Schwann"
  },
  {
    "docID": "N165 Li 2010",
    "et": "NewZealandRabbit",
    "off": 13801,
    "sff": "new"
  },
  {
    "docID": "N165 Li 2010",
    "et": "T10",
    "off": 3766,
    "sff": "T10"
  },
  {
    "docID": "N165 Li 2010",
    "et": "T10",
    "off": 487,
    "sff": "T10"
  },
  {
    "docID": "N165 Li 2010",
    "et": "Thoracic",
    "off": 7522,
    "sff": "thoracic"
  },
  {
    "docID": "N165 Li 2010",
    "et": "VertebralLocation",
    "off": 3746,
    "sff": "vertebral"
  },
  {
    "docID": "N165 Li 2010",
    "et": "LightSource",
    "off": 10303,
    "sff": "light"
  },
  {
    "docID": "N165 Li 2010",
    "et": "LightSource",
    "off": 6353,
    "sff": "light"
  },
  {
    "docID": "N165 Li 2010",
    "et": "LightSource",
    "off": 6256,
    "sff": "light"
  },
  {
    "docID": "N165 Li 2010",
    "et": "GreenFluorescentProtein",
    "off": 3314,
    "sff": "green"
  },
  {
    "docID": "N165 Li 2010",
    "et": "GreenFluorescentProtein",
    "off": 601,
    "sff": "green"
  },
  {
    "docID": "N165 Li 2010",
    "et": "GreenFluorescentProtein",
    "off": 10309,
    "sff": "green"
  },
  {
    "docID": "N165 Li 2010",
    "et": "StemCellSourceType",
    "off": 1583,
    "sff": "cell"
  },
  {
    "docID": "N165 Li 2010",
    "et": "StemCellSourceType",
    "off": 6559,
    "sff": "cell"
  },
  {
    "docID": "N165 Li 2010",
    "et": "StemCellSourceType",
    "off": 6751,
    "sff": "cell"
  },
  {
    "docID": "N165 Li 2010",
    "et": "StemCellSourceType",
    "off": 15104,
    "sff": "cell"
  },
  {
    "docID": "N165 Li 2010",
    "et": "StemCellSourceType",
    "off": 2276,
    "sff": "cell"
  },
  {
    "docID": "N165 Li 2010",
    "et": "StemCellSourceType",
    "off": 15364,
    "sff": "cell"
  },
  {
    "docID": "N165 Li 2010",
    "et": "StemCellSourceType",
    "off": 3997,
    "sff": "cell"
  },
  {
    "docID": "N165 Li 2010",
    "et": "StemCellSourceType",
    "off": 10989,
    "sff": "cell"
  },
  {
    "docID": "N165 Li 2010",
    "et": "StemCellSourceType",
    "off": 2142,
    "sff": "cell"
  },
  {
    "docID": "N165 Li 2010",
    "et": "StemCellSourceType",
    "off": 14046,
    "sff": "cell"
  },
  {
    "docID": "N165 Li 2010",
    "et": "StemCellSourceType",
    "off": 16140,
    "sff": "cell"
  },
  {
    "docID": "N165 Li 2010",
    "et": "StemCellSourceType",
    "off": 16748,
    "sff": "cell"
  },
  {
    "docID": "N165 Li 2010",
    "et": "InVitroExperimentalProcedure",
    "off": 15799,
    "sff": "experimental"
  },
  {
    "docID": "N165 Li 2010",
    "et": "InVitroExperimentalProcedure",
    "off": 15461,
    "sff": "experimental"
  },
  {
    "docID": "N165 Li 2010",
    "et": "InVitroExperimentalProcedure",
    "off": 12422,
    "sff": "experimental"
  },
  {
    "docID": "N165 Li 2010",
    "et": "InVitroExperimentalProcedure",
    "off": 7375,
    "sff": "experimental"
  },
  {
    "docID": "N165 Li 2010",
    "et": "InVitroExperimentalProcedure",
    "off": 15200,
    "sff": "experimental"
  },
  {
    "docID": "N165 Li 2010",
    "et": "InVitroExperimentalProcedure",
    "off": 16450,
    "sff": "experimental"
  },
  {
    "docID": "N165 Li 2010",
    "et": "InVitroExperimentalProcedure",
    "off": 8158,
    "sff": "experimental"
  },
  {
    "docID": "N165 Li 2010",
    "et": "InVitroExperimentalProcedure",
    "off": 12110,
    "sff": "experimental"
  },
  {
    "docID": "N165 Li 2010",
    "et": "InVitroExperimentalProcedure",
    "off": 16654,
    "sff": "experimental"
  },
  {
    "docID": "N165 Li 2010",
    "et": "MeasurementOfDecreasingTemperature",
    "off": 9217,
    "sff": "measurement"
  },
  {
    "docID": "N165 Li 2010",
    "et": "MeasurementOfDecreasingTemperature",
    "off": 10858,
    "sff": "decreasing"
  },
  {
    "docID": "N165 Li 2010",
    "et": "LongEvansRat",
    "off": 14300,
    "sff": "long"
  },
  {
    "docID": "N165 Li 2010",
    "et": "LongEvansRat",
    "off": 10428,
    "sff": "long"
  },
  {
    "docID": "N165 Li 2010",
    "et": "Cell",
    "off": 15364,
    "sff": "cell"
  },
  {
    "docID": "N165 Li 2010",
    "et": "Cell",
    "off": 2276,
    "sff": "cell"
  },
  {
    "docID": "N165 Li 2010",
    "et": "Cell",
    "off": 16140,
    "sff": "cell"
  },
  {
    "docID": "N165 Li 2010",
    "et": "Cell",
    "off": 16748,
    "sff": "cell"
  },
  {
    "docID": "N165 Li 2010",
    "et": "Cell",
    "off": 1583,
    "sff": "cell"
  },
  {
    "docID": "N165 Li 2010",
    "et": "Cell",
    "off": 6559,
    "sff": "cell"
  },
  {
    "docID": "N165 Li 2010",
    "et": "Cell",
    "off": 6751,
    "sff": "cell"
  },
  {
    "docID": "N165 Li 2010",
    "et": "Cell",
    "off": 15104,
    "sff": "cell"
  },
  {
    "docID": "N165 Li 2010",
    "et": "Cell",
    "off": 3997,
    "sff": "cell"
  },
  {
    "docID": "N165 Li 2010",
    "et": "Cell",
    "off": 14046,
    "sff": "cell"
  },
  {
    "docID": "N165 Li 2010",
    "et": "Cell",
    "off": 2142,
    "sff": "cell"
  },
  {
    "docID": "N165 Li 2010",
    "et": "Cell",
    "off": 10989,
    "sff": "cell"
  },
  {
    "docID": "N165 Li 2010",
    "et": "Labeling",
    "off": 5490,
    "sff": "labeling"
  },
  {
    "docID": "N165 Li 2010",
    "et": "Lateral",
    "off": 2701,
    "sff": "lateral"
  },
  {
    "docID": "N165 Li 2010",
    "et": "CompleteTransectionType",
    "off": 2478,
    "sff": "transection"
  },
  {
    "docID": "N165 Li 2010",
    "et": "ExperimentalProcedure",
    "off": 12422,
    "sff": "experimental"
  },
  {
    "docID": "N165 Li 2010",
    "et": "ExperimentalProcedure",
    "off": 15799,
    "sff": "experimental"
  },
  {
    "docID": "N165 Li 2010",
    "et": "ExperimentalProcedure",
    "off": 15461,
    "sff": "experimental"
  },
  {
    "docID": "N165 Li 2010",
    "et": "ExperimentalProcedure",
    "off": 8158,
    "sff": "experimental"
  },
  {
    "docID": "N165 Li 2010",
    "et": "ExperimentalProcedure",
    "off": 12110,
    "sff": "experimental"
  },
  {
    "docID": "N165 Li 2010",
    "et": "ExperimentalProcedure",
    "off": 7375,
    "sff": "experimental"
  },
  {
    "docID": "N165 Li 2010",
    "et": "ExperimentalProcedure",
    "off": 16654,
    "sff": "experimental"
  },
  {
    "docID": "N165 Li 2010",
    "et": "ExperimentalProcedure",
    "off": 16450,
    "sff": "experimental"
  },
  {
    "docID": "N165 Li 2010",
    "et": "ExperimentalProcedure",
    "off": 15200,
    "sff": "experimental"
  },
  {
    "docID": "N165 Li 2010",
    "et": "BodyTemperatureMeasurement",
    "off": 5845,
    "sff": "temperature"
  },
  {
    "docID": "N165 Li 2010",
    "et": "BodyTemperatureMeasurement",
    "off": 3062,
    "sff": "body"
  },
  {
    "docID": "N165 Li 2010",
    "et": "PartialTransectionType",
    "off": 2478,
    "sff": "transection"
  },
  {
    "docID": "N165 Li 2010",
    "et": "BrainDerivedNeurotrophicFactor",
    "off": 2095,
    "sff": "brain-derived neurotrophic factor"
  },
  {
    "docID": "N165 Li 2010",
    "et": "BrainDerivedNeurotrophicFactor",
    "off": 6862,
    "sff": "brain"
  },
  {
    "docID": "N165 Li 2010",
    "et": "BrainDerivedNeurotrophicFactor",
    "off": 2095,
    "sff": "brain-derived"
  }
]
