[
  {
    "docID": "N168 Li 2016",
    "et": "CompleteTransection",
    "off": 9492,
    "sff": "Complete"
  },
  {
    "docID": "N168 Li 2016",
    "et": "CompleteTransection",
    "off": 12909,
    "sff": "complete"
  },
  {
    "docID": "N168 Li 2016",
    "et": "CompleteTransection",
    "off": 6074,
    "sff": "complete"
  },
  {
    "docID": "N168 Li 2016",
    "et": "CompleteTransection",
    "off": 9273,
    "sff": "complete"
  },
  {
    "docID": "N168 Li 2016",
    "et": "CompleteTransection",
    "off": 13832,
    "sff": "complete"
  },
  {
    "docID": "N168 Li 2016",
    "et": "CompleteTransection",
    "off": 12406,
    "sff": "complete"
  },
  {
    "docID": "N168 Li 2016",
    "et": "CompleteTransection",
    "off": 5957,
    "sff": "complete"
  },
  {
    "docID": "N168 Li 2016",
    "et": "CompleteTransection",
    "off": 9973,
    "sff": "complete"
  },
  {
    "docID": "N168 Li 2016",
    "et": "CompleteTransection",
    "off": 15365,
    "sff": "complete"
  },
  {
    "docID": "N168 Li 2016",
    "et": "CompleteTransection",
    "off": 17156,
    "sff": "complete"
  },
  {
    "docID": "N168 Li 2016",
    "et": "CompleteTransection",
    "off": 15939,
    "sff": "complete"
  },
  {
    "docID": "N168 Li 2016",
    "et": "Ethanol",
    "off": 7599,
    "sff": "ethanol"
  },
  {
    "docID": "N168 Li 2016",
    "et": "OlfactoryEnsheathingGliaCell",
    "off": 710,
    "sff": "olfactory"
  },
  {
    "docID": "N168 Li 2016",
    "et": "OlfactoryEnsheathingGliaCell",
    "off": 1903,
    "sff": "olfactory ensheathing"
  },
  {
    "docID": "N168 Li 2016",
    "et": "OlfactoryEnsheathingGliaCell",
    "off": 16324,
    "sff": "olfactory"
  },
  {
    "docID": "N168 Li 2016",
    "et": "OlfactoryEnsheathingGliaCell",
    "off": 16141,
    "sff": "Olfactory ensheathing"
  },
  {
    "docID": "N168 Li 2016",
    "et": "OlfactoryEnsheathingGliaCell",
    "off": 17305,
    "sff": "olfactory"
  },
  {
    "docID": "N168 Li 2016",
    "et": "OlfactoryEnsheathingGliaCell",
    "off": 410,
    "sff": "olfactory"
  },
  {
    "docID": "N168 Li 2016",
    "et": "OlfactoryEnsheathingGliaCell",
    "off": 16183,
    "sff": "olfactory"
  },
  {
    "docID": "N168 Li 2016",
    "et": "OlfactoryEnsheathingGliaCell",
    "off": 10456,
    "sff": "olfactory"
  },
  {
    "docID": "N168 Li 2016",
    "et": "OlfactoryEnsheathingGliaCell",
    "off": 2454,
    "sff": "olfactory"
  },
  {
    "docID": "N168 Li 2016",
    "et": "OlfactoryEnsheathingGliaCell",
    "off": 352,
    "sff": "olfactory ensheathing"
  },
  {
    "docID": "N168 Li 2016",
    "et": "OlfactoryEnsheathingGliaCell",
    "off": 787,
    "sff": "olfactory"
  },
  {
    "docID": "N168 Li 2016",
    "et": "OlfactoryEnsheathingGliaCell",
    "off": 2593,
    "sff": "olfactory"
  },
  {
    "docID": "N168 Li 2016",
    "et": "OlfactoryEnsheathingGliaCell",
    "off": 16225,
    "sff": "olfactory"
  },
  {
    "docID": "N168 Li 2016",
    "et": "OlfactoryEnsheathingGliaCell",
    "off": 17858,
    "sff": "olfactory"
  },
  {
    "docID": "N168 Li 2016",
    "et": "OlfactoryEnsheathingGliaCell",
    "off": 1824,
    "sff": "olfactory"
  },
  {
    "docID": "N168 Li 2016",
    "et": "OlfactoryEnsheathingGliaCell",
    "off": 6237,
    "sff": "olfactory"
  },
  {
    "docID": "N168 Li 2016",
    "et": "OlfactoryEnsheathingGliaCell",
    "off": 903,
    "sff": "olfactory ensheathing"
  },
  {
    "docID": "N168 Li 2016",
    "et": "DorsalInjuryArea",
    "off": 16663,
    "sff": "dorsal"
  },
  {
    "docID": "N168 Li 2016",
    "et": "DorsalInjuryArea",
    "off": 18637,
    "sff": "dorsal"
  },
  {
    "docID": "N168 Li 2016",
    "et": "DorsalInjuryArea",
    "off": 14474,
    "sff": "dorsal"
  },
  {
    "docID": "N168 Li 2016",
    "et": "DosageExtracorporal",
    "off": 7571,
    "sff": "dosage"
  },
  {
    "docID": "N168 Li 2016",
    "et": "C57_BL6_Mouse",
    "off": 6284,
    "sff": "C57BL/6"
  },
  {
    "docID": "N168 Li 2016",
    "et": "MouseSpecies",
    "off": 4372,
    "sff": "mouse"
  },
  {
    "docID": "N168 Li 2016",
    "et": "MouseSpecies",
    "off": 890,
    "sff": "mouse"
  },
  {
    "docID": "N168 Li 2016",
    "et": "MouseSpecies",
    "off": 8819,
    "sff": "Mouse"
  },
  {
    "docID": "N168 Li 2016",
    "et": "MouseSpecies",
    "off": 4507,
    "sff": "mouse"
  },
  {
    "docID": "N168 Li 2016",
    "et": "MouseSpecies",
    "off": 8251,
    "sff": "mouse"
  },
  {
    "docID": "N168 Li 2016",
    "et": "MouseSpecies",
    "off": 3224,
    "sff": "mouse"
  },
  {
    "docID": "N168 Li 2016",
    "et": "MouseSpecies",
    "off": 3609,
    "sff": "mouse"
  },
  {
    "docID": "N168 Li 2016",
    "et": "MouseSpecies",
    "off": 14126,
    "sff": "mouse"
  },
  {
    "docID": "N168 Li 2016",
    "et": "MouseSpecies",
    "off": 10358,
    "sff": "Mouse"
  },
  {
    "docID": "N168 Li 2016",
    "et": "MouseSpecies",
    "off": 19951,
    "sff": "mouse"
  },
  {
    "docID": "N168 Li 2016",
    "et": "MouseSpecies",
    "off": 14740,
    "sff": "Mouse"
  },
  {
    "docID": "N168 Li 2016",
    "et": "MouseSpecies",
    "off": 10450,
    "sff": "mouse"
  },
  {
    "docID": "N168 Li 2016",
    "et": "MouseSpecies",
    "off": 14866,
    "sff": "mouse"
  },
  {
    "docID": "N168 Li 2016",
    "et": "MouseSpecies",
    "off": 18994,
    "sff": "mouse"
  },
  {
    "docID": "N168 Li 2016",
    "et": "MouseSpecies",
    "off": 8327,
    "sff": "mouse"
  },
  {
    "docID": "N168 Li 2016",
    "et": "MouseSpecies",
    "off": 10087,
    "sff": "mouse"
  },
  {
    "docID": "N168 Li 2016",
    "et": "MouseSpecies",
    "off": 19781,
    "sff": "mouse"
  },
  {
    "docID": "N168 Li 2016",
    "et": "MouseSpecies",
    "off": 18538,
    "sff": "mouse"
  },
  {
    "docID": "N168 Li 2016",
    "et": "MouseSpecies",
    "off": 20139,
    "sff": "mouse"
  },
  {
    "docID": "N168 Li 2016",
    "et": "MouseSpecies",
    "off": 4136,
    "sff": "mouse"
  },
  {
    "docID": "N168 Li 2016",
    "et": "MouseSpecies",
    "off": 13406,
    "sff": "mouse"
  },
  {
    "docID": "N168 Li 2016",
    "et": "MouseSpecies",
    "off": 6018,
    "sff": "mouse"
  },
  {
    "docID": "N168 Li 2016",
    "et": "WeightDrop",
    "off": 3539,
    "sff": "weight"
  },
  {
    "docID": "N168 Li 2016",
    "et": "NOGOReceptorAntagonist",
    "off": 6818,
    "sff": "receptor"
  },
  {
    "docID": "N168 Li 2016",
    "et": "SpinalFiberTract",
    "off": 18483,
    "sff": "fiber"
  },
  {
    "docID": "N168 Li 2016",
    "et": "SpinalFiberTract",
    "off": 18276,
    "sff": "fiber"
  },
  {
    "docID": "N168 Li 2016",
    "et": "SpinalFiberTract",
    "off": 17084,
    "sff": "fiber"
  },
  {
    "docID": "N168 Li 2016",
    "et": "DorsalHemisection",
    "off": 16663,
    "sff": "dorsal"
  },
  {
    "docID": "N168 Li 2016",
    "et": "DorsalHemisection",
    "off": 18637,
    "sff": "dorsal"
  },
  {
    "docID": "N168 Li 2016",
    "et": "DorsalHemisection",
    "off": 14474,
    "sff": "dorsal"
  },
  {
    "docID": "N168 Li 2016",
    "et": "HeatLesion",
    "off": 2115,
    "sff": "heat lesion"
  },
  {
    "docID": "N168 Li 2016",
    "et": "HeatLesion",
    "off": 5689,
    "sff": "heat lesion"
  },
  {
    "docID": "N168 Li 2016",
    "et": "Allogeneic",
    "off": 2814,
    "sff": "allogeneic"
  },
  {
    "docID": "N168 Li 2016",
    "et": "SpinalVentralHalf",
    "off": 14518,
    "sff": "ventral"
  },
  {
    "docID": "N168 Li 2016",
    "et": "SpinalVentralHalf",
    "off": 13038,
    "sff": "ventral"
  },
  {
    "docID": "N168 Li 2016",
    "et": "RabbitSpecies",
    "off": 6970,
    "sff": "rabbit"
  },
  {
    "docID": "N168 Li 2016",
    "et": "RabbitSpecies",
    "off": 8150,
    "sff": "rabbit"
  },
  {
    "docID": "N168 Li 2016",
    "et": "RabbitSpecies",
    "off": 8276,
    "sff": "rabbit"
  },
  {
    "docID": "N168 Li 2016",
    "et": "DorsalColumn",
    "off": 14474,
    "sff": "dorsal column"
  },
  {
    "docID": "N168 Li 2016",
    "et": "DorsalColumn",
    "off": 16663,
    "sff": "dorsal"
  },
  {
    "docID": "N168 Li 2016",
    "et": "DorsalColumn",
    "off": 18637,
    "sff": "dorsal"
  },
  {
    "docID": "N168 Li 2016",
    "et": "SpinalFiber",
    "off": 17084,
    "sff": "fiber"
  },
  {
    "docID": "N168 Li 2016",
    "et": "SpinalFiber",
    "off": 18483,
    "sff": "fiber"
  },
  {
    "docID": "N168 Li 2016",
    "et": "SpinalFiber",
    "off": 18276,
    "sff": "fiber"
  },
  {
    "docID": "N168 Li 2016",
    "et": "Autologous",
    "off": 17000,
    "sff": "autologous"
  },
  {
    "docID": "N168 Li 2016",
    "et": "CellDeathInduction",
    "off": 169,
    "sff": "Cell"
  },
  {
    "docID": "N168 Li 2016",
    "et": "CellDeathInduction",
    "off": 17699,
    "sff": "cell"
  },
  {
    "docID": "N168 Li 2016",
    "et": "CellDeathInduction",
    "off": 2834,
    "sff": "cell"
  },
  {
    "docID": "N168 Li 2016",
    "et": "CellDeathInduction",
    "off": 1760,
    "sff": "cell"
  },
  {
    "docID": "N168 Li 2016",
    "et": "CellDeathInduction",
    "off": 20574,
    "sff": "cell"
  },
  {
    "docID": "N168 Li 2016",
    "et": "CellDeathInduction",
    "off": 7177,
    "sff": "cell"
  },
  {
    "docID": "N168 Li 2016",
    "et": "CellDeathInduction",
    "off": 8633,
    "sff": "cell"
  },
  {
    "docID": "N168 Li 2016",
    "et": "CellDeathInduction",
    "off": 17562,
    "sff": "cell"
  },
  {
    "docID": "N168 Li 2016",
    "et": "Left",
    "off": 5317,
    "sff": "left"
  },
  {
    "docID": "N168 Li 2016",
    "et": "Left",
    "off": 3984,
    "sff": "left"
  },
  {
    "docID": "N168 Li 2016",
    "et": "SubstanceApplicationLocation",
    "off": 2557,
    "sff": "application"
  },
  {
    "docID": "N168 Li 2016",
    "et": "InjuryDevice",
    "off": 5737,
    "sff": "device"
  },
  {
    "docID": "N168 Li 2016",
    "et": "C1",
    "off": 12049,
    "sff": "C1"
  },
  {
    "docID": "N168 Li 2016",
    "et": "C1",
    "off": 5547,
    "sff": "C1"
  },
  {
    "docID": "N168 Li 2016",
    "et": "C1",
    "off": 1033,
    "sff": "C1"
  },
  {
    "docID": "N168 Li 2016",
    "et": "C1",
    "off": 2249,
    "sff": "C1"
  },
  {
    "docID": "N168 Li 2016",
    "et": "C1",
    "off": 10649,
    "sff": "C1"
  },
  {
    "docID": "N168 Li 2016",
    "et": "C1",
    "off": 18691,
    "sff": "C1"
  },
  {
    "docID": "N168 Li 2016",
    "et": "C2",
    "off": 5554,
    "sff": "C2"
  },
  {
    "docID": "N168 Li 2016",
    "et": "Tissue",
    "off": 15982,
    "sff": "tissue"
  },
  {
    "docID": "N168 Li 2016",
    "et": "Tissue",
    "off": 13276,
    "sff": "tissue"
  },
  {
    "docID": "N168 Li 2016",
    "et": "Tissue",
    "off": 18085,
    "sff": "tissue"
  },
  {
    "docID": "N168 Li 2016",
    "et": "Tissue",
    "off": 6180,
    "sff": "tissue"
  },
  {
    "docID": "N168 Li 2016",
    "et": "InjectionDelivery",
    "off": 4543,
    "sff": "injection"
  },
  {
    "docID": "N168 Li 2016",
    "et": "InjectionDelivery",
    "off": 9236,
    "sff": "injection"
  },
  {
    "docID": "N168 Li 2016",
    "et": "InjectionDelivery",
    "off": 2381,
    "sff": "injection"
  },
  {
    "docID": "N168 Li 2016",
    "et": "SpinalLesionSite",
    "off": 1474,
    "sff": "lesion site"
  },
  {
    "docID": "N168 Li 2016",
    "et": "SpinalLesionSite",
    "off": 9071,
    "sff": "lesion"
  },
  {
    "docID": "N168 Li 2016",
    "et": "SpinalLesionSite",
    "off": 16121,
    "sff": "lesion"
  },
  {
    "docID": "N168 Li 2016",
    "et": "SpinalLesionSite",
    "off": 7351,
    "sff": "lesion site"
  },
  {
    "docID": "N168 Li 2016",
    "et": "SpinalLesionSite",
    "off": 2276,
    "sff": "lesion"
  },
  {
    "docID": "N168 Li 2016",
    "et": "SpinalLesionSite",
    "off": 13451,
    "sff": "lesion site"
  },
  {
    "docID": "N168 Li 2016",
    "et": "SpinalLesionSite",
    "off": 5730,
    "sff": "lesion"
  },
  {
    "docID": "N168 Li 2016",
    "et": "SpinalLesionSite",
    "off": 13986,
    "sff": "lesion"
  },
  {
    "docID": "N168 Li 2016",
    "et": "SpinalLesionSite",
    "off": 1320,
    "sff": "lesion"
  },
  {
    "docID": "N168 Li 2016",
    "et": "SpinalLesionSite",
    "off": 18856,
    "sff": "lesion"
  },
  {
    "docID": "N168 Li 2016",
    "et": "SpinalLesionSite",
    "off": 5905,
    "sff": "lesion"
  },
  {
    "docID": "N168 Li 2016",
    "et": "SpinalLesionSite",
    "off": 9169,
    "sff": "lesion"
  },
  {
    "docID": "N168 Li 2016",
    "et": "SpinalLesionSite",
    "off": 13137,
    "sff": "lesion"
  },
  {
    "docID": "N168 Li 2016",
    "et": "SpinalLesionSite",
    "off": 13390,
    "sff": "lesion"
  },
  {
    "docID": "N168 Li 2016",
    "et": "SpinalLesionSite",
    "off": 14357,
    "sff": "lesion"
  },
  {
    "docID": "N168 Li 2016",
    "et": "SpinalLesionSite",
    "off": 14420,
    "sff": "lesion"
  },
  {
    "docID": "N168 Li 2016",
    "et": "SpinalLesionSite",
    "off": 2323,
    "sff": "lesion"
  },
  {
    "docID": "N168 Li 2016",
    "et": "SpinalLesionSite",
    "off": 9629,
    "sff": "lesion"
  },
  {
    "docID": "N168 Li 2016",
    "et": "SpinalLesionSite",
    "off": 16027,
    "sff": "lesion"
  },
  {
    "docID": "N168 Li 2016",
    "et": "SpinalLesionSite",
    "off": 5694,
    "sff": "lesion"
  },
  {
    "docID": "N168 Li 2016",
    "et": "SpinalLesionSite",
    "off": 19902,
    "sff": "lesion"
  },
  {
    "docID": "N168 Li 2016",
    "et": "SpinalLesionSite",
    "off": 2373,
    "sff": "lesion"
  },
  {
    "docID": "N168 Li 2016",
    "et": "SpinalLesionSite",
    "off": 15685,
    "sff": "lesion"
  },
  {
    "docID": "N168 Li 2016",
    "et": "SpinalLesionSite",
    "off": 10050,
    "sff": "lesion"
  },
  {
    "docID": "N168 Li 2016",
    "et": "SpinalLesionSite",
    "off": 2120,
    "sff": "lesion"
  },
  {
    "docID": "N168 Li 2016",
    "et": "SpinalLesionSite",
    "off": 18248,
    "sff": "lesion"
  },
  {
    "docID": "N168 Li 2016",
    "et": "TShapedLesion",
    "off": 10514,
    "sff": "shaped"
  },
  {
    "docID": "N168 Li 2016",
    "et": "HumanSpecies",
    "off": 632,
    "sff": "human"
  },
  {
    "docID": "N168 Li 2016",
    "et": "HumanSpecies",
    "off": 20507,
    "sff": "human"
  },
  {
    "docID": "N168 Li 2016",
    "et": "HumanSpecies",
    "off": 244,
    "sff": "human"
  },
  {
    "docID": "N168 Li 2016",
    "et": "HumanSpecies",
    "off": 16705,
    "sff": "human"
  },
  {
    "docID": "N168 Li 2016",
    "et": "HumanSpecies",
    "off": 17678,
    "sff": "human"
  },
  {
    "docID": "N168 Li 2016",
    "et": "Weight",
    "off": 3546,
    "sff": "200–220 g"
  },
  {
    "docID": "N168 Li 2016",
    "et": "AnimalSpecies",
    "off": 19175,
    "sff": "species"
  },
  {
    "docID": "N168 Li 2016",
    "et": "AnimalCareCondition",
    "off": 4919,
    "sff": "care"
  },
  {
    "docID": "N168 Li 2016",
    "et": "LongTermCultivation",
    "off": 12480,
    "sff": "Long-Term"
  },
  {
    "docID": "N168 Li 2016",
    "et": "LongTermCultivation",
    "off": 9263,
    "sff": "Long-term"
  },
  {
    "docID": "N168 Li 2016",
    "et": "LongTermCultivation",
    "off": 4012,
    "sff": "long-term"
  },
  {
    "docID": "N168 Li 2016",
    "et": "LongTermCultivation",
    "off": 6135,
    "sff": "long-term"
  },
  {
    "docID": "N168 Li 2016",
    "et": "Dosage",
    "off": 7581,
    "sff": "6 mg/kg"
  },
  {
    "docID": "N168 Li 2016",
    "et": "Dosage",
    "off": 7908,
    "sff": "4%"
  },
  {
    "docID": "N168 Li 2016",
    "et": "Dosage",
    "off": 3550,
    "sff": "220 g"
  },
  {
    "docID": "N168 Li 2016",
    "et": "Dosage",
    "off": 6692,
    "sff": "10%"
  },
  {
    "docID": "N168 Li 2016",
    "et": "Dosage",
    "off": 7594,
    "sff": "100%"
  },
  {
    "docID": "N168 Li 2016",
    "et": "Dosage",
    "off": 10899,
    "sff": "1 mm"
  },
  {
    "docID": "N168 Li 2016",
    "et": "Dosage",
    "off": 10553,
    "sff": "40%"
  },
  {
    "docID": "N168 Li 2016",
    "et": "Dosage",
    "off": 10496,
    "sff": "70%"
  },
  {
    "docID": "N168 Li 2016",
    "et": "Dosage",
    "off": 7238,
    "sff": "106/ml"
  },
  {
    "docID": "N168 Li 2016",
    "et": "Dosage",
    "off": 6456,
    "sff": "35-mm"
  },
  {
    "docID": "N168 Li 2016",
    "et": "Dosage",
    "off": 10959,
    "sff": "0.3 mm"
  },
  {
    "docID": "N168 Li 2016",
    "et": "Dosage",
    "off": 11218,
    "sff": "30%"
  },
  {
    "docID": "N168 Li 2016",
    "et": "Dosage",
    "off": 17233,
    "sff": "8 mm"
  },
  {
    "docID": "N168 Li 2016",
    "et": "Dosage",
    "off": 7515,
    "sff": "15 mg/ml"
  },
  {
    "docID": "N168 Li 2016",
    "et": "Dosage",
    "off": 7527,
    "sff": "20%"
  },
  {
    "docID": "N168 Li 2016",
    "et": "Right",
    "off": 5307,
    "sff": "right"
  },
  {
    "docID": "N168 Li 2016",
    "et": "Ventral",
    "off": 13038,
    "sff": "ventral"
  },
  {
    "docID": "N168 Li 2016",
    "et": "Ventral",
    "off": 14518,
    "sff": "ventral"
  },
  {
    "docID": "N168 Li 2016",
    "et": "NovartisMexico",
    "off": 7482,
    "sff": "Novartis"
  },
  {
    "docID": "N168 Li 2016",
    "et": "TreatmentSite",
    "off": 14100,
    "sff": "treatment"
  },
  {
    "docID": "N168 Li 2016",
    "et": "Longitudinal",
    "off": 11294,
    "sff": "longitudinal"
  },
  {
    "docID": "N168 Li 2016",
    "et": "AlbinoSwissRat",
    "off": 3489,
    "sff": "Albino Swiss"
  },
  {
    "docID": "N168 Li 2016",
    "et": "Vertebrae",
    "off": 5557,
    "sff": "vertebrae"
  },
  {
    "docID": "N168 Li 2016",
    "et": "Duration",
    "off": 12430,
    "sff": "8 weeks"
  },
  {
    "docID": "N168 Li 2016",
    "et": "Duration",
    "off": 11155,
    "sff": "1 week"
  },
  {
    "docID": "N168 Li 2016",
    "et": "Duration",
    "off": 13762,
    "sff": "5 weeks"
  },
  {
    "docID": "N168 Li 2016",
    "et": "Duration",
    "off": 9601,
    "sff": "16 weeks (8 weeks"
  },
  {
    "docID": "N168 Li 2016",
    "et": "Duration",
    "off": 15045,
    "sff": "10 days"
  },
  {
    "docID": "N168 Li 2016",
    "et": "Duration",
    "off": 10001,
    "sff": "8 weeks"
  },
  {
    "docID": "N168 Li 2016",
    "et": "Duration",
    "off": 11239,
    "sff": "4 days"
  },
  {
    "docID": "N168 Li 2016",
    "et": "Duration",
    "off": 3691,
    "sff": "4 days"
  },
  {
    "docID": "N168 Li 2016",
    "et": "Duration",
    "off": 2358,
    "sff": "2 months"
  },
  {
    "docID": "N168 Li 2016",
    "et": "Duration",
    "off": 7788,
    "sff": "3 days"
  },
  {
    "docID": "N168 Li 2016",
    "et": "Duration",
    "off": 6610,
    "sff": "15–16 days"
  },
  {
    "docID": "N168 Li 2016",
    "et": "Duration",
    "off": 9637,
    "sff": "8 weeks"
  },
  {
    "docID": "N168 Li 2016",
    "et": "Duration",
    "off": 13556,
    "sff": "3 days"
  },
  {
    "docID": "N168 Li 2016",
    "et": "Duration",
    "off": 15140,
    "sff": "8 weeks"
  },
  {
    "docID": "N168 Li 2016",
    "et": "Duration",
    "off": 8550,
    "sff": "2 h"
  },
  {
    "docID": "N168 Li 2016",
    "et": "Duration",
    "off": 10744,
    "sff": "4 days"
  },
  {
    "docID": "N168 Li 2016",
    "et": "Duration",
    "off": 1117,
    "sff": "10 days"
  },
  {
    "docID": "N168 Li 2016",
    "et": "Duration",
    "off": 12613,
    "sff": "10 months"
  },
  {
    "docID": "N168 Li 2016",
    "et": "Duration",
    "off": 4581,
    "sff": "10 days"
  },
  {
    "docID": "N168 Li 2016",
    "et": "Duration",
    "off": 6120,
    "sff": "12 months"
  },
  {
    "docID": "N168 Li 2016",
    "et": "Duration",
    "off": 15507,
    "sff": "3 weeks"
  },
  {
    "docID": "N168 Li 2016",
    "et": "Duration",
    "off": 2515,
    "sff": "10 days (12"
  },
  {
    "docID": "N168 Li 2016",
    "et": "Duration",
    "off": 12115,
    "sff": "3 days"
  },
  {
    "docID": "N168 Li 2016",
    "et": "Duration",
    "off": 4164,
    "sff": "8 weeks"
  },
  {
    "docID": "N168 Li 2016",
    "et": "Duration",
    "off": 9386,
    "sff": "10 months"
  },
  {
    "docID": "N168 Li 2016",
    "et": "Duration",
    "off": 13376,
    "sff": "8 weeks"
  },
  {
    "docID": "N168 Li 2016",
    "et": "Duration",
    "off": 12634,
    "sff": "12 months"
  },
  {
    "docID": "N168 Li 2016",
    "et": "Duration",
    "off": 15216,
    "sff": "5–6 weeks"
  },
  {
    "docID": "N168 Li 2016",
    "et": "Duration",
    "off": 4348,
    "sff": "5 weeks"
  },
  {
    "docID": "N168 Li 2016",
    "et": "Duration",
    "off": 6424,
    "sff": "15 min"
  },
  {
    "docID": "N168 Li 2016",
    "et": "Duration",
    "off": 10242,
    "sff": "10 days"
  },
  {
    "docID": "N168 Li 2016",
    "et": "Duration",
    "off": 11695,
    "sff": "2 weeks"
  },
  {
    "docID": "N168 Li 2016",
    "et": "Duration",
    "off": 12235,
    "sff": "2 weeks"
  },
  {
    "docID": "N168 Li 2016",
    "et": "Duration",
    "off": 8904,
    "sff": "1 week"
  },
  {
    "docID": "N168 Li 2016",
    "et": "Duration",
    "off": 18739,
    "sff": "12 months"
  },
  {
    "docID": "N168 Li 2016",
    "et": "Duration",
    "off": 5815,
    "sff": "1 min"
  },
  {
    "docID": "N168 Li 2016",
    "et": "Duration",
    "off": 14916,
    "sff": "2 weeks"
  },
  {
    "docID": "N168 Li 2016",
    "et": "Duration",
    "off": 5985,
    "sff": "8 weeks"
  },
  {
    "docID": "N168 Li 2016",
    "et": "Duration",
    "off": 8889,
    "sff": "4 days"
  },
  {
    "docID": "N168 Li 2016",
    "et": "Duration",
    "off": 3744,
    "sff": "4 weeks"
  },
  {
    "docID": "N168 Li 2016",
    "et": "Duration",
    "off": 5888,
    "sff": "3 days"
  },
  {
    "docID": "N168 Li 2016",
    "et": "Duration",
    "off": 3993,
    "sff": "10–12 months"
  },
  {
    "docID": "N168 Li 2016",
    "et": "Duration",
    "off": 11535,
    "sff": "4 weeks"
  },
  {
    "docID": "N168 Li 2016",
    "et": "Duration",
    "off": 4730,
    "sff": "8 weeks"
  },
  {
    "docID": "N168 Li 2016",
    "et": "Duration",
    "off": 9141,
    "sff": "13 weeks (8 weeks"
  },
  {
    "docID": "N168 Li 2016",
    "et": "Duration",
    "off": 9177,
    "sff": "5 weeks"
  },
  {
    "docID": "N168 Li 2016",
    "et": "Duration",
    "off": 10415,
    "sff": "15–16 days"
  },
  {
    "docID": "N168 Li 2016",
    "et": "Duration",
    "off": 14599,
    "sff": "1D"
  },
  {
    "docID": "N168 Li 2016",
    "et": "Duration",
    "off": 14937,
    "sff": "3 weeks"
  },
  {
    "docID": "N168 Li 2016",
    "et": "Duration",
    "off": 8923,
    "sff": "3 weeks"
  },
  {
    "docID": "N168 Li 2016",
    "et": "LesionAdjacentTissue",
    "off": 18656,
    "sff": "adjacent"
  },
  {
    "docID": "N168 Li 2016",
    "et": "LesionAdjacentTissue",
    "off": 2373,
    "sff": "lesion"
  },
  {
    "docID": "N168 Li 2016",
    "et": "LesionAdjacentTissue",
    "off": 15685,
    "sff": "lesion"
  },
  {
    "docID": "N168 Li 2016",
    "et": "LesionAdjacentTissue",
    "off": 2120,
    "sff": "lesion"
  },
  {
    "docID": "N168 Li 2016",
    "et": "LesionAdjacentTissue",
    "off": 18248,
    "sff": "lesion"
  },
  {
    "docID": "N168 Li 2016",
    "et": "LesionAdjacentTissue",
    "off": 1474,
    "sff": "lesion"
  },
  {
    "docID": "N168 Li 2016",
    "et": "LesionAdjacentTissue",
    "off": 10050,
    "sff": "lesion"
  },
  {
    "docID": "N168 Li 2016",
    "et": "LesionAdjacentTissue",
    "off": 13390,
    "sff": "lesion"
  },
  {
    "docID": "N168 Li 2016",
    "et": "LesionAdjacentTissue",
    "off": 13451,
    "sff": "lesion"
  },
  {
    "docID": "N168 Li 2016",
    "et": "LesionAdjacentTissue",
    "off": 7351,
    "sff": "lesion"
  },
  {
    "docID": "N168 Li 2016",
    "et": "LesionAdjacentTissue",
    "off": 12973,
    "sff": "adjacent"
  },
  {
    "docID": "N168 Li 2016",
    "et": "LesionAdjacentTissue",
    "off": 14573,
    "sff": "adjacent"
  },
  {
    "docID": "N168 Li 2016",
    "et": "LesionAdjacentTissue",
    "off": 5694,
    "sff": "lesion"
  },
  {
    "docID": "N168 Li 2016",
    "et": "LesionAdjacentTissue",
    "off": 19902,
    "sff": "lesion"
  },
  {
    "docID": "N168 Li 2016",
    "et": "LesionAdjacentTissue",
    "off": 16121,
    "sff": "lesion"
  },
  {
    "docID": "N168 Li 2016",
    "et": "LesionAdjacentTissue",
    "off": 15424,
    "sff": "adjacent"
  },
  {
    "docID": "N168 Li 2016",
    "et": "LesionAdjacentTissue",
    "off": 1320,
    "sff": "lesion"
  },
  {
    "docID": "N168 Li 2016",
    "et": "LesionAdjacentTissue",
    "off": 18856,
    "sff": "lesion"
  },
  {
    "docID": "N168 Li 2016",
    "et": "LesionAdjacentTissue",
    "off": 5730,
    "sff": "lesion"
  },
  {
    "docID": "N168 Li 2016",
    "et": "LesionAdjacentTissue",
    "off": 13986,
    "sff": "lesion"
  },
  {
    "docID": "N168 Li 2016",
    "et": "LesionAdjacentTissue",
    "off": 2276,
    "sff": "lesion"
  },
  {
    "docID": "N168 Li 2016",
    "et": "LesionAdjacentTissue",
    "off": 13895,
    "sff": "adjacent"
  },
  {
    "docID": "N168 Li 2016",
    "et": "LesionAdjacentTissue",
    "off": 9071,
    "sff": "lesion"
  },
  {
    "docID": "N168 Li 2016",
    "et": "LesionAdjacentTissue",
    "off": 5648,
    "sff": "adjacent"
  },
  {
    "docID": "N168 Li 2016",
    "et": "LesionAdjacentTissue",
    "off": 14357,
    "sff": "lesion"
  },
  {
    "docID": "N168 Li 2016",
    "et": "LesionAdjacentTissue",
    "off": 5905,
    "sff": "lesion"
  },
  {
    "docID": "N168 Li 2016",
    "et": "LesionAdjacentTissue",
    "off": 9169,
    "sff": "lesion"
  },
  {
    "docID": "N168 Li 2016",
    "et": "LesionAdjacentTissue",
    "off": 13137,
    "sff": "lesion"
  },
  {
    "docID": "N168 Li 2016",
    "et": "LesionAdjacentTissue",
    "off": 14420,
    "sff": "lesion"
  },
  {
    "docID": "N168 Li 2016",
    "et": "LesionAdjacentTissue",
    "off": 2323,
    "sff": "lesion"
  },
  {
    "docID": "N168 Li 2016",
    "et": "LesionAdjacentTissue",
    "off": 9629,
    "sff": "lesion"
  },
  {
    "docID": "N168 Li 2016",
    "et": "LesionAdjacentTissue",
    "off": 2201,
    "sff": "adjacent"
  },
  {
    "docID": "N168 Li 2016",
    "et": "LesionAdjacentTissue",
    "off": 16027,
    "sff": "lesion"
  },
  {
    "docID": "N168 Li 2016",
    "et": "InjuryArea",
    "off": 10837,
    "sff": "area"
  },
  {
    "docID": "N168 Li 2016",
    "et": "InjuryArea",
    "off": 11609,
    "sff": "area"
  },
  {
    "docID": "N168 Li 2016",
    "et": "InjuryArea",
    "off": 14364,
    "sff": "area"
  },
  {
    "docID": "N168 Li 2016",
    "et": "InjuryArea",
    "off": 14687,
    "sff": "area"
  },
  {
    "docID": "N168 Li 2016",
    "et": "InjuryArea",
    "off": 18863,
    "sff": "area"
  },
  {
    "docID": "N168 Li 2016",
    "et": "InjuryArea",
    "off": 16416,
    "sff": "area"
  },
  {
    "docID": "N168 Li 2016",
    "et": "ShortTermCultivaton",
    "off": 14253,
    "sff": "short-term"
  },
  {
    "docID": "N168 Li 2016",
    "et": "SpinalCordStump",
    "off": 17211,
    "sff": "stump"
  },
  {
    "docID": "N168 Li 2016",
    "et": "AscendingFiberTract",
    "off": 17084,
    "sff": "fiber"
  },
  {
    "docID": "N168 Li 2016",
    "et": "AscendingFiberTract",
    "off": 18276,
    "sff": "fiber"
  },
  {
    "docID": "N168 Li 2016",
    "et": "AscendingFiberTract",
    "off": 18483,
    "sff": "fiber"
  },
  {
    "docID": "N168 Li 2016",
    "et": "AscendingFiberTract",
    "off": 14464,
    "sff": "ascending"
  },
  {
    "docID": "N168 Li 2016",
    "et": "Dorsal",
    "off": 16663,
    "sff": "dorsal"
  },
  {
    "docID": "N168 Li 2016",
    "et": "Dorsal",
    "off": 18637,
    "sff": "dorsal"
  },
  {
    "docID": "N168 Li 2016",
    "et": "Dorsal",
    "off": 14474,
    "sff": "dorsal"
  },
  {
    "docID": "N168 Li 2016",
    "et": "Antibody",
    "off": 6827,
    "sff": "antibody"
  },
  {
    "docID": "N168 Li 2016",
    "et": "CyclosporineA",
    "off": 4530,
    "sff": "cyclosporine"
  },
  {
    "docID": "N168 Li 2016",
    "et": "CyclosporineA",
    "off": 15246,
    "sff": "cyclosporine"
  },
  {
    "docID": "N168 Li 2016",
    "et": "CyclosporineA",
    "off": 14987,
    "sff": "cyclosporine"
  },
  {
    "docID": "N168 Li 2016",
    "et": "CyclosporineA",
    "off": 7468,
    "sff": "cyclosporine"
  },
  {
    "docID": "N168 Li 2016",
    "et": "CyclosporineA",
    "off": 3027,
    "sff": "cyclosporine"
  },
  {
    "docID": "N168 Li 2016",
    "et": "CyclosporineA",
    "off": 4642,
    "sff": "cyclosporine"
  },
  {
    "docID": "N168 Li 2016",
    "et": "CyclosporineA",
    "off": 10146,
    "sff": "cyclosporine"
  },
  {
    "docID": "N168 Li 2016",
    "et": "CyclosporineA",
    "off": 13501,
    "sff": "cyclosporine"
  },
  {
    "docID": "N168 Li 2016",
    "et": "CyclosporineA",
    "off": 14788,
    "sff": "Cyclosporine"
  },
  {
    "docID": "N168 Li 2016",
    "et": "CyclosporineA",
    "off": 15069,
    "sff": "cyclosporine"
  },
  {
    "docID": "N168 Li 2016",
    "et": "CyclosporineA",
    "off": 4195,
    "sff": "Cyclosporine"
  },
  {
    "docID": "N168 Li 2016",
    "et": "CyclosporineA",
    "off": 956,
    "sff": "cyclosporine"
  },
  {
    "docID": "N168 Li 2016",
    "et": "CyclosporineA",
    "off": 8860,
    "sff": "cyclosporine"
  },
  {
    "docID": "N168 Li 2016",
    "et": "CyclosporineA",
    "off": 10218,
    "sff": "cyclosporine"
  },
  {
    "docID": "N168 Li 2016",
    "et": "CyclosporineA",
    "off": 9223,
    "sff": "cyclosporine"
  },
  {
    "docID": "N168 Li 2016",
    "et": "CyclosporineA",
    "off": 14087,
    "sff": "cyclosporine"
  },
  {
    "docID": "N168 Li 2016",
    "et": "CyclosporineA",
    "off": 1126,
    "sff": "cyclosporine"
  },
  {
    "docID": "N168 Li 2016",
    "et": "RadiofrequencyLesionDevice",
    "off": 16121,
    "sff": "lesion"
  },
  {
    "docID": "N168 Li 2016",
    "et": "RadiofrequencyLesionDevice",
    "off": 19902,
    "sff": "lesion"
  },
  {
    "docID": "N168 Li 2016",
    "et": "RadiofrequencyLesionDevice",
    "off": 5694,
    "sff": "lesion"
  },
  {
    "docID": "N168 Li 2016",
    "et": "RadiofrequencyLesionDevice",
    "off": 7351,
    "sff": "lesion"
  },
  {
    "docID": "N168 Li 2016",
    "et": "RadiofrequencyLesionDevice",
    "off": 5715,
    "sff": "radiofrequency lesion"
  },
  {
    "docID": "N168 Li 2016",
    "et": "RadiofrequencyLesionDevice",
    "off": 9071,
    "sff": "lesion"
  },
  {
    "docID": "N168 Li 2016",
    "et": "RadiofrequencyLesionDevice",
    "off": 2276,
    "sff": "lesion"
  },
  {
    "docID": "N168 Li 2016",
    "et": "RadiofrequencyLesionDevice",
    "off": 5715,
    "sff": "radiofrequency lesion device"
  },
  {
    "docID": "N168 Li 2016",
    "et": "RadiofrequencyLesionDevice",
    "off": 13986,
    "sff": "lesion"
  },
  {
    "docID": "N168 Li 2016",
    "et": "RadiofrequencyLesionDevice",
    "off": 1320,
    "sff": "lesion"
  },
  {
    "docID": "N168 Li 2016",
    "et": "RadiofrequencyLesionDevice",
    "off": 18856,
    "sff": "lesion"
  },
  {
    "docID": "N168 Li 2016",
    "et": "RadiofrequencyLesionDevice",
    "off": 16027,
    "sff": "lesion"
  },
  {
    "docID": "N168 Li 2016",
    "et": "RadiofrequencyLesionDevice",
    "off": 9629,
    "sff": "lesion"
  },
  {
    "docID": "N168 Li 2016",
    "et": "RadiofrequencyLesionDevice",
    "off": 2323,
    "sff": "lesion"
  },
  {
    "docID": "N168 Li 2016",
    "et": "RadiofrequencyLesionDevice",
    "off": 14420,
    "sff": "lesion"
  },
  {
    "docID": "N168 Li 2016",
    "et": "RadiofrequencyLesionDevice",
    "off": 5905,
    "sff": "lesion"
  },
  {
    "docID": "N168 Li 2016",
    "et": "RadiofrequencyLesionDevice",
    "off": 9169,
    "sff": "lesion"
  },
  {
    "docID": "N168 Li 2016",
    "et": "RadiofrequencyLesionDevice",
    "off": 13137,
    "sff": "lesion"
  },
  {
    "docID": "N168 Li 2016",
    "et": "RadiofrequencyLesionDevice",
    "off": 14357,
    "sff": "lesion"
  },
  {
    "docID": "N168 Li 2016",
    "et": "RadiofrequencyLesionDevice",
    "off": 13451,
    "sff": "lesion"
  },
  {
    "docID": "N168 Li 2016",
    "et": "RadiofrequencyLesionDevice",
    "off": 13390,
    "sff": "lesion"
  },
  {
    "docID": "N168 Li 2016",
    "et": "RadiofrequencyLesionDevice",
    "off": 1474,
    "sff": "lesion"
  },
  {
    "docID": "N168 Li 2016",
    "et": "RadiofrequencyLesionDevice",
    "off": 10050,
    "sff": "lesion"
  },
  {
    "docID": "N168 Li 2016",
    "et": "RadiofrequencyLesionDevice",
    "off": 2120,
    "sff": "lesion"
  },
  {
    "docID": "N168 Li 2016",
    "et": "RadiofrequencyLesionDevice",
    "off": 18248,
    "sff": "lesion"
  },
  {
    "docID": "N168 Li 2016",
    "et": "RadiofrequencyLesionDevice",
    "off": 2373,
    "sff": "lesion"
  },
  {
    "docID": "N168 Li 2016",
    "et": "RadiofrequencyLesionDevice",
    "off": 15685,
    "sff": "lesion"
  },
  {
    "docID": "N168 Li 2016",
    "et": "Protein",
    "off": 8232,
    "sff": "protein"
  },
  {
    "docID": "N168 Li 2016",
    "et": "GlialCell",
    "off": 8208,
    "sff": "glial"
  },
  {
    "docID": "N168 Li 2016",
    "et": "ImmuneCell",
    "off": 19729,
    "sff": "immune"
  },
  {
    "docID": "N168 Li 2016",
    "et": "ImmuneCell",
    "off": 19315,
    "sff": "immune"
  },
  {
    "docID": "N168 Li 2016",
    "et": "ImmuneCell",
    "off": 10391,
    "sff": "Immune"
  },
  {
    "docID": "N168 Li 2016",
    "et": "ImmuneCell",
    "off": 2906,
    "sff": "immune"
  },
  {
    "docID": "N168 Li 2016",
    "et": "SpinalGrayMatter",
    "off": 2217,
    "sff": "gray matter"
  },
  {
    "docID": "N168 Li 2016",
    "et": "SpinalGrayMatter",
    "off": 5657,
    "sff": "gray matter"
  },
  {
    "docID": "N168 Li 2016",
    "et": "SpinalGrayMatter",
    "off": 15433,
    "sff": "gray matter"
  },
  {
    "docID": "N168 Li 2016",
    "et": "SpinalGrayMatter",
    "off": 12982,
    "sff": "gray matter"
  },
  {
    "docID": "N168 Li 2016",
    "et": "SpinalGrayMatter",
    "off": 14561,
    "sff": "gray matter"
  },
  {
    "docID": "N168 Li 2016",
    "et": "SpinalGrayMatter",
    "off": 13904,
    "sff": "gray matter"
  },
  {
    "docID": "N168 Li 2016",
    "et": "SpinalGrayMatter",
    "off": 18672,
    "sff": "gray matter"
  },
  {
    "docID": "N168 Li 2016",
    "et": "PostSurgeryCondition",
    "off": 820,
    "sff": "surgery"
  },
  {
    "docID": "N168 Li 2016",
    "et": "PostSurgeryCondition",
    "off": 5851,
    "sff": "Postsurgery"
  },
  {
    "docID": "N168 Li 2016",
    "et": "RatSpecies",
    "off": 20104,
    "sff": "rat"
  },
  {
    "docID": "N168 Li 2016",
    "et": "RatSpecies",
    "off": 22,
    "sff": "Rat"
  },
  {
    "docID": "N168 Li 2016",
    "et": "RatSpecies",
    "off": 16645,
    "sff": "rat"
  },
  {
    "docID": "N168 Li 2016",
    "et": "RatSpecies",
    "off": 8848,
    "sff": "rat"
  },
  {
    "docID": "N168 Li 2016",
    "et": "RatSpecies",
    "off": 3233,
    "sff": "rat"
  },
  {
    "docID": "N168 Li 2016",
    "et": "RatSpecies",
    "off": 18240,
    "sff": "rat"
  },
  {
    "docID": "N168 Li 2016",
    "et": "RatSpecies",
    "off": 18547,
    "sff": "rat"
  },
  {
    "docID": "N168 Li 2016",
    "et": "RatSpecies",
    "off": 16659,
    "sff": "rat"
  },
  {
    "docID": "N168 Li 2016",
    "et": "RatSpecies",
    "off": 2159,
    "sff": "rat"
  },
  {
    "docID": "N168 Li 2016",
    "et": "DosageIntracorporal",
    "off": 7571,
    "sff": "dosage"
  },
  {
    "docID": "N168 Li 2016",
    "et": "SchwannCell",
    "off": 20108,
    "sff": "Schwann"
  },
  {
    "docID": "N168 Li 2016",
    "et": "NewZealandRabbit",
    "off": 18272,
    "sff": "new"
  },
  {
    "docID": "N168 Li 2016",
    "et": "SigmaAldrich",
    "off": 7550,
    "sff": "Sigma"
  },
  {
    "docID": "N168 Li 2016",
    "et": "SigmaAldrich",
    "off": 6551,
    "sff": "Sigma"
  },
  {
    "docID": "N168 Li 2016",
    "et": "DescendingFiberTract",
    "off": 17084,
    "sff": "fiber"
  },
  {
    "docID": "N168 Li 2016",
    "et": "DescendingFiberTract",
    "off": 18483,
    "sff": "fiber"
  },
  {
    "docID": "N168 Li 2016",
    "et": "DescendingFiberTract",
    "off": 18276,
    "sff": "fiber"
  },
  {
    "docID": "N168 Li 2016",
    "et": "PartialTransection",
    "off": 2193,
    "sff": "partial"
  },
  {
    "docID": "N168 Li 2016",
    "et": "PartialTransection",
    "off": 13868,
    "sff": "partial"
  },
  {
    "docID": "N168 Li 2016",
    "et": "PartialTransection",
    "off": 15397,
    "sff": "partial"
  },
  {
    "docID": "N168 Li 2016",
    "et": "PartialTransection",
    "off": 12946,
    "sff": "partial"
  },
  {
    "docID": "N168 Li 2016",
    "et": "GreenFluorescentProtein",
    "off": 8655,
    "sff": "Fluorescent"
  },
  {
    "docID": "N168 Li 2016",
    "et": "GreenFluorescentProtein",
    "off": 9093,
    "sff": "green"
  },
  {
    "docID": "N168 Li 2016",
    "et": "GreenFluorescentProtein",
    "off": 9579,
    "sff": "green"
  },
  {
    "docID": "N168 Li 2016",
    "et": "GreenFluorescentProtein",
    "off": 8953,
    "sff": "green"
  },
  {
    "docID": "N168 Li 2016",
    "et": "GreenFluorescentProtein",
    "off": 9364,
    "sff": "green"
  },
  {
    "docID": "N168 Li 2016",
    "et": "StemCellSourceType",
    "off": 169,
    "sff": "Cell"
  },
  {
    "docID": "N168 Li 2016",
    "et": "StemCellSourceType",
    "off": 2834,
    "sff": "cell"
  },
  {
    "docID": "N168 Li 2016",
    "et": "StemCellSourceType",
    "off": 17699,
    "sff": "cell"
  },
  {
    "docID": "N168 Li 2016",
    "et": "StemCellSourceType",
    "off": 1760,
    "sff": "cell"
  },
  {
    "docID": "N168 Li 2016",
    "et": "StemCellSourceType",
    "off": 20574,
    "sff": "cell"
  },
  {
    "docID": "N168 Li 2016",
    "et": "StemCellSourceType",
    "off": 17562,
    "sff": "cell"
  },
  {
    "docID": "N168 Li 2016",
    "et": "StemCellSourceType",
    "off": 7177,
    "sff": "cell"
  },
  {
    "docID": "N168 Li 2016",
    "et": "StemCellSourceType",
    "off": 8633,
    "sff": "cell"
  },
  {
    "docID": "N168 Li 2016",
    "et": "InVitroExperimentalProcedure",
    "off": 2014,
    "sff": "experimental"
  },
  {
    "docID": "N168 Li 2016",
    "et": "InVitroExperimentalProcedure",
    "off": 561,
    "sff": "experimental"
  },
  {
    "docID": "N168 Li 2016",
    "et": "InVitroExperimentalProcedure",
    "off": 3413,
    "sff": "Experimental"
  },
  {
    "docID": "N168 Li 2016",
    "et": "VentralInjuryArea",
    "off": 13038,
    "sff": "ventral"
  },
  {
    "docID": "N168 Li 2016",
    "et": "VentralInjuryArea",
    "off": 14518,
    "sff": "ventral"
  },
  {
    "docID": "N168 Li 2016",
    "et": "AllenWeightDropDevice",
    "off": 3539,
    "sff": "weight"
  },
  {
    "docID": "N168 Li 2016",
    "et": "Cell",
    "off": 7177,
    "sff": "cell"
  },
  {
    "docID": "N168 Li 2016",
    "et": "Cell",
    "off": 8633,
    "sff": "cell"
  },
  {
    "docID": "N168 Li 2016",
    "et": "Cell",
    "off": 17699,
    "sff": "cell"
  },
  {
    "docID": "N168 Li 2016",
    "et": "Cell",
    "off": 2834,
    "sff": "cell"
  },
  {
    "docID": "N168 Li 2016",
    "et": "Cell",
    "off": 1760,
    "sff": "cell"
  },
  {
    "docID": "N168 Li 2016",
    "et": "Cell",
    "off": 169,
    "sff": "Cell"
  },
  {
    "docID": "N168 Li 2016",
    "et": "Cell",
    "off": 20574,
    "sff": "cell"
  },
  {
    "docID": "N168 Li 2016",
    "et": "Cell",
    "off": 17562,
    "sff": "cell"
  },
  {
    "docID": "N168 Li 2016",
    "et": "Labeling",
    "off": 8943,
    "sff": "labeling"
  },
  {
    "docID": "N168 Li 2016",
    "et": "Labeling",
    "off": 9083,
    "sff": "labeling"
  },
  {
    "docID": "N168 Li 2016",
    "et": "Labeling",
    "off": 10797,
    "sff": "labeling"
  },
  {
    "docID": "N168 Li 2016",
    "et": "Labeling",
    "off": 14060,
    "sff": "labeling"
  },
  {
    "docID": "N168 Li 2016",
    "et": "SpinalDorsalHalf",
    "off": 16663,
    "sff": "dorsal"
  },
  {
    "docID": "N168 Li 2016",
    "et": "SpinalDorsalHalf",
    "off": 18637,
    "sff": "dorsal"
  },
  {
    "docID": "N168 Li 2016",
    "et": "SpinalDorsalHalf",
    "off": 14474,
    "sff": "dorsal"
  },
  {
    "docID": "N168 Li 2016",
    "et": "Isoflurane",
    "off": 5436,
    "sff": "isoflurane"
  },
  {
    "docID": "N168 Li 2016",
    "et": "CompleteTransectionType",
    "off": 6074,
    "sff": "complete"
  },
  {
    "docID": "N168 Li 2016",
    "et": "CompleteTransectionType",
    "off": 9273,
    "sff": "complete"
  },
  {
    "docID": "N168 Li 2016",
    "et": "CompleteTransectionType",
    "off": 13832,
    "sff": "complete"
  },
  {
    "docID": "N168 Li 2016",
    "et": "CompleteTransectionType",
    "off": 12406,
    "sff": "complete"
  },
  {
    "docID": "N168 Li 2016",
    "et": "CompleteTransectionType",
    "off": 5957,
    "sff": "complete"
  },
  {
    "docID": "N168 Li 2016",
    "et": "CompleteTransectionType",
    "off": 9973,
    "sff": "complete"
  },
  {
    "docID": "N168 Li 2016",
    "et": "CompleteTransectionType",
    "off": 15365,
    "sff": "complete"
  },
  {
    "docID": "N168 Li 2016",
    "et": "CompleteTransectionType",
    "off": 17156,
    "sff": "complete"
  },
  {
    "docID": "N168 Li 2016",
    "et": "CompleteTransectionType",
    "off": 15939,
    "sff": "complete"
  },
  {
    "docID": "N168 Li 2016",
    "et": "CompleteTransectionType",
    "off": 9492,
    "sff": "Complete"
  },
  {
    "docID": "N168 Li 2016",
    "et": "CompleteTransectionType",
    "off": 12909,
    "sff": "complete"
  },
  {
    "docID": "N168 Li 2016",
    "et": "ExperimentalProcedure",
    "off": 561,
    "sff": "experimental"
  },
  {
    "docID": "N168 Li 2016",
    "et": "ExperimentalProcedure",
    "off": 3413,
    "sff": "Experimental"
  },
  {
    "docID": "N168 Li 2016",
    "et": "ExperimentalProcedure",
    "off": 2014,
    "sff": "experimental"
  },
  {
    "docID": "N168 Li 2016",
    "et": "BodyTemperatureMeasurement",
    "off": 3534,
    "sff": "body"
  },
  {
    "docID": "N168 Li 2016",
    "et": "BodyTemperatureMeasurement",
    "off": 8562,
    "sff": "temperature"
  },
  {
    "docID": "N168 Li 2016",
    "et": "UnilateralInjuryArea",
    "off": 2688,
    "sff": "unilateral"
  },
  {
    "docID": "N168 Li 2016",
    "et": "UnilateralInjuryArea",
    "off": 18607,
    "sff": "unilateral"
  },
  {
    "docID": "N168 Li 2016",
    "et": "UnilateralInjuryArea",
    "off": 1038,
    "sff": "unilateral"
  },
  {
    "docID": "N168 Li 2016",
    "et": "UnilateralInjuryArea",
    "off": 12038,
    "sff": "Unilateral"
  },
  {
    "docID": "N168 Li 2016",
    "et": "UnilateralInjuryArea",
    "off": 5506,
    "sff": "Unilateral"
  },
  {
    "docID": "N168 Li 2016",
    "et": "UnilateralInjuryArea",
    "off": 838,
    "sff": "unilateral"
  },
  {
    "docID": "N168 Li 2016",
    "et": "PartialTransectionType",
    "off": 12946,
    "sff": "partial"
  },
  {
    "docID": "N168 Li 2016",
    "et": "PartialTransectionType",
    "off": 15397,
    "sff": "partial"
  },
  {
    "docID": "N168 Li 2016",
    "et": "PartialTransectionType",
    "off": 2193,
    "sff": "partial"
  },
  {
    "docID": "N168 Li 2016",
    "et": "PartialTransectionType",
    "off": 13868,
    "sff": "partial"
  },
  {
    "docID": "N168 Li 2016",
    "et": "Ipsilateral",
    "off": 10018,
    "sff": "ipsilateral"
  },
  {
    "docID": "N168 Li 2016",
    "et": "CorticospinalTract",
    "off": 10030,
    "sff": "corticospinal tract"
  },
  {
    "docID": "N168 Li 2016",
    "et": "CorticospinalTract",
    "off": 2163,
    "sff": "corticospinal tract"
  },
  {
    "docID": "N168 Li 2016",
    "et": "CorticospinalTract",
    "off": 26,
    "sff": "Corticospinal Tract"
  },
  {
    "docID": "N168 Li 2016",
    "et": "CorticospinalTract",
    "off": 1049,
    "sff": "corticospinal tract"
  },
  {
    "docID": "N168 Li 2016",
    "et": "VentralHemisection",
    "off": 13038,
    "sff": "ventral"
  },
  {
    "docID": "N168 Li 2016",
    "et": "VentralHemisection",
    "off": 14518,
    "sff": "ventral"
  },
  {
    "docID": "N168 Li 2016",
    "et": "CompleteInjuryArea",
    "off": 12406,
    "sff": "complete"
  },
  {
    "docID": "N168 Li 2016",
    "et": "CompleteInjuryArea",
    "off": 13832,
    "sff": "complete"
  },
  {
    "docID": "N168 Li 2016",
    "et": "CompleteInjuryArea",
    "off": 9273,
    "sff": "complete"
  },
  {
    "docID": "N168 Li 2016",
    "et": "CompleteInjuryArea",
    "off": 6074,
    "sff": "complete"
  },
  {
    "docID": "N168 Li 2016",
    "et": "CompleteInjuryArea",
    "off": 12909,
    "sff": "complete"
  },
  {
    "docID": "N168 Li 2016",
    "et": "CompleteInjuryArea",
    "off": 9492,
    "sff": "Complete"
  },
  {
    "docID": "N168 Li 2016",
    "et": "CompleteInjuryArea",
    "off": 15939,
    "sff": "complete"
  },
  {
    "docID": "N168 Li 2016",
    "et": "CompleteInjuryArea",
    "off": 17156,
    "sff": "complete"
  },
  {
    "docID": "N168 Li 2016",
    "et": "CompleteInjuryArea",
    "off": 5957,
    "sff": "complete"
  },
  {
    "docID": "N168 Li 2016",
    "et": "CompleteInjuryArea",
    "off": 9973,
    "sff": "complete"
  },
  {
    "docID": "N168 Li 2016",
    "et": "CompleteInjuryArea",
    "off": 15365,
    "sff": "complete"
  }
]
