[
  {
    "docID": "N171 L+¦pez Vales 2007",
    "et": "CompleteTransection",
    "off": 10478,
    "sff": "complete"
  },
  {
    "docID": "N171 L+¦pez Vales 2007",
    "et": "CompleteTransection",
    "off": 33394,
    "sff": "complete"
  },
  {
    "docID": "N171 L+¦pez Vales 2007",
    "et": "CompleteTransection",
    "off": 30487,
    "sff": "complete"
  },
  {
    "docID": "N171 L+¦pez Vales 2007",
    "et": "CompleteTransection",
    "off": 7025,
    "sff": "complete transection"
  },
  {
    "docID": "N171 L+¦pez Vales 2007",
    "et": "CompleteTransection",
    "off": 17848,
    "sff": "complete"
  },
  {
    "docID": "N171 L+¦pez Vales 2007",
    "et": "CompleteTransection",
    "off": 24307,
    "sff": "complete transection"
  },
  {
    "docID": "N171 L+¦pez Vales 2007",
    "et": "CompleteTransection",
    "off": 18974,
    "sff": "complete"
  },
  {
    "docID": "N171 L+¦pez Vales 2007",
    "et": "CompleteTransection",
    "off": 25500,
    "sff": "complete"
  },
  {
    "docID": "N171 L+¦pez Vales 2007",
    "et": "CompleteTransection",
    "off": 32148,
    "sff": "complete transection"
  },
  {
    "docID": "N171 L+¦pez Vales 2007",
    "et": "CompleteTransection",
    "off": 30231,
    "sff": "complete transection"
  },
  {
    "docID": "N171 L+¦pez Vales 2007",
    "et": "CompleteTransection",
    "off": 696,
    "sff": "complete transection"
  },
  {
    "docID": "N171 L+¦pez Vales 2007",
    "et": "CompleteTransection",
    "off": 25216,
    "sff": "complete"
  },
  {
    "docID": "N171 L+¦pez Vales 2007",
    "et": "CompleteTransection",
    "off": 17670,
    "sff": "complete"
  },
  {
    "docID": "N171 L+¦pez Vales 2007",
    "et": "CompleteTransection",
    "off": 91,
    "sff": "Complete"
  },
  {
    "docID": "N171 L+¦pez Vales 2007",
    "et": "CompleteTransection",
    "off": 8956,
    "sff": "complete transection"
  },
  {
    "docID": "N171 L+¦pez Vales 2007",
    "et": "CompleteTransection",
    "off": 4511,
    "sff": "complete transection"
  },
  {
    "docID": "N171 L+¦pez Vales 2007",
    "et": "CompleteTransection",
    "off": 24619,
    "sff": "complete"
  },
  {
    "docID": "N171 L+¦pez Vales 2007",
    "et": "Ethanol",
    "off": 12901,
    "sff": "ethanol"
  },
  {
    "docID": "N171 L+¦pez Vales 2007",
    "et": "OlfactoryEnsheathingGliaCell",
    "off": 31095,
    "sff": "olfactory"
  },
  {
    "docID": "N171 L+¦pez Vales 2007",
    "et": "OlfactoryEnsheathingGliaCell",
    "off": 32085,
    "sff": "olfactory"
  },
  {
    "docID": "N171 L+¦pez Vales 2007",
    "et": "OlfactoryEnsheathingGliaCell",
    "off": 5174,
    "sff": "olfactory"
  },
  {
    "docID": "N171 L+¦pez Vales 2007",
    "et": "OlfactoryEnsheathingGliaCell",
    "off": 32250,
    "sff": "olfactory"
  },
  {
    "docID": "N171 L+¦pez Vales 2007",
    "et": "OlfactoryEnsheathingGliaCell",
    "off": 1915,
    "sff": "olfactory ensheathing"
  },
  {
    "docID": "N171 L+¦pez Vales 2007",
    "et": "OlfactoryEnsheathingGliaCell",
    "off": 3213,
    "sff": "olfactory"
  },
  {
    "docID": "N171 L+¦pez Vales 2007",
    "et": "OlfactoryEnsheathingGliaCell",
    "off": 5427,
    "sff": "olfactory"
  },
  {
    "docID": "N171 L+¦pez Vales 2007",
    "et": "OlfactoryEnsheathingGliaCell",
    "off": 1915,
    "sff": "olfactory ensheathing cell"
  },
  {
    "docID": "N171 L+¦pez Vales 2007",
    "et": "OlfactoryEnsheathingGliaCell",
    "off": 564,
    "sff": "olfactory ensheathing"
  },
  {
    "docID": "N171 L+¦pez Vales 2007",
    "et": "OlfactoryEnsheathingGliaCell",
    "off": 31,
    "sff": "Olfactory Ensheathing"
  },
  {
    "docID": "N171 L+¦pez Vales 2007",
    "et": "OlfactoryEnsheathingGliaCell",
    "off": 31429,
    "sff": "olfactory"
  },
  {
    "docID": "N171 L+¦pez Vales 2007",
    "et": "OlfactoryEnsheathingGliaCell",
    "off": 31884,
    "sff": "olfactory"
  },
  {
    "docID": "N171 L+¦pez Vales 2007",
    "et": "OlfactoryEnsheathingGliaCell",
    "off": 30845,
    "sff": "olfactory"
  },
  {
    "docID": "N171 L+¦pez Vales 2007",
    "et": "DorsalInjuryArea",
    "off": 2494,
    "sff": "dorsal"
  },
  {
    "docID": "N171 L+¦pez Vales 2007",
    "et": "DorsalInjuryArea",
    "off": 21979,
    "sff": "dorsal"
  },
  {
    "docID": "N171 L+¦pez Vales 2007",
    "et": "MouseSpecies",
    "off": 5960,
    "sff": "mouse"
  },
  {
    "docID": "N171 L+¦pez Vales 2007",
    "et": "MouseSpecies",
    "off": 12425,
    "sff": "mouse"
  },
  {
    "docID": "N171 L+¦pez Vales 2007",
    "et": "NOGOReceptorAntagonist",
    "off": 6056,
    "sff": "receptor"
  },
  {
    "docID": "N171 L+¦pez Vales 2007",
    "et": "NOGOReceptorAntagonist",
    "off": 12552,
    "sff": "receptor"
  },
  {
    "docID": "N171 L+¦pez Vales 2007",
    "et": "CentralCanal",
    "off": 2710,
    "sff": "central"
  },
  {
    "docID": "N171 L+¦pez Vales 2007",
    "et": "CentralCanal",
    "off": 23226,
    "sff": "central"
  },
  {
    "docID": "N171 L+¦pez Vales 2007",
    "et": "CentralCanal",
    "off": 1741,
    "sff": "central"
  },
  {
    "docID": "N171 L+¦pez Vales 2007",
    "et": "CentralCanal",
    "off": 17279,
    "sff": "central"
  },
  {
    "docID": "N171 L+¦pez Vales 2007",
    "et": "SpinalFiberTract",
    "off": 13345,
    "sff": "Fiber"
  },
  {
    "docID": "N171 L+¦pez Vales 2007",
    "et": "DorsalHemisection",
    "off": 21979,
    "sff": "dorsal"
  },
  {
    "docID": "N171 L+¦pez Vales 2007",
    "et": "DorsalHemisection",
    "off": 2494,
    "sff": "dorsal"
  },
  {
    "docID": "N171 L+¦pez Vales 2007",
    "et": "SpinalVentralHalf",
    "off": 22017,
    "sff": "ventral"
  },
  {
    "docID": "N171 L+¦pez Vales 2007",
    "et": "SpinalVentralHalf",
    "off": 23248,
    "sff": "ventral"
  },
  {
    "docID": "N171 L+¦pez Vales 2007",
    "et": "SpinalVentralHalf",
    "off": 17263,
    "sff": "ventral"
  },
  {
    "docID": "N171 L+¦pez Vales 2007",
    "et": "SpinalVentralHalf",
    "off": 30124,
    "sff": "ventral"
  },
  {
    "docID": "N171 L+¦pez Vales 2007",
    "et": "SpinalVentralHalf",
    "off": 22085,
    "sff": "ventral"
  },
  {
    "docID": "N171 L+¦pez Vales 2007",
    "et": "RabbitSpecies",
    "off": 12356,
    "sff": "rabbit"
  },
  {
    "docID": "N171 L+¦pez Vales 2007",
    "et": "Rostral",
    "off": 16897,
    "sff": "rostral"
  },
  {
    "docID": "N171 L+¦pez Vales 2007",
    "et": "Rostral",
    "off": 17567,
    "sff": "rostral"
  },
  {
    "docID": "N171 L+¦pez Vales 2007",
    "et": "Rostral",
    "off": 6964,
    "sff": "rostral"
  },
  {
    "docID": "N171 L+¦pez Vales 2007",
    "et": "DorsalColumn",
    "off": 21979,
    "sff": "dorsal"
  },
  {
    "docID": "N171 L+¦pez Vales 2007",
    "et": "DorsalColumn",
    "off": 2494,
    "sff": "dorsal"
  },
  {
    "docID": "N171 L+¦pez Vales 2007",
    "et": "SpragueDawleyRat",
    "off": 6675,
    "sff": "Sprague"
  },
  {
    "docID": "N171 L+¦pez Vales 2007",
    "et": "SpragueDawleyRat",
    "off": 5240,
    "sff": "Sprague"
  },
  {
    "docID": "N171 L+¦pez Vales 2007",
    "et": "SpinalFiber",
    "off": 13345,
    "sff": "Fiber"
  },
  {
    "docID": "N171 L+¦pez Vales 2007",
    "et": "CellDeathInduction",
    "off": 1937,
    "sff": "cell"
  },
  {
    "docID": "N171 L+¦pez Vales 2007",
    "et": "CellDeathInduction",
    "off": 32580,
    "sff": "death"
  },
  {
    "docID": "N171 L+¦pez Vales 2007",
    "et": "CellDeathInduction",
    "off": 5586,
    "sff": "cell"
  },
  {
    "docID": "N171 L+¦pez Vales 2007",
    "et": "CellDeathInduction",
    "off": 303,
    "sff": "Cell"
  },
  {
    "docID": "N171 L+¦pez Vales 2007",
    "et": "CellDeathInduction",
    "off": 4410,
    "sff": "cell"
  },
  {
    "docID": "N171 L+¦pez Vales 2007",
    "et": "CellDeathInduction",
    "off": 6240,
    "sff": "cell"
  },
  {
    "docID": "N171 L+¦pez Vales 2007",
    "et": "LaminectomyType",
    "off": 6770,
    "sff": "laminectomy"
  },
  {
    "docID": "N171 L+¦pez Vales 2007",
    "et": "Tissue",
    "off": 31446,
    "sff": "tissue"
  },
  {
    "docID": "N171 L+¦pez Vales 2007",
    "et": "Tissue",
    "off": 23611,
    "sff": "tissue"
  },
  {
    "docID": "N171 L+¦pez Vales 2007",
    "et": "Tissue",
    "off": 4185,
    "sff": "tissue"
  },
  {
    "docID": "N171 L+¦pez Vales 2007",
    "et": "InjectionDelivery",
    "off": 11374,
    "sff": "injection"
  },
  {
    "docID": "N171 L+¦pez Vales 2007",
    "et": "InjectionDelivery",
    "off": 7562,
    "sff": "injection"
  },
  {
    "docID": "N171 L+¦pez Vales 2007",
    "et": "InjectionDelivery",
    "off": 11609,
    "sff": "injection"
  },
  {
    "docID": "N171 L+¦pez Vales 2007",
    "et": "InjectionDelivery",
    "off": 11111,
    "sff": "injection"
  },
  {
    "docID": "N171 L+¦pez Vales 2007",
    "et": "InjectionDelivery",
    "off": 21751,
    "sff": "injection"
  },
  {
    "docID": "N171 L+¦pez Vales 2007",
    "et": "SpinalLesionSite",
    "off": 17500,
    "sff": "lesion"
  },
  {
    "docID": "N171 L+¦pez Vales 2007",
    "et": "SpinalLesionSite",
    "off": 22651,
    "sff": "lesion"
  },
  {
    "docID": "N171 L+¦pez Vales 2007",
    "et": "SpinalLesionSite",
    "off": 22875,
    "sff": "lesion"
  },
  {
    "docID": "N171 L+¦pez Vales 2007",
    "et": "SpinalLesionSite",
    "off": 29531,
    "sff": "lesion"
  },
  {
    "docID": "N171 L+¦pez Vales 2007",
    "et": "SpinalLesionSite",
    "off": 17593,
    "sff": "lesion"
  },
  {
    "docID": "N171 L+¦pez Vales 2007",
    "et": "SpinalLesionSite",
    "off": 24760,
    "sff": "lesion"
  },
  {
    "docID": "N171 L+¦pez Vales 2007",
    "et": "SpinalLesionSite",
    "off": 30359,
    "sff": "lesion site"
  },
  {
    "docID": "N171 L+¦pez Vales 2007",
    "et": "SpinalLesionSite",
    "off": 22502,
    "sff": "lesion"
  },
  {
    "docID": "N171 L+¦pez Vales 2007",
    "et": "SpinalLesionSite",
    "off": 26884,
    "sff": "lesion"
  },
  {
    "docID": "N171 L+¦pez Vales 2007",
    "et": "SpinalLesionSite",
    "off": 7522,
    "sff": "lesion"
  },
  {
    "docID": "N171 L+¦pez Vales 2007",
    "et": "SpinalLesionSite",
    "off": 10756,
    "sff": "lesion site"
  },
  {
    "docID": "N171 L+¦pez Vales 2007",
    "et": "SpinalLesionSite",
    "off": 26117,
    "sff": "lesion site"
  },
  {
    "docID": "N171 L+¦pez Vales 2007",
    "et": "SpinalLesionSite",
    "off": 13268,
    "sff": "lesion"
  },
  {
    "docID": "N171 L+¦pez Vales 2007",
    "et": "SpinalLesionSite",
    "off": 13332,
    "sff": "lesion"
  },
  {
    "docID": "N171 L+¦pez Vales 2007",
    "et": "SpinalLesionSite",
    "off": 23571,
    "sff": "lesion"
  },
  {
    "docID": "N171 L+¦pez Vales 2007",
    "et": "SpinalLesionSite",
    "off": 13714,
    "sff": "lesion"
  },
  {
    "docID": "N171 L+¦pez Vales 2007",
    "et": "SpinalLesionSite",
    "off": 23657,
    "sff": "lesion site"
  },
  {
    "docID": "N171 L+¦pez Vales 2007",
    "et": "HumanSpecies",
    "off": 1735,
    "sff": "human"
  },
  {
    "docID": "N171 L+¦pez Vales 2007",
    "et": "HumanSpecies",
    "off": 3356,
    "sff": "human"
  },
  {
    "docID": "N171 L+¦pez Vales 2007",
    "et": "HumanSpecies",
    "off": 3102,
    "sff": "human"
  },
  {
    "docID": "N171 L+¦pez Vales 2007",
    "et": "HumanSpecies",
    "off": 3555,
    "sff": "human"
  },
  {
    "docID": "N171 L+¦pez Vales 2007",
    "et": "T6",
    "off": 11958,
    "sff": "T6"
  },
  {
    "docID": "N171 L+¦pez Vales 2007",
    "et": "T6",
    "off": 11740,
    "sff": "T6"
  },
  {
    "docID": "N171 L+¦pez Vales 2007",
    "et": "T6",
    "off": 13088,
    "sff": "T6"
  },
  {
    "docID": "N171 L+¦pez Vales 2007",
    "et": "Weight",
    "off": 6698,
    "sff": "250-300 g"
  },
  {
    "docID": "N171 L+¦pez Vales 2007",
    "et": "T8",
    "off": 6873,
    "sff": "T8"
  },
  {
    "docID": "N171 L+¦pez Vales 2007",
    "et": "T8",
    "off": 6796,
    "sff": "T8"
  },
  {
    "docID": "N171 L+¦pez Vales 2007",
    "et": "CompoundBiologicalRelation",
    "off": 10034,
    "sff": "Compound"
  },
  {
    "docID": "N171 L+¦pez Vales 2007",
    "et": "CompoundBiologicalRelation",
    "off": 12229,
    "sff": "Biological"
  },
  {
    "docID": "N171 L+¦pez Vales 2007",
    "et": "AnimalCareCondition",
    "off": 5033,
    "sff": "care"
  },
  {
    "docID": "N171 L+¦pez Vales 2007",
    "et": "MotorNeurons",
    "off": 2808,
    "sff": "motor"
  },
  {
    "docID": "N171 L+¦pez Vales 2007",
    "et": "MotorNeurons",
    "off": 10633,
    "sff": "motor"
  },
  {
    "docID": "N171 L+¦pez Vales 2007",
    "et": "MotorNeurons",
    "off": 19348,
    "sff": "motor"
  },
  {
    "docID": "N171 L+¦pez Vales 2007",
    "et": "MotorNeurons",
    "off": 9282,
    "sff": "motor"
  },
  {
    "docID": "N171 L+¦pez Vales 2007",
    "et": "MotorNeurons",
    "off": 19538,
    "sff": "motor"
  },
  {
    "docID": "N171 L+¦pez Vales 2007",
    "et": "MotorNeurons",
    "off": 20384,
    "sff": "motor"
  },
  {
    "docID": "N171 L+¦pez Vales 2007",
    "et": "MotorNeurons",
    "off": 20512,
    "sff": "motor"
  },
  {
    "docID": "N171 L+¦pez Vales 2007",
    "et": "MotorNeurons",
    "off": 2433,
    "sff": "motor"
  },
  {
    "docID": "N171 L+¦pez Vales 2007",
    "et": "MotorNeurons",
    "off": 19006,
    "sff": "motor"
  },
  {
    "docID": "N171 L+¦pez Vales 2007",
    "et": "MotorNeurons",
    "off": 831,
    "sff": "motor"
  },
  {
    "docID": "N171 L+¦pez Vales 2007",
    "et": "MotorNeurons",
    "off": 9387,
    "sff": "motor"
  },
  {
    "docID": "N171 L+¦pez Vales 2007",
    "et": "MotorNeurons",
    "off": 21643,
    "sff": "motor"
  },
  {
    "docID": "N171 L+¦pez Vales 2007",
    "et": "LateralHemisection",
    "off": 23235,
    "sff": "lateral"
  },
  {
    "docID": "N171 L+¦pez Vales 2007",
    "et": "LateralHemisection",
    "off": 11238,
    "sff": "lateral"
  },
  {
    "docID": "N171 L+¦pez Vales 2007",
    "et": "LateralHemisection",
    "off": 7592,
    "sff": "lateral"
  },
  {
    "docID": "N171 L+¦pez Vales 2007",
    "et": "Contusion",
    "off": 4319,
    "sff": "contusion"
  },
  {
    "docID": "N171 L+¦pez Vales 2007",
    "et": "Contusion",
    "off": 3969,
    "sff": "contusion"
  },
  {
    "docID": "N171 L+¦pez Vales 2007",
    "et": "Saline",
    "off": 12126,
    "sff": "saline"
  },
  {
    "docID": "N171 L+¦pez Vales 2007",
    "et": "LongTermCultivation",
    "off": 1690,
    "sff": "long"
  },
  {
    "docID": "N171 L+¦pez Vales 2007",
    "et": "LongTermCultivation",
    "off": 29178,
    "sff": "long"
  },
  {
    "docID": "N171 L+¦pez Vales 2007",
    "et": "LongTermCultivation",
    "off": 33327,
    "sff": "long"
  },
  {
    "docID": "N171 L+¦pez Vales 2007",
    "et": "LongTermCultivation",
    "off": 26898,
    "sff": "Long"
  },
  {
    "docID": "N171 L+¦pez Vales 2007",
    "et": "LongTermCultivation",
    "off": 1237,
    "sff": "long"
  },
  {
    "docID": "N171 L+¦pez Vales 2007",
    "et": "LongTermCultivation",
    "off": 23061,
    "sff": "long"
  },
  {
    "docID": "N171 L+¦pez Vales 2007",
    "et": "LongTermCultivation",
    "off": 25459,
    "sff": "long"
  },
  {
    "docID": "N171 L+¦pez Vales 2007",
    "et": "Dosage",
    "off": 7503,
    "sff": "1 mm"
  },
  {
    "docID": "N171 L+¦pez Vales 2007",
    "et": "Dosage",
    "off": 11149,
    "sff": "10%"
  },
  {
    "docID": "N171 L+¦pez Vales 2007",
    "et": "Dosage",
    "off": 30992,
    "sff": "4 mm"
  },
  {
    "docID": "N171 L+¦pez Vales 2007",
    "et": "Dosage",
    "off": 11659,
    "sff": "4%"
  },
  {
    "docID": "N171 L+¦pez Vales 2007",
    "et": "Dosage",
    "off": 6702,
    "sff": "300 g"
  },
  {
    "docID": "N171 L+¦pez Vales 2007",
    "et": "Dosage",
    "off": 6747,
    "sff": "40 mg/kg"
  },
  {
    "docID": "N171 L+¦pez Vales 2007",
    "et": "Dosage",
    "off": 13695,
    "sff": "1 mm"
  },
  {
    "docID": "N171 L+¦pez Vales 2007",
    "et": "Dosage",
    "off": 11833,
    "sff": "30%"
  },
  {
    "docID": "N171 L+¦pez Vales 2007",
    "et": "Dosage",
    "off": 13313,
    "sff": "1 mm"
  },
  {
    "docID": "N171 L+¦pez Vales 2007",
    "et": "Dosage",
    "off": 13678,
    "sff": "1 mm"
  },
  {
    "docID": "N171 L+¦pez Vales 2007",
    "et": "Dosage",
    "off": 7585,
    "sff": "0.5 mm"
  },
  {
    "docID": "N171 L+¦pez Vales 2007",
    "et": "Dosage",
    "off": 11231,
    "sff": "2.5 mm"
  },
  {
    "docID": "N171 L+¦pez Vales 2007",
    "et": "Dosage",
    "off": 7455,
    "sff": "3 µL"
  },
  {
    "docID": "N171 L+¦pez Vales 2007",
    "et": "Dosage",
    "off": 13296,
    "sff": "1 mm"
  },
  {
    "docID": "N171 L+¦pez Vales 2007",
    "et": "Dosage",
    "off": 28583,
    "sff": "60%"
  },
  {
    "docID": "N171 L+¦pez Vales 2007",
    "et": "Dosage",
    "off": 7482,
    "sff": "1 mm"
  },
  {
    "docID": "N171 L+¦pez Vales 2007",
    "et": "Dosage",
    "off": 11139,
    "sff": "1 µL"
  },
  {
    "docID": "N171 L+¦pez Vales 2007",
    "et": "Dosage",
    "off": 11312,
    "sff": "10-µL"
  },
  {
    "docID": "N171 L+¦pez Vales 2007",
    "et": "Dosage",
    "off": 5682,
    "sff": "10 ¬µg/mL"
  },
  {
    "docID": "N171 L+¦pez Vales 2007",
    "et": "Dosage",
    "off": 21474,
    "sff": "29%"
  },
  {
    "docID": "N171 L+¦pez Vales 2007",
    "et": "Dosage",
    "off": 7773,
    "sff": "12 µL"
  },
  {
    "docID": "N171 L+¦pez Vales 2007",
    "et": "Dosage",
    "off": 11213,
    "sff": "0.5 mm"
  },
  {
    "docID": "N171 L+¦pez Vales 2007",
    "et": "Dosage",
    "off": 7623,
    "sff": "0.5 mm"
  },
  {
    "docID": "N171 L+¦pez Vales 2007",
    "et": "Dosage",
    "off": 11273,
    "sff": "1.5 mm"
  },
  {
    "docID": "N171 L+¦pez Vales 2007",
    "et": "Dosage",
    "off": 12176,
    "sff": "0.5%"
  },
  {
    "docID": "N171 L+¦pez Vales 2007",
    "et": "Dosage",
    "off": 12221,
    "sff": "5%"
  },
  {
    "docID": "N171 L+¦pez Vales 2007",
    "et": "Ventral",
    "off": 30124,
    "sff": "ventral"
  },
  {
    "docID": "N171 L+¦pez Vales 2007",
    "et": "Ventral",
    "off": 17263,
    "sff": "ventral"
  },
  {
    "docID": "N171 L+¦pez Vales 2007",
    "et": "Ventral",
    "off": 22017,
    "sff": "ventral"
  },
  {
    "docID": "N171 L+¦pez Vales 2007",
    "et": "Ventral",
    "off": 23248,
    "sff": "ventral"
  },
  {
    "docID": "N171 L+¦pez Vales 2007",
    "et": "Ventral",
    "off": 22085,
    "sff": "ventral"
  },
  {
    "docID": "N171 L+¦pez Vales 2007",
    "et": "BladderExpression",
    "off": 7962,
    "sff": "Bladders"
  },
  {
    "docID": "N171 L+¦pez Vales 2007",
    "et": "BladderExpression",
    "off": 8026,
    "sff": "bladder"
  },
  {
    "docID": "N171 L+¦pez Vales 2007",
    "et": "TreatmentSite",
    "off": 33478,
    "sff": "treatment"
  },
  {
    "docID": "N171 L+¦pez Vales 2007",
    "et": "PBS",
    "off": 12868,
    "sff": "PBS"
  },
  {
    "docID": "N171 L+¦pez Vales 2007",
    "et": "PBS",
    "off": 12167,
    "sff": "PBS"
  },
  {
    "docID": "N171 L+¦pez Vales 2007",
    "et": "PBS",
    "off": 12134,
    "sff": "PBS"
  },
  {
    "docID": "N171 L+¦pez Vales 2007",
    "et": "Duration",
    "off": 29410,
    "sff": "1 week"
  },
  {
    "docID": "N171 L+¦pez Vales 2007",
    "et": "Duration",
    "off": 15989,
    "sff": "2 months"
  },
  {
    "docID": "N171 L+¦pez Vales 2007",
    "et": "Duration",
    "off": 4275,
    "sff": "7 days"
  },
  {
    "docID": "N171 L+¦pez Vales 2007",
    "et": "Duration",
    "off": 21768,
    "sff": "7 months"
  },
  {
    "docID": "N171 L+¦pez Vales 2007",
    "et": "Duration",
    "off": 5788,
    "sff": "7‚Äì9 days"
  },
  {
    "docID": "N171 L+¦pez Vales 2007",
    "et": "Duration",
    "off": 21142,
    "sff": "1D"
  },
  {
    "docID": "N171 L+¦pez Vales 2007",
    "et": "Duration",
    "off": 27613,
    "sff": "1 week"
  },
  {
    "docID": "N171 L+¦pez Vales 2007",
    "et": "Duration",
    "off": 16192,
    "sff": "7 months"
  },
  {
    "docID": "N171 L+¦pez Vales 2007",
    "et": "Duration",
    "off": 4836,
    "sff": "1 month"
  },
  {
    "docID": "N171 L+¦pez Vales 2007",
    "et": "Duration",
    "off": 11362,
    "sff": "2 min"
  },
  {
    "docID": "N171 L+¦pez Vales 2007",
    "et": "Duration",
    "off": 9026,
    "sff": "5 months"
  },
  {
    "docID": "N171 L+¦pez Vales 2007",
    "et": "Duration",
    "off": 29163,
    "sff": "45 days"
  },
  {
    "docID": "N171 L+¦pez Vales 2007",
    "et": "Duration",
    "off": 682,
    "sff": "45 days"
  },
  {
    "docID": "N171 L+¦pez Vales 2007",
    "et": "Duration",
    "off": 11169,
    "sff": "0.01M"
  },
  {
    "docID": "N171 L+¦pez Vales 2007",
    "et": "Duration",
    "off": 21088,
    "sff": "4 months"
  },
  {
    "docID": "N171 L+¦pez Vales 2007",
    "et": "Duration",
    "off": 29051,
    "sff": "2 weeks"
  },
  {
    "docID": "N171 L+¦pez Vales 2007",
    "et": "Duration",
    "off": 10934,
    "sff": "6.5 months"
  },
  {
    "docID": "N171 L+¦pez Vales 2007",
    "et": "Duration",
    "off": 6171,
    "sff": "10 min"
  },
  {
    "docID": "N171 L+¦pez Vales 2007",
    "et": "Duration",
    "off": 18298,
    "sff": "2 months"
  },
  {
    "docID": "N171 L+¦pez Vales 2007",
    "et": "Duration",
    "off": 19579,
    "sff": "5 months"
  },
  {
    "docID": "N171 L+¦pez Vales 2007",
    "et": "Duration",
    "off": 24293,
    "sff": "45 days"
  },
  {
    "docID": "N171 L+¦pez Vales 2007",
    "et": "Duration",
    "off": 32805,
    "sff": "45 days"
  },
  {
    "docID": "N171 L+¦pez Vales 2007",
    "et": "Duration",
    "off": 8349,
    "sff": "5 min"
  },
  {
    "docID": "N171 L+¦pez Vales 2007",
    "et": "Duration",
    "off": 27917,
    "sff": "7 and 45 days"
  },
  {
    "docID": "N171 L+¦pez Vales 2007",
    "et": "Duration",
    "off": 11682,
    "sff": "0.1M"
  },
  {
    "docID": "N171 L+¦pez Vales 2007",
    "et": "Duration",
    "off": 21399,
    "sff": "5 months"
  },
  {
    "docID": "N171 L+¦pez Vales 2007",
    "et": "Duration",
    "off": 28176,
    "sff": "7 and 45 days"
  },
  {
    "docID": "N171 L+¦pez Vales 2007",
    "et": "Duration",
    "off": 7900,
    "sff": "12 h"
  },
  {
    "docID": "N171 L+¦pez Vales 2007",
    "et": "Duration",
    "off": 4856,
    "sff": "6 weeks"
  },
  {
    "docID": "N171 L+¦pez Vales 2007",
    "et": "Duration",
    "off": 12139,
    "sff": "0.1M"
  },
  {
    "docID": "N171 L+¦pez Vales 2007",
    "et": "Duration",
    "off": 20426,
    "sff": "5 months"
  },
  {
    "docID": "N171 L+¦pez Vales 2007",
    "et": "Duration",
    "off": 4469,
    "sff": "1 week"
  },
  {
    "docID": "N171 L+¦pez Vales 2007",
    "et": "Duration",
    "off": 10896,
    "sff": "5 months"
  },
  {
    "docID": "N171 L+¦pez Vales 2007",
    "et": "Duration",
    "off": 27851,
    "sff": "5 months"
  },
  {
    "docID": "N171 L+¦pez Vales 2007",
    "et": "Duration",
    "off": 4110,
    "sff": "7 days"
  },
  {
    "docID": "N171 L+¦pez Vales 2007",
    "et": "Duration",
    "off": 21385,
    "sff": "1D and 3"
  },
  {
    "docID": "N171 L+¦pez Vales 2007",
    "et": "Duration",
    "off": 29538,
    "sff": "2 months"
  },
  {
    "docID": "N171 L+¦pez Vales 2007",
    "et": "Duration",
    "off": 33069,
    "sff": "1 week"
  },
  {
    "docID": "N171 L+¦pez Vales 2007",
    "et": "Duration",
    "off": 12264,
    "sff": "1 h"
  },
  {
    "docID": "N171 L+¦pez Vales 2007",
    "et": "Duration",
    "off": 12810,
    "sff": "3 h"
  },
  {
    "docID": "N171 L+¦pez Vales 2007",
    "et": "Duration",
    "off": 19283,
    "sff": "2 and 3 months"
  },
  {
    "docID": "N171 L+¦pez Vales 2007",
    "et": "Duration",
    "off": 30862,
    "sff": "1 month"
  },
  {
    "docID": "N171 L+¦pez Vales 2007",
    "et": "Duration",
    "off": 17804,
    "sff": "45 days"
  },
  {
    "docID": "N171 L+¦pez Vales 2007",
    "et": "Duration",
    "off": 6419,
    "sff": "2 h"
  },
  {
    "docID": "N171 L+¦pez Vales 2007",
    "et": "Duration",
    "off": 16373,
    "sff": "2 to 5 months"
  },
  {
    "docID": "N171 L+¦pez Vales 2007",
    "et": "Duration",
    "off": 32481,
    "sff": "5 months"
  },
  {
    "docID": "N171 L+¦pez Vales 2007",
    "et": "Duration",
    "off": 28837,
    "sff": "1 week"
  },
  {
    "docID": "N171 L+¦pez Vales 2007",
    "et": "Duration",
    "off": 6317,
    "sff": "7 min"
  },
  {
    "docID": "N171 L+¦pez Vales 2007",
    "et": "LesionAdjacentTissue",
    "off": 13268,
    "sff": "lesion"
  },
  {
    "docID": "N171 L+¦pez Vales 2007",
    "et": "LesionAdjacentTissue",
    "off": 13332,
    "sff": "lesion"
  },
  {
    "docID": "N171 L+¦pez Vales 2007",
    "et": "LesionAdjacentTissue",
    "off": 23571,
    "sff": "lesion"
  },
  {
    "docID": "N171 L+¦pez Vales 2007",
    "et": "LesionAdjacentTissue",
    "off": 23597,
    "sff": "adjacent"
  },
  {
    "docID": "N171 L+¦pez Vales 2007",
    "et": "LesionAdjacentTissue",
    "off": 24760,
    "sff": "lesion"
  },
  {
    "docID": "N171 L+¦pez Vales 2007",
    "et": "LesionAdjacentTissue",
    "off": 30359,
    "sff": "lesion"
  },
  {
    "docID": "N171 L+¦pez Vales 2007",
    "et": "LesionAdjacentTissue",
    "off": 17593,
    "sff": "lesion"
  },
  {
    "docID": "N171 L+¦pez Vales 2007",
    "et": "LesionAdjacentTissue",
    "off": 13714,
    "sff": "lesion"
  },
  {
    "docID": "N171 L+¦pez Vales 2007",
    "et": "LesionAdjacentTissue",
    "off": 10756,
    "sff": "lesion"
  },
  {
    "docID": "N171 L+¦pez Vales 2007",
    "et": "LesionAdjacentTissue",
    "off": 26884,
    "sff": "lesion"
  },
  {
    "docID": "N171 L+¦pez Vales 2007",
    "et": "LesionAdjacentTissue",
    "off": 22502,
    "sff": "lesion"
  },
  {
    "docID": "N171 L+¦pez Vales 2007",
    "et": "LesionAdjacentTissue",
    "off": 26117,
    "sff": "lesion"
  },
  {
    "docID": "N171 L+¦pez Vales 2007",
    "et": "LesionAdjacentTissue",
    "off": 23657,
    "sff": "lesion"
  },
  {
    "docID": "N171 L+¦pez Vales 2007",
    "et": "LesionAdjacentTissue",
    "off": 17500,
    "sff": "lesion"
  },
  {
    "docID": "N171 L+¦pez Vales 2007",
    "et": "LesionAdjacentTissue",
    "off": 22651,
    "sff": "lesion"
  },
  {
    "docID": "N171 L+¦pez Vales 2007",
    "et": "LesionAdjacentTissue",
    "off": 22875,
    "sff": "lesion"
  },
  {
    "docID": "N171 L+¦pez Vales 2007",
    "et": "LesionAdjacentTissue",
    "off": 29531,
    "sff": "lesion"
  },
  {
    "docID": "N171 L+¦pez Vales 2007",
    "et": "LesionAdjacentTissue",
    "off": 7522,
    "sff": "lesion"
  },
  {
    "docID": "N171 L+¦pez Vales 2007",
    "et": "SevereInjury",
    "off": 30533,
    "sff": "severe"
  },
  {
    "docID": "N171 L+¦pez Vales 2007",
    "et": "CentralNervousSystem",
    "off": 17279,
    "sff": "central"
  },
  {
    "docID": "N171 L+¦pez Vales 2007",
    "et": "CentralNervousSystem",
    "off": 1741,
    "sff": "central nervous system"
  },
  {
    "docID": "N171 L+¦pez Vales 2007",
    "et": "CentralNervousSystem",
    "off": 1741,
    "sff": "central nervous"
  },
  {
    "docID": "N171 L+¦pez Vales 2007",
    "et": "CentralNervousSystem",
    "off": 23226,
    "sff": "central"
  },
  {
    "docID": "N171 L+¦pez Vales 2007",
    "et": "CentralNervousSystem",
    "off": 2710,
    "sff": "central"
  },
  {
    "docID": "N171 L+¦pez Vales 2007",
    "et": "ModerateInjury",
    "off": 32917,
    "sff": "moderate"
  },
  {
    "docID": "N171 L+¦pez Vales 2007",
    "et": "SpinalCentralPart",
    "off": 2710,
    "sff": "central"
  },
  {
    "docID": "N171 L+¦pez Vales 2007",
    "et": "SpinalCentralPart",
    "off": 1741,
    "sff": "central"
  },
  {
    "docID": "N171 L+¦pez Vales 2007",
    "et": "SpinalCentralPart",
    "off": 23226,
    "sff": "central"
  },
  {
    "docID": "N171 L+¦pez Vales 2007",
    "et": "SpinalCentralPart",
    "off": 17279,
    "sff": "central"
  },
  {
    "docID": "N171 L+¦pez Vales 2007",
    "et": "InjuryArea",
    "off": 9393,
    "sff": "area"
  },
  {
    "docID": "N171 L+¦pez Vales 2007",
    "et": "InjuryArea",
    "off": 13442,
    "sff": "area"
  },
  {
    "docID": "N171 L+¦pez Vales 2007",
    "et": "InjuryArea",
    "off": 7211,
    "sff": "area"
  },
  {
    "docID": "N171 L+¦pez Vales 2007",
    "et": "Forceps",
    "off": 5504,
    "sff": "forceps"
  },
  {
    "docID": "N171 L+¦pez Vales 2007",
    "et": "MedicationDuringSurgery",
    "off": 16181,
    "sff": "during"
  },
  {
    "docID": "N171 L+¦pez Vales 2007",
    "et": "MedicationDuringSurgery",
    "off": 20917,
    "sff": "during"
  },
  {
    "docID": "N171 L+¦pez Vales 2007",
    "et": "MedicationDuringSurgery",
    "off": 3412,
    "sff": "during"
  },
  {
    "docID": "N171 L+¦pez Vales 2007",
    "et": "MedicationDuringSurgery",
    "off": 8342,
    "sff": "during"
  },
  {
    "docID": "N171 L+¦pez Vales 2007",
    "et": "MedicationDuringSurgery",
    "off": 18096,
    "sff": "during"
  },
  {
    "docID": "N171 L+¦pez Vales 2007",
    "et": "MedicationDuringSurgery",
    "off": 1779,
    "sff": "during"
  },
  {
    "docID": "N171 L+¦pez Vales 2007",
    "et": "MedicationDuringSurgery",
    "off": 3267,
    "sff": "during"
  },
  {
    "docID": "N171 L+¦pez Vales 2007",
    "et": "MedicationDuringSurgery",
    "off": 19443,
    "sff": "during"
  },
  {
    "docID": "N171 L+¦pez Vales 2007",
    "et": "MedicationDuringSurgery",
    "off": 17787,
    "sff": "During"
  },
  {
    "docID": "N171 L+¦pez Vales 2007",
    "et": "MedicationDuringSurgery",
    "off": 18281,
    "sff": "during"
  },
  {
    "docID": "N171 L+¦pez Vales 2007",
    "et": "MedicationDuringSurgery",
    "off": 8155,
    "sff": "during"
  },
  {
    "docID": "N171 L+¦pez Vales 2007",
    "et": "MedicationDuringSurgery",
    "off": 17707,
    "sff": "during"
  },
  {
    "docID": "N171 L+¦pez Vales 2007",
    "et": "SpinalCordStump",
    "off": 22989,
    "sff": "stump"
  },
  {
    "docID": "N171 L+¦pez Vales 2007",
    "et": "SpinalCordStump",
    "off": 16799,
    "sff": "stump"
  },
  {
    "docID": "N171 L+¦pez Vales 2007",
    "et": "SpinalCordStump",
    "off": 22683,
    "sff": "stump"
  },
  {
    "docID": "N171 L+¦pez Vales 2007",
    "et": "SpinalCordStump",
    "off": 22406,
    "sff": "stump"
  },
  {
    "docID": "N171 L+¦pez Vales 2007",
    "et": "SpinalCordStump",
    "off": 22552,
    "sff": "stump"
  },
  {
    "docID": "N171 L+¦pez Vales 2007",
    "et": "SpinalCordStump",
    "off": 22215,
    "sff": "stump"
  },
  {
    "docID": "N171 L+¦pez Vales 2007",
    "et": "SpinalCordStump",
    "off": 22903,
    "sff": "stump"
  },
  {
    "docID": "N171 L+¦pez Vales 2007",
    "et": "SpinalCordStump",
    "off": 21921,
    "sff": "stump"
  },
  {
    "docID": "N171 L+¦pez Vales 2007",
    "et": "Laminectomy",
    "off": 6770,
    "sff": "laminectomy"
  },
  {
    "docID": "N171 L+¦pez Vales 2007",
    "et": "AscendingFiberTract",
    "off": 13345,
    "sff": "Fiber"
  },
  {
    "docID": "N171 L+¦pez Vales 2007",
    "et": "SpinalWhiteMatter",
    "off": 22728,
    "sff": "white matter"
  },
  {
    "docID": "N171 L+¦pez Vales 2007",
    "et": "Dorsal",
    "off": 21979,
    "sff": "dorsal"
  },
  {
    "docID": "N171 L+¦pez Vales 2007",
    "et": "Dorsal",
    "off": 2494,
    "sff": "dorsal"
  },
  {
    "docID": "N171 L+¦pez Vales 2007",
    "et": "MeasurementOfIncreasingTemperature",
    "off": 28366,
    "sff": "increasing"
  },
  {
    "docID": "N171 L+¦pez Vales 2007",
    "et": "Antibody",
    "off": 12616,
    "sff": "antibody"
  },
  {
    "docID": "N171 L+¦pez Vales 2007",
    "et": "Antibody",
    "off": 12374,
    "sff": "antibody"
  },
  {
    "docID": "N171 L+¦pez Vales 2007",
    "et": "ContusionType",
    "off": 3969,
    "sff": "contusion"
  },
  {
    "docID": "N171 L+¦pez Vales 2007",
    "et": "ContusionType",
    "off": 4319,
    "sff": "contusion"
  },
  {
    "docID": "N171 L+¦pez Vales 2007",
    "et": "CompoundSupplier",
    "off": 10034,
    "sff": "Compound"
  },
  {
    "docID": "N171 L+¦pez Vales 2007",
    "et": "RadiofrequencyLesionDevice",
    "off": 23657,
    "sff": "lesion"
  },
  {
    "docID": "N171 L+¦pez Vales 2007",
    "et": "RadiofrequencyLesionDevice",
    "off": 22502,
    "sff": "lesion"
  },
  {
    "docID": "N171 L+¦pez Vales 2007",
    "et": "RadiofrequencyLesionDevice",
    "off": 26117,
    "sff": "lesion"
  },
  {
    "docID": "N171 L+¦pez Vales 2007",
    "et": "RadiofrequencyLesionDevice",
    "off": 26884,
    "sff": "lesion"
  },
  {
    "docID": "N171 L+¦pez Vales 2007",
    "et": "RadiofrequencyLesionDevice",
    "off": 10756,
    "sff": "lesion"
  },
  {
    "docID": "N171 L+¦pez Vales 2007",
    "et": "RadiofrequencyLesionDevice",
    "off": 7522,
    "sff": "lesion"
  },
  {
    "docID": "N171 L+¦pez Vales 2007",
    "et": "RadiofrequencyLesionDevice",
    "off": 17500,
    "sff": "lesion"
  },
  {
    "docID": "N171 L+¦pez Vales 2007",
    "et": "RadiofrequencyLesionDevice",
    "off": 22651,
    "sff": "lesion"
  },
  {
    "docID": "N171 L+¦pez Vales 2007",
    "et": "RadiofrequencyLesionDevice",
    "off": 22875,
    "sff": "lesion"
  },
  {
    "docID": "N171 L+¦pez Vales 2007",
    "et": "RadiofrequencyLesionDevice",
    "off": 29531,
    "sff": "lesion"
  },
  {
    "docID": "N171 L+¦pez Vales 2007",
    "et": "RadiofrequencyLesionDevice",
    "off": 17593,
    "sff": "lesion"
  },
  {
    "docID": "N171 L+¦pez Vales 2007",
    "et": "RadiofrequencyLesionDevice",
    "off": 24760,
    "sff": "lesion"
  },
  {
    "docID": "N171 L+¦pez Vales 2007",
    "et": "RadiofrequencyLesionDevice",
    "off": 30359,
    "sff": "lesion"
  },
  {
    "docID": "N171 L+¦pez Vales 2007",
    "et": "RadiofrequencyLesionDevice",
    "off": 13268,
    "sff": "lesion"
  },
  {
    "docID": "N171 L+¦pez Vales 2007",
    "et": "RadiofrequencyLesionDevice",
    "off": 13332,
    "sff": "lesion"
  },
  {
    "docID": "N171 L+¦pez Vales 2007",
    "et": "RadiofrequencyLesionDevice",
    "off": 23571,
    "sff": "lesion"
  },
  {
    "docID": "N171 L+¦pez Vales 2007",
    "et": "RadiofrequencyLesionDevice",
    "off": 13714,
    "sff": "lesion"
  },
  {
    "docID": "N171 L+¦pez Vales 2007",
    "et": "Protein",
    "off": 12485,
    "sff": "protein"
  },
  {
    "docID": "N171 L+¦pez Vales 2007",
    "et": "GlialCell",
    "off": 12461,
    "sff": "glial"
  },
  {
    "docID": "N171 L+¦pez Vales 2007",
    "et": "SpinalGrayMatter",
    "off": 23271,
    "sff": "gray matter"
  },
  {
    "docID": "N171 L+¦pez Vales 2007",
    "et": "SpinalGrayMatter",
    "off": 17291,
    "sff": "gray matter"
  },
  {
    "docID": "N171 L+¦pez Vales 2007",
    "et": "SpinalGrayMatter",
    "off": 22700,
    "sff": "gray matter"
  },
  {
    "docID": "N171 L+¦pez Vales 2007",
    "et": "SpinalGrayMatter",
    "off": 1264,
    "sff": "gray matter"
  },
  {
    "docID": "N171 L+¦pez Vales 2007",
    "et": "SpinalGrayMatter",
    "off": 23088,
    "sff": "gray matter"
  },
  {
    "docID": "N171 L+¦pez Vales 2007",
    "et": "PostSurgeryCondition",
    "off": 8173,
    "sff": "surgery"
  },
  {
    "docID": "N171 L+¦pez Vales 2007",
    "et": "PostSurgeryCondition",
    "off": 8877,
    "sff": "surgery"
  },
  {
    "docID": "N171 L+¦pez Vales 2007",
    "et": "RatSpecies",
    "off": 131,
    "sff": "Rat"
  },
  {
    "docID": "N171 L+¦pez Vales 2007",
    "et": "RatSpecies",
    "off": 7687,
    "sff": "rat"
  },
  {
    "docID": "N171 L+¦pez Vales 2007",
    "et": "RatSpecies",
    "off": 29273,
    "sff": "rat"
  },
  {
    "docID": "N171 L+¦pez Vales 2007",
    "et": "RatSpecies",
    "off": 8538,
    "sff": "rat"
  },
  {
    "docID": "N171 L+¦pez Vales 2007",
    "et": "RatSpecies",
    "off": 13866,
    "sff": "rat"
  },
  {
    "docID": "N171 L+¦pez Vales 2007",
    "et": "RatSpecies",
    "off": 3986,
    "sff": "rat"
  },
  {
    "docID": "N171 L+¦pez Vales 2007",
    "et": "RatSpecies",
    "off": 16674,
    "sff": "rat"
  },
  {
    "docID": "N171 L+¦pez Vales 2007",
    "et": "InjuryIntensity",
    "off": 9264,
    "sff": "intensity"
  },
  {
    "docID": "N171 L+¦pez Vales 2007",
    "et": "InjuryIntensity",
    "off": 9947,
    "sff": "intensity"
  },
  {
    "docID": "N171 L+¦pez Vales 2007",
    "et": "InjuryIntensity",
    "off": 14012,
    "sff": "intensity"
  },
  {
    "docID": "N171 L+¦pez Vales 2007",
    "et": "Caudal",
    "off": 6976,
    "sff": "caudal"
  },
  {
    "docID": "N171 L+¦pez Vales 2007",
    "et": "Caudal",
    "off": 22977,
    "sff": "caudal"
  },
  {
    "docID": "N171 L+¦pez Vales 2007",
    "et": "Caudal",
    "off": 1140,
    "sff": "caudal"
  },
  {
    "docID": "N171 L+¦pez Vales 2007",
    "et": "Caudal",
    "off": 7508,
    "sff": "caudal"
  },
  {
    "docID": "N171 L+¦pez Vales 2007",
    "et": "Caudal",
    "off": 30997,
    "sff": "caudal"
  },
  {
    "docID": "N171 L+¦pez Vales 2007",
    "et": "Caudal",
    "off": 11220,
    "sff": "caudal"
  },
  {
    "docID": "N171 L+¦pez Vales 2007",
    "et": "Caudal",
    "off": 22676,
    "sff": "caudal"
  },
  {
    "docID": "N171 L+¦pez Vales 2007",
    "et": "Caudal",
    "off": 26036,
    "sff": "caudal"
  },
  {
    "docID": "N171 L+¦pez Vales 2007",
    "et": "Caudal",
    "off": 16921,
    "sff": "caudal"
  },
  {
    "docID": "N171 L+¦pez Vales 2007",
    "et": "Caudal",
    "off": 24141,
    "sff": "caudal"
  },
  {
    "docID": "N171 L+¦pez Vales 2007",
    "et": "Caudal",
    "off": 16780,
    "sff": "caudal"
  },
  {
    "docID": "N171 L+¦pez Vales 2007",
    "et": "Caudal",
    "off": 22540,
    "sff": "caudal"
  },
  {
    "docID": "N171 L+¦pez Vales 2007",
    "et": "Caudal",
    "off": 22896,
    "sff": "caudal"
  },
  {
    "docID": "N171 L+¦pez Vales 2007",
    "et": "Caudal",
    "off": 13318,
    "sff": "caudal"
  },
  {
    "docID": "N171 L+¦pez Vales 2007",
    "et": "Caudal",
    "off": 13700,
    "sff": "caudal"
  },
  {
    "docID": "N171 L+¦pez Vales 2007",
    "et": "Caudal",
    "off": 17579,
    "sff": "caudal"
  },
  {
    "docID": "N171 L+¦pez Vales 2007",
    "et": "Caudal",
    "off": 27339,
    "sff": "caudal"
  },
  {
    "docID": "N171 L+¦pez Vales 2007",
    "et": "Caudal",
    "off": 24746,
    "sff": "caudal"
  },
  {
    "docID": "N171 L+¦pez Vales 2007",
    "et": "SchwannCell",
    "off": 31485,
    "sff": "Schwann"
  },
  {
    "docID": "N171 L+¦pez Vales 2007",
    "et": "SchwannCell",
    "off": 31545,
    "sff": "Schwann"
  },
  {
    "docID": "N171 L+¦pez Vales 2007",
    "et": "SchwannCell",
    "off": 23986,
    "sff": "Schwann"
  },
  {
    "docID": "N171 L+¦pez Vales 2007",
    "et": "SchwannCell",
    "off": 4402,
    "sff": "Schwann cell"
  },
  {
    "docID": "N171 L+¦pez Vales 2007",
    "et": "SchwannCell",
    "off": 31845,
    "sff": "Schwann"
  },
  {
    "docID": "N171 L+¦pez Vales 2007",
    "et": "L5",
    "off": 1315,
    "sff": "L5"
  },
  {
    "docID": "N171 L+¦pez Vales 2007",
    "et": "L5",
    "off": 17113,
    "sff": "L5"
  },
  {
    "docID": "N171 L+¦pez Vales 2007",
    "et": "L5",
    "off": 11990,
    "sff": "L5"
  },
  {
    "docID": "N171 L+¦pez Vales 2007",
    "et": "L5",
    "off": 11751,
    "sff": "L5"
  },
  {
    "docID": "N171 L+¦pez Vales 2007",
    "et": "L5",
    "off": 23175,
    "sff": "L5"
  },
  {
    "docID": "N171 L+¦pez Vales 2007",
    "et": "SigmaAldrich",
    "off": 12516,
    "sff": "Sigma"
  },
  {
    "docID": "N171 L+¦pez Vales 2007",
    "et": "SigmaAldrich",
    "off": 6135,
    "sff": "Sigma"
  },
  {
    "docID": "N171 L+¦pez Vales 2007",
    "et": "SigmaAldrich",
    "off": 5693,
    "sff": "Sigma"
  },
  {
    "docID": "N171 L+¦pez Vales 2007",
    "et": "T10",
    "off": 11743,
    "sff": "T10"
  },
  {
    "docID": "N171 L+¦pez Vales 2007",
    "et": "DescendingFiberTract",
    "off": 19544,
    "sff": "descending"
  },
  {
    "docID": "N171 L+¦pez Vales 2007",
    "et": "DescendingFiberTract",
    "off": 25768,
    "sff": "descending"
  },
  {
    "docID": "N171 L+¦pez Vales 2007",
    "et": "DescendingFiberTract",
    "off": 9113,
    "sff": "descending"
  },
  {
    "docID": "N171 L+¦pez Vales 2007",
    "et": "DescendingFiberTract",
    "off": 26498,
    "sff": "descending"
  },
  {
    "docID": "N171 L+¦pez Vales 2007",
    "et": "DescendingFiberTract",
    "off": 13345,
    "sff": "Fiber"
  },
  {
    "docID": "N171 L+¦pez Vales 2007",
    "et": "PartialTransection",
    "off": 2527,
    "sff": "partial"
  },
  {
    "docID": "N171 L+¦pez Vales 2007",
    "et": "PartialTransection",
    "off": 19325,
    "sff": "partial"
  },
  {
    "docID": "N171 L+¦pez Vales 2007",
    "et": "PartialTransection",
    "off": 33373,
    "sff": "partial"
  },
  {
    "docID": "N171 L+¦pez Vales 2007",
    "et": "PartialTransection",
    "off": 10467,
    "sff": "partial"
  },
  {
    "docID": "N171 L+¦pez Vales 2007",
    "et": "PartialTransection",
    "off": 26480,
    "sff": "partial"
  },
  {
    "docID": "N171 L+¦pez Vales 2007",
    "et": "PartialTransection",
    "off": 774,
    "sff": "partial"
  },
  {
    "docID": "N171 L+¦pez Vales 2007",
    "et": "PartialTransection",
    "off": 24485,
    "sff": "partial"
  },
  {
    "docID": "N171 L+¦pez Vales 2007",
    "et": "PartialTransection",
    "off": 25205,
    "sff": "partial"
  },
  {
    "docID": "N171 L+¦pez Vales 2007",
    "et": "PartialTransection",
    "off": 68,
    "sff": "Partial"
  },
  {
    "docID": "N171 L+¦pez Vales 2007",
    "et": "PartialTransection",
    "off": 18741,
    "sff": "Partial"
  },
  {
    "docID": "N171 L+¦pez Vales 2007",
    "et": "Lumbar",
    "off": 26987,
    "sff": "lumbar"
  },
  {
    "docID": "N171 L+¦pez Vales 2007",
    "et": "Lumbar",
    "off": 20709,
    "sff": "lumbar"
  },
  {
    "docID": "N171 L+¦pez Vales 2007",
    "et": "Lumbar",
    "off": 23122,
    "sff": "lumbar"
  },
  {
    "docID": "N171 L+¦pez Vales 2007",
    "et": "Lumbar",
    "off": 18896,
    "sff": "lumbar"
  },
  {
    "docID": "N171 L+¦pez Vales 2007",
    "et": "Lumbar",
    "off": 21680,
    "sff": "lumbar"
  },
  {
    "docID": "N171 L+¦pez Vales 2007",
    "et": "Lumbar",
    "off": 930,
    "sff": "lumbar"
  },
  {
    "docID": "N171 L+¦pez Vales 2007",
    "et": "Lumbar",
    "off": 1298,
    "sff": "lumbar"
  },
  {
    "docID": "N171 L+¦pez Vales 2007",
    "et": "Lumbar",
    "off": 25633,
    "sff": "lumbar"
  },
  {
    "docID": "N171 L+¦pez Vales 2007",
    "et": "Lumbar",
    "off": 24812,
    "sff": "lumbar"
  },
  {
    "docID": "N171 L+¦pez Vales 2007",
    "et": "Lumbar",
    "off": 9822,
    "sff": "lumbar"
  },
  {
    "docID": "N171 L+¦pez Vales 2007",
    "et": "Thoracic",
    "off": 16537,
    "sff": "thoracic"
  },
  {
    "docID": "N171 L+¦pez Vales 2007",
    "et": "Thoracic",
    "off": 7190,
    "sff": "thoracic"
  },
  {
    "docID": "N171 L+¦pez Vales 2007",
    "et": "Thoracic",
    "off": 724,
    "sff": "thoracic"
  },
  {
    "docID": "N171 L+¦pez Vales 2007",
    "et": "Thoracic",
    "off": 6804,
    "sff": "thoracic"
  },
  {
    "docID": "N171 L+¦pez Vales 2007",
    "et": "LightSource",
    "off": 7905,
    "sff": "light"
  },
  {
    "docID": "N171 L+¦pez Vales 2007",
    "et": "StemCellSourceType",
    "off": 5586,
    "sff": "cell"
  },
  {
    "docID": "N171 L+¦pez Vales 2007",
    "et": "StemCellSourceType",
    "off": 303,
    "sff": "Cell"
  },
  {
    "docID": "N171 L+¦pez Vales 2007",
    "et": "StemCellSourceType",
    "off": 4410,
    "sff": "cell"
  },
  {
    "docID": "N171 L+¦pez Vales 2007",
    "et": "StemCellSourceType",
    "off": 6240,
    "sff": "cell"
  },
  {
    "docID": "N171 L+¦pez Vales 2007",
    "et": "StemCellSourceType",
    "off": 1937,
    "sff": "cell"
  },
  {
    "docID": "N171 L+¦pez Vales 2007",
    "et": "InVitroExperimentalProcedure",
    "off": 4906,
    "sff": "experimental"
  },
  {
    "docID": "N171 L+¦pez Vales 2007",
    "et": "InVitroExperimentalProcedure",
    "off": 5802,
    "sff": "vitro"
  },
  {
    "docID": "N171 L+¦pez Vales 2007",
    "et": "InVitroExperimentalProcedure",
    "off": 27685,
    "sff": "experimental"
  },
  {
    "docID": "N171 L+¦pez Vales 2007",
    "et": "InVitroExperimentalProcedure",
    "off": 3287,
    "sff": "vitro"
  },
  {
    "docID": "N171 L+¦pez Vales 2007",
    "et": "InVitroExperimentalProcedure",
    "off": 30577,
    "sff": "experimental"
  },
  {
    "docID": "N171 L+¦pez Vales 2007",
    "et": "InVitroExperimentalProcedure",
    "off": 1809,
    "sff": "experimental"
  },
  {
    "docID": "N171 L+¦pez Vales 2007",
    "et": "SerotonergicFibers",
    "off": 30936,
    "sff": "serotonergic"
  },
  {
    "docID": "N171 L+¦pez Vales 2007",
    "et": "SerotonergicFibers",
    "off": 21850,
    "sff": "serotonergic"
  },
  {
    "docID": "N171 L+¦pez Vales 2007",
    "et": "SerotonergicFibers",
    "off": 13162,
    "sff": "serotonergic"
  },
  {
    "docID": "N171 L+¦pez Vales 2007",
    "et": "SerotonergicFibers",
    "off": 17231,
    "sff": "serotonergic fibers"
  },
  {
    "docID": "N171 L+¦pez Vales 2007",
    "et": "SerotonergicFibers",
    "off": 22372,
    "sff": "serotonergic"
  },
  {
    "docID": "N171 L+¦pez Vales 2007",
    "et": "SerotonergicFibers",
    "off": 22806,
    "sff": "serotonergic"
  },
  {
    "docID": "N171 L+¦pez Vales 2007",
    "et": "SerotonergicFibers",
    "off": 23185,
    "sff": "serotonergic"
  },
  {
    "docID": "N171 L+¦pez Vales 2007",
    "et": "SerotonergicFibers",
    "off": 27091,
    "sff": "Serotonergic"
  },
  {
    "docID": "N171 L+¦pez Vales 2007",
    "et": "SerotonergicFibers",
    "off": 23010,
    "sff": "serotonergic"
  },
  {
    "docID": "N171 L+¦pez Vales 2007",
    "et": "SerotonergicFibers",
    "off": 16749,
    "sff": "serotonergic"
  },
  {
    "docID": "N171 L+¦pez Vales 2007",
    "et": "SerotonergicFibers",
    "off": 24772,
    "sff": "serotonergic fibers"
  },
  {
    "docID": "N171 L+¦pez Vales 2007",
    "et": "VentralInjuryArea",
    "off": 17263,
    "sff": "ventral"
  },
  {
    "docID": "N171 L+¦pez Vales 2007",
    "et": "VentralInjuryArea",
    "off": 30124,
    "sff": "ventral"
  },
  {
    "docID": "N171 L+¦pez Vales 2007",
    "et": "VentralInjuryArea",
    "off": 22085,
    "sff": "ventral"
  },
  {
    "docID": "N171 L+¦pez Vales 2007",
    "et": "VentralInjuryArea",
    "off": 23248,
    "sff": "ventral"
  },
  {
    "docID": "N171 L+¦pez Vales 2007",
    "et": "VentralInjuryArea",
    "off": 22017,
    "sff": "ventral"
  },
  {
    "docID": "N171 L+¦pez Vales 2007",
    "et": "LongEvansRat",
    "off": 1690,
    "sff": "long"
  },
  {
    "docID": "N171 L+¦pez Vales 2007",
    "et": "LongEvansRat",
    "off": 29178,
    "sff": "long"
  },
  {
    "docID": "N171 L+¦pez Vales 2007",
    "et": "LongEvansRat",
    "off": 26898,
    "sff": "Long"
  },
  {
    "docID": "N171 L+¦pez Vales 2007",
    "et": "LongEvansRat",
    "off": 1237,
    "sff": "long"
  },
  {
    "docID": "N171 L+¦pez Vales 2007",
    "et": "LongEvansRat",
    "off": 23061,
    "sff": "long"
  },
  {
    "docID": "N171 L+¦pez Vales 2007",
    "et": "LongEvansRat",
    "off": 25459,
    "sff": "long"
  },
  {
    "docID": "N171 L+¦pez Vales 2007",
    "et": "LongEvansRat",
    "off": 33327,
    "sff": "long"
  },
  {
    "docID": "N171 L+¦pez Vales 2007",
    "et": "Cell",
    "off": 303,
    "sff": "Cell"
  },
  {
    "docID": "N171 L+¦pez Vales 2007",
    "et": "Cell",
    "off": 4410,
    "sff": "cell"
  },
  {
    "docID": "N171 L+¦pez Vales 2007",
    "et": "Cell",
    "off": 5586,
    "sff": "cell"
  },
  {
    "docID": "N171 L+¦pez Vales 2007",
    "et": "Cell",
    "off": 1937,
    "sff": "cell"
  },
  {
    "docID": "N171 L+¦pez Vales 2007",
    "et": "Cell",
    "off": 6240,
    "sff": "cell"
  },
  {
    "docID": "N171 L+¦pez Vales 2007",
    "et": "Labeling",
    "off": 14030,
    "sff": "labeling"
  },
  {
    "docID": "N171 L+¦pez Vales 2007",
    "et": "SpinalDorsalHalf",
    "off": 21979,
    "sff": "dorsal"
  },
  {
    "docID": "N171 L+¦pez Vales 2007",
    "et": "SpinalDorsalHalf",
    "off": 2494,
    "sff": "dorsal"
  },
  {
    "docID": "N171 L+¦pez Vales 2007",
    "et": "Lateral",
    "off": 23235,
    "sff": "lateral"
  },
  {
    "docID": "N171 L+¦pez Vales 2007",
    "et": "Lateral",
    "off": 7592,
    "sff": "lateral"
  },
  {
    "docID": "N171 L+¦pez Vales 2007",
    "et": "Lateral",
    "off": 11238,
    "sff": "lateral"
  },
  {
    "docID": "N171 L+¦pez Vales 2007",
    "et": "Compound",
    "off": 10034,
    "sff": "Compound"
  },
  {
    "docID": "N171 L+¦pez Vales 2007",
    "et": "CompleteTransectionType",
    "off": 17848,
    "sff": "complete"
  },
  {
    "docID": "N171 L+¦pez Vales 2007",
    "et": "CompleteTransectionType",
    "off": 7025,
    "sff": "complete transection"
  },
  {
    "docID": "N171 L+¦pez Vales 2007",
    "et": "CompleteTransectionType",
    "off": 24307,
    "sff": "complete transection"
  },
  {
    "docID": "N171 L+¦pez Vales 2007",
    "et": "CompleteTransectionType",
    "off": 25216,
    "sff": "complete"
  },
  {
    "docID": "N171 L+¦pez Vales 2007",
    "et": "CompleteTransectionType",
    "off": 696,
    "sff": "complete transection"
  },
  {
    "docID": "N171 L+¦pez Vales 2007",
    "et": "CompleteTransectionType",
    "off": 91,
    "sff": "Complete"
  },
  {
    "docID": "N171 L+¦pez Vales 2007",
    "et": "CompleteTransectionType",
    "off": 24168,
    "sff": "transection"
  },
  {
    "docID": "N171 L+¦pez Vales 2007",
    "et": "CompleteTransectionType",
    "off": 4511,
    "sff": "complete transection"
  },
  {
    "docID": "N171 L+¦pez Vales 2007",
    "et": "CompleteTransectionType",
    "off": 17670,
    "sff": "complete"
  },
  {
    "docID": "N171 L+¦pez Vales 2007",
    "et": "CompleteTransectionType",
    "off": 18790,
    "sff": "transection"
  },
  {
    "docID": "N171 L+¦pez Vales 2007",
    "et": "CompleteTransectionType",
    "off": 30508,
    "sff": "transection"
  },
  {
    "docID": "N171 L+¦pez Vales 2007",
    "et": "CompleteTransectionType",
    "off": 20784,
    "sff": "transection"
  },
  {
    "docID": "N171 L+¦pez Vales 2007",
    "et": "CompleteTransectionType",
    "off": 112,
    "sff": "Transection"
  },
  {
    "docID": "N171 L+¦pez Vales 2007",
    "et": "CompleteTransectionType",
    "off": 17651,
    "sff": "transection"
  },
  {
    "docID": "N171 L+¦pez Vales 2007",
    "et": "CompleteTransectionType",
    "off": 30487,
    "sff": "complete"
  },
  {
    "docID": "N171 L+¦pez Vales 2007",
    "et": "CompleteTransectionType",
    "off": 25500,
    "sff": "complete"
  },
  {
    "docID": "N171 L+¦pez Vales 2007",
    "et": "CompleteTransectionType",
    "off": 32831,
    "sff": "transection"
  },
  {
    "docID": "N171 L+¦pez Vales 2007",
    "et": "CompleteTransectionType",
    "off": 25728,
    "sff": "transection"
  },
  {
    "docID": "N171 L+¦pez Vales 2007",
    "et": "CompleteTransectionType",
    "off": 32148,
    "sff": "complete transection"
  },
  {
    "docID": "N171 L+¦pez Vales 2007",
    "et": "CompleteTransectionType",
    "off": 30231,
    "sff": "complete transection"
  },
  {
    "docID": "N171 L+¦pez Vales 2007",
    "et": "CompleteTransectionType",
    "off": 18974,
    "sff": "complete"
  },
  {
    "docID": "N171 L+¦pez Vales 2007",
    "et": "CompleteTransectionType",
    "off": 8956,
    "sff": "complete transection"
  },
  {
    "docID": "N171 L+¦pez Vales 2007",
    "et": "CompleteTransectionType",
    "off": 24619,
    "sff": "complete"
  },
  {
    "docID": "N171 L+¦pez Vales 2007",
    "et": "CompleteTransectionType",
    "off": 30735,
    "sff": "transection"
  },
  {
    "docID": "N171 L+¦pez Vales 2007",
    "et": "CompleteTransectionType",
    "off": 10478,
    "sff": "complete"
  },
  {
    "docID": "N171 L+¦pez Vales 2007",
    "et": "CompleteTransectionType",
    "off": 20947,
    "sff": "transection"
  },
  {
    "docID": "N171 L+¦pez Vales 2007",
    "et": "CompleteTransectionType",
    "off": 33394,
    "sff": "complete"
  },
  {
    "docID": "N171 L+¦pez Vales 2007",
    "et": "Water",
    "off": 7935,
    "sff": "water"
  },
  {
    "docID": "N171 L+¦pez Vales 2007",
    "et": "ExperimentalProcedure",
    "off": 4906,
    "sff": "experimental"
  },
  {
    "docID": "N171 L+¦pez Vales 2007",
    "et": "ExperimentalProcedure",
    "off": 1809,
    "sff": "experimental"
  },
  {
    "docID": "N171 L+¦pez Vales 2007",
    "et": "ExperimentalProcedure",
    "off": 30577,
    "sff": "experimental"
  },
  {
    "docID": "N171 L+¦pez Vales 2007",
    "et": "ExperimentalProcedure",
    "off": 27685,
    "sff": "experimental"
  },
  {
    "docID": "N171 L+¦pez Vales 2007",
    "et": "BodyTemperatureMeasurement",
    "off": 12822,
    "sff": "temperature"
  },
  {
    "docID": "N171 L+¦pez Vales 2007",
    "et": "UnilateralInjuryArea",
    "off": 30043,
    "sff": "unilateral"
  },
  {
    "docID": "N171 L+¦pez Vales 2007",
    "et": "UnilateralInjuryArea",
    "off": 29493,
    "sff": "unilateral"
  },
  {
    "docID": "N171 L+¦pez Vales 2007",
    "et": "ElectrolyticLesion",
    "off": 29518,
    "sff": "electrolytic lesion"
  },
  {
    "docID": "N171 L+¦pez Vales 2007",
    "et": "PartialTransectionType",
    "off": 32157,
    "sff": "transection"
  },
  {
    "docID": "N171 L+¦pez Vales 2007",
    "et": "PartialTransectionType",
    "off": 30240,
    "sff": "transection"
  },
  {
    "docID": "N171 L+¦pez Vales 2007",
    "et": "PartialTransectionType",
    "off": 20947,
    "sff": "transection"
  },
  {
    "docID": "N171 L+¦pez Vales 2007",
    "et": "PartialTransectionType",
    "off": 68,
    "sff": "Partial"
  },
  {
    "docID": "N171 L+¦pez Vales 2007",
    "et": "PartialTransectionType",
    "off": 25205,
    "sff": "partial"
  },
  {
    "docID": "N171 L+¦pez Vales 2007",
    "et": "PartialTransectionType",
    "off": 26480,
    "sff": "partial"
  },
  {
    "docID": "N171 L+¦pez Vales 2007",
    "et": "PartialTransectionType",
    "off": 30508,
    "sff": "transection"
  },
  {
    "docID": "N171 L+¦pez Vales 2007",
    "et": "PartialTransectionType",
    "off": 30735,
    "sff": "transection"
  },
  {
    "docID": "N171 L+¦pez Vales 2007",
    "et": "PartialTransectionType",
    "off": 19325,
    "sff": "partial"
  },
  {
    "docID": "N171 L+¦pez Vales 2007",
    "et": "PartialTransectionType",
    "off": 4520,
    "sff": "transection"
  },
  {
    "docID": "N171 L+¦pez Vales 2007",
    "et": "PartialTransectionType",
    "off": 24168,
    "sff": "transection"
  },
  {
    "docID": "N171 L+¦pez Vales 2007",
    "et": "PartialTransectionType",
    "off": 18790,
    "sff": "transection"
  },
  {
    "docID": "N171 L+¦pez Vales 2007",
    "et": "PartialTransectionType",
    "off": 18741,
    "sff": "Partial"
  },
  {
    "docID": "N171 L+¦pez Vales 2007",
    "et": "PartialTransectionType",
    "off": 24316,
    "sff": "transection"
  },
  {
    "docID": "N171 L+¦pez Vales 2007",
    "et": "PartialTransectionType",
    "off": 7034,
    "sff": "transection"
  },
  {
    "docID": "N171 L+¦pez Vales 2007",
    "et": "PartialTransectionType",
    "off": 32831,
    "sff": "transection"
  },
  {
    "docID": "N171 L+¦pez Vales 2007",
    "et": "PartialTransectionType",
    "off": 774,
    "sff": "partial"
  },
  {
    "docID": "N171 L+¦pez Vales 2007",
    "et": "PartialTransectionType",
    "off": 17651,
    "sff": "transection"
  },
  {
    "docID": "N171 L+¦pez Vales 2007",
    "et": "PartialTransectionType",
    "off": 20784,
    "sff": "transection"
  },
  {
    "docID": "N171 L+¦pez Vales 2007",
    "et": "PartialTransectionType",
    "off": 112,
    "sff": "Transection"
  },
  {
    "docID": "N171 L+¦pez Vales 2007",
    "et": "PartialTransectionType",
    "off": 33373,
    "sff": "partial"
  },
  {
    "docID": "N171 L+¦pez Vales 2007",
    "et": "PartialTransectionType",
    "off": 8965,
    "sff": "transection"
  },
  {
    "docID": "N171 L+¦pez Vales 2007",
    "et": "PartialTransectionType",
    "off": 2527,
    "sff": "partial"
  },
  {
    "docID": "N171 L+¦pez Vales 2007",
    "et": "PartialTransectionType",
    "off": 705,
    "sff": "transection"
  },
  {
    "docID": "N171 L+¦pez Vales 2007",
    "et": "PartialTransectionType",
    "off": 24485,
    "sff": "partial"
  },
  {
    "docID": "N171 L+¦pez Vales 2007",
    "et": "PartialTransectionType",
    "off": 25728,
    "sff": "transection"
  },
  {
    "docID": "N171 L+¦pez Vales 2007",
    "et": "PartialTransectionType",
    "off": 10467,
    "sff": "partial"
  },
  {
    "docID": "N171 L+¦pez Vales 2007",
    "et": "Ipsilateral",
    "off": 30132,
    "sff": "ipsilateral"
  },
  {
    "docID": "N171 L+¦pez Vales 2007",
    "et": "CorticospinalTract",
    "off": 10701,
    "sff": "corticospinal"
  },
  {
    "docID": "N171 L+¦pez Vales 2007",
    "et": "CorticospinalTract",
    "off": 21805,
    "sff": "corticospinal"
  },
  {
    "docID": "N171 L+¦pez Vales 2007",
    "et": "CorticospinalTract",
    "off": 26956,
    "sff": "corticospinal"
  },
  {
    "docID": "N171 L+¦pez Vales 2007",
    "et": "CorticospinalTract",
    "off": 22603,
    "sff": "corticospinal"
  },
  {
    "docID": "N171 L+¦pez Vales 2007",
    "et": "CorticospinalTract",
    "off": 21927,
    "sff": "corticospinal"
  },
  {
    "docID": "N171 L+¦pez Vales 2007",
    "et": "CorticospinalTract",
    "off": 24710,
    "sff": "corticospinal"
  },
  {
    "docID": "N171 L+¦pez Vales 2007",
    "et": "CorticospinalTract",
    "off": 10663,
    "sff": "Corticospinal Tract"
  },
  {
    "docID": "N171 L+¦pez Vales 2007",
    "et": "CorticospinalTract",
    "off": 1058,
    "sff": "corticospinal"
  },
  {
    "docID": "N171 L+¦pez Vales 2007",
    "et": "CorticospinalTract",
    "off": 22785,
    "sff": "corticospinal"
  },
  {
    "docID": "N171 L+¦pez Vales 2007",
    "et": "CorticospinalTract",
    "off": 29504,
    "sff": "corticospinal"
  },
  {
    "docID": "N171 L+¦pez Vales 2007",
    "et": "CorticospinalTract",
    "off": 30144,
    "sff": "corticospinal"
  },
  {
    "docID": "N171 L+¦pez Vales 2007",
    "et": "CorticospinalTract",
    "off": 2398,
    "sff": "corticospinal"
  },
  {
    "docID": "N171 L+¦pez Vales 2007",
    "et": "CorticospinalTract",
    "off": 11420,
    "sff": "corticospinal"
  },
  {
    "docID": "N171 L+¦pez Vales 2007",
    "et": "CorticospinalTract",
    "off": 10773,
    "sff": "corticospinal tract"
  },
  {
    "docID": "N171 L+¦pez Vales 2007",
    "et": "CorticospinalTract",
    "off": 30054,
    "sff": "corticospinal"
  },
  {
    "docID": "N171 L+¦pez Vales 2007",
    "et": "CorticospinalTract",
    "off": 13144,
    "sff": "corticospinal"
  },
  {
    "docID": "N171 L+¦pez Vales 2007",
    "et": "CorticospinalTract",
    "off": 16727,
    "sff": "corticospinal"
  },
  {
    "docID": "N171 L+¦pez Vales 2007",
    "et": "CorticospinalTract",
    "off": 23031,
    "sff": "corticospinal"
  },
  {
    "docID": "N171 L+¦pez Vales 2007",
    "et": "CorticospinalTract",
    "off": 26837,
    "sff": "corticospinal"
  },
  {
    "docID": "N171 L+¦pez Vales 2007",
    "et": "CorticospinalTract",
    "off": 1204,
    "sff": "corticospinal"
  },
  {
    "docID": "N171 L+¦pez Vales 2007",
    "et": "CorticospinalTract",
    "off": 29611,
    "sff": "corticospinal"
  },
  {
    "docID": "N171 L+¦pez Vales 2007",
    "et": "CorticospinalTract",
    "off": 22354,
    "sff": "corticospinal"
  },
  {
    "docID": "N171 L+¦pez Vales 2007",
    "et": "VentralHemisection",
    "off": 22017,
    "sff": "ventral"
  },
  {
    "docID": "N171 L+¦pez Vales 2007",
    "et": "VentralHemisection",
    "off": 23248,
    "sff": "ventral"
  },
  {
    "docID": "N171 L+¦pez Vales 2007",
    "et": "VentralHemisection",
    "off": 22085,
    "sff": "ventral"
  },
  {
    "docID": "N171 L+¦pez Vales 2007",
    "et": "VentralHemisection",
    "off": 17263,
    "sff": "ventral"
  },
  {
    "docID": "N171 L+¦pez Vales 2007",
    "et": "VentralHemisection",
    "off": 30124,
    "sff": "ventral"
  },
  {
    "docID": "N171 L+¦pez Vales 2007",
    "et": "CompleteInjuryArea",
    "off": 17670,
    "sff": "complete"
  },
  {
    "docID": "N171 L+¦pez Vales 2007",
    "et": "CompleteInjuryArea",
    "off": 25216,
    "sff": "complete"
  },
  {
    "docID": "N171 L+¦pez Vales 2007",
    "et": "CompleteInjuryArea",
    "off": 8956,
    "sff": "complete"
  },
  {
    "docID": "N171 L+¦pez Vales 2007",
    "et": "CompleteInjuryArea",
    "off": 25500,
    "sff": "complete"
  },
  {
    "docID": "N171 L+¦pez Vales 2007",
    "et": "CompleteInjuryArea",
    "off": 18974,
    "sff": "complete"
  },
  {
    "docID": "N171 L+¦pez Vales 2007",
    "et": "CompleteInjuryArea",
    "off": 4511,
    "sff": "complete"
  },
  {
    "docID": "N171 L+¦pez Vales 2007",
    "et": "CompleteInjuryArea",
    "off": 696,
    "sff": "complete"
  },
  {
    "docID": "N171 L+¦pez Vales 2007",
    "et": "CompleteInjuryArea",
    "off": 17848,
    "sff": "complete"
  },
  {
    "docID": "N171 L+¦pez Vales 2007",
    "et": "CompleteInjuryArea",
    "off": 32148,
    "sff": "complete"
  },
  {
    "docID": "N171 L+¦pez Vales 2007",
    "et": "CompleteInjuryArea",
    "off": 30231,
    "sff": "complete"
  },
  {
    "docID": "N171 L+¦pez Vales 2007",
    "et": "CompleteInjuryArea",
    "off": 30487,
    "sff": "complete"
  },
  {
    "docID": "N171 L+¦pez Vales 2007",
    "et": "CompleteInjuryArea",
    "off": 7025,
    "sff": "complete"
  },
  {
    "docID": "N171 L+¦pez Vales 2007",
    "et": "CompleteInjuryArea",
    "off": 33394,
    "sff": "complete"
  },
  {
    "docID": "N171 L+¦pez Vales 2007",
    "et": "CompleteInjuryArea",
    "off": 24307,
    "sff": "complete"
  },
  {
    "docID": "N171 L+¦pez Vales 2007",
    "et": "CompleteInjuryArea",
    "off": 10478,
    "sff": "complete"
  },
  {
    "docID": "N171 L+¦pez Vales 2007",
    "et": "CompleteInjuryArea",
    "off": 91,
    "sff": "Complete"
  },
  {
    "docID": "N171 L+¦pez Vales 2007",
    "et": "CompleteInjuryArea",
    "off": 24619,
    "sff": "complete"
  }
]
