[
  {
    "docID": "N174 L+¦pez-Vales 2006 3",
    "et": "CompleteTransection",
    "off": 32878,
    "sff": "complete transection"
  },
  {
    "docID": "N174 L+¦pez-Vales 2006 3",
    "et": "CompleteTransection",
    "off": 22145,
    "sff": "complete"
  },
  {
    "docID": "N174 L+¦pez-Vales 2006 3",
    "et": "CompleteTransection",
    "off": 34481,
    "sff": "complete"
  },
  {
    "docID": "N174 L+¦pez-Vales 2006 3",
    "et": "CompleteTransection",
    "off": 7717,
    "sff": "complete transection"
  },
  {
    "docID": "N174 L+¦pez-Vales 2006 3",
    "et": "CompleteTransection",
    "off": 24275,
    "sff": "complete"
  },
  {
    "docID": "N174 L+¦pez-Vales 2006 3",
    "et": "CompleteTransection",
    "off": 40101,
    "sff": "complete"
  },
  {
    "docID": "N174 L+¦pez-Vales 2006 3",
    "et": "CompleteTransection",
    "off": 97,
    "sff": "complete transection"
  },
  {
    "docID": "N174 L+¦pez-Vales 2006 3",
    "et": "CompleteTransection",
    "off": 5133,
    "sff": "complete"
  },
  {
    "docID": "N174 L+¦pez-Vales 2006 3",
    "et": "CompleteTransection",
    "off": 11277,
    "sff": "complete"
  },
  {
    "docID": "N174 L+¦pez-Vales 2006 3",
    "et": "CompleteTransection",
    "off": 44502,
    "sff": "complete"
  },
  {
    "docID": "N174 L+¦pez-Vales 2006 3",
    "et": "Ethanol",
    "off": 13885,
    "sff": "ethanol"
  },
  {
    "docID": "N174 L+¦pez-Vales 2006 3",
    "et": "OlfactoryEnsheathingGliaCell",
    "off": 5954,
    "sff": "olfactory"
  },
  {
    "docID": "N174 L+¦pez-Vales 2006 3",
    "et": "OlfactoryEnsheathingGliaCell",
    "off": 572,
    "sff": "olfactory ensheathing"
  },
  {
    "docID": "N174 L+¦pez-Vales 2006 3",
    "et": "OlfactoryEnsheathingGliaCell",
    "off": 6189,
    "sff": "olfactory"
  },
  {
    "docID": "N174 L+¦pez-Vales 2006 3",
    "et": "OlfactoryEnsheathingGliaCell",
    "off": 4014,
    "sff": "olfactory"
  },
  {
    "docID": "N174 L+¦pez-Vales 2006 3",
    "et": "OlfactoryEnsheathingGliaCell",
    "off": 2451,
    "sff": "olfactory ensheathing cell"
  },
  {
    "docID": "N174 L+¦pez-Vales 2006 3",
    "et": "OlfactoryEnsheathingGliaCell",
    "off": 32556,
    "sff": "olfactory"
  },
  {
    "docID": "N174 L+¦pez-Vales 2006 3",
    "et": "OlfactoryEnsheathingGliaCell",
    "off": 38,
    "sff": "olfactory ensheathing"
  },
  {
    "docID": "N174 L+¦pez-Vales 2006 3",
    "et": "OlfactoryEnsheathingGliaCell",
    "off": 32538,
    "sff": "olfactory"
  },
  {
    "docID": "N174 L+¦pez-Vales 2006 3",
    "et": "OlfactoryEnsheathingGliaCell",
    "off": 616,
    "sff": "olfactory"
  },
  {
    "docID": "N174 L+¦pez-Vales 2006 3",
    "et": "OlfactoryEnsheathingGliaCell",
    "off": 2451,
    "sff": "olfactory ensheathing"
  },
  {
    "docID": "N174 L+¦pez-Vales 2006 3",
    "et": "OlfactoryEnsheathingGliaCell",
    "off": 3973,
    "sff": "olfactory"
  },
  {
    "docID": "N174 L+¦pez-Vales 2006 3",
    "et": "OlfactoryEnsheathingGliaCell",
    "off": 3989,
    "sff": "olfactory"
  },
  {
    "docID": "N174 L+¦pez-Vales 2006 3",
    "et": "DorsalInjuryArea",
    "off": 19748,
    "sff": "dorsal"
  },
  {
    "docID": "N174 L+¦pez-Vales 2006 3",
    "et": "DorsalInjuryArea",
    "off": 42206,
    "sff": "dorsal"
  },
  {
    "docID": "N174 L+¦pez-Vales 2006 3",
    "et": "DorsalInjuryArea",
    "off": 27743,
    "sff": "dorsal"
  },
  {
    "docID": "N174 L+¦pez-Vales 2006 3",
    "et": "DorsalInjuryArea",
    "off": 26848,
    "sff": "dorsal"
  },
  {
    "docID": "N174 L+¦pez-Vales 2006 3",
    "et": "DorsalInjuryArea",
    "off": 3353,
    "sff": "dorsal"
  },
  {
    "docID": "N174 L+¦pez-Vales 2006 3",
    "et": "DorsalInjuryArea",
    "off": 18892,
    "sff": "dorsal"
  },
  {
    "docID": "N174 L+¦pez-Vales 2006 3",
    "et": "DorsalInjuryArea",
    "off": 18151,
    "sff": "dorsal"
  },
  {
    "docID": "N174 L+¦pez-Vales 2006 3",
    "et": "DorsalInjuryArea",
    "off": 37623,
    "sff": "dorsal"
  },
  {
    "docID": "N174 L+¦pez-Vales 2006 3",
    "et": "DorsalInjuryArea",
    "off": 3883,
    "sff": "dorsal"
  },
  {
    "docID": "N174 L+¦pez-Vales 2006 3",
    "et": "DorsalInjuryArea",
    "off": 42233,
    "sff": "dorsal"
  },
  {
    "docID": "N174 L+¦pez-Vales 2006 3",
    "et": "MouseSpecies",
    "off": 6726,
    "sff": "mouse"
  },
  {
    "docID": "N174 L+¦pez-Vales 2006 3",
    "et": "MouseSpecies",
    "off": 13384,
    "sff": "mouse"
  },
  {
    "docID": "N174 L+¦pez-Vales 2006 3",
    "et": "WeightDrop",
    "off": 21350,
    "sff": "weight"
  },
  {
    "docID": "N174 L+¦pez-Vales 2006 3",
    "et": "WeightDrop",
    "off": 21440,
    "sff": "weight"
  },
  {
    "docID": "N174 L+¦pez-Vales 2006 3",
    "et": "WeightDrop",
    "off": 21550,
    "sff": "weight"
  },
  {
    "docID": "N174 L+¦pez-Vales 2006 3",
    "et": "NOGOReceptorAntagonist",
    "off": 13536,
    "sff": "receptor"
  },
  {
    "docID": "N174 L+¦pez-Vales 2006 3",
    "et": "NOGOReceptorAntagonist",
    "off": 44069,
    "sff": "receptor"
  },
  {
    "docID": "N174 L+¦pez-Vales 2006 3",
    "et": "NOGOReceptorAntagonist",
    "off": 6822,
    "sff": "receptor"
  },
  {
    "docID": "N174 L+¦pez-Vales 2006 3",
    "et": "SpinalFiberTract",
    "off": 14459,
    "sff": "Fiber"
  },
  {
    "docID": "N174 L+¦pez-Vales 2006 3",
    "et": "DorsalHemisection",
    "off": 27743,
    "sff": "dorsal"
  },
  {
    "docID": "N174 L+¦pez-Vales 2006 3",
    "et": "DorsalHemisection",
    "off": 42206,
    "sff": "dorsal"
  },
  {
    "docID": "N174 L+¦pez-Vales 2006 3",
    "et": "DorsalHemisection",
    "off": 18892,
    "sff": "dorsal"
  },
  {
    "docID": "N174 L+¦pez-Vales 2006 3",
    "et": "DorsalHemisection",
    "off": 3883,
    "sff": "dorsal"
  },
  {
    "docID": "N174 L+¦pez-Vales 2006 3",
    "et": "DorsalHemisection",
    "off": 3353,
    "sff": "dorsal"
  },
  {
    "docID": "N174 L+¦pez-Vales 2006 3",
    "et": "DorsalHemisection",
    "off": 42233,
    "sff": "dorsal"
  },
  {
    "docID": "N174 L+¦pez-Vales 2006 3",
    "et": "DorsalHemisection",
    "off": 18151,
    "sff": "dorsal"
  },
  {
    "docID": "N174 L+¦pez-Vales 2006 3",
    "et": "DorsalHemisection",
    "off": 37623,
    "sff": "dorsal"
  },
  {
    "docID": "N174 L+¦pez-Vales 2006 3",
    "et": "DorsalHemisection",
    "off": 19748,
    "sff": "dorsal"
  },
  {
    "docID": "N174 L+¦pez-Vales 2006 3",
    "et": "DorsalHemisection",
    "off": 26848,
    "sff": "dorsal"
  },
  {
    "docID": "N174 L+¦pez-Vales 2006 3",
    "et": "SpinalVentralHalf",
    "off": 28991,
    "sff": "ventral"
  },
  {
    "docID": "N174 L+¦pez-Vales 2006 3",
    "et": "SpinalVentralHalf",
    "off": 19773,
    "sff": "ventral"
  },
  {
    "docID": "N174 L+¦pez-Vales 2006 3",
    "et": "SpinalVentralHalf",
    "off": 27859,
    "sff": "ventral"
  },
  {
    "docID": "N174 L+¦pez-Vales 2006 3",
    "et": "SpinalVentralHalf",
    "off": 18176,
    "sff": "ventral"
  },
  {
    "docID": "N174 L+¦pez-Vales 2006 3",
    "et": "SpinalVentralHalf",
    "off": 27781,
    "sff": "ventral"
  },
  {
    "docID": "N174 L+¦pez-Vales 2006 3",
    "et": "SpinalVentralHalf",
    "off": 38098,
    "sff": "ventral"
  },
  {
    "docID": "N174 L+¦pez-Vales 2006 3",
    "et": "RabbitSpecies",
    "off": 13076,
    "sff": "rabbit"
  },
  {
    "docID": "N174 L+¦pez-Vales 2006 3",
    "et": "Rostral",
    "off": 25949,
    "sff": "rostral"
  },
  {
    "docID": "N174 L+¦pez-Vales 2006 3",
    "et": "Rostral",
    "off": 37480,
    "sff": "rostral"
  },
  {
    "docID": "N174 L+¦pez-Vales 2006 3",
    "et": "Rostral",
    "off": 28185,
    "sff": "rostral"
  },
  {
    "docID": "N174 L+¦pez-Vales 2006 3",
    "et": "Rostral",
    "off": 28457,
    "sff": "rostral"
  },
  {
    "docID": "N174 L+¦pez-Vales 2006 3",
    "et": "Rostral",
    "off": 37650,
    "sff": "rostral"
  },
  {
    "docID": "N174 L+¦pez-Vales 2006 3",
    "et": "Rostral",
    "off": 7656,
    "sff": "rostral"
  },
  {
    "docID": "N174 L+¦pez-Vales 2006 3",
    "et": "DorsalColumn",
    "off": 42206,
    "sff": "dorsal"
  },
  {
    "docID": "N174 L+¦pez-Vales 2006 3",
    "et": "DorsalColumn",
    "off": 18892,
    "sff": "dorsal"
  },
  {
    "docID": "N174 L+¦pez-Vales 2006 3",
    "et": "DorsalColumn",
    "off": 27743,
    "sff": "dorsal"
  },
  {
    "docID": "N174 L+¦pez-Vales 2006 3",
    "et": "DorsalColumn",
    "off": 3353,
    "sff": "dorsal"
  },
  {
    "docID": "N174 L+¦pez-Vales 2006 3",
    "et": "DorsalColumn",
    "off": 3883,
    "sff": "dorsal"
  },
  {
    "docID": "N174 L+¦pez-Vales 2006 3",
    "et": "DorsalColumn",
    "off": 42233,
    "sff": "dorsal"
  },
  {
    "docID": "N174 L+¦pez-Vales 2006 3",
    "et": "DorsalColumn",
    "off": 19748,
    "sff": "dorsal"
  },
  {
    "docID": "N174 L+¦pez-Vales 2006 3",
    "et": "DorsalColumn",
    "off": 37623,
    "sff": "dorsal"
  },
  {
    "docID": "N174 L+¦pez-Vales 2006 3",
    "et": "DorsalColumn",
    "off": 18151,
    "sff": "dorsal"
  },
  {
    "docID": "N174 L+¦pez-Vales 2006 3",
    "et": "DorsalColumn",
    "off": 26848,
    "sff": "dorsal"
  },
  {
    "docID": "N174 L+¦pez-Vales 2006 3",
    "et": "SpragueDawleyRat",
    "off": 6006,
    "sff": "Sprague–Dawley"
  },
  {
    "docID": "N174 L+¦pez-Vales 2006 3",
    "et": "SpragueDawleyRat",
    "off": 7434,
    "sff": "Sprague–Dawley"
  },
  {
    "docID": "N174 L+¦pez-Vales 2006 3",
    "et": "SpragueDawleyRat",
    "off": 6006,
    "sff": "Sprague–Dawley rats"
  },
  {
    "docID": "N174 L+¦pez-Vales 2006 3",
    "et": "SpragueDawleyRat",
    "off": 7434,
    "sff": "Sprague–Dawley rats"
  },
  {
    "docID": "N174 L+¦pez-Vales 2006 3",
    "et": "Left",
    "off": 19718,
    "sff": "left"
  },
  {
    "docID": "N174 L+¦pez-Vales 2006 3",
    "et": "Left",
    "off": 18121,
    "sff": "left"
  },
  {
    "docID": "N174 L+¦pez-Vales 2006 3",
    "et": "Left",
    "off": 17856,
    "sff": "left"
  },
  {
    "docID": "N174 L+¦pez-Vales 2006 3",
    "et": "SubstanceApplicationLocation",
    "off": 1596,
    "sff": "application"
  },
  {
    "docID": "N174 L+¦pez-Vales 2006 3",
    "et": "LaminectomyType",
    "off": 7527,
    "sff": "laminectomy"
  },
  {
    "docID": "N174 L+¦pez-Vales 2006 3",
    "et": "Tissue",
    "off": 18345,
    "sff": "tissue"
  },
  {
    "docID": "N174 L+¦pez-Vales 2006 3",
    "et": "Tissue",
    "off": 26104,
    "sff": "tissue"
  },
  {
    "docID": "N174 L+¦pez-Vales 2006 3",
    "et": "Tissue",
    "off": 26181,
    "sff": "tissue"
  },
  {
    "docID": "N174 L+¦pez-Vales 2006 3",
    "et": "Tissue",
    "off": 39839,
    "sff": "tissue"
  },
  {
    "docID": "N174 L+¦pez-Vales 2006 3",
    "et": "Tissue",
    "off": 30866,
    "sff": "tissue"
  },
  {
    "docID": "N174 L+¦pez-Vales 2006 3",
    "et": "Tissue",
    "off": 25934,
    "sff": "tissue"
  },
  {
    "docID": "N174 L+¦pez-Vales 2006 3",
    "et": "Tissue",
    "off": 7324,
    "sff": "tissue"
  },
  {
    "docID": "N174 L+¦pez-Vales 2006 3",
    "et": "Tissue",
    "off": 17916,
    "sff": "tissue"
  },
  {
    "docID": "N174 L+¦pez-Vales 2006 3",
    "et": "Tissue",
    "off": 18075,
    "sff": "tissue"
  },
  {
    "docID": "N174 L+¦pez-Vales 2006 3",
    "et": "Tissue",
    "off": 42648,
    "sff": "tissue"
  },
  {
    "docID": "N174 L+¦pez-Vales 2006 3",
    "et": "Tissue",
    "off": 43065,
    "sff": "tissue"
  },
  {
    "docID": "N174 L+¦pez-Vales 2006 3",
    "et": "InjectionDelivery",
    "off": 8060,
    "sff": "injection"
  },
  {
    "docID": "N174 L+¦pez-Vales 2006 3",
    "et": "InjectionDelivery",
    "off": 12349,
    "sff": "injection"
  },
  {
    "docID": "N174 L+¦pez-Vales 2006 3",
    "et": "InjectionDelivery",
    "off": 11857,
    "sff": "injection"
  },
  {
    "docID": "N174 L+¦pez-Vales 2006 3",
    "et": "InjectionDelivery",
    "off": 12117,
    "sff": "injection"
  },
  {
    "docID": "N174 L+¦pez-Vales 2006 3",
    "et": "SpinalLesionSite",
    "off": 29997,
    "sff": "lesion"
  },
  {
    "docID": "N174 L+¦pez-Vales 2006 3",
    "et": "SpinalLesionSite",
    "off": 30826,
    "sff": "lesion"
  },
  {
    "docID": "N174 L+¦pez-Vales 2006 3",
    "et": "SpinalLesionSite",
    "off": 37665,
    "sff": "lesion"
  },
  {
    "docID": "N174 L+¦pez-Vales 2006 3",
    "et": "SpinalLesionSite",
    "off": 37408,
    "sff": "lesion"
  },
  {
    "docID": "N174 L+¦pez-Vales 2006 3",
    "et": "SpinalLesionSite",
    "off": 30912,
    "sff": "lesion site"
  },
  {
    "docID": "N174 L+¦pez-Vales 2006 3",
    "et": "SpinalLesionSite",
    "off": 37695,
    "sff": "lesion site"
  },
  {
    "docID": "N174 L+¦pez-Vales 2006 3",
    "et": "SpinalLesionSite",
    "off": 30308,
    "sff": "lesion"
  },
  {
    "docID": "N174 L+¦pez-Vales 2006 3",
    "et": "SpinalLesionSite",
    "off": 33305,
    "sff": "lesion"
  },
  {
    "docID": "N174 L+¦pez-Vales 2006 3",
    "et": "SpinalLesionSite",
    "off": 30493,
    "sff": "lesion"
  },
  {
    "docID": "N174 L+¦pez-Vales 2006 3",
    "et": "SpinalLesionSite",
    "off": 18524,
    "sff": "lesion"
  },
  {
    "docID": "N174 L+¦pez-Vales 2006 3",
    "et": "SpinalLesionSite",
    "off": 34161,
    "sff": "lesion site"
  },
  {
    "docID": "N174 L+¦pez-Vales 2006 3",
    "et": "SpinalLesionSite",
    "off": 8277,
    "sff": "lesion"
  },
  {
    "docID": "N174 L+¦pez-Vales 2006 3",
    "et": "SpinalLesionSite",
    "off": 8020,
    "sff": "lesion"
  },
  {
    "docID": "N174 L+¦pez-Vales 2006 3",
    "et": "SpinalLesionSite",
    "off": 33106,
    "sff": "lesion"
  },
  {
    "docID": "N174 L+¦pez-Vales 2006 3",
    "et": "SpinalLesionSite",
    "off": 33160,
    "sff": "lesion"
  },
  {
    "docID": "N174 L+¦pez-Vales 2006 3",
    "et": "SpinalLesionSite",
    "off": 42455,
    "sff": "lesion site"
  },
  {
    "docID": "N174 L+¦pez-Vales 2006 3",
    "et": "SpinalLesionSite",
    "off": 29197,
    "sff": "lesion"
  },
  {
    "docID": "N174 L+¦pez-Vales 2006 3",
    "et": "SpinalLesionSite",
    "off": 30669,
    "sff": "lesion"
  },
  {
    "docID": "N174 L+¦pez-Vales 2006 3",
    "et": "SpinalLesionSite",
    "off": 44934,
    "sff": "lesion"
  },
  {
    "docID": "N174 L+¦pez-Vales 2006 3",
    "et": "SpinalLesionSite",
    "off": 11542,
    "sff": "lesion site"
  },
  {
    "docID": "N174 L+¦pez-Vales 2006 3",
    "et": "SpinalLesionSite",
    "off": 26707,
    "sff": "lesion site"
  },
  {
    "docID": "N174 L+¦pez-Vales 2006 3",
    "et": "SpinalLesionSite",
    "off": 14143,
    "sff": "lesion"
  },
  {
    "docID": "N174 L+¦pez-Vales 2006 3",
    "et": "SpinalLesionSite",
    "off": 14274,
    "sff": "lesion"
  },
  {
    "docID": "N174 L+¦pez-Vales 2006 3",
    "et": "SpinalLesionSite",
    "off": 37495,
    "sff": "lesion"
  },
  {
    "docID": "N174 L+¦pez-Vales 2006 3",
    "et": "SpinalLesionSite",
    "off": 37768,
    "sff": "lesion site"
  },
  {
    "docID": "N174 L+¦pez-Vales 2006 3",
    "et": "SpinalLesionSite",
    "off": 4872,
    "sff": "lesion site"
  },
  {
    "docID": "N174 L+¦pez-Vales 2006 3",
    "et": "SpinalLesionSite",
    "off": 35453,
    "sff": "lesion"
  },
  {
    "docID": "N174 L+¦pez-Vales 2006 3",
    "et": "SpinalLesionSite",
    "off": 20336,
    "sff": "lesion"
  },
  {
    "docID": "N174 L+¦pez-Vales 2006 3",
    "et": "SpinalLesionSite",
    "off": 37168,
    "sff": "lesion"
  },
  {
    "docID": "N174 L+¦pez-Vales 2006 3",
    "et": "SpinalLesionSite",
    "off": 27118,
    "sff": "lesion"
  },
  {
    "docID": "N174 L+¦pez-Vales 2006 3",
    "et": "RubrospinalTract",
    "off": 38278,
    "sff": "rubrospinal"
  },
  {
    "docID": "N174 L+¦pez-Vales 2006 3",
    "et": "T6",
    "off": 12479,
    "sff": "T6"
  },
  {
    "docID": "N174 L+¦pez-Vales 2006 3",
    "et": "Weight",
    "off": 7455,
    "sff": "250–300 g"
  },
  {
    "docID": "N174 L+¦pez-Vales 2006 3",
    "et": "T8",
    "off": 759,
    "sff": "T8"
  },
  {
    "docID": "N174 L+¦pez-Vales 2006 3",
    "et": "T8",
    "off": 7628,
    "sff": "T8"
  },
  {
    "docID": "N174 L+¦pez-Vales 2006 3",
    "et": "T8",
    "off": 7553,
    "sff": "T8"
  },
  {
    "docID": "N174 L+¦pez-Vales 2006 3",
    "et": "T9",
    "off": 7556,
    "sff": "T9"
  },
  {
    "docID": "N174 L+¦pez-Vales 2006 3",
    "et": "CompoundBiologicalRelation",
    "off": 10838,
    "sff": "Compound"
  },
  {
    "docID": "N174 L+¦pez-Vales 2006 3",
    "et": "CompoundBiologicalRelation",
    "off": 12950,
    "sff": "Biological"
  },
  {
    "docID": "N174 L+¦pez-Vales 2006 3",
    "et": "AnimalCareCondition",
    "off": 5813,
    "sff": "care"
  },
  {
    "docID": "N174 L+¦pez-Vales 2006 3",
    "et": "LateralHemisection",
    "off": 8090,
    "sff": "lateral"
  },
  {
    "docID": "N174 L+¦pez-Vales 2006 3",
    "et": "LateralHemisection",
    "off": 11985,
    "sff": "lateral"
  },
  {
    "docID": "N174 L+¦pez-Vales 2006 3",
    "et": "Contusion",
    "off": 39703,
    "sff": "contusion"
  },
  {
    "docID": "N174 L+¦pez-Vales 2006 3",
    "et": "Contusion",
    "off": 32665,
    "sff": "contusion"
  },
  {
    "docID": "N174 L+¦pez-Vales 2006 3",
    "et": "Saline",
    "off": 12832,
    "sff": "saline"
  },
  {
    "docID": "N174 L+¦pez-Vales 2006 3",
    "et": "Dosage",
    "off": 11895,
    "sff": "10%"
  },
  {
    "docID": "N174 L+¦pez-Vales 2006 3",
    "et": "Dosage",
    "off": 7953,
    "sff": "3 µl"
  },
  {
    "docID": "N174 L+¦pez-Vales 2006 3",
    "et": "Dosage",
    "off": 8001,
    "sff": "1 mm"
  },
  {
    "docID": "N174 L+¦pez-Vales 2006 3",
    "et": "Dosage",
    "off": 12020,
    "sff": "1.5 mm"
  },
  {
    "docID": "N174 L+¦pez-Vales 2006 3",
    "et": "Dosage",
    "off": 8121,
    "sff": "0.5 mm"
  },
  {
    "docID": "N174 L+¦pez-Vales 2006 3",
    "et": "Dosage",
    "off": 23932,
    "sff": "50%"
  },
  {
    "docID": "N174 L+¦pez-Vales 2006 3",
    "et": "Dosage",
    "off": 9413,
    "sff": "12.5 mm"
  },
  {
    "docID": "N174 L+¦pez-Vales 2006 3",
    "et": "Dosage",
    "off": 12942,
    "sff": "5%"
  },
  {
    "docID": "N174 L+¦pez-Vales 2006 3",
    "et": "Dosage",
    "off": 11960,
    "sff": "0.5 mm"
  },
  {
    "docID": "N174 L+¦pez-Vales 2006 3",
    "et": "Dosage",
    "off": 21325,
    "sff": "40%"
  },
  {
    "docID": "N174 L+¦pez-Vales 2006 3",
    "et": "Dosage",
    "off": 12399,
    "sff": "4%"
  },
  {
    "docID": "N174 L+¦pez-Vales 2006 3",
    "et": "Dosage",
    "off": 12897,
    "sff": "0.5%"
  },
  {
    "docID": "N174 L+¦pez-Vales 2006 3",
    "et": "Dosage",
    "off": 12584,
    "sff": "30%"
  },
  {
    "docID": "N174 L+¦pez-Vales 2006 3",
    "et": "Dosage",
    "off": 33436,
    "sff": "80%"
  },
  {
    "docID": "N174 L+¦pez-Vales 2006 3",
    "et": "Dosage",
    "off": 14255,
    "sff": "1 mm"
  },
  {
    "docID": "N174 L+¦pez-Vales 2006 3",
    "et": "Dosage",
    "off": 7980,
    "sff": "1 mm"
  },
  {
    "docID": "N174 L+¦pez-Vales 2006 3",
    "et": "Dosage",
    "off": 18224,
    "sff": "5 mm"
  },
  {
    "docID": "N174 L+¦pez-Vales 2006 3",
    "et": "Dosage",
    "off": 23423,
    "sff": "90%"
  },
  {
    "docID": "N174 L+¦pez-Vales 2006 3",
    "et": "Dosage",
    "off": 11978,
    "sff": "2.5 mm"
  },
  {
    "docID": "N174 L+¦pez-Vales 2006 3",
    "et": "Dosage",
    "off": 8371,
    "sff": "12 µl"
  },
  {
    "docID": "N174 L+¦pez-Vales 2006 3",
    "et": "Dosage",
    "off": 8083,
    "sff": "0.5 mm"
  },
  {
    "docID": "N174 L+¦pez-Vales 2006 3",
    "et": "Dosage",
    "off": 14238,
    "sff": "1 mm"
  },
  {
    "docID": "N174 L+¦pez-Vales 2006 3",
    "et": "Dosage",
    "off": 28443,
    "sff": "1 mm"
  },
  {
    "docID": "N174 L+¦pez-Vales 2006 3",
    "et": "Dosage",
    "off": 7504,
    "sff": "40 mg/kg"
  },
  {
    "docID": "N174 L+¦pez-Vales 2006 3",
    "et": "Dosage",
    "off": 23029,
    "sff": "1G–H"
  },
  {
    "docID": "N174 L+¦pez-Vales 2006 3",
    "et": "Dosage",
    "off": 21518,
    "sff": "6%"
  },
  {
    "docID": "N174 L+¦pez-Vales 2006 3",
    "et": "Dosage",
    "off": 7459,
    "sff": "300 g"
  },
  {
    "docID": "N174 L+¦pez-Vales 2006 3",
    "et": "Right",
    "off": 18144,
    "sff": "right"
  },
  {
    "docID": "N174 L+¦pez-Vales 2006 3",
    "et": "Right",
    "off": 19741,
    "sff": "right"
  },
  {
    "docID": "N174 L+¦pez-Vales 2006 3",
    "et": "BladderExpression",
    "off": 8651,
    "sff": "bladder"
  },
  {
    "docID": "N174 L+¦pez-Vales 2006 3",
    "et": "Duration",
    "off": 44619,
    "sff": "1 week"
  },
  {
    "docID": "N174 L+¦pez-Vales 2006 3",
    "et": "Duration",
    "off": 39264,
    "sff": "30 min"
  },
  {
    "docID": "N174 L+¦pez-Vales 2006 3",
    "et": "Duration",
    "off": 8429,
    "sff": "30 min"
  },
  {
    "docID": "N174 L+¦pez-Vales 2006 3",
    "et": "Duration",
    "off": 12105,
    "sff": "2 min"
  },
  {
    "docID": "N174 L+¦pez-Vales 2006 3",
    "et": "Duration",
    "off": 6555,
    "sff": "7–9 days"
  },
  {
    "docID": "N174 L+¦pez-Vales 2006 3",
    "et": "Duration",
    "off": 17718,
    "sff": "9.5 months"
  },
  {
    "docID": "N174 L+¦pez-Vales 2006 3",
    "et": "Duration",
    "off": 39764,
    "sff": "7-day"
  },
  {
    "docID": "N174 L+¦pez-Vales 2006 3",
    "et": "Duration",
    "off": 38999,
    "sff": "7-day"
  },
  {
    "docID": "N174 L+¦pez-Vales 2006 3",
    "et": "Duration",
    "off": 36768,
    "sff": "2 and 3 months"
  },
  {
    "docID": "N174 L+¦pez-Vales 2006 3",
    "et": "Duration",
    "off": 16763,
    "sff": "9 months"
  },
  {
    "docID": "N174 L+¦pez-Vales 2006 3",
    "et": "Duration",
    "off": 39334,
    "sff": "4 days"
  },
  {
    "docID": "N174 L+¦pez-Vales 2006 3",
    "et": "Duration",
    "off": 16249,
    "sff": "9 months"
  },
  {
    "docID": "N174 L+¦pez-Vales 2006 3",
    "et": "Duration",
    "off": 31734,
    "sff": "9 months"
  },
  {
    "docID": "N174 L+¦pez-Vales 2006 3",
    "et": "Duration",
    "off": 735,
    "sff": "1 week"
  },
  {
    "docID": "N174 L+¦pez-Vales 2006 3",
    "et": "Duration",
    "off": 40032,
    "sff": "1 week"
  },
  {
    "docID": "N174 L+¦pez-Vales 2006 3",
    "et": "Duration",
    "off": 23039,
    "sff": "9 months"
  },
  {
    "docID": "N174 L+¦pez-Vales 2006 3",
    "et": "Duration",
    "off": 23696,
    "sff": "3–4 months"
  },
  {
    "docID": "N174 L+¦pez-Vales 2006 3",
    "et": "Duration",
    "off": 35881,
    "sff": "9 months"
  },
  {
    "docID": "N174 L+¦pez-Vales 2006 3",
    "et": "Duration",
    "off": 12422,
    "sff": "0.1 M"
  },
  {
    "docID": "N174 L+¦pez-Vales 2006 3",
    "et": "Duration",
    "off": 24246,
    "sff": "7 days"
  },
  {
    "docID": "N174 L+¦pez-Vales 2006 3",
    "et": "Duration",
    "off": 9798,
    "sff": "5 months"
  },
  {
    "docID": "N174 L+¦pez-Vales 2006 3",
    "et": "Duration",
    "off": 41519,
    "sff": "1 week"
  },
  {
    "docID": "N174 L+¦pez-Vales 2006 3",
    "et": "Duration",
    "off": 25513,
    "sff": "1 month"
  },
  {
    "docID": "N174 L+¦pez-Vales 2006 3",
    "et": "Duration",
    "off": 23855,
    "sff": "9 months"
  },
  {
    "docID": "N174 L+¦pez-Vales 2006 3",
    "et": "Duration",
    "off": 30020,
    "sff": "6D"
  },
  {
    "docID": "N174 L+¦pez-Vales 2006 3",
    "et": "Duration",
    "off": 16587,
    "sff": "9-month"
  },
  {
    "docID": "N174 L+¦pez-Vales 2006 3",
    "et": "Duration",
    "off": 32443,
    "sff": "1 week"
  },
  {
    "docID": "N174 L+¦pez-Vales 2006 3",
    "et": "Duration",
    "off": 35992,
    "sff": "3 to 4 months"
  },
  {
    "docID": "N174 L+¦pez-Vales 2006 3",
    "et": "Duration",
    "off": 22330,
    "sff": "3–4 months"
  },
  {
    "docID": "N174 L+¦pez-Vales 2006 3",
    "et": "Duration",
    "off": 6935,
    "sff": "10 min"
  },
  {
    "docID": "N174 L+¦pez-Vales 2006 3",
    "et": "Duration",
    "off": 11682,
    "sff": "9 months"
  },
  {
    "docID": "N174 L+¦pez-Vales 2006 3",
    "et": "Duration",
    "off": 11915,
    "sff": "0.01 M"
  },
  {
    "docID": "N174 L+¦pez-Vales 2006 3",
    "et": "Duration",
    "off": 24622,
    "sff": "2 to 3 months"
  },
  {
    "docID": "N174 L+¦pez-Vales 2006 3",
    "et": "Duration",
    "off": 29728,
    "sff": "9 months"
  },
  {
    "docID": "N174 L+¦pez-Vales 2006 3",
    "et": "Duration",
    "off": 13794,
    "sff": "3 h"
  },
  {
    "docID": "N174 L+¦pez-Vales 2006 3",
    "et": "Duration",
    "off": 25170,
    "sff": "2D"
  },
  {
    "docID": "N174 L+¦pez-Vales 2006 3",
    "et": "Duration",
    "off": 12845,
    "sff": "0.1 M"
  },
  {
    "docID": "N174 L+¦pez-Vales 2006 3",
    "et": "Duration",
    "off": 41028,
    "sff": "9 months"
  },
  {
    "docID": "N174 L+¦pez-Vales 2006 3",
    "et": "Duration",
    "off": 24780,
    "sff": "3 to 4 months"
  },
  {
    "docID": "N174 L+¦pez-Vales 2006 3",
    "et": "Duration",
    "off": 9640,
    "sff": "5 months"
  },
  {
    "docID": "N174 L+¦pez-Vales 2006 3",
    "et": "Duration",
    "off": 41445,
    "sff": "1 year"
  },
  {
    "docID": "N174 L+¦pez-Vales 2006 3",
    "et": "Duration",
    "off": 20595,
    "sff": "9.5 months"
  },
  {
    "docID": "N174 L+¦pez-Vales 2006 3",
    "et": "Duration",
    "off": 7081,
    "sff": "7 min"
  },
  {
    "docID": "N174 L+¦pez-Vales 2006 3",
    "et": "Duration",
    "off": 9657,
    "sff": "9 months"
  },
  {
    "docID": "N174 L+¦pez-Vales 2006 3",
    "et": "Duration",
    "off": 21694,
    "sff": "6 months"
  },
  {
    "docID": "N174 L+¦pez-Vales 2006 3",
    "et": "Duration",
    "off": 42844,
    "sff": "9.5 months"
  },
  {
    "docID": "N174 L+¦pez-Vales 2006 3",
    "et": "Duration",
    "off": 7183,
    "sff": "2 h"
  },
  {
    "docID": "N174 L+¦pez-Vales 2006 3",
    "et": "Duration",
    "off": 22282,
    "sff": "2–3 months"
  },
  {
    "docID": "N174 L+¦pez-Vales 2006 3",
    "et": "Duration",
    "off": 8260,
    "sff": "30 min"
  },
  {
    "docID": "N174 L+¦pez-Vales 2006 3",
    "et": "Duration",
    "off": 8317,
    "sff": "7 days"
  },
  {
    "docID": "N174 L+¦pez-Vales 2006 3",
    "et": "Duration",
    "off": 16742,
    "sff": "3 months"
  },
  {
    "docID": "N174 L+¦pez-Vales 2006 3",
    "et": "Duration",
    "off": 26340,
    "sff": "9 months"
  },
  {
    "docID": "N174 L+¦pez-Vales 2006 3",
    "et": "Duration",
    "off": 38514,
    "sff": "9 months"
  },
  {
    "docID": "N174 L+¦pez-Vales 2006 3",
    "et": "Duration",
    "off": 5366,
    "sff": "1 week"
  },
  {
    "docID": "N174 L+¦pez-Vales 2006 3",
    "et": "Duration",
    "off": 43865,
    "sff": "4 months"
  },
  {
    "docID": "N174 L+¦pez-Vales 2006 3",
    "et": "Duration",
    "off": 23577,
    "sff": "9-month"
  },
  {
    "docID": "N174 L+¦pez-Vales 2006 3",
    "et": "Duration",
    "off": 8459,
    "sff": "7 days"
  },
  {
    "docID": "N174 L+¦pez-Vales 2006 3",
    "et": "Duration",
    "off": 12985,
    "sff": "1 h"
  },
  {
    "docID": "N174 L+¦pez-Vales 2006 3",
    "et": "Duration",
    "off": 21466,
    "sff": "9 months"
  },
  {
    "docID": "N174 L+¦pez-Vales 2006 3",
    "et": "Duration",
    "off": 40201,
    "sff": "4 weeks"
  },
  {
    "docID": "N174 L+¦pez-Vales 2006 3",
    "et": "Duration",
    "off": 35958,
    "sff": "2 to 3 months"
  },
  {
    "docID": "N174 L+¦pez-Vales 2006 3",
    "et": "Duration",
    "off": 9600,
    "sff": "1 week"
  },
  {
    "docID": "N174 L+¦pez-Vales 2006 3",
    "et": "Duration",
    "off": 9815,
    "sff": "9 months"
  },
  {
    "docID": "N174 L+¦pez-Vales 2006 3",
    "et": "Duration",
    "off": 8805,
    "sff": "5 min"
  },
  {
    "docID": "N174 L+¦pez-Vales 2006 3",
    "et": "Duration",
    "off": 43988,
    "sff": "9 months"
  },
  {
    "docID": "N174 L+¦pez-Vales 2006 3",
    "et": "Duration",
    "off": 22101,
    "sff": "9 months"
  },
  {
    "docID": "N174 L+¦pez-Vales 2006 3",
    "et": "Duration",
    "off": 44257,
    "sff": "9 months"
  },
  {
    "docID": "N174 L+¦pez-Vales 2006 3",
    "et": "Duration",
    "off": 16694,
    "sff": "2 months"
  },
  {
    "docID": "N174 L+¦pez-Vales 2006 3",
    "et": "Duration",
    "off": 8525,
    "sff": "12-h"
  },
  {
    "docID": "N174 L+¦pez-Vales 2006 3",
    "et": "LesionAdjacentTissue",
    "off": 37695,
    "sff": "lesion"
  },
  {
    "docID": "N174 L+¦pez-Vales 2006 3",
    "et": "LesionAdjacentTissue",
    "off": 30912,
    "sff": "lesion"
  },
  {
    "docID": "N174 L+¦pez-Vales 2006 3",
    "et": "LesionAdjacentTissue",
    "off": 35453,
    "sff": "lesion"
  },
  {
    "docID": "N174 L+¦pez-Vales 2006 3",
    "et": "LesionAdjacentTissue",
    "off": 14143,
    "sff": "lesion"
  },
  {
    "docID": "N174 L+¦pez-Vales 2006 3",
    "et": "LesionAdjacentTissue",
    "off": 37495,
    "sff": "lesion"
  },
  {
    "docID": "N174 L+¦pez-Vales 2006 3",
    "et": "LesionAdjacentTissue",
    "off": 34161,
    "sff": "lesion"
  },
  {
    "docID": "N174 L+¦pez-Vales 2006 3",
    "et": "LesionAdjacentTissue",
    "off": 20336,
    "sff": "lesion"
  },
  {
    "docID": "N174 L+¦pez-Vales 2006 3",
    "et": "LesionAdjacentTissue",
    "off": 37168,
    "sff": "lesion"
  },
  {
    "docID": "N174 L+¦pez-Vales 2006 3",
    "et": "LesionAdjacentTissue",
    "off": 29997,
    "sff": "lesion"
  },
  {
    "docID": "N174 L+¦pez-Vales 2006 3",
    "et": "LesionAdjacentTissue",
    "off": 27118,
    "sff": "lesion"
  },
  {
    "docID": "N174 L+¦pez-Vales 2006 3",
    "et": "LesionAdjacentTissue",
    "off": 30826,
    "sff": "lesion"
  },
  {
    "docID": "N174 L+¦pez-Vales 2006 3",
    "et": "LesionAdjacentTissue",
    "off": 30308,
    "sff": "lesion"
  },
  {
    "docID": "N174 L+¦pez-Vales 2006 3",
    "et": "LesionAdjacentTissue",
    "off": 37665,
    "sff": "lesion"
  },
  {
    "docID": "N174 L+¦pez-Vales 2006 3",
    "et": "LesionAdjacentTissue",
    "off": 37408,
    "sff": "lesion"
  },
  {
    "docID": "N174 L+¦pez-Vales 2006 3",
    "et": "LesionAdjacentTissue",
    "off": 30493,
    "sff": "lesion"
  },
  {
    "docID": "N174 L+¦pez-Vales 2006 3",
    "et": "LesionAdjacentTissue",
    "off": 18524,
    "sff": "lesion"
  },
  {
    "docID": "N174 L+¦pez-Vales 2006 3",
    "et": "LesionAdjacentTissue",
    "off": 33305,
    "sff": "lesion"
  },
  {
    "docID": "N174 L+¦pez-Vales 2006 3",
    "et": "LesionAdjacentTissue",
    "off": 11542,
    "sff": "lesion"
  },
  {
    "docID": "N174 L+¦pez-Vales 2006 3",
    "et": "LesionAdjacentTissue",
    "off": 42455,
    "sff": "lesion"
  },
  {
    "docID": "N174 L+¦pez-Vales 2006 3",
    "et": "LesionAdjacentTissue",
    "off": 8277,
    "sff": "lesion"
  },
  {
    "docID": "N174 L+¦pez-Vales 2006 3",
    "et": "LesionAdjacentTissue",
    "off": 26707,
    "sff": "lesion"
  },
  {
    "docID": "N174 L+¦pez-Vales 2006 3",
    "et": "LesionAdjacentTissue",
    "off": 8020,
    "sff": "lesion"
  },
  {
    "docID": "N174 L+¦pez-Vales 2006 3",
    "et": "LesionAdjacentTissue",
    "off": 33106,
    "sff": "lesion"
  },
  {
    "docID": "N174 L+¦pez-Vales 2006 3",
    "et": "LesionAdjacentTissue",
    "off": 29197,
    "sff": "lesion"
  },
  {
    "docID": "N174 L+¦pez-Vales 2006 3",
    "et": "LesionAdjacentTissue",
    "off": 30669,
    "sff": "lesion"
  },
  {
    "docID": "N174 L+¦pez-Vales 2006 3",
    "et": "LesionAdjacentTissue",
    "off": 33160,
    "sff": "lesion"
  },
  {
    "docID": "N174 L+¦pez-Vales 2006 3",
    "et": "LesionAdjacentTissue",
    "off": 37768,
    "sff": "lesion"
  },
  {
    "docID": "N174 L+¦pez-Vales 2006 3",
    "et": "LesionAdjacentTissue",
    "off": 4872,
    "sff": "lesion"
  },
  {
    "docID": "N174 L+¦pez-Vales 2006 3",
    "et": "LesionAdjacentTissue",
    "off": 44934,
    "sff": "lesion"
  },
  {
    "docID": "N174 L+¦pez-Vales 2006 3",
    "et": "LesionAdjacentTissue",
    "off": 14274,
    "sff": "lesion"
  },
  {
    "docID": "N174 L+¦pez-Vales 2006 3",
    "et": "LesionAdjacentTissue",
    "off": 30852,
    "sff": "adjacent"
  },
  {
    "docID": "N174 L+¦pez-Vales 2006 3",
    "et": "CentralNervousSystem",
    "off": 1707,
    "sff": "central"
  },
  {
    "docID": "N174 L+¦pez-Vales 2006 3",
    "et": "CentralNervousSystem",
    "off": 5569,
    "sff": "central nervous"
  },
  {
    "docID": "N174 L+¦pez-Vales 2006 3",
    "et": "CentralNervousSystem",
    "off": 41275,
    "sff": "central nervous system"
  },
  {
    "docID": "N174 L+¦pez-Vales 2006 3",
    "et": "CentralNervousSystem",
    "off": 42118,
    "sff": "central nervous"
  },
  {
    "docID": "N174 L+¦pez-Vales 2006 3",
    "et": "CentralNervousSystem",
    "off": 1980,
    "sff": "central nervous system"
  },
  {
    "docID": "N174 L+¦pez-Vales 2006 3",
    "et": "CentralNervousSystem",
    "off": 7308,
    "sff": "central nervous"
  },
  {
    "docID": "N174 L+¦pez-Vales 2006 3",
    "et": "CentralNervousSystem",
    "off": 28902,
    "sff": "central"
  },
  {
    "docID": "N174 L+¦pez-Vales 2006 3",
    "et": "CentralNervousSystem",
    "off": 26535,
    "sff": "central"
  },
  {
    "docID": "N174 L+¦pez-Vales 2006 3",
    "et": "CentralNervousSystem",
    "off": 35303,
    "sff": "central"
  },
  {
    "docID": "N174 L+¦pez-Vales 2006 3",
    "et": "CentralNervousSystem",
    "off": 42118,
    "sff": "central nervous system"
  },
  {
    "docID": "N174 L+¦pez-Vales 2006 3",
    "et": "CentralNervousSystem",
    "off": 5569,
    "sff": "central nervous system"
  },
  {
    "docID": "N174 L+¦pez-Vales 2006 3",
    "et": "CentralNervousSystem",
    "off": 1980,
    "sff": "central nervous"
  },
  {
    "docID": "N174 L+¦pez-Vales 2006 3",
    "et": "CentralNervousSystem",
    "off": 41275,
    "sff": "central nervous"
  },
  {
    "docID": "N174 L+¦pez-Vales 2006 3",
    "et": "ModerateInjury",
    "off": 39694,
    "sff": "moderate"
  },
  {
    "docID": "N174 L+¦pez-Vales 2006 3",
    "et": "SpinalCentralPart",
    "off": 1980,
    "sff": "central"
  },
  {
    "docID": "N174 L+¦pez-Vales 2006 3",
    "et": "SpinalCentralPart",
    "off": 7308,
    "sff": "central"
  },
  {
    "docID": "N174 L+¦pez-Vales 2006 3",
    "et": "SpinalCentralPart",
    "off": 1707,
    "sff": "central"
  },
  {
    "docID": "N174 L+¦pez-Vales 2006 3",
    "et": "SpinalCentralPart",
    "off": 41275,
    "sff": "central"
  },
  {
    "docID": "N174 L+¦pez-Vales 2006 3",
    "et": "SpinalCentralPart",
    "off": 28902,
    "sff": "central"
  },
  {
    "docID": "N174 L+¦pez-Vales 2006 3",
    "et": "SpinalCentralPart",
    "off": 42118,
    "sff": "central"
  },
  {
    "docID": "N174 L+¦pez-Vales 2006 3",
    "et": "SpinalCentralPart",
    "off": 26535,
    "sff": "central"
  },
  {
    "docID": "N174 L+¦pez-Vales 2006 3",
    "et": "SpinalCentralPart",
    "off": 35303,
    "sff": "central"
  },
  {
    "docID": "N174 L+¦pez-Vales 2006 3",
    "et": "SpinalCentralPart",
    "off": 5569,
    "sff": "central"
  },
  {
    "docID": "N174 L+¦pez-Vales 2006 3",
    "et": "InjuryArea",
    "off": 14560,
    "sff": "area"
  },
  {
    "docID": "N174 L+¦pez-Vales 2006 3",
    "et": "InjuryArea",
    "off": 10195,
    "sff": "area"
  },
  {
    "docID": "N174 L+¦pez-Vales 2006 3",
    "et": "Forceps",
    "off": 6266,
    "sff": "forceps"
  },
  {
    "docID": "N174 L+¦pez-Vales 2006 3",
    "et": "MedicationDuringSurgery",
    "off": 16576,
    "sff": "during"
  },
  {
    "docID": "N174 L+¦pez-Vales 2006 3",
    "et": "MedicationDuringSurgery",
    "off": 8798,
    "sff": "during"
  },
  {
    "docID": "N174 L+¦pez-Vales 2006 3",
    "et": "MedicationDuringSurgery",
    "off": 23566,
    "sff": "during"
  },
  {
    "docID": "N174 L+¦pez-Vales 2006 3",
    "et": "MedicationDuringSurgery",
    "off": 23679,
    "sff": "during"
  },
  {
    "docID": "N174 L+¦pez-Vales 2006 3",
    "et": "MedicationDuringSurgery",
    "off": 41359,
    "sff": "during"
  },
  {
    "docID": "N174 L+¦pez-Vales 2006 3",
    "et": "MedicationDuringSurgery",
    "off": 23826,
    "sff": "during"
  },
  {
    "docID": "N174 L+¦pez-Vales 2006 3",
    "et": "MedicationDuringSurgery",
    "off": 21241,
    "sff": "during"
  },
  {
    "docID": "N174 L+¦pez-Vales 2006 3",
    "et": "MedicationDuringSurgery",
    "off": 25844,
    "sff": "During"
  },
  {
    "docID": "N174 L+¦pez-Vales 2006 3",
    "et": "MedicationDuringSurgery",
    "off": 44246,
    "sff": "during"
  },
  {
    "docID": "N174 L+¦pez-Vales 2006 3",
    "et": "MedicationDuringSurgery",
    "off": 24341,
    "sff": "During"
  },
  {
    "docID": "N174 L+¦pez-Vales 2006 3",
    "et": "MedicationDuringSurgery",
    "off": 21357,
    "sff": "during"
  },
  {
    "docID": "N174 L+¦pez-Vales 2006 3",
    "et": "MedicationDuringSurgery",
    "off": 22090,
    "sff": "during"
  },
  {
    "docID": "N174 L+¦pez-Vales 2006 3",
    "et": "Laminectomy",
    "off": 7527,
    "sff": "laminectomy"
  },
  {
    "docID": "N174 L+¦pez-Vales 2006 3",
    "et": "AscendingFiberTract",
    "off": 37453,
    "sff": "ascending"
  },
  {
    "docID": "N174 L+¦pez-Vales 2006 3",
    "et": "AscendingFiberTract",
    "off": 14459,
    "sff": "Fiber"
  },
  {
    "docID": "N174 L+¦pez-Vales 2006 3",
    "et": "SpinalWhiteMatter",
    "off": 26098,
    "sff": "white"
  },
  {
    "docID": "N174 L+¦pez-Vales 2006 3",
    "et": "SpinalWhiteMatter",
    "off": 28802,
    "sff": "white matter"
  },
  {
    "docID": "N174 L+¦pez-Vales 2006 3",
    "et": "SpinalWhiteMatter",
    "off": 19611,
    "sff": "white"
  },
  {
    "docID": "N174 L+¦pez-Vales 2006 3",
    "et": "Antibody",
    "off": 13600,
    "sff": "antibody"
  },
  {
    "docID": "N174 L+¦pez-Vales 2006 3",
    "et": "Purification",
    "off": 4066,
    "sff": "purification"
  },
  {
    "docID": "N174 L+¦pez-Vales 2006 3",
    "et": "ContusionType",
    "off": 32665,
    "sff": "contusion"
  },
  {
    "docID": "N174 L+¦pez-Vales 2006 3",
    "et": "ContusionType",
    "off": 39703,
    "sff": "contusion"
  },
  {
    "docID": "N174 L+¦pez-Vales 2006 3",
    "et": "CompoundSupplier",
    "off": 10838,
    "sff": "Compound"
  },
  {
    "docID": "N174 L+¦pez-Vales 2006 3",
    "et": "Protein",
    "off": 13444,
    "sff": "protein"
  },
  {
    "docID": "N174 L+¦pez-Vales 2006 3",
    "et": "Protein",
    "off": 13260,
    "sff": "protein"
  },
  {
    "docID": "N174 L+¦pez-Vales 2006 3",
    "et": "GlialCell",
    "off": 2337,
    "sff": "glial"
  },
  {
    "docID": "N174 L+¦pez-Vales 2006 3",
    "et": "GlialCell",
    "off": 30641,
    "sff": "glial"
  },
  {
    "docID": "N174 L+¦pez-Vales 2006 3",
    "et": "GlialCell",
    "off": 13420,
    "sff": "glial"
  },
  {
    "docID": "N174 L+¦pez-Vales 2006 3",
    "et": "GlialCell",
    "off": 39168,
    "sff": "glial cell"
  },
  {
    "docID": "N174 L+¦pez-Vales 2006 3",
    "et": "GlialCell",
    "off": 40384,
    "sff": "glial cell"
  },
  {
    "docID": "N174 L+¦pez-Vales 2006 3",
    "et": "GlialCell",
    "off": 43276,
    "sff": "glial"
  },
  {
    "docID": "N174 L+¦pez-Vales 2006 3",
    "et": "GlialCell",
    "off": 28299,
    "sff": "glial"
  },
  {
    "docID": "N174 L+¦pez-Vales 2006 3",
    "et": "SpinalGrayMatter",
    "off": 28910,
    "sff": "gray matter"
  },
  {
    "docID": "N174 L+¦pez-Vales 2006 3",
    "et": "SpinalGrayMatter",
    "off": 19627,
    "sff": "gray"
  },
  {
    "docID": "N174 L+¦pez-Vales 2006 3",
    "et": "SpinalGrayMatter",
    "off": 28999,
    "sff": "gray matter"
  },
  {
    "docID": "N174 L+¦pez-Vales 2006 3",
    "et": "SpinalGrayMatter",
    "off": 28774,
    "sff": "gray matter"
  },
  {
    "docID": "N174 L+¦pez-Vales 2006 3",
    "et": "PostSurgeryCondition",
    "off": 21259,
    "sff": "surgery"
  },
  {
    "docID": "N174 L+¦pez-Vales 2006 3",
    "et": "PostSurgeryCondition",
    "off": 9762,
    "sff": "surgery"
  },
  {
    "docID": "N174 L+¦pez-Vales 2006 3",
    "et": "RatSpecies",
    "off": 18851,
    "sff": "rat"
  },
  {
    "docID": "N174 L+¦pez-Vales 2006 3",
    "et": "RatSpecies",
    "off": 8994,
    "sff": "rat"
  },
  {
    "docID": "N174 L+¦pez-Vales 2006 3",
    "et": "RatSpecies",
    "off": 21218,
    "sff": "rat"
  },
  {
    "docID": "N174 L+¦pez-Vales 2006 3",
    "et": "RatSpecies",
    "off": 16735,
    "sff": "rat"
  },
  {
    "docID": "N174 L+¦pez-Vales 2006 3",
    "et": "RatSpecies",
    "off": 15562,
    "sff": "rat"
  },
  {
    "docID": "N174 L+¦pez-Vales 2006 3",
    "et": "RatSpecies",
    "off": 773,
    "sff": "rat"
  },
  {
    "docID": "N174 L+¦pez-Vales 2006 3",
    "et": "RatSpecies",
    "off": 5188,
    "sff": "rat"
  },
  {
    "docID": "N174 L+¦pez-Vales 2006 3",
    "et": "RatSpecies",
    "off": 28356,
    "sff": "rat"
  },
  {
    "docID": "N174 L+¦pez-Vales 2006 3",
    "et": "RatSpecies",
    "off": 19660,
    "sff": "rat"
  },
  {
    "docID": "N174 L+¦pez-Vales 2006 3",
    "et": "RatSpecies",
    "off": 15023,
    "sff": "rat"
  },
  {
    "docID": "N174 L+¦pez-Vales 2006 3",
    "et": "RatSpecies",
    "off": 16687,
    "sff": "rat"
  },
  {
    "docID": "N174 L+¦pez-Vales 2006 3",
    "et": "RatSpecies",
    "off": 19470,
    "sff": "rat"
  },
  {
    "docID": "N174 L+¦pez-Vales 2006 3",
    "et": "RatSpecies",
    "off": 8181,
    "sff": "rat"
  },
  {
    "docID": "N174 L+¦pez-Vales 2006 3",
    "et": "InjuryIntensity",
    "off": 14696,
    "sff": "intensity"
  },
  {
    "docID": "N174 L+¦pez-Vales 2006 3",
    "et": "InjuryIntensity",
    "off": 10751,
    "sff": "intensity"
  },
  {
    "docID": "N174 L+¦pez-Vales 2006 3",
    "et": "InjuryIntensity",
    "off": 10066,
    "sff": "intensity"
  },
  {
    "docID": "N174 L+¦pez-Vales 2006 3",
    "et": "PhotochemicalInjury",
    "off": 32801,
    "sff": "photochemical"
  },
  {
    "docID": "N174 L+¦pez-Vales 2006 3",
    "et": "Caudal",
    "off": 25961,
    "sff": "caudal"
  },
  {
    "docID": "N174 L+¦pez-Vales 2006 3",
    "et": "Caudal",
    "off": 8006,
    "sff": "caudal"
  },
  {
    "docID": "N174 L+¦pez-Vales 2006 3",
    "et": "Caudal",
    "off": 28292,
    "sff": "caudal"
  },
  {
    "docID": "N174 L+¦pez-Vales 2006 3",
    "et": "Caudal",
    "off": 30529,
    "sff": "caudal"
  },
  {
    "docID": "N174 L+¦pez-Vales 2006 3",
    "et": "Caudal",
    "off": 28736,
    "sff": "caudal"
  },
  {
    "docID": "N174 L+¦pez-Vales 2006 3",
    "et": "Caudal",
    "off": 34080,
    "sff": "caudal"
  },
  {
    "docID": "N174 L+¦pez-Vales 2006 3",
    "et": "Caudal",
    "off": 11967,
    "sff": "caudal"
  },
  {
    "docID": "N174 L+¦pez-Vales 2006 3",
    "et": "Caudal",
    "off": 29183,
    "sff": "caudal"
  },
  {
    "docID": "N174 L+¦pez-Vales 2006 3",
    "et": "Caudal",
    "off": 19261,
    "sff": "caudal"
  },
  {
    "docID": "N174 L+¦pez-Vales 2006 3",
    "et": "Caudal",
    "off": 28477,
    "sff": "caudal"
  },
  {
    "docID": "N174 L+¦pez-Vales 2006 3",
    "et": "Caudal",
    "off": 26460,
    "sff": "caudal"
  },
  {
    "docID": "N174 L+¦pez-Vales 2006 3",
    "et": "Caudal",
    "off": 31196,
    "sff": "caudal"
  },
  {
    "docID": "N174 L+¦pez-Vales 2006 3",
    "et": "Caudal",
    "off": 33146,
    "sff": "caudal"
  },
  {
    "docID": "N174 L+¦pez-Vales 2006 3",
    "et": "Caudal",
    "off": 1176,
    "sff": "caudal"
  },
  {
    "docID": "N174 L+¦pez-Vales 2006 3",
    "et": "Caudal",
    "off": 26869,
    "sff": "caudal"
  },
  {
    "docID": "N174 L+¦pez-Vales 2006 3",
    "et": "Caudal",
    "off": 7668,
    "sff": "caudal"
  },
  {
    "docID": "N174 L+¦pez-Vales 2006 3",
    "et": "Caudal",
    "off": 14260,
    "sff": "caudal"
  },
  {
    "docID": "N174 L+¦pez-Vales 2006 3",
    "et": "Caudal",
    "off": 18130,
    "sff": "caudal"
  },
  {
    "docID": "N174 L+¦pez-Vales 2006 3",
    "et": "Caudal",
    "off": 37394,
    "sff": "caudal"
  },
  {
    "docID": "N174 L+¦pez-Vales 2006 3",
    "et": "Caudal",
    "off": 19727,
    "sff": "caudal"
  },
  {
    "docID": "N174 L+¦pez-Vales 2006 3",
    "et": "Caudal",
    "off": 35439,
    "sff": "caudal"
  },
  {
    "docID": "N174 L+¦pez-Vales 2006 3",
    "et": "Caudal",
    "off": 37963,
    "sff": "caudal"
  },
  {
    "docID": "N174 L+¦pez-Vales 2006 3",
    "et": "Caudal",
    "off": 18762,
    "sff": "caudal"
  },
  {
    "docID": "N174 L+¦pez-Vales 2006 3",
    "et": "L1",
    "off": 12500,
    "sff": "L1"
  },
  {
    "docID": "N174 L+¦pez-Vales 2006 3",
    "et": "SchwannCell",
    "off": 39291,
    "sff": "Schwann cell"
  },
  {
    "docID": "N174 L+¦pez-Vales 2006 3",
    "et": "NewZealandRabbit",
    "off": 44782,
    "sff": "new"
  },
  {
    "docID": "N174 L+¦pez-Vales 2006 3",
    "et": "NewZealandRabbit",
    "off": 4997,
    "sff": "new"
  },
  {
    "docID": "N174 L+¦pez-Vales 2006 3",
    "et": "SigmaAldrich",
    "off": 6454,
    "sff": "Sigma"
  },
  {
    "docID": "N174 L+¦pez-Vales 2006 3",
    "et": "SigmaAldrich",
    "off": 6899,
    "sff": "Sigma"
  },
  {
    "docID": "N174 L+¦pez-Vales 2006 3",
    "et": "SigmaAldrich",
    "off": 13475,
    "sff": "Sigma"
  },
  {
    "docID": "N174 L+¦pez-Vales 2006 3",
    "et": "SigmaAldrich",
    "off": 13342,
    "sff": "Sigma"
  },
  {
    "docID": "N174 L+¦pez-Vales 2006 3",
    "et": "T11",
    "off": 19587,
    "sff": "T11"
  },
  {
    "docID": "N174 L+¦pez-Vales 2006 3",
    "et": "T10",
    "off": 12487,
    "sff": "T10"
  },
  {
    "docID": "N174 L+¦pez-Vales 2006 3",
    "et": "T10",
    "off": 12482,
    "sff": "T10"
  },
  {
    "docID": "N174 L+¦pez-Vales 2006 3",
    "et": "T13",
    "off": 12491,
    "sff": "T13"
  },
  {
    "docID": "N174 L+¦pez-Vales 2006 3",
    "et": "PartialTransection",
    "off": 31510,
    "sff": "partial"
  },
  {
    "docID": "N174 L+¦pez-Vales 2006 3",
    "et": "PartialTransection",
    "off": 44468,
    "sff": "partial"
  },
  {
    "docID": "N174 L+¦pez-Vales 2006 3",
    "et": "PartialTransection",
    "off": 11266,
    "sff": "partial"
  },
  {
    "docID": "N174 L+¦pez-Vales 2006 3",
    "et": "PartialTransection",
    "off": 74,
    "sff": "partial"
  },
  {
    "docID": "N174 L+¦pez-Vales 2006 3",
    "et": "Thoracic",
    "off": 7559,
    "sff": "thoracic"
  },
  {
    "docID": "N174 L+¦pez-Vales 2006 3",
    "et": "Thoracic",
    "off": 5142,
    "sff": "thoracic"
  },
  {
    "docID": "N174 L+¦pez-Vales 2006 3",
    "et": "Lumbar",
    "off": 36228,
    "sff": "lumbar"
  },
  {
    "docID": "N174 L+¦pez-Vales 2006 3",
    "et": "Lumbar",
    "off": 10626,
    "sff": "lumbar"
  },
  {
    "docID": "N174 L+¦pez-Vales 2006 3",
    "et": "Lumbar",
    "off": 20067,
    "sff": "lumbar"
  },
  {
    "docID": "N174 L+¦pez-Vales 2006 3",
    "et": "Lumbar",
    "off": 28659,
    "sff": "lumbar"
  },
  {
    "docID": "N174 L+¦pez-Vales 2006 3",
    "et": "Lumbar",
    "off": 31891,
    "sff": "lumbar"
  },
  {
    "docID": "N174 L+¦pez-Vales 2006 3",
    "et": "Lumbar",
    "off": 28841,
    "sff": "lumbar"
  },
  {
    "docID": "N174 L+¦pez-Vales 2006 3",
    "et": "Lumbar",
    "off": 33673,
    "sff": "lumbar"
  },
  {
    "docID": "N174 L+¦pez-Vales 2006 3",
    "et": "Lumbar",
    "off": 33341,
    "sff": "lumbar"
  },
  {
    "docID": "N174 L+¦pez-Vales 2006 3",
    "et": "Lumbar",
    "off": 32075,
    "sff": "lumbar"
  },
  {
    "docID": "N174 L+¦pez-Vales 2006 3",
    "et": "Lumbar",
    "off": 38000,
    "sff": "lumbar"
  },
  {
    "docID": "N174 L+¦pez-Vales 2006 3",
    "et": "LightSource",
    "off": 8530,
    "sff": "light"
  },
  {
    "docID": "N174 L+¦pez-Vales 2006 3",
    "et": "StemCellSourceType",
    "off": 38879,
    "sff": "cell"
  },
  {
    "docID": "N174 L+¦pez-Vales 2006 3",
    "et": "StemCellSourceType",
    "off": 7004,
    "sff": "cell"
  },
  {
    "docID": "N174 L+¦pez-Vales 2006 3",
    "et": "StemCellSourceType",
    "off": 3960,
    "sff": "cell source"
  },
  {
    "docID": "N174 L+¦pez-Vales 2006 3",
    "et": "StemCellSourceType",
    "off": 3960,
    "sff": "cell"
  },
  {
    "docID": "N174 L+¦pez-Vales 2006 3",
    "et": "StemCellSourceType",
    "off": 39174,
    "sff": "cell"
  },
  {
    "docID": "N174 L+¦pez-Vales 2006 3",
    "et": "StemCellSourceType",
    "off": 40390,
    "sff": "cell"
  },
  {
    "docID": "N174 L+¦pez-Vales 2006 3",
    "et": "StemCellSourceType",
    "off": 39299,
    "sff": "cell"
  },
  {
    "docID": "N174 L+¦pez-Vales 2006 3",
    "et": "StemCellSourceType",
    "off": 41505,
    "sff": "cell"
  },
  {
    "docID": "N174 L+¦pez-Vales 2006 3",
    "et": "StemCellSourceType",
    "off": 6347,
    "sff": "cell"
  },
  {
    "docID": "N174 L+¦pez-Vales 2006 3",
    "et": "StemCellSourceType",
    "off": 43243,
    "sff": "cell"
  },
  {
    "docID": "N174 L+¦pez-Vales 2006 3",
    "et": "StemCellSourceType",
    "off": 2473,
    "sff": "cell"
  },
  {
    "docID": "N174 L+¦pez-Vales 2006 3",
    "et": "StemCellSourceType",
    "off": 307,
    "sff": "Cell"
  },
  {
    "docID": "N174 L+¦pez-Vales 2006 3",
    "et": "StemCellSourceType",
    "off": 4050,
    "sff": "cell"
  },
  {
    "docID": "N174 L+¦pez-Vales 2006 3",
    "et": "InVitroExperimentalProcedure",
    "off": 5686,
    "sff": "experimental"
  },
  {
    "docID": "N174 L+¦pez-Vales 2006 3",
    "et": "InVitroExperimentalProcedure",
    "off": 20630,
    "sff": "experimental"
  },
  {
    "docID": "N174 L+¦pez-Vales 2006 3",
    "et": "InVitroExperimentalProcedure",
    "off": 26889,
    "sff": "experimental"
  },
  {
    "docID": "N174 L+¦pez-Vales 2006 3",
    "et": "InVitroExperimentalProcedure",
    "off": 17368,
    "sff": "experimental"
  },
  {
    "docID": "N174 L+¦pez-Vales 2006 3",
    "et": "InVitroExperimentalProcedure",
    "off": 44091,
    "sff": "vitro"
  },
  {
    "docID": "N174 L+¦pez-Vales 2006 3",
    "et": "InVitroExperimentalProcedure",
    "off": 16305,
    "sff": "experimental"
  },
  {
    "docID": "N174 L+¦pez-Vales 2006 3",
    "et": "InVitroExperimentalProcedure",
    "off": 25649,
    "sff": "experimental"
  },
  {
    "docID": "N174 L+¦pez-Vales 2006 3",
    "et": "InVitroExperimentalProcedure",
    "off": 4384,
    "sff": "experimental"
  },
  {
    "docID": "N174 L+¦pez-Vales 2006 3",
    "et": "InVitroExperimentalProcedure",
    "off": 2498,
    "sff": "experimental"
  },
  {
    "docID": "N174 L+¦pez-Vales 2006 3",
    "et": "InVitroExperimentalProcedure",
    "off": 6567,
    "sff": "vitro"
  },
  {
    "docID": "N174 L+¦pez-Vales 2006 3",
    "et": "VentralInjuryArea",
    "off": 19773,
    "sff": "ventral"
  },
  {
    "docID": "N174 L+¦pez-Vales 2006 3",
    "et": "VentralInjuryArea",
    "off": 18176,
    "sff": "ventral"
  },
  {
    "docID": "N174 L+¦pez-Vales 2006 3",
    "et": "VentralInjuryArea",
    "off": 28991,
    "sff": "ventral"
  },
  {
    "docID": "N174 L+¦pez-Vales 2006 3",
    "et": "VentralInjuryArea",
    "off": 27781,
    "sff": "ventral"
  },
  {
    "docID": "N174 L+¦pez-Vales 2006 3",
    "et": "VentralInjuryArea",
    "off": 38098,
    "sff": "ventral"
  },
  {
    "docID": "N174 L+¦pez-Vales 2006 3",
    "et": "VentralInjuryArea",
    "off": 27859,
    "sff": "ventral"
  },
  {
    "docID": "N174 L+¦pez-Vales 2006 3",
    "et": "AntiNG2Antibody",
    "off": 20460,
    "sff": "NG2"
  },
  {
    "docID": "N174 L+¦pez-Vales 2006 3",
    "et": "AntiNG2Antibody",
    "off": 29747,
    "sff": "NG2"
  },
  {
    "docID": "N174 L+¦pez-Vales 2006 3",
    "et": "AntiNG2Antibody",
    "off": 30422,
    "sff": "NG2"
  },
  {
    "docID": "N174 L+¦pez-Vales 2006 3",
    "et": "AntiNG2Antibody",
    "off": 41334,
    "sff": "NG2"
  },
  {
    "docID": "N174 L+¦pez-Vales 2006 3",
    "et": "AntiNG2Antibody",
    "off": 20571,
    "sff": "NG2"
  },
  {
    "docID": "N174 L+¦pez-Vales 2006 3",
    "et": "AntiNG2Antibody",
    "off": 30590,
    "sff": "NG2"
  },
  {
    "docID": "N174 L+¦pez-Vales 2006 3",
    "et": "AntiNG2Antibody",
    "off": 30172,
    "sff": "NG2"
  },
  {
    "docID": "N174 L+¦pez-Vales 2006 3",
    "et": "AntiNG2Antibody",
    "off": 32220,
    "sff": "NG2"
  },
  {
    "docID": "N174 L+¦pez-Vales 2006 3",
    "et": "AntiNG2Antibody",
    "off": 29885,
    "sff": "NG2"
  },
  {
    "docID": "N174 L+¦pez-Vales 2006 3",
    "et": "AntiNG2Antibody",
    "off": 30115,
    "sff": "NG2"
  },
  {
    "docID": "N174 L+¦pez-Vales 2006 3",
    "et": "AntiNG2Antibody",
    "off": 30211,
    "sff": "NG2"
  },
  {
    "docID": "N174 L+¦pez-Vales 2006 3",
    "et": "AntiNG2Antibody",
    "off": 1218,
    "sff": "NG2"
  },
  {
    "docID": "N174 L+¦pez-Vales 2006 3",
    "et": "AntiNG2Antibody",
    "off": 30049,
    "sff": "NG2"
  },
  {
    "docID": "N174 L+¦pez-Vales 2006 3",
    "et": "AntiNG2Antibody",
    "off": 14663,
    "sff": "NG2"
  },
  {
    "docID": "N174 L+¦pez-Vales 2006 3",
    "et": "AntiNG2Antibody",
    "off": 5508,
    "sff": "NG2"
  },
  {
    "docID": "N174 L+¦pez-Vales 2006 3",
    "et": "AntiNG2Antibody",
    "off": 41157,
    "sff": "NG2"
  },
  {
    "docID": "N174 L+¦pez-Vales 2006 3",
    "et": "AntiNG2Antibody",
    "off": 20266,
    "sff": "NG2"
  },
  {
    "docID": "N174 L+¦pez-Vales 2006 3",
    "et": "AntiNG2Antibody",
    "off": 40970,
    "sff": "NG2"
  },
  {
    "docID": "N174 L+¦pez-Vales 2006 3",
    "et": "AntiNG2Antibody",
    "off": 13483,
    "sff": "NG2"
  },
  {
    "docID": "N174 L+¦pez-Vales 2006 3",
    "et": "AntiNG2Antibody",
    "off": 29771,
    "sff": "NG2"
  },
  {
    "docID": "N174 L+¦pez-Vales 2006 3",
    "et": "AllenWeightDropDevice",
    "off": 21350,
    "sff": "weight"
  },
  {
    "docID": "N174 L+¦pez-Vales 2006 3",
    "et": "AllenWeightDropDevice",
    "off": 21550,
    "sff": "weight"
  },
  {
    "docID": "N174 L+¦pez-Vales 2006 3",
    "et": "AllenWeightDropDevice",
    "off": 21440,
    "sff": "weight"
  },
  {
    "docID": "N174 L+¦pez-Vales 2006 3",
    "et": "LongEvansRat",
    "off": 44323,
    "sff": "long"
  },
  {
    "docID": "N174 L+¦pez-Vales 2006 3",
    "et": "LongEvansRat",
    "off": 28504,
    "sff": "long"
  },
  {
    "docID": "N174 L+¦pez-Vales 2006 3",
    "et": "LongEvansRat",
    "off": 31481,
    "sff": "long"
  },
  {
    "docID": "N174 L+¦pez-Vales 2006 3",
    "et": "LongEvansRat",
    "off": 42569,
    "sff": "long"
  },
  {
    "docID": "N174 L+¦pez-Vales 2006 3",
    "et": "LongEvansRat",
    "off": 2038,
    "sff": "long"
  },
  {
    "docID": "N174 L+¦pez-Vales 2006 3",
    "et": "LongEvansRat",
    "off": 22733,
    "sff": "long"
  },
  {
    "docID": "N174 L+¦pez-Vales 2006 3",
    "et": "LongEvansRat",
    "off": 31952,
    "sff": "long"
  },
  {
    "docID": "N174 L+¦pez-Vales 2006 3",
    "et": "LongEvansRat",
    "off": 1087,
    "sff": "long"
  },
  {
    "docID": "N174 L+¦pez-Vales 2006 3",
    "et": "Cell",
    "off": 39299,
    "sff": "cell"
  },
  {
    "docID": "N174 L+¦pez-Vales 2006 3",
    "et": "Cell",
    "off": 39174,
    "sff": "cell"
  },
  {
    "docID": "N174 L+¦pez-Vales 2006 3",
    "et": "Cell",
    "off": 40390,
    "sff": "cell"
  },
  {
    "docID": "N174 L+¦pez-Vales 2006 3",
    "et": "Cell",
    "off": 307,
    "sff": "Cell"
  },
  {
    "docID": "N174 L+¦pez-Vales 2006 3",
    "et": "Cell",
    "off": 7004,
    "sff": "cell"
  },
  {
    "docID": "N174 L+¦pez-Vales 2006 3",
    "et": "Cell",
    "off": 6347,
    "sff": "cell"
  },
  {
    "docID": "N174 L+¦pez-Vales 2006 3",
    "et": "Cell",
    "off": 2473,
    "sff": "cell"
  },
  {
    "docID": "N174 L+¦pez-Vales 2006 3",
    "et": "Cell",
    "off": 3960,
    "sff": "cell"
  },
  {
    "docID": "N174 L+¦pez-Vales 2006 3",
    "et": "Cell",
    "off": 43243,
    "sff": "cell"
  },
  {
    "docID": "N174 L+¦pez-Vales 2006 3",
    "et": "Cell",
    "off": 38879,
    "sff": "cell"
  },
  {
    "docID": "N174 L+¦pez-Vales 2006 3",
    "et": "Cell",
    "off": 4050,
    "sff": "cell"
  },
  {
    "docID": "N174 L+¦pez-Vales 2006 3",
    "et": "Cell",
    "off": 41505,
    "sff": "cell"
  },
  {
    "docID": "N174 L+¦pez-Vales 2006 3",
    "et": "SpinalDorsalHalf",
    "off": 19748,
    "sff": "dorsal"
  },
  {
    "docID": "N174 L+¦pez-Vales 2006 3",
    "et": "SpinalDorsalHalf",
    "off": 18151,
    "sff": "dorsal"
  },
  {
    "docID": "N174 L+¦pez-Vales 2006 3",
    "et": "SpinalDorsalHalf",
    "off": 37623,
    "sff": "dorsal"
  },
  {
    "docID": "N174 L+¦pez-Vales 2006 3",
    "et": "SpinalDorsalHalf",
    "off": 3353,
    "sff": "dorsal"
  },
  {
    "docID": "N174 L+¦pez-Vales 2006 3",
    "et": "SpinalDorsalHalf",
    "off": 42233,
    "sff": "dorsal"
  },
  {
    "docID": "N174 L+¦pez-Vales 2006 3",
    "et": "SpinalDorsalHalf",
    "off": 3883,
    "sff": "dorsal"
  },
  {
    "docID": "N174 L+¦pez-Vales 2006 3",
    "et": "SpinalDorsalHalf",
    "off": 18892,
    "sff": "dorsal"
  },
  {
    "docID": "N174 L+¦pez-Vales 2006 3",
    "et": "SpinalDorsalHalf",
    "off": 42206,
    "sff": "dorsal"
  },
  {
    "docID": "N174 L+¦pez-Vales 2006 3",
    "et": "SpinalDorsalHalf",
    "off": 27743,
    "sff": "dorsal"
  },
  {
    "docID": "N174 L+¦pez-Vales 2006 3",
    "et": "SpinalDorsalHalf",
    "off": 26848,
    "sff": "dorsal"
  },
  {
    "docID": "N174 L+¦pez-Vales 2006 3",
    "et": "Compound",
    "off": 10838,
    "sff": "Compound"
  },
  {
    "docID": "N174 L+¦pez-Vales 2006 3",
    "et": "CompleteTransectionType",
    "off": 40065,
    "sff": "transection"
  },
  {
    "docID": "N174 L+¦pez-Vales 2006 3",
    "et": "CompleteTransectionType",
    "off": 40101,
    "sff": "complete"
  },
  {
    "docID": "N174 L+¦pez-Vales 2006 3",
    "et": "CompleteTransectionType",
    "off": 33737,
    "sff": "transection"
  },
  {
    "docID": "N174 L+¦pez-Vales 2006 3",
    "et": "CompleteTransectionType",
    "off": 97,
    "sff": "complete transection"
  },
  {
    "docID": "N174 L+¦pez-Vales 2006 3",
    "et": "CompleteTransectionType",
    "off": 26056,
    "sff": "transection"
  },
  {
    "docID": "N174 L+¦pez-Vales 2006 3",
    "et": "CompleteTransectionType",
    "off": 34502,
    "sff": "transection"
  },
  {
    "docID": "N174 L+¦pez-Vales 2006 3",
    "et": "CompleteTransectionType",
    "off": 25873,
    "sff": "transection"
  },
  {
    "docID": "N174 L+¦pez-Vales 2006 3",
    "et": "CompleteTransectionType",
    "off": 31565,
    "sff": "transection"
  },
  {
    "docID": "N174 L+¦pez-Vales 2006 3",
    "et": "CompleteTransectionType",
    "off": 36686,
    "sff": "transection"
  },
  {
    "docID": "N174 L+¦pez-Vales 2006 3",
    "et": "CompleteTransectionType",
    "off": 1676,
    "sff": "transection"
  },
  {
    "docID": "N174 L+¦pez-Vales 2006 3",
    "et": "CompleteTransectionType",
    "off": 33420,
    "sff": "transection"
  },
  {
    "docID": "N174 L+¦pez-Vales 2006 3",
    "et": "CompleteTransectionType",
    "off": 25433,
    "sff": "transection"
  },
  {
    "docID": "N174 L+¦pez-Vales 2006 3",
    "et": "CompleteTransectionType",
    "off": 5399,
    "sff": "transection"
  },
  {
    "docID": "N174 L+¦pez-Vales 2006 3",
    "et": "CompleteTransectionType",
    "off": 1560,
    "sff": "transection"
  },
  {
    "docID": "N174 L+¦pez-Vales 2006 3",
    "et": "CompleteTransectionType",
    "off": 19413,
    "sff": "transection"
  },
  {
    "docID": "N174 L+¦pez-Vales 2006 3",
    "et": "CompleteTransectionType",
    "off": 21397,
    "sff": "transection"
  },
  {
    "docID": "N174 L+¦pez-Vales 2006 3",
    "et": "CompleteTransectionType",
    "off": 22037,
    "sff": "transection"
  },
  {
    "docID": "N174 L+¦pez-Vales 2006 3",
    "et": "CompleteTransectionType",
    "off": 34481,
    "sff": "complete"
  },
  {
    "docID": "N174 L+¦pez-Vales 2006 3",
    "et": "CompleteTransectionType",
    "off": 16276,
    "sff": "transection"
  },
  {
    "docID": "N174 L+¦pez-Vales 2006 3",
    "et": "CompleteTransectionType",
    "off": 22145,
    "sff": "complete"
  },
  {
    "docID": "N174 L+¦pez-Vales 2006 3",
    "et": "CompleteTransectionType",
    "off": 17820,
    "sff": "transection"
  },
  {
    "docID": "N174 L+¦pez-Vales 2006 3",
    "et": "CompleteTransectionType",
    "off": 17961,
    "sff": "transection"
  },
  {
    "docID": "N174 L+¦pez-Vales 2006 3",
    "et": "CompleteTransectionType",
    "off": 44502,
    "sff": "complete"
  },
  {
    "docID": "N174 L+¦pez-Vales 2006 3",
    "et": "CompleteTransectionType",
    "off": 29872,
    "sff": "transection"
  },
  {
    "docID": "N174 L+¦pez-Vales 2006 3",
    "et": "CompleteTransectionType",
    "off": 5133,
    "sff": "complete"
  },
  {
    "docID": "N174 L+¦pez-Vales 2006 3",
    "et": "CompleteTransectionType",
    "off": 5163,
    "sff": "transection"
  },
  {
    "docID": "N174 L+¦pez-Vales 2006 3",
    "et": "CompleteTransectionType",
    "off": 7717,
    "sff": "complete transection"
  },
  {
    "docID": "N174 L+¦pez-Vales 2006 3",
    "et": "CompleteTransectionType",
    "off": 11277,
    "sff": "complete"
  },
  {
    "docID": "N174 L+¦pez-Vales 2006 3",
    "et": "CompleteTransectionType",
    "off": 44523,
    "sff": "transection"
  },
  {
    "docID": "N174 L+¦pez-Vales 2006 3",
    "et": "CompleteTransectionType",
    "off": 18618,
    "sff": "transection"
  },
  {
    "docID": "N174 L+¦pez-Vales 2006 3",
    "et": "CompleteTransectionType",
    "off": 32878,
    "sff": "complete transection"
  },
  {
    "docID": "N174 L+¦pez-Vales 2006 3",
    "et": "CompleteTransectionType",
    "off": 40122,
    "sff": "transection"
  },
  {
    "docID": "N174 L+¦pez-Vales 2006 3",
    "et": "CompleteTransectionType",
    "off": 18039,
    "sff": "transection"
  },
  {
    "docID": "N174 L+¦pez-Vales 2006 3",
    "et": "CompleteTransectionType",
    "off": 18359,
    "sff": "transection"
  },
  {
    "docID": "N174 L+¦pez-Vales 2006 3",
    "et": "CompleteTransectionType",
    "off": 17331,
    "sff": "transection"
  },
  {
    "docID": "N174 L+¦pez-Vales 2006 3",
    "et": "CompleteTransectionType",
    "off": 24275,
    "sff": "complete"
  },
  {
    "docID": "N174 L+¦pez-Vales 2006 3",
    "et": "CompleteTransectionType",
    "off": 40948,
    "sff": "transection"
  },
  {
    "docID": "N174 L+¦pez-Vales 2006 3",
    "et": "Water",
    "off": 8560,
    "sff": "water"
  },
  {
    "docID": "N174 L+¦pez-Vales 2006 3",
    "et": "ExperimentalProcedure",
    "off": 2498,
    "sff": "experimental"
  },
  {
    "docID": "N174 L+¦pez-Vales 2006 3",
    "et": "ExperimentalProcedure",
    "off": 16305,
    "sff": "experimental"
  },
  {
    "docID": "N174 L+¦pez-Vales 2006 3",
    "et": "ExperimentalProcedure",
    "off": 25649,
    "sff": "experimental"
  },
  {
    "docID": "N174 L+¦pez-Vales 2006 3",
    "et": "ExperimentalProcedure",
    "off": 4384,
    "sff": "experimental"
  },
  {
    "docID": "N174 L+¦pez-Vales 2006 3",
    "et": "ExperimentalProcedure",
    "off": 26889,
    "sff": "experimental"
  },
  {
    "docID": "N174 L+¦pez-Vales 2006 3",
    "et": "ExperimentalProcedure",
    "off": 17368,
    "sff": "experimental"
  },
  {
    "docID": "N174 L+¦pez-Vales 2006 3",
    "et": "ExperimentalProcedure",
    "off": 5686,
    "sff": "experimental"
  },
  {
    "docID": "N174 L+¦pez-Vales 2006 3",
    "et": "ExperimentalProcedure",
    "off": 20630,
    "sff": "experimental"
  },
  {
    "docID": "N174 L+¦pez-Vales 2006 3",
    "et": "BodyTemperatureMeasurement",
    "off": 21345,
    "sff": "body"
  },
  {
    "docID": "N174 L+¦pez-Vales 2006 3",
    "et": "BodyTemperatureMeasurement",
    "off": 13806,
    "sff": "temperature"
  },
  {
    "docID": "N174 L+¦pez-Vales 2006 3",
    "et": "ElectrolyticLesion",
    "off": 32733,
    "sff": "electrolytic"
  },
  {
    "docID": "N174 L+¦pez-Vales 2006 3",
    "et": "PartialTransectionType",
    "off": 26056,
    "sff": "transection"
  },
  {
    "docID": "N174 L+¦pez-Vales 2006 3",
    "et": "PartialTransectionType",
    "off": 31510,
    "sff": "partial"
  },
  {
    "docID": "N174 L+¦pez-Vales 2006 3",
    "et": "PartialTransectionType",
    "off": 33737,
    "sff": "transection"
  },
  {
    "docID": "N174 L+¦pez-Vales 2006 3",
    "et": "PartialTransectionType",
    "off": 34502,
    "sff": "transection"
  },
  {
    "docID": "N174 L+¦pez-Vales 2006 3",
    "et": "PartialTransectionType",
    "off": 25873,
    "sff": "transection"
  },
  {
    "docID": "N174 L+¦pez-Vales 2006 3",
    "et": "PartialTransectionType",
    "off": 1676,
    "sff": "transection"
  },
  {
    "docID": "N174 L+¦pez-Vales 2006 3",
    "et": "PartialTransectionType",
    "off": 33420,
    "sff": "transection"
  },
  {
    "docID": "N174 L+¦pez-Vales 2006 3",
    "et": "PartialTransectionType",
    "off": 31565,
    "sff": "transection"
  },
  {
    "docID": "N174 L+¦pez-Vales 2006 3",
    "et": "PartialTransectionType",
    "off": 36686,
    "sff": "transection"
  },
  {
    "docID": "N174 L+¦pez-Vales 2006 3",
    "et": "PartialTransectionType",
    "off": 18039,
    "sff": "transection"
  },
  {
    "docID": "N174 L+¦pez-Vales 2006 3",
    "et": "PartialTransectionType",
    "off": 18359,
    "sff": "transection"
  },
  {
    "docID": "N174 L+¦pez-Vales 2006 3",
    "et": "PartialTransectionType",
    "off": 32887,
    "sff": "transection"
  },
  {
    "docID": "N174 L+¦pez-Vales 2006 3",
    "et": "PartialTransectionType",
    "off": 18618,
    "sff": "transection"
  },
  {
    "docID": "N174 L+¦pez-Vales 2006 3",
    "et": "PartialTransectionType",
    "off": 40122,
    "sff": "transection"
  },
  {
    "docID": "N174 L+¦pez-Vales 2006 3",
    "et": "PartialTransectionType",
    "off": 17331,
    "sff": "transection"
  },
  {
    "docID": "N174 L+¦pez-Vales 2006 3",
    "et": "PartialTransectionType",
    "off": 40948,
    "sff": "transection"
  },
  {
    "docID": "N174 L+¦pez-Vales 2006 3",
    "et": "PartialTransectionType",
    "off": 40065,
    "sff": "transection"
  },
  {
    "docID": "N174 L+¦pez-Vales 2006 3",
    "et": "PartialTransectionType",
    "off": 44468,
    "sff": "partial"
  },
  {
    "docID": "N174 L+¦pez-Vales 2006 3",
    "et": "PartialTransectionType",
    "off": 17961,
    "sff": "transection"
  },
  {
    "docID": "N174 L+¦pez-Vales 2006 3",
    "et": "PartialTransectionType",
    "off": 106,
    "sff": "transection"
  },
  {
    "docID": "N174 L+¦pez-Vales 2006 3",
    "et": "PartialTransectionType",
    "off": 29872,
    "sff": "transection"
  },
  {
    "docID": "N174 L+¦pez-Vales 2006 3",
    "et": "PartialTransectionType",
    "off": 5163,
    "sff": "transection"
  },
  {
    "docID": "N174 L+¦pez-Vales 2006 3",
    "et": "PartialTransectionType",
    "off": 44523,
    "sff": "transection"
  },
  {
    "docID": "N174 L+¦pez-Vales 2006 3",
    "et": "PartialTransectionType",
    "off": 7726,
    "sff": "transection"
  },
  {
    "docID": "N174 L+¦pez-Vales 2006 3",
    "et": "PartialTransectionType",
    "off": 5399,
    "sff": "transection"
  },
  {
    "docID": "N174 L+¦pez-Vales 2006 3",
    "et": "PartialTransectionType",
    "off": 1560,
    "sff": "transection"
  },
  {
    "docID": "N174 L+¦pez-Vales 2006 3",
    "et": "PartialTransectionType",
    "off": 25433,
    "sff": "transection"
  },
  {
    "docID": "N174 L+¦pez-Vales 2006 3",
    "et": "PartialTransectionType",
    "off": 16276,
    "sff": "transection"
  },
  {
    "docID": "N174 L+¦pez-Vales 2006 3",
    "et": "PartialTransectionType",
    "off": 74,
    "sff": "partial"
  },
  {
    "docID": "N174 L+¦pez-Vales 2006 3",
    "et": "PartialTransectionType",
    "off": 19413,
    "sff": "transection"
  },
  {
    "docID": "N174 L+¦pez-Vales 2006 3",
    "et": "PartialTransectionType",
    "off": 21397,
    "sff": "transection"
  },
  {
    "docID": "N174 L+¦pez-Vales 2006 3",
    "et": "PartialTransectionType",
    "off": 22037,
    "sff": "transection"
  },
  {
    "docID": "N174 L+¦pez-Vales 2006 3",
    "et": "PartialTransectionType",
    "off": 17820,
    "sff": "transection"
  },
  {
    "docID": "N174 L+¦pez-Vales 2006 3",
    "et": "PartialTransectionType",
    "off": 11266,
    "sff": "partial"
  },
  {
    "docID": "N174 L+¦pez-Vales 2006 3",
    "et": "CorticospinalTract",
    "off": 1144,
    "sff": "corticospinal"
  },
  {
    "docID": "N174 L+¦pez-Vales 2006 3",
    "et": "CorticospinalTract",
    "off": 42386,
    "sff": "corticospinal tract"
  },
  {
    "docID": "N174 L+¦pez-Vales 2006 3",
    "et": "CorticospinalTract",
    "off": 28406,
    "sff": "corticospinal"
  },
  {
    "docID": "N174 L+¦pez-Vales 2006 3",
    "et": "CorticospinalTract",
    "off": 11449,
    "sff": "corticospinal tract"
  },
  {
    "docID": "N174 L+¦pez-Vales 2006 3",
    "et": "CorticospinalTract",
    "off": 42489,
    "sff": "corticospinal"
  },
  {
    "docID": "N174 L+¦pez-Vales 2006 3",
    "et": "CorticospinalTract",
    "off": 19490,
    "sff": "corticospinal"
  },
  {
    "docID": "N174 L+¦pez-Vales 2006 3",
    "et": "CorticospinalTract",
    "off": 12163,
    "sff": "corticospinal"
  },
  {
    "docID": "N174 L+¦pez-Vales 2006 3",
    "et": "CorticospinalTract",
    "off": 19326,
    "sff": "corticospinal"
  },
  {
    "docID": "N174 L+¦pez-Vales 2006 3",
    "et": "CorticospinalTract",
    "off": 11487,
    "sff": "corticospinal"
  },
  {
    "docID": "N174 L+¦pez-Vales 2006 3",
    "et": "CorticospinalTract",
    "off": 29162,
    "sff": "corticospinal"
  },
  {
    "docID": "N174 L+¦pez-Vales 2006 3",
    "et": "CorticospinalTract",
    "off": 37866,
    "sff": "corticospinal"
  },
  {
    "docID": "N174 L+¦pez-Vales 2006 3",
    "et": "CorticospinalTract",
    "off": 37930,
    "sff": "corticospinal"
  },
  {
    "docID": "N174 L+¦pez-Vales 2006 3",
    "et": "CorticospinalTract",
    "off": 27691,
    "sff": "corticospinal"
  },
  {
    "docID": "N174 L+¦pez-Vales 2006 3",
    "et": "CorticospinalTract",
    "off": 19980,
    "sff": "corticospinal"
  },
  {
    "docID": "N174 L+¦pez-Vales 2006 3",
    "et": "CorticospinalTract",
    "off": 31980,
    "sff": "corticospinal"
  },
  {
    "docID": "N174 L+¦pez-Vales 2006 3",
    "et": "CorticospinalTract",
    "off": 27459,
    "sff": "corticospinal tract"
  },
  {
    "docID": "N174 L+¦pez-Vales 2006 3",
    "et": "CorticospinalTract",
    "off": 11559,
    "sff": "corticospinal tract"
  },
  {
    "docID": "N174 L+¦pez-Vales 2006 3",
    "et": "CorticospinalTract",
    "off": 28592,
    "sff": "corticospinal"
  },
  {
    "docID": "N174 L+¦pez-Vales 2006 3",
    "et": "BrainDerivedNeurotrophicFactor",
    "off": 4980,
    "sff": "derived"
  },
  {
    "docID": "N174 L+¦pez-Vales 2006 3",
    "et": "VentralHemisection",
    "off": 19773,
    "sff": "ventral"
  },
  {
    "docID": "N174 L+¦pez-Vales 2006 3",
    "et": "VentralHemisection",
    "off": 28991,
    "sff": "ventral"
  },
  {
    "docID": "N174 L+¦pez-Vales 2006 3",
    "et": "VentralHemisection",
    "off": 38098,
    "sff": "ventral"
  },
  {
    "docID": "N174 L+¦pez-Vales 2006 3",
    "et": "VentralHemisection",
    "off": 27859,
    "sff": "ventral"
  },
  {
    "docID": "N174 L+¦pez-Vales 2006 3",
    "et": "VentralHemisection",
    "off": 27781,
    "sff": "ventral"
  },
  {
    "docID": "N174 L+¦pez-Vales 2006 3",
    "et": "VentralHemisection",
    "off": 18176,
    "sff": "ventral"
  },
  {
    "docID": "N174 L+¦pez-Vales 2006 3",
    "et": "CompleteInjuryArea",
    "off": 32878,
    "sff": "complete"
  },
  {
    "docID": "N174 L+¦pez-Vales 2006 3",
    "et": "CompleteInjuryArea",
    "off": 97,
    "sff": "complete"
  },
  {
    "docID": "N174 L+¦pez-Vales 2006 3",
    "et": "CompleteInjuryArea",
    "off": 22145,
    "sff": "complete"
  },
  {
    "docID": "N174 L+¦pez-Vales 2006 3",
    "et": "CompleteInjuryArea",
    "off": 34481,
    "sff": "complete"
  },
  {
    "docID": "N174 L+¦pez-Vales 2006 3",
    "et": "CompleteInjuryArea",
    "off": 24275,
    "sff": "complete"
  },
  {
    "docID": "N174 L+¦pez-Vales 2006 3",
    "et": "CompleteInjuryArea",
    "off": 40101,
    "sff": "complete"
  },
  {
    "docID": "N174 L+¦pez-Vales 2006 3",
    "et": "CompleteInjuryArea",
    "off": 7717,
    "sff": "complete"
  },
  {
    "docID": "N174 L+¦pez-Vales 2006 3",
    "et": "CompleteInjuryArea",
    "off": 44502,
    "sff": "complete"
  },
  {
    "docID": "N174 L+¦pez-Vales 2006 3",
    "et": "CompleteInjuryArea",
    "off": 5133,
    "sff": "complete"
  },
  {
    "docID": "N174 L+¦pez-Vales 2006 3",
    "et": "CompleteInjuryArea",
    "off": 11277,
    "sff": "complete"
  },
  {
    "docID": "N174 L+¦pez-Vales 2006 3",
    "et": "ChemicalInjury",
    "off": 43415,
    "sff": "chemical"
  }
]
