[
  {
    "docID": "N179 Masgutova 2010",
    "et": "OlfactoryEnsheathingGliaCell",
    "off": 10701,
    "sff": "olfactory"
  },
  {
    "docID": "N179 Masgutova 2010",
    "et": "OlfactoryEnsheathingGliaCell",
    "off": 3018,
    "sff": "olfactory"
  },
  {
    "docID": "N179 Masgutova 2010",
    "et": "OlfactoryEnsheathingGliaCell",
    "off": 444,
    "sff": "olfactory"
  },
  {
    "docID": "N179 Masgutova 2010",
    "et": "OlfactoryEnsheathingGliaCell",
    "off": 82,
    "sff": "Olfactory Ensheathing"
  },
  {
    "docID": "N179 Masgutova 2010",
    "et": "OlfactoryEnsheathingGliaCell",
    "off": 3579,
    "sff": "olfactory"
  },
  {
    "docID": "N179 Masgutova 2010",
    "et": "OlfactoryEnsheathingGliaCell",
    "off": 4113,
    "sff": "Olfactory"
  },
  {
    "docID": "N179 Masgutova 2010",
    "et": "OlfactoryEnsheathingGliaCell",
    "off": 3000,
    "sff": "olfactory"
  },
  {
    "docID": "N179 Masgutova 2010",
    "et": "DorsalInjuryArea",
    "off": 535,
    "sff": "dorsal"
  },
  {
    "docID": "N179 Masgutova 2010",
    "et": "DorsalInjuryArea",
    "off": 1355,
    "sff": "dorsal"
  },
  {
    "docID": "N179 Masgutova 2010",
    "et": "DorsalHemisection",
    "off": 1355,
    "sff": "dorsal"
  },
  {
    "docID": "N179 Masgutova 2010",
    "et": "DorsalHemisection",
    "off": 535,
    "sff": "dorsal"
  },
  {
    "docID": "N179 Masgutova 2010",
    "et": "Rostral",
    "off": 7518,
    "sff": "rostral"
  },
  {
    "docID": "N179 Masgutova 2010",
    "et": "Rostral",
    "off": 1343,
    "sff": "rostral"
  },
  {
    "docID": "N179 Masgutova 2010",
    "et": "Rostral",
    "off": 10925,
    "sff": "rostral"
  },
  {
    "docID": "N179 Masgutova 2010",
    "et": "Rostral",
    "off": 1683,
    "sff": "rostral"
  },
  {
    "docID": "N179 Masgutova 2010",
    "et": "Rostral",
    "off": 7216,
    "sff": "rostral"
  },
  {
    "docID": "N179 Masgutova 2010",
    "et": "Rostral",
    "off": 6897,
    "sff": "rostral"
  },
  {
    "docID": "N179 Masgutova 2010",
    "et": "Rostral",
    "off": 8614,
    "sff": "rostral"
  },
  {
    "docID": "N179 Masgutova 2010",
    "et": "Rostral",
    "off": 1508,
    "sff": "rostral"
  },
  {
    "docID": "N179 Masgutova 2010",
    "et": "Rostral",
    "off": 1045,
    "sff": "rostral"
  },
  {
    "docID": "N179 Masgutova 2010",
    "et": "Rostral",
    "off": 1898,
    "sff": "rostral"
  },
  {
    "docID": "N179 Masgutova 2010",
    "et": "Rostral",
    "off": 8330,
    "sff": "rostral"
  },
  {
    "docID": "N179 Masgutova 2010",
    "et": "Rostral",
    "off": 523,
    "sff": "rostral"
  },
  {
    "docID": "N179 Masgutova 2010",
    "et": "DorsalColumn",
    "off": 1355,
    "sff": "dorsal"
  },
  {
    "docID": "N179 Masgutova 2010",
    "et": "DorsalColumn",
    "off": 535,
    "sff": "dorsal"
  },
  {
    "docID": "N179 Masgutova 2010",
    "et": "CellDeathInduction",
    "off": 7341,
    "sff": "cell"
  },
  {
    "docID": "N179 Masgutova 2010",
    "et": "CellDeathInduction",
    "off": 1999,
    "sff": "cell"
  },
  {
    "docID": "N179 Masgutova 2010",
    "et": "CellDeathInduction",
    "off": 6364,
    "sff": "cell"
  },
  {
    "docID": "N179 Masgutova 2010",
    "et": "CellDeathInduction",
    "off": 3400,
    "sff": "cell"
  },
  {
    "docID": "N179 Masgutova 2010",
    "et": "CellDeathInduction",
    "off": 6808,
    "sff": "cell"
  },
  {
    "docID": "N179 Masgutova 2010",
    "et": "CellDeathInduction",
    "off": 9576,
    "sff": "cell"
  },
  {
    "docID": "N179 Masgutova 2010",
    "et": "CellDeathInduction",
    "off": 2583,
    "sff": "cell"
  },
  {
    "docID": "N179 Masgutova 2010",
    "et": "CellDeathInduction",
    "off": 10466,
    "sff": "cell"
  },
  {
    "docID": "N179 Masgutova 2010",
    "et": "CellDeathInduction",
    "off": 7300,
    "sff": "cell"
  },
  {
    "docID": "N179 Masgutova 2010",
    "et": "CellDeathInduction",
    "off": 11668,
    "sff": "cell"
  },
  {
    "docID": "N179 Masgutova 2010",
    "et": "LaminectomyType",
    "off": 3788,
    "sff": "laminectomy"
  },
  {
    "docID": "N179 Masgutova 2010",
    "et": "LaminectomyType",
    "off": 5201,
    "sff": "laminectomy"
  },
  {
    "docID": "N179 Masgutova 2010",
    "et": "InjectionDelivery",
    "off": 7305,
    "sff": "injection"
  },
  {
    "docID": "N179 Masgutova 2010",
    "et": "InjectionDelivery",
    "off": 1084,
    "sff": "injection"
  },
  {
    "docID": "N179 Masgutova 2010",
    "et": "InjectionDelivery",
    "off": 8655,
    "sff": "injection"
  },
  {
    "docID": "N179 Masgutova 2010",
    "et": "InjectionDelivery",
    "off": 7982,
    "sff": "injection"
  },
  {
    "docID": "N179 Masgutova 2010",
    "et": "InjectionDelivery",
    "off": 7346,
    "sff": "injection"
  },
  {
    "docID": "N179 Masgutova 2010",
    "et": "SpinalLesionSite",
    "off": 1242,
    "sff": "lesion site"
  },
  {
    "docID": "N179 Masgutova 2010",
    "et": "SpinalLesionSite",
    "off": 3129,
    "sff": "lesion"
  },
  {
    "docID": "N179 Masgutova 2010",
    "et": "SpinalLesionSite",
    "off": 1655,
    "sff": "lesion site"
  },
  {
    "docID": "N179 Masgutova 2010",
    "et": "SpinalLesionSite",
    "off": 498,
    "sff": "lesion site"
  },
  {
    "docID": "N179 Masgutova 2010",
    "et": "SpinalLesionSite",
    "off": 1954,
    "sff": "lesion site"
  },
  {
    "docID": "N179 Masgutova 2010",
    "et": "SpinalLesionSite",
    "off": 974,
    "sff": "lesion site"
  },
  {
    "docID": "N179 Masgutova 2010",
    "et": "HumanSpecies",
    "off": 914,
    "sff": "human"
  },
  {
    "docID": "N179 Masgutova 2010",
    "et": "HumanSpecies",
    "off": 6802,
    "sff": "human"
  },
  {
    "docID": "N179 Masgutova 2010",
    "et": "HumanSpecies",
    "off": 76,
    "sff": "Human"
  },
  {
    "docID": "N179 Masgutova 2010",
    "et": "HumanSpecies",
    "off": 6719,
    "sff": "human"
  },
  {
    "docID": "N179 Masgutova 2010",
    "et": "HumanSpecies",
    "off": 8175,
    "sff": "human"
  },
  {
    "docID": "N179 Masgutova 2010",
    "et": "HumanSpecies",
    "off": 7995,
    "sff": "human"
  },
  {
    "docID": "N179 Masgutova 2010",
    "et": "HumanSpecies",
    "off": 7063,
    "sff": "human"
  },
  {
    "docID": "N179 Masgutova 2010",
    "et": "HumanSpecies",
    "off": 6358,
    "sff": "human"
  },
  {
    "docID": "N179 Masgutova 2010",
    "et": "HumanSpecies",
    "off": 9897,
    "sff": "human"
  },
  {
    "docID": "N179 Masgutova 2010",
    "et": "Weight",
    "off": 3687,
    "sff": "200-250 g"
  },
  {
    "docID": "N179 Masgutova 2010",
    "et": "MotorNeurons",
    "off": 10228,
    "sff": "motor"
  },
  {
    "docID": "N179 Masgutova 2010",
    "et": "MotorNeurons",
    "off": 2247,
    "sff": "motor"
  },
  {
    "docID": "N179 Masgutova 2010",
    "et": "MotorNeurons",
    "off": 9765,
    "sff": "Motor"
  },
  {
    "docID": "N179 Masgutova 2010",
    "et": "MotorNeurons",
    "off": 9933,
    "sff": "motor"
  },
  {
    "docID": "N179 Masgutova 2010",
    "et": "MotorNeurons",
    "off": 623,
    "sff": "motor"
  },
  {
    "docID": "N179 Masgutova 2010",
    "et": "MotorNeurons",
    "off": 719,
    "sff": "motor"
  },
  {
    "docID": "N179 Masgutova 2010",
    "et": "MotorNeurons",
    "off": 7886,
    "sff": "motor"
  },
  {
    "docID": "N179 Masgutova 2010",
    "et": "MotorNeurons",
    "off": 2800,
    "sff": "motor"
  },
  {
    "docID": "N179 Masgutova 2010",
    "et": "LateralHemisection",
    "off": 365,
    "sff": "lateral"
  },
  {
    "docID": "N179 Masgutova 2010",
    "et": "LongTermCultivation",
    "off": 9417,
    "sff": "term"
  },
  {
    "docID": "N179 Masgutova 2010",
    "et": "Dosage",
    "off": 8601,
    "sff": "1 mm"
  },
  {
    "docID": "N179 Masgutova 2010",
    "et": "Dosage",
    "off": 1730,
    "sff": "22.8%"
  },
  {
    "docID": "N179 Masgutova 2010",
    "et": "Dosage",
    "off": 1592,
    "sff": "15.3%"
  },
  {
    "docID": "N179 Masgutova 2010",
    "et": "Dosage",
    "off": 5154,
    "sff": "4%"
  },
  {
    "docID": "N179 Masgutova 2010",
    "et": "Dosage",
    "off": 4398,
    "sff": "5 μl"
  },
  {
    "docID": "N179 Masgutova 2010",
    "et": "Dosage",
    "off": 5646,
    "sff": "1 mm"
  },
  {
    "docID": "N179 Masgutova 2010",
    "et": "Dosage",
    "off": 7491,
    "sff": "3 mm"
  },
  {
    "docID": "N179 Masgutova 2010",
    "et": "Dosage",
    "off": 9481,
    "sff": "22.8%"
  },
  {
    "docID": "N179 Masgutova 2010",
    "et": "Dosage",
    "off": 10033,
    "sff": "12.8%"
  },
  {
    "docID": "N179 Masgutova 2010",
    "et": "Dosage",
    "off": 8363,
    "sff": "1.08 mm"
  },
  {
    "docID": "N179 Masgutova 2010",
    "et": "Dosage",
    "off": 3691,
    "sff": "250 g"
  },
  {
    "docID": "N179 Masgutova 2010",
    "et": "Dosage",
    "off": 4542,
    "sff": "0.5 mm"
  },
  {
    "docID": "N179 Masgutova 2010",
    "et": "Dosage",
    "off": 9063,
    "sff": "15.3%"
  },
  {
    "docID": "N179 Masgutova 2010",
    "et": "Dosage",
    "off": 6946,
    "sff": "7 mm"
  },
  {
    "docID": "N179 Masgutova 2010",
    "et": "Dosage",
    "off": 8315,
    "sff": "1.23 mm"
  },
  {
    "docID": "N179 Masgutova 2010",
    "et": "Dosage",
    "off": 6937,
    "sff": "5 mm"
  },
  {
    "docID": "N179 Masgutova 2010",
    "et": "Dosage",
    "off": 1557,
    "sff": "3 mm"
  },
  {
    "docID": "N179 Masgutova 2010",
    "et": "Dosage",
    "off": 9367,
    "sff": "3 mm"
  },
  {
    "docID": "N179 Masgutova 2010",
    "et": "Dosage",
    "off": 8984,
    "sff": "3 mm"
  },
  {
    "docID": "N179 Masgutova 2010",
    "et": "Dosage",
    "off": 6181,
    "sff": "5 mm"
  },
  {
    "docID": "N179 Masgutova 2010",
    "et": "Dosage",
    "off": 6919,
    "sff": "1 mm"
  },
  {
    "docID": "N179 Masgutova 2010",
    "et": "Dosage",
    "off": 5654,
    "sff": "10 mm"
  },
  {
    "docID": "N179 Masgutova 2010",
    "et": "Dosage",
    "off": 1119,
    "sff": "6 mm"
  },
  {
    "docID": "N179 Masgutova 2010",
    "et": "Dosage",
    "off": 4483,
    "sff": "1 mm"
  },
  {
    "docID": "N179 Masgutova 2010",
    "et": "Dosage",
    "off": 758,
    "sff": "13%"
  },
  {
    "docID": "N179 Masgutova 2010",
    "et": "Dosage",
    "off": 3827,
    "sff": "600 mg/ kg"
  },
  {
    "docID": "N179 Masgutova 2010",
    "et": "Dosage",
    "off": 6928,
    "sff": "3 mm"
  },
  {
    "docID": "N179 Masgutova 2010",
    "et": "Dosage",
    "off": 4633,
    "sff": "5 μl"
  },
  {
    "docID": "N179 Masgutova 2010",
    "et": "Dosage",
    "off": 8834,
    "sff": "7 mm"
  },
  {
    "docID": "N179 Masgutova 2010",
    "et": "Dosage",
    "off": 5216,
    "sff": "20-mm"
  },
  {
    "docID": "N179 Masgutova 2010",
    "et": "Right",
    "off": 3902,
    "sff": "right"
  },
  {
    "docID": "N179 Masgutova 2010",
    "et": "Proliferation",
    "off": 11024,
    "sff": "proliferation"
  },
  {
    "docID": "N179 Masgutova 2010",
    "et": "Duration",
    "off": 6413,
    "sff": "30 days"
  },
  {
    "docID": "N179 Masgutova 2010",
    "et": "Duration",
    "off": 986,
    "sff": "30 days"
  },
  {
    "docID": "N179 Masgutova 2010",
    "et": "Duration",
    "off": 5019,
    "sff": "30 and 60 days"
  },
  {
    "docID": "N179 Masgutova 2010",
    "et": "Duration",
    "off": 6826,
    "sff": "30 days"
  },
  {
    "docID": "N179 Masgutova 2010",
    "et": "Duration",
    "off": 9838,
    "sff": "21 day to 53 day"
  },
  {
    "docID": "N179 Masgutova 2010",
    "et": "Duration",
    "off": 8870,
    "sff": "30 days"
  },
  {
    "docID": "N179 Masgutova 2010",
    "et": "Duration",
    "off": 8537,
    "sff": "4 h"
  },
  {
    "docID": "N179 Masgutova 2010",
    "et": "Duration",
    "off": 9137,
    "sff": "30 and 60 days"
  },
  {
    "docID": "N179 Masgutova 2010",
    "et": "Duration",
    "off": 7568,
    "sff": "60 days"
  },
  {
    "docID": "N179 Masgutova 2010",
    "et": "Duration",
    "off": 7023,
    "sff": "60 days"
  },
  {
    "docID": "N179 Masgutova 2010",
    "et": "LesionAdjacentTissue",
    "off": 1674,
    "sff": "adjacent"
  },
  {
    "docID": "N179 Masgutova 2010",
    "et": "LesionAdjacentTissue",
    "off": 498,
    "sff": "lesion"
  },
  {
    "docID": "N179 Masgutova 2010",
    "et": "LesionAdjacentTissue",
    "off": 1954,
    "sff": "lesion"
  },
  {
    "docID": "N179 Masgutova 2010",
    "et": "LesionAdjacentTissue",
    "off": 974,
    "sff": "lesion"
  },
  {
    "docID": "N179 Masgutova 2010",
    "et": "LesionAdjacentTissue",
    "off": 1655,
    "sff": "lesion"
  },
  {
    "docID": "N179 Masgutova 2010",
    "et": "LesionAdjacentTissue",
    "off": 514,
    "sff": "adjacent"
  },
  {
    "docID": "N179 Masgutova 2010",
    "et": "LesionAdjacentTissue",
    "off": 3129,
    "sff": "lesion"
  },
  {
    "docID": "N179 Masgutova 2010",
    "et": "LesionAdjacentTissue",
    "off": 1242,
    "sff": "lesion"
  },
  {
    "docID": "N179 Masgutova 2010",
    "et": "InjuryArea",
    "off": 7112,
    "sff": "area"
  },
  {
    "docID": "N179 Masgutova 2010",
    "et": "InjuryArea",
    "off": 8711,
    "sff": "area"
  },
  {
    "docID": "N179 Masgutova 2010",
    "et": "InjuryArea",
    "off": 8805,
    "sff": "area"
  },
  {
    "docID": "N179 Masgutova 2010",
    "et": "InjuryArea",
    "off": 11364,
    "sff": "area"
  },
  {
    "docID": "N179 Masgutova 2010",
    "et": "InjuryArea",
    "off": 8962,
    "sff": "area"
  },
  {
    "docID": "N179 Masgutova 2010",
    "et": "InjuryArea",
    "off": 5534,
    "sff": "area"
  },
  {
    "docID": "N179 Masgutova 2010",
    "et": "InjuryArea",
    "off": 3388,
    "sff": "area"
  },
  {
    "docID": "N179 Masgutova 2010",
    "et": "InjuryArea",
    "off": 9083,
    "sff": "area"
  },
  {
    "docID": "N179 Masgutova 2010",
    "et": "InjuryArea",
    "off": 1496,
    "sff": "area"
  },
  {
    "docID": "N179 Masgutova 2010",
    "et": "InjuryArea",
    "off": 5551,
    "sff": "area"
  },
  {
    "docID": "N179 Masgutova 2010",
    "et": "InjuryArea",
    "off": 5581,
    "sff": "area"
  },
  {
    "docID": "N179 Masgutova 2010",
    "et": "InjuryArea",
    "off": 7149,
    "sff": "area"
  },
  {
    "docID": "N179 Masgutova 2010",
    "et": "InjuryArea",
    "off": 4107,
    "sff": "area"
  },
  {
    "docID": "N179 Masgutova 2010",
    "et": "ShortTermCultivaton",
    "off": 9417,
    "sff": "term"
  },
  {
    "docID": "N179 Masgutova 2010",
    "et": "MedicationDuringSurgery",
    "off": 3393,
    "sff": "during"
  },
  {
    "docID": "N179 Masgutova 2010",
    "et": "MedicationDuringSurgery",
    "off": 9913,
    "sff": "During"
  },
  {
    "docID": "N179 Masgutova 2010",
    "et": "MedicationDuringSurgery",
    "off": 10307,
    "sff": "during"
  },
  {
    "docID": "N179 Masgutova 2010",
    "et": "MedicationDuringSurgery",
    "off": 10459,
    "sff": "during"
  },
  {
    "docID": "N179 Masgutova 2010",
    "et": "MedicationDuringSurgery",
    "off": 11661,
    "sff": "during"
  },
  {
    "docID": "N179 Masgutova 2010",
    "et": "Laminectomy",
    "off": 3788,
    "sff": "laminectomy"
  },
  {
    "docID": "N179 Masgutova 2010",
    "et": "Laminectomy",
    "off": 5201,
    "sff": "laminectomy"
  },
  {
    "docID": "N179 Masgutova 2010",
    "et": "AscendingFiberTract",
    "off": 11565,
    "sff": "ascending"
  },
  {
    "docID": "N179 Masgutova 2010",
    "et": "AscendingFiberTract",
    "off": 2400,
    "sff": "ascending"
  },
  {
    "docID": "N179 Masgutova 2010",
    "et": "Dorsal",
    "off": 1355,
    "sff": "dorsal"
  },
  {
    "docID": "N179 Masgutova 2010",
    "et": "Dorsal",
    "off": 535,
    "sff": "dorsal"
  },
  {
    "docID": "N179 Masgutova 2010",
    "et": "RadiofrequencyLesionDevice",
    "off": 1655,
    "sff": "lesion"
  },
  {
    "docID": "N179 Masgutova 2010",
    "et": "RadiofrequencyLesionDevice",
    "off": 1242,
    "sff": "lesion"
  },
  {
    "docID": "N179 Masgutova 2010",
    "et": "RadiofrequencyLesionDevice",
    "off": 3129,
    "sff": "lesion"
  },
  {
    "docID": "N179 Masgutova 2010",
    "et": "RadiofrequencyLesionDevice",
    "off": 974,
    "sff": "lesion"
  },
  {
    "docID": "N179 Masgutova 2010",
    "et": "RadiofrequencyLesionDevice",
    "off": 498,
    "sff": "lesion"
  },
  {
    "docID": "N179 Masgutova 2010",
    "et": "RadiofrequencyLesionDevice",
    "off": 1954,
    "sff": "lesion"
  },
  {
    "docID": "N179 Masgutova 2010",
    "et": "GlialCell",
    "off": 8468,
    "sff": "glial"
  },
  {
    "docID": "N179 Masgutova 2010",
    "et": "GlialCell",
    "off": 2979,
    "sff": "glial"
  },
  {
    "docID": "N179 Masgutova 2010",
    "et": "GlialCell",
    "off": 11274,
    "sff": "glial"
  },
  {
    "docID": "N179 Masgutova 2010",
    "et": "GlialCell",
    "off": 11737,
    "sff": "glial"
  },
  {
    "docID": "N179 Masgutova 2010",
    "et": "Differentiation",
    "off": 11004,
    "sff": "differentiation"
  },
  {
    "docID": "N179 Masgutova 2010",
    "et": "PostSurgeryCondition",
    "off": 1000,
    "sff": "surgery"
  },
  {
    "docID": "N179 Masgutova 2010",
    "et": "RatSpecies",
    "off": 7458,
    "sff": "rat"
  },
  {
    "docID": "N179 Masgutova 2010",
    "et": "RatSpecies",
    "off": 6737,
    "sff": "rat"
  },
  {
    "docID": "N179 Masgutova 2010",
    "et": "RatSpecies",
    "off": 6993,
    "sff": "rat"
  },
  {
    "docID": "N179 Masgutova 2010",
    "et": "RatSpecies",
    "off": 7962,
    "sff": "rat"
  },
  {
    "docID": "N179 Masgutova 2010",
    "et": "Direction",
    "off": 8338,
    "sff": "direction"
  },
  {
    "docID": "N179 Masgutova 2010",
    "et": "Direction",
    "off": 8385,
    "sff": "direction"
  },
  {
    "docID": "N179 Masgutova 2010",
    "et": "Direction",
    "off": 6905,
    "sff": "direction"
  },
  {
    "docID": "N179 Masgutova 2010",
    "et": "Caudal",
    "off": 8378,
    "sff": "caudal"
  },
  {
    "docID": "N179 Masgutova 2010",
    "et": "Caudal",
    "off": 10937,
    "sff": "caudal"
  },
  {
    "docID": "N179 Masgutova 2010",
    "et": "Caudal",
    "off": 1910,
    "sff": "caudal"
  },
  {
    "docID": "N179 Masgutova 2010",
    "et": "Caudal",
    "off": 8626,
    "sff": "caudal"
  },
  {
    "docID": "N179 Masgutova 2010",
    "et": "Caudal",
    "off": 7232,
    "sff": "caudal"
  },
  {
    "docID": "N179 Masgutova 2010",
    "et": "Caudal",
    "off": 1057,
    "sff": "caudal"
  },
  {
    "docID": "N179 Masgutova 2010",
    "et": "Caudal",
    "off": 1695,
    "sff": "caudal"
  },
  {
    "docID": "N179 Masgutova 2010",
    "et": "Caudal",
    "off": 7503,
    "sff": "caudal"
  },
  {
    "docID": "N179 Masgutova 2010",
    "et": "SchwannCell",
    "off": 3215,
    "sff": "Schwann"
  },
  {
    "docID": "N179 Masgutova 2010",
    "et": "SchwannCell",
    "off": 11455,
    "sff": "Schwann"
  },
  {
    "docID": "N179 Masgutova 2010",
    "et": "SchwannCell",
    "off": 11341,
    "sff": "Schwann"
  },
  {
    "docID": "N179 Masgutova 2010",
    "et": "SchwannCell",
    "off": 2137,
    "sff": "Schwann"
  },
  {
    "docID": "N179 Masgutova 2010",
    "et": "SchwannCell",
    "off": 11158,
    "sff": "Schwann"
  },
  {
    "docID": "N179 Masgutova 2010",
    "et": "SchwannCell",
    "off": 11798,
    "sff": "Schwann"
  },
  {
    "docID": "N179 Masgutova 2010",
    "et": "NewZealandRabbit",
    "off": 2652,
    "sff": "new"
  },
  {
    "docID": "N179 Masgutova 2010",
    "et": "DescendingFiberTract",
    "off": 2414,
    "sff": "descending"
  },
  {
    "docID": "N179 Masgutova 2010",
    "et": "DescendingFiberTract",
    "off": 11579,
    "sff": "descending"
  },
  {
    "docID": "N179 Masgutova 2010",
    "et": "PartialTransection",
    "off": 2224,
    "sff": "partial"
  },
  {
    "docID": "N179 Masgutova 2010",
    "et": "PartialTransection",
    "off": 2767,
    "sff": "partial"
  },
  {
    "docID": "N179 Masgutova 2010",
    "et": "LightSource",
    "off": 7644,
    "sff": "light"
  },
  {
    "docID": "N179 Masgutova 2010",
    "et": "LightSource",
    "off": 7370,
    "sff": "light"
  },
  {
    "docID": "N179 Masgutova 2010",
    "et": "StemCellSourceType",
    "off": 1999,
    "sff": "cell"
  },
  {
    "docID": "N179 Masgutova 2010",
    "et": "StemCellSourceType",
    "off": 6364,
    "sff": "cell"
  },
  {
    "docID": "N179 Masgutova 2010",
    "et": "StemCellSourceType",
    "off": 7341,
    "sff": "cell"
  },
  {
    "docID": "N179 Masgutova 2010",
    "et": "StemCellSourceType",
    "off": 3400,
    "sff": "cell"
  },
  {
    "docID": "N179 Masgutova 2010",
    "et": "StemCellSourceType",
    "off": 6808,
    "sff": "cell"
  },
  {
    "docID": "N179 Masgutova 2010",
    "et": "StemCellSourceType",
    "off": 9576,
    "sff": "cell"
  },
  {
    "docID": "N179 Masgutova 2010",
    "et": "StemCellSourceType",
    "off": 2583,
    "sff": "cell"
  },
  {
    "docID": "N179 Masgutova 2010",
    "et": "StemCellSourceType",
    "off": 7300,
    "sff": "cell"
  },
  {
    "docID": "N179 Masgutova 2010",
    "et": "StemCellSourceType",
    "off": 11668,
    "sff": "cell"
  },
  {
    "docID": "N179 Masgutova 2010",
    "et": "StemCellSourceType",
    "off": 10466,
    "sff": "cell"
  },
  {
    "docID": "N179 Masgutova 2010",
    "et": "InVitroExperimentalProcedure",
    "off": 7320,
    "sff": "experimental"
  },
  {
    "docID": "N179 Masgutova 2010",
    "et": "InVitroExperimentalProcedure",
    "off": 641,
    "sff": "experimental"
  },
  {
    "docID": "N179 Masgutova 2010",
    "et": "InVitroExperimentalProcedure",
    "off": 2449,
    "sff": "experimental"
  },
  {
    "docID": "N179 Masgutova 2010",
    "et": "InVitroExperimentalProcedure",
    "off": 7402,
    "sff": "experimental"
  },
  {
    "docID": "N179 Masgutova 2010",
    "et": "InVitroExperimentalProcedure",
    "off": 7819,
    "sff": "experimental"
  },
  {
    "docID": "N179 Masgutova 2010",
    "et": "InVitroExperimentalProcedure",
    "off": 9787,
    "sff": "experimental"
  },
  {
    "docID": "N179 Masgutova 2010",
    "et": "InVitroExperimentalProcedure",
    "off": 4973,
    "sff": "experimental"
  },
  {
    "docID": "N179 Masgutova 2010",
    "et": "InVitroExperimentalProcedure",
    "off": 8050,
    "sff": "experimental"
  },
  {
    "docID": "N179 Masgutova 2010",
    "et": "InVitroExperimentalProcedure",
    "off": 4436,
    "sff": "experimental"
  },
  {
    "docID": "N179 Masgutova 2010",
    "et": "InVitroExperimentalProcedure",
    "off": 4708,
    "sff": "experimental"
  },
  {
    "docID": "N179 Masgutova 2010",
    "et": "Cell",
    "off": 10466,
    "sff": "cell"
  },
  {
    "docID": "N179 Masgutova 2010",
    "et": "Cell",
    "off": 1999,
    "sff": "cell"
  },
  {
    "docID": "N179 Masgutova 2010",
    "et": "Cell",
    "off": 6364,
    "sff": "cell"
  },
  {
    "docID": "N179 Masgutova 2010",
    "et": "Cell",
    "off": 7341,
    "sff": "cell"
  },
  {
    "docID": "N179 Masgutova 2010",
    "et": "Cell",
    "off": 3400,
    "sff": "cell"
  },
  {
    "docID": "N179 Masgutova 2010",
    "et": "Cell",
    "off": 6808,
    "sff": "cell"
  },
  {
    "docID": "N179 Masgutova 2010",
    "et": "Cell",
    "off": 9576,
    "sff": "cell"
  },
  {
    "docID": "N179 Masgutova 2010",
    "et": "Cell",
    "off": 2583,
    "sff": "cell"
  },
  {
    "docID": "N179 Masgutova 2010",
    "et": "Cell",
    "off": 7300,
    "sff": "cell"
  },
  {
    "docID": "N179 Masgutova 2010",
    "et": "Cell",
    "off": 11668,
    "sff": "cell"
  },
  {
    "docID": "N179 Masgutova 2010",
    "et": "SpinalDorsalHalf",
    "off": 1355,
    "sff": "dorsal"
  },
  {
    "docID": "N179 Masgutova 2010",
    "et": "SpinalDorsalHalf",
    "off": 535,
    "sff": "dorsal"
  },
  {
    "docID": "N179 Masgutova 2010",
    "et": "Lateral",
    "off": 365,
    "sff": "lateral"
  },
  {
    "docID": "N179 Masgutova 2010",
    "et": "Water",
    "off": 3775,
    "sff": "water"
  },
  {
    "docID": "N179 Masgutova 2010",
    "et": "ExperimentalProcedure",
    "off": 4436,
    "sff": "experimental"
  },
  {
    "docID": "N179 Masgutova 2010",
    "et": "ExperimentalProcedure",
    "off": 4708,
    "sff": "experimental"
  },
  {
    "docID": "N179 Masgutova 2010",
    "et": "ExperimentalProcedure",
    "off": 641,
    "sff": "experimental"
  },
  {
    "docID": "N179 Masgutova 2010",
    "et": "ExperimentalProcedure",
    "off": 2449,
    "sff": "experimental"
  },
  {
    "docID": "N179 Masgutova 2010",
    "et": "ExperimentalProcedure",
    "off": 8050,
    "sff": "experimental"
  },
  {
    "docID": "N179 Masgutova 2010",
    "et": "ExperimentalProcedure",
    "off": 4973,
    "sff": "experimental"
  },
  {
    "docID": "N179 Masgutova 2010",
    "et": "ExperimentalProcedure",
    "off": 7819,
    "sff": "experimental"
  },
  {
    "docID": "N179 Masgutova 2010",
    "et": "ExperimentalProcedure",
    "off": 9787,
    "sff": "experimental"
  },
  {
    "docID": "N179 Masgutova 2010",
    "et": "ExperimentalProcedure",
    "off": 7402,
    "sff": "experimental"
  },
  {
    "docID": "N179 Masgutova 2010",
    "et": "ExperimentalProcedure",
    "off": 7320,
    "sff": "experimental"
  },
  {
    "docID": "N179 Masgutova 2010",
    "et": "PartialTransectionType",
    "off": 2224,
    "sff": "partial"
  },
  {
    "docID": "N179 Masgutova 2010",
    "et": "PartialTransectionType",
    "off": 2767,
    "sff": "partial"
  }
]
