[
  {
    "docID": "N190 Pearse 2004",
    "et": "CompleteTransection",
    "off": 17823,
    "sff": "complete"
  },
  {
    "docID": "N190 Pearse 2004",
    "et": "CompleteTransection",
    "off": 6028,
    "sff": "complete transection"
  },
  {
    "docID": "N190 Pearse 2004",
    "et": "CompleteTransection",
    "off": 5880,
    "sff": "complete transection"
  },
  {
    "docID": "N190 Pearse 2004",
    "et": "CompleteTransection",
    "off": 14344,
    "sff": "complete"
  },
  {
    "docID": "N190 Pearse 2004",
    "et": "CompleteTransection",
    "off": 19837,
    "sff": "complete"
  },
  {
    "docID": "N190 Pearse 2004",
    "et": "RecombinantEPORhEpo",
    "off": 11022,
    "sff": "recombinant"
  },
  {
    "docID": "N190 Pearse 2004",
    "et": "OlfactoryEnsheathingGliaCell",
    "off": 7371,
    "sff": "Olfactory ensheathing glia"
  },
  {
    "docID": "N190 Pearse 2004",
    "et": "OlfactoryEnsheathingGliaCell",
    "off": 7371,
    "sff": "Olfactory ensheathing"
  },
  {
    "docID": "N190 Pearse 2004",
    "et": "OlfactoryEnsheathingGliaCell",
    "off": 5578,
    "sff": "olfactory ensheathing"
  },
  {
    "docID": "N190 Pearse 2004",
    "et": "OlfactoryEnsheathingGliaCell",
    "off": 703,
    "sff": "olfactory ensheathing"
  },
  {
    "docID": "N190 Pearse 2004",
    "et": "OlfactoryEnsheathingGliaCell",
    "off": 38,
    "sff": "Olfactory Ensheathing Glia"
  },
  {
    "docID": "N190 Pearse 2004",
    "et": "OlfactoryEnsheathingGliaCell",
    "off": 38,
    "sff": "Olfactory Ensheathing"
  },
  {
    "docID": "N190 Pearse 2004",
    "et": "OlfactoryEnsheathingGliaCell",
    "off": 703,
    "sff": "olfactory ensheathing glia"
  },
  {
    "docID": "N190 Pearse 2004",
    "et": "OlfactoryEnsheathingGliaCell",
    "off": 7479,
    "sff": "olfactory"
  },
  {
    "docID": "N190 Pearse 2004",
    "et": "DorsalInjuryArea",
    "off": 9364,
    "sff": "dorsal"
  },
  {
    "docID": "N190 Pearse 2004",
    "et": "DorsalInjuryArea",
    "off": 10717,
    "sff": "dorsal"
  },
  {
    "docID": "N190 Pearse 2004",
    "et": "SuperficialDelivery",
    "off": 9265,
    "sff": "superficial"
  },
  {
    "docID": "N190 Pearse 2004",
    "et": "KetamineAsAnaesthetic",
    "off": 14088,
    "sff": "ketamine"
  },
  {
    "docID": "N190 Pearse 2004",
    "et": "MouseSpecies",
    "off": 18642,
    "sff": "mouse"
  },
  {
    "docID": "N190 Pearse 2004",
    "et": "WeightDrop",
    "off": 9110,
    "sff": "weight drop"
  },
  {
    "docID": "N190 Pearse 2004",
    "et": "WeightDrop",
    "off": 14155,
    "sff": "weight"
  },
  {
    "docID": "N190 Pearse 2004",
    "et": "WeightDrop",
    "off": 8869,
    "sff": "weight"
  },
  {
    "docID": "N190 Pearse 2004",
    "et": "WeightDrop",
    "off": 10817,
    "sff": "weight"
  },
  {
    "docID": "N190 Pearse 2004",
    "et": "NOGOReceptorAntagonist",
    "off": 19011,
    "sff": "receptor"
  },
  {
    "docID": "N190 Pearse 2004",
    "et": "SpinalFiberTract",
    "off": 22866,
    "sff": "fiber"
  },
  {
    "docID": "N190 Pearse 2004",
    "et": "SpinalFiberTract",
    "off": 33490,
    "sff": "fiber"
  },
  {
    "docID": "N190 Pearse 2004",
    "et": "SpinalFiberTract",
    "off": 1727,
    "sff": "fiber"
  },
  {
    "docID": "N190 Pearse 2004",
    "et": "SpinalFiberTract",
    "off": 35088,
    "sff": "fiber"
  },
  {
    "docID": "N190 Pearse 2004",
    "et": "SpinalFiberTract",
    "off": 1589,
    "sff": "fiber"
  },
  {
    "docID": "N190 Pearse 2004",
    "et": "SpinalFiberTract",
    "off": 7460,
    "sff": "fiber"
  },
  {
    "docID": "N190 Pearse 2004",
    "et": "SpinalFiberTract",
    "off": 34099,
    "sff": "fiber"
  },
  {
    "docID": "N190 Pearse 2004",
    "et": "SpinalFiberTract",
    "off": 33738,
    "sff": "fiber"
  },
  {
    "docID": "N190 Pearse 2004",
    "et": "SpinalFiberTract",
    "off": 7674,
    "sff": "fiber"
  },
  {
    "docID": "N190 Pearse 2004",
    "et": "SpinalFiberTract",
    "off": 19388,
    "sff": "fiber"
  },
  {
    "docID": "N190 Pearse 2004",
    "et": "DorsalHemisection",
    "off": 10717,
    "sff": "dorsal"
  },
  {
    "docID": "N190 Pearse 2004",
    "et": "DorsalHemisection",
    "off": 9364,
    "sff": "dorsal"
  },
  {
    "docID": "N190 Pearse 2004",
    "et": "HeatLesion",
    "off": 6751,
    "sff": "heat"
  },
  {
    "docID": "N190 Pearse 2004",
    "et": "SpinalVentralHalf",
    "off": 10367,
    "sff": "ventral"
  },
  {
    "docID": "N190 Pearse 2004",
    "et": "RabbitSpecies",
    "off": 19213,
    "sff": "rabbit"
  },
  {
    "docID": "N190 Pearse 2004",
    "et": "RabbitSpecies",
    "off": 18662,
    "sff": "rabbit"
  },
  {
    "docID": "N190 Pearse 2004",
    "et": "Rostral",
    "off": 6130,
    "sff": "rostral"
  },
  {
    "docID": "N190 Pearse 2004",
    "et": "Rostral",
    "off": 33203,
    "sff": "rostral"
  },
  {
    "docID": "N190 Pearse 2004",
    "et": "Rostral",
    "off": 36174,
    "sff": "rostral"
  },
  {
    "docID": "N190 Pearse 2004",
    "et": "Rostral",
    "off": 25551,
    "sff": "rostral"
  },
  {
    "docID": "N190 Pearse 2004",
    "et": "Rostral",
    "off": 18352,
    "sff": "rostral"
  },
  {
    "docID": "N190 Pearse 2004",
    "et": "Rostral",
    "off": 35216,
    "sff": "rostral"
  },
  {
    "docID": "N190 Pearse 2004",
    "et": "Rostral",
    "off": 25105,
    "sff": "rostral"
  },
  {
    "docID": "N190 Pearse 2004",
    "et": "Rostral",
    "off": 33002,
    "sff": "rostral"
  },
  {
    "docID": "N190 Pearse 2004",
    "et": "Rostral",
    "off": 35722,
    "sff": "rostral"
  },
  {
    "docID": "N190 Pearse 2004",
    "et": "Rostral",
    "off": 20168,
    "sff": "rostral"
  },
  {
    "docID": "N190 Pearse 2004",
    "et": "Rostral",
    "off": 26884,
    "sff": "rostral"
  },
  {
    "docID": "N190 Pearse 2004",
    "et": "Rostral",
    "off": 19583,
    "sff": "rostral"
  },
  {
    "docID": "N190 Pearse 2004",
    "et": "Rostral",
    "off": 20762,
    "sff": "rostral"
  },
  {
    "docID": "N190 Pearse 2004",
    "et": "Rostral",
    "off": 17723,
    "sff": "rostral"
  },
  {
    "docID": "N190 Pearse 2004",
    "et": "Rostral",
    "off": 35382,
    "sff": "rostral"
  },
  {
    "docID": "N190 Pearse 2004",
    "et": "Rostral",
    "off": 33847,
    "sff": "rostral"
  },
  {
    "docID": "N190 Pearse 2004",
    "et": "Rostral",
    "off": 25721,
    "sff": "rostral"
  },
  {
    "docID": "N190 Pearse 2004",
    "et": "DorsalColumn",
    "off": 10717,
    "sff": "dorsal"
  },
  {
    "docID": "N190 Pearse 2004",
    "et": "DorsalColumn",
    "off": 9364,
    "sff": "dorsal"
  },
  {
    "docID": "N190 Pearse 2004",
    "et": "SpragueDawleyRat",
    "off": 48185,
    "sff": "Sprague-Dawley"
  },
  {
    "docID": "N190 Pearse 2004",
    "et": "SpragueDawleyRat",
    "off": 48185,
    "sff": "Sprague-Dawley rat"
  },
  {
    "docID": "N190 Pearse 2004",
    "et": "Left",
    "off": 38470,
    "sff": "left"
  },
  {
    "docID": "N190 Pearse 2004",
    "et": "InjuryDevice",
    "off": 9122,
    "sff": "device"
  },
  {
    "docID": "N190 Pearse 2004",
    "et": "LaminectomyType",
    "off": 13582,
    "sff": "laminectomy"
  },
  {
    "docID": "N190 Pearse 2004",
    "et": "LaminectomyType",
    "off": 9306,
    "sff": "laminectomy"
  },
  {
    "docID": "N190 Pearse 2004",
    "et": "LaminectomyType",
    "off": 13618,
    "sff": "laminectomy"
  },
  {
    "docID": "N190 Pearse 2004",
    "et": "Tissue",
    "off": 42046,
    "sff": "tissue"
  },
  {
    "docID": "N190 Pearse 2004",
    "et": "Tissue",
    "off": 2108,
    "sff": "tissue"
  },
  {
    "docID": "N190 Pearse 2004",
    "et": "Tissue",
    "off": 1339,
    "sff": "tissue"
  },
  {
    "docID": "N190 Pearse 2004",
    "et": "Tissue",
    "off": 42821,
    "sff": "tissue"
  },
  {
    "docID": "N190 Pearse 2004",
    "et": "Tissue",
    "off": 3010,
    "sff": "tissue"
  },
  {
    "docID": "N190 Pearse 2004",
    "et": "Tissue",
    "off": 24121,
    "sff": "tissue"
  },
  {
    "docID": "N190 Pearse 2004",
    "et": "Tissue",
    "off": 29241,
    "sff": "tissue"
  },
  {
    "docID": "N190 Pearse 2004",
    "et": "Tissue",
    "off": 32189,
    "sff": "tissue"
  },
  {
    "docID": "N190 Pearse 2004",
    "et": "Tissue",
    "off": 16846,
    "sff": "tissue"
  },
  {
    "docID": "N190 Pearse 2004",
    "et": "Tissue",
    "off": 32337,
    "sff": "tissue"
  },
  {
    "docID": "N190 Pearse 2004",
    "et": "Tissue",
    "off": 43473,
    "sff": "tissue"
  },
  {
    "docID": "N190 Pearse 2004",
    "et": "Tissue",
    "off": 16725,
    "sff": "tissue"
  },
  {
    "docID": "N190 Pearse 2004",
    "et": "Tissue",
    "off": 23893,
    "sff": "tissue"
  },
  {
    "docID": "N190 Pearse 2004",
    "et": "Tissue",
    "off": 29766,
    "sff": "tissue"
  },
  {
    "docID": "N190 Pearse 2004",
    "et": "Tissue",
    "off": 3791,
    "sff": "tissue"
  },
  {
    "docID": "N190 Pearse 2004",
    "et": "Tissue",
    "off": 28876,
    "sff": "tissue"
  },
  {
    "docID": "N190 Pearse 2004",
    "et": "Tissue",
    "off": 43597,
    "sff": "tissue"
  },
  {
    "docID": "N190 Pearse 2004",
    "et": "Tissue",
    "off": 31263,
    "sff": "tissue"
  },
  {
    "docID": "N190 Pearse 2004",
    "et": "Tissue",
    "off": 29088,
    "sff": "tissue"
  },
  {
    "docID": "N190 Pearse 2004",
    "et": "Tissue",
    "off": 31653,
    "sff": "tissue"
  },
  {
    "docID": "N190 Pearse 2004",
    "et": "Tissue",
    "off": 1445,
    "sff": "tissue"
  },
  {
    "docID": "N190 Pearse 2004",
    "et": "Tissue",
    "off": 24470,
    "sff": "tissue"
  },
  {
    "docID": "N190 Pearse 2004",
    "et": "Tissue",
    "off": 28703,
    "sff": "Tissue"
  },
  {
    "docID": "N190 Pearse 2004",
    "et": "Tissue",
    "off": 4378,
    "sff": "tissue"
  },
  {
    "docID": "N190 Pearse 2004",
    "et": "Tissue",
    "off": 31132,
    "sff": "tissue"
  },
  {
    "docID": "N190 Pearse 2004",
    "et": "Tissue",
    "off": 50096,
    "sff": "tissue"
  },
  {
    "docID": "N190 Pearse 2004",
    "et": "Tissue",
    "off": 41265,
    "sff": "tissue"
  },
  {
    "docID": "N190 Pearse 2004",
    "et": "Tissue",
    "off": 29363,
    "sff": "tissue"
  },
  {
    "docID": "N190 Pearse 2004",
    "et": "Tissue",
    "off": 16564,
    "sff": "tissue"
  },
  {
    "docID": "N190 Pearse 2004",
    "et": "Tissue",
    "off": 41396,
    "sff": "tissue"
  },
  {
    "docID": "N190 Pearse 2004",
    "et": "Tissue",
    "off": 16181,
    "sff": "tissue"
  },
  {
    "docID": "N190 Pearse 2004",
    "et": "Tissue",
    "off": 31146,
    "sff": "tissue"
  },
  {
    "docID": "N190 Pearse 2004",
    "et": "Tissue",
    "off": 31277,
    "sff": "tissue"
  },
  {
    "docID": "N190 Pearse 2004",
    "et": "Tissue",
    "off": 24063,
    "sff": "tissue"
  },
  {
    "docID": "N190 Pearse 2004",
    "et": "Tissue",
    "off": 46847,
    "sff": "tissue"
  },
  {
    "docID": "N190 Pearse 2004",
    "et": "Tissue",
    "off": 41088,
    "sff": "tissue"
  },
  {
    "docID": "N190 Pearse 2004",
    "et": "Tissue",
    "off": 35585,
    "sff": "tissue"
  },
  {
    "docID": "N190 Pearse 2004",
    "et": "Tissue",
    "off": 43394,
    "sff": "tissue"
  },
  {
    "docID": "N190 Pearse 2004",
    "et": "Tissue",
    "off": 44162,
    "sff": "tissue"
  },
  {
    "docID": "N190 Pearse 2004",
    "et": "Tissue",
    "off": 3960,
    "sff": "tissue"
  },
  {
    "docID": "N190 Pearse 2004",
    "et": "Tissue",
    "off": 41988,
    "sff": "tissue"
  },
  {
    "docID": "N190 Pearse 2004",
    "et": "Tissue",
    "off": 32502,
    "sff": "tissue"
  },
  {
    "docID": "N190 Pearse 2004",
    "et": "Tissue",
    "off": 47094,
    "sff": "tissue"
  },
  {
    "docID": "N190 Pearse 2004",
    "et": "Tissue",
    "off": 15481,
    "sff": "tissue"
  },
  {
    "docID": "N190 Pearse 2004",
    "et": "Tissue",
    "off": 40572,
    "sff": "tissue"
  },
  {
    "docID": "N190 Pearse 2004",
    "et": "Tissue",
    "off": 31375,
    "sff": "tissue"
  },
  {
    "docID": "N190 Pearse 2004",
    "et": "Tissue",
    "off": 41487,
    "sff": "tissue"
  },
  {
    "docID": "N190 Pearse 2004",
    "et": "Tissue",
    "off": 43025,
    "sff": "tissue"
  },
  {
    "docID": "N190 Pearse 2004",
    "et": "Tissue",
    "off": 16903,
    "sff": "tissue"
  },
  {
    "docID": "N190 Pearse 2004",
    "et": "Tissue",
    "off": 50696,
    "sff": "tissue"
  },
  {
    "docID": "N190 Pearse 2004",
    "et": "Tissue",
    "off": 31497,
    "sff": "tissue"
  },
  {
    "docID": "N190 Pearse 2004",
    "et": "Tissue",
    "off": 4618,
    "sff": "tissue"
  },
  {
    "docID": "N190 Pearse 2004",
    "et": "Tissue",
    "off": 7691,
    "sff": "tissue"
  },
  {
    "docID": "N190 Pearse 2004",
    "et": "Tissue",
    "off": 39692,
    "sff": "tissue"
  },
  {
    "docID": "N190 Pearse 2004",
    "et": "Tissue",
    "off": 16141,
    "sff": "tissue"
  },
  {
    "docID": "N190 Pearse 2004",
    "et": "Tissue",
    "off": 31711,
    "sff": "tissue"
  },
  {
    "docID": "N190 Pearse 2004",
    "et": "Tissue",
    "off": 14816,
    "sff": "tissue"
  },
  {
    "docID": "N190 Pearse 2004",
    "et": "Tissue",
    "off": 31842,
    "sff": "tissue"
  },
  {
    "docID": "N190 Pearse 2004",
    "et": "Tissue",
    "off": 16611,
    "sff": "tissue"
  },
  {
    "docID": "N190 Pearse 2004",
    "et": "Tissue",
    "off": 24035,
    "sff": "tissue"
  },
  {
    "docID": "N190 Pearse 2004",
    "et": "Tissue",
    "off": 32228,
    "sff": "tissue"
  },
  {
    "docID": "N190 Pearse 2004",
    "et": "Tissue",
    "off": 4182,
    "sff": "tissue"
  },
  {
    "docID": "N190 Pearse 2004",
    "et": "Tissue",
    "off": 29655,
    "sff": "tissue"
  },
  {
    "docID": "N190 Pearse 2004",
    "et": "Tissue",
    "off": 2403,
    "sff": "tissue"
  },
  {
    "docID": "N190 Pearse 2004",
    "et": "Tissue",
    "off": 50136,
    "sff": "tissue"
  },
  {
    "docID": "N190 Pearse 2004",
    "et": "Tissue",
    "off": 23224,
    "sff": "TISSUE"
  },
  {
    "docID": "N190 Pearse 2004",
    "et": "Tissue",
    "off": 40924,
    "sff": "tissue"
  },
  {
    "docID": "N190 Pearse 2004",
    "et": "Tissue",
    "off": 22768,
    "sff": "tissue"
  },
  {
    "docID": "N190 Pearse 2004",
    "et": "Tissue",
    "off": 31985,
    "sff": "tissue"
  },
  {
    "docID": "N190 Pearse 2004",
    "et": "Tissue",
    "off": 44019,
    "sff": "tissue"
  },
  {
    "docID": "N190 Pearse 2004",
    "et": "Tissue",
    "off": 47987,
    "sff": "tissue"
  },
  {
    "docID": "N190 Pearse 2004",
    "et": "Tissue",
    "off": 39925,
    "sff": "tissue"
  },
  {
    "docID": "N190 Pearse 2004",
    "et": "Tissue",
    "off": 371,
    "sff": "tissue"
  },
  {
    "docID": "N190 Pearse 2004",
    "et": "Tissue",
    "off": 16233,
    "sff": "tissue"
  },
  {
    "docID": "N190 Pearse 2004",
    "et": "Tissue",
    "off": 42860,
    "sff": "tissue"
  },
  {
    "docID": "N190 Pearse 2004",
    "et": "Tissue",
    "off": 43116,
    "sff": "tissue"
  },
  {
    "docID": "N190 Pearse 2004",
    "et": "Tissue",
    "off": 29037,
    "sff": "tissue"
  },
  {
    "docID": "N190 Pearse 2004",
    "et": "CatSpecies",
    "off": 45060,
    "sff": "cat"
  },
  {
    "docID": "N190 Pearse 2004",
    "et": "InjectionDelivery",
    "off": 12554,
    "sff": "injection"
  },
  {
    "docID": "N190 Pearse 2004",
    "et": "InjectionDelivery",
    "off": 13850,
    "sff": "injection"
  },
  {
    "docID": "N190 Pearse 2004",
    "et": "InjectionDelivery",
    "off": 15087,
    "sff": "injection"
  },
  {
    "docID": "N190 Pearse 2004",
    "et": "InjectionDelivery",
    "off": 13330,
    "sff": "injection"
  },
  {
    "docID": "N190 Pearse 2004",
    "et": "InjectionDelivery",
    "off": 13961,
    "sff": "injection"
  },
  {
    "docID": "N190 Pearse 2004",
    "et": "InjectionDelivery",
    "off": 34217,
    "sff": "injection"
  },
  {
    "docID": "N190 Pearse 2004",
    "et": "SpinalLesionSite",
    "off": 14353,
    "sff": "lesion"
  },
  {
    "docID": "N190 Pearse 2004",
    "et": "SpinalLesionSite",
    "off": 17770,
    "sff": "lesion"
  },
  {
    "docID": "N190 Pearse 2004",
    "et": "SpinalLesionSite",
    "off": 16059,
    "sff": "lesion"
  },
  {
    "docID": "N190 Pearse 2004",
    "et": "SpinalLesionSite",
    "off": 45766,
    "sff": "lesion"
  },
  {
    "docID": "N190 Pearse 2004",
    "et": "SpinalLesionSite",
    "off": 3717,
    "sff": "lesion site"
  },
  {
    "docID": "N190 Pearse 2004",
    "et": "T6",
    "off": 9506,
    "sff": "T6"
  },
  {
    "docID": "N190 Pearse 2004",
    "et": "Weight",
    "off": 14098,
    "sff": "0.51 mg"
  },
  {
    "docID": "N190 Pearse 2004",
    "et": "Weight",
    "off": 14120,
    "sff": "0.09 mg"
  },
  {
    "docID": "N190 Pearse 2004",
    "et": "Weight",
    "off": 8258,
    "sff": "160-180 g"
  },
  {
    "docID": "N190 Pearse 2004",
    "et": "Weight",
    "off": 14080,
    "sff": "2.57 mg"
  },
  {
    "docID": "N190 Pearse 2004",
    "et": "Weight",
    "off": 9615,
    "sff": "10.0-g"
  },
  {
    "docID": "N190 Pearse 2004",
    "et": "Weight",
    "off": 14145,
    "sff": "50 g"
  },
  {
    "docID": "N190 Pearse 2004",
    "et": "Weight",
    "off": 8857,
    "sff": "100 mg"
  },
  {
    "docID": "N190 Pearse 2004",
    "et": "T8",
    "off": 9349,
    "sff": "T8"
  },
  {
    "docID": "N190 Pearse 2004",
    "et": "T9",
    "off": 9410,
    "sff": "T9"
  },
  {
    "docID": "N190 Pearse 2004",
    "et": "Halothane",
    "off": 12078,
    "sff": "halothane"
  },
  {
    "docID": "N190 Pearse 2004",
    "et": "Halothane",
    "off": 12862,
    "sff": "halothane"
  },
  {
    "docID": "N190 Pearse 2004",
    "et": "Halothane",
    "off": 8463,
    "sff": "halothane"
  },
  {
    "docID": "N190 Pearse 2004",
    "et": "Halothane",
    "off": 13466,
    "sff": "halothane"
  },
  {
    "docID": "N190 Pearse 2004",
    "et": "Xylazine",
    "off": 14106,
    "sff": "xylazine"
  },
  {
    "docID": "N190 Pearse 2004",
    "et": "CompoundBiologicalRelation",
    "off": 4405,
    "sff": "compound"
  },
  {
    "docID": "N190 Pearse 2004",
    "et": "AnimalCareCondition",
    "off": 8344,
    "sff": "Care"
  },
  {
    "docID": "N190 Pearse 2004",
    "et": "AnimalCareCondition",
    "off": 7620,
    "sff": "Care"
  },
  {
    "docID": "N190 Pearse 2004",
    "et": "LateralHemisection",
    "off": 23760,
    "sff": "lateral"
  },
  {
    "docID": "N190 Pearse 2004",
    "et": "LateralHemisection",
    "off": 13195,
    "sff": "lateral"
  },
  {
    "docID": "N190 Pearse 2004",
    "et": "Contusion",
    "off": 4331,
    "sff": "contusion"
  },
  {
    "docID": "N190 Pearse 2004",
    "et": "Contusion",
    "off": 36620,
    "sff": "contusion"
  },
  {
    "docID": "N190 Pearse 2004",
    "et": "Contusion",
    "off": 9074,
    "sff": "Contusion"
  },
  {
    "docID": "N190 Pearse 2004",
    "et": "Contusion",
    "off": 9056,
    "sff": "Contusion"
  },
  {
    "docID": "N190 Pearse 2004",
    "et": "Contusion",
    "off": 9656,
    "sff": "contusion"
  },
  {
    "docID": "N190 Pearse 2004",
    "et": "Contusion",
    "off": 10788,
    "sff": "contusion"
  },
  {
    "docID": "N190 Pearse 2004",
    "et": "Saline",
    "off": 10511,
    "sff": "saline"
  },
  {
    "docID": "N190 Pearse 2004",
    "et": "Dosage",
    "off": 14145,
    "sff": "50 g"
  },
  {
    "docID": "N190 Pearse 2004",
    "et": "Dosage",
    "off": 12325,
    "sff": "10-µL"
  },
  {
    "docID": "N190 Pearse 2004",
    "et": "Dosage",
    "off": 8511,
    "sff": "30%"
  },
  {
    "docID": "N190 Pearse 2004",
    "et": "Dosage",
    "off": 13715,
    "sff": "1-µL"
  },
  {
    "docID": "N190 Pearse 2004",
    "et": "Dosage",
    "off": 611,
    "sff": "30mg/kg"
  },
  {
    "docID": "N190 Pearse 2004",
    "et": "Dosage",
    "off": 36321,
    "sff": "17.5%"
  },
  {
    "docID": "N190 Pearse 2004",
    "et": "Dosage",
    "off": 13128,
    "sff": "0.3 µL"
  },
  {
    "docID": "N190 Pearse 2004",
    "et": "Dosage",
    "off": 30527,
    "sff": "2.7%"
  },
  {
    "docID": "N190 Pearse 2004",
    "et": "Dosage",
    "off": 7867,
    "sff": "2 µg/mL"
  },
  {
    "docID": "N190 Pearse 2004",
    "et": "Dosage",
    "off": 30124,
    "sff": "9 mm"
  },
  {
    "docID": "N190 Pearse 2004",
    "et": "Dosage",
    "off": 8262,
    "sff": "180 g"
  },
  {
    "docID": "N190 Pearse 2004",
    "et": "Dosage",
    "off": 13037,
    "sff": "0.5 µL"
  },
  {
    "docID": "N190 Pearse 2004",
    "et": "Dosage",
    "off": 13556,
    "sff": "7 mm"
  },
  {
    "docID": "N190 Pearse 2004",
    "et": "Dosage",
    "off": 26903,
    "sff": "2 mm"
  },
  {
    "docID": "N190 Pearse 2004",
    "et": "Dosage",
    "off": 29999,
    "sff": "9 mm"
  },
  {
    "docID": "N190 Pearse 2004",
    "et": "Dosage",
    "off": 12467,
    "sff": "6 µL"
  },
  {
    "docID": "N190 Pearse 2004",
    "et": "Dosage",
    "off": 9643,
    "sff": "12.5 mm"
  },
  {
    "docID": "N190 Pearse 2004",
    "et": "Dosage",
    "off": 29883,
    "sff": "9 mm"
  },
  {
    "docID": "N190 Pearse 2004",
    "et": "Dosage",
    "off": 11010,
    "sff": "30 mg/kg"
  },
  {
    "docID": "N190 Pearse 2004",
    "et": "Dosage",
    "off": 13046,
    "sff": "10%"
  },
  {
    "docID": "N190 Pearse 2004",
    "et": "Dosage",
    "off": 10457,
    "sff": "0.28 mm"
  },
  {
    "docID": "N190 Pearse 2004",
    "et": "Dosage",
    "off": 13463,
    "sff": "2%"
  },
  {
    "docID": "N190 Pearse 2004",
    "et": "Dosage",
    "off": 24375,
    "sff": "9-mm"
  },
  {
    "docID": "N190 Pearse 2004",
    "et": "Dosage",
    "off": 6747,
    "sff": "10%"
  },
  {
    "docID": "N190 Pearse 2004",
    "et": "Dosage",
    "off": 8489,
    "sff": "70%"
  },
  {
    "docID": "N190 Pearse 2004",
    "et": "Dosage",
    "off": 14098,
    "sff": "0.51 mg"
  },
  {
    "docID": "N190 Pearse 2004",
    "et": "Dosage",
    "off": 8877,
    "sff": "300 U/mL"
  },
  {
    "docID": "N190 Pearse 2004",
    "et": "Dosage",
    "off": 12197,
    "sff": "6 µL"
  },
  {
    "docID": "N190 Pearse 2004",
    "et": "Dosage",
    "off": 12075,
    "sff": "2%"
  },
  {
    "docID": "N190 Pearse 2004",
    "et": "Dosage",
    "off": 12877,
    "sff": "10%"
  },
  {
    "docID": "N190 Pearse 2004",
    "et": "Dosage",
    "off": 30360,
    "sff": "9 mm"
  },
  {
    "docID": "N190 Pearse 2004",
    "et": "Dosage",
    "off": 23796,
    "sff": "1 mm"
  },
  {
    "docID": "N190 Pearse 2004",
    "et": "Dosage",
    "off": 9615,
    "sff": "10.0-g"
  },
  {
    "docID": "N190 Pearse 2004",
    "et": "Dosage",
    "off": 13140,
    "sff": "10%"
  },
  {
    "docID": "N190 Pearse 2004",
    "et": "Dosage",
    "off": 10803,
    "sff": "30 mg/kg body weight"
  },
  {
    "docID": "N190 Pearse 2004",
    "et": "Dosage",
    "off": 8849,
    "sff": "0.02 mL/100 mg body weight"
  },
  {
    "docID": "N190 Pearse 2004",
    "et": "Dosage",
    "off": 10538,
    "sff": "5 mm"
  },
  {
    "docID": "N190 Pearse 2004",
    "et": "Dosage",
    "off": 7888,
    "sff": "10%"
  },
  {
    "docID": "N190 Pearse 2004",
    "et": "Dosage",
    "off": 548,
    "sff": "30 mg/kg"
  },
  {
    "docID": "N190 Pearse 2004",
    "et": "Dosage",
    "off": 14418,
    "sff": "10%"
  },
  {
    "docID": "N190 Pearse 2004",
    "et": "Dosage",
    "off": 7108,
    "sff": "0.8 µg/mL"
  },
  {
    "docID": "N190 Pearse 2004",
    "et": "Dosage",
    "off": 7049,
    "sff": "2 mg/mL"
  },
  {
    "docID": "N190 Pearse 2004",
    "et": "Dosage",
    "off": 14317,
    "sff": "9 mm"
  },
  {
    "docID": "N190 Pearse 2004",
    "et": "Dosage",
    "off": 12859,
    "sff": "2%"
  },
  {
    "docID": "N190 Pearse 2004",
    "et": "Dosage",
    "off": 13498,
    "sff": "2%"
  },
  {
    "docID": "N190 Pearse 2004",
    "et": "Dosage",
    "off": 14216,
    "sff": "4%"
  },
  {
    "docID": "N190 Pearse 2004",
    "et": "Dosage",
    "off": 13488,
    "sff": "0.5 µL"
  },
  {
    "docID": "N190 Pearse 2004",
    "et": "Dosage",
    "off": 6981,
    "sff": "10%"
  },
  {
    "docID": "N190 Pearse 2004",
    "et": "Dosage",
    "off": 9804,
    "sff": "6%"
  },
  {
    "docID": "N190 Pearse 2004",
    "et": "Dosage",
    "off": 13226,
    "sff": "0.2 µL"
  },
  {
    "docID": "N190 Pearse 2004",
    "et": "Dosage",
    "off": 24522,
    "sff": "9-mm"
  },
  {
    "docID": "N190 Pearse 2004",
    "et": "Dosage",
    "off": 7833,
    "sff": "0.8 µg/mL"
  },
  {
    "docID": "N190 Pearse 2004",
    "et": "Dosage",
    "off": 14120,
    "sff": "0.09 mg"
  },
  {
    "docID": "N190 Pearse 2004",
    "et": "Dosage",
    "off": 14080,
    "sff": "2.57 mg"
  },
  {
    "docID": "N190 Pearse 2004",
    "et": "Dosage",
    "off": 23252,
    "sff": "9-MM"
  },
  {
    "docID": "N190 Pearse 2004",
    "et": "Dosage",
    "off": 24259,
    "sff": "9-mm"
  },
  {
    "docID": "N190 Pearse 2004",
    "et": "Dosage",
    "off": 30445,
    "sff": "5.3%"
  },
  {
    "docID": "N190 Pearse 2004",
    "et": "Dosage",
    "off": 12312,
    "sff": "1 mm"
  },
  {
    "docID": "N190 Pearse 2004",
    "et": "Dosage",
    "off": 9871,
    "sff": "1.75 mm"
  },
  {
    "docID": "N190 Pearse 2004",
    "et": "Dosage",
    "off": 1083,
    "sff": "9-mm"
  },
  {
    "docID": "N190 Pearse 2004",
    "et": "Right",
    "off": 10361,
    "sff": "right"
  },
  {
    "docID": "N190 Pearse 2004",
    "et": "Right",
    "off": 38479,
    "sff": "right"
  },
  {
    "docID": "N190 Pearse 2004",
    "et": "VeinLocation",
    "off": 10552,
    "sff": "vein"
  },
  {
    "docID": "N190 Pearse 2004",
    "et": "VeinLocation",
    "off": 10423,
    "sff": "vein"
  },
  {
    "docID": "N190 Pearse 2004",
    "et": "FemoralVeinLocation",
    "off": 10552,
    "sff": "vein"
  },
  {
    "docID": "N190 Pearse 2004",
    "et": "FemoralVeinLocation",
    "off": 10423,
    "sff": "vein"
  },
  {
    "docID": "N190 Pearse 2004",
    "et": "PBS",
    "off": 14711,
    "sff": "PBS"
  },
  {
    "docID": "N190 Pearse 2004",
    "et": "Vertebrae",
    "off": 13638,
    "sff": "vertebrae"
  },
  {
    "docID": "N190 Pearse 2004",
    "et": "Vertebrae",
    "off": 9493,
    "sff": "vertebrae"
  },
  {
    "docID": "N190 Pearse 2004",
    "et": "Duration",
    "off": 27583,
    "sff": "1Ð8 weeks"
  },
  {
    "docID": "N190 Pearse 2004",
    "et": "Duration",
    "off": 1136,
    "sff": "12 weeks"
  },
  {
    "docID": "N190 Pearse 2004",
    "et": "Duration",
    "off": 32086,
    "sff": "2D"
  },
  {
    "docID": "N190 Pearse 2004",
    "et": "Duration",
    "off": 36553,
    "sff": "5-6 weeks"
  },
  {
    "docID": "N190 Pearse 2004",
    "et": "Duration",
    "off": 27723,
    "sff": "1Ð8 weeks"
  },
  {
    "docID": "N190 Pearse 2004",
    "et": "Duration",
    "off": 14237,
    "sff": "0.1 M"
  },
  {
    "docID": "N190 Pearse 2004",
    "et": "Duration",
    "off": 12529,
    "sff": "3-minute"
  },
  {
    "docID": "N190 Pearse 2004",
    "et": "Duration",
    "off": 20347,
    "sff": "12 weeks"
  },
  {
    "docID": "N190 Pearse 2004",
    "et": "Duration",
    "off": 11168,
    "sff": "30 minutes"
  },
  {
    "docID": "N190 Pearse 2004",
    "et": "Duration",
    "off": 565,
    "sff": "5 min"
  },
  {
    "docID": "N190 Pearse 2004",
    "et": "Duration",
    "off": 36466,
    "sff": "2Ð3 weeks"
  },
  {
    "docID": "N190 Pearse 2004",
    "et": "Duration",
    "off": 13825,
    "sff": "3-minute"
  },
  {
    "docID": "N190 Pearse 2004",
    "et": "Duration",
    "off": 32370,
    "sff": "2D"
  },
  {
    "docID": "N190 Pearse 2004",
    "et": "Duration",
    "off": 11974,
    "sff": "8 weeks"
  },
  {
    "docID": "N190 Pearse 2004",
    "et": "Duration",
    "off": 12809,
    "sff": "9 weeks"
  },
  {
    "docID": "N190 Pearse 2004",
    "et": "Duration",
    "off": 14029,
    "sff": "12 weeks"
  },
  {
    "docID": "N190 Pearse 2004",
    "et": "Duration",
    "off": 25763,
    "sff": "11 weeks"
  },
  {
    "docID": "N190 Pearse 2004",
    "et": "Duration",
    "off": 14716,
    "sff": "0.1 M"
  },
  {
    "docID": "N190 Pearse 2004",
    "et": "Duration",
    "off": 13410,
    "sff": "10 weeks"
  },
  {
    "docID": "N190 Pearse 2004",
    "et": "Duration",
    "off": 41207,
    "sff": "15 minutes"
  },
  {
    "docID": "N190 Pearse 2004",
    "et": "Duration",
    "off": 21968,
    "sff": "1 m"
  },
  {
    "docID": "N190 Pearse 2004",
    "et": "Duration",
    "off": 6359,
    "sff": "1 week"
  },
  {
    "docID": "N190 Pearse 2004",
    "et": "Duration",
    "off": 21045,
    "sff": "8 weeks"
  },
  {
    "docID": "N190 Pearse 2004",
    "et": "Duration",
    "off": 36664,
    "sff": "8 weeks"
  },
  {
    "docID": "N190 Pearse 2004",
    "et": "Duration",
    "off": 37432,
    "sff": "8 weeks"
  },
  {
    "docID": "N190 Pearse 2004",
    "et": "Duration",
    "off": 49884,
    "sff": "1 week"
  },
  {
    "docID": "N190 Pearse 2004",
    "et": "Duration",
    "off": 21804,
    "sff": "8 weeks"
  },
  {
    "docID": "N190 Pearse 2004",
    "et": "Duration",
    "off": 28076,
    "sff": "8 weeks"
  },
  {
    "docID": "N190 Pearse 2004",
    "et": "Duration",
    "off": 576,
    "sff": "2 and 4 h"
  },
  {
    "docID": "N190 Pearse 2004",
    "et": "Duration",
    "off": 11280,
    "sff": "2 and 4 hours"
  },
  {
    "docID": "N190 Pearse 2004",
    "et": "Duration",
    "off": 10107,
    "sff": "6 days"
  },
  {
    "docID": "N190 Pearse 2004",
    "et": "Duration",
    "off": 30759,
    "sff": "1 week"
  },
  {
    "docID": "N190 Pearse 2004",
    "et": "Duration",
    "off": 21286,
    "sff": "8 weeks"
  },
  {
    "docID": "N190 Pearse 2004",
    "et": "Duration",
    "off": 11265,
    "sff": "5 minutes"
  },
  {
    "docID": "N190 Pearse 2004",
    "et": "Duration",
    "off": 39128,
    "sff": "8D"
  },
  {
    "docID": "N190 Pearse 2004",
    "et": "Duration",
    "off": 7812,
    "sff": "5 days"
  },
  {
    "docID": "N190 Pearse 2004",
    "et": "Duration",
    "off": 10157,
    "sff": "12 weeks"
  },
  {
    "docID": "N190 Pearse 2004",
    "et": "Duration",
    "off": 11318,
    "sff": "30 minutes"
  },
  {
    "docID": "N190 Pearse 2004",
    "et": "Duration",
    "off": 39699,
    "sff": "12 weeks"
  },
  {
    "docID": "N190 Pearse 2004",
    "et": "Duration",
    "off": 13904,
    "sff": "3 minutes"
  },
  {
    "docID": "N190 Pearse 2004",
    "et": "Duration",
    "off": 37904,
    "sff": "8 weeks"
  },
  {
    "docID": "N190 Pearse 2004",
    "et": "Duration",
    "off": 41225,
    "sff": "1 week"
  },
  {
    "docID": "N190 Pearse 2004",
    "et": "Duration",
    "off": 782,
    "sff": "1 week"
  },
  {
    "docID": "N190 Pearse 2004",
    "et": "Duration",
    "off": 39050,
    "sff": "8 weeks"
  },
  {
    "docID": "N190 Pearse 2004",
    "et": "Duration",
    "off": 10975,
    "sff": "2 and 4 hours"
  },
  {
    "docID": "N190 Pearse 2004",
    "et": "Duration",
    "off": 27108,
    "sff": "11 weeks"
  },
  {
    "docID": "N190 Pearse 2004",
    "et": "Duration",
    "off": 30885,
    "sff": "1 week"
  },
  {
    "docID": "N190 Pearse 2004",
    "et": "Duration",
    "off": 627,
    "sff": "30 min"
  },
  {
    "docID": "N190 Pearse 2004",
    "et": "Duration",
    "off": 12608,
    "sff": "3 minutes"
  },
  {
    "docID": "N190 Pearse 2004",
    "et": "Duration",
    "off": 10866,
    "sff": "5 minutes"
  },
  {
    "docID": "N190 Pearse 2004",
    "et": "PolyethyleneGlycolPEG",
    "off": 10431,
    "sff": "polyethylene"
  },
  {
    "docID": "N190 Pearse 2004",
    "et": "LesionAdjacentTissue",
    "off": 14353,
    "sff": "lesion"
  },
  {
    "docID": "N190 Pearse 2004",
    "et": "LesionAdjacentTissue",
    "off": 16059,
    "sff": "lesion"
  },
  {
    "docID": "N190 Pearse 2004",
    "et": "LesionAdjacentTissue",
    "off": 17770,
    "sff": "lesion"
  },
  {
    "docID": "N190 Pearse 2004",
    "et": "LesionAdjacentTissue",
    "off": 3717,
    "sff": "lesion"
  },
  {
    "docID": "N190 Pearse 2004",
    "et": "LesionAdjacentTissue",
    "off": 45766,
    "sff": "lesion"
  },
  {
    "docID": "N190 Pearse 2004",
    "et": "SevereInjury",
    "off": 4643,
    "sff": "severe"
  },
  {
    "docID": "N190 Pearse 2004",
    "et": "CentralNervousSystem",
    "off": 20302,
    "sff": "central"
  },
  {
    "docID": "N190 Pearse 2004",
    "et": "CentralNervousSystem",
    "off": 38494,
    "sff": "central"
  },
  {
    "docID": "N190 Pearse 2004",
    "et": "CentralNervousSystem",
    "off": 23775,
    "sff": "central"
  },
  {
    "docID": "N190 Pearse 2004",
    "et": "CentralNervousSystem",
    "off": 5287,
    "sff": "nervous"
  },
  {
    "docID": "N190 Pearse 2004",
    "et": "CentralNervousSystem",
    "off": 5287,
    "sff": "nervous system"
  },
  {
    "docID": "N190 Pearse 2004",
    "et": "CentralNervousSystem",
    "off": 22484,
    "sff": "central"
  },
  {
    "docID": "N190 Pearse 2004",
    "et": "CentralNervousSystem",
    "off": 22309,
    "sff": "central"
  },
  {
    "docID": "N190 Pearse 2004",
    "et": "CentralNervousSystem",
    "off": 22570,
    "sff": "central"
  },
  {
    "docID": "N190 Pearse 2004",
    "et": "CentralNervousSystem",
    "off": 28827,
    "sff": "central"
  },
  {
    "docID": "N190 Pearse 2004",
    "et": "ModerateInjury",
    "off": 39585,
    "sff": "moderate"
  },
  {
    "docID": "N190 Pearse 2004",
    "et": "ModerateInjury",
    "off": 6372,
    "sff": "moderate"
  },
  {
    "docID": "N190 Pearse 2004",
    "et": "Matrix",
    "off": 46329,
    "sff": "matrix"
  },
  {
    "docID": "N190 Pearse 2004",
    "et": "NuclearTransfection",
    "off": 8154,
    "sff": "nuclear"
  },
  {
    "docID": "N190 Pearse 2004",
    "et": "SpinalCentralPart",
    "off": 20302,
    "sff": "central"
  },
  {
    "docID": "N190 Pearse 2004",
    "et": "SpinalCentralPart",
    "off": 23775,
    "sff": "central"
  },
  {
    "docID": "N190 Pearse 2004",
    "et": "SpinalCentralPart",
    "off": 38494,
    "sff": "central"
  },
  {
    "docID": "N190 Pearse 2004",
    "et": "SpinalCentralPart",
    "off": 22570,
    "sff": "central"
  },
  {
    "docID": "N190 Pearse 2004",
    "et": "SpinalCentralPart",
    "off": 28827,
    "sff": "central"
  },
  {
    "docID": "N190 Pearse 2004",
    "et": "SpinalCentralPart",
    "off": 22484,
    "sff": "central"
  },
  {
    "docID": "N190 Pearse 2004",
    "et": "SpinalCentralPart",
    "off": 22309,
    "sff": "central"
  },
  {
    "docID": "N190 Pearse 2004",
    "et": "InjuryArea",
    "off": 13007,
    "sff": "area"
  },
  {
    "docID": "N190 Pearse 2004",
    "et": "InjuryArea",
    "off": 15889,
    "sff": "area"
  },
  {
    "docID": "N190 Pearse 2004",
    "et": "InjuryArea",
    "off": 33025,
    "sff": "area"
  },
  {
    "docID": "N190 Pearse 2004",
    "et": "InjuryArea",
    "off": 12293,
    "sff": "area"
  },
  {
    "docID": "N190 Pearse 2004",
    "et": "InjuryArea",
    "off": 36007,
    "sff": "area"
  },
  {
    "docID": "N190 Pearse 2004",
    "et": "MedicationDuringSurgery",
    "off": 44181,
    "sff": "during"
  },
  {
    "docID": "N190 Pearse 2004",
    "et": "MedicationDuringSurgery",
    "off": 45027,
    "sff": "during"
  },
  {
    "docID": "N190 Pearse 2004",
    "et": "MedicationDuringSurgery",
    "off": 9539,
    "sff": "during"
  },
  {
    "docID": "N190 Pearse 2004",
    "et": "MedicationDuringSurgery",
    "off": 14536,
    "sff": "during"
  },
  {
    "docID": "N190 Pearse 2004",
    "et": "MedicationDuringSurgery",
    "off": 41367,
    "sff": "during"
  },
  {
    "docID": "N190 Pearse 2004",
    "et": "MedicationDuringSurgery",
    "off": 8956,
    "sff": "During"
  },
  {
    "docID": "N190 Pearse 2004",
    "et": "MedicationDuringSurgery",
    "off": 8956,
    "sff": "During surgery"
  },
  {
    "docID": "N190 Pearse 2004",
    "et": "MedicationDuringSurgery",
    "off": 41995,
    "sff": "during"
  },
  {
    "docID": "N190 Pearse 2004",
    "et": "MedicationDuringSurgery",
    "off": 42912,
    "sff": "during"
  },
  {
    "docID": "N190 Pearse 2004",
    "et": "Ketamine",
    "off": 14088,
    "sff": "ketamine"
  },
  {
    "docID": "N190 Pearse 2004",
    "et": "Brain",
    "off": 44432,
    "sff": "brain"
  },
  {
    "docID": "N190 Pearse 2004",
    "et": "Brain",
    "off": 11924,
    "sff": "brain"
  },
  {
    "docID": "N190 Pearse 2004",
    "et": "Brain",
    "off": 18065,
    "sff": "brain"
  },
  {
    "docID": "N190 Pearse 2004",
    "et": "Laminectomy",
    "off": 9306,
    "sff": "laminectomy"
  },
  {
    "docID": "N190 Pearse 2004",
    "et": "Laminectomy",
    "off": 13618,
    "sff": "laminectomy"
  },
  {
    "docID": "N190 Pearse 2004",
    "et": "Laminectomy",
    "off": 13582,
    "sff": "laminectomy"
  },
  {
    "docID": "N190 Pearse 2004",
    "et": "AscendingFiberTract",
    "off": 6094,
    "sff": "ascending"
  },
  {
    "docID": "N190 Pearse 2004",
    "et": "AscendingFiberTract",
    "off": 1589,
    "sff": "fiber"
  },
  {
    "docID": "N190 Pearse 2004",
    "et": "AscendingFiberTract",
    "off": 7460,
    "sff": "fiber"
  },
  {
    "docID": "N190 Pearse 2004",
    "et": "AscendingFiberTract",
    "off": 34099,
    "sff": "fiber"
  },
  {
    "docID": "N190 Pearse 2004",
    "et": "AscendingFiberTract",
    "off": 22866,
    "sff": "fiber"
  },
  {
    "docID": "N190 Pearse 2004",
    "et": "AscendingFiberTract",
    "off": 33490,
    "sff": "fiber"
  },
  {
    "docID": "N190 Pearse 2004",
    "et": "AscendingFiberTract",
    "off": 35088,
    "sff": "fiber"
  },
  {
    "docID": "N190 Pearse 2004",
    "et": "AscendingFiberTract",
    "off": 1727,
    "sff": "fiber"
  },
  {
    "docID": "N190 Pearse 2004",
    "et": "AscendingFiberTract",
    "off": 19388,
    "sff": "fiber"
  },
  {
    "docID": "N190 Pearse 2004",
    "et": "AscendingFiberTract",
    "off": 7674,
    "sff": "fiber"
  },
  {
    "docID": "N190 Pearse 2004",
    "et": "AscendingFiberTract",
    "off": 33738,
    "sff": "fiber"
  },
  {
    "docID": "N190 Pearse 2004",
    "et": "SpinalWhiteMatter",
    "off": 24085,
    "sff": "white"
  },
  {
    "docID": "N190 Pearse 2004",
    "et": "SpinalWhiteMatter",
    "off": 29135,
    "sff": "white matter"
  },
  {
    "docID": "N190 Pearse 2004",
    "et": "SpinalWhiteMatter",
    "off": 31311,
    "sff": "white matter"
  },
  {
    "docID": "N190 Pearse 2004",
    "et": "SpinalWhiteMatter",
    "off": 32921,
    "sff": "white matter"
  },
  {
    "docID": "N190 Pearse 2004",
    "et": "SpinalWhiteMatter",
    "off": 24487,
    "sff": "white matter"
  },
  {
    "docID": "N190 Pearse 2004",
    "et": "SpinalWhiteMatter",
    "off": 33825,
    "sff": "white"
  },
  {
    "docID": "N190 Pearse 2004",
    "et": "MeasurementOfIncreasingTemperature",
    "off": 22163,
    "sff": "measurement"
  },
  {
    "docID": "N190 Pearse 2004",
    "et": "MeasurementOfIncreasingTemperature",
    "off": 39897,
    "sff": "increasing"
  },
  {
    "docID": "N190 Pearse 2004",
    "et": "MethylprednisoloneMP",
    "off": 114,
    "sff": "Methylprednisolone"
  },
  {
    "docID": "N190 Pearse 2004",
    "et": "MethylprednisoloneMP",
    "off": 3062,
    "sff": "Methylprednisolone"
  },
  {
    "docID": "N190 Pearse 2004",
    "et": "MethylprednisoloneMP",
    "off": 10198,
    "sff": "methylprednisolone"
  },
  {
    "docID": "N190 Pearse 2004",
    "et": "MethylprednisoloneMP",
    "off": 316,
    "sff": "Methylprednisolone"
  },
  {
    "docID": "N190 Pearse 2004",
    "et": "Antibody",
    "off": 18955,
    "sff": "antibody"
  },
  {
    "docID": "N190 Pearse 2004",
    "et": "Purification",
    "off": 7903,
    "sff": "purification"
  },
  {
    "docID": "N190 Pearse 2004",
    "et": "UmbilicalCordBloodStemCell",
    "off": 41752,
    "sff": "blood"
  },
  {
    "docID": "N190 Pearse 2004",
    "et": "ContusionType",
    "off": 36620,
    "sff": "contusion"
  },
  {
    "docID": "N190 Pearse 2004",
    "et": "ContusionType",
    "off": 4331,
    "sff": "contusion"
  },
  {
    "docID": "N190 Pearse 2004",
    "et": "ContusionType",
    "off": 9656,
    "sff": "contusion"
  },
  {
    "docID": "N190 Pearse 2004",
    "et": "ContusionType",
    "off": 9056,
    "sff": "Contusion"
  },
  {
    "docID": "N190 Pearse 2004",
    "et": "ContusionType",
    "off": 9074,
    "sff": "Contusion"
  },
  {
    "docID": "N190 Pearse 2004",
    "et": "ContusionType",
    "off": 10788,
    "sff": "contusion"
  },
  {
    "docID": "N190 Pearse 2004",
    "et": "CompoundSupplier",
    "off": 4405,
    "sff": "compound"
  },
  {
    "docID": "N190 Pearse 2004",
    "et": "Protein",
    "off": 18894,
    "sff": "protein"
  },
  {
    "docID": "N190 Pearse 2004",
    "et": "TailVeinLocation",
    "off": 10423,
    "sff": "vein"
  },
  {
    "docID": "N190 Pearse 2004",
    "et": "TailVeinLocation",
    "off": 10552,
    "sff": "vein"
  },
  {
    "docID": "N190 Pearse 2004",
    "et": "TailVeinLocation",
    "off": 37262,
    "sff": "tail"
  },
  {
    "docID": "N190 Pearse 2004",
    "et": "TailVeinLocation",
    "off": 47434,
    "sff": "tail"
  },
  {
    "docID": "N190 Pearse 2004",
    "et": "GlialCell",
    "off": 5258,
    "sff": "glial cell"
  },
  {
    "docID": "N190 Pearse 2004",
    "et": "GlialCell",
    "off": 42562,
    "sff": "glial cell"
  },
  {
    "docID": "N190 Pearse 2004",
    "et": "GlialCell",
    "off": 5600,
    "sff": "glial cell"
  },
  {
    "docID": "N190 Pearse 2004",
    "et": "ImmuneCell",
    "off": 29597,
    "sff": "immune"
  },
  {
    "docID": "N190 Pearse 2004",
    "et": "ImmuneCell",
    "off": 3693,
    "sff": "immune"
  },
  {
    "docID": "N190 Pearse 2004",
    "et": "ImmuneCell",
    "off": 29003,
    "sff": "immune"
  },
  {
    "docID": "N190 Pearse 2004",
    "et": "ImmuneCell",
    "off": 16274,
    "sff": "immune"
  },
  {
    "docID": "N190 Pearse 2004",
    "et": "SpinalGrayMatter",
    "off": 24478,
    "sff": "gray"
  },
  {
    "docID": "N190 Pearse 2004",
    "et": "SpinalGrayMatter",
    "off": 33835,
    "sff": "gray matter"
  },
  {
    "docID": "N190 Pearse 2004",
    "et": "SpinalGrayMatter",
    "off": 47129,
    "sff": "gray matter"
  },
  {
    "docID": "N190 Pearse 2004",
    "et": "CephalicVeinLocation",
    "off": 10423,
    "sff": "vein"
  },
  {
    "docID": "N190 Pearse 2004",
    "et": "CephalicVeinLocation",
    "off": 10552,
    "sff": "vein"
  },
  {
    "docID": "N190 Pearse 2004",
    "et": "CompressionType",
    "off": 9817,
    "sff": "compression"
  },
  {
    "docID": "N190 Pearse 2004",
    "et": "CompressionType",
    "off": 9694,
    "sff": "compression"
  },
  {
    "docID": "N190 Pearse 2004",
    "et": "PostSurgeryCondition",
    "off": 8963,
    "sff": "surgery"
  },
  {
    "docID": "N190 Pearse 2004",
    "et": "RatSpecies",
    "off": 31591,
    "sff": "rat"
  },
  {
    "docID": "N190 Pearse 2004",
    "et": "RatSpecies",
    "off": 19905,
    "sff": "rat"
  },
  {
    "docID": "N190 Pearse 2004",
    "et": "RatSpecies",
    "off": 6275,
    "sff": "rat"
  },
  {
    "docID": "N190 Pearse 2004",
    "et": "RatSpecies",
    "off": 764,
    "sff": "rat"
  },
  {
    "docID": "N190 Pearse 2004",
    "et": "RatSpecies",
    "off": 30429,
    "sff": "rat"
  },
  {
    "docID": "N190 Pearse 2004",
    "et": "RatSpecies",
    "off": 39611,
    "sff": "rat"
  },
  {
    "docID": "N190 Pearse 2004",
    "et": "RatSpecies",
    "off": 29976,
    "sff": "rat"
  },
  {
    "docID": "N190 Pearse 2004",
    "et": "RatSpecies",
    "off": 17874,
    "sff": "rat"
  },
  {
    "docID": "N190 Pearse 2004",
    "et": "RatSpecies",
    "off": 16397,
    "sff": "rat"
  },
  {
    "docID": "N190 Pearse 2004",
    "et": "RatSpecies",
    "off": 18061,
    "sff": "rat"
  },
  {
    "docID": "N190 Pearse 2004",
    "et": "RatSpecies",
    "off": 45900,
    "sff": "rat"
  },
  {
    "docID": "N190 Pearse 2004",
    "et": "RatSpecies",
    "off": 3625,
    "sff": "rat"
  },
  {
    "docID": "N190 Pearse 2004",
    "et": "RatSpecies",
    "off": 48200,
    "sff": "rat"
  },
  {
    "docID": "N190 Pearse 2004",
    "et": "InjuryIntensity",
    "off": 27052,
    "sff": "intensity"
  },
  {
    "docID": "N190 Pearse 2004",
    "et": "InjuryIntensity",
    "off": 14891,
    "sff": "intensity"
  },
  {
    "docID": "N190 Pearse 2004",
    "et": "InjuryIntensity",
    "off": 20043,
    "sff": "intensity"
  },
  {
    "docID": "N190 Pearse 2004",
    "et": "InjuryIntensity",
    "off": 20747,
    "sff": "intensity"
  },
  {
    "docID": "N190 Pearse 2004",
    "et": "InjuryIntensity",
    "off": 36139,
    "sff": "intensity"
  },
  {
    "docID": "N190 Pearse 2004",
    "et": "InjuryIntensity",
    "off": 35287,
    "sff": "intensity"
  },
  {
    "docID": "N190 Pearse 2004",
    "et": "InjuryIntensity",
    "off": 27033,
    "sff": "intensity"
  },
  {
    "docID": "N190 Pearse 2004",
    "et": "InjuryIntensity",
    "off": 35364,
    "sff": "intensity"
  },
  {
    "docID": "N190 Pearse 2004",
    "et": "InjuryIntensity",
    "off": 36308,
    "sff": "intensity"
  },
  {
    "docID": "N190 Pearse 2004",
    "et": "InjuryIntensity",
    "off": 20626,
    "sff": "intensity"
  },
  {
    "docID": "N190 Pearse 2004",
    "et": "InjuryIntensity",
    "off": 35633,
    "sff": "intensity"
  },
  {
    "docID": "N190 Pearse 2004",
    "et": "Direction",
    "off": 22023,
    "sff": "direction"
  },
  {
    "docID": "N190 Pearse 2004",
    "et": "Direction",
    "off": 22520,
    "sff": "direction"
  },
  {
    "docID": "N190 Pearse 2004",
    "et": "SodiumPentobarbital",
    "off": 10264,
    "sff": "sodium"
  },
  {
    "docID": "N190 Pearse 2004",
    "et": "Caudal",
    "off": 34126,
    "sff": "caudal"
  },
  {
    "docID": "N190 Pearse 2004",
    "et": "Caudal",
    "off": 26896,
    "sff": "caudal"
  },
  {
    "docID": "N190 Pearse 2004",
    "et": "Caudal",
    "off": 25137,
    "sff": "caudal"
  },
  {
    "docID": "N190 Pearse 2004",
    "et": "Caudal",
    "off": 25585,
    "sff": "caudal"
  },
  {
    "docID": "N190 Pearse 2004",
    "et": "Caudal",
    "off": 19602,
    "sff": "caudal"
  },
  {
    "docID": "N190 Pearse 2004",
    "et": "Caudal",
    "off": 6119,
    "sff": "caudal"
  },
  {
    "docID": "N190 Pearse 2004",
    "et": "Caudal",
    "off": 13575,
    "sff": "caudal"
  },
  {
    "docID": "N190 Pearse 2004",
    "et": "Caudal",
    "off": 20774,
    "sff": "caudal"
  },
  {
    "docID": "N190 Pearse 2004",
    "et": "Caudal",
    "off": 17735,
    "sff": "caudal"
  },
  {
    "docID": "N190 Pearse 2004",
    "et": "Caudal",
    "off": 33543,
    "sff": "caudal"
  },
  {
    "docID": "N190 Pearse 2004",
    "et": "Caudal",
    "off": 35656,
    "sff": "caudal"
  },
  {
    "docID": "N190 Pearse 2004",
    "et": "Caudal",
    "off": 44351,
    "sff": "caudal"
  },
  {
    "docID": "N190 Pearse 2004",
    "et": "Caudal",
    "off": 13561,
    "sff": "caudal"
  },
  {
    "docID": "N190 Pearse 2004",
    "et": "Caudal",
    "off": 35394,
    "sff": "caudal"
  },
  {
    "docID": "N190 Pearse 2004",
    "et": "Caudal",
    "off": 1655,
    "sff": "caudal"
  },
  {
    "docID": "N190 Pearse 2004",
    "et": "Caudal",
    "off": 20183,
    "sff": "caudal"
  },
  {
    "docID": "N190 Pearse 2004",
    "et": "Caudal",
    "off": 46135,
    "sff": "caudal"
  },
  {
    "docID": "N190 Pearse 2004",
    "et": "Caudal",
    "off": 34264,
    "sff": "caudal"
  },
  {
    "docID": "N190 Pearse 2004",
    "et": "Caudal",
    "off": 36345,
    "sff": "caudal"
  },
  {
    "docID": "N190 Pearse 2004",
    "et": "Caudal",
    "off": 36186,
    "sff": "caudal"
  },
  {
    "docID": "N190 Pearse 2004",
    "et": "Caudal",
    "off": 18363,
    "sff": "caudal"
  },
  {
    "docID": "N190 Pearse 2004",
    "et": "Caudal",
    "off": 26076,
    "sff": "caudal"
  },
  {
    "docID": "N190 Pearse 2004",
    "et": "Caudal",
    "off": 35228,
    "sff": "caudal"
  },
  {
    "docID": "N190 Pearse 2004",
    "et": "SchwannCell",
    "off": 5225,
    "sff": "Schwann cell"
  },
  {
    "docID": "N190 Pearse 2004",
    "et": "SchwannCell",
    "off": 674,
    "sff": "Schwann cell"
  },
  {
    "docID": "N190 Pearse 2004",
    "et": "SchwannCell",
    "off": 20,
    "sff": "Schwann"
  },
  {
    "docID": "N190 Pearse 2004",
    "et": "SchwannCell",
    "off": 6516,
    "sff": "Schwann"
  },
  {
    "docID": "N190 Pearse 2004",
    "et": "NewZealandRabbit",
    "off": 6901,
    "sff": "new"
  },
  {
    "docID": "N190 Pearse 2004",
    "et": "NewZealandRabbit",
    "off": 7242,
    "sff": "new"
  },
  {
    "docID": "N190 Pearse 2004",
    "et": "NewZealandRabbit",
    "off": 9142,
    "sff": "New"
  },
  {
    "docID": "N190 Pearse 2004",
    "et": "SigmaAldrich",
    "off": 13524,
    "sff": "Sigma"
  },
  {
    "docID": "N190 Pearse 2004",
    "et": "T11",
    "off": 13656,
    "sff": "T11"
  },
  {
    "docID": "N190 Pearse 2004",
    "et": "T10",
    "off": 13648,
    "sff": "T10"
  },
  {
    "docID": "N190 Pearse 2004",
    "et": "T12",
    "off": 9513,
    "sff": "T12"
  },
  {
    "docID": "N190 Pearse 2004",
    "et": "Thoracic",
    "off": 768,
    "sff": "thoracic"
  },
  {
    "docID": "N190 Pearse 2004",
    "et": "Thoracic",
    "off": 14286,
    "sff": "thoracic"
  },
  {
    "docID": "N190 Pearse 2004",
    "et": "Thoracic",
    "off": 39615,
    "sff": "thoracic"
  },
  {
    "docID": "N190 Pearse 2004",
    "et": "Thoracic",
    "off": 9331,
    "sff": "thoracic"
  },
  {
    "docID": "N190 Pearse 2004",
    "et": "Thoracic",
    "off": 9239,
    "sff": "thoracic"
  },
  {
    "docID": "N190 Pearse 2004",
    "et": "Compression",
    "off": 9694,
    "sff": "compression"
  },
  {
    "docID": "N190 Pearse 2004",
    "et": "Compression",
    "off": 9817,
    "sff": "compression"
  },
  {
    "docID": "N190 Pearse 2004",
    "et": "StemCellSourceType",
    "off": 42568,
    "sff": "cell"
  },
  {
    "docID": "N190 Pearse 2004",
    "et": "StemCellSourceType",
    "off": 41418,
    "sff": "cell"
  },
  {
    "docID": "N190 Pearse 2004",
    "et": "StemCellSourceType",
    "off": 5628,
    "sff": "cell"
  },
  {
    "docID": "N190 Pearse 2004",
    "et": "StemCellSourceType",
    "off": 23823,
    "sff": "cell"
  },
  {
    "docID": "N190 Pearse 2004",
    "et": "StemCellSourceType",
    "off": 50193,
    "sff": "cell"
  },
  {
    "docID": "N190 Pearse 2004",
    "et": "StemCellSourceType",
    "off": 43539,
    "sff": "cell"
  },
  {
    "docID": "N190 Pearse 2004",
    "et": "StemCellSourceType",
    "off": 5264,
    "sff": "cell"
  },
  {
    "docID": "N190 Pearse 2004",
    "et": "StemCellSourceType",
    "off": 5193,
    "sff": "cell type"
  },
  {
    "docID": "N190 Pearse 2004",
    "et": "StemCellSourceType",
    "off": 2316,
    "sff": "cell"
  },
  {
    "docID": "N190 Pearse 2004",
    "et": "StemCellSourceType",
    "off": 50619,
    "sff": "cell"
  },
  {
    "docID": "N190 Pearse 2004",
    "et": "StemCellSourceType",
    "off": 44092,
    "sff": "cell"
  },
  {
    "docID": "N190 Pearse 2004",
    "et": "StemCellSourceType",
    "off": 5193,
    "sff": "cell"
  },
  {
    "docID": "N190 Pearse 2004",
    "et": "StemCellSourceType",
    "off": 1480,
    "sff": "cell"
  },
  {
    "docID": "N190 Pearse 2004",
    "et": "StemCellSourceType",
    "off": 2056,
    "sff": "cell"
  },
  {
    "docID": "N190 Pearse 2004",
    "et": "StemCellSourceType",
    "off": 39747,
    "sff": "cell"
  },
  {
    "docID": "N190 Pearse 2004",
    "et": "StemCellSourceType",
    "off": 27364,
    "sff": "cell"
  },
  {
    "docID": "N190 Pearse 2004",
    "et": "StemCellSourceType",
    "off": 48806,
    "sff": "cell"
  },
  {
    "docID": "N190 Pearse 2004",
    "et": "StemCellSourceType",
    "off": 5628,
    "sff": "cell type"
  },
  {
    "docID": "N190 Pearse 2004",
    "et": "StemCellSourceType",
    "off": 43305,
    "sff": "cell"
  },
  {
    "docID": "N190 Pearse 2004",
    "et": "StemCellSourceType",
    "off": 50414,
    "sff": "cell"
  },
  {
    "docID": "N190 Pearse 2004",
    "et": "StemCellSourceType",
    "off": 4949,
    "sff": "cell"
  },
  {
    "docID": "N190 Pearse 2004",
    "et": "StemCellSourceType",
    "off": 24853,
    "sff": "cell"
  },
  {
    "docID": "N190 Pearse 2004",
    "et": "StemCellSourceType",
    "off": 50837,
    "sff": "cell"
  },
  {
    "docID": "N190 Pearse 2004",
    "et": "StemCellSourceType",
    "off": 5233,
    "sff": "cell"
  },
  {
    "docID": "N190 Pearse 2004",
    "et": "StemCellSourceType",
    "off": 45846,
    "sff": "cell"
  },
  {
    "docID": "N190 Pearse 2004",
    "et": "StemCellSourceType",
    "off": 41112,
    "sff": "cell"
  },
  {
    "docID": "N190 Pearse 2004",
    "et": "StemCellSourceType",
    "off": 49818,
    "sff": "cell"
  },
  {
    "docID": "N190 Pearse 2004",
    "et": "StemCellSourceType",
    "off": 23387,
    "sff": "cell"
  },
  {
    "docID": "N190 Pearse 2004",
    "et": "StemCellSourceType",
    "off": 40476,
    "sff": "cell"
  },
  {
    "docID": "N190 Pearse 2004",
    "et": "StemCellSourceType",
    "off": 682,
    "sff": "cell"
  },
  {
    "docID": "N190 Pearse 2004",
    "et": "StemCellSourceType",
    "off": 45216,
    "sff": "cell"
  },
  {
    "docID": "N190 Pearse 2004",
    "et": "StemCellSourceType",
    "off": 5606,
    "sff": "cell"
  },
  {
    "docID": "N190 Pearse 2004",
    "et": "InVitroExperimentalProcedure",
    "off": 20985,
    "sff": "experimental"
  },
  {
    "docID": "N190 Pearse 2004",
    "et": "InVitroExperimentalProcedure",
    "off": 11370,
    "sff": "experimental"
  },
  {
    "docID": "N190 Pearse 2004",
    "et": "InVitroExperimentalProcedure",
    "off": 3340,
    "sff": "experimental"
  },
  {
    "docID": "N190 Pearse 2004",
    "et": "MeasurementOfDecreasingTemperature",
    "off": 22163,
    "sff": "measurement"
  },
  {
    "docID": "N190 Pearse 2004",
    "et": "VentralInjuryArea",
    "off": 10367,
    "sff": "ventral"
  },
  {
    "docID": "N190 Pearse 2004",
    "et": "FischerRat",
    "off": 7510,
    "sff": "Fischer"
  },
  {
    "docID": "N190 Pearse 2004",
    "et": "FischerRat",
    "off": 8224,
    "sff": "Fischer"
  },
  {
    "docID": "N190 Pearse 2004",
    "et": "FischerRat",
    "off": 48287,
    "sff": "Fischer"
  },
  {
    "docID": "N190 Pearse 2004",
    "et": "FischerRat",
    "off": 48141,
    "sff": "Fischer"
  },
  {
    "docID": "N190 Pearse 2004",
    "et": "FischerRat",
    "off": 6585,
    "sff": "Fischer"
  },
  {
    "docID": "N190 Pearse 2004",
    "et": "AllenWeightDropDevice",
    "off": 14155,
    "sff": "weight"
  },
  {
    "docID": "N190 Pearse 2004",
    "et": "AllenWeightDropDevice",
    "off": 8869,
    "sff": "weight"
  },
  {
    "docID": "N190 Pearse 2004",
    "et": "AllenWeightDropDevice",
    "off": 9110,
    "sff": "weight"
  },
  {
    "docID": "N190 Pearse 2004",
    "et": "AllenWeightDropDevice",
    "off": 10817,
    "sff": "weight"
  },
  {
    "docID": "N190 Pearse 2004",
    "et": "AllenWeightDropDevice",
    "off": 9110,
    "sff": "weight drop device"
  },
  {
    "docID": "N190 Pearse 2004",
    "et": "LongEvansRat",
    "off": 26908,
    "sff": "long"
  },
  {
    "docID": "N190 Pearse 2004",
    "et": "Cell",
    "off": 50619,
    "sff": "cell"
  },
  {
    "docID": "N190 Pearse 2004",
    "et": "Cell",
    "off": 5628,
    "sff": "cell"
  },
  {
    "docID": "N190 Pearse 2004",
    "et": "Cell",
    "off": 44092,
    "sff": "cell"
  },
  {
    "docID": "N190 Pearse 2004",
    "et": "Cell",
    "off": 39747,
    "sff": "cell"
  },
  {
    "docID": "N190 Pearse 2004",
    "et": "Cell",
    "off": 1480,
    "sff": "cell"
  },
  {
    "docID": "N190 Pearse 2004",
    "et": "Cell",
    "off": 2056,
    "sff": "cell"
  },
  {
    "docID": "N190 Pearse 2004",
    "et": "Cell",
    "off": 42568,
    "sff": "cell"
  },
  {
    "docID": "N190 Pearse 2004",
    "et": "Cell",
    "off": 5193,
    "sff": "cell"
  },
  {
    "docID": "N190 Pearse 2004",
    "et": "Cell",
    "off": 41418,
    "sff": "cell"
  },
  {
    "docID": "N190 Pearse 2004",
    "et": "Cell",
    "off": 2316,
    "sff": "cell"
  },
  {
    "docID": "N190 Pearse 2004",
    "et": "Cell",
    "off": 23823,
    "sff": "cell"
  },
  {
    "docID": "N190 Pearse 2004",
    "et": "Cell",
    "off": 5264,
    "sff": "cell"
  },
  {
    "docID": "N190 Pearse 2004",
    "et": "Cell",
    "off": 50193,
    "sff": "cell"
  },
  {
    "docID": "N190 Pearse 2004",
    "et": "Cell",
    "off": 43539,
    "sff": "cell"
  },
  {
    "docID": "N190 Pearse 2004",
    "et": "Cell",
    "off": 4949,
    "sff": "cell"
  },
  {
    "docID": "N190 Pearse 2004",
    "et": "Cell",
    "off": 24853,
    "sff": "cell"
  },
  {
    "docID": "N190 Pearse 2004",
    "et": "Cell",
    "off": 50837,
    "sff": "cell"
  },
  {
    "docID": "N190 Pearse 2004",
    "et": "Cell",
    "off": 45846,
    "sff": "cell"
  },
  {
    "docID": "N190 Pearse 2004",
    "et": "Cell",
    "off": 41112,
    "sff": "cell"
  },
  {
    "docID": "N190 Pearse 2004",
    "et": "Cell",
    "off": 49818,
    "sff": "cell"
  },
  {
    "docID": "N190 Pearse 2004",
    "et": "Cell",
    "off": 23387,
    "sff": "cell"
  },
  {
    "docID": "N190 Pearse 2004",
    "et": "Cell",
    "off": 40476,
    "sff": "cell"
  },
  {
    "docID": "N190 Pearse 2004",
    "et": "Cell",
    "off": 45216,
    "sff": "cell"
  },
  {
    "docID": "N190 Pearse 2004",
    "et": "Cell",
    "off": 27364,
    "sff": "cell"
  },
  {
    "docID": "N190 Pearse 2004",
    "et": "Cell",
    "off": 5606,
    "sff": "cell"
  },
  {
    "docID": "N190 Pearse 2004",
    "et": "Cell",
    "off": 48806,
    "sff": "cell"
  },
  {
    "docID": "N190 Pearse 2004",
    "et": "Cell",
    "off": 43305,
    "sff": "cell"
  },
  {
    "docID": "N190 Pearse 2004",
    "et": "Cell",
    "off": 682,
    "sff": "cell"
  },
  {
    "docID": "N190 Pearse 2004",
    "et": "Cell",
    "off": 50414,
    "sff": "cell"
  },
  {
    "docID": "N190 Pearse 2004",
    "et": "Cell",
    "off": 5233,
    "sff": "cell"
  },
  {
    "docID": "N190 Pearse 2004",
    "et": "SpinalDorsalHalf",
    "off": 10717,
    "sff": "dorsal"
  },
  {
    "docID": "N190 Pearse 2004",
    "et": "SpinalDorsalHalf",
    "off": 9364,
    "sff": "dorsal"
  },
  {
    "docID": "N190 Pearse 2004",
    "et": "Compound",
    "off": 4405,
    "sff": "compound"
  },
  {
    "docID": "N190 Pearse 2004",
    "et": "NitrousOxide",
    "off": 8493,
    "sff": "nitrous oxide"
  },
  {
    "docID": "N190 Pearse 2004",
    "et": "Cervical",
    "off": 45757,
    "sff": "cervical"
  },
  {
    "docID": "N190 Pearse 2004",
    "et": "HematoxyLinEosin",
    "off": 23675,
    "sff": "Hematoxylin"
  },
  {
    "docID": "N190 Pearse 2004",
    "et": "CompleteTransectionType",
    "off": 6028,
    "sff": "complete transection"
  },
  {
    "docID": "N190 Pearse 2004",
    "et": "CompleteTransectionType",
    "off": 14344,
    "sff": "complete"
  },
  {
    "docID": "N190 Pearse 2004",
    "et": "CompleteTransectionType",
    "off": 5880,
    "sff": "complete transection"
  },
  {
    "docID": "N190 Pearse 2004",
    "et": "CompleteTransectionType",
    "off": 19837,
    "sff": "complete"
  },
  {
    "docID": "N190 Pearse 2004",
    "et": "CompleteTransectionType",
    "off": 17823,
    "sff": "complete"
  },
  {
    "docID": "N190 Pearse 2004",
    "et": "CompleteTransectionType",
    "off": 49950,
    "sff": "transection"
  },
  {
    "docID": "N190 Pearse 2004",
    "et": "Water",
    "off": 10028,
    "sff": "water"
  },
  {
    "docID": "N190 Pearse 2004",
    "et": "ExperimentalProcedure",
    "off": 20985,
    "sff": "experimental"
  },
  {
    "docID": "N190 Pearse 2004",
    "et": "ExperimentalProcedure",
    "off": 11370,
    "sff": "experimental"
  },
  {
    "docID": "N190 Pearse 2004",
    "et": "ExperimentalProcedure",
    "off": 3340,
    "sff": "experimental"
  },
  {
    "docID": "N190 Pearse 2004",
    "et": "BodyTemperatureMeasurement",
    "off": 10812,
    "sff": "body"
  },
  {
    "docID": "N190 Pearse 2004",
    "et": "BodyTemperatureMeasurement",
    "off": 9024,
    "sff": "body temperature"
  },
  {
    "docID": "N190 Pearse 2004",
    "et": "BodyTemperatureMeasurement",
    "off": 10681,
    "sff": "body"
  },
  {
    "docID": "N190 Pearse 2004",
    "et": "BodyTemperatureMeasurement",
    "off": 14150,
    "sff": "body"
  },
  {
    "docID": "N190 Pearse 2004",
    "et": "BodyTemperatureMeasurement",
    "off": 8864,
    "sff": "body"
  },
  {
    "docID": "N190 Pearse 2004",
    "et": "PartialTransectionType",
    "off": 49950,
    "sff": "transection"
  },
  {
    "docID": "N190 Pearse 2004",
    "et": "PartialTransectionType",
    "off": 6037,
    "sff": "transection"
  },
  {
    "docID": "N190 Pearse 2004",
    "et": "PartialTransectionType",
    "off": 5889,
    "sff": "transection"
  },
  {
    "docID": "N190 Pearse 2004",
    "et": "CorticospinalTract",
    "off": 32735,
    "sff": "corticospinal"
  },
  {
    "docID": "N190 Pearse 2004",
    "et": "CorticospinalTract",
    "off": 33144,
    "sff": "corticospinal"
  },
  {
    "docID": "N190 Pearse 2004",
    "et": "CorticospinalTract",
    "off": 32969,
    "sff": "corticospinal"
  },
  {
    "docID": "N190 Pearse 2004",
    "et": "CorticospinalTract",
    "off": 26035,
    "sff": "corticospinal"
  },
  {
    "docID": "N190 Pearse 2004",
    "et": "CorticospinalTract",
    "off": 45715,
    "sff": "corticospinal tract"
  },
  {
    "docID": "N190 Pearse 2004",
    "et": "BrainDerivedNeurotrophicFactor",
    "off": 11924,
    "sff": "brain"
  },
  {
    "docID": "N190 Pearse 2004",
    "et": "BrainDerivedNeurotrophicFactor",
    "off": 42430,
    "sff": "brainderived"
  },
  {
    "docID": "N190 Pearse 2004",
    "et": "BrainDerivedNeurotrophicFactor",
    "off": 44432,
    "sff": "brain"
  },
  {
    "docID": "N190 Pearse 2004",
    "et": "BrainDerivedNeurotrophicFactor",
    "off": 18065,
    "sff": "brain"
  },
  {
    "docID": "N190 Pearse 2004",
    "et": "BrainDerivedNeurotrophicFactor",
    "off": 42430,
    "sff": "brainderived neurotrophic factor"
  },
  {
    "docID": "N190 Pearse 2004",
    "et": "VentralHemisection",
    "off": 10367,
    "sff": "ventral"
  },
  {
    "docID": "N190 Pearse 2004",
    "et": "CompleteInjuryArea",
    "off": 5880,
    "sff": "complete"
  },
  {
    "docID": "N190 Pearse 2004",
    "et": "CompleteInjuryArea",
    "off": 14344,
    "sff": "complete"
  },
  {
    "docID": "N190 Pearse 2004",
    "et": "CompleteInjuryArea",
    "off": 19837,
    "sff": "complete"
  },
  {
    "docID": "N190 Pearse 2004",
    "et": "CompleteInjuryArea",
    "off": 6028,
    "sff": "complete"
  },
  {
    "docID": "N190 Pearse 2004",
    "et": "CompleteInjuryArea",
    "off": 17823,
    "sff": "complete"
  }
]
