[
  {
    "docID": "N199 Ruitenberg 2005",
    "et": "BrainNucleus",
    "off": 53985,
    "sff": "brain"
  },
  {
    "docID": "N199 Ruitenberg 2005",
    "et": "BrainNucleus",
    "off": 18669,
    "sff": "brain"
  },
  {
    "docID": "N199 Ruitenberg 2005",
    "et": "CompleteTransection",
    "off": 20033,
    "sff": "complete"
  },
  {
    "docID": "N199 Ruitenberg 2005",
    "et": "RecombinantEPORhEpo",
    "off": 46289,
    "sff": "recombinant"
  },
  {
    "docID": "N199 Ruitenberg 2005",
    "et": "RecombinantEPORhEpo",
    "off": 468,
    "sff": "recombinant"
  },
  {
    "docID": "N199 Ruitenberg 2005",
    "et": "RecombinantEPORhEpo",
    "off": 34151,
    "sff": "recombinant"
  },
  {
    "docID": "N199 Ruitenberg 2005",
    "et": "RecombinantEPORhEpo",
    "off": 11387,
    "sff": "recombinant"
  },
  {
    "docID": "N199 Ruitenberg 2005",
    "et": "RecombinantEPORhEpo",
    "off": 12457,
    "sff": "recombinant"
  },
  {
    "docID": "N199 Ruitenberg 2005",
    "et": "RecombinantEPORhEpo",
    "off": 7486,
    "sff": "recombinant"
  },
  {
    "docID": "N199 Ruitenberg 2005",
    "et": "RecombinantEPORhEpo",
    "off": 46686,
    "sff": "recombinant"
  },
  {
    "docID": "N199 Ruitenberg 2005",
    "et": "RecombinantEPORhEpo",
    "off": 34013,
    "sff": "recombinant"
  },
  {
    "docID": "N199 Ruitenberg 2005",
    "et": "SubcutaneousLocation",
    "off": 15077,
    "sff": "subcutaneous"
  },
  {
    "docID": "N199 Ruitenberg 2005",
    "et": "Virus",
    "off": 7498,
    "sff": "virus"
  },
  {
    "docID": "N199 Ruitenberg 2005",
    "et": "Virus",
    "off": 8925,
    "sff": "virus"
  },
  {
    "docID": "N199 Ruitenberg 2005",
    "et": "OlfactoryEnsheathingGliaCell",
    "off": 33,
    "sff": "olfactory ensheathing glia"
  },
  {
    "docID": "N199 Ruitenberg 2005",
    "et": "OlfactoryEnsheathingGliaCell",
    "off": 2368,
    "sff": "olfactoryensheathing"
  },
  {
    "docID": "N199 Ruitenberg 2005",
    "et": "OlfactoryEnsheathingGliaCell",
    "off": 33328,
    "sff": "olfactory"
  },
  {
    "docID": "N199 Ruitenberg 2005",
    "et": "OlfactoryEnsheathingGliaCell",
    "off": 6545,
    "sff": "olfactory"
  },
  {
    "docID": "N199 Ruitenberg 2005",
    "et": "OlfactoryEnsheathingGliaCell",
    "off": 10421,
    "sff": "olfactory"
  },
  {
    "docID": "N199 Ruitenberg 2005",
    "et": "OlfactoryEnsheathingGliaCell",
    "off": 46230,
    "sff": "olfactory"
  },
  {
    "docID": "N199 Ruitenberg 2005",
    "et": "OlfactoryEnsheathingGliaCell",
    "off": 33,
    "sff": "olfactory ensheathing"
  },
  {
    "docID": "N199 Ruitenberg 2005",
    "et": "OlfactoryEnsheathingGliaCell",
    "off": 374,
    "sff": "olfactory ensheathing"
  },
  {
    "docID": "N199 Ruitenberg 2005",
    "et": "OlfactoryEnsheathingGliaCell",
    "off": 2475,
    "sff": "olfactory"
  },
  {
    "docID": "N199 Ruitenberg 2005",
    "et": "OlfactoryEnsheathingGliaCell",
    "off": 6475,
    "sff": "olfactory"
  },
  {
    "docID": "N199 Ruitenberg 2005",
    "et": "OlfactoryEnsheathingGliaCell",
    "off": 2368,
    "sff": "olfactoryensheathing glia"
  },
  {
    "docID": "N199 Ruitenberg 2005",
    "et": "OlfactoryEnsheathingGliaCell",
    "off": 374,
    "sff": "olfactory ensheathing glia"
  },
  {
    "docID": "N199 Ruitenberg 2005",
    "et": "OlfactoryEnsheathingGliaCell",
    "off": 2446,
    "sff": "olfactory"
  },
  {
    "docID": "N199 Ruitenberg 2005",
    "et": "OlfactoryEnsheathingGliaCell",
    "off": 40589,
    "sff": "olfactory"
  },
  {
    "docID": "N199 Ruitenberg 2005",
    "et": "OlfactoryEnsheathingGliaCell",
    "off": 6336,
    "sff": "olfactory"
  },
  {
    "docID": "N199 Ruitenberg 2005",
    "et": "DorsalInjuryArea",
    "off": 14119,
    "sff": "dorsal"
  },
  {
    "docID": "N199 Ruitenberg 2005",
    "et": "DorsalInjuryArea",
    "off": 42297,
    "sff": "dorsal"
  },
  {
    "docID": "N199 Ruitenberg 2005",
    "et": "DorsalInjuryArea",
    "off": 17113,
    "sff": "dorsal"
  },
  {
    "docID": "N199 Ruitenberg 2005",
    "et": "DorsalInjuryArea",
    "off": 52836,
    "sff": "dorsal"
  },
  {
    "docID": "N199 Ruitenberg 2005",
    "et": "DorsalInjuryArea",
    "off": 644,
    "sff": "dorsal"
  },
  {
    "docID": "N199 Ruitenberg 2005",
    "et": "DorsalInjuryArea",
    "off": 54563,
    "sff": "dorsal"
  },
  {
    "docID": "N199 Ruitenberg 2005",
    "et": "DorsalInjuryArea",
    "off": 25070,
    "sff": "dorsal"
  },
  {
    "docID": "N199 Ruitenberg 2005",
    "et": "DorsalInjuryArea",
    "off": 28205,
    "sff": "dorsal"
  },
  {
    "docID": "N199 Ruitenberg 2005",
    "et": "DorsalInjuryArea",
    "off": 8684,
    "sff": "dorsal"
  },
  {
    "docID": "N199 Ruitenberg 2005",
    "et": "Intraspinal",
    "off": 47800,
    "sff": "intraspinal"
  },
  {
    "docID": "N199 Ruitenberg 2005",
    "et": "Intraspinal",
    "off": 48088,
    "sff": "intraspinal"
  },
  {
    "docID": "N199 Ruitenberg 2005",
    "et": "MouseSpecies",
    "off": 10067,
    "sff": "mouse"
  },
  {
    "docID": "N199 Ruitenberg 2005",
    "et": "MouseSpecies",
    "off": 8988,
    "sff": "mouse"
  },
  {
    "docID": "N199 Ruitenberg 2005",
    "et": "WeightDrop",
    "off": 13266,
    "sff": "weight"
  },
  {
    "docID": "N199 Ruitenberg 2005",
    "et": "WeightDrop",
    "off": 5575,
    "sff": "weight"
  },
  {
    "docID": "N199 Ruitenberg 2005",
    "et": "WeightDrop",
    "off": 36712,
    "sff": "weight"
  },
  {
    "docID": "N199 Ruitenberg 2005",
    "et": "NOGOReceptorAntagonist",
    "off": 10032,
    "sff": "receptor"
  },
  {
    "docID": "N199 Ruitenberg 2005",
    "et": "NOGOReceptorAntagonist",
    "off": 3786,
    "sff": "receptor"
  },
  {
    "docID": "N199 Ruitenberg 2005",
    "et": "NOGOReceptorAntagonist",
    "off": 20393,
    "sff": "receptor"
  },
  {
    "docID": "N199 Ruitenberg 2005",
    "et": "NOGOReceptorAntagonist",
    "off": 7128,
    "sff": "receptor"
  },
  {
    "docID": "N199 Ruitenberg 2005",
    "et": "CentralCanal",
    "off": 53842,
    "sff": "central"
  },
  {
    "docID": "N199 Ruitenberg 2005",
    "et": "CentralCanal",
    "off": 28992,
    "sff": "central canal"
  },
  {
    "docID": "N199 Ruitenberg 2005",
    "et": "DorsalHemisection",
    "off": 644,
    "sff": "dorsal"
  },
  {
    "docID": "N199 Ruitenberg 2005",
    "et": "DorsalHemisection",
    "off": 14119,
    "sff": "dorsal"
  },
  {
    "docID": "N199 Ruitenberg 2005",
    "et": "DorsalHemisection",
    "off": 52836,
    "sff": "dorsal"
  },
  {
    "docID": "N199 Ruitenberg 2005",
    "et": "DorsalHemisection",
    "off": 17113,
    "sff": "dorsal"
  },
  {
    "docID": "N199 Ruitenberg 2005",
    "et": "DorsalHemisection",
    "off": 42297,
    "sff": "dorsal"
  },
  {
    "docID": "N199 Ruitenberg 2005",
    "et": "DorsalHemisection",
    "off": 28205,
    "sff": "dorsal"
  },
  {
    "docID": "N199 Ruitenberg 2005",
    "et": "DorsalHemisection",
    "off": 8684,
    "sff": "dorsal"
  },
  {
    "docID": "N199 Ruitenberg 2005",
    "et": "DorsalHemisection",
    "off": 25070,
    "sff": "dorsal"
  },
  {
    "docID": "N199 Ruitenberg 2005",
    "et": "DorsalHemisection",
    "off": 54563,
    "sff": "dorsal"
  },
  {
    "docID": "N199 Ruitenberg 2005",
    "et": "SpinalVentralHalf",
    "off": 54529,
    "sff": "ventral"
  },
  {
    "docID": "N199 Ruitenberg 2005",
    "et": "SpinalVentralHalf",
    "off": 6525,
    "sff": "ventral"
  },
  {
    "docID": "N199 Ruitenberg 2005",
    "et": "SpinalVentralHalf",
    "off": 21996,
    "sff": "ventral"
  },
  {
    "docID": "N199 Ruitenberg 2005",
    "et": "SpinalVentralHalf",
    "off": 50399,
    "sff": "ventral"
  },
  {
    "docID": "N199 Ruitenberg 2005",
    "et": "SpinalVentralHalf",
    "off": 29881,
    "sff": "ventral"
  },
  {
    "docID": "N199 Ruitenberg 2005",
    "et": "SpinalVentralHalf",
    "off": 30155,
    "sff": "ventral"
  },
  {
    "docID": "N199 Ruitenberg 2005",
    "et": "SpinalVentralHalf",
    "off": 54662,
    "sff": "ventral"
  },
  {
    "docID": "N199 Ruitenberg 2005",
    "et": "RabbitSpecies",
    "off": 9797,
    "sff": "rabbit"
  },
  {
    "docID": "N199 Ruitenberg 2005",
    "et": "RabbitSpecies",
    "off": 9839,
    "sff": "rabbit"
  },
  {
    "docID": "N199 Ruitenberg 2005",
    "et": "Rostral",
    "off": 28725,
    "sff": "rostral"
  },
  {
    "docID": "N199 Ruitenberg 2005",
    "et": "Rostral",
    "off": 48594,
    "sff": "rostral"
  },
  {
    "docID": "N199 Ruitenberg 2005",
    "et": "Rostral",
    "off": 13696,
    "sff": "rostral"
  },
  {
    "docID": "N199 Ruitenberg 2005",
    "et": "Rostral",
    "off": 42427,
    "sff": "rostral"
  },
  {
    "docID": "N199 Ruitenberg 2005",
    "et": "DorsalColumn",
    "off": 52836,
    "sff": "dorsal"
  },
  {
    "docID": "N199 Ruitenberg 2005",
    "et": "DorsalColumn",
    "off": 25070,
    "sff": "dorsal"
  },
  {
    "docID": "N199 Ruitenberg 2005",
    "et": "DorsalColumn",
    "off": 42297,
    "sff": "dorsal"
  },
  {
    "docID": "N199 Ruitenberg 2005",
    "et": "DorsalColumn",
    "off": 8684,
    "sff": "dorsal"
  },
  {
    "docID": "N199 Ruitenberg 2005",
    "et": "DorsalColumn",
    "off": 17113,
    "sff": "dorsal"
  },
  {
    "docID": "N199 Ruitenberg 2005",
    "et": "DorsalColumn",
    "off": 28205,
    "sff": "dorsal column"
  },
  {
    "docID": "N199 Ruitenberg 2005",
    "et": "DorsalColumn",
    "off": 14119,
    "sff": "dorsal"
  },
  {
    "docID": "N199 Ruitenberg 2005",
    "et": "DorsalColumn",
    "off": 644,
    "sff": "dorsal"
  },
  {
    "docID": "N199 Ruitenberg 2005",
    "et": "DorsalColumn",
    "off": 54563,
    "sff": "dorsal"
  },
  {
    "docID": "N199 Ruitenberg 2005",
    "et": "Transduction",
    "off": 4494,
    "sff": "transduction"
  },
  {
    "docID": "N199 Ruitenberg 2005",
    "et": "Transduction",
    "off": 7254,
    "sff": "transduction"
  },
  {
    "docID": "N199 Ruitenberg 2005",
    "et": "Transduction",
    "off": 24742,
    "sff": "transduction"
  },
  {
    "docID": "N199 Ruitenberg 2005",
    "et": "Transduction",
    "off": 46108,
    "sff": "transduction"
  },
  {
    "docID": "N199 Ruitenberg 2005",
    "et": "Transduction",
    "off": 35227,
    "sff": "transduction"
  },
  {
    "docID": "N199 Ruitenberg 2005",
    "et": "CellDeathInduction",
    "off": 6804,
    "sff": "cell"
  },
  {
    "docID": "N199 Ruitenberg 2005",
    "et": "CellDeathInduction",
    "off": 8182,
    "sff": "cell"
  },
  {
    "docID": "N199 Ruitenberg 2005",
    "et": "CellDeathInduction",
    "off": 12151,
    "sff": "cell"
  },
  {
    "docID": "N199 Ruitenberg 2005",
    "et": "CellDeathInduction",
    "off": 12887,
    "sff": "cell"
  },
  {
    "docID": "N199 Ruitenberg 2005",
    "et": "CellDeathInduction",
    "off": 700,
    "sff": "cell"
  },
  {
    "docID": "N199 Ruitenberg 2005",
    "et": "CellDeathInduction",
    "off": 4124,
    "sff": "cell"
  },
  {
    "docID": "N199 Ruitenberg 2005",
    "et": "CellDeathInduction",
    "off": 2339,
    "sff": "cell"
  },
  {
    "docID": "N199 Ruitenberg 2005",
    "et": "CellDeathInduction",
    "off": 12036,
    "sff": "cell"
  },
  {
    "docID": "N199 Ruitenberg 2005",
    "et": "CellDeathInduction",
    "off": 10275,
    "sff": "cell"
  },
  {
    "docID": "N199 Ruitenberg 2005",
    "et": "CellDeathInduction",
    "off": 40899,
    "sff": "cell"
  },
  {
    "docID": "N199 Ruitenberg 2005",
    "et": "CellDeathInduction",
    "off": 46437,
    "sff": "cell"
  },
  {
    "docID": "N199 Ruitenberg 2005",
    "et": "CellDeathInduction",
    "off": 45800,
    "sff": "cell"
  },
  {
    "docID": "N199 Ruitenberg 2005",
    "et": "CellDeathInduction",
    "off": 46919,
    "sff": "cell"
  },
  {
    "docID": "N199 Ruitenberg 2005",
    "et": "CellDeathInduction",
    "off": 46798,
    "sff": "cell"
  },
  {
    "docID": "N199 Ruitenberg 2005",
    "et": "CellDeathInduction",
    "off": 10449,
    "sff": "cell"
  },
  {
    "docID": "N199 Ruitenberg 2005",
    "et": "Left",
    "off": 16214,
    "sff": "left"
  },
  {
    "docID": "N199 Ruitenberg 2005",
    "et": "Left",
    "off": 16569,
    "sff": "left"
  },
  {
    "docID": "N199 Ruitenberg 2005",
    "et": "Left",
    "off": 18152,
    "sff": "left"
  },
  {
    "docID": "N199 Ruitenberg 2005",
    "et": "Left",
    "off": 38844,
    "sff": "left"
  },
  {
    "docID": "N199 Ruitenberg 2005",
    "et": "Left",
    "off": 7690,
    "sff": "left"
  },
  {
    "docID": "N199 Ruitenberg 2005",
    "et": "Left",
    "off": 30459,
    "sff": "left"
  },
  {
    "docID": "N199 Ruitenberg 2005",
    "et": "Left",
    "off": 4705,
    "sff": "left"
  },
  {
    "docID": "N199 Ruitenberg 2005",
    "et": "Left",
    "off": 7008,
    "sff": "left"
  },
  {
    "docID": "N199 Ruitenberg 2005",
    "et": "Left",
    "off": 27461,
    "sff": "left"
  },
  {
    "docID": "N199 Ruitenberg 2005",
    "et": "Left",
    "off": 11077,
    "sff": "left"
  },
  {
    "docID": "N199 Ruitenberg 2005",
    "et": "LaminectomyType",
    "off": 13854,
    "sff": "Laminectomy"
  },
  {
    "docID": "N199 Ruitenberg 2005",
    "et": "C4",
    "off": 814,
    "sff": "C4"
  },
  {
    "docID": "N199 Ruitenberg 2005",
    "et": "C4",
    "off": 13873,
    "sff": "C4"
  },
  {
    "docID": "N199 Ruitenberg 2005",
    "et": "C4",
    "off": 28176,
    "sff": "C4"
  },
  {
    "docID": "N199 Ruitenberg 2005",
    "et": "C4",
    "off": 30304,
    "sff": "C4"
  },
  {
    "docID": "N199 Ruitenberg 2005",
    "et": "C4",
    "off": 51994,
    "sff": "C4"
  },
  {
    "docID": "N199 Ruitenberg 2005",
    "et": "Tissue",
    "off": 51182,
    "sff": "tissue"
  },
  {
    "docID": "N199 Ruitenberg 2005",
    "et": "Tissue",
    "off": 55093,
    "sff": "tissue"
  },
  {
    "docID": "N199 Ruitenberg 2005",
    "et": "Tissue",
    "off": 20710,
    "sff": "tissue"
  },
  {
    "docID": "N199 Ruitenberg 2005",
    "et": "Tissue",
    "off": 22822,
    "sff": "tissue"
  },
  {
    "docID": "N199 Ruitenberg 2005",
    "et": "Tissue",
    "off": 44713,
    "sff": "tissue"
  },
  {
    "docID": "N199 Ruitenberg 2005",
    "et": "Tissue",
    "off": 6762,
    "sff": "tissue"
  },
  {
    "docID": "N199 Ruitenberg 2005",
    "et": "Tissue",
    "off": 54059,
    "sff": "tissue"
  },
  {
    "docID": "N199 Ruitenberg 2005",
    "et": "Tissue",
    "off": 7585,
    "sff": "tissue"
  },
  {
    "docID": "N199 Ruitenberg 2005",
    "et": "Tissue",
    "off": 32609,
    "sff": "tissue"
  },
  {
    "docID": "N199 Ruitenberg 2005",
    "et": "Tissue",
    "off": 18213,
    "sff": "tissue"
  },
  {
    "docID": "N199 Ruitenberg 2005",
    "et": "Tissue",
    "off": 44632,
    "sff": "tissue"
  },
  {
    "docID": "N199 Ruitenberg 2005",
    "et": "Tissue",
    "off": 47063,
    "sff": "tissue"
  },
  {
    "docID": "N199 Ruitenberg 2005",
    "et": "Tissue",
    "off": 44956,
    "sff": "tissue"
  },
  {
    "docID": "N199 Ruitenberg 2005",
    "et": "Tissue",
    "off": 23642,
    "sff": "tissue"
  },
  {
    "docID": "N199 Ruitenberg 2005",
    "et": "Tissue",
    "off": 51024,
    "sff": "tissue"
  },
  {
    "docID": "N199 Ruitenberg 2005",
    "et": "Tissue",
    "off": 45201,
    "sff": "tissue"
  },
  {
    "docID": "N199 Ruitenberg 2005",
    "et": "Tissue",
    "off": 22931,
    "sff": "tissue"
  },
  {
    "docID": "N199 Ruitenberg 2005",
    "et": "Tissue",
    "off": 24072,
    "sff": "tissue"
  },
  {
    "docID": "N199 Ruitenberg 2005",
    "et": "Tissue",
    "off": 47948,
    "sff": "tissue"
  },
  {
    "docID": "N199 Ruitenberg 2005",
    "et": "Tissue",
    "off": 1802,
    "sff": "tissue"
  },
  {
    "docID": "N199 Ruitenberg 2005",
    "et": "Tissue",
    "off": 32333,
    "sff": "tissue"
  },
  {
    "docID": "N199 Ruitenberg 2005",
    "et": "Tissue",
    "off": 48330,
    "sff": "tissue"
  },
  {
    "docID": "N199 Ruitenberg 2005",
    "et": "Tissue",
    "off": 44610,
    "sff": "tissue"
  },
  {
    "docID": "N199 Ruitenberg 2005",
    "et": "Tissue",
    "off": 47171,
    "sff": "tissue"
  },
  {
    "docID": "N199 Ruitenberg 2005",
    "et": "Tissue",
    "off": 23737,
    "sff": "tissue"
  },
  {
    "docID": "N199 Ruitenberg 2005",
    "et": "Tissue",
    "off": 32251,
    "sff": "tissue"
  },
  {
    "docID": "N199 Ruitenberg 2005",
    "et": "InjectionDelivery",
    "off": 25627,
    "sff": "injection"
  },
  {
    "docID": "N199 Ruitenberg 2005",
    "et": "InjectionDelivery",
    "off": 27882,
    "sff": "injection"
  },
  {
    "docID": "N199 Ruitenberg 2005",
    "et": "InjectionDelivery",
    "off": 14822,
    "sff": "injection"
  },
  {
    "docID": "N199 Ruitenberg 2005",
    "et": "InjectionDelivery",
    "off": 3668,
    "sff": "injection"
  },
  {
    "docID": "N199 Ruitenberg 2005",
    "et": "SpinalLesionSite",
    "off": 49853,
    "sff": "lesion"
  },
  {
    "docID": "N199 Ruitenberg 2005",
    "et": "SpinalLesionSite",
    "off": 19005,
    "sff": "lesion"
  },
  {
    "docID": "N199 Ruitenberg 2005",
    "et": "SpinalLesionSite",
    "off": 19590,
    "sff": "lesion"
  },
  {
    "docID": "N199 Ruitenberg 2005",
    "et": "SpinalLesionSite",
    "off": 41367,
    "sff": "lesion site"
  },
  {
    "docID": "N199 Ruitenberg 2005",
    "et": "SpinalLesionSite",
    "off": 54089,
    "sff": "lesion"
  },
  {
    "docID": "N199 Ruitenberg 2005",
    "et": "SpinalLesionSite",
    "off": 31625,
    "sff": "lesion"
  },
  {
    "docID": "N199 Ruitenberg 2005",
    "et": "SpinalLesionSite",
    "off": 21635,
    "sff": "lesion"
  },
  {
    "docID": "N199 Ruitenberg 2005",
    "et": "SpinalLesionSite",
    "off": 40133,
    "sff": "lesion"
  },
  {
    "docID": "N199 Ruitenberg 2005",
    "et": "SpinalLesionSite",
    "off": 48578,
    "sff": "lesion"
  },
  {
    "docID": "N199 Ruitenberg 2005",
    "et": "SpinalLesionSite",
    "off": 23214,
    "sff": "lesion"
  },
  {
    "docID": "N199 Ruitenberg 2005",
    "et": "SpinalLesionSite",
    "off": 42801,
    "sff": "lesion"
  },
  {
    "docID": "N199 Ruitenberg 2005",
    "et": "SpinalLesionSite",
    "off": 4650,
    "sff": "lesion"
  },
  {
    "docID": "N199 Ruitenberg 2005",
    "et": "SpinalLesionSite",
    "off": 42989,
    "sff": "lesion"
  },
  {
    "docID": "N199 Ruitenberg 2005",
    "et": "SpinalLesionSite",
    "off": 22445,
    "sff": "lesion"
  },
  {
    "docID": "N199 Ruitenberg 2005",
    "et": "SpinalLesionSite",
    "off": 41736,
    "sff": "lesion site"
  },
  {
    "docID": "N199 Ruitenberg 2005",
    "et": "SpinalLesionSite",
    "off": 14902,
    "sff": "lesion"
  },
  {
    "docID": "N199 Ruitenberg 2005",
    "et": "SpinalLesionSite",
    "off": 21430,
    "sff": "lesion"
  },
  {
    "docID": "N199 Ruitenberg 2005",
    "et": "SpinalLesionSite",
    "off": 18186,
    "sff": "lesion site"
  },
  {
    "docID": "N199 Ruitenberg 2005",
    "et": "SpinalLesionSite",
    "off": 28745,
    "sff": "lesion site"
  },
  {
    "docID": "N199 Ruitenberg 2005",
    "et": "SpinalLesionSite",
    "off": 29560,
    "sff": "lesion"
  },
  {
    "docID": "N199 Ruitenberg 2005",
    "et": "SpinalLesionSite",
    "off": 50423,
    "sff": "lesion"
  },
  {
    "docID": "N199 Ruitenberg 2005",
    "et": "SpinalLesionSite",
    "off": 42034,
    "sff": "lesion site"
  },
  {
    "docID": "N199 Ruitenberg 2005",
    "et": "SpinalLesionSite",
    "off": 42271,
    "sff": "lesion"
  },
  {
    "docID": "N199 Ruitenberg 2005",
    "et": "SpinalLesionSite",
    "off": 20315,
    "sff": "lesion"
  },
  {
    "docID": "N199 Ruitenberg 2005",
    "et": "SpinalLesionSite",
    "off": 29979,
    "sff": "lesion"
  },
  {
    "docID": "N199 Ruitenberg 2005",
    "et": "SpinalLesionSite",
    "off": 18074,
    "sff": "lesion"
  },
  {
    "docID": "N199 Ruitenberg 2005",
    "et": "SpinalLesionSite",
    "off": 28957,
    "sff": "lesion"
  },
  {
    "docID": "N199 Ruitenberg 2005",
    "et": "SpinalLesionSite",
    "off": 29852,
    "sff": "lesion"
  },
  {
    "docID": "N199 Ruitenberg 2005",
    "et": "SpinalLesionSite",
    "off": 31132,
    "sff": "lesion"
  },
  {
    "docID": "N199 Ruitenberg 2005",
    "et": "SpinalLesionSite",
    "off": 50267,
    "sff": "lesion"
  },
  {
    "docID": "N199 Ruitenberg 2005",
    "et": "SpinalLesionSite",
    "off": 22200,
    "sff": "lesion site"
  },
  {
    "docID": "N199 Ruitenberg 2005",
    "et": "SpinalLesionSite",
    "off": 53224,
    "sff": "lesion"
  },
  {
    "docID": "N199 Ruitenberg 2005",
    "et": "SpinalLesionSite",
    "off": 47738,
    "sff": "lesion site"
  },
  {
    "docID": "N199 Ruitenberg 2005",
    "et": "SpinalLesionSite",
    "off": 50022,
    "sff": "lesion"
  },
  {
    "docID": "N199 Ruitenberg 2005",
    "et": "SpinalLesionSite",
    "off": 52006,
    "sff": "lesion"
  },
  {
    "docID": "N199 Ruitenberg 2005",
    "et": "SpinalLesionSite",
    "off": 32226,
    "sff": "lesion"
  },
  {
    "docID": "N199 Ruitenberg 2005",
    "et": "SpinalLesionSite",
    "off": 21585,
    "sff": "lesion"
  },
  {
    "docID": "N199 Ruitenberg 2005",
    "et": "SpinalLesionSite",
    "off": 42466,
    "sff": "lesion site"
  },
  {
    "docID": "N199 Ruitenberg 2005",
    "et": "SpinalLesionSite",
    "off": 30307,
    "sff": "lesion site"
  },
  {
    "docID": "N199 Ruitenberg 2005",
    "et": "SpinalLesionSite",
    "off": 14861,
    "sff": "lesion"
  },
  {
    "docID": "N199 Ruitenberg 2005",
    "et": "SpinalLesionSite",
    "off": 31398,
    "sff": "lesion site"
  },
  {
    "docID": "N199 Ruitenberg 2005",
    "et": "SpinalLesionSite",
    "off": 1036,
    "sff": "lesion"
  },
  {
    "docID": "N199 Ruitenberg 2005",
    "et": "SpinalLesionSite",
    "off": 39973,
    "sff": "lesion site"
  },
  {
    "docID": "N199 Ruitenberg 2005",
    "et": "SpinalLesionSite",
    "off": 21546,
    "sff": "lesion site"
  },
  {
    "docID": "N199 Ruitenberg 2005",
    "et": "SpinalLesionSite",
    "off": 49364,
    "sff": "lesion"
  },
  {
    "docID": "N199 Ruitenberg 2005",
    "et": "SpinalLesionSite",
    "off": 42709,
    "sff": "lesion"
  },
  {
    "docID": "N199 Ruitenberg 2005",
    "et": "RubrospinalTract",
    "off": 4251,
    "sff": "rubrospinal tract"
  },
  {
    "docID": "N199 Ruitenberg 2005",
    "et": "RubrospinalTract",
    "off": 54219,
    "sff": "rubrospinal tract"
  },
  {
    "docID": "N199 Ruitenberg 2005",
    "et": "Weight",
    "off": 16010,
    "sff": "45 mg"
  },
  {
    "docID": "N199 Ruitenberg 2005",
    "et": "Weight",
    "off": 5180,
    "sff": "120–150 g"
  },
  {
    "docID": "N199 Ruitenberg 2005",
    "et": "Weight",
    "off": 6410,
    "sff": "200 g"
  },
  {
    "docID": "N199 Ruitenberg 2005",
    "et": "Halothane",
    "off": 13595,
    "sff": "halothane"
  },
  {
    "docID": "N199 Ruitenberg 2005",
    "et": "Halothane",
    "off": 13611,
    "sff": "halothane"
  },
  {
    "docID": "N199 Ruitenberg 2005",
    "et": "Halothane",
    "off": 17500,
    "sff": "halothane"
  },
  {
    "docID": "N199 Ruitenberg 2005",
    "et": "CompoundBiologicalRelation",
    "off": 35409,
    "sff": "Biological"
  },
  {
    "docID": "N199 Ruitenberg 2005",
    "et": "CompoundBiologicalRelation",
    "off": 581,
    "sff": "biological"
  },
  {
    "docID": "N199 Ruitenberg 2005",
    "et": "CompoundBiologicalRelation",
    "off": 8587,
    "sff": "biological"
  },
  {
    "docID": "N199 Ruitenberg 2005",
    "et": "CompoundBiologicalRelation",
    "off": 34128,
    "sff": "biological"
  },
  {
    "docID": "N199 Ruitenberg 2005",
    "et": "CompoundBiologicalRelation",
    "off": 12434,
    "sff": "biological"
  },
  {
    "docID": "N199 Ruitenberg 2005",
    "et": "CompoundBiologicalRelation",
    "off": 46658,
    "sff": "biological"
  },
  {
    "docID": "N199 Ruitenberg 2005",
    "et": "CompoundBiologicalRelation",
    "off": 7972,
    "sff": "biological"
  },
  {
    "docID": "N199 Ruitenberg 2005",
    "et": "MotorNeurons",
    "off": 3513,
    "sff": "motor"
  },
  {
    "docID": "N199 Ruitenberg 2005",
    "et": "MotorNeurons",
    "off": 54328,
    "sff": "motor"
  },
  {
    "docID": "N199 Ruitenberg 2005",
    "et": "MotorNeurons",
    "off": 53878,
    "sff": "motor"
  },
  {
    "docID": "N199 Ruitenberg 2005",
    "et": "MotorNeurons",
    "off": 53136,
    "sff": "motor"
  },
  {
    "docID": "N199 Ruitenberg 2005",
    "et": "MotorNeurons",
    "off": 54146,
    "sff": "motor"
  },
  {
    "docID": "N199 Ruitenberg 2005",
    "et": "LateralHemisection",
    "off": 14653,
    "sff": "lateral"
  },
  {
    "docID": "N199 Ruitenberg 2005",
    "et": "LateralHemisection",
    "off": 20104,
    "sff": "lateral"
  },
  {
    "docID": "N199 Ruitenberg 2005",
    "et": "Saline",
    "off": 18493,
    "sff": "saline"
  },
  {
    "docID": "N199 Ruitenberg 2005",
    "et": "LongTermCultivation",
    "off": 23179,
    "sff": "long"
  },
  {
    "docID": "N199 Ruitenberg 2005",
    "et": "LongTermCultivation",
    "off": 55200,
    "sff": "long-term"
  },
  {
    "docID": "N199 Ruitenberg 2005",
    "et": "LongTermCultivation",
    "off": 44758,
    "sff": "long"
  },
  {
    "docID": "N199 Ruitenberg 2005",
    "et": "Dosage",
    "off": 23172,
    "sff": "2.5 mm"
  },
  {
    "docID": "N199 Ruitenberg 2005",
    "et": "Dosage",
    "off": 6410,
    "sff": "200 g"
  },
  {
    "docID": "N199 Ruitenberg 2005",
    "et": "Dosage",
    "off": 25747,
    "sff": "1 mm"
  },
  {
    "docID": "N199 Ruitenberg 2005",
    "et": "Dosage",
    "off": 21658,
    "sff": "1 mm"
  },
  {
    "docID": "N199 Ruitenberg 2005",
    "et": "Dosage",
    "off": 29309,
    "sff": "98%"
  },
  {
    "docID": "N199 Ruitenberg 2005",
    "et": "Dosage",
    "off": 5184,
    "sff": "150 g"
  },
  {
    "docID": "N199 Ruitenberg 2005",
    "et": "Dosage",
    "off": 17657,
    "sff": "5 mm"
  },
  {
    "docID": "N199 Ruitenberg 2005",
    "et": "Dosage",
    "off": 15180,
    "sff": "20 mg/ml"
  },
  {
    "docID": "N199 Ruitenberg 2005",
    "et": "Dosage",
    "off": 15147,
    "sff": "150 mg/ml"
  },
  {
    "docID": "N199 Ruitenberg 2005",
    "et": "Dosage",
    "off": 21511,
    "sff": "1 mm"
  },
  {
    "docID": "N199 Ruitenberg 2005",
    "et": "Dosage",
    "off": 13606,
    "sff": "1.5%"
  },
  {
    "docID": "N199 Ruitenberg 2005",
    "et": "Dosage",
    "off": 10858,
    "sff": "2 µg/ml"
  },
  {
    "docID": "N199 Ruitenberg 2005",
    "et": "Dosage",
    "off": 16010,
    "sff": "45 mg"
  },
  {
    "docID": "N199 Ruitenberg 2005",
    "et": "Dosage",
    "off": 21593,
    "sff": "0 mm"
  },
  {
    "docID": "N199 Ruitenberg 2005",
    "et": "Dosage",
    "off": 43680,
    "sff": "0.2%"
  },
  {
    "docID": "N199 Ruitenberg 2005",
    "et": "Dosage",
    "off": 14187,
    "sff": "5 µl"
  },
  {
    "docID": "N199 Ruitenberg 2005",
    "et": "Dosage",
    "off": 17695,
    "sff": "7.1 mm"
  },
  {
    "docID": "N199 Ruitenberg 2005",
    "et": "Dosage",
    "off": 18373,
    "sff": "60 mg/ml"
  },
  {
    "docID": "N199 Ruitenberg 2005",
    "et": "Dosage",
    "off": 19125,
    "sff": "40 mm"
  },
  {
    "docID": "N199 Ruitenberg 2005",
    "et": "Dosage",
    "off": 34873,
    "sff": "95%"
  },
  {
    "docID": "N199 Ruitenberg 2005",
    "et": "Dosage",
    "off": 43258,
    "sff": "1.0 mm"
  },
  {
    "docID": "N199 Ruitenberg 2005",
    "et": "Dosage",
    "off": 18528,
    "sff": "4%"
  },
  {
    "docID": "N199 Ruitenberg 2005",
    "et": "Dosage",
    "off": 14739,
    "sff": "0.8 mm"
  },
  {
    "docID": "N199 Ruitenberg 2005",
    "et": "Dosage",
    "off": 18518,
    "sff": "100 ml"
  },
  {
    "docID": "N199 Ruitenberg 2005",
    "et": "Dosage",
    "off": 21646,
    "sff": "0.5 mm"
  },
  {
    "docID": "N199 Ruitenberg 2005",
    "et": "Dosage",
    "off": 42723,
    "sff": "1.0 mm"
  },
  {
    "docID": "N199 Ruitenberg 2005",
    "et": "Dosage",
    "off": 15116,
    "sff": "150 mg/ml"
  },
  {
    "docID": "N199 Ruitenberg 2005",
    "et": "Dosage",
    "off": 17714,
    "sff": "2.9 mm"
  },
  {
    "docID": "N199 Ruitenberg 2005",
    "et": "Dosage",
    "off": 14841,
    "sff": "1mm"
  },
  {
    "docID": "N199 Ruitenberg 2005",
    "et": "Dosage",
    "off": 10646,
    "sff": "12 mm"
  },
  {
    "docID": "N199 Ruitenberg 2005",
    "et": "Dosage",
    "off": 15344,
    "sff": "0.3 ml"
  },
  {
    "docID": "N199 Ruitenberg 2005",
    "et": "Dosage",
    "off": 43912,
    "sff": "9%"
  },
  {
    "docID": "N199 Ruitenberg 2005",
    "et": "Dosage",
    "off": 5556,
    "sff": "90%"
  },
  {
    "docID": "N199 Ruitenberg 2005",
    "et": "Dosage",
    "off": 14014,
    "sff": "1.5 mm"
  },
  {
    "docID": "N199 Ruitenberg 2005",
    "et": "Dosage",
    "off": 44832,
    "sff": "4.8%"
  },
  {
    "docID": "N199 Ruitenberg 2005",
    "et": "Dosage",
    "off": 50003,
    "sff": "1 mm"
  },
  {
    "docID": "N199 Ruitenberg 2005",
    "et": "Dosage",
    "off": 14646,
    "sff": "0.5 mm"
  },
  {
    "docID": "N199 Ruitenberg 2005",
    "et": "Dosage",
    "off": 42821,
    "sff": "1.0 mm"
  },
  {
    "docID": "N199 Ruitenberg 2005",
    "et": "Dosage",
    "off": 41963,
    "sff": "9%"
  },
  {
    "docID": "N199 Ruitenberg 2005",
    "et": "Dosage",
    "off": 19298,
    "sff": "0.01%"
  },
  {
    "docID": "N199 Ruitenberg 2005",
    "et": "Dosage",
    "off": 14319,
    "sff": "1 µl"
  },
  {
    "docID": "N199 Ruitenberg 2005",
    "et": "Dosage",
    "off": 21600,
    "sff": "0.5 mm"
  },
  {
    "docID": "N199 Ruitenberg 2005",
    "et": "Dosage",
    "off": 43233,
    "sff": "0.5 mm"
  },
  {
    "docID": "N199 Ruitenberg 2005",
    "et": "Dosage",
    "off": 21687,
    "sff": "1.0 mm"
  },
  {
    "docID": "N199 Ruitenberg 2005",
    "et": "Dosage",
    "off": 10793,
    "sff": "10%"
  },
  {
    "docID": "N199 Ruitenberg 2005",
    "et": "Dosage",
    "off": 13675,
    "sff": "60%"
  },
  {
    "docID": "N199 Ruitenberg 2005",
    "et": "Dosage",
    "off": 6605,
    "sff": "0.25%"
  },
  {
    "docID": "N199 Ruitenberg 2005",
    "et": "Dosage",
    "off": 15290,
    "sff": "0.3 ml"
  },
  {
    "docID": "N199 Ruitenberg 2005",
    "et": "Dosage",
    "off": 18442,
    "sff": "100 ml"
  },
  {
    "docID": "N199 Ruitenberg 2005",
    "et": "Dosage",
    "off": 21560,
    "sff": "1 mm"
  },
  {
    "docID": "N199 Ruitenberg 2005",
    "et": "Dosage",
    "off": 22388,
    "sff": "40 mm"
  },
  {
    "docID": "N199 Ruitenberg 2005",
    "et": "Dosage",
    "off": 42766,
    "sff": "0 mm"
  },
  {
    "docID": "N199 Ruitenberg 2005",
    "et": "Dosage",
    "off": 6640,
    "sff": "50 mg/ml"
  },
  {
    "docID": "N199 Ruitenberg 2005",
    "et": "Dosage",
    "off": 13683,
    "sff": "38.5%"
  },
  {
    "docID": "N199 Ruitenberg 2005",
    "et": "Dosage",
    "off": 14883,
    "sff": "1 mm"
  },
  {
    "docID": "N199 Ruitenberg 2005",
    "et": "Dosage",
    "off": 44751,
    "sff": "2.5 mm"
  },
  {
    "docID": "N199 Ruitenberg 2005",
    "et": "Dosage",
    "off": 18313,
    "sff": "0.8 ml"
  },
  {
    "docID": "N199 Ruitenberg 2005",
    "et": "Right",
    "off": 14695,
    "sff": "right"
  },
  {
    "docID": "N199 Ruitenberg 2005",
    "et": "Right",
    "off": 4714,
    "sff": "right"
  },
  {
    "docID": "N199 Ruitenberg 2005",
    "et": "Right",
    "off": 14060,
    "sff": "right"
  },
  {
    "docID": "N199 Ruitenberg 2005",
    "et": "Right",
    "off": 39118,
    "sff": "right"
  },
  {
    "docID": "N199 Ruitenberg 2005",
    "et": "Right",
    "off": 16498,
    "sff": "right"
  },
  {
    "docID": "N199 Ruitenberg 2005",
    "et": "Right",
    "off": 17234,
    "sff": "right"
  },
  {
    "docID": "N199 Ruitenberg 2005",
    "et": "Right",
    "off": 26006,
    "sff": "right"
  },
  {
    "docID": "N199 Ruitenberg 2005",
    "et": "Right",
    "off": 16280,
    "sff": "right"
  },
  {
    "docID": "N199 Ruitenberg 2005",
    "et": "Right",
    "off": 37055,
    "sff": "right"
  },
  {
    "docID": "N199 Ruitenberg 2005",
    "et": "Right",
    "off": 15778,
    "sff": "right"
  },
  {
    "docID": "N199 Ruitenberg 2005",
    "et": "Right",
    "off": 18020,
    "sff": "right"
  },
  {
    "docID": "N199 Ruitenberg 2005",
    "et": "Right",
    "off": 27491,
    "sff": "right"
  },
  {
    "docID": "N199 Ruitenberg 2005",
    "et": "Right",
    "off": 37155,
    "sff": "right"
  },
  {
    "docID": "N199 Ruitenberg 2005",
    "et": "Ventral",
    "off": 6525,
    "sff": "ventral"
  },
  {
    "docID": "N199 Ruitenberg 2005",
    "et": "Ventral",
    "off": 50399,
    "sff": "ventral"
  },
  {
    "docID": "N199 Ruitenberg 2005",
    "et": "Ventral",
    "off": 54529,
    "sff": "ventral"
  },
  {
    "docID": "N199 Ruitenberg 2005",
    "et": "Ventral",
    "off": 54662,
    "sff": "ventral"
  },
  {
    "docID": "N199 Ruitenberg 2005",
    "et": "Ventral",
    "off": 29881,
    "sff": "ventral"
  },
  {
    "docID": "N199 Ruitenberg 2005",
    "et": "Ventral",
    "off": 30155,
    "sff": "ventral"
  },
  {
    "docID": "N199 Ruitenberg 2005",
    "et": "Ventral",
    "off": 21996,
    "sff": "ventral"
  },
  {
    "docID": "N199 Ruitenberg 2005",
    "et": "Vehicle",
    "off": 44224,
    "sff": "vehicle"
  },
  {
    "docID": "N199 Ruitenberg 2005",
    "et": "Vehicle",
    "off": 13044,
    "sff": "vehicle"
  },
  {
    "docID": "N199 Ruitenberg 2005",
    "et": "Vehicle",
    "off": 13172,
    "sff": "vehicle"
  },
  {
    "docID": "N199 Ruitenberg 2005",
    "et": "Vehicle",
    "off": 49394,
    "sff": "vehicle"
  },
  {
    "docID": "N199 Ruitenberg 2005",
    "et": "TreatmentSite",
    "off": 44064,
    "sff": "treatment"
  },
  {
    "docID": "N199 Ruitenberg 2005",
    "et": "TreatmentSite",
    "off": 15566,
    "sff": "treatment"
  },
  {
    "docID": "N199 Ruitenberg 2005",
    "et": "TreatmentSite",
    "off": 38660,
    "sff": "treatment"
  },
  {
    "docID": "N199 Ruitenberg 2005",
    "et": "Proliferation",
    "off": 10454,
    "sff": "proliferation"
  },
  {
    "docID": "N199 Ruitenberg 2005",
    "et": "Proliferation",
    "off": 46166,
    "sff": "proliferation"
  },
  {
    "docID": "N199 Ruitenberg 2005",
    "et": "Proliferation",
    "off": 33661,
    "sff": "proliferation"
  },
  {
    "docID": "N199 Ruitenberg 2005",
    "et": "Proliferation",
    "off": 33269,
    "sff": "Proliferation"
  },
  {
    "docID": "N199 Ruitenberg 2005",
    "et": "Proliferation",
    "off": 45700,
    "sff": "proliferation"
  },
  {
    "docID": "N199 Ruitenberg 2005",
    "et": "Duration",
    "off": 4961,
    "sff": "3 month"
  },
  {
    "docID": "N199 Ruitenberg 2005",
    "et": "Duration",
    "off": 11053,
    "sff": "10S"
  },
  {
    "docID": "N199 Ruitenberg 2005",
    "et": "Duration",
    "off": 38840,
    "sff": "2D"
  },
  {
    "docID": "N199 Ruitenberg 2005",
    "et": "Duration",
    "off": 30949,
    "sff": "12 weeks"
  },
  {
    "docID": "N199 Ruitenberg 2005",
    "et": "Duration",
    "off": 16962,
    "sff": "7 day"
  },
  {
    "docID": "N199 Ruitenberg 2005",
    "et": "Duration",
    "off": 37709,
    "sff": "2 min"
  },
  {
    "docID": "N199 Ruitenberg 2005",
    "et": "Duration",
    "off": 47967,
    "sff": "12 weeks"
  },
  {
    "docID": "N199 Ruitenberg 2005",
    "et": "Duration",
    "off": 39114,
    "sff": "2D"
  },
  {
    "docID": "N199 Ruitenberg 2005",
    "et": "Duration",
    "off": 40918,
    "sff": "12 weeks"
  },
  {
    "docID": "N199 Ruitenberg 2005",
    "et": "Duration",
    "off": 37589,
    "sff": "2 weeks"
  },
  {
    "docID": "N199 Ruitenberg 2005",
    "et": "Duration",
    "off": 7699,
    "sff": "48 h"
  },
  {
    "docID": "N199 Ruitenberg 2005",
    "et": "Duration",
    "off": 36027,
    "sff": "7 days"
  },
  {
    "docID": "N199 Ruitenberg 2005",
    "et": "Duration",
    "off": 5837,
    "sff": "2 weeks"
  },
  {
    "docID": "N199 Ruitenberg 2005",
    "et": "Duration",
    "off": 28490,
    "sff": "12 weeks"
  },
  {
    "docID": "N199 Ruitenberg 2005",
    "et": "Duration",
    "off": 23979,
    "sff": "4 months"
  },
  {
    "docID": "N199 Ruitenberg 2005",
    "et": "Duration",
    "off": 35592,
    "sff": "2 days"
  },
  {
    "docID": "N199 Ruitenberg 2005",
    "et": "Duration",
    "off": 24731,
    "sff": "72 h"
  },
  {
    "docID": "N199 Ruitenberg 2005",
    "et": "Duration",
    "off": 35328,
    "sff": "24 h"
  },
  {
    "docID": "N199 Ruitenberg 2005",
    "et": "Duration",
    "off": 11654,
    "sff": "24 h"
  },
  {
    "docID": "N199 Ruitenberg 2005",
    "et": "Duration",
    "off": 24973,
    "sff": "72 h"
  },
  {
    "docID": "N199 Ruitenberg 2005",
    "et": "Duration",
    "off": 34904,
    "sff": "3 days"
  },
  {
    "docID": "N199 Ruitenberg 2005",
    "et": "Duration",
    "off": 46071,
    "sff": "10S"
  },
  {
    "docID": "N199 Ruitenberg 2005",
    "et": "Duration",
    "off": 45433,
    "sff": "6D"
  },
  {
    "docID": "N199 Ruitenberg 2005",
    "et": "Duration",
    "off": 6986,
    "sff": "3–4 days"
  },
  {
    "docID": "N199 Ruitenberg 2005",
    "et": "Duration",
    "off": 26351,
    "sff": "12 weeks"
  },
  {
    "docID": "N199 Ruitenberg 2005",
    "et": "Duration",
    "off": 27065,
    "sff": "2 min"
  },
  {
    "docID": "N199 Ruitenberg 2005",
    "et": "Duration",
    "off": 44000,
    "sff": "5D"
  },
  {
    "docID": "N199 Ruitenberg 2005",
    "et": "Duration",
    "off": 46537,
    "sff": "2 day"
  },
  {
    "docID": "N199 Ruitenberg 2005",
    "et": "Duration",
    "off": 9323,
    "sff": "7 days"
  },
  {
    "docID": "N199 Ruitenberg 2005",
    "et": "Duration",
    "off": 18659,
    "sff": "24 h"
  },
  {
    "docID": "N199 Ruitenberg 2005",
    "et": "Duration",
    "off": 25157,
    "sff": "48 h"
  },
  {
    "docID": "N199 Ruitenberg 2005",
    "et": "Duration",
    "off": 29727,
    "sff": "12 weeks"
  },
  {
    "docID": "N199 Ruitenberg 2005",
    "et": "Duration",
    "off": 7025,
    "sff": "4 days"
  },
  {
    "docID": "N199 Ruitenberg 2005",
    "et": "Duration",
    "off": 18755,
    "sff": "0.1 M"
  },
  {
    "docID": "N199 Ruitenberg 2005",
    "et": "Duration",
    "off": 30363,
    "sff": "12 weeks"
  },
  {
    "docID": "N199 Ruitenberg 2005",
    "et": "Duration",
    "off": 39017,
    "sff": "7 weeks"
  },
  {
    "docID": "N199 Ruitenberg 2005",
    "et": "Duration",
    "off": 29590,
    "sff": "12 weeks"
  },
  {
    "docID": "N199 Ruitenberg 2005",
    "et": "Duration",
    "off": 6034,
    "sff": "2 weeks"
  },
  {
    "docID": "N199 Ruitenberg 2005",
    "et": "Duration",
    "off": 35203,
    "sff": "4 days"
  },
  {
    "docID": "N199 Ruitenberg 2005",
    "et": "Duration",
    "off": 6742,
    "sff": "60 min"
  },
  {
    "docID": "N199 Ruitenberg 2005",
    "et": "Duration",
    "off": 40248,
    "sff": "3D"
  },
  {
    "docID": "N199 Ruitenberg 2005",
    "et": "Duration",
    "off": 11086,
    "sff": "48 h"
  },
  {
    "docID": "N199 Ruitenberg 2005",
    "et": "Duration",
    "off": 37773,
    "sff": "12 weeks"
  },
  {
    "docID": "N199 Ruitenberg 2005",
    "et": "Duration",
    "off": 6208,
    "sff": "10 weeks"
  },
  {
    "docID": "N199 Ruitenberg 2005",
    "et": "Duration",
    "off": 41567,
    "sff": "4D"
  },
  {
    "docID": "N199 Ruitenberg 2005",
    "et": "Duration",
    "off": 6397,
    "sff": "8 weeks"
  },
  {
    "docID": "N199 Ruitenberg 2005",
    "et": "Duration",
    "off": 25614,
    "sff": "7 days"
  },
  {
    "docID": "N199 Ruitenberg 2005",
    "et": "Duration",
    "off": 37874,
    "sff": "2 min"
  },
  {
    "docID": "N199 Ruitenberg 2005",
    "et": "Duration",
    "off": 33362,
    "sff": "10S"
  },
  {
    "docID": "N199 Ruitenberg 2005",
    "et": "Duration",
    "off": 26103,
    "sff": "3 weeks"
  },
  {
    "docID": "N199 Ruitenberg 2005",
    "et": "Duration",
    "off": 37480,
    "sff": "2 min"
  },
  {
    "docID": "N199 Ruitenberg 2005",
    "et": "Duration",
    "off": 33723,
    "sff": "10S"
  },
  {
    "docID": "N199 Ruitenberg 2005",
    "et": "Duration",
    "off": 16896,
    "sff": "2 min"
  },
  {
    "docID": "N199 Ruitenberg 2005",
    "et": "Duration",
    "off": 8824,
    "sff": "48 h"
  },
  {
    "docID": "N199 Ruitenberg 2005",
    "et": "Duration",
    "off": 12627,
    "sff": "72 h"
  },
  {
    "docID": "N199 Ruitenberg 2005",
    "et": "Duration",
    "off": 36667,
    "sff": "10 weeks"
  },
  {
    "docID": "N199 Ruitenberg 2005",
    "et": "Duration",
    "off": 10820,
    "sff": "10S"
  },
  {
    "docID": "N199 Ruitenberg 2005",
    "et": "Duration",
    "off": 1013,
    "sff": "3 months"
  },
  {
    "docID": "N199 Ruitenberg 2005",
    "et": "Duration",
    "off": 11326,
    "sff": "10S"
  },
  {
    "docID": "N199 Ruitenberg 2005",
    "et": "Duration",
    "off": 19284,
    "sff": "0.1 M"
  },
  {
    "docID": "N199 Ruitenberg 2005",
    "et": "LesionAdjacentTissue",
    "off": 42709,
    "sff": "lesion"
  },
  {
    "docID": "N199 Ruitenberg 2005",
    "et": "LesionAdjacentTissue",
    "off": 41367,
    "sff": "lesion"
  },
  {
    "docID": "N199 Ruitenberg 2005",
    "et": "LesionAdjacentTissue",
    "off": 36330,
    "sff": "adjacent"
  },
  {
    "docID": "N199 Ruitenberg 2005",
    "et": "LesionAdjacentTissue",
    "off": 29979,
    "sff": "lesion"
  },
  {
    "docID": "N199 Ruitenberg 2005",
    "et": "LesionAdjacentTissue",
    "off": 50267,
    "sff": "lesion"
  },
  {
    "docID": "N199 Ruitenberg 2005",
    "et": "LesionAdjacentTissue",
    "off": 14861,
    "sff": "lesion"
  },
  {
    "docID": "N199 Ruitenberg 2005",
    "et": "LesionAdjacentTissue",
    "off": 29852,
    "sff": "lesion"
  },
  {
    "docID": "N199 Ruitenberg 2005",
    "et": "LesionAdjacentTissue",
    "off": 31132,
    "sff": "lesion"
  },
  {
    "docID": "N199 Ruitenberg 2005",
    "et": "LesionAdjacentTissue",
    "off": 20315,
    "sff": "lesion"
  },
  {
    "docID": "N199 Ruitenberg 2005",
    "et": "LesionAdjacentTissue",
    "off": 18074,
    "sff": "lesion"
  },
  {
    "docID": "N199 Ruitenberg 2005",
    "et": "LesionAdjacentTissue",
    "off": 21585,
    "sff": "lesion"
  },
  {
    "docID": "N199 Ruitenberg 2005",
    "et": "LesionAdjacentTissue",
    "off": 20337,
    "sff": "adjacent"
  },
  {
    "docID": "N199 Ruitenberg 2005",
    "et": "LesionAdjacentTissue",
    "off": 49364,
    "sff": "lesion"
  },
  {
    "docID": "N199 Ruitenberg 2005",
    "et": "LesionAdjacentTissue",
    "off": 40133,
    "sff": "lesion"
  },
  {
    "docID": "N199 Ruitenberg 2005",
    "et": "LesionAdjacentTissue",
    "off": 41736,
    "sff": "lesion"
  },
  {
    "docID": "N199 Ruitenberg 2005",
    "et": "LesionAdjacentTissue",
    "off": 28745,
    "sff": "lesion"
  },
  {
    "docID": "N199 Ruitenberg 2005",
    "et": "LesionAdjacentTissue",
    "off": 31625,
    "sff": "lesion"
  },
  {
    "docID": "N199 Ruitenberg 2005",
    "et": "LesionAdjacentTissue",
    "off": 54089,
    "sff": "lesion"
  },
  {
    "docID": "N199 Ruitenberg 2005",
    "et": "LesionAdjacentTissue",
    "off": 19005,
    "sff": "lesion"
  },
  {
    "docID": "N199 Ruitenberg 2005",
    "et": "LesionAdjacentTissue",
    "off": 1036,
    "sff": "lesion"
  },
  {
    "docID": "N199 Ruitenberg 2005",
    "et": "LesionAdjacentTissue",
    "off": 49853,
    "sff": "lesion"
  },
  {
    "docID": "N199 Ruitenberg 2005",
    "et": "LesionAdjacentTissue",
    "off": 18186,
    "sff": "lesion"
  },
  {
    "docID": "N199 Ruitenberg 2005",
    "et": "LesionAdjacentTissue",
    "off": 48578,
    "sff": "lesion"
  },
  {
    "docID": "N199 Ruitenberg 2005",
    "et": "LesionAdjacentTissue",
    "off": 19590,
    "sff": "lesion"
  },
  {
    "docID": "N199 Ruitenberg 2005",
    "et": "LesionAdjacentTissue",
    "off": 21635,
    "sff": "lesion"
  },
  {
    "docID": "N199 Ruitenberg 2005",
    "et": "LesionAdjacentTissue",
    "off": 21430,
    "sff": "lesion"
  },
  {
    "docID": "N199 Ruitenberg 2005",
    "et": "LesionAdjacentTissue",
    "off": 50423,
    "sff": "lesion"
  },
  {
    "docID": "N199 Ruitenberg 2005",
    "et": "LesionAdjacentTissue",
    "off": 22200,
    "sff": "lesion"
  },
  {
    "docID": "N199 Ruitenberg 2005",
    "et": "LesionAdjacentTissue",
    "off": 29560,
    "sff": "lesion"
  },
  {
    "docID": "N199 Ruitenberg 2005",
    "et": "LesionAdjacentTissue",
    "off": 47738,
    "sff": "lesion"
  },
  {
    "docID": "N199 Ruitenberg 2005",
    "et": "LesionAdjacentTissue",
    "off": 22445,
    "sff": "lesion"
  },
  {
    "docID": "N199 Ruitenberg 2005",
    "et": "LesionAdjacentTissue",
    "off": 42989,
    "sff": "lesion"
  },
  {
    "docID": "N199 Ruitenberg 2005",
    "et": "LesionAdjacentTissue",
    "off": 23214,
    "sff": "lesion"
  },
  {
    "docID": "N199 Ruitenberg 2005",
    "et": "LesionAdjacentTissue",
    "off": 42801,
    "sff": "lesion"
  },
  {
    "docID": "N199 Ruitenberg 2005",
    "et": "LesionAdjacentTissue",
    "off": 42034,
    "sff": "lesion"
  },
  {
    "docID": "N199 Ruitenberg 2005",
    "et": "LesionAdjacentTissue",
    "off": 14902,
    "sff": "lesion"
  },
  {
    "docID": "N199 Ruitenberg 2005",
    "et": "LesionAdjacentTissue",
    "off": 39973,
    "sff": "lesion"
  },
  {
    "docID": "N199 Ruitenberg 2005",
    "et": "LesionAdjacentTissue",
    "off": 31398,
    "sff": "lesion"
  },
  {
    "docID": "N199 Ruitenberg 2005",
    "et": "LesionAdjacentTissue",
    "off": 50022,
    "sff": "lesion"
  },
  {
    "docID": "N199 Ruitenberg 2005",
    "et": "LesionAdjacentTissue",
    "off": 52006,
    "sff": "lesion"
  },
  {
    "docID": "N199 Ruitenberg 2005",
    "et": "LesionAdjacentTissue",
    "off": 53224,
    "sff": "lesion"
  },
  {
    "docID": "N199 Ruitenberg 2005",
    "et": "LesionAdjacentTissue",
    "off": 21546,
    "sff": "lesion"
  },
  {
    "docID": "N199 Ruitenberg 2005",
    "et": "LesionAdjacentTissue",
    "off": 28957,
    "sff": "lesion"
  },
  {
    "docID": "N199 Ruitenberg 2005",
    "et": "LesionAdjacentTissue",
    "off": 4650,
    "sff": "lesion"
  },
  {
    "docID": "N199 Ruitenberg 2005",
    "et": "LesionAdjacentTissue",
    "off": 42271,
    "sff": "lesion"
  },
  {
    "docID": "N199 Ruitenberg 2005",
    "et": "LesionAdjacentTissue",
    "off": 32226,
    "sff": "lesion"
  },
  {
    "docID": "N199 Ruitenberg 2005",
    "et": "LesionAdjacentTissue",
    "off": 42466,
    "sff": "lesion"
  },
  {
    "docID": "N199 Ruitenberg 2005",
    "et": "LesionAdjacentTissue",
    "off": 30307,
    "sff": "lesion"
  },
  {
    "docID": "N199 Ruitenberg 2005",
    "et": "SevereInjury",
    "off": 51512,
    "sff": "severe"
  },
  {
    "docID": "N199 Ruitenberg 2005",
    "et": "CentralNervousSystem",
    "off": 28992,
    "sff": "central"
  },
  {
    "docID": "N199 Ruitenberg 2005",
    "et": "CentralNervousSystem",
    "off": 53842,
    "sff": "central"
  },
  {
    "docID": "N199 Ruitenberg 2005",
    "et": "RocheMexico",
    "off": 10517,
    "sff": "Roche"
  },
  {
    "docID": "N199 Ruitenberg 2005",
    "et": "SpinalCentralPart",
    "off": 28992,
    "sff": "central"
  },
  {
    "docID": "N199 Ruitenberg 2005",
    "et": "SpinalCentralPart",
    "off": 53842,
    "sff": "central"
  },
  {
    "docID": "N199 Ruitenberg 2005",
    "et": "InjuryArea",
    "off": 40992,
    "sff": "area"
  },
  {
    "docID": "N199 Ruitenberg 2005",
    "et": "InjuryArea",
    "off": 19743,
    "sff": "area"
  },
  {
    "docID": "N199 Ruitenberg 2005",
    "et": "InjuryArea",
    "off": 29859,
    "sff": "area"
  },
  {
    "docID": "N199 Ruitenberg 2005",
    "et": "InjuryArea",
    "off": 20322,
    "sff": "area"
  },
  {
    "docID": "N199 Ruitenberg 2005",
    "et": "InjuryArea",
    "off": 45542,
    "sff": "area"
  },
  {
    "docID": "N199 Ruitenberg 2005",
    "et": "InjuryArea",
    "off": 30187,
    "sff": "area"
  },
  {
    "docID": "N199 Ruitenberg 2005",
    "et": "InjuryArea",
    "off": 23466,
    "sff": "area"
  },
  {
    "docID": "N199 Ruitenberg 2005",
    "et": "InjuryArea",
    "off": 45098,
    "sff": "area"
  },
  {
    "docID": "N199 Ruitenberg 2005",
    "et": "InjuryArea",
    "off": 23721,
    "sff": "area"
  },
  {
    "docID": "N199 Ruitenberg 2005",
    "et": "InjuryArea",
    "off": 32590,
    "sff": "area"
  },
  {
    "docID": "N199 Ruitenberg 2005",
    "et": "InjuryArea",
    "off": 14806,
    "sff": "area"
  },
  {
    "docID": "N199 Ruitenberg 2005",
    "et": "InjuryArea",
    "off": 25365,
    "sff": "area"
  },
  {
    "docID": "N199 Ruitenberg 2005",
    "et": "InjuryArea",
    "off": 42716,
    "sff": "area"
  },
  {
    "docID": "N199 Ruitenberg 2005",
    "et": "InjuryArea",
    "off": 23131,
    "sff": "area"
  },
  {
    "docID": "N199 Ruitenberg 2005",
    "et": "InjuryArea",
    "off": 24155,
    "sff": "area"
  },
  {
    "docID": "N199 Ruitenberg 2005",
    "et": "InjuryArea",
    "off": 23770,
    "sff": "area"
  },
  {
    "docID": "N199 Ruitenberg 2005",
    "et": "InjuryArea",
    "off": 45376,
    "sff": "area"
  },
  {
    "docID": "N199 Ruitenberg 2005",
    "et": "InjuryArea",
    "off": 50944,
    "sff": "area"
  },
  {
    "docID": "N199 Ruitenberg 2005",
    "et": "InjuryArea",
    "off": 30535,
    "sff": "area"
  },
  {
    "docID": "N199 Ruitenberg 2005",
    "et": "InjuryArea",
    "off": 44679,
    "sff": "area"
  },
  {
    "docID": "N199 Ruitenberg 2005",
    "et": "InjuryArea",
    "off": 23750,
    "sff": "area"
  },
  {
    "docID": "N199 Ruitenberg 2005",
    "et": "InjuryArea",
    "off": 42182,
    "sff": "area"
  },
  {
    "docID": "N199 Ruitenberg 2005",
    "et": "InjuryArea",
    "off": 32524,
    "sff": "area"
  },
  {
    "docID": "N199 Ruitenberg 2005",
    "et": "InjuryArea",
    "off": 32780,
    "sff": "area"
  },
  {
    "docID": "N199 Ruitenberg 2005",
    "et": "InjuryArea",
    "off": 40140,
    "sff": "area"
  },
  {
    "docID": "N199 Ruitenberg 2005",
    "et": "InjuryArea",
    "off": 24203,
    "sff": "area"
  },
  {
    "docID": "N199 Ruitenberg 2005",
    "et": "InjuryArea",
    "off": 50377,
    "sff": "area"
  },
  {
    "docID": "N199 Ruitenberg 2005",
    "et": "InjuryArea",
    "off": 40372,
    "sff": "area"
  },
  {
    "docID": "N199 Ruitenberg 2005",
    "et": "InjuryArea",
    "off": 30003,
    "sff": "area"
  },
  {
    "docID": "N199 Ruitenberg 2005",
    "et": "InjuryArea",
    "off": 36019,
    "sff": "area"
  },
  {
    "docID": "N199 Ruitenberg 2005",
    "et": "InjuryArea",
    "off": 48115,
    "sff": "area"
  },
  {
    "docID": "N199 Ruitenberg 2005",
    "et": "InjuryArea",
    "off": 19703,
    "sff": "area"
  },
  {
    "docID": "N199 Ruitenberg 2005",
    "et": "InjuryArea",
    "off": 23286,
    "sff": "area"
  },
  {
    "docID": "N199 Ruitenberg 2005",
    "et": "InjuryArea",
    "off": 36150,
    "sff": "area"
  },
  {
    "docID": "N199 Ruitenberg 2005",
    "et": "Forceps",
    "off": 13845,
    "sff": "forceps"
  },
  {
    "docID": "N199 Ruitenberg 2005",
    "et": "AnatomicalLocation",
    "off": 19818,
    "sff": "anatomical"
  },
  {
    "docID": "N199 Ruitenberg 2005",
    "et": "AnatomicalLocation",
    "off": 54831,
    "sff": "anatomical"
  },
  {
    "docID": "N199 Ruitenberg 2005",
    "et": "AnatomicalLocation",
    "off": 52493,
    "sff": "anatomical"
  },
  {
    "docID": "N199 Ruitenberg 2005",
    "et": "MedicationDuringSurgery",
    "off": 15035,
    "sff": "During"
  },
  {
    "docID": "N199 Ruitenberg 2005",
    "et": "MedicationDuringSurgery",
    "off": 36526,
    "sff": "during"
  },
  {
    "docID": "N199 Ruitenberg 2005",
    "et": "MedicationDuringSurgery",
    "off": 27135,
    "sff": "during"
  },
  {
    "docID": "N199 Ruitenberg 2005",
    "et": "MedicationDuringSurgery",
    "off": 13340,
    "sff": "during"
  },
  {
    "docID": "N199 Ruitenberg 2005",
    "et": "Brain",
    "off": 53985,
    "sff": "brain"
  },
  {
    "docID": "N199 Ruitenberg 2005",
    "et": "Brain",
    "off": 18669,
    "sff": "brain"
  },
  {
    "docID": "N199 Ruitenberg 2005",
    "et": "Laminectomy",
    "off": 13854,
    "sff": "Laminectomy"
  },
  {
    "docID": "N199 Ruitenberg 2005",
    "et": "SpinalWhiteMatter",
    "off": 22004,
    "sff": "white matter"
  },
  {
    "docID": "N199 Ruitenberg 2005",
    "et": "SpinalWhiteMatter",
    "off": 29030,
    "sff": "white matter"
  },
  {
    "docID": "N199 Ruitenberg 2005",
    "et": "SpinalWhiteMatter",
    "off": 30810,
    "sff": "white matter"
  },
  {
    "docID": "N199 Ruitenberg 2005",
    "et": "SpinalWhiteMatter",
    "off": 42190,
    "sff": "white matter"
  },
  {
    "docID": "N199 Ruitenberg 2005",
    "et": "SpinalWhiteMatter",
    "off": 29825,
    "sff": "white"
  },
  {
    "docID": "N199 Ruitenberg 2005",
    "et": "SpinalWhiteMatter",
    "off": 48064,
    "sff": "white matter"
  },
  {
    "docID": "N199 Ruitenberg 2005",
    "et": "Dorsal",
    "off": 14119,
    "sff": "dorsal"
  },
  {
    "docID": "N199 Ruitenberg 2005",
    "et": "Dorsal",
    "off": 42297,
    "sff": "dorsal"
  },
  {
    "docID": "N199 Ruitenberg 2005",
    "et": "Dorsal",
    "off": 17113,
    "sff": "dorsal"
  },
  {
    "docID": "N199 Ruitenberg 2005",
    "et": "Dorsal",
    "off": 28205,
    "sff": "dorsal"
  },
  {
    "docID": "N199 Ruitenberg 2005",
    "et": "Dorsal",
    "off": 8684,
    "sff": "dorsal"
  },
  {
    "docID": "N199 Ruitenberg 2005",
    "et": "Dorsal",
    "off": 25070,
    "sff": "dorsal"
  },
  {
    "docID": "N199 Ruitenberg 2005",
    "et": "Dorsal",
    "off": 52836,
    "sff": "dorsal"
  },
  {
    "docID": "N199 Ruitenberg 2005",
    "et": "Dorsal",
    "off": 644,
    "sff": "dorsal"
  },
  {
    "docID": "N199 Ruitenberg 2005",
    "et": "Dorsal",
    "off": 54563,
    "sff": "dorsal"
  },
  {
    "docID": "N199 Ruitenberg 2005",
    "et": "MeasurementOfIncreasingTemperature",
    "off": 11365,
    "sff": "increasing"
  },
  {
    "docID": "N199 Ruitenberg 2005",
    "et": "MeasurementOfIncreasingTemperature",
    "off": 52151,
    "sff": "increasing"
  },
  {
    "docID": "N199 Ruitenberg 2005",
    "et": "MeasurementOfIncreasingTemperature",
    "off": 22532,
    "sff": "measurement"
  },
  {
    "docID": "N199 Ruitenberg 2005",
    "et": "MethylprednisoloneMP",
    "off": 51766,
    "sff": "methylprednisolone"
  },
  {
    "docID": "N199 Ruitenberg 2005",
    "et": "Antibody",
    "off": 11827,
    "sff": "antibody"
  },
  {
    "docID": "N199 Ruitenberg 2005",
    "et": "Antibody",
    "off": 10084,
    "sff": "antibody"
  },
  {
    "docID": "N199 Ruitenberg 2005",
    "et": "Antibody",
    "off": 7141,
    "sff": "antibody"
  },
  {
    "docID": "N199 Ruitenberg 2005",
    "et": "Antibody",
    "off": 9005,
    "sff": "antibody"
  },
  {
    "docID": "N199 Ruitenberg 2005",
    "et": "Antibody",
    "off": 11884,
    "sff": "antibody"
  },
  {
    "docID": "N199 Ruitenberg 2005",
    "et": "RadiofrequencyLesionDevice",
    "off": 18186,
    "sff": "lesion"
  },
  {
    "docID": "N199 Ruitenberg 2005",
    "et": "RadiofrequencyLesionDevice",
    "off": 28745,
    "sff": "lesion"
  },
  {
    "docID": "N199 Ruitenberg 2005",
    "et": "RadiofrequencyLesionDevice",
    "off": 31625,
    "sff": "lesion"
  },
  {
    "docID": "N199 Ruitenberg 2005",
    "et": "RadiofrequencyLesionDevice",
    "off": 54089,
    "sff": "lesion"
  },
  {
    "docID": "N199 Ruitenberg 2005",
    "et": "RadiofrequencyLesionDevice",
    "off": 1036,
    "sff": "lesion"
  },
  {
    "docID": "N199 Ruitenberg 2005",
    "et": "RadiofrequencyLesionDevice",
    "off": 19590,
    "sff": "lesion"
  },
  {
    "docID": "N199 Ruitenberg 2005",
    "et": "RadiofrequencyLesionDevice",
    "off": 40133,
    "sff": "lesion"
  },
  {
    "docID": "N199 Ruitenberg 2005",
    "et": "RadiofrequencyLesionDevice",
    "off": 41736,
    "sff": "lesion"
  },
  {
    "docID": "N199 Ruitenberg 2005",
    "et": "RadiofrequencyLesionDevice",
    "off": 48578,
    "sff": "lesion"
  },
  {
    "docID": "N199 Ruitenberg 2005",
    "et": "RadiofrequencyLesionDevice",
    "off": 21635,
    "sff": "lesion"
  },
  {
    "docID": "N199 Ruitenberg 2005",
    "et": "RadiofrequencyLesionDevice",
    "off": 19005,
    "sff": "lesion"
  },
  {
    "docID": "N199 Ruitenberg 2005",
    "et": "RadiofrequencyLesionDevice",
    "off": 49853,
    "sff": "lesion"
  },
  {
    "docID": "N199 Ruitenberg 2005",
    "et": "RadiofrequencyLesionDevice",
    "off": 47738,
    "sff": "lesion"
  },
  {
    "docID": "N199 Ruitenberg 2005",
    "et": "RadiofrequencyLesionDevice",
    "off": 14902,
    "sff": "lesion"
  },
  {
    "docID": "N199 Ruitenberg 2005",
    "et": "RadiofrequencyLesionDevice",
    "off": 21430,
    "sff": "lesion"
  },
  {
    "docID": "N199 Ruitenberg 2005",
    "et": "RadiofrequencyLesionDevice",
    "off": 22200,
    "sff": "lesion"
  },
  {
    "docID": "N199 Ruitenberg 2005",
    "et": "RadiofrequencyLesionDevice",
    "off": 29560,
    "sff": "lesion"
  },
  {
    "docID": "N199 Ruitenberg 2005",
    "et": "RadiofrequencyLesionDevice",
    "off": 50423,
    "sff": "lesion"
  },
  {
    "docID": "N199 Ruitenberg 2005",
    "et": "RadiofrequencyLesionDevice",
    "off": 42034,
    "sff": "lesion"
  },
  {
    "docID": "N199 Ruitenberg 2005",
    "et": "RadiofrequencyLesionDevice",
    "off": 42801,
    "sff": "lesion"
  },
  {
    "docID": "N199 Ruitenberg 2005",
    "et": "RadiofrequencyLesionDevice",
    "off": 23214,
    "sff": "lesion"
  },
  {
    "docID": "N199 Ruitenberg 2005",
    "et": "RadiofrequencyLesionDevice",
    "off": 22445,
    "sff": "lesion"
  },
  {
    "docID": "N199 Ruitenberg 2005",
    "et": "RadiofrequencyLesionDevice",
    "off": 42989,
    "sff": "lesion"
  },
  {
    "docID": "N199 Ruitenberg 2005",
    "et": "RadiofrequencyLesionDevice",
    "off": 4650,
    "sff": "lesion"
  },
  {
    "docID": "N199 Ruitenberg 2005",
    "et": "RadiofrequencyLesionDevice",
    "off": 21546,
    "sff": "lesion"
  },
  {
    "docID": "N199 Ruitenberg 2005",
    "et": "RadiofrequencyLesionDevice",
    "off": 31398,
    "sff": "lesion"
  },
  {
    "docID": "N199 Ruitenberg 2005",
    "et": "RadiofrequencyLesionDevice",
    "off": 50022,
    "sff": "lesion"
  },
  {
    "docID": "N199 Ruitenberg 2005",
    "et": "RadiofrequencyLesionDevice",
    "off": 52006,
    "sff": "lesion"
  },
  {
    "docID": "N199 Ruitenberg 2005",
    "et": "RadiofrequencyLesionDevice",
    "off": 39973,
    "sff": "lesion"
  },
  {
    "docID": "N199 Ruitenberg 2005",
    "et": "RadiofrequencyLesionDevice",
    "off": 53224,
    "sff": "lesion"
  },
  {
    "docID": "N199 Ruitenberg 2005",
    "et": "RadiofrequencyLesionDevice",
    "off": 32226,
    "sff": "lesion"
  },
  {
    "docID": "N199 Ruitenberg 2005",
    "et": "RadiofrequencyLesionDevice",
    "off": 42466,
    "sff": "lesion"
  },
  {
    "docID": "N199 Ruitenberg 2005",
    "et": "RadiofrequencyLesionDevice",
    "off": 30307,
    "sff": "lesion"
  },
  {
    "docID": "N199 Ruitenberg 2005",
    "et": "RadiofrequencyLesionDevice",
    "off": 28957,
    "sff": "lesion"
  },
  {
    "docID": "N199 Ruitenberg 2005",
    "et": "RadiofrequencyLesionDevice",
    "off": 42271,
    "sff": "lesion"
  },
  {
    "docID": "N199 Ruitenberg 2005",
    "et": "RadiofrequencyLesionDevice",
    "off": 18074,
    "sff": "lesion"
  },
  {
    "docID": "N199 Ruitenberg 2005",
    "et": "RadiofrequencyLesionDevice",
    "off": 29852,
    "sff": "lesion"
  },
  {
    "docID": "N199 Ruitenberg 2005",
    "et": "RadiofrequencyLesionDevice",
    "off": 31132,
    "sff": "lesion"
  },
  {
    "docID": "N199 Ruitenberg 2005",
    "et": "RadiofrequencyLesionDevice",
    "off": 20315,
    "sff": "lesion"
  },
  {
    "docID": "N199 Ruitenberg 2005",
    "et": "RadiofrequencyLesionDevice",
    "off": 29979,
    "sff": "lesion"
  },
  {
    "docID": "N199 Ruitenberg 2005",
    "et": "RadiofrequencyLesionDevice",
    "off": 50267,
    "sff": "lesion"
  },
  {
    "docID": "N199 Ruitenberg 2005",
    "et": "RadiofrequencyLesionDevice",
    "off": 42709,
    "sff": "lesion"
  },
  {
    "docID": "N199 Ruitenberg 2005",
    "et": "RadiofrequencyLesionDevice",
    "off": 41367,
    "sff": "lesion"
  },
  {
    "docID": "N199 Ruitenberg 2005",
    "et": "RadiofrequencyLesionDevice",
    "off": 21585,
    "sff": "lesion"
  },
  {
    "docID": "N199 Ruitenberg 2005",
    "et": "RadiofrequencyLesionDevice",
    "off": 49364,
    "sff": "lesion"
  },
  {
    "docID": "N199 Ruitenberg 2005",
    "et": "RadiofrequencyLesionDevice",
    "off": 14861,
    "sff": "lesion"
  },
  {
    "docID": "N199 Ruitenberg 2005",
    "et": "Protein",
    "off": 9770,
    "sff": "protein"
  },
  {
    "docID": "N199 Ruitenberg 2005",
    "et": "Protein",
    "off": 35339,
    "sff": "protein"
  },
  {
    "docID": "N199 Ruitenberg 2005",
    "et": "Protein",
    "off": 48972,
    "sff": "protein"
  },
  {
    "docID": "N199 Ruitenberg 2005",
    "et": "Protein",
    "off": 34025,
    "sff": "protein"
  },
  {
    "docID": "N199 Ruitenberg 2005",
    "et": "Protein",
    "off": 9746,
    "sff": "protein"
  },
  {
    "docID": "N199 Ruitenberg 2005",
    "et": "Protein",
    "off": 12772,
    "sff": "protein"
  },
  {
    "docID": "N199 Ruitenberg 2005",
    "et": "Protein",
    "off": 34245,
    "sff": "protein"
  },
  {
    "docID": "N199 Ruitenberg 2005",
    "et": "GlialCell",
    "off": 9722,
    "sff": "Glial"
  },
  {
    "docID": "N199 Ruitenberg 2005",
    "et": "GlialCell",
    "off": 40463,
    "sff": "glial"
  },
  {
    "docID": "N199 Ruitenberg 2005",
    "et": "PostSurgeryCondition",
    "off": 13221,
    "sff": "surgery"
  },
  {
    "docID": "N199 Ruitenberg 2005",
    "et": "PostSurgeryCondition",
    "off": 29605,
    "sff": "surgery"
  },
  {
    "docID": "N199 Ruitenberg 2005",
    "et": "PostSurgeryCondition",
    "off": 36965,
    "sff": "surgery"
  },
  {
    "docID": "N199 Ruitenberg 2005",
    "et": "PostSurgeryCondition",
    "off": 44015,
    "sff": "post"
  },
  {
    "docID": "N199 Ruitenberg 2005",
    "et": "PostSurgeryCondition",
    "off": 37788,
    "sff": "surgery"
  },
  {
    "docID": "N199 Ruitenberg 2005",
    "et": "PostSurgeryCondition",
    "off": 38455,
    "sff": "postsurgery"
  },
  {
    "docID": "N199 Ruitenberg 2005",
    "et": "PostSurgeryCondition",
    "off": 14558,
    "sff": "surgery"
  },
  {
    "docID": "N199 Ruitenberg 2005",
    "et": "PostSurgeryCondition",
    "off": 26366,
    "sff": "surgery"
  },
  {
    "docID": "N199 Ruitenberg 2005",
    "et": "PostSurgeryCondition",
    "off": 5854,
    "sff": "surgery"
  },
  {
    "docID": "N199 Ruitenberg 2005",
    "et": "PostSurgeryCondition",
    "off": 28499,
    "sff": "post-surgery"
  },
  {
    "docID": "N199 Ruitenberg 2005",
    "et": "PostSurgeryCondition",
    "off": 5971,
    "sff": "surgery"
  },
  {
    "docID": "N199 Ruitenberg 2005",
    "et": "PostSurgeryCondition",
    "off": 13554,
    "sff": "surgery"
  },
  {
    "docID": "N199 Ruitenberg 2005",
    "et": "PostSurgeryCondition",
    "off": 12875,
    "sff": "surgery"
  },
  {
    "docID": "N199 Ruitenberg 2005",
    "et": "PostSurgeryCondition",
    "off": 29742,
    "sff": "surgery"
  },
  {
    "docID": "N199 Ruitenberg 2005",
    "et": "PostSurgeryCondition",
    "off": 12839,
    "sff": "surgery"
  },
  {
    "docID": "N199 Ruitenberg 2005",
    "et": "PostSurgeryCondition",
    "off": 37607,
    "sff": "surgery"
  },
  {
    "docID": "N199 Ruitenberg 2005",
    "et": "PostSurgeryCondition",
    "off": 26121,
    "sff": "surgery"
  },
  {
    "docID": "N199 Ruitenberg 2005",
    "et": "PostSurgeryCondition",
    "off": 38249,
    "sff": "surgery"
  },
  {
    "docID": "N199 Ruitenberg 2005",
    "et": "PostSurgeryCondition",
    "off": 30378,
    "sff": "surgery"
  },
  {
    "docID": "N199 Ruitenberg 2005",
    "et": "VimentinAntiSenseDNA",
    "off": 9501,
    "sff": "antisense"
  },
  {
    "docID": "N199 Ruitenberg 2005",
    "et": "RatSpecies",
    "off": 759,
    "sff": "rat"
  },
  {
    "docID": "N199 Ruitenberg 2005",
    "et": "RatSpecies",
    "off": 19543,
    "sff": "rat"
  },
  {
    "docID": "N199 Ruitenberg 2005",
    "et": "RatSpecies",
    "off": 30356,
    "sff": "rat"
  },
  {
    "docID": "N199 Ruitenberg 2005",
    "et": "RatSpecies",
    "off": 16432,
    "sff": "rat"
  },
  {
    "docID": "N199 Ruitenberg 2005",
    "et": "RatSpecies",
    "off": 33324,
    "sff": "rat"
  },
  {
    "docID": "N199 Ruitenberg 2005",
    "et": "RatSpecies",
    "off": 38920,
    "sff": "rat"
  },
  {
    "docID": "N199 Ruitenberg 2005",
    "et": "RatSpecies",
    "off": 39816,
    "sff": "rat"
  },
  {
    "docID": "N199 Ruitenberg 2005",
    "et": "RatSpecies",
    "off": 28485,
    "sff": "rat"
  },
  {
    "docID": "N199 Ruitenberg 2005",
    "et": "RatSpecies",
    "off": 6304,
    "sff": "rat"
  },
  {
    "docID": "N199 Ruitenberg 2005",
    "et": "RatSpecies",
    "off": 4602,
    "sff": "rat"
  },
  {
    "docID": "N199 Ruitenberg 2005",
    "et": "RatSpecies",
    "off": 23576,
    "sff": "rat"
  },
  {
    "docID": "N199 Ruitenberg 2005",
    "et": "RatSpecies",
    "off": 29720,
    "sff": "rat"
  },
  {
    "docID": "N199 Ruitenberg 2005",
    "et": "RatSpecies",
    "off": 30072,
    "sff": "rat"
  },
  {
    "docID": "N199 Ruitenberg 2005",
    "et": "InjuryIntensity",
    "off": 22603,
    "sff": "intensity"
  },
  {
    "docID": "N199 Ruitenberg 2005",
    "et": "InjuryIntensity",
    "off": 21817,
    "sff": "intensity"
  },
  {
    "docID": "N199 Ruitenberg 2005",
    "et": "InjuryIntensity",
    "off": 32010,
    "sff": "intensity"
  },
  {
    "docID": "N199 Ruitenberg 2005",
    "et": "InjuryIntensity",
    "off": 21350,
    "sff": "intensity"
  },
  {
    "docID": "N199 Ruitenberg 2005",
    "et": "InjuryIntensity",
    "off": 21855,
    "sff": "intensity"
  },
  {
    "docID": "N199 Ruitenberg 2005",
    "et": "InjuryIntensity",
    "off": 42655,
    "sff": "intensity"
  },
  {
    "docID": "N199 Ruitenberg 2005",
    "et": "Direction",
    "off": 42445,
    "sff": "direction"
  },
  {
    "docID": "N199 Ruitenberg 2005",
    "et": "SodiumPentobarbital",
    "off": 18365,
    "sff": "sodium"
  },
  {
    "docID": "N199 Ruitenberg 2005",
    "et": "SodiumPentobarbital",
    "off": 19304,
    "sff": "sodium"
  },
  {
    "docID": "N199 Ruitenberg 2005",
    "et": "VertebralArea",
    "off": 18591,
    "sff": "vertebral"
  },
  {
    "docID": "N199 Ruitenberg 2005",
    "et": "Caudal",
    "off": 43012,
    "sff": "caudal"
  },
  {
    "docID": "N199 Ruitenberg 2005",
    "et": "Caudal",
    "off": 42438,
    "sff": "caudal"
  },
  {
    "docID": "N199 Ruitenberg 2005",
    "et": "Caudal",
    "off": 13707,
    "sff": "caudal"
  },
  {
    "docID": "N199 Ruitenberg 2005",
    "et": "Caudal",
    "off": 48605,
    "sff": "caudal"
  },
  {
    "docID": "N199 Ruitenberg 2005",
    "et": "Caudal",
    "off": 18860,
    "sff": "caudal"
  },
  {
    "docID": "N199 Ruitenberg 2005",
    "et": "VertebralSegment",
    "off": 18591,
    "sff": "vertebral"
  },
  {
    "docID": "N199 Ruitenberg 2005",
    "et": "Enzyme",
    "off": 312,
    "sff": "enzyme"
  },
  {
    "docID": "N199 Ruitenberg 2005",
    "et": "SchwannCell",
    "off": 46790,
    "sff": "Schwann cell"
  },
  {
    "docID": "N199 Ruitenberg 2005",
    "et": "SchwannCell",
    "off": 45792,
    "sff": "Schwann cell"
  },
  {
    "docID": "N199 Ruitenberg 2005",
    "et": "SchwannCell",
    "off": 34544,
    "sff": "Schwann"
  },
  {
    "docID": "N199 Ruitenberg 2005",
    "et": "SchwannCell",
    "off": 46911,
    "sff": "Schwann cell"
  },
  {
    "docID": "N199 Ruitenberg 2005",
    "et": "SchwannCell",
    "off": 48817,
    "sff": "Schwann"
  },
  {
    "docID": "N199 Ruitenberg 2005",
    "et": "SchwannCell",
    "off": 41077,
    "sff": "Schwann"
  },
  {
    "docID": "N199 Ruitenberg 2005",
    "et": "NewZealandRabbit",
    "off": 11510,
    "sff": "new"
  },
  {
    "docID": "N199 Ruitenberg 2005",
    "et": "SigmaAldrich",
    "off": 10897,
    "sff": "Sigma"
  },
  {
    "docID": "N199 Ruitenberg 2005",
    "et": "SigmaAldrich",
    "off": 10867,
    "sff": "Sigma"
  },
  {
    "docID": "N199 Ruitenberg 2005",
    "et": "SigmaAldrich",
    "off": 19318,
    "sff": "Sigma"
  },
  {
    "docID": "N199 Ruitenberg 2005",
    "et": "SigmaAldrich",
    "off": 10727,
    "sff": "Sigma"
  },
  {
    "docID": "N199 Ruitenberg 2005",
    "et": "SigmaAldrich",
    "off": 6726,
    "sff": "Sigma"
  },
  {
    "docID": "N199 Ruitenberg 2005",
    "et": "SigmaAldrich",
    "off": 6934,
    "sff": "Sigma"
  },
  {
    "docID": "N199 Ruitenberg 2005",
    "et": "SigmaAldrich",
    "off": 11904,
    "sff": "Sigma"
  },
  {
    "docID": "N199 Ruitenberg 2005",
    "et": "DescendingFiberTract",
    "off": 4858,
    "sff": "descending"
  },
  {
    "docID": "N199 Ruitenberg 2005",
    "et": "DescendingFiberTract",
    "off": 47835,
    "sff": "descending"
  },
  {
    "docID": "N199 Ruitenberg 2005",
    "et": "DescendingFiberTract",
    "off": 54875,
    "sff": "descending"
  },
  {
    "docID": "N199 Ruitenberg 2005",
    "et": "PartialTransection",
    "off": 51567,
    "sff": "partial"
  },
  {
    "docID": "N199 Ruitenberg 2005",
    "et": "PartialTransection",
    "off": 54081,
    "sff": "partial"
  },
  {
    "docID": "N199 Ruitenberg 2005",
    "et": "PartialTransection",
    "off": 26627,
    "sff": "partial"
  },
  {
    "docID": "N199 Ruitenberg 2005",
    "et": "PartialTransection",
    "off": 50884,
    "sff": "partial"
  },
  {
    "docID": "N199 Ruitenberg 2005",
    "et": "VertebralLocation",
    "off": 18591,
    "sff": "vertebral"
  },
  {
    "docID": "N199 Ruitenberg 2005",
    "et": "GreenFluorescentProtein",
    "off": 29477,
    "sff": "green"
  },
  {
    "docID": "N199 Ruitenberg 2005",
    "et": "GreenFluorescentProtein",
    "off": 34232,
    "sff": "green"
  },
  {
    "docID": "N199 Ruitenberg 2005",
    "et": "GreenFluorescentProtein",
    "off": 48954,
    "sff": "green fluorescent protein"
  },
  {
    "docID": "N199 Ruitenberg 2005",
    "et": "GreenFluorescentProtein",
    "off": 48954,
    "sff": "green fluorescent"
  },
  {
    "docID": "N199 Ruitenberg 2005",
    "et": "GreenFluorescentProtein",
    "off": 33467,
    "sff": "green"
  },
  {
    "docID": "N199 Ruitenberg 2005",
    "et": "StemCellSourceType",
    "off": 6804,
    "sff": "cell"
  },
  {
    "docID": "N199 Ruitenberg 2005",
    "et": "StemCellSourceType",
    "off": 12151,
    "sff": "cell"
  },
  {
    "docID": "N199 Ruitenberg 2005",
    "et": "StemCellSourceType",
    "off": 12887,
    "sff": "cell"
  },
  {
    "docID": "N199 Ruitenberg 2005",
    "et": "StemCellSourceType",
    "off": 8182,
    "sff": "cell"
  },
  {
    "docID": "N199 Ruitenberg 2005",
    "et": "StemCellSourceType",
    "off": 700,
    "sff": "cell"
  },
  {
    "docID": "N199 Ruitenberg 2005",
    "et": "StemCellSourceType",
    "off": 4124,
    "sff": "cell"
  },
  {
    "docID": "N199 Ruitenberg 2005",
    "et": "StemCellSourceType",
    "off": 2339,
    "sff": "cell"
  },
  {
    "docID": "N199 Ruitenberg 2005",
    "et": "StemCellSourceType",
    "off": 10275,
    "sff": "cell"
  },
  {
    "docID": "N199 Ruitenberg 2005",
    "et": "StemCellSourceType",
    "off": 40899,
    "sff": "cell"
  },
  {
    "docID": "N199 Ruitenberg 2005",
    "et": "StemCellSourceType",
    "off": 46437,
    "sff": "cell"
  },
  {
    "docID": "N199 Ruitenberg 2005",
    "et": "StemCellSourceType",
    "off": 4124,
    "sff": "cell type"
  },
  {
    "docID": "N199 Ruitenberg 2005",
    "et": "StemCellSourceType",
    "off": 12036,
    "sff": "cell"
  },
  {
    "docID": "N199 Ruitenberg 2005",
    "et": "StemCellSourceType",
    "off": 46919,
    "sff": "cell"
  },
  {
    "docID": "N199 Ruitenberg 2005",
    "et": "StemCellSourceType",
    "off": 45800,
    "sff": "cell"
  },
  {
    "docID": "N199 Ruitenberg 2005",
    "et": "StemCellSourceType",
    "off": 46798,
    "sff": "cell"
  },
  {
    "docID": "N199 Ruitenberg 2005",
    "et": "StemCellSourceType",
    "off": 10449,
    "sff": "cell"
  },
  {
    "docID": "N199 Ruitenberg 2005",
    "et": "InVitroExperimentalProcedure",
    "off": 31467,
    "sff": "experimental"
  },
  {
    "docID": "N199 Ruitenberg 2005",
    "et": "InVitroExperimentalProcedure",
    "off": 42536,
    "sff": "experimental"
  },
  {
    "docID": "N199 Ruitenberg 2005",
    "et": "InVitroExperimentalProcedure",
    "off": 51436,
    "sff": "experimental"
  },
  {
    "docID": "N199 Ruitenberg 2005",
    "et": "InVitroExperimentalProcedure",
    "off": 5345,
    "sff": "experimental"
  },
  {
    "docID": "N199 Ruitenberg 2005",
    "et": "InVitroExperimentalProcedure",
    "off": 49825,
    "sff": "experimental"
  },
  {
    "docID": "N199 Ruitenberg 2005",
    "et": "InVitroExperimentalProcedure",
    "off": 25831,
    "sff": "experimental"
  },
  {
    "docID": "N199 Ruitenberg 2005",
    "et": "InVitroExperimentalProcedure",
    "off": 37542,
    "sff": "experimental"
  },
  {
    "docID": "N199 Ruitenberg 2005",
    "et": "InVitroExperimentalProcedure",
    "off": 37734,
    "sff": "experimental"
  },
  {
    "docID": "N199 Ruitenberg 2005",
    "et": "InVitroExperimentalProcedure",
    "off": 24619,
    "sff": "vitro"
  },
  {
    "docID": "N199 Ruitenberg 2005",
    "et": "InVitroExperimentalProcedure",
    "off": 1599,
    "sff": "experimental"
  },
  {
    "docID": "N199 Ruitenberg 2005",
    "et": "InVitroExperimentalProcedure",
    "off": 12349,
    "sff": "experimental"
  },
  {
    "docID": "N199 Ruitenberg 2005",
    "et": "InVitroExperimentalProcedure",
    "off": 44093,
    "sff": "experimental"
  },
  {
    "docID": "N199 Ruitenberg 2005",
    "et": "InVitroExperimentalProcedure",
    "off": 34865,
    "sff": "vitro"
  },
  {
    "docID": "N199 Ruitenberg 2005",
    "et": "InVitroExperimentalProcedure",
    "off": 43059,
    "sff": "experimental"
  },
  {
    "docID": "N199 Ruitenberg 2005",
    "et": "InVitroExperimentalProcedure",
    "off": 10483,
    "sff": "vitro"
  },
  {
    "docID": "N199 Ruitenberg 2005",
    "et": "InVitroExperimentalProcedure",
    "off": 32561,
    "sff": "experimental"
  },
  {
    "docID": "N199 Ruitenberg 2005",
    "et": "InVitroExperimentalProcedure",
    "off": 38647,
    "sff": "experimental"
  },
  {
    "docID": "N199 Ruitenberg 2005",
    "et": "InVitroExperimentalProcedure",
    "off": 47607,
    "sff": "experimental"
  },
  {
    "docID": "N199 Ruitenberg 2005",
    "et": "InVitroExperimentalProcedure",
    "off": 25910,
    "sff": "experimental"
  },
  {
    "docID": "N199 Ruitenberg 2005",
    "et": "InVitroExperimentalProcedure",
    "off": 45880,
    "sff": "vitro"
  },
  {
    "docID": "N199 Ruitenberg 2005",
    "et": "InVitroExperimentalProcedure",
    "off": 11273,
    "sff": "experimental"
  },
  {
    "docID": "N199 Ruitenberg 2005",
    "et": "InVitroExperimentalProcedure",
    "off": 9565,
    "sff": "vitro"
  },
  {
    "docID": "N199 Ruitenberg 2005",
    "et": "InVitroExperimentalProcedure",
    "off": 33160,
    "sff": "experimental"
  },
  {
    "docID": "N199 Ruitenberg 2005",
    "et": "InVitroExperimentalProcedure",
    "off": 38024,
    "sff": "experimental"
  },
  {
    "docID": "N199 Ruitenberg 2005",
    "et": "InVitroExperimentalProcedure",
    "off": 39695,
    "sff": "experimental"
  },
  {
    "docID": "N199 Ruitenberg 2005",
    "et": "InVitroExperimentalProcedure",
    "off": 45135,
    "sff": "experimental"
  },
  {
    "docID": "N199 Ruitenberg 2005",
    "et": "InVitroExperimentalProcedure",
    "off": 46558,
    "sff": "vitro"
  },
  {
    "docID": "N199 Ruitenberg 2005",
    "et": "InVitroExperimentalProcedure",
    "off": 11470,
    "sff": "experimental"
  },
  {
    "docID": "N199 Ruitenberg 2005",
    "et": "InVitroExperimentalProcedure",
    "off": 38094,
    "sff": "experimental"
  },
  {
    "docID": "N199 Ruitenberg 2005",
    "et": "InVitroExperimentalProcedure",
    "off": 32141,
    "sff": "experimental"
  },
  {
    "docID": "N199 Ruitenberg 2005",
    "et": "InVitroExperimentalProcedure",
    "off": 36994,
    "sff": "experimental"
  },
  {
    "docID": "N199 Ruitenberg 2005",
    "et": "InVitroExperimentalProcedure",
    "off": 8036,
    "sff": "vitro"
  },
  {
    "docID": "N199 Ruitenberg 2005",
    "et": "InVitroExperimentalProcedure",
    "off": 15553,
    "sff": "experimental"
  },
  {
    "docID": "N199 Ruitenberg 2005",
    "et": "InVitroExperimentalProcedure",
    "off": 26176,
    "sff": "experimental"
  },
  {
    "docID": "N199 Ruitenberg 2005",
    "et": "InVitroExperimentalProcedure",
    "off": 33192,
    "sff": "vitro"
  },
  {
    "docID": "N199 Ruitenberg 2005",
    "et": "InVitroExperimentalProcedure",
    "off": 38533,
    "sff": "experimental"
  },
  {
    "docID": "N199 Ruitenberg 2005",
    "et": "InVitroExperimentalProcedure",
    "off": 11932,
    "sff": "experimental"
  },
  {
    "docID": "N199 Ruitenberg 2005",
    "et": "InVitroExperimentalProcedure",
    "off": 11731,
    "sff": "experimental"
  },
  {
    "docID": "N199 Ruitenberg 2005",
    "et": "InVitroExperimentalProcedure",
    "off": 52115,
    "sff": "experimental"
  },
  {
    "docID": "N199 Ruitenberg 2005",
    "et": "InVitroExperimentalProcedure",
    "off": 24981,
    "sff": "vitro"
  },
  {
    "docID": "N199 Ruitenberg 2005",
    "et": "InVitroExperimentalProcedure",
    "off": 26448,
    "sff": "experimental"
  },
  {
    "docID": "N199 Ruitenberg 2005",
    "et": "MeasurementOfDecreasingTemperature",
    "off": 22532,
    "sff": "measurement"
  },
  {
    "docID": "N199 Ruitenberg 2005",
    "et": "MeasurementOfDecreasingTemperature",
    "off": 42732,
    "sff": "decreasing"
  },
  {
    "docID": "N199 Ruitenberg 2005",
    "et": "IntraperitonealLocation",
    "off": 18333,
    "sff": "intraperitoneal"
  },
  {
    "docID": "N199 Ruitenberg 2005",
    "et": "VentralInjuryArea",
    "off": 50399,
    "sff": "ventral"
  },
  {
    "docID": "N199 Ruitenberg 2005",
    "et": "VentralInjuryArea",
    "off": 54529,
    "sff": "ventral"
  },
  {
    "docID": "N199 Ruitenberg 2005",
    "et": "VentralInjuryArea",
    "off": 30155,
    "sff": "ventral"
  },
  {
    "docID": "N199 Ruitenberg 2005",
    "et": "VentralInjuryArea",
    "off": 21996,
    "sff": "ventral"
  },
  {
    "docID": "N199 Ruitenberg 2005",
    "et": "VentralInjuryArea",
    "off": 6525,
    "sff": "ventral"
  },
  {
    "docID": "N199 Ruitenberg 2005",
    "et": "VentralInjuryArea",
    "off": 54662,
    "sff": "ventral"
  },
  {
    "docID": "N199 Ruitenberg 2005",
    "et": "VentralInjuryArea",
    "off": 29881,
    "sff": "ventral"
  },
  {
    "docID": "N199 Ruitenberg 2005",
    "et": "FischerRat",
    "off": 5162,
    "sff": "Fischer"
  },
  {
    "docID": "N199 Ruitenberg 2005",
    "et": "FischerRat",
    "off": 6379,
    "sff": "Fischer"
  },
  {
    "docID": "N199 Ruitenberg 2005",
    "et": "FischerRat",
    "off": 747,
    "sff": "Fischer"
  },
  {
    "docID": "N199 Ruitenberg 2005",
    "et": "FischerRat",
    "off": 39427,
    "sff": "Fischer"
  },
  {
    "docID": "N199 Ruitenberg 2005",
    "et": "FischerRat",
    "off": 40614,
    "sff": "Fischer"
  },
  {
    "docID": "N199 Ruitenberg 2005",
    "et": "Cyst",
    "off": 32493,
    "sff": "cyst"
  },
  {
    "docID": "N199 Ruitenberg 2005",
    "et": "Cyst",
    "off": 45093,
    "sff": "cyst"
  },
  {
    "docID": "N199 Ruitenberg 2005",
    "et": "Cyst",
    "off": 23745,
    "sff": "cyst"
  },
  {
    "docID": "N199 Ruitenberg 2005",
    "et": "AllenWeightDropDevice",
    "off": 5575,
    "sff": "weight"
  },
  {
    "docID": "N199 Ruitenberg 2005",
    "et": "AllenWeightDropDevice",
    "off": 36712,
    "sff": "weight"
  },
  {
    "docID": "N199 Ruitenberg 2005",
    "et": "AllenWeightDropDevice",
    "off": 13266,
    "sff": "weight"
  },
  {
    "docID": "N199 Ruitenberg 2005",
    "et": "LongEvansRat",
    "off": 23179,
    "sff": "long"
  },
  {
    "docID": "N199 Ruitenberg 2005",
    "et": "LongEvansRat",
    "off": 44758,
    "sff": "long"
  },
  {
    "docID": "N199 Ruitenberg 2005",
    "et": "Cell",
    "off": 45800,
    "sff": "cell"
  },
  {
    "docID": "N199 Ruitenberg 2005",
    "et": "Cell",
    "off": 46919,
    "sff": "cell"
  },
  {
    "docID": "N199 Ruitenberg 2005",
    "et": "Cell",
    "off": 10449,
    "sff": "cell"
  },
  {
    "docID": "N199 Ruitenberg 2005",
    "et": "Cell",
    "off": 46798,
    "sff": "cell"
  },
  {
    "docID": "N199 Ruitenberg 2005",
    "et": "Cell",
    "off": 6804,
    "sff": "cell"
  },
  {
    "docID": "N199 Ruitenberg 2005",
    "et": "Cell",
    "off": 12151,
    "sff": "cell"
  },
  {
    "docID": "N199 Ruitenberg 2005",
    "et": "Cell",
    "off": 12887,
    "sff": "cell"
  },
  {
    "docID": "N199 Ruitenberg 2005",
    "et": "Cell",
    "off": 8182,
    "sff": "cell"
  },
  {
    "docID": "N199 Ruitenberg 2005",
    "et": "Cell",
    "off": 700,
    "sff": "cell"
  },
  {
    "docID": "N199 Ruitenberg 2005",
    "et": "Cell",
    "off": 4124,
    "sff": "cell"
  },
  {
    "docID": "N199 Ruitenberg 2005",
    "et": "Cell",
    "off": 2339,
    "sff": "cell"
  },
  {
    "docID": "N199 Ruitenberg 2005",
    "et": "Cell",
    "off": 10275,
    "sff": "cell"
  },
  {
    "docID": "N199 Ruitenberg 2005",
    "et": "Cell",
    "off": 46437,
    "sff": "cell"
  },
  {
    "docID": "N199 Ruitenberg 2005",
    "et": "Cell",
    "off": 12036,
    "sff": "cell"
  },
  {
    "docID": "N199 Ruitenberg 2005",
    "et": "Cell",
    "off": 40899,
    "sff": "cell"
  },
  {
    "docID": "N199 Ruitenberg 2005",
    "et": "CD1_Mouse",
    "off": 10991,
    "sff": "CD)"
  },
  {
    "docID": "N199 Ruitenberg 2005",
    "et": "CD1_Mouse",
    "off": 33713,
    "sff": "CD-"
  },
  {
    "docID": "N199 Ruitenberg 2005",
    "et": "CD1_Mouse",
    "off": 46042,
    "sff": "CD)"
  },
  {
    "docID": "N199 Ruitenberg 2005",
    "et": "SpinalDorsalHalf",
    "off": 17113,
    "sff": "dorsal"
  },
  {
    "docID": "N199 Ruitenberg 2005",
    "et": "SpinalDorsalHalf",
    "off": 42297,
    "sff": "dorsal"
  },
  {
    "docID": "N199 Ruitenberg 2005",
    "et": "SpinalDorsalHalf",
    "off": 14119,
    "sff": "dorsal"
  },
  {
    "docID": "N199 Ruitenberg 2005",
    "et": "SpinalDorsalHalf",
    "off": 8684,
    "sff": "dorsal"
  },
  {
    "docID": "N199 Ruitenberg 2005",
    "et": "SpinalDorsalHalf",
    "off": 28205,
    "sff": "dorsal"
  },
  {
    "docID": "N199 Ruitenberg 2005",
    "et": "SpinalDorsalHalf",
    "off": 25070,
    "sff": "dorsal"
  },
  {
    "docID": "N199 Ruitenberg 2005",
    "et": "SpinalDorsalHalf",
    "off": 52836,
    "sff": "dorsal"
  },
  {
    "docID": "N199 Ruitenberg 2005",
    "et": "SpinalDorsalHalf",
    "off": 644,
    "sff": "dorsal"
  },
  {
    "docID": "N199 Ruitenberg 2005",
    "et": "SpinalDorsalHalf",
    "off": 54563,
    "sff": "dorsal"
  },
  {
    "docID": "N199 Ruitenberg 2005",
    "et": "Lateral",
    "off": 14653,
    "sff": "lateral"
  },
  {
    "docID": "N199 Ruitenberg 2005",
    "et": "Lateral",
    "off": 20104,
    "sff": "lateral"
  },
  {
    "docID": "N199 Ruitenberg 2005",
    "et": "Cervical",
    "off": 4606,
    "sff": "cervical"
  },
  {
    "docID": "N199 Ruitenberg 2005",
    "et": "Cervical",
    "off": 804,
    "sff": "cervical"
  },
  {
    "docID": "N199 Ruitenberg 2005",
    "et": "Cervical",
    "off": 28166,
    "sff": "cervical"
  },
  {
    "docID": "N199 Ruitenberg 2005",
    "et": "Cervical",
    "off": 9388,
    "sff": "cervical"
  },
  {
    "docID": "N199 Ruitenberg 2005",
    "et": "Cervical",
    "off": 52812,
    "sff": "cervical"
  },
  {
    "docID": "N199 Ruitenberg 2005",
    "et": "Cervical",
    "off": 13757,
    "sff": "cervical"
  },
  {
    "docID": "N199 Ruitenberg 2005",
    "et": "Cervical",
    "off": 51997,
    "sff": "cervical"
  },
  {
    "docID": "N199 Ruitenberg 2005",
    "et": "Cervical",
    "off": 47115,
    "sff": "cervical"
  },
  {
    "docID": "N199 Ruitenberg 2005",
    "et": "CompleteTransectionType",
    "off": 50904,
    "sff": "transection"
  },
  {
    "docID": "N199 Ruitenberg 2005",
    "et": "CompleteTransectionType",
    "off": 844,
    "sff": "transection"
  },
  {
    "docID": "N199 Ruitenberg 2005",
    "et": "CompleteTransectionType",
    "off": 20033,
    "sff": "complete"
  },
  {
    "docID": "N199 Ruitenberg 2005",
    "et": "CompleteTransectionType",
    "off": 49011,
    "sff": "transection"
  },
  {
    "docID": "N199 Ruitenberg 2005",
    "et": "Embryonic",
    "off": 35506,
    "sff": "embryonic"
  },
  {
    "docID": "N199 Ruitenberg 2005",
    "et": "Embryonic",
    "off": 8773,
    "sff": "Embryonic"
  },
  {
    "docID": "N199 Ruitenberg 2005",
    "et": "ExperimentalProcedure",
    "off": 51436,
    "sff": "experimental"
  },
  {
    "docID": "N199 Ruitenberg 2005",
    "et": "ExperimentalProcedure",
    "off": 31467,
    "sff": "experimental"
  },
  {
    "docID": "N199 Ruitenberg 2005",
    "et": "ExperimentalProcedure",
    "off": 43059,
    "sff": "experimental"
  },
  {
    "docID": "N199 Ruitenberg 2005",
    "et": "ExperimentalProcedure",
    "off": 32561,
    "sff": "experimental"
  },
  {
    "docID": "N199 Ruitenberg 2005",
    "et": "ExperimentalProcedure",
    "off": 25910,
    "sff": "experimental"
  },
  {
    "docID": "N199 Ruitenberg 2005",
    "et": "ExperimentalProcedure",
    "off": 38647,
    "sff": "experimental"
  },
  {
    "docID": "N199 Ruitenberg 2005",
    "et": "ExperimentalProcedure",
    "off": 47607,
    "sff": "experimental"
  },
  {
    "docID": "N199 Ruitenberg 2005",
    "et": "ExperimentalProcedure",
    "off": 11932,
    "sff": "experimental"
  },
  {
    "docID": "N199 Ruitenberg 2005",
    "et": "ExperimentalProcedure",
    "off": 5345,
    "sff": "experimental"
  },
  {
    "docID": "N199 Ruitenberg 2005",
    "et": "ExperimentalProcedure",
    "off": 49825,
    "sff": "experimental"
  },
  {
    "docID": "N199 Ruitenberg 2005",
    "et": "ExperimentalProcedure",
    "off": 42536,
    "sff": "experimental"
  },
  {
    "docID": "N199 Ruitenberg 2005",
    "et": "ExperimentalProcedure",
    "off": 25831,
    "sff": "experimental"
  },
  {
    "docID": "N199 Ruitenberg 2005",
    "et": "ExperimentalProcedure",
    "off": 37542,
    "sff": "experimental"
  },
  {
    "docID": "N199 Ruitenberg 2005",
    "et": "ExperimentalProcedure",
    "off": 37734,
    "sff": "experimental"
  },
  {
    "docID": "N199 Ruitenberg 2005",
    "et": "ExperimentalProcedure",
    "off": 11273,
    "sff": "experimental"
  },
  {
    "docID": "N199 Ruitenberg 2005",
    "et": "ExperimentalProcedure",
    "off": 11470,
    "sff": "experimental"
  },
  {
    "docID": "N199 Ruitenberg 2005",
    "et": "ExperimentalProcedure",
    "off": 39695,
    "sff": "experimental"
  },
  {
    "docID": "N199 Ruitenberg 2005",
    "et": "ExperimentalProcedure",
    "off": 45135,
    "sff": "experimental"
  },
  {
    "docID": "N199 Ruitenberg 2005",
    "et": "ExperimentalProcedure",
    "off": 32141,
    "sff": "experimental"
  },
  {
    "docID": "N199 Ruitenberg 2005",
    "et": "ExperimentalProcedure",
    "off": 26448,
    "sff": "experimental"
  },
  {
    "docID": "N199 Ruitenberg 2005",
    "et": "ExperimentalProcedure",
    "off": 38094,
    "sff": "experimental"
  },
  {
    "docID": "N199 Ruitenberg 2005",
    "et": "ExperimentalProcedure",
    "off": 52115,
    "sff": "experimental"
  },
  {
    "docID": "N199 Ruitenberg 2005",
    "et": "ExperimentalProcedure",
    "off": 11731,
    "sff": "experimental"
  },
  {
    "docID": "N199 Ruitenberg 2005",
    "et": "ExperimentalProcedure",
    "off": 12349,
    "sff": "experimental"
  },
  {
    "docID": "N199 Ruitenberg 2005",
    "et": "ExperimentalProcedure",
    "off": 26176,
    "sff": "experimental"
  },
  {
    "docID": "N199 Ruitenberg 2005",
    "et": "ExperimentalProcedure",
    "off": 44093,
    "sff": "experimental"
  },
  {
    "docID": "N199 Ruitenberg 2005",
    "et": "ExperimentalProcedure",
    "off": 1599,
    "sff": "experimental"
  },
  {
    "docID": "N199 Ruitenberg 2005",
    "et": "ExperimentalProcedure",
    "off": 15553,
    "sff": "experimental"
  },
  {
    "docID": "N199 Ruitenberg 2005",
    "et": "ExperimentalProcedure",
    "off": 36994,
    "sff": "experimental"
  },
  {
    "docID": "N199 Ruitenberg 2005",
    "et": "ExperimentalProcedure",
    "off": 38024,
    "sff": "experimental"
  },
  {
    "docID": "N199 Ruitenberg 2005",
    "et": "ExperimentalProcedure",
    "off": 33160,
    "sff": "experimental"
  },
  {
    "docID": "N199 Ruitenberg 2005",
    "et": "ExperimentalProcedure",
    "off": 38533,
    "sff": "experimental"
  },
  {
    "docID": "N199 Ruitenberg 2005",
    "et": "CD2_Mouse",
    "off": 46042,
    "sff": "CD)"
  },
  {
    "docID": "N199 Ruitenberg 2005",
    "et": "CD2_Mouse",
    "off": 33713,
    "sff": "CD-"
  },
  {
    "docID": "N199 Ruitenberg 2005",
    "et": "CD2_Mouse",
    "off": 10991,
    "sff": "CD)"
  },
  {
    "docID": "N199 Ruitenberg 2005",
    "et": "BodyTemperatureMeasurement",
    "off": 5570,
    "sff": "body"
  },
  {
    "docID": "N199 Ruitenberg 2005",
    "et": "BodyTemperatureMeasurement",
    "off": 36945,
    "sff": "Body"
  },
  {
    "docID": "N199 Ruitenberg 2005",
    "et": "UnilateralInjuryArea",
    "off": 52639,
    "sff": "unilateral"
  },
  {
    "docID": "N199 Ruitenberg 2005",
    "et": "UnilateralInjuryArea",
    "off": 4635,
    "sff": "unilateral"
  },
  {
    "docID": "N199 Ruitenberg 2005",
    "et": "UnilateralInjuryArea",
    "off": 793,
    "sff": "unilateral"
  },
  {
    "docID": "N199 Ruitenberg 2005",
    "et": "AirGunImpactor",
    "off": 37188,
    "sff": "air"
  },
  {
    "docID": "N199 Ruitenberg 2005",
    "et": "AirGunImpactor",
    "off": 26777,
    "sff": "air"
  },
  {
    "docID": "N199 Ruitenberg 2005",
    "et": "PartialTransectionType",
    "off": 844,
    "sff": "transection"
  },
  {
    "docID": "N199 Ruitenberg 2005",
    "et": "PartialTransectionType",
    "off": 51567,
    "sff": "partial"
  },
  {
    "docID": "N199 Ruitenberg 2005",
    "et": "PartialTransectionType",
    "off": 50904,
    "sff": "transection"
  },
  {
    "docID": "N199 Ruitenberg 2005",
    "et": "PartialTransectionType",
    "off": 26627,
    "sff": "partial"
  },
  {
    "docID": "N199 Ruitenberg 2005",
    "et": "PartialTransectionType",
    "off": 49011,
    "sff": "transection"
  },
  {
    "docID": "N199 Ruitenberg 2005",
    "et": "PartialTransectionType",
    "off": 54081,
    "sff": "partial"
  },
  {
    "docID": "N199 Ruitenberg 2005",
    "et": "PartialTransectionType",
    "off": 50884,
    "sff": "partial"
  },
  {
    "docID": "N199 Ruitenberg 2005",
    "et": "Ipsilateral",
    "off": 39627,
    "sff": "ipsilateral"
  },
  {
    "docID": "N199 Ruitenberg 2005",
    "et": "Ipsilateral",
    "off": 18043,
    "sff": "ipsilateral"
  },
  {
    "docID": "N199 Ruitenberg 2005",
    "et": "CorticospinalTract",
    "off": 3574,
    "sff": "corticospinal tract"
  },
  {
    "docID": "N199 Ruitenberg 2005",
    "et": "CorticospinalTract",
    "off": 30766,
    "sff": "corticospinal tract"
  },
  {
    "docID": "N199 Ruitenberg 2005",
    "et": "CorticospinalTract",
    "off": 818,
    "sff": "corticospinal tract"
  },
  {
    "docID": "N199 Ruitenberg 2005",
    "et": "BrainDerivedNeurotrophicFactor",
    "off": 3255,
    "sff": "Brain-derived"
  },
  {
    "docID": "N199 Ruitenberg 2005",
    "et": "BrainDerivedNeurotrophicFactor",
    "off": 33971,
    "sff": "derived"
  },
  {
    "docID": "N199 Ruitenberg 2005",
    "et": "BrainDerivedNeurotrophicFactor",
    "off": 10404,
    "sff": "derived"
  },
  {
    "docID": "N199 Ruitenberg 2005",
    "et": "BrainDerivedNeurotrophicFactor",
    "off": 18669,
    "sff": "brain"
  },
  {
    "docID": "N199 Ruitenberg 2005",
    "et": "BrainDerivedNeurotrophicFactor",
    "off": 3255,
    "sff": "Brain-derived neurotrophic factor"
  },
  {
    "docID": "N199 Ruitenberg 2005",
    "et": "BrainDerivedNeurotrophicFactor",
    "off": 53985,
    "sff": "brain"
  },
  {
    "docID": "N199 Ruitenberg 2005",
    "et": "BrainDerivedNeurotrophicFactor",
    "off": 8540,
    "sff": "derived"
  },
  {
    "docID": "N199 Ruitenberg 2005",
    "et": "VentralHemisection",
    "off": 29881,
    "sff": "ventral"
  },
  {
    "docID": "N199 Ruitenberg 2005",
    "et": "VentralHemisection",
    "off": 54662,
    "sff": "ventral"
  },
  {
    "docID": "N199 Ruitenberg 2005",
    "et": "VentralHemisection",
    "off": 6525,
    "sff": "ventral"
  },
  {
    "docID": "N199 Ruitenberg 2005",
    "et": "VentralHemisection",
    "off": 21996,
    "sff": "ventral"
  },
  {
    "docID": "N199 Ruitenberg 2005",
    "et": "VentralHemisection",
    "off": 30155,
    "sff": "ventral"
  },
  {
    "docID": "N199 Ruitenberg 2005",
    "et": "VentralHemisection",
    "off": 54529,
    "sff": "ventral"
  },
  {
    "docID": "N199 Ruitenberg 2005",
    "et": "VentralHemisection",
    "off": 50399,
    "sff": "ventral"
  },
  {
    "docID": "N199 Ruitenberg 2005",
    "et": "CompleteInjuryArea",
    "off": 20033,
    "sff": "complete"
  }
]
