[
  {
    "docID": "N200 Sasaki 2004",
    "et": "CompleteTransection",
    "off": 5806,
    "sff": "complete"
  },
  {
    "docID": "N200 Sasaki 2004",
    "et": "Ethanol",
    "off": 11527,
    "sff": "ethanol"
  },
  {
    "docID": "N200 Sasaki 2004",
    "et": "OlfactoryEnsheathingGliaCell",
    "off": 1939,
    "sff": "olfactory"
  },
  {
    "docID": "N200 Sasaki 2004",
    "et": "OlfactoryEnsheathingGliaCell",
    "off": 460,
    "sff": "Olfactory ensheathing"
  },
  {
    "docID": "N200 Sasaki 2004",
    "et": "OlfactoryEnsheathingGliaCell",
    "off": 12,
    "sff": "Olfactory Ensheathing"
  },
  {
    "docID": "N200 Sasaki 2004",
    "et": "OlfactoryEnsheathingGliaCell",
    "off": 1717,
    "sff": "olfactory"
  },
  {
    "docID": "N200 Sasaki 2004",
    "et": "OlfactoryEnsheathingGliaCell",
    "off": 1584,
    "sff": "olfactory"
  },
  {
    "docID": "N200 Sasaki 2004",
    "et": "OlfactoryEnsheathingGliaCell",
    "off": 1886,
    "sff": "olfactory ensheathing"
  },
  {
    "docID": "N200 Sasaki 2004",
    "et": "OlfactoryEnsheathingGliaCell",
    "off": 1393,
    "sff": "olfactory"
  },
  {
    "docID": "N200 Sasaki 2004",
    "et": "OlfactoryEnsheathingGliaCell",
    "off": 33296,
    "sff": "olfactory"
  },
  {
    "docID": "N200 Sasaki 2004",
    "et": "OlfactoryEnsheathingGliaCell",
    "off": 1886,
    "sff": "olfactory ensheathing cell"
  },
  {
    "docID": "N200 Sasaki 2004",
    "et": "OlfactoryEnsheathingGliaCell",
    "off": 1815,
    "sff": "olfactory"
  },
  {
    "docID": "N200 Sasaki 2004",
    "et": "OlfactoryEnsheathingGliaCell",
    "off": 5162,
    "sff": "Olfactory"
  },
  {
    "docID": "N200 Sasaki 2004",
    "et": "OlfactoryEnsheathingGliaCell",
    "off": 513,
    "sff": "olfactory"
  },
  {
    "docID": "N200 Sasaki 2004",
    "et": "OlfactoryEnsheathingGliaCell",
    "off": 28704,
    "sff": "olfactory"
  },
  {
    "docID": "N200 Sasaki 2004",
    "et": "OlfactoryEnsheathingGliaCell",
    "off": 2055,
    "sff": "olfactory"
  },
  {
    "docID": "N200 Sasaki 2004",
    "et": "DorsalInjuryArea",
    "off": 642,
    "sff": "dorsal"
  },
  {
    "docID": "N200 Sasaki 2004",
    "et": "DorsalInjuryArea",
    "off": 8546,
    "sff": "dorsal"
  },
  {
    "docID": "N200 Sasaki 2004",
    "et": "DorsalInjuryArea",
    "off": 73,
    "sff": "Dorsal"
  },
  {
    "docID": "N200 Sasaki 2004",
    "et": "DorsalInjuryArea",
    "off": 17217,
    "sff": "dorsal"
  },
  {
    "docID": "N200 Sasaki 2004",
    "et": "DorsalInjuryArea",
    "off": 13536,
    "sff": "dorsal"
  },
  {
    "docID": "N200 Sasaki 2004",
    "et": "DorsalInjuryArea",
    "off": 32384,
    "sff": "dorsal"
  },
  {
    "docID": "N200 Sasaki 2004",
    "et": "DorsalInjuryArea",
    "off": 18837,
    "sff": "dorsal"
  },
  {
    "docID": "N200 Sasaki 2004",
    "et": "DorsalInjuryArea",
    "off": 8016,
    "sff": "Dorsal"
  },
  {
    "docID": "N200 Sasaki 2004",
    "et": "DorsalInjuryArea",
    "off": 4408,
    "sff": "dorsal"
  },
  {
    "docID": "N200 Sasaki 2004",
    "et": "DorsalInjuryArea",
    "off": 9016,
    "sff": "dorsal"
  },
  {
    "docID": "N200 Sasaki 2004",
    "et": "DorsalInjuryArea",
    "off": 9144,
    "sff": "dorsal"
  },
  {
    "docID": "N200 Sasaki 2004",
    "et": "DorsalInjuryArea",
    "off": 34584,
    "sff": "dorsal"
  },
  {
    "docID": "N200 Sasaki 2004",
    "et": "DorsalInjuryArea",
    "off": 12118,
    "sff": "dorsal"
  },
  {
    "docID": "N200 Sasaki 2004",
    "et": "DorsalInjuryArea",
    "off": 18764,
    "sff": "dorsal"
  },
  {
    "docID": "N200 Sasaki 2004",
    "et": "DorsalInjuryArea",
    "off": 4650,
    "sff": "dorsal"
  },
  {
    "docID": "N200 Sasaki 2004",
    "et": "DorsalInjuryArea",
    "off": 8491,
    "sff": "dorsal"
  },
  {
    "docID": "N200 Sasaki 2004",
    "et": "DorsalInjuryArea",
    "off": 22091,
    "sff": "dorsal"
  },
  {
    "docID": "N200 Sasaki 2004",
    "et": "DorsalInjuryArea",
    "off": 12080,
    "sff": "dorsal"
  },
  {
    "docID": "N200 Sasaki 2004",
    "et": "DorsalInjuryArea",
    "off": 14992,
    "sff": "dorsal"
  },
  {
    "docID": "N200 Sasaki 2004",
    "et": "KetamineAsAnaesthetic",
    "off": 8345,
    "sff": "ketamine"
  },
  {
    "docID": "N200 Sasaki 2004",
    "et": "MouseSpecies",
    "off": 7296,
    "sff": "mouse"
  },
  {
    "docID": "N200 Sasaki 2004",
    "et": "MouseSpecies",
    "off": 7192,
    "sff": "mouse"
  },
  {
    "docID": "N200 Sasaki 2004",
    "et": "NOGOReceptorAntagonist",
    "off": 1949,
    "sff": "receptor"
  },
  {
    "docID": "N200 Sasaki 2004",
    "et": "NOGOReceptorAntagonist",
    "off": 1594,
    "sff": "receptor"
  },
  {
    "docID": "N200 Sasaki 2004",
    "et": "SpinalFiberTract",
    "off": 14479,
    "sff": "fiber"
  },
  {
    "docID": "N200 Sasaki 2004",
    "et": "DorsalHemisection",
    "off": 642,
    "sff": "dorsal"
  },
  {
    "docID": "N200 Sasaki 2004",
    "et": "DorsalHemisection",
    "off": 8546,
    "sff": "dorsal"
  },
  {
    "docID": "N200 Sasaki 2004",
    "et": "DorsalHemisection",
    "off": 13536,
    "sff": "dorsal"
  },
  {
    "docID": "N200 Sasaki 2004",
    "et": "DorsalHemisection",
    "off": 32384,
    "sff": "dorsal"
  },
  {
    "docID": "N200 Sasaki 2004",
    "et": "DorsalHemisection",
    "off": 17217,
    "sff": "dorsal"
  },
  {
    "docID": "N200 Sasaki 2004",
    "et": "DorsalHemisection",
    "off": 4408,
    "sff": "dorsal"
  },
  {
    "docID": "N200 Sasaki 2004",
    "et": "DorsalHemisection",
    "off": 9016,
    "sff": "dorsal"
  },
  {
    "docID": "N200 Sasaki 2004",
    "et": "DorsalHemisection",
    "off": 9144,
    "sff": "dorsal"
  },
  {
    "docID": "N200 Sasaki 2004",
    "et": "DorsalHemisection",
    "off": 34584,
    "sff": "dorsal"
  },
  {
    "docID": "N200 Sasaki 2004",
    "et": "DorsalHemisection",
    "off": 12118,
    "sff": "dorsal"
  },
  {
    "docID": "N200 Sasaki 2004",
    "et": "DorsalHemisection",
    "off": 18837,
    "sff": "dorsal"
  },
  {
    "docID": "N200 Sasaki 2004",
    "et": "DorsalHemisection",
    "off": 12080,
    "sff": "dorsal"
  },
  {
    "docID": "N200 Sasaki 2004",
    "et": "DorsalHemisection",
    "off": 14992,
    "sff": "dorsal"
  },
  {
    "docID": "N200 Sasaki 2004",
    "et": "DorsalHemisection",
    "off": 8016,
    "sff": "Dorsal"
  },
  {
    "docID": "N200 Sasaki 2004",
    "et": "DorsalHemisection",
    "off": 18764,
    "sff": "dorsal"
  },
  {
    "docID": "N200 Sasaki 2004",
    "et": "DorsalHemisection",
    "off": 4650,
    "sff": "dorsal"
  },
  {
    "docID": "N200 Sasaki 2004",
    "et": "DorsalHemisection",
    "off": 8491,
    "sff": "dorsal"
  },
  {
    "docID": "N200 Sasaki 2004",
    "et": "DorsalHemisection",
    "off": 22091,
    "sff": "dorsal"
  },
  {
    "docID": "N200 Sasaki 2004",
    "et": "DorsalHemisection",
    "off": 73,
    "sff": "Dorsal"
  },
  {
    "docID": "N200 Sasaki 2004",
    "et": "SpinalVentralHalf",
    "off": 22115,
    "sff": "ventral"
  },
  {
    "docID": "N200 Sasaki 2004",
    "et": "RabbitSpecies",
    "off": 11196,
    "sff": "rabbit"
  },
  {
    "docID": "N200 Sasaki 2004",
    "et": "RabbitSpecies",
    "off": 7142,
    "sff": "rabbit"
  },
  {
    "docID": "N200 Sasaki 2004",
    "et": "RabbitSpecies",
    "off": 7239,
    "sff": "rabbit"
  },
  {
    "docID": "N200 Sasaki 2004",
    "et": "Rostral",
    "off": 13360,
    "sff": "rostral"
  },
  {
    "docID": "N200 Sasaki 2004",
    "et": "Rostral",
    "off": 12142,
    "sff": "rostral"
  },
  {
    "docID": "N200 Sasaki 2004",
    "et": "Rostral",
    "off": 25982,
    "sff": "rostral"
  },
  {
    "docID": "N200 Sasaki 2004",
    "et": "Rostral",
    "off": 17237,
    "sff": "rostral"
  },
  {
    "docID": "N200 Sasaki 2004",
    "et": "Rostral",
    "off": 26115,
    "sff": "rostral"
  },
  {
    "docID": "N200 Sasaki 2004",
    "et": "Rostral",
    "off": 26217,
    "sff": "rostral"
  },
  {
    "docID": "N200 Sasaki 2004",
    "et": "Rostral",
    "off": 9225,
    "sff": "rostral"
  },
  {
    "docID": "N200 Sasaki 2004",
    "et": "Rostral",
    "off": 17782,
    "sff": "rostral"
  },
  {
    "docID": "N200 Sasaki 2004",
    "et": "Rostral",
    "off": 13463,
    "sff": "Rostral"
  },
  {
    "docID": "N200 Sasaki 2004",
    "et": "Rostral",
    "off": 19366,
    "sff": "Rostral"
  },
  {
    "docID": "N200 Sasaki 2004",
    "et": "Rostral",
    "off": 17514,
    "sff": "rostral"
  },
  {
    "docID": "N200 Sasaki 2004",
    "et": "DorsalColumn",
    "off": 13536,
    "sff": "dorsal"
  },
  {
    "docID": "N200 Sasaki 2004",
    "et": "DorsalColumn",
    "off": 17217,
    "sff": "dorsal"
  },
  {
    "docID": "N200 Sasaki 2004",
    "et": "DorsalColumn",
    "off": 32384,
    "sff": "dorsal"
  },
  {
    "docID": "N200 Sasaki 2004",
    "et": "DorsalColumn",
    "off": 642,
    "sff": "dorsal"
  },
  {
    "docID": "N200 Sasaki 2004",
    "et": "DorsalColumn",
    "off": 8546,
    "sff": "dorsal"
  },
  {
    "docID": "N200 Sasaki 2004",
    "et": "DorsalColumn",
    "off": 4650,
    "sff": "dorsal"
  },
  {
    "docID": "N200 Sasaki 2004",
    "et": "DorsalColumn",
    "off": 22091,
    "sff": "dorsal"
  },
  {
    "docID": "N200 Sasaki 2004",
    "et": "DorsalColumn",
    "off": 8016,
    "sff": "Dorsal"
  },
  {
    "docID": "N200 Sasaki 2004",
    "et": "DorsalColumn",
    "off": 8491,
    "sff": "dorsal"
  },
  {
    "docID": "N200 Sasaki 2004",
    "et": "DorsalColumn",
    "off": 12080,
    "sff": "dorsal"
  },
  {
    "docID": "N200 Sasaki 2004",
    "et": "DorsalColumn",
    "off": 14992,
    "sff": "dorsal"
  },
  {
    "docID": "N200 Sasaki 2004",
    "et": "DorsalColumn",
    "off": 73,
    "sff": "Dorsal"
  },
  {
    "docID": "N200 Sasaki 2004",
    "et": "DorsalColumn",
    "off": 18764,
    "sff": "dorsal"
  },
  {
    "docID": "N200 Sasaki 2004",
    "et": "DorsalColumn",
    "off": 4408,
    "sff": "dorsal"
  },
  {
    "docID": "N200 Sasaki 2004",
    "et": "DorsalColumn",
    "off": 9016,
    "sff": "dorsal"
  },
  {
    "docID": "N200 Sasaki 2004",
    "et": "DorsalColumn",
    "off": 9144,
    "sff": "dorsal"
  },
  {
    "docID": "N200 Sasaki 2004",
    "et": "DorsalColumn",
    "off": 34584,
    "sff": "dorsal"
  },
  {
    "docID": "N200 Sasaki 2004",
    "et": "DorsalColumn",
    "off": 12118,
    "sff": "dorsal column"
  },
  {
    "docID": "N200 Sasaki 2004",
    "et": "DorsalColumn",
    "off": 18837,
    "sff": "dorsal"
  },
  {
    "docID": "N200 Sasaki 2004",
    "et": "SpragueDawleyRat",
    "off": 8289,
    "sff": "Sprague Dawley"
  },
  {
    "docID": "N200 Sasaki 2004",
    "et": "SpragueDawleyRat",
    "off": 549,
    "sff": "Sprague Dawley"
  },
  {
    "docID": "N200 Sasaki 2004",
    "et": "SpragueDawleyRat",
    "off": 8289,
    "sff": "Sprague Dawley rats"
  },
  {
    "docID": "N200 Sasaki 2004",
    "et": "Left",
    "off": 18047,
    "sff": "left"
  },
  {
    "docID": "N200 Sasaki 2004",
    "et": "Left",
    "off": 16972,
    "sff": "left"
  },
  {
    "docID": "N200 Sasaki 2004",
    "et": "LaminectomyType",
    "off": 8413,
    "sff": "laminectomy"
  },
  {
    "docID": "N200 Sasaki 2004",
    "et": "C1",
    "off": 16637,
    "sff": "C1"
  },
  {
    "docID": "N200 Sasaki 2004",
    "et": "C1",
    "off": 17133,
    "sff": "C1"
  },
  {
    "docID": "N200 Sasaki 2004",
    "et": "C1",
    "off": 24034,
    "sff": "C1"
  },
  {
    "docID": "N200 Sasaki 2004",
    "et": "C1",
    "off": 16724,
    "sff": "C1"
  },
  {
    "docID": "N200 Sasaki 2004",
    "et": "C2",
    "off": 17146,
    "sff": "C2"
  },
  {
    "docID": "N200 Sasaki 2004",
    "et": "C2",
    "off": 13832,
    "sff": "C2"
  },
  {
    "docID": "N200 Sasaki 2004",
    "et": "C2",
    "off": 13939,
    "sff": "C2"
  },
  {
    "docID": "N200 Sasaki 2004",
    "et": "C2",
    "off": 24037,
    "sff": "C2"
  },
  {
    "docID": "N200 Sasaki 2004",
    "et": "C2",
    "off": 16687,
    "sff": "C2"
  },
  {
    "docID": "N200 Sasaki 2004",
    "et": "C3",
    "off": 13836,
    "sff": "C3"
  },
  {
    "docID": "N200 Sasaki 2004",
    "et": "C3",
    "off": 13954,
    "sff": "C3"
  },
  {
    "docID": "N200 Sasaki 2004",
    "et": "Tissue",
    "off": 5485,
    "sff": "tissue"
  },
  {
    "docID": "N200 Sasaki 2004",
    "et": "Tissue",
    "off": 5994,
    "sff": "tissue"
  },
  {
    "docID": "N200 Sasaki 2004",
    "et": "Tissue",
    "off": 6330,
    "sff": "tissue"
  },
  {
    "docID": "N200 Sasaki 2004",
    "et": "Tissue",
    "off": 33640,
    "sff": "tissue"
  },
  {
    "docID": "N200 Sasaki 2004",
    "et": "Tissue",
    "off": 20119,
    "sff": "tissue"
  },
  {
    "docID": "N200 Sasaki 2004",
    "et": "Tissue",
    "off": 5585,
    "sff": "tissue"
  },
  {
    "docID": "N200 Sasaki 2004",
    "et": "Tissue",
    "off": 5909,
    "sff": "Tissue"
  },
  {
    "docID": "N200 Sasaki 2004",
    "et": "Tissue",
    "off": 33822,
    "sff": "tissue"
  },
  {
    "docID": "N200 Sasaki 2004",
    "et": "C4",
    "off": 13962,
    "sff": "C4"
  },
  {
    "docID": "N200 Sasaki 2004",
    "et": "C4",
    "off": 13895,
    "sff": "C4"
  },
  {
    "docID": "N200 Sasaki 2004",
    "et": "C5",
    "off": 13899,
    "sff": "C5"
  },
  {
    "docID": "N200 Sasaki 2004",
    "et": "C5",
    "off": 13975,
    "sff": "C5"
  },
  {
    "docID": "N200 Sasaki 2004",
    "et": "C5",
    "off": 19668,
    "sff": "C5"
  },
  {
    "docID": "N200 Sasaki 2004",
    "et": "C5",
    "off": 13919,
    "sff": "C5"
  },
  {
    "docID": "N200 Sasaki 2004",
    "et": "InjectionDelivery",
    "off": 17837,
    "sff": "injection"
  },
  {
    "docID": "N200 Sasaki 2004",
    "et": "InjectionDelivery",
    "off": 26257,
    "sff": "injection"
  },
  {
    "docID": "N200 Sasaki 2004",
    "et": "InjectionDelivery",
    "off": 17326,
    "sff": "injection"
  },
  {
    "docID": "N200 Sasaki 2004",
    "et": "InjectionDelivery",
    "off": 12469,
    "sff": "injection"
  },
  {
    "docID": "N200 Sasaki 2004",
    "et": "InjectionDelivery",
    "off": 26835,
    "sff": "injection"
  },
  {
    "docID": "N200 Sasaki 2004",
    "et": "InjectionDelivery",
    "off": 25654,
    "sff": "injection"
  },
  {
    "docID": "N200 Sasaki 2004",
    "et": "InjectionDelivery",
    "off": 26038,
    "sff": "injection"
  },
  {
    "docID": "N200 Sasaki 2004",
    "et": "InjectionDelivery",
    "off": 9402,
    "sff": "injection"
  },
  {
    "docID": "N200 Sasaki 2004",
    "et": "InjectionDelivery",
    "off": 27131,
    "sff": "injection"
  },
  {
    "docID": "N200 Sasaki 2004",
    "et": "InjectionDelivery",
    "off": 17600,
    "sff": "injection"
  },
  {
    "docID": "N200 Sasaki 2004",
    "et": "InjectionDelivery",
    "off": 18142,
    "sff": "injection"
  },
  {
    "docID": "N200 Sasaki 2004",
    "et": "InjectionDelivery",
    "off": 27519,
    "sff": "injection"
  },
  {
    "docID": "N200 Sasaki 2004",
    "et": "InjectionDelivery",
    "off": 17573,
    "sff": "injection"
  },
  {
    "docID": "N200 Sasaki 2004",
    "et": "InjectionDelivery",
    "off": 9319,
    "sff": "injection"
  },
  {
    "docID": "N200 Sasaki 2004",
    "et": "InjectionDelivery",
    "off": 18953,
    "sff": "injection"
  },
  {
    "docID": "N200 Sasaki 2004",
    "et": "SpinalLesionSite",
    "off": 15100,
    "sff": "lesion"
  },
  {
    "docID": "N200 Sasaki 2004",
    "et": "SpinalLesionSite",
    "off": 29178,
    "sff": "lesion"
  },
  {
    "docID": "N200 Sasaki 2004",
    "et": "SpinalLesionSite",
    "off": 4744,
    "sff": "lesion site"
  },
  {
    "docID": "N200 Sasaki 2004",
    "et": "SpinalLesionSite",
    "off": 17674,
    "sff": "lesion site"
  },
  {
    "docID": "N200 Sasaki 2004",
    "et": "SpinalLesionSite",
    "off": 26623,
    "sff": "lesion"
  },
  {
    "docID": "N200 Sasaki 2004",
    "et": "SpinalLesionSite",
    "off": 26756,
    "sff": "lesion"
  },
  {
    "docID": "N200 Sasaki 2004",
    "et": "SpinalLesionSite",
    "off": 17797,
    "sff": "lesion"
  },
  {
    "docID": "N200 Sasaki 2004",
    "et": "SpinalLesionSite",
    "off": 898,
    "sff": "lesion"
  },
  {
    "docID": "N200 Sasaki 2004",
    "et": "SpinalLesionSite",
    "off": 26370,
    "sff": "lesion"
  },
  {
    "docID": "N200 Sasaki 2004",
    "et": "SpinalLesionSite",
    "off": 31361,
    "sff": "lesion site"
  },
  {
    "docID": "N200 Sasaki 2004",
    "et": "SpinalLesionSite",
    "off": 22151,
    "sff": "lesion"
  },
  {
    "docID": "N200 Sasaki 2004",
    "et": "SpinalLesionSite",
    "off": 17900,
    "sff": "lesion"
  },
  {
    "docID": "N200 Sasaki 2004",
    "et": "SpinalLesionSite",
    "off": 19741,
    "sff": "lesion site"
  },
  {
    "docID": "N200 Sasaki 2004",
    "et": "SpinalLesionSite",
    "off": 1005,
    "sff": "lesion"
  },
  {
    "docID": "N200 Sasaki 2004",
    "et": "SpinalLesionSite",
    "off": 13681,
    "sff": "lesion"
  },
  {
    "docID": "N200 Sasaki 2004",
    "et": "SpinalLesionSite",
    "off": 17263,
    "sff": "lesion"
  },
  {
    "docID": "N200 Sasaki 2004",
    "et": "SpinalLesionSite",
    "off": 756,
    "sff": "lesion"
  },
  {
    "docID": "N200 Sasaki 2004",
    "et": "SpinalLesionSite",
    "off": 22516,
    "sff": "lesion"
  },
  {
    "docID": "N200 Sasaki 2004",
    "et": "SpinalLesionSite",
    "off": 33138,
    "sff": "lesion"
  },
  {
    "docID": "N200 Sasaki 2004",
    "et": "SpinalLesionSite",
    "off": 3856,
    "sff": "lesion site"
  },
  {
    "docID": "N200 Sasaki 2004",
    "et": "SpinalLesionSite",
    "off": 26232,
    "sff": "lesion"
  },
  {
    "docID": "N200 Sasaki 2004",
    "et": "SpinalLesionSite",
    "off": 17529,
    "sff": "lesion"
  },
  {
    "docID": "N200 Sasaki 2004",
    "et": "SpinalLesionSite",
    "off": 12333,
    "sff": "lesion site"
  },
  {
    "docID": "N200 Sasaki 2004",
    "et": "SpinalLesionSite",
    "off": 19549,
    "sff": "lesion"
  },
  {
    "docID": "N200 Sasaki 2004",
    "et": "SpinalLesionSite",
    "off": 22235,
    "sff": "lesion"
  },
  {
    "docID": "N200 Sasaki 2004",
    "et": "SpinalLesionSite",
    "off": 20905,
    "sff": "lesion site"
  },
  {
    "docID": "N200 Sasaki 2004",
    "et": "SpinalLesionSite",
    "off": 21344,
    "sff": "lesion"
  },
  {
    "docID": "N200 Sasaki 2004",
    "et": "SpinalLesionSite",
    "off": 12001,
    "sff": "lesion"
  },
  {
    "docID": "N200 Sasaki 2004",
    "et": "SpinalLesionSite",
    "off": 25574,
    "sff": "lesion"
  },
  {
    "docID": "N200 Sasaki 2004",
    "et": "SpinalLesionSite",
    "off": 28774,
    "sff": "lesion"
  },
  {
    "docID": "N200 Sasaki 2004",
    "et": "SpinalLesionSite",
    "off": 29670,
    "sff": "lesion"
  },
  {
    "docID": "N200 Sasaki 2004",
    "et": "SpinalLesionSite",
    "off": 22759,
    "sff": "lesion"
  },
  {
    "docID": "N200 Sasaki 2004",
    "et": "SpinalLesionSite",
    "off": 19147,
    "sff": "lesion"
  },
  {
    "docID": "N200 Sasaki 2004",
    "et": "SpinalLesionSite",
    "off": 101,
    "sff": "Lesion"
  },
  {
    "docID": "N200 Sasaki 2004",
    "et": "SpinalLesionSite",
    "off": 30006,
    "sff": "lesion site"
  },
  {
    "docID": "N200 Sasaki 2004",
    "et": "SpinalLesionSite",
    "off": 15314,
    "sff": "lesion"
  },
  {
    "docID": "N200 Sasaki 2004",
    "et": "SpinalLesionSite",
    "off": 19021,
    "sff": "lesion site"
  },
  {
    "docID": "N200 Sasaki 2004",
    "et": "SpinalLesionSite",
    "off": 19386,
    "sff": "lesion"
  },
  {
    "docID": "N200 Sasaki 2004",
    "et": "SpinalLesionSite",
    "off": 962,
    "sff": "lesion"
  },
  {
    "docID": "N200 Sasaki 2004",
    "et": "SpinalLesionSite",
    "off": 9260,
    "sff": "lesion"
  },
  {
    "docID": "N200 Sasaki 2004",
    "et": "SpinalLesionSite",
    "off": 22959,
    "sff": "lesion"
  },
  {
    "docID": "N200 Sasaki 2004",
    "et": "SpinalLesionSite",
    "off": 21684,
    "sff": "lesion"
  },
  {
    "docID": "N200 Sasaki 2004",
    "et": "SpinalLesionSite",
    "off": 11061,
    "sff": "lesion"
  },
  {
    "docID": "N200 Sasaki 2004",
    "et": "SpinalLesionSite",
    "off": 2641,
    "sff": "lesion site"
  },
  {
    "docID": "N200 Sasaki 2004",
    "et": "SpinalLesionSite",
    "off": 26013,
    "sff": "lesion"
  },
  {
    "docID": "N200 Sasaki 2004",
    "et": "SpinalLesionSite",
    "off": 24602,
    "sff": "lesion"
  },
  {
    "docID": "N200 Sasaki 2004",
    "et": "SpinalLesionSite",
    "off": 673,
    "sff": "lesion"
  },
  {
    "docID": "N200 Sasaki 2004",
    "et": "SpinalLesionSite",
    "off": 14500,
    "sff": "lesion"
  },
  {
    "docID": "N200 Sasaki 2004",
    "et": "SpinalLesionSite",
    "off": 28836,
    "sff": "lesion"
  },
  {
    "docID": "N200 Sasaki 2004",
    "et": "SpinalLesionSite",
    "off": 36709,
    "sff": "lesion site"
  },
  {
    "docID": "N200 Sasaki 2004",
    "et": "SpinalLesionSite",
    "off": 22435,
    "sff": "lesion"
  },
  {
    "docID": "N200 Sasaki 2004",
    "et": "SpinalLesionSite",
    "off": 29608,
    "sff": "lesion"
  },
  {
    "docID": "N200 Sasaki 2004",
    "et": "SpinalLesionSite",
    "off": 13478,
    "sff": "lesion"
  },
  {
    "docID": "N200 Sasaki 2004",
    "et": "SpinalLesionSite",
    "off": 18854,
    "sff": "lesion"
  },
  {
    "docID": "N200 Sasaki 2004",
    "et": "SpinalLesionSite",
    "off": 24358,
    "sff": "lesion"
  },
  {
    "docID": "N200 Sasaki 2004",
    "et": "SpinalLesionSite",
    "off": 21543,
    "sff": "lesion"
  },
  {
    "docID": "N200 Sasaki 2004",
    "et": "SpinalLesionSite",
    "off": 26130,
    "sff": "lesion"
  },
  {
    "docID": "N200 Sasaki 2004",
    "et": "SpinalLesionSite",
    "off": 34706,
    "sff": "lesion"
  },
  {
    "docID": "N200 Sasaki 2004",
    "et": "SpinalLesionSite",
    "off": 12184,
    "sff": "lesion"
  },
  {
    "docID": "N200 Sasaki 2004",
    "et": "TShapedLesion",
    "off": 20265,
    "sff": "shaped"
  },
  {
    "docID": "N200 Sasaki 2004",
    "et": "Weight",
    "off": 8310,
    "sff": "150–179 gm"
  },
  {
    "docID": "N200 Sasaki 2004",
    "et": "T9",
    "off": 8410,
    "sff": "T9"
  },
  {
    "docID": "N200 Sasaki 2004",
    "et": "Xylazine",
    "off": 8354,
    "sff": "xylazine"
  },
  {
    "docID": "N200 Sasaki 2004",
    "et": "AnimalCareCondition",
    "off": 8222,
    "sff": "Care"
  },
  {
    "docID": "N200 Sasaki 2004",
    "et": "AnimalCareCondition",
    "off": 8141,
    "sff": "care"
  },
  {
    "docID": "N200 Sasaki 2004",
    "et": "Saline",
    "off": 5815,
    "sff": "saline"
  },
  {
    "docID": "N200 Sasaki 2004",
    "et": "Dosage",
    "off": 6020,
    "sff": "2ml"
  },
  {
    "docID": "N200 Sasaki 2004",
    "et": "Dosage",
    "off": 15533,
    "sff": "0.75 mm"
  },
  {
    "docID": "N200 Sasaki 2004",
    "et": "Dosage",
    "off": 12137,
    "sff": "2 mm"
  },
  {
    "docID": "N200 Sasaki 2004",
    "et": "Dosage",
    "off": 6867,
    "sff": "10 ml"
  },
  {
    "docID": "N200 Sasaki 2004",
    "et": "Dosage",
    "off": 26604,
    "sff": "2 mm"
  },
  {
    "docID": "N200 Sasaki 2004",
    "et": "Dosage",
    "off": 5722,
    "sff": "0.75 mg/ml"
  },
  {
    "docID": "N200 Sasaki 2004",
    "et": "Dosage",
    "off": 13943,
    "sff": "0.4 mm"
  },
  {
    "docID": "N200 Sasaki 2004",
    "et": "Dosage",
    "off": 10755,
    "sff": "4%"
  },
  {
    "docID": "N200 Sasaki 2004",
    "et": "Dosage",
    "off": 25977,
    "sff": "2 mm"
  },
  {
    "docID": "N200 Sasaki 2004",
    "et": "Dosage",
    "off": 8367,
    "sff": "4 mg/kg"
  },
  {
    "docID": "N200 Sasaki 2004",
    "et": "Dosage",
    "off": 25400,
    "sff": "46%"
  },
  {
    "docID": "N200 Sasaki 2004",
    "et": "Dosage",
    "off": 10893,
    "sff": "3%"
  },
  {
    "docID": "N200 Sasaki 2004",
    "et": "Dosage",
    "off": 9288,
    "sff": "0.4 mm"
  },
  {
    "docID": "N200 Sasaki 2004",
    "et": "Dosage",
    "off": 25382,
    "sff": "54%"
  },
  {
    "docID": "N200 Sasaki 2004",
    "et": "Dosage",
    "off": 5669,
    "sff": "0.75 mg/ml"
  },
  {
    "docID": "N200 Sasaki 2004",
    "et": "Dosage",
    "off": 9714,
    "sff": "4%"
  },
  {
    "docID": "N200 Sasaki 2004",
    "et": "Dosage",
    "off": 14211,
    "sff": "95%"
  },
  {
    "docID": "N200 Sasaki 2004",
    "et": "Dosage",
    "off": 25994,
    "sff": "2 mm"
  },
  {
    "docID": "N200 Sasaki 2004",
    "et": "Dosage",
    "off": 32258,
    "sff": "95%"
  },
  {
    "docID": "N200 Sasaki 2004",
    "et": "Dosage",
    "off": 6064,
    "sff": "10%"
  },
  {
    "docID": "N200 Sasaki 2004",
    "et": "Dosage",
    "off": 11476,
    "sff": "1%"
  },
  {
    "docID": "N200 Sasaki 2004",
    "et": "Dosage",
    "off": 5754,
    "sff": "12 U/ml"
  },
  {
    "docID": "N200 Sasaki 2004",
    "et": "Dosage",
    "off": 9423,
    "sff": "1.0µl"
  },
  {
    "docID": "N200 Sasaki 2004",
    "et": "Dosage",
    "off": 10775,
    "sff": "0.02%"
  },
  {
    "docID": "N200 Sasaki 2004",
    "et": "Dosage",
    "off": 19536,
    "sff": "2 mm"
  },
  {
    "docID": "N200 Sasaki 2004",
    "et": "Dosage",
    "off": 6967,
    "sff": "10%"
  },
  {
    "docID": "N200 Sasaki 2004",
    "et": "Dosage",
    "off": 6295,
    "sff": "20 ml"
  },
  {
    "docID": "N200 Sasaki 2004",
    "et": "Dosage",
    "off": 13928,
    "sff": "1.0 mm"
  },
  {
    "docID": "N200 Sasaki 2004",
    "et": "Dosage",
    "off": 19375,
    "sff": "2mm"
  },
  {
    "docID": "N200 Sasaki 2004",
    "et": "Dosage",
    "off": 10985,
    "sff": "2%"
  },
  {
    "docID": "N200 Sasaki 2004",
    "et": "Dosage",
    "off": 26735,
    "sff": "2.0 mm"
  },
  {
    "docID": "N200 Sasaki 2004",
    "et": "Dosage",
    "off": 10856,
    "sff": "4%"
  },
  {
    "docID": "N200 Sasaki 2004",
    "et": "Dosage",
    "off": 20460,
    "sff": "95%"
  },
  {
    "docID": "N200 Sasaki 2004",
    "et": "Right",
    "off": 16911,
    "sff": "right"
  },
  {
    "docID": "N200 Sasaki 2004",
    "et": "Right",
    "off": 18055,
    "sff": "right"
  },
  {
    "docID": "N200 Sasaki 2004",
    "et": "VeinLocation",
    "off": 8498,
    "sff": "vein"
  },
  {
    "docID": "N200 Sasaki 2004",
    "et": "FemoralVeinLocation",
    "off": 8498,
    "sff": "vein"
  },
  {
    "docID": "N200 Sasaki 2004",
    "et": "Vehicle",
    "off": 9099,
    "sff": "vehicle"
  },
  {
    "docID": "N200 Sasaki 2004",
    "et": "PBS",
    "off": 9737,
    "sff": "PBS"
  },
  {
    "docID": "N200 Sasaki 2004",
    "et": "PBS",
    "off": 10265,
    "sff": "PBS"
  },
  {
    "docID": "N200 Sasaki 2004",
    "et": "PBS",
    "off": 10042,
    "sff": "PBS"
  },
  {
    "docID": "N200 Sasaki 2004",
    "et": "PBS",
    "off": 10799,
    "sff": "PBS"
  },
  {
    "docID": "N200 Sasaki 2004",
    "et": "PBS",
    "off": 9697,
    "sff": "PBS"
  },
  {
    "docID": "N200 Sasaki 2004",
    "et": "PBS",
    "off": 10738,
    "sff": "PBS"
  },
  {
    "docID": "N200 Sasaki 2004",
    "et": "Proliferation",
    "off": 33886,
    "sff": "proliferation"
  },
  {
    "docID": "N200 Sasaki 2004",
    "et": "Proliferation",
    "off": 33718,
    "sff": "proliferation"
  },
  {
    "docID": "N200 Sasaki 2004",
    "et": "Duration",
    "off": 11500,
    "sff": "4 hr"
  },
  {
    "docID": "N200 Sasaki 2004",
    "et": "Duration",
    "off": 14761,
    "sff": "50µm"
  },
  {
    "docID": "N200 Sasaki 2004",
    "et": "Duration",
    "off": 13966,
    "sff": "40µm"
  },
  {
    "docID": "N200 Sasaki 2004",
    "et": "Duration",
    "off": 35922,
    "sff": "5 weeks"
  },
  {
    "docID": "N200 Sasaki 2004",
    "et": "Duration",
    "off": 7585,
    "sff": "6 hr"
  },
  {
    "docID": "N200 Sasaki 2004",
    "et": "Duration",
    "off": 36642,
    "sff": "5 week"
  },
  {
    "docID": "N200 Sasaki 2004",
    "et": "Duration",
    "off": 7010,
    "sff": "3–7 d"
  },
  {
    "docID": "N200 Sasaki 2004",
    "et": "Duration",
    "off": 5855,
    "sff": "25 min"
  },
  {
    "docID": "N200 Sasaki 2004",
    "et": "Duration",
    "off": 14014,
    "sff": "7 d"
  },
  {
    "docID": "N200 Sasaki 2004",
    "et": "Duration",
    "off": 17137,
    "sff": "5µm"
  },
  {
    "docID": "N200 Sasaki 2004",
    "et": "Duration",
    "off": 28740,
    "sff": "5 weeks"
  },
  {
    "docID": "N200 Sasaki 2004",
    "et": "Duration",
    "off": 15670,
    "sff": "5 weeks"
  },
  {
    "docID": "N200 Sasaki 2004",
    "et": "Duration",
    "off": 21691,
    "sff": "5 weeks"
  },
  {
    "docID": "N200 Sasaki 2004",
    "et": "Duration",
    "off": 27439,
    "sff": "5 weeks"
  },
  {
    "docID": "N200 Sasaki 2004",
    "et": "Duration",
    "off": 15577,
    "sff": "2µm"
  },
  {
    "docID": "N200 Sasaki 2004",
    "et": "Duration",
    "off": 18172,
    "sff": "1 week"
  },
  {
    "docID": "N200 Sasaki 2004",
    "et": "Duration",
    "off": 16108,
    "sff": "200µm"
  },
  {
    "docID": "N200 Sasaki 2004",
    "et": "Duration",
    "off": 17174,
    "sff": "0.25µm"
  },
  {
    "docID": "N200 Sasaki 2004",
    "et": "Duration",
    "off": 16120,
    "sff": "20µm"
  },
  {
    "docID": "N200 Sasaki 2004",
    "et": "Duration",
    "off": 14870,
    "sff": "5 weeks"
  },
  {
    "docID": "N200 Sasaki 2004",
    "et": "Duration",
    "off": 18969,
    "sff": "5 weeks"
  },
  {
    "docID": "N200 Sasaki 2004",
    "et": "Duration",
    "off": 15550,
    "sff": "30µm"
  },
  {
    "docID": "N200 Sasaki 2004",
    "et": "Duration",
    "off": 11372,
    "sff": "1 hr"
  },
  {
    "docID": "N200 Sasaki 2004",
    "et": "Duration",
    "off": 18194,
    "sff": "5 weeks"
  },
  {
    "docID": "N200 Sasaki 2004",
    "et": "Duration",
    "off": 21471,
    "sff": "3D"
  },
  {
    "docID": "N200 Sasaki 2004",
    "et": "Duration",
    "off": 16131,
    "sff": "10µm"
  },
  {
    "docID": "N200 Sasaki 2004",
    "et": "Duration",
    "off": 14742,
    "sff": "100µm"
  },
  {
    "docID": "N200 Sasaki 2004",
    "et": "Duration",
    "off": 24137,
    "sff": "6D"
  },
  {
    "docID": "N200 Sasaki 2004",
    "et": "Duration",
    "off": 13440,
    "sff": "5 weeks"
  },
  {
    "docID": "N200 Sasaki 2004",
    "et": "Duration",
    "off": 14349,
    "sff": "100µm"
  },
  {
    "docID": "N200 Sasaki 2004",
    "et": "Duration",
    "off": 9591,
    "sff": "5 weeks"
  },
  {
    "docID": "N200 Sasaki 2004",
    "et": "Duration",
    "off": 10249,
    "sff": "2 hr"
  },
  {
    "docID": "N200 Sasaki 2004",
    "et": "Duration",
    "off": 6364,
    "sff": "2 min"
  },
  {
    "docID": "N200 Sasaki 2004",
    "et": "Duration",
    "off": 27088,
    "sff": "5 week"
  },
  {
    "docID": "N200 Sasaki 2004",
    "et": "Duration",
    "off": 12856,
    "sff": "2 d"
  },
  {
    "docID": "N200 Sasaki 2004",
    "et": "Duration",
    "off": 14752,
    "sff": "20µm"
  },
  {
    "docID": "N200 Sasaki 2004",
    "et": "Duration",
    "off": 7692,
    "sff": "1 hr"
  },
  {
    "docID": "N200 Sasaki 2004",
    "et": "Duration",
    "off": 17165,
    "sff": "1µm"
  },
  {
    "docID": "N200 Sasaki 2004",
    "et": "Duration",
    "off": 12903,
    "sff": "5 weeks"
  },
  {
    "docID": "N200 Sasaki 2004",
    "et": "Duration",
    "off": 13979,
    "sff": "8.5µm"
  },
  {
    "docID": "N200 Sasaki 2004",
    "et": "Duration",
    "off": 5644,
    "sff": "25 min"
  },
  {
    "docID": "N200 Sasaki 2004",
    "et": "Duration",
    "off": 14732,
    "sff": "250µm"
  },
  {
    "docID": "N200 Sasaki 2004",
    "et": "Duration",
    "off": 20476,
    "sff": "3–7 d"
  },
  {
    "docID": "N200 Sasaki 2004",
    "et": "Duration",
    "off": 15568,
    "sff": "5µm"
  },
  {
    "docID": "N200 Sasaki 2004",
    "et": "Duration",
    "off": 17156,
    "sff": "2µm"
  },
  {
    "docID": "N200 Sasaki 2004",
    "et": "Duration",
    "off": 11010,
    "sff": "30 min"
  },
  {
    "docID": "N200 Sasaki 2004",
    "et": "Duration",
    "off": 6518,
    "sff": "1 hr"
  },
  {
    "docID": "N200 Sasaki 2004",
    "et": "Duration",
    "off": 7038,
    "sff": "10 min"
  },
  {
    "docID": "N200 Sasaki 2004",
    "et": "Duration",
    "off": 15559,
    "sff": "6µm"
  },
  {
    "docID": "N200 Sasaki 2004",
    "et": "Duration",
    "off": 5941,
    "sff": "7 min"
  },
  {
    "docID": "N200 Sasaki 2004",
    "et": "LesionAdjacentTissue",
    "off": 2641,
    "sff": "lesion"
  },
  {
    "docID": "N200 Sasaki 2004",
    "et": "LesionAdjacentTissue",
    "off": 15314,
    "sff": "lesion"
  },
  {
    "docID": "N200 Sasaki 2004",
    "et": "LesionAdjacentTissue",
    "off": 19021,
    "sff": "lesion"
  },
  {
    "docID": "N200 Sasaki 2004",
    "et": "LesionAdjacentTissue",
    "off": 22235,
    "sff": "lesion"
  },
  {
    "docID": "N200 Sasaki 2004",
    "et": "LesionAdjacentTissue",
    "off": 962,
    "sff": "lesion"
  },
  {
    "docID": "N200 Sasaki 2004",
    "et": "LesionAdjacentTissue",
    "off": 19147,
    "sff": "lesion"
  },
  {
    "docID": "N200 Sasaki 2004",
    "et": "LesionAdjacentTissue",
    "off": 21684,
    "sff": "lesion"
  },
  {
    "docID": "N200 Sasaki 2004",
    "et": "LesionAdjacentTissue",
    "off": 12333,
    "sff": "lesion"
  },
  {
    "docID": "N200 Sasaki 2004",
    "et": "LesionAdjacentTissue",
    "off": 22959,
    "sff": "lesion"
  },
  {
    "docID": "N200 Sasaki 2004",
    "et": "LesionAdjacentTissue",
    "off": 19386,
    "sff": "lesion"
  },
  {
    "docID": "N200 Sasaki 2004",
    "et": "LesionAdjacentTissue",
    "off": 30006,
    "sff": "lesion"
  },
  {
    "docID": "N200 Sasaki 2004",
    "et": "LesionAdjacentTissue",
    "off": 11061,
    "sff": "lesion"
  },
  {
    "docID": "N200 Sasaki 2004",
    "et": "LesionAdjacentTissue",
    "off": 673,
    "sff": "lesion"
  },
  {
    "docID": "N200 Sasaki 2004",
    "et": "LesionAdjacentTissue",
    "off": 14500,
    "sff": "lesion"
  },
  {
    "docID": "N200 Sasaki 2004",
    "et": "LesionAdjacentTissue",
    "off": 28836,
    "sff": "lesion"
  },
  {
    "docID": "N200 Sasaki 2004",
    "et": "LesionAdjacentTissue",
    "off": 22435,
    "sff": "lesion"
  },
  {
    "docID": "N200 Sasaki 2004",
    "et": "LesionAdjacentTissue",
    "off": 19741,
    "sff": "lesion"
  },
  {
    "docID": "N200 Sasaki 2004",
    "et": "LesionAdjacentTissue",
    "off": 26013,
    "sff": "lesion"
  },
  {
    "docID": "N200 Sasaki 2004",
    "et": "LesionAdjacentTissue",
    "off": 20905,
    "sff": "lesion"
  },
  {
    "docID": "N200 Sasaki 2004",
    "et": "LesionAdjacentTissue",
    "off": 9260,
    "sff": "lesion"
  },
  {
    "docID": "N200 Sasaki 2004",
    "et": "LesionAdjacentTissue",
    "off": 13478,
    "sff": "lesion"
  },
  {
    "docID": "N200 Sasaki 2004",
    "et": "LesionAdjacentTissue",
    "off": 18854,
    "sff": "lesion"
  },
  {
    "docID": "N200 Sasaki 2004",
    "et": "LesionAdjacentTissue",
    "off": 24358,
    "sff": "lesion"
  },
  {
    "docID": "N200 Sasaki 2004",
    "et": "LesionAdjacentTissue",
    "off": 29608,
    "sff": "lesion"
  },
  {
    "docID": "N200 Sasaki 2004",
    "et": "LesionAdjacentTissue",
    "off": 16870,
    "sff": "adjacent"
  },
  {
    "docID": "N200 Sasaki 2004",
    "et": "LesionAdjacentTissue",
    "off": 21543,
    "sff": "lesion"
  },
  {
    "docID": "N200 Sasaki 2004",
    "et": "LesionAdjacentTissue",
    "off": 26130,
    "sff": "lesion"
  },
  {
    "docID": "N200 Sasaki 2004",
    "et": "LesionAdjacentTissue",
    "off": 34706,
    "sff": "lesion"
  },
  {
    "docID": "N200 Sasaki 2004",
    "et": "LesionAdjacentTissue",
    "off": 3856,
    "sff": "lesion"
  },
  {
    "docID": "N200 Sasaki 2004",
    "et": "LesionAdjacentTissue",
    "off": 24602,
    "sff": "lesion"
  },
  {
    "docID": "N200 Sasaki 2004",
    "et": "LesionAdjacentTissue",
    "off": 12184,
    "sff": "lesion"
  },
  {
    "docID": "N200 Sasaki 2004",
    "et": "LesionAdjacentTissue",
    "off": 26370,
    "sff": "lesion"
  },
  {
    "docID": "N200 Sasaki 2004",
    "et": "LesionAdjacentTissue",
    "off": 898,
    "sff": "lesion"
  },
  {
    "docID": "N200 Sasaki 2004",
    "et": "LesionAdjacentTissue",
    "off": 31361,
    "sff": "lesion"
  },
  {
    "docID": "N200 Sasaki 2004",
    "et": "LesionAdjacentTissue",
    "off": 26756,
    "sff": "lesion"
  },
  {
    "docID": "N200 Sasaki 2004",
    "et": "LesionAdjacentTissue",
    "off": 26623,
    "sff": "lesion"
  },
  {
    "docID": "N200 Sasaki 2004",
    "et": "LesionAdjacentTissue",
    "off": 17674,
    "sff": "lesion"
  },
  {
    "docID": "N200 Sasaki 2004",
    "et": "LesionAdjacentTissue",
    "off": 17797,
    "sff": "lesion"
  },
  {
    "docID": "N200 Sasaki 2004",
    "et": "LesionAdjacentTissue",
    "off": 4744,
    "sff": "lesion"
  },
  {
    "docID": "N200 Sasaki 2004",
    "et": "LesionAdjacentTissue",
    "off": 22151,
    "sff": "lesion"
  },
  {
    "docID": "N200 Sasaki 2004",
    "et": "LesionAdjacentTissue",
    "off": 33138,
    "sff": "lesion"
  },
  {
    "docID": "N200 Sasaki 2004",
    "et": "LesionAdjacentTissue",
    "off": 13681,
    "sff": "lesion"
  },
  {
    "docID": "N200 Sasaki 2004",
    "et": "LesionAdjacentTissue",
    "off": 21257,
    "sff": "adjacent"
  },
  {
    "docID": "N200 Sasaki 2004",
    "et": "LesionAdjacentTissue",
    "off": 22516,
    "sff": "lesion"
  },
  {
    "docID": "N200 Sasaki 2004",
    "et": "LesionAdjacentTissue",
    "off": 756,
    "sff": "lesion"
  },
  {
    "docID": "N200 Sasaki 2004",
    "et": "LesionAdjacentTissue",
    "off": 1005,
    "sff": "lesion"
  },
  {
    "docID": "N200 Sasaki 2004",
    "et": "LesionAdjacentTissue",
    "off": 101,
    "sff": "Lesion"
  },
  {
    "docID": "N200 Sasaki 2004",
    "et": "LesionAdjacentTissue",
    "off": 17263,
    "sff": "lesion"
  },
  {
    "docID": "N200 Sasaki 2004",
    "et": "LesionAdjacentTissue",
    "off": 29178,
    "sff": "lesion"
  },
  {
    "docID": "N200 Sasaki 2004",
    "et": "LesionAdjacentTissue",
    "off": 17529,
    "sff": "lesion"
  },
  {
    "docID": "N200 Sasaki 2004",
    "et": "LesionAdjacentTissue",
    "off": 15100,
    "sff": "lesion"
  },
  {
    "docID": "N200 Sasaki 2004",
    "et": "LesionAdjacentTissue",
    "off": 26232,
    "sff": "lesion"
  },
  {
    "docID": "N200 Sasaki 2004",
    "et": "LesionAdjacentTissue",
    "off": 12001,
    "sff": "lesion"
  },
  {
    "docID": "N200 Sasaki 2004",
    "et": "LesionAdjacentTissue",
    "off": 19549,
    "sff": "lesion"
  },
  {
    "docID": "N200 Sasaki 2004",
    "et": "LesionAdjacentTissue",
    "off": 21344,
    "sff": "lesion"
  },
  {
    "docID": "N200 Sasaki 2004",
    "et": "LesionAdjacentTissue",
    "off": 17900,
    "sff": "lesion"
  },
  {
    "docID": "N200 Sasaki 2004",
    "et": "LesionAdjacentTissue",
    "off": 25574,
    "sff": "lesion"
  },
  {
    "docID": "N200 Sasaki 2004",
    "et": "LesionAdjacentTissue",
    "off": 28774,
    "sff": "lesion"
  },
  {
    "docID": "N200 Sasaki 2004",
    "et": "LesionAdjacentTissue",
    "off": 29670,
    "sff": "lesion"
  },
  {
    "docID": "N200 Sasaki 2004",
    "et": "LesionAdjacentTissue",
    "off": 36709,
    "sff": "lesion"
  },
  {
    "docID": "N200 Sasaki 2004",
    "et": "LesionAdjacentTissue",
    "off": 22759,
    "sff": "lesion"
  },
  {
    "docID": "N200 Sasaki 2004",
    "et": "SevereInjury",
    "off": 19611,
    "sff": "severe"
  },
  {
    "docID": "N200 Sasaki 2004",
    "et": "SevereInjury",
    "off": 19404,
    "sff": "severe"
  },
  {
    "docID": "N200 Sasaki 2004",
    "et": "CentralNervousSystem",
    "off": 25935,
    "sff": "central"
  },
  {
    "docID": "N200 Sasaki 2004",
    "et": "CentralNervousSystem",
    "off": 22496,
    "sff": "central"
  },
  {
    "docID": "N200 Sasaki 2004",
    "et": "CentralNervousSystem",
    "off": 17425,
    "sff": "central"
  },
  {
    "docID": "N200 Sasaki 2004",
    "et": "CentralNervousSystem",
    "off": 26707,
    "sff": "central"
  },
  {
    "docID": "N200 Sasaki 2004",
    "et": "CentralNervousSystem",
    "off": 2004,
    "sff": "central"
  },
  {
    "docID": "N200 Sasaki 2004",
    "et": "CentralNervousSystem",
    "off": 19001,
    "sff": "central"
  },
  {
    "docID": "N200 Sasaki 2004",
    "et": "RocheMexico",
    "off": 5681,
    "sff": "Roche"
  },
  {
    "docID": "N200 Sasaki 2004",
    "et": "RocheMexico",
    "off": 5734,
    "sff": "Roche"
  },
  {
    "docID": "N200 Sasaki 2004",
    "et": "Matrix",
    "off": 35051,
    "sff": "matrix"
  },
  {
    "docID": "N200 Sasaki 2004",
    "et": "Matrix",
    "off": 34808,
    "sff": "matrix"
  },
  {
    "docID": "N200 Sasaki 2004",
    "et": "Matrix",
    "off": 4080,
    "sff": "matrix"
  },
  {
    "docID": "N200 Sasaki 2004",
    "et": "Matrix",
    "off": 28223,
    "sff": "matrix"
  },
  {
    "docID": "N200 Sasaki 2004",
    "et": "NuclearTransfection",
    "off": 14260,
    "sff": "nuclear"
  },
  {
    "docID": "N200 Sasaki 2004",
    "et": "NuclearTransfection",
    "off": 23732,
    "sff": "nuclear"
  },
  {
    "docID": "N200 Sasaki 2004",
    "et": "NuclearTransfection",
    "off": 19315,
    "sff": "nuclear"
  },
  {
    "docID": "N200 Sasaki 2004",
    "et": "NuclearTransfection",
    "off": 7998,
    "sff": "nuclear"
  },
  {
    "docID": "N200 Sasaki 2004",
    "et": "NuclearTransfection",
    "off": 14024,
    "sff": "nuclear"
  },
  {
    "docID": "N200 Sasaki 2004",
    "et": "SpinalCentralPart",
    "off": 17425,
    "sff": "central"
  },
  {
    "docID": "N200 Sasaki 2004",
    "et": "SpinalCentralPart",
    "off": 22496,
    "sff": "central"
  },
  {
    "docID": "N200 Sasaki 2004",
    "et": "SpinalCentralPart",
    "off": 26707,
    "sff": "central"
  },
  {
    "docID": "N200 Sasaki 2004",
    "et": "SpinalCentralPart",
    "off": 25935,
    "sff": "central"
  },
  {
    "docID": "N200 Sasaki 2004",
    "et": "SpinalCentralPart",
    "off": 19001,
    "sff": "central"
  },
  {
    "docID": "N200 Sasaki 2004",
    "et": "SpinalCentralPart",
    "off": 2004,
    "sff": "central"
  },
  {
    "docID": "N200 Sasaki 2004",
    "et": "InjuryArea",
    "off": 16557,
    "sff": "area"
  },
  {
    "docID": "N200 Sasaki 2004",
    "et": "InjuryArea",
    "off": 969,
    "sff": "area"
  },
  {
    "docID": "N200 Sasaki 2004",
    "et": "InjuryArea",
    "off": 33315,
    "sff": "area"
  },
  {
    "docID": "N200 Sasaki 2004",
    "et": "InjuryArea",
    "off": 31623,
    "sff": "area"
  },
  {
    "docID": "N200 Sasaki 2004",
    "et": "InjuryArea",
    "off": 12041,
    "sff": "area"
  },
  {
    "docID": "N200 Sasaki 2004",
    "et": "InjuryArea",
    "off": 19882,
    "sff": "area"
  },
  {
    "docID": "N200 Sasaki 2004",
    "et": "InjuryArea",
    "off": 16427,
    "sff": "area"
  },
  {
    "docID": "N200 Sasaki 2004",
    "et": "InjuryArea",
    "off": 16716,
    "sff": "area"
  },
  {
    "docID": "N200 Sasaki 2004",
    "et": "MedicationDuringSurgery",
    "off": 27077,
    "sff": "during"
  },
  {
    "docID": "N200 Sasaki 2004",
    "et": "Ketamine",
    "off": 8345,
    "sff": "ketamine"
  },
  {
    "docID": "N200 Sasaki 2004",
    "et": "Laminectomy",
    "off": 8413,
    "sff": "laminectomy"
  },
  {
    "docID": "N200 Sasaki 2004",
    "et": "AscendingFiberTract",
    "off": 19443,
    "sff": "ascending"
  },
  {
    "docID": "N200 Sasaki 2004",
    "et": "AscendingFiberTract",
    "off": 14479,
    "sff": "fiber"
  },
  {
    "docID": "N200 Sasaki 2004",
    "et": "SpinalWhiteMatter",
    "off": 5422,
    "sff": "white matter"
  },
  {
    "docID": "N200 Sasaki 2004",
    "et": "Antibody",
    "off": 1150,
    "sff": "antibody"
  },
  {
    "docID": "N200 Sasaki 2004",
    "et": "Antibody",
    "off": 31524,
    "sff": "antibody"
  },
  {
    "docID": "N200 Sasaki 2004",
    "et": "Antibody",
    "off": 7090,
    "sff": "antibody"
  },
  {
    "docID": "N200 Sasaki 2004",
    "et": "Antibody",
    "off": 14291,
    "sff": "antibody"
  },
  {
    "docID": "N200 Sasaki 2004",
    "et": "Antibody",
    "off": 11212,
    "sff": "antibody"
  },
  {
    "docID": "N200 Sasaki 2004",
    "et": "Antibody",
    "off": 14315,
    "sff": "antibody"
  },
  {
    "docID": "N200 Sasaki 2004",
    "et": "Purification",
    "off": 33109,
    "sff": "purification"
  },
  {
    "docID": "N200 Sasaki 2004",
    "et": "UmbilicalCordBloodStemCell",
    "off": 34195,
    "sff": "blood"
  },
  {
    "docID": "N200 Sasaki 2004",
    "et": "Protein",
    "off": 4360,
    "sff": "protein"
  },
  {
    "docID": "N200 Sasaki 2004",
    "et": "Protein",
    "off": 603,
    "sff": "protein"
  },
  {
    "docID": "N200 Sasaki 2004",
    "et": "Protein",
    "off": 32561,
    "sff": "protein"
  },
  {
    "docID": "N200 Sasaki 2004",
    "et": "Protein",
    "off": 9925,
    "sff": "protein"
  },
  {
    "docID": "N200 Sasaki 2004",
    "et": "TailVeinLocation",
    "off": 8498,
    "sff": "vein"
  },
  {
    "docID": "N200 Sasaki 2004",
    "et": "GlialCell",
    "off": 1870,
    "sff": "glial cell"
  },
  {
    "docID": "N200 Sasaki 2004",
    "et": "CephalicVeinLocation",
    "off": 8498,
    "sff": "vein"
  },
  {
    "docID": "N200 Sasaki 2004",
    "et": "CompressionType",
    "off": 31010,
    "sff": "compression"
  },
  {
    "docID": "N200 Sasaki 2004",
    "et": "PostSurgeryCondition",
    "off": 8818,
    "sff": "surgery"
  },
  {
    "docID": "N200 Sasaki 2004",
    "et": "PostSurgeryCondition",
    "off": 12917,
    "sff": "surgery"
  },
  {
    "docID": "N200 Sasaki 2004",
    "et": "RatSpecies",
    "off": 5252,
    "sff": "rat"
  },
  {
    "docID": "N200 Sasaki 2004",
    "et": "RatSpecies",
    "off": 4450,
    "sff": "rat"
  },
  {
    "docID": "N200 Sasaki 2004",
    "et": "RatSpecies",
    "off": 28700,
    "sff": "rat"
  },
  {
    "docID": "N200 Sasaki 2004",
    "et": "RatSpecies",
    "off": 9534,
    "sff": "rat"
  },
  {
    "docID": "N200 Sasaki 2004",
    "et": "Caudal",
    "off": 17660,
    "sff": "caudal"
  },
  {
    "docID": "N200 Sasaki 2004",
    "et": "Caudal",
    "off": 12154,
    "sff": "caudal"
  },
  {
    "docID": "N200 Sasaki 2004",
    "et": "Caudal",
    "off": 26742,
    "sff": "caudal"
  },
  {
    "docID": "N200 Sasaki 2004",
    "et": "Caudal",
    "off": 5349,
    "sff": "caudal"
  },
  {
    "docID": "N200 Sasaki 2004",
    "et": "Caudal",
    "off": 26146,
    "sff": "caudal"
  },
  {
    "docID": "N200 Sasaki 2004",
    "et": "Caudal",
    "off": 17249,
    "sff": "caudal"
  },
  {
    "docID": "N200 Sasaki 2004",
    "et": "Caudal",
    "off": 9246,
    "sff": "caudal"
  },
  {
    "docID": "N200 Sasaki 2004",
    "et": "Caudal",
    "off": 17886,
    "sff": "caudal"
  },
  {
    "docID": "N200 Sasaki 2004",
    "et": "Caudal",
    "off": 19528,
    "sff": "Caudal"
  },
  {
    "docID": "N200 Sasaki 2004",
    "et": "Caudal",
    "off": 26356,
    "sff": "caudal"
  },
  {
    "docID": "N200 Sasaki 2004",
    "et": "Caudal",
    "off": 13778,
    "sff": "Caudal"
  },
  {
    "docID": "N200 Sasaki 2004",
    "et": "Caudal",
    "off": 26609,
    "sff": "caudal"
  },
  {
    "docID": "N200 Sasaki 2004",
    "et": "Caudal",
    "off": 19727,
    "sff": "caudal"
  },
  {
    "docID": "N200 Sasaki 2004",
    "et": "Caudal",
    "off": 25999,
    "sff": "caudal"
  },
  {
    "docID": "N200 Sasaki 2004",
    "et": "SchwannCell",
    "off": 2728,
    "sff": "Schwann cell"
  },
  {
    "docID": "N200 Sasaki 2004",
    "et": "NewZealandRabbit",
    "off": 329,
    "sff": "New"
  },
  {
    "docID": "N200 Sasaki 2004",
    "et": "NewZealandRabbit",
    "off": 1783,
    "sff": "new"
  },
  {
    "docID": "N200 Sasaki 2004",
    "et": "SigmaAldrich",
    "off": 9849,
    "sff": "Sigma"
  },
  {
    "docID": "N200 Sasaki 2004",
    "et": "LightSource",
    "off": 29791,
    "sff": "light"
  },
  {
    "docID": "N200 Sasaki 2004",
    "et": "Compression",
    "off": 31010,
    "sff": "compression"
  },
  {
    "docID": "N200 Sasaki 2004",
    "et": "StemCellSourceType",
    "off": 5106,
    "sff": "cell"
  },
  {
    "docID": "N200 Sasaki 2004",
    "et": "StemCellSourceType",
    "off": 21875,
    "sff": "cell"
  },
  {
    "docID": "N200 Sasaki 2004",
    "et": "StemCellSourceType",
    "off": 2736,
    "sff": "cell"
  },
  {
    "docID": "N200 Sasaki 2004",
    "et": "StemCellSourceType",
    "off": 16304,
    "sff": "cell"
  },
  {
    "docID": "N200 Sasaki 2004",
    "et": "StemCellSourceType",
    "off": 24241,
    "sff": "cell"
  },
  {
    "docID": "N200 Sasaki 2004",
    "et": "StemCellSourceType",
    "off": 33713,
    "sff": "cell"
  },
  {
    "docID": "N200 Sasaki 2004",
    "et": "StemCellSourceType",
    "off": 36143,
    "sff": "cell"
  },
  {
    "docID": "N200 Sasaki 2004",
    "et": "StemCellSourceType",
    "off": 4204,
    "sff": "cell"
  },
  {
    "docID": "N200 Sasaki 2004",
    "et": "StemCellSourceType",
    "off": 15469,
    "sff": "cell"
  },
  {
    "docID": "N200 Sasaki 2004",
    "et": "StemCellSourceType",
    "off": 20073,
    "sff": "cell"
  },
  {
    "docID": "N200 Sasaki 2004",
    "et": "StemCellSourceType",
    "off": 30758,
    "sff": "cell"
  },
  {
    "docID": "N200 Sasaki 2004",
    "et": "StemCellSourceType",
    "off": 33383,
    "sff": "cell"
  },
  {
    "docID": "N200 Sasaki 2004",
    "et": "StemCellSourceType",
    "off": 37159,
    "sff": "cell"
  },
  {
    "docID": "N200 Sasaki 2004",
    "et": "StemCellSourceType",
    "off": 24228,
    "sff": "cell"
  },
  {
    "docID": "N200 Sasaki 2004",
    "et": "StemCellSourceType",
    "off": 9314,
    "sff": "cell"
  },
  {
    "docID": "N200 Sasaki 2004",
    "et": "StemCellSourceType",
    "off": 36124,
    "sff": "cell"
  },
  {
    "docID": "N200 Sasaki 2004",
    "et": "StemCellSourceType",
    "off": 21272,
    "sff": "cell"
  },
  {
    "docID": "N200 Sasaki 2004",
    "et": "StemCellSourceType",
    "off": 31128,
    "sff": "cell"
  },
  {
    "docID": "N200 Sasaki 2004",
    "et": "StemCellSourceType",
    "off": 17111,
    "sff": "cell"
  },
  {
    "docID": "N200 Sasaki 2004",
    "et": "StemCellSourceType",
    "off": 1876,
    "sff": "cell"
  },
  {
    "docID": "N200 Sasaki 2004",
    "et": "StemCellSourceType",
    "off": 28370,
    "sff": "cell"
  },
  {
    "docID": "N200 Sasaki 2004",
    "et": "StemCellSourceType",
    "off": 20237,
    "sff": "cell"
  },
  {
    "docID": "N200 Sasaki 2004",
    "et": "StemCellSourceType",
    "off": 30091,
    "sff": "cell"
  },
  {
    "docID": "N200 Sasaki 2004",
    "et": "StemCellSourceType",
    "off": 33092,
    "sff": "cell"
  },
  {
    "docID": "N200 Sasaki 2004",
    "et": "StemCellSourceType",
    "off": 15810,
    "sff": "cell"
  },
  {
    "docID": "N200 Sasaki 2004",
    "et": "StemCellSourceType",
    "off": 23682,
    "sff": "cell"
  },
  {
    "docID": "N200 Sasaki 2004",
    "et": "StemCellSourceType",
    "off": 33409,
    "sff": "cell"
  },
  {
    "docID": "N200 Sasaki 2004",
    "et": "StemCellSourceType",
    "off": 6394,
    "sff": "cell"
  },
  {
    "docID": "N200 Sasaki 2004",
    "et": "StemCellSourceType",
    "off": 33787,
    "sff": "cell"
  },
  {
    "docID": "N200 Sasaki 2004",
    "et": "StemCellSourceType",
    "off": 20025,
    "sff": "cell"
  },
  {
    "docID": "N200 Sasaki 2004",
    "et": "StemCellSourceType",
    "off": 36409,
    "sff": "cell"
  },
  {
    "docID": "N200 Sasaki 2004",
    "et": "StemCellSourceType",
    "off": 1908,
    "sff": "cell"
  },
  {
    "docID": "N200 Sasaki 2004",
    "et": "InVitroExperimentalProcedure",
    "off": 18537,
    "sff": "experimental"
  },
  {
    "docID": "N200 Sasaki 2004",
    "et": "VentralInjuryArea",
    "off": 22115,
    "sff": "ventral"
  },
  {
    "docID": "N200 Sasaki 2004",
    "et": "LongEvansRat",
    "off": 35349,
    "sff": "long"
  },
  {
    "docID": "N200 Sasaki 2004",
    "et": "Cell",
    "off": 24228,
    "sff": "cell"
  },
  {
    "docID": "N200 Sasaki 2004",
    "et": "Cell",
    "off": 9314,
    "sff": "cell"
  },
  {
    "docID": "N200 Sasaki 2004",
    "et": "Cell",
    "off": 36124,
    "sff": "cell"
  },
  {
    "docID": "N200 Sasaki 2004",
    "et": "Cell",
    "off": 21272,
    "sff": "cell"
  },
  {
    "docID": "N200 Sasaki 2004",
    "et": "Cell",
    "off": 31128,
    "sff": "cell"
  },
  {
    "docID": "N200 Sasaki 2004",
    "et": "Cell",
    "off": 17111,
    "sff": "cell"
  },
  {
    "docID": "N200 Sasaki 2004",
    "et": "Cell",
    "off": 1908,
    "sff": "cell"
  },
  {
    "docID": "N200 Sasaki 2004",
    "et": "Cell",
    "off": 5106,
    "sff": "cell"
  },
  {
    "docID": "N200 Sasaki 2004",
    "et": "Cell",
    "off": 21875,
    "sff": "cell"
  },
  {
    "docID": "N200 Sasaki 2004",
    "et": "Cell",
    "off": 2736,
    "sff": "cell"
  },
  {
    "docID": "N200 Sasaki 2004",
    "et": "Cell",
    "off": 16304,
    "sff": "cell"
  },
  {
    "docID": "N200 Sasaki 2004",
    "et": "Cell",
    "off": 24241,
    "sff": "cell"
  },
  {
    "docID": "N200 Sasaki 2004",
    "et": "Cell",
    "off": 33713,
    "sff": "cell"
  },
  {
    "docID": "N200 Sasaki 2004",
    "et": "Cell",
    "off": 36143,
    "sff": "cell"
  },
  {
    "docID": "N200 Sasaki 2004",
    "et": "Cell",
    "off": 4204,
    "sff": "cell"
  },
  {
    "docID": "N200 Sasaki 2004",
    "et": "Cell",
    "off": 15469,
    "sff": "cell"
  },
  {
    "docID": "N200 Sasaki 2004",
    "et": "Cell",
    "off": 20073,
    "sff": "cell"
  },
  {
    "docID": "N200 Sasaki 2004",
    "et": "Cell",
    "off": 33383,
    "sff": "cell"
  },
  {
    "docID": "N200 Sasaki 2004",
    "et": "Cell",
    "off": 37159,
    "sff": "cell"
  },
  {
    "docID": "N200 Sasaki 2004",
    "et": "Cell",
    "off": 30758,
    "sff": "cell"
  },
  {
    "docID": "N200 Sasaki 2004",
    "et": "Cell",
    "off": 33092,
    "sff": "cell"
  },
  {
    "docID": "N200 Sasaki 2004",
    "et": "Cell",
    "off": 15810,
    "sff": "cell"
  },
  {
    "docID": "N200 Sasaki 2004",
    "et": "Cell",
    "off": 23682,
    "sff": "cell"
  },
  {
    "docID": "N200 Sasaki 2004",
    "et": "Cell",
    "off": 33409,
    "sff": "cell"
  },
  {
    "docID": "N200 Sasaki 2004",
    "et": "Cell",
    "off": 6394,
    "sff": "cell"
  },
  {
    "docID": "N200 Sasaki 2004",
    "et": "Cell",
    "off": 33787,
    "sff": "cell"
  },
  {
    "docID": "N200 Sasaki 2004",
    "et": "Cell",
    "off": 36409,
    "sff": "cell"
  },
  {
    "docID": "N200 Sasaki 2004",
    "et": "Cell",
    "off": 20025,
    "sff": "cell"
  },
  {
    "docID": "N200 Sasaki 2004",
    "et": "Cell",
    "off": 1876,
    "sff": "cell"
  },
  {
    "docID": "N200 Sasaki 2004",
    "et": "Cell",
    "off": 28370,
    "sff": "cell"
  },
  {
    "docID": "N200 Sasaki 2004",
    "et": "Cell",
    "off": 20237,
    "sff": "cell"
  },
  {
    "docID": "N200 Sasaki 2004",
    "et": "Cell",
    "off": 30091,
    "sff": "cell"
  },
  {
    "docID": "N200 Sasaki 2004",
    "et": "SpinalDorsalHalf",
    "off": 642,
    "sff": "dorsal"
  },
  {
    "docID": "N200 Sasaki 2004",
    "et": "SpinalDorsalHalf",
    "off": 8546,
    "sff": "dorsal"
  },
  {
    "docID": "N200 Sasaki 2004",
    "et": "SpinalDorsalHalf",
    "off": 17217,
    "sff": "dorsal"
  },
  {
    "docID": "N200 Sasaki 2004",
    "et": "SpinalDorsalHalf",
    "off": 13536,
    "sff": "dorsal"
  },
  {
    "docID": "N200 Sasaki 2004",
    "et": "SpinalDorsalHalf",
    "off": 32384,
    "sff": "dorsal"
  },
  {
    "docID": "N200 Sasaki 2004",
    "et": "SpinalDorsalHalf",
    "off": 4408,
    "sff": "dorsal"
  },
  {
    "docID": "N200 Sasaki 2004",
    "et": "SpinalDorsalHalf",
    "off": 9016,
    "sff": "dorsal"
  },
  {
    "docID": "N200 Sasaki 2004",
    "et": "SpinalDorsalHalf",
    "off": 9144,
    "sff": "dorsal"
  },
  {
    "docID": "N200 Sasaki 2004",
    "et": "SpinalDorsalHalf",
    "off": 34584,
    "sff": "dorsal"
  },
  {
    "docID": "N200 Sasaki 2004",
    "et": "SpinalDorsalHalf",
    "off": 12118,
    "sff": "dorsal"
  },
  {
    "docID": "N200 Sasaki 2004",
    "et": "SpinalDorsalHalf",
    "off": 18837,
    "sff": "dorsal"
  },
  {
    "docID": "N200 Sasaki 2004",
    "et": "SpinalDorsalHalf",
    "off": 8016,
    "sff": "Dorsal"
  },
  {
    "docID": "N200 Sasaki 2004",
    "et": "SpinalDorsalHalf",
    "off": 12080,
    "sff": "dorsal"
  },
  {
    "docID": "N200 Sasaki 2004",
    "et": "SpinalDorsalHalf",
    "off": 14992,
    "sff": "dorsal"
  },
  {
    "docID": "N200 Sasaki 2004",
    "et": "SpinalDorsalHalf",
    "off": 18764,
    "sff": "dorsal"
  },
  {
    "docID": "N200 Sasaki 2004",
    "et": "SpinalDorsalHalf",
    "off": 73,
    "sff": "Dorsal"
  },
  {
    "docID": "N200 Sasaki 2004",
    "et": "SpinalDorsalHalf",
    "off": 8491,
    "sff": "dorsal"
  },
  {
    "docID": "N200 Sasaki 2004",
    "et": "SpinalDorsalHalf",
    "off": 22091,
    "sff": "dorsal"
  },
  {
    "docID": "N200 Sasaki 2004",
    "et": "SpinalDorsalHalf",
    "off": 4650,
    "sff": "dorsal"
  },
  {
    "docID": "N200 Sasaki 2004",
    "et": "CompleteTransectionType",
    "off": 661,
    "sff": "transection"
  },
  {
    "docID": "N200 Sasaki 2004",
    "et": "CompleteTransectionType",
    "off": 15890,
    "sff": "transection"
  },
  {
    "docID": "N200 Sasaki 2004",
    "et": "CompleteTransectionType",
    "off": 32401,
    "sff": "transection"
  },
  {
    "docID": "N200 Sasaki 2004",
    "et": "CompleteTransectionType",
    "off": 5806,
    "sff": "complete"
  },
  {
    "docID": "N200 Sasaki 2004",
    "et": "CompleteTransectionType",
    "off": 34763,
    "sff": "transection"
  },
  {
    "docID": "N200 Sasaki 2004",
    "et": "CompleteTransectionType",
    "off": 4425,
    "sff": "transection"
  },
  {
    "docID": "N200 Sasaki 2004",
    "et": "CompleteTransectionType",
    "off": 9349,
    "sff": "transection"
  },
  {
    "docID": "N200 Sasaki 2004",
    "et": "CompleteTransectionType",
    "off": 14853,
    "sff": "transection"
  },
  {
    "docID": "N200 Sasaki 2004",
    "et": "CompleteTransectionType",
    "off": 13631,
    "sff": "transection"
  },
  {
    "docID": "N200 Sasaki 2004",
    "et": "CompleteTransectionType",
    "off": 29503,
    "sff": "transection"
  },
  {
    "docID": "N200 Sasaki 2004",
    "et": "CompleteTransectionType",
    "off": 1467,
    "sff": "transection"
  },
  {
    "docID": "N200 Sasaki 2004",
    "et": "CompleteTransectionType",
    "off": 4667,
    "sff": "transection"
  },
  {
    "docID": "N200 Sasaki 2004",
    "et": "CompleteTransectionType",
    "off": 20858,
    "sff": "transection"
  },
  {
    "docID": "N200 Sasaki 2004",
    "et": "CompleteTransectionType",
    "off": 825,
    "sff": "transection"
  },
  {
    "docID": "N200 Sasaki 2004",
    "et": "CompleteTransectionType",
    "off": 14449,
    "sff": "transection"
  },
  {
    "docID": "N200 Sasaki 2004",
    "et": "CompleteTransectionType",
    "off": 14961,
    "sff": "transection"
  },
  {
    "docID": "N200 Sasaki 2004",
    "et": "CompleteTransectionType",
    "off": 13422,
    "sff": "transection"
  },
  {
    "docID": "N200 Sasaki 2004",
    "et": "CompleteTransectionType",
    "off": 18983,
    "sff": "transection"
  },
  {
    "docID": "N200 Sasaki 2004",
    "et": "CompleteTransectionType",
    "off": 29994,
    "sff": "transection"
  },
  {
    "docID": "N200 Sasaki 2004",
    "et": "CompleteTransectionType",
    "off": 30246,
    "sff": "transection"
  },
  {
    "docID": "N200 Sasaki 2004",
    "et": "CompleteTransectionType",
    "off": 8997,
    "sff": "transection"
  },
  {
    "docID": "N200 Sasaki 2004",
    "et": "CompleteTransectionType",
    "off": 15653,
    "sff": "transection"
  },
  {
    "docID": "N200 Sasaki 2004",
    "et": "CompleteTransectionType",
    "off": 13792,
    "sff": "transection"
  },
  {
    "docID": "N200 Sasaki 2004",
    "et": "CompleteTransectionType",
    "off": 8033,
    "sff": "transection"
  },
  {
    "docID": "N200 Sasaki 2004",
    "et": "CompleteTransectionType",
    "off": 36697,
    "sff": "transection"
  },
  {
    "docID": "N200 Sasaki 2004",
    "et": "Embryonic",
    "off": 30961,
    "sff": "embryonic"
  },
  {
    "docID": "N200 Sasaki 2004",
    "et": "Embryonic",
    "off": 33630,
    "sff": "embryonic"
  },
  {
    "docID": "N200 Sasaki 2004",
    "et": "ExperimentalProcedure",
    "off": 18537,
    "sff": "experimental"
  },
  {
    "docID": "N200 Sasaki 2004",
    "et": "BodyTemperatureMeasurement",
    "off": 7705,
    "sff": "temperature"
  },
  {
    "docID": "N200 Sasaki 2004",
    "et": "BodyTemperatureMeasurement",
    "off": 7598,
    "sff": "temperature"
  },
  {
    "docID": "N200 Sasaki 2004",
    "et": "BodyTemperatureMeasurement",
    "off": 27550,
    "sff": "body"
  },
  {
    "docID": "N200 Sasaki 2004",
    "et": "PartialTransectionType",
    "off": 20858,
    "sff": "transection"
  },
  {
    "docID": "N200 Sasaki 2004",
    "et": "PartialTransectionType",
    "off": 825,
    "sff": "transection"
  },
  {
    "docID": "N200 Sasaki 2004",
    "et": "PartialTransectionType",
    "off": 36697,
    "sff": "transection"
  },
  {
    "docID": "N200 Sasaki 2004",
    "et": "PartialTransectionType",
    "off": 1467,
    "sff": "transection"
  },
  {
    "docID": "N200 Sasaki 2004",
    "et": "PartialTransectionType",
    "off": 4667,
    "sff": "transection"
  },
  {
    "docID": "N200 Sasaki 2004",
    "et": "PartialTransectionType",
    "off": 15890,
    "sff": "transection"
  },
  {
    "docID": "N200 Sasaki 2004",
    "et": "PartialTransectionType",
    "off": 14449,
    "sff": "transection"
  },
  {
    "docID": "N200 Sasaki 2004",
    "et": "PartialTransectionType",
    "off": 14961,
    "sff": "transection"
  },
  {
    "docID": "N200 Sasaki 2004",
    "et": "PartialTransectionType",
    "off": 32401,
    "sff": "transection"
  },
  {
    "docID": "N200 Sasaki 2004",
    "et": "PartialTransectionType",
    "off": 661,
    "sff": "transection"
  },
  {
    "docID": "N200 Sasaki 2004",
    "et": "PartialTransectionType",
    "off": 29994,
    "sff": "transection"
  },
  {
    "docID": "N200 Sasaki 2004",
    "et": "PartialTransectionType",
    "off": 4425,
    "sff": "transection"
  },
  {
    "docID": "N200 Sasaki 2004",
    "et": "PartialTransectionType",
    "off": 18983,
    "sff": "transection"
  },
  {
    "docID": "N200 Sasaki 2004",
    "et": "PartialTransectionType",
    "off": 13422,
    "sff": "transection"
  },
  {
    "docID": "N200 Sasaki 2004",
    "et": "PartialTransectionType",
    "off": 34763,
    "sff": "transection"
  },
  {
    "docID": "N200 Sasaki 2004",
    "et": "PartialTransectionType",
    "off": 8033,
    "sff": "transection"
  },
  {
    "docID": "N200 Sasaki 2004",
    "et": "PartialTransectionType",
    "off": 13792,
    "sff": "transection"
  },
  {
    "docID": "N200 Sasaki 2004",
    "et": "PartialTransectionType",
    "off": 13631,
    "sff": "transection"
  },
  {
    "docID": "N200 Sasaki 2004",
    "et": "PartialTransectionType",
    "off": 29503,
    "sff": "transection"
  },
  {
    "docID": "N200 Sasaki 2004",
    "et": "PartialTransectionType",
    "off": 30246,
    "sff": "transection"
  },
  {
    "docID": "N200 Sasaki 2004",
    "et": "PartialTransectionType",
    "off": 8997,
    "sff": "transection"
  },
  {
    "docID": "N200 Sasaki 2004",
    "et": "PartialTransectionType",
    "off": 9349,
    "sff": "transection"
  },
  {
    "docID": "N200 Sasaki 2004",
    "et": "PartialTransectionType",
    "off": 14853,
    "sff": "transection"
  },
  {
    "docID": "N200 Sasaki 2004",
    "et": "PartialTransectionType",
    "off": 15653,
    "sff": "transection"
  },
  {
    "docID": "N200 Sasaki 2004",
    "et": "CorticospinalTract",
    "off": 12087,
    "sff": "corticospinal tract"
  },
  {
    "docID": "N200 Sasaki 2004",
    "et": "BrainDerivedNeurotrophicFactor",
    "off": 34844,
    "sff": "derived"
  },
  {
    "docID": "N200 Sasaki 2004",
    "et": "BrainDerivedNeurotrophicFactor",
    "off": 1230,
    "sff": "derived"
  },
  {
    "docID": "N200 Sasaki 2004",
    "et": "BrainDerivedNeurotrophicFactor",
    "off": 29262,
    "sff": "derived"
  },
  {
    "docID": "N200 Sasaki 2004",
    "et": "BrainDerivedNeurotrophicFactor",
    "off": 31198,
    "sff": "derived"
  },
  {
    "docID": "N200 Sasaki 2004",
    "et": "BrainDerivedNeurotrophicFactor",
    "off": 1370,
    "sff": "derived"
  },
  {
    "docID": "N200 Sasaki 2004",
    "et": "BrainDerivedNeurotrophicFactor",
    "off": 28681,
    "sff": "derived"
  },
  {
    "docID": "N200 Sasaki 2004",
    "et": "BrainDerivedNeurotrophicFactor",
    "off": 30501,
    "sff": "derived"
  },
  {
    "docID": "N200 Sasaki 2004",
    "et": "BrainDerivedNeurotrophicFactor",
    "off": 9056,
    "sff": "derived"
  },
  {
    "docID": "N200 Sasaki 2004",
    "et": "BrainDerivedNeurotrophicFactor",
    "off": 31136,
    "sff": "derived"
  },
  {
    "docID": "N200 Sasaki 2004",
    "et": "BrainDerivedNeurotrophicFactor",
    "off": 30978,
    "sff": "derived"
  },
  {
    "docID": "N200 Sasaki 2004",
    "et": "VentralHemisection",
    "off": 22115,
    "sff": "ventral"
  },
  {
    "docID": "N200 Sasaki 2004",
    "et": "CompleteInjuryArea",
    "off": 5806,
    "sff": "complete"
  }
]
