[
  {
    "docID": "N206 Takeoka 2009",
    "et": "CompleteTransection",
    "off": 16926,
    "sff": "complete transection"
  },
  {
    "docID": "N206 Takeoka 2009",
    "et": "CompleteTransection",
    "off": 28909,
    "sff": "complete"
  },
  {
    "docID": "N206 Takeoka 2009",
    "et": "CompleteTransection",
    "off": 19944,
    "sff": "complete"
  },
  {
    "docID": "N206 Takeoka 2009",
    "et": "CompleteTransection",
    "off": 8095,
    "sff": "complete"
  },
  {
    "docID": "N206 Takeoka 2009",
    "et": "CompleteTransection",
    "off": 20315,
    "sff": "complete"
  },
  {
    "docID": "N206 Takeoka 2009",
    "et": "CompleteTransection",
    "off": 5309,
    "sff": "complete"
  },
  {
    "docID": "N206 Takeoka 2009",
    "et": "CompleteTransection",
    "off": 37438,
    "sff": "complete"
  },
  {
    "docID": "N206 Takeoka 2009",
    "et": "CompleteTransection",
    "off": 4595,
    "sff": "complete transection"
  },
  {
    "docID": "N206 Takeoka 2009",
    "et": "CompleteTransection",
    "off": 31603,
    "sff": "complete transection"
  },
  {
    "docID": "N206 Takeoka 2009",
    "et": "CompleteTransection",
    "off": 21880,
    "sff": "complete"
  },
  {
    "docID": "N206 Takeoka 2009",
    "et": "CompleteTransection",
    "off": 34775,
    "sff": "complete"
  },
  {
    "docID": "N206 Takeoka 2009",
    "et": "CompleteTransection",
    "off": 42009,
    "sff": "complete"
  },
  {
    "docID": "N206 Takeoka 2009",
    "et": "CompleteTransection",
    "off": 17832,
    "sff": "complete transection"
  },
  {
    "docID": "N206 Takeoka 2009",
    "et": "CompleteTransection",
    "off": 67,
    "sff": "Complete"
  },
  {
    "docID": "N206 Takeoka 2009",
    "et": "CompleteTransection",
    "off": 14710,
    "sff": "complete"
  },
  {
    "docID": "N206 Takeoka 2009",
    "et": "CompleteTransection",
    "off": 12076,
    "sff": "complete transection"
  },
  {
    "docID": "N206 Takeoka 2009",
    "et": "CompleteTransection",
    "off": 689,
    "sff": "complete"
  },
  {
    "docID": "N206 Takeoka 2009",
    "et": "OlfactoryEnsheathingGliaCell",
    "off": 592,
    "sff": "olfactory ensheathing"
  },
  {
    "docID": "N206 Takeoka 2009",
    "et": "OlfactoryEnsheathingGliaCell",
    "off": 592,
    "sff": "olfactory ensheathing glia"
  },
  {
    "docID": "N206 Takeoka 2009",
    "et": "OlfactoryEnsheathingGliaCell",
    "off": 7712,
    "sff": "olfactory"
  },
  {
    "docID": "N206 Takeoka 2009",
    "et": "OlfactoryEnsheathingGliaCell",
    "off": 4006,
    "sff": "olfactory ensheathing glia"
  },
  {
    "docID": "N206 Takeoka 2009",
    "et": "OlfactoryEnsheathingGliaCell",
    "off": 106,
    "sff": "Olfactory Ensheathing Glia"
  },
  {
    "docID": "N206 Takeoka 2009",
    "et": "OlfactoryEnsheathingGliaCell",
    "off": 106,
    "sff": "Olfactory Ensheathing"
  },
  {
    "docID": "N206 Takeoka 2009",
    "et": "OlfactoryEnsheathingGliaCell",
    "off": 4006,
    "sff": "olfactory ensheathing"
  },
  {
    "docID": "N206 Takeoka 2009",
    "et": "DorsalInjuryArea",
    "off": 24100,
    "sff": "dorsal"
  },
  {
    "docID": "N206 Takeoka 2009",
    "et": "DorsalInjuryArea",
    "off": 25475,
    "sff": "dorsal"
  },
  {
    "docID": "N206 Takeoka 2009",
    "et": "DorsalInjuryArea",
    "off": 25685,
    "sff": "dorsal"
  },
  {
    "docID": "N206 Takeoka 2009",
    "et": "DorsalInjuryArea",
    "off": 21102,
    "sff": "dorsal"
  },
  {
    "docID": "N206 Takeoka 2009",
    "et": "DorsalInjuryArea",
    "off": 25232,
    "sff": "dorsal"
  },
  {
    "docID": "N206 Takeoka 2009",
    "et": "KetamineAsAnaesthetic",
    "off": 8921,
    "sff": "ketamine"
  },
  {
    "docID": "N206 Takeoka 2009",
    "et": "Intraspinal",
    "off": 42097,
    "sff": "intraspinal"
  },
  {
    "docID": "N206 Takeoka 2009",
    "et": "Intraspinal",
    "off": 32526,
    "sff": "intraspinal"
  },
  {
    "docID": "N206 Takeoka 2009",
    "et": "Intraspinal",
    "off": 39064,
    "sff": "intraspinal"
  },
  {
    "docID": "N206 Takeoka 2009",
    "et": "MouseSpecies",
    "off": 33020,
    "sff": "mouse"
  },
  {
    "docID": "N206 Takeoka 2009",
    "et": "WeightDrop",
    "off": 10269,
    "sff": "weight"
  },
  {
    "docID": "N206 Takeoka 2009",
    "et": "WeightDrop",
    "off": 10452,
    "sff": "weight"
  },
  {
    "docID": "N206 Takeoka 2009",
    "et": "NOGOReceptorAntagonist",
    "off": 2719,
    "sff": "receptor"
  },
  {
    "docID": "N206 Takeoka 2009",
    "et": "NOGOReceptorAntagonist",
    "off": 37552,
    "sff": "receptor"
  },
  {
    "docID": "N206 Takeoka 2009",
    "et": "NOGOReceptorAntagonist",
    "off": 37552,
    "sff": "receptor antagonist"
  },
  {
    "docID": "N206 Takeoka 2009",
    "et": "NOGOReceptorAntagonist",
    "off": 3784,
    "sff": "receptor"
  },
  {
    "docID": "N206 Takeoka 2009",
    "et": "NOGOReceptorAntagonist",
    "off": 7896,
    "sff": "receptor"
  },
  {
    "docID": "N206 Takeoka 2009",
    "et": "NOGOReceptorAntagonist",
    "off": 40760,
    "sff": "receptor"
  },
  {
    "docID": "N206 Takeoka 2009",
    "et": "NOGOReceptorAntagonist",
    "off": 6604,
    "sff": "receptor"
  },
  {
    "docID": "N206 Takeoka 2009",
    "et": "SpinalFiberTract",
    "off": 12814,
    "sff": "fiber"
  },
  {
    "docID": "N206 Takeoka 2009",
    "et": "SpinalFiberTract",
    "off": 12553,
    "sff": "fiber"
  },
  {
    "docID": "N206 Takeoka 2009",
    "et": "SpinalFiberTract",
    "off": 12629,
    "sff": "fiber"
  },
  {
    "docID": "N206 Takeoka 2009",
    "et": "DorsalHemisection",
    "off": 25475,
    "sff": "dorsal"
  },
  {
    "docID": "N206 Takeoka 2009",
    "et": "DorsalHemisection",
    "off": 24100,
    "sff": "dorsal"
  },
  {
    "docID": "N206 Takeoka 2009",
    "et": "DorsalHemisection",
    "off": 21102,
    "sff": "dorsal"
  },
  {
    "docID": "N206 Takeoka 2009",
    "et": "DorsalHemisection",
    "off": 25232,
    "sff": "dorsal"
  },
  {
    "docID": "N206 Takeoka 2009",
    "et": "DorsalHemisection",
    "off": 25685,
    "sff": "dorsal"
  },
  {
    "docID": "N206 Takeoka 2009",
    "et": "SpinalVentralHalf",
    "off": 17926,
    "sff": "ventral"
  },
  {
    "docID": "N206 Takeoka 2009",
    "et": "SpinalVentralHalf",
    "off": 16215,
    "sff": "ventral"
  },
  {
    "docID": "N206 Takeoka 2009",
    "et": "SpinalVentralHalf",
    "off": 25528,
    "sff": "ventral"
  },
  {
    "docID": "N206 Takeoka 2009",
    "et": "RabbitSpecies",
    "off": 11406,
    "sff": "rabbit"
  },
  {
    "docID": "N206 Takeoka 2009",
    "et": "Rostral",
    "off": 33381,
    "sff": "rostral"
  },
  {
    "docID": "N206 Takeoka 2009",
    "et": "Rostral",
    "off": 8230,
    "sff": "rostral"
  },
  {
    "docID": "N206 Takeoka 2009",
    "et": "Rostral",
    "off": 16634,
    "sff": "rostral"
  },
  {
    "docID": "N206 Takeoka 2009",
    "et": "DorsalColumn",
    "off": 25232,
    "sff": "dorsal"
  },
  {
    "docID": "N206 Takeoka 2009",
    "et": "DorsalColumn",
    "off": 21102,
    "sff": "dorsal"
  },
  {
    "docID": "N206 Takeoka 2009",
    "et": "DorsalColumn",
    "off": 25475,
    "sff": "dorsal"
  },
  {
    "docID": "N206 Takeoka 2009",
    "et": "DorsalColumn",
    "off": 24100,
    "sff": "dorsal"
  },
  {
    "docID": "N206 Takeoka 2009",
    "et": "DorsalColumn",
    "off": 25685,
    "sff": "dorsal"
  },
  {
    "docID": "N206 Takeoka 2009",
    "et": "SpragueDawleyRat",
    "off": 33848,
    "sff": "Sprague–Dawley"
  },
  {
    "docID": "N206 Takeoka 2009",
    "et": "SpragueDawleyRat",
    "off": 34860,
    "sff": "Sprague–Dawley"
  },
  {
    "docID": "N206 Takeoka 2009",
    "et": "SpragueDawleyRat",
    "off": 33848,
    "sff": "Sprague–Dawley rats"
  },
  {
    "docID": "N206 Takeoka 2009",
    "et": "SpragueDawleyRat",
    "off": 34860,
    "sff": "Sprague–Dawley strains"
  },
  {
    "docID": "N206 Takeoka 2009",
    "et": "SubstanceApplicationLocation",
    "off": 41797,
    "sff": "application"
  },
  {
    "docID": "N206 Takeoka 2009",
    "et": "SubstanceApplicationLocation",
    "off": 35997,
    "sff": "application"
  },
  {
    "docID": "N206 Takeoka 2009",
    "et": "Tissue",
    "off": 8867,
    "sff": "Tissue"
  },
  {
    "docID": "N206 Takeoka 2009",
    "et": "Tissue",
    "off": 33428,
    "sff": "tissue"
  },
  {
    "docID": "N206 Takeoka 2009",
    "et": "Tissue",
    "off": 3599,
    "sff": "tissue"
  },
  {
    "docID": "N206 Takeoka 2009",
    "et": "CatSpecies",
    "off": 10028,
    "sff": "Cat"
  },
  {
    "docID": "N206 Takeoka 2009",
    "et": "CatSpecies",
    "off": 9503,
    "sff": "Cat"
  },
  {
    "docID": "N206 Takeoka 2009",
    "et": "InjectionDelivery",
    "off": 34395,
    "sff": "injection"
  },
  {
    "docID": "N206 Takeoka 2009",
    "et": "SpinalLesionSite",
    "off": 989,
    "sff": "lesion"
  },
  {
    "docID": "N206 Takeoka 2009",
    "et": "Weight",
    "off": 28123,
    "sff": "4g"
  },
  {
    "docID": "N206 Takeoka 2009",
    "et": "Weight",
    "off": 21359,
    "sff": "1g"
  },
  {
    "docID": "N206 Takeoka 2009",
    "et": "Weight",
    "off": 28365,
    "sff": "4g"
  },
  {
    "docID": "N206 Takeoka 2009",
    "et": "Epidural",
    "off": 37605,
    "sff": "epidural"
  },
  {
    "docID": "N206 Takeoka 2009",
    "et": "T9",
    "off": 8132,
    "sff": "T9"
  },
  {
    "docID": "N206 Takeoka 2009",
    "et": "AnimalSpecies",
    "off": 32568,
    "sff": "species"
  },
  {
    "docID": "N206 Takeoka 2009",
    "et": "AnimalSpecies",
    "off": 32610,
    "sff": "species"
  },
  {
    "docID": "N206 Takeoka 2009",
    "et": "LateralHemisection",
    "off": 19837,
    "sff": "lateral"
  },
  {
    "docID": "N206 Takeoka 2009",
    "et": "LateralHemisection",
    "off": 16386,
    "sff": "lateral"
  },
  {
    "docID": "N206 Takeoka 2009",
    "et": "LateralHemisection",
    "off": 16113,
    "sff": "lateral"
  },
  {
    "docID": "N206 Takeoka 2009",
    "et": "LateralHemisection",
    "off": 25540,
    "sff": "lateral"
  },
  {
    "docID": "N206 Takeoka 2009",
    "et": "Saline",
    "off": 10941,
    "sff": "saline"
  },
  {
    "docID": "N206 Takeoka 2009",
    "et": "Dosage",
    "off": 28365,
    "sff": "4g"
  },
  {
    "docID": "N206 Takeoka 2009",
    "et": "Dosage",
    "off": 10965,
    "sff": "1.4%"
  },
  {
    "docID": "N206 Takeoka 2009",
    "et": "Dosage",
    "off": 23901,
    "sff": "50%"
  },
  {
    "docID": "N206 Takeoka 2009",
    "et": "Dosage",
    "off": 8978,
    "sff": "4%"
  },
  {
    "docID": "N206 Takeoka 2009",
    "et": "Dosage",
    "off": 10979,
    "sff": "0.1%"
  },
  {
    "docID": "N206 Takeoka 2009",
    "et": "Dosage",
    "off": 21359,
    "sff": "1g"
  },
  {
    "docID": "N206 Takeoka 2009",
    "et": "Dosage",
    "off": 12375,
    "sff": "50%"
  },
  {
    "docID": "N206 Takeoka 2009",
    "et": "Dosage",
    "off": 8953,
    "sff": "0.5 µL/g"
  },
  {
    "docID": "N206 Takeoka 2009",
    "et": "Dosage",
    "off": 28123,
    "sff": "4g"
  },
  {
    "docID": "N206 Takeoka 2009",
    "et": "Dosage",
    "off": 8338,
    "sff": "50%"
  },
  {
    "docID": "N206 Takeoka 2009",
    "et": "Dosage",
    "off": 11074,
    "sff": "0.06%"
  },
  {
    "docID": "N206 Takeoka 2009",
    "et": "Dosage",
    "off": 8185,
    "sff": "1 mm"
  },
  {
    "docID": "N206 Takeoka 2009",
    "et": "Dosage",
    "off": 8066,
    "sff": "2%"
  },
  {
    "docID": "N206 Takeoka 2009",
    "et": "Dosage",
    "off": 9922,
    "sff": "2.5 µg/µL"
  },
  {
    "docID": "N206 Takeoka 2009",
    "et": "Dosage",
    "off": 9716,
    "sff": "100 µg"
  },
  {
    "docID": "N206 Takeoka 2009",
    "et": "Dosage",
    "off": 10907,
    "sff": "0.3%"
  },
  {
    "docID": "N206 Takeoka 2009",
    "et": "Dosage",
    "off": 8931,
    "sff": "0.9 µL/g"
  },
  {
    "docID": "N206 Takeoka 2009",
    "et": "BladderExpression",
    "off": 42166,
    "sff": "bladder"
  },
  {
    "docID": "N206 Takeoka 2009",
    "et": "Duration",
    "off": 7969,
    "sff": "17–19 days"
  },
  {
    "docID": "N206 Takeoka 2009",
    "et": "Duration",
    "off": 29082,
    "sff": "4d"
  },
  {
    "docID": "N206 Takeoka 2009",
    "et": "Duration",
    "off": 11038,
    "sff": "0.1M"
  },
  {
    "docID": "N206 Takeoka 2009",
    "et": "Duration",
    "off": 11534,
    "sff": "1 hour"
  },
  {
    "docID": "N206 Takeoka 2009",
    "et": "Duration",
    "off": 20945,
    "sff": "1d"
  },
  {
    "docID": "N206 Takeoka 2009",
    "et": "Duration",
    "off": 21579,
    "sff": "1h"
  },
  {
    "docID": "N206 Takeoka 2009",
    "et": "Duration",
    "off": 40141,
    "sff": "20 min"
  },
  {
    "docID": "N206 Takeoka 2009",
    "et": "Duration",
    "off": 11585,
    "sff": "0.02M"
  },
  {
    "docID": "N206 Takeoka 2009",
    "et": "Duration",
    "off": 40153,
    "sff": "5 days"
  },
  {
    "docID": "N206 Takeoka 2009",
    "et": "Duration",
    "off": 8019,
    "sff": "10–12 weeks"
  },
  {
    "docID": "N206 Takeoka 2009",
    "et": "Duration",
    "off": 8307,
    "sff": "7 months"
  },
  {
    "docID": "N206 Takeoka 2009",
    "et": "Duration",
    "off": 8802,
    "sff": "8 months"
  },
  {
    "docID": "N206 Takeoka 2009",
    "et": "Duration",
    "off": 26501,
    "sff": "3d"
  },
  {
    "docID": "N206 Takeoka 2009",
    "et": "Duration",
    "off": 40169,
    "sff": "6 months"
  },
  {
    "docID": "N206 Takeoka 2009",
    "et": "Duration",
    "off": 10922,
    "sff": "0.1M"
  },
  {
    "docID": "N206 Takeoka 2009",
    "et": "Duration",
    "off": 29753,
    "sff": "5d"
  },
  {
    "docID": "N206 Takeoka 2009",
    "et": "LesionAdjacentTissue",
    "off": 25962,
    "sff": "adjacent"
  },
  {
    "docID": "N206 Takeoka 2009",
    "et": "LesionAdjacentTissue",
    "off": 12972,
    "sff": "adjacent"
  },
  {
    "docID": "N206 Takeoka 2009",
    "et": "LesionAdjacentTissue",
    "off": 32159,
    "sff": "adjacent"
  },
  {
    "docID": "N206 Takeoka 2009",
    "et": "LesionAdjacentTissue",
    "off": 1637,
    "sff": "adjacent"
  },
  {
    "docID": "N206 Takeoka 2009",
    "et": "LesionAdjacentTissue",
    "off": 989,
    "sff": "lesion"
  },
  {
    "docID": "N206 Takeoka 2009",
    "et": "LesionAdjacentTissue",
    "off": 13592,
    "sff": "adjacent"
  },
  {
    "docID": "N206 Takeoka 2009",
    "et": "CentralNervousSystem",
    "off": 25692,
    "sff": "central"
  },
  {
    "docID": "N206 Takeoka 2009",
    "et": "CentralNervousSystem",
    "off": 25434,
    "sff": "central"
  },
  {
    "docID": "N206 Takeoka 2009",
    "et": "CentralNervousSystem",
    "off": 5532,
    "sff": "central"
  },
  {
    "docID": "N206 Takeoka 2009",
    "et": "CentralNervousSystem",
    "off": 5400,
    "sff": "central"
  },
  {
    "docID": "N206 Takeoka 2009",
    "et": "CentralNervousSystem",
    "off": 17048,
    "sff": "central"
  },
  {
    "docID": "N206 Takeoka 2009",
    "et": "CentralNervousSystem",
    "off": 26903,
    "sff": "central"
  },
  {
    "docID": "N206 Takeoka 2009",
    "et": "CentralNervousSystem",
    "off": 16083,
    "sff": "central"
  },
  {
    "docID": "N206 Takeoka 2009",
    "et": "CentralNervousSystem",
    "off": 25555,
    "sff": "central"
  },
  {
    "docID": "N206 Takeoka 2009",
    "et": "CentralNervousSystem",
    "off": 16401,
    "sff": "central"
  },
  {
    "docID": "N206 Takeoka 2009",
    "et": "CentralNervousSystem",
    "off": 26703,
    "sff": "central"
  },
  {
    "docID": "N206 Takeoka 2009",
    "et": "CentralNervousSystem",
    "off": 5771,
    "sff": "central"
  },
  {
    "docID": "N206 Takeoka 2009",
    "et": "CentralNervousSystem",
    "off": 24907,
    "sff": "central"
  },
  {
    "docID": "N206 Takeoka 2009",
    "et": "CentralNervousSystem",
    "off": 26632,
    "sff": "central"
  },
  {
    "docID": "N206 Takeoka 2009",
    "et": "CentralNervousSystem",
    "off": 2758,
    "sff": "central"
  },
  {
    "docID": "N206 Takeoka 2009",
    "et": "CentralNervousSystem",
    "off": 25798,
    "sff": "central"
  },
  {
    "docID": "N206 Takeoka 2009",
    "et": "CentralNervousSystem",
    "off": 37254,
    "sff": "central"
  },
  {
    "docID": "N206 Takeoka 2009",
    "et": "CentralNervousSystem",
    "off": 26436,
    "sff": "central"
  },
  {
    "docID": "N206 Takeoka 2009",
    "et": "CentralNervousSystem",
    "off": 24130,
    "sff": "central"
  },
  {
    "docID": "N206 Takeoka 2009",
    "et": "CentralNervousSystem",
    "off": 7231,
    "sff": "central"
  },
  {
    "docID": "N206 Takeoka 2009",
    "et": "CentralNervousSystem",
    "off": 1473,
    "sff": "central"
  },
  {
    "docID": "N206 Takeoka 2009",
    "et": "CentralNervousSystem",
    "off": 32188,
    "sff": "central"
  },
  {
    "docID": "N206 Takeoka 2009",
    "et": "CentralNervousSystem",
    "off": 40700,
    "sff": "central"
  },
  {
    "docID": "N206 Takeoka 2009",
    "et": "CentralNervousSystem",
    "off": 25594,
    "sff": "central"
  },
  {
    "docID": "N206 Takeoka 2009",
    "et": "CentralNervousSystem",
    "off": 27131,
    "sff": "central"
  },
  {
    "docID": "N206 Takeoka 2009",
    "et": "CentralNervousSystem",
    "off": 6136,
    "sff": "central"
  },
  {
    "docID": "N206 Takeoka 2009",
    "et": "CentralNervousSystem",
    "off": 27824,
    "sff": "central"
  },
  {
    "docID": "N206 Takeoka 2009",
    "et": "CentralNervousSystem",
    "off": 1649,
    "sff": "central"
  },
  {
    "docID": "N206 Takeoka 2009",
    "et": "CentralNervousSystem",
    "off": 16491,
    "sff": "central"
  },
  {
    "docID": "N206 Takeoka 2009",
    "et": "CentralNervousSystem",
    "off": 17322,
    "sff": "central"
  },
  {
    "docID": "N206 Takeoka 2009",
    "et": "CentralNervousSystem",
    "off": 15078,
    "sff": "central"
  },
  {
    "docID": "N206 Takeoka 2009",
    "et": "CentralNervousSystem",
    "off": 16230,
    "sff": "central"
  },
  {
    "docID": "N206 Takeoka 2009",
    "et": "CentralNervousSystem",
    "off": 37865,
    "sff": "central"
  },
  {
    "docID": "N206 Takeoka 2009",
    "et": "CentralNervousSystem",
    "off": 36326,
    "sff": "central"
  },
  {
    "docID": "N206 Takeoka 2009",
    "et": "CentralNervousSystem",
    "off": 35938,
    "sff": "central"
  },
  {
    "docID": "N206 Takeoka 2009",
    "et": "CentralNervousSystem",
    "off": 17183,
    "sff": "central"
  },
  {
    "docID": "N206 Takeoka 2009",
    "et": "CentralNervousSystem",
    "off": 25376,
    "sff": "central"
  },
  {
    "docID": "N206 Takeoka 2009",
    "et": "CentralNervousSystem",
    "off": 39199,
    "sff": "central"
  },
  {
    "docID": "N206 Takeoka 2009",
    "et": "Location",
    "off": 32501,
    "sff": "location"
  },
  {
    "docID": "N206 Takeoka 2009",
    "et": "Location",
    "off": 33616,
    "sff": "location"
  },
  {
    "docID": "N206 Takeoka 2009",
    "et": "Location",
    "off": 34336,
    "sff": "location"
  },
  {
    "docID": "N206 Takeoka 2009",
    "et": "WistarRat",
    "off": 7745,
    "sff": "Wistar"
  },
  {
    "docID": "N206 Takeoka 2009",
    "et": "WistarRat",
    "off": 34275,
    "sff": "Wistar"
  },
  {
    "docID": "N206 Takeoka 2009",
    "et": "WistarRat",
    "off": 7997,
    "sff": "Wistar"
  },
  {
    "docID": "N206 Takeoka 2009",
    "et": "SpinalCentralPart",
    "off": 27824,
    "sff": "central"
  },
  {
    "docID": "N206 Takeoka 2009",
    "et": "SpinalCentralPart",
    "off": 1649,
    "sff": "central"
  },
  {
    "docID": "N206 Takeoka 2009",
    "et": "SpinalCentralPart",
    "off": 6136,
    "sff": "central"
  },
  {
    "docID": "N206 Takeoka 2009",
    "et": "SpinalCentralPart",
    "off": 32188,
    "sff": "central"
  },
  {
    "docID": "N206 Takeoka 2009",
    "et": "SpinalCentralPart",
    "off": 40700,
    "sff": "central"
  },
  {
    "docID": "N206 Takeoka 2009",
    "et": "SpinalCentralPart",
    "off": 27131,
    "sff": "central"
  },
  {
    "docID": "N206 Takeoka 2009",
    "et": "SpinalCentralPart",
    "off": 25594,
    "sff": "central"
  },
  {
    "docID": "N206 Takeoka 2009",
    "et": "SpinalCentralPart",
    "off": 7231,
    "sff": "central"
  },
  {
    "docID": "N206 Takeoka 2009",
    "et": "SpinalCentralPart",
    "off": 26436,
    "sff": "central"
  },
  {
    "docID": "N206 Takeoka 2009",
    "et": "SpinalCentralPart",
    "off": 1473,
    "sff": "central"
  },
  {
    "docID": "N206 Takeoka 2009",
    "et": "SpinalCentralPart",
    "off": 24130,
    "sff": "central"
  },
  {
    "docID": "N206 Takeoka 2009",
    "et": "SpinalCentralPart",
    "off": 26632,
    "sff": "central"
  },
  {
    "docID": "N206 Takeoka 2009",
    "et": "SpinalCentralPart",
    "off": 25798,
    "sff": "central"
  },
  {
    "docID": "N206 Takeoka 2009",
    "et": "SpinalCentralPart",
    "off": 37254,
    "sff": "central"
  },
  {
    "docID": "N206 Takeoka 2009",
    "et": "SpinalCentralPart",
    "off": 2758,
    "sff": "central"
  },
  {
    "docID": "N206 Takeoka 2009",
    "et": "SpinalCentralPart",
    "off": 5771,
    "sff": "central"
  },
  {
    "docID": "N206 Takeoka 2009",
    "et": "SpinalCentralPart",
    "off": 24907,
    "sff": "central"
  },
  {
    "docID": "N206 Takeoka 2009",
    "et": "SpinalCentralPart",
    "off": 26703,
    "sff": "central"
  },
  {
    "docID": "N206 Takeoka 2009",
    "et": "SpinalCentralPart",
    "off": 16083,
    "sff": "central"
  },
  {
    "docID": "N206 Takeoka 2009",
    "et": "SpinalCentralPart",
    "off": 25555,
    "sff": "central"
  },
  {
    "docID": "N206 Takeoka 2009",
    "et": "SpinalCentralPart",
    "off": 16401,
    "sff": "central"
  },
  {
    "docID": "N206 Takeoka 2009",
    "et": "SpinalCentralPart",
    "off": 5400,
    "sff": "central"
  },
  {
    "docID": "N206 Takeoka 2009",
    "et": "SpinalCentralPart",
    "off": 17048,
    "sff": "central"
  },
  {
    "docID": "N206 Takeoka 2009",
    "et": "SpinalCentralPart",
    "off": 26903,
    "sff": "central"
  },
  {
    "docID": "N206 Takeoka 2009",
    "et": "SpinalCentralPart",
    "off": 5532,
    "sff": "central"
  },
  {
    "docID": "N206 Takeoka 2009",
    "et": "SpinalCentralPart",
    "off": 25692,
    "sff": "central"
  },
  {
    "docID": "N206 Takeoka 2009",
    "et": "SpinalCentralPart",
    "off": 25434,
    "sff": "central"
  },
  {
    "docID": "N206 Takeoka 2009",
    "et": "SpinalCentralPart",
    "off": 25376,
    "sff": "central"
  },
  {
    "docID": "N206 Takeoka 2009",
    "et": "SpinalCentralPart",
    "off": 17183,
    "sff": "central"
  },
  {
    "docID": "N206 Takeoka 2009",
    "et": "SpinalCentralPart",
    "off": 39199,
    "sff": "central"
  },
  {
    "docID": "N206 Takeoka 2009",
    "et": "SpinalCentralPart",
    "off": 35938,
    "sff": "central"
  },
  {
    "docID": "N206 Takeoka 2009",
    "et": "SpinalCentralPart",
    "off": 15078,
    "sff": "central"
  },
  {
    "docID": "N206 Takeoka 2009",
    "et": "SpinalCentralPart",
    "off": 16230,
    "sff": "central"
  },
  {
    "docID": "N206 Takeoka 2009",
    "et": "SpinalCentralPart",
    "off": 36326,
    "sff": "central"
  },
  {
    "docID": "N206 Takeoka 2009",
    "et": "SpinalCentralPart",
    "off": 16491,
    "sff": "central"
  },
  {
    "docID": "N206 Takeoka 2009",
    "et": "SpinalCentralPart",
    "off": 17322,
    "sff": "central"
  },
  {
    "docID": "N206 Takeoka 2009",
    "et": "SpinalCentralPart",
    "off": 37865,
    "sff": "central"
  },
  {
    "docID": "N206 Takeoka 2009",
    "et": "InjuryArea",
    "off": 12955,
    "sff": "area"
  },
  {
    "docID": "N206 Takeoka 2009",
    "et": "InjuryArea",
    "off": 23757,
    "sff": "area"
  },
  {
    "docID": "N206 Takeoka 2009",
    "et": "InjuryArea",
    "off": 12580,
    "sff": "area"
  },
  {
    "docID": "N206 Takeoka 2009",
    "et": "AnatomicalLocation",
    "off": 5122,
    "sff": "anatomical"
  },
  {
    "docID": "N206 Takeoka 2009",
    "et": "MedicationDuringSurgery",
    "off": 13920,
    "sff": "during"
  },
  {
    "docID": "N206 Takeoka 2009",
    "et": "MedicationDuringSurgery",
    "off": 37598,
    "sff": "during"
  },
  {
    "docID": "N206 Takeoka 2009",
    "et": "MedicationDuringSurgery",
    "off": 8296,
    "sff": "During"
  },
  {
    "docID": "N206 Takeoka 2009",
    "et": "MedicationDuringSurgery",
    "off": 1523,
    "sff": "during"
  },
  {
    "docID": "N206 Takeoka 2009",
    "et": "Ketamine",
    "off": 8921,
    "sff": "ketamine"
  },
  {
    "docID": "N206 Takeoka 2009",
    "et": "Brain",
    "off": 10494,
    "sff": "brain"
  },
  {
    "docID": "N206 Takeoka 2009",
    "et": "Brain",
    "off": 10093,
    "sff": "brain"
  },
  {
    "docID": "N206 Takeoka 2009",
    "et": "AscendingFiberTract",
    "off": 12629,
    "sff": "fiber"
  },
  {
    "docID": "N206 Takeoka 2009",
    "et": "AscendingFiberTract",
    "off": 12553,
    "sff": "fiber"
  },
  {
    "docID": "N206 Takeoka 2009",
    "et": "AscendingFiberTract",
    "off": 12814,
    "sff": "fiber"
  },
  {
    "docID": "N206 Takeoka 2009",
    "et": "SpinalWhiteMatter",
    "off": 21298,
    "sff": "white matter"
  },
  {
    "docID": "N206 Takeoka 2009",
    "et": "SpinalWhiteMatter",
    "off": 15196,
    "sff": "white matter"
  },
  {
    "docID": "N206 Takeoka 2009",
    "et": "SpinalWhiteMatter",
    "off": 21340,
    "sff": "white matter"
  },
  {
    "docID": "N206 Takeoka 2009",
    "et": "SpinalWhiteMatter",
    "off": 15227,
    "sff": "white matter"
  },
  {
    "docID": "N206 Takeoka 2009",
    "et": "Sacral",
    "off": 21621,
    "sff": "sacral"
  },
  {
    "docID": "N206 Takeoka 2009",
    "et": "Sacral",
    "off": 12404,
    "sff": "sacral"
  },
  {
    "docID": "N206 Takeoka 2009",
    "et": "Sacral",
    "off": 22451,
    "sff": "sacral"
  },
  {
    "docID": "N206 Takeoka 2009",
    "et": "Sacral",
    "off": 15473,
    "sff": "sacral"
  },
  {
    "docID": "N206 Takeoka 2009",
    "et": "Sacral",
    "off": 8556,
    "sff": "sacral"
  },
  {
    "docID": "N206 Takeoka 2009",
    "et": "Sacral",
    "off": 17420,
    "sff": "sacral"
  },
  {
    "docID": "N206 Takeoka 2009",
    "et": "Sacral",
    "off": 21516,
    "sff": "sacral"
  },
  {
    "docID": "N206 Takeoka 2009",
    "et": "Sacral",
    "off": 28610,
    "sff": "sacral"
  },
  {
    "docID": "N206 Takeoka 2009",
    "et": "Sacral",
    "off": 20810,
    "sff": "sacral"
  },
  {
    "docID": "N206 Takeoka 2009",
    "et": "Sacral",
    "off": 26057,
    "sff": "sacral"
  },
  {
    "docID": "N206 Takeoka 2009",
    "et": "Sacral",
    "off": 26761,
    "sff": "sacral"
  },
  {
    "docID": "N206 Takeoka 2009",
    "et": "Sacral",
    "off": 27302,
    "sff": "sacral"
  },
  {
    "docID": "N206 Takeoka 2009",
    "et": "Sacral",
    "off": 28166,
    "sff": "sacral"
  },
  {
    "docID": "N206 Takeoka 2009",
    "et": "Sacral",
    "off": 29225,
    "sff": "sacral"
  },
  {
    "docID": "N206 Takeoka 2009",
    "et": "Sacral",
    "off": 30829,
    "sff": "sacral"
  },
  {
    "docID": "N206 Takeoka 2009",
    "et": "Sacral",
    "off": 26559,
    "sff": "sacral"
  },
  {
    "docID": "N206 Takeoka 2009",
    "et": "Sacral",
    "off": 22398,
    "sff": "sacral"
  },
  {
    "docID": "N206 Takeoka 2009",
    "et": "Sacral",
    "off": 27695,
    "sff": "sacral"
  },
  {
    "docID": "N206 Takeoka 2009",
    "et": "Sacral",
    "off": 18268,
    "sff": "sacral"
  },
  {
    "docID": "N206 Takeoka 2009",
    "et": "Sacral",
    "off": 1691,
    "sff": "sacral"
  },
  {
    "docID": "N206 Takeoka 2009",
    "et": "Sacral",
    "off": 15674,
    "sff": "sacral"
  },
  {
    "docID": "N206 Takeoka 2009",
    "et": "Sacral",
    "off": 26328,
    "sff": "sacral"
  },
  {
    "docID": "N206 Takeoka 2009",
    "et": "Sacral",
    "off": 24247,
    "sff": "sacral"
  },
  {
    "docID": "N206 Takeoka 2009",
    "et": "Antibody",
    "off": 10331,
    "sff": "antibody"
  },
  {
    "docID": "N206 Takeoka 2009",
    "et": "Antibody",
    "off": 10217,
    "sff": "antibody"
  },
  {
    "docID": "N206 Takeoka 2009",
    "et": "Antibody",
    "off": 9702,
    "sff": "antibody"
  },
  {
    "docID": "N206 Takeoka 2009",
    "et": "Antibody",
    "off": 11318,
    "sff": "antibody"
  },
  {
    "docID": "N206 Takeoka 2009",
    "et": "Antibody",
    "off": 7905,
    "sff": "antibody"
  },
  {
    "docID": "N206 Takeoka 2009",
    "et": "Antibody",
    "off": 9387,
    "sff": "Antibody"
  },
  {
    "docID": "N206 Takeoka 2009",
    "et": "ImmuneCell",
    "off": 10283,
    "sff": "immune"
  },
  {
    "docID": "N206 Takeoka 2009",
    "et": "SpinalGrayMatter",
    "off": 21220,
    "sff": "gray matter"
  },
  {
    "docID": "N206 Takeoka 2009",
    "et": "SpinalGrayMatter",
    "off": 25700,
    "sff": "gray matter"
  },
  {
    "docID": "N206 Takeoka 2009",
    "et": "SpinalGrayMatter",
    "off": 21289,
    "sff": "gray"
  },
  {
    "docID": "N206 Takeoka 2009",
    "et": "SpinalGrayMatter",
    "off": 15187,
    "sff": "gray"
  },
  {
    "docID": "N206 Takeoka 2009",
    "et": "SpinalGrayMatter",
    "off": 21056,
    "sff": "gray matter"
  },
  {
    "docID": "N206 Takeoka 2009",
    "et": "PostSurgeryCondition",
    "off": 8811,
    "sff": "post"
  },
  {
    "docID": "N206 Takeoka 2009",
    "et": "RatSpecies",
    "off": 23236,
    "sff": "rat"
  },
  {
    "docID": "N206 Takeoka 2009",
    "et": "RatSpecies",
    "off": 34369,
    "sff": "rat"
  },
  {
    "docID": "N206 Takeoka 2009",
    "et": "RatSpecies",
    "off": 32456,
    "sff": "rat"
  },
  {
    "docID": "N206 Takeoka 2009",
    "et": "RatSpecies",
    "off": 14917,
    "sff": "rat"
  },
  {
    "docID": "N206 Takeoka 2009",
    "et": "RatSpecies",
    "off": 24043,
    "sff": "rat"
  },
  {
    "docID": "N206 Takeoka 2009",
    "et": "RatSpecies",
    "off": 10089,
    "sff": "rat"
  },
  {
    "docID": "N206 Takeoka 2009",
    "et": "RatSpecies",
    "off": 10490,
    "sff": "rat"
  },
  {
    "docID": "N206 Takeoka 2009",
    "et": "RatSpecies",
    "off": 3664,
    "sff": "rat"
  },
  {
    "docID": "N206 Takeoka 2009",
    "et": "RatSpecies",
    "off": 33933,
    "sff": "rat"
  },
  {
    "docID": "N206 Takeoka 2009",
    "et": "RatSpecies",
    "off": 17230,
    "sff": "rat"
  },
  {
    "docID": "N206 Takeoka 2009",
    "et": "Caudal",
    "off": 14747,
    "sff": "caudal"
  },
  {
    "docID": "N206 Takeoka 2009",
    "et": "Caudal",
    "off": 791,
    "sff": "caudal"
  },
  {
    "docID": "N206 Takeoka 2009",
    "et": "Caudal",
    "off": 40089,
    "sff": "caudal"
  },
  {
    "docID": "N206 Takeoka 2009",
    "et": "Caudal",
    "off": 17818,
    "sff": "caudal"
  },
  {
    "docID": "N206 Takeoka 2009",
    "et": "Caudal",
    "off": 22820,
    "sff": "caudal"
  },
  {
    "docID": "N206 Takeoka 2009",
    "et": "Caudal",
    "off": 24740,
    "sff": "caudal"
  },
  {
    "docID": "N206 Takeoka 2009",
    "et": "Caudal",
    "off": 32037,
    "sff": "caudal"
  },
  {
    "docID": "N206 Takeoka 2009",
    "et": "Caudal",
    "off": 1318,
    "sff": "caudal"
  },
  {
    "docID": "N206 Takeoka 2009",
    "et": "Caudal",
    "off": 24358,
    "sff": "caudal"
  },
  {
    "docID": "N206 Takeoka 2009",
    "et": "Caudal",
    "off": 12191,
    "sff": "caudal"
  },
  {
    "docID": "N206 Takeoka 2009",
    "et": "Caudal",
    "off": 18336,
    "sff": "caudal"
  },
  {
    "docID": "N206 Takeoka 2009",
    "et": "Caudal",
    "off": 35360,
    "sff": "caudal"
  },
  {
    "docID": "N206 Takeoka 2009",
    "et": "Caudal",
    "off": 35212,
    "sff": "caudal"
  },
  {
    "docID": "N206 Takeoka 2009",
    "et": "Caudal",
    "off": 19085,
    "sff": "caudal"
  },
  {
    "docID": "N206 Takeoka 2009",
    "et": "Caudal",
    "off": 38925,
    "sff": "caudal"
  },
  {
    "docID": "N206 Takeoka 2009",
    "et": "Caudal",
    "off": 22550,
    "sff": "caudal"
  },
  {
    "docID": "N206 Takeoka 2009",
    "et": "Caudal",
    "off": 527,
    "sff": "caudal"
  },
  {
    "docID": "N206 Takeoka 2009",
    "et": "Caudal",
    "off": 16912,
    "sff": "caudal"
  },
  {
    "docID": "N206 Takeoka 2009",
    "et": "Caudal",
    "off": 2065,
    "sff": "caudal"
  },
  {
    "docID": "N206 Takeoka 2009",
    "et": "Caudal",
    "off": 37778,
    "sff": "caudal"
  },
  {
    "docID": "N206 Takeoka 2009",
    "et": "Caudal",
    "off": 23356,
    "sff": "caudal"
  },
  {
    "docID": "N206 Takeoka 2009",
    "et": "Caudal",
    "off": 35772,
    "sff": "caudal"
  },
  {
    "docID": "N206 Takeoka 2009",
    "et": "Caudal",
    "off": 22077,
    "sff": "caudal"
  },
  {
    "docID": "N206 Takeoka 2009",
    "et": "Caudal",
    "off": 20663,
    "sff": "caudal"
  },
  {
    "docID": "N206 Takeoka 2009",
    "et": "Caudal",
    "off": 19764,
    "sff": "caudal"
  },
  {
    "docID": "N206 Takeoka 2009",
    "et": "Caudal",
    "off": 5297,
    "sff": "caudal"
  },
  {
    "docID": "N206 Takeoka 2009",
    "et": "Caudal",
    "off": 8242,
    "sff": "caudal"
  },
  {
    "docID": "N206 Takeoka 2009",
    "et": "Caudal",
    "off": 21170,
    "sff": "caudal"
  },
  {
    "docID": "N206 Takeoka 2009",
    "et": "Caudal",
    "off": 37298,
    "sff": "caudal"
  },
  {
    "docID": "N206 Takeoka 2009",
    "et": "Caudal",
    "off": 4574,
    "sff": "caudal"
  },
  {
    "docID": "N206 Takeoka 2009",
    "et": "Caudal",
    "off": 23006,
    "sff": "caudal"
  },
  {
    "docID": "N206 Takeoka 2009",
    "et": "Caudal",
    "off": 31582,
    "sff": "caudal"
  },
  {
    "docID": "N206 Takeoka 2009",
    "et": "Caudal",
    "off": 40919,
    "sff": "caudal"
  },
  {
    "docID": "N206 Takeoka 2009",
    "et": "Caudal",
    "off": 5087,
    "sff": "caudal"
  },
  {
    "docID": "N206 Takeoka 2009",
    "et": "Caudal",
    "off": 34763,
    "sff": "caudal"
  },
  {
    "docID": "N206 Takeoka 2009",
    "et": "Caudal",
    "off": 6988,
    "sff": "caudal"
  },
  {
    "docID": "N206 Takeoka 2009",
    "et": "Caudal",
    "off": 31438,
    "sff": "caudal"
  },
  {
    "docID": "N206 Takeoka 2009",
    "et": "Caudal",
    "off": 33,
    "sff": "Caudal"
  },
  {
    "docID": "N206 Takeoka 2009",
    "et": "Caudal",
    "off": 31816,
    "sff": "caudal"
  },
  {
    "docID": "N206 Takeoka 2009",
    "et": "Caudal",
    "off": 35529,
    "sff": "caudal"
  },
  {
    "docID": "N206 Takeoka 2009",
    "et": "Caudal",
    "off": 19923,
    "sff": "caudal"
  },
  {
    "docID": "N206 Takeoka 2009",
    "et": "Caudal",
    "off": 38613,
    "sff": "caudal"
  },
  {
    "docID": "N206 Takeoka 2009",
    "et": "Caudal",
    "off": 975,
    "sff": "caudal"
  },
  {
    "docID": "N206 Takeoka 2009",
    "et": "Caudal",
    "off": 39631,
    "sff": "caudal"
  },
  {
    "docID": "N206 Takeoka 2009",
    "et": "Caudal",
    "off": 1104,
    "sff": "caudal"
  },
  {
    "docID": "N206 Takeoka 2009",
    "et": "Caudal",
    "off": 27642,
    "sff": "caudal"
  },
  {
    "docID": "N206 Takeoka 2009",
    "et": "Caudal",
    "off": 31235,
    "sff": "caudal"
  },
  {
    "docID": "N206 Takeoka 2009",
    "et": "Caudal",
    "off": 35693,
    "sff": "caudal"
  },
  {
    "docID": "N206 Takeoka 2009",
    "et": "Caudal",
    "off": 22890,
    "sff": "caudal"
  },
  {
    "docID": "N206 Takeoka 2009",
    "et": "Caudal",
    "off": 4851,
    "sff": "caudal"
  },
  {
    "docID": "N206 Takeoka 2009",
    "et": "Caudal",
    "off": 30963,
    "sff": "caudal"
  },
  {
    "docID": "N206 Takeoka 2009",
    "et": "Caudal",
    "off": 23919,
    "sff": "caudal"
  },
  {
    "docID": "N206 Takeoka 2009",
    "et": "L3",
    "off": 21502,
    "sff": "L3"
  },
  {
    "docID": "N206 Takeoka 2009",
    "et": "Albumin",
    "off": 9600,
    "sff": "albumin"
  },
  {
    "docID": "N206 Takeoka 2009",
    "et": "T12",
    "off": 21481,
    "sff": "T12"
  },
  {
    "docID": "N206 Takeoka 2009",
    "et": "Thoracic",
    "off": 21583,
    "sff": "thoracic"
  },
  {
    "docID": "N206 Takeoka 2009",
    "et": "Thoracic",
    "off": 28052,
    "sff": "thoracic"
  },
  {
    "docID": "N206 Takeoka 2009",
    "et": "Thoracic",
    "off": 26505,
    "sff": "thoracic"
  },
  {
    "docID": "N206 Takeoka 2009",
    "et": "Thoracic",
    "off": 27657,
    "sff": "thoracic"
  },
  {
    "docID": "N206 Takeoka 2009",
    "et": "Thoracic",
    "off": 22413,
    "sff": "thoracic"
  },
  {
    "docID": "N206 Takeoka 2009",
    "et": "Thoracic",
    "off": 21471,
    "sff": "thoracic"
  },
  {
    "docID": "N206 Takeoka 2009",
    "et": "Thoracic",
    "off": 28127,
    "sff": "thoracic"
  },
  {
    "docID": "N206 Takeoka 2009",
    "et": "Thoracic",
    "off": 26019,
    "sff": "thoracic"
  },
  {
    "docID": "N206 Takeoka 2009",
    "et": "Thoracic",
    "off": 33955,
    "sff": "thoracic"
  },
  {
    "docID": "N206 Takeoka 2009",
    "et": "Thoracic",
    "off": 15652,
    "sff": "thoracic"
  },
  {
    "docID": "N206 Takeoka 2009",
    "et": "Thoracic",
    "off": 18519,
    "sff": "thoracic"
  },
  {
    "docID": "N206 Takeoka 2009",
    "et": "Thoracic",
    "off": 15452,
    "sff": "thoracic"
  },
  {
    "docID": "N206 Takeoka 2009",
    "et": "Thoracic",
    "off": 17948,
    "sff": "thoracic"
  },
  {
    "docID": "N206 Takeoka 2009",
    "et": "Thoracic",
    "off": 28572,
    "sff": "thoracic"
  },
  {
    "docID": "N206 Takeoka 2009",
    "et": "Thoracic",
    "off": 29212,
    "sff": "thoracic"
  },
  {
    "docID": "N206 Takeoka 2009",
    "et": "Thoracic",
    "off": 8544,
    "sff": "thoracic"
  },
  {
    "docID": "N206 Takeoka 2009",
    "et": "Thoracic",
    "off": 24176,
    "sff": "thoracic"
  },
  {
    "docID": "N206 Takeoka 2009",
    "et": "Thoracic",
    "off": 26663,
    "sff": "thoracic"
  },
  {
    "docID": "N206 Takeoka 2009",
    "et": "Thoracic",
    "off": 12392,
    "sff": "thoracic"
  },
  {
    "docID": "N206 Takeoka 2009",
    "et": "Thoracic",
    "off": 22377,
    "sff": "thoracic"
  },
  {
    "docID": "N206 Takeoka 2009",
    "et": "Thoracic",
    "off": 14890,
    "sff": "thoracic"
  },
  {
    "docID": "N206 Takeoka 2009",
    "et": "Thoracic",
    "off": 19498,
    "sff": "thoracic"
  },
  {
    "docID": "N206 Takeoka 2009",
    "et": "Thoracic",
    "off": 24490,
    "sff": "thoracic"
  },
  {
    "docID": "N206 Takeoka 2009",
    "et": "Thoracic",
    "off": 27264,
    "sff": "thoracic"
  },
  {
    "docID": "N206 Takeoka 2009",
    "et": "Thoracic",
    "off": 26115,
    "sff": "thoracic"
  },
  {
    "docID": "N206 Takeoka 2009",
    "et": "Thoracic",
    "off": 30148,
    "sff": "thoracic"
  },
  {
    "docID": "N206 Takeoka 2009",
    "et": "Thoracic",
    "off": 18246,
    "sff": "thoracic"
  },
  {
    "docID": "N206 Takeoka 2009",
    "et": "Thoracic",
    "off": 25336,
    "sff": "thoracic"
  },
  {
    "docID": "N206 Takeoka 2009",
    "et": "Thoracic",
    "off": 17467,
    "sff": "thoracic"
  },
  {
    "docID": "N206 Takeoka 2009",
    "et": "Thoracic",
    "off": 20797,
    "sff": "thoracic"
  },
  {
    "docID": "N206 Takeoka 2009",
    "et": "Lumbar",
    "off": 15462,
    "sff": "lumbar"
  },
  {
    "docID": "N206 Takeoka 2009",
    "et": "Lumbar",
    "off": 29285,
    "sff": "lumbar"
  },
  {
    "docID": "N206 Takeoka 2009",
    "et": "Lumbar",
    "off": 21603,
    "sff": "lumbar"
  },
  {
    "docID": "N206 Takeoka 2009",
    "et": "Lumbar",
    "off": 24195,
    "sff": "lumbar"
  },
  {
    "docID": "N206 Takeoka 2009",
    "et": "Lumbar",
    "off": 22433,
    "sff": "lumbar"
  },
  {
    "docID": "N206 Takeoka 2009",
    "et": "Lumbar",
    "off": 26750,
    "sff": "lumbar"
  },
  {
    "docID": "N206 Takeoka 2009",
    "et": "Lumbar",
    "off": 6653,
    "sff": "lumbar"
  },
  {
    "docID": "N206 Takeoka 2009",
    "et": "Lumbar",
    "off": 26045,
    "sff": "lumbar"
  },
  {
    "docID": "N206 Takeoka 2009",
    "et": "Lumbar",
    "off": 27677,
    "sff": "lumbar"
  },
  {
    "docID": "N206 Takeoka 2009",
    "et": "Lumbar",
    "off": 17398,
    "sff": "lumbar"
  },
  {
    "docID": "N206 Takeoka 2009",
    "et": "Lumbar",
    "off": 21494,
    "sff": "lumbar"
  },
  {
    "docID": "N206 Takeoka 2009",
    "et": "Lumbar",
    "off": 27284,
    "sff": "lumbar"
  },
  {
    "docID": "N206 Takeoka 2009",
    "et": "Lumbar",
    "off": 28148,
    "sff": "lumbar"
  },
  {
    "docID": "N206 Takeoka 2009",
    "et": "Lumbar",
    "off": 22387,
    "sff": "lumbar"
  },
  {
    "docID": "N206 Takeoka 2009",
    "et": "Lumbar",
    "off": 1680,
    "sff": "lumbar"
  },
  {
    "docID": "N206 Takeoka 2009",
    "et": "Lumbar",
    "off": 18256,
    "sff": "lumbar"
  },
  {
    "docID": "N206 Takeoka 2009",
    "et": "Lumbar",
    "off": 28592,
    "sff": "lumbar"
  },
  {
    "docID": "N206 Takeoka 2009",
    "et": "Lumbar",
    "off": 15662,
    "sff": "lumbar"
  },
  {
    "docID": "N206 Takeoka 2009",
    "et": "Lumbar",
    "off": 5581,
    "sff": "lumbar"
  },
  {
    "docID": "N206 Takeoka 2009",
    "et": "Lumbar",
    "off": 26317,
    "sff": "lumbar"
  },
  {
    "docID": "N206 Takeoka 2009",
    "et": "Lumbar",
    "off": 26541,
    "sff": "lumbar"
  },
  {
    "docID": "N206 Takeoka 2009",
    "et": "Lumbar",
    "off": 18984,
    "sff": "lumbar"
  },
  {
    "docID": "N206 Takeoka 2009",
    "et": "LightSource",
    "off": 13349,
    "sff": "light"
  },
  {
    "docID": "N206 Takeoka 2009",
    "et": "LightSource",
    "off": 13044,
    "sff": "light"
  },
  {
    "docID": "N206 Takeoka 2009",
    "et": "StemCellSourceType",
    "off": 23507,
    "sff": "cell"
  },
  {
    "docID": "N206 Takeoka 2009",
    "et": "StemCellSourceType",
    "off": 23791,
    "sff": "cell"
  },
  {
    "docID": "N206 Takeoka 2009",
    "et": "StemCellSourceType",
    "off": 16105,
    "sff": "cell"
  },
  {
    "docID": "N206 Takeoka 2009",
    "et": "InVitroExperimentalProcedure",
    "off": 36100,
    "sff": "vitro"
  },
  {
    "docID": "N206 Takeoka 2009",
    "et": "InVitroExperimentalProcedure",
    "off": 22307,
    "sff": "experimental"
  },
  {
    "docID": "N206 Takeoka 2009",
    "et": "InVitroExperimentalProcedure",
    "off": 2984,
    "sff": "vitro"
  },
  {
    "docID": "N206 Takeoka 2009",
    "et": "InVitroExperimentalProcedure",
    "off": 8672,
    "sff": "experimental"
  },
  {
    "docID": "N206 Takeoka 2009",
    "et": "InVitroExperimentalProcedure",
    "off": 6315,
    "sff": "vitro"
  },
  {
    "docID": "N206 Takeoka 2009",
    "et": "InVitroExperimentalProcedure",
    "off": 41195,
    "sff": "vitro"
  },
  {
    "docID": "N206 Takeoka 2009",
    "et": "InVitroExperimentalProcedure",
    "off": 33138,
    "sff": "vitro"
  },
  {
    "docID": "N206 Takeoka 2009",
    "et": "InVitroExperimentalProcedure",
    "off": 41761,
    "sff": "vitro"
  },
  {
    "docID": "N206 Takeoka 2009",
    "et": "InVitroExperimentalProcedure",
    "off": 7983,
    "sff": "vitro"
  },
  {
    "docID": "N206 Takeoka 2009",
    "et": "VentralInjuryArea",
    "off": 25528,
    "sff": "ventral"
  },
  {
    "docID": "N206 Takeoka 2009",
    "et": "VentralInjuryArea",
    "off": 16215,
    "sff": "ventral"
  },
  {
    "docID": "N206 Takeoka 2009",
    "et": "VentralInjuryArea",
    "off": 17926,
    "sff": "ventral"
  },
  {
    "docID": "N206 Takeoka 2009",
    "et": "AllenWeightDropDevice",
    "off": 10269,
    "sff": "weight"
  },
  {
    "docID": "N206 Takeoka 2009",
    "et": "AllenWeightDropDevice",
    "off": 10452,
    "sff": "weight"
  },
  {
    "docID": "N206 Takeoka 2009",
    "et": "Cell",
    "off": 23507,
    "sff": "cell"
  },
  {
    "docID": "N206 Takeoka 2009",
    "et": "Cell",
    "off": 23791,
    "sff": "cell"
  },
  {
    "docID": "N206 Takeoka 2009",
    "et": "Cell",
    "off": 16105,
    "sff": "cell"
  },
  {
    "docID": "N206 Takeoka 2009",
    "et": "LewisRat",
    "off": 41640,
    "sff": "Lewis"
  },
  {
    "docID": "N206 Takeoka 2009",
    "et": "LewisRat",
    "off": 41663,
    "sff": "Lewis"
  },
  {
    "docID": "N206 Takeoka 2009",
    "et": "SpinalDorsalHalf",
    "off": 24100,
    "sff": "dorsal"
  },
  {
    "docID": "N206 Takeoka 2009",
    "et": "SpinalDorsalHalf",
    "off": 25475,
    "sff": "dorsal"
  },
  {
    "docID": "N206 Takeoka 2009",
    "et": "SpinalDorsalHalf",
    "off": 25685,
    "sff": "dorsal"
  },
  {
    "docID": "N206 Takeoka 2009",
    "et": "SpinalDorsalHalf",
    "off": 25232,
    "sff": "dorsal half"
  },
  {
    "docID": "N206 Takeoka 2009",
    "et": "SpinalDorsalHalf",
    "off": 21102,
    "sff": "dorsal"
  },
  {
    "docID": "N206 Takeoka 2009",
    "et": "17BetaEstradiolE2",
    "off": 7969,
    "sff": "17"
  },
  {
    "docID": "N206 Takeoka 2009",
    "et": "Isoflurane",
    "off": 8069,
    "sff": "isoflurane"
  },
  {
    "docID": "N206 Takeoka 2009",
    "et": "CompleteTransectionType",
    "off": 20595,
    "sff": "transection"
  },
  {
    "docID": "N206 Takeoka 2009",
    "et": "CompleteTransectionType",
    "off": 8816,
    "sff": "transection"
  },
  {
    "docID": "N206 Takeoka 2009",
    "et": "CompleteTransectionType",
    "off": 20336,
    "sff": "transection"
  },
  {
    "docID": "N206 Takeoka 2009",
    "et": "CompleteTransectionType",
    "off": 34775,
    "sff": "complete"
  },
  {
    "docID": "N206 Takeoka 2009",
    "et": "CompleteTransectionType",
    "off": 67,
    "sff": "Complete"
  },
  {
    "docID": "N206 Takeoka 2009",
    "et": "CompleteTransectionType",
    "off": 8116,
    "sff": "transection"
  },
  {
    "docID": "N206 Takeoka 2009",
    "et": "CompleteTransectionType",
    "off": 24372,
    "sff": "transection"
  },
  {
    "docID": "N206 Takeoka 2009",
    "et": "CompleteTransectionType",
    "off": 33396,
    "sff": "transection"
  },
  {
    "docID": "N206 Takeoka 2009",
    "et": "CompleteTransectionType",
    "off": 42030,
    "sff": "transection"
  },
  {
    "docID": "N206 Takeoka 2009",
    "et": "CompleteTransectionType",
    "off": 3628,
    "sff": "transection"
  },
  {
    "docID": "N206 Takeoka 2009",
    "et": "CompleteTransectionType",
    "off": 34796,
    "sff": "transection"
  },
  {
    "docID": "N206 Takeoka 2009",
    "et": "CompleteTransectionType",
    "off": 21763,
    "sff": "transection"
  },
  {
    "docID": "N206 Takeoka 2009",
    "et": "CompleteTransectionType",
    "off": 28930,
    "sff": "transection"
  },
  {
    "docID": "N206 Takeoka 2009",
    "et": "CompleteTransectionType",
    "off": 4865,
    "sff": "transection"
  },
  {
    "docID": "N206 Takeoka 2009",
    "et": "CompleteTransectionType",
    "off": 19944,
    "sff": "complete"
  },
  {
    "docID": "N206 Takeoka 2009",
    "et": "CompleteTransectionType",
    "off": 21184,
    "sff": "transection"
  },
  {
    "docID": "N206 Takeoka 2009",
    "et": "CompleteTransectionType",
    "off": 710,
    "sff": "transection"
  },
  {
    "docID": "N206 Takeoka 2009",
    "et": "CompleteTransectionType",
    "off": 8199,
    "sff": "transection"
  },
  {
    "docID": "N206 Takeoka 2009",
    "et": "CompleteTransectionType",
    "off": 8519,
    "sff": "transection"
  },
  {
    "docID": "N206 Takeoka 2009",
    "et": "CompleteTransectionType",
    "off": 8326,
    "sff": "transection"
  },
  {
    "docID": "N206 Takeoka 2009",
    "et": "CompleteTransectionType",
    "off": 900,
    "sff": "transection"
  },
  {
    "docID": "N206 Takeoka 2009",
    "et": "CompleteTransectionType",
    "off": 24452,
    "sff": "transection"
  },
  {
    "docID": "N206 Takeoka 2009",
    "et": "CompleteTransectionType",
    "off": 8095,
    "sff": "complete"
  },
  {
    "docID": "N206 Takeoka 2009",
    "et": "CompleteTransectionType",
    "off": 42009,
    "sff": "complete"
  },
  {
    "docID": "N206 Takeoka 2009",
    "et": "CompleteTransectionType",
    "off": 4595,
    "sff": "complete transection"
  },
  {
    "docID": "N206 Takeoka 2009",
    "et": "CompleteTransectionType",
    "off": 19965,
    "sff": "transection"
  },
  {
    "docID": "N206 Takeoka 2009",
    "et": "CompleteTransectionType",
    "off": 20315,
    "sff": "complete"
  },
  {
    "docID": "N206 Takeoka 2009",
    "et": "CompleteTransectionType",
    "off": 31603,
    "sff": "complete transection"
  },
  {
    "docID": "N206 Takeoka 2009",
    "et": "CompleteTransectionType",
    "off": 37459,
    "sff": "transection"
  },
  {
    "docID": "N206 Takeoka 2009",
    "et": "CompleteTransectionType",
    "off": 83,
    "sff": "Transection"
  },
  {
    "docID": "N206 Takeoka 2009",
    "et": "CompleteTransectionType",
    "off": 5330,
    "sff": "transection"
  },
  {
    "docID": "N206 Takeoka 2009",
    "et": "CompleteTransectionType",
    "off": 14710,
    "sff": "complete"
  },
  {
    "docID": "N206 Takeoka 2009",
    "et": "CompleteTransectionType",
    "off": 17832,
    "sff": "complete transection"
  },
  {
    "docID": "N206 Takeoka 2009",
    "et": "CompleteTransectionType",
    "off": 21880,
    "sff": "complete"
  },
  {
    "docID": "N206 Takeoka 2009",
    "et": "CompleteTransectionType",
    "off": 689,
    "sff": "complete"
  },
  {
    "docID": "N206 Takeoka 2009",
    "et": "CompleteTransectionType",
    "off": 39126,
    "sff": "transection"
  },
  {
    "docID": "N206 Takeoka 2009",
    "et": "CompleteTransectionType",
    "off": 12076,
    "sff": "complete transection"
  },
  {
    "docID": "N206 Takeoka 2009",
    "et": "CompleteTransectionType",
    "off": 28909,
    "sff": "complete"
  },
  {
    "docID": "N206 Takeoka 2009",
    "et": "CompleteTransectionType",
    "off": 16649,
    "sff": "transection"
  },
  {
    "docID": "N206 Takeoka 2009",
    "et": "CompleteTransectionType",
    "off": 21901,
    "sff": "transection"
  },
  {
    "docID": "N206 Takeoka 2009",
    "et": "CompleteTransectionType",
    "off": 15395,
    "sff": "transection"
  },
  {
    "docID": "N206 Takeoka 2009",
    "et": "CompleteTransectionType",
    "off": 16926,
    "sff": "complete transection"
  },
  {
    "docID": "N206 Takeoka 2009",
    "et": "CompleteTransectionType",
    "off": 5309,
    "sff": "complete"
  },
  {
    "docID": "N206 Takeoka 2009",
    "et": "CompleteTransectionType",
    "off": 37438,
    "sff": "complete"
  },
  {
    "docID": "N206 Takeoka 2009",
    "et": "CompleteTransectionType",
    "off": 4312,
    "sff": "transection"
  },
  {
    "docID": "N206 Takeoka 2009",
    "et": "Embryonic",
    "off": 3583,
    "sff": "embryonic"
  },
  {
    "docID": "N206 Takeoka 2009",
    "et": "ExperimentalProcedure",
    "off": 22307,
    "sff": "experimental"
  },
  {
    "docID": "N206 Takeoka 2009",
    "et": "ExperimentalProcedure",
    "off": 8672,
    "sff": "experimental"
  },
  {
    "docID": "N206 Takeoka 2009",
    "et": "BodyTemperatureMeasurement",
    "off": 11345,
    "sff": "temperature"
  },
  {
    "docID": "N206 Takeoka 2009",
    "et": "EpiduralClip",
    "off": 37605,
    "sff": "epidural"
  },
  {
    "docID": "N206 Takeoka 2009",
    "et": "PartialTransectionType",
    "off": 4604,
    "sff": "transection"
  },
  {
    "docID": "N206 Takeoka 2009",
    "et": "PartialTransectionType",
    "off": 19965,
    "sff": "transection"
  },
  {
    "docID": "N206 Takeoka 2009",
    "et": "PartialTransectionType",
    "off": 31612,
    "sff": "transection"
  },
  {
    "docID": "N206 Takeoka 2009",
    "et": "PartialTransectionType",
    "off": 8816,
    "sff": "transection"
  },
  {
    "docID": "N206 Takeoka 2009",
    "et": "PartialTransectionType",
    "off": 17841,
    "sff": "transection"
  },
  {
    "docID": "N206 Takeoka 2009",
    "et": "PartialTransectionType",
    "off": 20336,
    "sff": "transection"
  },
  {
    "docID": "N206 Takeoka 2009",
    "et": "PartialTransectionType",
    "off": 20595,
    "sff": "transection"
  },
  {
    "docID": "N206 Takeoka 2009",
    "et": "PartialTransectionType",
    "off": 8116,
    "sff": "transection"
  },
  {
    "docID": "N206 Takeoka 2009",
    "et": "PartialTransectionType",
    "off": 12085,
    "sff": "transection"
  },
  {
    "docID": "N206 Takeoka 2009",
    "et": "PartialTransectionType",
    "off": 24372,
    "sff": "transection"
  },
  {
    "docID": "N206 Takeoka 2009",
    "et": "PartialTransectionType",
    "off": 33396,
    "sff": "transection"
  },
  {
    "docID": "N206 Takeoka 2009",
    "et": "PartialTransectionType",
    "off": 3628,
    "sff": "transection"
  },
  {
    "docID": "N206 Takeoka 2009",
    "et": "PartialTransectionType",
    "off": 34796,
    "sff": "transection"
  },
  {
    "docID": "N206 Takeoka 2009",
    "et": "PartialTransectionType",
    "off": 42030,
    "sff": "transection"
  },
  {
    "docID": "N206 Takeoka 2009",
    "et": "PartialTransectionType",
    "off": 15395,
    "sff": "transection"
  },
  {
    "docID": "N206 Takeoka 2009",
    "et": "PartialTransectionType",
    "off": 16935,
    "sff": "transection"
  },
  {
    "docID": "N206 Takeoka 2009",
    "et": "PartialTransectionType",
    "off": 4312,
    "sff": "transection"
  },
  {
    "docID": "N206 Takeoka 2009",
    "et": "PartialTransectionType",
    "off": 5330,
    "sff": "transection"
  },
  {
    "docID": "N206 Takeoka 2009",
    "et": "PartialTransectionType",
    "off": 37459,
    "sff": "transection"
  },
  {
    "docID": "N206 Takeoka 2009",
    "et": "PartialTransectionType",
    "off": 83,
    "sff": "Transection"
  },
  {
    "docID": "N206 Takeoka 2009",
    "et": "PartialTransectionType",
    "off": 39126,
    "sff": "transection"
  },
  {
    "docID": "N206 Takeoka 2009",
    "et": "PartialTransectionType",
    "off": 16649,
    "sff": "transection"
  },
  {
    "docID": "N206 Takeoka 2009",
    "et": "PartialTransectionType",
    "off": 21901,
    "sff": "transection"
  },
  {
    "docID": "N206 Takeoka 2009",
    "et": "PartialTransectionType",
    "off": 4865,
    "sff": "transection"
  },
  {
    "docID": "N206 Takeoka 2009",
    "et": "PartialTransectionType",
    "off": 21184,
    "sff": "transection"
  },
  {
    "docID": "N206 Takeoka 2009",
    "et": "PartialTransectionType",
    "off": 21763,
    "sff": "transection"
  },
  {
    "docID": "N206 Takeoka 2009",
    "et": "PartialTransectionType",
    "off": 28930,
    "sff": "transection"
  },
  {
    "docID": "N206 Takeoka 2009",
    "et": "PartialTransectionType",
    "off": 900,
    "sff": "transection"
  },
  {
    "docID": "N206 Takeoka 2009",
    "et": "PartialTransectionType",
    "off": 24452,
    "sff": "transection"
  },
  {
    "docID": "N206 Takeoka 2009",
    "et": "PartialTransectionType",
    "off": 710,
    "sff": "transection"
  },
  {
    "docID": "N206 Takeoka 2009",
    "et": "PartialTransectionType",
    "off": 8326,
    "sff": "transection"
  },
  {
    "docID": "N206 Takeoka 2009",
    "et": "PartialTransectionType",
    "off": 8199,
    "sff": "transection"
  },
  {
    "docID": "N206 Takeoka 2009",
    "et": "PartialTransectionType",
    "off": 8519,
    "sff": "transection"
  },
  {
    "docID": "N206 Takeoka 2009",
    "et": "BrainDerivedNeurotrophicFactor",
    "off": 28811,
    "sff": "derived"
  },
  {
    "docID": "N206 Takeoka 2009",
    "et": "BrainDerivedNeurotrophicFactor",
    "off": 3243,
    "sff": "derived"
  },
  {
    "docID": "N206 Takeoka 2009",
    "et": "BrainDerivedNeurotrophicFactor",
    "off": 7699,
    "sff": "derived"
  },
  {
    "docID": "N206 Takeoka 2009",
    "et": "BrainDerivedNeurotrophicFactor",
    "off": 35026,
    "sff": "derived"
  },
  {
    "docID": "N206 Takeoka 2009",
    "et": "BrainDerivedNeurotrophicFactor",
    "off": 20369,
    "sff": "derived"
  },
  {
    "docID": "N206 Takeoka 2009",
    "et": "BrainDerivedNeurotrophicFactor",
    "off": 10093,
    "sff": "brain"
  },
  {
    "docID": "N206 Takeoka 2009",
    "et": "BrainDerivedNeurotrophicFactor",
    "off": 30999,
    "sff": "derived"
  },
  {
    "docID": "N206 Takeoka 2009",
    "et": "BrainDerivedNeurotrophicFactor",
    "off": 10494,
    "sff": "brain"
  },
  {
    "docID": "N206 Takeoka 2009",
    "et": "VentralHemisection",
    "off": 16215,
    "sff": "ventral"
  },
  {
    "docID": "N206 Takeoka 2009",
    "et": "VentralHemisection",
    "off": 25528,
    "sff": "ventral"
  },
  {
    "docID": "N206 Takeoka 2009",
    "et": "VentralHemisection",
    "off": 17926,
    "sff": "ventral"
  },
  {
    "docID": "N206 Takeoka 2009",
    "et": "CompleteInjuryArea",
    "off": 8095,
    "sff": "complete"
  },
  {
    "docID": "N206 Takeoka 2009",
    "et": "CompleteInjuryArea",
    "off": 20315,
    "sff": "complete"
  },
  {
    "docID": "N206 Takeoka 2009",
    "et": "CompleteInjuryArea",
    "off": 16926,
    "sff": "complete"
  },
  {
    "docID": "N206 Takeoka 2009",
    "et": "CompleteInjuryArea",
    "off": 37438,
    "sff": "complete"
  },
  {
    "docID": "N206 Takeoka 2009",
    "et": "CompleteInjuryArea",
    "off": 5309,
    "sff": "complete"
  },
  {
    "docID": "N206 Takeoka 2009",
    "et": "CompleteInjuryArea",
    "off": 17832,
    "sff": "complete"
  },
  {
    "docID": "N206 Takeoka 2009",
    "et": "CompleteInjuryArea",
    "off": 19944,
    "sff": "complete"
  },
  {
    "docID": "N206 Takeoka 2009",
    "et": "CompleteInjuryArea",
    "off": 689,
    "sff": "complete"
  },
  {
    "docID": "N206 Takeoka 2009",
    "et": "CompleteInjuryArea",
    "off": 12076,
    "sff": "complete"
  },
  {
    "docID": "N206 Takeoka 2009",
    "et": "CompleteInjuryArea",
    "off": 28909,
    "sff": "complete"
  },
  {
    "docID": "N206 Takeoka 2009",
    "et": "CompleteInjuryArea",
    "off": 21880,
    "sff": "complete"
  },
  {
    "docID": "N206 Takeoka 2009",
    "et": "CompleteInjuryArea",
    "off": 34775,
    "sff": "complete"
  },
  {
    "docID": "N206 Takeoka 2009",
    "et": "CompleteInjuryArea",
    "off": 42009,
    "sff": "complete"
  },
  {
    "docID": "N206 Takeoka 2009",
    "et": "CompleteInjuryArea",
    "off": 4595,
    "sff": "complete"
  },
  {
    "docID": "N206 Takeoka 2009",
    "et": "CompleteInjuryArea",
    "off": 31603,
    "sff": "complete"
  },
  {
    "docID": "N206 Takeoka 2009",
    "et": "CompleteInjuryArea",
    "off": 14710,
    "sff": "complete"
  },
  {
    "docID": "N206 Takeoka 2009",
    "et": "CompleteInjuryArea",
    "off": 67,
    "sff": "Complete"
  }
]
