[
  {
    "docID": "N214 Vavrek 2007",
    "et": "BrainNucleus",
    "off": 8515,
    "sff": "brain"
  },
  {
    "docID": "N214 Vavrek 2007",
    "et": "CompleteTransection",
    "off": 429,
    "sff": "complete"
  },
  {
    "docID": "N214 Vavrek 2007",
    "et": "CompleteTransection",
    "off": 13461,
    "sff": "complete"
  },
  {
    "docID": "N214 Vavrek 2007",
    "et": "CompleteTransection",
    "off": 1044,
    "sff": "complete transection"
  },
  {
    "docID": "N214 Vavrek 2007",
    "et": "OlfactoryEnsheathingGliaCell",
    "off": 2288,
    "sff": "olfactory-ensheathing"
  },
  {
    "docID": "N214 Vavrek 2007",
    "et": "OlfactoryEnsheathingGliaCell",
    "off": 537,
    "sff": "olfactory ensheathing glia"
  },
  {
    "docID": "N214 Vavrek 2007",
    "et": "OlfactoryEnsheathingGliaCell",
    "off": 2288,
    "sff": "olfactory-ensheathing glia"
  },
  {
    "docID": "N214 Vavrek 2007",
    "et": "OlfactoryEnsheathingGliaCell",
    "off": 537,
    "sff": "olfactory ensheathing"
  },
  {
    "docID": "N214 Vavrek 2007",
    "et": "OlfactoryEnsheathingGliaCell",
    "off": 3719,
    "sff": "olfactory"
  },
  {
    "docID": "N214 Vavrek 2007",
    "et": "DorsalInjuryArea",
    "off": 11827,
    "sff": "dorsal"
  },
  {
    "docID": "N214 Vavrek 2007",
    "et": "DorsalInjuryArea",
    "off": 7199,
    "sff": "dorsal"
  },
  {
    "docID": "N214 Vavrek 2007",
    "et": "DorsalInjuryArea",
    "off": 12015,
    "sff": "dorsal"
  },
  {
    "docID": "N214 Vavrek 2007",
    "et": "ContactDeliveryMethod",
    "off": 601,
    "sff": "delivery"
  },
  {
    "docID": "N214 Vavrek 2007",
    "et": "ContactDeliveryMethod",
    "off": 2397,
    "sff": "delivery"
  },
  {
    "docID": "N214 Vavrek 2007",
    "et": "MouseSpecies",
    "off": 7579,
    "sff": "mouse"
  },
  {
    "docID": "N214 Vavrek 2007",
    "et": "WeightDrop",
    "off": 6387,
    "sff": "weight"
  },
  {
    "docID": "N214 Vavrek 2007",
    "et": "CentralCanal",
    "off": 10041,
    "sff": "central canal"
  },
  {
    "docID": "N214 Vavrek 2007",
    "et": "CentralCanal",
    "off": 1716,
    "sff": "CENTRAL"
  },
  {
    "docID": "N214 Vavrek 2007",
    "et": "SpinalFiberTract",
    "off": 2820,
    "sff": "fiber"
  },
  {
    "docID": "N214 Vavrek 2007",
    "et": "SpinalFiberTract",
    "off": 3700,
    "sff": "fiber"
  },
  {
    "docID": "N214 Vavrek 2007",
    "et": "DorsalHemisection",
    "off": 11827,
    "sff": "dorsal"
  },
  {
    "docID": "N214 Vavrek 2007",
    "et": "DorsalHemisection",
    "off": 7199,
    "sff": "dorsal"
  },
  {
    "docID": "N214 Vavrek 2007",
    "et": "DorsalHemisection",
    "off": 12015,
    "sff": "dorsal"
  },
  {
    "docID": "N214 Vavrek 2007",
    "et": "DeliveryMethod",
    "off": 601,
    "sff": "delivery"
  },
  {
    "docID": "N214 Vavrek 2007",
    "et": "DeliveryMethod",
    "off": 2397,
    "sff": "delivery"
  },
  {
    "docID": "N214 Vavrek 2007",
    "et": "SpinalVentralHalf",
    "off": 12063,
    "sff": "ventral"
  },
  {
    "docID": "N214 Vavrek 2007",
    "et": "SpinalVentralHalf",
    "off": 11763,
    "sff": "ventral"
  },
  {
    "docID": "N214 Vavrek 2007",
    "et": "SpinalVentralHalf",
    "off": 7206,
    "sff": "ventral"
  },
  {
    "docID": "N214 Vavrek 2007",
    "et": "Rostral",
    "off": 10463,
    "sff": "rostral"
  },
  {
    "docID": "N214 Vavrek 2007",
    "et": "Rostral",
    "off": 9054,
    "sff": "rostral"
  },
  {
    "docID": "N214 Vavrek 2007",
    "et": "Rostral",
    "off": 14048,
    "sff": "rostral"
  },
  {
    "docID": "N214 Vavrek 2007",
    "et": "Rostral",
    "off": 12978,
    "sff": "rostral"
  },
  {
    "docID": "N214 Vavrek 2007",
    "et": "Rostral",
    "off": 13558,
    "sff": "rostral"
  },
  {
    "docID": "N214 Vavrek 2007",
    "et": "Rostral",
    "off": 2330,
    "sff": "rostral"
  },
  {
    "docID": "N214 Vavrek 2007",
    "et": "Rostral",
    "off": 7931,
    "sff": "rostral"
  },
  {
    "docID": "N214 Vavrek 2007",
    "et": "Rostral",
    "off": 9837,
    "sff": "rostral"
  },
  {
    "docID": "N214 Vavrek 2007",
    "et": "Rostral",
    "off": 1117,
    "sff": "rostral"
  },
  {
    "docID": "N214 Vavrek 2007",
    "et": "DorsalColumn",
    "off": 7199,
    "sff": "dorsal"
  },
  {
    "docID": "N214 Vavrek 2007",
    "et": "DorsalColumn",
    "off": 12015,
    "sff": "dorsal"
  },
  {
    "docID": "N214 Vavrek 2007",
    "et": "DorsalColumn",
    "off": 11827,
    "sff": "dorsal"
  },
  {
    "docID": "N214 Vavrek 2007",
    "et": "SpinalFiber",
    "off": 2820,
    "sff": "fiber"
  },
  {
    "docID": "N214 Vavrek 2007",
    "et": "SpinalFiber",
    "off": 3700,
    "sff": "fiber"
  },
  {
    "docID": "N214 Vavrek 2007",
    "et": "ChondroitinaseABC",
    "off": 2409,
    "sff": "chondroitinase ABC"
  },
  {
    "docID": "N214 Vavrek 2007",
    "et": "ChondroitinaseABC",
    "off": 582,
    "sff": "chondroitinase ABC"
  },
  {
    "docID": "N214 Vavrek 2007",
    "et": "ChondroitinaseABC",
    "off": 5211,
    "sff": "Chondroitinase ABC"
  },
  {
    "docID": "N214 Vavrek 2007",
    "et": "CellDeathInduction",
    "off": 8463,
    "sff": "cell"
  },
  {
    "docID": "N214 Vavrek 2007",
    "et": "CellDeathInduction",
    "off": 10175,
    "sff": "cell"
  },
  {
    "docID": "N214 Vavrek 2007",
    "et": "CellDeathInduction",
    "off": 14369,
    "sff": "cell"
  },
  {
    "docID": "N214 Vavrek 2007",
    "et": "CellDeathInduction",
    "off": 14513,
    "sff": "cell"
  },
  {
    "docID": "N214 Vavrek 2007",
    "et": "CellDeathInduction",
    "off": 2235,
    "sff": "cell"
  },
  {
    "docID": "N214 Vavrek 2007",
    "et": "CellDeathInduction",
    "off": 9806,
    "sff": "cell"
  },
  {
    "docID": "N214 Vavrek 2007",
    "et": "CellDeathInduction",
    "off": 1575,
    "sff": "cell"
  },
  {
    "docID": "N214 Vavrek 2007",
    "et": "CellDeathInduction",
    "off": 10007,
    "sff": "cell"
  },
  {
    "docID": "N214 Vavrek 2007",
    "et": "CellDeathInduction",
    "off": 9928,
    "sff": "cell"
  },
  {
    "docID": "N214 Vavrek 2007",
    "et": "CellDeathInduction",
    "off": 1421,
    "sff": "Cell"
  },
  {
    "docID": "N214 Vavrek 2007",
    "et": "CellDeathInduction",
    "off": 10346,
    "sff": "cell"
  },
  {
    "docID": "N214 Vavrek 2007",
    "et": "CellDeathInduction",
    "off": 501,
    "sff": "cell"
  },
  {
    "docID": "N214 Vavrek 2007",
    "et": "ReticulospinalTract",
    "off": 1326,
    "sff": "reticulospinal"
  },
  {
    "docID": "N214 Vavrek 2007",
    "et": "ReticulospinalTract",
    "off": 17523,
    "sff": "reticulospinal tract"
  },
  {
    "docID": "N214 Vavrek 2007",
    "et": "ReticulospinalTract",
    "off": 17912,
    "sff": "reticulospinal tract"
  },
  {
    "docID": "N214 Vavrek 2007",
    "et": "ReticulospinalTract",
    "off": 17591,
    "sff": "reticulospinal tract"
  },
  {
    "docID": "N214 Vavrek 2007",
    "et": "ReticulospinalTract",
    "off": 17761,
    "sff": "reticulospinal tract"
  },
  {
    "docID": "N214 Vavrek 2007",
    "et": "FluanisoneMidazolamMixture",
    "off": 4477,
    "sff": "Midazolam"
  },
  {
    "docID": "N214 Vavrek 2007",
    "et": "LaminectomyType",
    "off": 4605,
    "sff": "laminectomy"
  },
  {
    "docID": "N214 Vavrek 2007",
    "et": "Tissue",
    "off": 6986,
    "sff": "tissue"
  },
  {
    "docID": "N214 Vavrek 2007",
    "et": "Tissue",
    "off": 3179,
    "sff": "tissue"
  },
  {
    "docID": "N214 Vavrek 2007",
    "et": "Tissue",
    "off": 12442,
    "sff": "tissue"
  },
  {
    "docID": "N214 Vavrek 2007",
    "et": "Tissue",
    "off": 16026,
    "sff": "tissue"
  },
  {
    "docID": "N214 Vavrek 2007",
    "et": "Tissue",
    "off": 13414,
    "sff": "tissue"
  },
  {
    "docID": "N214 Vavrek 2007",
    "et": "Tissue",
    "off": 7091,
    "sff": "tissue"
  },
  {
    "docID": "N214 Vavrek 2007",
    "et": "InjectionDelivery",
    "off": 6271,
    "sff": "injection"
  },
  {
    "docID": "N214 Vavrek 2007",
    "et": "InjectionDelivery",
    "off": 5888,
    "sff": "injection"
  },
  {
    "docID": "N214 Vavrek 2007",
    "et": "InjectionDelivery",
    "off": 4344,
    "sff": "injection"
  },
  {
    "docID": "N214 Vavrek 2007",
    "et": "SpinalLesionSite",
    "off": 7547,
    "sff": "lesion"
  },
  {
    "docID": "N214 Vavrek 2007",
    "et": "SpinalLesionSite",
    "off": 9069,
    "sff": "lesion site"
  },
  {
    "docID": "N214 Vavrek 2007",
    "et": "SpinalLesionSite",
    "off": 9852,
    "sff": "lesion"
  },
  {
    "docID": "N214 Vavrek 2007",
    "et": "SpinalLesionSite",
    "off": 10541,
    "sff": "lesion site"
  },
  {
    "docID": "N214 Vavrek 2007",
    "et": "SpinalLesionSite",
    "off": 13470,
    "sff": "lesion"
  },
  {
    "docID": "N214 Vavrek 2007",
    "et": "SpinalLesionSite",
    "off": 14398,
    "sff": "lesion"
  },
  {
    "docID": "N214 Vavrek 2007",
    "et": "SpinalLesionSite",
    "off": 481,
    "sff": "lesion"
  },
  {
    "docID": "N214 Vavrek 2007",
    "et": "SpinalLesionSite",
    "off": 16563,
    "sff": "lesion"
  },
  {
    "docID": "N214 Vavrek 2007",
    "et": "SpinalLesionSite",
    "off": 13522,
    "sff": "lesion"
  },
  {
    "docID": "N214 Vavrek 2007",
    "et": "SpinalLesionSite",
    "off": 1935,
    "sff": "lesion site"
  },
  {
    "docID": "N214 Vavrek 2007",
    "et": "SpinalLesionSite",
    "off": 14576,
    "sff": "lesion site"
  },
  {
    "docID": "N214 Vavrek 2007",
    "et": "SpinalLesionSite",
    "off": 1132,
    "sff": "lesion"
  },
  {
    "docID": "N214 Vavrek 2007",
    "et": "SpinalLesionSite",
    "off": 13573,
    "sff": "lesion"
  },
  {
    "docID": "N214 Vavrek 2007",
    "et": "Weight",
    "off": 4488,
    "sff": "0.75 mg"
  },
  {
    "docID": "N214 Vavrek 2007",
    "et": "Weight",
    "off": 4423,
    "sff": "200 g"
  },
  {
    "docID": "N214 Vavrek 2007",
    "et": "Weight",
    "off": 6375,
    "sff": "100 mg"
  },
  {
    "docID": "N214 Vavrek 2007",
    "et": "Weight",
    "off": 4506,
    "sff": "200 g"
  },
  {
    "docID": "N214 Vavrek 2007",
    "et": "MotorNeurons",
    "off": 2964,
    "sff": "motor"
  },
  {
    "docID": "N214 Vavrek 2007",
    "et": "LateralHemisection",
    "off": 11055,
    "sff": "lateral"
  },
  {
    "docID": "N214 Vavrek 2007",
    "et": "LateralHemisection",
    "off": 11870,
    "sff": "lateral"
  },
  {
    "docID": "N214 Vavrek 2007",
    "et": "LateralHemisection",
    "off": 9586,
    "sff": "lateral"
  },
  {
    "docID": "N214 Vavrek 2007",
    "et": "LateralHemisection",
    "off": 11783,
    "sff": "lateral"
  },
  {
    "docID": "N214 Vavrek 2007",
    "et": "LateralHemisection",
    "off": 6169,
    "sff": "lateral"
  },
  {
    "docID": "N214 Vavrek 2007",
    "et": "LateralHemisection",
    "off": 1483,
    "sff": "lateral"
  },
  {
    "docID": "N214 Vavrek 2007",
    "et": "Dosage",
    "off": 4523,
    "sff": "750 µL"
  },
  {
    "docID": "N214 Vavrek 2007",
    "et": "Dosage",
    "off": 6722,
    "sff": "2.5 mm"
  },
  {
    "docID": "N214 Vavrek 2007",
    "et": "Dosage",
    "off": 4996,
    "sff": "3.0-mm"
  },
  {
    "docID": "N214 Vavrek 2007",
    "et": "Dosage",
    "off": 11298,
    "sff": "12%"
  },
  {
    "docID": "N214 Vavrek 2007",
    "et": "Dosage",
    "off": 4658,
    "sff": "4-mm"
  },
  {
    "docID": "N214 Vavrek 2007",
    "et": "Dosage",
    "off": 4859,
    "sff": "2 mm"
  },
  {
    "docID": "N214 Vavrek 2007",
    "et": "Dosage",
    "off": 6369,
    "sff": "70 mg/100 mg body weight"
  },
  {
    "docID": "N214 Vavrek 2007",
    "et": "Dosage",
    "off": 4973,
    "sff": "2.6-mm"
  },
  {
    "docID": "N214 Vavrek 2007",
    "et": "Dosage",
    "off": 8251,
    "sff": "10%"
  },
  {
    "docID": "N214 Vavrek 2007",
    "et": "Dosage",
    "off": 11202,
    "sff": "18%"
  },
  {
    "docID": "N214 Vavrek 2007",
    "et": "Dosage",
    "off": 4262,
    "sff": "4 µL"
  },
  {
    "docID": "N214 Vavrek 2007",
    "et": "Dosage",
    "off": 4488,
    "sff": "0.75 mg in 150 µL"
  },
  {
    "docID": "N214 Vavrek 2007",
    "et": "Dosage",
    "off": 4506,
    "sff": "200 g"
  },
  {
    "docID": "N214 Vavrek 2007",
    "et": "Dosage",
    "off": 5455,
    "sff": "0.9%"
  },
  {
    "docID": "N214 Vavrek 2007",
    "et": "Dosage",
    "off": 4412,
    "sff": "120 µL per 200 g bw"
  },
  {
    "docID": "N214 Vavrek 2007",
    "et": "Dosage",
    "off": 5909,
    "sff": "5%"
  },
  {
    "docID": "N214 Vavrek 2007",
    "et": "Dosage",
    "off": 4749,
    "sff": "1 µL"
  },
  {
    "docID": "N214 Vavrek 2007",
    "et": "Dosage",
    "off": 5901,
    "sff": "1 µL"
  },
  {
    "docID": "N214 Vavrek 2007",
    "et": "Dosage",
    "off": 5539,
    "sff": "2 µL of 10 µg"
  },
  {
    "docID": "N214 Vavrek 2007",
    "et": "Ventral",
    "off": 7206,
    "sff": "ventral"
  },
  {
    "docID": "N214 Vavrek 2007",
    "et": "Ventral",
    "off": 12063,
    "sff": "ventral"
  },
  {
    "docID": "N214 Vavrek 2007",
    "et": "Ventral",
    "off": 11763,
    "sff": "ventral"
  },
  {
    "docID": "N214 Vavrek 2007",
    "et": "Intrathecal",
    "off": 2385,
    "sff": "intrathecal"
  },
  {
    "docID": "N214 Vavrek 2007",
    "et": "TreatmentSite",
    "off": 67,
    "sff": "Treatment"
  },
  {
    "docID": "N214 Vavrek 2007",
    "et": "TreatmentSite",
    "off": 1657,
    "sff": "treatment"
  },
  {
    "docID": "N214 Vavrek 2007",
    "et": "TreatmentSite",
    "off": 16348,
    "sff": "treatment"
  },
  {
    "docID": "N214 Vavrek 2007",
    "et": "TreatmentSite",
    "off": 14264,
    "sff": "treatment"
  },
  {
    "docID": "N214 Vavrek 2007",
    "et": "TreatmentSite",
    "off": 823,
    "sff": "treatment"
  },
  {
    "docID": "N214 Vavrek 2007",
    "et": "TreatmentSite",
    "off": 3105,
    "sff": "treatment"
  },
  {
    "docID": "N214 Vavrek 2007",
    "et": "TreatmentSite",
    "off": 10850,
    "sff": "treatment"
  },
  {
    "docID": "N214 Vavrek 2007",
    "et": "TreatmentSite",
    "off": 6845,
    "sff": "treatment"
  },
  {
    "docID": "N214 Vavrek 2007",
    "et": "TreatmentSite",
    "off": 714,
    "sff": "treatment"
  },
  {
    "docID": "N214 Vavrek 2007",
    "et": "TreatmentSite",
    "off": 13289,
    "sff": "treatment"
  },
  {
    "docID": "N214 Vavrek 2007",
    "et": "TreatmentSite",
    "off": 14983,
    "sff": "treatment"
  },
  {
    "docID": "N214 Vavrek 2007",
    "et": "TreatmentSite",
    "off": 9765,
    "sff": "treatment"
  },
  {
    "docID": "N214 Vavrek 2007",
    "et": "TreatmentSite",
    "off": 15309,
    "sff": "treatment"
  },
  {
    "docID": "N214 Vavrek 2007",
    "et": "TreatmentSite",
    "off": 13710,
    "sff": "treatment"
  },
  {
    "docID": "N214 Vavrek 2007",
    "et": "Duration",
    "off": 7673,
    "sff": "48 h"
  },
  {
    "docID": "N214 Vavrek 2007",
    "et": "Duration",
    "off": 5797,
    "sff": "10 weeks"
  },
  {
    "docID": "N214 Vavrek 2007",
    "et": "Duration",
    "off": 6255,
    "sff": "1 min"
  },
  {
    "docID": "N214 Vavrek 2007",
    "et": "Duration",
    "off": 5636,
    "sff": "4 weeks"
  },
  {
    "docID": "N214 Vavrek 2007",
    "et": "LesionAdjacentTissue",
    "off": 14576,
    "sff": "lesion"
  },
  {
    "docID": "N214 Vavrek 2007",
    "et": "LesionAdjacentTissue",
    "off": 1935,
    "sff": "lesion"
  },
  {
    "docID": "N214 Vavrek 2007",
    "et": "LesionAdjacentTissue",
    "off": 9069,
    "sff": "lesion"
  },
  {
    "docID": "N214 Vavrek 2007",
    "et": "LesionAdjacentTissue",
    "off": 10541,
    "sff": "lesion"
  },
  {
    "docID": "N214 Vavrek 2007",
    "et": "LesionAdjacentTissue",
    "off": 16563,
    "sff": "lesion"
  },
  {
    "docID": "N214 Vavrek 2007",
    "et": "LesionAdjacentTissue",
    "off": 13522,
    "sff": "lesion"
  },
  {
    "docID": "N214 Vavrek 2007",
    "et": "LesionAdjacentTissue",
    "off": 13573,
    "sff": "lesion"
  },
  {
    "docID": "N214 Vavrek 2007",
    "et": "LesionAdjacentTissue",
    "off": 1132,
    "sff": "lesion"
  },
  {
    "docID": "N214 Vavrek 2007",
    "et": "LesionAdjacentTissue",
    "off": 13470,
    "sff": "lesion"
  },
  {
    "docID": "N214 Vavrek 2007",
    "et": "LesionAdjacentTissue",
    "off": 14398,
    "sff": "lesion"
  },
  {
    "docID": "N214 Vavrek 2007",
    "et": "LesionAdjacentTissue",
    "off": 481,
    "sff": "lesion"
  },
  {
    "docID": "N214 Vavrek 2007",
    "et": "LesionAdjacentTissue",
    "off": 9852,
    "sff": "lesion"
  },
  {
    "docID": "N214 Vavrek 2007",
    "et": "LesionAdjacentTissue",
    "off": 7547,
    "sff": "lesion"
  },
  {
    "docID": "N214 Vavrek 2007",
    "et": "CentralNervousSystem",
    "off": 1716,
    "sff": "CENTRAL NERVOUS SYSTEM"
  },
  {
    "docID": "N214 Vavrek 2007",
    "et": "CentralNervousSystem",
    "off": 10041,
    "sff": "central"
  },
  {
    "docID": "N214 Vavrek 2007",
    "et": "CentralNervousSystem",
    "off": 1716,
    "sff": "CENTRAL NERVOUS"
  },
  {
    "docID": "N214 Vavrek 2007",
    "et": "Location",
    "off": 8811,
    "sff": "LOCATION"
  },
  {
    "docID": "N214 Vavrek 2007",
    "et": "Location",
    "off": 8625,
    "sff": "location"
  },
  {
    "docID": "N214 Vavrek 2007",
    "et": "SpinalCentralPart",
    "off": 1716,
    "sff": "CENTRAL"
  },
  {
    "docID": "N214 Vavrek 2007",
    "et": "SpinalCentralPart",
    "off": 10041,
    "sff": "central"
  },
  {
    "docID": "N214 Vavrek 2007",
    "et": "InjuryArea",
    "off": 15685,
    "sff": "area"
  },
  {
    "docID": "N214 Vavrek 2007",
    "et": "InjuryArea",
    "off": 12388,
    "sff": "area"
  },
  {
    "docID": "N214 Vavrek 2007",
    "et": "InjuryArea",
    "off": 6974,
    "sff": "area"
  },
  {
    "docID": "N214 Vavrek 2007",
    "et": "ShortTermCultivaton",
    "off": 3544,
    "sff": "short"
  },
  {
    "docID": "N214 Vavrek 2007",
    "et": "MedicationDuringSurgery",
    "off": 5493,
    "sff": "during"
  },
  {
    "docID": "N214 Vavrek 2007",
    "et": "SpinalCordStump",
    "off": 4809,
    "sff": "stump"
  },
  {
    "docID": "N214 Vavrek 2007",
    "et": "SpinalCordStump",
    "off": 12997,
    "sff": "stump"
  },
  {
    "docID": "N214 Vavrek 2007",
    "et": "SpinalCordStump",
    "off": 16485,
    "sff": "stump"
  },
  {
    "docID": "N214 Vavrek 2007",
    "et": "SpinalCordStump",
    "off": 2449,
    "sff": "stump"
  },
  {
    "docID": "N214 Vavrek 2007",
    "et": "Brain",
    "off": 8515,
    "sff": "brain"
  },
  {
    "docID": "N214 Vavrek 2007",
    "et": "Laminectomy",
    "off": 4605,
    "sff": "laminectomy"
  },
  {
    "docID": "N214 Vavrek 2007",
    "et": "AscendingFiberTract",
    "off": 2820,
    "sff": "fiber"
  },
  {
    "docID": "N214 Vavrek 2007",
    "et": "AscendingFiberTract",
    "off": 3700,
    "sff": "fiber"
  },
  {
    "docID": "N214 Vavrek 2007",
    "et": "Dorsal",
    "off": 11827,
    "sff": "dorsal"
  },
  {
    "docID": "N214 Vavrek 2007",
    "et": "Dorsal",
    "off": 12015,
    "sff": "dorsal"
  },
  {
    "docID": "N214 Vavrek 2007",
    "et": "Dorsal",
    "off": 7199,
    "sff": "dorsal"
  },
  {
    "docID": "N214 Vavrek 2007",
    "et": "VestibulospinalTract",
    "off": 17220,
    "sff": "vestibulospinal tract"
  },
  {
    "docID": "N214 Vavrek 2007",
    "et": "VestibulospinalTract",
    "off": 17702,
    "sff": "vestibulospinal tract"
  },
  {
    "docID": "N214 Vavrek 2007",
    "et": "VestibulospinalTract",
    "off": 17106,
    "sff": "vestibulospinal"
  },
  {
    "docID": "N214 Vavrek 2007",
    "et": "MeasurementOfIncreasingTemperature",
    "off": 10512,
    "sff": "increasing"
  },
  {
    "docID": "N214 Vavrek 2007",
    "et": "MeasurementOfIncreasingTemperature",
    "off": 14540,
    "sff": "increasing"
  },
  {
    "docID": "N214 Vavrek 2007",
    "et": "Antibody",
    "off": 7623,
    "sff": "antibody"
  },
  {
    "docID": "N214 Vavrek 2007",
    "et": "Antibody",
    "off": 8200,
    "sff": "antibody"
  },
  {
    "docID": "N214 Vavrek 2007",
    "et": "Antibody",
    "off": 7786,
    "sff": "antibody"
  },
  {
    "docID": "N214 Vavrek 2007",
    "et": "Antibody",
    "off": 8317,
    "sff": "antibody"
  },
  {
    "docID": "N214 Vavrek 2007",
    "et": "RadiofrequencyLesionDevice",
    "off": 13573,
    "sff": "lesion"
  },
  {
    "docID": "N214 Vavrek 2007",
    "et": "RadiofrequencyLesionDevice",
    "off": 1132,
    "sff": "lesion"
  },
  {
    "docID": "N214 Vavrek 2007",
    "et": "RadiofrequencyLesionDevice",
    "off": 9069,
    "sff": "lesion"
  },
  {
    "docID": "N214 Vavrek 2007",
    "et": "RadiofrequencyLesionDevice",
    "off": 10541,
    "sff": "lesion"
  },
  {
    "docID": "N214 Vavrek 2007",
    "et": "RadiofrequencyLesionDevice",
    "off": 1935,
    "sff": "lesion"
  },
  {
    "docID": "N214 Vavrek 2007",
    "et": "RadiofrequencyLesionDevice",
    "off": 14576,
    "sff": "lesion"
  },
  {
    "docID": "N214 Vavrek 2007",
    "et": "RadiofrequencyLesionDevice",
    "off": 13522,
    "sff": "lesion"
  },
  {
    "docID": "N214 Vavrek 2007",
    "et": "RadiofrequencyLesionDevice",
    "off": 16563,
    "sff": "lesion"
  },
  {
    "docID": "N214 Vavrek 2007",
    "et": "RadiofrequencyLesionDevice",
    "off": 7547,
    "sff": "lesion"
  },
  {
    "docID": "N214 Vavrek 2007",
    "et": "RadiofrequencyLesionDevice",
    "off": 9852,
    "sff": "lesion"
  },
  {
    "docID": "N214 Vavrek 2007",
    "et": "RadiofrequencyLesionDevice",
    "off": 13470,
    "sff": "lesion"
  },
  {
    "docID": "N214 Vavrek 2007",
    "et": "RadiofrequencyLesionDevice",
    "off": 14398,
    "sff": "lesion"
  },
  {
    "docID": "N214 Vavrek 2007",
    "et": "RadiofrequencyLesionDevice",
    "off": 481,
    "sff": "lesion"
  },
  {
    "docID": "N214 Vavrek 2007",
    "et": "GlialCell",
    "off": 301,
    "sff": "glial"
  },
  {
    "docID": "N214 Vavrek 2007",
    "et": "PostSurgeryCondition",
    "off": 4363,
    "sff": "surgery"
  },
  {
    "docID": "N214 Vavrek 2007",
    "et": "PostSurgeryCondition",
    "off": 5806,
    "sff": "postsurgery"
  },
  {
    "docID": "N214 Vavrek 2007",
    "et": "RatSpecies",
    "off": 16096,
    "sff": "rat"
  },
  {
    "docID": "N214 Vavrek 2007",
    "et": "RatSpecies",
    "off": 15780,
    "sff": "rat"
  },
  {
    "docID": "N214 Vavrek 2007",
    "et": "RatSpecies",
    "off": 15707,
    "sff": "rat"
  },
  {
    "docID": "N214 Vavrek 2007",
    "et": "RatSpecies",
    "off": 8120,
    "sff": "rat"
  },
  {
    "docID": "N214 Vavrek 2007",
    "et": "VertebralArea",
    "off": 4637,
    "sff": "vertebral"
  },
  {
    "docID": "N214 Vavrek 2007",
    "et": "Caudal",
    "off": 3259,
    "sff": "caudal"
  },
  {
    "docID": "N214 Vavrek 2007",
    "et": "Caudal",
    "off": 17660,
    "sff": "caudal"
  },
  {
    "docID": "N214 Vavrek 2007",
    "et": "Caudal",
    "off": 921,
    "sff": "caudal"
  },
  {
    "docID": "N214 Vavrek 2007",
    "et": "Caudal",
    "off": 1268,
    "sff": "caudal"
  },
  {
    "docID": "N214 Vavrek 2007",
    "et": "Caudal",
    "off": 2342,
    "sff": "caudal"
  },
  {
    "docID": "N214 Vavrek 2007",
    "et": "Caudal",
    "off": 3206,
    "sff": "caudal"
  },
  {
    "docID": "N214 Vavrek 2007",
    "et": "Caudal",
    "off": 7943,
    "sff": "caudal"
  },
  {
    "docID": "N214 Vavrek 2007",
    "et": "Caudal",
    "off": 1032,
    "sff": "caudal"
  },
  {
    "docID": "N214 Vavrek 2007",
    "et": "Caudal",
    "off": 6729,
    "sff": "caudal"
  },
  {
    "docID": "N214 Vavrek 2007",
    "et": "Caudal",
    "off": 13449,
    "sff": "caudal"
  },
  {
    "docID": "N214 Vavrek 2007",
    "et": "Caudal",
    "off": 6660,
    "sff": "caudal"
  },
  {
    "docID": "N214 Vavrek 2007",
    "et": "Caudal",
    "off": 13508,
    "sff": "caudal"
  },
  {
    "docID": "N214 Vavrek 2007",
    "et": "Caudal",
    "off": 16549,
    "sff": "caudal"
  },
  {
    "docID": "N214 Vavrek 2007",
    "et": "Caudal",
    "off": 12990,
    "sff": "caudal"
  },
  {
    "docID": "N214 Vavrek 2007",
    "et": "Caudal",
    "off": 16478,
    "sff": "caudal"
  },
  {
    "docID": "N214 Vavrek 2007",
    "et": "VertebralSegment",
    "off": 4637,
    "sff": "vertebral segment"
  },
  {
    "docID": "N214 Vavrek 2007",
    "et": "SchwannCell",
    "off": 2227,
    "sff": "Schwann cell"
  },
  {
    "docID": "N214 Vavrek 2007",
    "et": "SchwannCell",
    "off": 493,
    "sff": "Schwann cell"
  },
  {
    "docID": "N214 Vavrek 2007",
    "et": "DescendingFiberTract",
    "off": 18113,
    "sff": "descending"
  },
  {
    "docID": "N214 Vavrek 2007",
    "et": "DescendingFiberTract",
    "off": 2820,
    "sff": "fiber"
  },
  {
    "docID": "N214 Vavrek 2007",
    "et": "DescendingFiberTract",
    "off": 3700,
    "sff": "fiber"
  },
  {
    "docID": "N214 Vavrek 2007",
    "et": "DescendingFiberTract",
    "off": 10107,
    "sff": "descending"
  },
  {
    "docID": "N214 Vavrek 2007",
    "et": "Lumbar",
    "off": 2688,
    "sff": "lumbar"
  },
  {
    "docID": "N214 Vavrek 2007",
    "et": "Lumbar",
    "off": 16798,
    "sff": "lumbar"
  },
  {
    "docID": "N214 Vavrek 2007",
    "et": "Lumbar",
    "off": 10125,
    "sff": "lumbar"
  },
  {
    "docID": "N214 Vavrek 2007",
    "et": "Lumbar",
    "off": 664,
    "sff": "lumbar"
  },
  {
    "docID": "N214 Vavrek 2007",
    "et": "Thoracic",
    "off": 1454,
    "sff": "thoracic"
  },
  {
    "docID": "N214 Vavrek 2007",
    "et": "Thoracic",
    "off": 4624,
    "sff": "thoracic"
  },
  {
    "docID": "N214 Vavrek 2007",
    "et": "Thoracic",
    "off": 9155,
    "sff": "thoracic"
  },
  {
    "docID": "N214 Vavrek 2007",
    "et": "Thoracic",
    "off": 7510,
    "sff": "thoracic"
  },
  {
    "docID": "N214 Vavrek 2007",
    "et": "Thoracic",
    "off": 9032,
    "sff": "thoracic"
  },
  {
    "docID": "N214 Vavrek 2007",
    "et": "Thoracic",
    "off": 10649,
    "sff": "thoracic"
  },
  {
    "docID": "N214 Vavrek 2007",
    "et": "Thoracic",
    "off": 9947,
    "sff": "thoracic"
  },
  {
    "docID": "N214 Vavrek 2007",
    "et": "Thoracic",
    "off": 13083,
    "sff": "thoracic"
  },
  {
    "docID": "N214 Vavrek 2007",
    "et": "VertebralLocation",
    "off": 4637,
    "sff": "vertebral"
  },
  {
    "docID": "N214 Vavrek 2007",
    "et": "LightSource",
    "off": 8603,
    "sff": "light"
  },
  {
    "docID": "N214 Vavrek 2007",
    "et": "LightSource",
    "off": 7032,
    "sff": "light"
  },
  {
    "docID": "N214 Vavrek 2007",
    "et": "Seikagaku",
    "off": 5237,
    "sff": "Seikagaku"
  },
  {
    "docID": "N214 Vavrek 2007",
    "et": "StemCellSourceType",
    "off": 14369,
    "sff": "cell"
  },
  {
    "docID": "N214 Vavrek 2007",
    "et": "StemCellSourceType",
    "off": 14513,
    "sff": "cell"
  },
  {
    "docID": "N214 Vavrek 2007",
    "et": "StemCellSourceType",
    "off": 9806,
    "sff": "cell"
  },
  {
    "docID": "N214 Vavrek 2007",
    "et": "StemCellSourceType",
    "off": 8463,
    "sff": "cell"
  },
  {
    "docID": "N214 Vavrek 2007",
    "et": "StemCellSourceType",
    "off": 10175,
    "sff": "cell"
  },
  {
    "docID": "N214 Vavrek 2007",
    "et": "StemCellSourceType",
    "off": 1421,
    "sff": "Cell"
  },
  {
    "docID": "N214 Vavrek 2007",
    "et": "StemCellSourceType",
    "off": 9928,
    "sff": "cell"
  },
  {
    "docID": "N214 Vavrek 2007",
    "et": "StemCellSourceType",
    "off": 10346,
    "sff": "cell"
  },
  {
    "docID": "N214 Vavrek 2007",
    "et": "StemCellSourceType",
    "off": 2235,
    "sff": "cell"
  },
  {
    "docID": "N214 Vavrek 2007",
    "et": "StemCellSourceType",
    "off": 501,
    "sff": "cell"
  },
  {
    "docID": "N214 Vavrek 2007",
    "et": "StemCellSourceType",
    "off": 1575,
    "sff": "cell"
  },
  {
    "docID": "N214 Vavrek 2007",
    "et": "StemCellSourceType",
    "off": 10007,
    "sff": "cell"
  },
  {
    "docID": "N214 Vavrek 2007",
    "et": "SerotonergicFibers",
    "off": 16770,
    "sff": "serotonergic"
  },
  {
    "docID": "N214 Vavrek 2007",
    "et": "SerotonergicFibers",
    "off": 16414,
    "sff": "serotonergic fibers"
  },
  {
    "docID": "N214 Vavrek 2007",
    "et": "SerotonergicFibers",
    "off": 2659,
    "sff": "serotonergic fibers"
  },
  {
    "docID": "N214 Vavrek 2007",
    "et": "SerotonergicFibers",
    "off": 2774,
    "sff": "serotonergic fibers"
  },
  {
    "docID": "N214 Vavrek 2007",
    "et": "SerotonergicFibers",
    "off": 17001,
    "sff": "serotonergic fibers"
  },
  {
    "docID": "N214 Vavrek 2007",
    "et": "SerotonergicFibers",
    "off": 13384,
    "sff": "serotonergic fibers"
  },
  {
    "docID": "N214 Vavrek 2007",
    "et": "SerotonergicFibers",
    "off": 635,
    "sff": "serotonergic fibers"
  },
  {
    "docID": "N214 Vavrek 2007",
    "et": "SerotonergicFibers",
    "off": 869,
    "sff": "serotonergic"
  },
  {
    "docID": "N214 Vavrek 2007",
    "et": "VentralInjuryArea",
    "off": 7206,
    "sff": "ventral"
  },
  {
    "docID": "N214 Vavrek 2007",
    "et": "VentralInjuryArea",
    "off": 11763,
    "sff": "ventral"
  },
  {
    "docID": "N214 Vavrek 2007",
    "et": "VentralInjuryArea",
    "off": 12063,
    "sff": "ventral"
  },
  {
    "docID": "N214 Vavrek 2007",
    "et": "FischerRat",
    "off": 3750,
    "sff": "Fischer"
  },
  {
    "docID": "N214 Vavrek 2007",
    "et": "FischerRat",
    "off": 3605,
    "sff": "Fischer"
  },
  {
    "docID": "N214 Vavrek 2007",
    "et": "FischerRat",
    "off": 3373,
    "sff": "Fischer"
  },
  {
    "docID": "N214 Vavrek 2007",
    "et": "Bilateral",
    "off": 5878,
    "sff": "bilateral"
  },
  {
    "docID": "N214 Vavrek 2007",
    "et": "AllenWeightDropDevice",
    "off": 6387,
    "sff": "weight"
  },
  {
    "docID": "N214 Vavrek 2007",
    "et": "Cell",
    "off": 501,
    "sff": "cell"
  },
  {
    "docID": "N214 Vavrek 2007",
    "et": "Cell",
    "off": 8463,
    "sff": "cell"
  },
  {
    "docID": "N214 Vavrek 2007",
    "et": "Cell",
    "off": 10175,
    "sff": "cell"
  },
  {
    "docID": "N214 Vavrek 2007",
    "et": "Cell",
    "off": 9806,
    "sff": "cell"
  },
  {
    "docID": "N214 Vavrek 2007",
    "et": "Cell",
    "off": 1421,
    "sff": "Cell"
  },
  {
    "docID": "N214 Vavrek 2007",
    "et": "Cell",
    "off": 14369,
    "sff": "cell"
  },
  {
    "docID": "N214 Vavrek 2007",
    "et": "Cell",
    "off": 14513,
    "sff": "cell"
  },
  {
    "docID": "N214 Vavrek 2007",
    "et": "Cell",
    "off": 2235,
    "sff": "cell"
  },
  {
    "docID": "N214 Vavrek 2007",
    "et": "Cell",
    "off": 10346,
    "sff": "cell"
  },
  {
    "docID": "N214 Vavrek 2007",
    "et": "Cell",
    "off": 1575,
    "sff": "cell"
  },
  {
    "docID": "N214 Vavrek 2007",
    "et": "Cell",
    "off": 10007,
    "sff": "cell"
  },
  {
    "docID": "N214 Vavrek 2007",
    "et": "Cell",
    "off": 9928,
    "sff": "cell"
  },
  {
    "docID": "N214 Vavrek 2007",
    "et": "Labeling",
    "off": 13740,
    "sff": "labeling"
  },
  {
    "docID": "N214 Vavrek 2007",
    "et": "Labeling",
    "off": 12179,
    "sff": "Labeling"
  },
  {
    "docID": "N214 Vavrek 2007",
    "et": "SpinalDorsalHalf",
    "off": 11827,
    "sff": "dorsal"
  },
  {
    "docID": "N214 Vavrek 2007",
    "et": "SpinalDorsalHalf",
    "off": 7199,
    "sff": "dorsal"
  },
  {
    "docID": "N214 Vavrek 2007",
    "et": "SpinalDorsalHalf",
    "off": 12015,
    "sff": "dorsal"
  },
  {
    "docID": "N214 Vavrek 2007",
    "et": "Lateral",
    "off": 11870,
    "sff": "lateral"
  },
  {
    "docID": "N214 Vavrek 2007",
    "et": "Lateral",
    "off": 11055,
    "sff": "lateral"
  },
  {
    "docID": "N214 Vavrek 2007",
    "et": "Lateral",
    "off": 9586,
    "sff": "lateral"
  },
  {
    "docID": "N214 Vavrek 2007",
    "et": "Lateral",
    "off": 11783,
    "sff": "lateral"
  },
  {
    "docID": "N214 Vavrek 2007",
    "et": "Lateral",
    "off": 6169,
    "sff": "lateral"
  },
  {
    "docID": "N214 Vavrek 2007",
    "et": "Lateral",
    "off": 1483,
    "sff": "lateral"
  },
  {
    "docID": "N214 Vavrek 2007",
    "et": "Isoflurane",
    "off": 5694,
    "sff": "isoflurane"
  },
  {
    "docID": "N214 Vavrek 2007",
    "et": "Cervical",
    "off": 10733,
    "sff": "cervical"
  },
  {
    "docID": "N214 Vavrek 2007",
    "et": "Cervical",
    "off": 9172,
    "sff": "cervical"
  },
  {
    "docID": "N214 Vavrek 2007",
    "et": "CompleteTransectionType",
    "off": 5746,
    "sff": "transection"
  },
  {
    "docID": "N214 Vavrek 2007",
    "et": "CompleteTransectionType",
    "off": 13461,
    "sff": "complete"
  },
  {
    "docID": "N214 Vavrek 2007",
    "et": "CompleteTransectionType",
    "off": 102,
    "sff": "Transection"
  },
  {
    "docID": "N214 Vavrek 2007",
    "et": "CompleteTransectionType",
    "off": 429,
    "sff": "complete"
  },
  {
    "docID": "N214 Vavrek 2007",
    "et": "CompleteTransectionType",
    "off": 1044,
    "sff": "complete transection"
  },
  {
    "docID": "N214 Vavrek 2007",
    "et": "CompleteTransectionType",
    "off": 13691,
    "sff": "transection"
  },
  {
    "docID": "N214 Vavrek 2007",
    "et": "BodyTemperatureMeasurement",
    "off": 14374,
    "sff": "body"
  },
  {
    "docID": "N214 Vavrek 2007",
    "et": "BodyTemperatureMeasurement",
    "off": 6382,
    "sff": "body"
  },
  {
    "docID": "N214 Vavrek 2007",
    "et": "PartialTransectionType",
    "off": 13691,
    "sff": "transection"
  },
  {
    "docID": "N214 Vavrek 2007",
    "et": "PartialTransectionType",
    "off": 1053,
    "sff": "transection"
  },
  {
    "docID": "N214 Vavrek 2007",
    "et": "PartialTransectionType",
    "off": 5746,
    "sff": "transection"
  },
  {
    "docID": "N214 Vavrek 2007",
    "et": "PartialTransectionType",
    "off": 102,
    "sff": "Transection"
  },
  {
    "docID": "N214 Vavrek 2007",
    "et": "BrainDerivedNeurotrophicFactor",
    "off": 8515,
    "sff": "brain"
  },
  {
    "docID": "N214 Vavrek 2007",
    "et": "VentralHemisection",
    "off": 12063,
    "sff": "ventral"
  },
  {
    "docID": "N214 Vavrek 2007",
    "et": "VentralHemisection",
    "off": 7206,
    "sff": "ventral"
  },
  {
    "docID": "N214 Vavrek 2007",
    "et": "VentralHemisection",
    "off": 11763,
    "sff": "ventral"
  },
  {
    "docID": "N214 Vavrek 2007",
    "et": "CompleteInjuryArea",
    "off": 429,
    "sff": "complete"
  },
  {
    "docID": "N214 Vavrek 2007",
    "et": "CompleteInjuryArea",
    "off": 13461,
    "sff": "complete"
  },
  {
    "docID": "N214 Vavrek 2007",
    "et": "CompleteInjuryArea",
    "off": 1044,
    "sff": "complete"
  }
]
