[
  {
    "docID": "N215 Verdu 2001",
    "et": "BrainNucleus",
    "off": 14111,
    "sff": "brain"
  },
  {
    "docID": "N215 Verdu 2001",
    "et": "CompleteTransection",
    "off": 20292,
    "sff": "complete"
  },
  {
    "docID": "N215 Verdu 2001",
    "et": "CompleteTransection",
    "off": 16551,
    "sff": "complete"
  },
  {
    "docID": "N215 Verdu 2001",
    "et": "Ethanol",
    "off": 7762,
    "sff": "ethanol"
  },
  {
    "docID": "N215 Verdu 2001",
    "et": "OlfactoryEnsheathingGliaCell",
    "off": 12,
    "sff": "ensheathing"
  },
  {
    "docID": "N215 Verdu 2001",
    "et": "OlfactoryEnsheathingGliaCell",
    "off": 10129,
    "sff": "ensheathing"
  },
  {
    "docID": "N215 Verdu 2001",
    "et": "OlfactoryEnsheathingGliaCell",
    "off": 2017,
    "sff": "olfactory ensheathing"
  },
  {
    "docID": "N215 Verdu 2001",
    "et": "OlfactoryEnsheathingGliaCell",
    "off": 259,
    "sff": "olfactory ensheathing"
  },
  {
    "docID": "N215 Verdu 2001",
    "et": "DorsalInjuryArea",
    "off": 11962,
    "sff": "dorsal"
  },
  {
    "docID": "N215 Verdu 2001",
    "et": "DorsalInjuryArea",
    "off": 13353,
    "sff": "dorsal"
  },
  {
    "docID": "N215 Verdu 2001",
    "et": "DorsalInjuryArea",
    "off": 16297,
    "sff": "dorsal"
  },
  {
    "docID": "N215 Verdu 2001",
    "et": "DorsalInjuryArea",
    "off": 13448,
    "sff": "dorsal"
  },
  {
    "docID": "N215 Verdu 2001",
    "et": "DorsalInjuryArea",
    "off": 4402,
    "sff": "dorsal"
  },
  {
    "docID": "N215 Verdu 2001",
    "et": "DorsalInjuryArea",
    "off": 10210,
    "sff": "dorsal"
  },
  {
    "docID": "N215 Verdu 2001",
    "et": "DorsalInjuryArea",
    "off": 11778,
    "sff": "dorsal"
  },
  {
    "docID": "N215 Verdu 2001",
    "et": "DorsalInjuryArea",
    "off": 13106,
    "sff": "dorsal"
  },
  {
    "docID": "N215 Verdu 2001",
    "et": "DorsalInjuryArea",
    "off": 11809,
    "sff": "dorsal"
  },
  {
    "docID": "N215 Verdu 2001",
    "et": "DorsalInjuryArea",
    "off": 12721,
    "sff": "dorsal"
  },
  {
    "docID": "N215 Verdu 2001",
    "et": "DorsalInjuryArea",
    "off": 11344,
    "sff": "dorsal"
  },
  {
    "docID": "N215 Verdu 2001",
    "et": "DorsalInjuryArea",
    "off": 11600,
    "sff": "dorsal"
  },
  {
    "docID": "N215 Verdu 2001",
    "et": "MouseSpecies",
    "off": 7433,
    "sff": "mouse"
  },
  {
    "docID": "N215 Verdu 2001",
    "et": "NOGOReceptorAntagonist",
    "off": 20972,
    "sff": "receptor"
  },
  {
    "docID": "N215 Verdu 2001",
    "et": "CentralCanal",
    "off": 13405,
    "sff": "central canal"
  },
  {
    "docID": "N215 Verdu 2001",
    "et": "CentralCanal",
    "off": 10259,
    "sff": "central canal"
  },
  {
    "docID": "N215 Verdu 2001",
    "et": "CentralCanal",
    "off": 11632,
    "sff": "central canal"
  },
  {
    "docID": "N215 Verdu 2001",
    "et": "DorsalHemisection",
    "off": 13353,
    "sff": "dorsal"
  },
  {
    "docID": "N215 Verdu 2001",
    "et": "DorsalHemisection",
    "off": 16297,
    "sff": "dorsal"
  },
  {
    "docID": "N215 Verdu 2001",
    "et": "DorsalHemisection",
    "off": 13448,
    "sff": "dorsal"
  },
  {
    "docID": "N215 Verdu 2001",
    "et": "DorsalHemisection",
    "off": 11962,
    "sff": "dorsal"
  },
  {
    "docID": "N215 Verdu 2001",
    "et": "DorsalHemisection",
    "off": 11809,
    "sff": "dorsal"
  },
  {
    "docID": "N215 Verdu 2001",
    "et": "DorsalHemisection",
    "off": 12721,
    "sff": "dorsal"
  },
  {
    "docID": "N215 Verdu 2001",
    "et": "DorsalHemisection",
    "off": 11344,
    "sff": "dorsal"
  },
  {
    "docID": "N215 Verdu 2001",
    "et": "DorsalHemisection",
    "off": 11600,
    "sff": "dorsal"
  },
  {
    "docID": "N215 Verdu 2001",
    "et": "DorsalHemisection",
    "off": 4402,
    "sff": "dorsal"
  },
  {
    "docID": "N215 Verdu 2001",
    "et": "DorsalHemisection",
    "off": 10210,
    "sff": "dorsal"
  },
  {
    "docID": "N215 Verdu 2001",
    "et": "DorsalHemisection",
    "off": 11778,
    "sff": "dorsal"
  },
  {
    "docID": "N215 Verdu 2001",
    "et": "DorsalHemisection",
    "off": 13106,
    "sff": "dorsal"
  },
  {
    "docID": "N215 Verdu 2001",
    "et": "TyrosineHydroxylase",
    "off": 21279,
    "sff": "tyrosine"
  },
  {
    "docID": "N215 Verdu 2001",
    "et": "SpinalVentralHalf",
    "off": 13459,
    "sff": "ventral"
  },
  {
    "docID": "N215 Verdu 2001",
    "et": "SpinalVentralHalf",
    "off": 13117,
    "sff": "ventral"
  },
  {
    "docID": "N215 Verdu 2001",
    "et": "SpinalVentralHalf",
    "off": 12732,
    "sff": "ventral"
  },
  {
    "docID": "N215 Verdu 2001",
    "et": "RabbitSpecies",
    "off": 7330,
    "sff": "rabbit"
  },
  {
    "docID": "N215 Verdu 2001",
    "et": "Rostral",
    "off": 17669,
    "sff": "rostral"
  },
  {
    "docID": "N215 Verdu 2001",
    "et": "Rostral",
    "off": 9616,
    "sff": "rostral"
  },
  {
    "docID": "N215 Verdu 2001",
    "et": "Rostral",
    "off": 13197,
    "sff": "rostral"
  },
  {
    "docID": "N215 Verdu 2001",
    "et": "Rostral",
    "off": 13581,
    "sff": "rostral"
  },
  {
    "docID": "N215 Verdu 2001",
    "et": "DorsalColumn",
    "off": 4402,
    "sff": "dorsal"
  },
  {
    "docID": "N215 Verdu 2001",
    "et": "DorsalColumn",
    "off": 10210,
    "sff": "dorsal"
  },
  {
    "docID": "N215 Verdu 2001",
    "et": "DorsalColumn",
    "off": 11778,
    "sff": "dorsal"
  },
  {
    "docID": "N215 Verdu 2001",
    "et": "DorsalColumn",
    "off": 13106,
    "sff": "dorsal"
  },
  {
    "docID": "N215 Verdu 2001",
    "et": "DorsalColumn",
    "off": 11809,
    "sff": "dorsal"
  },
  {
    "docID": "N215 Verdu 2001",
    "et": "DorsalColumn",
    "off": 12721,
    "sff": "dorsal"
  },
  {
    "docID": "N215 Verdu 2001",
    "et": "DorsalColumn",
    "off": 11344,
    "sff": "dorsal"
  },
  {
    "docID": "N215 Verdu 2001",
    "et": "DorsalColumn",
    "off": 11600,
    "sff": "dorsal"
  },
  {
    "docID": "N215 Verdu 2001",
    "et": "DorsalColumn",
    "off": 11962,
    "sff": "dorsal"
  },
  {
    "docID": "N215 Verdu 2001",
    "et": "DorsalColumn",
    "off": 13353,
    "sff": "dorsal"
  },
  {
    "docID": "N215 Verdu 2001",
    "et": "DorsalColumn",
    "off": 16297,
    "sff": "dorsal"
  },
  {
    "docID": "N215 Verdu 2001",
    "et": "DorsalColumn",
    "off": 13448,
    "sff": "dorsal"
  },
  {
    "docID": "N215 Verdu 2001",
    "et": "SpragueDawleyRat",
    "off": 4130,
    "sff": "Sprague±Dawley"
  },
  {
    "docID": "N215 Verdu 2001",
    "et": "SpragueDawleyRat",
    "off": 4130,
    "sff": "Sprague±Dawley rats"
  },
  {
    "docID": "N215 Verdu 2001",
    "et": "CellDeathInduction",
    "off": 2839,
    "sff": "cell"
  },
  {
    "docID": "N215 Verdu 2001",
    "et": "CellDeathInduction",
    "off": 5111,
    "sff": "cell"
  },
  {
    "docID": "N215 Verdu 2001",
    "et": "CellDeathInduction",
    "off": 3768,
    "sff": "cell"
  },
  {
    "docID": "N215 Verdu 2001",
    "et": "CellDeathInduction",
    "off": 8669,
    "sff": "cell"
  },
  {
    "docID": "N215 Verdu 2001",
    "et": "CellDeathInduction",
    "off": 3888,
    "sff": "cell"
  },
  {
    "docID": "N215 Verdu 2001",
    "et": "CellDeathInduction",
    "off": 14480,
    "sff": "cell"
  },
  {
    "docID": "N215 Verdu 2001",
    "et": "CellDeathInduction",
    "off": 18544,
    "sff": "cell"
  },
  {
    "docID": "N215 Verdu 2001",
    "et": "CellDeathInduction",
    "off": 1890,
    "sff": "cell"
  },
  {
    "docID": "N215 Verdu 2001",
    "et": "CellDeathInduction",
    "off": 18402,
    "sff": "cell"
  },
  {
    "docID": "N215 Verdu 2001",
    "et": "CellDeathInduction",
    "off": 12899,
    "sff": "cell"
  },
  {
    "docID": "N215 Verdu 2001",
    "et": "CellDeathInduction",
    "off": 20883,
    "sff": "cell"
  },
  {
    "docID": "N215 Verdu 2001",
    "et": "LaminectomyType",
    "off": 4409,
    "sff": "laminectomy"
  },
  {
    "docID": "N215 Verdu 2001",
    "et": "Tissue",
    "off": 14679,
    "sff": "tissue"
  },
  {
    "docID": "N215 Verdu 2001",
    "et": "Tissue",
    "off": 19015,
    "sff": "tissue"
  },
  {
    "docID": "N215 Verdu 2001",
    "et": "Tissue",
    "off": 2601,
    "sff": "tissue"
  },
  {
    "docID": "N215 Verdu 2001",
    "et": "Tissue",
    "off": 18079,
    "sff": "tissue"
  },
  {
    "docID": "N215 Verdu 2001",
    "et": "Tissue",
    "off": 18673,
    "sff": "tissue"
  },
  {
    "docID": "N215 Verdu 2001",
    "et": "Tissue",
    "off": 14640,
    "sff": "tissue"
  },
  {
    "docID": "N215 Verdu 2001",
    "et": "InjectionDelivery",
    "off": 4992,
    "sff": "injection"
  },
  {
    "docID": "N215 Verdu 2001",
    "et": "InjectionDelivery",
    "off": 15512,
    "sff": "injection"
  },
  {
    "docID": "N215 Verdu 2001",
    "et": "SpinalLesionSite",
    "off": 17845,
    "sff": "lesion site"
  },
  {
    "docID": "N215 Verdu 2001",
    "et": "SpinalLesionSite",
    "off": 8289,
    "sff": "lesion"
  },
  {
    "docID": "N215 Verdu 2001",
    "et": "SpinalLesionSite",
    "off": 416,
    "sff": "lesion"
  },
  {
    "docID": "N215 Verdu 2001",
    "et": "SpinalLesionSite",
    "off": 17367,
    "sff": "lesion"
  },
  {
    "docID": "N215 Verdu 2001",
    "et": "SpinalLesionSite",
    "off": 14512,
    "sff": "lesion site"
  },
  {
    "docID": "N215 Verdu 2001",
    "et": "SpinalLesionSite",
    "off": 17881,
    "sff": "lesion"
  },
  {
    "docID": "N215 Verdu 2001",
    "et": "SpinalLesionSite",
    "off": 13138,
    "sff": "lesion site"
  },
  {
    "docID": "N215 Verdu 2001",
    "et": "SpinalLesionSite",
    "off": 15314,
    "sff": "lesion"
  },
  {
    "docID": "N215 Verdu 2001",
    "et": "SpinalLesionSite",
    "off": 17426,
    "sff": "lesion"
  },
  {
    "docID": "N215 Verdu 2001",
    "et": "SpinalLesionSite",
    "off": 742,
    "sff": "lesion site"
  },
  {
    "docID": "N215 Verdu 2001",
    "et": "SpinalLesionSite",
    "off": 18894,
    "sff": "lesion"
  },
  {
    "docID": "N215 Verdu 2001",
    "et": "SpinalLesionSite",
    "off": 8203,
    "sff": "lesion"
  },
  {
    "docID": "N215 Verdu 2001",
    "et": "SpinalLesionSite",
    "off": 10347,
    "sff": "lesion"
  },
  {
    "docID": "N215 Verdu 2001",
    "et": "SpinalLesionSite",
    "off": 14925,
    "sff": "lesion"
  },
  {
    "docID": "N215 Verdu 2001",
    "et": "SpinalLesionSite",
    "off": 15148,
    "sff": "lesion"
  },
  {
    "docID": "N215 Verdu 2001",
    "et": "SpinalLesionSite",
    "off": 20008,
    "sff": "lesion"
  },
  {
    "docID": "N215 Verdu 2001",
    "et": "Weight",
    "off": 4151,
    "sff": "250-300 g"
  },
  {
    "docID": "N215 Verdu 2001",
    "et": "T8",
    "off": 15543,
    "sff": "T8"
  },
  {
    "docID": "N215 Verdu 2001",
    "et": "T9",
    "off": 10061,
    "sff": "T9"
  },
  {
    "docID": "N215 Verdu 2001",
    "et": "T9",
    "off": 11562,
    "sff": "T9"
  },
  {
    "docID": "N215 Verdu 2001",
    "et": "T9",
    "off": 12187,
    "sff": "T9"
  },
  {
    "docID": "N215 Verdu 2001",
    "et": "T9",
    "off": 21691,
    "sff": "T9"
  },
  {
    "docID": "N215 Verdu 2001",
    "et": "T9",
    "off": 9633,
    "sff": "T9"
  },
  {
    "docID": "N215 Verdu 2001",
    "et": "T9",
    "off": 6942,
    "sff": "T9"
  },
  {
    "docID": "N215 Verdu 2001",
    "et": "T9",
    "off": 12431,
    "sff": "T9"
  },
  {
    "docID": "N215 Verdu 2001",
    "et": "T9",
    "off": 952,
    "sff": "T9"
  },
  {
    "docID": "N215 Verdu 2001",
    "et": "T9",
    "off": 11913,
    "sff": "T9"
  },
  {
    "docID": "N215 Verdu 2001",
    "et": "T9",
    "off": 13206,
    "sff": "T9"
  },
  {
    "docID": "N215 Verdu 2001",
    "et": "T9",
    "off": 775,
    "sff": "T9"
  },
  {
    "docID": "N215 Verdu 2001",
    "et": "AnimalCareCondition",
    "off": 8951,
    "sff": "care"
  },
  {
    "docID": "N215 Verdu 2001",
    "et": "MotorNeurons",
    "off": 16160,
    "sff": "motor"
  },
  {
    "docID": "N215 Verdu 2001",
    "et": "Contusion",
    "off": 16538,
    "sff": "contusion"
  },
  {
    "docID": "N215 Verdu 2001",
    "et": "Saline",
    "off": 4669,
    "sff": "saline"
  },
  {
    "docID": "N215 Verdu 2001",
    "et": "Saline",
    "off": 4550,
    "sff": "saline"
  },
  {
    "docID": "N215 Verdu 2001",
    "et": "Saline",
    "off": 6802,
    "sff": "saline"
  },
  {
    "docID": "N215 Verdu 2001",
    "et": "LongTermCultivation",
    "off": 12573,
    "sff": "long"
  },
  {
    "docID": "N215 Verdu 2001",
    "et": "LongTermCultivation",
    "off": 20505,
    "sff": "term"
  },
  {
    "docID": "N215 Verdu 2001",
    "et": "LongTermCultivation",
    "off": 21455,
    "sff": "long"
  },
  {
    "docID": "N215 Verdu 2001",
    "et": "LongTermCultivation",
    "off": 1055,
    "sff": "long"
  },
  {
    "docID": "N215 Verdu 2001",
    "et": "LongTermCultivation",
    "off": 3408,
    "sff": "long"
  },
  {
    "docID": "N215 Verdu 2001",
    "et": "Dosage",
    "off": 4542,
    "sff": "1.5%"
  },
  {
    "docID": "N215 Verdu 2001",
    "et": "Dosage",
    "off": 7224,
    "sff": "0.3%"
  },
  {
    "docID": "N215 Verdu 2001",
    "et": "Dosage",
    "off": 16072,
    "sff": "75%"
  },
  {
    "docID": "N215 Verdu 2001",
    "et": "Dosage",
    "off": 4207,
    "sff": "50 mg/kg"
  },
  {
    "docID": "N215 Verdu 2001",
    "et": "Dosage",
    "off": 7067,
    "sff": "20%"
  },
  {
    "docID": "N215 Verdu 2001",
    "et": "Dosage",
    "off": 15476,
    "sff": "40 mg/kg"
  },
  {
    "docID": "N215 Verdu 2001",
    "et": "Dosage",
    "off": 5563,
    "sff": "150 µg/ ml"
  },
  {
    "docID": "N215 Verdu 2001",
    "et": "Dosage",
    "off": 5037,
    "sff": "3 µl"
  },
  {
    "docID": "N215 Verdu 2001",
    "et": "Dosage",
    "off": 4155,
    "sff": "300 g"
  },
  {
    "docID": "N215 Verdu 2001",
    "et": "Dosage",
    "off": 6760,
    "sff": "4%"
  },
  {
    "docID": "N215 Verdu 2001",
    "et": "Dosage",
    "off": 7254,
    "sff": "1%"
  },
  {
    "docID": "N215 Verdu 2001",
    "et": "Dosage",
    "off": 4750,
    "sff": "10mm"
  },
  {
    "docID": "N215 Verdu 2001",
    "et": "VeinLocation",
    "off": 15418,
    "sff": "vein"
  },
  {
    "docID": "N215 Verdu 2001",
    "et": "FemoralVeinLocation",
    "off": 15418,
    "sff": "vein"
  },
  {
    "docID": "N215 Verdu 2001",
    "et": "Ventral",
    "off": 13117,
    "sff": "ventral"
  },
  {
    "docID": "N215 Verdu 2001",
    "et": "Ventral",
    "off": 12732,
    "sff": "ventral"
  },
  {
    "docID": "N215 Verdu 2001",
    "et": "Ventral",
    "off": 13459,
    "sff": "ventral"
  },
  {
    "docID": "N215 Verdu 2001",
    "et": "PBS",
    "off": 7052,
    "sff": "PBS"
  },
  {
    "docID": "N215 Verdu 2001",
    "et": "PBS",
    "off": 6810,
    "sff": "PBS"
  },
  {
    "docID": "N215 Verdu 2001",
    "et": "PBS",
    "off": 7215,
    "sff": "PBS"
  },
  {
    "docID": "N215 Verdu 2001",
    "et": "Proliferation",
    "off": 1712,
    "sff": "proliferation"
  },
  {
    "docID": "N215 Verdu 2001",
    "et": "Duration",
    "off": 6893,
    "sff": "24 h"
  },
  {
    "docID": "N215 Verdu 2001",
    "et": "Duration",
    "off": 7024,
    "sff": "24 h"
  },
  {
    "docID": "N215 Verdu 2001",
    "et": "Duration",
    "off": 13844,
    "sff": "15 days"
  },
  {
    "docID": "N215 Verdu 2001",
    "et": "Duration",
    "off": 15680,
    "sff": "5 min"
  },
  {
    "docID": "N215 Verdu 2001",
    "et": "Duration",
    "off": 7307,
    "sff": "1 h"
  },
  {
    "docID": "N215 Verdu 2001",
    "et": "Duration",
    "off": 15165,
    "sff": "5 days [10"
  },
  {
    "docID": "N215 Verdu 2001",
    "et": "Duration",
    "off": 15430,
    "sff": "5 min"
  },
  {
    "docID": "N215 Verdu 2001",
    "et": "Duration",
    "off": 8634,
    "sff": "4D"
  },
  {
    "docID": "N215 Verdu 2001",
    "et": "Duration",
    "off": 16700,
    "sff": "7 days and 6 weeks"
  },
  {
    "docID": "N215 Verdu 2001",
    "et": "Duration",
    "off": 5860,
    "sff": "15 min"
  },
  {
    "docID": "N215 Verdu 2001",
    "et": "Duration",
    "off": 14607,
    "sff": "1 h"
  },
  {
    "docID": "N215 Verdu 2001",
    "et": "Duration",
    "off": 14631,
    "sff": "48 h"
  },
  {
    "docID": "N215 Verdu 2001",
    "et": "Duration",
    "off": 4100,
    "sff": "2 h"
  },
  {
    "docID": "N215 Verdu 2001",
    "et": "Duration",
    "off": 14313,
    "sff": "48 h"
  },
  {
    "docID": "N215 Verdu 2001",
    "et": "Duration",
    "off": 5689,
    "sff": "15 days"
  },
  {
    "docID": "N215 Verdu 2001",
    "et": "Duration",
    "off": 16682,
    "sff": "3±7 days"
  },
  {
    "docID": "N215 Verdu 2001",
    "et": "Duration",
    "off": 17257,
    "sff": "2 weeks"
  },
  {
    "docID": "N215 Verdu 2001",
    "et": "Duration",
    "off": 3685,
    "sff": "2.5 months"
  },
  {
    "docID": "N215 Verdu 2001",
    "et": "Duration",
    "off": 6815,
    "sff": "0.1 M"
  },
  {
    "docID": "N215 Verdu 2001",
    "et": "Duration",
    "off": 4848,
    "sff": "150W"
  },
  {
    "docID": "N215 Verdu 2001",
    "et": "Duration",
    "off": 514,
    "sff": "15 days"
  },
  {
    "docID": "N215 Verdu 2001",
    "et": "Duration",
    "off": 15105,
    "sff": "2 days"
  },
  {
    "docID": "N215 Verdu 2001",
    "et": "Duration",
    "off": 17392,
    "sff": "2 and 6 months"
  },
  {
    "docID": "N215 Verdu 2001",
    "et": "Duration",
    "off": 2944,
    "sff": "14 days"
  },
  {
    "docID": "N215 Verdu 2001",
    "et": "Duration",
    "off": 2749,
    "sff": "14 days"
  },
  {
    "docID": "N215 Verdu 2001",
    "et": "Duration",
    "off": 20137,
    "sff": "3 weeks"
  },
  {
    "docID": "N215 Verdu 2001",
    "et": "Duration",
    "off": 16079,
    "sff": "1 week"
  },
  {
    "docID": "N215 Verdu 2001",
    "et": "Duration",
    "off": 4617,
    "sff": "10 min"
  },
  {
    "docID": "N215 Verdu 2001",
    "et": "Duration",
    "off": 17145,
    "sff": "2 days"
  },
  {
    "docID": "N215 Verdu 2001",
    "et": "Duration",
    "off": 2801,
    "sff": "17 months"
  },
  {
    "docID": "N215 Verdu 2001",
    "et": "Duration",
    "off": 7488,
    "sff": "48 h"
  },
  {
    "docID": "N215 Verdu 2001",
    "et": "Duration",
    "off": 17307,
    "sff": "56 days"
  },
  {
    "docID": "N215 Verdu 2001",
    "et": "Duration",
    "off": 11985,
    "sff": "1d"
  },
  {
    "docID": "N215 Verdu 2001",
    "et": "Duration",
    "off": 3965,
    "sff": "7 min"
  },
  {
    "docID": "N215 Verdu 2001",
    "et": "Duration",
    "off": 14752,
    "sff": "24 h"
  },
  {
    "docID": "N215 Verdu 2001",
    "et": "Duration",
    "off": 14831,
    "sff": "14 days"
  },
  {
    "docID": "N215 Verdu 2001",
    "et": "Duration",
    "off": 17731,
    "sff": "2 weeks"
  },
  {
    "docID": "N215 Verdu 2001",
    "et": "Duration",
    "off": 4950,
    "sff": "5 min"
  },
  {
    "docID": "N215 Verdu 2001",
    "et": "LesionAdjacentTissue",
    "off": 17367,
    "sff": "lesion"
  },
  {
    "docID": "N215 Verdu 2001",
    "et": "LesionAdjacentTissue",
    "off": 17845,
    "sff": "lesion"
  },
  {
    "docID": "N215 Verdu 2001",
    "et": "LesionAdjacentTissue",
    "off": 13138,
    "sff": "lesion"
  },
  {
    "docID": "N215 Verdu 2001",
    "et": "LesionAdjacentTissue",
    "off": 15314,
    "sff": "lesion"
  },
  {
    "docID": "N215 Verdu 2001",
    "et": "LesionAdjacentTissue",
    "off": 17426,
    "sff": "lesion"
  },
  {
    "docID": "N215 Verdu 2001",
    "et": "LesionAdjacentTissue",
    "off": 14512,
    "sff": "lesion"
  },
  {
    "docID": "N215 Verdu 2001",
    "et": "LesionAdjacentTissue",
    "off": 18894,
    "sff": "lesion"
  },
  {
    "docID": "N215 Verdu 2001",
    "et": "LesionAdjacentTissue",
    "off": 14925,
    "sff": "lesion"
  },
  {
    "docID": "N215 Verdu 2001",
    "et": "LesionAdjacentTissue",
    "off": 15148,
    "sff": "lesion"
  },
  {
    "docID": "N215 Verdu 2001",
    "et": "LesionAdjacentTissue",
    "off": 8203,
    "sff": "lesion"
  },
  {
    "docID": "N215 Verdu 2001",
    "et": "LesionAdjacentTissue",
    "off": 10347,
    "sff": "lesion"
  },
  {
    "docID": "N215 Verdu 2001",
    "et": "LesionAdjacentTissue",
    "off": 20008,
    "sff": "lesion"
  },
  {
    "docID": "N215 Verdu 2001",
    "et": "LesionAdjacentTissue",
    "off": 742,
    "sff": "lesion"
  },
  {
    "docID": "N215 Verdu 2001",
    "et": "LesionAdjacentTissue",
    "off": 8289,
    "sff": "lesion"
  },
  {
    "docID": "N215 Verdu 2001",
    "et": "LesionAdjacentTissue",
    "off": 416,
    "sff": "lesion"
  },
  {
    "docID": "N215 Verdu 2001",
    "et": "LesionAdjacentTissue",
    "off": 17881,
    "sff": "lesion"
  },
  {
    "docID": "N215 Verdu 2001",
    "et": "SevereInjury",
    "off": 16889,
    "sff": "severe"
  },
  {
    "docID": "N215 Verdu 2001",
    "et": "SevereInjury",
    "off": 455,
    "sff": "severe"
  },
  {
    "docID": "N215 Verdu 2001",
    "et": "SevereInjury",
    "off": 16531,
    "sff": "severe"
  },
  {
    "docID": "N215 Verdu 2001",
    "et": "CentralNervousSystem",
    "off": 10259,
    "sff": "central"
  },
  {
    "docID": "N215 Verdu 2001",
    "et": "CentralNervousSystem",
    "off": 11632,
    "sff": "central"
  },
  {
    "docID": "N215 Verdu 2001",
    "et": "CentralNervousSystem",
    "off": 13405,
    "sff": "central"
  },
  {
    "docID": "N215 Verdu 2001",
    "et": "WistarRat",
    "off": 3706,
    "sff": "Wistar rats"
  },
  {
    "docID": "N215 Verdu 2001",
    "et": "WistarRat",
    "off": 3706,
    "sff": "Wistar"
  },
  {
    "docID": "N215 Verdu 2001",
    "et": "Matrix",
    "off": 1574,
    "sff": "matrix"
  },
  {
    "docID": "N215 Verdu 2001",
    "et": "Matrix",
    "off": 21994,
    "sff": "matrix"
  },
  {
    "docID": "N215 Verdu 2001",
    "et": "SpinalCentralPart",
    "off": 10259,
    "sff": "central"
  },
  {
    "docID": "N215 Verdu 2001",
    "et": "SpinalCentralPart",
    "off": 11632,
    "sff": "central"
  },
  {
    "docID": "N215 Verdu 2001",
    "et": "SpinalCentralPart",
    "off": 13405,
    "sff": "central"
  },
  {
    "docID": "N215 Verdu 2001",
    "et": "InjuryArea",
    "off": 8113,
    "sff": "area"
  },
  {
    "docID": "N215 Verdu 2001",
    "et": "InjuryArea",
    "off": 8801,
    "sff": "area"
  },
  {
    "docID": "N215 Verdu 2001",
    "et": "InjuryArea",
    "off": 12002,
    "sff": "area"
  },
  {
    "docID": "N215 Verdu 2001",
    "et": "InjuryArea",
    "off": 614,
    "sff": "area"
  },
  {
    "docID": "N215 Verdu 2001",
    "et": "InjuryArea",
    "off": 3254,
    "sff": "area"
  },
  {
    "docID": "N215 Verdu 2001",
    "et": "InjuryArea",
    "off": 17206,
    "sff": "area"
  },
  {
    "docID": "N215 Verdu 2001",
    "et": "InjuryArea",
    "off": 20201,
    "sff": "area"
  },
  {
    "docID": "N215 Verdu 2001",
    "et": "InjuryArea",
    "off": 14256,
    "sff": "area"
  },
  {
    "docID": "N215 Verdu 2001",
    "et": "TyrosineHydroxylaseFibers",
    "off": 21279,
    "sff": "tyrosine"
  },
  {
    "docID": "N215 Verdu 2001",
    "et": "MildInjury",
    "off": 10600,
    "sff": "mild"
  },
  {
    "docID": "N215 Verdu 2001",
    "et": "ShortTermCultivaton",
    "off": 20499,
    "sff": "short term"
  },
  {
    "docID": "N215 Verdu 2001",
    "et": "ShortTermCultivaton",
    "off": 17506,
    "sff": "short"
  },
  {
    "docID": "N215 Verdu 2001",
    "et": "ShortTermCultivaton",
    "off": 12916,
    "sff": "short"
  },
  {
    "docID": "N215 Verdu 2001",
    "et": "ShortTermCultivaton",
    "off": 6215,
    "sff": "short"
  },
  {
    "docID": "N215 Verdu 2001",
    "et": "ShortTermCultivaton",
    "off": 1258,
    "sff": "short"
  },
  {
    "docID": "N215 Verdu 2001",
    "et": "MedicationDuringSurgery",
    "off": 18685,
    "sff": "during"
  },
  {
    "docID": "N215 Verdu 2001",
    "et": "MedicationDuringSurgery",
    "off": 2732,
    "sff": "during"
  },
  {
    "docID": "N215 Verdu 2001",
    "et": "MedicationDuringSurgery",
    "off": 17240,
    "sff": "during"
  },
  {
    "docID": "N215 Verdu 2001",
    "et": "MedicationDuringSurgery",
    "off": 497,
    "sff": "during"
  },
  {
    "docID": "N215 Verdu 2001",
    "et": "MedicationDuringSurgery",
    "off": 14296,
    "sff": "During"
  },
  {
    "docID": "N215 Verdu 2001",
    "et": "MedicationDuringSurgery",
    "off": 10825,
    "sff": "During"
  },
  {
    "docID": "N215 Verdu 2001",
    "et": "MedicationDuringSurgery",
    "off": 13828,
    "sff": "during"
  },
  {
    "docID": "N215 Verdu 2001",
    "et": "MedicationDuringSurgery",
    "off": 16384,
    "sff": "during"
  },
  {
    "docID": "N215 Verdu 2001",
    "et": "Brain",
    "off": 14111,
    "sff": "brain"
  },
  {
    "docID": "N215 Verdu 2001",
    "et": "Laminectomy",
    "off": 4409,
    "sff": "laminectomy"
  },
  {
    "docID": "N215 Verdu 2001",
    "et": "SpinalWhiteMatter",
    "off": 14363,
    "sff": "white matter"
  },
  {
    "docID": "N215 Verdu 2001",
    "et": "SpinalWhiteMatter",
    "off": 10154,
    "sff": "white"
  },
  {
    "docID": "N215 Verdu 2001",
    "et": "SpinalWhiteMatter",
    "off": 13565,
    "sff": "white matter"
  },
  {
    "docID": "N215 Verdu 2001",
    "et": "SpinalWhiteMatter",
    "off": 10190,
    "sff": "white matter"
  },
  {
    "docID": "N215 Verdu 2001",
    "et": "SpinalWhiteMatter",
    "off": 15762,
    "sff": "white matter"
  },
  {
    "docID": "N215 Verdu 2001",
    "et": "Dorsal",
    "off": 11962,
    "sff": "dorsal"
  },
  {
    "docID": "N215 Verdu 2001",
    "et": "Dorsal",
    "off": 11809,
    "sff": "dorsal"
  },
  {
    "docID": "N215 Verdu 2001",
    "et": "Dorsal",
    "off": 12721,
    "sff": "dorsal"
  },
  {
    "docID": "N215 Verdu 2001",
    "et": "Dorsal",
    "off": 11344,
    "sff": "dorsal"
  },
  {
    "docID": "N215 Verdu 2001",
    "et": "Dorsal",
    "off": 11600,
    "sff": "dorsal"
  },
  {
    "docID": "N215 Verdu 2001",
    "et": "Dorsal",
    "off": 4402,
    "sff": "dorsal"
  },
  {
    "docID": "N215 Verdu 2001",
    "et": "Dorsal",
    "off": 10210,
    "sff": "dorsal"
  },
  {
    "docID": "N215 Verdu 2001",
    "et": "Dorsal",
    "off": 11778,
    "sff": "dorsal"
  },
  {
    "docID": "N215 Verdu 2001",
    "et": "Dorsal",
    "off": 13106,
    "sff": "dorsal"
  },
  {
    "docID": "N215 Verdu 2001",
    "et": "Dorsal",
    "off": 13353,
    "sff": "dorsal"
  },
  {
    "docID": "N215 Verdu 2001",
    "et": "Dorsal",
    "off": 16297,
    "sff": "dorsal"
  },
  {
    "docID": "N215 Verdu 2001",
    "et": "Dorsal",
    "off": 13448,
    "sff": "dorsal"
  },
  {
    "docID": "N215 Verdu 2001",
    "et": "UmbilicalCordBloodStemCell",
    "off": 14264,
    "sff": "blood"
  },
  {
    "docID": "N215 Verdu 2001",
    "et": "UmbilicalCordBloodStemCell",
    "off": 14105,
    "sff": "blood"
  },
  {
    "docID": "N215 Verdu 2001",
    "et": "ContusionType",
    "off": 16538,
    "sff": "contusion"
  },
  {
    "docID": "N215 Verdu 2001",
    "et": "RadiofrequencyLesionDevice",
    "off": 18894,
    "sff": "lesion"
  },
  {
    "docID": "N215 Verdu 2001",
    "et": "RadiofrequencyLesionDevice",
    "off": 14925,
    "sff": "lesion"
  },
  {
    "docID": "N215 Verdu 2001",
    "et": "RadiofrequencyLesionDevice",
    "off": 14512,
    "sff": "lesion"
  },
  {
    "docID": "N215 Verdu 2001",
    "et": "RadiofrequencyLesionDevice",
    "off": 8203,
    "sff": "lesion"
  },
  {
    "docID": "N215 Verdu 2001",
    "et": "RadiofrequencyLesionDevice",
    "off": 10347,
    "sff": "lesion"
  },
  {
    "docID": "N215 Verdu 2001",
    "et": "RadiofrequencyLesionDevice",
    "off": 15148,
    "sff": "lesion"
  },
  {
    "docID": "N215 Verdu 2001",
    "et": "RadiofrequencyLesionDevice",
    "off": 17845,
    "sff": "lesion"
  },
  {
    "docID": "N215 Verdu 2001",
    "et": "RadiofrequencyLesionDevice",
    "off": 17367,
    "sff": "lesion"
  },
  {
    "docID": "N215 Verdu 2001",
    "et": "RadiofrequencyLesionDevice",
    "off": 15314,
    "sff": "lesion"
  },
  {
    "docID": "N215 Verdu 2001",
    "et": "RadiofrequencyLesionDevice",
    "off": 17426,
    "sff": "lesion"
  },
  {
    "docID": "N215 Verdu 2001",
    "et": "RadiofrequencyLesionDevice",
    "off": 13138,
    "sff": "lesion"
  },
  {
    "docID": "N215 Verdu 2001",
    "et": "RadiofrequencyLesionDevice",
    "off": 416,
    "sff": "lesion"
  },
  {
    "docID": "N215 Verdu 2001",
    "et": "RadiofrequencyLesionDevice",
    "off": 17881,
    "sff": "lesion"
  },
  {
    "docID": "N215 Verdu 2001",
    "et": "RadiofrequencyLesionDevice",
    "off": 742,
    "sff": "lesion"
  },
  {
    "docID": "N215 Verdu 2001",
    "et": "RadiofrequencyLesionDevice",
    "off": 20008,
    "sff": "lesion"
  },
  {
    "docID": "N215 Verdu 2001",
    "et": "RadiofrequencyLesionDevice",
    "off": 8289,
    "sff": "lesion"
  },
  {
    "docID": "N215 Verdu 2001",
    "et": "TailVeinLocation",
    "off": 15413,
    "sff": "tail vein"
  },
  {
    "docID": "N215 Verdu 2001",
    "et": "Protein",
    "off": 7374,
    "sff": "protein"
  },
  {
    "docID": "N215 Verdu 2001",
    "et": "GlialCell",
    "off": 19131,
    "sff": "glial"
  },
  {
    "docID": "N215 Verdu 2001",
    "et": "GlialCell",
    "off": 7350,
    "sff": "glial"
  },
  {
    "docID": "N215 Verdu 2001",
    "et": "GlialCell",
    "off": 1924,
    "sff": "glial"
  },
  {
    "docID": "N215 Verdu 2001",
    "et": "GlialCell",
    "off": 1778,
    "sff": "glial"
  },
  {
    "docID": "N215 Verdu 2001",
    "et": "GlialCell",
    "off": 18736,
    "sff": "glial"
  },
  {
    "docID": "N215 Verdu 2001",
    "et": "GlialCell",
    "off": 1535,
    "sff": "glial"
  },
  {
    "docID": "N215 Verdu 2001",
    "et": "GlialCell",
    "off": 21118,
    "sff": "glial"
  },
  {
    "docID": "N215 Verdu 2001",
    "et": "GlialCell",
    "off": 18253,
    "sff": "glial"
  },
  {
    "docID": "N215 Verdu 2001",
    "et": "GlialCell",
    "off": 10141,
    "sff": "glial"
  },
  {
    "docID": "N215 Verdu 2001",
    "et": "GlialCell",
    "off": 22060,
    "sff": "glial"
  },
  {
    "docID": "N215 Verdu 2001",
    "et": "InfusionDelivery",
    "off": 1858,
    "sff": "Infusion"
  },
  {
    "docID": "N215 Verdu 2001",
    "et": "CephalicVeinLocation",
    "off": 15418,
    "sff": "vein"
  },
  {
    "docID": "N215 Verdu 2001",
    "et": "CompressionType",
    "off": 1665,
    "sff": "compression"
  },
  {
    "docID": "N215 Verdu 2001",
    "et": "CompressionType",
    "off": 17564,
    "sff": "compression"
  },
  {
    "docID": "N215 Verdu 2001",
    "et": "PostSurgeryCondition",
    "off": 6980,
    "sff": "post"
  },
  {
    "docID": "N215 Verdu 2001",
    "et": "VimentinAntiSenseDNA",
    "off": 18510,
    "sff": "vimentin"
  },
  {
    "docID": "N215 Verdu 2001",
    "et": "RatSpecies",
    "off": 3608,
    "sff": "rat"
  },
  {
    "docID": "N215 Verdu 2001",
    "et": "RatSpecies",
    "off": 2901,
    "sff": "rat"
  },
  {
    "docID": "N215 Verdu 2001",
    "et": "RatSpecies",
    "off": 1346,
    "sff": "rat"
  },
  {
    "docID": "N215 Verdu 2001",
    "et": "RatSpecies",
    "off": 323,
    "sff": "rat"
  },
  {
    "docID": "N215 Verdu 2001",
    "et": "RatSpecies",
    "off": 13730,
    "sff": "rat"
  },
  {
    "docID": "N215 Verdu 2001",
    "et": "PhotochemicalInjury",
    "off": 3574,
    "sff": "photochemical"
  },
  {
    "docID": "N215 Verdu 2001",
    "et": "PhotochemicalInjury",
    "off": 402,
    "sff": "photochemical"
  },
  {
    "docID": "N215 Verdu 2001",
    "et": "PhotochemicalInjury",
    "off": 14530,
    "sff": "Photochemical"
  },
  {
    "docID": "N215 Verdu 2001",
    "et": "PhotochemicalInjury",
    "off": 17021,
    "sff": "photochemical"
  },
  {
    "docID": "N215 Verdu 2001",
    "et": "PhotochemicalInjury",
    "off": 1680,
    "sff": "photochemical"
  },
  {
    "docID": "N215 Verdu 2001",
    "et": "PhotochemicalInjury",
    "off": 2763,
    "sff": "photochemical"
  },
  {
    "docID": "N215 Verdu 2001",
    "et": "SodiumPentobarbital",
    "off": 4185,
    "sff": "sodium pentobarbital"
  },
  {
    "docID": "N215 Verdu 2001",
    "et": "Caudal",
    "off": 13218,
    "sff": "caudal"
  },
  {
    "docID": "N215 Verdu 2001",
    "et": "Caudal",
    "off": 13593,
    "sff": "caudal"
  },
  {
    "docID": "N215 Verdu 2001",
    "et": "Caudal",
    "off": 17681,
    "sff": "caudal"
  },
  {
    "docID": "N215 Verdu 2001",
    "et": "Caudal",
    "off": 20224,
    "sff": "caudal"
  },
  {
    "docID": "N215 Verdu 2001",
    "et": "L1",
    "off": 869,
    "sff": "L1"
  },
  {
    "docID": "N215 Verdu 2001",
    "et": "L1",
    "off": 739,
    "sff": "L1"
  },
  {
    "docID": "N215 Verdu 2001",
    "et": "L1",
    "off": 12397,
    "sff": "L1"
  },
  {
    "docID": "N215 Verdu 2001",
    "et": "L1",
    "off": 20813,
    "sff": "L1"
  },
  {
    "docID": "N215 Verdu 2001",
    "et": "L1",
    "off": 6954,
    "sff": "L1"
  },
  {
    "docID": "N215 Verdu 2001",
    "et": "L1",
    "off": 11854,
    "sff": "L1"
  },
  {
    "docID": "N215 Verdu 2001",
    "et": "L1",
    "off": 21618,
    "sff": "L1"
  },
  {
    "docID": "N215 Verdu 2001",
    "et": "L1",
    "off": 440,
    "sff": "L1"
  },
  {
    "docID": "N215 Verdu 2001",
    "et": "L1",
    "off": 13527,
    "sff": "L1"
  },
  {
    "docID": "N215 Verdu 2001",
    "et": "L1",
    "off": 11259,
    "sff": "L1"
  },
  {
    "docID": "N215 Verdu 2001",
    "et": "L1",
    "off": 5088,
    "sff": "L1"
  },
  {
    "docID": "N215 Verdu 2001",
    "et": "L1",
    "off": 9600,
    "sff": "L1"
  },
  {
    "docID": "N215 Verdu 2001",
    "et": "L1",
    "off": 10078,
    "sff": "L1"
  },
  {
    "docID": "N215 Verdu 2001",
    "et": "L1",
    "off": 4383,
    "sff": "L1"
  },
  {
    "docID": "N215 Verdu 2001",
    "et": "SchwannCell",
    "off": 2831,
    "sff": "Schwann cell"
  },
  {
    "docID": "N215 Verdu 2001",
    "et": "L4",
    "off": 11924,
    "sff": "L4"
  },
  {
    "docID": "N215 Verdu 2001",
    "et": "L4",
    "off": 12404,
    "sff": "L4"
  },
  {
    "docID": "N215 Verdu 2001",
    "et": "L4",
    "off": 786,
    "sff": "L4"
  },
  {
    "docID": "N215 Verdu 2001",
    "et": "L4",
    "off": 21698,
    "sff": "L4"
  },
  {
    "docID": "N215 Verdu 2001",
    "et": "L4",
    "off": 12198,
    "sff": "L4"
  },
  {
    "docID": "N215 Verdu 2001",
    "et": "L4",
    "off": 876,
    "sff": "L4"
  },
  {
    "docID": "N215 Verdu 2001",
    "et": "L4",
    "off": 10092,
    "sff": "L4"
  },
  {
    "docID": "N215 Verdu 2001",
    "et": "L4",
    "off": 13226,
    "sff": "L4"
  },
  {
    "docID": "N215 Verdu 2001",
    "et": "L4",
    "off": 6961,
    "sff": "L4"
  },
  {
    "docID": "N215 Verdu 2001",
    "et": "L4",
    "off": 11712,
    "sff": "L4"
  },
  {
    "docID": "N215 Verdu 2001",
    "et": "SigmaAldrich",
    "off": 4558,
    "sff": "Sigma"
  },
  {
    "docID": "N215 Verdu 2001",
    "et": "SigmaAldrich",
    "off": 3781,
    "sff": "Sigma"
  },
  {
    "docID": "N215 Verdu 2001",
    "et": "T10",
    "off": 6945,
    "sff": "T10"
  },
  {
    "docID": "N215 Verdu 2001",
    "et": "T10",
    "off": 10064,
    "sff": "T10"
  },
  {
    "docID": "N215 Verdu 2001",
    "et": "T10",
    "off": 12190,
    "sff": "T10"
  },
  {
    "docID": "N215 Verdu 2001",
    "et": "T10",
    "off": 11565,
    "sff": "T10"
  },
  {
    "docID": "N215 Verdu 2001",
    "et": "T10",
    "off": 11916,
    "sff": "T10"
  },
  {
    "docID": "N215 Verdu 2001",
    "et": "T10",
    "off": 955,
    "sff": "T10"
  },
  {
    "docID": "N215 Verdu 2001",
    "et": "T10",
    "off": 778,
    "sff": "T10"
  },
  {
    "docID": "N215 Verdu 2001",
    "et": "T10",
    "off": 13209,
    "sff": "T10"
  },
  {
    "docID": "N215 Verdu 2001",
    "et": "T10",
    "off": 9636,
    "sff": "T10"
  },
  {
    "docID": "N215 Verdu 2001",
    "et": "T10",
    "off": 12434,
    "sff": "T10"
  },
  {
    "docID": "N215 Verdu 2001",
    "et": "T12",
    "off": 13523,
    "sff": "T12"
  },
  {
    "docID": "N215 Verdu 2001",
    "et": "T12",
    "off": 436,
    "sff": "T12"
  },
  {
    "docID": "N215 Verdu 2001",
    "et": "T12",
    "off": 11255,
    "sff": "T12"
  },
  {
    "docID": "N215 Verdu 2001",
    "et": "T12",
    "off": 5081,
    "sff": "T12"
  },
  {
    "docID": "N215 Verdu 2001",
    "et": "T12",
    "off": 10074,
    "sff": "T12"
  },
  {
    "docID": "N215 Verdu 2001",
    "et": "T12",
    "off": 4379,
    "sff": "T12"
  },
  {
    "docID": "N215 Verdu 2001",
    "et": "T12",
    "off": 9595,
    "sff": "T12"
  },
  {
    "docID": "N215 Verdu 2001",
    "et": "T12",
    "off": 735,
    "sff": "T12"
  },
  {
    "docID": "N215 Verdu 2001",
    "et": "T12",
    "off": 865,
    "sff": "T12"
  },
  {
    "docID": "N215 Verdu 2001",
    "et": "T12",
    "off": 6950,
    "sff": "T12"
  },
  {
    "docID": "N215 Verdu 2001",
    "et": "T12",
    "off": 12393,
    "sff": "T12"
  },
  {
    "docID": "N215 Verdu 2001",
    "et": "T12",
    "off": 11850,
    "sff": "T12"
  },
  {
    "docID": "N215 Verdu 2001",
    "et": "T12",
    "off": 21614,
    "sff": "T12"
  },
  {
    "docID": "N215 Verdu 2001",
    "et": "Lumbar",
    "off": 2203,
    "sff": "lumbar"
  },
  {
    "docID": "N215 Verdu 2001",
    "et": "LightSource",
    "off": 2418,
    "sff": "light"
  },
  {
    "docID": "N215 Verdu 2001",
    "et": "LightSource",
    "off": 17055,
    "sff": "light"
  },
  {
    "docID": "N215 Verdu 2001",
    "et": "LightSource",
    "off": 2376,
    "sff": "light"
  },
  {
    "docID": "N215 Verdu 2001",
    "et": "LightSource",
    "off": 16337,
    "sff": "light"
  },
  {
    "docID": "N215 Verdu 2001",
    "et": "LightSource",
    "off": 4819,
    "sff": "light source"
  },
  {
    "docID": "N215 Verdu 2001",
    "et": "LightSource",
    "off": 6453,
    "sff": "light"
  },
  {
    "docID": "N215 Verdu 2001",
    "et": "Compression",
    "off": 17564,
    "sff": "compression"
  },
  {
    "docID": "N215 Verdu 2001",
    "et": "Compression",
    "off": 1665,
    "sff": "compression"
  },
  {
    "docID": "N215 Verdu 2001",
    "et": "GreenFluorescentProtein",
    "off": 15609,
    "sff": "green"
  },
  {
    "docID": "N215 Verdu 2001",
    "et": "DorsolateralInjuryArea",
    "off": 11355,
    "sff": "dorsolateral"
  },
  {
    "docID": "N215 Verdu 2001",
    "et": "StemCellSourceType",
    "off": 3768,
    "sff": "cell"
  },
  {
    "docID": "N215 Verdu 2001",
    "et": "StemCellSourceType",
    "off": 18544,
    "sff": "cell type"
  },
  {
    "docID": "N215 Verdu 2001",
    "et": "StemCellSourceType",
    "off": 8669,
    "sff": "cell"
  },
  {
    "docID": "N215 Verdu 2001",
    "et": "StemCellSourceType",
    "off": 3888,
    "sff": "cell"
  },
  {
    "docID": "N215 Verdu 2001",
    "et": "StemCellSourceType",
    "off": 14480,
    "sff": "cell"
  },
  {
    "docID": "N215 Verdu 2001",
    "et": "StemCellSourceType",
    "off": 18544,
    "sff": "cell"
  },
  {
    "docID": "N215 Verdu 2001",
    "et": "StemCellSourceType",
    "off": 1890,
    "sff": "cell"
  },
  {
    "docID": "N215 Verdu 2001",
    "et": "StemCellSourceType",
    "off": 12899,
    "sff": "cell"
  },
  {
    "docID": "N215 Verdu 2001",
    "et": "StemCellSourceType",
    "off": 20883,
    "sff": "cell"
  },
  {
    "docID": "N215 Verdu 2001",
    "et": "StemCellSourceType",
    "off": 18402,
    "sff": "cell"
  },
  {
    "docID": "N215 Verdu 2001",
    "et": "StemCellSourceType",
    "off": 2839,
    "sff": "cell"
  },
  {
    "docID": "N215 Verdu 2001",
    "et": "StemCellSourceType",
    "off": 5111,
    "sff": "cell"
  },
  {
    "docID": "N215 Verdu 2001",
    "et": "InVitroExperimentalProcedure",
    "off": 19154,
    "sff": "vitro"
  },
  {
    "docID": "N215 Verdu 2001",
    "et": "InVitroExperimentalProcedure",
    "off": 8835,
    "sff": "experimental"
  },
  {
    "docID": "N215 Verdu 2001",
    "et": "InVitroExperimentalProcedure",
    "off": 11139,
    "sff": "experimental"
  },
  {
    "docID": "N215 Verdu 2001",
    "et": "VentralInjuryArea",
    "off": 13459,
    "sff": "ventral"
  },
  {
    "docID": "N215 Verdu 2001",
    "et": "VentralInjuryArea",
    "off": 13117,
    "sff": "ventral"
  },
  {
    "docID": "N215 Verdu 2001",
    "et": "VentralInjuryArea",
    "off": 12732,
    "sff": "ventral"
  },
  {
    "docID": "N215 Verdu 2001",
    "et": "Bilateral",
    "off": 4982,
    "sff": "bilateral"
  },
  {
    "docID": "N215 Verdu 2001",
    "et": "LongEvansRat",
    "off": 1055,
    "sff": "long"
  },
  {
    "docID": "N215 Verdu 2001",
    "et": "LongEvansRat",
    "off": 21455,
    "sff": "long"
  },
  {
    "docID": "N215 Verdu 2001",
    "et": "LongEvansRat",
    "off": 3408,
    "sff": "long"
  },
  {
    "docID": "N215 Verdu 2001",
    "et": "LongEvansRat",
    "off": 12573,
    "sff": "long"
  },
  {
    "docID": "N215 Verdu 2001",
    "et": "Cell",
    "off": 8669,
    "sff": "cell"
  },
  {
    "docID": "N215 Verdu 2001",
    "et": "Cell",
    "off": 3888,
    "sff": "cell"
  },
  {
    "docID": "N215 Verdu 2001",
    "et": "Cell",
    "off": 14480,
    "sff": "cell"
  },
  {
    "docID": "N215 Verdu 2001",
    "et": "Cell",
    "off": 18544,
    "sff": "cell"
  },
  {
    "docID": "N215 Verdu 2001",
    "et": "Cell",
    "off": 12899,
    "sff": "cell"
  },
  {
    "docID": "N215 Verdu 2001",
    "et": "Cell",
    "off": 20883,
    "sff": "cell"
  },
  {
    "docID": "N215 Verdu 2001",
    "et": "Cell",
    "off": 1890,
    "sff": "cell"
  },
  {
    "docID": "N215 Verdu 2001",
    "et": "Cell",
    "off": 18402,
    "sff": "cell"
  },
  {
    "docID": "N215 Verdu 2001",
    "et": "Cell",
    "off": 2839,
    "sff": "cell"
  },
  {
    "docID": "N215 Verdu 2001",
    "et": "Cell",
    "off": 5111,
    "sff": "cell"
  },
  {
    "docID": "N215 Verdu 2001",
    "et": "Cell",
    "off": 3768,
    "sff": "cell"
  },
  {
    "docID": "N215 Verdu 2001",
    "et": "SpinalDorsalHalf",
    "off": 11962,
    "sff": "dorsal"
  },
  {
    "docID": "N215 Verdu 2001",
    "et": "SpinalDorsalHalf",
    "off": 11809,
    "sff": "dorsal"
  },
  {
    "docID": "N215 Verdu 2001",
    "et": "SpinalDorsalHalf",
    "off": 12721,
    "sff": "dorsal"
  },
  {
    "docID": "N215 Verdu 2001",
    "et": "SpinalDorsalHalf",
    "off": 11344,
    "sff": "dorsal"
  },
  {
    "docID": "N215 Verdu 2001",
    "et": "SpinalDorsalHalf",
    "off": 11600,
    "sff": "dorsal"
  },
  {
    "docID": "N215 Verdu 2001",
    "et": "SpinalDorsalHalf",
    "off": 4402,
    "sff": "dorsal"
  },
  {
    "docID": "N215 Verdu 2001",
    "et": "SpinalDorsalHalf",
    "off": 10210,
    "sff": "dorsal"
  },
  {
    "docID": "N215 Verdu 2001",
    "et": "SpinalDorsalHalf",
    "off": 11778,
    "sff": "dorsal"
  },
  {
    "docID": "N215 Verdu 2001",
    "et": "SpinalDorsalHalf",
    "off": 13106,
    "sff": "dorsal"
  },
  {
    "docID": "N215 Verdu 2001",
    "et": "SpinalDorsalHalf",
    "off": 13353,
    "sff": "dorsal"
  },
  {
    "docID": "N215 Verdu 2001",
    "et": "SpinalDorsalHalf",
    "off": 16297,
    "sff": "dorsal"
  },
  {
    "docID": "N215 Verdu 2001",
    "et": "SpinalDorsalHalf",
    "off": 13448,
    "sff": "dorsal"
  },
  {
    "docID": "N215 Verdu 2001",
    "et": "17BetaEstradiolE2",
    "off": 5813,
    "sff": "17"
  },
  {
    "docID": "N215 Verdu 2001",
    "et": "17BetaEstradiolE2",
    "off": 2801,
    "sff": "17"
  },
  {
    "docID": "N215 Verdu 2001",
    "et": "CompleteTransectionType",
    "off": 16572,
    "sff": "transection"
  },
  {
    "docID": "N215 Verdu 2001",
    "et": "CompleteTransectionType",
    "off": 1652,
    "sff": "transection"
  },
  {
    "docID": "N215 Verdu 2001",
    "et": "CompleteTransectionType",
    "off": 20306,
    "sff": "transection"
  },
  {
    "docID": "N215 Verdu 2001",
    "et": "CompleteTransectionType",
    "off": 20292,
    "sff": "complete"
  },
  {
    "docID": "N215 Verdu 2001",
    "et": "CompleteTransectionType",
    "off": 2240,
    "sff": "transection"
  },
  {
    "docID": "N215 Verdu 2001",
    "et": "CompleteTransectionType",
    "off": 16551,
    "sff": "complete"
  },
  {
    "docID": "N215 Verdu 2001",
    "et": "Water",
    "off": 5593,
    "sff": "water"
  },
  {
    "docID": "N215 Verdu 2001",
    "et": "ExperimentalProcedure",
    "off": 8835,
    "sff": "experimental"
  },
  {
    "docID": "N215 Verdu 2001",
    "et": "ExperimentalProcedure",
    "off": 11139,
    "sff": "experimental"
  },
  {
    "docID": "N215 Verdu 2001",
    "et": "BodyTemperatureMeasurement",
    "off": 18407,
    "sff": "body"
  },
  {
    "docID": "N215 Verdu 2001",
    "et": "BodyTemperatureMeasurement",
    "off": 15454,
    "sff": "body"
  },
  {
    "docID": "N215 Verdu 2001",
    "et": "AirGunImpactor",
    "off": 5195,
    "sff": "air"
  },
  {
    "docID": "N215 Verdu 2001",
    "et": "PartialTransectionType",
    "off": 2240,
    "sff": "transection"
  },
  {
    "docID": "N215 Verdu 2001",
    "et": "PartialTransectionType",
    "off": 20306,
    "sff": "transection"
  },
  {
    "docID": "N215 Verdu 2001",
    "et": "PartialTransectionType",
    "off": 16572,
    "sff": "transection"
  },
  {
    "docID": "N215 Verdu 2001",
    "et": "PartialTransectionType",
    "off": 1652,
    "sff": "transection"
  },
  {
    "docID": "N215 Verdu 2001",
    "et": "CorticospinalTract",
    "off": 20319,
    "sff": "corticospinal"
  },
  {
    "docID": "N215 Verdu 2001",
    "et": "CorticospinalTract",
    "off": 19936,
    "sff": "corticospinal"
  },
  {
    "docID": "N215 Verdu 2001",
    "et": "CorticospinalTract",
    "off": 20089,
    "sff": "corticospinal tract"
  },
  {
    "docID": "N215 Verdu 2001",
    "et": "CorticospinalTract",
    "off": 20248,
    "sff": "corticospinal tract"
  },
  {
    "docID": "N215 Verdu 2001",
    "et": "CorticospinalTract",
    "off": 20022,
    "sff": "corticospinal tract"
  },
  {
    "docID": "N215 Verdu 2001",
    "et": "BrainDerivedNeurotrophicFactor",
    "off": 14111,
    "sff": "brain"
  },
  {
    "docID": "N215 Verdu 2001",
    "et": "VentralHemisection",
    "off": 13117,
    "sff": "ventral"
  },
  {
    "docID": "N215 Verdu 2001",
    "et": "VentralHemisection",
    "off": 12732,
    "sff": "ventral"
  },
  {
    "docID": "N215 Verdu 2001",
    "et": "VentralHemisection",
    "off": 13459,
    "sff": "ventral"
  },
  {
    "docID": "N215 Verdu 2001",
    "et": "CompleteInjuryArea",
    "off": 16551,
    "sff": "complete"
  },
  {
    "docID": "N215 Verdu 2001",
    "et": "CompleteInjuryArea",
    "off": 20292,
    "sff": "complete"
  },
  {
    "docID": "N215 Verdu 2001",
    "et": "ChemicalInjury",
    "off": 1816,
    "sff": "chemical"
  }
]
