[
  {
    "docID": "N218 Plant 2003",
    "et": "CompleteTransection",
    "off": 43193,
    "sff": "complete"
  },
  {
    "docID": "N218 Plant 2003",
    "et": "NYUImpactor",
    "off": 9160,
    "sff": "NYU impactor"
  },
  {
    "docID": "N218 Plant 2003",
    "et": "OlfactoryEnsheathingGliaCell",
    "off": 28,
    "sff": "Olfactory Ensheathing"
  },
  {
    "docID": "N218 Plant 2003",
    "et": "OlfactoryEnsheathingGliaCell",
    "off": 351,
    "sff": "olfactory ensheathing"
  },
  {
    "docID": "N218 Plant 2003",
    "et": "OlfactoryEnsheathingGliaCell",
    "off": 2756,
    "sff": "olfactory ensheathing"
  },
  {
    "docID": "N218 Plant 2003",
    "et": "OlfactoryEnsheathingGliaCell",
    "off": 3574,
    "sff": "olfactory"
  },
  {
    "docID": "N218 Plant 2003",
    "et": "OlfactoryEnsheathingGliaCell",
    "off": 351,
    "sff": "olfactory ensheathing glia"
  },
  {
    "docID": "N218 Plant 2003",
    "et": "OlfactoryEnsheathingGliaCell",
    "off": 5768,
    "sff": "olfactory"
  },
  {
    "docID": "N218 Plant 2003",
    "et": "OlfactoryEnsheathingGliaCell",
    "off": 3529,
    "sff": "olfactory ensheathing"
  },
  {
    "docID": "N218 Plant 2003",
    "et": "OlfactoryEnsheathingGliaCell",
    "off": 2756,
    "sff": "olfactory ensheathing glia"
  },
  {
    "docID": "N218 Plant 2003",
    "et": "OlfactoryEnsheathingGliaCell",
    "off": 28,
    "sff": "Olfactory Ensheathing Glia"
  },
  {
    "docID": "N218 Plant 2003",
    "et": "DorsalInjuryArea",
    "off": 3731,
    "sff": "dorsal"
  },
  {
    "docID": "N218 Plant 2003",
    "et": "DorsalInjuryArea",
    "off": 28083,
    "sff": "dorsal"
  },
  {
    "docID": "N218 Plant 2003",
    "et": "DorsalInjuryArea",
    "off": 26112,
    "sff": "dorsal"
  },
  {
    "docID": "N218 Plant 2003",
    "et": "DorsalInjuryArea",
    "off": 36992,
    "sff": "dorsal"
  },
  {
    "docID": "N218 Plant 2003",
    "et": "DorsalInjuryArea",
    "off": 10063,
    "sff": "dorsal"
  },
  {
    "docID": "N218 Plant 2003",
    "et": "DorsalInjuryArea",
    "off": 10028,
    "sff": "dorsal"
  },
  {
    "docID": "N218 Plant 2003",
    "et": "DorsalInjuryArea",
    "off": 26649,
    "sff": "dorsal"
  },
  {
    "docID": "N218 Plant 2003",
    "et": "DorsalInjuryArea",
    "off": 36777,
    "sff": "dorsal"
  },
  {
    "docID": "N218 Plant 2003",
    "et": "SuperficialDelivery",
    "off": 38690,
    "sff": "superficial"
  },
  {
    "docID": "N218 Plant 2003",
    "et": "MouseSpecies",
    "off": 14034,
    "sff": "mouse"
  },
  {
    "docID": "N218 Plant 2003",
    "et": "WeightDrop",
    "off": 11083,
    "sff": "weight"
  },
  {
    "docID": "N218 Plant 2003",
    "et": "WeightDrop",
    "off": 9457,
    "sff": "weight"
  },
  {
    "docID": "N218 Plant 2003",
    "et": "WeightDrop",
    "off": 9232,
    "sff": "weight"
  },
  {
    "docID": "N218 Plant 2003",
    "et": "NOGOReceptorAntagonist",
    "off": 34967,
    "sff": "receptor"
  },
  {
    "docID": "N218 Plant 2003",
    "et": "NOGOReceptorAntagonist",
    "off": 6754,
    "sff": "receptor"
  },
  {
    "docID": "N218 Plant 2003",
    "et": "SpinalFiberTract",
    "off": 5919,
    "sff": "fiber"
  },
  {
    "docID": "N218 Plant 2003",
    "et": "SpinalFiberTract",
    "off": 2411,
    "sff": "fiber"
  },
  {
    "docID": "N218 Plant 2003",
    "et": "SpinalFiberTract",
    "off": 3309,
    "sff": "fiber"
  },
  {
    "docID": "N218 Plant 2003",
    "et": "SpinalFiberTract",
    "off": 37615,
    "sff": "Fiber"
  },
  {
    "docID": "N218 Plant 2003",
    "et": "SpinalFiberTract",
    "off": 5749,
    "sff": "fiber"
  },
  {
    "docID": "N218 Plant 2003",
    "et": "DorsalHemisection",
    "off": 10063,
    "sff": "dorsal"
  },
  {
    "docID": "N218 Plant 2003",
    "et": "DorsalHemisection",
    "off": 36992,
    "sff": "dorsal"
  },
  {
    "docID": "N218 Plant 2003",
    "et": "DorsalHemisection",
    "off": 26112,
    "sff": "dorsal"
  },
  {
    "docID": "N218 Plant 2003",
    "et": "DorsalHemisection",
    "off": 3731,
    "sff": "dorsal"
  },
  {
    "docID": "N218 Plant 2003",
    "et": "DorsalHemisection",
    "off": 28083,
    "sff": "dorsal"
  },
  {
    "docID": "N218 Plant 2003",
    "et": "DorsalHemisection",
    "off": 26649,
    "sff": "dorsal"
  },
  {
    "docID": "N218 Plant 2003",
    "et": "DorsalHemisection",
    "off": 36777,
    "sff": "dorsal"
  },
  {
    "docID": "N218 Plant 2003",
    "et": "DorsalHemisection",
    "off": 10028,
    "sff": "dorsal"
  },
  {
    "docID": "N218 Plant 2003",
    "et": "SpinalVentralHalf",
    "off": 38893,
    "sff": "ventral"
  },
  {
    "docID": "N218 Plant 2003",
    "et": "SpinalVentralHalf",
    "off": 26123,
    "sff": "ventral"
  },
  {
    "docID": "N218 Plant 2003",
    "et": "SpinalVentralHalf",
    "off": 38873,
    "sff": "ventral"
  },
  {
    "docID": "N218 Plant 2003",
    "et": "RabbitSpecies",
    "off": 13662,
    "sff": "rabbit"
  },
  {
    "docID": "N218 Plant 2003",
    "et": "Rostral",
    "off": 18800,
    "sff": "rostral"
  },
  {
    "docID": "N218 Plant 2003",
    "et": "Rostral",
    "off": 25967,
    "sff": "rostral"
  },
  {
    "docID": "N218 Plant 2003",
    "et": "Rostral",
    "off": 19166,
    "sff": "rostral"
  },
  {
    "docID": "N218 Plant 2003",
    "et": "Rostral",
    "off": 34106,
    "sff": "rostral"
  },
  {
    "docID": "N218 Plant 2003",
    "et": "Rostral",
    "off": 18282,
    "sff": "rostral"
  },
  {
    "docID": "N218 Plant 2003",
    "et": "Rostral",
    "off": 17560,
    "sff": "rostral"
  },
  {
    "docID": "N218 Plant 2003",
    "et": "Rostral",
    "off": 28231,
    "sff": "rostral"
  },
  {
    "docID": "N218 Plant 2003",
    "et": "Rostral",
    "off": 20115,
    "sff": "rostral"
  },
  {
    "docID": "N218 Plant 2003",
    "et": "DorsalColumn",
    "off": 10063,
    "sff": "dorsal"
  },
  {
    "docID": "N218 Plant 2003",
    "et": "DorsalColumn",
    "off": 26112,
    "sff": "dorsal"
  },
  {
    "docID": "N218 Plant 2003",
    "et": "DorsalColumn",
    "off": 36992,
    "sff": "dorsal"
  },
  {
    "docID": "N218 Plant 2003",
    "et": "DorsalColumn",
    "off": 3731,
    "sff": "dorsal"
  },
  {
    "docID": "N218 Plant 2003",
    "et": "DorsalColumn",
    "off": 28083,
    "sff": "dorsal"
  },
  {
    "docID": "N218 Plant 2003",
    "et": "DorsalColumn",
    "off": 26649,
    "sff": "dorsal"
  },
  {
    "docID": "N218 Plant 2003",
    "et": "DorsalColumn",
    "off": 36777,
    "sff": "dorsal"
  },
  {
    "docID": "N218 Plant 2003",
    "et": "DorsalColumn",
    "off": 10028,
    "sff": "dorsal"
  },
  {
    "docID": "N218 Plant 2003",
    "et": "LaminectomyType",
    "off": 9039,
    "sff": "laminectomy"
  },
  {
    "docID": "N218 Plant 2003",
    "et": "LaminectomyType",
    "off": 11317,
    "sff": "laminectomy"
  },
  {
    "docID": "N218 Plant 2003",
    "et": "Tissue",
    "off": 25022,
    "sff": "tissue"
  },
  {
    "docID": "N218 Plant 2003",
    "et": "Tissue",
    "off": 23987,
    "sff": "Tissue"
  },
  {
    "docID": "N218 Plant 2003",
    "et": "Tissue",
    "off": 10369,
    "sff": "tissue"
  },
  {
    "docID": "N218 Plant 2003",
    "et": "Tissue",
    "off": 36162,
    "sff": "tissue"
  },
  {
    "docID": "N218 Plant 2003",
    "et": "Tissue",
    "off": 23623,
    "sff": "tissue"
  },
  {
    "docID": "N218 Plant 2003",
    "et": "Tissue",
    "off": 15916,
    "sff": "tissue"
  },
  {
    "docID": "N218 Plant 2003",
    "et": "Tissue",
    "off": 5936,
    "sff": "tissue"
  },
  {
    "docID": "N218 Plant 2003",
    "et": "Tissue",
    "off": 35886,
    "sff": "tissue"
  },
  {
    "docID": "N218 Plant 2003",
    "et": "Tissue",
    "off": 36334,
    "sff": "tissue"
  },
  {
    "docID": "N218 Plant 2003",
    "et": "Tissue",
    "off": 1073,
    "sff": "tissue"
  },
  {
    "docID": "N218 Plant 2003",
    "et": "Tissue",
    "off": 19057,
    "sff": "tissue"
  },
  {
    "docID": "N218 Plant 2003",
    "et": "Tissue",
    "off": 17272,
    "sff": "tissue"
  },
  {
    "docID": "N218 Plant 2003",
    "et": "Tissue",
    "off": 24117,
    "sff": "tissue"
  },
  {
    "docID": "N218 Plant 2003",
    "et": "Tissue",
    "off": 25718,
    "sff": "tissue"
  },
  {
    "docID": "N218 Plant 2003",
    "et": "Tissue",
    "off": 14646,
    "sff": "tissue"
  },
  {
    "docID": "N218 Plant 2003",
    "et": "Tissue",
    "off": 13017,
    "sff": "tissue"
  },
  {
    "docID": "N218 Plant 2003",
    "et": "Tissue",
    "off": 35609,
    "sff": "tissue"
  },
  {
    "docID": "N218 Plant 2003",
    "et": "Tissue",
    "off": 15199,
    "sff": "tissue"
  },
  {
    "docID": "N218 Plant 2003",
    "et": "Tissue",
    "off": 36511,
    "sff": "tissue"
  },
  {
    "docID": "N218 Plant 2003",
    "et": "Tissue",
    "off": 15710,
    "sff": "tissue"
  },
  {
    "docID": "N218 Plant 2003",
    "et": "Tissue",
    "off": 24030,
    "sff": "tissue"
  },
  {
    "docID": "N218 Plant 2003",
    "et": "Tissue",
    "off": 33250,
    "sff": "tissue"
  },
  {
    "docID": "N218 Plant 2003",
    "et": "Tissue",
    "off": 18471,
    "sff": "tissue"
  },
  {
    "docID": "N218 Plant 2003",
    "et": "Tissue",
    "off": 44008,
    "sff": "tissue"
  },
  {
    "docID": "N218 Plant 2003",
    "et": "Tissue",
    "off": 17958,
    "sff": "Tissue"
  },
  {
    "docID": "N218 Plant 2003",
    "et": "Tissue",
    "off": 17996,
    "sff": "tissue"
  },
  {
    "docID": "N218 Plant 2003",
    "et": "Tissue",
    "off": 970,
    "sff": "tissue"
  },
  {
    "docID": "N218 Plant 2003",
    "et": "Tissue",
    "off": 2378,
    "sff": "tissue"
  },
  {
    "docID": "N218 Plant 2003",
    "et": "Tissue",
    "off": 14800,
    "sff": "tissue"
  },
  {
    "docID": "N218 Plant 2003",
    "et": "Tissue",
    "off": 15821,
    "sff": "tissue"
  },
  {
    "docID": "N218 Plant 2003",
    "et": "Tissue",
    "off": 5459,
    "sff": "tissue"
  },
  {
    "docID": "N218 Plant 2003",
    "et": "Tissue",
    "off": 17875,
    "sff": "tissue"
  },
  {
    "docID": "N218 Plant 2003",
    "et": "Tissue",
    "off": 35549,
    "sff": "Tissue"
  },
  {
    "docID": "N218 Plant 2003",
    "et": "Tissue",
    "off": 913,
    "sff": "tissue"
  },
  {
    "docID": "N218 Plant 2003",
    "et": "Tissue",
    "off": 19351,
    "sff": "tissue"
  },
  {
    "docID": "N218 Plant 2003",
    "et": "Tissue",
    "off": 41624,
    "sff": "tissue"
  },
  {
    "docID": "N218 Plant 2003",
    "et": "Tissue",
    "off": 5973,
    "sff": "tissue"
  },
  {
    "docID": "N218 Plant 2003",
    "et": "Tissue",
    "off": 25116,
    "sff": "Tissue"
  },
  {
    "docID": "N218 Plant 2003",
    "et": "Tissue",
    "off": 33174,
    "sff": "tissue"
  },
  {
    "docID": "N218 Plant 2003",
    "et": "Tissue",
    "off": 14683,
    "sff": "Tissue"
  },
  {
    "docID": "N218 Plant 2003",
    "et": "InjectionDelivery",
    "off": 44087,
    "sff": "injection"
  },
  {
    "docID": "N218 Plant 2003",
    "et": "InjectionDelivery",
    "off": 12342,
    "sff": "injection"
  },
  {
    "docID": "N218 Plant 2003",
    "et": "InjectionDelivery",
    "off": 44239,
    "sff": "injection"
  },
  {
    "docID": "N218 Plant 2003",
    "et": "InjectionDelivery",
    "off": 10160,
    "sff": "injection"
  },
  {
    "docID": "N218 Plant 2003",
    "et": "InjectionDelivery",
    "off": 11147,
    "sff": "injection"
  },
  {
    "docID": "N218 Plant 2003",
    "et": "InjectionDelivery",
    "off": 12620,
    "sff": "injection"
  },
  {
    "docID": "N218 Plant 2003",
    "et": "InjectionDelivery",
    "off": 11977,
    "sff": "injection"
  },
  {
    "docID": "N218 Plant 2003",
    "et": "InjectionDelivery",
    "off": 29769,
    "sff": "injection"
  },
  {
    "docID": "N218 Plant 2003",
    "et": "InjectionDelivery",
    "off": 10248,
    "sff": "injection"
  },
  {
    "docID": "N218 Plant 2003",
    "et": "InjectionDelivery",
    "off": 648,
    "sff": "injection"
  },
  {
    "docID": "N218 Plant 2003",
    "et": "InjectionDelivery",
    "off": 43906,
    "sff": "injection"
  },
  {
    "docID": "N218 Plant 2003",
    "et": "InjectionDelivery",
    "off": 10623,
    "sff": "injection"
  },
  {
    "docID": "N218 Plant 2003",
    "et": "InjectionDelivery",
    "off": 21472,
    "sff": "injection"
  },
  {
    "docID": "N218 Plant 2003",
    "et": "SpinalLesionSite",
    "off": 18316,
    "sff": "lesion"
  },
  {
    "docID": "N218 Plant 2003",
    "et": "SpinalLesionSite",
    "off": 27211,
    "sff": "lesion"
  },
  {
    "docID": "N218 Plant 2003",
    "et": "SpinalLesionSite",
    "off": 12167,
    "sff": "lesion"
  },
  {
    "docID": "N218 Plant 2003",
    "et": "SpinalLesionSite",
    "off": 19011,
    "sff": "lesion"
  },
  {
    "docID": "N218 Plant 2003",
    "et": "SpinalLesionSite",
    "off": 17429,
    "sff": "lesion site"
  },
  {
    "docID": "N218 Plant 2003",
    "et": "SpinalLesionSite",
    "off": 18815,
    "sff": "lesion"
  },
  {
    "docID": "N218 Plant 2003",
    "et": "SpinalLesionSite",
    "off": 28928,
    "sff": "lesion"
  },
  {
    "docID": "N218 Plant 2003",
    "et": "SpinalLesionSite",
    "off": 19692,
    "sff": "lesion site"
  },
  {
    "docID": "N218 Plant 2003",
    "et": "SpinalLesionSite",
    "off": 40108,
    "sff": "lesion site"
  },
  {
    "docID": "N218 Plant 2003",
    "et": "SpinalLesionSite",
    "off": 26138,
    "sff": "lesion"
  },
  {
    "docID": "N218 Plant 2003",
    "et": "SpinalLesionSite",
    "off": 15127,
    "sff": "lesion"
  },
  {
    "docID": "N218 Plant 2003",
    "et": "SpinalLesionSite",
    "off": 20631,
    "sff": "lesion"
  },
  {
    "docID": "N218 Plant 2003",
    "et": "SpinalLesionSite",
    "off": 37784,
    "sff": "lesion"
  },
  {
    "docID": "N218 Plant 2003",
    "et": "SpinalLesionSite",
    "off": 18899,
    "sff": "lesion"
  },
  {
    "docID": "N218 Plant 2003",
    "et": "SpinalLesionSite",
    "off": 831,
    "sff": "lesion site"
  },
  {
    "docID": "N218 Plant 2003",
    "et": "SpinalLesionSite",
    "off": 22844,
    "sff": "Lesion Site"
  },
  {
    "docID": "N218 Plant 2003",
    "et": "SpinalLesionSite",
    "off": 24999,
    "sff": "lesion"
  },
  {
    "docID": "N218 Plant 2003",
    "et": "SpinalLesionSite",
    "off": 10085,
    "sff": "lesion"
  },
  {
    "docID": "N218 Plant 2003",
    "et": "SpinalLesionSite",
    "off": 27045,
    "sff": "lesion"
  },
  {
    "docID": "N218 Plant 2003",
    "et": "SpinalLesionSite",
    "off": 12898,
    "sff": "lesion"
  },
  {
    "docID": "N218 Plant 2003",
    "et": "SpinalLesionSite",
    "off": 23736,
    "sff": "lesion site"
  },
  {
    "docID": "N218 Plant 2003",
    "et": "SpinalLesionSite",
    "off": 18014,
    "sff": "lesion"
  },
  {
    "docID": "N218 Plant 2003",
    "et": "SpinalLesionSite",
    "off": 26426,
    "sff": "lesion"
  },
  {
    "docID": "N218 Plant 2003",
    "et": "SpinalLesionSite",
    "off": 23539,
    "sff": "lesion"
  },
  {
    "docID": "N218 Plant 2003",
    "et": "SpinalLesionSite",
    "off": 20980,
    "sff": "lesion"
  },
  {
    "docID": "N218 Plant 2003",
    "et": "SpinalLesionSite",
    "off": 28338,
    "sff": "lesion"
  },
  {
    "docID": "N218 Plant 2003",
    "et": "SpinalLesionSite",
    "off": 33095,
    "sff": "lesion site"
  },
  {
    "docID": "N218 Plant 2003",
    "et": "RubrospinalTract",
    "off": 21845,
    "sff": "rubrospinal"
  },
  {
    "docID": "N218 Plant 2003",
    "et": "RubrospinalTract",
    "off": 31079,
    "sff": "rubrospinal"
  },
  {
    "docID": "N218 Plant 2003",
    "et": "RubrospinalTract",
    "off": 42381,
    "sff": "rubrospinal"
  },
  {
    "docID": "N218 Plant 2003",
    "et": "RubrospinalTract",
    "off": 39042,
    "sff": "rubrospinal"
  },
  {
    "docID": "N218 Plant 2003",
    "et": "Weight",
    "off": 11071,
    "sff": "100 mg"
  },
  {
    "docID": "N218 Plant 2003",
    "et": "Weight",
    "off": 28363,
    "sff": "4G"
  },
  {
    "docID": "N218 Plant 2003",
    "et": "Weight",
    "off": 9240,
    "sff": "10.0 g"
  },
  {
    "docID": "N218 Plant 2003",
    "et": "Weight",
    "off": 8821,
    "sff": "200 g"
  },
  {
    "docID": "N218 Plant 2003",
    "et": "Weight",
    "off": 9445,
    "sff": "100 mg"
  },
  {
    "docID": "N218 Plant 2003",
    "et": "T8",
    "off": 43202,
    "sff": "T8"
  },
  {
    "docID": "N218 Plant 2003",
    "et": "T9",
    "off": 9085,
    "sff": "T9"
  },
  {
    "docID": "N218 Plant 2003",
    "et": "Halothane",
    "off": 8880,
    "sff": "halothane"
  },
  {
    "docID": "N218 Plant 2003",
    "et": "AnimalCareCondition",
    "off": 8714,
    "sff": "Care"
  },
  {
    "docID": "N218 Plant 2003",
    "et": "AnimalCareCondition",
    "off": 5865,
    "sff": "Care"
  },
  {
    "docID": "N218 Plant 2003",
    "et": "AnimalCareCondition",
    "off": 10110,
    "sff": "care"
  },
  {
    "docID": "N218 Plant 2003",
    "et": "LateralHemisection",
    "off": 12311,
    "sff": "lateral"
  },
  {
    "docID": "N218 Plant 2003",
    "et": "Contusion",
    "off": 10492,
    "sff": "contusion"
  },
  {
    "docID": "N218 Plant 2003",
    "et": "Contusion",
    "off": 38140,
    "sff": "contusion"
  },
  {
    "docID": "N218 Plant 2003",
    "et": "Contusion",
    "off": 12157,
    "sff": "contusion"
  },
  {
    "docID": "N218 Plant 2003",
    "et": "Contusion",
    "off": 22655,
    "sff": "contusion"
  },
  {
    "docID": "N218 Plant 2003",
    "et": "Contusion",
    "off": 23104,
    "sff": "contusion"
  },
  {
    "docID": "N218 Plant 2003",
    "et": "Contusion",
    "off": 29510,
    "sff": "contusion"
  },
  {
    "docID": "N218 Plant 2003",
    "et": "Contusion",
    "off": 43720,
    "sff": "contusion"
  },
  {
    "docID": "N218 Plant 2003",
    "et": "Contusion",
    "off": 9514,
    "sff": "contusion"
  },
  {
    "docID": "N218 Plant 2003",
    "et": "Contusion",
    "off": 43755,
    "sff": "contusion"
  },
  {
    "docID": "N218 Plant 2003",
    "et": "Contusion",
    "off": 29548,
    "sff": "contusion"
  },
  {
    "docID": "N218 Plant 2003",
    "et": "Contusion",
    "off": 31980,
    "sff": "contusion"
  },
  {
    "docID": "N218 Plant 2003",
    "et": "Contusion",
    "off": 10413,
    "sff": "contusion"
  },
  {
    "docID": "N218 Plant 2003",
    "et": "Contusion",
    "off": 22509,
    "sff": "contusion"
  },
  {
    "docID": "N218 Plant 2003",
    "et": "Contusion",
    "off": 24365,
    "sff": "contusion"
  },
  {
    "docID": "N218 Plant 2003",
    "et": "Contusion",
    "off": 686,
    "sff": "contusion"
  },
  {
    "docID": "N218 Plant 2003",
    "et": "Contusion",
    "off": 39278,
    "sff": "contusion"
  },
  {
    "docID": "N218 Plant 2003",
    "et": "Contusion",
    "off": 623,
    "sff": "contusion"
  },
  {
    "docID": "N218 Plant 2003",
    "et": "Contusion",
    "off": 8617,
    "sff": "Contusion"
  },
  {
    "docID": "N218 Plant 2003",
    "et": "Contusion",
    "off": 35318,
    "sff": "contusion"
  },
  {
    "docID": "N218 Plant 2003",
    "et": "Contusion",
    "off": 11960,
    "sff": "contusion"
  },
  {
    "docID": "N218 Plant 2003",
    "et": "Contusion",
    "off": 25592,
    "sff": "contusion"
  },
  {
    "docID": "N218 Plant 2003",
    "et": "Contusion",
    "off": 29816,
    "sff": "contusion"
  },
  {
    "docID": "N218 Plant 2003",
    "et": "Contusion",
    "off": 34872,
    "sff": "contusion"
  },
  {
    "docID": "N218 Plant 2003",
    "et": "Contusion",
    "off": 32731,
    "sff": "contusion"
  },
  {
    "docID": "N218 Plant 2003",
    "et": "Contusion",
    "off": 34460,
    "sff": "contusion"
  },
  {
    "docID": "N218 Plant 2003",
    "et": "Contusion",
    "off": 24989,
    "sff": "contusion"
  },
  {
    "docID": "N218 Plant 2003",
    "et": "Contusion",
    "off": 25565,
    "sff": "contusion"
  },
  {
    "docID": "N218 Plant 2003",
    "et": "Contusion",
    "off": 31774,
    "sff": "contusion"
  },
  {
    "docID": "N218 Plant 2003",
    "et": "Contusion",
    "off": 23073,
    "sff": "contusion"
  },
  {
    "docID": "N218 Plant 2003",
    "et": "Contusion",
    "off": 38819,
    "sff": "contusion"
  },
  {
    "docID": "N218 Plant 2003",
    "et": "Contusion",
    "off": 41932,
    "sff": "contusion"
  },
  {
    "docID": "N218 Plant 2003",
    "et": "Contusion",
    "off": 4814,
    "sff": "contusion"
  },
  {
    "docID": "N218 Plant 2003",
    "et": "Contusion",
    "off": 43982,
    "sff": "contusion"
  },
  {
    "docID": "N218 Plant 2003",
    "et": "Contusion",
    "off": 19090,
    "sff": "contusion"
  },
  {
    "docID": "N218 Plant 2003",
    "et": "Contusion",
    "off": 11347,
    "sff": "contusion"
  },
  {
    "docID": "N218 Plant 2003",
    "et": "Contusion",
    "off": 32852,
    "sff": "contusion"
  },
  {
    "docID": "N218 Plant 2003",
    "et": "Contusion",
    "off": 11285,
    "sff": "contusion"
  },
  {
    "docID": "N218 Plant 2003",
    "et": "Contusion",
    "off": 9558,
    "sff": "contusion"
  },
  {
    "docID": "N218 Plant 2003",
    "et": "Contusion",
    "off": 20056,
    "sff": "contusion"
  },
  {
    "docID": "N218 Plant 2003",
    "et": "Saline",
    "off": 13275,
    "sff": "saline"
  },
  {
    "docID": "N218 Plant 2003",
    "et": "Saline",
    "off": 12687,
    "sff": "saline"
  },
  {
    "docID": "N218 Plant 2003",
    "et": "Dosage",
    "off": 23348,
    "sff": "5 mm"
  },
  {
    "docID": "N218 Plant 2003",
    "et": "Dosage",
    "off": 13561,
    "sff": "5%"
  },
  {
    "docID": "N218 Plant 2003",
    "et": "Dosage",
    "off": 12119,
    "sff": "7 mm"
  },
  {
    "docID": "N218 Plant 2003",
    "et": "Dosage",
    "off": 24655,
    "sff": "1.3%"
  },
  {
    "docID": "N218 Plant 2003",
    "et": "Dosage",
    "off": 6522,
    "sff": "20 µg/ mL"
  },
  {
    "docID": "N218 Plant 2003",
    "et": "Dosage",
    "off": 7580,
    "sff": "20 µg/mL"
  },
  {
    "docID": "N218 Plant 2003",
    "et": "Dosage",
    "off": 28671,
    "sff": "20 mm"
  },
  {
    "docID": "N218 Plant 2003",
    "et": "Dosage",
    "off": 28363,
    "sff": "4G"
  },
  {
    "docID": "N218 Plant 2003",
    "et": "Dosage",
    "off": 9886,
    "sff": "0.05 mg/mL"
  },
  {
    "docID": "N218 Plant 2003",
    "et": "Dosage",
    "off": 9856,
    "sff": "15 IU/mL"
  },
  {
    "docID": "N218 Plant 2003",
    "et": "Dosage",
    "off": 1798,
    "sff": "5%"
  },
  {
    "docID": "N218 Plant 2003",
    "et": "Dosage",
    "off": 7818,
    "sff": "20 µg/mL"
  },
  {
    "docID": "N218 Plant 2003",
    "et": "Dosage",
    "off": 11091,
    "sff": "300 U/mL"
  },
  {
    "docID": "N218 Plant 2003",
    "et": "Dosage",
    "off": 1762,
    "sff": "4%"
  },
  {
    "docID": "N218 Plant 2003",
    "et": "Dosage",
    "off": 1713,
    "sff": "68%"
  },
  {
    "docID": "N218 Plant 2003",
    "et": "Dosage",
    "off": 6392,
    "sff": "10%"
  },
  {
    "docID": "N218 Plant 2003",
    "et": "Dosage",
    "off": 9818,
    "sff": "1%"
  },
  {
    "docID": "N218 Plant 2003",
    "et": "Dosage",
    "off": 38395,
    "sff": "60%"
  },
  {
    "docID": "N218 Plant 2003",
    "et": "Dosage",
    "off": 35780,
    "sff": "18%"
  },
  {
    "docID": "N218 Plant 2003",
    "et": "Dosage",
    "off": 9253,
    "sff": "12.5 mm"
  },
  {
    "docID": "N218 Plant 2003",
    "et": "Dosage",
    "off": 9649,
    "sff": "5-µL"
  },
  {
    "docID": "N218 Plant 2003",
    "et": "Dosage",
    "off": 12323,
    "sff": "1.2 mm"
  },
  {
    "docID": "N218 Plant 2003",
    "et": "Dosage",
    "off": 12265,
    "sff": "0.5 µL"
  },
  {
    "docID": "N218 Plant 2003",
    "et": "Dosage",
    "off": 12984,
    "sff": "30%"
  },
  {
    "docID": "N218 Plant 2003",
    "et": "Dosage",
    "off": 26207,
    "sff": "4 mm"
  },
  {
    "docID": "N218 Plant 2003",
    "et": "Dosage",
    "off": 24540,
    "sff": "2.1%"
  },
  {
    "docID": "N218 Plant 2003",
    "et": "Dosage",
    "off": 24413,
    "sff": "3.8%"
  },
  {
    "docID": "N218 Plant 2003",
    "et": "Dosage",
    "off": 30955,
    "sff": "109%"
  },
  {
    "docID": "N218 Plant 2003",
    "et": "Dosage",
    "off": 10961,
    "sff": "5 mL"
  },
  {
    "docID": "N218 Plant 2003",
    "et": "Dosage",
    "off": 39497,
    "sff": "20 mm"
  },
  {
    "docID": "N218 Plant 2003",
    "et": "Dosage",
    "off": 28642,
    "sff": "4 mm"
  },
  {
    "docID": "N218 Plant 2003",
    "et": "Dosage",
    "off": 8452,
    "sff": "100 mM"
  },
  {
    "docID": "N218 Plant 2003",
    "et": "Dosage",
    "off": 12304,
    "sff": "0.5 mm"
  },
  {
    "docID": "N218 Plant 2003",
    "et": "Dosage",
    "off": 13538,
    "sff": "0.3%"
  },
  {
    "docID": "N218 Plant 2003",
    "et": "Dosage",
    "off": 6237,
    "sff": "50 µg/mL"
  },
  {
    "docID": "N218 Plant 2003",
    "et": "Dosage",
    "off": 9930,
    "sff": "8 mM"
  },
  {
    "docID": "N218 Plant 2003",
    "et": "Dosage",
    "off": 8877,
    "sff": "1%"
  },
  {
    "docID": "N218 Plant 2003",
    "et": "Dosage",
    "off": 24564,
    "sff": "4.1%"
  },
  {
    "docID": "N218 Plant 2003",
    "et": "Dosage",
    "off": 7688,
    "sff": "0.05%"
  },
  {
    "docID": "N218 Plant 2003",
    "et": "Dosage",
    "off": 11063,
    "sff": "0.02 mL/100 mg body weight"
  },
  {
    "docID": "N218 Plant 2003",
    "et": "Dosage",
    "off": 1368,
    "sff": "20 mm"
  },
  {
    "docID": "N218 Plant 2003",
    "et": "Dosage",
    "off": 956,
    "sff": "54%"
  },
  {
    "docID": "N218 Plant 2003",
    "et": "Dosage",
    "off": 12708,
    "sff": "4%"
  },
  {
    "docID": "N218 Plant 2003",
    "et": "Dosage",
    "off": 6178,
    "sff": "0.25%"
  },
  {
    "docID": "N218 Plant 2003",
    "et": "Dosage",
    "off": 12834,
    "sff": "4%"
  },
  {
    "docID": "N218 Plant 2003",
    "et": "Dosage",
    "off": 4046,
    "sff": "40%"
  },
  {
    "docID": "N218 Plant 2003",
    "et": "Dosage",
    "off": 6404,
    "sff": "50 µg/mL"
  },
  {
    "docID": "N218 Plant 2003",
    "et": "Dosage",
    "off": 13051,
    "sff": "10%"
  },
  {
    "docID": "N218 Plant 2003",
    "et": "Dosage",
    "off": 7706,
    "sff": "0.02%"
  },
  {
    "docID": "N218 Plant 2003",
    "et": "Dosage",
    "off": 9780,
    "sff": "5 mL"
  },
  {
    "docID": "N218 Plant 2003",
    "et": "Dosage",
    "off": 9983,
    "sff": "1 mm"
  },
  {
    "docID": "N218 Plant 2003",
    "et": "Dosage",
    "off": 28583,
    "sff": "20 mm"
  },
  {
    "docID": "N218 Plant 2003",
    "et": "Dosage",
    "off": 8821,
    "sff": "200 g"
  },
  {
    "docID": "N218 Plant 2003",
    "et": "Dosage",
    "off": 10243,
    "sff": "5-µL"
  },
  {
    "docID": "N218 Plant 2003",
    "et": "Dosage",
    "off": 38473,
    "sff": "6%"
  },
  {
    "docID": "N218 Plant 2003",
    "et": "Dosage",
    "off": 9810,
    "sff": "5 µL"
  },
  {
    "docID": "N218 Plant 2003",
    "et": "Dosage",
    "off": 35749,
    "sff": "11%"
  },
  {
    "docID": "N218 Plant 2003",
    "et": "Dosage",
    "off": 7629,
    "sff": "6%"
  },
  {
    "docID": "N218 Plant 2003",
    "et": "Dosage",
    "off": 10798,
    "sff": "0.2 mm"
  },
  {
    "docID": "N218 Plant 2003",
    "et": "Dosage",
    "off": 24631,
    "sff": "2.3%"
  },
  {
    "docID": "N218 Plant 2003",
    "et": "Dosage",
    "off": 1777,
    "sff": "4%"
  },
  {
    "docID": "N218 Plant 2003",
    "et": "Dosage",
    "off": 9240,
    "sff": "10.0 g"
  },
  {
    "docID": "N218 Plant 2003",
    "et": "Dosage",
    "off": 6892,
    "sff": "0.05%"
  },
  {
    "docID": "N218 Plant 2003",
    "et": "Dosage",
    "off": 12228,
    "sff": "1-µL"
  },
  {
    "docID": "N218 Plant 2003",
    "et": "Dosage",
    "off": 7331,
    "sff": "5%"
  },
  {
    "docID": "N218 Plant 2003",
    "et": "Dosage",
    "off": 9465,
    "sff": "300 U/mL"
  },
  {
    "docID": "N218 Plant 2003",
    "et": "Dosage",
    "off": 6910,
    "sff": "0.02%"
  },
  {
    "docID": "N218 Plant 2003",
    "et": "Dosage",
    "off": 9437,
    "sff": "0.02 mL/100 mg body weight"
  },
  {
    "docID": "N218 Plant 2003",
    "et": "BladderExpression",
    "off": 11162,
    "sff": "bladder"
  },
  {
    "docID": "N218 Plant 2003",
    "et": "BladderExpression",
    "off": 9407,
    "sff": "bladder"
  },
  {
    "docID": "N218 Plant 2003",
    "et": "PBS",
    "off": 13283,
    "sff": "PBS"
  },
  {
    "docID": "N218 Plant 2003",
    "et": "PBS",
    "off": 13481,
    "sff": "PBS"
  },
  {
    "docID": "N218 Plant 2003",
    "et": "PBS",
    "off": 13529,
    "sff": "PBS"
  },
  {
    "docID": "N218 Plant 2003",
    "et": "Duration",
    "off": 32862,
    "sff": "7 d"
  },
  {
    "docID": "N218 Plant 2003",
    "et": "Duration",
    "off": 35674,
    "sff": "7 d"
  },
  {
    "docID": "N218 Plant 2003",
    "et": "Duration",
    "off": 25644,
    "sff": "8 weeks"
  },
  {
    "docID": "N218 Plant 2003",
    "et": "Duration",
    "off": 28733,
    "sff": "7 Days"
  },
  {
    "docID": "N218 Plant 2003",
    "et": "Duration",
    "off": 35627,
    "sff": "8 weeks"
  },
  {
    "docID": "N218 Plant 2003",
    "et": "Duration",
    "off": 11358,
    "sff": "7 d"
  },
  {
    "docID": "N218 Plant 2003",
    "et": "Duration",
    "off": 32933,
    "sff": "6 weeks"
  },
  {
    "docID": "N218 Plant 2003",
    "et": "Duration",
    "off": 27736,
    "sff": "7 d"
  },
  {
    "docID": "N218 Plant 2003",
    "et": "Duration",
    "off": 29928,
    "sff": "0 days"
  },
  {
    "docID": "N218 Plant 2003",
    "et": "Duration",
    "off": 32046,
    "sff": "8 weeks"
  },
  {
    "docID": "N218 Plant 2003",
    "et": "Duration",
    "off": 13489,
    "sff": "10 min"
  },
  {
    "docID": "N218 Plant 2003",
    "et": "Duration",
    "off": 11310,
    "sff": "2) 0 d"
  },
  {
    "docID": "N218 Plant 2003",
    "et": "Duration",
    "off": 17617,
    "sff": "2 months"
  },
  {
    "docID": "N218 Plant 2003",
    "et": "Duration",
    "off": 18036,
    "sff": "0 d"
  },
  {
    "docID": "N218 Plant 2003",
    "et": "Duration",
    "off": 23114,
    "sff": "7 d"
  },
  {
    "docID": "N218 Plant 2003",
    "et": "Duration",
    "off": 30069,
    "sff": "0 d"
  },
  {
    "docID": "N218 Plant 2003",
    "et": "Duration",
    "off": 23876,
    "sff": "7 d"
  },
  {
    "docID": "N218 Plant 2003",
    "et": "Duration",
    "off": 31337,
    "sff": "0 d"
  },
  {
    "docID": "N218 Plant 2003",
    "et": "Duration",
    "off": 29301,
    "sff": "7d"
  },
  {
    "docID": "N218 Plant 2003",
    "et": "Duration",
    "off": 31305,
    "sff": "7 d"
  },
  {
    "docID": "N218 Plant 2003",
    "et": "Duration",
    "off": 32578,
    "sff": "7 d"
  },
  {
    "docID": "N218 Plant 2003",
    "et": "Duration",
    "off": 32830,
    "sff": "7 d"
  },
  {
    "docID": "N218 Plant 2003",
    "et": "Duration",
    "off": 23559,
    "sff": "8 weeks"
  },
  {
    "docID": "N218 Plant 2003",
    "et": "Duration",
    "off": 30751,
    "sff": "7 days"
  },
  {
    "docID": "N218 Plant 2003",
    "et": "Duration",
    "off": 779,
    "sff": "8 weeks"
  },
  {
    "docID": "N218 Plant 2003",
    "et": "Duration",
    "off": 11853,
    "sff": "1 week"
  },
  {
    "docID": "N218 Plant 2003",
    "et": "Duration",
    "off": 27816,
    "sff": "0 d"
  },
  {
    "docID": "N218 Plant 2003",
    "et": "Duration",
    "off": 10707,
    "sff": "7-day"
  },
  {
    "docID": "N218 Plant 2003",
    "et": "Duration",
    "off": 10697,
    "sff": "30-min"
  },
  {
    "docID": "N218 Plant 2003",
    "et": "Duration",
    "off": 35780,
    "sff": "18% (7 d"
  },
  {
    "docID": "N218 Plant 2003",
    "et": "Duration",
    "off": 30109,
    "sff": "0 d"
  },
  {
    "docID": "N218 Plant 2003",
    "et": "Duration",
    "off": 24375,
    "sff": "7 d"
  },
  {
    "docID": "N218 Plant 2003",
    "et": "Duration",
    "off": 1440,
    "sff": "0 d"
  },
  {
    "docID": "N218 Plant 2003",
    "et": "Duration",
    "off": 11278,
    "sff": "1) 0 d"
  },
  {
    "docID": "N218 Plant 2003",
    "et": "Duration",
    "off": 37936,
    "sff": "7 d"
  },
  {
    "docID": "N218 Plant 2003",
    "et": "Duration",
    "off": 14890,
    "sff": "7 d"
  },
  {
    "docID": "N218 Plant 2003",
    "et": "Duration",
    "off": 22813,
    "sff": "8 weeks"
  },
  {
    "docID": "N218 Plant 2003",
    "et": "Duration",
    "off": 9614,
    "sff": "30 min"
  },
  {
    "docID": "N218 Plant 2003",
    "et": "Duration",
    "off": 31547,
    "sff": "7 Days"
  },
  {
    "docID": "N218 Plant 2003",
    "et": "Duration",
    "off": 32138,
    "sff": "0 d"
  },
  {
    "docID": "N218 Plant 2003",
    "et": "Duration",
    "off": 2089,
    "sff": "7 d"
  },
  {
    "docID": "N218 Plant 2003",
    "et": "Duration",
    "off": 41863,
    "sff": "8-week"
  },
  {
    "docID": "N218 Plant 2003",
    "et": "Duration",
    "off": 27119,
    "sff": "3D"
  },
  {
    "docID": "N218 Plant 2003",
    "et": "Duration",
    "off": 29506,
    "sff": "0 d"
  },
  {
    "docID": "N218 Plant 2003",
    "et": "Duration",
    "off": 575,
    "sff": "7 days"
  },
  {
    "docID": "N218 Plant 2003",
    "et": "Duration",
    "off": 23849,
    "sff": "1D"
  },
  {
    "docID": "N218 Plant 2003",
    "et": "Duration",
    "off": 1094,
    "sff": "0 d"
  },
  {
    "docID": "N218 Plant 2003",
    "et": "Duration",
    "off": 18335,
    "sff": "7 d"
  },
  {
    "docID": "N218 Plant 2003",
    "et": "Duration",
    "off": 7169,
    "sff": "0.05 M"
  },
  {
    "docID": "N218 Plant 2003",
    "et": "Duration",
    "off": 32709,
    "sff": "7d"
  },
  {
    "docID": "N218 Plant 2003",
    "et": "Duration",
    "off": 32409,
    "sff": "7 d"
  },
  {
    "docID": "N218 Plant 2003",
    "et": "Duration",
    "off": 20043,
    "sff": "7 days"
  },
  {
    "docID": "N218 Plant 2003",
    "et": "Duration",
    "off": 31125,
    "sff": "7 d"
  },
  {
    "docID": "N218 Plant 2003",
    "et": "Duration",
    "off": 1164,
    "sff": "7 d"
  },
  {
    "docID": "N218 Plant 2003",
    "et": "Duration",
    "off": 7037,
    "sff": "30 min"
  },
  {
    "docID": "N218 Plant 2003",
    "et": "Duration",
    "off": 14981,
    "sff": "7 d"
  },
  {
    "docID": "N218 Plant 2003",
    "et": "Duration",
    "off": 30855,
    "sff": "7 d"
  },
  {
    "docID": "N218 Plant 2003",
    "et": "Duration",
    "off": 34304,
    "sff": "8 weeks"
  },
  {
    "docID": "N218 Plant 2003",
    "et": "Duration",
    "off": 23039,
    "sff": "8 weeks"
  },
  {
    "docID": "N218 Plant 2003",
    "et": "Duration",
    "off": 22359,
    "sff": "7 days"
  },
  {
    "docID": "N218 Plant 2003",
    "et": "Duration",
    "off": 30507,
    "sff": "0 d"
  },
  {
    "docID": "N218 Plant 2003",
    "et": "Duration",
    "off": 22665,
    "sff": "7 d"
  },
  {
    "docID": "N218 Plant 2003",
    "et": "Duration",
    "off": 31106,
    "sff": "7 d"
  },
  {
    "docID": "N218 Plant 2003",
    "et": "Duration",
    "off": 33034,
    "sff": "7 weeks"
  },
  {
    "docID": "N218 Plant 2003",
    "et": "Duration",
    "off": 9501,
    "sff": "6 days"
  },
  {
    "docID": "N218 Plant 2003",
    "et": "Duration",
    "off": 11787,
    "sff": "7-day"
  },
  {
    "docID": "N218 Plant 2003",
    "et": "Duration",
    "off": 34398,
    "sff": "7 days"
  },
  {
    "docID": "N218 Plant 2003",
    "et": "Duration",
    "off": 24705,
    "sff": "7 d"
  },
  {
    "docID": "N218 Plant 2003",
    "et": "Duration",
    "off": 1663,
    "sff": "7 d"
  },
  {
    "docID": "N218 Plant 2003",
    "et": "Duration",
    "off": 8326,
    "sff": "3 h"
  },
  {
    "docID": "N218 Plant 2003",
    "et": "Duration",
    "off": 14951,
    "sff": "0 d"
  },
  {
    "docID": "N218 Plant 2003",
    "et": "Duration",
    "off": 30311,
    "sff": "0 d"
  },
  {
    "docID": "N218 Plant 2003",
    "et": "Duration",
    "off": 29558,
    "sff": "7 d"
  },
  {
    "docID": "N218 Plant 2003",
    "et": "Duration",
    "off": 32977,
    "sff": "8 weeks"
  },
  {
    "docID": "N218 Plant 2003",
    "et": "Duration",
    "off": 932,
    "sff": "7d"
  },
  {
    "docID": "N218 Plant 2003",
    "et": "Duration",
    "off": 1116,
    "sff": "0 d"
  },
  {
    "docID": "N218 Plant 2003",
    "et": "Duration",
    "off": 1138,
    "sff": "7 d"
  },
  {
    "docID": "N218 Plant 2003",
    "et": "Duration",
    "off": 27763,
    "sff": "7 d"
  },
  {
    "docID": "N218 Plant 2003",
    "et": "Duration",
    "off": 22775,
    "sff": "0.02 (3 days"
  },
  {
    "docID": "N218 Plant 2003",
    "et": "Duration",
    "off": 11630,
    "sff": "7 days"
  },
  {
    "docID": "N218 Plant 2003",
    "et": "Duration",
    "off": 20927,
    "sff": "0 days"
  },
  {
    "docID": "N218 Plant 2003",
    "et": "Duration",
    "off": 11384,
    "sff": "4) 0 d"
  },
  {
    "docID": "N218 Plant 2003",
    "et": "Duration",
    "off": 32219,
    "sff": "8 weeks"
  },
  {
    "docID": "N218 Plant 2003",
    "et": "Duration",
    "off": 24686,
    "sff": "7 d"
  },
  {
    "docID": "N218 Plant 2003",
    "et": "Duration",
    "off": 32374,
    "sff": "7 days"
  },
  {
    "docID": "N218 Plant 2003",
    "et": "Duration",
    "off": 14921,
    "sff": "0 d"
  },
  {
    "docID": "N218 Plant 2003",
    "et": "Duration",
    "off": 30025,
    "sff": "0 d"
  },
  {
    "docID": "N218 Plant 2003",
    "et": "Duration",
    "off": 30540,
    "sff": "0 d"
  },
  {
    "docID": "N218 Plant 2003",
    "et": "Duration",
    "off": 32895,
    "sff": "3 days"
  },
  {
    "docID": "N218 Plant 2003",
    "et": "Duration",
    "off": 1895,
    "sff": "7 d"
  },
  {
    "docID": "N218 Plant 2003",
    "et": "Duration",
    "off": 22597,
    "sff": "7 day"
  },
  {
    "docID": "N218 Plant 2003",
    "et": "Duration",
    "off": 28620,
    "sff": "4H"
  },
  {
    "docID": "N218 Plant 2003",
    "et": "Duration",
    "off": 32773,
    "sff": "1 week"
  },
  {
    "docID": "N218 Plant 2003",
    "et": "Duration",
    "off": 21115,
    "sff": "7 days"
  },
  {
    "docID": "N218 Plant 2003",
    "et": "Duration",
    "off": 23421,
    "sff": "7 days"
  },
  {
    "docID": "N218 Plant 2003",
    "et": "Duration",
    "off": 32479,
    "sff": "7 d"
  },
  {
    "docID": "N218 Plant 2003",
    "et": "Duration",
    "off": 12753,
    "sff": "0.1 M"
  },
  {
    "docID": "N218 Plant 2003",
    "et": "Duration",
    "off": 18133,
    "sff": "7 d"
  },
  {
    "docID": "N218 Plant 2003",
    "et": "Duration",
    "off": 35167,
    "sff": "10 days"
  },
  {
    "docID": "N218 Plant 2003",
    "et": "Duration",
    "off": 41942,
    "sff": "7 d"
  },
  {
    "docID": "N218 Plant 2003",
    "et": "Duration",
    "off": 19077,
    "sff": "7 days"
  },
  {
    "docID": "N218 Plant 2003",
    "et": "Duration",
    "off": 23903,
    "sff": "1D"
  },
  {
    "docID": "N218 Plant 2003",
    "et": "Duration",
    "off": 32795,
    "sff": "6 weeks"
  },
  {
    "docID": "N218 Plant 2003",
    "et": "Duration",
    "off": 7790,
    "sff": "10S"
  },
  {
    "docID": "N218 Plant 2003",
    "et": "Duration",
    "off": 17917,
    "sff": "0 d"
  },
  {
    "docID": "N218 Plant 2003",
    "et": "Duration",
    "off": 43731,
    "sff": "7 d"
  },
  {
    "docID": "N218 Plant 2003",
    "et": "Duration",
    "off": 36096,
    "sff": "0 d"
  },
  {
    "docID": "N218 Plant 2003",
    "et": "Duration",
    "off": 18637,
    "sff": "7 d"
  },
  {
    "docID": "N218 Plant 2003",
    "et": "Duration",
    "off": 31931,
    "sff": "8 weeks"
  },
  {
    "docID": "N218 Plant 2003",
    "et": "Duration",
    "off": 32101,
    "sff": "0 days"
  },
  {
    "docID": "N218 Plant 2003",
    "et": "Duration",
    "off": 7552,
    "sff": "10S"
  },
  {
    "docID": "N218 Plant 2003",
    "et": "Duration",
    "off": 9627,
    "sff": "7 days"
  },
  {
    "docID": "N218 Plant 2003",
    "et": "Duration",
    "off": 565,
    "sff": "30 min"
  },
  {
    "docID": "N218 Plant 2003",
    "et": "Duration",
    "off": 5277,
    "sff": "7 days"
  },
  {
    "docID": "N218 Plant 2003",
    "et": "Duration",
    "off": 35183,
    "sff": "3‚Äì4 days"
  },
  {
    "docID": "N218 Plant 2003",
    "et": "Duration",
    "off": 673,
    "sff": "7 days"
  },
  {
    "docID": "N218 Plant 2003",
    "et": "Duration",
    "off": 32741,
    "sff": "7d"
  },
  {
    "docID": "N218 Plant 2003",
    "et": "Duration",
    "off": 31836,
    "sff": "1 day"
  },
  {
    "docID": "N218 Plant 2003",
    "et": "Duration",
    "off": 11412,
    "sff": "5) 0 d"
  },
  {
    "docID": "N218 Plant 2003",
    "et": "Duration",
    "off": 30899,
    "sff": "7 d"
  },
  {
    "docID": "N218 Plant 2003",
    "et": "Duration",
    "off": 15019,
    "sff": "7 d"
  },
  {
    "docID": "N218 Plant 2003",
    "et": "Duration",
    "off": 32276,
    "sff": "0 d"
  },
  {
    "docID": "N218 Plant 2003",
    "et": "Duration",
    "off": 26262,
    "sff": "8 weeks"
  },
  {
    "docID": "N218 Plant 2003",
    "et": "Duration",
    "off": 36267,
    "sff": "7 d"
  },
  {
    "docID": "N218 Plant 2003",
    "et": "Duration",
    "off": 6494,
    "sff": "10S"
  },
  {
    "docID": "N218 Plant 2003",
    "et": "Duration",
    "off": 13288,
    "sff": "0.1 M"
  },
  {
    "docID": "N218 Plant 2003",
    "et": "Duration",
    "off": 11134,
    "sff": "6 days"
  },
  {
    "docID": "N218 Plant 2003",
    "et": "Duration",
    "off": 41893,
    "sff": "7 d"
  },
  {
    "docID": "N218 Plant 2003",
    "et": "Duration",
    "off": 12421,
    "sff": "3 min"
  },
  {
    "docID": "N218 Plant 2003",
    "et": "Duration",
    "off": 27843,
    "sff": "0 d"
  },
  {
    "docID": "N218 Plant 2003",
    "et": "Duration",
    "off": 6288,
    "sff": "60 min"
  },
  {
    "docID": "N218 Plant 2003",
    "et": "Duration",
    "off": 31254,
    "sff": "7 d"
  },
  {
    "docID": "N218 Plant 2003",
    "et": "Duration",
    "off": 11207,
    "sff": "7-14 days"
  },
  {
    "docID": "N218 Plant 2003",
    "et": "Duration",
    "off": 33904,
    "sff": "8 weeks"
  },
  {
    "docID": "N218 Plant 2003",
    "et": "Duration",
    "off": 4865,
    "sff": "30 min"
  },
  {
    "docID": "N218 Plant 2003",
    "et": "Duration",
    "off": 20761,
    "sff": "7 d"
  },
  {
    "docID": "N218 Plant 2003",
    "et": "Duration",
    "off": 24510,
    "sff": "0 d"
  },
  {
    "docID": "N218 Plant 2003",
    "et": "Duration",
    "off": 12363,
    "sff": "5 min"
  },
  {
    "docID": "N218 Plant 2003",
    "et": "Duration",
    "off": 4886,
    "sff": "7 d"
  },
  {
    "docID": "N218 Plant 2003",
    "et": "Duration",
    "off": 1549,
    "sff": "7 d"
  },
  {
    "docID": "N218 Plant 2003",
    "et": "Duration",
    "off": 11440,
    "sff": "6) 7 d"
  },
  {
    "docID": "N218 Plant 2003",
    "et": "Duration",
    "off": 22453,
    "sff": "0 d"
  },
  {
    "docID": "N218 Plant 2003",
    "et": "Duration",
    "off": 41995,
    "sff": "7 d"
  },
  {
    "docID": "N218 Plant 2003",
    "et": "Duration",
    "off": 7743,
    "sff": "10S"
  },
  {
    "docID": "N218 Plant 2003",
    "et": "Duration",
    "off": 38150,
    "sff": "7 d"
  },
  {
    "docID": "N218 Plant 2003",
    "et": "Duration",
    "off": 35749,
    "sff": "11% (0 d"
  },
  {
    "docID": "N218 Plant 2003",
    "et": "Duration",
    "off": 31448,
    "sff": "7 days"
  },
  {
    "docID": "N218 Plant 2003",
    "et": "Duration",
    "off": 11672,
    "sff": "2 months"
  },
  {
    "docID": "N218 Plant 2003",
    "et": "Duration",
    "off": 24491,
    "sff": "0 d"
  },
  {
    "docID": "N218 Plant 2003",
    "et": "Duration",
    "off": 25603,
    "sff": "7 d"
  },
  {
    "docID": "N218 Plant 2003",
    "et": "Duration",
    "off": 35838,
    "sff": "7 d"
  },
  {
    "docID": "N218 Plant 2003",
    "et": "Duration",
    "off": 12826,
    "sff": "24 h"
  },
  {
    "docID": "N218 Plant 2003",
    "et": "Duration",
    "off": 32332,
    "sff": "8 weeks"
  },
  {
    "docID": "N218 Plant 2003",
    "et": "Duration",
    "off": 31990,
    "sff": "7 d"
  },
  {
    "docID": "N218 Plant 2003",
    "et": "Duration",
    "off": 10272,
    "sff": "6 min"
  },
  {
    "docID": "N218 Plant 2003",
    "et": "Duration",
    "off": 11945,
    "sff": "2 months"
  },
  {
    "docID": "N218 Plant 2003",
    "et": "Duration",
    "off": 13615,
    "sff": "1 h"
  },
  {
    "docID": "N218 Plant 2003",
    "et": "Duration",
    "off": 33867,
    "sff": "0 days"
  },
  {
    "docID": "N218 Plant 2003",
    "et": "Duration",
    "off": 32914,
    "sff": "1 week"
  },
  {
    "docID": "N218 Plant 2003",
    "et": "Duration",
    "off": 32953,
    "sff": "7 weeks"
  },
  {
    "docID": "N218 Plant 2003",
    "et": "Duration",
    "off": 10475,
    "sff": "7 days"
  },
  {
    "docID": "N218 Plant 2003",
    "et": "Duration",
    "off": 20703,
    "sff": "0 d"
  },
  {
    "docID": "N218 Plant 2003",
    "et": "Duration",
    "off": 11472,
    "sff": "7) 7 d"
  },
  {
    "docID": "N218 Plant 2003",
    "et": "Duration",
    "off": 33267,
    "sff": "7 days"
  },
  {
    "docID": "N218 Plant 2003",
    "et": "Duration",
    "off": 7611,
    "sff": "2 days"
  },
  {
    "docID": "N218 Plant 2003",
    "et": "Duration",
    "off": 21750,
    "sff": "7 days"
  },
  {
    "docID": "N218 Plant 2003",
    "et": "Duration",
    "off": 7343,
    "sff": "2 h"
  },
  {
    "docID": "N218 Plant 2003",
    "et": "Duration",
    "off": 6429,
    "sff": "10S"
  },
  {
    "docID": "N218 Plant 2003",
    "et": "Duration",
    "off": 20457,
    "sff": "7 d"
  },
  {
    "docID": "N218 Plant 2003",
    "et": "Duration",
    "off": 24965,
    "sff": "1 week"
  },
  {
    "docID": "N218 Plant 2003",
    "et": "LesionAdjacentTissue",
    "off": 12898,
    "sff": "lesion"
  },
  {
    "docID": "N218 Plant 2003",
    "et": "LesionAdjacentTissue",
    "off": 10085,
    "sff": "lesion"
  },
  {
    "docID": "N218 Plant 2003",
    "et": "LesionAdjacentTissue",
    "off": 27045,
    "sff": "lesion"
  },
  {
    "docID": "N218 Plant 2003",
    "et": "LesionAdjacentTissue",
    "off": 24999,
    "sff": "lesion"
  },
  {
    "docID": "N218 Plant 2003",
    "et": "LesionAdjacentTissue",
    "off": 19692,
    "sff": "lesion"
  },
  {
    "docID": "N218 Plant 2003",
    "et": "LesionAdjacentTissue",
    "off": 40108,
    "sff": "lesion"
  },
  {
    "docID": "N218 Plant 2003",
    "et": "LesionAdjacentTissue",
    "off": 18899,
    "sff": "lesion"
  },
  {
    "docID": "N218 Plant 2003",
    "et": "LesionAdjacentTissue",
    "off": 17429,
    "sff": "lesion"
  },
  {
    "docID": "N218 Plant 2003",
    "et": "LesionAdjacentTissue",
    "off": 15127,
    "sff": "lesion"
  },
  {
    "docID": "N218 Plant 2003",
    "et": "LesionAdjacentTissue",
    "off": 20631,
    "sff": "lesion"
  },
  {
    "docID": "N218 Plant 2003",
    "et": "LesionAdjacentTissue",
    "off": 37784,
    "sff": "lesion"
  },
  {
    "docID": "N218 Plant 2003",
    "et": "LesionAdjacentTissue",
    "off": 26138,
    "sff": "lesion"
  },
  {
    "docID": "N218 Plant 2003",
    "et": "LesionAdjacentTissue",
    "off": 18014,
    "sff": "lesion"
  },
  {
    "docID": "N218 Plant 2003",
    "et": "LesionAdjacentTissue",
    "off": 28928,
    "sff": "lesion"
  },
  {
    "docID": "N218 Plant 2003",
    "et": "LesionAdjacentTissue",
    "off": 19011,
    "sff": "lesion"
  },
  {
    "docID": "N218 Plant 2003",
    "et": "LesionAdjacentTissue",
    "off": 12167,
    "sff": "lesion"
  },
  {
    "docID": "N218 Plant 2003",
    "et": "LesionAdjacentTissue",
    "off": 33095,
    "sff": "lesion"
  },
  {
    "docID": "N218 Plant 2003",
    "et": "LesionAdjacentTissue",
    "off": 22844,
    "sff": "Lesion"
  },
  {
    "docID": "N218 Plant 2003",
    "et": "LesionAdjacentTissue",
    "off": 27211,
    "sff": "lesion"
  },
  {
    "docID": "N218 Plant 2003",
    "et": "LesionAdjacentTissue",
    "off": 18316,
    "sff": "lesion"
  },
  {
    "docID": "N218 Plant 2003",
    "et": "LesionAdjacentTissue",
    "off": 23539,
    "sff": "lesion"
  },
  {
    "docID": "N218 Plant 2003",
    "et": "LesionAdjacentTissue",
    "off": 28338,
    "sff": "lesion"
  },
  {
    "docID": "N218 Plant 2003",
    "et": "LesionAdjacentTissue",
    "off": 20980,
    "sff": "lesion"
  },
  {
    "docID": "N218 Plant 2003",
    "et": "LesionAdjacentTissue",
    "off": 23736,
    "sff": "lesion"
  },
  {
    "docID": "N218 Plant 2003",
    "et": "LesionAdjacentTissue",
    "off": 26426,
    "sff": "lesion"
  },
  {
    "docID": "N218 Plant 2003",
    "et": "LesionAdjacentTissue",
    "off": 18815,
    "sff": "lesion"
  },
  {
    "docID": "N218 Plant 2003",
    "et": "LesionAdjacentTissue",
    "off": 831,
    "sff": "lesion"
  },
  {
    "docID": "N218 Plant 2003",
    "et": "CentralNervousSystem",
    "off": 3035,
    "sff": "nervous system"
  },
  {
    "docID": "N218 Plant 2003",
    "et": "CentralNervousSystem",
    "off": 2863,
    "sff": "central"
  },
  {
    "docID": "N218 Plant 2003",
    "et": "CentralNervousSystem",
    "off": 33166,
    "sff": "nervous"
  },
  {
    "docID": "N218 Plant 2003",
    "et": "CentralNervousSystem",
    "off": 3035,
    "sff": "nervous"
  },
  {
    "docID": "N218 Plant 2003",
    "et": "CentralNervousSystem",
    "off": 43323,
    "sff": "central"
  },
  {
    "docID": "N218 Plant 2003",
    "et": "CentralNervousSystem",
    "off": 905,
    "sff": "nervous"
  },
  {
    "docID": "N218 Plant 2003",
    "et": "CentralNervousSystem",
    "off": 42915,
    "sff": "central"
  },
  {
    "docID": "N218 Plant 2003",
    "et": "ModerateInjury",
    "off": 38810,
    "sff": "moderate"
  },
  {
    "docID": "N218 Plant 2003",
    "et": "ModerateInjury",
    "off": 29807,
    "sff": "moderate"
  },
  {
    "docID": "N218 Plant 2003",
    "et": "ModerateInjury",
    "off": 9202,
    "sff": "moderate"
  },
  {
    "docID": "N218 Plant 2003",
    "et": "ModerateInjury",
    "off": 39269,
    "sff": "moderate"
  },
  {
    "docID": "N218 Plant 2003",
    "et": "ModerateInjury",
    "off": 10404,
    "sff": "moderate"
  },
  {
    "docID": "N218 Plant 2003",
    "et": "ModerateInjury",
    "off": 24980,
    "sff": "moderate"
  },
  {
    "docID": "N218 Plant 2003",
    "et": "Matrix",
    "off": 33674,
    "sff": "matrix"
  },
  {
    "docID": "N218 Plant 2003",
    "et": "Matrix",
    "off": 5056,
    "sff": "matrix"
  },
  {
    "docID": "N218 Plant 2003",
    "et": "Matrix",
    "off": 5331,
    "sff": "matrix"
  },
  {
    "docID": "N218 Plant 2003",
    "et": "Matrix",
    "off": 41330,
    "sff": "matrix"
  },
  {
    "docID": "N218 Plant 2003",
    "et": "NuclearTransfection",
    "off": 8467,
    "sff": "nuclear"
  },
  {
    "docID": "N218 Plant 2003",
    "et": "SpinalCentralPart",
    "off": 2863,
    "sff": "central"
  },
  {
    "docID": "N218 Plant 2003",
    "et": "SpinalCentralPart",
    "off": 42915,
    "sff": "central"
  },
  {
    "docID": "N218 Plant 2003",
    "et": "SpinalCentralPart",
    "off": 43323,
    "sff": "central"
  },
  {
    "docID": "N218 Plant 2003",
    "et": "InjuryArea",
    "off": 27052,
    "sff": "area"
  },
  {
    "docID": "N218 Plant 2003",
    "et": "InjuryArea",
    "off": 34028,
    "sff": "area"
  },
  {
    "docID": "N218 Plant 2003",
    "et": "InjuryArea",
    "off": 42734,
    "sff": "area"
  },
  {
    "docID": "N218 Plant 2003",
    "et": "InjuryArea",
    "off": 20968,
    "sff": "area"
  },
  {
    "docID": "N218 Plant 2003",
    "et": "InjuryArea",
    "off": 23656,
    "sff": "area"
  },
  {
    "docID": "N218 Plant 2003",
    "et": "InjuryArea",
    "off": 26986,
    "sff": "area"
  },
  {
    "docID": "N218 Plant 2003",
    "et": "InjuryArea",
    "off": 19947,
    "sff": "area"
  },
  {
    "docID": "N218 Plant 2003",
    "et": "InjuryArea",
    "off": 24101,
    "sff": "area"
  },
  {
    "docID": "N218 Plant 2003",
    "et": "InjuryArea",
    "off": 42470,
    "sff": "area"
  },
  {
    "docID": "N218 Plant 2003",
    "et": "InjuryArea",
    "off": 19431,
    "sff": "area"
  },
  {
    "docID": "N218 Plant 2003",
    "et": "InjuryArea",
    "off": 28064,
    "sff": "area"
  },
  {
    "docID": "N218 Plant 2003",
    "et": "InjuryArea",
    "off": 40608,
    "sff": "area"
  },
  {
    "docID": "N218 Plant 2003",
    "et": "InjuryArea",
    "off": 20513,
    "sff": "area"
  },
  {
    "docID": "N218 Plant 2003",
    "et": "InjuryArea",
    "off": 38114,
    "sff": "area"
  },
  {
    "docID": "N218 Plant 2003",
    "et": "InjuryArea",
    "off": 20860,
    "sff": "area"
  },
  {
    "docID": "N218 Plant 2003",
    "et": "InjuryArea",
    "off": 38777,
    "sff": "area"
  },
  {
    "docID": "N218 Plant 2003",
    "et": "InjuryArea",
    "off": 25399,
    "sff": "area"
  },
  {
    "docID": "N218 Plant 2003",
    "et": "InjuryArea",
    "off": 26352,
    "sff": "area"
  },
  {
    "docID": "N218 Plant 2003",
    "et": "InjuryArea",
    "off": 40688,
    "sff": "area"
  },
  {
    "docID": "N218 Plant 2003",
    "et": "InjuryArea",
    "off": 27251,
    "sff": "area"
  },
  {
    "docID": "N218 Plant 2003",
    "et": "InjuryArea",
    "off": 15437,
    "sff": "area"
  },
  {
    "docID": "N218 Plant 2003",
    "et": "InjuryArea",
    "off": 36877,
    "sff": "area"
  },
  {
    "docID": "N218 Plant 2003",
    "et": "InjuryArea",
    "off": 22927,
    "sff": "area"
  },
  {
    "docID": "N218 Plant 2003",
    "et": "InjuryArea",
    "off": 15176,
    "sff": "area"
  },
  {
    "docID": "N218 Plant 2003",
    "et": "InjuryArea",
    "off": 37065,
    "sff": "area"
  },
  {
    "docID": "N218 Plant 2003",
    "et": "InjuryArea",
    "off": 15687,
    "sff": "area"
  },
  {
    "docID": "N218 Plant 2003",
    "et": "InjuryArea",
    "off": 36615,
    "sff": "area"
  },
  {
    "docID": "N218 Plant 2003",
    "et": "InjuryArea",
    "off": 41735,
    "sff": "area"
  },
  {
    "docID": "N218 Plant 2003",
    "et": "InjuryArea",
    "off": 15900,
    "sff": "area"
  },
  {
    "docID": "N218 Plant 2003",
    "et": "InjuryArea",
    "off": 17694,
    "sff": "area"
  },
  {
    "docID": "N218 Plant 2003",
    "et": "InjuryArea",
    "off": 20638,
    "sff": "area"
  },
  {
    "docID": "N218 Plant 2003",
    "et": "InjuryArea",
    "off": 15258,
    "sff": "area"
  },
  {
    "docID": "N218 Plant 2003",
    "et": "InjuryArea",
    "off": 27218,
    "sff": "area"
  },
  {
    "docID": "N218 Plant 2003",
    "et": "InjuryArea",
    "off": 18323,
    "sff": "area"
  },
  {
    "docID": "N218 Plant 2003",
    "et": "MedicationDuringSurgery",
    "off": 4452,
    "sff": "During"
  },
  {
    "docID": "N218 Plant 2003",
    "et": "Brain",
    "off": 1643,
    "sff": "brain"
  },
  {
    "docID": "N218 Plant 2003",
    "et": "Brain",
    "off": 29947,
    "sff": "brain"
  },
  {
    "docID": "N218 Plant 2003",
    "et": "Brain",
    "off": 29450,
    "sff": "brain"
  },
  {
    "docID": "N218 Plant 2003",
    "et": "Brain",
    "off": 29023,
    "sff": "brain"
  },
  {
    "docID": "N218 Plant 2003",
    "et": "Brain",
    "off": 13232,
    "sff": "brain"
  },
  {
    "docID": "N218 Plant 2003",
    "et": "Brain",
    "off": 16192,
    "sff": "brain"
  },
  {
    "docID": "N218 Plant 2003",
    "et": "Brain",
    "off": 30813,
    "sff": "brain"
  },
  {
    "docID": "N218 Plant 2003",
    "et": "Brain",
    "off": 29681,
    "sff": "brain"
  },
  {
    "docID": "N218 Plant 2003",
    "et": "Brain",
    "off": 38021,
    "sff": "brain"
  },
  {
    "docID": "N218 Plant 2003",
    "et": "Laminectomy",
    "off": 11317,
    "sff": "laminectomy"
  },
  {
    "docID": "N218 Plant 2003",
    "et": "Laminectomy",
    "off": 9039,
    "sff": "laminectomy"
  },
  {
    "docID": "N218 Plant 2003",
    "et": "AscendingFiberTract",
    "off": 37615,
    "sff": "Fiber"
  },
  {
    "docID": "N218 Plant 2003",
    "et": "AscendingFiberTract",
    "off": 5749,
    "sff": "fiber"
  },
  {
    "docID": "N218 Plant 2003",
    "et": "AscendingFiberTract",
    "off": 2411,
    "sff": "fiber"
  },
  {
    "docID": "N218 Plant 2003",
    "et": "AscendingFiberTract",
    "off": 5919,
    "sff": "fiber"
  },
  {
    "docID": "N218 Plant 2003",
    "et": "AscendingFiberTract",
    "off": 3309,
    "sff": "fiber"
  },
  {
    "docID": "N218 Plant 2003",
    "et": "SpinalWhiteMatter",
    "off": 28271,
    "sff": "white matter"
  },
  {
    "docID": "N218 Plant 2003",
    "et": "SpinalWhiteMatter",
    "off": 43956,
    "sff": "white matter"
  },
  {
    "docID": "N218 Plant 2003",
    "et": "SpinalWhiteMatter",
    "off": 38901,
    "sff": "white matter"
  },
  {
    "docID": "N218 Plant 2003",
    "et": "SpinalWhiteMatter",
    "off": 26099,
    "sff": "white matter"
  },
  {
    "docID": "N218 Plant 2003",
    "et": "SpinalWhiteMatter",
    "off": 28090,
    "sff": "white matter"
  },
  {
    "docID": "N218 Plant 2003",
    "et": "SpinalWhiteMatter",
    "off": 25787,
    "sff": "white matter"
  },
  {
    "docID": "N218 Plant 2003",
    "et": "SpinalWhiteMatter",
    "off": 35937,
    "sff": "white matter"
  },
  {
    "docID": "N218 Plant 2003",
    "et": "SpinalWhiteMatter",
    "off": 4574,
    "sff": "white matter"
  },
  {
    "docID": "N218 Plant 2003",
    "et": "SpinalWhiteMatter",
    "off": 27970,
    "sff": "white matter"
  },
  {
    "docID": "N218 Plant 2003",
    "et": "SpinalWhiteMatter",
    "off": 18851,
    "sff": "white matter"
  },
  {
    "docID": "N218 Plant 2003",
    "et": "SpinalWhiteMatter",
    "off": 38728,
    "sff": "white matter"
  },
  {
    "docID": "N218 Plant 2003",
    "et": "SpinalWhiteMatter",
    "off": 1319,
    "sff": "white matter"
  },
  {
    "docID": "N218 Plant 2003",
    "et": "SpinalWhiteMatter",
    "off": 39181,
    "sff": "white matter"
  },
  {
    "docID": "N218 Plant 2003",
    "et": "SpinalWhiteMatter",
    "off": 23275,
    "sff": "white matter"
  },
  {
    "docID": "N218 Plant 2003",
    "et": "Antibody",
    "off": 6695,
    "sff": "antibody"
  },
  {
    "docID": "N218 Plant 2003",
    "et": "Antibody",
    "off": 7285,
    "sff": "antibody"
  },
  {
    "docID": "N218 Plant 2003",
    "et": "Antibody",
    "off": 7137,
    "sff": "antibody"
  },
  {
    "docID": "N218 Plant 2003",
    "et": "UmbilicalCordBloodStemCell",
    "off": 4329,
    "sff": "blood"
  },
  {
    "docID": "N218 Plant 2003",
    "et": "UmbilicalCordBloodStemCell",
    "off": 4724,
    "sff": "blood"
  },
  {
    "docID": "N218 Plant 2003",
    "et": "UmbilicalCordBloodStemCell",
    "off": 34592,
    "sff": "blood"
  },
  {
    "docID": "N218 Plant 2003",
    "et": "ContusionType",
    "off": 24989,
    "sff": "contusion"
  },
  {
    "docID": "N218 Plant 2003",
    "et": "ContusionType",
    "off": 25565,
    "sff": "contusion"
  },
  {
    "docID": "N218 Plant 2003",
    "et": "ContusionType",
    "off": 31774,
    "sff": "contusion"
  },
  {
    "docID": "N218 Plant 2003",
    "et": "ContusionType",
    "off": 32731,
    "sff": "contusion"
  },
  {
    "docID": "N218 Plant 2003",
    "et": "ContusionType",
    "off": 34460,
    "sff": "contusion"
  },
  {
    "docID": "N218 Plant 2003",
    "et": "ContusionType",
    "off": 23073,
    "sff": "contusion"
  },
  {
    "docID": "N218 Plant 2003",
    "et": "ContusionType",
    "off": 8617,
    "sff": "Contusion"
  },
  {
    "docID": "N218 Plant 2003",
    "et": "ContusionType",
    "off": 11347,
    "sff": "contusion"
  },
  {
    "docID": "N218 Plant 2003",
    "et": "ContusionType",
    "off": 9558,
    "sff": "contusion"
  },
  {
    "docID": "N218 Plant 2003",
    "et": "ContusionType",
    "off": 11285,
    "sff": "contusion"
  },
  {
    "docID": "N218 Plant 2003",
    "et": "ContusionType",
    "off": 32852,
    "sff": "contusion"
  },
  {
    "docID": "N218 Plant 2003",
    "et": "ContusionType",
    "off": 20056,
    "sff": "contusion"
  },
  {
    "docID": "N218 Plant 2003",
    "et": "ContusionType",
    "off": 43982,
    "sff": "contusion"
  },
  {
    "docID": "N218 Plant 2003",
    "et": "ContusionType",
    "off": 4814,
    "sff": "contusion"
  },
  {
    "docID": "N218 Plant 2003",
    "et": "ContusionType",
    "off": 41932,
    "sff": "contusion"
  },
  {
    "docID": "N218 Plant 2003",
    "et": "ContusionType",
    "off": 19090,
    "sff": "contusion"
  },
  {
    "docID": "N218 Plant 2003",
    "et": "ContusionType",
    "off": 29510,
    "sff": "contusion"
  },
  {
    "docID": "N218 Plant 2003",
    "et": "ContusionType",
    "off": 43720,
    "sff": "contusion"
  },
  {
    "docID": "N218 Plant 2003",
    "et": "ContusionType",
    "off": 10492,
    "sff": "contusion"
  },
  {
    "docID": "N218 Plant 2003",
    "et": "ContusionType",
    "off": 12157,
    "sff": "contusion"
  },
  {
    "docID": "N218 Plant 2003",
    "et": "ContusionType",
    "off": 38140,
    "sff": "contusion"
  },
  {
    "docID": "N218 Plant 2003",
    "et": "ContusionType",
    "off": 22655,
    "sff": "contusion"
  },
  {
    "docID": "N218 Plant 2003",
    "et": "ContusionType",
    "off": 23104,
    "sff": "contusion"
  },
  {
    "docID": "N218 Plant 2003",
    "et": "ContusionType",
    "off": 35318,
    "sff": "contusion"
  },
  {
    "docID": "N218 Plant 2003",
    "et": "ContusionType",
    "off": 11960,
    "sff": "contusion"
  },
  {
    "docID": "N218 Plant 2003",
    "et": "ContusionType",
    "off": 25592,
    "sff": "contusion"
  },
  {
    "docID": "N218 Plant 2003",
    "et": "ContusionType",
    "off": 29816,
    "sff": "contusion"
  },
  {
    "docID": "N218 Plant 2003",
    "et": "ContusionType",
    "off": 34872,
    "sff": "contusion"
  },
  {
    "docID": "N218 Plant 2003",
    "et": "ContusionType",
    "off": 22509,
    "sff": "contusion"
  },
  {
    "docID": "N218 Plant 2003",
    "et": "ContusionType",
    "off": 24365,
    "sff": "contusion"
  },
  {
    "docID": "N218 Plant 2003",
    "et": "ContusionType",
    "off": 39278,
    "sff": "contusion"
  },
  {
    "docID": "N218 Plant 2003",
    "et": "ContusionType",
    "off": 686,
    "sff": "contusion"
  },
  {
    "docID": "N218 Plant 2003",
    "et": "ContusionType",
    "off": 43755,
    "sff": "contusion"
  },
  {
    "docID": "N218 Plant 2003",
    "et": "ContusionType",
    "off": 10413,
    "sff": "contusion"
  },
  {
    "docID": "N218 Plant 2003",
    "et": "ContusionType",
    "off": 29548,
    "sff": "contusion"
  },
  {
    "docID": "N218 Plant 2003",
    "et": "ContusionType",
    "off": 31980,
    "sff": "contusion"
  },
  {
    "docID": "N218 Plant 2003",
    "et": "ContusionType",
    "off": 623,
    "sff": "contusion"
  },
  {
    "docID": "N218 Plant 2003",
    "et": "ContusionType",
    "off": 38819,
    "sff": "contusion"
  },
  {
    "docID": "N218 Plant 2003",
    "et": "ContusionType",
    "off": 9514,
    "sff": "contusion"
  },
  {
    "docID": "N218 Plant 2003",
    "et": "Protein",
    "off": 13848,
    "sff": "protein"
  },
  {
    "docID": "N218 Plant 2003",
    "et": "Protein",
    "off": 13944,
    "sff": "protein"
  },
  {
    "docID": "N218 Plant 2003",
    "et": "Protein",
    "off": 37540,
    "sff": "protein"
  },
  {
    "docID": "N218 Plant 2003",
    "et": "GlialCell",
    "off": 2739,
    "sff": "glial cell"
  },
  {
    "docID": "N218 Plant 2003",
    "et": "SpinalGrayMatter",
    "off": 18783,
    "sff": "gray matter"
  },
  {
    "docID": "N218 Plant 2003",
    "et": "SpinalGrayMatter",
    "off": 25948,
    "sff": "gray matter"
  },
  {
    "docID": "N218 Plant 2003",
    "et": "PostSurgeryCondition",
    "off": 11681,
    "sff": "post"
  },
  {
    "docID": "N218 Plant 2003",
    "et": "PostSurgeryCondition",
    "off": 9634,
    "sff": "post"
  },
  {
    "docID": "N218 Plant 2003",
    "et": "PostSurgeryCondition",
    "off": 31696,
    "sff": "surgery"
  },
  {
    "docID": "N218 Plant 2003",
    "et": "PostSurgeryCondition",
    "off": 44396,
    "sff": "surgery"
  },
  {
    "docID": "N218 Plant 2003",
    "et": "PostSurgeryCondition",
    "off": 12810,
    "sff": "post"
  },
  {
    "docID": "N218 Plant 2003",
    "et": "RatSpecies",
    "off": 128,
    "sff": "Rat"
  },
  {
    "docID": "N218 Plant 2003",
    "et": "RatSpecies",
    "off": 419,
    "sff": "rat"
  },
  {
    "docID": "N218 Plant 2003",
    "et": "RatSpecies",
    "off": 2004,
    "sff": "rat"
  },
  {
    "docID": "N218 Plant 2003",
    "et": "RatSpecies",
    "off": 43061,
    "sff": "rat"
  },
  {
    "docID": "N218 Plant 2003",
    "et": "RatSpecies",
    "off": 5398,
    "sff": "rat"
  },
  {
    "docID": "N218 Plant 2003",
    "et": "RatSpecies",
    "off": 15549,
    "sff": "rat"
  },
  {
    "docID": "N218 Plant 2003",
    "et": "RatSpecies",
    "off": 3343,
    "sff": "rat"
  },
  {
    "docID": "N218 Plant 2003",
    "et": "RatSpecies",
    "off": 36895,
    "sff": "rat"
  },
  {
    "docID": "N218 Plant 2003",
    "et": "InjuryIntensity",
    "off": 25409,
    "sff": "intensity"
  },
  {
    "docID": "N218 Plant 2003",
    "et": "InjuryIntensity",
    "off": 25484,
    "sff": "intensity"
  },
  {
    "docID": "N218 Plant 2003",
    "et": "InjuryIntensity",
    "off": 26843,
    "sff": "intensity"
  },
  {
    "docID": "N218 Plant 2003",
    "et": "VertebralArea",
    "off": 9068,
    "sff": "vertebral"
  },
  {
    "docID": "N218 Plant 2003",
    "et": "Caudal",
    "off": 41708,
    "sff": "caudal"
  },
  {
    "docID": "N218 Plant 2003",
    "et": "Caudal",
    "off": 12138,
    "sff": "caudal"
  },
  {
    "docID": "N218 Plant 2003",
    "et": "Caudal",
    "off": 40841,
    "sff": "caudal"
  },
  {
    "docID": "N218 Plant 2003",
    "et": "Caudal",
    "off": 42448,
    "sff": "caudal"
  },
  {
    "docID": "N218 Plant 2003",
    "et": "Caudal",
    "off": 33456,
    "sff": "caudal"
  },
  {
    "docID": "N218 Plant 2003",
    "et": "Caudal",
    "off": 28589,
    "sff": "caudal"
  },
  {
    "docID": "N218 Plant 2003",
    "et": "Caudal",
    "off": 19182,
    "sff": "caudal"
  },
  {
    "docID": "N218 Plant 2003",
    "et": "Caudal",
    "off": 28462,
    "sff": "caudal"
  },
  {
    "docID": "N218 Plant 2003",
    "et": "Caudal",
    "off": 28914,
    "sff": "caudal"
  },
  {
    "docID": "N218 Plant 2003",
    "et": "Caudal",
    "off": 39512,
    "sff": "caudal"
  },
  {
    "docID": "N218 Plant 2003",
    "et": "Caudal",
    "off": 42712,
    "sff": "caudal"
  },
  {
    "docID": "N218 Plant 2003",
    "et": "Caudal",
    "off": 18294,
    "sff": "caudal"
  },
  {
    "docID": "N218 Plant 2003",
    "et": "Caudal",
    "off": 12124,
    "sff": "caudal"
  },
  {
    "docID": "N218 Plant 2003",
    "et": "Caudal",
    "off": 39386,
    "sff": "caudal"
  },
  {
    "docID": "N218 Plant 2003",
    "et": "Caudal",
    "off": 39680,
    "sff": "caudal"
  },
  {
    "docID": "N218 Plant 2003",
    "et": "Caudal",
    "off": 21184,
    "sff": "caudal"
  },
  {
    "docID": "N218 Plant 2003",
    "et": "Caudal",
    "off": 1374,
    "sff": "caudal"
  },
  {
    "docID": "N218 Plant 2003",
    "et": "Caudal",
    "off": 20131,
    "sff": "caudal"
  },
  {
    "docID": "N218 Plant 2003",
    "et": "Caudal",
    "off": 26212,
    "sff": "caudal"
  },
  {
    "docID": "N218 Plant 2003",
    "et": "Caudal",
    "off": 17576,
    "sff": "caudal"
  },
  {
    "docID": "N218 Plant 2003",
    "et": "Caudal",
    "off": 38087,
    "sff": "caudal"
  },
  {
    "docID": "N218 Plant 2003",
    "et": "Caudal",
    "off": 43175,
    "sff": "caudal"
  },
  {
    "docID": "N218 Plant 2003",
    "et": "Caudal",
    "off": 34118,
    "sff": "caudal"
  },
  {
    "docID": "N218 Plant 2003",
    "et": "Caudal",
    "off": 40581,
    "sff": "caudal"
  },
  {
    "docID": "N218 Plant 2003",
    "et": "VertebralSegment",
    "off": 9068,
    "sff": "vertebral"
  },
  {
    "docID": "N218 Plant 2003",
    "et": "L1",
    "off": 43034,
    "sff": "L1"
  },
  {
    "docID": "N218 Plant 2003",
    "et": "SchwannCell",
    "off": 3092,
    "sff": "Schwann"
  },
  {
    "docID": "N218 Plant 2003",
    "et": "SchwannCell",
    "off": 8148,
    "sff": "Schwann"
  },
  {
    "docID": "N218 Plant 2003",
    "et": "SchwannCell",
    "off": 37401,
    "sff": "Schwann"
  },
  {
    "docID": "N218 Plant 2003",
    "et": "SchwannCell",
    "off": 3225,
    "sff": "Schwann"
  },
  {
    "docID": "N218 Plant 2003",
    "et": "SchwannCell",
    "off": 26596,
    "sff": "Schwann"
  },
  {
    "docID": "N218 Plant 2003",
    "et": "SchwannCell",
    "off": 36724,
    "sff": "Schwann"
  },
  {
    "docID": "N218 Plant 2003",
    "et": "SchwannCell",
    "off": 36837,
    "sff": "Schwann"
  },
  {
    "docID": "N218 Plant 2003",
    "et": "SchwannCell",
    "off": 35071,
    "sff": "Schwann cell"
  },
  {
    "docID": "N218 Plant 2003",
    "et": "SchwannCell",
    "off": 35262,
    "sff": "Schwann"
  },
  {
    "docID": "N218 Plant 2003",
    "et": "SigmaAldrich",
    "off": 6254,
    "sff": "Sigma"
  },
  {
    "docID": "N218 Plant 2003",
    "et": "SigmaAldrich",
    "off": 14369,
    "sff": "Sigma"
  },
  {
    "docID": "N218 Plant 2003",
    "et": "SigmaAldrich",
    "off": 8480,
    "sff": "Sigma"
  },
  {
    "docID": "N218 Plant 2003",
    "et": "SigmaAldrich",
    "off": 9833,
    "sff": "Sigma"
  },
  {
    "docID": "N218 Plant 2003",
    "et": "SigmaAldrich",
    "off": 9866,
    "sff": "Sigma"
  },
  {
    "docID": "N218 Plant 2003",
    "et": "T11",
    "off": 43183,
    "sff": "T11"
  },
  {
    "docID": "N218 Plant 2003",
    "et": "T10",
    "off": 9088,
    "sff": "T10"
  },
  {
    "docID": "N218 Plant 2003",
    "et": "Thoracic",
    "off": 5402,
    "sff": "thoracic"
  },
  {
    "docID": "N218 Plant 2003",
    "et": "Thoracic",
    "off": 33338,
    "sff": "thoracic"
  },
  {
    "docID": "N218 Plant 2003",
    "et": "Thoracic",
    "off": 423,
    "sff": "thoracic"
  },
  {
    "docID": "N218 Plant 2003",
    "et": "Thoracic",
    "off": 2008,
    "sff": "thoracic"
  },
  {
    "docID": "N218 Plant 2003",
    "et": "VertebralLocation",
    "off": 9068,
    "sff": "vertebral"
  },
  {
    "docID": "N218 Plant 2003",
    "et": "StemCellSourceType",
    "off": 2745,
    "sff": "cell type"
  },
  {
    "docID": "N218 Plant 2003",
    "et": "StemCellSourceType",
    "off": 6658,
    "sff": "cell"
  },
  {
    "docID": "N218 Plant 2003",
    "et": "StemCellSourceType",
    "off": 41601,
    "sff": "cell"
  },
  {
    "docID": "N218 Plant 2003",
    "et": "StemCellSourceType",
    "off": 7988,
    "sff": "cell"
  },
  {
    "docID": "N218 Plant 2003",
    "et": "StemCellSourceType",
    "off": 2745,
    "sff": "cell"
  },
  {
    "docID": "N218 Plant 2003",
    "et": "StemCellSourceType",
    "off": 36541,
    "sff": "Cell"
  },
  {
    "docID": "N218 Plant 2003",
    "et": "StemCellSourceType",
    "off": 35079,
    "sff": "cell"
  },
  {
    "docID": "N218 Plant 2003",
    "et": "StemCellSourceType",
    "off": 5117,
    "sff": "cell"
  },
  {
    "docID": "N218 Plant 2003",
    "et": "InVitroExperimentalProcedure",
    "off": 11256,
    "sff": "experimental"
  },
  {
    "docID": "N218 Plant 2003",
    "et": "InVitroExperimentalProcedure",
    "off": 29270,
    "sff": "experimental"
  },
  {
    "docID": "N218 Plant 2003",
    "et": "InVitroExperimentalProcedure",
    "off": 40159,
    "sff": "vitro"
  },
  {
    "docID": "N218 Plant 2003",
    "et": "VentralInjuryArea",
    "off": 38873,
    "sff": "ventral"
  },
  {
    "docID": "N218 Plant 2003",
    "et": "VentralInjuryArea",
    "off": 26123,
    "sff": "ventral"
  },
  {
    "docID": "N218 Plant 2003",
    "et": "VentralInjuryArea",
    "off": 38893,
    "sff": "ventral"
  },
  {
    "docID": "N218 Plant 2003",
    "et": "FischerRat",
    "off": 5799,
    "sff": "Fischer"
  },
  {
    "docID": "N218 Plant 2003",
    "et": "FischerRat",
    "off": 8828,
    "sff": "Fischer"
  },
  {
    "docID": "N218 Plant 2003",
    "et": "RingersSolution",
    "off": 10978,
    "sff": "Ringers solution"
  },
  {
    "docID": "N218 Plant 2003",
    "et": "AllenWeightDropDevice",
    "off": 9457,
    "sff": "weight"
  },
  {
    "docID": "N218 Plant 2003",
    "et": "AllenWeightDropDevice",
    "off": 9232,
    "sff": "weight"
  },
  {
    "docID": "N218 Plant 2003",
    "et": "AllenWeightDropDevice",
    "off": 11083,
    "sff": "weight"
  },
  {
    "docID": "N218 Plant 2003",
    "et": "LongEvansRat",
    "off": 3293,
    "sff": "long"
  },
  {
    "docID": "N218 Plant 2003",
    "et": "LongEvansRat",
    "off": 27088,
    "sff": "long"
  },
  {
    "docID": "N218 Plant 2003",
    "et": "LongEvansRat",
    "off": 29870,
    "sff": "long"
  },
  {
    "docID": "N218 Plant 2003",
    "et": "LongEvansRat",
    "off": 19612,
    "sff": "long"
  },
  {
    "docID": "N218 Plant 2003",
    "et": "Cell",
    "off": 7988,
    "sff": "cell"
  },
  {
    "docID": "N218 Plant 2003",
    "et": "Cell",
    "off": 6658,
    "sff": "cell"
  },
  {
    "docID": "N218 Plant 2003",
    "et": "Cell",
    "off": 41601,
    "sff": "cell"
  },
  {
    "docID": "N218 Plant 2003",
    "et": "Cell",
    "off": 36541,
    "sff": "Cell"
  },
  {
    "docID": "N218 Plant 2003",
    "et": "Cell",
    "off": 35079,
    "sff": "cell"
  },
  {
    "docID": "N218 Plant 2003",
    "et": "Cell",
    "off": 2745,
    "sff": "cell"
  },
  {
    "docID": "N218 Plant 2003",
    "et": "Cell",
    "off": 5117,
    "sff": "cell"
  },
  {
    "docID": "N218 Plant 2003",
    "et": "SpinalDorsalHalf",
    "off": 3731,
    "sff": "dorsal"
  },
  {
    "docID": "N218 Plant 2003",
    "et": "SpinalDorsalHalf",
    "off": 28083,
    "sff": "dorsal"
  },
  {
    "docID": "N218 Plant 2003",
    "et": "SpinalDorsalHalf",
    "off": 10028,
    "sff": "dorsal"
  },
  {
    "docID": "N218 Plant 2003",
    "et": "SpinalDorsalHalf",
    "off": 26649,
    "sff": "dorsal"
  },
  {
    "docID": "N218 Plant 2003",
    "et": "SpinalDorsalHalf",
    "off": 36777,
    "sff": "dorsal"
  },
  {
    "docID": "N218 Plant 2003",
    "et": "SpinalDorsalHalf",
    "off": 26112,
    "sff": "dorsal"
  },
  {
    "docID": "N218 Plant 2003",
    "et": "SpinalDorsalHalf",
    "off": 36992,
    "sff": "dorsal"
  },
  {
    "docID": "N218 Plant 2003",
    "et": "SpinalDorsalHalf",
    "off": 10063,
    "sff": "dorsal"
  },
  {
    "docID": "N218 Plant 2003",
    "et": "CompleteTransectionType",
    "off": 43193,
    "sff": "complete"
  },
  {
    "docID": "N218 Plant 2003",
    "et": "CompleteTransectionType",
    "off": 43217,
    "sff": "transection"
  },
  {
    "docID": "N218 Plant 2003",
    "et": "Embryonic",
    "off": 43136,
    "sff": "embryonic"
  },
  {
    "docID": "N218 Plant 2003",
    "et": "ExperimentalProcedure",
    "off": 29270,
    "sff": "experimental"
  },
  {
    "docID": "N218 Plant 2003",
    "et": "ExperimentalProcedure",
    "off": 11256,
    "sff": "experimental"
  },
  {
    "docID": "N218 Plant 2003",
    "et": "BodyTemperatureMeasurement",
    "off": 9452,
    "sff": "body"
  },
  {
    "docID": "N218 Plant 2003",
    "et": "BodyTemperatureMeasurement",
    "off": 13311,
    "sff": "temperature"
  },
  {
    "docID": "N218 Plant 2003",
    "et": "BodyTemperatureMeasurement",
    "off": 13627,
    "sff": "temperature"
  },
  {
    "docID": "N218 Plant 2003",
    "et": "BodyTemperatureMeasurement",
    "off": 11078,
    "sff": "body"
  },
  {
    "docID": "N218 Plant 2003",
    "et": "PartialTransectionType",
    "off": 43217,
    "sff": "transection"
  },
  {
    "docID": "N218 Plant 2003",
    "et": "BrainDerivedNeurotrophicFactor",
    "off": 41164,
    "sff": "Brain-derived neurotrophic factor"
  },
  {
    "docID": "N218 Plant 2003",
    "et": "BrainDerivedNeurotrophicFactor",
    "off": 43432,
    "sff": "brain-derived"
  },
  {
    "docID": "N218 Plant 2003",
    "et": "BrainDerivedNeurotrophicFactor",
    "off": 43432,
    "sff": "brain-derived neurotrophic factor"
  },
  {
    "docID": "N218 Plant 2003",
    "et": "BrainDerivedNeurotrophicFactor",
    "off": 38021,
    "sff": "brain"
  },
  {
    "docID": "N218 Plant 2003",
    "et": "BrainDerivedNeurotrophicFactor",
    "off": 29450,
    "sff": "brain"
  },
  {
    "docID": "N218 Plant 2003",
    "et": "BrainDerivedNeurotrophicFactor",
    "off": 1643,
    "sff": "brain"
  },
  {
    "docID": "N218 Plant 2003",
    "et": "BrainDerivedNeurotrophicFactor",
    "off": 41019,
    "sff": "brain-derived neurotrophic factor"
  },
  {
    "docID": "N218 Plant 2003",
    "et": "BrainDerivedNeurotrophicFactor",
    "off": 13232,
    "sff": "brain"
  },
  {
    "docID": "N218 Plant 2003",
    "et": "BrainDerivedNeurotrophicFactor",
    "off": 29681,
    "sff": "brain"
  },
  {
    "docID": "N218 Plant 2003",
    "et": "BrainDerivedNeurotrophicFactor",
    "off": 29947,
    "sff": "brain"
  },
  {
    "docID": "N218 Plant 2003",
    "et": "BrainDerivedNeurotrophicFactor",
    "off": 30813,
    "sff": "brain"
  },
  {
    "docID": "N218 Plant 2003",
    "et": "BrainDerivedNeurotrophicFactor",
    "off": 41164,
    "sff": "Brain-derived"
  },
  {
    "docID": "N218 Plant 2003",
    "et": "BrainDerivedNeurotrophicFactor",
    "off": 16192,
    "sff": "brain"
  },
  {
    "docID": "N218 Plant 2003",
    "et": "BrainDerivedNeurotrophicFactor",
    "off": 41019,
    "sff": "brain-derived"
  },
  {
    "docID": "N218 Plant 2003",
    "et": "BrainDerivedNeurotrophicFactor",
    "off": 29023,
    "sff": "brain"
  },
  {
    "docID": "N218 Plant 2003",
    "et": "VentralHemisection",
    "off": 38893,
    "sff": "ventral"
  },
  {
    "docID": "N218 Plant 2003",
    "et": "VentralHemisection",
    "off": 26123,
    "sff": "ventral"
  },
  {
    "docID": "N218 Plant 2003",
    "et": "VentralHemisection",
    "off": 38873,
    "sff": "ventral"
  },
  {
    "docID": "N218 Plant 2003",
    "et": "CompleteInjuryArea",
    "off": 43193,
    "sff": "complete"
  },
  {
    "docID": "N218 Plant 2003",
    "et": "ChemicalInjury",
    "off": 8399,
    "sff": "Chemical"
  },
  {
    "docID": "N218 Plant 2003",
    "et": "ChemicalInjury",
    "off": 14440,
    "sff": "Chemical"
  }
]
