[
  {
    "docID": "N227 Yamamoto 2009",
    "et": "CompleteTransection",
    "off": 1574,
    "sff": "complete"
  },
  {
    "docID": "N227 Yamamoto 2009",
    "et": "CompleteTransection",
    "off": 8905,
    "sff": "complete"
  },
  {
    "docID": "N227 Yamamoto 2009",
    "et": "CompleteTransection",
    "off": 18313,
    "sff": "complete"
  },
  {
    "docID": "N227 Yamamoto 2009",
    "et": "MagnesiumSulfate",
    "off": 14895,
    "sff": "magnesium"
  },
  {
    "docID": "N227 Yamamoto 2009",
    "et": "OlfactoryEnsheathingGliaCell",
    "off": 693,
    "sff": "olfactory"
  },
  {
    "docID": "N227 Yamamoto 2009",
    "et": "OlfactoryEnsheathingGliaCell",
    "off": 13877,
    "sff": "olfactory"
  },
  {
    "docID": "N227 Yamamoto 2009",
    "et": "OlfactoryEnsheathingGliaCell",
    "off": 10099,
    "sff": "olfactory"
  },
  {
    "docID": "N227 Yamamoto 2009",
    "et": "OlfactoryEnsheathingGliaCell",
    "off": 818,
    "sff": "olfactory"
  },
  {
    "docID": "N227 Yamamoto 2009",
    "et": "OlfactoryEnsheathingGliaCell",
    "off": 13455,
    "sff": "olfactory"
  },
  {
    "docID": "N227 Yamamoto 2009",
    "et": "OlfactoryEnsheathingGliaCell",
    "off": 12381,
    "sff": "olfactory"
  },
  {
    "docID": "N227 Yamamoto 2009",
    "et": "OlfactoryEnsheathingGliaCell",
    "off": 13244,
    "sff": "olfactory"
  },
  {
    "docID": "N227 Yamamoto 2009",
    "et": "OlfactoryEnsheathingGliaCell",
    "off": 1664,
    "sff": "olfactory ensheathing"
  },
  {
    "docID": "N227 Yamamoto 2009",
    "et": "OlfactoryEnsheathingGliaCell",
    "off": 11865,
    "sff": "olfactory"
  },
  {
    "docID": "N227 Yamamoto 2009",
    "et": "OlfactoryEnsheathingGliaCell",
    "off": 408,
    "sff": "olfactory"
  },
  {
    "docID": "N227 Yamamoto 2009",
    "et": "OlfactoryEnsheathingGliaCell",
    "off": 9304,
    "sff": "olfactory"
  },
  {
    "docID": "N227 Yamamoto 2009",
    "et": "OlfactoryEnsheathingGliaCell",
    "off": 12407,
    "sff": "olfactory"
  },
  {
    "docID": "N227 Yamamoto 2009",
    "et": "OlfactoryEnsheathingGliaCell",
    "off": 8998,
    "sff": "olfactory"
  },
  {
    "docID": "N227 Yamamoto 2009",
    "et": "OlfactoryEnsheathingGliaCell",
    "off": 2051,
    "sff": "olfactory"
  },
  {
    "docID": "N227 Yamamoto 2009",
    "et": "OlfactoryEnsheathingGliaCell",
    "off": 3041,
    "sff": "olfactory"
  },
  {
    "docID": "N227 Yamamoto 2009",
    "et": "OlfactoryEnsheathingGliaCell",
    "off": 3105,
    "sff": "olfactory"
  },
  {
    "docID": "N227 Yamamoto 2009",
    "et": "OlfactoryEnsheathingGliaCell",
    "off": 13185,
    "sff": "olfactory"
  },
  {
    "docID": "N227 Yamamoto 2009",
    "et": "OlfactoryEnsheathingGliaCell",
    "off": 314,
    "sff": "olfactory ensheathing"
  },
  {
    "docID": "N227 Yamamoto 2009",
    "et": "OlfactoryEnsheathingGliaCell",
    "off": 14752,
    "sff": "olfactory"
  },
  {
    "docID": "N227 Yamamoto 2009",
    "et": "OlfactoryEnsheathingGliaCell",
    "off": 14,
    "sff": "olfactory"
  },
  {
    "docID": "N227 Yamamoto 2009",
    "et": "OlfactoryEnsheathingGliaCell",
    "off": 11374,
    "sff": "olfactory"
  },
  {
    "docID": "N227 Yamamoto 2009",
    "et": "OlfactoryEnsheathingGliaCell",
    "off": 13161,
    "sff": "olfactory"
  },
  {
    "docID": "N227 Yamamoto 2009",
    "et": "DorsalInjuryArea",
    "off": 18518,
    "sff": "dorsal"
  },
  {
    "docID": "N227 Yamamoto 2009",
    "et": "DorsalInjuryArea",
    "off": 8131,
    "sff": "dorsal"
  },
  {
    "docID": "N227 Yamamoto 2009",
    "et": "DorsalInjuryArea",
    "off": 7013,
    "sff": "dorsal"
  },
  {
    "docID": "N227 Yamamoto 2009",
    "et": "DorsalInjuryArea",
    "off": 21114,
    "sff": "dorsal"
  },
  {
    "docID": "N227 Yamamoto 2009",
    "et": "DorsalInjuryArea",
    "off": 8333,
    "sff": "dorsal"
  },
  {
    "docID": "N227 Yamamoto 2009",
    "et": "ContactDeliveryMethod",
    "off": 13704,
    "sff": "contact"
  },
  {
    "docID": "N227 Yamamoto 2009",
    "et": "ContactDeliveryMethod",
    "off": 13991,
    "sff": "contact"
  },
  {
    "docID": "N227 Yamamoto 2009",
    "et": "ContactDeliveryMethod",
    "off": 7251,
    "sff": "contact"
  },
  {
    "docID": "N227 Yamamoto 2009",
    "et": "MouseSpecies",
    "off": 20260,
    "sff": "mouse"
  },
  {
    "docID": "N227 Yamamoto 2009",
    "et": "WeightDrop",
    "off": 14600,
    "sff": "weight"
  },
  {
    "docID": "N227 Yamamoto 2009",
    "et": "WeightDrop",
    "off": 16674,
    "sff": "weight"
  },
  {
    "docID": "N227 Yamamoto 2009",
    "et": "DorsalHemisection",
    "off": 7013,
    "sff": "dorsal"
  },
  {
    "docID": "N227 Yamamoto 2009",
    "et": "DorsalHemisection",
    "off": 18518,
    "sff": "dorsal"
  },
  {
    "docID": "N227 Yamamoto 2009",
    "et": "DorsalHemisection",
    "off": 21114,
    "sff": "dorsal"
  },
  {
    "docID": "N227 Yamamoto 2009",
    "et": "DorsalHemisection",
    "off": 8333,
    "sff": "dorsal"
  },
  {
    "docID": "N227 Yamamoto 2009",
    "et": "DorsalHemisection",
    "off": 8131,
    "sff": "dorsal"
  },
  {
    "docID": "N227 Yamamoto 2009",
    "et": "HeatLesion",
    "off": 17958,
    "sff": "heat lesion"
  },
  {
    "docID": "N227 Yamamoto 2009",
    "et": "SpinalVentralHalf",
    "off": 7917,
    "sff": "ventral"
  },
  {
    "docID": "N227 Yamamoto 2009",
    "et": "SpinalVentralHalf",
    "off": 7304,
    "sff": "ventral"
  },
  {
    "docID": "N227 Yamamoto 2009",
    "et": "RabbitSpecies",
    "off": 20174,
    "sff": "rabbit"
  },
  {
    "docID": "N227 Yamamoto 2009",
    "et": "Rostral",
    "off": 8354,
    "sff": "rostral"
  },
  {
    "docID": "N227 Yamamoto 2009",
    "et": "Rostral",
    "off": 8451,
    "sff": "rostral"
  },
  {
    "docID": "N227 Yamamoto 2009",
    "et": "Rostral",
    "off": 5056,
    "sff": "Rostral"
  },
  {
    "docID": "N227 Yamamoto 2009",
    "et": "Rostral",
    "off": 8142,
    "sff": "rostral"
  },
  {
    "docID": "N227 Yamamoto 2009",
    "et": "Rostral",
    "off": 8513,
    "sff": "rostral"
  },
  {
    "docID": "N227 Yamamoto 2009",
    "et": "Rostral",
    "off": 21320,
    "sff": "rostral"
  },
  {
    "docID": "N227 Yamamoto 2009",
    "et": "DorsalColumn",
    "off": 8131,
    "sff": "dorsal"
  },
  {
    "docID": "N227 Yamamoto 2009",
    "et": "DorsalColumn",
    "off": 8333,
    "sff": "dorsal"
  },
  {
    "docID": "N227 Yamamoto 2009",
    "et": "DorsalColumn",
    "off": 21114,
    "sff": "dorsal"
  },
  {
    "docID": "N227 Yamamoto 2009",
    "et": "DorsalColumn",
    "off": 18518,
    "sff": "dorsal"
  },
  {
    "docID": "N227 Yamamoto 2009",
    "et": "DorsalColumn",
    "off": 7013,
    "sff": "dorsal"
  },
  {
    "docID": "N227 Yamamoto 2009",
    "et": "Autologous",
    "off": 2586,
    "sff": "autologous"
  },
  {
    "docID": "N227 Yamamoto 2009",
    "et": "CellDeathInduction",
    "off": 5331,
    "sff": "cell"
  },
  {
    "docID": "N227 Yamamoto 2009",
    "et": "CellDeathInduction",
    "off": 6452,
    "sff": "cell"
  },
  {
    "docID": "N227 Yamamoto 2009",
    "et": "CellDeathInduction",
    "off": 18580,
    "sff": "cell"
  },
  {
    "docID": "N227 Yamamoto 2009",
    "et": "CellDeathInduction",
    "off": 12183,
    "sff": "cell"
  },
  {
    "docID": "N227 Yamamoto 2009",
    "et": "CellDeathInduction",
    "off": 9016,
    "sff": "cell"
  },
  {
    "docID": "N227 Yamamoto 2009",
    "et": "CellDeathInduction",
    "off": 1402,
    "sff": "cell"
  },
  {
    "docID": "N227 Yamamoto 2009",
    "et": "CellDeathInduction",
    "off": 16346,
    "sff": "cell"
  },
  {
    "docID": "N227 Yamamoto 2009",
    "et": "CellDeathInduction",
    "off": 1504,
    "sff": "cell"
  },
  {
    "docID": "N227 Yamamoto 2009",
    "et": "CellDeathInduction",
    "off": 18267,
    "sff": "Cell"
  },
  {
    "docID": "N227 Yamamoto 2009",
    "et": "CellDeathInduction",
    "off": 3010,
    "sff": "cell"
  },
  {
    "docID": "N227 Yamamoto 2009",
    "et": "CellDeathInduction",
    "off": 10117,
    "sff": "cell"
  },
  {
    "docID": "N227 Yamamoto 2009",
    "et": "CellDeathInduction",
    "off": 12005,
    "sff": "cell"
  },
  {
    "docID": "N227 Yamamoto 2009",
    "et": "CellDeathInduction",
    "off": 14474,
    "sff": "Cell"
  },
  {
    "docID": "N227 Yamamoto 2009",
    "et": "CellDeathInduction",
    "off": 11559,
    "sff": "cell"
  },
  {
    "docID": "N227 Yamamoto 2009",
    "et": "CellDeathInduction",
    "off": 15911,
    "sff": "cell"
  },
  {
    "docID": "N227 Yamamoto 2009",
    "et": "CellDeathInduction",
    "off": 11497,
    "sff": "cell"
  },
  {
    "docID": "N227 Yamamoto 2009",
    "et": "CellDeathInduction",
    "off": 5386,
    "sff": "cell"
  },
  {
    "docID": "N227 Yamamoto 2009",
    "et": "CellDeathInduction",
    "off": 9322,
    "sff": "cell"
  },
  {
    "docID": "N227 Yamamoto 2009",
    "et": "CellDeathInduction",
    "off": 12460,
    "sff": "cell"
  },
  {
    "docID": "N227 Yamamoto 2009",
    "et": "CellDeathInduction",
    "off": 13901,
    "sff": "cell"
  },
  {
    "docID": "N227 Yamamoto 2009",
    "et": "CellDeathInduction",
    "off": 12879,
    "sff": "cell"
  },
  {
    "docID": "N227 Yamamoto 2009",
    "et": "Left",
    "off": 17049,
    "sff": "left"
  },
  {
    "docID": "N227 Yamamoto 2009",
    "et": "Left",
    "off": 17211,
    "sff": "left"
  },
  {
    "docID": "N227 Yamamoto 2009",
    "et": "SubstanceApplicationLocation",
    "off": 623,
    "sff": "application"
  },
  {
    "docID": "N227 Yamamoto 2009",
    "et": "SubstanceApplicationLocation",
    "off": 2441,
    "sff": "application"
  },
  {
    "docID": "N227 Yamamoto 2009",
    "et": "InjuryDevice",
    "off": 18006,
    "sff": "device"
  },
  {
    "docID": "N227 Yamamoto 2009",
    "et": "C1",
    "off": 6910,
    "sff": "C1"
  },
  {
    "docID": "N227 Yamamoto 2009",
    "et": "C2",
    "off": 6913,
    "sff": "C2"
  },
  {
    "docID": "N227 Yamamoto 2009",
    "et": "Tissue",
    "off": 10384,
    "sff": "tissue"
  },
  {
    "docID": "N227 Yamamoto 2009",
    "et": "Tissue",
    "off": 4833,
    "sff": "tissue"
  },
  {
    "docID": "N227 Yamamoto 2009",
    "et": "Tissue",
    "off": 12817,
    "sff": "tissue"
  },
  {
    "docID": "N227 Yamamoto 2009",
    "et": "Tissue",
    "off": 15219,
    "sff": "tissue"
  },
  {
    "docID": "N227 Yamamoto 2009",
    "et": "Tissue",
    "off": 7461,
    "sff": "tissue"
  },
  {
    "docID": "N227 Yamamoto 2009",
    "et": "Tissue",
    "off": 12917,
    "sff": "tissue"
  },
  {
    "docID": "N227 Yamamoto 2009",
    "et": "Tissue",
    "off": 7574,
    "sff": "tissue"
  },
  {
    "docID": "N227 Yamamoto 2009",
    "et": "Tissue",
    "off": 15303,
    "sff": "tissue"
  },
  {
    "docID": "N227 Yamamoto 2009",
    "et": "Tissue",
    "off": 7290,
    "sff": "tissue"
  },
  {
    "docID": "N227 Yamamoto 2009",
    "et": "Tissue",
    "off": 15869,
    "sff": "tissue"
  },
  {
    "docID": "N227 Yamamoto 2009",
    "et": "InjectionDelivery",
    "off": 7324,
    "sff": "injection"
  },
  {
    "docID": "N227 Yamamoto 2009",
    "et": "InjectionDelivery",
    "off": 18856,
    "sff": "injection"
  },
  {
    "docID": "N227 Yamamoto 2009",
    "et": "InjectionDelivery",
    "off": 6306,
    "sff": "injection"
  },
  {
    "docID": "N227 Yamamoto 2009",
    "et": "SpinalLesionSite",
    "off": 5888,
    "sff": "lesion"
  },
  {
    "docID": "N227 Yamamoto 2009",
    "et": "SpinalLesionSite",
    "off": 9857,
    "sff": "lesion"
  },
  {
    "docID": "N227 Yamamoto 2009",
    "et": "SpinalLesionSite",
    "off": 18706,
    "sff": "lesion site"
  },
  {
    "docID": "N227 Yamamoto 2009",
    "et": "SpinalLesionSite",
    "off": 4859,
    "sff": "lesion"
  },
  {
    "docID": "N227 Yamamoto 2009",
    "et": "SpinalLesionSite",
    "off": 8380,
    "sff": "lesion"
  },
  {
    "docID": "N227 Yamamoto 2009",
    "et": "SpinalLesionSite",
    "off": 6214,
    "sff": "lesion"
  },
  {
    "docID": "N227 Yamamoto 2009",
    "et": "SpinalLesionSite",
    "off": 19331,
    "sff": "lesion"
  },
  {
    "docID": "N227 Yamamoto 2009",
    "et": "SpinalLesionSite",
    "off": 878,
    "sff": "lesion"
  },
  {
    "docID": "N227 Yamamoto 2009",
    "et": "SpinalLesionSite",
    "off": 7599,
    "sff": "lesion"
  },
  {
    "docID": "N227 Yamamoto 2009",
    "et": "SpinalLesionSite",
    "off": 4266,
    "sff": "lesion"
  },
  {
    "docID": "N227 Yamamoto 2009",
    "et": "SpinalLesionSite",
    "off": 17963,
    "sff": "lesion"
  },
  {
    "docID": "N227 Yamamoto 2009",
    "et": "SpinalLesionSite",
    "off": 3702,
    "sff": "lesion"
  },
  {
    "docID": "N227 Yamamoto 2009",
    "et": "SpinalLesionSite",
    "off": 4607,
    "sff": "Lesion"
  },
  {
    "docID": "N227 Yamamoto 2009",
    "et": "SpinalLesionSite",
    "off": 10233,
    "sff": "lesion"
  },
  {
    "docID": "N227 Yamamoto 2009",
    "et": "SpinalLesionSite",
    "off": 19765,
    "sff": "lesion"
  },
  {
    "docID": "N227 Yamamoto 2009",
    "et": "SpinalLesionSite",
    "off": 8949,
    "sff": "lesion"
  },
  {
    "docID": "N227 Yamamoto 2009",
    "et": "SpinalLesionSite",
    "off": 4510,
    "sff": "lesion"
  },
  {
    "docID": "N227 Yamamoto 2009",
    "et": "SpinalLesionSite",
    "off": 1200,
    "sff": "lesion site"
  },
  {
    "docID": "N227 Yamamoto 2009",
    "et": "SpinalLesionSite",
    "off": 7793,
    "sff": "lesion site"
  },
  {
    "docID": "N227 Yamamoto 2009",
    "et": "SpinalLesionSite",
    "off": 7713,
    "sff": "lesion"
  },
  {
    "docID": "N227 Yamamoto 2009",
    "et": "SpinalLesionSite",
    "off": 2395,
    "sff": "lesion"
  },
  {
    "docID": "N227 Yamamoto 2009",
    "et": "SpinalLesionSite",
    "off": 5148,
    "sff": "lesion"
  },
  {
    "docID": "N227 Yamamoto 2009",
    "et": "SpinalLesionSite",
    "off": 8157,
    "sff": "lesion"
  },
  {
    "docID": "N227 Yamamoto 2009",
    "et": "SpinalLesionSite",
    "off": 8610,
    "sff": "lesion"
  },
  {
    "docID": "N227 Yamamoto 2009",
    "et": "SpinalLesionSite",
    "off": 21346,
    "sff": "lesion"
  },
  {
    "docID": "N227 Yamamoto 2009",
    "et": "SpinalLesionSite",
    "off": 7525,
    "sff": "lesion"
  },
  {
    "docID": "N227 Yamamoto 2009",
    "et": "SpinalLesionSite",
    "off": 17999,
    "sff": "lesion"
  },
  {
    "docID": "N227 Yamamoto 2009",
    "et": "SpinalLesionSite",
    "off": 3280,
    "sff": "lesion"
  },
  {
    "docID": "N227 Yamamoto 2009",
    "et": "SpinalLesionSite",
    "off": 8656,
    "sff": "lesion"
  },
  {
    "docID": "N227 Yamamoto 2009",
    "et": "SpinalLesionSite",
    "off": 138,
    "sff": "lesion"
  },
  {
    "docID": "N227 Yamamoto 2009",
    "et": "SpinalLesionSite",
    "off": 2968,
    "sff": "lesion"
  },
  {
    "docID": "N227 Yamamoto 2009",
    "et": "SpinalLesionSite",
    "off": 3992,
    "sff": "lesion"
  },
  {
    "docID": "N227 Yamamoto 2009",
    "et": "SpinalLesionSite",
    "off": 10905,
    "sff": "lesion"
  },
  {
    "docID": "N227 Yamamoto 2009",
    "et": "SpinalLesionSite",
    "off": 8466,
    "sff": "lesion"
  },
  {
    "docID": "N227 Yamamoto 2009",
    "et": "SpinalLesionSite",
    "off": 595,
    "sff": "lesion"
  },
  {
    "docID": "N227 Yamamoto 2009",
    "et": "SpinalLesionSite",
    "off": 6355,
    "sff": "lesion"
  },
  {
    "docID": "N227 Yamamoto 2009",
    "et": "SpinalLesionSite",
    "off": 9235,
    "sff": "lesion"
  },
  {
    "docID": "N227 Yamamoto 2009",
    "et": "TShapedLesion",
    "off": 5531,
    "sff": "shaped"
  },
  {
    "docID": "N227 Yamamoto 2009",
    "et": "Weight",
    "off": 15817,
    "sff": "300×g"
  },
  {
    "docID": "N227 Yamamoto 2009",
    "et": "Weight",
    "off": 14608,
    "sff": "200-230 g"
  },
  {
    "docID": "N227 Yamamoto 2009",
    "et": "Weight",
    "off": 16682,
    "sff": "180-200 g"
  },
  {
    "docID": "N227 Yamamoto 2009",
    "et": "LateralHemisection",
    "off": 17757,
    "sff": "lateral"
  },
  {
    "docID": "N227 Yamamoto 2009",
    "et": "Saline",
    "off": 19629,
    "sff": "saline"
  },
  {
    "docID": "N227 Yamamoto 2009",
    "et": "Dosage",
    "off": 15529,
    "sff": "0.67 mg/ml"
  },
  {
    "docID": "N227 Yamamoto 2009",
    "et": "Dosage",
    "off": 16015,
    "sff": "35 mm"
  },
  {
    "docID": "N227 Yamamoto 2009",
    "et": "Dosage",
    "off": 19542,
    "sff": "10 %"
  },
  {
    "docID": "N227 Yamamoto 2009",
    "et": "Dosage",
    "off": 19977,
    "sff": "10%"
  },
  {
    "docID": "N227 Yamamoto 2009",
    "et": "Dosage",
    "off": 20125,
    "sff": "0.1%"
  },
  {
    "docID": "N227 Yamamoto 2009",
    "et": "Dosage",
    "off": 14612,
    "sff": "230 g"
  },
  {
    "docID": "N227 Yamamoto 2009",
    "et": "Dosage",
    "off": 19534,
    "sff": "4 μl"
  },
  {
    "docID": "N227 Yamamoto 2009",
    "et": "Dosage",
    "off": 18397,
    "sff": "5 μl"
  },
  {
    "docID": "N227 Yamamoto 2009",
    "et": "Dosage",
    "off": 305,
    "sff": "50%"
  },
  {
    "docID": "N227 Yamamoto 2009",
    "et": "Dosage",
    "off": 15577,
    "sff": "1%"
  },
  {
    "docID": "N227 Yamamoto 2009",
    "et": "Dosage",
    "off": 17794,
    "sff": "1 mm"
  },
  {
    "docID": "N227 Yamamoto 2009",
    "et": "Dosage",
    "off": 15782,
    "sff": "8ml"
  },
  {
    "docID": "N227 Yamamoto 2009",
    "et": "Dosage",
    "off": 16399,
    "sff": "106 ml"
  },
  {
    "docID": "N227 Yamamoto 2009",
    "et": "Dosage",
    "off": 15047,
    "sff": "1 ml"
  },
  {
    "docID": "N227 Yamamoto 2009",
    "et": "Dosage",
    "off": 19986,
    "sff": "20%"
  },
  {
    "docID": "N227 Yamamoto 2009",
    "et": "Dosage",
    "off": 18731,
    "sff": "0.5 mm"
  },
  {
    "docID": "N227 Yamamoto 2009",
    "et": "Dosage",
    "off": 20341,
    "sff": "0.1%"
  },
  {
    "docID": "N227 Yamamoto 2009",
    "et": "Dosage",
    "off": 15369,
    "sff": "0.25%"
  },
  {
    "docID": "N227 Yamamoto 2009",
    "et": "Dosage",
    "off": 5457,
    "sff": "5%"
  },
  {
    "docID": "N227 Yamamoto 2009",
    "et": "Dosage",
    "off": 21315,
    "sff": "2 mm"
  },
  {
    "docID": "N227 Yamamoto 2009",
    "et": "Dosage",
    "off": 15361,
    "sff": "2 ml"
  },
  {
    "docID": "N227 Yamamoto 2009",
    "et": "Dosage",
    "off": 14923,
    "sff": "1%"
  },
  {
    "docID": "N227 Yamamoto 2009",
    "et": "Dosage",
    "off": 15067,
    "sff": "2.4 units/ml"
  },
  {
    "docID": "N227 Yamamoto 2009",
    "et": "Dosage",
    "off": 6620,
    "sff": "50%"
  },
  {
    "docID": "N227 Yamamoto 2009",
    "et": "Dosage",
    "off": 16686,
    "sff": "200 g"
  },
  {
    "docID": "N227 Yamamoto 2009",
    "et": "Dosage",
    "off": 17750,
    "sff": "0.5 mm"
  },
  {
    "docID": "N227 Yamamoto 2009",
    "et": "Dosage",
    "off": 19834,
    "sff": "4%"
  },
  {
    "docID": "N227 Yamamoto 2009",
    "et": "Dosage",
    "off": 1431,
    "sff": "5%"
  },
  {
    "docID": "N227 Yamamoto 2009",
    "et": "Dosage",
    "off": 15510,
    "sff": "1.0 mg/ml"
  },
  {
    "docID": "N227 Yamamoto 2009",
    "et": "Dosage",
    "off": 15556,
    "sff": "0.55 mg/ml"
  },
  {
    "docID": "N227 Yamamoto 2009",
    "et": "Dosage",
    "off": 15609,
    "sff": "10%"
  },
  {
    "docID": "N227 Yamamoto 2009",
    "et": "Dosage",
    "off": 15817,
    "sff": "300×g"
  },
  {
    "docID": "N227 Yamamoto 2009",
    "et": "Dosage",
    "off": 11709,
    "sff": "5%"
  },
  {
    "docID": "N227 Yamamoto 2009",
    "et": "Dosage",
    "off": 6878,
    "sff": "2 mm"
  },
  {
    "docID": "N227 Yamamoto 2009",
    "et": "Dosage",
    "off": 16063,
    "sff": "0.1 mg/ml"
  },
  {
    "docID": "N227 Yamamoto 2009",
    "et": "Dosage",
    "off": 8349,
    "sff": "2 mm"
  },
  {
    "docID": "N227 Yamamoto 2009",
    "et": "Dosage",
    "off": 16865,
    "sff": "5 mm"
  },
  {
    "docID": "N227 Yamamoto 2009",
    "et": "Right",
    "off": 5071,
    "sff": "right"
  },
  {
    "docID": "N227 Yamamoto 2009",
    "et": "Right",
    "off": 17039,
    "sff": "right"
  },
  {
    "docID": "N227 Yamamoto 2009",
    "et": "Right",
    "off": 17201,
    "sff": "right"
  },
  {
    "docID": "N227 Yamamoto 2009",
    "et": "Ventral",
    "off": 7917,
    "sff": "ventral"
  },
  {
    "docID": "N227 Yamamoto 2009",
    "et": "Ventral",
    "off": 7304,
    "sff": "ventral"
  },
  {
    "docID": "N227 Yamamoto 2009",
    "et": "Longitudinal",
    "off": 21168,
    "sff": "longitudinal"
  },
  {
    "docID": "N227 Yamamoto 2009",
    "et": "Longitudinal",
    "off": 21200,
    "sff": "longitudinal"
  },
  {
    "docID": "N227 Yamamoto 2009",
    "et": "PBS",
    "off": 20404,
    "sff": "PBS"
  },
  {
    "docID": "N227 Yamamoto 2009",
    "et": "AlbinoSwissRat",
    "off": 16707,
    "sff": "Albino Swiss"
  },
  {
    "docID": "N227 Yamamoto 2009",
    "et": "AlbinoSwissRat",
    "off": 14649,
    "sff": "Albino Swiss"
  },
  {
    "docID": "N227 Yamamoto 2009",
    "et": "Vertebrae",
    "off": 17602,
    "sff": "vertebrae"
  },
  {
    "docID": "N227 Yamamoto 2009",
    "et": "Duration",
    "off": 4062,
    "sff": "8 weeks"
  },
  {
    "docID": "N227 Yamamoto 2009",
    "et": "Duration",
    "off": 5862,
    "sff": "3 days"
  },
  {
    "docID": "N227 Yamamoto 2009",
    "et": "Duration",
    "off": 15156,
    "sff": "45 min"
  },
  {
    "docID": "N227 Yamamoto 2009",
    "et": "Duration",
    "off": 8734,
    "sff": "3D"
  },
  {
    "docID": "N227 Yamamoto 2009",
    "et": "Duration",
    "off": 16299,
    "sff": "2 days"
  },
  {
    "docID": "N227 Yamamoto 2009",
    "et": "Duration",
    "off": 3435,
    "sff": "10 weeks"
  },
  {
    "docID": "N227 Yamamoto 2009",
    "et": "Duration",
    "off": 9216,
    "sff": "18 weeks"
  },
  {
    "docID": "N227 Yamamoto 2009",
    "et": "Duration",
    "off": 15697,
    "sff": "5 min"
  },
  {
    "docID": "N227 Yamamoto 2009",
    "et": "Duration",
    "off": 16115,
    "sff": "3 days"
  },
  {
    "docID": "N227 Yamamoto 2009",
    "et": "Duration",
    "off": 15827,
    "sff": "5 min"
  },
  {
    "docID": "N227 Yamamoto 2009",
    "et": "Duration",
    "off": 19797,
    "sff": "2 weeks"
  },
  {
    "docID": "N227 Yamamoto 2009",
    "et": "Duration",
    "off": 9096,
    "sff": "1 and 4 weeks"
  },
  {
    "docID": "N227 Yamamoto 2009",
    "et": "Duration",
    "off": 5188,
    "sff": "4 weeks"
  },
  {
    "docID": "N227 Yamamoto 2009",
    "et": "Duration",
    "off": 7474,
    "sff": "3D"
  },
  {
    "docID": "N227 Yamamoto 2009",
    "et": "Duration",
    "off": 20011,
    "sff": "24 hr"
  },
  {
    "docID": "N227 Yamamoto 2009",
    "et": "Duration",
    "off": 9037,
    "sff": "8 week"
  },
  {
    "docID": "N227 Yamamoto 2009",
    "et": "Duration",
    "off": 6540,
    "sff": "2 weeks"
  },
  {
    "docID": "N227 Yamamoto 2009",
    "et": "Duration",
    "off": 8935,
    "sff": "8 weeks"
  },
  {
    "docID": "N227 Yamamoto 2009",
    "et": "Duration",
    "off": 3328,
    "sff": "28 days"
  },
  {
    "docID": "N227 Yamamoto 2009",
    "et": "Duration",
    "off": 6403,
    "sff": "10 weeks"
  },
  {
    "docID": "N227 Yamamoto 2009",
    "et": "Duration",
    "off": 3266,
    "sff": "8 weeks"
  },
  {
    "docID": "N227 Yamamoto 2009",
    "et": "Duration",
    "off": 18961,
    "sff": "3 days"
  },
  {
    "docID": "N227 Yamamoto 2009",
    "et": "Duration",
    "off": 19018,
    "sff": "10 weeks"
  },
  {
    "docID": "N227 Yamamoto 2009",
    "et": "Duration",
    "off": 19317,
    "sff": "8 weeks"
  },
  {
    "docID": "N227 Yamamoto 2009",
    "et": "Duration",
    "off": 6200,
    "sff": "8 weeks"
  },
  {
    "docID": "N227 Yamamoto 2009",
    "et": "Duration",
    "off": 6526,
    "sff": "1 week"
  },
  {
    "docID": "N227 Yamamoto 2009",
    "et": "Duration",
    "off": 19096,
    "sff": "18 weeks"
  },
  {
    "docID": "N227 Yamamoto 2009",
    "et": "Duration",
    "off": 19377,
    "sff": "2 – 6 weeks"
  },
  {
    "docID": "N227 Yamamoto 2009",
    "et": "Duration",
    "off": 18362,
    "sff": "8 weeks"
  },
  {
    "docID": "N227 Yamamoto 2009",
    "et": "Duration",
    "off": 4080,
    "sff": "10 weeks"
  },
  {
    "docID": "N227 Yamamoto 2009",
    "et": "Duration",
    "off": 20563,
    "sff": "2 hr"
  },
  {
    "docID": "N227 Yamamoto 2009",
    "et": "Duration",
    "off": 6557,
    "sff": "4 weeks"
  },
  {
    "docID": "N227 Yamamoto 2009",
    "et": "Duration",
    "off": 5134,
    "sff": "8 weeks"
  },
  {
    "docID": "N227 Yamamoto 2009",
    "et": "Duration",
    "off": 5970,
    "sff": "8 weeks"
  },
  {
    "docID": "N227 Yamamoto 2009",
    "et": "Duration",
    "off": 5167,
    "sff": "2 weeks"
  },
  {
    "docID": "N227 Yamamoto 2009",
    "et": "Duration",
    "off": 18078,
    "sff": "1 min"
  },
  {
    "docID": "N227 Yamamoto 2009",
    "et": "LesionAdjacentTissue",
    "off": 595,
    "sff": "lesion"
  },
  {
    "docID": "N227 Yamamoto 2009",
    "et": "LesionAdjacentTissue",
    "off": 6355,
    "sff": "lesion"
  },
  {
    "docID": "N227 Yamamoto 2009",
    "et": "LesionAdjacentTissue",
    "off": 9235,
    "sff": "lesion"
  },
  {
    "docID": "N227 Yamamoto 2009",
    "et": "LesionAdjacentTissue",
    "off": 8466,
    "sff": "lesion"
  },
  {
    "docID": "N227 Yamamoto 2009",
    "et": "LesionAdjacentTissue",
    "off": 18706,
    "sff": "lesion"
  },
  {
    "docID": "N227 Yamamoto 2009",
    "et": "LesionAdjacentTissue",
    "off": 3280,
    "sff": "lesion"
  },
  {
    "docID": "N227 Yamamoto 2009",
    "et": "LesionAdjacentTissue",
    "off": 8656,
    "sff": "lesion"
  },
  {
    "docID": "N227 Yamamoto 2009",
    "et": "LesionAdjacentTissue",
    "off": 17999,
    "sff": "lesion"
  },
  {
    "docID": "N227 Yamamoto 2009",
    "et": "LesionAdjacentTissue",
    "off": 5148,
    "sff": "lesion"
  },
  {
    "docID": "N227 Yamamoto 2009",
    "et": "LesionAdjacentTissue",
    "off": 2395,
    "sff": "lesion"
  },
  {
    "docID": "N227 Yamamoto 2009",
    "et": "LesionAdjacentTissue",
    "off": 10905,
    "sff": "lesion"
  },
  {
    "docID": "N227 Yamamoto 2009",
    "et": "LesionAdjacentTissue",
    "off": 2968,
    "sff": "lesion"
  },
  {
    "docID": "N227 Yamamoto 2009",
    "et": "LesionAdjacentTissue",
    "off": 3992,
    "sff": "lesion"
  },
  {
    "docID": "N227 Yamamoto 2009",
    "et": "LesionAdjacentTissue",
    "off": 17917,
    "sff": "adjacent"
  },
  {
    "docID": "N227 Yamamoto 2009",
    "et": "LesionAdjacentTissue",
    "off": 19331,
    "sff": "lesion"
  },
  {
    "docID": "N227 Yamamoto 2009",
    "et": "LesionAdjacentTissue",
    "off": 4607,
    "sff": "Lesion"
  },
  {
    "docID": "N227 Yamamoto 2009",
    "et": "LesionAdjacentTissue",
    "off": 9857,
    "sff": "lesion"
  },
  {
    "docID": "N227 Yamamoto 2009",
    "et": "LesionAdjacentTissue",
    "off": 5888,
    "sff": "lesion"
  },
  {
    "docID": "N227 Yamamoto 2009",
    "et": "LesionAdjacentTissue",
    "off": 138,
    "sff": "lesion"
  },
  {
    "docID": "N227 Yamamoto 2009",
    "et": "LesionAdjacentTissue",
    "off": 6214,
    "sff": "lesion"
  },
  {
    "docID": "N227 Yamamoto 2009",
    "et": "LesionAdjacentTissue",
    "off": 7440,
    "sff": "adjacent"
  },
  {
    "docID": "N227 Yamamoto 2009",
    "et": "LesionAdjacentTissue",
    "off": 7793,
    "sff": "lesion"
  },
  {
    "docID": "N227 Yamamoto 2009",
    "et": "LesionAdjacentTissue",
    "off": 1200,
    "sff": "lesion"
  },
  {
    "docID": "N227 Yamamoto 2009",
    "et": "LesionAdjacentTissue",
    "off": 7599,
    "sff": "lesion"
  },
  {
    "docID": "N227 Yamamoto 2009",
    "et": "LesionAdjacentTissue",
    "off": 878,
    "sff": "lesion"
  },
  {
    "docID": "N227 Yamamoto 2009",
    "et": "LesionAdjacentTissue",
    "off": 8380,
    "sff": "lesion"
  },
  {
    "docID": "N227 Yamamoto 2009",
    "et": "LesionAdjacentTissue",
    "off": 4859,
    "sff": "lesion"
  },
  {
    "docID": "N227 Yamamoto 2009",
    "et": "LesionAdjacentTissue",
    "off": 10233,
    "sff": "lesion"
  },
  {
    "docID": "N227 Yamamoto 2009",
    "et": "LesionAdjacentTissue",
    "off": 3702,
    "sff": "lesion"
  },
  {
    "docID": "N227 Yamamoto 2009",
    "et": "LesionAdjacentTissue",
    "off": 8949,
    "sff": "lesion"
  },
  {
    "docID": "N227 Yamamoto 2009",
    "et": "LesionAdjacentTissue",
    "off": 19765,
    "sff": "lesion"
  },
  {
    "docID": "N227 Yamamoto 2009",
    "et": "LesionAdjacentTissue",
    "off": 8610,
    "sff": "lesion"
  },
  {
    "docID": "N227 Yamamoto 2009",
    "et": "LesionAdjacentTissue",
    "off": 21346,
    "sff": "lesion"
  },
  {
    "docID": "N227 Yamamoto 2009",
    "et": "LesionAdjacentTissue",
    "off": 7264,
    "sff": "adjacent"
  },
  {
    "docID": "N227 Yamamoto 2009",
    "et": "LesionAdjacentTissue",
    "off": 7713,
    "sff": "lesion"
  },
  {
    "docID": "N227 Yamamoto 2009",
    "et": "LesionAdjacentTissue",
    "off": 4510,
    "sff": "lesion"
  },
  {
    "docID": "N227 Yamamoto 2009",
    "et": "LesionAdjacentTissue",
    "off": 8157,
    "sff": "lesion"
  },
  {
    "docID": "N227 Yamamoto 2009",
    "et": "LesionAdjacentTissue",
    "off": 17963,
    "sff": "lesion"
  },
  {
    "docID": "N227 Yamamoto 2009",
    "et": "LesionAdjacentTissue",
    "off": 4266,
    "sff": "lesion"
  },
  {
    "docID": "N227 Yamamoto 2009",
    "et": "LesionAdjacentTissue",
    "off": 6946,
    "sff": "adjacent"
  },
  {
    "docID": "N227 Yamamoto 2009",
    "et": "LesionAdjacentTissue",
    "off": 7525,
    "sff": "lesion"
  },
  {
    "docID": "N227 Yamamoto 2009",
    "et": "Fibroblast",
    "off": 5777,
    "sff": "fibroblast"
  },
  {
    "docID": "N227 Yamamoto 2009",
    "et": "Fibroblast",
    "off": 5427,
    "sff": "fibroblast"
  },
  {
    "docID": "N227 Yamamoto 2009",
    "et": "Fibroblast",
    "off": 9794,
    "sff": "fibroblast"
  },
  {
    "docID": "N227 Yamamoto 2009",
    "et": "Fibroblast",
    "off": 13513,
    "sff": "fibroblast"
  },
  {
    "docID": "N227 Yamamoto 2009",
    "et": "RocheMexico",
    "off": 15101,
    "sff": "Roche"
  },
  {
    "docID": "N227 Yamamoto 2009",
    "et": "MedicationDuringSurgery",
    "off": 16448,
    "sff": "during surgery"
  },
  {
    "docID": "N227 Yamamoto 2009",
    "et": "MedicationDuringSurgery",
    "off": 6018,
    "sff": "during"
  },
  {
    "docID": "N227 Yamamoto 2009",
    "et": "MedicationDuringSurgery",
    "off": 13132,
    "sff": "during"
  },
  {
    "docID": "N227 Yamamoto 2009",
    "et": "MedicationDuringSurgery",
    "off": 17873,
    "sff": "during"
  },
  {
    "docID": "N227 Yamamoto 2009",
    "et": "MedicationDuringSurgery",
    "off": 16448,
    "sff": "during"
  },
  {
    "docID": "N227 Yamamoto 2009",
    "et": "MedicationDuringSurgery",
    "off": 17264,
    "sff": "during"
  },
  {
    "docID": "N227 Yamamoto 2009",
    "et": "AscendingFiberTract",
    "off": 7003,
    "sff": "ascending"
  },
  {
    "docID": "N227 Yamamoto 2009",
    "et": "SpinalWhiteMatter",
    "off": 4585,
    "sff": "white"
  },
  {
    "docID": "N227 Yamamoto 2009",
    "et": "Dorsal",
    "off": 18518,
    "sff": "dorsal"
  },
  {
    "docID": "N227 Yamamoto 2009",
    "et": "Dorsal",
    "off": 21114,
    "sff": "dorsal"
  },
  {
    "docID": "N227 Yamamoto 2009",
    "et": "Dorsal",
    "off": 8333,
    "sff": "dorsal"
  },
  {
    "docID": "N227 Yamamoto 2009",
    "et": "Dorsal",
    "off": 8131,
    "sff": "dorsal"
  },
  {
    "docID": "N227 Yamamoto 2009",
    "et": "Dorsal",
    "off": 7013,
    "sff": "dorsal"
  },
  {
    "docID": "N227 Yamamoto 2009",
    "et": "Antibody",
    "off": 20550,
    "sff": "antibody"
  },
  {
    "docID": "N227 Yamamoto 2009",
    "et": "RadiofrequencyLesionDevice",
    "off": 138,
    "sff": "lesion"
  },
  {
    "docID": "N227 Yamamoto 2009",
    "et": "RadiofrequencyLesionDevice",
    "off": 4607,
    "sff": "Lesion"
  },
  {
    "docID": "N227 Yamamoto 2009",
    "et": "RadiofrequencyLesionDevice",
    "off": 6214,
    "sff": "lesion"
  },
  {
    "docID": "N227 Yamamoto 2009",
    "et": "RadiofrequencyLesionDevice",
    "off": 9857,
    "sff": "lesion"
  },
  {
    "docID": "N227 Yamamoto 2009",
    "et": "RadiofrequencyLesionDevice",
    "off": 19331,
    "sff": "lesion"
  },
  {
    "docID": "N227 Yamamoto 2009",
    "et": "RadiofrequencyLesionDevice",
    "off": 5888,
    "sff": "lesion"
  },
  {
    "docID": "N227 Yamamoto 2009",
    "et": "RadiofrequencyLesionDevice",
    "off": 10233,
    "sff": "lesion"
  },
  {
    "docID": "N227 Yamamoto 2009",
    "et": "RadiofrequencyLesionDevice",
    "off": 4859,
    "sff": "lesion"
  },
  {
    "docID": "N227 Yamamoto 2009",
    "et": "RadiofrequencyLesionDevice",
    "off": 8380,
    "sff": "lesion"
  },
  {
    "docID": "N227 Yamamoto 2009",
    "et": "RadiofrequencyLesionDevice",
    "off": 8949,
    "sff": "lesion"
  },
  {
    "docID": "N227 Yamamoto 2009",
    "et": "RadiofrequencyLesionDevice",
    "off": 19765,
    "sff": "lesion"
  },
  {
    "docID": "N227 Yamamoto 2009",
    "et": "RadiofrequencyLesionDevice",
    "off": 3702,
    "sff": "lesion"
  },
  {
    "docID": "N227 Yamamoto 2009",
    "et": "RadiofrequencyLesionDevice",
    "off": 7793,
    "sff": "lesion"
  },
  {
    "docID": "N227 Yamamoto 2009",
    "et": "RadiofrequencyLesionDevice",
    "off": 878,
    "sff": "lesion"
  },
  {
    "docID": "N227 Yamamoto 2009",
    "et": "RadiofrequencyLesionDevice",
    "off": 7599,
    "sff": "lesion"
  },
  {
    "docID": "N227 Yamamoto 2009",
    "et": "RadiofrequencyLesionDevice",
    "off": 1200,
    "sff": "lesion"
  },
  {
    "docID": "N227 Yamamoto 2009",
    "et": "RadiofrequencyLesionDevice",
    "off": 4266,
    "sff": "lesion"
  },
  {
    "docID": "N227 Yamamoto 2009",
    "et": "RadiofrequencyLesionDevice",
    "off": 17963,
    "sff": "lesion"
  },
  {
    "docID": "N227 Yamamoto 2009",
    "et": "RadiofrequencyLesionDevice",
    "off": 7525,
    "sff": "lesion"
  },
  {
    "docID": "N227 Yamamoto 2009",
    "et": "RadiofrequencyLesionDevice",
    "off": 7713,
    "sff": "lesion"
  },
  {
    "docID": "N227 Yamamoto 2009",
    "et": "RadiofrequencyLesionDevice",
    "off": 8610,
    "sff": "lesion"
  },
  {
    "docID": "N227 Yamamoto 2009",
    "et": "RadiofrequencyLesionDevice",
    "off": 21346,
    "sff": "lesion"
  },
  {
    "docID": "N227 Yamamoto 2009",
    "et": "RadiofrequencyLesionDevice",
    "off": 8157,
    "sff": "lesion"
  },
  {
    "docID": "N227 Yamamoto 2009",
    "et": "RadiofrequencyLesionDevice",
    "off": 4510,
    "sff": "lesion"
  },
  {
    "docID": "N227 Yamamoto 2009",
    "et": "RadiofrequencyLesionDevice",
    "off": 10905,
    "sff": "lesion"
  },
  {
    "docID": "N227 Yamamoto 2009",
    "et": "RadiofrequencyLesionDevice",
    "off": 2395,
    "sff": "lesion"
  },
  {
    "docID": "N227 Yamamoto 2009",
    "et": "RadiofrequencyLesionDevice",
    "off": 5148,
    "sff": "lesion"
  },
  {
    "docID": "N227 Yamamoto 2009",
    "et": "RadiofrequencyLesionDevice",
    "off": 17984,
    "sff": "radiofrequency lesion"
  },
  {
    "docID": "N227 Yamamoto 2009",
    "et": "RadiofrequencyLesionDevice",
    "off": 2968,
    "sff": "lesion"
  },
  {
    "docID": "N227 Yamamoto 2009",
    "et": "RadiofrequencyLesionDevice",
    "off": 3992,
    "sff": "lesion"
  },
  {
    "docID": "N227 Yamamoto 2009",
    "et": "RadiofrequencyLesionDevice",
    "off": 17984,
    "sff": "radiofrequency lesion device"
  },
  {
    "docID": "N227 Yamamoto 2009",
    "et": "RadiofrequencyLesionDevice",
    "off": 8466,
    "sff": "lesion"
  },
  {
    "docID": "N227 Yamamoto 2009",
    "et": "RadiofrequencyLesionDevice",
    "off": 18706,
    "sff": "lesion"
  },
  {
    "docID": "N227 Yamamoto 2009",
    "et": "RadiofrequencyLesionDevice",
    "off": 595,
    "sff": "lesion"
  },
  {
    "docID": "N227 Yamamoto 2009",
    "et": "RadiofrequencyLesionDevice",
    "off": 6355,
    "sff": "lesion"
  },
  {
    "docID": "N227 Yamamoto 2009",
    "et": "RadiofrequencyLesionDevice",
    "off": 9235,
    "sff": "lesion"
  },
  {
    "docID": "N227 Yamamoto 2009",
    "et": "RadiofrequencyLesionDevice",
    "off": 3280,
    "sff": "lesion"
  },
  {
    "docID": "N227 Yamamoto 2009",
    "et": "RadiofrequencyLesionDevice",
    "off": 8656,
    "sff": "lesion"
  },
  {
    "docID": "N227 Yamamoto 2009",
    "et": "Protein",
    "off": 7201,
    "sff": "protein"
  },
  {
    "docID": "N227 Yamamoto 2009",
    "et": "PostSurgeryCondition",
    "off": 17323,
    "sff": "Surgery"
  },
  {
    "docID": "N227 Yamamoto 2009",
    "et": "PostSurgeryCondition",
    "off": 18201,
    "sff": "surgery"
  },
  {
    "docID": "N227 Yamamoto 2009",
    "et": "PostSurgeryCondition",
    "off": 16455,
    "sff": "surgery"
  },
  {
    "docID": "N227 Yamamoto 2009",
    "et": "RatSpecies",
    "off": 454,
    "sff": "rat"
  },
  {
    "docID": "N227 Yamamoto 2009",
    "et": "RatSpecies",
    "off": 4022,
    "sff": "rat"
  },
  {
    "docID": "N227 Yamamoto 2009",
    "et": "RatSpecies",
    "off": 3927,
    "sff": "rat"
  },
  {
    "docID": "N227 Yamamoto 2009",
    "et": "RatSpecies",
    "off": 6695,
    "sff": "rat"
  },
  {
    "docID": "N227 Yamamoto 2009",
    "et": "RatSpecies",
    "off": 7820,
    "sff": "rat"
  },
  {
    "docID": "N227 Yamamoto 2009",
    "et": "RatSpecies",
    "off": 16826,
    "sff": "rat"
  },
  {
    "docID": "N227 Yamamoto 2009",
    "et": "Caudal",
    "off": 8366,
    "sff": "caudal"
  },
  {
    "docID": "N227 Yamamoto 2009",
    "et": "Caudal",
    "off": 8596,
    "sff": "caudal"
  },
  {
    "docID": "N227 Yamamoto 2009",
    "et": "Caudal",
    "off": 21332,
    "sff": "caudal"
  },
  {
    "docID": "N227 Yamamoto 2009",
    "et": "Caudal",
    "off": 2381,
    "sff": "caudal"
  },
  {
    "docID": "N227 Yamamoto 2009",
    "et": "SigmaAldrich",
    "off": 17484,
    "sff": "Sigma-Aldrich"
  },
  {
    "docID": "N227 Yamamoto 2009",
    "et": "SigmaAldrich",
    "off": 15395,
    "sff": "Sigma–Aldrich"
  },
  {
    "docID": "N227 Yamamoto 2009",
    "et": "SigmaAldrich",
    "off": 16074,
    "sff": "Sigma–Aldrich"
  },
  {
    "docID": "N227 Yamamoto 2009",
    "et": "SigmaAldrich",
    "off": 20289,
    "sff": "Sigma-Aldrich"
  },
  {
    "docID": "N227 Yamamoto 2009",
    "et": "GreenFluorescentProtein",
    "off": 13066,
    "sff": "fluorescent"
  },
  {
    "docID": "N227 Yamamoto 2009",
    "et": "GreenFluorescentProtein",
    "off": 8697,
    "sff": "fluorescent"
  },
  {
    "docID": "N227 Yamamoto 2009",
    "et": "GreenFluorescentProtein",
    "off": 5048,
    "sff": "green"
  },
  {
    "docID": "N227 Yamamoto 2009",
    "et": "GreenFluorescentProtein",
    "off": 7183,
    "sff": "green fluorescent"
  },
  {
    "docID": "N227 Yamamoto 2009",
    "et": "GreenFluorescentProtein",
    "off": 20873,
    "sff": "Fluorescent"
  },
  {
    "docID": "N227 Yamamoto 2009",
    "et": "GreenFluorescentProtein",
    "off": 4801,
    "sff": "green"
  },
  {
    "docID": "N227 Yamamoto 2009",
    "et": "GreenFluorescentProtein",
    "off": 4357,
    "sff": "green fluorescent"
  },
  {
    "docID": "N227 Yamamoto 2009",
    "et": "GreenFluorescentProtein",
    "off": 7183,
    "sff": "green fluorescent protein"
  },
  {
    "docID": "N227 Yamamoto 2009",
    "et": "StemCellSourceType",
    "off": 6452,
    "sff": "cell"
  },
  {
    "docID": "N227 Yamamoto 2009",
    "et": "StemCellSourceType",
    "off": 18580,
    "sff": "cell"
  },
  {
    "docID": "N227 Yamamoto 2009",
    "et": "StemCellSourceType",
    "off": 18267,
    "sff": "Cell"
  },
  {
    "docID": "N227 Yamamoto 2009",
    "et": "StemCellSourceType",
    "off": 12183,
    "sff": "cell"
  },
  {
    "docID": "N227 Yamamoto 2009",
    "et": "StemCellSourceType",
    "off": 9016,
    "sff": "cell"
  },
  {
    "docID": "N227 Yamamoto 2009",
    "et": "StemCellSourceType",
    "off": 1402,
    "sff": "cell"
  },
  {
    "docID": "N227 Yamamoto 2009",
    "et": "StemCellSourceType",
    "off": 16346,
    "sff": "cell"
  },
  {
    "docID": "N227 Yamamoto 2009",
    "et": "StemCellSourceType",
    "off": 1504,
    "sff": "cell"
  },
  {
    "docID": "N227 Yamamoto 2009",
    "et": "StemCellSourceType",
    "off": 3010,
    "sff": "cell"
  },
  {
    "docID": "N227 Yamamoto 2009",
    "et": "StemCellSourceType",
    "off": 10117,
    "sff": "cell"
  },
  {
    "docID": "N227 Yamamoto 2009",
    "et": "StemCellSourceType",
    "off": 12005,
    "sff": "cell"
  },
  {
    "docID": "N227 Yamamoto 2009",
    "et": "StemCellSourceType",
    "off": 11559,
    "sff": "cell"
  },
  {
    "docID": "N227 Yamamoto 2009",
    "et": "StemCellSourceType",
    "off": 14474,
    "sff": "Cell"
  },
  {
    "docID": "N227 Yamamoto 2009",
    "et": "StemCellSourceType",
    "off": 15911,
    "sff": "cell"
  },
  {
    "docID": "N227 Yamamoto 2009",
    "et": "StemCellSourceType",
    "off": 11497,
    "sff": "cell"
  },
  {
    "docID": "N227 Yamamoto 2009",
    "et": "StemCellSourceType",
    "off": 5386,
    "sff": "cell"
  },
  {
    "docID": "N227 Yamamoto 2009",
    "et": "StemCellSourceType",
    "off": 9322,
    "sff": "cell"
  },
  {
    "docID": "N227 Yamamoto 2009",
    "et": "StemCellSourceType",
    "off": 12460,
    "sff": "cell"
  },
  {
    "docID": "N227 Yamamoto 2009",
    "et": "StemCellSourceType",
    "off": 13901,
    "sff": "cell"
  },
  {
    "docID": "N227 Yamamoto 2009",
    "et": "StemCellSourceType",
    "off": 12879,
    "sff": "cell"
  },
  {
    "docID": "N227 Yamamoto 2009",
    "et": "StemCellSourceType",
    "off": 5331,
    "sff": "cell"
  },
  {
    "docID": "N227 Yamamoto 2009",
    "et": "InVitroExperimentalProcedure",
    "off": 14445,
    "sff": "Experimental"
  },
  {
    "docID": "N227 Yamamoto 2009",
    "et": "VentralInjuryArea",
    "off": 7917,
    "sff": "ventral"
  },
  {
    "docID": "N227 Yamamoto 2009",
    "et": "VentralInjuryArea",
    "off": 7304,
    "sff": "ventral"
  },
  {
    "docID": "N227 Yamamoto 2009",
    "et": "Magnesium",
    "off": 14895,
    "sff": "magnesium"
  },
  {
    "docID": "N227 Yamamoto 2009",
    "et": "AllenWeightDropDevice",
    "off": 14600,
    "sff": "weight"
  },
  {
    "docID": "N227 Yamamoto 2009",
    "et": "AllenWeightDropDevice",
    "off": 16674,
    "sff": "weight"
  },
  {
    "docID": "N227 Yamamoto 2009",
    "et": "Cell",
    "off": 11559,
    "sff": "cell"
  },
  {
    "docID": "N227 Yamamoto 2009",
    "et": "Cell",
    "off": 15911,
    "sff": "cell"
  },
  {
    "docID": "N227 Yamamoto 2009",
    "et": "Cell",
    "off": 14474,
    "sff": "Cell"
  },
  {
    "docID": "N227 Yamamoto 2009",
    "et": "Cell",
    "off": 11497,
    "sff": "cell"
  },
  {
    "docID": "N227 Yamamoto 2009",
    "et": "Cell",
    "off": 5386,
    "sff": "cell"
  },
  {
    "docID": "N227 Yamamoto 2009",
    "et": "Cell",
    "off": 9322,
    "sff": "cell"
  },
  {
    "docID": "N227 Yamamoto 2009",
    "et": "Cell",
    "off": 13901,
    "sff": "cell"
  },
  {
    "docID": "N227 Yamamoto 2009",
    "et": "Cell",
    "off": 12460,
    "sff": "cell"
  },
  {
    "docID": "N227 Yamamoto 2009",
    "et": "Cell",
    "off": 12879,
    "sff": "cell"
  },
  {
    "docID": "N227 Yamamoto 2009",
    "et": "Cell",
    "off": 5331,
    "sff": "cell"
  },
  {
    "docID": "N227 Yamamoto 2009",
    "et": "Cell",
    "off": 6452,
    "sff": "cell"
  },
  {
    "docID": "N227 Yamamoto 2009",
    "et": "Cell",
    "off": 18580,
    "sff": "cell"
  },
  {
    "docID": "N227 Yamamoto 2009",
    "et": "Cell",
    "off": 12183,
    "sff": "cell"
  },
  {
    "docID": "N227 Yamamoto 2009",
    "et": "Cell",
    "off": 9016,
    "sff": "cell"
  },
  {
    "docID": "N227 Yamamoto 2009",
    "et": "Cell",
    "off": 18267,
    "sff": "Cell"
  },
  {
    "docID": "N227 Yamamoto 2009",
    "et": "Cell",
    "off": 1402,
    "sff": "cell"
  },
  {
    "docID": "N227 Yamamoto 2009",
    "et": "Cell",
    "off": 16346,
    "sff": "cell"
  },
  {
    "docID": "N227 Yamamoto 2009",
    "et": "Cell",
    "off": 1504,
    "sff": "cell"
  },
  {
    "docID": "N227 Yamamoto 2009",
    "et": "Cell",
    "off": 3010,
    "sff": "cell"
  },
  {
    "docID": "N227 Yamamoto 2009",
    "et": "Cell",
    "off": 10117,
    "sff": "cell"
  },
  {
    "docID": "N227 Yamamoto 2009",
    "et": "Cell",
    "off": 12005,
    "sff": "cell"
  },
  {
    "docID": "N227 Yamamoto 2009",
    "et": "SpinalDorsalHalf",
    "off": 18518,
    "sff": "dorsal"
  },
  {
    "docID": "N227 Yamamoto 2009",
    "et": "SpinalDorsalHalf",
    "off": 21114,
    "sff": "dorsal"
  },
  {
    "docID": "N227 Yamamoto 2009",
    "et": "SpinalDorsalHalf",
    "off": 8333,
    "sff": "dorsal"
  },
  {
    "docID": "N227 Yamamoto 2009",
    "et": "SpinalDorsalHalf",
    "off": 8131,
    "sff": "dorsal"
  },
  {
    "docID": "N227 Yamamoto 2009",
    "et": "SpinalDorsalHalf",
    "off": 7013,
    "sff": "dorsal"
  },
  {
    "docID": "N227 Yamamoto 2009",
    "et": "Lateral",
    "off": 17757,
    "sff": "lateral"
  },
  {
    "docID": "N227 Yamamoto 2009",
    "et": "Cervical",
    "off": 2178,
    "sff": "cervical"
  },
  {
    "docID": "N227 Yamamoto 2009",
    "et": "Cervical",
    "off": 17593,
    "sff": "cervical"
  },
  {
    "docID": "N227 Yamamoto 2009",
    "et": "CompleteTransectionType",
    "off": 8905,
    "sff": "complete"
  },
  {
    "docID": "N227 Yamamoto 2009",
    "et": "CompleteTransectionType",
    "off": 18313,
    "sff": "complete"
  },
  {
    "docID": "N227 Yamamoto 2009",
    "et": "CompleteTransectionType",
    "off": 1574,
    "sff": "complete"
  },
  {
    "docID": "N227 Yamamoto 2009",
    "et": "ExperimentalProcedure",
    "off": 14445,
    "sff": "Experimental"
  },
  {
    "docID": "N227 Yamamoto 2009",
    "et": "BodyTemperatureMeasurement",
    "off": 16669,
    "sff": "body"
  },
  {
    "docID": "N227 Yamamoto 2009",
    "et": "BodyTemperatureMeasurement",
    "off": 14595,
    "sff": "body"
  },
  {
    "docID": "N227 Yamamoto 2009",
    "et": "BodyTemperatureMeasurement",
    "off": 20576,
    "sff": "temperature"
  },
  {
    "docID": "N227 Yamamoto 2009",
    "et": "UnilateralInjuryArea",
    "off": 428,
    "sff": "unilateral"
  },
  {
    "docID": "N227 Yamamoto 2009",
    "et": "UnilateralInjuryArea",
    "off": 17331,
    "sff": "Unilateral"
  },
  {
    "docID": "N227 Yamamoto 2009",
    "et": "UnilateralInjuryArea",
    "off": 2146,
    "sff": "unilateral"
  },
  {
    "docID": "N227 Yamamoto 2009",
    "et": "UnilateralInjuryArea",
    "off": 5877,
    "sff": "unilateral"
  },
  {
    "docID": "N227 Yamamoto 2009",
    "et": "CorticospinalTract",
    "off": 2298,
    "sff": "corticospinal"
  },
  {
    "docID": "N227 Yamamoto 2009",
    "et": "CorticospinalTract",
    "off": 2187,
    "sff": "corticospinal tract"
  },
  {
    "docID": "N227 Yamamoto 2009",
    "et": "CorticospinalTract",
    "off": 458,
    "sff": "corticospinal tract"
  },
  {
    "docID": "N227 Yamamoto 2009",
    "et": "CorticospinalTract",
    "off": 100,
    "sff": "corticospinal tract"
  },
  {
    "docID": "N227 Yamamoto 2009",
    "et": "BrainDerivedNeurotrophicFactor",
    "off": 365,
    "sff": "derived"
  },
  {
    "docID": "N227 Yamamoto 2009",
    "et": "BrainDerivedNeurotrophicFactor",
    "off": 12621,
    "sff": "derived"
  },
  {
    "docID": "N227 Yamamoto 2009",
    "et": "BrainDerivedNeurotrophicFactor",
    "off": 12522,
    "sff": "derived"
  },
  {
    "docID": "N227 Yamamoto 2009",
    "et": "BrainDerivedNeurotrophicFactor",
    "off": 12890,
    "sff": "derived"
  },
  {
    "docID": "N227 Yamamoto 2009",
    "et": "BrainDerivedNeurotrophicFactor",
    "off": 3024,
    "sff": "derived"
  },
  {
    "docID": "N227 Yamamoto 2009",
    "et": "VentralHemisection",
    "off": 7304,
    "sff": "ventral"
  },
  {
    "docID": "N227 Yamamoto 2009",
    "et": "VentralHemisection",
    "off": 7917,
    "sff": "ventral"
  },
  {
    "docID": "N227 Yamamoto 2009",
    "et": "CompleteInjuryArea",
    "off": 1574,
    "sff": "complete"
  },
  {
    "docID": "N227 Yamamoto 2009",
    "et": "CompleteInjuryArea",
    "off": 8905,
    "sff": "complete"
  },
  {
    "docID": "N227 Yamamoto 2009",
    "et": "CompleteInjuryArea",
    "off": 18313,
    "sff": "complete"
  }
]
