[
  {
    "docID": "N230 Zhang 2011 2",
    "et": "CompleteTransection",
    "off": 30176,
    "sff": "complete"
  },
  {
    "docID": "N230 Zhang 2011 2",
    "et": "CompleteTransection",
    "off": 31544,
    "sff": "complete"
  },
  {
    "docID": "N230 Zhang 2011 2",
    "et": "NYUImpactor",
    "off": 748,
    "sff": "NYU impactor"
  },
  {
    "docID": "N230 Zhang 2011 2",
    "et": "NYUImpactor",
    "off": 6099,
    "sff": "New York University"
  },
  {
    "docID": "N230 Zhang 2011 2",
    "et": "NYUImpactor",
    "off": 6094,
    "sff": "NYU"
  },
  {
    "docID": "N230 Zhang 2011 2",
    "et": "OlfactoryEnsheathingGliaCell",
    "off": 1693,
    "sff": "Olfactory ensheathing"
  },
  {
    "docID": "N230 Zhang 2011 2",
    "et": "OlfactoryEnsheathingGliaCell",
    "off": 4559,
    "sff": "olfactory ensheathing"
  },
  {
    "docID": "N230 Zhang 2011 2",
    "et": "OlfactoryEnsheathingGliaCell",
    "off": 7336,
    "sff": "olfactory"
  },
  {
    "docID": "N230 Zhang 2011 2",
    "et": "OlfactoryEnsheathingGliaCell",
    "off": 5035,
    "sff": "olfactory"
  },
  {
    "docID": "N230 Zhang 2011 2",
    "et": "MesenchymalStemCell",
    "off": 32420,
    "sff": "stem"
  },
  {
    "docID": "N230 Zhang 2011 2",
    "et": "DorsalInjuryArea",
    "off": 21285,
    "sff": "dorsal"
  },
  {
    "docID": "N230 Zhang 2011 2",
    "et": "DorsalInjuryArea",
    "off": 2848,
    "sff": "dorsal"
  },
  {
    "docID": "N230 Zhang 2011 2",
    "et": "DorsalInjuryArea",
    "off": 11680,
    "sff": "dorsal"
  },
  {
    "docID": "N230 Zhang 2011 2",
    "et": "DorsalInjuryArea",
    "off": 16417,
    "sff": "dorsal"
  },
  {
    "docID": "N230 Zhang 2011 2",
    "et": "DorsalInjuryArea",
    "off": 19809,
    "sff": "dorsal"
  },
  {
    "docID": "N230 Zhang 2011 2",
    "et": "DorsalInjuryArea",
    "off": 20001,
    "sff": "dorsal"
  },
  {
    "docID": "N230 Zhang 2011 2",
    "et": "DorsalInjuryArea",
    "off": 12445,
    "sff": "dorsal"
  },
  {
    "docID": "N230 Zhang 2011 2",
    "et": "DorsalInjuryArea",
    "off": 16922,
    "sff": "dorsal"
  },
  {
    "docID": "N230 Zhang 2011 2",
    "et": "DorsalInjuryArea",
    "off": 12251,
    "sff": "dorsal"
  },
  {
    "docID": "N230 Zhang 2011 2",
    "et": "DorsalInjuryArea",
    "off": 27736,
    "sff": "dorsal"
  },
  {
    "docID": "N230 Zhang 2011 2",
    "et": "DorsalInjuryArea",
    "off": 17239,
    "sff": "dorsal"
  },
  {
    "docID": "N230 Zhang 2011 2",
    "et": "DorsalInjuryArea",
    "off": 21142,
    "sff": "dorsal"
  },
  {
    "docID": "N230 Zhang 2011 2",
    "et": "DorsalInjuryArea",
    "off": 16532,
    "sff": "dorsal"
  },
  {
    "docID": "N230 Zhang 2011 2",
    "et": "DorsalInjuryArea",
    "off": 18578,
    "sff": "dorsal"
  },
  {
    "docID": "N230 Zhang 2011 2",
    "et": "DorsalInjuryArea",
    "off": 27219,
    "sff": "dorsal"
  },
  {
    "docID": "N230 Zhang 2011 2",
    "et": "DorsalInjuryArea",
    "off": 22479,
    "sff": "dorsal"
  },
  {
    "docID": "N230 Zhang 2011 2",
    "et": "DorsalInjuryArea",
    "off": 13964,
    "sff": "dorsal"
  },
  {
    "docID": "N230 Zhang 2011 2",
    "et": "DorsalInjuryArea",
    "off": 2957,
    "sff": "dorsal"
  },
  {
    "docID": "N230 Zhang 2011 2",
    "et": "DorsalInjuryArea",
    "off": 27084,
    "sff": "dorsal"
  },
  {
    "docID": "N230 Zhang 2011 2",
    "et": "DorsalInjuryArea",
    "off": 18890,
    "sff": "dorsal"
  },
  {
    "docID": "N230 Zhang 2011 2",
    "et": "DorsalInjuryArea",
    "off": 34245,
    "sff": "dorsal"
  },
  {
    "docID": "N230 Zhang 2011 2",
    "et": "DorsalInjuryArea",
    "off": 17599,
    "sff": "dorsal"
  },
  {
    "docID": "N230 Zhang 2011 2",
    "et": "DorsalInjuryArea",
    "off": 25725,
    "sff": "dorsal"
  },
  {
    "docID": "N230 Zhang 2011 2",
    "et": "DorsalInjuryArea",
    "off": 20283,
    "sff": "dorsal"
  },
  {
    "docID": "N230 Zhang 2011 2",
    "et": "DorsalInjuryArea",
    "off": 3832,
    "sff": "dorsal"
  },
  {
    "docID": "N230 Zhang 2011 2",
    "et": "DorsalInjuryArea",
    "off": 16044,
    "sff": "dorsal"
  },
  {
    "docID": "N230 Zhang 2011 2",
    "et": "DorsalInjuryArea",
    "off": 1194,
    "sff": "dorsal"
  },
  {
    "docID": "N230 Zhang 2011 2",
    "et": "DorsalInjuryArea",
    "off": 21354,
    "sff": "dorsal"
  },
  {
    "docID": "N230 Zhang 2011 2",
    "et": "DorsalInjuryArea",
    "off": 27496,
    "sff": "dorsal"
  },
  {
    "docID": "N230 Zhang 2011 2",
    "et": "DorsalInjuryArea",
    "off": 2470,
    "sff": "dorsal"
  },
  {
    "docID": "N230 Zhang 2011 2",
    "et": "ContactDeliveryMethod",
    "off": 31313,
    "sff": "contact"
  },
  {
    "docID": "N230 Zhang 2011 2",
    "et": "CentralCanal",
    "off": 23434,
    "sff": "Central canal"
  },
  {
    "docID": "N230 Zhang 2011 2",
    "et": "CentralCanal",
    "off": 23526,
    "sff": "central canal"
  },
  {
    "docID": "N230 Zhang 2011 2",
    "et": "CentralCanal",
    "off": 15161,
    "sff": "Central canal"
  },
  {
    "docID": "N230 Zhang 2011 2",
    "et": "CentralCanal",
    "off": 15764,
    "sff": "central canal"
  },
  {
    "docID": "N230 Zhang 2011 2",
    "et": "CentralCanal",
    "off": 15571,
    "sff": "central canal"
  },
  {
    "docID": "N230 Zhang 2011 2",
    "et": "CentralCanal",
    "off": 33504,
    "sff": "central canal"
  },
  {
    "docID": "N230 Zhang 2011 2",
    "et": "CentralCanal",
    "off": 33387,
    "sff": "central canal"
  },
  {
    "docID": "N230 Zhang 2011 2",
    "et": "CentralCanal",
    "off": 15369,
    "sff": "central canal"
  },
  {
    "docID": "N230 Zhang 2011 2",
    "et": "CentralCanal",
    "off": 15881,
    "sff": "central canal"
  },
  {
    "docID": "N230 Zhang 2011 2",
    "et": "DorsalHemisection",
    "off": 34245,
    "sff": "dorsal"
  },
  {
    "docID": "N230 Zhang 2011 2",
    "et": "DorsalHemisection",
    "off": 18890,
    "sff": "dorsal"
  },
  {
    "docID": "N230 Zhang 2011 2",
    "et": "DorsalHemisection",
    "off": 22479,
    "sff": "dorsal"
  },
  {
    "docID": "N230 Zhang 2011 2",
    "et": "DorsalHemisection",
    "off": 13964,
    "sff": "dorsal"
  },
  {
    "docID": "N230 Zhang 2011 2",
    "et": "DorsalHemisection",
    "off": 27084,
    "sff": "dorsal"
  },
  {
    "docID": "N230 Zhang 2011 2",
    "et": "DorsalHemisection",
    "off": 2957,
    "sff": "dorsal"
  },
  {
    "docID": "N230 Zhang 2011 2",
    "et": "DorsalHemisection",
    "off": 18578,
    "sff": "dorsal"
  },
  {
    "docID": "N230 Zhang 2011 2",
    "et": "DorsalHemisection",
    "off": 27219,
    "sff": "dorsal"
  },
  {
    "docID": "N230 Zhang 2011 2",
    "et": "DorsalHemisection",
    "off": 21142,
    "sff": "dorsal"
  },
  {
    "docID": "N230 Zhang 2011 2",
    "et": "DorsalHemisection",
    "off": 17239,
    "sff": "dorsal"
  },
  {
    "docID": "N230 Zhang 2011 2",
    "et": "DorsalHemisection",
    "off": 16532,
    "sff": "dorsal"
  },
  {
    "docID": "N230 Zhang 2011 2",
    "et": "DorsalHemisection",
    "off": 16922,
    "sff": "dorsal"
  },
  {
    "docID": "N230 Zhang 2011 2",
    "et": "DorsalHemisection",
    "off": 12251,
    "sff": "dorsal"
  },
  {
    "docID": "N230 Zhang 2011 2",
    "et": "DorsalHemisection",
    "off": 27736,
    "sff": "dorsal"
  },
  {
    "docID": "N230 Zhang 2011 2",
    "et": "DorsalHemisection",
    "off": 12445,
    "sff": "dorsal"
  },
  {
    "docID": "N230 Zhang 2011 2",
    "et": "DorsalHemisection",
    "off": 2848,
    "sff": "dorsal"
  },
  {
    "docID": "N230 Zhang 2011 2",
    "et": "DorsalHemisection",
    "off": 11680,
    "sff": "dorsal"
  },
  {
    "docID": "N230 Zhang 2011 2",
    "et": "DorsalHemisection",
    "off": 16417,
    "sff": "dorsal"
  },
  {
    "docID": "N230 Zhang 2011 2",
    "et": "DorsalHemisection",
    "off": 19809,
    "sff": "dorsal"
  },
  {
    "docID": "N230 Zhang 2011 2",
    "et": "DorsalHemisection",
    "off": 20001,
    "sff": "dorsal"
  },
  {
    "docID": "N230 Zhang 2011 2",
    "et": "DorsalHemisection",
    "off": 2470,
    "sff": "dorsal"
  },
  {
    "docID": "N230 Zhang 2011 2",
    "et": "DorsalHemisection",
    "off": 21285,
    "sff": "dorsal"
  },
  {
    "docID": "N230 Zhang 2011 2",
    "et": "DorsalHemisection",
    "off": 1194,
    "sff": "dorsal"
  },
  {
    "docID": "N230 Zhang 2011 2",
    "et": "DorsalHemisection",
    "off": 21354,
    "sff": "dorsal"
  },
  {
    "docID": "N230 Zhang 2011 2",
    "et": "DorsalHemisection",
    "off": 27496,
    "sff": "dorsal"
  },
  {
    "docID": "N230 Zhang 2011 2",
    "et": "DorsalHemisection",
    "off": 16044,
    "sff": "dorsal"
  },
  {
    "docID": "N230 Zhang 2011 2",
    "et": "DorsalHemisection",
    "off": 20283,
    "sff": "dorsal"
  },
  {
    "docID": "N230 Zhang 2011 2",
    "et": "DorsalHemisection",
    "off": 3832,
    "sff": "dorsal"
  },
  {
    "docID": "N230 Zhang 2011 2",
    "et": "DorsalHemisection",
    "off": 17599,
    "sff": "dorsal"
  },
  {
    "docID": "N230 Zhang 2011 2",
    "et": "DorsalHemisection",
    "off": 25725,
    "sff": "dorsal"
  },
  {
    "docID": "N230 Zhang 2011 2",
    "et": "SpinalVentralHalf",
    "off": 12462,
    "sff": "ventral"
  },
  {
    "docID": "N230 Zhang 2011 2",
    "et": "SpinalVentralHalf",
    "off": 16061,
    "sff": "ventral"
  },
  {
    "docID": "N230 Zhang 2011 2",
    "et": "SpinalVentralHalf",
    "off": 22490,
    "sff": "ventral"
  },
  {
    "docID": "N230 Zhang 2011 2",
    "et": "SpinalVentralHalf",
    "off": 3144,
    "sff": "ventral"
  },
  {
    "docID": "N230 Zhang 2011 2",
    "et": "SpinalVentralHalf",
    "off": 17616,
    "sff": "ventral"
  },
  {
    "docID": "N230 Zhang 2011 2",
    "et": "SpinalVentralHalf",
    "off": 19825,
    "sff": "ventral"
  },
  {
    "docID": "N230 Zhang 2011 2",
    "et": "Rostral",
    "off": 23482,
    "sff": "rostral"
  },
  {
    "docID": "N230 Zhang 2011 2",
    "et": "Rostral",
    "off": 15414,
    "sff": "rostral"
  },
  {
    "docID": "N230 Zhang 2011 2",
    "et": "Rostral",
    "off": 12852,
    "sff": "rostral"
  },
  {
    "docID": "N230 Zhang 2011 2",
    "et": "DorsalColumn",
    "off": 2848,
    "sff": "dorsal"
  },
  {
    "docID": "N230 Zhang 2011 2",
    "et": "DorsalColumn",
    "off": 11680,
    "sff": "dorsal"
  },
  {
    "docID": "N230 Zhang 2011 2",
    "et": "DorsalColumn",
    "off": 16417,
    "sff": "dorsal"
  },
  {
    "docID": "N230 Zhang 2011 2",
    "et": "DorsalColumn",
    "off": 19809,
    "sff": "dorsal"
  },
  {
    "docID": "N230 Zhang 2011 2",
    "et": "DorsalColumn",
    "off": 20001,
    "sff": "dorsal"
  },
  {
    "docID": "N230 Zhang 2011 2",
    "et": "DorsalColumn",
    "off": 21285,
    "sff": "dorsal"
  },
  {
    "docID": "N230 Zhang 2011 2",
    "et": "DorsalColumn",
    "off": 2470,
    "sff": "dorsal"
  },
  {
    "docID": "N230 Zhang 2011 2",
    "et": "DorsalColumn",
    "off": 27736,
    "sff": "dorsal"
  },
  {
    "docID": "N230 Zhang 2011 2",
    "et": "DorsalColumn",
    "off": 16922,
    "sff": "dorsal"
  },
  {
    "docID": "N230 Zhang 2011 2",
    "et": "DorsalColumn",
    "off": 12251,
    "sff": "dorsal"
  },
  {
    "docID": "N230 Zhang 2011 2",
    "et": "DorsalColumn",
    "off": 12445,
    "sff": "dorsal"
  },
  {
    "docID": "N230 Zhang 2011 2",
    "et": "DorsalColumn",
    "off": 27496,
    "sff": "dorsal"
  },
  {
    "docID": "N230 Zhang 2011 2",
    "et": "DorsalColumn",
    "off": 1194,
    "sff": "dorsal"
  },
  {
    "docID": "N230 Zhang 2011 2",
    "et": "DorsalColumn",
    "off": 21354,
    "sff": "dorsal"
  },
  {
    "docID": "N230 Zhang 2011 2",
    "et": "DorsalColumn",
    "off": 16044,
    "sff": "dorsal"
  },
  {
    "docID": "N230 Zhang 2011 2",
    "et": "DorsalColumn",
    "off": 34245,
    "sff": "dorsal"
  },
  {
    "docID": "N230 Zhang 2011 2",
    "et": "DorsalColumn",
    "off": 3832,
    "sff": "dorsal"
  },
  {
    "docID": "N230 Zhang 2011 2",
    "et": "DorsalColumn",
    "off": 20283,
    "sff": "dorsal"
  },
  {
    "docID": "N230 Zhang 2011 2",
    "et": "DorsalColumn",
    "off": 25725,
    "sff": "dorsal"
  },
  {
    "docID": "N230 Zhang 2011 2",
    "et": "DorsalColumn",
    "off": 17599,
    "sff": "dorsal"
  },
  {
    "docID": "N230 Zhang 2011 2",
    "et": "DorsalColumn",
    "off": 18578,
    "sff": "dorsal"
  },
  {
    "docID": "N230 Zhang 2011 2",
    "et": "DorsalColumn",
    "off": 27219,
    "sff": "dorsal"
  },
  {
    "docID": "N230 Zhang 2011 2",
    "et": "DorsalColumn",
    "off": 16532,
    "sff": "dorsal"
  },
  {
    "docID": "N230 Zhang 2011 2",
    "et": "DorsalColumn",
    "off": 21142,
    "sff": "dorsal"
  },
  {
    "docID": "N230 Zhang 2011 2",
    "et": "DorsalColumn",
    "off": 17239,
    "sff": "dorsal"
  },
  {
    "docID": "N230 Zhang 2011 2",
    "et": "DorsalColumn",
    "off": 18890,
    "sff": "dorsal"
  },
  {
    "docID": "N230 Zhang 2011 2",
    "et": "DorsalColumn",
    "off": 13964,
    "sff": "dorsal"
  },
  {
    "docID": "N230 Zhang 2011 2",
    "et": "DorsalColumn",
    "off": 27084,
    "sff": "dorsal"
  },
  {
    "docID": "N230 Zhang 2011 2",
    "et": "DorsalColumn",
    "off": 2957,
    "sff": "dorsal"
  },
  {
    "docID": "N230 Zhang 2011 2",
    "et": "DorsalColumn",
    "off": 22479,
    "sff": "dorsal"
  },
  {
    "docID": "N230 Zhang 2011 2",
    "et": "CellDeathInduction",
    "off": 18641,
    "sff": "cell"
  },
  {
    "docID": "N230 Zhang 2011 2",
    "et": "CellDeathInduction",
    "off": 32369,
    "sff": "cell"
  },
  {
    "docID": "N230 Zhang 2011 2",
    "et": "CellDeathInduction",
    "off": 34288,
    "sff": "cell"
  },
  {
    "docID": "N230 Zhang 2011 2",
    "et": "CellDeathInduction",
    "off": 20101,
    "sff": "cell"
  },
  {
    "docID": "N230 Zhang 2011 2",
    "et": "CellDeathInduction",
    "off": 27677,
    "sff": "cell"
  },
  {
    "docID": "N230 Zhang 2011 2",
    "et": "CellDeathInduction",
    "off": 28733,
    "sff": "cell"
  },
  {
    "docID": "N230 Zhang 2011 2",
    "et": "CellDeathInduction",
    "off": 27787,
    "sff": "cell"
  },
  {
    "docID": "N230 Zhang 2011 2",
    "et": "CellDeathInduction",
    "off": 17020,
    "sff": "cell"
  },
  {
    "docID": "N230 Zhang 2011 2",
    "et": "InjuryDevice",
    "off": 6129,
    "sff": "device"
  },
  {
    "docID": "N230 Zhang 2011 2",
    "et": "InjuryDevice",
    "off": 761,
    "sff": "device"
  },
  {
    "docID": "N230 Zhang 2011 2",
    "et": "Tissue",
    "off": 33964,
    "sff": "tissue"
  },
  {
    "docID": "N230 Zhang 2011 2",
    "et": "Tissue",
    "off": 1962,
    "sff": "tissue"
  },
  {
    "docID": "N230 Zhang 2011 2",
    "et": "Tissue",
    "off": 14506,
    "sff": "tissue"
  },
  {
    "docID": "N230 Zhang 2011 2",
    "et": "Tissue",
    "off": 19370,
    "sff": "tissue"
  },
  {
    "docID": "N230 Zhang 2011 2",
    "et": "Tissue",
    "off": 20138,
    "sff": "tissue"
  },
  {
    "docID": "N230 Zhang 2011 2",
    "et": "Tissue",
    "off": 2724,
    "sff": "tissue"
  },
  {
    "docID": "N230 Zhang 2011 2",
    "et": "Tissue",
    "off": 5800,
    "sff": "tissue"
  },
  {
    "docID": "N230 Zhang 2011 2",
    "et": "Tissue",
    "off": 678,
    "sff": "tissue"
  },
  {
    "docID": "N230 Zhang 2011 2",
    "et": "Tissue",
    "off": 16294,
    "sff": "tissue"
  },
  {
    "docID": "N230 Zhang 2011 2",
    "et": "Tissue",
    "off": 444,
    "sff": "tissue"
  },
  {
    "docID": "N230 Zhang 2011 2",
    "et": "Tissue",
    "off": 30397,
    "sff": "tissue"
  },
  {
    "docID": "N230 Zhang 2011 2",
    "et": "Tissue",
    "off": 34749,
    "sff": "tissue"
  },
  {
    "docID": "N230 Zhang 2011 2",
    "et": "Tissue",
    "off": 30143,
    "sff": "tissue"
  },
  {
    "docID": "N230 Zhang 2011 2",
    "et": "Tissue",
    "off": 17587,
    "sff": "tissue"
  },
  {
    "docID": "N230 Zhang 2011 2",
    "et": "Tissue",
    "off": 19123,
    "sff": "tissue"
  },
  {
    "docID": "N230 Zhang 2011 2",
    "et": "Tissue",
    "off": 26291,
    "sff": "tissue"
  },
  {
    "docID": "N230 Zhang 2011 2",
    "et": "Tissue",
    "off": 29878,
    "sff": "tissue"
  },
  {
    "docID": "N230 Zhang 2011 2",
    "et": "Tissue",
    "off": 19658,
    "sff": "tissue"
  },
  {
    "docID": "N230 Zhang 2011 2",
    "et": "Tissue",
    "off": 29643,
    "sff": "tissue"
  },
  {
    "docID": "N230 Zhang 2011 2",
    "et": "Tissue",
    "off": 14801,
    "sff": "tissue"
  },
  {
    "docID": "N230 Zhang 2011 2",
    "et": "Tissue",
    "off": 27345,
    "sff": "tissue"
  },
  {
    "docID": "N230 Zhang 2011 2",
    "et": "Tissue",
    "off": 19918,
    "sff": "tissue"
  },
  {
    "docID": "N230 Zhang 2011 2",
    "et": "Tissue",
    "off": 35022,
    "sff": "tissue"
  },
  {
    "docID": "N230 Zhang 2011 2",
    "et": "Tissue",
    "off": 3023,
    "sff": "tissue"
  },
  {
    "docID": "N230 Zhang 2011 2",
    "et": "Tissue",
    "off": 31688,
    "sff": "tissue"
  },
  {
    "docID": "N230 Zhang 2011 2",
    "et": "Tissue",
    "off": 14023,
    "sff": "tissue"
  },
  {
    "docID": "N230 Zhang 2011 2",
    "et": "Tissue",
    "off": 17351,
    "sff": "tissue"
  },
  {
    "docID": "N230 Zhang 2011 2",
    "et": "Tissue",
    "off": 3549,
    "sff": "tissue"
  },
  {
    "docID": "N230 Zhang 2011 2",
    "et": "Tissue",
    "off": 10205,
    "sff": "tissue"
  },
  {
    "docID": "N230 Zhang 2011 2",
    "et": "Tissue",
    "off": 11744,
    "sff": "tissue"
  },
  {
    "docID": "N230 Zhang 2011 2",
    "et": "Tissue",
    "off": 14305,
    "sff": "tissue"
  },
  {
    "docID": "N230 Zhang 2011 2",
    "et": "Tissue",
    "off": 11230,
    "sff": "tissue"
  },
  {
    "docID": "N230 Zhang 2011 2",
    "et": "Tissue",
    "off": 2770,
    "sff": "tissue"
  },
  {
    "docID": "N230 Zhang 2011 2",
    "et": "Tissue",
    "off": 28886,
    "sff": "tissue"
  },
  {
    "docID": "N230 Zhang 2011 2",
    "et": "Tissue",
    "off": 33238,
    "sff": "tissue"
  },
  {
    "docID": "N230 Zhang 2011 2",
    "et": "Tissue",
    "off": 5591,
    "sff": "tissue"
  },
  {
    "docID": "N230 Zhang 2011 2",
    "et": "Tissue",
    "off": 17260,
    "sff": "tissue"
  },
  {
    "docID": "N230 Zhang 2011 2",
    "et": "Tissue",
    "off": 23402,
    "sff": "tissue"
  },
  {
    "docID": "N230 Zhang 2011 2",
    "et": "Tissue",
    "off": 12912,
    "sff": "tissue"
  },
  {
    "docID": "N230 Zhang 2011 2",
    "et": "Tissue",
    "off": 31332,
    "sff": "tissue"
  },
  {
    "docID": "N230 Zhang 2011 2",
    "et": "Tissue",
    "off": 33892,
    "sff": "tissue"
  },
  {
    "docID": "N230 Zhang 2011 2",
    "et": "Tissue",
    "off": 24674,
    "sff": "tissue"
  },
  {
    "docID": "N230 Zhang 2011 2",
    "et": "Tissue",
    "off": 26467,
    "sff": "tissue"
  },
  {
    "docID": "N230 Zhang 2011 2",
    "et": "Tissue",
    "off": 30051,
    "sff": "tissue"
  },
  {
    "docID": "N230 Zhang 2011 2",
    "et": "Tissue",
    "off": 24234,
    "sff": "Tissue"
  },
  {
    "docID": "N230 Zhang 2011 2",
    "et": "Tissue",
    "off": 30310,
    "sff": "tissue"
  },
  {
    "docID": "N230 Zhang 2011 2",
    "et": "Tissue",
    "off": 5754,
    "sff": "tissue"
  },
  {
    "docID": "N230 Zhang 2011 2",
    "et": "Tissue",
    "off": 26750,
    "sff": "tissue"
  },
  {
    "docID": "N230 Zhang 2011 2",
    "et": "Tissue",
    "off": 2932,
    "sff": "tissue"
  },
  {
    "docID": "N230 Zhang 2011 2",
    "et": "Tissue",
    "off": 14964,
    "sff": "tissue"
  },
  {
    "docID": "N230 Zhang 2011 2",
    "et": "Tissue",
    "off": 8565,
    "sff": "tissue"
  },
  {
    "docID": "N230 Zhang 2011 2",
    "et": "Tissue",
    "off": 34931,
    "sff": "tissue"
  },
  {
    "docID": "N230 Zhang 2011 2",
    "et": "Tissue",
    "off": 30329,
    "sff": "tissue"
  },
  {
    "docID": "N230 Zhang 2011 2",
    "et": "Tissue",
    "off": 30585,
    "sff": "tissue"
  },
  {
    "docID": "N230 Zhang 2011 2",
    "et": "Tissue",
    "off": 11895,
    "sff": "tissue"
  },
  {
    "docID": "N230 Zhang 2011 2",
    "et": "Tissue",
    "off": 12173,
    "sff": "tissue"
  },
  {
    "docID": "N230 Zhang 2011 2",
    "et": "Tissue",
    "off": 11658,
    "sff": "tissue"
  },
  {
    "docID": "N230 Zhang 2011 2",
    "et": "Tissue",
    "off": 14224,
    "sff": "tissue"
  },
  {
    "docID": "N230 Zhang 2011 2",
    "et": "Tissue",
    "off": 20880,
    "sff": "tissue"
  },
  {
    "docID": "N230 Zhang 2011 2",
    "et": "Tissue",
    "off": 12676,
    "sff": "tissue"
  },
  {
    "docID": "N230 Zhang 2011 2",
    "et": "Tissue",
    "off": 1666,
    "sff": "tissue"
  },
  {
    "docID": "N230 Zhang 2011 2",
    "et": "Tissue",
    "off": 15491,
    "sff": "tissue"
  },
  {
    "docID": "N230 Zhang 2011 2",
    "et": "Tissue",
    "off": 24476,
    "sff": "tissue"
  },
  {
    "docID": "N230 Zhang 2011 2",
    "et": "Tissue",
    "off": 925,
    "sff": "tissue"
  },
  {
    "docID": "N230 Zhang 2011 2",
    "et": "Tissue",
    "off": 17568,
    "sff": "tissue"
  },
  {
    "docID": "N230 Zhang 2011 2",
    "et": "Tissue",
    "off": 4510,
    "sff": "tissue"
  },
  {
    "docID": "N230 Zhang 2011 2",
    "et": "Tissue",
    "off": 1685,
    "sff": "tissue"
  },
  {
    "docID": "N230 Zhang 2011 2",
    "et": "Tissue",
    "off": 29848,
    "sff": "tissue"
  },
  {
    "docID": "N230 Zhang 2011 2",
    "et": "Tissue",
    "off": 18329,
    "sff": "tissue"
  },
  {
    "docID": "N230 Zhang 2011 2",
    "et": "Tissue",
    "off": 44,
    "sff": "tissue"
  },
  {
    "docID": "N230 Zhang 2011 2",
    "et": "Tissue",
    "off": 25387,
    "sff": "tissue"
  },
  {
    "docID": "N230 Zhang 2011 2",
    "et": "Tissue",
    "off": 9264,
    "sff": "tissue"
  },
  {
    "docID": "N230 Zhang 2011 2",
    "et": "Tissue",
    "off": 15407,
    "sff": "tissue"
  },
  {
    "docID": "N230 Zhang 2011 2",
    "et": "Tissue",
    "off": 16675,
    "sff": "tissue"
  },
  {
    "docID": "N230 Zhang 2011 2",
    "et": "Tissue",
    "off": 31523,
    "sff": "tissue"
  },
  {
    "docID": "N230 Zhang 2011 2",
    "et": "Tissue",
    "off": 12838,
    "sff": "tissue"
  },
  {
    "docID": "N230 Zhang 2011 2",
    "et": "Tissue",
    "off": 3642,
    "sff": "tissue"
  },
  {
    "docID": "N230 Zhang 2011 2",
    "et": "Tissue",
    "off": 32570,
    "sff": "tissue"
  },
  {
    "docID": "N230 Zhang 2011 2",
    "et": "Tissue",
    "off": 34618,
    "sff": "tissue"
  },
  {
    "docID": "N230 Zhang 2011 2",
    "et": "Tissue",
    "off": 17473,
    "sff": "tissue"
  },
  {
    "docID": "N230 Zhang 2011 2",
    "et": "Tissue",
    "off": 31553,
    "sff": "tissue"
  },
  {
    "docID": "N230 Zhang 2011 2",
    "et": "Tissue",
    "off": 32062,
    "sff": "tissue"
  },
  {
    "docID": "N230 Zhang 2011 2",
    "et": "Tissue",
    "off": 24372,
    "sff": "tissue"
  },
  {
    "docID": "N230 Zhang 2011 2",
    "et": "Tissue",
    "off": 1077,
    "sff": "tissue"
  },
  {
    "docID": "N230 Zhang 2011 2",
    "et": "Tissue",
    "off": 7481,
    "sff": "tissue"
  },
  {
    "docID": "N230 Zhang 2011 2",
    "et": "Tissue",
    "off": 29751,
    "sff": "tissue"
  },
  {
    "docID": "N230 Zhang 2011 2",
    "et": "Tissue",
    "off": 1868,
    "sff": "tissue"
  },
  {
    "docID": "N230 Zhang 2011 2",
    "et": "Tissue",
    "off": 23373,
    "sff": "tissue"
  },
  {
    "docID": "N230 Zhang 2011 2",
    "et": "Tissue",
    "off": 2640,
    "sff": "tissue"
  },
  {
    "docID": "N230 Zhang 2011 2",
    "et": "Tissue",
    "off": 30032,
    "sff": "tissue"
  },
  {
    "docID": "N230 Zhang 2011 2",
    "et": "Tissue",
    "off": 4430,
    "sff": "tissue"
  },
  {
    "docID": "N230 Zhang 2011 2",
    "et": "Tissue",
    "off": 14146,
    "sff": "tissue"
  },
  {
    "docID": "N230 Zhang 2011 2",
    "et": "Tissue",
    "off": 19778,
    "sff": "tissue"
  },
  {
    "docID": "N230 Zhang 2011 2",
    "et": "Tissue",
    "off": 26946,
    "sff": "tissue"
  },
  {
    "docID": "N230 Zhang 2011 2",
    "et": "Tissue",
    "off": 11331,
    "sff": "tissue"
  },
  {
    "docID": "N230 Zhang 2011 2",
    "et": "Tissue",
    "off": 11843,
    "sff": "tissue"
  },
  {
    "docID": "N230 Zhang 2011 2",
    "et": "Tissue",
    "off": 22599,
    "sff": "tissue"
  },
  {
    "docID": "N230 Zhang 2011 2",
    "et": "Tissue",
    "off": 16218,
    "sff": "tissue"
  },
  {
    "docID": "N230 Zhang 2011 2",
    "et": "Tissue",
    "off": 31071,
    "sff": "tissue"
  },
  {
    "docID": "N230 Zhang 2011 2",
    "et": "Tissue",
    "off": 14164,
    "sff": "tissue"
  },
  {
    "docID": "N230 Zhang 2011 2",
    "et": "Tissue",
    "off": 19797,
    "sff": "tissue"
  },
  {
    "docID": "N230 Zhang 2011 2",
    "et": "Tissue",
    "off": 25941,
    "sff": "tissue"
  },
  {
    "docID": "N230 Zhang 2011 2",
    "et": "Tissue",
    "off": 17491,
    "sff": "tissue"
  },
  {
    "docID": "N230 Zhang 2011 2",
    "et": "Tissue",
    "off": 34131,
    "sff": "tissue"
  },
  {
    "docID": "N230 Zhang 2011 2",
    "et": "Tissue",
    "off": 15449,
    "sff": "tissue"
  },
  {
    "docID": "N230 Zhang 2011 2",
    "et": "Tissue",
    "off": 3159,
    "sff": "tissue"
  },
  {
    "docID": "N230 Zhang 2011 2",
    "et": "Tissue",
    "off": 30448,
    "sff": "tissue"
  },
  {
    "docID": "N230 Zhang 2011 2",
    "et": "Tissue",
    "off": 22525,
    "sff": "tissue"
  },
  {
    "docID": "N230 Zhang 2011 2",
    "et": "Tissue",
    "off": 17408,
    "sff": "tissue"
  },
  {
    "docID": "N230 Zhang 2011 2",
    "et": "Tissue",
    "off": 2817,
    "sff": "tissue"
  },
  {
    "docID": "N230 Zhang 2011 2",
    "et": "Tissue",
    "off": 33534,
    "sff": "tissue"
  },
  {
    "docID": "N230 Zhang 2011 2",
    "et": "Tissue",
    "off": 2303,
    "sff": "tissue"
  },
  {
    "docID": "N230 Zhang 2011 2",
    "et": "Tissue",
    "off": 30197,
    "sff": "tissue"
  },
  {
    "docID": "N230 Zhang 2011 2",
    "et": "Tissue",
    "off": 7233,
    "sff": "Tissue"
  },
  {
    "docID": "N230 Zhang 2011 2",
    "et": "Tissue",
    "off": 19958,
    "sff": "tissue"
  },
  {
    "docID": "N230 Zhang 2011 2",
    "et": "Tissue",
    "off": 27403,
    "sff": "tissue"
  },
  {
    "docID": "N230 Zhang 2011 2",
    "et": "Tissue",
    "off": 25872,
    "sff": "tissue"
  },
  {
    "docID": "N230 Zhang 2011 2",
    "et": "Tissue",
    "off": 16142,
    "sff": "tissue"
  },
  {
    "docID": "N230 Zhang 2011 2",
    "et": "Tissue",
    "off": 19726,
    "sff": "tissue"
  },
  {
    "docID": "N230 Zhang 2011 2",
    "et": "Tissue",
    "off": 14084,
    "sff": "tissue"
  },
  {
    "docID": "N230 Zhang 2011 2",
    "et": "Tissue",
    "off": 32002,
    "sff": "tissue"
  },
  {
    "docID": "N230 Zhang 2011 2",
    "et": "Tissue",
    "off": 12552,
    "sff": "tissue"
  },
  {
    "docID": "N230 Zhang 2011 2",
    "et": "Tissue",
    "off": 24583,
    "sff": "tissue"
  },
  {
    "docID": "N230 Zhang 2011 2",
    "et": "Tissue",
    "off": 11548,
    "sff": "tissue"
  },
  {
    "docID": "N230 Zhang 2011 2",
    "et": "Tissue",
    "off": 3613,
    "sff": "tissue"
  },
  {
    "docID": "N230 Zhang 2011 2",
    "et": "Tissue",
    "off": 21533,
    "sff": "tissue"
  },
  {
    "docID": "N230 Zhang 2011 2",
    "et": "Tissue",
    "off": 3354,
    "sff": "tissue"
  },
  {
    "docID": "N230 Zhang 2011 2",
    "et": "Tissue",
    "off": 13089,
    "sff": "tissue"
  },
  {
    "docID": "N230 Zhang 2011 2",
    "et": "InjectionDelivery",
    "off": 8399,
    "sff": "injection"
  },
  {
    "docID": "N230 Zhang 2011 2",
    "et": "SpinalLesionSite",
    "off": 11770,
    "sff": "lesion"
  },
  {
    "docID": "N230 Zhang 2011 2",
    "et": "SpinalLesionSite",
    "off": 23930,
    "sff": "lesion"
  },
  {
    "docID": "N230 Zhang 2011 2",
    "et": "SpinalLesionSite",
    "off": 33146,
    "sff": "lesion"
  },
  {
    "docID": "N230 Zhang 2011 2",
    "et": "SpinalLesionSite",
    "off": 23995,
    "sff": "lesion"
  },
  {
    "docID": "N230 Zhang 2011 2",
    "et": "SpinalLesionSite",
    "off": 24696,
    "sff": "lesion"
  },
  {
    "docID": "N230 Zhang 2011 2",
    "et": "SpinalLesionSite",
    "off": 2550,
    "sff": "lesion"
  },
  {
    "docID": "N230 Zhang 2011 2",
    "et": "SpinalLesionSite",
    "off": 16310,
    "sff": "lesion"
  },
  {
    "docID": "N230 Zhang 2011 2",
    "et": "SpinalLesionSite",
    "off": 25541,
    "sff": "lesion"
  },
  {
    "docID": "N230 Zhang 2011 2",
    "et": "SpinalLesionSite",
    "off": 24522,
    "sff": "lesion"
  },
  {
    "docID": "N230 Zhang 2011 2",
    "et": "SpinalLesionSite",
    "off": 30599,
    "sff": "lesion"
  },
  {
    "docID": "N230 Zhang 2011 2",
    "et": "SpinalLesionSite",
    "off": 1620,
    "sff": "lesion"
  },
  {
    "docID": "N230 Zhang 2011 2",
    "et": "SpinalLesionSite",
    "off": 26133,
    "sff": "lesion"
  },
  {
    "docID": "N230 Zhang 2011 2",
    "et": "SpinalLesionSite",
    "off": 8911,
    "sff": "lesion"
  },
  {
    "docID": "N230 Zhang 2011 2",
    "et": "SpinalLesionSite",
    "off": 21788,
    "sff": "lesion"
  },
  {
    "docID": "N230 Zhang 2011 2",
    "et": "SpinalLesionSite",
    "off": 5530,
    "sff": "lesion"
  },
  {
    "docID": "N230 Zhang 2011 2",
    "et": "SpinalLesionSite",
    "off": 27291,
    "sff": "lesion"
  },
  {
    "docID": "N230 Zhang 2011 2",
    "et": "SpinalLesionSite",
    "off": 24344,
    "sff": "lesion"
  },
  {
    "docID": "N230 Zhang 2011 2",
    "et": "SpinalLesionSite",
    "off": 29912,
    "sff": "lesion"
  },
  {
    "docID": "N230 Zhang 2011 2",
    "et": "SpinalLesionSite",
    "off": 33113,
    "sff": "lesion"
  },
  {
    "docID": "N230 Zhang 2011 2",
    "et": "SpinalLesionSite",
    "off": 8163,
    "sff": "lesion"
  },
  {
    "docID": "N230 Zhang 2011 2",
    "et": "SpinalLesionSite",
    "off": 29664,
    "sff": "lesion"
  },
  {
    "docID": "N230 Zhang 2011 2",
    "et": "SpinalLesionSite",
    "off": 15457,
    "sff": "lesion"
  },
  {
    "docID": "N230 Zhang 2011 2",
    "et": "SpinalLesionSite",
    "off": 13036,
    "sff": "lesion"
  },
  {
    "docID": "N230 Zhang 2011 2",
    "et": "SpinalLesionSite",
    "off": 16813,
    "sff": "lesion"
  },
  {
    "docID": "N230 Zhang 2011 2",
    "et": "SpinalLesionSite",
    "off": 29990,
    "sff": "lesion"
  },
  {
    "docID": "N230 Zhang 2011 2",
    "et": "SpinalLesionSite",
    "off": 12775,
    "sff": "lesion"
  },
  {
    "docID": "N230 Zhang 2011 2",
    "et": "SpinalLesionSite",
    "off": 2867,
    "sff": "lesion"
  },
  {
    "docID": "N230 Zhang 2011 2",
    "et": "SpinalLesionSite",
    "off": 19185,
    "sff": "lesion"
  },
  {
    "docID": "N230 Zhang 2011 2",
    "et": "SpinalLesionSite",
    "off": 3054,
    "sff": "lesion"
  },
  {
    "docID": "N230 Zhang 2011 2",
    "et": "SpinalLesionSite",
    "off": 24431,
    "sff": "lesion"
  },
  {
    "docID": "N230 Zhang 2011 2",
    "et": "HumanSpecies",
    "off": 5336,
    "sff": "human"
  },
  {
    "docID": "N230 Zhang 2011 2",
    "et": "Weight",
    "off": 10626,
    "sff": "0.5 mg"
  },
  {
    "docID": "N230 Zhang 2011 2",
    "et": "Weight",
    "off": 5934,
    "sff": "200-220 g"
  },
  {
    "docID": "N230 Zhang 2011 2",
    "et": "AnimalSpecies",
    "off": 33350,
    "sff": "species"
  },
  {
    "docID": "N230 Zhang 2011 2",
    "et": "AnimalCareCondition",
    "off": 7019,
    "sff": "care"
  },
  {
    "docID": "N230 Zhang 2011 2",
    "et": "AnimalCareCondition",
    "off": 7144,
    "sff": "Care"
  },
  {
    "docID": "N230 Zhang 2011 2",
    "et": "AnimalCareCondition",
    "off": 7075,
    "sff": "Care"
  },
  {
    "docID": "N230 Zhang 2011 2",
    "et": "Contusion",
    "off": 5994,
    "sff": "contusion"
  },
  {
    "docID": "N230 Zhang 2011 2",
    "et": "Contusion",
    "off": 6666,
    "sff": "contusion"
  },
  {
    "docID": "N230 Zhang 2011 2",
    "et": "Contusion",
    "off": 12622,
    "sff": "contusion"
  },
  {
    "docID": "N230 Zhang 2011 2",
    "et": "Contusion",
    "off": 5635,
    "sff": "contusion"
  },
  {
    "docID": "N230 Zhang 2011 2",
    "et": "Contusion",
    "off": 28805,
    "sff": "contusion"
  },
  {
    "docID": "N230 Zhang 2011 2",
    "et": "Contusion",
    "off": 25417,
    "sff": "contusion"
  },
  {
    "docID": "N230 Zhang 2011 2",
    "et": "Contusion",
    "off": 26588,
    "sff": "contusion"
  },
  {
    "docID": "N230 Zhang 2011 2",
    "et": "Contusion",
    "off": 20062,
    "sff": "contusion"
  },
  {
    "docID": "N230 Zhang 2011 2",
    "et": "Contusion",
    "off": 11615,
    "sff": "contusion"
  },
  {
    "docID": "N230 Zhang 2011 2",
    "et": "Contusion",
    "off": 27039,
    "sff": "contusion"
  },
  {
    "docID": "N230 Zhang 2011 2",
    "et": "Contusion",
    "off": 2387,
    "sff": "contusion"
  },
  {
    "docID": "N230 Zhang 2011 2",
    "et": "Contusion",
    "off": 4193,
    "sff": "contusion"
  },
  {
    "docID": "N230 Zhang 2011 2",
    "et": "Contusion",
    "off": 64,
    "sff": "contusion"
  },
  {
    "docID": "N230 Zhang 2011 2",
    "et": "Contusion",
    "off": 15223,
    "sff": "contusion"
  },
  {
    "docID": "N230 Zhang 2011 2",
    "et": "Contusion",
    "off": 7896,
    "sff": "contusion"
  },
  {
    "docID": "N230 Zhang 2011 2",
    "et": "Contusion",
    "off": 730,
    "sff": "contusion"
  },
  {
    "docID": "N230 Zhang 2011 2",
    "et": "Saline",
    "off": 8683,
    "sff": "saline"
  },
  {
    "docID": "N230 Zhang 2011 2",
    "et": "Saline",
    "off": 6460,
    "sff": "saline"
  },
  {
    "docID": "N230 Zhang 2011 2",
    "et": "Saline",
    "off": 6845,
    "sff": "saline"
  },
  {
    "docID": "N230 Zhang 2011 2",
    "et": "Saline",
    "off": 8127,
    "sff": "saline"
  },
  {
    "docID": "N230 Zhang 2011 2",
    "et": "Saline",
    "off": 9983,
    "sff": "saline"
  },
  {
    "docID": "N230 Zhang 2011 2",
    "et": "LongTermCultivation",
    "off": 26857,
    "sff": "long term"
  },
  {
    "docID": "N230 Zhang 2011 2",
    "et": "LongTermCultivation",
    "off": 8891,
    "sff": "long"
  },
  {
    "docID": "N230 Zhang 2011 2",
    "et": "LongTermCultivation",
    "off": 32222,
    "sff": "long"
  },
  {
    "docID": "N230 Zhang 2011 2",
    "et": "Dosage",
    "off": 6824,
    "sff": "90 mg/kg"
  },
  {
    "docID": "N230 Zhang 2011 2",
    "et": "Dosage",
    "off": 6215,
    "sff": "50 mg/kg"
  },
  {
    "docID": "N230 Zhang 2011 2",
    "et": "Dosage",
    "off": 10626,
    "sff": "0.5 mg in 1 ml"
  },
  {
    "docID": "N230 Zhang 2011 2",
    "et": "Dosage",
    "off": 8100,
    "sff": "2%"
  },
  {
    "docID": "N230 Zhang 2011 2",
    "et": "Dosage",
    "off": 15217,
    "sff": "25 mm"
  },
  {
    "docID": "N230 Zhang 2011 2",
    "et": "Dosage",
    "off": 27057,
    "sff": "25 mm"
  },
  {
    "docID": "N230 Zhang 2011 2",
    "et": "Dosage",
    "off": 6288,
    "sff": "0.02 mg/kg"
  },
  {
    "docID": "N230 Zhang 2011 2",
    "et": "Dosage",
    "off": 6528,
    "sff": "10 ml"
  },
  {
    "docID": "N230 Zhang 2011 2",
    "et": "Dosage",
    "off": 2413,
    "sff": "25 mm"
  },
  {
    "docID": "N230 Zhang 2011 2",
    "et": "Dosage",
    "off": 6883,
    "sff": "4%"
  },
  {
    "docID": "N230 Zhang 2011 2",
    "et": "Dosage",
    "off": 10001,
    "sff": "0.1%"
  },
  {
    "docID": "N230 Zhang 2011 2",
    "et": "Dosage",
    "off": 5938,
    "sff": "220 g"
  },
  {
    "docID": "N230 Zhang 2011 2",
    "et": "Dosage",
    "off": 9963,
    "sff": "50 mM"
  },
  {
    "docID": "N230 Zhang 2011 2",
    "et": "Dosage",
    "off": 12616,
    "sff": "25 mm"
  },
  {
    "docID": "N230 Zhang 2011 2",
    "et": "Dosage",
    "off": 6369,
    "sff": "20 mg/kg"
  },
  {
    "docID": "N230 Zhang 2011 2",
    "et": "Dosage",
    "off": 769,
    "sff": "25 mm"
  },
  {
    "docID": "N230 Zhang 2011 2",
    "et": "Dosage",
    "off": 18476,
    "sff": "15 mm"
  },
  {
    "docID": "N230 Zhang 2011 2",
    "et": "Dosage",
    "off": 6012,
    "sff": "25 mm"
  },
  {
    "docID": "N230 Zhang 2011 2",
    "et": "Dosage",
    "off": 8884,
    "sff": "1.0 mm"
  },
  {
    "docID": "N230 Zhang 2011 2",
    "et": "Dosage",
    "off": 9041,
    "sff": "0.5 mm"
  },
  {
    "docID": "N230 Zhang 2011 2",
    "et": "Dosage",
    "off": 10161,
    "sff": "2%"
  },
  {
    "docID": "N230 Zhang 2011 2",
    "et": "Dosage",
    "off": 11609,
    "sff": "25 mm"
  },
  {
    "docID": "N230 Zhang 2011 2",
    "et": "Dosage",
    "off": 6455,
    "sff": "0.9%"
  },
  {
    "docID": "N230 Zhang 2011 2",
    "et": "Dosage",
    "off": 9468,
    "sff": "4%"
  },
  {
    "docID": "N230 Zhang 2011 2",
    "et": "Dosage",
    "off": 25569,
    "sff": "10 mm"
  },
  {
    "docID": "N230 Zhang 2011 2",
    "et": "Dosage",
    "off": 10652,
    "sff": "0.01%"
  },
  {
    "docID": "N230 Zhang 2011 2",
    "et": "Dosage",
    "off": 10272,
    "sff": "1%"
  },
  {
    "docID": "N230 Zhang 2011 2",
    "et": "Dosage",
    "off": 9952,
    "sff": "3%"
  },
  {
    "docID": "N230 Zhang 2011 2",
    "et": "Ventral",
    "off": 22490,
    "sff": "ventral"
  },
  {
    "docID": "N230 Zhang 2011 2",
    "et": "Ventral",
    "off": 16061,
    "sff": "ventral"
  },
  {
    "docID": "N230 Zhang 2011 2",
    "et": "Ventral",
    "off": 12462,
    "sff": "ventral"
  },
  {
    "docID": "N230 Zhang 2011 2",
    "et": "Ventral",
    "off": 19825,
    "sff": "ventral"
  },
  {
    "docID": "N230 Zhang 2011 2",
    "et": "Ventral",
    "off": 17616,
    "sff": "ventral"
  },
  {
    "docID": "N230 Zhang 2011 2",
    "et": "Ventral",
    "off": 3144,
    "sff": "ventral"
  },
  {
    "docID": "N230 Zhang 2011 2",
    "et": "BladderExpression",
    "off": 6555,
    "sff": "bladders"
  },
  {
    "docID": "N230 Zhang 2011 2",
    "et": "BladderExpression",
    "off": 6413,
    "sff": "bladder"
  },
  {
    "docID": "N230 Zhang 2011 2",
    "et": "TreatmentSite",
    "off": 19268,
    "sff": "treatment"
  },
  {
    "docID": "N230 Zhang 2011 2",
    "et": "TreatmentSite",
    "off": 22337,
    "sff": "treatment"
  },
  {
    "docID": "N230 Zhang 2011 2",
    "et": "Longitudinal",
    "off": 18549,
    "sff": "longitudinal"
  },
  {
    "docID": "N230 Zhang 2011 2",
    "et": "Longitudinal",
    "off": 28543,
    "sff": "longitudinal"
  },
  {
    "docID": "N230 Zhang 2011 2",
    "et": "StemCell",
    "off": 32420,
    "sff": "stem"
  },
  {
    "docID": "N230 Zhang 2011 2",
    "et": "Proliferation",
    "off": 33622,
    "sff": "proliferation"
  },
  {
    "docID": "N230 Zhang 2011 2",
    "et": "Proliferation",
    "off": 27888,
    "sff": "proliferation"
  },
  {
    "docID": "N230 Zhang 2011 2",
    "et": "Proliferation",
    "off": 34863,
    "sff": "proliferation"
  },
  {
    "docID": "N230 Zhang 2011 2",
    "et": "Duration",
    "off": 715,
    "sff": "14 weeks"
  },
  {
    "docID": "N230 Zhang 2011 2",
    "et": "Duration",
    "off": 10038,
    "sff": "30 min"
  },
  {
    "docID": "N230 Zhang 2011 2",
    "et": "Duration",
    "off": 10428,
    "sff": "60 min"
  },
  {
    "docID": "N230 Zhang 2011 2",
    "et": "Duration",
    "off": 10491,
    "sff": "60 min"
  },
  {
    "docID": "N230 Zhang 2011 2",
    "et": "Duration",
    "off": 4179,
    "sff": "6 weeks"
  },
  {
    "docID": "N230 Zhang 2011 2",
    "et": "Duration",
    "off": 6686,
    "sff": "8 weeks"
  },
  {
    "docID": "N230 Zhang 2011 2",
    "et": "Duration",
    "off": 14476,
    "sff": "2 weeks"
  },
  {
    "docID": "N230 Zhang 2011 2",
    "et": "Duration",
    "off": 16827,
    "sff": "8 weeks"
  },
  {
    "docID": "N230 Zhang 2011 2",
    "et": "Duration",
    "off": 6316,
    "sff": "2 days"
  },
  {
    "docID": "N230 Zhang 2011 2",
    "et": "Duration",
    "off": 10666,
    "sff": "1-3 min"
  },
  {
    "docID": "N230 Zhang 2011 2",
    "et": "Duration",
    "off": 12602,
    "sff": "6 weeks"
  },
  {
    "docID": "N230 Zhang 2011 2",
    "et": "Duration",
    "off": 9921,
    "sff": "15 min"
  },
  {
    "docID": "N230 Zhang 2011 2",
    "et": "Duration",
    "off": 10184,
    "sff": "60 min"
  },
  {
    "docID": "N230 Zhang 2011 2",
    "et": "Duration",
    "off": 15203,
    "sff": "6 weeks"
  },
  {
    "docID": "N230 Zhang 2011 2",
    "et": "Duration",
    "off": 808,
    "sff": "8 weeks"
  },
  {
    "docID": "N230 Zhang 2011 2",
    "et": "Duration",
    "off": 6497,
    "sff": "7 days"
  },
  {
    "docID": "N230 Zhang 2011 2",
    "et": "Duration",
    "off": 8500,
    "sff": "150 W"
  },
  {
    "docID": "N230 Zhang 2011 2",
    "et": "Duration",
    "off": 8383,
    "sff": "5 minutes"
  },
  {
    "docID": "N230 Zhang 2011 2",
    "et": "Duration",
    "off": 16341,
    "sff": "14 weeks"
  },
  {
    "docID": "N230 Zhang 2011 2",
    "et": "Duration",
    "off": 11595,
    "sff": "6 weeks"
  },
  {
    "docID": "N230 Zhang 2011 2",
    "et": "Duration",
    "off": 8446,
    "sff": "5 min"
  },
  {
    "docID": "N230 Zhang 2011 2",
    "et": "Duration",
    "off": 6395,
    "sff": "7 days"
  },
  {
    "docID": "N230 Zhang 2011 2",
    "et": "Duration",
    "off": 8722,
    "sff": "30-40 seconds"
  },
  {
    "docID": "N230 Zhang 2011 2",
    "et": "Duration",
    "off": 7441,
    "sff": "45 min"
  },
  {
    "docID": "N230 Zhang 2011 2",
    "et": "LesionAdjacentTissue",
    "off": 1620,
    "sff": "lesion"
  },
  {
    "docID": "N230 Zhang 2011 2",
    "et": "LesionAdjacentTissue",
    "off": 26133,
    "sff": "lesion"
  },
  {
    "docID": "N230 Zhang 2011 2",
    "et": "LesionAdjacentTissue",
    "off": 24344,
    "sff": "lesion"
  },
  {
    "docID": "N230 Zhang 2011 2",
    "et": "LesionAdjacentTissue",
    "off": 29912,
    "sff": "lesion"
  },
  {
    "docID": "N230 Zhang 2011 2",
    "et": "LesionAdjacentTissue",
    "off": 24522,
    "sff": "lesion"
  },
  {
    "docID": "N230 Zhang 2011 2",
    "et": "LesionAdjacentTissue",
    "off": 8911,
    "sff": "lesion"
  },
  {
    "docID": "N230 Zhang 2011 2",
    "et": "LesionAdjacentTissue",
    "off": 15457,
    "sff": "lesion"
  },
  {
    "docID": "N230 Zhang 2011 2",
    "et": "LesionAdjacentTissue",
    "off": 8163,
    "sff": "lesion"
  },
  {
    "docID": "N230 Zhang 2011 2",
    "et": "LesionAdjacentTissue",
    "off": 29990,
    "sff": "lesion"
  },
  {
    "docID": "N230 Zhang 2011 2",
    "et": "LesionAdjacentTissue",
    "off": 12775,
    "sff": "lesion"
  },
  {
    "docID": "N230 Zhang 2011 2",
    "et": "LesionAdjacentTissue",
    "off": 5530,
    "sff": "lesion"
  },
  {
    "docID": "N230 Zhang 2011 2",
    "et": "LesionAdjacentTissue",
    "off": 33113,
    "sff": "lesion"
  },
  {
    "docID": "N230 Zhang 2011 2",
    "et": "LesionAdjacentTissue",
    "off": 21788,
    "sff": "lesion"
  },
  {
    "docID": "N230 Zhang 2011 2",
    "et": "LesionAdjacentTissue",
    "off": 27291,
    "sff": "lesion"
  },
  {
    "docID": "N230 Zhang 2011 2",
    "et": "LesionAdjacentTissue",
    "off": 29664,
    "sff": "lesion"
  },
  {
    "docID": "N230 Zhang 2011 2",
    "et": "LesionAdjacentTissue",
    "off": 19185,
    "sff": "lesion"
  },
  {
    "docID": "N230 Zhang 2011 2",
    "et": "LesionAdjacentTissue",
    "off": 2867,
    "sff": "lesion"
  },
  {
    "docID": "N230 Zhang 2011 2",
    "et": "LesionAdjacentTissue",
    "off": 2550,
    "sff": "lesion"
  },
  {
    "docID": "N230 Zhang 2011 2",
    "et": "LesionAdjacentTissue",
    "off": 16310,
    "sff": "lesion"
  },
  {
    "docID": "N230 Zhang 2011 2",
    "et": "LesionAdjacentTissue",
    "off": 24696,
    "sff": "lesion"
  },
  {
    "docID": "N230 Zhang 2011 2",
    "et": "LesionAdjacentTissue",
    "off": 13036,
    "sff": "lesion"
  },
  {
    "docID": "N230 Zhang 2011 2",
    "et": "LesionAdjacentTissue",
    "off": 16813,
    "sff": "lesion"
  },
  {
    "docID": "N230 Zhang 2011 2",
    "et": "LesionAdjacentTissue",
    "off": 3054,
    "sff": "lesion"
  },
  {
    "docID": "N230 Zhang 2011 2",
    "et": "LesionAdjacentTissue",
    "off": 24431,
    "sff": "lesion"
  },
  {
    "docID": "N230 Zhang 2011 2",
    "et": "LesionAdjacentTissue",
    "off": 25541,
    "sff": "lesion"
  },
  {
    "docID": "N230 Zhang 2011 2",
    "et": "LesionAdjacentTissue",
    "off": 30599,
    "sff": "lesion"
  },
  {
    "docID": "N230 Zhang 2011 2",
    "et": "LesionAdjacentTissue",
    "off": 23930,
    "sff": "lesion"
  },
  {
    "docID": "N230 Zhang 2011 2",
    "et": "LesionAdjacentTissue",
    "off": 33146,
    "sff": "lesion"
  },
  {
    "docID": "N230 Zhang 2011 2",
    "et": "LesionAdjacentTissue",
    "off": 11770,
    "sff": "lesion"
  },
  {
    "docID": "N230 Zhang 2011 2",
    "et": "LesionAdjacentTissue",
    "off": 23995,
    "sff": "lesion"
  },
  {
    "docID": "N230 Zhang 2011 2",
    "et": "CentralNervousSystem",
    "off": 33504,
    "sff": "central"
  },
  {
    "docID": "N230 Zhang 2011 2",
    "et": "CentralNervousSystem",
    "off": 28160,
    "sff": "nervous system"
  },
  {
    "docID": "N230 Zhang 2011 2",
    "et": "CentralNervousSystem",
    "off": 23434,
    "sff": "Central"
  },
  {
    "docID": "N230 Zhang 2011 2",
    "et": "CentralNervousSystem",
    "off": 23526,
    "sff": "central"
  },
  {
    "docID": "N230 Zhang 2011 2",
    "et": "CentralNervousSystem",
    "off": 28212,
    "sff": "nervous system"
  },
  {
    "docID": "N230 Zhang 2011 2",
    "et": "CentralNervousSystem",
    "off": 28212,
    "sff": "nervous"
  },
  {
    "docID": "N230 Zhang 2011 2",
    "et": "CentralNervousSystem",
    "off": 28160,
    "sff": "nervous"
  },
  {
    "docID": "N230 Zhang 2011 2",
    "et": "CentralNervousSystem",
    "off": 15369,
    "sff": "central"
  },
  {
    "docID": "N230 Zhang 2011 2",
    "et": "CentralNervousSystem",
    "off": 15881,
    "sff": "central"
  },
  {
    "docID": "N230 Zhang 2011 2",
    "et": "CentralNervousSystem",
    "off": 15161,
    "sff": "Central"
  },
  {
    "docID": "N230 Zhang 2011 2",
    "et": "CentralNervousSystem",
    "off": 33387,
    "sff": "central"
  },
  {
    "docID": "N230 Zhang 2011 2",
    "et": "CentralNervousSystem",
    "off": 15764,
    "sff": "central"
  },
  {
    "docID": "N230 Zhang 2011 2",
    "et": "CentralNervousSystem",
    "off": 15571,
    "sff": "central"
  },
  {
    "docID": "N230 Zhang 2011 2",
    "et": "RocheMexico",
    "off": 7405,
    "sff": "Roche"
  },
  {
    "docID": "N230 Zhang 2011 2",
    "et": "Matrix",
    "off": 19499,
    "sff": "matrix"
  },
  {
    "docID": "N230 Zhang 2011 2",
    "et": "Matrix",
    "off": 25967,
    "sff": "matrix"
  },
  {
    "docID": "N230 Zhang 2011 2",
    "et": "SpinalCentralPart",
    "off": 33504,
    "sff": "central"
  },
  {
    "docID": "N230 Zhang 2011 2",
    "et": "SpinalCentralPart",
    "off": 15571,
    "sff": "central"
  },
  {
    "docID": "N230 Zhang 2011 2",
    "et": "SpinalCentralPart",
    "off": 15764,
    "sff": "central"
  },
  {
    "docID": "N230 Zhang 2011 2",
    "et": "SpinalCentralPart",
    "off": 23526,
    "sff": "central"
  },
  {
    "docID": "N230 Zhang 2011 2",
    "et": "SpinalCentralPart",
    "off": 15369,
    "sff": "central"
  },
  {
    "docID": "N230 Zhang 2011 2",
    "et": "SpinalCentralPart",
    "off": 15881,
    "sff": "central"
  },
  {
    "docID": "N230 Zhang 2011 2",
    "et": "SpinalCentralPart",
    "off": 23434,
    "sff": "Central"
  },
  {
    "docID": "N230 Zhang 2011 2",
    "et": "SpinalCentralPart",
    "off": 15161,
    "sff": "Central"
  },
  {
    "docID": "N230 Zhang 2011 2",
    "et": "SpinalCentralPart",
    "off": 33387,
    "sff": "central"
  },
  {
    "docID": "N230 Zhang 2011 2",
    "et": "InjuryArea",
    "off": 13324,
    "sff": "area"
  },
  {
    "docID": "N230 Zhang 2011 2",
    "et": "InjuryArea",
    "off": 15551,
    "sff": "area"
  },
  {
    "docID": "N230 Zhang 2011 2",
    "et": "InjuryArea",
    "off": 4905,
    "sff": "area"
  },
  {
    "docID": "N230 Zhang 2011 2",
    "et": "InjuryArea",
    "off": 30122,
    "sff": "area"
  },
  {
    "docID": "N230 Zhang 2011 2",
    "et": "InjuryArea",
    "off": 16773,
    "sff": "area"
  },
  {
    "docID": "N230 Zhang 2011 2",
    "et": "InjuryArea",
    "off": 28070,
    "sff": "area"
  },
  {
    "docID": "N230 Zhang 2011 2",
    "et": "InjuryArea",
    "off": 29505,
    "sff": "area"
  },
  {
    "docID": "N230 Zhang 2011 2",
    "et": "ShortTermCultivaton",
    "off": 26862,
    "sff": "term"
  },
  {
    "docID": "N230 Zhang 2011 2",
    "et": "MedicationDuringSurgery",
    "off": 30186,
    "sff": "During"
  },
  {
    "docID": "N230 Zhang 2011 2",
    "et": "MedicationDuringSurgery",
    "off": 8736,
    "sff": "during"
  },
  {
    "docID": "N230 Zhang 2011 2",
    "et": "SpinalWhiteMatter",
    "off": 27091,
    "sff": "white matter"
  },
  {
    "docID": "N230 Zhang 2011 2",
    "et": "SpinalWhiteMatter",
    "off": 15663,
    "sff": "White"
  },
  {
    "docID": "N230 Zhang 2011 2",
    "et": "SpinalWhiteMatter",
    "off": 2477,
    "sff": "white matter"
  },
  {
    "docID": "N230 Zhang 2011 2",
    "et": "MacrophageCell",
    "off": 15100,
    "sff": "Macrophage"
  },
  {
    "docID": "N230 Zhang 2011 2",
    "et": "Dorsal",
    "off": 34245,
    "sff": "dorsal"
  },
  {
    "docID": "N230 Zhang 2011 2",
    "et": "Dorsal",
    "off": 13964,
    "sff": "dorsal"
  },
  {
    "docID": "N230 Zhang 2011 2",
    "et": "Dorsal",
    "off": 27084,
    "sff": "dorsal"
  },
  {
    "docID": "N230 Zhang 2011 2",
    "et": "Dorsal",
    "off": 2957,
    "sff": "dorsal"
  },
  {
    "docID": "N230 Zhang 2011 2",
    "et": "Dorsal",
    "off": 18890,
    "sff": "dorsal"
  },
  {
    "docID": "N230 Zhang 2011 2",
    "et": "Dorsal",
    "off": 22479,
    "sff": "dorsal"
  },
  {
    "docID": "N230 Zhang 2011 2",
    "et": "Dorsal",
    "off": 16532,
    "sff": "dorsal"
  },
  {
    "docID": "N230 Zhang 2011 2",
    "et": "Dorsal",
    "off": 18578,
    "sff": "dorsal"
  },
  {
    "docID": "N230 Zhang 2011 2",
    "et": "Dorsal",
    "off": 27219,
    "sff": "dorsal"
  },
  {
    "docID": "N230 Zhang 2011 2",
    "et": "Dorsal",
    "off": 27736,
    "sff": "dorsal"
  },
  {
    "docID": "N230 Zhang 2011 2",
    "et": "Dorsal",
    "off": 21142,
    "sff": "dorsal"
  },
  {
    "docID": "N230 Zhang 2011 2",
    "et": "Dorsal",
    "off": 17239,
    "sff": "dorsal"
  },
  {
    "docID": "N230 Zhang 2011 2",
    "et": "Dorsal",
    "off": 12445,
    "sff": "dorsal"
  },
  {
    "docID": "N230 Zhang 2011 2",
    "et": "Dorsal",
    "off": 16922,
    "sff": "dorsal"
  },
  {
    "docID": "N230 Zhang 2011 2",
    "et": "Dorsal",
    "off": 12251,
    "sff": "dorsal"
  },
  {
    "docID": "N230 Zhang 2011 2",
    "et": "Dorsal",
    "off": 2848,
    "sff": "dorsal"
  },
  {
    "docID": "N230 Zhang 2011 2",
    "et": "Dorsal",
    "off": 11680,
    "sff": "dorsal"
  },
  {
    "docID": "N230 Zhang 2011 2",
    "et": "Dorsal",
    "off": 16417,
    "sff": "dorsal"
  },
  {
    "docID": "N230 Zhang 2011 2",
    "et": "Dorsal",
    "off": 19809,
    "sff": "dorsal"
  },
  {
    "docID": "N230 Zhang 2011 2",
    "et": "Dorsal",
    "off": 20001,
    "sff": "dorsal"
  },
  {
    "docID": "N230 Zhang 2011 2",
    "et": "Dorsal",
    "off": 21285,
    "sff": "dorsal"
  },
  {
    "docID": "N230 Zhang 2011 2",
    "et": "Dorsal",
    "off": 27496,
    "sff": "dorsal"
  },
  {
    "docID": "N230 Zhang 2011 2",
    "et": "Dorsal",
    "off": 2470,
    "sff": "dorsal"
  },
  {
    "docID": "N230 Zhang 2011 2",
    "et": "Dorsal",
    "off": 16044,
    "sff": "dorsal"
  },
  {
    "docID": "N230 Zhang 2011 2",
    "et": "Dorsal",
    "off": 1194,
    "sff": "dorsal"
  },
  {
    "docID": "N230 Zhang 2011 2",
    "et": "Dorsal",
    "off": 21354,
    "sff": "dorsal"
  },
  {
    "docID": "N230 Zhang 2011 2",
    "et": "Dorsal",
    "off": 3832,
    "sff": "dorsal"
  },
  {
    "docID": "N230 Zhang 2011 2",
    "et": "Dorsal",
    "off": 25725,
    "sff": "dorsal"
  },
  {
    "docID": "N230 Zhang 2011 2",
    "et": "Dorsal",
    "off": 20283,
    "sff": "dorsal"
  },
  {
    "docID": "N230 Zhang 2011 2",
    "et": "Dorsal",
    "off": 17599,
    "sff": "dorsal"
  },
  {
    "docID": "N230 Zhang 2011 2",
    "et": "AntibioticMedication",
    "off": 6337,
    "sff": "Antibiotic"
  },
  {
    "docID": "N230 Zhang 2011 2",
    "et": "MeasurementOfIncreasingTemperature",
    "off": 22267,
    "sff": "increasing"
  },
  {
    "docID": "N230 Zhang 2011 2",
    "et": "Antibody",
    "off": 21455,
    "sff": "antibody"
  },
  {
    "docID": "N230 Zhang 2011 2",
    "et": "Antibody",
    "off": 22847,
    "sff": "antibody"
  },
  {
    "docID": "N230 Zhang 2011 2",
    "et": "Antibody",
    "off": 21994,
    "sff": "antibody"
  },
  {
    "docID": "N230 Zhang 2011 2",
    "et": "Antibody",
    "off": 11052,
    "sff": "antibody"
  },
  {
    "docID": "N230 Zhang 2011 2",
    "et": "Antibody",
    "off": 10931,
    "sff": "antibody"
  },
  {
    "docID": "N230 Zhang 2011 2",
    "et": "UmbilicalCordBloodStemCell",
    "off": 22945,
    "sff": "Blood"
  },
  {
    "docID": "N230 Zhang 2011 2",
    "et": "UmbilicalCordBloodStemCell",
    "off": 23049,
    "sff": "blood"
  },
  {
    "docID": "N230 Zhang 2011 2",
    "et": "UmbilicalCordBloodStemCell",
    "off": 23145,
    "sff": "blood"
  },
  {
    "docID": "N230 Zhang 2011 2",
    "et": "UmbilicalCordBloodStemCell",
    "off": 3210,
    "sff": "blood"
  },
  {
    "docID": "N230 Zhang 2011 2",
    "et": "UmbilicalCordBloodStemCell",
    "off": 22978,
    "sff": "Blood"
  },
  {
    "docID": "N230 Zhang 2011 2",
    "et": "UmbilicalCordBloodStemCell",
    "off": 20395,
    "sff": "blood"
  },
  {
    "docID": "N230 Zhang 2011 2",
    "et": "UmbilicalCordBloodStemCell",
    "off": 14764,
    "sff": "blood"
  },
  {
    "docID": "N230 Zhang 2011 2",
    "et": "UmbilicalCordBloodStemCell",
    "off": 26023,
    "sff": "blood"
  },
  {
    "docID": "N230 Zhang 2011 2",
    "et": "UmbilicalCordBloodStemCell",
    "off": 30626,
    "sff": "blood"
  },
  {
    "docID": "N230 Zhang 2011 2",
    "et": "UmbilicalCordBloodStemCell",
    "off": 13476,
    "sff": "blood"
  },
  {
    "docID": "N230 Zhang 2011 2",
    "et": "UmbilicalCordBloodStemCell",
    "off": 23264,
    "sff": "blood"
  },
  {
    "docID": "N230 Zhang 2011 2",
    "et": "UmbilicalCordBloodStemCell",
    "off": 23648,
    "sff": "blood"
  },
  {
    "docID": "N230 Zhang 2011 2",
    "et": "UmbilicalCordBloodStemCell",
    "off": 15994,
    "sff": "blood"
  },
  {
    "docID": "N230 Zhang 2011 2",
    "et": "UmbilicalCordBloodStemCell",
    "off": 14925,
    "sff": "Blood"
  },
  {
    "docID": "N230 Zhang 2011 2",
    "et": "UmbilicalCordBloodStemCell",
    "off": 14583,
    "sff": "blood"
  },
  {
    "docID": "N230 Zhang 2011 2",
    "et": "UmbilicalCordBloodStemCell",
    "off": 19447,
    "sff": "blood"
  },
  {
    "docID": "N230 Zhang 2011 2",
    "et": "UmbilicalCordBloodStemCell",
    "off": 21400,
    "sff": "blood"
  },
  {
    "docID": "N230 Zhang 2011 2",
    "et": "UmbilicalCordBloodStemCell",
    "off": 14362,
    "sff": "Blood"
  },
  {
    "docID": "N230 Zhang 2011 2",
    "et": "UmbilicalCordBloodStemCell",
    "off": 14546,
    "sff": "blood"
  },
  {
    "docID": "N230 Zhang 2011 2",
    "et": "UmbilicalCordBloodStemCell",
    "off": 3694,
    "sff": "blood"
  },
  {
    "docID": "N230 Zhang 2011 2",
    "et": "UmbilicalCordBloodStemCell",
    "off": 15630,
    "sff": "blood"
  },
  {
    "docID": "N230 Zhang 2011 2",
    "et": "ContusionType",
    "off": 12622,
    "sff": "contusion"
  },
  {
    "docID": "N230 Zhang 2011 2",
    "et": "ContusionType",
    "off": 2387,
    "sff": "contusion"
  },
  {
    "docID": "N230 Zhang 2011 2",
    "et": "ContusionType",
    "off": 15223,
    "sff": "contusion"
  },
  {
    "docID": "N230 Zhang 2011 2",
    "et": "ContusionType",
    "off": 7896,
    "sff": "contusion"
  },
  {
    "docID": "N230 Zhang 2011 2",
    "et": "ContusionType",
    "off": 730,
    "sff": "contusion"
  },
  {
    "docID": "N230 Zhang 2011 2",
    "et": "ContusionType",
    "off": 26588,
    "sff": "contusion"
  },
  {
    "docID": "N230 Zhang 2011 2",
    "et": "ContusionType",
    "off": 11615,
    "sff": "contusion"
  },
  {
    "docID": "N230 Zhang 2011 2",
    "et": "ContusionType",
    "off": 27039,
    "sff": "contusion"
  },
  {
    "docID": "N230 Zhang 2011 2",
    "et": "ContusionType",
    "off": 20062,
    "sff": "contusion"
  },
  {
    "docID": "N230 Zhang 2011 2",
    "et": "ContusionType",
    "off": 4193,
    "sff": "contusion"
  },
  {
    "docID": "N230 Zhang 2011 2",
    "et": "ContusionType",
    "off": 64,
    "sff": "contusion"
  },
  {
    "docID": "N230 Zhang 2011 2",
    "et": "ContusionType",
    "off": 5635,
    "sff": "contusion"
  },
  {
    "docID": "N230 Zhang 2011 2",
    "et": "ContusionType",
    "off": 28805,
    "sff": "contusion"
  },
  {
    "docID": "N230 Zhang 2011 2",
    "et": "ContusionType",
    "off": 25417,
    "sff": "contusion"
  },
  {
    "docID": "N230 Zhang 2011 2",
    "et": "ContusionType",
    "off": 5994,
    "sff": "contusion"
  },
  {
    "docID": "N230 Zhang 2011 2",
    "et": "ContusionType",
    "off": 6666,
    "sff": "contusion"
  },
  {
    "docID": "N230 Zhang 2011 2",
    "et": "RadiofrequencyLesionDevice",
    "off": 30599,
    "sff": "lesion"
  },
  {
    "docID": "N230 Zhang 2011 2",
    "et": "RadiofrequencyLesionDevice",
    "off": 25541,
    "sff": "lesion"
  },
  {
    "docID": "N230 Zhang 2011 2",
    "et": "RadiofrequencyLesionDevice",
    "off": 23995,
    "sff": "lesion"
  },
  {
    "docID": "N230 Zhang 2011 2",
    "et": "RadiofrequencyLesionDevice",
    "off": 11770,
    "sff": "lesion"
  },
  {
    "docID": "N230 Zhang 2011 2",
    "et": "RadiofrequencyLesionDevice",
    "off": 23930,
    "sff": "lesion"
  },
  {
    "docID": "N230 Zhang 2011 2",
    "et": "RadiofrequencyLesionDevice",
    "off": 33146,
    "sff": "lesion"
  },
  {
    "docID": "N230 Zhang 2011 2",
    "et": "RadiofrequencyLesionDevice",
    "off": 24344,
    "sff": "lesion"
  },
  {
    "docID": "N230 Zhang 2011 2",
    "et": "RadiofrequencyLesionDevice",
    "off": 29912,
    "sff": "lesion"
  },
  {
    "docID": "N230 Zhang 2011 2",
    "et": "RadiofrequencyLesionDevice",
    "off": 26133,
    "sff": "lesion"
  },
  {
    "docID": "N230 Zhang 2011 2",
    "et": "RadiofrequencyLesionDevice",
    "off": 1620,
    "sff": "lesion"
  },
  {
    "docID": "N230 Zhang 2011 2",
    "et": "RadiofrequencyLesionDevice",
    "off": 8911,
    "sff": "lesion"
  },
  {
    "docID": "N230 Zhang 2011 2",
    "et": "RadiofrequencyLesionDevice",
    "off": 24522,
    "sff": "lesion"
  },
  {
    "docID": "N230 Zhang 2011 2",
    "et": "RadiofrequencyLesionDevice",
    "off": 12775,
    "sff": "lesion"
  },
  {
    "docID": "N230 Zhang 2011 2",
    "et": "RadiofrequencyLesionDevice",
    "off": 29990,
    "sff": "lesion"
  },
  {
    "docID": "N230 Zhang 2011 2",
    "et": "RadiofrequencyLesionDevice",
    "off": 8163,
    "sff": "lesion"
  },
  {
    "docID": "N230 Zhang 2011 2",
    "et": "RadiofrequencyLesionDevice",
    "off": 15457,
    "sff": "lesion"
  },
  {
    "docID": "N230 Zhang 2011 2",
    "et": "RadiofrequencyLesionDevice",
    "off": 29664,
    "sff": "lesion"
  },
  {
    "docID": "N230 Zhang 2011 2",
    "et": "RadiofrequencyLesionDevice",
    "off": 27291,
    "sff": "lesion"
  },
  {
    "docID": "N230 Zhang 2011 2",
    "et": "RadiofrequencyLesionDevice",
    "off": 21788,
    "sff": "lesion"
  },
  {
    "docID": "N230 Zhang 2011 2",
    "et": "RadiofrequencyLesionDevice",
    "off": 33113,
    "sff": "lesion"
  },
  {
    "docID": "N230 Zhang 2011 2",
    "et": "RadiofrequencyLesionDevice",
    "off": 5530,
    "sff": "lesion"
  },
  {
    "docID": "N230 Zhang 2011 2",
    "et": "RadiofrequencyLesionDevice",
    "off": 24696,
    "sff": "lesion"
  },
  {
    "docID": "N230 Zhang 2011 2",
    "et": "RadiofrequencyLesionDevice",
    "off": 2550,
    "sff": "lesion"
  },
  {
    "docID": "N230 Zhang 2011 2",
    "et": "RadiofrequencyLesionDevice",
    "off": 16310,
    "sff": "lesion"
  },
  {
    "docID": "N230 Zhang 2011 2",
    "et": "RadiofrequencyLesionDevice",
    "off": 2867,
    "sff": "lesion"
  },
  {
    "docID": "N230 Zhang 2011 2",
    "et": "RadiofrequencyLesionDevice",
    "off": 19185,
    "sff": "lesion"
  },
  {
    "docID": "N230 Zhang 2011 2",
    "et": "RadiofrequencyLesionDevice",
    "off": 24431,
    "sff": "lesion"
  },
  {
    "docID": "N230 Zhang 2011 2",
    "et": "RadiofrequencyLesionDevice",
    "off": 16813,
    "sff": "lesion"
  },
  {
    "docID": "N230 Zhang 2011 2",
    "et": "RadiofrequencyLesionDevice",
    "off": 3054,
    "sff": "lesion"
  },
  {
    "docID": "N230 Zhang 2011 2",
    "et": "RadiofrequencyLesionDevice",
    "off": 13036,
    "sff": "lesion"
  },
  {
    "docID": "N230 Zhang 2011 2",
    "et": "Protein",
    "off": 10978,
    "sff": "protein"
  },
  {
    "docID": "N230 Zhang 2011 2",
    "et": "Protein",
    "off": 11138,
    "sff": "protein"
  },
  {
    "docID": "N230 Zhang 2011 2",
    "et": "GlialCell",
    "off": 7812,
    "sff": "glial"
  },
  {
    "docID": "N230 Zhang 2011 2",
    "et": "GlialCell",
    "off": 11812,
    "sff": "glial"
  },
  {
    "docID": "N230 Zhang 2011 2",
    "et": "GlialCell",
    "off": 3509,
    "sff": "glial"
  },
  {
    "docID": "N230 Zhang 2011 2",
    "et": "GlialCell",
    "off": 30085,
    "sff": "glial"
  },
  {
    "docID": "N230 Zhang 2011 2",
    "et": "GlialCell",
    "off": 32981,
    "sff": "glial"
  },
  {
    "docID": "N230 Zhang 2011 2",
    "et": "GlialCell",
    "off": 10954,
    "sff": "glial"
  },
  {
    "docID": "N230 Zhang 2011 2",
    "et": "GlialCell",
    "off": 7774,
    "sff": "glial"
  },
  {
    "docID": "N230 Zhang 2011 2",
    "et": "GlialCell",
    "off": 2580,
    "sff": "glial"
  },
  {
    "docID": "N230 Zhang 2011 2",
    "et": "GlialCell",
    "off": 32787,
    "sff": "glial"
  },
  {
    "docID": "N230 Zhang 2011 2",
    "et": "SpinalGrayMatter",
    "off": 2454,
    "sff": "gray matter"
  },
  {
    "docID": "N230 Zhang 2011 2",
    "et": "SpinalGrayMatter",
    "off": 27114,
    "sff": "gray matter"
  },
  {
    "docID": "N230 Zhang 2011 2",
    "et": "Differentiation",
    "off": 33651,
    "sff": "differentiation"
  },
  {
    "docID": "N230 Zhang 2011 2",
    "et": "PostSurgeryCondition",
    "off": 7006,
    "sff": "post-surgery"
  },
  {
    "docID": "N230 Zhang 2011 2",
    "et": "RatSpecies",
    "off": 84,
    "sff": "rat"
  },
  {
    "docID": "N230 Zhang 2011 2",
    "et": "RatSpecies",
    "off": 13675,
    "sff": "rat"
  },
  {
    "docID": "N230 Zhang 2011 2",
    "et": "RatSpecies",
    "off": 33548,
    "sff": "rat"
  },
  {
    "docID": "N230 Zhang 2011 2",
    "et": "RatSpecies",
    "off": 26607,
    "sff": "rat"
  },
  {
    "docID": "N230 Zhang 2011 2",
    "et": "PhotochemicalInjury",
    "off": 8813,
    "sff": "photochemical"
  },
  {
    "docID": "N230 Zhang 2011 2",
    "et": "Direction",
    "off": 16999,
    "sff": "direction"
  },
  {
    "docID": "N230 Zhang 2011 2",
    "et": "Direction",
    "off": 18620,
    "sff": "direction"
  },
  {
    "docID": "N230 Zhang 2011 2",
    "et": "SodiumPentobarbital",
    "off": 7984,
    "sff": "sodium pentobarbital"
  },
  {
    "docID": "N230 Zhang 2011 2",
    "et": "SodiumPentobarbital",
    "off": 6193,
    "sff": "sodium pentobarbital"
  },
  {
    "docID": "N230 Zhang 2011 2",
    "et": "Caudal",
    "off": 12864,
    "sff": "caudal"
  },
  {
    "docID": "N230 Zhang 2011 2",
    "et": "Caudal",
    "off": 18482,
    "sff": "caudal"
  },
  {
    "docID": "N230 Zhang 2011 2",
    "et": "Caudal",
    "off": 12881,
    "sff": "Caudal"
  },
  {
    "docID": "N230 Zhang 2011 2",
    "et": "Caudal",
    "off": 13267,
    "sff": "caudal"
  },
  {
    "docID": "N230 Zhang 2011 2",
    "et": "Caudal",
    "off": 23494,
    "sff": "caudal"
  },
  {
    "docID": "N230 Zhang 2011 2",
    "et": "KeepingCondition",
    "off": 14869,
    "sff": "keeping"
  },
  {
    "docID": "N230 Zhang 2011 2",
    "et": "SchwannCell",
    "off": 28295,
    "sff": "Schwann"
  },
  {
    "docID": "N230 Zhang 2011 2",
    "et": "SchwannCell",
    "off": 17158,
    "sff": "Schwann"
  },
  {
    "docID": "N230 Zhang 2011 2",
    "et": "SchwannCell",
    "off": 22404,
    "sff": "Schwann"
  },
  {
    "docID": "N230 Zhang 2011 2",
    "et": "SchwannCell",
    "off": 31748,
    "sff": "Schwann"
  },
  {
    "docID": "N230 Zhang 2011 2",
    "et": "SchwannCell",
    "off": 13579,
    "sff": "Schwann"
  },
  {
    "docID": "N230 Zhang 2011 2",
    "et": "SchwannCell",
    "off": 4874,
    "sff": "Schwann"
  },
  {
    "docID": "N230 Zhang 2011 2",
    "et": "SchwannCell",
    "off": 34442,
    "sff": "Schwann"
  },
  {
    "docID": "N230 Zhang 2011 2",
    "et": "SchwannCell",
    "off": 1167,
    "sff": "Schwann"
  },
  {
    "docID": "N230 Zhang 2011 2",
    "et": "SchwannCell",
    "off": 29325,
    "sff": "Schwann"
  },
  {
    "docID": "N230 Zhang 2011 2",
    "et": "SchwannCell",
    "off": 17012,
    "sff": "Schwann cell"
  },
  {
    "docID": "N230 Zhang 2011 2",
    "et": "SchwannCell",
    "off": 18192,
    "sff": "Schwann"
  },
  {
    "docID": "N230 Zhang 2011 2",
    "et": "SchwannCell",
    "off": 28183,
    "sff": "Schwann"
  },
  {
    "docID": "N230 Zhang 2011 2",
    "et": "SchwannCell",
    "off": 20504,
    "sff": "Schwann"
  },
  {
    "docID": "N230 Zhang 2011 2",
    "et": "SchwannCell",
    "off": 1826,
    "sff": "Schwann"
  },
  {
    "docID": "N230 Zhang 2011 2",
    "et": "SchwannCell",
    "off": 28960,
    "sff": "Schwann"
  },
  {
    "docID": "N230 Zhang 2011 2",
    "et": "SchwannCell",
    "off": 11365,
    "sff": "Schwann"
  },
  {
    "docID": "N230 Zhang 2011 2",
    "et": "SchwannCell",
    "off": 22629,
    "sff": "Schwann"
  },
  {
    "docID": "N230 Zhang 2011 2",
    "et": "SchwannCell",
    "off": 16875,
    "sff": "Schwann"
  },
  {
    "docID": "N230 Zhang 2011 2",
    "et": "SchwannCell",
    "off": 13933,
    "sff": "Schwann"
  },
  {
    "docID": "N230 Zhang 2011 2",
    "et": "SchwannCell",
    "off": 22765,
    "sff": "Schwann"
  },
  {
    "docID": "N230 Zhang 2011 2",
    "et": "SchwannCell",
    "off": 18800,
    "sff": "Schwann"
  },
  {
    "docID": "N230 Zhang 2011 2",
    "et": "SchwannCell",
    "off": 14714,
    "sff": "Schwann"
  },
  {
    "docID": "N230 Zhang 2011 2",
    "et": "SchwannCell",
    "off": 16377,
    "sff": "Schwann"
  },
  {
    "docID": "N230 Zhang 2011 2",
    "et": "SchwannCell",
    "off": 11262,
    "sff": "Schwann"
  },
  {
    "docID": "N230 Zhang 2011 2",
    "et": "SchwannCell",
    "off": 16509,
    "sff": "Schwann"
  },
  {
    "docID": "N230 Zhang 2011 2",
    "et": "SchwannCell",
    "off": 1152,
    "sff": "Schwann"
  },
  {
    "docID": "N230 Zhang 2011 2",
    "et": "SchwannCell",
    "off": 34885,
    "sff": "Schwann"
  },
  {
    "docID": "N230 Zhang 2011 2",
    "et": "SchwannCell",
    "off": 17102,
    "sff": "Schwann"
  },
  {
    "docID": "N230 Zhang 2011 2",
    "et": "SchwannCell",
    "off": 34259,
    "sff": "Schwann"
  },
  {
    "docID": "N230 Zhang 2011 2",
    "et": "SchwannCell",
    "off": 25169,
    "sff": "Schwann"
  },
  {
    "docID": "N230 Zhang 2011 2",
    "et": "SchwannCell",
    "off": 28725,
    "sff": "Schwann cell"
  },
  {
    "docID": "N230 Zhang 2011 2",
    "et": "SchwannCell",
    "off": 3796,
    "sff": "Schwann"
  },
  {
    "docID": "N230 Zhang 2011 2",
    "et": "SchwannCell",
    "off": 20441,
    "sff": "Schwann"
  },
  {
    "docID": "N230 Zhang 2011 2",
    "et": "SchwannCell",
    "off": 1374,
    "sff": "Schwann"
  },
  {
    "docID": "N230 Zhang 2011 2",
    "et": "SchwannCell",
    "off": 21214,
    "sff": "Schwann"
  },
  {
    "docID": "N230 Zhang 2011 2",
    "et": "SchwannCell",
    "off": 18633,
    "sff": "Schwann cell"
  },
  {
    "docID": "N230 Zhang 2011 2",
    "et": "SchwannCell",
    "off": 34212,
    "sff": "Schwann"
  },
  {
    "docID": "N230 Zhang 2011 2",
    "et": "SchwannCell",
    "off": 30763,
    "sff": "Schwann"
  },
  {
    "docID": "N230 Zhang 2011 2",
    "et": "SchwannCell",
    "off": 22696,
    "sff": "Schwann"
  },
  {
    "docID": "N230 Zhang 2011 2",
    "et": "SchwannCell",
    "off": 28460,
    "sff": "Schwann"
  },
  {
    "docID": "N230 Zhang 2011 2",
    "et": "SchwannCell",
    "off": 29228,
    "sff": "Schwann"
  },
  {
    "docID": "N230 Zhang 2011 2",
    "et": "SchwannCell",
    "off": 27443,
    "sff": "Schwann"
  },
  {
    "docID": "N230 Zhang 2011 2",
    "et": "SchwannCell",
    "off": 26041,
    "sff": "Schwann"
  },
  {
    "docID": "N230 Zhang 2011 2",
    "et": "SchwannCell",
    "off": 11192,
    "sff": "Schwann"
  },
  {
    "docID": "N230 Zhang 2011 2",
    "et": "SchwannCell",
    "off": 12222,
    "sff": "Schwann"
  },
  {
    "docID": "N230 Zhang 2011 2",
    "et": "SchwannCell",
    "off": 32190,
    "sff": "Schwann"
  },
  {
    "docID": "N230 Zhang 2011 2",
    "et": "SchwannCell",
    "off": 13757,
    "sff": "Schwann"
  },
  {
    "docID": "N230 Zhang 2011 2",
    "et": "SchwannCell",
    "off": 27587,
    "sff": "Schwann"
  },
  {
    "docID": "N230 Zhang 2011 2",
    "et": "SchwannCell",
    "off": 30912,
    "sff": "Schwann"
  },
  {
    "docID": "N230 Zhang 2011 2",
    "et": "NewZealandRabbit",
    "off": 6099,
    "sff": "New"
  },
  {
    "docID": "N230 Zhang 2011 2",
    "et": "NewZealandRabbit",
    "off": 33383,
    "sff": "new"
  },
  {
    "docID": "N230 Zhang 2011 2",
    "et": "T10",
    "off": 794,
    "sff": "T10"
  },
  {
    "docID": "N230 Zhang 2011 2",
    "et": "T10",
    "off": 6068,
    "sff": "T10"
  },
  {
    "docID": "N230 Zhang 2011 2",
    "et": "Thoracic",
    "off": 6049,
    "sff": "thoracic"
  },
  {
    "docID": "N230 Zhang 2011 2",
    "et": "LightSource",
    "off": 8611,
    "sff": "light"
  },
  {
    "docID": "N230 Zhang 2011 2",
    "et": "LightSource",
    "off": 8475,
    "sff": "light"
  },
  {
    "docID": "N230 Zhang 2011 2",
    "et": "GreenFluorescentProtein",
    "off": 22380,
    "sff": "fluorescent"
  },
  {
    "docID": "N230 Zhang 2011 2",
    "et": "GreenFluorescentProtein",
    "off": 11490,
    "sff": "fluorescent"
  },
  {
    "docID": "N230 Zhang 2011 2",
    "et": "GreenFluorescentProtein",
    "off": 13557,
    "sff": "Fluorescent"
  },
  {
    "docID": "N230 Zhang 2011 2",
    "et": "StemCellSourceType",
    "off": 27787,
    "sff": "cell type"
  },
  {
    "docID": "N230 Zhang 2011 2",
    "et": "StemCellSourceType",
    "off": 34288,
    "sff": "cell"
  },
  {
    "docID": "N230 Zhang 2011 2",
    "et": "StemCellSourceType",
    "off": 18641,
    "sff": "cell"
  },
  {
    "docID": "N230 Zhang 2011 2",
    "et": "StemCellSourceType",
    "off": 32369,
    "sff": "cell"
  },
  {
    "docID": "N230 Zhang 2011 2",
    "et": "StemCellSourceType",
    "off": 20101,
    "sff": "cell"
  },
  {
    "docID": "N230 Zhang 2011 2",
    "et": "StemCellSourceType",
    "off": 27787,
    "sff": "cell"
  },
  {
    "docID": "N230 Zhang 2011 2",
    "et": "StemCellSourceType",
    "off": 32420,
    "sff": "stem"
  },
  {
    "docID": "N230 Zhang 2011 2",
    "et": "StemCellSourceType",
    "off": 17020,
    "sff": "cell"
  },
  {
    "docID": "N230 Zhang 2011 2",
    "et": "StemCellSourceType",
    "off": 27677,
    "sff": "cell"
  },
  {
    "docID": "N230 Zhang 2011 2",
    "et": "StemCellSourceType",
    "off": 28733,
    "sff": "cell"
  },
  {
    "docID": "N230 Zhang 2011 2",
    "et": "InVitroExperimentalProcedure",
    "off": 4625,
    "sff": "experimental"
  },
  {
    "docID": "N230 Zhang 2011 2",
    "et": "VentralInjuryArea",
    "off": 22490,
    "sff": "ventral"
  },
  {
    "docID": "N230 Zhang 2011 2",
    "et": "VentralInjuryArea",
    "off": 16061,
    "sff": "ventral"
  },
  {
    "docID": "N230 Zhang 2011 2",
    "et": "VentralInjuryArea",
    "off": 3144,
    "sff": "ventral"
  },
  {
    "docID": "N230 Zhang 2011 2",
    "et": "VentralInjuryArea",
    "off": 12462,
    "sff": "ventral"
  },
  {
    "docID": "N230 Zhang 2011 2",
    "et": "VentralInjuryArea",
    "off": 19825,
    "sff": "ventral"
  },
  {
    "docID": "N230 Zhang 2011 2",
    "et": "VentralInjuryArea",
    "off": 17616,
    "sff": "ventral"
  },
  {
    "docID": "N230 Zhang 2011 2",
    "et": "Cyst",
    "off": 25683,
    "sff": "cyst"
  },
  {
    "docID": "N230 Zhang 2011 2",
    "et": "Cyst",
    "off": 18562,
    "sff": "cyst"
  },
  {
    "docID": "N230 Zhang 2011 2",
    "et": "LongEvansRat",
    "off": 26857,
    "sff": "long"
  },
  {
    "docID": "N230 Zhang 2011 2",
    "et": "LongEvansRat",
    "off": 7292,
    "sff": "Long-Evans"
  },
  {
    "docID": "N230 Zhang 2011 2",
    "et": "LongEvansRat",
    "off": 7292,
    "sff": "Long-Evans rats"
  },
  {
    "docID": "N230 Zhang 2011 2",
    "et": "LongEvansRat",
    "off": 32222,
    "sff": "long"
  },
  {
    "docID": "N230 Zhang 2011 2",
    "et": "LongEvansRat",
    "off": 5911,
    "sff": "Long-Evans"
  },
  {
    "docID": "N230 Zhang 2011 2",
    "et": "LongEvansRat",
    "off": 8891,
    "sff": "long"
  },
  {
    "docID": "N230 Zhang 2011 2",
    "et": "LongEvansRat",
    "off": 5911,
    "sff": "Long-Evans rats"
  },
  {
    "docID": "N230 Zhang 2011 2",
    "et": "Cell",
    "off": 20101,
    "sff": "cell"
  },
  {
    "docID": "N230 Zhang 2011 2",
    "et": "Cell",
    "off": 17020,
    "sff": "cell"
  },
  {
    "docID": "N230 Zhang 2011 2",
    "et": "Cell",
    "off": 27677,
    "sff": "cell"
  },
  {
    "docID": "N230 Zhang 2011 2",
    "et": "Cell",
    "off": 28733,
    "sff": "cell"
  },
  {
    "docID": "N230 Zhang 2011 2",
    "et": "Cell",
    "off": 27787,
    "sff": "cell"
  },
  {
    "docID": "N230 Zhang 2011 2",
    "et": "Cell",
    "off": 34288,
    "sff": "cell"
  },
  {
    "docID": "N230 Zhang 2011 2",
    "et": "Cell",
    "off": 18641,
    "sff": "cell"
  },
  {
    "docID": "N230 Zhang 2011 2",
    "et": "Cell",
    "off": 32369,
    "sff": "cell"
  },
  {
    "docID": "N230 Zhang 2011 2",
    "et": "Blade",
    "off": 9014,
    "sff": "blade"
  },
  {
    "docID": "N230 Zhang 2011 2",
    "et": "SpinalDorsalHalf",
    "off": 21285,
    "sff": "dorsal"
  },
  {
    "docID": "N230 Zhang 2011 2",
    "et": "SpinalDorsalHalf",
    "off": 27496,
    "sff": "dorsal"
  },
  {
    "docID": "N230 Zhang 2011 2",
    "et": "SpinalDorsalHalf",
    "off": 2470,
    "sff": "dorsal"
  },
  {
    "docID": "N230 Zhang 2011 2",
    "et": "SpinalDorsalHalf",
    "off": 16044,
    "sff": "dorsal"
  },
  {
    "docID": "N230 Zhang 2011 2",
    "et": "SpinalDorsalHalf",
    "off": 1194,
    "sff": "dorsal"
  },
  {
    "docID": "N230 Zhang 2011 2",
    "et": "SpinalDorsalHalf",
    "off": 21354,
    "sff": "dorsal"
  },
  {
    "docID": "N230 Zhang 2011 2",
    "et": "SpinalDorsalHalf",
    "off": 3832,
    "sff": "dorsal"
  },
  {
    "docID": "N230 Zhang 2011 2",
    "et": "SpinalDorsalHalf",
    "off": 25725,
    "sff": "dorsal"
  },
  {
    "docID": "N230 Zhang 2011 2",
    "et": "SpinalDorsalHalf",
    "off": 20283,
    "sff": "dorsal"
  },
  {
    "docID": "N230 Zhang 2011 2",
    "et": "SpinalDorsalHalf",
    "off": 17599,
    "sff": "dorsal"
  },
  {
    "docID": "N230 Zhang 2011 2",
    "et": "SpinalDorsalHalf",
    "off": 34245,
    "sff": "dorsal"
  },
  {
    "docID": "N230 Zhang 2011 2",
    "et": "SpinalDorsalHalf",
    "off": 2957,
    "sff": "dorsal"
  },
  {
    "docID": "N230 Zhang 2011 2",
    "et": "SpinalDorsalHalf",
    "off": 13964,
    "sff": "dorsal"
  },
  {
    "docID": "N230 Zhang 2011 2",
    "et": "SpinalDorsalHalf",
    "off": 27084,
    "sff": "dorsal"
  },
  {
    "docID": "N230 Zhang 2011 2",
    "et": "SpinalDorsalHalf",
    "off": 18890,
    "sff": "dorsal"
  },
  {
    "docID": "N230 Zhang 2011 2",
    "et": "SpinalDorsalHalf",
    "off": 22479,
    "sff": "dorsal"
  },
  {
    "docID": "N230 Zhang 2011 2",
    "et": "SpinalDorsalHalf",
    "off": 16532,
    "sff": "dorsal"
  },
  {
    "docID": "N230 Zhang 2011 2",
    "et": "SpinalDorsalHalf",
    "off": 27219,
    "sff": "dorsal"
  },
  {
    "docID": "N230 Zhang 2011 2",
    "et": "SpinalDorsalHalf",
    "off": 18578,
    "sff": "dorsal"
  },
  {
    "docID": "N230 Zhang 2011 2",
    "et": "SpinalDorsalHalf",
    "off": 27736,
    "sff": "dorsal"
  },
  {
    "docID": "N230 Zhang 2011 2",
    "et": "SpinalDorsalHalf",
    "off": 17239,
    "sff": "dorsal"
  },
  {
    "docID": "N230 Zhang 2011 2",
    "et": "SpinalDorsalHalf",
    "off": 21142,
    "sff": "dorsal"
  },
  {
    "docID": "N230 Zhang 2011 2",
    "et": "SpinalDorsalHalf",
    "off": 12445,
    "sff": "dorsal"
  },
  {
    "docID": "N230 Zhang 2011 2",
    "et": "SpinalDorsalHalf",
    "off": 12251,
    "sff": "dorsal"
  },
  {
    "docID": "N230 Zhang 2011 2",
    "et": "SpinalDorsalHalf",
    "off": 16922,
    "sff": "dorsal"
  },
  {
    "docID": "N230 Zhang 2011 2",
    "et": "SpinalDorsalHalf",
    "off": 2848,
    "sff": "dorsal"
  },
  {
    "docID": "N230 Zhang 2011 2",
    "et": "SpinalDorsalHalf",
    "off": 16417,
    "sff": "dorsal"
  },
  {
    "docID": "N230 Zhang 2011 2",
    "et": "SpinalDorsalHalf",
    "off": 19809,
    "sff": "dorsal"
  },
  {
    "docID": "N230 Zhang 2011 2",
    "et": "SpinalDorsalHalf",
    "off": 20001,
    "sff": "dorsal"
  },
  {
    "docID": "N230 Zhang 2011 2",
    "et": "SpinalDorsalHalf",
    "off": 11680,
    "sff": "dorsal"
  },
  {
    "docID": "N230 Zhang 2011 2",
    "et": "HematopoieticStemCell",
    "off": 32420,
    "sff": "stem"
  },
  {
    "docID": "N230 Zhang 2011 2",
    "et": "HematoxyLinEosin",
    "off": 13827,
    "sff": "hematoxylin"
  },
  {
    "docID": "N230 Zhang 2011 2",
    "et": "HematoxyLinEosin",
    "off": 9672,
    "sff": "hematoxylin"
  },
  {
    "docID": "N230 Zhang 2011 2",
    "et": "HematoxyLinEosin",
    "off": 18873,
    "sff": "hematoxylin"
  },
  {
    "docID": "N230 Zhang 2011 2",
    "et": "HematoxyLinEosin",
    "off": 10703,
    "sff": "hematoxylin"
  },
  {
    "docID": "N230 Zhang 2011 2",
    "et": "CompleteTransectionType",
    "off": 33428,
    "sff": "transection"
  },
  {
    "docID": "N230 Zhang 2011 2",
    "et": "CompleteTransectionType",
    "off": 31544,
    "sff": "complete"
  },
  {
    "docID": "N230 Zhang 2011 2",
    "et": "CompleteTransectionType",
    "off": 30176,
    "sff": "complete"
  },
  {
    "docID": "N230 Zhang 2011 2",
    "et": "ExperimentalProcedure",
    "off": 4625,
    "sff": "experimental"
  },
  {
    "docID": "N230 Zhang 2011 2",
    "et": "BodyTemperatureMeasurement",
    "off": 10053,
    "sff": "temperature"
  },
  {
    "docID": "N230 Zhang 2011 2",
    "et": "BodyTemperatureMeasurement",
    "off": 8671,
    "sff": "temperature"
  },
  {
    "docID": "N230 Zhang 2011 2",
    "et": "BodyTemperatureMeasurement",
    "off": 27830,
    "sff": "body"
  },
  {
    "docID": "N230 Zhang 2011 2",
    "et": "PartialTransectionType",
    "off": 33428,
    "sff": "transection"
  },
  {
    "docID": "N230 Zhang 2011 2",
    "et": "BrainDerivedNeurotrophicFactor",
    "off": 13947,
    "sff": "derived"
  },
  {
    "docID": "N230 Zhang 2011 2",
    "et": "BrainDerivedNeurotrophicFactor",
    "off": 26799,
    "sff": "derived"
  },
  {
    "docID": "N230 Zhang 2011 2",
    "et": "VentralHemisection",
    "off": 17616,
    "sff": "ventral"
  },
  {
    "docID": "N230 Zhang 2011 2",
    "et": "VentralHemisection",
    "off": 19825,
    "sff": "ventral"
  },
  {
    "docID": "N230 Zhang 2011 2",
    "et": "VentralHemisection",
    "off": 12462,
    "sff": "ventral"
  },
  {
    "docID": "N230 Zhang 2011 2",
    "et": "VentralHemisection",
    "off": 3144,
    "sff": "ventral"
  },
  {
    "docID": "N230 Zhang 2011 2",
    "et": "VentralHemisection",
    "off": 16061,
    "sff": "ventral"
  },
  {
    "docID": "N230 Zhang 2011 2",
    "et": "VentralHemisection",
    "off": 22490,
    "sff": "ventral"
  },
  {
    "docID": "N230 Zhang 2011 2",
    "et": "CompleteInjuryArea",
    "off": 30176,
    "sff": "complete"
  },
  {
    "docID": "N230 Zhang 2011 2",
    "et": "CompleteInjuryArea",
    "off": 31544,
    "sff": "complete"
  }
]
