[
  {
    "docID": "N231 Zhang 2011",
    "et": "NYUImpactor",
    "off": 832,
    "sff": "NYU impactor"
  },
  {
    "docID": "N231 Zhang 2011",
    "et": "NYUImpactor",
    "off": 37307,
    "sff": "NYU"
  },
  {
    "docID": "N231 Zhang 2011",
    "et": "Ethanol",
    "off": 42558,
    "sff": "ethanol"
  },
  {
    "docID": "N231 Zhang 2011",
    "et": "OlfactoryEnsheathingGliaCell",
    "off": 5725,
    "sff": "olfactory"
  },
  {
    "docID": "N231 Zhang 2011",
    "et": "OlfactoryEnsheathingGliaCell",
    "off": 7178,
    "sff": "Olfactory"
  },
  {
    "docID": "N231 Zhang 2011",
    "et": "OlfactoryEnsheathingGliaCell",
    "off": 34977,
    "sff": "olfactory"
  },
  {
    "docID": "N231 Zhang 2011",
    "et": "OlfactoryEnsheathingGliaCell",
    "off": 5077,
    "sff": "olfactory"
  },
  {
    "docID": "N231 Zhang 2011",
    "et": "OlfactoryEnsheathingGliaCell",
    "off": 34807,
    "sff": "olfactory"
  },
  {
    "docID": "N231 Zhang 2011",
    "et": "OlfactoryEnsheathingGliaCell",
    "off": 34305,
    "sff": "olfactory ensheathing"
  },
  {
    "docID": "N231 Zhang 2011",
    "et": "OlfactoryEnsheathingGliaCell",
    "off": 6678,
    "sff": "olfactory"
  },
  {
    "docID": "N231 Zhang 2011",
    "et": "OlfactoryEnsheathingGliaCell",
    "off": 743,
    "sff": "olfactory ensheathing"
  },
  {
    "docID": "N231 Zhang 2011",
    "et": "OlfactoryEnsheathingGliaCell",
    "off": 6553,
    "sff": "olfactory"
  },
  {
    "docID": "N231 Zhang 2011",
    "et": "OlfactoryEnsheathingGliaCell",
    "off": 7601,
    "sff": "olfactory"
  },
  {
    "docID": "N231 Zhang 2011",
    "et": "OlfactoryEnsheathingGliaCell",
    "off": 688,
    "sff": "olfactory"
  },
  {
    "docID": "N231 Zhang 2011",
    "et": "OlfactoryEnsheathingGliaCell",
    "off": 5020,
    "sff": "olfactory ensheathing"
  },
  {
    "docID": "N231 Zhang 2011",
    "et": "OlfactoryEnsheathingGliaCell",
    "off": 7378,
    "sff": "olfactory"
  },
  {
    "docID": "N231 Zhang 2011",
    "et": "OlfactoryEnsheathingGliaCell",
    "off": 7305,
    "sff": "olfactory"
  },
  {
    "docID": "N231 Zhang 2011",
    "et": "OlfactoryEnsheathingGliaCell",
    "off": 7563,
    "sff": "olfactory"
  },
  {
    "docID": "N231 Zhang 2011",
    "et": "OlfactoryEnsheathingGliaCell",
    "off": 7274,
    "sff": "olfactory"
  },
  {
    "docID": "N231 Zhang 2011",
    "et": "DorsalInjuryArea",
    "off": 23038,
    "sff": "dorsal"
  },
  {
    "docID": "N231 Zhang 2011",
    "et": "DorsalInjuryArea",
    "off": 37582,
    "sff": "dorsal"
  },
  {
    "docID": "N231 Zhang 2011",
    "et": "DorsalInjuryArea",
    "off": 10332,
    "sff": "dorsal"
  },
  {
    "docID": "N231 Zhang 2011",
    "et": "DorsalInjuryArea",
    "off": 22723,
    "sff": "dorsal"
  },
  {
    "docID": "N231 Zhang 2011",
    "et": "DorsalInjuryArea",
    "off": 22931,
    "sff": "dorsal"
  },
  {
    "docID": "N231 Zhang 2011",
    "et": "DorsalInjuryArea",
    "off": 12208,
    "sff": "dorsal"
  },
  {
    "docID": "N231 Zhang 2011",
    "et": "SuperficialDelivery",
    "off": 8130,
    "sff": "superficial"
  },
  {
    "docID": "N231 Zhang 2011",
    "et": "SuperficialDelivery",
    "off": 13513,
    "sff": "superficial"
  },
  {
    "docID": "N231 Zhang 2011",
    "et": "SuperficialDelivery",
    "off": 8330,
    "sff": "superficial"
  },
  {
    "docID": "N231 Zhang 2011",
    "et": "SuperficialDelivery",
    "off": 39320,
    "sff": "superficial"
  },
  {
    "docID": "N231 Zhang 2011",
    "et": "MouseSpecies",
    "off": 34491,
    "sff": "Mouse"
  },
  {
    "docID": "N231 Zhang 2011",
    "et": "WeightDrop",
    "off": 38525,
    "sff": "weight"
  },
  {
    "docID": "N231 Zhang 2011",
    "et": "WeightDrop",
    "off": 38462,
    "sff": "weight"
  },
  {
    "docID": "N231 Zhang 2011",
    "et": "DorsalHemisection",
    "off": 10332,
    "sff": "dorsal"
  },
  {
    "docID": "N231 Zhang 2011",
    "et": "DorsalHemisection",
    "off": 12208,
    "sff": "dorsal"
  },
  {
    "docID": "N231 Zhang 2011",
    "et": "DorsalHemisection",
    "off": 37582,
    "sff": "dorsal"
  },
  {
    "docID": "N231 Zhang 2011",
    "et": "DorsalHemisection",
    "off": 23038,
    "sff": "dorsal"
  },
  {
    "docID": "N231 Zhang 2011",
    "et": "DorsalHemisection",
    "off": 22723,
    "sff": "dorsal"
  },
  {
    "docID": "N231 Zhang 2011",
    "et": "DorsalHemisection",
    "off": 22931,
    "sff": "dorsal"
  },
  {
    "docID": "N231 Zhang 2011",
    "et": "DeliveryMethod",
    "off": 40723,
    "sff": "delivery"
  },
  {
    "docID": "N231 Zhang 2011",
    "et": "SpinalVentralHalf",
    "off": 19015,
    "sff": "ventral"
  },
  {
    "docID": "N231 Zhang 2011",
    "et": "SpinalVentralHalf",
    "off": 12230,
    "sff": "ventral"
  },
  {
    "docID": "N231 Zhang 2011",
    "et": "SpinalVentralHalf",
    "off": 18954,
    "sff": "ventral"
  },
  {
    "docID": "N231 Zhang 2011",
    "et": "RabbitSpecies",
    "off": 36618,
    "sff": "rabbit"
  },
  {
    "docID": "N231 Zhang 2011",
    "et": "DorsalColumn",
    "off": 10332,
    "sff": "dorsal"
  },
  {
    "docID": "N231 Zhang 2011",
    "et": "DorsalColumn",
    "off": 23038,
    "sff": "dorsal"
  },
  {
    "docID": "N231 Zhang 2011",
    "et": "DorsalColumn",
    "off": 37582,
    "sff": "dorsal"
  },
  {
    "docID": "N231 Zhang 2011",
    "et": "DorsalColumn",
    "off": 12208,
    "sff": "dorsal"
  },
  {
    "docID": "N231 Zhang 2011",
    "et": "DorsalColumn",
    "off": 22723,
    "sff": "dorsal"
  },
  {
    "docID": "N231 Zhang 2011",
    "et": "DorsalColumn",
    "off": 22931,
    "sff": "dorsal"
  },
  {
    "docID": "N231 Zhang 2011",
    "et": "SpragueDawleyRat",
    "off": 41427,
    "sff": "Sprague–Dawley rats"
  },
  {
    "docID": "N231 Zhang 2011",
    "et": "SpragueDawleyRat",
    "off": 41427,
    "sff": "Sprague–Dawley"
  },
  {
    "docID": "N231 Zhang 2011",
    "et": "Left",
    "off": 10364,
    "sff": "left"
  },
  {
    "docID": "N231 Zhang 2011",
    "et": "Left",
    "off": 9746,
    "sff": "left"
  },
  {
    "docID": "N231 Zhang 2011",
    "et": "SubstanceApplicationLocation",
    "off": 6472,
    "sff": "application"
  },
  {
    "docID": "N231 Zhang 2011",
    "et": "InjuryDevice",
    "off": 37342,
    "sff": "device"
  },
  {
    "docID": "N231 Zhang 2011",
    "et": "InjuryDevice",
    "off": 845,
    "sff": "device"
  },
  {
    "docID": "N231 Zhang 2011",
    "et": "LaminectomyType",
    "off": 37589,
    "sff": "laminectomy"
  },
  {
    "docID": "N231 Zhang 2011",
    "et": "Tissue",
    "off": 13877,
    "sff": "tissue"
  },
  {
    "docID": "N231 Zhang 2011",
    "et": "Tissue",
    "off": 23093,
    "sff": "tissue"
  },
  {
    "docID": "N231 Zhang 2011",
    "et": "Tissue",
    "off": 10040,
    "sff": "tissue"
  },
  {
    "docID": "N231 Zhang 2011",
    "et": "Tissue",
    "off": 15921,
    "sff": "tissue"
  },
  {
    "docID": "N231 Zhang 2011",
    "et": "Tissue",
    "off": 15410,
    "sff": "tissue"
  },
  {
    "docID": "N231 Zhang 2011",
    "et": "Tissue",
    "off": 24867,
    "sff": "tissue"
  },
  {
    "docID": "N231 Zhang 2011",
    "et": "Tissue",
    "off": 14811,
    "sff": "Tissue"
  },
  {
    "docID": "N231 Zhang 2011",
    "et": "Tissue",
    "off": 25383,
    "sff": "tissue"
  },
  {
    "docID": "N231 Zhang 2011",
    "et": "Tissue",
    "off": 13342,
    "sff": "tissue"
  },
  {
    "docID": "N231 Zhang 2011",
    "et": "Tissue",
    "off": 25884,
    "sff": "tissue"
  },
  {
    "docID": "N231 Zhang 2011",
    "et": "Tissue",
    "off": 16673,
    "sff": "tissue"
  },
  {
    "docID": "N231 Zhang 2011",
    "et": "Tissue",
    "off": 13602,
    "sff": "tissue"
  },
  {
    "docID": "N231 Zhang 2011",
    "et": "Tissue",
    "off": 15903,
    "sff": "tissue"
  },
  {
    "docID": "N231 Zhang 2011",
    "et": "Tissue",
    "off": 15958,
    "sff": "tissue"
  },
  {
    "docID": "N231 Zhang 2011",
    "et": "Tissue",
    "off": 17752,
    "sff": "tissue"
  },
  {
    "docID": "N231 Zhang 2011",
    "et": "Tissue",
    "off": 39511,
    "sff": "tissue"
  },
  {
    "docID": "N231 Zhang 2011",
    "et": "Tissue",
    "off": 5200,
    "sff": "tissue"
  },
  {
    "docID": "N231 Zhang 2011",
    "et": "Tissue",
    "off": 10320,
    "sff": "tissue"
  },
  {
    "docID": "N231 Zhang 2011",
    "et": "Tissue",
    "off": 29519,
    "sff": "tissue"
  },
  {
    "docID": "N231 Zhang 2011",
    "et": "Tissue",
    "off": 1348,
    "sff": "tissue"
  },
  {
    "docID": "N231 Zhang 2011",
    "et": "Tissue",
    "off": 26442,
    "sff": "tissue"
  },
  {
    "docID": "N231 Zhang 2011",
    "et": "Tissue",
    "off": 25672,
    "sff": "tissue"
  },
  {
    "docID": "N231 Zhang 2011",
    "et": "Tissue",
    "off": 25406,
    "sff": "tissue"
  },
  {
    "docID": "N231 Zhang 2011",
    "et": "Tissue",
    "off": 19005,
    "sff": "tissue"
  },
  {
    "docID": "N231 Zhang 2011",
    "et": "Tissue",
    "off": 23613,
    "sff": "tissue"
  },
  {
    "docID": "N231 Zhang 2011",
    "et": "Tissue",
    "off": 15169,
    "sff": "tissue"
  },
  {
    "docID": "N231 Zhang 2011",
    "et": "Tissue",
    "off": 16449,
    "sff": "tissue"
  },
  {
    "docID": "N231 Zhang 2011",
    "et": "Tissue",
    "off": 44866,
    "sff": "tissue"
  },
  {
    "docID": "N231 Zhang 2011",
    "et": "Tissue",
    "off": 27510,
    "sff": "tissue"
  },
  {
    "docID": "N231 Zhang 2011",
    "et": "Tissue",
    "off": 13166,
    "sff": "tissue"
  },
  {
    "docID": "N231 Zhang 2011",
    "et": "Tissue",
    "off": 41585,
    "sff": "tissue"
  },
  {
    "docID": "N231 Zhang 2011",
    "et": "Tissue",
    "off": 12144,
    "sff": "tissue"
  },
  {
    "docID": "N231 Zhang 2011",
    "et": "Tissue",
    "off": 27759,
    "sff": "tissue"
  },
  {
    "docID": "N231 Zhang 2011",
    "et": "Tissue",
    "off": 13667,
    "sff": "tissue"
  },
  {
    "docID": "N231 Zhang 2011",
    "et": "Tissue",
    "off": 22628,
    "sff": "tissue"
  },
  {
    "docID": "N231 Zhang 2011",
    "et": "Tissue",
    "off": 26467,
    "sff": "tissue"
  },
  {
    "docID": "N231 Zhang 2011",
    "et": "Tissue",
    "off": 8810,
    "sff": "tissue"
  },
  {
    "docID": "N231 Zhang 2011",
    "et": "Tissue",
    "off": 17514,
    "sff": "tissue"
  },
  {
    "docID": "N231 Zhang 2011",
    "et": "Tissue",
    "off": 22376,
    "sff": "tissue"
  },
  {
    "docID": "N231 Zhang 2011",
    "et": "Tissue",
    "off": 44904,
    "sff": "tissue"
  },
  {
    "docID": "N231 Zhang 2011",
    "et": "Tissue",
    "off": 4443,
    "sff": "tissue"
  },
  {
    "docID": "N231 Zhang 2011",
    "et": "Tissue",
    "off": 2913,
    "sff": "tissue"
  },
  {
    "docID": "N231 Zhang 2011",
    "et": "Tissue",
    "off": 31330,
    "sff": "tissue"
  },
  {
    "docID": "N231 Zhang 2011",
    "et": "Tissue",
    "off": 12185,
    "sff": "tissue"
  },
  {
    "docID": "N231 Zhang 2011",
    "et": "Tissue",
    "off": 9869,
    "sff": "tissue"
  },
  {
    "docID": "N231 Zhang 2011",
    "et": "Tissue",
    "off": 10129,
    "sff": "tissue"
  },
  {
    "docID": "N231 Zhang 2011",
    "et": "Tissue",
    "off": 18833,
    "sff": "tissue"
  },
  {
    "docID": "N231 Zhang 2011",
    "et": "Tissue",
    "off": 16006,
    "sff": "tissue"
  },
  {
    "docID": "N231 Zhang 2011",
    "et": "Tissue",
    "off": 34180,
    "sff": "tissue"
  },
  {
    "docID": "N231 Zhang 2011",
    "et": "Tissue",
    "off": 1156,
    "sff": "tissue"
  },
  {
    "docID": "N231 Zhang 2011",
    "et": "Tissue",
    "off": 22407,
    "sff": "tissue"
  },
  {
    "docID": "N231 Zhang 2011",
    "et": "Tissue",
    "off": 22654,
    "sff": "tissue"
  },
  {
    "docID": "N231 Zhang 2011",
    "et": "Tissue",
    "off": 10110,
    "sff": "tissue"
  },
  {
    "docID": "N231 Zhang 2011",
    "et": "Tissue",
    "off": 19325,
    "sff": "tissue"
  },
  {
    "docID": "N231 Zhang 2011",
    "et": "Tissue",
    "off": 9852,
    "sff": "tissue"
  },
  {
    "docID": "N231 Zhang 2011",
    "et": "Tissue",
    "off": 15740,
    "sff": "tissue"
  },
  {
    "docID": "N231 Zhang 2011",
    "et": "Tissue",
    "off": 18812,
    "sff": "tissue"
  },
  {
    "docID": "N231 Zhang 2011",
    "et": "Tissue",
    "off": 22395,
    "sff": "tissue"
  },
  {
    "docID": "N231 Zhang 2011",
    "et": "Tissue",
    "off": 27777,
    "sff": "tissue"
  },
  {
    "docID": "N231 Zhang 2011",
    "et": "Tissue",
    "off": 4735,
    "sff": "tissue"
  },
  {
    "docID": "N231 Zhang 2011",
    "et": "Tissue",
    "off": 25271,
    "sff": "tissue"
  },
  {
    "docID": "N231 Zhang 2011",
    "et": "Tissue",
    "off": 40877,
    "sff": "tissue"
  },
  {
    "docID": "N231 Zhang 2011",
    "et": "Tissue",
    "off": 31147,
    "sff": "tissue"
  },
  {
    "docID": "N231 Zhang 2011",
    "et": "Tissue",
    "off": 8879,
    "sff": "tissue"
  },
  {
    "docID": "N231 Zhang 2011",
    "et": "Tissue",
    "off": 23973,
    "sff": "tissue"
  },
  {
    "docID": "N231 Zhang 2011",
    "et": "Tissue",
    "off": 31653,
    "sff": "tissue"
  },
  {
    "docID": "N231 Zhang 2011",
    "et": "Tissue",
    "off": 25758,
    "sff": "tissue"
  },
  {
    "docID": "N231 Zhang 2011",
    "et": "Tissue",
    "off": 43934,
    "sff": "tissue"
  },
  {
    "docID": "N231 Zhang 2011",
    "et": "Tissue",
    "off": 22173,
    "sff": "tissue"
  },
  {
    "docID": "N231 Zhang 2011",
    "et": "Tissue",
    "off": 1179,
    "sff": "tissue"
  },
  {
    "docID": "N231 Zhang 2011",
    "et": "Tissue",
    "off": 24994,
    "sff": "tissue"
  },
  {
    "docID": "N231 Zhang 2011",
    "et": "Tissue",
    "off": 13986,
    "sff": "tissue"
  },
  {
    "docID": "N231 Zhang 2011",
    "et": "Tissue",
    "off": 4821,
    "sff": "tissue"
  },
  {
    "docID": "N231 Zhang 2011",
    "et": "Tissue",
    "off": 31445,
    "sff": "tissue"
  },
  {
    "docID": "N231 Zhang 2011",
    "et": "Tissue",
    "off": 1241,
    "sff": "tissue"
  },
  {
    "docID": "N231 Zhang 2011",
    "et": "Tissue",
    "off": 24279,
    "sff": "tissue"
  },
  {
    "docID": "N231 Zhang 2011",
    "et": "Tissue",
    "off": 25805,
    "sff": "tissue"
  },
  {
    "docID": "N231 Zhang 2011",
    "et": "Tissue",
    "off": 18891,
    "sff": "tissue"
  },
  {
    "docID": "N231 Zhang 2011",
    "et": "Tissue",
    "off": 26066,
    "sff": "tissue"
  },
  {
    "docID": "N231 Zhang 2011",
    "et": "Tissue",
    "off": 19152,
    "sff": "tissue"
  },
  {
    "docID": "N231 Zhang 2011",
    "et": "Tissue",
    "off": 15824,
    "sff": "tissue"
  },
  {
    "docID": "N231 Zhang 2011",
    "et": "Tissue",
    "off": 27078,
    "sff": "tissue"
  },
  {
    "docID": "N231 Zhang 2011",
    "et": "Tissue",
    "off": 4291,
    "sff": "tissue"
  },
  {
    "docID": "N231 Zhang 2011",
    "et": "Tissue",
    "off": 16579,
    "sff": "tissue"
  },
  {
    "docID": "N231 Zhang 2011",
    "et": "Tissue",
    "off": 457,
    "sff": "tissue"
  },
  {
    "docID": "N231 Zhang 2011",
    "et": "Tissue",
    "off": 27593,
    "sff": "tissue"
  },
  {
    "docID": "N231 Zhang 2011",
    "et": "Tissue",
    "off": 29639,
    "sff": "tissue"
  },
  {
    "docID": "N231 Zhang 2011",
    "et": "Tissue",
    "off": 11197,
    "sff": "tissue"
  },
  {
    "docID": "N231 Zhang 2011",
    "et": "Tissue",
    "off": 16830,
    "sff": "tissue"
  },
  {
    "docID": "N231 Zhang 2011",
    "et": "Tissue",
    "off": 26813,
    "sff": "tissue"
  },
  {
    "docID": "N231 Zhang 2011",
    "et": "Tissue",
    "off": 42941,
    "sff": "tissue"
  },
  {
    "docID": "N231 Zhang 2011",
    "et": "Tissue",
    "off": 10433,
    "sff": "tissue"
  },
  {
    "docID": "N231 Zhang 2011",
    "et": "Tissue",
    "off": 31426,
    "sff": "tissue"
  },
  {
    "docID": "N231 Zhang 2011",
    "et": "Tissue",
    "off": 39361,
    "sff": "tissue"
  },
  {
    "docID": "N231 Zhang 2011",
    "et": "Tissue",
    "off": 22004,
    "sff": "tissue"
  },
  {
    "docID": "N231 Zhang 2011",
    "et": "Tissue",
    "off": 25338,
    "sff": "tissue"
  },
  {
    "docID": "N231 Zhang 2011",
    "et": "Tissue",
    "off": 9517,
    "sff": "Tissue"
  },
  {
    "docID": "N231 Zhang 2011",
    "et": "Tissue",
    "off": 15086,
    "sff": "tissue"
  },
  {
    "docID": "N231 Zhang 2011",
    "et": "Tissue",
    "off": 19186,
    "sff": "tissue"
  },
  {
    "docID": "N231 Zhang 2011",
    "et": "Tissue",
    "off": 23281,
    "sff": "tissue"
  },
  {
    "docID": "N231 Zhang 2011",
    "et": "Tissue",
    "off": 18915,
    "sff": "tissue"
  },
  {
    "docID": "N231 Zhang 2011",
    "et": "Tissue",
    "off": 10474,
    "sff": "tissue"
  },
  {
    "docID": "N231 Zhang 2011",
    "et": "Tissue",
    "off": 14299,
    "sff": "tissue"
  },
  {
    "docID": "N231 Zhang 2011",
    "et": "Tissue",
    "off": 18651,
    "sff": "tissue"
  },
  {
    "docID": "N231 Zhang 2011",
    "et": "Tissue",
    "off": 11231,
    "sff": "tissue"
  },
  {
    "docID": "N231 Zhang 2011",
    "et": "Tissue",
    "off": 24544,
    "sff": "tissue"
  },
  {
    "docID": "N231 Zhang 2011",
    "et": "Tissue",
    "off": 27616,
    "sff": "tissue"
  },
  {
    "docID": "N231 Zhang 2011",
    "et": "Tissue",
    "off": 8416,
    "sff": "tissue"
  },
  {
    "docID": "N231 Zhang 2011",
    "et": "Tissue",
    "off": 16352,
    "sff": "tissue"
  },
  {
    "docID": "N231 Zhang 2011",
    "et": "Tissue",
    "off": 25823,
    "sff": "tissue"
  },
  {
    "docID": "N231 Zhang 2011",
    "et": "Tissue",
    "off": 26137,
    "sff": "tissue"
  },
  {
    "docID": "N231 Zhang 2011",
    "et": "Tissue",
    "off": 31257,
    "sff": "Tissue"
  },
  {
    "docID": "N231 Zhang 2011",
    "et": "Tissue",
    "off": 22277,
    "sff": "tissue"
  },
  {
    "docID": "N231 Zhang 2011",
    "et": "Tissue",
    "off": 15619,
    "sff": "tissue"
  },
  {
    "docID": "N231 Zhang 2011",
    "et": "Tissue",
    "off": 26890,
    "sff": "tissue"
  },
  {
    "docID": "N231 Zhang 2011",
    "et": "Tissue",
    "off": 10762,
    "sff": "tissue"
  },
  {
    "docID": "N231 Zhang 2011",
    "et": "Tissue",
    "off": 8712,
    "sff": "tissue"
  },
  {
    "docID": "N231 Zhang 2011",
    "et": "Tissue",
    "off": 9214,
    "sff": "tissue"
  },
  {
    "docID": "N231 Zhang 2011",
    "et": "Tissue",
    "off": 10491,
    "sff": "tissue"
  },
  {
    "docID": "N231 Zhang 2011",
    "et": "Tissue",
    "off": 17147,
    "sff": "tissue"
  },
  {
    "docID": "N231 Zhang 2011",
    "et": "Tissue",
    "off": 35580,
    "sff": "tissue"
  },
  {
    "docID": "N231 Zhang 2011",
    "et": "Tissue",
    "off": 1025,
    "sff": "tissue"
  },
  {
    "docID": "N231 Zhang 2011",
    "et": "Tissue",
    "off": 18688,
    "sff": "tissue"
  },
  {
    "docID": "N231 Zhang 2011",
    "et": "InjectionDelivery",
    "off": 39873,
    "sff": "injection"
  },
  {
    "docID": "N231 Zhang 2011",
    "et": "InjectionDelivery",
    "off": 39260,
    "sff": "injection"
  },
  {
    "docID": "N231 Zhang 2011",
    "et": "SpinalLesionSite",
    "off": 11205,
    "sff": "lesion"
  },
  {
    "docID": "N231 Zhang 2011",
    "et": "SpinalLesionSite",
    "off": 41027,
    "sff": "lesion"
  },
  {
    "docID": "N231 Zhang 2011",
    "et": "SpinalLesionSite",
    "off": 16590,
    "sff": "lesion"
  },
  {
    "docID": "N231 Zhang 2011",
    "et": "SpinalLesionSite",
    "off": 44874,
    "sff": "lesion"
  },
  {
    "docID": "N231 Zhang 2011",
    "et": "SpinalLesionSite",
    "off": 44105,
    "sff": "lesion"
  },
  {
    "docID": "N231 Zhang 2011",
    "et": "SpinalLesionSite",
    "off": 8776,
    "sff": "lesion"
  },
  {
    "docID": "N231 Zhang 2011",
    "et": "SpinalLesionSite",
    "off": 40369,
    "sff": "lesion"
  },
  {
    "docID": "N231 Zhang 2011",
    "et": "SpinalLesionSite",
    "off": 8250,
    "sff": "lesion"
  },
  {
    "docID": "N231 Zhang 2011",
    "et": "SpinalLesionSite",
    "off": 22329,
    "sff": "lesion"
  },
  {
    "docID": "N231 Zhang 2011",
    "et": "SpinalLesionSite",
    "off": 14135,
    "sff": "lesion"
  },
  {
    "docID": "N231 Zhang 2011",
    "et": "SpinalLesionSite",
    "off": 16482,
    "sff": "lesion"
  },
  {
    "docID": "N231 Zhang 2011",
    "et": "SpinalLesionSite",
    "off": 22113,
    "sff": "lesion"
  },
  {
    "docID": "N231 Zhang 2011",
    "et": "SpinalLesionSite",
    "off": 13419,
    "sff": "lesion"
  },
  {
    "docID": "N231 Zhang 2011",
    "et": "SpinalLesionSite",
    "off": 9065,
    "sff": "lesion"
  },
  {
    "docID": "N231 Zhang 2011",
    "et": "SpinalLesionSite",
    "off": 44010,
    "sff": "lesion"
  },
  {
    "docID": "N231 Zhang 2011",
    "et": "SpinalLesionSite",
    "off": 10069,
    "sff": "lesion"
  },
  {
    "docID": "N231 Zhang 2011",
    "et": "SpinalLesionSite",
    "off": 26838,
    "sff": "lesion"
  },
  {
    "docID": "N231 Zhang 2011",
    "et": "SpinalLesionSite",
    "off": 39892,
    "sff": "lesion"
  },
  {
    "docID": "N231 Zhang 2011",
    "et": "SpinalLesionSite",
    "off": 25041,
    "sff": "lesion"
  },
  {
    "docID": "N231 Zhang 2011",
    "et": "SpinalLesionSite",
    "off": 13264,
    "sff": "lesion"
  },
  {
    "docID": "N231 Zhang 2011",
    "et": "SpinalLesionSite",
    "off": 41306,
    "sff": "lesion"
  },
  {
    "docID": "N231 Zhang 2011",
    "et": "SpinalLesionSite",
    "off": 1114,
    "sff": "lesion"
  },
  {
    "docID": "N231 Zhang 2011",
    "et": "SpinalLesionSite",
    "off": 15450,
    "sff": "lesion"
  },
  {
    "docID": "N231 Zhang 2011",
    "et": "SpinalLesionSite",
    "off": 16858,
    "sff": "lesion"
  },
  {
    "docID": "N231 Zhang 2011",
    "et": "SpinalLesionSite",
    "off": 26713,
    "sff": "lesion"
  },
  {
    "docID": "N231 Zhang 2011",
    "et": "SpinalLesionSite",
    "off": 19160,
    "sff": "lesion"
  },
  {
    "docID": "N231 Zhang 2011",
    "et": "SpinalLesionSite",
    "off": 10502,
    "sff": "lesion"
  },
  {
    "docID": "N231 Zhang 2011",
    "et": "SpinalLesionSite",
    "off": 17158,
    "sff": "lesion"
  },
  {
    "docID": "N231 Zhang 2011",
    "et": "SpinalLesionSite",
    "off": 39042,
    "sff": "lesion"
  },
  {
    "docID": "N231 Zhang 2011",
    "et": "SpinalLesionSite",
    "off": 13952,
    "sff": "lesion"
  },
  {
    "docID": "N231 Zhang 2011",
    "et": "SpinalLesionSite",
    "off": 17677,
    "sff": "lesion"
  },
  {
    "docID": "N231 Zhang 2011",
    "et": "SpinalLesionSite",
    "off": 8073,
    "sff": "lesion"
  },
  {
    "docID": "N231 Zhang 2011",
    "et": "SpinalLesionSite",
    "off": 27247,
    "sff": "lesion"
  },
  {
    "docID": "N231 Zhang 2011",
    "et": "SpinalLesionSite",
    "off": 44414,
    "sff": "lesion"
  },
  {
    "docID": "N231 Zhang 2011",
    "et": "SpinalLesionSite",
    "off": 22908,
    "sff": "lesion"
  },
  {
    "docID": "N231 Zhang 2011",
    "et": "SpinalLesionSite",
    "off": 12152,
    "sff": "lesion"
  },
  {
    "docID": "N231 Zhang 2011",
    "et": "SpinalLesionSite",
    "off": 10790,
    "sff": "lesion"
  },
  {
    "docID": "N231 Zhang 2011",
    "et": "SpinalLesionSite",
    "off": 15521,
    "sff": "lesion"
  },
  {
    "docID": "N231 Zhang 2011",
    "et": "SpinalLesionSite",
    "off": 3886,
    "sff": "lesion"
  },
  {
    "docID": "N231 Zhang 2011",
    "et": "SpinalLesionSite",
    "off": 14251,
    "sff": "lesion"
  },
  {
    "docID": "N231 Zhang 2011",
    "et": "SpinalLesionSite",
    "off": 16684,
    "sff": "lesion"
  },
  {
    "docID": "N231 Zhang 2011",
    "et": "SpinalLesionSite",
    "off": 40105,
    "sff": "lesion"
  },
  {
    "docID": "N231 Zhang 2011",
    "et": "SpinalLesionSite",
    "off": 786,
    "sff": "lesion"
  },
  {
    "docID": "N231 Zhang 2011",
    "et": "SpinalLesionSite",
    "off": 27537,
    "sff": "lesion"
  },
  {
    "docID": "N231 Zhang 2011",
    "et": "SpinalLesionSite",
    "off": 14745,
    "sff": "lesion"
  },
  {
    "docID": "N231 Zhang 2011",
    "et": "SpinalLesionSite",
    "off": 15001,
    "sff": "lesion"
  },
  {
    "docID": "N231 Zhang 2011",
    "et": "SpinalLesionSite",
    "off": 2929,
    "sff": "lesion site"
  },
  {
    "docID": "N231 Zhang 2011",
    "et": "SpinalLesionSite",
    "off": 9880,
    "sff": "lesion"
  },
  {
    "docID": "N231 Zhang 2011",
    "et": "SpinalLesionSite",
    "off": 31383,
    "sff": "lesion"
  },
  {
    "docID": "N231 Zhang 2011",
    "et": "Weight",
    "off": 43384,
    "sff": "0.5 mg"
  },
  {
    "docID": "N231 Zhang 2011",
    "et": "Weight",
    "off": 35684,
    "sff": "400×g"
  },
  {
    "docID": "N231 Zhang 2011",
    "et": "Weight",
    "off": 37678,
    "sff": "10 g"
  },
  {
    "docID": "N231 Zhang 2011",
    "et": "Weight",
    "off": 32012,
    "sff": "200–220 g"
  },
  {
    "docID": "N231 Zhang 2011",
    "et": "T7",
    "off": 37568,
    "sff": "T7"
  },
  {
    "docID": "N231 Zhang 2011",
    "et": "AnimalCareCondition",
    "off": 37233,
    "sff": "care"
  },
  {
    "docID": "N231 Zhang 2011",
    "et": "AnimalCareCondition",
    "off": 33441,
    "sff": "Care"
  },
  {
    "docID": "N231 Zhang 2011",
    "et": "AnimalCareCondition",
    "off": 33385,
    "sff": "care"
  },
  {
    "docID": "N231 Zhang 2011",
    "et": "AnimalCareCondition",
    "off": 33510,
    "sff": "Care"
  },
  {
    "docID": "N231 Zhang 2011",
    "et": "Contusion",
    "off": 26003,
    "sff": "contusion"
  },
  {
    "docID": "N231 Zhang 2011",
    "et": "Contusion",
    "off": 20726,
    "sff": "contusion"
  },
  {
    "docID": "N231 Zhang 2011",
    "et": "Contusion",
    "off": 6776,
    "sff": "contusion"
  },
  {
    "docID": "N231 Zhang 2011",
    "et": "Contusion",
    "off": 22840,
    "sff": "contusion"
  },
  {
    "docID": "N231 Zhang 2011",
    "et": "Contusion",
    "off": 32216,
    "sff": "contusion"
  },
  {
    "docID": "N231 Zhang 2011",
    "et": "Contusion",
    "off": 37242,
    "sff": "contusion"
  },
  {
    "docID": "N231 Zhang 2011",
    "et": "Contusion",
    "off": 32907,
    "sff": "contusion"
  },
  {
    "docID": "N231 Zhang 2011",
    "et": "Contusion",
    "off": 33035,
    "sff": "contusion"
  },
  {
    "docID": "N231 Zhang 2011",
    "et": "Contusion",
    "off": 814,
    "sff": "contusion"
  },
  {
    "docID": "N231 Zhang 2011",
    "et": "Contusion",
    "off": 26576,
    "sff": "contusion"
  },
  {
    "docID": "N231 Zhang 2011",
    "et": "Contusion",
    "off": 38632,
    "sff": "contusion"
  },
  {
    "docID": "N231 Zhang 2011",
    "et": "Contusion",
    "off": 17853,
    "sff": "contusion"
  },
  {
    "docID": "N231 Zhang 2011",
    "et": "Contusion",
    "off": 18717,
    "sff": "contusion"
  },
  {
    "docID": "N231 Zhang 2011",
    "et": "Contusion",
    "off": 14910,
    "sff": "contusion"
  },
  {
    "docID": "N231 Zhang 2011",
    "et": "Contusion",
    "off": 22686,
    "sff": "contusion"
  },
  {
    "docID": "N231 Zhang 2011",
    "et": "Contusion",
    "off": 32319,
    "sff": "contusion"
  },
  {
    "docID": "N231 Zhang 2011",
    "et": "Contusion",
    "off": 45505,
    "sff": "contusion"
  },
  {
    "docID": "N231 Zhang 2011",
    "et": "Saline",
    "off": 38228,
    "sff": "saline"
  },
  {
    "docID": "N231 Zhang 2011",
    "et": "Saline",
    "off": 38556,
    "sff": "saline"
  },
  {
    "docID": "N231 Zhang 2011",
    "et": "Saline",
    "off": 38972,
    "sff": "saline"
  },
  {
    "docID": "N231 Zhang 2011",
    "et": "Saline",
    "off": 39629,
    "sff": "saline"
  },
  {
    "docID": "N231 Zhang 2011",
    "et": "Saline",
    "off": 42786,
    "sff": "saline"
  },
  {
    "docID": "N231 Zhang 2011",
    "et": "Dosage",
    "off": 43409,
    "sff": "0.01%"
  },
  {
    "docID": "N231 Zhang 2011",
    "et": "Dosage",
    "off": 35117,
    "sff": "2.0mm"
  },
  {
    "docID": "N231 Zhang 2011",
    "et": "Dosage",
    "off": 37449,
    "sff": "50 mg/kg"
  },
  {
    "docID": "N231 Zhang 2011",
    "et": "Dosage",
    "off": 39829,
    "sff": "4%"
  },
  {
    "docID": "N231 Zhang 2011",
    "et": "Dosage",
    "off": 42897,
    "sff": "2%"
  },
  {
    "docID": "N231 Zhang 2011",
    "et": "Dosage",
    "off": 40344,
    "sff": "1 mm"
  },
  {
    "docID": "N231 Zhang 2011",
    "et": "Dosage",
    "off": 35140,
    "sff": "1.5mm"
  },
  {
    "docID": "N231 Zhang 2011",
    "et": "Dosage",
    "off": 42766,
    "sff": "50 mM"
  },
  {
    "docID": "N231 Zhang 2011",
    "et": "Dosage",
    "off": 8929,
    "sff": "0.1mm"
  },
  {
    "docID": "N231 Zhang 2011",
    "et": "Dosage",
    "off": 8943,
    "sff": "0.2mm"
  },
  {
    "docID": "N231 Zhang 2011",
    "et": "Dosage",
    "off": 36981,
    "sff": "2 μg/ml"
  },
  {
    "docID": "N231 Zhang 2011",
    "et": "Dosage",
    "off": 12452,
    "sff": "0.5mm"
  },
  {
    "docID": "N231 Zhang 2011",
    "et": "Dosage",
    "off": 42804,
    "sff": "0.1%"
  },
  {
    "docID": "N231 Zhang 2011",
    "et": "Dosage",
    "off": 43041,
    "sff": "1%"
  },
  {
    "docID": "N231 Zhang 2011",
    "et": "Dosage",
    "off": 38251,
    "sff": "10 ml"
  },
  {
    "docID": "N231 Zhang 2011",
    "et": "Dosage",
    "off": 12466,
    "sff": "0.1mm"
  },
  {
    "docID": "N231 Zhang 2011",
    "et": "Dosage",
    "off": 853,
    "sff": "25 mm"
  },
  {
    "docID": "N231 Zhang 2011",
    "et": "Dosage",
    "off": 10357,
    "sff": "0.5mm"
  },
  {
    "docID": "N231 Zhang 2011",
    "et": "Dosage",
    "off": 35684,
    "sff": "400×g"
  },
  {
    "docID": "N231 Zhang 2011",
    "et": "Dosage",
    "off": 32016,
    "sff": "220 g"
  },
  {
    "docID": "N231 Zhang 2011",
    "et": "Dosage",
    "off": 38444,
    "sff": "10%"
  },
  {
    "docID": "N231 Zhang 2011",
    "et": "Dosage",
    "off": 36479,
    "sff": "4%"
  },
  {
    "docID": "N231 Zhang 2011",
    "et": "Dosage",
    "off": 36411,
    "sff": "4%"
  },
  {
    "docID": "N231 Zhang 2011",
    "et": "Dosage",
    "off": 37902,
    "sff": "0.02 mg/kg"
  },
  {
    "docID": "N231 Zhang 2011",
    "et": "Dosage",
    "off": 43384,
    "sff": "0.5 mg in 1ml"
  },
  {
    "docID": "N231 Zhang 2011",
    "et": "Dosage",
    "off": 32872,
    "sff": "4%"
  },
  {
    "docID": "N231 Zhang 2011",
    "et": "Dosage",
    "off": 37678,
    "sff": "10 g"
  },
  {
    "docID": "N231 Zhang 2011",
    "et": "Dosage",
    "off": 42755,
    "sff": "3%"
  },
  {
    "docID": "N231 Zhang 2011",
    "et": "Dosage",
    "off": 9485,
    "sff": "0.5mm"
  },
  {
    "docID": "N231 Zhang 2011",
    "et": "Dosage",
    "off": 9496,
    "sff": "0.1mm"
  },
  {
    "docID": "N231 Zhang 2011",
    "et": "Dosage",
    "off": 36496,
    "sff": "0.1%"
  },
  {
    "docID": "N231 Zhang 2011",
    "et": "Dosage",
    "off": 32793,
    "sff": "60 mg/kg"
  },
  {
    "docID": "N231 Zhang 2011",
    "et": "Dosage",
    "off": 40581,
    "sff": "2 μl"
  },
  {
    "docID": "N231 Zhang 2011",
    "et": "Dosage",
    "off": 38954,
    "sff": "2%"
  },
  {
    "docID": "N231 Zhang 2011",
    "et": "Dosage",
    "off": 37750,
    "sff": "25 mm"
  },
  {
    "docID": "N231 Zhang 2011",
    "et": "Dosage",
    "off": 38013,
    "sff": "20 mg/kg"
  },
  {
    "docID": "N231 Zhang 2011",
    "et": "Right",
    "off": 9807,
    "sff": "right"
  },
  {
    "docID": "N231 Zhang 2011",
    "et": "PBS",
    "off": 36514,
    "sff": "PBS"
  },
  {
    "docID": "N231 Zhang 2011",
    "et": "PBS",
    "off": 36397,
    "sff": "PBS"
  },
  {
    "docID": "N231 Zhang 2011",
    "et": "Duration",
    "off": 42678,
    "sff": "15 min"
  },
  {
    "docID": "N231 Zhang 2011",
    "et": "Duration",
    "off": 13890,
    "sff": "2D"
  },
  {
    "docID": "N231 Zhang 2011",
    "et": "Duration",
    "off": 16381,
    "sff": "16 weeks"
  },
  {
    "docID": "N231 Zhang 2011",
    "et": "Duration",
    "off": 35899,
    "sff": "4–7 days"
  },
  {
    "docID": "N231 Zhang 2011",
    "et": "Duration",
    "off": 12982,
    "sff": "16: 22 weeks"
  },
  {
    "docID": "N231 Zhang 2011",
    "et": "Duration",
    "off": 27358,
    "sff": "6 weeks"
  },
  {
    "docID": "N231 Zhang 2011",
    "et": "Duration",
    "off": 45553,
    "sff": "1 day"
  },
  {
    "docID": "N231 Zhang 2011",
    "et": "Duration",
    "off": 21227,
    "sff": "16 weeks"
  },
  {
    "docID": "N231 Zhang 2011",
    "et": "Duration",
    "off": 17007,
    "sff": "22w"
  },
  {
    "docID": "N231 Zhang 2011",
    "et": "Duration",
    "off": 19566,
    "sff": "16 weeks"
  },
  {
    "docID": "N231 Zhang 2011",
    "et": "Duration",
    "off": 39849,
    "sff": "8 min"
  },
  {
    "docID": "N231 Zhang 2011",
    "et": "Duration",
    "off": 32365,
    "sff": "22w"
  },
  {
    "docID": "N231 Zhang 2011",
    "et": "Duration",
    "off": 39405,
    "sff": "5min"
  },
  {
    "docID": "N231 Zhang 2011",
    "et": "Duration",
    "off": 17838,
    "sff": "22 weeks"
  },
  {
    "docID": "N231 Zhang 2011",
    "et": "Duration",
    "off": 37957,
    "sff": "2 days"
  },
  {
    "docID": "N231 Zhang 2011",
    "et": "Duration",
    "off": 33003,
    "sff": "6w"
  },
  {
    "docID": "N231 Zhang 2011",
    "et": "Duration",
    "off": 35485,
    "sff": "30 min"
  },
  {
    "docID": "N231 Zhang 2011",
    "et": "Duration",
    "off": 32892,
    "sff": "22 weeks"
  },
  {
    "docID": "N231 Zhang 2011",
    "et": "Duration",
    "off": 14974,
    "sff": "22 weeks"
  },
  {
    "docID": "N231 Zhang 2011",
    "et": "Duration",
    "off": 20834,
    "sff": "16 weeks"
  },
  {
    "docID": "N231 Zhang 2011",
    "et": "Duration",
    "off": 19651,
    "sff": "6w: 1966±"
  },
  {
    "docID": "N231 Zhang 2011",
    "et": "Duration",
    "off": 41194,
    "sff": "2D"
  },
  {
    "docID": "N231 Zhang 2011",
    "et": "Duration",
    "off": 18024,
    "sff": "16 weeks"
  },
  {
    "docID": "N231 Zhang 2011",
    "et": "Duration",
    "off": 24948,
    "sff": "22 weeks"
  },
  {
    "docID": "N231 Zhang 2011",
    "et": "Duration",
    "off": 27700,
    "sff": "4D"
  },
  {
    "docID": "N231 Zhang 2011",
    "et": "Duration",
    "off": 11530,
    "sff": "22 weeks"
  },
  {
    "docID": "N231 Zhang 2011",
    "et": "Duration",
    "off": 17361,
    "sff": "6 weeks"
  },
  {
    "docID": "N231 Zhang 2011",
    "et": "Duration",
    "off": 39458,
    "sff": "150 W"
  },
  {
    "docID": "N231 Zhang 2011",
    "et": "Duration",
    "off": 16789,
    "sff": "22w"
  },
  {
    "docID": "N231 Zhang 2011",
    "et": "Duration",
    "off": 41803,
    "sff": "8 weeks"
  },
  {
    "docID": "N231 Zhang 2011",
    "et": "Duration",
    "off": 13011,
    "sff": "16 weeks"
  },
  {
    "docID": "N231 Zhang 2011",
    "et": "Duration",
    "off": 16778,
    "sff": "6w"
  },
  {
    "docID": "N231 Zhang 2011",
    "et": "Duration",
    "off": 39248,
    "sff": "8 min"
  },
  {
    "docID": "N231 Zhang 2011",
    "et": "Duration",
    "off": 43261,
    "sff": "60 min"
  },
  {
    "docID": "N231 Zhang 2011",
    "et": "Duration",
    "off": 37025,
    "sff": "5min"
  },
  {
    "docID": "N231 Zhang 2011",
    "et": "Duration",
    "off": 10908,
    "sff": "22w"
  },
  {
    "docID": "N231 Zhang 2011",
    "et": "Duration",
    "off": 19580,
    "sff": "22w: 1750±"
  },
  {
    "docID": "N231 Zhang 2011",
    "et": "Duration",
    "off": 34953,
    "sff": "35–40 min"
  },
  {
    "docID": "N231 Zhang 2011",
    "et": "Duration",
    "off": 800,
    "sff": "6 weeks"
  },
  {
    "docID": "N231 Zhang 2011",
    "et": "Duration",
    "off": 10640,
    "sff": "6w"
  },
  {
    "docID": "N231 Zhang 2011",
    "et": "Duration",
    "off": 11613,
    "sff": "22 weeks"
  },
  {
    "docID": "N231 Zhang 2011",
    "et": "Duration",
    "off": 10651,
    "sff": "22w"
  },
  {
    "docID": "N231 Zhang 2011",
    "et": "Duration",
    "off": 45560,
    "sff": "3 days"
  },
  {
    "docID": "N231 Zhang 2011",
    "et": "Duration",
    "off": 35568,
    "sff": "15 min"
  },
  {
    "docID": "N231 Zhang 2011",
    "et": "Duration",
    "off": 39027,
    "sff": "1 min"
  },
  {
    "docID": "N231 Zhang 2011",
    "et": "Duration",
    "off": 10965,
    "sff": "22 weeks"
  },
  {
    "docID": "N231 Zhang 2011",
    "et": "Duration",
    "off": 19625,
    "sff": "6 weeks"
  },
  {
    "docID": "N231 Zhang 2011",
    "et": "Duration",
    "off": 32428,
    "sff": "6 weeks"
  },
  {
    "docID": "N231 Zhang 2011",
    "et": "Duration",
    "off": 14896,
    "sff": "6 weeks"
  },
  {
    "docID": "N231 Zhang 2011",
    "et": "Duration",
    "off": 18386,
    "sff": "4D"
  },
  {
    "docID": "N231 Zhang 2011",
    "et": "Duration",
    "off": 45568,
    "sff": "7 days"
  },
  {
    "docID": "N231 Zhang 2011",
    "et": "Duration",
    "off": 11571,
    "sff": "16 weeks"
  },
  {
    "docID": "N231 Zhang 2011",
    "et": "Duration",
    "off": 42841,
    "sff": "30 min"
  },
  {
    "docID": "N231 Zhang 2011",
    "et": "Duration",
    "off": 10952,
    "sff": "6w/22w"
  },
  {
    "docID": "N231 Zhang 2011",
    "et": "Duration",
    "off": 10684,
    "sff": "22w"
  },
  {
    "docID": "N231 Zhang 2011",
    "et": "Duration",
    "off": 33021,
    "sff": "6 weeks"
  },
  {
    "docID": "N231 Zhang 2011",
    "et": "Duration",
    "off": 42920,
    "sff": "60 min"
  },
  {
    "docID": "N231 Zhang 2011",
    "et": "Duration",
    "off": 12922,
    "sff": "6 weeks"
  },
  {
    "docID": "N231 Zhang 2011",
    "et": "Duration",
    "off": 12916,
    "sff": "6/0w"
  },
  {
    "docID": "N231 Zhang 2011",
    "et": "Duration",
    "off": 32927,
    "sff": "16 weeks"
  },
  {
    "docID": "N231 Zhang 2011",
    "et": "Duration",
    "off": 33158,
    "sff": "8 weeks"
  },
  {
    "docID": "N231 Zhang 2011",
    "et": "Duration",
    "off": 32099,
    "sff": "12 h"
  },
  {
    "docID": "N231 Zhang 2011",
    "et": "Duration",
    "off": 11519,
    "sff": "6 weeks"
  },
  {
    "docID": "N231 Zhang 2011",
    "et": "Duration",
    "off": 36702,
    "sff": "1 h"
  },
  {
    "docID": "N231 Zhang 2011",
    "et": "Duration",
    "off": 41065,
    "sff": "2 h"
  },
  {
    "docID": "N231 Zhang 2011",
    "et": "Duration",
    "off": 27209,
    "sff": "22 weeks"
  },
  {
    "docID": "N231 Zhang 2011",
    "et": "Duration",
    "off": 13999,
    "sff": "2D"
  },
  {
    "docID": "N231 Zhang 2011",
    "et": "Duration",
    "off": 43424,
    "sff": "1–3 min"
  },
  {
    "docID": "N231 Zhang 2011",
    "et": "Duration",
    "off": 39668,
    "sff": "30–40 s"
  },
  {
    "docID": "N231 Zhang 2011",
    "et": "Duration",
    "off": 43198,
    "sff": "60 min"
  },
  {
    "docID": "N231 Zhang 2011",
    "et": "LesionAdjacentTissue",
    "off": 15521,
    "sff": "lesion"
  },
  {
    "docID": "N231 Zhang 2011",
    "et": "LesionAdjacentTissue",
    "off": 786,
    "sff": "lesion"
  },
  {
    "docID": "N231 Zhang 2011",
    "et": "LesionAdjacentTissue",
    "off": 31383,
    "sff": "lesion"
  },
  {
    "docID": "N231 Zhang 2011",
    "et": "LesionAdjacentTissue",
    "off": 14745,
    "sff": "lesion"
  },
  {
    "docID": "N231 Zhang 2011",
    "et": "LesionAdjacentTissue",
    "off": 15001,
    "sff": "lesion"
  },
  {
    "docID": "N231 Zhang 2011",
    "et": "LesionAdjacentTissue",
    "off": 9880,
    "sff": "lesion"
  },
  {
    "docID": "N231 Zhang 2011",
    "et": "LesionAdjacentTissue",
    "off": 17677,
    "sff": "lesion"
  },
  {
    "docID": "N231 Zhang 2011",
    "et": "LesionAdjacentTissue",
    "off": 27537,
    "sff": "lesion"
  },
  {
    "docID": "N231 Zhang 2011",
    "et": "LesionAdjacentTissue",
    "off": 39042,
    "sff": "lesion"
  },
  {
    "docID": "N231 Zhang 2011",
    "et": "LesionAdjacentTissue",
    "off": 10502,
    "sff": "lesion"
  },
  {
    "docID": "N231 Zhang 2011",
    "et": "LesionAdjacentTissue",
    "off": 17158,
    "sff": "lesion"
  },
  {
    "docID": "N231 Zhang 2011",
    "et": "LesionAdjacentTissue",
    "off": 8073,
    "sff": "lesion"
  },
  {
    "docID": "N231 Zhang 2011",
    "et": "LesionAdjacentTissue",
    "off": 8250,
    "sff": "lesion"
  },
  {
    "docID": "N231 Zhang 2011",
    "et": "LesionAdjacentTissue",
    "off": 14135,
    "sff": "lesion"
  },
  {
    "docID": "N231 Zhang 2011",
    "et": "LesionAdjacentTissue",
    "off": 22329,
    "sff": "lesion"
  },
  {
    "docID": "N231 Zhang 2011",
    "et": "LesionAdjacentTissue",
    "off": 14251,
    "sff": "lesion"
  },
  {
    "docID": "N231 Zhang 2011",
    "et": "LesionAdjacentTissue",
    "off": 16684,
    "sff": "lesion"
  },
  {
    "docID": "N231 Zhang 2011",
    "et": "LesionAdjacentTissue",
    "off": 3886,
    "sff": "lesion"
  },
  {
    "docID": "N231 Zhang 2011",
    "et": "LesionAdjacentTissue",
    "off": 40369,
    "sff": "lesion"
  },
  {
    "docID": "N231 Zhang 2011",
    "et": "LesionAdjacentTissue",
    "off": 10790,
    "sff": "lesion"
  },
  {
    "docID": "N231 Zhang 2011",
    "et": "LesionAdjacentTissue",
    "off": 40105,
    "sff": "lesion"
  },
  {
    "docID": "N231 Zhang 2011",
    "et": "LesionAdjacentTissue",
    "off": 1114,
    "sff": "lesion"
  },
  {
    "docID": "N231 Zhang 2011",
    "et": "LesionAdjacentTissue",
    "off": 15450,
    "sff": "lesion"
  },
  {
    "docID": "N231 Zhang 2011",
    "et": "LesionAdjacentTissue",
    "off": 16858,
    "sff": "lesion"
  },
  {
    "docID": "N231 Zhang 2011",
    "et": "LesionAdjacentTissue",
    "off": 41306,
    "sff": "lesion"
  },
  {
    "docID": "N231 Zhang 2011",
    "et": "LesionAdjacentTissue",
    "off": 22113,
    "sff": "lesion"
  },
  {
    "docID": "N231 Zhang 2011",
    "et": "LesionAdjacentTissue",
    "off": 10069,
    "sff": "lesion"
  },
  {
    "docID": "N231 Zhang 2011",
    "et": "LesionAdjacentTissue",
    "off": 39892,
    "sff": "lesion"
  },
  {
    "docID": "N231 Zhang 2011",
    "et": "LesionAdjacentTissue",
    "off": 26838,
    "sff": "lesion"
  },
  {
    "docID": "N231 Zhang 2011",
    "et": "LesionAdjacentTissue",
    "off": 26713,
    "sff": "lesion"
  },
  {
    "docID": "N231 Zhang 2011",
    "et": "LesionAdjacentTissue",
    "off": 19160,
    "sff": "lesion"
  },
  {
    "docID": "N231 Zhang 2011",
    "et": "LesionAdjacentTissue",
    "off": 44874,
    "sff": "lesion"
  },
  {
    "docID": "N231 Zhang 2011",
    "et": "LesionAdjacentTissue",
    "off": 16590,
    "sff": "lesion"
  },
  {
    "docID": "N231 Zhang 2011",
    "et": "LesionAdjacentTissue",
    "off": 25041,
    "sff": "lesion"
  },
  {
    "docID": "N231 Zhang 2011",
    "et": "LesionAdjacentTissue",
    "off": 13264,
    "sff": "lesion"
  },
  {
    "docID": "N231 Zhang 2011",
    "et": "LesionAdjacentTissue",
    "off": 41027,
    "sff": "lesion"
  },
  {
    "docID": "N231 Zhang 2011",
    "et": "LesionAdjacentTissue",
    "off": 11205,
    "sff": "lesion"
  },
  {
    "docID": "N231 Zhang 2011",
    "et": "LesionAdjacentTissue",
    "off": 44105,
    "sff": "lesion"
  },
  {
    "docID": "N231 Zhang 2011",
    "et": "LesionAdjacentTissue",
    "off": 8776,
    "sff": "lesion"
  },
  {
    "docID": "N231 Zhang 2011",
    "et": "LesionAdjacentTissue",
    "off": 22908,
    "sff": "lesion"
  },
  {
    "docID": "N231 Zhang 2011",
    "et": "LesionAdjacentTissue",
    "off": 44414,
    "sff": "lesion"
  },
  {
    "docID": "N231 Zhang 2011",
    "et": "LesionAdjacentTissue",
    "off": 13952,
    "sff": "lesion"
  },
  {
    "docID": "N231 Zhang 2011",
    "et": "LesionAdjacentTissue",
    "off": 12152,
    "sff": "lesion"
  },
  {
    "docID": "N231 Zhang 2011",
    "et": "LesionAdjacentTissue",
    "off": 13419,
    "sff": "lesion"
  },
  {
    "docID": "N231 Zhang 2011",
    "et": "LesionAdjacentTissue",
    "off": 44010,
    "sff": "lesion"
  },
  {
    "docID": "N231 Zhang 2011",
    "et": "LesionAdjacentTissue",
    "off": 27247,
    "sff": "lesion"
  },
  {
    "docID": "N231 Zhang 2011",
    "et": "LesionAdjacentTissue",
    "off": 2929,
    "sff": "lesion"
  },
  {
    "docID": "N231 Zhang 2011",
    "et": "LesionAdjacentTissue",
    "off": 16482,
    "sff": "lesion"
  },
  {
    "docID": "N231 Zhang 2011",
    "et": "LesionAdjacentTissue",
    "off": 9065,
    "sff": "lesion"
  },
  {
    "docID": "N231 Zhang 2011",
    "et": "RocheMexico",
    "off": 34942,
    "sff": "Roche"
  },
  {
    "docID": "N231 Zhang 2011",
    "et": "Location",
    "off": 40070,
    "sff": "location"
  },
  {
    "docID": "N231 Zhang 2011",
    "et": "Location",
    "off": 29917,
    "sff": "location"
  },
  {
    "docID": "N231 Zhang 2011",
    "et": "InjuryArea",
    "off": 8546,
    "sff": "area"
  },
  {
    "docID": "N231 Zhang 2011",
    "et": "InjuryArea",
    "off": 44831,
    "sff": "area"
  },
  {
    "docID": "N231 Zhang 2011",
    "et": "InjuryArea",
    "off": 10529,
    "sff": "area"
  },
  {
    "docID": "N231 Zhang 2011",
    "et": "InjuryArea",
    "off": 44443,
    "sff": "area"
  },
  {
    "docID": "N231 Zhang 2011",
    "et": "InjuryArea",
    "off": 44045,
    "sff": "area"
  },
  {
    "docID": "N231 Zhang 2011",
    "et": "Forceps",
    "off": 40552,
    "sff": "forceps"
  },
  {
    "docID": "N231 Zhang 2011",
    "et": "Forceps",
    "off": 35028,
    "sff": "forceps"
  },
  {
    "docID": "N231 Zhang 2011",
    "et": "AnatomicalLocation",
    "off": 7027,
    "sff": "anatomical"
  },
  {
    "docID": "N231 Zhang 2011",
    "et": "AnatomicalLocation",
    "off": 4793,
    "sff": "anatomical"
  },
  {
    "docID": "N231 Zhang 2011",
    "et": "AnatomicalLocation",
    "off": 24681,
    "sff": "anatomical"
  },
  {
    "docID": "N231 Zhang 2011",
    "et": "AnatomicalLocation",
    "off": 61,
    "sff": "anatomical"
  },
  {
    "docID": "N231 Zhang 2011",
    "et": "AnatomicalLocation",
    "off": 429,
    "sff": "anatomical"
  },
  {
    "docID": "N231 Zhang 2011",
    "et": "AnatomicalLocation",
    "off": 22190,
    "sff": "anatomical"
  },
  {
    "docID": "N231 Zhang 2011",
    "et": "MedicationDuringSurgery",
    "off": 39676,
    "sff": "during"
  },
  {
    "docID": "N231 Zhang 2011",
    "et": "MedicationDuringSurgery",
    "off": 21210,
    "sff": "during"
  },
  {
    "docID": "N231 Zhang 2011",
    "et": "MedicationDuringSurgery",
    "off": 38469,
    "sff": "during"
  },
  {
    "docID": "N231 Zhang 2011",
    "et": "MedicationDuringSurgery",
    "off": 4968,
    "sff": "During"
  },
  {
    "docID": "N231 Zhang 2011",
    "et": "MedicationDuringSurgery",
    "off": 20817,
    "sff": "during"
  },
  {
    "docID": "N231 Zhang 2011",
    "et": "MedicationDuringSurgery",
    "off": 38353,
    "sff": "during"
  },
  {
    "docID": "N231 Zhang 2011",
    "et": "Laminectomy",
    "off": 37589,
    "sff": "laminectomy"
  },
  {
    "docID": "N231 Zhang 2011",
    "et": "AscendingFiberTract",
    "off": 30758,
    "sff": "ascending"
  },
  {
    "docID": "N231 Zhang 2011",
    "et": "AscendingFiberTract",
    "off": 19349,
    "sff": "ascending"
  },
  {
    "docID": "N231 Zhang 2011",
    "et": "AntibioticMedication",
    "off": 37990,
    "sff": "antibiotic"
  },
  {
    "docID": "N231 Zhang 2011",
    "et": "MeasurementOfIncreasingTemperature",
    "off": 44338,
    "sff": "measurement"
  },
  {
    "docID": "N231 Zhang 2011",
    "et": "Antibody",
    "off": 34554,
    "sff": "antibody"
  },
  {
    "docID": "N231 Zhang 2011",
    "et": "Antibody",
    "off": 43690,
    "sff": "antibody"
  },
  {
    "docID": "N231 Zhang 2011",
    "et": "Antibody",
    "off": 28789,
    "sff": "antibody"
  },
  {
    "docID": "N231 Zhang 2011",
    "et": "Antibody",
    "off": 43809,
    "sff": "antibody"
  },
  {
    "docID": "N231 Zhang 2011",
    "et": "Antibody",
    "off": 33902,
    "sff": "antibody"
  },
  {
    "docID": "N231 Zhang 2011",
    "et": "Antibody",
    "off": 34270,
    "sff": "antibody"
  },
  {
    "docID": "N231 Zhang 2011",
    "et": "Antibody",
    "off": 43611,
    "sff": "antibody"
  },
  {
    "docID": "N231 Zhang 2011",
    "et": "Antibody",
    "off": 34508,
    "sff": "antibody"
  },
  {
    "docID": "N231 Zhang 2011",
    "et": "UmbilicalCordBloodStemCell",
    "off": 23445,
    "sff": "blood"
  },
  {
    "docID": "N231 Zhang 2011",
    "et": "UmbilicalCordBloodStemCell",
    "off": 7425,
    "sff": "blood"
  },
  {
    "docID": "N231 Zhang 2011",
    "et": "UmbilicalCordBloodStemCell",
    "off": 23160,
    "sff": "blood"
  },
  {
    "docID": "N231 Zhang 2011",
    "et": "ContusionType",
    "off": 22840,
    "sff": "contusion"
  },
  {
    "docID": "N231 Zhang 2011",
    "et": "ContusionType",
    "off": 32216,
    "sff": "contusion"
  },
  {
    "docID": "N231 Zhang 2011",
    "et": "ContusionType",
    "off": 6776,
    "sff": "contusion"
  },
  {
    "docID": "N231 Zhang 2011",
    "et": "ContusionType",
    "off": 20726,
    "sff": "contusion"
  },
  {
    "docID": "N231 Zhang 2011",
    "et": "ContusionType",
    "off": 37242,
    "sff": "contusion"
  },
  {
    "docID": "N231 Zhang 2011",
    "et": "ContusionType",
    "off": 32319,
    "sff": "contusion"
  },
  {
    "docID": "N231 Zhang 2011",
    "et": "ContusionType",
    "off": 17853,
    "sff": "contusion"
  },
  {
    "docID": "N231 Zhang 2011",
    "et": "ContusionType",
    "off": 18717,
    "sff": "contusion"
  },
  {
    "docID": "N231 Zhang 2011",
    "et": "ContusionType",
    "off": 14910,
    "sff": "contusion"
  },
  {
    "docID": "N231 Zhang 2011",
    "et": "ContusionType",
    "off": 22686,
    "sff": "contusion"
  },
  {
    "docID": "N231 Zhang 2011",
    "et": "ContusionType",
    "off": 45505,
    "sff": "contusion"
  },
  {
    "docID": "N231 Zhang 2011",
    "et": "ContusionType",
    "off": 38632,
    "sff": "contusion"
  },
  {
    "docID": "N231 Zhang 2011",
    "et": "ContusionType",
    "off": 32907,
    "sff": "contusion"
  },
  {
    "docID": "N231 Zhang 2011",
    "et": "ContusionType",
    "off": 33035,
    "sff": "contusion"
  },
  {
    "docID": "N231 Zhang 2011",
    "et": "ContusionType",
    "off": 814,
    "sff": "contusion"
  },
  {
    "docID": "N231 Zhang 2011",
    "et": "ContusionType",
    "off": 26576,
    "sff": "contusion"
  },
  {
    "docID": "N231 Zhang 2011",
    "et": "ContusionType",
    "off": 26003,
    "sff": "contusion"
  },
  {
    "docID": "N231 Zhang 2011",
    "et": "Protein",
    "off": 36651,
    "sff": "protein"
  },
  {
    "docID": "N231 Zhang 2011",
    "et": "Protein",
    "off": 33789,
    "sff": "protein"
  },
  {
    "docID": "N231 Zhang 2011",
    "et": "Protein",
    "off": 43895,
    "sff": "protein"
  },
  {
    "docID": "N231 Zhang 2011",
    "et": "Protein",
    "off": 43731,
    "sff": "protein"
  },
  {
    "docID": "N231 Zhang 2011",
    "et": "GlialCell",
    "off": 8210,
    "sff": "glial"
  },
  {
    "docID": "N231 Zhang 2011",
    "et": "GlialCell",
    "off": 4627,
    "sff": "glial"
  },
  {
    "docID": "N231 Zhang 2011",
    "et": "GlialCell",
    "off": 3990,
    "sff": "glial"
  },
  {
    "docID": "N231 Zhang 2011",
    "et": "GlialCell",
    "off": 13850,
    "sff": "glial"
  },
  {
    "docID": "N231 Zhang 2011",
    "et": "GlialCell",
    "off": 15130,
    "sff": "glial"
  },
  {
    "docID": "N231 Zhang 2011",
    "et": "GlialCell",
    "off": 17564,
    "sff": "glial"
  },
  {
    "docID": "N231 Zhang 2011",
    "et": "GlialCell",
    "off": 25853,
    "sff": "glial"
  },
  {
    "docID": "N231 Zhang 2011",
    "et": "GlialCell",
    "off": 40959,
    "sff": "glial"
  },
  {
    "docID": "N231 Zhang 2011",
    "et": "GlialCell",
    "off": 1273,
    "sff": "Glial"
  },
  {
    "docID": "N231 Zhang 2011",
    "et": "GlialCell",
    "off": 7931,
    "sff": "Glial"
  },
  {
    "docID": "N231 Zhang 2011",
    "et": "GlialCell",
    "off": 31621,
    "sff": "glial"
  },
  {
    "docID": "N231 Zhang 2011",
    "et": "GlialCell",
    "off": 263,
    "sff": "glial"
  },
  {
    "docID": "N231 Zhang 2011",
    "et": "GlialCell",
    "off": 13320,
    "sff": "glial"
  },
  {
    "docID": "N231 Zhang 2011",
    "et": "GlialCell",
    "off": 5613,
    "sff": "glial"
  },
  {
    "docID": "N231 Zhang 2011",
    "et": "GlialCell",
    "off": 17775,
    "sff": "glial"
  },
  {
    "docID": "N231 Zhang 2011",
    "et": "GlialCell",
    "off": 18417,
    "sff": "glial"
  },
  {
    "docID": "N231 Zhang 2011",
    "et": "GlialCell",
    "off": 4724,
    "sff": "glial"
  },
  {
    "docID": "N231 Zhang 2011",
    "et": "GlialCell",
    "off": 22516,
    "sff": "glial"
  },
  {
    "docID": "N231 Zhang 2011",
    "et": "GlialCell",
    "off": 3448,
    "sff": "glial"
  },
  {
    "docID": "N231 Zhang 2011",
    "et": "GlialCell",
    "off": 17656,
    "sff": "glial"
  },
  {
    "docID": "N231 Zhang 2011",
    "et": "GlialCell",
    "off": 15100,
    "sff": "glial"
  },
  {
    "docID": "N231 Zhang 2011",
    "et": "GlialCell",
    "off": 27232,
    "sff": "glial"
  },
  {
    "docID": "N231 Zhang 2011",
    "et": "GlialCell",
    "off": 4194,
    "sff": "glial"
  },
  {
    "docID": "N231 Zhang 2011",
    "et": "GlialCell",
    "off": 33765,
    "sff": "glial"
  },
  {
    "docID": "N231 Zhang 2011",
    "et": "GlialCell",
    "off": 18152,
    "sff": "glial"
  },
  {
    "docID": "N231 Zhang 2011",
    "et": "GlialCell",
    "off": 16463,
    "sff": "glial"
  },
  {
    "docID": "N231 Zhang 2011",
    "et": "GlialCell",
    "off": 25553,
    "sff": "glial"
  },
  {
    "docID": "N231 Zhang 2011",
    "et": "GlialCell",
    "off": 2265,
    "sff": "glial"
  },
  {
    "docID": "N231 Zhang 2011",
    "et": "GlialCell",
    "off": 8511,
    "sff": "glial"
  },
  {
    "docID": "N231 Zhang 2011",
    "et": "GlialCell",
    "off": 3266,
    "sff": "glial"
  },
  {
    "docID": "N231 Zhang 2011",
    "et": "GlialCell",
    "off": 9922,
    "sff": "glial"
  },
  {
    "docID": "N231 Zhang 2011",
    "et": "GlialCell",
    "off": 2500,
    "sff": "glial"
  },
  {
    "docID": "N231 Zhang 2011",
    "et": "GlialCell",
    "off": 22596,
    "sff": "glial"
  },
  {
    "docID": "N231 Zhang 2011",
    "et": "GlialCell",
    "off": 39750,
    "sff": "glial"
  },
  {
    "docID": "N231 Zhang 2011",
    "et": "GlialCell",
    "off": 17611,
    "sff": "glial"
  },
  {
    "docID": "N231 Zhang 2011",
    "et": "GlialCell",
    "off": 33227,
    "sff": "glial"
  },
  {
    "docID": "N231 Zhang 2011",
    "et": "GlialCell",
    "off": 33069,
    "sff": "glial"
  },
  {
    "docID": "N231 Zhang 2011",
    "et": "GlialCell",
    "off": 8622,
    "sff": "glial"
  },
  {
    "docID": "N231 Zhang 2011",
    "et": "GlialCell",
    "off": 26414,
    "sff": "glial"
  },
  {
    "docID": "N231 Zhang 2011",
    "et": "GlialCell",
    "off": 26543,
    "sff": "glial"
  },
  {
    "docID": "N231 Zhang 2011",
    "et": "GlialCell",
    "off": 39350,
    "sff": "glial"
  },
  {
    "docID": "N231 Zhang 2011",
    "et": "GlialCell",
    "off": 10167,
    "sff": "glial"
  },
  {
    "docID": "N231 Zhang 2011",
    "et": "GlialCell",
    "off": 13111,
    "sff": "glial"
  },
  {
    "docID": "N231 Zhang 2011",
    "et": "GlialCell",
    "off": 17977,
    "sff": "glial"
  },
  {
    "docID": "N231 Zhang 2011",
    "et": "GlialCell",
    "off": 27067,
    "sff": "glial"
  },
  {
    "docID": "N231 Zhang 2011",
    "et": "GlialCell",
    "off": 43707,
    "sff": "glial"
  },
  {
    "docID": "N231 Zhang 2011",
    "et": "GlialCell",
    "off": 13756,
    "sff": "glial"
  },
  {
    "docID": "N231 Zhang 2011",
    "et": "GlialCell",
    "off": 27683,
    "sff": "glial"
  },
  {
    "docID": "N231 Zhang 2011",
    "et": "GlialCell",
    "off": 17446,
    "sff": "glial"
  },
  {
    "docID": "N231 Zhang 2011",
    "et": "GlialCell",
    "off": 16039,
    "sff": "glial"
  },
  {
    "docID": "N231 Zhang 2011",
    "et": "GlialCell",
    "off": 26663,
    "sff": "glial"
  },
  {
    "docID": "N231 Zhang 2011",
    "et": "GlialCell",
    "off": 3752,
    "sff": "glial"
  },
  {
    "docID": "N231 Zhang 2011",
    "et": "GlialCell",
    "off": 3626,
    "sff": "glial"
  },
  {
    "docID": "N231 Zhang 2011",
    "et": "NucleicAcid",
    "off": 4152,
    "sff": "nucleic"
  },
  {
    "docID": "N231 Zhang 2011",
    "et": "PostSurgeryCondition",
    "off": 37977,
    "sff": "surgery"
  },
  {
    "docID": "N231 Zhang 2011",
    "et": "PostSurgeryCondition",
    "off": 45920,
    "sff": "post"
  },
  {
    "docID": "N231 Zhang 2011",
    "et": "PostSurgeryCondition",
    "off": 38386,
    "sff": "surgery"
  },
  {
    "docID": "N231 Zhang 2011",
    "et": "PostSurgeryCondition",
    "off": 33372,
    "sff": "post-surgery"
  },
  {
    "docID": "N231 Zhang 2011",
    "et": "RatSpecies",
    "off": 6973,
    "sff": "rat"
  },
  {
    "docID": "N231 Zhang 2011",
    "et": "RatSpecies",
    "off": 3791,
    "sff": "rat"
  },
  {
    "docID": "N231 Zhang 2011",
    "et": "RatSpecies",
    "off": 41503,
    "sff": "rat"
  },
  {
    "docID": "N231 Zhang 2011",
    "et": "RatSpecies",
    "off": 37266,
    "sff": "rat"
  },
  {
    "docID": "N231 Zhang 2011",
    "et": "RatSpecies",
    "off": 22151,
    "sff": "rat"
  },
  {
    "docID": "N231 Zhang 2011",
    "et": "RatSpecies",
    "off": 35239,
    "sff": "rat"
  },
  {
    "docID": "N231 Zhang 2011",
    "et": "RatSpecies",
    "off": 26024,
    "sff": "rat"
  },
  {
    "docID": "N231 Zhang 2011",
    "et": "RatSpecies",
    "off": 298,
    "sff": "rat"
  },
  {
    "docID": "N231 Zhang 2011",
    "et": "RatSpecies",
    "off": 14762,
    "sff": "rat"
  },
  {
    "docID": "N231 Zhang 2011",
    "et": "RatSpecies",
    "off": 6795,
    "sff": "rat"
  },
  {
    "docID": "N231 Zhang 2011",
    "et": "RatSpecies",
    "off": 28588,
    "sff": "rat"
  },
  {
    "docID": "N231 Zhang 2011",
    "et": "RatSpecies",
    "off": 31068,
    "sff": "rat"
  },
  {
    "docID": "N231 Zhang 2011",
    "et": "PhotochemicalInjury",
    "off": 38588,
    "sff": "Photochemical"
  },
  {
    "docID": "N231 Zhang 2011",
    "et": "PhotochemicalInjury",
    "off": 38649,
    "sff": "photochemical"
  },
  {
    "docID": "N231 Zhang 2011",
    "et": "PhotochemicalInjury",
    "off": 40243,
    "sff": "photochemical"
  },
  {
    "docID": "N231 Zhang 2011",
    "et": "SodiumPentobarbital",
    "off": 32771,
    "sff": "sodium pentobarbital"
  },
  {
    "docID": "N231 Zhang 2011",
    "et": "SodiumPentobarbital",
    "off": 37427,
    "sff": "sodium pentobarbital"
  },
  {
    "docID": "N231 Zhang 2011",
    "et": "SodiumPentobarbital",
    "off": 38816,
    "sff": "sodium pentobarbital"
  },
  {
    "docID": "N231 Zhang 2011",
    "et": "VertebralArea",
    "off": 37468,
    "sff": "vertebral"
  },
  {
    "docID": "N231 Zhang 2011",
    "et": "VertebralSegment",
    "off": 37468,
    "sff": "vertebral"
  },
  {
    "docID": "N231 Zhang 2011",
    "et": "SchwannCell",
    "off": 28113,
    "sff": "Schwann"
  },
  {
    "docID": "N231 Zhang 2011",
    "et": "SchwannCell",
    "off": 28721,
    "sff": "Schwann"
  },
  {
    "docID": "N231 Zhang 2011",
    "et": "SchwannCell",
    "off": 4558,
    "sff": "Schwann"
  },
  {
    "docID": "N231 Zhang 2011",
    "et": "SchwannCell",
    "off": 27470,
    "sff": "Schwann"
  },
  {
    "docID": "N231 Zhang 2011",
    "et": "SchwannCell",
    "off": 18768,
    "sff": "Schwann"
  },
  {
    "docID": "N231 Zhang 2011",
    "et": "SchwannCell",
    "off": 25168,
    "sff": "Schwann"
  },
  {
    "docID": "N231 Zhang 2011",
    "et": "SchwannCell",
    "off": 28464,
    "sff": "Schwann"
  },
  {
    "docID": "N231 Zhang 2011",
    "et": "SchwannCell",
    "off": 1463,
    "sff": "Schwann"
  },
  {
    "docID": "N231 Zhang 2011",
    "et": "SchwannCell",
    "off": 23546,
    "sff": "Schwann"
  },
  {
    "docID": "N231 Zhang 2011",
    "et": "SchwannCell",
    "off": 24474,
    "sff": "Schwann"
  },
  {
    "docID": "N231 Zhang 2011",
    "et": "SchwannCell",
    "off": 18555,
    "sff": "Schwann"
  },
  {
    "docID": "N231 Zhang 2011",
    "et": "SchwannCell",
    "off": 29276,
    "sff": "Schwann"
  },
  {
    "docID": "N231 Zhang 2011",
    "et": "SchwannCell",
    "off": 34358,
    "sff": "Schwann"
  },
  {
    "docID": "N231 Zhang 2011",
    "et": "SchwannCell",
    "off": 4413,
    "sff": "Schwann"
  },
  {
    "docID": "N231 Zhang 2011",
    "et": "SchwannCell",
    "off": 23460,
    "sff": "Schwann"
  },
  {
    "docID": "N231 Zhang 2011",
    "et": "SchwannCell",
    "off": 36062,
    "sff": "Schwann"
  },
  {
    "docID": "N231 Zhang 2011",
    "et": "SchwannCell",
    "off": 22976,
    "sff": "Schwann"
  },
  {
    "docID": "N231 Zhang 2011",
    "et": "SchwannCell",
    "off": 23242,
    "sff": "Schwann"
  },
  {
    "docID": "N231 Zhang 2011",
    "et": "SchwannCell",
    "off": 19111,
    "sff": "Schwann"
  },
  {
    "docID": "N231 Zhang 2011",
    "et": "NewZealandRabbit",
    "off": 30567,
    "sff": "new"
  },
  {
    "docID": "N231 Zhang 2011",
    "et": "NewZealandRabbit",
    "off": 37312,
    "sff": "New"
  },
  {
    "docID": "N231 Zhang 2011",
    "et": "SigmaAldrich",
    "off": 36999,
    "sff": "Sigma"
  },
  {
    "docID": "N231 Zhang 2011",
    "et": "T10",
    "off": 37575,
    "sff": "T10"
  },
  {
    "docID": "N231 Zhang 2011",
    "et": "T10",
    "off": 898,
    "sff": "T10"
  },
  {
    "docID": "N231 Zhang 2011",
    "et": "T10",
    "off": 37729,
    "sff": "T10"
  },
  {
    "docID": "N231 Zhang 2011",
    "et": "PartialTransection",
    "off": 3729,
    "sff": "partial"
  },
  {
    "docID": "N231 Zhang 2011",
    "et": "Thoracic",
    "off": 37549,
    "sff": "thoracic"
  },
  {
    "docID": "N231 Zhang 2011",
    "et": "VertebralLocation",
    "off": 37468,
    "sff": "vertebral"
  },
  {
    "docID": "N231 Zhang 2011",
    "et": "LightSource",
    "off": 28985,
    "sff": "light"
  },
  {
    "docID": "N231 Zhang 2011",
    "et": "LightSource",
    "off": 39433,
    "sff": "light"
  },
  {
    "docID": "N231 Zhang 2011",
    "et": "LightSource",
    "off": 32104,
    "sff": "light"
  },
  {
    "docID": "N231 Zhang 2011",
    "et": "LightSource",
    "off": 39914,
    "sff": "light"
  },
  {
    "docID": "N231 Zhang 2011",
    "et": "LightSource",
    "off": 4051,
    "sff": "light"
  },
  {
    "docID": "N231 Zhang 2011",
    "et": "LightSource",
    "off": 44788,
    "sff": "light"
  },
  {
    "docID": "N231 Zhang 2011",
    "et": "LightSource",
    "off": 39557,
    "sff": "light"
  },
  {
    "docID": "N231 Zhang 2011",
    "et": "LightSource",
    "off": 40037,
    "sff": "light"
  },
  {
    "docID": "N231 Zhang 2011",
    "et": "StemCellSourceType",
    "off": 26459,
    "sff": "cell"
  },
  {
    "docID": "N231 Zhang 2011",
    "et": "StemCellSourceType",
    "off": 8394,
    "sff": "cell"
  },
  {
    "docID": "N231 Zhang 2011",
    "et": "StemCellSourceType",
    "off": 13482,
    "sff": "cell"
  },
  {
    "docID": "N231 Zhang 2011",
    "et": "StemCellSourceType",
    "off": 36192,
    "sff": "cell"
  },
  {
    "docID": "N231 Zhang 2011",
    "et": "StemCellSourceType",
    "off": 4816,
    "sff": "cell"
  },
  {
    "docID": "N231 Zhang 2011",
    "et": "StemCellSourceType",
    "off": 23133,
    "sff": "cell"
  },
  {
    "docID": "N231 Zhang 2011",
    "et": "StemCellSourceType",
    "off": 3150,
    "sff": "cell"
  },
  {
    "docID": "N231 Zhang 2011",
    "et": "StemCellSourceType",
    "off": 452,
    "sff": "cell"
  },
  {
    "docID": "N231 Zhang 2011",
    "et": "StemCellSourceType",
    "off": 1844,
    "sff": "cell"
  },
  {
    "docID": "N231 Zhang 2011",
    "et": "StemCellSourceType",
    "off": 5192,
    "sff": "cell"
  },
  {
    "docID": "N231 Zhang 2011",
    "et": "InVitroExperimentalProcedure",
    "off": 31938,
    "sff": "Experimental"
  },
  {
    "docID": "N231 Zhang 2011",
    "et": "MeasurementOfDecreasingTemperature",
    "off": 44338,
    "sff": "measurement"
  },
  {
    "docID": "N231 Zhang 2011",
    "et": "VentralInjuryArea",
    "off": 12230,
    "sff": "ventral"
  },
  {
    "docID": "N231 Zhang 2011",
    "et": "VentralInjuryArea",
    "off": 19015,
    "sff": "ventral"
  },
  {
    "docID": "N231 Zhang 2011",
    "et": "VentralInjuryArea",
    "off": 18954,
    "sff": "ventral"
  },
  {
    "docID": "N231 Zhang 2011",
    "et": "AllenWeightDropDevice",
    "off": 38462,
    "sff": "weight"
  },
  {
    "docID": "N231 Zhang 2011",
    "et": "AllenWeightDropDevice",
    "off": 38525,
    "sff": "weight"
  },
  {
    "docID": "N231 Zhang 2011",
    "et": "AllenWeightDropDevice",
    "off": 28802,
    "sff": "Allen"
  },
  {
    "docID": "N231 Zhang 2011",
    "et": "LongEvansRat",
    "off": 918,
    "sff": "Long–Evans"
  },
  {
    "docID": "N231 Zhang 2011",
    "et": "LongEvansRat",
    "off": 35301,
    "sff": "Long–Evans"
  },
  {
    "docID": "N231 Zhang 2011",
    "et": "LongEvansRat",
    "off": 40349,
    "sff": "long"
  },
  {
    "docID": "N231 Zhang 2011",
    "et": "LongEvansRat",
    "off": 31987,
    "sff": "Long–Evans"
  },
  {
    "docID": "N231 Zhang 2011",
    "et": "LongEvansRat",
    "off": 41507,
    "sff": "Long–Evans"
  },
  {
    "docID": "N231 Zhang 2011",
    "et": "LongEvansRat",
    "off": 16711,
    "sff": "long"
  },
  {
    "docID": "N231 Zhang 2011",
    "et": "LongEvansRat",
    "off": 31987,
    "sff": "Long–Evans rats"
  },
  {
    "docID": "N231 Zhang 2011",
    "et": "LongEvansRat",
    "off": 918,
    "sff": "Long–Evans rats"
  },
  {
    "docID": "N231 Zhang 2011",
    "et": "Cell",
    "off": 3150,
    "sff": "cell"
  },
  {
    "docID": "N231 Zhang 2011",
    "et": "Cell",
    "off": 23133,
    "sff": "cell"
  },
  {
    "docID": "N231 Zhang 2011",
    "et": "Cell",
    "off": 26459,
    "sff": "cell"
  },
  {
    "docID": "N231 Zhang 2011",
    "et": "Cell",
    "off": 36192,
    "sff": "cell"
  },
  {
    "docID": "N231 Zhang 2011",
    "et": "Cell",
    "off": 4816,
    "sff": "cell"
  },
  {
    "docID": "N231 Zhang 2011",
    "et": "Cell",
    "off": 452,
    "sff": "cell"
  },
  {
    "docID": "N231 Zhang 2011",
    "et": "Cell",
    "off": 1844,
    "sff": "cell"
  },
  {
    "docID": "N231 Zhang 2011",
    "et": "Cell",
    "off": 13482,
    "sff": "cell"
  },
  {
    "docID": "N231 Zhang 2011",
    "et": "Cell",
    "off": 8394,
    "sff": "cell"
  },
  {
    "docID": "N231 Zhang 2011",
    "et": "Cell",
    "off": 5192,
    "sff": "cell"
  },
  {
    "docID": "N231 Zhang 2011",
    "et": "Blade",
    "off": 40405,
    "sff": "blade"
  },
  {
    "docID": "N231 Zhang 2011",
    "et": "SpinalDorsalHalf",
    "off": 23038,
    "sff": "dorsal"
  },
  {
    "docID": "N231 Zhang 2011",
    "et": "SpinalDorsalHalf",
    "off": 37582,
    "sff": "dorsal"
  },
  {
    "docID": "N231 Zhang 2011",
    "et": "SpinalDorsalHalf",
    "off": 10332,
    "sff": "dorsal"
  },
  {
    "docID": "N231 Zhang 2011",
    "et": "SpinalDorsalHalf",
    "off": 12208,
    "sff": "dorsal"
  },
  {
    "docID": "N231 Zhang 2011",
    "et": "SpinalDorsalHalf",
    "off": 22723,
    "sff": "dorsal"
  },
  {
    "docID": "N231 Zhang 2011",
    "et": "SpinalDorsalHalf",
    "off": 22931,
    "sff": "dorsal"
  },
  {
    "docID": "N231 Zhang 2011",
    "et": "HematoxyLinEosin",
    "off": 42406,
    "sff": "hematoxylin"
  },
  {
    "docID": "N231 Zhang 2011",
    "et": "HematoxyLinEosin",
    "off": 44246,
    "sff": "hematoxylin"
  },
  {
    "docID": "N231 Zhang 2011",
    "et": "HematoxyLinEosin",
    "off": 43525,
    "sff": "hematoxylin"
  },
  {
    "docID": "N231 Zhang 2011",
    "et": "Water",
    "off": 42580,
    "sff": "water"
  },
  {
    "docID": "N231 Zhang 2011",
    "et": "Water",
    "off": 32173,
    "sff": "water"
  },
  {
    "docID": "N231 Zhang 2011",
    "et": "ExperimentalProcedure",
    "off": 31938,
    "sff": "Experimental"
  },
  {
    "docID": "N231 Zhang 2011",
    "et": "BodyTemperatureMeasurement",
    "off": 38457,
    "sff": "body"
  },
  {
    "docID": "N231 Zhang 2011",
    "et": "BodyTemperatureMeasurement",
    "off": 36714,
    "sff": "temperature"
  },
  {
    "docID": "N231 Zhang 2011",
    "et": "BodyTemperatureMeasurement",
    "off": 38520,
    "sff": "body"
  },
  {
    "docID": "N231 Zhang 2011",
    "et": "BodyTemperatureMeasurement",
    "off": 38205,
    "sff": "body"
  },
  {
    "docID": "N231 Zhang 2011",
    "et": "BodyTemperatureMeasurement",
    "off": 42856,
    "sff": "temperature"
  },
  {
    "docID": "N231 Zhang 2011",
    "et": "BodyTemperatureMeasurement",
    "off": 39617,
    "sff": "temperature"
  },
  {
    "docID": "N231 Zhang 2011",
    "et": "BodyTemperatureMeasurement",
    "off": 13487,
    "sff": "body"
  },
  {
    "docID": "N231 Zhang 2011",
    "et": "PartialTransectionType",
    "off": 3729,
    "sff": "partial"
  },
  {
    "docID": "N231 Zhang 2011",
    "et": "BrainDerivedNeurotrophicFactor",
    "off": 5012,
    "sff": "derived"
  },
  {
    "docID": "N231 Zhang 2011",
    "et": "BrainDerivedNeurotrophicFactor",
    "off": 5567,
    "sff": "brain-derived neurotrophic factor"
  },
  {
    "docID": "N231 Zhang 2011",
    "et": "BrainDerivedNeurotrophicFactor",
    "off": 5619,
    "sff": "derived neurotrophic factor"
  },
  {
    "docID": "N231 Zhang 2011",
    "et": "BrainDerivedNeurotrophicFactor",
    "off": 5567,
    "sff": "brain-derived"
  },
  {
    "docID": "N231 Zhang 2011",
    "et": "BrainDerivedNeurotrophicFactor",
    "off": 41389,
    "sff": "derived"
  },
  {
    "docID": "N231 Zhang 2011",
    "et": "BrainDerivedNeurotrophicFactor",
    "off": 5619,
    "sff": "derived"
  },
  {
    "docID": "N231 Zhang 2011",
    "et": "BrainDerivedNeurotrophicFactor",
    "off": 5746,
    "sff": "derived"
  },
  {
    "docID": "N231 Zhang 2011",
    "et": "VentralHemisection",
    "off": 18954,
    "sff": "ventral"
  },
  {
    "docID": "N231 Zhang 2011",
    "et": "VentralHemisection",
    "off": 19015,
    "sff": "ventral"
  },
  {
    "docID": "N231 Zhang 2011",
    "et": "VentralHemisection",
    "off": 12230,
    "sff": "ventral"
  }
]
