[
  {
    "docID": "N233 Zhang 2015",
    "et": "CompleteTransection",
    "off": 13450,
    "sff": "complete"
  },
  {
    "docID": "N233 Zhang 2015",
    "et": "CompleteTransection",
    "off": 1917,
    "sff": "complete"
  },
  {
    "docID": "N233 Zhang 2015",
    "et": "CompleteTransection",
    "off": 13556,
    "sff": "complete"
  },
  {
    "docID": "N233 Zhang 2015",
    "et": "NYUImpactor",
    "off": 7536,
    "sff": "NYU"
  },
  {
    "docID": "N233 Zhang 2015",
    "et": "CuttingDevice",
    "off": 9355,
    "sff": "cutting"
  },
  {
    "docID": "N233 Zhang 2015",
    "et": "OlfactoryEnsheathingGliaCell",
    "off": 494,
    "sff": "olfactory ensheathing"
  },
  {
    "docID": "N233 Zhang 2015",
    "et": "OlfactoryEnsheathingGliaCell",
    "off": 2448,
    "sff": "olfactory ensheathing"
  },
  {
    "docID": "N233 Zhang 2015",
    "et": "OlfactoryEnsheathingGliaCell",
    "off": 6203,
    "sff": "olfactory"
  },
  {
    "docID": "N233 Zhang 2015",
    "et": "OlfactoryEnsheathingGliaCell",
    "off": 6312,
    "sff": "olfactory"
  },
  {
    "docID": "N233 Zhang 2015",
    "et": "MesenchymalStemCell",
    "off": 20882,
    "sff": "stem"
  },
  {
    "docID": "N233 Zhang 2015",
    "et": "MesenchymalStemCell",
    "off": 467,
    "sff": "stem"
  },
  {
    "docID": "N233 Zhang 2015",
    "et": "MesenchymalStemCell",
    "off": 2947,
    "sff": "stem"
  },
  {
    "docID": "N233 Zhang 2015",
    "et": "MesenchymalStemCell",
    "off": 2766,
    "sff": "stem"
  },
  {
    "docID": "N233 Zhang 2015",
    "et": "WeightDrop",
    "off": 13735,
    "sff": "weight"
  },
  {
    "docID": "N233 Zhang 2015",
    "et": "WeightDrop",
    "off": 7568,
    "sff": "weight"
  },
  {
    "docID": "N233 Zhang 2015",
    "et": "NOGOReceptorAntagonist",
    "off": 21835,
    "sff": "receptor"
  },
  {
    "docID": "N233 Zhang 2015",
    "et": "RabbitSpecies",
    "off": 12093,
    "sff": "rabbit"
  },
  {
    "docID": "N233 Zhang 2015",
    "et": "Rostral",
    "off": 8586,
    "sff": "rostral"
  },
  {
    "docID": "N233 Zhang 2015",
    "et": "Rostral",
    "off": 22367,
    "sff": "rostral"
  },
  {
    "docID": "N233 Zhang 2015",
    "et": "SpragueDawleyRat",
    "off": 7070,
    "sff": "Sprague Dawley"
  },
  {
    "docID": "N233 Zhang 2015",
    "et": "LaminectomyType",
    "off": 8400,
    "sff": "laminectomy"
  },
  {
    "docID": "N233 Zhang 2015",
    "et": "LaminectomyType",
    "off": 7445,
    "sff": "laminectomy"
  },
  {
    "docID": "N233 Zhang 2015",
    "et": "C1",
    "off": 14460,
    "sff": "C1"
  },
  {
    "docID": "N233 Zhang 2015",
    "et": "C2",
    "off": 14491,
    "sff": "C2"
  },
  {
    "docID": "N233 Zhang 2015",
    "et": "C3",
    "off": 14541,
    "sff": "C3"
  },
  {
    "docID": "N233 Zhang 2015",
    "et": "C3",
    "off": 14709,
    "sff": "C3"
  },
  {
    "docID": "N233 Zhang 2015",
    "et": "C3",
    "off": 14406,
    "sff": "C3"
  },
  {
    "docID": "N233 Zhang 2015",
    "et": "Tissue",
    "off": 6510,
    "sff": "tissue"
  },
  {
    "docID": "N233 Zhang 2015",
    "et": "Tissue",
    "off": 15948,
    "sff": "tissue"
  },
  {
    "docID": "N233 Zhang 2015",
    "et": "Tissue",
    "off": 25212,
    "sff": "tissue"
  },
  {
    "docID": "N233 Zhang 2015",
    "et": "Tissue",
    "off": 16054,
    "sff": "tissue"
  },
  {
    "docID": "N233 Zhang 2015",
    "et": "Tissue",
    "off": 5082,
    "sff": "Tissue"
  },
  {
    "docID": "N233 Zhang 2015",
    "et": "Tissue",
    "off": 23763,
    "sff": "tissue"
  },
  {
    "docID": "N233 Zhang 2015",
    "et": "ChinaShenyangSunshinePharmaceuticalCompany",
    "off": 12512,
    "sff": "China"
  },
  {
    "docID": "N233 Zhang 2015",
    "et": "ChinaShenyangSunshinePharmaceuticalCompany",
    "off": 9405,
    "sff": "China"
  },
  {
    "docID": "N233 Zhang 2015",
    "et": "ChinaShenyangSunshinePharmaceuticalCompany",
    "off": 10221,
    "sff": "China"
  },
  {
    "docID": "N233 Zhang 2015",
    "et": "InjectionDelivery",
    "off": 4233,
    "sff": "injection"
  },
  {
    "docID": "N233 Zhang 2015",
    "et": "InjectionDelivery",
    "off": 16248,
    "sff": "injection"
  },
  {
    "docID": "N233 Zhang 2015",
    "et": "InjectionDelivery",
    "off": 8886,
    "sff": "injection"
  },
  {
    "docID": "N233 Zhang 2015",
    "et": "InjectionDelivery",
    "off": 8779,
    "sff": "injection"
  },
  {
    "docID": "N233 Zhang 2015",
    "et": "InjectionDelivery",
    "off": 15819,
    "sff": "injection"
  },
  {
    "docID": "N233 Zhang 2015",
    "et": "InjectionDelivery",
    "off": 16155,
    "sff": "injection"
  },
  {
    "docID": "N233 Zhang 2015",
    "et": "InjectionDelivery",
    "off": 7388,
    "sff": "injection"
  },
  {
    "docID": "N233 Zhang 2015",
    "et": "SpinalLesionSite",
    "off": 8566,
    "sff": "lesion"
  },
  {
    "docID": "N233 Zhang 2015",
    "et": "SpinalLesionSite",
    "off": 2175,
    "sff": "lesion site"
  },
  {
    "docID": "N233 Zhang 2015",
    "et": "Weight",
    "off": 7096,
    "sff": "200–250 g"
  },
  {
    "docID": "N233 Zhang 2015",
    "et": "Weight",
    "off": 7575,
    "sff": "10.0 g"
  },
  {
    "docID": "N233 Zhang 2015",
    "et": "T9",
    "off": 9318,
    "sff": "T9"
  },
  {
    "docID": "N233 Zhang 2015",
    "et": "CompoundBiologicalRelation",
    "off": 9375,
    "sff": "compound"
  },
  {
    "docID": "N233 Zhang 2015",
    "et": "AnimalCareCondition",
    "off": 7224,
    "sff": "care"
  },
  {
    "docID": "N233 Zhang 2015",
    "et": "AnimalCareCondition",
    "off": 7311,
    "sff": "Care"
  },
  {
    "docID": "N233 Zhang 2015",
    "et": "Dosage",
    "off": 8634,
    "sff": "6 μl"
  },
  {
    "docID": "N233 Zhang 2015",
    "et": "Dosage",
    "off": 6800,
    "sff": "95 %"
  },
  {
    "docID": "N233 Zhang 2015",
    "et": "Dosage",
    "off": 7100,
    "sff": "250 g"
  },
  {
    "docID": "N233 Zhang 2015",
    "et": "Dosage",
    "off": 7420,
    "sff": "30 mg/kg"
  },
  {
    "docID": "N233 Zhang 2015",
    "et": "Dosage",
    "off": 12485,
    "sff": "0.02 %"
  },
  {
    "docID": "N233 Zhang 2015",
    "et": "Dosage",
    "off": 17073,
    "sff": "0.147 mm"
  },
  {
    "docID": "N233 Zhang 2015",
    "et": "Dosage",
    "off": 8535,
    "sff": "0.8 mm"
  },
  {
    "docID": "N233 Zhang 2015",
    "et": "Dosage",
    "off": 5417,
    "sff": "10%"
  },
  {
    "docID": "N233 Zhang 2015",
    "et": "Dosage",
    "off": 12523,
    "sff": "0.003 %"
  },
  {
    "docID": "N233 Zhang 2015",
    "et": "Dosage",
    "off": 17016,
    "sff": "0.479 mm"
  },
  {
    "docID": "N233 Zhang 2015",
    "et": "Dosage",
    "off": 11381,
    "sff": "2 μl"
  },
  {
    "docID": "N233 Zhang 2015",
    "et": "Dosage",
    "off": 9254,
    "sff": "20 %"
  },
  {
    "docID": "N233 Zhang 2015",
    "et": "Dosage",
    "off": 7587,
    "sff": "25 mm"
  },
  {
    "docID": "N233 Zhang 2015",
    "et": "Dosage",
    "off": 7401,
    "sff": "1 %"
  },
  {
    "docID": "N233 Zhang 2015",
    "et": "Dosage",
    "off": 11331,
    "sff": "20 μl"
  },
  {
    "docID": "N233 Zhang 2015",
    "et": "Dosage",
    "off": 11360,
    "sff": "10 μl"
  },
  {
    "docID": "N233 Zhang 2015",
    "et": "Dosage",
    "off": 12013,
    "sff": "10 %"
  },
  {
    "docID": "N233 Zhang 2015",
    "et": "Dosage",
    "off": 6638,
    "sff": "10 %"
  },
  {
    "docID": "N233 Zhang 2015",
    "et": "Dosage",
    "off": 5370,
    "sff": "85%"
  },
  {
    "docID": "N233 Zhang 2015",
    "et": "Dosage",
    "off": 10947,
    "sff": "10 mm"
  },
  {
    "docID": "N233 Zhang 2015",
    "et": "Dosage",
    "off": 9685,
    "sff": "0.3%"
  },
  {
    "docID": "N233 Zhang 2015",
    "et": "Dosage",
    "off": 8969,
    "sff": "10 mg/kg"
  },
  {
    "docID": "N233 Zhang 2015",
    "et": "Dosage",
    "off": 9168,
    "sff": "4 %"
  },
  {
    "docID": "N233 Zhang 2015",
    "et": "Dosage",
    "off": 11994,
    "sff": "0.3 %"
  },
  {
    "docID": "N233 Zhang 2015",
    "et": "Dosage",
    "off": 16433,
    "sff": "0.071 mm"
  },
  {
    "docID": "N233 Zhang 2015",
    "et": "Dosage",
    "off": 7575,
    "sff": "10.0 g"
  },
  {
    "docID": "N233 Zhang 2015",
    "et": "Dosage",
    "off": 16589,
    "sff": "0.563 mm"
  },
  {
    "docID": "N233 Zhang 2015",
    "et": "Dosage",
    "off": 9643,
    "sff": "3 %"
  },
  {
    "docID": "N233 Zhang 2015",
    "et": "Dosage",
    "off": 16531,
    "sff": "0.223 mm"
  },
  {
    "docID": "N233 Zhang 2015",
    "et": "Dosage",
    "off": 8581,
    "sff": "1 mm"
  },
  {
    "docID": "N233 Zhang 2015",
    "et": "Dosage",
    "off": 11405,
    "sff": "0.5 μl"
  },
  {
    "docID": "N233 Zhang 2015",
    "et": "Dosage",
    "off": 5439,
    "sff": "2 %"
  },
  {
    "docID": "N233 Zhang 2015",
    "et": "BladderExpression",
    "off": 7883,
    "sff": "bladder expression"
  },
  {
    "docID": "N233 Zhang 2015",
    "et": "PBS",
    "off": 9973,
    "sff": "PBS"
  },
  {
    "docID": "N233 Zhang 2015",
    "et": "PBS",
    "off": 9599,
    "sff": "PBS"
  },
  {
    "docID": "N233 Zhang 2015",
    "et": "PBS",
    "off": 10130,
    "sff": "PBS"
  },
  {
    "docID": "N233 Zhang 2015",
    "et": "PBS",
    "off": 11905,
    "sff": "PBS"
  },
  {
    "docID": "N233 Zhang 2015",
    "et": "PBS",
    "off": 12046,
    "sff": "PBS"
  },
  {
    "docID": "N233 Zhang 2015",
    "et": "StemCell",
    "off": 2766,
    "sff": "stem"
  },
  {
    "docID": "N233 Zhang 2015",
    "et": "StemCell",
    "off": 467,
    "sff": "stem"
  },
  {
    "docID": "N233 Zhang 2015",
    "et": "StemCell",
    "off": 2947,
    "sff": "stem"
  },
  {
    "docID": "N233 Zhang 2015",
    "et": "StemCell",
    "off": 20882,
    "sff": "stem"
  },
  {
    "docID": "N233 Zhang 2015",
    "et": "Duration",
    "off": 24525,
    "sff": "3 weeks"
  },
  {
    "docID": "N233 Zhang 2015",
    "et": "Duration",
    "off": 11541,
    "sff": "30 s"
  },
  {
    "docID": "N233 Zhang 2015",
    "et": "Duration",
    "off": 17232,
    "sff": "3 weeks"
  },
  {
    "docID": "N233 Zhang 2015",
    "et": "Duration",
    "off": 20144,
    "sff": "1 week"
  },
  {
    "docID": "N233 Zhang 2015",
    "et": "Duration",
    "off": 13178,
    "sff": "9 weeks"
  },
  {
    "docID": "N233 Zhang 2015",
    "et": "Duration",
    "off": 634,
    "sff": "3 and 9 weeks"
  },
  {
    "docID": "N233 Zhang 2015",
    "et": "Duration",
    "off": 1122,
    "sff": "3 weeks"
  },
  {
    "docID": "N233 Zhang 2015",
    "et": "Duration",
    "off": 18475,
    "sff": "9-week"
  },
  {
    "docID": "N233 Zhang 2015",
    "et": "Duration",
    "off": 11577,
    "sff": "10 min"
  },
  {
    "docID": "N233 Zhang 2015",
    "et": "Duration",
    "off": 11557,
    "sff": "30 s"
  },
  {
    "docID": "N233 Zhang 2015",
    "et": "Duration",
    "off": 16345,
    "sff": "3 weeks"
  },
  {
    "docID": "N233 Zhang 2015",
    "et": "Duration",
    "off": 9228,
    "sff": "24 h"
  },
  {
    "docID": "N233 Zhang 2015",
    "et": "Duration",
    "off": 4553,
    "sff": "1 week"
  },
  {
    "docID": "N233 Zhang 2015",
    "et": "Duration",
    "off": 14826,
    "sff": "3 weeks"
  },
  {
    "docID": "N233 Zhang 2015",
    "et": "Duration",
    "off": 9707,
    "sff": "1 h"
  },
  {
    "docID": "N233 Zhang 2015",
    "et": "Duration",
    "off": 12054,
    "sff": "30 min"
  },
  {
    "docID": "N233 Zhang 2015",
    "et": "Duration",
    "off": 15330,
    "sff": "9 weeks"
  },
  {
    "docID": "N233 Zhang 2015",
    "et": "Duration",
    "off": 11525,
    "sff": "30 s"
  },
  {
    "docID": "N233 Zhang 2015",
    "et": "Duration",
    "off": 15744,
    "sff": "3 weeks"
  },
  {
    "docID": "N233 Zhang 2015",
    "et": "Duration",
    "off": 17408,
    "sff": "3 weeks"
  },
  {
    "docID": "N233 Zhang 2015",
    "et": "Duration",
    "off": 14207,
    "sff": "3 weeks"
  },
  {
    "docID": "N233 Zhang 2015",
    "et": "Duration",
    "off": 10090,
    "sff": "2 h"
  },
  {
    "docID": "N233 Zhang 2015",
    "et": "Duration",
    "off": 12039,
    "sff": "0.01 M"
  },
  {
    "docID": "N233 Zhang 2015",
    "et": "Duration",
    "off": 7871,
    "sff": "7 days"
  },
  {
    "docID": "N233 Zhang 2015",
    "et": "Duration",
    "off": 18226,
    "sff": "9 weeks"
  },
  {
    "docID": "N233 Zhang 2015",
    "et": "Duration",
    "off": 15190,
    "sff": "3 and 9 weeks"
  },
  {
    "docID": "N233 Zhang 2015",
    "et": "Duration",
    "off": 15246,
    "sff": "3 weeks"
  },
  {
    "docID": "N233 Zhang 2015",
    "et": "Duration",
    "off": 11913,
    "sff": "10 min"
  },
  {
    "docID": "N233 Zhang 2015",
    "et": "Duration",
    "off": 9607,
    "sff": "10 min"
  },
  {
    "docID": "N233 Zhang 2015",
    "et": "Duration",
    "off": 15274,
    "sff": "9 weeks"
  },
  {
    "docID": "N233 Zhang 2015",
    "et": "Duration",
    "off": 10232,
    "sff": "30 min"
  },
  {
    "docID": "N233 Zhang 2015",
    "et": "Duration",
    "off": 11882,
    "sff": "10 min"
  },
  {
    "docID": "N233 Zhang 2015",
    "et": "Duration",
    "off": 6452,
    "sff": "25 min"
  },
  {
    "docID": "N233 Zhang 2015",
    "et": "Duration",
    "off": 8762,
    "sff": "5 min"
  },
  {
    "docID": "N233 Zhang 2015",
    "et": "Duration",
    "off": 12474,
    "sff": "5 min"
  },
  {
    "docID": "N233 Zhang 2015",
    "et": "Duration",
    "off": 24505,
    "sff": "9 weeks"
  },
  {
    "docID": "N233 Zhang 2015",
    "et": "Duration",
    "off": 610,
    "sff": "1 week"
  },
  {
    "docID": "N233 Zhang 2015",
    "et": "Duration",
    "off": 15088,
    "sff": "3 and 9 weeks"
  },
  {
    "docID": "N233 Zhang 2015",
    "et": "Duration",
    "off": 18103,
    "sff": "3 weeks"
  },
  {
    "docID": "N233 Zhang 2015",
    "et": "Duration",
    "off": 12324,
    "sff": "1 h"
  },
  {
    "docID": "N233 Zhang 2015",
    "et": "Duration",
    "off": 9091,
    "sff": "9 weeks"
  },
  {
    "docID": "N233 Zhang 2015",
    "et": "Duration",
    "off": 9576,
    "sff": "10 min"
  },
  {
    "docID": "N233 Zhang 2015",
    "et": "Duration",
    "off": 11495,
    "sff": "5 min"
  },
  {
    "docID": "N233 Zhang 2015",
    "et": "Duration",
    "off": 16643,
    "sff": "9 weeks"
  },
  {
    "docID": "N233 Zhang 2015",
    "et": "Duration",
    "off": 10999,
    "sff": "3 and 9 weeks"
  },
  {
    "docID": "N233 Zhang 2015",
    "et": "Duration",
    "off": 9271,
    "sff": "48 h"
  },
  {
    "docID": "N233 Zhang 2015",
    "et": "Duration",
    "off": 15302,
    "sff": "3 weeks"
  },
  {
    "docID": "N233 Zhang 2015",
    "et": "Duration",
    "off": 18248,
    "sff": "3 weeks"
  },
  {
    "docID": "N233 Zhang 2015",
    "et": "Duration",
    "off": 1174,
    "sff": "9 weeks"
  },
  {
    "docID": "N233 Zhang 2015",
    "et": "Duration",
    "off": 5325,
    "sff": "30 min"
  },
  {
    "docID": "N233 Zhang 2015",
    "et": "Duration",
    "off": 6738,
    "sff": "5–7 days"
  },
  {
    "docID": "N233 Zhang 2015",
    "et": "Duration",
    "off": 18330,
    "sff": "9 weeks"
  },
  {
    "docID": "N233 Zhang 2015",
    "et": "LesionAdjacentTissue",
    "off": 2175,
    "sff": "lesion"
  },
  {
    "docID": "N233 Zhang 2015",
    "et": "LesionAdjacentTissue",
    "off": 8566,
    "sff": "lesion"
  },
  {
    "docID": "N233 Zhang 2015",
    "et": "CentralNervousSystem",
    "off": 3474,
    "sff": "central"
  },
  {
    "docID": "N233 Zhang 2015",
    "et": "SpinalCentralPart",
    "off": 3474,
    "sff": "central"
  },
  {
    "docID": "N233 Zhang 2015",
    "et": "InjuryArea",
    "off": 14444,
    "sff": "area"
  },
  {
    "docID": "N233 Zhang 2015",
    "et": "InjuryArea",
    "off": 12886,
    "sff": "area"
  },
  {
    "docID": "N233 Zhang 2015",
    "et": "InjuryArea",
    "off": 14630,
    "sff": "area"
  },
  {
    "docID": "N233 Zhang 2015",
    "et": "InjuryArea",
    "off": 13026,
    "sff": "area"
  },
  {
    "docID": "N233 Zhang 2015",
    "et": "InjuryArea",
    "off": 16371,
    "sff": "area"
  },
  {
    "docID": "N233 Zhang 2015",
    "et": "InjuryArea",
    "off": 16963,
    "sff": "area"
  },
  {
    "docID": "N233 Zhang 2015",
    "et": "InjuryArea",
    "off": 10414,
    "sff": "area"
  },
  {
    "docID": "N233 Zhang 2015",
    "et": "InjuryArea",
    "off": 16846,
    "sff": "area"
  },
  {
    "docID": "N233 Zhang 2015",
    "et": "InjuryArea",
    "off": 20607,
    "sff": "area"
  },
  {
    "docID": "N233 Zhang 2015",
    "et": "InjuryArea",
    "off": 16289,
    "sff": "area"
  },
  {
    "docID": "N233 Zhang 2015",
    "et": "MedicationDuringSurgery",
    "off": 18464,
    "sff": "during"
  },
  {
    "docID": "N233 Zhang 2015",
    "et": "MedicationDuringSurgery",
    "off": 19471,
    "sff": "during"
  },
  {
    "docID": "N233 Zhang 2015",
    "et": "DNA",
    "off": 11167,
    "sff": "DNA"
  },
  {
    "docID": "N233 Zhang 2015",
    "et": "Laminectomy",
    "off": 7445,
    "sff": "laminectomy"
  },
  {
    "docID": "N233 Zhang 2015",
    "et": "Laminectomy",
    "off": 8400,
    "sff": "laminectomy"
  },
  {
    "docID": "N233 Zhang 2015",
    "et": "SpinalWhiteMatter",
    "off": 6392,
    "sff": "white matter"
  },
  {
    "docID": "N233 Zhang 2015",
    "et": "MeasurementOfIncreasingTemperature",
    "off": 9050,
    "sff": "Measurement"
  },
  {
    "docID": "N233 Zhang 2015",
    "et": "Antibody",
    "off": 9805,
    "sff": "antibody"
  },
  {
    "docID": "N233 Zhang 2015",
    "et": "Antibody",
    "off": 6748,
    "sff": "antibody"
  },
  {
    "docID": "N233 Zhang 2015",
    "et": "Antibody",
    "off": 12265,
    "sff": "antibody"
  },
  {
    "docID": "N233 Zhang 2015",
    "et": "Antibody",
    "off": 9861,
    "sff": "antibody"
  },
  {
    "docID": "N233 Zhang 2015",
    "et": "Antibody",
    "off": 6006,
    "sff": "antibody"
  },
  {
    "docID": "N233 Zhang 2015",
    "et": "Antibody",
    "off": 12596,
    "sff": "antibody"
  },
  {
    "docID": "N233 Zhang 2015",
    "et": "Antibody",
    "off": 9759,
    "sff": "antibody"
  },
  {
    "docID": "N233 Zhang 2015",
    "et": "CompoundSupplier",
    "off": 9375,
    "sff": "compound"
  },
  {
    "docID": "N233 Zhang 2015",
    "et": "Protein",
    "off": 17888,
    "sff": "protein"
  },
  {
    "docID": "N233 Zhang 2015",
    "et": "Protein",
    "off": 1282,
    "sff": "protein"
  },
  {
    "docID": "N233 Zhang 2015",
    "et": "Protein",
    "off": 4907,
    "sff": "protein"
  },
  {
    "docID": "N233 Zhang 2015",
    "et": "Protein",
    "off": 21143,
    "sff": "protein"
  },
  {
    "docID": "N233 Zhang 2015",
    "et": "GlialCell",
    "off": 758,
    "sff": "glial cell"
  },
  {
    "docID": "N233 Zhang 2015",
    "et": "RatSpecies",
    "off": 9124,
    "sff": "rat"
  },
  {
    "docID": "N233 Zhang 2015",
    "et": "RatSpecies",
    "off": 4921,
    "sff": "rat"
  },
  {
    "docID": "N233 Zhang 2015",
    "et": "RatSpecies",
    "off": 13148,
    "sff": "rat"
  },
  {
    "docID": "N233 Zhang 2015",
    "et": "Direction",
    "off": 21567,
    "sff": "direction"
  },
  {
    "docID": "N233 Zhang 2015",
    "et": "Direction",
    "off": 21631,
    "sff": "direction"
  },
  {
    "docID": "N233 Zhang 2015",
    "et": "VertebralArea",
    "off": 7474,
    "sff": "vertebral"
  },
  {
    "docID": "N233 Zhang 2015",
    "et": "Caudal",
    "off": 8598,
    "sff": "caudal"
  },
  {
    "docID": "N233 Zhang 2015",
    "et": "VertebralSegment",
    "off": 7474,
    "sff": "vertebral"
  },
  {
    "docID": "N233 Zhang 2015",
    "et": "SchwannCell",
    "off": 2484,
    "sff": "Schwann"
  },
  {
    "docID": "N233 Zhang 2015",
    "et": "Albumin",
    "off": 9660,
    "sff": "albumin"
  },
  {
    "docID": "N233 Zhang 2015",
    "et": "BoneMarrowStemCell",
    "off": 2534,
    "sff": "marrow"
  },
  {
    "docID": "N233 Zhang 2015",
    "et": "SigmaAldrich",
    "off": 5542,
    "sff": "Sigma-Aldrich"
  },
  {
    "docID": "N233 Zhang 2015",
    "et": "SigmaAldrich",
    "off": 6696,
    "sff": "Sigma-Aldrich"
  },
  {
    "docID": "N233 Zhang 2015",
    "et": "T11",
    "off": 9325,
    "sff": "T11"
  },
  {
    "docID": "N233 Zhang 2015",
    "et": "T10",
    "off": 7491,
    "sff": "T10"
  },
  {
    "docID": "N233 Zhang 2015",
    "et": "PartialTransection",
    "off": 1929,
    "sff": "partial"
  },
  {
    "docID": "N233 Zhang 2015",
    "et": "VertebralLocation",
    "off": 7474,
    "sff": "vertebral"
  },
  {
    "docID": "N233 Zhang 2015",
    "et": "LightSource",
    "off": 10538,
    "sff": "light"
  },
  {
    "docID": "N233 Zhang 2015",
    "et": "LightSource",
    "off": 12739,
    "sff": "light"
  },
  {
    "docID": "N233 Zhang 2015",
    "et": "StemCellSourceType",
    "off": 8260,
    "sff": "Cell"
  },
  {
    "docID": "N233 Zhang 2015",
    "et": "StemCellSourceType",
    "off": 8452,
    "sff": "cell"
  },
  {
    "docID": "N233 Zhang 2015",
    "et": "StemCellSourceType",
    "off": 8642,
    "sff": "cell"
  },
  {
    "docID": "N233 Zhang 2015",
    "et": "StemCellSourceType",
    "off": 3573,
    "sff": "cell"
  },
  {
    "docID": "N233 Zhang 2015",
    "et": "StemCellSourceType",
    "off": 18299,
    "sff": "cell"
  },
  {
    "docID": "N233 Zhang 2015",
    "et": "StemCellSourceType",
    "off": 764,
    "sff": "cell"
  },
  {
    "docID": "N233 Zhang 2015",
    "et": "StemCellSourceType",
    "off": 2426,
    "sff": "cell"
  },
  {
    "docID": "N233 Zhang 2015",
    "et": "StemCellSourceType",
    "off": 3248,
    "sff": "cell"
  },
  {
    "docID": "N233 Zhang 2015",
    "et": "StemCellSourceType",
    "off": 18932,
    "sff": "cell"
  },
  {
    "docID": "N233 Zhang 2015",
    "et": "StemCellSourceType",
    "off": 19377,
    "sff": "cell"
  },
  {
    "docID": "N233 Zhang 2015",
    "et": "StemCellSourceType",
    "off": 21864,
    "sff": "cell"
  },
  {
    "docID": "N233 Zhang 2015",
    "et": "StemCellSourceType",
    "off": 19431,
    "sff": "Cell"
  },
  {
    "docID": "N233 Zhang 2015",
    "et": "StemCellSourceType",
    "off": 2857,
    "sff": "cell"
  },
  {
    "docID": "N233 Zhang 2015",
    "et": "StemCellSourceType",
    "off": 24042,
    "sff": "cell"
  },
  {
    "docID": "N233 Zhang 2015",
    "et": "StemCellSourceType",
    "off": 8672,
    "sff": "cell"
  },
  {
    "docID": "N233 Zhang 2015",
    "et": "StemCellSourceType",
    "off": 25631,
    "sff": "cell"
  },
  {
    "docID": "N233 Zhang 2015",
    "et": "StemCellSourceType",
    "off": 2145,
    "sff": "cell"
  },
  {
    "docID": "N233 Zhang 2015",
    "et": "StemCellSourceType",
    "off": 16226,
    "sff": "cell"
  },
  {
    "docID": "N233 Zhang 2015",
    "et": "StemCellSourceType",
    "off": 2766,
    "sff": "stem"
  },
  {
    "docID": "N233 Zhang 2015",
    "et": "StemCellSourceType",
    "off": 24792,
    "sff": "cell"
  },
  {
    "docID": "N233 Zhang 2015",
    "et": "StemCellSourceType",
    "off": 20882,
    "sff": "stem"
  },
  {
    "docID": "N233 Zhang 2015",
    "et": "StemCellSourceType",
    "off": 467,
    "sff": "stem"
  },
  {
    "docID": "N233 Zhang 2015",
    "et": "StemCellSourceType",
    "off": 18073,
    "sff": "cell"
  },
  {
    "docID": "N233 Zhang 2015",
    "et": "StemCellSourceType",
    "off": 2254,
    "sff": "cell"
  },
  {
    "docID": "N233 Zhang 2015",
    "et": "StemCellSourceType",
    "off": 2065,
    "sff": "cell"
  },
  {
    "docID": "N233 Zhang 2015",
    "et": "StemCellSourceType",
    "off": 2947,
    "sff": "stem"
  },
  {
    "docID": "N233 Zhang 2015",
    "et": "StemCellSourceType",
    "off": 21706,
    "sff": "cell"
  },
  {
    "docID": "N233 Zhang 2015",
    "et": "InVitroExperimentalProcedure",
    "off": 4183,
    "sff": "vitro"
  },
  {
    "docID": "N233 Zhang 2015",
    "et": "MeasurementOfDecreasingTemperature",
    "off": 9050,
    "sff": "Measurement"
  },
  {
    "docID": "N233 Zhang 2015",
    "et": "MeasurementOfDecreasingTemperature",
    "off": 2260,
    "sff": "decreasing"
  },
  {
    "docID": "N233 Zhang 2015",
    "et": "IntraperitonealLocation",
    "off": 7372,
    "sff": "intraperitoneal"
  },
  {
    "docID": "N233 Zhang 2015",
    "et": "AllenWeightDropDevice",
    "off": 7568,
    "sff": "weight"
  },
  {
    "docID": "N233 Zhang 2015",
    "et": "AllenWeightDropDevice",
    "off": 13735,
    "sff": "weight"
  },
  {
    "docID": "N233 Zhang 2015",
    "et": "Cell",
    "off": 2065,
    "sff": "cell"
  },
  {
    "docID": "N233 Zhang 2015",
    "et": "Cell",
    "off": 19377,
    "sff": "cell"
  },
  {
    "docID": "N233 Zhang 2015",
    "et": "Cell",
    "off": 3248,
    "sff": "cell"
  },
  {
    "docID": "N233 Zhang 2015",
    "et": "Cell",
    "off": 3573,
    "sff": "cell"
  },
  {
    "docID": "N233 Zhang 2015",
    "et": "Cell",
    "off": 18932,
    "sff": "cell"
  },
  {
    "docID": "N233 Zhang 2015",
    "et": "Cell",
    "off": 21706,
    "sff": "cell"
  },
  {
    "docID": "N233 Zhang 2015",
    "et": "Cell",
    "off": 24042,
    "sff": "cell"
  },
  {
    "docID": "N233 Zhang 2015",
    "et": "Cell",
    "off": 2857,
    "sff": "cell"
  },
  {
    "docID": "N233 Zhang 2015",
    "et": "Cell",
    "off": 21864,
    "sff": "cell"
  },
  {
    "docID": "N233 Zhang 2015",
    "et": "Cell",
    "off": 2254,
    "sff": "cell"
  },
  {
    "docID": "N233 Zhang 2015",
    "et": "Cell",
    "off": 8260,
    "sff": "Cell"
  },
  {
    "docID": "N233 Zhang 2015",
    "et": "Cell",
    "off": 8642,
    "sff": "cell"
  },
  {
    "docID": "N233 Zhang 2015",
    "et": "Cell",
    "off": 16226,
    "sff": "cell"
  },
  {
    "docID": "N233 Zhang 2015",
    "et": "Cell",
    "off": 19431,
    "sff": "Cell"
  },
  {
    "docID": "N233 Zhang 2015",
    "et": "Cell",
    "off": 2145,
    "sff": "cell"
  },
  {
    "docID": "N233 Zhang 2015",
    "et": "Cell",
    "off": 8672,
    "sff": "cell"
  },
  {
    "docID": "N233 Zhang 2015",
    "et": "Cell",
    "off": 25631,
    "sff": "cell"
  },
  {
    "docID": "N233 Zhang 2015",
    "et": "Cell",
    "off": 8452,
    "sff": "cell"
  },
  {
    "docID": "N233 Zhang 2015",
    "et": "Cell",
    "off": 2426,
    "sff": "cell"
  },
  {
    "docID": "N233 Zhang 2015",
    "et": "Cell",
    "off": 18073,
    "sff": "cell"
  },
  {
    "docID": "N233 Zhang 2015",
    "et": "Cell",
    "off": 24792,
    "sff": "cell"
  },
  {
    "docID": "N233 Zhang 2015",
    "et": "Cell",
    "off": 764,
    "sff": "cell"
  },
  {
    "docID": "N233 Zhang 2015",
    "et": "Cell",
    "off": 18299,
    "sff": "cell"
  },
  {
    "docID": "N233 Zhang 2015",
    "et": "Compound",
    "off": 9375,
    "sff": "compound"
  },
  {
    "docID": "N233 Zhang 2015",
    "et": "HematoxyLinEosin",
    "off": 12575,
    "sff": "hematoxylin"
  },
  {
    "docID": "N233 Zhang 2015",
    "et": "CompleteTransectionType",
    "off": 13556,
    "sff": "complete"
  },
  {
    "docID": "N233 Zhang 2015",
    "et": "CompleteTransectionType",
    "off": 13450,
    "sff": "complete"
  },
  {
    "docID": "N233 Zhang 2015",
    "et": "CompleteTransectionType",
    "off": 1917,
    "sff": "complete"
  },
  {
    "docID": "N233 Zhang 2015",
    "et": "Embryonic",
    "off": 2807,
    "sff": "embryonic"
  },
  {
    "docID": "N233 Zhang 2015",
    "et": "Embryonic",
    "off": 2917,
    "sff": "embryonic"
  },
  {
    "docID": "N233 Zhang 2015",
    "et": "BodyTemperatureMeasurement",
    "off": 9363,
    "sff": "temperature"
  },
  {
    "docID": "N233 Zhang 2015",
    "et": "BodyTemperatureMeasurement",
    "off": 12336,
    "sff": "temperature"
  },
  {
    "docID": "N233 Zhang 2015",
    "et": "BodyTemperatureMeasurement",
    "off": 11866,
    "sff": "temperature"
  },
  {
    "docID": "N233 Zhang 2015",
    "et": "BodyTemperatureMeasurement",
    "off": 9719,
    "sff": "temperature"
  },
  {
    "docID": "N233 Zhang 2015",
    "et": "BodyTemperatureMeasurement",
    "off": 9560,
    "sff": "temperature"
  },
  {
    "docID": "N233 Zhang 2015",
    "et": "AirGunImpactor",
    "off": 9542,
    "sff": "air"
  },
  {
    "docID": "N233 Zhang 2015",
    "et": "AirGunImpactor",
    "off": 11848,
    "sff": "air"
  },
  {
    "docID": "N233 Zhang 2015",
    "et": "PartialTransectionType",
    "off": 1929,
    "sff": "partial"
  },
  {
    "docID": "N233 Zhang 2015",
    "et": "BrainDerivedNeurotrophicFactor",
    "off": 713,
    "sff": "brain-derived neurotrophic factor"
  },
  {
    "docID": "N233 Zhang 2015",
    "et": "BrainDerivedNeurotrophicFactor",
    "off": 713,
    "sff": "brain-derived"
  },
  {
    "docID": "N233 Zhang 2015",
    "et": "BrainDerivedNeurotrophicFactor",
    "off": 3836,
    "sff": "brain-derived neurotrophic factor"
  },
  {
    "docID": "N233 Zhang 2015",
    "et": "BrainDerivedNeurotrophicFactor",
    "off": 3836,
    "sff": "brain-derived"
  },
  {
    "docID": "N233 Zhang 2015",
    "et": "BrainDerivedNeurotrophicFactor",
    "off": 2790,
    "sff": "derived"
  },
  {
    "docID": "N233 Zhang 2015",
    "et": "CompleteInjuryArea",
    "off": 1917,
    "sff": "complete"
  },
  {
    "docID": "N233 Zhang 2015",
    "et": "CompleteInjuryArea",
    "off": 13450,
    "sff": "complete"
  },
  {
    "docID": "N233 Zhang 2015",
    "et": "CompleteInjuryArea",
    "off": 13556,
    "sff": "complete"
  }
]
