[
  {
    "docID": "N236 Akbari",
    "et": "CompleteTransection",
    "off": 6910,
    "sff": "complete"
  },
  {
    "docID": "N236 Akbari",
    "et": "NYUImpactor",
    "off": 6037,
    "sff": "NYU impactor"
  },
  {
    "docID": "N236 Akbari",
    "et": "SubcutaneousLocation",
    "off": 6220,
    "sff": "subcutaneous"
  },
  {
    "docID": "N236 Akbari",
    "et": "DorsalInjuryArea",
    "off": 5885,
    "sff": "dorsal"
  },
  {
    "docID": "N236 Akbari",
    "et": "DorsalInjuryArea",
    "off": 5838,
    "sff": "dorsal"
  },
  {
    "docID": "N236 Akbari",
    "et": "KetamineAsAnaesthetic",
    "off": 5781,
    "sff": "ketamine"
  },
  {
    "docID": "N236 Akbari",
    "et": "WeightDrop",
    "off": 6006,
    "sff": "weight"
  },
  {
    "docID": "N236 Akbari",
    "et": "DorsalHemisection",
    "off": 5885,
    "sff": "dorsal"
  },
  {
    "docID": "N236 Akbari",
    "et": "DorsalHemisection",
    "off": 5838,
    "sff": "dorsal"
  },
  {
    "docID": "N236 Akbari",
    "et": "DeliveryMethod",
    "off": 5699,
    "sff": "delivery"
  },
  {
    "docID": "N236 Akbari",
    "et": "DorsalColumn",
    "off": 5885,
    "sff": "dorsal"
  },
  {
    "docID": "N236 Akbari",
    "et": "DorsalColumn",
    "off": 5838,
    "sff": "dorsal"
  },
  {
    "docID": "N236 Akbari",
    "et": "ChondroitinaseABC",
    "off": 3886,
    "sff": "chondroitinase ABC"
  },
  {
    "docID": "N236 Akbari",
    "et": "ChondroitinaseABC",
    "off": 113,
    "sff": "Chondroitinase ABC"
  },
  {
    "docID": "N236 Akbari",
    "et": "ChondroitinaseABC",
    "off": 11,
    "sff": "chondroitinase ABC"
  },
  {
    "docID": "N236 Akbari",
    "et": "LaminectomyType",
    "off": 5892,
    "sff": "laminectomy"
  },
  {
    "docID": "N236 Akbari",
    "et": "Tissue",
    "off": 17807,
    "sff": "tissue"
  },
  {
    "docID": "N236 Akbari",
    "et": "Tissue",
    "off": 7948,
    "sff": "tissue"
  },
  {
    "docID": "N236 Akbari",
    "et": "Tissue",
    "off": 13926,
    "sff": "Tissue"
  },
  {
    "docID": "N236 Akbari",
    "et": "Tissue",
    "off": 17523,
    "sff": "tissue"
  },
  {
    "docID": "N236 Akbari",
    "et": "Tissue",
    "off": 7984,
    "sff": "tissue"
  },
  {
    "docID": "N236 Akbari",
    "et": "Tissue",
    "off": 17360,
    "sff": "tissue"
  },
  {
    "docID": "N236 Akbari",
    "et": "Tissue",
    "off": 8583,
    "sff": "tissue"
  },
  {
    "docID": "N236 Akbari",
    "et": "Tissue",
    "off": 7590,
    "sff": "tissue"
  },
  {
    "docID": "N236 Akbari",
    "et": "Tissue",
    "off": 12486,
    "sff": "tissue"
  },
  {
    "docID": "N236 Akbari",
    "et": "Tissue",
    "off": 12404,
    "sff": "Tissue"
  },
  {
    "docID": "N236 Akbari",
    "et": "Tissue",
    "off": 15265,
    "sff": "tissue"
  },
  {
    "docID": "N236 Akbari",
    "et": "Tissue",
    "off": 14485,
    "sff": "Tissue"
  },
  {
    "docID": "N236 Akbari",
    "et": "Tissue",
    "off": 9344,
    "sff": "Tissue"
  },
  {
    "docID": "N236 Akbari",
    "et": "Tissue",
    "off": 9210,
    "sff": "tissue"
  },
  {
    "docID": "N236 Akbari",
    "et": "Tissue",
    "off": 13343,
    "sff": "Tissue"
  },
  {
    "docID": "N236 Akbari",
    "et": "InjectionDelivery",
    "off": 5631,
    "sff": "injection"
  },
  {
    "docID": "N236 Akbari",
    "et": "InjectionDelivery",
    "off": 5759,
    "sff": "injection"
  },
  {
    "docID": "N236 Akbari",
    "et": "InjectionDelivery",
    "off": 20746,
    "sff": "injection"
  },
  {
    "docID": "N236 Akbari",
    "et": "InjectionDelivery",
    "off": 662,
    "sff": "injection"
  },
  {
    "docID": "N236 Akbari",
    "et": "InjectionDelivery",
    "off": 5539,
    "sff": "injection"
  },
  {
    "docID": "N236 Akbari",
    "et": "SpinalLesionSite",
    "off": 21438,
    "sff": "lesion site"
  },
  {
    "docID": "N236 Akbari",
    "et": "SpinalLesionSite",
    "off": 2106,
    "sff": "lesion"
  },
  {
    "docID": "N236 Akbari",
    "et": "SpinalLesionSite",
    "off": 15635,
    "sff": "lesion site"
  },
  {
    "docID": "N236 Akbari",
    "et": "SpinalLesionSite",
    "off": 16322,
    "sff": "lesion site"
  },
  {
    "docID": "N236 Akbari",
    "et": "SpinalLesionSite",
    "off": 19980,
    "sff": "lesion site"
  },
  {
    "docID": "N236 Akbari",
    "et": "Weight",
    "off": 4961,
    "sff": "220–250 g"
  },
  {
    "docID": "N236 Akbari",
    "et": "Weight",
    "off": 6001,
    "sff": "10 g"
  },
  {
    "docID": "N236 Akbari",
    "et": "Weight",
    "off": 516,
    "sff": "220–250 g"
  },
  {
    "docID": "N236 Akbari",
    "et": "Weight",
    "off": 8950,
    "sff": "80 mg"
  },
  {
    "docID": "N236 Akbari",
    "et": "T9",
    "off": 5928,
    "sff": "T9"
  },
  {
    "docID": "N236 Akbari",
    "et": "AnimalSpecies",
    "off": 17766,
    "sff": "species"
  },
  {
    "docID": "N236 Akbari",
    "et": "AnimalSpecies",
    "off": 3000,
    "sff": "species"
  },
  {
    "docID": "N236 Akbari",
    "et": "Xylazine",
    "off": 5802,
    "sff": "xylazine"
  },
  {
    "docID": "N236 Akbari",
    "et": "CompoundBiologicalRelation",
    "off": 4286,
    "sff": "compound"
  },
  {
    "docID": "N236 Akbari",
    "et": "Contusion",
    "off": 20800,
    "sff": "contusion"
  },
  {
    "docID": "N236 Akbari",
    "et": "Contusion",
    "off": 12041,
    "sff": "Contusion"
  },
  {
    "docID": "N236 Akbari",
    "et": "Contusion",
    "off": 16661,
    "sff": "contusion"
  },
  {
    "docID": "N236 Akbari",
    "et": "Contusion",
    "off": 18452,
    "sff": "contusion"
  },
  {
    "docID": "N236 Akbari",
    "et": "Contusion",
    "off": 5961,
    "sff": "contusion"
  },
  {
    "docID": "N236 Akbari",
    "et": "Contusion",
    "off": 4858,
    "sff": "contusion"
  },
  {
    "docID": "N236 Akbari",
    "et": "Saline",
    "off": 692,
    "sff": "saline"
  },
  {
    "docID": "N236 Akbari",
    "et": "Saline",
    "off": 5482,
    "sff": "saline"
  },
  {
    "docID": "N236 Akbari",
    "et": "Dosage",
    "off": 6086,
    "sff": "6 μl"
  },
  {
    "docID": "N236 Akbari",
    "et": "Dosage",
    "off": 8964,
    "sff": "10 ml"
  },
  {
    "docID": "N236 Akbari",
    "et": "Dosage",
    "off": 520,
    "sff": "250 g"
  },
  {
    "docID": "N236 Akbari",
    "et": "Dosage",
    "off": 4965,
    "sff": "250 g"
  },
  {
    "docID": "N236 Akbari",
    "et": "Dosage",
    "off": 6378,
    "sff": "12 mg/kg"
  },
  {
    "docID": "N236 Akbari",
    "et": "Dosage",
    "off": 8364,
    "sff": "3500 ×g"
  },
  {
    "docID": "N236 Akbari",
    "et": "Dosage",
    "off": 8171,
    "sff": "300 μl"
  },
  {
    "docID": "N236 Akbari",
    "et": "Dosage",
    "off": 5794,
    "sff": "5 mg/kg"
  },
  {
    "docID": "N236 Akbari",
    "et": "Dosage",
    "off": 6030,
    "sff": "25 mm"
  },
  {
    "docID": "N236 Akbari",
    "et": "Dosage",
    "off": 8137,
    "sff": "150 μl"
  },
  {
    "docID": "N236 Akbari",
    "et": "Dosage",
    "off": 7446,
    "sff": "15000 ×g"
  },
  {
    "docID": "N236 Akbari",
    "et": "Dosage",
    "off": 8655,
    "sff": "150 μl"
  },
  {
    "docID": "N236 Akbari",
    "et": "Dosage",
    "off": 5772,
    "sff": "50 mg/kg"
  },
  {
    "docID": "N236 Akbari",
    "et": "Dosage",
    "off": 6100,
    "sff": "10 U/ml"
  },
  {
    "docID": "N236 Akbari",
    "et": "Dosage",
    "off": 8918,
    "sff": "300 μl"
  },
  {
    "docID": "N236 Akbari",
    "et": "Dosage",
    "off": 9673,
    "sff": "15000 ×g"
  },
  {
    "docID": "N236 Akbari",
    "et": "Dosage",
    "off": 9429,
    "sff": "0.5%"
  },
  {
    "docID": "N236 Akbari",
    "et": "Dosage",
    "off": 8950,
    "sff": "80 mg"
  },
  {
    "docID": "N236 Akbari",
    "et": "Dosage",
    "off": 8895,
    "sff": "200 μl"
  },
  {
    "docID": "N236 Akbari",
    "et": "Dosage",
    "off": 7366,
    "sff": "1%"
  },
  {
    "docID": "N236 Akbari",
    "et": "Dosage",
    "off": 8829,
    "sff": "15000 ×g"
  },
  {
    "docID": "N236 Akbari",
    "et": "Dosage",
    "off": 8731,
    "sff": "75 μl"
  },
  {
    "docID": "N236 Akbari",
    "et": "Dosage",
    "off": 9845,
    "sff": "0.167 mg/ml"
  },
  {
    "docID": "N236 Akbari",
    "et": "Dosage",
    "off": 6001,
    "sff": "10 g"
  },
  {
    "docID": "N236 Akbari",
    "et": "Dosage",
    "off": 9405,
    "sff": "50 mM"
  },
  {
    "docID": "N236 Akbari",
    "et": "Intrathecal",
    "off": 650,
    "sff": "intrathecal"
  },
  {
    "docID": "N236 Akbari",
    "et": "Intrathecal",
    "off": 5527,
    "sff": "intrathecal"
  },
  {
    "docID": "N236 Akbari",
    "et": "BladderExpression",
    "off": 6482,
    "sff": "bladder"
  },
  {
    "docID": "N236 Akbari",
    "et": "BladderExpression",
    "off": 6422,
    "sff": "Bladder expression"
  },
  {
    "docID": "N236 Akbari",
    "et": "PBS",
    "off": 13291,
    "sff": "PBS"
  },
  {
    "docID": "N236 Akbari",
    "et": "PBS",
    "off": 15076,
    "sff": "PBS"
  },
  {
    "docID": "N236 Akbari",
    "et": "PBS",
    "off": 5490,
    "sff": "PBS"
  },
  {
    "docID": "N236 Akbari",
    "et": "PBS",
    "off": 14258,
    "sff": "PBS"
  },
  {
    "docID": "N236 Akbari",
    "et": "PBS",
    "off": 5552,
    "sff": "PBS"
  },
  {
    "docID": "N236 Akbari",
    "et": "PBS",
    "off": 12718,
    "sff": "PBS"
  },
  {
    "docID": "N236 Akbari",
    "et": "PBS",
    "off": 14830,
    "sff": "PBS"
  },
  {
    "docID": "N236 Akbari",
    "et": "PBS",
    "off": 6124,
    "sff": "PBS"
  },
  {
    "docID": "N236 Akbari",
    "et": "PBS",
    "off": 12908,
    "sff": "PBS"
  },
  {
    "docID": "N236 Akbari",
    "et": "PBS",
    "off": 13209,
    "sff": "PBS"
  },
  {
    "docID": "N236 Akbari",
    "et": "PBS",
    "off": 7351,
    "sff": "PBS"
  },
  {
    "docID": "N236 Akbari",
    "et": "PBS",
    "off": 13751,
    "sff": "PBS"
  },
  {
    "docID": "N236 Akbari",
    "et": "PBS",
    "off": 704,
    "sff": "PBS"
  },
  {
    "docID": "N236 Akbari",
    "et": "PBS",
    "off": 14433,
    "sff": "PBS"
  },
  {
    "docID": "N236 Akbari",
    "et": "PBS",
    "off": 7164,
    "sff": "PBS"
  },
  {
    "docID": "N236 Akbari",
    "et": "PBS",
    "off": 12317,
    "sff": "PBS"
  },
  {
    "docID": "N236 Akbari",
    "et": "Proliferation",
    "off": 16214,
    "sff": "proliferation"
  },
  {
    "docID": "N236 Akbari",
    "et": "Duration",
    "off": 9046,
    "sff": "45 min"
  },
  {
    "docID": "N236 Akbari",
    "et": "Duration",
    "off": 11599,
    "sff": "3 and 1 d"
  },
  {
    "docID": "N236 Akbari",
    "et": "Duration",
    "off": 10605,
    "sff": "7 d"
  },
  {
    "docID": "N236 Akbari",
    "et": "Duration",
    "off": 957,
    "sff": "3 and 7 days"
  },
  {
    "docID": "N236 Akbari",
    "et": "Duration",
    "off": 7037,
    "sff": "3 and 7 days"
  },
  {
    "docID": "N236 Akbari",
    "et": "Duration",
    "off": 10910,
    "sff": "3 and 7 d"
  },
  {
    "docID": "N236 Akbari",
    "et": "Duration",
    "off": 15954,
    "sff": "24 hr"
  },
  {
    "docID": "N236 Akbari",
    "et": "Duration",
    "off": 8293,
    "sff": "60 min"
  },
  {
    "docID": "N236 Akbari",
    "et": "Duration",
    "off": 12610,
    "sff": "1 day"
  },
  {
    "docID": "N236 Akbari",
    "et": "Duration",
    "off": 6129,
    "sff": "0.1 M"
  },
  {
    "docID": "N236 Akbari",
    "et": "Duration",
    "off": 10902,
    "sff": "4 h"
  },
  {
    "docID": "N236 Akbari",
    "et": "Duration",
    "off": 13556,
    "sff": "1 day"
  },
  {
    "docID": "N236 Akbari",
    "et": "Duration",
    "off": 8842,
    "sff": "20 min"
  },
  {
    "docID": "N236 Akbari",
    "et": "Duration",
    "off": 7459,
    "sff": "20 min"
  },
  {
    "docID": "N236 Akbari",
    "et": "Duration",
    "off": 12570,
    "sff": "4 hr"
  },
  {
    "docID": "N236 Akbari",
    "et": "Duration",
    "off": 8710,
    "sff": "0.3 M"
  },
  {
    "docID": "N236 Akbari",
    "et": "Duration",
    "off": 12852,
    "sff": "1 and 3 day"
  },
  {
    "docID": "N236 Akbari",
    "et": "Duration",
    "off": 8724,
    "sff": "5 min"
  },
  {
    "docID": "N236 Akbari",
    "et": "Duration",
    "off": 14935,
    "sff": "4 hr"
  },
  {
    "docID": "N236 Akbari",
    "et": "Duration",
    "off": 14941,
    "sff": "1 and 7 days"
  },
  {
    "docID": "N236 Akbari",
    "et": "Duration",
    "off": 9686,
    "sff": "20 min"
  },
  {
    "docID": "N236 Akbari",
    "et": "Duration",
    "off": 13042,
    "sff": "1 day"
  },
  {
    "docID": "N236 Akbari",
    "et": "Duration",
    "off": 15766,
    "sff": "4 hr and 1 day"
  },
  {
    "docID": "N236 Akbari",
    "et": "Duration",
    "off": 18139,
    "sff": "5 min"
  },
  {
    "docID": "N236 Akbari",
    "et": "Duration",
    "off": 12846,
    "sff": "4 hr"
  },
  {
    "docID": "N236 Akbari",
    "et": "Duration",
    "off": 1202,
    "sff": "7 days"
  },
  {
    "docID": "N236 Akbari",
    "et": "Duration",
    "off": 13675,
    "sff": "4 hr"
  },
  {
    "docID": "N236 Akbari",
    "et": "Duration",
    "off": 20199,
    "sff": "3 days"
  },
  {
    "docID": "N236 Akbari",
    "et": "Duration",
    "off": 6685,
    "sff": "3 and 7 days"
  },
  {
    "docID": "N236 Akbari",
    "et": "Duration",
    "off": 8974,
    "sff": "1 M"
  },
  {
    "docID": "N236 Akbari",
    "et": "Duration",
    "off": 14685,
    "sff": "1 day"
  },
  {
    "docID": "N236 Akbari",
    "et": "Duration",
    "off": 12140,
    "sff": "3 days"
  },
  {
    "docID": "N236 Akbari",
    "et": "Duration",
    "off": 12118,
    "sff": "1 day"
  },
  {
    "docID": "N236 Akbari",
    "et": "Duration",
    "off": 11509,
    "sff": "4 h"
  },
  {
    "docID": "N236 Akbari",
    "et": "Duration",
    "off": 11524,
    "sff": "7 d"
  },
  {
    "docID": "N236 Akbari",
    "et": "Duration",
    "off": 10986,
    "sff": "4 h and 1 d"
  },
  {
    "docID": "N236 Akbari",
    "et": "Duration",
    "off": 20167,
    "sff": "3 hr"
  },
  {
    "docID": "N236 Akbari",
    "et": "Duration",
    "off": 948,
    "sff": "4 hr"
  },
  {
    "docID": "N236 Akbari",
    "et": "Duration",
    "off": 7028,
    "sff": "4 hr"
  },
  {
    "docID": "N236 Akbari",
    "et": "Duration",
    "off": 8376,
    "sff": "10 min"
  },
  {
    "docID": "N236 Akbari",
    "et": "LesionAdjacentTissue",
    "off": 15635,
    "sff": "lesion"
  },
  {
    "docID": "N236 Akbari",
    "et": "LesionAdjacentTissue",
    "off": 2106,
    "sff": "lesion"
  },
  {
    "docID": "N236 Akbari",
    "et": "LesionAdjacentTissue",
    "off": 21438,
    "sff": "lesion"
  },
  {
    "docID": "N236 Akbari",
    "et": "LesionAdjacentTissue",
    "off": 19980,
    "sff": "lesion"
  },
  {
    "docID": "N236 Akbari",
    "et": "LesionAdjacentTissue",
    "off": 16322,
    "sff": "lesion"
  },
  {
    "docID": "N236 Akbari",
    "et": "WistarRat",
    "off": 4948,
    "sff": "Wistar rats"
  },
  {
    "docID": "N236 Akbari",
    "et": "WistarRat",
    "off": 4948,
    "sff": "Wistar"
  },
  {
    "docID": "N236 Akbari",
    "et": "Matrix",
    "off": 3086,
    "sff": "matrix"
  },
  {
    "docID": "N236 Akbari",
    "et": "InjuryArea",
    "off": 2144,
    "sff": "area"
  },
  {
    "docID": "N236 Akbari",
    "et": "InjuryArea",
    "off": 7106,
    "sff": "area"
  },
  {
    "docID": "N236 Akbari",
    "et": "InjuryArea",
    "off": 3165,
    "sff": "area"
  },
  {
    "docID": "N236 Akbari",
    "et": "InjuryArea",
    "off": 3700,
    "sff": "area"
  },
  {
    "docID": "N236 Akbari",
    "et": "InjuryArea",
    "off": 13443,
    "sff": "area"
  },
  {
    "docID": "N236 Akbari",
    "et": "MedicationDuringSurgery",
    "off": 9795,
    "sff": "during"
  },
  {
    "docID": "N236 Akbari",
    "et": "Ketamine",
    "off": 5781,
    "sff": "ketamine"
  },
  {
    "docID": "N236 Akbari",
    "et": "DNA",
    "off": 19187,
    "sff": "DNA"
  },
  {
    "docID": "N236 Akbari",
    "et": "Laminectomy",
    "off": 5892,
    "sff": "laminectomy"
  },
  {
    "docID": "N236 Akbari",
    "et": "MeasurementOfIncreasingTemperature",
    "off": 7933,
    "sff": "Measurement"
  },
  {
    "docID": "N236 Akbari",
    "et": "MeasurementOfIncreasingTemperature",
    "off": 9195,
    "sff": "Measurement"
  },
  {
    "docID": "N236 Akbari",
    "et": "MeasurementOfIncreasingTemperature",
    "off": 8568,
    "sff": "Measurement"
  },
  {
    "docID": "N236 Akbari",
    "et": "MeasurementOfIncreasingTemperature",
    "off": 7575,
    "sff": "Measurement"
  },
  {
    "docID": "N236 Akbari",
    "et": "ContusionType",
    "off": 20800,
    "sff": "contusion"
  },
  {
    "docID": "N236 Akbari",
    "et": "ContusionType",
    "off": 16661,
    "sff": "contusion"
  },
  {
    "docID": "N236 Akbari",
    "et": "ContusionType",
    "off": 18452,
    "sff": "contusion"
  },
  {
    "docID": "N236 Akbari",
    "et": "ContusionType",
    "off": 12041,
    "sff": "Contusion"
  },
  {
    "docID": "N236 Akbari",
    "et": "ContusionType",
    "off": 5961,
    "sff": "contusion"
  },
  {
    "docID": "N236 Akbari",
    "et": "ContusionType",
    "off": 4858,
    "sff": "contusion"
  },
  {
    "docID": "N236 Akbari",
    "et": "CompoundSupplier",
    "off": 4286,
    "sff": "compound"
  },
  {
    "docID": "N236 Akbari",
    "et": "Protein",
    "off": 7924,
    "sff": "protein"
  },
  {
    "docID": "N236 Akbari",
    "et": "Protein",
    "off": 10068,
    "sff": "protein"
  },
  {
    "docID": "N236 Akbari",
    "et": "Protein",
    "off": 9186,
    "sff": "protein"
  },
  {
    "docID": "N236 Akbari",
    "et": "Protein",
    "off": 8784,
    "sff": "protein"
  },
  {
    "docID": "N236 Akbari",
    "et": "Protein",
    "off": 8559,
    "sff": "protein"
  },
  {
    "docID": "N236 Akbari",
    "et": "GlialCell",
    "off": 3513,
    "sff": "glial"
  },
  {
    "docID": "N236 Akbari",
    "et": "GlialCell",
    "off": 2840,
    "sff": "glial"
  },
  {
    "docID": "N236 Akbari",
    "et": "GlialCell",
    "off": 3725,
    "sff": "glial"
  },
  {
    "docID": "N236 Akbari",
    "et": "GlialCell",
    "off": 2047,
    "sff": "glial"
  },
  {
    "docID": "N236 Akbari",
    "et": "GlialCell",
    "off": 3666,
    "sff": "glial"
  },
  {
    "docID": "N236 Akbari",
    "et": "GlialCell",
    "off": 16233,
    "sff": "glial cell"
  },
  {
    "docID": "N236 Akbari",
    "et": "ImmuneCell",
    "off": 2535,
    "sff": "immune"
  },
  {
    "docID": "N236 Akbari",
    "et": "NucleicAcid",
    "off": 17966,
    "sff": "nucleic"
  },
  {
    "docID": "N236 Akbari",
    "et": "NucleicAcid",
    "off": 3053,
    "sff": "nucleic"
  },
  {
    "docID": "N236 Akbari",
    "et": "PostSurgeryCondition",
    "off": 12686,
    "sff": "post-surgery"
  },
  {
    "docID": "N236 Akbari",
    "et": "PostSurgeryCondition",
    "off": 14697,
    "sff": "surgery"
  },
  {
    "docID": "N236 Akbari",
    "et": "RatSpecies",
    "off": 464,
    "sff": "rat"
  },
  {
    "docID": "N236 Akbari",
    "et": "SodiumPentobarbital",
    "off": 9093,
    "sff": "Sodium"
  },
  {
    "docID": "N236 Akbari",
    "et": "SodiumPentobarbital",
    "off": 8692,
    "sff": "sodium"
  },
  {
    "docID": "N236 Akbari",
    "et": "Enzyme",
    "off": 5575,
    "sff": "Enzyme"
  },
  {
    "docID": "N236 Akbari",
    "et": "Enzyme",
    "off": 3879,
    "sff": "enzyme"
  },
  {
    "docID": "N236 Akbari",
    "et": "Enzyme",
    "off": 19862,
    "sff": "enzyme"
  },
  {
    "docID": "N236 Akbari",
    "et": "Enzyme",
    "off": 20226,
    "sff": "enzyme"
  },
  {
    "docID": "N236 Akbari",
    "et": "Enzyme",
    "off": 18736,
    "sff": "enzyme"
  },
  {
    "docID": "N236 Akbari",
    "et": "Enzyme",
    "off": 16397,
    "sff": "enzyme"
  },
  {
    "docID": "N236 Akbari",
    "et": "Enzyme",
    "off": 20700,
    "sff": "enzyme"
  },
  {
    "docID": "N236 Akbari",
    "et": "NewZealandRabbit",
    "off": 16717,
    "sff": "new"
  },
  {
    "docID": "N236 Akbari",
    "et": "SigmaAldrich",
    "off": 9858,
    "sff": "Sigma"
  },
  {
    "docID": "N236 Akbari",
    "et": "SigmaAldrich",
    "off": 8463,
    "sff": "Sigma"
  },
  {
    "docID": "N236 Akbari",
    "et": "SigmaAldrich",
    "off": 8979,
    "sff": "Sigma"
  },
  {
    "docID": "N236 Akbari",
    "et": "SigmaAldrich",
    "off": 8233,
    "sff": "Sigma"
  },
  {
    "docID": "N236 Akbari",
    "et": "SigmaAldrich",
    "off": 7399,
    "sff": "Sigma"
  },
  {
    "docID": "N236 Akbari",
    "et": "SigmaAldrich",
    "off": 6109,
    "sff": "Sigma"
  },
  {
    "docID": "N236 Akbari",
    "et": "SigmaAldrich",
    "off": 8205,
    "sff": "Sigma"
  },
  {
    "docID": "N236 Akbari",
    "et": "SigmaAldrich",
    "off": 9470,
    "sff": "Sigma"
  },
  {
    "docID": "N236 Akbari",
    "et": "T10",
    "off": 5931,
    "sff": "T10"
  },
  {
    "docID": "N236 Akbari",
    "et": "Thoracic",
    "off": 5935,
    "sff": "thoracic"
  },
  {
    "docID": "N236 Akbari",
    "et": "Thoracic",
    "off": 16652,
    "sff": "thoracic"
  },
  {
    "docID": "N236 Akbari",
    "et": "StemCellSourceType",
    "off": 15205,
    "sff": "cell"
  },
  {
    "docID": "N236 Akbari",
    "et": "StemCellSourceType",
    "off": 2733,
    "sff": "cell"
  },
  {
    "docID": "N236 Akbari",
    "et": "StemCellSourceType",
    "off": 21532,
    "sff": "cell"
  },
  {
    "docID": "N236 Akbari",
    "et": "StemCellSourceType",
    "off": 16239,
    "sff": "cell"
  },
  {
    "docID": "N236 Akbari",
    "et": "InVitroExperimentalProcedure",
    "off": 5011,
    "sff": "Experimental"
  },
  {
    "docID": "N236 Akbari",
    "et": "InVitroExperimentalProcedure",
    "off": 4156,
    "sff": "experimental"
  },
  {
    "docID": "N236 Akbari",
    "et": "InVitroExperimentalProcedure",
    "off": 17122,
    "sff": "vitro"
  },
  {
    "docID": "N236 Akbari",
    "et": "InVitroExperimentalProcedure",
    "off": 4917,
    "sff": "experimental"
  },
  {
    "docID": "N236 Akbari",
    "et": "InVitroExperimentalProcedure",
    "off": 4020,
    "sff": "vitro"
  },
  {
    "docID": "N236 Akbari",
    "et": "MeasurementOfDecreasingTemperature",
    "off": 7575,
    "sff": "Measurement"
  },
  {
    "docID": "N236 Akbari",
    "et": "MeasurementOfDecreasingTemperature",
    "off": 8568,
    "sff": "Measurement"
  },
  {
    "docID": "N236 Akbari",
    "et": "MeasurementOfDecreasingTemperature",
    "off": 9195,
    "sff": "Measurement"
  },
  {
    "docID": "N236 Akbari",
    "et": "MeasurementOfDecreasingTemperature",
    "off": 7933,
    "sff": "Measurement"
  },
  {
    "docID": "N236 Akbari",
    "et": "AllenWeightDropDevice",
    "off": 6006,
    "sff": "weight"
  },
  {
    "docID": "N236 Akbari",
    "et": "Cell",
    "off": 15205,
    "sff": "cell"
  },
  {
    "docID": "N236 Akbari",
    "et": "Cell",
    "off": 2733,
    "sff": "cell"
  },
  {
    "docID": "N236 Akbari",
    "et": "Cell",
    "off": 21532,
    "sff": "cell"
  },
  {
    "docID": "N236 Akbari",
    "et": "Cell",
    "off": 16239,
    "sff": "cell"
  },
  {
    "docID": "N236 Akbari",
    "et": "SpinalDorsalHalf",
    "off": 5885,
    "sff": "dorsal"
  },
  {
    "docID": "N236 Akbari",
    "et": "SpinalDorsalHalf",
    "off": 5838,
    "sff": "dorsal"
  },
  {
    "docID": "N236 Akbari",
    "et": "Compound",
    "off": 4286,
    "sff": "compound"
  },
  {
    "docID": "N236 Akbari",
    "et": "17BetaEstradiolE2",
    "off": 10027,
    "sff": "17"
  },
  {
    "docID": "N236 Akbari",
    "et": "CompleteTransectionType",
    "off": 6910,
    "sff": "complete"
  },
  {
    "docID": "N236 Akbari",
    "et": "Water",
    "off": 6575,
    "sff": "water"
  },
  {
    "docID": "N236 Akbari",
    "et": "Water",
    "off": 5171,
    "sff": "water"
  },
  {
    "docID": "N236 Akbari",
    "et": "Water",
    "off": 8283,
    "sff": "water"
  },
  {
    "docID": "N236 Akbari",
    "et": "ExperimentalProcedure",
    "off": 4156,
    "sff": "experimental"
  },
  {
    "docID": "N236 Akbari",
    "et": "ExperimentalProcedure",
    "off": 5011,
    "sff": "Experimental"
  },
  {
    "docID": "N236 Akbari",
    "et": "ExperimentalProcedure",
    "off": 4917,
    "sff": "experimental"
  },
  {
    "docID": "N236 Akbari",
    "et": "BodyTemperatureMeasurement",
    "off": 8323,
    "sff": "temperature"
  },
  {
    "docID": "N236 Akbari",
    "et": "BodyTemperatureMeasurement",
    "off": 6532,
    "sff": "temperature"
  },
  {
    "docID": "N236 Akbari",
    "et": "BrainDerivedNeurotrophicFactor",
    "off": 16819,
    "sff": "derived"
  },
  {
    "docID": "N236 Akbari",
    "et": "BrainDerivedNeurotrophicFactor",
    "off": 4225,
    "sff": "derived"
  },
  {
    "docID": "N236 Akbari",
    "et": "CompleteInjuryArea",
    "off": 6910,
    "sff": "complete"
  }
]
