[
  {
    "docID": "N241 Pan",
    "et": "CompleteTransection",
    "off": 7027,
    "sff": "complete transection"
  },
  {
    "docID": "N241 Pan",
    "et": "CompleteTransection",
    "off": 8643,
    "sff": "complete transection"
  },
  {
    "docID": "N241 Pan",
    "et": "CompleteTransection",
    "off": 18302,
    "sff": "complete"
  },
  {
    "docID": "N241 Pan",
    "et": "CompleteTransection",
    "off": 6832,
    "sff": "complete transection"
  },
  {
    "docID": "N241 Pan",
    "et": "CompleteTransection",
    "off": 6927,
    "sff": "complete transection"
  },
  {
    "docID": "N241 Pan",
    "et": "CompleteTransection",
    "off": 7198,
    "sff": "complete transection"
  },
  {
    "docID": "N241 Pan",
    "et": "CompleteTransection",
    "off": 14156,
    "sff": "complete transection"
  },
  {
    "docID": "N241 Pan",
    "et": "CompleteTransection",
    "off": 18028,
    "sff": "complete transection"
  },
  {
    "docID": "N241 Pan",
    "et": "CompleteTransection",
    "off": 17908,
    "sff": "complete transection"
  },
  {
    "docID": "N241 Pan",
    "et": "Ethanol",
    "off": 5977,
    "sff": "ethanol"
  },
  {
    "docID": "N241 Pan",
    "et": "Ethanol",
    "off": 6147,
    "sff": "ethanol"
  },
  {
    "docID": "N241 Pan",
    "et": "CuttingDevice",
    "off": 8087,
    "sff": "cutting"
  },
  {
    "docID": "N241 Pan",
    "et": "DorsalInjuryArea",
    "off": 7576,
    "sff": "dorsal area"
  },
  {
    "docID": "N241 Pan",
    "et": "SuperficialDelivery",
    "off": 7818,
    "sff": "superficial"
  },
  {
    "docID": "N241 Pan",
    "et": "ChloralHydrate",
    "off": 7456,
    "sff": "chloral hydrate"
  },
  {
    "docID": "N241 Pan",
    "et": "WeightDrop",
    "off": 7488,
    "sff": "weight"
  },
  {
    "docID": "N241 Pan",
    "et": "WeightDrop",
    "off": 5480,
    "sff": "weight"
  },
  {
    "docID": "N241 Pan",
    "et": "DorsalHemisection",
    "off": 7576,
    "sff": "dorsal"
  },
  {
    "docID": "N241 Pan",
    "et": "DeliveryMethod",
    "off": 21148,
    "sff": "delivery"
  },
  {
    "docID": "N241 Pan",
    "et": "Rostral",
    "off": 10659,
    "sff": "rostral"
  },
  {
    "docID": "N241 Pan",
    "et": "DorsalColumn",
    "off": 7576,
    "sff": "dorsal"
  },
  {
    "docID": "N241 Pan",
    "et": "ChondroitinaseABC",
    "off": 2267,
    "sff": "Chondroitinase ABC"
  },
  {
    "docID": "N241 Pan",
    "et": "ChondroitinaseABC",
    "off": 39,
    "sff": "chondroitinase ABC"
  },
  {
    "docID": "N241 Pan",
    "et": "Left",
    "off": 10263,
    "sff": "left"
  },
  {
    "docID": "N241 Pan",
    "et": "Left",
    "off": 10416,
    "sff": "left"
  },
  {
    "docID": "N241 Pan",
    "et": "SubstanceApplicationLocation",
    "off": 4522,
    "sff": "application"
  },
  {
    "docID": "N241 Pan",
    "et": "LaminectomyType",
    "off": 6728,
    "sff": "laminectomy"
  },
  {
    "docID": "N241 Pan",
    "et": "LaminectomyType",
    "off": 6813,
    "sff": "laminectomy"
  },
  {
    "docID": "N241 Pan",
    "et": "Tissue",
    "off": 10838,
    "sff": "Tissue"
  },
  {
    "docID": "N241 Pan",
    "et": "Tissue",
    "off": 10925,
    "sff": "Tissue"
  },
  {
    "docID": "N241 Pan",
    "et": "Tissue",
    "off": 3570,
    "sff": "tissue"
  },
  {
    "docID": "N241 Pan",
    "et": "Tissue",
    "off": 3205,
    "sff": "tissue"
  },
  {
    "docID": "N241 Pan",
    "et": "Tissue",
    "off": 22040,
    "sff": "tissue"
  },
  {
    "docID": "N241 Pan",
    "et": "Tissue",
    "off": 4893,
    "sff": "tissue"
  },
  {
    "docID": "N241 Pan",
    "et": "Tissue",
    "off": 10178,
    "sff": "Tissue"
  },
  {
    "docID": "N241 Pan",
    "et": "ChinaShenyangSunshinePharmaceuticalCompany",
    "off": 5616,
    "sff": "China"
  },
  {
    "docID": "N241 Pan",
    "et": "CatSpecies",
    "off": 21306,
    "sff": "cat"
  },
  {
    "docID": "N241 Pan",
    "et": "InjectionDelivery",
    "off": 7062,
    "sff": "injection"
  },
  {
    "docID": "N241 Pan",
    "et": "InjectionDelivery",
    "off": 21174,
    "sff": "injection"
  },
  {
    "docID": "N241 Pan",
    "et": "Weight",
    "off": 5490,
    "sff": "250±20 g"
  },
  {
    "docID": "N241 Pan",
    "et": "T8",
    "off": 8226,
    "sff": "T8"
  },
  {
    "docID": "N241 Pan",
    "et": "T9",
    "off": 8152,
    "sff": "T9"
  },
  {
    "docID": "N241 Pan",
    "et": "T9",
    "off": 7767,
    "sff": "T9"
  },
  {
    "docID": "N241 Pan",
    "et": "T9",
    "off": 8288,
    "sff": "T9"
  },
  {
    "docID": "N241 Pan",
    "et": "T9",
    "off": 7621,
    "sff": "T9"
  },
  {
    "docID": "N241 Pan",
    "et": "CompoundBiologicalRelation",
    "off": 2106,
    "sff": "biological"
  },
  {
    "docID": "N241 Pan",
    "et": "Scissors",
    "off": 8616,
    "sff": "scissors"
  },
  {
    "docID": "N241 Pan",
    "et": "Scissors",
    "off": 8130,
    "sff": "scissors"
  },
  {
    "docID": "N241 Pan",
    "et": "Scissors",
    "off": 8400,
    "sff": "scissors"
  },
  {
    "docID": "N241 Pan",
    "et": "Scissors",
    "off": 7969,
    "sff": "scissors"
  },
  {
    "docID": "N241 Pan",
    "et": "AnimalCareCondition",
    "off": 6580,
    "sff": "Care"
  },
  {
    "docID": "N241 Pan",
    "et": "Contusion",
    "off": 3064,
    "sff": "contusion"
  },
  {
    "docID": "N241 Pan",
    "et": "Saline",
    "off": 16312,
    "sff": "Saline"
  },
  {
    "docID": "N241 Pan",
    "et": "Saline",
    "off": 13014,
    "sff": "Saline"
  },
  {
    "docID": "N241 Pan",
    "et": "Saline",
    "off": 12311,
    "sff": "Saline"
  },
  {
    "docID": "N241 Pan",
    "et": "Saline",
    "off": 13531,
    "sff": "Saline"
  },
  {
    "docID": "N241 Pan",
    "et": "Saline",
    "off": 13851,
    "sff": "Saline"
  },
  {
    "docID": "N241 Pan",
    "et": "Saline",
    "off": 6789,
    "sff": "saline"
  },
  {
    "docID": "N241 Pan",
    "et": "Saline",
    "off": 6884,
    "sff": "saline"
  },
  {
    "docID": "N241 Pan",
    "et": "Saline",
    "off": 15646,
    "sff": "Saline"
  },
  {
    "docID": "N241 Pan",
    "et": "Saline",
    "off": 17694,
    "sff": "Saline"
  },
  {
    "docID": "N241 Pan",
    "et": "Saline",
    "off": 8831,
    "sff": "saline"
  },
  {
    "docID": "N241 Pan",
    "et": "Saline",
    "off": 13346,
    "sff": "Saline"
  },
  {
    "docID": "N241 Pan",
    "et": "Saline",
    "off": 17410,
    "sff": "Saline"
  },
  {
    "docID": "N241 Pan",
    "et": "Saline",
    "off": 8812,
    "sff": "saline"
  },
  {
    "docID": "N241 Pan",
    "et": "Saline",
    "off": 10342,
    "sff": "saline"
  },
  {
    "docID": "N241 Pan",
    "et": "Saline",
    "off": 9365,
    "sff": "saline"
  },
  {
    "docID": "N241 Pan",
    "et": "Saline",
    "off": 14036,
    "sff": "Saline"
  },
  {
    "docID": "N241 Pan",
    "et": "Saline",
    "off": 17011,
    "sff": "Saline"
  },
  {
    "docID": "N241 Pan",
    "et": "Dosage",
    "off": 10475,
    "sff": "250 mL"
  },
  {
    "docID": "N241 Pan",
    "et": "Dosage",
    "off": 10333,
    "sff": "50 mL"
  },
  {
    "docID": "N241 Pan",
    "et": "Dosage",
    "off": 7259,
    "sff": "6 µL"
  },
  {
    "docID": "N241 Pan",
    "et": "Dosage",
    "off": 8975,
    "sff": "10 U/mL"
  },
  {
    "docID": "N241 Pan",
    "et": "Dosage",
    "off": 9197,
    "sff": "6 µL"
  },
  {
    "docID": "N241 Pan",
    "et": "Dosage",
    "off": 7274,
    "sff": "10 U/mL"
  },
  {
    "docID": "N241 Pan",
    "et": "Dosage",
    "off": 6426,
    "sff": "2 mm"
  },
  {
    "docID": "N241 Pan",
    "et": "Dosage",
    "off": 9212,
    "sff": "10 U/mL"
  },
  {
    "docID": "N241 Pan",
    "et": "Dosage",
    "off": 5494,
    "sff": "20 g"
  },
  {
    "docID": "N241 Pan",
    "et": "Dosage",
    "off": 7473,
    "sff": "300 mg/kg body weight"
  },
  {
    "docID": "N241 Pan",
    "et": "Dosage",
    "off": 10523,
    "sff": "4%"
  },
  {
    "docID": "N241 Pan",
    "et": "Dosage",
    "off": 11252,
    "sff": "3%"
  },
  {
    "docID": "N241 Pan",
    "et": "Dosage",
    "off": 8960,
    "sff": "6 µL"
  },
  {
    "docID": "N241 Pan",
    "et": "Dosage",
    "off": 10868,
    "sff": "4%"
  },
  {
    "docID": "N241 Pan",
    "et": "Dosage",
    "off": 5972,
    "sff": "100%"
  },
  {
    "docID": "N241 Pan",
    "et": "Dosage",
    "off": 7075,
    "sff": "6 µL"
  },
  {
    "docID": "N241 Pan",
    "et": "Dosage",
    "off": 10513,
    "sff": "50 mL"
  },
  {
    "docID": "N241 Pan",
    "et": "Dosage",
    "off": 7095,
    "sff": "10 U/mL"
  },
  {
    "docID": "N241 Pan",
    "et": "BladderExpression",
    "off": 15172,
    "sff": "bladder"
  },
  {
    "docID": "N241 Pan",
    "et": "BladderExpression",
    "off": 14273,
    "sff": "bladder"
  },
  {
    "docID": "N241 Pan",
    "et": "BladderExpression",
    "off": 9504,
    "sff": "bladder"
  },
  {
    "docID": "N241 Pan",
    "et": "BladderExpression",
    "off": 14460,
    "sff": "bladder"
  },
  {
    "docID": "N241 Pan",
    "et": "BladderExpression",
    "off": 14651,
    "sff": "bladder"
  },
  {
    "docID": "N241 Pan",
    "et": "BladderExpression",
    "off": 14584,
    "sff": "bladder"
  },
  {
    "docID": "N241 Pan",
    "et": "PBS",
    "off": 11221,
    "sff": "PBS"
  },
  {
    "docID": "N241 Pan",
    "et": "PBS",
    "off": 11237,
    "sff": "PBS"
  },
  {
    "docID": "N241 Pan",
    "et": "Proliferation",
    "off": 4825,
    "sff": "proliferation"
  },
  {
    "docID": "N241 Pan",
    "et": "Duration",
    "off": 10227,
    "sff": "12 weeks"
  },
  {
    "docID": "N241 Pan",
    "et": "Duration",
    "off": 5510,
    "sff": "70 days"
  },
  {
    "docID": "N241 Pan",
    "et": "Duration",
    "off": 9634,
    "sff": "3 days"
  },
  {
    "docID": "N241 Pan",
    "et": "SevereInjury",
    "off": 3057,
    "sff": "severe"
  },
  {
    "docID": "N241 Pan",
    "et": "CentralNervousSystem",
    "off": 19077,
    "sff": "nervous"
  },
  {
    "docID": "N241 Pan",
    "et": "WistarRat",
    "off": 5447,
    "sff": "Wistar rats"
  },
  {
    "docID": "N241 Pan",
    "et": "WistarRat",
    "off": 5447,
    "sff": "Wistar"
  },
  {
    "docID": "N241 Pan",
    "et": "ModerateInjury",
    "off": 20631,
    "sff": "moderate"
  },
  {
    "docID": "N241 Pan",
    "et": "InjuryArea",
    "off": 7583,
    "sff": "area"
  },
  {
    "docID": "N241 Pan",
    "et": "InjuryArea",
    "off": 20486,
    "sff": "area"
  },
  {
    "docID": "N241 Pan",
    "et": "Forceps",
    "off": 8183,
    "sff": "forceps"
  },
  {
    "docID": "N241 Pan",
    "et": "MedicationDuringSurgery",
    "off": 5049,
    "sff": "during"
  },
  {
    "docID": "N241 Pan",
    "et": "MedicationDuringSurgery",
    "off": 14904,
    "sff": "During"
  },
  {
    "docID": "N241 Pan",
    "et": "MedicationDuringSurgery",
    "off": 12155,
    "sff": "during"
  },
  {
    "docID": "N241 Pan",
    "et": "MedicationDuringSurgery",
    "off": 19232,
    "sff": "during"
  },
  {
    "docID": "N241 Pan",
    "et": "Brain",
    "off": 3235,
    "sff": "brain"
  },
  {
    "docID": "N241 Pan",
    "et": "Laminectomy",
    "off": 6813,
    "sff": "laminectomy"
  },
  {
    "docID": "N241 Pan",
    "et": "Laminectomy",
    "off": 6728,
    "sff": "laminectomy"
  },
  {
    "docID": "N241 Pan",
    "et": "MeasurementOfIncreasingTemperature",
    "off": 1865,
    "sff": "increasing"
  },
  {
    "docID": "N241 Pan",
    "et": "Antibody",
    "off": 11362,
    "sff": "antibody"
  },
  {
    "docID": "N241 Pan",
    "et": "Antibody",
    "off": 5667,
    "sff": "antibody"
  },
  {
    "docID": "N241 Pan",
    "et": "Antibody",
    "off": 11300,
    "sff": "antibody"
  },
  {
    "docID": "N241 Pan",
    "et": "Antibody",
    "off": 5710,
    "sff": "antibody"
  },
  {
    "docID": "N241 Pan",
    "et": "Antibody",
    "off": 13825,
    "sff": "antibody"
  },
  {
    "docID": "N241 Pan",
    "et": "Antibody",
    "off": 11448,
    "sff": "antibody"
  },
  {
    "docID": "N241 Pan",
    "et": "Antibody",
    "off": 13320,
    "sff": "antibody"
  },
  {
    "docID": "N241 Pan",
    "et": "ContusionType",
    "off": 3064,
    "sff": "contusion"
  },
  {
    "docID": "N241 Pan",
    "et": "Protein",
    "off": 19163,
    "sff": "protein"
  },
  {
    "docID": "N241 Pan",
    "et": "Protein",
    "off": 2381,
    "sff": "protein"
  },
  {
    "docID": "N241 Pan",
    "et": "Protein",
    "off": 2525,
    "sff": "protein"
  },
  {
    "docID": "N241 Pan",
    "et": "Protein",
    "off": 2604,
    "sff": "protein"
  },
  {
    "docID": "N241 Pan",
    "et": "Protein",
    "off": 13995,
    "sff": "protein"
  },
  {
    "docID": "N241 Pan",
    "et": "Protein",
    "off": 19113,
    "sff": "protein"
  },
  {
    "docID": "N241 Pan",
    "et": "Protein",
    "off": 19347,
    "sff": "protein"
  },
  {
    "docID": "N241 Pan",
    "et": "Protein",
    "off": 13490,
    "sff": "protein"
  },
  {
    "docID": "N241 Pan",
    "et": "GlialCell",
    "off": 2580,
    "sff": "glial"
  },
  {
    "docID": "N241 Pan",
    "et": "GlialCell",
    "off": 3602,
    "sff": "glial"
  },
  {
    "docID": "N241 Pan",
    "et": "GlialCell",
    "off": 1667,
    "sff": "glial"
  },
  {
    "docID": "N241 Pan",
    "et": "GlialCell",
    "off": 3760,
    "sff": "glial cell"
  },
  {
    "docID": "N241 Pan",
    "et": "GlialCell",
    "off": 2632,
    "sff": "glial"
  },
  {
    "docID": "N241 Pan",
    "et": "InfusionDelivery",
    "off": 10465,
    "sff": "infusion"
  },
  {
    "docID": "N241 Pan",
    "et": "InfusionDelivery",
    "off": 10503,
    "sff": "infusion"
  },
  {
    "docID": "N241 Pan",
    "et": "InfusionDelivery",
    "off": 21188,
    "sff": "infusion"
  },
  {
    "docID": "N241 Pan",
    "et": "CephalicVeinLocation",
    "off": 7593,
    "sff": "cephalic"
  },
  {
    "docID": "N241 Pan",
    "et": "PostSurgeryCondition",
    "off": 15951,
    "sff": "surgery"
  },
  {
    "docID": "N241 Pan",
    "et": "PostSurgeryCondition",
    "off": 16051,
    "sff": "surgery"
  },
  {
    "docID": "N241 Pan",
    "et": "PostSurgeryCondition",
    "off": 14506,
    "sff": "surgery"
  },
  {
    "docID": "N241 Pan",
    "et": "PostSurgeryCondition",
    "off": 9897,
    "sff": "surgery"
  },
  {
    "docID": "N241 Pan",
    "et": "PostSurgeryCondition",
    "off": 12845,
    "sff": "surgery"
  },
  {
    "docID": "N241 Pan",
    "et": "PostSurgeryCondition",
    "off": 14380,
    "sff": "surgery"
  },
  {
    "docID": "N241 Pan",
    "et": "PostSurgeryCondition",
    "off": 12020,
    "sff": "Surgery"
  },
  {
    "docID": "N241 Pan",
    "et": "PostSurgeryCondition",
    "off": 15682,
    "sff": "surgery"
  },
  {
    "docID": "N241 Pan",
    "et": "PostSurgeryCondition",
    "off": 18498,
    "sff": "surgery"
  },
  {
    "docID": "N241 Pan",
    "et": "PostSurgeryCondition",
    "off": 577,
    "sff": "surgery"
  },
  {
    "docID": "N241 Pan",
    "et": "PostSurgeryCondition",
    "off": 9985,
    "sff": "surgery"
  },
  {
    "docID": "N241 Pan",
    "et": "PostSurgeryCondition",
    "off": 20096,
    "sff": "surgery"
  },
  {
    "docID": "N241 Pan",
    "et": "PostSurgeryCondition",
    "off": 10246,
    "sff": "surgery"
  },
  {
    "docID": "N241 Pan",
    "et": "PostSurgeryCondition",
    "off": 14534,
    "sff": "surgery"
  },
  {
    "docID": "N241 Pan",
    "et": "PostSurgeryCondition",
    "off": 15846,
    "sff": "surgery"
  },
  {
    "docID": "N241 Pan",
    "et": "PostSurgeryCondition",
    "off": 13285,
    "sff": "surgery"
  },
  {
    "docID": "N241 Pan",
    "et": "PostSurgeryCondition",
    "off": 18455,
    "sff": "surgery"
  },
  {
    "docID": "N241 Pan",
    "et": "PostSurgeryCondition",
    "off": 9438,
    "sff": "surgery"
  },
  {
    "docID": "N241 Pan",
    "et": "PostSurgeryCondition",
    "off": 12286,
    "sff": "surgery"
  },
  {
    "docID": "N241 Pan",
    "et": "PostSurgeryCondition",
    "off": 13790,
    "sff": "surgery"
  },
  {
    "docID": "N241 Pan",
    "et": "PostSurgeryCondition",
    "off": 18556,
    "sff": "surgery"
  },
  {
    "docID": "N241 Pan",
    "et": "RatSpecies",
    "off": 13926,
    "sff": "rat"
  },
  {
    "docID": "N241 Pan",
    "et": "RatSpecies",
    "off": 17895,
    "sff": "rat"
  },
  {
    "docID": "N241 Pan",
    "et": "RatSpecies",
    "off": 12357,
    "sff": "Rat"
  },
  {
    "docID": "N241 Pan",
    "et": "RatSpecies",
    "off": 13089,
    "sff": "rat"
  },
  {
    "docID": "N241 Pan",
    "et": "RatSpecies",
    "off": 18847,
    "sff": "rat"
  },
  {
    "docID": "N241 Pan",
    "et": "RatSpecies",
    "off": 5727,
    "sff": "rat"
  },
  {
    "docID": "N241 Pan",
    "et": "RatSpecies",
    "off": 21532,
    "sff": "rat"
  },
  {
    "docID": "N241 Pan",
    "et": "RatSpecies",
    "off": 13335,
    "sff": "rat"
  },
  {
    "docID": "N241 Pan",
    "et": "RatSpecies",
    "off": 13392,
    "sff": "rat"
  },
  {
    "docID": "N241 Pan",
    "et": "RatSpecies",
    "off": 13840,
    "sff": "rat"
  },
  {
    "docID": "N241 Pan",
    "et": "RatSpecies",
    "off": 10575,
    "sff": "rat"
  },
  {
    "docID": "N241 Pan",
    "et": "RatSpecies",
    "off": 13003,
    "sff": "rat"
  },
  {
    "docID": "N241 Pan",
    "et": "RatSpecies",
    "off": 6536,
    "sff": "rat"
  },
  {
    "docID": "N241 Pan",
    "et": "RatSpecies",
    "off": 12330,
    "sff": "Rat"
  },
  {
    "docID": "N241 Pan",
    "et": "RatSpecies",
    "off": 13897,
    "sff": "rat"
  },
  {
    "docID": "N241 Pan",
    "et": "RatSpecies",
    "off": 12551,
    "sff": "rat"
  },
  {
    "docID": "N241 Pan",
    "et": "RatSpecies",
    "off": 18341,
    "sff": "Rat"
  },
  {
    "docID": "N241 Pan",
    "et": "RatSpecies",
    "off": 13060,
    "sff": "rat"
  },
  {
    "docID": "N241 Pan",
    "et": "RatSpecies",
    "off": 12386,
    "sff": "Rat"
  },
  {
    "docID": "N241 Pan",
    "et": "RatSpecies",
    "off": 12245,
    "sff": "Rat"
  },
  {
    "docID": "N241 Pan",
    "et": "RatSpecies",
    "off": 5684,
    "sff": "rat"
  },
  {
    "docID": "N241 Pan",
    "et": "RatSpecies",
    "off": 13365,
    "sff": "rat"
  },
  {
    "docID": "N241 Pan",
    "et": "RatSpecies",
    "off": 12300,
    "sff": "Rat"
  },
  {
    "docID": "N241 Pan",
    "et": "RatSpecies",
    "off": 13870,
    "sff": "rat"
  },
  {
    "docID": "N241 Pan",
    "et": "RatSpecies",
    "off": 13421,
    "sff": "rat"
  },
  {
    "docID": "N241 Pan",
    "et": "RatSpecies",
    "off": 13033,
    "sff": "rat"
  },
  {
    "docID": "N241 Pan",
    "et": "VertebralArea",
    "off": 8301,
    "sff": "vertebral"
  },
  {
    "docID": "N241 Pan",
    "et": "VertebralArea",
    "off": 8057,
    "sff": "vertebral"
  },
  {
    "docID": "N241 Pan",
    "et": "VertebralArea",
    "off": 8243,
    "sff": "vertebral"
  },
  {
    "docID": "N241 Pan",
    "et": "Caudal",
    "off": 10671,
    "sff": "caudal"
  },
  {
    "docID": "N241 Pan",
    "et": "Caudal",
    "off": 7611,
    "sff": "caudal"
  },
  {
    "docID": "N241 Pan",
    "et": "VertebralSegment",
    "off": 8057,
    "sff": "vertebral"
  },
  {
    "docID": "N241 Pan",
    "et": "VertebralSegment",
    "off": 8243,
    "sff": "vertebral"
  },
  {
    "docID": "N241 Pan",
    "et": "VertebralSegment",
    "off": 8301,
    "sff": "vertebral"
  },
  {
    "docID": "N241 Pan",
    "et": "SchwannCell",
    "off": 4740,
    "sff": "Schwann"
  },
  {
    "docID": "N241 Pan",
    "et": "NewZealandRabbit",
    "off": 17970,
    "sff": "new"
  },
  {
    "docID": "N241 Pan",
    "et": "SigmaAldrich",
    "off": 5649,
    "sff": "Sigma"
  },
  {
    "docID": "N241 Pan",
    "et": "T10",
    "off": 12108,
    "sff": "T10"
  },
  {
    "docID": "N241 Pan",
    "et": "T10",
    "off": 7051,
    "sff": "T10"
  },
  {
    "docID": "N241 Pan",
    "et": "T10",
    "off": 18827,
    "sff": "T10"
  },
  {
    "docID": "N241 Pan",
    "et": "T10",
    "off": 8634,
    "sff": "T10"
  },
  {
    "docID": "N241 Pan",
    "et": "T10",
    "off": 6856,
    "sff": "T10"
  },
  {
    "docID": "N241 Pan",
    "et": "T10",
    "off": 6951,
    "sff": "T10"
  },
  {
    "docID": "N241 Pan",
    "et": "T10",
    "off": 7222,
    "sff": "T10"
  },
  {
    "docID": "N241 Pan",
    "et": "T10",
    "off": 8438,
    "sff": "T10"
  },
  {
    "docID": "N241 Pan",
    "et": "T10",
    "off": 8229,
    "sff": "T10"
  },
  {
    "docID": "N241 Pan",
    "et": "T10",
    "off": 18371,
    "sff": "T10"
  },
  {
    "docID": "N241 Pan",
    "et": "T10",
    "off": 254,
    "sff": "T10"
  },
  {
    "docID": "N241 Pan",
    "et": "PartialTransection",
    "off": 21019,
    "sff": "partial"
  },
  {
    "docID": "N241 Pan",
    "et": "PartialTransection",
    "off": 21643,
    "sff": "partial"
  },
  {
    "docID": "N241 Pan",
    "et": "Thoracic",
    "off": 241,
    "sff": "thoracic"
  },
  {
    "docID": "N241 Pan",
    "et": "VertebralLocation",
    "off": 8243,
    "sff": "vertebral"
  },
  {
    "docID": "N241 Pan",
    "et": "VertebralLocation",
    "off": 8057,
    "sff": "vertebral"
  },
  {
    "docID": "N241 Pan",
    "et": "VertebralLocation",
    "off": 8301,
    "sff": "vertebral"
  },
  {
    "docID": "N241 Pan",
    "et": "StemCellSourceType",
    "off": 3766,
    "sff": "cell"
  },
  {
    "docID": "N241 Pan",
    "et": "StemCellSourceType",
    "off": 19706,
    "sff": "cell"
  },
  {
    "docID": "N241 Pan",
    "et": "StemCellSourceType",
    "off": 1695,
    "sff": "cell"
  },
  {
    "docID": "N241 Pan",
    "et": "InVitroExperimentalProcedure",
    "off": 4757,
    "sff": "vitro"
  },
  {
    "docID": "N241 Pan",
    "et": "FischerRat",
    "off": 11089,
    "sff": "Fischer"
  },
  {
    "docID": "N241 Pan",
    "et": "AllenWeightDropDevice",
    "off": 5480,
    "sff": "weight"
  },
  {
    "docID": "N241 Pan",
    "et": "AllenWeightDropDevice",
    "off": 7488,
    "sff": "weight"
  },
  {
    "docID": "N241 Pan",
    "et": "LongEvansRat",
    "off": 16803,
    "sff": "long"
  },
  {
    "docID": "N241 Pan",
    "et": "Cell",
    "off": 3766,
    "sff": "cell"
  },
  {
    "docID": "N241 Pan",
    "et": "Cell",
    "off": 19706,
    "sff": "cell"
  },
  {
    "docID": "N241 Pan",
    "et": "Cell",
    "off": 1695,
    "sff": "cell"
  },
  {
    "docID": "N241 Pan",
    "et": "SpinalDorsalHalf",
    "off": 7576,
    "sff": "dorsal"
  },
  {
    "docID": "N241 Pan",
    "et": "HematoxyLinEosin",
    "off": 10892,
    "sff": "hematoxylin-eosin"
  },
  {
    "docID": "N241 Pan",
    "et": "CompleteTransectionType",
    "off": 18375,
    "sff": "transection"
  },
  {
    "docID": "N241 Pan",
    "et": "CompleteTransectionType",
    "off": 196,
    "sff": "transection"
  },
  {
    "docID": "N241 Pan",
    "et": "CompleteTransectionType",
    "off": 18835,
    "sff": "transection"
  },
  {
    "docID": "N241 Pan",
    "et": "CompleteTransectionType",
    "off": 16276,
    "sff": "transection"
  },
  {
    "docID": "N241 Pan",
    "et": "CompleteTransectionType",
    "off": 6927,
    "sff": "complete transection"
  },
  {
    "docID": "N241 Pan",
    "et": "CompleteTransectionType",
    "off": 14156,
    "sff": "complete transection"
  },
  {
    "docID": "N241 Pan",
    "et": "CompleteTransectionType",
    "off": 8643,
    "sff": "complete transection"
  },
  {
    "docID": "N241 Pan",
    "et": "CompleteTransectionType",
    "off": 21697,
    "sff": "transection"
  },
  {
    "docID": "N241 Pan",
    "et": "CompleteTransectionType",
    "off": 16516,
    "sff": "transection"
  },
  {
    "docID": "N241 Pan",
    "et": "CompleteTransectionType",
    "off": 18948,
    "sff": "transection"
  },
  {
    "docID": "N241 Pan",
    "et": "CompleteTransectionType",
    "off": 21061,
    "sff": "transection"
  },
  {
    "docID": "N241 Pan",
    "et": "CompleteTransectionType",
    "off": 22405,
    "sff": "transection"
  },
  {
    "docID": "N241 Pan",
    "et": "CompleteTransectionType",
    "off": 16743,
    "sff": "transection"
  },
  {
    "docID": "N241 Pan",
    "et": "CompleteTransectionType",
    "off": 12200,
    "sff": "transection"
  },
  {
    "docID": "N241 Pan",
    "et": "CompleteTransectionType",
    "off": 6756,
    "sff": "transection"
  },
  {
    "docID": "N241 Pan",
    "et": "CompleteTransectionType",
    "off": 13673,
    "sff": "transection"
  },
  {
    "docID": "N241 Pan",
    "et": "CompleteTransectionType",
    "off": 12138,
    "sff": "transection"
  },
  {
    "docID": "N241 Pan",
    "et": "CompleteTransectionType",
    "off": 13227,
    "sff": "transection"
  },
  {
    "docID": "N241 Pan",
    "et": "CompleteTransectionType",
    "off": 16943,
    "sff": "transection"
  },
  {
    "docID": "N241 Pan",
    "et": "CompleteTransectionType",
    "off": 21999,
    "sff": "transection"
  },
  {
    "docID": "N241 Pan",
    "et": "CompleteTransectionType",
    "off": 12784,
    "sff": "transection"
  },
  {
    "docID": "N241 Pan",
    "et": "CompleteTransectionType",
    "off": 13168,
    "sff": "transection"
  },
  {
    "docID": "N241 Pan",
    "et": "CompleteTransectionType",
    "off": 17908,
    "sff": "complete transection"
  },
  {
    "docID": "N241 Pan",
    "et": "CompleteTransectionType",
    "off": 7027,
    "sff": "complete transection"
  },
  {
    "docID": "N241 Pan",
    "et": "CompleteTransectionType",
    "off": 17331,
    "sff": "transection"
  },
  {
    "docID": "N241 Pan",
    "et": "CompleteTransectionType",
    "off": 6832,
    "sff": "complete transection"
  },
  {
    "docID": "N241 Pan",
    "et": "CompleteTransectionType",
    "off": 19892,
    "sff": "transection"
  },
  {
    "docID": "N241 Pan",
    "et": "CompleteTransectionType",
    "off": 18028,
    "sff": "complete transection"
  },
  {
    "docID": "N241 Pan",
    "et": "CompleteTransectionType",
    "off": 20252,
    "sff": "transection"
  },
  {
    "docID": "N241 Pan",
    "et": "CompleteTransectionType",
    "off": 8752,
    "sff": "transection"
  },
  {
    "docID": "N241 Pan",
    "et": "CompleteTransectionType",
    "off": 18302,
    "sff": "complete"
  },
  {
    "docID": "N241 Pan",
    "et": "CompleteTransectionType",
    "off": 20383,
    "sff": "transection"
  },
  {
    "docID": "N241 Pan",
    "et": "CompleteTransectionType",
    "off": 12074,
    "sff": "Transection"
  },
  {
    "docID": "N241 Pan",
    "et": "CompleteTransectionType",
    "off": 13732,
    "sff": "transection"
  },
  {
    "docID": "N241 Pan",
    "et": "CompleteTransectionType",
    "off": 7198,
    "sff": "complete transection"
  },
  {
    "docID": "N241 Pan",
    "et": "BodyTemperatureMeasurement",
    "off": 19711,
    "sff": "body"
  },
  {
    "docID": "N241 Pan",
    "et": "BodyTemperatureMeasurement",
    "off": 7483,
    "sff": "body"
  },
  {
    "docID": "N241 Pan",
    "et": "BodyTemperatureMeasurement",
    "off": 4569,
    "sff": "temperature"
  },
  {
    "docID": "N241 Pan",
    "et": "BodyTemperatureMeasurement",
    "off": 5475,
    "sff": "body"
  },
  {
    "docID": "N241 Pan",
    "et": "PartialTransectionType",
    "off": 8652,
    "sff": "transection"
  },
  {
    "docID": "N241 Pan",
    "et": "PartialTransectionType",
    "off": 21019,
    "sff": "partial"
  },
  {
    "docID": "N241 Pan",
    "et": "PartialTransectionType",
    "off": 18375,
    "sff": "transection"
  },
  {
    "docID": "N241 Pan",
    "et": "PartialTransectionType",
    "off": 196,
    "sff": "transection"
  },
  {
    "docID": "N241 Pan",
    "et": "PartialTransectionType",
    "off": 16516,
    "sff": "transection"
  },
  {
    "docID": "N241 Pan",
    "et": "PartialTransectionType",
    "off": 18948,
    "sff": "transection"
  },
  {
    "docID": "N241 Pan",
    "et": "PartialTransectionType",
    "off": 22405,
    "sff": "transection"
  },
  {
    "docID": "N241 Pan",
    "et": "PartialTransectionType",
    "off": 21061,
    "sff": "transection"
  },
  {
    "docID": "N241 Pan",
    "et": "PartialTransectionType",
    "off": 21697,
    "sff": "transection"
  },
  {
    "docID": "N241 Pan",
    "et": "PartialTransectionType",
    "off": 7036,
    "sff": "transection"
  },
  {
    "docID": "N241 Pan",
    "et": "PartialTransectionType",
    "off": 21643,
    "sff": "partial"
  },
  {
    "docID": "N241 Pan",
    "et": "PartialTransectionType",
    "off": 17917,
    "sff": "transection"
  },
  {
    "docID": "N241 Pan",
    "et": "PartialTransectionType",
    "off": 6841,
    "sff": "transection"
  },
  {
    "docID": "N241 Pan",
    "et": "PartialTransectionType",
    "off": 19892,
    "sff": "transection"
  },
  {
    "docID": "N241 Pan",
    "et": "PartialTransectionType",
    "off": 17331,
    "sff": "transection"
  },
  {
    "docID": "N241 Pan",
    "et": "PartialTransectionType",
    "off": 18037,
    "sff": "transection"
  },
  {
    "docID": "N241 Pan",
    "et": "PartialTransectionType",
    "off": 8752,
    "sff": "transection"
  },
  {
    "docID": "N241 Pan",
    "et": "PartialTransectionType",
    "off": 12784,
    "sff": "transection"
  },
  {
    "docID": "N241 Pan",
    "et": "PartialTransectionType",
    "off": 13168,
    "sff": "transection"
  },
  {
    "docID": "N241 Pan",
    "et": "PartialTransectionType",
    "off": 16943,
    "sff": "transection"
  },
  {
    "docID": "N241 Pan",
    "et": "PartialTransectionType",
    "off": 21999,
    "sff": "transection"
  },
  {
    "docID": "N241 Pan",
    "et": "PartialTransectionType",
    "off": 13227,
    "sff": "transection"
  },
  {
    "docID": "N241 Pan",
    "et": "PartialTransectionType",
    "off": 12200,
    "sff": "transection"
  },
  {
    "docID": "N241 Pan",
    "et": "PartialTransectionType",
    "off": 7207,
    "sff": "transection"
  },
  {
    "docID": "N241 Pan",
    "et": "PartialTransectionType",
    "off": 16743,
    "sff": "transection"
  },
  {
    "docID": "N241 Pan",
    "et": "PartialTransectionType",
    "off": 12074,
    "sff": "Transection"
  },
  {
    "docID": "N241 Pan",
    "et": "PartialTransectionType",
    "off": 12138,
    "sff": "transection"
  },
  {
    "docID": "N241 Pan",
    "et": "PartialTransectionType",
    "off": 13673,
    "sff": "transection"
  },
  {
    "docID": "N241 Pan",
    "et": "PartialTransectionType",
    "off": 6756,
    "sff": "transection"
  },
  {
    "docID": "N241 Pan",
    "et": "PartialTransectionType",
    "off": 13732,
    "sff": "transection"
  },
  {
    "docID": "N241 Pan",
    "et": "PartialTransectionType",
    "off": 20383,
    "sff": "transection"
  },
  {
    "docID": "N241 Pan",
    "et": "PartialTransectionType",
    "off": 20252,
    "sff": "transection"
  },
  {
    "docID": "N241 Pan",
    "et": "PartialTransectionType",
    "off": 6936,
    "sff": "transection"
  },
  {
    "docID": "N241 Pan",
    "et": "PartialTransectionType",
    "off": 16276,
    "sff": "transection"
  },
  {
    "docID": "N241 Pan",
    "et": "PartialTransectionType",
    "off": 18835,
    "sff": "transection"
  },
  {
    "docID": "N241 Pan",
    "et": "PartialTransectionType",
    "off": 14165,
    "sff": "transection"
  },
  {
    "docID": "N241 Pan",
    "et": "BrainDerivedNeurotrophicFactor",
    "off": 3235,
    "sff": "brain"
  },
  {
    "docID": "N241 Pan",
    "et": "CompleteInjuryArea",
    "off": 17908,
    "sff": "complete"
  },
  {
    "docID": "N241 Pan",
    "et": "CompleteInjuryArea",
    "off": 7027,
    "sff": "complete"
  },
  {
    "docID": "N241 Pan",
    "et": "CompleteInjuryArea",
    "off": 8643,
    "sff": "complete"
  },
  {
    "docID": "N241 Pan",
    "et": "CompleteInjuryArea",
    "off": 14156,
    "sff": "complete"
  },
  {
    "docID": "N241 Pan",
    "et": "CompleteInjuryArea",
    "off": 18028,
    "sff": "complete"
  },
  {
    "docID": "N241 Pan",
    "et": "CompleteInjuryArea",
    "off": 6832,
    "sff": "complete"
  },
  {
    "docID": "N241 Pan",
    "et": "CompleteInjuryArea",
    "off": 7198,
    "sff": "complete"
  },
  {
    "docID": "N241 Pan",
    "et": "CompleteInjuryArea",
    "off": 18302,
    "sff": "complete"
  },
  {
    "docID": "N241 Pan",
    "et": "CompleteInjuryArea",
    "off": 6927,
    "sff": "complete"
  },
  {
    "docID": "N241 Pan",
    "et": "ChemicalInjury",
    "off": 2164,
    "sff": "chemical"
  }
]
