[
  {
    "docID": "N251 Nategh",
    "et": "CompleteTransection",
    "off": 13506,
    "sff": "complete"
  },
  {
    "docID": "N251 Nategh",
    "et": "SubcutaneousLocation",
    "off": 5226,
    "sff": "subcutaneous"
  },
  {
    "docID": "N251 Nategh",
    "et": "OlfactoryEnsheathingGliaCell",
    "off": 54,
    "sff": "Olfactory Ensheathing"
  },
  {
    "docID": "N251 Nategh",
    "et": "OlfactoryEnsheathingGliaCell",
    "off": 1544,
    "sff": "Olfactory Ensheathing"
  },
  {
    "docID": "N251 Nategh",
    "et": "OlfactoryEnsheathingGliaCell",
    "off": 14735,
    "sff": "olfactory"
  },
  {
    "docID": "N251 Nategh",
    "et": "OlfactoryEnsheathingGliaCell",
    "off": 278,
    "sff": "Olfactory ensheathing"
  },
  {
    "docID": "N251 Nategh",
    "et": "OlfactoryEnsheathingGliaCell",
    "off": 1544,
    "sff": "Olfactory Ensheathing Cell"
  },
  {
    "docID": "N251 Nategh",
    "et": "OlfactoryEnsheathingGliaCell",
    "off": 14818,
    "sff": "olfactory"
  },
  {
    "docID": "N251 Nategh",
    "et": "OlfactoryEnsheathingGliaCell",
    "off": 17284,
    "sff": "olfactory"
  },
  {
    "docID": "N251 Nategh",
    "et": "OlfactoryEnsheathingGliaCell",
    "off": 5493,
    "sff": "olfactory"
  },
  {
    "docID": "N251 Nategh",
    "et": "OlfactoryEnsheathingGliaCell",
    "off": 17189,
    "sff": "olfactory"
  },
  {
    "docID": "N251 Nategh",
    "et": "OlfactoryEnsheathingGliaCell",
    "off": 6423,
    "sff": "olfactory"
  },
  {
    "docID": "N251 Nategh",
    "et": "OlfactoryEnsheathingGliaCell",
    "off": 1171,
    "sff": "olfactory ensheathing"
  },
  {
    "docID": "N251 Nategh",
    "et": "OlfactoryEnsheathingGliaCell",
    "off": 536,
    "sff": "olfactory ensheathing"
  },
  {
    "docID": "N251 Nategh",
    "et": "DorsalInjuryArea",
    "off": 2263,
    "sff": "dorsal"
  },
  {
    "docID": "N251 Nategh",
    "et": "DorsalInjuryArea",
    "off": 4833,
    "sff": "dorsal"
  },
  {
    "docID": "N251 Nategh",
    "et": "DorsalInjuryArea",
    "off": 13905,
    "sff": "dorsal"
  },
  {
    "docID": "N251 Nategh",
    "et": "KetamineAsAnaesthetic",
    "off": 4422,
    "sff": "Ketamine"
  },
  {
    "docID": "N251 Nategh",
    "et": "WeightDrop",
    "off": 13389,
    "sff": "weight drop"
  },
  {
    "docID": "N251 Nategh",
    "et": "SpinalFiberTract",
    "off": 6483,
    "sff": "fiber"
  },
  {
    "docID": "N251 Nategh",
    "et": "DorsalHemisection",
    "off": 13905,
    "sff": "dorsal"
  },
  {
    "docID": "N251 Nategh",
    "et": "DorsalHemisection",
    "off": 4833,
    "sff": "dorsal"
  },
  {
    "docID": "N251 Nategh",
    "et": "DorsalHemisection",
    "off": 2263,
    "sff": "dorsal"
  },
  {
    "docID": "N251 Nategh",
    "et": "SpinalVentralHalf",
    "off": 4821,
    "sff": "ventral"
  },
  {
    "docID": "N251 Nategh",
    "et": "SpinalVentralHalf",
    "off": 14097,
    "sff": "ventral"
  },
  {
    "docID": "N251 Nategh",
    "et": "SpinalVentralHalf",
    "off": 13916,
    "sff": "ventral"
  },
  {
    "docID": "N251 Nategh",
    "et": "RabbitSpecies",
    "off": 8797,
    "sff": "rabbit"
  },
  {
    "docID": "N251 Nategh",
    "et": "RabbitSpecies",
    "off": 8742,
    "sff": "rabbit"
  },
  {
    "docID": "N251 Nategh",
    "et": "Rostral",
    "off": 15968,
    "sff": "rostral"
  },
  {
    "docID": "N251 Nategh",
    "et": "DorsalColumn",
    "off": 4833,
    "sff": "dorsal"
  },
  {
    "docID": "N251 Nategh",
    "et": "DorsalColumn",
    "off": 13905,
    "sff": "dorsal"
  },
  {
    "docID": "N251 Nategh",
    "et": "DorsalColumn",
    "off": 2263,
    "sff": "dorsal column"
  },
  {
    "docID": "N251 Nategh",
    "et": "SpinalFiber",
    "off": 6483,
    "sff": "fiber"
  },
  {
    "docID": "N251 Nategh",
    "et": "Autologous",
    "off": 13254,
    "sff": "autologous"
  },
  {
    "docID": "N251 Nategh",
    "et": "CellDeathInduction",
    "off": 1566,
    "sff": "Cell"
  },
  {
    "docID": "N251 Nategh",
    "et": "CellDeathInduction",
    "off": 14938,
    "sff": "cell"
  },
  {
    "docID": "N251 Nategh",
    "et": "CellDeathInduction",
    "off": 18587,
    "sff": "cell"
  },
  {
    "docID": "N251 Nategh",
    "et": "CellDeathInduction",
    "off": 2460,
    "sff": "cell"
  },
  {
    "docID": "N251 Nategh",
    "et": "CellDeathInduction",
    "off": 12764,
    "sff": "cell"
  },
  {
    "docID": "N251 Nategh",
    "et": "CellDeathInduction",
    "off": 6880,
    "sff": "cell"
  },
  {
    "docID": "N251 Nategh",
    "et": "CellDeathInduction",
    "off": 1810,
    "sff": "cell"
  },
  {
    "docID": "N251 Nategh",
    "et": "CellDeathInduction",
    "off": 3049,
    "sff": "cell"
  },
  {
    "docID": "N251 Nategh",
    "et": "CellDeathInduction",
    "off": 12202,
    "sff": "cell"
  },
  {
    "docID": "N251 Nategh",
    "et": "CellDeathInduction",
    "off": 5423,
    "sff": "Cell"
  },
  {
    "docID": "N251 Nategh",
    "et": "CellDeathInduction",
    "off": 14975,
    "sff": "cell death"
  },
  {
    "docID": "N251 Nategh",
    "et": "CellDeathInduction",
    "off": 15139,
    "sff": "cell"
  },
  {
    "docID": "N251 Nategh",
    "et": "CellDeathInduction",
    "off": 16355,
    "sff": "cell"
  },
  {
    "docID": "N251 Nategh",
    "et": "CellDeathInduction",
    "off": 18147,
    "sff": "cell"
  },
  {
    "docID": "N251 Nategh",
    "et": "CellDeathInduction",
    "off": 13605,
    "sff": "cell"
  },
  {
    "docID": "N251 Nategh",
    "et": "CellDeathInduction",
    "off": 11366,
    "sff": "cell"
  },
  {
    "docID": "N251 Nategh",
    "et": "CellDeathInduction",
    "off": 10427,
    "sff": "cell"
  },
  {
    "docID": "N251 Nategh",
    "et": "CellDeathInduction",
    "off": 17725,
    "sff": "cell"
  },
  {
    "docID": "N251 Nategh",
    "et": "CellDeathInduction",
    "off": 1535,
    "sff": "cell"
  },
  {
    "docID": "N251 Nategh",
    "et": "CellDeathInduction",
    "off": 7228,
    "sff": "Cell"
  },
  {
    "docID": "N251 Nategh",
    "et": "CellDeathInduction",
    "off": 16319,
    "sff": "cell"
  },
  {
    "docID": "N251 Nategh",
    "et": "CellDeathInduction",
    "off": 3249,
    "sff": "cell"
  },
  {
    "docID": "N251 Nategh",
    "et": "CellDeathInduction",
    "off": 14645,
    "sff": "cell"
  },
  {
    "docID": "N251 Nategh",
    "et": "CellDeathInduction",
    "off": 585,
    "sff": "cell"
  },
  {
    "docID": "N251 Nategh",
    "et": "CellDeathInduction",
    "off": 15306,
    "sff": "cell"
  },
  {
    "docID": "N251 Nategh",
    "et": "CellDeathInduction",
    "off": 3595,
    "sff": "cell"
  },
  {
    "docID": "N251 Nategh",
    "et": "CellDeathInduction",
    "off": 6794,
    "sff": "Cell"
  },
  {
    "docID": "N251 Nategh",
    "et": "CellDeathInduction",
    "off": 2574,
    "sff": "cell"
  },
  {
    "docID": "N251 Nategh",
    "et": "CellDeathInduction",
    "off": 1936,
    "sff": "cell"
  },
  {
    "docID": "N251 Nategh",
    "et": "CellDeathInduction",
    "off": 5456,
    "sff": "cell"
  },
  {
    "docID": "N251 Nategh",
    "et": "CellDeathInduction",
    "off": 17936,
    "sff": "cell"
  },
  {
    "docID": "N251 Nategh",
    "et": "CellDeathInduction",
    "off": 17348,
    "sff": "cell"
  },
  {
    "docID": "N251 Nategh",
    "et": "CellDeathInduction",
    "off": 2630,
    "sff": "cell"
  },
  {
    "docID": "N251 Nategh",
    "et": "CellDeathInduction",
    "off": 10567,
    "sff": "cell"
  },
  {
    "docID": "N251 Nategh",
    "et": "CellDeathInduction",
    "off": 11399,
    "sff": "cell"
  },
  {
    "docID": "N251 Nategh",
    "et": "CellDeathInduction",
    "off": 6531,
    "sff": "Cell"
  },
  {
    "docID": "N251 Nategh",
    "et": "Left",
    "off": 15915,
    "sff": "left"
  },
  {
    "docID": "N251 Nategh",
    "et": "LaminectomyType",
    "off": 4595,
    "sff": "Laminectomy"
  },
  {
    "docID": "N251 Nategh",
    "et": "Tissue",
    "off": 15863,
    "sff": "tissue"
  },
  {
    "docID": "N251 Nategh",
    "et": "Tissue",
    "off": 7398,
    "sff": "tissue"
  },
  {
    "docID": "N251 Nategh",
    "et": "Tissue",
    "off": 6907,
    "sff": "tissue"
  },
  {
    "docID": "N251 Nategh",
    "et": "Tissue",
    "off": 16122,
    "sff": "tissue"
  },
  {
    "docID": "N251 Nategh",
    "et": "InjectionDelivery",
    "off": 7557,
    "sff": "injection"
  },
  {
    "docID": "N251 Nategh",
    "et": "InjectionDelivery",
    "off": 5239,
    "sff": "injection"
  },
  {
    "docID": "N251 Nategh",
    "et": "InjectionDelivery",
    "off": 18434,
    "sff": "injection"
  },
  {
    "docID": "N251 Nategh",
    "et": "InjectionDelivery",
    "off": 7004,
    "sff": "injection"
  },
  {
    "docID": "N251 Nategh",
    "et": "SpinalLesionSite",
    "off": 8278,
    "sff": "lesion"
  },
  {
    "docID": "N251 Nategh",
    "et": "HumanSpecies",
    "off": 13178,
    "sff": "human"
  },
  {
    "docID": "N251 Nategh",
    "et": "HumanSpecies",
    "off": 3364,
    "sff": "human"
  },
  {
    "docID": "N251 Nategh",
    "et": "T4",
    "off": 4569,
    "sff": "T4"
  },
  {
    "docID": "N251 Nategh",
    "et": "Weight",
    "off": 3801,
    "sff": "180-200 g"
  },
  {
    "docID": "N251 Nategh",
    "et": "T9",
    "off": 4628,
    "sff": "T9"
  },
  {
    "docID": "N251 Nategh",
    "et": "Xylazine",
    "off": 4451,
    "sff": "Xylazine"
  },
  {
    "docID": "N251 Nategh",
    "et": "AnimalCareCondition",
    "off": 6932,
    "sff": "care"
  },
  {
    "docID": "N251 Nategh",
    "et": "AnimalCareCondition",
    "off": 5177,
    "sff": "care"
  },
  {
    "docID": "N251 Nategh",
    "et": "MotorNeurons",
    "off": 12592,
    "sff": "motor"
  },
  {
    "docID": "N251 Nategh",
    "et": "MotorNeurons",
    "off": 17969,
    "sff": "motor"
  },
  {
    "docID": "N251 Nategh",
    "et": "MotorNeurons",
    "off": 3290,
    "sff": "motor"
  },
  {
    "docID": "N251 Nategh",
    "et": "MotorNeurons",
    "off": 18075,
    "sff": "motor"
  },
  {
    "docID": "N251 Nategh",
    "et": "MotorNeurons",
    "off": 1244,
    "sff": "motor"
  },
  {
    "docID": "N251 Nategh",
    "et": "MotorNeurons",
    "off": 12344,
    "sff": "motor"
  },
  {
    "docID": "N251 Nategh",
    "et": "MotorNeurons",
    "off": 2137,
    "sff": "motor"
  },
  {
    "docID": "N251 Nategh",
    "et": "MotorNeurons",
    "off": 12265,
    "sff": "motor"
  },
  {
    "docID": "N251 Nategh",
    "et": "MotorNeurons",
    "off": 13369,
    "sff": "motor"
  },
  {
    "docID": "N251 Nategh",
    "et": "MotorNeurons",
    "off": 15780,
    "sff": "motor"
  },
  {
    "docID": "N251 Nategh",
    "et": "LateralHemisection",
    "off": 14011,
    "sff": "lateral"
  },
  {
    "docID": "N251 Nategh",
    "et": "Contusion",
    "off": 2162,
    "sff": "contusion"
  },
  {
    "docID": "N251 Nategh",
    "et": "Contusion",
    "off": 13634,
    "sff": "contusion"
  },
  {
    "docID": "N251 Nategh",
    "et": "Contusion",
    "off": 13515,
    "sff": "contusion"
  },
  {
    "docID": "N251 Nategh",
    "et": "Contusion",
    "off": 3332,
    "sff": "contusion"
  },
  {
    "docID": "N251 Nategh",
    "et": "Contusion",
    "off": 13764,
    "sff": "contusion"
  },
  {
    "docID": "N251 Nategh",
    "et": "Saline",
    "off": 4967,
    "sff": "saline"
  },
  {
    "docID": "N251 Nategh",
    "et": "LongTermCultivation",
    "off": 3695,
    "sff": "long-term"
  },
  {
    "docID": "N251 Nategh",
    "et": "Dosage",
    "off": 6154,
    "sff": "95%"
  },
  {
    "docID": "N251 Nategh",
    "et": "Dosage",
    "off": 5263,
    "sff": "150 mg/kg"
  },
  {
    "docID": "N251 Nategh",
    "et": "Dosage",
    "off": 5290,
    "sff": "5 mg/kg"
  },
  {
    "docID": "N251 Nategh",
    "et": "Dosage",
    "off": 3805,
    "sff": "200 g"
  },
  {
    "docID": "N251 Nategh",
    "et": "Dosage",
    "off": 4461,
    "sff": "10 mg/kg"
  },
  {
    "docID": "N251 Nategh",
    "et": "Dosage",
    "off": 4432,
    "sff": "100 mg/kg"
  },
  {
    "docID": "N251 Nategh",
    "et": "Dosage",
    "off": 5015,
    "sff": "5 ml"
  },
  {
    "docID": "N251 Nategh",
    "et": "Dosage",
    "off": 5913,
    "sff": "10%"
  },
  {
    "docID": "N251 Nategh",
    "et": "Dosage",
    "off": 15335,
    "sff": "5 μL"
  },
  {
    "docID": "N251 Nategh",
    "et": "Dosage",
    "off": 7078,
    "sff": "5 μL"
  },
  {
    "docID": "N251 Nategh",
    "et": "Dosage",
    "off": 5114,
    "sff": "100 mg/L"
  },
  {
    "docID": "N251 Nategh",
    "et": "Dosage",
    "off": 8189,
    "sff": "4%"
  },
  {
    "docID": "N251 Nategh",
    "et": "Dosage",
    "off": 7463,
    "sff": "4 mm"
  },
  {
    "docID": "N251 Nategh",
    "et": "Ventral",
    "off": 14097,
    "sff": "ventral"
  },
  {
    "docID": "N251 Nategh",
    "et": "Ventral",
    "off": 13916,
    "sff": "ventral"
  },
  {
    "docID": "N251 Nategh",
    "et": "Ventral",
    "off": 4821,
    "sff": "ventral"
  },
  {
    "docID": "N251 Nategh",
    "et": "AneurysmClip",
    "off": 13844,
    "sff": "aneurysm clip"
  },
  {
    "docID": "N251 Nategh",
    "et": "AneurysmClip",
    "off": 4677,
    "sff": "aneurysm clip"
  },
  {
    "docID": "N251 Nategh",
    "et": "BladderExpression",
    "off": 15632,
    "sff": "bladder expression"
  },
  {
    "docID": "N251 Nategh",
    "et": "BladderExpression",
    "off": 5203,
    "sff": "bladder expression"
  },
  {
    "docID": "N251 Nategh",
    "et": "BladderExpression",
    "off": 15442,
    "sff": "Bladder expression"
  },
  {
    "docID": "N251 Nategh",
    "et": "TreatmentSite",
    "off": 933,
    "sff": "treatment"
  },
  {
    "docID": "N251 Nategh",
    "et": "TreatmentSite",
    "off": 173,
    "sff": "Treatment"
  },
  {
    "docID": "N251 Nategh",
    "et": "TreatmentSite",
    "off": 12828,
    "sff": "treatment"
  },
  {
    "docID": "N251 Nategh",
    "et": "TreatmentSite",
    "off": 7936,
    "sff": "treatment"
  },
  {
    "docID": "N251 Nategh",
    "et": "TreatmentSite",
    "off": 11168,
    "sff": "treatment"
  },
  {
    "docID": "N251 Nategh",
    "et": "Proliferation",
    "off": 16692,
    "sff": "proliferation"
  },
  {
    "docID": "N251 Nategh",
    "et": "Duration",
    "off": 7875,
    "sff": "160 days"
  },
  {
    "docID": "N251 Nategh",
    "et": "Duration",
    "off": 631,
    "sff": "3-second"
  },
  {
    "docID": "N251 Nategh",
    "et": "Duration",
    "off": 6650,
    "sff": "36 hours"
  },
  {
    "docID": "N251 Nategh",
    "et": "Duration",
    "off": 8651,
    "sff": "15 minutes"
  },
  {
    "docID": "N251 Nategh",
    "et": "Duration",
    "off": 8720,
    "sff": "30 minutes"
  },
  {
    "docID": "N251 Nategh",
    "et": "Duration",
    "off": 15006,
    "sff": "24 hours"
  },
  {
    "docID": "N251 Nategh",
    "et": "Duration",
    "off": 8939,
    "sff": "10 minutes"
  },
  {
    "docID": "N251 Nategh",
    "et": "Duration",
    "off": 8539,
    "sff": "20 minutes"
  },
  {
    "docID": "N251 Nategh",
    "et": "Duration",
    "off": 7598,
    "sff": "10 seconds"
  },
  {
    "docID": "N251 Nategh",
    "et": "Duration",
    "off": 11729,
    "sff": "21 weeks"
  },
  {
    "docID": "N251 Nategh",
    "et": "Duration",
    "off": 9028,
    "sff": "30 minutes"
  },
  {
    "docID": "N251 Nategh",
    "et": "Duration",
    "off": 11111,
    "sff": "21 weeks"
  },
  {
    "docID": "N251 Nategh",
    "et": "Duration",
    "off": 6561,
    "sff": "18 hours"
  },
  {
    "docID": "N251 Nategh",
    "et": "Duration",
    "off": 7294,
    "sff": "10 seconds"
  },
  {
    "docID": "N251 Nategh",
    "et": "Duration",
    "off": 8855,
    "sff": "1 hour"
  },
  {
    "docID": "N251 Nategh",
    "et": "Duration",
    "off": 9185,
    "sff": "10 minutes"
  },
  {
    "docID": "N251 Nategh",
    "et": "LesionAdjacentTissue",
    "off": 8278,
    "sff": "lesion"
  },
  {
    "docID": "N251 Nategh",
    "et": "SevereInjury",
    "off": 13456,
    "sff": "severe"
  },
  {
    "docID": "N251 Nategh",
    "et": "SevereInjury",
    "off": 17857,
    "sff": "severe"
  },
  {
    "docID": "N251 Nategh",
    "et": "SevereInjury",
    "off": 3463,
    "sff": "severe"
  },
  {
    "docID": "N251 Nategh",
    "et": "SevereInjury",
    "off": 18023,
    "sff": "severe"
  },
  {
    "docID": "N251 Nategh",
    "et": "SevereInjury",
    "off": 92,
    "sff": "Severe"
  },
  {
    "docID": "N251 Nategh",
    "et": "SevereInjury",
    "off": 12293,
    "sff": "severe"
  },
  {
    "docID": "N251 Nategh",
    "et": "Fibroblast",
    "off": 12378,
    "sff": "fibroblast"
  },
  {
    "docID": "N251 Nategh",
    "et": "Fibroblast",
    "off": 9915,
    "sff": "fibroblast"
  },
  {
    "docID": "N251 Nategh",
    "et": "Fibroblast",
    "off": 11253,
    "sff": "fibroblast"
  },
  {
    "docID": "N251 Nategh",
    "et": "Fibroblast",
    "off": 5942,
    "sff": "fibroblast"
  },
  {
    "docID": "N251 Nategh",
    "et": "Fibroblast",
    "off": 3960,
    "sff": "fibroblast"
  },
  {
    "docID": "N251 Nategh",
    "et": "Fibroblast",
    "off": 6221,
    "sff": "fibroblast"
  },
  {
    "docID": "N251 Nategh",
    "et": "Fibroblast",
    "off": 6317,
    "sff": "fibroblast"
  },
  {
    "docID": "N251 Nategh",
    "et": "WistarRat",
    "off": 3780,
    "sff": "Wistar rats"
  },
  {
    "docID": "N251 Nategh",
    "et": "WistarRat",
    "off": 3780,
    "sff": "Wistar"
  },
  {
    "docID": "N251 Nategh",
    "et": "ModerateInjury",
    "off": 13613,
    "sff": "moderate"
  },
  {
    "docID": "N251 Nategh",
    "et": "ModerateInjury",
    "off": 3311,
    "sff": "moderate"
  },
  {
    "docID": "N251 Nategh",
    "et": "MedicationDuringSurgery",
    "off": 11197,
    "sff": "during"
  },
  {
    "docID": "N251 Nategh",
    "et": "MedicationDuringSurgery",
    "off": 10028,
    "sff": "during"
  },
  {
    "docID": "N251 Nategh",
    "et": "MedicationDuringSurgery",
    "off": 10611,
    "sff": "during"
  },
  {
    "docID": "N251 Nategh",
    "et": "MedicationDuringSurgery",
    "off": 6007,
    "sff": "during"
  },
  {
    "docID": "N251 Nategh",
    "et": "Ketamine",
    "off": 4422,
    "sff": "Ketamine"
  },
  {
    "docID": "N251 Nategh",
    "et": "Laminectomy",
    "off": 4595,
    "sff": "Laminectomy"
  },
  {
    "docID": "N251 Nategh",
    "et": "AscendingFiberTract",
    "off": 6483,
    "sff": "fiber"
  },
  {
    "docID": "N251 Nategh",
    "et": "SpinalWhiteMatter",
    "off": 16828,
    "sff": "white matter"
  },
  {
    "docID": "N251 Nategh",
    "et": "SpinalWhiteMatter",
    "off": 10109,
    "sff": "white matter"
  },
  {
    "docID": "N251 Nategh",
    "et": "SpinalWhiteMatter",
    "off": 12014,
    "sff": "white matter"
  },
  {
    "docID": "N251 Nategh",
    "et": "Dorsal",
    "off": 4833,
    "sff": "dorsal"
  },
  {
    "docID": "N251 Nategh",
    "et": "Dorsal",
    "off": 13905,
    "sff": "dorsal"
  },
  {
    "docID": "N251 Nategh",
    "et": "Dorsal",
    "off": 2263,
    "sff": "dorsal"
  },
  {
    "docID": "N251 Nategh",
    "et": "Antibody",
    "off": 6200,
    "sff": "antibody"
  },
  {
    "docID": "N251 Nategh",
    "et": "Antibody",
    "off": 8981,
    "sff": "antibody"
  },
  {
    "docID": "N251 Nategh",
    "et": "Antibody",
    "off": 10213,
    "sff": "antibody"
  },
  {
    "docID": "N251 Nategh",
    "et": "Purification",
    "off": 6345,
    "sff": "Purification"
  },
  {
    "docID": "N251 Nategh",
    "et": "ContusionType",
    "off": 13515,
    "sff": "contusion"
  },
  {
    "docID": "N251 Nategh",
    "et": "ContusionType",
    "off": 2162,
    "sff": "contusion"
  },
  {
    "docID": "N251 Nategh",
    "et": "ContusionType",
    "off": 13634,
    "sff": "contusion"
  },
  {
    "docID": "N251 Nategh",
    "et": "ContusionType",
    "off": 3332,
    "sff": "contusion"
  },
  {
    "docID": "N251 Nategh",
    "et": "ContusionType",
    "off": 13764,
    "sff": "contusion"
  },
  {
    "docID": "N251 Nategh",
    "et": "RadiofrequencyLesionDevice",
    "off": 8278,
    "sff": "lesion"
  },
  {
    "docID": "N251 Nategh",
    "et": "CompressionType",
    "off": 13468,
    "sff": "compression"
  },
  {
    "docID": "N251 Nategh",
    "et": "CompressionType",
    "off": 17864,
    "sff": "compression"
  },
  {
    "docID": "N251 Nategh",
    "et": "CompressionType",
    "off": 13652,
    "sff": "compression"
  },
  {
    "docID": "N251 Nategh",
    "et": "CompressionType",
    "off": 645,
    "sff": "compression"
  },
  {
    "docID": "N251 Nategh",
    "et": "PostSurgeryCondition",
    "off": 5006,
    "sff": "surgery"
  },
  {
    "docID": "N251 Nategh",
    "et": "RatSpecies",
    "off": 3653,
    "sff": "rat"
  },
  {
    "docID": "N251 Nategh",
    "et": "Caudal",
    "off": 7468,
    "sff": "caudal"
  },
  {
    "docID": "N251 Nategh",
    "et": "SchwannCell",
    "off": 12917,
    "sff": "Schwann"
  },
  {
    "docID": "N251 Nategh",
    "et": "SchwannCell",
    "off": 1928,
    "sff": "Schwann cell"
  },
  {
    "docID": "N251 Nategh",
    "et": "SchwannCell",
    "off": 5448,
    "sff": "Schwann cell"
  },
  {
    "docID": "N251 Nategh",
    "et": "SchwannCell",
    "off": 17928,
    "sff": "Schwann cell"
  },
  {
    "docID": "N251 Nategh",
    "et": "SchwannCell",
    "off": 2452,
    "sff": "Schwann cell"
  },
  {
    "docID": "N251 Nategh",
    "et": "SchwannCell",
    "off": 12756,
    "sff": "Schwann cell"
  },
  {
    "docID": "N251 Nategh",
    "et": "SchwannCell",
    "off": 39,
    "sff": "Schwann"
  },
  {
    "docID": "N251 Nategh",
    "et": "SchwannCell",
    "off": 14930,
    "sff": "Schwann cell"
  },
  {
    "docID": "N251 Nategh",
    "et": "SchwannCell",
    "off": 11358,
    "sff": "Schwann cell"
  },
  {
    "docID": "N251 Nategh",
    "et": "SchwannCell",
    "off": 16513,
    "sff": "Schwann"
  },
  {
    "docID": "N251 Nategh",
    "et": "SchwannCell",
    "off": 1150,
    "sff": "Schwann"
  },
  {
    "docID": "N251 Nategh",
    "et": "SchwannCell",
    "off": 13597,
    "sff": "Schwann cell"
  },
  {
    "docID": "N251 Nategh",
    "et": "SchwannCell",
    "off": 16347,
    "sff": "Schwann cell"
  },
  {
    "docID": "N251 Nategh",
    "et": "SchwannCell",
    "off": 18139,
    "sff": "Schwann cell"
  },
  {
    "docID": "N251 Nategh",
    "et": "SchwannCell",
    "off": 3139,
    "sff": "Schwann"
  },
  {
    "docID": "N251 Nategh",
    "et": "SchwannCell",
    "off": 2872,
    "sff": "Schwann"
  },
  {
    "docID": "N251 Nategh",
    "et": "SchwannCell",
    "off": 310,
    "sff": "Schwann"
  },
  {
    "docID": "N251 Nategh",
    "et": "SchwannCell",
    "off": 7031,
    "sff": "Schwann"
  },
  {
    "docID": "N251 Nategh",
    "et": "SchwannCell",
    "off": 12194,
    "sff": "Schwann cell"
  },
  {
    "docID": "N251 Nategh",
    "et": "SchwannCell",
    "off": 17085,
    "sff": "Schwann"
  },
  {
    "docID": "N251 Nategh",
    "et": "SchwannCell",
    "off": 3041,
    "sff": "Schwann cell"
  },
  {
    "docID": "N251 Nategh",
    "et": "SchwannCell",
    "off": 5588,
    "sff": "Schwann"
  },
  {
    "docID": "N251 Nategh",
    "et": "SchwannCell",
    "off": 3241,
    "sff": "Schwann cell"
  },
  {
    "docID": "N251 Nategh",
    "et": "SchwannCell",
    "off": 1527,
    "sff": "Schwann cell"
  },
  {
    "docID": "N251 Nategh",
    "et": "SchwannCell",
    "off": 16311,
    "sff": "Schwann cell"
  },
  {
    "docID": "N251 Nategh",
    "et": "SchwannCell",
    "off": 519,
    "sff": "Schwann"
  },
  {
    "docID": "N251 Nategh",
    "et": "SchwannCell",
    "off": 17228,
    "sff": "Schwann"
  },
  {
    "docID": "N251 Nategh",
    "et": "SchwannCell",
    "off": 3914,
    "sff": "Schwann"
  },
  {
    "docID": "N251 Nategh",
    "et": "SchwannCell",
    "off": 2891,
    "sff": "Schwann"
  },
  {
    "docID": "N251 Nategh",
    "et": "SchwannCell",
    "off": 6091,
    "sff": "Schwann"
  },
  {
    "docID": "N251 Nategh",
    "et": "SchwannCell",
    "off": 2622,
    "sff": "Schwann cell"
  },
  {
    "docID": "N251 Nategh",
    "et": "SchwannCell",
    "off": 10559,
    "sff": "Schwann cell"
  },
  {
    "docID": "N251 Nategh",
    "et": "SchwannCell",
    "off": 11391,
    "sff": "Schwann cell"
  },
  {
    "docID": "N251 Nategh",
    "et": "SchwannCell",
    "off": 17311,
    "sff": "Schwann"
  },
  {
    "docID": "N251 Nategh",
    "et": "SchwannCell",
    "off": 3941,
    "sff": "Schwann"
  },
  {
    "docID": "N251 Nategh",
    "et": "SchwannCell",
    "off": 12056,
    "sff": "Schwann"
  },
  {
    "docID": "N251 Nategh",
    "et": "SchwannCell",
    "off": 3587,
    "sff": "Schwann cell"
  },
  {
    "docID": "N251 Nategh",
    "et": "SigmaAldrich",
    "off": 8768,
    "sff": "Sigma"
  },
  {
    "docID": "N251 Nategh",
    "et": "SigmaAldrich",
    "off": 8823,
    "sff": "Sigma"
  },
  {
    "docID": "N251 Nategh",
    "et": "T10",
    "off": 4631,
    "sff": "T10"
  },
  {
    "docID": "N251 Nategh",
    "et": "T12",
    "off": 4572,
    "sff": "T12"
  },
  {
    "docID": "N251 Nategh",
    "et": "DescendingFiberTract",
    "off": 6483,
    "sff": "fiber"
  },
  {
    "docID": "N251 Nategh",
    "et": "Thoracic",
    "off": 4576,
    "sff": "thoracic"
  },
  {
    "docID": "N251 Nategh",
    "et": "LightSource",
    "off": 9315,
    "sff": "light"
  },
  {
    "docID": "N251 Nategh",
    "et": "Compression",
    "off": 645,
    "sff": "compression"
  },
  {
    "docID": "N251 Nategh",
    "et": "Compression",
    "off": 13652,
    "sff": "compression"
  },
  {
    "docID": "N251 Nategh",
    "et": "Compression",
    "off": 17864,
    "sff": "compression"
  },
  {
    "docID": "N251 Nategh",
    "et": "Compression",
    "off": 13468,
    "sff": "compression"
  },
  {
    "docID": "N251 Nategh",
    "et": "StemCellSourceType",
    "off": 18587,
    "sff": "cell"
  },
  {
    "docID": "N251 Nategh",
    "et": "StemCellSourceType",
    "off": 1566,
    "sff": "Cell"
  },
  {
    "docID": "N251 Nategh",
    "et": "StemCellSourceType",
    "off": 14938,
    "sff": "cell"
  },
  {
    "docID": "N251 Nategh",
    "et": "StemCellSourceType",
    "off": 2460,
    "sff": "cell"
  },
  {
    "docID": "N251 Nategh",
    "et": "StemCellSourceType",
    "off": 12764,
    "sff": "cell"
  },
  {
    "docID": "N251 Nategh",
    "et": "StemCellSourceType",
    "off": 6880,
    "sff": "cell"
  },
  {
    "docID": "N251 Nategh",
    "et": "StemCellSourceType",
    "off": 1810,
    "sff": "cell"
  },
  {
    "docID": "N251 Nategh",
    "et": "StemCellSourceType",
    "off": 3595,
    "sff": "cell"
  },
  {
    "docID": "N251 Nategh",
    "et": "StemCellSourceType",
    "off": 15306,
    "sff": "cell"
  },
  {
    "docID": "N251 Nategh",
    "et": "StemCellSourceType",
    "off": 2574,
    "sff": "cell"
  },
  {
    "docID": "N251 Nategh",
    "et": "StemCellSourceType",
    "off": 6794,
    "sff": "Cell"
  },
  {
    "docID": "N251 Nategh",
    "et": "StemCellSourceType",
    "off": 1936,
    "sff": "cell"
  },
  {
    "docID": "N251 Nategh",
    "et": "StemCellSourceType",
    "off": 5456,
    "sff": "cell"
  },
  {
    "docID": "N251 Nategh",
    "et": "StemCellSourceType",
    "off": 17936,
    "sff": "cell"
  },
  {
    "docID": "N251 Nategh",
    "et": "StemCellSourceType",
    "off": 17348,
    "sff": "cell"
  },
  {
    "docID": "N251 Nategh",
    "et": "StemCellSourceType",
    "off": 2630,
    "sff": "cell"
  },
  {
    "docID": "N251 Nategh",
    "et": "StemCellSourceType",
    "off": 6531,
    "sff": "Cell"
  },
  {
    "docID": "N251 Nategh",
    "et": "StemCellSourceType",
    "off": 10567,
    "sff": "cell"
  },
  {
    "docID": "N251 Nategh",
    "et": "StemCellSourceType",
    "off": 11399,
    "sff": "cell"
  },
  {
    "docID": "N251 Nategh",
    "et": "StemCellSourceType",
    "off": 585,
    "sff": "cell"
  },
  {
    "docID": "N251 Nategh",
    "et": "StemCellSourceType",
    "off": 10427,
    "sff": "cell"
  },
  {
    "docID": "N251 Nategh",
    "et": "StemCellSourceType",
    "off": 17725,
    "sff": "cell"
  },
  {
    "docID": "N251 Nategh",
    "et": "StemCellSourceType",
    "off": 14975,
    "sff": "cell"
  },
  {
    "docID": "N251 Nategh",
    "et": "StemCellSourceType",
    "off": 16319,
    "sff": "cell"
  },
  {
    "docID": "N251 Nategh",
    "et": "StemCellSourceType",
    "off": 1535,
    "sff": "cell"
  },
  {
    "docID": "N251 Nategh",
    "et": "StemCellSourceType",
    "off": 7228,
    "sff": "Cell"
  },
  {
    "docID": "N251 Nategh",
    "et": "StemCellSourceType",
    "off": 14645,
    "sff": "cell"
  },
  {
    "docID": "N251 Nategh",
    "et": "StemCellSourceType",
    "off": 5423,
    "sff": "Cell"
  },
  {
    "docID": "N251 Nategh",
    "et": "StemCellSourceType",
    "off": 12202,
    "sff": "cell"
  },
  {
    "docID": "N251 Nategh",
    "et": "StemCellSourceType",
    "off": 3249,
    "sff": "cell"
  },
  {
    "docID": "N251 Nategh",
    "et": "StemCellSourceType",
    "off": 15139,
    "sff": "cell"
  },
  {
    "docID": "N251 Nategh",
    "et": "StemCellSourceType",
    "off": 16355,
    "sff": "cell"
  },
  {
    "docID": "N251 Nategh",
    "et": "StemCellSourceType",
    "off": 18147,
    "sff": "cell"
  },
  {
    "docID": "N251 Nategh",
    "et": "StemCellSourceType",
    "off": 13605,
    "sff": "cell"
  },
  {
    "docID": "N251 Nategh",
    "et": "StemCellSourceType",
    "off": 11366,
    "sff": "cell"
  },
  {
    "docID": "N251 Nategh",
    "et": "StemCellSourceType",
    "off": 3049,
    "sff": "cell"
  },
  {
    "docID": "N251 Nategh",
    "et": "InVitroExperimentalProcedure",
    "off": 2815,
    "sff": "vitro"
  },
  {
    "docID": "N251 Nategh",
    "et": "InVitroExperimentalProcedure",
    "off": 9554,
    "sff": "experimental"
  },
  {
    "docID": "N251 Nategh",
    "et": "InVitroExperimentalProcedure",
    "off": 10008,
    "sff": "experimental"
  },
  {
    "docID": "N251 Nategh",
    "et": "InVitroExperimentalProcedure",
    "off": 11014,
    "sff": "experimental"
  },
  {
    "docID": "N251 Nategh",
    "et": "InVitroExperimentalProcedure",
    "off": 1843,
    "sff": "vitro"
  },
  {
    "docID": "N251 Nategh",
    "et": "InVitroExperimentalProcedure",
    "off": 2476,
    "sff": "experimental"
  },
  {
    "docID": "N251 Nategh",
    "et": "InVitroExperimentalProcedure",
    "off": 9757,
    "sff": "experimental"
  },
  {
    "docID": "N251 Nategh",
    "et": "VentralInjuryArea",
    "off": 14097,
    "sff": "ventral"
  },
  {
    "docID": "N251 Nategh",
    "et": "VentralInjuryArea",
    "off": 4821,
    "sff": "ventral"
  },
  {
    "docID": "N251 Nategh",
    "et": "VentralInjuryArea",
    "off": 13916,
    "sff": "ventral"
  },
  {
    "docID": "N251 Nategh",
    "et": "Clip",
    "off": 4804,
    "sff": "clip"
  },
  {
    "docID": "N251 Nategh",
    "et": "Clip",
    "off": 13463,
    "sff": "clip"
  },
  {
    "docID": "N251 Nategh",
    "et": "Clip",
    "off": 13853,
    "sff": "clip"
  },
  {
    "docID": "N251 Nategh",
    "et": "Clip",
    "off": 4686,
    "sff": "clip"
  },
  {
    "docID": "N251 Nategh",
    "et": "Clip",
    "off": 13966,
    "sff": "clip"
  },
  {
    "docID": "N251 Nategh",
    "et": "Clip",
    "off": 14366,
    "sff": "clip"
  },
  {
    "docID": "N251 Nategh",
    "et": "Clip",
    "off": 640,
    "sff": "clip"
  },
  {
    "docID": "N251 Nategh",
    "et": "Clip",
    "off": 13647,
    "sff": "clip"
  },
  {
    "docID": "N251 Nategh",
    "et": "Clip",
    "off": 14303,
    "sff": "clip"
  },
  {
    "docID": "N251 Nategh",
    "et": "AllenWeightDropDevice",
    "off": 13389,
    "sff": "weight"
  },
  {
    "docID": "N251 Nategh",
    "et": "AllenWeightDropDevice",
    "off": 13389,
    "sff": "weight drop"
  },
  {
    "docID": "N251 Nategh",
    "et": "Cell",
    "off": 2574,
    "sff": "cell"
  },
  {
    "docID": "N251 Nategh",
    "et": "Cell",
    "off": 1936,
    "sff": "cell"
  },
  {
    "docID": "N251 Nategh",
    "et": "Cell",
    "off": 5456,
    "sff": "cell"
  },
  {
    "docID": "N251 Nategh",
    "et": "Cell",
    "off": 17936,
    "sff": "cell"
  },
  {
    "docID": "N251 Nategh",
    "et": "Cell",
    "off": 1810,
    "sff": "cell"
  },
  {
    "docID": "N251 Nategh",
    "et": "Cell",
    "off": 6794,
    "sff": "Cell"
  },
  {
    "docID": "N251 Nategh",
    "et": "Cell",
    "off": 17348,
    "sff": "cell"
  },
  {
    "docID": "N251 Nategh",
    "et": "Cell",
    "off": 10567,
    "sff": "cell"
  },
  {
    "docID": "N251 Nategh",
    "et": "Cell",
    "off": 11399,
    "sff": "cell"
  },
  {
    "docID": "N251 Nategh",
    "et": "Cell",
    "off": 2630,
    "sff": "cell"
  },
  {
    "docID": "N251 Nategh",
    "et": "Cell",
    "off": 585,
    "sff": "cell"
  },
  {
    "docID": "N251 Nategh",
    "et": "Cell",
    "off": 3595,
    "sff": "cell"
  },
  {
    "docID": "N251 Nategh",
    "et": "Cell",
    "off": 15306,
    "sff": "cell"
  },
  {
    "docID": "N251 Nategh",
    "et": "Cell",
    "off": 2460,
    "sff": "cell"
  },
  {
    "docID": "N251 Nategh",
    "et": "Cell",
    "off": 12764,
    "sff": "cell"
  },
  {
    "docID": "N251 Nategh",
    "et": "Cell",
    "off": 1566,
    "sff": "Cell"
  },
  {
    "docID": "N251 Nategh",
    "et": "Cell",
    "off": 6880,
    "sff": "cell"
  },
  {
    "docID": "N251 Nategh",
    "et": "Cell",
    "off": 15139,
    "sff": "cell"
  },
  {
    "docID": "N251 Nategh",
    "et": "Cell",
    "off": 16355,
    "sff": "cell"
  },
  {
    "docID": "N251 Nategh",
    "et": "Cell",
    "off": 18147,
    "sff": "cell"
  },
  {
    "docID": "N251 Nategh",
    "et": "Cell",
    "off": 18587,
    "sff": "cell"
  },
  {
    "docID": "N251 Nategh",
    "et": "Cell",
    "off": 14938,
    "sff": "cell"
  },
  {
    "docID": "N251 Nategh",
    "et": "Cell",
    "off": 3249,
    "sff": "cell"
  },
  {
    "docID": "N251 Nategh",
    "et": "Cell",
    "off": 5423,
    "sff": "Cell"
  },
  {
    "docID": "N251 Nategh",
    "et": "Cell",
    "off": 13605,
    "sff": "cell"
  },
  {
    "docID": "N251 Nategh",
    "et": "Cell",
    "off": 11366,
    "sff": "cell"
  },
  {
    "docID": "N251 Nategh",
    "et": "Cell",
    "off": 3049,
    "sff": "cell"
  },
  {
    "docID": "N251 Nategh",
    "et": "Cell",
    "off": 12202,
    "sff": "cell"
  },
  {
    "docID": "N251 Nategh",
    "et": "Cell",
    "off": 17725,
    "sff": "cell"
  },
  {
    "docID": "N251 Nategh",
    "et": "Cell",
    "off": 6531,
    "sff": "Cell"
  },
  {
    "docID": "N251 Nategh",
    "et": "Cell",
    "off": 1535,
    "sff": "cell"
  },
  {
    "docID": "N251 Nategh",
    "et": "Cell",
    "off": 14975,
    "sff": "cell"
  },
  {
    "docID": "N251 Nategh",
    "et": "Cell",
    "off": 16319,
    "sff": "cell"
  },
  {
    "docID": "N251 Nategh",
    "et": "Cell",
    "off": 7228,
    "sff": "Cell"
  },
  {
    "docID": "N251 Nategh",
    "et": "Cell",
    "off": 14645,
    "sff": "cell"
  },
  {
    "docID": "N251 Nategh",
    "et": "Cell",
    "off": 10427,
    "sff": "cell"
  },
  {
    "docID": "N251 Nategh",
    "et": "Labeling",
    "off": 16978,
    "sff": "labeling"
  },
  {
    "docID": "N251 Nategh",
    "et": "Labeling",
    "off": 846,
    "sff": "labeling"
  },
  {
    "docID": "N251 Nategh",
    "et": "Labeling",
    "off": 1021,
    "sff": "labeling"
  },
  {
    "docID": "N251 Nategh",
    "et": "Labeling",
    "off": 6172,
    "sff": "labeling"
  },
  {
    "docID": "N251 Nategh",
    "et": "Labeling",
    "off": 16235,
    "sff": "labeling"
  },
  {
    "docID": "N251 Nategh",
    "et": "Labeling",
    "off": 16282,
    "sff": "labeling"
  },
  {
    "docID": "N251 Nategh",
    "et": "Labeling",
    "off": 11921,
    "sff": "Labeling"
  },
  {
    "docID": "N251 Nategh",
    "et": "SpinalDorsalHalf",
    "off": 4833,
    "sff": "dorsal"
  },
  {
    "docID": "N251 Nategh",
    "et": "SpinalDorsalHalf",
    "off": 13905,
    "sff": "dorsal"
  },
  {
    "docID": "N251 Nategh",
    "et": "SpinalDorsalHalf",
    "off": 2263,
    "sff": "dorsal"
  },
  {
    "docID": "N251 Nategh",
    "et": "Lateral",
    "off": 14011,
    "sff": "lateral"
  },
  {
    "docID": "N251 Nategh",
    "et": "HematoxyLinEosin",
    "off": 9395,
    "sff": "Hematoxylin"
  },
  {
    "docID": "N251 Nategh",
    "et": "HematoxyLinEosin",
    "off": 9245,
    "sff": "Hematoxylin"
  },
  {
    "docID": "N251 Nategh",
    "et": "CompleteTransectionType",
    "off": 2183,
    "sff": "transection"
  },
  {
    "docID": "N251 Nategh",
    "et": "CompleteTransectionType",
    "off": 13506,
    "sff": "complete"
  },
  {
    "docID": "N251 Nategh",
    "et": "Water",
    "off": 5107,
    "sff": "water"
  },
  {
    "docID": "N251 Nategh",
    "et": "Water",
    "off": 8584,
    "sff": "water"
  },
  {
    "docID": "N251 Nategh",
    "et": "ExperimentalProcedure",
    "off": 9554,
    "sff": "experimental"
  },
  {
    "docID": "N251 Nategh",
    "et": "ExperimentalProcedure",
    "off": 11014,
    "sff": "experimental"
  },
  {
    "docID": "N251 Nategh",
    "et": "ExperimentalProcedure",
    "off": 10008,
    "sff": "experimental"
  },
  {
    "docID": "N251 Nategh",
    "et": "ExperimentalProcedure",
    "off": 2476,
    "sff": "experimental"
  },
  {
    "docID": "N251 Nategh",
    "et": "ExperimentalProcedure",
    "off": 9757,
    "sff": "experimental"
  },
  {
    "docID": "N251 Nategh",
    "et": "BodyTemperatureMeasurement",
    "off": 8870,
    "sff": "temperature"
  },
  {
    "docID": "N251 Nategh",
    "et": "BodyTemperatureMeasurement",
    "off": 9047,
    "sff": "temperature"
  },
  {
    "docID": "N251 Nategh",
    "et": "PartialTransectionType",
    "off": 2183,
    "sff": "transection"
  },
  {
    "docID": "N251 Nategh",
    "et": "VentralHemisection",
    "off": 13916,
    "sff": "ventral"
  },
  {
    "docID": "N251 Nategh",
    "et": "VentralHemisection",
    "off": 14097,
    "sff": "ventral"
  },
  {
    "docID": "N251 Nategh",
    "et": "VentralHemisection",
    "off": 4821,
    "sff": "ventral"
  },
  {
    "docID": "N251 Nategh",
    "et": "CompleteInjuryArea",
    "off": 13506,
    "sff": "complete"
  }
]
