[
  {
    "docID": "N253 Salehi 2009",
    "et": "CompleteTransection",
    "off": 21976,
    "sff": "complete"
  },
  {
    "docID": "N253 Salehi 2009",
    "et": "MagnesiumSulfate",
    "off": 5096,
    "sff": "magnesium"
  },
  {
    "docID": "N253 Salehi 2009",
    "et": "OlfactoryEnsheathingGliaCell",
    "off": 5243,
    "sff": "olfactory"
  },
  {
    "docID": "N253 Salehi 2009",
    "et": "OlfactoryEnsheathingGliaCell",
    "off": 2321,
    "sff": "Olfactory ensheathing"
  },
  {
    "docID": "N253 Salehi 2009",
    "et": "OlfactoryEnsheathingGliaCell",
    "off": 577,
    "sff": "olfactory"
  },
  {
    "docID": "N253 Salehi 2009",
    "et": "OlfactoryEnsheathingGliaCell",
    "off": 548,
    "sff": "olfactory"
  },
  {
    "docID": "N253 Salehi 2009",
    "et": "OlfactoryEnsheathingGliaCell",
    "off": 2408,
    "sff": "olfactory"
  },
  {
    "docID": "N253 Salehi 2009",
    "et": "OlfactoryEnsheathingGliaCell",
    "off": 5032,
    "sff": "olfactory"
  },
  {
    "docID": "N253 Salehi 2009",
    "et": "OlfactoryEnsheathingGliaCell",
    "off": 2321,
    "sff": "Olfactory ensheathing cell"
  },
  {
    "docID": "N253 Salehi 2009",
    "et": "OlfactoryEnsheathingGliaCell",
    "off": 14055,
    "sff": "Olfactory ensheathing"
  },
  {
    "docID": "N253 Salehi 2009",
    "et": "OlfactoryEnsheathingGliaCell",
    "off": 5003,
    "sff": "olfactory"
  },
  {
    "docID": "N253 Salehi 2009",
    "et": "OlfactoryEnsheathingGliaCell",
    "off": 100,
    "sff": "Olfactory Ensheathing"
  },
  {
    "docID": "N253 Salehi 2009",
    "et": "OlfactoryEnsheathingGliaCell",
    "off": 100,
    "sff": "Olfactory Ensheathing Cell"
  },
  {
    "docID": "N253 Salehi 2009",
    "et": "OlfactoryEnsheathingGliaCell",
    "off": 29585,
    "sff": "olfactory"
  },
  {
    "docID": "N253 Salehi 2009",
    "et": "OlfactoryEnsheathingGliaCell",
    "off": 412,
    "sff": "olfactory ensheathing"
  },
  {
    "docID": "N253 Salehi 2009",
    "et": "OlfactoryEnsheathingGliaCell",
    "off": 5266,
    "sff": "olfactory"
  },
  {
    "docID": "N253 Salehi 2009",
    "et": "MesenchymalStemCell",
    "off": 65,
    "sff": "Stem"
  },
  {
    "docID": "N253 Salehi 2009",
    "et": "MesenchymalStemCell",
    "off": 460,
    "sff": "stem"
  },
  {
    "docID": "N253 Salehi 2009",
    "et": "MesenchymalStemCell",
    "off": 28110,
    "sff": "stem"
  },
  {
    "docID": "N253 Salehi 2009",
    "et": "MesenchymalStemCell",
    "off": 28270,
    "sff": "stem"
  },
  {
    "docID": "N253 Salehi 2009",
    "et": "MesenchymalStemCell",
    "off": 27878,
    "sff": "stem cell"
  },
  {
    "docID": "N253 Salehi 2009",
    "et": "MesenchymalStemCell",
    "off": 3408,
    "sff": "stem"
  },
  {
    "docID": "N253 Salehi 2009",
    "et": "MesenchymalStemCell",
    "off": 6687,
    "sff": "Stem"
  },
  {
    "docID": "N253 Salehi 2009",
    "et": "MesenchymalStemCell",
    "off": 2741,
    "sff": "stem"
  },
  {
    "docID": "N253 Salehi 2009",
    "et": "MesenchymalStemCell",
    "off": 30532,
    "sff": "stem"
  },
  {
    "docID": "N253 Salehi 2009",
    "et": "MesenchymalStemCell",
    "off": 27878,
    "sff": "stem"
  },
  {
    "docID": "N253 Salehi 2009",
    "et": "MesenchymalStemCell",
    "off": 2793,
    "sff": "stem"
  },
  {
    "docID": "N253 Salehi 2009",
    "et": "MesenchymalStemCell",
    "off": 28110,
    "sff": "stem cell"
  },
  {
    "docID": "N253 Salehi 2009",
    "et": "DorsalInjuryArea",
    "off": 22116,
    "sff": "dorsal"
  },
  {
    "docID": "N253 Salehi 2009",
    "et": "DorsalInjuryArea",
    "off": 22947,
    "sff": "dorsal"
  },
  {
    "docID": "N253 Salehi 2009",
    "et": "KetamineAsAnaesthetic",
    "off": 4795,
    "sff": "ketamine"
  },
  {
    "docID": "N253 Salehi 2009",
    "et": "KetamineAsAnaesthetic",
    "off": 9787,
    "sff": "ketamine"
  },
  {
    "docID": "N253 Salehi 2009",
    "et": "MouseSpecies",
    "off": 8594,
    "sff": "mouse"
  },
  {
    "docID": "N253 Salehi 2009",
    "et": "MouseSpecies",
    "off": 6659,
    "sff": "mouse"
  },
  {
    "docID": "N253 Salehi 2009",
    "et": "MouseSpecies",
    "off": 14400,
    "sff": "mouse"
  },
  {
    "docID": "N253 Salehi 2009",
    "et": "MouseSpecies",
    "off": 625,
    "sff": "mouse"
  },
  {
    "docID": "N253 Salehi 2009",
    "et": "MouseSpecies",
    "off": 8881,
    "sff": "mouse"
  },
  {
    "docID": "N253 Salehi 2009",
    "et": "MouseSpecies",
    "off": 8799,
    "sff": "mouse"
  },
  {
    "docID": "N253 Salehi 2009",
    "et": "MouseSpecies",
    "off": 3180,
    "sff": "mouse"
  },
  {
    "docID": "N253 Salehi 2009",
    "et": "NOGOReceptorAntagonist",
    "off": 8503,
    "sff": "receptor"
  },
  {
    "docID": "N253 Salehi 2009",
    "et": "NOGOReceptorAntagonist",
    "off": 16094,
    "sff": "receptor"
  },
  {
    "docID": "N253 Salehi 2009",
    "et": "SpinalFiberTract",
    "off": 28313,
    "sff": "fiber"
  },
  {
    "docID": "N253 Salehi 2009",
    "et": "SpinalFiberTract",
    "off": 22910,
    "sff": "fiber"
  },
  {
    "docID": "N253 Salehi 2009",
    "et": "DorsalHemisection",
    "off": 22947,
    "sff": "dorsal"
  },
  {
    "docID": "N253 Salehi 2009",
    "et": "DorsalHemisection",
    "off": 22116,
    "sff": "dorsal"
  },
  {
    "docID": "N253 Salehi 2009",
    "et": "SpinalVentralHalf",
    "off": 24427,
    "sff": "ventral"
  },
  {
    "docID": "N253 Salehi 2009",
    "et": "DorsalColumn",
    "off": 22116,
    "sff": "dorsal"
  },
  {
    "docID": "N253 Salehi 2009",
    "et": "DorsalColumn",
    "off": 22947,
    "sff": "dorsal column"
  },
  {
    "docID": "N253 Salehi 2009",
    "et": "Tissue",
    "off": 20309,
    "sff": "tissue"
  },
  {
    "docID": "N253 Salehi 2009",
    "et": "Tissue",
    "off": 21331,
    "sff": "tissue"
  },
  {
    "docID": "N253 Salehi 2009",
    "et": "Tissue",
    "off": 19286,
    "sff": "tissue"
  },
  {
    "docID": "N253 Salehi 2009",
    "et": "Tissue",
    "off": 19612,
    "sff": "tissue"
  },
  {
    "docID": "N253 Salehi 2009",
    "et": "Tissue",
    "off": 25120,
    "sff": "tissue"
  },
  {
    "docID": "N253 Salehi 2009",
    "et": "Tissue",
    "off": 23007,
    "sff": "tissue"
  },
  {
    "docID": "N253 Salehi 2009",
    "et": "Tissue",
    "off": 18659,
    "sff": "tissue"
  },
  {
    "docID": "N253 Salehi 2009",
    "et": "Tissue",
    "off": 5160,
    "sff": "tissue"
  },
  {
    "docID": "N253 Salehi 2009",
    "et": "Tissue",
    "off": 5542,
    "sff": "tissue"
  },
  {
    "docID": "N253 Salehi 2009",
    "et": "Tissue",
    "off": 13223,
    "sff": "tissue"
  },
  {
    "docID": "N253 Salehi 2009",
    "et": "Tissue",
    "off": 14828,
    "sff": "tissue"
  },
  {
    "docID": "N253 Salehi 2009",
    "et": "Tissue",
    "off": 28714,
    "sff": "tissue"
  },
  {
    "docID": "N253 Salehi 2009",
    "et": "Tissue",
    "off": 18993,
    "sff": "tissue"
  },
  {
    "docID": "N253 Salehi 2009",
    "et": "Tissue",
    "off": 13619,
    "sff": "tissue"
  },
  {
    "docID": "N253 Salehi 2009",
    "et": "Tissue",
    "off": 18808,
    "sff": "tissue"
  },
  {
    "docID": "N253 Salehi 2009",
    "et": "Tissue",
    "off": 19067,
    "sff": "tissue"
  },
  {
    "docID": "N253 Salehi 2009",
    "et": "Tissue",
    "off": 14715,
    "sff": "tissue"
  },
  {
    "docID": "N253 Salehi 2009",
    "et": "Tissue",
    "off": 1280,
    "sff": "tissue"
  },
  {
    "docID": "N253 Salehi 2009",
    "et": "Tissue",
    "off": 19457,
    "sff": "tissue"
  },
  {
    "docID": "N253 Salehi 2009",
    "et": "Tissue",
    "off": 25278,
    "sff": "tissue"
  },
  {
    "docID": "N253 Salehi 2009",
    "et": "Tissue",
    "off": 18885,
    "sff": "tissue"
  },
  {
    "docID": "N253 Salehi 2009",
    "et": "Tissue",
    "off": 1155,
    "sff": "tissue"
  },
  {
    "docID": "N253 Salehi 2009",
    "et": "Tissue",
    "off": 13319,
    "sff": "tissue"
  },
  {
    "docID": "N253 Salehi 2009",
    "et": "Tissue",
    "off": 26445,
    "sff": "tissue"
  },
  {
    "docID": "N253 Salehi 2009",
    "et": "Tissue",
    "off": 12945,
    "sff": "tissue"
  },
  {
    "docID": "N253 Salehi 2009",
    "et": "InjectionDelivery",
    "off": 4395,
    "sff": "injection"
  },
  {
    "docID": "N253 Salehi 2009",
    "et": "SpinalLesionSite",
    "off": 4293,
    "sff": "lesion"
  },
  {
    "docID": "N253 Salehi 2009",
    "et": "SpinalLesionSite",
    "off": 802,
    "sff": "lesion"
  },
  {
    "docID": "N253 Salehi 2009",
    "et": "SpinalLesionSite",
    "off": 898,
    "sff": "lesion"
  },
  {
    "docID": "N253 Salehi 2009",
    "et": "SpinalLesionSite",
    "off": 25841,
    "sff": "lesion"
  },
  {
    "docID": "N253 Salehi 2009",
    "et": "SpinalLesionSite",
    "off": 4417,
    "sff": "lesion"
  },
  {
    "docID": "N253 Salehi 2009",
    "et": "SpinalLesionSite",
    "off": 4367,
    "sff": "lesion"
  },
  {
    "docID": "N253 Salehi 2009",
    "et": "SpinalLesionSite",
    "off": 4474,
    "sff": "lesion"
  },
  {
    "docID": "N253 Salehi 2009",
    "et": "SpinalLesionSite",
    "off": 4550,
    "sff": "lesion"
  },
  {
    "docID": "N253 Salehi 2009",
    "et": "Weight",
    "off": 3862,
    "sff": "250-300 g"
  },
  {
    "docID": "N253 Salehi 2009",
    "et": "Epidural",
    "off": 10026,
    "sff": "epidural"
  },
  {
    "docID": "N253 Salehi 2009",
    "et": "T8",
    "off": 10108,
    "sff": "T8"
  },
  {
    "docID": "N253 Salehi 2009",
    "et": "T9",
    "off": 11418,
    "sff": "T9"
  },
  {
    "docID": "N253 Salehi 2009",
    "et": "T9",
    "off": 10111,
    "sff": "T9"
  },
  {
    "docID": "N253 Salehi 2009",
    "et": "Xylazine",
    "off": 4808,
    "sff": "xylazine"
  },
  {
    "docID": "N253 Salehi 2009",
    "et": "Xylazine",
    "off": 9811,
    "sff": "xylazine"
  },
  {
    "docID": "N253 Salehi 2009",
    "et": "CompoundBiologicalRelation",
    "off": 12174,
    "sff": "compound"
  },
  {
    "docID": "N253 Salehi 2009",
    "et": "AnimalCareCondition",
    "off": 4119,
    "sff": "Care"
  },
  {
    "docID": "N253 Salehi 2009",
    "et": "Contusion",
    "off": 14518,
    "sff": "contusion"
  },
  {
    "docID": "N253 Salehi 2009",
    "et": "Saline",
    "off": 10165,
    "sff": "saline"
  },
  {
    "docID": "N253 Salehi 2009",
    "et": "Dosage",
    "off": 10278,
    "sff": "50 mg/kg"
  },
  {
    "docID": "N253 Salehi 2009",
    "et": "Dosage",
    "off": 11292,
    "sff": "5 μL"
  },
  {
    "docID": "N253 Salehi 2009",
    "et": "Dosage",
    "off": 7412,
    "sff": "10%"
  },
  {
    "docID": "N253 Salehi 2009",
    "et": "Dosage",
    "off": 8120,
    "sff": "10%"
  },
  {
    "docID": "N253 Salehi 2009",
    "et": "Dosage",
    "off": 12028,
    "sff": "2.5%"
  },
  {
    "docID": "N253 Salehi 2009",
    "et": "Dosage",
    "off": 23660,
    "sff": "50%"
  },
  {
    "docID": "N253 Salehi 2009",
    "et": "Dosage",
    "off": 7921,
    "sff": "4%"
  },
  {
    "docID": "N253 Salehi 2009",
    "et": "Dosage",
    "off": 11012,
    "sff": "10 mg/kg"
  },
  {
    "docID": "N253 Salehi 2009",
    "et": "Dosage",
    "off": 3866,
    "sff": "300 g"
  },
  {
    "docID": "N253 Salehi 2009",
    "et": "Dosage",
    "off": 5898,
    "sff": "100 μg/ml"
  },
  {
    "docID": "N253 Salehi 2009",
    "et": "Dosage",
    "off": 7198,
    "sff": "2 mM"
  },
  {
    "docID": "N253 Salehi 2009",
    "et": "Dosage",
    "off": 8091,
    "sff": "1 mg/ml"
  },
  {
    "docID": "N253 Salehi 2009",
    "et": "Dosage",
    "off": 5873,
    "sff": "100 IU/ml"
  },
  {
    "docID": "N253 Salehi 2009",
    "et": "Dosage",
    "off": 10319,
    "sff": "2 mg/ml"
  },
  {
    "docID": "N253 Salehi 2009",
    "et": "Dosage",
    "off": 12004,
    "sff": "4%"
  },
  {
    "docID": "N253 Salehi 2009",
    "et": "Dosage",
    "off": 5507,
    "sff": "5%"
  },
  {
    "docID": "N253 Salehi 2009",
    "et": "Dosage",
    "off": 8015,
    "sff": "0.1%"
  },
  {
    "docID": "N253 Salehi 2009",
    "et": "Dosage",
    "off": 6882,
    "sff": "0.1 mM"
  },
  {
    "docID": "N253 Salehi 2009",
    "et": "Dosage",
    "off": 9532,
    "sff": "10 μg/ml"
  },
  {
    "docID": "N253 Salehi 2009",
    "et": "Dosage",
    "off": 5412,
    "sff": "2.4 U/ml"
  },
  {
    "docID": "N253 Salehi 2009",
    "et": "Dosage",
    "off": 7853,
    "sff": "10%"
  },
  {
    "docID": "N253 Salehi 2009",
    "et": "Dosage",
    "off": 5806,
    "sff": "10%"
  },
  {
    "docID": "N253 Salehi 2009",
    "et": "Dosage",
    "off": 9466,
    "sff": "1.5%"
  },
  {
    "docID": "N253 Salehi 2009",
    "et": "Dosage",
    "off": 6012,
    "sff": "5%"
  },
  {
    "docID": "N253 Salehi 2009",
    "et": "Dosage",
    "off": 10693,
    "sff": "10 μg/ml"
  },
  {
    "docID": "N253 Salehi 2009",
    "et": "Dosage",
    "off": 6840,
    "sff": "1%"
  },
  {
    "docID": "N253 Salehi 2009",
    "et": "Dosage",
    "off": 16355,
    "sff": "95%"
  },
  {
    "docID": "N253 Salehi 2009",
    "et": "Dosage",
    "off": 6921,
    "sff": "2 mM"
  },
  {
    "docID": "N253 Salehi 2009",
    "et": "Dosage",
    "off": 9797,
    "sff": "50 mg/kg"
  },
  {
    "docID": "N253 Salehi 2009",
    "et": "Dosage",
    "off": 5706,
    "sff": "300 ×g"
  },
  {
    "docID": "N253 Salehi 2009",
    "et": "Dosage",
    "off": 12118,
    "sff": "10%"
  },
  {
    "docID": "N253 Salehi 2009",
    "et": "Dosage",
    "off": 7216,
    "sff": "1%"
  },
  {
    "docID": "N253 Salehi 2009",
    "et": "Dosage",
    "off": 10159,
    "sff": "20 μl"
  },
  {
    "docID": "N253 Salehi 2009",
    "et": "Dosage",
    "off": 7818,
    "sff": "2%"
  },
  {
    "docID": "N253 Salehi 2009",
    "et": "Dosage",
    "off": 6952,
    "sff": "1%"
  },
  {
    "docID": "N253 Salehi 2009",
    "et": "Dosage",
    "off": 11344,
    "sff": "5 μl"
  },
  {
    "docID": "N253 Salehi 2009",
    "et": "Dosage",
    "off": 7269,
    "sff": "1%"
  },
  {
    "docID": "N253 Salehi 2009",
    "et": "Dosage",
    "off": 7717,
    "sff": "1%"
  },
  {
    "docID": "N253 Salehi 2009",
    "et": "Dosage",
    "off": 9821,
    "sff": "5 mg/kg"
  },
  {
    "docID": "N253 Salehi 2009",
    "et": "Dosage",
    "off": 6000,
    "sff": "95%"
  },
  {
    "docID": "N253 Salehi 2009",
    "et": "Dosage",
    "off": 10539,
    "sff": "2 mg/ml"
  },
  {
    "docID": "N253 Salehi 2009",
    "et": "Dosage",
    "off": 5843,
    "sff": "2 mM"
  },
  {
    "docID": "N253 Salehi 2009",
    "et": "Dosage",
    "off": 11366,
    "sff": "5 μl"
  },
  {
    "docID": "N253 Salehi 2009",
    "et": "Dosage",
    "off": 9905,
    "sff": "2 mm"
  },
  {
    "docID": "N253 Salehi 2009",
    "et": "Dosage",
    "off": 6993,
    "sff": "10%"
  },
  {
    "docID": "N253 Salehi 2009",
    "et": "Dosage",
    "off": 7243,
    "sff": "0.1 mM"
  },
  {
    "docID": "N253 Salehi 2009",
    "et": "Dosage",
    "off": 10473,
    "sff": "12 mg/kg"
  },
  {
    "docID": "N253 Salehi 2009",
    "et": "Dosage",
    "off": 5370,
    "sff": "0.25%"
  },
  {
    "docID": "N253 Salehi 2009",
    "et": "BladderExpression",
    "off": 22082,
    "sff": "bladder"
  },
  {
    "docID": "N253 Salehi 2009",
    "et": "BladderExpression",
    "off": 10347,
    "sff": "Bladder expression"
  },
  {
    "docID": "N253 Salehi 2009",
    "et": "PBS",
    "off": 8049,
    "sff": "PBS"
  },
  {
    "docID": "N253 Salehi 2009",
    "et": "PBS",
    "off": 8241,
    "sff": "PBS"
  },
  {
    "docID": "N253 Salehi 2009",
    "et": "PBS",
    "off": 8346,
    "sff": "PBS"
  },
  {
    "docID": "N253 Salehi 2009",
    "et": "PBS",
    "off": 8086,
    "sff": "PBS"
  },
  {
    "docID": "N253 Salehi 2009",
    "et": "PBS",
    "off": 12051,
    "sff": "PBS"
  },
  {
    "docID": "N253 Salehi 2009",
    "et": "PBS",
    "off": 7988,
    "sff": "PBS"
  },
  {
    "docID": "N253 Salehi 2009",
    "et": "PBS",
    "off": 11988,
    "sff": "PBS"
  },
  {
    "docID": "N253 Salehi 2009",
    "et": "StemCell",
    "off": 2793,
    "sff": "stem"
  },
  {
    "docID": "N253 Salehi 2009",
    "et": "StemCell",
    "off": 6687,
    "sff": "Stem"
  },
  {
    "docID": "N253 Salehi 2009",
    "et": "StemCell",
    "off": 27878,
    "sff": "stem cell"
  },
  {
    "docID": "N253 Salehi 2009",
    "et": "StemCell",
    "off": 30532,
    "sff": "stem"
  },
  {
    "docID": "N253 Salehi 2009",
    "et": "StemCell",
    "off": 3408,
    "sff": "stem"
  },
  {
    "docID": "N253 Salehi 2009",
    "et": "StemCell",
    "off": 28110,
    "sff": "stem cell"
  },
  {
    "docID": "N253 Salehi 2009",
    "et": "StemCell",
    "off": 460,
    "sff": "stem"
  },
  {
    "docID": "N253 Salehi 2009",
    "et": "Vertebrae",
    "off": 9856,
    "sff": "vertebrae"
  },
  {
    "docID": "N253 Salehi 2009",
    "et": "Duration",
    "off": 11726,
    "sff": "3 days"
  },
  {
    "docID": "N253 Salehi 2009",
    "et": "Duration",
    "off": 5526,
    "sff": "30 minutes"
  },
  {
    "docID": "N253 Salehi 2009",
    "et": "Duration",
    "off": 5717,
    "sff": "5 minutes"
  },
  {
    "docID": "N253 Salehi 2009",
    "et": "Duration",
    "off": 15797,
    "sff": "4 weeks"
  },
  {
    "docID": "N253 Salehi 2009",
    "et": "Duration",
    "off": 23857,
    "sff": "12 hours"
  },
  {
    "docID": "N253 Salehi 2009",
    "et": "Duration",
    "off": 6532,
    "sff": "2 days"
  },
  {
    "docID": "N253 Salehi 2009",
    "et": "Duration",
    "off": 15166,
    "sff": "4 weeks"
  },
  {
    "docID": "N253 Salehi 2009",
    "et": "Duration",
    "off": 10640,
    "sff": "30 minutes"
  },
  {
    "docID": "N253 Salehi 2009",
    "et": "Duration",
    "off": 6023,
    "sff": "18 hours"
  },
  {
    "docID": "N253 Salehi 2009",
    "et": "Duration",
    "off": 6246,
    "sff": "36 hours"
  },
  {
    "docID": "N253 Salehi 2009",
    "et": "Duration",
    "off": 9373,
    "sff": "30 s"
  },
  {
    "docID": "N253 Salehi 2009",
    "et": "Duration",
    "off": 9406,
    "sff": "10 minutes"
  },
  {
    "docID": "N253 Salehi 2009",
    "et": "Duration",
    "off": 20203,
    "sff": "6D"
  },
  {
    "docID": "N253 Salehi 2009",
    "et": "Duration",
    "off": 11910,
    "sff": "28 days"
  },
  {
    "docID": "N253 Salehi 2009",
    "et": "Duration",
    "off": 18198,
    "sff": "4 weeks"
  },
  {
    "docID": "N253 Salehi 2009",
    "et": "Duration",
    "off": 9355,
    "sff": "30 s"
  },
  {
    "docID": "N253 Salehi 2009",
    "et": "Duration",
    "off": 10942,
    "sff": "9 days"
  },
  {
    "docID": "N253 Salehi 2009",
    "et": "Duration",
    "off": 15511,
    "sff": "4 weeks"
  },
  {
    "docID": "N253 Salehi 2009",
    "et": "Duration",
    "off": 9311,
    "sff": "1 minute"
  },
  {
    "docID": "N253 Salehi 2009",
    "et": "Duration",
    "off": 11982,
    "sff": "0.1 M"
  },
  {
    "docID": "N253 Salehi 2009",
    "et": "Duration",
    "off": 7785,
    "sff": "3 days"
  },
  {
    "docID": "N253 Salehi 2009",
    "et": "Duration",
    "off": 11434,
    "sff": "5-minute"
  },
  {
    "docID": "N253 Salehi 2009",
    "et": "Duration",
    "off": 9388,
    "sff": "30 s and 72°"
  },
  {
    "docID": "N253 Salehi 2009",
    "et": "Duration",
    "off": 10176,
    "sff": "5 minutes"
  },
  {
    "docID": "N253 Salehi 2009",
    "et": "Duration",
    "off": 11786,
    "sff": "21 and 28 days"
  },
  {
    "docID": "N253 Salehi 2009",
    "et": "Duration",
    "off": 3985,
    "sff": "12 hour"
  },
  {
    "docID": "N253 Salehi 2009",
    "et": "Duration",
    "off": 3848,
    "sff": "6-8 weeks"
  },
  {
    "docID": "N253 Salehi 2009",
    "et": "Duration",
    "off": 6427,
    "sff": "48 hours"
  },
  {
    "docID": "N253 Salehi 2009",
    "et": "Duration",
    "off": 7605,
    "sff": "4 days"
  },
  {
    "docID": "N253 Salehi 2009",
    "et": "LesionAdjacentTissue",
    "off": 4474,
    "sff": "lesion"
  },
  {
    "docID": "N253 Salehi 2009",
    "et": "LesionAdjacentTissue",
    "off": 4367,
    "sff": "lesion"
  },
  {
    "docID": "N253 Salehi 2009",
    "et": "LesionAdjacentTissue",
    "off": 802,
    "sff": "lesion"
  },
  {
    "docID": "N253 Salehi 2009",
    "et": "LesionAdjacentTissue",
    "off": 898,
    "sff": "lesion"
  },
  {
    "docID": "N253 Salehi 2009",
    "et": "LesionAdjacentTissue",
    "off": 4417,
    "sff": "lesion"
  },
  {
    "docID": "N253 Salehi 2009",
    "et": "LesionAdjacentTissue",
    "off": 25841,
    "sff": "lesion"
  },
  {
    "docID": "N253 Salehi 2009",
    "et": "LesionAdjacentTissue",
    "off": 4550,
    "sff": "lesion"
  },
  {
    "docID": "N253 Salehi 2009",
    "et": "LesionAdjacentTissue",
    "off": 4293,
    "sff": "lesion"
  },
  {
    "docID": "N253 Salehi 2009",
    "et": "SevereInjury",
    "off": 18908,
    "sff": "severe"
  },
  {
    "docID": "N253 Salehi 2009",
    "et": "CentralNervousSystem",
    "off": 26772,
    "sff": "central nervous system"
  },
  {
    "docID": "N253 Salehi 2009",
    "et": "CentralNervousSystem",
    "off": 26772,
    "sff": "central nervous"
  },
  {
    "docID": "N253 Salehi 2009",
    "et": "CentralNervousSystem",
    "off": 27725,
    "sff": "nervous system"
  },
  {
    "docID": "N253 Salehi 2009",
    "et": "CentralNervousSystem",
    "off": 27725,
    "sff": "nervous"
  },
  {
    "docID": "N253 Salehi 2009",
    "et": "RocheMexico",
    "off": 5441,
    "sff": "Roche"
  },
  {
    "docID": "N253 Salehi 2009",
    "et": "WistarRat",
    "off": 9722,
    "sff": "Wistar"
  },
  {
    "docID": "N253 Salehi 2009",
    "et": "WistarRat",
    "off": 9722,
    "sff": "Wistar rats"
  },
  {
    "docID": "N253 Salehi 2009",
    "et": "WistarRat",
    "off": 3822,
    "sff": "Wistar"
  },
  {
    "docID": "N253 Salehi 2009",
    "et": "WistarRat",
    "off": 3822,
    "sff": "Wistar rats"
  },
  {
    "docID": "N253 Salehi 2009",
    "et": "Matrix",
    "off": 26627,
    "sff": "matrix"
  },
  {
    "docID": "N253 Salehi 2009",
    "et": "Matrix",
    "off": 2537,
    "sff": "matrix"
  },
  {
    "docID": "N253 Salehi 2009",
    "et": "Matrix",
    "off": 23114,
    "sff": "matrix"
  },
  {
    "docID": "N253 Salehi 2009",
    "et": "Matrix",
    "off": 26879,
    "sff": "matrix"
  },
  {
    "docID": "N253 Salehi 2009",
    "et": "SpinalCentralPart",
    "off": 26772,
    "sff": "central"
  },
  {
    "docID": "N253 Salehi 2009",
    "et": "InjuryArea",
    "off": 19701,
    "sff": "area"
  },
  {
    "docID": "N253 Salehi 2009",
    "et": "InjuryArea",
    "off": 12967,
    "sff": "area"
  },
  {
    "docID": "N253 Salehi 2009",
    "et": "InjuryArea",
    "off": 13303,
    "sff": "area"
  },
  {
    "docID": "N253 Salehi 2009",
    "et": "InjuryArea",
    "off": 15928,
    "sff": "area"
  },
  {
    "docID": "N253 Salehi 2009",
    "et": "InjuryArea",
    "off": 14737,
    "sff": "area"
  },
  {
    "docID": "N253 Salehi 2009",
    "et": "InjuryArea",
    "off": 14850,
    "sff": "area"
  },
  {
    "docID": "N253 Salehi 2009",
    "et": "InjuryArea",
    "off": 19040,
    "sff": "area"
  },
  {
    "docID": "N253 Salehi 2009",
    "et": "InjuryArea",
    "off": 19817,
    "sff": "area"
  },
  {
    "docID": "N253 Salehi 2009",
    "et": "InjuryArea",
    "off": 19977,
    "sff": "area"
  },
  {
    "docID": "N253 Salehi 2009",
    "et": "InjuryArea",
    "off": 15322,
    "sff": "area"
  },
  {
    "docID": "N253 Salehi 2009",
    "et": "InjuryArea",
    "off": 15418,
    "sff": "area"
  },
  {
    "docID": "N253 Salehi 2009",
    "et": "InjuryArea",
    "off": 13036,
    "sff": "area"
  },
  {
    "docID": "N253 Salehi 2009",
    "et": "AnatomicalLocation",
    "off": 22187,
    "sff": "anatomical"
  },
  {
    "docID": "N253 Salehi 2009",
    "et": "MedicationDuringSurgery",
    "off": 6101,
    "sff": "during"
  },
  {
    "docID": "N253 Salehi 2009",
    "et": "Ketamine",
    "off": 4795,
    "sff": "ketamine"
  },
  {
    "docID": "N253 Salehi 2009",
    "et": "Ketamine",
    "off": 9787,
    "sff": "ketamine"
  },
  {
    "docID": "N253 Salehi 2009",
    "et": "DNA",
    "off": 9428,
    "sff": "DNA"
  },
  {
    "docID": "N253 Salehi 2009",
    "et": "FogartyBalloonCatheter",
    "off": 9969,
    "sff": "Fogarty catheter"
  },
  {
    "docID": "N253 Salehi 2009",
    "et": "FogartyBalloonCatheter",
    "off": 10125,
    "sff": "balloon"
  },
  {
    "docID": "N253 Salehi 2009",
    "et": "FogartyBalloonCatheter",
    "off": 9969,
    "sff": "Fogarty"
  },
  {
    "docID": "N253 Salehi 2009",
    "et": "FogartyBalloonCatheter",
    "off": 10090,
    "sff": "balloon"
  },
  {
    "docID": "N253 Salehi 2009",
    "et": "Brain",
    "off": 27922,
    "sff": "brain"
  },
  {
    "docID": "N253 Salehi 2009",
    "et": "Brain",
    "off": 25674,
    "sff": "brain"
  },
  {
    "docID": "N253 Salehi 2009",
    "et": "Brain",
    "off": 28154,
    "sff": "brain"
  },
  {
    "docID": "N253 Salehi 2009",
    "et": "Balloon",
    "off": 10090,
    "sff": "balloon"
  },
  {
    "docID": "N253 Salehi 2009",
    "et": "Balloon",
    "off": 10125,
    "sff": "balloon"
  },
  {
    "docID": "N253 Salehi 2009",
    "et": "AscendingFiberTract",
    "off": 22910,
    "sff": "fiber"
  },
  {
    "docID": "N253 Salehi 2009",
    "et": "AscendingFiberTract",
    "off": 28313,
    "sff": "fiber"
  },
  {
    "docID": "N253 Salehi 2009",
    "et": "SpinalWhiteMatter",
    "off": 297,
    "sff": "white matter"
  },
  {
    "docID": "N253 Salehi 2009",
    "et": "SpinalWhiteMatter",
    "off": 21129,
    "sff": "white matter"
  },
  {
    "docID": "N253 Salehi 2009",
    "et": "SpinalWhiteMatter",
    "off": 20999,
    "sff": "white matter"
  },
  {
    "docID": "N253 Salehi 2009",
    "et": "SpinalWhiteMatter",
    "off": 18774,
    "sff": "white"
  },
  {
    "docID": "N253 Salehi 2009",
    "et": "SpinalWhiteMatter",
    "off": 15340,
    "sff": "white matter"
  },
  {
    "docID": "N253 Salehi 2009",
    "et": "SpinalWhiteMatter",
    "off": 30700,
    "sff": "white matter"
  },
  {
    "docID": "N253 Salehi 2009",
    "et": "SpinalWhiteMatter",
    "off": 2288,
    "sff": "white matter"
  },
  {
    "docID": "N253 Salehi 2009",
    "et": "SpinalWhiteMatter",
    "off": 22822,
    "sff": "white matter"
  },
  {
    "docID": "N253 Salehi 2009",
    "et": "AntibioticMedication",
    "off": 11521,
    "sff": "antibiotic"
  },
  {
    "docID": "N253 Salehi 2009",
    "et": "AntibioticMedication",
    "off": 10256,
    "sff": "antibiotic"
  },
  {
    "docID": "N253 Salehi 2009",
    "et": "Antibody",
    "off": 8680,
    "sff": "antibody"
  },
  {
    "docID": "N253 Salehi 2009",
    "et": "Antibody",
    "off": 8614,
    "sff": "antibody"
  },
  {
    "docID": "N253 Salehi 2009",
    "et": "Antibody",
    "off": 14214,
    "sff": "antibody"
  },
  {
    "docID": "N253 Salehi 2009",
    "et": "Antibody",
    "off": 8980,
    "sff": "antibody"
  },
  {
    "docID": "N253 Salehi 2009",
    "et": "Antibody",
    "off": 8293,
    "sff": "antibody"
  },
  {
    "docID": "N253 Salehi 2009",
    "et": "Purification",
    "off": 21776,
    "sff": "purification"
  },
  {
    "docID": "N253 Salehi 2009",
    "et": "UmbilicalCordBloodStemCell",
    "off": 5200,
    "sff": "blood"
  },
  {
    "docID": "N253 Salehi 2009",
    "et": "ContusionType",
    "off": 14518,
    "sff": "contusion"
  },
  {
    "docID": "N253 Salehi 2009",
    "et": "CompoundSupplier",
    "off": 12174,
    "sff": "compound"
  },
  {
    "docID": "N253 Salehi 2009",
    "et": "CyclosporineA",
    "off": 10998,
    "sff": "cyclosporine"
  },
  {
    "docID": "N253 Salehi 2009",
    "et": "Protein",
    "off": 23600,
    "sff": "protein"
  },
  {
    "docID": "N253 Salehi 2009",
    "et": "Protein",
    "off": 8747,
    "sff": "protein"
  },
  {
    "docID": "N253 Salehi 2009",
    "et": "Protein",
    "off": 14278,
    "sff": "protein"
  },
  {
    "docID": "N253 Salehi 2009",
    "et": "GlialCell",
    "off": 2371,
    "sff": "glial cell"
  },
  {
    "docID": "N253 Salehi 2009",
    "et": "GlialCell",
    "off": 3046,
    "sff": "glial"
  },
  {
    "docID": "N253 Salehi 2009",
    "et": "SpinalGrayMatter",
    "off": 23967,
    "sff": "gray matter"
  },
  {
    "docID": "N253 Salehi 2009",
    "et": "SpinalGrayMatter",
    "off": 18765,
    "sff": "gray"
  },
  {
    "docID": "N253 Salehi 2009",
    "et": "PostSurgeryCondition",
    "off": 11801,
    "sff": "post"
  },
  {
    "docID": "N253 Salehi 2009",
    "et": "PostSurgeryCondition",
    "off": 15187,
    "sff": "surgery"
  },
  {
    "docID": "N253 Salehi 2009",
    "et": "PostSurgeryCondition",
    "off": 11886,
    "sff": "post"
  },
  {
    "docID": "N253 Salehi 2009",
    "et": "PostSurgeryCondition",
    "off": 17808,
    "sff": "post"
  },
  {
    "docID": "N253 Salehi 2009",
    "et": "PostSurgeryCondition",
    "off": 17824,
    "sff": "post"
  },
  {
    "docID": "N253 Salehi 2009",
    "et": "PostSurgeryCondition",
    "off": 17537,
    "sff": "post"
  },
  {
    "docID": "N253 Salehi 2009",
    "et": "PostSurgeryCondition",
    "off": 13540,
    "sff": "post"
  },
  {
    "docID": "N253 Salehi 2009",
    "et": "RatSpecies",
    "off": 22480,
    "sff": "rat"
  },
  {
    "docID": "N253 Salehi 2009",
    "et": "RatSpecies",
    "off": 23424,
    "sff": "rat"
  },
  {
    "docID": "N253 Salehi 2009",
    "et": "RatSpecies",
    "off": 13157,
    "sff": "rat"
  },
  {
    "docID": "N253 Salehi 2009",
    "et": "VertebralArea",
    "off": 9935,
    "sff": "vertebral"
  },
  {
    "docID": "N253 Salehi 2009",
    "et": "VertebralSegment",
    "off": 9935,
    "sff": "vertebral"
  },
  {
    "docID": "N253 Salehi 2009",
    "et": "L1",
    "off": 30135,
    "sff": "L1"
  },
  {
    "docID": "N253 Salehi 2009",
    "et": "SchwannCell",
    "off": 23760,
    "sff": "Schwann"
  },
  {
    "docID": "N253 Salehi 2009",
    "et": "NewZealandRabbit",
    "off": 23256,
    "sff": "new"
  },
  {
    "docID": "N253 Salehi 2009",
    "et": "NewZealandRabbit",
    "off": 30946,
    "sff": "new"
  },
  {
    "docID": "N253 Salehi 2009",
    "et": "NewZealandRabbit",
    "off": 1887,
    "sff": "new"
  },
  {
    "docID": "N253 Salehi 2009",
    "et": "BoneMarrowStemCell",
    "off": 4935,
    "sff": "bone"
  },
  {
    "docID": "N253 Salehi 2009",
    "et": "SigmaAldrich",
    "off": 7942,
    "sff": "Sigma"
  },
  {
    "docID": "N253 Salehi 2009",
    "et": "SigmaAldrich",
    "off": 6373,
    "sff": "Sigma"
  },
  {
    "docID": "N253 Salehi 2009",
    "et": "SigmaAldrich",
    "off": 8104,
    "sff": "Sigma"
  },
  {
    "docID": "N253 Salehi 2009",
    "et": "SigmaAldrich",
    "off": 5148,
    "sff": "Sigma"
  },
  {
    "docID": "N253 Salehi 2009",
    "et": "SigmaAldrich",
    "off": 6908,
    "sff": "Sigma"
  },
  {
    "docID": "N253 Salehi 2009",
    "et": "SigmaAldrich",
    "off": 5835,
    "sff": "Sigma"
  },
  {
    "docID": "N253 Salehi 2009",
    "et": "SigmaAldrich",
    "off": 10717,
    "sff": "Sigma"
  },
  {
    "docID": "N253 Salehi 2009",
    "et": "SigmaAldrich",
    "off": 7568,
    "sff": "Sigma"
  },
  {
    "docID": "N253 Salehi 2009",
    "et": "SigmaAldrich",
    "off": 8624,
    "sff": "Sigma"
  },
  {
    "docID": "N253 Salehi 2009",
    "et": "SigmaAldrich",
    "off": 8034,
    "sff": "Sigma"
  },
  {
    "docID": "N253 Salehi 2009",
    "et": "SigmaAldrich",
    "off": 8915,
    "sff": "Sigma"
  },
  {
    "docID": "N253 Salehi 2009",
    "et": "T11",
    "off": 9870,
    "sff": "T11"
  },
  {
    "docID": "N253 Salehi 2009",
    "et": "T10",
    "off": 9866,
    "sff": "T10"
  },
  {
    "docID": "N253 Salehi 2009",
    "et": "T10",
    "off": 9953,
    "sff": "T10"
  },
  {
    "docID": "N253 Salehi 2009",
    "et": "PartialTransection",
    "off": 1699,
    "sff": "partial"
  },
  {
    "docID": "N253 Salehi 2009",
    "et": "PartialTransection",
    "off": 16410,
    "sff": "partial"
  },
  {
    "docID": "N253 Salehi 2009",
    "et": "PartialTransection",
    "off": 26010,
    "sff": "Partial"
  },
  {
    "docID": "N253 Salehi 2009",
    "et": "VertebralLocation",
    "off": 9935,
    "sff": "vertebral"
  },
  {
    "docID": "N253 Salehi 2009",
    "et": "LightSource",
    "off": 3998,
    "sff": "light"
  },
  {
    "docID": "N253 Salehi 2009",
    "et": "RNA",
    "off": 9003,
    "sff": "RNA"
  },
  {
    "docID": "N253 Salehi 2009",
    "et": "RNA",
    "off": 9064,
    "sff": "RNA"
  },
  {
    "docID": "N253 Salehi 2009",
    "et": "StemCellSourceType",
    "off": 28110,
    "sff": "stem cell"
  },
  {
    "docID": "N253 Salehi 2009",
    "et": "StemCellSourceType",
    "off": 12827,
    "sff": "cell"
  },
  {
    "docID": "N253 Salehi 2009",
    "et": "StemCellSourceType",
    "off": 22555,
    "sff": "cell"
  },
  {
    "docID": "N253 Salehi 2009",
    "et": "StemCellSourceType",
    "off": 7065,
    "sff": "cell"
  },
  {
    "docID": "N253 Salehi 2009",
    "et": "StemCellSourceType",
    "off": 20697,
    "sff": "cell"
  },
  {
    "docID": "N253 Salehi 2009",
    "et": "StemCellSourceType",
    "off": 30110,
    "sff": "cell"
  },
  {
    "docID": "N253 Salehi 2009",
    "et": "StemCellSourceType",
    "off": 16284,
    "sff": "cell"
  },
  {
    "docID": "N253 Salehi 2009",
    "et": "StemCellSourceType",
    "off": 2707,
    "sff": "cell"
  },
  {
    "docID": "N253 Salehi 2009",
    "et": "StemCellSourceType",
    "off": 460,
    "sff": "stem"
  },
  {
    "docID": "N253 Salehi 2009",
    "et": "StemCellSourceType",
    "off": 2065,
    "sff": "cell"
  },
  {
    "docID": "N253 Salehi 2009",
    "et": "StemCellSourceType",
    "off": 23895,
    "sff": "cell"
  },
  {
    "docID": "N253 Salehi 2009",
    "et": "StemCellSourceType",
    "off": 13777,
    "sff": "Cell"
  },
  {
    "docID": "N253 Salehi 2009",
    "et": "StemCellSourceType",
    "off": 26516,
    "sff": "cell"
  },
  {
    "docID": "N253 Salehi 2009",
    "et": "StemCellSourceType",
    "off": 3408,
    "sff": "stem"
  },
  {
    "docID": "N253 Salehi 2009",
    "et": "StemCellSourceType",
    "off": 12587,
    "sff": "cell"
  },
  {
    "docID": "N253 Salehi 2009",
    "et": "StemCellSourceType",
    "off": 14379,
    "sff": "cell"
  },
  {
    "docID": "N253 Salehi 2009",
    "et": "StemCellSourceType",
    "off": 4649,
    "sff": "cell"
  },
  {
    "docID": "N253 Salehi 2009",
    "et": "StemCellSourceType",
    "off": 2927,
    "sff": "cell"
  },
  {
    "docID": "N253 Salehi 2009",
    "et": "StemCellSourceType",
    "off": 26530,
    "sff": "cell"
  },
  {
    "docID": "N253 Salehi 2009",
    "et": "StemCellSourceType",
    "off": 5664,
    "sff": "cell"
  },
  {
    "docID": "N253 Salehi 2009",
    "et": "StemCellSourceType",
    "off": 6687,
    "sff": "Stem"
  },
  {
    "docID": "N253 Salehi 2009",
    "et": "StemCellSourceType",
    "off": 30625,
    "sff": "cell"
  },
  {
    "docID": "N253 Salehi 2009",
    "et": "StemCellSourceType",
    "off": 2343,
    "sff": "cell"
  },
  {
    "docID": "N253 Salehi 2009",
    "et": "StemCellSourceType",
    "off": 28837,
    "sff": "cell"
  },
  {
    "docID": "N253 Salehi 2009",
    "et": "StemCellSourceType",
    "off": 29861,
    "sff": "cell"
  },
  {
    "docID": "N253 Salehi 2009",
    "et": "StemCellSourceType",
    "off": 28665,
    "sff": "cell"
  },
  {
    "docID": "N253 Salehi 2009",
    "et": "StemCellSourceType",
    "off": 7358,
    "sff": "cell"
  },
  {
    "docID": "N253 Salehi 2009",
    "et": "StemCellSourceType",
    "off": 122,
    "sff": "Cell"
  },
  {
    "docID": "N253 Salehi 2009",
    "et": "StemCellSourceType",
    "off": 12415,
    "sff": "cell"
  },
  {
    "docID": "N253 Salehi 2009",
    "et": "StemCellSourceType",
    "off": 20031,
    "sff": "cell"
  },
  {
    "docID": "N253 Salehi 2009",
    "et": "StemCellSourceType",
    "off": 2793,
    "sff": "stem"
  },
  {
    "docID": "N253 Salehi 2009",
    "et": "StemCellSourceType",
    "off": 14898,
    "sff": "cell"
  },
  {
    "docID": "N253 Salehi 2009",
    "et": "StemCellSourceType",
    "off": 817,
    "sff": "cell"
  },
  {
    "docID": "N253 Salehi 2009",
    "et": "StemCellSourceType",
    "off": 5751,
    "sff": "cell"
  },
  {
    "docID": "N253 Salehi 2009",
    "et": "StemCellSourceType",
    "off": 16183,
    "sff": "cell"
  },
  {
    "docID": "N253 Salehi 2009",
    "et": "StemCellSourceType",
    "off": 16373,
    "sff": "cell"
  },
  {
    "docID": "N253 Salehi 2009",
    "et": "StemCellSourceType",
    "off": 6474,
    "sff": "cell"
  },
  {
    "docID": "N253 Salehi 2009",
    "et": "StemCellSourceType",
    "off": 2377,
    "sff": "cell"
  },
  {
    "docID": "N253 Salehi 2009",
    "et": "StemCellSourceType",
    "off": 30532,
    "sff": "stem"
  },
  {
    "docID": "N253 Salehi 2009",
    "et": "StemCellSourceType",
    "off": 6543,
    "sff": "cell"
  },
  {
    "docID": "N253 Salehi 2009",
    "et": "StemCellSourceType",
    "off": 27878,
    "sff": "stem cell"
  },
  {
    "docID": "N253 Salehi 2009",
    "et": "StemCellSourceType",
    "off": 23942,
    "sff": "Cell"
  },
  {
    "docID": "N253 Salehi 2009",
    "et": "StemCellSourceType",
    "off": 21120,
    "sff": "cell"
  },
  {
    "docID": "N253 Salehi 2009",
    "et": "StemCellSourceType",
    "off": 16068,
    "sff": "cell"
  },
  {
    "docID": "N253 Salehi 2009",
    "et": "InVitroExperimentalProcedure",
    "off": 2974,
    "sff": "vitro"
  },
  {
    "docID": "N253 Salehi 2009",
    "et": "InVitroExperimentalProcedure",
    "off": 4067,
    "sff": "experimental"
  },
  {
    "docID": "N253 Salehi 2009",
    "et": "IntraperitonealLocation",
    "off": 9757,
    "sff": "intraperitoneal"
  },
  {
    "docID": "N253 Salehi 2009",
    "et": "VentralInjuryArea",
    "off": 24427,
    "sff": "ventral"
  },
  {
    "docID": "N253 Salehi 2009",
    "et": "Magnesium",
    "off": 5096,
    "sff": "magnesium"
  },
  {
    "docID": "N253 Salehi 2009",
    "et": "LongEvansRat",
    "off": 22271,
    "sff": "long"
  },
  {
    "docID": "N253 Salehi 2009",
    "et": "LongEvansRat",
    "off": 21012,
    "sff": "long"
  },
  {
    "docID": "N253 Salehi 2009",
    "et": "Cell",
    "off": 13777,
    "sff": "Cell"
  },
  {
    "docID": "N253 Salehi 2009",
    "et": "Cell",
    "off": 6474,
    "sff": "cell"
  },
  {
    "docID": "N253 Salehi 2009",
    "et": "Cell",
    "off": 2065,
    "sff": "cell"
  },
  {
    "docID": "N253 Salehi 2009",
    "et": "Cell",
    "off": 6543,
    "sff": "cell"
  },
  {
    "docID": "N253 Salehi 2009",
    "et": "Cell",
    "off": 16068,
    "sff": "cell"
  },
  {
    "docID": "N253 Salehi 2009",
    "et": "Cell",
    "off": 2377,
    "sff": "cell"
  },
  {
    "docID": "N253 Salehi 2009",
    "et": "Cell",
    "off": 21120,
    "sff": "cell"
  },
  {
    "docID": "N253 Salehi 2009",
    "et": "Cell",
    "off": 7358,
    "sff": "cell"
  },
  {
    "docID": "N253 Salehi 2009",
    "et": "Cell",
    "off": 12415,
    "sff": "cell"
  },
  {
    "docID": "N253 Salehi 2009",
    "et": "Cell",
    "off": 20031,
    "sff": "cell"
  },
  {
    "docID": "N253 Salehi 2009",
    "et": "Cell",
    "off": 122,
    "sff": "Cell"
  },
  {
    "docID": "N253 Salehi 2009",
    "et": "Cell",
    "off": 16373,
    "sff": "cell"
  },
  {
    "docID": "N253 Salehi 2009",
    "et": "Cell",
    "off": 14898,
    "sff": "cell"
  },
  {
    "docID": "N253 Salehi 2009",
    "et": "Cell",
    "off": 28665,
    "sff": "cell"
  },
  {
    "docID": "N253 Salehi 2009",
    "et": "Cell",
    "off": 16183,
    "sff": "cell"
  },
  {
    "docID": "N253 Salehi 2009",
    "et": "Cell",
    "off": 5751,
    "sff": "cell"
  },
  {
    "docID": "N253 Salehi 2009",
    "et": "Cell",
    "off": 12587,
    "sff": "cell"
  },
  {
    "docID": "N253 Salehi 2009",
    "et": "Cell",
    "off": 14379,
    "sff": "cell"
  },
  {
    "docID": "N253 Salehi 2009",
    "et": "Cell",
    "off": 27883,
    "sff": "cell"
  },
  {
    "docID": "N253 Salehi 2009",
    "et": "Cell",
    "off": 817,
    "sff": "cell"
  },
  {
    "docID": "N253 Salehi 2009",
    "et": "Cell",
    "off": 2927,
    "sff": "cell"
  },
  {
    "docID": "N253 Salehi 2009",
    "et": "Cell",
    "off": 28837,
    "sff": "cell"
  },
  {
    "docID": "N253 Salehi 2009",
    "et": "Cell",
    "off": 29861,
    "sff": "cell"
  },
  {
    "docID": "N253 Salehi 2009",
    "et": "Cell",
    "off": 26530,
    "sff": "cell"
  },
  {
    "docID": "N253 Salehi 2009",
    "et": "Cell",
    "off": 4649,
    "sff": "cell"
  },
  {
    "docID": "N253 Salehi 2009",
    "et": "Cell",
    "off": 2343,
    "sff": "cell"
  },
  {
    "docID": "N253 Salehi 2009",
    "et": "Cell",
    "off": 16284,
    "sff": "cell"
  },
  {
    "docID": "N253 Salehi 2009",
    "et": "Cell",
    "off": 12827,
    "sff": "cell"
  },
  {
    "docID": "N253 Salehi 2009",
    "et": "Cell",
    "off": 22555,
    "sff": "cell"
  },
  {
    "docID": "N253 Salehi 2009",
    "et": "Cell",
    "off": 5664,
    "sff": "cell"
  },
  {
    "docID": "N253 Salehi 2009",
    "et": "Cell",
    "off": 23942,
    "sff": "Cell"
  },
  {
    "docID": "N253 Salehi 2009",
    "et": "Cell",
    "off": 30625,
    "sff": "cell"
  },
  {
    "docID": "N253 Salehi 2009",
    "et": "Cell",
    "off": 30110,
    "sff": "cell"
  },
  {
    "docID": "N253 Salehi 2009",
    "et": "Cell",
    "off": 26516,
    "sff": "cell"
  },
  {
    "docID": "N253 Salehi 2009",
    "et": "Cell",
    "off": 28115,
    "sff": "cell"
  },
  {
    "docID": "N253 Salehi 2009",
    "et": "Cell",
    "off": 2707,
    "sff": "cell"
  },
  {
    "docID": "N253 Salehi 2009",
    "et": "Cell",
    "off": 20697,
    "sff": "cell"
  },
  {
    "docID": "N253 Salehi 2009",
    "et": "Cell",
    "off": 7065,
    "sff": "cell"
  },
  {
    "docID": "N253 Salehi 2009",
    "et": "Cell",
    "off": 23895,
    "sff": "cell"
  },
  {
    "docID": "N253 Salehi 2009",
    "et": "SpinalDorsalHalf",
    "off": 22116,
    "sff": "dorsal"
  },
  {
    "docID": "N253 Salehi 2009",
    "et": "SpinalDorsalHalf",
    "off": 22947,
    "sff": "dorsal"
  },
  {
    "docID": "N253 Salehi 2009",
    "et": "Compound",
    "off": 12174,
    "sff": "compound"
  },
  {
    "docID": "N253 Salehi 2009",
    "et": "17BetaEstradiolE2",
    "off": 10967,
    "sff": "17"
  },
  {
    "docID": "N253 Salehi 2009",
    "et": "Cervical",
    "off": 22052,
    "sff": "cervical"
  },
  {
    "docID": "N253 Salehi 2009",
    "et": "CompleteTransectionType",
    "off": 21976,
    "sff": "complete"
  },
  {
    "docID": "N253 Salehi 2009",
    "et": "Water",
    "off": 10339,
    "sff": "water"
  },
  {
    "docID": "N253 Salehi 2009",
    "et": "Water",
    "off": 4028,
    "sff": "water"
  },
  {
    "docID": "N253 Salehi 2009",
    "et": "Water",
    "off": 10560,
    "sff": "water"
  },
  {
    "docID": "N253 Salehi 2009",
    "et": "Embryonic",
    "off": 2783,
    "sff": "Embryonic"
  },
  {
    "docID": "N253 Salehi 2009",
    "et": "Embryonic",
    "off": 450,
    "sff": "embryonic"
  },
  {
    "docID": "N253 Salehi 2009",
    "et": "Embryonic",
    "off": 3398,
    "sff": "embryonic"
  },
  {
    "docID": "N253 Salehi 2009",
    "et": "Embryonic",
    "off": 55,
    "sff": "embryonic"
  },
  {
    "docID": "N253 Salehi 2009",
    "et": "ExperimentalProcedure",
    "off": 4067,
    "sff": "experimental"
  },
  {
    "docID": "N253 Salehi 2009",
    "et": "BodyTemperatureMeasurement",
    "off": 7474,
    "sff": "Body"
  },
  {
    "docID": "N253 Salehi 2009",
    "et": "BodyTemperatureMeasurement",
    "off": 2945,
    "sff": "body"
  },
  {
    "docID": "N253 Salehi 2009",
    "et": "AirGunImpactor",
    "off": 6004,
    "sff": "air"
  },
  {
    "docID": "N253 Salehi 2009",
    "et": "EpiduralClip",
    "off": 10026,
    "sff": "epidural"
  },
  {
    "docID": "N253 Salehi 2009",
    "et": "PartialTransectionType",
    "off": 1699,
    "sff": "partial"
  },
  {
    "docID": "N253 Salehi 2009",
    "et": "PartialTransectionType",
    "off": 26010,
    "sff": "Partial"
  },
  {
    "docID": "N253 Salehi 2009",
    "et": "PartialTransectionType",
    "off": 16410,
    "sff": "partial"
  },
  {
    "docID": "N253 Salehi 2009",
    "et": "CorticospinalTract",
    "off": 22437,
    "sff": "corticospinal"
  },
  {
    "docID": "N253 Salehi 2009",
    "et": "CorticospinalTract",
    "off": 22932,
    "sff": "corticospinal"
  },
  {
    "docID": "N253 Salehi 2009",
    "et": "BrainDerivedNeurotrophicFactor",
    "off": 29572,
    "sff": "derived"
  },
  {
    "docID": "N253 Salehi 2009",
    "et": "BrainDerivedNeurotrophicFactor",
    "off": 25674,
    "sff": "brain"
  },
  {
    "docID": "N253 Salehi 2009",
    "et": "BrainDerivedNeurotrophicFactor",
    "off": 28154,
    "sff": "brain"
  },
  {
    "docID": "N253 Salehi 2009",
    "et": "BrainDerivedNeurotrophicFactor",
    "off": 26808,
    "sff": "derived"
  },
  {
    "docID": "N253 Salehi 2009",
    "et": "BrainDerivedNeurotrophicFactor",
    "off": 26217,
    "sff": "derived"
  },
  {
    "docID": "N253 Salehi 2009",
    "et": "BrainDerivedNeurotrophicFactor",
    "off": 27929,
    "sff": "derived"
  },
  {
    "docID": "N253 Salehi 2009",
    "et": "BrainDerivedNeurotrophicFactor",
    "off": 27922,
    "sff": "brain"
  },
  {
    "docID": "N253 Salehi 2009",
    "et": "BrainDerivedNeurotrophicFactor",
    "off": 25618,
    "sff": "derived"
  },
  {
    "docID": "N253 Salehi 2009",
    "et": "BrainDerivedNeurotrophicFactor",
    "off": 26658,
    "sff": "derived"
  },
  {
    "docID": "N253 Salehi 2009",
    "et": "BrainDerivedNeurotrophicFactor",
    "off": 28161,
    "sff": "derived"
  },
  {
    "docID": "N253 Salehi 2009",
    "et": "VentralHemisection",
    "off": 24427,
    "sff": "ventral"
  },
  {
    "docID": "N253 Salehi 2009",
    "et": "CompleteInjuryArea",
    "off": 21976,
    "sff": "complete"
  }
]
